tree
version=v4
num_class=1
num_tree_per_iteration=1
label_index=0
max_feature_idx=70
objective=quantile
feature_names=Column_0 Column_1 Column_2 Column_3 Column_4 Column_5 Column_6 Column_7 Column_8 Column_9 Column_10 Column_11 Column_12 Column_13 Column_14 Column_15 Column_16 Column_17 Column_18 Column_19 Column_20 Column_21 Column_22 Column_23 Column_24 Column_25 Column_26 Column_27 Column_28 Column_29 Column_30 Column_31 Column_32 Column_33 Column_34 Column_35 Column_36 Column_37 Column_38 Column_39 Column_40 Column_41 Column_42 Column_43 Column_44 Column_45 Column_46 Column_47 Column_48 Column_49 Column_50 Column_51 Column_52 Column_53 Column_54 Column_55 Column_56 Column_57 Column_58 Column_59 Column_60 Column_61 Column_62 Column_63 Column_64 Column_65 Column_66 Column_67 Column_68 Column_69 Column_70
feature_infos=[0:2854.583251953125] [0:5596.541015625] [0:20080] [0:47.700740814208984] [0:157.30976867675781] [0:569.43109130859375] [0:1] [0:0.5] [0:1] [0:2.75] [0:1.9130169153213501] [0:5.5] [0:1514.5833740234375] [0:3629.374267578125] [0:20080] [0:64.094169616699219] [0:213.12803649902344] [0:1424.933349609375] [0:1] [0:0.5] [0:1] [0:11.75] [0:8.999852180480957] [0:23.5] [86.913688659667969:746.5] [121.80548858642578:1966.15673828125] [770:20399] [0.24229581654071808:112.81253814697266] [1.5443668365478516:648.992919921875] [16.177778244018555:7651.12548828125] [0.4136904776096344:0.93154764175415039] [0.25252059102058411:0.4996810257434845] none [29.682167053222656:77.620216369628906] [37.65380859375:60.631172180175781] [124.17028045654297:167.5] [0:4046] [0:0.15000000596046448] [0:1] none [0:0.67368423938751221] [0:960] [-0.86602538824081421:1] [-1:1] [-0.97492790222167969:0.97492790222167969] [-0.90096884965896606:1] [0:1] [0:1] [6:22] [0:7641.4033203125] [0:1518] [0:1] [0:7641.4033203125] [0:1518] [0:1] [0:6145.65966796875] [0:1518] [0:1] [0:6090.8935546875] [0:1518] [0:1] [0:64] none [0:14870.9501953125] [0:1] [0:22894.8984375] [0:1] [0:14870.9501953125] [0:1] [0:14870.9501953125] [0:1]
tree_sizes=1376 1468 1476 1472 1458 1459 1462 1471 1459 1456 1476 1464 1472 1474 1468 1464 1464 1472 1468 1478 1474 1481 1473 1477 1472 1474 1473 1479 1478 1486 1480 1479 1481 1484 1468 1462 1484 1465 1470 1486 1471 1475 1459 1484 1470 1488 1469 1473 1477 1488 1481 1479 1485 1474 1473 1486 1476 1481 1484 1485 1492 1492 1486 1483 1498 1479 1497 1478 1473 1491 1493 1485 1482 1492 1490 1478 1491 1487 1496 1487 1478 1493 1493 1475 1479 1479 1485 1493 1491 1485 1498 1482 1496 1488 1489 1499 1494 1496 1507 1507 1517 1498 1500 1496 1499 1493 1505 1493 1493 1485 1491 1493 1510 1498 1486 1494 1502 1504 1511 1501 1501 1499 1493 1494 1511 1507 1500 1498 1502 1497 1501 1506 1494 1492 1515 1485 1484 1491 1495 1484 1506 1495 1496 1484 1498 1511 1505 1498 1491 1498 1500 1499 1515 1502 1509 1510 1495 1506 1496 1496 1493 1499 1491 1483 1506 1479 1498 1496 1499 1506 1486 1508 1500 1500 1501 1501 1490 1503 1508 1510 1502 1506 1503 1490 1490 1495 1515 1501 1505 1510 1506 1504 1506 1508 1512 1493 1504 1490 1488 1492 1491 1496 1509 1488 1494 1482 1490 1512 1505 1512 1510 1503 1504 1482 1494 1512 1506 1515 1511 1497 1498 1497 1506 1507 1513 1515 1526 1517 1514 1501 1508 1504 1505 1507 1499 1504 1499 1518 1509 1501 1503 1509 1503 1498 1511 1512 1509 1499 1495 1473 1490 1507 1495 1509 1512 1516 1500 1494 1488 1500 1494 1497 1496 1502 1492 1496 1506 1509 1498 1504 1492 1499 1510 1505 1505 1521 1487 1496 1503 1506 1512 1492 1496 1493 1501 1504 1519 1495 1509 1494 1474 1514 1500 1500 1504 1502 1490 1505 1486 1503 1491 1488 1502 1511 1496 1515 1492 1495 1510 1510 1501 1480 1511 1498 1504 1504 1511 1516 1501 1491 1484 1493 1487 1504 1506 1509 1508 1522 1513 1494 1507 1517 1510 1499 1501 1502 1497 1496 1495 1502 1508 1510 1499 1520 1489 1478 1527 1507 1496 1484 1518 1500 1506 1499 1515 1506 1502 1506 1501 1494 1495 1495 1506 1509 1524 1495 1497 1488 1479 1511 1492 1506 1496 1506 1496 1503 1486 1512 1503 1493 1500 1496 1497 1502 1494 1493 1502 1503 1509 1508 1503 1511 1512 1515 1501 1491 1497 1524 1501 1497

Tree=0
num_leaves=15
num_cat=0
split_feature=29 10 3 24 30 65 22 34 40 23 17 12 64 63
split_gain=53.142 56.2051 56.0373 30.0309 31.4934 21.051 29.7029 17.2543 15.0587 23.3576 26.3581 20.8962 13.4758 9.97621
threshold=1818.159851074219 0.43503828346729284 0.61106482148170482 165.62500000000003 0.48065476119518286 1173.3612060546877 6.999514341354371 46.068027496337898 0.3315789550542832 22.999860763549808 8.3001389503479022 229.91666412353518 1.0000000180025095e-35 4691.2451171875009
decision_type=2 2 2 2 2 2 2 2 2 2 2 2 2 2
left_child=5 2 3 -2 -5 -1 12 -8 9 -6 -11 -12 -7 -3
right_child=1 13 -4 4 8 6 7 -9 -10 10 11 -13 -14 -15
leaf_value=8.050163824520574 8.0884766061005227 8.0716695776604599 8.098427329820975 8.1153946282615976 8.0656003886488428 8.1207820071973451 8.0949229145050055 8.0540376024854865 8.0629336668227083 8.1054305419841945 8.1113124417983258 8.0694052189015135 8.1049464278959071 8.0820689821158123
leaf_weight=4735 455 3064 195 325 384 58 110 437 693 64 96 128 55 56
leaf_count=4735 455 3064 195 325 384 58 110 437 693 64 96 128 55 56
internal_value=8.0757 8.07779 8.0813 8.0799 8.07806 8.07359 8.07861 8.07571 8.07606 8.07926 8.08572 8.08087 8.09261 8.07515
internal_weight=10855 5460 2340 2145 1690 5395 660 547 1365 672 288 224 113 3120
internal_count=10855 5460 2340 2145 1690 5395 660 547 1365 672 288 224 113 3120
is_linear=0
shrinkage=1


Tree=1
num_leaves=15
num_cat=0
split_feature=29 10 3 24 10 65 22 69 40 34 15 23 64 63
split_gain=49.43 50.0568 48.2127 31.5225 30.6963 23.1151 28.3683 22.7642 17.4368 16.0294 15.9602 15.412 13.4758 9.85427
threshold=1818.159851074219 0.43503828346729284 0.61106482148170482 165.62500000000003 0.42468923330307012 1173.3612060546877 6.999514341354371 632.85363769531261 0.16315789520740512 46.068027496337898 3.0439872741699223 22.999860763549808 1.0000000180025095e-35 4691.2451171875009
decision_type=2 2 2 2 2 2 2 2 2 2 2 2 2 2
left_child=5 2 3 -2 8 -1 12 -6 10 -8 11 -5 -7 -3
right_child=1 13 -4 4 7 6 9 -9 -10 -11 -12 -13 -14 -15
leaf_value=-0.024768052113847788 0.012395346018704049 -0.003907471568157685 0.022047548027541629 0.028884678603430556 0.057621218555556908 0.043731585082620615 0.018648265171051007 0.00060741052386973141 -0.0047255297207651793 -0.021010487487881518 -0.015685934864752955 0.035003898834492515 0.028371073160225784 0.0061799507535342533
leaf_weight=4735 455 3064 195 176 79 58 110 51 1176 437 112 96 55 56
leaf_count=4735 455 3064 195 176 79 58 110 51 1176 437 112 96 55 56
internal_value=4.14484e-06 0.00201648 0.00533333 0.00403496 0.00214793 -0.00203244 0.00322727 0.0161538 0.000980769 0.000400365 0.00653125 0.0104559 0.0169115 -0.000471155
internal_weight=10855 5460 2340 2145 1690 5395 660 130 1560 547 384 272 113 3120
internal_count=10855 5460 2340 2145 1690 5395 660 130 1560 547 384 272 113 3120
is_linear=0
shrinkage=0.03


Tree=2
num_leaves=15
num_cat=0
split_feature=25 30 25 69 28 33 25 30 30 63 65 33 27 69
split_gain=49.9628 36.5541 38.4062 32.6564 23.6483 21.7967 51.5722 16.1089 15.1579 13.7093 13.0011 10.6622 13.6068 15.2743
threshold=224.98780059814456 0.52529761195182811 1054.3172607421877 687.72473144531261 471.63014221191412 54.239265441894538 677.84841918945324 0.8080357313156129 0.81994047760963451 918.71124267578136 12.943333625793459 56.442417144775398 28.870074272155765 108.19833374023439
decision_type=2 2 2 2 2 2 2 2 2 2 2 2 2 2
left_child=10 2 -2 11 5 -5 7 -7 9 -9 -1 12 13 -3
right_child=1 3 -4 4 -6 6 -8 8 -10 -11 -12 -13 -14 -15
leaf_value=0.014701207954161015 0.010066222208348704 -0.015921689900817312 0.055614132937789301 -0.0095693084890191744 0.023322560982853398 -0.011812025062789396 0.020227197516671236 0.016290902006115271 0.0034470531509988686 0.0091576818599232012 0.0046747137528663349 -0.02609495131215496 -0.0039153877263582611 0.021800415252820178
leaf_weight=262 520 55 130 1265 94 836 422 72 286 60 128 4704 1952 69
leaf_count=262 520 55 130 1265 94 836 422 72 286 60 128 4704 1952 69
internal_value=-8.153e-05 -0.000474439 0.00641538 -0.000930719 0.00165568 0.00118225 0.00342601 0.000373205 0.00518182 0.0135909 0.0104615 -0.0020885 -0.000297689 0.00933871
internal_weight=10855 10465 650 9815 3035 2941 1676 1254 418 132 390 6780 2076 124
internal_count=10855 10465 650 9815 3035 2941 1676 1254 418 132 390 6780 2076 124
is_linear=0
shrinkage=0.03


Tree=3
num_leaves=15
num_cat=0
split_feature=25 30 25 69 28 33 25 30 30 63 65 33 27 69
split_gain=45.4132 32.5658 40.625 32.2358 23.7115 20.1392 48.7904 15.7899 14.6025 13.1273 11.2758 10.7819 13.566 15.2743
threshold=224.98780059814456 0.52529761195182811 1054.3172607421877 687.72473144531261 471.63014221191412 54.239265441894538 677.84841918945324 0.8080357313156129 0.81994047760963451 918.71124267578136 12.943333625793459 56.442417144775398 28.870074272155765 108.19833374023439
decision_type=2 2 2 2 2 2 2 2 2 2 2 2 2 2
left_child=10 2 -2 11 5 -5 7 -7 9 -9 -1 12 13 -3
right_child=1 3 -4 4 -6 6 -8 8 -10 -11 -12 -13 -14 -15
leaf_value=0.014260171715536183 0.0097642355420982686 -0.015444039203792776 0.053945708949655627 -0.009282229234348573 0.022622884153367797 -0.011457664310905695 0.019620381591171084 0.0158021749459318 0.0033436415564688815 0.0088829514041255022 0.0045344723402803485 -0.025312102772790314 -0.0037979260945675006 0.021146402795235594
leaf_weight=262 520 55 130 1265 94 836 422 72 286 60 128 4704 1952 69
leaf_count=262 520 55 130 1265 94 836 422 72 286 60 128 4704 1952 69
internal_value=-0.000128513 -0.000503106 0.006 -0.000933776 0.00163591 0.00116185 0.00331862 0.000349282 0.00511005 0.0133636 0.00992308 -0.00208407 -0.000283238 0.00933871
internal_weight=10855 10465 650 9815 3035 2941 1676 1254 418 132 390 6780 2076 124
internal_count=10855 10465 650 9815 3035 2941 1676 1254 418 132 390 6780 2076 124
is_linear=0
shrinkage=0.03


Tree=4
num_leaves=15
num_cat=0
split_feature=29 11 3 16 65 65 22 40 35 0 23 42 34 64
split_gain=41.7217 39.7166 31.0422 33.9212 20.6906 20.441 28.7767 17.9832 32.0676 26.249 20.0147 17.4024 17.2543 12.8116
threshold=1818.159851074219 1.4172222614288332 0.61106482148170482 15.768319606781008 902.29611206054699 1173.3612060546877 6.999514341354371 0.37368421256542211 167.30027770996097 100.41666412353517 21.130556106567386 0.35206145048141485 46.068027496337898 1.0000000180025095e-35
decision_type=2 2 2 2 2 2 2 2 2 2 2 2 2 2
left_child=5 2 3 4 7 -1 13 10 -9 -10 -2 -4 -8 -7
right_child=1 -3 11 -5 -6 6 12 8 9 -11 -12 -13 -14 -15
leaf_value=-0.022787176409830235 0.013704421918647522 -0.0016239617905150928 0.0074619802585070968 -0.0099514731112308741 0.0018056089812055894 0.041224210156906742 0.017981319661622926 -0.017412120037346702 0.03896002220187663 -0.0003500090428643254 0.033661793803491338 0.019510975461397278 -0.018837961240696702 0.029062152587967363
leaf_weight=4735 120 3315 84 520 477 58 110 246 116 59 412 111 437 55
leaf_count=4735 120 3315 84 520 477 58 110 246 116 59 412 111 437 55
internal_value=-0.000211424 0.00163736 0.00481818 0.00367692 0.00606294 -0.00208248 0.00286364 0.00861595 0.00398337 0.0138 0.012282 0.0162308 1.64527e-05 0.016646
internal_weight=10855 5460 2145 1950 1430 5395 660 953 421 175 532 195 547 113
internal_count=10855 5460 2145 1950 1430 5395 660 953 421 175 532 195 547 113
is_linear=0
shrinkage=0.03


Tree=5
num_leaves=15
num_cat=0
split_feature=29 11 3 16 65 65 27 42 40 35 0 23 34 63
split_gain=41.97 39.5795 29.391 34.24 21.0324 20.0789 25.3994 18.8031 17.8102 29.4716 26.0457 19.4203 17.0291 12.4386
threshold=1818.159851074219 1.4172222614288332 0.61106482148170482 15.768319606781008 902.29611206054699 1192.1677856445315 8.844882011413576 0.35206145048141485 0.38421052694320684 167.30027770996097 100.41666412353517 21.130556106567386 47.017225265502937 4550.6855468750009
decision_type=2 2 2 2 2 2 2 2 2 2 2 2 2 2
left_child=5 2 3 4 8 -1 -7 -4 11 -10 -11 -2 -8 -3
right_child=1 13 7 -5 -6 6 12 -9 9 10 -12 -13 -14 -15
leaf_value=-0.02202028796740145 0.012932923355638545 -0.0022071130257752315 0.007238120850751901 -0.0096529289178939413 0.0017514407117694105 0.039993389004974629 0.016479737775603798 0.018925646197555358 -0.017958370796752963 0.034630640065555766 -0.0089460442210291397 0.032620382821800617 -0.01846523719104648 0.0062043608541041267
leaf_weight=4744 122 3259 84 520 477 54 172 111 238 112 57 424 425 56
leaf_count=4744 122 3259 84 520 477 54 172 111 238 112 57 424 425 56
internal_value=-0.000211424 0.00164286 0.00481818 0.00370769 0.00610489 -0.00208805 0.00285253 0.0159231 0.00867891 0.00392875 0.0135089 0.0122198 0.00107035 -0.000411765
internal_weight=10855 5460 2145 1950 1430 5395 651 195 953 407 169 546 597 3315
internal_count=10855 5460 2145 1950 1430 5395 651 195 953 407 169 546 597 3315
is_linear=0
shrinkage=0.03


Tree=6
num_leaves=15
num_cat=0
split_feature=29 11 14 11 65 27 3 42 34 65 63 15 0 69
split_gain=40.8707 36.2054 26.2285 24.3132 18.4667 26.0463 18.2031 16.8231 14.9707 13.0661 12.4065 12.3205 11.0769 11.879
threshold=1818.159851074219 1.4172222614288332 1036.0000000000002 1.3980555534362795 1173.3612060546877 8.844882011413576 1.0000000180025095e-35 0.29012925922870642 47.017225265502937 1519.3194580078127 4550.6855468750009 0.92942994832992565 29.000000000000004 625.75320434570324
decision_type=2 2 2 2 2 2 2 2 2 2 2 2 2 2
left_child=4 2 7 6 -1 -6 -4 -2 9 -7 -3 -9 -8 -14
right_child=1 10 3 -5 5 8 12 11 -10 -11 -12 -13 13 -15
leaf_value=-0.021442952478513293 0.0075504381322117446 -0.0021408996350019607 0.0012486494156872217 0.050405059214491385 0.038793587334825387 0.016999545294593302 -0.02785042026546284 0.010835742183898578 -0.017650720971948537 0.0012486058880950804 0.006018230028481 0.031523057351526176 -0.00071491936633696798 0.024200620681084192
leaf_weight=4735 234 3259 1170 65 54 64 65 117 433 109 56 234 56 204
leaf_count=4735 234 3259 1170 65 54 64 65 117 433 109 56 234 56 204
internal_value=-0.000258407 0.00157143 0.00460839 0.00257692 -0.00211029 0.00259091 0.00179599 0.0100256 0.00081188 0.00827168 -0.000393666 0.0141795 0.00807692 0.0108462
internal_weight=10855 5460 2145 1560 5395 660 1495 585 606 173 3315 351 325 260
internal_count=10855 5460 2145 1560 5395 660 1495 585 606 173 3315 351 325 260
is_linear=0
shrinkage=0.03


Tree=7
num_leaves=15
num_cat=0
split_feature=29 11 14 7 65 27 65 42 34 15 63 65 24 18
split_gain=40.3842 34.7436 25.5557 23.7728 18.0655 26.1173 16.0854 16.0026 13.9923 13.1282 12.3745 12.0398 10.5059 23.6308
threshold=1818.159851074219 1.4172222614288332 1036.0000000000002 0.37267799675464636 1192.1677856445315 8.844882011413576 122.8572235107422 0.29012925922870642 47.017225265502937 0.92942994832992565 4550.6855468750009 1519.3194580078127 243.51785278320315 0.19791666418313983
decision_type=2 2 2 2 2 2 2 2 2 2 2 2 2 2
left_child=4 2 7 12 -1 -6 -5 -2 11 -9 -3 -7 -4 -14
right_child=1 10 3 6 5 8 -8 9 -10 -11 -12 -13 13 -15
leaf_value=-0.020716390754024008 0.0073239249882453977 -0.0020766726459519047 -0.0091766954039604314 0.048549893631660762 0.037629779714780598 0.016498235147979556 -0.026163824855680123 0.010510669918381623 -0.017381758446156637 0.030577365630980395 0.0058376831276265757 0.0012111477114522121 -0.0055911023048100007 0.01891093459057851
leaf_weight=4744 234 3259 845 255 54 63 70 117 425 234 56 109 195 195
leaf_count=4744 234 3259 845 255 54 63 70 117 425 234 56 109 195 195
internal_value=-0.000269462 0.00154945 0.00452447 0.00251923 -0.00211029 0.00257604 0.00973846 0.00987179 0.000768844 0.0139231 -0.000375566 0.00798837 0.000619432 0.00469231
internal_weight=10855 5460 2145 1560 5395 651 325 585 597 351 3315 172 1235 390
internal_count=10855 5460 2145 1560 5395 651 325 585 597 351 3315 172 1235 390
is_linear=0
shrinkage=0.03


Tree=8
num_leaves=15
num_cat=0
split_feature=29 11 3 16 65 40 34 0 23 65 27 42 34 65
split_gain=38.5801 32.2805 23.9669 30.663 17.2708 20.691 26.8252 24.7112 18.576 17.2417 26.4033 17.1988 13.5159 13.0452
threshold=1818.159851074219 1.4172222614288332 0.61106482148170482 15.768319606781008 902.29611206054699 0.37368421256542211 49.494798660278327 100.41666412353517 21.130556106567386 1173.3612060546877 8.844882011413576 0.35206145048141485 47.017225265502937 1508.5555419921877
decision_type=2 2 2 2 2 2 2 2 2 2 2 2 2 2
left_child=9 2 3 4 5 8 -7 -8 -2 -1 -11 -4 13 -12
right_child=1 -3 11 -5 -6 6 7 -9 -10 10 12 -13 -14 -15
leaf_value=-0.020178172181537172 0.013143142940067101 -0.0013825023775977776 0.0065593138720318753 -0.0091631838190910642 0.0017049585077377393 -0.0028428388073454157 0.047091977783748025 -0.018773351163484081 0.030498429941883867 0.03650088632333718 0.016011964305764233 0.016494864122153494 -0.016519716444386195 0.00063648462906163773
leaf_weight=4735 120 3315 84 520 477 281 87 53 412 54 62 111 433 111
leaf_count=4735 120 3315 84 520 477 281 87 53 412 54 62 111 433 111
internal_value=-0.000288808 0.00148901 0.00435664 0.00335385 0.00562238 0.00795488 0.00298575 0.0137143 0.0118872 -0.00208805 0.00245454 0.0143846 0.000663366 0.00775144
internal_weight=10855 5460 2145 1950 1430 953 421 140 532 5395 660 195 606 173
internal_count=10855 5460 2145 1950 1430 953 421 140 532 5395 660 195 606 173
is_linear=0
shrinkage=0.03


Tree=9
num_leaves=15
num_cat=0
split_feature=29 11 3 2 69 65 27 34 65 69 29 25 63 27
split_gain=35.4436 27.6781 20.9959 25.4307 17.3394 17.1574 26.4033 13.5159 13.0452 12.8941 24.3356 13.0894 12.3585 12.2145
threshold=1818.159851074219 1.4172222614288332 0.9459606707096101 129.00000000000003 425.45429992675787 1173.3612060546877 8.844882011413576 47.017225265502937 1508.5555419921877 568.59970092773449 4023.507934570313 729.32153320312511 4550.6855468750009 23.947263717651371
decision_type=2 2 2 2 2 2 2 2 2 2 2 2 2 2
left_child=5 2 3 4 -2 -1 -7 8 -8 13 -11 -12 -3 -5
right_child=1 12 -4 9 -6 6 7 -9 -10 10 11 -13 -14 -15
leaf_value=-0.01957282701609106 0.046456069125839501 -0.0019728973952453858 0.015046155851693634 0.017720506903659946 0.020273351898510615 0.03540585973363708 0.01553160537659129 -0.016024124951054611 0.00061739009018976884 -0.0078469436476498525 0.0053801399449728568 0.022269679441059367 0.0057040277051257247 -0.0046587522480429815
leaf_weight=4735 51 3259 130 65 274 54 62 433 111 393 359 60 56 813
leaf_count=4735 51 3259 130 65 274 54 62 433 111 393 359 60 56 813
internal_value=-0.000352373 0.00135165 0.00400699 0.0032531 0.0109385 -0.00207692 0.00245454 0.000663366 0.00775144 0.00177515 0.0045 0.00952983 -0.000366517 -0.000744875
internal_weight=10855 5460 2145 2015 325 5395 660 606 173 1690 812 419 3315 878
internal_count=10855 5460 2145 2015 325 5395 660 606 173 1690 812 419 3315 878
is_linear=0
shrinkage=0.03


Tree=10
num_leaves=15
num_cat=0
split_feature=29 11 1 25 40 1 35 2 65 29 63 44 0 30
split_gain=35.4491 26.6874 21.3308 34.9317 24.6825 24.9327 25.2495 17.676 16.2513 27.0361 12.3425 12.2549 17.2857 9.98289
threshold=1818.159851074219 1.4172222614288332 372.62428283691412 1054.3172607421877 0.38421052694320684 259.59484863281256 165.94013977050784 129.00000000000003 1192.1677856445315 513.55970764160168 4550.6855468750009 -0.87837970256805409 181.41666412353518 0.76339286565780651
decision_type=2 2 2 2 2 2 2 2 2 2 2 2 2 2
left_child=8 2 3 4 5 6 -2 -8 -1 -10 13 12 -6 -3
right_child=1 10 -4 -5 11 -7 7 -9 9 -11 -12 -13 -14 -15
leaf_value=-0.018902369055474436 0.029826454202028233 -0.0057484587013011887 -0.00079994252788442432 0.044949081760022283 0.0060697022779325318 0.022021970369985624 0.020724538423484339 0.00013368560799035457 0.030776303184550172 -0.00477429370598049 0.0055329068739719744 -0.0029143505873651773 -0.049560786872787546 0.0079905952528261381
leaf_weight=4744 148 2300 650 130 56 74 148 407 175 476 56 476 56 959
leaf_count=4744 148 2300 650 130 56 74 148 407 175 476 56 476 56 959
internal_value=-0.000374483 0.00132967 0.00393706 0.0059097 0.0044945 0.00800386 0.00626031 0.00332432 -0.00209917 0.00234562 -0.000357467 -0.000142858 0.00878571 -0.000597423
internal_weight=10855 5460 2145 1495 1365 777 703 555 5395 651 3315 588 112 3259
internal_count=10855 5460 2145 1495 1365 777 703 555 5395 651 3315 588 112 3259
is_linear=0
shrinkage=0.03


Tree=11
num_leaves=15
num_cat=0
split_feature=29 11 3 2 69 65 27 34 63 65 26 42 27 67
split_gain=33.0915 25.4745 21.7054 26.205 17.5393 16.6071 26.5229 13.0475 12.3905 12.0443 11.9693 10.8513 10.2433 9.24898
threshold=1818.159851074219 1.4172222614288332 0.9459606707096101 129.00000000000003 425.45429992675787 1173.3612060546877 8.844882011413576 47.017225265502937 4550.6855468750009 1490.5090332031252 3739.5000000000005 0.29012925922870642 23.947263717651371 470.36555480957037
decision_type=2 2 2 2 2 2 2 2 2 2 2 2 2 2
left_child=5 2 3 4 -2 -1 -7 9 -3 -8 -5 -4 -12 -6
right_child=1 8 11 10 13 6 7 -9 -10 -11 12 -13 -14 -15
leaf_value=-0.018418571133944076 0.043713914599263645 -0.0019245484650323519 0.0045781097871031842 0.0069246839443983573 -0.011461557149112256 0.033420394846091474 0.015043252959010153 -0.015279137946438608 0.0053669196677528144 0.0017171886978180986 0.016528232585450598 0.027280136851864593 -0.00080264005179959237 0.019989042823832525
leaf_weight=4735 51 3259 52 390 87 54 58 433 56 115 65 78 1235 187
leaf_count=4735 51 3259 52 390 87 54 58 433 56 115 65 78 1235 187
internal_value=-0.000382774 0.00126374 0.00381119 0.00304466 0.0108462 -0.00204912 0.00240909 0.000613861 -0.000384616 0.00757803 0.00154438 0.0156923 0.000161538 0.00783942
internal_weight=10855 5460 2145 2015 325 5395 660 606 3315 173 1690 130 1300 274
internal_count=10855 5460 2145 2015 325 5395 660 606 3315 173 1690 130 1300 274
is_linear=0
shrinkage=0.03


Tree=12
num_leaves=15
num_cat=0
split_feature=29 11 3 2 69 65 29 63 26 42 27 30 30 69
split_gain=33.3114 24.9775 21.7565 26.3051 17.5393 15.8874 25.2287 12.3425 11.6639 10.8513 10.2433 9.503 16.2379 22.4264
threshold=1818.159851074219 1.4172222614288332 0.9459606707096101 129.00000000000003 425.45429992675787 1192.1677856445315 513.55970764160168 4550.6855468750009 3739.5000000000005 0.29012925922870642 23.947263717651371 0.76339286565780651 0.76934522390365612 720.61831665039074
decision_type=2 2 2 2 2 2 2 2 2 2 2 2 2 2
left_child=5 2 3 4 -2 -1 -7 11 -5 -4 -10 -3 13 -13
right_child=1 7 9 8 -6 6 -8 -9 10 -11 -12 12 -14 -15
leaf_value=-0.017782740849791867 0.042402497161285718 -0.0055182684863111751 0.0044407664934901087 0.0067169434260664256 0.018513465088189983 0.028850402243630904 -0.0041726907564079065 0.0052059120777202495 0.016032385607887081 0.026461732746308666 -0.00077856085024558647 0.014569884480512111 0.00081147440649399273 -0.0016231033003889905
leaf_weight=4744 51 2300 52 390 274 175 476 56 65 78 1235 63 829 67
leaf_count=4744 51 2300 52 390 274 175 476 56 65 78 1235 63 829 67
internal_value=-0.000377246 0.00127472 0.0037972 0.00302978 0.0108462 -0.00204912 0.00234562 -0.000357467 0.00152663 0.0156923 0.000161538 -0.000597423 0.00191137 0.0117692
internal_weight=10855 5460 2145 2015 325 5395 651 3315 1690 130 1300 3259 959 130
internal_count=10855 5460 2145 2015 325 5395 651 3315 1690 130 1300 3259 959 130
is_linear=0
shrinkage=0.03


Tree=13
num_leaves=15
num_cat=0
split_feature=29 11 3 2 69 65 29 63 26 42 27 30 30 69
split_gain=31.7719 24.9182 21.8077 26.4054 17.5393 15.1285 24.3554 12.3585 11.3625 10.8513 10.2433 9.33648 15.5874 21.578
threshold=1818.159851074219 1.4172222614288332 0.9459606707096101 129.00000000000003 425.45429992675787 1173.3612060546877 513.55970764160168 4550.6855468750009 3739.5000000000005 0.29012925922870642 23.947263717651371 0.76339286565780651 0.76934522390365612 720.61831665039074
decision_type=2 2 2 2 2 2 2 2 2 2 2 2 2 2
left_child=5 2 3 4 -2 -1 -7 11 -5 -4 -10 -3 13 -13
right_child=1 7 9 8 -6 6 -8 -9 10 -11 -12 12 -14 -15
leaf_value=-0.017332531774431999 0.041130422246447154 -0.0053527204317218493 0.0043075434986854155 0.0065154351232844156 0.017958061135544264 0.027960775373505053 -0.0040123023188793011 0.0050497347153886452 0.015551414039650444 0.025667880763919387 -0.00075520402473824074 0.014132787946096757 0.00078713017429919317 -0.0015744102013773187
leaf_weight=4735 51 2300 52 390 274 176 484 56 65 78 1235 63 829 67
leaf_count=4735 51 2300 52 390 274 176 484 56 65 78 1235 63 829 67
internal_value=-0.000349609 0.00126374 0.00378322 0.00301489 0.0108462 -0.00198239 0.00227273 -0.000366517 0.00150888 0.0156923 0.000161538 -0.000606629 0.00188008 0.0115385
internal_weight=10855 5460 2145 2015 325 5395 660 3315 1690 130 1300 3259 959 130
internal_count=10855 5460 2145 2015 325 5395 660 3315 1690 130 1300 3259 959 130
is_linear=0
shrinkage=0.03


Tree=14
num_leaves=15
num_cat=0
split_feature=30 25 28 40 25 40 69 27 33 23 1 10 40 21
split_gain=32.8279 38.4062 25.9246 25.4708 18.6004 16.6026 14.6593 16.7611 13.1634 11.0124 12.675 12.0917 11.9827 13.8752
threshold=0.52529761195182811 1054.3172607421877 471.63014221191412 0.35263158380985266 222.96279144287112 0.3315789550542832 687.72473144531261 11.248806476593019 51.10979080200196 23.31541728973389 41.497701644897468 1.4491593241691592 0.21578947454690936 5.019195795059205
decision_type=2 2 2 2 2 2 2 2 2 2 2 2 2 2
left_child=1 -1 4 8 5 -2 -6 -8 -4 11 -11 -9 13 -12
right_child=2 -3 3 -5 6 -7 7 9 -10 10 12 -13 -14 -15
leaf_value=0.01036974976446892 -0.0011311956558711068 0.039783204287011743 0.032560486115572204 -0.0065935576391620834 -0.012941597631948855 0.01370880430771388 0.030711971373441678 -0.0037797248366385852 0.026684971873159515 -0.0028732565713657362 0.0091912011790116835 0.0088520634201118935 0.0035397771509120802 0.02842428390843384
leaf_weight=520 96 130 68 217 6561 99 85 2055 170 366 75 134 209 70
leaf_count=520 96 130 68 217 6561 99 85 2055 170 366 75 134 209 70
internal_value=-0.000352373 0.00618461 -0.000768742 0.00623077 -0.00109539 0.00807692 -0.00128258 0.000456913 0.0130084 7.32203e-05 0.00329167 -0.000985382 0.00733898 0.0139655
internal_weight=10855 650 10205 455 9750 195 9555 2994 238 2909 720 2189 354 145
internal_count=10855 650 10205 455 9750 195 9555 2994 238 2909 720 2189 354 145
is_linear=0
shrinkage=0.03


Tree=15
num_leaves=15
num_cat=0
split_feature=29 10 2 3 69 65 27 34 65 22 40 59 27 63
split_gain=30.2865 24.0388 22.222 26.8693 17.7403 12.7257 23.54 13.895 12.7229 10.9308 19.102 14.1342 10.6197 9.97621
threshold=1818.159851074219 0.43503828346729284 129.00000000000003 1.0000000180025095e-35 425.45429992675787 1173.3612060546877 8.844882011413576 47.017225265502937 1508.5555419921877 8.0299396514892596 0.37368421256542211 19.500000000000004 23.947263717651371 4691.2451171875009
decision_type=2 2 2 2 2 2 2 2 2 2 2 2 2 2
left_child=5 2 4 9 -2 -1 -7 8 -8 12 11 -11 -4 -3
right_child=1 13 3 -5 -6 6 7 -9 -10 10 -12 -13 -14 -15
leaf_value=-0.01645724373679823 0.038703013450443392 -0.0026210289699081547 0.015473119547419385 0.0078393489554528569 0.01668016979423358 0.029792088530991412 0.013943500066858457 -0.014055482786413295 0.0010332438091064935 0.029178914202368629 -0.011480858288042999 0.011972589010769554 -0.00065310511488803514 0.0052864906028854538
leaf_weight=4735 51 3064 65 325 274 54 62 433 111 58 87 50 1430 56
leaf_count=4735 51 3064 65 325 274 54 62 433 111 58 87 50 1430 56
internal_value=-0.000399356 0.00117582 0.00347436 0.00230025 0.0107538 -0.00199351 0.00190909 0.000217821 0.00740462 0.000781064 0.00746154 0.0158889 -9.03017e-05 -0.000548078
internal_weight=10855 5460 2340 2015 325 5395 660 606 173 1690 195 108 1495 3120
internal_count=10855 5460 2340 2015 325 5395 660 606 173 1690 195 108 1495 3120
is_linear=0
shrinkage=0.03


Tree=16
num_leaves=15
num_cat=0
split_feature=21 35 1 40 29 0 69 28 69 25 69 27 65 27
split_gain=29.1308 30.8242 31.0716 25.2563 26.0681 26.8347 17.1565 16.0505 19.7271 14.1691 10.96 10.8701 17.157 9.075
threshold=2.4958912134170537 167.49777984619143 372.62428283691412 0.24736841768026355 3959.455688476563 718.70834350585949 375.29194641113287 458.90771484375006 952.16735839843761 222.96279144287112 966.99404907226574 11.530103683471681 1534.8193969726565 83.047992706298842
decision_type=2 2 2 2 2 2 2 2 2 2 2 2 2 2
left_child=1 3 10 4 -1 -6 9 11 -9 -2 -3 12 -8 -11
right_child=6 2 -4 -5 5 -7 7 8 -10 13 -12 -13 -14 -15
leaf_value=0.0042350634658395231 0.013376171047579745 0.032955779748851936 -0.002686242953171348 -0.0098465474182772104 0.021615146345479255 0.0016003152394065622 -0.027247772789778413 0.017667819547312485 -0.00013432062391032672 -0.017425249648275073 0.0083339161407605389 -0.00063805972357213717 0.029159971689196363 0.0075778208103322873
leaf_weight=288 50 273 130 820 120 72 93 113 112 5396 52 3056 63 217
leaf_count=288 50 273 130 820 120 72 93 113 112 5396 52 3056 63 217
internal_value=-0.00040212 0.00313675 0.00985714 0.000784615 0.00625 0.0148125 -0.00108462 0.00058743 0.00833333 -0.00209942 0.0148154 4.48312e-05 0.00776923 -0.00224105
internal_weight=10855 1755 455 1300 480 192 9100 3437 225 5663 325 3212 156 5613
internal_count=10855 1755 455 1300 480 192 9100 3437 225 5663 325 3212 156 5613
is_linear=0
shrinkage=0.03


Tree=17
num_leaves=15
num_cat=0
split_feature=21 35 1 40 29 0 69 28 69 25 27 65 69 34
split_gain=28.2478 30.0894 30.4141 25.0703 25.8293 26.2178 16.8869 16.0505 19.7271 14.1313 10.8701 17.157 10.6418 8.99616
threshold=2.4958912134170537 167.49777984619143 372.62428283691412 0.23684210330247882 3959.455688476563 718.70834350585949 375.29194641113287 458.90771484375006 952.16735839843761 222.96279144287112 11.530103683471681 1534.8193969726565 966.99404907226574 49.868602752685554
decision_type=2 2 2 2 2 2 2 2 2 2 2 2 2 2
left_child=1 3 12 4 -1 -6 9 10 -9 -2 11 -8 -3 -12
right_child=6 2 -4 -5 5 -7 7 8 -10 -11 13 -13 -14 -15
leaf_value=0.0042192765963187107 0.012974885916152328 0.031967106356386388 -0.0026056556645762145 -0.0094557963990427769 0.023255645505516981 0.0020053738957900615 -0.026430339606085072 0.017137784960893097 -0.00013029100519300839 -0.012951746584752189 0.003523539187824074 0.028285172538520465 0.0080838986565377365 -0.011422651809906004
leaf_weight=276 50 273 130 840 115 69 93 113 112 5613 1883 63 52 1173
leaf_count=276 50 273 130 840 115 69 93 113 112 5613 1883 63 52 1173
internal_value=-0.000399356 0.00308547 0.00972527 0.000761538 0.0063913 0.0150978 -0.00107143 0.00058743 0.00833333 -0.00207823 4.48312e-05 0.00776923 0.0146308 -0.000349477
internal_weight=10855 1755 455 1300 460 184 9100 3437 225 5663 3212 156 325 3056
internal_count=10855 1755 455 1300 460 184 9100 3437 225 5663 3212 156 325 3056
is_linear=0
shrinkage=0.03


Tree=18
num_leaves=15
num_cat=0
split_feature=21 35 1 40 29 0 69 27 9 22 25 30 66 69
split_gain=28.4107 30.4 30.4141 22.5093 22.7556 23.4722 15.3606 16.0463 12.0811 18.6166 11.9333 11.5565 19.0422 10.6418
threshold=2.4958912134170537 167.49777984619143 372.62428283691412 0.24736841768026355 3959.455688476563 718.70834350585949 687.72473144531261 19.02281475067139 0.052210649475455291 8.0299396514892596 222.96279144287112 0.8080357313156129 1.0000000180025095e-35 966.99404907226574
decision_type=2 2 2 2 2 2 2 2 2 2 2 2 2 2
left_child=1 3 13 4 -1 -6 10 -8 9 -9 -2 -10 -13 -3
right_child=6 2 -4 -5 5 -7 7 8 11 -11 -12 12 -14 -15
leaf_value=0.0039814332639747721 0.012585639338667746 0.031008093165694788 -0.0025274859946389366 -0.0092674771037576081 0.021152234305621059 0.0014921445653506991 0.02717349524947716 0.0040161024701602733 -0.0039851560267728167 0.021904560179137514 -0.010318531376189951 0.01614219419123895 0.0058879413140130359 0.0078413816968415789
leaf_weight=288 57 273 130 820 120 72 85 359 1636 124 6296 89 454 52
leaf_count=288 57 273 130 820 120 72 85 359 1636 124 6296 89 454 52
internal_value=-0.000443575 0.00305128 0.00972527 0.000715384 0.005875 0.013875 -0.00111758 0.000756825 0.000347107 0.00463975 -0.00192807 -0.000604406 0.00318784 0.0146308
internal_weight=10855 1755 455 1300 480 192 9100 2747 2662 483 6353 2179 543 325
internal_count=10855 1755 455 1300 480 192 9100 2747 2662 483 6353 2179 543 325
is_linear=0
shrinkage=0.03


Tree=19
num_leaves=15
num_cat=0
split_feature=30 25 69 28 40 69 40 65 25 28 67 0 40 40
split_gain=26.8493 22.5246 19.8219 11.1543 11.1308 9.88431 9.54445 9.31484 17.6128 8.69381 14.4805 8.32081 11.5399 8.04181
threshold=0.52529761195182811 1054.3172607421877 141.379997253418 471.63014221191412 0.35263158380985266 933.99472045898449 0.11052631586790086 4492.2880859375009 714.33340454101574 310.21783447265631 2489.4414062500005 25.541666984558109 0.28947368264198309 0.17368421703577044
decision_type=2 2 2 2 2 2 2 2 2 2 2 2 2 2
left_child=1 6 9 7 5 -5 -1 13 -9 -2 11 12 -11 -4
right_child=2 -3 3 4 -6 -7 -8 8 -10 10 -12 -13 -14 -15
leaf_value=0.029055392287372309 -0.01846661490456708 0.034550688376760036 0.0051274763270816089 0.025533480665120258 -0.00032664083652614193 0.0065822676430999571 0.0001968185847929682 -0.0037730992758015169 0.010255100217402275 0.031771321076260843 0.024184994965624398 -0.0069243065311358704 -0.0077574776172178337 -0.0015771617613566473
leaf_weight=88 4235 130 1407 51 117 85 432 106 69 75 55 600 66 3339
leaf_count=88 4235 130 1407 51 117 85 432 106 69 75 55 600 66 3339
internal_value=-0.000465685 0.00544615 -0.000842235 0.000461538 0.00660474 0.0124412 0.00265385 0.000145701 0.00694286 -0.00218307 0.000693467 -0.000408908 0.00614894 -0.000104931
internal_weight=10855 650 10205 5174 253 136 520 4921 175 5031 796 741 141 4746
internal_count=10855 650 10205 5174 253 136 520 4921 175 5031 796 741 141 4746
is_linear=0
shrinkage=0.03


Tree=20
num_leaves=15
num_cat=0
split_feature=30 69 15 40 28 17 21 28 24 4 67 13 36 31
split_gain=26.1904 17.3392 12.48 10.9331 13.0339 14.3557 9.76072 17.9056 32.4808 13.3761 21.8355 10.6121 9.47878 8.79222
threshold=0.47023808956146246 141.379997253418 0.14449653029441836 0.44736842811107641 471.63014221191412 35.10222244262696 3.857218980789185 148.632438659668 303.39137268066412 0.9434499740600587 1022.0617980957032 1051.6275024414065 6.5000000000000009 0.49962341785430914
decision_type=2 2 2 2 2 2 2 2 2 2 2 2 2 2
left_child=2 13 -1 4 6 -6 7 8 12 -9 -11 -8 -3 -2
right_child=1 3 -4 -5 5 -7 11 9 -10 10 -12 -13 -14 -15
leaf_value=0.033620291826943358 -0.011614339924172049 0.010860974025798687 0.014631091941390402 -0.004190304580767119 0.016447714579982512 0.0033103889492399046 -0.0029455470129767002 -0.0019157336829343755 0.00077913421590688255 0.012053728848173245 -0.0056000145050088433 0.01556002278256388 0.026205550395318331 0.019534384534961813
leaf_weight=65 5096 115 325 1467 86 140 1870 995 222 113 109 84 72 96
leaf_count=65 5096 115 325 1467 86 140 1870 995 222 113 109 84 72 96
internal_value=-0.000479503 -0.000763976 0.00715385 0.000447752 0.00129585 0.00828319 0.000854748 0.00257196 0.00800244 0.000746918 0.0074054 -0.000574207 0.0172139 -0.00199461
internal_weight=10855 10465 390 5273 3806 226 3580 1626 409 1217 222 1954 187 5192
internal_count=10855 10465 390 5273 3806 226 3580 1626 409 1217 222 1954 187 5192
is_linear=0
shrinkage=0.03


Tree=21
num_leaves=15
num_cat=0
split_feature=29 40 10 0 24 17 3 65 29 27 16 35 69 1
split_gain=20.4006 14.5689 17.7871 19.2893 19.1057 16.6809 20.1094 13.5453 24.8198 12.4795 12.0508 37.7857 10.5354 10.4423
threshold=1818.159851074219 0.38421052694320684 0.42954818904399877 29.458333969116214 243.51785278320315 8.3001389503479022 0.61106482148170482 1192.1677856445315 513.55970764160168 28.620202064514164 0.37635099887847906 167.30027770996097 2068.5893554687505 44.772611618041999
decision_type=2 2 2 2 2 2 2 2 2 2 2 2 2 2
left_child=7 2 3 -2 13 -6 -7 -1 -9 12 11 -3 -4 -5
right_child=1 10 9 4 5 6 -8 8 -10 -11 -12 -13 -14 -15
leaf_value=-0.014381268465468031 0.028220798377922962 -0.015430101492317395 0.015284415896947436 0.011968079214785838 0.032468033839767915 -0.0037767920619937076 0.0070008521143304194 0.023392835226991253 -0.0038127195737923713 -0.0007988921846926899 -0.0017723674103835485 0.030555732133156963 0.0057939920816009582 -0.00053960805293087335
leaf_weight=4744 74 168 53 185 148 148 111 175 476 1702 2100 84 58 629
leaf_count=4744 74 168 53 185 148 148 111 175 476 1702 2100 84 58 629
internal_value=-0.000496085 0.000796703 0.00214479 0.00483012 0.00392875 0.00923587 0.00464479 -0.00180445 0.00225346 0.000226695 -0.000984695 0.00521428 0.00997297 0.00127518
internal_weight=10855 5460 3108 1295 1221 407 259 5395 651 1813 2352 252 111 814
internal_count=10855 5460 3108 1295 1221 407 259 5395 651 1813 2352 252 111 814
is_linear=0
shrinkage=0.03


Tree=22
num_leaves=15
num_cat=0
split_feature=29 40 10 0 24 17 3 65 29 27 36 42 69 53
split_gain=18.3728 16.6921 17.1033 19.3494 19.283 16.6809 20.1094 13.2106 20.4896 12.3105 11.0058 15.3177 10.5354 10.1254
threshold=1818.159851074219 0.38421052694320684 0.42954818904399877 29.458333969116214 243.51785278320315 8.3001389503479022 0.61106482148170482 826.50152587890636 487.13194274902349 28.620202064514164 5.5000000000000009 0.16280825436115268 2068.5893554687505 38.500000000000007
decision_type=2 2 2 2 2 2 2 2 2 2 2 2 2 2
left_child=7 2 3 -2 -5 -6 -7 -1 10 12 -9 -12 -4 -13
right_child=1 -3 9 4 5 6 -8 8 -10 -11 11 13 -14 -15
leaf_value=-0.016822374549215757 0.027374174426585272 -0.00086718447968380018 0.014825883420038988 0.0023788316859686279 0.031493992824574872 -0.0036634883001339142 0.006790826550900496 -0.00020744595605656001 -0.0014284131309752429 -0.00077492541915190393 -0.0077253543636940369 0.024789410971114253 0.0056201723191529138 0.0052352863091776223
leaf_weight=4429 74 2352 53 814 148 148 111 80 701 1702 57 69 58 59
leaf_count=4429 74 2352 53 814 148 148 111 80 701 1702 57 69 58 59
internal_value=-0.000496085 0.000730769 0.00217374 0.00480695 0.00390418 0.00923587 0.00464479 -0.00173772 0.00144099 0.000292884 0.00854717 0.0125676 0.00997297 0.0183281
internal_weight=10855 5460 3108 1295 1221 407 259 5395 966 1813 265 185 111 128
internal_count=10855 5460 3108 1295 1221 407 259 5395 966 1813 265 185 111 128
is_linear=0
shrinkage=0.03


Tree=23
num_leaves=15
num_cat=0
split_feature=29 40 10 0 24 17 3 65 29 27 36 42 69 15
split_gain=18.0422 16.7885 16.9781 19.3494 19.283 16.6809 20.1094 13.4973 20.133 12.2685 11.0058 15.3177 10.5354 10.3227
threshold=1818.159851074219 0.38421052694320684 0.42954818904399877 29.458333969116214 243.51785278320315 8.3001389503479022 0.61106482148170482 826.50152587890636 487.13194274902349 28.620202064514164 5.5000000000000009 0.16280825436115268 2068.5893554687505 3.1400779485702519
decision_type=2 2 2 2 2 2 2 2 2 2 2 2 2 2
left_child=7 2 3 -2 -5 -6 -7 -1 10 12 -9 -12 -4 -11
right_child=1 -3 9 4 5 6 -8 8 -10 13 11 -13 -14 -15
leaf_value=-0.016317703312739278 0.026552949193787714 -0.00084116894529326911 0.014381106917437804 0.0023074667353895784 0.030549173039837604 -0.0035535836511298921 0.0065871017543734627 -0.00020122257737488879 -0.0013855607370459805 -0.0037713674337658174 -0.0074935937327831985 0.022822804902582164 0.0054515671495783203 0.0072534286569634785
leaf_weight=4429 74 2352 53 814 148 148 111 80 701 1110 57 128 58 592
leaf_count=4429 74 2352 53 814 148 148 111 80 701 1110 57 128 58 592
internal_value=-0.000479503 0.000736263 0.0021834 0.00480695 0.00390418 0.00923587 0.00464479 -0.00170992 0.0015031 0.000309431 0.00854717 0.0125676 0.00997297 -0.0003208
internal_weight=10855 5460 3108 1295 1221 407 259 5395 966 1813 265 185 111 1702
internal_count=10855 5460 3108 1295 1221 407 259 5395 966 1813 265 185 111 1702
is_linear=0
shrinkage=0.03


Tree=24
num_leaves=15
num_cat=0
split_feature=30 25 69 40 28 40 36 65 69 42 35 35 27 40
split_gain=17.8592 22.5246 14.2786 12.147 11.8599 11.1308 10.2442 10.8295 9.88431 8.56173 7.34734 26.0859 15.0081 11.0248
threshold=0.52529761195182811 1054.3172607421877 141.379997253418 0.11052631586790086 471.63014221191412 0.35263158380985266 804.50000000000011 549.13595581054699 933.99472045898449 0.68322628736495983 167.31541442871097 167.25069427490237 8.844882011413576 0.16315789520740512
decision_type=2 2 2 2 2 2 2 2 2 2 2 2 2 2
left_child=1 3 -2 -1 6 8 10 -8 -6 -3 11 12 -4 -14
right_child=2 9 4 -5 5 -7 7 -9 -10 -11 -12 -13 13 -15
leaf_value=0.024909461769383991 -0.010136685175726027 0.03097446362595159 0.023289232350438168 -0.0002869863950514606 0.021438708816641776 -0.0013099043779141262 0.0084850186539340549 0.0010878982925305886 0.0061610872342769164 0.029783817232564864 -0.0031798122770160652 0.0083124668803306531 0.010879761144659161 -0.006173397783422194
leaf_weight=88 5031 80 72 432 51 117 50 81 85 50 1309 256 853 2300
leaf_count=88 5031 80 72 432 51 117 50 81 85 50 1309 256 853 2300
internal_value=-0.00052925 0.00429231 -0.000836355 0.0015 0.000270196 0.00660474 -5.54772e-05 0.00822137 0.0124412 0.0154615 -0.000281838 0.000438666 -0.000293024 -0.000602284
internal_weight=10855 650 10205 520 5174 253 4921 131 136 130 4790 3481 3225 3153
internal_count=10855 650 10205 520 5174 253 4921 131 136 130 4790 3481 3225 3153
is_linear=0
shrinkage=0.03


Tree=25
num_leaves=15
num_cat=0
split_feature=30 25 28 40 40 69 36 65 36 63 35 35 67 42
split_gain=17.8387 22.5246 14.0458 15.4953 12.147 10.3724 11.2819 13.7952 9.76506 9.62604 8.81722 30.3267 9.19638 8.56173
threshold=0.52529761195182811 1054.3172607421877 471.63014221191412 0.35263158380985266 0.11052631586790086 38.491666793823249 804.50000000000011 524.90512084960949 7.5000000000000009 119.77027893066408 167.31541442871097 167.25069427490237 975.21997070312511 0.68322628736495983
decision_type=2 2 2 2 2 2 2 2 2 2 2 2 2 2
left_child=1 4 5 8 -1 -2 10 -8 -4 -10 11 -7 -13 -3
right_child=2 13 3 -5 -6 6 7 -9 9 -11 -12 12 -14 -15
leaf_value=0.024162177916302454 -0.016156478377453896 0.030045229717173019 0.0059978410062363702 -0.005614785604300114 -0.00027837680319990453 -0.00086569925461958512 0.0082182544699377219 0.00078754643149751141 0.023934354711773621 0.0024904409594275912 -0.0036799201912847577 0.0080541321835141122 -0.00047041739593159311 0.028890302715587932
leaf_weight=88 3606 80 102 217 432 3997 51 90 81 55 1734 209 63 50
leaf_count=88 3606 80 102 217 432 3997 51 90 81 55 1734 209 63 50
internal_value=-0.000526486 0.00429231 -0.000833416 0.00431868 0.0015 -0.00107385 -0.000324219 0.00806383 0.00960504 0.0148676 -0.00052124 0.000211524 0.00990441 0.0154615
internal_weight=10855 650 10205 455 520 9750 6144 141 238 136 6003 4269 272 130
internal_count=10855 650 10205 455 520 9750 6144 141 238 136 6003 4269 272 130
is_linear=0
shrinkage=0.03


Tree=26
num_leaves=15
num_cat=0
split_feature=30 25 40 28 40 17 33 33 35 3 17 35 67 21
split_gain=17.757 22.5246 13.1906 20.7534 12.147 10.9929 9.72987 16.266 16.7116 11.2009 9.69956 12.1245 13.5548 10.4979
threshold=0.52529761195182811 1054.3172607421877 0.39473684132099157 471.63014221191412 0.11052631586790086 31.455555915832523 59.031658172607429 58.883518218994148 164.45888519287112 0.034328703768551357 190.96944427490237 166.28944396972659 542.78430175781261 2.6470196247100835
decision_type=2 2 2 2 2 2 2 2 2 2 2 2 2 2
left_child=1 4 3 6 -1 -5 7 8 9 -2 13 -12 -13 -10
right_child=2 -3 -4 5 -6 -7 -8 -9 10 -11 11 12 -14 -15
leaf_value=0.023437312578813374 0.02639567766546802 0.028034808582508272 -0.0076448309704617041 0.012458090914056683 -0.00027002549910390525 0.02307569043160523 -0.01243067564555364 0.022448664379065661 0.0054613718784733397 0.0077245603515504954 0.013519183792004985 -0.011203784115725214 0.0077835605359324583 -0.0066436313782454442
leaf_weight=88 76 130 4239 76 432 190 2052 76 684 114 76 267 151 2204
leaf_count=88 76 130 4239 76 432 190 2052 76 684 114 76 267 151 2204
internal_value=-0.000515431 0.00429231 -0.000821657 8.74951e-05 0.0015 0.00827819 -0.000294738 0.000634868 0.000342664 0.009 -0.000143703 0.00374089 0.00173684 -0.000808172
internal_weight=10855 650 10205 5966 520 266 5700 3648 3572 190 3382 494 418 2888
internal_count=10855 650 10205 5966 520 266 5700 3648 3572 190 3382 494 418 2888
is_linear=0
shrinkage=0.03


Tree=27
num_leaves=15
num_cat=0
split_feature=29 10 2 3 65 29 22 40 59 27 36 42 25 40
split_gain=19.4413 14.8984 22.3218 14.9381 12.2503 14.784 10.5143 18.5443 13.4704 10.5354 8.48876 12.9642 8.0132 9.13508
threshold=1818.159851074219 0.43503828346729284 114.50000000000001 1.0000000180025095e-35 826.50152587890636 487.13194274902349 8.0299396514892596 0.37368421256542211 19.500000000000004 23.947263717651371 5.5000000000000009 0.47114434838294988 224.98780059814456 0.18421053141355517
decision_type=2 2 2 2 2 2 2 2 2 2 2 2 2 2
left_child=4 2 -2 6 -1 10 9 8 -8 -4 -6 -12 -3 -14
right_child=1 12 3 -5 5 -7 7 -9 -10 -11 11 -13 13 -15
leaf_value=-0.014935556210166831 0.027140254830387907 0.012924648873697641 0.007927816516833372 0.003269152106533251 -0.0002962988154074253 -0.001327664117653208 0.026075444638118749 -0.0091701506508933221 0.0056321220415149285 -0.00034735778112473522 0.0039537868759762325 0.021110820067242918 0.0071566263947298835 -0.0031230637468683611
leaf_weight=4429 195 65 65 325 80 701 58 87 50 1560 87 98 846 2209
leaf_count=4429 195 65 65 325 80 701 58 87 50 1560 87 98 846 2209
internal_value=-0.000404883 0.000857142 0.00266667 0.00178322 -0.00168211 0.00137888 0.000725274 0.00730769 0.0156111 -6.46161e-05 0.00741509 0.0109459 -0.000500001 -0.000721768
internal_weight=10855 5460 2340 2145 5395 966 1820 195 108 1625 265 185 3120 3055
internal_count=10855 5460 2340 2145 5395 966 1820 195 108 1625 265 185 3120 3055
is_linear=0
shrinkage=0.03


Tree=28
num_leaves=15
num_cat=0
split_feature=29 10 2 3 65 27 34 0 27 27 63 25 40 27
split_gain=18.5298 14.2718 22.1455 14.5736 10.982 12.2131 9.6551 9.29947 10.0148 9.69467 8.83752 8.0873 8.34329 20.2433
threshold=1818.159851074219 0.43503828346729284 114.50000000000001 1.0000000180025095e-35 839.23818969726574 8.844882011413576 47.295478820800788 29.458333969116214 23.947263717651371 70.253879547119155 101.76680374145509 224.98780059814456 0.21578947454690936 28.620202064514164
decision_type=2 2 2 2 2 2 2 2 2 2 2 2 2 2
left_child=4 2 -2 7 -1 -6 10 -4 -9 -10 -7 -3 13 -13
right_child=1 11 3 -5 5 6 -8 8 9 -11 -12 12 -14 -15
leaf_value=-0.014487489523861816 0.026326047185476289 0.012536909407486706 0.025217178409637598 0.0031710775433372576 0.02150093876272809 0.010655697827998125 -0.0057759851299589915 0.0076899820213283737 -0.0089815347064323495 0.0037318809927172933 -0.0039513715188675743 0.013278763910049188 -0.0044248091545953461 0.0013525537056334317
leaf_weight=4444 195 65 65 325 61 165 649 65 845 845 76 63 2068 924
leaf_count=4444 195 65 65 325 61 165 649 65 845 845 76 63 2068 924
internal_value=-0.000451866 0.000780219 0.00255128 0.00167133 -0.0016988 0.00122713 0.000337078 0.000626373 0.000213674 -0.00023077 0.00546473 -0.000548078 -0.000770868 0.00149848
internal_weight=10855 5460 2340 2145 5395 951 890 1820 1755 1690 241 3120 3055 987
internal_count=10855 5460 2340 2145 5395 951 890 1820 1755 1690 241 3120 3055 987
is_linear=0
shrinkage=0.03


Tree=29
num_leaves=15
num_cat=0
split_feature=30 25 69 40 36 65 25 25 65 4 29 69 34 40
split_gain=19.3893 21.4215 12.03 11.3333 10.1269 12.8796 9.18076 19.0246 16.1536 15.1558 13.0781 10.9938 21.6366 10.2511
threshold=0.52529761195182811 1054.3172607421877 34.908750534057624 0.11052631586790086 804.50000000000011 524.90512084960949 791.32305908203136 739.88595581054699 2690.4550781250005 23.103233337402347 3959.455688476563 938.07556152343761 50.318216323852546 0.21578947454690936
decision_type=2 2 2 2 2 2 2 2 2 2 2 2 2 2
left_child=1 3 -2 -1 6 -6 7 9 13 10 -4 12 -12 -9
right_child=2 -3 4 -5 5 -7 -8 8 -10 -11 11 -13 -14 -15
leaf_value=0.023014059976075689 -0.010505239555567756 0.025589775264557149 -0.0085996843681556169 -6.7491006498006094e-05 0.0073292494760636723 0.00099950962564228384 -0.0094447607095340357 0.012199129769281995 0.020370955198921088 0.00814348210968769 6.0356793504627859e-05 -0.0001445275463650034 0.01212623808715536 0.00071192980511985298
leaf_weight=88 3777 130 2609 432 53 90 1780 126 79 223 308 760 136 264
leaf_count=88 3777 130 2609 432 53 90 1780 126 79 223 308 760 136 264
internal_value=-0.00045463 0.00456923 -0.000774621 0.00184615 1.49339e-05 0.00790909 -0.000164679 0.000556048 0.00627505 -0.000108524 -0.000553109 0.00203322 0.00578378 0.00376923
internal_weight=10855 650 10205 520 6428 143 6285 4505 469 4036 3813 1204 444 390
internal_count=10855 650 10205 520 6428 143 6285 4505 469 4036 3813 1204 444 390
is_linear=0
shrinkage=0.03


Tree=30
num_leaves=15
num_cat=0
split_feature=33 33 10 40 2 29 24 15 26 24 12 56 13 40
split_gain=15.9704 18.5379 15.4819 15.3962 22.3469 27.234 20.0887 18.2857 13.3687 24.4545 16.6577 12.7532 12.2741 13.1958
threshold=58.354330062866218 58.261451721191413 1.0529553294181826 0.38421052694320684 164.00000000000003 2715.3073730468755 160.08779907226565 2.0299971699714665 9995.0000000000018 321.84226989746099 131.31250000000003 71.500000000000014 150.12264251708987 0.22631578892469409
decision_type=2 2 2 2 2 2 2 2 2 2 2 2 2 2
left_child=1 2 3 4 5 -1 7 -5 -6 10 -10 -2 -7 -14
right_child=11 -3 -4 6 8 12 -8 -9 9 -11 -12 -13 13 -15
leaf_value=0.00024843820238099908 -0.01644215229723979 0.013757741444793026 -0.0078278282989076679 0.011730162596102236 -0.00026949533124719593 0.0091121044296788335 -0.004567213875697842 -0.012431211733374465 0.022352437250161613 0.00021201353707850864 0.014775963133795322 0.009185488791505431 0.020656910315830057 0.024759920810415552
leaf_weight=296 3744 65 2145 112 1258 148 1708 112 74 370 148 416 154 105
leaf_count=296 3744 65 2145 112 1258 148 1708 112 74 370 148 416 154 105
internal_value=-0.000465685 0.000441373 0.000285067 0.00128762 0.00281669 0.00736984 -0.00073292 0.00771428 0.00108649 0.00480405 0.0126757 -0.00192548 0.0124054 0.0163436
internal_weight=10855 6695 6630 4485 2553 703 1932 224 1850 592 222 4160 407 259
internal_count=10855 6695 6630 4485 2553 703 1932 224 1850 592 222 4160 407 259
is_linear=0
shrinkage=0.03


Tree=31
num_leaves=15
num_cat=0
split_feature=30 40 33 10 35 9 67 24 22 28 28 16 67 15
split_gain=16.2062 13.5646 13.584 15.1471 21.6564 14.6123 18.4171 17.3081 10.9424 27.9858 17.2468 10.7032 9.15504 8.66667
threshold=0.47023808956146246 0.38421052694320684 59.031658172607429 1.0529553294181826 164.19361114501956 0.29692129790782934 231.48430633544925 367.47322082519537 6.6467571258544931 150.59989929199222 471.63014221191412 42.25505447387696 542.78430175781261 0.14449653029441836
decision_type=2 2 2 2 2 2 2 2 2 2 2 2 2 2
left_child=13 2 3 4 -2 8 7 -7 9 -6 -10 -5 -13 -1
right_child=1 -3 -4 11 5 6 -8 -9 10 -11 -12 12 -14 -15
leaf_value=0.026132449717823168 0.023786866165527339 -0.0061833092851048778 -0.011481068013394564 -0.015605156179912635 0.016348374045851131 0.01332004331142995 0.0021468503913370822 0.035002992887648521 -0.0016749767966954909 0.0019313853274880294 0.012915629066944144 0.0040928069998958441 0.0092651961756780258 0.0068089085930266788
leaf_weight=65 74 4508 1998 1147 148 104 231 72 1258 629 148 97 51 325
leaf_count=65 74 4508 1998 1147 148 104 231 72 1258 629 148 97 51 325
internal_value=-0.000543068 -0.000766843 0.000172737 0.00119045 0.00248423 0.00202703 0.0072457 0.0145568 0.00105405 0.0039112 -0.000524894 -0.00147104 0.00612162 0.00546154
internal_weight=10855 10465 5957 3959 2664 2590 407 176 2183 777 1406 1295 148 390
internal_count=10855 10465 5957 3959 2664 2590 407 176 2183 777 1406 1295 148 390
is_linear=0
shrinkage=0.03


Tree=32
num_leaves=15
num_cat=0
split_feature=40 33 10 35 2 2 9 30 13 16 33 69 0 67
split_gain=13.6638 14.5812 17.0294 20.3512 14.0752 23.5885 16.1321 17.0243 15.7895 10.9202 10.8535 9.97194 14.0798 9.74972
threshold=0.39473684132099157 59.031658172607429 1.0529553294181826 164.19361114501956 1122.5000000000002 915.50000000000011 0.33637732267379766 0.52529761195182811 403.03001403808599 42.25505447387696 58.883518218994148 803.95623779296886 58.541667938232429 542.78430175781261
decision_type=2 2 2 2 2 2 2 2 2 2 2 2 2 2
left_child=1 2 3 -1 5 6 7 -5 -8 -4 -9 -3 -13 -11
right_child=-2 11 9 4 -6 -7 8 10 -10 13 -12 12 -14 -15
leaf_value=0.022923782221460055 -0.0048905189968697768 -0.017839155610351612 -0.015066831136246406 0.021602887719252218 -0.0017133016418600605 0.010159559149874813 0.012939661644288392 -5.9343625298023095e-05 0.011048604055159847 0.0039160009416919989 0.019119707141706251 -0.0018893351691967551 0.011332930644890434 0.008970073603684299
leaf_weight=76 4509 1744 1178 228 798 76 76 1406 228 100 76 163 145 52
leaf_count=76 4509 1744 1178 228 798 76 76 1406 228 100 76 163 145 52
internal_value=-0.000559651 0.000337535 0.00133162 0.00259717 0.00219391 0.00348804 0.00286892 0.00173684 0.00923684 -0.00148872 0.000562752 -0.00174269 0.00323377 0.00607895
internal_weight=10855 6346 4294 2964 2888 2090 2014 1710 304 1330 1482 2052 308 152
internal_count=10855 6346 4294 2964 2888 2090 2014 1710 304 1330 1482 2052 308 152
is_linear=0
shrinkage=0.03


Tree=33
num_leaves=15
num_cat=0
split_feature=30 40 33 10 35 9 67 24 16 67 33 28 34 24
split_gain=15.3574 10.8754 12.0688 13.4262 20.3802 14.5221 16.5757 18.2985 10.8552 9.74972 9.44847 9.63759 9.78115 16.4474
threshold=0.47023808956146246 0.39473684132099157 59.031658172607429 1.0529553294181826 164.19361114501956 0.29692129790782934 231.48430633544925 367.47322082519537 42.25505447387696 542.78430175781261 58.883518218994148 471.63014221191412 53.921840667724616 280.95982360839849
decision_type=2 2 2 2 2 2 2 2 2 2 2 2 2 2
left_child=-1 2 3 4 -2 10 7 -7 -5 -10 11 12 -6 -14
right_child=1 -3 -4 8 5 6 -8 -9 9 -11 -12 -13 13 -15
leaf_value=0.014807182907794675 0.022236068754816266 -0.0065328931886193473 -0.010764649903710318 -0.014614826202159023 -0.0012025711044274384 0.012550368736548004 0.0020086882366584374 0.033942901714464166 0.0037985209134412299 0.0087009713955737596 0.018546115927455045 0.0086919753641893568 -0.019770269440828814 0.013658401848585661
leaf_weight=390 76 4347 2052 1178 1672 107 237 74 100 52 76 342 76 76
leaf_count=390 76 4347 2052 1178 1672 107 237 74 100 52 76 342 76 76
internal_value=-0.000537541 -0.000755376 5.98228e-05 0.00100639 0.00220833 0.00177068 0.00690431 0.0137403 -0.00146617 0.00607895 0.000813559 0.000448753 -0.000417764 0.00686842
internal_weight=10855 10465 6118 4066 2736 2660 418 181 1330 152 2242 2166 1824 152
internal_count=10855 10465 6118 4066 2736 2660 418 181 1330 152 2242 2166 1824 152
is_linear=0
shrinkage=0.03


Tree=34
num_leaves=15
num_cat=0
split_feature=29 40 28 27 27 13 26 14 16 35 69 65 29 50
split_gain=16.3607 9.68619 11.8996 22.019 12.2613 13.1444 11.8685 15.5007 11.6987 37.6863 9.65361 9.52995 15.0835 9.12515
threshold=1818.159851074219 0.14210525900125506 485.72183227539068 83.45972061157228 28.620202064514164 507.38211059570318 3481.0000000000005 854.00000000000011 0.37635099887847906 167.30027770996097 966.99404907226574 839.23818969726574 513.55970764160168 90.500000000000014
decision_type=2 2 2 2 2 2 2 2 2 2 2 2 2 2
left_child=11 2 4 -4 5 -2 7 -3 9 -8 -11 -1 -13 -10
right_child=1 6 3 -5 -6 -7 8 -9 13 10 -12 12 -14 -15
leaf_value=-0.012735609362247931 0.020390733591916045 4.6106178570397559e-05 0.022263515414669203 0.020863104366222737 0.0017346558797841874 0.012207604388813617 -0.0049002240679985754 0.018145481458303525 -0.0013888212184547655 0.022587059896252787 0.00085409534479525813 0.011769651049285942 -0.0015464357263548667 0.011460057835921916
leaf_weight=4444 70 255 56 84 910 56 306 153 3341 103 50 264 687 76
leaf_count=4444 70 255 56 84 910 56 306 153 3341 103 50 264 687 76
internal_value=-0.000421465 0.000736263 0.00314796 0.0113571 0.00203861 0.0108095 7.4229e-05 0.00494118 -0.000438081 0.00405882 0.0162157 -0.00159314 0.00113249 -0.00104214
internal_weight=10855 5460 1176 140 1036 126 4284 408 3876 459 153 5395 951 3417
internal_count=10855 5460 1176 140 1036 126 4284 408 3876 459 153 5395 951 3417
is_linear=0
shrinkage=0.03


Tree=35
num_leaves=15
num_cat=0
split_feature=33 33 40 35 28 27 24 56 65 25 27 69 14 42
split_gain=13.7867 18.8624 13.1338 13.8237 17.8821 19.5571 12.5903 12.2417 12.0087 12.3432 11.0109 10.6425 9.39828 10.9944
threshold=58.354330062866218 58.261451721191413 0.14210525900125506 164.45888519287112 485.72183227539068 83.45972061157228 154.29612731933597 71.500000000000014 2690.4550781250005 739.88595581054699 70.253879547119155 966.99404907226574 776.00000000000011 0.47114434838294988
decision_type=2 2 2 2 2 2 2 2 2 2 2 2 2 2
left_child=1 2 3 -1 8 -6 10 -2 -5 -10 11 -4 13 -9
right_child=7 -3 6 4 5 -7 -8 12 9 -11 -12 -13 -14 -15
leaf_value=0.012511947290729832 -0.015109330671956517 0.012562775271548693 0.01143033204552287 -0.00012416149305153809 0.02159560995222911 0.029633432692778159 -0.0013471565819011299 0.00096747956172616887 0.0038924482316775055 0.019779140330426586 0.0014955169867059 0.00061132116949172758 0.00023852597638932465 0.017950932537421291
leaf_weight=84 3744 65 52 1076 56 70 4743 55 88 54 357 50 297 64
leaf_count=84 3744 65 52 1076 56 70 4743 55 88 54 357 50 297 64
internal_value=-0.000540305 0.000302464 0.000144796 0.00269328 0.00195536 0.0127143 -0.000554787 -0.00189664 0.000842364 0.00904225 0.00418954 0.0128824 0.00298558 0.0101092
internal_weight=10855 6695 6630 1428 1344 126 5202 4160 1218 142 459 102 416 119
internal_count=10855 6695 6630 1428 1344 126 5202 4160 1218 142 459 102 416 119
is_linear=0
shrinkage=0.03


Tree=36
num_leaves=15
num_cat=0
split_feature=40 33 19 21 30 6 69 34 67 31 26 36 33 24
split_gain=13.1424 14.5646 11.3833 12.7168 16.2988 14.4045 10.5804 10.4225 11.8966 9.86967 15.2554 8.00833 7.50239 9.46753
threshold=0.37368421256542211 57.31659126281739 0.49956579506397253 2.6411631107330327 0.68601191043853771 1.0000000180025095e-35 803.95623779296886 49.138797760009773 746.94918823242199 0.43471743166446691 9832.5000000000018 6.5000000000000009 55.367551803588874 208.71577453613284
decision_type=2 2 2 2 2 2 2 2 2 2 2 2 2 2
left_child=1 2 3 4 5 -1 -3 8 -8 10 12 -7 -5 -14
right_child=-2 6 -4 9 -6 11 7 -9 -10 -11 -12 -13 13 -15
leaf_value=-0.018927205298796854 -0.0041993077863805338 -0.011941305907799257 0.021363992864082578 -0.0084770574369069165 0.0020653373883358639 0.0045992262726179296 -0.0007787222132559805 -0.0008021700995290025 0.013763378576876217 -0.0015344375442133717 0.0061824771938613216 0.014270906111160206 0.010294390473255382 -6.6744492700667737e-05
leaf_weight=108 4843 2386 72 288 504 108 88 379 135 1188 180 180 144 252
leaf_count=108 4843 2386 72 288 504 108 88 379 135 1188 180 180 144 252
internal_value=-0.000523723 0.000413173 0.00188095 0.0015935 0.00456667 0.00912121 -0.00107229 0.00248173 0.0076278 0.000289473 0.00272917 0.012625 0.00068421 0.00336364
internal_weight=10855 6012 3024 2952 900 396 2988 602 223 2052 864 288 684 396
internal_count=10855 6012 3024 2952 900 396 2988 602 223 2052 864 288 684 396
is_linear=0
shrinkage=0.03


Tree=37
num_leaves=15
num_cat=0
split_feature=33 33 40 35 29 2 24 67 21 56 14 42 31 30
split_gain=12.6901 18.8519 12.872 13.8729 17.3772 13.6941 11.5125 11.5536 17.8349 10.2109 8.95176 10.5036 7.31426 13.7681
threshold=58.354330062866218 58.261451721191413 0.14210525900125506 164.45888519287112 6193.1657714843759 239.50000000000003 154.29612731933597 1667.079528808594 2.6566377878189091 63.500000000000007 743.50000000000011 0.35206145048141485 0.496600091457367 0.47023808956146246
decision_type=2 2 2 2 2 2 2 2 2 2 2 2 2 2
left_child=1 2 3 -1 -5 -6 7 -4 -9 -2 11 -11 -8 -14
right_child=9 -3 6 4 5 -7 12 8 -10 10 -12 -13 13 -15
leaf_value=0.011827757157810259 -0.014856564339994138 0.012544131190636212 0.00063994447190362179 0.0013359093300312397 0.028797892922708124 0.0068646050029636104 -0.002060294118505137 -0.0021915096793630796 0.011174328310757655 -0.00067069615607110214 -0.00017024742694793761 0.017210628065661478 0.021122146481482709 -0.0019363854126776125
leaf_weight=84 3690 65 299 1190 56 98 4233 70 90 51 345 74 153 357
leaf_count=84 3690 65 299 1190 56 98 4233 70 90 51 345 74 153 357
internal_value=-0.000501613 0.000306945 0.000149321 0.00267227 0.00193303 0.0114156 -0.000543253 0.00399346 0.0105 -0.00180289 0.0023617 0.00924 -0.00098229 0.00241176
internal_weight=10855 6695 6630 1428 1344 154 5202 459 160 4160 470 125 4743 510
internal_count=10855 6695 6630 1428 1344 154 5202 459 160 4160 470 125 4743 510
is_linear=0
shrinkage=0.03


Tree=38
num_leaves=15
num_cat=0
split_feature=40 33 33 67 30 29 30 28 21 0 42 69 22 22
split_gain=14.4346 14.1211 18.1004 11.8468 12.4649 11.8392 15.1193 14.9351 11.1937 10.6765 10.6765 10.5414 10.4739 6.896
threshold=0.35263158380985266 52.179540634155281 51.750989913940437 391.89512634277349 0.80208331346511852 3118.2814941406255 0.7455357313156129 334.92404174804693 3.9449882507324223 48.666667938232429 0.84874749183654796 147.10583496093753 8.1312499046325701 6.2778570652008066
decision_type=2 2 2 2 2 2 2 2 2 2 2 2 2 2
left_child=1 2 5 -3 -5 -1 7 9 -6 -7 -8 -4 -10 -9
right_child=-2 3 11 4 8 6 10 13 12 -11 -12 -13 -14 -15
leaf_value=-0.014606662977821311 -0.0035062511260064606 -0.0093981504654127041 0.0027178089912513023 -0.00031996412574562426 0.0098941429097077101 0.020898063852395642 0.0153401013541651 0.0073162225821213796 -0.0005828264325882218 0.0037617454079194612 0.0028340565124122105 0.0095512526306734281 0.0097468925616503548 -0.003450804653940855
leaf_weight=442 5177 2471 50 1192 97 68 51 136 262 136 51 52 160 510
leaf_count=442 5177 2471 50 1192 97 68 51 136 262 136 51 52 160 510
internal_value=-0.000509904 0.000534695 0.0030361 -0.000360115 0.00155874 0.00214347 0.00402731 0.00271765 0.00543931 0.00979412 0.0149412 0.0152353 0.00332701 0.000482971
internal_weight=10855 5678 1496 4182 1711 1394 952 850 519 204 102 102 422 646
internal_count=10855 5678 1496 4182 1711 1394 952 850 519 204 102 102 422 646
is_linear=0
shrinkage=0.03


Tree=39
num_leaves=15
num_cat=0
split_feature=30 40 33 11 35 2 2 9 24 67 16 67 45 33
split_gain=14.2082 10.8506 10.944 11.7098 24.2511 12.055 23.6029 15.0154 15.1314 19.8901 10.592 9.8599 12.4305 9.17837
threshold=0.47023808956146246 0.35263158380985266 59.031658172607429 3.5998610258102421 164.19361114501956 1122.5000000000002 915.50000000000011 0.29692129790782934 303.39137268066412 231.48430633544925 42.25505447387696 433.52986145019537 -0.56174489110708226 58.883518218994148
decision_type=2 2 2 2 2 2 2 2 2 2 2 2 2 2
left_child=-1 2 3 4 -2 6 7 13 9 -9 -5 -4 -13 -6
right_child=1 -3 11 10 5 -7 -8 8 -10 -11 -12 12 -14 -15
leaf_value=0.013194661036601885 0.020243649316615091 -0.0047881460543635424 -0.019451596483225562 -0.014682550503194815 0.00020195817985870361 -0.0034434598070059242 0.0076123871058074496 0.012113030526986144 0.001455402638912519 0.0074146171385066932 0.0053741518658228316 0.0078059941461562695 -0.00052995413246447853 0.016870057349042789
leaf_weight=390 68 4991 1342 884 1292 680 68 95 238 109 136 118 376 68
leaf_count=390 68 4991 1342 884 1292 680 68 95 238 109 136 118 376 68
internal_value=-0.000468448 -0.000677975 0.000244427 0.00119736 0.00225974 0.00178823 0.00303208 0.00237736 0.00718099 0.0131765 -0.00152941 -0.00164379 0.00197976 0.000816176
internal_weight=10855 10465 5474 3638 2618 2550 1870 1802 442 204 1020 1836 494 1360
internal_count=10855 10465 5474 3638 2618 2550 1870 1802 442 204 1020 1836 494 1360
is_linear=0
shrinkage=0.03


Tree=40
num_leaves=15
num_cat=0
split_feature=33 33 40 35 29 24 15 40 2 56 14 42 63 31
split_gain=15.1396 18.4651 11.9097 13.7443 17.2308 13.5992 13.6421 16.3169 13.5587 8.92318 8.47398 8.8557 7.56644 7.09481
threshold=58.354330062866218 58.261451721191413 0.13157894462347033 164.45888519287112 6193.1657714843759 154.29612731933597 0.48964698612689977 0.37368421256542211 239.50000000000003 71.500000000000014 776.00000000000011 0.47114434838294988 4691.2451171875009 0.496600091457367
decision_type=2 2 2 2 2 2 2 2 2 2 2 2 2 2
left_child=1 2 3 -1 -5 6 7 -4 -6 -2 11 -11 13 -7
right_child=9 -3 5 4 8 12 -8 -9 -10 10 -12 -13 -14 -15
leaf_value=0.010742478173310097 -0.013545406853729852 0.012086360853069905 0.0033738618460479762 0.0015698948256689541 0.02803246294185115 -0.0021375050343834293 0.0034047146906492584 0.011090273555200109 0.0059817480093496472 0.0010115240632126992 -0.00044016452584111576 0.016478751529593792 0.0040445693931600952 0.0074696992273896251
leaf_weight=78 3744 65 69 1105 52 4247 312 87 91 55 297 64 70 519
leaf_count=78 3744 65 69 1105 52 4247 312 87 91 55 297 64 70 519
internal_value=-0.000410411 0.00047274 0.000316741 0.00285973 0.00209615 -0.000319005 0.0045641 0.0118077 0.0118951 -0.00183173 0.00233654 0.00910084 -0.000791564 -0.000935376
internal_weight=10855 6695 6630 1326 1248 5304 468 156 143 4160 416 119 4836 4766
internal_count=10855 6695 6630 1326 1248 5304 468 156 143 4160 416 119 4836 4766
is_linear=0
shrinkage=0.03


Tree=41
num_leaves=15
num_cat=0
split_feature=40 33 69 45 36 2 1 27 23 15 34 67 67 25
split_gain=12.5168 13.2157 9.99107 9.74294 15.358 14.3932 18.9886 19.2538 11.1946 10.0119 8.35674 8.66133 6.90094 6.557
threshold=0.37368421256542211 57.31659126281739 803.95623779296886 0.81174489855766307 804.50000000000011 164.00000000000003 36.222858428955085 63.884410858154304 23.399305343627933 1.4485791921615603 49.138797760009773 649.55151367187511 433.52986145019537 677.84841918945324
decision_type=2 2 2 2 2 2 2 2 2 2 2 2 2 2
left_child=1 3 -3 4 5 6 7 -1 -7 -8 11 -4 -10 -12
right_child=-2 2 10 -5 -6 8 9 -9 12 -11 13 -13 -14 -15
leaf_value=-0.0085889506619080923 -0.0037313213266990529 -0.010958340485957008 -0.01120304744119581 -0.012488037864122994 0.0049061010771700529 -0.00029681857650324273 0.019245377384772198 0.007428353938027322 0.007289925532520964 0.0045580245805595786 -0.0020543838084505417 0.013494029662998968 -0.0064511720319731219 0.015899439281205865
leaf_weight=396 4843 2386 57 396 72 1440 144 180 227 108 313 166 61 66
leaf_count=396 4843 2386 57 396 72 1440 144 180 227 108 313 166 61 66
internal_value=-0.000471212 0.000443113 -0.000971888 0.00184127 0.00250228 0.00211737 0.00536956 0.00236458 0.000559027 0.0122381 0.00248173 0.00708969 0.00595833 -0.000229552
internal_weight=10855 6012 2988 3024 2628 2556 828 576 1728 252 602 223 288 379
internal_count=10855 6012 2988 3024 2628 2556 828 576 1728 252 602 223 288 379
is_linear=0
shrinkage=0.03


Tree=42
num_leaves=15
num_cat=0
split_feature=33 40 33 11 2 29 3 15 40 16 67 26 14 24
split_gain=12.7757 13.7102 11.9306 9.54679 19.409 24.4303 17.179 10.997 11.532 10.7078 10.9585 7.48489 10.9738 12.144
threshold=59.031658172607429 0.41578947007656103 58.883518218994148 3.5998610258102421 164.00000000000003 2715.3073730468755 19.187766075134281 1.0652661323547366 0.2578947395086289 42.25505447387696 542.78430175781261 9995.0000000000018 2892.5000000000005 321.84226989746099
decision_type=2 2 2 2 2 2 2 2 2 2 2 2 2 2
left_child=1 2 3 4 5 -1 11 8 -7 -5 -11 -6 -13 -14
right_child=-2 -3 -4 9 6 7 -8 -9 -10 10 -12 12 13 -15
leaf_value=0.00017867634037727203 -0.01033837720878265 -0.0023156974473860126 0.01561082637886315 -0.014105951991069706 -0.00082906199028105862 0.01862627657216601 0.012042361782150113 0.0059837443721501883 0.018667927372976668 0.0018442856587754708 0.0076449608787513999 -0.00044913683035280143 0.0069848009792425354 0.019190486039382504
leaf_weight=360 3510 2825 80 1040 1600 125 80 240 75 106 54 480 120 160
leaf_count=360 3510 2825 80 1040 1600 125 80 240 75 106 54 480 120 160
internal_value=-0.000468448 0.000243022 0.0012677 0.00106081 0.00190741 0.0059625 0.000577868 0.0107045 0.0159 -0.001225 0.006 0.000114406 0.00256579 0.00728571
internal_weight=10855 7345 4520 4440 3240 800 2440 440 200 1200 160 2360 760 280
internal_count=10855 7345 4520 4440 3240 800 2440 440 200 1200 160 2360 760 280
is_linear=0
shrinkage=0.03


Tree=43
num_leaves=15
num_cat=0
split_feature=29 65 28 42 36 19 40 45 7 27 21 69 44 40
split_gain=14.9778 10.6298 17.6017 11.5728 10.8452 8.90621 17.5339 7.82141 12.5226 14.8666 14.6855 19.9305 13.423 8.84513
threshold=1818.159851074219 655.96484375000011 48.66736030578614 0.77259656786918651 6.5000000000000009 0.49891331791877752 0.35263158380985266 0.81174489855766307 0.37267799675464636 23.947263717651371 2.675196766853333 68.86069488525392 1.0000000180025095e-35 0.15263157337903979
decision_type=2 2 2 2 2 2 2 2 2 2 2 2 2 2
left_child=1 -1 3 -3 -5 7 -7 8 9 -2 11 -10 -13 -12
right_child=5 2 -4 4 -6 6 -8 -9 10 -11 13 12 -14 -15
leaf_value=-0.01286445683506862 0.0041383923524905136 0.0045370851445378337 -0.0056458504801001107 0.000503114282098096 0.015043509899603701 0.018564315369440008 -0.017096155139071794 -0.013175365552321247 0.023297154587073193 -0.0011040074249832773 0.0047957152809774929 0.0064453651716036902 -0.0069307726044730341 -3.5348352560973235e-05
leaf_weight=4052 130 356 835 61 91 68 62 715 59 2340 330 433 223 1100
leaf_count=4052 130 356 835 61 91 68 62 715 59 2340 330 433 223 1100
internal_value=-0.0003275 -0.00144856 0.000864482 0.00526772 0.0121974 0.000780219 0.00853846 0.000590994 0.00104334 -0.000412956 0.00272028 0.00623077 0.00472866 0.000965034
internal_weight=10855 5395 1343 508 152 5460 130 5330 4615 2470 2145 715 656 1430
internal_count=10855 5395 1343 508 152 5460 130 5330 4615 2470 2145 715 656 1430
is_linear=0
shrinkage=0.03


Tree=44
num_leaves=15
num_cat=0
split_feature=29 40 19 28 65 28 2 10 13 42 36 15 24 35
split_gain=13.1209 10.2265 14.1174 13.088 9.85443 14.9192 8.65914 23.2901 10.4871 8.6315 8.06095 8.026 18.9926 20.798
threshold=1818.159851074219 0.37368421256542211 0.49891331791877752 148.632438659668 826.50152587890636 48.66736030578614 125.50000000000001 0.91729867458343517 374.74104309082037 0.58216583728790294 6.5000000000000009 0.16903646290302279 148.58184051513675 167.49777984619143
decision_type=2 2 2 2 2 2 2 2 2 2 2 2 2 2
left_child=4 2 3 -2 -1 9 7 8 -5 -6 -11 12 -3 -14
right_child=1 11 -4 6 5 -7 -8 -9 -10 10 -12 -13 13 -15
leaf_value=-0.010718351668526232 0.0052392684199229541 0.01078234478525541 0.017921551623367477 0.0070828153659916338 0.0030292333103644747 -0.0020999457674297892 0.00020439504239027178 -0.037301512950287663 0.017242689372133118 0.00064466553203067678 0.014586299414643058 -0.0014884546471057192 -0.00865218478702608 0.022637515868381405
leaf_weight=4429 108 58 72 252 188 603 2196 252 144 70 105 1943 377 58
leaf_count=4429 108 58 72 252 188 603 2196 252 144 70 105 1943 377 58
internal_value=-0.000410411 0.000626373 0.00179167 0.00147154 -0.00145969 0.00128571 0.00108228 0.00412963 0.00866667 0.00609091 0.0108857 -0.000820198 0.00259838 0.000448275
internal_weight=10855 5460 3024 2952 5395 966 2844 648 396 363 175 2436 493 435
internal_count=10855 5460 3024 2952 5395 966 2844 648 396 363 175 2436 493 435
is_linear=0
shrinkage=0.03


Tree=45
num_leaves=15
num_cat=0
split_feature=40 33 19 14 27 66 36 40 25 25 23 67 34 16
split_gain=11.5484 13.9823 10.6853 10.8361 26.1152 13.8721 11.6806 10.0126 8.89557 11.2795 22.858 15.0751 10.3808 7.37529
threshold=0.37368421256542211 57.31659126281739 0.49956579506397253 2810.5000000000005 30.181496620178226 1.0000000180025095e-35 6.5000000000000009 0.1947368457913399 812.88244628906261 654.93835449218761 22.666944503784183 433.52986145019537 47.295478820800788 45.783573150634773
decision_type=2 2 2 2 2 2 2 2 2 2 2 2 2 2
left_child=1 2 3 -1 7 6 -6 -5 9 12 -11 -12 -3 -7
right_child=-2 8 -4 4 5 13 -8 -9 -10 10 11 -13 -14 -15
leaf_value=1.3524834451663635e-05 -0.0034155470826456339 0.011234085746002648 0.017383905074666473 0.0073910123428610787 0.0062294465525184646 -0.0065018117962844539 0.016873252080645305 0.0042585996225754583 -0.014516197059026809 0.014254133736418009 -0.015173001050309054 0.0079204783012366241 -0.0044941162321603867 0.0047366352089479834
leaf_weight=1764 4843 144 72 57 209 595 174 51 1332 72 194 58 1188 102
leaf_count=1764 4843 144 72 57 209 595 174 51 1332 72 194 58 1188 102
internal_value=-0.000485031 0.000393213 0.00183135 0.00155284 0.00376768 0.00236111 0.00694778 0.0178333 -0.00106225 0.000405796 0.00542593 0.00116667 -0.000815316 -0.000159255
internal_weight=10855 6012 3024 2952 1188 1080 383 108 2988 1656 324 252 1332 697
internal_count=10855 6012 3024 2952 1188 1080 383 108 2988 1656 324 252 1332 697
is_linear=0
shrinkage=0.03


Tree=46
num_leaves=15
num_cat=0
split_feature=30 69 36 65 5 40 9 15 27 65 67 27 11 2
split_gain=12.3829 10.21 8.96944 10.11 8.79904 12.3862 10.5978 8.27128 7.91454 8.73857 6.8371 8.65078 6.57034 9.32071
threshold=0.47023808956146246 131.27236175537112 804.50000000000011 549.13595581054699 101.26041793823244 0.1947368457913399 0.67759257555007946 0.14449653029441836 11.08737087249756 1203.9395751953127 2489.4414062500005 52.948823928833015 4.1408333778381357 164.00000000000003
decision_type=2 2 2 2 2 2 2 2 2 2 2 2 2 2
left_child=7 10 4 -4 8 -6 -7 -1 9 -3 -2 -12 13 -10
right_child=1 2 3 -5 5 6 -8 -9 12 -11 11 -13 -14 -15
leaf_value=0.021806890174550109 -0.0079894230099798041 -0.04551838245927458 0.0041416178748777989 0.0012775325859909138 -0.010470588690110076 0.001496478636130983 0.0059478688741022934 0.0030410358310697561 0.0038955864916233895 0.014377098286743486 -7.1046989625833277e-05 0.018440129507328599 -0.025072345077939671 -0.00047722887682127353
leaf_weight=65 4897 54 50 81 85 65 68 325 917 82 150 55 747 3214
leaf_count=65 4897 54 50 81 85 65 68 325 917 82 150 55 747 3214
internal_value=-0.000479503 -0.000675108 0.000238858 0.00799237 4.47241e-05 0.00594495 0.0116617 0.00476923 -0.000211808 0.00692647 -0.00163583 0.00373171 -0.000410825 5.73704e-05
internal_weight=10855 10465 5363 131 5232 218 133 390 5014 136 5102 205 4878 4131
internal_count=10855 10465 5363 131 5232 218 133 390 5014 136 5102 205 4878 4131
is_linear=0
shrinkage=0.03


Tree=47
num_leaves=15
num_cat=0
split_feature=29 40 19 28 65 28 42 36 45 2 1 33 67 24
split_gain=12.111 9.83645 14.4393 13.4802 8.03684 12.8122 10.6545 12.6046 7.27508 7.60654 12.0125 12.9308 7.42316 7.20256
threshold=1818.159851074219 0.37368421256542211 0.49891331791877752 148.632438659668 655.96484375000011 48.66736030578614 0.63405361771583568 5.5000000000000009 0.81174489855766307 164.00000000000003 43.875020980834968 49.802545547485359 84.500556945800795 140.0133972167969
decision_type=2 2 2 2 2 2 2 2 2 2 2 2 2 2
left_child=4 2 3 -2 -1 6 -6 -8 9 10 11 12 -5 -13
right_child=1 -3 -4 8 5 -7 7 -9 -10 -11 -12 13 -14 -15
leaf_value=-0.01199036515106534 0.0049095238370543692 -0.00021829507088190424 0.017084572759403824 0.0078604403340631276 0.0033335440913119315 -0.0053068744153662662 -0.027450580458749065 0.0096181926693889429 -0.012546959491757449 0.00046430437552666062 0.0067844055320626304 0.0053059994577192883 0.015714217366555379 -0.0085969895988628944
leaf_weight=4052 108 2436 72 93 302 835 57 149 396 1728 72 108 87 360
leaf_count=4052 108 2436 72 93 302 835 57 149 396 1728 72 108 87 360
internal_value=-0.000496085 0.000499999 0.00164286 0.0013191 -0.00150417 0.000507073 0.00426378 0.00952427 0.00092405 0.00153431 0.004125 0.00283333 0.00966667 0.000205127
internal_weight=10855 5460 3024 2952 5395 1343 508 206 2844 2448 720 648 180 468
internal_count=10855 5460 3024 2952 5395 1343 508 206 2844 2448 720 648 180 468
is_linear=0
shrinkage=0.03


Tree=48
num_leaves=15
num_cat=0
split_feature=29 40 19 28 45 2 1 33 67 59 65 29 29 6
split_gain=12.3151 9.34873 14.5258 12.1788 7.19393 7.26504 12.1853 13.2836 7.42316 6.42383 6.38963 10.6596 10.2246 8.87621
threshold=1818.159851074219 0.37368421256542211 0.49891331791877752 148.632438659668 0.81174489855766307 164.00000000000003 43.875020980834968 49.802545547485359 84.500556945800795 106.50000000000001 655.96484375000011 563.54193115234386 366.89721679687506 0.20833333581686023
decision_type=2 2 2 2 2 2 2 2 2 2 2 2 2 2
left_child=10 2 3 -2 5 6 7 8 -5 -9 -1 12 -12 -14
right_child=1 -3 -4 4 -6 -7 -8 9 -10 -11 11 -13 13 -15
leaf_value=-0.011630654196533367 0.0047622381219427157 -0.00021174621875545084 0.016572035576621732 0.0076246271240412245 -0.012170550707004723 0.0004503752442608632 0.0065808733661007488 -0.0083391831664263189 0.015242790845558704 0.0046956995595493645 -0.00095863156923228787 -0.0046060309658983375 0.01305659562172326 0.0045344076029573506
leaf_weight=4052 108 2436 72 93 396 1728 72 331 87 137 203 852 86 202
leaf_count=4052 108 2436 72 93 396 1728 72 331 87 137 203 852 86 202
internal_value=-0.000515431 0.00048901 0.00160317 0.00127845 0.000902953 0.0015098 0.00404167 0.00274074 0.00966667 7.69224e-05 -0.00153197 0.000261354 0.00378208 0.00741667
internal_weight=10855 5460 3024 2952 2844 2448 720 648 180 468 5395 1343 491 288
internal_count=10855 5460 3024 2952 2844 2448 720 648 180 468 5395 1343 491 288
is_linear=0
shrinkage=0.03


Tree=49
num_leaves=15
num_cat=0
split_feature=33 33 56 40 24 28 35 9 22 30 9 28 16 36
split_gain=13.0489 18.7994 10.7082 9.96232 13.9789 20.3238 9.8053 15.1875 8.29266 15.1972 11.8067 9.85543 9.94644 8.02614
threshold=58.354330062866218 58.261451721191413 90.500000000000014 0.37368421256542211 154.29612731933597 353.56921386718756 164.45888519287112 0.31909723579883581 6.6240646839141855 0.65922617912292492 0.038692131638526923 471.63014221191412 42.25505447387696 7.5000000000000009
decision_type=2 2 2 2 2 2 2 2 2 2 2 2 2 2
left_child=1 3 -2 6 5 -5 7 -1 9 10 -8 12 -10 -4
right_child=2 -3 13 4 -6 -7 8 -9 11 -11 -12 -13 -14 -15
leaf_value=0.016074874509323055 -0.010459594205925186 0.012919422902334721 0.011436425945225391 0.01055182913053402 -0.0032166660240913153 -6.918076811871288e-05 0.0036379035025780127 0.002971637411346064 -0.0023731385936710948 0.00054899731782767527 0.0086782625352794917 0.0067805634919127127 0.0041950035690833786 -0.0094208324664595815
leaf_weight=72 3864 65 165 87 2697 174 144 144 1944 756 288 180 144 131
leaf_count=72 3864 65 165 87 2697 174 144 144 1944 756 288 180 144 131
internal_value=-0.000490558 0.00032935 -0.0018101 0.000171945 -0.00112373 0.00550575 0.00121569 0.00741667 0.000828124 0.00285859 0.00734722 -0.00023545 -0.000816093 0.00368919
internal_weight=10855 6695 4160 6630 2958 261 3672 216 3456 1188 432 2268 2088 296
internal_count=10855 6695 4160 6630 2958 261 3672 216 3456 1188 432 2268 2088 296
is_linear=0
shrinkage=0.03


Tree=50
num_leaves=15
num_cat=0
split_feature=30 40 28 12 9 12 12 0 4 4 21 27 12 15
split_gain=12.3959 10.7729 12.5745 10.1339 9.91897 13.344 14.2105 13.2711 10.8307 15.4921 9.54294 10.7955 8.84689 8.27128
threshold=0.47023808956146246 0.39473684132099157 37.987070083618171 402.93750000000006 0.052210649475455291 87.375000000000014 362.01042175292974 718.70834350585949 23.103233337402347 27.955825805664066 3.2427661418914799 59.136638641357429 285.62500000000006 0.14449653029441836
decision_type=2 2 2 2 2 2 2 2 2 2 2 2 2 2
left_child=13 2 -2 4 5 -4 -7 -8 10 -10 11 12 -6 -1
right_child=1 -3 3 -5 8 6 7 -9 9 -11 -12 -13 -14 -15
leaf_value=0.021262084688725463 -0.024668424178526244 -0.0040535661044452534 0.015223182300911398 -0.0069382897927447928 0.0094894083673523599 0.0020824081361195995 0.0070719083513046087 0.0014692894439547386 0.012526093957446735 0.0015385991378318786 -0.0019675942915964983 -0.0013025507891591913 -0.031309425069503939 0.003058811159465726
leaf_weight=65 1064 4347 76 1064 342 570 114 76 76 190 2052 418 76 325
leaf_count=65 1064 4347 76 1064 342 570 114 76 76 190 2052 418 76 325
internal_value=-0.000482267 -0.000677975 0.000133376 0.000757419 0.00145113 0.00435646 0.00315789 0.0102632 0.000681039 0.00647368 0.000147506 0.00284928 0.00625837 0.00476923
internal_weight=10855 10465 6118 5054 3990 836 760 190 3154 266 2888 836 418 390
internal_count=10855 10465 6118 5054 3990 836 760 190 3154 266 2888 836 418 390
is_linear=0
shrinkage=0.03


Tree=51
num_leaves=15
num_cat=0
split_feature=33 33 40 69 25 42 45 2 29 15 36 30 23 30
split_gain=11.6414 18.9255 9.64103 9.51913 10.8198 10.0071 8.6688 10.8195 18.4846 12.0938 11.3864 8.91571 8.4361 7.98583
threshold=58.354330062866218 58.261451721191413 0.41578947007656103 763.96945190429699 477.30372619628912 0.81241145730018627 0.81174489855766307 164.00000000000003 3118.2814941406255 1.0652661323547366 804.50000000000011 0.76636904478073131 23.399305343627933 0.77827382087707531
decision_type=2 2 2 2 2 2 2 2 2 2 2 2 2 2
left_child=1 2 6 -2 -5 -6 7 8 13 -10 12 -11 -9 -1
right_child=3 -3 -4 4 5 -7 -8 10 9 11 -12 -13 -14 -15
leaf_value=-0.0137962290529075 -0.0122942046508307 0.012156057396541286 -0.0013483820387331213 -0.00040022425058203301 0.0088466571564117039 0.012601257398607313 -0.011023319230118291 -0.00057301358084485728 0.014305354815312678 0.003419362419428142 0.0037836761845539257 0.0045865369844032859 0.0044336626164996297 0.003590888342775198
leaf_weight=280 3492 65 2550 464 151 53 520 1960 160 200 80 80 480 320
leaf_count=280 3492 65 2550 464 151 53 520 1960 160 200 80 80 480 320
internal_value=-0.000498849 0.000275578 0.000117646 -0.00174519 0.00153593 0.00729412 0.00102206 0.00155056 0.004125 0.00879545 0.000488095 0.00503571 0.00012295 0.000699999
internal_weight=10855 6695 6630 4160 668 204 4080 3560 1040 440 2520 280 2440 600
internal_count=10855 6695 6630 4160 668 204 4080 3560 1040 440 2520 280 2440 600
is_linear=0
shrinkage=0.03


Tree=52
num_leaves=15
num_cat=0
split_feature=33 33 56 40 45 2 29 27 36 30 30 23 14 42
split_gain=12.4054 18.705 9.04712 8.1966 9.18186 11.3097 19.0783 10.9768 10.1883 9.49709 8.46647 8.25418 8.11646 7.79519
threshold=58.354330062866218 58.261451721191413 71.500000000000014 0.44736842811107641 0.81174489855766307 164.00000000000003 3118.2814941406255 60.848470687866218 804.50000000000011 0.76636904478073131 0.77827382087707531 23.399305343627933 776.00000000000011 0.47114434838294988
decision_type=2 2 2 2 2 2 2 2 2 2 2 2 2 2
left_child=1 3 -2 4 5 6 10 -8 11 -9 -1 -7 13 -4
right_child=2 -3 12 -5 -6 8 7 9 -10 -11 -12 -13 -14 -15
leaf_value=-0.013453991945676627 -0.010803164057868759 0.011791375674645058 0.0011425106373067345 -0.0016694267716524779 -0.008779223939622563 -0.00055138147529724751 0.014837329826776262 0.0034815831860677839 0.003427730472838206 0.0043480267051215545 0.0034716686916123327 0.004324811281189298 -0.00012186061559305017 0.012296239156995466
leaf_weight=301 3744 65 55 2244 559 2107 129 258 86 86 344 516 297 64
leaf_count=301 3744 65 55 2244 559 2107 129 258 86 86 344 516 297 64
internal_value=-0.000429757 0.000369678 -0.00171635 0.000212669 0.000967168 0.00149177 0.00403041 0.00860676 0.000444075 0.00580814 0.000674418 0.000110941 0.00248077 0.00910084
internal_weight=10855 6695 4160 6630 4386 3827 1118 473 2709 344 645 2623 416 119
internal_count=10855 6695 4160 6630 4386 3827 1118 473 2709 344 645 2623 416 119
is_linear=0
shrinkage=0.03


Tree=53
num_leaves=15
num_cat=0
split_feature=29 19 65 29 29 40 6 30 31 24 40 9 69 28
split_gain=11.7017 9.17411 9.05234 15.2602 11.3409 7.90002 9.23094 7.58832 7.38513 13.7916 13.2498 10.775 10.5487 10.119
threshold=1818.159851074219 0.49956579506397253 655.96484375000011 563.54193115234386 366.89721679687506 0.4789473712444306 0.20833333581686023 0.47023808956146246 0.43471743166446691 248.05803680419925 0.17368421703577044 0.92435190081596386 482.13027954101568 148.632438659668
decision_type=2 2 2 2 2 2 2 2 2 2 2 2 2 2
left_child=2 7 -1 4 -4 6 -6 -2 9 -9 -11 13 -12 -10
right_child=1 -3 3 -5 5 -7 -8 8 11 10 12 -13 -14 -15
leaf_value=-0.010811813024737183 0.010315311636717641 0.014375953568667263 -0.00041816652736599862 -0.0043764635172520707 0.011927351982285596 -0.024739225786302839 0.0037396893923658052 0.00081286596477657012 0.0031143400844227467 0.012873171951408201 -0.0032065590318617332 0.00054461606845358172 0.0018057563307663025 -0.0023259194135885055
leaf_weight=4052 390 65 203 852 67 63 158 1690 130 51 88 65 56 2925
leaf_count=4052 390 65 203 852 67 63 158 1690 130 51 88 65 56 2925
internal_value=-0.000413174 0.000565933 -0.00140408 0.000730453 0.00494297 0.00877083 0.0114 0.000430954 0.000116882 0.00159947 0.00915385 -0.000778847 0.0045 -0.00103601
internal_weight=10855 5460 5395 1343 491 288 225 5395 5005 1885 195 3120 144 3055
internal_count=10855 5460 5395 1343 491 288 225 5395 5005 1885 195 3120 144 3055
is_linear=0
shrinkage=0.03


Tree=54
num_leaves=15
num_cat=0
split_feature=33 40 27 36 7 16 67 28 1 44 67 24 15 3
split_gain=11.5547 10.3762 11.5515 21.8899 12.9121 9.8291 16.8636 9.33391 11.7292 15.078 8.21528 7.99759 24.1402 7.91005
threshold=59.031658172607429 0.41578947007656103 44.474695205688484 475.50000000000006 0.37267799675464636 5.6410462856292733 746.94918823242199 289.21171569824224 42.695486068725593 0.6078576147556306 959.97958374023449 154.29612731933597 0.48964698612689977 0.26906249672174459
decision_type=2 2 2 2 2 2 2 2 2 2 2 2 2 2
left_child=1 2 3 4 -1 6 13 -4 9 -9 -8 12 -3 -6
right_child=-2 11 7 -5 5 -7 10 8 -10 -11 -12 -13 -14 -15
leaf_value=-0.0019458366442810882 -0.0077376942160979839 0.010444864817856416 -0.010359465352618384 0.0077585007665407785 -3.4063457719847642e-05 0.0018362244754826168 0.013727027362156648 0.0025613372546957171 -0.00016131884788626931 0.013926392942145434 0.012269407433900056 -0.0036201260391992918 -0.00012313606305552226 0.0062555075385131694
leaf_weight=680 3510 75 1080 120 199 400 63 280 1360 160 112 2575 175 66
leaf_count=680 3510 75 1080 120 199 400 63 280 1360 160 112 2575 175 66
internal_value=-0.000413174 0.000263444 0.00115487 0.00316463 0.00219079 0.00467857 0.00777273 1.0416e-05 0.00133333 0.00559091 0.015 -0.00116283 0.00396 0.003
internal_weight=10855 7345 4520 1640 1520 840 440 2880 1800 440 175 2825 250 265
internal_count=10855 7345 4520 1640 1520 840 440 2880 1800 440 175 2825 250 265
is_linear=0
shrinkage=0.03


Tree=55
num_leaves=15
num_cat=0
split_feature=28 40 12 10 35 10 28 2 45 40 67 9 12 21
split_gain=11.1162 11.8439 11.1323 13.5624 20.9215 19.5256 14.679 11.5287 10.6374 11.4184 10.0213 10.0119 11.7927 8.81228
threshold=37.987070083618171 0.36315789818763738 402.93750000000006 0.87461403012275707 164.19361114501956 0.79343205690383922 46.423034667968757 124.50000000000001 1.0000000180025095e-35 0.10000000149011613 1279.4409179687502 0.26278935372829443 362.01042175292974 2.0669791698455815
decision_type=2 2 2 2 2 2 2 2 2 2 2 2 2 2
left_child=-1 2 3 4 -2 6 -6 10 9 11 -8 12 -9 -5
right_child=1 -3 -4 13 5 -7 7 8 -10 -11 -12 -13 -14 -15
leaf_value=-0.02681103376905632 0.013508601232338612 -0.00098660104753575326 -0.0061296470954351149 0.0045508133172611044 0.010465198516396814 0.0078233084322037877 0.0079607487653096769 0.0031538411849777325 -0.011347693244569336 0.00038860614493413235 0.007677566348860649 0.034517801034262934 0.018387360115388648 -0.003564410788904928
leaf_weight=1820 70 4170 980 70 105 105 177 250 595 875 138 50 50 1400
leaf_count=1820 70 4170 980 70 105 105 177 250 595 875 138 50 50 1400
internal_value=-0.000415938 1.49412e-05 0.00102055 0.00174131 0.00312422 0.00264179 0.00204911 0.00151054 0.000593406 0.00219184 0.00680952 0.00677143 0.0047 -0.000530613
internal_weight=10855 9035 4865 3885 2415 2345 2240 2135 1820 1225 315 350 300 1470
internal_count=10855 9035 4865 3885 2415 2345 2240 2135 1820 1225 315 350 300 1470
is_linear=0
shrinkage=0.03


Tree=56
num_leaves=15
num_cat=0
split_feature=58 30 9 4 30 40 63 40 35 0 36 27 67 24
split_gain=10.2854 8.71085 7.34418 9.9713 9.57488 8.39253 8.38467 7.91232 7.26027 14.6199 6.83456 5.93687 7.99534 7.67619
threshold=0.0023611111100763087 0.47023808956146246 0.87468752264976513 20.981290817260746 0.79017856717109691 0.1947368457913399 181.22708129882815 0.37368421256542211 164.45888519287112 40.583332061767585 804.50000000000011 69.286941528320327 2012.3750000000002 243.51785278320315
decision_type=2 2 2 2 2 2 2 2 2 2 2 2 2 2
left_child=11 -2 3 7 -5 -6 -7 8 9 -3 -10 -1 13 -13
right_child=1 2 -4 4 5 6 -8 -9 10 -11 -12 12 -14 -15
leaf_value=-0.0062076582429898344 0.012432608649534148 0.013125281524573573 -0.021370895907675228 -0.0070094169563606366 -0.00015622154802107354 0.0085815742761350903 0.0039719257793222919 -0.001786836220084007 0.00077472393902936929 0.0029259707423320955 0.0028669199746222595 -0.00095794552254035222 0.01099192318612097 0.0028901172285147503
leaf_weight=4671 186 64 597 114 69 78 93 1594 2402 119 87 480 53 248
leaf_count=4671 186 64 597 114 69 78 93 1594 2402 119 87 480 53 248
internal_value=-0.000468448 0.000459189 0.000231742 0.000636363 0.00547458 0.008875 0.0124386 0.00023488 0.00123278 0.007 0.000808758 -0.00138775 0.00103329 0.000214285
internal_weight=10855 5403 5217 4620 354 240 171 4266 2672 183 2489 5452 781 728
internal_count=10855 5403 5217 4620 354 240 171 4266 2672 183 2489 5452 781 728
is_linear=0
shrinkage=0.03


Tree=57
num_leaves=15
num_cat=0
split_feature=33 40 33 10 9 35 55 2 36 69 69 22 33 67
split_gain=11.6367 11.1911 14.1569 9.72814 20.1023 18.288 11.7305 11.7005 14.9114 9.16556 7.88447 9.01993 7.79498 11.3166
threshold=59.031658172607429 0.45789474248886114 58.883518218994148 1.0529553294181826 0.47472222149372106 164.19361114501956 0.0147222219966352 129.00000000000003 6.5000000000000009 182.7055587768555 758.70916748046886 7.5399601459503183 69.806602478027358 32.09819412231446
decision_type=2 2 2 2 2 2 2 2 2 2 2 2 2 2
left_child=1 2 3 4 5 -1 -6 8 -7 -10 12 -12 -2 -14
right_child=10 -3 -4 -5 6 7 -8 -9 9 -11 11 -13 13 -15
leaf_value=0.011763027496980509 -0.01352874030693178 -0.0025485442553654096 0.010230361891502717 -0.0048738558871754146 0.011353526229195098 -0.0013648129992979664 0.0030618867730545516 4.4946913690786516e-05 0.018571037834855215 0.0041454317276057341 0.0082874175460839073 -0.00082237016730288856 -0.0064247058826761337 0.0076148476497711216
leaf_weight=88 2703 2373 88 1540 62 220 114 2640 50 170 241 306 155 105
leaf_count=88 2703 2373 88 1540 62 220 114 2640 50 170 241 306 155 105
internal_value=-0.000391065 0.00028795 0.00109694 0.000882063 0.00179067 0.00124242 0.0116591 0.000857142 0.00538636 0.0109091 -0.00181197 0.00149726 -0.00242288 0.00253846
internal_weight=10855 7345 4972 4884 3344 3168 176 3080 440 220 3510 547 2963 260
internal_count=10855 7345 4972 4884 3344 3168 176 3080 440 220 3510 547 2963 260
is_linear=0
shrinkage=0.03


Tree=58
num_leaves=15
num_cat=0
split_feature=33 33 12 65 34 6 2 36 19 69 25 42 40 33
split_gain=12.8024 12.7177 9.248 13.6165 12.9819 9.5511 10.5624 13.4577 9.21079 8.58915 9.36292 9.94102 8.48077 7.36236
threshold=58.354330062866218 58.261451721191413 371.14584350585943 4791.8066406250009 50.380050659179695 0.29166667163372045 129.00000000000003 6.5000000000000009 0.49956579506397253 729.61248779296886 477.30372619628912 0.81241145730018627 0.20526316016912463 69.806602478027358
decision_type=2 2 2 2 2 2 2 2 2 2 2 2 2 2
left_child=1 2 3 5 -5 6 7 12 -8 13 -11 -12 -1 -2
right_child=9 -3 -4 4 -6 -7 8 -9 -10 10 11 -13 -14 -15
leaf_value=0.0064432067196325063 -0.012251010189986918 0.010949606267352139 -0.0054040800278365884 0.001087058017950807 0.0025573468436575963 -0.0044303809549718397 0.00020626201934925475 0.0070388321374459618 0.012374975865726104 -0.0003384857711278588 0.0072698609779227865 0.010513612071544482 -0.0042020378194956264 0.0058709880102840329
leaf_weight=100 3210 65 1495 107 58 1254 2953 373 65 477 155 58 225 260
leaf_count=100 3210 65 1495 107 58 1254 2953 373 65 477 155 58 225 260
internal_value=-0.00040212 0.000410007 0.000280542 0.000885102 0.00936364 0.000603621 0.0013676 0.00469341 0.000598409 -0.00170914 0.00134783 0.00657746 0.000230769 -0.002317
internal_weight=10855 6695 6630 5135 165 4970 3716 698 3018 4160 690 213 325 3470
internal_count=10855 6695 6630 5135 165 4970 3716 698 3018 4160 690 213 325 3470
is_linear=0
shrinkage=0.03


Tree=59
num_leaves=15
num_cat=0
split_feature=33 33 12 65 34 6 2 36 19 40 42 69 25 42
split_gain=13.1387 11.7528 8.38236 13.0047 12.2311 8.87644 9.57866 12.4408 9.15521 8.48077 8.0071 7.98977 8.19986 8.82583
threshold=58.354330062866218 58.261451721191413 375.32292175292974 4791.8066406250009 50.380050659179695 0.29166667163372045 129.00000000000003 6.5000000000000009 0.49956579506397253 0.20526316016912463 0.72947329282760631 729.61248779296886 477.30372619628912 0.81241145730018627
decision_type=2 2 2 2 2 2 2 2 2 2 2 2 2 2
left_child=1 2 3 5 -5 6 7 9 -8 -1 -9 -2 -13 -14
right_child=11 -3 -4 4 -6 -7 8 10 -10 -11 -12 12 13 -15
leaf_value=0.0062499105180435317 -0.010552483441500348 0.01062111807933158 -0.0078525419275996614 0.0010544462774122652 0.0024806264383478781 -0.0042974695263226876 0.00014342701734388895 0.0030476059167041649 0.01200372658975434 -0.0040759766849107655 0.010934398909266729 -0.00032833119799403399 0.0070517651485851058 0.010198203709398132
leaf_weight=100 3470 65 1430 107 58 1254 3018 252 65 225 121 477 155 58
leaf_count=100 3470 65 1430 107 58 1254 3018 252 65 225 121 477 155 58
internal_value=-0.000363428 0.000459297 0.000334841 0.00089423 0.00918182 0.000622641 0.00134806 0.00452149 0.000629581 0.000230769 0.00826005 -0.0016875 0.00126087 0.00615493
internal_weight=10855 6695 6630 5200 165 5035 3781 698 3083 325 373 4160 690 213
internal_count=10855 6695 6630 5200 165 5035 3781 698 3083 325 373 4160 690 213
is_linear=0
shrinkage=0.03


Tree=60
num_leaves=15
num_cat=0
split_feature=33 33 42 12 65 34 26 42 24 40 35 9 36 33
split_gain=12.1443 11.0669 10.1551 8.98664 8.82436 11.0622 7.60848 7.05778 6.62968 8.43038 13.5256 13.8999 11.4634 9.81071
threshold=59.031658172607429 58.883518218994148 0.29012925922870642 465.65625000000006 4791.8066406250009 50.380050659179695 12533.000000000002 0.032701563090086053 126.40029907226564 0.36315789818763738 164.45888519287112 0.31909723579883581 475.50000000000006 31.187319755554203
decision_type=2 2 2 2 2 2 2 2 2 2 2 2 2 2
left_child=1 3 -3 4 6 -6 8 -8 -1 10 11 -10 -12 -11
right_child=-2 2 -4 -5 5 -7 7 -9 9 13 12 -13 -14 -15
leaf_value=0.0036683093337954321 -0.0067234871961360841 -0.0073933070375496431 0.0096366903308812372 -0.009650072275018828 0.0011002563117977586 0.0024062076451974211 -0.0010226818586498698 0.012683264334429064 0.011625332851057468 0.0029432734935965319 -1.6530924328872485e-05 0.0033536039827394061 0.0065655154974961051 -0.0047114070075760491
leaf_weight=381 3510 52 78 1105 177 58 108 261 70 60 2414 124 133 2324
leaf_count=381 3510 52 78 1105 177 58 108 261 70 60 2414 124 133 2324
internal_value=-0.000368955 0.00032471 0.009 0.000168398 0.000618657 0.00631915 0.000390638 0.00456097 0.000111151 -0.000172684 0.000962057 0.00859794 0.000380447 -0.00147735
internal_weight=10855 7345 130 7215 6110 235 5875 369 5506 5125 2741 194 2547 2384
internal_count=10855 7345 130 7215 6110 235 5875 369 5506 5125 2741 194 2547 2384
is_linear=0
shrinkage=0.03


Tree=61
num_leaves=15
num_cat=0
split_feature=28 33 27 30 26 19 13 9 40 40 15 40 33 11
split_gain=10.5271 11.6363 10.1572 9.24919 8.05523 7.84126 9.15417 9.48513 17.4232 16.4573 6.66462 5.48079 6.22644 7.49828
threshold=37.987070083618171 69.806602478027358 8.844882011413576 0.47023808956146246 4283.5000000000009 0.49956579506397253 371.79049682617193 0.41223378479480749 0.11052631586790086 0.21578947454690936 0.14449653029441836 0.4052631556987763 58.354330062866218 3.6529166698455815
decision_type=2 2 2 2 2 2 2 2 2 2 2 2 2 2
left_child=-1 2 -2 10 5 6 -5 8 -8 -9 -4 12 13 -6
right_child=1 -3 3 4 11 -7 7 9 -10 -11 -12 -13 -14 -15
leaf_value=-0.02473499993352344 0.0096031568881897473 0.0069875897732928054 0.017780592954853548 -0.00010518920751522386 0.0015549726668547946 0.011294854806530008 0.011238029361959905 -0.02157422215092995 -0.0031617778459514245 0.0095764262246199293 0.0024053243694998096 -0.0054279053227318233 -0.0042039720054399864 -0.010871276236083366
leaf_weight=1820 65 65 65 1040 2067 65 55 63 270 132 325 2756 1209 858
leaf_count=1820 65 65 65 1040 2067 65 55 63 270 132 325 2756 1209 858
internal_value=-0.000374483 4.4825e-05 -4.68235e-05 -0.000133072 -0.000339989 0.00156 0.00113461 0.00438461 0.00124615 0.00961538 0.00438461 -0.000788099 -9.72431e-05 0.000651281
internal_weight=10855 9035 8970 8905 8515 1625 1560 520 325 195 390 6890 4134 2925
internal_count=10855 9035 8970 8905 8515 1625 1560 520 325 195 390 6890 4134 2925
is_linear=0
shrinkage=0.03


Tree=62
num_leaves=15
num_cat=0
split_feature=58 9 2 50 3 42 34 0 52 40 34 27 27 67
split_gain=10.9815 8.94921 8.75002 10.1878 8.27787 7.72815 7.47747 8.94966 8.49153 6.82971 10.6933 8.26894 5.35899 8.10492
threshold=0.0023611111100763087 0.87468752264976513 260.50000000000006 102.50000000000001 10.599641323089601 0.29012925922870642 46.633069992065437 30.375000000000004 0.17902778089046481 0.10000000149011613 48.947973251342781 49.175724029541023 69.286941528320327 2012.3750000000002
decision_type=2 2 2 2 2 2 2 2 2 2 2 2 2 2
left_child=12 2 3 6 9 -6 8 -8 -2 10 11 -4 -1 -14
right_child=1 -3 4 -5 5 -7 7 -9 -10 -11 -12 -13 13 -15
leaf_value=-0.0055158697694896713 0.0013227945491878256 -0.019658358282428932 0.01508963004449379 0.011912445662902282 -0.0041177841288676407 0.0059234249699358808 -0.0048619814645405558 0.003609854189534576 0.01118913994667052 -0.0012388308399839153 -0.0011618674763280933 0.0026144210187306885 2.9230153638277095e-05 0.010330789080345112
leaf_weight=4671 55 597 108 107 52 83 566 1102 54 2352 218 109 728 53
leaf_count=4671 55 597 108 107 52 83 566 1102 54 2352 218 109 728 53
internal_value=-0.000393828 0.000564686 0.000995006 0.00258917 -3.28549e-05 0.00722222 0.00204783 0.00155036 0.00966055 -0.000384285 0.00306896 0.00778341 -0.00134373 0.000956465
internal_weight=10855 5403 4806 1884 2922 135 1777 1668 109 2787 435 217 5452 781
internal_count=10855 5403 4806 1884 2922 135 1777 1668 109 2787 435 217 5452 781
is_linear=0
shrinkage=0.03


Tree=63
num_leaves=15
num_cat=0
split_feature=33 69 65 34 11 10 35 40 27 63 30 33 67 22
split_gain=10.43 9.96754 8.24112 15.481 9.26779 10.4909 9.25059 16.8396 9.03014 9.28807 7.98427 7.91002 11.1375 7.59289
threshold=58.354330062866218 763.96945190429699 4791.8066406250009 50.380050659179695 3.3650000095367436 0.79343205690383922 164.19361114501956 0.35263158380985266 42.520748138427741 976.79791259765636 0.48065476119518286 69.806602478027358 32.09819412231446 7.6309361457824716
decision_type=2 2 2 2 2 2 2 2 2 2 2 2 2 2
left_child=2 11 4 -4 5 6 7 -1 -7 -10 -8 -2 -13 -3
right_child=1 13 3 -5 -6 8 10 -9 9 -11 -12 12 -14 -15
leaf_value=0.010609365799331395 -0.010854121917957026 0.0061089915814544855 0.00056923174417477563 0.0023911186931875566 -0.010102559587646774 0.00065659688896350021 0.0095882527091388781 -0.026683870271892989 0.0099114925117265423 0.00046025266629325042 -0.00014108152452173113 -0.0060622779953745428 0.0085407879691554636 -0.010357506405936152
leaf_weight=68 3232 382 223 58 2094 325 337 62 107 71 3350 155 105 286
leaf_count=68 3232 382 223 58 2094 325 337 62 107 71 3350 155 105 286
internal_value=-0.0003275 -0.00150721 0.000405526 0.00543416 0.000185219 0.000979166 0.000442493 0.00830769 0.00505169 0.0104831 0.000165174 -0.00214949 0.00288461 0.0018503
internal_weight=10855 4160 6695 281 6414 4320 3817 130 503 178 3687 3492 260 668
internal_count=10855 4160 6695 281 6414 4320 3817 130 503 178 3687 3492 260 668
is_linear=0
shrinkage=0.03


Tree=64
num_leaves=15
num_cat=0
split_feature=65 35 0 67 35 34 0 0 27 3 35 15 23 67
split_gain=10.4011 15.7931 9.88749 10.7426 13.7977 12.6296 15.6828 10.4357 9.79623 8.43154 8.21109 9.01118 8.09917 10.0625
threshold=4791.8066406250009 167.49777984619143 471.75000000000006 361.32292175292974 166.73541259765628 52.473854064941413 326.37500000000006 30.375000000000004 25.256567001342777 8.5608682632446307 165.98194122314456 0.34142361581325537 21.374722480773929 816.88723754882824
decision_type=2 2 2 2 2 2 2 2 2 2 2 2 2 2
left_child=2 -2 3 8 -5 6 7 9 -1 -6 11 -10 -9 -14
right_child=1 -3 -4 4 5 -7 -8 12 10 -11 -12 -13 13 -15
leaf_value=-0.018756276204434239 0.00054913063129561701 0.0023193851323919171 -0.0067226986890892163 -0.0016443738601190792 -0.011342243155966545 -0.001979127853217192 0.0068997777881352109 -9.8677990163267273e-05 -0.02355565851238671 0.0042760079208162202 -0.00063991810404850729 0.0058398270431660624 0.0011376691751560414 0.0091560213638713656
leaf_weight=2247 229 58 1715 1532 315 468 55 207 163 51 2463 490 324 538
leaf_count=2247 229 58 1715 1532 315 468 55 207 163 51 2463 490 324 538
internal_value=-0.000377246 0.00525784 -0.000530281 -0.000126399 0.00116905 0.00283759 0.00418792 0.00358537 -0.000969421 -0.000786886 0.000119383 0.00311026 0.00508232 0.00636195
internal_weight=10855 287 10568 8853 3490 1958 1490 1435 5363 366 3116 653 1069 862
internal_count=10855 287 10568 8853 3490 1958 1490 1435 5363 366 3116 653 1069 862
is_linear=0
shrinkage=0.03


Tree=65
num_leaves=15
num_cat=0
split_feature=33 33 42 40 33 27 36 7 9 18 18 69 33 15
split_gain=10.0595 11.2763 10.1551 8.15052 9.30077 7.82032 11.6276 11.8579 11.1229 20.3093 10.0408 8.55402 7.26291 10.8038
threshold=59.031658172607429 58.883518218994148 0.29012925922870642 0.4052631556987763 30.3546257019043 44.474695205688484 475.50000000000006 0.37267799675464636 0.0074305555317550906 0.23958333581686023 0.17708333581686023 882.39263916015636 69.806602478027358 5.2561080455780038
decision_type=2 2 2 2 2 2 2 2 2 2 2 2 2 2
left_child=1 3 -3 5 -5 6 7 -1 9 -7 11 -9 -2 -14
right_child=12 2 -4 4 -6 8 -8 10 -10 -11 -12 -13 13 -15
leaf_value=-0.0025191238037772993 -0.006389655051077474 -0.0077676418251373747 0.0084932489002633102 0.0023317763172594928 -0.0022963938733388399 4.0354004680595565e-05 0.0091935593852158076 0.0094755949309942977 -0.0012701244372433224 0.0093667505662483209 0.0016647608824783332 0.004361703874522966 -0.033603620986089135 0.007571978665760733
leaf_weight=663 3250 52 78 52 2834 390 78 56 2262 156 663 61 130 130
leaf_count=663 3250 52 78 52 2834 390 78 56 2262 156 663 61 130 130
internal_value=-0.000388301 0.000243022 0.009 8.52384e-05 -0.00114969 0.000908523 0.00264102 0.00203118 -2.99152e-05 0.00381319 0.00453846 0.012641 -0.0017094 0.00311538
internal_weight=10855 7345 130 7215 2886 4329 1521 1443 2808 546 780 117 3510 260
internal_count=10855 7345 130 7215 2886 4329 1521 1443 2808 546 780 117 3510 260
is_linear=0
shrinkage=0.03


Tree=66
num_leaves=15
num_cat=0
split_feature=65 35 59 9 9 2 9 69 30 42 69 33 12 33
split_gain=10.3603 15.7931 9.04015 7.36773 7.1827 6.83626 8.77043 10.1802 7.23967 7.80795 6.74836 6.23128 4.63339 7.97532
threshold=4791.8066406250009 167.49777984619143 1.5000000000000002 0.87468752264976513 0.67759257555007946 260.50000000000006 0.23431713879108432 1.0000000180025095e-35 0.76934522390365612 0.72947329282760631 1.7788888812065127 58.354330062866218 371.14584350585943 57.361564636230476
decision_type=2 2 2 2 2 2 2 2 2 2 2 2 2 2
left_child=2 -2 11 4 5 6 7 -4 -9 -10 -6 12 13 -1
right_child=1 -3 3 -5 10 -7 -8 8 9 -11 -12 -13 -14 -15
leaf_value=-0.00014067437120687381 0.00056661671713595038 0.0021446659275853306 0.015752549934604398 -0.016164279621605656 -0.015435029092271657 -0.00027169127411973506 1.1410019503488299e-05 0.0015273846076402798 0.00071734881464203669 0.0077985440455867481 0.0056487358293648834 -0.010305811454572685 -0.009956167989531188 0.0066410030218737323
leaf_weight=2560 229 58 71 461 51 2102 716 317 177 87 155 2697 902 272
leaf_count=2560 229 58 71 461 51 2102 716 317 177 87 155 2697 902 272
internal_value=-0.000366191 0.00525784 -0.000518926 0.000575054 0.00102339 0.000700287 0.00235088 0.0048681 0.00355766 0.00722727 0.00646602 -0.00122267 -0.000429031 0.000167372
internal_weight=10855 287 10568 4137 3676 3470 1368 652 581 264 206 6431 3734 2832
internal_count=10855 287 10568 4137 3676 3470 1368 652 581 264 206 6431 3734 2832
is_linear=0
shrinkage=0.03


Tree=67
num_leaves=15
num_cat=0
split_feature=30 69 65 21 67 27 27 65 5 40 17 35 15 40
split_gain=10.5121 10.1446 6.86934 13.0059 6.52614 8.65078 6.11469 11.2226 7.93131 8.21345 6.1026 5.28179 5.23128 5.02857
threshold=0.47023808956146246 131.27236175537112 4791.8066406250009 2.5753154754638676 2489.4414062500005 52.948823928833015 12.060855388641359 1534.8193969726565 101.26041793823244 0.1947368457913399 152.16110992431643 166.28944396972659 0.14449653029441836 0.3315789550542832
decision_type=2 2 2 2 2 2 2 2 2 2 2 2 2 2
left_child=12 4 6 -4 10 -6 7 -3 -8 -10 -2 13 -1 -12
right_child=1 2 3 -5 5 -7 8 -9 9 -11 11 -13 -14 -15
leaf_value=0.016535200560851924 -0.008156854436839913 0.00087250836438391662 0.0039920195650043422 -0.0070764613361670213 -0.00043035913850981668 0.01767482023901925 -9.5866290035535282e-05 0.010588671944117747 -0.015914010693893723 0.0038854536173438892 0.0092571346432707945 -0.00053886290289826395 0.0016964835009667619 0.0023048451417026603
leaf_weight=65 4011 184 60 88 150 55 4803 57 57 114 64 732 325 90
leaf_count=65 4011 184 60 88 150 55 4803 57 57 114 64 732 325 90
internal_value=-0.000374483 -0.000554707 0.00035633 0.00672973 -0.00151235 0.00373171 0.000175455 0.00484232 -5.06642e-05 0.00629824 -0.00173188 0.000521444 0.00446154 0.00557143
internal_weight=10855 10465 5363 148 5102 205 5215 241 4974 171 4897 886 390 154
internal_count=10855 10465 5363 148 5102 205 5215 241 4974 171 4897 886 390 154
is_linear=0
shrinkage=0.03


Tree=68
num_leaves=15
num_cat=0
split_feature=18 9 40 17 27 40 69 12 24 40 12 35 28 67
split_gain=10.4608 13.3734 12.1156 9.99534 10.5276 8.47775 11.9894 7.98815 11.4526 8.08596 12.6517 7.82136 9.6453 7.48091
threshold=0.26041667163372045 0.85192131996154796 0.2578947395086289 152.16110992431643 83.047992706298842 0.3315789550542832 1730.820983886719 402.93750000000006 243.51785278320315 0.38421052694320684 362.01042175292974 166.28944396972659 53.882841110229499 245.48347473144534
decision_type=2 2 2 2 2 2 2 2 2 2 2 2 2 2
left_child=1 7 -3 4 -2 6 11 8 -1 10 -10 -5 -13 -12
right_child=3 2 -4 5 -6 -7 -8 -9 9 -11 13 12 -14 -15
leaf_value=5.036700632021526e-05 -0.0091405988697896307 -0.0014155530535339212 0.0052247865660860881 0.0089794206039726758 0.0013721782021233573 -0.0011094412167025941 0.0085323694634613281 -0.0064468144658598658 0.0093044883378001018 0.00078765427143886568 0.0042771668622877358 0.0020563105370883985 -0.0085601893212835737 0.017142978573469324
leaf_weight=1885 5265 50 80 64 325 726 89 910 370 392 87 160 391 61
leaf_count=1885 5265 50 80 64 325 726 89 910 370 392 87 160 391 61
internal_value=-0.000333027 0.000926988 0.0103846 -0.00102137 -0.00159392 0.00121678 0.0035625 0.000595141 0.00138998 0.00415385 0.0066139 0.00207317 0.000920144 0.014027
internal_weight=10855 3835 130 7020 5590 1430 704 3705 2795 910 518 615 551 148
internal_count=10855 3835 130 7020 5590 1430 704 3705 2795 910 518 615 551 148
is_linear=0
shrinkage=0.03


Tree=69
num_leaves=15
num_cat=0
split_feature=28 33 27 30 40 25 9 63 35 34 69 18 36 12
split_gain=10.4743 12.4189 10.0883 8.77492 7.14907 7.34601 13.681 6.22494 6.92717 10.7723 7.93132 6.0873 10.8083 8.11463
threshold=37.987070083618171 69.806602478027358 8.844882011413576 0.47023808956146246 0.37368421256542211 224.98780059814456 0.14304397255182269 110.46833419799806 164.45888519287112 46.552421569824226 2068.5893554687505 0.38541667163372045 475.50000000000006 402.93750000000006
decision_type=2 2 2 2 2 2 2 2 2 2 2 2 2 2
left_child=-1 2 -2 -4 7 6 -6 8 9 -5 -11 13 -13 -10
right_child=1 -3 3 4 5 -7 -8 -9 11 10 -12 12 -14 -15
leaf_value=-0.022151524543055578 0.0085424977571441386 0.0055731277637938309 0.007301055421874451 -0.0015144143812498318 -2.1240624610587844e-05 -0.0028144517959033622 0.008892404066289052 -0.0023270215912915208 0.0020342218753220294 0.010215485487386065 0.0079761023813762575 -0.017555344682624707 0.0068585942801751947 -0.0021517249694498757
leaf_weight=1820 65 65 390 119 116 3625 58 1396 1685 51 57 662 130 616
leaf_count=1820 65 65 390 119 116 3625 58 1396 1685 51 57 662 130 616
internal_value=-0.000330263 8.79904e-05 -6.68968e-06 -9.26453e-05 -0.000294187 -0.0012627 0.00475862 0.000486004 0.00119277 0.0062511 0.0131111 0.000821532 -0.00144697 0.00160235
internal_weight=10855 9035 8970 8905 8515 3799 174 4716 3320 227 108 3093 792 2301
internal_count=10855 9035 8970 8905 8515 3799 174 4716 3320 227 108 3093 792 2301
is_linear=0
shrinkage=0.03


Tree=70
num_leaves=15
num_cat=0
split_feature=28 33 27 65 34 0 30 69 4 59 40 1 29 35
split_gain=9.63153 11.6241 10.1457 8.49587 11.0178 7.47106 8.16352 12.0949 6.92778 8.57126 7.32315 12.3096 7.25391 8.05453
threshold=37.987070083618171 69.806602478027358 8.844882011413576 4791.8066406250009 50.380050659179695 471.75000000000006 0.47023808956146246 110.98014068603517 23.103233337402347 58.500000000000007 0.17368421703577044 764.60250854492199 6284.9882812500009 164.45888519287112
decision_type=2 2 2 2 2 2 2 2 2 2 2 2 2 2
left_child=-1 2 -2 5 -5 6 7 -4 10 -10 11 12 13 -8
right_child=1 -3 3 4 -6 -7 8 -9 9 -11 -12 -13 -14 -15
leaf_value=-0.02148697880676392 0.008286222824429812 0.0054059339308800032 0.016560484839913805 0.00072505361308009019 0.0019089719317803581 -0.0050532889813379358 0.0075382693088595432 -0.00033017403648244497 0.0017539514438225895 0.0057383545661810025 -0.0010356527560595773 0.0043915193983709343 0.019012589045131402 -0.00013948976674966318
leaf_weight=1820 65 65 97 223 58 1325 85 142 417 103 4804 51 100 1500
leaf_count=1820 65 65 97 223 58 1325 85 142 417 103 4804 51 100 1500
internal_value=-0.000349609 5.14658e-05 -4.01345e-05 -0.000126334 0.00500712 -0.0002936 8.26133e-05 0.00553556 -0.000101984 0.00323077 -0.000366973 0.00130299 0.000863501 0.000369084
internal_weight=10855 9035 8970 8905 281 8624 7299 239 7060 520 6540 1736 1685 1585
internal_count=10855 9035 8970 8905 281 8624 7299 239 7060 520 6540 1736 1685 1585
is_linear=0
shrinkage=0.03


Tree=71
num_leaves=15
num_cat=0
split_feature=33 21 11 10 21 40 35 33 69 27 43 69 25 18
split_gain=10.5471 9.26903 8.05369 10.6589 10.3514 9.34925 12.2134 9.53771 8.54377 7.75846 7.4924 7.74623 7.45009 10.138
threshold=58.354330062866218 4.3380701541900644 3.3650000095367436 0.79343205690383922 2.1277258396148686 0.37368421256542211 164.19361114501956 30.3546257019043 1015.4576416015626 42.520748138427741 -0.72947329282760609 79.972778320312514 1012.9744873046876 0.28125000000000006
decision_type=2 2 2 2 2 2 2 2 2 2 2 2 2 2
left_child=2 12 3 5 8 6 -1 -7 -4 -5 -11 -12 13 -2
right_child=1 -3 4 9 -6 7 -8 -9 -10 10 11 -13 -14 -15
leaf_value=0.0096004871295820738 -8.2888434939425455e-05 -0.015944905912415243 0.005189846091158223 0.00091700095365954484 -0.009209617299657899 0.0014882814932550481 0.0016035870618166825 -0.0019156180286830264 -0.00077263298194820741 0.0082654829351139006 0.0087124450677766863 -0.0018818064229182427 -0.0090547941189376493 0.0054973625465128198
leaf_weight=72 975 2275 66 325 2080 58 2124 1711 64 69 68 58 520 390
leaf_count=72 975 2275 66 325 2080 58 2124 1711 64 69 68 58 520 390
internal_value=-0.000313681 -0.0015 0.00042345 0.00115385 -0.00105882 0.000624211 0.00193169 -0.00099887 0.00715385 0.00519231 0.00992308 0.00557143 5.57022e-05 0.00121978
internal_weight=10855 4160 6695 4485 2210 3965 2196 1769 130 520 195 126 1885 1365
internal_count=10855 4160 6695 4485 2210 3965 2196 1769 130 520 195 126 1885 1365
is_linear=0
shrinkage=0.03


Tree=72
num_leaves=15
num_cat=0
split_feature=18 35 33 65 28 50 42 36 16 69 40 27 15 7
split_gain=10.9869 12.4871 10.871 10.5441 17.8807 9.70823 8.76361 8.68137 8.06516 6.72891 12.8366 6.49585 8.26295 5.72199
threshold=0.26041667163372045 167.49777984619143 69.806602478027358 806.53402709960949 48.66736030578614 9.5000000000000018 0.2269546836614609 5.5000000000000009 22.584096908569339 1871.858337402344 0.24736841768026355 83.047992706298842 3.1400779485702519 0.37267799675464636
decision_type=2 2 2 2 2 2 2 2 2 2 2 2 2 2
left_child=1 2 -1 8 6 13 -5 -8 11 -10 -11 -2 -13 -3
right_child=3 5 -4 4 -6 -7 7 -9 9 10 -12 12 -14 -15
leaf_value=-0.00020468495684938492 -0.012713700894333574 0.00021969279609573221 0.0052462425660018 -0.0016664752000822832 -0.00041163078537590647 0.011433215569244292 0.00042963273267154989 0.0061071153184639381 -0.00036578333327671683 0.0083116734214442496 -0.002871612075876496 -8.4351466705423852e-05 0.0029730150401389146 0.002897027856393581
leaf_weight=2990 3904 435 65 112 1104 51 69 187 1266 60 67 195 56 294
leaf_count=2990 3904 435 65 112 1104 51 69 187 1266 60 67 195 56 294
internal_value=-0.000333027 0.000958278 9.3289e-05 -0.00103846 0.00121875 0.00434615 0.00694565 0.0100078 -0.00163735 0.000338118 0.00692126 -0.00229964 0.00237849 0.0034609
internal_weight=10855 3835 3055 7020 1472 780 368 256 5548 1393 127 4155 251 729
internal_count=10855 3835 3055 7020 1472 780 368 256 5548 1393 127 4155 251 729
is_linear=0
shrinkage=0.03


Tree=73
num_leaves=15
num_cat=0
split_feature=33 69 33 67 17 59 21 9 34 64 22 69 0 42
split_gain=10.1893 8.88113 7.95151 11.1375 7.91785 9.97153 8.41012 12.4242 10.7312 9.12479 7.56593 16.9551 6.73137 7.10559
threshold=58.354330062866218 729.61248779296886 69.806602478027358 32.09819412231446 186.70500183105472 59.500000000000007 3.0810041427612309 0.03457175940275193 49.494798660278327 1.0000000180025095e-35 6.2985980510711679 48.461666107177741 55.708332061767585 0.81241145730018627
decision_type=2 2 2 2 2 2 2 2 2 2 2 2 2 2
left_child=4 2 -2 -4 6 -6 8 9 -1 -8 -10 -12 -3 -14
right_child=1 12 3 -5 5 -7 7 -9 10 -11 11 -13 13 -15
leaf_value=-0.0010984408427965598 -0.0092755786794199522 -0.00022665605870346623 -0.0058181231946543462 0.010603398923174571 0.0027058355221491756 0.0035913514276672454 0.0066318744818084415 -0.0053224061154316651 0.0011847849503997458 -0.0025277716382498118 0.009277301186349252 0.0055763649259262631 0.0018820882959593439 0.00882148197866881
leaf_weight=1105 3210 368 155 105 908 67 290 2990 650 230 119 336 234 88
leaf_count=1105 3210 368 155 105 908 67 290 2990 650 230 119 336 234 88
internal_value=-0.000377246 -0.00154327 -0.00216138 0.00288461 0.000347273 0.00284615 -7.8672e-05 -0.000991454 0.00137104 0.00328846 0.00346154 0.00642857 0.00156522 0.00473292
internal_weight=10855 4160 3470 260 6695 975 5720 3510 2210 520 1105 455 690 322
internal_count=10855 4160 3470 260 6695 975 5720 3510 2210 520 1105 455 690 322
is_linear=0
shrinkage=0.03


Tree=74
num_leaves=15
num_cat=0
split_feature=33 33 42 30 40 24 15 35 12 40 33 67 69 59
split_gain=9.84627 10.7205 9.70385 7.05033 7.04333 7.20201 15.6138 7.14994 9.81081 7.71742 6.23428 10.6402 7.80045 5.66228
threshold=59.031658172607429 58.883518218994148 0.29012925922870642 0.47023808956146246 0.38421052694320684 154.29612731933597 0.48964698612689977 164.45888519287112 59.333333969116218 0.18421053141355517 69.806602478027358 32.09819412231446 729.61248779296886 105.50000000000001
decision_type=2 2 2 2 2 2 2 2 2 2 2 2 2 2
left_child=1 3 -3 -1 7 6 -6 8 -5 -10 12 -12 -2 -9
right_child=10 2 -4 4 5 -7 -8 13 9 -11 11 -13 -14 -15
leaf_value=0.0059157860994984365 -0.0099677694676734863 -0.0077646712075584556 0.0068829286420457611 -0.018862548119527978 0.0078580989656344084 -0.0036411771337889827 -0.00014759907164288419 5.1505574977017687e-05 0.007082665522857896 0.0090033138601965431 -0.0056435794988147223 0.010285296955479346 0.0012427101158792309 0.0019573252622005527
leaf_weight=390 2686 52 78 74 84 2660 196 3393 72 76 155 105 564 270
leaf_count=390 2686 52 78 74 84 2660 196 3393 72 76 155 105 564 270
internal_value=-0.000393828 0.000230769 0.00876923 7.69224e-05 -0.000147253 -0.0012551 0.00332143 0.000691119 0.00591892 0.0103784 -0.00170086 0.00276923 -0.00205846 0.000374283
internal_weight=10855 7345 130 7215 6825 2940 280 3885 222 148 3510 260 3250 3663
internal_count=10855 7345 130 7215 6825 2940 280 3885 222 148 3510 260 3250 3663
is_linear=0
shrinkage=0.03


Tree=75
num_leaves=15
num_cat=0
split_feature=33 33 42 40 11 2 1 40 16 29 67 33 67 69
split_gain=9.27194 10.289 9.26282 7.11178 7.16133 12.4871 15.7518 10.0005 9.11882 8.37508 7.83443 6.23428 9.83162 7.54387
threshold=59.031658172607429 58.883518218994148 0.29012925922870642 0.38421052694320684 3.5998610258102421 164.00000000000003 41.497701644897468 0.2578947395086289 42.25505447387696 2488.531616210938 542.78430175781261 69.806602478027358 32.09819412231446 729.61248779296886
decision_type=2 2 2 2 2 2 2 2 2 2 2 2 2 2
left_child=1 3 -3 4 5 6 9 -8 -6 -1 -10 13 -13 -2
right_child=11 2 -4 -5 8 -7 7 -9 10 -11 -12 12 -14 -15
leaf_value=-0.0054771882264900273 -0.0096687363836432897 -0.0075317310713316939 0.0066764407827843821 -0.0010466099354090167 -0.0087133751833824991 0.00041524947002602789 0.0091034053928921287 0.0059650929162255529 0.0016121320048133778 0.0059349431712976746 0.0055152461020117971 -0.0054742721138502926 0.009976738046814964 0.0012054288124028489
leaf_weight=222 2686 52 78 3108 962 2257 125 60 97 333 51 155 105 564
leaf_count=222 2686 52 78 3108 962 2257 125 60 97 333 51 155 105 564
internal_value=-0.00043252 0.000173587 0.00853846 2.28683e-05 0.00084222 0.0016046 0.00498649 0.0125676 -0.00121622 0.00245946 0.00571622 -0.00170086 0.00276923 -0.00205846
internal_weight=10855 7345 130 7215 4107 2997 740 185 1110 555 148 3510 260 3250
internal_count=10855 7345 130 7215 4107 2997 740 185 1110 555 148 3510 260 3250
is_linear=0
shrinkage=0.03


Tree=76
num_leaves=15
num_cat=0
split_feature=33 17 59 21 21 9 34 64 22 69 25 44 25 65
split_gain=9.57107 8.29131 9.97153 7.93958 7.49505 10.8986 10.871 7.98321 7.92617 16.3125 6.69425 9.3812 8.18526 9.52862
threshold=58.354330062866218 186.70500183105472 59.500000000000007 4.3380701541900644 3.0810041427612309 0.03457175940275193 49.494798660278327 1.0000000180025095e-35 6.2985980510711679 48.461666107177741 1012.9744873046876 -0.60785761475563038 751.63558959960949 248.91180419921878
decision_type=2 2 2 2 2 2 2 2 2 2 2 2 2 2
left_child=1 4 -3 10 6 7 -1 -6 -8 -10 11 -2 -13 -14
right_child=3 2 -4 -5 5 -7 8 -9 9 -11 -12 12 13 -15
leaf_value=-0.0012115629024353502 -0.0017552851281386437 0.0024668010941042793 0.0034458678521266982 -0.014586976055931997 0.0061961501943492607 -0.0051254678394288553 0.0010853357228463518 -0.0023394142459874779 0.0087935634502313929 0.0052998987967541183 -0.0079419046420786399 0.00074706311723097391 0.0028386539042126596 0.0062949506793617254
leaf_weight=1105 585 908 67 2275 290 2990 650 230 119 336 520 520 168 92
leaf_count=1105 585 908 67 2275 290 2990 650 230 119 336 520 520 168 92
internal_value=-0.000413174 0.000289021 0.00284615 -0.00154327 -0.000146854 -0.00100855 0.00122172 0.003 0.00332579 0.00636264 -0.000103449 0.000999999 0.00315385 0.0075
internal_weight=10855 6695 975 4160 5720 3510 2210 520 1105 455 1885 1365 780 260
internal_count=10855 6695 975 4160 5720 3510 2210 520 1105 455 1885 1365 780 260
is_linear=0
shrinkage=0.03


Tree=77
num_leaves=15
num_cat=0
split_feature=59 9 9 69 33 65 11 9 28 40 25 9 67 69
split_gain=9.36732 7.60646 8.41219 7.11616 6.3606 6.35101 5.73119 9.07558 7.05546 11.4815 5.35359 7.08478 6.67744 8.23427
threshold=1.5000000000000002 0.87468752264976513 0.65960645675659191 1730.820983886719 58.354330062866218 1164.5340576171877 3.3650000095367436 0.37942129373550421 353.11349487304693 0.38421052694320684 654.93835449218761 0.18918982148170474 482.22236633300787 460.07402038574224
decision_type=2 2 2 2 2 2 2 2 2 2 2 2 2 2
left_child=4 2 10 5 6 -4 7 -1 -9 -10 -2 12 -12 -14
right_child=1 -3 3 -5 -6 -7 -8 8 9 -11 11 -13 13 -15
leaf_value=-0.00015376084149739454 -0.00017855848999680289 -0.0145925414641489 -0.0044130840909987834 0.005672926743448976 -0.00822240638523326 0.0054730652643991146 -0.0071045440174970142 0.0023314682804096705 0.00065993345671312036 0.0075460275391201021 0.0012029511768729816 -0.00053030664218237837 0.010329447576640682 0.00090462812926285724
leaf_weight=2153 2050 480 129 67 2697 114 1296 312 56 50 470 613 169 199
leaf_count=2153 2050 480 129 67 2697 114 1296 312 56 50 470 613 169 199
internal_value=-0.000468448 0.000621533 0.0010698 0.00580645 -0.00118099 0.00341975 -0.000401087 0.000418902 0.00446411 0.0111509 0.000650385 0.0020448 0.00383771 0.00686413
internal_weight=10855 4291 3811 310 6564 243 3867 2571 418 106 3501 1451 838 368
internal_count=10855 4291 3811 310 6564 243 3867 2571 418 106 3501 1451 838 368
is_linear=0
shrinkage=0.03


Tree=78
num_leaves=15
num_cat=0
split_feature=28 33 27 12 18 65 63 64 35 40 40 2 68 69
split_gain=9.41787 10.0621 8.67999 7.33659 8.85213 9.13375 5.76652 5.34694 7.90432 10.1539 9.14073 11.9817 9.05147 9.19259
threshold=37.987070083618171 69.806602478027358 8.844882011413576 375.32292175292974 0.55208334326744091 4791.8066406250009 1162.4776000976565 1.0000000180025095e-35 167.25069427490237 0.14210525900125506 0.22631578892469409 120.00000000000001 1.0000000180025095e-35 357.60847473144537
decision_type=2 2 2 2 2 2 2 2 2 2 2 2 2 2
left_child=6 2 -2 4 5 7 -1 8 9 12 -10 -12 13 -4
right_child=1 -3 3 -5 -6 -7 -8 -9 10 -11 11 -13 -14 -15
leaf_value=-0.022081027713116708 0.0069663751008423461 0.0039751175112332513 0.017597087940220378 -0.0035471610735489244 -0.01895429539998152 0.0011794273500172331 0.0026447473427135024 -0.00028604326234052792 0.0003309541698494276 -0.001230005035257776 0.00659249481807863 0.0014789381954026077 0.0014336307627239942 0.012594419676665514
leaf_weight=1769 65 65 84 2145 650 146 51 2777 392 1624 129 399 462 97
leaf_count=1769 65 65 84 2145 650 146 51 2777 392 1624 129 399 462 97
internal_value=-0.000388301 8.30034e-06 -7.69238e-05 -0.000156654 0.000328402 0.000682487 -0.00235714 0.000501005 0.0013395 0.000387736 0.00368478 0.00626136 0.00357854 0.00926519
internal_weight=10855 9035 8970 8905 6760 6110 1820 5964 3187 2267 920 528 643 181
internal_count=10855 9035 8970 8905 6760 6110 1820 5964 3187 2267 920 528 643 181
is_linear=0
shrinkage=0.03


Tree=79
num_leaves=15
num_cat=0
split_feature=28 33 27 40 21 34 23 30 4 42 24 34 10 18
split_gain=8.61696 9.43035 8.81339 6.38423 6.81823 8.42153 8.36478 6.8801 6.6688 10.8 6.90928 6.02425 6.84077 8.4647
threshold=37.987070083618171 69.806602478027358 8.844882011413576 0.41578947007656103 2.6411631107330327 50.340475082397468 22.138889312744144 0.68601191043853771 23.103233337402347 0.88144907355308544 126.40029907226564 47.431940078735359 1.3249084353446963 0.46875000000000006
decision_type=2 2 2 2 2 2 2 2 2 2 2 2 2 2
left_child=-1 2 -2 4 6 8 -4 -8 10 -10 -6 12 13 -12
right_child=1 -3 3 -5 5 -7 7 -9 9 -11 11 -13 -14 -15
leaf_value=-0.018887795746020425 0.006757383847817054 0.0038558639858962541 -0.00010331081881695319 -0.0016242305775462478 0.003194783452891503 -0.0056469870676695679 0.0058750980624431111 0.0026869473071938943 0.00029095579647540648 0.0069168561972985793 0.0013137436424466031 -0.0025649668913567398 -0.017082892363108483 0.0086445892871787212
leaf_weight=1820 65 65 680 3425 80 1320 240 400 125 75 920 1320 240 80
leaf_count=1820 65 65 680 3425 80 1320 240 400 125 75 920 1320 240 80
internal_value=-0.000457394 -7.80306e-05 -0.000160536 -0.000240877 0.00039416 -0.000201924 0.00227273 0.00473437 0.000718309 0.006 0.000318181 4.68743e-05 0.00154839 0.00264
internal_weight=10855 9035 8970 8905 5480 4160 1320 640 2840 200 2640 2560 1240 1000
internal_count=10855 9035 8970 8905 5480 4160 1320 640 2840 200 2640 2560 1240 1000
is_linear=0
shrinkage=0.03


Tree=80
num_leaves=15
num_cat=0
split_feature=21 12 34 34 30 36 40 36 36 36 9 40 29 69
split_gain=10.0842 11.4299 10.3053 11.2328 7.85234 7.82772 13.5692 12.0333 9.53586 11.8505 8.2616 13.6235 17.4017 10.3461
threshold=3.857218980789185 402.93750000000006 46.633069992065437 45.294794082641609 0.67708331346511852 83.500000000000014 0.2578947395086289 180.50000000000003 7.5000000000000009 2.5000000000000004 0.084108795970678343 0.1947368457913399 5219.1750488281259 247.40611267089847
decision_type=2 2 2 2 2 2 2 2 2 2 2 2 2 2
left_child=1 5 3 -2 -3 8 7 -7 9 -1 -11 -12 13 -13
right_child=2 4 -4 -5 -6 6 -8 -9 -10 10 11 12 -14 -15
leaf_value=-1.6031227885921711e-05 -0.0033302946556027732 0.0067114753046529094 -0.0063669325022896574 0.0044321335962246647 -0.0035230632113982495 0.0046556777035874604 0.00021995579970497304 0.013406807073767103 -0.0021962699062960389 0.0013116801250755465 -0.00023697499236379995 0.0080895062544851688 0.00044739226755174195 0.0052885026459367169
leaf_weight=1040 780 65 4875 520 1300 50 200 75 910 390 190 136 138 186
leaf_count=1040 780 65 4875 520 1300 50 200 75 910 390 190 136 138 186
internal_value=-0.000377246 0.000673076 -0.00117328 0.0012 -0.00163736 0.00162443 0.00604615 0.0138 0.00114381 0.00226442 0.00452885 0.0066 0.0093913 0.0132112
internal_weight=10855 4680 6175 1300 1365 3315 325 125 2990 2080 1040 650 460 322
internal_count=10855 4680 6175 1300 1365 3315 325 125 2990 2080 1040 650 460 322
is_linear=0
shrinkage=0.03


Tree=81
num_leaves=15
num_cat=0
split_feature=28 33 27 30 63 40 25 9 16 18 15 63 13 35
split_gain=9.07913 9.30426 8.69063 7.00867 6.42841 6.31482 8.89579 13.9615 5.50716 10.8211 4.92513 4.70601 5.80608 7.40035
threshold=37.987070083618171 69.806602478027358 8.844882011413576 0.47023808956146246 1162.4776000976565 0.4052631556987763 224.98780059814456 0.14304397255182269 48.873243331909187 0.26041667163372045 0.14449653029441836 110.46833419799806 81.78168106079103 164.45888519287112
decision_type=2 2 2 2 2 2 2 2 2 2 2 2 2 2
left_child=4 2 -2 10 -1 11 7 -7 -8 -10 -4 12 -5 -14
right_child=1 -3 3 5 -6 6 8 -9 9 -11 -12 -13 13 -15
leaf_value=-0.020660955034273891 0.006396007253004393 0.0036005177352117644 0.014059917327344646 -0.018872231352408959 0.0030926883910604541 -3.5045386219446718e-05 -0.0054636316880430514 0.0074740892799895382 0.004380793581011861 -0.00036180893756002417 0.0010649199962653926 -0.0013808697774273613 0.006762189059286907 0.00072733902660784464
leaf_weight=1769 65 65 65 309 51 104 2834 52 78 338 325 1566 183 3051
leaf_count=1769 65 65 65 309 51 104 2834 52 78 338 325 1566 183 3051
internal_value=-0.000391065 -1.66093e-06 -8.36128e-05 -0.000163392 -0.00232418 -0.000343512 -0.0013441 0.00565385 -0.00168 0.00154327 0.00376923 0.000323546 0.000928873 0.00130427
internal_weight=10855 9035 8970 8905 1820 8515 3406 156 3250 416 390 5109 3543 3234
internal_count=10855 9035 8970 8905 1820 8515 3406 156 3250 416 390 5109 3543 3234
is_linear=0
shrinkage=0.03


Tree=82
num_leaves=15
num_cat=0
split_feature=28 27 33 63 29 16 67 30 67 34 69 0 27 27
split_gain=9.02729 8.57082 8.69595 6.42841 5.93222 11.663 11.692 7.12115 9.41651 13.1037 7.88645 7.37851 7.00718 20.568
threshold=37.987070083618171 8.844882011413576 69.806602478027358 1162.4776000976565 3118.2814941406255 0.65514323115348827 2012.3750000000002 0.72172617912292492 2313.721069335938 50.318216323852546 931.24835205078136 26.375000000000004 44.474695205688484 39.615648269653327
decision_type=2 2 2 2 2 2 2 2 2 2 2 2 2 2
left_child=3 -2 4 -1 12 6 -6 -7 11 -10 -11 -9 13 -3
right_child=1 2 -4 -5 5 7 -8 8 9 10 -12 -13 -14 -15
leaf_value=-0.020041126383245667 0.0062041270354142716 -0.002662405707409941 0.003492502203155415 0.0029999077393286465 0.0074972077270584331 -0.0015960670051235926 -0.0076963814708964559 0.007815093720821939 0.0014344612929924263 0.015636827981849333 0.0028784954006360231 -3.7953861442794336e-05 -0.0043668249242065187 0.0037564218659970083
leaf_weight=1769 65 2340 65 51 281 1820 109 176 155 50 61 1378 2015 520
leaf_count=1769 65 2340 65 51 281 1820 109 176 155 50 61 1378 2015 520
internal_value=-0.000396592 -8.30177e-06 -8.69572e-05 -0.00232418 -0.000166761 0.000684863 0.00561538 0.000156593 0.00148352 0.00669925 0.0145676 0.000590733 -0.00087077 8.39154e-05
internal_weight=10855 9035 8970 1820 8905 4030 390 3640 1820 266 111 1554 4875 2860
internal_count=10855 9035 8970 1820 8905 4030 390 3640 1820 266 111 1554 4875 2860
is_linear=0
shrinkage=0.03


Tree=83
num_leaves=15
num_cat=0
split_feature=58 9 34 4 42 34 40 0 33 67 59 42 50 35
split_gain=8.39263 8.04465 6.63546 8.24649 9.19067 7.81298 8.12116 6.79049 14.081 8.97674 5.93757 5.40433 5.27727 5.20468
threshold=0.0079166668001562374 0.87468752264976513 50.78740310668946 20.981290817260746 0.93540480732917797 50.719388961791999 0.11052631586790086 42.333332061767585 49.802545547485359 1606.5262451171877 106.50000000000001 0.47114434838294988 140.50000000000003 167.49777984619143
decision_type=2 2 2 2 2 2 2 2 2 2 2 2 2 2
left_child=-1 2 3 5 -5 6 13 8 9 -8 -10 -7 -4 -2
right_child=1 -3 12 4 -6 11 7 -9 10 -11 -12 -13 -14 -15
leaf_value=-0.002122359909495373 0.0097848483225557639 -0.014655580230391742 -0.0026219750210699018 0.0022498866836235922 0.0049841827536794385 0.0042040505925144793 0.009276138102719992 -0.00049004876968730552 -0.0073795788468186789 0.001557681516842886 0.002790389585892665 0.0077621244547743905 0.002616907355016007 -0.0022165149531444528
leaf_weight=5497 419 594 1315 189 51 51 61 1934 373 64 93 52 53 109
leaf_count=5497 419 594 1315 189 51 51 61 1934 373 64 93 52 53 109
internal_value=-0.000451866 0.000393056 0.000803526 0.00151413 0.006875 0.00110646 0.000832295 0.000124752 0.00293909 0.01188 0.000540772 0.00923301 -0.000960527 0.00421591
internal_weight=10855 5358 4764 3396 240 3156 3053 2525 591 125 466 103 1368 528
internal_count=10855 5358 4764 3396 240 3156 3053 2525 591 125 466 103 1368 528
is_linear=0
shrinkage=0.03


Tree=84
num_leaves=15
num_cat=0
split_feature=21 12 34 9 40 14 14 36 40 36 36 33 2 23
split_gain=9.22475 9.68959 9.19846 9.3674 8.73969 11.2202 8.07959 7.624 11.7601 13.6013 8.42809 10.0513 8.94332 7.28191
threshold=3.857218980789185 402.93750000000006 46.967906951904304 0.90614581108093273 0.18421053141355517 3603.5000000000005 2520.0000000000005 83.500000000000014 0.2578947395086289 180.50000000000003 7.5000000000000009 54.481702804565437 114.50000000000001 23.333193778991703
decision_type=2 2 2 2 2 2 2 2 2 2 2 2 2 2
left_child=1 7 3 4 5 6 -2 10 9 -9 11 12 -1 -6
right_child=2 -3 -4 -5 13 -7 -8 8 -10 -11 -12 -13 -14 -15
leaf_value=0.013476874372997464 0.0031206185768486525 -0.0028725910668812144 -0.0064684690167695789 -0.016894352151337364 0.0012816531616222089 0.012111604321973857 -0.0079420347620460779 0.0043179182374194561 0.00026961583615124922 0.012607208138287815 -0.0021653497119595694 0.0039211806798050194 -1.0842420387353613e-05 -0.0033900612103526166
leaf_weight=65 144 1365 4745 390 376 54 90 50 200 75 910 780 1235 376
leaf_count=65 144 1365 4745 390 376 54 90 50 200 75 910 780 1235 376
internal_value=-0.000382774 0.000621794 -0.00114413 0.000965034 0.00245192 0.00689583 0.00405128 0.00149774 0.00586154 0.01308 0.00102341 0.00207692 0.000461538 0.000749999
internal_weight=10855 4680 6175 1430 1040 288 234 3315 325 125 2990 2080 1300 752
internal_count=10855 4680 6175 1430 1040 288 234 3315 325 125 2990 2080 1300 752
is_linear=0
shrinkage=0.03


Tree=85
num_leaves=15
num_cat=0
split_feature=17 21 6 23 59 12 16 69 67 12 18 67 34 11
split_gain=9.38009 10.7542 9.1444 9.04746 7.89861 9.34495 7.00065 14.1005 11.6843 10.9924 6.7704 6.62431 6.24463 8.65385
threshold=152.16110992431643 2.675196766853333 1.0000000180025095e-35 22.138889312744144 68.500000000000014 199.68750000000003 0.65514323115348827 340.60778808593756 2313.721069335938 248.52083587646487 0.21875000000000003 830.74639892578136 47.295478820800788 3.3650000095367436
decision_type=2 2 2 2 2 2 2 2 2 2 2 2 2 2
left_child=1 3 10 -1 -2 11 7 -5 -8 -10 -3 -6 13 -4
right_child=4 2 12 6 5 -7 8 -9 9 -11 -12 -13 -14 -15
leaf_value=-0.00081805579900798698 0.00050523529631541343 -0.0054693104194933383 0.0009834560639831718 0.012249988923637793 0.0054541365899282938 -0.00057906926949193277 0.00018564528542765527 0.002758296934697502 0.00079454270126597343 0.015040604242355243 0.0025706376902067726 0.0011797862746671566 -0.0087897482151163154 -0.016255846579727281
leaf_weight=910 1763 195 975 70 103 94 794 125 52 64 455 55 4615 585
leaf_count=910 1763 195 975 70 103 94 794 125 52 64 455 55 4615 585
internal_value=-0.000410411 -0.000831449 -0.0014 0.00109429 0.00143672 0.00640476 0.00291855 0.00807692 0.00181319 0.0107069 0.00198461 0.0108608 -0.00175628 -0.000115385
internal_weight=10855 8840 6825 2015 2015 252 1105 195 910 116 650 158 6175 1560
internal_count=10855 8840 6825 2015 2015 252 1105 195 910 116 650 158 6175 1560
is_linear=0
shrinkage=0.03


Tree=86
num_leaves=15
num_cat=0
split_feature=21 12 16 22 22 69 69 28 69 65 0 42 30 40
split_gain=9.42676 8.8813 7.82167 7.79376 9.43623 10.2439 7.57186 7.31908 7.13375 13.6023 7.47776 6.72321 6.15751 6.03705
threshold=3.857218980789185 402.93750000000006 22.584096908569339 6.3767907619476327 6.4359261989593515 23.622083663940433 3168.441772460938 471.63014221191412 576.63540649414074 468.62097167968756 119.08333206176759 0.68322628736495983 0.67708331346511852 0.2578947395086289
decision_type=2 2 2 2 2 2 2 2 2 2 2 2 2 2
left_child=1 3 7 -1 11 -6 -4 -2 9 10 -7 -5 -3 -9
right_child=2 12 6 4 5 8 -8 13 -10 -11 -12 -13 -14 -15
leaf_value=1.7923479620208628e-05 -0.0084618269124797901 0.0064791739498588031 0.00017207418821977056 0.000669886610915357 -0.011914284835248886 -3.0635523504894071e-05 0.0083078276095526187 0.022764418613491245 0.001543308014808736 0.0040679887452638175 0.0058841430809443368 0.0038914861561550698 -0.0027754919200645941 -0.00028183749230488453
leaf_weight=1690 4420 65 1494 120 377 169 66 75 716 93 75 75 1300 120
leaf_count=1690 4420 65 1494 120 377 169 66 75 716 93 75 75 1300 120
internal_value=-0.000374483 0.000641025 -0.00114413 0.00147964 0.00296308 0.00211888 0.000692307 -0.0017649 0.00363818 0.00723739 0.00351639 0.00915385 -0.00139561 0.00392308
internal_weight=10855 4680 6175 3315 1625 1430 1560 4615 1053 337 244 195 1365 195
internal_count=10855 4680 6175 3315 1625 1430 1560 4615 1053 337 244 195 1365 195
is_linear=0
shrinkage=0.03


Tree=87
num_leaves=15
num_cat=0
split_feature=28 27 33 30 26 10 22 65 15 40 21 65 63 28
split_gain=9.87174 8.48191 7.89086 6.80602 6.41785 6.05631 5.98154 10.1232 5.14464 4.98587 5.28828 8.51313 5.83113 5.35522
threshold=37.987070083618171 8.844882011413576 69.806602478027358 0.47023808956146246 4283.5000000000009 1.7652225494384768 8.2031354904174822 322.21221923828131 7.7050030231475839 0.4052631556987763 1.8392708301544192 475.68791198730474 101.76680374145509 424.78636169433599
decision_type=2 2 2 2 2 2 2 2 2 2 2 2 2 2
left_child=8 -2 3 -3 5 6 -5 -8 -1 10 11 12 -6 -12
right_child=1 2 -4 4 9 -7 7 -9 -10 -11 13 -13 -14 -15
leaf_value=-0.026017812055917116 0.005884897276323707 0.0027734966173814184 0.0030737322599646709 6.9014480367267801e-05 0.01267697825985202 0.00055117952300028604 0.0084777367802339881 0.0038101322878250042 0.0055301042827248749 -0.0024851944509724009 -0.00087857243971999619 -0.00077004902744710879 0.0012565673994888098 0.0021345519065582861
leaf_weight=1625 65 390 65 1300 81 65 60 200 195 2756 3432 168 63 390
leaf_count=1625 65 390 65 1300 81 65 60 200 195 2756 3432 168 63 390
internal_value=-0.0003579 4.81454e-05 -3.0101e-05 -0.000106121 -0.000283618 0.00141231 0.00103846 0.00519231 -0.00237363 -0.0006836 -2.46742e-05 0.00373077 0.00908333 -0.000331241
internal_weight=10855 9035 8970 8905 8515 1625 1560 260 1820 6890 4134 312 144 3822
internal_count=10855 9035 8970 8905 8515 1625 1560 260 1820 6890 4134 312 144 3822
is_linear=0
shrinkage=0.03


Tree=88
num_leaves=15
num_cat=0
split_feature=28 27 33 9 9 15 35 69 7 17 40 34 26 65
split_gain=10.0329 8.50279 7.22636 5.78557 7.7195 6.13592 10.0097 12.7499 21.6416 7.95218 6.23908 5.71181 11.3193 7.28115
threshold=37.987070083618171 8.844882011413576 69.806602478027358 0.94362270832061779 0.92435190081596386 0.16903646290302279 166.99986267089847 297.45332336425787 0.37267799675464636 152.16110992431643 0.35263158380985266 48.061246871948249 4319.0000000000009 1419.465515136719
decision_type=2 2 2 2 2 2 2 2 2 2 2 2 2 2
left_child=-1 -2 3 4 5 6 -3 8 -8 10 11 12 13 -7
right_child=1 2 -4 -5 -6 9 7 -9 -10 -11 -12 -13 -14 -15
leaf_value=-0.015567493371227668 0.0057083503580339767 -0.0018950007449553151 0.0029815202921657409 -0.012108597312750291 0.00053464413731026637 0.0092953367087018884 -0.008449866401012569 0.0010529541194008374 0.0067198350403863674 0.0010801112011468383 -0.0033182605251331149 -0.0009493875004869068 0.0003012210231392169 0.0059217000999669134
leaf_weight=1820 65 520 65 585 65 77 100 496 119 1885 2449 1836 714 59
leaf_count=1820 65 520 65 585 65 77 100 496 119 1885 2449 1836 714 59
internal_value=-0.000374483 3.48637e-05 -4.3479e-05 -0.000116228 8.65377e-05 5.45053e-06 0.00195546 0.00425874 0.0102877 -0.000337608 -0.000949368 4.9143e-05 0.00208235 0.0100147
internal_weight=10855 9035 8970 8905 8320 8255 1235 715 219 7020 5135 2686 850 136
internal_count=10855 9035 8970 8905 8320 8255 1235 715 219 7020 5135 2686 850 136
is_linear=0
shrinkage=0.03


Tree=89
num_leaves=15
num_cat=0
split_feature=28 27 33 30 15 26 13 9 40 40 19 52 15 40
split_gain=9.44716 8.46106 7.18761 6.74699 6.44574 6.1477 6.23617 6.6188 14.3676 11.2588 5.61641 4.9924 4.92513 4.89494
threshold=37.987070083618171 8.844882011413576 69.806602478027358 0.47023808956146246 7.7050030231475839 4283.5000000000009 318.02848815917974 0.41223378479480749 0.22631578892469409 0.11052631586790086 0.49956579506397253 1.0959722399711611 0.14449653029441836 0.50000000000000011
decision_type=2 2 2 2 2 2 2 2 2 2 2 2 2 2
left_child=4 -2 3 12 -1 6 10 9 -9 -8 -5 -10 -3 -7
right_child=1 2 -4 5 -6 13 7 8 11 -11 -12 -13 -14 -15
leaf_value=-0.024770252893102782 0.0055370998472929443 0.01240017192603797 0.0028920746834007636 -0.00018529823048107018 0.0058312259553799459 -0.00023449214323295614 0.009021512021037327 -0.021582890327370281 0.0055042994867528167 -0.00015899321345331783 0.0074966274052520121 0.003359186181911169 0.0010464458920263996 -0.003883467015837791
leaf_weight=1625 65 65 65 975 195 5088 66 66 74 324 65 55 325 1802
leaf_count=1625 65 65 65 975 195 5088 66 66 74 324 65 55 325 1802
internal_value=-0.000335791 6.14271e-05 -1.67231e-05 -8.92764e-05 -0.00230769 -0.000266002 0.00139385 0.00387179 0.00838461 0.00161538 -7.15256e-10 0.0142093 0.00376923 -0.000657475
internal_weight=10855 9035 8970 8905 1820 8515 1625 585 195 390 1040 129 390 6890
internal_count=10855 9035 8970 8905 1820 8515 1625 585 195 390 1040 129 390 6890
is_linear=0
shrinkage=0.03


Tree=90
num_leaves=15
num_cat=0
split_feature=28 27 33 30 15 26 13 9 40 40 19 40 16 10
split_gain=9.65829 7.76234 7.19245 6.231 5.77688 5.71908 5.75043 5.74701 12.3381 11.2588 5.61641 4.55559 5.616 5.20696
threshold=37.987070083618171 8.844882011413576 69.806602478027358 0.47023808956146246 7.7050030231475839 4283.5000000000009 318.02848815917974 0.41223378479480749 0.21578947454690936 0.11052631586790086 0.49956579506397253 0.46842105686664587 123.2425880432129 1.2611401081085207
decision_type=2 2 2 2 2 2 2 2 2 2 2 2 2 2
left_child=4 -2 3 -3 -1 6 10 9 -9 -8 -5 13 -13 -7
right_child=1 2 -4 5 -6 11 7 8 -10 -11 -12 12 -14 -15
leaf_value=-0.024027145306309689 0.0053709868518741401 0.0021343478386234693 0.0028053124428987363 -0.00017973928356665781 0.0056562891767185366 0.00021225267795683275 0.0087508666604061962 -0.021066171670086856 0.0052183799851870461 -0.00015422341704971032 0.0072717285830944276 -0.0046505760245774538 0.0041679487589397109 -0.013546631153376242
leaf_weight=1625 65 390 65 975 195 4140 66 63 132 324 65 2040 80 630
leaf_count=1625 65 390 65 975 195 4140 66 63 132 324 65 2040 80 630
internal_value=-0.000346845 5.47862e-05 -2.00676e-05 -9.26453e-05 -0.00234066 -0.000262479 0.00133846 0.00371795 0.00792308 0.00161538 -7.15256e-10 -0.000640059 -0.00179717 -0.000125787
internal_weight=10855 9035 8970 8905 1820 8515 1625 585 195 390 1040 6890 2120 4770
internal_count=10855 9035 8970 8905 1820 8515 1625 585 195 390 1040 6890 2120 4770
is_linear=0
shrinkage=0.03


Tree=91
num_leaves=15
num_cat=0
split_feature=28 27 33 29 15 9 69 4 12 42 40 13 19 65
split_gain=9.33777 7.87252 6.64213 6.09379 8.94679 9.75 22.4956 6.67047 7.28752 8.00308 6.16708 5.81147 5.26864 4.84213
threshold=37.987070083618171 8.844882011413576 69.806602478027358 3118.2814941406255 0.17631945013999942 0.17853009700775149 306.27763366699224 23.103233337402347 422.70832824707037 0.91037613153457653 0.089473687112331404 1878.9898071289065 0.49956579506397253 159.87194824218753
decision_type=2 2 2 2 2 2 2 2 2 2 2 2 2 2
left_child=-1 -2 3 7 5 10 -7 11 9 -9 -5 -3 -6 -8
right_child=1 2 -4 4 12 6 13 8 -10 -11 -12 -13 -14 -15
leaf_value=-0.014787300326098436 0.0052098572463179175 -0.0029827066862009289 0.0027211530696117777 0.012195686808298802 -4.4802325844697852e-05 0.0080308703031882339 -0.0095704757796641182 0.0022922869239132911 -0.0018254760762915045 0.0066111051883004021 -8.4988947451377424e-05 0.0064113709042669265 0.0070535767256016176 0.0044070814125315274
leaf_weight=1820 65 4225 65 54 3315 95 95 260 260 65 336 65 65 70
leaf_count=1820 65 4225 65 54 3315 95 95 260 260 65 336 65 65 70
internal_value=-0.000413174 -1.8263e-05 -9.36462e-05 -0.000163392 0.000699751 0.00392308 0.00842308 -0.000876924 0.0021282 0.00512308 0.000923076 -0.00128671 7.98809e-05 0.00172727
internal_weight=10855 9035 8970 8905 4030 650 260 4875 585 325 390 4290 3380 165
internal_count=10855 9035 8970 8905 4030 650 260 4875 585 325 390 4290 3380 165
is_linear=0
shrinkage=0.03


Tree=92
num_leaves=15
num_cat=0
split_feature=28 27 33 63 9 12 22 0 16 69 67 64 30 19
split_gain=8.72206 7.84239 6.61426 6.368 5.67793 6.76923 7.78503 8.78779 8.22465 9.23462 8.16786 7.03767 10.0882 8.66638
threshold=37.987070083618171 8.844882011413576 69.806602478027358 1162.4776000976565 0.94362270832061779 344.71875000000006 7.7095611095428476 133.16666412353518 0.68586453795433056 9.5211110115051287 2313.721069335938 1.0000000180025095e-35 0.77827382087707531 0.49956579506397253
decision_type=2 2 2 2 2 2 2 2 2 2 2 2 2 2
left_child=3 -2 4 -1 5 6 7 8 9 -3 -9 12 13 -8
right_child=1 2 -4 -5 -6 -7 11 10 -10 -11 -12 -13 -14 -15
leaf_value=-0.016045353056522653 0.0050535615289283992 0.012535482594575584 0.0026395184775234357 0.0028335144121967204 -0.011578054332409059 -0.0018864872550901877 -0.0052842777917332141 0.0023256009209547961 0.00013268882408355799 0.0022435614919713463 0.0053701856443569319 -0.0091232511362157164 0.0017038295173557997 0.0069775014686558013
leaf_weight=1769 65 52 65 51 585 2600 619 591 2600 208 59 1076 459 56
leaf_count=1769 65 52 65 51 585 2600 619 591 2600 208 59 1076 459 56
internal_value=-0.00038001 1.6595e-06 -7.35793e-05 -0.00227473 -0.000143179 5.76916e-05 0.000634615 0.00151282 0.000797202 0.00588461 0.00466154 -0.000760182 0.000888888 -0.00144445
internal_weight=10855 9035 8970 1820 8905 8320 5720 3510 2860 260 650 2210 1134 675
internal_count=10855 9035 8970 1820 8905 8320 5720 3510 2860 260 650 2210 1134 675
is_linear=0
shrinkage=0.03


Tree=93
num_leaves=15
num_cat=0
split_feature=28 27 63 9 29 12 30 4 29 15 69 40 36 1
split_gain=8.69663 7.84741 6.368 6.30324 6.69027 6.39983 5.93233 5.52656 7.14527 9.75591 10.0749 6.80401 11.0865 15.625
threshold=37.987070083618171 8.844882011413576 1162.4776000976565 0.90614581108093273 563.54193115234386 402.93750000000006 0.67708331346511852 23.103233337402347 3118.2814941406255 0.13532697409391406 68.86069488525392 0.10000000149011613 4.5000000000000009 82.976108551025405
decision_type=2 2 2 2 2 2 2 2 2 2 2 2 2 2
left_child=2 -2 -1 4 -3 7 -7 8 11 10 -10 12 13 -6
right_child=1 3 -4 -5 5 6 -8 -9 9 -11 -12 -13 -14 -15
leaf_value=-0.015563992464826969 0.0049019546830605457 0.0015264796308374197 0.0027485089798308061 -0.010585409549803231 -0.00021156069709889831 0.0062756243947916191 -0.0051932188695534027 0.0031308015273421156 0.011676177433433145 0.00021466911803662815 0.0022456135848555343 -0.004578311142919499 -0.0028446225612580069 0.032412672068847959
leaf_weight=1769 65 520 51 780 80 65 1560 325 63 2925 327 2035 210 80
leaf_count=1769 65 520 51 780 80 65 1560 325 63 2925 327 2035 210 80
internal_value=-0.000382774 -1.66093e-06 -0.00227473 -7.69238e-05 0.000168497 -5.47595e-05 -0.00172615 0.00039454 0.000178321 0.00108145 0.00553846 -0.00106653 0.00267567 0.008625
internal_weight=10855 9035 1820 8970 8190 7670 1625 6045 5720 3315 390 2405 370 160
internal_count=10855 9035 1820 8970 8190 7670 1625 6045 5720 3315 390 2405 370 160
is_linear=0
shrinkage=0.03


Tree=94
num_leaves=15
num_cat=0
split_feature=28 27 63 9 12 29 22 15 69 25 67 69 67 34
split_gain=9.00511 7.76234 6.34793 6.1747 7.07333 8.12718 7.64264 6.3158 12.2704 6.17829 12.2163 9.0083 10.3879 5.27306
threshold=37.987070083618171 8.844882011413576 1162.4776000976565 0.94362270832061779 402.93750000000006 789.28930664062511 7.7095611095428476 0.045477430336177356 388.71499633789068 457.77191162109381 0.56888887286186229 193.32027435302737 2313.721069335938 47.431940078735359
decision_type=2 2 2 2 2 2 2 2 2 2 2 2 2 2
left_child=2 -2 -1 4 5 -3 7 8 -7 10 -9 12 -12 -8
right_child=1 3 -4 -5 -6 6 13 9 -10 -11 11 -13 -14 -15
leaf_value=-0.015097072690882158 0.0047548960425687469 0.0018052489780056051 0.0026660537104358714 -0.010913150415942707 -0.0022719201944145766 0.011826421590060131 0.00068408391383417526 0.0099041173453131136 0.0028780295217606189 6.3175404857371834e-05 0.00021609906583420544 0.00032918323795817946 0.0052379337833897794 -0.0074191423710533548
leaf_weight=1769 65 650 51 585 1820 50 780 64 145 2730 84 578 54 1430
leaf_count=1769 65 650 51 585 1820 50 780 64 145 2730 84 578 54 1430
internal_value=-0.000333027 5.47862e-05 -0.00225824 -2.00676e-05 0.000187835 0.00064661 0.000296703 0.00112955 0.00638461 0.000837606 0.00319231 0.00206983 0.00895652 -0.00109955
internal_weight=10855 9035 1820 8970 8385 6565 5915 3705 195 3510 780 716 138 2210
internal_count=10855 9035 1820 8970 8385 6565 5915 3705 195 3510 780 716 138 2210
is_linear=0
shrinkage=0.03


Tree=95
num_leaves=15
num_cat=0
split_feature=28 27 30 15 22 40 25 1 16 18 34 19 65 21
split_gain=8.69663 7.84741 6.17622 5.98693 5.61411 5.86673 5.62 10.3601 5.00454 14.4808 4.75622 10.1356 7.70086 6.76784
threshold=37.987070083618171 8.844882011413576 0.47023808956146246 7.7050030231475839 8.8598527908325213 0.38421052694320684 224.98780059814456 167.68514251708987 48.873243331909187 0.26041667163372045 49.138797760009773 0.49891331791877752 322.21221923828131 3.857218980789185
decision_type=2 2 2 2 2 2 2 2 2 2 2 2 2 2
left_child=3 -2 -3 -1 5 10 7 -7 -8 -10 11 -4 -13 -12
right_child=1 2 4 -5 -6 6 8 -9 9 -11 13 12 -14 -15
leaf_value=-0.021461519390970487 0.0046122491612916976 0.001184033649237847 0.00080608047387144787 0.0057284264460792577 0.0018357320044040744 -0.00020336111011304219 -0.0038260799601208162 0.0050666782571262186 0.0040676847104077572 -0.00053364383095553343 0.00081800091078223971 0.0074472971143658261 0.0012347596793362953 -0.0062050571666492152
leaf_weight=1625 65 390 2072 195 65 112 3052 56 84 364 1295 53 58 1369
leaf_count=1625 65 390 2072 195 65 112 3052 56 84 364 1295 53 58 1369
internal_value=-0.000382774 -1.66093e-06 -7.69238e-05 -0.00227473 -0.000244756 -0.000311803 -0.00121701 0.00414286 -0.00147429 0.00148661 0.00037322 0.00141136 0.0102432 -0.000477478
internal_weight=10855 9035 8970 1820 8580 8515 3668 168 3500 448 4847 2183 111 2664
internal_count=10855 9035 8970 1820 8580 8515 3668 168 3500 448 4847 2183 111 2664
is_linear=0
shrinkage=0.03


Tree=96
num_leaves=15
num_cat=0
split_feature=28 40 27 11 3 3 40 2 36 40 0 17 18 44
split_gain=8.54305 6.98722 9.48299 5.66378 7.41172 8.52027 7.79496 7.66638 7.06304 9.1314 6.46465 6.33453 7.41965 8.27485
threshold=37.987070083618171 0.4789473712444306 10.179928779602053 2.6783332824707036 10.599641323089601 1.0965277552604678 0.13157894462347033 124.50000000000001 6.5000000000000009 0.14210525900125506 115.08333206176759 219.96208190917972 0.28125000000000006 -0.60785761475563038
decision_type=2 2 2 2 2 2 2 2 2 2 2 2 2 2
left_child=-1 2 -2 4 5 7 -6 8 -4 -10 -8 12 13 -5
right_child=1 -3 3 11 6 -7 10 -9 9 -11 -12 -13 -14 -15
leaf_value=-0.012445812764266829 0.0061422624943342184 -0.0014794112656278887 0.00087056102574443984 0.0015132118117646305 -0.0023873043191351417 -0.0082056692171616954 0.00068783658185207666 0.00066550184674060828 -0.00032454337615928856 0.0043226591284777063 0.0057341793958804168 0.0015476036226528401 -0.0075687909101494217 -0.0081602761060788741
leaf_weight=1820 92 2641 230 322 65 552 66 2714 70 160 99 368 1334 322
leaf_count=1820 92 2641 230 322 65 552 66 2714 70 160 99 368 1334 322
internal_value=-0.00043252 -5.47877e-05 0.000481388 0.000341796 0.00103438 0.000711755 0.00626087 0.00131002 0.0048913 0.00860869 0.00972727 -0.000826088 -0.00149848 0.00114596
internal_weight=10855 9035 6394 6302 3956 3726 230 3174 460 230 165 2346 1978 644
internal_count=10855 9035 6394 6302 3956 3726 230 3174 460 230 165 2346 1978 644
is_linear=0
shrinkage=0.03


Tree=97
num_leaves=15
num_cat=0
split_feature=28 27 63 30 40 9 29 0 15 65 65 24 31 10
split_gain=7.83182 6.62931 6.32789 6.17622 5.33749 4.76543 5.5164 5.23256 4.62821 4.55659 5.10236 4.18155 6.22163 8.05215
threshold=37.987070083618171 8.844882011413576 1162.4776000976565 0.47023808956146246 0.44736842811107641 0.94362270832061779 593.58334350585949 426.45834350585943 0.14449653029441836 655.96484375000011 1319.7769775390627 386.59970092773443 0.39955286681652075 0.62204214930534374
decision_type=2 2 2 2 2 2 2 2 2 2 2 2 2 2
left_child=2 -2 -1 8 5 6 7 9 -3 -5 -11 12 13 -8
right_child=1 3 -4 4 -6 -7 11 -9 -10 10 -12 -13 -14 -15
leaf_value=-0.013805775027187951 0.0042896138116228976 0.010546492102455948 0.0027875936886684457 0.00085680717179657481 -0.0014951347826516414 -0.010354266036076139 3.4633025119289453e-05 -0.0050743249653428983 0.0008211272533673314 0.0029199414844398057 0.0012160882748424124 -0.0022470653754526303 -4.3419568971523479e-05 0.0066480734152010142
leaf_weight=1769 65 65 51 165 2904 387 387 129 325 139 83 645 3397 344
leaf_count=1769 65 65 51 165 2904 387 387 129 325 139 83 645 3397 344
internal_value=-0.000446339 -8.46714e-05 -0.00224176 -0.000153847 -0.000321679 0.00021353 0.000448666 0.00339535 0.00353846 0.00513953 0.00794595 0.000130106 0.000481104 0.00299179
internal_weight=10855 9035 1820 8970 8580 5676 5289 516 390 387 222 4773 4128 731
internal_count=10855 9035 1820 8970 8580 5676 5289 516 390 387 222 4773 4128 731
is_linear=0
shrinkage=0.03


Tree=98
num_leaves=15
num_cat=0
split_feature=21 69 28 29 65 42 6 12 65 36 64 21 16 67
split_gain=7.76013 8.04592 7.77524 9.6487 7.15274 9.42961 7.11266 6.39255 5.77705 5.63464 5.31278 8.68092 7.07408 7.64991
threshold=6.162769317626954 2481.7956542968755 33.636706352233894 563.54193115234386 655.96484375000011 0.58216583728790294 0.20833333581686023 371.14584350585943 5184.0485839843759 1.0000000180025095e-35 1.0000000180025095e-35 5.8266899585723886 0.37635099887847906 1569.5000000000002
decision_type=2 2 2 2 2 2 2 2 2 2 2 2 2 2
left_child=2 -2 -1 4 -4 -6 -7 8 10 -9 11 12 13 -5
right_child=1 -3 3 7 5 6 -8 9 -10 -11 -12 -13 -14 -15
leaf_value=-0.009265434296883238 -0.015071805306492585 0.0077764367539309674 -0.00011447976422152203 0.01079319700535418 0.00081022553260253838 0.0058297954380750385 0.0019560583329176306 0.0021973952664362003 0.00079003803823644045 -0.0041400788923173521 -0.00032287781414849445 0.0071226630540958584 0.00030012502215904569 -0.0012974653038450412
leaf_weight=1235 1443 52 262 167 198 69 121 195 104 1625 2583 94 2609 98
leaf_count=1235 1443 52 262 167 198 69 121 195 104 1625 2583 94 2609 98
internal_value=-0.000471212 -0.00247826 -0.000150642 0.000186461 0.00369231 0.00627835 0.0110526 -0.000118395 0.00037931 -0.00166484 0.000248063 0.00111388 0.000820459 0.00549057
internal_weight=10855 1495 9360 8125 650 388 190 7475 5655 1820 5551 2968 2874 265
internal_count=10855 1495 9360 8125 650 388 190 7475 5655 1820 5551 2968 2874 265
is_linear=0
shrinkage=0.03


Tree=99
num_leaves=15
num_cat=0
split_feature=17 18 17 24 17 24 67 67 40 33 59 12 35 67
split_gain=7.96642 7.74107 5.73611 7.28506 5.5734 8.69752 6.44719 9.7429 7.22161 5.87601 5.45557 5.6813 5.38199 6.57716
threshold=152.16110992431643 0.48958332836627966 94.643196105957045 381.55207824707037 73.972221374511733 250.0059509277344 623.91513061523449 1004.1925048828126 0.53157895803451549 56.442417144775398 69.500000000000014 213.07291412353518 166.13889312744143 68.86069488525392
decision_type=2 2 2 2 2 2 2 2 2 2 2 2 2 2
left_child=1 2 3 4 6 -6 9 8 -8 -1 12 -12 13 -2
right_child=10 -3 -4 -5 5 -7 7 -9 -10 -11 11 -13 -14 -15
leaf_value=0.00010536262700082233 0.0036809665648099943 -0.02878649497407702 -0.0074329271648495088 -0.0022162661567609004 -0.0041028274651813872 0.0048066144439540262 0.0037879001861928227 0.00013413465019754497 -0.010764442525658483 -0.012235844459143261 0.0039571371976871586 -0.0012624696836076347 -0.00027882309832441158 -0.0021486474843239898
leaf_weight=1583 294 1300 845 1300 260 325 361 1526 99 1241 179 72 1334 136
leaf_count=1583 294 1300 845 1300 260 325 361 1526 99 1241 179 72 1334 136
internal_value=-0.000473976 -0.000861992 -0.000493369 -0.000199403 0.000286376 0.00305128 -4.98968e-05 0.00125982 0.00508696 -0.000970964 0.00122829 0.00536653 0.000639455 0.00355814
internal_weight=10855 8840 7540 6695 5395 585 4810 1986 460 2824 2015 251 1764 430
internal_count=10855 8840 7540 6695 5395 585 4810 1986 460 2824 2015 251 1764 430
is_linear=0
shrinkage=0.03


Tree=100
num_leaves=15
num_cat=0
split_feature=28 27 15 9 12 22 64 10 30 0 67 9 16 30
split_gain=7.71002 6.06979 5.6218 5.44893 5.39439 5.9251 6.19186 7.08049 7.66125 5.26218 9.92372 5.66374 5.51222 5.66239
threshold=37.987070083618171 8.844882011413576 7.7050030231475839 0.94362270832061779 402.93750000000006 7.7095611095428476 1.0000000180025095e-35 0.36903925240039831 0.78422617912292492 133.16666412353518 2313.721069335938 0.57150468230247509 0.68586453795433056 0.71875000000000011
decision_type=2 2 2 2 2 2 2 2 2 2 2 2 2 2
left_child=2 -2 -1 4 5 9 7 -7 -9 12 11 -11 -3 -14
right_child=1 3 -4 -5 -6 6 -8 8 -10 10 -12 -13 13 -15
leaf_value=-0.019385087812816941 0.0038723945285461464 0.0031378486073825444 0.0056797910547723342 -0.0097380314649823854 -0.0019782743097742773 0.0034425790764558342 -0.0067555991252598426 -0.0048653565971947367 0.001412621019130975 0.00041067652935524931 0.004715124390678802 0.0030698491874604364 -0.002258688431682942 0.0010223095622945322
leaf_weight=1625 65 260 195 585 1820 270 1192 615 393 861 75 169 1430 1300
leaf_count=1625 65 260 195 585 1820 270 1192 615 393 861 75 169 1430 1300
internal_value=-0.000493322 -0.000134478 -0.00227473 -0.00020067 -5.36744e-06 0.000395277 -0.000765183 0.000685445 -0.000470239 0.00109524 0.00286425 0.00209709 0.000441471 4.39553e-05
internal_weight=10855 9035 1820 8970 8385 6565 2470 1278 1008 4095 1105 1030 2990 2730
internal_count=10855 9035 1820 8970 8385 6565 2470 1278 1008 4095 1105 1030 2990 2730
is_linear=0
shrinkage=0.03


Tree=101
num_leaves=15
num_cat=0
split_feature=28 9 29 30 42 23 65 15 26 16 2 9 30 69
split_gain=7.8525 5.65402 7.4126 5.34347 5.14568 6.13365 5.0575 4.66523 4.33445 5.85908 4.73802 6.29436 4.31026 5.74467
threshold=37.987070083618171 0.94362270832061779 563.54193115234386 0.47023808956146246 0.68322628736495983 21.374722480773929 655.96484375000011 7.7050030231475839 4283.5000000000009 0.37635099887847906 159.50000000000003 0.0048958334373310217 0.77827382087707531 247.40611267089847
decision_type=2 2 2 2 2 2 2 2 2 2 2 2 2 2
left_child=7 2 4 -4 -2 -6 -7 -1 10 -10 -5 -12 13 -13
right_child=1 -3 3 8 5 6 -8 -9 9 -11 11 12 -14 -15
leaf_value=-0.018803535178432425 0.00068245131208151822 -0.0094458905210329201 0.00091320660434279332 -0.00448481692453541 -0.024964835874262854 0.00093988034543214245 0.0029689024800669838 0.0055093973231291572 0.0034808470288792922 -0.0012111571826952969 -0.0023689977470609208 0.0051951379601434134 0.001777833950854584 0.00012092602620123277
leaf_weight=1625 360 585 390 390 50 63 112 195 325 5655 325 129 520 131
leaf_count=1625 360 585 390 390 50 63 112 195 325 5655 325 129 520 131
internal_value=-0.000509904 -0.000147759 4.97034e-05 -0.000192626 0.00330769 0.00686667 0.00951428 -0.00230769 -0.000371238 -0.000732442 0.00107358 0.00207692 0.00353846 0.00669231
internal_weight=10855 9035 8450 7865 585 225 175 1820 7475 5980 1495 1105 780 260
internal_count=10855 9035 8450 7865 585 225 175 1820 7475 5980 1495 1105 780 260
is_linear=0
shrinkage=0.03


Tree=102
num_leaves=15
num_cat=0
split_feature=28 27 9 40 33 25 1 34 19 65 19 33 6 40
split_gain=7.58917 5.53494 5.26817 5.21241 7.3343 6.11111 12.9643 5.32039 9.5146 7.70086 5.33575 8.93919 6.3849 4.84177
threshold=37.987070083618171 8.844882011413576 0.94362270832061779 0.38421052694320684 30.3546257019043 224.98780059814456 167.68514251708987 49.138797760009773 0.49891331791877752 322.21221923828131 0.42029668390750891 53.922643661499031 1.0000000180025095e-35 0.089473687112331404
decision_type=2 2 2 2 2 2 2 2 2 2 2 2 2 2
left_child=-1 -2 3 7 -5 6 -6 8 13 -10 11 -9 -12 -3
right_child=1 2 -4 4 5 -7 -8 10 9 -11 12 -13 -14 -15
leaf_value=-0.010895576532460387 0.0036671556182877592 0.0048937931766545083 -0.0091625138054019211 0.00088581040621249941 -0.00028369075592075786 -0.0012554430384409015 0.0045789385665225505 0.0033388726517551192 0.0067292434510709377 0.00090839082700705119 0.002606976925524964 -0.00059081126395545353 -0.0040923902420095578 0.00037547812149794528
leaf_weight=1820 65 504 585 56 112 3388 56 296 53 58 111 592 1591 1568
leaf_count=1820 65 504 585 56 112 3388 56 296 53 58 111 592 1591 1568
internal_value=-0.000540305 -0.000184284 -0.000247492 -5.54569e-05 -0.000915283 -0.00108493 0.0045 0.000595222 0.00168621 0.0102432 -0.000324325 0.00156081 -0.00130787 0.0012278
internal_weight=10855 9035 8970 8385 3612 3556 168 4773 2183 111 2590 888 1702 2072
internal_count=10855 9035 8970 8385 3612 3556 168 4773 2183 111 2590 888 1702 2072
is_linear=0
shrinkage=0.03


Tree=103
num_leaves=15
num_cat=0
split_feature=17 18 24 17 17 40 69 33 28 25 69 30 56 33
split_gain=7.53599 7.09177 4.90117 6.72949 9.53327 6.44732 5.77993 5.54522 5.34377 5.24926 8.90805 4.52337 5.3655 6.3681
threshold=152.16110992431643 0.48958332836627966 381.55207824707037 89.623748779296889 73.972221374511733 0.37368421256542211 12.943333625793459 48.60083198547364 360.08190917968756 268.58322143554693 829.47402954101574 0.6517857313156129 57.500000000000007 56.818841934204109
decision_type=2 2 2 2 2 2 2 2 2 2 2 2 2 2
left_child=1 2 3 4 5 6 7 8 -1 10 -7 -8 -13 -14
right_child=-2 -3 -4 -5 -6 9 11 -9 -10 -11 -12 12 13 -15
leaf_value=0.013934823639783199 0.00073197965776084818 -0.027072507051112193 -0.0024100028218328562 -0.0073678914800581283 0.0029197658947250366 0.004455687922288747 0.0013973574554257777 -0.010155064312284762 -0.001230183382090222 -0.0040731650329248062 -8.6595664303565912e-05 0.0002438127853091729 -0.010928887174176385 0.0052277047195583388
leaf_weight=74 2015 1300 1430 845 455 54 273 561 161 2030 62 1321 69 205
leaf_count=74 2015 1300 1430 845 455 54 273 561 161 2030 62 1321 69 205
internal_value=-0.000576233 -0.000953621 -0.000600796 -0.00023077 0.00016809 -0.000224533 0.000761261 -0.0013794 0.00248936 -0.00144828 0.00475862 0.00167345 0.0010627 0.00488321
internal_weight=10855 8840 7540 6110 5265 4810 2664 796 235 2146 116 1868 1595 274
internal_count=10855 8840 7540 6110 5265 4810 2664 796 235 2146 116 1868 1595 274
is_linear=0
shrinkage=0.03


Tree=104
num_leaves=15
num_cat=0
split_feature=13 25 40 34 33 35 14 25 50 28 9 11 3 65
split_gain=7.04017 6.37398 5.0402 8.29723 7.59046 6.53836 6.04268 6.18386 5.26529 5.07228 4.53044 11.4939 14.7347 4.65359
threshold=81.78168106079103 1142.8336181640627 0.38421052694320684 57.940305709838874 30.3546257019043 164.45888519287112 808.50000000000011 464.82203674316412 130.50000000000003 484.33657836914068 0.37942129373550421 2.9890277385711674 0.38231483101844793 1903.6884765625002
decision_type=2 2 2 2 2 2 2 2 2 2 2 2 2 2
left_child=-1 2 5 4 -4 -2 7 -7 9 -8 -6 12 -12 -13
right_child=1 -3 3 -5 10 6 8 -9 -10 -11 11 13 -14 -15
leaf_value=-0.018927099822326716 0.0039906544737891786 -0.012561814346453188 0.00083727670429331266 0.015558281017745559 -0.0027783822411548004 0.00064057127776195584 -0.00060789595482683046 0.0050684273987218016 0.0030520058434778809 0.0063893598002608453 0.0046396479070408047 -0.0016382120418485184 0.0012701620664000871 0.00065706910362042423
leaf_weight=975 185 975 56 84 2464 370 3678 296 247 293 56 868 196 112
leaf_count=975 185 975 56 84 2464 370 3678 296 247 293 56 868 196 112
internal_value=-0.000567942 -0.000327936 -7.58008e-05 -0.000896247 -0.00110501 0.000545077 0.00033538 0.00299099 -8.39267e-05 -0.000348276 -0.0012711 0.000214285 0.00592857 -0.0012551
internal_weight=10855 9880 8905 3836 3752 5069 4884 666 4218 3971 3696 1232 252 980
internal_count=10855 9880 8905 3836 3752 5069 4884 666 4218 3971 3696 1232 252 980
is_linear=0
shrinkage=0.03


Tree=105
num_leaves=15
num_cat=0
split_feature=13 22 14 34 40 23 25 35 69 43 30 33 67 27
split_gain=6.75511 5.78756 7.95371 7.14705 6.87184 5.61016 4.87416 6.55418 7.65612 6.92527 5.01706 4.8616 6.18132 5.0554
threshold=81.78168106079103 7.6952922344207773 844.00000000000011 46.967906951904304 0.15263157337903979 23.497777938842777 457.77191162109381 166.99986267089847 326.99528503417974 -0.77259656786918629 0.48065476119518286 69.806602478027358 32.09819412231446 74.191730499267592
decision_type=2 2 2 2 2 2 2 2 2 2 2 2 2 2
left_child=-1 2 -2 4 5 -3 7 -4 9 -9 -8 13 -13 -12
right_child=1 3 6 -5 -6 -7 10 8 -10 -11 11 12 -14 -15
leaf_value=-0.018359286827656907 0.0024417101316348265 0.00073760112519328711 -0.0001071254115481145 -0.0050304421776320206 -0.00018435523211464996 0.0078070877718295507 0.00069997765684934798 0.0038198045336270245 6.3369671250838329e-05 0.0015579780493458028 -0.0017064195025038482 -0.0030017457787207395 0.014983956137858242 0.001492440460841662
leaf_weight=975 780 105 455 2795 600 75 325 63 153 109 3640 90 105 585
leaf_count=975 780 105 455 2795 600 75 325 63 153 109 3640 90 105 585
internal_value=-0.000617688 -0.000382592 0.000164155 -0.00134685 0.00119231 0.00633333 -0.0002362 0.00196154 0.00521538 0.00955814 -0.000597472 -0.000861992 0.00376923 -0.00107574
internal_weight=10855 9880 6305 3575 780 180 5525 780 325 172 4745 4420 195 4225
internal_count=10855 9880 6305 3575 780 180 5525 780 325 172 4745 4420 195 4225
is_linear=0
shrinkage=0.03


Tree=106
num_leaves=15
num_cat=0
split_feature=13 25 40 35 33 9 11 3 35 69 13 14 13 27
split_gain=6.78649 5.77894 5.16065 6.66478 4.75843 5.34405 9.86687 13.8438 7.39647 9.36896 4.60765 6.14932 7.26353 6.98465
threshold=81.78168106079103 1142.8336181640627 0.38421052694320684 164.45888519287112 30.3546257019043 0.37942129373550421 2.9890277385711674 0.38231483101844793 167.49777984619143 1.3916666507720949 208.93702697753909 2810.5000000000005 805.23266601562511 63.884410858154304
decision_type=2 2 2 2 2 2 2 2 2 2 2 2 2 2
left_child=-1 2 3 -2 -4 -6 7 -7 -8 -10 -5 -12 -13 -14
right_child=1 -3 4 10 5 6 8 -9 9 -11 11 12 13 -15
leaf_value=-0.017808508222827198 0.0038755387285281614 -0.012034046650730636 0.00079115907345903122 0.0019240174269149043 -0.0020392788029802151 0.0044057392453846567 -0.0014751789732948821 0.0011970387891052819 0.015095773442910394 -4.0416626166848041e-05 -0.0027193485880772418 0.0014613195817433575 -0.0085982944189221654 0.002858667905655787
leaf_weight=975 185 975 56 1147 2520 56 868 196 51 89 1850 851 740 296
leaf_count=975 185 975 56 1147 2520 56 868 196 51 89 1850 851 740 296
internal_value=-0.000612161 -0.000376519 -0.000136441 0.000491812 -0.000966633 -0.00109524 0.000499999 0.00580952 -0.000827382 0.00557143 0.000280098 -0.000230399 0.000974562 -0.000712356
internal_weight=10855 9880 8905 5069 3836 3780 1260 252 1008 140 4884 3737 1887 1036
internal_count=10855 9880 8905 5069 3836 3780 1260 252 1008 140 4884 3737 1887 1036
is_linear=0
shrinkage=0.03


Tree=107
num_leaves=15
num_cat=0
split_feature=13 17 21 13 65 23 25 12 67 59 2 40 33 67
split_gain=6.77079 5.25275 6.3942 8.58563 7.48262 6.36405 6.24051 4.83176 7.18149 5.73922 4.98772 4.94828 4.05216 8.18462
threshold=81.78168106079103 152.16110992431643 2.675196766853333 152.98844146728518 1442.5176391601565 22.138889312744144 435.74342346191412 290.33332824707037 0.56888887286186229 69.500000000000014 808.50000000000011 0.38421052694320684 69.806602478027358 32.09819412231446
decision_type=2 2 2 2 2 2 2 2 2 2 2 2 2 2
left_child=-1 2 5 4 6 -2 -4 8 10 -10 11 -3 -5 -14
right_child=1 7 3 12 -6 -7 -8 -9 9 -11 -12 -13 13 -15
leaf_value=-0.017274252976142389 -0.0010883376823831092 0.010277767538423657 0.0021142525684460047 -0.0034071528762437179 0.0046661928581517367 0.0022825668392146979 -0.00089270762733486989 -0.0013759663620413452 -0.00015965325255594463 0.0023628908455346539 0.00027422800716280556 0.0028106992804024598 -0.0064493172582849052 0.014081564250435176
leaf_weight=975 910 87 240 4810 104 1105 501 845 578 189 123 128 155 105
leaf_count=975 910 87 240 4810 104 1105 501 845 578 189 123 128 155 105
internal_value=-0.000614925 -0.000379555 -0.000722573 -0.00121978 0.00157988 0.000736972 0.000522266 0.00101538 0.00232127 0.000715775 0.0059645 0.00872093 -0.00168639 0.00196154
internal_weight=10855 9880 7930 5915 845 2015 741 1950 1105 767 338 215 5070 260
internal_count=10855 9880 7930 5915 845 2015 741 1950 1105 767 338 215 5070 260
is_linear=0
shrinkage=0.03


Tree=108
num_leaves=15
num_cat=0
split_feature=13 17 21 13 25 65 63 42 13 34 12 67 59 2
split_gain=6.78649 5.2299 5.85129 7.58977 6.15195 5.92426 5.88649 7.15012 5.1367 4.46414 4.24785 7.1527 5.15007 4.80566
threshold=81.78168106079103 152.16110992431643 2.675196766853333 152.98844146728518 850.39007568359386 1.0000000180025095e-35 718.62402343750011 0.72947329282760631 135.90161132812503 49.494798660278327 290.33332824707037 0.56888887286186229 69.500000000000014 808.50000000000011
decision_type=2 2 2 2 2 2 2 2 2 2 2 2 2 2
left_child=-1 2 5 4 6 9 7 -4 -9 -2 11 13 -13 -3
right_child=1 10 3 -5 -6 -7 -8 8 -10 -11 -12 12 -14 -15
leaf_value=-0.016756025386858109 0.00010381190531194713 0.0086237067206662282 0.0012721500619800184 -0.0027978849607822771 -0.00095555443962620497 -0.00043068534548292784 -0.0017396899352327589 0.0023141028865104828 0.0053101427982818689 0.0039079515273991684 -0.0013346873711801031 -0.00015486365497926257 0.0022920041201686132 0.00026600116694792779
leaf_weight=975 315 215 279 5070 325 1285 102 86 53 415 845 578 189 123
leaf_count=975 315 215 279 5070 325 1285 102 86 53 415 845 578 189 123
internal_value=-0.000612161 -0.000376519 -0.00071879 -0.00119442 0.00143787 0.000677419 0.00346154 0.00503828 0.0105971 0.00283562 0.00101538 0.00223982 0.000637548 0.00587574
internal_weight=10855 9880 7930 5915 845 2015 520 418 139 730 1950 1105 767 338
internal_count=10855 9880 7930 5915 845 2015 520 418 139 730 1950 1105 767 338
is_linear=0
shrinkage=0.03


Tree=109
num_leaves=15
num_cat=0
split_feature=13 40 34 19 21 1 34 65 40 12 36 10 34 6
split_gain=6.80221 5.90587 5.67643 8.77006 8.1375 5.63229 5.35906 4.82421 4.69804 8.23961 6.18263 8.97436 4.74725 4.4546
threshold=81.78168106079103 0.38421052694320684 48.997932434082038 0.49891331791877752 3.857218980789185 279.58377075195318 57.940305709838874 322.21221923828131 0.089473687112331404 216.86458587646487 6.5000000000000009 0.45737208425998693 48.747930526733406 1.0000000180025095e-35
decision_type=2 2 2 2 2 2 2 2 2 2 2 2 2 2
left_child=-1 2 3 8 5 -4 -3 -5 9 10 11 -2 -10 -6
right_child=1 6 4 7 13 -7 -8 -9 12 -11 -12 -13 -14 -15
leaf_value=-0.01625334462525237 0.0131782407526528 -0.00089263123387279132 0.0016270136860107656 0.0056561344382374352 0.0020837149279459622 -0.0016298726787637588 0.013872379756075482 0.0010424877343290907 -8.3797634073797493e-05 6.2431712474708692e-05 0.010863238435993558 0.022243444026116142 0.0019364849796463573 -0.0054082631571548846
leaf_weight=975 54 4172 1110 53 148 629 84 58 1456 270 99 63 56 1628
leaf_count=975 54 4172 1110 53 148 629 84 58 1456 270 99 63 56 1628
internal_value=-0.000609397 -0.000373482 0.00026458 0.00149502 -0.000473685 0.000985048 -0.00121664 0.0097027 0.00103904 0.00360494 0.00797222 0.012641 0.000214285 -0.00190203
internal_weight=10855 9880 5624 2109 3515 1739 4256 111 1998 486 216 117 1512 1776
internal_count=10855 9880 5624 2109 3515 1739 4256 111 1998 486 216 117 1512 1776
is_linear=0
shrinkage=0.03


Tree=110
num_leaves=15
num_cat=0
split_feature=13 40 28 29 65 63 25 6 35 40 14 10 69 40
split_gain=6.59929 5.11459 5.68467 4.86707 5.94288 4.96114 4.85705 7.75758 4.33237 6.50287 4.18243 8.16607 5.778 6.55832
threshold=81.78168106079103 0.44736842811107641 33.636706352233894 593.58334350585949 655.96484375000011 110.46833419799806 224.98780059814456 0.20833333581686023 166.7287521362305 0.11052631586790086 1036.0000000000002 1.0611740350723269 131.27236175537112 0.3315789550542832
decision_type=2 2 2 2 2 2 2 2 2 2 2 2 2 2
left_child=-1 2 -2 4 -4 10 7 -3 -6 -10 11 12 13 -5
right_child=1 6 3 5 8 -7 -8 -9 9 -11 -12 -13 -14 -15
leaf_value=-0.015765744286494791 -0.0085024680017280231 -0.016690003941422216 -6.1530838072600211e-05 0.012970732138810134 8.0247203145170139e-05 -0.0012872990626754911 -0.0016037726367652851 0.0034299545016880906 -0.00028548570794405313 0.0032639675038532876 0.00010327689756354772 -0.0037350531208999271 0.0011514333198105714 -4.3370432923982016e-05
leaf_weight=975 860 66 352 127 114 1610 3212 66 70 195 2611 214 333 50
leaf_count=975 860 66 352 127 114 1610 3212 66 70 195 2611 214 333 50
internal_value=-0.000645325 -0.000412956 7.52747e-05 0.000419661 0.00270451 8.19002e-05 -0.00136723 0.00427273 0.00531134 0.00741509 0.000742128 0.00275967 0.00482353 0.00920339
internal_weight=10855 9880 6536 5676 731 4945 3344 132 379 265 3335 724 510 177
internal_count=10855 9880 6536 5676 731 4945 3344 132 379 265 3335 724 510 177
is_linear=0
shrinkage=0.03


Tree=111
num_leaves=15
num_cat=0
split_feature=13 40 28 29 65 63 35 40 67 33 14 10 69 65
split_gain=6.50667 5.01594 5.06432 4.699 5.60039 4.70057 4.20671 5.05 3.89603 3.88149 3.78938 5.66998 4.40155 4.27874
threshold=81.78168106079103 0.44736842811107641 33.636706352233894 593.58334350585949 655.96484375000011 110.46833419799806 166.73541259765628 0.11052631586790086 331.18069458007818 69.806602478027358 954.50000000000011 1.0611740350723269 65.653610229492202 5184.0485839843759
decision_type=2 2 2 2 2 2 2 2 2 2 2 2 2 2
left_child=-1 2 -2 4 8 10 -6 -8 -4 -3 11 12 -5 -12
right_child=1 9 3 5 6 -7 7 -9 -10 -11 13 -13 -14 -15
leaf_value=-0.01529277195789995 -0.0082473939616761818 -0.0009836517738361205 -0.0062339147511880364 0.010471149367096651 0.00010732504109903118 -0.0012486800907952245 -0.00015746001996422236 0.0033061353574298943 0.0010706479839328669 0.013484872303850332 -3.0454987371288683e-05 -0.0034143008110745685 0.0012469348894298257 0.0010222520398133002
leaf_weight=975 860 3256 191 126 145 1610 59 175 161 88 2608 172 309 120
leaf_count=975 860 3256 191 126 145 1610 59 175 161 88 2608 172 309 120
internal_value=-0.000661908 -0.000431175 5.23249e-05 0.000377378 0.00262243 4.54998e-05 0.00515303 0.00764102 -0.000102273 -0.0013762 0.000688155 0.00283196 0.00465517 0.000211143
internal_weight=10855 9880 6536 5676 731 4945 379 234 352 3344 3335 607 435 2728
internal_count=10855 9880 6536 5676 731 4945 379 234 352 3344 3335 607 435 2728
is_linear=0
shrinkage=0.03


Tree=112
num_leaves=15
num_cat=0
split_feature=13 35 25 9 40 64 50 40 35 26 25 17 68 1
split_gain=6.6614 5.09844 6.04478 5.35397 10.5514 7.96156 4.72717 4.14661 5.51008 3.8099 3.72481 3.81662 5.00909 4.98899
threshold=81.78168106079103 167.42444610595706 1012.9744873046876 0.85192131996154796 0.4789473712444306 1.0000000180025095e-35 70.500000000000014 0.35263158380985266 164.45888519287112 11603.500000000002 224.98780059814456 73.972221374511733 1.0000000180025095e-35 291.59480285644537
decision_type=2 2 2 2 2 2 2 2 2 2 2 2 2 2
left_child=-1 2 7 5 -5 6 -3 8 -2 -10 -9 -12 13 -13
right_child=1 3 -4 4 -6 -7 -8 10 9 -11 11 12 -14 -15
leaf_value=-0.014833988799162954 0.0029942957335456267 0.00078124940022341834 -0.0066976047572397408 0.00015133310977888999 0.013534022333752567 -0.0010706560339037679 0.0090558461546261845 0.0033651398872324733 -5.897763106991576e-05 0.0022968268312285644 -0.0046227341205669252 0.0024968019039543514 -0.0012650610184771777 -0.0032842966606090943
leaf_weight=975 170 952 1495 138 57 1006 57 93 2856 204 1767 130 858 97
leaf_count=975 170 952 1495 138 57 1006 57 93 2856 204 1767 130 858 97
internal_value=-0.000634271 -0.00040081 -0.000766624 0.000868778 0.00561538 0.000409429 0.00229237 -0.000352227 0.000390092 9.80385e-05 -0.00116638 -0.00135905 4.14739e-05 0.0040044
internal_weight=10855 9880 7670 2210 195 2015 1009 6175 3230 3060 2945 2852 1085 227
internal_count=10855 9880 7670 2210 195 2015 1009 6175 3230 3060 2945 2852 1085 227
is_linear=0
shrinkage=0.03


Tree=113
num_leaves=15
num_cat=0
split_feature=13 58 29 22 7 22 11 33 43 29 13 34 40 52
split_gain=6.42794 5.16077 4.745 4.70581 5.7845 4.67752 6.1115 4.22427 4.76663 12.1607 4.06099 3.26929 4.48349 3.23443
threshold=81.78168106079103 7.7901389598846444 789.28930664062511 7.6309361457824716 0.37267799675464636 6.2512705326080331 3.0676388740539555 34.911968231201179 -0.77259656786918629 1818.159851074219 108.95790481567384 49.138797760009773 0.068421050906181349 70.010555267333999
decision_type=2 2 2 2 2 2 2 2 2 2 2 2 2 2
left_child=-1 3 13 4 -2 -6 7 -7 9 -9 -4 12 -12 -3
right_child=1 2 10 -5 5 6 -8 8 -10 -11 11 -13 -14 -15
leaf_value=-0.014388969135188067 -0.0014482699371201767 0.0010248087074282888 0.0018421176871150158 -0.0029006479907797669 -0.00040830731198446577 -0.0015266357087854367 5.8297843180792339e-05 0.00063022656411082306 0.0025418499300776634 0.0097000323806305834 0.0070636957148505703 -0.0012288408679208968 0.00027926643153206596 0.0042422975343068183
leaf_weight=975 2044 423 176 2814 755 135 745 89 325 69 121 1201 932 51
leaf_count=975 2044 423 176 2814 755 135 745 89 325 69 121 1201 932 51
internal_value=-0.000645325 -0.000415993 0.000646693 -0.000858372 -0.000217685 0.000881019 0.0019303 0.00413592 0.0054472 0.00972152 0.00011111 -0.000231589 0.000988603 0.0033924
internal_weight=10855 9880 2904 6976 4162 2118 1363 618 483 158 2430 2254 1053 474
internal_count=10855 9880 2904 6976 4162 2118 1363 618 483 158 2430 2254 1053 474
is_linear=0
shrinkage=0.03


Tree=114
num_leaves=15
num_cat=0
split_feature=13 25 40 14 26 33 65 35 13 50 21 27 40 65
split_gain=6.24378 5.07515 4.46196 4.49449 7.5013 4.2705 4.16383 3.89719 4.84684 3.8845 5.36358 3.93866 3.698 3.39231
threshold=81.78168106079103 1142.8336181640627 0.46842105686664587 808.50000000000011 6579.0000000000009 69.806602478027358 58.912776947021491 164.45888519287112 1878.9898071289065 79.500000000000014 3.857218980789185 45.010179519653327 0.20526316016912463 1461.7305297851565
decision_type=2 2 2 2 2 2 2 2 2 2 2 2 2 2
left_child=-1 2 3 4 -2 -4 -6 12 9 -9 11 -11 -5 -8
right_child=1 -3 5 7 6 -7 13 8 -10 10 -12 -13 -14 -15
leaf_value=-0.013957300061132416 4.1713090363308574e-06 -0.010853326185032095 -0.00064692219477517903 0.0023970664167083386 0.0052893326384879074 0.012734480085726743 -0.00013629956619025049 -0.00061462038177510087 0.0050168288999218802 0.0086657797283672868 -0.00019365125694904782 0.0017660156298299689 0.0012681051886571592 0.0059873517010579332
leaf_weight=975 495 975 2660 100 81 80 104 4366 90 68 377 229 125 130
leaf_count=975 495 975 2660 100 81 80 104 4366 90 68 377 229 125 130
internal_value=-0.000648089 -0.000422065 -0.000197081 0.000250608 0.00233333 -0.00120438 0.00595238 -6.44265e-05 -0.000233919 -0.000357144 0.00176261 0.00477778 0.0038 0.00392308
internal_weight=10855 9880 8905 6165 810 2740 315 5355 5130 5040 674 297 225 234
internal_count=10855 9880 8905 6165 810 2740 315 5355 5130 5040 674 297 225 234
is_linear=0
shrinkage=0.03


Tree=115
num_leaves=15
num_cat=0
split_feature=13 40 28 34 29 18 21 21 34 4 35 40 24 50
split_gain=5.95684 4.52042 5.12069 4.22467 3.92234 5.18095 4.89312 4.33813 5.39683 5.35417 5.52209 5.78065 5.33704 4.56044
threshold=81.78168106079103 0.46842105686664587 33.636706352233894 57.940305709838874 593.58334350585949 0.55208334326744091 3.0946817398071294 2.675196766853333 50.340475082397468 23.103233337402347 164.45888519287112 0.32105262577533727 126.40029907226564 50.500000000000007
decision_type=2 2 2 2 2 2 2 2 2 2 2 2 2 2
left_child=-1 2 -2 -3 5 6 -4 13 9 10 11 -9 -12 -6
right_child=1 3 4 -5 7 -7 -8 8 -10 -11 12 -13 -14 -15
leaf_value=-0.01353858105929843 -0.008010394278054762 -0.0012236173575185501 -0.0085110406669727714 0.012742540802106989 0.00082141824975534019 -0.021962830883171192 0.0018931618664730738 0.0032969126289570027 -0.0024264058922718297 0.002773902193510985 0.0033758399193668251 -0.015176526633771439 -0.00082669251160159027 0.0088036668708266225
leaf_weight=975 900 2980 90 60 1477 135 540 124 1260 135 90 56 1980 53
leaf_count=975 900 2980 90 60 1477 135 540 124 1260 135 90 56 1980 53
internal_value=-0.000639798 -0.000419029 8.77121e-06 -0.00138158 0.000328282 0.00233333 0.00347619 3.18833e-05 -0.000530865 0.000308175 -4.00007e-05 0.005 -0.000478262 0.00137255
internal_weight=10855 9880 6840 3040 5940 765 630 5175 3645 2385 2250 180 2070 1530
internal_count=10855 9880 6840 3040 5940 765 630 5175 3645 2385 2250 180 2070 1530
is_linear=0
shrinkage=0.03


Tree=116
num_leaves=15
num_cat=0
split_feature=21 69 0 65 21 21 42 64 17 22 15 23 26 9
split_gain=6.14872 7.96258 4.30206 4.40361 7.23395 5.12911 7.66959 5.05414 4.56515 4.57025 4.09598 3.97789 3.95989 3.91851
threshold=6.162769317626954 2481.7956542968755 650.79165649414074 748.65972900390636 2.675196766853333 5.7460534572601327 0.77259656786918651 1.0000000180025095e-35 8.6083335876464862 8.8598527908325213 17.704789161682132 22.138889312744144 3739.5000000000005 0.045949075371027
decision_type=2 2 2 2 2 2 2 2 2 2 2 2 2 2
left_child=2 -2 3 4 11 -6 -7 8 9 -5 -9 -1 -10 -13
right_child=1 -3 -4 7 5 6 -8 10 12 -11 -12 13 -14 -15
leaf_value=-9.0934922046085663e-05 -0.012698162241006831 0.0070284752947979545 -0.0057746968673953987 -0.0014496389315140233 -0.0014476104003627289 -0.0019853695287407338 0.0050474355935279346 -0.00035485160964650927 -0.0087903616406464526 0.0047583004043838693 0.0025728390798172131 -0.00010782219883518338 0.0018159153247458368 0.0039857514983099316
leaf_weight=663 1443 52 1105 340 4369 127 81 1087 74 52 89 224 742 407
leaf_count=663 1443 52 1105 340 4369 127 81 1087 74 52 89 224 742 407
internal_value=-0.000631507 -0.00241806 -0.000346155 -0.000110843 -0.000552377 -0.0011123 0.00349038 0.000976509 0.0023394 -0.000321429 -0.00042347 0.00142813 0.00361765 0.00313312
internal_weight=10855 1495 9360 8255 5871 4577 208 2384 1208 392 1176 1294 816 631
internal_count=10855 1495 9360 8255 5871 4577 208 2384 1208 392 1176 1294 816 631
is_linear=0
shrinkage=0.03


Tree=117
num_leaves=15
num_cat=0
split_feature=18 25 21 40 69 17 10 25 22 67 29 69 9 65
split_gain=5.69269 4.43327 6.28906 4.18213 3.60698 4.10445 3.64067 5.19874 6.15873 8.49076 5.16678 6.39448 14.3029 5.00208
threshold=0.55208334326744091 995.79223632812511 2.6988108158111577 0.10000000149011613 10.738333702087404 31.455555915832523 1.4737930893898012 654.93835449218761 6.2512705326080331 1052.9273071289065 3959.455688476563 952.16735839843761 0.41223378479480749 839.23818969726574
decision_type=2 2 2 2 2 2 2 2 2 2 2 2 2 2
left_child=1 4 3 -3 5 -1 7 10 -9 13 -6 12 -12 -10
right_child=-2 2 -4 -5 6 -7 -8 8 9 -11 11 -13 -14 -15
leaf_value=-0.0079558520887227594 -0.01512716818202752 0.031070590133041122 -0.0069147864016499711 -5.3617051176558412e-05 -0.0025007532398951238 3.9279421344106843e-05 0.00065993640564821258 -0.0011219953924130324 0.00126365738170805 -0.00069169459346246642 0.00042398979665202673 -0.00057733944929129889 0.0036636401653369348 0.0028820510516087854
leaf_weight=905 1235 90 1560 495 2106 1156 184 553 772 440 414 528 58 359
leaf_count=905 1235 90 1560 495 2106 1156 184 553 772 440 414 528 58 359
internal_value=-0.000645325 -0.000399169 -0.0016014 0.00105128 -5.41813e-05 -0.00112227 0.000352419 0.0002065 0.00135028 0.00230872 -0.000575661 0.0012 0.00373729 0.00368435
internal_weight=10855 9620 2145 585 7475 2061 5414 5230 2124 1571 3106 1000 472 1131
internal_count=10855 9620 2145 585 7475 2061 5414 5230 2124 1571 3106 1000 472 1131
is_linear=0
shrinkage=0.03


Tree=118
num_leaves=15
num_cat=0
split_feature=18 0 16 65 22 7 22 64 9 16 30 13 69 34
split_gain=5.42725 4.40508 3.99031 4.26942 3.95861 6.55244 6.79585 6.20694 4.8351 4.4364 4.40732 4.85874 5.9961 4.35756
threshold=0.55208334326744091 650.79165649414074 142.16970825195315 1113.3674926757815 7.6309361457824716 0.37267799675464636 6.2512705326080331 1.0000000180025095e-35 0.070312500000000014 0.71783286333084118 0.78422617912292492 403.03001403808599 138.64597320556643 44.632575988769538
decision_type=2 2 2 2 2 2 2 2 2 2 2 2 2 2
left_child=1 2 4 -4 5 -1 9 8 -6 -7 -10 -12 -13 -8
right_child=-2 -3 3 -5 7 6 13 -9 10 -11 11 12 -14 -15
leaf_value=-0.00072649001634042423 -0.014673353136566706 -0.0051537423456158565 0.0033705280024218798 -0.0021011181079064961 0.0029479864056633017 0.0021792222546429762 -0.01431741288509638 -0.0061392900706939797 -0.0029207743702115941 -0.0034037786619560534 -0.00019411960947635643 0.0036447560399230747 0.0014824025315740494 0.0014948048997825802
leaf_weight=2535 1235 1170 80 50 266 195 130 1574 558 715 363 55 174 1755
leaf_count=2535 1235 1170 80 50 266 195 130 1574 558 715 363 55 174 1755
internal_value=-0.000617688 -0.00037734 -0.000138462 0.00507692 -0.000219953 0.000270168 0.00127191 -0.00109365 0.000347457 -0.000857144 -0.000495653 0.00130743 0.00472926 0.00229973
internal_weight=10855 9620 8450 130 8320 5330 2795 2990 1416 910 1150 592 229 1885
internal_count=10855 9620 8450 130 8320 5330 2795 2990 1416 910 1150 592 229 1885
is_linear=0
shrinkage=0.03


Tree=119
num_leaves=15
num_cat=0
split_feature=21 69 35 25 21 42 24 4 4 65 25 9 40 64
split_gain=4.66465 8.40496 4.07796 5.25812 5.09725 9.82231 4.19739 6.99887 3.95604 3.82551 5.10617 3.64889 7.02076 4.92373
threshold=6.162769317626954 2481.7956542968755 167.48097229003909 836.18936157226574 5.8266899585723886 0.68322628736495983 243.51785278320315 14.263612270355226 26.676914215087894 1508.5555419921877 759.91583251953136 0.85192131996154796 0.23684210330247882 1.0000000180025095e-35
decision_type=2 2 2 2 2 2 2 2 2 2 2 2 2 2
left_child=2 -2 3 4 6 -6 -1 9 -9 10 -8 13 -13 -4
right_child=1 -3 11 -5 5 -7 7 8 -10 -11 -12 12 -14 -15
leaf_value=-0.0010922607044681445 -0.011857511535307882 0.0067552917910364977 0.00078891360684819423 -0.0027801369290608373 -0.00059854964860499185 0.0055296656700937509 0.0036307924777985953 -0.0047902573945883637 0.001575093299424113 -5.3602614230469424e-05 0.0011506451904570005 -0.0052091623787929638 0.011314029677477135 -0.00088208655058393947
leaf_weight=3185 1443 52 1027 2600 80 50 304 455 130 151 195 69 126 988
leaf_count=3185 1443 52 1027 2600 80 50 304 455 130 151 195 69 126 988
internal_value=-0.000601106 -0.00215719 -0.000352565 -0.0007007 -8.5715e-05 0.00576923 -0.000257919 0.00122672 -0.00115385 0.00336923 0.00463527 0.000773755 0.00469231 0.00039454
internal_weight=10855 1495 9360 7150 4550 130 4420 1235 585 650 499 2210 195 2015
internal_count=10855 1495 9360 7150 4550 130 4420 1235 585 650 499 2210 195 2015
is_linear=0
shrinkage=0.03


Tree=120
num_leaves=15
num_cat=0
split_feature=28 17 40 25 1 9 9 69 28 64 12 40 24 34
split_gain=4.15806 5.18422 3.85259 5.29564 10.7821 3.94135 4.28377 8.50554 5.80227 4.94969 4.08517 4.16025 8.13461 6.46651
threshold=37.987070083618171 87.069446563720717 0.4052631556987763 224.98780059814456 167.68514251708987 0.75510418415069591 0.64222222566604625 2068.5893554687505 49.094839096069343 1.0000000180025095e-35 402.93750000000006 0.10000000149011613 340.84672546386724 48.34856033325196
decision_type=2 2 2 2 2 2 2 2 2 2 2 2 2 2
left_child=1 -1 5 4 -4 6 8 -8 -2 10 11 12 13 -10
right_child=2 -3 3 -5 -6 -7 7 -9 9 -11 -12 -13 -14 -15
leaf_value=-0.017356920848248903 0.0012910402926239628 0.0013207808710385027 -0.00018757435625942696 -0.00079200197882451728 0.0033622196451479052 -0.0023361359964843742 0.0012827050156594573 0.0034232125430109085 0.010493506937004557 -0.0019856936912661387 -0.0059418970842125256 0.00023830155519906484 0.013274048699296246 -0.0013232942091899471
leaf_weight=1430 312 390 104 3458 52 780 208 65 290 1365 499 1549 61 292
leaf_count=1430 312 390 104 3458 52 780 208 65 290 1365 499 1549 61 292
internal_value=-0.00060387 -0.00191209 -0.000340344 -0.00109906 0.00430769 0.000165467 0.00049709 0.00414286 0.00026923 -3.40244e-05 0.000712374 0.00127007 0.0032986 0.00220618
internal_weight=10855 1820 9035 3614 156 5421 4641 273 4368 4056 2691 2192 643 582
internal_count=10855 1820 9035 3614 156 5421 4641 273 4368 4056 2691 2192 643 582
is_linear=0
shrinkage=0.03


Tree=121
num_leaves=15
num_cat=0
split_feature=17 21 23 34 6 34 17 51 18 34 23 65 67 42
split_gain=4.30606 5.58597 4.64179 4.25563 5.30745 5.27071 4.77911 5.10832 3.82945 3.7821 3.91994 5.3033 3.74865 4.58333
threshold=152.16110992431643 2.675196766853333 22.138889312744144 47.295478820800788 1.0000000180025095e-35 44.524784088134773 12.054583549499513 1.0000000180025095e-35 0.21875000000000003 57.940305709838874 21.501250267028812 163.44374847412112 445.59165954589849 0.84874749183654796
decision_type=2 2 2 2 2 2 2 2 2 2 2 2 2 2
left_child=1 2 -1 5 8 -3 -7 -8 -5 10 11 -6 -10 -14
right_child=-2 3 -4 4 9 6 7 -9 12 -11 -12 -13 13 -15
leaf_value=-0.0010617243258693096 0.00025091511454756901 -0.0029356975203965363 0.0019509121082728178 -0.02227182101903314 -0.014516631339199492 -0.00020553736121509743 0.0060458673152708996 0.0017302960386122621 -0.002495866378763307 0.01027134734188136 -0.0058813192646279665 0.0030265452395196136 0.0015441927759769966 0.0042198755400206711
leaf_weight=910 2015 650 1105 130 127 650 77 378 105 130 4225 133 165 55
leaf_count=910 2015 650 1105 130 127 650 77 378 105 130 4225 133 165 55
internal_value=-0.00060387 -0.000889141 0.000498759 -0.0012989 -0.00173965 -2.56417e-05 0.00123529 0.00359341 0.00135165 -0.00204442 -0.00219064 0.00138461 0.00309231 0.00531818
internal_weight=10855 8840 2015 6825 5070 1755 1105 455 455 4615 4485 260 325 220
internal_count=10855 8840 2015 6825 5070 1755 1105 455 455 4615 4485 260 325 220
is_linear=0
shrinkage=0.03


Tree=122
num_leaves=15
num_cat=0
split_feature=18 40 28 25 1 16 34 35 23 40 3 50 4 5
split_gain=4.13009 4.26223 4.27219 4.26647 8.66667 5.43049 5.2458 5.59443 6.46368 6.98077 3.36251 5.36092 4.56852 5.92155
threshold=0.55208334326744091 0.4052631556987763 17.172314643859867 268.58322143554693 167.68514251708987 19.735207557678226 57.940305709838874 165.98652648925784 23.399305343627933 0.54210525751113903 2.7710763216018681 90.500000000000014 23.103233337402347 62.047637939453132
decision_type=2 2 2 2 2 2 2 2 2 2 2 2 2 2
left_child=1 2 -1 4 -3 -5 7 8 9 -7 11 -4 -12 -14
right_child=-2 3 10 5 -6 6 -8 -9 -10 -11 12 -13 13 -15
leaf_value=-0.014804040612038154 -0.013802463965463103 -0.00017578100473522617 0.00031244818832265277 -0.0048468702723168154 0.0032028256925453096 7.3675517104155653e-05 0.011666812459829892 -0.0010845071711983588 -0.0076569497143984377 0.0039352046643923019 -0.0033917706256119126 0.0047874543065548839 0.0046707106229611989 -9.0320781074977458e-05
leaf_weight=429 1235 104 3784 2548 52 78 52 858 78 78 819 233 78 429
leaf_count=429 1235 104 3784 2548 52 78 52 858 78 78 819 233 78 429
internal_value=-0.000565178 -0.00035551 0.000160082 -0.0011289 0.00373077 -0.00133424 0.000382866 -6.04403e-05 0.00405128 0.00757692 0.000391352 0.000823748 -0.000918553 0.00131953
internal_weight=10855 9620 5772 3848 156 3692 1144 1092 234 156 5343 4017 1326 507
internal_count=10855 9620 5772 3848 156 3692 1144 1092 234 156 5343 4017 1326 507
is_linear=0
shrinkage=0.03


Tree=123
num_leaves=15
num_cat=0
split_feature=28 14 52 42 0 1 35 36 40 9 28 0 30 24
split_gain=3.88415 6.49467 3.45309 3.07821 2.86235 3.94982 2.96348 3.857 4.32234 4.79166 2.87576 3.31767 2.5856 2.84517
threshold=37.987070083618171 10281.000000000002 0.19874999672174457 0.29012925922870642 650.79165649414074 1010.7151184082032 166.75347137451175 13.000000000000002 0.53157895803451549 0.84128475189208995 310.21783447265631 26.375000000000004 0.47023808956146246 132.507438659668
decision_type=2 2 2 2 2 2 2 2 2 2 2 2 2 2
left_child=1 -1 12 -3 5 6 10 -8 9 -9 -4 -12 -2 -14
right_child=2 3 4 -5 -6 -7 7 8 -10 -11 11 -13 13 -15
leaf_value=-0.010320306293928404 0.00082150254304245648 0.011316808086034991 -0.00096869283744844929 0.0001662463423792275 -0.0038526727322662413 0.0031390614566479593 0.00012447002112103689 0.0020190061243913625 -0.00027575675768011011 -0.012073609128566502 0.002813780635855708 0.00023163194817318761 0.00067802375547832046 -0.0013903633027432959
leaf_weight=1690 205 52 1220 78 470 84 1125 585 116 82 82 499 475 4092
leaf_count=1690 205 52 1220 78 470 84 1125 585 116 82 82 499 475 4092
internal_value=-0.00058176 -0.00184615 -0.000327062 0.00461538 0.000293455 0.000567097 0.000421407 0.00124528 0.00286207 0.0037916 -0.000451417 0.00128571 -0.000881392 -0.00102934
internal_weight=10855 1820 9035 130 4263 3793 3709 1908 783 667 1801 581 4772 4567
internal_count=10855 1820 9035 130 4263 3793 3709 1908 783 667 1801 581 4772 4567
is_linear=0
shrinkage=0.03


Tree=124
num_leaves=15
num_cat=0
split_feature=18 40 9 33 28 29 65 35 21 12 27 64 30 36
split_gain=3.92882 4.38339 4.25287 4.37101 4.09741 3.82476 4.54314 5.17443 4.30414 3.99716 5.51928 5.61097 4.30664 3.74127
threshold=0.55208334326744091 0.4052631556987763 1.019074082374573 30.3546257019043 17.172314643859867 593.58334350585949 655.96484375000011 167.49777984619143 2.6566377878189091 473.69792175292974 92.120410919189467 1.0000000180025095e-35 0.77232143282890331 1.5000000000000002
decision_type=2 2 2 2 2 2 2 2 2 2 2 2 2 2
left_child=1 4 3 -3 -1 6 7 -6 -7 10 11 12 13 -10
right_child=-2 2 -4 -5 5 8 -8 -9 9 -11 -12 -13 -14 -15
leaf_value=-0.014180484780802045 -0.013353295334727153 0.00041435077580882052 0.010977303843453932 -0.00068529214640372454 -0.0015560696302846495 0.0010929159350555216 0.0016680690964506037 0.0013931884951459009 0.0032647104760161433 -0.0053584358412776907 0.0021172527496085359 -0.0023345069829124728 0.0020301765596649063 -0.0014440953804770447
leaf_weight=429 1235 52 52 3744 349 1287 331 217 196 507 78 995 518 865
leaf_count=429 1235 52 52 3744 349 1287 331 217 196 507 78 995 518 865
internal_value=-0.000556887 -0.000352392 -0.0011367 -0.00125343 0.000170477 0.000396967 0.00218395 0.000551236 3.64365e-05 -0.000559355 -9.27609e-05 -0.000331003 0.000780873 -0.000313856
internal_weight=10855 9620 3848 3796 5772 5343 897 566 4446 3159 2652 2574 1579 1061
internal_count=10855 9620 3848 3796 5772 5343 897 566 4446 3159 2652 2574 1579 1061
is_linear=0
shrinkage=0.03


Tree=125
num_leaves=15
num_cat=0
split_feature=22 4 22 42 64 35 67 35 11 11 6 12 24 69
split_gain=4.13349 4.81945 4.6027 4.43901 4.36377 4.69666 8.0984 3.46946 5.9027 6.4385 5.30833 4.24394 4.00641 4.41157
threshold=7.6952922344207773 23.103233337402347 7.672438621520997 0.84874749183654796 1.0000000180025095e-35 167.29041290283206 277.36666870117193 167.48097229003909 3.685416698455811 2.4848611354827885 0.29166667163372045 632.59375000000011 258.01339721679693 16.796667098999027
decision_type=2 2 2 2 2 2 2 2 2 2 2 2 2 2
left_child=1 2 7 -3 5 -2 -7 8 9 11 -11 -1 13 -9
right_child=4 3 -4 -5 -6 6 -8 12 -10 10 -12 -13 -14 -15
leaf_value=-0.0016964864793082993 -0.00094981514219437749 0.00077604164287486239 0.002224551673072991 0.0043668705036945497 -0.0046359847197803361 -0.0015612769976491986 0.0030264526417067379 0.008912045949476078 -0.0073308201136732497 0.0021573450043269032 -0.00096861417491193413 0.0061263464874483451 -0.00041508085546797783 9.0880088055473717e-05
leaf_weight=2535 1320 240 130 85 2084 302 259 300 1300 520 260 65 975 480
leaf_count=2535 1320 240 130 85 2084 302 259 300 1300 520 260 65 975 480
internal_value=-0.000548596 -0.0001045 -0.000281037 0.00346154 -0.0013203 -0.000272728 0.00202674 -0.00039394 -0.000820514 -0.000159764 0.00223077 -0.000876924 0.000743589 0.00234615
internal_weight=10855 6890 6565 325 3965 1881 561 6435 4680 3380 780 2600 1755 780
internal_count=10855 6890 6565 325 3965 1881 561 6435 4680 3380 780 2600 1755 780
is_linear=0
shrinkage=0.03


Tree=126
num_leaves=15
num_cat=0
split_feature=40 33 9 28 9 69 0 3 50 55 15 15 35 15
split_gain=3.78244 4.4655 4.28138 4.05826 4.93899 8.70562 7.47078 4.6281 5.85987 3.91316 3.71801 4.74467 4.57704 4.46652
threshold=0.38421052694320684 30.3546257019043 0.75510418415069591 17.172314643859867 0.57150468230247509 2093.3981933593755 412.08334350585943 2.7710763216018681 90.500000000000014 0.0023611111100763087 7.7050030231475839 9.3987879753112811 165.98652648925784 0.16903646290302279
decision_type=2 2 2 2 2 2 2 2 2 2 2 2 2 2
left_child=2 -2 3 -1 7 6 -6 8 -5 -8 13 -12 -13 -3
right_child=1 10 -4 4 5 -7 9 -9 -10 -11 11 12 -14 -15
leaf_value=-0.015245172810815024 0.00045281484691376048 0.00023685126024074901 -0.0035832827445348228 0.00017337884358344338 -0.00025880548661408293 0.0045079855263677592 0.0050381580811676673 -0.0028088574781366124 0.0032258818107827446 0.00093168648411972102 0.0099517270769389921 0.0018364961732870162 -0.001374074263983164 -0.0053499235887001281
leaf_weight=407 56 728 1036 3327 347 60 61 666 225 50 84 196 868 2744
leaf_count=407 56 728 1036 3327 347 60 61 666 225 50 84 196 868 2744
internal_value=-0.000598342 -0.00124209 -0.000111184 0.000243243 0.000490286 0.00325483 0.00184716 0.000150782 0.00058108 0.00862162 -0.00134416 0.000135888 -0.000406016 -0.00183353
internal_weight=10855 4676 6179 5143 4736 518 458 4218 3552 111 4620 1148 1064 3472
internal_count=10855 4676 6179 5143 4736 518 458 4218 3552 111 4620 1148 1064 3472
is_linear=0
shrinkage=0.03


Tree=127
num_leaves=15
num_cat=0
split_feature=27 67 14 42 0 16 65 45 0 35 31 67 33 40
split_gain=3.95586 8.67734 5.37607 4.12461 3.41941 3.70801 4.26942 4.02364 4.91853 4.80825 4.69704 5.9525 5.59441 4.50628
threshold=19.584176063537601 825.01583862304699 10281.000000000002 0.58216583728790294 650.79165649414074 142.16970825195315 1113.3674926757815 0.81174489855766307 412.08334350585943 166.75347137451175 0.43639518320560461 2313.721069335938 52.562446594238288 0.48947368562221533
decision_type=2 2 2 2 2 2 2 2 2 2 2 2 2 2
left_child=1 2 -1 -3 5 7 -7 9 -9 -2 11 -11 13 -12
right_child=4 3 -4 -5 -6 6 -8 8 -10 10 12 -13 -14 -15
leaf_value=-0.0081709551292528278 -0.00056346170207719642 0.0011195980755582303 0.0083784659991529026 0.0031565956773055201 -0.003607264387188986 0.0028392615983196963 -0.0021842327786326687 -0.0030225853410803679 0.0046024659318602106 0.00076450710654620252 0.00096773990897979281 0.0027937090294015338 -0.0026957345618233309 -0.00078725436219910343
leaf_weight=2651 2665 76 130 68 715 80 50 975 65 1582 517 108 975 198
leaf_count=2651 2665 76 130 68 715 80 50 975 65 1582 517 108 975 198
internal_value=-0.000487794 -0.00143077 -0.00180259 0.00575 -0.000139975 5.61323e-05 0.00507692 -3.59922e-05 -0.00175962 0.000260545 0.00101183 0.00213018 -0.00010651 0.00190909
internal_weight=10855 2925 2781 144 7930 7215 130 7085 1040 6045 3380 1690 1690 715
internal_count=10855 2925 2781 144 7930 7215 130 7085 1040 6045 3380 1690 1690 715
is_linear=0
shrinkage=0.03


Tree=128
num_leaves=15
num_cat=0
split_feature=28 16 45 17 0 35 34 33 42 0 16 40 40 1
split_gain=4.04156 4.51447 3.64811 4.72092 3.91403 3.91569 6.01665 5.55053 9.23077 5.50588 4.07861 4.63022 3.87339 5.60255
threshold=37.987070083618171 13.944024085998537 0.81174489855766307 186.70500183105472 741.41665649414074 166.73541259765628 52.02040100097657 53.304681777954109 0.91037613153457653 493.50000000000006 123.2425880432129 0.31052631139755255 0.12105263024568559 1385.417907714844
decision_type=2 2 2 2 2 2 2 2 2 2 2 2 2 2
left_child=1 -1 4 -4 5 10 -7 8 -8 -9 12 -12 -2 -14
right_child=2 -3 3 -5 -6 6 7 9 -10 -11 11 -13 13 -15
leaf_value=-0.01725036627857901 0.0015455436326123262 0.00085707000593846503 -0.0041418661358545014 0.00049233834384923851 -0.0072217918410941396 0.0010301014524217724 1.8799456493313572e-05 -0.0032044388242338266 0.0022649025370761323 0.001050062611284721 -0.0014739819660723285 0.0042908831501907389 -0.0029954113783559225 0.0068657295675008971
leaf_weight=1365 552 455 910 390 520 2600 312 1040 78 65 60 70 2385 53
leaf_count=1365 552 455 910 390 520 2600 312 1040 78 65 60 70 2385 53
internal_value=-0.000473976 -0.00176374 -0.000214168 -0.00168462 3.29663e-05 0.000214136 0.000824175 -0.000692308 0.00238461 -0.00177828 -0.000586539 0.00461538 -0.00081271 -0.0013265
internal_weight=10855 1820 9035 1300 7735 7215 4095 1495 390 1105 3120 130 2990 2438
internal_count=10855 1820 9035 1300 7735 7215 4095 1495 390 1105 3120 130 2990 2438
is_linear=0
shrinkage=0.03


Tree=129
num_leaves=15
num_cat=0
split_feature=18 0 36 65 40 0 65 21 28 40 69 12 24 9
split_gain=3.73995 5.51442 3.93695 7.34141 4.09166 3.8395 3.97972 6.22595 5.29072 7.51867 4.83068 4.18566 4.79892 3.76007
threshold=0.42708332836627966 650.79165649414074 475.50000000000006 725.95956420898449 0.2578947395086289 11.666666507720949 663.75234985351574 2.675196766853333 47.960456848144538 0.4789473712444306 79.972778320312514 123.40625000000001 235.33184814453128 0.068229164928197875
decision_type=2 2 2 2 2 2 2 2 2 2 2 2 2 2
left_child=1 5 -2 4 -4 -1 7 13 9 10 -8 -10 -13 -7
right_child=2 -3 3 -5 -6 6 8 -9 11 -11 -12 12 -14 -15
leaf_value=0.0012783953910957635 -0.00708703601780457 -0.0065927520324438292 0.0065072447090063403 -0.0031724009995544237 0.00028626002185580827 -0.00019480940972503634 0.00040835608083358957 -0.0014859290544060233 0.0013953609464519856 -0.0018873395070261132 0.0035174777433149289 -0.0011797176188340168 0.0007382743181478668 0.0023446092636409026
leaf_weight=195 2210 975 56 154 50 663 68 3501 366 95 171 893 863 595
leaf_count=195 2210 975 56 154 50 663 68 3501 366 95 171 893 863 595
internal_value=-0.000504377 -0.000202147 -0.00153037 0.00196154 0.00803774 7.69224e-05 -3.53438e-05 -0.000541501 0.000945439 0.00445509 0.00729289 0.000393025 -0.000215263 0.00126868
internal_weight=10855 8385 2470 260 106 7410 7215 4759 2456 334 239 2122 1756 1258
internal_count=10855 8385 2470 260 106 7410 7215 4759 2456 334 239 2122 1756 1258
is_linear=0
shrinkage=0.03


Tree=130
num_leaves=15
num_cat=0
split_feature=28 14 45 17 13 35 7 28 67 69 24 34 25 15
split_gain=3.67126 4.94353 3.3119 5.0963 4.4976 6.52455 4.68022 4.34426 7.49272 3.97114 14.5675 12.063 8.12541 7.33589
threshold=37.987070083618171 10281.000000000002 0.81174489855766307 186.70500183105472 193.34938049316409 166.76805114746097 0.37267799675464636 398.52995300292974 3181.497192382813 1418.9587402343752 235.33184814453128 49.494798660278327 461.56770324707037 0.32013599574565893
decision_type=2 2 2 2 2 2 2 2 2 2 2 2 2 2
left_child=1 -1 4 -4 5 -2 7 -6 -9 12 -11 -12 13 -8
right_child=2 -3 3 -5 6 -7 9 8 -10 10 11 -13 -14 -15
leaf_value=-0.0088987953056834362 -0.0017775558032467201 0.0081459777906323326 -0.0039224381217922329 0.00046528183094281039 -0.0041649930427268963 0.0014388503049172052 0.0031273771850317844 -1.589638276747117e-05 0.012628607072434362 -0.008623416360092959 0.0052173398483742334 0.0065154356050697807 -0.0006570283304976795 0.00014239297957733646
leaf_weight=1690 650 130 910 390 2210 1170 68 658 57 344 72 161 1906 439
leaf_count=1690 650 130 910 390 2210 1170 68 658 57 344 72 161 1906 439
internal_value=-0.000485031 -0.00171429 -0.000237411 -0.00163846 -1.93995e-06 0.0013022 -0.000403213 -0.00125641 0.000776223 0.000431437 0.00266724 0.00845923 -0.000103192 0.00327219
internal_weight=10855 1820 9035 1300 7735 1820 5915 2925 715 2990 577 233 2413 507
internal_count=10855 1820 9035 1300 7735 1820 5915 2925 715 2990 577 233 2413 507
is_linear=0
shrinkage=0.03


Tree=131
num_leaves=15
num_cat=0
split_feature=0 18 36 40 16 34 7 35 67 28 9 40 22 22
split_gain=3.57785 4.88257 5.21286 4.80769 3.46974 3.03901 3.51 3.02709 4.20967 3.8141 3.72344 5.75502 3.6659 10.1947
threshold=650.79165649414074 0.42708332836627966 475.50000000000006 0.26842105388641363 142.16970825195315 47.295478820800788 0.37267799675464636 167.25069427490237 252.13430786132815 37.987070083618171 0.85192131996154796 0.48947368562221533 7.738558530807496 7.2978198528289804
decision_type=2 2 2 2 2 2 2 2 2 2 2 2 2 2
left_child=1 7 4 -4 5 6 -3 9 10 -1 -9 -12 13 -11
right_child=-2 2 3 -5 -6 -7 -8 8 -10 12 11 -13 -14 -15
leaf_value=-0.015119239798466983 -0.003804765631043365 0.0011884884942034175 0.0047678112045838267 -0.00011973731584166579 0.0019558475423460198 -0.014615227233794615 -0.019052090277200489 -0.00047324500609429365 0.0012589514502638899 -0.0004047794811021532 -0.00037456325149089073 0.0095989760747818426 -0.0014499240257054506 0.0012571899208837086
leaf_weight=455 1170 260 78 117 65 1365 390 1162 1228 2405 91 54 1300 715
leaf_count=455 1170 260 78 117 65 1365 390 1162 1228 2405 91 54 1300 715
internal_value=-0.000509904 -0.0003206 -0.00153626 0.00315385 -0.00197596 -0.00219603 -0.000507693 5.26309e-05 0.00089349 -0.000384616 -0.000291508 0.00424138 -0.000115385 0.000442307
internal_weight=10855 9685 2275 195 2080 2015 650 7410 2535 4875 1307 145 4420 3120
internal_count=10855 9685 2275 195 2080 2015 650 7410 2535 4875 1307 145 4420 3120
is_linear=0
shrinkage=0.03


Tree=132
num_leaves=15
num_cat=0
split_feature=40 9 28 25 29 67 13 19 12 12 69 34 33 69
split_gain=3.58557 4.49755 3.87472 4.04392 7.43154 5.0608 4.82409 7.62991 4.19328 3.88033 4.87373 3.83677 3.92976 3.76827
threshold=0.38421052694320684 0.75510418415069591 17.172314643859867 751.63558959960949 563.54193115234386 3974.490600585938 209.58105468750003 0.49891331791877752 107.53125000000001 490.40625000000006 2481.7956542968755 57.940305709838874 30.3546257019043 135.53846740722659
decision_type=2 2 2 2 2 2 2 2 2 2 2 2 2 2
left_child=1 2 -1 6 -5 9 7 8 -4 10 -6 12 -2 -10
right_child=11 -3 3 4 5 -7 -8 -9 13 -11 -12 -13 -14 -15
leaf_value=-0.013260059059498949 0.0004714619125344832 -0.0029506732718598545 -0.0013301924052607716 0.0018977225430172767 0.00059421626008268667 0.012029815867772981 -0.0019245722108549618 0.0042571110001444765 0.0035423886193389153 -0.0041307930324661433 0.029628283610803188 0.0088883384401478339 -0.00092042467542313819 0.00096093443895067506
leaf_weight=407 56 1036 444 333 1215 77 1702 74 89 443 78 84 4536 281
leaf_count=407 56 1036 444 333 1215 77 1702 74 89 443 78 84 4536 281
internal_value=-0.000512668 -3.83564e-05 0.000324907 0.0005663 0.00152936 0.000772752 -0.000231661 0.00156081 0.000722358 0.000438939 0.00126914 -0.00113944 -0.00125566 0.00308108
internal_weight=10855 6179 5143 4736 2146 1813 2590 888 814 1736 1293 4676 4592 370
internal_count=10855 6179 5143 4736 2146 1813 2590 888 814 1736 1293 4676 4592 370
is_linear=0
shrinkage=0.03


Tree=133
num_leaves=15
num_cat=0
split_feature=27 24 53 65 35 40 4 7 67 18 28 23 69 67
split_gain=3.44926 8.71507 4.86314 4.83625 3.84779 3.43027 5.28307 6.09594 3.38998 7.00194 3.11626 5.60616 3.80562 4.64081
threshold=69.286941528320327 243.51785278320315 1.5000000000000002 2690.4550781250005 166.50263977050784 0.047368422150611884 1.0597779750823977 0.37267799675464636 2313.721069335938 0.17708333581686023 37.987070083618171 23.2904167175293 1.0000000180025095e-35 111.09777832031251
decision_type=2 2 2 2 2 2 2 2 2 2 2 2 2 2
left_child=2 8 -1 4 -3 6 7 -4 -2 -10 -7 -12 13 -13
right_child=1 3 5 -5 -6 10 -8 -9 9 -11 11 12 -14 -15
leaf_value=-0.0014803945385516138 -0.00038207561437297979 0.01143734016462244 0.0045005976138138559 -5.649472921354187e-05 0.0024680732335295172 -0.006600116155477868 -0.0018266346617990792 0.021859745190463315 -0.001771065411381398 0.0028515478878056292 -0.00035376862664916677 0.0020208546195484801 0.0012926842849141579 0.00031381755412951406
leaf_weight=5245 1424 92 94 103 195 687 109 55 113 88 1765 101 662 122
leaf_count=5245 1424 92 94 103 195 687 109 55 113 88 1765 101 662 122
internal_value=-0.000532014 0.000588089 -0.000787331 0.00461538 0.00661672 6.25862e-05 0.00339535 0.00706711 -0.000378462 0.00326866 -0.000195086 0.000271697 0.00222034 0.00560986
internal_weight=10855 2015 8840 390 287 3595 258 149 1625 201 3337 2650 885 223
internal_count=10855 2015 8840 390 287 3595 258 149 1625 201 3337 2650 885 223
is_linear=0
shrinkage=0.03


Tree=134
num_leaves=15
num_cat=0
split_feature=35 17 10 28 58 29 22 50 40 28 17 17 40 12
split_gain=3.7664 5.12382 4.93908 5.27315 4.00941 3.98105 3.83318 3.96516 3.97765 3.73104 3.38834 4.06885 3.45096 4.73577
threshold=167.48097229003909 219.96208190917972 1.2097132802009585 37.987070083618171 18.38125038146973 593.58334350585949 6.8975541591644296 14.500000000000002 0.4789473712444306 55.751169204711921 186.70500183105472 89.623748779296889 0.35263158380985266 473.69792175292974
decision_type=2 2 2 2 2 2 2 2 2 2 2 2 2 2
left_child=1 2 3 -1 -3 -5 7 8 -2 -8 11 12 13 -7
right_child=6 4 -4 5 -6 10 9 -9 -10 -11 -12 -13 -14 -15
leaf_value=-0.01171142009019312 0.00097168229272251926 -3.8467257592221346e-05 -0.010268709888048913 0.0012609589541714599 0.0025392912486046876 0.0010113582895138963 0.0010900779787399719 0.0080400701495090595 -0.00034530205254979407 -0.00096972775553018549 0.0015403326144182957 -0.0061361453271476796 -0.00068236047838438302 -0.0030362809532674018
leaf_weight=975 646 749 1235 390 291 1564 715 57 272 975 130 715 1767 374
leaf_count=975 646 749 1235 390 291 1564 715 57 272 975 130 715 1767 374
internal_value=-0.000523723 -0.000842492 -0.00112867 -0.000768386 0.001125 -0.000370446 0.000455909 0.00195385 0.00147712 -0.000408285 -0.000619781 -0.000760182 -0.000360325 0.000513931
internal_weight=10855 8190 7150 5915 1040 4940 2665 975 918 1690 4550 4420 3705 1938
internal_count=10855 8190 7150 5915 1040 4940 2665 975 918 1690 4550 4420 3705 1938
is_linear=0
shrinkage=0.03


Tree=135
num_leaves=15
num_cat=0
split_feature=21 0 69 27 1 65 69 15 21 23 40 23 1 43
split_gain=3.62246 3.78695 3.44869 3.19151 4.20103 6.29297 4.72952 3.6969 4.78397 5.58834 4.08571 8.54349 4.23392 7.79378
threshold=6.162769317626954 650.79165649414074 2481.7956542968755 83.047992706298842 57.569566726684577 184.37986755371097 23.622083663940433 5.2561080455780038 2.675196766853333 21.994444847106937 0.10000000149011613 22.890138626098636 386.54692077636724 -0.63405361771583546
decision_type=2 2 2 2 2 2 2 2 2 2 2 2 2 2
left_child=1 3 -2 7 5 6 -5 8 9 -1 11 -11 -12 -14
right_child=2 -3 -4 4 -6 -7 -8 -9 -10 10 12 -13 13 -15
leaf_value=-0.00075609359945841726 -0.0099556623425062565 -0.0043696688771633144 0.0060278162218770246 0.00054963691919774228 -1.8637397509068974e-05 0.00010240970478194017 0.010179789248560004 0.00036537385502975728 -0.0016518699181367503 0.01165195284547085 7.7778834896680128e-06 0.028564479649238261 0.0045925547016956361 -0.00018875454522073921
leaf_weight=585 1443 1105 52 62 390 142 56 2470 3640 50 605 90 81 84
leaf_count=585 1443 1105 52 62 390 142 56 2470 3640 50 605 90 81 84
internal_value=-0.000565178 -0.000346155 -0.00193646 -0.000125379 0.00189231 0.00484615 0.0099661 -0.000297831 -0.000756573 0.00067224 0.00214286 0.00685714 0.00128571 0.00554545
internal_weight=10855 9360 1495 8255 650 260 118 7605 5135 1495 910 140 770 165
internal_count=10855 9360 1495 8255 650 260 118 7605 5135 1495 910 140 770 165
is_linear=0
shrinkage=0.03


Tree=136
num_leaves=15
num_cat=0
split_feature=35 28 11 9 67 69 65 65 34 9 11 67 65 65
split_gain=3.54933 4.99852 5.07161 4.58182 5.20943 7.41857 7.85225 3.81919 4.78788 6.54787 4.24808 4.19632 4.08818 3.86097
threshold=167.48097229003909 31.638492584228519 3.5998610258102421 0.33637732267379766 0.9533333182334901 625.75320434570324 564.76928710937511 55.684444427490241 52.308176040649421 0.25200231373310095 1.4172222614288332 1723.9966430664065 244.26194763183597 123.3422203063965
decision_type=2 2 2 2 2 2 2 2 2 2 2 2 2 2
left_child=1 -1 3 -3 5 -5 -7 10 9 11 -2 -9 13 -11
right_child=7 2 -4 4 -6 6 -8 8 -10 12 -12 -13 -14 -15
leaf_value=-0.01342274476769445 0.00059858811744580541 -0.00043905335017666003 -0.0019239795840035061 0.00079794562925972223 3.7277780147433575e-05 0.0031188541105251432 0.0040480461780017891 -0.00014909599351912737 -0.001609601239387226 0.0015028186808587929 -0.011956280425557148 0.0046541717762051344 0.0013449235109531561 0.0021555057963143884
leaf_weight=975 697 3835 2145 271 828 78 58 377 300 65 854 84 218 70
leaf_count=975 697 3835 2145 271 828 78 58 377 300 65 854 84 218 70
internal_value=-0.00055136 -0.000860807 -0.000588358 -7.10066e-05 0.00151822 0.0042973 0.0100147 0.000399624 0.00173968 0.00293366 -0.000562863 0.000579175 0.0060085 0.0101111
internal_weight=10855 8190 7215 5070 1235 407 136 2665 1114 814 1551 461 353 135
internal_count=10855 8190 7215 5070 1235 407 136 2665 1114 814 1551 461 353 135
is_linear=0
shrinkage=0.03


Tree=137
num_leaves=15
num_cat=0
split_feature=40 34 21 19 21 67 2 0 65 69 27 27 14 34
split_gain=3.44911 3.57752 8.35152 5.83458 4.77342 7.62207 6.14991 5.52023 4.67498 4.06498 3.38299 6.27899 3.67653 6.90675
threshold=0.38421052694320684 48.997932434082038 3.857218980789185 0.49891331791877752 3.5913280248641972 127.79638671875001 271.50000000000006 43.208332061767585 322.21221923828131 659.75234985351574 83.047992706298842 84.645153045654311 9997.5000000000018 50.754964828491218
decision_type=2 2 2 2 2 2 2 2 2 2 2 2 2 2
left_child=1 3 4 -1 6 -6 7 -3 -5 -9 12 -12 -2 -14
right_child=10 2 -4 8 5 -7 -8 9 -10 -11 11 -13 13 -15
leaf_value=0.00034554176057820853 -0.0012494296240084177 -9.1958710774016889e-05 -0.0035009431715630804 0.0041499804400805598 0.0018607557600738302 0.0011141667816734924 -0.001406937089224108 0.0099481406817981382 0.00056573764987164822 0.0015351246373769484 0.000542612198613645 -0.00024742142086781152 -0.0048526628960626214 0.0089811249808535634
leaf_weight=2331 4032 333 1998 53 54 168 888 123 58 173 84 308 168 84
leaf_count=2331 4032 333 1998 53 54 168 888 123 58 173 84 308 168 84
internal_value=-0.000537541 -7.23425e-05 -0.000655874 0.000820638 0.000864289 0.00497297 0.000263018 0.00253259 0.00754054 0.00551351 -0.00115227 0.00151531 -0.00139636 0.00211905
internal_weight=10855 6179 3737 2442 1739 222 1517 629 111 296 4676 392 4284 252
internal_count=10855 6179 3737 2442 1739 222 1517 629 111 296 4676 392 4284 252
is_linear=0
shrinkage=0.03


Tree=138
num_leaves=15
num_cat=0
split_feature=35 28 9 16 31 12 22 34 40 65 35 56 30 63
split_gain=3.40048 4.90811 4.30681 3.60803 3.74 4.59581 8.2508 5.49036 8.37342 4.32657 4.7926 3.99383 4.65724 6.46236
threshold=167.48097229003909 31.638492584228519 0.82403939962387096 142.16970825195315 0.43639518320560461 465.65625000000006 7.6309361457824716 46.068027496337898 0.15263157337903979 865.48181152343761 165.3747253417969 79.500000000000014 0.79017856717109691 910.97738647460949
decision_type=2 2 2 2 2 2 2 2 2 2 2 2 2 2
left_child=1 -1 3 4 5 6 9 8 -8 10 -3 12 13 -12
right_child=-2 2 -4 -5 -6 -7 7 -9 -10 -11 11 -13 -14 -15
leaf_value=-0.012915034129516731 0.00014878197313952562 -0.0012597736064366345 -0.0074490449605126028 0.0015708816505962298 -0.0014395661379256542 -0.0025171713477443384 0.015945288544554185 -0.0039348669427960205 -1.6067718363821369e-06 0.00028310939608676102 0.0040219380132456104 -5.5752093590779594e-05 0.0020970637952080124 0.001190117747160809
leaf_weight=975 2665 176 910 130 2535 845 90 1105 300 515 87 95 365 62
leaf_count=975 2665 176 910 130 2535 845 90 1105 300 515 87 95 365 62
internal_value=-0.000576233 -0.000879122 -0.000609148 -0.000330691 -0.000434819 0.000181318 0.000767441 -0.000752509 0.00230769 0.00251538 0.0039172 0.00517734 0.00622179 0.0106913
internal_weight=10855 8190 7215 6305 6175 3640 2795 1495 390 1300 785 609 514 149
internal_count=10855 8190 7215 6305 6175 3640 2795 1495 390 1300 785 609 514 149
is_linear=0
shrinkage=0.03


Tree=139
num_leaves=15
num_cat=0
split_feature=28 14 42 52 29 69 25 40 9 16 40 4 29 23
split_gain=3.27016 4.94353 3.27616 3.22638 2.74336 2.56119 3.86399 5.8587 2.73606 2.55575 2.46054 4.76932 4.54787 3.57393
threshold=37.987070083618171 10281.000000000002 0.52778512239456188 0.19874999672174457 563.54193115234386 34.908750534057624 621.73907470703136 0.26842105388641363 0.46936342120170599 142.16970825195315 0.078947369009256377 3.406657457351685 1539.8134765625002 22.527777671813968
decision_type=2 2 2 2 2 2 2 2 2 2 2 2 2 2
left_child=1 5 -3 9 -5 -1 -7 8 -8 -2 11 12 -6 -14
right_child=3 2 -4 4 10 6 7 -9 -10 -11 -12 -13 13 -15
leaf_value=-0.014499230213540574 -0.000652169321758071 0.0090329144669818173 -0.00024655632762728532 0.0011595885560198855 0.02787747967492895 -0.034733596156265756 0.0041363577100271016 -0.0044496251301463369 0.0011360900734027307 0.0037473370973483784 -0.00010887508451048912 -0.0021727513274821747 0.01028752360560773 -6.9800321135880789e-05
leaf_weight=1195 4721 68 62 426 54 246 85 107 57 51 3369 140 108 166
leaf_count=1195 4721 68 62 426 54 246 85 107 57 51 3369 140 108 166
internal_value=-0.000554123 -0.00171429 0.00392308 -0.000320421 0.00027938 -0.00214793 -0.000333334 0.0023012 0.00629577 -0.000856245 2.58007e-05 0.0020641 0.00404268 0.00247445
internal_weight=10855 1820 130 9035 4263 1690 495 249 142 4772 3837 468 328 274
internal_count=10855 1820 130 9035 4263 1690 495 249 142 4772 3837 468 328 274
is_linear=0
shrinkage=0.03


Tree=140
num_leaves=15
num_cat=0
split_feature=28 14 45 13 35 17 9 7 28 24 26 10 69 69
split_gain=3.75128 4.30097 3.21683 4.87296 5.94877 4.72092 3.60128 3.48471 4.57852 4.24808 3.54883 3.231 3.15506 8.40837
threshold=37.987070083618171 10281.000000000002 0.81174489855766307 193.34938049316409 166.76805114746097 186.70500183105472 0.82403939962387096 0.37267799675464636 427.56835937500006 243.51785278320315 4283.5000000000009 1.2611401081085207 199.90444946289065 1.7788888812065127
decision_type=2 2 2 2 2 2 2 2 2 2 2 2 2 2
left_child=1 -1 3 4 -2 -4 -7 8 -5 -10 12 -12 13 -9
right_child=2 -3 5 7 -6 6 -8 10 9 -11 11 -13 -14 -15
leaf_value=-0.0075533130215103645 -0.0015177629531991056 0.0071615310727463988 -0.0031985298216606933 -0.0037347524391142511 0.0014697721171272728 0.00096737757838562819 -0.013298565597238075 -0.00027315008957903505 -0.00023401182424198316 0.0025124495627905086 9.0750930276633433e-05 -0.012322197299309577 0.0012085875556099423 0.002972695569095153
leaf_weight=1690 650 130 910 2405 1170 260 130 63 260 260 2210 325 328 64
leaf_count=1690 650 130 910 2405 1170 260 130 63 260 260 2210 325 328 64
internal_value=-0.000554123 -0.0017967 -0.000303819 -7.17525e-05 0.00128571 -0.00168462 0.00107692 -0.000489434 -0.00122564 0.00132692 0.000230769 -0.000207101 0.00267033 0.00668504
internal_weight=10855 1820 9035 7735 1820 1300 390 5915 2925 520 2990 2535 455 127
internal_count=10855 1820 9035 7735 1820 1300 390 5915 2925 520 2990 2535 455 127
is_linear=0
shrinkage=0.03


Tree=141
num_leaves=15
num_cat=0
split_feature=40 16 15 24 35 24 34 35 40 27 10 13 24 69
split_gain=3.26447 3.78044 4.31115 8.85668 5.25714 5.50476 3.67781 4.46429 5.71632 9.36068 3.51036 6.98729 6.58581 7.23214
threshold=0.38421052694320684 19.735207557678226 0.16903646290302279 155.71577453613284 167.49777984619143 258.01339721679693 57.940305709838874 165.98652648925784 0.54210525751113903 54.403757095336921 0.86778613924980175 209.58105468750003 327.95832824707037 135.53846740722659
decision_type=2 2 2 2 2 2 2 2 2 2 2 2 2 2
left_child=10 2 3 -2 -5 -6 7 8 -3 -10 11 12 13 -1
right_child=1 6 -4 4 5 -7 -8 -9 9 -11 -12 -13 -14 -15
leaf_value=0.0088063847460867015 0.001867494928866192 -0.00018980625007076921 -0.0055488745291997887 -0.010864081149005448 0.0059113317513123237 -0.18534867571424288 0.0086378348380959993 -0.00062042817351793289 0.0024509803133309824 0.0013223571137702095 -0.0012284360461422093 -0.00018783787874571619 -0.0055154666721159628 0.00098429613313151358
leaf_weight=219 84 135 2632 504 84 56 56 1008 65 52 2405 2886 148 521
leaf_count=219 84 135 2632 504 84 56 56 1008 65 52 2405 2886 148 521
internal_value=-0.000573469 -0.00117151 -0.00170536 0.000337911 -0.000857144 0.00428571 0.000191489 -0.000142858 0.00342857 0.00828205 -0.000120894 0.00044992 0.00277703 0.00393243
internal_weight=10855 4676 3360 728 644 140 1316 1260 252 117 6179 3774 888 740
internal_count=10855 4676 3360 728 644 140 1316 1260 252 117 6179 3774 888 740
is_linear=0
shrinkage=0.03


Tree=142
num_leaves=15
num_cat=0
split_feature=18 0 0 65 28 40 21 69 9 44 69 1 13 40
split_gain=3.76438 5.58937 4.18794 3.46989 5.51399 7.57265 4.68542 4.54606 4.12667 4.65208 4.18598 11.57 3.76783 3.50265
threshold=0.42708332836627966 11.666666507720949 650.79165649414074 663.75234985351574 47.960456848144538 0.46842105686664587 2.675196766853333 79.972778320312514 0.91834488511085521 0.6078576147556306 482.13027954101568 87.075714111328139 112.9683303833008 0.2578947395086289
decision_type=2 2 2 2 2 2 2 2 2 2 2 2 2 2
left_child=1 -1 3 6 5 7 -3 -5 9 -8 -11 -12 -6 -10
right_child=-2 2 -4 4 12 -7 8 -9 13 10 11 -13 -14 -15
leaf_value=0.0013794316248191413 -0.0024243771723414416 0.00077380985575240826 -0.0056797149842227942 0.00039758861456682472 0.0020286832236079398 -0.0015516124595220861 -0.0032215330861633737 0.0032460851492391259 -0.019551453278944315 -0.001256984113283263 0.0019804395444801416 0.0001919693856205789 -1.3042092981491247e-05 0.0081999484734784998
leaf_weight=195 2470 1258 975 65 153 101 2518 168 50 545 73 242 1969 73
leaf_count=195 2470 1258 975 65 153 101 2518 168 50 545 73 242 1969 73
internal_value=-0.00047674 -0.000173525 -0.000293041 -4.36598e-05 0.000872149 0.00445509 -0.000516286 0.00742918 -0.00108055 -0.00127709 0.000627906 0.00338095 0.000308199 0.00431707
internal_weight=10855 8385 8190 7215 2456 334 4759 233 3501 3378 860 315 2122 123
internal_count=10855 8385 8190 7215 2456 334 4759 233 3501 3378 860 315 2122 123
is_linear=0
shrinkage=0.03


Tree=143
num_leaves=15
num_cat=0
split_feature=28 16 52 27 24 67 69 40 69 69 12 42 0 4
split_gain=3.70435 4.12088 3.63694 3.26574 5.47404 5.86354 3.07884 3.04183 4.0585 2.85859 2.72454 2.67691 3.95286 2.51471
threshold=37.987070083618171 13.944024085998537 0.19874999672174457 69.286941528320327 243.51785278320315 2313.721069335938 943.28485107421886 0.24736841768026355 79.972778320312514 0.56888887286186229 672.19790649414074 0.41248606145381933 119.08333206176759 26.676914215087894
decision_type=2 2 2 2 2 2 2 2 2 2 2 2 2 2
left_child=1 -1 3 -2 5 -5 -7 8 -3 -9 13 12 -6 -4
right_child=2 7 10 4 11 6 -8 9 -10 -11 -12 -13 -14 -15
leaf_value=-0.014614060195961991 -0.00098623092074347153 -0.019206656156016359 0.00019166995725326694 -0.00083603136520954879 0.010634708746854286 0.0024184448816983489 0.00060270486625212734 0.0081509762423074145 0.0022499051188467991 -0.0047194272957562424 -0.0020945160117763857 0.00039913108961859434 0.0012830776631465391 0.0012033050813558695
leaf_weight=1365 3708 52 3642 727 53 56 54 50 116 237 293 105 69 328
leaf_count=1365 3708 52 3642 727 53 56 54 50 116 237 293 105 69 328
internal_value=-0.000479503 -0.00171429 -0.00023077 -0.000799665 0.000665413 -0.000455198 0.006 0.000758241 0.00396428 -0.00111847 0.000406051 0.00479736 0.00781967 0.00061209
internal_weight=10855 1820 9035 4772 1064 837 110 455 168 287 4263 227 122 3970
internal_count=10855 1820 9035 4772 1064 837 110 455 168 287 4263 227 122 3970
is_linear=0
shrinkage=0.03


Tree=144
num_leaves=15
num_cat=0
split_feature=35 28 9 9 15 65 65 34 11 18 65 34 40 16
split_gain=3.87814 5.16332 4.26939 4.65895 4.61618 5.01191 4.23776 4.80243 4.26941 3.29942 3.16893 3.13301 3.11666 5.31593
threshold=167.48097229003909 31.638492584228519 0.75510418415069591 0.57150468230247509 6.7142710685729989 819.90026855468761 55.684444427490241 52.02040100097657 1.4172222614288332 0.28125000000000006 177.29804992675784 57.940305709838874 0.078947369009256377 0.70128789544105541
decision_type=2 2 2 2 2 2 2 2 2 2 2 2 2 2
left_child=1 -1 3 12 -5 -6 8 10 -2 -9 -8 -10 13 -3
right_child=6 2 -4 4 5 -7 7 9 11 -11 -12 -13 -14 -15
leaf_value=-0.011325303873753575 0.00059564089316736779 0.014135149876074919 -0.0044150453362270612 -0.00063442170572301619 0.001504467189902835 -0.0075387149910631796 0.0016897609066526319 0.00037439325293143696 -0.023835888417303729 -0.011174736344518032 0.00063507492108709083 0.0078483236635127265 -0.00049353452420388625 0.0006328510673011856
leaf_weight=975 697 88 1105 260 362 93 164 156 789 256 538 65 4731 576
leaf_count=975 697 88 1105 260 362 93 164 156 789 256 538 65 4731 576
internal_value=-0.000504377 -0.00082784 -0.000550936 -0.00024059 0.00203496 0.00385714 0.00048968 0.00190126 -0.000524179 -0.000669904 0.00341026 -0.00194614 -0.000542169 0.00138253
internal_weight=10855 8190 7215 6110 715 455 2665 1114 1551 412 702 854 5395 664
internal_count=10855 8190 7215 6110 715 455 2665 1114 1551 412 702 854 5395 664
is_linear=0
shrinkage=0.03


Tree=145
num_leaves=15
num_cat=0
split_feature=35 28 9 30 12 22 22 34 0 65 34 40 1 11
split_gain=3.85503 5.12647 4.21388 4.1705 4.90198 6.27362 4.03214 3.98574 3.99587 3.83055 4.50537 3.82503 6.99589 3.67982
threshold=167.48097229003909 31.638492584228519 0.94362270832061779 0.72172617912292492 473.69792175292974 7.6309361457824716 7.4113485813140878 49.956258773803718 120.45833206176759 55.684444427490241 52.02040100097657 0.089473687112331404 70.714389801025405 1.4172222614288332
decision_type=2 2 2 2 2 2 2 2 2 2 2 2 2 2
left_child=1 -1 3 -3 5 6 11 8 -7 13 -11 12 -5 -2
right_child=9 2 -4 4 -6 7 -8 -9 -10 10 -12 -13 -14 -15
leaf_value=-0.010985544757540955 0.00057777166637236802 -0.001352742810295808 -0.0070720585154050233 0.010938820336447892 -0.0022734456543248341 0.0014870421738114863 0.0013108021980199366 -0.0055442689524817807 -0.0014724033036022655 0.001240526183580677 -0.00013060530986962716 0.00024231753903090946 0.00076189082159300076 -0.010810296382071108
leaf_weight=975 697 2080 585 63 780 715 455 585 780 702 412 1064 108 854
leaf_count=975 697 2080 585 63 780 715 455 585 780 702 412 1064 108 854
internal_value=-0.000512668 -0.000835166 -0.000559252 -0.000343892 0.000164834 0.000612731 0.00197041 -0.000490385 0.000331103 0.000478423 0.00182047 0.00108097 0.00524561 -0.000485494
internal_weight=10855 8190 7215 6630 4550 3770 1690 2080 1495 2665 1114 1235 171 1551
internal_count=10855 8190 7215 6630 4550 3770 1690 2080 1495 2665 1114 1235 171 1551
is_linear=0
shrinkage=0.03


Tree=146
num_leaves=15
num_cat=0
split_feature=35 28 22 28 40 11 9 17 40 18 67 69 65 28
split_gain=3.46729 5.18914 3.65104 3.89372 3.71464 3.63822 4.28502 4.15385 4.00021 5.84028 3.91662 7.64197 4.45829 3.59491
threshold=167.48097229003909 37.987070083618171 6.8975541591644296 55.751169204711921 0.44736842811107641 3.5998610258102421 0.33637732267379766 219.96208190917972 0.24736841768026355 0.40625000000000006 0.9533333182334901 763.96945190429699 287.64222717285162 427.56835937500006
decision_type=2 2 2 2 2 2 2 2 2 2 2 2 2 2
left_child=1 -1 4 -4 -2 6 13 -7 9 -9 11 -8 -13 -3
right_child=2 5 3 -5 -6 7 10 8 -10 -11 -12 12 -14 -15
leaf_value=-0.0085177273607578083 0.0012034464183676144 -0.00098100485913670075 0.0011532931866287039 -0.00099010078088903296 -7.5824798895807172e-05 -0.0027375936477501933 0.00072949341247842241 -0.00095944144576350576 -0.00028568086039051493 0.0065554666432450755 0.00010890306479609409 0.0026238248863237846 0.0073695203478267779 0.00082243057571552882
leaf_weight=1300 645 3055 715 975 330 1560 300 72 246 72 828 57 50 650
leaf_count=1300 645 3055 715 975 330 1560 300 72 246 72 828 57 50 650
internal_value=-0.000540305 -0.000846155 0.000399624 -0.000443788 0.00186154 -0.000518143 -8.5021e-05 -0.00161539 0.00115385 0.005125 0.00144534 0.00385504 0.0107383 -0.000595142
internal_weight=10855 8190 2665 1690 975 6890 4940 1950 390 144 1235 407 107 3705
internal_count=10855 8190 2665 1690 975 6890 4940 1950 390 144 1235 407 107 3705
is_linear=0
shrinkage=0.03


Tree=147
num_leaves=15
num_cat=0
split_feature=35 28 11 9 25 67 59 35 28 42 67 69 65 0
split_gain=3.48622 4.99852 4.61818 4.16782 3.86712 5.00741 4.19328 4.06484 3.96623 4.28927 3.75762 7.18997 4.90483 3.46092
threshold=167.48097229003909 31.638492584228519 3.5998610258102421 0.33637732267379766 677.84841918945324 3974.490600585938 43.500000000000007 165.94013977050784 58.799404144287116 0.58216583728790294 0.9533333182334901 763.96945190429699 287.64222717285162 46.250000000000007
decision_type=2 2 2 2 2 2 2 2 2 2 2 2 2 2
left_child=1 -1 3 4 -3 6 7 -6 9 -9 11 -5 -13 -12
right_child=-2 2 -4 10 5 -7 -8 8 -10 -11 13 12 -14 -15
leaf_value=-0.01040044659399199 0.00020410476236082162 -0.0022972638046706846 -0.0015187949868763855 0.00070760861010406339 0.001191680937381083 0.009920024511393474 0.0022897152889137075 -0.00047201150409472852 -0.0018043104965921727 0.002778553773505063 -0.0036690480673630967 0.0025451101397340531 0.0071484347373920003 0.0010056559684023432
leaf_weight=975 2665 1885 2145 300 300 82 143 113 1218 94 267 57 50 561
leaf_count=975 2665 1885 2145 300 300 82 143 113 1218 94 267 57 50 561
internal_value=-0.000554123 -0.000860807 -0.000588358 -9.46753e-05 -0.000582791 0.000353845 3.53312e-05 -0.000373914 -0.00104211 0.0027971 0.00142105 0.00378133 0.0104579 0.000260869
internal_weight=10855 8190 7215 5070 3835 1950 1868 1725 1425 207 1235 407 107 828
internal_count=10855 8190 7215 5070 3835 1950 1868 1725 1425 207 1235 407 107 828
is_linear=0
shrinkage=0.03


Tree=148
num_leaves=15
num_cat=0
split_feature=15 14 22 44 40 0 28 22 21 40 27 67 63 40
split_gain=3.48159 6.15785 5.01015 5.23565 7.69689 10.7716 7.86298 4.89139 5.34622 7.96518 4.71805 4.56985 4.33289 4.36688
threshold=5.2561080455780038 9997.5000000000018 6.9723012447357187 0.6078576147556306 0.20526316016912463 83.91666412353517 178.96363830566409 7.2141883373260507 3.8022253513336186 0.53157895803451549 45.36784744262696 506.85264587402349 518.61334228515636 0.22631578892469409
decision_type=2 2 2 2 2 2 2 2 2 2 2 2 2 2
left_child=1 2 -1 -4 5 6 -5 -2 9 11 -10 -9 13 -3
right_child=7 12 3 4 -6 -7 -8 8 10 -11 -12 -13 -14 -15
leaf_value=-5.6161858099641656e-05 -0.0010494830550851831 0.0044447303487827692 -0.0076296316809608376 0.0037040359873063283 -0.00079058163129593875 -0.0034195481489287171 0.0036470501408957571 0.0009604894477942455 0.0011911361114621672 0.0014729743959901924 -0.00042159678053188131 -0.0011049905085759168 0.0071090584296666023 -0.0035544038978083067
leaf_weight=3185 1170 66 2860 100 945 180 140 109 975 56 845 95 50 79
leaf_count=3185 1170 66 2860 100 945 180 140 109 975 56 845 95 50 79
internal_value=-0.000526486 -0.000877713 -0.0010162 -0.00169349 -0.000164836 0.00321428 0.007375 0.000295384 0.00116827 0.00519231 0.000593406 0.00244118 0.00438461 0.00175862
internal_weight=10855 7605 7410 4225 1365 420 240 3250 2080 260 1820 204 195 145
internal_count=10855 7605 7410 4225 1365 420 240 3250 2080 260 1820 204 195 145
is_linear=0
shrinkage=0.03


Tree=149
num_leaves=15
num_cat=0
split_feature=18 1 13 28 7 22 22 67 29 69 40 24 33 15
split_gain=3.50618 4.37745 2.92942 3.66234 5.74941 4.37506 5.33346 3.55692 3.3094 2.97783 5.9831 6.11036 3.09554 2.67013
threshold=0.42708332836627966 1748.402038574219 193.34938049316409 427.56835937500006 0.37267799675464636 6.2985980510711679 7.5710511207580575 113.42000198364259 5219.1750488281259 0.56888887286186229 0.20526316016912463 252.24404144287112 57.401607513427741 0.12028356269001962
decision_type=2 2 2 2 2 2 2 2 2 2 2 2 2 2
left_child=1 2 13 4 -4 -6 8 -8 9 10 -7 -12 -11 -1
right_child=-2 -3 3 -5 5 6 7 -9 -10 12 11 -13 -14 -15
leaf_value=0.0029586399853451587 -0.0019798569599480211 -0.0076144894219820521 -0.0028857484202703359 0.0007799527315435447 -0.0010081728694317316 -0.00096461458871060341 -0.0059611195712508929 0.00096714029076941507 -0.028935029271023247 0.001772319556949924 -7.7988342056780618e-05 0.0084059123248274685 -0.00024667373548517579 0.00035091163625117591
leaf_weight=195 2470 650 2665 520 780 77 473 437 130 480 54 146 283 1495
leaf_count=195 2470 650 2665 520 780 77 473 437 130 480 54 146 283 1495
internal_value=-0.000512668 -0.000220036 -2.13323e-05 -0.000330026 -0.000556562 0.000377622 0.00109615 -0.000626374 0.0024359 0.003 0.00566426 0.0084 0.00203276 0.00108284
internal_weight=10855 8385 7735 6045 5525 2860 2080 910 1170 1040 277 200 763 1690
internal_count=10855 8385 7735 6045 5525 2860 2080 910 1170 1040 277 200 763 1690
is_linear=0
shrinkage=0.03


Tree=150
num_leaves=15
num_cat=0
split_feature=35 28 11 17 22 44 40 63 68 18 40 27 40 18
split_gain=3.57605 4.74393 4.54962 4.12331 3.73397 3.92367 3.63083 3.33126 4.7224 3.07269 3.85204 3.57849 2.97223 4.69444
threshold=167.48097229003909 31.638492584228519 3.5998610258102421 219.96208190917972 6.8975541591644296 1.0000000180025095e-35 0.44736842811107641 155.68277740478518 1.0000000180025095e-35 0.44791667163372045 0.32105262577533727 28.870074272155765 0.24736841768026355 0.40625000000000006
decision_type=2 2 2 2 2 2 2 2 2 2 2 2 2 2
left_child=1 -1 -3 -4 6 -6 9 8 -7 10 11 -2 13 -5
right_child=4 2 3 12 5 7 -8 -9 -10 -11 -12 -13 -14 -15
leaf_value=-0.0097729717931353023 0.0073278459588233891 -2.1956814967650972e-05 -0.0026625311953616311 -0.00089649691206756437 -0.0090987172861818344 0.0018064643959837152 -7.564869179506495e-05 -0.0023443964813803508 0.00071926375105997305 0.0017270944422212906 0.0049858627498583176 -0.00021109182063444197 -0.00022942603064409666 0.0064764101057684436
leaf_weight=975 93 5070 1755 72 975 59 330 255 401 86 156 310 246 72
leaf_count=975 93 5070 1755 72 975 59 330 255 401 86 156 310 246 72
internal_value=-0.000509904 -0.000820514 -0.000555094 -0.00171329 0.000444652 -0.000408285 0.00192308 0.00127972 0.00280435 0.00323256 0.00242039 0.000870967 0.00107692 0.0045
internal_weight=10855 8190 7215 2145 2665 1690 975 715 460 645 559 403 390 144
internal_count=10855 8190 7215 2145 2665 1690 975 715 460 645 559 403 390 144
is_linear=0
shrinkage=0.03


Tree=151
num_leaves=15
num_cat=0
split_feature=35 28 11 34 21 69 69 17 28 17 40 6 15 14
split_gain=3.78924 4.52705 4.94387 4.17325 4.42471 3.56439 3.99325 3.04711 2.97246 4.98218 3.59225 6.13318 5.70579 2.77796
threshold=167.48097229003909 31.638492584228519 3.5998610258102421 46.699743270874031 5.5106310844421396 552.95001220703136 16.796667098999027 219.96208190917972 58.99974441528321 31.875000000000004 0.24736841768026355 0.45833332836627966 7.7050030231475839 1240.5000000000002
decision_type=2 2 2 2 2 2 2 2 2 2 2 2 2 2
left_child=1 -1 13 5 8 6 -2 -4 10 -10 12 -12 -5 -3
right_child=3 2 7 4 -6 -7 -8 -9 9 -11 11 -13 -14 -15
leaf_value=-0.0094797826393412336 0.0012681838243391041 0.0005161488930363684 -0.0025826552595007886 0.0022511260813876358 -0.024670475494874475 0.00072594208505705204 -0.015199072271396922 9.8935666207528529e-05 0.00072280752312687201 -0.0011300113206427732 -0.0030400190423864469 0.0075146435473322087 0.0002927098338941073 -0.00028801639742211739
leaf_weight=975 56 1300 1755 96 455 68 71 390 585 845 287 82 120 3770
leaf_count=975 56 1300 1755 96 455 68 71 390 585 845 287 82 120 3770
internal_value=-0.000515431 -0.000835166 -0.000575884 0.000467166 0.000133603 0.00469231 0.00172441 -0.00178322 0.000736972 -7.15256e-10 0.00253846 0.000739837 0.00561111 -6.50895e-05
internal_weight=10855 8190 7215 2665 2470 195 127 2145 2015 1430 585 369 216 5070
internal_count=10855 8190 7215 2665 2470 195 127 2145 2015 1430 585 369 216 5070
is_linear=0
shrinkage=0.03


Tree=152
num_leaves=15
num_cat=0
split_feature=35 28 11 34 0 67 67 1 69 50 13 23 9 25
split_gain=4.31198 4.64886 4.50518 4.40776 4.70023 4.04208 3.37079 3.32645 4.74554 3.10273 3.10731 3.01611 2.88743 4.30748
threshold=167.48097229003909 31.638492584228519 3.5998610258102421 47.977167129516609 23.375000000000004 29.113888740539554 1646.9165039062502 55.905069351196296 1.0000000180025095e-35 78.500000000000014 562.55053710937511 22.735417366027836 0.33637732267379766 677.84841918945324
decision_type=2 2 2 2 2 2 2 2 2 2 2 2 2 2
left_child=1 -1 12 5 -5 -2 -7 8 -6 -4 -11 -9 13 -3
right_child=3 2 9 4 7 6 -8 11 -10 10 -12 -13 -14 -15
leaf_value=-0.0091953891601609852 0.0011002660165846947 -0.0022593359714225933 -0.0027788296528024332 -0.033496961861494243 0.0082089774571554534 -0.00037205051874100086 0.0084467357691394261 0.00030400105100742623 0.00062762569630747905 -0.001360023288912325 0.0009894533677477532 -0.0043501452243992888 0.00073998656843422426 0.00028973541348501484
leaf_weight=975 229 1885 1733 390 80 241 50 650 440 258 154 585 1235 1950
leaf_count=975 229 1885 1733 390 80 241 50 650 440 258 154 585 1235 1950
internal_value=-0.000468448 -0.000809525 -0.000546778 0.000579737 -2.09797e-05 0.00305769 0.000711339 0.000641025 0.00265385 -0.0016993 0.000640776 -0.000206478 -5.91723e-05 -0.000465451
internal_weight=10855 8190 7215 2665 2145 520 291 1755 520 2145 412 1235 5070 3835
internal_count=10855 8190 7215 2665 2145 520 291 1755 520 2145 412 1235 5070 3835
is_linear=0
shrinkage=0.03


Tree=153
num_leaves=15
num_cat=0
split_feature=21 33 1 1 43 40 10 1 27 12 34 33 65 40
split_gain=3.9539 3.47416 3.19819 2.92956 3.99318 3.01247 5.50463 5.60667 4.63616 7.20028 4.43494 5.43214 5.08228 5.8301
threshold=6.3301882743835458 42.447704315185554 1671.5681762695315 1010.7151184082032 -0.93540480732917775 0.36315789818763738 1.2795721888542178 54.089498519897468 69.286941528320327 248.52083587646487 48.061246871948249 55.900156021118171 1903.6884765625002 0.17368421703577044
decision_type=2 2 2 2 2 2 2 2 2 2 2 2 2 2
left_child=2 -2 3 5 -5 10 8 -8 -7 -10 11 -1 13 -13
right_child=1 -3 -4 4 -6 6 7 -9 9 -11 -12 12 -14 -15
leaf_value=0.00027135219855489441 0.00071903901723442242 -0.010782743631274582 -0.0056812677527223604 0.00069748091127224885 0.00024759329819096877 -0.0015668647779545264 -0.0030015124032330637 0.0032838355329302079 -7.4189122147313359e-05 0.0021830634741281359 -0.00014875143003502381 0.0042118670251993931 -0.0085582897963067672 0.0022560321245986199
leaf_weight=840 65 1365 780 55 270 2850 120 150 600 120 3220 173 66 181
leaf_count=840 65 1365 780 55 270 2850 120 150 600 120 3220 173 66 181
internal_value=-0.000460157 -0.00193007 -0.000237136 -7.11401e-05 0.00272308 -0.000180289 -0.000796876 0.00333333 -0.00110924 0.00104167 0.000348214 0.00185714 0.00464286 0.0060678
internal_weight=10855 1430 9425 8645 325 8320 3840 270 3570 720 4480 1260 420 354
internal_count=10855 1430 9425 8645 325 8320 3840 270 3570 720 4480 1260 420 354
is_linear=0
shrinkage=0.03


Tree=154
num_leaves=15
num_cat=0
split_feature=16 21 33 0 1 40 52 40 15 45 16 25 1 13
split_gain=4.22289 3.91923 3.58861 3.57865 3.05598 3.35823 3.53186 3.34603 4.56915 5.541 5.24608 5.09265 5.68817 5.03632
threshold=142.16970825195315 6.3301882743835458 42.447704315185554 650.79165649414074 1010.7151184082032 0.17368421703577044 0.022638889029622081 0.35263158380985266 3.7441030740737919 0.81174489855766307 0.37635099887847906 268.58322143554693 167.68514251708987 162.038444519043
decision_type=2 2 2 2 2 2 2 2 2 2 2 2 2 2
left_child=1 3 -3 4 7 -6 -7 -1 10 13 -9 12 -12 -10
right_child=-2 2 -4 -5 5 6 -8 8 9 -11 11 -13 -14 -15
leaf_value=0.00022844377552458823 0.00099613135194493037 0.00069746784671740171 -0.012109595176406689 -0.002364718891183584 -0.0044911669790293138 0.00015827286668704003 0.004270859328046139 0.0013321672093048952 0.0012552640087344278 0.003871870500828635 -0.00059899303892722237 -0.012441090108521671 0.0021920837047773654 -0.00029388646381515933
leaf_weight=4182 195 65 1300 1105 51 81 63 279 186 155 124 1984 62 1023
leaf_count=4182 195 65 1300 1105 51 81 63 279 186 155 124 1984 62 1023
internal_value=-0.000451866 -0.000531896 -0.00203297 -0.000311458 -9.52388e-05 0.00361538 0.00595833 -0.000185742 -0.000828482 0.000563049 -0.00160351 -0.00210138 0.00264516 -0.000121589
internal_weight=10855 10660 1365 9295 8190 195 144 7995 3813 1364 2449 2170 186 1209
internal_count=10855 10660 1365 9295 8190 195 144 7995 3813 1364 2449 2170 186 1209
is_linear=0
shrinkage=0.03


Tree=155
num_leaves=15
num_cat=0
split_feature=16 21 0 65 0 6 33 30 15 67 13 56 28 40
split_gain=4.08531 4.07327 6.20152 3.66128 3.99669 3.69043 3.54289 3.42838 2.99679 4.38518 4.03372 3.58983 3.70852 9.69321
threshold=142.16970825195315 6.3301882743835458 5.7916665077209482 5184.0485839843759 650.79165649414074 0.20833333581686023 42.447704315185554 0.92857143282890331 3.7441030740737919 3974.490600585938 1453.0163574218752 2.5000000000000004 131.73892211914065 0.12105263024568559
decision_type=2 2 2 2 2 2 2 2 2 2 2 2 2 2
left_child=1 2 -1 4 8 -5 -3 -8 10 -10 11 -4 13 -13
right_child=-2 6 3 5 -6 -7 7 -9 9 -11 -12 12 -14 -15
leaf_value=0.018864215701188701 0.00096624741138657752 0.00067654381131587553 -0.00095974576434858499 0.00025139125216507875 -0.0026101555397236736 0.00090539251341602658 -0.01257068579085965 0.0018353748622810251 0.00020078843613362043 0.0099028923251442674 0.005785546824534098 0.0068984831144111233 -0.00015204377706511306 0.00043403208943584485
leaf_weight=65 195 65 3476 167 1044 54 1235 65 2820 55 130 59 1136 289
leaf_count=65 195 65 3476 167 1044 54 1235 65 2820 55 130 59 1136 289
internal_value=-0.00038001 -0.000458725 -0.000233997 -0.000299026 -0.000392608 0.00351584 -0.00198901 -0.00233077 -0.000163843 0.000610434 -0.000601179 -0.000737904 0.000497304 0.0032069
internal_weight=10855 10660 9295 9230 9009 221 1365 1300 7965 2875 5090 4960 1484 348
internal_count=10855 10660 9295 9230 9009 221 1365 1300 7965 2875 5090 4960 1484 348
is_linear=0
shrinkage=0.03


Tree=156
num_leaves=15
num_cat=0
split_feature=35 28 18 34 0 9 40 40 28 29 1 40 16 65
split_gain=4.37176 4.84805 4.97966 4.51003 5.6779 4.06845 8.49044 5.05856 4.01124 3.99283 3.5912 3.91143 3.51874 3.45308
threshold=167.42444610595706 31.638492584228519 0.55208334326744091 47.841661453247077 23.375000000000004 0.85192131996154796 0.32105262577533727 0.46842105686664587 60.435857772827156 563.54193115234386 55.905069351196296 0.36315789818763738 142.16970825195315 1113.3674926757815
decision_type=2 2 2 2 2 2 2 2 2 2 2 2 2 2
left_child=1 -1 9 -2 -5 7 -7 8 -6 -3 11 -10 -11 -14
right_child=3 2 -4 4 5 6 -8 -9 10 12 -12 -13 13 -15
leaf_value=-0.0088931258827903807 0.00077175902215548839 0.00095634259772278088 -0.019675293843605102 -0.033706280863665374 0.0018868302053433592 -0.0014957741965960975 0.0067784794004814315 -0.001189005404408038 0.00041514726450687201 -0.00035193532578655859 -0.000622476961859871 0.0079743104188581132 0.0023361583440100926 -0.0022246687757748319
leaf_weight=975 585 650 650 455 315 93 102 480 175 5655 540 50 80 50
leaf_count=975 585 650 650 455 315 93 102 480 175 5655 540 50 80 50
internal_value=-0.000415938 -0.000770472 -0.000497531 0.000606439 -1.35754e-05 0.000760683 0.00484615 0.000249999 0.00138889 -0.000244756 0.000215686 0.0034 -0.000495247 0.00438461
internal_weight=10855 8060 7085 2795 2210 1755 195 1560 1080 6435 765 225 5785 130
internal_count=10855 8060 7085 2795 2210 1755 195 1560 1080 6435 765 225 5785 130
is_linear=0
shrinkage=0.03


Tree=157
num_leaves=15
num_cat=0
split_feature=16 35 21 28 34 0 40 25 29 19 23 33 23 67
split_gain=4.1697 3.97443 4.56994 4.17524 4.11482 5.42274 4.96696 13.1328 3.97053 3.675 2.78922 3.88608 3.86314 5.25399
threshold=142.16970825195315 167.42444610595706 6.3301882743835458 31.638492584228519 47.841661453247077 23.375000000000004 0.16315789520740512 828.41247558593761 563.54193115234386 0.37267799675464636 22.402916908264164 59.79893875122071 22.645972251892093 3181.497192382813
decision_type=2 2 2 2 2 2 2 2 2 2 2 2 2 2
left_child=1 2 3 -1 6 -6 7 -3 -5 -8 11 -10 13 -12
right_child=-2 4 -4 8 5 -7 9 -9 10 -11 12 -13 -14 -15
leaf_value=-0.0078029803297345402 0.00086717523872466827 -0.014191974677453688 -0.012135868450018494 0.00092765231979108971 -0.032695092437755417 0.00024738867548331286 0.0015056089543802286 0.0089884608983101435 -0.0023945546818167256 -0.00039963812812314026 0.00038779256536046708 0.0012905603027379489 -0.00034531530048034873 0.0095713529057784939
leaf_weight=845 195 64 845 650 455 1755 147 64 1560 245 593 260 3120 57
leaf_count=845 195 64 845 650 455 1755 147 64 1560 245 593 260 3120 57
internal_value=-0.000424229 -0.000503753 -0.000843632 -0.00059492 0.000483516 -8.14487e-05 0.00288461 0.00801562 -0.000326924 0.00120918 -0.000584974 -0.00154945 -0.000119364 0.00198461
internal_weight=10855 10660 7930 7085 2730 2210 520 128 6240 392 5590 1820 3770 650
internal_count=10855 10660 7930 7085 2730 2210 520 128 6240 392 5590 1820 3770 650
is_linear=0
shrinkage=0.03


Tree=158
num_leaves=15
num_cat=0
split_feature=16 21 40 14 21 10 65 65 69 13 53 63 33 40
split_gain=3.92082 4.0797 3.58903 3.28125 5.96829 3.81335 4.11755 6.45163 4.49554 3.52917 4.77477 4.32835 3.96809 3.46667
threshold=142.16970825195315 6.3301882743835458 0.45789474248886114 1006.0000000000001 5.8266899585723886 0.91729867458343517 1490.5090332031252 4148.7934570312509 102.55222320556642 361.44805908203131 13.500000000000002 7.0061111450195321 58.217985153198249 0.1947368457913399
decision_type=2 2 2 2 2 2 2 2 2 2 2 2 2 2
left_child=1 2 3 4 5 6 8 -8 13 -5 -11 12 -12 -1
right_child=-2 -3 -4 9 -6 -7 7 -9 -10 10 11 -13 -14 -15
leaf_value=0.01939116643869173 0.00084115998156293712 -0.0092724294879611823 -0.0006124890565655589 -0.0019382952604865011 0.0036875013258033124 -0.00055917390760608756 0.0074700998656865988 -0.0048266631523774936 -2.4634789928323529e-05 -0.00020956692678909206 0.00099499312681332135 -0.00012039321958965215 0.0029536805485065221 0.0068317145126958953
leaf_weight=52 195 1365 3003 1188 88 528 134 51 521 2956 287 263 146 78
leaf_count=52 195 1365 3003 1188 88 528 134 51 521 2956 287 263 146 78
internal_value=-0.000446339 -0.000523453 -0.000298548 0.000108709 0.0013595 0.000870967 0.00213158 0.00608108 0.00100922 -0.00026653 0.000195509 0.00243103 0.00427483 0.006
internal_weight=10855 10660 9295 6292 1452 1364 836 185 651 4840 3652 696 433 130
internal_count=10855 10660 9295 6292 1452 1364 836 185 651 4840 3652 696 433 130
is_linear=0
shrinkage=0.03


Tree=159
num_leaves=15
num_cat=0
split_feature=16 35 21 34 69 21 28 69 29 69 63 63 40 36
split_gain=3.62997 3.63047 4.58654 3.89913 10.0637 5.80551 3.75485 3.52795 3.36902 2.84208 2.73938 2.95409 2.68028 5.01176
threshold=142.16970825195315 167.42444610595706 6.3301882743835458 46.699743270874031 388.71499633789068 5.5106310844421396 31.638492584228519 16.796667098999027 563.54193115234386 581.44790649414074 138.03694915771487 4691.2451171875009 0.46842105686664587 1.5000000000000002
decision_type=2 2 2 2 2 2 2 2 2 2 2 2 2 2
left_child=1 2 6 4 7 10 -1 -3 -8 -2 12 -12 -5 -14
right_child=9 3 -4 5 -6 -7 8 -9 -10 -11 11 -13 13 -15
leaf_value=-0.0075626039120388327 0.00096302002139314472 0.0020386910928161229 -0.011493619511879116 0.00084632372249772631 0.0029975317681379026 -0.046064365819936802 0.00091698884254183554 -0.0091482781689970344 -0.00033721821035519894 0.00019547371208885608 -0.003847839850824911 0.0011199477175108958 0.0066152517835343788 -0.0014076561248829885
leaf_weight=845 56 56 845 1089 83 455 650 121 5590 139 443 72 85 326
leaf_count=845 56 56 845 1089 83 455 650 121 5590 139 443 72 85 326
internal_value=-0.000440811 -0.00051501 -0.000839849 0.000428571 0.00392308 6.0728e-05 -0.000590685 -0.000118645 -0.000336539 0.00361538 0.00075186 -0.00113592 0.0014 -0.000664234
internal_weight=10855 10660 7930 2730 260 2470 7085 177 6240 195 2015 515 1500 411
internal_count=10855 10660 7930 2730 260 2470 7085 177 6240 195 2015 515 1500 411
is_linear=0
shrinkage=0.03


Tree=160
num_leaves=15
num_cat=0
split_feature=15 14 22 1 65 29 40 69 22 44 40 0 11 27
split_gain=3.63306 5.31202 4.98885 5.57768 6.08554 4.51282 5.91155 4.31144 3.99906 4.97042 7.52267 7.46746 6.80556 4.31788
threshold=5.2561080455780038 9997.5000000000018 7.2141883373260507 118.43119430541994 978.07763671875011 789.28930664062511 0.3315789550542832 2701.014038085938 6.9723012447357187 0.6078576147556306 0.20526316016912463 83.91666412353517 2.5430555343627934 54.201335906982429
decision_type=2 2 2 2 2 2 2 2 2 2 2 2 2 2
left_child=1 8 -2 5 -5 6 -4 -7 -1 -10 11 12 -11 -12
right_child=2 -3 3 4 -6 7 -8 -9 9 10 13 -13 -14 -15
leaf_value=-2.6884253326753396e-05 -0.00088345319803306583 0.0023397297540400544 -0.0014848251527010941 0.0009338163901407826 -0.0030901683347213799 -0.002077311670609676 0.0066872330811772679 0.0060135014791142909 -0.0059678828214778769 0.0041039328249383028 -0.018234607065733668 -0.0015242338954378363 -0.00048783639042248694 0.00054676572747030161
leaf_weight=3185 1170 195 128 960 145 656 132 59 2860 180 675 180 60 270
leaf_count=3185 1170 195 128 960 145 656 132 59 2860 180 675 180 60 270
internal_value=-0.000451866 -0.000810652 0.000387692 0.00126923 0.00272851 -0.000384616 0.003 -0.00161539 -0.000939272 -0.00154438 -5.49458e-05 0.00328571 0.00675 -0.00153968
internal_weight=10855 7605 3250 2080 1105 975 260 715 7410 4225 1365 420 240 945
internal_count=10855 7605 3250 2080 1105 975 260 715 7410 4225 1365 420 240 945
is_linear=0
shrinkage=0.03


Tree=161
num_leaves=15
num_cat=0
split_feature=16 21 34 10 69 40 33 65 27 13 12 13 56 27
split_gain=3.94141 3.35279 3.90923 5.6641 7.38811 3.88331 3.6451 3.50805 3.47932 6.51154 3.19584 4.57857 3.23341 4.22772
threshold=142.16970825195315 6.3301882743835458 46.967906951904304 1.8047255277633669 388.71499633789068 0.48947368562221533 69.806602478027358 101.56541824340822 83.047992706298842 236.02996063232425 402.93750000000006 1878.9898071289065 5.5000000000000009 47.549922943115241
decision_type=2 2 2 2 2 2 2 2 2 2 2 2 2 2
left_child=1 5 3 4 7 10 8 -3 -7 -10 12 -12 -1 -14
right_child=-2 2 -4 -5 -6 6 -8 -9 9 -11 11 -13 13 -15
leaf_value=-1.8432348682035738e-05 0.0007590200897700099 0.0019834409537897368 -0.014138712329265607 -0.014268961143280337 0.0055041538453708249 -0.0021354364864710658 0.0064866164876804426 -0.0065685950958575944 -0.00041017674969311634 0.0038577950200480633 -0.0017513052546045003 0.0020224560823420834 0.0021569970483576455 6.6036835595429833e-05
leaf_weight=3752 195 52 975 195 54 2304 72 89 126 72 1363 235 650 721
leaf_count=3752 195 52 975 195 54 2304 72 89 126 72 1363 235 650 721
internal_value=-0.000457394 -0.00053471 -0.00192308 0.000615384 0.00423077 -0.000330824 -0.00132168 0.000617021 -0.00151319 0.00230303 4.86528e-05 -0.00112265 0.000414015 0.00166083
internal_weight=10855 10660 1365 390 195 9295 2574 141 2502 198 6721 1598 5123 1371
internal_count=10855 10660 1365 390 195 9295 2574 141 2502 198 6721 1598 5123 1371
is_linear=0
shrinkage=0.03


Tree=162
num_leaves=15
num_cat=0
split_feature=18 34 65 44 1 16 40 69 21 30 3 23 25 10
split_gain=3.72 3.09474 5.08846 7.52282 3.05957 2.77708 2.68003 6.88542 5.08237 4.18594 3.67087 3.98213 7.19138 3.57157
threshold=0.55208334326744091 47.295478820800788 101.56541824340822 0.87837970256805431 1748.402038574219 142.16970825195315 0.089473687112331404 4708.1411132812509 1.8392708301544192 0.8229166865348817 1.0000000180025095e-35 22.514583587646488 515.88140869140636 1.7652225494384768
decision_type=2 2 2 2 2 2 2 2 2 2 2 2 2 2
left_child=4 2 3 -2 5 6 7 8 -1 10 11 12 -10 -8
right_child=1 -3 -4 -5 -6 -7 13 -9 9 -11 -12 -13 -14 -15
leaf_value=0.0090428320516804366 0.0025369431791045136 -0.04429590768352247 -0.0058008403496260545 -0.0010067187731930805 -0.0060008473216727285 0.00073624948707690248 -0.00020635950660202471 0.026803600850857413 -0.00014811578008512959 0.0030807880702480289 -0.0017160328864863576 -0.00044589239099296292 0.018968357306683951 0.00031752686929015803
leaf_weight=63 51 845 260 79 715 195 7448 63 81 90 479 357 73 56
leaf_count=63 51 845 260 79 715 195 7448 63 81 90 479 357 73 56
internal_value=-0.000429757 -0.00197976 0.000230769 0.00507692 -0.00023077 -7.91697e-05 -0.000158439 0.00115423 0.000622047 0.000138888 -0.000424243 0.00134442 0.00537662 -0.000369404
internal_weight=10855 1235 390 130 9620 8905 8710 1206 1143 1080 990 511 154 7504
internal_count=10855 1235 390 130 9620 8905 8710 1206 1143 1080 990 511 154 7504
is_linear=0
shrinkage=0.03


Tree=163
num_leaves=15
num_cat=0
split_feature=18 34 10 69 69 16 0 4 5 40 14 12 34 35
split_gain=3.5264 3.24386 4.74103 5.83355 3.3044 3.05072 3.37363 3.29734 3.79495 2.91785 5.09504 9.71252 3.69348 5.69531
threshold=0.55208334326744091 47.295478820800788 1.8047255277633669 388.71499633789068 34.908750534057624 142.16970825195315 650.79165649414074 23.103233337402347 62.047637939453132 0.078947369009256377 2208.5000000000005 216.86458587646487 48.029865264892585 166.99986267089847
decision_type=2 2 2 2 2 2 2 2 2 2 2 2 2 2
left_child=5 2 3 4 -2 6 7 9 -9 10 12 -12 13 -1
right_child=1 -3 -4 -5 -6 -7 -8 8 -10 -11 11 -13 -14 -15
leaf_value=-0.0015819693705843173 0.0018706758920796851 -0.042967030453016801 -0.013666867098493154 0.0053692307932055108 -0.0098192056794409923 0.00071416200246461712 -0.0018881602188243708 0.0011664670169211949 0.0003949854577885506 -0.00029973976286636826 0.016567284137183703 0.0011668607485660688 -0.0015348319319655958 0.016854656573403692
leaf_weight=64 50 845 195 54 91 195 1105 130 585 6669 104 296 408 64
leaf_count=64 50 845 195 54 91 195 1105 130 585 6669 104 296 408 64
internal_value=-0.000446339 -0.00195547 0.000307692 0.00361538 0.000404255 -0.000252599 -0.000329444 -0.000122597 0.00182517 -0.000305721 0.00126282 0.003825 -0.000649254 0.00379687
internal_weight=10855 1235 390 195 141 9620 9425 8320 715 7605 936 400 536 128
internal_count=10855 1235 390 195 141 9620 9425 8320 715 7605 936 400 536 128
is_linear=0
shrinkage=0.03


Tree=164
num_leaves=15
num_cat=0
split_feature=27 67 14 36 42 69 19 65 29 16 22 26 28 67
split_gain=3.4103 6.2013 4.83618 3.84545 5.77308 2.87485 2.70749 5.55769 2.65195 2.73133 2.81435 2.4534 3.12068 4.18933
threshold=19.584176063537601 299.19819641113287 10281.000000000002 5.5000000000000009 0.58216583728790294 482.13027954101568 1.0000000180025095e-35 338.89653015136724 563.54193115234386 142.16970825195315 8.8598527908325213 4283.5000000000009 458.90771484375006 3974.490600585938
decision_type=2 2 2 2 2 2 2 2 2 2 2 2 2 2
left_child=1 2 -1 5 -5 -3 7 -2 -8 10 11 -10 -13 -14
right_child=6 3 -4 4 -6 -7 8 -9 9 -11 -12 12 13 -15
leaf_value=-0.0071348792633603077 0.0076377031556442883 -0.0086635229087116631 0.0055527346673283377 -0.00016138518514288759 0.0023317949343972222 0.0044086916788164277 0.00058965444062177973 -0.00063420432035553808 0.00011786422759538817 0.00069273714239066406 0.0021580792239979905 -0.00074510334660362601 7.5651281332202364e-05 0.0087626893387092158
leaf_weight=2330 50 166 130 115 126 58 455 80 1430 195 65 4940 644 71
leaf_count=2330 50 166 130 115 126 58 455 80 1430 195 65 4940 644 71
internal_value=-0.000462921 -0.00133846 -0.00193903 0.00183871 0.00446888 -0.000991072 -0.000139975 0.00415385 -0.000211539 -0.000349218 -0.000444756 -0.000501765 -0.000782494 0.00106993
internal_weight=10855 2925 2460 465 241 224 7930 130 7800 7345 7150 7085 5655 715
internal_count=10855 2925 2460 465 241 224 7930 130 7800 7345 7150 7085 5655 715
is_linear=0
shrinkage=0.03


Tree=165
num_leaves=15
num_cat=0
split_feature=27 69 25 14 40 65 69 23 22 19 65 29 16 0
split_gain=3.23744 5.35728 6.83832 2.8749 2.55701 3.23044 3.48987 3.24 2.54275 2.48326 5.04692 2.60685 2.56695 2.40985
threshold=19.584176063537601 79.972778320312514 621.73907470703136 10281.000000000002 0.4789473712444306 655.96484375000011 770.89553833007824 23.32833290100098 8.8598527908325213 1.0000000180025095e-35 338.89653015136724 563.54193115234386 142.16970825195315 650.79165649414074
decision_type=2 2 2 2 2 2 2 2 2 2 2 2 2 2
left_child=1 3 -3 -1 5 7 -7 -4 9 10 -2 -11 13 -13
right_child=8 2 4 -5 -6 6 -8 -9 -10 11 -12 12 -14 -15
leaf_value=-0.0089526293680944526 0.0074085720609749469 -0.02850838520580351 0.0010081979126828015 0.0058896289196726575 -0.004110757763311104 0.0035854141699213017 0.0015138075716808895 -0.0050051500976578183 0.0020933368472780601 0.00057196480740313697 -0.00061517819074488503 -0.0001244519939391772 0.0006719550281189462 -0.0034863751514341056
leaf_weight=1841 50 361 350 81 72 63 59 98 65 455 80 6500 195 585
leaf_count=1841 50 361 350 81 72 63 59 98 65 455 80 6500 195 585
internal_value=-0.00045463 -0.00130769 0.000469591 -0.00223517 0.0023271 0.003 0.00732787 0.00182143 -0.000139975 -0.000188812 0.00392308 -0.000257919 -0.000395605 -0.000489062
internal_weight=10855 2925 1003 1922 642 570 122 448 7930 7865 130 7735 7280 7085
internal_count=10855 2925 1003 1922 642 570 122 448 7930 7865 130 7735 7280 7085
is_linear=0
shrinkage=0.03


Tree=166
num_leaves=15
num_cat=0
split_feature=25 11 10 13 14 65 66 67 24 69 69 22 26 33
split_gain=3.05775 3.71931 5.15541 4.01322 5.66771 3.51622 3.76311 5.03471 4.86628 4.94856 3.03235 4.99767 2.99619 6.3779
threshold=1535.2022094726565 3.3650000095367436 0.66042751073837291 209.58105468750003 3111.5000000000005 1598.4306640625002 1.0000000180025095e-35 1667.079528808594 250.0059509277344 1418.9587402343752 1049.104431152344 8.2304096221923846 9026.0000000000018 57.381237030029304
decision_type=2 2 2 2 2 2 2 2 2 2 2 2 2 2
left_child=1 2 3 10 -5 6 -4 8 -8 -10 11 -1 -6 -14
right_child=-2 -3 5 4 12 -7 7 -9 9 -11 -12 -13 13 -15
leaf_value=0.00057982967523798827 -0.016963056196322997 -0.00080743464855721498 -0.0018592829982230089 -0.0030805286497326209 -0.0012085493331547056 -0.00036442718000597547 -5.4548901498203609e-05 0.0023354255186869527 0.0014432108117695985 0.0042848333715043603 -0.00047550448361828558 0.0034895672995178852 0.0011387032319506863 -0.0034405710208388895
leaf_weight=880 715 3250 274 2210 910 248 342 53 462 51 338 82 715 325
leaf_count=880 715 3250 274 2210 910 248 342 53 462 51 338 82 715 325
internal_value=-0.00043252 -0.000298817 9.57903e-05 -0.000324177 -0.000778847 0.0016993 0.00238071 0.00331057 0.00275439 0.00460234 0.00113077 0.0019896 0.000399999 0.0015
internal_weight=10855 10140 6890 5460 4160 1430 1182 908 855 513 1300 962 1950 1040
internal_count=10855 10140 6890 5460 4160 1430 1182 908 855 513 1300 962 1950 1040
is_linear=0
shrinkage=0.03


Tree=167
num_leaves=15
num_cat=0
split_feature=35 22 27 9 34 9 42 65 40 34 50 22 13 42
split_gain=3.46779 4.27137 4.15748 4.47966 4.09165 4.00083 6.4936 3.36147 5.04114 3.38806 3.26483 3.10248 3.04959 4.19639
threshold=167.48097229003909 6.8975541591644296 6.9414885044097909 0.94362270832061779 49.155429840087898 0.10282407328486444 0.81241145730018627 8.1722221374511737 0.41578947007656103 47.017225265502937 14.500000000000002 6.2985980510711679 1323.8330688476565 0.47114434838294988
decision_type=2 2 2 2 2 2 2 2 2 2 2 2 2 2
left_child=2 10 -1 11 7 6 -6 -3 9 -9 -2 -4 -7 -14
right_child=1 4 3 -5 5 12 -8 8 -10 -11 -12 -13 13 -15
leaf_value=-0.0087224038601999496 0.00030551113575469547 -0.00074840214978779491 -0.0017199001718944285 -0.0058932104905469514 -0.00090670701992376411 -0.014251524013204793 0.0023522276482510146 -0.0039376933750509468 0.0011205880573238274 0.00083236303598088898 0.006784621672161581 3.3660996979141617e-05 0.0064317864078871296 -0.0088317291984155739
leaf_weight=715 918 150 1560 585 138 910 57 103 106 96 57 5330 64 66
leaf_count=715 918 150 1560 585 138 910 57 103 106 96 57 5330 64 66
internal_value=-0.000382774 0.000557223 -0.000688645 -0.000479599 -0.00035503 -0.00125101 0.00269231 0.00207692 0.00388525 0.00107035 0.00213846 -0.000265603 -0.00199039 0.00230769
internal_weight=10855 2665 8190 7475 1690 1235 195 455 305 199 975 6890 1040 130
internal_count=10855 2665 8190 7475 1690 1235 195 455 305 199 975 6890 1040 130
is_linear=0
shrinkage=0.03


Tree=168
num_leaves=15
num_cat=0
split_feature=4 22 18 35 65 18 28 9 42 16 40 11 9 67
split_gain=3.5392 4.59816 3.39961 3.14161 4.99897 5.40826 4.32208 3.23138 3.64937 6.56757 4.7047 2.85501 3.88168 3.8003
threshold=23.103233337402347 8.1673135757446307 0.48958332836627966 167.25069427490237 120.39500045776369 0.40625000000000006 37.987070083618171 0.10282407328486444 0.68322628736495983 50.184326171875007 0.21578947454690936 3.7313889265060429 0.33637732267379766 0.9533333182334901
decision_type=2 2 2 2 2 2 2 2 2 2 2 2 2 2
left_child=2 -2 3 6 7 -6 -1 8 -5 10 -10 12 -8 -14
right_child=1 -3 -4 4 5 -7 11 -9 9 -11 -12 -13 13 -15
leaf_value=-0.0084607317443939466 0.00098542848560077573 -0.00086529083936943117 -0.0048836852427970971 -0.0001353183413644591 0.000381137962009703 0.0014531008575339672 -0.00039962916790660326 -0.0047379647057293724 0.00017933207274074069 -0.01070891013684038 0.0061623463736765922 -0.0026181158007253934 0.0011093957835716457 0.00041552922855421964
leaf_weight=715 585 260 1690 316 972 88 3315 1002 54 74 94 845 196 649
leaf_count=715 585 260 1690 316 972 88 3315 1002 54 74 94 845 196 649
internal_value=-0.000391065 0.00147337 -0.000548452 -0.00029928 0.000565384 0.00215094 -0.000692308 -0.000525975 0.00134944 0.0042973 0.00794595 -0.00038062 -5.7693e-05 0.0017574
internal_weight=10855 845 10010 8320 2600 1060 5720 1540 538 222 148 5005 4160 845
internal_count=10855 845 10010 8320 2600 1060 5720 1540 538 222 148 5005 4160 845
is_linear=0
shrinkage=0.03


Tree=169
num_leaves=15
num_cat=0
split_feature=15 14 27 67 22 34 22 35 44 40 30 34 63 40
split_gain=3.72803 4.64315 4.18112 4.52482 4.19927 3.87802 3.56047 5.10889 4.65407 7.11369 8.49681 4.04515 4.81345 6.35659
threshold=3.7441030740737919 9997.5000000000018 74.725009918212905 1872.7913818359377 7.2141883373260507 53.020620346069343 6.9723012447357187 167.48097229003909 0.6078576147556306 0.1947368457913399 0.8229166865348817 53.266767501831062 1.5573611259460451 0.52105262875556957
decision_type=2 2 2 2 2 2 2 2 2 2 2 2 2 2
left_child=1 6 4 -4 -2 -6 7 -1 -8 10 -10 12 -9 -14
right_child=2 -3 3 -5 5 -7 8 11 9 -11 -12 -13 13 -15
leaf_value=-0.00085675458249790976 -0.0013590487222207796 0.0022269517654182748 0.00045280314019398933 0.0085286869102491284 0.00011183139383802915 0.0051828721481102704 -0.0088945216348371246 0.00027645257694598264 0.00097935231638572422 -0.00079437994611485834 0.0026808556015094206 -0.001388029618436665 0.0004157922427913363 0.0014659525702364652
leaf_weight=2080 1170 195 380 75 2275 130 2405 412 285 874 76 325 112 61
leaf_count=2080 1170 195 380 75 2275 130 2405 412 285 874 76 325 112 61
internal_value=-0.000366191 -0.000793407 0.000357319 0.00306593 1.25867e-05 0.000729729 -0.000927603 -0.000160536 -0.00155769 -6.07295e-05 0.00348199 0.00171428 0.00320513 0.00740462
internal_weight=10855 6825 4030 455 3575 2405 6630 2990 3640 1235 361 910 585 173
internal_count=10855 6825 4030 455 3575 2405 6630 2990 3640 1235 361 910 585 173
is_linear=0
shrinkage=0.03


Tree=170
num_leaves=15
num_cat=0
split_feature=28 69 25 40 55 26 29 16 40 67 69 65 22 42
split_gain=3.17333 4.18153 7.13392 6.1026 4.33982 3.02621 3.61978 3.87551 5.30906 6.91545 4.18006 4.16687 3.77747 4.19853
threshold=39.440446853637702 84.500556945800795 621.73907470703136 0.2578947395086289 6.7372221946716317 4319.0000000000009 593.58334350585949 0.37635099887847906 0.27894736826419836 1112.8677978515627 1.0000000180025095e-35 850.74987792968761 7.4595966339111337 0.63405361771583568
decision_type=2 2 2 2 2 2 2 2 2 2 2 2 2 2
left_child=1 -1 -3 4 -4 -2 12 8 -8 10 -10 -12 -7 -14
right_child=5 2 3 -5 -6 6 7 -9 9 -11 11 -13 13 -15
leaf_value=-0.0079886104835586846 0.0002460496987008684 -0.046342165608954156 0.006427716014849416 -0.0002291791671628223 0.0011293913187968956 -0.0041130862438445151 -0.001837973668291954 -0.00049924126563482218 0.0076136024008155558 -0.006983688634745246 0.00044574663602204548 0.0055386801302449926 0.00025987826193402217 0.001809527945206862
leaf_weight=1508 1755 230 70 128 79 260 216 5850 50 94 102 58 266 189
leaf_count=1508 1755 230 70 128 79 260 216 5850 50 94 102 58 266 189
internal_value=-0.000377246 -0.00145161 0.000905325 0.00414801 0.00827517 -0.000132354 -0.00040861 -0.000635793 0.00184615 0.00440132 0.00742857 0.0050625 0.00161538 0.00326374
internal_weight=10855 2015 507 277 149 8840 7085 6370 520 304 210 160 715 455
internal_count=10855 2015 507 277 149 8840 7085 6370 520 304 210 160 715 455
is_linear=0
shrinkage=0.03


Tree=171
num_leaves=15
num_cat=0
split_feature=28 30 26 29 69 16 40 67 69 35 34 40 15 35
split_gain=3.22887 3.42647 2.95231 3.32585 3.77132 3.49556 4.97384 6.51771 4.50149 3.79504 4.63058 9.45476 4.45055 3.67629
threshold=39.440446853637702 0.79017856717109691 4319.0000000000009 593.58334350585949 38.491666793823249 0.37635099887847906 0.27894736826419836 1112.8677978515627 1.0000000180025095e-35 165.98194122314456 43.441123962402351 0.32105262577533727 0.34142361581325537 164.59222412109378
decision_type=2 2 2 2 2 2 2 2 2 2 2 2 2 2
left_child=1 -1 -2 4 -4 6 -5 8 -8 12 11 -11 -7 -14
right_child=2 -3 3 5 -6 9 7 -9 -10 10 -12 -13 13 -15
leaf_value=0.00046397419199672329 0.00023866820773984137 -0.021854162949926679 -0.00099455310346174071 -0.0017828344582431716 0.0011410668452557448 -0.0085339299971383033 0.0073851943287910641 -0.0067741779757028763 0.0018362229770543977 0.0021087543059283664 -0.0010236521898139208 -0.0093239565137617775 -0.00086287052741487215 0.0010864115338392248
leaf_weight=455 1755 1560 250 216 465 260 50 94 160 93 4485 102 325 585
leaf_count=455 1755 1560 250 216 465 260 50 94 160 93 4485 102 325 585
internal_value=-0.000382774 -0.0014665 -0.000135747 -0.00040861 0.00153147 -0.000626374 0.00173077 0.00420395 0.00714286 -0.000835898 -0.00121795 0.00330769 0.000692307 0.00168132
internal_weight=10855 2015 8840 7085 715 6370 520 304 210 5850 4680 195 1170 910
internal_count=10855 2015 8840 7085 715 6370 520 304 210 5850 4680 195 1170 910
is_linear=0
shrinkage=0.03


Tree=172
num_leaves=15
num_cat=0
split_feature=40 69 12 22 3 29 24 35 15 21 34 22 21 40
split_gain=3.2797 4.99357 4.65684 4.4346 9.53373 4.24209 6.6474 3.8019 4.34738 4.17145 4.68603 3.82318 5.72881 4.72742
threshold=0.10000000149011613 5301.0568847656259 712.01040649414074 8.2913475036621112 0.0031712962663732473 6193.1657714843759 235.33184814453128 167.49777984619143 4.3409490585327157 2.979233026504517 48.175102233886726 7.1822292804718026 3.9861313104629521 0.57368421554565441
decision_type=2 2 2 2 2 2 2 2 2 2 2 2 2 2
left_child=1 2 3 5 -5 -1 -7 8 -2 -9 -11 -10 13 -13
right_child=7 -3 -4 4 -6 6 -8 9 11 10 -12 12 -14 -15
leaf_value=-0.00045380070618690054 -0.0019768744069709847 0.026459314365974058 0.0068905094229017288 -0.0050461441018154127 0.0024647944703899654 -0.0039129015297990222 0.017520704546367963 0.00041015124683432157 -0.002256996896361353 0.00059242398991982798 -0.004746305484889312 0.00050929390596404572 -8.8014418834469766e-05 0.0029790108323778878
leaf_weight=1237 4620 50 70 120 90 50 53 660 660 330 1210 315 1320 70
leaf_count=1237 4620 50 70 120 90 50 53 660 660 330 1210 315 1320 70
internal_value=-0.000360664 0.000862275 0.000574073 0.000232257 0.00428571 -0.000402986 0.0054466 -0.000583017 -0.000925555 0.000504545 -0.00035065 0.000120507 0.000870967 0.00409091
internal_weight=10855 1670 1620 1550 210 1340 103 9185 6985 2200 1540 2365 1705 385
internal_count=10855 1670 1620 1550 210 1340 103 9185 6985 2200 1540 2365 1705 385
is_linear=0
shrinkage=0.03


Tree=173
num_leaves=15
num_cat=0
split_feature=40 13 9 13 35 9 14 12 40 9 12 67 13 65
split_gain=3.44463 6.05932 4.33097 4.87693 5.46616 4.22275 3.88504 4.44244 5.45105 12.8207 13.2822 4.3515 3.55574 4.37675
threshold=0.43684209883213049 2420.149291992188 0.75510418415069591 209.58105468750003 166.52777862548831 0.6387731432914735 2208.5000000000005 371.14584350585943 0.12105263024568559 0.25200231373310095 214.21875000000003 753.56289672851574 165.27069854736331 102.33889007568361
decision_type=2 2 2 2 2 2 2 2 2 2 2 2 2 2
left_child=1 2 3 4 -1 6 -5 8 9 -8 -11 -10 -6 -14
right_child=-2 -3 -4 5 12 -7 7 -9 11 10 -12 -13 13 -15
leaf_value=-0.00098418206538610918 -0.00061443010938273162 0.0017616934727056398 -0.0014022611564344287 -0.001746170112438813 0.00083738909307584989 0.00073883964223260686 5.7173392523840555e-05 -0.0012979468509387282 -0.0012218186982184962 0.024798722971911092 0.00096317642528316691 0.0020898310537608251 0.0072986799435330596 0.00017922574999488459
leaf_weight=546 3841 84 1134 1344 756 252 252 1260 706 84 72 314 85 125
leaf_count=546 3841 84 1134 1344 756 252 252 1260 706 84 72 314 85 125
internal_value=-0.000333027 6.24458e-05 -3.46327e-05 0.000297101 0.0017619 -0.000219889 -0.000455358 0.000203124 0.00134874 0.00427941 0.0110385 0.00017647 0.00311801 0.00657143
internal_weight=10855 7014 6930 5796 1512 4284 4032 2688 1428 408 156 1020 966 210
internal_count=10855 7014 6930 5796 1512 4284 4032 2688 1428 408 156 1020 966 210
is_linear=0
shrinkage=0.03


Tree=174
num_leaves=15
num_cat=0
split_feature=21 33 13 13 7 28 26 13 34 67 69 43 67 53
split_gain=4.04703 2.95718 2.92724 4.128 3.79805 5.61757 3.58789 4.38977 3.93451 3.89194 3.82633 5.31169 3.30834 3.27037
threshold=6.3301882743835458 42.447704315185554 202.67753601074222 81.78168106079103 0.37267799675464636 427.56835937500006 4283.5000000000009 1678.7527465820315 50.060602188110359 96.06555557250978 199.90444946289065 -0.84874749183654774 231.48430633544925 7.5000000000000009
decision_type=2 2 2 2 2 2 2 2 2 2 2 2 2 2
left_child=2 -2 3 -1 5 -4 10 8 -8 -9 11 -6 -12 -11
right_child=1 -3 4 -5 6 -7 7 9 -10 13 12 -13 -14 -15
leaf_value=-0.0091220940668284931 0.00055568909925092502 -0.0077985554825860358 -0.002894119300189491 0.00055670197307124787 0.0026333851433252625 0.00048225514877134643 0.00035027842326096033 -0.0021262249110796726 -0.00069219797882586148 0.0028947984535496263 0.0065844649133342259 0.00072770124953507314 -4.9607598557147566e-05 2.3266517355544829e-05
leaf_weight=390 65 1365 3055 1820 51 585 910 159 1885 112 61 76 267 54
leaf_count=390 65 1365 3055 1820 51 585 910 159 1885 112 61 76 267 54
internal_value=-0.00038001 -0.00186713 -0.000154377 0.000800904 -0.000446986 -0.00112912 0.000247552 -0.000115385 -0.000499106 0.00318461 0.00273626 0.00715748 0.00102439 0.00639759
internal_weight=10855 1430 9425 2210 7215 3640 3575 3120 2795 325 455 127 328 166
internal_count=10855 1430 9425 2210 7215 3640 3575 3120 2795 325 455 127 328 166
is_linear=0
shrinkage=0.03


Tree=175
num_leaves=15
num_cat=0
split_feature=40 9 35 33 33 16 35 0 12 9 31 21 69 27
split_gain=3.53297 4.16557 4.54469 5.02165 4.00876 3.81588 3.75572 4.5995 5.00955 4.43127 3.85739 4.56843 3.73669 3.64555
threshold=0.48947368562221533 0.94362270832061779 166.7287521362305 58.692237854003913 69.806602478027358 123.2425880432129 166.75888824462893 375.25000000000006 1007.7500305175782 0.055219909176230438 0.41032586991786962 3.5682001113891606 2093.3981933593755 83.047992706298842
decision_type=2 2 2 2 2 2 2 2 2 2 2 2 2 2
left_child=1 2 3 -1 5 13 -4 9 -9 -8 12 -12 -11 -2
right_child=4 -3 6 -5 -6 -7 7 8 -10 10 11 -13 -14 -15
leaf_value=0.00010319802668842645 -0.0032622304341457689 -0.0044112259380532943 0.00064807132164650116 -0.0040662064255112358 0.0062322001913801195 0.0019830258493289772 0.0018336886031824829 -0.0014182502424677139 0.0015385633209654994 0.00069326271360063739 0.0006052600647646634 -0.0041562854964754953 0.0063290979500336591 0.0004885176686293491
leaf_weight=2068 2628 705 188 987 72 90 564 799 94 786 846 752 60 216
leaf_count=2068 2628 705 188 987 72 90 564 799 94 786 846 752 60 216
internal_value=-0.000368955 -3.40178e-05 0.00018309 -0.000692308 -0.00124351 -0.00141513 0.000837123 0.000637528 -0.00125308 0.0011988 0.000645662 -0.000221528 0.00228369 -0.0016076
internal_weight=10855 7849 7144 3055 3006 2934 4089 3901 893 3008 2444 1598 846 2844
internal_count=10855 7849 7144 3055 3006 2934 4089 3901 893 3008 2444 1598 846 2844
is_linear=0
shrinkage=0.03


Tree=176
num_leaves=15
num_cat=0
split_feature=26 11 10 13 14 26 33 40 9 25 22 28 43 5
split_gain=3.15084 3.41814 4.89846 4.5653 5.00158 4.10453 5.70444 3.70618 15.0268 5.77778 4.31232 3.83544 10.2594 3.57354
threshold=20239.500000000004 3.3650000095367436 0.66042751073837291 209.58105468750003 3065.5000000000005 9026.0000000000018 57.381237030029304 0.10000000149011613 0.37942129373550421 1267.7920532226565 7.8468360900878915 353.11349487304693 -0.68322628736495961 25.405277252197269
decision_type=2 2 2 2 2 2 2 2 2 2 2 2 2 2
left_child=1 2 3 -1 -5 -6 -7 8 -4 -10 11 13 -13 -9
right_child=-2 -3 7 4 5 6 -8 10 9 -11 -12 12 -14 -15
leaf_value=0.0005748801959183067 -0.026628434589673785 -0.00073004933888948741 0.024220029988028535 -0.0030348197220139393 -0.001101375857383144 0.0010968852368416907 -0.0016757536956530164 -0.00014260622419363952 -0.0023049263520842898 0.0021610590948349302 -0.00072336324189776547 0.0024691481828931629 -0.00062223336094015562 0.0021471926328952445
leaf_weight=1300 390 3250 70 2275 910 715 390 495 130 50 440 50 60 330
leaf_count=1300 390 3250 70 2275 910 715 390 495 130 50 440 50 60 330
internal_value=-0.000352373 -0.000253704 0.000110186 -0.000311271 -0.000783217 0.00030521 0.00153394 0.00156 0.00492 0.000333333 0.00094909 0.0021016 0.00736364 0.0014
internal_weight=10855 10465 7215 5590 4290 2015 1105 1625 250 180 1375 935 110 825
internal_count=10855 10465 7215 5590 4290 2015 1105 1625 250 180 1375 935 110 825
is_linear=0
shrinkage=0.03


Tree=177
num_leaves=15
num_cat=0
split_feature=35 22 34 27 9 16 63 63 9 42 1 67 40 23
split_gain=4.14992 4.82763 4.70162 3.79819 4.17193 3.58916 4.13727 3.38555 3.1898 3.63776 3.67139 3.08325 3.47837 2.98501
threshold=167.48097229003909 6.8975541591644296 49.155429840087898 6.9414885044097909 0.75510418415069591 15.486951351165773 4.017777919769288 4691.2451171875009 0.57150468230247509 0.91037613153457653 118.43119430541994 299.19819641113287 0.21578947454690936 22.402916908264164
decision_type=2 2 2 2 2 2 2 2 2 2 2 2 2 2
left_child=3 7 -3 -1 8 -4 11 -2 13 10 -10 -7 -13 -5
right_child=1 2 5 4 -6 6 -8 -9 9 -11 -12 12 -14 -15
leaf_value=-0.0074768295803431173 0.00045171953477620536 0.00044657054036536647 -0.018903339802655683 -0.0014601434518765398 -0.0024553667108547757 0.0045677642588502149 -0.0099629872993368344 0.00088738446256688905 -0.00076295741229224394 0.0028927129447889276 0.00062835699739228156 0.00065239982582897867 0.0026777013151719855 4.8150444821954964e-05
leaf_weight=715 917 455 845 1755 1235 135 148 58 260 143 312 51 56 3770
leaf_count=715 917 455 845 1755 1235 135 148 58 260 143 312 51 56 3770
internal_value=-0.000324736 0.000703564 -0.000266273 -0.000659341 -0.000459532 -0.00122672 0.00115385 0.00238461 -0.000144231 0.00174126 0.000671328 0.00357025 0.00737383 -0.000388236
internal_weight=10855 2665 1690 8190 7475 1235 390 975 6240 715 572 242 107 5525
internal_count=10855 2665 1690 8190 7475 1235 390 975 6240 715 572 242 107 5525
is_linear=0
shrinkage=0.03


Tree=178
num_leaves=15
num_cat=0
split_feature=21 33 1 69 30 35 15 40 25 33 12 69 27 30
split_gain=3.99048 3.82687 3.20718 3.13095 3.06566 2.45939 4.74526 4.392 5.12825 5.64107 3.72439 6.23314 4.68613 6.39535
threshold=6.3301882743835458 42.447704315185554 1748.402038574219 2481.7956542968755 0.92857143282890331 166.50263977050784 0.34142361581325537 0.54210525751113903 329.22135925292974 68.641983032226577 402.93750000000006 1034.9138793945315 47.549922943115241 0.74107143282890331
decision_type=2 2 2 2 2 2 2 2 2 2 2 2 2 2
left_child=2 -2 5 4 -3 6 -1 10 -9 -10 11 12 -7 -14
right_child=1 3 -4 -5 -6 7 -8 8 9 -11 -12 -13 13 -15
leaf_value=-0.0074183534848009892 0.00067970509853837956 -0.010153911281961005 -0.0048275380432208411 0.0052400014167844769 0.0012708528003899833 0.00081546617633283987 2.4365089495259156e-05 0.0005950119928296438 -0.0021365677968580316 0.0059301028710193821 -0.00035153173226348849 -0.00053351885405168134 -0.0017734793187696536 0.001315526293978549
leaf_weight=780 65 1248 715 52 65 1413 2210 52 1040 52 936 958 651 618
leaf_count=780 65 1248 715 52 65 1413 2210 52 1040 52 936 958 651 618
internal_value=-0.0003275 -0.0018042 -0.000103449 -0.00214286 -0.00242879 5.51084e-05 -0.000642141 0.00041958 -0.00124301 -0.00168132 0.000835227 0.00126923 0.00201118 0.000687943
internal_weight=10855 1430 9425 1365 1313 8710 2990 5720 1144 1092 4576 3640 2682 1269
internal_count=10855 1430 9425 1365 1313 8710 2990 5720 1144 1092 4576 3640 2682 1269
is_linear=0
shrinkage=0.03


Tree=179
num_leaves=15
num_cat=0
split_feature=18 33 26 30 14 25 43 24 27 65 28 65 40 56
split_gain=3.54273 3.37724 3.13683 2.84786 2.55378 4.68082 9.80354 3.77449 5.10545 3.82426 3.74271 4.80387 3.82695 4.11249
threshold=0.55208334326744091 45.664024353027351 20239.500000000004 0.92857143282890331 1218.5000000000002 268.58322143554693 -0.52778512239456166 243.51785278320315 73.468742370605483 5184.0485839843759 49.094839096069343 102.33889007568361 0.52105262875556957 22.500000000000004
decision_type=2 2 2 2 2 2 2 2 2 2 2 2 2 2
left_child=2 -2 4 -3 -1 6 -6 9 10 -7 11 -9 13 -13
right_child=1 3 -4 -5 5 7 -8 8 -10 -11 -12 12 -14 -15
leaf_value=0.00026754306823131011 0.00065931394558222333 -0.015549907669659793 -0.024920895453885629 0.0012327272163782778 0.0021712478836828997 -0.0030558607259624005 -0.048539900771680154 -0.00098501395796456431 0.0010525537516454418 0.0012383044735569668 -0.00058438535260251564 0.0017254728699401371 -0.0023510463873655995 0.00020828207730451428
leaf_weight=2795 65 1105 325 65 62 2346 68 552 325 124 2470 308 92 153
leaf_count=2795 65 1105 325 65 62 2346 68 552 325 124 2470 308 92 153
internal_value=-0.000297099 -0.00180972 -0.000102911 -0.00217949 -1.61449e-06 -0.000327693 0.00530769 -0.000442701 0.000138461 -0.00136032 -0.000188812 0.00126244 0.0032387 0.00435358
internal_weight=10855 1235 9620 1170 9295 6500 130 6370 3900 2470 3575 1105 553 461
internal_count=10855 1235 9620 1170 9295 6500 130 6370 3900 2470 3575 1105 553 461
is_linear=0
shrinkage=0.03


Tree=180
num_leaves=15
num_cat=0
split_feature=26 40 33 34 16 11 18 3 13 13 35 29 4 14
split_gain=3.30395 2.97219 6.44925 6.59375 6.14591 4.4904 6.13879 4.24038 3.78111 4.05837 5.33377 4.64352 3.61935 3.49486
threshold=20239.500000000004 0.4052631556987763 30.3546257019043 57.903236389160163 175.63593292236331 4.4481945037841806 0.61458331346511852 4.4038543701171884 2420.149291992188 208.93702697753909 166.52777862548831 4433.8034667968759 2.395340204238892 2810.5000000000005
decision_type=2 2 2 2 2 2 2 2 2 2 2 2 2 2
left_child=1 5 -3 4 12 6 8 -5 9 10 -1 -12 -4 -11
right_child=-2 2 3 7 -6 -7 -8 -9 -10 13 11 -13 -14 -15
leaf_value=-0.0008790417582628426 -0.024834645890703545 0.00058679047398445467 -0.0019319761622317636 0.0059725292421330331 0.00065161775750611941 -0.0021871679350003912 0.0011997294522286448 -4.849072618658604e-06 0.0016979444072852626 -0.00089047610579510582 0.0022780318568870295 5.2388694150059699e-05 0.00010871530383326199 0.00044781654851543758
leaf_weight=507 390 52 3016 52 52 975 78 52 78 1833 546 312 962 1950
leaf_count=507 390 52 3016 52 52 975 78 52 78 1833 546 312 962 1950
internal_value=-0.000288808 -0.000187769 -0.000806976 -0.000939043 -0.00113151 0.000225035 0.000569004 0.00651923 0.000444316 0.000344988 0.00174725 0.00318881 -0.00126546 -0.000160984
internal_weight=10855 10465 4186 4134 4030 6279 5304 104 5226 5148 1365 858 3978 3783
internal_count=10855 10465 4186 4134 4030 6279 5304 104 5226 5148 1365 858 3978 3783
is_linear=0
shrinkage=0.03


Tree=181
num_leaves=15
num_cat=0
split_feature=25 11 9 28 13 23 69 69 69 25 25 27 69 65
split_gain=3.41354 2.65808 5.43224 4.20736 5.07828 3.32521 3.42356 4.08851 4.91195 3.16245 3.58892 3.53024 7.51116 3.89077
threshold=1535.2022094726565 3.3650000095367436 0.24851852655410769 427.56835937500006 209.58105468750003 22.402916908264164 952.16735839843761 19.552222251892093 576.63540649414074 268.58322143554693 751.63558959960949 35.384140014648445 23.622083663940433 148.81319427490237
decision_type=2 2 2 2 2 2 2 2 2 2 2 2 2 2
left_child=1 2 3 4 -1 -5 7 -7 -9 -6 -11 12 -12 -14
right_child=-2 -3 -4 5 9 6 -8 8 -10 10 11 -13 13 -15
leaf_value=0.00058307156197067247 -0.01594714400678595 -0.00065850548546154757 0.00065451075928684918 -0.0013779687190911682 0.00010119358129176442 0.00046208774820043268 -0.00016684304689487664 0.0025839837265840392 0.00093425541743731133 -0.0075690667305923576 -0.0017919277028192479 -0.0032135944142141189 0.0021157167564789317 -0.00011527101950233951
leaf_weight=910 715 3250 1755 195 65 248 261 89 117 1625 354 845 283 143
leaf_count=910 715 3250 1755 195 65 248 261 89 117 1625 354 845 283 143
internal_value=-0.00028328 -0.000142013 0.000191581 -0.000300877 -0.000699409 0.00154945 0.0024965 0.00407048 0.00719417 -0.00124434 -0.00137539 -0.000378462 0.00107692 0.00376056
internal_weight=10855 10140 6890 5135 4225 910 715 454 206 3315 3250 1625 780 426
internal_count=10855 10140 6890 5135 4225 910 715 454 206 3315 3250 1625 780 426
is_linear=0
shrinkage=0.03


Tree=182
num_leaves=15
num_cat=0
split_feature=13 40 25 0 26 7 26 36 69 15 34 15 42 15
split_gain=3.77641 13.3385 4.43461 2.94107 3.20424 4.30857 6.60081 5.57734 4.82132 5.16397 4.22656 3.66955 5.38066 6.82549
threshold=2420.149291992188 0.26842105388641363 1448.9240722656252 650.79165649414074 9026.0000000000018 0.40284535288810736 4766.0000000000009 447.50000000000006 1520.2377929687502 0.3487673699855805 49.138797760009773 0.92942994832992565 0.84874749183654796 4.2379486560821542
decision_type=2 2 2 2 2 2 2 2 2 2 2 2 2 2
left_child=2 -2 3 4 5 10 8 -8 9 -7 11 -1 -13 -14
right_child=1 -3 -4 -5 -6 6 7 -9 -10 -11 -12 12 13 -15
leaf_value=-0.0016156477822509342 0.0018670392315463902 -0.038358624751053928 -0.020357457243192652 -0.001340434364880414 0.00024657802818370733 0.0019224917389388336 -0.002332933413851213 0.0010114398454861755 -0.00056917164589785575 0.00037074570372204869 -0.0091006607372253866 5.7846997727312933e-05 0.0032501546992798418 0.0010685491391903116
leaf_weight=1040 52 78 715 845 3770 87 1040 195 227 661 1625 384 51 85
leaf_count=1040 52 78 715 845 3770 87 1040 195 227 661 1625 384 51 85
internal_value=-0.000236297 0.00484615 -0.000297903 -0.000134866 2.12759e-05 -0.000447637 0.000570135 -0.00088664 0.00241538 0.00357754 -0.00115385 -3.84623e-05 0.00201923 0.00714706
internal_weight=10855 130 10725 10010 9165 5395 2210 1235 975 748 3185 1560 520 136
internal_count=10855 130 10725 10010 9165 5395 2210 1235 975 748 3185 1560 520 136
is_linear=0
shrinkage=0.03


Tree=183
num_leaves=15
num_cat=0
split_feature=26 40 13 16 33 33 25 18 69 18 25 1 34 4
split_gain=3.51606 3.57821 7.65268 7.14037 5.23177 4.9827 8.5503 6.48923 6.44891 5.00481 3.77409 10.0513 3.88308 4.1866
threshold=20239.500000000004 0.4052631556987763 2420.149291992188 175.63593292236331 30.3546257019043 49.541347503662116 511.19509887695318 0.75000000000000011 235.37277984619143 0.55208334326744091 224.98780059814456 167.68514251708987 57.903236389160163 2.395340204238892
decision_type=2 2 2 2 2 2 2 2 2 2 2 2 2 2
left_child=1 2 5 4 -3 6 8 -8 -1 -7 11 -6 13 -12
right_child=-2 3 -4 -5 10 9 7 -9 -10 -11 12 -13 -14 -15
leaf_value=0.0021693102673163451 -0.023000468476483089 0.00048993183803556367 0.0017612494021144989 0.00089857682158073552 -0.0005805103024453291 5.0450303056012963e-05 0.00010285314314435317 0.0036588634281093779 6.8477734077914988e-07 -0.032468169999119952 -0.0040505109476861537 0.0020867596993567228 0.0052438515056131415 9.9516443819656564e-05
leaf_weight=101 390 52 78 52 104 4524 936 78 55 507 2860 52 104 962
leaf_count=101 390 52 78 52 104 4524 936 78 55 507 2860 52 104 962
internal_value=-0.000203133 -9.89018e-05 0.000354037 -0.000778309 -0.000917272 0.000236574 0.002 0.000994082 0.00853846 -0.000173525 -0.00103773 0.00353846 -0.00121956 -0.0013752
internal_weight=10855 10465 6279 4186 4134 6201 1170 1014 156 5031 4082 156 3926 3822
internal_count=10855 10465 6279 4186 4134 6201 1170 1014 156 5031 4082 156 3926 3822
is_linear=0
shrinkage=0.03


Tree=184
num_leaves=15
num_cat=0
split_feature=26 13 40 0 33 18 29 69 40 67 69 15 33 65
split_gain=3.52997 3.24268 12.5654 3.30579 3.54287 5.09942 4.15879 5.14774 5.64168 5.23316 4.81084 8.5131 4.15103 3.80501
threshold=20239.500000000004 2420.149291992188 0.26842105388641363 650.79165649414074 49.541347503662116 0.55208334326744091 5219.1750488281259 27.917916297912601 0.48947368562221533 526.89886474609386 1607.9959716796877 0.99166378378868114 50.926616668701179 1090.4824829101565
decision_type=2 2 2 2 2 2 2 2 2 2 2 2 2 2
left_child=1 3 -3 4 6 12 7 8 9 -1 -9 -12 -6 -8
right_child=-2 2 -4 -5 5 -7 13 10 -10 -11 11 -13 -14 -15
leaf_value=0.0058435335482072397 -0.022310454422188594 0.0017581905725365622 -0.037260703490585731 -0.0015641509827226984 -0.010354968809273257 -0.020281941211769301 -0.00054696432051326127 -3.2092095902512301e-05 -0.00093577928120157524 0.0072372354574444667 -0.00012851959262195596 0.0021010235018892325 6.0271896806375932e-05 0.00044887514921011724
leaf_weight=82 390 52 78 910 390 845 802 502 68 111 88 59 6370 108
leaf_count=82 390 52 78 910 390 845 802 502 68 111 88 59 6370 108
internal_value=-0.000197606 -9.31684e-05 0.00461538 -0.000152395 1.43229e-05 -0.000270218 0.0012033 0.00263736 0.0061954 0.00881347 0.00120647 0.00597959 4.43715e-06 -0.00023077
internal_weight=10855 10465 130 10335 9425 7605 1820 910 261 193 649 147 6760 910
internal_count=10855 10465 130 10335 9425 7605 1820 910 261 193 649 147 6760 910
is_linear=0
shrinkage=0.03


Tree=185
num_leaves=15
num_cat=0
split_feature=26 11 9 40 27 9 14 12 65 13 14 69 43 24
split_gain=3.41945 3.14438 5.0475 5.46764 16.0723 9.58498 5.33844 7.26516 5.39391 5.04429 6.81014 5.03355 4.67373 4.5375
threshold=20239.500000000004 3.3650000095367436 0.2455902770161629 0.16315789520740512 11.08737087249756 0.37942129373550421 2399.5000000000005 121.78125000000001 492.83596801757818 209.58105468750003 3137.0000000000005 779.22070312500011 -0.88144907355308522 278.50299072265631
decision_type=2 2 2 2 2 2 2 2 2 2 2 2 2 2
left_child=1 2 9 4 -4 13 7 -5 12 -1 -11 -10 -9 -6
right_child=-2 -3 3 6 5 -7 -8 8 11 10 -12 -13 -14 -15
leaf_value=0.00063084889372439694 -0.021641140789522929 -0.00059297403624726172 0.0044708933322331976 -0.0019346788674266134 0.00057670109280570886 -0.00080434404255464288 -0.001191649489373971 0.0020352429345759948 0.0023374386689290695 -0.0032957648104849197 0.00015288423240683298 -0.00049308507504224324 0.0031325066036794313 0.023906112929287619
leaf_weight=1170 390 3250 80 294 96 272 735 57 161 2145 1820 173 148 64
leaf_count=1170 390 3250 80 294 96 272 735 57 161 2145 1820 173 148 64
internal_value=-0.000241825 -0.000139036 0.000209978 0.00145673 0.00414844 0.00186111 0.000577805 0.00222209 0.00429128 -0.000295035 -0.000805801 0.00194012 0.00812195 0.0076875
internal_weight=10855 10465 7215 2080 512 432 1568 833 539 5135 3965 334 205 160
internal_count=10855 10465 7215 2080 512 432 1568 833 539 5135 3965 334 205 160
is_linear=0
shrinkage=0.03


Tree=186
num_leaves=15
num_cat=0
split_feature=35 65 34 10 27 10 69 70 27 40 18 28 12 15
split_gain=3.76122 4.60462 5.26569 4.57133 3.96714 4.3043 3.83327 4.86929 3.66453 3.40664 5.77303 5.99723 4.40059 3.19467
threshold=167.48097229003909 55.684444427490241 52.308176040649421 0.36117967963218695 6.9414885044097909 1.5848022699356081 105.95166778564455 1.0000000180025095e-35 48.677734375000007 0.34210526943206793 0.61458331346511852 20.062935829162601 473.69792175292974 4.3409490585327157
decision_type=2 2 2 2 2 2 2 2 2 2 2 2 2 2
left_child=4 3 6 -2 -1 9 7 -3 -8 10 11 -6 -13 -11
right_child=1 2 -4 -5 5 -7 8 -9 -10 13 -12 12 -14 -15
leaf_value=-0.0071532960645168016 0.00033861098654984701 0.00048574346374848765 -0.0016221704337650567 -0.0072189756801388574 0.0016396760893944962 -0.013112394039543443 -0.0041031259090996133 0.0020038540987743665 0.00078274826929997294 -0.0039216631161130529 0.0012791999449050613 0.00025587638405523807 -0.0015022179821983033 0.00015887559045610705
leaf_weight=715 567 154 300 984 66 520 195 192 273 2176 66 2871 528 1248
leaf_count=715 567 154 300 984 66 520 195 192 273 2176 66 2871 528 1248
internal_value=-0.00025288 0.000726078 0.00219749 -0.000330755 -0.000571429 -0.000367225 0.00344963 0.00584393 0.00167949 -0.000170382 0.000483432 0.000316017 0.0001421 -0.000844627
internal_weight=10855 2665 1114 1551 8190 7475 814 346 468 6955 3531 3465 3399 3424
internal_count=10855 2665 1114 1551 8190 7475 814 346 468 6955 3531 3465 3399 3424
is_linear=0
shrinkage=0.03


Tree=187
num_leaves=15
num_cat=0
split_feature=35 22 34 27 10 40 63 67 18 30 69 23 2 23
split_gain=3.44346 4.60609 5.19071 3.85287 4.33059 3.36282 6.06753 3.34675 3.7401 3.95248 3.28467 3.15157 4.70653 4.38646
threshold=167.48097229003909 6.8975541591644296 48.175102233886726 6.9414885044097909 1.5848022699356081 0.39473684132099157 53.372222900390632 32.09819412231446 0.42708332836627966 0.7604166865348817 1.0000000180025095e-35 22.402916908264164 271.50000000000006 22.561249732971195
decision_type=2 2 2 2 2 2 2 2 2 2 2 2 2 2
left_child=3 -2 5 -1 11 -3 -7 -4 9 -9 -11 12 -5 -13
right_child=1 2 7 4 -6 6 -8 8 -10 10 -12 13 -14 -15
leaf_value=-0.0069386971825813023 0.00052360420003648087 8.528554433537668e-05 -0.01775882999115791 0.00026567839707948717 -0.012719022218357131 0.00011377171408566865 0.0020201127745457081 -0.0066814883149328942 -0.037137039398327056 0.0058593052017084264 0.0012534130429603342 0.00079684946670422407 -0.0035955652246594102 -2.4421480567544403e-05
leaf_weight=715 975 228 534 845 520 88 74 131 241 50 344 585 1235 4290
leaf_count=715 975 228 534 845 520 88 74 131 241 50 344 585 1235 4290
internal_value=-0.000255643 0.00068105 -0.000266273 -0.00056044 -0.000359198 0.00276923 0.00607407 -0.00117692 9.39941e-05 0.00151428 0.00301523 -0.000161755 -0.00113942 0.000255384
internal_weight=10855 2665 1690 8190 7475 390 162 1300 766 525 394 6955 2080 4875
internal_count=10855 2665 1690 8190 7475 390 162 1300 766 525 394 6955 2080 4875
is_linear=0
shrinkage=0.03


Tree=188
num_leaves=15
num_cat=0
split_feature=35 22 34 10 27 40 63 67 18 30 69 23 2 23
split_gain=3.42169 4.49728 5.19071 3.64973 4.15431 3.36282 6.06753 3.34675 3.7401 3.95248 3.28467 3.04131 4.51481 3.76068
threshold=167.48097229003909 6.8975541591644296 48.175102233886726 1.5848022699356081 6.9414885044097909 0.39473684132099157 53.372222900390632 32.09819412231446 0.42708332836627966 0.7604166865348817 1.0000000180025095e-35 22.402916908264164 271.50000000000006 22.561249732971195
decision_type=2 2 2 2 2 2 2 2 2 2 2 2 2 2
left_child=3 -2 5 4 -1 -3 -7 -4 9 -9 -11 12 -6 -13
right_child=1 2 7 -5 11 6 -8 8 -10 10 -12 13 -14 -15
leaf_value=-0.0067305362671038751 0.00050789607403537254 8.2726978005321321e-05 -0.017226065091423166 -0.012337451551806405 0.00025770804516709971 0.00011035856266310872 0.0019595093913093264 -0.0064810436654849082 -0.036022928216377252 0.0056835260456571746 0.0012158106516715339 0.00077294398270309414 -0.0034876982679196283 -2.3688836150516929e-05
leaf_weight=715 975 228 534 520 845 88 74 131 241 50 344 585 1235 4290
leaf_count=715 975 228 534 520 845 88 74 131 241 50 344 585 1235 4290
internal_value=-0.000263934 0.000669793 -0.000266273 -0.000567766 -0.000402869 0.00276923 0.00607407 -0.00117692 9.39941e-05 0.00151428 0.00301523 -0.000179009 -0.00113942 0.000230769
internal_weight=10855 2665 1690 8190 7670 390 162 1300 766 525 394 6955 2080 4875
internal_count=10855 2665 1690 8190 7670 390 162 1300 766 525 394 6955 2080 4875
is_linear=0
shrinkage=0.03


Tree=189
num_leaves=15
num_cat=0
split_feature=26 16 11 11 13 14 40 2 65 69 65 36 65 69
split_gain=3.31069 2.93562 2.87781 3.94051 4.73338 4.61694 4.65538 4.0415 3.3902 3.22258 5.15886 2.92987 7.32906 2.90284
threshold=20239.500000000004 142.16970825195315 3.3650000095367436 2.3673611879348759 202.67753601074222 3065.5000000000005 0.53157895803451549 229.00000000000003 4940.6240234375009 416.86944580078131 865.48181152343761 686.00000000000011 819.90026855468761 32.073194503784187
decision_type=2 2 2 2 2 2 2 2 2 2 2 2 2 2
left_child=1 2 3 4 13 -6 7 9 11 10 -7 -4 -13 -1
right_child=-2 -3 8 -5 5 6 -8 -9 -10 -11 -12 12 -14 -15
leaf_value=0.0055065174921668306 -0.020367230680411203 0.00051635941419568402 -0.0014674765250137333 0.0005253474175856411 -0.0026945398679305952 0.0076259089661749359 -0.0037244470120188105 0.00012361737898852705 0.0036006861954752446 0.00028961514445677766 0.00035647589459342547 0.00085032678745047667 -0.00049332931038607636 0.00026500105514852323
leaf_weight=277 390 195 2895 1430 2340 76 434 1275 95 158 72 90 105 1023
leaf_count=277 390 195 2895 1430 2340 76 434 1275 95 158 72 90 105 1023
internal_value=-0.000286044 -0.000184903 -0.000254139 8.25681e-05 -0.00027321 -0.000747417 0.00030521 0.00106072 -0.00100314 0.00415686 0.00733784 -0.00117476 0.00238461 0.00131538
internal_weight=10855 10465 10270 7085 5655 4355 2015 1581 3185 306 148 3090 195 1300
internal_count=10855 10465 10270 7085 5655 4355 2015 1581 3185 306 148 3090 195 1300
is_linear=0
shrinkage=0.03


Tree=190
num_leaves=15
num_cat=0
split_feature=26 11 9 13 28 25 14 40 27 9 33 36 67 53
split_gain=3.33095 2.92094 3.6892 3.80042 4.70572 4.52308 3.57647 3.24282 12.601 4.94954 4.43334 5.96273 3.33464 3.20665
threshold=20239.500000000004 3.3650000095367436 0.2455902770161629 209.58105468750003 427.56835937500006 268.58322143554693 3137.0000000000005 0.1947368457913399 11.08737087249756 0.37942129373550421 59.155794143676765 2.5000000000000004 2128.979614257813 4.5000000000000009
decision_type=2 2 2 2 2 2 2 2 2 2 2 2 2 2
left_child=1 2 3 -1 5 -5 -7 8 -4 -10 11 -9 -13 -8
right_child=-2 -3 7 4 -6 6 13 10 9 -11 -12 12 -14 -15
leaf_value=0.00055039153621715803 -0.019756213759998874 -0.00052084274892721233 0.0036277193013235227 0.00016123025739026269 0.00042515845696004519 -0.0043938693702748497 -0.00095586644379521248 -0.00028530076126160502 0.0031376433519446903 -0.00046133665223112443 -0.00081101234068768299 0.0011066062765029397 0.0022913360274256504 0.00055222999538997802
leaf_weight=1170 390 3250 95 65 585 1950 935 368 190 323 782 268 54 430
leaf_count=1170 390 3250 95 65 585 1950 935 368 190 323 782 268 54 430
internal_value=-0.000277753 -0.000176303 0.000160082 -0.000271666 -0.000715007 -0.00114497 -0.00129864 0.00122596 0.00306908 0.00121053 0.000464673 0.00221739 0.00519876 -0.00012088
internal_weight=10855 10465 7215 5135 3965 3380 3315 2080 608 513 1472 690 322 1365
internal_count=10855 10465 7215 5135 3965 3380 3315 2080 608 513 1472 690 322 1365
is_linear=0
shrinkage=0.03


Tree=191
num_leaves=15
num_cat=0
split_feature=26 18 33 30 1 35 35 40 25 9 55 43 21 34
split_gain=3.23694 2.86442 3.66516 3.15023 2.32667 2.94775 4.47683 4.05981 6.02483 5.11943 3.6911 5.61003 3.54692 4.35519
threshold=20239.500000000004 0.55208334326744091 45.664024353027351 0.92857143282890331 1748.402038574219 166.7287521362305 166.75888824462893 0.53157895803451549 329.22135925292974 0.85192131996154796 9.8288888931274432 -0.68322628736495961 1.3910011649131777 52.02040100097657
decision_type=2 2 2 2 2 2 2 2 2 2 2 2 2 2
left_child=1 4 -3 -4 5 -1 10 12 -9 -10 11 -7 -8 -14
right_child=-2 2 3 -5 -6 6 7 8 9 -11 -12 -13 13 -15
leaf_value=-0.00043439231526419645 -0.019163527347198898 0.00064548890735122762 -0.011907679535758026 0.0019498373589357332 -0.0035606756657979481 0.00014578702951257544 0.0019414812063093213 0.00037678450891809871 -0.0026830510794511129 0.0051039184435965534 2.3760390344370565e-05 0.0012630030667267035 0.00059111862397705542 -0.0004486120939566493
leaf_weight=3640 390 65 1040 65 585 70 204 56 896 84 111 79 2448 1122
leaf_count=3640 390 65 1040 65 585 70 204 56 896 84 111 79 2448 1122
internal_value=-0.000316445 -0.000216436 -0.00161539 -0.00202263 -4.0345e-05 8.26629e-05 0.000550295 0.000343035 -0.00132046 -0.00186735 0.00438461 0.0074698 0.000799681 0.000579831
internal_weight=10855 10465 1170 1105 9295 8710 5070 4810 1036 980 260 149 3774 3570
internal_count=10855 10465 1170 1105 9295 8710 5070 4810 1036 980 260 149 3774 3570
is_linear=0
shrinkage=0.03


Tree=192
num_leaves=15
num_cat=0
split_feature=15 14 28 13 33 67 42 45 35 34 12 40 67 25
split_gain=3.81443 5.11063 4.2144 5.2042 4.72245 4.44615 4.27161 3.88054 5.64716 5.49346 3.78722 3.79294 3.7061 5.03043
threshold=3.7441030740737919 9997.5000000000018 130.03934478759768 1150.0232543945315 69.806602478027358 1667.079528808594 0.63405361771583568 0.81174489855766307 167.48097229003909 52.838809967041023 352.46875000000006 0.4052631556987763 108.19833374023439 817.68746948242199
decision_type=2 2 2 2 2 2 2 2 2 2 2 2 2 2
left_child=1 7 4 5 -2 12 -7 8 10 -10 11 -1 13 -4
right_child=2 -3 3 -5 -6 6 -8 -9 9 -11 -12 -13 -14 -15
leaf_value=7.3293894823752657e-05 -0.00027682875673136601 0.002098434415946791 0.001007057847865785 -0.0031259795656270652 0.0045979162058505541 0.0073562931790046087 0.00078109701778251062 -0.015887490850529089 0.00068286772930163046 -0.0013841320980430953 -0.0095803799471592087 -0.0060746359341610065 1.3556588962072165e-05 0.00029835534137133093
leaf_weight=2067 2470 195 193 260 130 67 63 910 780 520 975 1378 502 345
leaf_count=2067 2470 195 193 260 130 67 63 910 780 520 975 1378 502 345
internal_value=-0.000277753 -0.000709891 0.000454094 0.00176224 -0.000265385 0.00261538 0.00784615 -0.000850679 -0.00056119 0.00117692 -0.0010724 -0.000605226 0.00196154 0.00369145
internal_weight=10855 6825 4030 1430 2600 1170 130 6630 5720 1300 4420 3445 1040 538
internal_count=10855 6825 4030 1430 2600 1170 130 6630 5720 1300 4420 3445 1040 538
is_linear=0
shrinkage=0.03


Tree=193
num_leaves=15
num_cat=0
split_feature=33 33 65 21 4 33 16 64 69 67 30 16 67 33
split_gain=3.92149 5.79835 18.0786 4.12036 4.35939 3.50501 4.06317 3.25729 3.52127 4.23123 3.12891 3.19019 3.11344 5.19735
threshold=49.541347503662116 48.697675704956062 257.26916503906256 5.9733421802520761 20.981290817260746 50.926616668701179 0.37635099887847906 1.0000000180025095e-35 306.27763366699224 825.01583862304699 0.92857143282890331 142.16970825195315 77.394443511962905 69.806602478027358
decision_type=2 2 2 2 2 2 2 2 2 2 2 2 2 2
left_child=1 -1 -3 4 5 -2 -7 -6 -9 -10 11 -5 -8 -14
right_child=3 2 -4 10 7 6 12 8 9 -11 -12 -13 13 -15
leaf_value=8.8402521571844374e-05 -0.012364928666484618 0.0016786082387119311 -0.00052064571303468839 -0.0092137043841727349 0.0015975981053791553 0.0017845157444323629 -0.0014304169850157648 -0.00051033849724803316 0.00212313290329285 -0.00013771799212215834 0.0018708562062886003 0.00045126244984927796 -1.8692041186719159e-05 0.0042396103791573414
leaf_weight=1755 455 80 115 1105 309 390 2514 363 76 97 65 130 3344 57
leaf_count=1755 455 80 115 1105 309 390 2514 363 76 97 65 130 3344 57
internal_value=-0.000203133 0.00101538 0.00592308 -0.000469961 -0.000203157 -0.000457101 -0.000273593 0.0018284 0.000414178 0.00393642 -0.00203077 -0.00236842 -0.000469147 0.00012261
internal_weight=10855 1950 195 8905 7605 6760 6305 845 536 173 1300 1235 5915 3401
internal_count=10855 1950 195 8905 7605 6760 6305 845 536 173 1300 1235 5915 3401
is_linear=0
shrinkage=0.03


Tree=194
num_leaves=15
num_cat=0
split_feature=33 33 65 33 21 16 7 28 1 69 9 15 11 69
split_gain=3.63975 5.16245 15.481 4.00133 4.09178 3.16536 3.99653 3.9895 3.6407 3.32308 3.22855 3.6967 3.00279 4.25219
threshold=49.541347503662116 48.697675704956062 257.26916503906256 50.926616668701179 5.9733421802520761 0.37635099887847906 0.37267799675464636 427.56835937500006 118.43119430541994 687.72473144531261 0.0099074072204530256 5.2561080455780038 3.7825000286102299 263.07360839843756
decision_type=2 2 2 2 2 2 2 2 2 2 2 2 2 2
left_child=1 12 -3 -2 5 -5 7 10 -8 -9 11 -7 13 -1
right_child=3 2 -4 4 -6 6 8 9 -10 -11 -12 -13 -14 -15
leaf_value=0.0013650087504941588 -0.01329983690869112 0.0016282499915505715 -0.00050502634164364154 0.0017309802720993812 -0.0036468524395924123 -0.0053527152256460679 -0.00020664083026975788 0.0071350951194808047 0.00039429733525021371 0.00040003954711754445 -0.0046842658122960784 0.00042139388443260164 -0.0038057477206190822 -0.00046093342663342885
leaf_weight=725 520 80 115 390 1235 455 2275 78 1495 312 1690 455 520 510
leaf_count=725 520 80 115 390 1235 455 2275 78 1495 312 1690 455 520 510
internal_value=-0.000189314 0.000984615 0.00561538 -0.000446379 -0.000288015 -1.25881e-05 -0.000164202 -0.000983278 0.00048541 0.00184615 -0.00140769 3.29663e-05 0.000470085 0.0012753
internal_weight=10855 1950 195 8905 8385 7150 6760 2990 3770 390 2600 910 1755 1235
internal_count=10855 1950 195 8905 8385 7150 6760 2990 3770 390 2600 910 1755 1235
is_linear=0
shrinkage=0.03


Tree=195
num_leaves=15
num_cat=0
split_feature=26 40 34 69 27 0 67 17 69 33 25 69 18 0
split_gain=3.50912 2.90379 7.77174 5.86477 5.31185 7.95072 5.95467 4.56048 4.52137 4.44572 9.65694 7.06302 6.62853 4.54125
threshold=20239.500000000004 0.4052631556987763 57.903236389160163 0.56888887286186229 68.811351776123061 26.375000000000004 2313.721069335938 186.70500183105472 779.22070312500011 49.541347503662116 511.19509887695318 235.37277984619143 0.75000000000000011 30.375000000000004
decision_type=2 2 2 2 2 2 2 2 2 2 2 2 2 2
left_child=1 9 4 -4 -3 -6 7 -7 -9 10 11 -1 -12 -11
right_child=-2 2 3 -5 5 6 -8 8 -10 13 12 -13 -14 -15
leaf_value=0.0016474787903414706 -0.018270126538875234 -0.0013860312065946435 0.0053280213067261424 0.00048245992885105729 0.00051205215083769849 -0.00078800480332930328 0.0022462763953738393 0.0013606089792202157 -0.00081490350422561771 -0.0046833995837634122 4.935233274738383e-05 0.00015477880457185763 0.0037464994076653662 0.00018973867273209817
leaf_weight=101 390 3250 51 53 52 572 52 81 75 1092 936 55 78 4017
leaf_count=101 390 3250 51 53 52 572 52 81 75 1092 936 55 78 4017
internal_value=-0.000205897 -0.000101769 -0.000713809 0.00738461 -0.000920138 0.00121875 0.000461538 -0.000239012 0.00430769 0.000306258 0.00197436 0.00892308 0.000905325 -7.57494e-05
internal_weight=10855 10465 4186 104 4082 832 780 728 156 6279 1170 156 1014 5109
internal_count=10855 10465 4186 104 4082 832 780 728 156 6279 1170 156 1014 5109
is_linear=0
shrinkage=0.03


Tree=196
num_leaves=15
num_cat=0
split_feature=26 7 6 33 16 18 28 42 12 26 27 42 69 15
split_gain=3.43317 2.78134 3.71104 4.55736 4.22644 4.03852 3.61966 4.07025 4.29753 3.60919 5.85537 7.8009 5.75213 5.95141
threshold=20239.500000000004 0.40284535288810736 1.0000000180025095e-35 47.923986434936531 123.2425880432129 0.21875000000000003 360.08190917968756 0.63405361771583568 179.13542175292972 4766.0000000000009 83.047992706298842 0.35206145048141485 840.90942382812511 0.3487673699855805
decision_type=2 2 2 2 2 2 2 2 2 2 2 2 2 2
left_child=1 2 5 6 -5 -1 7 -4 -9 12 -11 -12 13 -3
right_child=-2 9 3 4 -6 -7 -8 8 -10 10 11 -13 -14 -15
leaf_value=-0.00021624575408549408 -0.017722022742708964 0.0019165276489134088 4.384927646279735e-05 -0.0030488082487277988 0.00097080319537333655 0.0014772588486823537 -0.00045194577305935442 0.0054229140204859142 0.00060069348531753281 -9.8236498470489765e-05 0.0096521363813582631 -0.00017412661047855682 -0.00015508227585480665 0.0004083323743349971
leaf_weight=845 390 75 190 3445 195 585 585 81 54 3380 56 74 384 516
leaf_count=845 390 75 190 3445 195 585 585 81 54 3380 56 74 384 516
internal_value=-0.000236297 -0.000133302 -0.000556857 -0.000975825 -0.00145055 0.000776223 0.000923076 0.00346154 0.00744444 0.000431437 -1.70947e-05 0.00623077 0.00204615 0.00390355
internal_weight=10855 10465 5980 4550 3640 1430 910 325 135 4485 3510 130 975 591
internal_count=10855 10465 5980 4550 3640 1430 910 325 135 4485 3510 130 975 591
is_linear=0
shrinkage=0.03


Tree=197
num_leaves=15
num_cat=0
split_feature=26 40 25 6 34 14 12 2 65 30 5 63 67 28
split_gain=3.33772 3.30247 4.44841 8.37681 4.53818 3.54303 4.15995 3.35005 3.19245 4.40317 4.14336 6.02985 3.59954 3.04628
threshold=20239.500000000004 0.43684209883213049 224.98780059814456 0.20833333581686023 57.903236389160163 114.50000000000001 26.260416984558109 90.500000000000014 66.53055572509767 0.85267856717109691 56.867361068725593 727.15139770507824 260.95263671875006 378.19889831542974
decision_type=2 2 2 2 2 2 2 2 2 2 2 2 2 2
left_child=1 5 3 -3 8 -1 -7 -8 -4 10 13 12 -12 -10
right_child=-2 2 4 -5 -6 6 7 -9 9 -11 11 -13 -14 -15
leaf_value=-0.033595126466729283 -0.017190362060427695 -0.014922119231562433 -0.004422735553362791 0.0014843484445212479 0.0047050815943240386 0.0020547003484739871 -0.0020909592020848643 0.00021395326543231625 -0.0037924000780843602 0.001954673424712749 0.0016515035540082084 -0.0018012309072163654 0.0017060143617281176 0.00020712632155775687
leaf_weight=294 390 69 1765 69 92 84 588 5796 1102 78 81 95 51 301
leaf_count=294 390 69 1765 69 92 84 588 5796 1102 78 81 95 51 301
internal_value=-0.000274989 -0.000173436 -0.0008936 0.0043913 -0.00109818 0.00022094 0.000367346 0.000280074 -0.00127239 -0.000347776 -0.000680982 0.00307929 0.00722727 -0.00128938
internal_weight=10855 10465 3703 138 3565 6762 6468 6384 3473 1708 1630 227 132 1403
internal_count=10855 10465 3703 138 3565 6762 6468 6384 3473 1708 1630 227 132 1403
is_linear=0
shrinkage=0.03


Tree=198
num_leaves=15
num_cat=0
split_feature=26 40 2 25 65 34 13 13 65 24 6 65 65 10
split_gain=3.31069 3.12544 3.65338 3.55194 4.41799 3.2337 2.93367 5.55058 7.76387 6.43256 4.0755 3.81274 4.12645 3.59131
threshold=20239.500000000004 0.43684209883213049 90.500000000000014 222.96279144287112 2.3236111402511601 57.903236389160163 208.93702697753909 165.27069854736331 257.26916503906256 232.2247009277344 0.20833333581686023 1490.5090332031252 4035.996948242188 0.48142823576927191
decision_type=2 2 2 2 2 2 2 2 2 2 2 2 2 2
left_child=1 2 -1 4 -3 -5 7 11 9 -9 -8 -4 13 -13
right_child=-2 3 6 5 -6 -7 10 8 -10 -11 -12 12 -14 -15
leaf_value=-0.0014983050354839111 -0.016674651198614849 0.0013416078116686946 -6.3622246665974818e-05 -0.00071082897736274699 -0.01317685562227615 0.0045639291464943275 -0.00073176041998617857 0.0067426956819041676 6.7247102202996163e-05 0.0051136625703546807 0.0004125318982533448 0.0074660405518592061 -0.0048347371017567883 0.0019783857021719383
leaf_weight=966 390 65 916 3496 50 92 2646 60 170 106 1722 55 52 69
leaf_count=966 390 65 916 3496 50 92 2646 60 170 106 1722 55 52 69
internal_value=-0.000286044 -0.000184903 0.000198757 -0.000885499 0.00430435 -0.00105184 0.000483436 0.00166386 0.00503571 0.0096506 9.75268e-05 0.000626373 0.00467045 0.00764516
internal_weight=10855 10465 6762 3703 115 3588 5796 1428 336 166 4368 1092 176 124
internal_count=10855 10465 6762 3703 115 3588 5796 1428 336 166 4368 1092 176 124
is_linear=0
shrinkage=0.03


Tree=199
num_leaves=15
num_cat=0
split_feature=26 4 67 67 27 33 2 40 33 25 42 18 30 33
split_gain=3.22361 2.81459 3.16243 6.94477 4.80027 2.84117 3.49944 3.43139 4.86357 4.08842 7.60243 4.31661 3.31244 3.01995
threshold=20239.500000000004 23.103233337402347 419.41889953613287 284.62625122070318 57.567893981933601 49.541347503662116 92.000000000000014 0.4052631556987763 30.3546257019043 511.19509887695318 0.84874749183654796 0.75000000000000011 0.92857143282890331 50.926616668701179
decision_type=2 2 2 2 2 2 2 2 2 2 2 2 2 2
left_child=1 5 3 4 -3 7 12 9 -9 10 -1 -11 -7 -8
right_child=-2 2 -4 -5 -6 6 13 8 -10 11 -12 -13 -14 -15
leaf_value=2.7552185870883941e-05 -0.016174411662656398 7.6348919128922991e-05 -0.00016421602353617731 0.0020425258864462535 0.00058198420800872788 -0.022345116652400847 -0.0088569452837694903 0.00050740066052171076 -0.00052205996805287469 0.00025455585617440671 0.0021709148813172652 0.003569197719680089 0.0020198659435269129 -8.397763757226919e-05
leaf_weight=88 390 372 333 57 83 1040 390 52 702 897 68 78 65 6240
leaf_count=88 390 372 333 57 83 1040 390 52 702 897 68 78 65 6240
internal_value=-0.000321972 -0.00022217 0.00143787 0.00291797 0.00168132 -0.000367984 -0.000622496 0.000676392 -0.000891247 0.00172148 0.00623077 0.000999999 -0.00218552 -0.000361992
internal_weight=10855 10465 845 512 455 9620 7735 1885 754 1131 156 975 1105 6630
internal_count=10855 10465 845 512 455 9620 7735 1885 754 1131 156 975 1105 6630
is_linear=0
shrinkage=0.03


Tree=200
num_leaves=15
num_cat=0
split_feature=18 36 2 42 30 25 63 40 35 53 14 16 67 34
split_gain=3.22254 3.70256 3.69939 3.6773 3.07202 3.0254 3.84826 4.46494 4.03694 3.38713 3.50757 3.73646 3.67231 3.1363
threshold=0.48958332836627966 475.50000000000006 271.50000000000006 0.2269546836614609 0.92857143282890331 425.73828125000006 1.5573611259460451 0.26842105388641363 166.99986267089847 13.500000000000002 9997.5000000000018 32.45460224151612 125.37777709960939 53.020620346069343
decision_type=2 2 2 2 2 2 2 2 2 2 2 2 2 2
left_child=2 4 -1 -3 -2 6 -4 -8 -9 10 -7 12 -12 -11
right_child=1 3 5 -5 -6 9 7 8 -10 13 11 -13 -14 -15
leaf_value=0.00031201869355845124 -0.0095252036117364249 -0.0042598889686538436 -0.00059501057187763789 0.0026489880254845673 0.0019592699652210932 -0.0012259059618879025 -0.00092792846842978233 0.001012660853087628 0.0013023167782321287 1.3118363291475736e-05 0.00032816893111980544 -0.0024292035601724583 0.0037049250400789358 0.00057711874840901017
leaf_weight=3445 1495 72 400 123 65 3518 107 156 117 850 142 180 60 125
leaf_count=3445 1495 72 400 123 65 3518 107 156 117 850 142 180 60 125
internal_value=-0.000335791 -0.00151282 -0.000108792 0.00238461 -0.002 -0.000580903 0.00115385 0.00331579 0.00535165 -0.000858462 -0.00125385 0.00147644 0.00427723 0.000723076
internal_weight=10855 1755 9100 195 1560 5655 780 380 273 4875 3900 382 202 975
internal_count=10855 1755 9100 195 1560 5655 780 380 273 4875 3900 382 202 975
is_linear=0
shrinkage=0.03


Tree=201
num_leaves=15
num_cat=0
split_feature=26 40 14 12 2 18 67 33 34 63 30 67 25 65
split_gain=3.28377 3.24103 3.48471 6.74584 3.03869 3.10559 3.14325 2.97468 2.83684 2.78519 5.06796 7.45467 3.9744 2.64113
threshold=20239.500000000004 0.43684209883213049 114.50000000000001 26.260416984558109 90.500000000000014 0.61458331346511852 88.398193359375014 31.187319755554203 57.903236389160163 31.086527824401859 0.83035713434219371 0.93055555224418651 224.98780059814456 763.67001342773449
decision_type=2 2 2 2 2 2 2 2 2 2 2 2 2 2
left_child=1 2 -1 -4 -5 -6 -7 -3 9 13 12 -12 -11 -9
right_child=-2 7 3 4 5 6 -8 8 -10 10 11 -13 -14 -15
leaf_value=-0.03158621391373876 -0.015652402133920079 0.0004822258489489428 0.002616567637932369 -0.0016506194640655361 0.00014654245410541158 0.00027958253384278525 0.0016393742107907103 -0.0047580663081443044 0.0044201700404198968 0.0012663715201393267 0.0035190414223608153 -0.00022168953440132851 -0.00071047110935039523 7.6860246646719791e-05
leaf_weight=294 390 69 84 588 5670 70 56 1564 92 73 62 88 1417 338
leaf_count=294 390 69 84 588 5670 70 56 1564 92 73 62 88 1417 338
internal_value=-0.000297099 -0.00019637 0.00019432 0.000339517 0.000228383 0.000436852 0.00509524 -0.000909804 -0.00102697 -0.00116206 -0.000256098 0.005 -0.000785236 -0.00194322
internal_weight=10855 10465 6762 6468 6384 5796 126 3703 3634 3542 1640 150 1490 1902
internal_count=10855 10465 6762 6468 6384 5796 126 3703 3634 3542 1640 150 1490 1902
is_linear=0
shrinkage=0.03


Tree=202
num_leaves=15
num_cat=0
split_feature=26 40 14 12 27 27 13 13 24 69 11 13 33 27
split_gain=3.34449 2.75877 3.47504 6.75325 3.41706 9.1023 3.02938 3.2043 3.9544 4.43238 3.45643 3.09476 2.58294 3.01964
threshold=20239.500000000004 0.43684209883213049 114.50000000000001 26.260416984558109 83.047992706298842 84.645153045654311 81.78168106079103 208.93702697753909 327.95832824707037 952.16735839843761 4.0865275859832773 361.44805908203131 69.806602478027358 20.491291999816898
decision_type=2 2 2 2 2 2 2 2 2 2 2 2 2 2
left_child=1 2 -1 -4 12 -6 -5 8 9 10 -8 -9 13 -3
right_child=-2 4 3 6 5 -7 7 11 -10 -11 -12 -13 -14 -15
leaf_value=-0.030638627496326589 -0.015182830069902476 -0.0072093952585978371 0.0025380706087944106 -0.012134363949851875 0.00049752793995923544 -0.00027450614918201276 0.003351528846071399 -0.0014727451519235702 -0.0026226622226747029 7.4220833113776782e-05 -0.00095176249722654703 0.00019966095924483222 0.0042875649392073089 -0.00024546219390686241
leaf_weight=294 390 874 84 252 69 253 564 1050 252 499 113 3654 92 2415
leaf_count=294 390 874 84 252 69 253 564 1050 252 499 113 3654 92 2415
internal_value=-0.000272225 -0.000170569 0.000189884 0.000334879 -0.000828788 0.00212422 0.000223683 0.000356164 0.00160084 0.00233163 0.00391285 -2.16844e-05 -0.00111003 -0.00124871
internal_weight=10855 10465 6762 6468 3703 322 6384 6132 1428 1176 677 4704 3381 3289
internal_count=10855 10465 6762 6468 3703 322 6384 6132 1428 1176 677 4704 3381 3289
is_linear=0
shrinkage=0.03


Tree=203
num_leaves=15
num_cat=0
split_feature=15 14 45 35 34 69 63 40 15 40 12 63 40 22
split_gain=3.7239 4.8512 3.62837 4.72698 4.20013 3.91703 4.48198 3.62326 3.59788 5.75294 3.54015 3.53332 3.9954 3.51805
threshold=3.7441030740737919 9997.5000000000018 0.81174489855766307 167.48097229003909 52.838809967041023 46.611944198608406 1.5573611259460451 0.14210525900125506 4.1562125682830819 0.23684210330247882 352.46875000000006 518.61334228515636 0.22631578892469409 7.2141883373260507
decision_type=2 2 2 2 2 2 2 2 2 2 2 2 2 2
left_child=1 2 3 10 5 6 7 -5 9 -2 -1 12 -3 -10
right_child=8 11 -4 4 -6 -7 -8 -9 13 -11 -12 -13 -14 -15
leaf_value=-0.00042587972527882375 0.0070412060063366746 0.0037071453688969766 -0.01497869431841482 0.0059050532676339492 -0.0012476790163940407 0.00010892939573842268 0.0016808611112160143 0.00013966392334927944 -0.00066861766429770727 0.000239922320430114 -0.0091516387714571726 0.006379343900429363 -0.0036285344936822219 0.00025882450164958055
leaf_weight=3445 69 66 910 65 520 437 82 196 1300 126 975 50 79 2535
leaf_count=3445 69 66 910 65 520 437 82 196 1300 126 975 50 79 2535
internal_value=-0.000313681 -0.00074066 -0.000877829 -0.000597903 0.000992307 0.00238461 0.00478426 0.00286207 0.000409429 0.00438461 -0.00106561 0.00392308 0.00155172 0.0002073
internal_weight=10855 6825 6630 5720 1300 780 343 261 4030 195 4420 195 145 3835
internal_count=10855 6825 6630 5720 1300 780 343 261 4030 195 4420 195 145 3835
is_linear=0
shrinkage=0.03


Tree=204
num_leaves=15
num_cat=0
split_feature=26 40 34 68 34 34 9 15 12 13 13 65 13 45
split_gain=3.27706 2.72415 4.69461 4.6148 8.45227 5.96958 3.73371 3.23595 3.07875 2.52107 4.57104 11.4436 9.00023 4.92997
threshold=20239.500000000004 0.48947368562221533 57.903236389160163 1.0000000180025095e-35 46.003393173217781 43.441123962402351 0.94362270832061779 4.3409490585327157 290.33332824707037 202.67753601074222 165.27069854736331 257.26916503906256 184.7571716308594 0.81174489855766307
decision_type=2 2 2 2 2 2 2 2 2 2 2 2 2 2
left_child=1 6 3 4 5 -3 9 -6 -9 10 13 12 -12 -1
right_child=-2 2 -4 -5 7 -7 -8 8 -10 -11 11 -13 -14 -15
leaf_value=0.00067775003780274777 -0.014452796004661672 0.00044358962241110685 0.0044507862597039606 -0.0014260295824320213 -0.024616043196413279 0.0018029363202142967 -0.0032815360788582418 0.0046020480113677003 -0.00095392511969068271 -8.9516500399287631e-06 0.0063985240687127205 -0.0005646010369262075 0.0049956199825171256 -0.0085336903360152087
leaf_weight=1175 390 59 72 2347 249 54 705 54 63 5076 56 175 98 282
leaf_count=1175 390 59 72 2347 249 54 705 54 63 5076 56 175 98 282
internal_value=-0.000299863 -0.000199236 -0.000981367 -0.0011741 0.00150939 0.00868142 0.000100303 -0.000704919 0.00341026 0.000313902 0.00128331 0.0044772 0.0104416 0.000562113
internal_weight=10855 10465 2898 2826 479 113 7567 366 117 6862 1786 329 154 1457
internal_count=10855 10465 2898 2826 479 113 7567 366 117 6862 1786 329 154 1457
is_linear=0
shrinkage=0.03


Tree=205
num_leaves=15
num_cat=0
split_feature=26 40 33 14 12 40 13 14 27 3 63 65 10 42
split_gain=3.26366 2.56286 5.01184 3.57773 5.07302 5.29 3.33215 4.33356 2.93828 5.79073 2.86275 3.4441 6.63006 4.88387
threshold=20239.500000000004 0.52105262875556957 69.806602478027358 114.50000000000001 26.260416984558109 0.2578947395086289 81.78168106079103 815.00000000000011 54.403757095336921 5.0863656997680673 1423.3999633789065 248.91180419921878 1.0611740350723269 0.68322628736495983
decision_type=2 2 2 2 2 2 2 2 2 2 2 2 2 2
left_child=1 3 8 -1 5 -5 -6 10 -3 -10 11 12 13 -8
right_child=-2 2 -4 4 6 -7 7 -9 9 -11 -12 -13 -14 -15
leaf_value=-0.026707019360242498 -0.014019212124521823 -0.0035472797699989032 0.004486401060650182 0.0023016692946662026 -0.012666545292789396 -0.00045895063982633429 -0.0003755731973636999 -1.2202908431631713e-05 -0.00012886059964858405 0.0012625209775851706 -0.0010484324949340601 0.00091046803805321964 0.0020785635963924192 0.0027684446380560309
leaf_weight=350 390 1515 60 50 300 50 108 6350 750 90 170 485 66 121
leaf_count=350 390 1515 60 50 300 50 108 6350 750 90 170 485 66 121
internal_value=-0.00030539 -0.00020497 -0.00106211 5.21732e-05 0.000187012 0.0069 9.86835e-05 0.000226027 -0.00128026 0.000142856 0.00211579 0.00288461 0.00544068 0.0030262
internal_weight=10855 10465 2415 8050 7700 100 7600 7300 2355 840 950 780 295 229
internal_count=10855 10465 2415 8050 7700 100 7600 7300 2355 840 950 780 295 229
is_linear=0
shrinkage=0.03


Tree=206
num_leaves=15
num_cat=0
split_feature=26 18 22 40 34 65 63 9 65 28 67 22 69 26
split_gain=3.25028 2.48161 3.18417 5.95202 3.16068 4.70405 5.7335 2.66999 5.90508 3.0712 3.40795 4.22826 3.06343 2.9995
threshold=20239.500000000004 0.55208334326744091 8.6991891860961932 0.27894736826419836 47.295478820800788 171.75416564941409 168.12430572509768 0.36548610031604772 4940.6240234375009 458.90771484375006 3974.490600585938 6.6388230323791513 1034.9138793945315 5659.5000000000009
decision_type=2 2 2 2 2 2 2 2 2 2 2 2 2 2
left_child=1 2 7 -4 5 6 -3 9 13 -1 11 -11 -13 -9
right_child=-2 4 3 -5 -6 -7 -8 8 -10 10 -12 12 -14 -15
leaf_value=-0.00042047355309806012 -0.013598635760786171 0.0024038125107869314 -0.0059092899761949433 0.0038963834486357663 -0.030665456597651995 -0.0027045653863004972 -0.0031498464039800412 0.00095296470723538846 0.0014634452140877862 -0.0013356301553702438 0.0063725962513771339 0.0011973203166567605 -0.0091362446300831419 -2.4862451352454801e-05
leaf_weight=5135 390 95 54 76 780 242 53 626 57 402 94 285 64 2502
leaf_count=5135 390 95 54 76 780 242 53 626 57 402 94 285 64 2502
internal_value=-0.000310917 -0.000210703 -4.68001e-05 0.00461538 -0.00151282 0.000692307 0.0049054 -0.00011293 0.000588696 -0.000486623 0.00118935 0.000515312 0.00293123 0.000414322
internal_weight=10855 10465 9295 130 1170 390 148 9165 3185 5980 845 751 349 3128
internal_count=10855 10465 9295 130 1170 390 148 9165 3185 5980 845 751 349 3128
is_linear=0
shrinkage=0.03


Tree=207
num_leaves=15
num_cat=0
split_feature=37 26 18 34 65 63 69 65 2 1 15 22 14 25
split_gain=6.89182 3.18963 2.71564 4.14781 4.45931 3.75032 3.61788 4.33362 2.58308 3.25153 3.79631 4.85035 4.59893 5.22102
threshold=1.0000000180025095e-35 20239.500000000004 0.55208334326744091 47.295478820800788 682.45928955078136 168.12430572509768 388.71499633789068 171.75416564941409 271.50000000000006 114.39328765869142 5.2561080455780038 7.2141883373260507 9997.5000000000018 425.73828125000006
decision_type=2 2 2 2 2 2 2 2 2 2 2 2 2 2
left_child=1 2 8 4 5 6 7 -4 -1 -10 12 -12 13 -11
right_child=-2 -3 3 -5 -6 -7 -8 -9 9 10 11 -13 -14 -15
leaf_value=0.00023716160942555508 0.0011519884684172829 -0.013190676687962585 0.0017754961491467647 -0.035969626042314622 -0.0090575145921413022 -0.003113679289783843 0.0053674381916003428 -0.0040011680519658165 -0.00097746075645563282 0.00071803550462698224 -0.00062479612556286485 0.00055522038516004713 0.0019085394843674026 -0.0014594278758499138
leaf_weight=3510 65 390 60 715 160 59 53 58 1625 325 390 1040 195 2210
leaf_count=3510 65 390 60 715 160 59 53 58 1625 325 390 1040 195 2210
internal_value=-0.000277753 -0.000336423 -0.000236539 -0.00164253 0.000846153 0.00352174 0.00577193 0.00284746 -6.93929e-05 -0.000458946 -1.44238e-05 0.00123776 -0.00067033 -0.00101184
internal_weight=10855 10790 10400 1105 390 230 171 118 9295 5785 4160 1430 2730 2535
internal_count=10855 10790 10400 1105 390 230 171 118 9295 5785 4160 1430 2730 2535
is_linear=0
shrinkage=0.03


Tree=208
num_leaves=15
num_cat=0
split_feature=37 26 18 34 65 63 69 65 40 34 27 3 35 13
split_gain=6.91531 3.14981 2.54662 4.31538 4.49386 3.78519 3.53478 4.33362 2.63385 5.54591 3.61491 5.62978 2.71298 3.65234
threshold=1.0000000180025095e-35 20239.500000000004 0.55208334326744091 47.295478820800788 710.00817871093761 168.12430572509768 388.71499633789068 171.75416564941409 0.52105262875556957 57.224985122680671 54.403757095336921 5.0863656997680673 166.50263977050784 206.73212432861331
decision_type=2 2 2 2 2 2 2 2 2 2 2 2 2 2
left_child=1 2 8 4 5 6 7 -4 12 10 -10 -12 -1 -14
right_child=-2 -3 3 -5 -6 -7 -8 -9 9 -11 11 -13 13 -15
leaf_value=-0.00037448793264376268 0.001117428814364759 -0.012794956387323714 0.0017222312646723557 -0.034890537261045185 -0.0091434426228964756 -0.0030202689110903395 0.0051167380857369557 -0.0038811330104068418 -0.0038058517801308448 0.0040926381818116916 -7.8737785330091378e-05 0.0012067553470942094 0.00097695305669321482 2.9048353323599816e-05
leaf_weight=2400 65 390 60 715 157 59 56 58 1260 75 720 90 1250 3500
leaf_count=2400 65 390 60 715 157 59 56 58 1260 75 720 90 1250 3500
internal_value=-0.000294335 -0.000353105 -0.000253847 -0.00161539 0.000923076 0.00356652 0.0057931 0.00284746 -9.19857e-05 -0.00101399 -0.00130435 0.000259259 0.000184615 0.000599999
internal_weight=10855 10790 10400 1105 390 233 174 118 9295 2145 2070 810 7150 4750
internal_count=10855 10790 10400 1105 390 233 174 118 9295 2145 2070 810 7150 4750
is_linear=0
shrinkage=0.03


Tree=209
num_leaves=15
num_cat=0
split_feature=37 18 2 36 30 42 23 1 1 12 40 27 69 69
split_gain=6.93491 3.27534 3.35731 3.27523 3.59793 3.26904 2.87745 3.42254 5.05479 5.44427 4.7965 7.32656 4.43206 5.26763
threshold=1.0000000180025095e-35 0.48958332836627966 271.50000000000006 475.50000000000006 0.92857143282890331 0.2269546836614609 22.254583358764652 145.79148101806643 1748.402038574219 248.52083587646487 0.10000000149011613 44.908422470092781 803.95623779296886 46.611944198608406
decision_type=2 2 2 2 2 2 2 2 2 2 2 2 2 2
left_child=1 2 -1 4 -3 -5 -4 10 9 -9 11 -8 13 -11
right_child=-2 3 6 5 -6 -7 7 8 -10 12 -12 -13 -14 -15
leaf_value=0.00023966447584646995 0.001083905949933804 -0.010753543144518561 -0.0010250761903601207 -0.0041273265874058078 0.0016271427618297096 0.0023575303387647147 0.0060745623443185662 -0.00045236176524412434 -0.0037128878100490259 9.0122802773655739e-05 -0.003106145395566712 -0.0070921315066342361 -0.00062422130243941119 0.0014297423898956821
leaf_weight=3445 65 1430 1365 72 65 123 80 975 520 623 1045 110 362 575
leaf_count=3445 65 1430 1365 72 65 123 80 975 520 623 1045 110 362 575
internal_value=-0.000308154 -0.000367007 -0.000141759 -0.00157988 -0.00205686 0.00207692 -0.000591513 -0.000209791 0.000328968 0.000881656 -0.00154251 0.0028421 0.00198077 0.00285977
internal_weight=10855 10790 9100 1690 1495 195 5655 4290 3055 2535 1235 190 1560 1198
internal_count=10855 10790 9100 1690 1495 195 5655 4290 3055 2535 1235 190 1560 1198
is_linear=0
shrinkage=0.03


Tree=210
num_leaves=15
num_cat=0
split_feature=37 4 25 67 27 40 35 34 22 25 27 69 33 13
split_gain=6.83717 3.45583 3.50782 3.49761 3.96815 2.91241 4.27914 5.88037 7.9777 3.64129 4.00323 4.16165 3.55336 7.76013
threshold=1.0000000180025095e-35 23.103233337402347 1535.2022094726565 718.53085327148449 56.715826034545906 0.11052631586790086 167.49777984619143 49.504472732543952 6.6035985946655282 1122.7296142578127 12.397024154663088 5645.4494628906259 49.541347503662116 148.33680725097659
decision_type=2 2 2 2 2 2 2 2 2 2 2 2 2 2
left_child=1 2 5 4 -3 9 -7 -8 -9 10 -1 12 13 -12
right_child=-2 3 -4 -5 -6 6 7 8 -10 -11 11 -13 -14 -15
leaf_value=0.0017433759590577403 0.0010513887714357802 0.00064868610929519474 -0.012071494966092422 -0.00066904844026034554 0.00036853500460753529 -0.00056282441056080613 0.00094505933718280223 0.00070620065459125049 -0.0052993200272089631 0.0066935461318539955 0.016093858455376107 0.02333338597877363 -0.00091416849878366653 6.9028485125377509e-05
leaf_weight=154 65 494 650 233 118 5778 540 432 972 55 55 53 1020 236
leaf_count=154 65 494 650 233 118 5778 540 432 972 55 55 53 1020 236
internal_value=-0.000239061 -0.000297498 -0.000453998 0.00154438 0.00273529 -0.000305003 -0.000544678 0.000672839 -0.000350428 0.000871582 0.000596837 7.91782e-05 -0.000254005 0.0026701
internal_weight=10855 10790 9945 845 612 9295 7722 1944 1404 1573 1518 1364 1311 291
internal_count=10855 10790 9945 845 612 9295 7722 1944 1404 1573 1518 1364 1311 291
is_linear=0
shrinkage=0.03


Tree=211
num_leaves=15
num_cat=0
split_feature=37 26 18 34 65 63 40 34 35 13 29 65 35 4
split_gain=6.87618 3.21633 3.08671 3.66501 5.13694 5.7305 2.8297 4.58506 3.02931 3.75767 4.39812 5.52448 8.48703 4.11312
threshold=1.0000000180025095e-35 20239.500000000004 0.55208334326744091 47.295478820800788 195.2961120605469 168.12430572509768 0.55263158679008495 57.224985122680671 166.50263977050784 209.58105468750003 4023.507934570313 10.730556011199953 167.29486083984378 20.981290817260746
decision_type=2 2 2 2 2 2 2 2 2 2 2 2 2 2
left_child=1 2 6 4 5 -4 8 -8 -1 10 11 12 -10 -11
right_child=-2 -3 3 -5 -6 -7 7 -9 9 13 -12 -13 -14 -15
leaf_value=-0.00036067131478555625 0.0010198471082927048 -0.01198801282281735 0.0021357734556066064 -0.033447489750268414 -0.0044212524289004912 -0.002948498628804812 -0.0011230607219510779 0.0039105614228209084 0.0061950805188126347 -0.00010753980115086418 -5.050133922845035e-06 0.0013552950949080715 0.0019990977083639869 0.00048433455328918557
leaf_weight=2544 65 390 98 715 239 53 1656 60 57 3180 583 597 141 477
leaf_count=2544 65 390 98 715 239 53 1656 60 57 3180 583 597 141 477
internal_value=-0.000266698 -0.000325302 -0.000225001 -0.00172398 0.000615384 0.00494702 -4.68001e-05 -0.00114685 0.000202269 0.000628599 0.00196371 0.00341509 0.00775758 0.000125512
internal_weight=10855 10790 10400 1105 390 151 9295 1716 7579 5035 1378 795 198 3657
internal_count=10855 10790 10400 1105 390 151 9295 1716 7579 5035 1378 795 198 3657
is_linear=0
shrinkage=0.03


Tree=212
num_leaves=15
num_cat=0
split_feature=37 26 18 34 65 63 6 65 40 9 15 12 42 65
split_gain=6.90747 3.16305 2.99241 3.66501 5.13694 5.7305 2.41485 5.37219 3.45148 3.27611 4.0253 3.30929 5.94978 3.18428
threshold=1.0000000180025095e-35 20239.500000000004 0.55208334326744091 47.295478820800788 195.2961120605469 168.12430572509768 0.20833333581686023 4940.6240234375009 0.026315789669752124 0.055219909176230438 22.398205757141117 94.354167938232436 0.84874749183654796 978.07763671875011
decision_type=2 2 2 2 2 2 2 2 2 2 2 2 2 2
left_child=1 2 6 4 5 -4 9 8 -8 11 -11 12 -1 -12
right_child=-2 -3 3 -5 -6 -7 7 -9 -10 10 13 -13 -14 -15
leaf_value=0.00074889869159103955 0.00098925169504393627 -0.011628372438132835 0.0020717002519384199 -0.032444065057760353 -0.0042886148560334703 -0.0028600436699406664 0.0034560381468815905 0.0014404915299516296 2.6298777724385047e-05 -0.0023231479775247628 0.0054892652642248687 -5.2624146354366047e-07 0.003420571894800268 -0.00012320320111408392
leaf_weight=144 65 390 98 715 239 53 183 57 3725 2730 88 2210 51 107
leaf_count=144 65 390 98 715 239 53 183 57 3725 2730 88 2210 51 107
internal_value=-0.000288808 -0.000347545 -0.000248078 -0.00172398 0.000615384 0.00494702 -7.26204e-05 0.000488019 0.000354656 -0.000489682 -0.0011641 0.000330561 0.00407692 0.003
internal_weight=10855 10790 10400 1105 390 151 9295 3965 3908 5330 2925 2405 195 195
internal_count=10855 10790 10400 1105 390 151 9295 3965 3908 5330 2925 2405 195 195
is_linear=0
shrinkage=0.03


Tree=213
num_leaves=15
num_cat=0
split_feature=37 26 4 67 27 67 67 34 18 24 69 65 25 22
split_gain=6.90747 3.16305 2.6652 3.1119 3.95348 2.97255 4.2736 2.80279 5.38782 4.16329 11.4371 5.01392 6.93333 3.23556
threshold=1.0000000180025095e-35 20239.500000000004 23.103233337402347 718.53085327148449 56.715826034545906 277.36666870117193 419.41889953613287 46.633069992065437 0.53125000000000011 248.05803680419925 1418.9587402343752 181.57167053222659 722.51980590820324 7.4101197719573983
decision_type=2 2 2 2 2 2 2 2 2 2 2 2 2 2
left_child=1 2 7 4 5 -4 -7 9 -9 -1 11 12 -11 -14
right_child=-2 -3 3 -5 -6 6 -8 8 -10 10 -12 -13 13 -15
leaf_value=-0.00030148881104292258 0.00095957414419261492 -0.011279521264988853 -2.2356128487278584e-05 -0.00070587595912228269 0.00034215995453889647 0.0023698122059764601 5.6285129558580973e-05 -0.00015949229517257633 -0.024814239093247439 0.0017788450043985237 0.00260007545367063 -0.0010521429259222103 -0.042299630145423102 0.0037931093524445855
leaf_weight=1040 65 390 367 233 118 56 71 7020 780 50 74 266 91 234
leaf_count=1040 65 390 367 233 118 56 71 7020 780 50 74 266 91 234
internal_value=-0.000288808 -0.000347545 -0.000248078 0.00136686 0.0024902 0.00131174 0.00526772 -0.000390896 -0.000634616 0.000692307 0.00245454 0.00116537 0.0034 0.0018
internal_weight=10855 10790 10400 845 612 494 127 9555 7800 1755 715 641 375 325
internal_count=10855 10790 10400 845 612 494 127 9555 7800 1755 715 641 375 325
is_linear=0
shrinkage=0.03


Tree=214
num_leaves=15
num_cat=0
split_feature=37 26 18 34 65 63 69 65 40 9 25 6 27 13
split_gain=5.6686 3.16305 2.46727 4.48627 4.67182 3.93508 3.34113 4.2615 2.37037 3.87618 3.13889 6.22222 3.81453 5.50476
threshold=1.0000000180025095e-35 20239.500000000004 0.55208334326744091 47.295478820800788 710.00817871093761 168.12430572509768 388.71499633789068 195.2961120605469 0.45789474248886114 0.92435190081596386 268.58322143554693 0.20833333581686023 83.047992706298842 236.02996063232425
decision_type=2 2 2 2 2 2 2 2 2 2 2 2 2 2
left_child=1 2 8 4 5 6 7 -4 -1 10 11 -10 -12 -14
right_child=-2 -3 3 -5 -6 -7 -8 -9 9 -11 12 -13 13 -15
leaf_value=0.00010547860188733534 0.00093078691986683794 -0.010941135627039196 0.0013914598454474012 -0.030726315933230129 -0.0086301202157300135 -0.0028859359878976201 0.0050532639825484746 -0.0047173083402875004 -0.014290774862903453 0.0038264142088505703 -0.00090158101526155237 0.0012218806119212288 -0.0002110970784814338 0.001226469387613241
leaf_weight=6292 65 390 63 715 157 59 56 55 63 84 2583 63 105 105
leaf_count=6292 65 390 63 715 157 59 56 55 63 84 2583 63 105 105
internal_value=-0.000294335 -0.000347545 -0.000248078 -0.00158824 0.000999999 0.00369528 0.00596552 0.00310169 -8.87581e-05 -0.000782218 -0.000965057 0.00366667 -0.00117401 0.00271428
internal_weight=10855 10790 10400 1105 390 233 174 118 9295 3003 2919 126 2793 210
internal_count=10855 10790 10400 1105 390 233 174 118 9295 3003 2919 126 2793 210
is_linear=0
shrinkage=0.03


Tree=215
num_leaves=15
num_cat=0
split_feature=37 18 30 26 40 34 33 5 35 69 13 13 25 35
split_gain=5.73977 3.36848 3.04253 2.89194 2.56327 4.40179 3.12443 2.5728 4.0234 3.79732 2.57108 4.04168 3.17371 3.07611
threshold=1.0000000180025095e-35 0.55208334326744091 0.92857143282890331 20239.500000000004 0.45789474248886114 57.903236389160163 31.187319755554203 25.405277252197269 165.9634704589844 632.85363769531261 1878.9898071289065 1067.2612304687502 654.93835449218761 166.99986267089847
decision_type=2 2 2 2 2 2 2 2 2 2 2 2 2 2
left_child=1 3 -3 4 10 6 -6 -8 -9 -10 11 12 13 -1
right_child=-2 2 -4 -5 5 -7 7 8 9 -11 -12 -13 -14 -15
leaf_value=-0.00098038461028381279 0.00090286331227084368 -0.0098660135353764826 0.001328643342137621 -0.010080404472123999 0.00050366644981034918 0.0037116217825850571 -0.0012886570264564849 0.0011097462914587818 -0.00031192494612792112 0.0029929641051012739 0.0019972471264303729 -0.00453821281034659 0.00059022452494990156 0.0001781635455347397
leaf_weight=1408 65 1105 65 325 63 84 2247 84 456 69 220 748 2640 1276
leaf_count=1408 65 1105 65 325 63 84 2247 84 456 69 220 748 2640 1276
internal_value=-0.000349609 -0.000403152 -0.00192308 -0.000218296 -0.000121034 -0.000842159 -0.001037 -0.00118277 0.000546797 -0.000428572 0.00022314 0.000107707 0.00039782 -0.000328615
internal_weight=10855 10790 1170 9620 9295 3003 2919 2856 609 525 6292 6072 5324 2684
internal_count=10855 10790 1170 9620 9295 3003 2919 2856 609 525 6292 6072 5324 2684
is_linear=0
shrinkage=0.03


Tree=216
num_leaves=15
num_cat=0
split_feature=37 26 4 67 27 67 34 40 22 34 43 35 45 33
split_gain=4.06366 3.11023 2.39693 3.42548 5.32691 6.08837 2.88103 3.46544 5.808 4.66366 7.429 5.26649 5.43324 3.44974
threshold=1.0000000180025095e-35 20239.500000000004 23.103233337402347 419.41889953613287 57.567893981933601 284.62625122070318 51.922649383544929 0.10000000149011613 5.5727648735046396 51.668193817138679 -0.63405361771583546 167.49777984619143 0.81174489855766307 53.304681777954109
decision_type=2 2 2 2 2 2 2 2 2 2 2 2 2 2
left_child=1 2 6 4 5 -4 7 8 -1 11 -11 -9 -13 -8
right_child=-2 -3 3 -5 -6 -7 13 9 -10 10 -12 12 -14 -15
leaf_value=0.0074256797617843484 0.00087577741290272807 -0.010310489424064309 8.0912720073740774e-06 -0.00024654051153874437 0.00038214481173344739 0.0018294127479505026 0.000123121589860077 -0.00057257338230867327 0.00026490066550536511 0.0019571332111008284 -0.0042512778734252075 0.00058926779712478348 -0.031436842629775585 -0.004631412638558919
leaf_weight=60 65 390 372 333 89 51 520 4840 1060 54 56 990 220 1755
leaf_count=60 65 390 372 333 89 51 520 4840 1060 54 56 990 220 1755
internal_value=-0.000324736 -0.000369788 -0.000271155 0.00126035 0.00280078 0.00139716 -0.000406594 -0.000115385 0.00141964 -0.000394481 0.00572727 -0.000505786 0.00126446 -0.00133846
internal_weight=10855 10790 10400 845 512 423 9555 7280 1120 6160 110 6050 1210 2275
internal_count=10855 10790 10400 845 512 423 9555 7280 1120 6160 110 6050 1210 2275
is_linear=0
shrinkage=0.03


Tree=217
num_leaves=15
num_cat=0
split_feature=37 26 53 25 33 15 43 23 40 34 16 35 36 24
split_gain=4.05466 3.12998 2.46041 2.74477 3.8094 3.12918 3.40389 3.01464 3.51728 6.05945 3.29082 3.01034 2.82716 2.69772
threshold=1.0000000180025095e-35 20239.500000000004 1.5000000000000002 621.73907470703136 49.202127456665046 9.3987879753112811 -0.84874749183654774 23.411527633666996 0.10000000149011613 50.185615539550788 19.678770065307621 166.50263977050784 1.5000000000000002 126.40029907226564
decision_type=2 2 2 2 2 2 2 2 2 2 2 2 2 2
left_child=1 2 13 4 -4 -6 -7 8 9 -5 -11 12 -9 -1
right_child=-2 -3 3 7 5 6 -8 11 -10 10 -12 -13 -14 -15
leaf_value=0.00042156083933115072 0.00084950409051564777 -0.010001174741342376 0.0022798516734403125 -0.00099068435366514722 -0.0018603086486111476 0.0027930301385045227 -7.9810805837183139e-05 0.0034893974173285025 -0.00010512830440745766 0.022508896076033638 0.00017660680500341104 0.00098589404038040688 -0.0022121757357328607 -0.00037094892449238153
leaf_weight=400 65 390 56 131 1319 141 493 61 1386 73 62 436 215 5627
leaf_count=400 65 390 56 131 1319 141 493 61 1386 73 62 436 215 5627
internal_value=-0.000316445 -0.000361446 -0.000262501 0.000279213 -0.000536088 -0.000757297 0.000974763 0.000972081 0.000268764 0.00342857 0.00788889 0.00260393 0.000152173 -0.000655551
internal_weight=10855 10790 10400 4373 2009 1953 634 2364 1652 266 135 712 276 6027
internal_count=10855 10790 10400 4373 2009 1953 634 2364 1652 266 135 712 276 6027
is_linear=0
shrinkage=0.03


Tree=218
num_leaves=15
num_cat=0
split_feature=37 26 18 34 65 63 69 65 2 23 2 69 40 63
split_gain=3.61429 3.03182 2.25941 4.48627 4.67182 4.02491 3.90917 4.01089 2.57059 3.52279 2.96158 5.84641 3.52278 3.54658
threshold=1.0000000180025095e-35 20239.500000000004 0.55208334326744091 47.295478820800788 710.00817871093761 155.68277740478518 388.71499633789068 195.2961120605469 271.50000000000006 22.432222366333011 185.00000000000003 1.0000000180025095e-35 0.54210525751113903 108.260555267334
decision_type=2 2 2 2 2 2 2 2 2 2 2 2 2 2
left_child=1 2 8 4 5 6 7 -4 10 -10 12 -12 13 -1
right_child=-2 -3 3 -5 -6 -7 -8 -9 9 -11 11 -13 -14 -15
leaf_value=0.00043363623276765009 0.00082401896780017825 -0.0097011394991021096 0.0013358641698713481 -0.029083045672415351 -0.0080876358229389819 -0.0027233129939229928 0.0051503916140081384 -0.0042677851827984713 -0.0010256789603011196 -2.3263578456370641e-05 0.0061100367644539941 0.00049561931027177484 -0.0049716252219620212 -0.0014016654866299588
leaf_weight=1484 65 390 62 715 157 60 56 55 1495 4290 195 780 507 544
leaf_count=1484 65 390 62 715 157 60 56 55 1495 4290 195 780 507 544
internal_value=-0.000360664 -0.000403152 -0.00030577 -0.00158824 0.000999999 0.00369528 0.00601734 0.00289744 -0.000153309 -0.000541919 0.000487179 0.00189231 -5.32552e-05 0.000505916
internal_weight=10855 10790 10400 1105 390 233 173 117 9295 5785 3510 975 2535 2028
internal_count=10855 10790 10400 1105 390 233 173 117 9295 5785 3510 975 2535 2028
is_linear=0
shrinkage=0.03


Tree=219
num_leaves=15
num_cat=0
split_feature=37 26 18 34 65 63 1 27 35 67 42 65 34 40
split_gain=3.59732 3.0709 2.83089 3.66501 3.94025 3.38977 2.66235 3.19615 3.33231 4.14487 8.75801 3.41337 4.4491 2.74401
threshold=1.0000000180025095e-35 20239.500000000004 0.55208334326744091 47.295478820800788 682.45928955078136 155.68277740478518 1748.402038574219 83.047992706298842 165.3747253417969 5.0890278816223153 0.2269546836614609 58.912776947021491 47.923753738403327 0.45789474248886114
decision_type=2 2 2 2 2 2 2 2 2 2 2 2 2 2
left_child=1 2 6 4 5 -4 7 13 -9 10 -10 12 -11 -1
right_child=-2 -3 3 -5 -6 -7 -8 8 9 11 -12 -13 -14 -15
leaf_value=0.0001046327705923829 0.00079929839876616683 -0.0094101053141290563 0.0012855800820359775 -0.028210554302242896 -0.0074873532797313904 -0.0026416136041053084 -0.0026837657682276927 -0.0012186780893034042 0.0079104220134705496 2.3434100515953982e-05 -8.7711417742209261e-05 -0.00015826366070616218 0.0057629852865712329 -0.00028635836857338504
leaf_weight=5368 65 390 170 715 160 60 585 130 77 91 71 330 81 2562
leaf_count=5368 65 390 170 715 160 60 585 130 77 91 71 330 81 2562
internal_value=-0.000344082 -0.00038647 -0.000288462 -0.00172398 0.000615384 0.00313043 -0.000117806 1.37766e-05 0.00184615 0.00272308 0.00713513 0.00142231 0.00484884 -0.000166457
internal_weight=10855 10790 10400 1105 390 230 9295 8710 780 650 148 502 172 7930
internal_count=10855 10790 10400 1105 390 230 9295 8710 780 650 148 502 172 7930
is_linear=0
shrinkage=0.03


Tree=220
num_leaves=15
num_cat=0
split_feature=37 26 18 33 30 36 42 67 0 1 40 29 22 22
split_gain=3.62847 2.99945 2.56766 3.4337 3.27102 3.17083 2.58253 2.84107 2.88567 2.25751 2.13608 2.61716 2.8683 2.31496
threshold=1.0000000180025095e-35 20239.500000000004 0.48958332836627966 47.473577499389656 0.92857143282890331 18.000000000000004 0.63405361771583568 631.77069091796886 412.08334350585943 1748.402038574219 0.047368422150611884 487.13194274902349 5.6443843841552743 8.6991891860961932
decision_type=2 2 2 2 2 2 2 2 2 2 2 2 2 2
left_child=1 2 9 -4 5 -5 -7 8 -8 10 11 -1 -13 -12
right_child=-2 -3 3 4 -6 6 7 -9 -10 -11 13 12 -14 -15
leaf_value=0.016744648811409538 0.00077531944680318951 -0.0091278021547051905 0.00054599509274404321 -0.028779635819088493 0.0012035911481372797 -0.00067473698038826601 -0.0067725513734960396 0.0082262991711177669 0.0026222877579575765 -0.0026032527951808616 -5.6465064263323906e-05 0.0063469369820910726 5.4548031571073291e-05 0.0028053442955508945
leaf_weight=80 65 390 65 975 65 266 84 51 54 585 7500 50 505 120
leaf_count=80 65 390 65 975 65 266 84 51 54 585 7500 50 505 120
internal_value=-0.000374483 -0.000417054 -0.000320193 -0.00144231 -0.00173579 -0.00203497 3.29663e-05 0.00271428 0.00047826 -0.000122173 5.45053e-06 0.00167716 0.000945945 -0.000133859
internal_weight=10855 10790 10400 1560 1495 1430 455 189 138 8840 8255 635 555 7620
internal_count=10855 10790 10400 1560 1495 1430 455 189 138 8840 8255 635 555 7620
is_linear=0
shrinkage=0.03


Tree=221
num_leaves=15
num_cat=0
split_feature=37 18 33 30 1 36 42 1 65 16 25 63 63 18
split_gain=3.64552 3.10886 3.6 3.41603 3.12757 2.87848 2.21984 2.34057 2.81953 2.06369 3.50085 2.67675 3.5725 2.99912
threshold=1.0000000180025095e-35 0.48958332836627966 47.473577499389656 0.92857143282890331 1748.402038574219 18.000000000000004 0.68322628736495983 95.016433715820327 195.2961120605469 0.37635099887847906 477.30372619628912 763.78057861328136 587.68222045898449 0.26041667163372045
decision_type=2 2 2 2 2 2 2 2 2 2 2 2 2 2
left_child=1 4 -3 5 9 -4 -7 -8 -9 10 -1 12 -11 -14
right_child=-2 2 3 -5 -6 6 7 8 -10 11 -12 -13 13 -15
leaf_value=-0.0015620690723229934 0.00075205986339909345 0.00052961523996172323 -0.025470476006675919 0.0011674834136931713 -0.0032780729615937789 -0.0006246132868335338 -0.0071559933992470532 0.0048784350781958296 0.00024750457594548489 -2.5411666631472826e-05 0.0025580775386599172 -0.00048945547500675308 0.0051262578953511018 0.00026155041028909907
leaf_weight=195 65 65 1105 65 715 280 50 61 64 6094 390 1424 72 210
leaf_count=195 65 65 1105 65 715 280 50 61 64 6094 390 1424 72 210
internal_value=-0.000391065 -0.000433736 -0.00161539 -0.00189231 -0.000214286 -0.00217308 -0.000164836 0.00248571 0.00468 -5.18791e-05 0.00166667 -0.00018077 8.18688e-05 0.00338298
internal_weight=10855 10790 1690 1625 9100 1560 455 175 125 8385 585 7800 6376 282
internal_count=10855 10790 1690 1625 9100 1560 455 175 125 8385 585 7800 6376 282
is_linear=0
shrinkage=0.03


Tree=222
num_leaves=15
num_cat=0
split_feature=37 18 33 30 36 1 6 9 25 43 40 22 10 34
split_gain=3.65406 3.06513 3.6 2.9641 3.01392 2.95961 1.86816 3.51795 3.19527 9.23679 3.07595 7.3282 3.5225 3.34108
threshold=1.0000000180025095e-35 0.48958332836627966 47.473577499389656 0.92857143282890331 18.000000000000004 1748.402038574219 0.20833333581686023 0.055219909176230438 222.96279144287112 -0.52778512239456166 0.16315789520740512 8.2977576255798358 1.2726479172706606 52.687736511230476
decision_type=2 2 2 2 2 2 2 2 2 2 2 2 2 2
left_child=1 5 -3 4 -4 6 7 -1 9 -8 11 12 13 -10
right_child=-2 2 3 -5 -6 -7 8 -9 10 -11 -12 -13 -14 -15
leaf_value=0.00016875226308399801 0.00072949806749712375 0.00051372678276288049 -0.024706361726475636 0.0011324589112823881 -2.8387196391787413e-05 -0.0031797307727459592 0.0018512864969771952 -0.0012403095990811336 0.0020593998466307871 -0.046899244712965138 -5.2223214596612573e-05 0.0022292975360427626 -0.009436679550220449 -0.0014846772873389757
leaf_weight=2275 65 65 1105 65 455 715 62 2600 448 68 2548 80 160 144
leaf_count=2275 65 65 1105 65 455 715 62 2600 448 68 2548 80 160 144
internal_value=-0.000399356 -0.000442077 -0.00161539 -0.00189231 -0.00215385 -0.000224177 -6.61903e-05 -0.000446155 0.000461538 0.00507692 0.000284023 0.00186779 0.000949467 0.00201689
internal_weight=10855 10790 1690 1625 1560 9100 8385 4875 3510 130 3380 832 752 592
internal_count=10855 10790 1690 1625 1560 9100 8385 4875 3510 130 3380 832 752 592
is_linear=0
shrinkage=0.03


Tree=223
num_leaves=15
num_cat=0
split_feature=37 18 33 30 36 1 42 1 65 16 25 63 15 40
split_gain=3.67688 2.95002 3.6 2.9641 3.01392 2.61774 1.84005 2.19657 2.97438 1.82202 3.18034 2.30614 3.06146 3.68199
threshold=1.0000000180025095e-35 0.48958332836627966 47.473577499389656 0.92857143282890331 18.000000000000004 1748.402038574219 0.68322628736495983 95.016433715820327 171.75416564941409 0.37635099887847906 477.30372619628912 763.78057861328136 3.7441030740737919 0.38421052694320684
decision_type=2 2 2 2 2 2 2 2 2 2 2 2 2 2
left_child=1 5 -3 4 -4 9 -6 -8 -9 10 -1 12 13 -11
right_child=-2 2 3 -5 6 -7 7 8 -10 11 -12 -13 -14 -15
leaf_value=-0.0015202695680458355 0.00070761312547220701 0.00049831497928000173 -0.02396517087468137 0.0010984851439439149 -0.00060502327233676284 -0.0030843388495635886 -0.0069404619813778811 0.004856481715266656 0.00012611675624126336 0.00015811752503236474 0.0025143177069356518 -0.00046356928223207077 0.00028471718805433364 -0.00087423628512818118
leaf_weight=195 65 65 1105 65 280 715 50 58 67 2318 390 1424 2425 1633
leaf_count=195 65 65 1105 65 280 715 50 58 67 2318 390 1424 2425 1633
internal_value=-0.000421465 -0.00046432 -0.00161539 -0.00189231 -0.00215385 -0.00025055 -9.89018e-05 0.00231428 0.00444 -0.000101969 0.00151282 -0.000223078 2.07019e-05 -0.000494306
internal_weight=10855 10790 1690 1625 1560 9100 455 175 125 8385 585 7800 6376 3951
internal_count=10855 10790 1690 1625 1560 9100 455 175 125 8385 585 7800 6376 3951
is_linear=0
shrinkage=0.03


Tree=224
num_leaves=15
num_cat=0
split_feature=37 26 18 33 30 36 35 22 28 27 40 40 36 16
split_gain=3.66831 2.90973 2.55887 3.47294 2.86558 3.03447 1.96018 2.33083 4.44765 3.1366 2.35921 1.80544 2.99733 3.33106
threshold=1.0000000180025095e-35 20239.500000000004 0.48958332836627966 47.473577499389656 0.92857143282890331 18.000000000000004 167.48097229003909 7.194155454635621 60.435857772827156 84.645153045654311 0.34210526943206793 0.047368422150611884 1.0000000180025095e-35 0.71783286333084118
decision_type=2 2 2 2 2 2 2 2 2 2 2 2 2 2
left_child=1 2 6 -4 5 -5 11 -8 -9 -10 -11 12 -1 -14
right_child=-2 -3 3 4 -6 -7 7 8 9 10 -12 -13 13 -15
leaf_value=0.025529974087565518 0.00068638473170803483 -0.0087858510558186109 0.00048336552990159209 -0.025691986486280863 0.0010655305896256097 -9.384882329894069e-06 0.00049040483596713281 0.0013246758135208676 -0.012206182735393589 -0.0023512305872764763 0.0004127781118870402 -0.00018829611723177568 0.012765514608004239 -7.5223784045005184e-05
leaf_weight=55 65 390 65 975 65 455 1040 455 520 99 96 6120 50 405
leaf_count=55 65 390 65 975 65 455 1040 455 520 99 96 6120 50 405
internal_value=-0.000413174 -0.000455978 -0.000360578 -0.00148077 -0.00177592 -0.00205594 -0.000162897 0.000610859 -0.000307693 -0.00178322 0.00146154 -0.000420815 0.00129412 0.000494505
internal_weight=10855 10790 10400 1560 1495 1430 8840 2210 1170 715 195 6630 510 455
internal_count=10855 10790 10400 1560 1495 1430 8840 2210 1170 715 195 6630 510 455
is_linear=0
shrinkage=0.03


Tree=225
num_leaves=15
num_cat=0
split_feature=37 26 11 10 13 14 67 26 69 69 69 35 67 69
split_gain=3.67688 2.89068 2.58506 3.4651 4.20673 4.86801 3.59626 3.12665 2.95258 2.76309 4.80645 8.66811 4.61897 3.10534
threshold=1.0000000180025095e-35 20239.500000000004 3.3650000095367436 0.69354164600372326 209.58105468750003 3137.0000000000005 3974.490600585938 9026.0000000000018 27.24486064910889 18.314999580383304 193.32027435302737 166.99986267089847 0.9533333182334901 74.873332977294936
decision_type=2 2 2 2 2 2 2 2 2 2 2 2 2 2
left_child=1 2 3 4 -1 -6 7 -7 -9 -5 11 -11 -12 -13
right_child=-2 -3 -4 9 5 6 -8 8 -10 10 12 13 -14 -15
leaf_value=0.00046913692983742558 0.00066579318975680112 -0.0085222755241440625 -0.00036295064837974482 -0.00025357835927449618 -0.0018716326965890894 -0.0010222184936493379 0.0052679858206232466 -0.000722270905228783 0.00087194585394687421 6.8794625043966745e-05 0.0025002956919566799 0.0018693200668978621 -0.0004242602628066589 0.0027643148186949676
leaf_weight=1300 65 390 3250 466 2405 834 98 456 562 202 194 67 458 108
leaf_count=1300 65 390 3250 466 2405 834 98 456 562 202 194 67 458 108
internal_value=-0.000421465 -0.00046432 -0.000369231 -5.03504e-05 -0.000389921 -0.00083697 0.000276922 -1.94392e-05 0.00109627 0.00123411 0.00210204 0.00479841 0.000542944 0.00968571
internal_weight=10855 10790 10400 7150 5655 4355 1950 1852 1018 1495 1029 377 652 175
internal_count=10855 10790 10400 7150 5655 4355 1950 1852 1018 1495 1029 377 652 175
is_linear=0
shrinkage=0.03


Tree=226
num_leaves=15
num_cat=0
split_feature=37 35 22 34 28 68 29 66 22 13 23 4 15 65
split_gain=3.68259 2.89653 4.18834 4.699 3.13111 2.99566 2.95975 2.93075 4.64001 3.17191 5.25037 3.15297 2.87886 2.73033
threshold=1.0000000180025095e-35 167.48097229003909 6.9148337841033944 48.175102233886726 43.227272033691413 1.0000000180025095e-35 563.54193115234386 1.0000000180025095e-35 5.5938305854797372 1051.6275024414065 23.424444198608402 23.103233337402347 17.608134269714359 113.46389007568361
decision_type=2 2 2 2 2 2 2 2 2 2 2 2 2 2
left_child=1 4 -3 5 13 -4 -6 8 -8 12 -11 -9 -10 -1
right_child=-2 2 3 -5 6 -7 7 11 9 10 -12 -13 -14 -15
leaf_value=-0.01035459998990006 0.0006458193940640873 0.00051970220408369225 0.0013813964613721978 -0.0034282874001872864 0.00069436132071176715 0.00012093047657432521 0.0056729172650085355 -0.00063128427696890861 -0.00051255639530186216 -0.017600874107274407 0.0034168812842522208 0.00026744462483490488 0.0021838782050395346 -4.5760311121984047e-05
leaf_weight=1078 65 1040 72 1235 390 318 63 3942 1240 102 240 467 56 547
leaf_count=1078 65 1040 72 1235 390 318 63 3942 1240 102 240 467 56 547
internal_value=-0.000426993 -0.00046988 0.000388367 -0.000563078 -0.000751385 0.00230769 -0.000456924 -0.000618659 0.000439153 0.000131867 0.00270175 -0.00102676 -0.000546297 -0.00192923
internal_weight=10855 10790 2665 1625 8125 390 6500 6110 1701 1638 342 4409 1296 1625
internal_count=10855 10790 2665 1625 8125 390 6500 6110 1701 1638 342 4409 1296 1625
is_linear=0
shrinkage=0.03


Tree=227
num_leaves=15
num_cat=0
split_feature=37 26 11 13 25 40 24 69 13 22 58 18 67 69
split_gain=3.68259 2.87801 2.4757 3.28249 4.44008 9.13753 4.30533 2.87129 2.83111 2.82365 4.64399 2.66682 3.06778 2.90455
threshold=1.0000000180025095e-35 20239.500000000004 3.3650000095367436 202.67753601074222 268.58322143554693 0.3315789550542832 243.51785278320315 1049.104431152344 361.44805908203131 8.2304096221923846 0.0079166668001562374 0.17708333581686023 116.49111175537111 23.622083663940433
decision_type=2 2 2 2 2 2 2 2 2 2 2 2 2 2
left_child=1 2 3 7 5 -5 -6 9 -8 -1 -11 12 -10 -13
right_child=-2 -3 -4 4 6 -7 8 -9 11 10 -12 13 -14 -15
leaf_value=0.00054641926037144123 0.00062644481224216251 -0.0080627050048117082 -0.00034148590522697068 -0.046383017873302734 -0.0016102782905552092 0.0017771550375842232 -0.00057682498579085734 -0.00040563886790479528 -0.00071088812102439885 5.2933942863273365e-06 0.002770646991988617 -0.00031936467622994242 0.0068185176357296552 0.00043694509844759258
leaf_weight=1032 65 390 3250 64 2535 66 585 381 76 72 75 792 119 1353
leaf_count=1032 65 390 3250 64 2535 66 585 381 76 72 75 792 119 1353
internal_value=-0.000426993 -0.00046988 -0.000375001 -6.29378e-05 -0.000402505 0.00507692 -0.000532968 0.00115385 0.000251281 0.0018855 0.00577551 0.000717948 0.00407692 0.000412587
internal_weight=10855 10790 10400 7150 5590 130 5460 1560 2925 1179 147 2340 195 2145
internal_count=10855 10790 10400 7150 5590 130 5460 1560 2925 1179 147 2340 195 2145
is_linear=0
shrinkage=0.03


Tree=228
num_leaves=15
num_cat=0
split_feature=37 26 40 34 22 15 33 63 30 67 25 15 35 42
split_gain=3.21258 2.90337 2.31072 4.70874 3.1734 3.54024 2.59539 3.20321 5.64552 7.55155 4.97674 2.93855 5.78209 2.46265
threshold=1.0000000180025095e-35 20239.500000000004 0.44736842811107641 57.903236389160163 5.5727648735046396 1.0000000180025095e-35 31.187319755554203 31.086527824401859 0.83035713434219371 0.93055555224418651 224.98780059814456 13.963298797607424 165.9634704589844 0.68322628736495983
decision_type=2 2 2 2 2 2 2 2 2 2 2 2 2 2
left_child=1 2 4 6 13 -6 -4 -8 10 -10 -9 -12 -13 -1
right_child=-2 -3 3 -5 5 -7 7 8 9 -11 11 12 -14 -15
leaf_value=0.0047157118206459488 0.00060765146787491087 -0.007820823854667357 0.00041818560583602079 0.0036359073124080242 -0.030704937552606539 -1.9525242538568605e-05 -0.0020739278937142247 0.0010728723467364853 0.0032361877982468364 -0.00019650700887855464 -0.0024418771533321585 0.0011219962599851763 -0.00092159652256382978 0.00036662552365267188
leaf_weight=198 65 390 66 88 387 6020 1793 69 60 83 1111 79 171 275
leaf_count=198 65 390 66 88 387 6020 1793 69 60 83 1111 79 171 275
internal_value=-0.000418702 -0.000458759 -0.000363462 -0.000988637 -4.36054e-05 -0.000218668 -0.00116434 -0.00127986 -0.0002918 0.00539161 -0.000860141 -0.00125863 0.00168 0.00232769
internal_weight=10855 10790 10400 3520 6880 6407 3432 3366 1573 143 1430 1361 250 473
internal_count=10855 10790 10400 3520 6880 6407 3432 3366 1573 143 1430 1361 250 473
is_linear=0
shrinkage=0.03


Tree=229
num_leaves=15
num_cat=0
split_feature=26 37 4 67 67 27 18 33 13 30 12 65 65 65
split_gain=3.08541 2.66144 2.43949 3.32356 4.59977 5.50927 2.37564 3.55622 3.41376 3.40992 3.18135 2.55273 2.31588 2.62613
threshold=20239.500000000004 1.0000000180025095e-35 23.103233337402347 419.41889953613287 277.36666870117193 57.567893981933601 0.48958332836627966 47.473577499389656 193.34938049316409 0.92857143282890331 44.770832061767585 126.67833328247072 5184.0485839843759 5857.9309082031259
decision_type=2 2 2 2 2 2 2 2 2 2 2 2 2 2
left_child=1 2 6 4 5 -4 8 -8 10 -9 11 -1 -10 -14
right_child=-2 -3 3 -5 -6 -7 7 9 12 -11 -12 -13 13 -15
leaf_value=-0.011930882458402466 -0.0075861991390273253 0.00058942192383866737 7.226919512210568e-06 -0.00021544533447606502 0.0016846788313793935 0.00044228852110381319 0.00047499235176637285 -0.0062560147042373792 -0.00025402470780308296 0.00091617024075647552 0.00050074520272605126 0.0015824506235330845 0.0014037071267154339 0.0001539171110413501
leaf_weight=270 390 65 367 333 63 82 65 1365 6042 65 1495 55 53 145
leaf_count=270 390 65 367 333 63 82 65 1365 6042 65 1495 55 53 145
internal_value=-0.00038001 -0.000282371 -0.000320193 0.00122485 0.00274219 0.00167706 -0.00045683 -0.00155518 -0.000253102 -0.00186713 0.000890109 -0.0018 -0.000586539 0.00260606
internal_weight=10855 10465 10400 845 512 449 9555 1495 8060 1430 1820 325 6240 198
internal_count=10855 10465 10400 845 512 449 9555 1495 8060 1430 1820 325 6240 198
is_linear=0
shrinkage=0.03


Tree=230
num_leaves=15
num_cat=0
split_feature=15 14 22 21 63 12 22 34 35 35 68 21 55 63
split_gain=3.40023 4.2922 3.59148 3.60372 4.65545 3.54889 3.64909 5.65601 3.5569 3.20194 3.89249 2.99822 4.40001 2.67588
threshold=3.7441030740737919 9997.5000000000018 7.4416916370391855 1.8392708301544192 8.1722221374511737 373.88542175292974 6.9148337841033944 49.956258773803718 166.88041687011722 167.25069427490237 1.0000000180025095e-35 3.690274834632874 8.4469442367553729 518.61334228515636
decision_type=2 2 2 2 2 2 2 2 2 2 2 2 2 2
left_child=1 5 3 4 -2 6 8 9 -1 -8 -11 12 -4 -3
right_child=2 13 11 -5 -6 -7 7 -9 -10 10 -12 -13 -14 -15
leaf_value=-0.001248847013292354 0.0064728514704425972 0.0010678867889525768 0.0010037954563681159 -0.00040861750446458887 -8.7941828652437375e-05 -0.0067024284240909202 -0.0003407578530764527 -0.014641946506469369 0.0005012066440100956 0.0012309858237428487 0.00015829378793197791 0.00024380736099039786 3.4586530257691411e-05 0.0059061441477905414
leaf_weight=715 54 145 95 1690 76 1040 1560 1495 1235 72 513 2015 100 50
leaf_count=715 54 145 95 1690 76 1040 1560 1495 1235 72 513 2015 100 50
internal_value=-0.000363428 -0.000771429 0.000327543 -0.000659341 0.00415385 -0.000900453 -0.000601074 -0.00116209 0.000446153 -0.000174826 0.00171795 0.00114027 0.00469231 0.00361538
internal_weight=10855 6825 4030 1820 130 6630 5590 3640 1950 2145 585 2210 195 195
internal_count=10855 6825 4030 1820 130 6630 5590 3640 1950 2145 585 2210 195 195
is_linear=0
shrinkage=0.03


Tree=231
num_leaves=15
num_cat=0
split_feature=26 40 33 15 30 22 22 40 33 21 40 0 34 29
split_gain=3.10496 2.44727 3.95331 3.93113 4.04118 3.57455 8.04467 3.52564 3.18546 7.12972 4.86336 4.34793 4.03853 3.36342
threshold=20239.500000000004 0.4052631556987763 30.3546257019043 7.7050030231475839 0.89136904478073131 7.5149102210998544 7.616584539413453 0.52105262875556957 49.541347503662116 8.2749626636505145 0.20526316016912463 30.375000000000004 44.524784088134773 138.44610595703128
decision_type=2 2 2 2 2 2 2 2 2 2 2 2 2 2
left_child=1 8 -3 4 -4 -5 7 -7 9 12 -11 -10 -1 -13
right_child=-2 2 3 5 -6 6 -8 -9 11 10 -12 13 -14 -15
leaf_value=-0.0061790098878182235 -0.0071575403121337984 0.00043662616192223779 -0.00098414184218438561 -0.00061411058422338241 0.0009053852560405762 0.00047209537024119893 9.9037194698479582e-05 0.0055736673248698975 -0.0043440737071178499 0.00088985460227983227 0.0017730039586381328 0.0014093588902674527 0.00092726081645892213 1.317953310795175e-05
leaf_weight=234 390 52 3016 468 52 55 468 75 1092 60 57 195 819 3822
leaf_count=234 390 52 3016 468 52 55 468 75 1092 60 57 195 819 3822
internal_value=-0.000371719 -0.00027377 -0.000835643 -0.000939043 -0.00148436 0.000630393 0.00216722 0.00876923 0.000100812 0.00151282 0.00853846 -0.000222549 0.000732193 0.000233756
internal_weight=10855 10465 4186 4134 3068 1066 598 130 6279 1170 117 5109 1053 4017
internal_count=10855 10465 4186 4134 3068 1066 598 130 6279 1170 117 5109 1053 4017
is_linear=0
shrinkage=0.03


Tree=232
num_leaves=15
num_cat=0
split_feature=26 4 33 0 30 68 13 15 67 67 7 33 10 66
split_gain=3.1115 2.50717 2.93256 3.26613 3.22147 5.14924 3.00009 3.4976 6.62156 3.53037 3.08426 2.81154 2.89656 2.99145
threshold=20239.500000000004 23.103233337402347 49.202127456665046 23.375000000000004 0.84970235824584972 1.0000000180025095e-35 1150.0232543945315 0.92942994832992565 878.25762939453136 32.09819412231446 0.45220860838890081 50.926616668701179 1.2795721888542178 1.0000000180025095e-35
decision_type=2 2 2 2 2 2 2 2 2 2 2 2 2 2
left_child=1 2 6 4 -4 -6 7 -1 9 10 -9 -5 -13 -14
right_child=-2 -3 3 11 5 -7 -8 8 -10 -11 -12 12 13 -15
leaf_value=-0.00021028457676616874 -0.0069428141027697782 0.0002759225682714065 -0.015534072364399441 -0.0025670817146880701 0.0012710642643323355 -0.013287659598787855 -0.0037875698005010523 0.00091497248953268295 0.0021467246294322668 -0.00046019976327732329 -0.0057575984729143362 -0.00016907098619845621 0.0024896249940547779 0.00049039552076331238
leaf_weight=650 390 845 1040 455 72 123 260 520 89 208 93 5655 50 405
leaf_count=650 390 845 1040 455 72 123 260 520 89 208 93 5655 50 405
internal_value=-0.000368955 -0.000270904 -0.000408525 -0.000661539 -0.00207692 0.00146154 0.000675823 0.00117308 0.00237363 0.00153106 0.002677 -0.000395279 -0.00022586 0.00207692
internal_weight=10855 10465 9620 7800 1235 195 1820 1560 910 821 613 6565 6110 455
internal_count=10855 10465 9620 7800 1235 195 1820 1560 910 821 613 6565 6110 455
is_linear=0
shrinkage=0.03


Tree=233
num_leaves=15
num_cat=0
split_feature=26 13 13 68 65 7 28 30 6 15 67 40 34 27
split_gain=3.14427 2.41006 3.52571 3.17589 7.45477 3.06185 3.55885 3.66136 3.10636 3.73375 2.69551 2.56944 6.03596 7.57484
threshold=20239.500000000004 81.78168106079103 202.67753601074222 1.0000000180025095e-35 66.53055572509767 0.40284535288810736 427.56835937500006 0.67708331346511852 1.0000000180025095e-35 5.2561080455780038 3480.761596679688 0.16315789520740512 51.668193817138679 11.08737087249756
decision_type=2 2 2 2 2 2 2 2 2 2 2 2 2 2
left_child=1 3 -3 4 -1 6 7 -4 9 -9 -8 12 13 -7
right_child=-2 2 5 -5 -6 11 10 8 -10 -11 -12 -13 -14 -15
leaf_value=-0.0022865350399125369 -0.0067345296796866893 0.00032109865510295671 0.00017711780727178413 -0.014236585539764389 0.0011613461015739155 0.023583022159028029 0.00014468250732868135 -0.0035723854697416371 -0.003238661189133294 0.0009267662518137106 0.0053427522124696505 -1.9945961640905235e-05 -0.0011948992855707601 0.00086485646580846363
leaf_weight=181 390 2080 650 716 78 64 600 390 2275 325 50 2352 272 432
leaf_count=181 390 2080 650 716 78 64 600 390 2275 325 50 2352 272 432
internal_value=-0.000355137 -0.00025657 -0.000110643 -0.00167692 0.00116988 -0.000417005 -0.000937064 -0.0013022 -0.00174582 -2.09797e-05 0.00110769 0.000298076 0.00180469 0.00377419
internal_weight=10855 10465 9490 975 259 7410 4290 3640 2990 715 650 3120 768 496
internal_count=10855 10465 9490 975 259 7410 4290 3640 2990 715 650 3120 768 496
is_linear=0
shrinkage=0.03


Tree=234
num_leaves=15
num_cat=0
split_feature=25 26 9 34 40 69 28 40 27 40 34 6 28 21
split_gain=3.62854 2.32933 3.70326 3.19426 2.89744 3.77168 2.86468 5.5386 4.09472 2.95443 2.64937 2.58464 2.57732 2.54885
threshold=1448.9240722656252 9528.5000000000018 0.85192131996154796 52.02040100097657 0.50000000000000011 1154.2175292968752 458.90771484375006 0.10000000149011613 34.895378112792976 0.52105262875556957 51.668193817138679 0.12500000372529033 180.95610046386722 3.054134845733643
decision_type=2 2 2 2 2 2 2 2 2 2 2 2 2 2
left_child=1 3 6 10 5 -4 8 -8 9 12 -1 -10 -3 -5
right_child=-2 2 4 13 -6 -7 7 -9 11 -11 -12 -13 -14 -15
leaf_value=-0.00010707827076385401 -0.0033060085691446256 0.0010026011269795947 -0.0014262376462211715 -1.7274821632809452e-05 0.0038243235553203814 0.0046955193374487612 0.014983156726337691 0.0001450716227176234 -0.002171829951342256 -0.00068688056285523547 0.0017097750709012566 -1.0764508853008714e-05 -0.00035010234705419943 -0.014138551106271449
leaf_weight=5005 845 550 93 520 51 51 50 275 780 210 65 1430 150 780
leaf_count=5005 845 550 93 520 51 51 50 275 780 210 65 1430 150 780
internal_value=-0.00040212 -0.000242758 0.000362637 -0.000588698 0.00438461 0.00220833 0.000134978 0.00281538 -0.000144231 0.00154945 -0.000248521 -0.00084163 0.00248571 -0.00191539
internal_weight=10855 10010 3640 6370 195 144 3445 325 3120 910 5070 2210 700 1300
internal_count=10855 10010 3640 6370 195 144 3445 325 3120 910 5070 2210 700 1300
is_linear=0
shrinkage=0.03


Tree=235
num_leaves=15
num_cat=0
split_feature=25 67 15 14 12 65 25 14 22 10 69 40 30 25
split_gain=3.49335 2.41811 2.2354 3.67272 3.28332 3.25125 5.38069 5.801 3.29909 3.12607 2.92181 2.8007 3.53669 3.36459
threshold=1448.9240722656252 96.06555557250978 3.7441030740737919 9997.5000000000018 618.65625000000011 663.75234985351574 958.22286987304699 4565.5000000000009 7.4595966339111337 1.3016112446784975 20.667083740234379 0.4052631556987763 0.86011904478073131 224.98780059814456
decision_type=2 2 2 2 2 2 2 2 2 2 2 2 2 2
left_child=2 -2 3 11 5 6 8 -8 -4 -10 -11 -1 13 -13
right_child=1 -3 4 -5 -6 -7 7 -9 9 10 -12 12 -14 -15
leaf_value=-6.3312331911706256e-05 -0.00873096476794878 0.0010174404972093064 -0.0015756618210703635 0.0046925962870727035 -0.00064181188526001227 0.00038621151059520492 0.00048495030846765094 0.004406934943858477 5.5195949400393367e-05 0.003721648043755436 4.5960655725435756e-05 0.00044791394647578135 0.00080846373550508049 -0.0046871101977181608
leaf_weight=3588 695 150 1032 130 520 1106 260 63 804 50 65 156 52 2184
leaf_count=3588 695 150 1032 130 520 1106 260 63 804 50 65 156 52 2184
internal_value=-0.00040212 -0.00225444 -0.000245755 -0.000603929 0.000315384 0.000656804 7.91485e-06 0.00359443 -0.000585854 0.000721436 0.00534783 -0.000712375 -0.00150753 -0.00167949
internal_weight=10855 845 10010 6110 3900 3380 2274 323 1951 919 115 5980 2392 2340
internal_count=10855 845 10010 6110 3900 3380 2274 323 1951 919 115 5980 2392 2340
is_linear=0
shrinkage=0.03


Tree=236
num_leaves=15
num_cat=0
split_feature=25 7 9 25 63 65 18 16 30 34 27 69 40 69
split_gain=3.57724 2.43579 3.48502 3.44107 4.52638 3.32586 3.02762 2.79386 3.25776 3.947 2.9473 4.44863 5.13289 2.56139
threshold=1448.9240722656252 0.40284535288810736 0.0099074072204530256 1111.4905395507815 8.1722221374511737 4940.6240234375009 0.21875000000000003 123.2425880432129 0.67708331346511852 45.799114227294929 12.397024154663088 425.45429992675787 0.11052631586790086 1118.700866699219
decision_type=2 2 2 2 2 2 2 2 2 2 2 2 2 2
left_child=1 2 6 7 -5 -3 -1 8 -4 -10 11 12 -11 -13
right_child=-2 5 3 4 -6 -7 -8 -9 9 10 -12 13 -14 -15
leaf_value=-0.00036538931379054117 -0.0031408294505892113 5.3668323590253661e-05 0.00013134859391392099 0.0056619790564399804 -8.9036657061123737e-05 0.00145259680489339 0.00082936838439402554 0.000892948048999547 0.00043008830889480266 0.0028561376110389806 -0.0053901022790818565 0.0019140927456927105 -0.0050638719742773647 0.00071392288761957037
leaf_weight=1105 845 4020 780 54 76 75 780 195 260 54 2145 50 361 55
leaf_count=1105 845 4020 780 54 76 75 780 195 260 54 2145 50 361 55
internal_value=-0.00038001 -0.000221779 -0.000611159 -0.00110918 0.00369231 0.000340659 0.00045358 -0.00126923 -0.00145344 -0.00191282 -0.00225704 -0.00023077 -0.00162651 0.00528571
internal_weight=10855 10010 5915 4030 130 4095 1885 3900 3705 2925 2665 520 415 105
internal_count=10855 10010 5915 4030 130 4095 1885 3900 3705 2925 2665 520 415 105
is_linear=0
shrinkage=0.03


Tree=237
num_leaves=15
num_cat=0
split_feature=25 67 7 65 25 28 67 7 22 24 50 40 3 15
split_gain=3.2608 2.90063 2.4909 3.34145 3.06555 4.06473 3.48268 3.62579 5.31877 3.10221 4.13783 2.66552 2.39838 2.35692
threshold=1448.9240722656252 96.06555557250978 0.40284535288810736 4940.6240234375009 621.73907470703136 310.21783447265631 3974.490600585938 1.0000000180025095e-35 6.8430082798004159 332.17260742187506 66.500000000000014 0.48947368562221533 1.0429397821426394 3.8859492540359502
decision_type=2 2 2 2 2 2 2 2 2 2 2 2 2 2
left_child=2 -2 4 13 5 -1 7 8 -6 10 11 12 -9 -4
right_child=1 -3 3 -5 6 -7 -8 9 -10 -11 -12 -13 -14 -15
leaf_value=-0.008060031335555216 -0.0083748109413926339 0.0010811421658107009 -9.9415657772701442e-05 0.0014090189007465979 -0.00048135348981603865 0.00012192702206166685 0.0041444536311783511 -4.2900472429368234e-07 0.0011787280769879713 -0.0028254274993052015 0.0045227934440995659 -0.0026205776627127647 0.0022894693180980645 0.00024714197362162146
leaf_weight=1755 695 150 2265 75 390 845 83 1023 520 700 50 461 88 1755
leaf_count=1755 695 150 2265 75 390 845 83 1023 520 700 50 461 88 1755
internal_value=-0.000393828 -0.00218343 -0.000242758 0.000326007 -0.000636518 -0.00140769 -3.16749e-05 -0.000187501 0.00141758 -0.000816538 -9.61783e-05 -0.000366413 0.000429342 0.000208955
internal_weight=10855 845 10010 4095 5915 2600 3315 3232 910 2322 1622 1572 1111 4020
internal_count=10855 845 10010 4095 5915 2600 3315 3232 910 2322 1622 1572 1111 4020
is_linear=0
shrinkage=0.03


Tree=238
num_leaves=15
num_cat=0
split_feature=25 67 13 13 7 16 40 23 28 65 30 68 69 40
split_gain=3.57886 2.65389 2.34844 4.62645 3.2901 3.53731 7.02 3.73441 3.71294 3.25236 3.04641 4.66394 2.85446 2.53036
threshold=1448.9240722656252 96.06555557250978 81.78168106079103 208.93702697753909 0.40284535288810736 123.2425880432129 0.41578947007656103 22.432222366333011 458.90771484375006 4610.7182617187509 0.84970235824584972 1.0000000180025095e-35 1034.9138793945315 0.41578947007656103
decision_type=2 2 2 2 2 2 2 2 2 2 2 2 2 2
left_child=2 -2 10 12 5 7 -7 -5 13 -6 -1 -12 -4 -9
right_child=1 -3 3 4 9 6 -8 8 -10 -11 11 -13 -14 -15
leaf_value=-0.011328407663138671 -0.0081235666131508431 0.0010487079008363773 0.00054840691740512505 -0.0048528578299036748 6.2044102732295575e-05 -0.00051350834427848515 0.0026930272989234096 -0.00015500912351722057 0.00057161220842947733 0.0012190218716539951 0.001128785897836404 -0.012455448106525551 -0.00023349460719006044 -0.0026606686675729766
leaf_weight=780 695 150 1541 1105 2677 120 75 1520 390 53 72 123 604 950
leaf_count=780 695 150 1541 1105 2677 120 75 1520 390 53 72 123 604 950
internal_value=-0.000344082 -0.00221894 -0.000185815 -3.48651e-05 -0.000413644 -0.000944712 0.003 -0.00113871 -0.000566434 0.000395604 -0.00158462 0.00176923 0.00118182 -0.000995952
internal_weight=10855 845 10010 9035 6890 4160 195 3965 2860 2730 975 195 2145 2470
internal_count=10855 845 10010 9035 6890 4160 195 3965 2860 2730 975 195 2145 2470
is_linear=0
shrinkage=0.03


Tree=239
num_leaves=15
num_cat=0
split_feature=25 33 33 33 15 67 18 30 14 25 42 69 28 53
split_gain=3.73722 2.56757 3.95072 3.1819 4.7634 4.12289 3.10255 2.90014 2.85456 3.10187 3.39103 3.14299 2.98645 3.0049
threshold=1448.9240722656252 49.541347503662116 50.926616668701179 38.638357162475593 0.92942994832992565 878.25762939453136 0.55208334326744091 0.92857143282890331 844.00000000000011 654.93835449218761 0.68322628736495983 933.99472045898449 485.72183227539068 4.5000000000000009
decision_type=2 2 2 2 2 2 2 2 2 2 2 2 2 2
left_child=1 3 -3 -1 -5 -6 8 -8 9 -4 -11 -12 13 -10
right_child=-2 2 6 4 5 -7 7 -9 12 10 11 -13 -14 -15
leaf_value=-0.00031038158769437432 -0.0027387782916254446 -0.011668252645588809 5.1053808701292618e-05 -4.6435949744840544e-05 0.00067907173388941685 0.001485201117537509 -0.015908275557207321 0.00064845205770923918 -0.00045232623673154351 0.00057463719635187261 0.0030475249730264097 0.0010364103740528841 0.0041704163925237918 0.00014428059137961145
leaf_weight=845 845 520 910 455 590 60 650 65 3424 240 98 52 130 1971
leaf_count=845 845 520 910 455 590 60 650 65 3424 240 98 52 130 1971
internal_value=-0.000338554 -0.000176824 -0.000413152 0.000799999 0.00185973 0.00350769 -0.000238728 -0.00211888 -4.1759e-05 0.00122308 0.00346154 0.007 -0.000339367 -0.000447637
internal_weight=10855 10010 8060 1950 1105 650 7540 715 6825 1300 390 150 5525 5395
internal_count=10855 10010 8060 1950 1105 650 7540 715 6825 1300 390 150 5525 5395
is_linear=0
shrinkage=0.03


Tree=240
num_leaves=15
num_cat=0
split_feature=25 67 33 33 7 67 65 34 42 14 40 25 19 14
split_gain=3.51744 2.90063 2.21019 3.85249 3.06227 3.91877 3.85643 3.34328 3.69744 2.99908 2.63408 7.0923 5.81486 5.32129
threshold=1448.9240722656252 96.06555557250978 49.541347503662116 50.926616668701179 0.37267799675464636 245.48347473144534 4791.8066406250009 46.068027496337898 0.35206145048141485 6029.5000000000009 0.36315789818763738 511.19509887695318 0.3418289721012116 3872.0000000000005
decision_type=2 2 2 2 2 2 2 2 2 2 2 2 2 2
left_child=2 -2 9 -4 5 7 -6 8 -5 10 11 -1 -13 -12
right_child=1 -3 3 4 6 -7 -8 -9 -10 -11 13 12 -14 -15
leaf_value=0.00090696313703373104 -0.0077976962660075561 0.0010994100125600523 -0.011318205066221134 0.0012748101590489055 4.8788761631246665e-05 4.9928981984185434e-05 0.0014321149108843137 -0.0030281644351112594 -0.0025832911104122784 -0.0021040793331284259 -0.00037461259379461772 0.0040156746120682358 0.0002943266943554924 0.00083265134866039386
leaf_weight=140 695 150 520 62 3835 1755 65 1740 83 325 630 70 665 120
leaf_count=140 695 150 520 62 3835 1755 65 1740 83 325 630 70 665 120
internal_value=-0.000324736 -0.00218343 -0.000167833 -0.000387097 -0.000214855 -0.00084066 0.00036923 -0.00179045 0.00258621 0.000738461 0.00126461 0.00238286 0.00120408 -4.00007e-05
internal_weight=10855 845 10010 8060 7540 3640 3900 1885 145 1950 1625 875 735 750
internal_count=10855 845 10010 8060 7540 3640 3900 1885 145 1950 1625 875 735 750
is_linear=0
shrinkage=0.03


Tree=241
num_leaves=15
num_cat=0
split_feature=25 67 26 1 69 0 13 65 21 30 30 27 28 34
split_gain=3.49655 2.90063 2.49953 3.58826 4.73705 3.02463 3.81772 3.35438 3.65364 3.25739 3.14685 2.95866 3.32469 2.8276
threshold=1448.9240722656252 96.06555557250978 9528.5000000000018 18.113098144531254 1418.9587402343752 11.458333015441896 444.20825195312506 1442.5176391601565 5.5375635623931894 0.8080357313156129 0.92857143282890331 34.895378112792976 394.64279174804693 49.138797760009773
decision_type=2 2 2 2 2 2 2 2 2 2 2 2 2 2
left_child=2 -2 5 4 -4 10 7 13 -9 -8 -1 -5 -13 -7
right_child=1 -3 3 11 -6 6 9 8 -10 -11 -12 12 -14 -15
leaf_value=-0.021950256617988207 -0.0075637653780273291 0.0010664277121832564 0.00052985847199163232 0.00067156459527300725 0.0013159727480794852 0.00039048892092909837 -0.0042815578055047619 0.00035849082146178341 0.0023806478990491017 0.0001801507522602148 0.00059075419120649311 -0.00033395401137328059 0.0005913292562714133 -0.00037074633910807672
leaf_weight=650 695 150 259 910 66 1291 1430 442 53 585 65 1885 520 1854
leaf_count=650 695 150 259 910 66 1291 1430 442 53 585 65 1885 520 1854
internal_value=-0.000330263 -0.00218343 -0.000173827 0.000453296 0.00346154 -0.000532183 -0.000299735 0.000280219 0.00257576 -0.0013474 -0.00237063 0.00015837 -0.000392932 -8.10818e-05
internal_weight=10855 845 10010 3640 325 6370 5655 3640 495 2015 715 3315 2405 3145
internal_count=10855 845 10010 3640 325 6370 5655 3640 495 2015 715 3315 2405 3145
is_linear=0
shrinkage=0.03


Tree=242
num_leaves=15
num_cat=0
split_feature=25 67 26 9 0 13 30 65 65 30 26 1 67 40
split_gain=3.70494 2.41811 2.20982 3.08862 3.05571 3.46935 3.14685 3.05529 3.23252 3.05491 2.70022 2.69877 3.94664 5.81661
threshold=1448.9240722656252 96.06555557250978 9528.5000000000018 0.85192131996154796 11.458333015441896 444.20825195312506 0.92857143282890331 1442.5176391601565 1903.6884765625002 0.8080357313156129 4533.0000000000009 109.5438690185547 2313.721069335938 0.27894736826419836
decision_type=2 2 2 2 2 2 2 2 2 2 2 2 2 2
left_child=2 -2 4 -4 6 7 -1 11 10 -7 -9 -6 -13 -14
right_child=1 -3 3 -5 5 9 -8 8 -10 -11 -12 12 13 -15
leaf_value=-0.021291748919448548 -0.0073368524166865208 0.0010344348808177459 2.912258938400026e-05 0.0029613142766025491 -0.0004704149612446299 -0.0041531110713396218 0.00057303156547030578 0.00023145580717835634 9.1554282678065591e-05 0.00017474622969240844 0.0018859621816522149 0.00010632677907451682 -0.00022496207891397249 0.0019274728378765207
leaf_weight=650 695 150 3445 195 1988 1430 65 67 300 585 128 1055 50 52
leaf_count=650 695 150 3445 195 1988 1430 65 67 300 585 128 1055 50 52
internal_value=-0.000346845 -0.00225444 -0.000185815 0.000403845 -0.000522764 -0.000289125 -0.00237063 0.000263736 0.00245454 -0.00128784 0.00546154 -8.10818e-05 0.00107087 0.00670588
internal_weight=10855 845 10010 3640 6370 5655 715 3640 495 2015 195 3145 1157 102
internal_count=10855 845 10010 3640 6370 5655 715 3640 495 2015 195 3145 1157 102
is_linear=0
shrinkage=0.03


Tree=243
num_leaves=15
num_cat=0
split_feature=25 67 25 27 26 0 67 67 67 65 12 69 30 69
split_gain=3.5263 2.36866 2.23909 5.52685 4.2528 3.77249 3.35199 3.56997 3.54799 2.89574 2.54103 2.71876 6.64489 2.70705
threshold=1448.9240722656252 96.06555557250978 654.93835449218761 25.256567001342777 6992.0000000000009 741.41665649414074 3974.490600585938 1112.8677978515627 980.98999023437511 3158.7275390625005 44.770832061767585 1034.9138793945315 0.6517857313156129 988.38735961914074
decision_type=2 2 2 2 2 2 2 2 2 2 2 2 2 2
left_child=2 -2 3 -1 10 6 7 8 -4 -9 -5 12 -12 -14
right_child=1 -3 5 4 -6 -7 -8 9 -10 -11 11 -13 13 -15
leaf_value=-0.021229744191065186 -0.0071167468441859366 0.0010034018343932259 0.00013367317885121583 -0.010629209629463152 -0.006241973314994308 -0.0023778282953657586 0.0037561100697581645 -0.0022999594048834613 0.0032301302810220762 0.0049520136717036076 0.00097218203702409704 -0.0003567494330659542 0.00013880573620854875 0.0027716346448326411
leaf_weight=1105 695 150 4095 195 455 455 97 635 120 58 96 895 1753 51
leaf_count=1105 695 150 4095 195 455 455 97 635 120 58 96 895 1753 51
internal_value=-0.0003579 -0.00221894 -0.0002008 -0.000692308 -0.000100146 0.00020879 0.000446553 0.000337408 0.00066548 -0.00165801 0.000311036 0.000542039 0.00118421 0.000774944
internal_weight=10855 845 10010 4550 3445 5460 5005 4908 4215 693 2990 2795 1900 1804
internal_count=10855 845 10010 4550 3445 5460 5005 4908 4215 693 2990 2795 1900 1804
is_linear=0
shrinkage=0.03


Tree=244
num_leaves=15
num_cat=0
split_feature=25 67 13 13 7 30 68 28 67 35 69 50 63 5
split_gain=3.25228 2.27129 2.16822 3.73174 3.49031 3.2741 3.82765 3.18529 5.11008 2.59281 3.34421 3.20725 2.33481 3.47212
threshold=1448.9240722656252 96.06555557250978 81.78168106079103 208.93702697753909 0.40284535288810736 0.84970235824584972 1.0000000180025095e-35 398.52995300292974 3974.490600585938 166.52777862548831 58.912776947021491 21.500000000000004 278.05778503417974 49.709306716918952
decision_type=2 2 2 2 2 2 2 2 2 2 2 2 2 2
left_child=2 -2 5 9 7 -1 -7 -5 -9 10 11 -4 13 -6
right_child=1 -3 3 4 12 6 -8 8 -10 -11 -12 -13 -14 -15
leaf_value=-0.010676662354808516 -0.0069032444388603719 0.00097329977936143038 0.001966356715337003 -0.0012926838077739968 0.00010359663911473211 0.00099830068633273601 -0.012176286489525592 -4.1133505940365579e-05 0.0037439944144543346 0.00041861311403073692 -0.0018753791872638159 -0.00074374273141840407 -0.00013580117851608346 0.00086490988138515309
leaf_weight=780 695 150 114 3315 1536 72 123 761 84 1495 430 106 809 385
leaf_count=780 695 150 114 3315 1536 72 123 761 84 1495 430 106 809 385
internal_value=-0.000360664 -0.00214793 -0.000209791 -6.47489e-05 -0.000404935 -0.00155385 0.00192308 -0.000951924 0.000692307 0.00102797 -0.000553847 0.00245454 0.000428571 0.000997917
internal_weight=10855 845 10010 9035 6890 975 195 4160 845 2145 650 220 2730 1921
internal_count=10855 845 10010 9035 6890 975 195 4160 845 2145 650 220 2730 1921
is_linear=0
shrinkage=0.03


Tree=245
num_leaves=15
num_cat=0
split_feature=25 25 27 26 0 45 40 24 15 33 40 6 33 26
split_gain=2.88567 2.10465 4.74396 4.11684 3.69366 2.6266 4.03981 5.2898 3.62932 3.3812 4.60802 6.03571 3.24265 3.23293
threshold=1448.9240722656252 654.93835449218761 25.256567001342777 6992.0000000000009 741.41665649414074 1.0000000180025095e-35 0.43684209883213049 386.59970092773443 0.11082754656672479 59.906250000000007 0.53157895803451549 0.29166667163372045 60.340641021728523 11603.500000000002
decision_type=2 2 2 2 2 2 2 2 2 2 2 2 2 2
left_child=1 2 -1 -4 5 6 7 13 -8 -7 12 -12 -11 -3
right_child=-2 4 3 -5 -6 9 8 -9 -10 10 11 -13 -14 -15
leaf_value=-0.020554071351100007 -0.0021144168061771481 0.0012015365814764302 5.5302368658204008e-05 -0.0060159336013112579 -0.0022677129322715597 -0.00020235055399265179 0.0020434250364748997 -0.0012260057947631037 -0.00028918738411547792 0.0010610912305830298 0.00010259647405943406 0.0033867367993376083 -0.0015210305660626668 0.0044832929881628058
leaf_weight=1105 845 1050 2990 455 455 1755 92 294 874 102 56 56 306 420
leaf_count=1105 845 1050 2990 455 455 1755 92 294 874 102 56 56 306 420
internal_value=-0.0003579 -0.000215785 -0.000692308 -0.000143687 0.000181318 0.000416583 0.00104396 0.00189796 -0.000515529 -0.000336264 0.00178846 0.00717857 0.000308823 0.00263265
internal_weight=10855 10010 4550 3445 5460 5005 2730 1764 966 2275 520 112 408 1470
internal_count=10855 10010 4550 3445 5460 5005 2730 1764 966 2275 520 112 408 1470
is_linear=0
shrinkage=0.03


Tree=246
num_leaves=15
num_cat=0
split_feature=25 25 34 34 43 35 65 65 23 67 69 11 40 16
split_gain=2.76524 2.21978 2.3381 3.52627 10.5088 3.45357 3.9258 5.59351 4.91273 3.95132 4.60929 3.02508 2.89418 3.89978
threshold=1448.9240722656252 1111.4905395507815 52.02040100097657 51.668193817138679 -0.63405361771583546 167.25069427490237 55.684444427490241 181.57167053222659 23.497777938842777 803.95623779296886 286.17375183105474 4.1408333778381357 0.4052631556987763 23.224072456359867
decision_type=2 2 2 2 2 2 2 2 2 2 2 2 2 2
left_child=1 2 3 5 -5 11 9 8 -8 -7 -11 12 -1 -14
right_child=-2 -3 -4 4 -6 6 7 -9 -10 10 -12 -13 13 -15
leaf_value=0.00024753397348909926 -0.0020509843019918426 0.00066972425794097708 -0.00047040981300632147 0.0016447736830036668 -0.0055424051859336481 -0.0045895587511535132 -9.4438448189216676e-05 0.00032681622457449622 0.0012969972846451957 0.0060409454256896448 -3.7442804830540631e-05 -0.0051909281514892144 -0.0028094029203916604 0.00020741300490839581
leaf_weight=2613 845 390 2145 81 114 624 52 1042 119 83 225 780 1300 442
leaf_count=2613 845 390 2145 81 114 624 52 1042 119 83 225 780 1300 442
internal_value=-0.0003579 -0.000218782 -0.000308733 -5.81947e-05 0.00392308 -0.000164836 0.000846153 0.00197115 0.007 -0.000618026 0.00216234 -0.000587148 -0.00027899 -0.00122618
internal_weight=10855 10010 9620 7475 195 7280 2145 1213 171 932 308 5135 4355 1742
internal_count=10855 10010 9620 7475 195 7280 2145 1213 171 932 308 5135 4355 1742
is_linear=0
shrinkage=0.03


Tree=247
num_leaves=15
num_cat=0
split_feature=25 67 11 9 13 14 67 21 69 69 58 65 67 65
split_gain=2.6126 2.53208 2.22429 5.69944 3.69822 3.87546 3.75584 3.4343 4.82674 2.65394 4.29998 3.02357 2.63338 3.36651
threshold=1448.9240722656252 96.06555557250978 3.3650000095367436 0.2455902770161629 209.58105468750003 3137.0000000000005 3974.490600585938 2.1277258396148686 882.39263916015636 32.073194503784187 2.6213889122009282 1490.5090332031252 419.41889953613287 43.306110382080085
decision_type=2 2 2 2 2 2 2 2 2 2 2 2 2 2
left_child=2 -2 3 4 9 -6 -7 8 -4 10 -1 -11 13 -5
right_child=1 -3 7 12 5 6 -8 -9 -10 11 -12 -13 -14 -15
leaf_value=0.00026088574016014832 -0.0065711850724495015 0.00106906281922564 0.0010116562214452602 0.00032667875717059641 -0.0016455875712329863 -4.2012912733598788e-05 0.0033610035550132576 -0.00036624564783317893 -0.0012276659716910691 -0.00013534927996573389 0.0046745634148656953 0.0019294882127764484 5.0002239687388799e-05 0.0010236138397796796
leaf_weight=223 695 150 51 517 2080 1722 98 3055 79 780 52 115 654 584
leaf_count=223 695 150 51 517 2080 1722 98 3055 79 780 52 115 654 584
internal_value=-0.000333027 -0.00193491 -0.000197803 0.000107692 -0.000402368 -0.000846155 0.000164834 -0.000852434 0.00392308 0.00107692 0.00365454 0.000284915 0.0015812 0.00247684
internal_weight=10855 845 10010 6825 5070 3900 1820 3185 130 1170 275 895 1755 1101
internal_count=10855 845 10010 6825 5070 3900 1820 3185 130 1170 275 895 1755 1101
is_linear=0
shrinkage=0.03


Tree=248
num_leaves=15
num_cat=0
split_feature=25 13 69 13 25 40 30 65 69 7 23 67 9 22
split_gain=2.66557 2.05123 3.66766 3.15526 4.39607 9.13753 2.985 2.73811 4.30683 2.53544 2.95803 3.00008 3.29306 3.2139
threshold=1448.9240722656252 81.78168106079103 1607.9959716796877 208.93702697753909 268.58322143554693 0.3315789550542832 0.84970235824584972 71.25152969360353 41.83833312988282 0.40284535288810736 22.432222366333011 4138.8281250000009 0.10282407328486444 7.0565481185913095
decision_type=2 2 2 2 2 2 2 2 2 2 2 2 2 2
left_child=1 2 6 -3 5 -5 -1 -8 -9 10 -6 12 -12 -14
right_child=-2 3 -4 4 9 -7 7 8 -10 -11 11 -13 13 -15
leaf_value=-0.012150339491521328 -0.0019062820619466462 0.00025365408058643327 0.00078794930041607984 -0.044816841214865233 -0.0025676494525344088 0.0015749416848046373 -0.040899915557232366 0.0015464933754800298 -0.0008793188598524151 6.3287287415741739e-05 7.8472477877408669e-05 0.00252682882555667 5.6084496797369119e-05 -0.0067758482579622012
leaf_weight=722 845 2145 58 64 1170 66 79 66 50 2600 1515 91 571 813
leaf_count=722 845 2145 58 64 1170 66 79 66 50 2600 1515 91 571 813
internal_value=-0.000352373 -0.000215785 -0.00152308 -7.47102e-05 -0.000387519 0.00507692 -0.00198582 0.00130769 0.00424138 -0.000492604 -0.000951924 -0.000451506 -0.00061987 -0.00167775
internal_weight=10855 10010 975 9035 6890 130 917 195 116 6760 4160 2990 2899 1384
internal_count=10855 10010 975 9035 6890 130 917 195 116 6760 4160 2990 2899 1384
is_linear=0
shrinkage=0.03


Tree=249
num_leaves=15
num_cat=0
split_feature=34 40 69 40 16 69 33 25 1 14 12 27 0 13
split_gain=2.46402 4.08583 5.63568 3.07192 5.13042 4.30161 4.02067 3.70515 9.408 2.89878 9.01299 2.71625 6.72222 2.48111
threshold=57.903236389160163 0.39473684132099157 0.56888887286186229 0.41578947007656103 123.2425880432129 1085.6687622070315 30.3546257019043 222.96279144287112 167.68514251708987 114.50000000000001 26.260416984558109 83.047992706298842 30.375000000000004 81.78168106079103
decision_type=2 2 2 2 2 2 2 2 2 2 2 2 2 2
left_child=3 -2 -3 9 6 -6 -5 8 -8 -1 -11 -9 -13 -12
right_child=1 2 -4 4 5 -7 7 11 -10 10 13 12 -14 -15
leaf_value=-0.017437796522919085 -0.00029999117647573392 0.0033498992613644773 0.00024400616978910038 0.00041207469505548345 0.0031515928042820636 -8.1678411766482049e-05 -0.012360099184051876 -0.0019322439422492475 0.0015129588778052703 0.0019311600879615867 -0.0085886510859390572 0.0027061501622726979 -0.00028634739468622793 3.3062307584097443e-05
leaf_weight=280 152 53 55 50 66 59 75 3550 50 80 240 75 150 5920
leaf_count=280 152 53 55 50 66 59 75 3550 50 80 240 75 150 5920
internal_value=-0.000346845 0.00253846 0.007 -0.000417651 -0.0010638 0.00492 -0.00125317 -0.00136154 0.00372 -1.38044e-05 0.000120192 -0.0015298 0.00166667 -9.74097e-06
internal_weight=10855 260 108 10595 4075 125 3950 3900 125 6520 6240 3775 225 6160
internal_count=10855 260 108 10595 4075 125 3950 3900 125 6520 6240 3775 225 6160
is_linear=0
shrinkage=0.03


Tree=250
num_leaves=15
num_cat=0
split_feature=0 18 27 40 44 2 26 40 21 40 6 65 30 67
split_gain=2.5069 2.77767 3.93856 4.21371 6.1144 4.25207 4.24242 3.91669 3.02477 5.95202 3.05429 4.52527 3.07891 3.09262
threshold=741.41665649414074 0.42708332836627966 19.333355903625492 0.34210526943206793 0.87837970256805431 149.50000000000003 5834.0000000000009 0.16315789520740512 5.4789443016052255 0.27894736826419836 0.20833333581686023 4940.6240234375009 0.74107143282890331 2313.721069335938
decision_type=2 2 2 2 2 2 2 2 2 2 2 2 2 2
left_child=1 8 -3 4 5 -4 7 -7 10 -10 -1 12 -12 -14
right_child=-2 2 3 -5 -6 6 -8 -9 9 -11 11 -13 13 -15
leaf_value=-0.00017296627373974383 -0.0013567168619749981 -0.019775335831721339 -0.014684699309687473 -0.003392379530246457 0.0015987562863515753 9.3082241712789108e-06 3.0188194704171686e-05 0.0024235281681161884 -0.0066654977581998218 0.0030490558150279069 -0.00025816575134157249 0.0012527479569646404 0.0002742998451398041 0.0014350315147496967
leaf_weight=4485 845 715 264 800 99 64 330 68 54 76 1130 57 1796 72
leaf_count=4485 845 715 264 800 99 64 330 68 54 76 1130 57 1796 72
internal_value=-0.000330263 -0.000197803 -0.00110256 -0.000286155 0.00121818 0.000264462 0.002 0.00654545 7.82261e-05 0.00461538 -7.15256e-10 0.000731587 0.000572381 0.00132013
internal_weight=10855 10010 2340 1625 825 726 462 132 7670 130 7540 3055 2998 1868
internal_count=10855 10010 2340 1625 825 726 462 132 7670 130 7540 3055 2998 1868
is_linear=0
shrinkage=0.03


Tree=251
num_leaves=15
num_cat=0
split_feature=1 35 40 33 0 16 44 12 40 25 29 1 1 34
split_gain=2.40776 2.51753 2.93583 5.69204 4.37506 3.38603 3.21274 4.62821 7.78457 3.19385 2.62861 3.91903 2.53901 3.50033
threshold=1748.402038574219 166.7287521362305 0.54210525751113903 69.275196075439467 30.375000000000004 54.178173065185554 0.6078576147556306 3.2916666269302373 0.23684210330247882 316.84191894531256 3118.2814941406255 659.24734497070324 97.389240264892592 49.411022186279304
decision_type=2 2 2 2 2 2 2 2 2 2 2 2 2 2
left_child=1 10 4 9 5 6 -3 -8 -9 -4 11 -1 -6 -14
right_child=-2 2 3 -5 12 -7 7 8 -10 -11 -12 -13 13 -15
leaf_value=-0.001554588459346486 -0.0016716703551407158 -0.0069820241463723273 0.00016150192821403478 0.0031992760926521069 0.0012975611214656102 0.0019889795035139116 -0.005071533404419854 0.01275970409749062 -0.00037849718984500451 -0.0014535395784520562 3.4255266272984757e-05 0.0022467173641490599 0.00047876961147782268 -7.2325412791921694e-05
leaf_weight=2470 715 832 52 52 1196 156 156 69 87 1092 1560 130 936 1352
leaf_count=2470 715 832 52 52 1196 156 156 69 87 1092 1560 130 936 1352
internal_value=-0.000352373 -0.000233729 0.000160534 -0.0011689 0.000492892 -0.000992308 -0.00155769 0.00103846 0.00469231 -0.00161014 -0.000800481 -0.00138462 0.00104707 0.000461538
internal_weight=10855 10140 5980 1196 4784 1300 1144 312 156 1144 4160 2600 3484 2288
internal_count=10855 10140 5980 1196 4784 1300 1144 312 156 1144 4160 2600 3484 2288
is_linear=0
shrinkage=0.03


Tree=252
num_leaves=15
num_cat=0
split_feature=13 13 25 40 30 35 70 15 40 29 1 1 31 65
split_gain=2.51466 3.06237 3.87961 8.12308 2.9893 2.67497 2.8778 2.49099 3.38467 4.34882 5.95989 4.51447 3.68631 4.92486
threshold=81.78168106079103 208.93702697753909 268.58322143554693 0.3315789550542832 0.92857143282890331 166.52777862548831 1.0000000180025095e-35 3.8859492540359502 0.13157894462347033 1567.842224121094 346.31076049804693 83.915660858154311 0.47446672618389135 5184.0485839843759
decision_type=2 2 2 2 2 2 2 2 2 2 2 2 2 2
left_child=4 5 3 -3 -1 6 -2 8 9 10 11 -4 13 -10
right_child=1 2 7 -5 -6 -7 -8 -9 12 -11 -12 -13 -14 -15
leaf_value=-0.0071495347508262813 0.001971359462685241 -0.043479387080617216 0.0021930504418417309 0.0014437055861429579 0.00067230817775126492 0.00040235416239834244 -0.0010893673912780279 1.0918068683869413e-05 -0.0061978117806601729 -0.00042351906651639539 -0.00049391842424270898 0.020979066990423682 0.00013994723118999629 0.0011529421575918908
leaf_weight=910 53 64 91 66 65 1495 727 3185 2566 559 143 65 780 86
leaf_count=910 53 64 91 66 65 1495 727 3185 2566 559 143 65 780 86
internal_value=-0.000377246 -0.000233806 -0.000522683 0.00461538 -0.00183077 0.000731867 -0.000692308 -0.000612041 -0.00108392 0.000601398 0.00352174 0.00757692 -0.00150525 -0.00203846
internal_weight=10855 9880 7605 130 975 2275 780 7475 4290 858 299 156 3432 2652
internal_count=10855 9880 7605 130 975 2275 780 7475 4290 858 299 156 3432 2652
is_linear=0
shrinkage=0.03


Tree=253
num_leaves=15
num_cat=0
split_feature=34 24 69 18 65 65 22 34 40 22 23 0 13 34
split_gain=2.62171 4.42873 7.6412 4.14613 3.33874 6.96299 4.04307 2.90002 3.78547 3.20012 3.89465 3.77975 3.54926 2.80167
threshold=46.633069992065437 248.05803680419925 1418.9587402343752 0.55208334326744091 181.57167053222659 43.306110382080085 7.5888965129852304 57.224985122680671 0.46842105686664587 6.9723012447357187 22.138889312744144 38.166666030883796 193.34938049316409 50.340475082397468
decision_type=2 2 2 2 2 2 2 2 2 2 2 2 2 2
left_child=1 -1 4 7 5 6 -3 8 9 10 12 -12 -2 -11
right_child=3 2 -4 -5 -6 -7 -8 -9 -10 13 11 -13 -14 -15
leaf_value=-0.00022051498908910827 0.0016202334622428206 -0.013229178626481937 0.0021280593974611654 -0.012204884460274288 -0.00029125890662844747 0.0015815430400456579 0.0054826000966839211 0.00089550834254149326 -0.00077897607260265134 2.6637474249065104e-05 -0.0032090639096728269 0.0015105149634874746 -0.0013415774725840117 -0.00092983736028111883
leaf_weight=1105 225 119 74 845 331 80 176 325 2400 2025 180 1035 720 1215
leaf_count=1105 225 119 74 845 331 80 176 325 2400 2025 180 1035 720 1215
internal_value=-0.000324736 0.000692307 0.00242308 -0.000538462 0.00146176 0.0034 0.00127119 -0.000330462 -0.000446155 -5.55627e-06 0.000888888 0.00201234 -0.000555556 -0.000601853
internal_weight=10855 1885 780 8970 706 375 295 8125 7800 5400 2160 1215 945 3240
internal_count=10855 1885 780 8970 706 375 295 8125 7800 5400 2160 1215 945 3240
is_linear=0
shrinkage=0.03


Tree=254
num_leaves=15
num_cat=0
split_feature=37 21 34 65 65 1 9 13 14 67 29 28 43 40
split_gain=3.12242 2.62338 2.75722 3.09144 4.47386 2.55175 2.0761 2.97343 4.04504 3.84715 2.76484 4.00639 10.7885 2.87182
threshold=1.0000000180025095e-35 6.3301882743835458 46.967906951904304 244.26194763183597 20.301944732666019 1748.402038574219 0.2455902770161629 209.58105468750003 2980.0000000000005 3974.490600585938 5219.1750488281259 353.11349487304693 -0.58216583728790272 0.047368422150611884
decision_type=2 2 2 2 2 2 2 2 2 2 2 2 2 2
left_child=1 5 3 4 -3 6 7 -1 -9 -10 11 13 -13 -8
right_child=-2 2 -4 -5 -6 -7 10 8 9 -11 -12 12 -14 -15
leaf_value=0.00032393556275083358 0.0005637508502044624 0.00068821418596886643 -0.009124703581539122 -0.0034181934235432507 0.00093941045276620539 -0.0015925036679860754 0.0041447772994151772 -0.0018572593059417027 -2.7841407983088214e-05 0.0032504850934753303 -0.00073495268691314429 0.0014277233195510001 -0.0005074555260979563 5.5548987078459934e-05
leaf_weight=1170 65 102 975 237 51 715 230 2080 1599 91 585 87 108 2760
leaf_count=1170 65 102 975 237 51 715 230 2080 1599 91 585 87 108 2760
internal_value=-0.000324736 -0.000364227 -0.00159341 0.000538461 0.00386274 -0.000186208 -4.47768e-05 -0.000449393 -0.000859417 0.000230769 0.00048541 0.000833594 0.005 0.000561872
internal_weight=10855 10790 1365 390 153 9425 8710 4940 3770 1690 3770 3185 195 2990
internal_count=10855 10790 1365 390 153 9425 8710 4940 3770 1690 3770 3185 195 2990
is_linear=0
shrinkage=0.03


Tree=255
num_leaves=15
num_cat=0
split_feature=15 22 44 40 30 33 28 13 22 35 29 27 16 40
split_gain=2.76925 4.03107 4.55798 4.56925 4.09697 3.06767 3.37662 3.8061 3.20355 2.98751 2.928 2.83458 3.07302 2.58769
threshold=3.7441030740737919 6.9723012447357187 1.0000000180025095e-35 0.20526316016912463 0.8080357313156129 69.806602478027358 130.03934478759768 1150.0232543945315 7.3057639598846444 167.48097229003909 789.28930664062511 49.175724029541023 5.2107565402984628 0.41578947007656103
decision_type=2 2 2 2 2 2 2 2 2 2 2 2 2 2
left_child=1 9 -3 4 -4 6 8 -8 -2 -1 -10 -5 -13 -7
right_child=5 2 3 11 -6 13 7 -9 10 -11 -12 12 -14 -15
leaf_value=-0.00035998543880391562 -0.0022628043672269773 -0.0050987174826746459 0.00081773870781387168 -0.0099682200745745009 0.0019815587050869029 8.650942114703815e-05 0.00039032807121427114 -0.0010473052336448334 0.00045114647853252484 0.00018962386413370772 -0.00020016483743148228 -9.0894401517767481e-05 0.00068786094143379213 0.0031999093296146992
leaf_weight=2145 715 2275 320 585 120 80 1170 260 715 975 1040 315 90 50
leaf_count=2145 715 2275 320 585 120 80 1170 260 715 975 1040 315 90 50
internal_value=-0.000310917 -0.000679122 -0.00134818 -2.09797e-05 0.00252273 0.000312654 0.000161538 0.00132168 -0.000510122 0.000115384 0.000179486 -0.00115152 0.000777777 0.00484615
internal_weight=10855 6825 3705 1430 440 4030 3900 1430 2470 3120 1755 990 405 130
internal_count=10855 6825 3705 1430 440 4030 3900 1430 2470 3120 1755 990 405 130
is_linear=0
shrinkage=0.03


Tree=256
num_leaves=15
num_cat=0
split_feature=37 18 34 56 1 35 40 33 25 13 29 65 35 59
split_gain=2.64224 2.53248 3.69615 3.25928 2.69446 2.31676 3.30289 4.12948 3.14351 2.98694 4.94172 5.95531 5.24525 5.03313
threshold=1.0000000180025095e-35 0.55208334326744091 47.295478820800788 23.500000000000004 1748.402038574219 166.50263977050784 0.55263158679008495 67.552051544189467 398.49481201171881 209.58105468750003 4023.507934570313 248.91180419921878 166.99986267089847 4.5000000000000009
decision_type=2 2 2 2 2 2 2 2 2 2 2 2 2 2
left_child=1 4 3 -3 5 -1 9 8 -8 10 11 12 -7 -14
right_child=-2 2 -4 -5 -6 6 7 -9 -10 -11 -12 -13 13 -15
leaf_value=-0.00030231904235212891 0.00053512848256189675 0.00060668560498282982 -0.016441012050033527 -0.01386048660017246 -0.0015273721276781464 0.001694055794554838 0.00037628137340583052 0.0027670707767352269 -0.0011779872170183604 3.2872400698092633e-05 -6.9682585170880069e-05 0.0013496186106878522 0.0011617639963628261 0.0049801242722353834
leaf_weight=3120 65 255 780 135 715 51 96 60 912 3339 583 445 231 68
leaf_count=3120 65 255 780 135 715 51 96 60 912 3339 583 445 231 68
internal_value=-0.000261171 -0.000297498 -0.00161539 0.00076923 -0.000137215 5.05263e-06 0.000360414 -0.00114607 -0.00160119 0.000701504 0.00187663 0.00341509 0.00634286 0.00482609
internal_weight=10855 10790 1170 390 9620 8905 5785 1068 1008 4717 1378 795 350 299
internal_count=10855 10790 1170 390 9620 8905 5785 1068 1008 4717 1378 795 350 299
is_linear=0
shrinkage=0.03


Tree=257
num_leaves=15
num_cat=0
split_feature=40 34 16 33 69 3 25 1 30 33 25 69 67 27
split_gain=2.46892 5.44179 4.70516 4.29409 3.69376 3.54441 3.79009 9.04615 3.73783 3.49118 7.25063 5.0358 3.89942 5.69263
threshold=0.4052631556987763 57.903236389160163 123.2425880432129 30.3546257019043 0.56888887286186229 10.599641323089601 222.96279144287112 167.68514251708987 0.92113095521926891 49.802545547485359 511.19509887695318 235.37277984619143 77.394443511962905 8.2160096168518084
decision_type=2 2 2 2 2 2 2 2 2 2 2 2 2 2
left_child=9 2 3 -2 -3 6 7 -5 -8 10 11 -1 -11 -14
right_child=1 4 -4 5 -6 -7 8 -9 -10 12 -12 -13 13 -15
leaf_value=0.00070070660260289786 0.0004446013822761152 0.0029650353541197114 0.00093409692115037769 -0.012004340261850785 0.00036739702413939978 0.00049977486879319996 -0.0019119419500588373 0.0013426784672946469 0.00073231092913828249 -0.0011911525012963961 0.00030150492174059473 0.00047356344946831937 0.0015576715761846003 1.0860815328770984e-06
leaf_weight=101 52 51 130 78 53 364 3510 52 52 2036 1053 55 275 2993
leaf_count=101 52 51 130 78 53 364 3510 52 52 2036 1053 55 275 2993
internal_value=-0.00028328 -0.000837403 -0.00100378 -0.0011816 0.00594231 -0.00129142 -0.00156988 0.00346154 -0.00175351 8.61347e-05 0.00154094 0.00757692 -0.000245476 0.000396572
internal_weight=10855 4342 4238 4108 104 4056 3692 130 3562 6513 1209 156 5304 3268
internal_count=10855 4342 4238 4108 104 4056 3692 130 3562 6513 1209 156 5304 3268
is_linear=0
shrinkage=0.03


Tree=258
num_leaves=15
num_cat=0
split_feature=33 18 30 10 14 40 25 21 1 19 33 69 33 13
split_gain=2.45054 3.3613 2.92443 2.89182 2.84317 2.82761 7.21279 5.5656 8.71204 3.20117 3.20106 3.11889 2.63082 2.45615
threshold=49.802545547485359 0.55208334326744091 0.92857143282890331 1.5177347064018252 6029.5000000000009 0.36315789818763738 511.19509887695318 4.4067883491516122 40.895647048950202 0.3418289721012116 30.3546257019043 34.908750534057624 50.753660202026374 202.67753601074222
decision_type=2 2 2 2 2 2 2 2 2 2 2 2 2 2
left_child=4 3 -3 12 5 6 11 8 -7 -8 -10 -1 -2 -14
right_child=1 2 -4 -5 -6 7 9 -9 10 -11 -12 -13 13 -15
leaf_value=0.00153697445131685 -0.033230556284832458 -0.013410799240261281 0.00053065171568672607 0.00027751973519015181 -0.0020339702889622295 0.0039393479224848881 0.0035655216340070052 -0.0030573503720613534 0.00043126334080785257 0.00026461161729079307 -0.0010922199689922022 0.00026354732737416065 0.00029011680754615845 -0.00015879171386066644
leaf_weight=54 325 845 65 130 325 90 70 420 60 700 210 86 1690 5785
leaf_count=54 325 845 65 130 325 90 70 420 60 700 210 86 1690 5785
internal_value=-0.000266698 -0.000481901 -0.00220879 -0.000283733 0.000677419 0.0011716 0.00230769 -0.000153847 0.00258333 0.00116883 -0.000111112 0.00857143 -0.000357693 -0.00024281
internal_weight=10855 8840 910 7930 2015 1690 910 780 360 770 270 140 7800 7475
internal_count=10855 8840 910 7930 2015 1690 910 780 360 770 270 140 7800 7475
is_linear=0
shrinkage=0.03


Tree=259
num_leaves=15
num_cat=0
split_feature=15 21 44 22 68 69 27 63 69 36 33 27 24 36
split_gain=2.48252 3.57058 4.90564 4.79879 3.18402 6.1997 3.12124 3.07713 3.68734 3.25213 3.06767 3.04764 2.94412 2.93364
threshold=3.7441030740737919 3.054134845733643 1.0000000180025095e-35 6.1749844551086435 1.0000000180025095e-35 38.491666793823249 75.838256835937514 1.5573611259460451 1066.2229614257815 2.5000000000000004 69.806602478027358 73.468742370605483 275.75596618652349 107.50000000000001
decision_type=2 2 2 2 2 2 2 2 2 2 2 2 2 2
left_child=1 3 -3 13 5 6 -4 -5 9 -9 -2 -7 -10 -1
right_child=10 2 4 7 -6 11 -8 8 12 -11 -12 -13 -14 -15
leaf_value=-0.0016445747471657793 2.7701526288943687e-05 -0.0043300728648013502 0.0017328526398311538 0.00011024867652894343 -0.00029767234682998695 -0.00072661741645163689 0.012151221100060635 5.9079179697384232e-05 -0.015347003381148345 0.0018036544343162802 0.0024196640357145682 0.00059222171919375889 0.0066553928326523069 0.00072670744812314769
leaf_weight=1235 3900 2405 50 802 1466 209 69 73 80 88 130 91 62 195
leaf_count=1235 3900 2405 50 802 1466 209 69 73 80 88 130 91 62 195
internal_value=-0.000277753 -0.000626374 -0.00115385 0.000266271 -7.95827e-06 0.00229833 0.00809244 0.00175113 0.00432673 0.00743478 0.000312654 -7.15256e-10 0.000802816 -0.00088112
internal_weight=10855 6825 4290 2535 1885 419 119 1105 303 161 4030 300 142 1430
internal_count=10855 6825 4290 2535 1885 419 119 1105 303 161 4030 300 142 1430
is_linear=0
shrinkage=0.03


Tree=260
num_leaves=15
num_cat=0
split_feature=40 34 27 27 14 12 44 65 9 65 69 24 35 24
split_gain=2.85862 4.68493 3.25831 4.31951 3.04654 3.14826 3.32876 4.07031 4.18564 4.80095 3.10015 3.04211 5.60303 4.00758
threshold=0.44736842811107641 57.903236389160163 20.491291999816898 23.383011817932132 114.50000000000001 164.78125000000003 0.87837970256805431 1392.8085937500002 0.37942129373550421 3540.107788085938 891.87167358398449 395.42262268066412 165.98652648925784 426.38392639160162
decision_type=2 2 2 2 2 2 2 2 2 2 2 2 2 2
left_child=4 2 -2 -4 -1 6 7 -6 9 10 -9 -5 -13 -14
right_child=1 -3 3 11 5 -7 -8 8 -10 -11 -12 12 13 -15
leaf_value=-0.014202379328338292 -0.0054063310761455728 0.002412921592343787 0.0018822846550705181 -0.00040200744286839686 1.6149491884611775e-05 -0.00010912122739369819 0.0026966311678114957 0.0046850749053964939 1.0980148923406533e-05 0.00038257266873355629 0.0014298873294264539 0.0024478862539483279 0.0010708584634885401 -0.0020608213351219111
leaf_weight=301 1012 88 66 2178 1872 4300 301 83 197 75 52 66 88 176
leaf_count=301 1012 88 66 2178 1872 4300 301 83 197 75 52 66 88 176
internal_value=-0.000294335 -0.00097496 -0.00114278 -0.000575758 5.38915e-05 0.000183139 0.00101163 0.000620008 0.00333907 0.00628571 0.00966667 -0.00077512 0.00190909 -4.54553e-05
internal_weight=10855 3674 3586 2574 7181 6880 2580 2279 407 210 135 2508 330 264
internal_count=10855 3674 3586 2574 7181 6880 2580 2279 407 210 135 2508 330 264
is_linear=0
shrinkage=0.03


Tree=261
num_leaves=15
num_cat=0
split_feature=13 13 7 26 69 69 67 28 67 40 34 15 1 67
split_gain=2.80466 3.16946 3.64756 4.10469 3.69123 6.60112 5.16164 3.57808 3.98527 3.17403 5.2137 4.03885 3.29504 3.83966
threshold=90.835617065429702 202.67753601074222 0.40284535288810736 5659.5000000000009 280.11222839355474 170.05805969238284 56.11694526672364 398.52995300292974 3974.490600585938 0.17368421703577044 51.802907943725593 3.1400779485702519 21.001284599304203 1112.8677978515627
decision_type=2 2 2 2 2 2 2 2 2 2 2 2 2 2
left_child=-1 -2 7 4 5 -4 -6 -3 -9 10 12 -11 -5 -14
right_child=1 2 3 9 6 -7 -8 8 -10 11 -12 -13 13 -15
leaf_value=-0.0039553110268856408 0.00027415576469574801 -0.0010251710319458792 0.00059367178445522738 -0.00071630859017944918 0.0024972894363060401 0.0014779964613380696 -0.00030918543649141752 4.8511884455779581e-05 0.0032168799838099386 -0.006924635551874345 -0.0016287322813787583 6.6886919650174681e-05 0.0029119305666833102 -0.0016702242158458385
leaf_weight=1105 2015 3640 197 68 71 60 322 761 84 912 238 1008 304 70
leaf_count=1105 2015 3640 197 68 71 60 322 761 84 912 238 1008 304 70
internal_value=-0.000291571 -0.000129231 -0.000405301 0.000359999 0.00249231 0.00528794 0.000664121 -0.000959867 0.000798816 -0.000173078 0.00158823 -0.000796876 0.00351584 0.00462032
internal_weight=10855 9750 7735 3250 650 257 393 4485 845 2600 680 1920 442 374
internal_count=10855 9750 7735 3250 650 257 393 4485 845 2600 680 1920 442 374
is_linear=0
shrinkage=0.03


Tree=262
num_leaves=15
num_cat=0
split_feature=15 40 18 30 13 13 27 30 65 1 12 65 25 25
split_gain=2.65718 4.17811 3.35162 4.74123 3.71212 5.15211 3.92867 3.25646 3.07902 3.96768 2.8704 2.83763 3.4279 3.14864
threshold=3.7441030740737919 0.41578947007656103 0.48958332836627966 0.77827382087707531 193.34938049316409 135.90161132812503 20.491291999816898 0.86011904478073131 257.26916503906256 25.543267250061039 618.65625000000011 663.75234985351574 654.93835449218761 378.46420288085943
decision_type=2 2 2 2 2 2 2 2 2 2 2 2 2 2
left_child=1 2 4 -4 5 6 -1 -3 9 -7 11 12 13 -2
right_child=10 7 3 -5 -6 8 -8 -9 -10 -11 -12 -13 -14 -15
leaf_value=0.0012263672814938494 0.001660610639192593 -0.0019139971001637761 0.0021110637885659901 -0.012628462152950807 -0.00011861169732665641 0.011576378538253601 -0.00072535876395163302 0.00074503325291781503 0.0011593195104573552 0.0030144609279582372 -0.00041984755667682789 0.00039791105253452971 0.00036187045576645027 -0.0018144628804121479
leaf_weight=80 89 2575 80 600 2560 80 440 50 271 89 585 1106 1369 881
leaf_count=80 89 2575 80 600 2560 80 440 50 271 89 585 1106 1369 881
internal_value=-0.00028328 -0.000643957 -5.71436e-05 -0.00198529 0.00031534 0.00190625 -0.000115385 -0.00158286 0.00429545 0.00747337 0.000327543 0.000657474 6.54119e-05 -0.00129897
internal_weight=10855 6825 4200 680 3520 960 520 2625 440 169 4030 3445 2339 970
internal_count=10855 6825 4200 680 3520 960 520 2625 440 169 4030 3445 2339 970
is_linear=0
shrinkage=0.03


Tree=263
num_leaves=15
num_cat=0
split_feature=25 13 30 65 69 7 65 13 23 40 69 1 67 6
split_gain=2.6509 2.81293 2.66769 2.63759 4.43114 2.55504 4.64946 4.22231 3.70424 3.27731 3.33943 3.59502 2.82318 3.32887
threshold=1535.2022094726565 81.78168106079103 0.84970235824584972 66.53055572509767 41.83833312988282 0.40284535288810736 4940.6240234375009 209.58105468750003 22.432222366333011 0.36315789818763738 891.87167358398449 147.85086822509768 4138.8281250000009 1.0000000180025095e-35
decision_type=2 2 2 2 2 2 2 2 2 2 2 2 2 2
left_child=1 2 -1 -4 -5 7 -7 9 -9 10 11 -3 13 -10
right_child=-2 5 3 4 -6 6 -8 8 12 -11 -12 -13 -14 -15
leaf_value=-0.0084088854270997528 -0.0024371748906741797 0.0040092716010811042 -0.039145041856989873 0.0011958120302358298 -0.00091798693443197665 7.151943142645705e-05 0.0013945426448232047 -0.0023397627542140523 0.00027899796400707768 -0.00023569411237915486 9.7018640773576775e-05 0.00026272837019977366 0.0022626327437273684 -0.0008674967362839928
leaf_weight=780 715 172 74 69 52 3843 57 1170 621 510 299 124 91 2278
leaf_count=780 715 172 74 69 52 3843 57 1170 621 510 299 124 91 2278
internal_value=-0.000269462 -0.000144971 -0.00167692 0.00146154 0.00419008 1.80026e-05 0.000599999 -0.000413106 -0.000850962 0.00123529 0.0027479 0.00500676 -0.000290971 -0.000454295
internal_weight=10855 10140 975 195 121 9165 3900 5265 4160 1105 595 296 2990 2899
internal_count=10855 10140 975 195 121 9165 3900 5265 4160 1105 595 296 2990 2899
is_linear=0
shrinkage=0.03


Tree=264
num_leaves=15
num_cat=0
split_feature=15 22 34 35 65 33 69 69 34 67 42 22 67 12
split_gain=2.61854 3.53268 5.26925 3.37175 4.04538 4.89479 3.5889 3.44862 3.21641 3.31625 3.99828 4.6107 2.98753 2.61719
threshold=3.7441030740737919 6.9148337841033944 47.295478820800788 167.48097229003909 1.0000000180025095e-35 54.27380561828614 914.64709472656261 1822.9822387695315 44.524784088134773 13.406250000000002 0.35206145048141485 7.9128456115722665 391.89512634277349 618.65625000000011
decision_type=2 2 2 2 2 2 2 2 2 2 2 2 2 2
left_child=1 3 8 4 5 7 -7 -1 -3 10 11 -10 -8 -2
right_child=13 2 -4 -5 -6 6 12 -9 9 -11 -12 -13 -14 -15
leaf_value=-0.0028521289951206541 0.00014677446417699246 -0.0022090456906366097 -0.0046421623803525975 0.00052007586028622805 -0.0013370189938292413 0.003886317009090218 0.0048644626375806358 0.020095193878858289 0.0007466376807004967 5.7652936337088162e-05 0.00031806554182503067 0.0053570941315901708 -0.00027457783789955564 -0.0003681914542578262
leaf_weight=326 3445 325 2860 715 1347 63 65 63 58 687 146 84 86 585
leaf_count=326 3445 325 2860 715 1347 63 65 63 58 687 146 84 86 585
internal_value=-0.000263934 -0.000621979 -0.00116827 0.000230769 -0.000415385 0.00162686 0.00527103 -0.000377893 0.000415384 0.00127692 0.00397917 0.00756338 0.00276159 0.000342431
internal_weight=10855 6825 4160 2665 1950 603 214 389 1300 975 288 142 151 4030
internal_count=10855 6825 4160 2665 1950 603 214 389 1300 975 288 142 151 4030
is_linear=0
shrinkage=0.03


Tree=265
num_leaves=15
num_cat=0
split_feature=40 34 33 25 40 0 2 34 34 3 3 65 24 16
split_gain=2.84387 5.07013 3.37411 6.60522 5.13313 3.84315 3.47315 3.13068 5.76732 4.98701 3.12445 3.78741 3.52691 2.93019
threshold=0.44736842811107641 57.903236389160163 49.802545547485359 459.01469421386724 0.26842105388641363 30.375000000000004 220.50000000000003 45.982936859130866 44.661062240600593 0.0031712962663732473 0.73049768805503856 43.306110382080085 415.99107360839849 20.768422126770023
decision_type=2 2 2 2 2 2 2 2 2 2 2 2 2 2
left_child=2 7 3 4 -1 -4 -7 8 13 -10 -9 -12 -13 -2
right_child=1 -3 5 -5 -6 6 -8 10 9 -11 11 12 -14 -15
leaf_value=0.00089210446108936971 -0.012194634569802189 0.0023211224064428799 -0.0027666564697127203 0.00024970629800405908 0.00020355341100899616 0.0012559797251784155 -6.9009055053111785e-05 -0.0018936157368864854 0.00067242097380497987 -0.0035033452801176809 -0.0011057803982927562 0.0016541042854819942 -2.4542371999042772e-05 0.00040161351623724587
leaf_weight=78 220 88 1204 1204 51 860 3784 2354 88 66 434 159 177 88
leaf_count=78 220 88 1204 1204 51 860 3784 2354 88 66 434 159 177 88
internal_value=-0.00023077 -0.000909636 0.000116557 0.00147862 0.00793023 -0.000193913 0.000197674 -0.00108422 0.00122078 0.00596104 -0.0014251 0.000233766 0.002625 -0.00114935
internal_weight=10855 3674 7181 1333 129 5848 4644 3586 462 154 3124 770 336 308
internal_count=10855 3674 7181 1333 129 5848 4644 3586 462 154 3124 770 336 308
is_linear=0
shrinkage=0.03


Tree=266
num_leaves=15
num_cat=0
split_feature=7 26 69 67 35 42 34 40 9 16 3 67 25 27
split_gain=3.15399 4.48954 5.63414 5.63152 4.6568 4.24983 3.92718 3.16797 7.51735 10.8262 3.19264 3.07303 4.40061 3.29217
threshold=0.40284535288810736 5659.5000000000009 280.11222839355474 347.26611328125006 167.29486083984378 0.84874749183654796 46.416027069091804 0.17368421703577044 0.37942129373550421 7.5091922283172616 10.599641323089601 84.500556945800795 477.30372619628912 34.895378112792976
decision_type=2 2 2 2 2 2 2 2 2 2 2 2 2 2
left_child=6 2 3 5 -5 -2 -1 8 9 -3 -9 -8 -13 -14
right_child=1 7 -4 4 -6 -7 11 10 -10 -11 -12 12 13 -15
leaf_value=0.00028119456904089358 -0.00028774199324994453 0.014548891653218548 6.5621621153829409e-05 0.0015265300002713425 0.00020817125585629161 0.0011086428030862442 -0.0014503642426427679 -0.00062360066413302438 -7.856109846363931e-05 -0.0027592812349229476 0.00036903373277448036 -0.0028700904775535606 0.001175244120456695 -0.0002756301568934762
leaf_weight=910 193 119 617 87 79 64 2252 2208 714 102 432 1033 778 1267
leaf_count=910 193 119 617 87 79 64 2252 2208 714 102 432 1033 778 1267
internal_value=-0.000194842 0.000399783 0.00213461 0.00480142 0.00910843 0.00201945 -0.000634616 -0.000104896 0.00139572 0.00623077 -0.000636364 -0.000945592 -0.000329435 0.000476772
internal_weight=10855 4615 1040 423 166 257 6240 3575 935 221 2640 5330 3078 2045
internal_count=10855 4615 1040 423 166 257 6240 3575 935 221 2640 5330 3078 2045
is_linear=0
shrinkage=0.03


Tree=267
num_leaves=15
num_cat=0
split_feature=25 14 68 40 33 12 27 27 34 24 35 0 2 44
split_gain=2.47656 2.15678 2.64643 2.24591 3.87181 3.66228 3.53445 7.46359 5.04949 3.31955 7.94118 2.2985 4.77569 3.61396
threshold=1535.2022094726565 114.50000000000001 1.0000000180025095e-35 0.50000000000000011 69.806602478027358 26.260416984558109 74.429027557373061 76.855396270751967 45.982936859130866 395.42262268066412 165.98652648925784 30.375000000000004 220.50000000000003 0.6078576147556306
decision_type=2 2 2 2 2 2 2 2 2 2 2 2 2 2
left_child=1 2 -1 5 6 -3 9 -8 -9 -5 -11 13 -13 -7
right_child=-2 3 -4 4 -6 11 7 8 -10 10 -12 12 -14 -15
leaf_value=0.00062105503243478112 -0.0023994878538593271 0.0014106748392691891 -0.016302820446836019 -0.0021948240680772385 0.002801355185873329 -0.002203673893312416 0.00057306696761422746 0.00061591923236621875 -0.00044968037987198379 0.0081697674606677258 -0.00010118376116521976 0.00085652726256677642 -5.1085199272381063e-06 0.0012891145676511174
leaf_weight=56 715 96 399 1802 68 1056 51 51 306 51 204 1200 4608 192
leaf_count=56 715 96 399 1802 68 1056 51 51 306 51 204 1200 4608 192
internal_value=-0.000244588 -0.000124261 -0.00214286 -2.94277e-05 -0.000797079 0.000242449 -0.000991887 0.00155882 2.52094e-05 -0.00149781 0.00170588 0.000163265 0.000414255 -0.00100481
internal_weight=10855 10140 455 9685 2533 7152 2465 408 357 2057 255 7056 5808 1248
internal_count=10855 10140 455 9685 2533 7152 2465 408 357 2057 255 7056 5808 1248
is_linear=0
shrinkage=0.03


Tree=268
num_leaves=15
num_cat=0
split_feature=7 34 30 27 59 27 26 69 15 67 10 63 49 40
split_gain=2.27574 3.70532 3.56418 4.92237 4.04012 3.36003 3.08743 4.01494 5.25309 2.88142 2.81088 2.77858 2.76316 2.63574
threshold=0.40284535288810736 46.416027069091804 0.67708331346511852 74.191730499267592 105.50000000000001 45.978588104248054 5659.5000000000009 840.90942382812511 0.3487673699855805 3974.490600585938 1.4196060895919802 183.57819366455081 0.21152777969837191 0.29999999701976782
decision_type=2 2 2 2 2 2 2 2 2 2 2 2 2 2
left_child=1 -1 5 4 -4 12 7 8 -2 -5 -8 -10 -3 -6
right_child=6 2 3 9 13 -7 10 -9 11 -11 -12 -13 -14 -15
leaf_value=0.00026811935678830716 0.0012595634220108206 0.00012459146197143204 -0.0022477434217503594 8.2191633138328386e-05 -0.00015404765620092824 -0.0022062603667356213 1.1249985992670637e-05 -0.00011634860962134755 0.00047938600548189461 0.0030889536891544151 -0.0085439196026078877 -0.00035697020187577333 0.003410227873205949 0.0042863402624158473
leaf_weight=910 75 370 3609 649 82 325 3250 384 390 66 325 191 150 79
leaf_count=910 75 370 3609 649 82 325 3250 384 390 66 325 191 150 79
internal_value=-0.000241825 -0.000615385 -0.000917449 -0.00125418 -0.001687 0.000869822 0.000263271 0.00170192 0.00312805 0.00102797 -0.000155245 0.00216351 0.00236538 0.00296273
internal_weight=10855 6240 5330 4485 3770 845 4615 1040 656 715 3575 581 520 161
internal_count=10855 6240 5330 4485 3770 845 4615 1040 656 715 3575 581 520 161
is_linear=0
shrinkage=0.03


Tree=269
num_leaves=15
num_cat=0
split_feature=15 30 34 11 65 67 44 0 69 63 22 29 67 17
split_gain=2.75068 3.36968 3.59385 2.70276 2.95385 2.68451 2.59125 2.77692 4.44271 2.73902 2.46837 4.62588 3.25477 3.18574
threshold=3.7441030740737919 0.78125000000000011 48.597253799438484 5.3654167652130136 556.75277709960949 3974.490600585938 -0.87837970256805409 483.16667175292974 297.45332336425787 1518.3186035156252 7.2141883373260507 789.28930664062511 32.09819412231446 231.73332977294925
decision_type=2 2 2 2 2 2 2 2 2 2 2 2 2 2
left_child=1 3 -3 6 -5 10 7 8 -1 -10 13 12 -12 -2
right_child=5 2 -4 4 -6 -7 -8 -9 9 -11 11 -13 -14 -15
leaf_value=0.0019253831720287436 -0.0017502960039785574 -1.5731248173120664e-05 -0.0083024871079966627 6.3224255410436741e-05 0.00057564454893757686 0.0030038007045375733 -0.00021992669201151074 -0.00086007794102975889 6.7510887474662453e-05 0.0042727511207713365 -1.273884464769254e-05 -9.4209215066770899e-06 0.0013019284473010345 0.00034536370932046495
leaf_weight=53 829 975 1495 78 52 63 3640 195 278 59 286 1780 559 513
leaf_count=53 829 975 1495 78 52 63 3640 195 278 59 286 1780 559 513
internal_value=-0.000241825 -0.000608792 -0.00149393 -0.000106775 0.00415385 0.000379652 -0.000237871 0.00161538 0.00307692 0.00180712 0.000282076 0.000817142 0.00264497 -0.000764531
internal_weight=10855 6825 2470 4355 130 4030 4225 585 390 337 3967 2625 845 1342
internal_count=10855 6825 2470 4355 130 4030 4225 585 390 337 3967 2625 845 1342
is_linear=0
shrinkage=0.03


Tree=270
num_leaves=15
num_cat=0
split_feature=25 25 34 34 43 27 33 42 69 67 40 33 16 69
split_gain=2.27867 3.03867 2.50811 2.69358 8.92136 2.53096 3.38577 3.16546 3.01964 2.30669 2.2754 3.60406 3.78216 4
threshold=1535.2022094726565 1111.4905395507815 52.02040100097657 51.668193817138679 -0.63405361771583546 5.1253440380096444 53.304681777954109 0.95642796158790599 1.3916666507720949 32.09819412231446 0.41578947007656103 30.3546257019043 123.2425880432129 988.38735961914074
decision_type=2 2 2 2 2 2 2 2 2 2 2 2 2 2
left_child=1 2 3 10 -5 9 7 8 -7 -4 -1 -12 -13 -14
right_child=-2 -3 5 4 -6 6 -8 -9 -10 -11 11 12 13 -15
leaf_value=9.1092982976736644e-05 -0.0023273687803781265 0.00043669015022223645 -0.034480901086685917 0.0012600052142919599 -0.0053745846604287394 0.00031071314299290197 -0.001730001260350189 0.0006461604010772825 -0.00015499025214388111 0.0024451154642982863 0.00045879029564224749 -0.00057040182454056029 0.0077653345447342122 -5.9293532990761535e-05
leaf_weight=4480 715 520 57 81 114 55 1495 63 337 138 50 2650 50 50
leaf_count=4480 715 520 57 81 114 55 1495 63 337 138 50 2650 50 50
internal_value=-0.000272225 -0.000156805 -0.000277547 -1.80609e-05 0.00346154 -0.00118182 -0.00150769 0.000758241 -0.000244899 0.00207692 -0.000111264 -0.000782144 -0.000927273 0.0048
internal_weight=10855 10140 9620 7475 195 2145 1950 455 392 195 7280 2800 2750 100
internal_count=10855 10140 9620 7475 195 2145 1950 455 392 195 7280 2800 2750 100
is_linear=0
shrinkage=0.03


Tree=271
num_leaves=15
num_cat=0
split_feature=4 67 67 22 42 33 18 13 33 13 40 0 25 27
split_gain=2.41603 3.01977 5.19496 4.07424 3.3801 2.85036 3.44914 2.75778 2.59405 2.8797 4.26502 6.85095 8.70053 4.87257
threshold=23.103233337402347 419.41889953613287 277.36666870117193 7.8286070823669442 0.81241145730018627 49.541347503662116 0.53125000000000011 1150.0232543945315 50.753660202026374 193.34938049316409 0.11052631586790086 111.20833206176759 1084.679138183594 47.779188156127937
decision_type=2 2 2 2 2 2 2 2 2 2 2 2 2 2
left_child=5 2 3 4 -2 7 8 -1 -7 -10 11 12 13 -11
right_child=1 -3 -4 -5 -6 6 -8 -9 9 10 -12 -13 -14 -15
leaf_value=0.00028073706439756197 0.00023163377810369394 -0.00016002956342310042 0.0012883513796905785 -0.00012365226016814335 0.0022315703017212361 -0.029439771218782031 -0.010629471957346545 -0.0031340740220573257 0.00028006289622073416 0.0037037265702691766 -0.00041966932091639866 -0.00041234797931021167 0.018961731516842259 -0.0034176892753177007
leaf_weight=1625 139 333 63 255 55 390 975 260 1365 187 4482 561 55 110
leaf_count=1625 139 333 63 255 55 390 975 260 1365 187 4482 561 55 110
internal_value=-0.000244588 0.00129586 0.00274219 0.00161024 0.0048866 -0.000374626 -0.000618462 0.000676392 -0.000390211 -0.000252959 -0.000564412 0.00130449 0.00458523 0.00255555
internal_weight=10855 845 512 449 194 10010 8125 1885 7150 6760 5395 913 352 297
internal_count=10855 845 512 449 194 10010 8125 1885 7150 6760 5395 913 352 297
is_linear=0
shrinkage=0.03


Tree=272
num_leaves=15
num_cat=0
split_feature=34 21 7 7 13 13 65 49 22 26 69 15 43 64
split_gain=2.343 4.29031 3.36044 2.89775 3.30369 2.58547 4.91407 3.84308 2.53868 2.52271 3.9346 3.64086 2.50001 2.42123
threshold=46.416027069091804 6.8417968750000009 1.0000000180025095e-35 0.40284535288810736 209.58105468750003 135.90161132812503 213.15596771240237 1.8406944274902346 8.8598527908325213 5659.5000000000009 976.34680175781261 0.3487673699855805 -0.95642796158790577 1.0000000180025095e-35
decision_type=2 2 2 2 2 2 2 2 2 2 2 2 2 2
left_child=2 3 12 4 5 8 7 -7 -2 10 11 -5 -1 -11
right_child=1 -3 -4 9 -6 6 -8 -9 -10 13 -12 -13 -14 -15
leaf_value=0.00046817066530416008 -0.00078265983562486098 -0.011481282525559928 1.886812612436396e-05 0.0012203682360020815 -0.00080919244622021445 0.00030713491520471147 2.6054500672162957e-05 0.0044384756085514105 0.0029246426489394433 0.00034142584976336852 -0.00038048540725825703 0.00028157806685743327 0.00084620280118464565 -0.00019033821405382042
leaf_weight=54 520 715 1235 77 3705 124 406 55 65 1319 219 419 336 1606
leaf_count=54 520 715 1235 77 3705 124 406 55 65 1319 219 419 336 1606
internal_value=-0.000247352 -0.000432287 0.000803076 -0.000244863 -0.000723078 0.000666666 0.00207692 0.00621788 -0.00074359 0.000395604 0.00199301 0.00347177 0.00323077 5.12749e-06
internal_weight=10855 9230 1625 8515 4875 1170 585 179 585 3640 715 496 390 2925
internal_count=10855 9230 1625 8515 4875 1170 585 179 585 3640 715 496 390 2925
is_linear=0
shrinkage=0.03


Tree=273
num_leaves=15
num_cat=0
split_feature=37 30 18 34 40 27 44 18 34 65 40 33 0 67
split_gain=4.45091 2.25125 3.36289 2.62601 3.27598 2.88581 3.05684 4.59375 4.41615 2.59379 3.73331 2.56612 2.42981 2.59615
threshold=1.0000000180025095e-35 0.92857143282890331 0.55208334326744091 57.224985122680671 0.51052629947662365 56.715826034545906 -0.60785761475563038 0.26041667163372045 45.982936859130866 117.2050018310547 0.26842105388641363 47.473577499389656 334.75000000000006 88.398193359375014
decision_type=2 2 2 2 2 2 2 2 2 2 2 2 2 2
left_child=1 2 3 4 -1 -6 7 -7 -8 10 -5 -4 -13 -14
right_child=-2 -3 11 9 5 6 8 -9 -10 -11 -12 12 13 -15
leaf_value=3.1100469300632966e-05 0.00053323464271880423 0.00078963949893735993 0.00078148243016296895 -0.00030803366703952521 -0.0027608443465279376 0.0007002469427341586 0.00041515122018715133 8.3971185397200551e-06 -0.00047047963318243898 -0.0055161318188304683 0.0024901954969711072 -0.013150279957261448 -0.0046920994081852546 0.0014724189549315959
leaf_weight=7007 65 65 65 102 1488 64 96 128 512 78 145 910 78 52
leaf_count=7007 65 65 65 102 1488 64 96 128 512 78 145 910 78 52
internal_value=-0.000211424 -0.000258573 -0.000292308 -0.000112267 -0.00020495 -0.00119056 0.000262499 0.0035625 -0.000779606 0.00253846 0.00404453 -0.00185973 -0.00222115 0.00161538
internal_weight=10855 10790 10725 9620 9295 2288 800 192 608 325 247 1105 1040 130
internal_count=10855 10790 10725 9620 9295 2288 800 192 608 325 247 1105 1040 130
is_linear=0
shrinkage=0.03


Tree=274
num_leaves=15
num_cat=0
split_feature=37 21 34 56 63 22 40 6 65 33 28 69 13 21
split_gain=4.43207 2.31114 3.48161 3.67059 2.62819 2.619 5.25243 2.52984 3.73102 2.72109 2.88833 2.65507 4.36862 3.28513
threshold=1.0000000180025095e-35 6.3301882743835458 46.967906951904304 23.500000000000004 1223.5174560546877 8.6991891860961932 0.27894736826419836 0.20833333581686023 4940.6240234375009 48.60083198547364 413.67160034179693 595.90155029296886 969.77728271484386 3.129236221313477
decision_type=2 2 2 2 2 2 2 2 2 2 2 2 2 2
left_child=1 5 3 -3 -4 7 -7 9 -9 11 -11 12 13 -1
right_child=-2 2 4 -5 -6 6 -8 8 -10 10 -12 -13 -14 -15
leaf_value=0.00062598472609812813 0.00051723760343724975 0.00075803751366659703 -0.010742335651075283 -0.010646287829058073 0.00085760539222563218 -0.0063194471545070909 0.0031558150672415983 5.5620028700975257e-05 0.0014283670159227514 -0.00080617157340181177 0.00029235639904887328 -0.00072685288362315549 -0.0030401347961845678 0.0015020450660077284
leaf_weight=378 65 255 901 135 74 54 76 3973 57 3640 585 326 207 129
leaf_count=378 65 255 901 135 74 54 76 3973 57 3640 585 326 207 129
internal_value=-0.000194842 -0.000241891 -0.00139561 0.000999999 -0.00235385 -7.48018e-05 0.00415385 -0.000133944 0.000431761 -0.000566952 -0.000905326 0.000807692 0.00183193 0.00333136
internal_weight=10855 10790 1365 390 975 9425 130 9295 4030 5265 4225 1040 714 507
internal_count=10855 10790 1365 390 975 9425 130 9295 4030 5265 4225 1040 714 507
is_linear=0
shrinkage=0.03


Tree=275
num_leaves=15
num_cat=0
split_feature=37 40 34 34 67 65 10 13 12 14 12 36 45 25
split_gain=3.92373 2.24688 3.53543 3.30212 5.12178 6.44026 4.74822 3.06189 3.95492 3.34551 4.17257 3.10733 3.62756 4.56076
threshold=1.0000000180025095e-35 0.45789474248886114 57.903236389160163 46.50856018066407 13.406250000000002 1.6327778100967409 0.83678060770034801 1878.9898071289065 473.69792175292974 114.50000000000001 26.260416984558109 475.50000000000006 1.0000000180025095e-35 627.02975463867199
decision_type=2 2 2 2 2 2 2 2 2 2 2 2 2 2
left_child=1 7 3 4 5 -3 -7 8 9 -1 -11 12 13 -12
right_child=-2 2 -4 -5 -6 6 -8 -9 -10 10 11 -13 -14 -15
leaf_value=-0.011056912365455775 0.00050172047533411906 -0.00026853159684818174 0.0020447819880980763 -0.00092905720936693466 -0.00051598770578331664 0.0003375246328144185 0.001210824476409546 0.0021627472308194525 -0.00096068668848835843 0.0014024589011357698 -0.00022963135784590338 0.00068317449317428769 -0.00023030835670629634 0.0012566916379662702
leaf_weight=308 65 116 84 2835 315 76 60 220 1012 88 1452 308 2376 1540
leaf_count=308 65 116 84 2835 315 76 60 220 1012 88 1452 308 2376 1540
internal_value=-0.000194842 -0.000239111 -0.000865749 -0.00101587 0.00107407 0.0042619 0.00869118 5.99664e-05 -4.82785e-05 0.000241106 0.000403885 0.000303382 0.000135245 0.000830213
internal_weight=10855 10790 3486 3402 567 252 136 7304 7084 6072 5764 5676 5368 2992
internal_count=10855 10790 3486 3402 567 252 136 7304 7084 6072 5764 5676 5368 2992
is_linear=0
shrinkage=0.03


Tree=276
num_leaves=15
num_cat=0
split_feature=15 40 30 21 13 13 69 67 24 25 1 42 14 22
split_gain=2.69649 3.83344 3.687 3.31715 4.10462 4.31315 3.11041 3.32592 6.67139 2.86747 5.07 2.63598 2.58358 2.47475
threshold=3.7441030740737919 0.41578947007656103 0.86011904478073131 6.8417968750000009 193.34938049316409 120.09104156494142 1034.9138793945315 2012.3750000000002 214.92857360839847 224.98780059814456 167.68514251708987 0.84874749183654796 9997.5000000000018 8.359197139739992
decision_type=2 2 2 2 2 2 2 2 2 2 2 2 2 2
left_child=1 3 9 4 5 13 7 8 -7 10 -3 -10 -6 -1
right_child=-2 2 -4 -5 12 6 -8 -9 11 -11 -12 -13 -14 -15
leaf_value=-0.00069276372028883335 0.00010323067363520446 -7.8795617623190188e-05 0.00084879305231242439 -0.0068458482613104289 -0.00029690436312315108 0.0025823561357843105 7.1151837250017256e-06 -0.00086039020529604974 0.004399556268310012 -0.0039246743123012686 0.0011976039797703688 1.3021311723230551e-05 0.0024073224770859722 0.0015252094089478101
leaf_weight=360 4030 100 50 520 2560 94 150 54 149 2425 50 113 120 80
leaf_count=360 4030 100 50 520 2560 94 150 54 149 2425 50 113 120 80
internal_value=-0.000205897 -0.000569231 -0.00146857 -7.14357e-06 0.000309782 0.00195 0.00369643 0.00504878 0.00610112 -0.00162524 0.0024 0.00364122 -0.00030224 -0.000272728
internal_weight=10855 6825 2625 4200 3680 1000 560 410 356 2575 150 262 2680 440
internal_count=10855 6825 2625 4200 3680 1000 560 410 356 2575 150 262 2680 440
is_linear=0
shrinkage=0.03


Tree=277
num_leaves=15
num_cat=0
split_feature=25 26 34 21 23 69 69 27 40 9 33 24 65 63
split_gain=2.48312 2.46779 3.65552 3.9401 4.07077 3.88531 3.41307 3.34925 10.8038 4.00641 3.17101 5.29504 4.05364 6.69344
threshold=1535.2022094726565 9268.0000000000018 50.80134582519532 3.054134845733643 22.138889312744144 1137.706237792969 79.972778320312514 78.231330871582045 0.13157894462347033 0.37942129373550421 59.906250000000007 181.6934509277344 181.57167053222659 274.46250915527349
decision_type=2 2 2 2 2 2 2 2 2 2 2 2 2 2
left_child=1 2 10 4 -4 6 -6 -3 -9 -10 -1 -12 13 -13
right_child=-2 7 3 -5 5 -7 -8 8 9 -11 11 12 -14 -15
leaf_value=-0.00011527275023989978 -0.0023842586628661966 7.0414385834633591e-05 -0.022986702225110352 -0.0041297047253172634 0.00027384893132095242 -0.0013219491563845501 0.0015916930295519721 0.012157444802008555 -0.00048305087224957764 0.00028112159248700955 -0.00098897201718691429 0.0024406802622054693 0.00029008550243899041 -8.026636413159744e-05
leaf_weight=3510 715 3575 260 975 152 167 71 52 156 52 520 184 364 102
leaf_count=3510 715 3575 260 975 152 167 71 52 156 52 520 184 364 102
internal_value=-0.000200369 -7.98824e-05 -0.000444886 -0.00167077 0.000138461 0.00207692 0.00466816 0.000520208 0.00380769 0.000749999 -1.92315e-05 0.00133333 0.00313846 0.00581119
internal_weight=10855 10140 6305 1625 650 390 223 3835 260 208 4680 1170 650 286
internal_count=10855 10140 6305 1625 650 390 223 3835 260 208 4680 1170 650 286
is_linear=0
shrinkage=0.03


Tree=278
num_leaves=15
num_cat=0
split_feature=27 25 40 33 7 22 40 65 34 40 59 28 69 40
split_gain=2.59244 3.09302 9.28572 2.99141 4.39023 4.18581 3.51985 3.47875 3.27407 3.84726 3.2389 3.16768 3.23367 3.14373
threshold=73.468742370605483 732.83584594726574 0.089473687112331404 47.923986434936531 0.37267799675464636 7.8468360900878915 0.57368421554565441 4791.8066406250009 46.416027069091804 0.29999999701976782 105.50000000000001 324.14781188964849 30.144582748413089 0.29999999701976782
decision_type=2 2 2 2 2 2 2 2 2 2 2 2 2 2
left_child=3 -2 -3 6 8 7 11 -6 9 -5 -10 12 -1 -7
right_child=1 2 -4 4 5 13 -8 -9 10 -11 -12 -13 -14 -15
leaf_value=0.0035306775231190328 1.8327927651848135e-05 0.011789091146617236 0.00017121731613307334 -0.00049622772650571552 0.00015320959559680765 0.00010212756439035733 -0.003223366006138084 0.0013076294413787751 -0.0019724593234203072 0.0016339508187255397 0.0019067903245388574 2.0690404228586557e-05 0.0002170919089926495 -0.0038690634859088126
leaf_weight=198 1300 54 336 87 2665 783 180 65 3169 108 146 495 297 972
leaf_count=198 1300 54 336 87 2665 783 180 65 3169 108 146 495 297 972
internal_value=-0.000192078 0.000887573 0.00323077 -0.000391163 -0.0005985 2.34107e-05 0.00102564 0.000758241 -0.00139316 0.00238461 -0.00161539 0.00172727 0.00342424 -0.00111966
internal_weight=10855 1690 390 9165 7995 4485 1170 2730 3510 195 3315 990 495 1755
internal_count=10855 1690 390 9165 7995 4485 1170 2730 3510 195 3315 990 495 1755
is_linear=0
shrinkage=0.03


Tree=279
num_leaves=15
num_cat=0
split_feature=15 33 30 40 18 35 11 65 34 14 12 44 40 12
split_gain=2.85342 2.91841 2.88204 3.88427 4.5739 5.86445 3.35986 3.73846 3.02205 2.62899 2.73252 2.96914 2.58769 2.55499
threshold=3.7441030740737919 69.806602478027358 0.78720235824584972 0.21578947454690936 0.48958332836627966 167.25069427490237 5.3654167652130136 556.75277709960949 48.029865264892585 9997.5000000000018 402.93750000000006 -0.87837970256805409 0.41578947007656103 344.71875000000006
decision_type=2 2 2 2 2 2 2 2 2 2 2 2 2 2
left_child=2 13 6 4 5 8 9 -8 -4 10 11 -1 -3 -2
right_child=1 12 3 -5 -6 -7 7 -9 -10 -11 -12 -13 -14 -15
leaf_value=0.00083384036582109268 0.00026007284703951576 8.6589195910080768e-05 0.0017593872679573322 -0.010785339356216587 -0.0080307671703062616 0.0023639813777659737 4.6488464184890598e-05 0.00063032512065821686 -0.0016372180164947287 0.0037599190060737162 -0.010528752356011103 -0.00013813046952419761 0.0029293268835036772 -0.00012136207273741214
leaf_weight=520 2080 80 63 1584 294 126 78 52 273 130 455 3250 50 1820
leaf_count=520 2080 80 63 1584 294 126 78 52 273 130 455 3250 50 1820
internal_value=-0.00020866 0.000424317 -0.000582418 -0.0014359 0.000333333 0.0021948 -0.000137124 0.00461538 0.000124999 -0.00027899 -0.000408285 -0.000143237 0.00484615 0.000276922
internal_weight=10855 4030 6825 2340 756 462 4485 130 336 4355 4225 3770 130 3900
internal_count=10855 4030 6825 2340 756 462 4485 130 336 4355 4225 3770 130 3900
is_linear=0
shrinkage=0.03


Tree=280
num_leaves=15
num_cat=0
split_feature=30 14 53 9 23 12 64 26 12 69 18 5 69 63
split_gain=2.58922 3.43386 2.93691 2.64992 2.86301 2.57164 2.40374 2.2138 3.45479 4.14701 4.66702 2.56811 2.19083 2.18891
threshold=0.92857143282890331 114.50000000000001 1.5000000000000002 0.59618055820465099 23.326666831970218 402.93750000000006 1.0000000180025095e-35 6144.5000000000009 190.38541412353518 1192.1677856445315 0.34375000000000006 52.389999389648445 58.912776947021491 518.61334228515636
decision_type=2 2 2 2 2 2 2 2 2 2 2 2 2 2
left_child=1 -1 5 -4 12 6 -3 8 -8 10 -10 -9 -5 -14
right_child=-2 2 3 4 -6 -7 7 11 9 -11 -12 -13 13 -15
leaf_value=-0.01366794757115157 0.0010075166683493359 0.0001447752410596045 2.4782003784047014e-05 -0.00015177407921389673 0.00072613392435836395 -0.001366282791504071 -0.0098910052211874776 -0.0018194986268279761 0.0012250134434239664 -0.011650585215104918 -0.00059738885334665573 0.00054030327177733372 0.0015617535776941049 -0.00019345001100652592
leaf_weight=390 65 2597 3276 251 321 1316 317 1512 170 91 97 122 174 156
leaf_count=390 65 2597 3276 251 321 1316 317 1512 170 91 97 122 174 156
internal_value=-0.000200369 -0.000236331 -0.000132693 0.000482527 0.00192239 -0.000545806 -0.000229923 -0.000934171 0.00051111 0.00253073 0.00441573 -0.00153121 0.000666092 0.00227273
internal_weight=10855 10790 10400 4178 902 6222 4906 2309 675 358 267 1634 581 330
internal_count=10855 10790 10400 4178 902 6222 4906 2309 675 358 267 1634 581 330
is_linear=0
shrinkage=0.03


Tree=281
num_leaves=15
num_cat=0
split_feature=15 34 22 3 24 40 69 63 22 40 63 69 9 40
split_gain=2.82856 3.28864 4.87404 3.89754 2.7828 6.25852 6.30296 4.76437 2.6314 2.67012 3.30365 2.80557 3.81527 2.41639
threshold=3.7441030740737919 46.931081771850593 6.9148337841033944 0.0031712962663732473 248.05803680419925 0.089473687112331404 1647.4165039062502 53.372222900390632 6.2985980510711679 0.54210525751113903 1.5573611259460451 526.66000366210949 0.35385417938232427 0.20526316016912463
decision_type=2 2 2 2 2 2 2 2 2 2 2 2 2 2
left_child=1 3 8 4 -1 -6 7 -7 -3 10 -10 -12 -13 -4
right_child=-2 2 13 -5 5 6 -8 -9 9 -11 11 12 -14 -15
leaf_value=3.1701600899565295e-05 0.00010324339478965107 -0.00023375501440202519 -0.00014835269732469531 -0.0015774588012697165 0.010742274321485262 -0.00037041851671711052 0.0050247284940985728 0.0010024372092025747 0.00034909093678742447 -0.0022203488148325526 0.0012643483675707559 0.0054301569435275905 -0.01458569550699189 -0.010339125241422291
leaf_weight=585 4030 1365 920 585 63 244 50 98 494 169 51 80 51 2070
leaf_count=585 4030 1365 920 585 63 244 50 98 494 169 51 80 51 2070
internal_value=-0.000205897 -0.000578023 -0.000946155 0.000599999 0.00170192 0.00346154 0.00205102 0.000596491 0.000122171 0.00143787 0.00228106 0.00573626 0.00341221 -0.00173579
internal_weight=10855 6825 5200 1625 1040 455 392 342 2210 845 676 182 131 2990
internal_count=10855 6825 5200 1625 1040 455 392 342 2210 845 676 182 131 2990
is_linear=0
shrinkage=0.03


Tree=282
num_leaves=15
num_cat=0
split_feature=30 14 40 34 33 5 65 12 34 30 35 27 40 30
split_gain=2.60844 3.37881 2.79832 4.982 3.78557 3.92032 5.27194 3.04962 3.33777 3.30481 2.93514 2.60775 2.68208 3.00833
threshold=0.92857143282890331 114.50000000000001 0.44736842811107641 57.903236389160163 31.187319755554203 25.405277252197269 504.76347351074224 164.78125000000003 49.826227188110359 0.78125000000000011 165.98652648925784 63.568168640136726 0.32105262577533727 0.7604166865348817
decision_type=2 2 2 2 2 2 2 2 2 2 2 2 2 2
left_child=1 -1 7 4 -4 -6 -7 8 -3 11 -8 12 -10 -14
right_child=-2 2 3 -5 5 6 10 -9 9 -11 -12 -13 13 -15
leaf_value=-0.013144479485360546 0.00094721805202276977 0.00067310894306012224 0.0003374622658475701 0.0019382741328470754 -0.00089435643383243765 -0.001115311927127246 0.0010094890382372145 -0.00010322108333783271 0.00023299142664914407 -0.0058190893532283549 0.00060350800337096648 -0.0024027263958408852 0.0033600566016696058 0.0011238099568569595
leaf_weight=390 65 1505 66 88 2706 398 63 4300 310 430 199 215 60 60
leaf_count=390 65 1505 66 88 2706 398 63 4300 310 430 199 215 60 60
internal_value=-0.000222479 -0.000258573 -0.00015577 -0.000843751 -0.00102448 -0.00116399 0.00090909 0.00019622 0.00101163 -0.000265117 0.00421374 0.00109302 0.00244186 0.00625
internal_weight=10855 10790 10400 3520 3432 3366 660 6880 2580 1075 262 645 430 120
internal_count=10855 10790 10400 3520 3432 3366 660 6880 2580 1075 262 645 430 120
is_linear=0
shrinkage=0.03


Tree=283
num_leaves=15
num_cat=0
split_feature=15 40 30 21 13 13 15 40 30 23 33 69 67 69
split_gain=2.72077 3.14773 4.17755 3.31878 4.2412 3.94053 3.06246 6.10723 2.94236 2.89475 5.54071 3.25804 2.83654 2.61499
threshold=3.7441030740737919 0.41578947007656103 0.86011904478073131 6.8417968750000009 193.34938049316409 120.09104156494142 4.1562125682830819 0.21578947454690936 0.78720235824584972 23.326666831970218 54.27380561828614 1049.104431152344 101.5406951904297 1034.9138793945315
decision_type=2 2 2 2 2 2 2 2 2 2 2 2 2 2
left_child=1 3 8 4 5 -1 7 -2 9 -3 -11 12 -12 -7
right_child=6 2 -4 -5 -6 13 -8 -9 -10 10 11 -13 -14 -15
leaf_value=-0.00011270607882843331 0.001586409288525614 -0.00063568633010333594 0.00093593535111434988 -0.0062870610484385405 -0.00017897524836742995 0.0025163256095570566 4.5725003782510858e-05 0.00010631528052932236 -0.016876404671910535 -0.0087743727324195216 0.00062890088102824976 -0.00074123134032228974 0.0022950844089343753 2.4302100987714324e-05
leaf_weight=440 63 1300 50 520 2680 410 3835 132 850 250 64 58 53 150
leaf_count=440 63 1300 50 520 2680 410 3835 132 850 250 64 58 53 150
internal_value=-0.00020866 -0.000573627 -0.00138857 -6.42864e-05 0.000252717 0.00192 0.000409429 0.00407692 -0.00155534 -0.000843479 0.00130588 0.0054 0.00828205 0.00358928
internal_weight=10855 6825 2625 4200 3680 1000 4030 195 2575 1725 425 175 117 560
internal_count=10855 6825 2625 4200 3680 1000 4030 195 2575 1725 425 175 117 560
is_linear=0
shrinkage=0.03


Tree=284
num_leaves=15
num_cat=0
split_feature=28 67 35 13 29 27 40 1 15 0 42 21 18 63
split_gain=2.52926 3.66511 2.89444 3.15879 3.56583 3.56962 4.09835 4.10595 3.3835 3.33462 4.57492 4.83951 2.74438 4.15312
threshold=394.64279174804693 3974.490600585938 166.7287521362305 429.27056884765631 433.01777648925787 44.908422470092781 0.22631578892469409 70.714389801025405 4.2685067653656015 11.458333015441896 0.63405361771583568 5.1178936958312997 0.21875000000000003 380.35945129394537
decision_type=2 2 2 2 2 2 2 2 2 2 2 2 2 2
left_child=2 -2 -1 4 9 6 -6 -8 -5 -4 -11 -12 -9 -14
right_child=1 -3 3 8 5 -7 7 12 -10 10 11 -13 13 -15
leaf_value=-0.00052216557826392763 8.100763383973953e-05 0.0016642940639708043 -0.012186753527704618 -0.0033834644546079178 -2.6198513847607424e-05 9.6674919370230068e-05 0.0022230604547179896 -7.8468120159072845e-05 9.8069913674437594e-05 -0.0013341946499204917 -0.00096437040195900567 0.0011328929479504624 0.001268005511201331 -0.00085437003269386662
leaf_weight=3510 1425 135 390 1430 286 1430 215 129 1300 228 81 81 127 88
leaf_count=3510 1425 135 390 1430 286 1430 215 129 1300 228 81 81 127 88
internal_value=-0.000175496 0.000942307 -0.000363099 4.92646e-05 0.000711947 0.00131209 0.00285799 0.00435241 -0.000692308 -0.00103846 0.000923076 0.00477778 0.00231977 0.00439535
internal_weight=10855 1560 9295 5785 3055 2275 845 559 2730 780 390 162 344 215
internal_count=10855 1560 9295 5785 3055 2275 845 559 2730 780 390 162 344 215
is_linear=0
shrinkage=0.03


Tree=285
num_leaves=15
num_cat=0
split_feature=27 33 7 30 10 67 25 9 69 42 44 18 40 65
split_gain=2.70544 3.14303 3.30116 3.09625 3.11588 4.32324 4.2965 3.69445 3.45845 3.6886 2.96793 2.63344 9.13753 2.58008
threshold=73.468742370605483 47.923986434936531 0.40284535288810736 0.92857143282890331 0.91729867458343517 39.085140228271491 621.73907470703136 0.26278935372829443 79.972778320312514 0.84874749183654796 1.0000000180025095e-35 0.61458331346511852 0.34210526943206793 4940.6240234375009
decision_type=2 2 2 2 2 2 2 2 2 2 2 2 2 2
left_child=1 11 3 4 5 -3 7 -7 -8 -10 -11 -1 -13 -4
right_child=-2 2 13 -5 -6 6 8 -9 9 10 -12 12 -14 -15
leaf_value=0.00018674133692286044 0.0001732662563487159 -0.0018548056281201216 -1.4846681834826218e-05 0.00082403163628711536 -0.0062906318284246272 -0.0084998636399007434 -0.00010753837657502816 0.0018004801345735499 0.00093536073813787319 0.002990409346641399 0.000600793944624169 0.0018841589328460727 -0.036720376063086445 0.0013805031482984663
leaf_weight=1040 1690 1437 3712 65 780 769 518 108 372 93 83 66 64 58
leaf_count=1040 1690 1437 3712 65 780 769 518 108 372 93 83 66 64 58
internal_value=-0.000197606 -0.000400983 -0.000613509 -0.00118935 -0.00129087 -0.00089645 2.62474e-05 -0.00152908 0.00130582 0.00296715 0.00654545 0.00105128 0.00507692 3.18295e-05
internal_weight=10855 9165 7995 4225 4160 3380 1943 877 1066 548 176 1170 130 3770
internal_count=10855 9165 7995 4225 4160 3380 1943 877 1066 548 176 1170 130 3770
is_linear=0
shrinkage=0.03


Tree=286
num_leaves=15
num_cat=0
split_feature=34 0 40 34 33 7 28 35 67 28 12 14 12 1
split_gain=2.6101 3.62238 3.34531 4.92513 3.75163 3.26739 3.24629 3.43393 3.49688 7.07592 4.13623 3.18773 6.7534 5.02857
threshold=46.416027069091804 7.1250000000000009 0.46842105686664587 57.224985122680671 48.60083198547364 1.0000000180025095e-35 471.63014221191412 166.69944763183597 84.500556945800795 58.99974441528321 190.38541412353518 1934.5000000000002 248.52083587646487 91.427997589111342
decision_type=2 2 2 2 2 2 2 2 2 2 2 2 2 2
left_child=5 -2 4 11 -3 -1 7 -6 -9 -10 -11 12 -4 -14
right_child=1 2 3 -5 6 -7 -8 8 9 10 -12 -13 13 -15
leaf_value=0.00069768852153111508 -0.015245072748937719 0.00082271272672051262 -0.00053243495925587832 0.0018115016452327868 -0.0010690900265535146 4.5154956802525516e-05 0.0013206825824328861 -0.00036610626032962049 0.0011050996876703348 0.00093165514874478308 -0.00034192605402456698 -0.0028283635834720354 -0.00039839710044864022 0.0010257098163571677
leaf_weight=390 455 675 980 100 1890 1235 180 1348 541 578 863 1400 80 140
leaf_count=390 455 675 980 100 1890 1235 180 1348 541 578 863 1400 80 140
internal_value=-0.000194842 -0.000390033 -0.000254702 -0.00113333 0.000135802 0.000913845 -0.000127778 -0.000264369 0.000315315 0.00111705 1.87363e-05 -0.00138462 -0.000250001 0.0045
internal_weight=10855 9230 8775 2700 6075 1625 5400 5220 3330 1982 1441 2600 1200 220
internal_count=10855 9230 8775 2700 6075 1625 5400 5220 3330 1982 1441 2600 1200 220
is_linear=0
shrinkage=0.03


Tree=287
num_leaves=15
num_cat=0
split_feature=34 0 40 15 33 17 25 6 33 22 42 29 7 16
split_gain=2.73577 3.65544 3.27126 3.86696 5.50491 5.17094 3.50656 4.8 3.2582 3.09348 5.06681 8.76042 2.98905 2.76411
threshold=46.50856018066407 7.1250000000000009 0.46842105686664587 4.3409490585327157 60.072580337524421 112.5711135864258 224.98780059814456 0.20833333581686023 48.60083198547364 5.5727648735046396 0.68322628736495983 3118.2814941406255 1.0000000180025095e-35 0.37635099887847906
decision_type=2 2 2 2 2 2 2 2 2 2 2 2 2 2
left_child=12 -2 8 6 -5 -6 7 -4 -3 10 11 -10 -1 -8
right_child=1 2 3 4 5 -7 13 -9 9 -11 -12 -13 -14 -15
leaf_value=0.00067675786588515898 -0.014787720566469591 0.00079803134491890967 -0.011881975155695263 -0.00015415216490938363 0.0024083630399197673 0.00033487068085990581 0.00089992615371717137 0.00047508860907644025 -0.0011036509556909407 -8.8190143961717433e-05 -0.00058589976575890124 0.0039283129309141216 3.9560637226320458e-05 -0.017113626771409384
leaf_weight=390 455 675 60 660 80 180 140 60 60 4950 200 100 1365 1480
leaf_count=390 455 675 60 660 80 180 140 60 60 4950 200 100 1365 1480
internal_value=-0.000169968 -0.000379122 -0.000241181 -0.00111654 0.000456521 0.00415385 -0.00194828 0.003 0.000147869 -0.000101696 0.00258333 0.0065625 0.000914529 -0.00231482
internal_weight=10855 9100 8645 2660 920 260 1740 120 5985 5310 360 160 1755 1620
internal_count=10855 9100 8645 2660 920 260 1740 120 5985 5310 360 160 1755 1620
is_linear=0
shrinkage=0.03


Tree=288
num_leaves=15
num_cat=0
split_feature=16 34 40 34 33 21 4 27 14 28 42 13 56 67
split_gain=2.59643 2.85934 3.37611 6.14352 3.92727 4.25781 2.94729 3.20452 2.7842 3.69205 3.62348 3.01335 2.76288 2.74623
threshold=123.2425880432129 46.50856018066407 0.45789474248886114 57.903236389160163 48.60083198547364 6.0823380947113046 16.961789131164554 48.144273757934577 844.00000000000011 97.276393890380874 0.77259656786918651 1878.9898071289065 84.500000000000014 23.550971984863285
decision_type=2 2 2 2 2 2 2 2 2 2 2 2 2 2
left_child=1 12 4 6 -3 8 -4 -8 9 10 -6 -10 -1 -2
right_child=13 2 3 -5 5 -7 7 -9 11 -11 -12 -13 -14 -15
leaf_value=0.00030445324448104461 0.00099696432994683258 0.00082826831095453779 -0.0029002032102904652 0.0020556269384891892 0.00074158242083281777 -0.0077279384541275959 -0.0021072960327214773 0.00047725690088430543 -0.00019442796521263538 8.4599018947710203e-05 0.0020253585900216822 0.0022935717991558894 -0.0084926049509677463 0.00017331143923471782
leaf_weight=1573 66 660 2394 84 92 616 189 168 3652 704 84 132 182 259
leaf_count=1573 66 660 2394 84 92 616 189 168 3652 704 84 132 182 259
internal_value=-0.000194842 -0.000276354 -0.000497437 -0.00134921 -9.09098e-05 -0.000363637 -0.00159324 0.000949579 -5.40316e-05 0.00146591 0.00535227 -0.000407506 0.000829059 0.00244615
internal_weight=10855 10530 8775 2835 5940 5280 2751 357 4664 880 176 3784 1755 325
internal_count=10855 10530 8775 2835 5940 5280 2751 357 4664 880 176 3784 1755 325
is_linear=0
shrinkage=0.03


Tree=289
num_leaves=15
num_cat=0
split_feature=27 30 27 7 34 59 65 65 65 40 65 28 1 40
split_gain=2.63807 2.68914 4.20577 3.77947 4.51283 4.79494 3.42379 3.03473 4.93946 2.91292 2.65333 6.74566 4.62222 2.59446
threshold=73.468742370605483 0.67708331346511852 44.474695205688484 0.40284535288810736 46.416027069091804 105.50000000000001 4940.6240234375009 148.81319427490237 0.99277779459953319 0.29999999701976782 153.552360534668 380.56449890136724 167.68514251708987 0.57368421554565441
decision_type=2 2 2 2 2 2 2 2 2 2 2 2 2 2
left_child=1 2 13 4 7 -6 -5 8 -3 -7 11 12 -2 -1
right_child=10 3 -4 6 5 9 -8 -9 -10 -11 -12 -13 -14 -15
leaf_value=0.00070759649891882043 0.0041588823296998551 0.0014439713060180335 -0.00022867636350076901 -1.1723533711958636e-06 -0.0018332330263215186 -0.0001487969485144025 0.0013274129886942298 -0.00019727428936350535 0.0017519124672799461 0.0042862201667415185 -3.6883975266607624e-05 0.0002186892397786883 0.00011283564912055737 -0.0014847723035521117
leaf_weight=660 52 115 780 3387 3609 82 58 223 52 79 864 709 65 120
leaf_count=660 52 115 780 3387 3609 82 58 223 52 79 864 709 65 120
internal_value=-0.000183787 -0.000384616 0.000749999 -0.000617358 -0.00122596 -0.00154377 0.000117561 0.00184615 0.00490419 0.00352174 0.000905325 0.00212106 0.00879487 0.00230769
internal_weight=10855 9165 1560 7605 4160 3770 3445 390 167 161 1690 826 117 780
internal_count=10855 9165 1560 7605 4160 3770 3445 390 167 161 1690 826 117 780
is_linear=0
shrinkage=0.03


Tree=290
num_leaves=15
num_cat=0
split_feature=15 40 25 6 21 13 13 69 65 42 26 22 12 40
split_gain=2.52771 3.07347 4.01475 6.82667 2.53863 3.57579 2.92728 2.63843 2.50373 3.93908 3.28331 2.47475 2.43844 2.97279
threshold=3.7441030740737919 0.41578947007656103 224.98780059814456 0.20833333581686023 6.8417968750000009 221.40804290771487 120.09104156494142 1647.4165039062502 73.082778930664077 0.58216583728790294 11557.500000000002 8.359197139739992 632.59375000000011 0.22631578892469409
decision_type=2 2 2 2 2 2 2 2 2 2 2 2 2 2
left_child=1 4 3 -3 5 6 11 8 9 -8 -11 -1 -7 -14
right_child=-2 2 -4 -5 -6 12 7 -9 -10 10 -12 -13 13 -15
leaf_value=-0.00071465186005835967 7.4191801838327732e-05 -0.0099774456623500096 -0.0025433079936168063 0.00077179156454691873 -0.0053669486918662933 -0.00035513241264522417 0.010347755946570718 -0.004361557511103154 0.00066754867276294161 0.0023096142724774089 -0.00304312800253685 0.0012480071327124473 0.0023260794683559339 -0.0034414940258869564
leaf_weight=360 4030 75 2475 75 520 2400 56 80 408 57 79 80 88 72
leaf_count=360 4030 75 2475 75 520 2400 56 80 408 57 79 80 88 72
internal_value=-0.00020866 -0.00056044 -0.00136572 0.0034 -5.71436e-05 0.000220108 0.00163393 0.00286765 0.00355 0.006375 0.00361765 -0.000272728 -0.000398438 0.0031875
internal_weight=10855 6825 2625 150 4200 3680 1120 680 600 192 136 440 2560 160
internal_count=10855 6825 2625 150 4200 3680 1120 680 600 192 136 440 2560 160
is_linear=0
shrinkage=0.03


Tree=291
num_leaves=15
num_cat=0
split_feature=34 2 35 69 40 7 13 36 12 15 23 67 63 40
split_gain=2.88228 3.65103 3.14103 4.37071 3.56203 3.03776 3.36962 2.53878 2.50714 2.38407 2.51081 5.42005 4.11857 2.49294
threshold=46.50856018066407 92.000000000000014 167.49777984619143 552.95001220703136 0.39473684132099157 0.37267799675464636 209.58105468750003 4.5000000000000009 44.770832061767585 0.32517650723457342 22.432222366333011 803.95623779296886 17.209166526794437 0.14210525900125506
decision_type=2 2 2 2 2 2 2 2 2 2 2 2 2 2
left_child=2 -2 7 4 -4 6 8 -1 -3 -8 -11 13 -13 -12
right_child=1 5 3 -5 -6 -7 9 -9 -10 10 11 12 -14 -15
leaf_value=-0.00089338000959425946 -0.005422809698535788 -0.0089189933460902798 -0.0012815577416923538 0.00080927381694785973 0.0008178622631611973 0.00010114483377155651 -0.0059950517891217414 0.00033638216309840244 0.00048239734673904782 -0.0025220448578275466 0.00064105415753322654 0.0029997283257789994 0.00010308721829884302 -0.00061893054208375317
leaf_weight=520 1105 130 74 68 53 4030 780 1040 780 650 297 75 100 1153
leaf_count=520 1105 130 74 68 53 4030 780 1040 780 650 297 75 100 1153
internal_value=-0.000164441 -0.000379122 0.000948717 0.00453846 0.00125197 -0.000155723 -0.000745272 0.000499999 0.000857142 -0.00122259 -0.000731869 -0.000101539 0.00488571 -0.000703449
internal_weight=10855 9100 1755 195 127 7995 3965 1560 910 3055 2275 1625 175 1450
internal_count=10855 9100 1755 195 127 7995 3965 1560 910 3055 2275 1625 175 1450
is_linear=0
shrinkage=0.03


Tree=292
num_leaves=15
num_cat=0
split_feature=34 35 40 21 30 13 7 25 69 18 40 23 67 33
split_gain=2.40511 3.82527 5.80011 3.41146 2.70224 2.19753 2.7602 3.16748 2.97568 4.03421 5.2902 2.90004 3.57848 3.07818
threshold=46.837224960327156 167.49777984619143 0.46842105686664587 6.8417968750000009 0.78720235824584972 202.67753601074222 0.37267799675464636 459.01469421386724 1066.2229614257815 0.28125000000000006 0.43684209883213049 22.432222366333011 68.86069488525392 69.806602478027358
decision_type=2 2 2 2 2 2 2 2 2 2 2 2 2 2
left_child=1 -1 -3 5 -5 -2 11 8 9 10 -8 -7 -13 -14
right_child=3 2 -4 4 -6 6 7 -9 -10 -11 -12 12 13 -15
leaf_value=6.02646327193046e-05 0.00022874556841835726 0.00017302769085692543 0.00063854997119552274 0.00019702651914675127 -0.011705317181459974 -0.0039141034581058635 0.00057675875306746464 -5.3571189599568941e-05 -0.010343130520351299 0.00013208544215763355 0.0013063705505463386 -0.0014571460000598914 9.1761808505222425e-05 0.0035393931480394189
leaf_weight=1820 1820 180 80 65 650 975 154 2665 131 207 93 983 975 57
leaf_count=1820 1820 180 80 65 650 975 154 2665 131 207 93 983 975 57
internal_value=-0.000167205 0.000749999 0.00415385 -0.000384616 -0.00237063 -0.000208437 -0.000475962 0.00012923 0.0021282 0.00327753 0.0058664 -0.00113378 -0.000483872 0.000749999
internal_weight=10855 2080 260 8775 715 8060 6240 3250 585 454 247 2990 2015 1032
internal_count=10855 2080 260 8775 715 8060 6240 3250 585 454 247 2990 2015 1032
is_linear=0
shrinkage=0.03


Tree=293
num_leaves=15
num_cat=0
split_feature=27 30 27 65 35 28 30 65 30 67 16 7 69 40
split_gain=2.5265 2.82662 3.60577 3.5397 5.77632 3.581 3.53558 7.91041 3.9141 2.87641 2.67251 4.14837 3.04834 2.6213
threshold=73.468742370605483 0.67708331346511852 44.474695205688484 62.897222518920906 167.10472106933597 131.73892211914065 0.84970235824584972 244.26194763183597 0.71875000000000011 96.06555557250978 22.584096908569339 0.45220860838890081 0.56888887286186229 0.31052631139755255
decision_type=2 2 2 2 2 2 2 2 2 2 2 2 2 2
left_child=1 2 -1 10 5 -5 8 -8 -6 -10 -3 -12 13 -13
right_child=-2 3 -4 4 6 -7 7 -9 9 -11 11 12 -14 -15
leaf_value=0.00048715451492670073 0.00012992593934003834 -0.0026159842286845362 -0.0001785435292500811 3.6881013821172283e-05 0.00080168472384120496 -0.003370078279875191 0.00119604093693709 -0.0034567697701872735 -0.000551887625635475 0.00033755889575979128 -0.0012592105200721492 0.0021134147898339358 0.00086494150463740482 0.0020599786376074378
leaf_weight=780 1690 2517 780 1462 141 1150 79 57 431 845 635 50 176 62
leaf_count=780 1690 2517 780 1462 141 1150 79 57 431 845 635 50 176 62
internal_value=-0.00017826 -0.000374796 0.000788461 -0.000613413 -2.52108e-05 -0.000886678 0.0014237 0.00604412 0.000980239 0.000456112 -0.00132558 5.52539e-05 0.00304167 0.00691071
internal_weight=10855 9165 1560 7605 4165 2612 1553 136 1417 1276 3440 923 288 112
internal_count=10855 9165 1560 7605 4165 2612 1553 136 1417 1276 3440 923 288 112
is_linear=0
shrinkage=0.03


Tree=294
num_leaves=15
num_cat=0
split_feature=27 34 40 69 65 33 40 35 34 23 17 65 65 9
split_gain=2.38443 2.46141 3.5929 3.57576 3.18235 4.03616 3.86607 3.74373 3.54016 4.04843 3.47955 3.40713 4.0232 3.26973
threshold=73.468742370605483 57.903236389160163 0.39473684132099157 0.56888887286186229 62.897222518920906 58.354330062866218 0.51052629947662365 166.99986267089847 53.083152770996101 23.497777938842777 16.231111526489261 184.37986755371097 580.22750854492199 0.37240739166736608
decision_type=2 2 2 2 2 2 2 2 2 2 2 2 2 2
left_child=1 4 -3 -4 5 6 -1 10 9 -9 -6 13 -13 -11
right_child=-2 2 3 -5 7 -7 -8 8 -10 11 -12 12 -14 -15
leaf_value=0.00023400879404141719 0.00012602816115982093 -0.00016787681970880148 0.0019461242640064302 0.00066248263379676674 -0.0068591835759381136 -0.0054961044375375495 -0.0028851813576622242 0.00017016555349502673 -0.002205111649121635 0.00047057730411428629 1.1212506775315488e-06 -0.0045080136019558818 0.0011189112696636595 0.0011544116231778012
leaf_weight=1782 1690 152 53 55 732 1828 628 1507 390 73 1491 133 258 83
leaf_count=1782 1690 152 53 55 732 1828 628 1507 390 73 1491 133 258 83
internal_value=-0.000147859 -0.00033879 0.00253846 0.00672222 -0.000422797 -0.00101793 -0.000211619 0.000117634 0.000927986 0.00142551 -0.00077328 0.0036362 0.00214066 0.00738461
internal_weight=10855 9165 260 108 8905 4238 2410 4667 2444 2054 2223 547 391 156
internal_count=10855 9165 260 108 8905 4238 2410 4667 2444 2054 2223 547 391 156
is_linear=0
shrinkage=0.03


Tree=295
num_leaves=15
num_cat=0
split_feature=18 13 40 16 15 13 9 34 30 15 67 45 40 50
split_gain=2.29343 3.95342 3.91609 5.09725 5.66675 4.58182 2.54545 2.42209 2.41685 2.37066 2.66113 2.49527 7.11154 2.32581
threshold=0.42708332836627966 193.34938049316409 0.34210526943206793 2.3179929256439213 1.0444444417953493 170.80236816406253 0.26739583909511572 46.416027069091804 0.92113095521926891 27.201910972595218 23.550971984863285 0.81174489855766307 0.46842105686664587 9.5000000000000018
decision_type=2 2 2 2 2 2 2 2 2 2 2 2 2 2
left_child=1 -1 3 -2 -5 -6 -7 -3 -4 11 -11 -9 -13 -8
right_child=2 7 8 4 5 6 13 9 -10 10 -12 12 -14 -15
leaf_value=0.00037920069125210173 -0.0063106097472101956 0.00027945382435222698 -0.0053860568554211369 0.0010782397763965312 -0.0051947928360549138 -0.076557536522699907 0.0014288797112978486 -0.00028776829335923446 0.00066176154956169798 0.0010205398385005698 0.00010916491684957483 -0.00027791903096867891 0.0019503470488439003 6.9861230374098623e-05
leaf_weight=1690 495 910 1152 99 198 66 257 5200 64 66 259 180 80 139
leaf_count=1690 495 910 1152 99 198 66 257 5200 64 66 259 180 80 139
internal_value=-9.53485e-05 0.000141323 -0.000898786 0.000277511 0.00182213 0.000818181 0.00245454 -0.00018596 -0.00211184 -0.000412274 0.00207692 -0.00056044 0.00230769 0.00336364
internal_weight=10855 8385 2470 1254 759 660 462 6695 1216 5785 325 5460 260 396
internal_count=10855 8385 2470 1254 759 660 462 6695 1216 5785 325 5460 260 396
is_linear=0
shrinkage=0.03


Tree=296
num_leaves=15
num_cat=0
split_feature=18 40 15 44 13 13 12 30 9 0 45 40 34 69
split_gain=2.3059 3.4551 4.75411 5.40468 3.68493 3.45181 2.59542 2.375 2.33535 2.33535 2.27351 9.54976 2.21102 2.14443
threshold=0.42708332836627966 0.34210526943206793 0.34703703224658972 0.87837970256805431 150.12264251708987 193.34938049316409 61.583333969116218 0.92113095521926891 0.26739583909511572 45.583332061767585 0.81174489855766307 0.4789473712444306 46.416027069091804 5.2762498855590829
decision_type=2 2 2 2 2 2 2 2 2 2 2 2 2 2
left_child=5 2 -2 4 -4 -1 -6 -3 -8 -10 12 -12 13 -7
right_child=1 7 3 -5 6 10 8 -9 9 -11 11 -13 -14 -15
leaf_value=0.0003678246705145227 -0.025460254766021758 -0.0052244751497584957 -0.0044455034981829376 0.0016122253029266407 0.0017246593344276788 -0.0010007807015240289 -0.014386280645890967 0.00064190870307483496 -0.020434682782389666 0.00082732332708059875 -0.00029770012486163327 0.0018015209786245556 -0.00016691445734072749 0.00060873301024431524
leaf_weight=1690 330 1152 264 99 66 187 99 64 66 330 230 95 5525 658
leaf_count=1690 330 1152 264 99 66 187 99 64 66 330 230 95 5525 658
internal_value=-0.000117458 -0.000923078 0.000181817 0.00128571 0.000490908 0.000119856 0.00186631 -0.0020625 0.00112121 0.00215151 -0.00018596 0.00226154 -0.000310833 0.00111834
internal_weight=10855 2470 1254 924 825 8385 561 1216 495 396 6695 325 6370 845
internal_count=10855 2470 1254 924 825 8385 561 1216 495 396 6695 325 6370 845
is_linear=0
shrinkage=0.03


Tree=297
num_leaves=15
num_cat=0
split_feature=18 13 40 15 45 13 40 13 45 40 4 40 40 0
split_gain=2.54889 3.19412 3.18544 4.30414 4.51641 2.89097 3.7719 6.07202 2.26519 9.01064 2.05229 3.58313 3.41016 6.46654
threshold=0.42708332836627966 193.34938049316409 0.2578947395086289 0.34703703224658972 1.0000000180025095e-35 150.12264251708987 0.15263157337903979 208.93702697753909 0.81174489855766307 0.48947368562221533 20.981290817260746 0.2578947395086289 0.12105263024568559 77.958335876464858
decision_type=2 2 2 2 2 2 2 2 2 2 2 2 2 2
left_child=1 -1 3 -2 -5 -6 -7 -8 10 -10 12 -12 13 -3
right_child=2 8 -4 4 5 6 7 -9 9 -11 11 -13 -14 -15
leaf_value=0.00035678993039910622 -0.028831116892023945 0.0027525459534655742 -0.0027600358242986481 0.0019665973387652572 -0.0038343052460648092 -6.5175370178765881e-05 0.0041099739376012981 8.3851280754777642e-05 -0.00022796150488836131 0.001805598714088621 -0.00092246659830477968 0.00091682475124723196 -0.00027113000983643669 -0.00034752773845654676
leaf_weight=1690 250 372 1520 150 200 210 60 80 235 90 200 320 4770 708
leaf_count=1690 250 372 1520 150 200 210 60 80 235 90 200 320 4770 708
internal_value=-0.000136804 0.000112701 -0.000983806 0.000378947 0.00158571 0.000327272 0.00197143 0.00578571 -0.000181479 0.00226154 -0.000306123 0.0015 -0.000466667 0.00105555
internal_weight=10855 8385 2470 950 700 550 350 140 6695 325 6370 520 5850 1080
internal_count=10855 8385 2470 950 700 550 350 140 6695 325 6370 520 5850 1080
is_linear=0
shrinkage=0.03


Tree=298
num_leaves=15
num_cat=0
split_feature=21 34 65 65 13 13 65 69 35 40 65 67 40 23
split_gain=2.62431 2.53531 2.66409 2.94118 2.05245 2.17333 2.71755 2.38123 3.10085 2.79156 2.40615 3.15696 4.03153 3.7885
threshold=6.8417968750000009 47.295478820800788 244.26194763183597 20.301944732666019 202.67753601074222 81.78168106079103 139.93305969238284 46.611944198608406 166.76805114746097 0.57368421554565441 195.2961120605469 30.151388168334964 0.46842105686664587 22.880416870117191
decision_type=2 2 2 2 2 2 2 2 2 2 2 2 2 2
left_child=4 2 3 -2 5 6 -1 10 -9 -10 11 12 13 -7
right_child=1 -3 -4 -5 -6 7 -8 8 9 -11 -12 -13 -14 -15
leaf_value=-0.0052816778818024455 0.00025388601486137205 -0.0076035462838370815 -0.002407885549260642 0.0010315015789958363 -8.1720174450837656e-05 0.0052242182953954565 0.0010201056894192809 -0.0012822585606089287 0.00061836270463435609 -0.0050638012643321063 0.00011261821702089507 6.4942782328891725e-06 0.00012244862128612117 0.0034230316197307307
leaf_weight=338 102 715 237 51 7345 105 52 420 814 138 290 118 79 51
leaf_count=338 102 715 237 51 7345 105 52 420 814 138 290 118 79 51
internal_value=-0.000175496 -0.00156109 0.000384615 0.00347059 -1.84623e-05 0.000742203 -0.00130769 0.00113896 0.000432944 0.00138025 0.00264541 0.00430878 0.00631915 0.00911538
internal_weight=10855 1105 390 153 9750 2405 390 2015 1372 952 643 353 235 156
internal_count=10855 1105 390 153 9750 2405 390 2015 1372 952 643 353 235 156
is_linear=0
shrinkage=0.03


Tree=299
num_leaves=15
num_cat=0
split_feature=37 18 13 40 15 45 25 40 2 45 40 25 40 34
split_gain=2.93574 2.64804 2.85442 2.82228 4.25287 4.7422 3.21706 5.01923 2.47882 2.28184 8.2818 2.10362 5.84802 2.26492
threshold=1.0000000180025095e-35 0.42708332836627966 193.34938049316409 0.29999999701976782 0.34703703224658972 1.0000000180025095e-35 424.18356323242193 0.16315789520740512 803.00000000000011 0.81174489855766307 0.48947368562221533 268.58322143554693 0.3315789550542832 46.50856018066407
decision_type=2 2 2 2 2 2 2 2 2 2 2 2 2 2
left_child=1 2 -1 4 -3 -6 7 -7 -8 11 -11 12 -4 -13
right_child=-2 3 9 -5 5 6 8 -9 -10 10 -12 13 -14 -15
leaf_value=0.00034383438942858823 0.00033616053617844242 -0.02715975215430522 -0.04196032593650055 -0.0031873845364670437 0.0020427359337768058 -6.1566162479549251e-05 -0.0029701888513492046 0.003966861477984503 0.00047195363870865492 -0.00021867105450818191 0.0017538823578994655 0.00021061908845499802 0.0012256004524914437 -0.00023696300203072208
leaf_weight=1690 65 290 64 1332 174 64 319 52 174 235 90 910 66 5330
leaf_count=1690 65 290 64 1332 174 64 319 52 174 235 90 910 66 5330
internal_value=-0.000125749 -0.000164041 8.76558e-05 -0.00104158 0.000103448 0.00125287 4.92539e-06 0.0045 -0.00105274 -0.000190441 0.00226154 -0.000315542 0.00346154 -0.000394231
internal_weight=10855 10790 8385 2405 1073 783 609 116 493 6695 325 6370 130 6240
internal_count=10855 10790 8385 2405 1073 783 609 116 493 6695 325 6370 130 6240
is_linear=0
shrinkage=0.03


Tree=300
num_leaves=15
num_cat=0
split_feature=37 18 30 40 0 13 0 9 65 15 40 56 23 13
split_gain=2.96132 2.93954 3.06335 3.0124 3.87192 2.74566 2.32164 4.05 2.747 2.29855 2.6726 2.7563 2.44524 2.10511
threshold=1.0000000180025095e-35 0.42708332836627966 0.92857143282890331 0.2578947395086289 24.208333015441898 193.34938049316409 43.875000000000007 0.57150468230247509 58.912776947021491 27.201910972595218 0.36315789818763738 11.500000000000002 21.986528396606449 363.19578552246099
decision_type=2 2 2 2 2 2 2 2 2 2 2 2 2 2
left_child=1 5 3 4 -3 -1 -6 -8 -9 12 -11 -12 -7 -14
right_child=-2 2 -4 -5 6 9 7 8 -10 10 11 -13 13 -15
leaf_value=0.00033351935774575555 0.00032607572009310179 -0.0035672901927986289 0.00076684707607157794 -0.003656889393640817 0.0014865019949675945 -0.0012596331045127943 -0.00035614558108019821 0.0033765548944255019 0.00014485775318763349 -0.00025037829974301258 0.0018634757160760291 -0.0002543304315067742 -0.00060728737265092008 6.4311343264179303e-05
leaf_weight=1690 65 350 65 1440 50 1170 250 95 155 175 96 54 1105 4095
leaf_count=1690 65 350 65 1440 50 1170 250 95 155 175 96 54 1105 4095
internal_value=-0.000153386 -0.000191845 -0.00111642 -0.00129487 6.6666e-05 7.33445e-05 0.00163636 0.00102 0.00372 -0.000199403 0.00226154 0.0052 -0.000324961 -4.61546e-05
internal_weight=10855 10790 2405 2340 900 8385 550 500 250 6695 325 150 6370 5200
internal_count=10855 10790 2405 2340 900 8385 550 500 250 6695 325 150 6370 5200
is_linear=0
shrinkage=0.03


Tree=301
num_leaves=15
num_cat=0
split_feature=15 40 30 30 23 33 35 15 24 69 21 63 22 29
split_gain=2.41551 3.22975 3.0346 2.89094 3.44499 5.24454 2.98156 4.00238 3.84229 2.88198 2.61244 2.73516 2.5124 3.5575
threshold=3.7441030740737919 0.41578947007656103 0.86011904478073131 0.78720235824584972 23.326666831970218 54.27380561828614 167.49777984619143 1.6903789639472964 295.74554443359381 1049.104431152344 1.8392708301544192 8.1722221374511737 6.829303741455079 789.28930664062511
decision_type=2 2 2 2 2 2 2 2 2 2 2 2 2 2
left_child=1 -1 3 4 6 -6 -3 8 -8 -7 11 -2 -12 -14
right_child=10 2 -4 -5 5 9 7 -9 -10 -11 12 -13 13 -15
leaf_value=4.1590540363201804e-06 0.0035329563921891482 -0.0052311368854620057 0.00076097550444167896 -0.015251338888746737 -0.0084369905511848132 0.0018066879641878257 0.00068195347025470205 -0.01334574419395252 -0.041492784942969721 1.5290326105735183e-05 -0.00024630936119756736 2.5637125250806138e-05 0.00064102624513640548 -2.6061086320272282e-06
leaf_weight=4200 54 1000 50 850 250 117 125 125 50 58 910 76 975 2015
leaf_count=4200 54 1000 50 850 250 117 125 125 50 58 910 76 975 2015
internal_value=-0.000150623 -0.000494506 -0.00132 -0.00146214 -0.000756522 0.00158823 -0.00152308 0.0011 0.00402857 0.00557143 0.000431761 0.00461538 0.000292307 0.000712374
internal_weight=10855 6825 2625 2575 1725 425 1300 300 175 175 4030 130 3900 2990
internal_count=10855 6825 2625 2575 1725 425 1300 300 175 175 4030 130 3900 2990
is_linear=0
shrinkage=0.03


Tree=302
num_leaves=15
num_cat=0
split_feature=34 0 34 40 33 14 12 18 15 69 40 56 0 40
split_gain=2.52814 3.56405 3.02788 4.0398 3.21679 3.13066 5.97143 5.17712 3.55394 3.28342 2.90769 2.8719 3.33549 5.95706
threshold=46.50856018066407 7.1250000000000009 57.224985122680671 0.46842105686664587 48.60083198547364 1934.5000000000002 190.38541412353518 0.28125000000000006 0.098556134849786772 7.0061111450195321 0.57368421554565441 84.500000000000014 17.750000000000004 0.53157895803451549
decision_type=2 2 2 2 2 2 2 2 2 2 2 2 2 2
left_child=11 -2 3 4 -3 6 8 9 -5 -8 -11 12 13 -1
right_child=1 2 -4 5 -6 -7 7 -9 -10 10 -12 -13 -14 -15
leaf_value=0.00045360242076219706 -0.012132357328335903 0.00063835624061203916 0.00088376755253837837 0.0018895937920750112 -4.4622497073929009e-05 -0.0030444979377572106 0.0073409125532485041 -9.9460262957405728e-05 -0.0090799949036449081 -4.8020092688183178e-06 0.0023211404686007608 -0.0076826879081977632 0.00017015273267449222 0.00080815538868693449
leaf_weight=208 455 630 325 60 5130 1380 50 160 780 70 60 182 1309 56
leaf_count=208 455 630 325 60 5130 1380 50 160 780 70 60 182 1309 56
internal_value=-0.000145095 -0.000346155 -0.000209949 -0.000320914 0.000119791 -0.0013125 -0.000177967 0.00317647 -0.00153572 0.00666667 0.00415385 0.000897435 0.00131023 0.00438636
internal_weight=10855 9100 8645 8320 5760 2560 1180 340 840 180 130 1755 1573 264
internal_count=10855 9100 8645 8320 5760 2560 1180 340 840 180 130 1755 1573 264
is_linear=0
shrinkage=0.03


Tree=303
num_leaves=15
num_cat=0
split_feature=34 15 22 12 68 1 65 63 69 55 56 22 40 63
split_gain=2.34902 3.46511 4.0512 2.73095 3.06471 3.22141 3.6266 3.11296 2.77883 2.6911 2.61186 2.54441 2.6142 2.49895
threshold=46.931081771850593 3.7441030740737919 6.9148337841033944 512.43751525878918 1.0000000180025095e-35 118.43119430541994 592.05514526367199 183.57819366455081 105.95166778564455 9.3912501335144061 84.500000000000014 6.2985980510711679 0.54210525751113903 1.5573611259460451
decision_type=2 2 2 2 2 2 2 2 2 2 2 2 2 2
left_child=10 2 11 4 7 6 -6 9 -8 -3 -1 -2 13 -13
right_child=1 3 -4 -5 5 -7 8 -9 -10 -11 -12 12 -14 -15
leaf_value=0.00022408117777340174 -0.00025173013586125452 0.0012734610174477919 -0.0027892058925935706 -0.00019223337926937463 -0.0013768243002734502 0.00044573869656652293 0.0025731440843597257 -9.0128513328021435e-05 1.8347745721279238e-05 0.0026963068385722584 -0.0043211159127051584 0.00034902093466147589 -0.0019682484306953719 0.002252471843035452
leaf_weight=1984 1365 209 2990 1040 857 694 132 153 286 74 226 494 169 182
leaf_count=1984 1365 209 2990 1040 857 694 132 153 286 74 226 494 169 182
internal_value=-0.000153386 -0.000376519 -0.000865385 0.000361393 0.000916839 0.000412899 -0.000482354 0.00319266 0.00180861 0.00505654 0.000719456 0.000108597 0.00140237 0.00223669
internal_weight=10855 8645 5200 3445 2405 1969 1275 436 418 283 2210 2210 845 676
internal_count=10855 8645 5200 3445 2405 1969 1275 436 418 283 2210 2210 845 676
is_linear=0
shrinkage=0.03


Tree=304
num_leaves=15
num_cat=0
split_feature=34 21 30 25 14 26 42 69 67 14 33 40 10 40
split_gain=2.34902 3.16017 3.0635 2.5573 3.22333 3.07663 3.04094 3.18245 3.17202 4.96241 3.01653 3.71558 2.95765 3.14103
threshold=46.931081771850593 6.8417968750000009 0.78720235824584972 654.93835449218761 1123.5000000000002 6144.5000000000009 0.63405361771583568 632.85363769531261 30.151388168334964 815.00000000000011 69.806602478027358 0.41578947007656103 1.2611401081085207 0.13157894462347033
decision_type=2 2 2 2 2 2 2 2 2 2 2 2 2 2
left_child=-1 3 -3 5 6 -2 -5 8 -8 -10 12 -12 13 -6
right_child=1 2 -4 4 10 -7 7 -9 9 -11 11 -13 -14 -15
leaf_value=0.00015630711393509953 -1.348590660522464e-05 0.00024333866010064009 -0.0093038450813296147 0.0001417267025264793 0.00050264455863303133 -0.0044273675854979468 0.0036763250409268733 0.00074054766219356413 0.00097614497691978538 -0.0040837718936348119 6.2526025683448265e-05 0.0030311082551514493 -0.01052015277002917 -9.9853883384962207e-05
leaf_weight=2210 1885 65 650 456 702 1300 80 132 57 55 80 50 325 2808
leaf_count=2210 1885 65 650 456 702 1300 80 132 57 55 80 50 325 2808
internal_value=-0.000153386 -0.000376519 -0.00228671 -0.000204288 0.000237091 -0.000861853 0.002 0.00422222 0.0066875 0.00342857 -0.000109711 0.00438461 -0.000262061 -8.54772e-06
internal_weight=10855 8645 715 7930 4745 3185 780 324 192 112 3965 130 3835 3510
internal_count=10855 8645 715 7930 4745 3185 780 324 192 112 3965 130 3835 3510
is_linear=0
shrinkage=0.03


Tree=305
num_leaves=15
num_cat=0
split_feature=34 21 30 7 27 33 40 33 16 5 28 16 15 25
split_gain=2.09384 3.18318 3.0635 2.39412 2.36116 2.72026 2.31772 5.03697 3.09608 2.77836 4.24641 2.54669 3.81179 2.51196
threshold=46.931081771850593 6.8417968750000009 0.78720235824584972 1.0000000180025095e-35 61.981239318847663 55.367551803588874 0.45789474248886114 69.806602478027358 123.2425880432129 48.276250839233406 208.88849639892581 0.37635099887847906 1.0000000180025095e-35 654.93835449218761
decision_type=2 2 2 2 2 2 2 2 2 2 2 2 2 2
left_child=3 6 -3 -1 5 -5 13 8 9 11 -11 12 -8 -2
right_child=1 2 -4 4 -6 -7 7 -9 -10 10 -12 -13 -14 -15
leaf_value=0.00082100506000741622 -0.00014779276419745076 0.00023603850029760808 -0.0090247297288897337 -0.0045919429440695403 0.00027434552359100834 0.00023630763965195689 -0.0063825212226433885 0.0018391847568950367 0.0007633388306444185 -2.8667232463893873e-05 0.0022979583356766728 -0.0028014625710729825 0.0027274474219419367 0.00027599529159099914
leaf_weight=455 2156 65 650 650 715 390 84 84 105 378 63 1785 63 3212
leaf_count=455 2156 65 650 650 715 390 84 84 105 378 63 1785 63 3212
internal_value=-0.000158914 -0.000369579 -0.00228671 0.000665158 0.000162392 -0.000750001 -0.000196722 -0.000939111 -0.00118402 -0.00140708 0.000741496 -0.00189752 0.00189796 0.0001576
internal_weight=10855 8645 715 2210 1755 1040 7930 2562 2478 2373 441 1932 147 5368
internal_count=10855 8645 715 2210 1755 1040 7930 2562 2478 2373 441 1932 147 5368
is_linear=0
shrinkage=0.03


Tree=306
num_leaves=15
num_cat=0
split_feature=27 33 7 65 40 28 69 18 40 5 40 9 23 10
split_gain=2.23603 2.76105 3.3091 2.95232 2.66682 3.21429 2.86897 2.99825 3.85174 2.61577 2.75226 6.13816 3.12503 2.9673
threshold=73.468742370605483 47.923986434936531 0.40284535288810736 4940.6240234375009 0.57368421554565441 355.46296691894537 30.144582748413089 0.61458331346511852 0.31052631139755255 49.709306716918952 0.1947368457913399 0.40700230002403265 22.254583358764652 0.47848685085773474
decision_type=2 2 2 2 2 2 2 2 2 2 2 2 2 2
left_child=1 4 -3 9 5 6 -1 -8 -9 10 11 13 -13 -4
right_child=-2 2 3 -5 -6 -7 7 8 -10 -11 -12 12 -14 -15
leaf_value=0.0025078213661419639 0.00014372428400212438 -0.00057554720548482136 -0.00041885627085935887 0.0014148456965070743 -0.0025878264514750753 -0.00013509017615936887 -0.00032955727651478152 0.00084136111231576595 -0.0061128221721522937 0.00030627725267025297 -0.00062335906005906491 0.0014650987924072546 -0.0013125312335763666 0.0041195166223044
leaf_weight=286 1690 4225 57 58 180 385 218 51 50 845 2012 152 494 152
leaf_count=286 1690 4225 57 58 180 385 218 51 50 845 2012 152 494 152
internal_value=-0.000150623 -0.000335516 -0.00053471 0.000111405 0.00102564 0.00163636 0.003 0.00104389 0.00531683 6.4648e-06 -0.000425881 0.000999999 -0.000445821 0.0054689
internal_weight=10855 9165 7995 3770 1170 990 605 319 101 3712 2867 855 646 209
internal_count=10855 9165 7995 3770 1170 990 605 319 101 3712 2867 855 646 209
is_linear=0
shrinkage=0.03


Tree=307
num_leaves=15
num_cat=0
split_feature=18 40 33 18 1 9 13 35 45 65 2 63 49 13
split_gain=2.27437 3.4551 5.66859 5.98889 4.67955 3.31361 2.72611 2.65199 2.65358 3.0173 2.82047 3.95384 3.0067 2.48521
threshold=0.42708332836627966 0.34210526943206793 47.473577499389656 0.46875000000000006 43.875020980834968 0.22885417193174365 193.34938049316409 166.75888824462893 0.81174489855766307 177.29804992675784 185.00000000000003 599.71456909179699 1.0000000180025095e-35 167.26181793212893
decision_type=2 2 2 2 2 2 2 2 2 2 2 2 2 2
left_child=6 2 3 -2 -4 -6 7 -1 9 10 -9 12 -12 -7
right_child=1 -3 4 -5 5 13 -8 8 -10 -11 11 -13 -14 -15
leaf_value=-0.00025260207571759733 -0.0045140376912894634 -0.0035629627317054478 -0.0063557831289669823 0.001048156292886176 -0.0066606791978342551 -0.0058754230653620589 -3.8744848619422713e-05 0.00060315732909125457 -0.0023516007777984395 0.00033792771734299107 0.00051283665500131243 -0.00025450488870084562 0.0026958010099011049 0.001034102152369331
leaf_weight=325 66 1216 495 99 132 66 6695 305 130 683 111 64 72 396
leaf_count=325 66 1216 495 99 132 66 6695 305 130 683 111 64 72 396
internal_value=-0.000122986 -0.000923078 0.000181817 0.00536364 -0.000603307 0.00119192 0.000112701 0.00118935 0.00176923 0.00219838 0.00384783 0.00623077 0.00847541 0.00238961
internal_weight=10855 2470 1254 165 1089 594 8385 1690 1365 1235 552 247 183 462
internal_count=10855 2470 1254 165 1089 594 8385 1690 1365 1235 552 247 183 462
is_linear=0
shrinkage=0.03


Tree=308
num_leaves=15
num_cat=0
split_feature=30 21 30 40 34 40 34 22 63 16 1 26 40 69
split_gain=2.53201 3.30593 3.30434 5.04242 2.52933 3.01183 2.56896 3.29234 2.73913 2.0989 2.72798 2.94416 4.72982 8.5098
threshold=0.92857143282890331 6.3301882743835458 0.72767856717109691 0.34210526943206793 57.224985122680671 0.53157895803451549 50.410654067993171 7.4874446392059335 756.41928100585949 0.37635099887847906 16.883147239685062 6144.5000000000009 0.14210525900125506 27.24486064910889
decision_type=2 2 2 2 2 2 2 2 2 2 2 2 2 2
left_child=1 4 3 -3 6 -6 9 8 -8 -1 -11 -12 13 -13
right_child=-2 2 -4 -5 5 -7 7 -9 -10 10 11 12 -14 -15
leaf_value=0.0019099635978852556 0.00078488123455981392 0.0019991010262396421 -0.0045228031274938962 -0.034569542287595109 0.000219192743397089 0.0015672155042964332 0.00014137312641096891 -0.0010315722291091341 -0.0010784595586907325 0.00065376607803086103 0.00018097607302305167 0.0022254596684333368 -0.00073967512271023625 -0.00053472410362708259
leaf_weight=455 65 66 1235 64 255 70 1564 1235 516 325 1885 238 2448 434
leaf_count=455 65 66 1235 64 255 70 1564 1235 516 325 1885 238 2448 434
internal_value=-0.00013404 -0.000169602 -0.00154945 0.003 3.0238e-05 0.00263077 -6.26381e-05 -0.000728508 -7.15256e-10 0.000318928 0.000151969 -2.09797e-05 -0.000586539 0.00164286
internal_weight=10855 10790 1365 130 9425 325 9100 3315 2080 5785 5330 5005 3120 672
internal_count=10855 10790 1365 130 9425 325 9100 3315 2080 5785 5330 5005 3120 672
is_linear=0
shrinkage=0.03


Tree=309
num_leaves=15
num_cat=0
split_feature=30 21 27 65 28 1 35 13 40 40 18 13 34 27
split_gain=2.53912 3.55885 2.11366 2.46398 5.15863 4.10427 2.327 3.24307 3.19091 2.69908 3.57764 2.83838 2.7627 2.90496
threshold=0.92857143282890331 6.8417968750000009 73.468742370605483 153.552360534668 380.56449890136724 167.68514251708987 166.68264007568362 1043.6260986328127 0.54210525751113903 0.24736841768026355 0.34375000000000006 1845.6218872070315 50.290061950683601 42.927650451660163
decision_type=2 2 2 2 2 2 2 2 2 2 2 2 2 2
left_child=1 2 6 4 5 -4 9 8 -8 10 -1 -11 13 -12
right_child=-2 -3 3 -5 -6 -7 7 -9 -10 11 12 -13 -14 -15
leaf_value=-0.0007103404914002039 0.0007613347975230307 -0.0018194827153236825 0.0039925629773261574 -3.6791569494171582e-05 0.0004116552533875222 7.3561483483784376e-05 0.00027175409300613922 -0.00091286043144646995 -0.00032825018148306874 -0.0021959161194313351 0.0022819735999631539 0.0011051912016016895 -0.00053412687821219069 0.00024763240319427762
leaf_weight=600 65 1040 52 862 646 65 3432 845 858 1763 168 123 144 192
leaf_count=600 65 1040 52 862 646 65 3432 845 858 1763 168 123 144 192
internal_value=-0.000142331 -0.000177943 -7.15256e-10 0.000987692 0.00222936 0.00802564 -0.000197539 0.000189873 0.000524475 -0.000862877 0.000315217 -0.00155249 0.00217857 0.00358333
internal_weight=10855 10790 9750 1625 763 117 8125 5135 4290 2990 1104 1886 504 360
internal_count=10855 10790 9750 1625 763 117 8125 5135 4290 2990 1104 1886 504 360
is_linear=0
shrinkage=0.03


Tree=310
num_leaves=15
num_cat=0
split_feature=15 34 22 22 7 63 28 40 44 19 66 0 40 63
split_gain=2.59702 2.49003 4.2339 3.2014 3.06891 3.04966 2.87524 2.57488 5.92867 4.10673 2.47626 2.96022 2.69521 2.26886
threshold=3.7441030740737919 46.931081771850593 6.9148337841033944 6.1749844551086435 1.0000000180025095e-35 122.8572235107422 289.21171569824224 0.1947368457913399 0.6078576147556306 0.47826002538204199 1.0000000180025095e-35 86.583332061767592 0.29999999701976782 53.372222900390632
decision_type=2 2 2 2 2 2 2 2 2 2 2 2 2 2
left_child=1 4 3 10 13 -5 -6 8 -4 -10 11 -3 -13 -1
right_child=-2 2 7 5 6 -7 -8 -9 9 -11 -12 12 -14 -15
leaf_value=0.0004815242964478424 8.4768245403301344e-05 -0.00026218895548344703 -0.0012883723333038462 0.00013380409480254359 -0.0043098894237320389 0.0021073377540884565 0.00023172473730973463 -0.0080418008665492143 -0.01861007631728236 0.0018819296253156021 -0.0020835525396630775 0.0029032801033816147 0.00013767064187606519 0.0012638667702266019
leaf_weight=292 4030 183 646 736 520 239 715 2116 57 171 918 56 78 98
leaf_count=292 4030 183 646 736 520 239 715 2116 57 171 918 56 78 98
internal_value=-0.000142331 -0.000498902 -0.000819231 0.00017647 0.000526153 0.00146154 -0.000206478 -0.00155518 -0.000185355 0.00397368 -0.000838057 0.00144795 0.00483582 0.00284615
internal_weight=10855 6825 5200 2210 1625 975 1235 2990 874 228 1235 317 134 390
internal_count=10855 6825 5200 2210 1625 975 1235 2990 874 228 1235 317 134 390
is_linear=0
shrinkage=0.03


Tree=311
num_leaves=15
num_cat=0
split_feature=15 40 21 13 13 69 36 50 15 24 35 24 3 22
split_gain=2.60431 3.04 2.82495 3.00016 3.63889 2.7302 2.70833 3.1352 2.41303 9.27592 3.98292 4.18133 2.40667 2.60762
threshold=3.7441030740737919 0.41578947007656103 6.8417968750000009 221.40804290771487 120.09104156494142 1647.4165039062502 45.500000000000007 39.500000000000007 0.16903646290302279 155.71577453613284 167.49777984619143 258.01339721679693 0.64752313494682323 8.0415287017822283
decision_type=2 2 2 2 2 2 2 2 2 2 2 2 2 2
left_child=1 2 3 4 -1 -6 7 -5 9 -3 -11 -12 13 -8
right_child=-2 8 -4 6 5 -7 12 -9 -10 10 11 -13 -14 -15
leaf_value=-0.00016246430023740554 8.2225198041196702e-05 0.002050226454801895 -0.0024271416943045755 -0.00079242748224769236 0.0011201118976416058 -0.0041666307508192342 0.0016931352533997852 0.0016022922131958453 -0.003545980043851189 -0.0060695064074854478 0.0021870192923050791 -0.1240063400403601 -0.025548870130680076 -0.0011215941132299702
leaf_weight=440 4030 75 520 1931 600 80 280 149 1975 450 75 50 80 120
leaf_count=440 4030 75 520 1931 600 80 280 149 1975 450 75 50 80 120
internal_value=-0.000150623 -0.000507693 -7.14357e-06 0.000285325 0.00158036 0.00295588 -0.000281251 -0.000750001 -0.00130857 0.000276922 -0.00101739 0.00372 0.00175 0.0027
internal_weight=10855 6825 4200 3680 1120 680 2560 2080 2625 650 575 125 480 400
internal_count=10855 6825 4200 3680 1120 680 2560 2080 2625 650 575 125 480 400
is_linear=0
shrinkage=0.03


Tree=312
num_leaves=15
num_cat=0
split_feature=27 33 2 65 7 30 6 18 65 69 40 27 27 65
split_gain=2.41143 3.2984 3.44285 4.91013 3.14412 2.69906 2.54756 2.90338 2.45883 2.75171 2.44882 7.25241 2.41604 2.20554
threshold=73.468742370605483 47.923986434936531 90.500000000000014 4940.6240234375009 0.37267799675464636 0.84970235824584972 1.0000000180025095e-35 0.21875000000000003 66.53055572509767 41.83833312988282 0.12105263024568559 4.6002919673919687 71.022563934326186 153.552360534668
decision_type=2 2 2 2 2 2 2 2 2 2 2 2 2 2
left_child=1 -1 5 4 6 -3 7 -4 -7 -10 11 -8 -6 -2
right_child=13 2 3 -5 12 8 10 -9 9 -11 -12 -13 -14 -15
leaf_value=0.00025400478643066647 0.00047355415509360761 -0.0070709439603927858 -0.00029726338290044538 0.0015163170722681182 0.00015844039205078087 -0.034435105124388736 0.0024582331018436232 0.0017723189531842058 0.00093213249263698103 -0.00077825030812553114 -0.0021117065039226034 -0.00084164877070168407 -0.0063476193912835833 -3.9279544945187087e-05
leaf_weight=1170 826 1040 455 53 3471 74 84 390 69 52 1802 317 188 864
leaf_count=1170 826 1040 455 53 3471 74 84 390 69 52 1802 317 188 864
internal_value=-6.49477e-05 -0.000256957 -0.000474672 -0.000208581 -0.000280454 -0.00193117 -0.000992127 0.000408283 0.00130769 0.00394215 -0.00152928 0.000591022 0.00031238 0.000976331
internal_weight=10855 9165 7995 6760 6707 1235 3048 845 195 121 2203 401 3659 1690
internal_count=10855 9165 7995 6760 6707 1235 3048 845 195 121 2203 401 3659 1690
is_linear=0
shrinkage=0.03


Tree=313
num_leaves=15
num_cat=0
split_feature=18 40 33 18 0 13 30 17 16 68 67 42 25 70
split_gain=2.31883 3.37728 5.61637 5.98889 5.07937 3.13406 2.74237 2.72753 2.30333 3.03185 2.23779 5.93115 2.14409 2.42105
threshold=0.42708332836627966 0.34210526943206793 47.473577499389656 0.46875000000000006 412.08334350585943 193.34938049316409 0.92113095521926891 31.875000000000004 8.2088837623596209 1.0000000180025095e-35 1153.9639282226565 0.58216583728790294 627.02975463867199 1.0000000180025095e-35
decision_type=2 2 2 2 2 2 2 2 2 2 2 2 2 2
left_child=5 2 3 -2 -4 7 -3 10 -9 -10 12 -12 -1 -14
right_child=1 6 4 -5 -6 -7 -8 8 9 -11 11 -13 13 -15
leaf_value=-0.0036325690509507384 -0.0043487664787977831 -0.0042009177554073913 -0.0008384589078509596 0.00099009020823963441 0.0012318823473708895 -3.498179339365831e-05 0.00061028612630641306 -0.0016705382949870661 0.0044256967275120105 0.00011606456132389022 0.0029764718539555665 3.2476922772933042e-05 -0.0098472585754383543 0.00099270519448621617
leaf_weight=138 66 1152 924 99 165 6695 64 195 52 663 71 81 58 432
leaf_count=138 66 1152 924 99 165 6695 64 195 52 663 71 81 58 432
internal_value=-7.87663e-05 -0.00088664 0.000205741 0.00536364 -0.000575758 0.000159212 -0.00201316 0.00131361 0.000197801 0.000986013 0.00261538 0.00588158 0.00182484 0.0027551
internal_weight=10855 2470 1254 165 1089 8385 1216 1690 910 715 780 152 628 490
internal_count=10855 2470 1254 165 1089 8385 1216 1690 910 715 780 152 628 490
is_linear=0
shrinkage=0.03


Tree=314
num_leaves=15
num_cat=0
split_feature=21 34 56 34 34 22 69 65 40 9 63 40 16 24
split_gain=2.65372 2.60492 3.25928 2.28772 2.73722 2.94189 2.70689 2.30598 3.18981 2.23876 2.7412 2.54145 5.80065 7.29939
threshold=6.3301882743835458 46.967906951904304 23.500000000000004 57.224985122680671 50.410654067993171 8.048988342285158 2160.6906738281255 322.21221923828131 0.20526316016912463 0.37240739166736608 2430.394653320313 0.14210525900125506 17.005914688110355 241.37053680419925
decision_type=2 2 2 2 2 2 2 2 2 2 2 2 2 2
left_child=3 2 -2 4 6 -6 9 8 -5 11 -11 12 13 -1
right_child=1 -3 -4 7 5 -7 -8 -9 -10 10 -12 -13 -14 -15
leaf_value=0.00016222435780509809 0.00060974387325589234 -0.0032875531789150242 -0.0068550875775803587 -0.00065876124569402318 -6.3168137645928566e-05 -0.0032443515452882789 -0.0010768450301148591 -0.020856850924709267 0.0012520087466535582 0.00045414716978988502 0.0019003174581357725 -3.9407623166927292e-05 -0.0025683269187424624 0.0030780640380394619
leaf_weight=300 255 1040 135 94 2730 585 573 56 175 1307 53 3083 247 222
leaf_count=300 255 1040 135 94 2730 585 573 56 175 1307 53 3083 247 222
internal_value=-0.000117458 -0.00132168 0.00076923 6.52513e-05 -2.30776e-05 -0.000710408 0.000370786 0.00253846 0.00369145 0.000585955 0.00163235 0.00021651 0.00175943 0.00355172
internal_weight=10855 1430 390 9425 9100 3315 5785 325 269 5212 1360 3852 769 522
internal_count=10855 1430 390 9425 9100 3315 5785 325 269 5212 1360 3852 769 522
is_linear=0
shrinkage=0.03


Tree=315
num_leaves=15
num_cat=0
split_feature=15 30 40 12 34 69 34 69 67 12 35 36 22 35
split_gain=2.44927 2.91824 3.02839 5.29415 3.36275 5.04409 3.11503 5.09574 3.11136 2.22471 2.77885 2.60125 2.98225 3.41775
threshold=3.7441030740737919 0.78125000000000011 0.21578947454690936 611.73959350585949 49.138797760009773 41.83833312988282 47.097455978393562 88.398193359375014 770.55639648437511 375.32292175292974 165.98194122314456 14.500000000000002 7.3975901603698739 167.48097229003909
decision_type=2 2 2 2 2 2 2 2 2 2 2 2 2 2
left_child=1 9 3 4 5 -3 7 -4 -7 11 -11 12 13 -1
right_child=-2 2 6 -5 -6 8 -8 -9 -10 10 -12 -13 -14 -15
leaf_value=-0.00017940851618987395 9.0989975010344887e-05 0.0013565826933597416 0.0009033245765535504 0.0020581272867118807 -0.0056634074967898086 -0.0017045285845967782 -0.010782659414078286 -0.00016165917616209682 0.0020956616529353316 0.00094853417810758555 -0.010887503325575381 0.0004924904675861581 -0.0009805465300299584 0.00050933693714426463
leaf_weight=1170 4030 69 50 84 357 198 1408 214 90 130 520 1105 910 520
leaf_count=1170 4030 69 50 84 357 198 1408 214 90 130 520 1105 910 520
internal_value=-0.000117458 -0.000463737 -0.00128745 0.000233082 -0.000605043 0.00145378 -0.00201316 0.000977272 -0.000291667 3.4436e-06 -0.00161539 0.000287449 -0.00023077 0.000514792
internal_weight=10855 6825 2470 798 714 357 1672 264 288 4355 650 3705 2600 1690
internal_count=10855 6825 2470 798 714 357 1672 264 288 4355 650 3705 2600 1690
is_linear=0
shrinkage=0.03


Tree=316
num_leaves=15
num_cat=0
split_feature=15 30 34 43 15 15 63 28 40 65 69 26 35 1
split_gain=2.5262 3.02159 2.99433 2.94314 3.59582 2.34938 2.49445 2.38199 4.59296 3.79725 2.81001 3.58745 2.64496 2.9155
threshold=3.7441030740737919 0.78125000000000011 49.155429840087898 -0.58216583728790272 0.32517650723457342 1.6903789639472964 4691.2451171875009 148.632438659668 0.51052629947662365 4035.996948242188 1670.7548828125002 3739.5000000000005 166.50263977050784 39.925893783569343
decision_type=2 2 2 2 2 2 2 2 2 2 2 2 2 2
left_child=1 5 3 -3 -5 6 7 8 9 -1 11 -9 -13 -14
right_child=-2 2 -4 4 -6 -7 -8 10 -10 -11 -12 12 13 -15
leaf_value=0.0021012722019538108 8.8260275760028146e-05 -0.0015994751985555526 -0.0059177886870060981 -0.0075193335179095004 0.0010210060400090858 -0.0011322074329737355 0.00070943385709792257 0.00087057097215239665 -0.00086531412504018486 -0.0033393647756778696 -0.0025283593787751874 -0.0035062404706407827 0.0025418313634222281 -2.8451357450380085e-05
leaf_weight=285 4030 551 1235 216 468 975 56 163 112 58 649 661 426 970
leaf_count=285 4030 551 1235 216 468 975 56 163 112 58 649 661 426 970
internal_value=-0.00013404 -0.000485715 -0.00132389 -0.000279353 0.00103509 -1.03337e-05 0.000363905 0.000258122 0.00227472 0.00399708 -6.16947e-05 0.000445945 0.000106465 0.000846704
internal_weight=10855 6825 2470 1235 684 4355 3380 3324 455 343 2869 2220 2057 1396
internal_count=10855 6825 2470 1235 684 4355 3380 3324 455 343 2869 2220 2057 1396
is_linear=0
shrinkage=0.03


Tree=317
num_leaves=15
num_cat=0
split_feature=15 34 22 3 65 65 40 65 21 0 69 35 19 40
split_gain=2.43329 2.79798 4.02302 3.37744 3.03438 5.91488 4.82597 2.80836 3.48934 2.77647 2.91605 2.83328 2.45158 3.38035
threshold=3.7441030740737919 46.931081771850593 6.9148337841033944 0.0031712962663732473 213.15596771240237 8.1722221374511737 0.52105262875556957 1.0000000180025095e-35 2.9045081138610844 79.375000000000014 1418.9587402343752 167.00888824462893 0.46745844185352331 0.24736841768026355
decision_type=2 2 2 2 2 2 2 2 2 2 2 2 2 2
left_child=1 3 7 4 5 -1 -7 9 -9 10 -3 -11 -4 -14
right_child=-2 2 12 -5 -6 6 -8 8 -10 11 -12 -13 13 -15
leaf_value=0.00057609967554811631 8.5612467487230506e-05 -0.0014118485968672705 -0.0093274388511570792 -0.0013816611076800833 7.5510234663266968e-05 0.00034093553653835005 0.0010510890827435642 -0.00087258315822598637 0.00075092073532199597 0.002357190085506129 0.0067315171228918809 8.5935227073984774e-05 0.0002927428168281846 -0.0063258930098851343
leaf_weight=379 4030 316 1105 585 543 66 52 1239 190 170 102 193 696 1189
leaf_count=379 4030 316 1105 585 543 66 52 1239 190 170 102 193 696 1189
internal_value=-0.000122986 -0.000468133 -0.000807693 0.000618461 0.00164423 0.00333803 0.00920339 0.000162895 -0.000627712 0.00160947 -5.7417e-05 0.00352892 -0.00152508 -0.000867375
internal_weight=10855 6825 5200 1625 1040 497 118 2210 1429 781 418 363 2990 1885
internal_count=10855 6825 5200 1625 1040 497 118 2210 1429 781 418 363 2990 1885
is_linear=0
shrinkage=0.03


Tree=318
num_leaves=15
num_cat=0
split_feature=15 34 22 3 65 65 40 22 69 34 23 40 40 15
split_gain=2.41735 2.54155 3.18813 2.99388 2.61069 3.3001 6.04168 2.61027 2.54347 2.46729 3.22516 3.4566 3.04895 5.08957
threshold=3.7441030740737919 46.931081771850593 6.9148337841033944 0.0031712962663732473 295.49765014648443 28.883333206176761 0.51052629947662365 7.4113485813140878 416.86944580078131 49.956258773803718 22.221528053283695 0.27894736826419836 0.21578947454690936 0.31370370090007788
decision_type=2 2 2 2 2 2 2 2 2 2 2 2 2 2
left_child=1 3 -3 4 5 -1 -7 8 -6 12 11 -11 13 -4
right_child=-2 2 9 -5 7 6 -8 -9 -10 10 -12 -13 -14 -15
leaf_value=0.00053271602534257518 8.3044093462625307e-05 2.0993973184840877e-05 -0.0097676176030621238 -0.0013402112744496724 -0.00034027655129231955 0.00042327148508687596 0.0010103028730027211 -0.0014491096546104818 0.000654385287547839 0.0070152482947164084 -0.012806267716433235 -0.0011576808011364635 -0.0031079095828250173 0.0011702475025170936
leaf_weight=392 4030 2210 147 585 146 97 54 211 140 54 1495 76 924 294
leaf_count=392 4030 2210 147 585 146 97 54 211 140 54 1495 76 924 294
internal_value=-0.000128513 -0.000472528 -0.000796155 0.000563076 0.00152885 0.00296685 0.0067351 -4.22542e-05 0.00182517 -0.00143478 -0.00222462 0.00230769 -0.000494506 0.00155782
internal_weight=10855 6825 5200 1625 1040 543 151 497 286 2990 1625 130 1365 441
internal_count=10855 6825 5200 1625 1040 543 151 497 286 2990 1625 130 1365 441
is_linear=0
shrinkage=0.03


Tree=319
num_leaves=15
num_cat=0
split_feature=15 40 36 18 26 33 28 1 24 25 15 33 25 69
split_gain=2.29538 2.74842 4.6349 4.95465 4.32111 5.72391 4.73485 3.96694 3.58219 2.48826 4.1006 5.27274 3.44388 2.97545
threshold=3.7441030740737919 0.11052631586790086 45.500000000000007 0.19791666418313983 11834.500000000002 60.592624664306648 175.26733398437503 259.59484863281256 334.90327453613287 627.02975463867199 0.7370399832725526 54.27380561828614 425.73828125000006 193.32027435302737
decision_type=2 2 2 2 2 2 2 2 2 2 2 2 2 2
left_child=1 2 4 -4 -1 6 -6 -5 9 12 11 -11 -3 -12
right_child=-2 8 3 7 5 -7 -8 -9 -10 10 13 -13 -14 -15
leaf_value=-0.00045680872900597316 8.0552770658757212e-05 5.1877648784133911e-05 0.003802177552913958 -0.0021485278250863334 0.017996626806725577 -0.0025447949849042271 0.0086600138232375955 0.001858567347121704 -0.0097667678153742013 -0.00021473186786984718 -0.0010283852907493338 0.0013288689265946842 -0.0054573545390142683 0.00018463684056640737
leaf_weight=770 4030 918 55 66 66 77 66 55 864 594 750 540 1458 546
leaf_count=770 4030 918 55 66 66 77 66 55 864 594 750 540 1458 546
internal_value=-0.000128513 -0.000463737 0.000870129 0.00535227 6.43507e-05 0.00388995 0.00768182 0.00195868 -0.00073545 -0.000415731 0.000259259 0.00157672 -0.00110606 -0.000893519
internal_weight=10855 6825 1155 176 979 209 132 121 5670 4806 2430 1134 2376 1296
internal_count=10855 6825 1155 176 979 209 132 121 5670 4806 2430 1134 2376 1296
is_linear=0
shrinkage=0.03


Tree=320
num_leaves=15
num_cat=0
split_feature=21 30 40 36 13 40 24 67 69 12 15 5 65 65
split_gain=2.63437 2.93881 5.04242 2.54327 2.30452 3.28107 3.00012 2.99013 5.53926 4.72139 2.79596 2.98236 2.79423 2.65312
threshold=6.3301882743835458 0.72767856717109691 0.34210526943206793 18.000000000000004 208.93702697753909 0.50000000000000011 327.95832824707037 27.88055515289307 65.653610229492202 51.479166030883796 0.14449653029441836 61.036388397216804 1490.5090332031252 3540.107788085938
decision_type=2 2 2 2 2 2 2 2 2 2 2 2 2 2
left_child=4 2 -2 -3 5 6 7 8 9 -1 -7 -12 -9 -14
right_child=1 3 -4 -5 -6 10 -8 12 -10 -11 11 -13 13 -15
leaf_value=0.00082915132564423519 0.0020371526316648107 -0.0052112121983501503 -0.03340326630845946 0.00038030464724884814 -5.7060090950765507e-05 0.00051145405151248953 -0.0013311355567132502 5.7949999141585369e-05 1.9722791591889055e-05 0.003043815290485146 -0.0027842000326592426 0.00023653181218716112 0.0023820272752630759 0.00054948991931648699
leaf_weight=112 66 1040 64 260 7085 85 288 815 172 133 459 68 103 105
leaf_count=112 66 1040 64 260 7085 85 288 815 172 133 459 68 103 105
internal_value=-0.000100876 -0.0013007 0.003 -0.00173077 8.11664e-05 0.000897435 0.00156597 0.002125 0.00426619 0.00716326 -0.000990197 -0.00180455 0.0012522 0.00435577
internal_weight=10855 1430 130 1300 9425 2340 1728 1440 417 245 612 527 1023 208
internal_count=10855 1430 130 1300 9425 2340 1728 1440 417 245 612 527 1023 208
is_linear=0
shrinkage=0.03


Tree=321
num_leaves=15
num_cat=0
split_feature=18 13 17 40 30 0 36 45 42 17 67 65 42 16
split_gain=2.58932 3.26999 2.73994 2.71457 3.64139 4.50271 2.94184 2.69791 7.07635 2.3976 3.4873 2.26498 2.21877 2.11469
threshold=0.42708332836627966 193.34938049316409 31.875000000000004 0.43684209883213049 0.76934522390365612 412.08334350585943 2.5000000000000004 0.81174489855766307 0.16280825436115268 219.96208190917972 649.55151367187511 99.95444488525392 0.84874749183654796 8.2088837623596209
decision_type=2 2 2 2 2 2 2 2 2 2 2 2 2 2
left_child=1 2 -1 4 6 9 -2 -3 11 -6 -11 -9 -7 -4
right_child=3 7 13 -5 5 12 -8 8 -10 10 -12 -13 -14 -15
leaf_value=0.00078889108182873466 0.00076043113128914817 -7.4480684847136688e-05 -0.0016327518247714879 -0.0040302741934670778 -0.0023417911829626899 4.689363340455633e-05 -0.0048834191410936081 0.0017487566751477734 -0.00063490006147695025 -0.0045845623081942569 0.0041764024616075075 9.9848701403431047e-05 0.0012520956230574936 0.00018030268657221235
leaf_weight=780 210 6370 195 874 924 125 84 54 215 78 90 56 85 715
leaf_count=780 210 6370 195 874 924 125 84 54 215 78 90 56 85 715
internal_value=-8.153e-05 0.000169946 0.00134911 -0.000935223 -0.000199249 -0.000880185 0.00281633 -0.000127708 0.00253846 -0.00165385 0.00164286 0.00872727 0.00314286 0.000230769
internal_weight=10855 8385 1690 2470 1596 1302 294 6695 325 1092 168 110 210 910
internal_count=10855 8385 1690 2470 1596 1302 294 6695 325 1092 168 110 210 910
is_linear=0
shrinkage=0.03


Tree=322
num_leaves=15
num_cat=0
split_feature=18 30 42 0 30 13 17 45 42 24 56 18 40 16
split_gain=3.03543 3.44371 3.1705 3.46628 3.39224 3.07679 2.48521 2.35413 6.46368 2.3235 2.25796 2.9304 1.97886 1.88625
threshold=0.42708332836627966 0.92857143282890331 0.72947329282760631 412.08334350585943 0.76934522390365612 193.34938049316409 31.875000000000004 0.81174489855766307 0.09796465560793878 271.37054443359381 45.500000000000007 0.55208334326744091 0.26842105388641363 8.2088837623596209
decision_type=2 2 2 2 2 2 2 2 2 2 2 2 2 2
left_child=5 2 -2 4 9 6 -1 -7 -9 -4 -6 -12 -5 -8
right_child=1 -3 3 12 10 7 13 8 -10 -11 11 -13 -14 -15
leaf_value=0.0007652243493738712 -0.0015142481970772436 0.00076682458089977266 0.001031757671763042 0.0014761444552315415 -0.0021831572203520645 -7.2246264301721675e-05 -0.0015837692700283257 0.0014036048939164746 -0.00048120685185108135 -0.0027551411202251337 0.0031830837398591299 -0.0049997511757931415 0.00016199314465149389 0.00017489360597503875
leaf_weight=780 1554 65 92 65 458 6370 195 100 225 69 63 54 50 715
leaf_count=780 1554 65 92 65 458 6370 195 100 225 69 63 54 50 715
internal_value=-0.000120222 -0.00104454 -0.00122869 0.000243243 -0.000513588 0.000152057 0.00129586 -0.00013667 0.00235385 0.0033354 -0.00159131 0.0021282 0.00508696 0.000230769
internal_weight=10855 2470 2405 851 736 8385 1690 6695 325 161 575 117 115 910
internal_count=10855 2470 2405 851 736 8385 1690 6695 325 161 575 117 115 910
is_linear=0
shrinkage=0.03


Tree=323
num_leaves=15
num_cat=0
split_feature=30 21 30 40 63 35 13 50 66 63 35 9 2 67
split_gain=2.5178 3.38635 2.97762 4.662 2.18406 2.26381 3.24668 3.06305 3.19435 2.83321 4.52083 2.80218 2.5983 2.54744
threshold=0.92857143282890331 6.3301882743835458 0.72767856717109691 0.34210526943206793 718.62402343750011 166.68264007568362 1034.0856933593752 65.500000000000014 1.0000000180025095e-35 518.61334228515636 165.76958465576175 0.54004630446434032 95.500000000000014 32.09819412231446
decision_type=2 2 2 2 2 2 2 2 2 2 2 2 2 2
left_child=1 4 3 -3 5 9 7 12 -9 11 -11 -1 -7 -8
right_child=-2 2 -4 -5 -6 6 13 8 -10 10 -12 -13 -14 -15
leaf_value=-0.00029952460249681873 0.00074381984347277118 0.0019222723886232866 -0.0035539322848193887 -0.032347559612329775 -0.00016632772991980089 0.0020115866180781391 -0.0061599911033213394 0.0025666376359961131 0.00036639783769426359 0.0071949873156697836 -0.00015810464699797416 0.0028516832773131345 0.00011043510770314163 0.00025751083238949708
leaf_weight=2708 65 66 1235 64 1816 314 464 50 285 56 99 136 3112 385
leaf_count=2708 65 66 1235 64 1816 314 464 50 285 56 99 136 3112 385
internal_value=-0.000117458 -0.00015292 -0.00154945 0.00276923 4.93362e-05 0.00027244 0.000689804 0.00106807 0.00380597 -0.000369124 0.00358064 -0.000584389 0.00080035 -0.000985866
internal_weight=10855 10790 1365 130 9425 7609 4610 3761 335 2999 155 2844 3426 849
internal_count=10855 10790 1365 130 9425 7609 4610 3761 335 2999 155 2844 3426 849
is_linear=0
shrinkage=0.03


Tree=324
num_leaves=15
num_cat=0
split_feature=27 31 7 30 65 15 40 9 29 27 59 50 33 25
split_gain=2.3644 2.88302 3.32423 3.02916 2.94323 3.093 3.28263 5.5032 3.14752 2.77073 2.56559 2.53968 2.46269 2.43595
threshold=73.468742370605483 0.47446672618389135 0.40284535288810736 0.92857143282890331 4940.6240234375009 3.8859492540359502 0.21578947454690936 0.40700230002403265 480.22555541992193 44.474695205688484 102.50000000000001 2.5000000000000004 57.678737640380866 427.17300415039068
decision_type=2 2 2 2 2 2 2 2 2 2 2 2 2 2
left_child=1 2 3 10 5 6 7 11 -9 -3 -1 -4 -12 -8
right_child=-2 9 4 -5 -6 -7 13 8 -10 -11 12 -13 -14 -15
leaf_value=-0.00092823458302317618 0.00015377456664635624 0.00045685603029609078 0.00050329619671101496 0.00072150524816857976 0.0015178392289568808 0.0002057353239085531 0.00071679310594074811 0.0021138584188073253 -0.0060031023124987974 -0.00019872191839497987 -7.3186278659897566e-05 0.014600750100359348 0.0046898688945939439 -0.0060498949277823528
leaf_weight=3921 1690 715 105 65 58 1755 108 126 313 650 97 63 77 1112
leaf_count=3921 1690 715 105 65 58 1755 108 126 313 650 97 63 77 1112
internal_value=-0.000125749 -0.000315876 -0.000538462 -0.00111779 0.000123626 1.50747e-05 -0.000848933 0.000953871 -0.000813213 0.000956043 -0.00121978 0.00557143 0.00234483 -0.0017459
internal_weight=10855 9165 7800 4160 3640 3582 1827 607 439 1365 4095 168 174 1220
internal_count=10855 9165 7800 4160 3640 3582 1827 607 439 1365 4095 168 174 1220
is_linear=0
shrinkage=0.03


Tree=325
num_leaves=15
num_cat=0
split_feature=22 7 67 34 63 40 27 67 22 40 6 44 69 16
split_gain=2.51292 3.257 4.08921 3.53282 4.43847 3.06711 6.89259 5.71131 7.07368 2.85255 7.29132 4.48347 3.88163 2.82633
threshold=8.048988342285158 0.37267799675464636 1112.8677978515627 46.50856018066407 1.5573611259460451 0.10000000149011613 12.397024154663088 825.01583862304699 5.9786183834075937 0.24736841768026355 1.0000000180025095e-35 1.0000000180025095e-35 41.83833312988282 10.056409358978273
decision_type=2 2 2 2 2 2 2 2 2 2 2 2 2 2
left_child=1 3 -3 4 -1 6 -5 -8 -9 11 -11 -2 -13 -7
right_child=9 2 -4 5 -6 13 7 8 -10 10 -12 12 -14 -15
leaf_value=3.6247653240181295e-05 -0.00018580864879178043 0.00029422594288943776 -0.00023432976697205631 0.0025247744153356331 0.0011652912076472839 -0.0032378050237563331 -0.0027701626044471369 0.0024962894442021122 7.5605277111921834e-06 0.0028688187662022843 -0.0047837488106314569 0.0011643053886034875 0.00022942473424786012 -7.799563917278813e-05
leaf_weight=562 456 3242 918 80 153 1485 300 57 133 82 1353 133 251 1650
leaf_count=562 456 3242 918 80 153 1485 300 57 133 82 1353 133 251 1650
internal_value=-0.000109167 0.000125873 0.000728365 -0.000441177 0.00148951 -0.000813766 0.00121053 -0.00012245 0.00394737 -0.000995605 -0.00180836 0.000392856 0.00278125 -0.00118182
internal_weight=10855 8580 4160 4420 715 3705 570 490 190 2275 1435 840 384 3135
internal_count=10855 8580 4160 4420 715 3705 570 490 190 2275 1435 840 384 3135
is_linear=0
shrinkage=0.03


Tree=326
num_leaves=15
num_cat=0
split_feature=21 14 69 13 40 70 67 65 42 27 15 21 22 30
split_gain=2.50042 2.61801 3.9164 4.84505 3.13905 4.46129 4.19408 2.75134 2.7526 2.30754 2.65605 3.67593 3.79952 3.37934
threshold=6.3301882743835458 1036.0000000000002 46.611944198608406 148.33680725097659 0.45789474248886114 1.0000000180025095e-35 30.151388168334964 850.74987792968761 0.68322628736495983 73.468742370605483 4.2685067653656015 3.0123262405395512 6.2985980510711679 0.68154761195182811
decision_type=2 2 2 2 2 2 2 2 2 2 2 2 2 2
left_child=1 2 3 -1 5 6 -5 -4 -9 10 11 12 13 -3
right_child=-2 9 7 4 -6 -7 -8 8 -10 -11 -12 -13 -14 -15
leaf_value=0.00035392708283127496 -0.00072349012969622525 0.00024882886393676272 -0.0001722809966113751 0.0039998054408870113 0.00031710633897603842 0.0013270987046242173 -0.00046555900880038435 0.00046543356594465612 0.0008332416858788268 0.00017064633489474957 5.4929281392046771e-05 -0.0025278386756290485 0.00095721263210172018 -0.0050182306358644057
leaf_weight=443 1430 325 1018 71 72 56 62 311 177 1105 2535 2080 585 585
leaf_count=443 1430 325 1018 71 72 56 62 311 177 1105 2535 2080 585 585
internal_value=-8.98211e-05 8.75324e-05 0.00099095 0.00283807 0.00608046 0.00811111 0.0051203 0.000127489 0.00197951 -0.00018919 -0.000417349 -0.000944057 0.000190635 -0.00102198
internal_weight=10855 9425 2210 704 261 189 133 1506 488 7215 6110 3575 1495 910
internal_count=10855 9425 2210 704 261 189 133 1506 488 7215 6110 3575 1495 910
is_linear=0
shrinkage=0.03


Tree=327
num_leaves=15
num_cat=0
split_feature=27 65 70 24 31 56 67 35 17 17 70 23 34 45
split_gain=2.19028 2.39504 3.875 4.16435 4.42097 2.88472 2.97831 2.97434 3.21867 2.96849 3.6671 2.97831 2.8003 2.93471
threshold=73.468742370605483 62.897222518920906 1.0000000180025095e-35 342.75297546386724 0.47446672618389135 84.500000000000014 2606.851440429688 166.7287521362305 15.057777881622316 85.165557861328139 1.0000000180025095e-35 21.374722480773929 57.903236389160163 1.0000000180025095e-35
decision_type=2 2 2 2 2 2 2 2 2 2 2 2 2 2
left_child=1 2 3 4 -1 6 7 8 -3 10 -9 -12 13 -4
right_child=-2 5 12 -5 -6 -7 -8 9 -10 -11 11 -13 -14 -15
leaf_value=-0.0058408275508535926 0.00014479706420795767 -0.01057697602136507 -0.00020651162534014101 0.0015009114742729794 0.0012708225188396067 -0.0013234075013385048 -0.002131019473870639 -0.00092680425447622681 7.9022854239432978e-05 -1.7516161659295925e-05 -0.0055639267185846747 0.00057519105987054685 0.0010911578979641958 -0.0037373918887392793
leaf_weight=265 1690 389 2002 85 275 674 297 232 1005 846 135 1169 109 1682
leaf_count=265 1690 389 2002 85 275 674 297 232 1005 846 135 1169 109 1682
internal_value=-8.70574e-05 -0.00027005 -0.000772749 0.001416 0.000444444 0.000197808 0.000498649 0.000726165 -0.000374463 0.00137028 0.00215625 0.00277454 -0.0011334 -0.00127362
internal_weight=10855 9165 4418 625 540 4747 4073 3776 1394 2382 1536 1304 3793 3684
internal_count=10855 9165 4418 625 540 4747 4073 3776 1394 2382 1536 1304 3793 3684
is_linear=0
shrinkage=0.03


Tree=328
num_leaves=15
num_cat=0
split_feature=40 22 26 15 30 23 33 40 25 67 40 9 43 34
split_gain=1.93462 2.67337 2.66251 2.48263 2.70534 2.94327 3.10176 6.12493 2.94849 2.75713 3.07137 2.75379 2.64106 2.54193
threshold=0.047368422150611884 5.6443843841552743 7648.0000000000009 4.3409490585327157 0.78125000000000011 23.31541728973389 54.27380561828614 0.32105262577533727 425.73828125000006 23.550971984863285 0.34210526943206793 0.0048958334373310217 -0.63405361771583546 49.155429840087898
decision_type=2 2 2 2 2 2 2 2 2 2 2 2 2 2
left_child=1 -1 -3 4 5 8 9 -8 -2 10 11 -7 -6 -14
right_child=3 2 -4 -5 12 6 7 -9 -10 -11 -12 -13 13 -15
leaf_value=0.0021990509512399502 0.00021679213888048553 -0.00084685127866709214 0.0015895287425885178 9.6677229464322729e-05 -0.0077454407173570784 0.00047025045958467784 -0.00093526200485840184 0.0017194148750165525 -0.00046254935785908474 -0.0016932571600263018 -0.0055166080976430873 0.0017603711027437277 0.00038800811281927163 -0.0012663603491548088
leaf_weight=65 420 350 420 3360 1107 56 182 238 2640 458 132 74 627 726
leaf_count=65 420 350 420 3360 1107 56 182 238 2640 458 132 74 627 726
internal_value=-7.60026e-05 0.00131138 0.000818181 -0.000191617 -0.000527028 -6.42864e-05 0.00123684 0.00328571 -0.00054902 4.1666e-05 0.00249618 0.00576923 -0.00131707 -0.000427939
internal_weight=10855 835 770 10020 6660 4200 1140 420 3060 720 262 130 2460 1353
internal_count=10855 835 770 10020 6660 4200 1140 420 3060 720 262 130 2460 1353
is_linear=0
shrinkage=0.03


Tree=329
num_leaves=15
num_cat=0
split_feature=30 14 13 35 40 15 42 34 29 65 35 65 42 36
split_gain=2.85714 2.8949 2.52848 4.06215 3.34615 4.03588 2.75385 6.91227 2.64782 3.57234 5.13507 4.59823 3.83632 2.79083
threshold=0.92857143282890331 114.50000000000001 208.93702697753909 166.52777862548831 0.52105262875556957 0.14449653029441836 0.84874749183654796 48.273321151733406 4023.507934570313 248.91180419921878 167.49777984619143 74.612777709960952 0.68322628736495983 18.000000000000004
decision_type=2 2 2 2 2 2 2 2 2 2 2 2 2 2
left_child=1 -1 3 6 8 -6 -3 -8 9 10 11 -5 -12 -11
right_child=-2 2 -4 4 5 -7 7 -9 -10 13 12 -13 -14 -15
leaf_value=-0.0067925128050524896 0.00090171354810958902 -0.0016087438733651358 -7.1924922135812924e-05 0.0023671173744343747 0.0004578079535963975 -0.0015705453557832319 0.0021857213671049977 -0.0027714958105303665 0.00013393069479422989 0.0015925814575509377 -0.00054282771830148205 0.00030832212021209238 0.0012480635534713219 -0.00077032841662333146
leaf_weight=390 65 672 7605 95 60 375 51 187 600 269 109 75 134 168
leaf_count=390 65 672 7605 95 60 375 51 187 600 269 109 75 134 168
internal_value=-4.00744e-05 -7.78506e-05 1.7307e-05 0.000788908 0.00158355 -0.000724139 -0.000857144 0.00191597 0.00227586 0.00335294 0.00535351 0.00935294 0.00255555 0.00146224
internal_weight=10855 10790 10400 2795 1885 435 910 238 1450 850 413 170 243 437
internal_count=10855 10790 10400 2795 1885 435 910 238 1450 850 413 170 243 437
is_linear=0
shrinkage=0.03


Tree=330
num_leaves=15
num_cat=0
split_feature=27 30 2 9 65 25 45 25 34 42 35 67 69 1
split_gain=2.79853 2.64722 2.9893 3.85317 3.33189 3.30582 4.18503 2.96205 2.89304 3.328 2.71101 2.51495 2.47708 2.22308
threshold=73.468742370605483 0.92857143282890331 90.500000000000014 0.2455902770161629 4791.8066406250009 677.84841918945324 1.0000000180025095e-35 828.41247558593761 47.295478820800788 0.68322628736495983 166.68264007568362 2313.721069335938 1329.856628417969 12.817947864532472
decision_type=2 2 2 2 2 2 2 2 2 2 2 2 2 2
left_child=1 2 7 5 -5 8 10 -1 9 -4 -7 -2 -11 -9
right_child=11 -3 3 4 -6 6 -8 13 -10 12 -12 -13 -14 -15
leaf_value=-0.010172902302093254 0.00013690396639798764 0.00087466214166630988 -0.0017103767938149554 0.00010268062189801926 0.0016359712906288556 -7.1480312990490676e-05 -0.00094568665101599952 0.000705827071096738 -0.0085159157598267837 0.00078906092823948621 0.0010332355824090606 0.00072651857049985601 -0.00012143605448679665 -0.0014839651597342307
leaf_weight=780 1565 65 200 3711 59 845 975 260 1105 74 780 125 51 260
leaf_count=780 1565 65 200 3711 59 845 975 260 1105 74 780 125 51 260
internal_value=-5.66566e-05 -0.000263503 -0.000306594 -8.46161e-05 0.000604774 -0.000729529 -9.23084e-05 -0.00163846 -0.00188811 0.000599999 0.000839999 0.00106509 0.00444 0.000115384
internal_weight=10855 9165 9100 7800 3770 4030 2600 1300 1430 325 1625 1690 125 520
internal_count=10855 9165 9100 7800 3770 4030 2600 1300 1430 325 1625 1690 125 520
is_linear=0
shrinkage=0.03


Tree=331
num_leaves=15
num_cat=0
split_feature=27 30 0 9 25 45 34 42 65 35 14 40 34 42
split_gain=2.62419 2.64148 2.9926 3.04355 3.40002 3.76126 3.04422 3.58892 3.04272 2.54363 2.51943 2.98298 2.88103 5.9556
threshold=73.468742370605483 0.92857143282890331 7.1250000000000009 0.2455902770161629 677.84841918945324 1.0000000180025095e-35 47.295478820800788 0.68322628736495983 4791.8066406250009 166.68264007568362 4863.0000000000009 0.50000000000000011 55.131511688232429 0.2269546836614609
decision_type=2 2 2 2 2 2 2 2 2 2 2 2 2 2
left_child=1 2 -1 4 6 9 7 -4 10 -6 11 -5 -12 -14
right_child=-2 -3 3 8 5 -7 -8 -9 -10 -11 12 -13 13 -15
leaf_value=-0.0055129772148242925 0.00016813950581695308 0.00084842227741631707 -0.001659065490000508 0.00027559455643175743 -6.9335903600777968e-05 -0.00091731605148552542 -0.0082604354268064201 0.00068397305167811604 0.0015868921519099962 0.0010022385149367847 -0.002367077799070623 -0.0001722017096883256 0.0017511584786968528 -0.0070626357366035978
leaf_weight=650 1690 65 200 2457 845 975 1170 125 59 780 780 864 72 123
leaf_count=650 1690 65 200 2457 845 975 1170 125 59 780 780 864 72 123
internal_value=-5.66566e-05 -0.000256957 -0.000300001 -0.000149113 -0.000736264 -8.07699e-05 -0.00187625 0.000692307 0.000402984 0.000803076 0.000310055 0.000703703 -0.00103077 0.00223077
internal_weight=10855 9165 9100 8450 4095 2600 1495 325 4355 1625 4296 3321 975 195
internal_count=10855 9165 9100 8450 4095 2600 1495 325 4355 1625 4296 3321 975 195
is_linear=0
shrinkage=0.03


Tree=332
num_leaves=15
num_cat=0
split_feature=27 30 0 9 25 45 65 34 42 69 14 34 42 40
split_gain=2.63189 2.65872 2.66036 2.75622 3.40002 3.30464 3.09249 3.04422 3.16992 2.47708 2.426 2.66769 5.50753 2.60999
threshold=73.468742370605483 0.92857143282890331 7.1250000000000009 0.2455902770161629 677.84841918945324 1.0000000180025095e-35 4791.8066406250009 47.295478820800788 0.68322628736495983 1329.856628417969 4863.0000000000009 55.131511688232429 0.2269546836614609 0.50000000000000011
decision_type=2 2 2 2 2 2 2 2 2 2 2 2 2 2
left_child=1 2 -1 4 7 -6 10 8 -4 -10 13 -12 -13 -5
right_child=-2 -3 3 6 5 -7 -8 -9 9 -11 11 12 -14 -15
leaf_value=-0.0053475878983795687 0.0001630953206424411 0.00082296960909383386 -0.0016092935253004764 0.0002673267197388007 0.00030667126416053454 -0.00088979656994095423 0.0015392853873526899 -0.0080126223640022247 0.00074486990884194615 -0.00013831216440252995 -0.0022960654650985009 0.0016986237243359593 -0.0068507566645054996 -0.00016703565839768186
leaf_weight=650 1690 65 200 2457 1625 975 59 1170 74 51 780 72 123 864
leaf_count=650 1690 65 200 2457 1625 975 59 1170 74 51 780 72 123 864
internal_value=-7.60026e-05 -0.000276596 -0.000319781 -0.000177516 -0.000736264 -8.07699e-05 0.000347875 -0.00187625 0.000692307 0.00444 0.000254189 -0.00106154 0.00207692 0.000640469
internal_weight=10855 9165 9100 8450 4095 2600 4355 1495 325 125 4296 975 195 3321
internal_count=10855 9165 9100 8450 4095 2600 4355 1495 325 125 4296 975 195 3321
is_linear=0
shrinkage=0.03


Tree=333
num_leaves=15
num_cat=0
split_feature=30 14 13 16 65 42 24 9 69 69 15 65 33 16
split_gain=2.49421 2.61848 2.65736 3.43745 5.29168 4.30144 6.161 3.38977 3.23022 2.99752 2.39948 2.73974 3.10268 2.4454
threshold=0.92857143282890331 114.50000000000001 202.67753601074222 1.013419568538666 82.23791885375978 0.77259656786918651 325.23809814453131 0.22314814478158954 866.86334228515636 46.611944198608406 3.8859492540359502 93.935554504394545 69.806602478027358 18.960456848144535
decision_type=2 2 2 2 2 2 2 2 2 2 2 2 2 2
left_child=1 -1 3 4 -3 -5 7 8 -7 -9 -4 12 -12 -13
right_child=-2 2 10 5 -6 6 -8 9 -10 -11 11 13 -14 -15
leaf_value=-0.0059577333984420101 0.00079828052082102038 0.0016299658866631567 -0.00028681776663728786 -0.00015708308724193094 0.0010176026262168202 0.0007326482126624891 -0.0044115040405905631 0.0010570503495830172 0.0003308501543292706 3.871232382324619e-05 -0.00038414516203820324 0.00027426585235191978 0.0018416862065975495 8.9905212903782536e-05
leaf_weight=390 65 96 4485 1540 294 89 168 130 100 248 1356 444 77 1373
leaf_count=390 65 96 4485 1540 294 89 168 130 100 248 1356 444 77 1373
internal_value=-8.98211e-05 -0.000125117 -3.46161e-05 0.000782363 0.00338461 0.000336263 0.00222449 0.00371958 0.007 0.00207936 -0.000316096 0.000304615 -0.000676204 0.00107815
internal_weight=10855 10790 10400 2665 390 2275 735 567 189 378 7735 3250 1433 1817
internal_count=10855 10790 10400 2665 390 2275 735 567 189 378 7735 3250 1433 1817
is_linear=0
shrinkage=0.03


Tree=334
num_leaves=15
num_cat=0
split_feature=30 14 13 35 42 34 40 15 28 63 63 23 15 65
split_gain=2.50364 2.5944 2.30552 3.14981 3.46635 5.56018 2.49885 3.36777 2.93115 2.97982 3.24845 2.25882 2.20106 2.75216
threshold=0.92857143282890331 114.50000000000001 202.67753601074222 166.52777862548831 0.84874749183654796 48.273321151733406 0.53157895803451549 0.14449653029441836 355.46296691894537 544.66040039062511 8.1722221374511737 22.753472328186039 3.8859492540359502 5184.0485839843759
decision_type=2 2 2 2 2 2 2 2 2 2 2 2 2 2
left_child=1 -1 3 4 -3 -6 8 -8 9 10 -5 -7 13 -4
right_child=-2 2 12 6 5 11 7 -9 -10 -11 -12 -13 -14 -15
leaf_value=-0.0057790013964887504 0.00077433210519638098 -0.0019842584784632981 -0.00042525770618308381 0.0011369669950733513 0.0020961800576762266 0.00060091845997996957 0.00040709167463308659 -0.00240681615568843 3.3761794113604577e-05 -0.00021719237494921518 0.0014148254742462564 -0.0043440026885059055 4.1826663423966136e-05 0.0013922664313067862
leaf_weight=390 65 624 4337 642 51 68 56 336 510 178 98 102 3250 148
leaf_count=390 65 624 4337 642 51 68 56 336 510 178 98 102 3250 148
internal_value=-0.000100876 -0.000136238 -4.61546e-05 0.000714821 -0.000798817 0.00242986 0.00141758 -0.000704082 0.002 0.00301307 0.00385135 -0.000176471 -0.000308339 -0.000739131
internal_weight=10855 10790 10400 2665 845 221 1820 392 1428 918 740 170 7735 4485
internal_count=10855 10790 10400 2665 845 221 1820 392 1428 918 740 170 7735 4485
is_linear=0
shrinkage=0.03


Tree=335
num_leaves=15
num_cat=0
split_feature=27 35 33 65 29 26 29 16 34 24 43 53 67 40
split_gain=2.84219 2.40384 2.83152 2.97519 3.29549 3.12741 3.09544 3.06636 4.02324 2.58178 3.74542 3.13719 2.56993 4.39242
threshold=73.468742370605483 166.68264007568362 47.923986434936531 62.897222518920906 2715.3073730468755 3739.5000000000005 3959.455688476563 13.944024085998537 49.504472732543952 263.82887268066412 -0.93540480732917775 14.500000000000002 30.151388168334964 0.2578947395086289
decision_type=2 2 2 2 2 2 2 2 2 2 2 2 2 2
left_child=1 -1 12 7 5 -5 -6 -4 -9 10 -7 -12 13 -3
right_child=-2 2 3 4 6 9 -8 8 -10 -11 11 -13 -14 -15
leaf_value=-0.00035003373381875709 0.00014227229541857121 -0.00062498415987884723 -0.0058233367165637156 -0.009410158502649927 -0.013867018175877549 0.0018847189643240924 0.00012895531574961592 0.0017445077855075175 -0.00011917545218635402 0.00017797189692344678 0.00033567715967102786 0.0038689491330510073 0.000235684662151696 0.0012718480196293681
leaf_weight=3315 1690 69 1520 177 506 50 476 207 704 1109 333 53 429 217
leaf_count=3315 1690 69 1520 177 506 50 476 207 704 1109 333 53 429 217
internal_value=-0.000100876 -0.00030933 5.64095e-05 -0.000189874 0.000494822 0.00128571 -0.000892058 -0.000951461 0.000424807 0.00171845 0.00367431 0.00267357 0.00182517 0.00402797
internal_weight=10855 9165 5850 5135 2704 1722 982 2431 911 1545 436 386 715 286
internal_count=10855 9165 5850 5135 2704 1722 982 2431 911 1545 436 386 715 286
is_linear=0
shrinkage=0.03


Tree=336
num_leaves=15
num_cat=0
split_feature=27 30 27 7 59 34 40 40 69 69 65 15 42 28
split_gain=2.47038 2.34229 2.9641 2.72878 3.26269 3.83725 2.50826 2.47865 2.36928 2.33288 2.1816 2.48292 3.97226 2.03867
threshold=73.468742370605483 0.67708331346511852 44.474695205688484 0.40284535288810736 105.50000000000001 46.50856018066407 0.58421051502227794 0.29999999701976782 1251.7244262695315 92.968471527099624 36.25847244262696 0.13532697409391406 0.35206145048141485 89.739273071289077
decision_type=2 2 2 2 2 2 2 2 2 2 2 2 2 2
left_child=1 2 6 4 5 8 -1 -6 9 -3 11 12 -2 -7
right_child=10 3 -4 -5 7 13 -8 -9 -10 -11 -12 -13 -14 -15
leaf_value=0.00058331588900831341 0.002222438124853066 0.00075194017667888267 -0.00015521291551487762 4.584153061295748e-05 -0.00013217114508225789 -0.00053149794426377494 -0.0013970249627986615 0.0027476865501955688 0.0023009935704530835 -0.00048902441826070766 1.8322306512141303e-06 0.00037695295272744355 0.0001317308829077923 -0.0037199848750370129
leaf_weight=672 56 116 780 3445 85 1844 108 83 74 258 992 581 61 1700
leaf_count=672 56 116 780 3445 85 1844 108 83 74 258 992 581 61 1700
internal_value=-9.53485e-05 -0.00028969 0.00076923 -0.000506904 -0.00102404 -0.00119639 0.00207692 0.00307143 0.00141964 0.000449197 0.000958579 0.00224355 0.00623077 -0.00152709
internal_weight=10855 9165 1560 7605 4160 3992 780 168 448 374 1690 698 117 3544
internal_count=10855 9165 1560 7605 4160 3992 780 168 448 374 1690 698 117 3544
is_linear=0
shrinkage=0.03


Tree=337
num_leaves=15
num_cat=0
split_feature=36 16 40 67 22 40 64 15 40 69 22 34 53 7
split_gain=2.16528 3.17611 3.17778 2.88819 2.43407 4.05832 2.92377 2.6851 3.60092 4.55841 2.35285 3.52553 3.09197 2.17108
threshold=13.000000000000002 1.1194805502891543 0.56315791606903087 3797.3054199218755 7.9435946941375741 0.23684210330247882 1.0000000180025095e-35 0.35236689448356634 0.078947369009256377 23.622083663940433 7.242760658264161 53.921840667724616 6.5000000000000009 0.37267799675464636
decision_type=2 2 2 2 2 2 2 2 2 2 2 2 2 2
left_child=4 2 -2 10 13 6 7 -6 -9 -10 11 -3 -13 -1
right_child=1 3 -4 -5 5 -7 -8 8 9 -11 -12 12 -14 -15
leaf_value=-0.00032021351053624676 0.0014965895647610411 -0.0019478214179305198 -0.0088287802650847316 0.0013857659910073866 -0.00064314031614459634 -0.0083653435487548444 -0.0068419432458429125 -7.5818441327868407e-06 0.0013038643288917884 0.00059949445647789086 0.00010282290417639585 3.8747168397133464e-05 0.0037306896807638625 0.00015820385276829203
leaf_weight=2405 324 980 66 93 130 1008 204 85 52 81 2567 268 57 2535
leaf_count=2405 324 980 66 93 130 1008 204 85 52 81 2567 268 57 2535
internal_value=-0.000100876 0.000416762 0.003 0.000162673 -0.000447693 -0.00148077 0.000586956 0.00225862 0.00429358 0.00737594 3.71894e-05 -0.001 0.00170769 -0.000121458
internal_weight=10855 4355 390 3965 6500 1560 552 348 218 133 3872 1305 325 4940
internal_count=10855 4355 390 3965 6500 1560 552 348 218 133 3872 1305 325 4940
is_linear=0
shrinkage=0.03


Tree=338
num_leaves=15
num_cat=0
split_feature=34 26 35 13 40 25 16 4 33 27 35 58 9 13
split_gain=1.97444 3.27935 2.52053 2.90396 2.37475 3.00048 2.876 2.74417 2.32692 3.11168 3.17067 2.94815 2.54561 2.30733
threshold=51.922649383544929 9150.5000000000018 166.68264007568362 1104.8542480468752 0.12105263024568559 1122.7296142578127 123.2425880432129 23.103233337402347 58.13372993469239 48.144273757934577 166.18847656250003 0.010833333246409895 0.0048958334373310217 1878.9898071289065
decision_type=2 2 2 2 2 2 2 2 2 2 2 2 2 2
left_child=2 -2 4 -4 5 8 7 13 9 10 11 -1 -11 -6
right_child=1 -3 3 -5 6 -7 -8 -9 -10 12 -12 -13 -14 -15
leaf_value=0.0017182415541070317 -0.0032555349383380102 3.6623326333713312e-05 0.00022679961105171625 -0.0010212025986559713 -0.00098258497831258881 0.0013521614072545636 0.0018359548127573385 0.0023129856242634895 -0.0027340773623168954 0.0017901106674111003 0.0067522879797948764 -0.00085559789332347589 -0.00182982659529648 0.0015295169729064204
leaf_weight=51 1235 1235 3900 585 2862 96 106 106 156 72 60 93 192 106
leaf_count=51 1235 1235 3900 585 2862 96 106 106 156 72 60 93 192 106
internal_value=-9.25848e-05 -0.000838057 0.000127012 0.000612039 -0.00043077 0.001125 -0.00078302 -0.000950554 0.000365384 0.00142308 0.00420588 0.00179167 -0.000727273 -0.00111995
internal_weight=10855 2470 8385 4485 3900 720 3180 3074 624 468 204 144 264 2968
internal_count=10855 2470 8385 4485 3900 720 3180 3074 624 468 204 144 264 2968
is_linear=0
shrinkage=0.03


Tree=339
num_leaves=15
num_cat=0
split_feature=33 33 34 65 65 18 67 33 42 22 17 24 40 33
split_gain=2.10628 3.35818 3.43891 4.02092 3.93075 3.22316 2.17392 4.80656 5.13419 3.45253 3.41128 2.42812 2.11745 4.31251
threshold=49.802545547485359 50.753660202026374 46.984228134155281 148.81319427490237 23.4738883972168 0.55208334326744091 2.2183332443237309 69.806602478027358 0.52778512239456188 8.4663715362548846 152.16110992431643 314.30952453613287 0.4052631556987763 30.3546257019043
decision_type=2 2 2 2 2 2 2 2 2 2 2 2 2 2
left_child=12 -2 3 4 -3 6 10 9 -9 -8 -4 -12 -1 -14
right_child=1 2 5 -5 -6 -7 7 8 -10 -11 11 -13 13 -15
leaf_value=0.00044536971964627702 -0.010259690311006677 0.00025587209504400921 -0.001626824888874976 -1.0506248839642372e-06 0.0014422177589187668 -0.0064159086207824408 -2.3163164014781237e-05 0.0037785132290925933 -0.00021253447545097236 0.0014833090009142981 0.0011770476657159419 -0.00030205207114048681 0.00037368682891517839 -0.00040190969620694625
leaf_weight=1209 390 265 1410 600 110 715 4586 58 60 119 198 329 52 754
leaf_count=1209 390 265 1410 600 110 715 4586 58 60 119 198 329 52 754
internal_value=-7.87663e-05 -0.000278281 -0.000152663 0.00152308 0.00396 -0.000371238 -0.00016864 0.000172299 0.00615254 2.2316e-05 -0.00101755 0.00104175 0.000796525 -0.000394542
internal_weight=10855 8840 8450 975 375 7475 6760 4823 118 4705 1937 527 2015 806
internal_count=10855 8840 8450 975 375 7475 6760 4823 118 4705 1937 527 2015 806
is_linear=0
shrinkage=0.03


Tree=340
num_leaves=15
num_cat=0
split_feature=27 35 65 29 29 26 63 30 40 56 45 42 21 34
split_gain=1.94335 2.5376 2.67165 3.00626 4.37039 3.43221 2.5219 2.37283 4.3678 4.4983 2.69684 2.48899 2.49247 2.42517
threshold=73.468742370605483 166.68264007568362 62.897222518920906 2715.3073730468755 3959.455688476563 3739.5000000000005 697.88848876953136 0.6130952537059785 0.20526316016912463 2.5000000000000004 -0.56174489110708226 0.35206145048141485 4.168443202972413 57.940305709838874
decision_type=2 2 2 2 2 2 2 2 2 2 2 2 2 2
left_child=1 -1 7 5 -5 -4 -7 8 -3 -10 11 -9 -13 -12
right_child=-2 2 3 4 -6 6 -8 10 9 -11 13 12 -14 -15
leaf_value=-0.00035542652799597452 0.00012813694160091626 -0.0022319442793061195 -0.0091300561068114305 -0.013142732002689896 0.00017271515529554334 0.00053394602383169561 -3.8840382995368256e-05 -0.00026637588741135659 7.514994198991002e-05 0.0029390419516671603 -0.0040632320211234111 0.00069429858171912219 0.0025000332645604586 0.00080378029526737048
leaf_weight=3315 1690 128 177 506 563 1369 353 246 199 84 1909 147 82 87
leaf_count=3315 1690 128 177 506 563 1369 353 246 199 84 1909 147 82 87
internal_value=-6.49477e-05 -0.000237317 0.000138461 0.000770215 -0.000502339 0.00148657 0.00189547 -0.000512145 0.00159854 0.00367844 -0.000863214 0.00116842 0.00341921 -0.00134669
internal_weight=10855 9165 5850 2968 1069 1899 1722 2882 411 283 2471 475 229 1996
internal_count=10855 9165 5850 2968 1069 1899 1722 2882 411 283 2471 475 229 1996
is_linear=0
shrinkage=0.03


Tree=341
num_leaves=15
num_cat=0
split_feature=35 13 13 13 12 67 13 34 35 33 69 69 29 0
split_gain=1.93637 2.73703 4.24302 3.04137 2.77664 3.41142 2.58685 3.25538 2.47795 2.56696 2.42787 3.76847 4.7347 4.30207
threshold=166.68264007568362 429.27056884765631 507.38211059570318 1043.6260986328127 441.75000000000006 10.730556011199953 81.690883636474624 47.841661453247077 165.98194122314456 60.882850646972663 914.64709472656261 141.379997253418 3959.455688476563 43.208332061767585
decision_type=2 2 2 2 2 2 2 2 2 2 2 2 2 2
left_child=8 6 -3 10 -5 -6 7 -2 9 -1 11 13 -13 -4
right_child=1 2 3 4 5 -7 -8 -9 -10 -11 -12 12 -14 -15
leaf_value=0.00015949748347072204 0.00053019346039563946 -0.0030439505643060946 0.0015950173333498911 -0.0069088026887344995 -0.0046631621989425423 0.00059138775156644967 0.00025517077960622445 -0.052835780447221273 -0.00089252934910159256 -0.0043202961867246171 -0.0083315433860672704 0.00033099263412061914 0.0011763412055203237 -0.00016703454090709612
leaf_weight=1755 325 650 196 390 340 375 2925 325 2145 325 162 307 96 539
leaf_count=1755 325 650 196 390 340 375 2925 325 2145 325 162 307 96 539
internal_value=-4.83655e-05 0.000271492 -0.000387889 0.000193346 -0.000963802 0.000146852 0.000834964 -0.000876924 -0.000550297 0.000187499 0.00117692 0.00166608 0.00399752 0.000387754
internal_weight=10855 6630 3055 2405 1105 715 3575 650 4225 2080 1300 1138 403 735
internal_count=10855 6630 3055 2405 1105 715 3575 650 4225 2080 1300 1138 403 735
is_linear=0
shrinkage=0.03


Tree=342
num_leaves=15
num_cat=0
split_feature=18 42 7 30 65 36 40 13 69 11 10 14 29 42
split_gain=1.86505 4.01205 4.23111 4.69335 3.84139 3.26143 3.54057 3.19261 2.6372 1.9413 4.01932 2.88 2.44759 4.10256
threshold=0.42708332836627966 0.72947329282760631 0.49300666153430944 0.76934522390365612 9.2751388549804705 2.5000000000000004 0.22631578892469409 193.34938049316409 2014.1487426757815 2.4848611354827885 1.0517892241477969 2980.0000000000005 480.22555541992193 0.29012925922870642
decision_type=2 2 2 2 2 2 2 2 2 2 2 2 2 2
left_child=7 -2 3 4 -3 -4 -7 -1 -5 11 -11 -9 13 -12
right_child=1 2 5 8 -6 6 -8 9 -10 10 12 -13 -14 -15
leaf_value=0.00025369505385021711 -0.0008077670843642732 -5.9898143065310204e-05 -0.00034070305867652624 -0.0027773461924793215 0.0007291275877150461 0.002091864895672146 0.00032313968589030545 -0.00076194542385538112 0.003730068821713989 0.00058180263720779908 0.0024786628621825207 6.9450354821594111e-05 -0.000238654580390523 -0.00040539738699912713
leaf_weight=1690 1596 67 92 431 71 63 98 2080 52 910 104 2275 1170 156
leaf_count=1690 1596 67 92 431 71 63 98 2080 52 910 104 2275 1170 156
internal_value=-6.49477e-05 -0.000789474 0.000844393 -0.000487923 0.0043913 0.00411462 0.00668944 0.000148479 -0.00188199 -0.000145632 0.000551281 -0.000520093 -0.00044056 0.00219231
internal_weight=10855 2470 874 621 138 253 161 8385 483 6695 2340 4355 1430 260
internal_count=10855 2470 874 621 138 253 161 8385 483 6695 2340 4355 1430 260
is_linear=0
shrinkage=0.03


Tree=343
num_leaves=15
num_cat=0
split_feature=4 42 67 30 34 26 25 27 21 25 21 33 29 69
split_gain=1.70104 2.39053 2.21436 2.07591 2.05985 2.42734 2.71137 2.97419 2.69666 2.62385 2.7989 2.71413 2.6186 2.54593
threshold=23.103233337402347 0.95642796158790599 718.53085327148449 0.79017856717109691 46.931081771850593 8652.5000000000018 1567.7875976562502 47.779188156127937 2.1318634748458867 457.77191162109381 3.9227054119110112 69.806602478027358 3213.7216796875005 1118.700866699219
decision_type=2 2 2 2 2 2 2 2 2 2 2 2 2 2
left_child=4 2 -2 -3 -1 9 7 -7 -9 10 13 12 -11 -6
right_child=1 3 -4 -5 5 6 -8 8 -10 11 -12 -13 -14 -15
leaf_value=0.00013593774755328261 0.00039688750545393138 0.00013198322300345499 -0.00072305751420218705 0.0019857350030131862 0.00046750768915938384 0.00028600432628723006 -0.0035473009341318315 0.00061895527175192221 -0.00040118811729044859 -0.0094149033252376516 -0.00033877814543533579 0.0013955587435211532 -1.9293125480310431e-05 -0.0080990511636014964
leaf_weight=2080 517 54 211 63 612 2080 585 130 1235 1430 1105 130 520 103
leaf_count=2080 517 54 211 63 612 2080 585 130 1235 1430 1105 130 520 103
internal_value=-6.77114e-05 0.00122485 0.000585164 0.00520513 -0.000176824 -0.000397226 0.000119106 0.000439767 -0.000648352 -0.00093077 -9.89018e-05 -0.00165865 -0.00193846 0.00136364
internal_weight=10855 845 728 117 10010 7930 4030 3445 1365 3900 1820 2080 1950 715
internal_count=10855 845 728 117 10010 7930 4030 3445 1365 3900 1820 2080 1950 715
is_linear=0
shrinkage=0.03


Tree=344
num_leaves=15
num_cat=0
split_feature=40 34 34 34 67 69 43 4 27 65 25 6 16 45
split_gain=1.92581 4.23745 3.80674 5.71462 7.45373 3.34514 3.63377 2.5699 3.47727 2.999 2.78908 4.73485 2.61325 2.52474
threshold=0.44736842811107641 57.903236389160163 46.50856018066407 44.661062240600593 649.55151367187511 19.552222251892093 -0.95642796158790577 16.961789131164554 48.144273757934577 788.75625610351574 224.98780059814456 0.20833333581686023 123.2425880432129 1.0000000180025095e-35
decision_type=2 2 2 2 2 2 2 2 2 2 2 2 2 2
left_child=13 2 3 -2 5 -5 -7 10 -9 -10 11 -4 -12 -1
right_child=1 -3 7 4 -6 6 -8 8 9 -11 12 -13 -14 -15
leaf_value=0.00027986434585290247 -0.00095045291169943834 0.00090418307915280489 -0.0086090834804649855 0.00054682130074683809 -0.0024002197483615918 0.0018183504619894509 0.00081632055714894844 -0.00089043613414681267 0.00052176963645239334 0.0020313563301757502 -0.0034058886018604102 0.00071431906046172595 0.00035695497459430753 -5.9606091850789329e-05
leaf_weight=4085 308 88 66 72 85 52 77 198 74 102 2376 66 110 3096
leaf_count=4085 308 88 66 72 85 52 77 198 74 102 2376 66 110 3096
internal_value=-8.153e-05 -0.000640175 -0.000799778 0.00139394 0.00444755 0.00759701 0.0104884 -0.00123529 0.00109091 0.00415909 -0.00156761 0.00268182 -0.00179324 0.000204288
internal_weight=10855 3674 3586 594 286 201 129 2992 374 176 2618 132 2486 7181
internal_count=10855 3674 3586 594 286 201 129 2992 374 176 2618 132 2486 7181
is_linear=0
shrinkage=0.03


Tree=345
num_leaves=15
num_cat=0
split_feature=15 40 34 34 3 69 36 3 13 33 27 12 40 35
split_gain=1.78273 3.48214 2.9045 5.5225 4.335 2.7695 2.45523 3.14103 3.03371 4.45825 3.02118 3.26847 2.84094 4.95238
threshold=3.7441030740737919 0.41578947007656103 46.068027496337898 44.661062240600593 0.0031712962663732473 16.796667098999027 45.500000000000007 0.64752313494682323 221.40804290771487 49.802545547485359 15.551232337951662 87.375000000000014 0.089473687112331404 166.99986267089847
decision_type=2 2 2 2 2 2 2 2 2 2 2 2 2 2
left_child=1 6 3 -3 5 -5 8 12 9 -1 -11 -12 13 -8
right_child=-2 2 -4 4 -6 -7 7 -9 -10 10 11 -13 -14 -15
leaf_value=0.0010280018253620165 9.223833899328553e-05 -0.0079298605152036562 -0.0025246794302031146 0.00047183662727457966 -0.0026223309106183936 0.00086027088083742026 0.001010706182925576 -0.0022492715610626969 -0.00053081890863856539 0.00033862129327593115 -0.0055936959821773864 0.00062447952213839399 0.00064147137010076266 0.0036944587725652703
leaf_weight=360 4030 200 2225 65 50 85 63 120 2200 320 440 240 403 54
leaf_count=360 4030 200 2225 65 50 85 63 120 2200 320 440 240 403 54
internal_value=-7.60026e-05 -0.000371429 -0.00122857 0.001125 0.00465 0.0072 0.000164285 0.001875 -0.000143259 0.000970588 -6.00007e-05 -0.00119118 0.00288461 0.007
internal_weight=10855 6825 2625 400 200 150 4200 640 3560 1360 1000 680 520 117
internal_count=10855 6825 2625 400 200 150 4200 640 3560 1360 1000 680 520 117
is_linear=0
shrinkage=0.03


Tree=346
num_leaves=15
num_cat=0
split_feature=25 65 40 6 25 27 25 45 14 16 68 44 65 69
split_gain=2.05142 3.22837 3.51293 3.74918 2.28764 3.49634 3.54347 3.4355 3.49264 3.28048 2.52361 2.29676 3.1536 2.83614
threshold=224.98780059814456 12.943333625793459 0.31052631139755255 0.20833333581686023 654.93835449218761 25.256567001342777 598.90237426757824 1.0000000180025095e-35 1190.5000000000002 1.7698732614517214 1.0000000180025095e-35 -1.0000000180025095e-35 275.65055847167974 46.611944198608406
decision_type=2 2 2 2 2 2 2 2 2 2 2 2 2 2
left_child=1 2 -1 -4 5 -2 9 8 -6 -7 -11 12 -9 -13
right_child=4 -3 3 -5 7 6 -8 11 -10 10 -12 13 -14 -15
leaf_value=-5.1547511809791481e-05 -0.011537435842718977 -0.0041533966277084531 0.00060596891298643897 0.00066691741184274388 0.0011452633104672035 -0.00060263486450775922 -0.0032837669438352717 -0.010785473135383205 0.00017202762171383216 0.0012855122260419644 0.00017505188340566566 0.00025502547529328827 4.5654293337909959e-05 -0.00063305726567725908
leaf_weight=107 1105 128 60 95 520 910 455 693 2990 151 1539 1073 282 747
leaf_count=107 1105 128 60 95 520 910 455 693 2990 151 1539 1073 282 747
internal_value=-5.94203e-05 0.00207692 0.00398473 0.00687097 -0.000139036 -0.000685097 -0.00016203 0.000221252 0.000846153 0.000265384 0.00104734 -0.000563507 -0.00173846 6.59334e-05
internal_weight=10855 390 262 155 10465 4160 3055 6305 3510 2600 1690 2795 975 1820
internal_count=10855 390 262 155 10465 4160 3055 6305 3510 2600 1690 2795 975 1820
is_linear=0
shrinkage=0.03


Tree=347
num_leaves=15
num_cat=0
split_feature=35 13 13 14 13 34 70 24 65 12 27 67 42 7
split_gain=1.93014 3.4004 3.69253 2.80484 2.71521 3.25538 2.5666 2.81258 3.28563 2.74631 2.54427 4.00262 6.60722 2.23066
threshold=166.68264007568362 429.27056884765631 507.38211059570318 5659.5000000000009 81.690883636474624 47.841661453247077 1.0000000180025095e-35 281.81547546386724 3244.240844726563 90.354167938232436 7.7091667652130136 32.09819412231446 0.52778512239456188 0.40284535288810736
decision_type=2 2 2 2 2 2 2 2 2 2 2 2 2 2
left_child=6 4 -3 -4 5 -2 7 -1 -9 -8 11 -5 -13 -6
right_child=1 2 3 10 13 -7 9 8 -10 -11 -12 12 -14 -15
leaf_value=5.6524341656198819e-05 0.00051009792464656292 -0.002923434441290374 0.00014090580188942282 -0.0049063129545856123 0.00012243395399344237 -0.051043645192450908 -0.0052731485810778135 0.006243209653673084 -0.00073231416509481572 -0.00012732037659217177 -0.0052057597769348601 0.0054462592063862954 -4.3408193701882498e-05 0.00041066085261295818
leaf_weight=378 325 650 1430 193 1430 325 512 68 53 3214 585 74 123 1495
leaf_count=378 325 650 1430 193 1430 325 512 68 53 3214 585 74 123 1495
internal_value=-7.04752e-05 0.000248868 -0.000486089 5.61323e-05 0.000876922 -0.000876924 -0.000571598 0.0014489 0.00542975 -0.000842191 -0.00118462 0.000692307 0.00370051 0.00126667
internal_weight=10855 6630 3055 2405 3575 650 4225 499 121 3726 975 390 197 2925
internal_count=10855 6630 3055 2405 3575 650 4225 499 121 3726 975 390 197 2925
is_linear=0
shrinkage=0.03


Tree=348
num_leaves=15
num_cat=0
split_feature=35 34 33 14 42 69 29 1 27 69 67 69 27 63
split_gain=2.05053 3.24207 4.92071 3.28428 2.86296 3.56291 2.35048 2.60172 2.16583 3.03503 2.13378 2.5268 2.74267 2.01602
threshold=166.68264007568362 51.922649383544929 53.304681777954109 5659.5000000000009 0.84874749183654796 1.3916666507720949 3118.2814941406255 659.24734497070324 14.992384910583498 289.49124145507818 96.06555557250978 425.45429992675787 35.384140014648445 155.68277740478518
decision_type=2 2 2 2 2 2 2 2 2 2 2 2 2 2
left_child=6 3 4 -2 5 -3 7 -1 9 -4 -5 12 -12 -9
right_child=1 2 8 10 -6 -7 -8 13 -10 -11 11 -13 -14 -15
leaf_value=-0.00089979372988516421 0.00024659689386101501 0.0016227441487806425 -0.00027003389113165375 -0.0048365660944611434 0.00065509131486864961 -0.00024881421300532533 5.1458041360755079e-05 4.0090234519658431e-05 -0.0013340911192588349 0.00064765847500297821 0.0016246790258823791 -0.021644813570117466 -0.00025632093564814011 0.0025461278877246039
leaf_weight=2405 3835 67 470 382 119 269 1560 186 1170 50 76 99 93 74
leaf_count=2405 3835 67 470 382 119 269 1560 186 1170 50 76 99 93 74
internal_value=-6.2184e-05 0.000266968 -0.000692308 0.000725752 0.00207692 0.000660714 -0.000578699 -0.00112008 -0.00143787 0.000173076 -0.00124615 0.000805969 0.0030355 0.00173077
internal_weight=10855 6630 2145 4485 455 336 4225 2665 1690 520 650 268 169 260
internal_count=10855 6630 2145 4485 455 336 4225 2665 1690 520 650 268 169 260
is_linear=0
shrinkage=0.03


Tree=349
num_leaves=15
num_cat=0
split_feature=3 18 42 30 36 13 7 28 40 18 0 1 22 25
split_gain=1.88123 2.34253 3.37702 3.6036 4.16946 3.2151 2.96461 3.59195 2.7645 4.43613 4.4334 9.2123 4.8 2.90707
threshold=9.3880319595336932 0.42708332836627966 0.58216583728790294 0.76934522390365612 2.5000000000000004 193.34938049316409 0.49300666153430944 55.751169204711921 0.12105263024568559 0.38541667163372045 77.958335876464858 67.527812957763686 6.9723012447357187 268.58322143554693
decision_type=2 2 2 2 2 2 2 2 2 2 2 2 2 2
left_child=1 5 -3 4 -4 -1 -5 -8 9 10 11 -7 -13 -10
right_child=-2 2 3 6 -6 8 7 -9 13 -11 -12 12 -14 -15
leaf_value=0.00024294891256738545 0.0001920625708599523 -0.0021378230310548228 0.0013606881516231774 -0.002957417793529437 -0.0059916991972738661 -5.5483892925159123e-06 0.00053122244828982684 -0.0038041484098312031 0.00060013001250373008 0.0013695375381656905 -0.0005160500280255555 0.017391372308790832 0.0026184684632979908 -0.00020107601189781884
leaf_weight=1560 1040 1152 145 551 58 276 87 87 106 84 660 60 60 4929
leaf_count=1560 1040 1152 145 551 58 276 87 87 106 84 660 60 60 4929
internal_value=-5.94203e-05 -0.000187978 -0.00108173 0.000265085 0.00379803 5.23587e-05 -0.000724139 0.00268965 -0.000255061 0.00107895 0.000551136 0.00306061 0.01 -0.000557101
internal_weight=10855 9815 2080 928 203 7735 725 174 6175 1140 1056 396 120 5035
internal_count=10855 9815 2080 928 203 7735 725 174 6175 1140 1056 396 120 5035
is_linear=0
shrinkage=0.03


Tree=350
num_leaves=15
num_cat=0
split_feature=7 34 59 25 14 19 36 42 65 14 42 21 55 27
split_gain=2.02887 3.03333 2.53417 3.05585 2.49415 3.33982 3.04868 3.13021 3.00145 2.8432 4.73002 2.41598 2.23346 2.02939
threshold=0.40284535288810736 46.931081771850593 103.50000000000001 621.73907470703136 4863.0000000000009 0.49454252421855932 475.50000000000006 0.2269546836614609 4940.6240234375009 9528.5000000000018 1.0000000180025095e-35 5.5375635623931894 1.0000000180025095e-35 45.010179519653327
decision_type=2 2 2 2 2 2 2 2 2 2 2 2 2 2
left_child=1 -1 3 -3 5 8 -7 -8 -2 -6 -11 -4 -5 -14
right_child=4 2 11 12 9 6 7 -9 -10 10 -12 -13 13 -15
leaf_value=0.00020724391849688014 0.00020591115593024598 -0.0037266359915443647 9.1709970444721407e-05 -0.00069928768293733596 -0.0077781805521764807 -0.0011957587951287743 -0.00081679322507418673 0.00085645938555059477 0.0015509313089228528 0.0013889598884669972 -0.00021456345056368662 0.0024373681305876892 0.00041285539934732241 -0.00027022468541398231
leaf_weight=1365 2868 1702 350 1325 520 650 72 123 57 85 240 55 734 709
leaf_count=1365 2868 1702 350 1325 520 650 72 123 57 85 240 55 734 709
internal_value=-5.11292e-05 -0.000403847 -0.000753847 -0.000959732 0.000425785 0.000755967 -0.000905326 0.00238461 0.0012359 -0.00104734 0.00115385 0.00151852 -0.000344654 0.000471933
internal_weight=10855 6240 4875 4470 4615 3770 845 195 2925 845 325 405 2768 1443
internal_count=10855 6240 4875 4470 4615 3770 845 195 2925 845 325 405 2768 1443
is_linear=0
shrinkage=0.03


Tree=351
num_leaves=15
num_cat=0
split_feature=13 13 13 11 34 19 13 18 34 63 67 63 53 67
split_gain=2.2215 3.81635 2.91245 2.84149 2.95749 3.13412 2.83161 2.61752 2.4033 2.32737 2.2187 3.2608 2.58479 2.58947
threshold=444.20825195312506 507.38211059570318 81.690883636474624 2.3673611879348759 57.004980087280281 0.48657593131065374 202.67753601074222 0.53125000000000011 47.841661453247077 2684.6054687500005 1221.524841308594 25.400138854980472 31.500000000000004 141.09944152832034
decision_type=2 2 2 2 2 2 2 2 2 2 2 2 2 2
left_child=2 -2 8 6 5 9 7 -4 -1 10 11 12 13 -5
right_child=1 -3 3 4 -6 -7 -8 -9 -10 -11 -12 -13 -14 -15
leaf_value=1.843649319706501e-05 -0.0070865953081598763 -6.5197296929564181e-05 0.00028382557735744888 0.00043472247487115473 -0.077974723824461106 4.9001851428412577e-05 -0.00024670772673477293 -0.0038914315628731885 -0.049576432276055404 0.0030969304410450537 0.00086151109084571238 2.7755080809264872e-06 0.010183096000740683 -0.00025845777533739159
leaf_weight=520 520 4160 1170 399 130 975 1625 130 390 50 95 445 58 188
leaf_count=520 520 4160 1170 399 130 975 1625 130 390 50 95 445 58 188
internal_value=-2.62559e-05 -0.000519231 0.000347368 0.000618233 0.00139744 0.00165611 -5.12892e-06 0.00103846 -0.00121978 0.00265992 0.0023924 0.00200917 0.00337209 0.00277513
internal_weight=10855 4680 6175 5265 2340 2210 2925 1300 910 1235 1185 1090 645 587
internal_count=10855 4680 6175 5265 2340 2210 2925 1300 910 1235 1185 1090 645 587
is_linear=0
shrinkage=0.03


Tree=352
num_leaves=15
num_cat=0
split_feature=25 40 15 25 27 25 45 14 67 7 30 40 10 67
split_gain=1.85989 2.68453 4.05 1.83498 4.66042 3.96039 2.09432 3.01927 2.75527 2.92769 2.25189 4.40989 2.88089 1.96218
threshold=1567.7875976562502 0.18421053141355517 0.65979170799255382 654.93835449218761 25.256567001342777 598.90237426757824 1.0000000180025095e-35 1190.5000000000002 559.76110839843761 0.49650333821773535 0.57291665673255932 0.34210526943206793 0.55625435709953319 4284.0505371093759
decision_type=2 2 2 2 2 2 2 2 2 2 2 2 2 2
left_child=3 2 -2 4 -1 13 7 -5 9 10 11 -8 -12 -6
right_child=1 -3 -4 6 5 -7 8 -9 -10 -11 12 -13 -14 -15
leaf_value=-0.010963226922508873 -0.0036890119432346946 -0.0086298858533314406 0.0034265145760233777 0.0010791500681535551 0.0001097759700634849 -0.0031288963520148543 -0.0010603626365297974 0.00016488166216335024 -0.0011010665927948555 0.0015681112647039333 -0.002013487982502179 0.000538210829643306 0.00016745108618235487 -0.0012561478218606893
leaf_weight=1105 90 470 90 520 2782 455 93 2665 648 66 614 109 940 208
leaf_count=1105 90 470 90 520 2782 455 93 2665 648 66 614 109 940 208
internal_value=-5.94203e-05 -0.00161539 0.0015 3.96857e-05 -0.000408792 0.000134978 0.00040053 0.000908947 -0.000255061 0.00034248 0.000109339 0.00308911 -0.000277993 0.000531772
internal_weight=10855 650 180 10205 4550 3445 5655 3185 2470 1822 1756 202 1554 2990
internal_count=10855 650 180 10205 4550 3445 5655 3185 2470 1822 1756 202 1554 2990
is_linear=0
shrinkage=0.03


Tree=353
num_leaves=15
num_cat=0
split_feature=40 15 65 34 35 40 33 34 33 13 67 65 33 40
split_gain=2.0615 4.26391 2.43944 2.71623 2.52512 3.97367 2.42648 3.36577 3.73462 3.20125 2.8977 3.30413 2.7787 4.3041
threshold=0.44736842811107641 4.3409490585327157 16.75291728973389 57.224985122680671 165.98652648925784 0.53157895803451549 49.802545547485359 51.922649383544929 52.857189178466804 368.36863708496099 53.110694885253913 163.44374847412112 54.481702804565437 0.34210526943206793
decision_type=2 2 2 2 2 2 2 2 2 2 2 2 2 2
left_child=6 -2 3 -3 5 -4 9 8 -8 10 -1 -12 13 -10
right_child=1 2 4 -5 -6 -7 7 -9 12 -11 11 -13 -14 -15
leaf_value=0.0012057549132151308 -0.00094291095468779847 -0.00081699304511254349 -6.7595195673107944e-05 0.00036025328097577584 0.00018963017490270561 0.0011082004890416519 -0.0026880449216099998 -0.00074369080047501351 0.00044319288863915751 -5.7352055595050189e-06 -0.0011970736501605227 0.0006476934980767287 0.0001145894532103687 0.0031771971688600077
leaf_weight=327 2442 467 56 88 528 93 516 1462 264 688 179 139 3526 80
leaf_count=327 2442 467 56 88 528 93 516 1462 264 688 179 139 3526 80
internal_value=-6.2184e-05 -0.000640175 0.000798701 -0.000675676 0.00200738 0.00545638 0.000233532 -2.97545e-05 0.000385772 0.0013886 0.00290698 0.000867924 0.000705426 0.00327907
internal_weight=10855 3674 1232 555 677 149 7181 5848 4386 1333 645 318 3870 344
internal_count=10855 3674 1232 555 677 149 7181 5848 4386 1333 645 318 3870 344
is_linear=0
shrinkage=0.03


Tree=354
num_leaves=15
num_cat=0
split_feature=13 35 14 7 9 34 16 56 50 23 7 0 7 34
split_gain=2.0113 3.28113 3.17132 2.48257 4.48109 4.30098 2.16411 2.01867 2.27918 1.9283 1.85923 1.71718 2.30784 2.43967
threshold=429.27056884765631 166.69944763183597 2980.0000000000005 0.37267799675464636 0.055219909176230438 47.593423843383796 123.2425880432129 15.500000000000002 1.5000000000000002 21.975139617919925 0.49300666153430944 16.750000000000004 0.49300666153430944 49.850135803222663
decision_type=2 2 2 2 2 2 2 2 2 2 2 2 2 2
left_child=1 6 -2 4 7 -6 11 8 -3 -4 -11 -1 13 -13
right_child=2 3 9 -5 5 -7 -8 -9 -10 10 -12 12 -14 -15
leaf_value=-0.0064144229318172548 -0.0012627403022130654 0.00079764215760575981 -0.0019068587316514586 0.000246437918179538 0.00061339950680093676 -0.0096060836736185477 0.0029652074771820019 -0.00053141659966021823 0.0013915513376109275 9.3565391643578085e-05 -0.0015237247030751087 7.0604178863527258e-06 0.0017507588087791437 -0.0017095904868523499
leaf_weight=260 1105 304 520 1950 325 715 65 138 143 2925 390 1170 195 650
leaf_count=260 1105 304 520 1950 325 715 65 138 143 2925 390 1170 195 650
internal_value=-5.11292e-05 0.000322062 -0.000497976 0.000893706 2.76916e-05 -0.00115385 -0.000551283 0.0021282 0.00310738 -8.99616e-05 0.00017647 -0.000705495 -0.00040943 -0.000741759
internal_weight=10855 5915 4940 3575 1625 1040 2340 585 447 3835 3315 2275 2015 1820
internal_count=10855 5915 4940 3575 1625 1040 2340 585 447 3835 3315 2275 2015 1820
is_linear=0
shrinkage=0.03


Tree=355
num_leaves=15
num_cat=0
split_feature=40 18 9 25 0 30 21 69 33 25 42 33 34 24
split_gain=2.10112 3.5323 4.26918 6.22449 3.92727 3.71212 3.66041 2.67904 2.58294 4.03326 6.10614 3.1107 3.56023 3.04802
threshold=0.44736842811107641 0.42708332836627966 0.37942129373550421 457.46347045898443 45.250000000000007 0.76636904478073131 5.4789443016052255 751.35513305664074 49.802545547485359 511.19509887695318 0.91037613153457653 50.926616668701179 50.78740310668946 572.89880371093761
decision_type=2 2 2 2 2 2 2 2 2 2 2 2 2 2
left_child=8 2 6 7 5 -5 -2 -4 9 10 -1 -10 13 -13
right_child=1 -3 3 4 -6 -7 -8 -9 11 -11 -12 12 -14 -15
leaf_value=3.3303800789702421e-05 -0.00025461702521300389 -0.0035786892886765388 0.0029503904372417005 0.00018669895021757342 -0.00015102538677120832 0.0021813009251744142 0.0011063159523267275 0.00071836554331867607 -0.0059061099017286593 0.00036570989519434148 0.00055138811379794534 0.00021693771247296501 -0.00049809497741690656 -0.0018696186606611395
leaf_weight=120 1980 836 72 132 440 88 66 60 301 1161 52 3311 1935 301
leaf_count=120 1980 836 72 132 440 88 66 60 301 1161 52 3311 1935 301
internal_value=-5.66566e-05 -0.000640175 -0.000135307 0.00173485 0.000545454 0.00381818 -0.000859238 0.00768182 0.000241888 0.00143361 0.00572093 -2.97545e-05 0.000131422 0.000687707
internal_weight=10855 3674 2838 792 660 220 2046 132 7181 1333 172 5848 5547 3612
internal_count=10855 3674 2838 792 660 220 2046 132 7181 1333 172 5848 5547 3612
is_linear=0
shrinkage=0.03


Tree=356
num_leaves=15
num_cat=0
split_feature=40 34 15 65 25 6 34 34 7 33 25 42 33 34
split_gain=2.36015 3.47219 2.53304 3.07367 2.60018 4.73485 2.9139 4.68007 4.14205 2.25796 3.561 5.01491 3.12145 3.18264
threshold=0.44736842811107641 57.903236389160163 4.3409490585327157 16.75291728973389 224.98780059814456 0.20833333581686023 46.068027496337898 44.661062240600593 0.40284535288810736 49.802545547485359 511.19509887695318 0.91037613153457653 50.926616668701179 50.78740310668946
decision_type=2 2 2 2 2 2 2 2 2 2 2 2 2 2
left_child=9 2 4 -4 5 -2 7 -6 -9 10 11 -1 -11 -14
right_child=1 -3 3 -5 6 -7 -8 8 -10 12 -12 -13 13 -15
leaf_value=3.2304686766001524e-05 -0.0081996357505137226 0.00067330120770621048 -0.00063702698157664913 0.0002162597175366899 -0.0076270098268093238 0.00066331011196266035 -0.0077220260038205289 0.00081692151014348103 -1.523919103558741e-05 -0.0057289266046767883 0.00035473859833850418 0.00053484647038401067 0.00016147682881020159 -0.00048315212809441196
leaf_weight=120 66 88 511 677 198 66 1892 88 88 301 1161 52 3612 1935
leaf_count=120 66 88 511 677 198 66 1892 88 88 301 1161 52 3612 1935
internal_value=-8.70574e-05 -0.000705499 -0.000849973 0.000282828 -0.00141118 0.00268182 -0.0016496 0.000770053 0.00432954 0.000229355 0.00134359 0.00537209 -2.46245e-05 0.00013683
internal_weight=10855 3674 3586 1188 2398 132 2266 374 176 7181 1333 172 5848 5547
internal_count=10855 3674 3586 1188 2398 132 2266 374 176 7181 1333 172 5848 5547
is_linear=0
shrinkage=0.03


Tree=357
num_leaves=15
num_cat=0
split_feature=40 34 18 14 12 9 69 65 34 35 24 33 25 42
split_gain=2.13564 3.45296 2.41897 3.45369 5.70165 3.30445 2.75718 3.53665 2.17646 3.23158 2.11355 2.1055 3.08102 4.03101
threshold=0.44736842811107641 57.903236389160163 0.42708332836627966 1934.5000000000002 279.15625000000006 0.38966435194015508 1.0000000180025095e-35 16.75291728973389 46.235261917114265 166.71708679199222 193.75893402099612 49.802545547485359 511.19509887695318 0.91037613153457653
decision_type=2 2 2 2 2 2 2 2 2 2 2 2 2 2
left_child=11 2 3 4 5 -2 7 -7 9 -5 -8 12 13 -1
right_child=1 -3 -4 8 -6 6 10 -9 -10 -11 -12 -13 -14 -15
leaf_value=3.1335546163032705e-05 -8.1641752081409492e-05 0.00065310217147503612 -0.0034650176106713355 -4.1480365893263966e-05 0.00062270764653408648 0.00051177804939495422 0.002305393708926184 0.0050628685430614082 -0.0011469881439642679 0.0013061191262571015 -9.6323954768874157e-05 -6.8566113962346459e-06 0.00034409644038834385 0.00051880107627250269
leaf_weight=120 682 88 836 176 110 52 65 54 1386 66 159 5848 1161 52
leaf_count=120 682 88 836 176 110 52 65 54 1386 66 159 5848 1161 52
internal_value=-0.000100876 -0.000689168 -0.000833241 -0.000403637 0.000877005 0.000171936 0.00263636 0.00662264 -0.00128624 0.00133884 0.000749999 0.000200111 0.00127607 0.00502326
internal_weight=10855 3674 3586 2750 1122 1012 330 106 1628 242 224 7181 1333 172
internal_count=10855 3674 3586 2750 1122 1012 330 106 1628 242 224 7181 1333 172
is_linear=0
shrinkage=0.03


Tree=358
num_leaves=15
num_cat=0
split_feature=30 0 40 15 18 9 30 0 63 18 40 21 9 13
split_gain=2.12107 2.47513 2.15673 4.03833 3.18929 2.42088 3.55032 2.35186 4.25863 2.84589 4.14931 5.39103 2.8221 2.15342
threshold=0.92857143282890331 3.2499999403953557 0.44736842811107641 4.3409490585327157 0.61458331346511852 0.85192131996154796 0.78720235824584972 40.583332061767585 73.329998016357436 0.26041667163372045 0.54210525751113903 2.8514263629913335 0.54004630446434032 209.58105468750003
decision_type=2 2 2 2 2 2 2 2 2 2 2 2 2 2
left_child=1 -1 4 5 13 -4 -7 8 12 10 -9 -12 -5 -3
right_child=-2 2 3 7 -6 6 -8 9 -10 -11 11 -13 -14 -15
leaf_value=-0.0025470147431590584 0.00080788725205841079 0.00024758796588452548 -0.0015380829788560132 0.0001397117478003019 0.00033947546031287278 0.00053058602705737055 -0.12687492906179812 -8.9060346169692118e-05 -0.0028586742467365325 -0.00010710887395249232 9.4882279710260064e-06 0.0028833884846810368 0.0039207289966850089 -4.8493934135583689e-05
leaf_weight=585 65 1806 2112 61 172 88 66 108 60 748 78 78 55 4773
leaf_count=585 65 1806 2112 61 172 88 66 108 60 748 78 78 55 4773
internal_value=-9.53485e-05 -0.000127897 -1.9109e-05 -0.000628837 0.000292845 -0.00137158 0.00225974 0.000787878 0.00398864 0.000231225 0.00290909 0.00603846 0.00734483 0.000187414
internal_weight=10855 10790 10205 3454 6751 2266 154 1188 176 1012 264 156 116 6579
internal_count=10855 10790 10205 3454 6751 2266 154 1188 176 1012 264 156 116 6579
is_linear=0
shrinkage=0.03


Tree=359
num_leaves=15
num_cat=0
split_feature=35 13 69 65 33 69 43 13 69 50 40 3 40 13
split_gain=2.14235 3.33745 3.30311 3.88484 4.44632 5.61653 3.41369 3.12997 2.21629 2.16157 2.17234 2.09517 2.08503 2.6172
threshold=166.68264007568362 429.27056884765631 614.23043823242199 93.935554504394545 58.174474716186531 141.379997253418 -0.95642796158790577 1323.8330688476565 27.24486064910889 59.500000000000007 0.31052631139755255 0.26906249672174459 0.12105263024568559 1845.6218872070315
decision_type=2 2 2 2 2 2 2 2 2 2 2 2 2 2
left_child=12 -2 3 4 5 -3 8 9 -5 11 -11 -8 -1 -14
right_child=1 2 -4 6 -6 -7 7 -9 -10 10 -12 -13 13 -15
leaf_value=0.0001730224454774611 0.00016479156412265336 -9.9513735729238513e-05 -0.0044167293126569371 0.00016676924077570112 -0.0050756047094435508 0.002268370190683502 -0.001802669751504164 0.0034935458651255123 0.0012342050678458445 0.00098513528340843023 -5.7387377414585462e-05 0.00032726094152121446 -0.00048502201119495761 0.0009439834089607597
leaf_weight=780 3575 395 698 61 896 84 340 98 68 112 134 169 3286 159
leaf_count=780 3575 395 698 61 896 84 340 98 68 112 134 169 3286 159
internal_value=-6.49477e-05 0.000271492 -0.000456629 8.0186e-05 -0.000949092 0.00138413 0.00152138 0.000833528 0.00606977 0.000178807 0.0024878 -0.000937132 -0.0005929 -0.000910015
internal_weight=10855 6630 3055 2357 1375 479 982 853 129 755 246 509 4225 3445
internal_count=10855 6630 3055 2357 1375 479 982 853 129 755 246 509 4225 3445
is_linear=0
shrinkage=0.03


Tree=360
num_leaves=15
num_cat=0
split_feature=30 0 34 65 40 13 14 35 17 42 69 69 67 67
split_gain=2.08219 2.34003 2.18118 2.22975 2.31445 2.02439 2.96662 2.34769 2.73766 2.21538 2.10253 3.38398 4.93676 2.78482
threshold=0.92857143282890331 3.2499999403953557 57.224985122680671 322.21221923828131 0.11052631586790086 439.17001342773443 2810.5000000000005 166.69944763183597 6.4861111640930185 0.91037613153457653 2419.120483398438 1.7788888812065127 39.085140228271491 88.398193359375014
decision_type=2 2 2 2 2 2 2 2 2 2 2 2 2 2
left_child=1 -1 5 4 -4 7 -7 -3 9 10 11 12 -9 -13
right_child=-2 2 3 -5 -6 6 -8 8 -10 -11 -12 13 -14 -15
leaf_value=-0.0024677500134509351 0.00077870688757298038 -9.9598930084258651e-05 -0.0029684068310272273 -0.019349436972509338 0.0006808358282252543 -0.0025401898540144546 -5.6604183435306518e-05 0.0031810496001180287 9.1990176172867586e-05 -0.0016999626576439286 0.016834431809494569 -0.0018963749488585535 0.0011557771265328892 0.0014667553400917468
leaf_weight=585 65 2275 55 56 214 715 3900 59 2405 117 64 126 68 151
leaf_count=585 65 2275 55 56 214 715 3900 59 2405 117 64 126 68 151
internal_value=-4.56018e-05 -7.78506e-05 2.79268e-05 0.00244615 0.00357992 -5.16201e-05 -0.000510293 0.000350427 0.000903009 0.00274359 0.00366667 0.00286634 0.00692126 0.00100722
internal_weight=10855 10790 10205 325 269 9880 4615 5265 2990 585 468 404 127 277
internal_count=10855 10790 10205 325 269 9880 4615 5265 2990 585 468 404 127 277
is_linear=0
shrinkage=0.03


Tree=361
num_leaves=15
num_cat=0
split_feature=4 65 42 34 33 69 42 40 34 40 35 40 13 9
split_gain=1.82578 2.5401 2.39904 1.91059 3.90359 2.92652 3.33621 3.10323 2.82058 5.4896 2.76834 2.8389 2.85874 4.59386
threshold=23.103233337402347 1903.6884765625002 0.95642796158790599 51.922649383544929 53.304681777954109 1.3916666507720949 0.84874749183654796 0.3315789550542832 57.903236389160163 0.39473684132099157 166.68264007568362 0.12105263024568559 167.26181793212893 0.49379628896713262
decision_type=2 2 2 2 2 2 2 2 2 2 2 2 2 2
left_child=3 2 -2 10 5 7 -7 -5 -6 -10 11 12 -1 -14
right_child=1 -3 -4 4 8 6 -8 -9 9 -11 -12 -13 13 -15
leaf_value=-0.0030258448833460892 6.3175839091921898e-05 0.00028454580169469238 0.0010075116476879027 0.00010299858090900192 -0.0030724376752408163 -0.00048986661705384589 0.00052191659290848943 0.0022310861461353419 -0.011383133392985875 0.00090383271810079869 0.00012777303906408901 -0.00031961572569916274 0.00026105582700726459 0.011685947545790849
leaf_weight=144 687 54 104 50 1560 317 102 51 114 81 3965 3074 492 60
leaf_count=144 687 54 104 50 1560 317 102 51 114 81 3965 3074 492 60
internal_value=-7.87663e-05 0.00126035 0.000830593 -0.000191809 -0.000956045 0.00132692 0.000221956 0.00591089 -0.00163248 0.00176923 3.29663e-05 -0.000549072 0.00118103 0.00216304
internal_weight=10855 845 791 10010 2275 520 419 101 1755 195 7735 3770 696 552
internal_count=10855 845 791 10010 2275 520 419 101 1755 195 7735 3770 696 552
is_linear=0
shrinkage=0.03


Tree=362
num_leaves=15
num_cat=0
split_feature=36 16 40 22 22 66 40 2 56 40 33 25 34 33
split_gain=2.05088 3.33329 3.25978 2.77545 2.38937 3.39814 2.17303 2.81667 2.1478 2.08983 4.33783 3.40994 3.0057 2.94668
threshold=13.000000000000002 1.1194805502891543 0.56315791606903087 8.4824109077453631 7.242760658264161 1.0000000180025095e-35 0.10000000149011613 398.50000000000006 75.500000000000014 0.44736842811107641 69.275196075439467 224.98780059814456 51.668193817138679 53.304681777954109
decision_type=2 2 2 2 2 2 2 2 2 2 2 2 2 2
left_child=3 2 -2 9 5 -3 7 -7 -6 12 11 -11 -1 -14
right_child=1 4 -4 -5 8 6 -8 -9 -10 10 -12 -13 13 -15
leaf_value=0.00016438471652265092 0.0014890554721497062 0.00017671136367067373 -0.0071386350548346793 -0.0055635012580329017 0.00015634052087053421 0.003456783926746363 -0.0026608641076227798 -0.0015875053372904591 -0.0013293219034233234 0.00024219492328840986 0.0014306008047040902 -0.0013111104330220276 0.00044919447021391613 -0.0034831808526921281
leaf_weight=3053 324 403 66 455 2360 54 818 90 240 88 66 1892 172 774
leaf_count=3053 324 403 66 455 2360 54 818 90 240 88 66 1892 172 774
internal_value=-7.32389e-05 0.000430539 0.00307692 -0.00041077 0.000170239 -0.000846155 -0.00181497 0.00158333 0.000703845 -0.000240696 -0.00102053 -0.00127273 0.000158289 -0.00131924
internal_weight=10855 4355 390 6500 3965 1365 962 144 2600 6045 2046 1980 3999 946
internal_count=10855 4355 390 6500 3965 1365 962 144 2600 6045 2046 1980 3999 946
is_linear=0
shrinkage=0.03


Tree=363
num_leaves=15
num_cat=0
split_feature=30 36 16 40 64 21 22 40 15 13 33 7 40 40
split_gain=2.10375 2.21437 2.80907 3.0169 2.76869 5.1081 3.49632 3.32973 2.79373 2.27513 2.67902 2.97617 4.13662 2.52252
threshold=0.92857143282890331 13.000000000000002 1.1194805502891543 0.56315791606903087 1.0000000180025095e-35 3.2603876590728764 6.1749844551086435 0.42631578445434576 3.7441030740737919 236.02996063232425 49.802545547485359 0.40284535288810736 0.24736841768026355 0.10000000149011613
decision_type=2 2 2 2 2 2 2 2 2 2 2 2 2 2
left_child=1 4 3 -3 7 6 -6 9 -7 10 -1 -12 13 -13
right_child=-2 2 -4 -5 5 8 -8 -9 -10 -11 11 12 -14 -15
leaf_value=0.00089166424081016989 0.00079084580276454221 0.0014443838079852189 3.0969276670710492e-05 -0.0069244760031896349 -0.0013891645976580095 -0.0085972221450286157 0.00082184401044014459 -0.00052677187339981362 1.3412558006314254e-05 2.8713504198307758e-06 -0.001218050045382998 0.0083953457229354184 -0.00063105390004696612 0.00099990578004199989
leaf_weight=357 65 324 3965 66 406 1479 436 982 455 1821 300 50 81 68
leaf_count=357 65 324 3965 66 406 1479 436 982 455 1821 300 50 81 68
internal_value=-7.32389e-05 -0.000105654 0.000416762 0.00284615 -0.000459208 -0.00117363 0.000776721 8.28088e-05 -0.00202275 0.000630929 0.00190654 0.000486973 0.00333166 0.00691525
internal_weight=10855 10790 4355 390 6435 2776 842 3659 1934 2677 856 499 199 118
internal_count=10855 10790 4355 390 6435 2776 842 3659 1934 2677 856 499 199 118
is_linear=0
shrinkage=0.03


Tree=364
num_leaves=15
num_cat=0
split_feature=25 25 0 9 28 14 13 17 24 25 27 19 55 70
split_gain=1.85329 2.38667 3.02088 3.54673 4.60592 2.42425 2.4033 2.90769 2.16033 2.62648 2.61357 2.43029 2.37074 2.14733
threshold=1567.7875976562502 654.93835449218761 17.750000000000004 0.2455902770161629 310.21783447265631 1172.0000000000002 81.690883636474624 31.875000000000004 248.05803680419925 859.57806396484386 34.895378112792976 0.42665469646453863 8.4469442367553729 1.0000000180025095e-35
decision_type=2 2 2 2 2 2 2 2 2 2 2 2 2 2
left_child=1 2 -1 4 -4 6 7 -3 -7 12 -11 13 -10 -12
right_child=-2 5 3 -5 -6 8 -8 -9 9 10 11 -13 -14 -15
leaf_value=-0.0071571375637617327 -0.0018750593164698138 0.00056086751053466353 -0.0029731161084676641 0.00015527525887184575 7.561998366600566e-05 -0.00022499576547302267 0.00074312412533677379 -0.0020864842859080399 0.00042612687095808672 0.00026807700478611164 0.0012649080676424922 -0.0031942203372943589 -1.6244076666270075e-05 -0.00046744310285607316
leaf_weight=585 650 195 1365 1755 845 1300 910 260 483 1105 179 390 297 536
leaf_count=585 650 195 1365 1755 845 1300 910 260 483 1105 179 390 297 536
internal_value=-6.2184e-05 3.6746e-05 -0.000474726 -0.000177807 -0.000977376 0.000448275 0.00154945 -0.00023077 9.79014e-05 0.000541805 1.35739e-05 -0.0010181 0.00203846 2.09783e-05
internal_weight=10855 10205 4550 3965 2210 5655 1365 455 4290 2990 2210 1105 780 715
internal_count=10855 10205 4550 3965 2210 5655 1365 455 4290 2990 2210 1105 780 715
is_linear=0
shrinkage=0.03


Tree=365
num_leaves=15
num_cat=0
split_feature=36 16 40 22 43 34 15 69 63 65 34 18 34 35
split_gain=1.90771 2.64944 2.93803 2.49841 4.23946 4.49306 4.50095 3.42407 2.84114 3.19666 3.112 2.37214 2.4539 2.39499
threshold=13.000000000000002 1.1194805502891543 0.56315791606903087 7.3975901603698739 -0.52778512239456166 50.127214431762702 0.34845486283302313 425.45429992675787 155.68277740478518 47.323890686035163 49.118133544921882 0.13541666418313983 53.760108947753913 167.48097229003909
decision_type=2 2 2 2 2 2 2 2 2 2 2 2 2 2
left_child=3 2 -2 11 -5 6 -6 8 9 10 -8 -1 13 -13
right_child=1 -3 -4 4 5 -7 7 -9 -10 -11 -12 12 -14 -15
leaf_value=-0.0064925871486604001 0.001400438709475945 2.6174809396800099e-05 -0.006721399980860113 -0.0048009994083639679 -0.0038476939553259435 -0.001848439958183066 0.0076834355635280564 2.0306028347126778e-05 -0.00059277070382608352 0.00045785944252646271 0.0020332775384081236 2.0544901001997571e-05 -0.0029667206971080782 0.00050162537975972042
leaf_weight=260 324 3965 66 1333 272 510 79 285 79 173 64 2275 390 780
leaf_count=260 324 3965 66 1333 272 510 79 285 79 173 64 2275 390 780
internal_value=-7.60026e-05 0.000409873 0.00276923 -0.000401539 -0.00107871 3.6935e-05 0.0012542 0.00255882 0.00436709 0.00563924 0.00895804 0.000109311 0.000317851 0.000603927
internal_weight=10855 4355 390 6500 2795 1462 952 680 395 316 143 3705 3445 3055
internal_count=10855 4355 390 6500 2795 1462 952 680 395 316 143 3705 3445 3055
is_linear=0
shrinkage=0.03


Tree=366
num_leaves=15
num_cat=0
split_feature=35 14 34 33 26 42 35 63 1 52 65 15 40 67
split_gain=1.76672 3.07734 2.95374 2.95403 2.9099 2.70791 2.28941 2.41457 2.9679 2.5062 3.32194 2.30608 2.16508 2.13312
threshold=166.68264007568362 5659.5000000000009 52.02040100097657 53.304681777954109 9150.5000000000018 0.68322628736495983 165.98194122314456 120.50833129882814 195.1905212402344 0.039027778431773193 110.98014068603517 2.0299971699714665 0.20526316016912463 32.09819412231446
decision_type=2 2 2 2 2 2 2 2 2 2 2 2 2 2
left_child=6 2 -2 5 -5 -4 7 -1 11 -10 -11 -9 -7 -3
right_child=1 13 3 4 -6 12 -8 8 9 10 -12 -13 -14 -15
leaf_value=-0.00012392507907125436 0.00023655786859562837 -0.0051379165822512674 -3.2444656538497372e-05 -0.0086524208705485838 3.7161407218534215e-05 -8.8232382134523709e-05 -0.00070440524156743919 -0.0036079057548390266 5.1650544589715868e-05 0.0034557424293510828 8.5715530851037514e-05 0.00037237738998859607 0.001340788671835628 2.5943221146188949e-05
leaf_weight=1435 3835 475 280 715 650 56 2145 131 85 57 55 317 119 500
leaf_count=1435 3835 475 280 715 650 56 2145 131 85 57 55 317 119 500
internal_value=-5.66566e-05 0.000248868 0.000517241 -0.000478023 -0.00117582 0.00161538 -0.000536095 0.000173076 0.00169767 0.0047665 0.00771428 0.000348214 0.00454286 -0.00130769
internal_weight=10855 6630 5655 1820 1365 455 4225 2080 645 197 112 448 175 975
internal_count=10855 6630 5655 1820 1365 455 4225 2080 645 197 112 448 175 975
is_linear=0
shrinkage=0.03


Tree=367
num_leaves=15
num_cat=0
split_feature=34 56 40 33 16 69 36 63 5 2 40 34 40 17
split_gain=2.00402 2.6799 2.26633 5.58847 4.21181 3.11545 2.51213 2.52214 2.24501 2.30693 2.2417 3.3484 5.95283 8.86072
threshold=46.50856018066407 78.500000000000014 0.44736842811107641 69.806602478027358 123.2425880432129 1000.0454406738282 804.50000000000011 155.68277740478518 48.276250839233406 994.50000000000011 0.26842105388641363 44.661062240600593 0.36315789818763738 89.623748779296889
decision_type=2 2 2 2 2 2 2 2 2 2 2 2 2 2
left_child=1 10 6 4 8 -6 -2 -8 -4 -10 -1 12 13 -12
right_child=2 -3 3 -5 5 -7 7 -9 9 -11 11 -13 -14 -15
leaf_value=-2.7649748614149467e-05 -8.4848272690306281e-06 -0.0027949665080507389 -0.002096660813196074 0.002309899758323465 0.0049884555694097964 -4.0690526961500062e-05 9.8216195475881395e-05 0.00046622887857069364 -0.00028996138769083818 0.00043790010759809235 0.0030921641222434503 0.00075485687996439859 -0.00094623816132382384 -0.0018557661990178296
leaf_weight=633 5805 188 2420 88 54 56 135 80 352 110 52 473 355 54
leaf_count=633 5805 188 2420 88 54 56 135 80 352 110 52 473 355 54
internal_value=-6.49477e-05 0.000863247 -0.000243957 -0.000905845 -0.001125 0.00463636 9.46837e-05 0.00327907 -0.0013449 0.000571428 0.0012693 0.00220343 0.000383947 0.00662264
internal_weight=10855 1755 9100 3080 2992 110 6020 215 2882 462 1567 934 461 106
internal_count=10855 1755 9100 3080 2992 110 6020 215 2882 462 1567 934 461 106
is_linear=0
shrinkage=0.03


Tree=368
num_leaves=15
num_cat=0
split_feature=34 56 40 33 4 30 25 6 35 69 40 7 59 63
split_gain=1.72866 2.54626 2.22103 6.53909 2.70157 4.1052 3.29389 4.8 3.17462 3.14027 1.94113 3.47906 2.24045 2.17302
threshold=46.50856018066407 78.500000000000014 0.46842105686664587 69.806602478027358 2.0266727209091191 0.7455357313156129 224.98780059814456 0.20833333581686023 165.9634704589844 218.31777954101565 0.26842105388641363 0.32453168928623205 7.5000000000000009 1.5573611259460451
decision_type=2 2 2 2 2 2 2 2 2 2 2 2 2 2
left_child=1 10 -2 4 6 9 7 -4 -7 -6 -1 13 -13 -12
right_child=2 -3 3 -5 5 8 -8 -9 -10 -11 11 12 -14 -15
leaf_value=-2.6820256155727456e-05 1.5369256172388733e-05 -0.0027111175128092246 -0.0078860968828618622 0.0024158175951843352 0.00056453422388603699 0.0010805908506297509 -0.0053014920427601154 0.00069115139442247383 -0.00044583284851963748 -4.8679287275343636e-05 0.00047086254039722274 -5.4723478697691042e-05 0.001980645593578338 0.0012164024470523759
leaf_weight=633 6300 188 60 80 82 80 1800 60 580 58 275 446 62 151
leaf_count=633 6300 188 60 80 82 80 1800 60 580 58 275 446 62 151
internal_value=-8.42937e-05 0.000777777 -0.00025055 -0.000953572 -0.00120221 0.000262499 -0.0018125 0.003 -0.000727273 0.00492857 0.00117358 0.00204283 0.000366141 0.00404225
internal_weight=10855 1755 9100 2800 2720 800 1920 120 660 140 1567 934 508 426
internal_count=10855 1755 9100 2800 2720 800 1920 120 660 140 1567 934 508 426
is_linear=0
shrinkage=0.03


Tree=369
num_leaves=15
num_cat=0
split_feature=34 40 67 45 25 34 13 40 13 63 63 14 34 69
split_gain=2.33592 3.28037 4.8503 2.06518 3.51748 3.12309 2.80323 2.57151 2.88618 3.06583 2.72552 2.39489 2.07823 2.67671
threshold=57.903236389160163 0.38421052694320684 53.372222900390632 1.0000000180025095e-35 677.84841918945324 50.290061950683601 1067.2612304687502 0.44736842811107641 444.20825195312506 1388.8873291015627 4550.6855468750009 1190.5000000000002 53.760108947753913 952.16735839843761
decision_type=2 2 2 2 2 2 2 2 2 2 2 2 2 2
left_child=3 -2 -3 4 5 7 12 8 9 -1 -11 -6 13 -5
right_child=1 2 -4 6 11 -7 -8 -9 -10 10 -12 -13 -14 -15
leaf_value=0.00051631336426470088 -0.00023826788957190481 0.000775165011108981 0.00012489409214192954 4.6589390965602521e-05 0.0009757344827013468 -0.0063065328923943001 -0.0043604960297802288 -0.00060092523884377211 -0.00094366099302703747 0.002039458184854224 6.6528963247173062e-05 0.00012781788621288922 -0.012188245796482504 -0.00056058386164787417
leaf_weight=737 148 51 61 2651 520 780 585 682 473 61 62 2860 390 794
leaf_count=737 148 51 61 2651 520 780 585 682 473 61 62 2860 390 794
internal_value=-4.00744e-05 0.00276923 0.00664286 -0.000109014 0.000245343 -0.00054204 -0.000604073 8.18851e-05 0.000848461 0.00188372 0.00626829 0.000896449 -0.000308997 -7.4021e-05
internal_weight=10855 260 112 10595 6175 2795 4420 2015 1333 860 123 3380 3835 3445
internal_count=10855 260 112 10595 6175 2795 4420 2015 1333 860 123 3380 3835 3445
is_linear=0
shrinkage=0.03


Tree=370
num_leaves=15
num_cat=0
split_feature=35 14 26 34 33 69 27 40 40 33 33 34 63 52
split_gain=2.04446 3.51406 2.27547 3.45137 2.97706 2.60706 2.6037 4.72563 6.82204 8.13064 3.86477 3.48502 2.60843 3.31044
threshold=166.68264007568362 5659.5000000000009 9026.0000000000018 52.02040100097657 53.922643661499031 3931.8586425781255 47.549922943115241 0.58421051502227794 0.2578947395086289 59.79893875122071 59.79893875122071 48.747930526733406 73.329998016357436 7.7515277862548837
decision_type=2 2 2 2 2 2 2 2 2 2 2 2 2 2
left_child=-1 2 3 -2 -5 6 7 8 10 11 -4 -10 13 -13
right_child=1 -3 5 4 -6 -7 -8 -9 9 -11 -12 12 -14 -15
leaf_value=-0.00016801814821608478 0.00014919449596882659 -0.0012145991445276427 -0.0011624413751255538 0.00032918352240156443 -0.008269676844103303 0.016272408053802628 6.2924285521162725e-06 -0.0024241123758324767 -0.00011296125047140993 -0.0025218096059024808 0.00074296266852286663 0.0022795486775290339 0.00033913791041811095 0.0010978345285466357
leaf_weight=4225 2210 975 399 195 715 69 1167 180 62 124 100 223 87 124
leaf_count=4225 2210 975 399 195 715 69 1167 180 62 124 100 223 87 124
internal_value=-3.4547e-05 0.000294117 0.000580901 3.84608e-05 -0.00151648 0.00124852 0.00108759 0.00201155 0.00273726 0.00483871 0.000126252 0.00655645 0.00750691 0.00867147
internal_weight=10855 6630 5655 3120 910 2535 2466 1299 1119 620 499 496 434 347
internal_count=10855 6630 5655 3120 910 2535 2466 1299 1119 620 499 496 434 347
is_linear=0
shrinkage=0.03


Tree=371
num_leaves=15
num_cat=0
split_feature=25 40 15 26 34 27 14 69 28 40 59 28 21 9
split_gain=1.71293 2.33029 3.75556 2.09916 3.07885 2.93464 2.82825 2.80861 2.77452 2.7302 2.68689 2.53519 2.46894 2.88462
threshold=1567.7875976562502 0.18421053141355517 0.65979170799255382 9026.0000000000018 52.02040100097657 31.950219154357914 4319.0000000000009 2014.1487426757815 394.64279174804693 0.31052631139755255 44.500000000000007 485.72183227539068 3.054134845733643 0.2455902770161629
decision_type=2 2 2 2 2 2 2 2 2 2 2 2 2 2
left_child=3 2 -2 4 6 7 -1 10 -7 11 -5 -10 13 -6
right_child=1 -3 -4 5 12 8 -8 -9 9 -11 -12 -13 -14 -15
leaf_value=4.4138906335857557e-05 -0.0033100242694350701 -0.0076038263937462588 0.0033576378402213466 0.00021361770558945902 -0.044081364713712635 -9.1374259246269183e-05 -0.0025006519523415325 0.0018794521190065993 -0.0022878110562626753 0.00053583220154394156 0.0013328411159695872 0.0076203150330605386 -0.0089160220707847453 0.00049083410309396554
leaf_weight=3965 90 470 90 1373 195 2275 520 112 180 315 140 90 715 325
leaf_count=3965 90 470 90 1373 195 2275 520 112 180 315 140 90 715 325
internal_value=-7.60026e-05 -0.00156923 0.00133333 1.91076e-05 -0.000361889 0.000505016 3.34377e-06 0.00152308 -7.34273e-05 0.00176923 0.00118374 -0.000444445 -0.00168826 -0.000115385
internal_weight=10855 650 180 10205 5720 4485 4485 1625 2860 585 1513 270 1235 520
internal_count=10855 650 180 10205 5720 4485 4485 1625 2860 585 1513 270 1235 520
is_linear=0
shrinkage=0.03


Tree=372
num_leaves=15
num_cat=0
split_feature=4 42 59 34 65 65 22 42 2 28 42 2 40 2
split_gain=1.65877 2.75404 2.30589 1.91471 2.65236 8.6583 3.05189 2.57376 2.3141 3.21304 4.22418 2.61064 2.60864 4.4758
threshold=23.103233337402347 0.95642796158790599 1.5000000000000002 46.50856018066407 171.75416564941409 28.883333206176761 7.9128456115722665 0.81241145730018627 92.000000000000014 37.032028198242195 0.41248606145381933 114.50000000000001 0.12105263024568559 468.00000000000006
decision_type=2 2 2 2 2 2 2 2 2 2 2 2 2 2
left_child=3 -2 -3 4 5 6 -1 -8 9 10 -5 -10 13 -13
right_child=1 2 -4 8 -6 -7 7 -9 11 -11 -12 12 -14 -15
leaf_value=-0.00070638591117015833 7.3734980254235079e-05 0.00014719194570531454 0.0017985201480702931 -0.0023817238234154405 -7.3504655443694782e-05 0.0013050089896973144 0.0035827092052757754 -0.00020768267493514631 0.0008299210345887989 -0.0069188784353083231 0.00086701947389727213 0.0011888891040907077 -0.00017038526281859819 -5.2583622651367208e-05
leaf_weight=473 728 61 56 90 791 118 177 66 455 845 105 552 5618 720
leaf_count=473 728 61 56 90 791 118 177 66 455 845 105 552 5618 720
internal_value=-8.70574e-05 0.00118935 0.00546154 -0.000194806 0.000747692 0.00192806 0.00068715 0.00341975 -0.00037746 -0.00170192 0.00176923 -0.000189926 -0.000335269 0.000891509
internal_weight=10855 845 117 10010 1625 834 716 243 8385 1040 195 7345 6890 1272
internal_count=10855 845 117 10010 1625 834 716 243 8385 1040 195 7345 6890 1272
is_linear=0
shrinkage=0.03


Tree=373
num_leaves=15
num_cat=0
split_feature=21 35 67 63 9 67 27 40 44 69 40 9 23 40
split_gain=1.71045 1.55872 3.17067 3.5188 3.22072 2.36455 2.00164 2.04865 3.46457 2.71155 1.92587 1.75312 3.26489 2.43248
threshold=6.3301882743835458 167.10472106933597 5.4977779388427743 16.539028167724613 0.10282407328486444 18.053889274597172 51.05096626281739 0.057894736528396613 0.87837970256805431 113.42000198364259 0.36315789818763738 0.37942129373550421 22.402916908264164 0.12105263024568559
decision_type=2 2 2 2 2 2 2 2 2 2 2 2 2 2
left_child=1 11 4 5 10 -4 7 9 -9 -7 -3 12 -1 -14
right_child=-2 2 3 -5 -6 6 -8 8 -10 -11 -12 -13 13 -15
leaf_value=-0.002464455892848885 -0.00049517463766459054 -2.7726105892858472e-05 0.00051776825683642858 -5.6760111009886422e-05 -0.0028851290317500992 0.0037778042742555784 -1.8185319683284225e-05 0.00078159766437323848 -0.0025914075525942069 0.00097428994723944935 0.00030504972270174269 7.6313842002079943e-05 0.0007218403237375157 -0.0001002121396635261
leaf_weight=1105 1430 51 62 849 642 50 444 834 143 52 58 2015 576 2544
leaf_count=1105 1430 51 62 849 642 50 444 834 143 52 58 2015 576 2544
internal_value=-0.000145095 1.5908e-06 0.000541601 0.00106738 -0.00116245 0.00190221 0.00166842 0.00236608 0.0019437 0.00641176 0.0036055 -0.000274039 -0.000621302 -0.000125001
internal_weight=10855 9425 3185 2434 751 1585 1523 1079 977 102 109 6240 4225 3120
internal_count=10855 9425 3185 2434 751 1585 1523 1079 977 102 109 6240 4225 3120
is_linear=0
shrinkage=0.03


Tree=374
num_leaves=15
num_cat=0
split_feature=3 59 27 42 42 0 34 33 40 33 40 65 26 25
split_gain=1.55695 1.83656 1.81916 2.42466 1.78767 2.34965 1.73042 2.11974 2.53766 2.1805 6.46538 3.48739 2.093 2.87307
threshold=9.3880319595336932 105.50000000000001 23.947263717651371 0.2269546836614609 0.95642796158790599 389.50000000000006 46.50856018066407 48.312231063842781 0.50000000000000011 69.806602478027358 0.54210525751113903 163.44374847412112 8652.5000000000018 425.73828125000006
decision_type=2 2 2 2 2 2 2 2 2 2 2 2 2 2
left_child=1 6 -3 -4 -2 -6 -1 8 -8 12 11 -11 13 -9
right_child=4 2 3 -5 5 -7 7 9 -10 10 -12 -13 -14 -15
leaf_value=8.0263570506174719e-05 5.397034421985798e-05 0.0013117030346392463 -0.002209263210708049 0.00067960211079501451 0.0011167089834358886 0.00080253166002900898 0.00067361651978338206 9.3496795126875545e-07 -0.0021842299784666109 -0.0082258296624300245 0.0025772836378641531 0.003377852074500655 -8.2790794046192322e-05 -0.0034461397939290154
leaf_weight=1640 896 67 191 425 81 63 659 854 235 157 52 51 3456 2028
leaf_count=1640 896 67 191 425 81 63 659 854 235 157 52 51 3456 2028
internal_value=-0.000122986 -0.00023994 0.00126061 0.000749999 0.000980769 0.00408333 -0.000352169 -0.000545382 0.000825503 -0.000731131 0.00196154 -0.000403847 -0.000841591 -0.00143859
internal_weight=10855 9815 683 616 1040 144 9132 7492 894 6598 260 208 6338 2882
internal_count=10855 9815 683 616 1040 144 9132 7492 894 6598 260 208 6338 2882
is_linear=0
shrinkage=0.03


Tree=375
num_leaves=15
num_cat=0
split_feature=35 14 34 33 25 42 67 67 27 42 35 36 63 65
split_gain=1.58519 2.89755 2.38272 3.90403 2.32117 2.14749 2.35874 2.13514 3.31617 3.52291 2.05912 2.34631 2.27519 2.61772
threshold=166.68264007568362 5659.5000000000009 52.02040100097657 53.304681777954109 891.00408935546886 0.58216583728790294 1543.7088623046877 44.63611030578614 11.220140457153322 0.52778512239456188 165.98194122314456 59.000000000000007 155.68277740478518 978.07763671875011
decision_type=2 2 2 2 2 2 2 2 2 2 2 2 2 2
left_child=10 2 -2 5 -5 -4 -7 -3 9 -9 11 -1 -13 -14
right_child=1 7 3 4 -6 6 -8 8 -10 -11 -12 12 13 -15
leaf_value=-9.994886779949051e-05 0.00022121224664345906 -0.0045419222854067914 5.5269504564803318e-05 -0.00077998472727681641 9.251558748277417e-05 0.0010526789004454275 -0.00022318872070199318 0.0072742687957856678 -0.0023992792177174173 2.0001404679141136e-05 -0.00067899218859421534 -4.9927656795926868e-05 0.0016346411962972702 1.8846788010980157e-05
leaf_weight=1560 3835 502 252 975 390 151 52 62 292 119 2145 223 170 127
leaf_count=1560 3835 502 252 975 390 151 52 62 292 119 2145 223 170 127
internal_value=-0.000117458 0.000171945 0.00043236 -0.000461539 -0.00126374 0.00194505 0.00424138 -0.00133846 0.000107822 0.00329834 -0.000571598 0.000100961 0.00184615 0.00356566
internal_weight=10855 6630 5655 1820 1365 455 203 975 473 181 4225 2080 520 297
internal_count=10855 6630 5655 1820 1365 455 203 975 473 181 4225 2080 520 297
is_linear=0
shrinkage=0.03


Tree=376
num_leaves=15
num_cat=0
split_feature=21 13 14 9 43 40 25 24 2 35 23 10 29 40
split_gain=1.65053 1.48663 3.18976 2.1773 3.40435 2.84117 5.0519 4.71468 2.05444 1.89601 1.815 2.13587 1.90088 2.45558
threshold=6.3301882743835458 429.27056884765631 2810.5000000000005 0.57150468230247509 -0.52778512239456166 0.50000000000000011 852.02047729492199 273.43006896972662 679.50000000000011 166.75888824462893 21.975139617919925 1.2247012853622439 480.22555541992193 0.41578947007656103
decision_type=2 2 2 2 2 2 2 2 2 2 2 2 2 2
left_child=1 3 -3 -1 5 6 8 -7 -5 -6 -4 -12 13 -13
right_child=-2 2 10 4 9 7 -8 -9 -10 -11 11 12 -14 -15
leaf_value=1.7372570186983961e-05 -0.00049574997571268293 -0.0022759609381807311 -0.0015380321093630652 1.4466553985667839e-06 0.0010929595050878306 0.00073952572850095248 0.0026146918930448175 -0.00025590098714201411 0.001525694610578041 -0.00059057007228524214 0.00010371983023072893 -0.0010546989834914345 -0.0080732660921891113 0.0019670830045673193
leaf_weight=3900 1430 715 520 90 136 80 60 144 60 340 2925 80 325 50
leaf_count=3900 1430 715 520 90 136 80 60 144 60 340 2925 80 325 50
internal_value=-0.000120222 2.3872e-05 -0.000360781 0.000392931 0.00171428 0.00363594 0.00614286 0.00128571 0.0032 -3.78158e-05 -2.30776e-05 0.000230769 -0.00168132 0.00138461
internal_weight=10855 9425 4615 4810 910 434 210 224 150 476 3900 3380 455 130
internal_count=10855 9425 4615 4810 910 434 210 224 150 476 3900 3380 455 130
is_linear=0
shrinkage=0.03


Tree=377
num_leaves=15
num_cat=0
split_feature=4 65 42 25 19 40 34 33 67 42 12 42 13 23
split_gain=1.96275 2.51153 2.35638 1.67882 1.95874 2.86186 2.62191 3.60151 3.17899 2.68641 2.45379 2.69434 2.41242 2.40007
threshold=23.103233337402347 1903.6884765625002 0.95642796158790599 1567.7875976562502 0.49454252421855932 0.2578947395086289 52.02040100097657 53.304681777954109 906.42111206054699 0.58216583728790294 558.11459350585949 0.16280825436115268 444.20825195312506 21.975139617919925
decision_type=2 2 2 2 2 2 2 2 2 2 2 2 2 2
left_child=3 2 -2 4 6 -6 12 8 9 -8 -9 -12 -1 -14
right_child=1 -3 -4 -5 5 -7 7 10 -10 -11 11 -13 13 -15
leaf_value=0.00022047657378720904 3.3616258351316541e-05 0.0002786829279958582 0.00089918673701535712 -0.0030679232896272646 0.00012048153028047487 -0.002106108406538511 0.00012007297479026867 -0.0023166386379236833 -0.0021168443284821665 0.00095384516307363233 0.0005283614656545107 -0.00037670341746181467 -0.0024232076389733613 1.4602600157151452e-05
leaf_weight=3315 687 54 104 585 475 760 215 1430 148 157 66 129 455 2275
leaf_count=3315 687 54 104 585 475 760 215 1430 148 157 66 129 455 2275
internal_value=-9.25848e-05 0.00129586 0.00086852 -0.000209791 -0.000112998 -0.00122672 5.49443e-05 -0.000846155 0.00132692 0.00280645 -0.00154154 0.00161538 0.000374689 -0.000285715
internal_weight=10855 845 791 10010 9425 1235 8190 2145 520 372 1625 195 6045 2730
internal_count=10855 845 791 10010 9425 1235 8190 2145 520 372 1625 195 6045 2730
is_linear=0
shrinkage=0.03


Tree=378
num_leaves=15
num_cat=0
split_feature=4 65 42 36 45 40 18 16 44 65 69 44 35 63
split_gain=1.90962 2.5401 2.08417 1.87705 1.72883 3.23627 3.02294 2.38419 2.31589 2.30342 2.59093 2.26834 5.01259 2.652
threshold=23.103233337402347 1903.6884765625002 0.95642796158790599 67.500000000000014 1.0000000180025095e-35 0.44736842811107641 0.21875000000000003 123.2425880432129 -1.0000000180025095e-35 592.05514526367199 506.85264587402349 -0.60785761475563038 167.30027770996097 504.27055358886724
decision_type=2 2 2 2 2 2 2 2 2 2 2 2 2 2
left_child=4 2 -2 -4 5 -1 -6 11 9 -8 -11 12 -7 -14
right_child=1 -3 3 -5 6 7 8 -9 -10 10 -12 -13 13 -15
leaf_value=0.00020273005772427529 3.2607770600780907e-05 0.00027032244015598689 0.0017358845442961123 1.3055860848891751e-05 0.00025882464561108629 -0.0013176301607972965 -0.0094961344448029304 0.002713150068836997 -9.9579256030285097e-05 0.00094449176761141279 -0.0084774268815353375 -0.0015085231863508038 0.00091657268195555262 0.0004163339594785885
leaf_weight=3870 687 54 54 50 455 286 810 66 2730 80 85 1474 73 81
leaf_count=3870 687 54 54 50 455 286 810 66 2730 80 85 1474 73 81
internal_value=-0.000109167 0.00126035 0.000830593 0.00478846 -0.000224776 0.000107692 -0.000692308 -0.000878789 -0.000975709 -0.00223077 0.000999999 -0.0010721 0.000818181 0.00518182
internal_weight=10855 845 791 104 10010 5850 4160 1980 3705 975 165 1914 440 154
internal_count=10855 845 791 104 10010 5850 4160 1980 3705 975 165 1914 440 154
is_linear=0
shrinkage=0.03


Tree=379
num_leaves=15
num_cat=0
split_feature=4 65 22 59 28 40 42 33 33 10 34 65 24 65
split_gain=1.74401 2.22231 2.1396 1.93078 2.27839 4.00358 2.51847 2.16181 2.0697 2.51378 2.56486 2.92308 2.76074 3.00604
threshold=20.981290817260746 1832.7666625976565 8.1673135757446307 105.50000000000001 163.92038726806643 0.39473684132099157 0.2269546836614609 49.541347503662116 50.753660202026374 1.7331147193908694 46.984228134155281 148.81319427490237 231.17559814453128 28.883333206176761
decision_type=2 2 2 2 2 2 2 2 2 2 2 2 2 2
left_child=3 2 -2 7 5 -5 -6 -1 -9 10 11 12 -10 -14
right_child=1 -3 -4 4 6 -7 -8 8 9 -11 -12 -13 13 -15
leaf_value=5.0219818468838543e-05 0.00023445551597057579 0.0017762285473104751 -0.0012472932302074677 0.00026319107313290297 -0.011826656123946374 0.0023766971815168563 0.0006391830439182038 -0.005276534993508007 0.00035254667683950916 0.0002593249411310442 -0.00029923548231177273 -0.00026198622970121792 0.0003278930010504064 0.0015555716361676918
leaf_weight=1849 773 77 255 104 171 63 358 410 163 130 5852 487 93 70
leaf_count=1849 773 77 255 104 171 63 358 410 163 130 5852 487 93 70
internal_value=-8.42937e-05 0.00104525 0.000677042 -0.000212308 0.00131034 0.00436527 0.000345935 -0.000329358 -0.000564192 -0.000439294 -0.000519881 0.00105904 0.00325767 0.0060184
internal_weight=10855 1105 1028 9750 696 167 529 9054 7205 6795 6665 813 326 163
internal_count=10855 1105 1028 9750 696 167 529 9054 7205 6795 6665 813 326 163
is_linear=0
shrinkage=0.03


Tree=380
num_leaves=15
num_cat=0
split_feature=36 16 40 22 40 64 15 65 24 69 25 10 40 65
split_gain=1.75975 3.10592 3.09682 2.48924 2.93215 3.01601 3.14902 3.07875 1.99671 2.88519 2.67533 2.78756 2.6501 3.16792
threshold=13.000000000000002 1.1194805502891543 0.56315791606903087 8.048988342285158 0.31052631139755255 1.0000000180025095e-35 0.65979170799255382 322.21221923828131 162.23957824707034 1066.2229614257815 511.19509887695318 1.7652225494384768 0.31052631139755255 694.90960693359386
decision_type=2 2 2 2 2 2 2 2 2 2 2 2 2 2
left_child=3 2 -2 8 5 6 -5 -8 9 12 11 -10 -1 -14
right_child=1 -3 -4 4 -6 -7 7 -9 10 -11 -12 -13 13 -15
leaf_value=0.00014119312356491775 0.0012501175364863499 1.9862250091397031e-05 -0.0059187966425062969 -0.00030056790916062494 -0.010047494780305864 -0.0034476376225068273 0.00058965514632391286 5.7198999744656479e-07 -0.001526629578106829 -0.00033738974418107262 3.2506426295242361e-06 0.00046956128323356883 0.0013356696843394044 9.8288626585196236e-05
leaf_weight=268 324 3965 66 212 735 270 79 69 1040 270 3185 65 192 115
leaf_count=268 324 3965 66 212 735 270 79 69 1040 270 3185 65 192 115
internal_value=-9.81122e-05 0.000368541 0.00292308 -0.00041077 -0.00154945 -4.76198e-05 0.00175 0.00510811 -0.000108083 0.00122485 -0.00037063 -0.00164253 0.00242609 0.00432899
internal_weight=10855 4355 390 6500 1365 630 360 148 5135 845 4290 1105 575 307
internal_count=10855 4355 390 6500 1365 630 360 148 5135 845 4290 1105 575 307
is_linear=0
shrinkage=0.03


Tree=381
num_leaves=15
num_cat=0
split_feature=36 16 40 22 70 15 18 42 63 63 21 27 40 69
split_gain=1.57774 2.63142 2.86021 2.55015 2.98713 2.85941 1.99937 1.96646 4.42975 2.15144 1.91595 2.29823 4.24861 1.9873
threshold=13.000000000000002 1.1194805502891543 0.56315791606903087 8.048988342285158 1.0000000180025095e-35 0.65979170799255382 0.13541666418313983 0.52778512239456188 183.57819366455081 238.053337097168 3.2427661418914799 15.551232337951662 0.057894736528396613 326.99528503417974
decision_type=2 2 2 2 2 2 2 2 2 2 2 2 2 2
left_child=3 2 7 6 5 -5 -1 8 -2 -9 -8 12 -12 -14
right_child=1 -3 -4 4 -6 -7 10 9 -10 -11 11 -13 13 -15
leaf_value=-0.00628108879798874 0.002213141530879851 1.9266382588644164e-05 -0.0057412327432311153 -0.0024418359740347377 -0.0019624292685212407 0.00072657341589405411 0.00020386897203823097 -3.4031877611264768e-05 -0.00010359018264403594 0.0017707925990021647 0.023137457391627415 -0.0002628508950426772 -0.00016871811552478727 0.0018293201413590117
leaf_weight=260 81 3965 66 62 1244 59 2080 131 57 55 54 2210 431 100
leaf_count=260 81 3965 66 62 1244 59 2080 131 57 55 54 2210 431 100
internal_value=-0.000100876 0.000340987 0.00269231 -0.000396924 -0.00154945 0.00295041 -9.05557e-05 0.00385185 0.00656522 0.00183871 4.61531e-05 -0.000466906 0.00120513 0.00038983
internal_weight=10855 4355 390 6500 1365 121 5135 324 138 186 4875 2795 585 531
internal_count=10855 4355 390 6500 1365 121 5135 324 138 186 4875 2795 585 531
is_linear=0
shrinkage=0.03


Tree=382
num_leaves=15
num_cat=0
split_feature=7 65 59 34 30 67 67 63 27 43 31 33 14 50
split_gain=1.71576 3.30445 2.62864 2.27068 2.73715 2.99004 5.11837 2.62716 2.3659 2.11621 4.59559 1.99557 1.81598 1.9615
threshold=0.40284535288810736 4940.6240234375009 105.50000000000001 46.633069992065437 0.67708331346511852 2.2183332443237309 4.2400000095367441 1.5573611259460451 45.978588104248054 -0.84874749183654774 0.49323512613773351 69.806602478027358 570.50000000000011 1.5000000000000002
decision_type=2 2 2 2 2 2 2 2 2 2 2 2 2 2
left_child=2 -2 3 7 8 -6 -7 -1 9 10 -5 -8 -4 -14
right_child=1 -3 12 4 5 6 11 -9 -10 -11 -12 -13 13 -15
leaf_value=-3.370432571830338e-06 4.1923064269075994e-05 0.0016713937214330725 0.0011289064884620105 -0.00017226596651068657 -0.0032988144845208433 0.0016892363272860086 -0.00050480143666147242 0.00078141948578484756 -0.001959422947703314 0.00020355243727122294 0.0037360301874397738 0.0030621535646641646 -0.00015270736720023428 0.001917803987372763
leaf_weight=854 4540 75 72 68 1171 51 2622 218 300 379 68 59 201 177
leaf_count=854 4540 75 72 68 1171 51 2622 218 300 379 68 59 201 177
internal_value=-8.42937e-05 0.000354279 -0.000408655 -0.000580312 -0.000863502 -0.0011937 -0.000650074 0.000666044 0.000717791 0.00195146 0.00516176 -0.000829169 0.0018 0.000968253
internal_weight=10855 4615 6240 5790 4718 3903 2732 1072 815 515 136 2681 450 378
internal_count=10855 4615 6240 5790 4718 3903 2732 1072 815 515 136 2681 450 378
is_linear=0
shrinkage=0.03


Tree=383
num_leaves=15
num_cat=0
split_feature=7 16 34 67 67 25 25 35 42 15 40 67 27 65
split_gain=1.78001 2.27971 2.37941 3.08381 4.78423 2.31853 2.48403 2.34574 3.07246 3.07213 2.29167 2.43056 2.22982 2.17336
threshold=0.40284535288810736 123.2425880432129 46.931081771850593 2.2183332443237309 4.2400000095367441 621.73907470703136 372.13220214843756 167.28555297851565 0.95642796158790599 0.52199941873550426 0.43684209883213049 1406.0270996093752 78.595420837402358 4940.6240234375009
decision_type=2 2 2 2 2 2 2 2 2 2 2 2 2 2
left_child=1 2 -1 -4 -5 6 10 -7 9 -9 11 -6 -8 -2
right_child=13 -3 3 4 5 7 12 8 -10 -11 -12 -13 -14 -15
leaf_value=0.00012843222625651013 4.0665372341006644e-05 0.00038634552218878187 -0.0019411011991567609 0.0016385592374674415 0.0019026758189216739 -0.00014866211390873304 -0.010220476962625192 0.003545573383064082 0.0026701431752817828 -9.7817439198952775e-05 -0.0046357020009938953 2.3908743679970838e-05 0.00043285431268699943 0.0016212519097900764
leaf_weight=1365 4540 260 1504 51 72 1104 889 124 88 415 77 96 195 75
leaf_count=1365 4540 260 1504 51 72 1104 889 124 88 415 77 96 195 75
internal_value=-0.000111931 -0.000442308 -0.000561874 -0.000887325 -0.00034812 -0.000500001 -0.00144244 0.000223569 0.00168899 0.000840445 0.00128571 0.00325 -0.00205904 0.000334777
internal_weight=10855 6240 5980 4615 3111 3060 1329 1731 627 539 245 168 1084 4615
internal_count=10855 6240 5980 4615 3111 3060 1329 1731 627 539 245 168 1084 4615
is_linear=0
shrinkage=0.03


Tree=384
num_leaves=15
num_cat=0
split_feature=40 33 36 36 0 24 25 29 25 3 65 1 3 33
split_gain=1.6699 3.78473 2.67162 6.28562 3.51343 2.6931 2.63495 3.11124 2.46639 2.42435 2.65797 3.57494 2.26575 2.07659
threshold=0.44736842811107641 69.806602478027358 13.000000000000002 18.000000000000004 1037.9166259765627 230.89286041259768 573.83828735351574 1005.2933349609376 224.98780059814456 0.73049768805503856 788.75625610351574 100.91742324829103 12.040659904479982 49.802545547485359
decision_type=2 2 2 2 2 2 2 2 2 2 2 2 2 2
left_child=13 2 8 -4 5 -5 -7 -8 -2 -9 11 -11 -10 -1
right_child=1 -3 3 4 -6 6 7 9 12 10 -12 -13 -14 -15
leaf_value=0.00032199558025805368 0.00044281590861638959 0.0021978609218837194 0.0019689171506288871 -0.0079380617719124139 0.00039754403701760437 0.0014870084487710522 -0.00083714588633241206 -0.00016080371828704494 -0.0022036178239849507 7.1249974239195375e-05 -0.00017391978272856238 0.00076077473509702522 0.0015184066484593343 -1.7989856614067253e-05
leaf_weight=1333 88 88 66 308 66 154 418 198 2002 88 58 74 66 5848
leaf_count=1333 88 88 66 308 66 154 418 198 2002 88 58 74 66 5848
internal_value=-0.00010364 -0.000623844 -0.00077468 0.000230769 -0.000206746 -0.000550078 0.00021212 -0.000452154 -0.00144156 0.00137799 0.00354545 0.00551852 -0.00165087 0.000162511
internal_weight=10855 3674 3586 1430 1364 1298 990 836 2156 418 220 162 2068 7181
internal_count=10855 3674 3586 1430 1364 1298 990 836 2156 418 220 162 2068 7181
is_linear=0
shrinkage=0.03


Tree=385
num_leaves=15
num_cat=0
split_feature=40 33 34 34 44 4 28 35 40 34 33 25 42 33
split_gain=1.73998 3.00955 2.75311 4.21454 5.684 2.39715 2.65307 2.69222 2.9103 2.80152 1.99004 3.80373 4.29888 2.81273
threshold=0.44736842811107641 69.806602478027358 46.50856018066407 44.661062240600593 0.87837970256805431 2.0266727209091191 60.435857772827156 165.9634704589844 0.57368421554565441 52.308176040649421 49.802545547485359 511.19509887695318 0.91037613153457653 50.926616668701179
decision_type=2 2 2 2 2 2 2 2 2 2 2 2 2 2
left_child=10 2 3 -2 -5 -4 -7 8 -8 -9 11 12 -1 -12
right_child=1 -3 5 4 -6 6 7 9 -10 -11 13 -13 -14 -15
leaf_value=4.8366534466748403e-05 -0.00095191077178765856 0.0021319250942272057 -0.0018034605105106999 0.00069703315039379172 -0.0020080720025004266 -0.019027264059922389 2.9545595799137923e-05 -0.00012560685384728877 0.0055039779519336206 0.0004151341736143641 -0.0052036699684316562 0.00027437002370048674 0.00053196732886974247 3.1876910004828441e-05
leaf_weight=120 308 88 2112 176 110 242 60 440 50 88 301 1161 52 5547
leaf_count=120 308 88 2112 176 110 242 60 440 50 88 301 1161 52 5547
internal_value=-0.000109167 -0.000640175 -0.00077468 0.00109091 0.00371329 -0.00114505 0.000170454 0.00118495 0.00545454 0.000295454 0.000162511 0.00120855 0.00537209 -7.59241e-05
internal_weight=10855 3674 3586 594 286 2992 880 638 110 528 7181 1333 172 5848
internal_count=10855 3674 3586 594 286 2992 880 638 110 528 7181 1333 172 5848
is_linear=0
shrinkage=0.03


Tree=386
num_leaves=15
num_cat=0
split_feature=7 65 14 69 25 25 1 15 63 63 40 22 50 6
split_gain=1.7735 3.31134 2.14261 3.12099 4.34482 2.80831 2.35097 2.54474 3.52794 2.82289 2.51279 2.78793 2.35196 2.12481
threshold=0.40284535288810736 4940.6240234375009 4863.0000000000009 840.90942382812511 958.22286987304699 224.98780059814456 57.569566726684577 0.22273726016283038 73.329998016357436 7.0061111450195321 0.29999999701976782 8.4315032958984393 74.500000000000014 1.0000000180025095e-35
decision_type=2 2 2 2 2 2 2 2 2 2 2 2 2 2
left_child=13 2 3 5 -5 -2 7 -7 9 -9 11 -8 -12 -1
right_child=1 -3 -4 4 -6 6 10 8 -10 -11 12 -13 -14 -15
leaf_value=0.00019261911912271537 0.00082270052649019616 0.0015721977408946525 -0.00073657572188843168 -0.00033586389482749958 0.015578385703487591 0.00085070624294465128 0.00013826746854659082 0.00052192233233655863 -0.0012957640114065357 0.00080227999068979011 -0.00068305870355065193 0.00012267455560823588 0.00025679876122190515 -0.0002963238819932216
leaf_weight=1430 86 75 845 915 77 52 620 657 209 50 728 116 185 4810
leaf_count=1430 86 75 845 915 77 52 620 657 209 50 728 116 185 4810
internal_value=-9.81122e-05 0.000347778 0.000244493 0.000556156 -0.000883065 0.00108435 0.000909055 0.00208264 0.00171616 0.00272843 0.000220133 0.00152446 -0.000831326 -0.000427885
internal_weight=10855 4615 4540 3695 992 2703 2617 968 916 707 1649 736 913 6240
internal_count=10855 4615 4540 3695 992 2703 2617 968 916 707 1649 736 913 6240
is_linear=0
shrinkage=0.03


Tree=387
num_leaves=15
num_cat=0
split_feature=16 67 7 65 34 67 67 30 69 28 42 25 14 14
split_gain=1.8951 3.03171 1.88363 3.35941 2.62189 2.86241 4.1676 2.66478 2.50499 3.60092 3.27691 2.6149 2.4306 2.37981
threshold=123.2425880432129 23.550971984863285 0.40284535288810736 4940.6240234375009 46.931081771850593 2.2183332443237309 4.2400000095367441 0.68898808956146251 840.90942382812511 394.64279174804693 0.41248606145381933 992.93325805664074 4863.0000000000009 9164.0000000000018
decision_type=2 2 2 2 2 2 2 2 2 2 2 2 2 2
left_child=2 -2 4 8 -1 7 -7 -6 9 12 -11 -10 -4 -14
right_child=1 -3 3 -5 5 6 -8 -9 11 10 -12 -13 13 -15
leaf_value=0.00013396377416132309 0.00089102760331855871 0.00016885747710359411 0.00011703255182231919 0.0015250318086678255 4.0772144108405434e-05 0.0015978755652014728 -0.00014128485508159717 -0.0039266958550119467 -0.00047890820900850208 0.0042596304749438259 4.243058648132871e-05 0.015264729185615573 -0.020156893198553221 0.00013389920158762015
leaf_weight=1365 66 259 2557 75 361 51 3060 1143 1016 66 50 66 330 390
leaf_count=1365 66 259 2557 75 361 51 3060 1143 1016 66 50 66 330 390
internal_value=-8.70574e-05 0.00216923 -0.000156696 0.000303296 -0.00050669 -0.000848321 -0.000328834 -0.00192287 0.000197765 0.000598585 0.0057931 -0.00105915 0.000414708 -0.001125
internal_weight=10855 325 10530 4550 5980 4615 3111 1504 4475 3393 116 1082 3277 720
internal_count=10855 325 10530 4550 5980 4615 3111 1504 4475 3393 116 1082 3277 720
is_linear=0
shrinkage=0.03


Tree=388
num_leaves=15
num_cat=0
split_feature=40 33 15 65 69 45 13 15 36 70 36 67 65 13
split_gain=1.64899 3.02751 2.49714 3.28807 2.71298 2.43532 2.58378 2.56148 2.14429 2.11382 2.90122 2.60249 2.12561 2.1131
threshold=0.44736842811107641 69.806602478027358 4.3409490585327157 66.53055572509767 792.47125244140636 1.0000000180025095e-35 944.74285888671886 0.15940393507480624 296.50000000000006 1.0000000180025095e-35 3.5000000000000004 1667.079528808594 819.90026855468761 236.02996063232425
decision_type=2 2 2 2 2 2 2 2 2 2 2 2 2 2
left_child=5 2 -2 -4 8 -1 7 -7 13 10 -9 -11 -13 -5
right_child=1 -3 3 4 -6 6 -8 9 -10 11 -12 12 -14 -15
leaf_value=0.00020074814248834531 -0.0009976997793366177 0.0021004957769228268 -0.00024082368272824041 -0.0047691389281943764 -0.0003181692921008802 -0.0025144583910842394 -0.0042897258029093313 0.0014107144491571943 9.9469364331434846e-05 -7.7638125926102653e-05 0.00018303364334955826 0.00014146140905117941 0.0011715976856961541 0.00053490425110021419
leaf_weight=4085 2398 88 569 60 109 301 559 90 226 1652 283 153 58 224
leaf_count=4085 2398 88 569 60 109 301 559 90 226 1652 283 153 58 224
internal_value=-0.000139568 -0.000656506 -0.000791412 0.000333333 0.00184653 0.000124912 -0.000509691 -0.000102878 0.00276471 0.000246869 0.00230831 -0.000165862 0.00297156 0.0045
internal_weight=10855 3674 3586 1188 619 7181 3096 2537 510 2236 373 1863 211 284
internal_count=10855 3674 3586 1188 619 7181 3096 2537 510 2236 373 1863 211 284
is_linear=0
shrinkage=0.03


Tree=389
num_leaves=15
num_cat=0
split_feature=29 28 67 28 0 69 10 33 12 17 69 40 43 40
split_gain=1.53559 3.08066 3.33781 3.06891 2.97912 2.80165 2.60396 3.94906 2.5504 2.51523 2.80581 4.4768 2.47277 2.38529
threshold=3118.2814941406255 220.2862243652344 77.394443511962905 36.655788421630866 17.750000000000004 1034.9138793945315 0.57230970263481151 60.815885543823249 375.32292175292974 6.1997220516204843 297.45332336425787 0.14210525900125506 -0.58216583728790272 0.26842105388641363
decision_type=2 2 2 2 2 2 2 2 2 2 2 2 2 2
left_child=1 2 6 13 -5 8 -1 -8 9 10 12 -12 -2 -4
right_child=5 -3 3 4 -6 -7 7 -9 -10 -11 11 -13 -14 -15
leaf_value=-0.0020699076033757389 0.0042333486070291974 -0.010847776746768931 0.0013514867894984508 -0.0053921796451729728 9.8292667630093828e-05 -0.00018797645150486772 9.1508334996273538e-05 -0.0090663681674742896 -0.00031242798569993389 0.00011389773340347631 0.0023021212041753054 -0.00026998066316526349 0.00072570853687603152 4.3184431814415088e-05
leaf_weight=1292 84 390 278 360 2371 1265 1476 458 631 1812 52 120 66 200
leaf_count=1292 84 390 278 360 2371 1265 1476 458 631 1812 52 120 66 200
internal_value=-0.000136804 -0.00041099 -0.00025408 0.000430975 4.28407e-05 0.000327543 -0.000935525 -0.000238884 0.000862567 0.00135801 0.00380124 0.00118605 0.0068 0.00264853
internal_weight=10855 6825 6435 3209 2731 4030 3226 1934 2765 2134 322 172 150 478
internal_count=10855 6825 6435 3209 2731 4030 3226 1934 2765 2134 322 172 150 478
is_linear=0
shrinkage=0.03


Tree=390
num_leaves=15
num_cat=0
split_feature=65 9 34 35 14 34 40 69 33 42 65 63 17 34
split_gain=2.06914 5.78006 1.71415 2.67402 2.9481 2.38923 2.61331 3.41486 2.00878 2.6802 3.00115 2.00542 1.71802 2.34172
threshold=5184.0485839843759 0.40700230002403265 51.922649383544929 166.68264007568362 5659.5000000000009 57.903236389160163 0.38421052694320684 0.56888887286186229 53.304681777954109 0.58216583728790294 113.46389007568361 19.319722175598148 12.709305286407472 46.50856018066407
decision_type=2 2 2 2 2 2 2 2 2 2 2 2 2 2
left_child=2 -2 3 12 -5 8 -7 -8 9 -4 11 -11 13 -1
right_child=1 -3 5 4 -6 6 7 -9 -10 10 -12 -13 -14 -15
leaf_value=0.00033886132499698774 7.3320220125150972e-05 0.0014788977086206744 -0.00074634709503841167 0.00018728295964743103 -0.00075085862355841505 -0.00031709988078066611 0.00069976706464116559 6.7759046610356674e-05 -0.00073297226620855013 0.0012715835791362602 0.00083691362054422994 -0.0021783542530853799 -1.6850078463951492e-05 -0.003974471341326345
leaf_weight=242 184 55 258 3813 650 148 55 57 1690 90 67 74 2572 900
leaf_count=242 184 55 258 3813 650 148 55 57 1690 90 67 74 2572 900
internal_value=-0.000111931 0.00264853 -0.000174078 3.41194e-05 0.000529016 -0.000872079 0.00184615 0.00530357 -0.00119642 0.000496932 0.00284416 0.000658536 -0.000560582 -0.0015289
internal_weight=10855 239 10616 8177 4463 2439 260 112 2179 489 231 164 3714 1142
internal_count=10855 239 10616 8177 4463 2439 260 112 2179 489 231 164 3714 1142
is_linear=0
shrinkage=0.03


Tree=391
num_leaves=15
num_cat=0
split_feature=16 67 7 65 34 63 40 21 23 33 69 13 14 14
split_gain=1.48711 2.40068 1.66003 3.40176 2.78138 2.78077 2.61943 3.27591 3.30323 3.21868 2.56606 2.40833 2.35098 2.82169
threshold=123.2425880432129 23.550971984863285 0.40284535288810736 4940.6240234375009 46.50856018066407 1.5573611259460451 0.46842105686664587 3.0123262405395512 21.130556106567386 69.806602478027358 840.90942382812511 221.40804290771487 4863.0000000000009 9164.0000000000018
decision_type=2 2 2 2 2 2 2 2 2 2 2 2 2 2
left_child=2 -2 4 10 5 -1 7 8 11 -8 12 -6 -4 -14
right_child=1 -3 3 -5 6 -7 9 -9 -10 -11 -12 -13 13 -15
leaf_value=2.2531603623476688e-05 0.00087516099295326642 0.00015442743102574307 0.00014061285178280835 0.0014345307724196782 0.0011160201842398576 0.0008702170711146058 -0.0025365443461435335 -0.00057239386774294123 0.00050911575734121934 0.0022491498417009296 -0.00030656204334952381 -0.017127249607679383 -0.019403038996664849 0.00014261102773468015
leaf_weight=772 66 259 2673 75 90 203 1480 2160 945 60 1082 270 330 390
leaf_count=772 66 259 2673 75 90 203 1480 2160 945 60 1082 270 330 390
internal_value=-0.000106403 0.00189231 -0.000168092 0.000263736 -0.000496656 0.00096923 -0.000782218 -0.000324676 0.000862068 -0.00181169 0.000157541 -0.00158333 0.000563218 -0.000958334
internal_weight=10855 325 10530 4550 5980 975 5005 3465 1305 1540 4475 360 3393 720
internal_count=10855 325 10530 4550 5980 975 5005 3465 1305 1540 4475 360 3393 720
is_linear=0
shrinkage=0.03


Tree=392
num_leaves=15
num_cat=0
split_feature=34 40 34 35 14 69 40 9 36 30 69 44 14 15
split_gain=1.74075 3.46154 2.9034 2.20087 3.59589 1.98346 2.18315 3.3182 3.4569 2.13565 2.20573 3.57201 2.17426 2.69379
threshold=57.903236389160163 0.46842105686664587 53.530921936035163 166.68264007568362 5659.5000000000009 1034.9138793945315 0.43684209883213049 0.24109953641891482 2.5000000000000004 0.69196426868438732 297.45332336425787 -0.87837970256805409 1934.5000000000002 4.4776301383972177
decision_type=2 2 2 2 2 2 2 2 2 2 2 2 2 2
left_child=2 -2 3 -1 5 9 7 -7 -9 10 11 -5 -11 -14
right_child=1 -3 -4 4 -6 6 -8 8 -10 12 -12 -13 13 -15
leaf_value=-0.0001209562602602116 -5.0031531898361402e-06 0.0005844184272096089 -0.0020455883412695639 0.0013937066087393469 -0.0013830042598259706 -0.0016313724509862877 -0.0010534229759266898 0.0045913154183780764 -4.615478849162287e-05 0.00031439068773870599 2.8849481823538639e-06 0.00098160127406448304 -0.0037044110256499595 0.00011594105896734599
leaf_weight=4095 180 80 845 58 780 318 340 180 235 1604 170 280 661 1029
leaf_count=4095 180 80 845 58 780 318 340 180 235 1604 170 280 661 1029
internal_value=-0.000117458 0.00230769 -0.000176971 -3.07699e-05 0.000352784 0.000655384 -0.000483691 0.000437926 0.00220482 0.000976854 0.0027874 0.00418935 0.000697631 -5.32552e-05
internal_weight=10855 260 10595 9750 5655 4875 1073 733 415 3802 508 338 3294 1690
internal_count=10855 260 10595 9750 5655 4875 1073 733 415 3802 508 338 3294 1690
is_linear=0
shrinkage=0.03


Tree=393
num_leaves=15
num_cat=0
split_feature=15 16 40 30 40 40 15 34 17 33 0 14 21 13
split_gain=1.51713 3.1928 3.91798 3.13916 2.25659 1.93448 6.81865 3.94464 2.47257 4.37623 2.30588 2.62257 4.27278 2.45269
threshold=1.0000000180025095e-35 0.37635099887847906 0.27894736826419836 0.84523808956146251 0.31052631139755255 0.36315789818763738 4.3409490585327157 57.940305709838874 77.599861145019545 49.923946380615241 1037.9166259765627 2011.0000000000002 4.9322741031646737 562.55053710937511
decision_type=2 2 2 2 2 2 2 2 2 2 2 2 2 2
left_child=3 2 -2 -1 -5 8 -7 10 9 -3 11 12 -8 -13
right_child=1 5 -4 4 -6 6 7 -9 -10 -11 -12 13 -14 -15
leaf_value=-0.004322156399209888 -0.00039085513163599639 0.00065875919513799623 0.0023419400165146965 -0.0017114730471753019 0.0011257610721780776 -0.0011593358813939002 0.00057415230558115757 0.00054245462874238156 -9.3772501302215704e-05 6.9616167806197586e-05 0.00047380189523356652 -0.002287897773041826 -0.0030099809155905216 3.7165131443413365e-05
leaf_weight=585 135 560 190 60 70 2850 420 60 2135 2590 90 330 240 540
leaf_count=585 135 560 190 60 70 2850 420 60 2135 2590 90 330 240 540
internal_value=-0.000111931 -1.77522e-05 0.00290769 -0.00144755 0.00276923 -0.000114621 -0.000569537 0.000946428 0.000275307 0.000809523 0.000666666 0.000392156 0.00181818 -0.000689656
internal_weight=10855 10140 325 715 130 9815 4530 1680 5285 3150 1620 1530 660 870
internal_count=10855 10140 325 715 130 9815 4530 1680 5285 3150 1620 1530 660 870
is_linear=0
shrinkage=0.03


Tree=394
num_leaves=15
num_cat=0
split_feature=29 28 67 25 18 59 69 15 40 12 67 14 33 69
split_gain=1.567 3.31509 4.08444 3.68081 4.1066 2.55621 2.52509 2.72663 2.44203 2.20866 2.24806 3.63127 3.56753 4.13139
threshold=3118.2814941406255 220.2862243652344 2.2183332443237309 329.22135925292974 0.48958332836627966 58.500000000000007 1730.820983886719 22.398205757141117 0.45789474248886114 375.32292175292974 101.72500228881837 828.00000000000011 55.763181686401374 1251.7244262695315
decision_type=2 2 2 2 2 2 2 2 2 2 2 2 2 2
left_child=1 2 -1 -4 5 -5 9 -8 -7 10 11 -2 13 -13
right_child=6 -3 3 4 -6 8 7 -9 -10 -11 -12 12 -14 -15
leaf_value=-0.00060133227806014728 -0.00043154674744227961 -0.010426976589801946 0.0035712461978033797 7.1473900602365482e-05 -0.0023377273490408786 0.00092588257413580752 -0.0012593623718004808 0.00035171716595435565 0.0020137607930100624 -0.00032013942504456144 5.4220576589187744e-05 0.00020241807450260542 0.0031409190008337413 0.0021524088748478185
leaf_weight=2177 263 390 62 3086 765 260 610 113 85 650 1493 776 56 69
leaf_count=2177 263 390 62 3086 765 260 610 113 85 650 1493 776 56 69
internal_value=-3.73107e-05 -0.000314286 -0.000151516 0.000388914 0.000281696 0.000724861 0.000431761 -0.00117427 0.00317391 0.000782884 0.00116635 0.00215464 0.00305993 0.00257396
internal_weight=10855 6825 6435 4258 4196 3431 4030 723 345 3307 2657 1164 901 845
internal_count=10855 6825 6435 4258 4196 3431 4030 723 345 3307 2657 1164 901 845
is_linear=0
shrinkage=0.03


Tree=395
num_leaves=15
num_cat=0
split_feature=35 14 34 25 27 65 49 40 13 43 16 4 27 6
split_gain=1.68037 2.46374 2.58048 2.95385 2.14427 4.50209 3.2085 1.98067 2.32687 2.58992 2.47945 2.19418 2.11966 6.38409
threshold=166.68264007568362 5659.5000000000009 53.530921936035163 891.00408935546886 7.7091667652130136 99.95444488525392 0.18833333253860476 0.12105263024568559 1878.9898071289065 -0.63405361771583546 123.2425880432129 23.103233337402347 12.549697399139406 0.12500000372529033
decision_type=2 2 2 2 2 2 2 2 2 2 2 2 2 2
left_child=7 2 -2 -4 5 -3 -7 12 10 -10 11 -9 13 -1
right_child=1 4 3 -5 -6 6 -8 8 9 -11 -12 -13 -14 -15
leaf_value=-0.0024898478849215769 0.00012698259383447507 -0.0051586389833983776 -0.075085974167682756 0.00011873048692992895 -0.0038231435080332576 0.0088381236717730086 7.4631180280515123e-05 -0.00060299099186531045 0.004876899992047495 -0.00010062025815088948 0.001726475799747282 0.00081524311942042483 1.3446444217356378e-06 0.0038896274362383615
leaf_weight=72 4875 279 390 390 585 54 57 3074 54 52 106 159 648 60
leaf_count=72 4875 279 390 390 585 54 57 3074 54 52 106 159 648 60
internal_value=-8.98211e-05 0.000208144 0.000448275 -0.00115385 -0.00118462 0.000538461 0.00564865 -0.000557397 -0.000866474 0.00350943 -0.00100539 -0.00115342 0.000807692 0.00427273
internal_weight=10855 6630 5655 780 975 390 111 4225 3445 106 3339 3233 780 132
internal_count=10855 6630 5655 780 975 390 111 4225 3445 106 3339 3233 780 132
is_linear=0
shrinkage=0.03


Tree=396
num_leaves=15
num_cat=0
split_feature=65 9 35 14 34 29 69 67 12 42 67 69 40 40
split_gain=2.06499 5.78006 2.00569 2.59657 2.74241 2.58118 2.50962 2.03822 2.66478 2.2518 1.89189 3.88487 2.44435 2.83839
threshold=5184.0485839843759 0.40700230002403265 166.68264007568362 5659.5000000000009 52.02040100097657 823.29318237304699 297.45332336425787 32.09819412231446 558.11459350585949 0.2269546836614609 119.77027893066408 218.31777954101565 0.58421051502227794 0.27894736826419836
decision_type=2 2 2 2 2 2 2 2 2 2 2 2 2 2
left_child=2 -2 -1 4 -4 6 -6 -5 -9 -10 11 12 13 -7
right_child=1 -3 3 7 5 10 -8 8 9 -11 -12 -13 -14 -15
leaf_value=-0.0001972831794278481 0.00010004371457441104 0.0014094981694213503 0.00018462270111831362 -0.0041458222767574975 -0.0086563795244330895 1.8956793332447251e-05 0.00022636743619618458 -0.0033886921116030853 0.0090417586836148353 0.00029597714551251117 -0.00043027972576080117 -0.00035694047394820987 -0.00013636050110456483 0.00067662713561560377
leaf_weight=4039 184 55 3813 475 522 70 128 276 52 172 594 249 72 154
leaf_count=4039 184 55 3813 475 522 70 128 276 52 172 594 249 72 154
internal_value=-0.000109167 0.00264853 -0.000171252 0.000151892 0.000400571 -0.000568475 -0.00207692 -0.00127692 5.99993e-05 0.00249107 0.000292361 0.00156881 0.00389189 0.0054375
internal_weight=10855 239 10616 6577 5602 1789 650 975 500 224 1139 545 296 224
internal_count=10855 239 10616 6577 5602 1789 650 975 500 224 1139 545 296 224
is_linear=0
shrinkage=0.03


Tree=397
num_leaves=15
num_cat=0
split_feature=40 15 34 0 45 13 68 63 22 18 34 6 18 70
split_gain=1.82749 3.02452 2.60281 5.42806 2.41487 2.48871 2.35121 3.74557 2.32723 2.39608 2.75434 2.09156 3.42283 2.19712
threshold=0.44736842811107641 4.3409490585327157 46.068027496337898 172.29167175292972 1.0000000180025095e-35 944.74285888671886 1.0000000180025095e-35 183.57819366455081 6.872065782546998 0.26041667163372045 52.308176040649421 0.75000000000000011 0.61458331346511852 1.0000000180025095e-35
decision_type=2 2 2 2 2 2 2 2 2 2 2 2 2 2
left_child=4 2 3 -2 -1 11 7 -3 -8 -10 -11 12 13 -6
right_child=1 6 -4 -5 5 -7 8 -9 9 10 -12 -13 -14 -15
leaf_value=0.00019468660872745198 -9.1882985980445603e-05 0.0010057301665023356 -0.0024746398311177491 0.00070828628564344263 0.00055978344305586067 -0.0040174128465358871 -0.00042701204292427947 -0.00043698224199741439 0.0023664528107368637 -4.5330182447344126e-05 0.00043918355065146323 -0.060172746257509555 0.00014518677210776577 -6.5314183921822154e-05
leaf_weight=4085 308 131 2068 66 381 559 253 54 74 654 66 258 86 1812
leaf_count=4085 308 131 2068 66 381 559 253 54 74 654 66 258 86 1812
internal_value=-0.000136804 -0.000681002 -0.00129238 0.00101069 0.000141623 -0.000490311 0.000530843 0.00364865 -2.0058e-05 0.000778337 0.000249999 -9.10531e-05 0.000198771 -3.14645e-05
internal_weight=10855 3674 2442 374 7181 3096 1232 185 1047 794 720 2537 2279 2193
internal_count=10855 3674 2442 374 7181 3096 1232 185 1047 794 720 2537 2279 2193
is_linear=0
shrinkage=0.03


Tree=398
num_leaves=15
num_cat=0
split_feature=25 40 15 34 63 30 35 14 40 40 69 40 13 69
split_gain=1.59641 2.12333 3.69615 1.48943 2.52725 2.76628 2.29801 2.20086 2.17446 3.41573 4.10427 2.81878 2.41148 1.90678
threshold=1567.7875976562502 0.26842105388641363 0.65979170799255382 52.02040100097657 423.36555480957037 0.76636904478073131 166.68264007568362 6992.0000000000009 0.24736841768026355 0.59473684430122387 297.45332336425787 0.46842105686664587 429.27056884765631 46.611944198608406
decision_type=2 2 2 2 2 2 2 2 2 2 2 2 2 2
left_child=3 2 -2 6 5 8 -1 -8 -5 10 11 12 -10 -14
right_child=1 -3 -4 4 -6 -7 7 -9 9 -11 -12 -13 13 -15
leaf_value=-7.2161827951716954e-05 -0.002501263413265118 -0.0098625628746146204 0.0016260078559912703 -0.00027509342942633229 -0.0040185681117861681 -0.00057562535331431885 0.00019299348483318556 -0.00099326635804076503 0.001809149808876681 -0.0021201106430012696 -1.3499724567507449e-05 0.00045850143261695934 -0.001262292437848528 0.00035992155796280776
leaf_weight=3575 130 390 130 427 559 792 3770 455 90 121 219 79 59 59
leaf_count=3575 130 390 130 427 559 792 3770 455 90 121 219 79 59 59
internal_value=-8.153e-05 -0.00152308 0.000576922 1.02884e-05 -0.000642412 -0.00010726 0.000211538 0.000685206 0.00089943 0.00202392 0.00310672 0.0054669 0.00363461 0.000813559
internal_weight=10855 650 260 10205 2405 1846 7800 4225 1054 627 506 287 208 118
internal_count=10855 650 260 10205 2405 1846 7800 4225 1054 627 506 287 208 118
is_linear=0
shrinkage=0.03


Tree=399
num_leaves=15
num_cat=0
split_feature=29 28 67 18 30 4 69 59 40 33 42 69 59 28
split_gain=1.68994 3.15432 3.26978 3.29807 2.90006 2.56451 2.67202 2.49216 2.53918 2.43672 4.91776 2.03397 2.43287 1.97937
threshold=3118.2814941406255 220.2862243652344 2.2183332443237309 0.48958332836627966 0.92857143282890331 20.981290817260746 4708.1411132812509 58.500000000000007 0.45789474248886114 69.806602478027358 0.47114434838294988 1766.409851074219 54.500000000000007 36.655788421630866
decision_type=2 2 2 2 2 2 2 2 2 2 2 2 2 2
left_child=1 2 4 7 5 6 -1 9 -9 -4 -11 -2 -13 -5
right_child=11 -3 3 13 -6 -7 -8 8 -10 10 -12 12 -14 -15
leaf_value=-0.0016328550936793209 9.5398248969958077e-05 -0.0097830957784270402 4.7398392685448682e-05 0.00050192941302833628 0.00090325049536115376 0.00019109618692499485 0.014505136394101954 0.00087712753525639412 0.0020124492007597343 0.004986749191087614 -0.00041038570658372765 -0.00050667336606539937 0.0036867032464292897 -0.0035074682171646553
leaf_weight=1655 3329 390 2980 88 56 389 77 260 85 55 63 650 51 727
leaf_count=1655 3329 390 2980 88 56 389 77 260 85 55 63 650 51 727
internal_value=-9.25848e-05 -0.00038022 -0.000221446 0.000262094 -0.0011672 -0.00134512 -0.00183949 0.000668312 0.00308696 0.000398966 0.00462712 0.00039454 -0.00107418 -0.00145399
internal_weight=10855 6825 6435 4258 2177 2121 1732 3443 345 3098 118 4030 701 815
internal_count=10855 6825 6435 4258 2177 2121 1732 3443 345 3098 118 4030 701 815
is_linear=0
shrinkage=0.03


end of trees

feature_importances:
Column_40=498
Column_69=307
Column_65=290
Column_34=279
Column_33=258
Column_67=224
Column_25=199
Column_27=196
Column_35=188
Column_13=187
Column_30=178
Column_28=161
Column_15=150
Column_9=140
Column_42=137
Column_22=128
Column_18=116
Column_21=113
Column_63=113
Column_29=111
Column_0=109
Column_14=109
Column_16=108
Column_12=97
Column_26=96
Column_24=85
Column_36=84
Column_1=82
Column_2=64
Column_7=64
Column_23=64
Column_10=61
Column_11=55
Column_17=55
Column_3=48
Column_4=46
Column_45=40
Column_6=37
Column_19=31
Column_59=31
Column_37=30
Column_44=30
Column_43=27
Column_56=25
Column_50=23
Column_64=22
Column_68=16
Column_5=14
Column_31=13
Column_53=12
Column_70=11
Column_52=9
Column_55=8
Column_58=8
Column_66=8
Column_49=4
Column_51=1

parameters:
[boosting: gbdt]
[objective: quantile]
[metric: quantile]
[tree_learner: serial]
[device_type: cpu]
[data_sample_strategy: bagging]
[data: ]
[valid: ]
[num_iterations: 400]
[learning_rate: 0.03]
[num_leaves: 15]
[num_threads: 1]
[seed: 20260907]
[deterministic: 1]
[force_col_wise: 1]
[force_row_wise: 0]
[histogram_pool_size: -1]
[max_depth: -1]
[min_data_in_leaf: 50]
[min_sum_hessian_in_leaf: 0.001]
[bagging_fraction: 1]
[pos_bagging_fraction: 1]
[neg_bagging_fraction: 1]
[bagging_freq: 0]
[bagging_seed: 11947]
[bagging_by_query: 0]
[feature_fraction: 1]
[feature_fraction_bynode: 1]
[feature_fraction_seed: 10681]
[extra_trees: 0]
[extra_seed: 22213]
[early_stopping_round: 0]
[early_stopping_min_delta: 0]
[first_metric_only: 0]
[max_delta_step: 0]
[lambda_l1: 0]
[lambda_l2: 0]
[linear_lambda: 0]
[min_gain_to_split: 0]
[drop_rate: 0.1]
[max_drop: 50]
[skip_drop: 0.5]
[xgboost_dart_mode: 0]
[uniform_drop: 0]
[drop_seed: 19930]
[top_rate: 0.2]
[other_rate: 0.1]
[min_data_per_group: 100]
[max_cat_threshold: 32]
[cat_l2: 10]
[cat_smooth: 10]
[max_cat_to_onehot: 4]
[top_k: 20]
[monotone_constraints: ]
[monotone_constraints_method: basic]
[monotone_penalty: 0]
[feature_contri: ]
[forcedsplits_filename: ]
[refit_decay_rate: 0.9]
[cegb_tradeoff: 1]
[cegb_penalty_split: 0]
[cegb_penalty_feature_lazy: ]
[cegb_penalty_feature_coupled: ]
[path_smooth: 0]
[interaction_constraints: ]
[verbosity: -1]
[saved_feature_importance_type: 0]
[use_quantized_grad: 0]
[num_grad_quant_bins: 4]
[quant_train_renew_leaf: 0]
[stochastic_rounding: 1]
[linear_tree: 0]
[max_bin: 255]
[max_bin_by_feature: ]
[min_data_in_bin: 3]
[bin_construct_sample_cnt: 200000]
[data_random_seed: 5043]
[is_enable_sparse: 1]
[enable_bundle: 1]
[use_missing: 1]
[zero_as_missing: 0]
[feature_pre_filter: 1]
[pre_partition: 0]
[two_round: 0]
[header: 0]
[label_column: ]
[weight_column: ]
[group_column: ]
[ignore_column: ]
[categorical_feature: ]
[forcedbins_filename: ]
[precise_float_parser: 0]
[parser_config_file: ]
[objective_seed: 3273]
[num_class: 1]
[is_unbalance: 0]
[scale_pos_weight: 1]
[sigmoid: 1]
[boost_from_average: 1]
[reg_sqrt: 0]
[alpha: 0.9]
[fair_c: 1]
[poisson_max_delta_step: 0.7]
[tweedie_variance_power: 1.5]
[lambdarank_truncation_level: 30]
[lambdarank_norm: 1]
[label_gain: ]
[lambdarank_position_bias_regularization: 0]
[eval_at: ]
[multi_error_top_k: 1]
[auc_mu_weights: ]
[num_machines: 1]
[local_listen_port: 12400]
[time_out: 120]
[machine_list_filename: ]
[machines: ]
[gpu_platform_id: -1]
[gpu_device_id: -1]
[gpu_use_dp: 0]
[num_gpu: 1]

end of parameters

pandas_categorical:null
