tree
version=v4
num_class=1
num_tree_per_iteration=1
label_index=0
max_feature_idx=60
objective=quantile
feature_names=Column_0 Column_1 Column_2 Column_3 Column_4 Column_5 Column_6 Column_7 Column_8 Column_9 Column_10 Column_11 Column_12 Column_13 Column_14 Column_15 Column_16 Column_17 Column_18 Column_19 Column_20 Column_21 Column_22 Column_23 Column_24 Column_25 Column_26 Column_27 Column_28 Column_29 Column_30 Column_31 Column_32 Column_33 Column_34 Column_35 Column_36 Column_37 Column_38 Column_39 Column_40 Column_41 Column_42 Column_43 Column_44 Column_45 Column_46 Column_47 Column_48 Column_49 Column_50 Column_51 Column_52 Column_53 Column_54 Column_55 Column_56 Column_57 Column_58 Column_59 Column_60
feature_infos=[0:2854.583251953125] [0:5596.541015625] [0:20080] [0:47.700740814208984] [0:157.30976867675781] [0:569.43109130859375] [0:1] [0:0.5] [0:1] [0:2.75] [0:1.9130169153213501] [0:5.5] [0:1514.5833740234375] [0:3629.374267578125] [0:20080] [0:64.094169616699219] [0:213.12803649902344] [0:1424.933349609375] [0:1] [0:0.5] [0:1] [0:11.75] [0:8.999852180480957] [0:23.5] [86.913688659667969:746.5] [121.80548858642578:1966.15673828125] [770:20399] [0.24229581654071808:112.81253814697266] [1.5443668365478516:648.992919921875] [16.177778244018555:7651.12548828125] [0.4136904776096344:0.93154764175415039] [0.25252059102058411:0.4996810257434845] none [29.682167053222656:77.620216369628906] [37.65380859375:60.631172180175781] [124.17028045654297:167.5] [0:4046] none [0:1] none [0:1] [0:1425] [-1:1] [-1:1] [-0.97492790222167969:0.97492790222167969] [-0.90096884965896606:1] [0:1] [0:1] [6:29.75] [0:6473.95263671875] [0:1399] [0:1] [0:7641.4033203125] [0:1399] [0:1] [0:6145.65966796875] [0:1402] [0:1] [0:5630.2822265625] [0:1518] [0:1]
tree_sizes=1216 1338 1444 1449 1454 1458 1451 1451 1455 1447 1278 1453 1470 1458 1469 1469 1383 1464 1464 1453 1298 1469 1471 1186 1458 1461 1214 1471 1465 1461 1462 1376 1476 1462 1473 1476 1464 1387 1299 1473 1392 1391 1208 1459 1474 1472 1388 1465 1378 1297 1470 1301 1468 1467 1301 1380 1387 1471 1307 1479 1478 1112 1366 1464 1120 1121 1120 1270 1109 1200 1200 1118 1460 1201 858 1207 860 932 1187 1032 1115 1033 1276 1204 1486 1025 1111 1395 1029 939 1381 1373 1373 1381 1384 1212 1393 1476 1294 1389 1489 1482 1480 1476 1466 1299 953 948 1470 1306 1479 1390 1378 1295 1212 1396 1478 1458 1461 1211 1128 1368 1458 1463 1299 1389 1471 1398 1289 1460 1204 1308 1380 1126 1473 1202 1391 1464 1389 1469 1484 1292 1294 1378 1464 1299 1477 1391 1386 1306 1305 1466 1295 1311 1304 1215 1395 1301 1387 1483 1211 1124 1219 1296 1210 1119 1465 1197 1461 1467 1305 1198 1306 1301 1310 1470 1196 1197 1027 1369 1106 1199 937 1027 1300 1203 1215 953 1212 945 957 1110 1468 1463 1376 1462 1387 1472 1284 1290 1448 1452 1385 944 1202 1305 1457 1472 1128 1366 1222 1036 1207 1303 1207 1206 1116 1484 952 1479 1475 1488 963 1098 1017 1099 1195 1113 1199 1188 1104 1022 1029 1298 1212 1463 1469 1205 1475 1473 1370 1378 1311 1185 1389 1476 1117 1196 1288 1472 1296 1309 1392 1479 1205 1486 1480 1320 1490 1325 1217 1213 1303 1469 1477 1210 1048 1388 1126 1461 1311 1210 1119 1264 1100 1118 1112 1117 1375 1196 1283 1445 1022 1118 1115 1022 1464 1192 1217 1207 869 939 949 873 1275 945 871 856 687 769

Tree=0
num_leaves=13
num_cat=0
split_feature=29 23 26 25 53 25 40 55 40 50 10 40
split_gain=6.83609 1.19437 1.12064 1.3004 1.0233 1.39152 1.02978 0.960367 0.806316 0.789801 0.228584 0.210236
threshold=1574.5408325195315 21.501250267028812 4766.0000000000009 503.00648498535162 164.50000000000003 423.18370056152349 0.80526316165924083 25.935000419616703 0.59473684430122387 196.50000000000003 0.42468923330307012 0.56315791606903087
decision_type=2 2 2 2 2 2 2 2 2 2 2 2
left_child=1 7 3 -3 6 -6 8 11 -2 -4 -8 -1
right_child=4 2 9 -5 5 -7 10 -9 -10 -11 -12 -13
leaf_value=235.87212520333685 253.75216674046038 225.17101275375472 227.48705267897262 285.31478169827227 303.75460080325809 249.26079147334022 230.43139183236062 458.58073054829845 308.57118784122753 255.36538245096801 240.29193705668811 254.92199949292043
leaf_weight=110 2739 218 3575 144 44 54 155 59 411 65 218 72
leaf_count=110 2739 218 3575 144 44 54 155 59 411 65 218 72
internal_value=240.441 240.439 240.439 240.443 240.444 240.452 240.443 240.444 240.444 240.438 240.439 240.441
internal_weight=7864 4243 4002 362 3621 98 3523 241 3150 3640 373 182
internal_count=7864 4243 4002 362 3621 98 3523 241 3150 3640 373 182
is_linear=0
shrinkage=1


Tree=1
num_leaves=14
num_cat=0
split_feature=29 53 25 50 40 53 23 40 59 59 34 10 12
split_gain=5.9966 1.12152 1.39152 0.965267 0.963895 0.96063 0.802111 0.679579 0.543165 0.529663 0.473211 0.27322 0.017377
threshold=1818.159851074219 164.50000000000003 423.18370056152349 154.50000000000003 0.721052646636963 32.500000000000007 21.501250267028812 0.63684210181236278 7.5000000000000009 31.500000000000004 47.295478820800788 0.42468923330307012 340.75000000000006
decision_type=2 2 2 2 2 2 2 2 2 2 2 2 2
left_child=3 4 -3 6 7 12 9 -2 -7 -1 -8 -6 -5
right_child=1 2 -4 5 11 8 10 -9 -10 -11 -12 -13 -14
leaf_value=-4.1391973188620161 14.237217591839395 58.248475903059926 8.1141713195354974 -9.9670726366430724 -8.5365601228128671 23.176373786914105 -3.5250961918529242 91.520799825858418 145.17104411590688 141.93359251302354 -12.254237105115164 1.1890827804591186 -15.545562315350315
leaf_weight=128 2790 44 54 30 203 47 567 195 32 111 3342 282 39
leaf_count=128 2790 44 54 30 203 47 567 195 32 111 3342 282 39
internal_value=-0.000235983 0.00218773 0.0105859 -0.00224901 0.00194756 0.00408054 -0.00247578 0.00248493 0.01005 0.00201667 -0.0027509 -0.00135803 -0.0028
internal_weight=7864 3568 98 4296 3470 148 4148 2985 79 239 3909 485 69
internal_count=7864 3568 98 4296 3470 148 4148 2985 79 239 3909 485 69
is_linear=0
shrinkage=0.08


Tree=2
num_leaves=15
num_cat=0
split_feature=29 33 28 43 43 43 29 33 40 9 52 25 56 24
split_gain=5.33018 0.974468 1.46333 0.909074 0.861489 1.01746 0.981807 0.773713 0.621807 1.49637 0.545097 0.48934 0.72376 0.276617
threshold=1818.159851074219 57.247032165527351 56.40278625488282 -0.52778512239456166 -0.22695468366146085 -0.77259656786918629 3213.7216796875005 60.623920440673835 0.026315789669752124 0.24851852655410769 1.9927777647972109 573.83828735351574 67.500000000000014 173.91666412353518
decision_type=2 2 2 2 2 2 2 2 2 2 2 2 2 2
left_child=1 2 3 -1 5 7 -7 -2 9 -6 -10 12 -3 -13
right_child=4 11 -4 -5 8 6 -8 -9 10 -11 -12 13 -14 -15
leaf_value=41.567411445937779 6.3875912791515992 -7.9854352633075658 -5.2094073972582287 27.622758295611703 -0.86726178154851374 5.1600737066395963 65.884647655133293 80.678746224539651 -1.6093038873618934 75.372947260481965 9.8531880181359153 144.6141050065992 58.31514423868137 -11.644907423249288
leaf_weight=52 682 653 448 123 86 247 562 47 1168 36 740 45 75 2900
leaf_count=52 682 653 448 123 86 247 562 47 1168 36 740 45 75 2900
internal_value=-0.00027667 -0.00217454 0.000749999 0.00693182 0.0020084 0.003436 0.00538765 0.00126575 0.000925651 0.00643902 0.000569931 -0.00267066 -0.000812072 -0.00312967
internal_weight=7864 4296 623 175 3568 1538 809 729 2030 122 1908 3673 728 2945
internal_count=7864 4296 623 175 3568 1538 809 729 2030 122 1908 3673 728 2945
is_linear=0
shrinkage=0.08


Tree=3
num_leaves=15
num_cat=0
split_feature=29 33 30 12 23 1 4 55 58 50 59 34 51 55
split_gain=4.73763 0.715057 0.685216 0.804458 0.681489 0.644898 0.570859 0.462708 0.440319 0.431293 0.414088 0.372136 0.211538 0.0235893
threshold=1818.159851074219 56.657747268676765 0.74107143282890331 39.302083969116218 21.501250267028812 34.471046447753913 0.9434499740600587 2.7498611211776738 2.0069444179534917 158.00000000000003 42.500000000000007 47.295478820800788 1.0000000180025095e-35 0.0061111112590879211
decision_type=2 2 2 2 2 2 2 2 2 2 2 2 2 2
left_child=1 9 6 13 10 -5 8 -8 -2 12 -3 -6 -1 -4
right_child=2 4 3 5 11 -7 7 -9 -10 -11 -12 -13 -14 -15
leaf_value=28.785246633994756 9.03770707338753 -8.4888206606826628 -9.2150349981238744 60.872721061417934 -3.0891466979740994 22.614136316983803 12.65662126314038 48.767957626301772 -5.4918106618451956 41.56216833803618 160.64383179264414 -10.663742765723253 -1.5100261361836431 -14.767323337596821
leaf_weight=41 1101 125 30 237 486 1010 284 105 716 34 74 3304 232 85
leaf_count=41 1101 125 30 237 486 1010 284 105 716 34 74 3304 232 85
internal_value=-0.000459759 -0.00224901 0.00169459 0.00310491 -0.00253534 0.00369551 0.000822835 0.0036 0.000226622 0.00146753 0.00202 -0.00277499 0.00039416 -0.00327586
internal_weight=7864 4296 3568 1362 3989 1247 2206 389 1817 307 199 3790 273 115
internal_count=7864 4296 3568 1362 3989 1247 2206 389 1817 307 199 3790 273 115
is_linear=0
shrinkage=0.08


Tree=4
num_leaves=15
num_cat=0
split_feature=29 43 24 59 33 23 4 15 15 43 50 59 50 51
split_gain=3.80221 0.83084 0.777861 0.714818 0.686711 0.657734 0.554393 0.487816 0.505954 0.461771 0.431293 0.414088 0.358613 0.211538
threshold=1818.159851074219 -0.22695468366146085 151.65029144287112 100.50000000000001 56.657747268676765 21.501250267028812 0.9434499740600587 7.4385733604431161 0.17631945013999942 0.95642796158790599 158.00000000000003 42.500000000000007 120.50000000000001 1.0000000180025095e-35
decision_type=2 2 2 2 2 2 2 2 2 2 2 2 2 2
left_child=4 2 3 -2 10 11 -4 8 -3 -9 13 -6 -7 -1
right_child=1 7 6 -5 5 12 -8 9 -10 -11 -12 -13 -14 -15
leaf_value=26.482426903275172 39.490666373985228 13.339174004412953 11.889024279865549 80.406129158715018 -7.8097150078280491 -9.7703959382306618 69.377337916793593 12.962205353789075 -3.238766971473114 48.268980990835189 38.237194870993278 147.79232524923259 -0.32368669034542563 -1.3892240452889519
leaf_weight=41 114 440 1083 127 125 3517 214 219 1337 34 34 74 273 232
leaf_count=41 114 440 1083 127 125 3517 214 219 1337 34 34 74 273 232
internal_value=-0.000571647 0.00135836 0.00276023 0.00692562 -0.00217454 -0.00245514 0.00198151 0.00029542 -0.000173229 0.0035748 0.00146753 0.00202 -0.00269058 0.00039416
internal_weight=7864 3568 1538 241 4296 3989 1297 2030 1777 253 307 199 3790 273
internal_count=7864 3568 1538 241 4296 3989 1297 2030 1777 253 307 199 3790 273
is_linear=0
shrinkage=0.08


Tree=5
num_leaves=15
num_cat=0
split_feature=28 33 28 40 42 12 31 25 34 24 3 43 10 49
split_gain=3.1504 0.63616 0.889438 0.581498 0.545662 0.491699 0.5086 0.380743 0.650366 0.364643 0.322564 0.201297 0.153334 0.105972
threshold=135.33777618408206 57.247032165527351 56.40278625488282 0.721052646636963 0.84874749183654796 39.302083969116218 0.43639518320560461 573.83828735351574 47.017225265502937 686.50595092773449 3.6593171358108525 -0.097964655607938753 0.42468923330307012 5.4552776813507089
decision_type=2 2 2 2 2 2 2 2 2 2 2 2 2 2
left_child=1 2 4 5 -1 13 -7 8 -3 -9 12 -4 -5 -2
right_child=3 7 11 10 -6 6 -8 9 -10 -11 -12 -13 -14 -15
leaf_value=46.268742380840621 -11.288909090982918 21.606955175047187 -0.42695449518764578 -8.996313341845914 -2.1347231950439407 28.994878650087095 5.4597270159999161 -9.3863780456323411 -8.3073716238112016 0.92443981635540218 27.453150697445963 -8.5001191046078048 -2.4022002124421635 -2.4197662461137042
leaf_weight=117 124 172 158 208 58 1113 1944 2852 539 93 30 159 267 30
leaf_count=117 124 172 158 208 58 1113 1944 2852 539 93 30 159 267 30
internal_value=-0.000632677 -0.00214799 0.000551723 0.00105892 0.00511364 0.00145579 0.00167822 -0.00251135 -0.000848316 -0.00291242 -0.00146245 -0.00197484 -0.00197479 -0.00294194
internal_weight=7864 4148 492 3716 175 3211 3057 3656 711 2945 505 317 475 154
internal_count=7864 4148 492 3716 175 3211 3057 3656 711 2945 505 317 475 154
is_linear=0
shrinkage=0.08


Tree=6
num_leaves=15
num_cat=0
split_feature=29 23 33 0 43 43 49 16 59 59 15 15 51 42
split_gain=2.9978 0.569736 0.551793 0.61259 0.450929 0.584135 0.750933 0.46284 0.438798 0.89265 0.401497 0.49336 0.477773 0.278705
threshold=1818.159851074219 21.501250267028812 58.354330062866218 321.04167175292974 -0.22695468366146085 -0.77259656786918629 1.7129166722297671 0.70128789544105541 42.500000000000007 86.500000000000014 10.344360351562502 0.17631945013999942 1.0000000180025095e-35 -0.35206145048141474
decision_type=2 2 2 2 2 2 2 2 2 2 2 2 2 2
left_child=1 8 3 -3 5 7 -7 -2 13 -10 11 -6 -12 -1
right_child=4 2 -4 -5 10 6 -8 -9 9 -11 12 -13 -14 -15
leaf_value=11.574385457135156 76.782547386898983 1.0845114114425851 -8.5499021482720963 -10.094450569019278 12.432771683639755 65.862567298577446 3.0471664654743664 -3.1189808881013725 190.53036596848935 -51.031021022999695 43.966255855429836 -2.8747481718593604 13.298007611139887 -6.2370292124737103
leaf_weight=46 102 786 2362 907 440 512 297 627 36 38 34 1391 165 121
leaf_count=46 102 786 2362 907 440 512 297 627 36 38 34 1391 165 121
internal_value=-0.000714051 -0.00213731 -0.00236193 -0.00125856 0.000999719 0.00203249 0.00351111 0.00038904 0.00163636 0.00672 0.000216641 -0.000155023 0.00362 -0.000642858
internal_weight=7864 4296 4055 1693 3568 1538 809 729 241 74 2030 1831 199 167
internal_count=7864 4296 4055 1693 3568 1538 809 729 241 74 2030 1831 199 167
is_linear=0
shrinkage=0.08


Tree=7
num_leaves=15
num_cat=0
split_feature=29 33 0 53 58 58 58 58 34 58 21 40 12 26
split_gain=2.73236 0.542198 0.726727 0.670551 0.440011 0.524884 0.665147 0.474915 0.448033 0.31965 0.478598 0.262545 0.23793 0.102333
threshold=1818.159851074219 58.354330062866218 321.04167175292974 17.500000000000004 1.4231944084167483 21.068889617919925 24.490416526794437 0.89222222566604625 46.50856018066407 11.546666622161867 3.3745310306549077 0.036842105910182006 344.71875000000006 4766.0000000000009
decision_type=2 2 2 2 2 2 2 2 2 2 2 2 2 2
left_child=1 2 3 -1 7 11 -7 8 -2 13 -11 -6 -4 -3
right_child=4 9 12 -5 5 6 -8 -9 -10 10 -12 -13 -14 -15
leaf_value=-2.9595401988751973 17.842757523771933 -1.7052148036482162 10.451886578294493 16.034495031726664 40.224675828997313 88.471650505813813 3.5468930277964468 43.80877762252134 6.8881458330198226 84.178333329465318 -6.6472838010098529 -6.2095816332248592 -9.8055665743739482 -8.1425331890947934
leaf_weight=551 556 61 93 306 35 88 860 55 1251 55 314 723 814 2102
leaf_count=551 556 61 93 306 35 88 860 55 1251 55 314 723 814 2102
internal_value=-0.000815767 -0.00217454 -0.00109688 0.000573426 0.000820397 -0.000107792 0.00114647 0.00167042 0.00144469 -0.0029246 -0.000745947 -0.00167589 -0.00267401 -0.00329575
internal_weight=7864 4296 1764 857 3568 1706 948 1862 1807 2532 369 758 907 2163
internal_count=7864 4296 1764 857 3568 1706 948 1862 1807 2532 369 758 907 2163
is_linear=0
shrinkage=0.08


Tree=8
num_leaves=15
num_cat=0
split_feature=29 33 0 52 40 40 36 58 17 21 55 10 25 23
split_gain=2.57119 0.479662 0.81928 0.545312 0.477332 0.566669 0.67717 0.371254 0.330441 0.255564 0.455926 0.229196 0.405936 0.137723
threshold=1818.159851074219 59.031658172607429 321.04167175292974 4.8016667366027841 0.721052646636963 0.63684210181236278 1.5000000000000002 1.4231944084167483 152.16110992431643 2.979233026504517 16.321389198303226 0.42468923330307012 427.17300415039068 21.963472366333011
decision_type=2 2 2 2 2 2 2 2 2 2 2 2 2 2
left_child=1 2 3 -1 5 7 -7 -2 -4 10 -3 -6 -13 -11
right_child=4 9 8 -5 11 6 -8 -9 -10 13 -12 12 -14 -15
leaf_value=-2.3497353374396979 14.587410176737022 -9.2386201562145498 -9.0437721355643266 13.522644987058484 -9.5524608892234593 70.232304653326779 50.451144916109889 -0.92570167763679101 -0.47208823914300641 -5.0118214983844629 41.721990563211833 26.747830830826569 -3.9491073101928906 -7.5110252992159179
leaf_weight=579 1357 54 974 414 207 44 155 1517 282 118 43 32 256 1832
leaf_count=579 1357 54 974 414 207 44 155 1517 282 118 43 32 256 1832
internal_value=-0.000856454 -0.00217454 -0.00136711 0.0003501 0.000730736 0.00110215 0.00522 0.000815303 -0.00272395 -0.00306055 0.000938775 -0.00157258 -0.000110728 -0.00325987
internal_weight=7864 4296 2249 993 3568 3073 199 2874 1256 2047 97 495 288 1950
internal_count=7864 4296 2249 993 3568 3073 199 2874 1256 2047 97 495 288 1950
is_linear=0
shrinkage=0.08


Tree=9
num_leaves=15
num_cat=0
split_feature=29 33 23 55 31 28 52 34 40 40 50 49 56 42
split_gain=2.33862 0.545637 0.432002 0.498889 0.425214 0.667687 0.597478 0.367232 0.361948 0.304767 0.180828 0.0772092 0.156504 0.0265971
threshold=1818.159851074219 55.900156021118171 21.501250267028812 26.558471679687504 0.49871392548084265 502.04315185546881 5.6240277290344247 47.295478820800788 0.721052646636963 0.10000000149011613 158.00000000000003 0.0054166666232049474 1.5000000000000002 0.93540480732917797
decision_type=2 2 2 2 2 2 2 2 2 2 2 2 2 2
left_child=1 9 3 -3 5 8 -7 -4 -2 -1 -11 13 -13 -6
right_child=4 2 7 -5 11 6 -8 -9 -10 10 -12 12 -14 -15
leaf_value=29.051934144353964 6.1809313135027582 -4.8448834727491894 -1.2412799603600706 144.6287861501439 -11.931168611896174 50.830855830556111 38.18226964618642 -6.7364860374771833 -4.1480993808768174 -1.8316646917657184 30.28505942845624 207.23623590121818 -7.3871199551762707 -11.695376047854202
leaf_weight=31 2675 145 486 54 139 157 39 3339 432 209 32 49 47 30
leaf_count=31 2675 145 486 54 139 157 39 3339 432 209 32 49 47 30
internal_value=-0.000917483 -0.00217454 -0.00240895 0.00122 0.000596244 0.000843825 0.00536041 -0.00259801 0.000557271 0.00128938 0.000314049 -0.0024812 -0.000659795 -0.00350588
internal_weight=7864 4296 4024 199 3568 3303 196 3825 3107 272 241 265 96 169
internal_count=7864 4296 4024 199 3568 3303 196 3825 3107 272 241 265 96 169
is_linear=0
shrinkage=0.08


Tree=10
num_leaves=13
num_cat=0
split_feature=29 53 40 40 36 33 56 56 40 10 25 30
split_gain=2.1177 0.734892 0.479201 0.501562 0.741773 0.468151 0.359341 0.344598 0.326761 0.194094 0.433171 0.0277781
threshold=1818.159851074219 185.50000000000003 0.721052646636963 0.63684210181236278 1.5000000000000002 55.900156021118171 67.500000000000014 100.50000000000001 0.10000000149011613 0.42468923330307012 427.17300415039068 0.50000000000000011
decision_type=2 2 2 2 2 2 2 2 2 2 2 2
left_child=1 5 3 7 -5 8 -7 -2 -1 11 -11 -4
right_child=2 -3 9 4 -6 6 -8 -9 -10 10 -12 -13
leaf_value=26.727779412805649 5.1028888566647215 8.5021193592850732 -7.4005054507633989 64.119245775980403 44.848987186880478 -6.0109017000180822 -2.1380254271954842 -14.698041834240437 -1.0434359672712252 24.939852314830592 -3.761330246950124 -11.28782139436511
leaf_weight=31 2691 59 30 44 155 3483 484 183 239 32 256 177
leaf_count=31 2691 59 30 44 155 3483 484 183 239 32 256 177
internal_value=-0.000866625 -0.00206284 0.000573829 0.000945998 0.00482 -0.00218688 -0.00240625 0.000676173 0.00103321 -0.00173387 -0.000387544 -0.00359615
internal_weight=7864 4296 3568 3073 199 4237 3967 2874 270 495 288 207
internal_count=7864 4296 3568 3073 199 4237 3967 2874 270 495 288 207
is_linear=0
shrinkage=0.08


Tree=11
num_leaves=15
num_cat=0
split_feature=28 33 27 53 40 12 12 27 40 18 3 44 49 49
split_gain=1.71174 0.55002 0.726878 0.688023 0.486995 0.458722 0.424616 0.321763 0.455092 0.290064 0.173205 0.12289 0.0954154 0.0286226
threshold=135.33777618408206 59.031658172607429 50.278009414672859 15.500000000000002 0.721052646636963 47.593750000000007 371.14584350585943 1.936526417732239 0.37368421256542211 0.21875000000000003 3.6593171358108525 -0.60785761475563038 14.350138664245607 116.05777740478517
decision_type=2 2 2 2 2 2 2 2 2 2 2 2 2 2
left_child=1 2 3 -1 5 12 -7 8 -3 -9 11 -6 -2 -4
right_child=4 7 13 -5 10 6 -8 9 -10 -11 -12 -13 -14 -15
leaf_value=-3.0179294010444528 -10.565210174336883 -6.6595724792687472 -7.327142762009883 4.6314202304727354 -0.069791286170211755 12.786354758415012 -2.7707498405289925 3.9113018820361476 6.644161264208658 -6.3879217316638011 25.49014345996514 -5.5620361120779744 21.912817796006522 -7.9017046944631915
leaf_weight=1132 182 40 448 506 65 2309 690 91 39 1860 30 410 30 32
leaf_count=1132 182 40 448 506 65 2309 690 91 39 1860 30 410 30 32
internal_value=-0.000876797 -0.00199373 -0.00109108 -0.000287981 0.00037019 0.000733498 0.000987999 -0.00293452 0.00205 -0.0031373 -0.00193676 -0.00231093 -0.00285446 -0.00382536
internal_weight=7864 4148 2118 1638 3716 3211 2999 2030 79 1951 505 475 212 480
internal_count=7864 4148 2118 1638 3716 3211 2999 2030 79 1951 505 475 212 480
is_linear=0
shrinkage=0.08


Tree=12
num_leaves=15
num_cat=0
split_feature=29 7 33 27 0 26 55 40 13 35 10 17 30 40
split_gain=1.63335 0.473289 0.711851 0.532554 0.504546 0.345768 0.377678 0.326602 0.452246 0.501202 0.262553 0.198532 0.135596 0.0252083
threshold=1818.159851074219 0.37267799675464636 59.031658172607429 1.936526417732239 370.50000000000006 4766.0000000000009 16.321389198303226 0.74210524559021007 69.840774536132827 165.94013977050784 0.42468923330307012 51.149999618530281 0.76636904478073131 0.54210525751113903
decision_type=2 2 2 2 2 2 2 2 2 2 2 2 2 2
left_child=1 5 4 -4 -3 6 -1 8 13 -10 -9 -12 -7 -2
right_child=7 2 3 -5 -6 12 -8 10 9 -11 11 -13 -14 -15
leaf_value=-7.5525644864183095 -16.044645976197604 1.3402303386730028 3.3337051373534292 -6.7710855034568382 -6.1927909232661955 -4.3769825843294852 17.296993334193171 -7.6488801668573316 41.10935959571335 3.0943112200957059 -3.899362314389248 7.520005464932269 -5.9592736747692241 -18.442476844817435
leaf_weight=100 131 901 52 1135 450 287 57 186 435 2521 154 110 1314 31
leaf_count=100 131 901 52 1135 450 287 57 186 435 2521 154 110 1314 31
internal_value=-0.000937827 -0.00198836 -0.0012887 -0.00271717 -3.25453e-05 -0.00299716 0.000582278 0.000327262 0.000618146 0.000844098 -0.00168515 -6.03783e-05 -0.00334832 -0.00348466
internal_weight=7864 4296 2538 1187 1351 1758 157 3568 3118 2956 450 264 1601 162
internal_count=7864 4296 2538 1187 1351 1758 157 3568 3118 2956 450 264 1601 162
is_linear=0
shrinkage=0.08


Tree=13
num_leaves=15
num_cat=0
split_feature=29 33 0 52 17 43 24 56 59 40 27 22 21 53
split_gain=1.40004 0.555292 0.732448 0.538404 0.435627 0.345495 0.663418 0.508092 0.394346 0.292879 1.55218 0.318188 0.236021 0.700588
threshold=1818.159851074219 59.031658172607429 349.08332824707037 22.8529167175293 152.16110992431643 -0.22695468366146085 151.65029144287112 6.5000000000000009 93.500000000000014 0.14210525900125506 24.966683387756351 7.4113485813140878 2.979233026504517 27.500000000000004
decision_type=2 2 2 2 2 2 2 2 2 2 2 2 2 2
left_child=1 2 3 -1 -4 6 8 -8 -2 10 -7 -11 13 -3
right_child=5 12 4 -5 -6 9 7 -9 -10 11 -12 -13 -14 -15
leaf_value=-1.1771598103383967 23.119127660678082 -7.5548221872638104 -6.2429555855254488 10.587787030814514 0.19090499176280989 95.089700665386516 15.15183834364969 -8.9277471554533587 70.774604850525563 -6.409350265504143 -2.7121001350137521 4.4048253452815445 -4.9142061389589138 48.79041479452075
leaf_weight=853 106 64 878 236 282 53 1011 286 135 826 662 489 1950 33
leaf_count=853 106 64 878 236 282 53 1011 286 135 826 662 489 1950 33
internal_value=-0.000978513 -0.00195113 -0.00108267 0.000407338 -0.00248062 0.00019277 0.00109682 0.000379044 0.00494215 -0.000492369 0.000810055 -0.00120061 -0.0029043 0.000938775
internal_weight=7864 4296 2249 1089 1160 3568 1538 1297 241 2030 715 1315 2047 97
internal_count=7864 4296 2249 1089 1160 3568 1538 1297 241 2030 715 1315 2047 97
is_linear=0
shrinkage=0.08


Tree=14
num_leaves=15
num_cat=0
split_feature=29 7 33 27 27 40 40 18 13 26 55 10 25 30
split_gain=1.28536 0.465592 0.612736 0.514517 0.424282 0.311632 0.4262 0.549188 0.391436 0.246982 0.262423 0.223491 0.198739 0.168331
threshold=1818.159851074219 0.37267799675464636 59.031658172607429 1.936526417732239 50.278009414672859 0.74210524559021007 0.60526317358016979 0.40625000000000006 69.840774536132827 4766.0000000000009 2.3009722232818608 0.42468923330307012 997.01916503906261 0.76636904478073131
decision_type=2 2 2 2 2 2 2 2 2 2 2 2 2 2
left_child=1 9 4 -4 -3 6 8 -8 -2 10 -1 -7 -13 -11
right_child=5 2 3 -5 -6 11 7 -9 -10 13 -12 12 -14 -15
leaf_value=-6.6067241769024649 -14.716508358683848 0.42045651466713146 3.4601452174818679 -5.8362621720635772 -5.6819428043691502 -6.7405071524264102 58.136151711731529 -17.925275682098544 3.0219193949877678 -3.5905019063558625 9.4766642262267027 -1.8920562490876134 21.295947448111825 -5.0596580275717757
leaf_weight=62 144 1159 52 1135 192 186 255 56 2663 287 95 230 34 1314
leaf_count=62 144 1159 52 1135 192 186 255 56 2663 287 95 230 34 1314
internal_value=-0.0010192 -0.00195113 -0.00125719 -0.00258249 -9.17169e-05 0.000103109 0.000387303 0.00319231 7.54976e-05 -0.00295168 7.59484e-05 -0.00186253 -0.000362265 -0.00324844
internal_weight=7864 4296 2538 1187 1351 3568 3118 311 2807 1758 157 450 264 1601
internal_count=7864 4296 2538 1187 1351 3568 3118 311 2807 1758 157 450 264 1601
is_linear=0
shrinkage=0.08


Tree=15
num_leaves=15
num_cat=0
split_feature=29 7 33 27 27 43 24 56 55 7 54 36 1 56
split_gain=1.25746 0.465592 0.612736 0.514517 0.424282 0.312761 0.500547 0.487252 0.392697 0.273417 0.33417 0.250917 0.238227 0.500507
threshold=1818.159851074219 0.37267799675464636 59.031658172607429 1.936526417732239 50.278009414672859 -0.22695468366146085 151.65029144287112 6.5000000000000009 66.719444274902358 0.40284535288810736 1.0000000180025095e-35 14.500000000000002 339.55279541015631 84.500000000000014
decision_type=2 2 2 2 2 2 2 2 2 2 2 2 2 2
left_child=1 12 4 -4 -3 6 8 -8 -2 11 -11 -7 -1 -14
right_child=5 2 3 -5 -6 9 7 -9 -10 10 -12 -13 13 -15
leaf_value=-5.4881368842744065 66.800780149549851 0.38681999349376051 3.1833336000833174 -5.369361198298491 -5.2273873800196178 -5.4221956159805478 12.148239071964639 -8.4552809346161126 -16.866823152158478 12.396864540912903 1.0400047750780446 0.3374278797241273 -2.734488505626266 43.025783942928292
leaf_weight=1071 209 1159 52 1135 192 911 1011 286 32 61 571 487 653 34
leaf_count=1071 209 1159 52 1135 192 911 1011 286 32 61 571 487 653 34
internal_value=-0.00102937 -0.00195113 -0.00125719 -0.00258249 -9.17169e-05 8.06939e-05 0.00094087 0.00031741 0.00428099 -0.000571148 0.000808846 -0.00119514 -0.00295168 -0.00178488
internal_weight=7864 4296 2538 1187 1351 3568 1538 1297 241 2030 632 1398 1758 687
internal_count=7864 4296 2538 1187 1351 3568 1538 1297 241 2030 632 1398 1758 687
is_linear=0
shrinkage=0.08


Tree=16
num_leaves=14
num_cat=0
split_feature=29 7 33 27 27 58 58 13 22 15 1 56 50
split_gain=1.20717 0.440914 0.612736 0.424282 0.33246 0.307227 0.600626 0.416842 0.356744 0.364309 0.21994 0.500507 0.113975
threshold=1818.159851074219 0.37267799675464636 59.031658172607429 50.278009414672859 1.936526417732239 1.4231944084167483 0.89222222566604625 1453.0163574218752 8.8598527908325213 9.3987879753112811 339.55279541015631 84.500000000000014 178.50000000000003
decision_type=2 2 2 2 2 2 2 2 2 2 2 2 2
left_child=1 10 3 -3 -4 6 7 -2 9 -7 12 -12 -1
right_child=5 2 4 -5 -6 8 -8 -9 -10 -11 11 -13 -14
leaf_value=-5.0691817276506956 0.21887463803017793 0.35587439401425974 2.9286669120766509 -4.8091963896180481 -4.9398123024346114 -5.5211774125642288 35.762058935883061 31.022303183631571 53.124934879879596 33.115224380821729 -2.5157294251761653 39.583721227494024 -1.2372746425911221
leaf_weight=1040 1606 1159 52 192 1135 1472 55 201 47 187 653 34 31
leaf_count=1040 1606 1159 52 192 1135 1472 55 201 47 187 653 34 31
internal_value=-0.00102937 -0.00193251 -0.00125719 -9.17169e-05 -0.00258249 5.82787e-05 0.000768652 0.000515486 -0.000717048 -0.000913254 -0.0029062 -0.00178488 -0.00362314
internal_weight=7864 4296 2538 1351 1187 3568 1862 1807 1706 1659 1758 687 1071
internal_count=7864 4296 2538 1351 1187 3568 1862 1807 1706 1659 1758 687 1071
is_linear=0
shrinkage=0.08


Tree=17
num_leaves=15
num_cat=0
split_feature=29 33 27 27 2 40 13 40 11 18 42 27 25 40
split_gain=1.21642 0.444426 0.635592 0.458622 0.369446 0.30371 0.395837 0.396948 0.253175 0.224563 0.282898 0.231784 0.214978 0.0250819
threshold=1818.159851074219 59.031658172607429 44.908422470092781 7.542522907257081 697.00000000000011 0.721052646636963 69.840774536132827 0.61578947305679332 1.3980555534362795 0.26041667163372045 -0.9103761315345763 1.936526417732239 427.17300415039068 0.52105262875556957
decision_type=2 2 2 2 2 2 2 2 2 2 2 2 2 2
left_child=1 2 3 -1 -4 6 13 -8 -7 10 -3 -11 -10 -2
right_child=5 9 4 -5 -6 8 7 -9 12 11 -12 -13 -14 -15
leaf_value=-5.5087893863226123 -13.165698581763593 15.397953749527337 -1.0831106448216643 2.6033977646594924 -4.4962026382232434 -7.9849398258949735 1.2691401942595415 56.255046076225035 21.462984729787859 2.694373559110518 -1.0991295305902815 -4.6561767404466137 -2.2634022674148309 -8.2945168637273348
leaf_weight=174 128 30 506 939 630 194 2690 224 32 52 298 1667 269 31
leaf_count=174 128 30 506 939 630 194 2690 224 32 52 298 1667 269 31
internal_value=-0.000988685 -0.00189528 -0.00111822 0.000240574 -0.00244855 0.000103109 0.000399479 0.000612006 -0.00173387 -0.00274805 -0.000826749 -0.00311395 -0.000278147 -0.003475
internal_weight=7864 4296 2249 1113 1136 3568 3073 2914 495 2047 328 1719 301 159
internal_count=7864 4296 2249 1113 1136 3568 3073 2914 495 2047 328 1719 301 159
is_linear=0
shrinkage=0.08


Tree=18
num_leaves=15
num_cat=0
split_feature=29 7 33 12 40 12 40 56 1 56 11 25 50 40
split_gain=1.17976 0.468009 0.458421 0.369259 0.353287 0.367189 0.316194 0.282339 0.248557 0.517055 0.232447 0.218433 0.124858 0.0259716
threshold=1318.4087524414065 0.37267799675464636 59.031658172607429 340.75000000000006 0.721052646636963 39.302083969116218 0.61578947305679332 1.5000000000000002 339.55279541015631 84.500000000000014 1.3980555534362795 398.49481201171881 178.50000000000003 0.51052629947662365
decision_type=2 2 2 2 2 2 2 2 2 2 2 2 2 2
left_child=1 8 3 -3 5 13 -7 -4 12 -10 -6 -12 -1 -2
right_child=4 2 7 -5 10 6 -8 -9 9 -11 11 -13 -14 -15
leaf_value=-4.3486736675406918 -8.8899509864638073 9.1069836954826666 -4.3618614687701784 -1.5372731732006568 -7.7244297169556528 0.58234632913838946 44.290756222447584 -0.65328546231343443 -2.3397663485908904 37.608218421674387 18.244888666394463 -2.3083498589611167 -0.91569403653324632 -3.4623663484241907
leaf_weight=964 124 527 864 718 205 2925 254 266 600 33 33 291 30 30
leaf_count=964 124 527 864 718 205 2925 254 266 600 33 33 291 30 30
internal_value=-0.00095817 -0.00192056 -0.0012037 -0.000144463 3.93467e-05 0.00034433 0.000529559 -0.00236959 -0.0029656 -0.0017224 -0.00187925 -0.000541539 -0.00375477 -0.00345807
internal_weight=7864 4002 2375 1245 3862 3333 3179 1130 1627 633 529 324 994 154
internal_count=7864 4002 2375 1245 3862 3333 3179 1130 1627 633 529 324 994 154
is_linear=0
shrinkage=0.08


Tree=19
num_leaves=15
num_cat=0
split_feature=29 7 59 24 53 40 40 44 12 1 53 11 25 50
split_gain=1.039 0.469521 0.445945 0.624764 0.347916 0.292901 0.301559 0.583069 0.282412 0.260033 0.709963 0.182881 0.218433 0.120935
threshold=1318.4087524414065 0.37267799675464636 1.5000000000000002 334.07290649414068 135.50000000000003 0.721052646636963 0.60526317358016979 -0.87837970256805409 39.302083969116218 339.55279541015631 27.500000000000004 1.3980555534362795 398.49481201171881 178.50000000000003
decision_type=2 2 2 2 2 2 2 2 2 2 2 2 2 2
left_child=1 9 4 -4 -3 6 8 -8 -2 13 -11 -7 -13 -1
right_child=5 2 3 -5 -6 11 7 -9 -10 10 -12 12 -14 -15
leaf_value=-4.0007797741374365 -7.7287377657209166 -3.3355183700543654 38.319443956034938 -2.3227075294552275 10.443420579422916 -7.1064753395992 144.0992720054688 12.327851073368288 0.58116868609949157 -2.4080830016269319 8.8861829214074213 16.785297573082907 -2.1236818702442268 -0.84243851361058719
leaf_weight=964 142 1589 148 595 43 205 33 264 2894 545 88 33 291 30
leaf_count=964 142 1589 148 595 43 205 33 264 2894 545 88 33 291 30
internal_value=-0.000917483 -0.00182064 -0.00110269 0.000521504 -0.00184201 1.86374e-05 0.00029634 0.00272483 5.7951e-05 -0.00286732 -0.00159622 -0.0017283 -0.000541539 -0.00367437
internal_weight=7864 4002 2375 743 1632 3862 3333 297 3036 1627 633 529 324 994
internal_count=7864 4002 2375 743 1632 3862 3333 297 3036 1627 633 529 324 994
is_linear=0
shrinkage=0.08


Tree=20
num_leaves=13
num_cat=0
split_feature=29 7 21 29 58 58 22 30 55 59 6 17
split_gain=1.0083 0.495087 0.462866 0.409277 0.289725 0.606972 0.356744 0.363477 0.296154 0.20125 0.202521 0.0311059
threshold=1818.159851074219 0.37267799675464636 5.9733421802520761 789.28930664062511 1.4231944084167483 0.89222222566604625 8.8598527908325213 0.8080357313156129 13.46138906478882 111.50000000000001 1.0000000180025095e-35 196.82111358642581
decision_type=2 2 2 2 2 2 2 2 2 2 2 2
left_child=1 9 3 -3 5 8 7 -6 -2 10 -1 -4
right_child=4 2 11 -5 6 -7 -8 -9 -10 -11 -12 -13
leaf_value=-0.98439705627251894 7.6978484055905803 0.39819017138163049 -3.7365798461039663 -3.1929079279507819 -4.9126877380055491 32.706481804252626 48.680327672729426 13.00334588325819 -8.7049810076301259 2.3592008756259424 -3.755195401722812 -7.9828563107984545
leaf_weight=341 1466 949 300 1195 1454 55 47 205 341 32 1385 94
leaf_count=341 1466 949 300 1195 1454 55 47 205 341 32 1385 94
internal_value=-0.00095817 -0.00178357 -0.00106814 -0.000604197 3.58634e-05 0.00072571 -0.000717048 -0.000913254 0.000471238 -0.00281524 -0.00293225 -0.00358481
internal_weight=7864 4296 2538 2144 3568 1862 1706 1659 1807 1758 1726 394
internal_count=7864 4296 2538 2144 3568 1862 1706 1659 1807 1758 1726 394
is_linear=0
shrinkage=0.08


Tree=21
num_leaves=15
num_cat=0
split_feature=29 7 21 29 40 13 35 1 22 10 25 50 49 17
split_gain=0.935123 0.539727 0.474537 0.38808 0.312651 0.277564 0.338879 0.20238 0.324858 0.161879 0.183867 0.11044 0.102582 0.0311059
threshold=1818.159851074219 0.37267799675464636 5.9733421802520761 589.89971923828136 0.721052646636963 69.840774536132827 165.94013977050784 339.55279541015631 7.9884428977966317 0.42468923330307012 997.01916503906261 178.50000000000003 5.4552776813507089 196.82111358642581
decision_type=2 2 2 2 2 2 2 2 2 2 2 2 2 2
left_child=1 7 3 -3 5 12 -7 11 -9 -6 -11 -1 -2 -4
right_child=4 2 13 -5 9 6 -8 8 -10 10 -12 -13 -14 -15
leaf_value=-3.3973962820935246 -10.435952047049014 0.4871170126995662 -3.4376534584156491 -2.7401365210738868 -6.1147238180860484 24.277428149733087 0.27669717984648018 -0.10035770380971734 -4.3000482094102939 -2.2539652488164443 15.943984636337417 -0.96598546402183449 0.047109827769244286 -7.3442278059345778
leaf_weight=1040 128 730 300 1414 207 429 2485 344 343 251 37 31 31 94
leaf_count=1040 128 730 300 1414 207 429 2485 344 343 251 37 31 31 94
internal_value=-0.000988685 -0.00178357 -0.00103663 -0.000566901 -3.13823e-05 0.000269355 0.00044734 -0.00286072 -0.00178488 -0.00189516 -0.000664361 -0.00354851 -0.002975 -0.00358481
internal_weight=7864 4296 2538 2144 3568 3073 2914 1758 687 495 288 1071 159 394
internal_count=7864 4296 2538 2144 3568 3073 2914 1758 687 495 288 1071 159 394
is_linear=0
shrinkage=0.08


Tree=22
num_leaves=15
num_cat=0
split_feature=29 7 21 53 40 58 58 22 59 6 11 25 17 34
split_gain=0.849565 0.531503 0.486352 0.362212 0.247324 0.290462 0.646198 0.405541 0.20125 0.202521 0.16908 0.174295 0.0311059 0.0233617
threshold=1818.159851074219 0.37267799675464636 5.9733421802520761 185.50000000000003 0.721052646636963 1.4231944084167483 0.89222222566604625 8.8598527908325213 111.50000000000001 1.0000000180025095e-35 1.3980555534362795 997.01916503906261 196.82111358642581 53.083152770996101
decision_type=2 2 2 2 2 2 2 2 2 2 2 2 2 2
left_child=1 8 3 -3 5 6 -2 -7 9 -1 13 -12 -4 -6
right_child=4 2 12 -5 10 7 -8 -9 -10 -11 11 -13 -14 -15
leaf_value=-0.89761667546594026 5.9456526473643168 -1.1842358232073438 -3.1626411817423969 8.2369755821247956 -5.8872058216713974 -4.0584008900428952 33.175380972326899 47.745089600252868 2.3235632167984623 -3.1829880670175048 -2.0583109405906463 14.668465865430424 -6.7566895814598116 -1.874552689818151
leaf_weight=341 1457 2110 300 34 160 1521 52 43 32 1385 264 37 94 34
leaf_count=341 1457 2110 300 34 160 1521 52 43 32 1385 264 37 94 34
internal_value=-0.000988685 -0.00174634 -0.00100512 -0.000529605 -7.62128e-05 0.000191281 0.000982781 -0.000572525 -0.00281524 -0.00293225 -0.00173387 -0.000543047 -0.00358481 -0.00356923
internal_weight=7864 4296 2538 2144 3568 3073 1509 1564 1758 1726 495 301 394 194
internal_count=7864 4296 2538 2144 3568 3073 1509 1564 1758 1726 495 301 394 194
is_linear=0
shrinkage=0.08


Tree=23
num_leaves=12
num_cat=0
split_feature=0 13 40 17 55 33 0 25 30 43 14
split_gain=0.880575 0.551649 0.735552 0.488852 0.504479 0.454784 0.433731 0.34399 0.375427 0.346841 0.2473
threshold=370.50000000000006 1453.0163574218752 0.721052646636963 789.28930664062511 16.321389198303226 59.031658172607429 179.75000000000003 1739.1350708007815 0.76636904478073131 -0.35206145048141474 1190.5000000000002
decision_type=2 2 2 2 2 2 2 2 2 2 2
left_child=1 3 6 5 -5 -1 -3 8 9 -2 -10
right_child=7 2 -4 4 -6 -7 -8 -9 10 -11 -12
leaf_value=-0.43991558468952813 5.3150627201635086 -3.20435396156455 9.841452674363282 19.3980933704152 -7.9789936384626525 -2.0465796992736931 50.668696457219603 9.5400007373196267 -3.310687059790371 -4.0511123830351563 -2.9301860062811089
leaf_weight=3774 324 85 34 79 31 1551 49 32 187 577 1141
leaf_count=3774 324 85 34 79 31 1551 49 32 187 577 1141
internal_value=-0.000968342 -0.000430408 0.004071 -0.000570273 0.00468468 -0.000679686 0.00136296 -0.00230062 -0.00241973 -0.00115743 -0.00327464
internal_weight=7864 5603 168 5435 110 5325 134 2261 2229 901 1328
internal_count=7864 5603 168 5435 110 5325 134 2261 2229 901 1328
is_linear=0
shrinkage=0.08


Tree=24
num_leaves=15
num_cat=0
split_feature=0 13 55 1 33 53 40 13 47 30 17 43 43 58
split_gain=0.795627 0.454321 0.418519 0.493562 0.417201 0.671399 0.40263 0.303001 0.297619 0.23042 0.239968 0.212429 0.242295 0.18406
threshold=370.50000000000006 1453.0163574218752 0.22930555045604709 54.089498519897468 59.031658172607429 185.50000000000003 0.74210524559021007 1878.9898071289065 1.0000000180025095e-35 0.76636904478073131 190.96944427490237 0.29012925922870642 -0.41248606145381922 99.653888702392592
decision_type=2 2 2 2 2 2 2 2 2 2 2 2 2 2
left_child=1 4 8 -4 6 -6 -1 9 -3 13 -11 12 -9 -2
right_child=7 2 3 -5 5 -7 -8 11 -10 10 -12 -13 -14 -15
leaf_value=0.35883555081626384 -3.1982105579252886 -4.5666783356416216 -4.3769693882543166 39.449843507150909 -1.9637115716561377 26.779999756702352 -4.6749216954206672 -0.30201562071191562 22.479670845644268 -2.7019870875929537 -3.2284444020433036 -5.3439351119196976 27.676351703077458 9.5249697126372848
leaf_weight=3353 709 50 30 32 1526 48 508 65 56 1077 228 91 50 41
leaf_count=3353 709 50 30 32 1526 48 508 65 56 1077 228 91 50 41
internal_value=-0.000998857 -0.00048751 0.00359763 0.0087619 -0.000614423 -0.00171175 -0.000166754 -0.00226525 0.000523364 -0.00255837 -0.00320061 0.000657004 0.00293103 -0.00143808
internal_weight=7864 5603 168 62 5435 1574 3861 2261 106 2055 1305 206 115 750
internal_count=7864 5603 168 62 5435 1574 3861 2261 106 2055 1305 206 115 750
is_linear=0
shrinkage=0.08


Tree=25
num_leaves=15
num_cat=0
split_feature=29 23 43 34 40 9 12 52 45 12 52 53 23 36
split_gain=0.768111 0.540884 0.4832 0.45012 0.798861 0.316475 0.285598 0.38832 0.873298 0.356486 0.255765 0.221656 0.188326 0.165772
threshold=1818.159851074219 21.501250267028812 0.95642796158790599 47.295478820800788 0.18421053141355517 0.21464119851589206 375.32292175292974 4.0054166316986093 -0.56174489110708226 53.593750000000007 136.32985687255862 2.5000000000000004 22.472083091735843 1.0000000180025095e-35
decision_type=2 2 2 2 2 2 2 2 2 2 2 2 2 2
left_child=1 2 11 4 -3 -5 9 13 -9 12 -11 -1 -2 -8
right_child=6 3 -4 5 -6 -7 7 8 -10 10 -12 -13 -14 -15
leaf_value=17.372257413542769 5.2495414909093983 20.058270698927359 89.243754098452982 -2.2695015592287779 -2.9170165112519415 -2.2740284392652743 0.15203733168758504 58.31342767615763 -9.406040965738196 8.1264411945741877 -14.340752214703475 -5.5368092391815438 -8.2127690581239037 -10.533922361211777
leaf_weight=135 46 121 31 1510 487 1937 117 91 133 2229 132 75 372 448
leaf_count=135 46 121 31 1510 487 1937 117 91 133 2229 132 75 372 448
internal_value=-0.000988685 -0.0017091 0.00196694 -0.00192801 7.88168e-05 -0.0022819 -0.000121043 -0.00146329 0.00135111 0.000260431 0.000641828 0.000568719 -0.00189022 -0.00257951
internal_weight=7864 4296 241 4055 608 3447 3568 789 224 2779 2361 210 418 565
internal_count=7864 4296 241 4055 608 3447 3568 789 224 2779 2361 210 418 565
is_linear=0
shrinkage=0.08


Tree=26
num_leaves=12
num_cat=0
split_feature=0 33 53 0 40 25 30 43 42 14 9
split_gain=0.745894 0.406909 0.645911 0.387037 0.377736 0.335114 0.314045 0.346841 0.287015 0.215286 0.178968
threshold=370.50000000000006 59.031658172607429 185.50000000000003 279.12500000000006 0.721052646636963 1739.1350708007815 0.76636904478073131 -0.35206145048141474 0.84874749183654796 1190.5000000000002 0.12857639044523242
decision_type=2 2 2 2 2 2 2 2 2 2 2
left_child=1 4 3 -3 8 6 7 -2 -1 -8 -6
right_child=5 2 -4 -5 10 -7 9 -9 -10 -11 -12
leaf_value=3.0659939618754168 3.9897880336456657 -2.3674354820158441 23.987484480600219 1.0169180887755833 -4.8838748115091644 8.0305648341504465 -2.6056342677024551 -3.2892442726170974 -2.7647957829227261 -2.3397073227890575 -0.97884546901022595
leaf_weight=2324 324 1435 48 143 184 32 187 577 1074 1141 395
leaf_count=2324 324 1435 48 143 184 32 187 577 1074 1141 395
internal_value=-0.000968342 -0.000473234 -0.00153903 -0.00181887 -3.72056e-05 -0.00219452 -0.00231211 -0.00115743 0.000284789 -0.00309406 -0.00192414
internal_weight=7864 5603 1626 1578 3977 2261 2229 901 3398 1328 579
internal_count=7864 5603 1626 1578 3977 2261 2229 901 3398 1328 579
is_linear=0
shrinkage=0.08


Tree=27
num_leaves=15
num_cat=0
split_feature=29 9 23 56 50 12 12 49 45 52 40 21 40 6
split_gain=0.837993 0.41823 0.508287 0.635749 0.28284 0.235392 0.278873 0.278426 0.274508 0.879773 0.26616 0.205236 0.145011 0.126896
threshold=1818.159851074219 0.14693287014961245 23.104722023010257 7.5000000000000009 120.50000000000001 375.32292175292974 53.593750000000007 11.215416431427004 -0.56174489110708226 5.3561112880706796 0.73157894611358654 5.0236692428588876 0.26842105388641363 1.0000000180025095e-35
decision_type=2 2 2 2 2 2 2 2 2 2 2 2 2 2
left_child=1 4 3 -3 13 6 7 -2 9 -7 -8 -4 -6 -1
right_child=5 2 11 -5 12 8 10 -9 -10 -11 -12 -13 -14 -15
leaf_value=-0.88740937752865989 -8.1174390928989641 -1.7446996371335945 -1.9545954826825471 18.851059509986932 0.86036068803214127 -7.1793256509948504 8.2606701259029069 8.28414859026568 -8.3978828624117199 60.372532678565726 -0.99711868439304674 -2.2310698583221766 -1.6962001973190195 -2.1301373024711454
leaf_weight=317 349 1230 780 276 31 243 2076 69 463 83 285 550 32 1080
leaf_count=317 349 1230 780 276 31 243 2076 69 463 83 285 550 32 1080
internal_value=-0.00104971 -0.00180219 -0.00123511 -0.000228269 -0.00290212 -0.000143459 0.000202877 -0.00169928 -0.00136203 0.000415901 0.000540219 -0.00237416 0.0023125 -0.00313877
internal_weight=7864 4296 2836 1506 1460 3568 2779 418 789 326 2361 1330 63 1397
internal_count=7864 4296 2836 1506 1460 3568 2779 418 789 326 2361 1330 63 1397
is_linear=0
shrinkage=0.08


Tree=28
num_leaves=15
num_cat=0
split_feature=0 53 42 33 40 17 40 58 43 40 43 40 13 33
split_gain=0.727156 0.373958 0.688227 0.415273 0.384764 0.324387 0.27233 0.217595 0.36111 0.210511 0.155126 0.387779 0.142519 0.0901465
threshold=370.50000000000006 185.50000000000003 0.29012925922870642 59.031658172607429 0.11052631586790086 13.769444465637209 0.721052646636963 0.026805555447936062 -0.35206145048141474 0.23684210330247882 -0.88144907355308522 0.56315791606903087 1845.6218872070315 54.27380561828614
decision_type=2 2 2 2 2 2 2 2 2 2 2 2 2 2
left_child=1 3 -3 6 -5 7 -1 13 -9 -4 11 -7 -12 -2
right_child=5 2 9 4 -6 10 -8 8 -10 -11 12 -13 -14 -15
leaf_value=0.14154416082152005 -8.6303994644549764 27.40960797878197 -9.2338139947014621 0.38870155194160771 -1.5926377067635913 -2.1836031259359348 -2.7016116249963766 40.081000336596539 -4.4152911504151113 6.6794177919230915 -2.0220884048148253 20.056699200721138 -1.5771381647733573 -0.35147366430722526
leaf_weight=3339 84 30 40 202 1376 247 578 57 135 38 1430 37 213 58
leaf_count=3339 84 30 40 202 1376 247 578 57 135 38 1430 37 213 58
internal_value=-0.0010192 -0.000530336 0.00411009 -0.000622272 -0.00171754 -0.00222989 -0.000180705 7.16408e-05 0.00182383 0.000101265 -0.00262863 -0.000898247 -0.00292701 -0.00229371
internal_weight=7864 5603 108 5495 1578 2261 3917 334 192 78 1927 284 1643 142
internal_count=7864 5603 108 5495 1578 2261 3917 334 192 78 1927 284 1643 142
is_linear=0
shrinkage=0.08


Tree=29
num_leaves=15
num_cat=0
split_feature=0 53 40 55 12 40 21 43 43 23 6 49 51 58
split_gain=0.740006 0.360294 0.529335 0.52907 0.338171 0.513434 0.333394 0.390501 0.472238 0.186567 0.277783 0.183347 0.11969 0.0854555
threshold=370.50000000000006 185.50000000000003 0.23684210330247882 20.380556106567386 77.885417938232436 0.2578947395086289 2.3367766141891484 -0.35206145048141474 -0.63405361771583546 22.758889198303226 0.37500000000000006 11.215416431427004 1.0000000180025095e-35 8.6965279579162615
decision_type=2 2 2 2 2 2 2 2 2 2 2 2 2 2
left_child=1 4 -3 -4 11 -6 7 8 -2 10 -8 -1 -11 -9
right_child=6 2 3 -5 5 -7 9 13 -10 12 -12 -13 -14 -15
leaf_value=-3.2457469752082155 -0.76091899705515387 -1.8326079114983895 15.899045559947867 7.9488831389550407 1.1643365016014648 -1.3104775230059105 -1.9090189714417782 -6.2494383906340865 37.067428641813379 -0.30938230955077101 11.472866192748839 6.575055156684205 -1.8198447829646025 -1.4481394961683032
leaf_weight=703 72 47 31 30 1644 3035 913 140 35 58 148 113 848 47
leaf_count=703 72 47 31 30 1644 3035 913 140 35 58 148 113 848 47
internal_value=-0.000937827 -0.000444683 0.00411009 0.00896774 -0.000534935 -0.000272651 -0.00215915 0.000352541 0.00418518 -0.00253455 -0.00181168 -0.00203672 -0.00337817 -0.00185106
internal_weight=7864 5603 108 61 5495 4679 2261 294 107 1967 1061 816 906 187
internal_count=7864 5603 108 61 5495 4679 2261 294 107 1967 1061 816 906 187
is_linear=0
shrinkage=0.08


Tree=30
num_leaves=15
num_cat=0
split_feature=0 21 40 27 59 12 52 56 9 23 6 15 51 43
split_gain=0.679646 0.409469 0.351608 0.350439 0.807519 0.32777 0.319653 0.312671 0.194746 0.168928 0.203361 0.138273 0.11969 0.0807644
threshold=370.50000000000006 2.3367766141891484 0.28947368264198309 12.060855388641359 42.500000000000007 47.593750000000007 16.139027595520023 125.50000000000001 1.0851504206657412 22.758889198303226 0.37500000000000006 0.48964698612689977 1.0000000180025095e-35 -0.95642796158790577
decision_type=2 2 2 2 2 2 2 2 2 2 2 2 2 2
left_child=3 2 11 4 8 13 -4 -7 -1 10 -3 -2 -11 -5
right_child=1 9 6 5 -6 7 -8 -9 -10 12 -12 -13 -14 -15
leaf_value=-1.8571904552786822 0.063118681960910972 -1.7562974537264355 0.78010510211864814 -1.402012675447325 119.98299696873219 0.054548943104300814 32.129114354519643 -3.4449919876856003 1.3437665045854601 -0.28463172478670856 10.555036897328932 -6.0013203459311919 -1.6742572003274339 -4.6016738538893751
leaf_weight=823 44 913 112 31 56 4162 42 196 51 58 148 96 848 284
leaf_count=823 44 913 112 31 56 4162 42 196 51 58 148 96 848 284
internal_value=-0.000988685 -0.00215915 0.000623728 -0.000516061 -0.00193341 -0.000233634 0.00325161 -5.32242e-05 -0.00253257 -0.0025752 -0.00188701 -0.0022695 -0.00337817 -0.00272152
internal_weight=7864 2261 294 5603 930 4673 154 4358 874 1967 1061 140 906 315
internal_count=7864 2261 294 5603 930 4673 154 4358 874 1967 1061 140 906 315
is_linear=0
shrinkage=0.08


Tree=31
num_leaves=14
num_cat=0
split_feature=0 12 27 59 17 16 25 58 49 24 33 43 53
split_gain=0.758323 0.329677 0.307438 0.771966 0.25153 0.247006 0.183977 0.175986 0.257666 0.151174 0.0901465 0.0817066 0.0924077
threshold=370.50000000000006 47.593750000000007 12.060855388641359 42.500000000000007 13.769444465637209 0.37635099887847906 1739.1350708007815 0.026805555447936062 4.88861107826233 415.99107360839849 54.27380561828614 0.2269546836614609 1.5000000000000002
decision_type=2 2 2 2 2 2 2 2 2 2 2 2 2
left_child=1 11 3 -3 7 -4 9 10 -9 -6 -2 12 -1
right_child=4 2 5 -5 6 -7 -8 8 -10 -11 -12 -13 -14
leaf_value=-1.2062978714201633 -7.8203247700246878 -1.6089828444333933 39.593077989737765 110.38435721123362 -2.156240296165759 -0.24656573312400498 6.3019699288436088 33.837025139462114 -9.9514301549361672 -1.4669485852695112 -0.030130457149189313 -3.9769818871100631 -4.2270777320049113
leaf_weight=165 84 777 328 56 1311 4030 32 128 64 584 58 170 77
leaf_count=165 84 777 328 56 1311 4030 32 128 64 584 58 170 77
internal_value=-0.00095817 -0.000458959 -0.000285825 -0.00169305 -0.00219452 -1.65185e-05 -0.00254564 -0.000167165 0.00140933 -0.00264768 -0.00229371 -0.00263438 -0.00167901
internal_weight=7864 5603 5191 833 2261 4358 1927 334 192 1895 142 412 242
internal_count=7864 5603 5191 833 2261 4358 1927 334 192 1895 142 412 242
is_linear=0
shrinkage=0.08


Tree=32
num_leaves=15
num_cat=0
split_feature=0 12 25 40 52 24 33 43 13 40 58 43 53 43
split_gain=0.8214 0.329677 0.270291 0.528291 0.30774 0.248419 0.227332 0.198478 0.129768 0.484173 0.0860104 0.0817066 0.0924077 0.0803429
threshold=370.50000000000006 47.593750000000007 791.32305908203136 0.77368420362472545 6.5562500953674325 334.90327453613287 58.354330062866218 -0.35206145048141474 1845.6218872070315 0.26842105388641363 6.8838889598846444 0.2269546836614609 1.5000000000000002 -0.9103761315345763
decision_type=2 2 2 2 2 2 2 2 2 2 2 2 2 2
left_child=1 11 3 -3 -4 6 7 -2 10 -10 -7 12 -1 -8
right_child=5 2 4 -5 -6 8 13 -9 9 -11 -12 -13 -14 -15
leaf_value=-1.1097940417065508 4.1896965964820323 1.5857403005188675 -2.0290918575231989 -1.77780500271787 0.35686217402640558 -1.4352509611175628 -0.58059175404494512 -2.8820215993039899 6.5562024289328145 -1.9043381865441007 -1.944730078821022 -3.6588233361412579 -3.8889115134445182 -2.3740582875106147
leaf_weight=165 262 2687 1637 362 505 961 35 461 35 79 118 170 77 310
leaf_count=165 262 2687 1637 362 505 961 35 461 35 79 118 170 77 310
internal_value=-0.000978513 -0.000458959 -0.000285825 0.000198032 -0.000974336 -0.00226525 -0.00137699 -0.000569062 -0.00305863 -0.000486957 -0.00332963 -0.00263438 -0.00167901 -0.00306358
internal_weight=7864 5603 5191 3049 2142 2261 1068 723 1193 114 1079 412 242 345
internal_count=7864 5603 5191 3049 2142 2261 1068 723 1193 114 1079 412 242 345
is_linear=0
shrinkage=0.08


Tree=33
num_leaves=15
num_cat=0
split_feature=0 33 43 13 30 55 59 28 58 58 22 27 14 36
split_gain=0.764282 0.359905 0.316634 0.424568 0.30001 0.475348 0.686227 0.298962 0.25225 0.245182 0.278047 0.223232 0.141248 0.0937612
threshold=370.50000000000006 59.031658172607429 -0.22695468366146085 1367.3850097656252 0.68898808956146251 0.044166667386889465 3.5000000000000004 116.37318420410158 99.653888702392592 34.952915191650398 4.7521791458129892 36.749113082885749 1190.5000000000002 6.5000000000000009
decision_type=2 2 2 2 2 2 2 2 2 2 2 2 2 2
left_child=1 9 7 -4 5 13 -7 -3 12 10 -1 -11 -6 -2
right_child=4 2 3 -5 8 6 -8 -9 -10 11 -12 -13 -14 -15
leaf_value=-8.1198506643316257 -1.4327569456309084 -1.6682940811640825 -0.42362861355833192 29.439369583995504 -2.2669374334062291 91.082799068829644 -7.9322891574736945 0.25595831380435641 1.8916106729161601 22.509948614941774 0.42474362266767246 -4.7210228772966998 -1.3600377201278548 -9.6744745893181339
leaf_weight=166 57 535 874 42 187 54 33 175 42 97 3290 424 1801 87
leaf_count=166 57 535 874 42 187 54 33 175 42 97 3290 424 1801 87
internal_value=-0.000988685 -0.00048751 -0.00148986 -0.000505999 -0.00222989 0.000499999 0.00513636 -0.00275668 -0.00254062 -7.74268e-05 0.000166618 -0.00169349 -0.00267069 -0.00231724
internal_weight=7864 5603 1626 916 2261 231 87 710 2030 3977 3456 521 1988 144
internal_count=7864 5603 1626 916 2261 231 87 710 2030 3977 3456 521 1988 144
is_linear=0
shrinkage=0.08


Tree=34
num_leaves=15
num_cat=0
split_feature=0 33 58 12 17 58 22 43 42 53 17 14 49 13
split_gain=0.808462 0.335282 0.288976 0.556679 0.269392 0.268612 0.256563 0.242836 0.239967 0.157475 0.235555 0.136074 0.270002 0.144704
threshold=370.50000000000006 59.031658172607429 9.1627774238586444 213.07291412353518 13.769444465637209 53.111665725708015 8.8598527908325213 0.16280825436115268 -0.16280825436115262 11.500000000000002 8.9798607826232928 1190.5000000000002 15.767638683319094 1845.6218872070315
decision_type=2 2 2 2 2 2 2 2 2 2 2 2 2 2
left_child=1 5 7 -4 9 6 -1 -3 -7 10 -2 12 -6 -13
right_child=4 2 3 -5 11 8 -8 -9 -10 -11 -12 13 -14 -15
leaf_value=0.032994181672420596 -8.5535668675064951 -1.3187971002814276 3.8625877542942426 -1.6214563203397103 18.782698053719152 50.098172852918516 35.340636414568053 -0.80443524099734409 -6.9567304776302548 49.106837646688049 0.96266639407445964 -1.2495640057735371 -4.435654605318688 -1.2736397893582645
leaf_weight=3576 154 617 328 172 104 43 48 509 310 36 144 1497 83 243
leaf_count=3576 154 617 328 172 104 43 48 509 310 36 144 1497 83 243
internal_value=-0.000988685 -0.000473234 -0.00144069 0.00015968 -0.00226525 -7.74268e-05 0.000127999 -0.00215084 -0.00218079 -0.000167165 -0.000775921 -0.00262863 -0.000574469 -0.00284894
internal_weight=7864 5603 1626 500 2261 3977 3624 1126 353 334 298 1927 187 1740
internal_count=7864 5603 1626 500 2261 3977 3624 1126 353 334 298 1927 187 1740
is_linear=0
shrinkage=0.08


Tree=35
num_leaves=15
num_cat=0
split_feature=0 12 24 27 49 40 33 23 13 40 58 43 43 53
split_gain=0.777454 0.347217 0.319479 0.293449 0.453274 0.381294 0.246008 0.30376 0.129768 0.484173 0.0860104 0.0848126 0.0817066 0.0924077
threshold=370.50000000000006 47.593750000000007 334.90327453613287 69.286941528320327 0.83333334326744091 0.13157894462347033 58.578102111816413 22.472083091735843 1845.6218872070315 0.26842105388641363 6.8838889598846444 -0.9103761315345763 0.2269546836614609 1.5000000000000002
decision_type=2 2 2 2 2 2 2 2 2 2 2 2 2 2
left_child=1 12 6 5 -5 -3 7 -2 10 -10 -4 -8 13 -1
right_child=2 3 8 4 -6 -7 11 -9 9 -11 -12 -13 -14 -15
leaf_value=-0.8371610264071222 -7.5272818548925491 3.5533829542867972 -1.1116627461560469 17.271922210486942 -4.1484531245703877 -1.0864089179454968 -0.045773798665542813 0.066550335202338218 6.2424004353770792 -1.5412969308616828 -1.5803835344432287 -1.9664498839379985 -3.3404440663957713 -3.3506357545810852
leaf_weight=165 157 730 961 584 386 3491 33 589 35 79 118 289 170 77
leaf_count=165 157 730 961 584 386 3491 33 589 35 79 118 289 170 77
internal_value=-0.000907312 -0.000401857 -0.00215915 -0.000224192 0.00102987 -0.000512554 -0.00115248 -0.000353415 -0.00305863 -0.000486957 -0.00332963 -0.0029969 -0.00263438 -0.00167901
internal_weight=7864 5603 2261 5191 970 4221 1068 746 1193 114 1079 322 412 242
internal_count=7864 5603 2261 5191 970 4221 1068 746 1193 114 1079 322 412 242
is_linear=0
shrinkage=0.08


Tree=36
num_leaves=15
num_cat=0
split_feature=12 21 35 27 59 58 14 53 40 43 53 40 43 43
split_gain=0.656231 0.369202 0.318886 0.307772 0.567057 0.364133 0.284383 0.286641 0.2654 0.35557 0.211001 0.190695 0.076994 0.0328995
threshold=402.93750000000006 6.3301882743835458 167.33319854736331 12.060855388641359 42.500000000000007 1.2959722280502322 9737.0000000000018 92.500000000000014 0.23684210330247882 -0.88144907355308522 100.50000000000001 0.14210525900125506 -0.97335553169250477 -0.9103761315345763
decision_type=2 2 2 2 2 2 2 2 2 2 2 2 2 2
left_child=1 3 6 4 -1 -5 13 -8 11 -10 12 -4 -3 -2
right_child=2 10 8 5 -6 -7 7 -9 9 -11 -12 -13 -14 -15
leaf_value=-1.0995202443903498 -1.1882911476020015 -1.5801722042347472 -0.92233724741062573 1.1512693185377305 102.90899310137448 -0.9328773439663991 -1.0689313629242276 2.1106607755054818 8.8629426037636598 -2.0654494458984329 1.1960866155058123 9.2816704519546196 -3.2556570918483967 -1.0575428316406787
leaf_weight=745 143 34 129 2196 55 2196 362 30 95 427 30 83 431 908
leaf_count=745 143 34 129 2196 55 2196 362 30 95 427 30 83 431 908
internal_value=-0.000907312 -0.000454994 -0.00208816 -0.00025573 -0.00169788 7.28336e-06 -0.00277839 -0.000936388 -0.000729253 -0.0016979 -0.00254032 0.00165258 -0.00296137 -0.00346388
internal_weight=7864 5687 2177 5192 800 4392 1443 392 734 522 495 212 465 1051
internal_count=7864 5687 2177 5192 800 4392 1443 392 734 522 495 212 465 1051
is_linear=0
shrinkage=0.08


Tree=37
num_leaves=14
num_cat=0
split_feature=12 21 14 27 33 52 11 43 59 53 52 59 40
split_gain=0.728466 0.318909 0.279836 0.261777 0.528557 0.518876 0.251304 0.245237 0.209866 0.200604 0.102353 0.0220708 0.0247094
threshold=402.93750000000006 6.3301882743835458 3258.0000000000005 16.554055213928226 61.957225799560554 72.183471679687514 2.9890277385711674 0.35206145048141485 1.5000000000000002 100.50000000000001 1.0000000180025095e-35 42.500000000000007 0.82631579041481029
decision_type=2 2 2 2 2 2 2 2 2 2 2 2 2
left_child=1 3 11 5 -5 -1 8 -8 -4 10 -3 12 -2
right_child=2 9 6 4 -6 -7 7 -9 -10 -11 -12 -13 -14
leaf_value=-1.0593727817371974 -0.92722751957653748 -2.6180974296401605 -1.2650428298964971 -0.11063305164364462 0.80673754618705928 88.379829911925668 -1.741374168779122 0.98400317927809999 -1.220796935020861 1.1003996862653478 -3.2322555494081762 -0.91621766855400211 -0.74074056533804677
leaf_weight=987 536 234 656 4053 121 31 337 237 275 30 231 31 105
leaf_count=987 536 234 656 4053 121 31 337 237 275 30 231 31 105
internal_value=-0.000917483 -0.000440929 -0.00216162 -0.00025573 2.49092e-05 -0.0014053 -0.00155379 -0.000236523 -0.00236481 -0.00237903 -0.0027897 -0.00351857 -0.00361994
internal_weight=7864 5687 2177 5192 4174 1018 1505 574 931 495 465 672 641
internal_count=7864 5687 2177 5192 4174 1018 1505 574 931 495 465 672 641
is_linear=0
shrinkage=0.08


Tree=38
num_leaves=13
num_cat=0
split_feature=12 21 14 22 11 59 43 34 43 16 59 40
split_gain=0.67457 0.364237 0.295237 0.244245 0.231437 0.258856 0.245237 0.203731 0.163364 0.126866 0.0220708 0.0247094
threshold=402.93750000000006 6.3301882743835458 3258.0000000000005 8.8598527908325213 2.9890277385711674 1.5000000000000002 0.35206145048141485 49.505517959594734 -0.97335553169250477 18.670793533325199 42.500000000000007 0.82631579041481029
decision_type=2 2 2 2 2 2 2 2 2 2 2 2
left_child=1 3 10 7 5 -4 -6 -1 -3 -10 11 -2
right_child=2 8 4 -5 6 -7 -8 -9 9 -11 -12 -13
leaf_value=0.14584180948399872 -0.85304931801041417 1.8994454283211009 -1.1638394035047777 29.458707028877576 -1.602064235276792 -1.123133180219192 0.90528292493585272 -1.0310338088914976 -2.7539439161951664 -2.3369125638902619 -0.84292025506968171 -0.68148132011100326
leaf_weight=2763 536 36 656 52 337 275 237 2377 336 123 31 105
leaf_count=2763 536 36 656 52 337 275 237 2377 336 123 31 105
internal_value=-0.000927655 -0.000469059 -0.00212489 -0.000271135 -0.00150066 -0.00227897 -0.000236523 -0.000326786 -0.00254032 -0.00294783 -0.00351857 -0.00361994
internal_weight=7864 5687 2177 5192 1505 931 574 5140 495 459 672 641
internal_count=7864 5687 2177 5192 1505 931 574 5140 495 459 672 641
is_linear=0
shrinkage=0.08


Tree=39
num_leaves=15
num_cat=0
split_feature=12 14 13 51 34 16 11 43 59 40 9 53 56 50
split_gain=0.660641 0.276313 0.275658 0.258854 0.51331 0.243549 0.212389 0.245237 0.23774 0.0523883 0.0910933 0.0442462 0.0587484 0.0276872
threshold=402.93750000000006 3258.0000000000005 69.840774536132827 1.0000000180025095e-35 46.235261917114265 142.16970825195315 2.9890277385711674 0.35206145048141485 1.5000000000000002 0.82631579041481029 0.12635416537523272 1.5000000000000002 2.5000000000000004 117.50000000000001
decision_type=2 2 2 2 2 2 2 2 2 2 2 2 2 2
left_child=2 9 11 4 -4 -5 8 -8 -3 13 -11 12 -1 -2
right_child=1 6 3 5 -6 -7 7 -9 -10 10 -12 -13 -14 -15
leaf_value=-2.5659212117851733 -0.7970536679082969 -1.0707322512243951 18.721311049523596 -0.69224894281092353 -0.10990442974977549 26.919415998632207 -1.4738990964546486 0.83286029094098502 -1.0332825258016565 -0.27775815299330175 -0.83422044742340118 -2.4575799919880708 -0.81056623928660598 -0.52790358317115282
leaf_weight=183 534 656 155 4724 396 67 337 237 275 51 57 106 56 30
leaf_count=183 534 656 155 4724 396 67 337 237 275 51 57 106 56 30
internal_value=-0.000866625 -0.00205142 -0.0004128 -0.00027101 0.00136956 -0.000459934 -0.00144754 -0.000236523 -0.00219313 -0.0033997 -0.00176147 -0.00260116 -0.00198333 -0.00370974
internal_weight=7864 2177 5687 5342 551 4791 1505 574 931 672 108 345 239 564
internal_count=7864 2177 5687 5342 551 4791 1505 574 931 672 108 345 239 564
is_linear=0
shrinkage=0.08


Tree=40
num_leaves=14
num_cat=0
split_feature=0 13 34 40 24 44 49 52 36 55 53 56 45
split_gain=0.668822 0.25363 0.370044 0.601495 0.347243 0.173956 0.191322 0.358172 0.15148 0.119731 0.0442462 0.0587484 0.042981
threshold=471.75000000000006 69.840774536132827 48.947973251342781 0.23684210330247882 303.39137268066412 -0.87837970256805409 16.056388854980472 23.909722328186039 10.500000000000002 0.56944444775581371 1.5000000000000002 2.5000000000000004 -0.56174489110708226
decision_type=2 2 2 2 2 2 2 2 2 2 2 2 2
left_child=1 10 3 -3 -4 6 7 -2 9 -7 11 -1 -10
right_child=5 2 4 -5 -6 8 -8 -9 12 -11 -12 -13 -14
leaf_value=-2.3606475148423596 -1.4046093549336565 6.8423805744039496 -0.44721485814669837 -0.80675705589107061 -1.2945452212154374 -2.5172354647496236 -1.1208348798901167 15.194122768167972 -0.87958268269592799 2.2898424871539613 -2.2609735926290253 -0.74572094014367796 -0.6842961625251891
leaf_weight=183 260 718 2015 1495 1705 197 100 57 267 94 106 56 611
leaf_count=183 260 718 2015 1495 1705 197 100 57 267 94 106 56 611
internal_value=-0.000866625 -0.000495621 -0.000372768 0.00044625 -0.000859985 -0.00233396 -0.000928231 3.77349e-05 -0.00283419 -0.00124658 -0.00260116 -0.00198333 -0.00335836
internal_weight=7864 6278 5933 2213 3720 1586 417 317 1169 291 345 239 878
internal_count=7864 6278 5933 2213 3720 1586 417 317 1169 291 345 239 878
is_linear=0
shrinkage=0.08


Tree=41
num_leaves=14
num_cat=0
split_feature=0 13 28 42 25 36 10 40 55 45 55 53 56
split_gain=0.696511 0.250568 0.259684 0.414102 0.256478 0.185997 0.141071 0.304758 0.0893296 0.0612014 0.0807977 0.0442462 0.0587484
threshold=471.75000000000006 69.840774536132827 485.72183227539068 0.63405361771583568 1090.0432128906252 143.00000000000003 0.51316088438034069 0.26842105388641363 3.2781944274902348 1.0000000180025095e-35 14.769722461700441 1.5000000000000002 2.5000000000000004
decision_type=2 2 2 2 2 2 2 2 2 2 2 2 2
left_child=1 11 4 -4 -3 6 8 -8 -2 10 -7 12 -1
right_child=5 2 3 -5 -6 9 7 -9 -10 -11 -12 -13 -14
leaf_value=-2.1717957136549706 -2.5380177258683552 -0.5009678253514126 -1.6522749152041381 33.907046203167774 -1.6786936745178551 -0.92086946174951367 6.7893017869732022 -3.8613924136481992 -0.40493152299990115 -0.59300768600966114 -0.56951515602849656 -2.080095705218703 -0.68606326493218317
leaf_weight=183 232 4762 257 180 734 445 127 179 86 322 195 106 56
leaf_count=183 232 4762 257 180 734 445 127 179 86 322 195 106 56
internal_value=-0.000886969 -0.000508362 -0.00038625 0.00148858 -0.000535566 -0.00238437 -0.0013056 -7.81768e-05 -0.00248276 -0.00308204 -0.00262091 -0.00260116 -0.00198333
internal_weight=7864 6278 5933 437 5496 1586 624 306 318 962 640 345 239
internal_count=7864 6278 5933 437 5496 1586 624 306 318 962 640 345 239
is_linear=0
shrinkage=0.08


Tree=42
num_leaves=12
num_cat=0
split_feature=0 25 58 12 58 40 25 30 23 36 52
split_gain=0.763897 0.215615 0.368252 0.210896 0.216607 0.193315 0.177876 0.18573 0.137728 0.0438683 0.0402142
threshold=471.75000000000006 1142.8336181640627 7.6150000095367441 16.499999523162845 0.060555554926395423 0.9421052634716035 1739.1350708007815 0.76934522390365612 22.472083091735843 686.00000000000011 0.0054166666232049474
decision_type=2 2 2 2 2 2 2 2 2 2 2
left_child=1 3 5 10 -5 -3 7 8 -2 -9 -1
right_child=6 2 -4 4 -6 -7 -8 9 -10 -11 -12
leaf_value=-1.6791905513065271 -6.8697825133960206 -1.7660784775045957 3.4235795367806952 0.22764406892428901 -1.1016815835269451 1.6265847396218232 5.7473427543076925 -0.67124172822906025 -0.5024700911236365 -0.54734313871762685 -1.9900922052097787
leaf_weight=62 157 464 30 2527 3051 32 32 621 438 338 112
leaf_count=62 157 464 30 2527 3051 32 32 621 438 338 112
internal_value=-0.000866625 -0.00047014 -0.00201898 -0.000328178 -0.000242338 -0.00254326 -0.00243478 -0.00255691 -0.00144295 -0.00324583 -0.00306286
internal_weight=7864 6278 526 5752 5578 496 1586 1554 595 959 174
internal_count=7864 6278 526 5752 5578 496 1586 1554 595 959 174
is_linear=0
shrinkage=0.08


Tree=43
num_leaves=15
num_cat=0
split_feature=0 11 34 52 36 30 52 56 42 43 24 13 50 22
split_gain=0.706436 0.217112 0.208957 0.336042 0.259256 0.199053 0.157743 0.472148 0.143295 0.130935 0.274338 0.104652 0.0915542 0.0566152
threshold=471.75000000000006 4.8018054962158212 48.947973251342781 38.605693817138679 43.500000000000007 0.76934522390365612 2.2966667413711552 3.5000000000000004 -0.22695468366146085 -0.9103761315345763 230.89286041259768 2420.149291992188 112.50000000000001 8.6991891860961932
decision_type=2 2 2 2 2 2 2 2 2 2 2 2 2 2
left_child=1 2 3 -1 -4 6 8 -8 -2 10 -3 13 -11 -7
right_child=5 9 4 -5 -6 11 7 -9 -10 12 -12 -13 -14 -15
leaf_value=1.0041476060173442 -0.25642777983894943 65.138962028045427 -0.24552113266546777 -5.5481556038585325 -1.4654065989534097 -0.53856948520002934 6.6168032383621949 -4.392296416873477 -5.710002088812228 -1.894265998740706 -1.8892087929165959 2.8441803340937075 3.2374413606743122 -0.8193567252364008
leaf_weight=2067 118 30 2116 259 1458 847 141 93 243 283 34 55 31 89
leaf_count=2067 118 30 2116 259 1458 847 141 93 243 283 34 55 31 89
internal_value=-0.000825939 -0.000444658 -0.00032537 0.000264718 -0.000709372 -0.00233396 -0.0011745 0.000442552 -0.002221 -0.00230079 0.000984614 -0.00302823 -0.00297143 -0.00322732
internal_weight=7864 6278 5900 2326 3574 1586 595 234 361 378 64 991 314 936
internal_count=7864 6278 5900 2326 3574 1586 595 234 361 378 64 991 314 936
is_linear=0
shrinkage=0.08


Tree=44
num_leaves=15
num_cat=0
split_feature=12 21 31 29 35 30 43 10 43 58 45 50 30 49
split_gain=0.695116 0.399695 0.300397 0.347739 0.286759 0.257826 0.208893 0.420687 0.344472 0.194526 0.113105 0.134407 0.106474 0.104949
threshold=402.93750000000006 6.3301882743835458 0.49871392548084265 6284.9882812500009 167.36305999755862 0.69196426868438732 0.09796465560793878 1.1855646967887881 -0.88144907355308522 0.52111110091209423 0.81174489855766307 51.500000000000007 0.8229166865348817 0.0054166666232049474
decision_type=2 2 2 2 2 2 2 2 2 2 2 2 2 2
left_child=1 2 3 -1 5 9 8 -8 -6 -2 -3 -12 -7 -4
right_child=4 10 13 -5 6 12 7 -9 -10 -11 11 -13 -14 -15
leaf_value=-0.28863496827294566 19.041493845036751 -1.7855957679025076 -5.8315183040811771 29.538275621276835 9.6820080389868419 -0.56964443600188863 -1.2672317989882473 13.767228745689602 -1.5834798967738908 -7.699724387297743 0.12282587313145926 -3.1527805457369249 -0.43840150966217667 -3.1622559145439939
leaf_weight=4670 58 310 169 257 88 1270 257 58 272 53 122 63 121 96
leaf_count=4670 58 310 169 257 88 1270 257 58 272 53 122 63 121 96
internal_value=-0.00083611 -0.000370606 -0.000163298 -2.19165e-05 -0.00205142 -0.00266667 -0.000680474 0.000822784 -0.00199446 0.00103571 -0.00254032 -0.000967743 -0.00296264 -0.00278196
internal_weight=7864 5687 5192 4927 2177 1502 675 315 360 111 495 185 1391 265
internal_count=7864 5687 5192 4927 2177 1502 675 315 360 111 495 185 1391 265
is_linear=0
shrinkage=0.08


Tree=45
num_leaves=15
num_cat=0
split_feature=12 21 31 27 30 40 35 40 53 49 45 50 30 50
split_gain=0.757209 0.399695 0.235358 0.257032 0.227779 0.245056 0.207883 0.393217 0.202643 0.164553 0.113105 0.134407 0.101144 0.040031
threshold=402.93750000000006 6.3301882743835458 0.49871392548084265 16.554055213928226 0.69196426868438732 0.21578947454690936 167.36305999755862 0.23684210330247882 1.5000000000000002 0.0054166666232049474 0.81174489855766307 51.500000000000007 0.8229166865348817 19.500000000000004
decision_type=2 2 2 2 2 2 2 2 2 2 2 2 2 2
left_child=1 2 3 -1 5 -2 12 -8 -7 -4 13 -12 -6 -3
right_child=4 10 9 -5 6 8 7 -9 -10 -11 11 -13 -14 -15
leaf_value=-0.5568119606840477 -9.2237204100916514 -1.5937811200852281 -5.3649968397546832 0.20997840982017241 -0.52407288112173789 0.53386920086646916 2.2675489820825536 -1.0333878182310934 8.8459732564303195 -2.909275441380474 0.1129998032809425 -2.9005581020779703 -0.40332938888920294 -2.041247126615743
leaf_weight=1018 51 236 169 3909 1270 87 169 446 33 96 122 63 121 74
leaf_count=1018 51 236 169 3909 1270 87 169 446 33 96 122 63 121 74
internal_value=-0.000856454 -0.000370606 -0.000163298 -3.81503e-05 -0.00212489 0.000674418 -0.00236373 -0.00113636 0.00264463 -0.0024812 -0.00254032 -0.000967743 -0.00290517 -0.00347267
internal_weight=7864 5687 5192 4927 2177 171 2006 615 120 265 495 185 1391 310
internal_count=7864 5687 5192 4927 2177 171 2006 615 120 265 495 185 1391 310
is_linear=0
shrinkage=0.08


Tree=46
num_leaves=14
num_cat=0
split_feature=12 21 31 53 30 58 35 40 49 45 50 30 50
split_gain=0.814248 0.410127 0.241657 0.214388 0.187748 0.194526 0.175631 0.21957 0.164553 0.113105 0.134407 0.0959501 0.040031
threshold=402.93750000000006 6.3301882743835458 0.49871392548084265 4.5000000000000009 0.68898808956146251 0.52111110091209423 167.36305999755862 0.23684210330247882 0.0054166666232049474 0.81174489855766307 51.500000000000007 0.8229166865348817 19.500000000000004
decision_type=2 2 2 2 2 2 2 2 2 2 2 2 2
left_child=1 2 3 -1 5 -2 11 -8 -4 12 -11 -6 -3
right_child=4 9 8 -5 6 -7 7 -9 -10 10 -12 -13 -14
leaf_value=-0.50797016483386093 16.910241273744866 -1.4662786304784101 -4.9357970925743082 0.2926933694159129 -0.48214705063199925 -6.8561962762640869 1.3771283530381797 -0.92659913199810762 -2.6765334060700359 0.10395981901846726 -2.6685134539117326 -0.3710630377780666 -1.8779473564864837
leaf_weight=3706 58 236 169 1221 1270 53 191 484 96 122 63 121 74
leaf_count=3706 58 236 169 1221 1270 53 191 484 96 122 63 121 74
internal_value=-0.000846282 -0.000342476 -0.000132487 -5.68277e-06 -0.00216162 0.00103571 -0.00233382 -0.00127219 -0.0024812 -0.00254032 -0.000967743 -0.0028477 -0.00347267
internal_weight=7864 5687 5192 4927 2177 111 2066 675 265 495 185 1391 310
internal_count=7864 5687 5192 4927 2177 111 2066 675 265 495 185 1391 310
is_linear=0
shrinkage=0.08


Tree=47
num_leaves=15
num_cat=0
split_feature=12 21 28 29 43 1 2 59 0 52 45 50 55 50
split_gain=0.801701 0.404894 0.207582 0.319357 0.17786 0.492422 0.175409 0.198636 0.164659 0.145769 0.113105 0.134407 0.0752554 0.040031
threshold=402.93750000000006 6.3301882743835458 22.021837234497074 589.89971923828136 0.97335553169250499 106.68650054931642 2226.0000000000005 148.50000000000003 569.12500000000011 6.1847221851348886 0.81174489855766307 51.500000000000007 1.8755555748939516 19.500000000000004
decision_type=2 2 2 2 2 2 2 2 2 2 2 2 2 2
left_child=1 2 12 -4 6 -6 7 -2 -8 -7 13 -12 -1 -3
right_child=4 10 3 -5 5 9 8 -9 -10 -11 11 -13 -14 -15
leaf_value=-0.94897611315452324 -0.47706302909329501 -1.3489763400401369 1.1829054502601317 -0.35144282751506029 0.71775653383961369 -1.3176533164658373 13.769824528206607 1.3819947315601258 -1.8724777458144377 8.8855711689048871 0.095643033496989799 -2.4550323775987937 -1.1885701976627214 -1.727711567967565
leaf_weight=247 1331 236 371 4434 39 85 118 33 530 41 122 63 140 74
leaf_count=247 1331 236 371 4434 39 85 118 33 530 41 122 63 140 74
internal_value=-0.000856454 -0.000356541 -0.000147892 -4.16242e-06 -0.00216162 0.000361445 -0.00236861 -0.00288352 -0.00128197 -0.00207874 -0.00254032 -0.000967743 -0.00192784 -0.00347267
internal_weight=7864 5687 5192 4805 2177 165 2012 1364 648 126 495 185 387 310
internal_count=7864 5687 5192 4805 2177 165 2012 1364 648 126 495 185 387 310
is_linear=0
shrinkage=0.08


Tree=48
num_leaves=14
num_cat=0
split_feature=12 21 40 30 53 43 21 13 43 59 45 50 50
split_gain=0.839633 0.420694 0.212087 0.262262 0.238732 0.169313 0.260403 0.183282 0.211514 0.167595 0.113105 0.134407 0.040031
threshold=402.93750000000006 6.3301882743835458 0.74210524559021007 0.83035713434219371 4.5000000000000009 0.99465191364288341 3.857218980789185 1878.9898071289065 0.29012925922870642 148.50000000000003 0.81174489855766307 51.500000000000007 19.500000000000004
decision_type=2 2 2 2 2 2 2 2 2 2 2 2 2
left_child=1 2 4 -4 -1 7 -7 9 -9 -2 12 -12 -3
right_child=5 10 3 -5 -6 6 -8 8 -10 -11 11 -13 -14
leaf_value=-0.37473794457667764 -0.44961294738546448 -1.241058232836926 -1.4781123399780092 24.147751282046492 0.40792581975043518 2.7362052418044587 -0.92832905393590193 12.404085492888285 -8.1662458401936746 1.1849775153739794 0.087991590817230389 -2.2586297873908903 -1.5894946425301597
leaf_weight=3277 1874 236 720 33 1162 40 30 115 84 34 122 63 74
leaf_count=3277 1874 236 720 33 1162 40 30 115 84 34 122 63 74
internal_value=-0.000825939 -0.000314347 -0.000101676 -0.00134218 0.000109008 -0.00216162 0.00169014 -0.00229032 1.99991e-05 -0.00253117 -0.00254032 -0.000967743 -0.00347267
internal_weight=7864 5687 5192 753 4439 2177 70 2107 199 1908 495 185 310
internal_count=7864 5687 5192 753 4439 2177 70 2107 199 1908 495 185 310
is_linear=0
shrinkage=0.08


Tree=49
num_leaves=13
num_cat=0
split_feature=12 21 40 50 22 30 58 59 40 45 50 50
split_gain=0.75452 0.426027 0.209952 0.57308 0.274988 0.175055 0.194526 0.148963 0.128992 0.113105 0.134407 0.040031
threshold=402.93750000000006 6.3301882743835458 0.14210525900125506 125.50000000000001 6.2184813022613534 0.68898808956146251 0.52111110091209423 148.50000000000003 0.23684210330247882 0.81174489855766307 51.500000000000007 19.500000000000004
decision_type=2 2 2 2 2 2 2 2 2 2 2 2
left_child=1 2 3 -1 -4 6 -2 8 -7 11 -11 -3
right_child=5 9 4 -5 -6 7 -8 -9 -10 10 -12 -13
leaf_value=0.43885553658952903 13.463509170157685 -1.1417735742099717 -4.9012067496764482 44.590379918986109 -0.0071219158239323619 -0.35777216856274047 -6.5470190437825408 1.090179314144061 -0.43155690804055274 0.080952263551852005 -2.0779394043996193 -1.4623350711277467
leaf_weight=963 58 236 893 38 3298 596 53 34 1436 122 63 74
leaf_count=963 58 236 893 38 3298 596 53 34 1436 122 63 74
internal_value=-0.000785252 -0.000300282 -8.62709e-05 0.000954091 -0.000334925 -0.00205142 0.00103571 -0.00221771 -0.00230595 -0.00254032 -0.000967743 -0.00347267
internal_weight=7864 5687 5192 1001 4191 2177 111 2066 2032 495 185 310
internal_count=7864 5687 5192 1001 4191 2177 111 2066 2032 495 185 310
is_linear=0
shrinkage=0.08


Tree=50
num_leaves=15
num_cat=0
split_feature=12 21 23 56 27 2 40 3 40 59 52 45 50 50
split_gain=0.669503 0.415394 0.168914 0.278148 0.24543 0.146107 0.213794 0.18588 0.237837 0.180496 0.156088 0.113105 0.134407 0.040031
threshold=402.93750000000006 6.3301882743835458 21.975139617919925 106.50000000000001 16.554055213928226 2226.0000000000005 0.9736841917037965 0.16353008151054385 0.69999998807907116 148.50000000000003 1.0000000180025095e-35 0.81174489855766307 51.500000000000007 19.500000000000004
decision_type=2 2 2 2 2 2 2 2 2 2 2 2 2 2
left_child=1 2 3 -1 -4 6 9 10 -9 -2 -7 13 -13 -3
right_child=5 11 4 -5 -6 7 -8 8 -10 -11 -12 12 -14 -15
leaf_value=-1.640744336172917 -0.37028176177655681 -1.0504316882731741 -0.53590624494218808 83.666537125577577 0.52368462462290233 -0.21041914913133802 0.41966374081977015 8.0794383043285336 -3.7026349890551948 1.0894226066738726 -2.5572380943291124 0.074476082467704138 -1.9117042520476495 -1.3453482654375271
leaf_weight=954 1399 236 855 72 3311 213 46 161 48 33 277 122 63 74
leaf_count=954 1399 236 855 72 3311 213 46 161 48 33 277 122 63 74
internal_value=-0.000785252 -0.000328412 -0.000117082 -0.00103603 0.00010943 -0.00197796 -0.00242867 -0.00102286 0.000971428 -0.00260154 -0.00187373 -0.00254032 -0.000967743 -0.00347267
internal_weight=7864 5687 5192 1026 4166 2177 1478 699 209 1432 490 495 185 310
internal_count=7864 5687 5192 1026 4166 2177 1478 699 209 1432 490 495 185 310
is_linear=0
shrinkage=0.08


Tree=51
num_leaves=13
num_cat=0
split_feature=12 21 59 22 28 2 53 40 45 50 12 50
split_gain=0.622156 0.420694 0.199341 0.277675 0.124836 0.194372 0.249866 0.231879 0.113105 0.134407 0.066293 0.040031
threshold=402.93750000000006 6.3301882743835458 138.50000000000003 8.8598527908325213 9.3815116882324237 2226.0000000000005 94.500000000000014 0.69999998807907116 0.81174489855766307 51.500000000000007 87.375000000000014 19.500000000000004
decision_type=2 2 2 2 2 2 2 2 2 2 2 2
left_child=1 2 3 -1 -2 6 -6 -7 11 -10 -4 -3
right_child=4 8 10 -5 5 7 -8 -9 9 -11 -12 -13
leaf_value=-0.075006015413946581 -1.9388275099289525 -0.96639715321132036 0.072840339304912544 39.28376480329959 -0.37517553154225641 0.055551039867625038 -0.0055493265175686401 -3.4118191305848407 0.06851799587028759 -1.7587679118838375 -2.7206789456459477 -1.2377204042025249
leaf_weight=4886 171 236 57 36 1179 460 230 137 122 63 213 74
leaf_count=4886 171 236 57 36 1179 460 230 137 122 63 213 74
internal_value=-0.000754737 -0.000314347 -0.000101676 1.46243e-05 -0.0019045 -0.00172596 -0.0022383 -0.000515051 -0.00254032 -0.000967743 -0.00221402 -0.00347267
internal_weight=7864 5687 5192 4922 2177 2006 1409 597 495 185 270 310
internal_count=7864 5687 5192 4922 2177 2006 1409 597 495 185 270 310
is_linear=0
shrinkage=0.08


Tree=52
num_leaves=15
num_cat=0
split_feature=12 21 43 1 59 22 2 23 26 28 45 50 12 50
split_gain=0.565996 0.420694 0.200166 0.433267 0.199341 0.277675 0.189037 0.183812 0.168812 0.127507 0.113105 0.134407 0.066293 0.040031
threshold=402.93750000000006 6.3301882743835458 0.97335553169250499 106.68650054931642 138.50000000000003 8.8598527908325213 1020.0000000000001 22.758889198303226 20239.500000000004 53.925117492675788 0.81174489855766307 51.500000000000007 87.375000000000014 19.500000000000004
decision_type=2 2 2 2 2 2 2 2 2 2 2 2 2 2
left_child=1 4 6 -4 5 -1 9 -5 -8 -2 13 -12 -6 -3
right_child=2 10 3 7 12 -7 8 -9 -10 -11 11 -13 -14 -15
leaf_value=-0.069005534180832481 -0.61694900519940676 -0.88908538095441492 0.41063041340246759 3.6767261573087695 0.067013112160519125 36.14106361903562 -0.28629714735989525 -0.97511925730388482 -2.1414195607491342 -0.30578832444731868 0.063036556200664728 -1.6180664789331305 -2.5030246299942718 -1.1387027718663227
leaf_weight=4886 276 236 39 51 57 36 905 75 131 700 122 63 213 74
leaf_count=4886 276 236 39 51 57 36 905 75 131 700 122 63 213 74
internal_value=-0.000734394 -0.000314347 -0.00183104 0.000843373 -0.000101676 1.46243e-05 -0.00205067 -0.00144882 -0.00129605 -0.00284954 -0.00254032 -0.000967743 -0.00221402 -0.00347267
internal_weight=7864 5687 2177 165 5192 4922 2012 126 1036 976 495 185 270 310
internal_count=7864 5687 2177 165 5192 4922 2012 126 1036 976 495 185 270 310
is_linear=0
shrinkage=0.08


Tree=53
num_leaves=15
num_cat=0
split_feature=12 21 59 22 12 53 55 18 45 50 52 40 12 50
split_gain=0.593744 0.420694 0.199341 0.277675 0.134898 0.310339 0.171048 0.141019 0.113105 0.134407 0.107705 0.0825645 0.066293 0.040031
threshold=402.93750000000006 6.3301882743835458 138.50000000000003 8.8598527908325213 526.90625000000011 119.50000000000001 27.07541656494141 0.71875000000000011 0.81174489855766307 51.500000000000007 27.725139617919925 0.38421052694320684 87.375000000000014 19.500000000000004
decision_type=2 2 2 2 2 2 2 2 2 2 2 2 2 2
left_child=1 2 3 -1 7 6 -6 10 13 -10 -2 -9 -4 -3
right_child=4 8 12 -5 5 -7 -8 11 9 -11 -12 -13 -14 -15
leaf_value=-0.063485091446364231 -0.86648956210717931 -0.81795855047806187 0.061652063187678366 33.249778529512767 -0.18504424450860113 0.20755269906270266 -0.28979122762673648 39.544044735408136 0.057993631704611429 -1.4886211606184803 -0.11383868597451852 -11.291069129557545 -2.3027826595947301 -1.0476065501170171
leaf_weight=4886 644 236 57 36 1094 57 227 30 122 63 89 36 213 74
leaf_count=4886 644 236 57 36 1094 57 227 30 122 63 89 36 213 74
internal_value=-0.000744565 -0.000314347 -0.000101676 1.46243e-05 -0.00186777 -0.00138651 -0.00163691 -0.002695 -0.00254032 -0.000967743 -0.00301362 0.00083582 -0.00221402 -0.00347267
internal_weight=7864 5687 5192 4922 2177 1378 1321 799 495 185 733 66 270 310
internal_count=7864 5687 5192 4922 2177 1378 1321 799 495 185 733 66 270 310
is_linear=0
shrinkage=0.08


Tree=54
num_leaves=13
num_cat=0
split_feature=12 21 59 59 28 1 40 53 45 50 12 50
split_gain=0.528714 0.415394 0.196444 0.263278 0.138579 0.160349 0.278651 0.202503 0.113105 0.134407 0.066293 0.040031
threshold=402.93750000000006 6.3301882743835458 138.50000000000003 132.50000000000003 9.3815116882324237 891.00906372070324 0.69999998807907116 94.500000000000014 0.81174489855766307 51.500000000000007 87.375000000000014 19.500000000000004
decision_type=2 2 2 2 2 2 2 2 2 2 2 2
left_child=1 2 3 -1 -2 7 -7 -6 11 -10 -4 -3
right_child=4 8 10 -5 5 6 -8 -9 9 -11 -12 -13
leaf_value=-0.070758773251455229 -1.5976042047140169 -0.752521866439817 0.056719898132665141 73.065451151327835 -0.30537185261423655 2.0596675399046007 -3.1221880295156534 0.016130210530545357 0.053354141168242671 -1.3695314677690018 -2.1185600468271515 -0.96379802610765564
leaf_weight=4885 171 236 57 37 1267 400 108 231 122 63 213 74
leaf_count=4885 171 236 57 37 1267 400 108 231 122 63 213 74
internal_value=-0.000734394 -0.000328412 -0.000117082 -1.62598e-06 -0.00179431 -0.00160638 -0.000377211 -0.00202268 -0.00254032 -0.000967743 -0.00221402 -0.00347267
internal_weight=7864 5687 5192 4922 2177 2006 508 1498 495 185 270 310
internal_count=7864 5687 5192 4922 2177 2006 508 1498 495 185 270 310
is_linear=0
shrinkage=0.08


Tree=55
num_leaves=14
num_cat=0
split_feature=12 21 59 59 43 21 13 43 15 45 50 44 50
split_gain=0.534931 0.404894 0.217939 0.345832 0.141589 0.260403 0.133098 0.211514 0.181969 0.113105 0.134407 0.105434 0.040031
threshold=402.93750000000006 6.3301882743835458 122.50000000000001 105.50000000000001 0.99465191364288341 3.857218980789185 1878.9898071289065 0.29012925922870642 3.5429773330688481 0.81174489855766307 51.500000000000007 0.6078576147556306 19.500000000000004
decision_type=2 2 2 2 2 2 2 2 2 2 2 2 2
left_child=1 2 3 -1 6 -6 8 -8 -2 12 -11 -4 -3
right_child=4 9 11 -5 5 -7 7 -9 -10 10 -12 -13 -14
leaf_value=-0.1889506582874888 -1.9436783956174624 -0.69232011712463193 -1.395604273544522 24.801755877402627 2.9639665322975275 -0.73441512827071276 10.531475566753363 -7.3131381170951073 -0.1946633386317031 0.049085809874783247 -1.2599689503474818 -2.5583308054608977 -0.88669418401904343
leaf_weight=4711 483 236 242 115 40 30 115 84 1425 122 63 124 74
leaf_count=4711 483 236 242 115 40 30 115 84 1425 122 63 124 74
internal_value=-0.000764909 -0.000356541 -0.000147892 -4.97299e-06 -0.00183104 0.00169014 -0.00194877 1.99991e-05 -0.00215401 -0.00254032 -0.000967743 -0.00202725 -0.00347267
internal_weight=7864 5687 5192 4826 2177 70 2107 199 1908 495 185 366 310
internal_count=7864 5687 5192 4826 2177 70 2107 199 1908 495 185 366 310
is_linear=0
shrinkage=0.08


Tree=56
num_leaves=14
num_cat=0
split_feature=12 21 40 50 58 40 34 13 53 59 45 50 56
split_gain=0.428034 0.357021 0.196595 0.58276 0.288327 0.172363 0.383203 0.157535 0.18059 0.178135 0.0909952 0.134407 0.05536
threshold=402.93750000000006 6.3301882743835458 0.14210525900125506 125.50000000000001 0.084444444626569762 0.9736841917037965 49.470212936401374 1878.9898071289065 94.500000000000014 1.5000000000000002 0.81174489855766307 51.500000000000007 2.5000000000000004
decision_type=2 2 2 2 2 2 2 2 2 2 2 2 2
left_child=1 2 3 -1 -4 7 -7 8 -2 -9 12 -12 -3
right_child=5 10 4 -5 -6 6 -8 9 -10 -11 11 -13 -14
leaf_value=0.40149805651719817 -0.30281700085010832 -0.6333167379898742 0.27446630406281564 41.018631241303801 -1.0282337290440753 0.5524346189573367 -0.7036699352140775 -3.7785759313968215 -0.0043208727798843194 10.023085433191627 0.045158945084800672 -1.1591714343196831 -0.70466650263726371
leaf_weight=963 1651 205 2043 38 2148 31 30 127 263 75 122 63 105
leaf_count=963 1651 205 2043 38 2148 31 30 127 263 75 122 63 105
internal_value=-0.000693707 -0.000328412 -0.000132487 0.000874251 -0.000373093 -0.00164738 0.00251613 -0.00176854 -0.00199269 0.000354679 -0.00237903 -0.000967743 -0.00321544
internal_weight=7864 5687 5192 1001 4191 2177 61 2116 1914 202 495 185 310
internal_count=7864 5687 5192 1001 4191 2177 61 2116 1914 202 495 185 310
is_linear=0
shrinkage=0.08


Tree=57
num_leaves=15
num_cat=0
split_feature=12 21 22 53 49 12 53 55 18 52 45 50 40 56
split_gain=0.367915 0.361936 0.185993 0.226347 0.188086 0.181099 0.26805 0.183902 0.125537 0.171257 0.0909952 0.134407 0.0825645 0.05536
threshold=402.93750000000006 6.3301882743835458 5.3758530616760263 4.5000000000000009 33.178750991821296 526.90625000000011 119.50000000000001 27.07541656494141 0.71875000000000011 27.725139617919925 0.81174489855766307 51.500000000000007 0.38421052694320684 2.5000000000000004
decision_type=2 2 2 2 2 2 2 2 2 2 2 2 2 2
left_child=1 2 4 -4 -1 8 7 -7 9 -2 13 -12 -10 -3
right_child=5 10 3 -5 -6 6 -8 -9 12 -11 11 -13 -14 -15
leaf_value=-5.1810753608192694 -0.73717358002056121 -0.58265139895068441 -0.49672327489260504 0.45441566045389636 63.337651231805985 -0.10059822660708349 0.19666874507432561 -0.23046210416865676 36.255546180541671 -0.09010327102607335 0.041546229478016498 -1.0664377195741086 -10.409121636801446 -0.64829318242628253
leaf_weight=352 644 205 3661 1134 45 1094 57 227 30 89 122 63 36 105
leaf_count=352 644 205 3661 1134 45 1094 57 227 30 89 122 63 36 105
internal_value=-0.000653021 -0.000314347 -0.000117082 2.08498e-05 -0.0017789 -0.00153719 -0.000980422 -0.00121331 -0.002495 -0.00279564 -0.00237903 -0.000967743 0.00083582 -0.00321544
internal_weight=7864 5687 5192 4795 397 2177 1378 1321 799 733 495 185 66 310
internal_count=7864 5687 5192 4795 397 2177 1378 1321 799 733 495 185 66 310
is_linear=0
shrinkage=0.08


Tree=58
num_leaves=13
num_cat=0
split_feature=12 21 22 21 49 28 12 56 9 52 11 53
split_gain=0.333041 0.312159 0.185993 0.19826 0.188086 0.184031 0.21315 0.291134 0.119279 0.115887 0.167216 0.117035
threshold=402.93750000000006 6.3301882743835458 5.3758530616760263 3.8512647151947026 33.178750991821296 9.3815116882324237 526.90625000000011 67.500000000000014 0.35385417938232427 1.0000000180025095e-35 3.4127777814865117 100.50000000000001
decision_type=2 2 2 2 2 2 2 2 2 2 2 2
left_child=1 2 4 -4 -1 -2 8 -8 -7 10 -3 -11
right_child=5 9 3 -5 -6 6 7 -9 -10 11 -12 -13
leaf_value=-4.7665893319537291 -1.2820283784909237 2.0263753113435063 0.66511558983147534 -0.59928867164333943 58.270639133261504 -0.96392826976953194 -0.012336047753970359 -0.47303169536332235 -0.31327385782267014 -0.78274024871615921 -0.56478958585950656 -0.087291585693775847
leaf_weight=352 171 59 1773 3022 45 414 1066 183 343 231 175 30
leaf_count=352 171 59 1773 3022 45 414 1066 183 343 231 175 30
internal_value=-0.000622506 -0.000300282 -0.000117082 2.08498e-05 -0.0017789 -0.00146373 -0.00124763 -0.000604801 -0.00230607 -0.00221774 -0.00091915 -0.00337405
internal_weight=7864 5687 5192 4795 397 2177 2006 1249 757 495 234 261
internal_count=7864 5687 5192 4795 397 2177 2006 1249 757 495 234 261
is_linear=0
shrinkage=0.08


Tree=59
num_leaves=15
num_cat=0
split_feature=12 21 56 12 53 18 59 59 52 11 53 43 40 21
split_gain=0.272937 0.312159 0.178407 0.244773 0.318902 0.172003 0.17699 0.170634 0.115887 0.167216 0.117035 0.103699 0.0369366 0.0728516
threshold=402.93750000000006 6.3301882743835458 67.500000000000014 526.90625000000011 108.50000000000001 0.083333332091569914 122.50000000000001 44.500000000000007 1.0000000180025095e-35 3.4127777814865117 100.50000000000001 0.81241145730018627 0.20526316016912463 3.5512180328369145
decision_type=2 2 2 2 2 2 2 2 2 2 2 2 2 2
left_child=1 5 3 7 -5 11 -7 -2 9 -3 -10 -1 13 -4
right_child=2 8 12 4 -6 6 -8 -9 10 -11 -12 -13 -14 -15
leaf_value=-10.051604616450499 -0.57911121978819191 1.8642652864360276 -0.47977653323597336 -0.082698208011983285 0.21237119517539296 0.098910156404508551 -1.451869526653442 0.11964823873720423 -0.72012102881886653 -0.51960641899074633 -0.080308258838275789 22.506455220418861 -0.55316773934559638 -0.74879409566760602
leaf_weight=112 698 59 31 1122 73 4693 357 32 231 175 30 30 178 43
leaf_count=112 698 59 31 1122 73 4693 357 32 231 175 30 30 178 43
internal_value=-0.000591991 -0.000300282 -0.00135354 -0.00109034 -0.000384616 -0.000117082 -3.95971e-05 -0.0022435 -0.00221774 -0.00091915 -0.00337405 -0.00285315 -0.00335178 -0.00181333
internal_weight=7864 5687 2177 1925 1195 5192 5050 730 495 234 261 142 252 74
internal_count=7864 5687 2177 1925 1195 5192 5050 730 495 234 261 142 252 74
is_linear=0
shrinkage=0.08


Tree=60
num_leaves=15
num_cat=0
split_feature=12 21 12 53 42 55 43 40 24 10 52 52 11 53
split_gain=0.268502 0.321387 0.229601 0.335475 0.586664 0.268801 0.168303 0.403077 0.305671 0.130917 0.229446 0.115887 0.167216 0.117035
threshold=402.93750000000006 6.3301882743835458 526.90625000000011 105.50000000000001 -0.16280825436115262 27.07541656494141 0.91037613153457653 0.14210525900125506 196.09375000000003 1.0554136633872988 27.725139617919925 1.0000000180025095e-35 3.4127777814865117 100.50000000000001
decision_type=2 2 2 2 2 2 2 2 2 2 2 2 2 2
left_child=1 6 9 5 -5 -4 7 -1 -8 -2 -11 12 -3 -13
right_child=2 11 3 4 -6 -7 8 -9 -10 10 -12 13 -14 -15
leaf_value=9.8397406883540111 -0.86852608327893266 1.7151240635211458 -0.046960404737846434 0.65623398075022166 -0.18800373571873533 -0.20508313538126782 11.217066389147629 -0.25869226392021238 -1.8999762053629967 -0.28599823528903173 1.9670234852704915 -0.66251134651335719 -0.4780379054714865 -0.073883598131214007
leaf_weight=532 498 59 1058 34 70 216 209 3940 511 250 51 231 175 30
leaf_count=532 498 59 1058 34 70 216 209 3940 511 250 51 231 175 30
internal_value=-0.000561476 -0.000272153 -0.00131681 -0.000690356 0.00365714 -0.00104784 -8.62709e-05 9.65785e-05 -0.00122053 -0.002395 -0.00107285 -0.00221774 -0.00091915 -0.00337405
internal_weight=7864 5687 2177 1378 104 1274 5192 4472 720 799 301 495 234 261
internal_count=7864 5687 2177 1378 104 1274 5192 4472 720 799 301 495 234 261
is_linear=0
shrinkage=0.08


Tree=61
num_leaves=11
num_cat=0
split_feature=29 55 55 3 52 52 25 42 0 55
split_gain=0.245094 0.244682 0.499213 0.814125 0.29541 0.286678 0.24695 0.158129 0.0700017 0.0625695
threshold=77.882778167724624 27.773750305175785 24.492083549499515 0.034328703768551357 192.00611114501956 28.757638931274418 427.17300415039068 -0.58216583728790272 73.250000000000014 0.46361111104488378
decision_type=2 2 2 2 2 2 2 2 2 2
left_child=7 2 5 -4 6 -2 -3 -1 9 -9
right_child=1 4 3 -5 -6 -7 -8 8 -10 -11
leaf_value=0.063975357623344498 -0.13861821951894834 7.1141840342769598 64.01587648087191 -0.27402177181125253 90.804256345126092 -0.58130152756092524 -0.38268311685793166 -0.11856812989489565 -1.2919797922391758 -1.7817446743547101
leaf_weight=39 5347 159 91 95 46 824 939 55 233 36
leaf_count=39 5347 159 91 95 46 824 939 55 233 36
internal_value=-0.000642849 -0.000544389 -0.000350426 0.00372192 -0.00162096 -0.000473753 -0.00188535 -0.00267033 -0.00324923 -0.00134783
internal_weight=7864 7501 6357 186 1144 6171 1098 363 324 91
internal_count=7864 7501 6357 186 1144 6171 1098 363 324 91
is_linear=0
shrinkage=0.08


Tree=62
num_leaves=14
num_cat=0
split_feature=56 24 58 55 29 58 1 55 33 42 50 34 10
split_gain=0.216443 0.337748 0.273497 0.323193 0.234695 0.197499 0.190447 0.231475 0.188112 0.143986 0.100806 0.0586264 0.0249815
threshold=73.500000000000014 180.00000000000003 7.7918055057525644 34.021528244018562 77.882778167724624 286.71362304687506 386.54692077636724 27.773750305175785 58.708280563354499 -0.58216583728790272 120.50000000000001 49.561822891235359 1.103059768676758
decision_type=2 2 2 2 2 2 2 2 2 2 2 2 2
left_child=4 2 -2 -4 9 8 10 -8 -6 -1 -3 -11 -7
right_child=1 6 3 -5 5 12 7 -9 -10 11 -12 -13 -14
leaf_value=0.058857329013477087 -9.3522235939616305 -0.70733343253173064 39.174739661762111 111.90598505835572 -0.0014996806310996142 -6.235400669318576 11.897599331267687 -12.694676833836262 -0.25176609499399805 -1.1911297404789734 -2.3007639396451385 -0.75059123018231788 -2.4503581920944453
leaf_weight=39 56 411 123 36 4492 105 48 40 2085 178 75 146 30
leaf_count=39 56 411 123 36 4492 105 48 40 2085 178 75 146 30
internal_value=-0.000612334 -0.00186836 0.000833332 0.002525 -0.000472019 -0.000364667 -0.00288 0.000539325 -0.00030222 -0.00245055 -0.00349897 -0.00300308 -0.00338235
internal_weight=7864 789 215 159 7075 6712 574 88 6577 363 486 324 135
internal_count=7864 789 215 159 7075 6712 574 88 6577 363 486 324 135
is_linear=0
shrinkage=0.08


Tree=63
num_leaves=15
num_cat=0
split_feature=56 27 59 56 30 42 33 58 28 1 26 58 43 50
split_gain=0.252759 0.295147 0.548845 0.224295 0.41129 0.458769 0.262394 0.295661 0.208473 0.199979 0.163031 0.355305 0.0872549 0.0781235
threshold=73.500000000000014 28.136529922485355 42.500000000000007 13.500000000000002 0.79761904478073131 -0.88144907355308522 58.636873245239265 1.2959722280502322 424.78636169433599 154.29333496093753 4283.5000000000009 22.349306106567386 -0.52778512239456166 120.50000000000001
decision_type=2 2 2 2 2 2 2 2 2 2 2 2 2 2
left_child=3 2 12 6 9 -6 7 -1 -8 -5 11 -3 -2 -12
right_child=1 10 -4 4 5 -7 8 -9 -10 -11 13 -13 -14 -15
leaf_value=0.13149253907834196 2.6332582499631823 34.291105634332951 105.62795275848462 -0.28848314710622247 0.85791854242366183 0.24690719544204723 -0.35552750840430158 -0.77395233320454515 0.42575497227580855 1.8219474891029084 -0.6504019418803435 -16.024080628208011 -10.439831771328569 -1.9688442165782096
leaf_weight=2542 31 74 55 441 35 253 2077 1580 37 110 430 88 69 42
leaf_count=2542 31 74 55 441 35 253 2077 1580 37 110 430 88 69 42
internal_value=-0.000612334 -0.00196962 0.00115385 -0.000460713 0.000766666 0.00321107 -0.000625943 -0.000254185 -0.00135036 -0.000514494 -0.00273386 -0.000539878 -0.00237624 -0.00348414
internal_weight=7864 789 155 7075 839 288 6236 4122 2114 551 634 162 100 472
internal_count=7864 789 155 7075 839 288 6236 4122 2114 551 634 162 100 472
is_linear=0
shrinkage=0.08


Tree=64
num_leaves=11
num_cat=0
split_feature=56 27 29 10 54 43 42 0 51 50
split_gain=0.255287 0.192626 0.1869 0.185637 0.297276 0.230453 0.130503 0.10203 0.0969768 0.0242607
threshold=118.50000000000001 17.356043815612797 77.882778167724624 1.1478003263473513 1.0000000180025095e-35 0.88144907355308544 -0.58216583728790272 73.250000000000014 1.0000000180025095e-35 120.50000000000001
decision_type=2 2 2 2 2 2 2 2 2 2
left_child=2 -2 6 5 -5 -4 -1 -8 -3 -10
right_child=1 8 3 4 -6 -7 7 -9 9 -11
leaf_value=0.078694800634305229 67.123774437127537 35.167624152872023 0.010552496594296698 2.2468397779363491 -0.29961820434394126 -0.43755974231461553 -0.13209927033199181 -1.0648888289493796 -0.92961150202935927 -1.9023265041938555
leaf_weight=39 53 31 4753 87 1336 902 91 233 309 30
leaf_count=39 53 31 4753 87 1336 902 91 233 309 30
internal_value=-0.000571647 -0.00248113 -0.00046278 -0.000371805 -0.0011882 -0.000166196 -0.00223077 -0.00275692 -0.00312669 -0.00351765
internal_weight=7864 423 7441 7078 1423 5655 363 324 370 339
internal_count=7864 423 7441 7078 1423 5655 363 324 370 339
is_linear=0
shrinkage=0.08


Tree=65
num_leaves=11
num_cat=0
split_feature=56 29 27 52 23 52 42 0 51 50
split_gain=0.263517 0.193785 0.192626 0.176047 0.248617 0.220753 0.130503 0.10203 0.0969768 0.0242607
threshold=118.50000000000001 77.882778167724624 17.356043815612797 28.757638931274418 23.303194999694828 4.462083339691163 -0.58216583728790272 73.250000000000014 1.0000000180025095e-35 120.50000000000001
decision_type=2 2 2 2 2 2 2 2 2 2
left_child=1 6 -2 5 -5 -3 -1 -8 -4 -10
right_child=2 3 8 4 -6 -7 7 -9 9 -11
leaf_value=0.072399216583560952 61.753872482157334 -0.25512450894340855 32.354214220642262 -0.16389317822520943 -1.5471747538852278 0.066705012263830479 -0.12153132870543248 -0.97969772263342936 -0.85524258186701052 -1.7501403838583474
leaf_weight=39 53 4575 31 785 228 1490 91 233 309 30
leaf_count=39 53 4575 31 785 228 1490 91 233 309 30
internal_value=-0.000541133 -0.00043053 -0.00248113 -0.000337902 -0.00131361 -0.000174745 -0.00223077 -0.00275692 -0.00312669 -0.00351765
internal_weight=7864 7441 423 7078 1013 6065 363 324 370 339
internal_count=7864 7441 423 7078 1013 6065 363 324 370 339
is_linear=0
shrinkage=0.08


Tree=66
num_leaves=11
num_cat=0
split_feature=56 27 29 52 23 52 42 0 51 50
split_gain=0.26076 0.192626 0.191477 0.171991 0.248617 0.200123 0.130503 0.10203 0.0969768 0.0242607
threshold=118.50000000000001 17.356043815612797 77.882778167724624 28.757638931274418 23.303194999694828 4.462083339691163 -0.58216583728790272 73.250000000000014 1.0000000180025095e-35 120.50000000000001
decision_type=2 2 2 2 2 2 2 2 2 2
left_child=2 -2 6 5 -5 -4 -1 -8 -3 -10
right_child=1 8 3 4 -6 -7 7 -9 9 -11
leaf_value=0.066607279256875956 56.813562683584742 29.765877082990883 -0.23471454822793572 -0.15078172396719275 -1.4234007735744103 0.061368611282725666 -0.11180882240899807 -0.90132190482275509 -0.78682317531764967 -1.6101291531496793
leaf_weight=39 53 31 4575 785 228 1490 91 233 309 30
leaf_count=39 53 31 4575 785 228 1490 91 233 309 30
internal_value=-0.000551304 -0.00248113 -0.00044128 -0.000349203 -0.00131361 -0.000187934 -0.00223077 -0.00275692 -0.00312669 -0.00351765
internal_weight=7864 423 7441 7078 1013 6065 363 324 370 339
internal_count=7864 423 7441 7078 1013 6065 363 324 370 339
is_linear=0
shrinkage=0.08


Tree=67
num_leaves=13
num_cat=0
split_feature=55 55 55 22 56 58 22 30 49 0 42 1
split_gain=0.270733 0.314247 0.698166 0.43785 0.308412 0.27255 0.247275 0.338682 0.297716 0.205439 0.248267 0.0788129
threshold=27.773750305175785 24.492083549499515 25.005277633666996 7.194155454635621 101.50000000000001 35.948194503784187 5.8762419223785409 0.7127976417541505 1.0297222137451174 56.208332061767585 -0.35206145048141474 199.82814025878909
decision_type=2 2 2 2 2 2 2 2 2 2 2 2
left_child=1 4 -3 -4 5 -1 7 -2 -9 10 -8 -11
right_child=6 2 3 -5 -6 -7 9 8 -10 11 -12 -13
leaf_value=-0.070813182160503557 -8.7047641701850988 63.223669226542796 43.33164617666548 -0.58836931821253902 -1.3718057555818397 -1.4252581553719477 1.9718764266980733 50.68970635382253 -5.7157152631416288 -0.18202583573630612 -2.8043298916942292 -1.1706804944170359
leaf_weight=5804 51 31 67 88 155 572 31 52 47 367 322 277
leaf_count=5804 51 31 67 88 155 572 31 52 47 367 322 277
internal_value=-0.000561476 -0.000367372 0.00286631 0.000641025 -0.000459891 -0.000373844 -0.00169687 0.0013245 0.00404 -0.00215231 -0.000598871 -0.00300155
internal_weight=7864 6717 186 155 6531 6376 1147 150 99 997 353 644
internal_count=7864 6717 186 155 6531 6376 1147 150 99 997 353 644
is_linear=0
shrinkage=0.08


Tree=68
num_leaves=11
num_cat=0
split_feature=55 27 59 25 55 55 3 56 23 19
split_gain=0.325225 0.311732 0.410147 0.280817 0.470468 0.277875 0.811954 0.321453 0.241727 0.119486
threshold=25.55444431304932 11.220140457153322 42.500000000000007 387.89846801757818 292.19180297851568 24.492083549499515 0.034328703768551357 101.50000000000001 22.402916908264164 0.43870143592357641
decision_type=2 2 2 2 2 2 2 2 2 2
left_child=5 2 -2 4 -3 7 -7 8 -1 -5
right_child=1 3 -4 9 -6 6 -8 -9 -10 -11
leaf_value=-0.64262141360407599 -0.66184651451386445 -5.070295982821813 66.200552606526941 -0.18204040705806987 114.55217470208214 59.641680043201369 -3.0585417549665479 -1.2620612951352925 -0.018593866647277198 -0.58630658745633879
leaf_weight=1600 43 97 35 496 36 30 32 155 4776 564
leaf_count=1600 43 97 35 496 36 30 32 155 4776 564
internal_value=-0.000561476 -0.00173271 0.00313924 -0.0020536 0.00140298 -0.000335457 0.00495238 -0.000386406 -0.000298574 -0.00248822
internal_weight=7864 1271 78 1193 133 6593 62 6531 6376 1060
internal_count=7864 1271 78 1193 133 6593 62 6531 6376 1060
is_linear=0
shrinkage=0.08


Tree=69
num_leaves=12
num_cat=0
split_feature=56 12 56 53 42 22 28 27 43 51 50
split_gain=0.26629 0.291373 0.47184 0.495457 0.224341 0.415943 0.258657 0.192626 0.117014 0.0969768 0.0242607
threshold=118.50000000000001 864.89584350585949 3.5000000000000004 4.5000000000000009 -0.35206145048141474 8.6991891860961932 413.67160034179693 17.356043815612797 0.52778512239456188 1.0000000180025095e-35 120.50000000000001
decision_type=2 2 2 2 2 2 2 2 2 2 2
left_child=1 4 8 -4 5 -1 -6 -2 -3 -9 -11
right_child=7 2 3 -5 6 -7 -8 9 -10 10 -12
leaf_value=0.0015742963589301267 44.982250712497915 0.10729165027332344 0.14344175618149524 0.01113940692311687 -0.40656705141345373 12.323506377498674 0.67658514562822303 25.68935723899731 -0.11072324185795926 -0.70756646859782235 -1.376351449403123
leaf_weight=1802 53 113 41 46 4594 48 707 31 90 309 30
leaf_count=1802 53 113 41 46 4594 48 707 31 90 309 30
internal_value=-0.000530961 -0.000419781 0.00206185 0.00695454 -0.000520694 0.000237708 -0.000785365 -0.00248113 -5.88245e-05 -0.00312669 -0.00351765
internal_weight=7864 7441 290 87 7151 1850 5301 423 203 370 339
internal_count=7864 7441 290 87 7151 1850 5301 423 203 370 339
is_linear=0
shrinkage=0.08


Tree=70
num_leaves=12
num_cat=0
split_feature=56 12 56 55 12 19 40 27 43 51 50
split_gain=0.263517 0.232634 0.399813 0.571764 0.274827 0.2726 0.240432 0.192626 0.142138 0.0969768 0.0242607
threshold=118.50000000000001 864.89584350585949 7.5000000000000009 25.55444431304932 402.93750000000006 0.3418289721012116 0.9736841917037965 17.356043815612797 0.52778512239456188 1.0000000180025095e-35 120.50000000000001
decision_type=2 2 2 2 2 2 2 2 2 2 2
left_child=1 4 8 -4 5 -1 -6 -2 -3 -9 -11
right_child=7 2 3 -5 6 -7 -8 9 -10 10 -12
leaf_value=-0.46577615888317508 41.383670655498101 0.069288768759062841 0.1316680538570654 -0.045047378443781025 -0.20116746204635874 -0.042702615666590137 0.31712011105219257 23.634208659877523 -0.086145874884145726 -0.65096115110999631 -1.2662433334508736
leaf_weight=570 53 123 42 31 1700 4832 49 31 94 309 30
leaf_count=570 53 123 42 31 1700 4832 49 31 94 309 30
internal_value=-0.000541133 -0.00043053 0.00178694 0.00686486 -0.000520694 -0.000238387 -0.001392 -0.00248113 5.50449e-05 -0.00312669 -0.00351765
internal_weight=7864 7441 290 73 7151 5402 1749 423 217 370 339
internal_count=7864 7441 290 73 7151 5402 1749 423 217 370 339
is_linear=0
shrinkage=0.08


Tree=71
num_leaves=11
num_cat=0
split_feature=56 29 23 49 43 6 42 0 26 50
split_gain=0.227407 0.203159 0.21743 0.327461 0.209455 0.179601 0.130503 0.10203 0.0734186 0.100149
threshold=118.50000000000001 77.882778167724624 21.963472366333011 51.430694580078132 0.84874749183654796 0.45833332836627966 -0.58216583728790272 73.250000000000014 4283.5000000000009 111.50000000000001
decision_type=2 2 2 2 2 2 2 2 2 2
left_child=1 6 3 -3 -4 8 -1 -8 -2 -10
right_child=5 2 4 -5 -6 -7 7 -9 9 -11
leaf_value=0.083131001047610939 17.246765037239399 -3.028781166298248 0.018699447767900113 39.492868568754339 -0.30726229833793556 39.389140765511151 -0.053431371888914427 -0.78612201516590874 -0.63412236542167411 -0.083140117935250071
leaf_weight=39 33 985 4915 121 1057 32 91 233 328 30
leaf_count=39 33 985 4915 121 1057 32 91 233 328 30
internal_value=-0.000490274 -0.000387531 -0.000292698 -0.00132249 -0.000101792 -0.00229245 -0.00223077 -0.00275692 -0.00276531 -0.00309749
internal_weight=7864 7441 7078 1106 5972 423 363 324 391 358
internal_count=7864 7441 7078 1106 5972 423 363 324 391 358
is_linear=0
shrinkage=0.08


Tree=72
num_leaves=15
num_cat=0
split_feature=12 55 43 50 12 43 18 21 53 42 43 49 56 43
split_gain=0.239522 0.321169 0.482619 0.594636 0.274659 0.247865 0.220743 0.341669 0.178891 0.339583 0.200098 0.178343 0.157338 0.132932
threshold=864.89584350585949 0.044166667386889465 -0.16280825436115262 34.500000000000007 402.93750000000006 0.52778512239456188 0.13541666418313983 3.8512647151947026 101.50000000000001 -0.47114434838294977 0.99465191364288341 4.88861107826233 19.500000000000004 -0.097964655607938753
decision_type=2 2 2 2 2 2 2 2 2 2 2 2 2 2
left_child=4 5 12 -4 6 13 11 -8 10 -10 -6 -1 -3 -2
right_child=1 2 3 -5 8 -7 7 -9 9 -11 -12 -13 -14 -15
leaf_value=-4.9232229335395088 -0.056362816315453264 -0.20162889477239015 5.7893025422109599 0.18754421021100193 -0.28841477887769823 -0.13812175705667024 0.61146913669453495 -0.35491471986115436 0.061145553912374029 -0.085653597692772795 0.81164232381945545 8.1177813786999788 0.049823417092592123 0.18331669728341066
leaf_weight=315 60 33 30 34 1617 77 1758 3517 67 129 57 97 43 30
leaf_count=315 60 33 30 34 1617 77 1758 3517 67 129 57 97 43 30
internal_value=-0.000459759 0.00172727 0.00453901 0.0096 -0.000548823 -0.000642858 -0.000272153 -0.000132677 -0.00138963 0.0008934 -0.00165731 -0.00205327 0.000207791 0.0021978
internal_weight=7864 307 140 64 7557 167 5687 5275 1870 196 1674 412 76 90
internal_count=7864 307 140 64 7557 167 5687 5275 1870 196 1674 412 76 90
is_linear=0
shrinkage=0.08


Tree=73
num_leaves=12
num_cat=0
split_feature=56 23 27 43 22 27 12 58 51 24 27
split_gain=0.249301 0.259171 0.256068 0.240459 0.468323 0.404368 0.22144 0.244395 0.0767264 0.063765 0.0472391
threshold=110.50000000000001 21.963472366333011 17.356043815612797 0.91037613153457653 5.6443843841552743 58.791240692138679 293.47917175292974 137.3555603027344 1.0000000180025095e-35 283.37797546386724 28.870074272155765
decision_type=2 2 2 2 2 2 2 2 2 2 2
left_child=1 6 -2 5 -5 -3 7 -1 -4 -8 -10
right_child=2 3 8 4 -6 -7 9 -9 10 -11 -12
leaf_value=-4.0323501174201253 26.975983291723221 -0.080599106932088646 14.50467686866782 46.725770962604372 -0.37877597927974749 0.16590742532792363 -6.4879356247035433 175.3045788296414 -10.89469056537318 -1.3102511643305326 -0.52067874362308175
leaf_weight=654 59 3927 33 33 835 1447 173 30 52 283 338
leaf_count=654 59 3927 33 33 835 1447 173 30 52 283 338
internal_value=-0.000408901 -0.000293649 -0.00216977 -9.09829e-05 -0.00132566 0.00010865 -0.00140228 -0.000490512 -0.00285849 -0.00276587 -0.00317136
internal_weight=7864 7382 482 6242 868 5374 1140 684 423 456 390
internal_count=7864 7382 482 6242 868 5374 1140 684 423 456 390
is_linear=0
shrinkage=0.08


Tree=74
num_leaves=8
num_cat=0
split_feature=30 0 43 28 28 0 56
split_gain=0.334298 0.253866 0.199744 0.296684 0.293135 0.162374 0.142447
threshold=0.9241071641445161 867.45831298828136 0.88144907355308544 216.45087432861331 413.67160034179693 1157.3333740234377 1.5000000000000002
decision_type=2 2 2 2 2 2 2
left_child=1 2 4 -4 -1 -3 -7
right_child=-2 5 3 -5 -6 6 -8
leaf_value=-0.06959404422371325 0.070215920825685604 -1.5971886013960808 -0.098815819851403669 -6.0166053119981679 8.3449632381847341 -0.19909946627021444 -2.2923695736178469
leaf_weight=5435 46 202 748 415 754 191 73
leaf_count=5435 46 202 748 415 754 191 73
internal_value=-0.000429244 -0.000469626 -0.000354686 -0.00131615 -0.00017383 -0.00227837 -0.000966039
internal_weight=7864 7818 7352 1163 6189 466 264
internal_count=7864 7818 7352 1163 6189 466 264
is_linear=0
shrinkage=0.08


Tree=75
num_leaves=12
num_cat=0
split_feature=0 31 56 55 49 50 42 30 0 56 40
split_gain=0.262324 0.231148 0.434045 0.459993 0.271947 0.872167 0.241728 0.181625 0.162374 0.142447 0.135996
threshold=867.45831298828136 0.40396235883235937 7.5000000000000009 2.3009722232818608 0.83333334326744091 5.5000000000000009 -0.98611506819725026 0.44940476119518286 1157.3333740234377 1.5000000000000002 0.69999998807907116
decision_type=2 2 2 2 2 2 2 2 2 2 2
left_child=1 2 6 -4 5 -3 -1 -6 -2 10 -10
right_child=8 4 3 -5 7 -7 -8 -9 9 -11 -12
leaf_value=9.3885902685818241 -1.469413513284394 -0.31606104437094534 28.983177957624431 0.086604279723999478 37.148805306691415 43.764299077673805 -0.098888978952783937 -0.28569306923025412 1.1614590851839954 -2.1089800077284191 -2.6316927454574266
leaf_weight=80 202 2770 38 639 40 33 1859 1939 151 73 40
leaf_count=80 202 2770 38 639 40 33 1859 1939 151 73 40
internal_value=-0.000439416 -0.000323288 0.000281237 0.0020236 -0.000653984 -0.000146934 -0.000327836 -0.00137172 -0.00227837 -0.000966039 0.000187499
internal_weight=7864 7398 2616 677 4782 2803 1939 1979 466 264 191
internal_count=7864 7398 2616 677 4782 2803 1939 1979 466 264 191
is_linear=0
shrinkage=0.08


Tree=76
num_leaves=8
num_cat=0
split_feature=30 0 19 19 0 52 56
split_gain=0.340382 0.236917 0.16769 0.175388 0.162374 0.154947 0.142447
threshold=0.9241071641445161 867.45831298828136 0.35293905436992651 0.43870143592357641 1157.3333740234377 25.929861068725589 1.5000000000000002
decision_type=2 2 2 2 2 2 2
left_child=1 2 5 -4 -3 -1 -6
right_child=-2 4 3 -5 6 -7 -8
leaf_value=-0.62364790953384797 0.072509765475853388 -1.3518604322216425 0.050708675495193922 -0.11733119706801856 -0.27608823578331687 -2.9933148296645911 -1.9402616071101457
leaf_weight=449 46 202 2227 4531 191 145 73
leaf_count=449 46 202 2227 4531 191 145 73
internal_value=-0.000490274 -0.000531015 -0.000419966 -0.000306555 -0.00227837 -0.00170756 -0.000966039
internal_weight=7864 7818 7352 6758 466 594 264
internal_count=7864 7818 7352 6758 466 594 264
is_linear=0
shrinkage=0.08


Tree=77
num_leaves=9
num_cat=0
split_feature=0 30 0 56 27 56 56 40
split_gain=0.248008 0.182758 0.162374 0.160847 0.22167 0.17467 0.142447 0.135996
threshold=867.45831298828136 0.9241071641445161 1157.3333740234377 110.50000000000001 17.356043815612797 13.500000000000002 1.5000000000000002 0.69999998807907116
decision_type=2 2 2 2 2 2 2 2
left_child=1 3 -2 5 -5 -1 7 -4
right_child=2 -3 6 4 -6 -7 -8 -9
leaf_value=-0.12380996510474072 -1.2437115976439099 0.06670898423778511 1.09062941723194 24.858134361705655 -0.43975994168103139 0.047610313606871089 -1.7850406785413342 -2.3990702669581667
leaf_weight=5762 202 46 151 59 420 1111 73 40
leaf_count=5762 202 46 151 59 420 1111 73 40
internal_value=-0.000490274 -0.000377349 -0.00227837 -0.000409086 -0.001825 -0.000310155 -0.000966039 0.000187499
internal_weight=7864 7398 466 7352 479 6873 264 191
internal_count=7864 7398 466 7352 479 6873 264 191
is_linear=0
shrinkage=0.08


Tree=78
num_leaves=12
num_cat=0
split_feature=0 30 14 59 3 40 56 0 52 40 40
split_gain=0.256549 0.180385 0.146721 0.148274 0.10539 0.168713 0.346902 0.0677065 0.173407 0.0287521 0.0232513
threshold=867.45831298828136 0.9241071641445161 114.50000000000001 242.00000000000003 0.16353008151054385 0.58421051502227794 1.5000000000000002 1275.5000000000002 0.020694443956017498 0.83684211969375621 0.54210525751113903
decision_type=2 2 2 2 2 2 2 2 2 2 2
left_child=1 2 10 -4 7 6 -6 9 -9 -2 -1
right_child=4 -3 3 -5 5 -7 -8 8 -10 -11 -12
leaf_value=-1.4282128103428655 -1.2418951937034211 0.061372265498762318 -0.047129995217056853 -1.4822633034227004 7.1626106884745129 -2.1892443949999252 -3.5944806924502433 1.0033814527132345 -5.6960603771628087 -0.98713778135909469 -1.0075760162749219
leaf_weight=81 224 46 7170 71 45 51 36 31 49 30 30
leaf_count=81 224 46 7170 71 45 51 36 31 49 30 30
internal_value=-0.000459759 -0.000344912 -0.000376446 -0.000331953 -0.00227837 -0.000360903 0.00190244 -0.00303284 -0.000987655 -0.00367059 -0.00325
internal_weight=7864 7398 7352 7241 466 132 81 334 80 254 111
internal_count=7864 7398 7352 7241 466 132 81 334 80 254 111
is_linear=0
shrinkage=0.08


Tree=79
num_leaves=10
num_cat=0
split_feature=0 30 19 49 53 0 56 40 40
split_gain=0.221021 0.178028 0.152854 0.180968 0.134163 0.122611 0.142447 0.135996 0.0276479
threshold=867.45831298828136 0.9241071641445161 0.35293905436992651 36.581806182861335 8.5000000000000018 1157.3333740234377 1.5000000000000002 0.69999998807907116 0.78421053290367138
decision_type=2 2 2 2 2 2 2 2 2
left_child=1 2 4 -4 -1 8 7 -7 -2
right_child=5 -3 3 -5 -6 6 -8 -9 -10
leaf_value=-0.84565277300189134 -1.2076851233956405 0.056462484258861426 -0.014245479785108364 -0.24834752593139153 -1.7739292145640753 0.71903960879676387 -1.5428858087617536 -2.0320050940015193 -0.90816675885036702
leaf_weight=428 172 46 6040 718 166 151 73 40 30
leaf_count=428 172 46 6040 718 166 151 73 40 30
internal_value=-0.000419073 -0.000312476 -0.000343806 -0.000235539 -0.00157311 -0.00210707 -0.000966039 0.000187499 -0.00358621
internal_weight=7864 7398 7352 6758 594 466 264 191 202
internal_count=7864 7398 7352 6758 594 466 264 191 202
is_linear=0
shrinkage=0.08


Tree=80
num_leaves=11
num_cat=0
split_feature=11 43 0 11 59 53 3 40 52 42
split_gain=0.259455 1.02032 0.212498 0.200607 0.156529 0.12332 0.0873722 0.168713 0.0984868 0.0164294
threshold=5.3654167652130136 -0.47114434838294977 867.45831298828136 4.8018054962158212 122.50000000000001 85.500000000000014 0.16353008151054385 0.58421051502227794 1.0000000180025095e-35 -0.2901292592287063
decision_type=2 2 2 2 2 2 2 2 2 2
left_child=2 -2 3 4 -1 -5 8 -8 -4 -3
right_child=1 9 6 5 -6 -7 7 -9 -10 -11
leaf_value=-0.026614983298782806 0.3325906791092208 -0.069368504002078543 -0.80038452474732069 -2.4377483773380817 -1.3291710818534868 4.4185689317554173 4.8503175259736091 -1.8929624789516226 -1.1338509070412728 -0.23216360120804452
leaf_weight=6511 41 30 143 316 425 40 81 51 191 35
leaf_count=6511 41 30 143 316 425 40 81 51 191 35
internal_value=-0.000398729 0.00351402 -0.000452637 -0.000346635 -0.000251406 -0.00219608 -0.00210707 -0.000360903 -0.00279403 -0.00272727
internal_weight=7864 106 7758 7292 6936 356 466 132 334 65
internal_count=7864 106 7758 7292 6936 356 466 132 334 65
is_linear=0
shrinkage=0.08


Tree=81
num_leaves=10
num_cat=0
split_feature=42 35 59 22 22 42 42 55 55
split_gain=0.185486 0.513763 0.194709 0.178866 0.232178 0.50543 0.393588 0.183613 0.253463
threshold=0.99892947077751171 166.18847656250003 1.5000000000000002 6.2184813022613534 7.6089873313903817 0.84874749183654796 0.58216583728790294 513.52847290039074 0.56944444775581371
decision_type=2 2 2 2 2 2 2 2 2
left_child=3 -2 -3 7 5 -5 -6 8 -1
right_child=1 2 -4 4 6 -7 -8 -9 -10
leaf_value=-0.91976405658542681 24.768036838910017 0.065788335890470284 -1.4192443090513716 0.1252277135487854 -0.2628079597867779 -0.17964064640999014 0.088264029159702148 57.478482248905905 -3.7955446028942768
leaf_weight=764 30 42 46 2302 2056 657 1336 39 592
leaf_count=764 30 42 46 2302 2056 657 1336 39 592
internal_value=-0.000378386 0.0027563 -0.000359552 -0.000426489 -0.000246223 0.000271621 -0.000697908 -0.00124642 -0.0014031
internal_weight=7864 118 88 7746 6351 2959 3392 1395 1356
internal_count=7864 118 88 7746 6351 2959 3392 1395 1356
is_linear=0
shrinkage=0.08


Tree=82
num_leaves=13
num_cat=0
split_feature=12 55 42 11 43 19 22 40 2 49 52 42
split_gain=0.2778 0.34698 0.50642 0.176944 0.791677 0.185241 0.1836 0.172504 0.27221 0.17568 0.151713 0.0164294
threshold=864.89584350585949 14.102638721466066 0.72947329282760631 5.3654167652130136 -0.47114434838294977 0.35293905436992651 7.6309361457824716 0.26842105388641363 5548.5000000000009 0.013472222257405521 25.929861068725589 -0.2901292592287063
decision_type=2 2 2 2 2 2 2 2 2 2 2 2
left_child=3 7 -3 5 -5 10 -7 8 -2 -9 -1 -6
right_child=1 2 -4 4 11 6 -8 9 -10 -11 -12 -13
leaf_value=-1.0232893227165274 0.26578307977554494 0.066617121832094367 -0.12008977220378948 0.2959652076965798 -0.073837240765815104 -0.00090208261659332242 -0.4930208750787301 0.049476506149719955 -0.99725872760935619 -0.06151913080955794 -3.3921002666844915 -0.20653609215227817
leaf_weight=499 50 44 30 41 30 3796 3001 47 38 98 155 35
leaf_count=499 50 44 30 41 30 3796 3001 47 38 98 155 35
internal_value=-0.000368215 0.00198701 0.00672 -0.000464145 0.00276635 -0.000510468 -0.000386585 0.000461538 0.00323595 -0.00123288 -0.00179542 -0.00272727
internal_weight=7864 307 74 7557 106 7451 6797 233 88 145 654 65
internal_count=7864 307 74 7557 106 7451 6797 233 88 145 654 65
is_linear=0
shrinkage=0.08


Tree=83
num_leaves=12
num_cat=0
split_feature=12 49 56 49 0 56 30 44 52 50 40
split_gain=0.339801 0.327266 0.491299 0.227011 0.172863 0.169037 0.161412 0.0910679 0.128005 0.0240548 0.0240389
threshold=864.89584350585949 29.295971870422367 19.500000000000004 21.799166679382328 726.00000000000011 176.50000000000003 0.47023808956146246 0.6078576147556306 25.460139274597172 88.500000000000014 0.41578947007656103
decision_type=2 2 2 2 2 2 2 2 2 2 2
left_child=4 2 3 -2 5 6 -1 8 -6 -7 -9
right_child=1 -3 -4 -5 7 9 -8 10 -10 -11 -12
leaf_value=29.150631850047247 0.0022730829220803184 -0.074181442502068776 0.069322948529533746 0.17492302692492268 -0.79191836978775676 -0.70330708293884547 -0.098408018511926848 -0.99374165559794136 5.0873746359709484 -0.063824887305045139 -0.76674822313627977
leaf_weight=271 178 46 49 34 293 91 6640 114 30 30 88
leaf_count=271 178 46 49 34 293 91 6640 114 30 30 88
internal_value=-0.000358043 0.00224675 0.00334351 0.00165258 -0.000464145 -0.000359449 -0.000307293 -0.00186312 -0.00102469 -0.00331148 -0.00319212
internal_weight=7864 307 261 212 7557 7032 6911 525 323 121 202
internal_count=7864 307 261 212 7557 7032 6911 525 323 121 202
is_linear=0
shrinkage=0.08


Tree=84
num_leaves=15
num_cat=0
split_feature=36 53 42 40 12 16 42 53 14 44 59 38 43 43
split_gain=0.224015 0.456404 0.447838 0.474967 0.320331 0.265094 0.308027 0.237007 0.234277 0.26244 0.207831 0.172404 0.201189 0.177597
threshold=336.00000000000006 103.50000000000001 -0.47114434838294977 0.18421053141355517 402.93750000000006 22.872672080993656 0.95642796158790599 7.5000000000000009 2337.0000000000005 1.0000000180025095e-35 36.500000000000007 1.0000000180025095e-35 -0.93540480732917775 0.99465191364288341
decision_type=2 2 2 2 2 2 2 2 2 2 2 2 2 2
left_child=4 5 -3 -4 8 6 -2 -7 9 -1 -10 13 -13 -6
right_child=1 2 3 -5 11 7 -8 -9 10 -11 -12 12 -14 -15
leaf_value=0.099353862400684251 -0.187660944072326 0.29135596560156735 0.13608688908189912 -0.1567404511887413 -0.89218290831682145 0.088839079670929952 0.42517405891543891 -0.0033179351251695841 1.159652750990287 -0.53706075280706944 -5.4690755980625001 28.463454149844896 -0.22795165570099929 1.8502297860904018
leaf_weight=1486 484 48 53 95 882 406 59 404 1367 2029 191 32 297 31
leaf_count=1486 484 48 53 95 882 406 59 404 1367 2029 191 32 297 31
internal_value=-0.000317356 0.000544515 0.00414213 0.00193288 -0.000528817 2.06785e-05 -0.00134559 0.000937114 -0.000246749 -0.000608647 0.000569595 -0.00167981 -0.000109092 -0.00224508
internal_weight=7864 1549 196 148 6315 1353 543 810 5073 3515 1558 1242 329 913
internal_count=7864 1549 196 148 6315 1353 543 810 5073 3515 1558 1242 329 913
is_linear=0
shrinkage=0.08


Tree=85
num_leaves=10
num_cat=0
split_feature=11 43 0 0 55 55 56 52 42
split_gain=0.260805 0.660142 0.168398 0.181274 0.463994 0.169178 0.0933261 0.141317 0.0694597
threshold=5.3654167652130136 -0.47114434838294977 867.45831298828136 683.83331298828136 46.722223281860359 36.127500534057624 2.5000000000000004 27.725139617919925 -0.2901292592287063
decision_type=2 2 2 2 2 2 2 2 2
left_child=2 -2 3 5 -5 -1 7 -4 -3
right_child=1 8 6 4 -6 -7 -8 -9 -10
leaf_value=-0.098676821958611619 0.32312549278637298 -0.017092759799030351 -0.69773282942293535 0.020657118824652865 5.7183866283795002 -0.32933494459790408 -2.0849270046483155 4.6310932150503898 -0.13917570307457627
leaf_weight=6137 41 30 326 359 33 763 110 30 35
leaf_count=6137 41 30 326 359 33 763 110 30 35
internal_value=-0.000408901 0.00351402 -0.000462947 -0.000368574 0.0013028 -0.000463702 -0.00193576 -0.00129972 -0.00151515
internal_weight=7864 106 7758 7292 392 6900 466 356 65
internal_count=7864 106 7758 7292 392 6900 466 356 65
is_linear=0
shrinkage=0.08


Tree=86
num_leaves=11
num_cat=0
split_feature=11 43 24 40 56 15 55 53 22 42
split_gain=0.254093 0.660142 0.219696 0.523505 1.14326 0.266416 0.241413 0.188586 0.173072 0.0694597
threshold=5.3654167652130136 -0.47114434838294977 616.98809814453136 0.58421051502227794 13.500000000000002 13.809542655944826 28.484027862548832 4.5000000000000009 5.8762419223785409 -0.2901292592287063
decision_type=2 2 2 2 2 2 2 2 2 2
left_child=2 -2 6 5 -5 -4 7 -1 -8 -3
right_child=1 9 3 4 -6 -7 8 -9 -10 -11
leaf_value=-0.21583898840142621 0.29727545336346306 -0.015725339015107895 0.13350522591219607 -0.063219260186987244 0.079010368959873664 -0.31654450762610925 4.662195367596988 0.062133037353448113 -0.54938257433908677 -0.12804164682861013
leaf_weight=4829 41 30 124 56 43 87 148 1627 844 35
leaf_count=4829 41 30 124 56 43 87 148 1627 844 35
internal_value=-0.000358043 0.00351402 -0.000411394 0.00167202 0.00644 -0.000584907 -0.000498323 -0.000319654 -0.00165962 -0.00151515
internal_weight=7864 106 7758 310 99 211 7448 6456 992 65
internal_count=7864 106 7758 310 99 211 7448 6456 992 65
is_linear=0
shrinkage=0.08


Tree=87
num_leaves=14
num_cat=0
split_feature=1 2 23 58 49 55 55 36 49 24 47 42 24
split_gain=0.205762 0.440798 0.356966 0.290335 0.294385 0.248879 0.411393 0.236801 0.261926 0.248034 0.201528 0.0838822 0.050575
threshold=279.58377075195318 679.50000000000011 22.254583358764652 53.111665725708015 64.026111602783217 0.044166667386889465 0.18500000238418582 20.500000000000004 79.912918090820327 250.0059509277344 1.0000000180025095e-35 -0.88144907355308522 321.43304443359381
decision_type=2 2 2 2 2 2 2 2 2 2 2 2 2
left_child=1 7 11 4 -3 10 -7 9 -9 -1 -4 -2 -13
right_child=2 3 5 -5 -6 6 -8 8 -10 -11 -12 12 -14
leaf_value=-1.0076638763990398 31.033806382107947 0.084185033196568268 -0.1770705236632488 -1.0918197007598143 -0.086166266455990057 57.94399132311802 0.067674659229665229 -0.66289326480136657 34.968936807011943 0.28935648451458068 -0.86240348801543532 -5.3436673496807563 -0.69627786781131706
leaf_weight=1704 31 944 481 62 102 47 777 1652 75 1041 479 312 157
leaf_count=1704 31 944 481 62 102 47 777 1652 75 1041 479 312 157
internal_value=-0.000347871 -8.6007e-05 -0.000987309 0.00134175 0.00165807 -0.000457144 0.000562423 -0.000439974 -0.00117361 2.1849e-05 -0.00133195 -0.00287425 -0.00314043
internal_weight=7864 5580 2284 1108 1046 1784 824 4472 1727 2745 960 500 469
internal_count=7864 5580 2284 1108 1046 1784 824 4472 1727 2745 960 500 469
is_linear=0
shrinkage=0.08


Tree=88
num_leaves=10
num_cat=0
split_feature=11 43 11 0 43 53 47 56 54
split_gain=0.260805 0.494405 0.223967 0.191291 0.155348 0.13691 0.1161 0.0933261 0.0634286
threshold=5.3654167652130136 -0.52778512239456166 4.8018054962158212 867.45831298828136 0.91037613153457653 85.500000000000014 1.0000000180025095e-35 2.5000000000000004 1.0000000180025095e-35
decision_type=2 2 2 2 2 2 2 2 2
left_child=2 -2 3 4 -1 8 -3 -5 -4
right_child=1 6 5 7 -6 -7 -8 -9 -10
leaf_value=-0.010259543626152589 12.155422873855187 0.025208732834011132 -2.1211182015700296 -0.50837755522598027 -0.26629439009496708 4.2061115528020947 -0.51843379072393891 -3.100557601746849 -2.0598926158646647
leaf_weight=5988 37 36 40 356 948 40 33 110 276
leaf_count=5988 37 36 40 356 948 40 33 110 276
internal_value=-0.000408901 0.00351402 -0.000462947 -0.0003685 -0.000262939 -0.00242017 -0.000514287 -0.00193576 -0.00297792
internal_weight=7864 106 7758 7402 6936 356 69 466 316
internal_count=7864 106 7758 7402 6936 356 69 466 316
is_linear=0
shrinkage=0.08


Tree=89
num_leaves=9
num_cat=0
split_feature=10 55 55 49 21 42 55 26
split_gain=0.258803 0.152045 0.314553 0.375595 0.236668 0.394222 0.223615 0.0433351
threshold=1.8047255277633669 36.127500534057624 32.701805114746101 9.9052782058715838 4.0392332077026376 -0.81241145730018605 28.484027862548832 4766.0000000000009
decision_type=2 2 2 2 2 2 2 2
left_child=1 2 6 -4 5 -3 -1 -6
right_child=-2 4 3 -5 7 -7 -8 -9
leaf_value=-0.046330119509555873 -1.5108787744237637 5.3549902694590727 46.990709736624183 -0.3440590715720952 -5.4579387142223759 -0.19711218654673446 -0.52084179056976621 -0.51681030274739537
leaf_weight=6644 129 33 48 35 67 534 179 195
leaf_count=6644 129 33 48 35 67 534 179 195
internal_value=-0.000429244 -0.000369701 -0.000246707 0.00461905 -0.00139277 -0.000471832 -0.000306566 -0.00337643
internal_weight=7864 7735 6906 83 829 567 6823 262
internal_count=7864 7735 6906 83 829 567 6823 262
is_linear=0
shrinkage=0.08


Tree=90
num_leaves=14
num_cat=0
split_feature=55 27 58 47 33 54 43 22 30 49 25 55 12
split_gain=0.189427 0.243927 0.569328 0.460839 0.192083 0.459116 0.340098 0.37788 0.362199 0.203204 0.185673 0.515556 0.180917
threshold=27.773750305175785 18.516941070556644 6.066805601119996 1.0000000180025095e-35 58.354330062866218 1.0000000180025095e-35 -0.35206145048141474 6.1749844551086435 0.82589286565780651 36.581806182861335 387.89846801757818 292.19180297851568 216.86458587646487
decision_type=2 2 2 2 2 2 2 2 2 2 2 2 2
left_child=4 2 -2 -4 6 -6 7 -1 -8 -7 11 -3 -12
right_child=1 10 3 -5 5 9 8 -9 -10 -11 12 -13 -14
leaf_value=-5.6743387848406472 -0.48905270135036333 -5.3033347035859313 43.18842494997142 0.3668080988321259 23.673831864353922 -0.11861328174091744 -0.21251690433361631 5.9309239712608921 16.391515041038414 -0.73581657738443484 -5.4240473662197033 100.62313495364079 -0.2567381333209327
leaf_weight=354 54 88 30 34 41 2387 2450 1240 69 176 305 36 600
leaf_count=354 54 88 30 34 41 2387 2450 1240 69 176 305 36 600
internal_value=-0.000398729 -0.00134843 0.00208403 0.00713846 -0.000236381 -0.000773897 0.000104034 0.00101818 -0.000474604 -0.000909517 -0.00174369 0.001152 -0.00214128
internal_weight=7864 1147 118 64 6717 2604 4113 1594 2519 2563 1029 124 905
internal_count=7864 1147 118 64 6717 2604 4113 1594 2519 2563 1029 124 905
is_linear=0
shrinkage=0.08


Tree=91
num_leaves=14
num_cat=0
split_feature=55 53 22 17 16 40 42 22 18 30 29 59 59
split_gain=0.20054 0.200522 0.328905 0.427249 0.257656 0.44549 0.305139 0.169532 0.25679 0.181267 0.115067 0.226729 0.0250866
threshold=27.773750305175785 4.5000000000000009 5.3758530616760263 79.141525268554702 0.37635099887847906 0.16315789520740512 0.99892947077751171 7.5549843311309823 0.34375000000000006 0.75595238804817211 3959.455688476563 3.5000000000000004 74.500000000000014
decision_type=2 2 2 2 2 2 2 2 2 2 2 2 2
left_child=1 4 -3 -4 5 -1 -6 8 9 -2 12 -12 -9
right_child=7 2 3 -5 6 -7 -8 10 -10 -11 11 -13 -14
leaf_value=31.929289457194628 -1.4666226616636868 -9.3528755081415866 0.1701627252386945 -0.16845283452101453 -0.33557116717995816 -0.087068472540561631 28.909672374249364 -0.43211210608996925 39.582752465302342 0.034909045547799562 -9.9186780076936056 8.1434401494505675 -8.5675035922152194
leaf_weight=61 387 105 940 806 4488 253 64 246 57 299 86 38 34
leaf_count=61 387 105 940 806 4488 253 64 246 57 299 86 38 34
internal_value=-0.000510618 -0.000343556 0.00036501 0.00062736 -0.00061311 0.0016 -0.000766089 -0.00148781 -0.000768818 -0.00119942 -0.00280494 -0.000768001 -0.00370107
internal_weight=7864 6717 1851 1746 4866 314 4552 1147 743 686 404 124 280
internal_count=7864 6717 1851 1746 4866 314 4552 1147 743 686 404 124 280
is_linear=0
shrinkage=0.08


Tree=92
num_leaves=14
num_cat=0
split_feature=43 33 55 43 5 40 27 58 55 33 27 22 15
split_gain=0.167247 0.246359 0.274219 0.581899 0.236969 0.248225 0.211975 0.49484 0.251041 0.2102 0.348427 0.103686 0.0933366
threshold=-0.81241145730018605 68.641983032226577 0.27555555105209356 0.35206145048141485 101.26041793823244 0.52105262875556957 50.203218460083015 2.6202777624130253 36.127500534057624 59.031658172607429 44.474695205688484 8.3345527648925799 7.7050030231475839
decision_type=2 2 2 2 2 2 2 2 2 2 2 2 2
left_child=4 6 12 -4 9 -6 8 -8 -2 10 -1 -11 -3
right_child=1 2 3 -5 5 -7 7 -9 -10 11 -12 -13 -14
leaf_value=10.098375455299692 -0.22791089261480887 0.12933768869036275 -0.20233696521424535 1.4611648392480714 -0.12634798977659936 93.051676675409652 0.098293126944176704 -0.93548761725607943 -0.94292911620879216 -0.66414091573929201 -0.47792476349770291 -0.69954831328632783 -1.6148935293465485
leaf_weight=341 3503 58 43 36 49 32 1410 983 315 362 642 59 31
leaf_count=341 3503 58 43 36 49 32 1410 983 315 362 642 59 31
internal_value=-0.000541133 -0.00036301 0.00265089 0.00605 -0.00130552 0.00287805 -0.000444946 0.000145362 -0.000814874 -0.00154876 -0.000906505 -0.00304265 -0.000400001
internal_weight=7864 6379 168 79 1485 81 6211 2393 3818 1404 983 421 89
internal_count=7864 6379 168 79 1485 81 6211 2393 3818 1404 983 421 89
is_linear=0
shrinkage=0.08


Tree=93
num_leaves=14
num_cat=0
split_feature=43 50 49 0 43 26 7 31 24 28 43 5 40
split_gain=0.240038 0.224803 0.52552 0.338504 0.319066 0.71907 0.233576 0.186873 0.400153 0.198953 0.373867 0.20327 0.0688733
threshold=-0.81241145730018605 6.5000000000000009 0.83333334326744091 493.50000000000006 -0.35206145048141474 2965.5000000000005 0.40284535288810736 0.496600091457367 252.24404144287112 471.63014221191412 -0.95642796158790577 101.26041793823244 0.51052629947662365
decision_type=2 2 2 2 2 2 2 2 2 2 2 2 2
left_child=7 4 -3 -4 5 -2 -6 9 12 11 -11 -1 -9
right_child=1 2 3 -5 6 -7 -8 8 -10 10 -12 -13 -14
leaf_value=-0.47814697762430824 99.608269201469085 84.267406304609651 -0.14215246711741727 0.046915362708185089 -0.51875557059298616 -0.017474119893616042 -0.11796333732177418 -15.174933191266737 445.41878626117654 103.82103771416989 -12.697657423160122 1.8597779865630417 2.5419785490906284
leaf_weight=1214 81 33 1414 509 2042 971 1329 42 39 30 47 81 32
leaf_count=1214 81 33 1414 509 2042 971 1329 42 39 30 47 81 32
internal_value=-0.000551304 -0.000337932 0.000376085 0.000201662 -0.000653708 0.000562202 -0.00103322 -0.00146703 0.00164912 -0.00172469 0.00220513 -0.00195988 -0.00181333
internal_weight=7864 6379 1956 1923 4423 1052 3371 1485 113 1372 77 1295 74
internal_count=7864 6379 1956 1923 4423 1052 3371 1485 113 1372 77 1295 74
is_linear=0
shrinkage=0.08


Tree=94
num_leaves=14
num_cat=0
split_feature=43 53 10 35 33 25 30 42 40 1 14 29 12
split_gain=0.204148 0.197862 0.584797 0.228709 0.453086 0.188116 0.277966 0.400743 0.251804 0.252655 0.219954 0.202773 0.120402
threshold=-0.81241145730018605 108.50000000000001 0.98025137186050426 167.29041290283206 52.978227615356452 855.83786010742199 0.8229166865348817 0.72947329282760631 0.96315789222717296 483.45411682128912 9997.5000000000018 1005.2933349609376 244.63541412353518
decision_type=2 2 2 2 2 2 2 2 2 2 2 2 2
left_child=1 3 -3 12 -5 8 11 -8 10 -10 -2 -7 -1
right_child=5 2 -4 4 -6 6 7 -9 9 -11 -12 -13 -14
leaf_value=-2.0942494429271838 -0.0025812785318820798 -0.57314507722171504 23.89012941808215 122.81099815908867 -0.42228880578428851 -0.4568687190893001 -0.67005964052681477 1.6204286729433384 -0.67304695579192808 0.23802829475088774 0.9818201055966036 -0.03146977147773275 -0.24642248808758305
leaf_weight=418 3781 59 32 90 352 1077 75 43 176 30 118 1079 534
leaf_count=418 3781 59 32 90 352 1077 75 43 176 30 118 1079 534
internal_value=-0.000622506 -0.00146703 0.00213043 -0.00170323 -0.000198647 -0.000425706 -0.00100923 0.0027563 -0.00010229 -0.00282126 4.20503e-05 -0.00121651 -0.00240084
internal_weight=7864 1485 91 1394 442 6379 2274 118 4105 206 3899 2156 952
internal_count=7864 1485 91 1394 442 6379 2274 118 4105 206 3899 2156 952
is_linear=0
shrinkage=0.08


Tree=95
num_leaves=12
num_cat=0
split_feature=43 30 5 1 47 25 40 52 40 56 53
split_gain=0.243158 0.187248 0.18135 0.21009 0.185221 0.158614 0.212943 0.195757 0.492065 0.276776 0.188415
threshold=-0.81241145730018605 0.47023808956146246 101.26041793823244 513.27648925781261 1.0000000180025095e-35 855.83786010742199 0.98421052098274242 30.546944618225101 0.036842105910182006 118.50000000000001 108.50000000000001
decision_type=2 2 2 2 2 2 2 2 2 2 2
left_child=1 -1 3 -3 -4 7 10 9 -9 -2 -7
right_child=5 2 4 -5 -6 6 -8 8 -10 -11 -12
leaf_value=192.20508675238477 0.070991027696208756 -0.47405399082263039 32.734066833836955 0.2523792202277233 -0.96370897985975579 -0.18474260090396058 2.8380224467737492 36.556876070066146 -0.81180458228246111 -0.43388029705062153 0.19964839689176997
leaf_weight=58 3246 1147 41 199 40 2106 48 33 569 257 120
leaf_count=58 3246 1147 41 199 40 2106 48 33 569 257 120
internal_value=-0.000653021 -0.0015747 -0.0017563 -0.00197773 0.00190244 -0.000438245 -0.000974067 -0.000141258 -0.00147264 8.78986e-05 -0.00108846
internal_weight=7864 1485 1427 1346 81 6379 2274 4105 602 3503 2226
internal_count=7864 1485 1427 1346 81 6379 2274 4105 602 3503 2226
is_linear=0
shrinkage=0.08


Tree=96
num_leaves=14
num_cat=0
split_feature=36 53 52 53 43 56 40 1 43 25 43 30 30
split_gain=0.267966 0.419005 0.577385 0.327117 0.261209 0.255963 0.235962 0.362242 0.229489 0.206369 0.221605 0.219805 0.17675
threshold=447.50000000000006 105.50000000000001 22.289999961853031 112.50000000000001 -0.81241145730018605 132.50000000000003 0.52105262875556957 513.27648925781261 -0.032701563090086067 855.83786010742199 -0.52778512239456166 0.8229166865348817 0.47023808956146246
decision_type=2 2 2 2 2 2 2 2 2 2 2 2 2
left_child=4 5 -3 -4 6 8 12 -8 -2 10 -6 -11 -1
right_child=1 2 3 -5 9 -7 7 -9 -10 11 -12 -13 -14
leaf_value=213.61193136908821 -0.14040911416228363 1.7805040934741734 0.067861849817191996 -0.054850657947812034 4.2497070085256006 0.021389483092656991 -1.4067808552640708 14.978632178715106 0.021745421409221609 -0.51377274358527603 -0.22511686830984673 0.4900881082857042 -1.2192498186811158
leaf_weight=35 514 30 30 91 579 50 425 73 507 1650 3049 118 713
leaf_count=35 514 30 30 91 579 50 425 73 507 1650 3049 118 713
internal_value=-0.000571647 0.000516761 0.00444737 0.00193443 -0.000771941 -4.10457e-05 -0.00181556 -0.000464931 -0.000317026 -0.000530666 -0.000185176 -0.00123912 -0.00271295
internal_weight=7864 1222 151 121 6642 1071 1246 498 1021 5396 3628 1768 748
internal_count=7864 1222 151 121 6642 1071 1246 498 1021 5396 3628 1768 748
is_linear=0
shrinkage=0.08


Tree=97
num_leaves=15
num_cat=0
split_feature=43 27 58 58 58 33 12 12 55 27 16 14 28 58
split_gain=0.286305 0.240317 0.584139 0.454064 0.287996 0.229686 0.309282 0.49025 0.209768 0.205549 0.198999 0.122339 0.0927355 0.147618
threshold=-0.81241145730018605 50.203218460083015 2.6202777624130253 0.80333334207534801 16.332638740539554 59.031658172607429 241.78125000000003 248.52083587646487 28.484027862548832 18.516941070556644 4.1095104217529306 954.50000000000011 213.47305297851565 20.547361373901371
decision_type=2 2 2 2 2 2 2 2 2 2 2 2 2 2
left_child=5 8 3 -3 -4 6 11 -8 10 -10 -2 -1 -7 -14
right_child=1 2 4 -5 -6 12 7 -9 9 -11 -12 -13 13 -15
leaf_value=-5.3179515351217654 0.075020733415692986 0.047134697897933897 -1.1463611464939021 5.9335997466368751 -0.57086264786077989 -0.4963299989395214 368.79186222364496 -0.13256831809877317 0.72357922652078066 -1.0964832806148688 -0.30170229431979823 -7.1128778693126939 -13.969577517439607 16.685828662746616
leaf_weight=214 1164 1323 303 87 680 411 35 527 95 368 2359 237 31 30
leaf_count=214 1164 1323 303 87 680 411 35 527 95 368 2359 237 31 30
internal_value=-0.000520789 -0.000287775 0.000345864 0.00138908 -0.00115041 -0.00152086 -0.000840238 0.000412077 -0.000668173 -0.00226724 -0.000457436 -0.00239823 -0.00297675 -6.45171e-05
internal_weight=7864 6379 2393 1410 983 1485 1013 562 3986 463 3523 451 472 61
internal_count=7864 6379 2393 1410 983 1485 1013 562 3986 463 3523 451 472 61
is_linear=0
shrinkage=0.08


Tree=98
num_leaves=13
num_cat=0
split_feature=43 12 12 40 5 22 22 49 12 58 14 49
split_gain=0.240038 0.24997 0.583176 0.252965 0.25097 0.195133 0.216712 0.395861 0.247909 0.181826 0.130197 0.0823221
threshold=-0.81241145730018605 241.78125000000003 248.52083587646487 0.53157895803451549 101.26041793823244 8.4663715362548846 6.7282335758209237 36.581806182861335 402.93750000000006 22.349306106567386 954.50000000000011 6.0381944179534921
decision_type=2 2 2 2 2 2 2 2 2 2 2 2
left_child=1 4 -3 -4 10 6 8 -8 -2 11 -1 -7
right_child=5 2 3 -5 -6 9 7 -9 -10 -11 -12 -13
leaf_value=-1.2186812884647042 -0.40053538386465876 339.28851324575334 -0.23991198182161211 3.0040481426234344 24.562163610624353 -0.47382731795817429 0.030210092725535986 -0.4144058193264043 -1.0235260988972077 3.8094102421508547 -1.7600467544508103 -0.36650946426304659
leaf_weight=276 1410 35 494 273 44 192 3690 413 544 53 363 77
leaf_count=276 1410 35 494 273 44 192 3690 413 544 53 363 77
internal_value=-0.000551304 -0.00146703 -0.000508096 -0.000973959 -0.00259064 -0.000337932 -0.000235722 9.4541e-05 -0.000928901 -0.00225387 -0.00299375 -0.0030963
internal_weight=7864 1485 802 767 683 6379 6057 4103 1954 322 639 269
internal_count=7864 1485 802 767 683 6379 6057 4103 1954 322 639 269
is_linear=0
shrinkage=0.08


Tree=99
num_leaves=14
num_cat=0
split_feature=43 14 30 33 22 27 50 34 55 49 13 58 25
split_gain=0.401917 0.258754 0.384228 0.200465 0.186409 0.262813 0.518216 0.239406 0.171125 0.170687 0.108736 0.154614 0.149418
threshold=-0.81241145730018605 3093.5000000000005 0.48065476119518286 60.022859573364265 6.4359261989593515 57.567893981933601 106.50000000000001 44.632575988769538 513.52847290039074 33.178750991821296 193.34938049316409 33.761249542236335 430.36129760742193
decision_type=2 2 2 2 2 2 2 2 2 2 2 2 2
left_child=1 10 -3 -4 8 7 -7 -6 9 -2 11 -1 -12
right_child=4 2 3 -5 5 6 -8 -9 -10 -11 12 -13 -14
leaf_value=-0.74021703417263041 -1.358579403969111 312.44966301362575 -0.032458774906164813 -0.23149278713563307 -1.1840605294896447 0.038382363312522073 0.10972596328765936 -0.058674310253919025 48.905398758126324 4.8827277039360863 16.644780899176553 110.07948030075143 -0.79557803737781441
leaf_weight=339 1220 33 372 144 256 1219 58 3374 39 213 48 47 502
leaf_count=339 1220 33 372 144 256 1219 58 3374 39 213 48 47 502
internal_value=-0.000551304 -0.00173621 -0.000356365 -0.000897486 -0.000275236 -3.83058e-05 0.000948356 -0.00038557 -0.0010645 -0.00120781 -0.00254429 -0.00150904 -0.00326679
internal_weight=7864 1485 549 516 6379 4907 1277 3630 1472 1433 936 386 550
internal_count=7864 1485 549 516 6379 4907 1277 3630 1472 1433 936 386 550
is_linear=0
shrinkage=0.08


Tree=100
num_leaves=15
num_cat=0
split_feature=43 14 15 14 6 10 43 51 43 43 2 25 30 13
split_gain=0.37284 0.238946 0.364304 0.191287 0.153493 0.252853 0.320339 0.219424 0.216098 0.296142 0.224027 0.0958433 0.2392 0.0979635
threshold=-0.81241145730018605 3093.5000000000005 0.1294849514961243 4863.0000000000009 0.20833333581686023 0.3150793462991715 -0.63405361771583546 1.0000000180025095e-35 -0.58216583728790272 0.84874749183654796 481.00000000000006 430.36129760742193 0.74107143282890331 193.34938049316409
decision_type=2 2 2 2 2 2 2 2 2 2 2 2 2 2
left_child=1 11 -3 -4 5 6 -2 -7 10 -10 -6 12 -1 -13
right_child=4 2 3 -5 8 7 -8 -9 9 -11 -12 13 -14 -15
leaf_value=57.507881389996008 4.324371711323332 287.30157455876935 1.4518874714175038 -0.40048200184068378 0.26711037879026189 2.457578735351944 -0.059433176057980923 -0.55773353577989027 0.1118834925601442 -0.1486135690069316 -0.69148877860168678 -0.2825672482279516 -1.8104490824374111 -0.73193179438758915
leaf_weight=35 223 34 209 306 183 231 1887 1257 1806 604 188 224 175 502
leaf_count=35 223 34 209 306 183 231 1887 1257 1806 604 188 224 175 502
internal_value=-0.000541133 -0.00168237 -0.000356365 -0.000891474 -0.000275236 -0.000620173 -5.68461e-05 -0.0014184 0.000171099 0.000447946 -0.00162366 -0.00245891 -0.000947868 -0.00289409
internal_weight=7864 1485 549 515 6379 3598 2110 1488 2781 2410 371 936 210 726
internal_count=7864 1485 549 515 6379 3598 2110 1488 2781 2410 371 936 210 726
is_linear=0
shrinkage=0.08


Tree=101
num_leaves=15
num_cat=0
split_feature=43 25 14 18 55 1 55 31 0 40 42 59 33 50
split_gain=0.340343 0.298361 0.360714 0.478016 0.202239 0.302065 0.34676 0.261099 0.276277 0.259188 0.175999 0.153836 0.246836 0.102625
threshold=-0.81241145730018605 958.22286987304699 3419.5000000000005 0.17708333581686023 1.0045833587646487 345.79135131835943 0.46361111104488378 0.39955286681652075 17.750000000000004 0.13157894462347033 0.95642796158790599 2.5000000000000004 61.704263687133796 8.5000000000000018
decision_type=2 2 2 2 2 2 2 2 2 2 2 2 2 2
left_child=1 11 13 -4 5 6 -2 8 -6 -9 -7 -1 -13 -3
right_child=4 2 3 -5 7 10 -8 9 -10 -11 -12 12 -14 -15
leaf_value=-0.5721343474214301 0.045248503796843094 -1.2070335636316745 263.70898693900233 0.049578167572690193 0.33401182175401395 -0.72848999682461579 0.59208233932440468 0.03322198521187765 -0.0010091864382121374 -0.48600584473377867 0.083563147573250077 -1.3659292303635697 19.604085935905456 0.0010238107290650843
leaf_weight=656 2531 142 38 172 35 853 119 490 751 1472 128 393 34 50
leaf_count=656 2531 142 38 172 35 853 119 490 751 1472 128 393 34 50
internal_value=-0.000591991 -0.00168237 0.000178659 0.00246445 -0.000337932 5.39638e-05 0.000497924 -0.000855585 0.000376111 -0.00134896 -0.0011446 -0.00237269 -0.00118692 -0.00232124
internal_weight=7864 1485 402 210 6379 3631 2650 2748 786 1962 981 1083 427 192
internal_count=7864 1485 402 210 6379 3631 2650 2748 786 1962 981 1083 427 192
is_linear=0
shrinkage=0.08


Tree=102
num_leaves=15
num_cat=0
split_feature=43 25 55 58 49 55 49 31 0 40 1 58 25 11
split_gain=0.417892 0.269805 0.330085 0.34103 0.213512 0.165279 0.318932 0.233401 0.278687 0.257268 0.215491 0.127695 0.113656 0.110962
threshold=-0.81241145730018605 958.22286987304699 0.044166667386889465 0.039027778431773193 6.4893054962158212 1.0045833587646487 71.139305114746108 0.40396235883235937 11.666666507720949 0.13157894462347033 323.58352661132818 99.653888702392592 430.36129760742193 3.7313889265060429
decision_type=2 2 2 2 2 2 2 2 2 2 2 2 2 2
left_child=1 11 4 -4 -3 6 10 8 -7 -9 -2 12 -1 -8
right_child=5 2 3 -5 -6 7 13 9 -10 -11 -12 -13 -14 -15
leaf_value=-1.1115519633109323 0.10943371903507561 -1.0251945494856105 2.693004832117754 -0.44590687921631544 3.468014308784626 0.30729087601369309 -0.88075604273983299 0.044136402632603933 -0.0021830093957813323 -0.59421947912952933 -0.25431294252623188 10.607989400588236 -0.69163773052457445 32.616465817146462
leaf_weight=210 2432 189 129 38 46 35 159 479 814 1420 1010 40 833 30
leaf_count=210 2432 189 129 38 46 35 159 479 814 1420 1010 40 833 30
internal_value=-0.000581819 -0.00179004 -1.98521e-05 0.00269048 -0.00194915 -0.000300314 5.39638e-05 -0.00076828 0.000334117 -0.00126105 0.000230031 -0.0024465 -0.00261686 -0.00313684
internal_weight=7864 1485 402 167 235 6379 3631 2748 849 1899 3442 1083 1043 189
internal_count=7864 1485 402 167 235 6379 3631 2748 849 1899 3442 1083 1043 189
is_linear=0
shrinkage=0.08


Tree=103
num_leaves=15
num_cat=0
split_feature=43 35 40 33 11 6 40 55 50 53 30 56 40 12
split_gain=0.478284 0.221027 0.269598 0.367653 0.1735 0.173337 0.264204 0.226854 0.166484 0.167002 0.127311 0.0799506 0.0796829 0.0250404
threshold=-0.81241145730018605 167.29041290283206 0.45789474248886114 52.978227615356452 4.8018054962158212 0.20833333581686023 0.28947368264198309 1.1422222256660464 38.500000000000007 3.5000000000000004 0.83035713434219371 140.50000000000003 0.51052629947662365 87.375000000000014
decision_type=2 2 2 2 2 2 2 2 2 2 2 2 2 2
left_child=1 10 13 -4 5 7 -7 -2 9 -6 11 -1 -12 -3
right_child=4 2 3 -5 8 6 -8 -9 -10 -11 12 -13 -14 -15
leaf_value=-0.59963501192223922 0.022519114830501317 -1.5266099121736414 198.85174074624743 -0.13487516635929214 -1.1588313080838895 0.31786329756574655 -0.050744247676136799 -0.31707420952992355 0.040374417252389473 0.029777889814627177 -3.9284747791061352 20.11064124386813 8.1695609777913365 -0.64360754707877965
leaf_weight=923 1851 30 61 270 239 1177 1297 1699 51 65 35 30 30 106
leaf_count=923 1851 30 61 270 239 1177 1297 1699 51 65 35 30 30 106
internal_value=-0.000551304 -0.00184388 -0.00040171 0.000831324 -0.000250158 -0.000148715 0.000365252 -0.0005069 -0.00196629 -0.00267541 -0.00250442 -0.00273795 0.00090909 -0.00338686
internal_weight=7864 1485 467 331 6379 6024 2474 3550 355 304 1018 953 65 136
internal_count=7864 1485 467 331 6379 6024 2474 3550 355 304 1018 953 65 136
is_linear=0
shrinkage=0.08


Tree=104
num_leaves=15
num_cat=0
split_feature=43 12 52 1 49 11 31 40 51 50 53 14 58 50
split_gain=0.37284 0.208043 0.19982 0.539825 0.191328 0.168465 0.167347 0.197973 0.194216 0.166484 0.167002 0.13001 0.198244 0.0299839
threshold=-0.81241145730018605 241.78125000000003 31.230694770812992 174.62876892089847 18.713749885559086 4.8018054962158212 0.49811403453350073 0.75263157486915599 1.0000000180025095e-35 38.500000000000007 3.5000000000000004 1048.5000000000002 9.1627774238586444 132.50000000000003
decision_type=2 2 2 2 2 2 2 2 2 2 2 2 2 2
left_child=1 11 4 -4 -3 6 8 -8 -2 10 -7 12 -1 -13
right_child=5 2 3 -5 -6 9 7 -9 -10 -11 -12 13 -14 -15
leaf_value=-1.8726750418544151 3.6567720461715711 -0.14559146220196506 60.095117123304988 -0.61310936693329954 -0.27384078411660284 -1.0661248034371782 -4.8888131074687537 0.8776652509395052 -0.051975319836803702 0.037144463872198288 0.027395658629457136 -1.2924325800977181 24.011719920439177 -8.1362828139226604
leaf_weight=195 572 547 42 38 175 239 231 30 5191 51 65 326 132 30
leaf_count=195 572 547 42 38 175 239 231 30 5191 51 65 326 132 30
internal_value=-0.000541133 -0.00168237 -0.000806975 0.00296296 -0.00122822 -0.000275236 -0.000175271 -0.00215267 -8.53583e-05 -0.00196629 -0.00267541 -0.0027076 -0.00154878 -0.00376471
internal_weight=7864 1485 802 80 722 6379 6024 261 5763 355 304 683 327 356
internal_count=7864 1485 802 80 722 6379 6024 261 5763 355 304 683 327 356
is_linear=0
shrinkage=0.08


Tree=105
num_leaves=13
num_cat=0
split_feature=43 30 24 50 11 27 33 1 15 49 36 35
split_gain=0.377561 0.264766 0.209637 0.306147 0.181282 0.162807 0.271141 0.351937 0.132974 0.213869 0.0983318 0.0411312
threshold=-0.81241145730018605 0.9241071641445161 583.86904907226574 36.500000000000007 4.8018054962158212 43.980001449584968 59.031658172607429 513.27648925781261 3.3701968193054204 18.713749885559086 296.50000000000006 165.98194122314456
decision_type=2 2 2 2 2 2 2 2 2 2 2 2
left_child=5 2 4 -4 -2 6 7 -1 11 -10 -8 -7
right_child=1 -3 3 -5 -6 8 10 -9 9 -11 -12 -13
leaf_value=-0.7343538284575637 -0.079668877098980032 0.048265692153917697 0.088340692182091868 -0.095280444110684925 -1.1121968701498144 -10.615649924632908 -0.58175386570611543 18.400221169961096 -0.059259147626010249 -0.24769013823005873 -0.034884488108424774 -15.164585549922053
leaf_weight=320 5652 38 167 205 317 75 262 51 259 184 50 284
leaf_count=320 5652 38 167 205 317 75 262 51 259 184 50 284
internal_value=-0.000480103 -0.00021254 -0.000252918 0.00158713 -0.00036784 -0.00162853 -0.000719299 0.000741935 -0.002401 -0.00146847 -0.00245368 -0.00354445
internal_weight=7864 6379 6341 372 5969 1485 683 371 802 443 312 359
internal_count=7864 6379 6341 372 5969 1485 683 371 802 443 312 359
is_linear=0
shrinkage=0.08


Tree=106
num_leaves=9
num_cat=0
split_feature=30 43 36 43 55 27 27 4
split_gain=0.331276 0.325116 0.25163 0.434909 0.201444 0.173119 0.300226 0.192763
threshold=0.9241071641445161 -0.81241145730018605 501.50000000000006 -0.47114434838294977 3.6268055438995366 43.980001449584968 36.749113082885749 26.676914215087894
decision_type=2 2 2 2 2 2 2 2
left_child=1 5 4 -4 -3 6 -1 -7
right_child=-2 2 3 -5 -6 7 -8 -9
leaf_value=-0.57561930054954935 0.059228394124749686 -0.013547014471508608 -0.25373182601357197 0.052906134951788641 -0.52970754995526992 -0.7370470922557909 23.405396263499867 0.025467360303438037
leaf_weight=565 46 3600 141 634 1966 732 110 70
leaf_count=565 46 3600 141 634 1966 732 110 70
internal_value=-0.000398729 -0.000438932 -0.000189846 0.00115979 -0.000377942 -0.00150744 -0.000562131 -0.00230137
internal_weight=7864 7818 6341 775 5566 1477 675 802
internal_count=7864 7818 6341 775 5566 1477 675 802
is_linear=0
shrinkage=0.08


Tree=107
num_leaves=9
num_cat=0
split_feature=30 43 25 55 11 58 53 53
split_gain=0.330272 0.2682 0.256075 0.29328 0.214283 0.214415 0.158538 0.14602
threshold=0.9241071641445161 -0.81241145730018605 936.95043945312511 2.0002777576446538 4.8018054962158212 25.496666908264164 34.500000000000007 3.5000000000000004
decision_type=2 2 2 2 2 2 2 2
left_child=1 2 6 -4 5 -3 -1 -6
right_child=-2 4 3 -5 7 -7 -8 -9
leaf_value=-1.1733621890964563 0.054490122594769846 0.0088079270938276923 -0.65448949556826552 0.11239273080331216 -1.2637939577589945 -0.91696141293199729 -0.045098770189146445 0.071733386206850019
leaf_weight=839 46 5080 299 162 229 944 177 88
leaf_count=839 46 5080 299 162 229 944 177 88
internal_value=-0.000388558 -0.0004287 -0.00139919 0.000164501 -0.000202461 -9.56026e-05 -0.00210816 -0.00222642
internal_weight=7864 7818 1477 461 6341 6024 1016 317
internal_count=7864 7818 1477 461 6341 6024 1016 317
is_linear=0
shrinkage=0.08


Tree=108
num_leaves=15
num_cat=0
split_feature=43 25 55 49 6 49 49 24 43 51 33 53 3 11
split_gain=0.27548 0.242605 0.287232 0.435188 0.202634 0.688841 0.683927 0.23255 0.42813 0.220742 0.171475 0.149205 0.35643 0.126243
threshold=-0.81241145730018605 936.95043945312511 0.044166667386889465 0.013472222257405521 0.54166665673255932 19.612082481384281 5.1008331775665292 388.34672546386724 -0.41248606145381922 1.0000000180025095e-35 47.473577499389656 34.500000000000007 6.266261339187623 5.1716668605804452
decision_type=2 2 2 2 2 2 2 2 2 2 2 2 2 2
left_child=1 11 10 -4 7 6 -6 9 -9 -2 -3 13 -13 -1
right_child=4 2 3 -5 5 -7 -8 8 -10 -11 -12 12 -14 -15
leaf_value=-1.146462857557861 1.6132954671817255 119.38039201674623 6.907626092400065 -0.092281246046767226 0.041786804993242214 -1.3256328936102544 1.6698934895156379 -0.29608605435809948 0.049673331679318915 -0.41402552100591922 -0.7497115329450772 -4.2136007947643588 2.7458521292455851 0.091877118730673682
leaf_weight=806 622 30 130 86 120 101 45 314 1114 4063 215 78 99 41
leaf_count=806 622 30 130 86 120 101 45 314 1114 4063 215 78 99 41
internal_value=-0.000378386 -0.00135935 0.000164501 0.00228571 -0.000149844 0.00200749 0.00518072 -0.000244031 0.000649404 -0.000516433 -0.00170732 -0.00204488 6.74148e-05 -0.00248585
internal_weight=7864 1485 461 216 6379 266 165 6113 1428 4685 245 1024 177 847
internal_count=7864 1485 461 216 6379 266 165 6113 1428 4685 245 1024 177 847
is_linear=0
shrinkage=0.08


Tree=109
num_leaves=13
num_cat=0
split_feature=43 11 31 40 23 25 30 35 11 58 55 56
split_gain=0.422889 0.176046 0.174158 0.197973 0.191166 0.166943 0.164183 0.185109 0.158827 0.121352 0.0824722 0.202989
threshold=-0.81241145730018605 4.8018054962158212 0.49811403453350073 0.75263157486915599 22.402916908264164 965.95791625976574 0.54910713434219371 165.98652648925784 5.0647222995758066 1.0000000180025095e-35 15.356111049652101 2.5000000000000004
decision_type=2 2 2 2 2 2 2 2 2 2 2 2
left_child=5 2 4 -4 -2 8 -7 -8 9 -1 11 -3
right_child=1 10 3 -5 -6 6 7 -9 -10 -11 -12 -13
leaf_value=-0.57107781526312829 -0.24272114394034647 -0.25831904648195453 -4.5829884885495877 0.84732670970295265 0.040955692492888912 214.06597971064784 0.17047289989920647 -0.32801369009616083 8.5966505135281714 -1.0247472497482126 -1.7020846820324886 0.12390071199340494
leaf_weight=502 1573 202 231 30 4190 36 70 285 53 539 96 57
leaf_count=502 1573 202 231 30 4190 36 70 285 53 539 96 57
internal_value=-0.000520789 -0.000237619 -0.000135437 -0.00215267 -4.37206e-05 -0.00173621 -0.000316327 -0.000842698 -0.00224292 -0.00246065 -0.00196629 -0.00121539
internal_weight=7864 6379 6024 261 5763 1485 391 355 1094 1041 355 259
internal_count=7864 6379 6024 261 5763 1485 391 355 1094 1041 355 259
is_linear=0
shrinkage=0.08


Tree=110
num_leaves=15
num_cat=0
split_feature=43 24 50 50 1 12 59 52 43 18 58 25 24 26
split_gain=0.391057 0.194921 0.306147 0.422233 0.246879 0.193962 0.334849 0.194155 0.180522 0.329645 0.329635 0.127709 0.249005 0.143924
threshold=-0.81241145730018605 583.86904907226574 36.500000000000007 17.500000000000004 55.905069351196296 532.95834350585949 1.5000000000000002 0.020694443956017498 0.84874749183654796 0.36458332836627966 1.2959722280502322 1054.3172607421877 367.47322082519537 4283.5000000000009
decision_type=2 2 2 2 2 2 2 2 2 2 2 2 2 2
left_child=5 8 3 -3 -4 11 7 -7 10 -10 -2 13 -13 -1
right_child=1 2 4 -5 -6 6 -8 -9 9 -11 -12 12 -14 -15
leaf_value=-1.7909763892902368 0.059404628282651278 0.050171284584856701 0.055089206838318923 0.097887587907744322 -0.13038990734537961 0.07121709634002106 4.7194002191454096 -0.14634759207688969 -0.18485823533212198 -0.24551928930782388 -0.40137256750137801 108.9620223943775 -0.6901667280230811 -0.94276765915585337
leaf_weight=205 2653 117 80 50 125 83 57 116 892 441 2021 75 110 839
leaf_count=205 2653 117 80 50 125 83 57 116 892 441 2021 75 110 839
internal_value=-0.000459759 -0.000187462 0.00158713 0.00411905 -0.000485438 -0.00162853 0.00037354 -0.00118 -0.000297604 -0.00111844 -6.33165e-05 -0.00204553 -0.000107528 -0.00238852
internal_weight=7864 6379 372 167 205 1485 256 199 6007 1333 4674 1229 185 1044
internal_count=7864 6379 372 167 205 1485 256 199 6007 1333 4674 1229 185 1044
is_linear=0
shrinkage=0.08


Tree=111
num_leaves=14
num_cat=0
split_feature=43 24 50 50 43 6 25 1 12 53 15 59 58
split_gain=0.449543 0.184062 0.422126 0.561204 0.177584 0.311764 0.288386 0.166893 0.163235 0.184629 0.181652 0.131446 0.111179
threshold=-0.81241145730018605 583.86904907226574 38.500000000000007 17.500000000000004 0.84874749183654796 0.12500000372529033 765.49456787109386 55.905069351196296 241.78125000000003 136.50000000000003 0.083504058420658125 23.500000000000004 0.0048611110541969546
decision_type=2 2 2 2 2 2 2 2 2 2 2 2 2
left_child=8 4 3 -3 5 -2 -6 -4 9 12 -10 -12 -1
right_child=1 2 7 -5 6 -7 -8 -9 10 -11 11 -13 -14
leaf_value=-1.3760366337094048 -0.37790403292994162 0.046157581818068234 0.050682070291253503 0.088476228620192485 0.019239268630360372 0.068203223658387449 -0.4119849378104366 -0.14181249420168265 83.075297150457914 8.7767702311221072 -0.27421894732557894 1.091655310455979 -1.5435264199605356
leaf_weight=309 1671 117 80 51 713 3003 620 124 52 33 667 83 341
leaf_count=309 1671 117 80 51 713 3003 620 124 52 33 667 83 341
internal_value=-0.000429244 -0.000137305 0.00158713 0.00454438 -0.000244342 -1.19796e-05 -0.00105847 -0.000858538 -0.00168237 -0.00259064 -0.000906601 -0.00122503 -0.00288787
internal_weight=7864 6379 372 168 6007 4674 1333 204 1485 683 802 750 650
internal_count=7864 6379 372 168 6007 4674 1333 204 1485 683 802 750 650
is_linear=0
shrinkage=0.08


Tree=112
num_leaves=14
num_cat=0
split_feature=43 52 29 12 43 4 50 12 52 43 12 4 31
split_gain=0.575302 0.186789 0.360075 0.224254 0.347014 0.209265 0.19735 0.185686 0.250529 0.443703 0.157491 0.143087 0.146736
threshold=-0.81241145730018605 29.831250190734867 487.13194274902349 712.01040649414074 -0.2901292592287063 27.955825805664066 23.500000000000004 532.95834350585949 1.5172222256660464 -0.97335553169250477 597.69790649414074 38.798744201660163 0.49758039414882665
decision_type=2 2 2 2 2 2 2 2 2 2 2 2 2
left_child=7 3 -3 5 -5 -2 -4 11 9 -9 -10 12 -1
right_child=1 2 6 4 -6 -7 -8 8 10 -11 -12 -13 -14
leaf_value=-0.88219806580958549 0.00028456978117252107 25.157545261795995 -0.65355796176598191 -0.30944892789227263 0.050645112097953374 -0.35946723582615692 -0.39393491097295735 -1.3262334432473259 0.15779783160897054 2.6998687643654939 -0.24778326103910167 3.3223946251788359 7.6533261646710091
leaf_weight=1087 4959 52 611 69 230 275 183 41 40 77 98 57 85
leaf_count=1087 4959 52 611 69 230 275 183 41 40 77 98 57 85
internal_value=-0.000480103 -0.000149844 -0.0012562 1.95148e-05 0.00214667 -0.000102389 -0.0016805 -0.00189771 6.22559e-05 0.0027563 -0.00224461 -0.00230569 -0.00249616
internal_weight=7864 6379 846 5533 299 5234 794 1485 256 118 138 1229 1172
internal_count=7864 6379 846 5533 299 5234 794 1485 256 118 138 1229 1172
is_linear=0
shrinkage=0.08


Tree=113
num_leaves=13
num_cat=0
split_feature=43 24 24 50 6 47 15 52 59 12 31 26
split_gain=0.583588 0.184014 0.210248 0.323328 0.176351 0.152745 0.316391 0.349857 0.27295 0.271345 0.108504 0.105983
threshold=-0.81241145730018605 686.50595092773449 583.86904907226574 36.500000000000007 0.12500000372529033 1.0000000180025095e-35 3.3701968193054204 3.3098610639572148 23.500000000000004 290.33332824707037 0.49811403453350073 13173.000000000002
decision_type=2 2 2 2 2 2 2 2 2 2 2 2
left_child=5 2 4 -4 -2 6 11 -8 10 -10 -7 -1
right_child=1 -3 3 -5 -6 8 7 -9 9 -11 -12 -13
leaf_value=-2.4224838631744241 -0.3611315610041731 -1.7865479197773726 0.061903861410927137 -0.020587938177611408 0.0077125496696041317 -0.64253307295226625 -0.77335889345073128 11.488275879118989 -2.5466568086220343 4.5377927346087201 76.305426988682825 0.032355465136831116
leaf_weight=283 2177 79 148 145 3830 610 219 147 103 39 30 54
leaf_count=283 2177 79 148 145 3830 610 219 147 103 39 30 54
internal_value=-0.000469931 -0.000137305 -8.88757e-05 0.002 -0.00019108 -0.00189771 -0.00103977 0.000588555 -0.00266667 0.000503496 -0.00336974 -0.00280473
internal_weight=7864 6379 6300 293 6007 1485 703 366 782 142 640 337
internal_count=7864 6379 6300 293 6007 1485 703 366 782 142 640 337
is_linear=0
shrinkage=0.08


Tree=114
num_leaves=12
num_cat=0
split_feature=43 58 55 42 13 55 13 58 47 0 59
split_gain=0.753883 0.158274 0.336537 0.28168 0.216749 0.215296 0.173018 0.15258 0.15325 0.186491 0.106211
threshold=-0.81241145730018605 53.111665725708015 107.35555648803712 0.93540480732917797 1453.0163574218752 35.057500839233406 444.20825195312506 99.653888702392592 1.0000000180025095e-35 42.333332061767585 23.500000000000004
decision_type=2 2 2 2 2 2 2 2 2 2 2
left_child=7 4 3 -3 6 -6 -2 8 9 -1 -10
right_child=1 2 -4 -5 5 -7 -8 -9 10 -11 -12
leaf_value=0.97436554068808845 0.020332075575552239 -1.5603348384835751 13.901885570773464 2.4880168330934258 0.12032959058545691 -0.57121587307958688 -0.21130696338901245 14.173143663484952 -0.59083348284973147 -0.79395119954027404 -0.43228245451483988
leaf_weight=160 3226 298 30 104 493 42 2186 52 626 514 133
leaf_count=160 3226 298 30 104 493 42 2186 52 626 514 133
internal_value=-0.000490274 -0.000112227 -0.00158892 -0.00220347 -4.70842e-06 0.00152985 -0.000156661 -0.00211306 -0.00226778 -0.00138667 -0.00304737
internal_weight=7864 6379 432 402 5947 535 5412 1485 1433 674 759
internal_count=7864 6379 432 402 5947 535 5412 1485 1433 674 759
is_linear=0
shrinkage=0.08


Tree=115
num_leaves=14
num_cat=0
split_feature=43 11 6 40 55 5 6 55 35 33 30 53 19
split_gain=0.666014 0.199785 0.193354 0.248741 0.207862 0.170795 0.163861 0.294851 0.134545 0.486991 0.121065 0.0849673 0.0706915
threshold=-0.81241145730018605 4.8018054962158212 0.20833333581686023 0.28947368264198309 1.1422222256660464 81.212360382080092 0.20833333581686023 7.3072221279144296 167.49777984619143 52.978227615356452 0.9241071641445161 3.5000000000000004 0.43870143592357641
decision_type=2 2 2 2 2 2 2 2 2 2 2 2 2
left_child=5 2 4 -4 -2 8 -7 -8 12 -10 11 -3 -1
right_child=1 10 3 -5 -6 6 7 -9 9 -11 -12 -13 -14
leaf_value=-1.06589814358132 0.034920925998018763 -1.1213778394966343 0.27595826791399797 -0.037546442080733676 -0.24142225752232288 -0.69828068521886866 8.8653628710203591 -0.12849418983314392 146.21843317261516 -0.3850305118115086 0.0037470025538107166 -0.0045560539100156609 -0.45033210066390544
leaf_weight=448 1851 229 1177 1297 1699 31 30 51 56 273 38 88 596
leaf_count=448 1851 229 1177 1297 1699 31 30 51 56 273 38 88 596
internal_value=-0.000480103 -0.000124766 -1.59346e-05 0.000526868 -0.000394256 -0.00200538 0.000991149 0.00287805 -0.00225036 -0.000836365 -0.00196629 -0.00247799 -0.00269474
internal_weight=7864 6379 6024 2474 3550 1485 112 81 1373 329 355 317 1044
internal_count=7864 6379 6024 2474 3550 1485 112 81 1373 329 355 317 1044
is_linear=0
shrinkage=0.08


Tree=116
num_leaves=15
num_cat=0
split_feature=43 58 24 56 23 58 22 42 35 33 23 19 25 18
split_gain=0.677545 0.188442 0.294535 0.476198 0.166736 0.197843 0.174504 0.127786 0.124767 0.466058 0.189191 0.114251 0.133212 0.0392229
threshold=-0.81241145730018605 53.111665725708015 182.569938659668 11.500000000000002 20.793472290039066 0.0048611110541969546 8.4824109077453631 0.93540480732917797 167.49777984619143 52.978227615356452 22.741528511047367 0.43870143592357641 817.68746948242199 0.17708333581686023
decision_type=2 2 2 2 2 2 2 2 2 2 2 2 2 2
left_child=8 4 3 -3 5 -2 -6 -4 11 -10 -11 13 -13 -1
right_child=1 2 7 -5 6 -7 -8 -9 9 10 -12 12 -14 -15
leaf_value=-11.162118910178119 0.098995813507049085 -5.1342449281822988 -1.3535053033997309 54.44343647568887 0.015456419662424123 -4.8595247147822604 -0.37388875119837706 -0.75719446933691692 134.52095851880594 -0.040730414954821263 -0.50466857870996451 -0.23035851189386081 -0.42484978302649218 -0.78156989002099575
leaf_weight=148 138 53 263 35 5324 215 270 81 56 135 150 412 284 300
leaf_count=148 138 53 263 35 5324 215 270 81 56 135 150 412 284 300
internal_value=-0.000520789 -0.000162383 -0.00177367 0.00233708 -4.50581e-05 -0.00172881 6.14825e-05 -0.00282899 -0.00205922 -0.000713451 -0.00202797 -0.00245939 -0.00181349 -0.00345657
internal_weight=7864 6379 432 88 5947 353 5594 344 1485 341 285 1144 696 448
internal_count=7864 6379 432 88 5947 353 5594 344 1485 341 285 1144 696 448
is_linear=0
shrinkage=0.08


Tree=117
num_leaves=15
num_cat=0
split_feature=43 58 24 56 13 42 14 25 28 14 2 42 24 40
split_gain=0.716552 0.234135 0.200692 0.315055 0.183562 0.214118 0.169137 0.189975 0.256677 0.14439 0.144149 0.127786 0.123563 0.132401
threshold=-0.81241145730018605 53.111665725708015 182.569938659668 11.500000000000002 1453.0163574218752 0.97335553169250499 3065.5000000000005 965.95791625976574 216.45087432861331 3491.5000000000005 1697.5000000000002 0.93540480732917797 176.24404907226565 0.57368421554565441
decision_type=2 2 2 2 2 2 2 2 2 2 2 2 2 2
left_child=6 4 3 -3 10 -6 12 9 -9 -8 -2 -4 13 -1
right_child=1 2 11 -5 5 -7 7 8 -10 -11 -12 -13 -14 -15
leaf_value=-1.8455869986568676 -0.0011754686412109485 -4.7235053339277151 -1.2452248791277525 50.087961557633754 0.028167955786825027 1.6321876365499004 0.062158456655063983 -0.042256055314771633 153.94328581761104 -0.84407967463602529 -0.58638105048281075 -0.6966189117899636 -0.61279860906452888 21.828509936151558
leaf_weight=151 4644 53 263 35 469 66 85 178 36 265 768 81 740 30
leaf_count=151 4644 53 263 35 469 66 85 178 36 265 768 81 740 30
internal_value=-0.000530961 -0.000162383 -0.00195843 0.0014382 -3.16082e-05 0.0013806 -0.00211306 -0.00101947 0.000855813 -0.00216524 -0.00017144 -0.00282899 -0.00278091 -0.0009011
internal_weight=7864 6379 432 88 5947 535 1485 564 214 350 5412 344 921 181
internal_count=7864 6379 432 88 5947 535 1485 564 214 350 5412 344 921 181
is_linear=0
shrinkage=0.08


Tree=118
num_leaves=15
num_cat=0
split_feature=43 58 24 56 6 49 11 14 25 55 14 42 24 40
split_gain=0.613779 0.224429 0.200692 0.315055 0.170462 0.459376 0.206352 0.137391 0.189975 0.273955 0.14439 0.127786 0.101725 0.132401
threshold=-0.81241145730018605 53.111665725708015 182.569938659668 11.500000000000002 0.54166665673255932 19.612082481384281 4.5768055915832528 3065.5000000000005 965.95791625976574 0.024861111305654052 3491.5000000000005 0.93540480732917797 176.24404907226565 0.57368421554565441
decision_type=2 2 2 2 2 2 2 2 2 2 2 2 2 2
left_child=7 4 3 -3 6 -6 -2 12 10 -10 -9 -4 13 -1
right_child=1 2 11 -5 5 -7 -8 8 9 -11 -12 -13 -14 -15
leaf_value=-1.697940038764318 -0.0033480232634793693 -4.3456249072134971 -1.1456068887975321 46.080924633023059 0.39328928465497881 -1.9428997833346602 -0.97111283507896262 0.057185780122658993 -0.42579970562220687 23.909602206606383 -0.77655330066514372 -0.64088939884676666 -0.56377472033936671 20.082229141259443
leaf_weight=151 5346 53 263 35 160 79 362 85 128 86 265 81 740 30
leaf_count=151 5346 53 263 35 160 79 362 85 128 86 265 81 740 30
internal_value=-0.000541133 -0.000200001 -0.00195843 0.0014382 -7.19579e-05 0.00201667 -0.000159749 -0.00200538 -0.00101947 0.000855813 -0.00216524 -0.00282899 -0.00260738 -0.0009011
internal_weight=7864 6379 432 88 5947 239 5708 1485 564 214 350 344 921 181
internal_count=7864 6379 432 88 5947 239 5708 1485 564 214 350 344 921 181
is_linear=0
shrinkage=0.08


Tree=119
num_leaves=12
num_cat=0
split_feature=43 11 3 21 9 22 21 15 55 56 42
split_gain=0.569474 0.230602 0.158316 0.175679 0.109345 0.106237 0.345393 0.071977 0.0647367 0.233783 0.0416748
threshold=-0.81241145730018605 4.8018054962158212 37.548713684082038 2.6118085384368901 0.82403939962387096 6.2985980510711679 2.6118085384368901 3.8859492540359502 15.356111049652101 2.5000000000000004 0.58216583728790294
decision_type=2 2 2 2 2 2 2 2 2 2 2
left_child=4 2 3 -2 5 7 -7 -1 9 -3 -4
right_child=1 8 10 -5 -6 6 -8 -9 -10 -11 -12
leaf_value=-4.0810487544556864 -1.7146769662147308 -0.25472283576970783 -0.28510628009532474 0.020745960158940997 -1.0056541192081321 136.99721203902038 -0.36133891093162168 -20.070487243640503 -1.3689588171392268 0.2252411728612935 -0.42520890020560786
leaf_weight=190 1232 202 80 4657 153 40 1017 85 96 57 55
leaf_count=190 1232 202 80 4657 153 40 1017 85 96 57 55
internal_value=-0.000541133 -0.00021254 -9.56026e-05 -3.32777e-05 -0.00195155 -0.00171643 -0.00134972 -0.00311594 -0.00219101 -0.00152308 -0.00279412
internal_weight=7864 6379 6024 5889 1485 1332 1057 275 355 259 135
internal_count=7864 6379 6024 5889 1485 1332 1057 275 355 259 135
is_linear=0
shrinkage=0.08


Tree=120
num_leaves=11
num_cat=0
split_feature=43 11 3 21 13 9 30 55 56 42
split_gain=0.501137 0.230602 0.158316 0.149857 0.144724 0.105441 0.118702 0.0647367 0.233783 0.0416748
threshold=-0.81241145730018605 4.8018054962158212 37.548713684082038 2.6118085384368901 1845.6218872070315 0.82403939962387096 0.79017856717109691 15.356111049652101 2.5000000000000004 0.58216583728790294
decision_type=2 2 2 2 2 2 2 2 2 2
left_child=4 2 3 -2 5 6 -1 8 -3 -4
right_child=1 7 9 -5 -6 -7 -8 -9 -10 -11
leaf_value=-0.53082770399269597 -1.5775028089175527 -0.23434500890813115 -0.26229777768769857 0.019086283346225748 0.13665235294512562 -0.92520178967148159 -0.23838765675325013 -1.2594421117680887 0.20722187903239037 -0.39119218818915896
leaf_weight=817 1232 202 80 4657 50 153 465 96 57 55
leaf_count=817 1232 202 80 4657 50 153 465 96 57 55
internal_value=-0.000520789 -0.00021254 -9.56026e-05 -3.32777e-05 -0.00184388 -0.00199164 -0.00175214 -0.00219101 -0.00152308 -0.00279412
internal_weight=7864 6379 6024 5889 1485 1435 1282 355 259 135
internal_count=7864 6379 6024 5889 1485 1435 1282 355 259 135
is_linear=0
shrinkage=0.08


Tree=121
num_leaves=14
num_cat=0
split_feature=43 4 4 49 56 11 35 3 58 29 22 40 42
split_gain=0.369829 0.272429 0.474314 0.429828 0.31208 0.293285 0.215866 0.206542 0.224653 0.294014 0.200373 0.120079 0.022116
threshold=-0.68322628736495961 24.935821533203129 27.955825805664066 21.799166679382328 24.500000000000004 1.778750002384186 167.49777984619143 37.548713684082038 24.490416526794437 563.54193115234386 8.4663715362548846 0.56315791606903087 0.84874749183654796
decision_type=2 2 2 2 2 2 2 2 2 2 2 2 2
left_child=1 5 3 -3 -4 6 -1 8 10 -10 -2 -7 -9
right_child=7 2 4 -5 -6 11 -8 12 9 -11 -12 -13 -14
leaf_value=-0.39730859307472388 0.036879037073802121 -0.18979318708681775 -0.40752663164373282 10.81788370056087 7.5618105114309984 -0.83102197262431621 0.55397193015423296 -0.31741165943514965 4.5538391949858514 -0.91153289558952189 -0.18144527591555712 -0.6221088866661787 -0.5422156470907914
leaf_weight=611 4578 34 93 31 51 661 278 92 57 878 246 222 32
leaf_count=611 4578 34 93 31 51 661 278 92 57 878 246 222 32
internal_value=-0.000429244 -0.00137437 0.00135238 0.0069697 -0.00121379 -0.00169656 -0.000669664 -0.00011081 -4.09732e-05 -0.00117521 0.000179066 -0.00272851 -0.003328
internal_weight=7864 1981 209 65 144 1772 889 5883 5759 935 4824 883 124
internal_count=7864 1981 209 65 144 1772 889 5883 5759 935 4824 883 124
is_linear=0
shrinkage=0.08


Tree=122
num_leaves=15
num_cat=0
split_feature=43 36 4 59 11 58 56 36 49 50 21 16 30 22
split_gain=0.461444 0.206039 0.400513 0.541876 0.297218 0.197454 0.333441 0.547845 0.195602 0.388605 0.250972 0.14816 0.146567 0.134724
threshold=-0.68322628736495961 20.500000000000004 2.0266727209091191 1.5000000000000002 1.778750002384186 24.490416526794437 44.500000000000007 55.000000000000007 35.18236160278321 154.50000000000003 3.129236221313477 0.70128789544105541 0.55803570151329052 8.4663715362548846
decision_type=2 2 2 2 2 2 2 2 2 2 2 2 2 2
left_child=1 2 4 -4 -1 8 11 -8 9 -2 -10 -7 -3 -14
right_child=5 12 3 -5 -6 6 7 -9 10 -11 -12 -13 13 -15
leaf_value=-0.0064551654508040639 0.017361557861162846 36.908442300872004 -0.26746376830958857 28.814812363537428 -1.2511440044028559 7.5936254717121345 -0.15608342843759967 0.2224702134541231 5.3492021883086993 18.617473047746088 -0.3523107955536478 -0.99996226466180016 -0.39640041622510275 0.069065264538345161
leaf_weight=450 4384 36 86 43 424 95 144 30 172 39 349 670 902 40
leaf_count=450 4384 36 86 43 424 95 144 30 172 39 349 670 902 40
internal_value=-0.000480103 -0.00153582 -0.000729085 0.00341538 -0.001344 -0.000124406 -0.00118723 0.00196571 7.76532e-05 0.000250451 -0.00138697 -0.00190601 -0.00236159 -0.00255355
internal_weight=7864 1981 1003 129 874 5883 939 174 4944 4423 521 765 978 942
internal_count=7864 1981 1003 129 874 5883 939 174 4944 4423 521 765 978 942
is_linear=0
shrinkage=0.08


Tree=123
num_leaves=15
num_cat=0
split_feature=43 58 24 56 6 49 11 27 30 30 24 15 15 35
split_gain=0.532435 0.188442 0.179518 0.315055 0.166101 0.459376 0.212666 0.15063 0.198014 0.187747 0.129033 0.106182 0.167457 0.028417
threshold=-0.81241145730018605 53.111665725708015 182.569938659668 11.500000000000002 0.54166665673255932 19.612082481384281 4.5768055915832528 42.057758331298835 0.54910713434219371 0.79761904478073131 367.47322082519537 2.4599537849426274 13.402022361755373 164.99555206298831
decision_type=2 2 2 2 2 2 2 2 2 2 2 2 2 2
left_child=7 4 3 -3 6 -6 -2 8 -1 -10 -4 13 -13 -9
right_child=1 2 10 -5 5 -7 -8 11 9 -11 -12 12 -14 -15
leaf_value=130.21406761471053 -0.0011153453727558924 -3.8482418812967252 -0.90197333166205118 42.22928222021477 0.44937174022399279 -1.6539676250707573 -0.81253953530994405 -9.5268795028406608 -0.73282842073398902 0.025934088395152301 -0.013612769232356926 -0.25110548781287823 -0.41798006855836611 -12.74102779257545
leaf_weight=36 5346 53 300 35 160 79 362 31 361 255 44 273 250 279
leaf_count=36 5346 53 300 35 160 79 362 31 361 255 44 273 250 279
internal_value=-0.000480103 -0.000162383 -0.00177367 0.0014382 -4.50581e-05 0.00201667 -0.000131723 -0.00184388 -0.000931088 -0.00127067 -0.0025971 -0.00255636 -0.00185496 -0.0037299
internal_weight=7864 6379 432 88 5947 239 5708 1485 652 616 344 833 523 310
internal_count=7864 6379 432 88 5947 239 5708 1485 652 616 344 833 523 310
is_linear=0
shrinkage=0.08


Tree=124
num_leaves=13
num_cat=0
split_feature=43 11 52 27 52 25 40 35 33 33 50 53
split_gain=0.391057 0.29251 0.182791 0.274123 0.186775 0.173325 0.324465 0.159146 0.410934 0.106257 0.0716793 0.0512005
threshold=-0.81241145730018605 4.8018054962158212 29.279999732971195 14.418220043182375 26.491110801696781 1567.7875976562502 0.52105262875556957 167.49777984619143 52.978227615356452 53.619825363159187 112.50000000000001 3.5000000000000004
decision_type=2 2 2 2 2 2 2 2 2 2 2 2
left_child=5 2 4 -4 -2 7 -7 9 -9 -1 11 -3
right_child=1 10 3 -5 -6 6 -8 8 -10 -11 -12 -13
leaf_value=-11.682009535736912 0.0090686491558879603 -0.46920814214939249 14.841620002739544 -0.37362567804417035 0.094327281392355203 0.079493125108667115 -0.80917031725963517 106.59047154294244 -0.099743678406875369 -0.41241343917875489 5.0157519083253943 -0.085498086225442763
leaf_weight=328 5046 245 59 783 136 46 34 56 266 755 30 80
leaf_count=328 5046 245 59 783 136 46 34 56 266 755 30 80
internal_value=-0.000459759 -0.000187462 -5.57686e-05 -0.00114828 0.000121936 -0.00162853 0.00197531 -0.00183499 -0.000272447 -0.00229889 -0.00241573 -0.00276074
internal_weight=7864 6379 6024 842 5182 1485 80 1405 322 1083 355 325
internal_count=7864 6379 6024 842 5182 1485 80 1405 322 1083 355 325
is_linear=0
shrinkage=0.08


Tree=125
num_leaves=14
num_cat=0
split_feature=43 25 40 2 2 43 52 33 56 2 1 17 42
split_gain=0.481417 0.183801 0.324465 0.167057 0.199045 0.458731 0.217079 0.133923 0.120091 0.103588 0.286223 0.141107 0.0237498
threshold=-0.81241145730018605 1567.7875976562502 0.52105262875556957 129.00000000000003 253.00000000000003 -0.52778512239456166 29.279999732971195 60.882850646972663 118.50000000000001 125.50000000000001 30.070841789245609 12.382916927337648 -0.68322628736495961
decision_type=2 2 2 2 2 2 2 2 2 2 2 2 2
left_child=1 9 -3 7 5 -5 -6 8 -2 10 -1 -11 -9
right_child=3 2 -4 4 6 -7 -8 12 -10 11 -12 -13 -14
leaf_value=-0.70623890352417207 -0.15783188130827278 0.07313367509997358 -0.7444366918788643 35.575600575301529 0.0072607908258923151 0.067037147916919212 -0.34380635343567967 -1.7923186933065001 -5.1379980778790344 -11.759197706763382 61.181979826267906 -0.31147419612105004 -0.10186492083601061
leaf_weight=191 996 46 34 147 3702 738 596 31 67 246 89 879 102
leaf_count=191 996 46 34 147 3702 738 596 31 67 246 89 879 102
internal_value=-0.000439416 -0.00173621 0.00197531 -0.000137305 5.94126e-05 0.00115124 -0.000165621 -0.00098914 -0.000687971 -0.00194879 -0.000569396 -0.0022913 -0.00337314
internal_weight=7864 1485 80 6379 5183 885 4298 1196 1063 1405 280 1125 133
internal_count=7864 1485 80 6379 5183 885 4298 1196 1063 1405 280 1125 133
is_linear=0
shrinkage=0.08


Tree=126
num_leaves=15
num_cat=0
split_feature=43 27 16 24 2 2 43 52 33 56 15 24 35 42
split_gain=0.46643 0.199703 0.304864 0.191939 0.157365 0.204199 0.233728 0.194968 0.133923 0.120091 0.106182 0.134797 0.028417 0.0237498
threshold=-0.81241145730018605 42.057758331298835 0.37635099887847906 338.07292175292974 129.00000000000003 159.50000000000003 -0.52778512239456166 29.279999732971195 60.882850646972663 118.50000000000001 2.4599537849426274 199.3497009277344 164.99555206298831 -0.68322628736495961
decision_type=2 2 2 2 2 2 2 2 2 2 2 2 2 2
left_child=1 2 -1 -4 8 6 -6 -7 9 -2 12 -12 -3 -10
right_child=4 10 3 -5 5 7 -8 -9 13 -11 11 -13 -14 -15
leaf_value=54.025125813061322 -0.14520533080361034 -6.8894325632133846 -0.55486185189791015 0.020600853581097069 43.019801561347258 0.012110058401831183 0.21978970313353913 -0.31627211901907581 -1.6489331978419801 -4.7269582316487115 14.927604301897935 -0.33239569818087489 -10.770929517432133 -0.093715727169129764
leaf_weight=52 996 31 377 223 40 4229 201 713 31 67 76 447 279 102
leaf_count=52 996 31 377 223 40 4229 201 713 31 67 76 447 279 102
internal_value=-0.000459759 -0.00173621 -0.000686065 -0.001198 -0.000162383 2.85484e-05 0.00229752 -8.25419e-05 -0.00098914 -0.000687971 -0.00255636 -0.00185496 -0.0037299 -0.00337314
internal_weight=7864 1485 652 600 6379 5183 241 4942 1196 1063 833 523 310 133
internal_count=7864 1485 652 600 6379 5183 241 4942 1196 1063 833 523 310 133
is_linear=0
shrinkage=0.08


Tree=127
num_leaves=14
num_cat=0
split_feature=43 10 15 53 2 1 6 36 5 13 47 33 36
split_gain=0.410168 0.292426 0.226671 0.199288 0.198587 0.2025 0.369423 0.32245 0.168396 0.159904 0.229589 0.0788992 0.0402643
threshold=-0.68322628736495961 1.0541345477104189 29.613815307617191 2.5000000000000004 129.00000000000003 345.79135131835943 0.12500000372529033 1.0000000180025095e-35 91.794860839843764 146.12386322021487 1.0000000180025095e-35 57.622165679931648 373.00000000000006
decision_type=2 2 2 2 2 2 2 2 2 2 2 2 2
left_child=1 2 3 -1 9 7 -7 -6 12 10 -2 -11 -3
right_child=4 8 -4 -5 5 6 -8 -9 -10 11 -12 -13 -14
leaf_value=-0.17382583131903059 0.26350612757295006 -1.1133957615930823 0.34362397490769658 -0.3375284822526598 25.347757798599659 -0.86532458786882704 0.22972776991585961 0.028332917021011587 18.391427899860982 -1.6189415913819756 -0.45714264897489015 -1.424273128019919 -0.35613343644379197
leaf_weight=1017 195 333 46 395 110 787 684 3201 41 417 207 282 149
leaf_count=1017 195 333 46 395 110 787 684 3201 41 417 207 282 149
internal_value=-0.000459759 -0.0014551 -0.000871831 -0.00105308 -0.000124406 9.86819e-05 -0.000682066 0.000445651 -0.00307634 -0.00109256 0.000178659 -0.00182286 -0.00349482
internal_weight=7864 1981 1458 1412 5883 4782 1471 3311 523 1101 402 699 482
internal_count=7864 1981 1458 1412 5883 4782 1471 3311 523 1101 402 699 482
is_linear=0
shrinkage=0.08


Tree=128
num_leaves=13
num_cat=0
split_feature=43 10 15 53 58 24 56 24 58 6 5 5
split_gain=0.393834 0.253299 0.226671 0.199288 0.182117 0.216493 0.323702 0.197281 0.175046 0.170311 0.158096 0.0536723
threshold=-0.68322628736495961 1.0541345477104189 29.613815307617191 2.5000000000000004 53.111665725708015 182.569938659668 11.500000000000002 367.47322082519537 46.943611145019538 0.20833333581686023 91.794860839843764 36.825832366943366
decision_type=2 2 2 2 2 2 2 2 2 2 2 2
left_child=1 2 3 -1 8 6 -6 -7 9 -2 11 -3
right_child=4 10 -4 -5 5 7 -8 -9 -10 -11 -12 -13
leaf_value=-0.159919764813508 -0.093352068474703787 -1.5525059056247832 0.31613405691508112 -0.31052620367244715 -3.1517540156597041 -0.98907784401419496 40.127169972243728 0.1935568836517664 44.198399441115733 0.057508421426479134 16.920113667872098 -0.30830769275283315
leaf_weight=1017 3047 301 46 395 48 280 33 34 44 2397 41 181
leaf_count=1017 3047 301 46 395 48 280 33 34 44 2397 41 181
internal_value=-0.000439416 -0.00141473 -0.000871831 -0.00105308 -0.00011081 -0.00176768 0.00190244 -0.00271746 8.74381e-06 -3.23242e-05 -0.00292367 -0.00332919
internal_weight=7864 1981 1458 1412 5883 395 81 314 5488 5444 523 482
internal_count=7864 1981 1458 1412 5883 395 81 314 5488 5444 523 482
is_linear=0
shrinkage=0.08


Tree=129
num_leaves=15
num_cat=0
split_feature=43 44 25 12 58 56 56 58 56 49 30 23 59 16
split_gain=0.377575 0.249517 0.307928 0.241516 0.224919 0.259267 0.565784 0.17876 0.484366 0.250206 0.178314 0.292659 0.156627 0.14816
threshold=-0.68322628736495961 0.87837970256805431 1111.4905395507815 352.46875000000006 24.490416526794437 44.500000000000007 65.500000000000014 21.532777786254886 3.5000000000000004 36.581806182861335 0.48065476119518286 22.682638168334964 93.500000000000014 0.70128789544105541
decision_type=2 2 2 2 2 2 2 2 2 2 2 2 2 2
left_child=1 10 3 -3 7 13 -7 9 -9 -2 11 -1 -12 -6
right_child=4 2 -4 -5 5 6 -8 8 -10 -11 12 -13 -14 -15
leaf_value=-30.431174178184225 0.030703010752987675 0.082561617163755416 0.61280764275406352 -0.2556601942043954 5.0945330190718234 61.703852283791448 -0.59240528209195387 57.782516965248305 -0.43476184928310624 -0.24253033413341699 -0.40405197830801498 121.88533282880381 11.433526793302324 -0.94811767288878435
leaf_weight=48 4374 155 56 144 95 31 143 39 43 488 1426 35 117 670
leaf_count=48 4374 155 56 144 95 31 143 39 43 488 1426 35 117 670
internal_value=-0.000459759 -0.00141473 0.000505617 -0.000520001 -0.000138002 -0.00127234 0.00150857 7.76532e-05 0.00375904 1.48047e-05 -0.00183405 0.0017619 -0.0020285 -0.00190601
internal_weight=7864 1981 355 299 5883 939 174 4944 82 4862 1626 83 1543 765
internal_count=7864 1981 355 299 5883 939 174 4944 82 4862 1626 83 1543 765
is_linear=0
shrinkage=0.08


Tree=130
num_leaves=12
num_cat=0
split_feature=43 58 42 34 45 24 30 23 17 4 17
split_gain=0.369574 0.250011 0.301674 0.418114 0.237594 0.160328 0.155529 0.245432 0.169519 0.153612 0.130229
threshold=-0.68322628736495961 28.775833129882816 0.93540480732917797 50.68635559082032 0.81174489855766307 92.653274536132827 0.48065476119518286 22.682638168334964 8.9798607826232928 38.798744201660163 4.3752778768539438
decision_type=2 2 2 2 2 2 2 2 2 2 2
left_child=4 5 10 -4 6 -2 7 -1 -8 -7 -3
right_child=1 2 3 -5 -6 9 8 -9 -10 -11 -12
leaf_value=-25.378602820609583 10.575210613507648 7.8646413902338166 -0.84052353667083235 4.0410599235933748 -0.80798120829329134 0.015517660163617851 -1.6413521115503551 112.13450620249947 -0.10854899091851312 -0.31992623154188643 -0.87191190144976416
leaf_weight=39 33 65 164 59 206 4902 385 35 1316 156 504
leaf_count=39 33 65 164 59 206 4902 385 35 1316 156 504
internal_value=-0.000469931 -0.000151599 -0.00147289 0.00101786 -0.00141473 5.42017e-05 -0.00111487 0.00245333 -0.00127145 1.73938e-05 -0.00244912
internal_weight=7864 5883 792 223 1981 5091 1775 74 1701 5058 569
internal_count=7864 5883 792 223 1981 5091 1775 74 1701 5058 569
is_linear=0
shrinkage=0.08


Tree=131
num_leaves=13
num_cat=0
split_feature=43 58 45 42 9 10 5 34 35 53 25 29
split_gain=0.30188 0.31166 0.252821 0.240937 0.405005 0.175729 0.240041 0.19156 0.163224 0.331258 0.249892 0.129468
threshold=-0.68322628736495961 24.490416526794437 0.81174489855766307 0.93540480732917797 0.47472222149372106 1.0541345477104189 36.825832366943366 48.34856033325196 166.25458526611331 29.500000000000004 772.42044067382824 563.54193115234386
decision_type=2 2 2 2 2 2 2 2 2 2 2 2
left_child=2 8 5 11 -5 7 -7 -1 9 -2 -10 -3
right_child=1 3 -4 4 -6 6 -8 -9 10 -11 -12 -13
leaf_value=-0.37156830417854009 0.037024810314468637 1.8916328133073308 -0.74334271162982801 -1.0749902972919156 1.5224050734363135 -1.5216121142059404 -0.24278902508827072 0.027513407748371028 0.19677662044746153 0.14710345675812861 -0.086468804778836644 -0.89497941502522027
leaf_weight=536 1093 39 206 215 51 255 162 822 1707 179 1965 634
leaf_count=536 1093 39 206 215 51 255 162 822 1707 179 1965 634
internal_value=-0.000480103 -0.000192387 -0.00133401 -0.00152766 0.000509362 -0.00102478 -0.00245933 -0.000582782 6.14753e-05 0.000842104 -0.000209094 -0.00233235
internal_weight=7864 5883 1981 939 266 1775 417 1358 4944 1272 3672 673
internal_count=7864 5883 1981 939 266 1775 417 1358 4944 1272 3672 673
is_linear=0
shrinkage=0.08


Tree=132
num_leaves=14
num_cat=0
split_feature=11 53 54 49 43 58 52 56 42 42 33 24 25
split_gain=0.253972 0.197904 0.218791 0.318313 0.237987 0.20419 0.170809 0.323655 0.514163 0.306786 0.479242 0.44298 0.215436
threshold=3.7825000286102299 131.50000000000003 1.0000000180025095e-35 3.1497222185134892 0.99465191364288341 8.2554163932800311 29.279999732971195 98.500000000000014 0.52778512239456188 0.41248606145381933 59.79893875122071 616.98809814453136 780.71444702148449
decision_type=2 2 2 2 2 2 2 2 2 2 2 2 2
left_child=6 2 3 -2 -4 -3 9 12 -9 11 -11 -1 -8
right_child=1 5 4 -5 -6 -7 7 8 -10 10 -12 -13 -14
leaf_value=-0.15343270229613834 -7.9587555822318983 -0.88226112195107309 -0.35240462279721962 16.947918637905136 9.1207691925503109 0.78138895065919711 -1.9288987963728677 27.030190666330682 -0.20097947449028619 -0.03635939892276218 0.27587979285356168 0.047816784438423951 -0.065562192263767929
leaf_weight=2781 59 40 1308 31 38 49 476 30 41 1968 644 117 282
leaf_count=2781 59 40 1308 31 38 49 476 30 41 1968 644 117 282
internal_value=-0.000449588 -0.00137615 -0.00160334 0.0021978 -0.00185895 0.00226667 -0.000226499 -0.00129639 0.00383333 -6.53249e-05 0.000563336 -0.000631943 -0.00178129
internal_weight=7864 1525 1436 90 1346 89 6339 829 71 5510 2612 2898 758
internal_count=7864 1525 1436 90 1346 89 6339 829 71 5510 2612 2898 758
is_linear=0
shrinkage=0.08


Tree=133
num_leaves=11
num_cat=0
split_feature=24 42 16 43 56 43 53 18 7 12
split_gain=0.219887 0.290235 0.242974 0.21459 0.345931 0.195249 0.191943 0.265028 0.21564 0.185267
threshold=402.09524536132818 -0.98611506819725026 123.2425880432129 -0.81241145730018605 140.50000000000003 -0.99465191364288319 88.500000000000014 0.083333332091569914 0.48220558464527136 597.69790649414074
decision_type=2 2 2 2 2 2 2 2 2 2
left_child=3 -2 5 4 9 -3 7 -5 -8 -1
right_child=1 2 -4 6 -6 -7 8 -9 -10 -11
leaf_value=-0.72868698193587489 3.1609211730719258 0.1267256663638992 -3.8430805475884178 2.8413357718300483 0.10699983088664818 0.010180818929670352 -0.90877854604773622 -0.098840465868342164 0.20334076964599276 0.016249992091668445
leaf_weight=1084 54 39 79 38 41 1142 341 4880 64 102
leaf_count=1084 54 39 79 38 41 1142 341 4880 64 102
internal_value=-0.000378386 0.000565779 0.000317208 -0.000567853 -0.00152117 0.000605752 -0.00034786 -0.0002098 -0.00201971 -0.00177254
internal_weight=7864 1314 1260 6550 1227 1181 5323 4918 405 1186
internal_count=7864 1314 1260 6550 1227 1181 5323 4918 405 1186
is_linear=0
shrinkage=0.08


Tree=134
num_leaves=15
num_cat=0
split_feature=58 43 33 52 22 59 42 40 30 17 3 18 44 40
split_gain=0.183225 0.265057 0.320615 0.212658 0.176137 0.174938 0.213814 0.200792 0.171317 0.159883 0.155785 0.144364 0.100575 0.0730012
threshold=24.490416526794437 -0.68322628736495961 57.468660354614265 25.929861068725589 8.5569911003112811 27.500000000000004 0.58216583728790294 0.37368421256542211 0.48065476119518286 19.976804733276371 37.548713684082038 0.13541666418313983 -1.0000000180025095e-35 0.87894737720489513
decision_type=2 2 2 2 2 2 2 2 2 2 2 2 2 2
left_child=1 2 8 -4 10 11 9 -8 -1 -7 -3 -2 -13 -6
right_child=5 4 3 -5 13 6 7 -9 -10 -11 -12 12 -14 -15
leaf_value=40.871831259260766 1.1247566302059657 0.028100384042742399 0.015645773072420373 -0.5814704249523599 -0.23415084935553587 9.9762276783575938 0.026374364317708135 27.00401487809436 -1.7191290914894213 -1.1117711625255187 -0.16531948722653286 -1.2776111664784235 -1.7882990483099173 0.23084546583202381
leaf_weight=72 37 4635 716 139 159 51 318 38 764 287 120 216 282 30
leaf_count=72 37 4635 716 139 159 51 318 38 764 287 120 216 282 30
internal_value=-0.000368215 -0.00020193 -0.00106619 2.33635e-05 9.38312e-05 -0.00126504 -0.0004259 0.000941176 -0.00217921 -0.00186431 0.000189234 -0.00235075 -0.00270942 -0.00229474
internal_weight=7864 6635 1691 855 4944 1229 694 356 836 338 4755 535 498 189
internal_count=7864 6635 1691 855 4944 1229 694 356 836 338 4755 535 498 189
is_linear=0
shrinkage=0.08


Tree=135
num_leaves=12
num_cat=0
split_feature=55 27 59 12 43 52 53 40 19 0 26
split_gain=0.17486 0.238726 0.327622 0.199275 0.221768 0.197657 0.233864 0.549123 0.23954 0.149699 0.138145
threshold=19.763472557067875 11.220140457153322 42.500000000000007 173.47916412353518 0.2269546836614609 156.08569335937503 4.5000000000000009 0.21578947454690936 0.290930986404419 26.458333015441898 11603.500000000002
decision_type=2 2 2 2 2 2 2 2 2 2 2
left_child=5 2 -2 9 -5 6 8 -8 -1 -3 -7
right_child=1 3 -4 4 -6 10 7 -9 -10 -11 -12
leaf_value=0.078202809553710687 -0.49398345517682174 -1.4815605079490373 27.111616809919528 -0.1123598230375521 0.050249245945363466 -0.86306378033227249 0.42692230938062425 -0.04614605128555458 -0.1195246486857531 -6.6240990805952462 17.083773069764597
leaf_weight=80 56 133 38 563 406 140 434 1052 4560 354 48
leaf_count=80 56 133 38 563 406 140 434 1052 4560 354 48
internal_value=-0.000347871 -0.00110896 0.00277895 -0.0013617 -0.000696908 -0.000160888 -8.22598e-05 0.000790853 -0.000361992 -0.00268033 -0.002709
internal_weight=7864 1550 94 1456 969 6314 6126 1486 4640 487 188
internal_count=7864 1550 94 1456 969 6314 6126 1486 4640 487 188
is_linear=0
shrinkage=0.08


Tree=136
num_leaves=14
num_cat=0
split_feature=11 42 49 16 50 1 52 15 2 42 33 36 49
split_gain=0.20898 0.184578 0.23722 0.272846 0.234121 0.225494 0.159478 0.351061 0.467243 0.228245 0.52006 0.283216 0.0276576
threshold=3.7825000286102299 -0.52778512239456166 25.691945075988773 0.97315683960914623 141.50000000000003 720.20025634765636 28.757638931274418 0.3487673699855805 225.00000000000003 0.41248606145381933 59.79893875122071 4.5000000000000009 51.430694580078132
decision_type=2 2 2 2 2 2 2 2 2 2 2 2 2
left_child=6 2 3 -2 5 -3 9 12 -9 11 -11 -1 -8
right_child=1 4 -4 -5 -6 -7 7 8 -10 10 -12 -13 -14
leaf_value=-0.86144414194298391 0.068749406019142451 -0.42580505861047535 0.22898355168647291 -0.25331899110432787 10.734358921272538 0.14588583702175245 -4.2507956361551091 17.613397180371202 -0.17193241991254965 -0.029880858998253573 0.27447020455711568 0.0016822533178040811 -13.29240996504617
leaf_weight=899 42 933 50 229 53 218 224 142 458 1959 639 1987 31
leaf_count=899 42 933 50 229 53 218 224 142 458 1959 639 1987 31
internal_value=-0.000378386 -0.00121887 0.000484471 -0.000455883 -0.00167303 -0.0019132 -0.000176026 -0.00119159 -0.000133112 -1.75032e-05 0.000526355 -0.000507102 -0.00367188
internal_weight=7864 1525 321 271 1204 1151 6339 855 600 5484 2598 2886 255
internal_count=7864 1525 321 271 1204 1151 6339 855 600 5484 2598 2886 255
is_linear=0
shrinkage=0.08


Tree=137
num_leaves=15
num_cat=0
split_feature=22 43 12 34 4 52 23 52 52 28 58 28 19 23
split_gain=0.208974 0.383944 0.386476 0.419103 0.238105 0.221561 0.221508 0.221431 0.169112 0.648886 0.285135 0.126359 0.0279021 0.0232513
threshold=6.2985980510711679 0.63405361771583568 402.93750000000006 52.140878677368171 0.9434499740600587 92.184581756591811 22.621944427490238 5.9322223663330087 4.462083339691163 434.13929748535162 17.092500686645511 135.33777618408206 0.39821441471576696 21.501250267028812
decision_type=2 2 2 2 2 2 2 2 2 2 2 2 2 2
left_child=1 4 3 -3 11 8 -7 -6 10 -10 -2 -1 -8 -4
right_child=5 2 13 -5 7 6 12 -9 9 -11 -12 -13 -14 -15
leaf_value=-0.50730566417347067 -0.0075882475425854794 23.391968997565293 -2.1414542670230308 -3.2578306446285241 4.3899237198041146 23.996438811306625 -0.45363878594136681 -0.76526727046045384 0.017495121267471849 50.718287663083551 -0.66525209911237015 -5.7017543032730122 -0.71643986298633533 -1.2937498542520682
leaf_weight=93 3327 228 30 94 119 51 30 73 1887 64 735 870 182 81
leaf_count=93 3327 228 30 94 119 51 30 73 1887 64 735 870 182 81
internal_value=-0.000408901 -0.00122845 0.000801842 0.00220433 -0.00198962 -0.000201371 -0.0024697 0.00058031 -0.000101764 0.000510245 -0.000395768 -0.00250208 -0.00360563 -0.00325
internal_weight=7864 1588 433 322 1155 6276 263 192 6013 1951 4062 963 212 111
internal_count=7864 1588 433 322 1155 6276 263 192 6013 1951 4062 963 212 111
is_linear=0
shrinkage=0.08


Tree=138
num_leaves=14
num_cat=0
split_feature=22 40 13 49 52 29 44 47 42 49 56 56 22
split_gain=0.363194 0.281831 0.679284 0.390476 0.219768 0.303355 0.206571 0.509155 0.197349 0.188967 0.162685 0.155351 0.129782
threshold=6.2985980510711679 0.14210525900125506 221.40804290771487 6.1924998760223398 49.750555038452156 487.13194274902349 0.87837970256805431 1.0000000180025095e-35 0.81241145730018627 0.029305555857717994 6.5000000000000009 3.5000000000000004 6.6388230323791513
decision_type=2 2 2 2 2 2 2 2 2 2 2 2 2
left_child=1 2 3 -1 6 -6 8 -8 -2 -4 11 -3 -7
right_child=4 10 9 -5 5 12 7 -9 -10 -11 -12 -13 -14
leaf_value=40.498770956949429 -0.074730428335348542 -1.4077348451717595 0.21415892607938117 78.527322974876398 21.590931186307422 36.729481923840744 -0.12032147223256756 0.12815685316370848 0.042780208803515303 -2.0606879962181983 -2.2878677231495086 0.68467203573227098 -0.52290133204059908
leaf_weight=39 3675 894 133 30 35 45 460 451 1284 139 245 108 326
leaf_count=39 3675 894 133 30 35 45 460 451 1284 139 245 108 326
internal_value=-0.000500446 -0.00158087 0.000456139 0.00748571 -0.000226861 -0.00202457 -0.000102198 0.00100439 -0.000305646 -0.00134799 -0.00213782 -0.00168295 -0.00269893
internal_weight=7864 1588 341 69 6276 406 5870 911 4959 272 1247 1002 371
internal_count=7864 1588 341 69 6276 406 5870 911 4959 272 1247 1002 371
is_linear=0
shrinkage=0.08


Tree=139
num_leaves=15
num_cat=0
split_feature=22 40 13 49 58 59 58 49 27 49 53 56 56 34
split_gain=0.363194 0.281831 0.679284 0.390476 0.235793 0.230868 0.227883 0.188967 0.179093 0.192335 0.168024 0.162685 0.155351 0.086793
threshold=6.2985980510711679 0.14210525900125506 221.40804290771487 6.1924998760223398 23.961944580078129 54.500000000000007 99.653888702392592 0.029305555857717994 3.6363527774810795 35.18236160278321 4.5000000000000009 6.5000000000000009 3.5000000000000004 49.032165527343757
decision_type=2 2 2 2 2 2 2 2 2 2 2 2 2 2
left_child=1 2 3 -1 8 13 -7 -4 10 -10 -2 12 -3 -6
right_child=4 11 7 -5 5 6 -8 -9 9 -11 -12 -13 -14 -15
leaf_value=37.258869280393469 -0.9557573014014864 -1.2951160575580187 0.19702621199303025 72.245137136886285 -4.8836147524779312 -0.58654782433263675 3.2685605513579561 -1.8958329565207424 0.019148596738538616 -0.14164390083132364 0.18643857563878946 -2.1048383052975477 0.62989827287368538 -0.22667597601149708
leaf_weight=39 247 894 133 30 249 460 42 139 4506 517 32 245 108 223
leaf_count=39 247 894 133 30 249 460 42 139 4506 517 32 245 108 223
internal_value=-0.000500446 -0.00158087 0.000456139 0.00748571 -0.000226861 -0.00137026 -0.000174951 -0.00134799 -1.65953e-05 9.31519e-05 -0.00198572 -0.00213782 -0.00168295 -0.00263848
internal_weight=7864 1588 341 69 6276 974 502 272 5302 5023 279 1247 1002 472
internal_count=7864 1588 341 69 6276 974 502 272 5302 5023 279 1247 1002 472
is_linear=0
shrinkage=0.08


Tree=140
num_leaves=15
num_cat=0
split_feature=22 6 40 52 22 42 44 47 42 11 58 58 55 36
split_gain=0.349984 0.240582 0.34695 0.232248 0.306143 0.416385 0.202657 0.459385 0.227551 0.190636 0.132495 0.242996 0.129856 0.108981
threshold=6.2985980510711679 0.20833333581686023 0.047368422150611884 38.605693817138679 7.4416916370391855 0.81241145730018627 0.87837970256805431 1.0000000180025095e-35 0.81241145730018627 4.0865275859832773 21.532777786254886 26.738194465637211 0.90277779102325451 855.00000000000011
decision_type=2 2 2 2 2 2 2 2 2 2 2 2 2 2
left_child=1 10 -3 6 5 -5 8 -8 -2 -4 12 -12 -1 -6
right_child=3 2 9 4 13 -7 7 -9 -10 -11 11 -13 -14 -15
leaf_value=-1.3644935503886695 -0.077390123110918488 34.565532730877273 0.0086490391978841247 13.395554669064989 -0.62153129627176917 -2.0848227757705136 -0.10801283171206512 0.17342607416999931 0.06378584930274285 -12.001245866547267 19.224037396508496 -4.5596713013343892 -2.2536728312374659 0.019852488271728249
leaf_weight=428 3600 34 380 129 305 78 444 441 1249 128 46 186 386 30
leaf_count=428 3600 34 380 129 305 78 444 441 1249 128 46 186 386 30
internal_value=-0.000469931 -0.00153052 -0.000162064 -0.000201371 -0.00178269 0.000634614 -5.16139e-05 0.00106095 -0.000254846 -0.000691553 -0.00223878 -0.000549357 -0.00271902 -0.00327381
internal_weight=7864 1588 542 6276 542 207 5734 885 4849 508 1046 232 814 335
internal_count=7864 1588 542 6276 542 207 5734 885 4849 508 1046 232 814 335
is_linear=0
shrinkage=0.08


Tree=141
num_leaves=13
num_cat=0
split_feature=52 22 6 40 55 56 36 29 22 53 42 53
split_gain=0.348107 0.327665 0.263315 0.391064 0.223613 0.285324 0.226998 0.191416 0.140947 0.203315 0.111717 0.0298654
threshold=38.605693817138679 6.2985980510711679 0.20833333581686023 0.047368422150611884 27.773750305175785 140.50000000000003 309.50000000000006 487.13194274902349 7.2775821685791025 2.5000000000000004 0.41248606145381933 83.500000000000014
decision_type=2 2 2 2 2 2 2 2 2 2 2 2
left_child=1 2 10 -4 5 -3 -6 -2 9 -9 -1 -10
right_child=7 4 3 -5 6 -7 -8 8 11 -11 -12 -13
leaf_value=-1.9680313001203493 13.75838925662009 0.0065007872388493414 31.972713908156258 -0.3215997515429691 -0.7280918418496003 0.074795043114226453 0.014069358501010296 68.088014117876511 -0.38865054461433846 -1.1990083878587394 -1.7590519937559146 -0.51778904766473932
leaf_weight=408 47 4902 31 460 587 57 188 56 272 265 496 95
leaf_count=408 47 4902 31 460 587 57 188 56 272 265 496 95
internal_value=-0.000490274 -0.000319216 -0.00141834 7.31698e-05 -5.16139e-05 0.000145967 -0.00131443 -0.00214674 -0.00248476 -0.00125466 -0.00222763 -0.00355435
internal_weight=7864 7129 1395 491 5734 4959 775 735 688 321 904 367
internal_count=7864 7129 1395 491 5734 4959 775 735 688 321 904 367
is_linear=0
shrinkage=0.08


Tree=142
num_leaves=13
num_cat=0
split_feature=52 28 28 52 43 58 42 42 22 53 0 12
split_gain=0.324226 0.322825 0.306402 0.340786 0.275352 0.31853 0.26797 0.206604 0.125102 0.185371 0.120807 0.0712159
threshold=38.605693817138679 45.350009918212898 175.26733398437503 32.934862136840827 -0.84874749183654774 2.0694445371627812 0.58216583728790294 -0.63405361771583546 6.6388230323791513 2.5000000000000004 42.333332061767585 778.77084350585949
decision_type=2 2 2 2 2 2 2 2 2 2 2 2
left_child=2 -2 3 7 10 -6 -5 -1 9 -3 -4 -10
right_child=1 8 4 6 5 -7 -8 -9 11 -11 -12 -13
leaf_value=-0.081278512506622477 11.940485475612199 68.259673888913397 -2.7142128771967795 27.458820276011654 0.15914604040210067 -2.4877729209693067 -0.21850124881638358 0.026896116434106433 -1.0944359454812784 -1.5988820310257748 -12.404168545588966 -0.030717367522245277
leaf_weight=928 48 40 148 31 1354 1065 33 3239 405 201 331 41
leaf_count=928 48 40 148 31 1354 1065 33 3239 405 201 331 41
internal_value=-0.000439416 -0.00203804 -0.000274335 0.000159734 -0.0009079 -0.000560332 0.00590769 7.00566e-05 -0.00248256 -0.00100827 -0.00265833 -0.00327517
internal_weight=7864 735 7129 4231 2898 2419 64 4167 687 241 479 446
internal_count=7864 735 7129 4231 2898 2419 64 4167 687 241 479 446
is_linear=0
shrinkage=0.08


Tree=143
num_leaves=14
num_cat=0
split_feature=52 52 52 12 19 24 9 29 14 52 27 59 13
split_gain=0.354701 0.297117 0.280366 0.290181 0.263723 0.254115 0.219521 0.203711 0.302393 0.27137 0.0521467 0.0932808 0.0295953
threshold=28.757638931274418 4.462083339691163 4.8016667366027841 47.593750000000007 1.0000000180025095e-35 388.34672546386724 0.14613425731658938 513.55970764160168 3739.5000000000005 53.47319412231446 24.966683387756351 1.5000000000000002 152.98844146728518
decision_type=2 2 2 2 2 2 2 2 2 2 2 2 2
left_child=1 4 -3 -4 -1 -6 10 9 -9 -8 11 -2 -12
right_child=6 2 3 -5 5 -7 7 8 -10 -11 12 -13 -14
leaf_value=0.033408412535747271 3.9834085074693828 0.92576005653729343 0.51802857237234279 0.017125657006654173 -0.33228060640425094 0.025746762852002451 -1.3858284903065925 -0.50507031110544365 0.6422387746299143 17.220363550765025 -4.639044300846372 -1.4249450771974541 -0.68512032228240094
leaf_weight=40 49 33 54 1584 4270 796 34 450 154 31 30 53 286
leaf_count=40 49 33 54 1584 4270 796 34 450 154 31 30 53 286
internal_value=-0.000449588 -0.000234288 0.000691387 0.000541793 -0.000537303 -0.00058891 -0.00179044 -0.000889553 -0.00134876 0.00333333 -0.00322673 -0.00163107 -0.00373502
internal_weight=7864 6777 1671 1638 5106 5066 1087 669 604 65 418 102 316
internal_count=7864 6777 1671 1638 5106 5066 1087 669 604 65 418 102 316
is_linear=0
shrinkage=0.08


Tree=144
num_leaves=15
num_cat=0
split_feature=52 28 42 56 23 52 58 17 27 40 42 53 2 42
split_gain=0.398366 0.30229 0.318658 0.435939 0.236729 0.315734 0.35811 0.35714 0.272493 0.427787 0.272885 0.133934 0.359835 0.0700132
threshold=29.279999732971195 49.094839096069343 0.81241145730018627 19.500000000000004 22.138889312744144 4.462083339691163 15.37055540084839 50.407222747802741 24.966683387756351 0.4789473712444306 -0.98611506819725026 2.5000000000000004 239.50000000000003 0.68322628736495983
decision_type=2 2 2 2 2 2 2 2 2 2 2 2 2 2
left_child=4 2 3 -2 8 6 -6 -7 9 -1 -10 12 -3 -13
right_child=1 11 -4 -5 5 7 -8 -9 10 -11 -12 13 -14 -15
leaf_value=0.80248474567949657 -0.89539363025004182 66.148426442660991 -1.4275781048270906 17.265605069829611 9.6322346969655674e-05 3.4800852275758474 -0.66210988599158815 0.0048301759290670957 14.196362969545504 -2.6774160080520635 -1.235577063608964 -0.60745891468279423 -0.62189867143809097 -0.24978938012818522
leaf_weight=223 78 38 52 38 3260 465 707 958 34 81 1081 398 81 370
leaf_count=223 78 38 52 38 3260 465 707 958 34 81 1081 398 81 370
internal_value=-0.000429244 -0.001875 0.00123077 0.00355555 -0.000204994 3.70979e-05 -0.000329638 0.00105899 -0.00112394 0.00099672 -0.00170251 -0.00246396 3.33324e-05 -0.00285046
internal_weight=7864 1055 168 116 6809 5390 3967 1423 1419 304 1115 887 119 768
internal_count=7864 1055 168 116 6809 5390 3967 1423 1419 304 1115 887 119 768
is_linear=0
shrinkage=0.08


Tree=145
num_leaves=13
num_cat=0
split_feature=28 53 43 43 52 59 59 3 59 33 0 53
split_gain=0.307531 0.279461 0.321336 0.28805 0.201656 0.17627 0.319724 0.399148 0.271539 0.141778 0.135828 0.133283
threshold=175.26733398437503 1.5000000000000002 -0.84874749183654774 0.84874749183654796 0.24791666865348819 120.50000000000001 17.500000000000004 16.942963123321537 3.5000000000000004 32.721704483032234 105.95833206176759 47.500000000000007
decision_type=2 2 2 2 2 2 2 2 2 2 2 2
left_child=5 2 4 -4 -2 6 8 -8 -1 -3 -11 -7
right_child=1 9 3 -5 -6 11 7 -9 -10 10 -12 -13
leaf_value=-0.0011393185164765508 -8.5374963782932927 28.395199965920579 1.7512292778567695 -2.6084766478322989 68.770676635518655 -1.4448419087377056 1.9916766623203181 -0.94478592102477577 -0.3839889154389956 -2.3110314462546193 -4.0638379664933497 0.0084797600096247951
leaf_weight=3303 337 53 1213 408 53 123 594 72 459 697 504 48
leaf_count=3303 337 53 1213 408 53 123 594 72 459 697 504 48
internal_value=-0.000490274 -0.0010839 -0.000499007 -2.46704e-06 -0.00255755 -6.86966e-05 2.88995e-05 0.00164318 -0.000257243 -0.00202072 -0.00219967 -0.0025814
internal_weight=7864 3265 2011 1621 390 4599 4428 666 3762 1254 1201 171
internal_count=7864 3265 2011 1621 390 4599 4428 666 3762 1254 1201 171
is_linear=0
shrinkage=0.08


Tree=146
num_leaves=15
num_cat=0
split_feature=22 55 25 40 15 47 52 40 0 42 40 14 30 42
split_gain=0.234878 0.182579 0.229745 0.663278 0.208403 0.668533 0.251945 0.176523 0.148464 0.267234 0.266152 0.531433 0.144954 0.144947
threshold=6.2985980510711679 27.773750305175785 958.22286987304699 0.4789473712444306 29.613815307617191 1.0000000180025095e-35 38.605693817138679 0.35263158380985266 126.37500000000001 -0.84874749183654774 0.14210525900125506 949.00000000000011 0.7604166865348817 0.99465191364288341
decision_type=2 2 2 2 2 2 2 2 2 2 2 2 2 2
left_child=8 4 7 -4 6 -6 -2 -3 10 -10 11 -1 -11 -12
right_child=1 2 3 -5 5 -7 -8 -9 9 12 13 -13 -14 -15
leaf_value=57.823694380984605 -0.0078584858860465054 -0.31470206300781917 -0.065228398274902205 0.236696273197704 -0.046366789933110678 0.22640271119838928 -0.73697533830149642 -0.54077627164547304 8.8534603912347762 -1.7494573739228347 -3.7414365738177437 -0.13674514354804468 -0.099964879338556328 18.507316200950378
leaf_weight=48 4712 414 117 48 140 123 422 300 39 525 664 139 127 46
leaf_count=48 4712 414 117 48 140 123 422 300 39 525 664 139 127 46
internal_value=-0.000510618 -0.000290586 -0.00135909 0.0013253 -0.00011634 0.00207576 -0.000229018 -0.00198042 -0.00137948 -0.00226012 -0.000699333 0.00197872 -0.00264625 -0.00140647
internal_weight=7864 6276 879 165 5397 263 5134 714 1588 691 897 187 652 710
internal_count=7864 6276 879 165 5397 263 5134 714 1588 691 897 187 652 710
is_linear=0
shrinkage=0.08


Tree=147
num_leaves=14
num_cat=0
split_feature=55 22 52 21 55 40 56 56 55 55 25 24 28
split_gain=0.192274 0.210144 0.201677 0.212696 0.190051 0.204051 0.359634 0.264016 0.182349 0.387709 0.317536 0.0945248 0.0280205
threshold=27.773750305175785 6.2985980510711679 136.32985687255862 2.6305757761001591 32.701805114746101 0.24736841768026355 11.500000000000002 4.5000000000000009 0.56944444775581371 0.044166667386889465 472.78794860839849 399.10119628906256 39.430036544799812
decision_type=2 2 2 2 2 2 2 2 2 2 2 2 2
left_child=1 8 3 -3 12 6 -6 -7 9 -1 -10 -4 -2
right_child=4 2 11 -5 5 7 -8 -9 10 -11 -12 -13 -14
leaf_value=-0.56529600866805141 -1.4201323531706596 17.278665300177099 -4.4235214475303426 -0.01321229957159243 -2.2397699394835389 0.061193058375802419 3.665303248855317 -0.20940023259831025 0.22797454805345005 16.291219204904404 -2.7587785839401615 0.0020802723838771664 -0.34631627392794129
leaf_weight=771 30 196 124 5044 177 145 201 407 107 98 344 33 187
leaf_count=771 30 196 124 5044 177 145 201 407 107 98 344 33 187
internal_value=-0.000530961 -0.000367372 -0.000145981 -6.1058e-05 -0.00148781 -0.000988186 0.000443271 -0.00196745 -0.00127176 -0.000593104 -0.00257522 -0.00296203 -0.00361468
internal_weight=7864 6717 5397 5240 1147 930 378 552 1320 869 451 157 217
internal_count=7864 6717 5397 5240 1147 930 378 552 1320 869 451 157 217
is_linear=0
shrinkage=0.08


Tree=148
num_leaves=14
num_cat=0
split_feature=24 52 42 52 42 52 50 50 56 58 58 43 30
split_gain=0.249308 0.229408 0.259729 0.317438 0.242785 0.169317 0.325005 0.273334 0.164636 0.146029 0.183695 0.103983 0.0201394
threshold=402.09524536132818 31.982639312744144 0.41248606145381933 4.462083339691163 -0.2901292592287063 33.947776794433601 98.500000000000014 51.500000000000007 130.50000000000003 14.234583377838137 9.4699997901916522 -0.35206145048141474 0.8080357313156129
decision_type=2 2 2 2 2 2 2 2 2 2 2 2 2
left_child=1 2 4 -4 -1 9 7 -7 11 10 -2 -3 -11
right_child=5 8 3 -5 -6 6 -8 -9 -10 12 -12 -13 -14
leaf_value=-0.081980470670171821 0.0056571547033982608 -0.50032338821993183 -0.14841460698770376 0.28425073564004566 -0.57692795289135224 0.01487171608093932 0.3119429100500693 -0.15230197702111045 13.162683751887716 -1.5933323403566237 8.6661337098198281 -1.4571471070483444 -3.2239341681527005
leaf_weight=1592 1042 265 2111 716 1368 41 43 63 31 54 41 467 30
leaf_count=1592 1042 265 2111 716 1368 41 43 63 31 54 41 467 30
internal_value=-0.000500446 -0.000702184 -0.000530063 1.83866e-05 -0.0010537 0.000504942 0.00305405 0.000609523 -0.00200524 0.000181506 0.000431733 -0.0022483 -0.00301177
internal_weight=7864 6550 5787 2827 2960 1314 147 104 763 1167 1083 732 84
internal_count=7864 6550 5787 2827 2960 1314 147 104 763 1167 1083 732 84
is_linear=0
shrinkage=0.08


Tree=149
num_leaves=13
num_cat=0
split_feature=11 13 42 42 54 23 54 49 12 43 52 16
split_gain=0.215643 0.206218 0.257515 0.322259 0.244937 0.233513 0.187137 0.318313 0.155357 0.371905 0.201005 0.125832
threshold=3.7825000286102299 1367.3850097656252 -0.9103761315345763 1.0000000180025095e-35 1.0000000180025095e-35 20.793472290039066 1.0000000180025095e-35 3.1497222185134892 1.0000000180025095e-35 -0.2901292592287063 4.8016667366027841 0.70128789544105541
decision_type=2 2 2 2 2 2 2 2 2 2 2 2
left_child=1 4 -3 -4 11 -6 7 -2 9 -8 -10 -1
right_child=6 2 3 -5 5 -7 8 -9 10 -11 -12 -13
leaf_value=0.57472743601212106 -6.1958344272181218 2.8914613682945585 -0.10247013531685385 0.087208287155425626 -3.3746024551243301 -0.013442720706090025 -0.63885105465048819 15.017194631770726 -0.71241961247596908 0.033287373982309701 -0.062108962318071746 -2.4656401162285015
leaf_weight=44 59 43 178 423 393 4973 31 31 815 32 557 285
leaf_count=44 59 43 178 423 393 4973 31 31 815 32 557 285
internal_value=-0.000469931 -0.000264354 0.00109147 0.000657806 -0.000417838 -0.000287685 -0.00132372 0.0021978 -0.00154596 0.0023125 -0.00172469 -0.00253333
internal_weight=7864 6339 644 601 5695 5366 1525 90 1435 63 1372 329
internal_count=7864 6339 644 601 5695 5366 1525 90 1435 63 1372 329
is_linear=0
shrinkage=0.08


Tree=150
num_leaves=13
num_cat=0
split_feature=58 43 34 31 11 55 30 12 55 4 58 43
split_gain=0.198678 0.285195 0.268513 0.199425 0.187348 0.276428 0.186807 0.182484 0.0930714 0.0851447 0.062683 0.126332
threshold=27.538332939147953 0.29012925922870642 53.266767501831062 0.49871392548084265 3.685416698455811 3.6268055438995366 0.83482143282890331 248.52083587646487 87.036392211914077 16.767167091369632 1.0000000180025095e-35 -0.52778512239456166
decision_type=2 2 2 2 2 2 2 2 2 2 2 2
left_child=3 2 7 4 6 -6 -1 -2 9 -3 -5 -12
right_child=1 8 -4 10 5 -7 -8 -9 -10 -11 11 -13
leaf_value=0.0051492242130179149 -0.93747103375682794 -1.8765325214789723 39.934040141901143 -6.0307383900860998 -0.048542998670943485 -0.42927951156455102 -0.43427846008148097 0.16304269210005817 14.679359224994302 -0.32299174715106677 2.0484741394971859 -1.1884760646755574
leaf_weight=4909 404 363 40 112 924 438 282 203 31 38 36 84
leaf_count=4909 404 363 40 112 924 438 282 203 31 38 36 84
internal_value=-0.000469931 -0.00147778 -0.000413581 -0.000309462 -0.000227648 -0.00106236 -8.47553e-06 -0.000835527 -0.00306698 -0.00339304 -0.00260944 -0.00132231
internal_weight=7864 1079 647 6785 6553 1362 5191 607 432 401 232 120
internal_count=7864 1079 647 6785 6553 1362 5191 607 432 401 232 120
is_linear=0
shrinkage=0.08


Tree=151
num_leaves=15
num_cat=0
split_feature=58 43 50 10 51 43 24 16 59 6 59 11 55 4
split_gain=0.20271 0.222713 0.230426 0.797904 0.221259 0.163908 0.343727 0.313765 0.249887 0.207577 0.468187 0.195078 0.085098 0.0759995
threshold=27.538332939147953 0.29012925922870642 4.5000000000000009 0.30918328464031225 1.0000000180025095e-35 -0.68322628736495961 309.39137268066412 54.178173065185554 82.500000000000014 0.62500000000000011 1.5000000000000002 4.941805601119996 87.036392211914077 16.767167091369632
decision_type=2 2 2 2 2 2 2 2 2 2 2 2 2 2
left_child=5 2 4 -4 -2 6 8 -8 -1 11 -11 -7 13 -3
right_child=1 12 3 -5 -6 9 7 -9 -10 10 -12 -13 -14 -15
leaf_value=-1.0462684494460159 1.6326925751696888 -1.7264099197606546 74.235482459737028 -0.47460667697574005 -3.0660978198326005 -0.0020851727385245546 -0.03355361334255192 0.1898076980792601 1.8265982027483085 0.065461555008613545 -0.8981065465532061 -0.48154592344445785 13.505010486994754 -0.2971524073789813
leaf_weight=847 74 363 49 145 379 4780 704 134 56 50 30 184 31 38
leaf_count=847 74 363 49 145 379 4780 704 134 56 50 30 184 31 38
internal_value=-0.000459759 -0.00147778 -0.000537038 0.0017641 -0.00152423 -0.000297673 -0.000966706 0.000200237 -0.00204867 -6.66015e-05 0.00395062 -0.000132126 -0.00288222 -0.00319403
internal_weight=7864 1079 647 194 453 6785 1741 838 903 5044 80 4964 432 401
internal_count=7864 1079 647 194 453 6785 1741 838 903 5044 80 4964 432 401
is_linear=0
shrinkage=0.08


Tree=152
num_leaves=13
num_cat=0
split_feature=28 56 56 49 56 42 12 27 52 3 59 50
split_gain=0.2303 0.27597 0.409707 0.201785 0.211896 0.340389 0.199755 0.198073 0.188285 0.176389 0.103859 0.0256364
threshold=175.26733398437503 154.50000000000003 140.50000000000003 0.23236110806465152 4.5000000000000009 0.58216583728790294 302.85417175292974 28.620202064514164 81.23944473266603 12.040659904479982 3.5000000000000004 91.500000000000014
decision_type=2 2 2 2 2 2 2 2 2 2 2 2
left_child=1 2 8 4 5 -2 7 -5 -1 -6 -8 -3
right_child=3 11 -4 6 9 -7 10 -9 -10 -11 -12 -13
leaf_value=0.0038121789455017752 -1.0317601056667685 -0.26975343062652363 12.318605136377954 59.932514152442927 -2.226013711622624 6.2280590776729099 -6.5002634383801574 -4.7615973609649629 -0.26044051834216564 4.781367530708307 -6.4025245726321431 -0.087943466360389438
leaf_weight=4231 1004 117 49 51 402 518 285 865 172 30 110 30
leaf_count=4231 1004 117 49 51 402 518 285 865 172 30 110 30
internal_value=-0.000398729 -3.3914e-05 7.90469e-05 -0.000912432 -0.000396932 4.72742e-05 -0.00167988 -0.00102944 -2.72575e-06 -0.00195843 -0.00318182 -0.00343243
internal_weight=7864 4599 4452 3265 1954 1522 1311 916 4403 432 395 147
internal_count=7864 4599 4452 3265 1954 1522 1311 916 4403 432 395 147
is_linear=0
shrinkage=0.08


Tree=153
num_leaves=13
num_cat=0
split_feature=28 58 58 56 15 40 56 43 28 33 24 9
split_gain=0.260646 0.236005 0.669391 0.302714 0.20217 0.320096 0.192797 0.145812 0.438138 0.271522 0.144507 0.0668609
threshold=175.26733398437503 1.2959722280502322 0.89222222566604625 6.5000000000000009 7.4385733604431161 0.38421052694320684 154.50000000000003 -0.47114434838294977 87.658283233642592 54.27380561828614 180.00000000000003 0.10282407328486444
decision_type=2 2 2 2 2 2 2 2 2 2 2 2
left_child=6 2 3 -2 10 -6 7 9 -9 -1 -3 -8
right_child=1 4 -4 -5 5 -7 11 8 -10 -11 -12 -13
leaf_value=-9.5653164038560696 -0.37876648462069201 -2.0067868145137773 37.853447532692975 -5.4170969909743221 -7.8912988773533801 26.909576651972586 -0.18298508221854301 -0.079006119067894259 0.10209442355660907 -0.03124889218466962 -3.313560831308898 -0.24596536060463262
leaf_weight=137 1460 478 40 229 175 58 42 1780 1126 1409 825 105
leaf_count=137 1460 478 40 229 175 58 42 1780 1126 1409 825 105
internal_value=-0.000439416 -0.000985916 -0.00034451 -0.00058935 -0.00170722 0.000461538 -5.13053e-05 4.3116e-05 0.00037702 -0.000584358 -0.00209509 -0.00289189
internal_weight=7864 3265 1729 1689 1536 233 4599 4452 2906 1546 1303 147
internal_count=7864 3265 1729 1689 1536 233 4599 4452 2906 1546 1303 147
is_linear=0
shrinkage=0.08


Tree=154
num_leaves=13
num_cat=0
split_feature=23 52 52 50 50 26 59 50 7 27 40 0
split_gain=0.242649 0.297508 0.335036 0.262743 0.495756 0.503974 0.258514 0.250849 0.209307 0.185172 0.236268 0.198571
threshold=23.176943778991703 44.845972061157234 34.884860992431648 31.500000000000004 42.500000000000007 9832.5000000000018 47.500000000000007 69.500000000000014 0.49650333821773535 48.218011856079109 0.13157894462347033 120.45833206176759
decision_type=2 2 2 2 2 2 2 2 2 2 2 2
left_child=3 2 8 9 5 -5 -6 -3 -2 10 -1 -11
right_child=1 7 -4 4 6 -7 -8 -9 -10 11 -12 -13
leaf_value=1.3431171959085044 0.029115927012602377 -2.5698701039844725 0.31099852232013731 0.78825026475026483 0.014653144918710845 10.382096393298596 -1.2478773107033185 0.083252467323484153 -0.049693572971226598 -0.81365668142905356 -0.34683848212973034 -0.39518241651855135
leaf_weight=416 2260 168 41 72 728 37 196 30 259 1172 1844 641
leaf_count=416 2260 168 41 72 728 37 196 30 259 1172 1844 641
internal_value=-0.000398729 0.000205871 0.000437328 -0.00072528 0.000413926 0.00549091 -0.000190271 -0.00277387 0.000319047 -0.00101424 -0.00053074 -0.00161632
internal_weight=7864 2758 2560 5106 1033 109 924 198 2519 4073 2260 1813
internal_count=7864 2758 2560 5106 1033 109 924 198 2519 4073 2260 1813
is_linear=0
shrinkage=0.08


Tree=155
num_leaves=12
num_cat=0
split_feature=55 23 42 43 15 47 52 22 42 52 44
split_gain=0.213913 0.2782 0.202823 0.216945 0.182166 0.668533 0.222562 0.161171 0.455092 0.144328 0.17458
threshold=27.773750305175785 22.138889312744144 -0.98611506819725026 0.97335553169250499 29.613815307617191 1.0000000180025095e-35 38.605693817138679 5.5938305854797372 0.72947329282760631 277.57153320312506 1.0000000180025095e-35
decision_type=2 2 2 2 2 2 2 2 2 2 2
left_child=1 2 -1 -4 6 -6 -3 8 -2 10 -9
right_child=7 4 3 -5 5 -7 -8 9 -10 -11 -12
leaf_value=11.558305001509167 47.190073396383575 0.0078722423265345527 -0.77650701039549419 14.542150424579356 -0.045376598128673749 0.26622672790383578 -0.6643917609557819 -0.40355985841355624 -3.3442160505386567 11.895302129594047 -0.062009853668287325
leaf_weight=37 39 4649 1251 105 140 123 412 509 40 31 528
leaf_count=37 39 4649 1251 105 140 123 412 509 40 31 528
internal_value=-0.000408901 -0.000236381 -0.00124247 -0.0014031 2.70413e-05 0.00207576 -7.98113e-05 -0.00141812 0.00205 -0.00167633 -0.00183815
internal_weight=7864 6717 1393 1356 5324 263 5061 1147 79 1068 1037
internal_count=7864 6717 1393 1356 5324 263 5061 1147 79 1068 1037
is_linear=0
shrinkage=0.08


Tree=156
num_leaves=14
num_cat=0
split_feature=55 52 24 23 42 53 44 56 25 52 51 52 22
split_gain=0.221966 0.276879 0.653725 0.255413 0.23714 0.226716 0.150893 0.18683 0.493171 0.180379 0.157467 0.125295 0.0977748
threshold=27.773750305175785 38.605693817138679 476.05802917480474 23.497777938842777 -0.63405361771583546 4.5000000000000009 1.0000000180025095e-35 6.5000000000000009 958.22286987304699 81.23944473266603 1.0000000180025095e-35 0.010416666511446239 7.4113485813140878
decision_type=2 2 2 2 2 2 2 2 2 2 2 2 2
left_child=1 3 12 5 -5 -1 9 8 -8 11 -9 -2 -3
right_child=6 2 -4 4 -6 -7 7 10 -10 -11 -12 -13 -14
leaf_value=-0.22378168219715253 -0.29617883698483177 -2.0886281261663417 0.17686376884324445 -0.10560560125629852 0.1038527679859803 0.028989848848936465 -0.25244539246524589 23.619057696839469 36.67298404624912 10.700781409623989 -0.16212549793433037 -0.50615676688641531 -0.79575154394089231
leaf_weight=3604 217 262 40 286 1068 1174 138 46 33 33 402 278 283
leaf_count=3604 217 262 40 286 1068 1174 138 46 33 33 402 278 283
internal_value=-0.000459759 -0.000284014 -0.00194539 -0.000125225 0.000844279 -0.000400085 -0.00148781 -0.000638711 0.00160465 -0.00248015 -0.00149666 -0.0028629 -0.00267399
internal_weight=7864 6717 585 6132 1354 4778 1147 619 171 528 448 495 545
internal_count=7864 6717 585 6132 1354 4778 1147 619 171 528 448 495 545
is_linear=0
shrinkage=0.08


Tree=157
num_leaves=13
num_cat=0
split_feature=55 52 24 35 52 31 23 56 53 33 9 22
split_gain=0.281268 0.280862 0.653725 0.225692 0.239481 0.222296 0.26837 0.262024 0.170718 0.244161 0.14639 0.0977748
threshold=27.773750305175785 38.605693817138679 476.05802917480474 166.66694641113284 136.32985687255862 0.40396235883235937 23.424444198608402 2.5000000000000004 3.5000000000000004 59.597011566162116 0.12857639044523242 7.4113485813140878
decision_type=2 2 2 2 2 2 2 2 2 2 2 2
left_child=1 5 11 4 10 7 -7 -1 9 -5 -2 -3
right_child=3 2 -4 8 -6 6 -8 -9 -10 -11 -12 -13
leaf_value=1.3712993184667213e-05 0.0011056653693549503 -1.9215378760730346 0.16271466733578463 -0.78686887786714144 19.683782457764046 -0.20488933431242218 0.15959874993280163 0.29079106772803553 -0.35144402660821011 0.12273908364133199 -1.755551555224385 -0.7320914204256207
leaf_weight=1729 272 262 40 283 30 3089 756 558 306 52 204 283
leaf_count=1729 272 262 40 283 30 3089 756 558 306 52 204 283
internal_value=-0.000469931 -0.000272106 -0.00194539 -0.00162718 -0.00036292 -0.000112181 -0.00048362 0.000512237 -0.00262305 -0.00136905 -0.000805032 -0.00267399
internal_weight=7864 6717 585 1147 506 6132 3845 2287 641 335 476 545
internal_count=7864 6717 585 1147 506 6132 3845 2287 641 335 476 545
is_linear=0
shrinkage=0.08


Tree=158
num_leaves=14
num_cat=0
split_feature=55 23 42 27 35 52 49 16 50 9 53 33 7
split_gain=0.257794 0.265184 0.202823 0.220082 0.201482 0.239481 0.162449 0.273548 0.20472 0.14639 0.141134 0.279158 0.0383988
threshold=27.773750305175785 22.138889312744144 -0.98611506819725026 24.966683387756351 166.66694641113284 136.32985687255862 71.139305114746108 0.70128789544105541 103.50000000000001 0.12857639044523242 1.5000000000000002 59.597011566162116 0.45220860838890081
decision_type=2 2 2 2 2 2 2 2 2 2 2 2 2
left_child=1 2 -1 -4 5 9 8 -8 -3 -2 11 -6 -12
right_child=4 6 3 -5 10 -7 7 -9 -10 -11 12 -13 -14
leaf_value=10.651542038924749 0.0010172121398068282 -0.0032503363850892907 0.12007572264913685 -2.3631136218930426 -0.80782155352638696 18.109079861142913 45.002723548761786 -0.54039686242417828 0.16059112637049061 -1.6151074308064342 -0.691919221295906 0.12027843922563244 -0.069392418289047242
leaf_weight=37 272 4665 278 1078 234 30 37 258 364 204 281 47 79
leaf_count=37 272 4665 278 1078 234 30 37 258 364 204 281 47 79
internal_value=-0.000449588 -0.000260197 -0.00124247 -0.0014031 -0.00155749 -0.00036292 -3.00565e-06 -0.00182433 0.000104174 -0.000805032 -0.00249844 -0.00114894 -0.00354571
internal_weight=7864 6717 1393 1356 1147 506 5324 295 5029 476 641 281 360
internal_count=7864 6717 1393 1356 1147 506 5324 295 5029 476 641 281 360
is_linear=0
shrinkage=0.08


Tree=159
num_leaves=15
num_cat=0
split_feature=55 40 58 35 24 53 12 59 59 43 43 58 15 25
split_gain=0.247992 0.294793 0.51477 0.709509 0.207848 0.248357 0.518472 0.277166 0.227025 0.325125 0.275527 0.162975 0.149214 0.125965
threshold=19.763472557067875 0.13157894462347033 7.1112499237060556 166.47208404541018 327.95832824707037 120.50000000000001 317.40625000000006 68.500000000000014 4.5000000000000009 -0.52778512239456166 -0.81241145730018605 286.71362304687506 15.447610378265383 542.59298706054699
decision_type=2 2 2 2 2 2 2 2 2 2 2 2 2 2
left_child=4 2 13 -4 8 7 -7 -6 10 -10 -1 12 -3 -2
right_child=1 11 3 -5 5 6 -8 -9 9 -11 -12 -13 -14 -15
leaf_value=-0.69846631403313286 3.8430705864306538 -0.44004287606183051 21.375495601152284 -0.53453050192302487 0.02930885152333073 14.520580296296094 0.099943187457409585 -0.5398331038707278 1.0640020613457017 -0.95494796171217378 0.032636789337547642 17.706186495763696 -6.8172241036563996e-05 -0.32140917432362814
leaf_weight=553 42 1036 57 85 2105 34 100 161 278 614 2469 30 173 127
leaf_count=553 42 1036 57 85 2105 34 100 161 278 614 2469 30 173 127
internal_value=-0.000408901 -0.00131528 0.000884614 0.00441958 -0.000186224 0.000399832 0.00373333 0.000201146 -0.000545595 -0.00166629 -0.000214358 -0.00186774 -0.00201322 -0.00209412
internal_weight=7864 1550 311 142 6314 2400 134 2266 3914 892 3022 1239 1209 169
internal_count=7864 1550 311 142 6314 2400 134 2266 3914 892 3022 1239 1209 169
is_linear=0
shrinkage=0.08


Tree=160
num_leaves=12
num_cat=0
split_feature=58 17 11 54 49 23 47 54 30 6 9
split_gain=0.28625 0.208434 0.188383 0.223112 0.294851 0.205052 0.176628 0.173691 0.142727 0.132102 0.269148
threshold=27.538332939147953 778.66946411132824 3.7825000286102299 1.0000000180025095e-35 0.51500001549720775 20.793472290039066 1.0000000180025095e-35 1.0000000180025095e-35 0.9241071641445161 0.29166667163372045 0.58650463819503795
decision_type=2 2 2 2 2 2 2 2 2 2 2
left_child=2 9 5 4 -4 6 -1 -7 -5 10 -2
right_child=1 -3 3 8 -6 7 -8 -9 -10 -11 -12
leaf_value=-0.079141717596754285 -1.5501204577981225 20.076222395830829 -3.0962461630203002 -0.20058529985866144 13.720938638625199 -1.4215409652264481 -4.2655115061111735 0.0133973735479065 0.027826252966785505 -0.74634531990929065 25.90153141921316
leaf_weight=212 824 40 51 1171 30 296 193 4786 46 167 48
leaf_count=212 824 40 51 1171 30 296 193 4786 46 167 48
internal_value=-0.000490274 -0.0017 -0.000297673 -0.00116397 0.00287805 -9.25666e-05 -0.00182266 4.56414e-05 -0.00143514 -0.00191923 -0.00152119
internal_weight=7864 1079 6785 1298 81 5487 405 5082 1217 1039 872
internal_count=7864 1079 6785 1298 81 5487 405 5082 1217 1039 872
is_linear=0
shrinkage=0.08


Tree=161
num_leaves=11
num_cat=0
split_feature=58 43 4 27 4 2 57 16 14 0
split_gain=0.332682 0.20616 0.299595 0.321214 0.21823 0.229769 0.166665 0.170478 0.0959904 0.0342626
threshold=27.538332939147953 -0.68322628736495961 47.68938064575196 21.788751602172855 38.798744201660163 1625.5000000000002 1.0000000180025095e-35 134.41226959228518 776.00000000000011 105.20833206176759
decision_type=2 2 2 2 2 2 2 2 2 2
left_child=1 2 3 -1 5 -3 -2 8 -8 -6
right_child=6 4 -4 -5 9 -7 7 -9 -10 -11
leaf_value=0.053668705987714366 0.51270012416057842 0.031537766197856504 0.58829740234459948 -0.2941574079403973 -4.858753685046822 -0.21005011036683385 -2.5453568163683364 27.587457843127499 -0.9361798678580121 -0.059755844422158477
leaf_weight=497 46 3924 54 1190 90 965 286 30 717 65
leaf_count=497 46 3924 54 1190 90 965 286 30 717 65
internal_value=-0.000469931 -0.000262306 -0.00101263 -0.00120142 -3.17241e-06 9.07966e-05 -0.00177408 -0.00198453 -0.00216335 -0.00294872
internal_weight=7864 6785 1741 1687 5044 4889 1079 1033 1003 155
internal_count=7864 6785 1741 1687 5044 4889 1079 1033 1003 155
is_linear=0
shrinkage=0.08


Tree=162
num_leaves=12
num_cat=0
split_feature=58 43 27 44 13 13 52 16 6 9 10
split_gain=0.344628 0.232392 0.339976 0.260872 0.182856 0.268582 0.221939 0.162478 0.112846 0.147379 0.0909851
threshold=27.538332939147953 -0.81241145730018605 20.491291999816898 0.87837970256805431 576.16613769531261 1453.0163574218752 17.118888854980472 134.41226959228518 0.29166667163372045 0.58650463819503795 0.5503908395767213
decision_type=2 2 2 2 2 2 2 2 2 2 2
left_child=1 2 3 -1 6 -6 -3 8 9 -2 -4
right_child=7 4 10 -5 5 -7 -8 -9 -10 -11 -12
leaf_value=-0.11141044008104098 -1.3567217968518366 0.13009738531499132 -0.089127920864731328 0.20754496149442311 -0.11255688053790582 0.032991312504194611 -0.07378550408784762 25.3804612156773 -0.58644838288379664 23.987980424299646 -0.46560608841317547
leaf_weight=297 842 2584 468 69 1567 522 796 30 159 48 482
leaf_count=297 842 2584 468 69 1567 522 796 30 159 48 482
internal_value=-0.000520789 -0.000309462 -0.00126348 0.000806539 -7.97084e-05 -0.000667944 0.000283939 -0.00184815 -0.00201524 -0.00166106 -0.00206099
internal_weight=7864 6785 1316 366 5469 2089 3380 1079 1049 890 950
internal_count=7864 6785 1316 366 5469 2089 3380 1079 1049 890 950
is_linear=0
shrinkage=0.08


Tree=163
num_leaves=13
num_cat=0
split_feature=58 4 43 19 28 12 13 43 25 16 55 6
split_gain=0.266008 0.280296 0.199733 0.241504 0.225158 0.220165 0.229747 0.203279 0.196194 0.179239 0.149735 0.0621364
threshold=27.538332939147953 29.311477661132816 -0.68322628736495961 0.49956579506397253 81.202278137207045 1007.7500305175782 668.60302734375011 0.2269546836614609 1084.679138183594 134.41226959228518 1.0000000180025095e-35 0.45833332836627966
decision_type=2 2 2 2 2 2 2 2 2 2 2 2
left_child=2 8 3 4 -1 6 -4 -7 9 -2 -10 -5
right_child=1 -3 5 11 -6 7 -8 -9 10 -11 -12 -13
leaf_value=0.024193891523842118 -0.96590719890210408 28.704269936034109 0.018583028892355875 0.0039718741549722306 -0.26538603371345287 -0.038320380732296461 -0.11764679437848279 0.19272455680854875 10.811096897746785 23.35002431842312 -3.2147477878723989 0.032760921125175958
leaf_weight=590 955 33 3526 30 1091 48 1399 71 30 30 31 30
leaf_count=590 955 33 3526 30 1091 48 1399 71 30 30 31 30
internal_value=-0.000459759 -0.00162593 -0.000274095 -0.00101263 -0.00119144 -1.90297e-05 -0.000101503 0.00336667 -0.00185673 -0.00212982 0.00251613 0.00393443
internal_weight=7864 1079 6785 1741 1681 5044 4925 119 1046 985 61 60
internal_count=7864 1079 6785 1741 1681 5044 4925 119 1046 985 61 60
is_linear=0
shrinkage=0.08


Tree=164
num_leaves=12
num_cat=0
split_feature=58 55 42 23 23 44 11 16 43 9 15
split_gain=0.305834 0.186517 0.255468 0.47044 0.24119 0.208406 0.19108 0.154229 0.123034 0.302792 0.107192
threshold=27.538332939147953 19.763472557067875 0.99892947077751171 22.836667060852054 22.402916908264164 -0.87837970256805409 4.4481945037841806 134.41226959228518 -0.52778512239456166 0.12635416537523272 15.447610378265383
decision_type=2 2 2 2 2 2 2 2 2 2 2
left_child=1 2 4 -4 -1 -3 -7 8 9 -2 -10
right_child=7 5 3 -5 -6 6 -8 -9 10 -11 -12
leaf_value=-0.37310578957633767 29.963943936729294 -1.143882018683732 43.890565364721631 -1.6196394197621149 0.013298896996445876 -0.0099594814157158082 -0.84446857818803833 21.482022372949274 -2.4564067055533418 -1.2469571351250754 -0.061301194038821748
leaf_weight=1352 121 145 37 37 4104 963 147 30 651 206 71
leaf_count=1352 121 145 37 37 4104 963 147 30 651 206 71
internal_value=-0.000449588 -0.000250517 -5.06247e-05 0.00458667 -0.000114349 -0.00113057 -0.000756077 -0.0017 -0.00186286 -0.000573172 -0.00244537
internal_weight=7864 6785 5530 74 5456 1255 1110 1079 1049 327 722
internal_count=7864 6785 5530 74 5456 1255 1110 1079 1049 327 722
is_linear=0
shrinkage=0.08


Tree=165
num_leaves=11
num_cat=0
split_feature=58 22 58 55 10 40 9 57 16 14
split_gain=0.295961 0.194 0.249705 0.20375 0.200199 0.192674 0.165017 0.161445 0.166036 0.0988902
threshold=27.538332939147953 6.2985980510711679 23.00888824462891 0.56944444775581371 1.2097132802009585 0.82631579041481029 0.85317131876945507 1.0000000180025095e-35 134.41226959228518 815.00000000000011
decision_type=2 2 2 2 2 2 2 2 2 2
left_child=1 2 3 -1 6 -6 -3 -2 9 -9
right_child=7 4 -4 -5 5 -7 -8 8 -10 -11
leaf_value=-0.16316983179357172 0.15741121607810701 0.0055628934842738677 15.254888892910886 -1.5357370632746041 -0.23841978530393967 0.045792862850546942 7.061412663692626 -0.2739651931774838 19.763460583113329 -1.4803689249705401
leaf_weight=752 46 4478 46 543 778 144 44 345 30 658
leaf_count=752 46 4478 46 543 778 144 44 345 30 658
internal_value=-0.000469931 -0.000274095 -0.00113562 -0.00134259 -6.17089e-05 -0.00113543 0.000157417 -0.0017 -0.00190716 -0.00208367
internal_weight=7864 6785 1341 1295 5444 922 4522 1079 1033 1003
internal_count=7864 6785 1341 1295 5444 922 4522 1079 1033 1003
is_linear=0
shrinkage=0.08


Tree=166
num_leaves=15
num_cat=0
split_feature=58 12 53 49 56 13 49 58 16 55 0 24 58 25
split_gain=0.273627 0.20496 0.409627 0.903007 0.232984 0.222165 0.297219 0.263401 0.159891 0.292892 0.304347 0.161611 0.347394 0.120447
threshold=24.490416526794437 577.36459350585949 100.50000000000001 10.760555744171144 33.500000000000007 668.60302734375011 0.83333334326744091 21.532777786254886 22.872672080993656 15.934444427490236 126.37500000000001 176.24404907226565 220.30777740478518 998.99154663085949
decision_type=2 2 2 2 2 2 2 2 2 2 2 2 2 2
left_child=1 5 4 -4 -3 7 -7 -1 11 10 -10 12 -2 -13
right_child=8 2 3 -5 -6 6 -8 -9 9 -11 -12 13 -14 -15
leaf_value=-0.038040666733740978 -2.5198666158770111 0.016589953732021236 0.13131662596830967 0.037729349635428115 -0.09580698432739658 -0.056978530221271612 -1.0480681717005316 18.720407748188151 23.513135919955893 -2.4209542008903129 -0.18046345077799539 -1.475017147913456 39.71452667760007 -0.30076481211525941
leaf_weight=4162 365 759 36 98 138 951 390 101 85 81 126 451 38 83
leaf_count=4162 365 759 36 98 138 951 390 101 85 81 126 451 38 83
internal_value=-0.000429244 -0.000226041 0.000810077 0.00491852 0.000191536 -0.000416772 -0.00131446 -0.000134147 -0.0015252 0.000109214 0.00167924 -0.00203412 -0.000821783 -0.0029458
internal_weight=7864 6635 1031 134 897 5604 1341 4263 1229 292 211 937 403 534
internal_count=7864 6635 1031 134 897 5604 1341 4263 1229 292 211 937 403 534
is_linear=0
shrinkage=0.08


Tree=167
num_leaves=12
num_cat=0
split_feature=58 58 15 49 43 7 4 44 55 43 34
split_gain=0.284898 0.217027 0.192195 0.332669 0.157293 0.460957 0.276553 0.120197 0.333872 0.145035 0.106967
threshold=27.538332939147953 26.738194465637211 17.608134269714359 27.175556182861332 0.63405361771583568 1.0000000180025095e-35 3.406657457351685 -0.87837970256805409 3.2781944274902348 -0.63405361771583546 49.868602752685554
decision_type=2 2 2 2 2 2 2 2 2 2 2
left_child=1 4 7 10 6 -6 -1 8 -2 -9 -4
right_child=2 -3 3 -5 5 -7 -8 9 -10 -11 -12
leaf_value=-0.36402409607617886 14.269265122769484 3.776274276548294 22.75961789830674 0.14318223732090876 1.8209953538378654 -0.011751612290567259 0.01859712570703358 -2.3935625130426326 -2.9887038122736675 -2.2640959127853102 -0.55270002384179562
leaf_weight=3164 69 30 42 32 269 1620 1702 207 63 622 44
leaf_count=3164 69 30 42 32 269 1620 1702 207 63 622 44
internal_value=-0.000419073 -0.000226939 -0.00162593 0.00141176 -0.00025755 0.000361904 -0.000498049 -0.002 0.000240601 -0.00235663 -0.0011954
internal_weight=7864 6785 1079 118 6755 1889 4866 961 132 829 86
internal_count=7864 6785 1079 118 6755 1889 4866 961 132 829 86
is_linear=0
shrinkage=0.08


Tree=168
num_leaves=15
num_cat=0
split_feature=58 15 49 22 49 25 56 9 40 43 43 34 34 13
split_gain=0.320946 0.201661 0.332669 0.167802 0.194646 0.290448 0.17285 0.163025 0.282371 0.139059 0.121162 0.297158 0.106967 0.105766
threshold=27.538332939147953 17.608134269714359 27.175556182861332 6.2985980510711679 71.139305114746108 1054.3172607421877 39.500000000000007 0.14613425731658938 0.036842105910182006 -0.47114434838294977 -0.16280825436115262 53.266767501831062 49.868602752685554 668.60302734375011
decision_type=2 2 2 2 2 2 2 2 2 2 2 2 2 2
left_child=3 10 12 7 6 -6 -5 9 -9 -1 11 -2 -3 -12
right_child=1 2 -4 4 5 -7 -8 8 -10 -11 13 -13 -14 -15
leaf_value=-8.4680440084373139 -2.0758020918937352 20.938848466442202 0.13172765833523617 0.023401238411781738 -0.9176943684504173 0.055668463886711692 -0.085075802187109778 23.762247366606143 -0.2105330267645569 -0.86267889356672856 -2.0864542749653383 58.58356392046035 -0.50848402193445208 -0.45112619245046393
leaf_weight=250 413 42 32 4382 231 56 775 37 570 484 387 30 44 131
leaf_count=250 413 42 32 4382 231 56 775 37 570 484 387 30 44 131
internal_value=-0.000419073 -0.0017 0.00141176 -0.00021515 -1.76318e-05 -0.00204167 9.53849e-05 -0.00101639 -4.60536e-05 -0.00181769 -0.00208316 -0.00110811 -0.0011954 -0.0029133
internal_weight=7864 1079 118 6785 5444 287 5157 1341 607 734 961 443 86 518
internal_count=7864 1079 118 6785 5444 287 5157 1341 607 734 961 443 86 518
is_linear=0
shrinkage=0.08


Tree=169
num_leaves=15
num_cat=0
split_feature=58 40 12 40 10 23 33 55 34 47 9 59 17 42
split_gain=0.24985 0.234342 0.202908 0.275521 0.187067 0.192898 0.163973 0.156225 0.130607 0.141661 0.121919 0.218875 0.168651 0.0822038
threshold=24.490416526794437 0.28947368264198309 375.32292175292974 0.4052631556987763 1.3249084353446963 20.793472290039066 57.339349746704109 80.22208404541017 46.967906951904304 1.0000000180025095e-35 0.65960645675659191 80.500000000000014 6.7488889694213876 -0.72947329282760609
decision_type=2 2 2 2 2 2 2 2 2 2 2 2 2 2
left_child=4 10 3 -3 5 7 -7 -1 9 -6 12 -12 -2 -10
right_child=1 2 -4 -5 8 6 -8 -9 13 -11 11 -13 -14 -15
leaf_value=-3.2146590641253643 -0.033613672069376259 6.1224558391845756 -1.3556755742233706 -0.51427929263317862 0.090250208137435201 -0.2546137516293005 0.021337519149338388 20.472756136889995 0.78850680890259872 -0.22547129797613422 -2.2733519394234625 16.928412155516536 -1.9478689398510585 -1.8965715964027856
leaf_weight=360 99 225 84 321 129 2567 3145 31 32 131 34 35 431 240
leaf_count=360 99 225 84 321 129 2567 3145 31 32 131 34 35 431 240
internal_value=-0.000347871 -0.00139512 -0.000316958 0.000248628 -0.000153708 -2.81792e-05 8.96192e-05 -0.0017449 -0.001591 -0.000306514 -0.00252667 0.00062857 -0.00293785 -0.00281319
internal_weight=7864 1229 630 546 6635 6103 5712 391 532 260 599 69 530 272
internal_count=7864 1229 630 546 6635 6103 5712 391 532 260 599 69 530 272
is_linear=0
shrinkage=0.08


Tree=170
num_leaves=13
num_cat=0
split_feature=58 49 1 2 23 40 43 16 45 47 43 15
split_gain=0.340461 0.166275 0.222394 0.412665 0.162621 0.277779 0.243425 0.155682 0.112397 0.14493 0.057311 0.0275941
threshold=28.775833129882816 90.807220458984389 91.427997589111342 186.50000000000003 23.176943778991703 0.10000000149011613 0.63405361771583568 134.41226959228518 1.0000000180025095e-35 1.0000000180025095e-35 -0.77259656786918629 22.398205757141117
decision_type=2 2 2 2 2 2 2 2 2 2 2 2
left_child=1 4 3 -3 6 -6 -1 8 9 -2 -10 -4
right_child=7 2 11 -5 5 -7 -8 -9 10 -11 -12 -13
leaf_value=-0.16423236447330564 -1.1344536831703789 -6.6369724459199766 -0.52623439824632146 31.205542729674459 -0.34772106775936967 0.037452406012445164 0.07794810850308885 13.878908320386445 -3.8770118412145655 -0.31285425874051009 -2.4499552679795316 -1.795844863540728
leaf_weight=3020 374 97 170 43 271 2035 1179 30 54 363 198 30
leaf_count=3020 374 97 170 43 271 2035 1179 30 54 363 198 30
internal_value=-0.000358043 -0.000154836 -0.00187683 0.000567375 -6.45567e-05 0.000475075 -0.000360953 -0.00172157 -0.00189495 -0.00139295 -0.00335178 -0.00358209
internal_weight=7864 6845 340 140 6505 2306 4199 1019 989 737 252 200
internal_count=7864 6845 340 140 6505 2306 4199 1019 989 737 252 200
is_linear=0
shrinkage=0.08


Tree=171
num_leaves=12
num_cat=0
split_feature=58 49 11 52 34 35 7 10 16 1 40
split_gain=0.266631 0.20957 0.176726 0.199683 0.165022 0.264943 0.163867 0.131289 0.112096 0.105031 0.100606
threshold=28.775833129882816 90.807220458984389 4.941805601119996 30.546944618225101 47.097455978393562 164.62347412109378 0.49300666153430944 1.3016112446784975 0.75837332010269176 91.427997589111342 0.7947368621826173
decision_type=2 2 2 2 2 2 2 2 2 2 2
left_child=1 2 3 -1 8 -6 9 -7 -2 -3 -4
right_child=4 6 10 -5 5 7 -8 -9 -10 -11 -12
leaf_value=0.012524024902271606 8.9323716099040471 -2.4375507882179419 -0.19417289672786403 -0.099521330107404632 7.564848000053094 -1.333426626277568 14.590983197351903 0.076871630122614221 -3.8313195519235892 -0.48911098257893615 0.012897075973754446
leaf_weight=5423 31 133 273 745 44 659 33 66 219 174 64
leaf_count=5423 31 133 273 745 44 659 33 66 219 174 64
internal_value=-0.000358043 -0.000178207 -7.68531e-05 2.0748e-05 -0.00156471 -0.000981819 -0.00211144 -0.00134986 -0.00334661 -0.00268831 -0.00185799
internal_weight=7864 6845 6505 6168 1019 769 340 725 250 307 337
internal_count=7864 6845 6505 6168 1019 769 340 725 250 307 337
is_linear=0
shrinkage=0.08


Tree=172
num_leaves=13
num_cat=0
split_feature=28 49 27 27 12 59 56 49 2 55 42 43
split_gain=0.226223 0.325987 0.28787 0.352975 0.235688 0.222837 0.180317 0.170859 0.205595 0.14172 0.107477 0.0688259
threshold=175.26733398437503 0.23236110806465152 85.542964935302749 69.286941528320327 279.15625000000006 160.50000000000003 65.500000000000014 71.139305114746108 559.50000000000011 7.9098610877990732 -0.47114434838294977 0.81241145730018627
decision_type=2 2 2 2 2 2 2 2 2 2 2 2
left_child=5 2 3 -2 6 7 -3 8 -1 -9 -4 -6
right_child=1 4 10 -5 11 -7 -8 9 -10 -11 -12 -13
leaf_value=-0.046316772310395868 -0.62996179204058789 -1.8279418195882491 -0.78980590495896652 7.5111194383612077 -6.0261684233496657 -1.0966919503753263 -8.3746125540694702 -0.91589179704283563 0.019968311295757237 0.012889035338208697 -2.8452632180408681 -5.278075600564021
leaf_weight=2072 1197 763 82 485 349 84 112 112 2262 69 190 87
leaf_count=2072 1197 763 82 485 349 84 112 112 2262 69 190 87
internal_value=-0.000256326 -0.000765463 -0.000110487 0.000280451 -0.00174085 0.000105216 -0.000981736 0.000181576 0.000282352 -0.00221978 -0.00252015 -0.00325858
internal_weight=7864 3265 1954 1682 1311 4599 875 4515 4334 181 272 436
internal_count=7864 3265 1954 1682 1311 4599 875 4515 4334 181 272 436
is_linear=0
shrinkage=0.08


Tree=173
num_leaves=13
num_cat=0
split_feature=28 59 55 49 55 30 30 59 42 49 42 56
split_gain=0.246778 0.219035 0.209538 0.2579 0.555935 0.203386 0.148012 0.140475 0.451401 0.198505 0.135608 0.134526
threshold=175.26733398437503 160.50000000000003 0.56944444775581371 0.013472222257405521 0.044166667386889465 0.48065476119518286 0.44940476119518286 27.500000000000004 -0.97335553169250477 0.029305555857717994 0.72947329282760631 156.50000000000003
decision_type=2 2 2 2 2 2 2 2 2 2 2 2
left_child=1 7 3 4 -2 -5 10 9 -9 -1 -4 -8
right_child=2 -3 6 5 -6 -7 11 8 -10 -11 -12 -13
leaf_value=-0.052422326324950752 -0.13129345804777232 -1.0089565943453005 74.28489901821419 12.233333767355449 62.363271307429848 -4.9845803951380638 -2.7402449373316284 14.645796551619501 0.13045778898112786 0.012538260362386817 -12.724341260333849 0.058512783459966806
leaf_weight=1668 976 84 32 39 80 650 1406 33 573 2241 32 50
leaf_count=1668 976 84 32 39 80 650 1406 33 573 2241 32 50
internal_value=-0.000307185 7.04338e-05 -0.000838948 -0.000240551 0.000544938 -0.00144348 -0.00152531 0.000146146 0.00127842 -2.96685e-05 0.00221538 -0.00169115
internal_weight=7864 4599 3265 1745 1056 689 1520 4515 606 3909 64 1456
internal_count=7864 4599 3265 1745 1056 689 1520 4515 606 3909 64 1456
is_linear=0
shrinkage=0.08


Tree=174
num_leaves=13
num_cat=0
split_feature=28 59 34 52 52 49 49 43 29 12 51 22
split_gain=0.231979 0.213393 0.204139 0.271096 0.475974 0.167606 0.314083 0.210813 0.154013 0.168923 0.107327 0.0879995
threshold=175.26733398437503 160.50000000000003 46.068027496337898 11.953055381774904 7.1112499237060556 19.612082481384281 4.5397222042083749 -0.9103761315345763 2929.3515625000005 352.46875000000006 1.0000000180025095e-35 7.242760658264161
decision_type=2 2 2 2 2 2 2 2 2 2 2 2
left_child=1 5 3 4 -2 6 -1 -7 10 -10 -4 -5
right_child=2 -3 8 11 -6 7 -8 -9 9 -11 -12 -13
leaf_value=-0.0089377686490514606 0.13942864541697236 -0.92824006679767646 1.2337310188931598 -0.042029695965165675 60.265544242568659 -0.39525532647254102 0.057326015773669345 -0.018348568734680059 -1.1263720126117758 -2.8398662262115204 -5.5356043912530062 -12.594905655826068
leaf_weight=2415 570 84 51 34 33 155 905 1040 1588 560 322 107
leaf_count=2415 570 84 51 34 33 155 905 1040 1588 560 322 107
internal_value=-0.000347871 1.82599e-05 -0.000863442 0.00030067 0.00103973 9.30017e-05 0.000385425 -0.000719064 -0.00120698 -0.000945557 -0.00270588 -0.00284507
internal_weight=7864 4599 3265 744 603 4515 3320 1195 2521 2148 373 141
internal_count=7864 4599 3265 744 603 4515 3320 1195 2521 2148 373 141
is_linear=0
shrinkage=0.08


Tree=175
num_leaves=15
num_cat=0
split_feature=55 23 55 40 55 27 12 40 12 5 18 56 27 55
split_gain=0.214619 0.253338 0.264008 0.309355 0.252244 0.955708 0.234755 0.285896 1.0836 0.213372 0.191423 0.182207 0.0945341 0.0822115
threshold=19.763472557067875 22.138889312744144 0.56944444775581371 0.036842105910182006 16.321389198303226 49.950450897216804 135.52083587646487 0.13157894462347033 234.40625000000003 2.8998610973358159 0.40625000000000006 24.500000000000004 7.9073200225830087 385.13291931152349
decision_type=2 2 2 2 2 2 2 2 2 2 2 2 2 2
left_child=1 2 3 -1 9 -6 12 8 -8 -3 -9 -4 -2 -14
right_child=6 4 11 -5 5 -7 7 10 -10 -11 -12 -13 13 -15
leaf_value=47.388878098972185 -0.14045582880426238 -0.13947138099711365 -2.5053470534709512 -0.32397665350238408 2.3648320523760136 -0.58380818137978918 15.990449478304441 -0.16903232603489524 -0.21311643779382686 0.03704170385191053 0.43883366277137625 -1.3801541596420983 -2.3917813610121565 0.91392930575944775
leaf_weight=48 57 2800 312 839 77 61 65 809 163 2054 107 123 311 38
leaf_count=48 57 2800 312 839 77 61 65 809 163 2054 107 123 311 38
internal_value=-0.000317356 -0.000110215 -0.00109448 -0.000301803 0.00015061 0.00351079 -0.00116054 -0.000572927 0.00195633 5.4376e-05 -0.00120393 -0.00270642 -0.00281081 -0.00330286
internal_weight=7864 6314 1322 887 4992 138 1550 1144 228 4854 916 435 406 349
internal_count=7864 6314 1322 887 4992 138 1550 1144 228 4854 916 435 406 349
is_linear=0
shrinkage=0.08


Tree=176
num_leaves=12
num_cat=0
split_feature=59 27 49 58 31 44 42 50 49 56 33
split_gain=0.273162 0.23644 0.221717 0.192648 0.16407 0.113182 0.112581 0.199083 0.0890285 0.100866 0.0685837
threshold=124.50000000000001 85.542964935302749 71.139305114746108 29.314582824707035 0.49758039414882665 0.6078576147556306 -0.58216583728790272 4.5000000000000009 16.056388854980472 89.500000000000014 60.623920440673835
decision_type=2 2 2 2 2 2 2 2 2 2 2
left_child=1 2 3 -1 -4 10 -7 -8 9 -3 -2
right_child=5 8 4 -5 -6 6 7 -9 -10 -11 -12
leaf_value=0.0069811381264233818 -0.8760958981624184 -2.2417983728880664 -0.50609114513853426 -0.92161633297429846 26.663225026223358 -3.7364384155723838 -4.9477765415812112 50.689551192905313 2.4801024237501967 -0.24057202458745777 -0.45952280491153313
leaf_weight=6091 207 219 388 630 31 48 76 45 52 30 47
leaf_count=6091 207 219 388 630 31 48 76 45 52 30 47
internal_value=-0.000317356 -0.000204785 -0.00011203 -5.96015e-07 -0.00189524 -0.00229245 -0.000682354 0.00062295 -0.00239735 -0.003024 -0.00335686
internal_weight=7864 7441 7140 6721 419 423 169 121 301 249 254
internal_count=7864 7441 7140 6721 419 423 169 121 301 249 254
is_linear=0
shrinkage=0.08


Tree=177
num_leaves=12
num_cat=0
split_feature=59 27 33 51 59 49 56 43 58 23 56
split_gain=0.278819 0.2411 0.199193 0.306291 0.215687 0.0890285 0.100866 0.0852309 0.225578 0.23829 0.215346
threshold=124.50000000000001 85.542964935302749 54.239265441894538 1.0000000180025095e-35 84.500000000000014 16.056388854980472 89.500000000000014 -0.52778512239456166 32.008888244628913 23.176943778991703 42.500000000000007
decision_type=2 2 2 2 2 2 2 2 2 2 2
left_child=1 2 3 -1 -4 6 -3 8 -2 -10 -9
right_child=7 5 4 -5 -6 -7 -8 10 9 -11 -12
leaf_value=1.0611220464210427 -8.1495089112845083 -2.0624545030570212 0.0037318023046570611 -2.1275444048718328 2.4739152070653403 2.2816942298501837 -0.22132626262046159 -1.1780892150534352 -15.456144795136433 47.947909845705055 54.025548802521769
leaf_weight=469 71 219 4714 1814 143 52 30 240 40 36 36
leaf_count=469 71 219 4714 1814 143 52 30 240 40 36 36
internal_value=-0.000297013 -0.000183285 -8.96243e-05 -0.00070578 0.000200081 -0.00239735 -0.003024 -0.00229245 -0.000729731 0.00228571 -0.00311913
internal_weight=7864 7441 7140 2283 4857 301 249 423 147 76 276
internal_count=7864 7441 7140 2283 4857 301 249 423 147 76 276
is_linear=0
shrinkage=0.08


Tree=178
num_leaves=10
num_cat=0
split_feature=59 27 56 49 52 56 58 49 56
split_gain=0.233761 0.243447 0.193276 0.197339 0.113699 0.225298 0.115297 0.0890285 0.100866
threshold=124.50000000000001 85.542964935302749 323.00000000000006 19.612082481384281 15.540139198303224 7.5000000000000009 33.761249542236335 16.056388854980472 89.500000000000014
decision_type=2 2 2 2 2 2 2 2 2
left_child=1 2 3 -1 5 6 -2 8 -3
right_child=4 7 -4 -5 -6 -7 -8 -9 -10
leaf_value=0.0061101959835951885 -4.9954256015682565 -1.8974581428124599 0.11361304411620488 -0.066672403121421836 -0.88074220300097983 36.610630870554935 -1.2329706751859604 2.0991586914621676 -0.20362016161082125
leaf_weight=5514 120 219 31 1595 139 53 111 52 30
leaf_count=5514 120 219 31 1595 139 53 111 52 30
internal_value=-0.00027667 -0.000172535 -7.84213e-05 -0.00010633 -0.00210377 -0.00117895 -0.00225862 -0.00239735 -0.003024
internal_weight=7864 7441 7140 7109 423 284 231 301 249
internal_count=7864 7441 7140 7109 423 284 231 301 249
is_linear=0
shrinkage=0.08


Tree=179
num_leaves=14
num_cat=0
split_feature=58 13 16 49 31 49 34 44 28 33 55 58 43
split_gain=0.255861 0.267747 0.420944 0.475079 0.246955 0.220205 0.255798 0.190858 0.155594 0.148567 0.13093 0.062683 0.126332
threshold=28.775833129882816 668.60302734375011 1.8175109624862673 4.0095832347869882 0.49871392548084265 90.807220458984389 46.068027496337898 -0.87837970256805409 391.59489440917974 61.17500305175782 1.0000000180025095e-35 1.0000000180025095e-35 -0.52778512239456166
decision_type=2 2 2 2 2 2 2 2 2 2 2 2 2
left_child=4 9 3 -3 5 6 -1 -7 -4 10 -2 -6 -13
right_child=1 2 8 -5 11 7 -8 -9 -10 -11 -12 12 -14
leaf_value=0.44411541954603012 -0.60775996089819495 22.141263112267513 -1.2381895939784608 -8.6526880391890479 -5.0748644532341336 23.353923625902418 -0.0061333346654672584 -0.5819823424424454 2.1269958209916031 35.345740638417617 -2.2405483090268534 1.6520317402029612 -0.79681435709318382
leaf_weight=803 303 59 87 39 112 48 5489 273 60 34 437 36 84
leaf_count=803 303 59 87 39 112 48 5489 273 60 34 437 36 84
internal_value=-0.000225812 -0.00140784 0.000894308 0.00492929 -4.9665e-05 4.05192e-05 0.000144922 -0.002 -0.00181081 -0.00213678 -0.00237517 -0.00260944 -0.00132231
internal_weight=7864 1019 245 98 6845 6613 6292 321 147 774 740 232 120
internal_count=7864 1019 245 98 6845 6613 6292 321 147 774 740 232 120
is_linear=0
shrinkage=0.08


Tree=180
num_leaves=11
num_cat=0
split_feature=58 49 24 55 56 16 16 15 15 58
split_gain=0.408091 0.28674 0.238595 0.291592 0.179643 0.160047 0.144404 0.144148 0.193041 0.0943246
threshold=28.775833129882816 90.807220458984389 616.98809814453136 37.388610839843757 316.50000000000006 134.41226959228518 0.70128789544105541 10.153417587280275 3.3701968193054204 20.547361373901371
decision_type=2 2 2 2 2 2 2 2 2 2
left_child=1 2 4 -4 -1 7 -3 8 -2 -8
right_child=5 6 3 -5 -6 -7 9 -9 -10 -11
leaf_value=-0.015492342433880108 -1.6143701114120641 36.473950760104529 0.041036442085719077 0.01641838974024968 0.096139393675732002 12.506452718427823 -0.80317935609131275 -0.56628122242080459 0.4384064089375953 6.9107607452328379
leaf_weight=6195 665 38 213 65 32 30 272 186 138 30
leaf_count=6195 665 38 213 65 32 30 272 186 138 30
internal_value=-0.000307185 -8.4722e-05 3.3814e-05 0.00232258 -6.87229e-05 -0.0018 -0.00234604 -0.00197576 -0.00150746 -0.00293069
internal_weight=7864 6845 6505 278 6227 1019 340 989 803 302
internal_count=7864 6845 6505 278 6227 1019 340 989 803 302
is_linear=0
shrinkage=0.08


Tree=181
num_leaves=12
num_cat=0
split_feature=58 23 6 40 24 55 55 16 6 43 59
split_gain=0.37695 0.210057 0.230052 0.507431 0.166724 0.312186 0.202821 0.155682 0.11514 0.151923 0.0999314
threshold=28.775833129882816 20.793472290039066 0.29166667163372045 0.21578947454690936 616.98809814453136 37.388610839843757 19.763472557067875 134.41226959228518 0.29166667163372045 -0.95642796158790577 91.500000000000014
decision_type=2 2 2 2 2 2 2 2 2 2 2
left_child=1 2 10 -4 6 -6 -3 8 9 -2 -1
right_child=7 4 3 -5 5 -7 -8 -9 -10 -11 -12
leaf_value=-4.0308695151924985 4.6483305511738058 0.007424213606499766 16.389176891149095 -4.2762753788425725 0.019981263462858407 0.015091425058866285 -0.18106787088430781 11.505936500953593 -0.64773064916093404 -1.2487554970068966 -0.37281368350930938
leaf_weight=247 46 5101 37 92 232 67 1038 30 145 798 31
leaf_count=247 46 5101 37 92 232 67 1038 30 145 798 31
internal_value=-0.000286841 -7.30363e-05 -0.00183333 0.000953845 3.85143e-05 0.00188 -5.14668e-05 -0.00172157 -0.00189495 -0.00153373 -0.00312545
internal_weight=7864 6845 407 129 6438 299 6139 1019 989 844 278
internal_count=7864 6845 407 129 6438 299 6139 1019 989 844 278
is_linear=0
shrinkage=0.08


Tree=182
num_leaves=9
num_cat=0
split_feature=56 58 23 49 12 1 33 55
split_gain=0.283049 0.25688 0.249116 0.178724 0.164214 0.311256 0.169068 0.156088
threshold=323.00000000000006 28.775833129882816 20.793472290039066 71.139305114746108 248.52083587646487 386.54692077636724 61.17500305175782 80.22208404541017
decision_type=2 2 2 2 2 2 2 2
left_child=1 2 7 -4 6 -6 -3 -1
right_child=-2 4 3 -5 5 -7 -8 -9
leaf_value=-2.3126255203142203 0.072391093685207061 -1.1271554851771572 0.0041931779945028422 -0.46582634170863729 0.35796813359698115 -1.2386863281954195 35.277206377850149 15.427088053931266
leaf_weight=374 37 638 6051 354 224 121 32 33
leaf_count=374 37 638 6051 354 224 121 32 33
internal_value=-0.000256326 -0.00028973 -0.000112727 9.36527e-06 -0.00147638 -5.78044e-05 -0.00220566 -0.00202941
internal_weight=7864 7827 6812 6405 1015 345 670 407
internal_count=7864 7827 6812 6405 1015 345 670 407
is_linear=0
shrinkage=0.08


Tree=183
num_leaves=10
num_cat=0
split_feature=58 56 23 49 16 56 44 36 43
split_gain=0.308627 0.337895 0.249116 0.178724 0.147132 0.111896 0.109472 0.22905 0.128064
threshold=28.775833129882816 323.00000000000006 20.793472290039066 71.139305114746108 134.41226959228518 36.500000000000007 -0.87837970256805409 107.50000000000001 -0.63405361771583546
decision_type=2 2 2 2 2 2 2 2 2
left_child=1 2 5 -4 6 -1 7 -2 -8
right_child=4 -3 3 -5 -6 -7 8 -9 -10
leaf_value=-2.3735916364053287 -1.6759478681779205 0.094872613828712635 0.0038577237549427068 -0.42856023437194651 9.0776935068099149 2.2201383014086877 -1.012698688353314 0.96550458964905317 -0.89937328055189214
leaf_weight=367 95 33 6051 354 30 40 222 30 642
leaf_count=367 95 33 6051 354 30 40 222 30 642
internal_value=-0.000266498 -7.30363e-05 -0.000112727 9.36527e-06 -0.00156471 -0.00202941 -0.00173333 0.00047619 -0.00205318
internal_weight=7864 6845 6812 6405 1019 407 989 125 864
internal_count=7864 6845 6812 6405 1019 407 989 125 864
is_linear=0
shrinkage=0.08


Tree=184
num_leaves=13
num_cat=0
split_feature=23 59 33 59 21 52 58 42 27 0 53 55
split_gain=0.212225 0.252765 0.191785 0.319418 0.224273 0.10882 0.222061 0.190081 0.0992844 0.112278 0.0970256 0.0281113
threshold=20.793472290039066 135.50000000000003 54.239265441894538 10.500000000000002 3.8022253513336186 1.0000000180025095e-35 9.1627774238586444 0.68322628736495983 55.349706649780281 88.166667938232436 160.50000000000003 48.92138862609864
decision_type=2 2 2 2 2 2 2 2 2 2 2 2
left_child=5 2 3 -2 -4 6 7 -1 -3 -10 11 -7
right_child=1 8 4 -5 -6 10 -8 -9 9 -11 -12 -13
leaf_value=-4.0468496204458271 -0.44718129631367975 -0.72341304450295552 0.075922678228578178 -2.1171233589247005 -0.0067304821808160352 -4.4901662746198774 78.461688431565761 3.0939283797624961 -1.800876074853671 19.180879562709684 -2.4607396488889401 -0.92162672631283216
leaf_weight=127 1894 135 1473 252 3451 191 34 49 163 34 31 30
leaf_count=127 1894 135 1473 252 3451 191 34 49 163 34 31 30
internal_value=-0.000256326 -0.000152372 -5.09131e-05 -0.000681883 0.000224161 -0.00191793 -0.000568721 -0.00171752 -0.00230631 -0.00115152 -0.00303557 -0.00362162
internal_weight=7864 7402 7070 2146 4924 462 210 176 332 197 252 221
internal_count=7864 7402 7070 2146 4924 462 210 176 332 197 252 221
is_linear=0
shrinkage=0.08


Tree=185
num_leaves=12
num_cat=0
split_feature=59 6 49 15 11 49 49 43 40 4 23
split_gain=0.200971 0.20342 0.377492 0.940191 0.205061 0.317022 0.236993 0.0933425 0.218976 0.0265971 0.0213749
threshold=138.50000000000003 0.62500000000000011 22.316944122314457 0.99166378378868114 3.7825000286102299 11.215416431427004 16.056388854980472 -0.22695468366146085 0.4052631556987763 20.981290817260746 23.497777938842777
decision_type=2 2 2 2 2 2 2 2 2 2 2
left_child=1 4 3 -3 6 -6 -1 8 -2 -9 -10
right_child=7 2 -4 -5 5 -7 -8 9 10 -11 -12
leaf_value=0.028832103001383468 20.051171027335251 -0.043119784489822913 -0.58668307953973708 0.39207570879996057 -0.63670591491230188 0.024534342429912412 -0.07525058390744338 -1.099476297741192 -6.9435119794705642 -0.73578062800529498 -24.97364050548784
leaf_weight=4614 55 66 38 36 835 502 1456 139 63 30 30
leaf_count=4614 55 66 38 36 835 502 1456 139 63 30 30
internal_value=-0.000256326 -0.000173292 0.00283688 0.00535922 -0.000230563 -0.00112706 -3.29445e-05 -0.00222642 -0.000751679 -0.00350588 -0.00310638
internal_weight=7864 7547 140 102 7407 1337 6070 317 148 169 93
internal_count=7864 7547 140 102 7407 1337 6070 317 148 169 93
is_linear=0
shrinkage=0.08


Tree=186
num_leaves=12
num_cat=0
split_feature=59 28 12 29 42 53 34 51 33 27 43
split_gain=0.321969 0.206447 0.280105 0.248137 0.235439 0.43921 0.305252 0.116706 0.0735468 0.0437093 0.0712084
threshold=138.50000000000003 178.96363830566409 402.93750000000006 3118.2814941406255 -0.63405361771583546 105.50000000000001 43.769090652465827 1.0000000180025095e-35 60.623920440673835 73.468742370605483 -0.22695468366146085
decision_type=2 2 2 2 2 2 2 2 2 2 2
left_child=1 4 3 -3 5 -1 -6 -4 9 -2 -11
right_child=8 2 7 -5 6 -7 -8 -9 -10 10 -12
leaf_value=-0.11840606104914812 -0.95928204867746103 -2.9015525915013529 -0.28516083435727935 0.028993117807524459 0.19062923102525695 0.57215679897342797 0.02656442405973292 -5.2836201531586253 20.434617917675538 -0.60416534226539853 -3.590390153482605
leaf_weight=887 167 473 101 2088 75 69 3490 364 33 60 57
leaf_count=887 167 473 101 2088 75 69 3490 364 33 60 57
internal_value=-0.000235983 -0.000130897 -0.000642221 -0.000313818 0.00021141 -0.000902822 0.000510375 -0.00244635 -0.00272956 -0.00314386 -0.0019322
internal_weight=7864 7547 3026 2561 4521 956 3565 465 317 284 117
internal_count=7864 7547 3026 2561 4521 956 3565 465 317 284 117
is_linear=0
shrinkage=0.08


Tree=187
num_leaves=9
num_cat=0
split_feature=59 56 28 29 42 33 27 43
split_gain=0.316736 0.172256 0.161843 0.239736 0.188788 0.0735468 0.0437093 0.0712084
threshold=138.50000000000003 323.00000000000006 178.96363830566409 3118.2814941406255 0.41248606145381933 60.623920440673835 73.468742370605483 -0.22695468366146085
decision_type=2 2 2 2 2 2 2 2
left_child=1 2 4 -4 -1 6 -2 -8
right_child=5 -3 3 -5 -6 -7 7 -9
leaf_value=-0.016041431234367801 -0.88253948478326405 0.076905842812016345 -2.8524948852284768 -0.57546521008361862 0.044287417720719015 18.799848484261499 -0.55583211488416284 -3.3031589412039968
leaf_weight=2472 167 33 528 2488 2026 33 60 57
leaf_count=2472 167 33 528 2488 2026 33 60 57
internal_value=-0.000256326 -0.000152094 -0.000177779 -0.000631091 0.000126249 -0.00272956 -0.00314386 -0.0019322
internal_weight=7864 7547 7514 3016 4498 317 284 117
internal_count=7864 7547 7514 3016 4498 317 284 117
is_linear=0
shrinkage=0.08


Tree=188
num_leaves=12
num_cat=0
split_feature=59 33 12 56 1 59 15 9 33 27 43
split_gain=0.311545 0.153348 0.308074 0.32828 0.135061 0.24144 0.235567 0.118495 0.0735468 0.0437093 0.0712084
threshold=138.50000000000003 54.239265441894538 402.93750000000006 6.5000000000000009 74.98294830322267 20.500000000000004 0.11082754656672479 0.34194445610046392 60.623920440673835 73.468742370605483 -0.22695468366146085
decision_type=2 2 2 2 2 2 2 2 2 2 2
left_child=1 2 3 -1 5 -3 -6 -4 9 -2 -11
right_child=8 4 7 -5 6 -7 -8 -9 -10 10 -12
leaf_value=0.066455039544966954 -0.81193632600060328 -0.18018228905741621 -3.0162380324281863 -2.510138647211309 -3.9042493976130594 1.0732485506977034 0.040272577109913311 -1.3714705472117996 17.295860605520581 -0.51136554569342707 -3.0389062259076765
leaf_weight=1674 167 1322 269 338 78 436 3310 120 33 60 57
leaf_count=1674 167 1322 269 338 78 436 3310 120 33 60 57
internal_value=-0.00027667 -0.000173292 -0.000701083 -0.000302038 7.30513e-05 -0.000495737 0.000368249 -0.00275898 -0.00272956 -0.00314386 -0.0019322
internal_weight=7864 7547 2401 2012 5146 1758 3388 389 317 284 117
internal_count=7864 7547 2401 2012 5146 1758 3388 389 317 284 117
is_linear=0
shrinkage=0.08


Tree=189
num_leaves=9
num_cat=0
split_feature=59 56 49 58 59 33 27 43
split_gain=0.319347 0.171614 0.149738 0.190637 0.189974 0.0735468 0.0437093 0.0712084
threshold=138.50000000000003 323.00000000000006 90.807220458984389 29.314582824707035 2.5000000000000004 60.623920440673835 73.468742370605483 -0.22695468366146085
decision_type=2 2 2 2 2 2 2 2
left_child=1 2 3 -1 -4 6 -2 -8
right_child=5 -3 4 -5 -6 -7 7 -9
leaf_value=0.0072808191679954691 -0.74698141992055511 0.069237226998568907 -0.69630547681181509 -0.492901456807043 -0.086871033949304538 15.912191757078931 -0.47045630203794875 -2.7957937278350631
leaf_weight=6413 167 33 218 717 166 33 60 57
leaf_count=6413 167 33 218 717 166 33 60 57
internal_value=-0.000246155 -0.000141495 -0.000167133 -8.41406e-05 -0.0017039 -0.00272956 -0.00314386 -0.0019322
internal_weight=7864 7547 7514 7130 384 317 284 117
internal_count=7864 7547 7514 7130 384 317 284 117
is_linear=0
shrinkage=0.08


Tree=190
num_leaves=9
num_cat=0
split_feature=59 56 28 49 42 23 23 43
split_gain=0.215764 0.16906 0.143591 0.230937 0.160541 0.0885001 0.190184 0.111286
threshold=138.50000000000003 323.00000000000006 178.96363830566409 0.072638891637325301 -0.58216583728790272 22.472083091735843 22.666944503784183 -0.63405361771583546
decision_type=2 2 2 2 2 2 2 2
left_child=1 2 4 -4 -1 -2 -7 -8
right_child=5 -3 3 -5 -6 6 7 -9
leaf_value=-0.042476187999257349 -3.324917556858237 0.063698248838683844 0.034136177427672935 -2.9971080976707389 0.029787681708897118 0.093803355917094933 3.4592438538880925 -0.55617739762927088
leaf_weight=1024 117 33 1715 1301 3474 42 53 105
leaf_count=1024 117 33 1715 1301 3474 42 53 105
internal_value=-0.000185125 -9.91001e-05 -0.000124552 -0.000551542 0.000161813 -0.00222642 -0.00119403 -0.00246541
internal_weight=7864 7547 7514 3016 4498 317 200 158
internal_count=7864 7547 7514 3016 4498 317 200 158
is_linear=0
shrinkage=0.08


Tree=191
num_leaves=11
num_cat=0
split_feature=58 49 56 16 0 40 21 50 34 36
split_gain=0.193565 0.178057 0.197323 0.196521 0.154682 0.187705 0.252438 0.230144 0.13735 0.0551477
threshold=28.775833129882816 166.78194427490237 323.00000000000006 0.70128789544105541 29.000000000000004 0.2578947395086289 5.5375635623931894 77.500000000000014 46.068027496337898 2.5000000000000004
decision_type=2 2 2 2 2 2 2 2 2 2
left_child=1 2 8 -3 -2 6 -6 -7 -1 -5
right_child=4 3 -4 9 5 7 -8 -9 -10 -11
leaf_value=0.29243971848464395 -2.3363356599937539 39.624467135968878 0.079299862913618541 -7.6673374869595463 -0.6716728389107175 0.10910263497696832 15.150001923838468 -1.124613224701476 -0.013593170735293144 -0.91447002309748382
leaf_weight=901 112 31 30 52 376 420 40 71 5690 141
leaf_count=901 112 31 30 52 376 420 40 71 5690 141
internal_value=-0.000144438 8.76329e-06 8.39616e-05 -0.00220445 -0.00117255 -0.000823789 -0.00207194 0.000235771 5.40039e-05 -0.00315464
internal_weight=7864 6845 6621 224 1019 907 416 491 6591 193
internal_count=7864 6845 6621 224 1019 907 416 491 6591 193
is_linear=0
shrinkage=0.08


Tree=192
num_leaves=15
num_cat=0
split_feature=55 22 22 43 43 23 55 40 55 1 56 35 43 56
split_gain=0.17354 0.277776 0.42722 0.559088 0.341239 0.209185 0.275073 0.368708 0.233815 0.611476 0.240488 0.161921 0.249001 0.156276
threshold=19.763472557067875 7.5399601459503183 7.4101197719573983 -0.41248606145381922 0.68322628736495983 22.138889312744144 0.68305554986000072 0.21578947454690936 17.125555992126468 109.5438690185547 67.500000000000014 164.45888519287112 0.35206145048141485 24.500000000000004
decision_type=2 2 2 2 2 2 2 2 2 2 2 2 2 2
left_child=5 2 4 -4 -2 6 7 -1 10 -10 -7 12 -3 -8
right_child=1 11 3 -5 -6 8 13 -9 9 -11 -12 -13 -14 -15
leaf_value=0.93734047713173796 -0.36576744336835054 10.450185476835268 0.10340931043889072 0.0022221302909673116 3.3542869681668752 0.024366079932014454 -2.4471946593247988 -0.32109674001303845 1.3535031484166415 -0.6015838301915466 -0.25240148938129192 -0.39463619030962444 -1.2693191265957022 -1.2650127153284481
leaf_weight=225 617 60 39 86 211 4760 308 666 59 52 121 493 44 123
leaf_count=225 617 60 39 86 211 4760 308 666 59 52 121 493 44 123
internal_value=-0.000144438 -0.000902644 -5.45083e-05 0.00428571 -0.000714114 4.18043e-05 -0.000852609 -4.93283e-05 0.000278789 0.00389286 0.00019582 -0.00225418 0.000609523 -0.00250926
internal_weight=7864 1550 953 125 828 6314 1322 891 4992 111 4881 597 104 431
internal_count=7864 1550 953 125 828 6314 1322 891 4992 111 4881 597 104 431
is_linear=0
shrinkage=0.08


Tree=193
num_leaves=15
num_cat=0
split_feature=12 42 28 12 56 55 12 30 42 12 23 49 59 53
split_gain=0.162256 0.215459 0.554888 0.205255 0.27001 0.204892 0.181023 0.186581 0.153482 0.300243 0.207375 0.149998 0.115207 0.0260418
threshold=577.36459350585949 0.97335553169250499 60.435857772827156 597.69790649414074 1.5000000000000002 29.496805191040043 402.93750000000006 0.7455357313156129 0.97335553169250499 97.947917938232436 22.432222366333011 12.714166641235353 54.500000000000007 3.5000000000000004
decision_type=2 2 2 2 2 2 2 2 2 2 2 2 2 2
left_child=6 3 -3 5 -5 -2 8 13 10 -10 -1 -4 -9 -8
right_child=1 2 11 4 -6 -7 7 12 9 -11 -12 -13 -14 -15
leaf_value=-0.35164992239886644 -0.0036652969318859462 0.1775209156301206 -0.2401387183074653 0.025394362175871318 -0.11554399757963425 0.0138033195208463 -3.530312142203734 -0.027875167021239426 2.2238176090035298 -0.80235704454979739 0.047730523751527872 1.0762605097364961 -0.41246828426051757 -2.3647370616637571
leaf_weight=1400 51 33 32 610 282 38 154 809 131 492 3664 30 107 31
leaf_count=1400 51 33 32 610 282 38 154 809 131 492 3664 30 107 31
internal_value=-0.00015461 0.000757659 0.004375 0.000403258 3.58333e-05 0.00404444 -0.000299309 -0.00123775 -0.000117441 -0.00130128 2.84295e-05 -0.000126985 -0.000767722 -0.00354839
internal_weight=7864 1076 95 981 892 89 6788 1101 5687 623 5064 62 916 185
internal_count=7864 1076 95 981 892 89 6788 1101 5687 623 5064 62 916 185
is_linear=0
shrinkage=0.08


Tree=194
num_leaves=14
num_cat=0
split_feature=55 52 49 36 55 43 58 0 49 3 43 58 6
split_gain=0.168435 0.217743 0.235741 0.205498 0.37222 0.263921 0.194199 0.193741 0.188937 0.16813 0.164249 0.597989 0.191067
threshold=5.2922220230102548 31.982639312744144 71.139305114746108 501.50000000000006 11.920555591583254 0.68322628736495983 23.961944580078129 611.95834350585949 56.154998779296882 10.599641323089601 -0.97335553169250477 13.513333797454836 0.54166665673255932
decision_type=2 2 2 2 2 2 2 2 2 2 2 2 2
left_child=1 2 8 10 -5 -6 -4 9 -1 -3 11 -2 -12
right_child=3 7 6 4 5 -7 -8 -9 -10 -11 12 -13 -14
leaf_value=0.043346933505649263 -0.48634836629073191 -2.7645082403484511 -0.89418154637261826 3.8697830269358318 0.010949753859141129 -0.073547284052290579 9.1340010345851148 0.14860733841460438 1.6370573764942351 0.0018976012110099459 -0.39669120021864085 3.0486172551671382 1.0444092469154469
leaf_weight=4475 90 346 200 58 240 80 50 57 40 121 2005 50 52
leaf_count=4475 90 346 200 58 240 80 50 57 40 121 2005 50 52
internal_value=-0.000113923 0.000144422 0.000314728 -0.000644411 0.00107652 -9.50703e-10 -0.00207171 -0.00140191 0.000447298 -0.00194017 -0.000940856 0.00170213 -0.00112148
internal_weight=7864 5289 4765 2575 378 320 250 524 4515 467 2197 140 2057
internal_count=7864 5289 4765 2575 378 320 250 524 4515 467 2197 140 2057
is_linear=0
shrinkage=0.08


Tree=195
num_leaves=15
num_cat=0
split_feature=55 49 49 17 49 21 13 1 27 9 14 33 56 28
split_gain=0.182675 0.205245 0.350684 0.691746 0.347741 0.262789 0.306196 0.179867 0.237417 0.208036 0.173277 0.140243 0.201833 0.106169
threshold=5.2922220230102548 30.445833206176761 27.175556182861332 75.545555114746108 24.240694046020511 3.9072656631469731 206.73212432861331 40.895647048950202 18.516941070556644 0.6387731432914735 1099.0000000000002 49.202127456665046 6.5000000000000009 53.925117492675788
decision_type=2 2 2 2 2 2 2 2 2 2 2 2 2 2
left_child=1 2 4 -4 -1 6 -3 11 9 -9 -10 12 -2 -7
right_child=7 5 3 -5 -6 13 -8 8 10 -11 -12 -13 -14 -15
leaf_value=0.020176438014148274 78.707033366947542 16.384194990925486 -0.2831454748941305 0.48480534446761286 -0.47961044893769017 -0.17674333625441457 -0.50373586359596367 0.061408200242358345 -1.9864631426566375 7.7144221427376971 -0.026495136120194256 -1.2153522555556069 -14.192945131963468 -0.60147948025910436
leaf_weight=4431 64 58 44 91 127 58 232 256 280 55 1394 489 37 248
leaf_count=4431 64 58 44 91 127 58 232 256 280 55 1394 489 37 248
internal_value=-0.000185125 8.3931e-05 0.00026161 0.0042647 0.000142135 -0.00131323 0.00041237 -0.000737579 -0.000372609 0.00165385 -0.000749852 -0.00196278 0.000745097 -0.00294463
internal_weight=7864 5289 4693 135 4558 596 290 2575 1985 311 1674 590 101 306
internal_count=7864 5289 4693 135 4558 596 290 2575 1985 311 1674 590 101 306
is_linear=0
shrinkage=0.08


Tree=196
num_leaves=14
num_cat=0
split_feature=55 49 52 0 49 17 1 27 42 52 21 28 58
split_gain=0.189464 0.261904 0.230353 0.242529 0.191426 0.186495 0.179867 0.181126 0.226933 0.138637 0.115195 0.109858 0.114175
threshold=5.2922220230102548 71.139305114746108 31.982639312744144 611.95834350585949 56.154998779296882 249.80222320556643 40.895647048950202 18.516941070556644 0.72947329282760631 4.462083339691163 2.4622424840927128 488.86331176757818 1.0000000180025095e-35
decision_type=2 2 2 2 2 2 2 2 2 2 2 2 2
left_child=1 2 4 -4 -1 10 11 8 -8 -9 -3 12 -2
right_child=6 5 3 -5 -6 -7 7 9 -10 -11 -12 -13 -14
leaf_value=0.029457976301521662 -0.78305614423719905 -0.041983113250944372 -0.61036786835402757 0.21396599187453746 1.4539891159222487 21.496984008513323 0.51569687206462034 -0.14469965765553647 -0.13658778973094313 8.4437245095030918e-05 -1.0697924251936701 58.125725720911291 -1.7918587786084659
leaf_weight=4475 193 59 443 51 40 32 191 840 120 834 189 39 358
leaf_count=4475 193 59 443 51 40 32 191 840 120 834 189 39 358
internal_value=-0.000174953 9.90539e-05 0.000232334 -0.00140606 0.000411868 -0.00227758 -0.000737579 -0.000372609 0.00139743 -0.000702091 -0.00302008 -0.00196278 -0.00225362
internal_weight=7864 5289 5009 494 4515 280 2575 1985 311 1674 248 590 551
internal_count=7864 5289 5009 494 4515 280 2575 1985 311 1674 248 590 551
is_linear=0
shrinkage=0.08


Tree=197
num_leaves=15
num_cat=0
split_feature=49 13 13 55 23 43 53 49 58 59 52 42 27 52
split_gain=0.245293 0.265283 0.293498 0.20833 0.213894 0.234301 0.20916 0.193843 0.262617 0.170745 0.145453 0.105642 0.185598 0.0846009
threshold=43.855278015136726 193.34938049316409 148.33680725097659 5.2922220230102548 22.402916908264164 0.97335553169250499 136.50000000000003 25.691945075988773 21.068889617919925 120.50000000000001 1.0000000180025095e-35 -0.35206145048141474 49.950450897216804 43.145277023315437
decision_type=2 2 2 2 2 2 2 2 2 2 2 2 2 2
left_child=3 2 10 4 5 -1 -6 9 -9 -5 -2 12 -3 -13
right_child=1 11 -4 7 6 -7 -8 8 -10 -11 -12 13 -14 -15
leaf_value=-0.27950727680023646 2.3984556507993333 -1.1593637841393161 28.26699424430084 -0.070987763439115933 0.048752501798658782 0.68765460678481183 -1.0168593745628871 0.36523236240369078 -1.7151030061652139 -1.9257384417850119 -2.2714209063845261 -0.62865811831856766 30.635960288179781 -0.42901782336673949
leaf_weight=1098 51 39 58 1903 3620 103 64 196 92 112 90 362 41 35
leaf_count=1098 51 39 58 1903 3620 103 64 196 92 112 90 362 41 35
internal_value=-0.000174953 -0.00163072 0.000819999 -3.78365e-05 0.000257879 -0.000668886 0.000560108 -0.000664932 0.00127336 -0.000942461 -0.00115493 -0.00265272 -9.41901e-10 -0.00318593
internal_weight=7864 676 199 7188 4885 1201 3684 2303 288 2015 141 477 80 397
internal_count=7864 676 199 7188 4885 1201 3684 2303 288 2015 141 477 80 397
is_linear=0
shrinkage=0.08


Tree=198
num_leaves=13
num_cat=0
split_feature=49 31 59 49 50 49 7 40 55 36 12 44
split_gain=0.300293 0.245757 0.224096 0.191158 0.364874 0.2988 0.117474 0.223912 0.101748 0.0680461 0.120908 0.0630668
threshold=43.855278015136726 0.49811403453350073 135.50000000000003 27.175556182861332 3.5000000000000004 22.316944122314457 0.40284535288810736 0.21578947454690936 80.22208404541017 9.0000000000000018 126.11458206176759 0.87837970256805431
decision_type=2 2 2 2 2 2 2 2 2 2 2 2
left_child=2 6 3 5 -5 -1 8 -8 -2 10 -4 -11
right_child=1 -3 9 4 -6 -7 7 -9 -10 11 -12 -13
leaf_value=-0.00074654897260215461 -1.2294824827721744 10.620071032046372 23.803197646088346 6.9605807228806889 0.015829033078206586 -0.098330961003955553 1.1238319083728097 -0.49270160988185391 17.66053044256785 -0.4689914841760851 -3.2236253288127914 -1.3186200570363991
leaf_weight=6026 347 38 51 45 483 322 88 173 30 143 71 47
leaf_count=6026 347 38 51 45 483 322 88 173 30 143 71 47
internal_value=-0.000256326 -0.00186706 -0.000104605 -9.30734e-06 0.00145179 -0.000131045 -0.002241 -0.000931299 -0.00314286 -0.00219808 -0.000715448 -0.00314136
internal_weight=7864 676 7188 6876 528 6348 638 261 377 312 122 190
internal_count=7864 676 7188 6876 528 6348 638 261 377 312 122 190
is_linear=0
shrinkage=0.08


Tree=199
num_leaves=13
num_cat=0
split_feature=49 55 6 59 1 2 52 42 31 16 58 35
split_gain=0.358292 0.172193 0.259586 0.358673 0.197225 0.265441 0.184438 0.16283 0.407967 0.196161 0.105202 0.0947222
threshold=43.855278015136726 5.2922220230102548 0.62500000000000011 84.500000000000014 45.706199645996101 164.00000000000003 34.884860992431648 -0.41248606145381922 0.42219965159893041 0.17906609922647479 1.0000000180025095e-35 165.00583648681643
decision_type=2 2 2 2 2 2 2 2 2 2 2 2
left_child=1 2 6 -4 10 -6 -1 8 -2 -9 -3 -11
right_child=7 4 3 -5 5 -7 -8 9 -10 11 -12 -13
leaf_value=0.032195355628910793 -2.464818758927819 -0.5884877802372116 0.0018379594333110525 0.061522785793485232 15.181854863263975 -0.032682237117982023 -0.49155159203053822 28.009922198998975 39.305891200701403 2.9971832411128743 -1.635930239904458 -0.75792000765651224
leaf_weight=4324 49 221 91 31 38 1609 439 31 45 56 435 495
leaf_count=4324 49 221 91 31 38 1609 439 31 45 56 435 495
internal_value=-0.000225812 -6.00928e-05 0.000208759 0.0038374 -0.000630209 -0.000162622 0.000115028 -0.00198523 0.00109474 -0.00248371 -0.00180213 -0.00283333
internal_weight=7864 7188 4885 122 2303 1647 4763 676 94 582 656 551
internal_count=7864 7188 4885 122 2303 1647 4763 676 94 582 656 551
is_linear=0
shrinkage=0.08


Tree=200
num_leaves=15
num_cat=0
split_feature=49 49 49 16 50 49 13 1 53 21 9 17 16 24
split_gain=0.323482 0.165049 0.335443 0.550289 0.26739 0.233627 0.210157 0.1566 0.262783 0.394753 0.220374 0.239619 0.0795723 0.024128
threshold=43.855278015136726 27.175556182861332 28.21694374084473 34.969358444213874 3.5000000000000004 24.240694046020511 1367.3850097656252 95.016433715820327 2.5000000000000004 2.8410995006561284 0.56741902232170116 94.643196105957045 19.076492309570316 176.24404907226565
decision_type=2 2 2 2 2 2 2 2 2 2 2 2 2 2
left_child=1 5 3 -3 -4 6 -1 8 9 -2 -9 -12 -7 -10
right_child=7 2 4 -5 -6 12 -8 10 13 -11 11 -13 -14 -15
leaf_value=-0.038778800757919916 46.394485070257716 0.68341632912870365 6.0774138514398537 -0.13098739559038425 -0.036068377772228426 -0.053078041999358366 0.053328945254362957 -0.9884843393064775 -4.1117344129099136 -1.207265828858779 0.38232147781309161 -1.8008151700522965 -0.44505402068594857 -2.487961724402509
leaf_weight=5686 71 37 46 31 464 72 720 293 30 103 31 56 132 92
leaf_count=5686 71 37 46 31 464 72 720 293 30 103 31 56 132 92
internal_value=-0.000195297 -3.78365e-05 0.00125734 0.00649275 0.000547944 -0.000151264 -6.61786e-05 -0.00186706 -0.000484849 0.00150857 -0.00293963 0.000590908 -0.00280976 -0.00331707
internal_weight=7864 7188 578 68 510 6610 6406 676 296 174 380 87 204 122
internal_count=7864 7188 578 68 510 6610 6406 676 296 174 380 87 204 122
is_linear=0
shrinkage=0.08


Tree=201
num_leaves=15
num_cat=0
split_feature=49 1 53 2 2 6 50 53 59 22 9 49 43 21
split_gain=0.354161 0.173896 0.26448 0.347153 0.1553 0.453318 0.445014 0.236448 0.219 0.1945 0.149036 0.122729 0.0457438 0.0244092
threshold=43.855278015136726 98.816238403320327 2.5000000000000004 159.50000000000003 461.00000000000006 0.62500000000000011 82.500000000000014 100.50000000000001 135.50000000000003 8.8598527908325213 0.56741902232170116 90.807220458984389 -0.22695468366146085 4.9491200447082528
decision_type=2 2 2 2 2 2 2 2 2 2 2 2 2 2
left_child=4 2 3 -2 8 7 -7 -6 9 -1 -3 -12 -10 -4
right_child=1 10 13 -5 5 6 -8 -9 12 -11 11 -13 -14 -15
leaf_value=-0.088580181676149727 -3.9268962249951507 -1.0706829508986053 -3.2707355360366539 25.270305291112404 -0.00060886709782040599 0.29754991244983264 -0.090174192313889345 0.072356867961299337 -17.592053296635751 18.775483910394076 0.38301967856415248 -0.3284917640065132 -1.8064170378235238 -1.1409479561478713
leaf_weight=3183 87 291 96 89 3398 31 35 289 102 32 30 53 118 30
leaf_count=3183 87 291 96 89 3398 31 35 289 102 32 30 53 118 30
internal_value=-0.000235983 -0.00198523 -0.000554456 0.00144633 -7.12209e-05 0.000284496 0.00680597 0.000165943 -0.000459838 -0.00029229 -0.003136 -0.000142858 -0.00289593 -0.00333858
internal_weight=7864 676 302 176 7188 3753 66 3687 3435 3215 374 83 220 126
internal_count=7864 676 302 176 7188 3753 66 3687 3435 3215 374 83 220 126
is_linear=0
shrinkage=0.08


Tree=202
num_leaves=14
num_cat=0
split_feature=49 13 42 55 17 6 42 7 40 52 18 1 10
split_gain=0.354161 0.152716 0.304557 0.219382 0.161848 0.416437 0.192429 0.122129 0.184182 0.244097 0.155602 0.108451 0.153134
threshold=43.855278015136726 1367.3850097656252 0.99465191364288341 0.68305554986000072 68.010555267333999 0.54166665673255932 -0.88144907355308522 0.40284535288810736 0.21578947454690936 5.0506944656372079 0.34375000000000006 103.39974975585939 0.11628186702728273
decision_type=2 2 2 2 2 2 2 2 2 2 2 2 2
left_child=1 4 3 -3 6 -6 -1 11 9 -9 -10 12 -2
right_child=7 2 -4 -5 5 -7 -8 8 10 -11 -12 -13 -14
leaf_value=-0.58931101739430203 2.7905954380245457 0.094410741637637088 3.0412302063321368 -0.27279690540297613 0.0033895811807750009 0.14874472020525772 -0.061462906056773473 -2.0195967963372357 -0.030796001419494297 6.6777153920094889 -1.3914714106699881 -1.8047939715799772 -1.1561104086983423
leaf_weight=313 73 555 31 201 2834 92 3162 54 64 34 109 232 110
leaf_count=313 73 555 31 201 2834 92 3162 54 64 34 109 232 110
internal_value=-0.000235983 -7.12209e-05 0.000979694 0.000655217 -0.000200563 0.000237785 -0.000569621 -0.00198523 -0.000625955 0.00233708 -0.00213793 -0.00283654 -0.00136957
internal_weight=7864 7188 787 756 6401 2926 3475 676 261 88 173 415 183
internal_count=7864 7188 787 756 6401 2926 3475 676 261 88 173 415 183
is_linear=0
shrinkage=0.08


Tree=203
num_leaves=9
num_cat=0
split_feature=49 12 25 59 2 6 22 1
split_gain=0.34167 0.170612 0.280411 0.157576 0.118423 0.250949 0.134336 0.0887053
threshold=45.721111297607429 362.01042175292974 1054.3172607421877 242.00000000000003 461.00000000000006 0.62500000000000011 8.2977576255798358 95.016433715820327
decision_type=2 2 2 2 2 2 2 2
left_child=3 2 7 4 6 -6 -1 -2
right_child=1 -3 -4 -5 5 -7 -8 -9
leaf_value=-0.1188369524580196 -1.9270929735610074 -0.94081224319902956 30.792672526414314 -0.46882920188268062 0.0084520975035275569 0.060834744912891134 0.18165839899283992 -1.2032644485366859
leaf_weight=3063 220 194 45 66 3690 59 344 183
leaf_count=3063 220 194 45 66 3690 59 344 183
internal_value=-0.000235983 -0.00200311 -0.00114031 -7.86386e-05 -4.24769e-05 0.000267732 -0.000383804 -0.00181188
internal_weight=7864 642 448 7222 7156 3749 3407 403
internal_count=7864 642 448 7222 7156 3749 3407 403
is_linear=0
shrinkage=0.08


Tree=204
num_leaves=12
num_cat=0
split_feature=49 1 6 49 43 59 10 43 16 42 15
split_gain=0.395698 0.252443 0.14758 0.375371 0.70276 0.171368 0.149462 0.136722 0.126868 0.178752 0.0582264
threshold=45.721111297607429 95.016433715820327 0.62500000000000011 3.3470833301544194 -0.41248606145381922 124.50000000000001 1.2247012853622439 -0.22695468366146085 0.70128789544105541 0.95642796158790599 17.704789161682132
decision_type=2 2 2 2 2 2 2 2 2 2 2
left_child=2 8 5 -4 -5 6 -1 -7 -2 -10 -3
right_child=1 10 3 4 -6 7 -8 -9 9 -11 -12
leaf_value=0.0095074433664746067 23.242051813664315 -0.89309380425717466 -0.16324743955182427 -0.051064199888603098 0.098379730058511361 -3.5668813079663266 -0.30094784282950082 -1.3505508872981071 -2.0099402264107638 0.25090780121129941 -0.12571035658025381
leaf_weight=5854 41 300 58 50 41 163 855 201 203 41 57
leaf_count=5854 41 300 58 50 41 163 855 201 203 41 57
internal_value=-0.000225812 -0.00212753 -5.64872e-05 0.00242667 0.00560869 -0.000109133 -1.72886e-05 -0.00179726 -0.000349651 -0.0010449 -0.0035419
internal_weight=7864 642 7222 149 91 7073 6709 364 285 244 357
internal_count=7864 642 7222 149 91 7073 6709 364 285 244 357
is_linear=0
shrinkage=0.08


Tree=205
num_leaves=13
num_cat=0
split_feature=49 1 16 42 23 40 17 58 55 31 27 15
split_gain=0.391476 0.252443 0.126868 0.178752 0.120133 0.251933 0.368676 0.212241 0.209385 0.244341 0.20357 0.0582264
threshold=45.721111297607429 95.016433715820327 0.70128789544105541 0.95642796158790599 22.402916908264164 0.38421052694320684 110.70222473144533 7.7918055057525644 6.0637500286102304 0.43639518320560461 5.1253440380096444 17.704789161682132
decision_type=2 2 2 2 2 2 2 2 2 2 2 2
left_child=4 2 -2 -4 5 6 -1 -7 10 -10 -6 -3
right_child=1 11 3 -5 8 7 -8 -9 9 -11 -12 -13
leaf_value=0.22761970918285315 21.382687668571165 -0.82164629991660054 -1.8491450082979017 0.2308351771143933 -0.21371195174187613 -0.32421246315156976 -1.6135399478530423 0.03942623926697951 -0.00078241731594584651 -0.73395019774099679 0.080450930071909829 -0.11565352805383965
leaf_weight=699 41 300 203 41 406 665 296 231 1181 394 3350 57
leaf_count=699 41 300 203 41 406 665 296 231 1181 394 3350 57
internal_value=-0.000235983 -0.00212753 -0.000349651 -0.0010449 -6.75629e-05 -0.000615223 0.000261043 -0.00158751 0.000126781 -0.000647209 0.000451423 -0.0035419
internal_weight=7864 642 285 244 7222 1891 995 896 5331 1575 3756 357
internal_count=7864 642 285 244 7222 1891 995 896 5331 1575 3756 357
is_linear=0
shrinkage=0.08


Tree=206
num_leaves=15
num_cat=0
split_feature=49 49 33 40 35 21 40 42 52 28 13 40 12 22
split_gain=0.300206 0.238143 0.470908 0.536044 0.179494 0.218605 0.415556 0.188198 0.144654 0.133205 0.130845 0.156385 0.0642517 0.052034
threshold=30.445833206176761 27.175556182861332 58.261451721191413 0.20526316016912463 166.64597320556643 3.9761285781860356 0.10000000149011613 0.95642796158790599 23.326527595520023 101.40690994262697 2420.149291992188 0.089473687112331404 279.15625000000006 8.2245092391967791
decision_type=2 2 2 2 2 2 2 2 2 2 2 2 2 2
left_child=1 10 3 -3 7 6 -6 13 -7 -4 11 -1 -9 -2
right_child=4 2 9 -5 5 8 -8 12 -10 -11 -12 -13 -14 -15
leaf_value=-0.31180957279588933 -0.92199928164765654 4.5520097654485507 0.019952530250232855 0.14748966968880514 22.279919208742609 -0.95581915943497808 -0.15852935784749203 -2.3637442223323921 0.10388427359702367 -0.36524366794739727 3.1800557167787522 -0.00069780615136745897 4.0925849323872727 -0.94906732003068928
leaf_weight=728 282 34 39 75 59 222 302 30 63 56 50 5832 30 62
leaf_count=728 282 34 39 75 59 222 302 30 63 56 50 5832 30 62
internal_value=-0.000225812 -3.16957e-05 0.00265366 0.00621818 -0.0014843 -0.000655333 0.000651933 -0.00280494 -0.00230769 -0.00145833 -0.000114961 -0.00014632 0.00131147 -0.00352464
internal_weight=7864 6814 204 109 1050 646 361 404 285 95 6610 6560 60 344
internal_count=7864 6814 204 109 1050 646 361 404 285 95 6610 6560 60 344
is_linear=0
shrinkage=0.08


Tree=207
num_leaves=15
num_cat=0
split_feature=49 59 59 47 1 19 53 43 23 40 1 2 52 40
split_gain=0.251487 0.162341 0.249757 0.606289 0.189444 0.159164 0.226104 0.214753 0.13731 0.255854 0.379319 0.226275 0.221074 0.153858
threshold=30.445833206176761 13.500000000000002 32.500000000000007 1.0000000180025095e-35 44.772611618041999 0.38149519264698034 86.500000000000014 0.29012925922870642 22.402916908264164 0.089473687112331404 34.471046447753913 214.50000000000003 350.27223205566412 0.48947368562221533
decision_type=2 2 2 2 2 2 2 2 2 2 2 2 2 2
left_child=8 5 3 -3 -4 7 -7 -2 12 10 -10 -11 13 -1
right_child=1 2 4 -5 -6 6 -8 -9 9 11 -12 -13 -14 -15
leaf_value=-0.084565585470061613 9.5728446342168851 -0.18228894966790102 0.81503459557852243 11.958681221512366 -0.72198711135239624 -0.6889560604882573 0.074892674090503472 -3.0945789807646999 0.72171162150960078 -0.18714096149735884 -0.44315541819195831 0.049187043267984225 1.2709872412769394 -0.25149633282349604
leaf_weight=1147 79 35 60 45 170 548 70 43 87 1357 457 3086 32 648
leaf_count=1147 79 35 60 45 170 548 70 43 87 1357 457 3086 32 648
internal_value=-0.000256326 -0.00140818 0.000128616 0.00395062 -0.00121212 -0.00205128 -0.00257189 0.000585365 -7.8651e-05 0.000138732 -0.00149725 0.000339333 -0.000671773 -0.000790647
internal_weight=7864 1050 310 80 230 740 618 122 6814 4987 544 4443 1827 1795
internal_count=7864 1050 310 80 230 740 618 122 6814 4987 544 4443 1827 1795
is_linear=0
shrinkage=0.08


Tree=208
num_leaves=11
num_cat=0
split_feature=49 15 1 23 49 42 42 51 18 42
split_gain=0.333056 0.32867 0.231144 0.167548 0.199681 0.192408 0.255771 0.165109 0.123133 0.0272508
threshold=36.581806182861335 29.613815307617191 103.39974975585939 21.963472366333011 35.18236160278321 0.97335553169250499 0.91037613153457653 1.0000000180025095e-35 0.28125000000000006 0.88144907355308544
decision_type=2 2 2 2 2 2 2 2 2 2
left_child=3 2 8 5 7 6 -1 -5 -2 -4
right_child=1 -3 9 4 -6 -7 -8 -9 -10 -11
leaf_value=-0.27367827313523624 0.12808001376289258 0.024495397671752503 -1.4472025676259295 0.33635046707474275 5.1880342098458962 -1.2447658085492281 0.59128082668941606 -0.0091670287716674615 -1.4546048501489073 -0.66055907472469277
leaf_weight=878 213 31 277 696 30 125 100 5223 189 102
leaf_count=878 213 31 277 696 30 125 100 5223 189 102
internal_value=-0.000297013 -0.00183026 -0.00215345 -0.000120233 4.77301e-05 -0.00102536 -0.000645558 1.41882e-05 -0.000813897 -0.00356842
internal_weight=7864 812 781 7052 5949 1103 978 5919 402 379
internal_count=7864 812 781 7052 5949 1103 978 5919 402 379
is_linear=0
shrinkage=0.08


Tree=209
num_leaves=14
num_cat=0
split_feature=49 59 59 43 28 23 21 40 4 53 49 35 49
split_gain=0.363661 0.152992 0.167095 0.164592 0.201956 0.16172 0.133738 0.361693 0.271145 0.241354 0.27918 0.1177 0.108442
threshold=30.445833206176761 120.50000000000001 113.50000000000001 -0.22695468366146085 424.78636169433599 20.793472290039066 2.979233026504517 0.10000000149011613 0.9434499740600587 85.500000000000014 64.026111602783217 164.62347412109378 20.899305343627933
decision_type=2 2 2 2 2 2 2 2 2 2 2 2 2
left_child=1 2 5 4 -3 -1 7 -2 -9 11 -11 -8 -5
right_child=6 3 -4 12 -6 -7 9 8 -10 10 -12 -13 -14
leaf_value=-1.7843313189780547 15.840551695848527 -1.5826457471544408 8.1120132526101223 -0.63405881645185713 34.410167029596849 0.0066308981416121609 -0.22949118792833101 -6.5020399542294207 23.165601134294253 0.72310618180993902 -1.3924179819050619 -0.64840709335407787 -0.055292486591614787
leaf_weight=377 47 96 45 174 78 6013 49 203 52 66 41 592 31
leaf_count=377 47 96 45 174 78 6013 49 203 52 66 41 592 31
internal_value=-0.000327528 -0.000113867 -2.17536e-05 -0.00167369 0.000137142 -5.63302e-05 -0.00171266 -0.00029043 -0.00148438 -0.00228572 0.00122222 -0.00287228 -0.00320388
internal_weight=7864 6814 6435 379 174 6390 1050 302 255 748 107 641 205
internal_count=7864 6814 6435 379 174 6390 1050 302 255 748 107 641 205
is_linear=0
shrinkage=0.08


Tree=210
num_leaves=12
num_cat=0
split_feature=49 15 23 2 42 42 55 14 1 16 9
split_gain=0.297702 0.262436 0.192297 0.182953 0.181576 0.258548 0.176793 0.227425 0.200592 0.176594 0.143384
threshold=30.445833206176761 29.613815307617191 21.856805801391605 297.50000000000006 -0.97335553169250477 1.0000000180025095e-35 6.0637500286102304 815.00000000000011 42.695486068725593 0.70128789544105541 0.25888888537883764
decision_type=2 2 2 2 2 2 2 2 2 2 2
left_child=2 3 4 9 -1 -6 7 -4 -8 -2 -5
right_child=1 -3 6 10 5 -7 8 -9 -10 -11 -12
leaf_value=9.1933443263542927 25.157703920421568 0.060547365281938513 0.20466229131909255 -0.68666278697361538 -1.3357159674271351 -0.053708033171823495 -0.94978769951640507 0.0086016412450504228 -0.004403946972865903 -0.42350662036953102 -0.26478167750777515
leaf_weight=39 50 34 825 342 281 616 483 3344 1226 360 264
leaf_count=39 50 34 825 342 281 616 483 3344 1226 360 264
internal_value=-0.000307185 -0.00156042 -0.000113867 -0.00179351 -0.00117823 -0.00141203 5.57908e-05 0.00033669 -0.000629241 -0.000486619 -0.00267545
internal_weight=7864 1050 6814 1016 936 897 5878 4169 1709 410 606
internal_count=7864 1050 6814 1016 936 897 5878 4169 1709 410 606
is_linear=0
shrinkage=0.08


Tree=211
num_leaves=10
num_cat=0
split_feature=49 15 21 53 53 59 23 40 43
split_gain=0.255948 0.250909 0.166372 0.318874 0.197302 0.136478 0.142819 0.131667 0.0987765
threshold=30.445833206176761 29.613815307617191 2.4622424840927128 4.5000000000000009 85.500000000000014 242.00000000000003 20.793472290039066 0.86842104792594921 0.72947329282760631
decision_type=2 2 2 2 2 2 2 2 2
left_child=5 2 3 -2 -4 6 8 -8 -1
right_child=1 -3 4 -5 -6 -7 7 -9 -10
leaf_value=-0.85641815228313845 7.1778278753774929 0.055703576059383211 -0.5982731223775567 -4.7037693440091664 0.13868534155722903 -0.25990875048440776 -0.0092674524134566619 0.033243134957987711 -2.2555224834549965
leaf_weight=305 111 34 732 62 111 57 5732 637 83
leaf_count=305 111 34 732 62 111 57 5732 637 83
internal_value=-0.000246155 -0.00140818 -0.00163619 0.000620689 -0.00209953 -6.69122e-05 -3.37387e-05 5.71419e-05 -0.00152185
internal_weight=7864 1050 1016 173 843 6814 6757 6369 388
internal_count=7864 1050 1016 173 843 6814 6757 6369 388
is_linear=0
shrinkage=0.08


Tree=212
num_leaves=12
num_cat=0
split_feature=49 15 1 55 42 58 58 47 1 3 49
split_gain=0.250455 0.30487 0.292022 0.209955 0.12569 0.223564 0.185577 0.176771 0.153585 0.152779 0.0347006
threshold=36.581806182861335 29.613815307617191 100.03541183471681 74.31333160400392 0.98611506819725048 73.692913055419936 65.75485992431642 1.0000000180025095e-35 67.339347839355483 8.7422800064086932 64.026111602783217
decision_type=2 2 2 2 2 2 2 2 2 2 2
left_child=4 2 3 -2 6 9 8 -8 -1 -6 -4
right_child=1 -3 10 -5 5 -7 7 -9 -10 -11 -12
leaf_value=-0.10691602528851896 -0.34171484815186065 0.055014857911328652 -0.49924026001957084 6.4824374460680074 -0.41976022957529924 0.63426941880456966 -1.6543909533286771 -0.057574944004219468 0.025726669985331352 0.051010250662153374 -1.2735215135434428
leaf_weight=2175 356 31 152 32 418 36 176 178 4000 69 241
leaf_count=2175 356 31 152 32 418 36 176 178 4000 69 241
internal_value=-0.000205468 -0.00153506 -0.00184655 -0.000287919 -5.21773e-05 -0.00124428 4.34906e-05 -0.00173521 0.000145724 -0.00169672 -0.00338071
internal_weight=7864 812 781 388 7052 523 6529 354 6175 487 393
internal_count=7864 812 781 388 7052 523 6529 354 6175 487 393
is_linear=0
shrinkage=0.08


Tree=213
num_leaves=13
num_cat=0
split_feature=49 15 1 1 42 17 40 31 12 42 40 56
split_gain=0.288899 0.312706 0.187278 0.122481 0.194706 0.3551 0.16123 0.866181 0.271537 0.152421 0.115938 0.102979
threshold=36.581806182861335 29.613815307617191 100.03541183471681 67.339347839355483 0.98611506819725048 103.5670852661133 0.84736841917037975 0.45175392925739294 148.64582824707034 0.47114434838294988 0.62631577253341686 82.500000000000014
decision_type=2 2 2 2 2 2 2 2 2 2 2 2
left_child=3 2 10 6 9 -6 8 -8 -1 -5 -2 -4
right_child=1 -3 11 4 5 -7 7 -9 -10 -11 -12 -13
leaf_value=0.025142647404079607 -0.052900258897071027 0.050613669278422153 -1.0265901718049595 -0.0050383552494196052 -0.25709430794592258 0.85603708222228303 -0.14202203953052758 4.5945635572616785 -0.44507214163625869 0.11113857271371183 -1.2542703865014935 0.015923223321285734
leaf_weight=1083 329 31 363 2528 233 82 194 56 1174 1702 59 30
leaf_count=1083 329 31 363 2528 233 82 194 56 1174 1702 59 30
internal_value=-0.000205468 -0.00163346 -0.00194885 -4.08346e-05 0.000206774 -0.00170886 -0.000489634 0.00143426 -0.000703278 0.000349798 -0.00069923 -0.00317767
internal_weight=7864 812 781 7052 4545 315 2507 250 2257 4230 388 393
internal_count=7864 812 781 7052 4545 315 2507 250 2257 4230 388 393
is_linear=0
shrinkage=0.08


Tree=214
num_leaves=12
num_cat=0
split_feature=49 15 1 27 52 28 28 43 34 40 56
split_gain=0.280726 0.312706 0.187278 0.133687 0.374657 0.388333 0.196579 0.446312 0.127483 0.115938 0.102979
threshold=36.581806182861335 29.613815307617191 100.03541183471681 85.542964935302749 0.10638888925313951 471.63014221191412 502.04315185546881 0.63405361771583568 51.081691741943366 0.62631577253341686 82.500000000000014
decision_type=2 2 2 2 2 2 2 2 2 2 2
left_child=3 2 9 6 -5 -6 8 -8 -1 -2 -4
right_child=1 -3 10 4 5 -7 7 -9 -10 -11 -12
leaf_value=0.0085148835887443285 -0.048668238185305274 0.046564575736148583 -0.94446295806056246 -2.1867778407062239 -0.84049636019693141 8.0313790067806643 -0.0053395983411554937 398.28796369397298 -0.049150341405521276 -1.1539287555813742 0.014649365455582887
leaf_weight=4849 329 31 363 194 116 76 127 39 1651 59 30
leaf_count=4849 329 31 363 194 116 76 127 39 1651 59 30
internal_value=-0.000225812 -0.00163346 -0.00194885 -6.352e-05 -0.00150904 0.000994818 2.0398e-05 0.00273054 -4.92241e-05 -0.00069923 -0.00317767
internal_weight=7864 812 781 7052 386 192 6666 166 6500 388 393
internal_count=7864 812 781 7052 386 192 6666 166 6500 388 393
is_linear=0
shrinkage=0.08


Tree=215
num_leaves=12
num_cat=0
split_feature=49 15 27 50 1 40 40 14 33 59 56
split_gain=0.224347 0.30487 0.205203 0.166829 0.157817 0.117444 0.115938 0.115916 0.208747 0.14198 0.0938937
threshold=36.581806182861335 29.613815307617191 85.542964935302749 4.5000000000000009 100.03541183471681 0.58421051502227794 0.62631577253341686 815.00000000000011 50.393751144409187 100.50000000000001 82.500000000000014
decision_type=2 2 2 2 2 2 2 2 2 2 2
left_child=2 4 7 5 6 -4 -2 8 -1 -9 -6
right_child=1 -3 3 -5 10 -7 -8 9 -10 -11 -12
leaf_value=-4.208438178405248 -0.044774779130480981 0.042839409677256697 -1.8838259859397659 19.17368568277368 -0.86890592141571743 -0.61813686342300156 -1.0616144551348641 -0.0054531916244992297 0.084195399460624237 -1.1060043071466832 0.013477416219136278
leaf_weight=178 329 31 251 31 363 104 59 5402 867 219 30
leaf_count=178 329 31 251 31 363 104 59 5402 867 219 30
internal_value=-0.00027667 -0.00153506 -0.000131576 -0.00192248 -0.00184655 -0.00241573 -0.00069923 -2.75996e-05 0.000745697 -0.00017147 -0.00297462
internal_weight=7864 812 7052 386 781 355 388 6666 1045 5621 393
internal_count=7864 812 7052 386 781 355 388 6666 1045 5621 393
is_linear=0
shrinkage=0.08


Tree=216
num_leaves=11
num_cat=0
split_feature=49 15 1 27 49 49 14 16 55 40
split_gain=0.225156 0.330962 0.201125 0.172611 0.155927 0.152537 0.154905 0.133876 0.110061 0.0903961
threshold=43.855278015136726 29.613815307617191 95.016433715820327 85.542964935302749 9.9052782058715838 41.40777778625489 815.00000000000011 0.70128789544105541 44.318334579467781 0.58421051502227794
decision_type=2 2 2 2 2 2 2 2 2 2
left_child=3 2 7 5 9 6 -1 -2 -4 -5
right_child=1 -3 8 4 -6 -7 -8 -9 -10 -11
leaf_value=0.052704444269234867 13.453255571942902 0.040668112881974965 -0.84750425122961204 -1.8021216317725399 17.639790828151796 0.16012361579680393 -0.019642931203622323 -1.08207299034794 -0.38745871887359751 -0.57369186072999601
leaf_weight=1055 41 30 321 252 31 34 5709 254 30 107
leaf_count=1055 41 30 321 252 31 34 5709 254 30 107
internal_value=-0.000235983 -0.00163072 -0.00201546 -0.000104605 -0.00173913 -1.05907e-05 -3.78428e-05 -0.000472974 -0.00330682 -0.00221111
internal_weight=7864 676 646 7188 390 6798 6764 295 351 359
internal_count=7864 676 646 7188 390 6798 6764 295 351 359
is_linear=0
shrinkage=0.08


Tree=217
num_leaves=15
num_cat=0
split_feature=28 49 43 43 45 13 43 40 2 40 49 22 55 2
split_gain=0.171685 0.302397 0.211861 0.267492 0.18784 0.176457 0.385237 0.408419 0.247188 0.228741 0.21534 0.144443 0.129255 0.144474
threshold=175.26733398437503 0.23236110806465152 -0.88144907355308522 -0.47114434838294977 -0.56174489110708226 135.90161132812503 0.58216583728790294 0.76315790414810192 974.00000000000011 0.057894736528396613 4.88861107826233 8.4252185821533221 513.52847290039074 1625.5000000000002
decision_type=2 2 2 2 2 2 2 2 2 2 2 2 2 2
left_child=5 2 4 -4 -2 6 7 -1 10 -10 -7 -8 13 -3
right_child=1 12 3 -5 -6 8 11 -9 9 -11 -12 -13 -14 -15
leaf_value=0.10230691681635516 20.457878677926843 -2.0600273925990065 21.677394542658089 -0.17873263329293612 -4.2127064276252097 -0.13925050946044354 -0.20254016603439084 6.7322372414847322 -0.40523362311578764 0.044918533413464704 0.014429200838681844 0.46668516871030752 30.285145110882315 -4.7741257173073004
leaf_weight=358 91 1020 385 1237 241 1435 91 30 115 1296 1232 42 32 259
leaf_count=358 91 1020 385 1237 241 1435 91 30 115 1296 1232 42 32 259
internal_value=-0.000174953 -0.000618495 1.22753e-05 0.000389401 -0.00182583 0.000139999 0.0015249 0.00279691 -3.7265e-05 0.000818696 -0.000490256 -0.00217911 -0.00155793 -0.00168438
internal_weight=7864 3265 1954 1622 332 4599 521 388 4078 1411 2667 133 1311 1279
internal_count=7864 3265 1954 1622 332 4599 521 388 4078 1411 2667 133 1311 1279
is_linear=0
shrinkage=0.08


Tree=218
num_leaves=9
num_cat=0
split_feature=31 56 52 14 31 55 40 42
split_gain=0.162643 0.173209 0.186279 0.275548 0.172948 0.0886856 0.0951735 0.0801872
threshold=0.49871392548084265 323.00000000000006 29.279999732971195 3093.5000000000005 0.49758039414882665 0.56944444775581371 0.59473684430122387 0.68322628736495983
decision_type=2 2 2 2 2 2 2 2
left_child=1 2 4 -4 -1 6 7 -2
right_child=5 -3 3 -5 -6 -7 -8 -9
leaf_value=-0.0071479337221716181 -5.5839157014173715 0.21830977411138644 -0.39413987421939445 0.043308725289141439 21.18887791591159 -2.5617924039753399 0.20522050462755384 -0.018033783889212708
leaf_weight=6426 65 33 633 394 113 106 36 58
leaf_count=6426 65 33 633 394 113 106 36 58
internal_value=-0.000235983 -0.000167896 -0.000193473 -0.00119455 -3.60866e-05 -0.00218045 -0.000975001 -0.00203226
internal_weight=7864 7599 7566 1027 6539 265 159 123
internal_count=7864 7599 7566 1027 6539 265 159 123
is_linear=0
shrinkage=0.08


Tree=219
num_leaves=15
num_cat=0
split_feature=28 55 40 30 49 49 22 59 13 50 12 40 52 52
split_gain=0.170243 0.190682 0.313723 0.679424 0.171251 0.30731 0.530178 0.351817 0.230515 0.319185 0.168632 0.154707 0.150663 0.9195
threshold=175.26733398437503 0.089166667312383666 0.84736841917037975 0.72767856717109691 19.612082481384281 4.5397222042083749 5.9786183834075937 42.500000000000007 359.39846801757818 39.500000000000007 59.333333969116218 0.57368421554565441 4.462083339691163 5.9322223663330087
decision_type=2 2 2 2 2 2 2 2 2 2 2 2 2 2
left_child=4 2 10 -4 5 7 -7 -1 11 -10 -2 -6 -3 -14
right_child=1 12 3 -5 8 6 -8 -9 9 -11 -12 -13 13 -15
leaf_value=-0.033111504471764995 -3.1097456428971597 -1.8581334429643948 2.7911357764304023 -1.4341857895005619 -0.6967849017262282 9.7974626683667072 0.047042076131191463 1.0648214451468723 -0.36628570216757511 0.032367119050136187 -0.058146072609138878 -0.042183272363368288 38.698968723312078 -1.6628649323424294
leaf_weight=2260 185 989 95 85 302 45 879 173 166 635 1232 139 42 637
leaf_count=2260 185 989 95 85 302 45 879 173 166 635 1232 139 42 637
internal_value=-0.000225812 -0.000667484 -4.25541e-05 0.00309392 8.78251e-05 0.000384752 0.00162594 -8.71004e-05 -0.000714402 9.47621e-05 -0.000442878 -0.002181 -0.00126543 -0.00034706
internal_weight=7864 3265 1597 180 4599 3357 924 2433 1242 801 1417 441 1668 679
internal_count=7864 3265 1597 180 4599 3357 924 2433 1242 801 1417 441 1668 679
is_linear=0
shrinkage=0.08


Tree=220
num_leaves=15
num_cat=0
split_feature=28 42 53 52 22 42 17 55 31 31 30 42 27 59
split_gain=0.198362 0.191172 0.450525 0.327954 0.323335 0.308963 0.257044 0.159473 0.167211 0.2982 0.107536 0.149749 0.114716 0.0787276
threshold=175.26733398437503 -0.63405361771583546 105.50000000000001 72.183471679687514 7.4416916370391855 -0.47114434838294977 61.753749847412116 0.089166667312383666 0.49871392548084265 0.49758039414882665 0.44940476119518286 0.72947329282760631 69.286941528320327 2.5000000000000004
decision_type=2 2 2 2 2 2 2 2 2 2 2 2 2 2
left_child=1 2 6 5 -4 -3 -1 8 9 -2 11 -9 -12 -10
right_child=7 3 4 -5 -6 -7 -8 10 13 -11 12 -13 -14 -15
leaf_value=-0.52450181503977122 -0.17864607184695713 0.14527047723686023 -0.012395748239595683 -0.58815831143248531 6.5782100881092029 0.011486510678314113 -0.0093427409663185326 65.467872008801322 -2.8861113054369087 37.925678391338806 -2.3368872067299402 -10.576791550915932 -0.3555094448881137 0.0036965225880974373
leaf_weight=363 1385 217 38 177 31 3222 551 33 105 70 948 37 650 37
leaf_count=363 1385 217 38 177 31 3222 551 33 105 70 948 37 650 37
internal_value=-0.0003377 8.68612e-07 -0.000987806 0.000269836 0.0052 0.000443022 -0.00146011 -0.000814453 -0.000242804 1.37353e-05 -0.0013613 0.00169014 -0.00149594 -0.00285315
internal_weight=7864 4599 983 3616 69 3439 914 3265 1597 1455 1668 70 1598 142
internal_count=7864 4599 983 3616 69 3439 914 3265 1597 1455 1668 70 1598 142
is_linear=0
shrinkage=0.08


Tree=221
num_leaves=15
num_cat=0
split_feature=28 42 42 59 16 16 12 55 40 30 10 40 53 28
split_gain=0.176705 0.18007 0.276475 0.572759 0.33176 0.271105 0.297593 0.160714 0.249047 0.568956 0.162029 0.120731 0.133676 0.132942
threshold=175.26733398437503 -0.63405361771583546 -0.47114434838294977 31.500000000000004 19.735207557678226 12.758196830749513 340.75000000000006 0.089166667312383666 0.84736841917037975 0.72767856717109691 1.3249084353446963 0.4052631556987763 125.50000000000001 485.72183227539068
decision_type=2 2 2 2 2 2 2 2 2 2 2 2 2 2
left_child=1 5 3 -3 -4 -1 -7 8 10 -10 -2 13 -13 -9
right_child=7 2 4 -5 -6 6 -8 11 9 -11 -12 12 -14 -15
leaf_value=-0.59596473108827597 -0.48151875143744605 0.035572037299760592 0.05435235906979842 0.40751256346599751 -0.048339648220841441 1.3340034131001488 -0.034035067838765441 -2.1616625212522527 2.5821366000637282 -1.3051592405927606 -2.8589102800692552 -1.574135665564927 0.40883852051612074 0.28573740643374834
leaf_weight=298 1336 195 1964 33 1424 227 458 1032 95 85 81 384 64 188
leaf_count=298 1336 195 1964 33 1424 227 458 1032 95 85 81 384 64 188
internal_value=-0.000266498 5.30425e-05 0.000314071 0.00300437 0.000132191 -0.000906505 -2.91555e-05 -0.000716474 -0.000142679 0.00265193 -0.000499296 -0.00126543 -0.00238753 -0.000851762
internal_weight=7864 4599 3616 228 3388 983 685 3265 1597 180 1417 1668 448 1220
internal_count=7864 4599 3616 228 3388 983 685 3265 1597 180 1417 1668 448 1220
is_linear=0
shrinkage=0.08


Tree=222
num_leaves=9
num_cat=0
split_feature=17 28 42 10 17 55 42 52
split_gain=0.159626 0.149891 0.215016 0.329521 0.220143 0.178453 0.174954 0.163447
threshold=1232.9111328125002 193.09073638916018 -0.63405361771583546 1.7331147193908694 56.390417098999031 0.089166667312383666 0.47114434838294988 14.386111259460451
decision_type=2 2 2 2 2 2 2 2
left_child=1 2 4 -4 -1 7 -7 -3
right_child=-2 5 3 -5 -6 6 -8 -9
leaf_value=-0.48248680810505451 3.8311915691643779 0.031560222856996882 0.0024291045583557077 0.16473253594792855 -0.0014204712636669203 -1.9133377308195105 -1.8340530782515934 -4.2776823986498282
leaf_weight=331 48 1277 3659 113 663 545 1009 219
leaf_count=331 48 1277 3659 113 663 545 1009 219
internal_value=-0.000307185 -0.00033568 -5.53817e-05 0.000220513 -0.00110151 -0.000773518 -0.00137363 -0.000149634
internal_weight=7864 7816 4766 3772 994 3050 1554 1496
internal_count=7864 7816 4766 3772 994 3050 1554 1496
is_linear=0
shrinkage=0.08


Tree=223
num_leaves=11
num_cat=0
split_feature=58 35 11 50 56 13 55 21 34 13
split_gain=0.148314 0.19927 0.176993 0.267019 0.169917 0.167926 0.22153 0.173397 0.140387 0.153599
threshold=41.665971755981452 136.17027664184573 4.941805601119996 55.500000000000007 323.00000000000006 668.60302734375011 24.492083549499515 3.129236221313477 48.947973251342781 193.34938049316409
decision_type=2 2 2 2 2 2 2 2 2 2
left_child=1 -1 4 -4 -3 8 7 -7 -2 -10
right_child=5 2 3 -5 -6 6 -8 -9 9 -11
leaf_value=0.63509778472004708 -7.4133248264052076 -0.0072662595155691713 -0.2209419971231314 0.062978622307022822 0.449492025730166 -4.2082516609099789 10.754413738010008 0.35780749949904694 8.9006881211182129 -1.2340431720254905
leaf_weight=31 187 6819 314 38 33 71 54 71 84 162
leaf_count=31 187 6819 314 38 33 71 54 71 84 162
internal_value=-0.00027667 -0.00017413 -0.000202083 -0.00194901 -0.000112069 -0.00145397 0.000487309 -0.00117483 -0.0023318 -0.00106883
internal_weight=7864 7235 7204 352 6852 629 196 142 433 246
internal_count=7864 7235 7204 352 6852 629 196 142 433 246
is_linear=0
shrinkage=0.08


Tree=224
num_leaves=10
num_cat=0
split_feature=58 24 47 35 25 56 49 14 0
split_gain=0.196511 0.208655 0.353371 0.195099 0.194651 0.159804 0.190594 0.155958 0.0156403
threshold=41.665971755981452 176.24404907226565 1.0000000180025095e-35 136.17027664184573 1084.679138183594 323.00000000000006 90.807220458984389 9997.5000000000018 58.541667938232429
decision_type=2 2 2 2 2 2 2 2 2
left_child=3 2 8 -1 7 6 -5 -3 -2
right_child=1 4 -4 5 -6 -7 -8 -9 -10
leaf_value=0.58428996194244354 -2.5434197340779288 -1.2208307884290475 19.427228362880228 -0.0053706979286729508 10.811676219988337 0.37430630975117929 -0.83823613713518907 0.605491755733508 -11.920492609398083
leaf_weight=31 30 423 55 6815 49 34 355 40 32
leaf_count=31 30 423 55 6815 49 34 355 40 32
internal_value=-0.000225812 -0.00158095 0.00145763 -0.000107795 -0.0022768 -0.000135462 -0.000161764 -0.00278448 -0.00266667
internal_weight=7864 629 117 7235 512 7204 7170 463 62
internal_count=7864 629 117 7235 512 7204 7170 463 62
is_linear=0
shrinkage=0.08


Tree=225
num_leaves=11
num_cat=0
split_feature=58 24 12 35 56 49 33 28 58 25
split_gain=0.231849 0.226413 0.268807 0.195099 0.159804 0.190594 0.151258 0.129065 0.256456 0.0870168
threshold=41.665971755981452 176.24404907226565 190.38541412353518 136.17027664184573 323.00000000000006 90.807220458984389 57.678737640380866 391.59489440917974 81.010417938232436 1084.679138183594
decision_type=2 2 2 2 2 2 2 2 2 2
left_child=3 2 6 -1 5 -5 -2 9 -9 -3
right_child=1 7 -4 4 -6 -7 -8 8 -10 -11
leaf_value=0.5375467649870479 -10.967041184232567 -1.0381221359767145 44.717340247012942 -0.0049410420943790823 0.34436180497108415 -0.77117724616437389 11.305450699583492 12.876396068697602 -3.996067333996776 5.5216334838434573
leaf_weight=31 48 351 35 6815 34 355 34 47 80 34
leaf_count=31 48 351 35 6815 34 355 34 47 80 34
internal_value=-0.000235983 -0.00170794 0.00145763 -0.000107795 -0.000135462 -0.000161764 -0.00106024 -0.00243275 -0.000218751 -0.00316062
internal_weight=7864 629 117 7235 7204 7170 82 512 127 385
internal_count=7864 629 117 7235 7204 7170 82 512 127 385
is_linear=0
shrinkage=0.08


Tree=226
num_leaves=12
num_cat=0
split_feature=58 56 49 15 49 14 29 24 47 25 6
split_gain=0.270108 0.158167 0.154546 0.230533 0.155257 0.141898 0.22771 0.107097 0.28363 0.0869074 0.0159115
threshold=41.665971755981452 323.00000000000006 90.807220458984389 21.108660697937015 4.5397222042083749 6029.5000000000009 5219.1750488281259 176.24404907226565 1.0000000180025095e-35 1084.679138183594 0.20833333581686023
decision_type=2 2 2 2 2 2 2 2 2 2 2
left_child=1 2 4 -4 -1 7 10 8 -2 -9 -7
right_child=5 -3 3 -5 -6 6 -8 9 -10 -11 -12
leaf_value=-0.048617371477341298 -4.3631361345787241 0.31681286057339786 -0.75933987229060707 0.16231632185475589 0.021501953117145121 -5.4197289937248261 1.6609793421085051 -1.0672592676544768 16.166730371447422 6.8499479486004953 -0.73318459900338795
leaf_weight=4426 56 34 317 40 2418 33 58 373 47 32 30
leaf_count=4426 56 34 317 40 2418 33 58 373 47 32 30
internal_value=-0.000246155 -0.000107795 -0.000133853 -0.00175419 -4.90879e-05 -0.00183492 0.00062295 -0.00242043 -0.000115386 -0.00300493 -0.0026875
internal_weight=7864 7235 7201 357 6844 629 121 508 103 405 63
internal_count=7864 7235 7201 357 6844 629 121 508 103 405 63
is_linear=0
shrinkage=0.08


Tree=227
num_leaves=11
num_cat=0
split_feature=58 11 10 58 14 42 51 34 24 42
split_gain=0.238303 0.155329 0.242142 0.172709 0.148167 0.138296 0.116328 0.326433 0.127017 0.107603
threshold=41.665971755981452 4.941805601119996 1.7331147193908694 5.8577778339385995 9890.5000000000018 0.58216583728790294 1.0000000180025095e-35 48.34856033325196 195.03422546386722 -0.84874749183654774
decision_type=2 2 2 2 2 2 2 2 2 2
left_child=1 2 5 9 6 -1 7 -2 -8 -3
right_child=4 3 -4 -5 -6 -7 8 -9 -10 -11
leaf_value=-0.02754906639696161 -5.6820784116640279 -0.0089008105494136642 0.53162747840598756 0.0194838837168958 0.50251095532602963 0.022290014861836009 -1.7455584581668748 2.1122964737357188 -1.1095490874485971 -0.2897339498271746
leaf_weight=4105 46 47 50 47 49 2728 135 40 359 258
leaf_count=4105 46 47 50 47 49 2728 135 40 359 258
internal_value=-0.00021564 -8.56837e-05 -1.74413e-06 -0.00172238 -0.00170794 -4.27285e-05 -0.00206541 0.000643677 -0.00253737 -0.0024183
internal_weight=7864 7235 6883 352 629 6833 580 86 494 305
internal_count=7864 7235 6883 352 629 6833 580 86 494 305
is_linear=0
shrinkage=0.08


Tree=228
num_leaves=12
num_cat=0
split_feature=58 14 11 58 23 55 24 47 25 31 42
split_gain=0.277071 0.157237 0.155329 0.172709 0.141994 0.276538 0.121689 0.160211 0.119659 0.110318 0.107603
threshold=41.665971755981452 9890.5000000000018 4.941805601119996 5.8577778339385995 20.793472290039066 87.036392211914077 176.24404907226565 1.0000000180025095e-35 1084.679138183594 0.49871392548084265 -0.84874749183654774
decision_type=2 2 2 2 2 2 2 2 2 2 2
left_child=2 6 4 10 5 -1 7 -2 -8 -6 -4
right_child=1 -3 3 -5 9 -7 8 -9 -10 -11 -12
leaf_value=-1.6389575971692469 -3.714550207265265 0.46231007889994646 -0.0081887457054606212 0.017925173019544171 0.0058829859344230332 5.5748923137444013 -0.89854357553522757 14.796996581481714 9.8405902863969459 -1.4919094440281131 -0.26655523384100116
leaf_weight=399 62 49 47 47 6318 33 415 55 48 133 258
leaf_count=399 62 49 47 47 6318 33 415 55 48 133 258
internal_value=-0.000225812 -0.00183492 -8.56837e-05 -0.00172238 -1.74413e-06 -0.00140416 -0.0022031 0.000101694 -0.00278448 9.23735e-05 -0.0024183
internal_weight=7864 629 7235 352 6883 432 580 117 463 6451 305
internal_count=7864 629 7235 352 6883 432 580 117 463 6451 305
is_linear=0
shrinkage=0.08


Tree=229
num_leaves=12
num_cat=0
split_feature=58 58 23 59 33 49 17 34 42 11 12
split_gain=0.25719 0.208481 0.198909 0.303854 0.296732 0.171686 0.171695 0.17103 0.168389 0.307968 0.0768067
threshold=53.111665725708015 49.027360916137702 22.5026388168335 5.5000000000000009 53.619825363159187 90.807220458984389 6.4861111640930185 49.083869934082038 0.93540480732917797 2.0370833873748784 194.13541412353518
decision_type=2 2 2 2 2 2 2 2 2 2 2
left_child=1 5 3 4 -2 6 -1 -7 -4 -10 -5
right_child=2 -3 8 10 -6 7 -8 -9 9 -11 -12
leaf_value=-0.43556369271438367 5.5065522805629357 96.833207378336013 -1.4157514224246479 -0.037367284227400432 -2.5448892595393473 -0.71869941001406523 0.0061978218786245378 -0.02714432056889015 -3.3791514720968223 10.665506255668992 -5.4615596691472721
leaf_weight=990 35 30 268 34 30 182 5969 184 44 30 68
leaf_count=990 35 30 268 34 30 182 5969 184 44 30 68
internal_value=-0.00021564 -9.51614e-05 -0.00195294 0.000309523 0.00454545 -0.000122851 -3.3909e-05 -0.00180927 -0.00305539 0.000319999 -0.00240777
internal_weight=7864 7355 509 167 65 7325 6959 366 342 74 102
internal_count=7864 7355 509 167 65 7325 6959 366 342 74 102
is_linear=0
shrinkage=0.08


Tree=230
num_leaves=11
num_cat=0
split_feature=58 23 0 58 12 43 49 30 24 21
split_gain=0.266305 0.222842 0.397056 0.206409 0.16537 0.525516 0.190874 0.135192 0.077605 0.0159115
threshold=53.111665725708015 21.9819450378418 69.583335876464858 49.027360916137702 778.77084350585949 0.09796465560793878 79.912918090820327 0.8080357313156129 367.47322082519537 2.4958912134170537
decision_type=2 2 2 2 2 2 2 2 2 2
left_child=3 2 -2 4 6 -6 -1 8 -3 -4
right_child=1 7 9 -5 5 -7 -8 -9 -10 -11
leaf_value=-0.0069213524977550398 1.4783965064365585 -1.3965704693339718 -10.024775144984577 89.086550788069133 -0.040746690303654819 0.056505111927345322 -0.70337136454266347 3.0038110719006945 -0.11905427222382865 -6.4589444682471777
leaf_weight=6549 42 319 30 30 206 186 384 45 40 33
leaf_count=6549 42 319 30 30 206 186 384 45 40 33
internal_value=-0.000185125 -0.00195294 0.00132075 -6.25349e-05 -9.0091e-05 0.00150636 -0.000180561 -0.00280494 -0.00332222 -0.0026875
internal_weight=7864 509 105 7355 7325 392 6933 404 359 63
internal_count=7864 509 105 7355 7325 392 6933 404 359 63
is_linear=0
shrinkage=0.08


Tree=231
num_leaves=10
num_cat=0
split_feature=58 23 52 58 50 55 11 30 24
split_gain=0.269379 0.222842 0.56412 0.20572 0.16654 0.223914 0.193939 0.135192 0.077605
threshold=53.111665725708015 21.9819450378418 0.010416666511446239 49.027360916137702 25.500000000000004 2.1469444036483769 4.1408333778381357 0.8080357313156129 367.47322082519537
decision_type=2 2 2 2 2 2 2 2 2
left_child=3 2 -2 4 6 -6 -1 8 -3
right_child=1 7 -4 -5 5 -7 -8 -9 -10
leaf_value=-0.013679720435388888 9.8075662206252865 -1.2848448317872538 -7.5840265825985549 81.959626725023597 -0.018019381328562446 0.034147778962641546 -0.20589312549943939 2.7635061861486441 -0.10952993044592244
leaf_weight=4968 47 319 58 30 939 683 735 45 40
leaf_count=4968 47 319 58 30 939 683 735 45 40
internal_value=-0.000174953 -0.00195294 0.00132075 -5.16595e-05 -7.9171e-05 0.000635859 -0.00028261 -0.00280494 -0.00332222
internal_weight=7864 509 105 7355 7325 1622 5703 404 359
internal_count=7864 509 105 7355 7325 1622 5703 404 359
is_linear=0
shrinkage=0.08


Tree=232
num_leaves=10
num_cat=0
split_feature=58 12 47 40 56 23 42 52 30
split_gain=0.22712 0.212783 0.18823 0.222912 0.151718 0.167312 0.24028 0.224601 0.0968931
threshold=41.665971755981452 512.43751525878918 1.0000000180025095e-35 0.59473684430122387 323.00000000000006 21.963472366333011 -0.98611506819725026 72.183471679687514 0.8080357313156129
decision_type=2 2 2 2 2 2 2 2 2
left_child=4 2 8 -4 5 6 -1 -7 -2
right_child=1 -3 3 -5 -6 7 -8 -9 -10
leaf_value=10.858171728069294 -1.9057457721363806 0.056336919745020676 -1.0807178408358455 18.839912997183738 0.30080836263962696 0.013908757170102645 -0.28257186455828748 -0.56605806523725799 23.27746255372287
leaf_weight=32 259 56 245 33 34 5749 1108 312 36
leaf_count=32 259 56 245 33 34 5749 1108 312 36
internal_value=-0.000124095 -0.00158095 -0.00204181 -0.000544804 2.763e-06 -2.27724e-05 -0.000911482 0.000144506 -0.00344595
internal_weight=7864 629 573 278 7235 7201 1140 6061 295
internal_count=7864 629 573 278 7235 7201 1140 6061 295
is_linear=0
shrinkage=0.08


Tree=233
num_leaves=13
num_cat=0
split_feature=31 56 50 40 50 50 55 58 11 35 58 22
split_gain=0.194208 0.230684 0.228104 0.265047 0.212597 0.512766 0.402575 0.330535 0.212619 0.219649 0.209377 0.177365
threshold=0.40396235883235937 125.50000000000001 90.500000000000014 0.86842104792594921 53.500000000000007 66.500000000000014 4.7811110019683847 8.2554163932800311 4.1595833301544198 166.51458740234378 1.7125000357627871 8.0299396514892596
decision_type=2 2 2 2 2 2 2 2 2 2 2 2
left_child=1 2 3 -1 8 6 -6 -7 11 -10 -4 -2
right_child=4 -3 10 -5 5 7 -8 -9 9 -11 -12 -13
leaf_value=0.024284083503568601 -0.17832834678495688 -4.5032479178894453 -0.15271021979319979 0.088699241302646004 0.013562754563877248 0.070088306276351833 0.097216512583025383 -0.42344146574667357 0.76028972861554567 -0.83360367681600889 0.015640997628332112 0.14393040912022451
leaf_weight=2028 3537 73 214 236 49 350 30 99 84 449 246 469
leaf_count=2028 3537 73 214 236 49 350 30 99 84 449 246 469
internal_value=-7.32368e-05 0.000461757 0.000581283 0.000911257 -0.000368588 0.00114934 0.00705 9.77768e-05 -0.000545375 -0.00204494 -0.00104122 -0.000345397
internal_weight=7864 2797 2724 2264 5067 528 79 449 4539 533 460 4006
internal_count=7864 2797 2724 2264 5067 528 79 449 4539 533 460 4006
is_linear=0
shrinkage=0.08


Tree=234
num_leaves=12
num_cat=0
split_feature=50 50 6 50 56 50 3 9 59 49 9
split_gain=0.196729 0.309038 0.176546 0.479258 0.15225 0.126849 0.552954 0.230799 0.345682 0.285182 0.214339
threshold=10.500000000000002 11.500000000000002 0.62500000000000011 82.500000000000014 192.50000000000003 1.5000000000000002 16.942963123321537 0.52340278029441845 27.500000000000004 3.3470833301544194 0.47472222149372106
decision_type=2 2 2 2 2 2 2 2 2 2 2
left_child=5 -2 4 -4 -3 7 10 9 -9 -1 -7
right_child=1 2 3 -5 -6 6 -8 8 -10 -11 -12
leaf_value=0.00563751724866309 22.312398974841066 0.0074341536568204311 0.19495214011835221 -0.31742521074073277 0.056466459112712093 -0.79435929983218356 11.956131442847308 -0.42190778501740162 1.0132749249881681 0.36612041563465381 0.03628984614756435
leaf_weight=3010 42 1939 57 48 45 1172 49 913 132 188 269
leaf_count=3010 42 1939 57 48 45 1172 49 913 132 188 269
internal_value=-0.000113923 0.000542213 0.000403827 0.0035849 0.000233752 -0.000357866 -0.000992623 -0.000134779 -0.00116635 0.000202562 -0.00127878
internal_weight=7864 2131 2089 105 1984 5733 1490 4243 1045 3198 1441
internal_count=7864 2131 2089 105 1984 5733 1490 4243 1045 3198 1441
is_linear=0
shrinkage=0.08


Tree=235
num_leaves=15
num_cat=0
split_feature=50 2 53 55 43 49 1 2 42 55 55 52 53 0
split_gain=0.190859 0.225131 0.418196 0.500226 0.359335 0.160527 0.17294 0.315153 0.158762 0.176362 0.153218 0.287931 0.241465 0.0264554
threshold=25.500000000000004 697.00000000000011 2.5000000000000004 28.484027862548832 0.16280825436115268 64.026111602783217 63.642570495605476 159.50000000000003 -0.97335553169250477 2.1469444036483769 6.748333454132081 34.884860992431648 136.50000000000003 483.16667175292974
decision_type=2 2 2 2 2 2 2 2 2 2 2 2 2 2
left_child=5 8 3 -3 -4 10 7 -7 -2 -10 11 -1 -12 -8
right_child=1 2 4 -5 -6 6 13 -9 9 -11 12 -13 -14 -15
leaf_value=0.023939270828538917 8.6298790177143072 0.10531953604030289 -0.047205865262191317 0.1237410062399809 0.033326126919885873 -3.3077967484175548 -3.147217840523004 25.463707998699629 -0.43858629988561076 0.018923712400968629 -0.1294805806644895 -1.0692836156039978 0.59957384380934864 -0.72600030165971663
leaf_weight=3789 36 293 311 39 235 97 168 39 468 333 1528 356 141 31
leaf_count=3789 36 293 311 39 235 97 168 39 468 333 1528 356 141 31
internal_value=-0.000174953 0.000571095 0.0014653 0.0036997 0.000102376 -0.00038309 -0.00208333 0.000116787 -0.000367543 -0.000603492 -0.000284782 -2.41206e-05 -0.000931737 -0.00358
internal_weight=7864 1715 878 332 546 6149 335 136 837 801 5814 4145 1669 199
internal_count=7864 1715 878 332 546 6149 335 136 837 801 5814 4145 1669 199
is_linear=0
shrinkage=0.08


Tree=236
num_leaves=15
num_cat=0
split_feature=40 0 0 9 27 26 10 23 42 12 52 33 1 50
split_gain=0.132301 0.605291 0.626839 0.52888 0.393178 0.374989 0.184079 0.182431 0.131295 0.305639 0.362432 0.281527 0.182038 0.278105
threshold=0.86842104792594921 326.37500000000006 394.91667175292974 0.12635416537523272 57.567893981933601 11557.500000000002 0.55390876531600963 23.333193778991703 0.58216583728790294 689.00000000000011 1.3841666579246523 64.484661102294936 39.925893783569343 2.5000000000000004
decision_type=2 2 2 2 2 2 2 2 2 2 2 2 2 2
left_child=8 5 3 -3 -4 7 -7 -2 12 11 -11 -10 13 -1
right_child=1 2 4 -5 -6 6 -8 -9 9 10 -12 -13 -14 -15
leaf_value=-0.25672233433130826 -0.78982198022113281 1.3421369169536794 -0.20803383220995192 0.49798968324235382 0.082862114415963861 6.9985033710828404 -0.60366330488468312 -0.0089991836951225073 -0.036564929302524869 0.62359563438300558 0.017527330192869114 0.067963394865080559 -0.091992357734283423 0.78541762154933181
leaf_weight=608 196 34 133 66 74 43 58 121 2949 57 131 126 3093 175
leaf_count=608 196 34 133 66 74 43 58 121 2949 57 131 126 3093 175
internal_value=-0.000174953 0.000853994 0.00354545 0.00871287 0.00101923 -0.00112649 0.00309804 -0.00247799 -0.000279553 9.43618e-05 0.00321693 -9.75302e-05 -0.000594275 0.000494897
internal_weight=7864 725 307 100 207 418 101 317 7139 3263 188 3075 3876 783
internal_count=7864 725 307 100 207 418 101 317 7139 3263 188 3075 3876 783
is_linear=0
shrinkage=0.08


Tree=237
num_leaves=12
num_cat=0
split_feature=12 42 0 27 28 43 40 58 50 42 49
split_gain=0.181811 0.183474 0.472506 0.175808 0.278114 0.644991 0.168279 0.178831 0.134169 0.0556997 0.0542316
threshold=611.73959350585949 0.97335553169250499 650.79165649414074 3.9147605895996098 19.36445236206055 -0.097964655607938753 0.95263159275054943 3.3709721565246586 30.500000000000004 -0.81241145730018605 6.0381944179534921
decision_type=2 2 2 2 2 2 2 2 2 2 2
left_child=3 6 -3 9 5 -5 7 -2 -6 -1 -11
right_child=1 2 -4 4 8 -7 -8 -9 -10 10 -12
leaf_value=0.18677594480652432 0.0090804761804638076 0.81163989112692991 -0.048667027563926907 0.26499382230712293 -0.1148378168705412 -0.10197070939569441 0.071020086216491821 -0.89344940809863982 0.013579635804222865 -0.41436687985245507 -0.505662861935958
leaf_weight=35 663 36 49 98 5245 121 42 90 1270 171 44
leaf_count=35 663 36 49 98 5245 121 42 90 1270 171 44
internal_value=-0.000174953 0.000908058 0.0044186 -0.000311526 -0.000234002 0.00256364 0.000527637 0.000249336 -0.000328423 -0.00239044 -0.00287037
internal_weight=7864 880 85 6984 6734 219 795 753 6515 250 215
internal_count=7864 880 85 6984 6734 219 795 753 6515 250 215
is_linear=0
shrinkage=0.08


Tree=238
num_leaves=15
num_cat=0
split_feature=31 49 49 17 33 50 50 50 31 42 4 42 42 43
split_gain=0.164124 0.278786 0.536593 0.680809 0.366814 0.386853 0.23618 0.175101 0.16552 0.174676 0.160449 0.385283 0.151754 0.0145593
threshold=0.40396235883235937 19.612082481384281 17.435138702392582 185.16736602783206 64.484661102294936 62.500000000000007 38.500000000000007 136.50000000000003 0.41032586991786962 -0.47114434838294977 9.257179260253908 0.81241145730018627 -0.98611506819725026 -0.77259656786918629
decision_type=2 2 2 2 2 2 2 2 2 2 2 2 2 2
left_child=1 2 6 -4 7 -6 -1 -3 9 -2 12 -12 -10 -11
right_child=8 4 3 -5 5 -7 -8 -9 10 13 11 -13 -14 -15
leaf_value=0.034980599746019005 10.773889496922898 -0.13248280819904065 0.0085502781500745636 1.575594235755069 -0.21078079738025404 0.15788740758720965 -0.12202028411874542 6.1363794023628913 -0.66887911380343634 -0.47295464564956563 -0.0039689918567155291 0.071990121898269366 -0.26713317791455393 -3.7022555060876727
leaf_weight=1706 37 601 77 31 31 31 180 140 81 47 745 209 3810 138
leaf_count=1706 37 601 77 31 31 31 180 140 81 47 745 209 3810 138
internal_value=-0.000144438 0.00034739 0.000854134 0.00631193 -0.000910449 0.00495238 0.00053842 -0.00140701 -0.000415944 -0.00254709 -0.000317789 0.000611517 -0.000545736 -0.00354839
internal_weight=7864 2797 1994 108 803 62 1886 741 5067 222 4845 954 3891 185
internal_count=7864 2797 1994 108 803 62 1886 741 5067 222 4845 954 3891 185
is_linear=0
shrinkage=0.08


Tree=239
num_leaves=15
num_cat=0
split_feature=31 49 10 55 58 56 55 31 42 59 59 33 10 43
split_gain=0.152058 0.269003 0.218571 0.469315 0.309187 0.201534 0.463415 0.16552 0.174676 0.153262 0.322933 0.115379 0.081878 0.0145593
threshold=0.40396235883235937 21.799166679382328 1.3016112446784975 16.321389198303226 35.948194503784187 2.5000000000000004 25.005277633666996 0.41032586991786962 -0.47114434838294977 122.50000000000001 105.50000000000001 59.949033737182624 0.89301699399948131 -0.77259656786918629
decision_type=2 2 2 2 2 2 2 2 2 2 2 2 2 2
left_child=1 2 4 -4 -1 12 -7 8 -2 10 -9 -11 -3 -10
right_child=7 5 3 -5 -6 6 -8 9 13 11 -12 -13 -14 -15
leaf_value=0.033206985674698278 9.9119783371690673 -0.38200076083476725 0.07379459049481106 -11.296113331450668 -2.1308722711951749 5.1685123260006609 -0.24398721526284844 -0.046328529803633715 -0.43511827399760039 -4.5901525073870744 4.8802422201373323 0.20915601854892521 -0.12082589694474813 -3.4060750656006595
leaf_weight=1777 37 167 177 47 94 162 113 4556 47 159 82 48 260 138
leaf_count=1777 37 167 177 47 94 162 113 4556 47 159 82 48 260 138
internal_value=-0.00015461 0.000318798 0.0007729 0.00312889 0.000489315 -0.00103556 0.000652173 -0.000415944 -0.00254709 -0.000317789 -0.000222463 -0.00244231 -0.0021215 -0.00354839
internal_weight=7864 2797 2095 224 1871 702 275 5067 222 4845 4638 207 427 185
internal_count=7864 2797 2095 224 1871 702 275 5067 222 4845 4638 207 427 185
is_linear=0
shrinkage=0.08


Tree=240
num_leaves=14
num_cat=0
split_feature=55 52 53 52 58 33 42 52 23 56 58 0 53
split_gain=0.163267 0.248522 0.361962 0.535004 0.22623 0.21246 0.308618 0.403376 0.197596 0.190446 0.212604 0.176469 0.105725
threshold=7.0499999523162851 31.982639312744144 2.5000000000000004 116.05777740478517 286.71362304687506 62.972463607788093 0.41248606145381933 0.035694444552063949 21.9401388168335 323.00000000000006 7.7918055057525644 611.95834350585949 15.500000000000002
decision_type=2 2 2 2 2 2 2 2 2 2 2 2 2
left_child=1 4 3 -3 8 9 12 -8 -1 10 -2 -4 -7
right_child=5 2 11 -5 -6 6 7 -9 -10 -11 -12 -13 -14
leaf_value=-0.31200885026891062 -0.098544753125182891 -0.96204882410446957 -0.79311476065000908 14.75511285968498 -6.0091093360227461 -0.51714228180461141 0.89558367277557738 -0.015071391619296728 0.029139611274892709 0.22999166842624946 -0.027949110284340394 0.31074878018158097 0.11313580233510796
leaf_weight=661 1282 60 409 30 80 43 34 38 4218 36 876 55 42
leaf_count=661 1282 60 409 30 80 43 34 38 4218 36 876 55 42
internal_value=-0.000174953 6.31111e-05 -0.00154234 0.00307692 0.000242741 -0.000732994 0.00210126 0.00591781 0.000312294 -0.000936675 -0.00103381 -0.00244301 -0.00116279
internal_weight=7864 5513 554 90 4959 2351 157 72 4879 2194 2158 464 85
internal_count=7864 5513 554 90 4959 2351 157 72 4879 2194 2158 464 85
is_linear=0
shrinkage=0.08


Tree=241
num_leaves=14
num_cat=0
split_feature=52 23 55 15 13 23 42 42 12 44 13 40 30
split_gain=0.17965 0.360449 0.377615 0.813777 0.236292 0.229645 0.266667 0.214481 0.31679 0.247846 0.196884 0.100237 0.0953658
threshold=43.145277023315437 22.717082977294925 10.691805839538576 0.7370399832725526 984.81604003906261 21.954166412353519 -0.98611506819725026 -0.63405361771583546 618.65625000000011 0.87837970256805431 648.95947265625011 0.77368420362472545 0.6130952537059785
decision_type=2 2 2 2 2 2 2 2 2 2 2 2 2
left_child=5 2 4 -4 -2 6 -1 9 -9 -7 -8 12 -3
right_child=1 11 3 -5 -6 7 10 8 -10 -11 -12 -13 -14
leaf_value=9.6905188915657341 -1.5297889040821733 -0.96901929191722957 -16.988825211511504 21.402703784725194 7.7042518147404824 -0.012280037865983586 -2.8967293626856661 0.0081054831319486449 0.026335492209971278 -0.27250475629886189 0.014969184081953016 -0.105819712172268 -0.94877851376391709
leaf_weight=31 172 37 42 60 38 978 755 4385 522 214 308 30 292
leaf_count=31 172 37 42 60 38 978 755 4385 522 214 308 30 292
internal_value=-0.000124095 -0.001375 0.000613418 0.00458252 -0.00132702 -7.2292e-06 -0.00107397 0.000184261 0.000418092 -0.000777872 -0.00128947 -0.0031 -0.00350303
internal_weight=7864 671 312 102 210 7193 1094 6099 4907 1192 1063 359 329
internal_count=7864 671 312 102 210 7193 1094 6099 4907 1192 1063 359 329
is_linear=0
shrinkage=0.08


Tree=242
num_leaves=13
num_cat=0
split_feature=52 23 28 42 49 15 10 18 55 43 21 24
split_gain=0.296877 0.186201 0.174988 0.319847 0.299844 0.214366 0.173768 0.453307 0.155143 0.219944 0.18641 0.0780117
threshold=43.145277023315437 23.2904167175293 173.82440185546878 -0.63405361771583546 20.035694122314457 6.7142710685729989 0.42468923330307012 0.17708333581686023 0.83513888716697704 -0.84874749183654774 3.6762123107910161 170.87202453613284
decision_type=2 2 2 2 2 2 2 2 2 2 2 2
left_child=2 6 3 5 -5 -1 11 -8 9 -4 -10 -2
right_child=1 -3 8 4 -6 -7 7 -9 10 -11 -12 -13
leaf_value=-0.38279957197112047 42.794367253082257 -3.2920931458095879 -4.8357122285412011 0.039110685774823198 -0.059608399373502215 -0.00037576807219897923 27.326312317082536 -0.24544726096023733 -2.6370033399851218 0.17065872387646497 -0.084982016407936914 -1.4960782765318044
leaf_weight=393 31 174 301 2385 896 549 38 233 683 1326 660 195
leaf_count=393 31 174 301 2385 896 549 38 233 683 1326 660 195
internal_value=-0.000124095 -0.00173214 2.61319e-05 0.000357007 0.000730042 -0.000941676 -0.00093976 0.00042647 -0.000444296 8.10801e-05 -0.00108036 -0.00257269
internal_weight=7864 671 7193 4223 3281 942 497 271 2970 1627 1343 226
internal_count=7864 671 7193 4223 3281 942 497 271 2970 1627 1343 226
is_linear=0
shrinkage=0.08


Tree=243
num_leaves=12
num_cat=0
split_feature=52 55 58 58 1 58 16 4 6 36 9
split_gain=0.338439 0.177004 0.160004 0.162043 0.326943 0.236828 0.156022 0.188353 0.140533 0.140718 0.0175781
threshold=43.145277023315437 87.036392211914077 41.665971755981452 32.008888244628913 98.816238403320327 28.775833129882816 0.70128789544105541 2.147591352462769 0.54166665673255932 804.50000000000011 0.12706018984317782
decision_type=2 2 2 2 2 2 2 2 2 2 2
left_child=2 8 3 5 -5 -1 10 -8 9 -2 -4
right_child=1 -3 6 4 -6 -7 7 -9 -10 -11 -12
leaf_value=0.0047373492299146273 -1.0528373562486526 12.623125375769877 10.008478716213078 -0.39870214311150209 0.70144762584133613 -1.2920665874445143 -2.8813187758861125 0.01814421603340096 0.11718823726922495 1.3329906104570659 -5.0640294448326539
leaf_weight=6292 550 46 30 129 87 127 365 132 36 39 31
leaf_count=6292 550 46 30 129 87 127 365 132 36 39 31
internal_value=-0.000134267 -0.00185119 2.61319e-05 0.000135623 0.00228571 6.29274e-05 -0.0012737 -0.00174297 -0.00220447 -0.0025017 0.00251613
internal_weight=7864 671 7193 6635 216 6419 558 497 625 589 61
internal_count=7864 671 7193 6635 216 6419 558 497 625 589 61
is_linear=0
shrinkage=0.08


Tree=244
num_leaves=14
num_cat=0
split_feature=52 23 23 1 28 42 35 23 55 40 52 30 15
split_gain=0.425222 0.187046 0.364595 0.161512 0.147828 0.262258 0.276821 0.241505 0.169321 0.214029 0.198206 0.0659651 0.0376529
threshold=43.145277023315437 22.666944503784183 22.5026388168335 114.39328765869142 173.82440185546878 -0.63405361771583546 165.71833801269534 23.2904167175293 0.089166667312383666 0.84736841917037975 4.462083339691163 0.6130952537059785 14.42046642303467
decision_type=2 2 2 2 2 2 2 2 2 2 2 2 2
left_child=4 2 3 -2 5 7 -7 -1 9 -6 -10 -3 -13
right_child=1 11 -4 -5 8 6 -8 -9 10 -11 -12 12 -14
leaf_value=-0.17544390752421779 -0.11788875136922024 -7.5050450897749883 41.954121552493888 -3.2765623994703281 -0.38626887329015624 -0.058445441701896458 0.032674948083537755 0.018725330910656719 -1.3621655635705781 1.0498909519245649 0.11243227765884418 -1.2938436594699789 -0.11903612128695848
leaf_weight=593 132 42 36 104 1293 370 2911 349 1020 176 481 277 80
leaf_count=593 132 42 36 104 1293 370 2911 349 1020 176 481 277 80
internal_value=-0.000164782 -0.00208929 -0.000468865 -0.00162025 1.50116e-05 0.000319128 0.000656916 -0.000856841 -0.000417369 0.000193196 -0.00101465 -0.00319 -0.0035419
internal_weight=7864 671 272 236 7193 4223 3281 942 2970 1469 1501 399 357
internal_count=7864 671 272 236 7193 4223 3281 942 2970 1469 1501 399 357
is_linear=0
shrinkage=0.08


Tree=245
num_leaves=15
num_cat=0
split_feature=52 23 42 42 28 49 49 50 12 59 13 33 30 3
split_gain=0.304436 0.172791 0.357015 0.444995 0.171517 0.277169 0.567436 0.239433 0.201554 0.155736 0.144065 0.0935027 0.0717744 0.0242708
threshold=43.145277023315437 22.666944503784183 0.77259656786918651 0.63405361771583568 173.82440185546878 20.035694122314457 5.1008331775665292 47.500000000000007 378.00000000000006 3.5000000000000004 576.16613769531261 60.258541107177741 0.6130952537059785 0.16353008151054385
decision_type=2 2 2 2 2 2 2 2 2 2 2 2 2 2
left_child=4 2 3 -2 5 6 -1 -7 10 -10 -6 12 -3 -4
right_child=1 11 13 -5 8 7 -8 -9 9 -11 -12 -13 -14 -15
leaf_value=0.0030273384530758451 -0.25610774403246545 -6.9046414825929912 -3.0489811245262222 59.504756207366974 -0.38204650771439924 -0.34067330386704525 0.064408920679654258 -0.0146522845740237 -3.8790522529274272 0.070845785312361395 0.27063835445557932 -0.13976560354641115 -0.94152857439163196 -2.5311680117809661
leaf_weight=2296 116 42 94 32 1903 298 830 799 430 117 520 57 300 30
leaf_count=2296 116 42 94 32 1903 298 830 799 430 117 520 57 300 30
internal_value=-0.000103752 -0.00173214 -0.000175825 0.0024698 4.83727e-05 0.000375946 0.000759833 -0.000717669 -0.000417369 -0.00180292 -0.000103961 -0.00279 -0.00328863 -0.003328
internal_weight=7864 671 272 148 7193 4223 3126 1097 2970 547 2423 399 342 124
internal_count=7864 671 272 148 7193 4223 3126 1097 2970 547 2423 399 342 124
is_linear=0
shrinkage=0.08


Tree=246
num_leaves=11
num_cat=0
split_feature=52 36 45 42 49 59 25 58 34 23
split_gain=0.26155 0.200424 0.195276 0.217113 0.13138 0.138394 0.379429 0.180269 0.0974785 0.0656357
threshold=43.145277023315437 686.00000000000011 -0.56174489110708226 0.77259656786918651 381.45500183105474 27.500000000000004 791.32305908203136 3.3709721565246586 50.060602188110359 21.005833625793461
decision_type=2 2 2 2 2 2 2 2 2 2
left_child=4 2 3 -2 5 7 -7 -1 -6 -4
right_child=1 -3 9 -5 8 6 -8 -9 -10 -11
leaf_value=0.004010570028398934 0.21797679325135744 0.029576008858253837 -4.6620089867571757 -1.9204038900137439 -3.421666269153298 0.20504460550554932 -3.7016899745672887 -0.14505516324836784 22.227072343433264 -0.81534066537317207
leaf_weight=4680 162 58 45 106 87 1052 94 1250 30 300
leaf_count=4680 162 58 45 106 87 1052 94 1250 30 300
internal_value=-0.000103752 -0.0016131 -0.00203909 -0.000416358 3.72523e-05 8.13895e-05 0.000885788 -7.41874e-05 -0.00261017 -0.0032948
internal_weight=7864 671 613 268 7193 7076 1146 5930 117 345
internal_count=7864 671 613 268 7193 7076 1146 5930 117 345
is_linear=0
shrinkage=0.08


Tree=247
num_leaves=12
num_cat=0
split_feature=52 34 50 51 58 23 17 49 40 16 53
split_gain=0.215471 0.204292 0.395484 0.28108 0.154576 0.236536 0.168757 0.176936 0.168159 0.116468 0.0266155
threshold=43.145277023315437 47.097455978393562 74.500000000000014 1.0000000180025095e-35 41.665971755981452 22.5026388168335 1232.9111328125002 116.05777740478517 0.37368421256542211 0.70128789544105541 61.500000000000007
decision_type=2 2 2 2 2 2 2 2 2 2 2
left_child=4 10 3 -3 6 8 7 -1 -6 -7 -2
right_child=1 2 -4 -5 5 9 -8 -9 -10 -11 -12
leaf_value=0.0083586844887362666 -2.9992107761664109 34.799183934929204 0.065019769454289278 -0.69895921894988289 -1.3658885565832484 2.9996111697046688 2.6635694418712568 -0.94405364527682756 43.838280326795839 -1.0015386585525012 -6.3362458904797592
leaf_weight=6333 174 48 58 360 127 43 32 270 41 347 31
leaf_count=6333 174 48 58 360 127 43 32 270 41 347 31
internal_value=-0.000124095 -0.00149405 -0.000565311 -0.00144743 3.89118e-06 -0.0012737 0.000111512 8.29791e-05 0.00123077 -0.00235294 -0.00359223
internal_weight=7864 671 466 408 7193 558 6635 6603 168 390 205
internal_count=7864 671 466 408 7193 558 6635 6603 168 390 205
is_linear=0
shrinkage=0.08


Tree=248
num_leaves=13
num_cat=0
split_feature=58 47 16 36 4 52 36 23 23 42 58 13
split_gain=0.220821 0.154567 0.307004 0.239554 0.200203 0.142273 0.32868 0.2044 0.153381 0.249003 0.246816 0.0858121
threshold=41.665971755981452 1.0000000180025095e-35 0.70128789544105541 18.000000000000004 14.929685115814211 43.145277023315437 686.00000000000011 22.999860763549808 21.954166412353519 -0.98611506819725026 32.008888244628913 1051.6275024414065
decision_type=2 2 2 2 2 2 2 2 2 2 2 2
left_child=5 4 -3 -4 11 8 7 -7 9 -1 -10 -2
right_child=1 2 3 -5 -6 6 -8 -9 10 -11 -12 -13
leaf_value=8.917942807138699 -2.4801472624636514 13.570042885541064 -5.9095817872357097 0.22024826624984617 0.098828804943049506 -0.20661698976015269 0.024457037439435766 -2.1076589215335999 0.0066402318032700736 -0.2405661630440715 0.53067411712760892 -0.5307808374288906
leaf_weight=31 255 38 169 93 34 319 55 226 5450 976 178 40
leaf_count=31 255 38 169 93 34 319 55 226 5450 976 178 40
internal_value=-0.000144438 -0.00158095 -0.000265782 -0.00124715 -0.00277576 -1.93487e-05 -0.001198 -0.00179487 8.74011e-05 -0.00082143 0.000250132 -0.00344595
internal_weight=7864 629 300 262 329 7235 600 545 6635 1007 5628 295
internal_count=7864 629 300 262 329 7235 600 545 6635 1007 5628 295
is_linear=0
shrinkage=0.08


Tree=249
num_leaves=15
num_cat=0
split_feature=0 42 33 40 40 25 15 52 12 40 2 42 23 12
split_gain=0.212632 0.548133 0.643953 1.678 0.389259 0.445683 0.291436 0.248819 0.22813 0.271963 0.210087 0.174597 0.291722 0.212309
threshold=326.37500000000006 0.81241145730018627 60.128353118896491 0.22631578892469409 0.82631579041481029 455.98236083984381 0.31370370090007788 30.546944618225101 371.14584350585943 0.80526316165924083 2226.0000000000005 0.29012925922870642 22.999860763549808 111.02083587646486
decision_type=2 2 2 2 2 2 2 2 2 2 2 2 2 2
left_child=7 4 6 -4 10 -6 -3 8 9 -1 -2 12 -9 -13
right_child=1 2 3 -5 5 -7 -8 11 -10 -11 -12 13 -14 -15
leaf_value=0.047956129332777861 -0.069747009419362224 -5.7286030901469802 0.97801246688589349 -0.00070418674169497712 2.095089603878781 0.014658189767901775 0.05946215962471902 1.5040481165594635 -0.31091882194737308 -0.29521441920215141 0.056816302193822436 0.032616945022266905 -1.3978198325691429 -3.2601207869713504
leaf_weight=3434 1024 61 47 85 31 364 460 100 633 467 590 77 90 401
leaf_count=3434 1024 61 47 85 31 364 460 100 633 467 590 77 90 401
internal_value=-0.000103752 0.000477656 0.0024893 0.00745865 -0.000177115 0.00207071 0.00121839 -0.000401308 -0.000188755 3.99785e-05 -0.000728174 -0.00184156 0.000209423 -0.00265553
internal_weight=7864 2662 653 132 2009 395 521 5202 4534 3901 1614 668 190 478
internal_count=7864 2662 653 132 2009 395 521 5202 4534 3901 1614 668 190 478
is_linear=0
shrinkage=0.08


Tree=250
num_leaves=13
num_cat=0
split_feature=52 22 53 36 28 49 52 50 58 4 23 23
split_gain=0.216763 0.236404 0.310902 0.213529 0.149531 0.223371 0.344481 0.230395 0.160632 0.240854 0.203829 0.126658
threshold=37.281526565551765 5.5938305854797372 7.5000000000000009 804.50000000000011 173.82440185546878 20.035694122314457 28.21694374084473 46.500000000000007 41.665971755981452 2.147591352462769 21.954166412353519 22.999860763549808
decision_type=2 2 2 2 2 2 2 2 2 2 2 2
left_child=4 2 -2 11 5 6 -1 -7 10 -10 -6 -3
right_child=1 3 -4 -5 8 7 -8 -9 9 -11 -12 -13
leaf_value=0.013161017402641046 30.190013106752534 -0.1942462054327391 -5.9233824010073315 0.016430446301368046 -1.0702998006069175 -0.31082280079924557 0.23272208303962719 -4.6381733221963487e-05 -3.6189801989523098 3.7482291269574564 0.077064485500098909 -0.83969622765745133
leaf_weight=2992 30 371 37 41 603 287 104 791 319 41 1960 288
leaf_count=2992 30 371 37 41 603 287 104 791 319 41 1960 288
internal_value=-0.000113923 -0.00139063 0.00311765 -0.00182596 2.42312e-05 0.000331496 0.000676783 -0.000659871 -0.000414502 -0.00199446 -0.000191889 -0.00217576
internal_weight=7864 767 67 700 7097 4174 3096 1078 2923 360 2563 659
internal_count=7864 767 67 700 7097 4174 3096 1078 2923 360 2563 659
is_linear=0
shrinkage=0.08


Tree=251
num_leaves=13
num_cat=0
split_feature=52 36 43 43 33 21 9 15 51 23 42 10
split_gain=0.174197 0.314713 0.145523 0.425929 0.628979 0.326637 0.285834 0.334683 0.193781 0.132187 0.169172 0.116062
threshold=44.845972061157234 686.00000000000011 0.84874749183654796 0.77259656786918651 58.217985153198249 4.3380701541900644 0.025289351120591167 0.92942994832992565 1.0000000180025095e-35 22.999860763549808 0.032701563090086053 1.3249084353446963
decision_type=2 2 2 2 2 2 2 2 2 2 2 2
left_child=2 9 3 5 -5 -1 7 -4 -8 10 -2 -11
right_child=1 -3 6 4 -6 -7 8 -9 -10 11 -12 -13
leaf_value=-0.05471002164670636 -0.79712320566462636 0.016277967303475901 6.8407209570876741 2.8313333889310703 -0.10916856659985992 0.043896800299048015 0.39413602235618378 -0.020940942577911934 -0.11418854337472643 -2.4847640269045765 0.058930063700407168 -0.21525389019898278
leaf_weight=3477 85 58 106 171 119 2151 111 188 902 216 250 30
leaf_count=3477 85 58 106 171 119 2151 111 188 902 216 250 30
internal_value=-0.000103752 -0.00136875 8.3024e-06 0.000177056 0.00316151 2.27384e-05 -0.000755353 0.00143729 -0.00139251 -0.00193127 -0.000892858 -0.00333603
internal_weight=7864 639 7225 5918 290 5628 1307 294 1013 581 335 246
internal_count=7864 639 7225 5918 290 5628 1307 294 1013 581 335 246
is_linear=0
shrinkage=0.08


Tree=252
num_leaves=14
num_cat=0
split_feature=33 43 33 35 42 52 43 2 49 52 0 56 12
split_gain=0.192151 0.523875 0.826762 0.286448 0.290574 0.240836 0.233515 0.282183 0.518684 0.226319 0.294806 0.289743 0.169914
threshold=58.578102111816413 -0.99465191364288319 60.122503280639656 166.61527252197268 0.81241145730018627 0.20138888806104663 -0.84874749183654774 124.50000000000001 14.350138664245607 26.97500038146973 611.95834350585949 1.5000000000000002 317.40625000000006
decision_type=2 2 2 2 2 2 2 2 2 2 2 2 2
left_child=6 2 -2 5 -5 -3 7 8 -1 11 -11 -8 -9
right_child=1 3 -4 4 -6 -7 9 12 -10 10 -12 -13 -14
leaf_value=-0.72098767396240315 0.62889934326370966 0.0046563793886745418 -0.033789370438920156 0.008000765225069149 0.16703324549933393 -0.14245615803532388 0.16738559447938367 -8.1544837930614449 70.412446935175026 -0.97499899513982446 0.082629396750338063 -0.1760162200952346 -0.16669856161925123
leaf_weight=157 36 386 57 1329 484 537 2117 328 34 577 80 1436 306
leaf_count=157 36 386 57 1329 484 537 2117 328 34 577 80 1436 306
internal_value=-0.000144438 0.000383038 0.00625532 0.000181219 0.000765159 -0.000965369 -0.000440827 -0.0016707 0.00102083 -0.000199479 -0.00156231 5.28972e-05 -0.00248189
internal_weight=7864 2829 93 2736 1813 923 5035 825 191 4210 657 3553 634
internal_count=7864 2829 93 2736 1813 923 5035 825 191 4210 657 3553 634
is_linear=0
shrinkage=0.08


Tree=253
num_leaves=15
num_cat=0
split_feature=30 49 49 28 58 52 58 56 52 59 59 0 40 58
split_gain=0.176721 0.245869 0.679093 0.993274 0.316343 0.289806 0.830443 0.260889 0.20632 0.37406 0.421931 0.213451 0.384147 0.178772
threshold=0.77232143282890331 19.612082481384281 12.235555648803713 94.583953857421889 28.775833129882816 57.321111679077156 6.1869444847106942 160.50000000000003 0.30041667819023138 27.500000000000004 64.500000000000014 501.62500000000006 0.13157894462347033 1.923611104488373
decision_type=2 2 2 2 2 2 2 2 2 2 2 2 2 2
left_child=8 2 4 -4 -2 7 -7 -3 9 -1 -11 13 -13 -10
right_child=1 5 3 -5 -6 6 -8 -9 11 10 -12 12 -14 -15
leaf_value=-0.21162246810946028 0.013221497660671339 -0.10214440497189534 -0.079734197799640069 1.0016695276672853 -1.1027635882345725 0.18851837274754238 -2.3864522657417759 0.048427027608903328 -0.62256254791179944 1.0804934906921788 -0.054883919798851578 3.3583910349464516 -0.078477185192048521 -1.3222931285437596
leaf_weight=1955 2226 991 202 169 241 31 37 32 729 127 164 62 248 650
leaf_count=1955 2226 991 202 169 241 31 37 32 729 127 164 62 248 650
internal_value=-0.000205468 0.000174045 0.000566396 0.00375269 8.58986e-05 -0.000846155 0.00417391 -0.00118359 -0.000584351 -8.18879e-05 0.00258904 -0.00125207 0.000643086 -0.00167826
internal_weight=7864 3929 2838 371 2467 1091 68 1023 3935 2246 291 1689 310 1379
internal_count=7864 3929 2838 371 2467 1091 68 1023 3935 2246 291 1689 310 1379
is_linear=0
shrinkage=0.08


Tree=254
num_leaves=12
num_cat=0
split_feature=52 28 40 24 2 14 11 42 34 23 42
split_gain=0.219992 0.265778 0.160747 0.297287 0.543018 0.265046 0.166051 0.236595 0.15891 0.133434 0.156774
threshold=43.145277023315437 45.720186233520515 0.057894736528396613 195.03422546386722 379.00000000000006 9528.5000000000018 4.941805601119996 -0.58216583728790272 46.068027496337898 23.250694274902347 0.032701563090086053
decision_type=2 2 2 2 2 2 2 2 2 2 2
left_child=2 -2 3 4 -1 -5 8 -8 -4 10 -3
right_child=1 9 6 5 -6 -7 7 -9 -10 -11 -12
leaf_value=-1.0118382546093634 0.19384578817091749 -0.57151914934467996 0.24452678252828314 -0.65048261825985265 29.078519916629418 21.270550353490279 0.037648276338774524 -0.3145288421442532 -0.0058406874216130377 -1.1675035202002899 -0.086687760599709021
leaf_weight=90 51 113 704 360 32 44 81 254 5628 186 321
leaf_count=90 51 113 704 360 32 44 81 254 5628 186 321
internal_value=-0.000347871 -0.00173214 -0.000218516 -0.00156357 0.00188618 -0.00260741 -0.000112179 -0.00184524 -2.02125e-05 -0.00219002 -0.00141609
internal_weight=7864 671 7193 526 122 404 6667 335 6332 620 434
internal_count=7864 671 7193 526 122 404 6667 335 6332 620 434
is_linear=0
shrinkage=0.08


Tree=255
num_leaves=15
num_cat=0
split_feature=33 43 42 40 33 35 52 22 13 13 0 47 16 22
split_gain=0.239181 0.272368 0.21299 0.305304 0.656148 0.35962 0.202882 0.231339 0.199038 0.388799 0.197961 0.280488 0.201532 0.177535
threshold=58.578102111816413 -0.84874749183654774 1.0000000180025095e-35 0.41578947007656103 60.122503280639656 166.73541259765628 12.41125011444092 8.2666769027709979 517.31015014648449 603.46374511718761 11.458333015441896 1.0000000180025095e-35 18.247266769409183 5.7598779201507577
decision_type=2 2 2 2 2 2 2 2 2 2 2 2 2 2
left_child=1 8 10 5 -5 -4 7 -3 -1 -10 11 -2 -12 -8
right_child=2 6 3 4 -6 -7 13 -9 9 -11 12 -13 -14 -15
leaf_value=-0.95697223012745636 0.10603324392729555 -0.044189914329531316 -0.18858075718610529 0.43230828571051555 0.0054491274421807788 0.07275150838236509 2.9958760896133221 0.22652806860318536 14.249077973400389 -1.398740662296406 -0.54971491313903653 -0.18523913023490018 0.0026300563981130932 -0.29018792330175258
leaf_weight=498 39 2938 495 112 157 914 131 251 72 255 421 35 656 890
leaf_count=498 39 2938 495 112 157 914 131 251 72 255 421 35 656 890
internal_value=-0.000205468 -0.000536141 0.000383038 0.000957712 0.00342222 0.000485105 -0.00027547 3.88705e-05 -0.00186441 -0.000329269 -0.000454862 0.00352 -0.000730984 -0.00125636
internal_weight=7864 5035 2829 1678 269 1409 4210 3189 825 327 1151 74 1077 1021
internal_count=7864 5035 2829 1678 269 1409 4210 3189 825 327 1151 74 1077 1021
is_linear=0
shrinkage=0.08


Tree=256
num_leaves=15
num_cat=0
split_feature=21 42 55 56 28 49 0 43 53 27 25 52 15 42
split_gain=0.19588 0.315692 0.324375 0.378253 0.298977 0.260777 0.145236 0.352607 0.840536 0.252094 0.166912 0.229485 0.199157 0.133785
threshold=4.9080963134765634 0.84874749183654796 35.057500839233406 1.5000000000000002 173.82440185546878 37.826110839843757 326.37500000000006 0.16280825436115268 120.50000000000001 34.895378112792976 765.49456787109386 29.831250190734867 0.13796875625848773 -0.95642796158790577
decision_type=2 2 2 2 2 2 2 2 2 2 2 2 2 2
left_child=6 4 3 -3 5 -2 10 9 -9 -8 11 -1 -12 -6
right_child=1 2 -4 -5 13 -7 7 8 -10 -11 12 -13 -14 -15
leaf_value=0.006137061990907737 0.02204825104595149 0.2406376214634971 -2.502738139213716 0.89649222869837764 0.69568878090562791 -1.1016239907497902 0.044641894139568178 0.0219965445418163 0.36107685100569664 -0.072455867798607063 1.7939469710527585 -1.726755070747461 -0.69962114473634984 -1.4504483766400953
leaf_weight=1758 1077 266 50 204 34 75 322 885 30 736 147 376 1464 440
leaf_count=1758 1077 266 50 204 34 75 322 885 30 736 147 376 1464 440
internal_value=-0.00021564 0.000435956 0.00214971 0.00280255 -0.000113093 0.000582826 -0.000460221 9.52371e-05 0.00124454 -0.000898962 -0.000752804 -0.000288526 -0.00136725 -0.00180211
internal_weight=7864 2146 520 470 1626 1152 5718 1973 915 1058 3745 2134 1611 474
internal_count=7864 2146 520 470 1626 1152 5718 1973 915 1058 3745 2134 1611 474
is_linear=0
shrinkage=0.08


Tree=257
num_leaves=13
num_cat=0
split_feature=31 52 59 58 43 56 56 27 55 0 40 40
split_gain=0.176243 0.277589 0.313546 0.473864 0.239167 0.207392 0.247226 0.261108 0.21016 0.151767 0.277847 0.135325
threshold=0.40396235883235937 0.30041667819023138 35.500000000000007 25.496666908264164 -0.93540480732917775 125.50000000000001 7.5000000000000009 42.057758331298835 2.0288888216018681 493.50000000000006 0.22631578892469409 0.71052631735801708
decision_type=2 2 2 2 2 2 2 2 2 2 2 2
left_child=5 2 4 -4 -2 6 8 -8 -1 11 -11 -3
right_child=1 9 3 -5 -6 -7 7 -9 -10 10 -12 -13
leaf_value=0.016214627304034855 -0.39557472647887787 -0.79055112257022064 1.3185456096535024 -0.12165388970404559 -0.0060880253287749868 -5.0411144973050623 0.52223567525163883 0.019056786178897212 -0.069756005229742679 0.26028931228301239 -0.066017513311979414 -0.66220496114154848
leaf_weight=1781 309 1531 162 186 2259 73 171 456 316 152 327 141
leaf_count=1781 309 1531 162 186 2259 73 171 456 316 152 327 141
internal_value=-0.00027667 -0.000558012 -4.93667e-05 0.00220057 -0.000355003 0.000233023 0.000346421 0.00173885 -7.05443e-05 -0.00124721 8.33238e-06 -0.0016067
internal_weight=7864 5067 2916 348 2568 2797 2724 627 2097 2151 479 1672
internal_count=7864 5067 2916 348 2568 2797 2724 627 2097 2151 479 1672
is_linear=0
shrinkage=0.08


Tree=258
num_leaves=15
num_cat=0
split_feature=33 43 43 33 1 34 30 44 55 43 50 27 13 40
split_gain=0.224694 0.272368 0.243875 0.337272 0.42001 0.280239 0.244437 0.238672 0.186855 0.27057 0.192535 0.168737 0.344277 0.0704572
threshold=58.578102111816413 -0.84874749183654774 -0.84874749183654774 60.072580337524421 127.88905334472658 58.252956390380866 0.9241071641445161 0.87837970256805431 0.68305554986000072 -0.35206145048141474 25.500000000000004 42.057758331298835 517.31015014648449 0.46842105686664587
decision_type=2 2 2 2 2 2 2 2 2 2 2 2 2 2
left_child=1 11 3 4 -2 6 -4 -5 9 -3 -10 12 -1 -13
right_child=2 8 5 7 -6 -7 -8 -9 10 -11 -12 13 -14 -15
leaf_value=-2.3146858100580801 0.17600341781466636 4.0058191035259503 -0.020935456948963736 -0.040880829149332845 -0.0025890485677239638 0.12651059383927091 0.025009575769039047 0.12800171011743561 -0.38748895170722542 -0.046480093339664748 0.020023094245417455 -0.47427058468272421 11.046862827745869 -1.205152171774186
leaf_weight=167 107 625 2258 261 77 36 39 51 1606 1674 305 185 111 362
leaf_count=167 107 625 2258 261 77 36 39 51 1606 1674 305 185 111 362
internal_value=-0.00021564 -0.000536141 0.000354769 0.00196378 0.00467027 1.19956e-05 -9.92177e-05 0.000357827 -0.00027547 0.000210434 -0.000859834 -0.00186441 -0.000258065 -0.00267883
internal_weight=7864 5035 2829 496 184 2333 2297 312 4210 2299 1911 825 278 547
internal_count=7864 5035 2829 496 184 2333 2297 312 4210 2299 1911 825 278 547
is_linear=0
shrinkage=0.08


Tree=259
num_leaves=13
num_cat=0
split_feature=31 49 50 6 34 35 40 40 49 58 54 40
split_gain=0.216542 0.192761 0.290384 0.243135 0.199571 0.166695 0.290649 0.250224 0.157377 0.17052 0.155448 0.151277
threshold=0.40396235883235937 0.29166665673255926 3.5000000000000004 0.37500000000000006 52.473854064941413 166.73541259765628 0.078947369009256377 0.13157894462347033 99.903614044189467 28.775833129882816 1.0000000180025095e-35 0.76315790414810192
decision_type=2 2 2 2 2 2 2 2 2 2 2 2
left_child=5 2 3 -2 10 6 -1 -8 9 -7 -3 -6
right_child=1 4 -4 -5 11 8 7 -9 -10 -11 -12 -13
leaf_value=-0.7441013595934568 0.0015469014077363402 0.099118219961174245 45.918321934783378 -3.5152863877442404 0.010654983308181619 0.044135369136748259 0.11134621499794442 -0.024842394761926127 -2.2475156012149955 -0.62440373064411125 -0.17825096160688994 0.075787697662672834
leaf_weight=128 2572 160 36 239 226 1340 75 1033 42 179 1803 31
leaf_count=128 2572 160 36 239 226 1340 75 1033 42 179 1803 31
internal_value=-0.000246155 -0.000558012 -0.000122192 -0.000214795 -0.00111662 0.000318798 -0.000375102 4.32813e-05 0.000868117 0.00100263 -0.00139104 0.000976743
internal_weight=7864 5067 2847 2811 2220 2797 1236 1108 1561 1519 1963 257
internal_count=7864 5067 2847 2811 2220 2797 1236 1108 1561 1519 1963 257
is_linear=0
shrinkage=0.08


Tree=260
num_leaves=12
num_cat=0
split_feature=33 43 3 16 58 42 13 14 22 55 53
split_gain=0.21066 0.266431 0.363734 0.251629 0.239243 0.183764 0.297114 0.279146 0.179892 0.233889 0.179134
threshold=58.578102111816413 -0.77259656786918629 30.559709548950199 0.37635099887847906 99.653888702392592 -0.68322628736495961 1010.3036499023439 6992.0000000000009 8.2666769027709979 17.125555992126468 131.50000000000003
decision_type=2 2 2 2 2 2 2 2 2 2 2
left_child=1 2 3 -1 5 7 -7 -2 10 -10 -3
right_child=4 8 -4 -5 -6 6 -8 -9 9 -11 -12
leaf_value=9.1595724710942701 -0.10127427386034903 -0.089955550156736466 0.084406921742021454 -1.0247331070621801 2.9619519064402517 0.028597584566232851 -0.064085792473195069 0.33157894204095939 0.0074013743263734357 0.4090281094675014 0.89745131832794534
leaf_weight=94 455 3528 41 900 37 1680 565 92 254 113 105
leaf_count=94 455 3528 41 900 37 1680 565 92 254 113 105
internal_value=-0.000225812 -0.000536141 -0.00167954 -0.00198593 0.000326501 0.000240601 0.000560996 -0.00107299 -0.000239941 0.00144565 -0.000410568
internal_weight=7864 5035 1035 994 2829 2792 2245 547 4000 367 3633
internal_count=7864 5035 1035 994 2829 2792 2245 547 4000 367 3633
is_linear=0
shrinkage=0.08


Tree=261
num_leaves=12
num_cat=0
split_feature=33 43 2 33 30 42 26 55 42 43 1
split_gain=0.241005 0.300125 0.513251 0.506995 0.194779 0.236288 0.145931 0.123478 0.189793 0.156007 0.0850905
threshold=58.578102111816413 -0.93540480732917775 1020.0000000000001 59.79893875122071 0.9241071641445161 -0.68322628736495961 912.00000000000011 19.763472557067875 0.99892947077751171 -0.22695468366146085 720.20025634765636
decision_type=2 2 2 2 2 2 2 2 2 2 2
left_child=6 2 3 -2 5 -3 -1 8 -8 -9 -4
right_child=1 4 10 -5 -6 -7 7 9 -10 -11 -12
leaf_value=5.6065369544565193 1.375384071193505 -0.080779435837482899 -0.24460656729012198 0.045980725200722862 0.02540925515407455 0.007255511574907344 -0.10832933147579218 -0.8380852858482305 10.133193163714182 -0.021453707423896975 -0.021086289982939571
leaf_weight=38 65 522 64 165 42 1940 3873 469 59 596 31
leaf_count=38 65 522 64 165 42 1940 3873 469 59 596 31
internal_value=-0.000235983 0.000354769 0.00263804 0.00467532 5.74841e-05 -3.57297e-05 -0.000567912 -0.000605843 -0.000398679 -0.00136961 -0.00229167
internal_weight=7864 2829 325 230 2504 2462 5035 4997 3932 1065 95
internal_count=7864 2829 325 230 2504 2462 5035 4997 3932 1065 95
is_linear=0
shrinkage=0.08


Tree=262
num_leaves=13
num_cat=0
split_feature=31 56 25 56 40 14 53 43 52 53 11 35
split_gain=0.254086 0.179293 0.506571 0.295725 0.174713 0.344193 0.171398 0.269452 0.318517 0.191563 0.158064 0.155254
threshold=0.40396235883235937 7.5000000000000009 1102.4714355468752 73.500000000000014 0.86842104792594921 803.50000000000011 125.50000000000001 0.52778512239456188 29.831250190734867 105.50000000000001 4.941805601119996 166.41486358642581
decision_type=2 2 2 2 2 2 2 2 2 2 2 2
left_child=1 4 3 -3 11 -6 9 8 -8 10 -2 -1
right_child=6 2 -4 -5 5 -7 7 -9 -10 -11 -12 -13
leaf_value=-0.17572282605546136 -0.068545970872682105 0.097534912718678174 0.26564345848982612 -0.5484401800809523 0.088829580199625446 0.0028545001040663404 0.36747062163734046 -0.44138468584901658 0.13018331762453286 -0.27893161235986941 -3.3693999229048717 0.0069951768251466919
leaf_weight=597 4616 395 47 258 45 193 40 58 79 109 165 1262
leaf_count=597 4616 395 47 258 45 193 40 58 79 109 165 1262
internal_value=-0.000235983 0.000375982 0.00148359 0.000899082 5.71878e-06 0.00204184 -0.000573797 0.00186517 0.00403333 -0.000662442 -0.000586366 -0.000255915
internal_weight=7864 2797 700 653 2097 238 5067 177 119 4890 4781 1859
internal_count=7864 2797 700 653 2097 238 5067 177 119 4890 4781 1859
is_linear=0
shrinkage=0.08


Tree=263
num_leaves=15
num_cat=0
split_feature=3 40 40 40 49 33 59 49 3 52 15 52 40 52
split_gain=0.193101 0.23571 0.204275 0.521614 0.245683 0.194232 0.183781 0.180589 0.162287 0.15932 0.212046 0.178926 0.0720186 0.132333
threshold=0.80482643842697155 0.089473687112331404 0.22631578892469409 0.17368421703577044 19.612082481384281 60.340641021728523 20.500000000000004 5.4552776813507089 0.64752313494682323 29.831250190734867 2.5160444974899296 28.757638931274418 0.24736841768026355 2.2966667413711552
decision_type=2 2 2 2 2 2 2 2 2 2 2 2 2 2
left_child=8 5 3 -3 -4 6 -2 -7 9 11 -11 -1 13 -10
right_child=1 2 4 -5 -6 7 -8 -9 12 10 -12 -13 -14 -15
leaf_value=-0.039531855995374378 -0.42219482705895006 -0.019078899767211485 0.033028030134465799 1.0706872695750753 -0.043987373289998265 12.778495741940148 0.86257430927012591 -1.0079419985810807 -3.9909773152538963 -2.3375027394661951 0.074487443882048879 0.43870030942582988 -0.33615015218959132 1.5527174016856584
leaf_weight=4235 188 264 1355 165 651 30 40 37 33 446 190 33 164 33
leaf_count=4235 188 264 1355 165 651 30 40 37 33 446 190 33 164 33
internal_value=-0.000235983 0.000307579 0.000566502 0.00214884 0.000227204 -0.00182433 -0.0029345 0.00194118 -0.000525025 -0.00042732 -0.00160754 -0.000251114 -0.0025974 -0.00035821
internal_weight=7864 2730 2435 429 2006 295 228 67 5134 4904 636 4268 230 66
internal_count=7864 2730 2435 429 2006 295 228 67 5134 4904 636 4268 230 66
is_linear=0
shrinkage=0.08


Tree=264
num_leaves=15
num_cat=0
split_feature=31 49 49 55 43 52 59 51 43 36 40 59 40 59
split_gain=0.243669 0.243065 0.289004 0.513757 0.332549 0.274827 0.243688 0.20085 0.302636 0.411697 0.249081 0.331759 0.187753 0.176073
threshold=0.40396235883235937 20.035694122314457 0.72597223520278942 31.892777442932132 -0.99465191364288319 156.08569335937503 5.5000000000000009 1.0000000180025095e-35 0.72947329282760631 18.000000000000004 0.089473687112331404 84.500000000000014 0.10000000149011613 44.500000000000007
decision_type=2 2 2 2 2 2 2 2 2 2 2 2 2 2
left_child=1 2 4 -4 -1 6 -3 8 13 -10 11 -9 -12 -2
right_child=7 5 3 -5 -6 -7 -8 10 9 -11 12 -13 -14 -15
leaf_value=0.17195150044406746 -0.85573360100756735 -0.10893258824128277 0.036438120940400588 0.20307468553457966 -0.029632891137500159 0.21151353884671639 0.041574362913980298 -0.89262504978877755 0.069388732777067044 11.763038184532935 3.565109487726374 1.0708870805193562 -0.071049656591638574 0.36123453159161528
leaf_weight=34 443 453 826 71 1083 30 300 462 121 63 62 36 3831 49
leaf_count=34 443 453 826 71 1083 30 300 462 121 63 62 36 3831 49
internal_value=-0.0003377 0.000261614 0.00072655 0.0017951 -0.00013238 -0.000933674 -0.00123608 -0.000668509 0.000614475 0.00337297 -0.000866121 -0.0025491 -0.000650232 -0.000421908
internal_weight=7864 2797 2014 897 1117 783 753 5067 676 184 4391 498 3893 492
internal_count=7864 2797 2014 897 1117 783 753 5067 676 184 4391 498 3893 492
is_linear=0
shrinkage=0.08


Tree=265
num_leaves=12
num_cat=0
split_feature=31 3 52 49 49 23 11 52 53 0 40
split_gain=0.276212 0.158138 0.531147 0.165615 0.276305 0.199484 0.144908 0.15086 0.220192 0.160757 0.107918
threshold=0.40396235883235937 30.559709548950199 17.118888854980472 20.035694122314457 0.72597223520278942 22.753472328186039 4.941805601119996 29.831250190734867 127.50000000000001 1096.2500000000002 0.66842105984687816
decision_type=2 2 2 2 2 2 2 2 2 2 2
left_child=1 3 -3 4 -1 -5 7 8 -2 -9 -8
right_child=6 2 -4 5 -6 -7 10 9 -10 -11 -12
leaf_value=-0.013505066955460091 -0.054942596042147851 0.053880524683934408 -0.022238087007366861 -0.40810363452824688 0.050799671237804329 0.0043254092361930622 -3.5418544112299117 -0.64937663222125741 0.28909571454951299 2.2542422753718636 1.477378247348317
leaf_weight=1115 4201 37 59 304 850 432 136 614 56 30 30
leaf_count=1115 4201 37 59 304 850 432 136 614 56 30 30
internal_value=-0.000347871 0.000290206 0.00346392 0.000176165 0.000559511 -0.000846677 -0.00070008 -0.000620972 -0.000448099 -0.00176124 -0.00301797
internal_weight=7864 2797 96 2701 1965 736 5067 4901 4257 644 166
internal_count=7864 2797 96 2701 1965 736 5067 4901 4257 644 166
is_linear=0
shrinkage=0.08


Tree=266
num_leaves=10
num_cat=0
split_feature=31 10 10 42 52 49 23 49 52
split_gain=0.227409 0.159413 0.181263 0.214201 0.149358 0.171554 0.188339 0.176266 0.122938
threshold=0.40396235883235937 1.8595998883247378 1.3579986095428469 -0.58216583728790272 207.40458679199222 20.035694122314457 22.753472328186039 0.72597223520278942 29.831250190734867
decision_type=2 2 2 2 2 2 2 2 2
left_child=4 2 8 -4 5 7 -7 -1 -2
right_child=1 -3 3 -5 -6 6 -8 -9 -10
leaf_value=-0.0093403699351364885 -0.041734145413752567 0.19337069877117968 6.1174351881386837 -3.1854120266421191 0.10068531395323026 -0.43689264605567379 0.00052946427143919122 0.04006503251673544 -0.50467542647887531
leaf_weight=1107 4172 37 35 187 45 300 459 886 636
leaf_count=1107 4172 37 35 187 45 300 459 886 636
internal_value=-0.000317356 -0.000636939 -0.000675811 -0.00290583 0.000261614 0.000185978 -0.000836843 0.000575726 -0.000572261
internal_weight=7864 5067 5030 222 2797 2752 759 1993 4808
internal_count=7864 5067 5030 222 2797 2752 759 1993 4808
is_linear=0
shrinkage=0.08


Tree=267
num_leaves=14
num_cat=0
split_feature=58 58 35 43 31 49 52 13 27 50 47 49 12
split_gain=0.196719 0.183336 0.178241 0.213661 0.174566 0.189337 0.240206 0.178793 0.163598 0.131853 0.396113 0.341252 0.0278532
threshold=53.111665725708015 115.53194427490236 166.99986267089847 0.47114434838294988 0.40396235883235937 45.721111297607429 207.40458679199222 125.81153106689455 77.577636718750014 36.500000000000007 1.0000000180025095e-35 0.23236110806465152 120.86458206176759
decision_type=2 2 2 2 2 2 2 2 2 2 2 2 2
left_child=4 12 8 -4 5 6 -1 -7 -3 11 -11 -6 -2
right_child=1 2 3 -5 9 7 -8 -9 -10 10 -12 -13 -14
leaf_value=0.010962889045819449 -2.4877660654922931 -2.2612129200664373 5.7995276832595195 -1.3764428246532412 -0.013218524559008104 0.11784698900962205 0.1363572614092094 -0.41239775978294729 0.083173485917677842 -0.048045418763410321 0.091085075751184658 -0.4622209027195221 -0.85412249462134593
leaf_weight=2477 30 139 93 31 2621 34 36 143 36 327 297 1420 180
leaf_count=2477 30 139 93 31 2621 34 36 143 36 327 297 1420 180
internal_value=-0.00027667 -0.00179608 -0.000520001 0.001792 -0.00017129 0.000341879 0.000520285 -0.00217978 -0.00215909 -0.000467211 0.000614399 -0.00063434 -0.0036019
internal_weight=7864 509 299 124 7355 2690 2513 177 175 4665 624 4041 210
internal_count=7864 509 299 124 7355 2690 2513 177 175 4665 624 4041 210
is_linear=0
shrinkage=0.08


Tree=268
num_leaves=11
num_cat=0
split_feature=58 10 42 42 31 52 21 11 42 55
split_gain=0.210111 0.156051 0.17794 0.142507 0.139535 0.174356 0.164897 0.113446 0.239459 0.114811
threshold=53.111665725708015 1.3249084353446963 -0.52778512239456166 0.84874749183654796 0.40396235883235937 207.40458679199222 3.7262066602706914 4.941805601119996 -0.2901292592287063 12.810555934906008
decision_type=2 2 2 2 2 2 2 2 2 2
left_child=4 2 -2 -4 5 6 -1 9 -9 -6
right_child=1 -3 3 -5 7 -7 -8 8 -10 -11
leaf_value=0.036505251935792814 19.729439316704344 1.7798983223837781 -1.9881339540618868 -0.16683080886932605 -0.012472362127592044 0.082772905973491503 -0.00058491698346227656 1.5365708396376097 -3.0205289391863239 -0.090347793834239673
leaf_weight=453 31 31 274 173 3406 42 2195 30 129 1100
leaf_count=453 31 31 274 173 3406 42 2195 30 129 1100
internal_value=-0.000225812 -0.00179608 -0.00215449 -0.0025625 -0.000116912 0.000341879 0.00025972 -0.000381484 -0.002475 -0.000307079
internal_weight=7864 509 478 447 7355 2690 2648 4665 159 4506
internal_count=7864 509 478 447 7355 2690 2648 4665 159 4506
is_linear=0
shrinkage=0.08


Tree=269
num_leaves=15
num_cat=0
split_feature=33 42 27 49 43 1 34 21 1 49 22 2 55 1
split_gain=0.175093 0.170342 0.373927 0.290757 0.147376 0.592637 0.752881 0.157909 0.139315 0.132674 0.617723 0.142265 0.101009 0.0182227
threshold=54.239265441894538 0.52778512239456188 23.947263717651371 36.581806182861335 -0.99465191364288319 108.46179580688478 49.850135803222663 1.8392708301544192 76.348899841308608 51.430694580078132 6.6592116355896005 143.00000000000003 52.895000457763679 197.74220275878909
decision_type=2 2 2 2 2 2 2 2 2 2 2 2 2 2
left_child=1 9 -3 -4 5 6 -2 12 -9 11 -11 -1 -6 -7
right_child=4 2 3 -5 7 13 -8 8 -10 10 -12 -13 -14 -15
leaf_value=-0.3472310636491705 -0.012404993818569396 4.3377711290853069 0.15961530908365623 -9.7652513359914099 -4.1638172176769306 -0.11528186054730143 0.31735885102600103 -0.05069113141197238 0.015282269960983285 41.62463994825508 -2.8881517859782115 -2.69319571990115 -0.068228125947476737 -0.21037160599777488
leaf_weight=343 45 42 965 194 100 30 43 1786 3351 34 51 807 30 43
leaf_count=343 45 42 965 194 100 30 43 1786 3351 34 51 807 30 43
internal_value=-0.000185125 -0.000748462 -6.98845e-05 -0.00034138 6.77832e-05 0.00244444 0.00683146 -5.31606e-06 6.46156e-05 -0.00140777 0.00162791 -0.00163336 -0.00274809 -0.00286487
internal_weight=7864 2436 1201 1159 5428 161 88 5267 5137 1235 85 1150 130 73
internal_count=7864 2436 1201 1159 5428 161 88 5267 5137 1235 85 1150 130 73
is_linear=0
shrinkage=0.08


Tree=270
num_leaves=13
num_cat=0
split_feature=31 52 50 47 1 49 25 11 1 56 40 49
split_gain=0.185118 0.143738 0.143542 0.46844 0.472167 0.229281 0.222247 0.202102 0.171981 0.139129 0.21718 0.168618
threshold=0.40396235883235937 207.40458679199222 27.500000000000004 1.0000000180025095e-35 195.1905212402344 0.14763888716697696 803.09976196289074 1.0120832920074465 63.642570495605476 7.5000000000000009 0.39473684132099157 24.240694046020511
decision_type=2 2 2 2 2 2 2 2 2 2 2 2
left_child=1 9 5 7 -5 6 -2 -4 -7 11 -11 -1
right_child=2 -3 3 4 -6 8 -8 -9 -10 10 -12 -13
leaf_value=0.0088358206955401596 0.086404187854678793 0.074933071039798529 0.02921195709399178 0.051111491985481303 15.43501388195941 -0.27388984558983831 -0.19943135005675927 -0.081689779852514202 -0.55355701914813349 0.43449884907932013 -0.010515790431897782 -0.18026420947807922
leaf_weight=1700 1359 45 121 310 36 645 1419 248 929 348 336 368
leaf_count=1700 1359 45 121 310 36 645 1419 248 929 348 336 368
internal_value=-0.000174953 0.00034739 -0.0004633 0.000586591 0.00269741 -0.000635884 -0.000198634 -0.0013946 -0.00140699 0.000273156 0.00126131 -5.41334e-05
internal_weight=7864 2797 5067 715 346 4352 2778 369 1574 2752 684 2068
internal_count=7864 2797 5067 715 346 4352 2778 369 1574 2752 684 2068
is_linear=0
shrinkage=0.08


Tree=271
num_leaves=12
num_cat=0
split_feature=30 56 42 31 43 30 40 52 42 55 9
split_gain=0.206364 0.218678 0.477207 0.45561 0.188966 0.785338 0.151523 0.120902 0.103359 0.138691 0.0213749
threshold=0.77232143282890331 134.50000000000003 0.77259656786918651 0.41440714895725256 -0.99465191364288319 0.80505952239036571 0.15263157337903979 438.01889038085943 -0.98611506819725026 0.68305554986000072 0.28520832955837255
decision_type=2 2 2 2 2 2 2 2 2 2 2
left_child=7 4 3 -3 5 -2 -6 8 10 -10 -1
right_child=1 2 -4 -5 6 -7 -8 -9 9 -11 -12
leaf_value=-0.91649580367082084 0.2459234380856524 0.026906363446668476 -0.063800683903208283 3.0660892603849437 -0.21408296837040386 -0.70625390119348286 0.012806213947674824 -7.1279615944211017 0.00073694087167577643 -0.18898106898645331 -0.26301631560463212
leaf_weight=63 56 87 45 37 719 65 2920 65 2047 1730 30
leaf_count=63 56 87 45 37 719 65 2920 65 2047 1730 30
internal_value=-0.000134267 0.000275826 0.00308235 0.005632 0.000148896 0.0032459 4.5054e-05 -0.0005437 -0.000485664 -0.000420329 -0.00310638
internal_weight=7864 3929 169 124 3760 121 3639 3935 3870 3777 93
internal_count=7864 3929 169 124 3760 121 3639 3935 3870 3777 93
is_linear=0
shrinkage=0.08


Tree=272
num_leaves=11
num_cat=0
split_feature=33 53 43 33 50 33 42 1 55 58
split_gain=0.193061 0.295068 0.204087 0.590044 0.78356 0.168327 0.135163 0.129514 0.192442 0.183419
threshold=54.239265441894538 131.50000000000003 -0.99465191364288319 57.707359313964851 1.5000000000000002 53.922643661499031 0.52778512239456188 76.348899841308608 292.19180297851568 99.653888702392592
decision_type=2 2 2 2 2 2 2 2 2 2
left_child=1 5 3 -2 -5 6 -1 9 -9 -4
right_child=2 -3 7 4 -6 -7 -8 8 -10 -11
leaf_value=-1.2799101858045512 -1.3945806421218974 1.0165090967324333 -0.061788256364392238 0.27242745961697912 0.010627323355000424 -5.6627223587649738 -0.10239183393631299 0.011202961533210192 5.1761192830024436 4.6274561614324208
leaf_weight=1178 53 39 1830 49 59 104 1115 3351 52 34
leaf_count=1178 53 39 1830 49 59 104 1115 3351 52 34
internal_value=-0.000124095 -0.000715635 0.000141462 0.00293827 0.00631193 -0.000829025 -0.000685267 5.54281e-05 0.000349 -0.00048043
internal_weight=7864 2436 5428 161 108 2397 2293 5267 3403 1864
internal_count=7864 2436 5428 161 108 2397 2293 5267 3403 1864
is_linear=0
shrinkage=0.08


Tree=273
num_leaves=13
num_cat=0
split_feature=58 58 59 13 36 6 56 56 13 44 25 1
split_gain=0.248149 0.269846 0.786092 0.203319 0.315453 0.353133 0.137037 0.290432 0.118221 0.12835 0.105376 0.0214977
threshold=41.665971755981452 38.433889389038093 63.500000000000007 193.34938049316409 6.5000000000000009 0.29166667163372045 196.50000000000003 156.50000000000003 862.85317993164074 0.87837970256805431 372.13220214843756 329.75646972656256
decision_type=2 2 2 2 2 2 2 2 2 2 2 2
left_child=1 6 -3 4 -2 -6 7 -1 10 -10 -5 -8
right_child=3 2 -4 8 5 -7 11 -9 9 -11 -12 -13
leaf_value=-0.010875204495376467 -5.7383365307123055 0.23877201353804683 -0.9737431653041192 2.164415846719685 7.0635397927150176 -0.16820829186821684 -0.16526226511888387 0.15576232158089229 -1.7105521462174269 0.2313621720846204 -1.8265766458183774 -1.2707475390303411
leaf_weight=6998 54 30 30 31 53 40 64 83 92 46 313 30
leaf_count=6998 54 30 30 31 53 40 64 83 92 46 313 30
internal_value=-0.000185125 -5.25162e-05 0.0052459 -0.00170794 0.000891891 0.00370213 -9.75483e-05 -5.7047e-05 -0.00250104 -0.000517987 -0.00329275 -0.00311579
internal_weight=7864 7235 60 629 147 93 7175 7081 482 138 344 94
internal_count=7864 7235 60 629 147 93 7175 7081 482 138 344 94
is_linear=0
shrinkage=0.08


Tree=274
num_leaves=11
num_cat=0
split_feature=58 58 59 30 16 47 56 56 23 1
split_gain=0.248149 0.269846 0.786092 0.149191 0.160371 0.302132 0.137037 0.290432 0.133189 0.0214977
threshold=41.665971755981452 38.433889389038093 63.500000000000007 0.81398808956146251 0.70128789544105541 1.0000000180025095e-35 196.50000000000003 156.50000000000003 21.963472366333011 329.75646972656256
decision_type=2 2 2 2 2 2 2 2 2 2
left_child=1 6 -3 4 5 -2 7 -1 -6 -8
right_child=3 2 -4 -5 8 -7 9 -9 -10 -11
leaf_value=-0.010005188135746343 -7.2185545987242659 0.21967025245500371 -0.89584371207978963 1.3737306393520867 -0.12793874869243138 12.097069932432753 -0.15204128390937319 0.14330133585442104 -1.0395309456587349 -1.1690877359079139
leaf_weight=6998 34 30 30 31 94 38 64 83 432 30
leaf_count=6998 34 30 30 31 94 38 64 83 432 30
internal_value=-0.000185125 -5.25162e-05 0.0052459 -0.00170794 -0.00198998 0.00153425 -9.75483e-05 -5.7047e-05 -0.00247438 -0.00311579
internal_weight=7864 7235 60 629 598 72 7175 7081 526 94
internal_count=7864 7235 60 629 598 72 7175 7081 526 94
is_linear=0
shrinkage=0.08


Tree=275
num_leaves=11
num_cat=0
split_feature=58 58 59 31 40 30 55 44 50 23
split_gain=0.294863 0.417161 0.574035 0.163202 0.20705 0.156324 0.151263 0.147456 0.218273 0.113547
threshold=41.665971755981452 38.433889389038093 63.500000000000007 0.40396235883235937 0.86842104792594921 0.81398808956146251 12.810555934906008 0.87837970256805431 4.5000000000000009 21.954166412353519
decision_type=2 2 2 2 2 2 2 2 2 2
left_child=1 3 -3 4 -1 7 -5 9 -9 -2
right_child=5 2 -4 6 -6 -7 -8 8 -10 -11
leaf_value=0.0089756808770747251 -0.17856816875403383 0.20209663225860458 -0.82417621511340655 -0.01405459158997753 0.042232095269300371 1.2638321882039205 -0.17293098063785245 -2.3393002746981852 64.693572119214039 -1.0976700653382114
leaf_weight=2342 78 30 30 3462 285 31 1086 73 31 416
leaf_count=2342 78 30 30 3462 285 31 1086 73 31 416
internal_value=-0.000174953 -3.04045e-05 0.00655738 -8.64001e-05 0.000415524 -0.00183492 -0.000376347 -0.00212354 0.000609523 -0.00269899
internal_weight=7864 7235 60 7175 2627 629 4548 598 104 494
internal_count=7864 7235 60 7175 2627 629 4548 598 104 494
is_linear=0
shrinkage=0.08


Tree=276
num_leaves=11
num_cat=0
split_feature=58 58 59 53 6 15 43 23 52 16
split_gain=0.254824 0.417161 0.574035 0.283523 0.131734 0.257178 0.189722 0.116608 0.310385 0.164111
threshold=41.665971755981452 38.433889389038093 63.500000000000007 105.50000000000001 0.12500000372529033 0.80480614304542553 0.88144907355308544 21.954166412353519 0.010416666511446239 0.70128789544105541
decision_type=2 2 2 2 2 2 2 2 2 2
left_child=1 4 -3 7 5 -1 -6 8 -2 -9
right_child=3 2 -4 -5 6 -7 -8 9 -10 -11
leaf_value=-1.0717189102578757 11.576467887257335 0.18592890167791754 -0.75824211790433416 0.15293827519911296 0.030182539476763599 0.00093716227702960288 -0.12002775373308139 1.72133360479979 -4.9460778486047507 -1.2567584625364492
leaf_weight=934 42 30 30 49 3758 1783 700 62 48 428
leaf_count=934 42 30 30 49 3758 1783 700 62 48 428
internal_value=-0.000164782 -3.04045e-05 0.00655738 -0.00170794 -8.64001e-05 -0.000525387 0.000181206 -0.0022031 0.000439559 -0.00268839
internal_weight=7864 7235 60 629 7175 2717 4458 580 90 490
internal_count=7864 7235 60 629 7175 2717 4458 580 90 490
is_linear=0
shrinkage=0.08


Tree=277
num_leaves=11
num_cat=0
split_feature=33 53 6 50 50 43 1 33 58 59
split_gain=0.222148 0.297909 0.254903 0.34038 0.440325 0.171078 0.697162 0.164752 0.180939 0.136749
threshold=54.239265441894538 131.50000000000003 0.62500000000000011 98.500000000000014 11.500000000000002 -0.99465191364288319 63.642570495605476 53.922643661499031 53.111665725708015 217.50000000000003
decision_type=2 2 2 2 2 2 2 2 2 2
left_child=1 7 5 4 -4 6 -2 8 -1 -7
right_child=2 -3 3 -5 -6 9 -8 -9 -10 -11
leaf_value=-0.29258151583204389 0.25147094044388135 0.93894523814637032 -0.16647383585576783 -0.45387059314691031 0.16539563751221389 0.0022360977065247908 -0.010608727729191563 -5.0607537317258293 -1.977016901098972 -0.80791704697831468
leaf_weight=2039 49 39 35 30 72 5081 106 104 254 55
leaf_count=2039 49 39 35 30 72 5081 106 104 254 55
internal_value=-0.000113923 -0.000748462 0.000170933 0.00356522 0.00566667 8.23876e-05 0.00269231 -0.000862386 -0.00072014 3.1137e-06
internal_weight=7864 2436 5428 137 107 5291 155 2397 2293 5136
internal_count=7864 2436 5428 137 107 5291 155 2397 2293 5136
is_linear=0
shrinkage=0.08


Tree=278
num_leaves=14
num_cat=0
split_feature=58 24 56 58 36 42 58 55 7 56 2 49 25
split_gain=0.192159 0.181884 0.258743 0.333007 0.206068 0.210539 0.148586 0.255685 0.127922 0.240216 0.191748 0.0979445 0.0278953
threshold=41.665971755981452 196.09375000000003 5.5000000000000009 137.3555603027344 18.000000000000004 0.63405361771583568 38.433889389038093 3.6268055438995366 0.32453168928623205 42.500000000000007 559.50000000000011 0.0054166666232049474 1071.518981933594
decision_type=2 2 2 2 2 2 2 2 2 2 2 2 2
left_child=6 2 11 -4 12 -6 8 -8 9 -1 -10 -2 -3
right_child=1 4 3 -5 5 -7 7 -9 10 -11 -12 -13 -14
leaf_value=-0.083432387723450852 -0.33801267275122698 -4.9061945311572783 -1.8021603383728235 42.840963225366352 -0.86495117645285535 0.10197524408598692 -0.007944404467817065 0.18148914396818966 -0.057915617244002453 0.02658053389366723 0.033402035986109177 -6.7939302169930409 -0.76696448782909332
leaf_weight=2485 48 239 30 33 90 103 30 30 2516 312 1862 55 31
leaf_count=2485 48 239 30 33 90 103 30 30 2516 312 1862 55 31
internal_value=-0.000113923 -0.00145397 0.00081437 0.0048125 -0.00226724 -0.000268042 2.763e-06 0.00393443 -3.06587e-05 -0.000453182 0.000239323 -0.00165385 -0.00369004
internal_weight=7864 629 166 63 463 193 7235 60 7175 2797 4378 103 270
internal_count=7864 629 166 63 463 193 7235 60 7175 2797 4378 103 270
is_linear=0
shrinkage=0.08


Tree=279
num_leaves=12
num_cat=0
split_feature=58 13 36 58 30 11 6 42 12 12 36
split_gain=0.261587 0.203319 0.315453 0.445168 0.156684 0.226159 0.216595 0.115844 0.0854067 0.141002 0.0476354
threshold=41.665971755981452 193.34938049316409 6.5000000000000009 99.653888702392592 0.9241071641445161 4.941805601119996 0.62500000000000011 -0.16280825436115262 356.73959350585943 402.93750000000006 2.5000000000000004
decision_type=2 2 2 2 2 2 2 2 2 2 2
left_child=4 2 -2 -4 5 6 -1 -7 10 -10 -3
right_child=1 8 3 -5 -6 7 -8 -9 9 -11 -12
leaf_value=0.0022102588434594335 -4.7777828416937158 -3.2000926410902992 -0.34846833577701597 9.8492769094600892 0.010906892535707658 -0.118927438597938 0.22214692197409272 -0.28022991159792959 5.0221191875845435 -0.64199049108634587 -4.5978553827865527
leaf_weight=6843 54 117 54 39 46 97 40 209 48 111 206
leaf_count=6843 54 117 54 39 46 97 40 209 48 111 206
internal_value=-0.000144438 -0.00170794 0.000891891 0.00370213 -8.29283e-06 -3.83876e-05 5.63616e-05 -0.00216287 -0.00250104 -0.000975001 -0.00324691
internal_weight=7864 629 147 93 7235 7189 6883 306 482 159 323
internal_count=7864 629 147 93 7235 7189 6883 306 482 159 323
is_linear=0
shrinkage=0.08


Tree=280
num_leaves=13
num_cat=0
split_feature=58 49 30 1 43 55 7 40 16 47 10 23
split_gain=0.43689 0.178828 0.17871 0.173002 0.236095 0.134501 0.275769 0.198386 0.11266 0.193457 0.0980004 0.0973296
threshold=41.665971755981452 45.721111297607429 0.81398808956146251 109.5438690185547 0.81241145730018627 107.35555648803712 0.40284535288810736 1.0000000180025095e-35 0.70128789544105541 1.0000000180025095e-35 1.135134816169739 21.963472366333011
decision_type=2 2 2 2 2 2 2 2 2 2 2 2
left_child=1 5 8 4 -3 7 -7 -1 9 -2 -5 -10
right_child=2 3 -4 10 -6 6 -8 -9 11 -11 -12 -13
leaf_value=-1.1098237761109895 -6.2435040976677101 -0.32332857307329976 1.3143252839223103 -1.0679409488007476 5.6845931834436749 -1.1831944120013682 4.607953395432566 0.014999074294975987 -0.54876868902246134 8.0911657912625312 -0.0033988377146282225 -0.87467945462973573
leaf_weight=73 34 249 31 215 55 199 73 6312 94 38 59 432
leaf_count=73 34 249 31 215 55 199 73 6312 94 38 59 432
internal_value=-0.000195297 -1.93487e-05 -0.00221587 -0.00136788 -5.246e-05 9.79264e-05 -0.00164103 0.000172251 -0.00252421 0.000438355 -0.00282182 -0.00292979
internal_weight=7864 7235 629 578 304 6657 272 6385 598 72 274 526
internal_count=7864 7235 629 578 304 6657 272 6385 598 72 274 526
is_linear=0
shrinkage=0.08


Tree=281
num_leaves=15
num_cat=0
split_feature=58 49 50 40 53 33 1 58 30 22 25 22 1 9
split_gain=0.43689 0.186187 0.173357 0.199744 0.136442 0.407486 0.172116 0.125335 0.337913 0.327069 0.212199 0.10545 0.0902837 0.0229815
threshold=41.665971755981452 90.807220458984389 39.500000000000007 0.31052631139755255 125.50000000000001 55.900156021118171 76.348899841308608 220.30777740478518 0.7455357313156129 7.4184589385986337 1084.679138183594 8.3345527648925799 59.369503021240241 0.34194445610046392
decision_type=2 2 2 2 2 2 2 2 2 2 2 2 2 2
left_child=1 4 12 -4 6 -6 -1 10 13 -10 11 -2 -3 -9
right_child=7 2 3 -5 5 -7 -8 8 9 -11 -12 -13 -14 -15
leaf_value=-0.057558605823151504 -0.84413510754168974 -1.7512145216730897 4.1229607008082825 -0.40332190153475411 4.3291376719832781 0.016381936049893221 0.014702342421923215 -4.5522258584317816 27.805956183503103 -2.534317063163968 18.236697828985925 0.4752536469120956 -1.3000137654939148 -5.5835081782297937
leaf_weight=2551 385 106 30 62 34 290 3998 78 36 35 33 32 164 30
leaf_count=2551 385 106 30 62 34 290 3998 78 36 35 33 32 164 30
internal_value=-0.000195297 -1.93487e-05 -0.00178512 0.0012043 7.39007e-05 0.00167385 -5.49714e-06 -0.00221587 -0.000422223 0.00383333 -0.00292683 -0.00341627 -0.00280443 -0.00322936
internal_weight=7864 7235 362 92 6873 324 6549 629 179 71 450 417 270 108
internal_count=7864 7235 362 92 6873 324 6549 629 179 71 450 417 270 108
is_linear=0
shrinkage=0.08


Tree=282
num_leaves=10
num_cat=0
split_feature=58 30 49 43 52 24 47 17 15
split_gain=0.484222 0.296018 0.221454 0.174606 0.155333 0.185623 0.164228 0.129911 0.0755268
threshold=41.665971755981452 0.9241071641445161 90.807220458984389 -0.88144907355308522 156.08569335937503 176.24404907226565 1.0000000180025095e-35 6.4861111640930185 0.1294849514961243
decision_type=2 2 2 2 2 2 2 2 2
left_child=1 2 7 -4 5 6 -2 -1 -7
right_child=4 -3 3 -5 -6 8 -8 -9 -10
leaf_value=-0.73330834282322044 -1.2102217558295598 0.01343910365510489 0.097483658709630133 -0.79411365866468542 0.308469947837473 -1.4559493693194872 3.2224832030750656 0.010493807876783471 -0.82514575487291142
leaf_weight=938 59 46 50 311 35 40 53 5890 442
leaf_count=938 59 46 50 311 35 40 53 5890 442
internal_value=-0.00021564 -3.04045e-05 -7.17673e-05 -0.002 -0.00234286 -0.00264874 0.000283185 3.04574e-05 -0.00332919
internal_weight=7864 7235 7189 361 629 594 112 6828 482
internal_count=7864 7235 7189 361 629 594 112 6828 482
is_linear=0
shrinkage=0.08


Tree=283
num_leaves=11
num_cat=0
split_feature=58 58 59 33 43 25 43 24 47 52
split_gain=0.441299 0.265362 0.398995 0.194603 0.548766 0.186055 0.171138 0.169198 0.160211 0.103183
threshold=41.665971755981452 38.433889389038093 63.500000000000007 58.578102111816413 -0.99465191364288319 1084.679138183594 -0.95642796158790577 176.24404907226565 1.0000000180025095e-35 136.32985687255862
decision_type=2 2 2 2 2 2 2 2 2 2
left_child=1 3 -3 6 -5 7 -1 8 -2 -9
right_child=5 2 -4 4 -6 -7 -8 9 -10 -11
leaf_value=-0.75542293224865209 -1.1273001545634704 0.19883234189769397 -0.72264506739898937 0.22177967555741121 0.0082920784020925602 6.4637746806403626 -0.028992834682046401 -0.84866384722134669 2.7686709514383621 -0.52526063622597274
leaf_weight=394 62 30 30 90 2584 49 4107 432 55 31
leaf_count=394 62 30 30 90 2584 49 4107 432 55 31
internal_value=-0.000185125 -8.29283e-06 0.0052459 -5.29552e-05 0.000487476 -0.00221587 -0.000374057 -0.00261618 0.000101694 -0.00330173
internal_weight=7864 7235 60 7175 2674 629 4501 580 117 463
internal_count=7864 7235 60 7175 2674 629 4501 580 117 463
is_linear=0
shrinkage=0.08


Tree=284
num_leaves=11
num_cat=0
split_feature=58 58 59 22 33 43 49 50 50 23
split_gain=0.40459 0.262022 0.398995 0.244987 0.184718 0.599068 0.182239 0.0969813 0.447693 0.0874844
threshold=41.665971755981452 38.433889389038093 63.500000000000007 8.3345527648925799 57.65660476684571 -0.99465191364288319 79.912918090820327 8.5000000000000018 32.500000000000007 22.527777671813968
decision_type=2 2 2 2 2 2 2 2 2 2
left_child=1 4 -3 7 6 -6 -1 9 -9 -2
right_child=3 2 -4 -5 5 -7 -8 8 -10 -11
leaf_value=-0.055030895987949975 -1.2151666562215893 0.1829257545458792 -0.66483346200707039 0.10825509602986032 0.20830547162757046 0.0076287045230011745 -1.2314272483126818 41.037446169434865 -0.33776404165424628 -1.9627600958935325
leaf_weight=3543 172 30 30 40 109 3264 259 36 110 271
leaf_count=3543 172 30 30 40 109 3264 259 36 110 271
internal_value=-0.000144438 2.48747e-05 0.0052459 -0.00208889 -1.95104e-05 0.00041138 -0.000401789 -0.0025017 -0.000707484 -0.00309009
internal_weight=7864 7235 60 629 7175 3373 3802 589 146 443
internal_count=7864 7235 60 629 7175 3373 3802 589 146 443
is_linear=0
shrinkage=0.08


Tree=285
num_leaves=10
num_cat=0
split_feature=58 58 59 22 49 30 43 25 59
split_gain=0.313208 0.262022 0.398995 0.224777 0.18441 0.16044 0.157421 0.0815976 0.0922019
threshold=41.665971755981452 38.433889389038093 63.500000000000007 8.3345527648925799 90.807220458984389 0.9241071641445161 -0.88144907355308522 1084.679138183594 54.500000000000007
decision_type=2 2 2 2 2 2 2 2 2
left_child=1 4 -3 7 5 -1 -6 8 -2
right_child=3 2 -4 -5 6 -7 -8 -9 -10
leaf_value=0.0025728632310799151 -1.6366711073473246 0.16829169418221013 -0.61164678504650483 0.099594688347471497 0.088411303378852182 0.011802234431163038 -0.73185822860551808 4.0396855815180839 -0.24482367046309775
leaf_weight=6769 388 30 30 40 50 45 311 49 152
leaf_count=6769 388 30 30 40 50 45 311 49 152
internal_value=-0.000124095 2.48747e-05 0.0052459 -0.00183492 -1.95104e-05 7.39536e-05 -0.00177901 -0.00223051 -0.00251386
internal_weight=7864 7235 60 629 7175 6814 361 589 540
internal_count=7864 7235 60 629 7175 6814 361 589 540
is_linear=0
shrinkage=0.08


Tree=286
num_leaves=15
num_cat=0
split_feature=33 43 28 42 3 1 34 58 49 43 15 50 50 55
split_gain=0.234457 0.317859 0.878734 0.346277 0.319087 0.277479 0.222809 0.213512 0.198251 0.250606 0.191824 0.10945 0.27816 0.118743
threshold=57.65660476684571 -0.99465191364288319 108.82962799072267 0.81241145730018627 5.1471064090728769 87.075714111328139 50.824762344360359 41.665971755981452 79.912918090820327 -0.99465191364288319 0.1294849514961243 8.5000000000000018 42.500000000000007 87.036392211914077
decision_type=2 2 2 2 2 2 2 2 2 2 2 2 2 2
left_child=7 2 5 6 -5 -2 -3 8 9 -1 -10 13 -13 -9
right_child=1 3 -4 4 -6 -7 -8 11 10 -11 -12 12 -14 -15
leaf_value=-1.8854011052896191 0.12303209579686325 0.0074604854344959646 0.7614527592147029 0.012821126979042254 0.097637448559516851 -0.1568115588881179 -0.097911703103835582 -2.8389214564369865 7.5000202533724227 -0.011035428268446565 -1.1593667849137648 56.218153916308509 -3.9315280115433087 -0.478674090557693
leaf_weight=107 33 1895 32 578 328 47 650 360 33 3463 227 30 35 46
leaf_count=107 33 1895 32 578 328 47 650 360 33 3463 227 30 35 46
internal_value=-0.000124095 0.000355779 0.00453097 0.000219003 0.00156119 -9.41901e-10 -0.000259231 -0.000521619 -0.000323676 -0.000168021 -0.00245211 -0.00212712 0.00090909 -0.00261425
internal_weight=7864 3563 112 3451 906 80 2545 4301 3830 3570 260 471 65 406
internal_count=7864 3563 112 3451 906 80 2545 4301 3830 3570 260 471 65 406
is_linear=0
shrinkage=0.08


Tree=287
num_leaves=12
num_cat=0
split_feature=58 58 59 21 42 51 59 56 56 47 1
split_gain=0.183507 0.267599 0.398995 0.214573 0.639984 0.231185 0.34092 0.13907 0.138057 0.0881396 0.0214977
threshold=41.665971755981452 38.433889389038093 63.500000000000007 5.4789443016052255 0.72947329282760631 1.0000000180025095e-35 35.500000000000007 196.50000000000003 146.50000000000003 1.0000000180025095e-35 329.75646972656256
decision_type=2 2 2 2 2 2 2 2 2 2 2
left_child=1 7 -3 5 -5 6 -2 8 -1 -7 -9
right_child=3 2 -4 4 -6 9 -8 10 -10 -11 -12
leaf_value=-0.0055014005872238373 -0.8597656908084591 0.15466150513801183 -0.56249806138614789 -0.83785186817336743 1.266818126834838 -1.4043713155445747 2.2347432108842047 -0.12239629740976643 0.14008481461824288 -0.40932676874605994 -0.99844293021431296
leaf_weight=6961 48 30 30 41 31 254 32 64 120 223 30
leaf_count=6961 48 30 30 41 31 254 32 64 120 223 30
internal_value=-0.000144438 -3.04045e-05 0.0052459 -0.00145397 0.00263014 -0.00198566 0.00197531 -7.52518e-05 -3.44545e-05 -0.00265272 -0.00311579
internal_weight=7864 7235 60 629 72 557 80 7175 7081 477 94
internal_count=7864 7235 60 629 72 557 80 7175 7081 477 94
is_linear=0
shrinkage=0.08


Tree=288
num_leaves=12
num_cat=0
split_feature=58 53 25 3 42 58 4 56 49 17 43
split_gain=0.254824 0.149191 0.157613 0.130121 0.344693 0.62697 0.220343 0.19488 0.178997 0.0886689 0.0701365
threshold=41.665971755981452 133.50000000000003 1071.518981933594 1.0429397821426394 0.81241145730018627 3.5580556392669682 2.147591352462769 35.500000000000007 43.855278015136726 7.226388931274415 -0.68322628736495961
decision_type=2 2 2 2 2 2 2 2 2 2 2
left_child=3 2 9 6 7 -6 8 -5 -1 -2 -8
right_child=1 -3 -4 4 5 -7 10 -9 -10 -11 -12
leaf_value=-0.00023040030140740464 -0.46568981113941427 0.94334808182599728 1.0907478590004351 0.012091817859460549 0.22451485377337335 -0.23823115752905966 -0.08353610013068577 -0.060410576223916081 -0.85163140123661041 -0.77845640390778104 -0.36582969034038504
leaf_weight=4094 145 31 51 1603 408 163 68 333 396 402 170
leaf_count=4094 145 31 51 1603 408 163 68 333 396 402 170
internal_value=-0.000164782 -0.00170794 -0.00198998 -3.04045e-05 0.000435406 0.00216084 -0.000277438 -7.43427e-05 -0.000151415 -0.00238686 -0.00264435
internal_weight=7864 629 598 7235 2507 571 4728 1936 4490 547 238
internal_count=7864 629 598 7235 2507 571 4728 1936 4490 547 238
is_linear=0
shrinkage=0.08


Tree=289
num_leaves=12
num_cat=0
split_feature=58 25 49 49 49 40 0 10 51 34 16
split_gain=0.266661 0.166738 0.258148 0.235943 0.346767 0.214715 0.105796 0.0975382 0.138358 0.304727 0.135688
threshold=41.665971755981452 769.19345092773449 166.78194427490237 495.31680297851568 43.855278015136726 0.9736841917037965 42.333332061767585 1.3249084353446963 1.0000000180025095e-35 48.34856033325196 0.70128789544105541
decision_type=2 2 2 2 2 2 2 2 2 2 2
left_child=1 2 5 4 -3 -1 -4 8 9 -2 -10
right_child=7 3 6 -5 -6 -7 -8 -9 10 -11 -12
leaf_value=0.051033708412384214 -1.5175033255713277 -0.015257522005695226 -2.4463251604641303 25.103559056270139 -0.43279698906807118 -0.58940842715993702 -1.0937922383712018 0.30507353466473119 0.24845147583258731 0.48600341507909661 -0.71617991134528558
leaf_weight=3324 40 3405 30 30 221 102 123 40 67 40 442
leaf_count=3324 40 3405 30 30 221 102 123 40 67 40 442
internal_value=-0.000256326 -0.000118851 0.000269273 -0.00049877 -0.000558038 0.000413188 -0.00293507 -0.00183492 -0.00209492 0.000987653 -0.00258039
internal_weight=7864 7235 3579 3656 3626 3426 153 629 589 80 509
internal_count=7864 7235 3579 3656 3626 3426 153 629 589 80 509
is_linear=0
shrinkage=0.08


Tree=290
num_leaves=8
num_cat=0
split_feature=59 28 52 40 55 27 59
split_gain=0.161326 0.158317 0.261384 0.229415 0.218552 0.254069 0.245112
threshold=242.00000000000003 130.03934478759768 207.40458679199222 0.068421050906181349 0.68305554986000072 23.947263717651371 33.500000000000007
decision_type=2 2 2 2 2 2 2
left_child=1 2 3 -1 5 -3 -6
right_child=-2 4 -4 -5 6 -7 -8
leaf_value=-0.40000242790339696 -0.35095271354371532 3.3759530296978326 0.78473505531745713 0.0070416178597563703 -0.82689198706502665 -0.0146989596840871 0.11943974055333563
leaf_weight=336 71 100 47 3564 1300 1996 450
leaf_count=336 71 100 47 3564 1300 1996 450
internal_value=-0.000174953 -0.000140109 0.000215805 0.000143552 -0.00050533 4.57787e-05 -0.00116505
internal_weight=7864 7793 3947 3900 3846 2096 1750
internal_count=7864 7793 3947 3900 3846 2096 1750
is_linear=0
shrinkage=0.08


Tree=291
num_leaves=9
num_cat=0
split_feature=59 49 1 1 52 23 23 15
split_gain=0.163073 0.13342 0.214549 0.349809 0.171753 0.276731 0.167062 0.0468631
threshold=242.00000000000003 99.903614044189467 91.427997589111342 36.222858428955085 44.845972061157234 23.250694274902347 22.746250152587894 15.625375747680666
decision_type=2 2 2 2 2 2 2 2
left_child=1 4 3 -3 6 -6 -1 -4
right_child=-2 2 7 -5 5 -7 -8 -9
leaf_value=-0.033142384561042626 -0.3228764964602186 -10.604954872202004 -0.94181869939769602 13.967983550828739 -0.17829081132715402 -0.41589018294865449 0.017749009798320774 -0.085384287008499746
leaf_weight=2944 71 62 154 92 424 178 3879 60
leaf_count=2944 71 62 154 92 424 178 3879 60
internal_value=-0.00015461 -0.00011958 -0.00160434 0.000670967 -4.5786e-05 -0.00133997 6.85805e-05 -0.00323721
internal_weight=7864 7793 368 154 7425 602 6823 214
internal_count=7864 7793 368 154 7425 602 6823 214
is_linear=0
shrinkage=0.08


Tree=292
num_leaves=9
num_cat=0
split_feature=59 3 42 58 56 10 52 43
split_gain=0.16571 0.148638 0.204218 0.476568 0.19245 0.149973 0.280674 0.170179
threshold=242.00000000000003 5.7524538040161142 0.81241145730018627 3.5580556392669682 33.500000000000007 1.7652225494384768 0.71736109256744396 -0.81241145730018605
decision_type=2 2 2 2 2 2 2 2
left_child=1 5 4 -4 -3 7 -7 -1
right_child=-2 2 3 -5 -6 6 -8 -9
leaf_value=-0.10328041018692495 -0.2970463767434009 0.012335459262891932 0.13222970152583707 -0.12045738131482774 -0.14113763644878316 0.79274214233512019 -0.4889542037259213 -0.0078972331373309938
leaf_weight=1049 71 1220 265 156 288 30 33 4752
leaf_count=1049 71 1220 265 156 288 30 33 4752
internal_value=-0.000124095 -8.87872e-05 0.000520206 0.00207583 8.48234e-05 -0.000289174 0.0035625 -0.000331611
internal_weight=7864 7793 1929 421 1508 5864 63 5801
internal_count=7864 7793 1929 421 1508 5864 63 5801
is_linear=0
shrinkage=0.08


Tree=293
num_leaves=8
num_cat=0
split_feature=59 55 19 3 26 44 49
split_gain=0.162198 0.150745 0.245364 0.211767 0.273011 0.174559 0.16856
threshold=242.00000000000003 17.767499923706058 0.25922341644763952 6.5440275669097909 4766.0000000000009 1.0000000180025095e-35 48.153472900390632
decision_type=2 2 2 2 2 2 2
left_child=1 3 -3 6 -5 -4 -1
right_child=-2 2 5 4 -6 -7 -8
leaf_value=-0.0061141856228868439 -0.27328266660392897 1.2501268433548336 -0.17777498280739321 5.0910086525586715 0.01203552733340589 -0.0024650660895211268 -0.90565984269199495
leaf_weight=4465 71 31 744 109 1217 857 370
leaf_count=4465 71 31 744 109 1217 857 370
internal_value=-0.000164782 -0.000129844 -0.000813228 5.12811e-05 0.000946495 -0.000951312 -0.000194376
internal_weight=7864 7793 1632 6161 1326 1601 4835
internal_count=7864 7793 1632 6161 1326 1601 4835
is_linear=0
shrinkage=0.08


Tree=294
num_leaves=13
num_cat=0
split_feature=58 49 16 24 0 15 10 50 5 25 12 36
split_gain=0.17766 0.19947 0.178779 0.175447 0.179894 0.335013 0.137606 0.286426 0.142793 0.131368 0.063085 0.0539132
threshold=53.111665725708015 166.78194427490237 0.70128789544105541 195.03422546386722 55.708332061767585 0.1984461843967438 1.2682927250862124 143.50000000000003 81.212360382080092 1071.518981933594 512.43751525878918 2.5000000000000004
decision_type=2 2 2 2 2 2 2 2 2 2 2 2
left_child=1 6 -3 4 -2 -6 8 -8 -1 10 -5 -4
right_child=3 2 11 9 5 -7 7 -9 -10 -11 -12 -13
leaf_value=-3.1684279644735858e-05 -1.2911745127997316 4.8385213694050746 -7.5550431166403325 -0.63876662177958321 -12.08825172918656 21.030254152270317 -0.14256012272504076 25.997147394977784 0.020654761042665629 0.0249901376195634 -0.22268273076922726 -0.82208198698142187
leaf_weight=6048 56 34 54 295 38 37 681 30 353 42 41 155
leaf_count=6048 56 34 54 295 38 37 681 30 353 42 41 155
internal_value=-0.000195297 -9.51614e-05 -0.00234426 -0.00163922 0.000878787 0.00342105 -1.79962e-05 -0.00107303 9.9343e-05 -0.00251187 -0.00303858 -0.00321905
internal_weight=7864 7355 243 509 131 75 7112 711 6401 378 336 209
internal_count=7864 7355 243 509 131 75 7112 711 6401 378 336 209
is_linear=0
shrinkage=0.08


Tree=295
num_leaves=9
num_cat=0
split_feature=30 33 40 31 43 1 5 53
split_gain=0.30565 0.162841 0.25034 0.502089 0.15175 0.641497 0.201033 0.14743
threshold=0.9241071641445161 57.65660476684571 0.82631579041481029 0.49323512613773351 -0.99465191364288319 63.642570495605476 81.212360382080092 131.50000000000003
decision_type=2 2 2 2 2 2 2 2
left_child=1 2 7 -4 5 -3 -6 -1
right_child=-2 4 3 -5 6 -7 -8 -9
leaf_value=-0.28640356389310101 0.016467615643710833 0.42730587426906014 0.0031092405136558627 0.60673796445287098 -0.0033973285076682913 -0.026956677560719424 0.022157031522053072 0.36805343624528392
leaf_weight=3742 46 34 405 69 3088 78 317 85
leaf_count=3742 46 34 405 69 3088 78 317 85
internal_value=-0.000134267 -0.000172913 -0.000503023 0.00122947 0.000230812 0.00311504 0.000135055 -0.000717869
internal_weight=7864 7818 4301 474 3517 112 3405 3827
internal_count=7864 7818 4301 474 3517 112 3405 3827
is_linear=0
shrinkage=0.08


Tree=296
num_leaves=8
num_cat=0
split_feature=30 33 43 43 56 42 22
split_gain=0.308556 0.151126 0.264913 0.211504 0.44309 0.161577 0.152412
threshold=0.9241071641445161 57.65660476684571 -0.99892947077751149 0.63405361771583568 134.50000000000003 0.81241145730018627 6.0558805465698251
decision_type=2 2 2 2 2 2 2
left_child=1 3 -3 6 -5 -4 -1
right_child=-2 2 5 4 -6 -7 -8
leaf_value=-1.8761274577853615 0.015150206392213834 0.0698577110229784 -0.0071168700577259759 0.0037554919121212155 0.84641342786604412 0.035566284274177462 -0.10404230628250684
leaf_weight=633 46 36 2575 1139 46 906 2483
leaf_count=633 46 36 2575 1139 46 906 2483
internal_value=-0.000164782 -0.000203608 0.000185332 -0.000521619 0.000387857 0.000113727 -0.000867502
internal_weight=7864 7818 3517 4301 1185 3481 3116
internal_count=7864 7818 3517 4301 1185 3481 3116
is_linear=0
shrinkage=0.08


Tree=297
num_leaves=8
num_cat=0
split_feature=30 58 10 51 49 25 52
split_gain=0.298924 0.162596 0.194781 0.177633 0.15958 0.16518 0.139769
threshold=0.9241071641445161 53.111665725708015 1.3016112446784975 1.0000000180025095e-35 166.78194427490237 1054.3172607421877 44.845972061157234
decision_type=2 2 2 2 2 2 2
left_child=1 4 3 -3 6 -6 -1
right_child=-2 2 -4 -5 5 -7 -8
leaf_value=0.0053916395625712233 0.013938189880836734 0.059965201617408363 0.012247883341681405 -2.0586043281728341 -1.0266100580365785 3.9148706067516059 -0.29012591127406906
leaf_weight=6505 46 71 58 380 210 33 561
leaf_count=6505 46 71 58 380 210 33 561
internal_value=-6.30652e-05 -0.000101293 -0.00148235 -0.00204425 -4.92571e-06 -0.00201639 6.45243e-05
internal_weight=7864 7818 509 451 7309 243 7066
internal_count=7864 7818 509 451 7309 243 7066
is_linear=0
shrinkage=0.08


Tree=298
num_leaves=6
num_cat=0
split_feature=59 30 40 49 9
split_gain=0.168369 0.160009 0.135616 0.117105 0.0213749
threshold=242.00000000000003 0.9241071641445161 1.0000000180025095e-35 90.807220458984389 0.37942129373550421
decision_type=2 2 2 2 2
left_child=1 2 4 -4 -1
right_child=-2 -3 3 -5 -6
leaf_value=-1.5286926535097844 -0.22914725726914373 0.012823134690369858 0.0015486821700813169 -0.50293940990732278 -0.50670106357161426
leaf_weight=63 71 46 7256 398 30
leaf_count=63 71 46 7256 398 30
internal_value=-9.35801e-05 -5.79943e-05 -8.62168e-05 -4.91192e-05 -0.00310638
internal_weight=7864 7793 7747 7654 93
internal_count=7864 7793 7747 7654 93
is_linear=0
shrinkage=0.08


Tree=299
num_leaves=7
num_cat=0
split_feature=30 40 58 10 49 9
split_gain=0.161752 0.133337 0.123734 0.184827 0.161929 0.0213749
threshold=0.9241071641445161 1.0000000180025095e-35 53.111665725708015 1.3016112446784975 166.78194427490237 0.37942129373550421
decision_type=2 2 2 2 2 2
left_child=1 5 4 -4 -3 -1
right_child=-2 2 3 -5 -6 -7
leaf_value=-1.4063972412290016 0.0117972839151404 0.0035936169302059218 -1.1904639581281105 0.023082691090417266 -0.57657739149276088 -0.4661649784858854
leaf_weight=63 46 6980 445 57 243 30
leaf_count=63 46 6980 445 57 243 30
internal_value=-8.34085e-05 -0.000111524 -7.50721e-05 -0.00128827 9.41211e-06 -0.00310638
internal_weight=7864 7818 7725 502 7223 93
internal_count=7864 7818 7725 502 7223 93
is_linear=0
shrinkage=0.08


end of trees

feature_importances:
Column_43=221
Column_58=196
Column_40=194
Column_49=188
Column_42=159
Column_55=155
Column_52=151
Column_56=143
Column_59=128
Column_12=119
Column_50=114
Column_53=108
Column_33=100
Column_23=91
Column_30=82
Column_27=81
Column_0=77
Column_1=74
Column_22=71
Column_25=70
Column_24=64
Column_28=61
Column_13=59
Column_21=57
Column_11=56
Column_15=55
Column_16=48
Column_29=46
Column_10=43
Column_31=43
Column_6=40
Column_34=40
Column_14=38
Column_36=37
Column_2=36
Column_35=36
Column_9=34
Column_17=34
Column_47=30
Column_51=28
Column_3=26
Column_44=24
Column_4=23
Column_45=23
Column_7=20
Column_18=17
Column_26=16
Column_19=14
Column_5=12
Column_54=10
Column_57=2
Column_38=1

parameters:
[boosting: gbdt]
[objective: quantile]
[metric: quantile]
[tree_learner: serial]
[device_type: cpu]
[data_sample_strategy: bagging]
[data: ]
[valid: ]
[num_iterations: 300]
[learning_rate: 0.08]
[num_leaves: 15]
[num_threads: 4]
[seed: 20260907]
[deterministic: 1]
[force_col_wise: 1]
[force_row_wise: 0]
[histogram_pool_size: -1]
[max_depth: 4]
[min_data_in_leaf: 30]
[min_sum_hessian_in_leaf: 0.001]
[bagging_fraction: 1]
[pos_bagging_fraction: 1]
[neg_bagging_fraction: 1]
[bagging_freq: 0]
[bagging_seed: 11947]
[bagging_by_query: 0]
[feature_fraction: 1]
[feature_fraction_bynode: 1]
[feature_fraction_seed: 10681]
[extra_trees: 0]
[extra_seed: 22213]
[early_stopping_round: 0]
[early_stopping_min_delta: 0]
[first_metric_only: 0]
[max_delta_step: 0]
[lambda_l1: 0]
[lambda_l2: 1]
[linear_lambda: 0]
[min_gain_to_split: 0]
[drop_rate: 0.1]
[max_drop: 50]
[skip_drop: 0.5]
[xgboost_dart_mode: 0]
[uniform_drop: 0]
[drop_seed: 19930]
[top_rate: 0.2]
[other_rate: 0.1]
[min_data_per_group: 100]
[max_cat_threshold: 32]
[cat_l2: 10]
[cat_smooth: 10]
[max_cat_to_onehot: 4]
[top_k: 20]
[monotone_constraints: ]
[monotone_constraints_method: basic]
[monotone_penalty: 0]
[feature_contri: ]
[forcedsplits_filename: ]
[refit_decay_rate: 0.9]
[cegb_tradeoff: 1]
[cegb_penalty_split: 0]
[cegb_penalty_feature_lazy: ]
[cegb_penalty_feature_coupled: ]
[path_smooth: 0]
[interaction_constraints: ]
[verbosity: -1]
[saved_feature_importance_type: 0]
[use_quantized_grad: 0]
[num_grad_quant_bins: 4]
[quant_train_renew_leaf: 0]
[stochastic_rounding: 1]
[linear_tree: 0]
[max_bin: 127]
[max_bin_by_feature: ]
[min_data_in_bin: 3]
[bin_construct_sample_cnt: 200000]
[data_random_seed: 5043]
[is_enable_sparse: 1]
[enable_bundle: 1]
[use_missing: 1]
[zero_as_missing: 0]
[feature_pre_filter: 1]
[pre_partition: 0]
[two_round: 0]
[header: 0]
[label_column: ]
[weight_column: ]
[group_column: ]
[ignore_column: ]
[categorical_feature: ]
[forcedbins_filename: ]
[precise_float_parser: 0]
[parser_config_file: ]
[objective_seed: 3273]
[num_class: 1]
[is_unbalance: 0]
[scale_pos_weight: 1]
[sigmoid: 1]
[boost_from_average: 1]
[reg_sqrt: 0]
[alpha: 0.95]
[fair_c: 1]
[poisson_max_delta_step: 0.7]
[tweedie_variance_power: 1.5]
[lambdarank_truncation_level: 30]
[lambdarank_norm: 1]
[label_gain: ]
[lambdarank_position_bias_regularization: 0]
[eval_at: ]
[multi_error_top_k: 1]
[auc_mu_weights: ]
[num_machines: 1]
[local_listen_port: 12400]
[time_out: 120]
[machine_list_filename: ]
[machines: ]
[gpu_platform_id: -1]
[gpu_device_id: -1]
[gpu_use_dp: 0]
[num_gpu: 1]

end of parameters

pandas_categorical:null
