tree
version=v4
num_class=1
num_tree_per_iteration=1
label_index=0
max_feature_idx=60
objective=quantile
feature_names=Column_0 Column_1 Column_2 Column_3 Column_4 Column_5 Column_6 Column_7 Column_8 Column_9 Column_10 Column_11 Column_12 Column_13 Column_14 Column_15 Column_16 Column_17 Column_18 Column_19 Column_20 Column_21 Column_22 Column_23 Column_24 Column_25 Column_26 Column_27 Column_28 Column_29 Column_30 Column_31 Column_32 Column_33 Column_34 Column_35 Column_36 Column_37 Column_38 Column_39 Column_40 Column_41 Column_42 Column_43 Column_44 Column_45 Column_46 Column_47 Column_48 Column_49 Column_50 Column_51 Column_52 Column_53 Column_54 Column_55 Column_56 Column_57 Column_58 Column_59 Column_60
feature_infos=[0:2854.583251953125] [0:5596.541015625] [0:20080] [0:47.700740814208984] [0:157.30976867675781] [0:569.43109130859375] [0:1] [0:0.5] [0:1] [0:2.75] [0:1.9130169153213501] [0:5.5] [0:1514.5833740234375] [0:3629.374267578125] [0:20080] [0:64.094169616699219] [0:213.12803649902344] [0:1424.933349609375] [0:1] [0:0.5] [0:1] [0:11.75] [0:8.999852180480957] [0:23.5] [86.913688659667969:746.5] [121.80548858642578:1966.15673828125] [770:20399] [0.24229581654071808:112.81253814697266] [1.5443668365478516:648.992919921875] [16.177778244018555:7651.12548828125] [0.4136904776096344:0.93154764175415039] [0.25252059102058411:0.4996810257434845] none [29.682167053222656:77.620216369628906] [37.65380859375:60.631172180175781] [124.17028045654297:167.5] [0:4046] none [0:1] none [0:1] [0:1425] [-1:1] [-1:1] [-0.97492790222167969:0.97492790222167969] [-0.90096884965896606:1] [0:1] [0:1] [6:29.75] [0:6473.95263671875] [0:1399] [0:1] [0:7641.4033203125] [0:1399] [0:1] [0:6145.65966796875] [0:1402] [0:1] [0:5630.2822265625] [0:1518] [0:1]
tree_sizes=1364 1415 1424 1267 1273 1276 1272 1281 1282 1278 1275 1278 1282 1359 1356 1363 1248 1269 1268 1255 1448 1461 1439 1355 1355 1441 1442 1283 1440 1264 1274 1465 1441 1448 1461 1446 1469 1467 1457 1196 1459 1464 1460 1465 1469 1274 1198 1110 1197 1007 1193 1113 1205 1098 1103 1447 1454 941 1368 950 951 949 1488 937 947 1466 1199 1352 1273 1369 1200 1204 1291 1443 1450 1189 1461 1200 1267 1109 1369 1104 1360 1284 1454 1391 1286 1202 1020 1200 1350 1375 1116 1286 1456 1292 1028 1367 1194 1113 1200 1127 1040 1376 1291 1206 1301 1474 1382 1015 1011 1112 1124 1298 1126 936 1105 1210 1099 1216 1200 1474 1382 857 1366 1455 1212 1111 771 853 1038 1388 1287 1392 1021 1285 856 1285 1479 1462 1474 859 1037 1040 860 1475 1466 1219 1048 1205 1196 1478 1454 1452 1476 1296 1175 1381 1303 685 1380 1304 929 1378 1377 1119 1024 1372 1111 1192 1475 1380 1463 1040 863 939 935 1390 1396 1220 1303 1463 1478 1466 1454 947 1484 1303 857 1458 1475 1190 1379 1113 1464 1111 1460 1460 1202 767 1302 1287 1204 1124 1206 1209 1124 1132 1125 1491 1221 1222 950 1488 949 957 843 864 867 1471 1212 1134 1043 1476 1031 1206 1471 1282 868 1287 1292 1296 1215 1205 953 947 954 1399 1471 1202 1313 954 1471 950 782 769 869 1121 952 950 1114 859 944 1286 1296 1133 941 1375 1126 1467 1466 1379 1201 1202 1462 1412 1293 1374 1133 1375 1219 1289 1187 1198 1463 1385 926 1025 1027 862 1200 1211 1378 1377 1198 1402 1383 1353 1278 1297 1475 777 1290 1479 1275 1387 1127 1477 965 1219

Tree=0
num_leaves=15
num_cat=0
split_feature=4 34 15 33 36 16 30 3 18 0 23 42 53 2
split_gain=214.051 62.8227 34.8676 29.2924 23.2181 20.127 17.3513 12.9007 7.4049 6.66988 3.92264 3.70642 1.94215 1.34282
threshold=11.294914245605471 48.061246871948249 14.42046642303467 68.641983032226577 67.500000000000014 123.2425880432129 0.9241071641445161 7.5840394496917733 0.51041665673255932 58.541667938232429 22.472083091735843 -0.77259656786918629 136.50000000000003 296.50000000000006
decision_type=2 2 2 2 2 2 2 2 2 2 2 2 2 2
left_child=2 7 3 6 10 13 -1 -2 -6 -5 -3 -9 -7 -4
right_child=1 4 5 9 8 12 -8 11 -10 -11 -12 -13 -14 -15
leaf_value=13.586444625854492 14.660666847229004 15.058889122009278 14.771200141906739 14.264755744934082 15.348833580017089 13.98176685333252 14.803777961730956 13.635600166320801 14.670789070129395 16.66208896636963 13.724866828918458 13.698211307525634 15.729378089904785 15.222311286926269
leaf_weight=5060 77 154 95 75 1242 188 46 51 226 122 117 226 47 138
leaf_count=5060 77 154 95 75 1242 188 46 51 226 122 117 226 47 138
internal_value=14.2078 14.2297 14.1998 14.198 14.2359 14.2207 14.1968 14.199 14.2399 14.2282 14.2144 14.1909 14.2042 14.2374
internal_weight=7864 2093 5771 5303 1739 468 5106 354 1468 197 271 277 235 233
internal_count=7864 2093 5771 5303 1739 468 5106 354 1468 197 271 277 235 233
is_linear=0
shrinkage=1


Tree=1
num_leaves=15
num_cat=0
split_feature=4 34 15 33 36 16 30 3 0 0 42 23 6 2
split_gain=197.944 57.6485 32.7466 27.8257 21.5068 19.3051 15.8827 12.5016 9.00233 6.38631 3.93464 3.71667 1.66181 1.62451
threshold=11.294914245605471 48.061246871948249 14.42046642303467 68.641983032226577 67.500000000000014 123.2425880432129 0.9241071641445161 7.5840394496917733 426.45834350585943 58.541667938232429 -0.77259656786918629 22.472083091735843 0.37500000000000006 296.50000000000006
decision_type=2 2 2 2 2 2 2 2 2 2 2 2 2 2
left_child=2 7 3 6 11 13 -1 -2 -6 -5 -9 -3 -7 -4
right_child=1 4 5 9 8 12 -8 10 -10 -11 -12 -13 -14 -15
leaf_value=-0.57162668304443354 0.41665776062011717 0.78302225341796872 0.51834839172363278 0.052419546508789099 0.58125954284667969 -0.0085191467285156367 0.54831998596191411 -0.52640358581542968 1.3982377227783205 2.2579661102294923 -0.46880133590698236 -0.44427825622558603 -0.85277467994689948 0.93337064514160162
leaf_weight=5060 77 154 95 75 840 189 46 51 628 122 226 117 46 138
leaf_count=5060 77 154 95 75 840 189 46 51 628 122 226 117 46 138
internal_value=0 0.0210697 -0.0076438 -0.00943439 0.0270575 0.0126226 -0.0105737 -0.00833803 0.0308781 0.02 -0.016259 0.00632353 -0.00355932 0.0288889
internal_weight=7864 2093 5771 5303 1739 468 5106 354 1468 197 277 271 235 233
internal_count=7864 2093 5771 5303 1739 468 5106 354 1468 197 277 271 235 233
is_linear=0
shrinkage=0.08


Tree=2
num_leaves=15
num_cat=0
split_feature=4 34 15 33 36 16 28 3 36 0 42 50 6 53
split_gain=184.31 53.2706 29.0694 26.2857 21.7043 17.3254 16.6277 11.233 10.3993 6.1089 4.28909 1.70504 1.66181 0.972474
threshold=11.294914245605471 48.061246871948249 14.42046642303467 68.641983032226577 501.50000000000006 123.2425880432129 12.3620662689209 7.5840394496917733 67.500000000000014 58.541667938232429 -0.77259656786918629 12.500000000000002 0.37500000000000006 59.500000000000007
decision_type=2 2 2 2 2 2 2 2 2 2 2 2 2 2
left_child=2 7 3 6 8 11 -1 13 -3 -5 -9 -4 -7 -2
right_child=1 4 5 9 -6 12 -8 10 -10 -11 -12 -13 -14 -15
leaf_value=-0.7266187659606933 0.74611398864746092 0.43855819226074216 0.84820103930664059 0.048225982788085986 1.2863787049560549 -0.0078376149902344133 -0.48509654916381834 -0.48429129895019529 0.53475877941894534 2.0773288214111325 -0.43129722903442369 0.50461382727050774 -0.78455270555114753 0.28221399475097658
leaf_weight=336 44 271 144 75 628 189 4770 51 840 122 226 89 46 33
leaf_count=336 44 271 144 75 628 189 4770 51 840 122 226 89 46 33
internal_value=5.08582e-05 0.020382 -0.00732502 -0.00901207 0.0261379 0.0117697 -0.0101194 -0.00788732 0.0193885 0.019596 -0.0153957 0.0271795 -0.00355932 0.0189744
internal_weight=7864 2093 5771 5303 1739 468 5106 354 1111 197 277 233 235 77
internal_count=7864 2093 5771 5303 1739 468 5106 354 1111 197 277 233 235 77
is_linear=0
shrinkage=0.08


Tree=3
num_leaves=13
num_cat=0
split_feature=15 4 17 9 24 30 24 24 33 34 45 0
split_gain=171.561 58.7177 33.969 20.8744 15.5875 15.4246 15.2188 13.7412 10.5378 8.08441 4.01772 3.53495
threshold=5.1263539791107187 11.294914245605471 91.164581298828139 0.24851852655410769 402.09524536132818 0.9241071641445161 322.95684814453131 332.17260742187506 67.552051544189467 49.06065750122071 1.0000000180025095e-35 349.08332824707037
decision_type=2 2 2 2 2 2 2 2 2 2 2 2
left_child=5 3 11 6 -4 7 -2 8 -1 -9 -5 -3
right_child=1 2 4 10 -6 -7 -8 9 -10 -11 -12 -13
leaf_value=-0.48753327484619136 0.053766735834960999 0.663211780678711 0.4351447335595704 -0.43108882065307613 -0.25118738356323234 0.54326211101806654 0.65217822337402342 -0.30375550385009759 0.85874026051269536 -0.6676612617541503 0.32455565337646491 1.1169905948388674
leaf_weight=3647 478 161 820 584 144 46 259 247 97 512 152 717
leaf_count=3647 478 161 820 584 144 46 259 247 97 512 152 717
internal_value=0.000213605 0.0140531 0.0235703 0.00214383 0.0131813 -0.00987253 0.0116531 -0.0103464 -0.00835247 -0.0201579 -0.00738128 0.0349488
internal_weight=7864 3315 1842 1473 964 4549 737 4503 3744 759 736 878
internal_count=7864 3315 1842 1473 964 4549 737 4503 3744 759 736 878
is_linear=0
shrinkage=0.08


Tree=4
num_leaves=13
num_cat=0
split_feature=15 4 17 6 30 24 24 27 33 34 40 24
split_gain=161.173 53.5987 36.2441 19.6144 15.1416 14.2334 12.8854 12.2331 10.2451 7.69545 5.36933 3.68131
threshold=5.1263539791107187 11.294914245605471 91.164581298828139 0.20833333581686023 0.9241071641445161 402.09524536132818 332.17260742187506 19.584176063537601 67.552051544189467 49.032165527343757 0.44736842811107641 415.99107360839849
decision_type=2 2 2 2 2 2 2 2 2 2 2 2
left_child=4 3 11 7 6 -4 8 -2 -1 -8 -5 -3
right_child=1 2 5 10 -6 -7 9 -9 -10 -11 -12 -13
leaf_value=-0.44853061285849605 1.0815435715189452 0.68042156185722658 0.40033315487480464 -0.16790765955527334 0.49980114213662119 -0.23109239287817374 -0.15683284064169911 0.083129094186572272 0.79004103967167971 -0.62235413855429689 -0.52984617224570296 1.1091647029646488
leaf_weight=3647 233 350 820 315 46 144 190 666 97 569 259 528
leaf_count=3647 233 350 820 315 46 144 190 666 97 569 259 528
internal_value=0.000325493 0.0137394 0.0228323 0.00236092 -0.00945055 0.0121036 -0.00992007 0.00973333 -0.00798932 -0.0194211 -0.00918261 0.0345848
internal_weight=7864 3315 1842 1473 4549 964 4503 899 3744 759 574 878
internal_count=7864 3315 1842 1473 4549 964 4503 899 3744 759 574 878
is_linear=0
shrinkage=0.08


Tree=5
num_leaves=13
num_cat=0
split_feature=15 4 0 6 24 30 24 27 34 34 40 13
split_gain=146.425 49.6412 36.2906 17.344 15.6882 14.8844 12.5209 11.7496 8.94954 8.04941 4.75007 0.657168
threshold=5.1263539791107187 11.294914245605471 426.45834350585943 0.20833333581686023 402.09524536132818 0.9241071641445161 332.17260742187506 19.584176063537601 54.86737251281739 49.032165527343757 0.44736842811107641 1845.6218872070315
decision_type=2 2 2 2 2 2 2 2 2 2 2 2
left_child=5 3 4 7 -3 6 8 -2 -1 -8 -5 -4
right_child=1 2 11 10 -6 -7 9 -9 -10 -11 -12 -13
leaf_value=-0.41895925620652535 0.99502008579742951 0.40539584318013283 1.0244537435243519 -0.15447504679085142 -0.21260500144791991 0.45981705076569157 -0.14428621339036313 0.076478766651646532 0.69494887099989855 -0.57256580746995311 -0.48745847846604679 0.85033095360200806
leaf_weight=3568 233 1070 535 315 144 46 190 666 176 569 259 93
leaf_count=3568 233 1070 535 315 144 46 190 666 176 569 259 93
internal_value=0.000254291 0.0130398 0.0217906 0.00208955 0.0136955 -0.00906374 -0.00952931 0.00902222 -0.00762617 -0.0188947 -0.00876522 0.0373927
internal_weight=7864 3315 1842 1473 1214 4549 4503 899 3744 759 574 628
internal_count=7864 3315 1842 1473 1214 4549 4503 899 3744 759 574 628
is_linear=0
shrinkage=0.08


Tree=6
num_leaves=13
num_cat=0
split_feature=15 4 17 6 30 24 24 24 33 34 24 40
split_gain=134.048 46.6801 36.2425 14.7995 14.6526 11.3722 10.9871 10.4582 8.53335 7.46665 4.74492 4.68075
threshold=5.1263539791107187 11.294914245605471 91.164581298828139 0.20833333581686023 0.9241071641445161 402.09524536132818 332.17260742187506 322.95684814453131 67.552051544189467 49.032165527343757 415.99107360839849 0.44736842811107641
decision_type=2 2 2 2 2 2 2 2 2 2 2 2
left_child=4 3 10 7 6 -4 8 -2 -1 -8 -3 -5
right_child=1 2 5 11 -6 -7 9 -9 -10 -11 -12 -13
leaf_value=-0.37953143248856774 0.036696768101106586 0.58032283205189406 0.3358748350304096 -0.1421170430475833 0.42303168670443625 -0.19559660133208639 -0.13274331631913414 0.40235442622933848 0.67124184681795362 -0.52676054287235685 0.93847522724552879 -0.44846180018876297
leaf_weight=3647 556 350 820 315 46 144 190 343 97 569 528 259
leaf_count=3647 556 350 820 315 46 144 190 343 97 569 528 259
internal_value=0.000203433 0.0124367 0.0209224 0.00181818 -0.00871209 0.0101969 -0.00917407 0.00822222 -0.00739119 -0.0179474 0.0326735 -0.0082087
internal_weight=7864 3315 1842 1473 4549 964 4503 899 3744 759 878 574
internal_count=7864 3315 1842 1473 4549 964 4503 899 3744 759 878 574
is_linear=0
shrinkage=0.08


Tree=7
num_leaves=13
num_cat=0
split_feature=15 17 1 33 24 30 0 10 3 22 42 9
split_gain=122.377 44.9955 32.4126 14.882 14.6525 14.3996 10.3099 9.89367 8.96936 8.73269 6.02883 2.78965
threshold=5.1263539791107187 87.069446563720717 345.79135131835943 57.31659126281739 411.58334350585943 0.9241071641445161 326.37500000000006 0.84455949068069469 0.01124999998137355 5.5938305854797372 0.41248606145381933 0.56741902232170116
decision_type=2 2 2 2 2 2 2 2 2 2 2 2
left_child=5 2 6 11 -5 7 -2 8 -1 -9 -4 -3
right_child=1 3 10 4 -6 -7 -8 9 -10 -11 -12 -13
leaf_value=-0.37697740803125973 0.41400808947211742 -0.29878220517262422 -0.22745010158184528 0.32947112630414865 -0.14887714114910339 0.38918915176808128 0.83710466574763487 0.15174144708573728 0.13255330348502939 -0.47333080860394533 0.58257949587122593 -0.64657474739064191
leaf_weight=2410 206 479 140 1153 275 46 812 178 678 1237 89 161
leaf_count=2410 206 479 140 1153 275 46 812 178 678 1237 89 161
internal_value=0.000193261 0.0118818 0.0238782 0.00463992 0.00918125 -0.00832527 0.0299902 -0.0087833 -0.0062415 -0.014322 -0.00330435 -0.00549142
internal_weight=7864 3315 1247 2068 1428 4549 1018 4503 3088 1415 229 640
internal_count=7864 3315 1247 2068 1428 4549 1018 4503 3088 1415 229 640
is_linear=0
shrinkage=0.08


Tree=8
num_leaves=13
num_cat=0
split_feature=15 17 1 30 33 24 0 10 22 3 42 9
split_gain=110.755 42.6389 27.1745 14.1374 13.4177 13.5849 11.0118 9.34296 8.14726 7.99412 4.31572 2.56735
threshold=5.1263539791107187 87.069446563720717 345.79135131835943 0.9241071641445161 57.31659126281739 411.58334350585943 326.37500000000006 0.84455949068069469 5.5938305854797372 0.01124999998137355 0.58216583728790294 0.56741902232170116
decision_type=2 2 2 2 2 2 2 2 2 2 2 2
left_child=3 2 6 7 11 -6 -2 9 -9 -1 -4 -3
right_child=1 4 10 -5 5 -7 -8 8 -10 -11 -12 -13
leaf_value=-0.34681921538875893 0.38088744231434818 -0.27487962875881422 -0.20083328316674326 0.35805401962663469 0.30311343619981673 -0.1369669698571751 0.77013629248782411 0.13960213131887833 -0.43546434391562971 0.12194903920622707 0.55297414115133015 -0.59484876759939054
leaf_weight=2410 206 479 155 46 1153 275 812 178 1237 678 74 161
leaf_count=2410 206 479 155 46 1153 275 812 178 1237 678 74 161
internal_value=0.00018309 0.0113028 0.0229808 -0.00792088 0.00425326 0.00856543 0.028577 -0.00837478 -0.0137571 -0.00590482 -0.00191304 -0.00536661
internal_weight=7864 3315 1247 4549 2068 1428 1018 4503 1415 3088 229 640
internal_count=7864 3315 1247 4549 2068 1428 1018 4503 1415 3088 229 640
is_linear=0
shrinkage=0.08


Tree=9
num_leaves=13
num_cat=0
split_feature=15 17 27 30 24 33 24 10 22 3 9 23
split_gain=103.686 44.3015 24.9822 13.9226 11.175 10.9626 10.83 9.14311 7.74954 6.8957 2.57088 1.3424
threshold=5.1263539791107187 87.069446563720717 47.779188156127937 0.9241071641445161 391.68750000000006 57.31659126281739 411.58334350585943 0.84455949068069469 5.5938305854797372 0.01124999998137355 0.56741902232170116 23.277916908264164
decision_type=2 2 2 2 2 2 2 2 2 2 2 2
left_child=3 2 4 7 -2 10 -7 9 -9 -1 -3 -4
right_child=1 5 11 -5 -6 6 -8 8 -10 -11 -12 -13
leaf_value=-0.31907367815765819 0.35062659923320266 -0.25288925845810911 0.53212160919828111 0.32940969805650383 -0.29763328921457571 0.27886436130383147 -0.12600961226860108 0.12843396081336814 -0.40062719640237932 0.11219311606972894 -0.54726086619143932 0.91014019803204971
leaf_weight=2410 485 479 333 46 141 1153 275 178 1237 678 161 288
leaf_count=2410 485 479 333 46 141 1153 275 178 1237 678 161 288
internal_value=0.000254291 0.0110133 0.0229167 -0.00758681 0.0116108 0.00382794 0.00772568 -0.0080373 -0.0133616 -0.00559404 -0.00486739 0.0342765
internal_weight=7864 3315 1247 4549 626 2068 1428 4503 1415 3088 640 621
internal_count=7864 3315 1247 4549 626 2068 1428 4503 1415 3088 640 621
is_linear=0
shrinkage=0.08


Tree=10
num_leaves=13
num_cat=0
split_feature=15 17 27 30 0 33 18 24 33 7 9 23
split_gain=89.8911 37.4572 29.6964 13.7206 11.9914 10.0098 9.31713 8.99571 7.3564 3.97391 2.57088 2.06441
threshold=5.1263539791107187 87.069446563720717 47.779188156127937 0.9241071641445161 397.66667175292974 57.31659126281739 0.48958332836627966 426.38392639160162 67.552051544189467 0.45220860838890081 0.56741902232170116 23.277916908264164
decision_type=2 2 2 2 2 2 2 2 2 2 2 2
left_child=3 2 4 6 -2 10 8 -7 -1 -8 -3 -4
right_child=1 5 11 -5 -6 7 9 -9 -10 -11 -12 -13
leaf_value=-0.26172340814106121 0.40375175787896839 -0.23265811778146031 0.4895518804624186 0.30305692221198344 -0.055017663963617881 0.22062342083691788 -0.38681563552297832 -0.16795109060156604 0.64095686282837039 -0.49383733685438813 -0.5034799968961241 0.83732898218948582
leaf_weight=3997 441 479 333 46 185 1237 99 191 97 310 161 288
leaf_count=3997 441 479 333 46 185 1237 99 191 97 310 161 288
internal_value=3.05149e-05 0.0100483 0.0209936 -0.00727033 0.00867624 0.00344128 -0.00771758 0.00716585 -0.0065641 -0.0192195 -0.00486739 0.0333762
internal_weight=7864 3315 1247 4549 626 2068 4503 1428 4094 409 640 621
internal_count=7864 3315 1247 4549 626 2068 4503 1428 4094 409 640 621
is_linear=0
shrinkage=0.08


Tree=11
num_leaves=13
num_cat=0
split_feature=15 17 27 30 0 3 18 55 2 26 7 3
split_gain=78.9466 33.2164 26.0901 13.5201 10.5376 8.72685 8.28458 6.42899 6.33129 5.3986 3.43756 2.52288
threshold=5.1263539791107187 87.069446563720717 47.779188156127937 0.9241071641445161 397.66667175292974 19.651574134826664 0.48958332836627966 0.013472222257405521 1625.5000000000002 11557.500000000002 0.45220860838890081 18.804142951965336
decision_type=2 2 2 2 2 2 2 2 2 2 2 2
left_child=3 2 4 6 -2 9 8 -7 -1 -3 -8 -4
right_child=1 5 11 -5 -6 7 10 -9 -10 -11 -12 -13
leaf_value=-0.18110066963203061 0.37145161724865089 0.093394169298977661 0.46525452079690949 0.27881236843502477 -0.05061625084652846 0.42510611387905584 -0.35587038468114002 0.16185923013882147 -0.33414903097421972 -0.29586888234628961 -0.45433034990603705 0.83727610477643621
leaf_weight=3192 441 1293 429 46 185 130 99 116 902 529 310 192
leaf_count=3192 441 1293 429 46 185 130 99 116 902 529 310 192
internal_value=-0.000111888 0.00927624 0.0195833 -0.00695385 0.00803828 0.00305462 -0.00739787 0.017166 -0.00631013 0.00114098 -0.0182439 0.0311897
internal_weight=7864 3315 1247 4549 626 2068 4503 246 4094 1822 409 621
internal_count=7864 3315 1247 4549 626 2068 4503 246 4094 1822 409 621
is_linear=0
shrinkage=0.08


Tree=12
num_leaves=13
num_cat=0
split_feature=15 0 1 30 26 6 18 34 42 3 42 40
split_gain=70.3325 31.1436 25.2763 13.2659 10.871 9.80828 8.04926 6.5963 5.22844 3.27755 3.11361 2.22313
threshold=5.1263539791107187 426.45834350585943 653.64935302734386 0.9241071641445161 11557.500000000002 0.12500000372529033 0.36458332836627966 53.266767501831062 -0.63405361771583546 18.804142951965336 -0.63405361771583546 0.721052646636963
decision_type=2 2 2 2 2 2 2 2 2 2 2 2
left_child=3 4 9 6 5 -2 7 -1 -8 -3 -6 -4
right_child=1 2 11 -5 10 -7 8 -9 -10 -11 -12 -13
leaf_value=-0.19599946858859502 0.4196428705638266 0.43429336199730656 0.050413151392439487 0.25650737896022291 -0.41497538033668291 0.11095301214762784 -0.42720144532147125 0.57098441148813905 -0.35965362674474888 0.77029401639432138 -0.21843183176662884 -0.017497920384904261
leaf_weight=2922 328 436 165 46 89 1662 188 248 1145 192 390 53
leaf_count=2922 328 436 165 46 89 1662 188 248 1145 192 390 53
internal_value=-9.15448e-05 0.0087696 0.0220071 -0.00654945 0.00422672 0.00683074 -0.00698934 -0.00479344 -0.0122039 0.0301431 -0.00658333 -0.00146119
internal_weight=7864 3315 846 4549 2469 1990 4503 3170 1333 628 479 218
internal_count=7864 3315 846 4549 2469 1990 4503 3170 1333 628 479 218
is_linear=0
shrinkage=0.08


Tree=13
num_leaves=14
num_cat=0
split_feature=5 36 15 30 25 16 18 3 9 3 49 42 47
split_gain=64.0949 33.7689 18.6661 13.2028 7.98083 7.7246 7.33137 6.7103 4.7633 4.11517 3.40379 3.23556 1.19456
threshold=53.734167098999031 501.50000000000006 5.1263539791107187 0.9241071641445161 772.42044067382824 71.133205413818374 0.32291667163372045 15.635231494903566 0.46936342120170599 18.804142951965336 32.445138931274421 -0.63405361771583546 1.0000000180025095e-35
decision_type=2 2 2 2 2 2 2 2 2 2 2 2 2
left_child=2 7 3 6 5 -4 -1 11 -6 12 -9 -2 -3
right_child=1 9 4 -5 8 -7 -8 10 -10 -11 -12 -13 -14
leaf_value=-0.17172819087365973 -0.27553952525564401 0.44509432663127213 0.21231587146071262 0.23598678864340514 0.12834536543665906 -0.131174291432678 -0.26715246509170809 0.3241071698249306 -0.26798148363735735 0.7086704950827758 -0.25568172482838974 -0.070296208167647617 0.37494247297686739
leaf_weight=2526 44 220 758 46 597 289 1860 406 401 192 46 263 216
leaf_count=2526 44 220 758 46 597 289 1860 406 401 192 46 263 216
internal_value=-0.00018309 0.0154179 -0.00352578 -0.00644259 0.0027957 0.00767176 -0.00689309 0.00405263 -0.00232232 0.0291256 0.0102428 -0.00506494 0.024714
internal_weight=7864 1387 6477 4432 2045 1047 4386 759 998 628 452 307 436
internal_count=7864 1387 6477 4432 2045 1047 4386 759 998 628 452 307 436
is_linear=0
shrinkage=0.08


Tree=14
num_leaves=14
num_cat=0
split_feature=5 36 15 30 18 25 16 3 3 9 42 49 40
split_gain=59.4733 32.5183 15.874 13.0232 7.17766 6.92705 6.70127 6.40139 4.54062 4.11095 2.76591 2.45246 1.31357
threshold=53.734167098999031 501.50000000000006 5.1263539791107187 0.9241071641445161 0.48958332836627966 772.42044067382824 71.133205413818374 19.187766075134281 18.804142951965336 0.46936342120170599 0.52778512239456188 41.40777778625489 0.68947368860244762
decision_type=2 2 2 2 2 2 2 2 2 2 2 2 2
left_child=2 7 3 4 -1 6 -4 10 12 -7 -2 -9 -3
right_child=1 8 5 -5 -6 9 -8 11 -10 -11 -12 -13 -14
leaf_value=-0.17994273085220031 -0.22500749833651085 0.34036327577281528 0.19533060174385555 0.21710784555193272 -0.35292312017245792 0.1180777362017264 -0.1206803481180637 0.29307061172459842 0.6519768554761538 -0.24654296494636882 0.087441038921776057 -0.26063238327051891 0.55391004024331791
leaf_weight=3977 197 312 758 46 409 597 289 393 192 401 136 33 124
leaf_count=3977 197 312 758 46 409 597 289 393 192 401 136 33 124
internal_value=-0.00024412 0.0147839 -0.00346403 -0.00615385 -0.00660132 0.00236559 0.0069084 0.00363158 0.0282353 -0.0024024 -0.00467066 0.0101171 0.0236156
internal_weight=7864 1387 6477 4432 4386 2045 1047 759 628 998 333 426 436
internal_count=7864 1387 6477 4432 4386 2045 1047 759 628 998 333 426 436
is_linear=0
shrinkage=0.08


Tree=15
num_leaves=14
num_cat=0
split_feature=5 36 17 30 24 1 18 3 24 50 3 40 40
split_gain=52.4735 27.5637 14.2677 13.3109 10.4332 8.30484 7.61047 5.83347 5.4454 3.23361 2.90843 2.14366 1.40675
threshold=53.734167098999031 501.50000000000006 61.753749847412116 0.9241071641445161 309.39137268066412 82.976108551025405 0.36458332836627966 18.804142951965336 402.09524536132818 124.50000000000001 0.44980326294898992 0.57368421554565441 0.76315790414810192
decision_type=2 2 2 2 2 2 2 2 2 2 2 2 2
left_child=2 8 3 6 10 -6 -1 12 9 -2 -4 -10 -3
right_child=1 7 4 -5 5 -7 -8 -9 11 -11 -12 -13 -14
leaf_value=-0.13473245545059798 0.26031520875831021 0.31714023902904104 -0.25005528212314931 0.1997392179077781 -0.058106229581023711 0.24704999514170795 -0.31747034861243723 0.5998187070380615 -0.072302888851161026 -0.34064034442348573 0.3584607005531727 -0.22642912442173838 0.52612323981476039
leaf_weight=2721 534 341 1050 46 504 889 1056 192 110 60 211 55 95
leaf_count=2721 534 341 1050 46 504 889 1056 192 110 60 211 55 95
internal_value=-0.000427209 0.0136888 -0.00345168 -0.0065795 0.00105461 0.00582496 -0.00710429 0.0260731 0.00342105 0.0069916 -0.00421553 -0.00939759 0.0208696
internal_weight=7864 1387 6477 3823 2654 1393 3777 628 759 594 1261 165 436
internal_count=7864 1387 6477 3823 2654 1393 3777 628 759 594 1261 165 436
is_linear=0
shrinkage=0.08


Tree=16
num_leaves=13
num_cat=0
split_feature=3 24 24 33 30 0 40 43 12 1 0 56
split_gain=47.5426 18.2002 13.2264 12.6686 10.7937 4.531 4.44898 3.98107 2.91013 2.88631 1.6396 0.781729
threshold=18.336203575134281 599.31250000000011 415.99107360839849 67.552051544189467 0.9241071641445161 478.20832824707037 0.75263157486915599 0.81241145730018627 397.91667175292974 164.09041595458987 650.79165649414074 82.500000000000014
decision_type=2 2 2 2 2 2 2 2 2 2 2 2
left_child=1 3 7 4 -1 11 -5 9 -9 -2 -7 -3
right_child=2 5 -4 6 -6 10 -8 8 -10 -11 -12 -13
leaf_value=-0.12063084313639066 0.25098706964196266 -0.3819082385541841 0.55183321047501666 0.36809475846834533 0.18376008047515599 0.38429663590188284 2.3151056270592019 -0.28736333108264661 0.24951718522333977 0.39933464948351571 0.23191849690800267 0.5517398414604745
leaf_weight=6376 344 40 192 208 46 144 43 60 55 134 192 30
leaf_count=6376 344 40 192 208 46 144 43 60 55 134 192 30
internal_value=-0.000396694 -0.00246893 0.0182697 -0.00347018 -0.00416005 0.0139558 0.014127 0.0123232 -0.00103448 0.0155324 0.0178042 -0.00450704
internal_weight=7864 7079 785 6673 6422 406 251 593 115 478 336 70
internal_count=7864 7079 785 6673 6422 406 251 593 115 478 336 70
is_linear=0
shrinkage=0.08


Tree=17
num_leaves=13
num_cat=0
split_feature=3 15 6 24 30 24 36 40 43 1 58 42
split_gain=41.3798 17.6693 15.234 12.4578 11.4096 7.87908 6.42277 5.18757 4.06102 3.00518 2.14982 0.314991
threshold=18.336203575134281 5.1263539791107187 0.20833333581686023 415.99107360839849 0.9241071641445161 322.95684814453131 4.5000000000000009 0.44736842811107641 0.68322628736495983 164.09041595458987 0.039027778431773193 -0.58216583728790272
decision_type=2 2 2 2 2 2 2 2 2 2 2 2
left_child=1 4 5 8 6 -3 -1 -4 9 -2 -10 -5
right_child=3 2 7 11 -6 -7 -8 -9 10 -11 -12 -13
leaf_value=-0.2677745103322805 0.24033195605171812 0.036962029514471764 0.043722698510725168 0.42525323454521841 0.16905927403714344 0.21350438903103083 -0.072633449434150246 -0.19747199537484661 0.18514510049867114 0.36981005770061559 -0.19702653987479907 0.53953088347099964
leaf_weight=2017 318 563 582 58 46 871 2486 514 82 125 68 134
leaf_count=2017 318 563 582 58 46 871 2486 514 82 125 68 134
internal_value=-0.000264463 -0.00219774 0.00316081 0.0171501 -0.00517802 0.00858537 -0.00558615 -0.00393801 0.0113805 0.0152252 0 0.0348187
internal_weight=7864 7079 2530 785 4549 1434 4503 1096 593 443 150 192
internal_count=7864 7079 2530 785 4549 1434 4503 1096 593 443 150 192
is_linear=0
shrinkage=0.08


Tree=18
num_leaves=13
num_cat=0
split_feature=4 36 30 33 34 15 3 40 42 36 42 42
split_gain=38.4914 23.9216 10.4385 10.0918 7.76167 7.49288 5.5261 4.80429 3.67521 1.62504 1.31701 0.896707
threshold=14.263612270355226 501.50000000000006 0.9241071641445161 68.641983032226577 48.747930526733406 14.42046642303467 18.804142951965336 0.75263157486915599 0.58216583728790294 604.00000000000011 -0.77259656786918629 -0.58216583728790272
decision_type=2 2 2 2 2 2 2 2 2 2 2 2
left_child=2 4 3 5 10 -1 9 -5 -6 -3 -2 -8
right_child=1 6 -4 7 8 -7 11 -9 -10 -11 -12 -13
leaf_value=-0.16684422103285343 -0.14420215644965281 0.34586626666055592 0.15553453211417206 0.32835809428920748 0.04921610151457273 0.12481030389077517 0.39123297578160104 2.1513191377210483 0.31400810830781495 0.23429664380485918 -0.083279351356237333 0.49636841279331978
leaf_weight=5077 51 151 46 154 698 545 58 43 357 285 265 134
leaf_count=5077 51 151 46 154 698 545 58 43 357 285 265 134
internal_value=-0.00024412 0.00934 -0.00351176 -0.00381443 0.00341108 -0.00443891 0.0222576 0.0139394 0.00670455 0.0172082 -0.00757098 0.0335751
internal_weight=7864 1999 5865 5819 1371 5622 628 197 1055 436 316 192
internal_count=7864 1999 5865 5819 1371 5622 628 197 1055 436 316 192
is_linear=0
shrinkage=0.08


Tree=19
num_leaves=13
num_cat=0
split_feature=3 24 24 30 33 0 43 4 12 50 49 42
split_gain=35.2866 13.3234 12.287 10.0613 10.0281 5.23547 3.70496 2.32626 2.22847 1.25978 1.15737 0.896707
threshold=18.336203575134281 578.15774536132824 415.99107360839849 0.9241071641445161 67.552051544189467 225.83333587646487 0.84874749183654796 22.572502136230472 397.91667175292974 15.500000000000002 33.178750991821296 -0.58216583728790272
decision_type=2 2 2 2 2 2 2 2 2 2 2 2
left_child=1 3 6 4 -1 10 7 -2 -8 -7 -3 -4
right_child=2 5 11 -5 -6 9 8 -9 -10 -11 -12 -13
leaf_value=-0.097235062275903061 0.34137692370363482 0.018412820617863729 0.35993433771907291 0.14309176954503841 0.61866949366971713 0.14651068314842669 -0.44465495526427734 0.22743901413196141 0.21031179566367939 0.25477428718962414 -0.48204152857877619 0.45665893976985417
leaf_weight=6235 61 95 58 46 251 150 54 429 49 270 32 134
leaf_count=6235 61 95 58 46 251 150 54 429 49 270 32 134
internal_value=-5.08582e-05 -0.00183616 0.0160305 -0.00284096 -0.00310775 0.010146 0.010303 0.0131976 -0.00346154 0.0144418 -0.0040625 0.0335751
internal_weight=7864 7079 785 6532 6486 547 593 490 103 420 127 192
internal_count=7864 7079 785 6532 6486 547 593 490 103 420 127 192
is_linear=0
shrinkage=0.08


Tree=20
num_leaves=15
num_cat=0
split_feature=4 36 33 33 36 6 42 3 34 12 59 50 56 56
split_gain=30.064 18.1561 10.4904 7.82496 7.02141 6.92566 5.76122 5.59484 5.32714 4.62977 3.59076 2.98355 2.67193 1.16176
threshold=14.263612270355226 501.50000000000006 60.623920440673835 60.882850646972663 4.5000000000000009 0.20833333581686023 0.2269546836614609 18.804142951965336 48.747930526733406 375.32292175292974 52.500000000000007 2.5000000000000004 64.500000000000014 7.5000000000000009
decision_type=2 2 2 2 2 2 2 2 2 2 2 2 2 2
left_child=2 8 4 12 6 -5 -1 11 13 -6 -10 -3 -4 -2
right_child=1 7 3 5 9 -7 -8 -9 10 -11 -12 -13 -14 -15
leaf_value=-0.30577708300129486 -0.10537697840088328 -0.0079833968179664795 0.64186659595018536 0.22624030992167193 -0.0033744719631781097 -0.16183678391878148 -0.15850042151436414 0.39069293601404698 0.073699822764157263 -0.17517305582285667 0.25582485874877747 0.25802206418843182 3.1770998844799467 0.13426749181396047
leaf_weight=803 281 54 75 572 2215 271 1336 192 897 557 158 382 36 35
leaf_count=803 281 54 75 572 2215 271 1336 192 897 557 158 382 36 35
internal_value=-1.01716e-05 0.00846 -0.00289806 0.00477487 -0.00438925 0.0021327 -0.00783178 0.0197138 0.00329446 -0.00173098 0.00602273 0.0146453 0.0246429 -0.00580442
internal_weight=7864 1999 5865 954 4911 843 2139 628 1371 2772 1055 436 111 316
internal_count=7864 1999 5865 954 4911 843 2139 628 1371 2772 1055 436 111 316
is_linear=0
shrinkage=0.08


Tree=21
num_leaves=15
num_cat=0
split_feature=3 19 28 24 22 40 36 52 43 3 59 12 42 55
split_gain=28.9855 10.9296 14.1764 10.4375 6.43703 6.17872 5.04913 4.27658 3.14866 3.10648 2.62113 2.22847 0.884445 0.85403
threshold=18.336203575134281 0.46745844185352331 135.33777618408206 415.99107360839849 7.5320606231689462 0.39473684132099157 4.5000000000000009 0.12819444388151172 0.84874749183654796 0.055601852014660842 84.500000000000014 397.91667175292974 -0.58216583728790272 2.5618056058883671
decision_type=2 2 2 2 2 2 2 2 2 2 2 2 2 2
left_child=1 2 4 8 -1 -4 7 -3 10 -8 -2 -10 -5 -14
right_child=3 6 5 12 -6 -7 9 -9 11 -11 -12 -13 13 -15
leaf_value=0.17376306678153014 0.19849482185125822 -0.30989266496231088 -0.0010695608565199422 0.29988415582042338 -0.00098094716534504302 -0.27451663901803375 -0.24022973122719107 -0.12850972677267936 -0.42226354610365263 0.011318867301836519 0.29277571765700133 0.18759086618945248 0.42635965079112625 0.29902627676768873
leaf_weight=1235 454 617 1532 58 750 994 524 554 54 873 36 49 84 50
leaf_count=1235 454 617 1532 58 750 994 524 554 54 873 36 49 84 50
internal_value=-7.12015e-05 -0.00168927 0.000682624 0.0145038 0.00574018 -0.00329244 -0.00585442 -0.00972696 0.00922559 -0.00260372 0.0118941 -0.00346154 0.0306736 0.0343704
internal_weight=7864 7079 4511 785 1985 2526 2568 1171 593 1397 490 103 192 134
internal_count=7864 7079 4511 785 1985 2526 2568 1171 593 1397 490 103 192 134
is_linear=0
shrinkage=0.08


Tree=22
num_leaves=15
num_cat=0
split_feature=3 7 2 15 30 6 58 40 49 42 36 43 43 4
split_gain=26.3751 10.3651 10.1167 8.88469 9.35015 6.88264 4.01514 2.90684 2.58447 2.18822 2.10227 1.26405 1.25607 0.457819
threshold=18.336203575134281 0.49300666153430944 808.50000000000011 4.2685067653656015 0.9241071641445161 0.20833333581686023 3.2080556154251103 0.13157894462347033 13.256944656372072 0.032701563090086053 10.500000000000002 -0.22695468366146085 -0.22695468366146085 26.676914215087894
decision_type=2 2 2 2 2 2 2 2 2 2 2 2 2 2
left_child=1 3 8 4 -1 -5 10 -4 9 -2 -3 -8 -10 -9
right_child=2 6 7 5 -6 -7 11 13 12 -11 -12 -13 -14 -15
leaf_value=-0.11136206318474479 0.030030670699749466 -0.35030213987378939 0.14000770163634413 0.12658315622084018 0.066394054962898394 -0.064164637189901022 -0.30676053418763027 0.27846191588579755 0.097110812248753009 0.3466453239233715 -0.13147898260584256 0.44595310270272648 -0.22840758650597237 0.32731105790166437
leaf_weight=3899 127 209 52 1635 46 930 80 141 57 170 191 89 72 166
leaf_count=3899 127 209 52 1635 46 930 80 141 57 170 191 89 72 166
internal_value=-0.000111888 -0.00165537 0.0137913 -0.000749501 -0.00313229 0.00291504 -0.012 0.0236667 0.00543326 0.0095302 -0.0163591 -0.00164706 -0.004 0.0266234
internal_weight=7864 7079 785 6510 3945 2565 569 359 426 297 400 169 129 307
internal_count=7864 7079 785 6510 3945 2565 569 359 426 297 400 169 129 307
is_linear=0
shrinkage=0.08


Tree=23
num_leaves=14
num_cat=0
split_feature=3 7 2 17 30 17 22 49 40 58 40 40 42
split_gain=22.7622 9.42111 9.04535 7.7203 8.55316 6.39299 3.31871 2.47276 2.41239 2.03681 2.00291 0.749018 0.62626
threshold=18.336203575134281 0.49300666153430944 808.50000000000011 61.753749847412116 0.9241071641445161 88.95416641235353 8.3169651031494158 37.826110839843757 0.13157894462347033 3.2080556154251103 0.92105263471603405 0.35263158380985266 -0.58216583728790272
decision_type=2 2 2 2 2 2 2 2 2 2 2 2 2
left_child=1 3 7 4 -1 -5 9 10 -4 -3 -2 -8 -10
right_child=2 6 8 5 -6 -7 11 -9 12 -11 -12 -13 -14
leaf_value=-0.096489064008093803 0.20487409730223605 -0.18453652925726183 0.1288070855054366 0.16138392120835307 0.061082530565866482 -0.0067759940106392946 -0.38521907000753158 -0.29608730141319156 0.312286053371094 -0.03709746222744606 -0.22828300133054369 -0.31801130131785843 0.2824011824008234
leaf_weight=3458 356 329 52 997 46 2009 39 38 101 168 32 33 206
leaf_count=3458 356 329 52 997 46 2009 39 38 101 168 32 33 206
internal_value=-0.000142403 -0.00157627 0.0127735 -0.00071264 -0.00326391 0.00226139 -0.0114386 0.00487119 0.0221111 -0.00907631 0.00678663 -0.0273973 0.0248052
internal_weight=7864 7079 785 6510 3504 3006 569 426 359 497 388 72 307
internal_count=7864 7079 785 6510 3504 3006 569 426 359 497 388 72 307
is_linear=0
shrinkage=0.08


Tree=24
num_leaves=14
num_cat=0
split_feature=3 50 7 24 59 36 14 58 50 40 55 49 42
split_gain=19.7146 8.89051 8.19014 8.11588 6.83618 5.29523 5.13219 4.00117 2.47183 2.08852 1.92209 1.22724 1.08295
threshold=18.336203575134281 8.5000000000000018 0.49300666153430944 415.99107360839849 157.50000000000003 501.50000000000006 2337.0000000000005 3.2080556154251103 136.50000000000003 0.92105263471603405 40.389167785644538 71.139305114746108 -0.52778512239456166
decision_type=2 2 2 2 2 2 2 2 2 2 2 2 2
left_child=1 2 4 8 -1 6 -3 -4 9 -2 12 -7 -5
right_child=3 5 7 10 -6 11 -8 -9 -10 -11 -12 -13 -14
leaf_value=-0.075816892297992947 0.17740691763784783 0.0721222792863071 -0.33568150694601129 0.27335892471664069 0.64203633912793934 0.23366303665803231 -0.074873121789707689 -0.11242596036517079 -0.32755643449198912 -0.057217721124991669 0.19429396175949648 -0.011454068816821632 0.31920515560715274
leaf_weight=4753 510 879 307 52 137 288 553 125 38 45 33 37 107
leaf_count=4753 510 879 307 52 137 288 553 125 38 45 33 37 107
internal_value=-0.000162746 -0.00149718 -0.00312606 0.0118575 -0.00219178 0.00343572 0.00133985 -0.0136721 0.00720539 0.00856115 0.026114 0.012638 0.02975
internal_weight=7864 7079 5322 785 4890 1757 1432 432 593 555 192 325 159
internal_count=7864 7079 5322 785 4890 1757 1432 432 593 555 192 325 159
is_linear=0
shrinkage=0.08


Tree=25
num_leaves=15
num_cat=0
split_feature=3 19 1 24 2 15 52 27 24 42 43 59 12 56
split_gain=17.1655 7.74349 7.79955 7.07485 6.11271 5.85249 4.77792 4.03163 2.57334 1.91143 1.76334 2.68793 2.54539 0.761743
threshold=18.336203575134281 0.47483226656913763 348.13084411621099 415.99107360839849 915.50000000000011 2.7915163040161137 0.12819444388151172 49.175724029541023 132.507438659668 -0.47114434838294977 0.84874749183654796 96.500000000000014 397.91667175292974 9.5000000000000018
decision_type=2 2 2 2 2 2 2 2 2 2 2 2 2 2
left_child=1 2 4 10 -1 6 -3 -4 -7 -5 11 -2 -12 -11
right_child=3 5 7 9 -6 8 -8 -9 -10 13 12 -13 -14 -15
leaf_value=0.014587949547548789 0.14845755754100481 -0.25746374380404746 -0.0087394752487370293 0.20285694047563765 0.33374290409123997 1.825009914601738 -0.13228237564737319 -0.29216632552739508 -0.060380239505632968 0.31827089159608024 -0.42418019879773028 0.2194003146118402 0.13840248762537272 0.1901676051521963
leaf_weight=3142 459 574 862 66 472 44 523 536 926 90 54 31 49 36
leaf_count=3142 459 574 862 66 472 44 523 536 926 90 54 31 49 36
internal_value=-7.12015e-05 -0.00131638 0.000383004 0.011145 0.00234578 -0.0054352 -0.00943534 -0.00468906 -0.000906282 0.024456 0.00680135 0.00879837 -0.00269231 0.0302362
internal_weight=7864 7079 5012 785 3614 2067 1097 1398 970 192 593 490 103 126
internal_count=7864 7079 5012 785 3614 2067 1097 1398 970 192 593 490 103 126
is_linear=0
shrinkage=0.08


Tree=26
num_leaves=15
num_cat=0
split_feature=3 50 7 24 26 36 14 58 42 49 43 50 43 56
split_gain=15.3766 7.59426 6.8057 6.00478 5.86042 3.86928 4.23163 3.58003 1.77413 1.64641 1.48501 1.19384 0.911061 0.663353
threshold=18.336203575134281 8.5000000000000018 0.49300666153430944 415.99107360839849 20239.500000000004 501.50000000000006 2337.0000000000005 3.2080556154251103 -0.58216583728790272 32.445138931274421 0.84874749183654796 51.500000000000007 0.47114434838294988 9.5000000000000018
decision_type=2 2 2 2 2 2 2 2 2 2 2 2 2 2
left_child=1 2 4 9 -1 6 -3 -4 -5 10 -2 -7 -11 -10
right_child=3 5 7 8 -6 11 -8 -9 13 12 -12 -13 -14 -15
leaf_value=-0.035227107886698195 0.1807774036544498 0.070117011851990013 -0.28822988688600659 0.18662838523758637 -0.19946706563763245 0.23529954256034727 -0.070050308010334988 -0.080058577493765534 0.29275367827620641 0.013086238210482293 -0.01562262136265531 0.10888997930680731 -0.34837870819868827 0.17678846462921741
leaf_weight=4694 439 879 307 58 196 161 553 125 97 33 91 164 30 37
leaf_count=4694 439 879 307 58 196 161 553 125 97 33 91 164 30 37
internal_value=-8.13732e-05 -0.00125989 -0.00276536 0.0105344 -0.00191372 0.0032992 0.00150733 -0.0123788 0.0227979 0.00653199 0.00798493 0.0111656 -0.005625 0.0278519
internal_weight=7864 7079 5322 785 4890 1757 1432 432 192 593 530 325 63 134
internal_count=7864 7079 5322 785 4890 1757 1432 432 192 593 530 325 63 134
is_linear=0
shrinkage=0.08


Tree=27
num_leaves=13
num_cat=0
split_feature=15 30 3 6 59 2 18 40 33 40 33 42
split_gain=13.7167 8.47963 6.38132 6.90702 6.31957 5.52633 4.89716 3.91825 3.45173 2.79894 2.76952 2.08758
threshold=4.2685067653656015 0.9241071641445161 18.336203575134281 0.20833333581686023 122.50000000000001 808.50000000000011 0.48958332836627966 0.44736842811107641 57.976427078247077 0.16315789520740512 68.641983032226577 0.09796465560793878
decision_type=2 2 2 2 2 2 2 2 2 2 2 2
left_child=1 4 3 10 6 11 -1 -5 -6 -7 -2 -4
right_child=2 -3 5 7 8 9 -8 -9 -10 -11 -12 -13
leaf_value=-0.10703177827765444 0.079620154705370677 0.06302351141473253 -0.032717416605090081 0.022373116395620514 0.011933227600898419 0.062702799895873226 -0.21380825334884315 -0.11620748883407914 0.64046376841301833 0.22033138468225161 1.4941691222489846 0.2095219863294355
leaf_weight=3584 1533 46 212 630 189 63 324 571 100 296 102 214
leaf_count=3584 1533 46 212 630 189 63 324 571 100 296 102 214
internal_value=-7.12015e-05 -0.0031574 0.003545 0.00177652 -0.00353502 0.00992366 -0.00437964 -0.00282862 0.00786207 0.0172222 0.00515892 0.00374707
internal_weight=7864 4243 3621 2836 4197 785 3908 1201 289 359 1635 426
internal_count=7864 4243 3621 2836 4197 785 3908 1201 289 359 1635 426
is_linear=0
shrinkage=0.08


Tree=28
num_leaves=15
num_cat=0
split_feature=3 7 30 17 24 22 49 50 42 43 56 40 53 43
split_gain=11.8597 6.33106 5.70631 5.95363 4.64608 3.28794 2.50115 2.37577 2.02974 1.29882 1.19829 0.802322 0.518657 0.348561
threshold=18.336203575134281 0.49300666153430944 0.9241071641445161 8.1347222328186053 415.99107360839849 8.3169651031494158 32.445138931274421 7.5000000000000009 -0.47114434838294977 0.84874749183654796 9.5000000000000018 0.35263158380985266 94.500000000000014 0.47114434838294988
decision_type=2 2 2 2 2 2 2 2 2 2 2 2 2 2
left_child=1 2 3 -1 6 7 9 -3 12 -2 -10 -7 -6 -8
right_child=4 5 -4 -5 8 11 13 -9 10 -11 -12 -13 -14 -15
leaf_value=-0.19402615281508026 0.15092434524326961 -0.25145814982464143 0.057981630501553812 0.008534242671646694 0.068538156378374432 -0.27532899113383147 -0.0042900185875694779 0.011076037699803223 0.25767861208996917 -0.026917446378043906 0.14948975218655788 -0.20495572593363709 0.19133814417134318 -0.32758059433176701
leaf_weight=1389 439 362 46 5075 33 39 33 135 90 91 36 33 33 30
leaf_count=1389 439 362 46 5075 33 39 33 135 90 91 36 33 33 30
internal_value=-0.000213605 -0.00124859 -0.000540624 -0.000742459 0.00910941 -0.00933333 0.00558923 -0.00698795 0.0198964 0.0073823 0.0258268 -0.0252055 0.00835821 -0.009375
internal_weight=7864 7079 6510 6464 785 569 593 497 192 530 126 72 66 63
internal_count=7864 7079 6510 6464 785 569 593 497 192 530 126 72 66 63
is_linear=0
shrinkage=0.08


Tree=29
num_leaves=13
num_cat=0
split_feature=3 30 17 7 34 24 49 42 43 56 53 50
split_gain=11.4491 5.96395 6.42171 5.69691 4.79726 4.73449 2.05887 2.02974 1.2104 1.19829 0.518657 0.508487
threshold=18.336203575134281 0.9241071641445161 8.1347222328186053 0.45220860838890081 56.690523147583015 415.99107360839849 32.445138931274421 -0.47114434838294977 0.84874749183654796 9.5000000000000018 94.500000000000014 119.50000000000001
decision_type=2 2 2 2 2 2 2 2 2 2 2 2
left_child=1 2 4 -4 -1 6 8 10 -2 -9 -7 -8
right_child=5 -3 3 -5 -6 7 11 9 -10 -11 -12 -13
leaf_value=-0.1894481543106673 0.13885039762380813 0.053343100061429428 0.022560773354149504 -0.11645399767650705 4.2977826410937654 0.063055103868104534 -0.0015040441456608278 0.23706432312277173 -0.024764050667800463 0.13753057201163302 0.176031092637636 -0.33171076301772973
leaf_weight=1509 439 46 4452 1030 42 33 33 90 91 36 33 30
leaf_count=1509 439 46 4452 1030 42 33 33 90 91 36 33 30
internal_value=-0.000152575 -0.00116949 -0.00135911 -7.29528e-05 -0.00590206 0.00900763 0.00545455 0.0198964 0.00708098 0.0258268 0.00835821 -0.008125
internal_weight=7864 7079 7033 5482 1551 785 593 192 530 126 66 63
internal_count=7864 7079 7033 5482 1551 785 593 192 530 126 66 63
is_linear=0
shrinkage=0.08


Tree=30
num_leaves=13
num_cat=0
split_feature=4 30 33 36 40 7 58 43 10 24 49 40
split_gain=9.97842 6.29223 5.64165 5.54606 5.2355 4.271 3.11333 3.27125 3.04403 2.39999 1.62007 1.06278
threshold=11.294914245605471 0.9241071641445161 68.641983032226577 501.50000000000006 0.75263157486915599 0.49300666153430944 7.7918055057525644 -0.99465191364288319 1.5177347064018252 599.31250000000011 0.34347222745418554 0.77368420362472545
decision_type=2 2 2 2 2 2 2 2 2 2 2 2
left_child=1 2 5 6 -4 -1 7 -2 -8 11 -11 -5
right_child=3 -3 4 9 -6 -7 8 -9 -10 10 -12 -13
leaf_value=-0.049376483405492555 -0.40435833986058156 0.049075652056515082 0.29860213024203736 0.13188502556288001 1.9640707417800087 -0.1833422636687046 0.12836109566387818 0.0066313054886865076 -0.41432528373779653 -0.038646939500993939 0.14659835902221119 0.38592844724976233
leaf_weight=5090 36 46 154 226 43 438 357 1035 37 45 291 66
leaf_count=5090 36 46 154 226 43 438 357 1035 37 45 291 66
internal_value=-0.000203433 -0.00191961 -0.00215857 0.00452722 0.0111111 -0.00263339 0.0018281 -0.000410448 0.00789873 0.0108108 0.00617211 0.0161092
internal_weight=7864 5771 5725 2093 197 5528 1465 1071 394 628 336 292
internal_count=7864 5771 5725 2093 197 5528 1465 1071 394 628 336 292
is_linear=0
shrinkage=0.08


Tree=31
num_leaves=15
num_cat=0
split_feature=50 36 25 24 59 15 14 21 44 42 23 55 3 55
split_gain=9.33353 6.98437 4.57675 4.66221 4.6866 4.63006 4.34101 3.68751 4.71859 3.74452 3.28639 2.37031 1.7109 2.44362
threshold=8.5000000000000018 501.50000000000006 1031.3113403320315 231.17559814453128 89.500000000000014 0.34703703224658972 2337.0000000000005 4.641446828842164 -1.0000000180025095e-35 -0.63405361771583546 22.768055915832523 74.31333160400392 18.804142951965336 10.119444370269777
decision_type=2 2 2 2 2 2 2 2 2 2 2 2 2 2
left_child=2 6 3 4 -1 -5 10 8 -4 -9 -2 -8 -3 -14
right_child=1 12 7 5 -6 -7 11 9 -10 -11 -12 -13 13 -15
leaf_value=-0.18544606129397692 -0.0051965095345312311 0.13963967537837305 -0.19014695056410269 0.59430510221132982 0.10402864661087165 0.0055741623645046805 -0.11350948184136264 -0.20184714415417787 0.066017963960316173 -0.13453754546507676 0.10509086733650407 0.17766154481398444 0.18496418796122555 0.051036996189305343
leaf_weight=1850 484 418 351 329 403 1928 542 53 473 234 581 41 127 50
leaf_count=1850 484 418 351 329 403 1928 542 53 473 234 581 41 127 50
internal_value=-0.000172918 0.00418895 -0.00191391 -0.000780315 -0.00335404 0.00178919 0.00150394 -0.00651079 -0.00378182 -0.0143056 0.00454034 -0.0040411 0.0116107 0.0182022
internal_weight=7864 2243 5621 4510 2253 2257 1648 1111 824 287 1065 583 595 177
internal_count=7864 2243 5621 4510 2253 2257 1648 1111 824 287 1065 583 595 177
is_linear=0
shrinkage=0.08


Tree=32
num_leaves=15
num_cat=0
split_feature=15 25 40 59 24 33 7 34 33 22 43 1 3 59
split_gain=9.89778 4.46462 9.15494 4.23375 3.94791 3.62742 3.50716 3.7249 3.49181 2.83291 2.46289 1.79188 1.63162 0.579588
threshold=4.2685067653656015 1113.5874023437502 0.43684209883213049 163.50000000000003 309.39137268066412 57.296092987060554 0.49300666153430944 54.86737251281739 60.258541107177741 7.2775821685791025 -0.52778512239456166 372.62428283691412 5.1471064090728769 217.50000000000003
decision_type=2 2 2 2 2 2 2 2 2 2 2 2 2 2
left_child=3 4 11 6 10 13 7 -1 -6 -8 -2 -3 -4 -5
right_child=1 2 12 5 8 -7 9 -9 -10 -11 -12 -13 -14 -15
leaf_value=-0.084587947681573045 -0.20446047445145993 0.88131648047141298 -0.26160069618988169 -0.13756221856095655 0.05851110638986725 1.5252073443858996 -0.085465822733320637 0.52748844505114878 0.16806227899870066 -0.17214786449415137 0.028274508631350274 -0.19343075440466387 -0.16186287545421407 0.20359544112670633
leaf_weight=3658 279 84 32 30 1918 64 143 163 548 155 597 51 112 30
leaf_count=3658 279 84 32 30 1918 64 143 163 548 155 597 51 112 30
internal_value=-0.000366179 0.00270569 -0.007 -0.00298775 0.0035178 0.01152 -0.00342718 -0.00277342 0.00515606 -0.0117726 -0.00109464 0.00794118 -0.0209655 -0.00262295
internal_weight=7864 3621 279 4243 3342 124 4119 3821 2466 298 876 135 144 60
internal_count=7864 3621 279 4243 3342 124 4119 3821 2466 298 876 135 144 60
is_linear=0
shrinkage=0.08


Tree=33
num_leaves=15
num_cat=0
split_feature=5 7 36 33 40 40 28 58 50 56 22 49 43 58
split_gain=7.01757 4.98422 4.47848 3.9281 4.9791 3.60491 3.31648 2.69271 2.80465 2.45945 2.14266 1.60105 1.67614 0.995561
threshold=43.516109466552741 0.49300666153430944 501.50000000000006 68.641983032226577 0.75263157486915599 0.4052631556987763 12.3620662689209 3.2080556154251103 7.5000000000000009 44.500000000000007 8.1673135757446307 0.34347222745418554 -0.2901292592287063 9.8933334350585955
decision_type=2 2 2 2 2 2 2 2 2 2 2 2 2 2
left_child=1 3 5 6 -5 10 -1 8 -3 -7 -2 -4 -13 -9
right_child=2 7 11 4 -6 9 -8 13 -10 -11 -12 12 -14 -15
leaf_value=-0.14160370410437179 0.19130186055153103 -0.20478413813876978 -0.028507449543183724 0.28524712879211078 1.8285478031556519 -0.013278224501012516 -0.018518686181356794 0.32804814770481533 0.20379035757959638 -0.19141167855655852 -0.07116210691673501 0.062048518467837543 0.16168440441880591 -0.13306959655308931
leaf_weight=336 443 271 57 154 43 601 4990 36 38 110 121 241 330 93
leaf_count=336 443 271 57 154 43 601 4990 36 38 110 121 241 330 93
internal_value=-0.000467896 -0.00181818 0.0037605 -0.00116582 0.00989899 0.00103448 -0.00157687 -0.0100228 -0.0140645 -0.00275281 0.00580531 0.00928458 0.0105594 -0.000307692
internal_weight=7864 5961 1903 5523 197 1275 5326 438 309 711 564 628 571 129
internal_count=7864 5961 1903 5523 197 1275 5326 438 309 711 564 628 571 129
is_linear=0
shrinkage=0.08


Tree=34
num_leaves=15
num_cat=0
split_feature=4 7 36 33 40 35 58 50 58 43 43 12 42 55
split_gain=6.99593 4.72312 4.24354 3.58029 6.75781 6.36255 2.94101 2.25733 2.03056 3.84857 2.63748 1.58524 1.28074 1.00772
threshold=11.294914245605471 0.49300666153430944 501.50000000000006 60.210454940795906 0.37368421256542211 166.3434753417969 3.2080556154251103 7.5000000000000009 7.7918055057525644 0.84874749183654796 -0.99465191364288319 577.36459350585949 -0.72947329282760609 4.7811110019683847
decision_type=2 2 2 2 2 2 2 2 2 2 2 2 2 2
left_child=1 3 8 4 -1 -5 7 -3 10 -10 -2 -4 -13 -8
right_child=2 6 11 5 -6 -7 13 -9 9 -11 -12 12 -14 -15
leaf_value=0.02252847208670886 -0.36469371922642796 -0.18840140708766817 0.20684416363983701 -0.037954785993489962 -0.11937675121204691 0.34215045437799518 0.22559563248048606 0.18748712897322864 0.17257387494494425 -0.14153294290683335 0.0016147978128395835 0.19737719541286253 0.058446078289343006 -0.15920227665303999
leaf_weight=2439 36 271 103 280 1951 663 68 38 333 61 1035 117 408 61
leaf_count=2439 36 271 103 280 1951 663 68 38 333 61 1035 117 408 61
internal_value=-0.000427209 -0.00186417 0.00353391 -0.00120735 -0.00216807 0.00326271 -0.00984055 -0.0140645 0.00117326 0.00607595 -0.000634328 0.00903021 0.00722433 0.000307692
internal_weight=7864 5771 2093 5333 4390 943 438 309 1465 394 1071 628 525 129
internal_count=7864 5771 2093 5333 4390 943 438 309 1465 394 1071 628 525 129
is_linear=0
shrinkage=0.08


Tree=35
num_leaves=15
num_cat=0
split_feature=15 59 33 25 40 33 19 24 28 43 1 55 59 43
split_gain=6.65755 4.0383 3.62742 3.61685 8.11451 3.13807 3.64951 2.4916 2.55576 2.53587 1.61835 1.41873 0.579588 0.52676
threshold=4.2685067653656015 163.50000000000003 57.296092987060554 1113.5874023437502 0.43684209883213049 31.187319755554203 0.48119148612022405 309.39137268066412 121.93471527099611 -0.93540480732917775 372.62428283691412 1.0000000180025095e-35 217.50000000000003 0.032701563090086018
decision_type=2 2 2 2 2 2 2 2 2 2 2 2 2 2
left_child=1 5 12 7 10 -1 -7 9 -9 -2 -5 -6 -3 -4
right_child=3 2 13 4 11 6 -8 8 -10 -11 -12 -13 -14 -15
leaf_value=-0.31877982881812578 -0.22779913310720917 -0.12120181501655793 1.3770334917464839 0.81858591841642991 -0.21244327396462429 -0.03564946865058808 -0.12837084080806224 0.037727008592835037 0.12128256227306054 0.0039414160173505764 -0.19338962672144036 -0.073754199635520976 0.18698702296414169 1.377566939012109
leaf_weight=77 91 30 31 84 92 2946 1096 1895 571 785 51 52 30 33
leaf_count=77 91 30 31 84 92 2946 1096 1895 571 785 51 52 30 33
internal_value=-0.000498411 -0.00264844 0.01152 0.00202098 -0.00671429 -0.00307767 -0.00277022 0.00275202 0.00405351 -0.000912201 0.00735294 -0.0198621 -0.00262295 0.0246154
internal_weight=7864 4243 124 3621 279 4119 4042 3342 2466 876 135 144 60 64
internal_count=7864 4243 124 3621 279 4119 4042 3342 2466 876 135 144 60 64
is_linear=0
shrinkage=0.08


Tree=36
num_leaves=15
num_cat=0
split_feature=17 29 23 12 12 52 29 35 1 40 40 0 49 12
split_gain=5.32875 4.47565 3.64646 3.55831 3.89552 3.28908 4.64802 3.83627 3.14691 3.08713 2.26963 1.98443 0.867333 0.839596
threshold=8.1347222328186053 487.13194274902349 22.402916908264164 402.93750000000006 261.14582824707037 1.0000000180025095e-35 47.687221527099616 166.22153472900393 622.35977172851574 0.39473684132099157 0.32105262577533727 95.458332061767592 20.035694122314457 490.40625000000006
decision_type=2 2 2 2 2 2 2 2 2 2 2 2 2 2
left_child=3 5 9 4 11 7 -7 -2 -4 -3 -6 -1 13 -5
right_child=1 2 8 12 10 6 -8 -9 -10 -11 -12 -13 -14 -15
leaf_value=-0.074881033479624007 -0.20321710819262875 0.056959843216599214 0.079275609774997591 -0.1535570641089393 0.87992332435195852 1.1340708632368897 -0.092923677367540633 -0.12716674837417094 -0.012764806575228107 -0.081487696194891018 -0.11195192394068179 -0.25089597427690441 -0.003148044146157858 -0.10642325801618306
leaf_weight=733 106 725 3264 159 181 56 450 262 699 705 204 250 31 39
leaf_count=733 106 725 3264 159 181 56 450 262 699 705 204 250 31 39
internal_value=-0.000406866 0.000644544 0.00150538 -0.00453066 -0.00298028 -0.00466286 -0.000473373 -0.0104065 0.00275479 -0.00195667 0.0038342 -0.00565041 -0.0137391 -0.0156784
internal_weight=7864 6267 5393 1597 1368 874 506 368 3963 1430 385 983 229 198
internal_count=7864 6267 5393 1597 1368 874 506 368 3963 1430 385 983 229 198
is_linear=0
shrinkage=0.08


Tree=37
num_leaves=15
num_cat=0
split_feature=17 28 12 12 35 52 28 40 59 36 40 0 59 40
split_gain=4.72235 3.73391 3.14914 3.82905 2.92291 3.09201 2.89833 3.45001 3.28407 2.43722 2.26963 2.03748 0.778233 1.66197
threshold=8.1347222328186053 33.636706352233894 402.93750000000006 261.14582824707037 166.61527252197268 0.010416666511446239 178.96363830566409 0.57368421554565441 185.50000000000003 29.500000000000004 0.32105262577533727 95.458332061767592 1.5000000000000002 0.28947368264198309
decision_type=2 2 2 2 2 2 2 2 2 2 2 2 2 2
left_child=2 4 3 11 5 -2 7 -3 -8 -6 -5 -1 13 -4
right_child=1 6 12 10 9 -7 8 -9 -10 -11 -12 -13 -14 -15
leaf_value=-0.0688905508012541 -0.206092832476964 0.093639734473004096 -0.31235223604047135 0.80952945840380186 -0.12192276649640008 -0.05107174037896705 -0.047250039213750698 -0.005699157937881694 0.64847679154764137 0.37457743955079253 -0.10299577002542726 -0.23082429633475207 -0.14127249898022412 -0.080886768000937526
leaf_weight=733 117 2192 50 181 307 139 2063 1259 70 120 204 250 79 100
leaf_count=733 117 2192 50 181 307 139 2063 1259 70 120 204 250 79 100
internal_value=-0.000498411 0.000491385 -0.00438048 -0.00292184 -0.00508772 -0.0118288 0.00117457 0.00260718 -0.00114339 -0.00102804 0.0038342 -0.00556911 -0.0130435 -0.0164238
internal_weight=7864 6267 1597 1368 683 256 5584 3451 2133 427 385 983 229 150
internal_count=7864 6267 1597 1368 683 256 5584 3451 2133 427 385 983 229 150
is_linear=0
shrinkage=0.08


Tree=38
num_leaves=15
num_cat=0
split_feature=17 15 27 55 1 12 12 24 55 40 15 26 49 12
split_gain=4.34027 3.37817 4.45844 3.33125 3.25055 2.76494 3.09647 2.02234 1.99649 1.40942 1.988 1.6775 1.04103 0.65775
threshold=8.1347222328186053 0.48964698612689977 11.530103683471681 0.044166667386889465 345.79135131835943 402.93750000000006 261.14582824707037 237.538688659668 0.089166667312383666 0.81578946113586437 0.33128762245178228 6144.5000000000009 20.035694122314457 490.40625000000006
decision_type=2 2 2 2 2 2 2 2 2 2 2 2 2 2
left_child=5 9 3 -3 -4 6 8 -8 -1 10 -2 -11 13 -7
right_child=1 2 4 -5 -6 12 7 -9 -10 11 -12 -13 -14 -15
leaf_value=-0.018979282323091269 0.2169850975186165 -0.12672000895483676 0.038843267925498422 -0.006156329484365522 -0.046201142812084865 -0.13037070821707963 -0.060845962628456651 1.470011547532279 -0.18845407987400314 0.80869000160666815 0.46160021259462197 -0.28225527782086884 0.022091978268772509 -0.086607597456470495
leaf_weight=483 273 357 3891 342 1133 159 220 165 500 36 196 39 31 39
leaf_count=483 273 357 3891 342 1133 159 220 165 500 36 196 39 31 39
internal_value=-0.000508582 0.000440332 -0.000132774 -0.00611429 0.000700498 -0.00423029 -0.0028634 0.00321244 -0.0052439 0.00645872 0.00808511 -0.00368421 -0.0123478 -0.0144724
internal_weight=7864 6267 5723 699 5024 1597 1368 385 983 544 469 75 229 198
internal_count=7864 6267 5723 699 5024 1597 1368 385 983 544 469 75 229 198
is_linear=0
shrinkage=0.08


Tree=39
num_leaves=12
num_cat=0
split_feature=17 15 27 33 55 34 12 13 42 2 49
split_gain=3.77263 3.39967 3.72982 3.54428 2.93898 2.47975 2.0946 3.02084 1.3153 1.49388 0.93751
threshold=8.1347222328186053 0.48964698612689977 11.530103683471681 60.210454940795906 0.044166667386889465 56.690523147583015 402.93750000000006 497.56721496582037 -0.9103761315345763 297.50000000000006 20.035694122314457
decision_type=2 2 2 2 2 2 2 2 2 2 2
left_child=5 8 4 -4 -3 6 7 -1 -2 -10 -8
right_child=1 2 3 -5 -6 -7 10 -9 9 -11 -12
leaf_value=-0.11205815543939342 0.40769277528876657 -0.11658240823844984 -0.0054181403938100914 0.078069161193159861 -0.0056638231256162545 3.6997929208951059 -0.11974104698207655 0.17692631693396826 1.1348505320214577 0.14427075993197094 0.020324620007270724
leaf_weight=968 32 357 4138 886 342 42 198 358 89 423 31
leaf_count=968 32 357 4138 886 342 42 198 358 89 423 31
internal_value=-0.000610299 0.00027441 -0.000300489 0.000461692 -0.00577143 -0.0040801 -0.00460154 -0.00337604 0.00631193 0.00530214 -0.0116522
internal_weight=7864 6267 5723 5024 699 1597 1555 1326 544 512 229
internal_count=7864 6267 5723 5024 699 1597 1555 1326 544 512 229
is_linear=0
shrinkage=0.08


Tree=40
num_leaves=15
num_cat=0
split_feature=50 58 40 33 23 3 30 2 7 50 50 0 52 0
split_gain=3.51148 4.08187 3.72189 4.42696 3.31174 3.01649 2.78516 2.62181 2.45596 2.36214 2.25933 1.63463 1.46441 1.22266
threshold=8.5000000000000018 0.30555555224418646 0.35263158380985266 62.972463607788093 23.333193778991703 14.078565120697023 0.83035713434219371 808.50000000000011 0.48220558464527136 161.50000000000003 51.500000000000007 363.95832824707037 0.035694444552063949 77.958335876464858
decision_type=2 2 2 2 2 2 2 2 2 2 2 2 2 2
left_child=2 7 5 4 -4 8 9 10 -1 -3 -2 -9 -7 -5
right_child=1 6 3 13 -6 12 -8 11 -10 -11 -12 -13 -14 -15
leaf_value=0.016046575711306091 0.11405706098835985 0.013264490037659584 -0.11221070947047096 0.36395835878189531 -0.001968457773621566 0.2934459009246615 -0.11122333296788953 1.0217014368965953 -0.12316580463881867 -0.32182989224751107 -0.05421461833386701 0.056086494469070089 0.044964824295704774 -0.049785865642697401
leaf_weight=2404 180 879 1867 129 829 80 75 108 213 91 357 553 69 30
leaf_count=2404 180 879 1867 129 829 80 75 108 213 91 357 553 69 30
internal_value=-0.000589955 0.00208556 -0.00165777 -0.00368347 -0.00444939 0.000433683 -0.00156788 0.00527106 -0.000198625 -0.000411946 0.00111524 0.00864048 0.0114667 0.00925
internal_weight=7864 2243 5621 2855 2696 2766 1045 1198 2617 970 537 661 149 159
internal_count=7864 2243 5621 2855 2696 2766 1045 1198 2617 970 537 661 149 159
is_linear=0
shrinkage=0.08


Tree=41
num_leaves=15
num_cat=0
split_feature=15 59 33 40 19 40 25 16 59 33 55 23 50 40
split_gain=3.22316 3.03634 3.65339 2.14715 2.47748 2.06628 5.72662 3.37969 3.18983 2.93501 1.99234 1.92159 1.9123 0.400846
threshold=4.2685067653656015 163.50000000000003 57.296092987060554 0.21578947454690936 0.39821441471576696 0.41578947007656103 1267.7920532226565 71.133205413818374 8.5000000000000018 58.692237854003913 0.83513888716697704 23.326666831970218 21.500000000000004 0.35263158380985266
decision_type=2 2 2 2 2 2 2 2 2 2 2 2 2 2
left_child=1 3 13 4 -1 7 9 8 -2 -7 -8 -5 -9 -3
right_child=5 2 -4 11 -6 6 10 12 -10 -11 -12 -13 -14 -15
leaf_value=0.26368806670924655 0.14558883663880881 -0.2257862084304324 1.2153821854985745 -0.12454142006840936 -0.047669042722330489 -0.029749410183882788 -0.17412967118202313 -0.10096141299405219 -0.016104643273880014 0.046068080147277972 -0.011606318241468792 -0.0060351901532044398 -0.44028996720880442 0.4114562173894416
leaf_weight=399 1160 30 64 1832 921 989 86 187 329 771 30 967 69 30
leaf_count=399 1160 30 64 1832 921 989 86 187 329 771 30 967 69 30
internal_value=-0.000549269 -0.00204524 0.01024 -0.00241748 0.000242241 0.00120375 -0.000639318 0.00318442 0.0046443 0.000499716 -0.0177778 -0.00367143 -0.00529183 -0.00393443
internal_weight=7864 4243 124 4119 1320 3621 1876 1745 1489 1760 116 2799 256 60
internal_count=7864 4243 124 4119 1320 3621 1876 1745 1489 1760 116 2799 256 60
is_linear=0
shrinkage=0.08


Tree=42
num_leaves=15
num_cat=0
split_feature=2 33 1 40 59 40 31 24 40 14 56 53 13 29
split_gain=3.21648 3.24903 3.81765 3.92261 3.51792 3.2071 4.72957 4.17648 2.98883 3.21423 2.67638 2.40553 1.94552 1.88185
threshold=1625.5000000000002 60.210454940795906 76.348899841308608 0.74210524559021007 107.50000000000001 0.37368421256542211 0.42219965159893041 188.90476226806643 0.721052646636963 11603.500000000002 2.5000000000000004 3.5000000000000004 1470.740173339844 5750.9846191406259
decision_type=2 2 2 2 2 2 2 2 2 2 2 2 2 2
left_child=1 5 4 -4 -3 7 -7 -1 9 10 -2 -11 13 -10
right_child=8 2 3 -5 -6 6 -8 -9 12 11 -12 -13 -14 -15
leaf_value=-0.13413597510321137 -0.10539919274591597 -0.032262978532391941 0.10299219760404327 0.42675621925349871 1.1012040687690905 0.010422014889129513 -0.13221282525884839 0.067543946774387117 -0.094566615203184629 0.80129086161193652 0.06157032816008233 -0.46767883446012803 -0.30293964077122176 1.0111480400356334
leaf_weight=566 703 358 727 158 35 1263 1302 2054 169 122 299 43 34 31
leaf_count=566 703 358 727 158 35 1263 1302 2054 169 122 299 43 34 31
internal_value=-0.000549269 0.000204208 0.00381548 0.00672686 -0.00274112 -0.000686464 -0.0026968 0.00128195 -0.00402282 -0.00236301 -0.0040678 0.00795181 -0.0122553 -0.00915423
internal_weight=7864 6463 1278 885 393 5185 2565 2620 1401 1167 1002 165 234 200
internal_count=7864 6463 1278 885 393 5185 2565 2620 1401 1167 1002 165 234 200
is_linear=0
shrinkage=0.08


Tree=43
num_leaves=15
num_cat=0
split_feature=17 0 43 15 15 59 55 15 25 1 9 40 16 42
split_gain=3.09365 2.825 3.52508 2.6805 2.90249 3.41146 2.28367 2.56909 2.54188 2.12868 1.88103 1.85706 1.42249 1.24059
threshold=8.1347222328186053 43.208332061767585 -0.68322628736495961 0.48964698612689977 4.2685067653656015 86.500000000000014 0.15041666477918628 0.30133102834224706 705.73126220703136 279.58377075195318 0.15425925701856616 0.46842105686664587 2.2586479187011723 0.98611506819725048
decision_type=2 2 2 2 2 2 2 2 2 2 2 2 2 2
left_child=1 6 11 12 5 -5 7 -1 -8 -4 -6 -3 13 -2
right_child=3 2 9 4 10 -7 8 -9 -10 -11 -12 -13 -14 -15
leaf_value=0.27437237617162008 0.21702739979832195 -0.32942751779363677 -0.018028956732785702 -0.085285525531725456 0.075905698886905959 0.063281440953981305 -0.24114251908675385 -0.045550588970370481 0.025916805888494387 -0.18334830820273446 -0.0030901913214025 -0.25634499880717349 1.0134443422577735 -0.24467854580888407
leaf_weight=233 468 116 487 1767 1368 335 97 108 182 247 2253 127 35 41
leaf_count=233 468 116 487 1767 1368 335 97 108 182 247 2253 127 35 41
internal_value=-0.000437381 -0.00357947 -0.00625767 0.000363752 -0.000146751 -0.0025107 0.000644122 0.00502924 -0.00471429 -0.00348299 0.00122584 -0.0145902 0.00572477 0.00462745
internal_weight=7864 1597 977 6267 5723 2102 620 341 279 734 3621 243 544 509
internal_count=7864 1597 977 6267 5723 2102 620 341 279 734 3621 243 544 509
is_linear=0
shrinkage=0.08


Tree=44
num_leaves=15
num_cat=0
split_feature=17 1 22 23 0 40 42 26 58 16 55 40 1 40
split_gain=2.80349 2.76193 3.01636 2.73711 3.36092 2.59012 2.43154 2.05615 3.25369 2.17388 1.99936 1.96516 1.681 1.48933
threshold=8.1347222328186053 622.35977172851574 8.0050797462463397 22.666944503784183 29.458333969116214 0.83684211969375621 0.58216583728790294 4048.5000000000005 8.6965279579162615 0.37635099887847906 2.1469444036483769 0.2578947395086289 50.393608093261726 0.62631577253341686
decision_type=2 2 2 2 2 2 2 2 2 2 2 2 2 2
left_child=7 3 5 6 -5 -3 -2 8 13 11 -4 -9 -11 -1
right_child=1 2 10 4 -6 -7 -8 9 -10 12 -12 -13 -14 -15
leaf_value=-0.17821708421085691 -0.057764936460687227 0.011917180954085964 -0.15154033039670958 -0.070527275156338901 0.073127521717548521 -0.13821147487077481 0.060344769804823957 0.78012542436714261 -0.29503227920651098 -0.01248432305314978 -0.0010331015094877927 -0.0079059594449085325 -0.16509685416543002 0.16542326441877067
leaf_weight=160 1326 702 198 452 2507 91 902 109 63 431 89 257 534 43
leaf_count=160 1326 702 198 452 2507 91 902 109 63 431 89 257 534 43
internal_value=-0.000488239 0.00027441 -0.00340426 0.00104086 0.00263514 -0.000856423 -0.00107672 -0.00347935 -0.00988764 -0.00219219 -0.0104167 0.00305177 -0.00418219 -0.00490196
internal_weight=7864 6267 1080 5187 2959 793 2228 1597 266 1331 287 366 965 203
internal_count=7864 6267 1080 5187 2959 793 2228 1597 266 1331 287 366 965 203
is_linear=0
shrinkage=0.08


Tree=45
num_leaves=13
num_cat=0
split_feature=33 40 52 3 15 27 59 55 53 42 3 40
split_gain=3.46433 3.76546 3.75047 2.42086 3.10946 2.40343 2.20147 1.89036 1.77245 1.57446 1.37101 0.719539
threshold=67.552051544189467 0.75263157486915599 0.4326388835906983 0.01124999998137355 14.42046642303467 55.349706649780281 122.50000000000001 25.935000419616703 42.500000000000007 0.63405361771583568 5.4007868766784677 0.1947368457913399
decision_type=2 2 2 2 2 2 2 2 2 2 2 2
left_child=3 2 10 4 9 8 -7 -6 -5 -1 -2 -4
right_child=1 -3 11 5 7 6 -8 -9 -10 -11 -12 -13
leaf_value=-0.079130018336674907 -0.49838284988262671 1.5374483470195111 1.0912297442627945 0.0054345678205406497 0.15584191843670056 0.041327619346617439 1.1646616274235819 -0.22000832412733531 -0.057160279469230489 -0.016848049277059261 0.1485729471253609 0.82771028879080033
leaf_weight=2111 89 43 34 2317 223 887 61 44 454 1516 49 36
leaf_count=2111 89 43 34 2317 223 887 61 44 454 1516 49 36
internal_value=-0.000498411 0.00873016 0.00421053 -0.000803783 -0.00219769 0.000655914 0.00413066 0.0061194 -0.000533911 -0.00281147 -0.00345324 0.0191549
internal_weight=7864 251 208 7613 3894 3719 948 267 2771 3627 138 70
internal_count=7864 251 208 7613 3894 3719 948 267 2771 3627 138 70
is_linear=0
shrinkage=0.08


Tree=46
num_leaves=12
num_cat=0
split_feature=33 40 49 21 16 28 23 52 52 17 12
split_gain=2.91933 3.61381 3.67138 3.46504 2.34803 2.80407 1.89887 1.74637 1.62924 1.59291 0.745637
threshold=67.552051544189467 0.76315790414810192 18.713749885559086 3.3745310306549077 1.1194805502891543 33.636706352233894 21.130556106567386 192.00611114501956 1.0000000180025095e-35 4.3752778768539438 193.31250000000003
decision_type=2 2 2 2 2 2 2 2 2 2 2
left_child=4 2 3 -2 7 8 -7 9 -6 -1 -9
right_child=1 -3 -4 -5 5 6 -8 10 -10 -11 -12
leaf_value=-0.010047176752215989 0.9858867785401304 1.4302746228126377 2.5999932103544525 -0.25307493676155907 -0.09696536693592453 -0.15007553339445132 0.01090685868816923 -0.24497968290355202 -0.019817076304398745 -0.092215897279328718 -0.13441654092740027
leaf_weight=703 33 41 31 146 273 339 5432 30 332 474 30
leaf_count=703 33 41 31 146 273 339 5432 30 332 474 30
internal_value=-0.000376351 0.00809524 0.00379147 -0.000666667 -0.000656685 -3.76353e-05 0.000505891 -0.00384491 -0.00521452 -0.00315789 -0.0170492
internal_weight=7864 251 210 179 7613 6376 5771 1237 605 1177 60
internal_count=7864 251 210 179 7613 6376 5771 1237 605 1177 60
is_linear=0
shrinkage=0.08


Tree=47
num_leaves=11
num_cat=0
split_feature=33 40 49 52 16 28 42 28 34 52
split_gain=2.87743 3.35834 3.66698 3.3452 2.06898 2.28567 1.73806 1.73108 1.51154 1.55345
threshold=67.552051544189467 0.75263157486915599 18.713749885559086 6.1847221851348886 1.1194805502891543 33.636706352233894 0.77259656786918651 178.96363830566409 56.690523147583015 192.00611114501956
decision_type=2 2 2 2 2 2 2 2 2 2
left_child=4 2 3 -2 8 6 -6 -7 9 -1
right_child=1 -3 -4 -5 5 7 -8 -9 -10 -11
leaf_value=-0.052726872714877297 -0.23651065194754295 1.3000305094329394 2.391993753526096 0.91057143928426398 -0.10062787679345139 0.020296333140975661 0.0074174867814701352 -0.030891108907716642 3.3564812700017166 -0.20168876250892062
leaf_weight=1136 147 43 31 30 380 3397 225 2374 42 59
leaf_count=1136 147 43 31 30 380 3397 225 2374 42 59
internal_value=-0.000315321 0.00809524 0.00382775 -0.000674157 -0.000593643 -1.25451e-05 -0.00468647 0.00047817 -0.00358643 -0.00411371
internal_weight=7864 251 208 177 7613 6376 605 5771 1237 1195
internal_count=7864 251 208 177 7613 6376 605 5771 1237 1195
is_linear=0
shrinkage=0.08


Tree=48
num_leaves=12
num_cat=0
split_feature=33 40 49 21 16 29 55 50 52 49 12
split_gain=2.87048 2.99905 3.56074 3.33329 1.99484 1.94975 2.12352 2.12182 1.49474 1.47662 0.994183
threshold=67.552051544189467 0.76315790414810192 18.713749885559086 3.3745310306549077 1.1194805502891543 487.13194274902349 0.044166667386889465 174.50000000000003 192.00611114501956 1.0297222137451174 193.31250000000003
decision_type=2 2 2 2 2 2 2 2 2 2 2
left_child=4 2 3 -2 8 6 -6 -7 9 -1 -10
right_child=1 -3 -4 -5 5 7 -8 -9 10 -11 -12
leaf_value=-0.011971861823806584 0.84128132716886683 1.2118502122329917 2.2006342532440084 -0.21390808966483099 -0.098946558526481238 0.0074048620280026964 0.0045734674665664525 -0.36173502941246738 -0.20924620727055415 -0.13460855059521129 -0.10752811665249457
leaf_weight=728 33 41 31 146 396 5513 400 67 30 449 30
leaf_count=728 33 41 31 146 396 5513 400 67 30 449 30
internal_value=-0.000305149 0.00809524 0.00417062 -0.000222222 -0.000583136 -1.25451e-05 -0.00371393 0.000516037 -0.00352181 -0.00288625 -0.0157377
internal_weight=7864 251 210 179 7613 6376 796 5580 1237 1177 60
internal_count=7864 251 210 179 7613 6376 796 5580 1237 1177 60
is_linear=0
shrinkage=0.08


Tree=49
num_leaves=10
num_cat=0
split_feature=33 40 52 50 24 24 59 25 0
split_gain=2.05057 3.40385 3.66595 1.92799 1.81355 2.33854 2.6835 1.86004 1.06636
threshold=67.552051544189467 0.76315790414810192 6.1847221851348886 39.500000000000007 92.653274536132827 231.17559814453128 225.00000000000003 1084.679138183594 100.41666412353517
decision_type=2 2 2 2 2 2 2 2 2
left_child=4 2 3 -2 8 6 -6 -7 -1
right_child=1 -3 -4 -5 5 7 -8 -9 -10
leaf_value=0.15418874360258727 -0.193113732364736 1.1149021952543523 0.82784539814379521 0.94568525963957395 -0.079105888504688193 0.013892600505512434 1.0772194421670727 -0.035194924041246696 0.0333911192845169
leaf_weight=57 139 41 41 30 2317 4071 30 1100 38
leaf_count=57 139 41 41 30 2317 4071 30 1100 38
internal_value=-0.000274634 0.0068254 0.00265403 -0.00258824 -0.000509588 -0.000649022 -0.00274276 0.000301624 0.0104167
internal_weight=7864 251 210 169 7613 7518 2347 5171 95
internal_count=7864 251 210 169 7613 7518 2347 5171 95
is_linear=0
shrinkage=0.08


Tree=50
num_leaves=12
num_cat=0
split_feature=33 40 52 50 23 56 53 12 11 42 52
split_gain=2.23805 3.30034 3.53604 1.82967 1.6719 2.30763 2.49561 2.39837 2.09512 2.24196 2.152
threshold=67.552051544189467 0.76315790414810192 6.1847221851348886 39.500000000000007 23.250694274902347 3.5000000000000004 44.500000000000007 248.52083587646487 1.6322222352027895 -0.9103761315345763 116.05777740478517
decision_type=2 2 2 2 2 2 2 2 2 2 2
left_child=4 2 3 -2 5 6 -1 -7 9 -6 -10
right_child=1 -3 -4 -5 8 7 -8 -9 10 -11 -12
leaf_value=-0.036666156330180402 -0.17766463377555711 1.0257100196340043 0.76161776629229172 0.87003043886840803 0.22772291828535174 -0.056455429619516412 -0.14555057618804995 0.08012957129522065 0.000257940533520582 0.080885010123758719 -0.22369266439480229
leaf_weight=3152 139 41 41 30 70 689 290 821 1777 760 54
leaf_count=3152 139 41 41 30 70 689 290 821 1777 760 54
internal_value=-0.000274634 0.00714286 0.00303318 -0.00211765 -0.000520095 -0.00138906 -0.00253267 0.00121774 0.00109692 0.0044284 -0.000414847
internal_weight=7864 251 210 169 7613 4952 3442 1510 2661 830 1831
internal_count=7864 251 210 169 7613 4952 3442 1510 2661 830 1831
is_linear=0
shrinkage=0.08


Tree=51
num_leaves=11
num_cat=0
split_feature=33 40 52 50 2 22 13 40 30 26
split_gain=2.23192 3.30034 3.53604 1.82967 1.58427 2.12802 2.30491 1.60977 1.57997 1.30832
threshold=67.552051544189467 0.76315790414810192 6.1847221851348886 39.500000000000007 1625.5000000000002 7.9637379646301278 620.38763427734386 0.82631579041481029 0.44196428358554846 9832.5000000000018
decision_type=2 2 2 2 2 2 2 2 2 2
left_child=4 2 3 -2 8 7 -7 -6 -1 -10
right_child=1 -3 -4 -5 5 6 -8 -9 9 -11
leaf_value=-0.12902418969782267 -0.16345146307351258 0.94365321806328384 0.70068834498890853 0.80042800375893564 0.0095281485720539304 -0.2143789950084723 -0.050216477533679298 -0.097677449405456196 -0.0083473696218217697 0.027008529473360313
leaf_weight=57 139 41 41 30 824 91 377 109 3687 2468
leaf_count=57 139 41 41 30 824 91 377 109 3687 2468
internal_value=-0.000264463 0.00714286 0.00303318 -0.00211765 -0.000509588 -0.00293866 -0.00733475 -0.000728051 3.86287e-05 0.000162443
internal_weight=7864 251 210 169 7613 1401 468 933 6212 6155
internal_count=7864 251 210 169 7613 1401 468 933 6212 6155
is_linear=0
shrinkage=0.08


Tree=52
num_leaves=12
num_cat=0
split_feature=33 40 52 23 21 42 42 56 31 40 42
split_gain=2.05645 3.40385 3.66595 1.49065 2.02844 1.84633 1.83128 1.78638 2.1741 2.02006 1.39815
threshold=67.552051544189467 0.76315790414810192 6.1847221851348886 23.250694274902347 4.889554738998414 -0.77259656786918629 -0.9103761315345763 3.5000000000000004 0.49486254155635839 0.93157893419265758 0.41248606145381933
decision_type=2 2 2 2 2 2 2 2 2 2 2
left_child=3 2 10 7 6 -6 -5 8 -1 -9 -2
right_child=1 -3 -4 4 5 -7 -8 9 -10 -11 -12
leaf_value=-0.049061085712109077 -0.35273881760335712 0.86816096061822123 0.64463327738979559 0.24638128646203769 -0.027554065911930083 0.0018597254408157938 0.038268412161509675 0.040882390626627373 0.19395145975660377 -0.13040941629171091 0.21649163686436751
leaf_weight=3042 85 41 41 103 217 1152 1189 1452 400 58 84
leaf_count=3042 85 41 41 103 217 1152 1189 1452 400 58 84
internal_value=-0.000284806 0.0068254 0.00265403 -0.000520095 0.00100676 -0.00113869 0.0032792 -0.0013406 -0.00234679 0.000953011 -0.00258824
internal_weight=7864 251 210 7613 2661 1369 1292 4952 3442 1510 169
internal_count=7864 251 210 7613 2661 1369 1292 4952 3442 1510 169
is_linear=0
shrinkage=0.08


Tree=53
num_leaves=11
num_cat=0
split_feature=33 40 52 59 34 24 30 59 58 42
split_gain=2.00966 2.97304 3.66575 1.61867 2.64259 2.38605 1.66291 1.55919 1.42881 1.10662
threshold=67.552051544189467 0.74210524559021007 6.1847221851348886 160.50000000000003 52.072607040405281 203.86606597900393 0.41964285075664526 84.500000000000014 29.814582824707035 0.41248606145381933
decision_type=2 2 2 2 2 2 2 2 2 2
left_child=3 2 9 5 8 7 -7 -1 -5 -2
right_child=1 -3 -4 4 -6 6 -8 -9 -10 -11
leaf_value=-0.13189354481926613 -0.33127523587672897 0.7828859402140762 0.59306261519861214 0.28616271839732094 0.96341730407630111 -0.15010912651637384 0.0034397189586408672 0.0340180381271167 -0.033434899714875926 0.19917230591521801
leaf_weight=1335 81 45 41 37 39 55 5668 347 132 84
leaf_count=1335 81 45 41 37 39 55 5668 347 132 84
internal_value=-0.000203433 0.0068254 0.00270531 -0.000436039 0.00650718 -0.00063192 0.000146751 -0.00327986 0.00211765 -0.0026506
internal_weight=7864 251 206 7613 208 7405 5723 1682 169 165
internal_count=7864 251 206 7613 208 7405 5723 1682 169 165
is_linear=0
shrinkage=0.08


Tree=54
num_leaves=11
num_cat=0
split_feature=33 40 52 0 59 34 24 55 27 52
split_gain=1.98069 2.80828 3.53604 1.3541 1.2597 2.86646 1.79354 1.65497 1.48979 1.23715
threshold=67.552051544189467 0.76315790414810192 6.1847221851348886 69.583335876464858 160.50000000000003 52.072607040405281 203.86606597900393 0.089166667312383666 92.120410919189467 0.20138888806104663
decision_type=2 2 2 2 2 2 2 2 2 2
left_child=4 2 3 -2 6 9 8 -8 -1 -6
right_child=1 -3 -4 -5 5 -7 7 -9 -10 -11
leaf_value=-0.11069367750482409 -0.47256668096120524 0.73607720855163739 0.54561760598272313 0.16402516634401651 0.15205440502469941 0.886343919750197 -0.015851431181317502 0.030718020595824812 0.054802999430180112 -0.070864570241029906
leaf_weight=1450 62 41 41 107 83 39 3221 2502 232 86
leaf_count=1450 62 41 41 107 83 39 3221 2502 232 86
internal_value=-0.000152575 0.0068254 0.00303318 -0.00211765 -0.000383504 0.00574163 -0.000556306 0.000118798 -0.00285205 0.00117647
internal_weight=7864 251 210 169 7613 208 7405 5723 1682 169
internal_count=7864 251 210 169 7613 208 7405 5723 1682 169
is_linear=0
shrinkage=0.08


Tree=55
num_leaves=15
num_cat=0
split_feature=28 40 59 19 40 26 42 25 33 42 21 25 34 33
split_gain=1.69503 2.72525 2.78381 2.35198 2.11406 1.92427 2.45508 3.33202 2.31919 3.70072 2.08554 1.89481 1.76532 1.43148
threshold=178.96363830566409 0.14210525900125506 185.50000000000003 0.4910177886486054 0.11052631586790086 13173.000000000002 -0.22695468366146085 1962.8914794921877 48.60083198547364 -0.2901292592287063 4.641446828842164 598.90237426757824 46.068027496337898 57.296092987060554
decision_type=2 2 2 2 2 2 2 2 2 2 2 2 2 2
left_child=5 3 12 4 -2 8 10 -8 9 -1 -7 -10 -3 -4
right_child=1 2 13 -5 -6 6 7 -9 11 -11 -12 -13 -14 -15
leaf_value=-0.40620543851988283 -0.029175191667583106 0.027869015054152371 0.28091773430687389 0.79788582756875837 0.30601178269983209 -0.055989420372821147 -0.037109275917963813 0.29333210015618838 -0.027230589976519896 2.781553236447877 -0.066169237744277909 0.024095870123188947 -0.11720119874083555 0.84536097352110151
leaf_weight=31 442 578 38 80 136 82 290 137 1028 64 94 2921 1910 33
leaf_count=31 442 578 38 80 136 82 290 137 1028 64 94 2921 1910 33
internal_value=-0.000142403 -0.00155376 -0.00273438 0.0030349 0.00124352 0.000834768 -0.00337748 -9.34579e-05 0.00146354 0.01375 -0.0112994 0.00116456 -0.003182 0.0127778
internal_weight=7864 3217 2559 658 578 4647 603 427 4044 95 176 3949 2488 71
internal_count=7864 3217 2559 658 578 4647 603 427 4044 95 176 3949 2488 71
is_linear=0
shrinkage=0.08


Tree=56
num_leaves=15
num_cat=0
split_feature=28 43 29 33 58 55 34 52 1 30 59 3 58 27
split_gain=1.59344 2.49492 3.99561 2.75147 2.17162 3.5174 1.90954 2.23119 1.77944 1.68682 1.87262 1.59106 1.40566 0.744447
threshold=178.96363830566409 -0.68322628736495961 3959.455688476563 57.976427078247077 81.010417938232436 2.7498611211776738 53.020620346069343 3.3098610639572148 437.38542175292974 0.7604166865348817 3.5000000000000004 0.70873841643333446 53.111665725708015 36.147026062011726
decision_type=2 2 2 2 2 2 2 2 2 2 2 2 2 2
left_child=4 9 8 -4 6 13 12 -8 -3 10 -2 -11 -1 -6
right_child=1 2 3 -5 5 -7 7 -9 -10 11 -12 -13 -14 -15
leaf_value=0.00021705295082460551 -0.17981554175547923 -0.075671270613634573 0.0408198354533773 0.66918794268102266 -0.21893544883816227 1.4767145607838947 0.0097172343366506205 0.22270595168787849 -0.19826809269491136 0.02839658284627241 -0.31636915162644291 -0.23120119019665059 -0.23455133732248343 0.20329466315482833
leaf_weight=4036 426 761 1418 97 30 54 237 198 149 219 113 34 56 36
leaf_count=4036 426 761 1418 97 30 54 237 198 149 219 113 34 56 36
internal_value=-0.000284806 -0.0016532 -0.000379225 0.0021372 0.000662651 0.0112397 0.000379859 0.00541284 -0.00456641 -0.00554855 -0.00807407 -0.00015748 -0.000156365 -0.00119403
internal_weight=7864 3217 2425 1515 4647 120 4527 435 910 792 539 253 4092 66
internal_count=7864 3217 2425 1515 4647 120 4527 435 910 792 539 253 4092 66
is_linear=0
shrinkage=0.08


Tree=57
num_leaves=9
num_cat=0
split_feature=30 28 43 29 33 42 28 56
split_gain=1.49067 1.33349 2.48976 2.99833 2.30723 3.43405 2.2473 1.47996
threshold=0.41964285075664526 178.96363830566409 -0.77259656786918629 3959.455688476563 48.60083198547364 -0.2901292592287063 502.04315185546881 2.5000000000000004
decision_type=2 2 2 2 2 2 2 2
left_child=-1 4 6 -4 5 -2 -3 -6
right_child=1 2 3 -5 7 -7 -8 -9
leaf_value=-0.097038733655453027 -0.37372636767435813 -0.12890027511120505 -0.096791944747698089 0.057418936801292161 -0.0068531356459379826 2.5586316060405481 -0.32230202199348867 0.043312043008297108
leaf_weight=57 31 587 957 1597 2916 64 76 1579
leaf_count=57 31 587 957 1597 2916 64 76 1579
internal_value=-0.000325493 -0.000230533 -0.00147918 -0.000344423 0.00064474 0.0129167 -0.00584337 0.000382562
internal_weight=7864 7807 3217 2554 4590 95 663 4495
internal_count=7864 7807 3217 2554 4590 95 663 4495
is_linear=0
shrinkage=0.08


Tree=58
num_leaves=14
num_cat=0
split_feature=34 24 42 52 27 16 42 15 1 40 1 14 40
split_gain=1.19685 4.4374 2.53375 2.57087 1.67852 1.17319 2.43863 2.8606 2.09167 1.51483 1.86921 1.61881 0.825312
threshold=52.687736511230476 195.03422546386722 0.93540480732917797 3.56333339214325 19.890084266662601 1.2374615669250491 0.63405361771583568 13.402022361755373 13.730069160461428 0.12105263024568559 50.393608093261726 2399.5000000000005 0.26842105388641363
decision_type=2 2 2 2 2 2 2 2 2 2 2 2 2
left_child=5 12 4 -4 -3 9 7 -7 -8 11 -11 -1 -2
right_child=1 2 3 -5 -6 6 8 -9 -10 10 -12 -13 -14
leaf_value=0.4677756036366254 0.57109370391197889 0.29039281849472159 -0.39093814707930497 0.097693293982938564 0.0010351145182827181 -0.035530108342116902 0.33391686783955832 0.027205849034898224 0.027514662800214397 0.005062811337103703 -0.12902367133481488 -0.11350977910767966 0.63101929466586459
leaf_weight=127 32 235 81 54 458 2473 109 1048 2029 435 667 83 33
leaf_count=127 32 235 81 54 458 2473 109 1048 2029 435 667 83 33
internal_value=-0.000294978 0.00246085 0.000868516 -0.00911765 0.00282421 -0.000648308 -0.00014841 -0.00144236 0.00198223 -0.00280274 -0.00398912 0.00341232 0.0224242
internal_weight=7864 893 828 135 693 6971 5659 3521 2138 1312 1102 210 65
internal_count=7864 893 828 135 693 6971 5659 3521 2138 1312 1102 210 65
is_linear=0
shrinkage=0.08


Tree=59
num_leaves=9
num_cat=0
split_feature=30 2 40 14 2 11 55 34
split_gain=1.17988 1.23835 2.01948 1.95818 1.68177 1.42747 2.21487 1.40778
threshold=0.41964285075664526 1625.5000000000002 0.721052646636963 11603.500000000002 3127.0000000000005 3.685416698455811 36.127500534057624 52.687736511230476
decision_type=2 2 2 2 2 2 2 2
left_child=-1 5 3 -3 -4 7 -7 -2
right_child=1 2 4 -5 -6 6 -8 -9
leaf_value=-0.078953741256231572 0.0046054706685483464 -0.029348200829406146 -0.002117322584686008 0.52112816076090496 -0.18769634942239247 -0.012505624691224284 -0.20771169478697585 0.21174186716990448
leaf_weight=57 4470 1002 117 165 117 1211 122 603
leaf_count=57 4470 1002 117 165 117 1211 122 603
internal_value=-0.000356008 -0.000271516 -0.00242511 -0.00106164 -0.00919149 0.000199781 -0.00212894 0.000811983
internal_weight=7864 7807 1401 1167 234 6406 1333 5073
internal_count=7864 7807 1401 1167 234 6406 1333 5073
is_linear=0
shrinkage=0.08


Tree=60
num_leaves=9
num_cat=0
split_feature=30 25 40 40 25 42 42 58
split_gain=1.19046 1.08059 2.44899 2.64041 1.78998 2.44922 2.23655 1.3531
threshold=0.41964285075664526 1084.679138183594 0.73157894611358654 0.96315789222717296 739.88595581054699 -0.41248606145381922 -0.68322628736495961 1.0026388764381411
decision_type=2 2 2 2 2 2 2 2
left_child=-1 4 7 -4 5 -2 -6 -3
right_child=1 2 3 -5 6 -7 -8 -9
leaf_value=-0.072637441955733031 0.031652069325604514 -0.024281438592414589 -0.092150086069624243 0.12045694437260707 -0.021613423015380703 -0.033654829300531049 0.057963789625197396 0.11868408879289738
leaf_weight=57 903 670 139 41 519 2811 2474 250
leaf_count=57 903 670 139 41 519 2811 2474 250
internal_value=-0.000305149 -0.000220287 -0.00254314 -0.0110497 0.000161002 -0.00101211 0.00161657 -0.000868621
internal_weight=7864 7807 1100 180 6707 3714 2993 920
internal_count=7864 7807 1100 180 6707 3714 2993 920
is_linear=0
shrinkage=0.08


Tree=61
num_leaves=9
num_cat=0
split_feature=30 25 40 40 25 34 52 53
split_gain=1.18834 1.00483 2.49103 2.64041 1.59159 2.08232 1.95818 1.23939
threshold=0.41964285075664526 1084.679138183594 0.73157894611358654 0.96315789222717296 739.88595581054699 52.687736511230476 4.0054166316986093 25.500000000000004
decision_type=2 2 2 2 2 2 2 2
left_child=-1 4 7 -4 5 -2 -6 -3
right_child=1 2 3 -5 6 -7 -8 -9
leaf_value=-0.066826446599274378 -0.022669994412413245 -0.0027324139925226378 -0.084778079184054306 0.11082038882279854 -0.0025771157261897317 0.29873621163832581 0.07523006088031646 -0.13623019715246329
leaf_weight=57 3498 889 139 41 1801 216 1192 31
leaf_count=57 3498 889 139 41 1801 216 1192 31
internal_value=-0.000315321 -0.000230533 -0.00247048 -0.0110497 0.00013715 -0.000969044 0.00150969 -0.000781759
internal_weight=7864 7807 1100 180 6707 3714 2993 920
internal_count=7864 7807 1100 180 6707 3714 2993 920
is_linear=0
shrinkage=0.08


Tree=62
num_leaves=15
num_cat=0
split_feature=31 40 49 24 18 43 27 21 42 4 25 42 40 12
split_gain=0.987419 4.31345 3.11631 3.80231 2.87479 2.75456 2.65207 1.99254 1.81863 2.62359 1.79891 6.81948 2.22361 1.66263
threshold=0.42591769993305212 0.39473684132099157 1.0297222137451174 367.47322082519537 0.46875000000000006 -0.97335553169250477 49.175724029541023 4.5835590362548837 -0.77259656786918629 20.011739730834964 927.69735717773449 -0.22695468366146085 0.54210525751113903 465.65625000000006
decision_type=2 2 2 2 2 2 2 2 2 2 2 2 2 2
left_child=7 4 3 -3 6 -4 -2 8 9 -1 12 -12 -9 -10
right_child=1 2 5 -5 -6 -7 -8 10 13 -11 11 -13 -14 -15
leaf_value=0.1611881851453974 0.12583441845424176 -0.040239702984193361 0.33108563593452256 -0.19211146195914056 0.93047676988189054 -0.18695914687325513 -0.038050578497310215 -0.049489396681771824 0.050264664452850688 -0.022049333871609064 -0.13486193005026612 0.0095311070491042749 0.03093350333254925 -0.035742392781614854
leaf_weight=271 777 1000 45 71 57 253 1041 1014 1494 132 151 332 563 663
leaf_count=271 777 1000 45 71 57 253 1041 1014 1494 132 151 332 563 663
internal_value=-0.000335664 -0.00140524 -0.00481752 -0.00279851 0.00108742 -0.0120401 0.000527763 0.000415494 0.00190551 0.00683168 -0.0014362 -0.00570248 -0.000126743 0.000982391
internal_weight=7864 3244 1369 1071 1875 298 1818 4620 2560 403 2060 483 1577 2157
internal_count=7864 3244 1369 1071 1875 298 1818 4620 2560 403 2060 483 1577 2157
is_linear=0
shrinkage=0.08


Tree=63
num_leaves=9
num_cat=0
split_feature=30 28 59 33 34 55 58 34
split_gain=1.16304 1.03649 2.08838 2.74238 1.99613 1.53733 1.49747 1.24793
threshold=0.41964285075664526 178.96363830566409 120.50000000000001 60.210454940795906 49.298881530761726 74.31333160400392 6.066805601119996 54.86737251281739
decision_type=2 2 2 2 2 2 2 2
left_child=-1 5 4 -4 -3 7 -7 -2
right_child=1 2 3 -5 -6 6 -8 -9
leaf_value=-0.05826115463259697 -0.0014015952459815394 -0.0094289035512096584 0.026333106856815433 0.62876954122872974 -0.13131670973893647 0.049923959032564441 0.25510456358713307 0.24437670944795842
leaf_weight=57 4205 1861 217 61 1078 81 46 258
leaf_count=57 4205 1861 217 61 1078 81 46 258
internal_value=-0.000437381 -0.000353484 -0.00145432 0.00516129 -0.00208163 0.00041821 0.0090625 0.000170251
internal_weight=7864 7807 3217 278 2939 4590 127 4463
internal_count=7864 7807 3217 278 2939 4590 127 4463
is_linear=0
shrinkage=0.08


Tree=64
num_leaves=9
num_cat=0
split_feature=30 11 55 28 53 25 25 40
split_gain=1.17355 1.01068 1.9051 2.716 1.42395 1.34493 2.01343 2.00578
threshold=0.41964285075664526 3.685416698455811 38.785554885864265 178.96363830566409 129.50000000000003 1084.679138183594 739.88595581054699 0.82631579041481029
decision_type=2 2 2 2 2 2 2 2
left_child=-1 5 4 -4 -3 6 -2 -7
right_child=1 2 3 -5 -6 7 -8 -9
leaf_value=-0.053600262261989225 -0.010609135776933841 -0.023492284441862309 -0.0028847797906217921 -0.25219364417645984 0.16627751080273356 -0.0077609558583477426 0.046137971398042696 -0.055212377093068137
leaf_weight=57 2876 1426 73 63 87 920 2234 128
leaf_count=57 2876 1426 73 63 87 920 2234 128
internal_value=-0.000386523 -0.000302254 -0.00206061 -0.0110949 -0.00124174 0.000168859 0.000704363 -0.00244042
internal_weight=7864 7807 1649 136 1513 6158 5110 1048
internal_count=7864 7807 1649 136 1513 6158 5110 1048
is_linear=0
shrinkage=0.08


Tree=65
num_leaves=15
num_cat=0
split_feature=1 40 55 12 55 2 40 35 35 34 59 26 44 43
split_gain=1.03257 2.5157 1.46687 3.93014 2.79778 1.33969 2.04157 3.07492 2.03819 1.52618 3.66355 1.28054 1.24723 1.17342
threshold=348.13084411621099 0.82631579041481029 2.0002777576446538 632.59375000000011 3.8905556201934819 860.50000000000011 0.74210524559021007 165.99444580078128 166.05611419677737 52.687736511230476 150.50000000000003 11603.500000000002 -1.0000000180025095e-35 -0.68322628736495961
decision_type=2 2 2 2 2 2 2 2 2 2 2 2 2 2
left_child=5 2 3 -2 -4 9 8 -8 -7 13 -11 12 -3 -1
right_child=1 11 4 -5 -6 6 7 -9 -10 10 -12 -13 -14 -15
leaf_value=-0.050048112857786438 -0.081431666501742661 0.0424587708387206 0.67163392885384843 0.089766906048966102 -0.0035411994756927357 -0.05951227230382955 0.41223736929368104 0.036560008656387595 0.093141214367140041 0.045859189061426164 0.59857305182195097 -0.21454559084385608 -0.068115006210906659 -0.00031054949972400439
leaf_weight=1216 770 51 88 210 478 201 51 143 429 486 39 61 96 3545
leaf_count=1216 770 51 88 210 478 201 51 143 429 486 39 61 96 3545
internal_value=-0.000386523 -0.00209687 -0.000982547 -0.00285423 0.0022575 0.000104729 0.00310303 0.0102564 0.00088748 -0.000363155 0.00372624 -0.0103349 -0.00621622 -0.000814784
internal_weight=7864 1754 1546 980 566 6110 824 194 630 5286 525 208 147 4761
internal_count=7864 1754 1546 980 566 6110 824 194 630 5286 525 208 147 4761
is_linear=0
shrinkage=0.08


Tree=66
num_leaves=12
num_cat=0
split_feature=36 40 23 42 4 25 49 56 25 58 3
split_gain=1.15331 1.51567 1.12125 1.66525 3.34909 2.22777 1.59558 1.54216 1.48198 0.686298 0.28877
threshold=1618.5000000000002 0.42631578445434576 23.277916908264164 0.63405361771583568 29.693983078002933 1122.7296142578127 15.767638683319094 18.500000000000004 398.49481201171881 1.923611104488373 0.0075231480877846488
decision_type=2 2 2 2 2 2 2 2 2 2 2
left_child=2 9 3 5 -5 -1 8 -8 -4 -2 -3
right_child=1 10 6 4 -6 -7 7 -9 -10 -11 -12
leaf_value=-0.022749259194691264 0.041784308431935598 -0.096727639171005284 -0.072370786794614825 0.0055755624612223191 0.36690672529524476 -0.1056767249139105 0.0112231905678928 -0.17518379966756134 0.040097217667441426 -0.085233883954526496 -0.18791157678290155
leaf_weight=2921 59 33 239 2005 75 227 430 194 1617 32 32
leaf_count=2921 59 33 239 2005 75 227 430 194 1617 32 32
internal_value=-0.000345836 -0.00713376 -0.00020755 -0.00087206 0.00088419 -0.00203239 0.00119307 -0.002304 0.00236941 -0.000434783 -0.0163636
internal_weight=7864 156 7708 5228 2080 3148 2480 624 1856 91 65
internal_count=7864 156 7708 5228 2080 3148 2480 624 1856 91 65
is_linear=0
shrinkage=0.08


Tree=67
num_leaves=14
num_cat=0
split_feature=31 31 58 49 33 23 47 52 58 42 53 40 1
split_gain=0.924911 1.73348 2.29655 1.29382 1.29262 1.2726 1.23598 1.04267 1.14094 1.01183 0.691477 0.635278 1.48001
threshold=0.49871392548084265 0.496600091457367 2.0694445371627812 1.1861110925674441 31.187319755554203 20.793472290039066 1.0000000180025095e-35 0.71736109256744396 1.0000000180025095e-35 0.52778512239456188 1.5000000000000002 0.23684210330247882 60.508348464965827
decision_type=2 2 2 2 2 2 2 2 2 2 2 2 2
left_child=1 4 9 -4 10 -6 7 8 -2 -3 -1 -8 -13
right_child=6 2 3 -5 5 -7 11 -9 -10 -11 -12 12 -14
leaf_value=-0.022778728453615286 -0.30170373004700374 0.30118857510813796 -0.36431577941633253 0.23950371016928457 -0.13326952982498846 -0.00055268164693664799 -0.18886909906707922 -0.45402378520152981 0.13771567920244659 2.4935495723226375 -0.1512295975653726 -0.25354774472460861 1.7629106367346168
leaf_weight=47 49 108 54 33 309 6961 44 30 56 55 32 37 49
leaf_count=47 49 108 54 33 309 6961 44 30 56 55 32 37 49
internal_value=-0.000325493 -0.000163158 0.0063745 -0.00409091 -0.000386395 -0.000275065 -0.00496241 -0.0102941 -0.00641509 0.0119512 -0.0105 0.000610687 0.0045977
internal_weight=7864 7599 250 87 7349 7270 265 135 105 163 79 130 86
internal_count=7864 7599 250 87 7349 7270 265 135 105 163 79 130 86
is_linear=0
shrinkage=0.08


Tree=68
num_leaves=13
num_cat=0
split_feature=31 28 43 43 33 42 26 14 42 52 15 53
split_gain=1.03586 1.32144 1.73446 1.51186 1.28756 1.28635 1.04877 1.00159 0.947702 1.9795 1.58629 0.691477
threshold=0.49871392548084265 488.86331176757818 -0.77259656786918629 0.35206145048141485 31.187319755554203 -0.52778512239456166 2530.0000000000005 954.50000000000011 0.52778512239456188 2.2966667413711552 4.2379486560821542 1.5000000000000002
decision_type=2 2 2 2 2 2 2 2 2 2 2 2
left_child=1 4 7 -4 11 -2 -6 -3 10 -10 -7 -1
right_child=5 2 3 -5 6 8 -8 -9 9 -11 -12 -13
leaf_value=-0.020956430177326055 0.41293605699439495 0.038474378488462795 0.66564693506478878 0.074088900004904298 -0.083262201844727227 -0.28242060482945008 -0.0016697747735014445 -0.31699305665204724 0.07556138540783934 -0.39354976746355463 -0.049729986716639946 -0.1391312297601428
leaf_weight=47 38 32 137 111 254 58 6943 43 97 38 34 32
leaf_count=47 38 32 137 111 254 58 6943 43 97 38 34 32
internal_value=-0.000356008 -0.000184211 0.00481481 0.00803213 -0.000406761 -0.00526316 -0.000294526 -0.00578947 -0.00754386 -0.00323529 -0.0137634 -0.0105
internal_weight=7864 7599 323 248 7276 265 7197 75 227 135 92 79
internal_count=7864 7599 323 248 7276 265 7197 75 227 135 92 79
is_linear=0
shrinkage=0.08


Tree=69
num_leaves=14
num_cat=0
split_feature=31 31 58 47 23 30 26 52 58 42 49 51 55
split_gain=0.920857 1.26826 2.52992 1.23598 1.22696 1.17494 1.15658 1.04267 1.14094 0.924934 0.841488 0.509033 0.690064
threshold=0.49871392548084265 0.496600091457367 1.2959722280502322 1.0000000180025095e-35 20.793472290039066 0.75595238804817211 11557.500000000002 0.71736109256744396 1.0000000180025095e-35 0.52778512239456188 1.1861110925674441 1.0000000180025095e-35 0.089166667312383666
decision_type=2 2 2 2 2 2 2 2 2 2 2 2 2
left_child=1 4 9 7 5 -1 -6 8 -2 -3 -4 -5 -13
right_child=3 2 10 11 6 -7 -8 -9 -10 -11 -12 12 -14
leaf_value=-0.17321702097992422 -0.26328661484192561 0.34573734793497934 -0.33503693508114579 -0.14623936171014351 0.0069397794764014973 0.045810399776106792 -0.019903843491366473 -0.40441585872356378 0.10715852717016149 2.2408138517316436 0.17465654040876552 -0.15370949869194633 0.88082424146999927
leaf_weight=227 49 107 56 41 5027 82 2013 30 56 53 34 38 51
leaf_count=227 49 107 56 41 5027 82 2013 30 56 53 34 38 51
internal_value=-0.000335664 -0.000173684 0.00541833 -0.00496241 -0.000364626 -0.00529032 -0.000147706 -0.0102941 -0.00641509 0.0114286 -0.00527473 0.000610687 0.004
internal_weight=7864 7599 250 265 7349 309 7040 135 105 160 90 130 89
internal_count=7864 7599 250 265 7349 309 7040 135 105 160 90 130 89
is_linear=0
shrinkage=0.08


Tree=70
num_leaves=12
num_cat=0
split_feature=31 42 31 59 23 30 26 42 52 49 43
split_gain=1.02729 1.28635 1.00832 1.99873 1.22154 1.17494 1.03056 0.750797 1.02742 0.721441 0.300835
threshold=0.49871392548084265 -0.52778512239456166 0.496600091457367 3.5000000000000004 20.793472290039066 0.75595238804817211 11557.500000000002 0.35206145048141485 2.2966667413711552 0.18500000238418582 0.95642796158790599
decision_type=2 2 2 2 2 2 2 2 2 2 2
left_child=2 -2 4 9 5 -1 -6 10 -9 -4 -3
right_child=1 7 3 -5 6 -7 -8 8 -10 -11 -12
leaf_value=-0.15935965930153026 0.3861462959417139 -0.24484533360574504 1.1815900312696976 -0.26459872667422996 0.0063845971182894343 0.042145567794018249 -0.018311536012057133 -0.0062227607056814802 -0.32976268188759889 0.00029884771462960206 -0.17043706327844646
leaf_weight=227 38 42 139 58 5027 82 2013 113 42 53 30
leaf_count=227 38 42 139 58 5027 82 2013 113 42 53 30
internal_value=-0.000376351 -0.00526316 -0.000205263 0.00478088 -0.00037551 -0.00529032 -0.000159068 -0.00754386 -0.00435897 0.00870466 -0.0142466
internal_weight=7864 265 7599 250 7349 309 7040 227 155 192 72
internal_count=7864 265 7599 250 7349 309 7040 227 155 192 72
is_linear=0
shrinkage=0.08


Tree=71
num_leaves=12
num_cat=0
split_feature=31 43 53 43 10 55 24 34 24 1 25
split_gain=1.3102 0.984934 1.07998 1.47732 0.907531 1.70101 3.02117 1.48911 3.35886 1.41767 1.38877
threshold=0.49871392548084265 -0.84874749183654774 7.5000000000000009 0.09796465560793878 1.1524394154548647 38.785554885864265 290.19940185546881 52.687736511230476 195.03422546386722 891.00906372070324 531.08184814453136
decision_type=2 2 2 2 2 2 2 2 2 2 2
left_child=4 -2 3 -3 7 9 -7 10 -9 -6 -1
right_child=1 2 -4 -5 5 6 -8 8 -10 -11 -12
leaf_value=-0.051958830862543479 -0.25882767174765842 0.67984892216712445 -0.24314281353331582 -0.1854134541842308 -0.0059865570488332768 -0.27076562515618852 -0.011229215852379468 0.42644971102104079 0.069525971601430855 -0.096278050169672835 0.0080391399020926721
leaf_weight=1630 45 82 32 106 1359 39 73 65 473 86 3874
leaf_count=1630 45 82 32 106 1359 39 73 65 473 86 3874
internal_value=-0.000345836 -0.00586466 -0.00361991 -0.00126984 -0.000152632 -0.0018742 -0.0113274 0.000291246 0.00430427 -0.00113416 -0.000101726
internal_weight=7864 265 220 188 7599 1557 112 6042 538 1445 5504
internal_count=7864 265 220 188 7599 1557 112 6042 538 1445 5504
is_linear=0
shrinkage=0.08


Tree=72
num_leaves=13
num_cat=0
split_feature=31 43 43 43 59 36 40 52 23 40 55 3
split_gain=1.02729 1.10023 1.09356 1.22236 0.990567 0.874721 1.45294 0.864057 0.857683 1.62977 1.33193 0.447415
threshold=0.49871392548084265 -0.84874749183654774 0.09796465560793878 0.52778512239456188 3.5000000000000004 1618.5000000000002 0.42631578445434576 2.2966667413711552 23.277916908264164 0.39473684132099157 4.9659721851348886 0.0075231480877846488
decision_type=2 2 2 2 2 2 2 2 2 2 2 2
left_child=5 -2 4 -4 -3 8 7 -7 9 -1 -10 -8
right_child=1 2 3 -5 -6 6 11 -9 10 -11 -12 -13
leaf_value=0.012995648270635094 -0.2381214580078457 0.58742973671545329 -0.39742306549937101 -0.060258697625674817 -0.27351270311819526 -0.032601734253676573 -0.08639753235558334 0.24273648230035247 0.035551509218251807 -0.032664834310085877 -0.020201948442276602 -0.16194137975278672
leaf_weight=2726 45 73 37 79 31 58 33 33 1596 2295 826 32
leaf_count=2726 45 73 37 79 31 58 33 33 1596 2295 826 32
internal_value=-0.000376351 -0.00526316 -0.00289593 -0.00820513 0.00304762 -0.000205263 -0.00611465 0.000434783 -8.06018e-05 -0.000677021 0.00115559 -0.0151515
internal_weight=7864 265 220 116 104 7599 156 91 7443 5021 2422 65
internal_count=7864 265 220 116 104 7599 156 91 7443 5021 2422 65
is_linear=0
shrinkage=0.08


Tree=73
num_leaves=15
num_cat=0
split_feature=11 55 28 42 36 43 21 36 50 18 28 42 53 50
split_gain=0.919546 1.70525 2.98607 1.46716 1.3523 1.29456 1.72708 1.4542 1.26908 1.24357 1.76582 1.67711 1.16008 1.4271
threshold=3.685416698455811 38.785554885864265 178.96363830566409 0.52778512239456188 20.500000000000004 0.99465191364288341 3.5512180328369145 31.500000000000004 6.5000000000000009 0.15625000000000003 413.67160034179693 0.97335553169250499 129.50000000000003 141.50000000000003
decision_type=2 2 2 2 2 2 2 2 2 2 2 2 2 2
left_child=5 12 3 -3 -4 9 7 -7 -8 11 -11 -1 13 -2
right_child=1 2 4 -5 -6 6 8 -9 -10 10 -12 -13 -14 -15
leaf_value=-0.03005164756527904 -0.027043255653624209 0.29412516911430769 -0.21501367633226584 -0.045815672700174448 -0.21643429454444241 -0.10717284706682791 -0.17480988463039382 0.21782318517183469 -0.0031913025740799841 0.0018126298452420288 0.24248894451455796 -0.33255790848507211 0.14514635214814151 0.21681079749565399
leaf_weight=575 1362 39 33 34 30 49 83 31 38 4753 599 87 87 64
leaf_count=575 1362 39 33 34 30 49 83 31 38 4753 599 87 87 64
internal_value=-0.000284806 -0.00196364 -0.0105109 0.000540541 -0.023125 0.000160875 -0.00613861 0.00296296 -0.0121311 0.000372402 0.000777134 -0.00289593 -0.0011889 -0.00173791
internal_weight=7864 1649 136 73 63 6215 201 80 121 6014 5352 662 1513 1426
internal_count=7864 1649 136 73 63 6215 201 80 121 6014 5352 662 1513 1426
is_linear=0
shrinkage=0.08


Tree=74
num_leaves=15
num_cat=0
split_feature=3 29 58 53 27 24 30 15 56 55 56 43 58 40
split_gain=0.935351 2.16611 1.8302 1.59412 2.78642 2.25243 2.11681 1.48804 1.16679 1.99871 1.47126 0.977105 0.722098 0.481125
threshold=0.01124999998137355 5921.5307617187509 27.538332939147953 2.5000000000000004 3.6363527774810795 578.15774536132824 0.70982143282890331 14.42046642303467 100.50000000000001 32.701805114746101 39.500000000000007 -0.032701563090086067 40.06805610656739 0.66842105984687816
decision_type=2 2 2 2 2 2 2 2 2 2 2 2 2 2
left_child=3 8 11 5 -5 7 -6 -1 10 -10 -2 -3 -4 -7
right_child=1 2 12 4 6 13 -8 -9 9 -11 -12 -13 -14 -15
leaf_value=-0.045136048904818295 0.00013802332097036186 -0.48916425124321278 0.50214312068571187 0.31079354210493138 -0.12856951704830963 0.34312312949644941 0.04345729783420673 0.057426817891539202 -0.12184024274382395 0.0092389194430452914 0.10823417731145611 0.99772518279300715 0.42852568146209025 0.079065996758398635
leaf_weight=2561 3069 39 31 43 238 32 1048 139 122 132 305 41 34 30
leaf_count=2561 3069 39 31 43 238 32 1048 139 122 132 305 41 34 30
internal_value=-0.000325493 0.000582936 0.010137 -0.00116325 0.00111278 -0.00225841 0.00043512 -0.00260644 0.000198402 -0.00501961 0.000592593 0.00197531 0.02 0.0126984
internal_weight=7864 3773 145 4091 1329 2762 1286 2700 3628 254 3374 80 65 62
internal_count=7864 3773 145 4091 1329 2762 1286 2700 3628 254 3374 80 65 62
is_linear=0
shrinkage=0.08


Tree=75
num_leaves=12
num_cat=0
split_feature=28 59 40 3 29 30 58 55 58 24 43
split_gain=1.05206 2.02443 1.91518 1.88774 1.84306 1.78365 1.24806 2.18187 1.29954 0.913264 0.727066
threshold=178.96363830566409 185.50000000000003 0.15263157337903979 0.06454861164093019 1567.842224121094 0.78422617912292492 81.010417938232436 2.7498611211776738 53.111665725708015 151.65029144287112 0.09796465560793878
decision_type=2 2 2 2 2 2 2 2 2 2 2
left_child=6 2 5 -3 -4 -2 8 10 9 -1 -8
right_child=1 3 4 -5 -6 -7 7 -9 -10 -11 -12
leaf_value=-0.14616659041917138 0.12731276472810649 0.090180241395447072 -0.14925116610929151 0.42592889255377664 -0.054624417340756272 -0.17633309265107475 0.17477747917870634 1.3609778573376961 -0.19468793695516728 0.0052785033700081382 -0.10778752109437875
leaf_weight=183 588 49 40 34 2398 108 34 54 59 4285 32
leaf_count=183 588 49 40 34 2398 108 34 54 59 4285 32
internal_value=-0.000193261 -0.00130516 -0.00163317 0.0109524 -0.00268963 0.002066 0.000576592 0.00859504 0.000362191 0.000519132 -0.00119403
internal_weight=7864 3217 3134 83 2438 696 4647 120 4527 4468 66
internal_count=7864 3217 3134 83 2438 696 4647 120 4527 4468 66
is_linear=0
shrinkage=0.08


Tree=76
num_leaves=15
num_cat=0
split_feature=33 35 24 40 12 34 59 42 50 58 56 22 53 42
split_gain=1.03148 1.99569 1.70424 2.30013 1.43819 1.41012 3.26018 1.45867 1.21147 2.09774 1.22421 1.05904 2.08518 1.24814
threshold=55.763181686401374 166.89013671875003 228.45684814453128 0.88947367668151867 378.00000000000006 52.687736511230476 150.50000000000003 0.93540480732917797 174.50000000000003 0.16819445043802264 32.500000000000007 7.2775821685791025 38.500000000000007 -0.88144907355308522
decision_type=2 2 2 2 2 2 2 2 2 2 2 2 2 2
left_child=1 2 3 -1 -4 8 7 -7 10 -10 -2 12 -3 -13
right_child=5 11 4 -5 -6 6 -8 -9 9 -11 -12 13 -14 -15
leaf_value=-0.016186565878668534 -0.0045776332563914933 -0.011447973430998388 0.39906835640196575 -0.19111428519024656 -0.035229727024651394 0.13144350128814636 0.415149583090337 -0.11366701905503973 0.069357130476549858 -0.36875077232112047 0.039313279856941108 -0.15737785819213129 -0.17827205887857822 -0.087968580696474064
leaf_weight=494 3647 871 563 45 269 376 38 66 38 44 898 35 43 437
leaf_count=494 3647 871 563 45 269 376 38 66 38 44 898 35 43 437
internal_value=-0.000305149 -0.00155185 0.000612245 -0.00288889 0.00288115 0.00036805 0.00449064 0.00252822 -6.05013e-05 -0.00963855 0.000114386 -0.00369142 -0.00209836 -0.00676533
internal_weight=7864 2757 1371 539 832 5107 480 442 4627 82 4545 1386 914 472
internal_count=7864 2757 1371 539 832 5107 480 442 4627 82 4545 1386 914 472
is_linear=0
shrinkage=0.08


Tree=77
num_leaves=12
num_cat=0
split_feature=59 34 58 28 40 40 24 53 43 15 42
split_gain=1.06081 2.98169 1.28658 1.11477 1.56418 1.53725 1.4457 1.35629 1.12329 1.07492 0.730335
threshold=160.50000000000003 52.072607040405281 29.814582824707035 178.96363830566409 0.14210525900125506 0.11052631586790086 151.65029144287112 214.00000000000003 0.99465191364288341 2.4599537849426274 0.16280825436115268
decision_type=2 2 2 2 2 2 2 2 2 2 2
left_child=3 2 -2 6 5 -5 10 -6 -8 -4 -1
right_child=1 -3 9 4 7 -7 8 -9 -10 -11 -12
leaf_value=0.19547772606507088 0.24934937589587136 0.37373493861564727 0.28385434074821064 -0.0069724530446373476 -0.058206794860858252 0.36498869566718029 0.0072681777639354555 0.52806333214111267 -0.060459831778578915 -0.10276821754953347 -0.23359703803122492
leaf_weight=59 37 39 38 479 2426 150 4249 38 134 94 121
leaf_count=59 37 39 38 479 2426 150 4249 38 134 94 121
internal_value=-0.000264463 0.00535885 0.000705882 -0.000417918 -0.00159017 0.00196825 0.000376862 -0.00249899 0.000666058 -0.00300752 -0.00662983
internal_weight=7864 208 169 7656 3093 629 4563 2464 4383 132 180
internal_count=7864 208 169 7656 3093 629 4563 2464 4383 132 180
is_linear=0
shrinkage=0.08


Tree=78
num_leaves=13
num_cat=0
split_feature=59 33 58 53 49 28 24 40 52 24 58 15
split_gain=1.04933 3.2306 1.4439 2.8802 1.08638 1.02858 1.3278 2.0761 1.62935 1.26906 0.960892 0.801358
threshold=160.50000000000003 60.210454940795906 32.008888244628913 1.5000000000000002 17.833055496215824 178.96363830566409 263.19642639160162 0.73157894611358654 277.57153320312506 151.65029144287112 81.010417938232436 3.3701968193054204
decision_type=2 2 2 2 2 2 2 2 2 2 2 2
left_child=5 2 -2 -4 -3 9 8 -8 -7 11 -11 -1
right_child=1 4 3 -5 -6 6 7 -9 -10 10 -12 -13
leaf_value=-0.14436198904682859 0.21116894238568351 0.35203882135385828 0.087038967920218507 -0.45963474262137283 0.11145768755320119 -0.0065642818711124564 -0.066732235093479628 -0.13178573609837516 -0.17115320686072219 0.0034611458918335459 0.45902140902804633 -0.13421467970864329
leaf_weight=114 48 34 58 37 31 2405 528 80 80 4284 99 66
leaf_count=114 48 34 58 37 31 2405 528 80 80 4284 99 66
internal_value=-0.000233948 0.00535885 -0.00138889 -0.00708333 0.02 -0.000386574 -0.00151261 -0.00486043 -0.000691874 0.000376862 0.00064781 -0.00618785
internal_weight=7864 208 143 95 65 7656 3093 608 2485 4563 4383 180
internal_count=7864 208 143 95 65 7656 3093 608 2485 4563 4383 180
is_linear=0
shrinkage=0.08


Tree=79
num_leaves=11
num_cat=0
split_feature=59 34 2 15 31 42 28 42 28 58
split_gain=1.04933 2.98169 1.06325 1.42159 0.982565 1.09461 0.831371 1.30734 1.03744 0.698273
threshold=160.50000000000003 52.072607040405281 803.00000000000011 3.3701968193054204 0.49871392548084265 -0.47114434838294977 488.86331176757818 0.95642796158790599 178.96363830566409 0.084444444626569762
decision_type=2 2 2 2 2 2 2 2 2 2
left_child=4 2 3 -2 6 -6 8 -8 -1 -7
right_child=1 -3 -4 -5 5 9 7 -9 -10 -11
leaf_value=0.0024589437741042277 0.074551827495220241 0.31567303781808675 0.2946319786395839 -0.1624488959480285 0.11303850814307005 -0.23452742981825914 0.090181644486404131 0.63823537501605387 -0.032336116477629989 -0.01950933565163581
leaf_weight=4563 69 39 38 62 41 94 233 37 2563 125
leaf_count=4563 69 39 38 62 41 94 233 37 2563 125
internal_value=-0.000233948 0.00535885 0.000705882 -0.00272727 -0.000386574 -0.00521073 -0.000216304 0.00413284 -0.000381647 -0.00745455
internal_weight=7864 208 169 131 7656 260 7396 270 7126 219
internal_count=7864 208 169 131 7656 260 7396 270 7126 219
is_linear=0
shrinkage=0.08


Tree=80
num_leaves=14
num_cat=0
split_feature=59 30 3 40 28 24 40 29 24 59 15 18 50
split_gain=1.06081 3.00383 2.06627 1.52577 0.972122 1.43405 2.03045 1.49607 1.24882 0.915948 0.801358 0.576415 0.551685
threshold=160.50000000000003 0.78125000000000011 0.06454861164093019 0.26842105388641363 178.96363830566409 263.19642639160162 0.73157894611358654 3118.2814941406255 151.65029144287112 35.500000000000007 3.3701968193054204 0.17708333581686023 88.500000000000014
decision_type=2 2 2 2 2 2 2 2 2 2 2 2 2
left_child=4 2 11 -3 8 7 -7 -6 10 -10 -1 -2 -5
right_child=1 3 -4 12 5 6 -8 -9 9 -11 -12 -13 -14
leaf_value=-0.13300974542501051 0.058142051573416613 -0.40986805153582079 0.29068727454103055 -0.025532028892765981 -0.10709832833152387 -0.059468001995173339 -0.11865598789229476 0.0072887133380016601 0.007714878142680846 -0.028739092257877914 -0.12367422083388015 -0.33790774495138126 0.30204773439915189
leaf_weight=114 30 31 43 44 535 528 80 1950 3925 458 66 30 30
leaf_count=114 30 31 43 44 535 528 80 1950 3925 458 66 30 30
internal_value=-0.000264463 0.00535885 0.015 -0.00415094 -0.000417918 -0.00151261 -0.00499179 -0.000659694 0.000324277 0.000593066 -0.00618785 0.0052459 0.00213333
internal_weight=7864 208 103 105 7656 3093 608 2485 4563 4383 180 60 74
internal_count=7864 208 103 105 7656 3093 608 2485 4563 4383 180 60 74
is_linear=0
shrinkage=0.08


Tree=81
num_leaves=11
num_cat=0
split_feature=59 49 45 43 42 34 34 31 42 34
split_gain=1.19625 3.11674 1.39201 1.03016 0.963655 2.00408 1.33494 0.905737 1.08866 0.833999
threshold=185.50000000000003 29.295971870422367 1.0000000180025095e-35 0.09796465560793878 0.99892947077751171 48.877935409545906 50.80134582519532 0.49871392548084265 -0.47114434838294977 49.561822891235359
decision_type=2 2 2 2 2 2 2 2 2 2
left_child=4 2 3 -2 7 -6 -7 9 -9 -1
right_child=1 -3 -4 -5 5 6 -8 8 -10 -11
leaf_value=0.0052833050839357302 -0.037217980287463773 -0.35831905898119587 0.26703160536468545 0.40259539170173791 -0.15765490324489975 0.33966684272002995 0.057068746519408825 0.10341233042458427 -0.15349781275739222 -0.016609780503435694
leaf_weight=4046 45 30 36 30 47 39 30 41 214 3306
leaf_count=4046 45 30 36 30 47 39 30 41 214 3306
internal_value=-0.000233948 0.00704225 0.0132143 0.00684211 -0.000367685 0.00683761 0.0154286 -0.000478444 -0.00515625 -0.000315517
internal_weight=7864 141 111 75 7723 116 69 7607 255 7352
internal_count=7864 141 111 75 7723 116 69 7607 255 7352
is_linear=0
shrinkage=0.08


Tree=82
num_leaves=14
num_cat=0
split_feature=11 59 33 52 55 42 28 40 9 60 43 21 50
split_gain=0.913607 1.34194 2.7224 1.41198 1.30466 2.55465 1.53396 1.09203 1.1424 1.06545 0.983561 1.83416 0.896834
threshold=3.685416698455811 185.50000000000003 60.210454940795906 0.20138888806104663 38.785554885864265 0.77259656786918651 178.96363830566409 0.047368422150611884 0.65003472566604625 1.0000000180025095e-35 0.99465191364288341 3.5512180328369145 174.50000000000003
decision_type=2 2 2 2 2 2 2 2 2 2 2 2 2
left_child=1 10 3 -3 7 6 -6 8 -2 -9 12 -12 -1
right_child=4 2 -4 -5 5 -7 -8 9 -10 -11 11 -13 -14
leaf_value=0.0046717852290468192 0.3818428714008435 0.27139401946093045 0.2456690769355106 -0.3905636367801133 0.15981525467916519 -0.20144629590278315 -0.15817709598291396 0.31233263452954868 -0.0027065646299783454 -0.024869371570452471 0.049826652309839618 -0.12908600702487996 -0.22285744135068686
leaf_weight=5809 32 45 34 32 54 50 32 57 37 1387 78 119 98
leaf_count=5809 32 45 34 32 54 50 32 57 37 1387 78 119 98
internal_value=-0.000193261 0.000250965 0.00892857 0.000512821 -0.00186667 -0.00934307 -0.00091954 -0.0011889 0.00857143 -0.0016609 9.17281e-05 -0.00545455 0.00027759
internal_weight=7864 6215 111 77 1649 136 86 1513 69 1444 6104 197 5907
internal_count=7864 6215 111 77 1649 136 86 1513 69 1444 6104 197 5907
is_linear=0
shrinkage=0.08


Tree=83
num_leaves=13
num_cat=0
split_feature=53 30 13 47 59 34 55 43 42 13 25 56
split_gain=0.824129 2.59203 2.2485 1.53828 1.44233 2.44758 1.59151 1.33766 1.29031 1.20957 1.02003 1.01806
threshold=47.500000000000007 0.72172617912292492 1453.0163574218752 1.0000000180025095e-35 185.50000000000003 52.072607040405281 0.061805555596947677 -0.41248606145381922 0.99892947077751171 1845.6218872070315 654.93835449218761 32.500000000000007
decision_type=2 2 2 2 2 2 2 2 2 2 2 2
left_child=4 7 3 -3 8 6 -6 -2 9 -1 -10 -9
right_child=1 2 -4 -5 5 -7 -8 11 10 -11 -12 -13
leaf_value=-0.0038473075562839654 -0.11765936189631696 0.058883441930504148 -0.15260070343276172 -0.045080435186454153 0.24959361545776701 0.22588294331599798 -0.40067246504349707 -0.2636482199800233 -0.0040637136281964819 0.14279894644946795 0.28253050592768503 -0.072041176860655129
leaf_weight=6219 39 515 50 498 51 33 30 45 41 245 62 36
leaf_count=6219 39 515 50 498 51 33 30 45 41 245 62 36
internal_value=-0.00018309 -0.00212838 -0.000864662 -3.94477e-05 0.000161628 0.00904348 0.00146341 -0.0132231 6.09013e-06 -0.000136118 0.00884615 -0.0190244
internal_weight=7864 1183 1063 1013 6681 114 81 120 6567 6464 103 81
internal_count=7864 1183 1063 1013 6681 114 81 120 6567 6464 103 81
is_linear=0
shrinkage=0.08


Tree=84
num_leaves=15
num_cat=0
split_feature=11 59 33 52 50 42 42 12 24 13 49 43 21 53
split_gain=0.87225 1.34194 2.7224 1.41198 0.986238 2.54197 2.21534 2.06365 2.05499 1.83299 1.61655 0.983561 1.83416 0.891701
threshold=3.685416698455811 185.50000000000003 60.210454940795906 0.20138888806104663 2.5000000000000004 -0.68322628736495961 -0.35206145048141474 279.15625000000006 258.26637268066412 167.26181793212893 1.1861110925674441 0.99465191364288341 3.5512180328369145 57.500000000000007
decision_type=2 2 2 2 2 2 2 2 2 2 2 2 2 2
left_child=1 11 3 -3 5 8 9 -8 -2 -6 -7 13 -13 -1
right_child=4 2 -4 -5 6 10 7 -9 -10 -11 -12 12 -14 -15
leaf_value=0.0059315952529541962 -0.017720008169096815 0.22971500866743469 0.20794491531538994 -0.35178220105427882 0.31859833030500329 0.004436510015466695 -0.064178378795411967 0.05514095430494223 -0.12064460935866307 0.015717281138697956 -0.17795856581140576 0.046148304729555251 -0.11845134185838681 -0.044153100953916183
leaf_weight=5164 82 45 34 32 42 597 288 275 77 147 141 78 119 743
leaf_count=5164 82 45 34 32 42 597 288 275 77 147 141 78 119 743
internal_value=-0.00018309 0.000250965 0.00892857 0.000512821 -0.00181818 -0.00360802 0.000318725 -0.00219858 -0.01275 0.00778947 -0.00162382 9.17281e-05 -0.00545455 0.00027759
internal_weight=7864 6215 111 77 1649 897 752 563 159 189 738 6104 197 5907
internal_count=7864 6215 111 77 1649 897 752 563 159 189 738 6104 197 5907
is_linear=0
shrinkage=0.08


Tree=85
num_leaves=14
num_cat=0
split_feature=26 42 18 21 42 25 36 49 35 0 57 14 25
split_gain=0.763988 2.18886 5.0334 1.34855 1.33313 3.69757 2.38809 3.16876 2.34154 2.01901 1.75462 1.09559 0.914812
threshold=11834.500000000002 -0.72947329282760609 0.36458332836627966 3.2603876590728764 0.63405361771583568 927.69735717773449 721.50000000000011 0.83333334326744091 167.33319854736331 326.37500000000006 1.0000000180025095e-35 949.00000000000011 1962.8914794921877
decision_type=2 2 2 2 2 2 2 2 2 2 2 2 2
left_child=4 2 3 -2 6 9 10 -8 -7 -6 -1 -3 -13
right_child=1 11 -4 -5 5 8 7 -9 -10 -11 -12 12 -14
leaf_value=-0.16397875923247482 0.035268219507368123 -0.15860778865213554 -0.031349923232433727 0.1693097997984819 -0.02308840953566154 0.52967804823068521 -0.10391755588989138 0.00638422272434859 0.06504013332478302 0.094002839692531662 0.00086787867774887676 -0.042667120109379938 0.031769121146472588
leaf_weight=119 92 58 45 95 1539 181 126 101 178 507 3497 1141 185
leaf_count=119 92 58 45 95 1539 181 126 101 178 507 3497 1141 185
internal_value=-0.000132231 -0.00168213 0.00549356 0.0112766 0.000268843 0.00174564 -0.000655567 -0.00859649 0.00922222 0.000429897 -0.000154824 -0.00288809 -0.00241145
internal_weight=7864 1616 232 187 6248 2405 3843 227 359 2046 3616 1384 1326
internal_count=7864 1616 232 187 6248 2405 3843 227 359 2046 3616 1384 1326
is_linear=0
shrinkage=0.08


Tree=86
num_leaves=13
num_cat=0
split_feature=53 30 13 59 34 43 53 40 50 55 47 56
split_gain=0.793031 2.62372 2.26918 1.43456 1.8493 1.33766 1.3081 2.40908 1.86732 1.25241 1.17242 1.01806
threshold=47.500000000000007 0.72172617912292492 1453.0163574218752 185.50000000000003 52.072607040405281 -0.41248606145381922 1.5000000000000002 0.88947367668151867 241.50000000000003 0.061805555596947677 1.0000000180025095e-35 32.500000000000007
decision_type=2 2 2 2 2 2 2 2 2 2 2 2
left_child=3 5 10 6 9 -2 8 -8 -1 -5 -3 -7
right_child=1 2 -4 4 -6 11 7 -9 -10 -11 -12 -13
leaf_value=-0.0061017507128062224 -0.10478379516251821 0.056123004191851747 -0.1463242106960054 0.21126837767981996 0.19110728433126695 -0.23717704154245517 0.011985000115615208 0.22729645480712293 -0.48108365752617704 -0.34303389453905525 -0.038317132198167486 -0.062815064929709341
leaf_weight=4438 39 515 50 51 33 45 2013 81 35 30 498 36
leaf_count=4438 39 515 50 51 33 45 2013 81 35 30 498 36
internal_value=-0.000152575 -0.00206081 -0.000789474 0.000185573 0.00904348 -0.0132231 3.04507e-05 0.00168019 -0.000742065 0.00243902 3.94477e-05 -0.0190244
internal_weight=7864 1183 1063 6681 114 120 6567 2094 4473 81 1013 81
internal_count=7864 1183 1063 6681 114 120 6567 2094 4473 81 1013 81
is_linear=0
shrinkage=0.08


Tree=87
num_leaves=12
num_cat=0
split_feature=53 30 13 59 3 11 43 49 53 50 40
split_gain=0.801507 2.32208 1.83871 1.43069 2.3224 1.29454 1.19656 1.17783 1.17144 1.87839 1.80111
threshold=47.500000000000007 0.72172617912292492 1453.0163574218752 185.50000000000003 0.06454861164093019 4.6529166698455819 -0.41248606145381922 0.51500001549720775 1.5000000000000002 241.50000000000003 0.87894737720489513
decision_type=2 2 2 2 2 2 2 2 2 2 2
left_child=3 6 5 8 -5 -3 -2 -8 9 -1 -10
right_child=1 2 -4 4 -6 -7 7 -9 10 -11 -12
leaf_value=-0.0056136106557817559 -0.096401091549516732 0.021157267202831918 -0.13461827384032499 -0.09788299723474736 0.17581870158476562 -0.083899262322801885 -0.19026135320100671 -0.095742127798605886 0.010803724412017886 -0.44259696492408285 0.23623873149647664
leaf_weight=4438 39 913 50 59 55 100 37 44 2008 35 86
leaf_count=4438 39 913 50 59 55 100 37 44 2008 35 86
internal_value=-0.000142403 -0.00206081 -0.000864662 0.000197546 0.00904348 -0.000118343 -0.012562 -0.0180488 4.26309e-05 -0.000688422 0.00160382
internal_weight=7864 1183 1063 6681 114 1013 120 81 6567 4473 2094
internal_count=7864 1183 1063 6681 114 1013 120 81 6567 4473 2094
is_linear=0
shrinkage=0.08


Tree=88
num_leaves=10
num_cat=0
split_feature=15 49 11 59 33 40 17 50 43
split_gain=0.75203 0.976174 0.719332 1.29978 2.0909 1.1057 1.8058 1.27852 0.89211
threshold=40.719272613525398 0.23236110806465152 3.7313889265060429 185.50000000000003 60.210454940795906 0.036842105910182006 83.370830535888686 2.5000000000000004 0.99465191364288341
decision_type=2 2 2 2 2 2 2 2 2
left_child=2 -2 3 8 -5 6 -4 -7 -1
right_child=1 -3 5 4 -6 7 -8 -9 -10
leaf_value=0.003849811037910733 -0.69057162613542533 0.17984549379130671 0.81199711481453973 0.012837071317421334 0.16188581292265611 -0.056362151641560845 -0.034368261079177106 0.0040970004367947869 -0.053857091063367973
leaf_weight=5862 36 37 32 77 34 841 30 718 197
leaf_count=5862 36 37 32 77 34 841 30 718 197
internal_value=-8.13732e-05 -0.00810811 -5.13347e-06 0.000388916 0.00892857 -0.00150432 0.00888889 -0.00192308 0.000231023
internal_weight=7864 73 7791 6170 111 1621 62 1559 6059
internal_count=7864 73 7791 6170 111 1621 62 1559 6059
is_linear=0
shrinkage=0.08


Tree=89
num_leaves=12
num_cat=0
split_feature=59 49 45 28 24 40 52 24 22 59 40
split_gain=0.667075 2.67082 1.39163 0.69181 1.49846 2.14767 1.32592 1.09865 1.0899 1.0266 0.329141
threshold=185.50000000000003 29.295971870422367 1.0000000180025095e-35 178.96363830566409 263.19642639160162 0.73157894611358654 277.57153320312506 151.65029144287112 7.5320606231689462 35.500000000000007 0.41578947007656103
decision_type=2 2 2 2 2 2 2 2 2 2 2
left_child=3 2 10 7 6 -6 -5 9 -9 -1 -2
right_child=1 -3 -4 4 5 -7 -8 8 -10 -11 -12
leaf_value=-0.13333484109971633 0.010749460990288178 -0.26999517690860164 0.14920159522771087 0.0026477694189583367 -0.050000597821926077 -0.091996242611764353 -0.12937391828525174 0.023405770437611686 -0.0033070192256877818 0.51622568727047236 0.15833865646545534
leaf_weight=152 42 30 36 2444 529 80 81 1906 2497 34 33
leaf_count=152 42 30 36 2444 529 80 81 1906 2497 34 33
internal_value=-8.13732e-05 0.00535211 0.0110714 -0.000181253 -0.00109729 -0.00465574 -0.00023753 0.000444444 0.000699364 -0.0055615 0.00473684
internal_weight=7864 141 111 7723 3134 609 2525 4589 4403 186 75
internal_count=7864 141 111 7723 3134 609 2525 4589 4403 186 75
is_linear=0
shrinkage=0.08


Tree=90
num_leaves=14
num_cat=0
split_feature=42 15 15 17 0 23 59 50 43 56 22 55 49
split_gain=0.643109 1.59523 2.25476 1.78932 1.5516 1.16314 0.736777 2.20748 1.24955 0.720051 2.2033 1.82124 0.692047
threshold=-0.98611506819725026 13.402022361755373 18.370650291442875 50.407222747802741 108.20833206176759 23.32833290100098 185.50000000000003 1.5000000000000002 0.032701563090086018 3.5000000000000004 8.5569911003112811 9.705416679382326 29.295971870422367
decision_type=2 2 2 2 2 2 2 2 2 2 2 2 2
left_child=1 3 -3 4 -1 -5 9 8 -8 11 -11 -2 -9
right_child=6 2 -4 5 -6 -7 7 12 -10 10 -12 -13 -14
leaf_value=-0.18421009815646122 -0.0017765216355867253 0.099249462533293031 -0.11889691408948111 -0.090789878720068842 0.14026191827198517 -0.079316592807412115 0.034354206637576858 0.01393375004020669 0.26937610293268804 0.019277071332799593 -0.17852279535735058 -0.10234013537280066 -0.24839556275591354
leaf_weight=40 4740 36 40 55 31 31 32 43 33 2307 52 394 30
leaf_count=40 4740 36 40 55 31 31 32 43 33 2307 52 394 30
internal_value=-0.000142403 -0.0042735 0.00519481 -0.00886076 0.000555556 -0.0165517 -1.57233e-05 0.0057554 0.0163636 -0.000122765 0.0010339 -0.000654333 -0.00378378
internal_weight=7864 233 76 157 71 86 7631 138 65 7493 2359 5134 73
internal_count=7864 233 76 157 71 86 7631 138 65 7493 2359 5134 73
is_linear=0
shrinkage=0.08


Tree=91
num_leaves=14
num_cat=0
split_feature=11 59 33 53 52 13 55 3 27 55 50 43 56
split_gain=0.62811 1.12671 2.27954 1.16152 1.09044 1.81577 1.30686 1.18029 1.04625 0.99373 0.783688 2.3539 0.957379
threshold=3.7313889265060429 185.50000000000003 60.210454940795906 1.5000000000000002 0.36166666448116308 497.56721496582037 4.7811110019683847 0.0075231480877846488 76.855396270751967 23.340971946716312 164.50000000000003 1.0000000180025095e-35 2.5000000000000004
decision_type=2 2 2 2 2 2 2 2 2 2 2 2 2
left_child=1 10 3 -3 5 6 -2 -7 9 -6 12 -12 -1
right_child=4 2 -4 -5 8 7 -8 -9 -10 -11 11 -13 -14
leaf_value=-0.0059171953010126897 0.0077280200566593746 0.21679058359432546 0.11571537937487875 -0.20965198794687331 0.018699027200595176 -0.12575883378741842 -0.055336934565517241 -0.11162947826992477 1.2836728566567677 -0.067417709352641284 0.4641058942801094 -0.25367243546018897 0.023443237051235785
leaf_weight=3990 501 46 34 31 522 112 147 119 37 183 48 60 2034
leaf_count=3990 501 46 34 31 522 112 147 119 37 183 48 60 2034
internal_value=-0.000101716 0.000262652 0.00821429 0.000512821 -0.00150432 -0.00340909 -0.00123267 -0.00948276 0.000753701 5.66572e-05 0.000117398 -0.0066055 0.000239004
internal_weight=7864 6243 111 77 1621 879 648 231 742 705 6132 108 6024
internal_count=7864 6243 111 77 1621 879 648 231 742 705 6132 108 6024
is_linear=0
shrinkage=0.08


Tree=92
num_leaves=11
num_cat=0
split_feature=53 13 30 42 43 59 3 42 56 14
split_gain=0.832769 2.17624 1.54395 1.33579 1.26286 1.22166 1.54217 1.06904 1.4257 0.871783
threshold=47.500000000000007 1453.0163574218752 0.72172617912292492 -0.097964655607938753 -0.41248606145381922 185.50000000000003 0.06454861164093019 0.99892947077751171 3.5000000000000004 9997.5000000000018
decision_type=2 2 2 2 2 2 2 2 2 2
left_child=5 2 4 -4 -2 7 -7 9 -9 -1
right_child=1 -3 3 -5 -6 6 -8 8 -10 -11
leaf_value=-0.0045104395718468734 0.048286640663560941 -0.19058811986513718 0.093983893476332694 -0.033731973226827847 -0.12514799037351704 -0.096717209239449459 0.10632410915069301 0.020010678070955239 0.30131017527453263 0.057023738685252068
leaf_weight=5990 36 57 356 657 77 59 55 71 32 474
leaf_count=5990 36 57 356 657 77 59 55 71 32 474
internal_value=-0.000172918 -0.00212838 -0.00134871 -0.00035503 -0.0101754 0.000173601 0.00834783 3.04507e-05 0.00807692 -9.89946e-05
internal_weight=7864 1183 1126 1013 113 6681 114 6567 103 6464
internal_count=7864 1183 1126 1013 113 6681 114 6567 103 6464
is_linear=0
shrinkage=0.08


Tree=93
num_leaves=13
num_cat=0
split_feature=11 50 53 43 40 49 22 53 30 59 53 29
split_gain=0.729348 0.994379 1.09555 1.15558 0.93795 1.9358 1.33363 1.06167 2.35508 1.46817 0.88058 0.74785
threshold=3.7313889265060429 141.50000000000003 114.50000000000001 0.16280825436115268 0.036842105910182006 28.21694374084473 8.1177916526794451 85.500000000000014 0.72172617912292492 170.00000000000003 47.500000000000007 2929.3515625000005
decision_type=2 2 2 2 2 2 2 2 2 2 2 2
left_child=4 2 3 -2 5 6 -1 9 -9 -6 -3 -4
right_child=1 10 11 -5 7 -7 -8 8 -10 -11 -12 -13
leaf_value=0.011570059326971461 -0.046456738417745169 0.24333930764340181 0.0011143216456071059 0.0015749062002410597 0.0053492393201764092 -0.30099568317778413 -0.13331471708638265 -0.13455411445818441 -0.028037179880475663 0.097952220292832806 -0.075214663967828485 2.3888418646868499
leaf_weight=221 840 42 84 583 5247 49 41 79 478 128 34 38
leaf_count=221 840 42 84 583 5247 49 41 79 478 128 34 38
internal_value=-9.15448e-05 -0.00160296 -0.00204398 -0.00266854 0.000301089 -0.00397436 -0.00121673 0.000525872 -0.0027957 0.000870536 0.00727273 0.00520325
internal_weight=7864 1621 1545 1423 6243 311 262 5932 557 5375 76 122
internal_count=7864 1621 1545 1423 6243 311 262 5932 557 5375 76 122
is_linear=0
shrinkage=0.08


Tree=94
num_leaves=15
num_cat=0
split_feature=9 60 17 42 11 52 42 42 34 23 49 35 15 43
split_gain=0.64909 1.27608 1.77096 1.2312 1.07654 1.00347 0.984035 2.64691 4.23834 2.38705 2.44738 2.37456 1.55241 0.65508
threshold=0.13831017911434176 1.0000000180025095e-35 88.95416641235353 0.99892947077751171 1.778750002384186 1.8320832848548891 0.84874749183654796 0.63405361771583568 47.529710769653327 22.768055915832523 32.445138931274421 166.50263977050784 13.402022361755373 0.2269546836614609
decision_type=2 2 2 2 2 2 2 2 2 2 2 2 2 2
left_child=6 2 -2 4 -3 -5 7 12 -9 10 -8 -11 -1 -4
right_child=1 3 13 5 -6 -7 9 8 -10 11 -12 -13 -14 -15
leaf_value=-0.01089701889343008 -0.071229201982503265 -0.067950977806542315 0.17808087749375845 0.031047060846797959 -0.0051295848555730928 0.3095710168761201 -0.13594584114160654 1.9197688027709223 0.050391387051580527 -0.085662542216596235 0.093153505651173918 0.56881105728887238 0.059432839347913387 0.64600673628706407
leaf_weight=1412 49 685 32 36 3938 35 371 92 338 174 58 164 445 35
leaf_count=1412 49 685 32 36 3938 35 371 92 338 174 58 164 445 35
internal_value=-0.000152575 -0.000731657 0.00752137 -0.000937167 -0.00109862 0.00944444 0.000759411 0.00159091 0.00723898 -0.00171875 -0.00567442 0.00330383 0.000279871 0.0158824
internal_weight=7864 4810 116 4694 4623 71 3054 2287 430 767 429 338 1857 67
internal_count=7864 4810 116 4694 4623 71 3054 2287 430 767 429 338 1857 67
is_linear=0
shrinkage=0.08


Tree=95
num_leaves=13
num_cat=0
split_feature=11 40 49 22 53 30 53 40 17 50 42 42
split_gain=0.689174 0.89353 1.9358 1.33363 0.907152 2.42294 1.13293 0.879696 1.497 1.05083 1.88051 1.40172
threshold=3.7313889265060429 0.036842105910182006 28.21694374084473 8.1177916526794451 85.500000000000014 0.70238095521926891 80.500000000000014 0.036842105910182006 83.370830535888686 2.5000000000000004 -0.68322628736495961 -0.22695468366146085
decision_type=2 2 2 2 2 2 2 2 2 2 2 2
left_child=1 2 3 -1 6 -6 -3 8 -2 10 -9 -11
right_child=7 4 -4 -5 5 -7 -8 9 -10 11 -12 -13
leaf_value=0.011054821369259572 0.74798514578869124 0.0053478028373105243 -0.27247485886641942 -0.12223917293102619 -0.12337941851308383 -0.029491457962150209 0.26341954274516893 -0.061309422416676966 -0.028172669410368202 0.037570685387453832 -0.039634204005796647 -0.022030588878857067
leaf_weight=221 32 5342 49 41 69 488 33 159 30 208 682 510
leaf_count=221 32 5342 49 41 69 488 33 159 30 208 682 510
internal_value=-0.00018309 0.000198591 -0.00397436 -0.00121673 0.000418001 -0.00265233 0.000736607 -0.00165228 0.00761905 -0.00202564 -0.00394299 0.000222531
internal_weight=7864 6243 311 262 5932 557 5375 1621 62 1559 841 718
internal_count=7864 6243 311 262 5932 557 5375 1621 62 1559 841 718
is_linear=0
shrinkage=0.08


Tree=96
num_leaves=10
num_cat=0
split_feature=31 57 42 58 42 49 15 40 49
split_gain=0.650017 1.10004 1.5701 0.9025 0.691689 0.639656 0.672351 1.13635 0.681996
threshold=0.49871392548084265 1.0000000180025095e-35 1.0000000180025095e-35 0.084444444626569762 0.58216583728790294 1490.3750000000002 35.729955673217781 0.42631578445434576 30.824722290039066
decision_type=2 2 2 2 2 2 2 2 2
left_child=5 4 -3 -4 -2 6 8 -8 -1
right_child=1 2 3 -5 -6 -7 7 -9 -10
leaf_value=0.0022105229806025049 -0.16756607219127129 0.63716416111578145 -0.27740117225012662 -0.016620176622466617 -0.088213285607448746 0.10716629253624724 -0.24244897323628017 0.10127362079416781 -0.034610745772357419
leaf_weight=6515 37 48 59 90 31 31 61 57 935
leaf_count=6515 37 48 59 90 31 31 61 57 935
internal_value=-0.000172918 -0.00406015 -0.0010101 -0.00506667 -0.0127536 -3.68421e-05 -8.45554e-05 -0.00605042 1.07368e-05
internal_weight=7864 265 197 149 68 7599 7568 118 7450
internal_count=7864 265 197 149 68 7599 7568 118 7450
is_linear=0
shrinkage=0.08


Tree=97
num_leaves=14
num_cat=0
split_feature=31 47 52 55 57 40 10 40 27 6 56 35 23
split_gain=1.10571 1.10052 0.664206 0.816539 0.646465 0.838784 0.588693 1.14864 2.48986 1.7016 0.883362 1.0478 0.930119
threshold=0.49871392548084265 1.0000000180025095e-35 1.0000000180025095e-35 0.18500000238418582 1.0000000180025095e-35 0.34210526943206793 1.2682927250862124 0.17368421703577044 58.142488479614265 0.12500000372529033 160.50000000000003 166.47208404541018 22.753472328186039
decision_type=2 2 2 2 2 2 2 2 2 2 2 2 2
left_child=6 2 3 -2 -3 -6 10 8 -8 -9 12 -12 -1
right_child=1 4 -4 -5 5 -7 7 9 -10 -11 11 -13 -14
leaf_value=-0.0094719947892795628 -0.087924037630123811 -0.11299467812182389 -0.25520907847011648 0.091515752522706606 -0.2712447031754418 1.454206252889876 -0.19348361790805638 -0.16925646762076355 0.69237544684578145 0.0019525747139709892 0.11211292555518626 -0.13332771490757481 0.010755519055292925
leaf_weight=3186 63 32 39 33 51 47 112 41 33 597 56 94 3480
leaf_count=3186 63 32 39 33 51 47 112 41 33 597 56 94 3480
internal_value=-0.000193261 -0.00526316 -0.0102941 -0.00659794 0 0.00323232 -1.57895e-05 -0.00209184 -0.00849315 -0.000625978 0.000222972 -0.00582781 0.000359982
internal_weight=7864 265 135 96 130 98 7599 783 145 638 6816 150 6666
internal_count=7864 265 135 96 130 98 7599 783 145 638 6816 150 6666
is_linear=0
shrinkage=0.08


Tree=98
num_leaves=12
num_cat=0
split_feature=31 47 52 55 15 49 9 49 55 58 40
split_gain=1.09244 1.10052 0.664206 0.816539 0.568813 0.759957 0.627597 1.08112 0.962499 0.505313 0.594552
threshold=0.49871392548084265 1.0000000180025095e-35 1.0000000180025095e-35 0.18500000238418582 40.719272613525398 0.23236110806465152 0.13831017911434176 17.435138702392582 25.935000419616703 9.1627774238586444 0.23684210330247882
decision_type=2 2 2 2 2 2 2 2 2 2 2
left_child=4 2 3 -2 6 -6 8 -8 -1 10 -3
right_child=1 9 -4 -5 5 -7 7 -9 -10 -11 -12
leaf_value=0.020787327499520211 -0.08089011461971389 -0.18062307007982967 -0.23479235219250719 0.084194492320890074 -0.65050502126721743 0.035701430169690414 0.001824267567412612 -0.028218073486911879 -0.037558734659491083 -0.2495451269214064 0.60850419270280276
leaf_weight=2260 63 31 39 33 36 37 3396 1318 552 31 68
leaf_count=2260 63 31 39 33 36 37 3396 1318 552 31 68
internal_value=-0.000223776 -0.00526316 -0.0102941 -0.00659794 -4.73684e-05 -0.00702703 2.12568e-05 -0.000542948 0.000966939 0 0.0028
internal_weight=7864 265 135 96 7599 73 7526 4714 2812 130 99
internal_count=7864 265 135 96 7599 73 7526 4714 2812 130 99
is_linear=0
shrinkage=0.08


Tree=99
num_leaves=11
num_cat=0
split_feature=31 43 43 58 43 15 49 10 40 56
split_gain=1.09686 1.10023 0.83031 0.897942 0.5992 0.57053 0.759957 0.558884 1.18557 0.747368
threshold=0.49871392548084265 -0.84874749183654774 0.09796465560793878 1.5579166412353518 0.52778512239456188 40.719272613525398 0.23236110806465152 1.2682927250862124 0.17368421703577044 160.50000000000003
decision_type=2 2 2 2 2 2 2 2 2 2
left_child=5 -2 3 -3 -4 7 -7 9 -9 -1
right_child=1 2 4 -5 -6 6 -8 8 -10 -11
leaf_value=0.004019332517687246 -0.14832747393626158 0.59313651330172168 -0.29099016852934295 -0.060240044180307137 -0.063121649306149122 -0.59846461956583985 0.032845315756115101 -0.10794884738091852 -0.0015706336648031538 -0.047218124680472616
leaf_weight=6593 45 57 37 47 79 36 37 145 638 150
leaf_count=6593 45 57 37 47 79 36 37 145 638 150
internal_value=-0.000213605 -0.00526316 -0.00289593 0.00228571 -0.00752137 -3.68421e-05 -0.00702703 3.18852e-05 -0.0019898 0.000266904
internal_weight=7864 265 220 104 116 7599 73 7526 783 6743
internal_count=7864 265 220 104 116 7599 73 7526 783 6743
is_linear=0
shrinkage=0.08


Tree=100
num_leaves=12
num_cat=0
split_feature=31 43 43 59 43 42 22 21 33 42 33
split_gain=1.22206 1.04182 0.705767 0.753501 0.5992 0.522383 1.98768 1.50957 0.770477 1.02252 0.786386
threshold=0.49871392548084265 -0.84874749183654774 0.09796465560793878 3.5000000000000004 0.52778512239456188 -0.98611506819725026 6.8430082798004159 5.0312705039978036 31.187319755554203 -0.16280825436115262 48.60083198547364
decision_type=2 2 2 2 2 2 2 2 2 2 2
left_child=5 -2 3 -3 -4 6 -1 -8 9 -7 -10
right_child=1 2 4 -5 -6 8 7 -9 10 -11 -12
leaf_value=-0.26354845372667673 -0.13646127602136063 0.3791743913148693 -0.26771095504699555 -0.16355176692518733 -0.058071917361657198 0.11090872051167827 0.035575456502524576 -0.064397245727259758 0.13677415496920253 -0.17922491652050088 -0.00092838490749947767
leaf_weight=43 45 73 37 31 79 36 131 58 681 72 6578
leaf_count=43 45 73 37 31 79 36 131 58 681 72 6578
internal_value=-0.000233948 -0.00556391 -0.00325792 0.00152381 -0.00752137 -4.73684e-05 -0.00377682 -0.000210526 7.05755e-05 -0.0066055 0.000170799
internal_weight=7864 265 220 104 116 7599 232 189 7367 108 7259
internal_count=7864 265 220 104 116 7599 232 189 7367 108 7259
is_linear=0
shrinkage=0.08


Tree=101
num_leaves=11
num_cat=0
split_feature=31 42 58 58 56 22 56 23 28 31
split_gain=1.05042 0.838845 0.82639 0.797369 0.649477 1.98006 1.8106 1.61252 1.72818 1.01216
threshold=0.49811403453350073 -0.47114434838294977 17.883055686950687 0.084444444626569762 3.5000000000000004 8.5569911003112811 5.5000000000000009 22.699443817138675 446.23193359375006 0.496600091457367
decision_type=2 2 2 2 2 2 2 2 2 2
left_child=4 -2 3 -3 7 6 -6 9 -9 -1
right_child=1 2 -4 -5 5 -7 -8 8 -10 -11
leaf_value=-0.039050386719470823 0.073717910804600176 -0.14709569387360114 -0.18764277180113234 0.0070754888435751798 0.15760259247085046 -0.19521933496390795 0.0058962183901044799 0.00098159301499343597 0.28186718050184267 0.39925491929556928
leaf_weight=1873 54 107 50 113 329 53 1973 3008 161 143
leaf_count=1873 54 107 50 113 329 53 1973 3008 161 143
internal_value=-0.000223776 -0.00467692 -0.00649446 -0.00434389 -3.1826e-05 0.00106961 0.00142423 -0.000532202 0.00059306 -0.00230045
internal_weight=7864 324 270 220 7540 2355 2302 5185 3169 2016
internal_count=7864 324 270 220 7540 2355 2302 5185 3169 2016
is_linear=0
shrinkage=0.08


Tree=102
num_leaves=10
num_cat=0
split_feature=31 43 49 26 50 50 47 58 52
split_gain=0.847216 1.22166 0.64324 0.555644 1.83936 1.67178 0.539012 0.623819 0.523945
threshold=0.49871392548084265 -0.84874749183654774 1490.3750000000002 11834.500000000002 174.50000000000003 17.500000000000004 1.0000000180025095e-35 2.0069444179534917 1.0000000180025095e-35
decision_type=2 2 2 2 2 2 2 2 2
left_child=2 -2 3 4 -1 -5 8 -8 -3
right_child=1 6 -4 5 -6 -7 7 -9 -10
leaf_value=0.0046191162093076341 -0.12611041304713771 -0.060157978467809133 0.089002069911523873 -0.027336296862199811 -0.18675500863132588 0.025711077183634929 0.34294300714531178 -0.069830199340301755 -0.13111497590784624
leaf_weight=5941 45 79 31 1155 68 404 59 50 32
leaf_count=5941 45 79 31 1155 68 404 59 50 32
internal_value=-0.000223776 -0.00466165 -6.84211e-05 -0.000116264 0.000232945 -0.00146154 -0.00217195 0.00181818 -0.00607143
internal_weight=7864 265 7599 7568 6009 1559 220 109 111
internal_count=7864 265 7599 7568 6009 1559 220 109 111
is_linear=0
shrinkage=0.08


Tree=103
num_leaves=14
num_cat=0
split_feature=31 40 18 21 31 35 58 56 55 33 2 55 40
split_gain=0.688345 3.00428 2.45317 2.0537 2.1752 1.67097 0.888227 2.47313 1.95738 1.45612 1.05895 1.77176 0.963253
threshold=0.42591769993305212 0.39473684132099157 0.46875000000000006 6.119215965270997 0.43639518320560461 167.05430603027347 41.665971755981452 25.500000000000004 0.089166667312383666 57.41413879394532 2226.0000000000005 2.1469444036483769 0.721052646636963
decision_type=2 2 2 2 2 2 2 2 2 2 2 2 2
left_child=6 2 5 4 -3 -2 10 8 -8 -9 12 -12 -1
right_child=1 3 -4 -5 -6 -7 7 9 -10 -11 11 -13 -14
leaf_value=0.0038056793636464191 0.049621854744102835 -0.0975383359741889 0.66715617450293552 -0.16104011961004086 -0.019857994982272375 -0.076155305687903976 -0.015501908220986139 -0.29002863445908761 -0.30052694200175006 2.530762221284963 -0.053771012141420445 0.11091308263091509 0.030262986153532196
leaf_weight=3099 1297 269 57 57 1043 521 108 36 63 43 311 142 818
leaf_count=3099 1297 269 57 57 1043 521 108 36 63 43 311 142 818
internal_value=-0.000142403 -0.00103544 0.00104478 -0.00388321 -0.00322925 0.000527763 0.000484744 -0.00414343 -0.00953488 0.0075 0.0007504 -0.00290749 0.00117407
internal_weight=7864 3244 1875 1369 1312 1818 4620 250 171 79 4370 453 3917
internal_count=7864 3244 1875 1369 1312 1818 4620 250 171 79 4370 453 3917
is_linear=0
shrinkage=0.08


Tree=104
num_leaves=13
num_cat=0
split_feature=11 40 44 33 42 58 43 22 50 49 40 59
split_gain=0.698749 1.13733 1.55035 0.869137 2.62367 2.08011 1.55767 0.813555 0.781082 0.774431 1.50352 1.08557
threshold=3.7313889265060429 0.036842105910182006 1.0000000180025095e-35 67.552051544189467 0.41248606145381933 11.546666622161867 -0.097964655607938753 8.5569911003112811 2.5000000000000004 17.435138702392582 0.047368422150611884 231.00000000000003
decision_type=2 2 2 2 2 2 2 2 2 2 2 2
left_child=3 2 -2 9 6 -6 -5 8 -3 11 -11 -1
right_child=1 7 -4 4 5 -7 -8 -9 -10 10 -12 -13
leaf_value=0.0026966572368527153 -0.016165147211029022 -0.041179287557611882 0.48381509149249197 -0.51069709448365574 0.47690055163190309 -0.16191801608770234 0.24722492802813009 -0.11887405502653944 0.0042067725484037054 -0.17533735902006803 -0.013689821870227378 0.14413074575238952
leaf_weight=4623 31 805 31 40 66 30 63 54 700 88 1286 47
leaf_count=4623 31 805 31 40 66 30 63 54 700 88 1286 47
internal_value=-0.000172918 -0.00165228 0.00888889 0.000211403 0.0054 0.0148454 -0.00346154 -0.00207692 -0.00172643 3.97022e-05 -0.00162909 0.000530936
internal_weight=7864 1621 62 6243 199 96 103 1559 1505 6044 1374 4670
internal_count=7864 1621 62 6243 199 96 103 1559 1505 6044 1374 4670
is_linear=0
shrinkage=0.08


Tree=105
num_leaves=12
num_cat=0
split_feature=31 42 58 56 11 52 35 23 11 60 55
split_gain=0.64101 0.930705 0.708621 0.792357 0.660393 0.897034 1.33092 0.714272 0.647927 0.862091 0.572807
threshold=0.49811403453350073 -0.47114434838294977 17.883055686950687 5.5000000000000009 4.3191666603088388 438.01889038085943 166.99986267089847 22.753472328186039 5.3654167652130136 1.0000000180025095e-35 2.1469444036483769
decision_type=2 2 2 2 2 2 2 2 2 2 2
left_child=4 -2 3 -3 5 7 -7 -1 9 -6 -10
right_child=1 2 -4 -5 8 6 -8 -9 10 -11 -12
leaf_value=-0.0067897183856356945 0.071805322507625391 -0.020509946462915814 -0.15941457220185856 -0.19304748350539169 0.26369504192609328 0.009498740823958159 -0.12802361274229285 0.011425531560226077 0.001930008246280579 -0.029284432987233024 0.54021115027063704
leaf_weight=3215 54 180 50 40 47 44 41 3349 76 738 30
leaf_count=3215 54 180 50 40 47 44 41 3349 76 738 30
internal_value=-0.000213605 -0.00369231 -0.00560886 -0.00361991 -6.3652e-05 0.000210526 -0.00790698 0.000316832 -0.00210762 -0.00290076 0.00373832
internal_weight=7864 324 270 220 7540 6649 85 6564 891 785 106
internal_count=7864 324 270 220 7540 6649 85 6564 891 785 106
is_linear=0
shrinkage=0.08


Tree=106
num_leaves=13
num_cat=0
split_feature=31 43 43 58 58 44 43 43 1 26 50 42
split_gain=0.75083 0.943135 0.636923 0.762472 0.722021 0.611944 1.94101 1.81368 1.63038 1.22076 1.45997 1.19361
threshold=0.49871392548084265 -0.84874749183654774 -0.16280825436115262 1.5579166412353518 0.21069443970918658 0.87837970256805431 0.09796465560793878 0.68322628736495983 1518.2507324218752 11834.500000000002 8.5000000000000018 -0.88144907355308522
decision_type=2 2 2 2 2 2 2 2 2 2 2 2
left_child=5 -2 3 -3 -4 9 8 -8 -7 11 -11 -1
right_child=1 2 4 -5 -6 6 7 -9 -10 10 -12 -13
leaf_value=-0.034129396298452193 -0.11300787726669988 0.51780121584424255 -0.20854677964906984 -0.074740796550049574 -0.00097951048413797543 0.000902928949718671 0.14508117891791736 0.0071872132508786282 -0.14548107176325242 -0.039762181414170927 0.015205275081492432 0.0077597283454539931
leaf_weight=502 45 48 58 35 79 601 263 332 92 893 381 4535
leaf_count=502 45 48 58 35 79 601 263 332 92 893 381 4535
internal_value=-0.00018309 -0.0043609 -0.00217195 0.00333333 -0.00550725 -3.68421e-05 0.00155159 0.00489933 -0.00132565 -0.000361217 -0.00257255 0.000198491
internal_weight=7864 265 220 83 137 7599 1288 595 693 6311 1274 5037
internal_count=7864 265 220 83 137 7599 1288 595 693 6311 1274 5037
is_linear=0
shrinkage=0.08


Tree=107
num_leaves=15
num_cat=0
split_feature=23 55 49 49 52 42 15 59 11 40 42 42 12 56
split_gain=0.634785 1.45175 1.53044 2.06622 2.03379 0.92752 2.02157 1.05898 0.880928 1.54354 2.21522 1.10465 2.70925 1.03365
threshold=23.277916908264164 4.9659721851348886 18.352083206176761 24.747777938842777 0.24791666865348819 -0.95642796158790577 0.89643520116806041 126.50000000000001 4.3191666603088388 0.84736841917037975 0.16280825436115268 -0.97335553169250477 248.52083587646487 2.5000000000000004
decision_type=2 2 2 2 2 2 2 2 2 2 2 2 2 2
left_child=8 5 4 -4 -3 6 -2 -7 11 10 -10 12 -1 -13
right_child=1 2 3 -5 -6 7 -8 -9 9 -11 -12 13 -14 -15
leaf_value=0.077162829040841749 0.14982888662069152 -0.037595328536988451 -0.28635992707331537 -0.064323384497954314 0.067861769351959964 0.0072355222618283935 0.0010794128776156241 0.17459192948906727 0.19850138996036609 -0.096816396020349998 -0.056974979579310345 -0.01146444356197625 -0.16015042259112869 0.020443599536285148
leaf_weight=66 40 222 40 219 400 1566 79 70 134 39 289 2976 137 1587
leaf_count=66 40 222 40 219 400 1566 79 70 134 39 289 2976 137 1587
internal_value=-0.000132231 0.000879788 -0.00176871 -0.00692308 0.000385233 0.00220957 0.009 0.00171045 -0.00064257 -0.00397408 -0.00254717 -0.000318859 -0.00607843 -6.13497e-05
internal_weight=7864 2636 881 259 622 1755 119 1636 5228 462 423 4766 203 4563
internal_count=7864 2636 881 259 622 1755 119 1636 5228 462 423 4766 203 4563
is_linear=0
shrinkage=0.08


Tree=108
num_leaves=14
num_cat=0
split_feature=44 50 42 43 56 55 31 56 56 10 47 40 55
split_gain=0.592013 2.09459 1.21317 1.73196 1.71116 0.841703 0.828704 0.717638 1.51741 1.03063 0.513275 0.499005 0.420337
threshold=0.87837970256805431 103.50000000000001 -0.47114434838294977 0.09796465560793878 1.5000000000000002 0.33249999582767492 0.49871392548084265 110.50000000000001 114.50000000000001 1.2682927250862124 1.0000000180025095e-35 0.26842105388641363 2.0288888216018681
decision_type=2 2 2 2 2 2 2 2 2 2 2 2 2
left_child=6 2 4 -4 -2 -3 7 9 -9 -1 11 -8 -12
right_child=1 5 3 -5 -6 -7 10 8 -10 -11 12 -13 -14
leaf_value=0.0017946338713963428 0.0094384096931408121 -0.0060787560979547097 -0.034569033776462206 0.064940591249227603 0.15318778010151249 -0.33653733104329464 -0.10449345078318216 -0.2128151903402464 -0.022170430471193329 -0.02273286541008929 0.14079372670832421 -0.13040883852065227 -0.19400909123426727
leaf_weight=5320 181 35 540 485 108 50 30 30 336 625 44 47 33
leaf_count=5320 181 35 540 485 108 50 30 30 336 625 44 47 33
internal_value=-9.15448e-05 0.0014 0.00219011 0.000896686 0.00675862 -0.0106977 -0.000414476 -0.000272497 -0.00370572 -6.05449e-05 -0.00619355 -0.0107692 -0.00153846
internal_weight=7864 1399 1314 1025 289 85 6465 6311 366 5945 154 77 77
internal_count=7864 1399 1314 1025 289 85 6465 6311 366 5945 154 77 77
is_linear=0
shrinkage=0.08


Tree=109
num_leaves=10
num_cat=0
split_feature=52 21 55 56 56 59 56 47 50
split_gain=0.575928 2.58794 1.03199 0.64106 1.72655 1.34538 1.03065 1.36346 1.06529
threshold=438.01889038085943 4.1091115474700937 0.68305554986000072 110.50000000000001 114.50000000000001 107.50000000000001 33.500000000000007 1.0000000180025095e-35 184.00000000000003
decision_type=2 2 2 2 2 2 2 2 2
left_child=3 2 -2 6 -5 -6 8 -8 -1
right_child=1 -3 -4 4 5 -7 7 -9 -10
leaf_value=-0.00067085131506645641 -0.10639574193421111 0.27046135922386405 -0.20921687865561656 -0.2230343200715631 -0.03162296565269742 0.17275330713134082 0.12936472489949377 -0.022168938543156286 -0.16358595602426859
leaf_weight=6512 30 30 35 36 395 43 376 349 58
leaf_count=6512 30 30 35 36 395 43 376 349 58
internal_value=-9.15448e-05 -0.00625 -0.0151515 -1.5444e-05 -0.00286316 -0.00145786 0.000169956 0.0030303 -0.000146096
internal_weight=7864 95 65 7769 474 438 7295 725 6570
internal_count=7864 95 65 7769 474 438 7295 725 6570
is_linear=0
shrinkage=0.08


Tree=110
num_leaves=10
num_cat=0
split_feature=52 21 59 11 22 59 33 59 59
split_gain=0.57974 1.93398 0.93081 0.64946 1.03844 0.999206 0.766005 0.751877 1.06425
threshold=438.01889038085943 4.1091115474700937 1.5000000000000002 4.3191666603088388 7.760571002960206 63.500000000000007 47.473577499389656 305.50000000000006 185.50000000000003
decision_type=2 2 2 2 2 2 2 2 2
left_child=3 2 -2 7 6 -6 -5 8 -1
right_child=1 -3 -4 4 5 -7 -8 -9 -10
leaf_value=0.0014831036301479906 -0.17353288750270798 0.24882445048595486 -0.12946388057341907 0.77764839013786136 -0.059044915330748342 0.015713884707297582 -0.004112802877874913 -0.13653045612728831 0.065820747414060743
leaf_weight=6773 31 30 34 66 260 130 427 34 79
leaf_count=6773 31 30 34 66 260 130 427 34 79
internal_value=-7.12015e-05 -0.00625 -0.0139394 5.14801e-06 -0.0020362 -0.00511509 0.000404858 0.00026717 0.000326864
internal_weight=7864 95 65 7769 883 390 493 6886 6852
internal_count=7864 95 65 7769 883 390 493 6886 6852
is_linear=0
shrinkage=0.08


Tree=111
num_leaves=11
num_cat=0
split_feature=52 21 59 12 24 58 15 42 56 24
split_gain=0.57974 1.93398 0.93081 0.632283 1.59301 1.42834 0.892398 1.51251 0.848146 0.697845
threshold=438.01889038085943 4.1091115474700937 1.5000000000000002 53.593750000000007 268.59226989746099 35.948194503784187 0.79353591799736034 0.98611506819725048 2.5000000000000004 309.39137268066412
decision_type=2 2 2 2 2 2 2 2 2 2
left_child=3 2 -2 4 5 -1 7 -5 -6 -8
right_child=1 -3 -4 6 8 -7 9 -9 -10 -11
leaf_value=0.011919204729929333 -0.15965025650249134 0.22891849444707846 -0.11910677012754554 0.0331143055339672 -0.062890296078941324 -0.28674389329246469 -0.023719862514021344 -0.11195273031953672 -0.12577112033695495 0.0027119471761237433
leaf_weight=403 31 30 34 1865 117 36 2156 174 31 2987
leaf_count=403 31 30 34 1865 117 36 2156 174 31 2987
internal_value=-7.12015e-05 -0.00625 -0.0139394 5.14801e-06 -0.00251701 -9.09091e-05 0.000211611 0.00162745 -0.00966443 -0.000349922
internal_weight=7864 95 65 7769 587 439 7182 2039 148 5143
internal_count=7864 95 65 7769 587 439 7182 2039 148 5143
is_linear=0
shrinkage=0.08


Tree=112
num_leaves=11
num_cat=0
split_feature=52 21 59 23 11 43 33 55 43 35
split_gain=0.574027 1.93398 0.93081 0.617735 1.03277 1.70045 0.989593 0.988289 1.64691 1.37837
threshold=438.01889038085943 4.1091115474700937 1.5000000000000002 23.250694274902347 4.3191666603088388 0.52778512239456188 67.552051544189467 1.0000000180025095e-35 0.09796465560793878 167.41152954101565
decision_type=2 2 2 2 2 2 2 2 2 2
left_child=3 2 -2 4 6 -6 -1 9 -9 -5
right_child=1 -3 -4 7 5 -7 -8 8 -10 -11
leaf_value=-0.0047524327186732945 -0.14687823598229205 0.21060501489131211 -0.10957822851734193 0.026329920800405943 -0.013710572849360005 -0.11276339295502659 0.21999414928631381 -0.047899001532976798 0.03355505826564855 -0.011317871183965308
leaf_weight=4533 31 30 34 1109 297 112 175 717 618 208
leaf_count=4533 31 30 34 1109 297 112 175 717 618 208
internal_value=-0.000101716 -0.00625 -0.0139394 -2.574e-05 -0.000539273 -0.00439024 -0.000203865 0.000964945 -0.000568862 0.00251897
internal_weight=7864 95 65 7769 5117 409 4708 2652 1335 1317
internal_count=7864 95 65 7769 5117 409 4708 2652 1335 1317
is_linear=0
shrinkage=0.08


Tree=113
num_leaves=13
num_cat=0
split_feature=44 50 1 58 59 49 33 27 24 50 58 55
split_gain=0.595094 1.7666 0.986234 1.87814 0.883302 2.0817 1.61154 0.86108 1.76017 1.44113 0.745351 0.685752
threshold=0.87837970256805431 103.50000000000001 98.816238403320327 2.8006944656372075 117.50000000000001 31.596111297607425 57.296092987060554 48.218011856079109 151.65029144287112 7.5000000000000009 0.16819445043802264 0.33249999582767492
decision_type=2 2 2 2 2 2 2 2 2 2 2 2
left_child=4 2 10 -4 7 6 -6 8 -1 -9 -2 -3
right_child=1 11 3 -5 5 -7 -8 9 -10 -11 -12 -13
leaf_value=-0.14226208664594694 0.0025063000850423125 -0.0054941969519209976 0.022104496846397589 -0.067150115631053567 -0.02883767537568991 -0.14457177544441094 0.13135443485507239 -0.044441898954778396 0.004511432704337146 0.012806127029516574 0.2716025482514523 -0.31473140695942603
leaf_weight=134 108 35 638 374 112 55 181 1704 3533 746 194 50
leaf_count=134 108 35 638 374 112 55 181 1704 3533 746 194 50
internal_value=-0.000152575 0.00134286 0.00206844 0.000868707 -0.000476338 0.0034384 0.00612245 -0.000699575 7.63359e-05 -0.00186047 0.00607261 -0.00976744
internal_weight=7864 1399 1314 1012 6465 348 293 6117 3667 2450 302 85
internal_count=7864 1399 1314 1012 6465 348 293 6117 3667 2450 302 85
is_linear=0
shrinkage=0.08


Tree=114
num_leaves=11
num_cat=0
split_feature=52 21 59 9 10 49 42 25 44 52
split_gain=0.54774 1.93398 0.93081 0.551514 0.941193 1.25344 0.926064 2.02876 1.72855 0.85083
threshold=438.01889038085943 4.1091115474700937 1.5000000000000002 0.13831017911434176 0.45737208425998693 0.0054166666232049474 0.84874749183654796 1102.4714355468752 0.87837970256805431 1.3841666579246523
decision_type=2 2 2 2 2 2 2 2 2 2
left_child=3 2 -2 6 5 -5 8 -8 -1 -6
right_child=1 -3 -4 4 9 -7 7 -9 -10 -11
leaf_value=0.0018314325086702964 -0.1368963368514205 0.19273212353764585 -0.089902699071682093 -0.08775867289308488 -0.0092991417336561362 -0.0044712005175651373 -0.0093743981562889895 -0.38256912007352439 0.065303691340149614 0.0067149135508469725
leaf_weight=1605 31 30 34 118 2568 169 693 60 653 1903
leaf_count=1605 31 30 34 118 2568 169 693 60 653 1903
internal_value=-0.00024412 -0.00625 -0.0139394 -0.000169884 -0.000706031 -0.00513889 0.000677291 -0.00175066 0.00148738 -0.000420394
internal_weight=7864 95 65 7769 4758 287 3011 753 2258 4471
internal_count=7864 95 65 7769 4758 287 3011 753 2258 4471
is_linear=0
shrinkage=0.08


Tree=115
num_leaves=9
num_cat=0
split_feature=42 34 12 52 21 23 16 22
split_gain=0.601084 1.35008 1.39834 0.72104 1.3589 0.601956 1.01183 0.790424
threshold=0.99892947077751171 48.877935409545906 279.15625000000006 438.01889038085943 3.8512647151947026 23.277916908264164 2.0089248418807988 8.5569911003112811
decision_type=2 2 2 2 2 2 2 2
left_child=3 -2 -3 5 -5 7 -7 -1
right_child=1 2 -4 4 -6 6 -8 -9
leaf_value=-0.0057392571868291496 -0.11740773860062419 0.5917421547794911 0.0021489134623118391 -0.074260326822501208 0.046835136426600171 0.038904028679539557 -0.0014274403185335061 -0.10430662609002127
leaf_weight=5016 48 38 32 53 38 833 1738 68
leaf_count=5016 48 38 32 53 38 833 1738 68
internal_value=-0.000264463 0.00537815 0.0123944 -0.000351104 -0.0073913 -0.000266458 0.000730949 -0.000770895
internal_weight=7864 118 70 7746 91 7655 2571 5084
internal_count=7864 118 70 7746 91 7655 2571 5084
is_linear=0
shrinkage=0.08


Tree=116
num_leaves=11
num_cat=0
split_feature=52 21 59 52 33 26 55 55 58 43
split_gain=0.5385 1.93398 0.93081 0.523399 2.2668 1.61916 1.34803 2.50123 1.35679 0.910686
threshold=438.01889038085943 4.1091115474700937 1.5000000000000002 1.3841666579246523 68.641983032226577 8652.5000000000018 7.3072221279144296 7.9098610877990732 53.111665725708015 0.63405361771583568
decision_type=2 2 2 2 2 2 2 2 2 2
left_child=3 2 -2 6 5 -5 8 -8 -1 -6
right_child=1 -3 -4 4 9 -7 7 -9 -10 -11
leaf_value=0.0028987225874492852 -0.12969144081743486 0.1753541916590777 -0.076769657000147429 -0.025295280440012106 0.29153567960244631 0.022489930812959642 -0.22192322598007092 -0.02544581566645782 -0.086264265679616231 0.39232984433091955
leaf_weight=3354 31 30 34 1395 43 1755 33 961 196 32
leaf_count=3354 31 30 34 1395 43 1755 33 961 196 32
internal_value=-0.000294978 -0.00625 -0.0139394 -0.000221364 0.000557967 0.000228499 -0.000774477 -0.00337688 -4.50577e-05 0.0142105
internal_weight=7864 95 65 7769 3225 3150 4544 994 3550 75
internal_count=7864 95 65 7769 3225 3150 4544 994 3550 75
is_linear=0
shrinkage=0.08


Tree=117
num_leaves=12
num_cat=0
split_feature=42 0 0 0 10 33 42 52 9 9 42
split_gain=0.501161 1.6111 2.26428 1.5501 0.875214 0.561086 0.890815 0.787676 0.532634 1.21437 0.934339
threshold=-0.98611506819725026 88.166667938232436 276.08332824707037 24.208333015441898 0.95418131351470958 31.187319755554203 -0.16280825436115262 0.061249999329447753 0.13831017911434176 0.24109953641891482 -0.9103761315345763
decision_type=2 2 2 2 2 2 2 2 2 2 2
left_child=1 3 -3 -1 -4 6 -2 -8 10 -10 -7
right_child=5 2 4 -5 -6 8 7 -9 9 -11 -12
leaf_value=0.0063216374758860109 0.095663045304454963 0.27876093055138201 0.00088982461418048338 -0.32642367901094638 -0.067837960832192581 0.075314545552297718 -0.30475627334540523 -0.051090794527260452 -0.040392087441820837 0.00027149715079939575 0.0050466905786566941
leaf_weight=30 36 46 72 41 44 139 30 42 1020 3644 2720
leaf_count=30 36 46 72 41 44 139 30 42 1020 3644 2720
internal_value=-0.000284806 -0.00393162 0.000490798 -0.0138889 -0.00547009 -0.000172956 -0.00587156 -0.0109589 -9.03775e-05 -0.000617363 0.000769231
internal_weight=7864 233 162 71 116 7631 108 72 7523 4664 2859
internal_count=7864 233 162 71 116 7631 108 72 7523 4664 2859
is_linear=0
shrinkage=0.08


Tree=118
num_leaves=11
num_cat=0
split_feature=56 56 6 50 56 56 35 40 35 56
split_gain=0.497471 1.76879 1.38852 1.34776 0.690477 1.6157 2.49187 1.56669 1.74709 1.23011
threshold=110.50000000000001 114.50000000000001 0.45833332836627966 53.500000000000007 14.500000000000002 9.5000000000000018 166.47208404541018 0.036842105910182006 164.99555206298831 7.5000000000000009
decision_type=2 2 2 2 2 2 2 2 2 2
left_child=4 -2 3 -3 5 9 -7 -6 -9 -1
right_child=1 2 -4 -5 7 6 -8 8 -10 -11
leaf_value=-0.0015671141721594496 -0.20482827133111359 -0.074397050246879357 0.7602978847884333 0.086248673638191775 -0.22391386928787904 0.21982481390670075 -0.18805948241026763 -0.18431863872659693 0.048541233830083325 0.18568006021157529
leaf_weight=5965 36 314 32 100 58 52 147 33 1016 111
leaf_count=5965 36 314 32 100 58 52 147 33 1016 111
internal_value=-0.000162746 -0.0026501 -0.0012528 -0.00250602 0 -0.000325048 -0.0074 0.00184116 0.00255238 -9.21507e-05
internal_weight=7864 482 446 414 7382 6275 199 1107 1049 6076
internal_count=7864 482 446 414 7382 6275 199 1107 1049 6076
is_linear=0
shrinkage=0.08


Tree=119
num_leaves=12
num_cat=0
split_feature=53 13 55 40 52 25 40 40 3 59 25
split_gain=0.509621 1.70311 1.18213 1.31921 1.03965 2.11047 2.71397 2.00375 1.56168 1.42687 1.29704
threshold=47.500000000000007 1845.6218872070315 167.87874603271487 0.53157895803451549 1.3841666579246523 739.88595581054699 0.50000000000000011 0.76315790414810192 0.54656250774860393 231.00000000000003 1267.7920532226565
decision_type=2 2 2 2 2 2 2 2 2 2 2
left_child=4 2 3 -2 8 7 -7 -6 9 -1 -10
right_child=1 -3 -4 -5 5 6 -8 -9 10 -11 -12
leaf_value=-0.02000432984899465 -0.028677755359667146 -0.26844878162687097 -0.17854890320526601 0.041348029997523385 -0.042922898413525701 0.12275974186084283 -0.044713493989295618 0.14031384398622776 0.017897639992206713 0.17225203926056651 -0.018214631987723742
leaf_weight=2870 738 48 31 366 939 890 228 87 1468 37 162
leaf_count=2870 738 48 31 366 939 890 228 87 1468 37 162
internal_value=-0.000193261 -0.00172297 -0.00109155 -0.000651584 7.7821e-05 0.00152914 0.00393208 -0.00109056 -0.000608197 -0.00171939 0.00137339
internal_weight=7864 1183 1135 1104 6681 2144 1118 1026 4537 2907 1630
internal_count=7864 1183 1135 1104 6681 2144 1118 1026 4537 2907 1630
is_linear=0
shrinkage=0.08


Tree=120
num_leaves=12
num_cat=0
split_feature=11 43 50 15 55 43 26 30 26 40 53
split_gain=0.554837 1.24766 1.24847 2.04905 1.62058 0.838998 1.77674 1.41345 1.14504 0.767816 0.745664
threshold=3.4815278053283696 0.99465191364288341 1.5000000000000002 11.683263778686525 27.773750305175785 0.99465191364288341 9737.0000000000018 0.80208331346511852 12533.000000000002 0.98421052098274242 57.500000000000007
decision_type=2 2 2 2 2 2 2 2 2 2 2
left_child=5 2 3 -2 -4 9 7 -7 -8 10 -1
right_child=1 -3 4 -5 -6 6 8 -9 -10 -11 -12
leaf_value=0.0048934255286182098 -0.039416504731576367 0.048734833576439769 0.015548551275557508 0.170548475714739 -0.093704677180683829 0.14294960738809395 -0.29536619072917641 -0.10986987108071887 -0.025485120353935339 0.079867066632012818 -0.030674974636786062
leaf_weight=5089 757 59 784 95 143 73 46 43 32 58 685
leaf_count=5089 757 59 784 95 143 73 46 43 32 58 685
internal_value=-0.000132231 -0.00134856 -0.00173034 -0.00393904 0.000301724 0.000238925 -0.00492308 0.00136752 -0.0141772 0.000411452 0.000318615
internal_weight=7864 1838 1779 852 927 6026 194 116 78 5832 5774
internal_count=7864 1838 1779 852 927 6026 194 116 78 5832 5774
is_linear=0
shrinkage=0.08


Tree=121
num_leaves=15
num_cat=0
split_feature=23 16 42 42 53 55 11 34 52 43 56 22 22 42
split_gain=0.511685 1.03243 1.65975 2.82025 1.57823 1.51948 1.44326 0.849397 0.747195 1.82128 1.27728 1.10467 0.938827 1.29055
threshold=23.411527633666996 2.0089248418807988 -0.77259656786918629 -0.35206145048141474 18.500000000000004 0.15041666477918628 2.0706944465637211 47.295478820800788 53.47319412231446 1.0000000180025095e-35 1.5000000000000002 7.9068500995635995 8.5569911003112811 0.63405361771583568
decision_type=2 2 2 2 2 2 2 2 2 2 2 2 2 2
left_child=8 4 6 -4 5 -2 -3 -6 12 10 -10 -11 -1 -14
right_child=1 2 3 -5 7 -7 -8 -9 9 11 -12 -13 13 -15
leaf_value=-0.0070228682877731784 0.10755946048495073 0.0010265214497160002 0.16987789460250974 -0.0061325679280963639 0.21861555673335142 0.0023057354056943069 -0.061997065957955969 -0.18335192343206061 -0.070319890282028008 0.058341782402198138 0.14480529666660061 0.29261247004761826 -0.0003862882995709782 -0.10751683940063554
leaf_weight=5369 364 83 154 935 30 265 101 42 113 161 107 32 63 45
leaf_count=5369 364 83 154 935 30 265 101 42 113 161 107 32 63 45
internal_value=-0.000101716 0.00101266 -0.000345369 0.000844037 0.00347578 0.0047619 -0.00735135 -0.00767123 -0.000475301 0.00280193 -0.00217195 0.00845361 -0.000722892 -0.00807339
internal_weight=7864 1974 1273 1089 701 629 184 72 5890 413 220 193 5477 108
internal_count=7864 1974 1273 1089 701 629 184 72 5890 413 220 193 5477 108
is_linear=0
shrinkage=0.08


Tree=122
num_leaves=14
num_cat=0
split_feature=28 43 49 57 52 42 28 36 59 24 50 42 10
split_gain=0.460971 1.91758 1.62321 1.52523 1.19035 1.14109 0.799528 2.32688 1.8698 0.8821 2.47909 1.55717 0.744163
threshold=391.59489440917974 -0.68322628736495961 226.23944091796878 1.0000000180025095e-35 1.5172222256660464 -0.22695468366146085 355.46296691894537 6.5000000000000009 5.5000000000000009 180.00000000000003 1.5000000000000002 -0.63405361771583546 0.38921689987182623
decision_type=2 2 2 2 2 2 2 2 2 2 2 2 2
left_child=6 3 5 -2 -5 -3 9 12 -9 10 -1 -11 -8
right_child=1 2 -4 4 -6 -7 7 8 -10 11 -12 -13 -14
leaf_value=0.022316543728740187 -0.24339032589737725 0.10213568403232982 -0.26292615246524959 -0.099877488516544197 0.051706806832403918 0.056104342538002783 -0.13392854661964301 -0.052196298992236767 0.26976152336190401 -0.012180350262326983 -0.1738792442748118 0.0092354575620709062 -0.25082470595526163
leaf_weight=539 44 198 43 206 56 641 45 271 80 1101 306 4291 43
leaf_count=539 44 198 43 206 56 641 45 271 80 1101 306 4291 43
internal_value=-0.000172918 0.00127839 0.00317101 -0.00416938 -0.0018251 0.00395238 -0.000431331 -0.00372727 -0.000795455 -0.000198782 -0.00260047 0.000178009 -0.0152809
internal_weight=7864 1188 882 306 262 839 6676 439 351 6237 845 5392 88
internal_count=7864 1188 882 306 262 839 6676 439 351 6237 845 5392 88
is_linear=0
shrinkage=0.08


Tree=123
num_leaves=8
num_cat=0
split_feature=42 52 49 52 56 56 56
split_gain=0.466385 0.894096 0.733614 0.484539 0.484549 1.42008 0.641964
threshold=0.99892947077751171 10.15916681289673 0.23236110806465152 1458.1450195312502 110.50000000000001 114.50000000000001 14.500000000000002
decision_type=2 2 2 2 2 2 2
left_child=3 2 -2 4 6 -6 -1
right_child=1 -3 -4 -5 5 -7 -8
leaf_value=-0.0039524779631372195 0.0048019670333443541 -0.057063066657301958 0.21671005301331178 -0.10989468082799497 -0.1986900612108049 -0.016188060157939076 0.025875187173616327
leaf_weight=6152 35 41 42 30 34 441 1089
leaf_count=6152 35 41 42 30 34 441 1089
internal_value=-0.000264463 0.00470588 0.00974359 -0.000340777 -0.000300635 -0.00277311 -0.000138083
internal_weight=7864 118 77 7746 7716 475 7241
internal_count=7864 118 77 7746 7716 475 7241
is_linear=0
shrinkage=0.08


Tree=124
num_leaves=14
num_cat=0
split_feature=3 52 33 55 58 16 56 28 56 59 50 43 55
split_gain=0.445527 1.37477 2.14512 1.87928 2.23311 2.01144 1.69762 1.23369 1.02123 1.18317 1.03101 0.8242 0.582639
threshold=0.01124999998137355 0.54722222685813915 68.641983032226577 6.748333454132081 81.010417938232436 4.1249289512634286 3.5000000000000004 446.23193359375006 100.50000000000001 86.500000000000014 47.500000000000007 0.63405361771583568 2.9068056344985966
decision_type=2 2 2 2 2 2 2 2 2 2 2 2 2
left_child=1 3 6 5 -5 -1 -3 8 10 -10 -2 -4 -9
right_child=7 2 11 4 -6 -7 -8 12 9 -11 -12 -13 -14
leaf_value=0.015223330739040261 0.011985945410055727 -0.024245869619876619 0.32993403466149546 -0.11142608065347986 0.38771135448812488 -0.032996107053726575 0.085215692033067544 0.50469167831025175 -0.05054063995698025 0.14608037207112645 -0.01165502743233489 0.28485824182796138 0.075695498000223585
leaf_weight=848 2476 947 46 489 40 925 765 39 218 38 958 31 44
leaf_count=848 2476 947 46 489 40 925 765 39 218 38 958 31 44
internal_value=-0.000213605 -0.000791789 0.000871508 -0.00208424 -0.00626415 -0.000834273 0.00028021 0.000413355 0.000195069 -0.00466926 0.000558952 0.0138462 0.01
internal_weight=7864 4091 1789 2302 529 1773 1712 3773 3690 256 3434 77 83
internal_count=7864 4091 1789 2302 529 1773 1712 3773 3690 256 3434 77 83
is_linear=0
shrinkage=0.08


Tree=125
num_leaves=15
num_cat=0
split_feature=12 42 11 52 50 40 24 15 53 55 40 36 40 52
split_gain=0.500591 1.35444 1.91466 1.90638 1.2391 1.55702 1.1409 0.639971 1.42599 2.46651 1.38766 0.712683 3.09765 0.752955
threshold=53.593750000000007 0.93540480732917797 4.8018054962158212 0.035694444552063949 5.5000000000000009 0.54210525751113903 325.23809814453131 0.79353591799736034 88.500000000000014 5.2922220230102548 0.98421052098274242 1.5000000000000002 0.17368421703577044 57.321111679077156
decision_type=2 2 2 2 2 2 2 2 2 2 2 2 2 2
left_child=1 4 3 -3 6 -6 -1 8 10 -10 -2 12 -9 -13
right_child=7 2 -4 -5 5 -7 -8 11 9 -11 -12 13 -14 -15
leaf_value=-0.026818503255965992 0.014043534951750217 0.0056333313810756633 -0.13841661781631742 0.6858789909487536 -0.15207368314934377 0.44475495104877327 -0.26965946822413089 0.18011949490669574 -0.16007236506505726 0.016987916837081656 0.44083697630027119 -0.0025945972100282688 -0.10072574075302385 0.054014352366933666
leaf_weight=390 1937 35 32 30 33 31 44 163 37 81 33 4251 507 260
leaf_count=390 1937 35 32 30 33 31 44 163 37 81 33 4251 507 260
internal_value=-0.000254291 -0.00248322 0.00612245 0.0139394 -0.00416834 0.00615385 -0.00570115 -7.15268e-05 0.00111058 -0.00739496 0.00162354 -0.000548051 -0.00298063 -0.00018617
internal_weight=7864 595 97 65 498 64 434 7269 2088 118 1970 5181 670 4511
internal_count=7864 595 97 65 498 64 434 7269 2088 118 1970 5181 670 4511
is_linear=0
shrinkage=0.08


Tree=126
num_leaves=12
num_cat=0
split_feature=12 43 52 58 40 19 52 29 56 12 55
split_gain=0.742719 0.978078 0.987342 1.2716 0.563645 3.49821 2.52757 1.88314 0.880791 0.836384 0.737843
threshold=53.593750000000007 -0.98611506819725026 24.796805381774906 35.948194503784187 0.85789471864700328 0.41320656239986425 0.54722222685813915 3604.107788085938 110.50000000000001 123.40625000000001 27.773750305175785
decision_type=2 2 2 2 2 2 2 2 2 2 2
left_child=1 -1 3 -3 8 7 -7 -6 9 -2 -10
right_child=4 2 -4 -5 5 6 -8 -9 10 -11 -12
leaf_value=-0.10924620625381831 0.027754796762627692 -0.012570001633532399 0.56972485490513269 -0.18949874347946405 -0.13614968980092187 -0.021212079956778814 0.17233834972201173 0.0019039358137718666 0.0017566319291059784 -0.0001395615994895394 -0.077130488532050526
leaf_weight=34 920 477 40 44 101 366 176 48 159 5257 242
leaf_count=34 920 477 40 44 101 366 176 48 159 5257 242
internal_value=-0.000305149 -0.00302013 -0.00220641 -0.00314176 -8.25309e-05 -0.00225434 0.000736648 -0.0130667 0.000145919 0.000382001 -0.00348259
internal_weight=7864 595 561 521 7269 691 542 149 6578 6177 401
internal_count=7864 595 561 521 7269 691 542 149 6578 6177 401
is_linear=0
shrinkage=0.08


Tree=127
num_leaves=11
num_cat=0
split_feature=12 58 59 6 40 12 40 16 40 42
split_gain=0.692422 0.826976 1.40142 1.71052 0.520134 0.519569 1.30702 0.576599 1.02253 0.784444
threshold=53.593750000000007 35.948194503784187 105.50000000000001 0.12500000372529033 0.42631578445434576 59.333333969116218 0.29999999701976782 2.3737380504608159 0.026315789669752124 0.99892947077751171
decision_type=2 2 2 2 2 2 2 2 2 2
left_child=1 2 3 -1 -4 6 -2 8 -7 -9
right_child=5 -3 4 -5 -6 7 -8 9 -10 -11
leaf_value=-0.11290079983255623 -0.15371974880467718 -0.15277062234691363 0.0236086102879365 -0.0071389403872698766 0.096798276717958209 -0.2153850156356647 0.20729746350131847 -0.0059670552395845533 0.015710634906403557 0.16015887829659875
leaf_weight=63 39 55 36 410 31 71 31 5109 1947 72
leaf_count=63 39 55 36 410 31 71 31 5109 1947 72
internal_value=-0.000264463 -0.00288591 -0.00192237 -0.00345992 0.00882353 -4.95186e-05 0.00676056 -0.000116667 0.00103021 -0.000563489
internal_weight=7864 595 540 473 67 7269 70 7199 2018 5181
internal_count=7864 595 540 473 67 7269 70 7199 2018 5181
is_linear=0
shrinkage=0.08


Tree=128
num_leaves=7
num_cat=0
split_feature=30 52 53 14 43 58
split_gain=0.694435 0.467268 0.6812 0.531238 1.35474 0.509206
threshold=0.41964285075664526 668.38665771484386 36.500000000000007 9997.5000000000018 -0.097964655607938753 220.30777740478518
decision_type=2 2 2 2 2 2
left_child=-1 3 -3 5 -5 -2
right_child=1 2 -4 4 -6 -7
leaf_value=-0.015926691152600085 -0.0030486263378939073 0.087848155591592841 -0.13530296794143698 -0.041784007931686629 0.14034144722688893 0.21380451003162179
leaf_weight=57 7040 31 30 262 277 167
leaf_count=57 7040 31 30 262 277 167
internal_value=-0.00024412 -0.000179303 -0.00709677 -0.000123919 0.0022963 -0.000305216
internal_weight=7864 7807 61 7746 539 7207
internal_count=7864 7807 61 7746 539 7207
is_linear=0
shrinkage=0.08


Tree=129
num_leaves=8
num_cat=0
split_feature=30 12 58 59 33 50 33
split_gain=0.494881 0.421927 0.951683 1.37411 0.676336 2.05157 1.16918
threshold=0.41964285075664526 53.593750000000007 35.948194503784187 65.500000000000014 52.978227615356452 53.500000000000007 54.27380561828614
decision_type=2 2 2 2 2 2 2
left_child=-1 2 3 -2 5 -3 -6
right_child=1 4 -4 -5 6 -7 -8
leaf_value=-0.014652555860392092 -0.022116337005347403 0.051182618153302106 -0.14030508245212903 0.083105640948044415 -0.085987968713119936 -0.14334281337316326 -0.00028542281843755294
leaf_weight=57 461 1534 55 79 474 62 5142
leaf_count=57 461 1534 55 79 474 62 5142
internal_value=-0.000223776 -0.000169057 -0.00221477 -0.00118299 0 0.00145272 -0.000413032
internal_weight=7864 7807 595 540 7212 1596 5616
internal_count=7864 7807 595 540 7212 1596 5616
is_linear=0
shrinkage=0.08


Tree=130
num_leaves=10
num_cat=0
split_feature=52 40 11 43 43 40 43 26 59
split_gain=0.454238 0.695987 0.466688 0.987296 1.74347 1.11593 0.782898 2.08497 0.749662
threshold=668.38665771484386 0.29999999701976782 3.4815278053283696 -0.88144907355308522 -0.84874749183654774 0.56315791606903087 0.99465191364288341 9737.0000000000018 38.500000000000007
decision_type=2 2 2 2 2 2 2 2 2
left_child=2 -2 6 5 -5 -4 8 -8 -1
right_child=1 -3 3 4 -6 -7 7 -9 -10
leaf_value=0.0060666509158144779 0.016377790296532028 -0.098759210201455797 0.0077497354565599702 -0.19454015408505063 -0.012314290436615921 0.34944111492673585 0.027178345345460712 -0.17702038332305065 -0.020807921481758172
leaf_weight=4946 33 30 246 41 1505 32 114 77 840
leaf_count=4946 33 30 246 41 1505 32 114 77 840
internal_value=-0.000162746 -0.006875 -0.000107665 -0.0012274 -0.00201681 0.00315412 0.000234192 -0.00479167 0.000400899
internal_weight=7864 63 7801 1824 1546 278 5977 191 5786
internal_count=7864 63 7801 1824 1546 278 5977 191 5786
is_linear=0
shrinkage=0.08


Tree=131
num_leaves=14
num_cat=0
split_feature=44 50 43 36 42 31 55 28 43 43 47 40 55
split_gain=0.480917 1.17948 1.22465 2.24168 1.13423 0.814567 0.755063 0.665738 0.821235 0.818326 0.513275 0.499005 0.420337
threshold=0.87837970256805431 103.50000000000001 -0.88144907355308522 180.50000000000003 0.88144907355308544 0.49871392548084265 0.33249999582767492 488.86331176757818 -0.9103761315345763 -0.88144907355308522 1.0000000180025095e-35 0.26842105388641363 2.0288888216018681
decision_type=2 2 2 2 2 2 2 2 2 2 2 2 2
left_child=5 2 3 -2 -4 7 -3 8 -1 -9 11 -7 -12
right_child=1 6 4 -5 -6 10 -8 9 -10 -11 12 -13 -14
leaf_value=0.026721377817416469 0.012108818490942764 0.0057339740885598194 0.031628717848788526 -0.22556452009159589 -0.017717795074289739 -0.051578686458343494 -0.31145580370060694 -0.25283932465980119 -0.0079893828409623429 0.32447930146661674 0.13887002515368826 -0.095160185449445045 -0.16785049396801388
leaf_weight=772 146 35 827 52 289 30 50 30 5342 167 44 47 33
leaf_count=772 146 35 827 52 289 30 50 30 5342 167 44 47 33
internal_value=-0.000172918 0.00117143 0.00176426 -0.0040201 0.0027932 -0.000463965 -0.00790698 -0.000323194 -0.000470973 0.00424242 -0.00619355 -0.0107692 -0.00153846
internal_weight=7864 1399 1314 198 1116 6465 85 6311 6114 197 154 77 77
internal_count=7864 1399 1314 198 1116 6465 85 6311 6114 197 154 77 77
is_linear=0
shrinkage=0.08


Tree=132
num_leaves=13
num_cat=0
split_feature=12 53 53 24 55 17 42 13 15 42 27 36
split_gain=0.582242 0.723091 2.49203 1.43697 0.735433 0.610194 1.1967 1.90814 1.01869 0.840114 1.40812 0.711844
threshold=53.593750000000007 4.5000000000000009 18.500000000000004 325.23809814453131 36.127500534057624 13.769444465637209 0.98611506819725048 460.52691650390631 0.25381655246019369 0.99892947077751171 47.779188156127937 1.5000000000000002
decision_type=2 2 2 2 2 2 2 2 2 2 2 2
left_child=1 3 -3 4 -1 6 8 -8 -2 11 -11 -7
right_child=5 2 -4 -5 -6 9 7 -9 -10 10 -12 -13
leaf_value=-0.0073557953422027826 0.00045549800683517108 0.22614799590987575 -0.059874504083759987 -0.19817115744943267 -0.058610942942772616 -0.049753394959224054 -0.17178591642592647 0.048295931288497795 0.078552368869886327 -0.041280936372791038 0.58614435200659476 -0.00085782469632363252
leaf_weight=411 991 50 39 54 41 733 92 74 769 42 33 4535
leaf_count=411 991 50 39 54 41 733 92 74 769 42 33 4535
internal_value=-0.000213605 -0.00261745 0.004 -0.00378698 -0.00229581 -1.65062e-05 0.00120394 -0.00526946 0.00181715 -0.000456587 0.00789474 -0.00057696
internal_weight=7864 595 89 506 452 7269 1926 166 1760 5343 75 5268
internal_count=7864 595 89 506 452 7269 1926 166 1760 5343 75 5268
is_linear=0
shrinkage=0.08


Tree=133
num_leaves=14
num_cat=0
split_feature=12 6 59 42 47 49 43 51 12 40 17 53 43
split_gain=0.455089 0.820197 1.86899 1.79237 0.963943 1.29798 1.01803 0.761207 0.519569 0.81952 0.547981 0.995361 0.775787
threshold=53.593750000000007 0.20833333581686023 1.5000000000000002 0.47114434838294988 1.0000000180025095e-35 2.1472221612930302 -0.58216583728790272 1.0000000180025095e-35 59.333333969116218 0.29999999701976782 13.769444465637209 88.500000000000014 -0.84874749183654774
decision_type=2 2 2 2 2 2 2 2 2 2 2 2 2
left_child=1 2 7 -4 5 -3 -6 -1 9 -2 11 -10 -12
right_child=8 4 3 -5 6 -7 -8 -9 10 -11 12 -13 -14
leaf_value=-0.052785411497391611 -0.14093300043807916 -0.00045977539400119836 0.12960407033033294 -0.11730496808176209 0.022047635045543749 0.172233512078934 -0.030642141988315077 -0.11517684625077827 0.024176839558874584 0.18842597403076666 -0.021969796701306842 -0.067947724404230705 -0.00069034346065805613
leaf_weight=38 39 128 54 76 51 49 125 74 1808 31 892 118 4381
leaf_count=38 39 128 54 76 51 49 125 74 1808 31 892 118 4381
internal_value=-0.000223776 -0.00234899 -0.00592593 0.000610687 0.000112994 0.00426966 -0.0040678 -0.0134513 -4.95186e-05 0.00676056 -0.000116667 0.00103788 -0.000538491
internal_weight=7864 595 242 130 353 177 176 112 7269 70 7199 1926 5273
internal_count=7864 595 242 130 353 177 176 112 7269 70 7199 1926 5273
is_linear=0
shrinkage=0.08


Tree=134
num_leaves=10
num_cat=0
split_feature=12 24 43 53 53 12 40 30 33
split_gain=0.567553 0.71792 1.12891 0.925652 1.18651 0.519569 0.81952 0.509739 0.677473
threshold=53.593750000000007 325.23809814453131 0.16280825436115268 17.500000000000004 4.5000000000000009 59.333333969116218 0.29999999701976782 0.41964285075664526 48.60083198547364
decision_type=2 2 2 2 2 2 2 2 2
left_child=1 3 -3 4 -1 6 -2 -7 -9
right_child=5 2 -4 -5 -6 7 -8 8 -10
leaf_value=-0.015568747158002339 -0.12965836040303289 0.04320110375776505 -0.27245911652724508 -0.055047761725539102 0.15819529612003094 -0.015297119842805636 0.17335189610830526 0.045782943807883426 -0.0020697947942210602
leaf_weight=452 39 32 31 37 43 57 31 766 6376
leaf_count=452 39 32 31 37 43 57 31 766 6376
internal_value=-0.00024412 -0.00261745 -0.010625 -0.00165103 -0.000725806 -4.95186e-05 0.00676056 -0.000116667 -5.59989e-05
internal_weight=7864 595 63 532 495 7269 70 7199 7142
internal_count=7864 595 63 532 495 7269 70 7199 7142
is_linear=0
shrinkage=0.08


Tree=135
num_leaves=13
num_cat=0
split_feature=12 42 25 24 56 40 25 14 40 56 56 14
split_gain=0.50977 0.888737 2.20841 1.17096 0.670868 0.521587 3.24104 3.37947 2.51355 0.798022 0.711643 0.683582
threshold=53.593750000000007 0.93540480732917797 828.41247558593761 325.23809814453131 5.5000000000000009 0.85789471864700328 946.97134399414074 6029.5000000000009 0.96315789222717296 110.50000000000001 114.50000000000001 11603.500000000002
decision_type=2 2 2 2 2 2 2 2 2 2 2 2
left_child=1 3 -3 4 -1 9 7 -7 -8 11 -11 -2
right_child=5 2 -4 -5 -6 6 8 -9 -10 10 -12 -13
leaf_value=-0.022490700287024056 0.0010830226739317972 -0.054814291079924686 0.15611074302946382 -0.19680198157516365 0.090046199372703875 -0.0057090954747421561 -0.082533976100379686 0.38511870631948664 0.01556987258811688 -0.19672397897803662 -0.015536730632027229 0.080991160145890431
leaf_weight=390 5946 51 46 52 56 416 138 64 73 32 369 231
leaf_count=390 5946 51 46 52 56 416 138 64 73 32 369 231
internal_value=-0.000233948 -0.00248322 0.0044898 -0.0038477 -0.00250559 -4.95186e-05 -0.00213873 0.00149688 -0.0103774 0.000170239 -0.00328358 0.00039495
internal_weight=7864 595 97 498 446 7269 691 480 211 6578 401 6177
internal_count=7864 595 97 498 446 7269 691 480 211 6578 401 6177
is_linear=0
shrinkage=0.08


Tree=136
num_leaves=8
num_cat=0
split_feature=52 40 15 40 27 59 31
split_gain=0.450116 0.695987 0.393705 0.858254 0.433447 0.887427 0.657281
threshold=668.38665771484386 0.29999999701976782 40.719272613525398 0.37368421256542211 95.229000091552749 148.50000000000003 0.49871392548084265
decision_type=2 2 2 2 2 2 2
left_child=2 -2 4 -4 6 -6 -1
right_child=1 -3 3 -5 5 -7 -8
leaf_value=-0.00051454408724850966 0.013815072464452882 -0.086325726904237565 -0.92531929359792142 0.011420507162841176 0.087383140838435042 -0.15201726435080168 -0.047706863095339606
leaf_weight=7272 33 30 33 40 196 54 206
leaf_count=7272 33 30 33 40 196 54 206
internal_value=-0.000193261 -0.006875 -0.000138426 -0.00594595 -8.2805e-05 0.00318725 -0.000192539
internal_weight=7864 63 7801 73 7728 250 7478
internal_count=7864 63 7801 73 7728 250 7478
is_linear=0
shrinkage=0.08


Tree=137
num_leaves=13
num_cat=0
split_feature=13 53 40 34 43 55 22 47 56 52 52 52
split_gain=0.465108 1.37166 1.58651 1.15829 1.14935 0.49049 1.81497 2.45093 1.49585 0.490344 2.04839 1.89713
threshold=98.730468750000014 17.500000000000004 0.1947368457913399 49.956258773803718 0.09796465560793878 143.3948669433594 6.1534268856048593 1.0000000180025095e-35 18.500000000000004 26.491110801696781 29.831250190734867 22.289999961853031
decision_type=2 2 2 2 2 2 2 2 2 2 2 2
left_child=1 2 3 -1 -4 9 8 -8 -7 11 -11 -2
right_child=5 -3 4 -5 -6 6 7 -9 -10 10 -12 -13
leaf_value=-0.049001982872807374 0.00058676835746847896 -0.10449990044510905 -0.011317414545783524 -0.17880789711271708 0.063514770602795062 0.52302087393021679 0.0003201674909028185 -0.1549874418458109 -0.093206430335777704 0.21669273000081887 0.0026253270471527658 -0.10228637403764367
leaf_weight=79 5728 36 262 41 104 51 83 84 40 181 932 243
leaf_count=79 5728 36 262 41 104 51 83 84 40 181 932 243
internal_value=-0.000142403 -0.00244742 -0.00131417 -0.0092562 0.0013079 2.17895e-05 -0.00339768 -0.00833333 0.00565217 0.000146789 0.00168761 -0.000140656
internal_weight=7864 522 486 120 366 7342 258 167 91 7084 1113 5971
internal_count=7864 522 486 120 366 7342 258 167 91 7084 1113 5971
is_linear=0
shrinkage=0.08


Tree=138
num_leaves=15
num_cat=0
split_feature=3 55 22 0 55 49 36 42 53 27 40 16 59 40
split_gain=0.421818 1.2852 2.23005 2.58091 1.82582 4.14043 1.13475 1.09937 0.892131 1.32587 2.72852 1.92899 1.16812 0.758888
threshold=0.01124999998137355 36.127500534057624 6.0558805465698251 29.458333969116214 16.321389198303226 1.0000000180025095e-35 5.5000000000000009 0.68322628736495983 11.500000000000002 59.136638641357429 0.66842105984687816 12.051093578338625 130.50000000000003 0.16315789520740512
decision_type=2 2 2 2 2 2 2 2 2 2 2 2 2 2
left_child=1 4 7 -4 6 -6 -1 -3 12 11 -11 -10 13 -2
right_child=8 2 3 -5 5 -7 -8 -9 9 10 -12 -13 -14 -15
leaf_value=-0.022394021858179104 0.053089051367505039 0.63554238771294824 0.094007560902309606 -0.12148433008941453 0.66818689256671859 -0.04772085246854136 0.0026876208022306967 -0.096567007260030022 -0.15300174022633278 -0.024377620477142443 0.35035484091085722 -0.014518305909841446 0.032068445435041046 0.0010415488434924213
leaf_weight=1430 550 65 53 292 172 301 1705 73 43 150 42 840 75 2073
leaf_count=1430 550 65 53 292 172 301 1705 73 43 150 42 840 75 2073
internal_value=-0.000111888 -0.000674487 -0.00454545 -0.00797688 -0.000155168 0.00447257 -0.000854592 0.00402878 0.000498145 -0.00144981 0.00455959 -0.00276018 0.00127455 0.000990854
internal_weight=7864 4091 483 345 3608 473 3135 138 3773 1075 192 883 2698 2623
internal_count=7864 4091 483 345 3608 473 3135 138 3773 1075 192 883 2698 2623
is_linear=0
shrinkage=0.08


Tree=139
num_leaves=15
num_cat=0
split_feature=24 50 58 49 34 58 1 56 53 40 23 42 26 33
split_gain=0.489815 1.09612 2.15951 2.22377 1.97181 1.63913 2.15381 1.6385 0.792363 0.912557 1.24082 0.880318 1.72293 1.40689
threshold=195.03422546386722 1.5000000000000002 1.0026388764381411 19.612082481384281 48.087467193603523 81.010417938232436 165.50778961181643 1.5000000000000002 168.50000000000003 0.36315789818763738 21.856805801391605 0.52778512239456188 12533.000000000002 60.128353118896491
decision_type=2 2 2 2 2 2 2 2 2 2 2 2 2 2
left_child=1 5 4 -4 -3 6 -1 -7 11 10 -10 13 -13 -2
right_child=8 2 3 -5 -6 7 -8 -9 9 -11 -12 12 -14 -15
leaf_value=0.018101569949409948 -0.013244297085455261 0.15566447696657534 -0.21232085167896814 -0.032637041564020988 -0.11269883057429017 0.0067859712813004335 -0.098103580830412054 2.4046309510067165 -0.0036436506255796532 0.14825644505726046 -0.19910034148568728 0.044704696032201598 -0.032648773560800197 0.0088771084851149273
leaf_weight=806 2758 94 202 177 103 32 165 30 31 35 31 2022 577 801
leaf_count=806 2758 94 202 177 103 32 165 30 31 35 31 2022 577 801
internal_value=-0.00012206 -0.00136646 -0.00415945 -0.00768421 0.00262626 0.000193424 -0.000617284 0.0126984 0.00019821 -0.00693878 -0.0126984 0.000311739 0.00143077 -0.000505618
internal_weight=7864 1609 576 379 197 1033 971 62 6255 97 62 6158 2599 3559
internal_count=7864 1609 576 379 197 1033 971 62 6255 97 62 6158 2599 3559
is_linear=0
shrinkage=0.08


Tree=140
num_leaves=15
num_cat=0
split_feature=24 55 30 27 15 42 49 53 19 59 50 24 42 40
split_gain=0.470526 1.47996 1.37456 1.81332 0.987976 1.4672 1.61976 0.954974 1.15562 0.844349 1.49519 1.41566 0.81823 0.685515
threshold=203.86606597900393 36.127500534057624 0.79761904478073131 78.403152465820327 0.029788772575557235 -0.52778512239456166 6.8095831871032724 156.50000000000003 0.31809775531291967 35.500000000000007 1.5000000000000002 411.58334350585943 0.35206145048141485 0.71052631735801708
decision_type=2 2 2 2 2 2 2 2 2 2 2 2 2 2
left_child=1 7 3 -3 5 13 -7 8 -1 10 -6 -11 -9 -2
right_child=4 2 -4 -5 9 6 -8 12 -10 11 -12 -13 -14 -15
leaf_value=-0.061308114234703517 -0.031380364808340604 -0.081584116919773991 -0.22593389672675926 0.35986263572815119 -0.010394001452058505 0.6289223511684392 -0.10444535495413276 -0.011556754706157406 -0.0049307593682524952 -0.0093051079269380922 0.013781586069268279 -0.097970998744815824 1.5612389279761774 0.0041596609680897246
leaf_weight=62 30 145 58 58 2752 104 36 33 1445 417 2526 118 43 37
leaf_count=62 30 145 58 58 2752 104 36 33 1445 417 2526 118 43 37
internal_value=-0.00018309 -0.00130081 -0.00687023 -0.00372549 0.000159442 0.00557692 0.0102128 -0.000378788 -0.000822281 -3.43997e-05 0.000272779 -0.0030597 0.00831169 -0.00411765
internal_weight=7864 1844 261 203 6020 207 140 1583 1507 5813 5278 535 76 67
internal_count=7864 1844 261 203 6020 207 140 1583 1507 5813 5278 535 76 67
is_linear=0
shrinkage=0.08


Tree=141
num_leaves=8
num_cat=0
split_feature=52 53 40 36 11 43 60
split_gain=0.632657 1.34955 0.558029 1.8552 0.554735 1.08383 0.968229
threshold=668.38665771484386 36.500000000000007 1.0000000180025095e-35 79.500000000000014 3.4815278053283696 0.99465191364288341 1.0000000180025095e-35
decision_type=2 2 2 2 2 2 2
left_child=2 -2 3 -1 5 -4 -6
right_child=1 -3 4 -5 6 -7 -8
leaf_value=-0.045099315628799402 0.067320512910394259 -0.11340972326065016 0.0028985226784346099 0.21062463835047879 0.14084684933766908 -0.088029523672234211 -0.011634745458153475
leaf_weight=58 31 32 5786 34 61 118 1744
leaf_count=58 31 32 5786 34 61 118 1744
internal_value=-0.000203433 -0.008125 -0.000138426 0.00602151 -0.000212711 0.000162574 -0.00143965
internal_weight=7864 63 7801 92 7709 5904 1805
internal_count=7864 63 7801 92 7709 5904 1805
is_linear=0
shrinkage=0.08


Tree=142
num_leaves=10
num_cat=0
split_feature=52 53 3 44 40 52 29 43 58
split_gain=0.834955 1.0683 0.458234 0.993354 1.53989 1.18222 0.771135 1.02736 0.848308
threshold=668.38665771484386 36.500000000000007 0.01124999998137355 0.87837970256805431 0.17368421703577044 0.54722222685813915 5921.5307617187509 -0.032701563090086067 65.75485992431642
decision_type=2 2 2 2 2 2 2 2 2
left_child=2 -2 3 5 -5 -1 8 -8 -4
right_child=1 -3 6 4 -6 -7 7 -9 -10
leaf_value=-0.024264297289519236 0.061934871877562754 -0.10433694539979813 0.0041603742581520463 0.20548964846314718 -0.0040864536327607937 0.0026852757671728257 -0.022622522634326715 0.38604407773385496 -0.034037506168498627
leaf_weight=1788 31 32 3451 214 715 1333 64 76 160
leaf_count=1788 31 32 3451 214 715 1333 64 76 160
internal_value=-0.000274634 -0.009375 -0.000199949 -0.000789928 0.00150538 -0.00147341 0.0004371 0.00624113 0.00021041
internal_weight=7864 63 7801 4050 929 3121 3751 140 3611
internal_count=7864 63 7801 4050 929 3121 3751 140 3611
is_linear=0
shrinkage=0.08


Tree=143
num_leaves=10
num_cat=0
split_feature=52 53 24 42 44 36 59 40 59
split_gain=0.820083 1.0683 0.490318 1.28442 1.54414 1.03992 0.634929 1.26966 0.960951
threshold=668.38665771484386 36.500000000000007 195.03422546386722 -0.22695468366146085 -0.87837970256805409 79.500000000000014 35.500000000000007 0.73157894611358654 1.5000000000000002
decision_type=2 2 2 2 2 2 2 2 2
left_child=2 -2 3 4 -1 -5 8 -8 -4
right_child=1 -3 6 5 -6 -7 7 -9 -10
leaf_value=0.58507598231816249 0.056980082127357723 -0.095989989767814268 -0.0013373141598157369 -0.059585647478674397 0.018178638428128124 0.073696294798593132 -0.048613411991622044 0.024670969213544679 0.028864633643259481
leaf_weight=37 31 32 4074 1072 327 151 498 119 1523
leaf_count=37 31 32 4074 1072 327 151 498 119 1523
internal_value=-0.000356008 -0.009375 -0.000281979 -0.00153652 0.00263014 -0.00277778 3.86163e-05 -0.00239482 0.000307253
internal_weight=7864 63 7801 1587 364 1223 6214 617 5597
internal_count=7864 63 7801 1587 364 1223 6214 617 5597
is_linear=0
shrinkage=0.08


Tree=144
num_leaves=8
num_cat=0
split_feature=52 40 15 58 12 43 50
split_gain=0.611704 0.927842 0.53269 0.692409 0.491113 1.16844 0.947804
threshold=668.38665771484386 0.29999999701976782 40.719272613525398 0.52111110091209423 229.30208587646487 0.97335553169250499 241.50000000000003
decision_type=2 2 2 2 2 2 2
left_child=2 -2 4 -4 5 -1 -6
right_child=1 -3 3 -5 6 -7 -8
leaf_value=-0.0027173421713352396 0.0010421043018904186 -0.056102653836286383 -0.64856566770784041 0.064783714729831701 0.0037954834703251808 -0.065856266718459122 -0.19566165980962014
leaf_weight=3180 33 30 38 35 4262 253 33
leaf_count=3180 33 30 38 35 4262 253 33
internal_value=-0.000335664 -0.008125 -0.000271725 -0.00702703 -0.000207013 -0.00092021 0.000363128
internal_weight=7864 63 7801 73 7728 3433 4295
internal_count=7864 63 7801 73 7728 3433 4295
is_linear=0
shrinkage=0.08


Tree=145
num_leaves=15
num_cat=0
split_feature=27 42 10 55 15 40 15 3 59 35 49 40 12 40
split_gain=0.452344 1.6805 3.74236 2.56428 1.7589 1.39025 2.65338 2.44804 1.70614 1.66792 1.30308 0.970655 0.931194 1.03693
threshold=49.175724029541023 -0.72947329282760609 1.0554136633872988 28.484027862548832 17.608134269714359 0.65789473056793224 13.084557056427004 1.0429397821426394 11.500000000000002 167.3283386230469 26.657777786254886 0.73157894611358654 47.593750000000007 0.1947368457913399
decision_type=2 2 2 2 2 2 2 2 2 2 2 2 2 2
left_child=5 2 3 -2 -4 8 7 -7 10 -10 -1 -8 13 -3
right_child=1 12 4 -5 -6 6 11 -9 9 -11 -12 -13 -14 -15
leaf_value=0.035369861478038445 0.059212504325086075 -0.15241510629589713 -0.055156155901737683 0.35406652749057088 0.14092357807748798 -0.010351316025564366 -0.060563009390777224 -0.099512254112461285 -0.0017156607180910121 -0.14368024920716749 -0.025525064426903263 0.044077030680346352 -0.012835507064125552 -0.021099803557767877
leaf_weight=2461 319 60 106 32 39 523 74 215 460 168 343 255 2695 114
leaf_count=2461 319 60 106 32 39 523 74 215 460 168 343 255 2695 114
internal_value=-0.000213605 -0.000915033 0.00338028 0.00784091 -0.00739726 0.000311111 -0.00220974 -0.00487145 0.00109525 -0.00267091 0.00193939 0.00375758 -0.00165854 -0.00731429
internal_weight=7864 3365 496 351 145 4499 1067 738 3432 628 2804 329 2869 174
internal_count=7864 3365 496 351 145 4499 1067 738 3432 628 2804 329 2869 174
is_linear=0
shrinkage=0.08


Tree=146
num_leaves=15
num_cat=0
split_feature=4 55 55 15 33 55 49 53 52 43 14 49 58 58
split_gain=0.566027 1.11544 1.92759 2.15159 1.82389 1.33755 1.83422 1.18757 0.823048 1.28514 1.73178 0.937878 0.902071 2.50768
threshold=1.0597779750823977 36.127500534057624 46.722223281860359 0.99166378378868114 59.597011566162116 16.321389198303226 0.62805554270744335 40.500000000000007 0.79402777552604686 -0.97335553169250477 1630.5000000000002 0.0054166666232049474 30.5963888168335 53.111665725708015
decision_type=2 2 2 2 2 2 2 2 2 2 2 2 2 2
left_child=1 5 3 -3 -4 7 -7 -1 12 10 -10 -11 -2 -14
right_child=8 2 4 -5 -6 6 -8 -9 9 11 -12 -13 13 -15
leaf_value=-0.003659492648168321 0.010731917367399042 -0.028193529127035932 -0.05177882909745584 -0.3111346086482672 0.2609528152002133 0.37506343496380906 -0.041235840730728841 -0.050132277017624891 -0.27190983926327195 -0.043102201381059475 -0.016491595721455497 0.01450910278556421 0.29541741481451583 -0.025492484912284112
leaf_weight=3386 1498 54 410 48 43 251 279 268 49 337 71 1057 50 63
leaf_count=3386 1498 54 410 48 43 251 279 268 49 337 71 1057 50 63
internal_value=-0.00018309 -0.000734177 -0.00410072 -0.0139806 -0.00185022 -0.000286738 0.00346516 -0.000831737 0.000652591 -0.000686469 -0.00859504 0 0.00191067 0.00877193
internal_weight=7864 4739 555 102 453 4184 530 3654 3125 1514 120 1394 1611 113
internal_count=7864 4739 555 102 453 4184 530 3654 3125 1514 120 1394 1611 113
is_linear=0
shrinkage=0.08


Tree=147
num_leaves=12
num_cat=0
split_feature=0 55 55 43 11 55 55 56 58 55 55
split_gain=0.52986 0.854196 0.965793 1.21459 1.20386 0.690992 2.71709 1.38815 1.02357 1.44312 1.42795
threshold=726.00000000000011 28.484027862548832 3.8905556201934819 -0.47114434838294977 3.9323611259460454 7.3072221279144296 7.9098610877990732 2.5000000000000004 43.962638854980476 0.089166667312383666 0.024861111305654052
decision_type=2 2 2 2 2 2 2 2 2 2 2
left_child=5 2 4 -4 -2 8 -7 -8 10 -10 -1
right_child=1 -3 3 -5 -6 6 7 -9 9 -11 -12
leaf_value=-0.00038915285187052006 -0.000727842338853808 0.052807849201043811 0.047502424472936691 -0.12459389982845423 -0.12975261648368849 -0.13407905022360284 -0.052715051282260464 0.0014755458113245013 -0.0017462104161100455 -0.15787842667431798 0.03216902351185684
leaf_weight=3377 464 56 36 76 44 59 323 1796 235 109 1289
leaf_count=3377 464 56 36 76 44 59 323 1796 235 109 1289
internal_value=-0.000223776 -0.00236337 -0.00322061 -0.0099115 -0.00172888 -2.22562e-05 -0.00121156 -0.000735849 0.000494911 -0.00371014 0.000805657
internal_weight=7864 676 620 112 508 7188 2178 2119 5010 344 4666
internal_count=7864 676 620 112 508 7188 2178 2119 5010 344 4666
is_linear=0
shrinkage=0.08


Tree=148
num_leaves=10
num_cat=0
split_feature=15 58 4 55 22 52 53 47 40
split_gain=0.541858 0.692409 0.540544 1.12229 2.03645 0.934227 0.821897 1.1207 0.743427
threshold=40.719272613525398 0.52111110091209423 1.0597779750823977 36.127500534057624 6.0984148979187021 1.3841666579246523 4.5000000000000009 1.0000000180025095e-35 0.16315789520740512
decision_type=2 2 2 2 2 2 2 2 2
left_child=2 -2 3 5 -5 -1 8 -8 -4
right_child=1 -3 6 4 -6 -7 7 -9 -10
leaf_value=-0.011155313369375098 -0.60616959552787431 0.059800436955332825 0.063829021537919528 0.1187629334832366 -0.076914390004632627 0.013595616470932938 0.017433414486114601 -0.039555532174708787 0.0088941530287161893
leaf_weight=2596 38 35 348 160 386 1563 596 593 1549
leaf_count=2596 38 35 348 160 386 1563 596 593 1549
internal_value=-0.000213605 -0.00702703 -0.000148871 -0.000688483 -0.00409506 -0.000240385 0.000673793 -0.00097479 0.00170706
internal_weight=7864 73 7791 4705 546 4159 3086 1189 1897
internal_count=7864 73 7791 4705 546 4159 3086 1189 1897
is_linear=0
shrinkage=0.08


Tree=149
num_leaves=12
num_cat=0
split_feature=4 3 47 53 47 55 55 56 33 56 3
split_gain=0.486382 1.05109 1.09048 0.933179 0.923521 0.847322 0.771366 2.76356 2.0855 1.3132 1.06383
threshold=1.0597779750823977 0.29708331823349005 1.0000000180025095e-35 173.50000000000003 1.0000000180025095e-35 36.127500534057624 34.021528244018562 121.50000000000001 60.340641021728523 21.500000000000004 2.7710763216018681
decision_type=2 2 2 2 2 2 2 2 2 2 2
left_child=1 3 -3 5 -5 -1 7 10 9 -8 -2
right_child=6 2 -4 4 -6 -7 8 -9 -10 -11 -12
leaf_value=0.00041344965099176178 0.055590465489277249 -0.11440947760900144 -0.23295578859444127 -0.12331827192461521 0.02963916198102904 -0.036287801889448801 -0.17119409782789829 -0.14205210653971392 0.38856419197146069 0.066260491078470526 -0.0039570274032010386
leaf_weight=4070 639 37 31 32 30 539 75 49 34 193 2135
leaf_count=4070 639 37 31 32 30 539 75 49 34 193 2135
internal_value=-0.00012206 -0.000632911 -0.0104348 -0.000488014 -0.0101587 -0.000355748 0.000652591 0.000240793 0.00448845 0.00208178 0.000576577
internal_weight=7864 4739 68 4671 62 4609 3125 2823 302 268 2774
internal_count=7864 4739 68 4671 62 4609 3125 2823 302 268 2774
is_linear=0
shrinkage=0.08


Tree=150
num_leaves=12
num_cat=0
split_feature=56 18 58 36 21 42 40 24 0 42 19
split_gain=0.435958 1.16619 1.3742 0.895957 0.545245 1.06607 1.06411 0.99058 0.681487 0.858785 0.675461
threshold=160.50000000000003 0.34375000000000006 12.935416698455812 314.50000000000006 2.0546528100967412 0.97335553169250499 0.721052646636963 223.20684814453128 726.00000000000011 0.91037613153457653 0.39821441471576696
decision_type=2 2 2 2 2 2 2 2 2 2 2
left_child=4 2 3 -2 5 6 -1 -7 10 -10 -6
right_child=1 -3 -4 -5 8 7 -8 -9 9 -11 -12
leaf_value=0.0032585737937757563 -0.16405628591120119 0.17931181712652375 0.054804158412345885 -0.010457437222928263 0.015979426451968239 -0.21071850090387803 -0.098289866390298644 -0.086984476464602237 -0.0032725105371238074 -0.09055533686244438 0.00054180318246830337
leaf_weight=426 55 40 39 42 993 32 54 34 512 99 5538
leaf_count=426 55 40 39 42 993 32 54 34 512 99 5538
internal_value=-0.000142403 -0.0040678 -0.00759124 -0.0126531 -5.20224e-05 -0.00248629 -0.00116424 -0.0119403 0.000134397 -0.0024183 0.000373546
internal_weight=7864 176 136 97 7688 546 480 66 7142 611 6531
internal_count=7864 176 136 97 7688 546 480 66 7142 611 6531
is_linear=0
shrinkage=0.08


Tree=151
num_leaves=15
num_cat=0
split_feature=24 42 44 40 36 25 29 42 26 25 36 49 49 52
split_gain=0.404096 1.49129 1.63029 1.19418 3.30568 2.36853 1.16943 0.71408 2.0882 2.8652 1.15157 1.55711 1.15098 0.801526
threshold=203.86606597900393 -0.22695468366146085 -0.87837970256805409 0.13157894462347033 59.000000000000007 783.77474975585949 2287.6804199218755 0.52778512239456188 12533.000000000002 1267.7920532226565 721.50000000000011 0.34347222745418554 8.5133333206176776 26.97500038146973
decision_type=2 2 2 2 2 2 2 2 2 2 2 2 2 2
left_child=1 2 -1 4 -3 -5 -4 10 9 -9 12 -12 -2 -10
right_child=7 3 6 5 -6 -7 -8 8 13 -11 11 -13 -14 -15
leaf_value=0.53811968869895732 0.0066670768516785819 -0.040683789249435311 -0.065519368132614955 -0.066028743565930526 0.35990384212544824 0.074417999351127403 0.038796580085127062 0.029782139466816206 -0.057748136488823716 0.80252018357056576 -0.046769405127421851 0.0094919920628689178 -0.014729667689386475 0.016545022043477502
leaf_weight=41 2108 301 74 958 58 125 287 1915 494 31 154 154 1077 87
leaf_count=41 2108 301 74 958 58 125 287 1915 494 31 154 154 1077 87
internal_value=-9.15448e-05 -0.00112737 0.00317618 -0.00232848 0.00166667 -0.00365314 0.00143646 0.000225876 0.00125 0.00250642 -0.000515169 -0.00517799 -6.27746e-05 -0.00295533
internal_weight=7864 1844 402 1442 359 1083 361 6020 2527 1946 3493 308 3185 581
internal_count=7864 1844 402 1442 359 1083 361 6020 2527 1946 3493 308 3185 581
is_linear=0
shrinkage=0.08


Tree=152
num_leaves=15
num_cat=0
split_feature=24 50 58 27 34 58 42 26 58 58 19 58 1 1
split_gain=0.427169 1.63947 1.89255 3.28435 1.69963 1.01824 0.858381 2.24573 1.70927 2.15979 1.6892 1.57589 1.19525 0.820666
threshold=188.90476226806643 1.5000000000000002 1.923611104488373 92.120410919189467 48.087467193603523 81.010417938232436 0.63405361771583568 12533.000000000002 26.024305343627933 192.14777374267581 0.4545296579599381 5.57694435119629 676.50057983398449 437.38542175292974
decision_type=2 2 2 2 2 2 2 2 2 2 2 2 2 2
left_child=1 5 4 -4 -3 13 8 10 11 -10 -8 -2 -9 -1
right_child=6 2 3 -5 -6 -7 7 12 9 -11 -12 -13 -14 -15
leaf_value=0.017073526110252715 -0.0061912413868694931 0.56580187014434202 -0.1696852009608848 0.050138784718712234 -0.097426669357760537 1.4112390055615396 0.15024840010344917 -0.067201394755417004 -0.092904282499155499 0.3737328487107891 -0.004908325885507079 0.030769666835969503 0.041843226589294173 -0.052097495850614697
leaf_weight=735 3169 72 218 102 105 51 1119 396 248 67 804 566 113 99
leaf_count=735 3169 72 218 102 105 51 1119 396 248 67 804 566 113 99
internal_value=-0.000111888 -0.00138829 -0.00506024 -0.00872274 0.00157303 0.000677201 0.00016042 0.00134813 -0.00055295 -0.00620253 0.00259875 -7.49465e-05 -0.00337255 0
internal_weight=7864 1382 497 320 177 885 6482 2432 4050 315 1923 3735 509 834
internal_count=7864 1382 497 320 177 885 6482 2432 4050 315 1923 3735 509 834
is_linear=0
shrinkage=0.08


Tree=153
num_leaves=15
num_cat=0
split_feature=24 50 58 13 16 58 56 34 12 40 36 40 40 1
split_gain=0.654927 1.30676 1.9094 2.6893 1.57898 1.14296 1.30677 1.16819 0.580021 1.41527 1.63281 1.18873 0.984334 2.27316
threshold=199.3497009277344 1.5000000000000002 1.923611104488373 193.34938049316409 4.3017120361328134 1.0026388764381411 47.500000000000007 46.235261917114265 371.14584350585943 0.015789474360644821 11.500000000000002 0.80526316165924083 0.77368420362472545 891.00906372070324
decision_type=2 2 2 2 2 2 2 2 2 2 2 2 2 2
left_child=1 5 4 -4 -3 6 -1 -7 9 10 -2 -11 -10 -14
right_child=8 2 3 -5 -6 7 -8 -9 12 11 -12 -13 13 -15
leaf_value=-0.016990338550933615 -0.2644206249558832 0.11669206949950379 -0.014173451063447971 -0.19168150394927644 -0.094361498339770228 -0.04547251696843279 -0.22941856722440862 0.055827002478813913 -0.010587158418512104 0.020947595511443495 -0.011998761264733987 -0.018944353754892243 0.032771667401450981 -0.042064457886501955
leaf_weight=438 31 127 204 188 106 63 54 603 2058 3037 44 480 352 79
leaf_count=438 31 127 204 188 106 63 54 603 2058 3037 44 480 352 79
internal_value=-0.00024412 -0.00159193 -0.00453674 -0.00793893 0.00119658 0 -0.00292089 0.00215892 0.000151266 0.000801559 -0.01 0.00103468 -0.000787149 0.00268519
internal_weight=7864 1783 625 392 233 1158 492 666 6081 3592 75 3517 2489 431
internal_count=7864 1783 625 392 233 1158 492 666 6081 3592 75 3517 2489 431
is_linear=0
shrinkage=0.08


Tree=154
num_leaves=15
num_cat=0
split_feature=24 50 50 22 58 58 34 33 12 43 11 53 40 34
split_gain=0.525464 1.0591 2.07426 2.66793 1.90283 0.969152 1.11451 1.08443 0.585384 1.15546 1.88855 1.07197 0.932107 0.994088
threshold=199.3497009277344 1.5000000000000002 3.5000000000000004 8.1481308937072772 34.952915191650398 1.0026388764381411 46.235261917114265 61.957225799560554 371.14584350585943 0.99465191364288341 3.3380556106567387 98.500000000000014 1.0000000180025095e-35 46.896686553955085
decision_type=2 2 2 2 2 2 2 2 2 2 2 2 2 2
left_child=1 5 4 -4 -3 7 -7 -1 9 11 -11 -2 -10 -14
right_child=8 2 3 -5 -6 6 -8 -9 12 10 -12 -13 13 -15
leaf_value=-0.033315855368311206 0.010457218737285175 -0.06670992253452418 -0.06924913349976293 0.35979009989471578 -0.19159981546328658 -0.041834715610958181 0.051360842280508766 0.14507213339726888 0.11970677371569174 -0.21622709098395049 0.035057923006463758 -0.07668785731258311 -0.015466232895608613 -0.0030779841498540963
leaf_weight=433 3301 200 329 49 47 63 603 59 30 73 33 185 367 2092
leaf_count=433 3301 200 329 49 47 63 603 59 30 73 33 185 367 2092
internal_value=-0.000294978 -0.00150224 -0.00415335 -0.000422164 -0.00983871 -6.9025e-05 0.00191904 -0.00275862 5.91911e-05 0.000712497 -0.00747664 0.000963579 -0.000883534 -0.00105691
internal_weight=7864 1783 625 378 247 1158 666 492 6081 3592 106 3486 2489 2459
internal_count=7864 1783 625 378 247 1158 666 492 6081 3592 106 3486 2489 2459
is_linear=0
shrinkage=0.08


Tree=155
num_leaves=13
num_cat=0
split_feature=0 55 55 11 40 12 43 21 49 22 56 40
split_gain=0.480675 0.854196 0.965793 1.20386 1.11295 0.652046 1.00906 1.55486 0.915752 1.49659 0.925065 0.79436
threshold=726.00000000000011 28.484027862548832 3.8905556201934819 3.9323611259460454 0.37368421256542211 229.30208587646487 0.97335553169250499 4.9322741031646737 292.92056274414068 6.6592116355896005 67.500000000000014 0.13157894462347033
decision_type=2 2 2 2 2 2 2 2 2 2 2 2
left_child=5 2 3 -2 -4 6 11 -8 10 -10 -7 -1
right_child=1 -3 4 -5 -6 8 7 -9 9 -11 -12 -13
leaf_value=0.045218406242484264 -0.00030494770717464091 0.060010223197509309 -0.13003864651180366 -0.1162050527566079 0.02320294868189322 0.014686499248839021 -0.12181361864396205 0.01796616099546796 0.048367990224646426 -0.29151877939845378 -0.027245525734625745 -0.0082945919204795264
leaf_weight=447 464 56 73 44 39 3277 165 92 30 41 374 2762
leaf_count=447 464 56 73 44 39 3277 165 92 30 41 374 2762
internal_value=-0.000325493 -0.00236337 -0.00322061 -0.00172888 -0.0099115 -0.000133537 -0.000922988 -0.00573643 0.000601665 -0.00833333 0.000777656 -0.000535826
internal_weight=7864 676 620 508 112 7188 3466 257 3722 71 3651 3209
internal_count=7864 676 620 508 112 7188 3466 257 3722 71 3651 3209
is_linear=0
shrinkage=0.08


Tree=156
num_leaves=12
num_cat=0
split_feature=33 29 40 43 14 49 52 53 53 14 42
split_gain=0.457086 1.11932 2.18028 1.51092 1.61073 1.1575 0.620258 0.43556 1.34496 0.962596 0.292732
threshold=48.60083198547364 2053.633178710938 0.55263158679008495 -0.84874749183654774 2831.0000000000005 116.05777740478517 668.38665771484386 214.00000000000003 180.50000000000003 1218.5000000000002 0.77259656786918651
decision_type=2 2 2 2 2 2 2 2 2 2 2
left_child=1 2 10 4 -3 -5 7 8 -2 -9 -1
right_child=6 3 -4 5 -6 -7 -8 9 -10 -11 -12
leaf_value=1.1515007508291895 -0.0031496470776137819 -0.098393547873865728 -0.52761435731417239 0.026979328212315645 0.016037816371694439 -0.24733196982625147 -0.03887272823092678 1.538097373155946 -0.32687692471014757 -0.034481042408601045 2.9182058056964388
leaf_weight=32 6615 98 32 762 73 46 52 31 44 48 31
leaf_count=32 6615 98 32 762 73 46 52 31 44 48 31
internal_value=-0.000193261 0.00133953 0.00958333 0.000530612 -0.00627907 0.00197775 -0.000435871 -0.000368007 -0.000438438 0.0055 0.018125
internal_weight=7864 1074 95 979 171 808 6790 6738 6659 79 63
internal_count=7864 1074 95 979 171 808 6790 6738 6659 79 63
is_linear=0
shrinkage=0.08


Tree=157
num_leaves=14
num_cat=0
split_feature=24 50 49 43 14 52 49 55 53 25 42 24 57
split_gain=0.518371 1.18315 1.64947 1.47847 1.03408 1.00661 0.972821 0.9611 0.674145 0.841907 0.724187 1.62845 1.23423
threshold=188.90476226806643 1.5000000000000002 39.497638702392585 -0.88144907355308522 4533.0000000000009 3.0749999284744267 0.44416667520999914 12.810555934906008 168.50000000000003 841.29623413085949 0.72947329282760631 402.09524536132818 1.0000000180025095e-35
decision_type=2 2 2 2 2 2 2 2 2 2 2 2 2
left_child=1 4 3 -3 6 -6 -1 -4 10 -10 12 -12 -2
right_child=8 2 7 -5 5 -7 -8 -9 9 -11 11 -13 -14
leaf_value=-0.016238731022909292 -0.074505403413653512 0.12719265820331402 0.10090313712319628 -0.12516922496975169 -0.031325180352743731 0.18401684057315748 0.33320905068686785 -0.085841164949858537 -0.00030853797572966357 -0.15869708073433564 0.048860660222190405 -0.021935535228282392 -0.00042990636367498891
leaf_weight=709 203 35 87 319 33 40 103 56 56 42 1686 353 4142
leaf_count=709 203 35 87 319 33 40 103 56 56 42 1686 353 4142
internal_value=-0.000213605 -0.00161967 -0.00473896 -0.00766197 0.00013544 0.00918919 -0.000688807 0.0025 8.63798e-05 -0.00646465 0.00018794 0.00143137 -0.000395766
internal_weight=7864 1382 497 354 885 73 812 143 6482 98 6384 2039 4345
internal_count=7864 1382 497 354 885 73 812 143 6482 98 6384 2039 4345
is_linear=0
shrinkage=0.08


Tree=158
num_leaves=13
num_cat=0
split_feature=24 50 49 28 35 13 22 53 25 50 49 27
split_gain=0.541566 1.04243 1.51056 2.3472 1.26385 0.921678 0.741797 0.632467 0.854709 0.517605 3.02818 1.4168
threshold=185.53422546386722 1.5000000000000002 31.596111297607425 353.11349487304693 165.13056182861331 1051.6275024414065 7.9637379646301278 168.50000000000003 841.29623413085949 1.5000000000000002 0.34347222745418554 47.291233062744148
decision_type=2 2 2 2 2 2 2 2 2 2 2 2
left_child=1 5 3 -3 -4 6 -1 9 -9 11 -11 -2
right_child=7 2 4 -5 -6 -7 -8 8 -10 10 -12 -13
leaf_value=0.0075721612883907601 0.0065223966777793411 -0.15315315100801238 0.090390161435017977 0.032367053761539179 -0.047836802170680016 0.11782206730593657 -0.052736066454279376 -0.00028385493767128621 -0.14600131427558885 0.47755439601427341 0.0019867894303548538 -0.030347201986219263
leaf_weight=590 2116 224 58 96 106 49 216 58 42 139 2950 1220
leaf_count=590 2116 224 58 96 106 49 216 58 42 139 2950 1220
internal_value=-0.000356008 -0.0018209 -0.00478351 -0.00797508 0.00145455 -0.000140187 -0.000793061 -5.5164e-05 -0.00633663 4.3573e-05 0.000789644 -0.000647288
internal_weight=7864 1339 484 320 164 855 806 6525 100 6425 3089 3336
internal_count=7864 1339 484 320 164 855 806 6525 100 6425 3089 3336
is_linear=0
shrinkage=0.08


Tree=159
num_leaves=6
num_cat=0
split_feature=49 49 50 40 50
split_gain=0.392866 0.55567 0.445183 2.54916 0.566843
threshold=1490.3750000000002 724.75112915039074 161.50000000000003 0.2578947395086289 3.5000000000000004
decision_type=2 2 2 2 2
left_child=1 2 4 -4 -1
right_child=-2 -3 3 -5 -6
leaf_value=-0.0053771725331631087 0.06270071654033775 -0.11092948603102422 -0.21976836480344211 0.098554570492912608 0.0060711815970536523
leaf_weight=4984 33 33 63 95 2656
leaf_count=4984 33 33 63 95 2656
internal_value=-0.000345836 -0.000383044 -0.000338505 -0.0045283 -0.000251276
internal_weight=7864 7831 7798 158 7640
internal_count=7864 7831 7798 158 7640
is_linear=0
shrinkage=0.08


Tree=160
num_leaves=14
num_cat=0
split_feature=4 53 47 52 42 52 52 55 55 4 52 33 12
split_gain=0.435048 0.879721 0.923521 0.84543 1.44907 1.5983 1.41352 1.99292 1.56497 1.27616 0.832361 1.83868 0.909098
threshold=1.0597779750823977 173.50000000000003 1.0000000180025095e-35 57.321111679077156 0.35206145048141485 116.05777740478517 22.289999961853031 52.895000457763679 35.057500839233406 19.214752197265629 1.3841666579246523 68.641983032226577 378.00000000000006
decision_type=2 2 2 2 2 2 2 2 2 2 2 2 2
left_child=1 10 -3 6 9 -6 8 -8 -2 -5 12 -12 -1
right_child=3 2 -4 4 5 -7 7 -9 -10 -11 11 -13 -14
leaf_value=-0.0048028693505879835 0.0027227173161146821 -0.11223588631847556 0.029533679777765141 0.040724590605585434 0.13745644533431275 0.017940170785220744 -0.023733619915233036 -0.35979067358229982 0.064672759990192508 -0.051217940294998245 0.00098642039431755539 0.21699044741504026 -0.026005252300543819
leaf_weight=2189 2219 32 30 37 30 35 514 30 221 39 1714 72 702
leaf_count=2189 2219 32 30 37 30 35 514 30 221 39 1714 72 702
internal_value=-0.000284806 -0.000767932 -0.0101587 0.000447857 0.00647887 0.0151515 0.000160804 -0.00352294 0.000983204 -0.00103896 -0.0006413 0.000716284 -0.00147994
internal_weight=7864 4739 62 3125 141 65 2984 544 2440 76 4677 1786 2891
internal_count=7864 4739 62 3125 141 65 2984 544 2440 76 4677 1786 2891
is_linear=0
shrinkage=0.08


Tree=161
num_leaves=13
num_cat=0
split_feature=24 50 49 15 26 13 22 53 25 43 27 14
split_gain=0.444946 0.767221 1.44042 1.37685 1.26142 0.921678 0.741797 0.647363 0.854709 0.559844 3.20775 1.04032
threshold=185.53422546386722 1.5000000000000002 3.1497222185134892 0.1294849514961243 3481.0000000000005 1051.6275024414065 7.9637379646301278 168.50000000000003 841.29623413085949 -0.84874749183654774 40.830104827880866 1438.0000000000002
decision_type=2 2 2 2 2 2 2 2 2 2 2 2
left_child=1 5 3 -3 -4 6 -1 9 -9 10 -2 -11
right_child=7 2 4 -5 -6 -7 -8 8 -10 11 -12 -13
leaf_value=0.0077807917360195947 0.055597020548539149 -0.1485169459691299 0.044443061630171046 -0.12351466432552421 -0.071818913690388161 0.091467239930911437 -0.047686867513364928 0.0056078075093437723 -0.1249121644254106 0.019718851172606976 -0.059178374225732001 -0.0017198632701666838
leaf_weight=590 471 30 120 113 221 49 216 58 42 1617 633 3704
leaf_count=590 471 30 120 113 221 49 216 58 42 1617 633 3704
internal_value=-0.000254291 -0.00158209 -0.00412371 -0.0108333 -0.00128655 -0.000140187 -0.000793061 1.8388e-05 -0.00633663 0.00011827 -0.00152036 0.000458474
internal_weight=7864 1339 484 143 341 855 806 6525 100 6425 1104 5321
internal_count=7864 1339 484 143 341 855 806 6525 100 6425 1104 5321
is_linear=0
shrinkage=0.08


Tree=162
num_leaves=9
num_cat=0
split_feature=14 42 49 49 49 56 0 58
split_gain=0.423578 1.34897 1.62709 0.49899 0.514905 0.713376 0.592141 0.453353
threshold=114.50000000000001 0.72947329282760631 3.1497222185134892 1490.3750000000002 99.903614044189467 78.500000000000014 726.00000000000011 1.0000000180025095e-35
decision_type=2 2 2 2 2 2 2 2
left_child=1 2 7 4 6 -6 -2 -1
right_child=3 -3 -4 -5 5 -7 -8 -9
leaf_value=-0.027497588726904637 0.0010389393844532746 -0.13322965472828119 0.23369878483748666 0.13190807722839853 -0.067306407607929317 0.1378273267240894 -0.0067576939828754594 0.16041904781239971
leaf_weight=50 6686 39 37 32 284 49 656 31
leaf_count=50 6686 39 37 32 284 49 656 31
internal_value=-0.000203433 -0.0043038 0 -0.000119357 -0.000161542 -0.00323353 -2.17895e-05 -0.00634146
internal_weight=7864 157 118 7707 7675 333 7342 81
internal_count=7864 157 118 7707 7675 333 7342 81
is_linear=0
shrinkage=0.08


Tree=163
num_leaves=14
num_cat=0
split_feature=0 58 49 40 42 42 59 12 26 43 24 42 40
split_gain=0.384184 1.07734 1.3769 1.84578 1.01888 0.967258 0.600228 1.71307 1.38843 1.33413 0.746714 0.915954 0.716834
threshold=762.33334350585949 0.16819445043802264 8.1094446182250994 0.37368421256542211 0.91037613153457653 0.72947329282760631 7.5000000000000009 547.58334350585949 12533.000000000002 0.2269546836614609 162.23957824707034 -0.2901292592287063 0.10000000149011613
decision_type=2 2 2 2 2 2 2 2 2 2 2 2 2
left_child=6 4 3 -3 5 -2 10 8 -8 -9 11 -1 -12
right_child=1 2 -4 -5 -6 -7 7 9 -10 -11 12 -13 -14
leaf_value=0.0667349662001466 -0.034309823900734532 -0.066430266329037771 0.19064708316737186 0.44878460907293372 -0.15422507925475301 0.20210177775030364 -0.0024938230509663128 -0.26724853982250635 -0.1975439581878633 -0.00631651513462856 0.033520784741449962 -0.075327140218138591 0.0012010243344924665
leaf_weight=91 252 87 40 39 39 34 1694 53 59 48 638 288 4502
leaf_count=91 252 87 40 39 39 34 1694 53 59 48 638 288 4502
internal_value=-0.000193261 -0.00235772 0.00287425 -0.00125984 -0.00503067 -0.00334495 -4.88202e-05 -0.0012938 -0.000706956 -0.0113725 0.000369565 -0.00305263 0.000622447
internal_weight=7864 491 166 126 325 286 7373 1854 1753 101 5519 379 5140
internal_count=7864 491 166 126 325 286 7373 1854 1753 101 5519 379 5140
is_linear=0
shrinkage=0.08


Tree=164
num_leaves=14
num_cat=0
split_feature=24 50 49 15 0 13 21 56 58 27 56 52 50
split_gain=0.401036 0.775794 1.51221 1.37685 1.0033 0.889318 0.725279 0.508296 1.24391 1.76681 0.806653 1.97842 1.34061
threshold=185.53422546386722 1.5000000000000002 3.1497222185134892 0.1294849514961243 30.375000000000004 1051.6275024414065 6.0823380947113046 71.500000000000014 35.948194503784187 44.474695205688484 33.500000000000007 2.2966667413711552 205.50000000000003
decision_type=2 2 2 2 2 2 2 2 2 2 2 2 2
left_child=1 5 3 -3 -4 6 -1 10 9 -9 12 -12 -2
right_child=7 2 4 -5 -6 -7 -8 8 -10 -11 11 -13 -14
leaf_value=0.0033990987471115221 0.00099486211226878498 -0.13390499009883389 -0.11654511113256763 -0.11150973220788217 0.010143358674910346 0.081385082806366429 -0.045293636852454425 -0.18159914396682794 0.42547680370081936 -0.012037211500579677 -0.020204118865641333 0.14585565645566737 -0.17778069943953098
leaf_weight=687 5582 30 71 113 270 49 119 86 57 432 142 178 48
leaf_count=687 5582 30 71 113 270 49 119 86 57 432 142 178 48
internal_value=-0.000142403 -0.00140299 -0.00395876 -0.0108333 -0.00105263 4.6729e-05 -0.000594796 0.000116457 -0.00215278 -0.00339114 0.000336078 0.00423676 0.000113657
internal_weight=7864 1339 484 143 341 855 806 6525 575 518 5950 320 5630
internal_count=7864 1339 484 143 341 855 806 6525 575 518 5950 320 5630
is_linear=0
shrinkage=0.08


Tree=165
num_leaves=11
num_cat=0
split_feature=42 52 49 24 28 40 55 34 42 56
split_gain=0.440054 0.894096 0.733614 0.413531 0.802457 1.16222 0.60376 0.522561 0.886192 0.60248
threshold=0.99892947077751171 10.15916681289673 0.23236110806465152 185.53422546386722 351.72930908203131 0.23684210330247882 18.472361564636234 43.207838058471687 0.63405361771583568 128.50000000000003
decision_type=2 2 2 2 2 2 2 2 2 2
left_child=3 2 -2 4 5 -1 -6 8 -5 -9
right_child=1 -3 -4 7 6 -7 -8 9 -10 -11
leaf_value=0.0083925811724282796 0.011444596018679113 -0.063345489962990206 0.16617975807933691 -0.0015339279369727011 -0.0049252262896951216 -0.048681155993733398 0.066878937906978561 0.00046759734061538441 0.64734171302476773 -0.027883027440304426
leaf_weight=318 35 41 42 101 364 500 135 6037 70 221
leaf_count=318 35 41 42 101 364 500 135 6037 70 221
internal_value=-0.00012206 0.00470588 0.00974359 -0.000196205 -0.0014871 -0.00302808 0.00104 6.84292e-05 0.0044186 -5.11264e-05
internal_weight=7864 118 77 7746 1317 818 499 6429 171 6258
internal_count=7864 118 77 7746 1317 818 499 6429 171 6258
is_linear=0
shrinkage=0.08


Tree=166
num_leaves=10
num_cat=0
split_feature=42 52 49 49 58 55 50 56 58
split_gain=0.443769 0.894096 0.733614 0.360909 0.936284 2.0996 1.29314 0.666258 0.532516
threshold=0.99892947077751171 10.15916681289673 0.23236110806465152 116.05777740478517 0.0048611110541969546 0.15041666477918628 9.5000000000000018 316.50000000000006 53.111665725708015
decision_type=2 2 2 2 2 2 2 2 2
left_child=3 2 -2 7 6 -6 -5 8 -1
right_child=1 -3 -4 4 5 -7 -8 -9 -10
leaf_value=0.00050721711887748101 0.010529028337184769 -0.05827785076595092 0.15288537743298991 -0.23358380756560634 0.20702864057057482 -0.047633833247342355 -0.01946398060652868 -0.043015525096224555 -0.034604910881562957
leaf_weight=6922 35 41 42 46 62 137 80 36 463
leaf_count=6922 35 41 42 46 62 137 80 36 463
internal_value=-0.000142403 0.00470588 0.00974359 -0.000216858 -0.00282209 0.0006 -0.00818898 -0.000102398 -4.87409e-05
internal_weight=7864 118 77 7746 325 199 126 7421 7385
internal_count=7864 118 77 7746 325 199 126 7421 7385
is_linear=0
shrinkage=0.08


Tree=167
num_leaves=14
num_cat=0
split_feature=24 43 33 33 52 50 24 52 43 33 15 42 52
split_gain=0.3673 1.33412 2.25838 1.59996 1.05 1.19012 0.972935 0.799477 1.30278 1.4221 0.855806 1.47695 0.771779
threshold=227.09226226806643 -0.97335553169250477 56.090867996215827 59.949033737182624 207.40458679199222 62.500000000000007 176.24404907226565 57.321111679077156 0.95642796158790599 57.41413879394532 0.029788772575557235 0.63405361771583568 22.289999961853031
decision_type=2 2 2 2 2 2 2 2 2 2 2 2 2
left_child=1 2 -1 -4 5 -3 -6 10 9 -9 11 -2 -12
right_child=7 4 3 -5 6 -7 -8 8 -10 -11 12 -13 -14
leaf_value=-0.14630051801879965 0.001305317614302055 -0.0041890866265121927 0.25480980093122241 -0.23317124471680362 -0.013898463079836904 0.59034087561276594 -0.14266241309936603 0.010308283676882732 -0.1355455973624646 0.084270669422580796 0.00070441939665890632 1.4753616887608001 -0.027310278647749441
leaf_weight=50 137 2017 49 41 50 63 38 200 31 90 4432 52 614
leaf_count=50 137 2017 49 41 50 63 38 200 31 90 4432 52 614
internal_value=-0.00012206 -0.000970117 -0.00851064 -0.000879121 -0.000479484 -0.000115329 -0.00898876 0.00023034 0.00409938 0.0057732 -7.63942e-06 0.00526316 -0.000206063
internal_weight=7864 2308 140 90 2168 2080 88 5556 321 290 5235 189 5046
internal_count=7864 2308 140 90 2168 2080 88 5556 321 290 5235 189 5046
is_linear=0
shrinkage=0.08


Tree=168
num_leaves=11
num_cat=0
split_feature=52 14 12 24 52 59 29 52 52 50
split_gain=0.380631 1.20996 1.42027 1.0794 0.686904 1.07984 1.34462 0.669772 2.55332 2.19732
threshold=192.00611114501956 702.00000000000011 402.93750000000006 268.59226989746099 49.750555038452156 93.500000000000014 589.89971923828136 29.831250190734867 26.97500038146973 49.500000000000007
decision_type=2 2 2 2 2 2 2 2 2 2
left_child=4 -2 3 -3 7 6 -6 8 -1 -9
right_child=1 2 -4 -5 5 -7 -8 9 -10 -11
leaf_value=-0.0019548644775825609 -0.15004252097417381 -0.005566430191497336 -0.10965301451483804 0.23176467623797009 0.30219942489328216 -0.033600029572303784 0.02366558866269159 -0.00033180851699412986 0.20234719094888534 -0.11379185386373714
leaf_weight=6681 30 108 36 49 33 39 280 338 160 110
leaf_count=6681 30 108 36 49 33 39 280 338 160 110
internal_value=-0.000142403 -0.00339286 -0.00103093 0.00227848 -4.71081e-05 0.00339943 0.00496815 -0.000213992 -1.75387e-05 -0.00320713
internal_weight=7864 223 193 157 7641 352 313 7289 6841 448
internal_count=7864 223 193 157 7641 352 313 7289 6841 448
is_linear=0
shrinkage=0.08


Tree=169
num_leaves=12
num_cat=0
split_feature=52 14 12 53 52 36 42 55 52 50 52
split_gain=0.371161 0.821533 0.949386 0.78902 0.383106 1.20906 1.52572 0.854681 0.517142 2.51921 2.069
threshold=192.00611114501956 702.00000000000011 402.93750000000006 15.500000000000002 57.321111679077156 18.000000000000004 0.63405361771583568 10.691805839538576 29.831250190734867 49.500000000000007 26.97500038146973
decision_type=2 2 2 2 2 2 2 2 2 2 2
left_child=4 -2 3 -3 8 7 -7 -6 10 -10 -1
right_child=1 2 -4 -5 5 6 -8 -9 9 -11 -12
leaf_value=-0.0017984753193759674 -0.13803911929623991 -0.0080715237550080584 -0.10088077335365099 0.054017110244458169 -0.10947513189820025 0.0064871277979681001 0.18746586025545259 0.12280212354304106 0.0016589692973152381 -0.1100426050630825 0.18615941567297456
leaf_weight=6681 30 94 36 63 88 78 56 66 389 123 160
leaf_count=6681 30 94 36 63 88 78 56 66 389 123 160
internal_value=-0.00018309 -0.00339286 -0.0014433 0.00126582 -8.89819e-05 0.00276817 0.0082963 -0.00206452 -0.000201251 -0.00265107 -1.75387e-05
internal_weight=7864 223 193 157 7641 288 134 154 7353 512 6841
internal_count=7864 223 193 157 7641 288 134 154 7353 512 6841
is_linear=0
shrinkage=0.08


Tree=170
num_leaves=15
num_cat=0
split_feature=33 40 31 47 58 49 12 24 42 14 23 14 12 12
split_gain=0.402288 1.4753 2.51702 1.99383 2.00187 1.27122 1.18207 1.06096 0.702248 3.05201 2.08196 1.92327 0.897215 1.62585
threshold=49.202127456665046 0.14210525900125506 0.49727766215801245 1.0000000180025095e-35 3.7754167318344121 1.7129166722297671 241.78125000000003 238.69791412353518 -0.72947329282760609 1329.5000000000002 22.666944503784183 803.50000000000011 229.30208587646487 401.41667175292974
decision_type=2 2 2 2 2 2 2 2 2 2 2 2 2 2
left_child=1 2 5 7 -5 -1 -4 -3 9 11 -11 -2 -10 -14
right_child=8 3 6 4 -6 -7 -8 -9 12 10 -12 -13 13 -15
leaf_value=0.30704927628880585 0.01018298653648241 0.0089917879350396041 0.076451906914613621 0.16254073202031344 -0.12931359168974496 1.0985802399008704 -0.11366423051854369 -0.043659581171087362 -0.018137594349620572 -0.055198466947096916 0.0066184174178466294 0.26746983475098524 0.046853389968158583 -0.010609480327518241
leaf_weight=106 155 187 34 386 123 43 47 318 2439 276 495 119 1474 1662
leaf_count=106 155 187 34 386 123 43 47 318 2439 276 495 119 1474 1662
internal_value=-0.000162746 0.00115663 0.00692641 -0.000157635 0.00337255 0.0130667 -0.00439024 -0.00371542 -0.000410814 0.0014914 -0.00108808 0.00872727 -0.000767575 0.00012751
internal_weight=7864 1244 230 1014 509 149 81 505 6620 1045 771 274 5575 3136
internal_count=7864 1244 230 1014 509 149 81 505 6620 1045 771 274 5575 3136
is_linear=0
shrinkage=0.08


Tree=171
num_leaves=14
num_cat=0
split_feature=11 43 43 40 16 15 60 49 58 15 49 49 50
split_gain=0.424378 1.39473 1.30354 1.28454 1.84931 1.23616 0.86387 0.561283 1.25335 0.987791 0.895314 0.841477 0.574072
threshold=3.4815278053283696 -0.88144907355308522 -0.84874749183654774 0.54210525751113903 42.25505447387696 6.7142710685729989 1.0000000180025095e-35 99.903614044189467 0.0048611110541969546 0.34845486283302313 79.912918090820327 495.31680297851568 164.50000000000003
decision_type=2 2 2 2 2 2 2 2 2 2 2 2 2
left_child=7 3 -3 4 -2 -5 -4 10 11 -10 12 -9 -1
right_child=1 2 6 5 -6 -7 -8 8 9 -11 -12 -13 -14
leaf_value=0.00099871438306413656 -0.013183407337342032 -0.1638075393088817 0.17940796502297601 0.41326129540858342 2.5787187748925908 0.0007715783179580171 -0.014211136001126189 -0.19151584556216145 0.14357157765130676 -0.027888655794075418 0.10474354003110445 0.0068973951929996247 -0.13183166240650365
leaf_weight=5572 174 41 55 41 33 33 1461 86 60 120 52 33 103
leaf_count=5572 174 41 55 41 33 33 1461 86 60 120 52 33 103
internal_value=-0.000284806 -0.00134856 -0.00228498 0.00382979 0.000576923 0.0128 -0.00189848 3.98208e-05 -0.00333333 0.000883978 0.00021648 -0.00966667 0.000119803
internal_weight=7864 1838 1557 281 207 74 1516 6026 299 180 5727 119 5675
internal_count=7864 1838 1557 281 207 74 1516 6026 299 180 5727 119 5675
is_linear=0
shrinkage=0.08


Tree=172
num_leaves=15
num_cat=0
split_feature=11 59 40 59 55 1 58 21 53 40 21 34 42 25
split_gain=0.537419 0.750152 1.23866 1.374 0.993479 1.48103 1.34654 0.842937 0.694254 1.68057 2.45763 1.71886 1.03419 1.05184
threshold=3.4815278053283696 23.500000000000004 0.50000000000000011 100.50000000000001 4.9659721851348886 891.00906372070324 14.912221908569338 4.237896442413331 57.500000000000007 0.54210525751113903 2.9456396102905278 48.175102233886726 0.99892947077751171 638.27709960937511
decision_type=2 2 2 2 2 2 2 2 2 2 2 2 2 2
left_child=8 4 7 -4 5 -2 -6 -3 12 11 -11 -10 -1 -14
right_child=1 2 3 -5 6 -7 -8 -9 9 10 -12 -13 13 -15
leaf_value=0.00091881723241893809 5.4372337149573017e-05 0.28091685012406936 0.29885087692850276 -0.0037907971685340416 -0.046307390396245936 -0.034951653789558369 0.053625693277766423 -0.042614121934333581 0.012489332427584827 -0.12213929354204521 0.15973706031893528 -0.086347558486860126 -0.052333039764866668 0.15422495895984498
leaf_weight=5236 977 92 47 30 353 118 72 149 159 56 177 317 30 51
leaf_count=5236 977 92 47 30 353 118 72 149 159 56 177 317 30 51
internal_value=-0.000325493 -0.00152257 0.00200627 0.0107692 -0.00226167 -0.000985401 -0.00553991 -0.000826446 3.98208e-05 -0.00230986 0.00324786 -0.00503145 0.000353516 0.00926829
internal_weight=7864 1838 318 77 1520 1095 425 241 6026 709 233 476 5317 81
internal_count=7864 1838 318 77 1520 1095 425 241 6026 709 233 476 5317 81
is_linear=0
shrinkage=0.08


Tree=173
num_leaves=10
num_cat=0
split_feature=52 42 24 34 11 11 40 42 14
split_gain=0.617105 1.51569 2.25821 1.13434 0.549952 0.855219 0.659302 0.639152 0.630871
threshold=192.00611114501956 0.09796465560793878 268.59226989746099 49.298881530761726 3.4815278053283696 3.5252777338027959 0.99473685026168834 0.41248606145381933 9997.5000000000018
decision_type=2 2 2 2 2 2 2 2 2
left_child=4 -2 3 -3 6 -6 8 -7 -1
right_child=1 2 -4 -5 5 7 -8 -9 -10
leaf_value=0.00013104825739645775 -0.029813792431068381 -0.0052652388500710502 0.32109998445379306 -0.14284811950933526 -0.17130939887426663 0.0011829946497392285 -0.048282608181656812 -0.023343661855946964 0.038782418331844752
leaf_weight=5388 54 70 49 50 39 905 47 842 420
leaf_count=5388 54 70 49 50 39 905 47 842 420
internal_value=-0.000325493 -0.00446429 -0.000705882 -0.00661157 -0.000204135 -0.00143257 0.000170765 -0.00116705 0.000247891
internal_weight=7864 223 169 120 7641 1786 5855 1747 5808
internal_count=7864 223 169 120 7641 1786 5855 1747 5808
is_linear=0
shrinkage=0.08


Tree=174
num_leaves=8
num_cat=0
split_feature=56 49 33 40 25 58 58
split_gain=0.431147 0.382095 0.90599 1.17693 0.593215 1.22436 0.790252
threshold=316.50000000000006 116.05777740478517 59.031658172607429 0.38421052694320684 1084.679138183594 0.89222222566604625 1.923611104488373
decision_type=2 2 2 2 2 2 2
left_child=1 4 3 -3 6 -6 -1
right_child=-2 2 -4 -5 5 -7 -8
leaf_value=0.0057104610596673136 -0.02407289424997032 -0.0058311966556269116 0.1555131696765423 -0.14246210908869358 -0.02397936125958303 0.073065258062245841 -0.010252054379223522
leaf_weight=3786 43 195 32 103 819 253 2633
leaf_count=3786 43 195 32 103 819 253 2633
internal_value=-0.000284806 -0.000240348 -0.0029003 -0.00428094 -0.000122798 -0.00186393 0.000168224
internal_weight=7864 7821 330 298 7491 1072 6419
internal_count=7864 7821 330 298 7491 1072 6419
is_linear=0
shrinkage=0.08


Tree=175
num_leaves=9
num_cat=0
split_feature=52 53 15 58 42 15 40 40
split_gain=0.44057 1.0825 0.436882 0.922068 0.786459 0.541983 1.58343 0.999366
threshold=668.38665771484386 36.500000000000007 35.729955673217781 6.4143054485321054 0.47114434838294988 13.963298797607424 0.7947368621826173 0.85789471864700328
decision_type=2 2 2 2 2 2 2 2
left_child=2 -2 5 4 -4 7 -7 -1
right_child=1 -3 3 -5 -6 6 -8 -9
leaf_value=-0.0008677848251576137 0.069186402738156835 -0.032443860388921809 -0.053122442406238458 0.092494832783406769 -0.32634657594013944 2.4947456949533378e-05 0.060142623763262862 -0.025415893541643086
leaf_weight=5721 31 32 48 39 32 1132 259 570
leaf_count=5721 31 32 48 39 32 1132 259 570
internal_value=-0.000264463 -0.006875 -0.000210203 -0.005 -0.00987654 -0.000135364 0.0012931 -0.000451367
internal_weight=7864 63 7801 119 80 7682 1391 6291
internal_count=7864 63 7801 119 80 7682 1391 6291
is_linear=0
shrinkage=0.08


Tree=176
num_leaves=9
num_cat=0
split_feature=52 33 36 49 49 33 49 40
split_gain=0.627791 1.02651 0.436615 0.610123 0.396505 1.20484 0.820697 0.255045
threshold=668.38665771484386 53.765544891357429 1618.5000000000002 0.83333334326744091 116.05777740478517 59.031658172607429 79.912918090820327 0.61578947305679332
decision_type=2 2 2 2 2 2 2 2
left_child=2 -2 4 7 6 -6 -1 -4
right_child=1 -3 3 -5 5 -7 -8 -9
leaf_value=-0.00020491001907141815 0.027614433840738757 -0.037499522633312597 -0.042668824311914016 0.014266892396385416 -0.051513839455343595 0.15663635742096746 0.076153377942011227 -0.025219990242881629
leaf_weight=7221 30 33 75 44 291 36 98 36
leaf_count=7221 30 33 75 44 291 36 98 36
internal_value=-0.000233948 -0.008125 -0.000169187 -0.00435897 -8.3693e-05 -0.00280488 3.82514e-05 -0.0075
internal_weight=7864 63 7801 155 7646 327 7319 111
internal_count=7864 63 7801 155 7646 327 7319 111
is_linear=0
shrinkage=0.08


Tree=177
num_leaves=14
num_cat=0
split_feature=31 56 12 25 53 24 55 47 42 58 43 29 58
split_gain=0.500579 1.19747 1.76696 2.40857 1.53088 1.14936 0.747202 1.69725 3.13567 2.4818 1.0634 1.90664 1.64012
threshold=0.43471743166446691 8.5000000000000018 130.50000000000003 811.04263305664074 125.50000000000001 334.90327453613287 32.701805114746101 1.0000000180025095e-35 0.91037613153457653 24.995416641235355 0.58216583728790294 47.687221527099616 26.024305343627933
decision_type=2 2 2 2 2 2 2 2 2 2 2 2 2
left_child=6 4 -3 -4 5 -2 10 8 -8 -9 11 -1 -12
right_child=1 2 3 -5 -6 -7 7 9 -10 -11 12 -13 -14
leaf_value=-0.093849855859949122 0.004221939667313386 0.066656395380541231 -0.014240539448047294 -0.20109974729268743 -0.1053698216315944 -0.059693396804199675 0.15297265229343709 0.01393101243599233 -0.10164515912333968 -0.15415082850537362 -0.0082787892527426271 0.0057381906792443619 -0.090472827862949426
leaf_weight=72 2167 47 248 87 30 187 212 233 55 50 1189 3122 165
leaf_count=72 2167 47 248 87 30 187 212 233 55 50 1189 3122 165
internal_value=-0.000203433 -0.00106975 -0.00522193 -0.0072619 -0.000402516 -0.000169851 0.000266719 0.003049 0.00761194 -0.00126761 -7.03451e-05 0.000726135 -0.00194834
internal_weight=7864 2766 382 335 2384 2354 5098 550 267 283 4548 3194 1354
internal_count=7864 2766 382 335 2384 2354 5098 550 267 283 4548 3194 1354
is_linear=0
shrinkage=0.08


Tree=178
num_leaves=14
num_cat=0
split_feature=31 56 12 25 53 24 43 34 15 30 43 35 23
split_gain=0.467725 1.21421 1.76696 2.40857 1.53671 1.00425 0.620943 2.0543 1.68305 1.33214 1.19037 1.49138 1.01536
threshold=0.43471743166446691 8.5000000000000018 130.50000000000003 811.04263305664074 125.50000000000001 334.90327453613287 0.58216583728790294 50.80134582519532 0.083504058420658125 0.79017856717109691 0.41248606145381933 166.3434753417969 22.188472747802738
decision_type=2 2 2 2 2 2 2 2 2 2 2 2 2
left_child=6 4 -3 -4 5 -2 10 8 -8 -9 11 -1 -12
right_child=1 2 3 -5 -6 -7 7 9 -10 -11 12 -13 -14
leaf_value=-0.013603409366949678 0.0038841844939283021 0.061323883750097966 -0.013101296292203557 -0.18501176750927242 -0.096940235901066846 -0.054917925059863711 0.25333834087909402 0.0087195394383390128 -0.034565447952249251 0.10137958762063107 0.23258447383268874 0.010203571154174895 0.020154547723220732
leaf_weight=1027 2167 47 248 87 30 187 100 260 1064 112 53 2228 254
leaf_count=1027 2167 47 248 87 30 187 100 260 1064 112 53 2228 254
internal_value=-0.000203433 -0.00104084 -0.00522193 -0.0072619 -0.000368973 -0.000135881 0.00025103 -0.00109304 -0.00274678 0.00407507 0.000830761 0.000380835 0.00558442
internal_weight=7864 2766 382 335 2384 2354 5098 1536 1164 372 3562 3255 307
internal_count=7864 2766 382 335 2384 2354 5098 1536 1164 372 3562 3255 307
is_linear=0
shrinkage=0.08


Tree=179
num_leaves=12
num_cat=0
split_feature=11 43 25 58 43 1 51 40 52 43 59
split_gain=0.632328 0.70553 1.02907 1.13902 0.878181 1.94303 1.34559 0.648502 0.659506 1.77333 0.593098
threshold=3.4619444608688359 -0.9103761315345763 995.79223632812511 1.4231944084167483 -0.68322628736495961 205.4767761230469 1.0000000180025095e-35 0.99473685026168834 207.40458679199222 0.72947329282760631 36.500000000000007
decision_type=2 2 2 2 2 2 2 2 2 2 2
left_child=7 2 3 -2 5 -3 -6 8 10 -10 -1
right_child=1 4 -4 -5 6 -7 -8 -9 9 -11 -12
leaf_value=0.0046902725304266823 -0.014038030034203839 -0.0080855549038008866 0.26282038414298492 0.11973501354760366 0.055715901922485073 -0.088868180748730388 -0.012735650116742494 -0.043043998236746366 0.00014712868644675581 -0.18841184282478332 -0.015490268282574106
leaf_weight=4879 146 176 33 78 187 64 1250 47 112 37 855
leaf_count=4879 146 176 33 78 187 64 1250 47 112 37 855
internal_value=-0.000315321 -0.00157106 0.00232558 0.000355556 -0.00216925 -0.006639 -0.00141864 9.44192e-05 0.000169952 -0.00506667 0.000306888
internal_weight=7864 1934 257 224 1677 240 1437 5930 5883 149 5734
internal_count=7864 1934 257 224 1677 240 1437 5930 5883 149 5734
is_linear=0
shrinkage=0.08


Tree=180
num_leaves=13
num_cat=0
split_feature=11 25 49 40 42 58 58 58 59 53 50 50
split_gain=0.443445 0.655799 1.19198 1.91306 1.47213 1.0864 2.19166 1.4648 0.614443 1.37272 0.600668 0.652197
threshold=3.685416698455811 1031.3113403320315 0.013472222257405521 0.81578946113586437 -0.77259656786918629 1.923611104488373 0.21069443970918658 2.4055554866790776 115.50000000000001 91.500000000000014 143.50000000000003 127.50000000000001
decision_type=2 2 2 2 2 2 2 2 2 2 2 2
left_child=1 5 3 -3 -4 6 -1 -7 10 -10 11 -2
right_child=8 2 4 -5 -6 7 -8 -9 9 -11 -12 -13
leaf_value=0.0049302319924140652 -0.011702587269660615 -0.0079683494525335519 0.08323864646968844 -0.03149246562406964 -0.0017500624214154216 -0.096586344545884092 0.16998113506895382 -0.0054587660775870005 -0.0038284373295170938 0.18555930767056991 0.18396066476312314 -0.24749037317474262
leaf_weight=2401 1471 586 78 119 635 79 318 1999 50 33 57 38
leaf_count=2401 1471 586 78 119 635 79 318 1999 50 33 57 38
internal_value=-0.000264463 4.5045e-05 -0.00146582 -0.00379603 0.000840336 0.000491872 0.00154412 -0.000885041 -0.0014303 0.0052381 -0.00178685 -0.00209272
internal_weight=7864 6215 1418 705 713 4797 2719 2078 1649 83 1566 1509
internal_count=7864 6215 1418 705 713 4797 2719 2078 1649 83 1566 1509
is_linear=0
shrinkage=0.08


Tree=181
num_leaves=15
num_cat=0
split_feature=11 49 53 53 59 59 55 53 30 43 47 42 15 34
split_gain=0.43708 0.673644 1.28034 1.4647 1.00903 0.88108 0.658215 0.532573 1.42389 1.80517 1.04295 0.842124 1.15 0.743537
threshold=3.4815278053283696 26.657777786254886 82.500000000000014 47.500000000000007 128.50000000000003 107.50000000000001 23.340971946716312 57.500000000000007 0.72172617912292492 -0.97335553169250477 1.0000000180025095e-35 0.99892947077751171 0.85260421037673961 51.763793945312507
decision_type=2 2 2 2 2 2 2 2 2 2 2 2 2 2
left_child=7 4 3 -3 5 -2 -4 11 10 -10 -9 13 -13 -1
right_child=1 2 6 -5 -6 -7 -8 8 9 -11 -12 12 -14 -15
leaf_value=-0.0017914294290523713 -0.012281357535497223 0.020356579869394979 0.27463300383379108 -0.3156383429987662 -0.071142568567531761 0.15039138217049441 0.032425048249127432 -0.069256978902625693 -0.24621802703118945 0.0044267557216704743 -0.003462985993864898 -0.0097292935959372075 0.19722511426206255 0.019738258181065938
leaf_weight=4242 1413 233 53 44 31 31 33 53 54 565 37 31 50 994
leaf_count=4242 1413 233 53 44 31 31 33 53 54 565 37 31 50 994
internal_value=-0.000356008 -0.00143556 0.00164835 -0.00100719 -0.00219512 -0.00188235 0.0101149 -2.65472e-05 -0.00208451 -0.000709677 -0.0114286 0.000248214 0.00829268 0.000122207
internal_weight=7864 1838 363 277 1475 1444 86 6026 709 619 90 5317 81 5236
internal_count=7864 1838 363 277 1475 1444 86 6026 709 619 90 5317 81 5236
is_linear=0
shrinkage=0.08


Tree=182
num_leaves=15
num_cat=0
split_feature=2 42 13 0 2 53 50 50 34 60 50 50 55 55
split_gain=0.441284 1.19677 1.43638 1.68096 0.849884 1.28194 1.46881 0.793243 0.757892 0.881729 0.62224 1.13255 0.780647 0.617456
threshold=1122.5000000000002 -0.84874749183654774 410.13825988769537 426.45834350585943 860.50000000000011 78.500000000000014 59.500000000000007 67.500000000000014 57.004980087280281 1.0000000180025095e-35 55.500000000000007 81.500000000000014 1.6808333396911623 1.0000000180025095e-35
decision_type=2 2 2 2 2 2 2 2 2 2 2 2 2 2
left_child=4 2 -2 -4 10 6 -6 -7 9 -3 12 -12 -1 -10
right_child=1 8 3 -5 5 7 -8 -9 13 -11 11 -13 -14 -15
leaf_value=0.0061439154089707416 0.25591757691613254 0.18933635815785552 -0.028813355179283864 0.013705984040486428 0.020742687527115323 0.024391175346590899 0.12213764529859134 -0.054545926012946777 -0.29313531307574037 -0.010194763808824519 -0.081799549273901706 -0.0023064946725948232 -0.0097396988803203407 -0.10728882384699424
leaf_weight=2562 48 79 59 106 354 51 153 87 36 1571 202 638 1884 34
leaf_count=2562 48 79 59 106 354 51 153 87 36 1571 202 638 1884 34
internal_value=-0.000294978 -0.00134436 0.00429907 0.000722892 4.72016e-05 0.00278638 0.00464567 -0.00402878 -0.00204532 -0.00169594 -0.000287498 -0.002283 8.99483e-05 -0.0101408
internal_weight=7864 1933 213 165 5931 645 507 138 1720 1650 5286 840 4446 70
internal_count=7864 1933 213 165 5931 645 507 138 1720 1650 5286 840 4446 70
is_linear=0
shrinkage=0.08


Tree=183
num_leaves=15
num_cat=0
split_feature=59 47 33 24 49 23 58 58 45 36 22 42 52 15
split_gain=0.436063 3.39245 1.85759 1.51104 1.4069 1.11612 0.974709 0.816002 1.02265 1.22322 0.894716 1.06719 0.827775 0.70839
threshold=118.50000000000001 1.0000000180025095e-35 57.401607513427741 411.58334350585943 29.763888359069828 21.994444847106937 34.952915191650398 15.37055540084839 0.81174489855766307 309.50000000000006 8.4824109077453631 0.41248606145381933 0.020694443956017498 35.729955673217781
decision_type=2 2 2 2 2 2 2 2 2 2 2 2 2 2
left_child=7 2 6 -4 5 -3 -2 10 9 -9 13 -12 -10 -1
right_child=1 4 3 -5 -6 -7 -8 8 12 -11 11 -13 -14 -15
leaf_value=0.0014458403227237682 0.058653949316456927 -0.09372089281274612 0.30340284514693394 0.00074236693104992927 -0.27412308707554628 0.028007253596000013 -0.16754973496655751 -0.031088170936322934 -0.25567196545529247 0.2277923118260145 -0.00029052057544330266 -0.08114191073635979 -0.029447856762617308 -0.093466354710945471
leaf_weight=5795 60 65 92 35 41 124 49 1063 31 128 138 114 35 94
leaf_count=5795 60 65 92 35 41 124 49 1063 31 128 138 114 35 94
internal_value=-0.000315321 0.00205567 0.00877637 0.0153125 -0.00484848 -0.00189474 0.00109091 -0.000464928 -0.00232114 -0.00177852 -8.4663e-05 -0.00474308 -0.0119403 0.00011545
internal_weight=7864 466 236 127 230 189 109 7398 1257 1191 6141 252 66 5889
internal_count=7864 466 236 127 230 189 109 7398 1257 1191 6141 252 66 5889
is_linear=0
shrinkage=0.08


Tree=184
num_leaves=15
num_cat=0
split_feature=59 59 59 1 58 35 58 40 15 40 50 40 27 36
split_gain=0.387627 1.39133 1.63572 2.32504 1.44422 1.2309 1.50355 0.621168 2.4099 1.87378 1.38382 1.19413 1.35256 1.29021
threshold=7.5000000000000009 17.500000000000004 21.500000000000004 70.714389801025405 4.1056945323944101 165.94013977050784 115.53194427490236 0.85789471864700328 13.963298797607424 0.88947367668151867 86.500000000000014 0.77368420362472545 47.291233062744148 721.50000000000011
decision_type=2 2 2 2 2 2 2 2 2 2 2 2 2 2
left_child=7 5 3 -3 -4 -2 -7 11 9 -9 -10 12 -1 -13
right_child=1 2 4 -5 -6 6 -8 8 10 -11 -12 13 -14 -15
leaf_value=0.010014038524178872 -0.18620773699344009 -0.18599669721828341 -0.25623460081007815 0.21846019855847856 -0.0035427012185621364 -0.055627117844173173 1.0804848090540369 -0.032665697500975206 0.048862248015665272 -0.019059027315362301 0.29793388244766222 0.03300163162113165 -0.011761771220402296 -0.030652947511954666
leaf_weight=2780 50 30 50 59 1374 276 45 68 115 399 31 252 2301 34
leaf_count=2780 50 30 50 59 1374 276 45 68 115 399 31 252 2301 34
internal_value=-0.000315321 -0.00131565 -0.000237781 0.0102222 -0.000898246 -0.00569892 -0.00385093 0 -0.00241042 -0.00521368 0.00653061 0.000275708 -7.87092e-06 0.00529617
internal_weight=7864 1884 1513 89 1424 371 321 5980 613 467 146 5367 5081 286
internal_count=7864 1884 1513 89 1424 371 321 5980 613 467 146 5367 5081 286
is_linear=0
shrinkage=0.08


Tree=185
num_leaves=9
num_cat=0
split_feature=52 36 59 13 13 22 40 42
split_gain=0.428445 1.0825 0.387688 1.28723 1.31179 0.623797 0.802744 0.680715
threshold=668.38665771484386 5.5000000000000009 7.5000000000000009 1571.835876464844 1203.1984863281252 8.4824109077453631 0.85789471864700328 0.41248606145381933
decision_type=2 2 2 2 2 2 2 2
left_child=2 -2 5 4 -4 6 -1 -7
right_child=1 -3 3 -5 -6 7 -8 -9
leaf_value=0.0040421244057324661 -0.022504040637959657 0.014319921853494861 -0.012172625569738216 -0.45813351848282119 0.09050309932799451 6.5265025892813358e-05 -0.019665092795334359 -0.057767413924758045
leaf_weight=5101 32 31 1794 32 37 131 574 132
leaf_count=5101 32 31 1794 32 37 131 574 132
internal_value=-0.000356008 -0.006875 -0.000302487 -0.00130901 -0.0010262 1.34703e-05 0.000190275 -0.00378788
internal_weight=7864 63 7801 1863 1831 5938 5675 263
internal_count=7864 63 7801 1863 1831 5938 5675 263
is_linear=0
shrinkage=0.08


Tree=186
num_leaves=15
num_cat=0
split_feature=0 47 13 13 40 43 42 43 34 33 40 40 34 40
split_gain=0.33596 0.921199 1.83765 1.41805 2.94038 1.16076 0.79376 0.749019 0.466237 0.862273 2.21337 0.828931 1.33769 0.870514
threshold=726.00000000000011 1.0000000180025095e-35 1245.0412597656252 1299.5422363281252 0.3315789550542832 0.09796465560793878 -0.22695468366146085 -0.58216583728790272 49.826227188110359 49.202127456665046 0.6473684310913087 0.036842105910182006 49.155429840087898 0.34210526943206793
decision_type=2 2 2 2 2 2 2 2 2 2 2 2 2 2
left_child=8 3 7 4 -2 -5 -4 -3 11 10 -10 12 -1 -13
right_child=1 2 6 5 -6 -7 -8 -9 9 -11 -12 13 -14 -15
leaf_value=-0.075236837235254622 -0.079609800512960197 -0.0031699236721504675 -0.064467851129439854 -0.063272587084265697 0.042415818403850204 0.015124045916827526 0.021032362554490158 -0.16502002174908284 1.1569887300697816 -0.0083955964078768382 -0.045508651437065985 0.022058594480077503 0.17672376554237737 -0.0036164100598706206
leaf_weight=150 47 30 57 102 94 95 172 79 130 3005 42 1688 30 2143
leaf_count=150 47 30 57 102 94 95 172 79 130 3005 42 1688 30 2143
internal_value=-0.000305149 -0.00200886 -0.00495575 0.000943953 0.00704225 -0.00343434 -0.000869565 -0.0134545 -0.000144665 -0.000868471 0.00462428 0.000428714 -0.00486188 0.000678497
internal_weight=7864 676 338 338 141 197 229 109 7188 3177 172 4011 180 3831
internal_count=7864 676 338 338 141 197 229 109 7188 3177 172 4011 180 3831
is_linear=0
shrinkage=0.08


Tree=187
num_leaves=13
num_cat=0
split_feature=59 0 59 27 58 50 49 42 2 36 49 42
split_gain=0.347189 0.831481 0.96211 1.27708 1.13807 0.67404 1.97002 1.52584 1.34738 1.13769 2.11093 0.865768
threshold=4.5000000000000009 1037.9166259765627 17.500000000000004 19.584176063537601 4.1056945323944101 1.5000000000000002 0.29166665673255926 0.72947329282760631 2316.0000000000005 314.50000000000006 0.62805554270744335 0.98611506819725048
decision_type=2 2 2 2 2 2 2 2 2 2 2 2
left_child=5 2 3 -2 -4 9 7 -7 -8 11 -11 -1
right_child=1 -3 4 -5 -6 6 8 -9 -10 10 -12 -13
leaf_value=0.0016998589746756742 0.072746356497433745 0.046584742518835952 -0.21988035620540333 -0.055724302825462715 0.002198026861797864 0.72648179309779126 0.0055059124683886299 0.0081814563828711325 -0.05452987009197429 -0.040750961348913678 0.30963705042267242 -0.050036771306165309
leaf_weight=2612 103 36 63 533 1446 66 2140 58 226 385 39 157
leaf_count=2612 103 36 63 533 1446 66 2140 58 226 385 39 157
internal_value=-0.000223776 -0.00108158 -0.00128611 -0.00389325 -0.00018543 0.000105559 0.00109193 0.01088 0.000574567 -0.000663745 -0.00451765 -7.22022e-05
internal_weight=7864 2181 2145 636 1509 5683 2490 124 2366 3193 424 2769
internal_count=7864 2181 2145 636 1509 5683 2490 124 2366 3193 424 2769
is_linear=0
shrinkage=0.08


Tree=188
num_leaves=8
num_cat=0
split_feature=24 33 42 52 30 56 28
split_gain=0.354651 0.335342 1.29888 0.787676 0.440913 0.629317 0.328929
threshold=720.84225463867199 31.187319755554203 -0.16280825436115262 0.061249999329447753 0.47023808956146246 5.5000000000000009 178.96363830566409
decision_type=2 2 2 2 2 2 2
left_child=1 2 -1 -4 5 -3 -6
right_child=-2 4 3 -5 6 -7 -8
leaf_value=0.19510321006000972 0.026170685503543324 0.16365118167313428 -0.26865975851612173 -0.01617481125496166 0.00019052934936723831 -0.07250987266379412 -0.0101030032059424
leaf_weight=39 48 129 30 42 4542 37 2997
leaf_count=39 48 129 30 42 4542 37 2997
internal_value=-0.000254291 -0.000296789 -0.00464286 -0.0109589 -0.000233584 0.00383234 -0.000323607
internal_weight=7864 7816 111 72 7705 166 7539
internal_count=7864 7816 111 72 7705 166 7539
is_linear=0
shrinkage=0.08


Tree=189
num_leaves=15
num_cat=0
split_feature=25 58 23 50 55 12 55 59 59 59 58 9 10 49
split_gain=0.292435 1.24298 1.57844 2.00576 1.50882 1.22192 1.64297 1.10785 0.541695 1.59222 1.16178 1.11533 0.662898 2.19349
threshold=1084.679138183594 1.0026388764381411 23.326666831970218 8.5000000000000018 0.83513888716697704 279.15625000000006 1.8755555748939516 5.5000000000000009 7.5000000000000009 17.500000000000004 4.1056945323944101 0.11046296358108522 1.2682927250862124 20.899305343627933
decision_type=2 2 2 2 2 2 2 2 2 2 2 2 2 2
left_child=8 2 3 -2 -4 6 -3 -7 12 11 -11 -10 -1 -14
right_child=1 5 4 -5 -6 7 -8 -9 9 10 -12 -13 13 -15
leaf_value=0.0052051026840742413 -0.07022202431990579 0.39874699713907918 -0.002138827013719933 0.059352030926466737 0.28850998361678204 -0.12254097305412852 -0.052657325471608375 0.1352681791449237 -0.004295980729725422 -0.20819533025930476 0.0027556353721128702 -0.09725952213362056 -0.00012348109647689398 -0.16930586288532071
leaf_weight=4414 397 99 286 91 66 68 62 31 140 63 1424 207 437 79
leaf_count=4414 397 99 286 91 66 68 62 31 140 63 1424 207 437 79
internal_value=-0.00024412 -0.00145322 -0.00294887 -0.00588957 0.00113314 0.00337165 0.00765432 -0.0036 -4.73023e-05 -0.00122071 -8.06452e-05 -0.00609195 0.000389373 -0.00232108
internal_weight=7864 1100 840 488 352 260 161 99 6764 1834 1487 347 4930 516
internal_count=7864 1100 840 488 352 260 161 99 6764 1834 1487 347 4930 516
is_linear=0
shrinkage=0.08


Tree=190
num_leaves=15
num_cat=0
split_feature=34 40 52 34 58 26 40 42 16 12 40 55 12 12
split_gain=0.32196 1.29965 1.38094 1.98923 0.830588 1.75166 1.4548 0.693014 1.11265 0.924682 2.09007 0.861974 0.772983 0.559179
threshold=49.050018310546882 0.047368422150611884 10.15916681289673 46.552421569824226 2.6202777624130253 8652.5000000000018 0.41578947007656103 -0.98611506819725026 20.116421699523929 248.52083587646487 0.9421052634716035 143.3948669433594 422.70832824707037 261.14582824707037
decision_type=2 2 2 2 2 2 2 2 2 2 2 2 2 2
left_child=1 2 3 -1 6 -6 -3 8 13 10 -9 -11 -10 -2
right_child=7 4 -4 -5 5 -7 -8 9 12 11 -12 -13 -14 -15
leaf_value=0.0027012046638761333 -0.041177388831879096 0.068441661947644269 0.09664141503778495 -0.19188126775843908 -0.036893448706843732 0.029785156802556258 -0.0018203052403927701 -0.0087767904328362074 -0.10113641271568266 0.0058237057129919383 -0.14155333991117344 -0.10820331188300038 0.12736760097357916 -0.22053537069904827
leaf_weight=62 30 959 53 89 790 379 1120 1831 32 2318 79 55 30 37
leaf_count=62 30 959 53 89 790 379 1120 1831 32 2318 79 55 30 37
internal_value=-0.000254291 0.000324356 -0.00585366 -0.00973684 0.000714066 -0.000991453 0.00167308 -0.000707002 -0.00646154 -0.000532213 -0.00184197 0.000522325 0.00126984 -0.0135294
internal_weight=7864 3452 204 151 3248 1169 2079 4412 129 4283 1910 2373 62 67
internal_count=7864 3452 204 151 3248 1169 2079 4412 129 4283 1910 2373 62 67
is_linear=0
shrinkage=0.08


Tree=191
num_leaves=12
num_cat=0
split_feature=12 43 30 23 55 40 42 52 44 50 50
split_gain=0.382869 1.32363 1.91237 2.36923 0.833073 0.709293 0.688878 2.23771 0.655032 1.53048 0.686635
threshold=397.91667175292974 0.97335553169250499 0.80505952239036571 22.5026388168335 192.39902496337893 0.75263157486915599 0.99892947077751171 10.15916681289673 0.87837970256805431 103.50000000000001 227.00000000000003
decision_type=2 2 2 2 2 2 2 2 2 2 2
left_child=6 4 3 -3 5 -2 8 -8 10 -10 -1
right_child=1 2 -4 -5 -6 -7 7 -9 9 -11 -12
leaf_value=-0.0051324089670237074 -0.009011467122330856 0.38432256443832929 0.18083408150811686 -0.050429187060232437 -0.089712953578925503 0.010294519333978656 0.14370377554945696 -0.22335188326504393 0.018605574995054219 -0.18390974319449194 0.63682997985175394
leaf_weight=4441 1738 31 55 91 39 375 58 30 915 53 38
leaf_count=4441 1738 31 55 91 39 375 58 30 915 53 38
internal_value=-0.000152575 -0.00101288 0.00561798 0 -0.00156061 -0.00134342 0.000209538 0.00719101 9.54479e-05 0.00198142 -0.0003125
internal_weight=7864 2329 177 122 2152 2113 5535 88 5447 968 4479
internal_count=7864 2329 177 122 2152 2113 5535 88 5447 968 4479
is_linear=0
shrinkage=0.08


Tree=192
num_leaves=14
num_cat=0
split_feature=0 40 13 40 47 52 31 52 47 55 56 18 56
split_gain=0.53491 0.733732 1.71867 1.10183 0.915574 0.72655 0.40033 0.600304 1.28055 0.704118 0.471303 1.20978 0.742314
threshold=726.00000000000011 0.12105263024568559 1433.8816528320315 0.17368421703577044 1.0000000180025095e-35 3.56333339214325 0.49871392548084265 1.0000000180025095e-35 1.0000000180025095e-35 0.46361111104488378 160.50000000000003 0.34375000000000006 148.50000000000003
decision_type=2 2 2 2 2 2 2 2 2 2 2 2 2
left_child=6 2 -2 -3 -5 -4 10 9 -9 -8 12 -12 -1
right_child=1 3 5 4 -6 -7 7 8 -10 -11 11 -13 -14
leaf_value=0.0007057252306287865 -0.19180709135737403 0.1486908828193774 0.062783227573466813 0.0054291556277391356 -0.024832914625476654 -0.03413797332446656 -0.037482317103919929 -0.16405138780376782 0.24258367530933606 0.085806493594154917 -0.058506999827084488 0.11753757597209927 0.058613430313251128
leaf_weight=6773 37 42 46 254 262 35 89 31 33 53 123 40 46
leaf_count=6773 37 42 46 254 262 35 89 31 33 53 123 40 46
internal_value=-0.000213605 -0.00236337 -0.00806723 -0.0011449 -0.00216634 -0.00146341 -1.11281e-05 -0.00347826 -0.00984615 -0.000559441 9.16512e-05 -0.00414634 0.000193548
internal_weight=7864 676 118 558 516 81 7188 206 64 142 6982 163 6819
internal_count=7864 676 118 558 516 81 7188 206 64 142 6982 163 6819
is_linear=0
shrinkage=0.08


Tree=193
num_leaves=11
num_cat=0
split_feature=27 49 55 59 59 59 59 49 59 42
split_gain=0.399511 1.02882 0.661414 0.908635 0.568959 1.26351 1.24687 1.11495 0.636073 0.496807
threshold=95.229000091552749 16.056388854980472 1.0000000180025095e-35 54.500000000000007 132.50000000000003 126.50000000000001 138.50000000000003 34.378055572509773 7.5000000000000009 -0.35206145048141474
decision_type=2 2 2 2 2 2 2 2 2 2
left_child=4 2 9 -4 5 8 -6 -8 -1 -2
right_child=1 -3 3 -5 6 -7 7 -9 -10 -11
leaf_value=0.0001554968013664393 -0.21826547686907546 0.26800830492880001 0.3928316172826351 -0.029790549735449333 0.065208171458168498 -0.18002525262040195 0.023461473563247636 -0.1393110036234009 -0.016578451538263438 0.00022123801038489432
leaf_weight=5891 40 58 54 97 33 36 216 30 1372 37
leaf_count=5891 40 58 54 97 33 36 216 30 1372 37
internal_value=-0.000142403 0.00278746 0.000349345 0.00342105 -0.000253332 -0.000389041 0.00328571 0.00129555 -0.000313877 -0.00564103
internal_weight=7864 286 228 151 7578 7299 279 246 7263 77
internal_count=7864 286 228 151 7578 7299 279 246 7263 77
is_linear=0
shrinkage=0.08


Tree=194
num_leaves=15
num_cat=0
split_feature=0 53 43 42 0 56 58 59 59 35 59 42 52 49
split_gain=0.579419 1.10445 1.47534 0.914962 0.726638 1.14539 0.692116 0.375667 1.09812 1.47926 1.08668 0.623075 1.13069 0.791642
threshold=726.00000000000011 7.5000000000000009 -0.35206145048141474 0.2269546836614609 1275.5000000000002 1.5000000000000002 2.8006944656372075 7.5000000000000009 17.500000000000004 165.94013977050784 21.500000000000004 0.99892947077751171 10.15916681289673 226.23944091796878
decision_type=2 2 2 2 2 2 2 2 2 2 2 2 2 2
left_child=7 4 -3 -4 6 -6 -2 11 9 -9 -10 13 -13 -1
right_child=1 2 3 -5 5 -7 -8 8 10 -11 -12 12 -14 -15
leaf_value=0.0015247930239204878 -0.0034596168466242716 0.14316230425844659 -0.018307846090296495 -0.13835255597953031 0.033249304154927016 -0.027328421213687584 -0.10503104457933286 -0.15909122358970873 0.090599145866296388 -0.047686004135163385 -0.0042941540868693551 0.095786109092090899 -0.056153742801696861 -0.091202626605742021
leaf_weight=5144 343 30 32 47 108 44 72 48 89 298 1416 53 30 110
leaf_count=5144 343 30 32 47 108 44 72 48 89 298 1416 53 30 110
internal_value=-0.00024412 -0.00248154 -0.00981818 -0.0155 -0.00105634 0.00366013 -0.00278846 -3.33843e-05 -0.00101512 -0.00507205 -7.96813e-05 0.000307231 0.00714286 0.000197907
internal_weight=7864 676 109 79 567 152 415 7188 1851 346 1505 5337 83 5254
internal_count=7864 676 109 79 567 152 415 7188 1851 346 1505 5337 83 5254
is_linear=0
shrinkage=0.08


Tree=195
num_leaves=11
num_cat=0
split_feature=15 58 42 43 14 40 0 43 22 43
split_gain=0.436207 0.922068 0.786459 0.430328 1.93728 1.4098 1.37821 0.846149 2.10351 1.55397
threshold=35.729955673217781 6.4143054485321054 0.47114434838294988 -0.97335553169250477 1218.5000000000002 0.48947368562221533 42.333332061767585 -0.9103761315345763 6.829303741455079 -0.84874749183654774
decision_type=2 2 2 2 2 2 2 2 2 2
left_child=3 2 -2 4 5 -1 -6 8 -5 -9
right_child=1 -3 -4 7 6 -7 -8 9 -10 -11
leaf_value=0.021016429342605107 -0.026826670057842287 0.11124401580468657 -0.26851180774781463 -0.051866244741550285 0.25909052355286216 -0.13352802675860029 -0.0079613097864533588 -0.04284256233739029 0.076705655896906533 0.000394021429539535
leaf_weight=43 48 39 32 125 76 118 292 317 323 6451
leaf_count=43 48 39 32 125 76 118 292 317 323 6451
internal_value=-0.000213605 -0.005 -0.00987654 -0.000139427 -0.00233962 -0.00962963 0.000867209 2.21699e-05 0.0033853 -0.000200916
internal_weight=7864 119 80 7745 529 161 368 7216 448 6768
internal_count=7864 119 80 7745 529 161 368 7216 448 6768
is_linear=0
shrinkage=0.08


Tree=196
num_leaves=15
num_cat=0
split_feature=0 53 43 45 42 42 42 53 49 53 30 40 14 40
split_gain=0.42828 0.622722 1.07988 0.642149 0.575787 0.681689 0.441546 0.388231 1.04879 1.54895 1.38998 0.556503 1.40884 0.705751
threshold=726.00000000000011 7.5000000000000009 -0.35206145048141474 1.0000000180025095e-35 -0.84874749183654774 -0.58216583728790272 -0.95642796158790577 47.500000000000007 27.175556182861332 80.500000000000014 0.69196426868438732 1.0000000180025095e-35 2038.5000000000002 0.015789474360644821
decision_type=2 2 2 2 2 2 2 2 2 2 2 2 2 2
left_child=7 4 -3 -4 6 -6 -2 11 10 -10 -9 12 -1 -13
right_child=1 2 3 -5 5 -7 -8 8 9 -11 -12 13 -14 -15
leaf_value=0.17683628132887072 -0.0071165933068179756 0.13201201145204741 -0.12069500503365863 -0.12731587321553103 -0.038141754312753733 -0.0025108814571291305 0.06166821577406701 -0.090751698787250562 -0.1749853100875518 0.12003694104482492 -0.0084238621051267865 -0.09399400125622559 -0.014263407203409741 0.0011018750614108796
leaf_weight=32 31 30 40 39 59 440 37 65 91 187 780 72 39 5922
leaf_count=32 31 30 40 39 59 440 37 65 91 187 780 72 39 5922
internal_value=-0.000203433 -0.00212703 -0.00763636 -0.0125 -0.00105634 -0.002 0.0057971 -2.22562e-05 -0.0013879 0.00286738 -0.0027896 0.000230795 0.00722222 0.000146789
internal_weight=7864 676 109 79 567 499 68 7188 1123 278 845 6065 71 5994
internal_count=7864 676 109 79 567 499 68 7188 1123 278 845 6065 71 5994
is_linear=0
shrinkage=0.08


Tree=197
num_leaves=15
num_cat=0
split_feature=53 42 47 15 17 42 16 35 53 25 27 58 40 14
split_gain=0.455013 1.03635 2.30942 2.05859 2.05805 1.84601 1.38742 1.31192 0.483694 2.58156 1.93962 1.35096 0.762748 1.09315
threshold=47.500000000000007 0.41248606145381933 1.0000000180025095e-35 3.1787904500961308 12.054583549499513 0.72947329282760631 25.808290481567386 167.41152954101565 15.500000000000002 455.98236083984381 54.403757095336921 0.039027778431773193 1.0000000180025095e-35 2686.5000000000005
decision_type=2 2 2 2 2 2 2 2 2 2 2 2 2 2
left_child=8 2 4 -4 -2 6 -3 -7 12 11 -11 -10 13 -1
right_child=1 5 3 -5 -6 7 -8 -9 9 10 -12 -13 -14 -15
leaf_value=0.19432433907674379 -0.14077937449671063 -0.019109003430702601 0.13489088469931926 -0.11588591403160364 0.090833340717369287 0.0041067646041867082 -0.25605688954550376 -0.13754643942264747 0.057257414375251586 0.13348574948771061 -0.01436508046989843 -0.15001617780814552 -0.0010845022024026498 -0.019662532647416527
leaf_weight=39 31 106 36 233 280 342 79 76 37 288 87 44 6150 36
leaf_count=39 31 106 36 233 280 342 79 76 37 288 87 44 6150 36
internal_value=-0.000142403 -0.00158784 0.000826162 -0.00459259 0.00551282 -0.00390728 -0.0105376 -0.000954654 0.000113738 0.00262582 0.00542553 -0.0102439 -7.06714e-05 0.00789474
internal_weight=7864 1183 580 269 311 603 185 418 6681 456 375 81 6225 75
internal_count=7864 1183 580 269 311 603 185 418 6681 456 375 81 6225 75
is_linear=0
shrinkage=0.08


Tree=198
num_leaves=12
num_cat=0
split_feature=31 42 58 56 33 42 33 34 33 49 52
split_gain=0.354131 0.7596 0.673721 0.732041 0.484451 1.3796 3.13344 2.39597 0.376725 1.48149 0.422657
threshold=0.49811403453350073 -0.52778512239456166 49.027360916137702 5.5000000000000009 48.60083198547364 -0.81241145730018605 32.721704483032234 48.34856033325196 50.393751144409187 9.9052782058715838 48.003889083862312
decision_type=2 2 2 2 2 2 2 2 2 2 2
left_child=4 -2 3 -3 5 6 -1 -7 9 -6 -10
right_child=1 2 -4 -5 8 7 -8 -9 10 -11 -12
leaf_value=0.75972961555010909 0.060017521597548439 -0.014109393587503015 -0.055528622042706442 -0.095995901381090473 -0.032139718252374293 0.0036852730777930985 -0.14773113466402676 1.0237137388641531 -0.0017138472557694407 0.27823215793111622 0.0064265136740997344
leaf_weight=31 50 198 30 46 279 494 66 159 5986 61 464
leaf_count=31 50 198 30 46 279 494 66 159 5986 61 464
internal_value=-0.00012206 -0.00270769 -0.00436364 -0.00293878 -1.06087e-05 0.00191744 -0.00693878 0.00324159 -0.000223826 -0.00281525 -8.68082e-05
internal_weight=7864 324 274 244 7540 750 97 653 6790 340 6450
internal_count=7864 324 274 244 7540 750 97 653 6790 340 6450
is_linear=0
shrinkage=0.08


Tree=199
num_leaves=7
num_cat=0
split_feature=40 3 59 59 50 55
split_gain=0.342799 1.15197 0.33023 0.419471 2.09368 0.568064
threshold=0.99473685026168834 0.0059953704476356515 321.50000000000006 132.50000000000003 113.50000000000001 74.31333160400392
decision_type=2 2 2 2 2 2
left_child=2 -2 3 5 -5 -1
right_child=1 -3 -4 4 -6 -7
leaf_value=-0.0029830504070322661 -0.046033657165835233 0.041470551181060349 -0.041264095060441409 0.0041654706863198145 0.145165812877881 0.0079433612622090161
leaf_weight=7009 34 34 35 290 32 430
leaf_count=7009 34 34 35 290 32 430
internal_value=-0.00018309 -0.0057971 -0.000133385 -9.79129e-05 0.00272446 -0.00022043
internal_weight=7864 68 7796 7761 322 7439
internal_count=7864 68 7796 7761 322 7439
is_linear=0
shrinkage=0.08


Tree=200
num_leaves=13
num_cat=0
split_feature=28 49 42 49 25 56 49 42 12 54 9 43
split_gain=0.349312 1.1677 2.76767 0.996519 0.918557 1.70556 1.64399 1.45437 2.38149 1.46214 1.19306 0.855028
threshold=178.96363830566409 192.15180206298831 0.52778512239456188 116.05777740478517 803.09976196289074 5.5000000000000009 1.9425000548362734 0.97335553169250499 107.53125000000001 1.0000000180025095e-35 0.75510418415069591 0.58216583728790294
decision_type=2 2 2 2 2 2 2 2 2 2 2 2
left_child=1 3 -3 11 7 10 -7 9 -9 -2 -6 -1
right_child=4 2 -4 -5 5 6 -8 8 -10 -11 -12 -13
leaf_value=0.0042841552599284681 0.40287947301677668 -0.088661036012770617 0.44838650730208768 -0.19550667593602269 -0.0011019165810618682 -0.030855442038013034 -0.14750479968505364 0.28993547993797403 -0.13992116572216545 0.0021038128152462577 -0.073455426484621014 -0.011755013120971297
leaf_weight=3170 118 40 33 50 658 93 48 65 208 1911 116 1354
leaf_count=3170 118 40 33 50 658 93 48 65 208 1911 116 1354
internal_value=-0.000142403 0.000301205 0.0102703 0.000139891 -0.000783095 -0.00292576 -0.0109859 6.94746e-05 -0.00540146 0.000807882 -0.00144516 0.000265193
internal_weight=7864 4647 73 4574 3217 915 141 2302 273 2029 774 4524
internal_count=7864 4647 73 4574 3217 915 141 2302 273 2029 774 4524
is_linear=0
shrinkage=0.08


Tree=201
num_leaves=13
num_cat=0
split_feature=0 56 56 55 43 1 55 40 49 58 58 55
split_gain=0.424931 1.00214 1.18652 1.18094 0.67811 0.569827 2.04144 2.26436 1.03146 0.601778 2.20637 1.79952
threshold=29.000000000000004 132.50000000000003 88.500000000000014 123.81999969482423 -0.47114434838294977 40.895647048950202 0.061805555596947677 0.50000000000000011 0.18500000238418582 33.761249542236335 29.314582824707035 7.0499999523162851
decision_type=2 2 2 2 2 2 2 2 2 2 2 2
left_child=1 2 3 -1 -4 6 8 -8 -2 10 -7 -11
right_child=5 -3 4 -5 -6 9 7 -9 -10 11 -12 -13
leaf_value=-0.010782773772909593 0.17079802808384764 0.29399564079238999 -0.17926622439626391 0.56498182180379763 -0.05291056532277754 -0.0023541348327370316 0.01792826726237081 -0.18506300388247596 0.0066165391967901149 -0.016274840800272729 -0.089443202101717176 0.10716141469955147
leaf_weight=984 178 41 36 31 43 5315 350 81 85 384 101 235
leaf_count=984 178 41 36 31 43 5315 350 81 85 384 101 235
internal_value=-0.000223776 -0.00165493 -0.00211872 -0.00137795 -0.0115 1.78306e-05 0.00218705 -0.0012037 0.00772727 -0.000231942 -0.000502123 0.00212903
internal_weight=7864 1135 1094 1015 79 6729 694 431 263 6035 5416 619
internal_count=7864 1135 1094 1015 79 6729 694 431 263 6035 5416 619
is_linear=0
shrinkage=0.08


Tree=202
num_leaves=12
num_cat=0
split_feature=14 42 49 58 55 17 59 16 42 28 22
split_gain=0.415212 1.80737 1.9871 0.809971 0.350059 1.92068 1.55411 1.39797 1.23117 2.91291 1.21431
threshold=114.50000000000001 0.72947329282760631 3.1497222185134892 1.0000000180025095e-35 0.089166667312383666 3.1838889122009282 1.5000000000000002 0.81875732541084301 -0.22695468366146085 33.636706352233894 8.6014518737792987
decision_type=2 2 2 2 2 2 2 2 2 2 2
left_child=1 2 3 -1 5 6 -2 -7 9 -6 -10
right_child=4 -3 -4 -5 8 7 -8 -9 10 -11 -12
leaf_value=-0.02419677556182151 0.02762118007375727 -0.10429456705507349 0.17786651543204016 0.17110019920322309 0.64730003819979565 -0.087075241520308003 0.58057489548744601 -0.0061742558207191853 -0.00076458522857251413 0.010091405938297769 -0.06378448424080603
leaf_weight=50 170 39 37 31 32 91 76 3663 2959 645 71
leaf_count=50 170 39 37 31 32 91 76 3663 2959 645 71
internal_value=-0.00024412 -0.0043038 0.000672269 -0.00634146 -0.000160872 -0.00067983 0.00615385 -0.00112916 0.000399137 0.00348083 -0.000290333
internal_weight=7864 157 118 81 7707 4000 246 3754 3707 677 3030
internal_count=7864 157 118 81 7707 4000 246 3754 3707 677 3030
is_linear=0
shrinkage=0.08


Tree=203
num_leaves=11
num_cat=0
split_feature=0 52 49 33 52 50 21 50 49 40
split_gain=0.44896 0.872529 0.709184 1.49188 1.32878 0.518727 1.62102 0.481501 1.46984 1.32934
threshold=29.000000000000004 100.61805343627931 7.5352778434753427 53.304681777954109 0.30041667819023138 174.50000000000003 3.9072656631469731 3.5000000000000004 0.29166665673255926 0.85789471864700328
decision_type=2 2 2 2 2 2 2 2 2 2
left_child=1 2 4 -4 -1 7 -7 9 -9 -2
right_child=5 -3 3 -5 -6 6 -8 8 -10 -11
leaf_value=-0.01256820557535864 0.0001227337430134412 -0.12087566926784274 0.030892770625073212 -0.12706064420050595 0.094925456456288193 -0.33296048094835379 0.064498798024606424 1.0082776697945575 0.003063058805294503 -0.026672791177298764
leaf_weight=571 3715 32 59 193 280 55 54 43 2451 411
leaf_count=571 3715 32 59 193 280 55 54 43 2451 411
internal_value=-0.000254291 -0.00172535 -0.00134058 -0.00505929 -0.000234742 -5.94354e-06 -0.00545455 8.45794e-05 0.000961924 -0.000445844
internal_weight=7864 1135 1103 252 851 6729 109 6620 2494 4126
internal_count=7864 1135 1103 252 851 6729 109 6620 2494 4126
is_linear=0
shrinkage=0.08


Tree=204
num_leaves=12
num_cat=0
split_feature=14 42 49 58 55 16 52 55 43 50 55
split_gain=0.527587 1.68505 2.16624 0.972572 0.407192 1.29008 1.57096 1.17748 2.52625 0.988028 0.946181
threshold=114.50000000000001 0.72947329282760631 3.1497222185134892 1.0000000180025095e-35 0.089166667312383666 0.37635099887847906 0.0054166666232049474 1.0045833587646487 -0.84874749183654774 4.5000000000000009 1.1422222256660464
decision_type=2 2 2 2 2 2 2 2 2 2 2
left_child=1 2 3 -1 5 6 -2 8 -6 -7 -9
right_child=4 -3 -4 -5 7 9 -8 10 -10 -11 -12
leaf_value=-0.022713078767126263 1.0796264462066478 -0.10354503820717068 0.16464265064350569 0.15841763971299391 -0.11674214218822915 -0.015175461554936681 -0.015098675934043515 -0.17058640396702465 0.08812941666291757 0.0044165125214711762 0.00015166244844504463
leaf_weight=50 111 39 37 31 52 2575 74 31 390 1240 3234
leaf_count=50 111 39 37 31 52 2575 74 31 390 1240 3234
internal_value=-0.000233948 -0.00481013 0 -0.00731707 -0.000140114 -0.000699825 0.00580645 0.000463862 0.00433409 -0.00101677 -6.1237e-05
internal_weight=7864 157 118 81 7707 4000 185 3707 442 3815 3265
internal_count=7864 157 118 81 7707 4000 185 3707 442 3815 3265
is_linear=0
shrinkage=0.08


Tree=205
num_leaves=12
num_cat=0
split_feature=14 42 49 58 22 49 42 40 55 42 58
split_gain=0.504387 1.24345 1.30289 0.809971 0.408326 1.42789 1.33311 1.00529 0.730751 1.08561 0.970263
threshold=114.50000000000001 0.72947329282760631 3.1497222185134892 1.0000000180025095e-35 8.3082089424133319 15.767638683319094 0.68322628736495983 0.78421053290367138 0.089166667312383666 -0.98611506819725026 99.653888702392592
decision_type=2 2 2 2 2 2 2 2 2 2 2
left_child=1 2 3 -1 8 6 -6 -7 10 -10 -2
right_child=4 -3 -4 -5 5 7 -8 -9 9 -11 -12
leaf_value=-0.020896032465756206 -0.011428411899846332 -0.095261435150597013 0.15147123859202538 0.1457442285359544 0.020275500937916462 -0.061949717330055026 -0.014003530792214995 0.065507240244053119 -0.10318024151348169 0.0021618140774469197 0.19070199437000981
leaf_weight=50 3362 39 37 31 400 209 203 40 48 3315 130
leaf_count=50 3362 39 37 31 400 209 203 40 48 3315 130
internal_value=-0.000335664 -0.00481013 -0.000672269 -0.00634146 -0.000243902 0.0014068 0.00350993 -0.00368 -0.000449242 0.00039239 -0.00125966
internal_weight=7864 157 118 81 7707 852 603 249 6855 3363 3492
internal_count=7864 157 118 81 7707 852 603 249 6855 3363 3492
is_linear=0
shrinkage=0.08


Tree=206
num_leaves=11
num_cat=0
split_feature=14 42 58 47 22 55 42 56 13 53
split_gain=0.752918 1.04485 1.12767 1.11074 0.408326 1.08134 0.965508 0.702558 1.39224 0.820111
threshold=114.50000000000001 0.72947329282760631 1.0000000180025095e-35 1.0000000180025095e-35 8.3082089424133319 36.127500534057624 -0.95642796158790577 2.5000000000000004 1911.3279418945315 41.500000000000007
decision_type=2 2 2 2 2 2 2 2 2 2
left_child=1 2 3 -1 7 6 -6 9 -9 -2
right_child=4 -3 -4 -5 5 -7 -8 8 -10 -11
leaf_value=0.078948408402862505 -0.005684855608921637 -0.087640520338549244 0.19936932023456627 -0.021835992525251698 0.019799946323287545 -0.11853502231436026 0.0042943355106907074 0.0046935258780948178 -0.53474572962821088 -0.01857936337038325
leaf_weight=38 3943 39 41 39 38 44 770 2413 38 461
leaf_count=38 3943 39 41 39 38 44 770 2413 38 461
internal_value=-0.000356008 -0.00582278 -0.00201681 -0.00769231 -0.000243902 0.0014068 0.00207664 -0.000449242 0.000636215 -0.00105335
internal_weight=7864 157 118 77 7707 852 808 6855 2451 4404
internal_count=7864 157 118 77 7707 852 808 6855 2451 4404
is_linear=0
shrinkage=0.08


Tree=207
num_leaves=11
num_cat=0
split_feature=14 42 58 47 28 43 52 24 34 43
split_gain=0.614829 1.14208 0.990196 0.890224 0.453147 1.76547 1.68792 1.6774 1.12386 0.958552
threshold=114.50000000000001 0.72947329282760631 1.0000000180025095e-35 1.0000000180025095e-35 148.632438659668 -0.68322628736495961 350.27223205566412 325.23809814453131 53.266767501831062 -0.58216583728790272
decision_type=2 2 2 2 2 2 2 2 2 2
left_child=1 2 3 -1 6 7 9 -6 -7 -2
right_child=4 -3 -4 -5 5 8 -8 -9 -10 -11
leaf_value=0.072632535730633524 0.012150065893380848 -0.080629278711465316 0.183419774615801 -0.020089113123231642 -0.039865297245349041 0.0060480118453125446 0.085521053214013251 -0.15004846226946925 -0.056587847861138421 -0.0024206646034821678
leaf_weight=38 1242 39 41 39 801 2459 36 57 192 2920
leaf_count=38 1242 39 41 39 801 2459 36 57 192 2920
internal_value=-0.000376351 -0.00531646 -0.00134454 -0.00666667 -0.000275039 -0.000945869 0.000285782 -0.00409779 7.54148e-05 0.000134518
internal_weight=7864 157 118 77 7707 3509 4198 858 2651 4162
internal_count=7864 157 118 77 7707 3509 4198 858 2651 4162
is_linear=0
shrinkage=0.08


Tree=208
num_leaves=11
num_cat=0
split_feature=14 42 58 47 22 55 53 12 40 9
split_gain=0.622451 1.14208 0.990196 0.890224 0.408326 1.08134 0.860424 0.6095 1.9179 0.713847
threshold=114.50000000000001 0.72947329282760631 1.0000000180025095e-35 1.0000000180025095e-35 8.3082089424133319 36.127500534057624 63.500000000000007 229.30208587646487 0.9736841917037965 0.12706018984317782
decision_type=2 2 2 2 2 2 2 2 2 2
left_child=1 2 3 -1 7 6 -6 8 -2 -9
right_child=4 -3 -4 -5 5 -7 -8 9 -10 -11
leaf_value=0.066821932872182827 -0.0067254189187236696 -0.074178936414548077 0.16874619264653695 -0.018481984073373214 0.003456091646024291 -0.10919731441888463 0.037440330417139761 0.014625439655765292 -0.098830819722664456 -0.0044432113590374914
leaf_weight=38 2784 39 41 39 721 44 87 1606 84 2381
leaf_count=38 2784 39 41 39 721 44 87 1606 84 2381
internal_value=-0.000345836 -0.00531646 -0.00134454 -0.00666667 -0.000243902 0.0014068 0.00207664 -0.000449242 -0.00133845 0.000190572
internal_weight=7864 157 118 77 7707 852 808 6855 2868 3987
internal_count=7864 157 118 77 7707 852 808 6855 2868 3987
is_linear=0
shrinkage=0.08


Tree=209
num_leaves=15
num_cat=0
split_feature=28 43 24 28 56 43 11 59 58 43 40 43 35 14
split_gain=0.453659 1.07014 1.5205 1.12044 1.13234 1.01833 0.948641 0.911083 1.05532 3.22735 1.27633 0.905772 4.01788 1.11892
threshold=135.33777618408206 -0.68322628736495961 325.23809814453131 488.86331176757818 9.5000000000000018 0.35206145048141485 2.9245833158493046 11.500000000000002 5.57694435119629 -0.52778512239456166 0.46842105686664587 -0.58216583728790272 166.18847656250003 856.00000000000011
decision_type=2 2 2 2 2 2 2 2 2 2 2 2 2 2
left_child=7 2 6 4 -3 -5 -2 11 9 -9 -10 12 -1 -13
right_child=1 3 -4 5 -6 -7 -8 8 10 -11 -12 13 -14 -15
leaf_value=-0.081699719487483474 -0.011738434182754673 0.00026628897724455312 -0.13750655177441382 0.14468350688655371 -0.035030635710073615 -0.0040054841449021338 -0.044936785256883889 -0.29159376885141369 -0.032204957048832625 -0.011406807172713869 0.018275617888347712 0.022946545477938115 0.070703563109477591 -0.0028492685128699291
leaf_weight=204 590 1986 57 188 456 172 267 43 387 110 316 313 765 2010
leaf_count=204 590 1986 57 188 456 172 267 43 387 110 316 313 765 2010
internal_value=-0.000305149 -0.000947 -0.0033224 -0.000171245 -0.000785919 0.00398892 -0.00247086 0.000269945 -0.00205368 -0.00805195 -0.000738636 0.000874582 0.00292784 1.72117e-05
internal_weight=7864 3716 914 2802 2442 360 857 4148 856 153 703 3292 969 2323
internal_count=7864 3716 914 2802 2442 360 857 4148 856 153 703 3292 969 2323
is_linear=0
shrinkage=0.08


Tree=210
num_leaves=12
num_cat=0
split_feature=14 42 58 47 35 40 5 40 52 59 52
split_gain=0.755724 0.703678 0.878367 0.685096 0.442259 0.866048 2.64628 1.07145 0.65711 1.55522 1.34892
threshold=114.50000000000001 0.72947329282760631 1.0000000180025095e-35 1.0000000180025095e-35 167.05430603027347 0.85789471864700328 70.977775573730483 0.54210525751113903 25.929861068725589 50.500000000000007 22.8529167175293
decision_type=2 2 2 2 2 2 2 2 2 2 2
left_child=1 2 3 -1 8 7 -7 -6 10 -10 -2
right_child=4 -3 -4 -5 5 6 -8 -9 9 -11 -12
leaf_value=0.057730173898911379 0.00026051700982046458 -0.068265924619563809 0.15522519411663446 -0.018839148985738633 -0.011535374611547411 -0.0033921766462135139 -0.13425558169363386 0.011387781389377807 0.044526644186698265 -0.032565091025309842 -0.12698633262831727
leaf_weight=38 4156 39 41 39 1797 209 44 605 619 173 104
leaf_count=38 4156 39 41 39 1797 209 44 605 619 173 104
internal_value=-0.000345836 -0.00582278 -0.00268908 -0.00769231 -0.000233524 -0.00106928 -0.00551181 -0.000599251 0.000205818 0.0023203 -0.000187749
internal_weight=7864 157 118 77 7707 2655 253 2402 5052 792 4260
internal_count=7864 157 118 77 7707 2655 253 2402 5052 792 4260
is_linear=0
shrinkage=0.08


Tree=211
num_leaves=12
num_cat=0
split_feature=14 42 58 47 35 30 52 59 22 55 55
split_gain=0.625002 0.784095 0.757703 0.514583 0.47471 0.781033 1.01098 0.988273 0.625734 1.64328 1.37687
threshold=114.50000000000001 0.72947329282760631 1.0000000180025095e-35 1.0000000180025095e-35 167.05430603027347 0.68601191043853771 22.289999961853031 96.500000000000014 6.0558805465698251 740.88333129882824 22.552222251892093
decision_type=2 2 2 2 2 2 2 2 2 2 2
left_child=1 2 3 -1 8 7 -7 -6 10 -10 -2
right_child=4 -3 -4 -5 5 6 -8 -9 9 -11 -12
leaf_value=0.053111759986998519 0.0069468209582186444 -0.062804650649998697 0.14280717858730371 -0.017332017066879642 -0.034396358698371259 0.0016216766427473318 -0.022914524957769269 -0.18052035832625518 0.00020104145779562544 -0.094963722713910917 0.35082800957843502
leaf_weight=38 546 39 41 39 376 1799 450 30 4345 33 128
leaf_count=38 546 39 41 39 376 1799 450 30 4345 33 128
internal_value=-0.000335664 -0.00531646 -0.00201681 -0.00666667 -0.000233524 -0.0010994 -0.000515556 -0.00432432 0.000221651 -0.000127883 0.00248889
internal_weight=7864 157 118 77 7707 2655 2249 406 5052 4378 674
internal_count=7864 157 118 77 7707 2655 2249 406 5052 4378 674
is_linear=0
shrinkage=0.08


Tree=212
num_leaves=9
num_cat=0
split_feature=24 31 42 58 28 43 28 6
split_gain=0.358913 0.342197 0.810841 0.916805 0.423886 1.45445 0.358579 0.273023
threshold=720.84225463867199 0.49871392548084265 0.09796465560793878 0.21069443970918658 488.86331176757818 -0.84874749183654774 178.96363830566409 0.12500000372529033
decision_type=2 2 2 2 2 2 2 2
left_child=1 4 7 -4 6 -6 -1 -3
right_child=-2 2 3 -5 5 -7 -8 -9
leaf_value=0.00022113387916249396 0.010424467007561304 0.026851930585820388 -0.17747193519122101 -0.016021593634193837 -0.19606806162119042 0.15368905170988831 -0.012234330146136898 -0.0015747054090401492
leaf_weight=4599 48 38 67 113 59 264 2629 47
leaf_count=4599 48 38 67 113 59 264 2629 47
internal_value=-0.000294978 -0.000337725 -0.00315789 -0.00618785 -0.000238347 0.00259259 -0.000365196 0.00325581
internal_weight=7864 7816 265 180 7551 323 7228 85
internal_count=7864 7816 265 180 7551 323 7228 85
is_linear=0
shrinkage=0.08


Tree=213
num_leaves=15
num_cat=0
split_feature=12 43 27 27 59 47 59 49 42 23 40 34 40 43
split_gain=0.378753 0.892311 1.99061 2.13127 0.711077 1.45298 1.12377 0.653242 0.646301 2.32543 1.28828 0.791342 1.18419 0.884734
threshold=229.30208587646487 0.97335553169250499 31.950219154357914 11.08737087249756 117.50000000000001 1.0000000180025095e-35 111.50000000000001 3.3470833301544194 -0.97335553169250477 23.294860839843754 0.75263157486915599 45.416835784912116 0.32105262577533727 -0.16280825436115262
decision_type=2 2 2 2 2 2 2 2 2 2 2 2 2 2
left_child=1 4 3 -3 6 -6 -1 -4 9 10 -2 12 -10 -13
right_child=8 2 7 -5 5 -7 -8 -9 11 -11 -12 13 -14 -15
leaf_value=-0.0054629838562522794 -0.15178720968574738 -0.053112912704652848 -0.057522410701312962 0.19465192895438918 0.10509896415383409 -0.025974279914410873 -0.058604980079575597 -0.081235660147733674 -0.21138693634817812 0.026440251906954457 -0.010928237351089151 -0.0055196885610665448 0.0034861171879990139 0.012539862067393132
leaf_weight=2821 80 44 104 38 173 172 43 71 110 50 88 1806 151 2113
leaf_count=2821 80 44 104 38 173 172 43 71 110 50 88 1806 151 2113
internal_value=-0.000274634 -0.000899913 -0.00542636 0.00481928 -0.000535826 0.00289017 -0.000949389 -0.0102273 0.000218231 -0.00401826 -0.00852071 0.000440086 -0.00381679 0.00072449
internal_weight=7864 3466 257 82 3209 345 2864 175 4398 218 168 4180 261 3919
internal_count=7864 3466 257 82 3209 345 2864 175 4398 218 168 4180 261 3919
is_linear=0
shrinkage=0.08


Tree=214
num_leaves=9
num_cat=0
split_feature=53 50 33 50 17 55 58 40
split_gain=0.406481 1.25717 1.28229 1.07203 0.985145 0.957634 0.79986 0.79112
threshold=1.5000000000000002 227.00000000000003 68.641983032226577 241.50000000000003 96.631668090820327 0.0061111112590879211 793.11471557617199 0.85789471864700328
decision_type=2 2 2 2 2 2 2 2
left_child=3 2 4 6 -2 -4 7 -1
right_child=1 -3 5 -5 -6 -7 -8 -9
leaf_value=-0.00058106751913872051 0.0027025247228448278 0.56884322967000966 0.035011117507322637 -0.27637683532614576 -0.022206130248265767 1.2308191470750616 -0.15366790089490961 -0.017567571457349846
leaf_weight=3924 2415 36 36 35 791 31 40 556
leaf_count=3924 2415 36 36 35 791 31 40 556
internal_value=-0.000203433 0.000471299 0.000305437 -0.000693591 7.48363e-05 0.0111765 -0.000583942 -0.000482035
internal_weight=7864 3309 3273 4555 3206 67 4520 4480
internal_count=7864 3309 3273 4555 3206 67 4520 4480
is_linear=0
shrinkage=0.08


Tree=215
num_leaves=9
num_cat=0
split_feature=33 23 42 3 56 42 35 55
split_gain=0.460676 0.366479 1.15151 2.06431 1.48094 1.08487 2.23304 0.865449
threshold=74.112926483154311 22.527777671813968 0.68322628736495983 1.1906713247299197 69.500000000000014 -0.95642796158790577 165.71833801269534 167.87874603271487
decision_type=2 2 2 2 2 2 2 2
left_child=1 2 4 -4 -1 6 -3 -7
right_child=-2 5 3 -5 -6 7 -8 -9
leaf_value=-0.011821593787413534 -0.081611304626296427 -0.14657035639004828 -0.011721497588162251 0.11970437543611326 -0.10719003568001313 0.00034174673831948609 0.022239456360613447 -0.053423941958958283
leaf_weight=1571 50 45 734 290 165 4648 247 114
leaf_count=1571 50 45 734 290 165 4648 247 114
internal_value=-0.000264463 -0.000214971 -0.000956175 0.00117073 -0.00221071 0.000189911 0.00491468 -0.000100777
internal_weight=7864 7814 2760 1024 1736 5054 292 4762
internal_count=7864 7814 2760 1024 1736 5054 292 4762
is_linear=0
shrinkage=0.08


Tree=216
num_leaves=8
num_cat=0
split_feature=24 49 34 30 49 2 0
split_gain=0.352529 0.337159 1.25779 0.932756 0.556977 3.11432 0.468921
threshold=720.84225463867199 292.92056274414068 46.746641159057624 0.73065477609634411 192.15180206298831 613.50000000000011 726.00000000000011
decision_type=2 2 2 2 2 2 2
left_child=1 4 -3 -4 6 -6 -1
right_child=-2 2 3 -5 5 -7 -8
leaf_value=-0.00063962915031202884 0.0083437789646720259 -0.17599923882528451 0.041218034199557961 -0.053234159454689234 -0.10267650027281799 0.2129172653384527 -0.0092698734225857751
leaf_weight=6922 48 38 61 67 38 30 660
leaf_count=6922 48 38 61 67 38 30 660
internal_value=-0.000233948 -0.000276321 -0.00383234 0 -0.000198667 0.00695652 -0.000263748
internal_weight=7864 7816 166 128 7650 68 7582
internal_count=7864 7816 166 128 7650 68 7582
is_linear=0
shrinkage=0.08


Tree=217
num_leaves=8
num_cat=0
split_feature=24 14 42 55 43 6 43
split_gain=0.348304 0.319704 0.708641 0.54461 0.485299 2.47399 0.511066
threshold=720.84225463867199 114.50000000000001 0.72947329282760631 1.0000000180025095e-35 -0.99892947077751149 0.20833333581686023 -0.99465191364288319
decision_type=2 2 2 2 2 2 2
left_child=1 2 3 -1 5 -3 -6
right_child=-2 4 -4 -5 6 -7 -8
leaf_value=0.0034733527870105265 0.0076762766474982418 0.099115489530997247 -0.054954450441759235 -0.07866146218664391 -0.033715746586448478 -0.0722759163398424 -0.00093872804041154727
leaf_weight=63 48 47 39 55 146 31 7435
leaf_count=63 48 47 39 55 146 31 7435
internal_value=-0.000193261 -0.000235384 -0.00379747 -0.000672269 -0.00016188 0.00607595 -0.000226853
internal_weight=7864 7816 157 118 7659 78 7581
internal_count=7864 7816 157 118 7659 78 7581
is_linear=0
shrinkage=0.08


Tree=218
num_leaves=8
num_cat=0
split_feature=24 43 21 14 43 22 43
split_gain=0.349358 0.330965 1.77673 1.15445 0.683665 2.07429 1.19474
threshold=720.84225463867199 -0.97335553169250477 6.119215965270997 1218.5000000000002 -0.9103761315345763 7.64542579650879 -0.84874749183654774
decision_type=2 2 2 2 2 2 2
left_child=1 2 3 -1 5 -3 -6
right_child=-2 4 -4 -5 6 -7 -8
leaf_value=-0.099410138263279338 0.0070621745156984163 -0.020017960307186798 -0.094459385906117174 0.013218979514757692 -0.041362376674629074 0.13317466928492508 -0.00051328529921455866
leaf_weight=138 48 256 46 351 325 199 6501
leaf_count=138 48 256 46 351 325 199 6501
internal_value=-0.000203433 -0.000245619 -0.00216418 -0.000734694 -0.000104367 0.00289474 -0.000304673
internal_weight=7864 7816 535 489 7281 455 6826
internal_count=7864 7816 535 489 7281 455 6826
is_linear=0
shrinkage=0.08


Tree=219
num_leaves=15
num_cat=0
split_feature=25 42 35 0 52 52 0 50 56 56 12 12 42 49
split_gain=0.328755 1.21396 1.7945 1.78154 1.21171 1.37921 1.82099 1.24665 1.06824 1.22136 0.963163 1.05132 0.882682 0.682671
threshold=691.90817260742199 -0.41248606145381922 165.13056182861331 349.08332824707037 3.56333339214325 5.0506944656372079 726.00000000000011 7.5000000000000009 142.50000000000003 96.500000000000014 682.52084350585949 378.00000000000006 0.52778512239456188 5.4552776813507089
decision_type=2 2 2 2 2 2 2 2 2 2 2 2 2 2
left_child=1 2 -1 -4 10 7 -7 -6 9 -3 11 -2 -12 -10
right_child=4 8 3 -5 5 6 -8 -9 13 -11 12 -13 -14 -15
leaf_value=-0.064159362281657126 -0.0022497340140292012 -0.013810481568404268 0.097882546233370255 -0.012288203789808706 0.026104938219565652 0.010613646014708494 -0.027980143524058827 0.39009900522365626 0.34518603915979656 -0.062617590004257137 0.0021740560524773399 -0.01351503343942877 0.13954779294827377 -0.0075246898624320123
leaf_weight=81 1862 2286 423 280 90 1372 142 31 46 152 174 817 73 35
leaf_count=81 1862 2286 423 280 90 1372 142 31 46 152 174 817 73 35
internal_value=-0.000203433 -0.000811138 0.00193631 0.00323864 0.000236738 0.00198044 0.00132013 0.0101639 -0.00166667 -0.00196802 -0.000737957 -0.0011791 0.00403226 0.00731707
internal_weight=7864 3303 784 703 4561 1635 1514 121 2519 2438 2926 2679 247 81
internal_count=7864 3303 784 703 4561 1635 1514 121 2519 2438 2926 2679 247 81
is_linear=0
shrinkage=0.08


Tree=220
num_leaves=12
num_cat=0
split_feature=14 56 55 58 43 49 42 27 42 49 49
split_gain=0.423578 0.641986 1.49981 0.366831 1.24288 1.69108 1.11016 0.758123 1.36519 0.824726 0.331356
threshold=114.50000000000001 5.5000000000000009 0.18500000238418582 12.453333377838137 0.97335553169250499 1.3925000429153445 0.98611506819725048 82.805725097656264 -0.72947329282760609 292.92056274414068 0.0054166666232049474
decision_type=2 2 2 2 2 2 2 2 2 2 2
left_child=1 2 10 7 6 -6 -5 9 -9 -2 -1
right_child=3 -3 -4 4 5 -7 -8 8 -10 -11 -12
leaf_value=-0.012899250792780634 0.00052138430235515898 0.019501205161515271 -0.13783825565558711 0.00098215294593104511 0.0021994896620753934 -0.1021825926109191 -0.051700864776440626 0.53680154439361127 0.010636088406548368 -0.064121041582829039 0.18808379202530062
leaf_weight=38 5517 50 35 1503 51 52 162 53 271 98 34
leaf_count=38 5517 50 35 1503 51 52 162 53 271 98 34
internal_value=-0.000203433 -0.0043038 -0.00777778 -0.000119357 -0.00113058 -0.00961538 -0.00060024 0.000181818 0.00393846 -3.56125e-05 -0.00109589
internal_weight=7864 157 107 7707 1768 103 1665 5939 324 5615 72
internal_count=7864 157 107 7707 1768 103 1665 5939 324 5615 72
is_linear=0
shrinkage=0.08


Tree=221
num_leaves=11
num_cat=0
split_feature=14 58 55 23 42 56 56 43 55 47
split_gain=0.427792 0.586176 1.01414 0.36974 0.951099 1.75864 1.37911 0.915836 0.928666 0.30581
threshold=114.50000000000001 4.9423611164093026 1.0000000180025095e-35 22.527777671813968 0.68322628736495983 41.500000000000007 69.500000000000014 -0.99892947077751149 167.87874603271487 1.0000000180025095e-35
decision_type=2 2 2 2 2 2 2 2 2 2
left_child=1 2 9 4 6 -6 -2 -5 -9 -1
right_child=3 -3 -4 7 5 -7 -8 8 -10 -11
leaf_value=0.19603117642806947 -0.011089410104358564 0.031918004726091971 -0.064383363013522515 0.062198621756096778 -0.0026382991674557131 0.36460603586196383 -0.09815781486466818 0.0014585540447566814 -0.048914963270830114 -0.011630177252914962
leaf_weight=34 1571 42 50 50 876 148 165 4781 116 31
leaf_count=34 1571 42 50 50 876 148 165 4781 116 31
internal_value=-0.00018309 -0.0043038 -0.00724138 -9.85989e-05 -0.000840275 0.00109268 -0.00198043 0.000315279 0.000204165 -0.000606061
internal_weight=7864 157 115 7707 2760 1024 1736 4947 4897 65
internal_count=7864 157 115 7707 2760 1024 1736 4947 4897 65
is_linear=0
shrinkage=0.08


Tree=222
num_leaves=10
num_cat=0
split_feature=15 58 49 53 40 35 31 50 15
split_gain=0.334425 0.804167 0.577597 0.376298 0.992942 1.87303 0.893555 0.772102 0.774668
threshold=35.729955673217781 6.4143054485321054 0.23236110806465152 1.5000000000000002 0.87894737720489513 166.66694641113284 0.49871392548084265 241.50000000000003 10.620784282684328
decision_type=2 2 2 2 2 2 2 2 2
left_child=3 2 -2 7 6 -6 -5 8 -1
right_child=1 -3 -4 4 5 -7 -8 -9 -10
leaf_value=-0.0073203592109503295 -0.081334017138425016 0.10497936960461232 -0.052841778402477342 0.0021605450122371651 0.28648213162915054 -0.0079207471982962827 -0.058071077106659805 -0.25320388923253917 0.0062228797761688529
leaf_weight=3359 45 39 35 3024 69 103 67 35 1088
leaf_count=3359 45 39 35 3024 69 103 67 35 1088
internal_value=-0.000142403 -0.00433333 -0.00888889 -7.74593e-05 0.00057598 0.00647399 0.000245796 -0.000553201 -0.000458633
internal_weight=7864 119 80 7745 3263 172 3091 4482 4447
internal_count=7864 119 80 7745 3263 172 3091 4482 4447
is_linear=0
shrinkage=0.08


Tree=223
num_leaves=15
num_cat=0
split_feature=0 53 43 50 0 58 42 12 40 52 44 43 25 43
split_gain=0.353775 0.859785 1.71617 1.00763 1.41363 0.783834 0.669235 0.467316 0.883118 2.22926 1.01216 0.811906 2.45235 1.07439
threshold=726.00000000000011 7.5000000000000009 -0.35206145048141474 5.5000000000000009 762.33334350585949 14.234583377838137 0.52778512239456188 229.30208587646487 0.7947368621826173 2.7366666793823247 -0.60785761475563038 -0.84874749183654774 918.27221679687511 -0.72947329282760609
decision_type=2 2 2 2 2 2 2 2 2 2 2 2 2 2
left_child=7 3 -3 5 -5 -2 -4 8 10 -10 -1 12 -9 -13
right_child=1 2 6 4 -6 -7 -8 11 9 -11 -12 13 -14 -15
leaf_value=-0.039051903245616124 -0.0059902776755911095 0.11915574116066716 -0.048997289240279115 0.0001719405488775294 0.10836854451854269 -0.095739019827380006 -0.13496879588081775 -0.064143972112341602 -0.030658495942351562 0.056235960319266809 0.0017544943387171053 0.072037010643903165 0.12362178079000295 0.0053168702045178406
leaf_weight=441 371 30 45 119 40 37 34 377 333 88 2604 229 244 2872
leaf_count=441 371 30 45 119 40 37 34 377 333 88 2604 229 244 2872
internal_value=-0.000142403 -0.00189069 -0.00836364 -0.000633803 0.00475 -0.00273839 -0.0145 2.22562e-05 -0.000646092 -0.00407583 -0.000170716 0.000644641 -0.00199357 0.00117344
internal_weight=7864 676 109 567 159 408 79 7188 3466 421 3045 3722 621 3101
internal_count=7864 676 109 567 159 408 79 7188 3466 421 3045 3722 621 3101
is_linear=0
shrinkage=0.08


Tree=224
num_leaves=10
num_cat=0
split_feature=14 56 55 43 6 52 38 52 53
split_gain=0.342217 0.558067 1.18499 0.465935 1.80732 0.49579 0.938745 0.884396 0.235185
threshold=114.50000000000001 5.5000000000000009 0.18500000238418582 -0.99892947077751149 0.20833333581686023 44.845972061157234 1.0000000180025095e-35 38.605693817138679 3.5000000000000004
decision_type=2 2 2 2 2 2 2 2 2
left_child=1 2 8 4 -2 7 -7 -5 -1
right_child=3 -3 -4 5 -6 6 -8 -9 -10
leaf_value=0.010352142424251554 0.094862392331819215 0.019305756100942432 -0.12121525697227968 -0.00082521336395207539 -0.078856900451419784 0.015613484269776911 -0.052953687424412463 -0.060119857979143834 -0.012838945083159956
leaf_weight=41 47 50 35 6918 31 538 78 95 31
leaf_count=41 47 50 35 6918 31 538 78 95 31
internal_value=-0.000111888 -0.00379747 -0.00703704 -3.63259e-05 0.00607595 -9.96068e-05 0.00207455 -0.000290847 -0.00109589
internal_weight=7864 157 107 7707 78 7629 616 7013 72
internal_count=7864 157 107 7707 78 7629 616 7013 72
is_linear=0
shrinkage=0.08


Tree=225
num_leaves=12
num_cat=0
split_feature=14 53 43 40 43 13 40 52 40 25 56
split_gain=0.322047 1.15268 1.26375 2.58145 2.51725 0.551846 2.07701 0.890492 0.651975 1.97859 0.543766
threshold=9997.5000000000018 55.500000000000007 0.09796465560793878 0.35263158380985266 0.41248606145381933 862.85317993164074 0.9736841917037965 2.0381944179534917 0.9736841917037965 463.61230468750006 156.50000000000003
decision_type=2 2 2 2 2 2 2 2 2 2 2
left_child=5 2 3 -2 -4 8 7 -7 10 -10 -1
right_child=1 -3 4 -5 -6 6 -8 -9 9 -11 -12
leaf_value=0.0011816333086207464 -0.33518515840743929 -0.21939048370899905 0.95592174608593183 0.032030859886126424 0.020061962337398428 -0.01950655361996546 0.29252364851412543 0.0027586853627498444 0.12681999597161231 -0.041805063275677748 -0.049587467233560487
leaf_weight=5826 73 46 46 202 175 758 33 381 39 138 147
leaf_count=5826 73 46 46 202 175 758 33 381 39 138 147
internal_value=-0.000111888 0.00176796 0.00289738 -0.000724638 0.00738739 -0.000251263 -0.00184143 -0.00242105 5.20241e-05 -0.0047191 0.000194175
internal_weight=7864 542 496 275 221 7322 1172 1139 6150 177 5973
internal_count=7864 542 496 275 221 7322 1172 1139 6150 177 5973
is_linear=0
shrinkage=0.08


Tree=226
num_leaves=15
num_cat=0
split_feature=0 42 56 42 29 52 58 12 49 49 22 40 22 12
split_gain=0.403215 0.882501 1.42518 0.995208 1.34015 1.27623 0.955017 0.550845 0.937881 1.34572 0.971246 0.877846 2.33369 0.694943
threshold=726.00000000000011 0.93540480732917797 4.5000000000000009 0.68322628736495983 3213.7216796875005 0.020694443956017498 0.084444444626569762 229.30208587646487 292.92056274414068 192.15180206298831 6.6592116355896005 0.9421052634716035 7.5399601459503183 190.38541412353518
decision_type=2 2 2 2 2 2 2 2 2 2 2 2 2 2
left_child=7 3 6 5 -5 -2 -3 11 9 -9 -10 13 -13 -1
right_child=1 2 -4 4 -6 -7 -8 8 10 -11 -12 12 -14 -15
leaf_value=0.00019652011869212061 0.0013997187503656506 -0.095432182569699722 -0.26329074030775018 0.0018591459344050065 0.84955623501921396 -0.060709536507460415 0.04778656942081435 0.0049046399153908739 0.030043458943993854 0.14006656167315171 -0.26377576383094209 -0.071853056251291 0.0050376118318768807 -0.017571215276411964
leaf_weight=2814 293 32 30 87 32 168 34 3619 30 32 41 61 123 468
leaf_count=2814 293 32 30 87 32 168 34 3619 30 32 41 61 123 468
internal_value=-0.000142403 -0.00200886 -0.00907216 -0.000826162 0.00566667 -0.00251082 -0.00238806 3.33843e-05 0.000709106 0.000887185 -0.00833333 -0.000692241 -0.00605405 -0.000389887
internal_weight=7864 676 96 580 119 461 66 7188 3722 3651 71 3466 184 3282
internal_count=7864 676 96 580 119 461 66 7188 3722 3651 71 3466 184 3282
is_linear=0
shrinkage=0.08


Tree=227
num_leaves=13
num_cat=0
split_feature=21 42 24 21 40 55 15 49 55 47 59 52
split_gain=0.570399 1.03963 0.99058 0.644109 3.06489 0.736327 0.681551 1.00426 0.684643 0.64259 1.25058 0.931509
threshold=2.0546528100967412 0.97335553169250499 223.20684814453128 2.1802430152893071 0.82631579041481029 2.7498611211776738 0.02640046272426844 24.747777938842777 740.88333129882824 1.0000000180025095e-35 68.500000000000014 4.462083339691163
decision_type=2 2 2 2 2 2 2 2 2 2 2 2
left_child=1 9 -3 4 5 -2 7 -5 -8 10 -1 -11
right_child=3 2 -4 6 -6 -7 8 -9 -10 11 -12 -13
leaf_value=-0.056797123123030389 0.040246064299011057 -0.14009656266880691 -0.12791867677373539 -0.02989753059376694 -0.27218126801927917 0.27625783112279878 0.00022092370044674681 0.087684927956787465 -0.07497554519523579 -0.022134320502379515 0.4883102320706435 0.2371087566945462
leaf_weight=209 197 32 34 194 30 125 6697 31 36 150 43 86
leaf_count=209 197 32 34 194 30 125 6697 31 36 150 43 86
internal_value=-0.00012206 -0.00259459 -0.0119403 6.56545e-05 0.00339943 0.00569659 -0.000103463 -0.00442478 4.158e-05 -0.00130879 -0.00411067 0.00168776
internal_weight=7864 554 66 7310 352 322 6958 225 6733 488 252 236
internal_count=7864 554 66 7310 352 322 6958 225 6733 488 252 236
is_linear=0
shrinkage=0.08


Tree=228
num_leaves=8
num_cat=0
split_feature=15 59 55 12 52 55 5
split_gain=0.443987 0.449911 1.30888 1.04871 0.550286 1.5018 1.26258
threshold=54.360935211181648 7.5000000000000009 221.80374908447268 558.11459350585949 1.3841666579246523 7.3072221279144296 91.794860839843764
decision_type=2 2 2 2 2 2 2
left_child=1 4 3 -3 5 -1 -6
right_child=-2 2 -4 -5 6 -7 -8
leaf_value=0.00077435961501489455 -0.18091464125766366 -0.0035936246135892702 -0.064853151944151449 -0.048304046585502435 0.0078660612414970642 -0.038135217211842376 -0.3763786579953074
leaf_weight=2933 34 1781 52 47 2359 603 55
leaf_count=2933 34 1781 52 47 2359 603 55
internal_value=-0.000152575 -0.000112374 -0.00119086 -0.000831055 0.000228533 -0.000407125 0.00115942
internal_weight=7864 7830 1880 1828 5950 3536 2414
internal_count=7864 7830 1880 1828 5950 3536 2414
is_linear=0
shrinkage=0.08


Tree=229
num_leaves=13
num_cat=0
split_feature=56 31 30 59 55 15 40 52 11 22 42 33
split_gain=0.368817 1.09087 1.87959 1.52577 0.900282 0.488665 1.03395 1.81113 1.2627 0.685226 1.44409 0.486516
threshold=98.500000000000014 0.43471743166446691 0.6517857313156129 108.50000000000001 21.040555953979496 0.02640046272426844 0.59473684430122387 0.0054166666232049474 3.3650000095367436 5.6443843841552743 0.2269546836614609 31.187319755554203
decision_type=2 2 2 2 2 2 2 2 2 2 2 2
left_child=5 3 -3 4 -2 6 7 -1 -8 10 -7 -11
right_child=1 2 -4 -5 -6 9 8 -9 -10 11 -12 -13
leaf_value=0.50393241837671909 0.024902415741384909 0.014093030861230904 -0.10219519573443504 0.67226118211290953 -0.025129621531706219 0.02092605360237098 -0.28517017530638294 -0.028423020920569683 -0.0086792386411910626 -0.036468788592071352 -0.063938548867602252 0.0020944313624615411
leaf_weight=71 82 48 50 36 372 197 30 178 66 103 366 6265
leaf_count=71 82 48 50 36 372 197 30 178 66 103 366 6265
internal_value=-0.000111888 -0.00203735 -0.00969697 -0.000488798 -0.00175824 4.39742e-05 -0.00289017 -0.00016 -0.00989691 0.000190421 -0.00248227 0.000427069
internal_weight=7864 588 98 490 454 7276 345 249 96 6931 563 6368
internal_count=7864 588 98 490 454 7276 345 249 96 6931 563 6368
is_linear=0
shrinkage=0.08


Tree=230
num_leaves=13
num_cat=0
split_feature=56 31 30 59 49 15 40 49 0 21 42 56
split_gain=0.513477 1.2079 1.60665 1.18799 0.86859 0.556927 0.830283 1.37036 0.685938 0.568662 2.05411 0.669585
threshold=98.500000000000014 0.43471743166446691 0.6517857313156129 108.50000000000001 79.912918090820327 0.02640046272426844 0.68947368860244762 0.10722222179174425 5.7916665077209482 2.0546528100967412 0.16280825436115268 2.5000000000000004
decision_type=2 2 2 2 2 2 2 2 2 2 2 2
left_child=5 3 -3 4 -2 6 7 -1 -8 10 -7 -11
right_child=1 2 -4 -5 -6 9 8 -9 -10 11 -12 -13
leaf_value=0.016327266548482981 -0.016496578938288167 0.012965588392332439 -0.094019580075680245 0.61848028754387674 0.15152054225772332 0.017314280494117221 -0.0035668480461376363 -0.053257522908876503 -0.14217909375209345 -0.0002847247089416527 -0.059743343682728781 0.011765536681198832
leaf_weight=149 419 48 50 36 35 147 30 134 32 4638 300 1846
leaf_count=149 419 48 50 36 35 147 30 134 32 4638 300 1846
internal_value=-0.000172918 -0.00244482 -0.0105051 -0.000814664 -0.00193407 1.09935e-05 -0.00312139 -0.00126761 -0.0114286 0.00016734 -0.00258929 0.000357749
internal_weight=7864 588 98 490 454 7276 345 283 62 6931 447 6484
internal_count=7864 588 98 490 454 7276 345 283 62 6931 447 6484
is_linear=0
shrinkage=0.08


Tree=231
num_leaves=13
num_cat=0
split_feature=56 31 30 59 25 21 42 40 58 15 53 53
split_gain=0.499776 1.2079 1.60665 0.844539 0.728576 0.443515 1.01252 0.750786 0.671778 0.631617 0.848003 0.573603
threshold=98.500000000000014 0.43471743166446691 0.6517857313156129 108.50000000000001 517.48114013671886 2.0546528100967412 0.97335553169250499 0.721052646636963 5.8577778339385995 0.02640046272426844 15.500000000000002 1.5000000000000002
decision_type=2 2 2 2 2 2 2 2 2 2 2 2
left_child=5 3 -3 4 -2 6 7 -1 -8 10 -7 -11
right_child=1 2 -4 -5 -6 9 8 -9 -10 11 -12 -13
leaf_value=9.4716672715016158e-05 -0.10969132568779273 0.011928341320945836 -0.086498013669625798 0.56900186454036661 -0.0030431314774116915 -0.023170271241692932 -0.27160365541820031 -0.12528370793877122 -0.026708502166673087 -0.00083976567540922531 0.0037206612777741553 0.0074429679076575186
leaf_weight=420 45 48 50 36 409 217 35 51 30 3870 39 2614
leaf_count=420 45 48 50 36 409 217 35 51 30 3870 39 2614
internal_value=-0.000203433 -0.00244482 -0.0105051 -0.000814664 -0.00175824 -2.19871e-05 -0.00223464 -0.000932203 -0.0115152 0.00015428 -0.00373541 0.000308404
internal_weight=7864 588 98 490 454 7276 536 471 65 6740 256 6484
internal_count=7864 588 98 490 454 7276 536 471 65 6740 256 6484
is_linear=0
shrinkage=0.08


Tree=232
num_leaves=12
num_cat=0
split_feature=56 3 50 58 3 45 29 56 59 30 44
split_gain=0.393989 1.0026 1.00806 2.03608 1.14782 0.762408 0.940572 0.41468 0.411072 1.18859 0.764002
threshold=98.500000000000014 0.00074074076837860059 7.5000000000000009 1.4231944084167483 12.040659904479982 1.0000000180025095e-35 2902.535522460938 94.500000000000014 3.5000000000000004 0.84523808956146251 -0.60785761475563038
decision_type=2 2 2 2 2 2 2 2 2 2 2
left_child=7 5 3 -3 -4 6 -2 8 10 -10 -1
right_child=1 2 4 -5 -6 -7 -8 -9 9 -11 -12
leaf_value=-0.0136836099472605 0.022036755663854563 -0.1339680882284103 -0.036525826216590077 -0.0064917912727052145 0.078418280941000382 0.50659183283774323 -0.043145575770855961 0.34153788707797633 -0.0039820839442192835 -0.15894296836152133 0.0046037711958558701
leaf_weight=1335 198 40 102 103 43 44 58 38 1942 46 3915
leaf_count=1335 198 40 102 103 43 44 58 38 1942 46 3915
internal_value=-0.00018309 -0.00217317 -0.00553633 -0.0102778 -0.000821918 0.00106312 -0.000622568 -2.19871e-05 -6.63075e-05 -0.00104575 0.000304704
internal_weight=7864 588 288 143 145 300 256 7276 7238 1988 5250
internal_count=7864 588 288 143 145 300 256 7276 7238 1988 5250
is_linear=0
shrinkage=0.08


Tree=233
num_leaves=12
num_cat=0
split_feature=26 42 1 59 58 50 18 42 25 25 30
split_gain=0.459656 1.65879 1.84016 1.12595 1.44406 0.72091 0.890504 0.573608 2.17995 1.50216 0.425505
threshold=11834.500000000002 -0.9103761315345763 114.39328765869142 36.500000000000007 115.53194427490236 174.50000000000003 0.34375000000000006 0.63405361771583568 739.88595581054699 1267.7920532226565 0.77827382087707531
decision_type=2 2 2 2 2 2 2 2 2 2 2
left_child=5 2 10 4 -3 7 -7 9 -9 -1 -2
right_child=1 3 -4 -5 -6 6 -8 8 -10 -11 -12
leaf_value=-0.00048062032270820512 0.13742356323721083 -0.0095029233245908524 0.15889057482041558 -0.10980990290109034 0.35145827128294116 -0.30759053120093882 0.0041341224196217753 -0.0076159745969508206 0.07308448378741822 -0.07502709568395538 -0.026920991043605014
leaf_weight=3734 39 1413 48 47 37 30 40 1447 928 69 32
leaf_count=3734 39 1413 48 47 37 30 40 1447 928 69 32
internal_value=-0.00018309 -0.00138528 0.00766667 -0.00210948 -0.00170917 0.00012802 -0.00788732 0.0002201 0.00119529 -0.000389064 -0.000555556
internal_weight=7864 1616 119 1497 1450 6248 70 6178 2375 3803 71
internal_count=7864 1616 119 1497 1450 6248 70 6178 2375 3803 71
is_linear=0
shrinkage=0.08


Tree=234
num_leaves=9
num_cat=0
split_feature=30 56 30 30 58 21 42 15
split_gain=0.503123 0.429174 0.847127 1.07187 0.798963 0.477626 0.765215 0.661661
threshold=0.41964285075664526 98.500000000000014 0.74107143282890331 0.6517857313156129 1.4231944084167483 2.0546528100967412 0.97335553169250499 0.02640046272426844
decision_type=2 2 2 2 2 2 2 2
left_child=-1 5 3 -3 -4 6 -2 -7
right_child=1 2 4 -5 -6 7 -8 -9
leaf_value=-0.0080435672392390953 -0.0062382655854837307 0.00026462373470200086 -0.024165082210077335 -0.082763723071249309 0.0130896070846822 -0.012980131876388126 -0.11629463564058989 0.0017777490449824996
leaf_weight=57 471 42 156 47 337 256 65 6433
leaf_count=57 471 42 156 47 337 256 65 6433
internal_value=-0.000162746 -0.000107582 -0.00219554 -0.00933333 -0.000890688 6.08912e-05 -0.00223464 0.000245142
internal_weight=7864 7807 582 89 493 7225 536 6689
internal_count=7864 7807 582 89 493 7225 536 6689
is_linear=0
shrinkage=0.08


Tree=235
num_leaves=9
num_cat=0
split_feature=30 56 30 51 0 34 42 56
split_gain=0.503123 0.429174 0.864063 0.9089 0.708942 0.408029 0.409626 0.400796
threshold=0.41964285075664526 98.500000000000014 0.75595238804817211 1.0000000180025095e-35 42.333332061767585 59.589183807373054 0.29012925922870642 94.500000000000014
decision_type=2 2 2 2 2 2 2 2
left_child=-1 5 4 -4 -3 7 -7 -2
right_child=1 2 3 -5 -6 6 -8 -9
leaf_value=-0.0074000818600999455 0.00021911190503288937 -0.075702722427075347 0.52322130168836245 -0.015417820327478467 -0.0091118554167067597 0.021914810634804063 -0.30982365012520113 0.31447197793403148
leaf_weight=57 7125 30 30 391 131 32 30 38
leaf_count=57 7125 30 30 391 131 32 30 38
internal_value=-0.000162746 -0.000107582 -0.00219554 -0.00028436 -0.00716049 6.08912e-05 -0.00634921 0.000117253
internal_weight=7864 7807 582 421 161 7225 62 7163
internal_count=7864 7807 582 421 161 7225 62 7163
is_linear=0
shrinkage=0.08


Tree=236
num_leaves=9
num_cat=0
split_feature=30 56 25 15 55 56 3 58
split_gain=0.504503 0.334056 1.27183 1.69911 1.12654 0.59973 1.01392 0.799402
threshold=0.41964285075664526 71.500000000000014 862.83721923828136 7.2603237628936776 55.048334121704109 39.500000000000007 0.00074074076837860059 12.935416698455812
decision_type=2 2 2 2 2 2 2 2
left_child=-1 5 4 -4 -3 7 -7 -2
right_child=1 2 3 -5 -6 6 -8 -9
leaf_value=-0.0068080753112919725 0.0015007428575808746 0.0051608514240205055 -0.30686692620564066 -0.020615659266642154 -0.057970948819376249 -0.020635498582210803 0.10863184395607106 -0.014508561845583473
leaf_weight=57 5357 554 38 120 91 125 201 1321
leaf_count=57 5357 554 38 120 91 125 201 1321
internal_value=-0.000152575 -9.73361e-05 -0.00164179 -0.00805031 -6.19195e-05 7.99429e-05 0.00342508 -8.38449e-05
internal_weight=7864 7807 803 158 645 7004 326 6678
internal_count=7864 7807 803 158 645 7004 326 6678
is_linear=0
shrinkage=0.08


Tree=237
num_leaves=14
num_cat=0
split_feature=26 42 18 40 3 55 21 59 55 42 42 28 24
split_gain=0.445271 1.78848 1.49716 1.07679 3.07778 1.11604 0.910105 0.413128 1.36077 1.17134 0.842507 1.62609 0.903151
threshold=11834.500000000002 -0.72947329282760609 0.36458332836627966 0.10000000149011613 0.9459606707096101 80.22208404541017 3.2603876590728764 7.5000000000000009 221.80374908447268 0.98611506819725048 -0.88144907355308522 398.52995300292974 258.26637268066412
decision_type=2 2 2 2 2 2 2 2 2 2 2 2 2
left_child=7 2 6 4 -3 -5 -2 10 9 -9 11 -1 -12
right_child=1 3 -4 5 -6 -7 -8 8 -10 -11 12 -13 -14
leaf_value=-0.013793356319562553 0.024318569051328964 -0.032603952010927348 -0.014693127434237355 -0.024252812177941296 0.23068051312611473 0.15515349542995793 0.070305026452496686 0.00024244180923830072 -0.080835455764044897 -0.054358002996784192 -0.0013867542244564391 0.42760605906632121 0.016273961917389102
leaf_weight=426 92 131 45 1116 76 61 95 1599 47 125 2175 41 1835
leaf_count=426 92 131 45 1116 76 61 95 1599 47 125 2175 41 1835
internal_value=-0.000152575 -0.00133581 0.00515021 -0.00242599 0.00288462 -0.00336163 0.00829787 0.000153625 -0.000880361 -0.000510145 0.000562751 -0.00264957 0.000937422
internal_weight=7864 1616 232 1384 207 1177 187 6248 1771 1724 4477 467 4010
internal_count=7864 1616 232 1384 207 1177 187 6248 1771 1724 4477 467 4010
is_linear=0
shrinkage=0.08


Tree=238
num_leaves=15
num_cat=0
split_feature=23 25 55 56 49 56 25 1 40 29 25 44 55 24
split_gain=0.410815 0.897095 1.22757 1.01132 0.98875 0.714188 1.30782 1.30391 0.687097 2.00729 1.41838 1.2108 1.24581 0.973187
threshold=22.753472328186039 997.01916503906261 31.892777442932132 73.500000000000014 0.050277778878808028 2.5000000000000004 382.63313293457037 2471.563598632813 0.63684210181236278 317.28721618652349 337.42248535156256 -0.60785761475563038 11.215416431427004 124.23363113403322
decision_type=2 2 2 2 2 2 2 2 2 2 2 2 2 2
left_child=1 5 3 -3 -4 7 -7 -1 11 -10 -11 13 -13 -2
right_child=8 2 4 -5 -6 6 -8 -9 9 10 -12 12 -14 -15
leaf_value=-0.0043163327624968417 -0.19582198889378069 -0.015898027755264721 -0.017667978154486407 -0.056139401413698685 0.14307141714458113 0.42052179708206466 0.0053421292631786344 -0.050459071924669349 0.20447491352302763 0.14766986530933865 0.00057871904503770111 0.012007760368466904 -0.017357859886440678 -0.016845697896075932
leaf_weight=1625 34 597 35 44 39 62 988 71 86 50 948 1809 741 735
leaf_count=1625 34 597 35 44 39 62 988 71 86 50 948 1809 741 735
internal_value=-0.00012206 -0.000774119 -0.00329609 -0.00442368 0.0064 -0.000116491 0.00152236 -0.00113141 0.000390554 0.00213825 0.00112112 -0.000180723 0.000658565 -0.00296104
internal_weight=7864 3461 715 641 74 2746 1050 1696 4403 1084 998 3319 2550 769
internal_count=7864 3461 715 641 74 2746 1050 1696 4403 1084 998 3319 2550 769
is_linear=0
shrinkage=0.08


Tree=239
num_leaves=12
num_cat=0
split_feature=53 49 42 14 30 40 59 53 52 16 52
split_gain=0.317331 1.58731 1.07388 2.13612 1.01438 0.915176 0.875035 0.722856 0.558986 1.64125 0.976878
threshold=85.500000000000014 27.777639389038089 0.09796465560793878 2686.5000000000005 0.72470235824584972 0.54210525751113903 82.500000000000014 82.500000000000014 26.491110801696781 20.116421699523929 17.564444541931156
decision_type=2 2 2 2 2 2 2 2 2 2 2
left_child=7 4 -3 -4 6 -6 -2 8 10 -10 -1
right_child=1 2 3 -5 5 -7 -8 -9 9 -11 -12
leaf_value=-0.00035264909422977553 -0.078331139592553611 0.18547432774089756 0.1692990308459312 -0.08731771266717725 -0.035993154074848308 0.0178600143121686 -0.00037751143194590496 0.25381877052920571 0.025475534223002114 -0.027618816366625366 -0.045533219202860097
leaf_weight=5969 49 36 82 48 363 214 31 34 510 245 283
leaf_count=5969 49 36 82 48 363 214 31 34 510 245 283
internal_value=-0.000213605 -0.00169903 0.00526946 0.00183206 -0.00346505 -0.00228374 -0.0118519 -3.97614e-05 -9.7032e-05 0.00195767 -0.000345434
internal_weight=7864 823 166 130 657 577 80 7041 7007 755 6252
internal_count=7864 823 166 130 657 577 80 7041 7007 755 6252
is_linear=0
shrinkage=0.08


Tree=240
num_leaves=13
num_cat=0
split_feature=23 42 53 12 44 57 10 18 59 42 21 15
split_gain=0.316829 0.990745 1.69599 1.52616 1.26595 1.16222 0.986528 0.731803 0.72641 0.644238 1.57918 0.986
threshold=23.045416831970218 0.41248606145381933 96.500000000000014 61.583333969116218 -0.60785761475563038 1.0000000180025095e-35 0.91729867458343517 0.26041667163372045 253.00000000000003 0.63405361771583568 4.2045340538024911 13.402022361755373
decision_type=2 2 2 2 2 2 2 2 2 2 2 2
left_child=8 3 4 6 -3 -5 -2 -4 9 11 -11 -1
right_child=1 2 7 5 -6 -7 -8 -9 -10 10 -12 -13
leaf_value=-0.011204216248091967 -0.069026258037793234 -0.073719386353975055 -0.13769567318004788 -0.18724339988322974 0.0045822917616430911 0.0123455894165709 -0.0016525617125643423 -0.037817756769454716 -0.078785177704590134 0.035880080376505037 -0.016194081559241482 0.0065465754730214343
leaf_weight=2238 67 236 36 34 953 1236 138 87 37 1378 616 808
leaf_count=2238 67 236 36 34 953 1236 138 87 37 1378 616 808
internal_value=-0.00018309 0.000502152 -0.00109673 0.00192412 -0.000168067 0.0029583 -0.00446602 -0.01 -0.000559275 -0.000476096 0.000641604 -0.00120775
internal_weight=7864 2787 1312 1475 1189 1270 205 123 5077 5040 1994 3046
internal_count=7864 2787 1312 1475 1189 1270 205 123 5077 5040 1994 3046
is_linear=0
shrinkage=0.08


Tree=241
num_leaves=9
num_cat=0
split_feature=24 26 42 18 18 42 25 25
split_gain=0.344104 0.357922 1.24744 1.28055 1.131 0.39544 1.95389 1.21201
threshold=720.84225463867199 11834.500000000002 -0.72947329282760609 0.36458332836627966 0.32291667163372045 0.63405361771583568 992.93325805664074 1267.7920532226565
decision_type=2 2 2 2 2 2 2 2
left_child=1 5 3 -3 -4 7 -7 -1
right_child=-2 2 4 -5 -6 6 -8 -9
leaf_value=-0.0010402102407049084 0.0077950487298961944 0.045372179515021004 -0.031769472193462323 -0.014523409988888646 0.0052744120631060733 0.0016282248008673151 0.2876896963175361 -0.068173890884620794
leaf_weight=3774 48 185 921 45 417 2275 130 69
leaf_count=3774 48 185 921 45 417 2275 130 69
internal_value=-0.000152575 -0.000194448 -0.0012747 0.00415584 -0.0022106 7.68123e-05 0.000881131 -0.000426639
internal_weight=7864 7816 1568 230 1338 6248 2405 3843
internal_count=7864 7816 1568 230 1338 6248 2405 3843
is_linear=0
shrinkage=0.08


Tree=242
num_leaves=15
num_cat=0
split_feature=0 52 51 11 56 55 59 52 52 59 49 52 34 0
split_gain=0.38154 1.20262 1.56274 1.04905 1.28323 1.13681 0.694776 0.475356 1.94644 1.56754 1.29341 1.18333 2.18154 0.874774
threshold=726.00000000000011 5.0506944656372079 1.0000000180025095e-35 3.8251389265060429 1.5000000000000002 0.18500000238418582 1.5000000000000002 26.491110801696781 29.831250190734867 50.500000000000007 27.175556182861332 22.289999961853031 51.081691741943366 114.45833206176759
decision_type=2 2 2 2 2 2 2 2 2 2 2 2 2 2
left_child=7 3 -3 4 -2 -5 -4 11 10 -10 -9 13 -13 -1
right_child=1 2 6 5 -6 -7 -8 8 9 -11 -12 12 -14 -15
leaf_value=-0.0055547087968183459 0.013808185383564721 0.046275823265460404 -0.065029652701753232 -0.13515896293050941 -0.036749752764783088 0.014857404943867039 -0.0094130993029063609 0.065639739450342918 0.0073514915505477063 -0.051084997235512443 0.59295377302606334 -0.11937198593513287 0.059511089536553645 0.0034676050417550819
leaf_weight=3041 305 31 109 35 112 37 47 127 743 212 52 176 65 2772
leaf_count=3041 305 31 109 35 112 37 47 127 743 212 52 176 65 2772
internal_value=-0.000193261 -0.00200886 -0.00744681 8.16327e-05 0.00162679 -0.00876712 -0.0107006 -2.22562e-05 0.00148018 4.1841e-05 0.00911111 -0.000303881 -0.00578512 -7.56794e-05
internal_weight=7864 676 187 489 417 72 156 7188 1134 955 179 6054 241 5813
internal_count=7864 676 187 489 417 72 156 7188 1134 955 179 6054 241 5813
is_linear=0
shrinkage=0.08


Tree=243
num_leaves=9
num_cat=0
split_feature=59 59 47 58 55 11 40 59
split_gain=0.41928 0.390148 1.77917 2.00148 1.28285 0.393627 1.13117 0.603568
threshold=321.50000000000006 118.50000000000001 1.0000000180025095e-35 32.742639541625984 37.388610839843757 4.6529166698455819 0.17368421703577044 96.500000000000014
decision_type=2 2 2 2 2 2 2 2
left_child=1 5 3 -3 -4 7 -7 -1
right_child=-2 2 4 -5 -6 6 -8 -9
leaf_value=6.2012503796431414e-05 -0.012585100422948728 0.12741515152185051 -0.006501556350331299 -0.0060004888882124879 -0.23054182601704024 -0.087788462664468089 -0.001124694332611682 -0.044650137534878571
leaf_weight=6693 36 121 180 99 30 99 459 147
leaf_count=6693 36 121 180 99 30 99 459 147
internal_value=-0.000152575 -0.000112403 0.00222738 0.00723982 -0.00303318 -0.000248682 -0.0022898 -8.18594e-05
internal_weight=7864 7828 430 220 210 7398 558 6840
internal_count=7864 7828 430 220 210 7398 558 6840
is_linear=0
shrinkage=0.08


Tree=244
num_leaves=7
num_cat=0
split_feature=59 53 50 58 42 49
split_gain=0.414273 0.333394 1.6469 0.96834 0.917761 0.902865
threshold=321.50000000000006 1.5000000000000002 213.50000000000003 793.11471557617199 -0.98611506819725026 1.5595833063125613
decision_type=2 2 2 2 2 2
left_child=1 3 4 5 -3 -1
right_child=-2 2 -4 -5 -6 -7
leaf_value=0.0013253112643140596 -0.011578292389112796 -0.11719132283462556 0.64915095573326587 -0.11684587017887879 0.0016285443018784482 -0.0061741212474311167
leaf_weight=2803 36 65 41 39 3179 1701
leaf_count=2803 36 65 41 39 3179 1701
internal_value=-0.000203433 -0.000163495 0.000450396 -0.000607394 0.000246533 -0.000497225
internal_weight=7864 7828 3285 4543 3244 4504
internal_count=7864 7828 3285 4543 3244 4504
is_linear=0
shrinkage=0.08


Tree=245
num_leaves=7
num_cat=0
split_feature=59 33 40 33 42 5
split_gain=0.415272 0.331258 3.21488 0.511597 4.60797 0.327901
threshold=321.50000000000006 71.666004180908217 0.4789473712444306 67.552051544189467 0.58216583728790294 91.794860839843764
decision_type=2 2 2 2 2 2
left_child=1 3 -3 5 -5 -1
right_child=-2 2 -4 4 -6 -7
leaf_value=-0.00015720894982191425 -0.010652028997983721 -0.33765277983270781 0.43204983562080201 -0.094355383329136663 0.43601257781067715 -0.04144653154568495
leaf_weight=7214 36 59 43 93 56 363
leaf_count=7214 36 59 43 93 56 363
internal_value=-0.000193261 -0.000153276 -0.00466019 -9.31798e-05 0.00453333 -0.000184745
internal_weight=7864 7828 102 7726 149 7577
internal_count=7864 7828 102 7726 149 7577
is_linear=0
shrinkage=0.08


Tree=246
num_leaves=8
num_cat=0
split_feature=59 53 28 34 43 50 58
split_gain=0.416272 0.364795 1.25686 1.41909 1.20965 1.08555 0.985787
threshold=321.50000000000006 1.5000000000000002 51.005376815795906 47.457731246948249 -0.63405361771583546 241.50000000000003 793.11471557617199
decision_type=2 2 2 2 2 2 2
left_child=1 5 4 -4 -3 6 -1
right_child=-2 2 3 -5 -6 -7 -8
leaf_value=-0.0011713409483583349 -0.0097998666781449733 0.32991288418838449 0.013546144719889384 -0.0081943117699393043 0.0062855901947046532 -0.22624449115710549 -0.10748562384858275
leaf_weight=4469 36 197 721 1769 598 35 39
leaf_count=4469 36 197 721 1769 598 35 39
internal_value=-0.00018309 -0.000143058 0.000499087 -0.000385387 0.00326633 -0.000607394 -0.000496784
internal_weight=7864 7828 3285 2490 795 4543 4508
internal_count=7864 7828 3285 2490 795 4543 4508
is_linear=0
shrinkage=0.08


Tree=247
num_leaves=11
num_cat=0
split_feature=29 59 59 49 27 49 43 23 42 53
split_gain=0.463467 0.7559 0.788753 1.10626 0.485678 0.870838 0.503504 0.420591 0.741183 0.630471
threshold=151.05555725097659 5.5000000000000009 1.5000000000000002 0.29166665673255926 7.9073200225830087 0.23236110806465152 0.16280825436115268 22.527777671813968 0.93540480732917797 110.50000000000001
decision_type=2 2 2 2 2 2 2 2 2 2
left_child=1 2 3 -1 5 6 -2 8 -6 -9
right_child=4 -3 -4 -5 7 -7 -8 9 -10 -11
leaf_value=0.0070538750702329265 0.34340103650241932 -0.13667346140497927 0.14408797332779558 -0.035743941272893841 -0.010108812959130199 -0.13550858595618437 0.015637033167397441 0.0017776879638165611 0.023139610985254678 -0.024855828112709446
leaf_weight=306 33 44 37 153 2164 50 38 4325 428 286
leaf_count=306 33 44 37 153 2164 50 38 4325 428 286
internal_value=-0.000254291 -0.00251386 -0.00160966 -0.00252174 -8.7372e-05 0.00491803 0.0105556 -0.000172127 -0.000987273 0.00028621
internal_weight=7864 540 496 459 7324 121 71 7203 2592 4611
internal_count=7864 540 496 459 7324 121 71 7203 2592 4611
is_linear=0
shrinkage=0.08


Tree=248
num_leaves=9
num_cat=0
split_feature=59 43 26 58 53 43 43 53
split_gain=0.412279 0.351095 1.48999 3.38211 1.93387 0.771842 1.48543 1.43059
threshold=321.50000000000006 -0.97335553169250477 6144.5000000000009 10.713611125946047 2.5000000000000004 -0.9103761315345763 -0.84874749183654774 78.500000000000014
decision_type=2 2 2 2 2 2 2 2
left_child=1 2 3 -1 -4 7 -7 -3
right_child=-2 5 4 -5 -6 6 -8 -9
leaf_value=-0.14106074789809944 -0.0076172917010198307 0.0088442184519347232 0.079885561205441907 0.059814754299094129 -0.042506178472884175 -0.048677854760907739 1.9505894066753626e-05 0.24331191468917382
leaf_weight=100 36 413 278 54 105 325 6508 45
leaf_count=100 36 413 278 54 105 325 6508 45
internal_value=-0.000223776 -0.000183932 -0.00215613 -0.00877419 0.000520833 -3.83982e-05 -0.000251683 0.00313725
internal_weight=7864 7828 537 154 383 7291 6833 458
internal_count=7864 7828 537 154 383 7291 6833 458
is_linear=0
shrinkage=0.08


Tree=249
num_leaves=9
num_cat=0
split_feature=59 19 42 40 40 50 58 49
split_gain=0.421291 0.29011 2.32098 2.64788 0.791569 0.456551 1.47033 0.663843
threshold=321.50000000000006 0.49891331791877752 -0.16280825436115262 0.24736841768026355 0.77368420362472545 161.50000000000003 0.12819444388151172 292.92056274414068
decision_type=2 2 2 2 2 2 2 2
left_child=1 5 4 -4 -3 7 -7 -1
right_child=-2 2 3 -5 -6 6 -8 -9
leaf_value=-3.6507809708794529e-05 -0.0070079083649382317 -0.12638231241561917 -0.0063054001275585142 0.096271862004679645 0.0026709710113416918 0.12717863041175365 -0.10318989283050399 -0.060540557382888667
leaf_weight=7156 36 86 126 134 50 55 75 146
leaf_count=7156 36 86 126 134 50 55 75 146
internal_value=-0.000132231 -9.19658e-05 0.00201511 0.00643678 -0.00642336 -0.000204493 -0.0048855 -0.000120498
internal_weight=7864 7828 396 260 136 7432 130 7302
internal_count=7864 7828 396 260 136 7432 130 7302
is_linear=0
shrinkage=0.08


Tree=250
num_leaves=11
num_cat=0
split_feature=50 40 29 55 29 56 56 28 55 23
split_gain=0.327786 2.66453 1.29605 0.619994 0.367477 1.01077 2.68953 0.702827 1.15813 0.434154
threshold=161.50000000000003 0.18421053141355517 1080.6941528320315 7.9098610877990732 433.01777648925787 21.500000000000004 3.5000000000000004 58.799404144287116 30.211805343627933 22.753472328186039
decision_type=2 2 2 2 2 2 2 2 2 2
left_child=4 -2 3 -3 5 6 -1 8 -6 -9
right_child=1 2 -4 -5 7 -7 -8 9 -10 -11
leaf_value=-0.016749194999025222 -0.2695848287302185 -0.040933698040407619 -0.029841018150731459 0.87082575982571653 0.0080654452885364231 -0.26275496658574604 0.20381227780631009 -0.0064767709479960443 -0.14792624562284004 0.0018247616121124112
leaf_weight=724 45 30 41 45 942 50 87 2777 91 3032
leaf_count=724 45 30 41 45 942 50 87 2777 91 3032
internal_value=-0.000142403 -0.0037037 0.00273504 0.00894737 -6.74974e-05 -0.00162413 -0.000935961 0.000128599 0.00205029 -0.000213425
internal_weight=7864 161 116 75 7703 861 811 6842 1033 5809
internal_count=7864 161 116 75 7703 861 811 6842 1033 5809
is_linear=0
shrinkage=0.08


Tree=251
num_leaves=8
num_cat=0
split_feature=59 53 42 16 53 45 53
split_gain=0.421291 0.292252 1.08215 1.32902 0.611676 0.871008 0.803652
threshold=321.50000000000006 180.50000000000003 0.77259656786918651 25.383582115173343 135.50000000000003 -0.56174489110708226 110.50000000000001
decision_type=2 2 2 2 2 2 2
left_child=1 4 3 -3 6 -6 -1
right_child=-2 2 -4 -5 5 -7 -8
leaf_value=1.7974941428349212e-05 -0.0062611953223078842 0.18858633702416172 -0.087518560523700523 -0.24960990244980139 -0.0091255047253840614 0.18332775364950096 -0.038279294240400219
leaf_weight=7317 36 51 53 35 53 115 204
leaf_count=7317 36 51 53 35 53 115 204
internal_value=-0.000132231 -9.19658e-05 -0.00371429 0.00183908 -2.60078e-05 0.00473373 -0.000132943
internal_weight=7864 7828 139 86 7689 168 7521
internal_count=7864 7828 139 86 7689 168 7521
is_linear=0
shrinkage=0.08


Tree=252
num_leaves=9
num_cat=0
split_feature=59 43 25 25 49 43 53 43
split_gain=0.426339 0.349088 1.65003 2.37826 1.55638 0.704078 1.43059 0.941289
threshold=321.50000000000006 -0.97335553169250477 444.26498413085943 347.59573364257818 26.169305801391605 -0.9103761315345763 78.500000000000014 -0.84874749183654774
decision_type=2 2 2 2 2 2 2 2
left_child=1 2 3 -1 -4 6 -3 -7
right_child=-2 5 4 -5 -6 7 -8 -9
leaf_value=0.028733300487097255 -0.005760299696523319 0.0092213242577403771 -0.0075870057642001146 -0.25893093342046614 0.10089281987730445 -0.041592581936964378 0.2243665858193421 0.00039709156766201128
leaf_weight=32 36 413 393 52 60 325 45 6508
leaf_count=32 36 413 393 52 60 325 45 6508
internal_value=-8.13732e-05 -4.08737e-05 -0.00200743 -0.0122353 -8.81057e-05 0.000104224 0.00313725 -9.95025e-05
internal_weight=7864 7828 537 84 453 7291 458 6833
internal_count=7864 7828 537 84 453 7291 458 6833
is_linear=0
shrinkage=0.08


Tree=253
num_leaves=13
num_cat=0
split_feature=43 16 14 14 27 43 22 53 2 43 49 28
split_gain=0.462981 1.53582 1.46128 1.85848 1.77803 0.501342 1.7274 1.66195 1.32053 0.727028 4.36272 0.870051
threshold=-0.97335553169250477 54.178173065185554 2168.5000000000005 2810.5000000000005 12.397024154663088 -0.9103761315345763 7.64542579650879 5.5000000000000009 808.50000000000011 -0.84874749183654774 1.0297222137451174 488.86331176757818
decision_type=2 2 2 2 2 2 2 2 2 2 2 2
left_child=1 2 4 -4 -1 6 7 -2 -8 10 -7 -11
right_child=5 -3 3 -5 -6 9 8 -9 -10 11 -12 -13
leaf_value=0.029198688572568587 -0.024258910749822699 0.15192750372196989 0.16137479936223414 -0.030055725002840747 -0.092987011838804423 0.065340757030744115 0.31089911408021914 0.10047243443663519 0.0070602970500837619 -0.00049453221551163881 -0.12171613247765024 0.027671769146345754
leaf_weight=51 200 52 36 193 206 191 116 59 83 6140 134 403
leaf_count=51 200 52 36 193 206 191 116 59 83 6140 134 403
internal_value=-0.000111888 -0.00237477 -0.00377823 0.000869565 -0.00790698 5.45926e-05 0.00261438 -0.00169231 0.0082 -0.000116465 -0.00380368 6.72372e-05
internal_weight=7864 538 486 229 257 7326 458 259 199 6868 325 6543
internal_count=7864 538 486 229 257 7326 458 259 199 6868 325 6543
is_linear=0
shrinkage=0.08


Tree=254
num_leaves=13
num_cat=0
split_feature=12 43 49 12 40 22 23 26 56 58 50 33
split_gain=0.418158 0.957158 1.93089 0.814425 0.670268 1.81507 0.8868 0.572549 1.30467 0.560966 0.554596 0.671265
threshold=229.30208587646487 0.97335553169250499 20.035694122314457 173.47916412353518 0.9736841917037965 7.874115228652955 22.472083091735843 4533.0000000000009 2.5000000000000004 377.78193664550787 213.50000000000003 49.202127456665046
decision_type=2 2 2 2 2 2 2 2 2 2 2 2
left_child=1 10 3 -3 7 6 -6 8 -2 -9 11 -1
right_child=4 2 -4 -5 5 -7 -8 9 -10 -11 -12 -13
leaf_value=0.009889291749277572 -0.087629938746678612 -0.016619676684138135 -0.097563648618055374 0.28650310417722757 0.22860357363410089 0.27739846417321279 -0.096908437007324863 0.0022570059281035882 0.068248939948137202 -0.12038807343727903 0.58094415588925141 -0.0045124657910089643
leaf_weight=603 144 168 59 30 32 38 49 3994 91 50 39 2567
leaf_count=603 144 168 59 30 32 38 49 3994 91 50 39 2567
internal_value=-8.13732e-05 -0.000738391 -0.00542636 -0.00160804 0.000436463 0.00633333 -0.000487805 0.000271028 -0.00355932 0.000494438 -0.000361371 -0.000479344
internal_weight=7864 3466 257 198 4398 119 81 4279 235 4044 3209 3170
internal_count=7864 3466 257 198 4398 119 81 4279 235 4044 3209 3170
is_linear=0
shrinkage=0.08


Tree=255
num_leaves=11
num_cat=0
split_feature=59 50 43 43 58 44 50 10 50 59
split_gain=0.424221 1.29864 1.01825 1.00731 2.88452 1.75229 0.678569 0.690289 1.40792 0.841562
threshold=3.5000000000000004 161.50000000000003 0.29012925922870642 -0.52778512239456166 7.7918055057525644 -1.0000000180025095e-35 205.50000000000003 1.2682927250862124 23.500000000000004 1.5000000000000002
decision_type=2 2 2 2 2 2 2 2 2 2
left_child=6 3 -3 4 -2 -5 7 9 -9 -1
right_child=1 2 -4 5 -6 -7 -8 8 -10 -11
leaf_value=0.00037530304578738962 -0.09145962717387246 -0.033032244861953546 -0.19604065401526882 0.054696315389061993 -2.8115607957843737e-05 -0.0065182727936614528 0.20225148387047567 -0.0037845741138735536 -0.043169969742686866 0.049441661808505448
leaf_weight=4220 198 41 32 618 544 962 57 461 76 655
leaf_count=4220 198 41 32 618 544 962 57 461 76 655
internal_value=-3.05149e-05 -0.000918197 -0.0113514 -0.00058545 -0.0030148 0.00055661 0.000358318 0.000266026 -0.00245353 0.000566038
internal_weight=7864 2395 73 2322 742 1580 5469 5412 537 4875
internal_count=7864 2395 73 2322 742 1580 5469 5412 537 4875
is_linear=0
shrinkage=0.08


Tree=256
num_leaves=9
num_cat=0
split_feature=49 50 59 34 43 24 50 26
split_gain=0.368141 0.389253 1.72405 1.14275 1.12202 0.367148 1.15365 0.529344
threshold=1490.3750000000002 161.50000000000003 1.5000000000000002 50.642936706542976 0.41248606145381933 185.53422546386722 1.5000000000000002 11834.500000000002
decision_type=2 2 2 2 2 2 2 2
left_child=1 5 3 -3 -4 6 -1 -7
right_child=-2 2 4 -5 -6 7 -8 -9
leaf_value=0.0059158871147457145 0.043519907327079041 0.3399117773689278 -0.030389665272997277 -0.0095454136281538388 -0.28862073470793237 0.0024433747993958831 -0.039476298992157342 -0.0044947973663002115
leaf_weight=855 33 31 49 44 34 4803 470 1545
leaf_count=855 33 31 49 44 34 4803 470 1545
internal_value=-7.12015e-05 -0.000107252 -0.00402516 0.00473684 -0.0119048 -2.6062e-05 -0.0012368 0.000226807
internal_weight=7864 7831 158 75 83 7673 1325 6348
internal_count=7864 7831 158 75 83 7673 1325 6348
is_linear=0
shrinkage=0.08


Tree=257
num_leaves=14
num_cat=0
split_feature=17 42 56 56 15 56 58 59 52 52 58 0 52
split_gain=0.341449 0.890114 1.36385 1.95634 0.8006 2.0687 0.813975 0.779308 2.28199 0.720986 0.70731 1.31748 0.987749
threshold=26.473333358764652 0.98611506819725048 9.5000000000000018 2.5000000000000004 0.92942994832992565 2.5000000000000004 10.247916698455812 91.500000000000014 29.279999732971195 6.5562500953674325 41.665971755981452 56.208332061767585 192.00611114501956
decision_type=2 2 2 2 2 2 2 2 2 2 2 2 2
left_child=1 7 3 -3 5 6 -2 9 -9 -1 12 -12 -6
right_child=4 2 -4 -5 10 -7 -8 8 -10 -11 11 -13 -14
leaf_value=-0.0003438657903978637 -0.082849107498573563 -0.065466435572861317 -0.16945612354228612 0.30067433291375795 0.00064557263662351266 0.060900190233359693 -0.23170060978216453 0.9303715118645306 -0.2601594497423429 0.01317253929222666 -0.069832740436620688 0.0001094805016690259 -0.084575498202971458
leaf_weight=1776 69 147 37 56 4561 35 30 92 35 631 122 191 82
leaf_count=1776 69 147 37 56 4561 35 30 92 35 631 122 191 82
internal_value=-5.08582e-05 0.000663063 -0.0039834 -0.00137255 -0.000439992 -0.00651852 -0.0124 0.00110454 0.0071875 0.000780731 -0.000274359 -0.00394904 -2.58398e-05
internal_weight=7864 2774 240 203 5090 134 99 2534 127 2407 4956 313 4643
internal_count=7864 2774 240 203 5090 134 99 2534 127 2407 4956 313 4643
is_linear=0
shrinkage=0.08


Tree=258
num_leaves=11
num_cat=0
split_feature=59 26 58 59 43 43 15 3 50 50
split_gain=0.388708 1.97388 0.901055 1.7833 1.62484 0.798611 0.540542 0.46115 1.68562 1.22569
threshold=7.5000000000000009 12533.000000000002 5.1434721946716317 8.5000000000000018 -0.52778512239456166 -0.097964655607938753 54.360935211181648 0.69556713104248058 136.50000000000003 205.50000000000003
decision_type=2 2 2 2 2 2 2 2 2 2
left_child=6 2 4 -4 -2 -3 7 9 -9 -1
right_child=1 5 3 -5 -6 -7 -8 8 -10 -11
leaf_value=-0.0022855142782223117 -0.19784902105130017 -0.13807384936402897 -0.078135886524714732 0.0030620892774651763 -0.014932319116068342 -0.12037687543343577 -0.32368153717599124 0.0060043323050233254 -0.13245837827992327 0.73136885915751049
leaf_weight=3831 64 35 41 1550 160 34 30 2008 76 35
leaf_count=3831 64 35 41 1550 160 34 30 2008 76 35
internal_value=-0.000101716 -0.00110345 -0.000594714 7.53769e-05 -0.00533333 -0.0142857 0.000214011 0.000268862 0.00122782 -0.000248254
internal_weight=7864 1884 1815 1591 224 69 5980 5950 2084 3866
internal_count=7864 1884 1815 1591 224 69 5980 5950 2084 3866
is_linear=0
shrinkage=0.08


Tree=259
num_leaves=15
num_cat=0
split_feature=23 42 35 25 49 43 26 59 55 22 43 50 0 53
split_gain=0.365717 0.919018 2.27314 1.4858 0.646161 3.47743 1.40673 1.12428 1.45341 0.889716 0.830939 0.420719 2.48049 0.650364
threshold=23.104722023010257 -0.95642796158790577 165.71833801269534 772.42044067382824 28.796388626098636 0.93540480732917797 13173.000000000002 39.500000000000007 14.102638721466066 7.0277857780456552 0.97335553169250499 119.50000000000001 191.87500000000003 47.500000000000007
decision_type=2 2 2 2 2 2 2 2 2 2 2 2 2 2
left_child=4 2 -2 -4 7 6 -6 10 -9 -7 -1 13 -13 -3
right_child=1 11 3 -5 5 9 -8 8 -10 -11 -12 12 -14 -15
leaf_value=-0.0038871247762114081 -0.099883245155629394 0.0014579973713496665 0.33021482124183921 0.007531971103877595 0.032784563816406147 -0.17017479457765189 -0.095772336085969731 -0.049983609400763886 0.005683957163102207 -0.070384246519791804 0.02387078555160075 -0.047422607743485092 0.17890491199516931 -0.025775663721240266
leaf_weight=3444 32 2062 56 68 633 32 39 366 237 46 302 81 57 409
leaf_count=3444 32 2062 56 68 633 32 39 366 237 46 302 81 57 409
internal_value=-6.10299e-05 0.000679682 0.0066242 0.01152 -0.000462745 0.00170439 0.00356612 -0.000836782 -0.00403974 -0.0141772 -0.000320256 0.000321839 0.00460432 8.09061e-05
internal_weight=7864 2765 156 124 5099 750 672 4349 603 78 3746 2609 138 2471
internal_count=7864 2765 156 124 5099 750 672 4349 603 78 3746 2609 138 2471
is_linear=0
shrinkage=0.08


Tree=260
num_leaves=15
num_cat=0
split_feature=30 47 52 50 24 43 43 27 40 56 59 26 11 58
split_gain=0.603464 1.49354 1.08929 2.11973 0.782759 0.819643 0.498484 0.408517 0.906556 0.848594 0.497613 1.13115 0.683346 0.306595
threshold=0.85267856717109691 1.0000000180025095e-35 10.568611145019533 14.500000000000002 255.14286041259768 0.032701563090086018 0.032701563090086018 96.62961578369142 0.23684210330247882 2.5000000000000004 7.5000000000000009 13173.000000000002 4.7413890361785898 26.024305343627933
decision_type=2 2 2 2 2 2 2 2 2 2 2 2 2 2
left_child=7 2 3 -2 6 -6 -3 10 13 -10 12 -12 -1 -9
right_child=1 4 -4 -5 5 -7 -8 8 9 -11 11 -13 -14 -15
leaf_value=0.0022860317963406375 0.31709437090775283 -0.066174199522459676 -0.08824834831218141 -0.0031757272437267403 -0.0077968603582408494 -0.066043571634404261 0.0078129785742629566 0.005284634210064496 0.021657344896065283 0.77592651593251671 -0.0049950150055894935 -0.14261193105013553 -0.025800193238448729 -0.14026930705216231
leaf_weight=5366 36 35 37 62 34 33 31 33 100 39 1690 36 300 32
leaf_count=5366 36 35 37 62 34 33 31 33 100 39 1690 36 300 32
internal_value=-0.000142403 -0.00386617 0.00205882 0.00646465 -0.00985075 -0.0158824 -0.00358209 -1.05305e-05 0.0035122 0.00714286 -0.00010821 -0.00129705 0.000254103 -0.00424242
internal_weight=7864 268 135 98 133 67 66 7596 204 139 7392 1726 5666 65
internal_count=7864 268 135 98 133 67 66 7596 204 139 7392 1726 5666 65
is_linear=0
shrinkage=0.08


Tree=261
num_leaves=14
num_cat=0
split_feature=30 49 49 43 42 49 55 33 50 49 40 15 44
split_gain=0.391146 1.1209 2.09706 1.29167 1.12634 0.994175 0.41812 0.308975 2.21225 1.75701 0.422524 2.76583 0.86235
threshold=0.84523808956146251 0.072638891637325301 7.5352778434753427 -0.63405361771583546 -0.58216583728790272 31.596111297607425 0.46361111104488378 61.957225799560554 60.500000000000007 1.0297222137451174 0.80526316165924083 13.402022361755373 -0.60785761475563038
decision_type=2 2 2 2 2 2 2 2 2 2 2 2 2
left_child=7 4 3 -3 -2 -4 -6 10 9 -9 12 -12 -1
right_child=1 2 5 -5 6 -7 -8 8 -10 -11 11 -13 -14
leaf_value=-0.010145514372264052 7.2653246759770695e-05 0.27052109033184024 -0.046571344709086589 0.0063253155965134061 -0.11311844692904888 0.19917432597183635 -0.18070557218538569 0.025757198329427897 1.7129196229875181 -0.08763975056950471 -0.015651073113464448 0.030401764097476091 0.0039231382518090645
leaf_weight=1529 60 32 104 87 38 31 41 281 35 117 632 256 4621
leaf_count=1529 60 32 104 87 38 31 41 281 35 117 632 256 4621
internal_value=-8.13732e-05 -0.00253807 0.000627451 0.00833333 -0.00828571 -0.00617647 -0.0145 4.81799e-05 0.00211982 0.000401003 -7.95568e-05 -0.00170979 0.000156072
internal_weight=7864 393 254 119 139 135 79 7471 433 398 7038 888 6150
internal_count=7864 393 254 119 139 135 79 7471 433 398 7038 888 6150
is_linear=0
shrinkage=0.08


Tree=262
num_leaves=12
num_cat=0
split_feature=30 49 49 55 42 6 30 40 40 10 51
split_gain=0.448015 0.839222 1.70458 1.75493 0.976339 0.468968 0.306522 1.12778 0.344328 2.28641 0.791229
threshold=0.84523808956146251 0.072638891637325301 2.6265277862548833 3.4106944799423222 -0.58216583728790272 0.20833333581686023 0.83482143282890331 0.37368421256542211 0.16315789520740512 1.3579986095428469 1.0000000180025095e-35
decision_type=2 2 2 2 2 2 2 2 2 2 2
left_child=6 4 -3 -4 -2 -6 8 -8 9 -1 -10
right_child=1 2 3 -5 5 -7 7 -9 10 -11 -12
leaf_value=0.013493064880992521 6.6840987018963459e-05 0.36928550455136966 0.0042920074746574241 -0.065689079333890843 -0.42152794094705748 -0.023798244378762094 -0.015282838855510442 0.053386050150305203 -0.022979267301655212 -0.2654281106384927 1.6222141831931936e-05
leaf_weight=1564 60 32 165 57 37 42 34 31 575 69 5198
leaf_count=1564 60 32 165 57 37 42 34 31 575 69 5198
internal_value=-0.000111888 -0.00274112 0 -0.00251121 -0.00771429 -0.0135 2.67666e-05 0.00545455 -2.16012e-05 0.00100367 -0.000311742
internal_weight=7864 393 254 222 139 79 7471 65 7406 1633 5773
internal_count=7864 393 254 222 139 79 7471 65 7406 1633 5773
is_linear=0
shrinkage=0.08


Tree=263
num_leaves=12
num_cat=0
split_feature=30 49 49 55 42 6 26 59 53 50 53
split_gain=0.427458 0.839222 1.70458 1.75493 0.976339 0.468968 0.323385 1.47211 0.904678 0.675743 0.508113
threshold=0.84523808956146251 0.072638891637325301 2.6265277862548833 3.4106944799423222 -0.58216583728790272 0.20833333581686023 11834.500000000002 36.500000000000007 122.50000000000001 227.00000000000003 127.50000000000001
decision_type=2 2 2 2 2 2 2 2 2 2 2
left_child=6 4 -3 -4 -2 -6 9 8 -8 10 -1
right_child=1 2 3 -5 5 -7 7 -9 -10 -11 -12
leaf_value=0.00093934409661915912 6.1493708057511754e-05 0.33974266418726012 0.0039486468766848047 -0.060433952987179539 -0.38780570567129291 -0.02189438482846107 -0.00064106562730408716 -0.10869590455462672 -0.13409807147397287 -0.15996193231268663 0.027004673050835919
leaf_weight=5504 60 32 165 57 37 42 1532 48 36 38 313
leaf_count=5504 60 32 165 57 37 42 1532 48 36 38 313
internal_value=-0.000172918 -0.00274112 0 -0.00251121 -0.00771429 -0.0135 -3.74732e-05 -0.00103896 -0.000611855 0.000239071 0.000309385
internal_weight=7864 393 254 222 139 79 7471 1616 1568 5855 5817
internal_count=7864 393 254 222 139 79 7471 1616 1568 5855 5817
is_linear=0
shrinkage=0.08


Tree=264
num_leaves=15
num_cat=0
split_feature=30 55 40 42 49 50 7 27 59 58 58 59 26 25
split_gain=0.320309 0.817583 1.6248 1.3545 1.0461 2.00312 0.936599 0.294263 0.949688 1.487 0.509239 0.355714 0.851012 0.553151
threshold=0.84523808956146251 3.6268055438995366 0.48947368562221533 0.84874749183654796 0.072638891637325301 13.500000000000002 1.0000000180025095e-35 99.860286712646499 140.50000000000003 33.761249542236335 28.775833129882816 7.5000000000000009 12533.000000000002 1078.061706542969
decision_type=2 2 2 2 2 2 2 2 2 2 2 2 2 2
left_child=7 4 3 -3 6 -6 -2 11 10 -10 -9 13 -13 -1
right_child=1 2 -4 -5 5 -7 -8 8 9 -11 -12 12 -14 -15
leaf_value=0.0032003256058911501 -0.042519627568114518 -0.19872325459513548 0.014740209904057694 -0.10150243468108677 0.062236595796432113 -0.0045050065016664573 -0.0047382229723789493 0.2375874633748839 -0.18128191641156691 0.074288022358041272 0.6795581230346579 -0.0041418380988756101 -0.10008961763616554 -0.0047553953821366695
leaf_weight=4470 38 36 35 33 71 117 63 49 33 31 32 1641 69 1146
leaf_count=4470 38 36 35 33 71 117 63 49 33 31 32 1641 69 1146
internal_value=-0.000111888 -0.00233503 -0.00838095 -0.0154286 -0.000137931 0.00338624 -0.00666667 5.35332e-06 0.00356164 -0.00369231 0.00926829 -6.55111e-05 -0.00107539 0.000242122
internal_weight=7864 393 104 69 289 188 101 7471 145 64 81 7326 1710 5616
internal_count=7864 393 104 69 289 188 101 7471 145 64 81 7326 1710 5616
is_linear=0
shrinkage=0.08


Tree=265
num_leaves=14
num_cat=0
split_feature=30 47 40 56 43 43 47 43 17 2 9 40 42
split_gain=0.320309 0.970507 0.878303 0.882193 0.864059 0.990185 0.301926 1.34377 1.55483 1.24345 1.15299 1.98146 1.28871
threshold=0.84523808956146251 1.0000000180025095e-35 0.87894737720489513 7.5000000000000009 -0.58216583728790272 -0.097964655607938753 1.0000000180025095e-35 -0.88144907355308522 92.322219848632827 516.50000000000011 0.91834488511085521 0.53157895803451549 0.29012925922870642
decision_type=2 2 2 2 2 2 2 2 2 2 2 2 2
left_child=6 2 3 -2 -3 -6 7 8 -1 -9 12 -12 -8
right_child=1 4 -4 -5 5 -7 10 9 -10 -11 11 -13 -14
leaf_value=0.045693978420282097 -0.0071887933263994341 0.0074599042292956596 0.20298510721512203 0.22617772550760706 -0.11799180765657029 -0.015116201492265767 -0.0076216579180243115 -0.023280933819677697 -0.014528752291091962 0.00098565269707620476 -0.0025797546322021961 0.31227837736516223 0.011026954299829068
leaf_weight=326 136 55 31 31 38 102 1539 1657 174 1582 95 68 2030
leaf_count=326 136 55 31 31 38 102 1539 1657 174 1582 95 68 2030
internal_value=-0.000111888 -0.00233503 0.00160804 -0.000714286 -0.00632653 -0.00964539 5.35332e-06 -0.000502674 0.00335329 -0.00109877 0.000514332 0.00707317 0.000212885
internal_weight=7864 393 198 167 195 140 7471 3739 500 3239 3732 163 3569
internal_count=7864 393 198 167 195 140 7471 3739 500 3239 3732 163 3569
is_linear=0
shrinkage=0.08


Tree=266
num_leaves=13
num_cat=0
split_feature=43 26 58 13 18 34 44 11 43 10 49 15
split_gain=0.41599 1.53046 2.24488 1.75967 1.76928 1.25038 1.2053 0.567327 0.949884 0.466122 0.874636 0.469153
threshold=-0.97335553169250477 9995.0000000000018 5.57694435119629 279.06527709960943 0.21875000000000003 46.235261917114265 -1.0000000180025095e-35 5.3654167652130136 -0.032701563090086067 1.4953616261482241 0.14763888716697696 35.729955673217781
decision_type=2 2 2 2 2 2 2 2 2 2 2 2
left_child=1 2 5 -3 -5 -1 -4 9 -9 11 -11 -2
right_child=7 3 6 4 -6 -7 -8 8 -10 10 -12 -13
leaf_value=-0.0015942763911970471 0.00074074831664447058 -0.062156794829268093 -0.035727761717061032 6.4020098703464212 0.048128255445357697 -0.12479608990963689 0.18609316887455343 0.10778222844159351 -0.0081359441506724649 0.0027983346081453496 -0.050014744098785577 -0.048630487958206708
leaf_weight=48 6876 51 49 34 135 144 77 54 43 111 132 110
leaf_count=48 6876 51 49 34 135 144 77 54 43 111 132 110
internal_value=-8.13732e-05 -0.00222635 -0.00576803 0.00289593 0.00682353 -0.0111917 0.00251969 7.64296e-05 0.00612245 -5.5325e-06 -0.00344262 0.000114498
internal_weight=7864 538 318 220 169 192 126 7326 97 7229 243 6986
internal_count=7864 538 318 220 169 192 126 7326 97 7229 243 6986
is_linear=0
shrinkage=0.08


Tree=267
num_leaves=14
num_cat=0
split_feature=0 42 15 49 49 59 33 52 36 53 21 53 56
split_gain=0.339039 1.16566 1.52136 1.4275 1.09534 0.562816 1.03259 1.24014 0.679428 0.552527 1.62316 1.37552 0.534997
threshold=726.00000000000011 0.88144907355308544 3.2623264789581303 43.855278015136726 7.8852779865264901 7.5000000000000009 47.194206237792976 4.8016667366027841 59.000000000000007 125.50000000000001 3.5682001113891606 110.50000000000001 3.5000000000000004
decision_type=2 2 2 2 2 2 2 2 2 2 2 2 2
left_child=5 3 -3 4 -2 9 7 -7 -8 11 -11 -1 -4
right_child=1 2 12 -5 -6 6 8 -9 -10 10 -12 -13 -14
leaf_value=0.0017252295579194765 0.0014746126030618712 0.013272735806307114 -0.031924884805497725 0.057061529771135613 -0.035301146274169283 -0.083171235870910326 0.0055798123381552503 0.010226953532053464 -0.0096812849297123194 -0.10626117005468899 0.16156331608559582 -0.12346188899416405 -0.18435579694152068
leaf_weight=5085 413 56 36 31 102 68 957 35 791 33 132 87 38
leaf_count=5085 413 56 36 31 102 68 957 35 791 33 132 87 38
internal_value=-6.10299e-05 -0.00177253 -0.00854962 -0.000146252 -0.00116279 0.000100153 -0.00110151 -0.00884615 -0.000640366 0.000517048 0.00506024 0.000371158 -0.016
internal_weight=7864 676 130 546 515 7188 1851 103 1748 5337 165 5172 74
internal_count=7864 676 130 546 515 7188 1851 103 1748 5337 165 5172 74
is_linear=0
shrinkage=0.08


Tree=268
num_leaves=11
num_cat=0
split_feature=36 43 28 49 59 52 43 52 23 50
split_gain=0.292539 1.3264 0.969587 0.957654 1.6651 1.29908 0.531761 0.558666 1.54872 1.0908
threshold=92.000000000000014 -0.99465191364288319 98.49405670166017 0.23236110806465152 14.500000000000002 0.71736109256744396 -0.99892947077751149 1.3841666579246523 20.592222213745121 122.50000000000001
decision_type=2 2 2 2 2 2 2 2 2 2
left_child=6 2 -2 5 -5 -3 -1 9 -9 -8
right_child=1 3 -4 4 -6 -7 7 8 -10 -11
leaf_value=0.017459523856524443 -0.2017797034453131 -0.0011875721542118326 -0.021952456433946423 0.007313149597839015 -0.0089067821353353335 -0.073374507290169366 -0.0014211392932506328 -0.043124674012116809 0.010119509110111054 -0.19300280288369159
leaf_weight=53 40 514 40 1246 421 326 3151 153 1852 68
leaf_count=53 40 514 40 1246 421 326 3151 153 1852 68
internal_value=-9.15448e-05 -0.000788253 -0.0108642 -0.00046252 0.000647482 -0.0026635 0.000250095 0.000168421 0.00121635 -0.000484472
internal_weight=7864 2587 80 2507 1667 840 5277 5224 2005 3219
internal_count=7864 2587 80 2507 1667 840 5277 5224 2005 3219
is_linear=0
shrinkage=0.08


Tree=269
num_leaves=14
num_cat=0
split_feature=30 50 49 55 16 16 40 53 50 49 40 13 40
split_gain=0.275232 0.968439 1.54767 1.165 0.764178 0.728066 0.511167 0.276916 2.04898 0.860786 0.481543 1.77364 0.950194
threshold=0.84523808956146251 23.500000000000004 0.072638891637325301 2.5618056058883671 2.0089248418807988 15.768319606781008 0.45789474248886114 110.50000000000001 112.50000000000001 27.777639389038089 0.85789471864700328 112.9683303833008 0.83684211969375621
decision_type=2 2 2 2 2 2 2 2 2 2 2 2 2
left_child=7 2 5 -4 -3 -2 -6 10 9 -9 12 -12 -1
right_child=1 4 3 -5 6 -7 -8 8 -10 -11 11 -13 -14
leaf_value=0.0011399016188358502 -0.0042735317487010965 0.0012201602418119252 0.017973729737421246 -0.019926792908438601 -0.19755931060649359 -0.22128429112774506 -0.0092516491113625674 -0.010382103484267305 -0.19156173742535942 0.18483735495223585 0.24921205820511763 -0.014666939001132296 0.0089492234166697136
leaf_weight=6220 105 31 112 46 31 34 34 371 47 68 61 588 116
leaf_count=6220 105 31 112 46 31 34 34 371 47 68 61 588 116
internal_value=-7.12015e-05 -0.00213198 0.000134228 0.00553459 -0.00907216 -0.006 -0.0139394 3.74732e-05 -0.00180698 -9.09091e-05 0.000166046 -0.00190769 0.000378728
internal_weight=7864 393 297 158 96 139 65 7471 486 439 6985 649 6336
internal_count=7864 393 297 158 96 139 65 7471 486 439 6985 649 6336
is_linear=0
shrinkage=0.08


Tree=270
num_leaves=12
num_cat=0
split_feature=14 53 40 3 24 11 60 43 40 13 52
split_gain=0.274494 0.841537 0.718239 2.30986 1.60722 0.656301 1.07135 0.698569 0.646557 1.28165 0.620456
threshold=3180.0000000000005 168.50000000000003 0.9421052634716035 16.942963123321537 411.58334350585943 1.5573610663414004 1.0000000180025095e-35 0.88144907355308544 0.9736841917037965 1034.0856933593752 14.386111259460451
decision_type=2 2 2 2 2 2 2 2 2 2 2
left_child=2 8 5 4 -4 6 -1 -7 10 -10 -2
right_child=1 -3 3 -5 -6 7 -8 -9 9 -11 -12
leaf_value=-0.2260036454198466 -0.00058250251243521236 -0.15775544924493351 -0.017833664184238672 -0.10509690348813053 0.14106985345332818 0.00082167953839867641 -0.0041874375102779028 0.10295623228008438 -0.053978601940983424 0.32680508991412538 0.012452488957349744
leaf_weight=38 2029 32 201 32 39 2359 2091 277 33 40 693
leaf_count=38 2029 32 201 32 39 2359 2091 277 33 40 693
internal_value=-5.08582e-05 0.000579915 -0.000404923 -0.0043956 -0.00165975 -0.000176248 -0.00122066 0.000667425 0.000729614 0.00810811 0.000528828
internal_weight=7864 2827 5037 272 240 4765 2129 2636 2795 73 2722
internal_count=7864 2827 5037 272 240 4765 2129 2636 2795 73 2722
is_linear=0
shrinkage=0.08


Tree=271
num_leaves=13
num_cat=0
split_feature=12 42 11 56 9 52 30 40 42 0 58 59
split_gain=0.298275 1.15196 1.91466 1.10023 0.909774 0.782726 0.372286 1.41464 1.44668 1.00864 0.382853 0.402361
threshold=53.593750000000007 0.93540480732917797 4.8018054962158212 7.5000000000000009 0.31909723579883581 0.035694444552063949 0.84523808956146251 0.32105262577533727 -0.77259656786918629 726.00000000000011 793.11471557617199 170.00000000000003
decision_type=2 2 2 2 2 2 2 2 2 2 2 2
left_child=1 3 5 4 -1 -3 10 9 -9 -8 11 -2
right_child=6 2 -4 -5 -6 -7 7 8 -10 -11 -12 -13
leaf_value=-0.080244636219528778 0.00062072397189822943 0.0030886983153609292 -0.035832577973116411 0.026443695295226721 -0.0043765405397010997 0.61871263702258594 -0.073324956794794435 -0.0082251727447108895 0.014051324708810852 -0.57806844809858371 -0.067024729351032514 0.029190868679302897
leaf_weight=139 6809 35 32 52 307 30 45 58 126 30 55 146
leaf_count=139 6809 35 32 52 307 30 45 58 126 30 55 146
internal_value=-9.15448e-05 -0.00181208 0.00612245 -0.00336673 -0.00465324 0.0139394 4.95186e-05 -0.00292308 0.000864865 -0.0121053 0.000159749 0.000212766
internal_weight=7864 595 97 498 446 65 7269 259 184 75 7010 6955
internal_count=7864 595 97 498 446 65 7269 259 184 75 7010 6955
is_linear=0
shrinkage=0.08


Tree=272
num_leaves=12
num_cat=0
split_feature=59 49 50 59 13 42 43 23 59 30 59
split_gain=0.40471 1.50296 2.01856 1.1241 1.49776 1.43661 1.01595 0.815047 0.694896 1.30852 0.8512
threshold=132.50000000000003 36.581806182861335 106.50000000000001 96.500000000000014 146.12386322021487 0.77259656786918651 0.35206145048141485 21.994444847106937 86.500000000000014 0.78125000000000011 72.500000000000014
decision_type=2 2 2 2 2 2 2 2 2 2 2
left_child=3 2 7 8 6 -6 -5 -2 10 -10 -1
right_child=1 -3 -4 4 5 -7 -8 -9 9 -11 -12
leaf_value=6.4779742652483209e-05 -0.044220651831372512 -0.11433366773437509 0.19944075957613913 0.21946498320939484 -0.1119713534415432 -0.011254628011854315 -0.055528130259525098 0.039098378320910288 0.14052625627523868 -0.015036210930678494 -0.051690755801184915
leaf_weight=7063 92 38 42 60 110 71 35 189 47 34 83
leaf_count=7063 92 38 42 60 110 71 35 189 47 34 83
internal_value=-7.12015e-05 0.00254144 0.00432099 -0.000197228 -0.00519856 -0.00945055 0.00291667 0.00184397 -5.53403e-06 0.00731707 -8.95481e-05
internal_weight=7864 361 323 7503 276 181 95 281 7227 81 7146
internal_count=7864 361 323 7503 276 181 95 281 7227 81 7146
is_linear=0
shrinkage=0.08


Tree=273
num_leaves=12
num_cat=0
split_feature=14 42 58 47 21 40 40 21 31 49 53
split_gain=0.33845 0.708641 0.542879 0.522276 0.332391 1.24127 1.47509 0.606369 0.56872 1.38283 0.475111
threshold=114.50000000000001 0.72947329282760631 1.0000000180025095e-35 1.0000000180025095e-35 6.5460040569305429 0.76315790414810192 0.6473684310913087 8.2749626636505145 0.37267799675464636 8.1094446182250994 168.50000000000003
decision_type=2 2 2 2 2 2 2 2 2 2 2
left_child=1 2 3 -1 8 6 -6 -7 9 -2 -10
right_child=4 -3 -4 -5 5 7 -8 -9 10 -11 -12
leaf_value=0.0015279968796763654 -0.0018108054219177561 -0.035926865932065372 0.1209763895617008 -0.017199725319052846 0.009189456990819132 0.12352460954868917 -0.044807818536858356 0.0037842921518086948 0.0002085739548170551 -0.14908232604441565 -0.032075574831728772
leaf_weight=38 202 39 41 39 324 43 36 42 6888 55 117
leaf_count=38 202 39 41 39 324 43 36 42 6888 55 117
internal_value=-0.000132231 -0.00379747 -0.000672269 -0.00461538 -5.70835e-05 0.00206278 0 0.0106977 -0.00018725 -0.00387597 -5.13845e-05
internal_weight=7864 157 118 77 7707 445 360 85 7262 257 7005
internal_count=7864 157 118 77 7707 445 360 85 7262 257 7005
is_linear=0
shrinkage=0.08


Tree=274
num_leaves=15
num_cat=0
split_feature=28 55 44 42 49 49 40 14 45 31 55 52 18 12
split_gain=0.298341 1.2764 1.37333 1.15945 1.82542 2.27536 1.60398 1.96144 1.48394 1.20837 0.916076 0.628377 0.60583 0.415212
threshold=178.96363830566409 60.344306945800788 1.0000000180025095e-35 -0.35206145048141474 3.7995833158493046 56.154998779296882 0.16315789520740512 815.00000000000011 0.81174489855766307 0.42591769993305212 143.3948669433594 350.27223205566412 0.15625000000000003 331.46875000000006
decision_type=2 2 2 2 2 2 2 2 2 2 2 2 2 2
left_child=1 11 10 4 8 -6 7 -5 -2 -8 -3 12 -1 -4
right_child=3 2 13 6 5 -7 9 -9 -10 -11 -12 -13 -14 -15
leaf_value=0.047127592401955382 0.0089512482645360339 0.028179813909020784 1.0684109618507949 -0.053952277577326985 -0.073902777643703635 0.65245385113639831 0.0019846679815027591 0.096244631241441503 0.48815796201508926 -0.03597424138112329 -0.10305434517842572 0.043571873648607491 -0.00081074534075547438 0.064217666829853859
leaf_weight=95 489 68 30 159 67 30 486 602 68 1316 36 47 4339 32
leaf_count=95 489 68 30 159 67 30 486 602 68 1316 36 47 4339 32
internal_value=-9.15448e-05 0.000318417 0.00718563 -0.000683654 0.00232061 -0.0077551 -0.00145086 0.0016273 0.00408602 -0.00275097 0.00152381 6.24721e-05 -3.60767e-05 0.0165079
internal_weight=7864 4647 166 3217 654 97 2563 761 557 1802 104 4481 4434 62
internal_count=7864 4647 166 3217 654 97 2563 761 557 1802 104 4481 4434 62
is_linear=0
shrinkage=0.08


Tree=275
num_leaves=14
num_cat=0
split_feature=53 33 58 53 10 18 36 53 15 42 55 36 45
split_gain=0.393229 2.00913 2.22816 0.942735 2.05466 1.85628 1.20106 0.792073 1.81073 1.08427 0.693946 1.66697 1.22721
threshold=47.500000000000007 52.354940414428718 1.7125000357627871 15.500000000000002 0.21742971241474154 0.19791666418313983 59.000000000000007 70.500000000000014 7.9993662834167489 0.41248606145381933 6.748333454132081 314.50000000000006 1.0000000180025095e-35
decision_type=2 2 2 2 2 2 2 2 2 2 2 2 2
left_child=3 2 -2 10 6 -6 -5 8 -3 -9 12 -12 -1
right_child=1 7 -4 4 5 -7 -8 9 -10 -11 11 -13 -14
leaf_value=0.0052498430845862318 0.013803766452217392 0.16769396079418208 -0.084962599596733843 0.25749700594242425 0.1123685835042474 -0.0091641523337730752 0.23825131295689944 0.017859693550234396 -0.11202652305773909 -0.01412784602704022 -0.025497796570194697 0.040382829964044228 -0.0079813889962188616
leaf_weight=2806 32 48 33 58 34 329 35 452 155 463 1390 210 1819
leaf_count=2806 32 48 33 58 34 329 35 452 155 463 1390 210 1819
internal_value=-0.00024412 -0.00158784 -0.0151515 -5.98623e-06 0.00350109 0.000769231 0.0140426 -0.000786416 -0.00529412 0.000218341 -0.000263412 -0.00169894 0.000233463
internal_weight=7864 1183 65 6681 456 363 93 1118 203 915 6225 1600 4625
internal_count=7864 1183 65 6681 456 363 93 1118 203 915 6225 1600 4625
is_linear=0
shrinkage=0.08


Tree=276
num_leaves=9
num_cat=0
split_feature=52 53 59 59 55 42 49 59
split_gain=0.446013 1.0825 0.4378 1.42516 1.40614 1.37568 1.09597 0.474279
threshold=668.38665771484386 36.500000000000007 132.50000000000003 96.500000000000014 74.31333160400392 0.81241145730018627 36.581806182861335 89.500000000000014
decision_type=2 2 2 2 2 2 2 2
left_child=2 -2 3 7 6 -5 -4 -1
right_child=1 -3 4 5 -6 -7 -8 -9
leaf_value=-0.0002915672415547377 0.0339845506788609 -0.017986875623221363 0.040127957746010912 -0.04550486280894294 -0.15777152228079713 0.14924294051709161 -0.072885843111503798 0.1718111929188266
leaf_weight=7102 31 32 294 186 33 89 32 65
leaf_count=7102 31 32 294 186 33 89 32 65
internal_value=-0.000223776 -0.006875 -0.000169187 -0.000300954 0.00255556 -0.00594203 0.00415902 -8.37054e-05
internal_weight=7864 63 7801 7442 359 275 326 7167
internal_count=7864 63 7801 7442 359 275 326 7167
is_linear=0
shrinkage=0.08


Tree=277
num_leaves=10
num_cat=0
split_feature=52 53 59 16 42 43 59 50 42
split_gain=0.44057 1.0825 0.400363 1.49349 1.06372 0.910201 0.580657 1.1912 0.688363
threshold=668.38665771484386 36.500000000000007 39.500000000000007 50.184326171875007 -0.97335553169250477 -0.72947329282760609 28.500000000000004 2.5000000000000004 -0.98611506819725026
decision_type=2 2 2 2 2 2 2 2 2
left_child=2 -2 6 4 -4 -5 8 -8 -1
right_child=1 -3 3 5 -6 -7 7 -9 -10
leaf_value=-0.024740704013655322 0.031265786624552025 -0.016547925573363646 0.072730922998193823 0.0025908797412769503 -0.0054846519739734315 -0.14365703454200215 0.25431675472251614 -0.00508888533155897 0.00014682561940730922
leaf_weight=206 31 32 31 33 966 85 75 99 6306
leaf_count=206 31 32 31 33 966 85 75 99 6306
internal_value=-0.000264463 -0.006875 -0.000210203 -0.0016129 -0.000601202 -0.010084 2.3927e-05 0.00457143 -9.8265e-05
internal_weight=7864 63 7801 1115 997 118 6686 174 6512
internal_count=7864 63 7801 1115 997 118 6686 174 6512
is_linear=0
shrinkage=0.08


Tree=278
num_leaves=10
num_cat=0
split_feature=52 53 59 40 52 25 59 4 49
split_gain=0.44057 1.0825 0.398829 1.09428 1.8857 1.39841 0.762541 1.09918 0.612824
threshold=668.38665771484386 36.500000000000007 35.500000000000007 0.11052631586790086 0.035694444552063949 903.09774780273449 29.500000000000004 14.929685115814211 292.92056274414068
decision_type=2 2 2 2 2 2 2 2 2
left_child=2 -2 6 4 -4 -5 8 -8 -1
right_child=1 -3 3 5 -6 -7 7 -9 -10
leaf_value=8.6186107926202742e-05 0.028764523694587894 -0.015224091527494548 0.10247038350446985 0.000318505343295854 -0.16843074262091506 -0.090339952161853462 0.16407006491249435 -0.036894874147069177 -0.045930453148236253
leaf_weight=6395 31 32 67 951 103 49 68 38 130
leaf_count=6395 31 32 67 951 103 49 68 38 130
internal_value=-0.000264463 -0.006875 -0.000210203 -0.00157131 -0.00748538 -0.000559441 3.01568e-05 0.00672897 -7.96813e-05
internal_weight=7864 63 7801 1170 170 1000 6631 106 6525
internal_count=7864 63 7801 1170 170 1000 6631 106 6525
is_linear=0
shrinkage=0.08


Tree=279
num_leaves=8
num_cat=0
split_feature=52 53 12 53 43 50 50
split_gain=0.443287 1.0825 0.334438 0.660525 0.639573 0.631785 1.09949
threshold=668.38665771484386 36.500000000000007 229.30208587646487 214.00000000000003 0.97335553169250499 241.50000000000003 119.50000000000001
decision_type=2 2 2 2 2 2 2
left_child=2 -2 3 4 -1 6 -4
right_child=1 -3 5 -5 -6 -7 -8
leaf_value=-0.0028886476022748297 0.02646336179902093 -0.014006164205294991 0.00029843687019955213 0.83306746778804441 -0.026227303898106045 -0.055231309503287702 0.023295950948954671
leaf_weight=3148 31 32 4158 35 250 33 177
leaf_count=3148 31 32 4158 35 250 33 177
internal_value=-0.00024412 -0.006875 -0.000189695 -0.000780431 -0.000894381 0.000274662 0.000359779
internal_weight=7864 63 7801 3433 3398 4368 4335
internal_count=7864 63 7801 3433 3398 4368 4335
is_linear=0
shrinkage=0.08


Tree=280
num_leaves=12
num_cat=0
split_feature=21 43 43 9 42 26 53 55 10 43 12
split_gain=0.37961 1.46575 1.65837 0.748647 1.38959 1.21491 0.710012 0.862376 0.610832 0.57994 0.521151
threshold=6.5460040569305429 0.97335553169250499 0.88144907355308544 0.81446757912635814 0.95642796158790599 11557.500000000002 173.50000000000003 21.040555953979496 1.3962430357933047 0.52778512239456188 16.499999523162845
decision_type=2 2 2 2 2 2 2 2 2 2 2
left_child=3 2 9 6 5 -5 10 -8 -6 -2 -1
right_child=1 -3 -4 4 8 -7 7 -9 -10 -11 -12
leaf_value=-0.031926093044065629 0.0014808240019081173 0.2027556708276704 -0.079333366575712175 0.00037126684682016632 -0.039372818839209234 -0.059018782483702736 -0.005529437714383789 -0.25894594765902695 -0.34073431082168276 0.041142154956601916 7.8596212328037047e-05
leaf_weight=57 380 41 39 362 36 51 75 35 32 85 6671
leaf_count=57 380 41 39 362 36 51 75 35 32 85 6671
internal_value=-0.000203433 0.0018315 0.000633663 -0.000355191 -0.00340249 -0.00164251 -0.000140371 -0.00648649 -0.013913 0.00197425 -3.56665e-05
internal_weight=7864 545 504 7319 481 413 6838 110 68 465 6728
internal_count=7864 545 504 7319 481 413 6838 110 68 465 6728
is_linear=0
shrinkage=0.08


Tree=281
num_leaves=12
num_cat=0
split_feature=59 50 16 42 52 59 18 42 1 29 40
split_gain=0.384233 1.10567 1.01989 0.995878 0.87471 0.521578 0.926125 0.588102 1.44017 0.503104 0.429724
threshold=35.500000000000007 161.50000000000003 50.184326171875007 0.58216583728790294 26.97500038146973 28.500000000000004 0.34375000000000006 -0.98611506819725026 113.39001464843751 2488.531616210938 0.39473684132099157
decision_type=2 2 2 2 2 2 2 2 2 2 2
left_child=5 2 3 -2 -4 7 10 8 -1 -9 -7
right_child=1 -3 4 -5 -6 6 -8 9 -10 -11 -12
leaf_value=-0.11629613656160291 -0.012511499963099412 -0.10220971765438112 -0.11333137248139366 0.040595900806496416 0.010893068075066807 0.26897637305587735 -0.090504418634396025 0.002086571401078121 0.0031788550215771493 -0.0089152423703600433 0.059758678026958452
leaf_weight=100 571 36 87 447 40 32 37 3923 106 2432 53
leaf_count=100 571 36 87 447 40 32 37 3923 106 2432 53
internal_value=-0.000193261 -0.00152284 -0.00108202 -0.000235525 -0.0078125 4.18911e-05 0.00520325 -5.48613e-05 -0.00425121 8.18125e-05 0.00976744
internal_weight=7864 1181 1145 1018 127 6683 122 6561 206 6355 85
internal_count=7864 1181 1145 1018 127 6683 122 6561 206 6355 85
is_linear=0
shrinkage=0.08


Tree=282
num_leaves=14
num_cat=0
split_feature=12 43 49 43 52 58 58 55 50 40 34 34 6
split_gain=0.374533 0.817208 1.64103 1.08492 0.784904 0.64926 1.20067 1.54072 0.840089 0.5791 2.06736 1.1824 0.571126
threshold=229.30208587646487 0.97335553169250499 3.5249999761581425 0.98611506819725048 5.9322223663330087 377.78193664550787 91.445552825927749 0.089166667312383666 241.50000000000003 0.13157894462347033 48.029865264892585 43.609855651855476 0.12500000372529033
decision_type=2 2 2 2 2 2 2 2 2 2 2 2 2
left_child=1 9 4 -4 -3 6 8 -8 -2 10 -1 -11 -7
right_child=5 2 3 -5 -6 12 7 -9 -10 11 -12 -13 -14
leaf_value=0.32876127054256699 0.0010442084821538345 -0.020410608512761934 -0.11500589201693057 -0.056984952532612161 0.262893881407609 -0.27736754348425019 0.85547071184058054 0.053499049797822662 -0.12530104506415449 0.10672055774505922 -0.014132864299655665 -0.0072803150362741676 0.0053822673207805137
leaf_weight=158 4189 130 30 64 33 30 42 77 30 155 289 2607 30
leaf_count=158 4189 130 30 64 33 30 42 77 30 155 289 2607 30
internal_value=-0.000162746 -0.00078454 -0.00511628 -0.0134737 -0.000243902 0.000327347 0.000442498 0.00833333 0.000218009 -0.000436137 0.00223214 -0.000868621 -0.00786885
internal_weight=7864 3466 257 94 163 4398 4338 119 4219 3209 447 2762 60
internal_count=7864 3466 257 94 163 4398 4338 119 4219 3209 447 2762 60
is_linear=0
shrinkage=0.08


Tree=283
num_leaves=14
num_cat=0
split_feature=12 42 58 0 59 24 40 59 31 49 11 58 58
split_gain=0.534008 0.923175 1.28309 0.701761 0.625596 0.553033 0.413759 0.388283 0.885697 0.803721 0.786084 0.616327 0.66441
threshold=53.593750000000007 0.93540480732917797 7.6150000095367441 1.0000000180025095e-35 132.50000000000003 230.89286041259768 0.63684210181236278 4.5000000000000009 0.49758039414882665 1.1861110925674441 5.0084722042083749 192.14777374267581 32.008888244628913
decision_type=2 2 2 2 2 2 2 2 2 2 2 2 2
left_child=1 3 5 6 -5 -3 -1 11 10 -10 -9 12 -2
right_child=7 2 -4 4 -6 -7 -8 8 9 -11 -12 -13 -14
leaf_value=0.048702382511168166 0.00072489982422109089 0.099069737524245693 -0.043671732887216451 -0.028435468392797442 0.0034445494513056828 0.0072590390675848762 -0.0031611147076463907 -0.0052619373138321638 -0.054710348546731992 0.0020706457461933071 1.3576554499936342 -0.056592133419160612 0.068174578044629772
leaf_weight=30 5056 36 31 378 50 30 40 1910 42 32 36 42 151
leaf_count=30 5056 36 31 378 50 30 40 1910 42 32 36 42 151
internal_value=-0.000315321 -0.00261745 0.0044898 -0.00400802 -0.00522145 0.0107463 0.00338028 -0.000126547 -0.00106878 -0.0096 -0.000739599 0.00023619 0.0003149
internal_weight=7864 595 97 498 428 66 70 7269 2020 74 1946 5249 5207
internal_count=7864 595 97 498 428 66 70 7269 2020 74 1946 5249 5207
is_linear=0
shrinkage=0.08


Tree=284
num_leaves=12
num_cat=0
split_feature=13 56 26 58 59 58 40 58 58 25 58
split_gain=0.634901 0.846604 1.6993 1.05891 1.23444 0.423634 1.62516 1.66003 1.56214 1.86182 1.12534
threshold=98.730468750000014 6.5000000000000009 9026.0000000000018 35.948194503784187 133.50000000000003 25.496666908264164 0.036842105910182006 33.761249542236335 21.532777786254886 598.90237426757824 15.977222442626955
decision_type=2 2 2 2 2 2 2 2 2 2 2
left_child=1 3 -3 4 -1 8 -7 -8 10 -10 -2
right_child=5 2 -4 -5 -6 6 7 -9 9 -11 -12
leaf_value=-0.014240056482971965 0.00056201982154529878 0.90151822261422754 -0.02129910210519043 -0.2092042006027755 0.12893431652990905 -0.11267428409643379 -0.038364873254609133 0.0099197473930825453 -0.006729546441086409 0.29471320591562261 -0.038829999499672099
leaf_weight=381 5856 31 38 36 36 37 308 723 90 74 254
leaf_count=381 5856 31 38 36 36 37 308 723 90 74 254
internal_value=-0.000366179 -0.00305927 0.00514286 -0.00431718 -0.00315789 -0.000174316 -0.0016464 -0.00104651 7.6494e-05 0.00775758 -0.000130911
internal_weight=7864 522 69 453 417 7342 1068 1031 6274 164 6110
internal_count=7864 522 69 453 417 7342 1068 1031 6274 164 6110
is_linear=0
shrinkage=0.08


Tree=285
num_leaves=14
num_cat=0
split_feature=13 6 43 47 42 52 58 36 50 56 43 55 30
split_gain=0.511683 0.623262 0.967733 0.891735 0.794083 1.02884 0.605534 0.400275 0.70854 1.49916 0.857623 0.515365 0.476928
threshold=98.730468750000014 0.20833333581686023 -0.77259656786918629 1.0000000180025095e-35 0.88144907355308544 2.1544444561004643 0.80333334207534801 1.0000000180025095e-35 1.5000000000000002 51.500000000000007 -0.58216583728790272 740.88333129882824 0.84523808956146251
decision_type=2 2 2 2 2 2 2 2 2 2 2 2 2
left_child=1 2 -1 -4 6 -6 -3 8 10 -10 -2 12 -9
right_child=7 4 3 -5 5 -7 -8 11 9 -11 -12 -13 -14
leaf_value=0.029085030814512792 0.083850553177927126 -0.00014667027552604851 -0.078871186632867143 -0.029355170255951836 0.2365417348178174 -0.034062204458909076 -0.051698301308218751 -0.00045231668947771198 0.0073567777440020519 -0.17824714596305075 0.0014000647754032513 -0.046322635311904573 -0.0049566812187349287
leaf_weight=31 150 191 75 78 37 31 79 6282 226 73 315 53 243
leaf_count=31 150 191 75 78 37 31 79 6282 226 73 315 53 243
internal_value=-0.000335664 -0.00275335 -0.00648649 -0.00909091 -0.000707965 0.00695652 -0.00265683 -0.000163421 0.00156863 -0.00146667 0.00351931 -0.000364797 -0.000300337
internal_weight=7864 522 184 153 338 68 270 7342 764 299 465 6578 6525
internal_count=7864 522 184 153 338 68 270 7342 764 299 465 6578 6525
is_linear=0
shrinkage=0.08


Tree=286
num_leaves=14
num_cat=0
split_feature=14 40 15 49 7 40 29 53 53 43 5 33 50
split_gain=0.394694 1.11908 1.82597 2.61418 1.67142 0.850205 0.457339 2.32084 1.76532 0.752575 1.62616 1.01778 0.450932
threshold=9026.0000000000018 0.23684210330247882 7.7050030231475839 16.056388854980472 0.37267799675464636 0.36315789818763738 5219.1750488281259 24.500000000000004 4.5000000000000009 0.99465191364288341 46.736249923706062 48.891698837280281 3.5000000000000004
decision_type=2 2 2 2 2 2 2 2 2 2 2 2 2
left_child=6 2 3 -2 12 -6 9 8 -8 11 -11 -1 -3
right_child=1 4 -4 -5 5 -7 7 -9 -10 10 -12 -13 -14
leaf_value=0.042582430848845214 0.029478146674940239 -0.09687684698854597 -0.057607288111914276 1.7869686389313608 -0.14941814415763752 0.065496287103367745 -0.016717199572671291 -0.059252393018299328 0.41390900219611709 -0.040732662885655982 0.047091524644574466 -0.0011671538162764251 0.0030793154720014826
leaf_weight=386 172 209 52 33 58 182 971 47 107 137 45 5371 94
leaf_count=386 172 209 52 33 58 182 971 47 107 137 45 5371 94
internal_value=-0.000284806 0.00139825 0.00573643 0.00912621 -0.000661765 0.00431535 -0.000475584 -0.00195382 -0.00118628 -0.000195286 -0.0052459 -3.47343e-05 -0.00460526
internal_weight=7864 800 257 205 543 240 7064 1125 1078 5939 182 5757 303
internal_count=7864 800 257 205 543 240 7064 1125 1078 5939 182 5757 303
is_linear=0
shrinkage=0.08


Tree=287
num_leaves=14
num_cat=0
split_feature=58 59 13 36 15 42 59 59 36 22 58 19 13
split_gain=0.381352 1.3778 1.99377 1.01182 2.11655 1.65616 0.850019 1.39424 1.34451 0.765625 0.597323 1.75484 1.0513
threshold=12.453333377838137 1.5000000000000002 425.05114746093756 309.50000000000006 3.0439872741699223 0.63405361771583568 70.500000000000014 132.50000000000003 30.500000000000004 6.8975541591644296 7.7918055057525644 0.49300666153430944 2420.149291992188
decision_type=2 2 2 2 2 2 2 2 2 2 2 2 2
left_child=6 2 -2 4 -3 -5 10 8 -8 -4 12 -12 -1
right_child=1 3 9 5 -6 -7 7 -9 -10 -11 11 -13 -14
leaf_value=0.00020957516385876731 -0.078735609000390658 0.0049443704177333106 -0.14225556325964581 -0.0060932717688251615 -0.03703784019654062 0.39578803070148183 -0.0027820505765476966 0.0092101068156098982 -0.16566010049506757 0.046280344788969578 0.0048236158908810016 0.88169236327022305 -0.030851095260917082
leaf_weight=5600 52 947 31 115 568 55 30 48 31 31 268 42 46
leaf_count=5600 52 947 31 115 568 55 30 48 31 31 268 42 46
internal_value=-0.00024412 -0.00126667 -0.00973913 -0.000688019 -0.00134565 0.0051462 5.93472e-05 -0.00690909 -0.0148387 0 0.000188014 0.00360129 0
internal_weight=7864 1799 114 1685 1515 170 6065 109 61 62 5956 310 5646
internal_count=7864 1799 114 1685 1515 170 6065 109 61 62 5956 310 5646
is_linear=0
shrinkage=0.08


Tree=288
num_leaves=13
num_cat=0
split_feature=59 55 59 59 52 15 47 12 59 43 7 31
split_gain=0.436829 1.69401 1.40694 1.07669 1.28348 1.40756 0.921893 0.873621 0.86621 0.566827 1.62886 0.54928
threshold=132.50000000000003 48.92138862609864 189.50000000000003 96.500000000000014 31.982639312744144 0.1984461843967438 1.0000000180025095e-35 139.26041412353518 231.00000000000003 -0.99892947077751149 0.40284535288810736 0.49811403453350073
decision_type=2 2 2 2 2 2 2 2 2 2 2 2
left_child=3 2 6 9 5 -5 -2 -6 -4 10 -1 -11
right_child=1 -3 8 4 7 -7 -8 -9 -10 11 -12 -13
leaf_value=0.032697469809970701 0.11858774835551103 -0.17266579796278181 -0.066416263161114278 1.4199862349964627 -0.063944917285532907 -0.03329176820478736 0.028297468787963426 -0.26957680092575953 0.013848903423405013 -0.00013948504048869382 -0.045721790595781187 -0.014398459675037287
leaf_weight=47 94 39 49 35 30 179 105 32 74 6841 30 309
leaf_count=47 94 39 49 35 30 179 105 32 74 6841 30 309
internal_value=-0.000172918 0.00254144 0.0044582 -0.000303838 -0.00519856 -0.00223256 0.0086 -0.0152381 -0.00225806 -0.000116215 0.00666667 -0.000190183
internal_weight=7864 361 322 7503 276 214 199 62 123 7227 77 7150
internal_count=7864 361 322 7503 276 214 199 62 123 7227 77 7150
is_linear=0
shrinkage=0.08


Tree=289
num_leaves=13
num_cat=0
split_feature=14 43 53 40 26 42 16 43 26 40 43 3
split_gain=0.427901 1.34023 1.00284 0.963885 0.614998 1.10789 0.84375 0.733403 0.691816 2.34473 1.01915 0.598427
threshold=9026.0000000000018 0.97335553169250499 55.500000000000007 0.23684210330247882 11834.500000000002 -0.9103761315345763 24.60136699676514 0.99465191364288341 9832.5000000000018 0.6473684310913087 -0.97335553169250477 0.009050925727933647
decision_type=2 2 2 2 2 2 2 2 2 2 2 2
left_child=4 2 3 -2 8 6 -6 -7 10 -10 -1 -3
right_child=1 11 -4 -5 5 7 -8 -9 9 -11 -12 -13
leaf_value=-0.027832733444424846 0.091569096232135799 0.018494831543726904 -0.15852540142257865 -0.0037165480182351552 -0.00024189001957331869 -0.012793714615237697 0.22403308870030572 -0.098348021255277251 0.036077763416144083 -0.029870638313549875 -0.0010359785520756759 0.28263151101576456
leaf_weight=313 198 32 49 491 60 1101 39 32 964 309 4246 30
leaf_count=313 198 32 49 491 60 1101 39 32 964 309 4246 30
internal_value=-0.000254291 0.00149813 0.000541272 0.00133333 -0.000452937 -0.00207624 0.006 -0.0027866 -0.000109721 0.00153846 -0.000570175 0.0126984
internal_weight=7864 800 738 689 7064 1232 99 1133 5832 1273 4559 62
internal_count=7864 800 738 689 7064 1232 99 1133 5832 1273 4559 62
is_linear=0
shrinkage=0.08


Tree=290
num_leaves=15
num_cat=0
split_feature=26 42 12 42 40 42 34 53 26 42 22 2 43 58
split_gain=0.344546 0.966797 1.14931 1.34556 1.08046 0.76253 2.14183 0.98624 0.594664 1.27552 3.18644 1.74976 0.777581 2.11844
threshold=11834.500000000002 -0.72947329282760609 241.78125000000003 -0.9103761315345763 0.69999998807907116 -0.2901292592287063 50.891822814941413 120.50000000000001 9995.0000000000018 -0.63405361771583546 6.2184813022613534 190.00000000000003 -0.97335553169250477 5.57694435119629
decision_type=2 2 2 2 2 2 2 2 2 2 2 2 2 2
left_child=8 2 3 -2 -4 6 -3 -7 12 10 -10 -11 13 -1
right_child=1 5 4 -5 -6 7 -8 -9 9 11 -12 -13 -14 -15
leaf_value=-0.074117623817331765 0.019226888774959434 -0.098789179167080618 0.17343744772706554 -0.1114101512283311 0.019253081738189501 -0.0036924440293401961 0.10322177039261647 -0.13535144685409095 -0.63517179338335572 0.44805902154852306 -0.0039127371647688135 0.0046625467372866684 -0.0007485925728068566 0.033615037909055304
leaf_weight=192 51 133 42 43 96 1170 51 30 35 245 259 865 4526 126
leaf_count=192 51 133 42 43 96 1170 51 30 35 245 259 865 4526 126
internal_value=-0.000294978 -0.00133581 0.00343348 -0.00336842 0.00805755 -0.00213718 -0.00691892 -0.00139883 -2.56041e-05 0.00142349 -0.00325424 0.00266427 -0.00044582 -0.00426332
internal_weight=7864 1616 232 94 138 1384 184 1200 6248 1404 294 1110 4844 318
internal_count=7864 1616 232 94 138 1384 184 1200 6248 1404 294 1110 4844 318
is_linear=0
shrinkage=0.08


Tree=291
num_leaves=7
num_cat=0
split_feature=40 26 49 58 31 27
split_gain=0.473848 0.990136 0.388477 0.372041 1.50667 1.06564
threshold=0.99473685026168834 9026.0000000000018 1490.3750000000002 12.453333377838137 0.49758039414882665 83.047992706298842
decision_type=2 2 2 2 2 2
left_child=2 -2 3 5 -5 -1
right_child=1 -3 -4 4 -6 -7
leaf_value=-0.00090169131074951286 0.070282285478582271 -0.080805647653185222 0.03407029239180908 -0.0042013008414390285 -0.049241468820609501 0.035467054839086819
leaf_weight=5701 36 32 33 1696 78 288
leaf_count=5701 36 32 33 1696 78 288
internal_value=-0.000356008 -0.00695652 -0.00029755 -0.000334879 -0.00135211 -3.3389e-05
internal_weight=7864 68 7796 7763 1774 5989
internal_count=7864 68 7796 7763 1774 5989
is_linear=0
shrinkage=0.08


Tree=292
num_leaves=13
num_cat=0
split_feature=5 40 40 52 24 40 58 59 26 25 43 43
split_gain=0.386848 1.58505 1.37541 1.3039 0.935906 0.583944 0.653409 0.387282 1.14123 0.971285 0.818163 0.773301
threshold=91.794860839843764 0.2578947395086289 0.57368421554565441 1.3841666579246523 373.40475463867193 0.17368421703577044 2.1911110877990727 7.5000000000000009 13173.000000000002 1071.518981933594 -0.99892947077751149 -0.84874749183654774
decision_type=2 2 2 2 2 2 2 2 2 2 2 2
left_child=7 5 3 -3 -4 6 -2 10 9 -9 -1 -12
right_child=1 2 4 -5 -6 -7 -8 8 -10 -11 11 -13
leaf_value=0.035006854765523593 0.0060831719993197451 0.20234921083373025 -0.016492513970440114 -0.19712196774941565 -0.36399354658143601 -0.28810097426288894 -0.35882581677771314 -0.005115781466774081 -0.08703509389791364 0.30689868874364351 -0.013074629185488676 0.0013697955798399697
leaf_weight=58 46 102 81 58 45 35 43 1707 36 44 859 4750
leaf_count=58 46 102 81 58 45 35 43 1707 36 44 859 4750
internal_value=-0.000335664 -0.00272506 0.000557491 0.00546584 -0.00566929 -0.01024 -0.00666667 -0.00020389 -0.00123043 -0.000936073 0.000119972 2.13904e-05
internal_weight=7864 410 286 160 126 124 89 7454 1787 1751 5667 5609
internal_count=7864 410 286 160 126 124 89 7454 1787 1751 5667 5609
is_linear=0
shrinkage=0.08


Tree=293
num_leaves=15
num_cat=0
split_feature=5 40 56 52 56 58 55 27 42 0 49 49 36 24
split_gain=0.393465 0.904689 0.978263 1.73743 1.40799 0.911667 0.370778 0.339785 1.79151 2.86361 1.28224 0.947827 1.63665 1.418
threshold=91.794860839843764 0.26842105388641363 35.500000000000007 23.326527595520023 14.500000000000002 10.247916698455812 7.9098610877990732 48.218011856079109 -0.72947329282760609 39.458332061767585 0.44416667520999914 0.44416667520999914 475.50000000000006 248.43303680419925
decision_type=2 2 2 2 2 2 2 2 2 2 2 2 2 2
left_child=7 5 4 -4 -3 6 -2 11 9 -9 -10 12 -1 -13
right_child=1 2 3 -5 -6 -7 -8 8 10 -11 -12 13 -14 -15
leaf_value=0.011108939752891445 0.0010410339051367145 -0.0081512063974207658 -0.50704494177313142 1.7312178534292997 0.47706345881612122 -0.36809454021783616 -0.10525330561084431 -0.059766597888092118 -0.025403223484510899 0.02241614969820404 -5.6264814621336257e-05 -0.059221509707219296 -0.045265888296708287 0.00050069186008400385
leaf_weight=1988 51 166 37 38 38 38 42 72 1280 417 1522 411 193 1571
leaf_count=1988 51 166 37 38 38 38 42 72 1280 417 1522 411 193 1571
internal_value=-0.000315321 -0.00272506 -0.000142857 -0.00789474 0.00273171 -0.00818182 -0.00382979 -0.000182428 -0.000789793 0.00367347 -0.00156975 0.000297791 0.00144821 -0.00096823
internal_weight=7864 410 279 75 204 131 93 7454 3291 489 2802 4163 2181 1982
internal_count=7864 410 279 75 204 131 93 7454 3291 489 2802 4163 2181 1982
is_linear=0
shrinkage=0.08


Tree=294
num_leaves=13
num_cat=0
split_feature=19 40 42 9 50 40 50 53 29 53 42 40
split_gain=0.376189 1.24604 2.30879 1.88613 3.40672 1.864 1.09215 0.466819 1.91427 1.49752 1.20734 0.494728
threshold=0.49891331791877752 0.48947368562221533 0.88144907355308544 0.46407407522201544 60.500000000000007 0.24736841768026355 1.5000000000000002 41.500000000000007 5921.5307617187509 38.500000000000007 -0.47114434838294977 1.0000000180025095e-35
decision_type=2 2 2 2 2 2 2 2 2 2 2 2
left_child=7 2 6 -3 -5 -4 -2 9 10 11 -9 -1
right_child=1 3 5 4 -6 -7 -8 8 -10 -11 -12 -13
leaf_value=0.069175054712529563 0.014035546409224314 -0.086955233245229732 -0.083978448066988842 0.067636700702763508 -0.10496853200956821 0.046280670518152649 0.2329594278970086 0.026617779448312149 -0.068297327692298959 0.032081579193705349 -0.014829079617806329 -0.00115044724406129
leaf_weight=76 44 48 48 44 67 47 98 239 39 37 847 6230
leaf_count=76 44 48 48 44 67 47 98 239 39 37 847 6230
internal_value=-0.00018309 0.00221662 0.00588235 -0.00325 0.0025 -0.00375 0.0123077 -0.000310617 -0.00181172 -4.41362e-05 -0.00117755 -0.000139528
internal_weight=7864 396 237 159 111 95 142 7468 1125 6343 1086 6306
internal_count=7864 396 237 159 111 95 142 7468 1125 6343 1086 6306
is_linear=0
shrinkage=0.08


Tree=295
num_leaves=14
num_cat=0
split_feature=27 42 1 27 29 49 36 50 55 36 44 33 34
split_gain=0.331862 1.17683 2.47561 1.52701 1.28158 0.840311 1.73347 1.50706 1.49453 1.10457 1.04382 0.800078 0.781276
threshold=48.218011856079109 -0.72947329282760609 42.695486068725593 69.286941528320327 6412.4926757812509 0.44416667520999914 528.50000000000011 3.5000000000000004 23.340971946716312 475.50000000000006 -0.87837970256805409 31.187319755554203 49.826227188110359
decision_type=2 2 2 2 2 2 2 2 2 2 2 2 2
left_child=5 2 3 -2 -4 7 10 9 -8 -1 -7 -3 -13
right_child=1 11 4 -5 -6 6 8 -9 -10 -11 -12 12 -14
leaf_value=0.007592376328209696 -0.072864133305133139 -0.23662445775053054 0.012196886541074078 0.074277903074323637 2.044209411992572 -0.06919735499055954 0.27546726184505133 0.27476898811121458 -0.061688693856195305 -0.041552581453446751 -0.0028561335055526981 -0.0025112406571299361 -0.015297266115874954
leaf_weight=2153 59 41 377 32 39 285 107 36 34 191 1646 1924 940
leaf_count=2153 59 41 377 32 39 285 107 36 34 191 1646 1924 940
internal_value=-0.000203433 -0.000796953 0.00275591 -0.00913043 0.0053717 0.000251516 -0.000926194 0.00127677 0.00760563 0.00102345 -0.0015528 -0.00141776 -0.00125654
internal_weight=7864 3412 507 91 416 4452 2072 2380 141 2344 1931 2905 2864
internal_count=7864 3412 507 91 416 4452 2072 2380 141 2344 1931 2905 2864
is_linear=0
shrinkage=0.08


Tree=296
num_leaves=11
num_cat=0
split_feature=26 59 59 58 42 25 49 49 23 42
split_gain=0.378079 1.3983 0.946249 0.905005 0.598167 2.56228 2.06325 0.965586 1.25453 0.692753
threshold=11834.500000000002 36.500000000000007 9.5000000000000018 28.137639045715336 0.95642796158790599 998.99154663085949 12.235555648803713 292.92056274414068 22.999860763549808 0.63405361771583568
decision_type=2 2 2 2 2 2 2 2 2 2
left_child=4 2 3 -2 7 6 -6 9 -9 -1
right_child=1 -3 -4 -5 5 -7 -8 8 -10 -11
leaf_value=-0.00051896153967010859 -0.0044191177079023888 -0.086373171937139961 0.65114151008835008 -0.050290127283067927 -0.045723019484468545 0.64341054181953328 0.0092376556524619968 0.0019474500837238474 -0.1629726167081601 0.02051317273323832
leaf_weight=3776 1459 48 46 63 542 35 263 63 51 1518
leaf_count=3776 1459 48 46 63 542 35 263 63 51 1518
internal_value=-0.000294978 -0.00138528 -0.00096877 -0.0013132 -1.2802e-05 -0.00199762 -0.00292804 0.000295803 -0.00695652 0.000453258
internal_weight=7864 1616 1568 1522 6248 840 805 5408 114 5294
internal_count=7864 1616 1568 1522 6248 840 805 5408 114 5294
is_linear=0
shrinkage=0.08


Tree=297
num_leaves=15
num_cat=0
split_feature=35 43 34 56 56 26 40 51 51 28 43 52 52 43
split_gain=0.297206 1.04286 2.14852 1.27713 0.995848 0.899021 1.31626 0.676473 0.554638 1.43481 1.42441 1.00153 1.14827 1.07578
threshold=166.28944396972659 0.93540480732917797 46.633069992065437 2.5000000000000004 1.5000000000000002 20239.500000000004 0.3315789550542832 1.0000000180025095e-35 1.0000000180025095e-35 39.430036544799812 0.58216583728790294 44.845972061157234 40.200834274291999 -0.93540480732917775
decision_type=2 2 2 2 2 2 2 2 2 2 2 2 2 2
left_child=1 5 4 -4 -3 7 -7 -1 9 -2 -11 12 -10 -13
right_child=8 2 3 -5 -6 6 -8 -9 11 10 -12 13 -14 -15
leaf_value=0.020966723652057945 0.11917062879465729 0.00082267989442001981 0.13018442444200481 -0.025235571720767496 -0.14465433588716992 -0.0015200186167450269 -0.10066318383617186 -0.01379715191861223 0.000490415479980944 -0.034954381944389185 0.010464736275516771 -0.010154139522252663 -0.15323663084185085 0.054156754740783984
leaf_weight=224 36 39 143 59 36 49 38 1608 4678 347 181 36 49 341
leaf_count=224 36 39 143 59 36 49 38 1608 4678 347 181 36 49 341
internal_value=-0.000193261 -0.000983159 0.00359712 0.00788177 -0.00789474 -0.00164583 -0.00954545 -0.00126568 0.000112895 -0.00226549 -0.00332703 0.000376102 5.92217e-05 0.00433862
internal_weight=7864 2196 277 202 75 1919 87 1832 5668 564 528 5104 4727 377
internal_count=7864 2196 277 202 75 1919 87 1832 5668 564 528 5104 4727 377
is_linear=0
shrinkage=0.08


Tree=298
num_leaves=9
num_cat=0
split_feature=49 27 52 9 49 42 23 33
split_gain=0.377207 0.397367 0.827418 0.97398 0.787871 0.449215 2.00883 0.812898
threshold=1490.3750000000002 48.218011856079109 116.05777740478517 0.34194445610046392 5.4552776813507089 -0.63405361771583546 22.746250152587894 54.239265441894538
decision_type=2 2 2 2 2 2 2 2
left_child=1 5 4 -4 -3 6 -1 -7
right_child=-2 2 3 -5 -6 7 -8 -9
leaf_value=-0.047878749770610692 0.034012705178162933 -0.010789538864577395 -0.082398758080927656 0.0069291897033093618 0.0043517229842507275 0.059439272666309419 0.0043981847421508749 0.00097427219367972383
leaf_weight=378 33 1867 105 55 1358 588 467 3013
leaf_count=378 33 1867 105 55 1358 588 467 3013
internal_value=-0.000172918 -0.000209397 -0.000862374 -0.00645963 -0.000582765 0.000287834 -0.00137116 0.000677401
internal_weight=7864 7831 3385 160 3225 4446 845 3601
internal_count=7864 7831 3385 160 3225 4446 845 3601
is_linear=0
shrinkage=0.08


Tree=299
num_leaves=12
num_cat=0
split_feature=26 59 59 58 10 43 59 15 58 45 58
split_gain=0.460712 1.40873 0.937657 0.91526 0.59065 1.25849 1.48811 1.238 0.5583 1.37895 1.25501
threshold=11834.500000000002 36.500000000000007 9.5000000000000018 28.137639045715336 1.2682927250862124 -0.2901292592287063 31.500000000000004 0.53631365299224865 1.923611104488373 0.81174489855766307 0.21069443970918658
decision_type=2 2 2 2 2 2 2 2 2 2 2
left_child=4 2 3 -2 8 6 -6 -7 10 -10 -1
right_child=1 -3 -4 -5 5 7 -8 -9 9 -11 -12
leaf_value=0.0030011993157537734 -0.0040775677751840435 -0.077955820891188493 0.59431266264642901 -0.045903351626595854 -0.0014330987896909164 0.0034231473447059813 0.21592310352667554 -0.042293136671871706 -0.00042338395489485594 -0.067131111212266961 0.13998331430109148
leaf_weight=2743 1459 48 46 63 264 127 76 275 2336 75 352
leaf_count=2743 1459 48 46 63 264 127 76 275 2336 75 352
internal_value=-0.000132231 -0.00133581 -0.000917782 -0.00126067 0.000179229 -0.00193809 0.00164223 -0.00496278 0.000464863 -0.000447761 0.00117571
internal_weight=7864 1616 1568 1522 6248 742 340 402 5506 2411 3095
internal_count=7864 1616 1568 1522 6248 742 340 402 5506 2411 3095
is_linear=0
shrinkage=0.08


end of trees

feature_importances:
Column_40=243
Column_42=240
Column_43=188
Column_59=174
Column_58=160
Column_49=159
Column_52=152
Column_55=144
Column_50=122
Column_53=118
Column_56=115
Column_24=106
Column_33=98
Column_15=90
Column_30=81
Column_12=76
Column_34=67
Column_25=62
Column_0=60
Column_3=60
Column_36=53
Column_14=49
Column_28=48
Column_26=47
Column_22=46
Column_23=45
Column_31=44
Column_11=42
Column_27=42
Column_47=40
Column_21=37
Column_1=35
Column_13=34
Column_16=31
Column_17=31
Column_35=28
Column_29=26
Column_18=24
Column_2=23
Column_9=22
Column_4=21
Column_6=21
Column_44=21
Column_10=20
Column_7=16
Column_19=12
Column_5=10
Column_45=10
Column_51=8
Column_60=7
Column_57=6
Column_38=1
Column_54=1

parameters:
[boosting: gbdt]
[objective: quantile]
[metric: quantile]
[tree_learner: serial]
[device_type: cpu]
[data_sample_strategy: bagging]
[data: ]
[valid: ]
[num_iterations: 300]
[learning_rate: 0.08]
[num_leaves: 15]
[num_threads: 4]
[seed: 20260907]
[deterministic: 1]
[force_col_wise: 1]
[force_row_wise: 0]
[histogram_pool_size: -1]
[max_depth: 4]
[min_data_in_leaf: 30]
[min_sum_hessian_in_leaf: 0.001]
[bagging_fraction: 1]
[pos_bagging_fraction: 1]
[neg_bagging_fraction: 1]
[bagging_freq: 0]
[bagging_seed: 11947]
[bagging_by_query: 0]
[feature_fraction: 1]
[feature_fraction_bynode: 1]
[feature_fraction_seed: 10681]
[extra_trees: 0]
[extra_seed: 22213]
[early_stopping_round: 0]
[early_stopping_min_delta: 0]
[first_metric_only: 0]
[max_delta_step: 0]
[lambda_l1: 0]
[lambda_l2: 1]
[linear_lambda: 0]
[min_gain_to_split: 0]
[drop_rate: 0.1]
[max_drop: 50]
[skip_drop: 0.5]
[xgboost_dart_mode: 0]
[uniform_drop: 0]
[drop_seed: 19930]
[top_rate: 0.2]
[other_rate: 0.1]
[min_data_per_group: 100]
[max_cat_threshold: 32]
[cat_l2: 10]
[cat_smooth: 10]
[max_cat_to_onehot: 4]
[top_k: 20]
[monotone_constraints: ]
[monotone_constraints_method: basic]
[monotone_penalty: 0]
[feature_contri: ]
[forcedsplits_filename: ]
[refit_decay_rate: 0.9]
[cegb_tradeoff: 1]
[cegb_penalty_split: 0]
[cegb_penalty_feature_lazy: ]
[cegb_penalty_feature_coupled: ]
[path_smooth: 0]
[interaction_constraints: ]
[verbosity: -1]
[saved_feature_importance_type: 0]
[use_quantized_grad: 0]
[num_grad_quant_bins: 4]
[quant_train_renew_leaf: 0]
[stochastic_rounding: 1]
[linear_tree: 0]
[max_bin: 127]
[max_bin_by_feature: ]
[min_data_in_bin: 3]
[bin_construct_sample_cnt: 200000]
[data_random_seed: 5043]
[is_enable_sparse: 1]
[enable_bundle: 1]
[use_missing: 1]
[zero_as_missing: 0]
[feature_pre_filter: 1]
[pre_partition: 0]
[two_round: 0]
[header: 0]
[label_column: ]
[weight_column: ]
[group_column: ]
[ignore_column: ]
[categorical_feature: ]
[forcedbins_filename: ]
[precise_float_parser: 0]
[parser_config_file: ]
[objective_seed: 3273]
[num_class: 1]
[is_unbalance: 0]
[scale_pos_weight: 1]
[sigmoid: 1]
[boost_from_average: 1]
[reg_sqrt: 0]
[alpha: 0.5]
[fair_c: 1]
[poisson_max_delta_step: 0.7]
[tweedie_variance_power: 1.5]
[lambdarank_truncation_level: 30]
[lambdarank_norm: 1]
[label_gain: ]
[lambdarank_position_bias_regularization: 0]
[eval_at: ]
[multi_error_top_k: 1]
[auc_mu_weights: ]
[num_machines: 1]
[local_listen_port: 12400]
[time_out: 120]
[machine_list_filename: ]
[machines: ]
[gpu_platform_id: -1]
[gpu_device_id: -1]
[gpu_use_dp: 0]
[num_gpu: 1]

end of parameters

pandas_categorical:null
