tree
version=v4
num_class=1
num_tree_per_iteration=1
label_index=0
max_feature_idx=60
objective=quantile
feature_names=Column_0 Column_1 Column_2 Column_3 Column_4 Column_5 Column_6 Column_7 Column_8 Column_9 Column_10 Column_11 Column_12 Column_13 Column_14 Column_15 Column_16 Column_17 Column_18 Column_19 Column_20 Column_21 Column_22 Column_23 Column_24 Column_25 Column_26 Column_27 Column_28 Column_29 Column_30 Column_31 Column_32 Column_33 Column_34 Column_35 Column_36 Column_37 Column_38 Column_39 Column_40 Column_41 Column_42 Column_43 Column_44 Column_45 Column_46 Column_47 Column_48 Column_49 Column_50 Column_51 Column_52 Column_53 Column_54 Column_55 Column_56 Column_57 Column_58 Column_59 Column_60
feature_infos=[0:2854.583251953125] [0:5596.541015625] [0:20080] [0:47.700740814208984] [0:157.30976867675781] [0:569.43109130859375] [0:1] [0:0.5] [0:1] [0:2.75] [0:1.9130169153213501] [0:5.5] [0:1514.5833740234375] [0:3629.374267578125] [0:20080] [0:64.094169616699219] [0:213.12803649902344] [0:1424.933349609375] [0:1] [0:0.5] [0:1] [0:11.75] [0:8.999852180480957] [0:23.5] [86.913688659667969:746.5] [121.80548858642578:1966.15673828125] [770:20399] [0.24229581654071808:112.81253814697266] [1.5443668365478516:648.992919921875] [16.177778244018555:7651.12548828125] [0.4136904776096344:0.93154764175415039] [0.25252059102058411:0.4996810257434845] none [29.682167053222656:77.620216369628906] [37.65380859375:60.631172180175781] [124.17028045654297:167.5] [0:4046] none [0:1] none [0:1] [0:1425] [-1:1] [-1:1] [-0.97492790222167969:0.97492790222167969] [-0.90096884965896606:1] [0:1] [0:1] [6:29.75] [0:6473.95263671875] [0:1399] [0:1] [0:7641.4033203125] [0:1399] [0:1] [0:6145.65966796875] [0:1402] [0:1] [0:5630.2822265625] [0:1518] [0:1]
tree_sizes=1443 1502 1322 1506 1505 1505 1503 1503 1498 1500 1503 1503 1495 1507 1507 1507 1416 1421 1505 1420 1498 1495 1405 1504 1497 1414 1497 1406 1506 1328 1508 1411 1510 1325 1507 1492 1521 1519 1514 1526 1332 1249 1526 1509 1516 1239 1500 1222 1222 1216 1490 1507 1065 1068 1224 1139 1236 1144 1418 1501 1148 1324 1342 1501 1325 1139 1138 1135 1134 1052 1144 1137 1134 1041 1150 1050 1153 1053 1046 1231 1120 1510 1246 1067 1245 1160 1135 1495 1049 1148 1158 1160 1058 1232 1056 1236 1484 1139 1155 1400 1483 1316 1228 1223 1322 1493 1141 1516 1406 1395 1505 1142 1144 1143 1486 1227 1226 1228 1228 1402 1139 1152 1226 1221 1224 1233 1231 1061 1048 1043 1140 1137 1138 1325 1142 1141 1139 1136 1146 1402 1491 1397 1399 1146 1313 1319 1042 1131 1242 1228 1304 1399 1312 1222 1502 1393 1381 1404 1424 1229 1320 1505 1501 1509 1136 1155 1500 1063 1402 1397 1216 1312 1227 1323 1302 1314 1229 1142 1398 1044 969 1498 1501 1503 1403 1230 884 1315 1307 1231 1321 1331 1318 1409 1496 884 880 1215 872 1223 1308 1141 1395 1307 1417 1422 1403 1219 1501 1506 1491 1512 1513 1225 1487 1506 1503 1492 1525 1044 1322 1232 1506 1333 1428 1146 1500 1043 1047 1224 1234 1388 1150 1236 1233 1422 1414 1335 1419 1503 1139 1330 1320 1521 1044 1143 1218 951 953 951 1143 1137 1221 1223 965 971 959 954 955 956 866 1145 1140 1232 1152 1232 875 1517 873 1241 1428 1238 1333 1431 1512 867 1512 1242 1409 1147 1490 1521 1492 1056 1317 1241 1505 1132 1507 1053 1414 1230 1327 1225 1229 1226 1143 1526 1430 866

Tree=0
num_leaves=15
num_cat=0
split_feature=5 29 43 7 22 40 10 30 15 58 43 36 52 52
split_gain=7.69361 1.98156 1.77483 2.03505 1.30298 1.18304 1.60822 0.563368 0.368598 0.353508 0.326888 0.186272 0.170625 0.0285122
threshold=7.7702777385711679 1539.8134765625002 -0.68322628736495961 0.49650333821773535 6.3379151821136483 0.17368421703577044 1.2726479172706606 0.73363095521926891 4.4936721324920663 0.060555554926395423 -0.63405361771583546 51.000000000000007 8.7583336830139178 156.08569335937503
decision_type=2 2 2 2 2 2 2 2 2 2 2 2 2 2
left_child=1 5 4 -4 -3 6 -1 9 -7 10 -2 12 -9 -13
right_child=7 2 3 -5 -6 8 -8 11 -10 -11 -12 13 -14 -15
leaf_value=0.075012924501796557 0.082179591166973112 0.073929591134314729 0.07498125784076759 0.073876257790016636 0.074492091136239461 0.076626257924437488 0.07378084112040155 0.086782924463897987 0.1195183411857296 0.076698341128509484 0.074316257798969748 0.15201500787576905 0.076062924589961764 0.15023792561789351
leaf_weight=341 41 321 2542 57 511 733 32 323 490 58 73 2146 163 33
leaf_count=341 41 321 2542 57 511 733 32 323 490 58 73 2146 163 33
internal_value=0.0759553 0.0752504 0.0748443 0.0752308 0.073639 0.0761237 0.0746468 0.0772041 0.0765748 0.0755422 0.0745757 0.0773115 0.0767776 0.0774301
internal_weight=7864 5027 3431 2599 832 1596 373 2837 1223 172 114 2665 486 2179
internal_count=7864 5027 3431 2599 832 1596 373 2837 1223 172 114 2665 486 2179
is_linear=0
shrinkage=1


Tree=1
num_leaves=15
num_cat=0
split_feature=5 29 43 7 14 40 1 11 49 51 30 15 43 49
split_gain=7.22691 1.90117 1.64247 2.04353 1.46984 1.058 1.35722 0.550723 0.377479 0.445377 0.337601 0.327409 0.242212 0.231608
threshold=7.7702777385711679 1539.8134765625002 -0.68322628736495961 0.49650333821773535 2831.0000000000005 0.17368421703577044 57.569566726684577 4.7413890361785898 0.013472222257405521 1.0000000180025095e-35 0.73363095521926891 4.4936721324920663 -0.58216583728790272 31.596111297607425
decision_type=2 2 2 2 2 2 2 2 2 2 2 2 2 2
left_child=1 5 4 -4 -3 6 -1 10 9 -9 12 -7 -2 -10
right_child=7 2 3 -5 -6 11 -8 8 13 -11 -12 -13 -14 -15
leaf_value=-0.0020371214749068736 0.002093075789450752 -0.0019397314745692614 -0.00094777101374484221 -0.0020196210629732656 -0.00077635640801718803 0.00064787906741497136 -0.00061705443201959113 0.00040978105174340108 0.0054568624034958694 -0.00095348440309007965 0.047007959792180101 0.04225319983086831 -0.001252404415567966 -0.00047855443829049392
leaf_weight=83 47 538 2542 57 294 733 290 31 120 35 2486 490 76 42
leaf_count=83 47 538 2542 57 294 733 290 31 120 35 2486 490 76 42
internal_value=-6.86582e-06 -0.000690036 -0.00108785 -0.000715961 -0.0022473 0.00016531 -0.00123128 0.00120349 -0.000209607 -0.00210448 0.00132701 0.000591912 -0.000205645 0.000570552
internal_weight=7864 5027 3431 2599 832 1596 373 2837 228 66 2609 1223 123 162
internal_count=7864 5027 3431 2599 832 1596 373 2837 228 66 2609 1223 123 162
is_linear=0
shrinkage=0.03


Tree=2
num_leaves=13
num_cat=0
split_feature=29 29 7 43 14 40 14 22 24 43 33 15
split_gain=7.01315 1.91029 1.34247 1.61989 1.92835 1.12611 1.04344 0.779892 0.748762 0.375435 0.234658 0.120374
threshold=1539.8134765625002 513.55970764160168 0.49650333821773535 -0.68322628736495961 2831.0000000000005 0.20526316016912463 776.00000000000011 8.6014518737792987 339.46875000000006 -0.16280825436115262 65.780933380126967 3.5429773330688481
decision_type=2 2 2 2 2 2 2 2 2 2 2 2
left_child=1 5 3 4 -2 6 -1 11 -5 -4 -7 -3
right_child=2 7 9 8 -6 10 -8 -9 -10 -11 -12 -13
leaf_value=-0.0017691456817205422 -0.0018567791225731082 0.0058846069736119798 -0.0020036349380067368 -0.00073142116422003774 -0.00037803451953590049 0.00044844264706309252 -0.0015142825358666233 -0.0014501099490305551 -0.0019385046124102741 -0.001767365777766358 0.054386853951494965 0.099350147162888383
leaf_weight=45 568 370 31 2716 351 656 339 42 107 43 249 2347
leaf_count=45 568 370 31 2716 351 656 339 42 107 43 249 2347
internal_value=-2.21233e-05 0.000847617 -0.000944721 -0.000864814 -0.00195815 -0.000105814 -0.00146494 0.00129293 -0.000508321 -0.00492 0.000471854 0.00135596
internal_weight=7864 4048 3816 3742 919 1289 384 2759 2823 74 905 2717
internal_count=7864 4048 3816 3742 919 1289 384 2759 2823 74 905 2717
is_linear=0
shrinkage=0.03


Tree=3
num_leaves=15
num_cat=0
split_feature=29 29 43 7 14 24 40 9 24 0 18 42 56 17
split_gain=6.38312 1.8694 1.37509 2.12198 1.87841 1.81174 0.784406 0.836354 0.761828 0.679802 0.665142 1.05487 0.228383 0.176156
threshold=1539.8134765625002 487.13194274902349 -0.68322628736495961 0.49650333821773535 2831.0000000000005 197.04761505126956 0.16315789520740512 0.061284722760319717 339.46875000000006 179.75000000000003 0.53125000000000011 0.52778512239456188 62.500000000000007 50.743888854980476
decision_type=2 2 2 2 2 2 2 2 2 2 2 2 2 2
left_child=1 6 4 8 5 -2 7 -1 -4 -6 13 -12 -8 -3
right_child=2 10 3 -5 9 -7 12 -9 -10 -11 11 -13 -14 -15
leaf_value=-0.0018120896544126547 -0.0014106590442375057 0.0059097355080007415 -0.00070947852929343659 -0.0019003409976095706 0.0017167438589075071 -0.0019312840790522002 0.00096344054834975696 -0.0014508027356262179 -0.0018803494740379661 -0.0013761726694608736 0.015490768188164602 -0.001732026702498468 -0.0018734482684311961 0.10752714036733538
leaf_weight=48 297 441 2716 57 221 286 658 222 107 132 217 87 86 2289
leaf_count=48 297 441 2716 57 221 286 658 222 107 132 217 87 86 2289
internal_value=-4.88239e-05 0.000780934 -0.000929002 -0.000603957 -0.00192743 -0.00297175 -0.00033399 -0.00171587 -0.000487075 -0.000199153 0.00115354 -0.000177049 0.000169128 0.00130172
internal_weight=7864 4048 3816 2880 936 583 1014 270 2823 353 3034 304 744 2730
internal_count=7864 4048 3816 2880 936 583 1014 270 2823 353 3034 304 744 2730
is_linear=0
shrinkage=0.03


Tree=4
num_leaves=15
num_cat=0
split_feature=5 7 33 43 10 51 24 23 56 9 26 36 52 28
split_gain=6.08993 1.70656 1.53635 1.32654 1.16764 0.730296 0.652382 0.55523 0.281584 0.79219 0.156489 0.140764 0.320439 0.0441228
threshold=7.7702777385711679 0.48220558464527136 54.115770339965827 -0.68322628736495961 0.85617950558662426 1.0000000180025095e-35 332.17260742187506 21.856805801391605 2.5000000000000004 0.90614581108093273 6992.0000000000009 51.000000000000007 8.7583336830139178 49.094839096069343
decision_type=2 2 2 2 2 2 2 2 2 2 2 2 2 2
left_child=1 2 3 -1 -3 -6 8 -4 10 -10 -2 12 -8 -13
right_child=6 4 7 -5 5 -7 11 -9 9 -11 -12 13 -14 -15
leaf_value=-0.0016537622149716098 0.0066088107916229257 0.015545410410291375 -0.0018114479598843917 -0.00091393897331381896 -0.0019877205589977657 -0.0018101563305744492 0.013014683841566796 0.00063941950775868732 0.00080513972750724289 -0.0013398794391672481 0.00046551372337076447 0.046891327098015419 -0.00042079852066976604 0.10447299154187543
leaf_weight=492 146 62 329 1535 39 389 200 2181 178 32 358 160 50 1713
leaf_count=492 146 62 329 1535 39 389 200 2181 178 32 358 160 50 1713
internal_value=-4.50095e-05 -0.000672136 -0.000490194 -0.00110429 -0.00235234 -0.00290909 0.00106607 5.97375e-06 0.000281119 -0.00063981 0.000665347 0.0013298 0.000657371 0.00141916
internal_weight=7864 5027 4537 2027 490 428 2837 2510 714 210 504 2123 250 1873
internal_count=7864 5027 4537 2027 490 428 2837 2510 714 210 504 2123 250 1873
is_linear=0
shrinkage=0.03


Tree=5
num_leaves=15
num_cat=0
split_feature=5 33 43 53 1 9 2 24 16 56 9 9 36 52
split_gain=5.81943 1.71277 1.57934 1.24356 1.15226 1.13201 0.842582 0.687589 0.324773 0.256551 0.79219 0.197853 0.13487 0.320439
threshold=7.7702777385711679 54.115770339965827 -0.68322628736495961 6.5000000000000009 74.98294830322267 0.75510418415069591 37.500000000000007 332.17260742187506 13.944024085998537 2.5000000000000004 0.90614581108093273 0.096111111342906966 51.000000000000007 8.7583336830139178
decision_type=2 2 2 2 2 2 2 2 2 2 2 2 2 2
left_child=1 2 3 -1 6 -4 -3 9 -6 11 -11 -2 13 -9
right_child=7 4 5 -5 8 -7 -8 12 -10 10 -12 -13 -14 -15
leaf_value=-0.001646524361716938 -0.00031729196621560214 0.0092128618687587951 -0.00085970912458131592 -0.0018616535368354268 -7.4851136644206874e-05 -0.0019125279889488044 -0.0015810781136805709 0.012624243326319793 0.007300539576362855 0.00078098553568202596 -0.0012996830559922306 0.0062011017076184756 0.094608802708656042 -0.00040817456504967293
leaf_weight=493 124 172 1560 42 1055 91 894 200 720 178 32 380 1873 50
leaf_count=493 124 172 1560 42 1055 91 894 200 720 178 32 380 1873 50
internal_value=-4.11951e-05 -0.000654236 -0.00128532 -0.00270056 -0.000168367 -0.000825363 -0.000947516 0.00104493 0.000299831 0.000239161 -0.00063981 0.000605941 0.00131568 0.000657371
internal_weight=7864 5027 2186 535 2841 1651 1066 2837 1775 714 210 504 2123 250
internal_count=7864 5027 2186 535 2841 1651 1066 2837 1775 714 210 504 2123 250
is_linear=0
shrinkage=0.03


Tree=6
num_leaves=15
num_cat=0
split_feature=29 29 18 42 43 35 40 9 24 18 42 59 18 3
split_gain=5.8353 1.70301 1.35388 1.62 1.09235 1.57892 0.899724 1.52936 0.686291 0.631275 1.05487 0.503491 0.426241 0.171855
threshold=1318.4087524414065 487.13194274902349 0.55208334326744091 -0.097964655607938753 -0.47114434838294977 166.94638824462893 0.12105263024568559 0.061284722760319717 339.46875000000006 0.53125000000000011 0.52778512239456188 8.5000000000000018 0.61458331346511852 0.072743054479360594
decision_type=2 2 2 2 2 2 2 2 2 2 2 2 2 2
left_child=1 6 4 12 5 -2 7 -1 -6 -3 -11 -5 -4 -8
right_child=2 9 3 11 8 -7 13 -9 -10 10 -12 -13 -14 -15
leaf_value=-0.001841233164617185 -0.00069056229895503893 0.071514485843104311 -0.0017756540344280342 0.00028172219939980953 -0.00040724951581320399 -0.0017024048191489251 -0.0007843976823336188 -0.0015617759098322363 -0.0017448962058539141 0.014886393730282393 -0.0016970835969216478 -0.0019719335515151564 -0.0013271830235937541 0.0014012927243375239
leaf_weight=35 605 2684 36 86 2315 624 537 164 126 217 87 30 40 278
leaf_count=35 605 2684 36 86 2315 624 537 164 126 217 87 30 40 278
internal_value=-4.50095e-05 0.000757682 -0.00087678 -0.00332642 -0.000747753 -0.00147683 -0.000304433 -0.0021075 -0.000380221 0.0011181 -0.000177049 -0.00107692 -0.0067013 0.000137868
internal_weight=7864 4002 3862 192 3670 1229 1014 199 2441 2988 304 116 76 815
internal_count=7864 4002 3862 192 3670 1229 1014 199 2441 2988 304 116 76 815
is_linear=0
shrinkage=0.03


Tree=7
num_leaves=15
num_cat=0
split_feature=29 29 18 42 43 22 40 9 24 18 42 59 18 3
split_gain=5.66206 1.62943 1.35784 1.62 1.10718 1.69106 0.899724 1.52936 0.78837 0.597789 0.887854 0.503491 0.426241 0.171855
threshold=1539.8134765625002 487.13194274902349 0.55208334326744091 -0.097964655607938753 -0.68322628736495961 6.2985980510711679 0.12105263024568559 0.061284722760319717 339.46875000000006 0.53125000000000011 0.58216583728790294 8.5000000000000018 0.61458331346511852 0.072743054479360594
decision_type=2 2 2 2 2 2 2 2 2 2 2 2 2 2
left_child=1 6 4 12 5 -2 7 -1 -6 -3 -11 -5 -4 -8
right_child=2 9 3 11 8 -7 13 -9 -10 10 -12 -13 -14 -15
leaf_value=-0.0017859961696786695 -0.001675030874403637 0.05578138555244079 -0.0017223844133951933 0.00027327053341781506 -0.00057901725006356873 -0.00087190464168485711 -0.00076086575186361033 -0.001514922632537269 -0.0017183826607043559 0.012582368371991177 -0.0016476026983900753 -0.0019127755449697015 -0.0012873675328859415 0.0013592539426073979
leaf_weight=35 342 2730 36 86 2637 538 537 164 107 221 83 30 40 278
leaf_count=35 342 2730 36 86 2637 538 537 164 107 221 83 30 40 278
internal_value=-4.50095e-05 0.000736478 -0.000873985 -0.00332642 -0.000743172 -0.00166856 -0.000304433 -0.0021075 -0.000445902 0.00108435 -0.000177049 -0.00107692 -0.0067013 0.000137868
internal_weight=7864 4048 3816 192 3624 880 1014 199 2744 3034 304 116 76 815
internal_count=7864 4048 3816 192 3624 880 1014 199 2744 3034 304 116 76 815
is_linear=0
shrinkage=0.03


Tree=8
num_leaves=15
num_cat=0
split_feature=5 7 33 43 43 1 24 56 9 26 42 12 53 15
split_gain=5.6134 1.6186 1.56925 1.65766 1.14938 0.644925 0.617284 0.256551 0.79219 0.179923 0.172588 0.15737 0.528093 0.0575241
threshold=7.7702777385711679 0.49650333821773535 54.115770339965827 -0.68322628736495961 -0.52778512239456166 74.98294830322267 332.17260742187506 2.5000000000000004 0.90614581108093273 6992.0000000000009 0.63405361771583568 344.71875000000006 42.500000000000007 4.7783045768737802
decision_type=2 2 2 2 2 2 2 2 2 2 2 2 2 2
left_child=1 2 3 -1 -3 -4 7 9 -9 -2 -6 12 -8 -13
right_child=6 4 5 -5 10 -7 11 8 -10 -11 -12 13 -14 -15
leaf_value=-0.0015633973763444482 0.0062584229228001761 0.00067446992040516031 -0.0012302165331391224 -0.00084164678970758712 -0.0016421496716515123 0.00064063114562505489 0.052242495487482929 0.00079482099861388506 -0.0015763335074697521 0.00049648326216263897 -0.0016046273740233687 0.0026867774350669061 -0.0025475045452518176 0.14094832421973408
leaf_weight=527 146 33 984 1625 44 1775 528 178 32 358 39 63 151 1381
leaf_count=527 146 33 984 1625 44 1775 528 178 32 358 39 63 151 1381
internal_value=-6.40813e-05 -0.000666169 -0.00058296 -0.00118997 -0.00415385 -0.000109239 0.00100264 0.000239161 -0.00063981 0.000605941 -0.00601786 0.00125918 0.000880147 0.00143668
internal_weight=7864 5027 4911 2152 116 2759 2837 714 210 504 83 2123 679 1444
internal_count=7864 5027 4911 2152 116 2759 2837 714 210 504 83 2123 679 1444
is_linear=0
shrinkage=0.03


Tree=9
num_leaves=15
num_cat=0
split_feature=5 7 33 43 43 1 24 56 9 36 53 26 42 12
split_gain=5.36277 1.62415 1.52904 1.56172 1.14938 0.644925 0.567043 0.256551 0.79219 0.199694 0.299694 0.179923 0.172588 0.101516
threshold=7.7702777385711679 0.49650333821773535 54.115770339965827 -0.68322628736495961 -0.52778512239456166 74.98294830322267 332.17260742187506 2.5000000000000004 0.90614581108093273 51.000000000000007 31.500000000000004 6992.0000000000009 0.63405361771583568 344.71875000000006
decision_type=2 2 2 2 2 2 2 2 2 2 2 2 2 2
left_child=1 2 3 -1 -3 -4 7 11 -9 10 -8 -2 -6 -11
right_child=6 4 5 -5 12 -7 9 8 -10 13 -12 -13 -14 -15
leaf_value=-0.0015164954550541149 0.0060706702351161707 0.00065423582279300536 -0.0011933100371449487 -0.00081639738601635935 -0.0015928851815019669 0.00062141221125630315 0.0094613295453982362 0.0007709763686554685 -0.0015290435022456597 0.037572387745841054 -0.00045714256483175858 0.0004815887642977596 -0.0015564885528026678 0.13671987449314207
leaf_weight=527 146 33 984 1625 44 1775 219 178 32 492 31 358 39 1381
leaf_count=527 146 33 984 1625 44 1775 219 178 32 492 31 358 39 1381
internal_value=-7.17101e-05 -0.000660203 -0.000576853 -0.00117603 -0.00415385 -0.000109239 0.00097093 0.000239161 -0.00063981 0.00121681 0.000418327 0.000605941 -0.00601786 0.00132311
internal_weight=7864 5027 4911 2152 116 2759 2837 714 210 2123 250 504 83 1873
internal_count=7864 5027 4911 2152 116 2759 2837 714 210 2123 250 504 83 1873
is_linear=0
shrinkage=0.03


Tree=10
num_leaves=15
num_cat=0
split_feature=5 7 33 43 43 1 24 56 9 36 53 26 42 12
split_gain=5.32361 1.62971 1.56038 1.56172 1.14938 0.604536 0.567043 0.256551 0.79219 0.199694 0.299694 0.179923 0.172588 0.101516
threshold=7.7702777385711679 0.49650333821773535 54.115770339965827 -0.68322628736495961 -0.52778512239456166 74.98294830322267 332.17260742187506 2.5000000000000004 0.90614581108093273 51.000000000000007 31.500000000000004 6992.0000000000009 0.63405361771583568 344.71875000000006
decision_type=2 2 2 2 2 2 2 2 2 2 2 2 2 2
left_child=1 2 3 -1 -3 -4 7 11 -9 10 -8 -2 -6 -11
right_child=6 4 5 -5 12 -7 9 8 -10 13 -12 -13 -14 -15
leaf_value=-0.0014710005914024915 0.0058885501280626857 0.00063460874810921525 -0.0011575107360306004 -0.00079190546443586875 -0.0015450986260569079 0.00060276984491861398 0.0091774896590362896 0.00074784707759580429 -0.0014831721971782896 0.036445216113465816 -0.00044342828788680581 0.00046714110136882687 -0.0015097938962185878 0.13261827825834782
leaf_weight=527 146 33 984 1625 44 1775 219 178 32 492 31 358 39 1381
leaf_count=527 146 33 984 1625 44 1775 219 178 32 492 31 358 39 1381
internal_value=-6.78957e-05 -0.000654236 -0.000570745 -0.00117603 -0.00415385 -9.83695e-05 0.00097093 0.000239161 -0.00063981 0.00121681 0.000418327 0.000605941 -0.00601786 0.00132311
internal_weight=7864 5027 4911 2152 116 2759 2837 714 210 2123 250 504 83 1873
internal_count=7864 5027 4911 2152 116 2759 2837 714 210 2123 250 504 83 1873
is_linear=0
shrinkage=0.03


Tree=11
num_leaves=15
num_cat=0
split_feature=29 36 18 42 45 40 43 22 40 24 59 18 17 56
split_gain=5.25598 1.54586 1.37981 1.62 1.23785 1.18127 0.99027 1.65383 0.60415 0.581123 0.503491 0.426241 0.387018 0.453456
threshold=1318.4087524414065 51.000000000000007 0.55208334326744091 -0.097964655607938753 0.81174489855766307 0.2578947395086289 -0.68322628736495961 6.2985980510711679 0.11052631586790086 339.46875000000006 8.5000000000000018 0.61458331346511852 50.743888854980476 2.5000000000000004
decision_type=2 2 2 2 2 2 2 2 2 2 2 2 2 2
left_child=1 4 6 11 8 -6 7 -2 -1 -8 -5 -4 13 -3
right_child=2 12 3 10 5 -7 9 -9 -10 -11 -12 -13 -14 -15
leaf_value=-0.0013593742930957944 -0.0015049138759003831 0.0042424790164559628 -0.0015273088766170257 0.0003725035366047205 -0.001603556588384532 -0.00088043268154689141 -0.00048814824335686704 -0.00079892565875332177 0.0019656453524632554 -0.0016008326922744768 -0.0017535310469883262 -0.0011422801169459829 0.080920528694023552 -0.001322760382504233
leaf_weight=217 342 224 36 86 31 89 2637 550 1157 141 30 40 2230 54
leaf_count=217 342 224 36 86 31 89 2637 550 1157 141 30 40 2230 54
internal_value=-6.40813e-05 0.000697727 -0.000853482 -0.00332642 -6.62207e-05 -0.00297521 -0.000723236 -0.00159239 0.000189818 -0.000443685 -0.00107692 -0.0067013 0.00115265 9.67742e-05
internal_weight=7864 4002 3862 192 1494 120 3670 892 1374 2778 116 76 2508 278
internal_count=7864 4002 3862 192 1494 120 3670 892 1374 2778 116 76 2508 278
is_linear=0
shrinkage=0.03


Tree=12
num_leaves=15
num_cat=0
split_feature=5 7 33 43 43 24 1 12 53 42 49 55 42 13
split_gain=5.11788 1.62971 1.48936 1.59261 1.14938 0.583154 0.52362 0.259064 0.429752 0.238639 0.523349 0.215738 0.172588 0.0678684
threshold=7.7702777385711679 0.49650333821773535 54.115770339965827 -0.68322628736495961 -0.52778512239456166 332.17260742187506 74.98294830322267 344.71875000000006 31.500000000000004 0.97335553169250499 1.9425000548362734 4.01444435119629 0.63405361771583568 1845.6218872070315
decision_type=2 2 2 2 2 2 2 2 2 2 2 2 2 2
left_child=1 2 3 -1 -3 9 -4 8 -7 11 -11 -2 -6 -9
right_child=5 4 6 -5 12 7 -8 13 -10 10 -12 -13 -14 -15
leaf_value=-0.0013910712470857664 0.0058750642740430705 0.00064051633964376314 -0.0011115406781009747 -0.00075350385320208644 -0.0014529264009766898 0.0459612430570846 0.00052827945529019334 0.10461822820192337 -0.0019858017054769517 -0.0034557437283328535 0.022038936720072448 -0.00020539875500287755 -0.001416393381680494 0.010011692520754418
leaf_weight=527 445 33 984 1625 44 507 1775 1330 172 50 36 183 39 114
leaf_count=527 445 33 984 1625 44 507 1775 1330 172 50 36 183 39 114
internal_value=-7.93388e-05 -0.000654236 -0.000570745 -0.0011621 -0.00415385 0.000939218 -0.000109239 0.00118856 0.000703677 0.000197203 -0.00127586 0.000400636 -0.00601786 0.00141592
internal_weight=7864 5027 4911 2152 116 2837 2759 2123 679 714 86 628 83 1444
internal_count=7864 5027 4911 2152 116 2837 2759 2123 679 714 86 628 83 1444
is_linear=0
shrinkage=0.03


Tree=13
num_leaves=15
num_cat=0
split_feature=29 28 18 42 43 22 40 38 30 40 24 59 18 12
split_gain=4.75513 1.72834 1.40598 1.62 0.824067 1.68102 0.822096 0.693004 0.626732 0.79541 0.581123 0.503491 0.426241 0.295779
threshold=1318.4087524414065 39.430036544799812 0.55208334326744091 -0.097964655607938753 -0.68322628736495961 6.2985980510711679 0.16315789520740512 1.0000000180025095e-35 0.8229166865348817 0.52105262875556957 339.46875000000006 8.5000000000000018 0.61458331346511852 356.73959350585943
decision_type=2 2 2 2 2 2 2 2 2 2 2 2 2 2
left_child=1 6 4 12 5 -2 7 -1 13 -10 -6 -5 -4 -3
right_child=2 8 3 11 10 -7 -8 -9 9 -11 -12 -13 -14 -15
leaf_value=-0.001364463399117223 -0.0014224282110753773 0.020283596208165215 -0.0014379018182892141 0.00039467465084960823 -0.00045167562812812657 -0.00076342972513241954 0.00014774510915517209 -0.0015279370056511374 -0.0014770615777113391 0.012259275501792464 -0.0015302025959101797 -0.0016697128397519126 -0.0010672359265600773 0.12141450760455758
leaf_weight=167 342 1235 36 86 2637 550 664 84 223 219 141 30 40 1410
leaf_count=167 342 1235 36 86 2637 550 664 84 223 219 141 30 40 1410
internal_value=-7.93388e-05 0.000645266 -0.000830184 -0.00332642 -0.00069872 -0.0014916 -0.000499454 -0.00195833 0.000984618 -6.0948e-05 -0.000443685 -0.00107692 -0.0067013 0.0011593
internal_weight=7864 4002 3862 192 3670 892 915 251 3087 442 2778 116 76 2645
internal_count=7864 4002 3862 192 3670 892 915 251 3087 442 2778 116 76 2645
is_linear=0
shrinkage=0.03


Tree=14
num_leaves=15
num_cat=0
split_feature=29 29 18 42 40 43 22 9 18 30 40 59 52 52
split_gain=4.27935 1.64899 1.26103 1.40281 0.90594 0.858421 1.68102 0.734516 0.591715 0.586242 0.79541 0.503491 0.491133 0.26416
threshold=1318.4087524414065 487.13194274902349 0.55208334326744091 -0.097964655607938753 0.16315789520740512 -0.68322628736495961 6.2985980510711679 0.061284722760319717 0.61458331346511852 0.8229166865348817 0.52105262875556957 8.5000000000000018 156.08569335937503 38.605693817138679
decision_type=2 2 2 2 2 2 2 2 2 2 2 2 2 2
left_child=1 4 5 8 7 6 -2 -1 -4 13 -11 -5 -7 -3
right_child=2 9 3 11 -6 12 -8 -9 -10 10 -12 -13 -14 -15
leaf_value=-0.0013949801211192063 -0.0013797553647431162 0.072613636130022821 -0.0013947647637405378 0.00038283441132411997 0.00021006676056427754 -0.00047250962259512007 -0.0007405268333784468 -0.0014118851736353449 -0.0010352188487632748 -0.0014327497303799988 0.011891497236738689 -0.0016196214545593553 -0.0016278369387583607 0.01069863779652125
leaf_weight=48 342 2328 36 86 744 2628 550 222 40 223 219 30 150 218
leaf_count=48 342 2328 36 86 744 2628 550 222 40 223 219 30 150 218
internal_value=-9.45963e-05 0.000592805 -0.000806886 -0.00317098 -0.000452217 -0.000682375 -0.0014916 -0.00193727 -0.00631169 0.000947474 -6.0948e-05 -0.00107692 -0.000422094 0.0011225
internal_weight=7864 4002 3862 192 1014 3670 892 270 76 2988 442 116 2778 2546
internal_count=7864 4002 3862 192 1014 3670 892 270 76 2988 442 116 2778 2546
is_linear=0
shrinkage=0.03


Tree=15
num_leaves=15
num_cat=0
split_feature=29 29 18 42 40 43 22 9 30 13 18 59 52 15
split_gain=4.09638 1.57881 1.26935 1.40281 0.90594 0.80532 1.7503 0.734516 0.630951 0.841286 0.591715 0.503491 0.491133 0.312408
threshold=1318.4087524414065 487.13194274902349 0.55208334326744091 -0.097964655607938753 0.16315789520740512 -0.68322628736495961 6.2985980510711679 0.061284722760319717 0.8229166865348817 1267.488220214844 0.61458331346511852 8.5000000000000018 156.08569335937503 40.719272613525398
decision_type=2 2 2 2 2 2 2 2 2 2 2 2 2 2
left_child=1 4 5 10 7 6 -2 -1 13 -10 -4 -5 -7 -3
right_child=2 8 3 11 -6 12 -8 -9 9 -11 -12 -13 -14 -15
leaf_value=-0.0013531307174856301 -0.0013383627038008228 0.071974559811167044 -0.0013529218208283217 0.0003713493789843962 0.00020376475774734935 -0.00045833433391726636 -0.00071831102837709355 -0.0013695286184262846 0.0023688838092812601 -0.0012653376918873938 -0.0010041622833003767 -0.0015710328109225747 -0.0015790018305956097 -0.0071427661116190665
leaf_weight=48 342 2507 36 86 744 2628 550 222 400 42 40 30 150 39
leaf_count=48 342 2507 36 86 744 2628 550 222 400 42 40 30 150 39
internal_value=-0.000102225 0.000570322 -0.00079912 -0.00317098 -0.000452217 -0.000674203 -0.00145801 -0.00193727 0.000917364 -0.000128668 -0.00631169 -0.00107692 -0.000422094 0.00109894
internal_weight=7864 4002 3862 192 1014 3670 892 270 2988 442 76 116 2778 2546
internal_count=7864 4002 3862 192 1014 3670 892 270 2988 442 76 116 2778 2546
is_linear=0
shrinkage=0.03


Tree=16
num_leaves=14
num_cat=0
split_feature=5 7 33 43 43 15 45 12 49 56 53 53 42
split_gain=3.85278 1.91938 1.19067 1.46417 0.855086 0.56856 0.47432 0.410257 0.404443 0.391652 0.285359 0.183641 0.172588
threshold=7.7702777385711679 0.49650333821773535 54.115770339965827 -0.68322628736495961 -0.52778512239456166 4.7783045768737802 0.81174489855766307 356.73959350585943 71.139305114746108 2.5000000000000004 42.500000000000007 151.50000000000003 0.63405361771583568
decision_type=2 2 2 2 2 2 2 2 2 2 2 2 2
left_child=1 2 3 -1 -3 8 -4 10 9 -2 -7 -9 -6
right_child=5 4 6 -5 12 7 -8 11 -10 -11 -12 -13 -14
leaf_value=-0.001256923607719214 0.0024915685088464979 0.00038667646341713666 -5.2382406039207554e-06 -0.00065165948312879073 -0.001283770956861647 0.039384170446989455 -0.00099852155746550631 0.1204359438159176 -0.0019068305629828921 -0.00061700266344221454 -0.0011136418622816932 0.00055594069116098543 -0.001254513570894444
leaf_weight=527 459 33 2587 1625 44 704 172 1251 30 111 239 43 39
leaf_count=527 459 33 2587 1625 44 704 172 1251 30 111 239 43 39
internal_value=-0.000113668 -0.00061247 -0.000521885 -0.00105063 -0.00441026 0.000770085 -0.000109239 0.000989946 -4.99168e-05 0.000131349 0.000513242 0.00133668 -0.00601786
internal_weight=7864 5027 4911 2152 116 2837 2759 2237 600 570 943 1294 83
internal_count=7864 5027 4911 2152 116 2837 2759 2237 600 570 943 1294 83
is_linear=0
shrinkage=0.03


Tree=17
num_leaves=14
num_cat=0
split_feature=5 7 33 43 43 15 45 49 56 12 53 53 42
split_gain=3.76116 1.92542 1.15568 1.49408 0.855086 0.553997 0.47432 0.404443 0.391652 0.387467 0.285359 0.179249 0.172588
threshold=7.7702777385711679 0.49650333821773535 54.115770339965827 -0.68322628736495961 -0.52778512239456166 4.7783045768737802 0.81174489855766307 71.139305114746108 2.5000000000000004 356.73959350585943 42.500000000000007 151.50000000000003 0.63405361771583568
decision_type=2 2 2 2 2 2 2 2 2 2 2 2 2
left_child=1 2 3 -1 -3 7 -4 8 -2 10 -7 -11 -6
right_child=5 4 6 -5 12 9 -8 -9 -10 11 -12 -13 -14
leaf_value=-0.0012192158994876376 0.0024168214535811028 0.00037507616951462246 -5.0810933858031172e-06 -0.00063210969863492698 -0.0012452578281557975 0.038202645333579768 -0.00096856591074154133 -0.0018496256460934055 -0.0005984925835389479 0.11682286550144008 -0.0010802326064132425 0.00053926247042615397 -0.0012168781637676108
leaf_weight=527 459 33 2587 1625 44 704 172 30 111 1251 239 43 39
leaf_count=527 459 33 2587 1625 44 704 172 30 111 1251 239 43 39
internal_value=-0.000113668 -0.000606504 -0.000515778 -0.00103669 -0.00441026 0.000759514 -0.000109239 -4.99168e-05 0.000131349 0.000976542 0.000513242 0.00131351 -0.00601786
internal_weight=7864 5027 4911 2152 116 2837 2759 600 570 2237 943 1294 83
internal_count=7864 5027 4911 2152 116 2837 2759 600 570 2237 943 1294 83
is_linear=0
shrinkage=0.03


Tree=18
num_leaves=15
num_cat=0
split_feature=5 7 33 43 43 15 45 12 56 18 53 42 21 53
split_gain=3.72091 1.69151 1.08727 1.43236 0.75127 0.501346 0.47432 0.387467 0.38096 0.811451 0.285359 0.281874 0.279893 0.179249
threshold=7.7702777385711679 0.49650333821773535 54.115770339965827 -0.68322628736495961 -0.52778512239456166 4.7783045768737802 0.81174489855766307 356.73959350585943 2.5000000000000004 0.40625000000000006 42.500000000000007 0.63405361771583568 3.054134845733643 151.50000000000003
decision_type=2 2 2 2 2 2 2 2 2 2 2 2 2 2
left_child=1 2 3 -1 -3 8 -4 10 12 -10 -7 -6 -2 -9
right_child=5 4 6 -5 11 7 -8 13 9 -11 -12 -13 -14 -15
leaf_value=-0.0011826394225030084 -0.00038149788917726308 0.00036382388442918369 -4.9286605842290242e-06 -0.00061314640767587923 -0.0012079000933111236 0.037056565973572375 -0.00093950893341929512 0.11331817953639688 0.002601086571534001 -0.0023395254602739239 -0.0010478256282208454 -0.0011803718188545826 0.0031806629324938121 0.00052308459631337015
leaf_weight=527 150 33 2587 1625 44 704 172 1251 77 42 239 39 331 43
leaf_count=527 150 33 2587 1625 44 704 172 1251 77 42 239 39 331 43
internal_value=-9.84106e-05 -0.000588604 -0.000503563 -0.00100882 -0.00415385 0.000770085 -0.000109239 0.000976542 3.90505e-11 -0.0015125 0.000513242 -0.00566071 0.000376556 0.00131351
internal_weight=7864 5027 4911 2152 116 2837 2759 2237 600 119 943 83 481 1294
internal_count=7864 5027 4911 2152 116 2837 2759 2237 600 119 943 83 481 1294
is_linear=0
shrinkage=0.03


Tree=19
num_leaves=14
num_cat=0
split_feature=5 7 33 43 43 15 45 49 56 12 53 42 53
split_gain=3.53469 1.71426 0.956705 1.43014 0.75127 0.553997 0.47432 0.404443 0.391652 0.387467 0.285359 0.281874 0.179249
threshold=7.7702777385711679 0.49650333821773535 54.115770339965827 -0.68322628736495961 -0.52778512239456166 4.7783045768737802 0.81174489855766307 71.139305114746108 2.5000000000000004 356.73959350585943 42.500000000000007 0.63405361771583568 151.50000000000003
decision_type=2 2 2 2 2 2 2 2 2 2 2 2 2
left_child=1 2 3 -1 -3 7 -4 8 -2 10 -7 -6 -11
right_child=5 4 6 -5 11 9 -8 -9 -10 12 -12 -13 -14
leaf_value=-0.0011471602398279181 0.002345075300650163 0.00035290916789630823 -4.7808007667022001e-06 -0.00059475201544560274 -0.00117166309051179 0.035944868994365206 -0.00091132366541671643 -0.0017503844863813853 -0.00053470950184427964 0.10991863415030498 -0.0010163908593742201 -0.0011449606642889452 0.00050739205842396994
leaf_weight=527 459 33 2587 1625 44 704 172 30 111 1251 239 39 43
leaf_count=527 459 33 2587 1625 44 704 172 30 111 1251 239 39 43
internal_value=-8.69675e-05 -0.000564737 -0.000479133 -0.000953089 -0.00415385 0.000759514 -0.000109239 -4.99168e-05 0.000131349 0.000976542 0.000513242 -0.00566071 0.00131351
internal_weight=7864 5027 4911 2152 116 2837 2759 600 570 2237 943 83 1294
internal_count=7864 5027 4911 2152 116 2837 2759 600 570 2237 943 83 1294
is_linear=0
shrinkage=0.03


Tree=20
num_leaves=15
num_cat=0
split_feature=5 7 29 1 28 51 35 24 52 52 42 56 42 33
split_gain=3.4679 1.5541 0.92637 0.847823 0.799159 0.774915 0.768788 0.407357 0.356283 0.455519 0.351649 0.293985 0.162849 0.108183
threshold=24.409722328186039 0.48220558464527136 1080.6941528320315 13.730069160461428 39.430036544799812 1.0000000180025095e-35 136.17027664184573 334.07290649414068 38.605693817138679 57.321111679077156 0.97335553169250499 2.5000000000000004 -0.41248606145381922 60.815885543823249
decision_type=2 2 2 2 2 2 2 2 2 2 2 2 2 2
left_child=1 2 4 12 -1 -5 -4 10 13 -10 11 -2 -3 -9
right_child=7 3 6 5 -6 -7 -8 8 9 -11 -12 -13 -14 -15
leaf_value=-0.00079081259156062059 0.0073318350194658648 -0.0011850764065235882 -0.0015138384182413628 -0.0012772358849278416 0.027408478359668888 -0.0010945187067850771 -0.00066459061675112083 0.10863319135485826 -0.0096643605335208164 0.14678105774372449 -0.0047654791985639886 -0.00062756594907202243 -0.0010982978826530308 0.022934027303170946
leaf_weight=693 297 32 37 43 866 375 3474 1464 80 98 46 129 40 190
leaf_count=693 297 32 37 43 866 375 3474 1464 80 98 46 129 40 190
internal_value=-9.07819e-05 -0.000496314 -0.00034017 -0.00210794 0.000268269 -0.00158234 -0.000610336 0.000887636 0.00109002 -0.000184358 0.00010148 0.000372365 -0.00509589 0.00122719
internal_weight=7864 5560 5070 490 1559 418 3511 2304 1832 178 472 426 72 1654
internal_count=7864 5560 5070 490 1559 418 3511 2304 1832 178 472 426 72 1654
is_linear=0
shrinkage=0.03


Tree=21
num_leaves=15
num_cat=0
split_feature=36 7 29 33 40 40 0 42 52 43 1 15 49 42
split_gain=3.23953 1.12617 1.09064 0.810754 0.929387 0.684572 0.557678 0.623712 0.533604 0.573343 0.417403 0.312078 0.23386 0.162849
threshold=51.000000000000007 0.49650333821773535 1539.8134765625002 55.900156021118171 0.4052631556987763 0.15263157337903979 11.666666507720949 0.72947329282760631 192.00611114501956 -0.9103761315345763 345.79135131835943 40.719272613525398 1.0297222137451174 -0.41248606145381922
decision_type=2 2 2 2 2 2 2 2 2 2 2 2 2 2
left_child=1 3 10 4 -1 -5 13 -8 9 -4 11 -2 -12 -3
right_child=2 6 8 5 -6 -7 7 -9 -10 -11 12 -13 -14 -15
leaf_value=-0.00061429563115123127 0.09834391410722243 -0.0011495241143278808 -0.0012862273880851827 -0.0012471166449619766 -0.0010548689316696714 0.00025399774653121369 0.016271981973643261 -0.001244967995566462 -0.0014061119132061748 0.00013228802431390797 -0.00092828858523740084 -0.011642207505164507 0.022241899294554394 -0.00106534894617344
leaf_weight=1345 2026 32 91 489 844 1775 35 30 31 644 209 39 234 40
leaf_count=1345 2026 32 91 489 844 1775 35 30 31 644 209 39 234 40
internal_value=-0.000109854 -0.000624047 0.000610992 -0.000541199 -0.00095274 -0.000143046 -0.00329348 -0.00125 -0.0003794 -0.000213995 0.000913511 0.00109269 7.77027e-05 -0.00509589
internal_weight=7864 4590 3274 4453 2189 2264 137 65 766 735 2508 2065 443 72
internal_count=7864 4590 3274 4453 2189 2264 137 65 766 735 2508 2065 443 72
is_linear=0
shrinkage=0.03


Tree=22
num_leaves=14
num_cat=0
split_feature=36 7 29 35 2 0 42 52 43 1 52 43 42
split_gain=2.91856 1.14837 1.01146 0.802244 0.611481 0.557678 0.623712 0.533604 0.573343 0.437519 0.348628 0.206995 0.162849
threshold=51.000000000000007 0.49650333821773535 1539.8134765625002 136.17027664184573 114.50000000000001 11.666666507720949 0.72947329282760631 192.00611114501956 -0.9103761315345763 345.79135131835943 40.200834274291999 -0.95642796158790577 -0.41248606145381922
decision_type=2 2 2 2 2 2 2 2 2 2 2 2 2
left_child=1 3 9 -1 -5 12 -7 8 -4 10 -2 -11 -3
right_child=2 5 7 4 -6 6 -8 -9 -10 11 -12 -13 -14
leaf_value=-0.0014499943967595848 0.092054926666936127 -0.0011150383908980442 -0.0012476405664426273 0.00036299009419530373 -0.00077466494344382512 0.015783822514433964 -0.0012076189556994681 -0.0013639285558099895 0.00012831938358449078 -0.0017086930077127858 -0.0021335315829083433 0.00081202490919173259 -0.0010333884777882368
leaf_weight=37 1893 32 91 911 3505 35 30 31 644 43 172 400 40
leaf_count=37 1893 32 91 911 3505 35 30 31 644 43 172 400 40
internal_value=-0.000109854 -0.000597909 0.000574351 -0.000514257 -0.000476794 -0.00329348 -0.00125 -0.0003794 -0.000213995 0.000865684 0.00104913 1.01352e-05 -0.00509589
internal_weight=7864 4590 3274 4453 4416 137 65 766 735 2508 2065 443 72
internal_count=7864 4590 3274 4453 4416 137 65 766 735 2508 2065 443 72
is_linear=0
shrinkage=0.03


Tree=23
num_leaves=15
num_cat=0
split_feature=36 7 24 33 40 40 52 3 42 58 27 15 58 43
split_gain=2.84093 1.34715 1.04998 0.606891 0.822738 0.66643 0.56187 0.513202 0.587941 0.495041 0.372079 0.311757 0.238166 0.146081
threshold=51.000000000000007 0.49650333821773535 314.30952453613287 55.900156021118171 0.4052631556987763 0.15263157337903979 192.00611114501956 0.23306712508201602 0.72947329282760631 53.111665725708015 14.992384910583498 40.719272613525398 0.060555554926395423 0.29012925922870642
decision_type=2 2 2 2 2 2 2 2 2 2 2 2 2 2
left_child=1 3 6 4 -1 -5 9 13 -9 -2 12 -12 -4 -3
right_child=2 7 10 5 -6 -7 -8 8 -10 -11 11 -13 -14 -15
leaf_value=-0.00057262681391337974 8.5217305579842823e-05 -0.0011248893425713552 -0.001026913157813852 -0.0011864631973098024 -0.00099998291541626661 0.0002696177624385912 -0.0013230106991356898 0.022963537677084811 -0.0011713903870284839 -0.0012747633154876613 0.12371248184659792 -0.014054589080017657 0.047159433907213236 -0.00087104178290154657
leaf_weight=1345 885 41 261 489 844 1775 31 31 30 54 1862 39 142 35
leaf_count=1345 885 41 261 489 844 1775 31 31 30 54 1862 39 142 35
internal_value=-0.000109854 -0.000591374 0.000565191 -0.000500786 -0.000856849 -0.000156291 -0.000262616 -0.00351087 -0.00142742 -0.000129255 0.000913666 0.00108912 8.53961e-05 -0.00514286
internal_weight=7864 4590 3274 4453 2189 2264 970 137 61 939 2304 1901 403 76
internal_count=7864 4590 3274 4453 2189 2264 970 137 61 939 2304 1901 403 76
is_linear=0
shrinkage=0.03


Tree=24
num_leaves=15
num_cat=0
split_feature=5 7 33 33 28 53 42 40 24 23 49 56 40 53
split_gain=2.72514 1.80259 0.673896 0.995179 0.522029 0.740366 0.504477 0.643003 0.439831 0.434367 0.34969 0.242682 0.209172 0.186871
threshold=24.409722328186039 0.49650333821773535 54.115770339965827 52.978227615356452 49.094839096069343 42.500000000000007 0.52778512239456188 0.71052631735801708 334.07290649414068 21.856805801391605 20.899305343627933 2.5000000000000004 0.87894737720489513 53.500000000000007
decision_type=2 2 2 2 2 2 2 2 2 2 2 2 2 2
left_child=1 2 3 -1 5 11 7 -3 12 -4 -7 -2 -6 -10
right_child=4 6 9 -5 8 10 -8 -9 13 -11 -12 -13 -14 -15
leaf_value=-0.00053163297616882739 0.014216637498583484 0.013425406459313564 -0.0012167740342178316 -0.0011623666404576905 0.00089331930746872805 -0.0042210793561638354 -0.0010486755534213842 -0.001032840559354967 0.13831526712915104 8.9408206775414562e-05 -0.011968189194789097 -0.00069790875662322784 -0.0091958091958632519 0.066118673331724373
leaf_weight=1925 210 33 434 362 273 52 48 35 1080 2723 45 92 30 522
leaf_count=1925 210 33 434 362 273 52 48 35 1080 2723 45 92 30 522
internal_value=-0.000109854 -0.00046934 -0.000390083 -0.000782124 0.000757484 -0.00022875 -0.00415385 -0.00243478 0.000964061 -0.000105921 -0.0024949 0.000504951 -8.38815e-05 0.0011622
internal_weight=7864 5560 5444 2287 2304 399 116 68 1905 3157 97 302 303 1602
internal_count=7864 5560 5444 2287 2304 399 116 68 1905 3157 97 302 303 1602
is_linear=0
shrinkage=0.03


Tree=25
num_leaves=14
num_cat=0
split_feature=5 7 29 43 29 42 40 24 53 0 42 58 28
split_gain=2.67742 1.81317 0.686967 0.905775 0.74739 0.504477 0.643003 0.472519 0.456221 0.98434 0.299522 0.154705 0.0868217
threshold=24.409722328186039 0.49650333821773535 1080.6941528320315 -0.68322628736495961 487.13194274902349 0.52778512239456188 0.71052631735801708 334.07290649414068 42.500000000000007 370.50000000000006 0.97335553169250499 0.084444444626569762 47.06023025512696
decision_type=2 2 2 2 2 2 2 2 2 2 2 2 2
left_child=1 2 4 -4 -1 6 -3 10 12 -10 11 -2 -9
right_child=7 5 3 -5 -6 -7 -8 8 9 -11 -12 -13 -14
leaf_value=-0.00073655942359096506 0.0049957866842393105 0.013022644265534157 -0.00099791205029315299 -0.00041438948511554537 0.026627321989834793 -0.0010172152868187427 -0.0010018553425743182 0.0085786492363331603 -0.012457584429075061 0.45387199442190806 -0.0062404142907489689 -0.00044900208943350075 0.089778753023231933
leaf_weight=866 247 33 898 2814 866 48 35 79 210 431 46 179 1112
leaf_count=866 247 33 898 2814 866 48 35 79 210 431 46 179 1112
internal_value=-0.000102225 -0.000458551 -0.000379063 -0.000609211 0.000114253 -0.00415385 -0.00243478 0.000757484 0.00097545 0.000329439 -8.87949e-05 0.000161593 0.00132257
internal_weight=7864 5560 5444 3712 1732 116 68 2304 1832 641 472 426 1191
internal_count=7864 5560 5444 3712 1732 116 68 2304 1832 641 472 426 1191
is_linear=0
shrinkage=0.03


Tree=26
num_leaves=15
num_cat=0
split_feature=5 7 33 33 42 40 16 24 53 0 58 59 27 28
split_gain=2.57363 1.82378 0.659588 1.03177 0.504477 0.643003 0.402995 0.390901 0.476361 0.93044 0.179795 1.10023 0.30061 0.08233
threshold=24.409722328186039 0.49650333821773535 54.115770339965827 52.978227615356452 0.52778512239456188 0.71052631735801708 13.238246917724611 334.07290649414068 42.500000000000007 370.50000000000006 0.084444444626569762 2.5000000000000004 49.411296844482429 47.06023025512696
decision_type=2 2 2 2 2 2 2 2 2 2 2 2 2 2
left_child=1 2 3 -1 5 -3 -4 10 13 -10 12 -12 -2 -9
right_child=7 4 6 -5 -6 -7 -8 8 9 -11 11 -13 -14 -15
leaf_value=-0.00049755694298839962 0.0098099151114159362 0.012631964937568133 -0.00053674788598977988 -0.0010975582797351652 -0.00098669882821418044 -0.00097179968229708859 0.0016807861544398536 0.0083212897592431657 -0.012083856896202812 0.44025583458925083 -0.0034664033545903838 0.0030160869264643972 -0.001998533743206752 0.087085390432534979
leaf_weight=1925 203 33 2122 362 48 35 1035 79 210 431 67 138 64 1112
leaf_count=1925 203 33 2122 362 48 35 1035 79 210 431 67 138 64 1112
internal_value=-9.84106e-05 -0.000447761 -0.000368044 -0.0007559 -0.00415385 -0.00243478 -8.69221e-05 0.000744469 0.000942717 0.00028271 -2.53699e-05 -0.000691748 0.00048694 0.0012974
internal_weight=7864 5560 5444 2287 116 68 3157 2304 1832 641 472 205 267 1191
internal_count=7864 5560 5444 2287 116 68 3157 2304 1832 641 472 205 267 1191
is_linear=0
shrinkage=0.03


Tree=27
num_leaves=14
num_cat=0
split_feature=36 7 1 23 10 2 3 42 58 53 52 2 43
split_gain=2.62672 1.37142 0.809156 0.55843 0.554096 0.647905 0.513202 0.587941 0.496701 0.487351 0.380793 0.200684 0.146081
threshold=51.000000000000007 0.49650333821773535 345.79135131835943 22.728750228881839 1.8595998883247378 109.50000000000001 0.23306712508201602 0.72947329282760631 43.962638854980476 106.50000000000001 116.05777740478517 284.00000000000006 0.29012925922870642
decision_type=2 2 2 2 2 2 2 2 2 2 2 2 2
left_child=1 4 3 9 5 -1 12 -8 10 -2 -4 -5 -3
right_child=2 6 8 11 -6 -7 7 -9 -10 -11 -12 -13 -14
leaf_value=0.00047328322397603939 0.0097774926000478955 -0.0010126456907771011 0.0002118432875237883 0.00091870001604376966 -0.0013126750406937955 -0.00071293956566077755 0.021221682669763535 -0.0010446709853639997 -0.0036221295724410858 -0.0086445686835552003 -0.0012228902991503856 0.083882404951041406 -0.00075430081516468712
leaf_weight=761 837 41 724 238 45 3647 31 30 33 117 30 1295 35
leaf_count=761 837 41 724 238 45 3647 31 30 33 117 30 1295 35
internal_value=-0.000102225 -0.000565236 0.00054687 0.000812098 -0.000473844 -0.000439555 -0.00351087 -0.00142742 -0.000291244 0.000241885 -0.000131126 0.00116656 -0.00514286
internal_weight=7864 4590 3274 2487 4453 4408 137 61 787 954 754 1533 76
internal_count=7864 4590 3274 2487 4453 4408 137 61 787 954 754 1533 76
is_linear=0
shrinkage=0.03


Tree=28
num_leaves=15
num_cat=0
split_feature=5 7 33 43 42 40 28 53 7 53 24 40 56 53
split_gain=2.57769 1.79731 0.9489 0.935204 0.504477 0.643003 0.408183 0.430916 0.392785 0.392538 0.314414 0.227168 0.206694 0.206684
threshold=24.409722328186039 0.49650333821773535 54.115770339965827 -0.68322628736495961 0.52778512239456188 0.71052631735801708 49.094839096069343 42.500000000000007 0.32453168928623205 55.500000000000007 334.07290649414068 0.87894737720489513 2.5000000000000004 106.50000000000001
decision_type=2 2 2 2 2 2 2 2 2 2 2 2 2 2
left_child=1 2 3 -1 5 -3 7 12 -4 -9 11 -8 -2 -12
right_child=6 4 8 -5 -6 -7 10 9 -10 -11 13 -13 -14 -15
leaf_value=-0.00095434470308075202 0.010851609100239452 0.011883167433771437 0.00068972387828406239 -0.00055750793225788683 -0.00092943111410977196 -0.00091226632110486287 0.0007800400857073019 -0.016327188360467978 -0.00068801026044116415 -0.0014880417978248642 0.12973148636981124 -0.0092027586201035242 -0.00082125783171797361 0.0063815524329583683
leaf_weight=560 210 33 1513 1727 48 35 273 35 1644 62 1398 30 92 204
leaf_count=560 210 33 1513 1727 48 35 273 35 1644 62 1398 30 92 204
internal_value=-0.000125111 -0.000474735 -0.000395592 -0.000860795 -0.00415385 -0.00243478 0.000718438 -0.00015375 -5.8423e-05 -0.00188265 0.000901102 1.48027e-05 0.000405941 0.00106862
internal_weight=7864 5560 5444 2287 116 68 2304 399 3157 97 1905 303 302 1602
internal_count=7864 5560 5444 2287 116 68 2304 399 3157 97 1905 303 302 1602
is_linear=0
shrinkage=0.03


Tree=29
num_leaves=13
num_cat=0
split_feature=5 7 33 33 43 16 7 53 11 24 58 0
split_gain=2.57769 1.55549 0.874451 0.906566 0.65417 0.387371 0.343697 0.386525 0.88347 0.406714 0.263913 0.0772021
threshold=24.409722328186039 0.49650333821773535 54.115770339965827 52.978227615356452 -0.52778512239456166 13.238246917724611 0.37267799675464636 42.500000000000007 2.7722221612930302 334.07290649414068 0.30555555224418646 349.08332824707037
decision_type=2 2 2 2 2 2 2 2 2 2 2 2
left_child=1 2 3 -1 -3 -4 11 9 -9 -8 -6 -2
right_child=6 4 5 -5 10 -7 7 8 -10 -11 -12 -13
leaf_value=-0.00052181422518710508 0.00092802318959320999 -0.00064934134164322446 -0.00047861695462702826 -0.0010128429257991835 -0.00083028729597764634 0.0016162281239533564 -0.00032322948343675652 -0.027716085997771374 0.0025841680086661364 0.050346205516017241 -0.00087489833177905349 0.3674152645298458
leaf_weight=1925 47 33 2122 362 46 1035 342 111 410 907 37 487
leaf_count=1925 47 33 2122 362 46 1035 342 111 410 907 37 487
internal_value=-0.000125111 -0.000474735 -0.000401102 -0.000847684 -0.00389744 -7.74224e-05 0.000718438 0.000516657 -0.00016954 0.0008028 -0.00530357 0.00138505
internal_weight=7864 5560 5444 2287 116 3157 2304 1770 521 1249 83 534
internal_count=7864 5560 5444 2287 116 3157 2304 1770 521 1249 83 534
is_linear=0
shrinkage=0.03


Tree=30
num_leaves=15
num_cat=0
split_feature=5 7 1 51 33 22 50 28 24 53 40 40 53 56
split_gain=2.39852 1.62782 0.847823 0.774915 0.743077 0.704646 0.567366 0.384191 0.292475 0.291848 0.295752 0.227168 0.221828 0.173584
threshold=24.409722328186039 0.48220558464527136 13.730069160461428 1.0000000180025095e-35 54.115770339965827 8.4824109077453631 205.50000000000003 49.094839096069343 334.07290649414068 42.500000000000007 0.43684209883213049 0.87894737720489513 53.500000000000007 2.5000000000000004
decision_type=2 2 2 2 2 2 2 2 2 2 2 2 2 2
left_child=1 4 -3 -4 5 -1 -6 9 11 13 -11 -9 -10 -2
right_child=7 2 3 -5 6 -7 -8 8 12 10 -12 -13 -14 -15
leaf_value=-0.00055659495479041447 0.0096997122709473593 -0.00092190984925273731 -0.00097589437971331195 -0.00085304238976326489 0.00011111973997476133 -0.0010564755309065046 -0.0033238595421811734 0.00071400259510530535 0.12340358912526357 -0.0013980811351190353 -0.024350200963304314 -0.0089169789769973154 0.06472293028083656 -0.00078692321226333237
leaf_weight=2059 210 72 43 375 2875 103 33 273 1080 64 33 30 522 92
leaf_count=2059 210 72 43 375 2875 103 33 273 1080 64 33 30 522 92
internal_value=-0.000121297 -0.000458551 -0.00210794 -0.00158234 -0.000298758 -0.000719834 1.4438e-05 0.000692408 0.000869622 -0.00015375 -0.00157653 1.48027e-05 0.00103119 0.000306931
internal_weight=7864 5560 490 418 5070 2162 2908 2304 1905 399 97 303 1602 302
internal_count=7864 5560 490 418 5070 2162 2908 2304 1905 399 97 303 1602 302
is_linear=0
shrinkage=0.03


Tree=31
num_leaves=14
num_cat=0
split_feature=5 7 1 33 22 42 50 7 53 11 24 42 0
split_gain=2.40781 1.41532 0.919304 0.743077 0.704646 0.629951 0.567366 0.35728 0.367684 0.88347 0.384874 0.162849 0.0772021
threshold=24.409722328186039 0.48220558464527136 13.730069160461428 54.115770339965827 8.4824109077453631 0.93540480732917797 205.50000000000003 0.37267799675464636 42.500000000000007 2.7722221612930302 334.07290649414068 -0.41248606145381922 349.08332824707037
decision_type=2 2 2 2 2 2 2 2 2 2 2 2 2
left_child=1 3 11 4 -1 -4 -5 12 10 -10 -9 -3 -2
right_child=7 2 5 6 -6 -7 -8 8 9 -11 -12 -13 -14
leaf_value=-0.00053989710614670212 0.00092379019027331421 -0.0012118861532916419 -0.00095495088411548957 0.00010778614777551848 -0.0010247812649793093 0.00050369316372674336 -0.0032241437559157385 -6.0469775388690585e-05 -0.026498379129929698 0.0018927780143072944 0.045475758361652421 -0.0007808317194723329 0.35269069892019256
leaf_weight=2059 47 32 330 2875 103 88 33 342 111 410 907 40 487
leaf_count=2059 47 32 330 2875 103 88 33 342 111 410 907 40 487
internal_value=-0.000109854 -0.000447761 -0.00198574 -0.000298758 -0.000719834 -0.00143914 1.4438e-05 0.000705423 0.000499718 -0.00016954 0.0007788 -0.00509589 0.00138505
internal_weight=7864 5560 490 5070 2162 418 2908 2304 1770 521 1249 72 534
internal_count=7864 5560 490 5070 2162 418 2908 2304 1770 521 1249 72 534
is_linear=0
shrinkage=0.03


Tree=32
num_leaves=15
num_cat=0
split_feature=5 7 33 33 43 28 7 24 53 40 58 40 53 56
split_gain=2.33155 1.58508 0.850042 0.85039 0.65417 0.384191 0.371682 0.292475 0.291848 0.295752 0.263913 0.227168 0.221828 0.173584
threshold=24.409722328186039 0.49650333821773535 54.115770339965827 52.978227615356452 -0.52778512239456166 49.094839096069343 0.32453168928623205 334.07290649414068 42.500000000000007 0.43684209883213049 0.30555555224418646 0.87894737720489513 53.500000000000007 2.5000000000000004
decision_type=2 2 2 2 2 2 2 2 2 2 2 2 2 2
left_child=1 2 3 -1 -3 8 -4 11 13 -10 -6 -7 -9 -2
right_child=5 4 6 -5 10 7 -8 12 9 -11 -12 -13 -14 -15
leaf_value=-0.00047326503660337848 0.0089899940076238662 -0.00057171167066660995 0.00065168542379591453 -0.00092578381664705956 -0.00074935094074081985 0.00065923813842416897 -0.00065957862062162654 0.11833720870065612 -0.0014129220414946834 -0.022824743560507291 -0.00078463750174935054 -0.008647655514425737 0.062724459031982246 -0.00076150142263377188
leaf_weight=1925 210 33 1513 362 46 273 1644 1080 64 33 37 30 522 92
leaf_count=1925 210 33 1513 362 46 273 1644 1080 64 33 37 30 522 92
internal_value=-0.000109854 -0.000442366 -0.000368044 -0.000808348 -0.00389744 0.000692408 -4.89233e-05 0.000869622 -0.00015375 -0.00157653 -0.00530357 1.48027e-05 0.00103119 0.000306931
internal_weight=7864 5560 5444 2287 116 2304 3157 1905 399 97 83 303 1602 302
internal_count=7864 5560 5444 2287 116 2304 3157 1905 399 97 83 303 1602 302
is_linear=0
shrinkage=0.03


Tree=33
num_leaves=13
num_cat=0
split_feature=5 7 33 34 43 7 53 28 16 0 24 0
split_gain=2.25651 1.36311 0.7518 0.800836 0.563785 0.385231 0.462323 0.91005 0.372056 0.356052 0.310185 0.0772021
threshold=24.409722328186039 0.49650333821773535 54.115770339965827 50.340475082397468 -0.52778512239456166 0.37267799675464636 42.500000000000007 129.72357177734378 13.238246917724611 11.666666507720949 334.07290649414068 349.08332824707037
decision_type=2 2 2 2 2 2 2 2 2 2 2 2
left_child=1 2 3 -1 -3 11 10 -8 -4 -6 -7 -2
right_child=5 4 8 -5 9 6 7 -9 -10 -11 -12 -13
leaf_value=-0.00049863381037233495 0.00091892152724412776 -0.00055456032054661166 -0.00044799781916830751 -0.00089852884309261298 -0.00078609837443841283 1.7874312241926723e-05 -0.019314860112227591 0.029447420432068428 0.0015416235408883701 -0.00070318563115996343 0.041481371360123115 0.3385598616915671
leaf_weight=1818 47 33 2122 469 52 342 307 214 1035 31 907 487
leaf_count=1818 47 33 2122 469 52 342 307 214 1035 31 907 487
internal_value=-0.000109854 -0.000436972 -0.000368044 -0.000782124 -0.00364103 0.000679393 0.000465839 -0.000284483 -6.79227e-05 -0.00494643 0.0007788 0.00138505
internal_weight=7864 5560 5444 2287 116 2304 1770 521 3157 83 1249 534
internal_count=7864 5560 5444 2287 116 2304 1770 521 3157 83 1249 534
is_linear=0
shrinkage=0.03


Tree=34
num_leaves=15
num_cat=0
split_feature=5 7 33 33 43 28 16 0 0 53 53 40 13 53
split_gain=2.13125 1.36771 0.724448 0.796011 0.563785 0.417667 0.372056 0.356052 0.316978 0.493605 0.261936 0.295752 0.185944 0.179192
threshold=24.409722328186039 0.49650333821773535 54.115770339965827 52.978227615356452 -0.52778512239456166 49.094839096069343 13.238246917724611 11.666666507720949 349.08332824707037 53.500000000000007 42.500000000000007 0.43684209883213049 1845.6218872070315 4.5000000000000009
decision_type=2 2 2 2 2 2 2 2 2 2 2 2 2 2
left_child=1 2 3 -1 -3 10 -4 -6 9 -7 13 -12 -10 -2
right_child=5 4 6 -5 7 8 -8 -9 12 -11 11 -13 -14 -15
leaf_value=-0.0004405807279391549 -0.00050229233851230477 -0.00053792351093021344 -0.00043455788459325826 -0.00087262432758931387 -0.0007625154232052604 0.016805072022013586 0.0014953748346617191 -0.00068209006222516436 0.27560945520064806 -0.0071274678252234306 -0.00079108857688301565 -0.021560555450325244 -0.0046278117974169085 0.02926786759256934
leaf_weight=1925 197 33 2122 362 52 629 1035 31 1003 180 64 33 93 105
leaf_count=1925 197 33 2122 362 52 629 1035 31 1003 180 64 33 93 105
internal_value=-0.000113668 -0.000431577 -0.000362534 -0.000769012 -0.00364103 0.000653362 -6.79227e-05 -0.00494643 0.000838143 0.000387037 -0.00022875 -0.00157653 0.00117046 0.000207921
internal_weight=7864 5560 5444 2287 116 2304 3157 83 1905 809 399 97 1096 302
internal_count=7864 5560 5444 2287 116 2304 3157 83 1905 809 399 97 1096 302
is_linear=0
shrinkage=0.03


Tree=35
num_leaves=15
num_cat=0
split_feature=15 24 7 49 43 35 28 40 0 53 58 55 15 58
split_gain=1.9418 1.06157 0.672806 1.08733 0.622018 0.553686 0.519744 1.24313 0.449399 0.398873 0.544794 0.357552 0.304239 0.303702
threshold=4.4936721324920663 309.39137268066412 0.49650333821773535 2.8581944704055791 -0.58216583728790272 136.17027664184573 405.29045104980474 0.39473684132099157 18.333333015441898 3.5000000000000004 35.948194503784187 0.68305554986000072 40.719272613525398 0.16819445043802264
decision_type=2 2 2 2 2 2 2 2 2 2 2 2 2 2
left_child=2 6 5 4 -4 -1 13 -8 -7 12 -11 -5 -3 -2
right_child=1 9 3 11 -6 8 7 -9 -10 10 -12 -13 -14 -15
leaf_value=-0.0011694363712430281 -0.00075437437774117573 0.063847852168123595 -0.00060376889753297727 0.010615523685519995 -0.00068752915577816411 0.001513406995913708 0.00483312961503214 -0.0014824926032256601 -0.00057405980950877471 0.0068467905799239675 -0.011275722949870485 -0.0018027092026703826 -0.013699750168913184 0.0013721479273809615
leaf_weight=37 419 1354 32 66 93 381 60 34 3775 1171 60 30 39 313
leaf_count=37 419 1354 32 66 93 381 60 34 3775 1171 60 30 39 313
internal_value=-0.000128926 0.000404231 -0.00054564 -0.00215541 -0.0039881 -0.0004603 -0.000533253 -0.00262105 -0.000427231 0.000699429 0.000305601 0.000247423 0.00104699 -0.000261937
internal_weight=7864 3450 4414 221 125 4193 826 94 4156 2624 1231 96 1393 732
internal_count=7864 3450 4414 221 125 4193 826 94 4156 2624 1231 96 1393 732
is_linear=0
shrinkage=0.03


Tree=36
num_leaves=15
num_cat=0
split_feature=33 15 40 18 15 42 28 42 7 12 59 30 14 7
split_gain=1.99303 1.14998 1.01154 1.55513 1.26235 1.03994 0.605288 0.448748 0.573634 0.520075 0.40086 0.741868 0.536225 0.395299
threshold=55.900156021118171 4.7783045768737802 0.4052631556987763 0.42708332836627966 29.613815307617191 -0.88144907355308522 37.716407775878913 -0.35206145048141474 0.49650333821773535 411.63542175292974 4.5000000000000009 0.73363095521926891 9890.5000000000018 0.37267799675464636
decision_type=2 2 2 2 2 2 2 2 2 2 2 2 2 2
left_child=2 7 10 4 -4 -5 -3 9 -9 -2 11 -1 -12 -8
right_child=1 6 3 5 -6 -7 13 8 -10 -11 12 -13 -14 -15
leaf_value=-0.0005885409674053477 0.0055052913239472057 -0.001171564983810252 -0.00056080420599808885 -0.0015416525312661926 -0.0015696844941518028 -0.00094842637051173169 0.058486703868859659 -0.0008389096777162839 -0.00067352115667228219 -0.0013157173403866079 -0.0005523517084315701 0.0072542228427229646 -0.00096806049035454177 0.019809476867365308
leaf_weight=915 423 122 893 35 32 158 1069 1642 119 44 406 318 48 1640
leaf_count=915 423 122 893 35 32 158 1069 1642 119 44 406 318 48 1640
internal_value=-0.000136554 0.000219071 -0.000777798 -0.00147721 -0.000963823 -0.0039201 0.000620233 -0.000290713 -0.000509932 0.000535256 -0.000313685 -3.28201e-05 -0.00107473 0.000713469
internal_weight=7864 5059 2805 1118 925 193 2831 2228 1761 467 1687 1233 454 2709
internal_count=7864 5059 2805 1118 925 193 2831 2228 1761 467 1687 1233 454 2709
is_linear=0
shrinkage=0.03


Tree=37
num_leaves=15
num_cat=0
split_feature=33 34 40 29 22 36 59 22 7 50 49 33 40 43
split_gain=1.94158 0.957968 1.0489 1.19528 0.928722 0.903209 0.823393 0.85425 0.655637 0.591377 0.847622 0.570135 0.52746 0.495498
threshold=54.115770339965827 50.340475082397468 0.4052631556987763 3604.107788085938 7.4874446392059335 51.000000000000007 4.5000000000000009 8.4824109077453631 0.49650333821773535 5.5000000000000009 9.9052782058715838 47.194206237792976 0.15263157337903979 0.41248606145381933
decision_type=2 2 2 2 2 2 2 2 2 2 2 2 2 2
left_child=1 6 4 -4 -3 8 7 -1 12 10 -7 -8 -2 -10
right_child=5 2 3 -5 -6 9 11 -9 13 -11 -12 -13 -14 -15
leaf_value=-0.00013605660626121504 -0.001116329464768126 -4.9176740649878103e-05 -0.00075946650347396693 -0.00097855186385249304 -0.0011645619875498532 0.00091474193860217618 -0.00020464315407235517 -0.00090098885460538616 -0.00018841115652614991 0.089418970381663965 -0.025790746116976897 -0.0010111160391389937 8.2096880441085132e-05 -0.00069485417250782471
leaf_weight=1436 567 276 101 93 33 1078 168 47 63 1616 92 216 2038 40
leaf_count=1436 567 276 101 93 33 1078 168 47 63 1616 92 216 2038 40
internal_value=-0.000136554 -0.00085407 -0.00201488 -0.00373846 -0.000924193 0.000173066 -0.000540418 -0.00021934 -0.000217054 0.000552207 3.84287e-05 -0.00177662 -0.000123753 -0.00255288
internal_weight=7864 2370 503 194 309 5494 1867 1483 2708 2786 1170 384 2605 103
internal_count=7864 2370 503 194 309 5494 1867 1483 2708 2786 1170 384 2605 103
is_linear=0
shrinkage=0.03


Tree=38
num_leaves=15
num_cat=0
split_feature=28 24 58 34 36 25 12 43 22 56 43 10 13 17
split_gain=1.93012 1.07884 0.959109 2.19048 0.884009 0.802972 0.673088 0.656017 0.689282 0.641847 0.597734 0.551256 0.448489 0.330359
threshold=175.26733398437503 268.59226989746099 1.5579166412353518 50.340475082397468 2.5000000000000004 1861.4028320312502 290.33332824707037 -0.9103761315345763 6.1749844551086435 8.5000000000000018 0.98611506819725048 1.8595998883247378 241.42096710205081 50.743888854980476
decision_type=2 2 2 2 2 2 2 2 2 2 2 2 2 2
left_child=4 7 3 -3 5 12 10 8 -2 -4 -6 -9 -1 -8
right_child=1 2 9 -5 6 -7 13 11 -10 -11 -12 -13 -14 -15
leaf_value=0.0013611319451591877 -0.00092842589402657931 -0.00058123290104137096 0.00053592373236108616 -0.00099070433479958803 0.00020128479299720778 -0.0013475370063151869 -0.00032834382230711957 -0.00026259977759637197 -0.00059007489564248834 -0.0014885122094345138 -0.0013251851213660474 -0.001097449248069776 -0.00082865351466578801 0.0619931082805147
leaf_weight=206 87 224 198 128 1346 53 243 2337 230 30 71 31 733 1947
leaf_count=206 87 224 198 128 1346 53 243 2337 230 30 71 31 733 1947
internal_value=-0.000128926 -0.00068662 -0.00185886 -0.00283853 0.000267065 -0.00052568 0.000485172 -0.0004328 -0.00171226 -0.000340611 -2.433e-05 -0.00026087 -0.000320745 0.000814697
internal_weight=7864 3265 580 352 4599 992 3607 2685 317 228 1417 2368 939 2190
internal_count=7864 3265 580 352 4599 992 3607 2685 317 228 1417 2368 939 2190
is_linear=0
shrinkage=0.03


Tree=39
num_leaves=15
num_cat=0
split_feature=28 40 18 42 36 15 40 6 27 44 9 59 36 1
split_gain=1.85647 1.01376 1.71959 1.09056 0.846412 0.794394 0.776752 0.965118 0.587655 0.494463 0.672098 0.509008 0.465477 0.389841
threshold=175.26733398437503 0.37368421256542211 0.42708332836627966 -0.88144907355308522 14.500000000000002 29.613815307617191 0.20526316016912463 0.37500000000000006 43.980001449584968 -0.60785761475563038 0.23431713879108432 4.5000000000000009 475.50000000000006 11.224720954895021
decision_type=2 2 2 2 2 2 2 2 2 2 2 2 2 2
left_child=4 9 5 -4 6 -3 7 -1 12 10 -2 -11 -6 -8
right_child=1 2 3 -5 8 -7 13 -9 -10 11 -12 -13 -14 -15
leaf_value=-0.00088785399089203213 -0.0011755491865386635 -0.00052715921794822655 -0.0014834432638124791 -0.0008639006063477317 0.0014700796407229994 -0.0014780488332465631 0.01739505328552797 -0.0012525376263508947 0.16789734637110323 0.0010416245937455446 0.00014156824426938828 -0.00084440613633573645 -0.0012915792400999175 -0.00025172204803069743
leaf_weight=374 214 1157 35 175 1112 64 196 68 1419 897 184 539 390 1040
leaf_count=374 214 1157 35 175 1112 64 196 68 1419 897 184 539 390 1040
internal_value=-0.000121297 -0.000668249 -0.00126641 -0.00376777 0.000267065 -0.00083347 -0.000269803 -0.00134763 0.000575462 -0.00020109 -0.00113534 5.84552e-05 0.000161677 0.000116411
internal_weight=7864 3265 1431 210 4599 1221 1678 442 2921 1834 398 1436 1502 1236
internal_count=7864 3265 1431 210 4599 1221 1678 442 2921 1834 398 1436 1502 1236
is_linear=0
shrinkage=0.03


Tree=40
num_leaves=13
num_cat=0
split_feature=29 7 43 11 15 29 24 7 43 40 22 7
split_gain=1.74913 0.896556 0.945096 1.01836 0.86003 0.651846 0.554759 0.528417 0.509059 0.39634 0.581348 0.484928
threshold=1574.5408325195315 0.49650333821773535 -0.68322628736495961 4.1980557441711435 4.7783045768737802 487.13194274902349 339.46875000000006 0.37267799675464636 0.63405361771583568 0.42631578445434576 8.4663715362548846 0.49650333821773535
decision_type=2 2 2 2 2 2 2 2 2 2 2 2
left_child=4 2 3 -2 9 8 -4 -7 -6 11 -11 -1
right_child=1 -3 6 -5 5 7 -8 -9 -10 10 -12 -13
leaf_value=-0.00078715828321573151 -0.00050789900583592823 -0.00057521312140042236 -0.00032366834401609647 -0.00083805307253602337 -0.00024902112891059681 0.10134823637136263 -0.0009346005855357006 0.022097443401616425 -0.001055882367905824 0.0021740810351709456 -0.0012392244005005324 -0.00062251023442505581
leaf_weight=827 754 34 2599 127 155 1000 107 1545 44 533 48 91
leaf_count=827 754 34 2599 127 155 1000 107 1545 44 533 48 91
internal_value=-0.000136554 -0.00062079 -0.000573997 -0.00142687 0.000276744 0.00059235 -0.000295899 0.00072172 -0.0010575 -0.000301 0.000311856 -0.000688792
internal_weight=7864 3621 3587 881 4243 2744 2706 2545 199 1499 581 918
internal_count=7864 3621 3587 881 4243 2744 2706 2545 199 1499 581 918
is_linear=0
shrinkage=0.03


Tree=41
num_leaves=12
num_cat=0
split_feature=33 7 43 44 36 53 43 27 56 50 7
split_gain=1.63317 0.837982 0.801478 1.19978 0.757248 0.634609 0.618136 0.681839 0.614889 0.574213 0.313326
threshold=54.115770339965827 0.49650333821773535 -0.68322628736495961 -0.87837970256805409 51.000000000000007 234.50000000000003 0.58216583728790294 3.09324061870575 123.50000000000001 3.5000000000000004 0.48220558464527136
decision_type=2 2 2 2 2 2 2 2 2 2 2
left_child=1 2 3 -1 6 9 10 -8 -4 -6 -2
right_child=4 -3 8 -5 5 -7 7 -9 -10 -11 -12
leaf_value=-0.00084077985191454666 0.00032088971975453655 -0.00055795672775840971 -0.00032843678808065812 -0.00062326676445631491 0.00027301564789322126 -0.022410178409446573 -0.0012875964443434648 -0.00097173021157211364 -0.001021150198087483 0.07913790062694688 -0.00060979667851730106
leaf_weight=69 1645 34 1720 503 1092 36 52 761 44 1658 250
leaf_count=69 1645 34 1720 503 1092 36 52 761 44 1658 250
internal_value=-0.00013274 -0.000790806 -0.000721438 -0.00169634 0.000151228 0.000498385 -0.00020598 -0.00089742 -0.000404533 0.000550709 9.09811e-05
internal_weight=7864 2370 2336 572 5494 2786 2708 813 1764 2750 1895
internal_count=7864 2370 2336 572 5494 2786 2708 813 1764 2750 1895
is_linear=0
shrinkage=0.03


Tree=42
num_leaves=15
num_cat=0
split_feature=33 36 40 18 44 58 43 27 50 49 56 33 53 2
split_gain=1.40915 0.78193 0.717577 1.70935 1.03931 0.967459 0.579175 0.681839 0.567114 0.777421 0.465196 0.528426 0.437384 0.329619
threshold=54.115770339965827 51.000000000000007 0.37368421256542211 0.42708332836627966 -0.87837970256805409 1.0000000180025095e-35 0.58216583728790294 3.09324061870575 8.5000000000000018 9.9052782058715838 106.50000000000001 52.978227615356452 151.50000000000003 37.500000000000007
decision_type=2 2 2 2 2 2 2 2 2 2 2 2 2 2
left_child=2 6 10 4 -4 -5 13 -8 9 -3 11 -1 -10 -2
right_child=1 8 3 5 -6 -7 7 -9 12 -11 -12 -13 -14 -15
leaf_value=7.758575370860758e-05 0.0092038420049610371 0.00092961585667375207 -0.00069897336343569395 -0.0011891924297483879 -0.00038055740325367569 -0.0006680627298293934 -0.0012489685510131609 -0.00094257830522495025 0.10585859177718003 -0.019726639436130657 -0.00098755228754068792 -0.00074558181918304794 -0.024905409052875142 -7.5416072602800397e-05
leaf_weight=1057 203 1117 98 106 773 74 52 761 1523 106 43 219 40 1692
leaf_count=1057 203 1117 98 106 773 74 52 761 1523 106 43 219 40 1692
internal_value=-0.000128926 0.00013485 -0.000740194 -0.00132462 -0.000772362 -0.0039779 -0.000228128 -0.00089742 0.000487621 3.67651e-06 -0.000273864 -0.000169146 0.000866049 5.93355e-05
internal_weight=7864 5494 2370 1051 871 180 2708 813 2786 1223 1319 1276 1563 1895
internal_count=7864 5494 2370 1051 871 180 2708 813 2786 1223 1319 1276 1563 1895
is_linear=0
shrinkage=0.03


Tree=43
num_leaves=15
num_cat=0
split_feature=29 40 2 30 43 11 28 56 2 27 36 24 56 9
split_gain=1.32298 0.935462 1.45577 0.763587 0.678562 1.1495 2.07928 0.63207 0.543945 0.520405 0.610063 0.410717 0.853582 0.315939
threshold=1574.5408325195315 0.20526316016912463 214.50000000000003 0.86011904478073131 -0.68322628736495961 4.1980557441711435 360.08190917968756 20.500000000000004 148.50000000000003 51.05096626281739 475.50000000000006 339.46875000000006 2.5000000000000004 0.7170601785182954
decision_type=2 2 2 2 2 2 2 2 2 2 2 2 2 2
left_child=1 2 7 -4 5 8 -7 -1 -2 10 -3 13 -13 -6
right_child=4 9 3 -5 11 6 -8 -9 -10 -11 -12 12 -14 -15
leaf_value=-0.00092418898651699651 0.00012312774144880855 0.0033452905293935341 0.00068107994739444828 -0.019893083825379323 -0.0001997808052163308 -0.00093776199304727165 -0.00074483981499827163 -0.00099931204037736619 -0.00070503396699574442 0.56487282103116687 -0.0085329287473136384 -0.0009085993193297193 0.0023865637907533373 -0.00048836032148842623
leaf_weight=128 209 2419 824 36 2388 103 32 72 545 454 310 69 38 237
leaf_count=128 209 2419 824 36 2388 103 32 72 545 454 310 69 38 237
internal_value=-0.000125111 0.000234331 -0.000537229 3.90701e-11 -0.000546245 -0.00126573 -0.00380515 -0.00283582 -0.000806622 0.000491363 0.000334615 -0.000311745 -0.002125 -0.000237053
internal_weight=7864 4243 1060 860 3621 889 135 200 754 3183 2729 2732 107 2625
internal_count=7864 4243 1060 860 3621 889 135 200 754 3183 2729 2732 107 2625
is_linear=0
shrinkage=0.03


Tree=44
num_leaves=15
num_cat=0
split_feature=29 40 2 1 43 10 44 52 24 56 7 27 27 15
split_gain=1.29505 0.803519 0.874306 0.651476 0.634891 1.1259 0.761007 0.738343 0.736759 0.886247 0.609152 0.572868 0.432587 0.426321
threshold=1574.5408325195315 0.23684210330247882 214.50000000000003 437.38542175292974 -0.47114434838294977 1.2795721888542178 -0.87837970256805409 23.326527595520023 339.46875000000006 3.5000000000000004 0.40284535288810736 48.144273757934577 7.9073200225830087 4.4936721324920663
decision_type=2 2 2 2 2 2 2 2 2 2 2 2 2 2
left_child=1 2 12 -4 5 6 -2 -7 -6 -10 13 -12 -1 -3
right_child=4 10 3 -5 8 7 -8 -9 9 -11 11 -13 -14 -15
leaf_value=-0.00094828711680570977 -0.00068790198137217123 0.00047798653189452236 0.0059088178115179277 -0.0014953480114323365 -0.00021973978827987832 -0.0011286401029067519 -0.00037748529167542724 0.00021133426970620535 -0.00088495615946765686 0.0026313769490651901 -0.00046856163023701919 0.15236022463241611 -0.00050433138181221629 0.11367774170717493
leaf_weight=70 146 494 747 239 2298 88 956 36 67 30 1138 434 166 955
leaf_count=70 146 494 747 239 2298 88 956 36 67 30 1138 434 166 955
internal_value=-0.000121297 0.000234331 -0.000414554 -2.12766e-05 -0.000537962 -0.00109291 -0.000786038 -0.003792 -0.000253548 -0.00280102 0.000496856 8.77305e-05 -0.00205063 0.000940345
internal_weight=7864 4243 1222 986 3621 1226 1102 124 2395 97 3021 1572 236 1449
internal_count=7864 4243 1222 986 3621 1226 1102 124 2395 97 3021 1572 236 1449
is_linear=0
shrinkage=0.03


Tree=45
num_leaves=12
num_cat=0
split_feature=5 7 42 27 53 31 24 36 50 33 40
split_gain=1.22562 0.922259 0.658536 0.614115 0.900162 1.10957 0.772865 0.568362 0.481494 0.440468 0.0859883
threshold=24.409722328186039 0.48220558464527136 0.93540480732917797 57.567893981933601 42.500000000000007 0.41440714895725256 334.07290649414068 10.500000000000002 213.50000000000003 54.115770339965827 0.24736841768026355
decision_type=2 2 2 2 2 2 2 2 2 2 2
left_child=1 8 7 4 6 -6 -2 -3 9 -1 -4
right_child=3 2 10 -5 5 -7 -8 -9 -10 -11 -12
leaf_value=-0.00045326050228476709 -0.0012007379776276419 -0.00077136185291664544 0.0048221606253409533 0.47356455842722389 -0.022094930345775875 0.20856148769518737 0.042885920207331771 -0.00053330578733543597 -0.0042341718025726231 2.3784607553931011e-05 -1.9792636787160443e-05
leaf_weight=2145 396 270 48 410 298 155 1045 122 42 2883 50
leaf_count=2145 396 270 48 410 298 155 1045 122 42 2883 50
internal_value=-0.000136554 -0.00037763 -0.00161914 0.000445119 0.000216887 -0.000948238 0.000583565 -0.00216794 -0.000257346 -0.000230264 0.000575758
internal_weight=7864 5560 490 2304 1894 453 1441 392 5070 5028 98
internal_count=7864 5560 490 2304 1894 453 1441 392 5070 5028 98
is_linear=0
shrinkage=0.03


Tree=46
num_leaves=15
num_cat=0
split_feature=29 40 16 16 43 9 28 6 24 56 27 40 6 2
split_gain=1.2249 0.81933 1.0525 2.58181 0.634891 1.01548 0.94015 0.696377 0.57032 0.764249 0.56304 0.598393 0.355604 0.270484
threshold=1574.5408325195315 0.20526316016912463 22.872672080993656 20.116421699523929 -0.47114434838294977 0.54004630446434032 394.64279174804693 0.12500000372529033 339.46875000000006 3.5000000000000004 51.05096626281739 0.96315789222717296 0.45833332836627966 284.00000000000006
decision_type=2 2 2 2 2 2 2 2 2 2 2 2 2 2
left_child=1 2 3 -1 5 7 -7 -2 12 -10 11 -3 -6 -4
right_child=4 10 13 -5 8 6 -8 -9 9 -11 -12 -13 -14 -15
leaf_value=-0.00063198584544925428 -0.00069515896714048128 0.0021650777728388477 -0.0031304196944572579 -0.033218757208453457 -0.00015996132231306024 -0.0012771815889685853 -0.0006120346990998813 4.9985616750821438e-05 -0.00084480965961508431 0.0025660334556617771 0.53668004512663114 -0.0017758799829494223 -0.00039062056819426415 0.059815060252514755
leaf_weight=607 599 2583 55 63 2258 133 46 448 67 30 454 146 40 335
leaf_count=607 599 2583 55 63 2258 133 46 448 67 30 454 146 40 335
internal_value=-0.00013274 0.000213124 -0.000508954 -0.00122951 -0.000537962 -0.00109291 -0.003175 -0.000734256 -0.000253548 -0.0024949 0.000453675 0.000290659 -0.000157895 0.0007289
internal_weight=7864 4243 1060 670 3621 1226 179 1047 2395 97 3183 2729 2298 390
internal_count=7864 4243 1060 670 3621 1226 179 1047 2395 97 3183 2729 2298 390
is_linear=0
shrinkage=0.03


Tree=47
num_leaves=12
num_cat=0
split_feature=5 7 7 53 15 50 16 43 36 0 0
split_gain=1.17788 1.01643 0.604705 0.564807 0.479295 0.544565 0.424878 0.403163 0.369367 0.183051 0.173919
threshold=24.409722328186039 0.49650333821773535 0.37267799675464636 223.50000000000003 35.729955673217781 1.5000000000000002 50.184326171875007 -0.52778512239456166 686.00000000000011 11.666666507720949 349.08332824707037
decision_type=2 2 2 2 2 2 2 2 2 2 2
left_child=1 4 10 8 6 -6 -1 -3 -4 -9 -2
right_child=2 7 3 -5 5 -7 -8 9 -10 -11 -12
leaf_value=-0.00038503834340537107 0.00071995244306054663 -0.00030730618326773739 0.0010765591419592548 -0.019898071160659097 -0.00068034239446692864 0.0082077922619535337 0.003039967269923624 -0.00047965354989421835 0.69456372627536522 -0.00041332676001195272 0.29760179973067519
leaf_weight=4942 47 33 1543 35 49 31 422 52 192 31 487
leaf_count=4942 47 33 1543 35 49 31 422 52 192 31 487
internal_value=-0.000125111 -0.000361446 0.000445119 0.000177866 -0.000301928 -0.00259259 -0.000267288 -0.00312821 0.000254896 -0.00423214 0.00132897
internal_weight=7864 5560 2304 1770 5444 80 5364 116 1735 83 534
internal_count=7864 5560 2304 1770 5444 80 5364 116 1735 83 534
is_linear=0
shrinkage=0.03


Tree=48
num_leaves=12
num_cat=0
split_feature=5 7 7 53 15 50 43 35 36 0 0
split_gain=1.14658 1.02438 0.604705 0.564807 0.483924 0.544565 0.403163 0.387824 0.369367 0.183051 0.173919
threshold=24.409722328186039 0.49650333821773535 0.37267799675464636 223.50000000000003 35.729955673217781 1.5000000000000002 -0.52778512239456166 136.17027664184573 686.00000000000011 11.666666507720949 349.08332824707037
decision_type=2 2 2 2 2 2 2 2 2 2 2
left_child=1 4 10 8 7 -6 -3 -1 -4 -8 -2
right_child=2 6 3 -5 5 -7 9 -9 -10 -11 -12
leaf_value=-0.00092413273556955257 0.00069835386976872999 -0.00029808699776970527 0.0010442623677004771 -0.019301129025839324 -0.00065993212263292076 0.007961558494094927 -0.00046526394339739183 -0.00028445145224418618 0.67372681448710425 -0.00040092695721159418 0.28867374573875493
leaf_weight=37 47 33 1543 35 49 31 52 5327 192 31 487
leaf_count=37 47 33 1543 35 49 31 52 5327 192 31 487
internal_value=-0.000117482 -0.000350656 0.000445119 0.000177866 -0.000290909 -0.00259259 -0.00312821 -0.000256104 0.000254896 -0.00423214 0.00132897
internal_weight=7864 5560 2304 1770 5444 80 116 5364 1735 83 534
internal_count=7864 5560 2304 1770 5444 80 116 5364 1735 83 534
is_linear=0
shrinkage=0.03


Tree=49
num_leaves=12
num_cat=0
split_feature=5 7 10 15 53 50 43 15 12 21 0
split_gain=1.15616 1.04055 0.692491 0.684078 0.602881 0.60029 0.403163 0.399285 0.34538 0.272743 0.183051
threshold=43.516109466552741 0.49650333821773535 0.29558987915515905 35.729955673217781 151.50000000000003 1.5000000000000002 -0.52778512239456166 14.42046642303467 340.75000000000006 4.237896442413331 11.666666507720949
decision_type=2 2 2 2 2 2 2 2 2 2 2
left_child=1 3 -2 7 8 -5 -3 -1 -4 -6 -8
right_child=2 6 4 5 9 -7 10 -9 -10 -11 -12
leaf_value=-0.00034291154507693741 0.28001353336659235 -0.00028914438783661419 -0.00051398201712369522 -0.0028978448226156328 0.0041567294360708553 0.0027977563127234918 -0.00045130602509547009 0.016148970710442235 0.0502865746890587 -0.024665843618367149 -0.00038889914849524638
leaf_weight=5187 487 33 476 65 30 54 52 539 875 35 31
leaf_count=5187 487 33 476 65 30 54 52 539 875 35 31
internal_value=-0.000121297 -0.00032682 0.000522321 -0.000270698 0.000186309 -0.0025125 -0.00312821 -0.000223677 0.000322855 -0.00261364 -0.00423214
internal_weight=7864 5961 1903 5845 1416 119 116 5726 1351 65 83
internal_count=7864 5961 1903 5845 1416 119 116 5726 1351 65 83
is_linear=0
shrinkage=0.03


Tree=50
num_leaves=15
num_cat=0
split_feature=50 7 29 34 25 15 50 17 50 43 9 49 58 15
split_gain=1.06759 1.0776 0.943988 0.796565 0.597976 0.588447 0.6745 0.6315 0.547439 0.456568 0.452528 0.440217 0.27023 0.241715
threshold=20.500000000000004 0.48220558464527136 5219.1750488281259 47.097455978393562 1739.1350708007815 10.620784282684328 16.500000000000004 789.28930664062511 108.50000000000001 0.29012925922870642 0.57752317190170299 20.418055534362797 5.57694435119629 0.48964698612689977
decision_type=2 2 2 2 2 2 2 2 2 2 2 2 2 2
left_child=1 5 4 11 -3 6 -1 -7 13 -4 -10 -2 -13 -5
right_child=3 2 9 8 -6 7 -8 -9 10 -11 -12 12 -14 -15
leaf_value=-0.00032222069752580818 0.02730292870370913 -0.00061659436193980586 -0.00045234672830499716 -0.0011254326118863077 -0.0013180673905966982 0.011224868692330549 -0.002221825559263028 -0.0023290866691547739 -0.0014471583546887719 -0.00033634549785384685 0.060198570327805054 -0.011711049462270648 -0.00085180202611913705 0.14618175192900529
leaf_weight=4375 122 554 50 53 70 814 43 120 233 30 161 111 133 995
leaf_count=4375 122 554 50 53 70 814 43 120 233 30 161 111 133 995
internal_value=-0.000102225 -0.000293214 -0.00139574 0.000537313 -0.0009984 -0.000147954 -0.0002926 0.000535829 0.00085447 -0.00444444 -9.87341e-05 -0.000711172 -0.0014449 0.00121258
internal_weight=7864 6056 704 1808 624 5352 4418 934 1442 80 394 366 244 1048
internal_count=7864 6056 704 1808 624 5352 4418 934 1442 80 394 366 244 1048
is_linear=0
shrinkage=0.03


Tree=51
num_leaves=15
num_cat=0
split_feature=50 7 29 34 29 50 40 49 43 24 50 12 9 15
split_gain=1.16784 0.986735 0.970659 0.640475 0.604024 0.925959 0.497707 0.467029 0.456568 0.441863 0.440788 0.407949 0.368416 0.248577
threshold=20.500000000000004 0.48220558464527136 5219.1750488281259 47.747722625732429 1574.5408325195315 14.500000000000002 0.24736841768026355 20.418055534362797 0.29012925922870642 381.55207824707037 108.50000000000001 547.58334350585949 0.57752317190170299 0.60945892333984386
decision_type=2 2 2 2 2 2 2 2 2 2 2 2 2 2
left_child=1 4 9 7 6 -6 -1 -2 -4 -3 13 -9 -12 -5
right_child=3 2 8 10 5 -7 -8 11 -10 -11 12 -13 -14 -15
leaf_value=-0.00073012946894437036 0.0066610869522316886 -0.00054798756269281606 -0.00043877632645584731 -0.0011267968267282521 -0.00036882894750132065 -0.0024230027617659629 0.0035242580469057152 -0.0011843360952642509 -0.00032625513291823139 -0.0014353270951546866 -0.0014840879495337587 -0.022496136111629216 0.10314844020794771 0.16530766553550502
leaf_weight=676 147 527 50 30 3130 35 1511 194 30 97 224 70 158 985
leaf_count=676 147 527 50 30 3130 35 1511 194 30 97 224 70 158 985
internal_value=-9.84106e-05 -0.000298167 -0.00135319 0.000570481 -0.000159163 -0.000424037 0.000224177 -0.00046966 -0.00444444 -0.0009504 0.000876609 -0.00122264 7.83294e-06 0.00120325
internal_weight=7864 6056 704 1808 5352 3165 2187 411 80 624 1397 264 382 1015
internal_count=7864 6056 704 1808 5352 3165 2187 411 80 624 1397 264 382 1015
is_linear=0
shrinkage=0.03


Tree=52
num_leaves=10
num_cat=0
split_feature=28 27 7 40 53 43 14 18 30
split_gain=1.10969 0.782014 0.635513 0.617595 0.882534 0.589055 0.801812 0.474885 0.419273
threshold=175.26733398437503 57.567893981933601 0.49650333821773535 0.20526316016912463 2.5000000000000004 -0.68322628736495961 2831.0000000000005 0.53125000000000011 0.44196428358554846
decision_type=2 2 2 2 2 2 2 2 2
left_child=1 3 5 4 -1 6 -2 -5 -7
right_child=2 -3 -4 7 -6 8 -8 -9 -10
leaf_value=6.1118288870649088e-05 -0.000609430548007941 0.49679977154492927 -0.00039645327090996157 0.0015935695724795546 -0.0022752100789256964 -0.001025799252165775 9.6018786701195386e-05 -0.001510656136186186 -0.00023736579425216812
leaf_weight=608 500 384 34 2847 467 55 292 293 2384
leaf_count=608 500 384 34 2847 467 55 292 293 2384
internal_value=-9.84106e-05 0.000201848 -0.00052128 8.36101e-05 -0.00053671 -0.000477568 -0.00118789 0.000296084 -0.000246516
internal_weight=7864 4599 3265 4215 1075 3231 792 3140 2439
internal_count=7864 4599 3265 4215 1075 3231 792 3140 2439
is_linear=0
shrinkage=0.03


Tree=53
num_leaves=10
num_cat=0
split_feature=28 27 7 43 14 43 19 7 30
split_gain=1.1298 0.774151 0.635513 0.589055 0.801812 0.580702 0.719429 0.565951 0.419273
threshold=175.26733398437503 57.567893981933601 0.49650333821773535 -0.68322628736495961 2831.0000000000005 0.58216583728790294 0.4545296579599381 0.49650333821773535 0.44196428358554846
decision_type=2 2 2 2 2 2 2 2 2
left_child=1 5 3 4 -2 7 -7 -1 -5
right_child=2 -3 -4 8 -6 6 -8 -9 -10
leaf_value=0.0015074680847698124 -0.00059114763156770274 0.48189577839858144 -0.00038455967278266273 -0.00099502527460080181 9.3138223100159334e-05 0.0015607507730199892 -0.0014121570615950132 -0.00092543701169007749 -0.00023024482042460312
leaf_weight=2770 500 384 34 55 292 586 677 182 2384
leaf_count=2770 500 384 34 55 292 586 677 182 2384
internal_value=-9.45963e-05 0.00020837 -0.00052128 -0.000477568 -0.00118789 9.07258e-05 -0.000447389 0.000321029 -0.000246516
internal_weight=7864 4599 3265 3231 792 4215 1263 2952 2439
internal_count=7864 4599 3265 3231 792 4215 1263 2952 2439
is_linear=0
shrinkage=0.03


Tree=54
num_leaves=12
num_cat=0
split_feature=5 7 15 10 53 33 50 43 21 49 0
split_gain=1.08866 0.875846 0.696673 0.692491 0.602881 0.464174 0.365645 0.332925 0.272743 0.266262 0.117441
threshold=43.516109466552741 0.49650333821773535 35.729955673217781 0.29558987915515905 151.50000000000003 60.340641021728523 17.500000000000004 -0.52778512239456166 4.237896442413331 18.352083206176761 11.666666507720949
decision_type=2 2 2 2 2 2 2 2 2 2 2
left_child=1 2 5 -2 6 -1 -5 -3 -6 -4 -9
right_child=3 7 9 4 8 -7 -8 10 -10 -11 -12
leaf_value=-0.00038963146902580066 0.26931052780024861 -0.00022538371639462622 -0.0027755983870106733 -0.00050446196776004115 0.0040930872935137363 0.00080704172598832511 0.038379351915054649 -0.00038760276438900198 -0.028370143379441121 0.0052988018863392074 -0.00031636515461682746
leaf_weight=4689 487 33 85 610 30 1037 741 52 35 34 31
leaf_count=4689 487 33 85 610 30 1037 741 52 35 34 31
internal_value=-0.000102225 -0.00030166 -0.000250171 0.000522321 0.000186309 -0.000202724 0.000322855 -0.00287179 -0.00261364 -0.0025125 -0.003875
internal_weight=7864 5961 5845 1903 1416 5726 1351 116 65 119 83
internal_count=7864 5961 5845 1903 1416 5726 1351 116 65 119 83
is_linear=0
shrinkage=0.03


Tree=55
num_leaves=11
num_cat=0
split_feature=5 7 10 15 36 53 33 43 49 0
split_gain=1.03442 0.879282 0.715072 0.69984 0.437222 0.835336 0.410606 0.332925 0.266262 0.117441
threshold=43.516109466552741 0.49650333821773535 0.29558987915515905 35.729955673217781 686.00000000000011 42.500000000000007 60.340641021728523 -0.52778512239456166 18.352083206176761 11.666666507720949
decision_type=2 2 2 2 2 2 2 2 2 2
left_child=1 3 -2 6 5 -4 -1 -3 -5 -9
right_child=2 7 4 8 -6 -7 -8 9 -10 -11
leaf_value=-0.00037794252495502669 0.26123121196624122 -0.00021862220490278752 0.0073017973800410044 -0.0026923304354003535 0.61443798283372875 -0.016325959732112476 0.00078283047420867535 -0.00037597468145733197 0.0051398378297490338 -0.00030687419997832264
leaf_weight=4689 487 33 942 85 192 282 1037 52 34 31
leaf_count=4689 487 33 942 85 192 282 1037 52 34 31
internal_value=-0.000102225 -0.000296629 0.000506565 -0.000245039 0.000165138 -4.40816e-05 -0.000197486 -0.00287179 -0.0025125 -0.003875
internal_weight=7864 5961 1903 5845 1416 1224 5726 116 119 83
internal_count=7864 5961 1903 5845 1416 1224 5726 116 119 83
is_linear=0
shrinkage=0.03


Tree=56
num_leaves=12
num_cat=0
split_feature=5 10 7 15 58 59 26 33 43 49 47
split_gain=0.98157 0.738014 0.715984 0.69984 0.474755 0.662955 0.620179 0.410606 0.269402 0.266262 0.190611
threshold=43.516109466552741 0.29558987915515905 0.49650333821773535 35.729955673217781 0.026805555447936062 2.5000000000000004 4766.0000000000009 60.340641021728523 -0.52778512239456166 18.352083206176761 1.0000000180025095e-35
decision_type=2 2 2 2 2 2 2 2 2 2 2
left_child=2 -2 3 7 6 -6 -3 -1 -4 -5 -10
right_child=1 4 8 9 5 -7 -8 -9 10 -11 -12
leaf_value=-0.00036660424920637583 0.25339427560725397 -0.003344922153667359 -0.00021206353875570381 -0.0026115605223383429 -0.010624962529215206 0.00064159827038073902 0.029576765296873031 0.00075934555998241507 -0.00029908596859812883 0.0049856426948565596 -0.00029874659151626269
leaf_weight=4689 487 38 33 85 107 393 878 1037 41 34 42
leaf_count=4689 487 38 33 85 107 393 878 1037 41 34 42
internal_value=-0.000102225 0.000490809 -0.000291597 -0.000245039 0.000143966 -0.000598802 0.000549618 -0.000197486 -0.00261538 -0.0025125 -0.00351786
internal_weight=7864 1903 5961 5845 1416 500 916 5726 116 119 83
internal_count=7864 1903 5961 5845 1416 500 916 5726 116 119 83
is_linear=0
shrinkage=0.03


Tree=57
num_leaves=11
num_cat=0
split_feature=5 10 7 36 53 15 35 43 47 42
split_gain=0.942432 0.761318 0.715984 0.46556 0.779109 0.425203 0.40013 0.269402 0.190611 0.183347
threshold=43.516109466552741 0.29558987915515905 0.49650333821773535 686.00000000000011 42.500000000000007 35.729955673217781 136.17027664184573 -0.52778512239456166 1.0000000180025095e-35 0.52778512239456188
decision_type=2 2 2 2 2 2 2 2 2 2
left_child=2 -2 5 4 -3 6 -1 -4 -9 -7
right_child=1 3 7 -5 -6 9 -8 8 -10 -11
leaf_value=-0.00081733625206342503 0.24579244733903632 0.0061954404997335835 -0.00020570163259303265 0.5951175403898108 -0.015855428888260525 -0.00022394610742875918 -0.00019585575389637695 -0.00029011338954018493 -0.00028978419377077483 -0.011523632418312351
leaf_weight=37 487 942 33 192 282 71 5689 41 42 48
leaf_count=37 487 942 33 192 282 71 5689 41 42 48
internal_value=-0.000106039 0.000475053 -0.000291597 0.000122795 -9.30612e-05 -0.000245039 -0.000207962 -0.00261538 -0.00351786 -0.0020125
internal_weight=7864 1903 5961 1416 1224 5845 5726 116 83 119
internal_count=7864 1903 5961 1416 1224 5845 5726 116 83 119
is_linear=0
shrinkage=0.03


Tree=58
num_leaves=14
num_cat=0
split_feature=15 28 28 18 53 7 49 55 56 58 35 43 1
split_gain=0.932634 0.774243 0.606441 0.741849 0.661372 0.490398 0.535174 0.46327 0.453624 0.377585 0.376616 0.33725 0.291014
threshold=4.4936721324920663 213.47305297851565 85.773426055908217 0.53125000000000011 42.500000000000007 0.49650333821773535 2.8581944704055791 0.11708333343267442 110.50000000000001 2.0069444179534917 136.17027664184573 -0.58216583728790272 16.883147239685062
decision_type=2 2 2 2 2 2 2 2 2 2 2 2 2
left_child=5 2 4 -4 -2 10 11 -8 9 -3 -1 -7 -12
right_child=1 8 3 -5 -6 6 7 -9 -10 -11 12 -13 -14
leaf_value=-0.00079281616450152233 0.021553254214809966 -0.00075133180836015317 0.094188383864727193 -0.010902280568300109 -0.0090923733431507777 -0.00028370289544409912 0.015758771230926574 -0.010982449632020117 -0.0019729996383356214 0.00035917824082967335 0.0012945273954797479 -0.00048641145591153429 -0.00038576525914455905
leaf_weight=37 1004 342 1316 132 397 32 62 34 31 228 433 93 3723
leaf_count=37 1004 342 1316 132 397 32 62 34 31 228 433 93 3723
internal_value=-8.69675e-05 0.000282527 0.000488947 0.000919255 4.38659e-05 -0.000375764 -0.00175 -6.18556e-05 -0.000695183 -0.000499124 -0.000302933 -0.00303571 -0.00027568
internal_weight=7864 3450 2849 1448 1401 4414 221 96 601 570 4193 125 4156
internal_count=7864 3450 2849 1448 1401 4414 221 96 601 570 4193 125 4156
is_linear=0
shrinkage=0.03


Tree=59
num_leaves=15
num_cat=0
split_feature=50 34 7 29 50 49 30 22 50 13 33 33 25 50
split_gain=0.988284 0.747794 0.658799 0.621811 0.922286 0.500621 0.478839 0.446352 0.385811 0.62062 0.449805 0.341955 0.287039 0.127552
threshold=20.500000000000004 47.457731246948249 0.48220558464527136 1574.5408325195315 14.500000000000002 20.418055534362797 0.65922617912292492 6.6467571258544931 98.500000000000014 1845.6218872070315 53.765544891357429 52.978227615356452 1739.1350708007815 32.500000000000007
decision_type=2 2 2 2 2 2 2 2 2 2 2 2 2 2
left_child=2 5 3 7 -5 13 -4 -1 10 -10 -3 -7 -8 -2
right_child=1 8 6 4 -6 11 12 -9 9 -11 -12 -13 -14 -15
leaf_value=-0.0011703754957104776 0.0061524185125905384 -0.0025593482538670102 -0.00041515485899957177 -0.00033423464696873741 -0.0022771334849744935 0.00063265590175677264 -0.00050660155208753657 0.0015545204841470707 0.004184421395272071 -0.092223256751260127 0.16910799300797597 -0.0086918749938092264 -0.0011504528005329894 0.0061430452268604122
leaf_weight=176 46 31 41 3130 35 32 593 2011 461 34 889 225 70 90
leaf_count=176 46 31 41 3130 35 32 593 2011 461 34 889 225 70 90
internal_value=-9.45963e-05 0.00052073 -0.000278356 -0.000164767 -0.000433512 -0.000635787 -0.00114043 0.000224177 0.000842161 0.000166331 0.00120521 -0.00141279 -0.000942018 0.000832117
internal_weight=7864 1808 6056 5352 3165 393 704 2187 1415 495 920 257 663 136
internal_count=7864 1808 6056 5352 3165 393 704 2187 1415 495 920 257 663 136
is_linear=0
shrinkage=0.03


Tree=60
num_leaves=11
num_cat=0
split_feature=5 10 7 43 50 52 9 35 34 47
split_gain=1.03442 0.715072 0.712883 0.461938 0.455727 0.495022 0.465587 0.389123 0.399509 0.187806
threshold=43.516109466552741 0.29558987915515905 0.49650333821773535 -0.41248606145381922 19.500000000000004 5.9322223663330087 0.43206018209457403 136.17027664184573 57.004980087280281 1.0000000180025095e-35
decision_type=2 2 2 2 2 2 2 2 2 2
left_child=2 -2 7 -4 5 -3 -6 -1 -9 -5
right_child=1 4 3 9 6 -7 -8 8 -10 -11
leaf_value=-0.00075900464015741446 0.23365973791854402 0.0019046975481411745 -1.7785930614542753e-05 -0.00052684337929366748 -0.011220053142495088 -0.011272046301218743 0.050619036205643335 -0.00021427414213376277 -0.0012330532218333371 -0.00027373438557915382
leaf_weight=37 487 486 40 38 204 173 553 5625 183 38
leaf_count=37 487 486 40 38 204 173 553 5625 183 38
internal_value=-0.000102225 0.000506565 -0.000296629 -0.00261538 0.000165138 -0.000411364 0.000666887 -0.000250171 -0.000230332 -0.00397403
internal_weight=7864 1903 5961 116 1416 659 757 5845 5808 76
internal_count=7864 1903 5961 116 1416 659 757 5845 5808 76
is_linear=0
shrinkage=0.03


Tree=61
num_leaves=13
num_cat=0
split_feature=5 12 7 40 43 28 53 35 4 40 13 47
split_gain=0.942432 0.831214 0.715984 0.625723 0.461938 0.422402 0.514211 0.390447 0.353911 0.317996 0.286571 0.187806
threshold=43.516109466552741 340.75000000000006 0.49650333821773535 0.92105263471603405 -0.41248606145381922 85.773426055908217 42.500000000000007 136.17027664184573 15.720988750457765 0.66842105984687816 1845.6218872070315 1.0000000180025095e-35
decision_type=2 2 2 2 2 2 2 2 2 2 2 2
left_child=2 3 7 9 -4 6 -3 -1 -9 -2 -7 -6
right_child=1 5 4 -5 11 10 -8 8 -10 -11 -12 -13
leaf_value=-0.00073623450095269209 -0.00093001903013136737 0.020917570645685682 -1.7252352696106462e-05 -0.010875145225382474 -0.00051103807791485741 0.22331213000549396 -0.016311207675455963 -0.00022794529008131876 -0.023428135831755011 0.045008459375742216 -0.018518719744823723 -0.00026552235401177922
leaf_weight=37 397 237 40 35 38 953 111 5769 39 77 93 38
leaf_count=37 397 237 40 35 38 953 111 5769 39 77 93 38
internal_value=-0.000106039 0.000475053 -0.000291597 -0.000561765 -0.00261538 0.000853763 -5.15759e-05 -0.000245039 -0.000225168 -0.000271579 0.00115473 -0.00397403
internal_weight=7864 1903 5961 509 116 1394 348 5845 5808 474 1046 76
internal_count=7864 1903 5961 509 116 1394 348 5845 5808 474 1046 76
is_linear=0
shrinkage=0.03


Tree=62
num_leaves=13
num_cat=0
split_feature=36 50 52 7 53 43 50 40 43 27 34 43
split_gain=0.866208 0.833546 0.916464 0.663064 0.588385 0.524898 0.437426 1.45936 0.417704 0.387344 0.316903 0.307103
threshold=51.000000000000007 7.5000000000000009 192.00611114501956 0.49650333821773535 151.50000000000003 -0.95642796158790577 2.5000000000000004 0.96315789222717296 -0.41248606145381922 2.8769177198410039 48.061246871948249 0.63405361771583568
decision_type=2 2 2 2 2 2 2 2 2 2 2 2
left_child=3 2 5 6 10 -2 9 -8 -5 -1 -3 -10
right_child=1 4 -4 8 -6 -7 7 -9 11 -11 -12 -13
leaf_value=-0.00101891917471814 -0.0011096017734678134 -0.0001457862698204723 -0.0031732184849641103 5.4767848471097112e-05 -0.02992525768016183 5.5307445874464077e-05 -0.00068498811900909835 -0.0042873961381040895 -0.00053535463361722448 -2.2710508170366651e-05 0.15487219306568981 -0.00017295107834768581
leaf_weight=130 143 318 30 42 42 1473 1264 42 55 3017 1268 40
leaf_count=130 143 318 30 42 42 1473 1264 42 55 3017 1268 40
internal_value=-0.000109854 0.000262901 -0.000213115 -0.000375735 0.000744015 -0.000115028 -0.000312191 -0.000773527 -0.00242391 -0.000120553 0.000837429 -0.00351562
internal_weight=7864 3274 1646 4590 1628 1616 4453 1306 137 3147 1586 95
internal_count=7864 3274 1646 4590 1628 1616 4453 1306 137 3147 1586 95
is_linear=0
shrinkage=0.03


Tree=63
num_leaves=15
num_cat=0
split_feature=15 38 15 40 9 11 59 10 18 50 43 42 56 58
split_gain=0.89988 0.778303 0.638331 0.430891 0.38958 0.788072 0.470479 0.454178 0.535484 0.355914 0.344156 0.234833 0.207338 0.271365
threshold=12.255350112915041 1.0000000180025095e-35 35.729955673217781 0.23684210330247882 0.75510418415069591 5.1716668605804452 33.500000000000007 1.142487168312073 0.55208334326744091 19.500000000000004 -0.52778512239456166 0.77259656786918651 3.5000000000000004 0.62500000000000011
decision_type=2 2 2 2 2 2 2 2 2 2 2 2 2 2
left_child=4 2 3 -2 7 6 -6 8 -1 -9 -7 -4 13 -3
right_child=1 12 11 -5 5 10 -8 9 -10 -11 -12 -13 -14 -15
leaf_value=-0.00037408126992593865 -0.0012024260990071809 -0.0020434816871538731 -3.9078651937779046e-06 0.079991726346368849 -0.00097324550048471462 -0.00122906286135607 0.00048536846515366745 8.2588689804464704e-05 -0.000662647155165243 0.053837276989273632 0.002591697856471559 -0.016583620449505 0.00031258746488982311 0.00017767663089646944
leaf_weight=4462 442 65 84 1318 314 67 76 494 76 219 123 35 44 45
leaf_count=4462 442 65 84 1318 314 67 76 494 76 219 123 35 44 45
internal_value=-0.000106039 0.000437316 0.000605585 0.000749574 -0.000295525 -0.0010327 -0.00180307 -0.000213918 -0.000324521 0.000489496 0.000549738 -0.0015125 -0.00160645 -0.0022973
internal_weight=7864 2033 1879 1760 5831 580 390 5251 4538 713 190 119 154 110
internal_count=7864 2033 1879 1760 5831 580 390 5251 4538 713 190 119 154 110
is_linear=0
shrinkage=0.03


Tree=64
num_leaves=13
num_cat=0
split_feature=15 38 30 53 49 9 11 9 50 49 56 58
split_gain=0.888954 0.767125 0.561796 0.772001 0.459383 0.477676 0.695567 0.462843 0.406098 0.389388 0.207338 0.271365
threshold=12.255350112915041 1.0000000180025095e-35 0.80208331346511852 42.500000000000007 495.31680297851568 0.75510418415069591 5.1716668605804452 0.13831017911434176 98.500000000000014 2.8581944704055791 3.5000000000000004 0.62500000000000011
decision_type=2 2 2 2 2 2 2 2 2 2 2 2
left_child=4 2 8 -4 5 9 -7 -6 -2 -1 11 -3
right_child=1 10 3 -5 7 6 -8 -9 -10 -11 -12 -13
leaf_value=-0.00035998444869745895 0.078466893354808304 -0.0019821772365392568 0.024259586430831714 -0.012769493540518586 0.0029344823258271738 -0.00080198256503845365 0.0010442787016554113 -0.0035181961346017142 -0.018028531055843521 0.0002564590537395811 0.00030320984094312842 0.00017234633196957434
leaf_weight=3489 923 65 632 188 35 388 190 36 136 1693 44 45
leaf_count=3489 923 65 632 188 35 388 190 36 136 1693 44 45
internal_value=-0.000117482 0.000422566 0.000589628 3.90679e-11 -0.000305813 -0.000275994 -0.00109326 -0.0026875 0.00104575 -0.000184642 -0.00160645 -0.0022973
internal_weight=7864 2033 1879 820 5831 5760 578 71 1059 5182 154 110
internal_count=7864 2033 1879 820 5831 5760 578 71 1059 5182 154 110
is_linear=0
shrinkage=0.03


Tree=65
num_leaves=11
num_cat=0
split_feature=15 15 38 55 43 34 49 9 9 56
split_gain=1.13479 1.07325 0.716742 0.682808 0.831201 0.561352 0.471386 0.462843 0.453944 0.163839
threshold=35.729955673217781 12.255350112915041 1.0000000180025095e-35 5.8005554676055917 0.2269546836614609 47.747722625732429 495.31680297851568 0.13831017911434176 0.75510418415069591 3.5000000000000004
decision_type=2 2 2 2 2 2 2 2 2 2
left_child=1 6 5 4 -2 -3 8 -8 -1 -4
right_child=3 2 9 -5 -6 -7 7 -9 -10 -11
leaf_value=-0.00017969196424868423 -0.0056955897792415619 -0.0064635587996755344 -0.0015448388696575773 0.00014924413953960704 -0.0050797213953062146 0.078354832243693565 0.0028464478560523586 -0.0034126502505636637 -0.00064445768423525827 0.00029411354571483474
leaf_weight=5182 43 261 110 42 34 1499 35 36 578 44
leaf_count=5182 43 261 110 42 34 1499 35 36 578 44
internal_value=-0.000117482 -7.26181e-05 0.000543603 -0.0030125 -0.00467308 0.000715503 -0.000274949 -0.0026875 -0.000244749 -0.0014129
internal_weight=7864 7745 1914 119 77 1760 5831 71 5760 154
internal_count=7864 7745 1914 119 77 1760 5831 71 5760 154
is_linear=0
shrinkage=0.03


Tree=66
num_leaves=11
num_cat=0
split_feature=15 15 38 55 43 34 49 9 9 56
split_gain=1.1318 1.03256 0.705328 0.682808 0.831201 0.546551 0.471386 0.462843 0.453944 0.163839
threshold=35.729955673217781 12.255350112915041 1.0000000180025095e-35 5.8005554676055917 0.2269546836614609 47.747722625732429 495.31680297851568 0.13831017911434176 0.75510418415069591 3.5000000000000004
decision_type=2 2 2 2 2 2 2 2 2 2
left_child=1 6 5 4 -2 -3 8 -8 -1 -4
right_child=3 2 9 -5 -6 -7 7 -9 -10 -11
leaf_value=-0.00017430120532122372 -0.0055247220858643158 -0.0062696520356852687 -0.0014984937035678499 0.00014476681535341879 -0.0049273297534470281 0.076004187276382751 0.0027610544203707879 -0.0033102707430467545 -0.00062512395370820052 0.00028529013934338942
leaf_weight=5182 43 261 110 42 34 1499 35 36 578 44
leaf_count=5182 43 261 110 42 34 1499 35 36 578 44
internal_value=-0.000121297 -7.64911e-05 0.000527937 -0.0030125 -0.00467308 0.000698467 -0.000274949 -0.0026875 -0.000244749 -0.0014129
internal_weight=7864 7745 1914 119 77 1760 5831 71 5760 154
internal_count=7864 7745 1914 119 77 1760 5831 71 5760 154
is_linear=0
shrinkage=0.03


Tree=67
num_leaves=11
num_cat=0
split_feature=15 15 38 53 55 43 49 9 9 56
split_gain=0.944531 0.890469 0.671633 0.607059 0.57659 0.659464 0.475421 0.465894 0.462843 0.163839
threshold=35.729955673217781 12.255350112915041 1.0000000180025095e-35 42.500000000000007 5.8005554676055917 0.2269546836614609 495.31680297851568 0.75510418415069591 0.13831017911434176 3.5000000000000004
decision_type=2 2 2 2 2 2 2 2 2 2
left_child=1 6 3 -3 5 -2 7 -1 -8 -4
right_child=4 2 9 -5 -6 -7 8 -9 -10 -11
leaf_value=-0.00016907216916158693 -0.0053589804232883863 0.076003810703077629 -0.0014535388924608145 -0.001325163655264958 0.00014042381089281631 -0.0047795098608436164 0.002678222787759664 -0.00060637023509695445 -0.0032109626207553533 0.00027673143516308764
leaf_weight=5182 43 1204 110 556 42 34 35 578 36 44
leaf_count=5182 43 1204 110 556 42 34 35 578 36 44
internal_value=-0.000121297 -8.0364e-05 0.00048094 0.000647359 -0.0027625 -0.00428846 -0.00026466 -0.000234334 -0.0026875 -0.0014129
internal_weight=7864 7745 1914 1760 119 77 5831 5760 71 154
internal_count=7864 7745 1914 1760 119 77 5831 5760 71 154
is_linear=0
shrinkage=0.03


Tree=68
num_leaves=11
num_cat=0
split_feature=15 15 55 43 40 16 49 9 9 28
split_gain=0.941804 0.805474 0.57659 0.659464 0.560207 0.915448 0.477445 0.471928 0.462843 0.404288
threshold=35.729955673217781 12.255350112915041 5.8005554676055917 0.2269546836614609 0.32105262577533727 22.872672080993656 495.31680297851568 0.75510418415069591 0.13831017911434176 46.088134765625007
decision_type=2 2 2 2 2 2 2 2 2 2
left_child=1 6 3 -2 5 -3 7 -1 -8 -6
right_child=2 4 -4 -5 9 -7 8 -9 -10 -11
leaf_value=-0.00016400000408673933 -0.005198211010589736 -0.028022806214772412 0.00013621109656603193 -0.0046361245650183083 -0.0023368946493489613 0.0066972268253923765 0.0025978761041268745 -0.00058817912804404572 -0.0031146337421326903 0.061371296801353031
leaf_weight=5182 43 114 42 34 93 554 35 578 36 1153
leaf_count=5182 43 114 42 34 93 554 35 578 36 1153
internal_value=-0.000125111 -8.4237e-05 -0.0027625 -0.00428846 0.000449608 -0.000251121 -0.000259516 -0.000229127 -0.0026875 0.00082518
internal_weight=7864 7745 119 77 1914 668 5831 5760 71 1246
internal_count=7864 7745 119 77 1914 668 5831 5760 71 1246
is_linear=0
shrinkage=0.03


Tree=69
num_leaves=10
num_cat=0
split_feature=15 24 9 22 55 43 28 35 16
split_gain=0.941804 0.752524 0.860305 0.613962 0.57659 0.659464 0.558595 0.3643 0.375788
threshold=35.729955673217781 303.39137268066412 0.12857639044523242 6.6467571258544931 5.8005554676055917 0.2269546836614609 56.40278625488282 136.17027664184573 71.133205413818374
decision_type=2 2 2 2 2 2 2 2 2
left_child=1 7 3 -3 5 -2 -4 -1 -9
right_child=4 2 6 -5 -6 -7 -8 8 -10
leaf_value=-0.00057844591501722878 -0.005042264680272043 -0.0011949248171136718 -0.00083875135697648428 0.04731231688423549 0.00013212476366905105 -0.0044970408280677575 0.0010075789355674955 -0.00025983828455422624 -0.0019319241354092988
leaf_weight=37 43 92 775 1046 42 34 1571 4092 132
leaf_count=37 43 92 775 1046 42 34 1571 4092 132
internal_value=-0.000125111 -8.4237e-05 0.000242755 0.000919227 -0.0027625 -0.00428846 -8.56412e-05 -0.000351595 -0.000325207
internal_weight=7864 7745 3484 1138 119 77 2346 4261 4224
internal_count=7864 7745 3484 1138 119 77 2346 4261 4224
is_linear=0
shrinkage=0.03


Tree=70
num_leaves=11
num_cat=0
split_feature=15 36 34 43 55 43 53 45 50 42
split_gain=0.922825 0.848858 0.845739 1.16929 0.57659 0.659464 0.576525 0.526167 0.583464 0.564637
threshold=35.729955673217781 51.000000000000007 48.044620513916023 -0.98611506819725026 5.8005554676055917 0.2269546836614609 151.50000000000003 0.81174489855766307 2.5000000000000004 0.81241145730018627
decision_type=2 2 2 2 2 2 2 2 2 2
left_child=1 7 3 -3 5 -2 -4 8 -1 -9
right_child=4 2 6 -5 -6 -7 -8 9 -10 -11
leaf_value=-6.986521371838462e-05 -0.0048909967398638819 -0.014077460418668088 0.010304630243995735 -0.00026640794834945195 0.00012816102075897937 -0.0043621296032257256 -0.019407556142963616 -0.001054248584194898 -0.00069065600151952799 0.00028901942623395178
leaf_weight=2882 43 43 2368 727 42 34 63 281 1286 95
leaf_count=2882 43 43 2368 727 42 34 63 281 1286 95
internal_value=-0.000151812 -0.000111348 0.000262805 -0.000603113 -0.0027625 -0.00428846 0.000537212 -0.000374917 -0.000277764 -0.00144828
internal_weight=7864 7745 3201 770 119 77 2431 4544 4168 376
internal_count=7864 7745 3201 770 119 77 2431 4544 4168 376
is_linear=0
shrinkage=0.03


Tree=71
num_leaves=11
num_cat=0
split_feature=15 15 38 55 43 34 49 9 45 40
split_gain=0.912066 0.839819 0.921679 0.57659 0.659464 0.57238 0.459383 0.462843 0.405208 0.285914
threshold=35.729955673217781 12.255350112915041 1.0000000180025095e-35 5.8005554676055917 0.2269546836614609 47.747722625732429 495.31680297851568 0.13831017911434176 0.81174489855766307 0.62631577253341686
decision_type=2 2 2 2 2 2 2 2 2 2
left_child=1 6 5 4 -2 -3 8 -8 -1 -4
right_child=3 2 9 -5 -6 -7 7 -9 -10 -11
leaf_value=-0.00023948285561023965 -0.0047442668376679658 -0.0089323694259425112 -0.0012007939675256767 0.00012431619013620997 -0.0042312657151289531 0.070791805626982063 0.0025484546495852809 -0.0030846501676855239 -0.00053154796050477971 -0.0037645673614812927
leaf_weight=5291 43 261 117 42 34 1499 35 36 469 37
leaf_count=5291 43 261 117 42 34 1499 35 36 469 37
internal_value=-0.000167069 -0.00012684 0.000418277 -0.0027625 -0.00428846 0.000613288 -0.000305813 -0.0026875 -0.000275994 -0.0018
internal_weight=7864 7745 1914 119 77 1760 5831 71 5760 154
internal_count=7864 7745 1914 119 77 1760 5831 71 5760 154
is_linear=0
shrinkage=0.03


Tree=72
num_leaves=11
num_cat=0
split_feature=15 15 27 29 55 43 49 9 35 55
split_gain=0.92013 0.804405 0.849236 0.606217 0.57659 0.659464 0.465365 0.462843 0.386536 0.274584
threshold=35.729955673217781 12.255350112915041 62.976078033447273 589.89971923828136 5.8005554676055917 0.2269546836614609 495.31680297851568 0.13831017911434176 136.17027664184573 0.024861111305654052
decision_type=2 2 2 2 2 2 2 2 2 2
left_child=1 6 3 -3 5 -2 8 -8 -1 -4
right_child=4 2 9 -5 -6 -7 7 -9 -10 -11
leaf_value=-0.00053691311608009852 -0.0046019388325379265 -0.0031672100195741797 -0.0018358246543705588 0.087126628272353082 0.00012058670443212362 -0.0041043277436750847 0.0024720010100977223 -0.0029921106626549596 -0.00026978879772958131 -0.0016169808033250665
leaf_weight=37 43 313 70 1469 42 34 35 36 5723 62
leaf_count=37 43 313 70 1469 42 34 35 36 5723 62
internal_value=-0.000155626 -0.000115221 0.000418277 0.000590578 -0.0027625 -0.00428846 -0.000290381 -0.0026875 -0.000260371 -0.00189474
internal_weight=7864 7745 1914 1782 119 77 5831 71 5760 132
internal_count=7864 7745 1914 1782 119 77 5831 71 5760 132
is_linear=0
shrinkage=0.03


Tree=73
num_leaves=10
num_cat=0
split_feature=15 5 10 55 43 53 35 16 53
split_gain=0.925525 0.714413 0.824897 0.57659 0.659464 0.524006 0.378843 0.356087 0.0296994
threshold=35.729955673217781 25.405277252197269 0.29558987915515905 5.8005554676055917 0.2269546836614609 223.50000000000003 136.17027664184573 175.63593292236331 120.50000000000001
decision_type=2 2 2 2 2 2 2 2 2
left_child=1 6 8 4 -2 -4 -1 -8 -3
right_child=3 2 5 -5 -6 -7 7 -9 -10
leaf_value=-0.0005208057225976956 -0.0044638806675617896 0.20114392599865547 0.0017494826407684157 0.00011696910329915979 -0.003981197911364834 -0.019053632995425389 -0.00028345419188428899 -0.0034399245598926141 0.14804137305387022
leaf_weight=37 43 456 1712 42 34 35 5426 48 31
leaf_count=37 43 456 1712 42 34 35 5426 48 31
internal_value=-0.000147997 -0.000107475 0.000344966 -0.0027625 -0.00428846 4.03318e-05 -0.000290911 -0.000270137 0.00143545
internal_weight=7864 7745 2234 119 77 1747 5511 5474 487
internal_count=7864 7745 2234 119 77 1747 5511 5474 487
is_linear=0
shrinkage=0.03


Tree=74
num_leaves=11
num_cat=0
split_feature=15 12 1 9 55 43 23 40 56 35
split_gain=0.92013 0.696082 0.805108 0.827085 0.57659 0.659464 0.562826 1.10163 0.534871 0.476304
threshold=35.729955673217781 290.33332824707037 348.13084411621099 0.12706018984317782 5.8005554676055917 0.2269546836614609 23.045416831970218 0.92105263471603405 71.500000000000014 159.34056091308597
decision_type=2 2 2 2 2 2 2 2 2 2
left_child=1 6 3 -3 5 -2 7 -1 -4 -8
right_child=4 2 8 -5 -6 -7 9 -9 -10 -11
leaf_value=-0.00049383737200964152 -0.0043299642475349339 0.050991113177685198 -0.00035502841651416253 0.00012748292991392312 0.00011346003020018507 -0.0038617619740238885 -0.00050518155091976472 -0.0034484784822356993 -0.0018916102229215497 0.00026032659250780163
leaf_weight=2332 43 920 1104 1553 42 34 37 129 38 1632
leaf_count=2332 43 920 1104 1553 42 34 37 129 38 1632
internal_value=-0.000155626 -0.000115221 0.000188745 0.000492926 -0.0027625 -0.00428846 -0.000381264 -0.000669578 -0.000469816 4.4012e-05
internal_weight=7864 7745 3615 2473 119 77 4130 2461 1142 1669
internal_count=7864 7745 3615 2473 119 77 4130 2461 1142 1669
is_linear=0
shrinkage=0.03


Tree=75
num_leaves=10
num_cat=0
split_feature=15 15 27 52 55 43 35 29 55
split_gain=0.912066 0.701244 0.815124 0.588156 0.57659 0.659464 0.378833 0.3089 0.274584
threshold=35.729955673217781 12.255350112915041 62.976078033447273 19.195693969726566 5.8005554676055917 0.2269546836614609 136.17027664184573 487.13194274902349 0.024861111305654052
decision_type=2 2 2 2 2 2 2 2 2
left_child=1 6 3 -3 5 -2 -1 -8 -4
right_child=4 2 8 -5 -6 -7 7 -9 -10
leaf_value=-0.00049002610439217173 -0.0042000653201088858 0.06463318068738598 -0.0017053494116186169 -0.0030124369150213801 0.00011005622929417951 -0.0037459091148031708 -0.00067944414074766479 -0.00018295417276128774 -0.0014551932311239681
leaf_weight=37 43 1246 70 536 42 34 969 4825 62
leaf_count=37 43 1246 70 536 42 34 969 4825 62
internal_value=-0.000167069 -0.00012684 0.000371279 0.000540101 -0.0027625 -0.00428846 -0.000290381 -0.000270751 -0.00189474
internal_weight=7864 7745 1914 1782 119 77 5831 5794 132
internal_count=7864 7745 1914 1782 119 77 5831 5794 132
is_linear=0
shrinkage=0.03


Tree=76
num_leaves=11
num_cat=0
split_feature=15 36 24 9 55 43 52 50 40 27
split_gain=0.909386 0.652066 0.878895 0.805582 0.57659 0.659464 0.461042 0.424254 1.43702 0.502639
threshold=35.729955673217781 51.000000000000007 322.95684814453131 0.15425925701856616 5.8005554676055917 0.2269546836614609 192.00611114501956 2.5000000000000004 0.96315789222717296 3.9147605895996098
decision_type=2 2 2 2 2 2 2 2 2 2
left_child=1 7 6 -4 5 -2 -3 9 -9 -1
right_child=4 2 3 -5 -6 -7 -8 8 -10 -11
leaf_value=-0.00097417429516877122 -0.0040740633605056194 -0.00044090129627095032 0.21155473778728104 0.0046309610318944656 0.00010675454241535417 -0.0036335318413590768 -0.0010138128461927895 -0.00061137224278564695 -0.0039011262197587997 -5.5810672266096458e-05
leaf_weight=240 43 1028 670 1471 42 34 32 1280 42 2982
leaf_count=240 43 1028 670 1471 42 34 32 1280 42 2982
internal_value=-0.000170884 -0.000130713 0.000197221 0.000546919 -0.0027625 -0.00428846 -0.000508954 -0.000361716 -0.000814059 -0.000175923
internal_weight=7864 7745 3201 2141 119 77 1060 4544 1322 3222
internal_count=7864 7745 3201 2141 119 77 1060 4544 1322 3222
is_linear=0
shrinkage=0.03


Tree=77
num_leaves=10
num_cat=0
split_feature=15 36 24 9 55 43 50 35 49
split_gain=0.912066 0.600467 0.787688 0.836119 0.57659 0.659464 0.39017 0.371976 0.328426
threshold=35.729955673217781 51.000000000000007 322.95684814453131 0.12635416537523272 5.8005554676055917 0.2269546836614609 213.50000000000003 136.17027664184573 0.0054166666232049474
decision_type=2 2 2 2 2 2 2 2 2
left_child=1 6 8 -4 5 -2 7 -1 -3
right_child=4 2 3 -5 -6 -7 -8 -9 -10
leaf_value=-0.00046031752295291477 -0.00395184145969045 -0.00070787508419849329 0.30414485197473795 0.0050811721345276097 0.0001035519061428937 -0.0035245258861183034 -0.0030402517063531894 -0.00033731828921554515 0.00021972230714729866
leaf_weight=37 43 540 574 1567 42 34 45 4462 520
leaf_count=37 43 540 574 1567 42 34 45 4462 520
internal_value=-0.000167069 -0.00012684 0.000187851 0.000518908 -0.0027625 -0.00428846 -0.000348515 -0.000320333 -0.000480679
internal_weight=7864 7745 3201 2141 119 77 4544 4499 1060
internal_count=7864 7745 3201 2141 119 77 4544 4499 1060
is_linear=0
shrinkage=0.03


Tree=78
num_leaves=10
num_cat=0
split_feature=15 5 9 55 43 36 26 49 16
split_gain=0.91475 0.581635 0.77727 0.57659 0.659464 0.513054 0.415966 0.783753 0.365012
threshold=35.729955673217781 24.409722328186039 0.096111111342906966 5.8005554676055917 0.2269546836614609 686.00000000000011 20239.500000000004 1.0000000180025095e-35 175.63593292236331
decision_type=2 2 2 2 2 2 2 2 2
left_child=1 6 -3 4 -2 -4 8 -8 -1
right_child=3 2 5 -5 -6 -7 7 -9 -10
leaf_value=-0.00025221883105758621 -0.0038332862158997373 0.28884975758979026 -0.00058605309144760568 0.00010044534895860698 -0.0034187901095347546 0.54482957048463343 -0.0011860941243415309 0.0044715467171524007 -0.0032305602561392113
leaf_weight=5231 43 391 1682 42 34 192 123 78 48
leaf_count=5231 43 391 1682 42 34 192 123 78 48
internal_value=-0.000163255 -0.000122967 0.000281333 -0.0027625 -0.00428846 2.72e-05 -0.000290093 -0.00162624 -0.00023892
internal_weight=7864 7745 2265 119 77 1874 5480 201 5279
internal_count=7864 7745 2265 119 77 1874 5480 201 5279
is_linear=0
shrinkage=0.03


Tree=79
num_leaves=12
num_cat=0
split_feature=16 42 15 6 9 40 22 34 52 50 40
split_gain=0.631218 0.614396 0.591609 0.739531 0.585213 0.399495 0.344325 0.93152 0.427316 0.131091 0.0968808
threshold=134.41226959228518 -0.22695468366146085 12.255350112915041 0.20833333581686023 0.79846063256263744 0.23684210330247882 8.2031354904174822 50.127214431762702 156.08569335937503 5.5000000000000009 0.1947368457913399
decision_type=2 2 2 2 2 2 2 2 2 2 2
left_child=2 -2 6 5 -5 -4 8 -8 -1 10 -3
right_child=1 9 3 4 -6 -7 7 -9 -10 -11 -12
leaf_value=-0.00012121273464502318 -0.0018354532225926027 -0.0015003916686692604 -0.0049388651140669058 -0.0050061087296260276 0.15904675914965805 0.16183493627065709 -0.00043016841918349388 -0.0012062731965930239 -0.00093283861597297213 -0.0038505589469086782 0.001320300863098838
leaf_weight=4761 46 31 235 538 360 749 839 46 185 30 44
leaf_count=4761 46 31 235 538 360 749 839 46 185 30 44
internal_value=-0.000147997 -0.0020625 -0.000110254 0.000352098 -0.0002703 0.000919797 -0.000259516 -0.000804176 -0.000161916 -0.000778302 -9.86842e-05
internal_weight=7864 151 7713 1882 898 984 5831 885 4946 105 75
internal_count=7864 151 7713 1882 898 984 5831 885 4946 105 75
is_linear=0
shrinkage=0.03


Tree=80
num_leaves=11
num_cat=0
split_feature=16 24 58 25 53 36 58 53 49 59
split_gain=0.765303 0.54614 0.885603 0.81904 0.650574 0.55644 0.509212 1.17449 0.37257 0.111531
threshold=134.41226959228518 476.05802917480474 15.977222442626955 1567.7875976562502 40.500000000000007 2.5000000000000004 2.0069444179534917 2.5000000000000004 0.29166665673255926 6.5000000000000009
decision_type=2 2 2 2 2 2 2 2 2 2
left_child=1 3 5 4 -1 -3 7 -2 -5 -8
right_child=6 2 -4 8 -6 -7 9 -9 -10 -11
leaf_value=-5.7233872171229233e-05 -0.0035881901815250062 -0.0010776173821841646 -0.01237696736382587 -0.0012239511156062759 -0.0015947088013783363 0.054736614382367405 0.00753092350392294 0.0014571205273172748 0.0032273376281005458 -0.0040901048042916409
leaf_weight=5951 39 95 30 95 808 695 37 37 39 38
leaf_count=5951 39 95 30 95 808 695 37 37 39 38
internal_value=-0.000151812 -0.000110254 0.000621194 -0.000197345 -0.000151109 0.000815424 -0.00225987 -0.00397403 -0.00251111 -0.000493421
internal_weight=7864 7713 820 6893 6759 790 151 76 134 75
internal_count=7864 7713 820 6893 6759 790 151 76 134 75
is_linear=0
shrinkage=0.03


Tree=81
num_leaves=15
num_cat=0
split_feature=36 24 53 27 49 16 58 50 40 27 58 52 47 2
split_gain=0.620433 0.671579 0.714774 1.04082 0.827846 0.515307 0.503584 0.420016 1.10921 0.443519 0.297461 0.175776 0.145402 0.0289712
threshold=51.000000000000007 476.05802917480474 42.500000000000007 57.567893981933601 0.0054166666232049474 134.41226959228518 2.8006944656372075 2.5000000000000004 0.96315789222717296 3.9147605895996098 0.71736109256744396 16.139027595520023 1.0000000180025095e-35 751.50000000000011
decision_type=2 2 2 2 2 2 2 2 2 2 2 2 2 2
left_child=5 2 4 -4 -2 7 -7 9 -9 -1 13 -12 -8 -3
right_child=1 10 3 -5 -6 6 12 8 -10 -11 11 -13 -14 -15
leaf_value=-0.0009173157493665748 -0.00061693650229605989 0.027387214568888152 -0.030664403630944279 0.0017914225333085126 0.014620208073054902 -0.0029709341463315065 0.0055233359363356539 -0.00051275422224558189 -0.0037427334085119637 -1.6852214568059887e-05 -0.012589048673190039 0.061629177223043015 -0.0016567876924788547 0.30621787236349918
leaf_weight=240 929 104 269 162 1358 48 36 1251 42 2940 30 36 33 386
leaf_count=240 929 104 269 162 1358 48 36 1251 42 2940 30 36 33 386
internal_value=-0.000144183 0.000171298 -2.31702e-05 -0.00114236 0.000188156 -0.000369201 -0.00232627 -0.000317501 -0.000773184 -0.000132034 0.00112029 -0.000761194 -0.000664286 0.00137475
internal_weight=7864 3274 2718 431 2287 4590 117 4473 1293 3180 556 66 69 490
internal_count=7864 3274 2718 431 2287 4590 117 4473 1293 3180 556 66 69 490
is_linear=0
shrinkage=0.03


Tree=82
num_leaves=12
num_cat=0
split_feature=36 50 21 53 12 58 50 34 19 58 49
split_gain=0.530826 0.738488 0.557592 0.539603 0.532661 0.52708 0.387965 0.345508 0.309027 0.681369 0.31926
threshold=51.000000000000007 7.5000000000000009 5.2022166252136239 151.50000000000003 422.70832824707037 2.9119443893432622 213.50000000000003 48.061246871948249 0.4545296579599381 137.3555603027344 2.8581944704055791
decision_type=2 2 2 2 2 2 2 2 2 2 2
left_child=6 2 4 7 -2 -4 8 -3 10 -10 -1
right_child=1 3 5 -5 -6 -7 -8 -9 9 -11 -12
leaf_value=-0.00033787036671341012 -0.00065981547825894201 -0.0016165777695275527 -0.00043120407194623199 -0.035730981373165674 0.0058053839823828989 -0.019084084575557766 -0.0029207415653590115 0.1316329912998592 -0.00042105023302539641 -0.00074206000876002743 0.00035105033375464815
leaf_weight=1730 829 318 262 42 487 68 45 1268 1936 72 807
leaf_count=1730 829 318 262 42 487 68 45 1268 1936 72 807
internal_value=-0.000147997 0.000143817 -0.000304189 0.000596685 -2.73348e-05 -0.00140483 -0.000356132 0.0006862 -0.000328311 -0.000606272 -0.000108156
internal_weight=7864 3274 1646 1628 1316 330 4590 1586 4545 2008 2537
internal_count=7864 3274 1646 1628 1316 330 4590 1586 4545 2008 2537
is_linear=0
shrinkage=0.03


Tree=83
num_leaves=10
num_cat=0
split_feature=17 5 9 36 26 43 43 52 23
split_gain=0.582215 0.542304 0.77727 0.513054 0.497119 0.528963 0.472903 0.689478 0.360962
threshold=789.28930664062511 24.409722328186039 0.096111111342906966 686.00000000000011 9995.0000000000018 -0.47114434838294977 -0.41248606145381922 1.0000000180025095e-35 22.717082977294925
decision_type=2 2 2 2 2 2 2 2 2
left_child=1 4 -3 -4 8 -6 -2 -8 -1
right_child=6 2 3 -5 5 -7 7 -9 -10
leaf_value=-0.00048907930391837951 0.0028731371714984201 0.26735981804345316 -0.00060883034547979005 0.51645311230181501 -0.00076470054089050046 -0.00023115347246955697 -0.016828051526041138 -0.00035099195815389801 0.0002091770886084734
leaf_weight=1437 40 391 1682 192 691 1274 50 54 2053
leaf_count=1437 40 391 1682 192 691 1274 50 54 2053
internal_value=-0.000144183 -0.000108794 0.000281333 2.72e-05 -0.000270803 -0.00065234 -0.00202759 -0.00308571 -5.58579e-05
internal_weight=7864 7720 2265 1874 5455 1965 144 104 3490
internal_count=7864 7720 2265 1874 5455 1965 144 104 3490
is_linear=0
shrinkage=0.03


Tree=84
num_leaves=12
num_cat=0
split_feature=17 36 1 2 52 59 50 40 27 42 47
split_gain=0.714545 0.534803 0.630761 0.680872 0.460527 0.886624 0.405732 1.11337 0.439661 0.298883 0.162188
threshold=789.28930664062511 51.000000000000007 345.79135131835943 820.00000000000011 1.0000000180025095e-35 2.5000000000000004 2.5000000000000004 0.96315789222717296 3.9147605895996098 0.63405361771583568 1.0000000180025095e-35
decision_type=2 2 2 2 2 2 2 2 2 2 2
left_child=1 6 3 -3 5 -2 8 -8 -1 -4 -6
right_child=4 2 9 -5 10 -7 7 -9 -10 -11 -12
leaf_value=-0.00085502407142048868 -0.013002297927769845 0.00028174867565536956 -0.0014789338642531217 0.27010278131450421 -0.0010113164775396679 0.00050314863561020892 -0.00046529822583277327 -0.0035998593854492272 -1.3454262649761031e-05 0.00014386447740936964 0.0016889640025580777
leaf_weight=240 38 1773 490 675 33 33 1270 42 2967 263 40
leaf_count=240 38 1773 490 675 33 33 1270 42 2967 263 40
internal_value=-0.000147997 -0.000108794 0.000187851 0.000421397 -0.00223448 -0.0039375 -0.000318916 -0.000763138 -0.000137001 -0.000570955 -0.000547297
internal_weight=7864 7720 3201 2448 144 71 4519 1312 3207 753 73
internal_count=7864 7720 3201 2448 144 71 4519 1312 3207 753 73
is_linear=0
shrinkage=0.03


Tree=85
num_leaves=11
num_cat=0
split_feature=17 36 27 53 24 43 52 50 40 27
split_gain=0.586943 0.575087 0.540969 0.663765 0.486928 0.472903 0.689478 0.405732 1.11337 0.439661
threshold=789.28930664062511 51.000000000000007 45.010179519653327 42.500000000000007 415.99107360839849 -0.41248606145381922 1.0000000180025095e-35 2.5000000000000004 0.96315789222717296 3.9147605895996098
decision_type=2 2 2 2 2 2 2 2 2 2
left_child=1 7 3 -3 -4 -2 -7 9 -9 -1
right_child=5 2 4 -5 -6 6 -8 8 -10 -11
leaf_value=-0.00082937334927787399 0.0027921067553572914 4.956515499066805e-05 0.00041542507862079751 -0.018736285783912947 0.32704518972777696 -0.01593314104242681 -0.00031012270508309095 -0.00045133927905779015 -0.0034918636038857526 -1.3050634770268243e-05
leaf_weight=240 40 1292 1183 198 528 50 54 1270 42 2967
leaf_count=240 40 1292 1183 198 528 50 54 1270 42 2967
internal_value=-0.000136554 -0.000101023 0.00020659 -0.000211268 0.000570386 -0.00202759 -0.00308571 -0.000318916 -0.000763138 -0.000137001
internal_weight=7864 7720 3201 1490 1711 144 104 4519 1312 3207
internal_count=7864 7720 3201 1490 1711 144 104 4519 1312 3207
is_linear=0
shrinkage=0.03


Tree=86
num_leaves=11
num_cat=0
split_feature=15 36 1 2 59 52 24 43 36 58
split_gain=0.482314 0.554663 0.533642 0.680872 0.508151 0.643192 0.411427 0.788527 0.319505 0.267309
threshold=35.729955673217781 51.000000000000007 345.79135131835943 820.00000000000011 2.5000000000000004 9.337222099304201 394.97172546386724 -0.77259656786918629 39.000000000000007 26.738194465637211
decision_type=2 2 2 2 2 2 2 2 2 2
left_child=1 6 3 -3 5 -2 8 -8 -1 -4
right_child=4 2 9 -5 -6 -7 7 -9 -10 -11
leaf_value=-0.00012660651018995709 -0.010748624561946585 0.00026083346302708458 -0.00059149850319659429 0.26189522786078373 0.00042636052588105314 0.0010932456705582518 0.0017086893956063422 -0.0012527547427567379 -0.001593922936194348 -0.0064918114961051649
leaf_weight=3950 45 1773 702 675 40 34 99 350 145 51
leaf_count=3950 45 1773 702 675 40 34 99 350 145 51
internal_value=-0.000125111 -9.58559e-05 0.00020659 0.000421397 -0.0020125 -0.00339375 -0.000308911 -0.00117 -0.000214233 -0.000491379
internal_weight=7864 7745 3201 2448 119 79 4544 449 4095 753
internal_count=7864 7745 3201 2448 119 79 4544 449 4095 753
is_linear=0
shrinkage=0.03


Tree=87
num_leaves=15
num_cat=0
split_feature=29 43 15 52 25 24 53 28 43 2 25 42 56 0
split_gain=0.491355 0.864962 1.15639 0.945265 0.78333 0.607794 0.695245 0.865409 0.857867 0.640006 0.499212 0.345508 0.296812 0.0327687
threshold=487.13194274902349 0.63405361771583568 2.2405409812927251 3.0749999284744267 1567.7875976562502 411.58334350585943 40.500000000000007 104.3111038208008 -0.95642796158790577 751.50000000000011 1634.3386840820315 0.58216583728790294 60.500000000000007 493.50000000000006
decision_type=2 2 2 2 2 2 2 2 2 2 2 2 2 2
left_child=1 10 4 -4 -3 6 7 -2 -8 11 12 -7 -1 -11
right_child=5 2 3 -5 -6 9 8 -9 -10 13 -12 -13 -14 -15
leaf_value=0.00054413367932411175 0.029423081805341679 0.0036618029454009728 -0.0024250718163459401 -0.00039101946672709278 -0.001008166331641556 0.006733496987860116 -0.010983399992055358 -0.00025934973106682332 -0.00080789727037300016 0.061518031673211682 -0.0010127700040803026 -0.0040136267512080673 -0.0013134259626198007 0.31149010882793399
leaf_weight=568 1476 136 70 54 43 277 60 3713 615 84 54 145 89 480
leaf_count=568 1476 136 70 54 43 277 60 3713 615 84 54 145 89 480
internal_value=-0.000102225 -0.000718227 -0.00205757 -0.004272 -0.000508333 -1.09473e-05 -0.000126854 -8.9595e-06 -0.0010318 0.000677812 -0.000145365 -0.000205674 8.43465e-05 0.00133805
internal_weight=7864 1014 303 124 179 6850 5864 5189 675 986 711 422 657 564
internal_count=7864 1014 303 124 179 6850 5864 5189 675 986 711 422 657 564
is_linear=0
shrinkage=0.03


Tree=88
num_leaves=10
num_cat=0
split_feature=17 15 43 52 29 43 24 42 43
split_gain=0.495533 0.631574 0.404988 0.532727 0.377623 0.6956 0.37179 0.136587 0.0721383
threshold=789.28930664062511 21.108660697937015 -0.41248606145381922 1.0000000180025095e-35 487.13194274902349 0.63405361771583568 616.98809814453136 0.97335553169250499 -0.9103761315345763
decision_type=2 2 2 2 2 2 2 2 2
left_child=1 4 -2 -4 5 -1 -6 8 -3
right_child=2 7 3 -5 6 -7 -8 -9 -10
leaf_value=-0.00012092449450842798 0.0027199222399342752 0.00026729692168304313 -0.015124907582363605 -0.00030937947593615592 -9.99076910218495e-05 -0.0009779213287779533 0.2971414820415017 -0.0030648287429871626 0.078167784608517116
leaf_weight=711 40 71 50 54 5956 303 240 41 398
leaf_count=711 40 71 50 54 5956 303 240 41 398
internal_value=-8.31532e-05 -5.05116e-05 -0.00182069 -0.0028 -0.000122729 -0.000659113 -3.48555e-05 0.000968689 0.00111383
internal_weight=7864 7720 144 104 7210 1014 6196 510 469
internal_count=7864 7720 144 104 7210 1014 6196 510 469
is_linear=0
shrinkage=0.03


Tree=89
num_leaves=11
num_cat=0
split_feature=15 59 42 36 27 53 24 43 24 36
split_gain=0.634108 0.604401 0.932369 0.478232 0.677069 0.515866 0.456791 0.788527 0.421564 0.343736
threshold=35.729955673217781 2.5000000000000004 0.35206145048141485 51.000000000000007 45.010179519653327 42.500000000000007 394.97172546386724 -0.77259656786918629 415.99107360839849 39.000000000000007
decision_type=2 2 2 2 2 2 2 2 2 2
left_child=3 2 -2 6 5 -5 9 -8 -6 -1
right_child=1 -3 -4 4 8 -7 7 -9 -10 -11
leaf_value=-8.9904080909000608e-05 -0.00054703894500690521 0.00045039836316171779 -0.013840932434555395 -0.00022255528408800739 0.00045425252554819013 -0.017969168676793042 0.0016447324381936815 -0.0013117085559764827 0.29301072745882378 -0.0014622778778897343
leaf_weight=3950 47 40 32 1292 1183 198 99 350 528 145
leaf_count=3950 47 40 32 1292 1183 198 99 350 528 145
internal_value=-9.84106e-05 -0.0022625 -0.00376875 -6.48722e-05 0.000215959 -0.000251509 -0.000262706 -0.00117 0.000622956 -0.000162964
internal_weight=7864 119 79 7745 3201 1490 4544 449 1711 4095
internal_count=7864 119 79 7745 3201 1490 4544 449 1711 4095
is_linear=0
shrinkage=0.03


Tree=90
num_leaves=11
num_cat=0
split_feature=15 59 42 36 27 53 50 43 24 35
split_gain=0.498042 0.508151 0.692331 0.446853 0.650208 0.515866 0.452711 0.866336 0.442831 0.339564
threshold=35.729955673217781 2.5000000000000004 0.35206145048141485 51.000000000000007 45.010179519653327 42.500000000000007 2.5000000000000004 0.84874749183654796 415.99107360839849 164.62347412109378
decision_type=2 2 2 2 2 2 2 2 2 2
left_child=3 2 -2 6 5 -5 9 -8 -6 -1
right_child=1 -3 -4 4 8 -7 7 -9 -10 -11
leaf_value=-0.0004307069290842949 -0.00053062777665669803 0.00043688641226686614 -0.013425704461518731 -0.00021587862556536724 0.00044062494978174444 -0.017430093616489256 -0.00031535320978232361 -0.00069235940029919671 0.28422040563505901 1.1869932830517799e-05
leaf_weight=311 47 40 32 1292 1183 198 1122 200 528 2911
leaf_count=311 47 40 32 1292 1183 198 1122 200 528 2911
internal_value=-9.45963e-05 -0.0020125 -0.00339375 -6.48722e-05 0.00020659 -0.000251509 -0.000256106 -0.000723356 0.000605432 -6.42258e-05
internal_weight=7864 119 79 7745 3201 1490 4544 1322 1711 3222
internal_count=7864 119 79 7745 3201 1490 4544 1322 1711 3222
is_linear=0
shrinkage=0.03


Tree=91
num_leaves=11
num_cat=0
split_feature=15 59 42 36 27 43 24 50 43 35
split_gain=0.502013 0.508151 0.692331 0.452217 0.565493 0.50219 0.464619 0.422096 0.749625 0.339564
threshold=35.729955673217781 2.5000000000000004 0.35206145048141485 51.000000000000007 45.010179519653327 -0.95642796158790577 415.99107360839849 2.5000000000000004 0.84874749183654796 164.62347412109378
decision_type=2 2 2 2 2 2 2 2 2 2
left_child=3 2 -2 7 5 -5 -6 9 -9 -1
right_child=1 -3 -4 4 6 -7 -8 8 -10 -11
leaf_value=-0.00041778572121176603 -0.00051470894335699702 0.00042377981989886023 -0.013022933327673172 -0.0087840779792865854 0.0004274062012882921 -0.00015478260751066364 0.27569379346600725 -0.00030589261348885389 -0.00067158861829022076 1.1513834845602259e-05
leaf_weight=311 47 40 32 140 1183 1350 528 1122 200 2911
leaf_count=311 47 40 32 140 1183 1350 528 1122 200 2911
internal_value=-8.69675e-05 -0.0020125 -0.00339375 -5.71262e-05 0.000215959 -0.000211268 0.000587909 -0.000249505 -0.00070068 -6.42258e-05
internal_weight=7864 119 79 7745 3201 1490 1711 4544 1322 3222
internal_count=7864 119 79 7745 3201 1490 1711 4544 1322 3222
is_linear=0
shrinkage=0.03


Tree=92
num_leaves=10
num_cat=0
split_feature=15 59 42 36 27 43 24 50 36
split_gain=0.504004 0.508151 0.692331 0.439483 0.565493 0.50219 0.464619 0.420794 0.318709
threshold=35.729955673217781 2.5000000000000004 0.35206145048141485 51.000000000000007 45.010179519653327 -0.95642796158790577 415.99107360839849 213.50000000000003 39.000000000000007
decision_type=2 2 2 2 2 2 2 2 2
left_child=3 2 -2 7 5 -5 -6 8 -1
right_child=1 -3 -4 4 6 -7 -8 -9 -10
leaf_value=-0.00011087938609479396 -0.0004992676750562872 0.00041106642530189437 -0.012632245327842974 -0.008520555639907992 0.0004145840152496433 -0.00015013912928534361 0.26742297966202699 -0.002752316972124027 -0.0013858150961782898
leaf_weight=4354 47 40 32 140 1183 1350 528 45 145
leaf_count=4354 47 40 32 140 1183 1350 528 45 145
internal_value=-8.31532e-05 -0.0020125 -0.00339375 -5.32533e-05 0.000215959 -0.000211268 0.000587909 -0.000242904 -0.000213667
internal_weight=7864 119 79 7745 3201 1490 1711 4544 4499
internal_count=7864 119 79 7745 3201 1490 1711 4544 4499
is_linear=0
shrinkage=0.03


Tree=93
num_leaves=12
num_cat=0
split_feature=12 15 59 55 50 13 26 1 53 36 56
split_gain=0.417045 0.609503 0.780946 0.536911 0.4908 0.428072 0.394229 0.457782 0.345538 0.135906 0.0936085
threshold=460.84375000000006 35.729955673217781 2.5000000000000004 11.215416431427004 136.50000000000003 638.88958740234386 9026.0000000000018 114.39328765869142 262.00000000000006 1.0000000180025095e-35 2.5000000000000004
decision_type=2 2 2 2 2 2 2 2 2 2 2
left_child=1 6 -3 4 5 -2 8 -8 -1 -5 -11
right_child=3 2 -4 9 -6 -7 7 -9 -10 10 -12
leaf_value=3.8163912214175196e-05 0.13186301102336664 -0.0082367152819709556 0.0043883303274600983 -0.00087694705118225721 -0.024171867537676119 -0.00029004065323943057 -8.9769603642157121e-05 -0.0006890504131387363 -0.018385151630057141 -0.00041103605036739882 0.04515476244225209
leaf_weight=3347 298 49 36 48 36 987 1617 950 33 36 427
leaf_count=3347 298 49 36 48 36 987 1617 950 33 36 427
internal_value=-7.55244e-05 -0.000195922 -0.00270349 0.000320786 1.13468e-06 9.91447e-05 -0.000159633 -0.000439836 5.32387e-05 0.00114551 0.0013028
internal_weight=7864 6032 85 1832 1321 1285 5947 2567 3380 511 463
internal_count=7864 6032 85 1832 1321 1285 5947 2567 3380 511 463
is_linear=0
shrinkage=0.03


Tree=94
num_leaves=10
num_cat=0
split_feature=15 15 53 24 49 49 49 42 42
split_gain=0.502013 0.419288 0.602745 0.416782 0.312913 0.614488 0.526624 0.183347 0.246788
threshold=35.729955673217781 15.447610378265383 208.50000000000003 309.39137268066412 30.824722290039066 32.445138931274421 2.9454165697097783 0.52778512239456188 -0.41248606145381922
decision_type=2 2 2 2 2 2 2 2 2
left_child=1 4 3 -3 6 -6 -1 8 -2
right_child=7 2 -4 -5 5 -7 -8 -9 -10
leaf_value=-0.00026811784359546357 -0.0015033148787515838 -0.001566266256976367 -0.01524778132029639 0.082001938203236091 -0.022959179503740903 -0.00035153059666259261 0.00097740040498137679 -0.0061927143563726399 0.00044175772403008776
leaf_weight=4101 34 148 37 1067 49 752 1591 48 37
leaf_count=4101 34 148 37 1067 49 752 1591 48 37
internal_value=-8.69675e-05 -5.71262e-05 0.000445331 0.000561266 -0.000154065 -0.000708853 -7.58826e-05 -0.0020125 -0.00102083
internal_weight=7864 7745 1252 1215 6493 801 5692 119 71
internal_count=7864 7745 1252 1215 6493 801 5692 119 71
is_linear=0
shrinkage=0.03


Tree=95
num_leaves=12
num_cat=0
split_feature=24 26 53 24 11 58 45 56 50 50 40
split_gain=0.460017 0.407758 0.446041 0.521829 0.502568 0.394482 0.377937 0.517935 0.295457 0.0862358 0.0232101
threshold=599.31250000000011 11557.500000000002 2.5000000000000004 334.07290649414068 3.3650000095367436 5.8577778339385995 -0.56174489110708226 8.5000000000000018 16.500000000000004 129.50000000000003 0.90000000596046459
decision_type=2 2 2 2 2 2 2 2 2 2 2
left_child=1 2 3 -1 -4 9 8 -8 -3 10 -2
right_child=5 6 4 -5 -6 -7 7 -9 -10 -11 -12
leaf_value=-7.3686776919279626e-06 0.17809284830042704 0.0002796375935969954 -0.0009486593884364008 0.071301395423506608 0.00062975523066755522 -0.0054426786570635861 -0.00035362433602444734 -0.0019749888625779956 -0.00032484725752263008 0.0040145128489269422 0.30497248664829002
leaf_weight=2769 310 584 1407 863 625 31 1056 93 61 34 31
leaf_count=2769 310 584 1407 863 625 31 1056 93 61 34 31
internal_value=-7.55244e-05 -0.000129106 -4.2365e-06 0.00019488 -0.000360059 0.000906634 -0.00052312 -0.00084913 5.80496e-05 0.00117686 0.00132018
internal_weight=7864 7458 5664 3632 2032 406 1794 1149 645 375 341
internal_count=7864 7458 5664 3632 2032 406 1794 1149 645 375 341
is_linear=0
shrinkage=0.03


Tree=96
num_leaves=15
num_cat=0
split_feature=29 43 15 25 24 24 50 52 17 53 43 33 40 55
split_gain=0.486809 0.66177 0.879977 0.78333 0.5796 0.518897 0.647608 0.441532 0.404283 0.375579 0.342328 0.201875 0.100859 0.0294589
threshold=487.13194274902349 0.63405361771583568 2.2405409812927251 1567.7875976562502 599.31250000000011 446.67411804199224 161.50000000000003 2.1544444561004643 789.28930664062511 2.5000000000000004 -0.41248606145381922 58.883518218994148 0.90000000596046459 46.722223281860359
decision_type=2 2 2 2 2 2 2 2 2 2 2 2 2 2
left_child=1 5 3 -3 8 11 -7 -4 9 -2 -10 -1 13 -6
right_child=4 2 7 -5 12 6 -8 -9 10 -11 -12 -13 -14 -15
leaf_value=0.001908270655059405 0.00012359465770693157 0.0036164635098463391 -0.0026169801654427191 -0.00084112750627519126 0.20852326599253487 -0.0044531250187105579 0.0081778613442057922 -0.00016185110068457693 0.0027312068819211497 -0.00042862167695629252 -0.0067930512952004253 -0.00035337560780587633 0.11463776718435781 0.25089525099226234
leaf_weight=177 4229 136 69 43 274 48 48 55 40 2141 104 438 32 30
leaf_count=177 4229 136 69 43 274 48 48 55 40 2141 104 438 32 30
internal_value=-7.55244e-05 -0.00068867 -0.0018602 -0.000508333 1.53263e-05 -0.0001875 -0.0022268 -0.003792 -4.7429e-05 -1.17721e-05 -0.00161379 0.000133929 0.00122849 0.00139672
internal_weight=7864 1014 303 179 6850 711 96 124 6514 6370 144 615 336 304
internal_count=7864 1014 303 179 6850 711 96 124 6514 6370 144 615 336 304
is_linear=0
shrinkage=0.03


Tree=97
num_leaves=11
num_cat=0
split_feature=17 29 43 9 24 15 53 43 55 40
split_gain=0.394192 0.414547 0.705458 1.38491 0.547047 0.416927 0.375579 0.342328 0.224195 0.100859
threshold=789.28930664062511 487.13194274902349 0.72947329282760631 0.061284722760319717 599.31250000000011 13.809542655944826 2.5000000000000004 -0.41248606145381922 0.024861111305654052 0.90000000596046459
decision_type=2 2 2 2 2 2 2 2 2 2
left_child=1 2 5 -4 6 -1 -3 -2 -9 -6
right_child=7 4 3 -5 9 -7 -8 8 -10 -11
leaf_value=2.2391838833618702e-05 0.002649270675463515 0.00011988681797572361 -0.00088331658996771063 -0.00064655636246847446 0.20585611756480898 -0.0040659421741966826 -0.0004157630266476037 -0.0074041087010392739 -0.00087712437313532707 0.11119863416882707
leaf_weight=715 40 4229 48 213 304 38 2141 56 48 32
leaf_count=715 40 4229 48 213 304 38 2141 56 48 32
internal_value=-6.40813e-05 -3.49695e-05 -0.0006 -0.00194084 5.05442e-05 -0.000133289 -1.17721e-05 -0.00161379 -0.00251429 0.00122849
internal_weight=7864 7720 1014 261 6706 753 6370 144 104 336
internal_count=7864 7720 1014 261 6706 753 6370 144 104 336
is_linear=0
shrinkage=0.03


Tree=98
num_leaves=11
num_cat=0
split_feature=17 27 33 53 43 43 33 43 53 55
split_gain=0.396135 0.401038 0.88899 0.704585 1.22684 0.479904 0.458011 0.342328 0.312488 0.224195
threshold=789.28930664062511 49.820095062255866 57.361564636230476 40.500000000000007 -0.97335553169250477 -0.097964655607938753 56.442417144775398 -0.41248606145381922 106.50000000000001 0.024861111305654052
decision_type=2 2 2 2 2 2 2 2 2 2
left_child=1 3 5 6 -5 -3 -1 -2 -4 -9
right_child=7 2 8 4 -6 -7 -8 9 -10 -11
leaf_value=-0.00040682493098046369 0.0025697925551996094 -0.00032041801904610827 0.046983969111717025 -0.020776113118901197 -0.0027845930343848154 0.00021545144285719159 9.8876244509561097e-05 -0.0071819854400080969 -8.0055804457402743e-05 -0.00085081064194126742
leaf_weight=1066 40 919 890 37 488 997 3068 56 255 48
leaf_count=1066 40 919 890 37 488 997 3068 56 255 48
internal_value=-6.0267e-05 -3.1084e-05 0.00023563 -0.00020633 -0.00124049 -0.000159624 -7.47279e-05 -0.00161379 0.000896597 -0.00251429
internal_weight=7864 7720 3061 4659 525 1916 4134 144 1145 104
internal_count=7864 7720 3061 4659 525 1916 4134 144 1145 104
is_linear=0
shrinkage=0.03


Tree=99
num_leaves=14
num_cat=0
split_feature=36 24 50 42 53 43 19 24 24 36 50 58 40
split_gain=0.43541 0.840733 0.861303 1.07034 0.755009 1.13395 1.2398 0.934714 0.514327 0.54919 0.369646 0.111591 0.0241839
threshold=501.50000000000006 415.99107360839849 98.500000000000014 -0.63405361771583546 40.500000000000007 -0.58216583728790272 0.44945991039276129 348.39434814453131 332.17260742187506 1.5000000000000002 112.50000000000001 2.6202777624130253 0.9421052634716035
decision_type=2 2 2 2 2 2 2 2 2 2 2 2 2
left_child=4 2 3 -2 8 6 -6 -7 10 -10 -1 12 -3
right_child=1 11 -4 -5 5 7 -8 -9 9 -11 -12 -13 -14
leaf_value=-0.00019931672692790272 -0.010257286241110638 0.22307384062621813 -0.12117521513638432 0.0022781297120170389 0.00037395279347210864 0.0013914242234844935 -0.010460970260069681 -0.011017701578369621 -0.00079902714801935568 0.0031620867784159434 -0.0028198383035424987 0.019872813864929447 0.20536351739916445
leaf_weight=4277 74 493 30 297 85 355 145 226 196 1543 80 30 33
leaf_count=4277 74 493 30 297 85 355 145 226 196 1543 80 30 33
internal_value=-7.17101e-05 0.000527662 -0.000518657 -0.000116935 -0.00015482 -0.00101416 -0.00279221 -0.000306701 -4.03477e-05 0.00039569 -0.000214433 0.00128187 0.0013833
internal_weight=7864 957 401 371 6907 811 230 581 6096 1739 4357 556 526
internal_count=7864 957 401 371 6907 811 230 581 6096 1739 4357 556 526
is_linear=0
shrinkage=0.03


Tree=100
num_leaves=15
num_cat=0
split_feature=36 49 27 55 53 43 1 3 50 24 13 40 58 55
split_gain=0.512961 0.762802 0.694438 0.716884 0.471303 0.84769 0.965483 0.788131 0.416973 0.421542 0.284639 0.788877 0.119562 0.0720885
threshold=501.50000000000006 0.23236110806465152 51.05096626281739 1.0000000180025095e-35 40.500000000000007 -0.95642796158790577 82.976108551025405 22.573669433593754 227.00000000000003 332.17260742187506 1845.6218872070315 0.34210526943206793 10.247916698455812 18.472361564636234
decision_type=2 2 2 2 2 2 2 2 2 2 2 2 2 2
left_child=4 2 3 -2 8 6 -6 -7 9 -1 12 -12 -3 -4
right_child=1 10 13 -5 5 7 -8 -9 -10 -11 11 -13 -14 -15
leaf_value=-0.0002154637205696326 -0.015292370790451683 0.060324205774770386 0.0010489429435360802 0.0051822359336592527 0.00010536706978470058 -0.00035376541745817667 -0.01732595295324954 -0.024289284940850763 -0.0020944168454785222 0.00060361169708283101 -0.11753995868229279 0.49794532550866993 0.015023507431119647 0.00083359151425784004
leaf_weight=4336 80 572 98 54 34 686 37 54 48 1712 30 63 30 30
leaf_count=4336 80 572 98 54 34 686 37 54 48 1712 30 63 30 30
internal_value=-6.0267e-05 0.000590292 -0.000787072 -0.00228889 -0.000150478 -0.000829433 -0.0039375 -0.000526316 -6.00295e-05 -3.76921e-05 0.00110991 -0.000430851 0.00134826 0.000790698
internal_weight=7864 957 262 134 6907 811 71 740 6096 6048 695 93 602 128
internal_count=7864 957 262 134 6907 811 71 740 6096 6048 695 93 602 128
is_linear=0
shrinkage=0.03


Tree=101
num_leaves=13
num_cat=0
split_feature=36 24 50 53 24 59 50 24 43 49 58 55
split_gain=0.495078 0.601197 0.943453 0.427262 0.77982 0.576167 0.419384 0.41651 0.389984 0.372846 0.171311 0.0260597
threshold=501.50000000000006 415.99107360839849 98.500000000000014 41.500000000000007 345.05357360839849 142.50000000000003 227.00000000000003 332.17260742187506 -0.63405361771583546 0.23236110806465152 0.0048611110541969546 55.048334121704109
decision_type=2 2 2 2 2 2 2 2 2 2 2 2
left_child=3 2 9 6 8 -6 7 -1 -5 -2 11 -3
right_child=1 10 -4 4 5 -7 -8 -9 -10 -11 -12 -13
leaf_value=-0.00020841995090563299 -0.00060330533766825517 0.21598364657195532 -0.11401375992182403 -0.00048924043818682108 -0.014823739614356119 0.0085363636360087838 -0.0020315843401141663 0.0005242928586405058 0.0016273509518129367 0.018433728390713677 -0.0041456615828658373 0.29922637827601034
leaf_weight=4341 199 482 30 122 296 40 48 1719 341 172 43 31
leaf_count=4341 199 482 30 122 296 40 48 1719 341 172 43 31
internal_value=-4.88239e-05 0.000590292 -0.000294776 -0.000137449 -0.000789375 -0.00188724 -5.20543e-05 -2.9698e-05 9.69831e-06 0.000125 0.00122801 0.00138035
internal_weight=7864 957 401 6907 799 336 6108 6060 463 371 556 513
internal_count=7864 957 401 6907 799 336 6108 6060 463 371 556 513
is_linear=0
shrinkage=0.03


Tree=102
num_leaves=12
num_cat=0
split_feature=36 24 53 53 3 43 49 15 24 58 55
split_gain=0.557249 0.543637 0.689573 0.459939 0.624876 0.727215 0.448022 0.396118 0.387602 0.171311 0.0260597
threshold=501.50000000000006 415.99107360839849 61.500000000000007 41.500000000000007 22.573669433593754 -0.97335553169250477 0.23236110806465152 40.719272613525398 322.95684814453131 0.0048611110541969546 55.048334121704109
decision_type=2 2 2 2 2 2 2 2 2 2 2
left_child=3 2 6 7 5 -5 -2 8 -1 10 -3
right_child=1 9 -4 4 -6 -7 -8 -9 -10 -11 -12
leaf_value=-0.00020518807568261808 -0.00065785278754480335 0.20950413717479663 -0.10936809817930607 -0.010317243336325147 -0.023083292786200058 -0.0002694456297237368 0.017414557775799002 -0.016484046077249098 0.00058855228089091393 -0.0040212917353798601 0.29024958692773001
leaf_weight=4152 196 482 37 55 55 689 168 39 1917 43 31
leaf_count=4152 196 482 37 55 55 689 168 39 1917 43 31
internal_value=-5.64526e-05 0.000621608 -0.000220149 -0.000150478 -0.000826875 -0.000595973 0.000180822 -6.18759e-05 -4.2257e-05 0.00122801 0.00138035
internal_weight=7864 957 401 6907 799 744 364 6108 6069 556 513
internal_count=7864 957 401 6907 799 744 364 6108 6069 556 513
is_linear=0
shrinkage=0.03


Tree=103
num_leaves=12
num_cat=0
split_feature=36 24 50 42 53 3 43 15 24 58 55
split_gain=0.544783 0.543637 0.638036 0.525533 0.471829 0.624876 0.727215 0.398738 0.366187 0.171311 0.0260597
threshold=501.50000000000006 415.99107360839849 98.500000000000014 -0.63405361771583546 41.500000000000007 22.573669433593754 -0.97335553169250477 40.719272613525398 322.95684814453131 0.0048611110541969546 55.048334121704109
decision_type=2 2 2 2 2 2 2 2 2 2 2
left_child=4 2 3 -2 7 6 -6 8 -1 10 -3
right_child=1 9 -4 -5 5 -7 -8 -9 -10 -11 -12
leaf_value=-0.00019903243341213957 -0.009452961786407383 0.20321901305955273 -0.1073123041787901 0.00099845852225954467 -0.010007726036235393 -0.02239079400261406 -0.00026136226083202439 -0.015989524694931628 0.00057089571246418658 -0.0039006529833184632 0.2815420993198981
leaf_weight=4152 74 482 30 297 55 55 689 39 1917 43 31
leaf_count=4152 74 482 30 297 55 55 689 39 1917 43 31
internal_value=-4.88239e-05 0.000621608 -0.000220149 0.000125 -0.000141792 -0.000826875 -0.000595973 -5.20543e-05 -3.23723e-05 0.00122801 0.00138035
internal_weight=7864 957 401 371 6907 799 744 6108 6069 556 513
internal_count=7864 957 401 371 6907 799 744 6108 6069 556 513
is_linear=0
shrinkage=0.03


Tree=104
num_leaves=13
num_cat=0
split_feature=36 24 50 42 17 40 19 24 43 55 58 55
split_gain=0.558574 0.488963 0.661247 0.466257 0.367167 0.389111 0.723991 0.562359 0.342328 0.224195 0.171311 0.0260597
threshold=501.50000000000006 415.99107360839849 98.500000000000014 -0.77259656786918629 789.28930664062511 0.67894738912582409 0.49454252421855932 426.38392639160162 -0.41248606145381922 0.024861111305654052 0.0048611110541969546 55.048334121704109
decision_type=2 2 2 2 2 2 2 2 2 2 2 2
left_child=4 2 3 -2 5 7 -7 -1 -6 -10 11 -3
right_child=1 10 -4 -5 8 6 -8 -9 9 -11 -12 -13
leaf_value=-0.00016375135744045322 -0.011618333363748852 0.19712244266776616 -0.10409293505342641 0.0006567689713055931 0.0025235214057685584 0.0021390496386260167 -0.0013302877145806148 -0.0030782362647839871 -0.005973622741690339 -0.00088931237870153417 -0.003783633393818907 0.2730958363403011
leaf_weight=5014 54 482 30 317 40 1178 173 398 56 48 43 31
leaf_count=5014 54 482 30 317 40 1178 173 398 56 48 43 31
internal_value=-2.59377e-05 0.000652923 -0.000145522 0.000205645 -0.000120078 -8.80396e-05 0.000367234 -0.000201737 -0.00161379 -0.00251429 0.00122801 0.00138035
internal_weight=7864 957 401 371 6907 6763 1351 5412 144 104 556 513
internal_count=7864 957 401 371 6907 6763 1351 5412 144 104 556 513
is_linear=0
shrinkage=0.03


Tree=105
num_leaves=15
num_cat=0
split_feature=36 28 49 40 53 17 53 24 15 55 43 56 59 1
split_gain=0.591758 0.479909 0.540327 0.582722 0.509157 0.371451 0.337445 0.722484 0.416258 0.230419 0.331701 0.245974 0.180764 0.0139738
threshold=501.50000000000006 123.78011703491212 0.029305555857717994 0.65789473056793224 106.50000000000001 789.28930664062511 41.500000000000007 345.05357360839849 8.3800144195556658 0.024861111305654052 0.41248606145381933 57.500000000000007 2.5000000000000004 891.00906372070324
decision_type=2 2 2 2 2 2 2 2 2 2 2 2 2 2
left_child=5 2 3 -2 -4 6 8 -8 -1 10 -7 -11 13 -3
right_child=1 12 4 -5 -6 9 7 -9 -10 11 -12 -13 -14 -15
leaf_value=-0.00015512259546614064 -0.00012292695675655279 0.068056569371479331 0.038959355165255061 -0.01538193997154969 -0.091229128747521371 -0.0035641632138677559 0.00014916642274402655 -0.010660423153481022 0.0028560429448739075 0.0019727120406478386 -0.0023137859548638018 -0.0043262970655389222 0.00019275043588426618 0.00056169919494231124
leaf_weight=4712 81 438 252 37 48 31 406 336 1309 33 37 43 43 58
leaf_count=4712 81 438 252 37 48 31 406 336 1309 33 37 43 43 58
internal_value=-1.44946e-05 0.000684238 -7.87589e-05 -0.00178992 0.000598007 -0.000111393 -7.91691e-05 -0.000682369 -4.73261e-06 -0.00161379 -0.00286957 -0.000467532 0.001275 0.00143662
internal_weight=7864 957 418 118 300 6907 6763 742 6021 144 68 76 539 496
internal_count=7864 957 418 118 300 6907 6763 742 6021 144 68 76 539 496
is_linear=0
shrinkage=0.03


Tree=106
num_leaves=11
num_cat=0
split_feature=15 36 27 49 53 50 24 42 13 52
split_gain=0.402953 0.351979 0.76159 0.563067 0.31006 0.515613 0.407171 0.250782 0.245076 0.0622991
threshold=35.729955673217781 501.50000000000006 47.779188156127937 0.72597223520278942 2.5000000000000004 122.50000000000001 367.47322082519537 0.35206145048141485 1845.6218872070315 0.71736109256744396
decision_type=2 2 2 2 2 2 2 2 2 2
left_child=1 4 3 -3 5 -1 -6 9 -4 -2
right_child=7 2 8 -5 6 -7 -8 -9 -10 -11
leaf_value=9.2485777057427091e-05 0.00053116543844618431 -0.0045537497086120685 0.015482352292318384 0.011764381254885192 -0.00015493667343617252 -0.0059182711576447706 -0.0045342719834489051 -0.0056499726274519754 -0.02189561694937454 -0.0010996087815109798
leaf_weight=4501 31 138 634 92 1648 138 501 57 93 31
leaf_count=4501 31 138 634 92 1648 138 501 57 93 31
internal_value=-3.73808e-05 -1.06506e-05 0.000527662 -0.000974026 -8.66107e-05 5.14009e-05 -0.000384419 -0.0017625 0.00100343 -0.000428571
internal_weight=7864 7745 957 230 6788 4639 2149 119 727 62
internal_count=7864 7745 957 230 6788 4639 2149 119 727 62
is_linear=0
shrinkage=0.03


Tree=107
num_leaves=15
num_cat=0
split_feature=12 33 49 40 50 33 45 23 33 42 40 43 1 43
split_gain=0.417941 0.595552 0.559819 1.24225 0.476776 0.370748 0.495468 0.560513 0.43215 0.722616 0.405803 0.402072 0.311027 0.267482
threshold=532.95834350585949 58.97923660278321 20.035694122314457 0.16315789520740512 3.5000000000000004 59.375209808349616 0.81174489855766307 22.768055915832523 58.708280563354499 0.58216583728790294 0.43684209883213049 0.58216583728790294 1518.2507324218752 -0.52778512239456166
decision_type=2 2 2 2 2 2 2 2 2 2 2 2 2 2
left_child=5 12 4 -4 -3 8 7 -7 10 -10 -1 -8 -2 -14
right_child=1 2 3 -5 -6 6 11 -9 9 -11 -12 -13 13 -15
leaf_value=4.8775663644814355e-05 0.050988884113140578 -0.00070107659478444774 -0.085602350568201604 -0.0067063649606725539 0.02887547460196583 -0.00034419197938891034 -0.00050126074344271202 0.0097155604332992418 0.00036962740284610053 -0.0017771618728610512 -0.00051319375126804908 -0.0021446965412016414 -0.0014314562913427264 0.00063755992178590628
leaf_weight=2765 639 224 30 108 162 654 90 1081 99 114 1706 36 51 105
leaf_count=2765 639 224 30 108 162 654 90 1081 99 114 1706 36 51 105
internal_value=-3.35664e-05 0.000453409 -0.000331429 -0.00196403 0.000255814 -0.00013176 0.00022637 0.000358583 -0.000274066 -0.00159112 -0.000210979 -0.00158268 0.000970477 -0.000229299
internal_weight=7864 1319 524 138 386 6545 1861 1735 4684 213 4471 126 795 156
internal_count=7864 1319 524 138 386 6545 1861 1735 4684 213 4471 126 795 156
is_linear=0
shrinkage=0.03


Tree=108
num_leaves=14
num_cat=0
split_feature=24 35 25 42 55 58 33 40 33 49 43 50 15
split_gain=0.454206 0.622164 0.555381 0.631909 0.384701 0.373594 0.324327 0.603219 0.506363 0.272099 0.125435 0.103898 0.0571938
threshold=476.05802917480474 167.41152954101565 1567.7875976562502 0.52778512239456188 2.3009722232818608 2.9119443893432622 59.155794143676765 0.16315789520740512 58.708280563354499 1.0297222137451174 -0.097964655607938753 36.500000000000007 11.001600265502931
decision_type=2 2 2 2 2 2 2 2 2 2 2 2 2
left_child=2 5 6 -4 10 12 8 -8 -1 -5 -3 -7 -2
right_child=1 4 3 9 -6 11 7 -9 -10 -11 -12 -13 -14
leaf_value=-0.00018914507006774885 0.010702615861152665 -0.00091639330230119443 0.00015609781364221511 -0.00085323409143819179 -0.0029272994589566409 -0.030068492781564111 -0.0010306755381268588 0.0023776062895850265 -0.0028454810329509674 -0.00067271840677711025 0.00027650642773015266 -0.00066865793844483737 0.16227307216835321
leaf_weight=4736 217 43 55 49 49 30 364 1542 268 30 52 38 391
leaf_count=4736 217 43 55 49 49 30 364 1542 268 30 52 38 391
internal_value=-8.31532e-05 0.000584653 -0.000160965 -0.00206667 -0.0012 0.000966027 -0.000123716 0.000209229 -0.000250549 -0.00376875 -7.8125e-05 -0.00113043 0.00120197
internal_weight=7864 820 7044 134 144 676 6910 1906 5004 79 95 68 608
internal_count=7864 820 7044 134 144 676 6910 1906 5004 79 95 68 608
is_linear=0
shrinkage=0.03


Tree=109
num_leaves=14
num_cat=0
split_feature=24 35 25 42 55 58 50 33 49 19 43 50 15
split_gain=0.459409 0.622164 0.5529 0.631909 0.384701 0.373594 0.305411 0.285873 0.272099 0.248414 0.125435 0.103898 0.0571938
threshold=476.05802917480474 167.41152954101565 1567.7875976562502 0.52778512239456188 2.3009722232818608 2.9119443893432622 184.00000000000003 59.155794143676765 1.0297222137451174 0.46745844185352331 -0.097964655607938753 36.500000000000007 11.001600265502931
decision_type=2 2 2 2 2 2 2 2 2 2 2 2 2
left_child=2 5 6 -4 10 12 7 -1 -5 -8 -3 -7 -2
right_child=1 4 3 8 -6 11 9 -9 -10 -11 -12 -13 -14
leaf_value=-0.00024598410587413404 0.010381537385318088 -0.00088890150323215841 0.0001514148792329486 -0.00082763706869504595 -0.0028394804751879416 -0.029166437998117196 -0.0038763080109162932 0.00080382055887057114 -0.0006525368545737978 0.00081291285837368609 0.00026821123489824807 -0.00064859820029149239 0.15740488000330261
leaf_weight=4966 217 43 55 49 49 30 32 1879 30 33 52 38 391
leaf_count=4966 217 43 55 49 49 30 32 1879 30 33 52 38 391
internal_value=-8.69675e-05 0.000584653 -0.000165224 -0.00206667 -0.0012 0.000966027 -0.000128057 -0.000108457 -0.00376875 -0.00215909 -7.8125e-05 -0.00113043 0.00120197
internal_weight=7864 820 7044 134 144 676 6910 6845 79 65 95 68 608
internal_count=7864 820 7044 134 144 676 6910 6845 79 65 95 68 608
is_linear=0
shrinkage=0.03


Tree=110
num_leaves=15
num_cat=0
split_feature=24 58 26 52 49 36 53 12 22 49 50 42 23 42
split_gain=0.40097 0.538595 0.480943 0.479983 0.63561 0.418692 0.387251 0.548762 0.48621 0.378356 0.74668 0.303523 0.216063 0.058568
threshold=476.05802917480474 0.21069443970918658 11557.500000000002 3.8277778625488286 116.05777740478517 2.5000000000000004 2.5000000000000004 279.15625000000006 8.4824109077453631 0.72597223520278942 17.500000000000004 0.29012925922870642 22.880416870117191 0.41248606145381933
decision_type=2 2 2 2 2 2 2 2 2 2 2 2 2 2
left_child=2 5 6 4 -4 11 7 -1 -8 -3 -11 -2 -5 -7
right_child=1 9 3 12 -6 13 8 -9 -10 10 -12 -13 -14 -15
leaf_value=-0.00018907323805229646 -0.0013553880539856212 0.019714055660930568 -0.00042219504120678499 -0.00046447192849483337 -0.0007567101265283534 0.057266894327815156 -0.00036383369383859924 0.0019606747041931698 -0.010389146187212263 -0.011299066951735083 0.0003084663925679383 0.00033457231676063188 0.00034998802977995224 0.068218907757098199
leaf_weight=2009 40 39 1026 158 60 377 1886 1614 59 47 66 40 232 211
leaf_count=2009 40 39 1026 158 60 377 1886 1614 59 47 66 40 232 211
internal_value=-7.93388e-05 0.000548112 -0.000152449 -0.000633717 -0.000957682 0.000914798 -2.478e-05 0.000158527 -0.000366136 -0.00105882 -0.00193421 -0.00111111 0.000268542 0.00119185
internal_weight=7864 820 7044 1476 1086 668 5568 3623 1945 152 113 80 390 588
internal_count=7864 820 7044 1476 1086 668 5568 3623 1945 152 113 80 390 588
is_linear=0
shrinkage=0.03


Tree=111
num_leaves=11
num_cat=0
split_feature=26 43 1 24 9 53 24 50 0 43
split_gain=0.362061 0.427411 0.549053 0.355073 0.667107 0.46043 0.362455 0.276806 0.181944 0.151763
threshold=20239.500000000004 0.84874749183654796 676.50057983398449 332.17260742187506 0.12635416537523272 51.500000000000007 327.95832824707037 174.50000000000003 326.37500000000006 -0.81241145730018605
decision_type=2 2 2 2 2 2 2 2 2 2
left_child=3 2 -2 6 8 -6 7 -1 -5 -4
right_child=1 -3 9 4 5 -7 -8 -9 -10 -11
leaf_value=-0.00014781831972658554 -0.00070945238051257854 0.010143700675965732 3.6607627676183907e-05 0.0006861544089136432 0.00027319008494463393 -0.0078700722872454953 -0.015004917928182784 -0.0019337684977702044 0.18424082131697569 -0.00080836232855882237
leaf_weight=4888 41 39 36 163 1555 505 39 34 479 85
leaf_count=4888 41 39 36 163 1555 505 39 34 479 85
internal_value=-7.55244e-05 -0.00132921 -0.00200613 -4.24713e-05 0.000234184 -2.9112e-05 -0.000193168 -0.000170018 0.00107776 -0.000971311
internal_weight=7864 201 162 7663 2702 2060 4961 4922 642 121
internal_count=7864 201 162 7663 2702 2060 4961 4922 642 121
is_linear=0
shrinkage=0.03


Tree=112
num_leaves=11
num_cat=0
split_feature=26 43 1 24 9 53 24 50 0 43
split_gain=0.362061 0.427411 0.549053 0.355073 0.667107 0.46043 0.362455 0.276806 0.181944 0.151763
threshold=20239.500000000004 0.84874749183654796 676.50057983398449 332.17260742187506 0.12635416537523272 51.500000000000007 327.95832824707037 174.50000000000003 326.37500000000006 -0.81241145730018605
decision_type=2 2 2 2 2 2 2 2 2 2
left_child=3 2 -2 6 8 -6 7 -1 -5 -4
right_child=1 -3 9 4 5 -7 -8 -9 -10 -11
leaf_value=-0.00014338377013478797 -0.00068816880909720109 0.0098393896556867606 3.5509398845898212e-05 0.00066556977664623373 0.00026499438239629475 -0.0076339701186281285 -0.014554770390337297 -0.0018757554428370979 0.17871359667746639 -0.00078411145870205777
leaf_weight=4888 41 39 36 163 1555 505 39 34 479 85
leaf_count=4888 41 39 36 163 1555 505 39 34 479 85
internal_value=-7.55244e-05 -0.00132921 -0.00200613 -4.24713e-05 0.000234184 -2.9112e-05 -0.000193168 -0.000170018 0.00107776 -0.000971311
internal_weight=7864 201 162 7663 2702 2060 4961 4922 642 121
internal_count=7864 201 162 7663 2702 2060 4961 4922 642 121
is_linear=0
shrinkage=0.03


Tree=113
num_leaves=11
num_cat=0
split_feature=26 43 1 24 9 53 24 26 0 43
split_gain=0.373162 0.427411 0.549053 0.361853 0.632462 0.407453 0.3671 0.233496 0.181944 0.151763
threshold=20239.500000000004 0.84874749183654796 676.50057983398449 332.17260742187506 0.12635416537523272 151.50000000000003 327.95832824707037 9995.0000000000018 326.37500000000006 -0.81241145730018605
decision_type=2 2 2 2 2 2 2 2 2 2
left_child=3 2 -2 6 8 -6 7 -1 -5 -4
right_child=1 -3 9 4 5 -7 -8 -9 -10 -11
leaf_value=-3.5020914858165962e-05 -0.00066752374482428531 0.0095442079660161567 3.4444116880521203e-05 0.00064560268334684656 9.6161415131360917e-05 -0.021227109699709389 -0.01411812727862718 -0.00036039039309922454 0.17335218877714245 -0.00076058811494099604
leaf_weight=3614 41 39 36 163 1999 61 39 1308 479 85
leaf_count=3614 41 39 36 163 1999 61 39 1308 479 85
internal_value=-5.64526e-05 -0.00132921 -0.00200613 -2.28992e-05 0.000256382 3.90966e-11 -0.00017503 -0.000151737 0.00107776 -0.000971311
internal_weight=7864 201 162 7663 2702 2060 4961 4922 642 121
internal_count=7864 201 162 7663 2702 2060 4961 4922 642 121
is_linear=0
shrinkage=0.03


Tree=114
num_leaves=15
num_cat=0
split_feature=50 27 49 35 30 40 23 26 42 6 53 36 40 14
split_gain=0.335908 0.482405 0.461603 0.541512 0.409301 0.286669 0.281141 0.262454 0.55952 0.511986 0.237311 0.216248 1.00548 0.368716
threshold=19.500000000000004 47.779188156127937 20.035694122314457 166.787223815918 0.73363095521926891 0.35263158380985266 22.768055915832523 20239.500000000004 0.47114434838294988 0.12500000372529033 49.500000000000007 363.50000000000006 0.88947367668151867 9528.5000000000018
decision_type=2 2 2 2 2 2 2 2 2 2 2 2 2 2
left_child=7 2 10 -4 5 -3 -6 11 -9 -10 -2 13 -13 -1
right_child=1 4 3 -5 6 -7 -8 8 9 -11 -12 12 -14 -15
leaf_value=1.9922881209227146e-05 0.023648448663388444 -0.0011674875419163757 0.00025393010312744184 -0.0060564620811376195 0.0108474933152236 0.0088038680309600933 0.12479805322273098 0.00016911884449108945 -0.00064923718800504002 -0.0008322287402444538 -0.03533707015343699 -0.00044636467682520638 -0.030013204692870429 -0.00082200196754784126
leaf_weight=4750 289 38 260 273 380 34 531 79 39 80 40 537 62 472
leaf_count=4750 289 38 260 273 380 34 531 79 39 80 40 537 62 472
internal_value=-4.11951e-05 0.000312839 -0.000205098 -0.00075 0.000766768 -0.00139726 0.000939145 -0.000149751 -0.00122111 -0.0025125 0.000677273 -0.000113105 -0.0006525 -5.112e-05
internal_weight=7864 1845 862 533 983 72 911 6019 198 119 329 5821 599 5222
internal_count=7864 1845 862 533 983 72 911 6019 198 119 329 5821 599 5222
is_linear=0
shrinkage=0.03


Tree=115
num_leaves=12
num_cat=0
split_feature=36 24 50 52 50 14 56 17 21 58 1
split_gain=0.320031 0.743179 0.549206 0.56949 0.34604 0.316789 0.609201 0.308428 0.276963 0.161305 0.0230837
threshold=501.50000000000006 415.99107360839849 98.500000000000014 5.6240277290344247 213.50000000000003 9268.0000000000018 5.5000000000000009 789.28930664062511 3.3745310306549077 0.0048611110541969546 106.68650054931642
decision_type=2 2 2 2 2 2 2 2 2 2 2
left_child=4 2 3 -2 5 7 -7 -1 -6 10 -3
right_child=1 9 -4 -5 8 6 -8 -9 -10 -11 -12
leaf_value=-6.8661326448110421e-06 -0.0011954308459147767 0.11904502260496436 -0.094853801823412284 0.0022903416703466332 -0.0060870764767712799 -0.00033558493773500227 -0.0021805282153288833 -0.0011174978235703853 0.00074594428110885138 -0.0057347518220326743 0.18666279007181355
leaf_weight=6151 228 212 30 143 30 493 57 144 32 43 301
leaf_count=6151 228 212 30 143 30 493 57 144 32 43 301
internal_value=-4.88239e-05 0.000465031 -0.000518657 -0.000197581 -0.000120078 -9.96932e-05 -0.000789474 -3.93106e-05 -0.00233333 0.00117415 0.00132198
internal_weight=7864 957 401 371 6907 6845 550 6295 62 556 513
internal_count=7864 957 401 371 6907 6845 550 6295 62 556 513
is_linear=0
shrinkage=0.03


Tree=116
num_leaves=12
num_cat=0
split_feature=36 24 50 42 50 14 58 17 21 58 1
split_gain=0.345266 0.679043 0.570812 0.602483 0.348763 0.290234 0.51752 0.309794 0.276963 0.161305 0.0230837
threshold=501.50000000000006 415.99107360839849 98.500000000000014 -0.63405361771583546 213.50000000000003 9528.5000000000018 6.1869444847106942 789.28930664062511 3.3745310306549077 0.0048611110541969546 106.68650054931642
decision_type=2 2 2 2 2 2 2 2 2 2 2
left_child=4 2 3 -2 5 7 -7 -1 -6 10 -3
right_child=1 9 -4 -5 8 6 -8 -9 -10 -11 -12
leaf_value=-1.2145072254612344e-05 -0.0079295418745527913 0.1154736719268154 -0.09200818776870992 0.00056746405541226261 -0.0059044641824681421 -0.00030420140465204905 -0.0011364605002594972 -0.0010839728888632732 0.00072356595267558871 -0.0055627092673716915 0.1810629063696591
leaf_weight=6203 74 212 30 297 30 389 109 144 32 43 301
leaf_count=6203 74 212 30 297 30 389 109 144 32 43 301
internal_value=-3.73808e-05 0.000496347 -0.00044403 -0.000116935 -0.000111393 -9.0929e-05 -0.000787575 -3.61531e-05 -0.00233333 0.00117415 0.00132198
internal_weight=7864 957 401 371 6907 6845 498 6347 62 556 513
internal_count=7864 957 401 371 6907 6845 498 6347 62 556 513
is_linear=0
shrinkage=0.03


Tree=117
num_leaves=12
num_cat=0
split_feature=36 24 50 52 50 14 58 17 21 58 1
split_gain=0.345266 0.679043 0.570812 0.509231 0.348763 0.290234 0.51752 0.309794 0.276963 0.161305 0.0230837
threshold=501.50000000000006 415.99107360839849 98.500000000000014 5.6240277290344247 213.50000000000003 9528.5000000000018 6.1869444847106942 789.28930664062511 3.3745310306549077 0.0048611110541969546 106.68650054931642
decision_type=2 2 2 2 2 2 2 2 2 2 2
left_child=4 2 3 -2 5 7 -7 -1 -6 10 -3
right_child=1 9 -4 -5 8 6 -8 -9 -10 -11 -12
leaf_value=-1.1780720086973946e-05 -0.0011765918421997013 0.11200946176901098 -0.089247942135648628 0.0022674802251101572 -0.0057273302569940971 -0.00029507536251248753 -0.0011023666852517124 -0.0010514537021973757 0.00070185897409532033 -0.0053958279893505379 0.17563101917856938
leaf_weight=6203 228 212 30 143 30 389 109 144 32 43 301
leaf_count=6203 228 212 30 143 30 389 109 144 32 43 301
internal_value=-3.73808e-05 0.000496347 -0.00044403 -0.000116935 -0.000111393 -9.0929e-05 -0.000787575 -3.61531e-05 -0.00233333 0.00117415 0.00132198
internal_weight=7864 957 401 371 6907 6845 498 6347 62 556 513
internal_count=7864 957 401 371 6907 6845 498 6347 62 556 513
is_linear=0
shrinkage=0.03


Tree=118
num_leaves=12
num_cat=0
split_feature=36 24 50 42 50 14 58 17 21 58 1
split_gain=0.381765 0.617795 0.592819 0.452924 0.348763 0.290234 0.51752 0.309794 0.276963 0.161305 0.0230837
threshold=501.50000000000006 415.99107360839849 98.500000000000014 -0.63405361771583546 213.50000000000003 9528.5000000000018 6.1869444847106942 789.28930664062511 3.3745310306549077 0.0048611110541969546 106.68650054931642
decision_type=2 2 2 2 2 2 2 2 2 2 2
left_child=4 2 3 -2 5 7 -7 -1 -6 10 -3
right_child=1 9 -4 -5 8 6 -8 -9 -10 -11 -12
leaf_value=-1.1427298484364689e-05 -0.0076563578630502128 0.1086491779159407 -0.086570503871579149 0.00050308013661407036 -0.0055555103492842747 -0.00028622310163711295 -0.001069295684694161 -0.0010199100911314539 0.00068080320487245549 -0.0052339531496700242 0.17036208860321225
leaf_weight=6203 74 212 30 297 30 389 109 144 32 43 301
leaf_count=6203 74 212 30 297 30 389 109 144 32 43 301
internal_value=-3.35664e-05 0.000527662 -0.000369403 -3.62903e-05 -0.000111393 -9.0929e-05 -0.000787575 -3.61531e-05 -0.00233333 0.00117415 0.00132198
internal_weight=7864 957 401 371 6907 6845 498 6347 62 556 513
internal_count=7864 957 401 371 6907 6845 498 6347 62 556 513
is_linear=0
shrinkage=0.03


Tree=119
num_leaves=14
num_cat=0
split_feature=36 27 55 50 53 53 0 15 21 13 40 58 56
split_gain=0.414671 0.547293 0.360131 0.350129 0.323242 0.293894 0.632792 0.440249 0.276963 0.231228 0.788877 0.220078 0.185394
threshold=501.50000000000006 47.779188156127937 1.0000000180025095e-35 213.50000000000003 3.5000000000000004 3.5000000000000004 225.83333587646487 35.729955673217781 3.3745310306549077 1845.6218872070315 0.34210526943206793 9.8933334350585955 3.5000000000000004
decision_type=2 2 2 2 2 2 2 2 2 2 2 2 2
left_child=3 2 4 5 -2 7 -7 -1 -5 11 -11 -3 -4
right_child=1 9 12 8 -6 6 -8 -9 -10 10 -12 -13 -14
leaf_value=2.2737900492946573e-05 -0.00072593723807240094 0.019858262479873524 0.0078098836503333879 -0.0053888450388057457 -0.009772816413269764 5.2910201564583234e-05 -0.0012121784690406591 -0.0036507382938978125 0.00066037910872628243 -0.083973388755431783 0.48226070659039566 -0.0009906750117163951 -0.0038444303461214195
leaf_weight=4891 78 601 67 30 36 1218 654 82 32 30 63 33 49
leaf_count=4891 78 601 67 30 36 1218 654 82 32 30 63 33 49
internal_value=-2.59377e-05 0.000558977 -0.000714286 -0.00010705 -0.00190435 -8.65468e-05 -0.000406834 3.40772e-05 -0.00233333 0.000962225 -0.000430851 0.00116693 0.000461538
internal_weight=7864 957 230 6907 114 6845 1872 4973 62 727 93 634 116
internal_count=7864 957 230 6907 114 6845 1872 4973 62 727 93 634 116
is_linear=0
shrinkage=0.03


Tree=120
num_leaves=11
num_cat=0
split_feature=50 59 50 2 50 42 36 40 40 26
split_gain=0.34303 0.540936 0.371922 0.49438 0.394556 0.36648 0.287364 0.689598 0.27334 0.165576
threshold=184.00000000000003 10.500000000000002 19.500000000000004 159.50000000000003 136.50000000000003 0.35206145048141485 363.50000000000006 0.9421052634716035 0.74210524559021007 11603.500000000002
decision_type=2 2 2 2 2 2 2 2 2 2
left_child=2 9 6 4 -4 -5 8 -8 -1 -2
right_child=1 -3 3 5 -6 -7 7 -9 -10 -11
leaf_value=-0.00014815765526971295 -0.00052245878459295349 -0.0076913635335499235 -0.0025495545817273467 0.071406571670429284 0.0021081561262165532 7.0586011037616057e-05 -0.00056975050674253622 -0.055197734686675624 0.0003878309632415406 0.0053243293333030024
leaf_weight=4588 35 32 116 867 36 713 609 39 783 46
leaf_count=4588 35 32 116 867 36 713 609 39 783 46
internal_value=-3.73808e-05 -0.00167105 -1.33514e-05 0.000373918 -0.0012549 0.000531309 -0.000124834 -0.000721109 -5.27736e-05 -0.000347561
internal_weight=7864 113 7751 1732 152 1580 6019 648 5371 81
internal_count=7864 113 7751 1732 152 1580 6019 648 5371 81
is_linear=0
shrinkage=0.03


Tree=121
num_leaves=11
num_cat=0
split_feature=50 59 50 38 34 55 53 4 24 26
split_gain=0.34303 0.540936 0.339415 0.534139 0.455507 0.295185 0.211093 0.640023 0.354031 0.165576
threshold=184.00000000000003 10.500000000000002 19.500000000000004 1.0000000180025095e-35 47.097455978393562 2.1469444036483769 3.5000000000000004 2.2971268892288212 334.07290649414068 11603.500000000002
decision_type=2 2 2 2 2 2 2 2 2 2
left_child=2 9 6 4 -4 -5 8 -8 -1 -2
right_child=1 -3 3 5 -6 -7 7 -9 -10 -11
leaf_value=-0.00016607203494746923 -0.00050678502105516482 -0.0074606226275434253 -0.0023694863454147104 -0.00032369553167850091 0.041941418654157556 -0.0022563887560192123 -2.5425616290019033e-05 -0.0055048365891066913 0.00025715741917856154 0.0051645994533039124
leaf_weight=3450 35 32 350 53 1281 48 1124 421 1024 46
leaf_count=3450 35 32 350 53 1281 48 1124 421 1024 46
internal_value=-3.73808e-05 -0.00167105 -1.33514e-05 0.000356607 0.000488052 -0.00175 -0.00011985 -0.000422057 -1.5419e-05 -0.000347561
internal_weight=7864 113 7751 1732 1631 101 6019 1545 4474 81
internal_count=7864 113 7751 1732 1631 101 6019 1545 4474 81
is_linear=0
shrinkage=0.03


Tree=122
num_leaves=12
num_cat=0
split_feature=40 50 18 24 58 50 3 52 59 56 19
split_gain=0.362008 0.549848 0.604852 0.605604 0.560576 0.450608 0.471342 0.687369 0.461304 0.373671 0.0642517
threshold=0.74210524559021007 122.50000000000001 0.15625000000000003 226.08482360839847 33.761249542236335 184.00000000000003 18.804142951965336 38.605693817138679 4.5000000000000009 1.5000000000000002 0.47826002538204199
decision_type=2 2 2 2 2 2 2 2 2 2 2
left_child=5 2 3 -2 -4 6 9 -8 10 -1 -7
right_child=1 -3 4 -5 -6 8 7 -9 -10 -11 -12
leaf_value=-0.00038331234424030994 0.0022644979831542506 -0.0081415985306949983 0.0022694855143940494 -0.076414050216739068 -0.053994972586906456 0.0032107711024880366 0.16939313226520647 -0.014819941082740561 -0.0069392231436491416 6.4822459237081113e-05 -0.002504544613255286
leaf_weight=3352 32 50 1147 30 31 30 470 52 38 2602 30
leaf_count=3352 32 50 1147 30 31 30 470 52 38 2602 30
internal_value=-5.26382e-05 0.000406662 0.000531829 -0.00233333 0.000684478 -0.000142814 -0.000112089 0.000751434 -0.00215152 -0.000187909 -0.000491803
internal_weight=7864 1290 1240 62 1178 6574 6476 522 98 5954 60
internal_count=7864 1290 1240 62 1178 6574 6476 522 98 5954 60
is_linear=0
shrinkage=0.03


Tree=123
num_leaves=12
num_cat=0
split_feature=40 50 50 59 3 52 40 58 34 50 19
split_gain=0.452945 0.575162 0.452659 0.461304 0.406093 0.663366 0.35252 0.33668 0.792471 0.32985 0.0642517
threshold=0.74210524559021007 122.50000000000001 184.00000000000003 4.5000000000000009 18.804142951965336 38.605693817138679 0.61578947305679332 19.850555419921879 49.610776901245124 11.500000000000002 0.47826002538204199
decision_type=2 2 2 2 2 2 2 2 2 2 2
left_child=2 7 4 10 6 -6 -1 9 -9 -2 -4
right_child=1 -3 3 -5 5 -7 -8 8 -10 -11 -12
leaf_value=-8.9338107751246813e-05 0.00046400261955521354 -0.0078973505747741424 0.0031144479694133953 -0.0067310464493396671 0.16431133829725028 -0.014375342850258344 -0.00093129410022245397 0.015389684587747969 -0.060934705098632226 0.11455704962129977 -0.0024294082748576285
leaf_weight=5314 791 50 30 38 470 52 640 48 42 359 30
leaf_count=5314 791 50 30 38 470 52 640 48 42 359 30
internal_value=-3.73808e-05 0.000476375 -0.000138251 -0.00215152 -0.000107457 0.000694073 -0.000177834 0.000604351 -0.00115385 0.000742832 -0.000491803
internal_weight=7864 1290 6574 98 6476 522 5954 1240 90 1150 60
internal_count=7864 1290 6574 98 6476 522 5954 1240 90 1150 60
is_linear=0
shrinkage=0.03


Tree=124
num_leaves=12
num_cat=0
split_feature=40 50 3 52 40 10 3 50 49 50 10
split_gain=0.554061 0.601038 0.359873 0.626074 0.345161 0.973602 0.358441 0.252682 0.784887 0.209666 0.0296385
threshold=0.74210524559021007 122.50000000000001 18.804142951965336 38.605693817138679 0.61578947305679332 0.91729867458343517 15.635231494903566 17.500000000000004 11.803333282470705 137.50000000000003 1.2682927250862124
decision_type=2 2 2 2 2 2 2 2 2 2 2
left_child=2 7 4 9 6 -6 -1 8 -2 -4 -9
right_child=1 -3 3 -5 5 -7 -8 10 -10 -11 -12
leaf_value=-8.3983477531662242e-05 0.0013606105850946873 -0.007660430057530916 0.1668719401831647 -0.013944082564750595 -0.0002178032583747479 -0.0021409292081098403 -0.012034387657152817 0.12779688821942067 -0.024827164806028645 -0.016676169288551125 0.065936498476509703
leaf_weight=5265 858 50 457 52 443 207 120 290 62 30 30
leaf_count=5265 858 50 457 52 443 207 120 290 62 30 30
internal_value=-2.21233e-05 0.000546088 -0.000133688 0.000608333 -0.00020005 -0.000852535 -0.000121147 0.000676874 0.000423453 0.000943648 0.00140187
internal_weight=7864 1290 6574 539 6035 650 5385 1240 920 487 320
internal_count=7864 1290 6574 539 6035 650 5385 1240 920 487 320
is_linear=0
shrinkage=0.03


Tree=125
num_leaves=12
num_cat=0
split_feature=40 50 3 52 56 7 17 25 44 15 40
split_gain=0.531972 0.601038 0.401638 0.648626 0.325989 0.582845 0.491951 0.291695 0.547922 0.244089 0.152233
threshold=0.74210524559021007 122.50000000000001 18.804142951965336 38.605693817138679 1.5000000000000002 0.49650333821773535 789.28930664062511 927.69735717773449 1.0000000180025095e-35 17.608134269714359 0.27894736826419836
decision_type=2 2 2 2 2 2 2 2 2 2 2
left_child=2 7 4 10 6 -6 -1 9 -9 -2 -4
right_child=1 -3 3 -5 5 -7 -8 8 -10 -11 -12
leaf_value=-0.00035928323678265697 0.0055889346493306928 -0.0074306171558049944 0.017333224354959473 -0.01352576008780808 0.00012875253802255767 -0.010645185562870647 -0.0039989822931302422 -0.0030232452850721958 0.0017312072638073705 1.857293544126435e-05 0.17590195137915388
leaf_weight=3314 686 50 174 52 2611 52 58 174 230 150 313
leaf_count=3314 686 50 174 52 2611 52 58 174 230 150 313
internal_value=-1.06802e-05 0.000546088 -0.00012 0.000663889 -0.000190109 5.79955e-05 -0.000386006 0.000676874 1.48149e-05 0.000996416 0.00100512
internal_weight=7864 1290 6574 539 6035 2663 3372 1240 404 836 487
internal_count=7864 1290 6574 539 6035 2663 3372 1240 404 836 487
is_linear=0
shrinkage=0.03


Tree=126
num_leaves=12
num_cat=0
split_feature=40 50 50 59 3 52 56 25 44 42 14
split_gain=0.474625 0.59235 0.338965 0.558558 0.324398 0.639785 0.344472 0.270782 0.547922 0.253402 0.243193
threshold=0.74210524559021007 122.50000000000001 184.00000000000003 9.5000000000000018 18.804142951965336 38.605693817138679 1.5000000000000002 927.69735717773449 1.0000000180025095e-35 0.77259656786918651 1204.5000000000002
decision_type=2 2 2 2 2 2 2 2 2 2 2
left_child=2 7 4 9 6 -6 -1 10 -9 -4 -2
right_child=1 -3 3 -5 5 -7 -8 8 -10 -11 -12
leaf_value=-0.00035077568179180276 0.0002421844210476793 -0.0072076986411308457 -0.0025852001208171976 -0.0068776357335868493 0.14909878140146321 -0.013119987285173836 0.00013050448596088244 -0.0029325479265200319 0.0016792710458931493 0.004380968835273745 0.016650460337649858
leaf_weight=3352 249 50 32 31 470 52 2602 174 230 35 587
leaf_count=3352 249 50 32 31 470 52 2602 174 230 35 587
internal_value=-3.05145e-06 0.000522851 -0.000106312 -0.00184848 -7.96665e-05 0.000636711 -0.000142569 0.000652699 1.48149e-05 -0.000286765 0.000960574
internal_weight=7864 1290 6574 98 6476 522 5954 1240 404 67 836
internal_count=7864 1290 6574 98 6476 522 5954 1240 404 67 836
is_linear=0
shrinkage=0.03


Tree=127
num_leaves=10
num_cat=0
split_feature=17 40 50 43 52 15 53 40 49
split_gain=0.423837 0.471965 0.622628 0.342328 0.396145 0.297381 0.547055 0.471306 0.282232
threshold=789.28930664062511 0.74210524559021007 122.50000000000001 -0.41248606145381922 1.0000000180025095e-35 14.42046642303467 185.50000000000003 0.61578947305679332 71.139305114746108
decision_type=2 2 2 2 2 2 2 2 2
left_child=1 5 8 -2 -5 7 -7 -1 -3
right_child=3 2 -4 4 -6 6 -8 -9 -10
leaf_value=-8.8933862737833807e-05 0.002562916331998814 0.0018977142927552057 -0.0072709992910159017 -0.0096075440300158552 -0.00010565320685135535 0.016540330459454609 -0.0066273114631064554 -0.00095262540801061045 -0.00041988846613845904
leaf_weight=4904 40 1184 49 50 54 943 39 567 34
leaf_count=4904 40 1184 49 50 54 943 39 567 34
internal_value=-6.86582e-06 2.33131e-05 0.000552445 -0.00161379 -0.00251429 -8.06476e-05 0.000399797 -0.000166941 0.000686628
internal_weight=7864 7720 1267 144 104 6453 982 5471 1218
internal_count=7864 7720 1267 144 104 6453 982 5471 1218
is_linear=0
shrinkage=0.03


Tree=128
num_leaves=10
num_cat=0
split_feature=15 29 40 18 24 40 42 52 40
split_gain=0.693562 0.415221 0.517854 0.456779 0.409174 0.439384 0.256203 0.13973 0.0899551
threshold=35.729955673217781 480.22555541992193 0.96315789222717296 0.57291665673255932 599.31250000000011 0.74210524559021007 0.35206145048141485 0.71736109256744396 0.90000000596046459
decision_type=2 2 2 2 2 2 2 2 2
left_child=1 2 3 -1 5 -3 7 -2 -6
right_child=6 4 -4 -5 8 -7 -8 -9 -10
leaf_value=-0.00027803951669706783 0.0002373025902847062 -8.5606340936121911e-05 -0.0038249635870731703 -0.00059003767072909527 0.12198102538220815 0.0015547611939929974 -0.0037114403094269809 -0.0010995591611778028 0.04871568552625697
leaf_weight=923 31 5319 38 42 304 1087 57 31 32
leaf_count=923 31 5319 38 42 304 1087 57 31 32
internal_value=7.62913e-07 3.5825e-05 -0.000533366 -0.000395963 0.00012057 6.69581e-05 -0.0022625 -0.000904762 0.00113947
internal_weight=7864 7745 1003 965 6742 6406 119 62 336
internal_count=7864 7745 1003 965 6742 6406 119 62 336
is_linear=0
shrinkage=0.03


Tree=129
num_leaves=10
num_cat=0
split_feature=15 59 52 15 29 40 24 53 42
split_gain=0.420968 0.420234 0.498247 0.406915 0.326808 0.517854 0.319149 0.123956 0.0763763
threshold=35.729955673217781 2.5000000000000004 9.337222099304201 21.108660697937015 480.22555541992193 0.96315789222717296 616.98809814453136 160.50000000000003 0.52778512239456188
decision_type=2 2 2 2 2 2 2 2 2
left_child=3 2 -2 4 5 -1 -6 8 -5
right_child=1 -3 -4 7 6 -7 -8 -9 -10
leaf_value=-0.00033525616902324953 -0.0051742220174826681 0.00010457202907807879 0.00015611406428656677 0.08347691242597137 1.3426480661276338e-05 -0.0037102146794609778 0.13985269173240725 -0.0031519279611927106 0.0049383136903017226
leaf_weight=965 45 40 34 327 5967 38 240 39 169
leaf_count=965 45 40 34 327 5967 38 240 39 169
internal_value=7.62913e-07 -0.0017625 -0.00301875 2.8079e-05 -3.12023e-05 -0.000533366 5.00161e-05 0.00082556 0.000953722
internal_weight=7864 119 79 7745 7210 1003 6207 535 496
internal_count=7864 119 79 7745 7210 1003 6207 535 496
is_linear=0
shrinkage=0.03


Tree=130
num_leaves=11
num_cat=0
split_feature=17 40 29 40 18 24 40 55 40 52
split_gain=0.535471 0.414042 0.391835 0.517854 0.456779 0.424278 0.381405 0.326984 0.0899551 0.0664339
threshold=789.28930664062511 0.62631577253341686 480.22555541992193 0.96315789222717296 0.57291665673255932 599.31250000000011 0.74210524559021007 0.024861111305654052 0.90000000596046459 26.491110801696781
decision_type=2 2 2 2 2 2 2 2 2 2
left_child=2 7 3 4 -1 6 -4 -2 -7 -9
right_child=1 -3 5 -5 -6 8 -8 9 -10 -11
leaf_value=-0.00025964064612545821 -0.0044942870511786902 -0.0023901422822138348 -8.734203592312513e-05 -0.0035989082390771483 -0.00056227885553652491 0.11556359585927443 0.0015916392340796829 0.00566724639593292 0.043058634208497037 -0.0023201713565859632
leaf_weight=923 49 33 5296 38 42 304 1085 32 32 30
leaf_count=923 49 33 5296 38 42 304 1085 32 32 30
internal_value=-1.44946e-05 -0.00182069 1.94276e-05 -0.000533366 -0.000395963 0.000102039 4.72423e-05 -0.000924107 0.00113947 0.00052381
internal_weight=7864 144 7720 1003 965 6717 6381 111 336 62
internal_count=7864 144 7720 1003 965 6717 6381 111 336 62
is_linear=0
shrinkage=0.03


Tree=131
num_leaves=11
num_cat=0
split_feature=17 40 29 40 18 24 40 1 42 40
split_gain=0.419822 0.475846 0.386347 0.517854 0.456779 0.427939 0.348026 0.254903 0.140931 0.0899551
threshold=789.28930664062511 0.62631577253341686 480.22555541992193 0.96315789222717296 0.57291665673255932 599.31250000000011 0.74210524559021007 195.1905212402344 0.77259656786918651 0.90000000596046459
decision_type=2 2 2 2 2 2 2 2 2 2
left_child=2 7 3 4 -1 6 -4 8 -2 -7
right_child=1 -3 5 -5 -6 9 -8 -9 -10 -11
leaf_value=-0.00025185142674169448 0.0069622670253145953 -0.0023184380137474194 -8.4721774845431379e-05 -0.0034909409919048366 -0.00054541048987042902 0.1120966879834962 0.0015438900570572925 0.00065504012989212425 -0.0096408420792280826 0.04176687518224214
leaf_weight=923 30 33 5296 38 42 304 1085 51 30 32
leaf_count=923 30 33 5296 38 42 304 1085 51 30 32
internal_value=-1.44946e-05 -0.00161379 1.55421e-05 -0.000533366 -0.000395963 9.75737e-05 4.25416e-05 -0.00065625 -0.00196721 0.00113947
internal_weight=7864 144 7720 1003 965 6717 6381 111 60 336
internal_count=7864 144 7720 1003 965 6717 6381 111 60 336
is_linear=0
shrinkage=0.03


Tree=132
num_leaves=11
num_cat=0
split_feature=17 40 29 40 18 24 25 1 42 40
split_gain=0.421827 0.475846 0.391835 0.517854 0.456779 0.424278 0.314473 0.254903 0.140931 0.0899551
threshold=789.28930664062511 0.62631577253341686 480.22555541992193 0.96315789222717296 0.57291665673255932 599.31250000000011 850.39007568359386 195.1905212402344 0.77259656786918651 0.90000000596046459
decision_type=2 2 2 2 2 2 2 2 2 2
left_child=2 7 3 4 -1 6 -4 8 -2 -7
right_child=1 -3 5 -5 -6 9 -8 -9 -10 -11
leaf_value=-0.00024429588393944367 0.0067533990145551559 -0.0022488848733349968 0.0002050092138041586 -0.0033862127621476917 -0.00052904817517431598 0.10873378734399133 -0.00019212374837422581 0.00063538892599536055 -0.0093516168168512395 0.040513868926774901
leaf_weight=923 30 33 4276 38 42 304 2105 51 30 32
leaf_count=923 30 33 4276 38 42 304 2105 51 30 32
internal_value=-1.06802e-05 -0.00161379 1.94276e-05 -0.000533366 -0.000395963 0.000102039 4.72423e-05 -0.00065625 -0.00196721 0.00113947
internal_weight=7864 144 7720 1003 965 6717 6381 111 60 336
internal_count=7864 144 7720 1003 965 6717 6381 111 60 336
is_linear=0
shrinkage=0.03


Tree=133
num_leaves=13
num_cat=0
split_feature=18 24 43 40 11 1 50 59 36 56 40 42
split_gain=0.329229 0.515061 0.959246 0.340562 0.481955 0.414953 0.300449 0.662417 0.327929 0.298665 0.289442 0.351807
threshold=0.53125000000000011 290.19940185546881 0.72947329282760631 0.74210524559021007 4.5768055915832528 345.79135131835943 184.00000000000003 9.5000000000000018 501.50000000000006 1.5000000000000002 0.92105263471603405 0.52778512239456188
decision_type=2 2 2 2 2 2 2 2 2 2 2 2
left_child=3 10 9 6 5 -5 8 -8 -1 -3 11 -2
right_child=1 2 -4 4 -6 -7 7 -9 -10 -11 -12 -13
leaf_value=-0.00012053418481174563 0.00052956879600700099 -0.0015651855236299495 -0.0033974613687486948 0.0088392563956090856 -0.099687647642066043 -8.0826810070717945e-05 7.3804648978587002e-05 -0.0066951159021293571 0.0086077101352970108 0.0035835817503002835 -0.025378709208937481 -0.00025536297867663428
leaf_weight=5395 229 89 32 840 44 270 62 30 669 33 46 125
leaf_count=5395 229 89 32 840 44 270 62 30 669 33 46 125
internal_value=-1.44946e-05 -0.000718919 -0.0021871 3.89824e-05 0.000511688 0.000634563 -4.96995e-05 -0.00174194 -2.37427e-05 -0.000951219 -0.000149626 0.000143662
internal_weight=7864 554 154 7310 1154 1110 6156 92 6064 122 400 354
internal_count=7864 554 154 7310 1154 1110 6156 92 6064 122 400 354
is_linear=0
shrinkage=0.03


Tree=134
num_leaves=11
num_cat=0
split_feature=36 42 36 27 42 17 40 40 43 13
split_gain=0.440891 0.337112 0.33217 0.627399 0.645798 0.298862 0.541714 0.366764 0.262437 0.247263
threshold=2930.0000000000005 0.52778512239456188 501.50000000000006 47.779188156127937 -0.63405361771583546 789.28930664062511 0.62631577253341686 0.67894738912582409 -0.41248606145381922 1845.6218872070315
decision_type=2 2 2 2 2 2 2 2 2 2
left_child=2 8 5 4 -4 7 -7 -1 -2 -5
right_child=1 -3 3 9 -6 6 -8 -9 -10 -11
leaf_value=-0.00017921364648388832 -0.00038386125215702686 0.0016501944235932633 -0.013164973000273972 0.073227726850228742 0.00033347878073789334 -0.0013950173638740519 -0.0022853197821471028 0.0014356080445540906 -0.00022978150712543759 -0.0059788851767995253
leaf_weight=5412 30 55 33 568 147 111 33 1351 31 93
leaf_count=5412 30 55 33 568 147 111 33 1351 31 93
internal_value=-1.83089e-05 -0.00184615 9.29156e-06 0.000571853 -0.000994475 -5.92791e-05 -0.0014069 -3.03814e-05 -0.0033629 0.000999245
internal_weight=7864 116 7748 841 180 6907 144 6763 61 661
internal_count=7864 116 7748 841 180 6907 144 6763 61 661
is_linear=0
shrinkage=0.03


Tree=135
num_leaves=11
num_cat=0
split_feature=36 42 36 49 27 50 26 50 17 43
split_gain=0.444578 0.337112 0.32309 0.595163 0.531074 0.347184 0.321606 0.582369 0.276464 0.262437
threshold=2930.0000000000005 0.52778512239456188 501.50000000000006 0.013472222257405521 51.05096626281739 139.50000000000003 9995.0000000000018 7.5000000000000009 789.28930664062511 -0.41248606145381922
decision_type=2 2 2 2 2 2 2 2 2 2
left_child=2 9 6 4 -4 -5 8 -8 -1 -2
right_child=1 -3 3 5 -6 -7 7 -9 -10 -11
leaf_value=0.0001383515387370709 -0.00037234541459231594 0.0016006885908854654 -0.0083382794056377375 0.078705243982611806 0.008339392334155973 -0.0073158379453094015 -9.8704123335705956e-05 -0.0017015226708869558 -0.0021173470791615774 -0.00022288806191167446
leaf_weight=4557 30 55 99 621 86 35 1878 328 144 31
leaf_count=4557 30 55 99 621 86 35 1878 328 144 31
internal_value=-1.06802e-05 -0.00184615 1.70345e-05 0.000571853 -0.000927419 0.000995434 -5.05935e-05 -0.000349343 8.96427e-05 -0.0033629
internal_weight=7864 116 7748 841 185 656 6907 2206 4701 61
internal_count=7864 116 7748 841 185 656 6907 2206 4701 61
is_linear=0
shrinkage=0.03


Tree=136
num_leaves=11
num_cat=0
split_feature=36 42 36 1 40 26 50 17 43 13
split_gain=0.446428 0.337112 0.318597 0.555885 0.307498 0.301998 0.596052 0.276464 0.262437 0.256914
threshold=2930.0000000000005 0.52778512239456188 501.50000000000006 345.79135131835943 0.65789473056793224 9995.0000000000018 7.5000000000000009 789.28930664062511 -0.41248606145381922 1845.6218872070315
decision_type=2 2 2 2 2 2 2 2 2 2
left_child=2 8 5 9 -5 7 -7 -1 -2 -4
right_child=1 -3 3 4 -6 6 -8 -9 -10 -11
leaf_value=0.00013420099257495878 -0.00036117505215454651 0.0015526679331589015 0.13237710717896919 -0.00018359893684189216 -0.0083102517127914277 -9.5742999635634718e-05 -0.0016504769907603469 -0.0020538266667867308 -0.00021620142005432424 -0.0066122962893809751
leaf_weight=4557 30 55 535 155 58 1878 328 144 31 93
leaf_count=4557 30 55 535 155 58 1878 328 144 31 93
internal_value=-6.86582e-06 -0.00184615 2.0906e-05 0.000571853 -0.00075 -4.62507e-05 -0.00033575 8.96427e-05 -0.0033629 0.00102067
internal_weight=7864 116 7748 841 213 6907 2206 4701 61 628
internal_count=7864 116 7748 841 213 6907 2206 4701 61 628
is_linear=0
shrinkage=0.03


Tree=137
num_leaves=11
num_cat=0
split_feature=36 42 36 1 40 40 50 24 43 13
split_gain=0.444578 0.337112 0.32309 0.555885 0.307498 0.302034 0.469587 0.379547 0.262437 0.256914
threshold=2930.0000000000005 0.52778512239456188 501.50000000000006 345.79135131835943 0.65789473056793224 0.74210524559021007 122.50000000000001 388.34672546386724 -0.41248606145381922 1845.6218872070315
decision_type=2 2 2 2 2 2 2 2 2 2
left_child=2 8 5 9 -5 7 -7 -1 -2 -4
right_child=1 -3 3 4 -6 6 -8 -9 -10 -11
leaf_value=-4.127910857244423e-05 -0.00035033980058991003 0.0015060878951641348 0.12840579396360016 -0.00017809096873663539 -0.0080609441614076811 0.001433685146477282 -0.0058361487478104648 -0.0013411345129291225 -0.00020971537745269453 -0.0064139274006995419
leaf_weight=5045 30 55 535 155 58 1032 43 787 31 93
leaf_count=5045 30 55 535 155 58 1032 43 787 31 93
internal_value=-1.06802e-05 -0.00184615 1.70345e-05 0.000571853 -0.00075 -5.05935e-05 0.000411245 -0.000135779 -0.0033629 0.00102067
internal_weight=7864 116 7748 841 213 6907 1075 5832 61 628
internal_count=7864 116 7748 841 213 6907 1075 5832 61 628
is_linear=0
shrinkage=0.03


Tree=138
num_leaves=11
num_cat=0
split_feature=36 42 0 24 53 10 49 53 43 40
split_gain=0.446428 0.337112 0.32366 0.544407 0.465845 0.369269 0.749119 0.459144 0.262437 0.0989002
threshold=2930.0000000000005 0.52778512239456188 326.37500000000006 450.29464721679693 3.5000000000000004 0.36117967963218695 166.78194427490237 42.500000000000007 -0.41248606145381922 0.93157893419265758
decision_type=2 2 2 2 2 2 2 2 2 2
left_child=2 8 5 4 -4 6 -1 -7 -2 -5
right_child=1 -3 3 9 -6 7 -8 -9 -10 -11
leaf_value=-0.00055875024553098086 -0.00033982960657221286 0.0014609052583092108 0.0011295429781361869 0.03684213873684751 -0.00078495283871166674 0.00016669976181028038 -0.0018023493460098945 -0.0017636829642341 -0.00020342391612911351 -0.0031402659833252456
leaf_weight=1496 30 55 1419 425 670 3147 63 496 31 32
leaf_count=1496 30 55 1419 425 670 3147 63 496 31 32
internal_value=-6.86582e-06 -0.00184615 2.0906e-05 0.000297998 9.25838e-05 -0.000114741 -0.000500961 5.06312e-05 -0.0033629 0.00123472
internal_weight=7864 116 7748 2546 2089 5202 1559 3643 61 457
internal_count=7864 116 7748 2546 2089 5202 1559 3643 61 457
is_linear=0
shrinkage=0.03


Tree=139
num_leaves=14
num_cat=0
split_feature=28 24 24 27 47 58 49 24 43 55 42 40 43
split_gain=0.41195 0.623228 0.459256 0.417958 0.296208 0.276959 0.257476 0.25307 0.438295 0.250621 0.131308 0.0899551 0.0437676
threshold=43.227272033691413 394.97172546386724 599.31250000000011 3.09324061870575 1.0000000180025095e-35 793.11471557617199 166.78194427490237 173.91666412353518 0.84874749183654796 1.8755555748939516 0.63405361771583568 0.90000000596046459 -0.77259656786918629
decision_type=2 2 2 2 2 2 2 2 2 2 2 2 2
left_child=1 7 5 10 -5 6 -2 9 -9 -1 -3 12 -4
right_child=2 3 11 4 -6 -7 -8 8 -10 -11 -12 -13 -14
leaf_value=0.0015825759216903325 4.6700510911891471e-05 0.00022818949951797861 0.039584438796282727 -0.0015197771005936809 -0.0011343011324642625 -0.00091929119010054038 -0.00051930557592947107 0.0014441183306734752 -0.00074303750874135112 -0.00061570460892534224 -0.0010611611720001775 0.028211120116650737 0.10970938069729698
leaf_weight=85 6251 52 69 90 111 59 247 404 98 89 42 32 235
leaf_count=85 6251 52 69 90 111 59 247 404 98 89 42 32 235
internal_value=-2.21233e-05 -0.000600309 5.93995e-05 -0.00174831 -0.00251733 3.88842e-06 2.26189e-05 -9.74889e-05 0.000244533 -0.00108 -9.47368e-05 0.00113947 0.00129836
internal_weight=7864 971 6893 295 201 6557 6498 676 502 174 94 336 304
internal_count=7864 971 6893 295 201 6557 6498 676 502 174 94 336 304
is_linear=0
shrinkage=0.03


Tree=140
num_leaves=15
num_cat=0
split_feature=25 42 21 53 35 0 1 33 50 58 40 42 30 56
split_gain=0.391177 0.939737 0.619823 0.604829 0.58816 0.33951 0.442726 0.379767 0.482538 0.379226 0.156867 0.0656628 0.0555086 0.0426258
threshold=1567.7875976562502 0.58216583728790294 5.1015942096710214 3.5000000000000004 166.3434753417969 547.00000000000011 348.13084411621099 59.155794143676765 125.50000000000001 793.11471557617199 0.11052631586790086 -0.2901292592287063 0.8229166865348817 57.500000000000007
decision_type=2 2 2 2 2 2 2 2 2 2 2 2 2 2
left_child=5 2 12 4 -3 7 13 9 -9 -1 -8 -4 -2 -7
right_child=1 3 11 -5 -6 6 10 8 -10 -11 -12 -13 -14 -15
leaf_value=-0.00018717609348797975 0.012899184225471722 -0.00099684258381150257 -0.0004293389068691647 -0.0049471952901527262 0.00026366118716334417 0.12884185097529158 -0.0025346714868896441 0.0017826260047050764 -0.0016527260623515239 -0.0010348976340320115 0.00029790392511412763 -0.00023632886809926826 0.0026833961817940713 0.026394178980272166
leaf_weight=4618 156 48 31 46 71 310 109 1592 105 48 584 30 42 74
leaf_count=4618 156 48 31 46 71 310 109 1592 105 48 584 30 42 74
internal_value=-1.83089e-05 -0.000903529 0.000225 -0.00266566 -0.0015125 3.22538e-05 0.000524583 -5.1147e-05 0.000333039 -0.000190915 7.13257e-05 -0.00239516 0.0010402 0.00134026
internal_weight=7864 424 259 165 119 7440 1077 6363 1697 4666 693 61 198 384
internal_count=7864 424 259 165 119 7440 1077 6363 1697 4666 693 61 198 384
is_linear=0
shrinkage=0.03


Tree=141
num_leaves=14
num_cat=0
split_feature=25 42 9 21 50 24 28 40 16 42 58 0 30
split_gain=0.45605 1.03947 0.7185 0.495876 0.476546 0.324656 0.859426 0.503928 0.286592 0.532213 0.29996 0.116904 0.0585971
threshold=1567.7875976562502 0.52778512239456188 0.17255787551403048 5.1015942096710214 1.5000000000000002 411.58334350585943 49.094839096069343 0.65789473056793224 111.37792587280275 -0.41248606145381922 793.11471557617199 493.50000000000006 0.8229166865348817
decision_type=2 2 2 2 2 2 2 2 2 2 2 2 2
left_child=5 3 -3 12 -4 8 7 -7 10 -10 -1 -8 -2
right_child=1 2 4 -5 -6 6 11 -9 9 -11 -12 -13 -14
leaf_value=8.3073368684792872e-06 0.014412209215281191 -0.0023232248271684887 0.00039839398221770607 -0.00032302663563558222 -0.0052339884361441895 -0.0074007433630177465 0.047259429029491942 0.044123260264176782 -0.0019166920906950932 -0.00027309479262211409 -0.00088669919440101592 0.11996870786587754 0.0023105603986966119
leaf_weight=6388 150 32 65 57 80 144 132 49 42 148 57 480 40
leaf_count=6388 150 32 65 57 80 144 132 49 42 148 57 480 40
internal_value=-1.83089e-05 -0.000974118 -0.00272191 0.000284274 -0.00179795 3.62855e-05 0.000604839 -0.0011366 -3.27757e-05 -0.00117801 1.16355e-06 0.00115498 0.00102094
internal_weight=7864 424 177 247 145 7440 805 193 6635 190 6445 612 190
internal_count=7864 424 177 247 145 7440 805 193 6635 190 6445 612 190
is_linear=0
shrinkage=0.03


Tree=142
num_leaves=14
num_cat=0
split_feature=28 24 9 24 40 49 52 24 43 55 30 40 43
split_gain=0.41195 0.623228 0.395038 0.38667 0.283033 0.310001 0.266636 0.25307 0.438295 0.250621 0.106949 0.0796734 0.0999034
threshold=43.227272033691413 394.97172546386724 0.17255787551403048 599.31250000000011 0.026315789669752124 43.855278015136726 20.071805953979496 173.91666412353518 0.84874749183654796 1.8755555748939516 0.71577382087707531 0.90000000596046459 -0.77259656786918629
decision_type=2 2 2 2 2 2 2 2 2 2 2 2 2
left_child=1 7 -3 4 10 -6 -4 9 -9 -1 -2 12 -5
right_child=3 2 6 11 5 -7 -8 8 -10 -11 -12 -13 -14
leaf_value=0.0014813706437924162 1.0470798674985903e-06 -0.00092203839204242014 -0.00038753513361006019 0.033353448844646964 3.9410114911452536e-05 -0.00042890109090084559 -0.0016078601588805572 0.0014061608434518559 -0.00067613702736454449 -0.00059186740795899703 0.0073257170884772401 0.022623936737850573 0.099087487578464528
leaf_weight=85 60 46 207 69 5751 591 42 404 98 89 155 32 235
leaf_count=85 60 46 207 69 5751 591 42 404 98 89 155 32 235
internal_value=-2.21233e-05 -0.000600309 -0.00174831 5.93995e-05 8.46299e-06 -2.79047e-05 -0.001266 -9.74889e-05 0.000244533 -0.00108 0.00107639 0.00105045 0.0012
internal_weight=7864 971 295 6893 6557 6342 249 676 502 174 215 336 304
internal_count=7864 971 295 6893 6557 6342 249 676 502 174 215 336 304
is_linear=0
shrinkage=0.03


Tree=143
num_leaves=11
num_cat=0
split_feature=26 43 6 0 40 33 36 58 17 52
split_gain=0.589945 0.522406 0.670524 0.295563 0.491384 1.30296 0.505622 0.379824 0.376074 0.121466
threshold=20239.500000000004 0.84874749183654796 0.12500000372529033 493.50000000000006 0.12105263024568559 60.815885543823249 10.500000000000002 793.11471557617199 789.28930664062511 0.87888887524604808
decision_type=2 2 2 2 2 2 2 2 2 2
left_child=3 2 -2 7 5 -5 -6 8 -1 -4
right_child=1 -3 9 4 6 -7 -8 -9 -10 -11
leaf_value=-9.4766353385403453e-06 -0.00076698700763899621 0.0094171400094207047 -0.00024315359872624355 0.0008166253531089921 -0.00043752229249534248 -0.044087750231186655 0.016276521368046321 -0.00095239836360191184 -0.0035772995348670191 0.00012180209709433582
leaf_weight=6191 54 39 50 164 233 49 867 50 109 58
leaf_count=6191 54 39 50 164 233 49 867 50 109 58
internal_value=-2.59377e-05 -0.00162624 -0.00237423 1.62448e-05 0.000425799 -0.000890187 0.000681199 -6.84931e-05 -4.76115e-05 -0.000990826
internal_weight=7864 201 162 7663 1313 213 1100 6350 6300 108
internal_count=7864 201 162 7663 1313 213 1100 6350 6300 108
is_linear=0
shrinkage=0.03


Tree=144
num_leaves=13
num_cat=0
split_feature=26 42 6 12 13 53 33 50 16 40 55 25
split_gain=0.398172 0.684682 0.598222 0.391688 0.32408 0.400427 0.323238 0.421246 0.339572 0.232095 0.0281479 0.0175973
threshold=20239.500000000004 0.35206145048141485 0.12500000372529033 532.95834350585949 473.88143920898443 106.50000000000001 59.155794143676765 174.50000000000003 71.133205413818374 0.29999999701976782 55.048334121704109 1567.7875976562502
decision_type=2 2 2 2 2 2 2 2 2 2 2 2
left_child=3 11 -3 6 10 -6 8 -8 -1 -4 -5 -2
right_child=1 2 9 4 5 -7 7 -9 -10 -11 -12 -13
leaf_value=-0.00016544673989184587 0.00018985748210629714 -0.00076926056962798315 0.00029887636117465816 0.11929503868847956 0.00046411536830009254 -0.082548448166093941 0.0010397826702961521 -0.0032608071511046823 -0.0016077891891167664 -0.00097745362014517033 0.17648398580970856 0.00080465842860175075
leaf_weight=4450 30 42 58 257 896 33 1770 32 194 31 31 40
leaf_count=4450 30 42 58 257 896 33 1770 32 194 31 31 40
internal_value=-1.44946e-05 -0.00132921 -0.00260227 2.01592e-05 0.000513547 0.000240323 -7.30572e-05 0.000267887 -0.000205382 -0.00118333 0.001391 0.00105634
internal_weight=7864 201 131 7663 1217 929 6446 1802 4644 89 288 70
internal_count=7864 201 131 7663 1217 929 6446 1802 4644 89 288 70
is_linear=0
shrinkage=0.03


Tree=145
num_leaves=13
num_cat=0
split_feature=26 6 12 13 53 42 33 50 53 43 47 55
split_gain=0.495785 0.518766 0.379357 0.32408 0.400427 0.310255 0.305835 0.421246 0.325202 0.152623 0.164922 0.0281479
threshold=20239.500000000004 0.12500000372529033 532.95834350585949 473.88143920898443 106.50000000000001 0.52778512239456188 59.155794143676765 174.50000000000003 61.500000000000007 -0.72947329282760609 1.0000000180025095e-35 55.048334121704109
decision_type=2 2 2 2 2 2 2 2 2 2 2 2
left_child=2 5 6 11 -5 -2 8 -8 -1 -3 -11 -4
right_child=1 9 3 4 -6 -7 7 -9 -10 10 -12 -13
leaf_value=-0.00010135688293700074 -1.1023309654110529e-05 -0.00045920010186129121 0.11571618752782513 0.00045019190725109084 -0.080071994721111109 -0.00075828969479692669 0.0010085891901872675 -0.0031629829365715421 -0.0025469326562335515 -0.00057454339755046494 0.0074538001672686876 0.17118946623541736
leaf_weight=4280 32 33 257 896 33 39 1770 32 364 48 49 31
leaf_count=4280 32 33 257 896 33 39 1770 32 364 48 49 31
internal_value=-1.06802e-05 -0.00147772 2.7988e-05 0.000513547 0.000240323 -0.00352083 -6.37505e-05 0.000267887 -0.000192465 -0.000343511 0.000260204 0.001391
internal_weight=7864 201 7663 1217 929 71 6446 1802 4644 130 97 288
internal_count=7864 201 7663 1217 929 71 6446 1802 4644 130 97 288
is_linear=0
shrinkage=0.03


Tree=146
num_leaves=10
num_cat=0
split_feature=26 43 6 17 40 58 40 50 52
split_gain=0.59276 0.522406 0.670524 0.334426 0.541714 0.300447 0.289206 0.28613 0.121466
threshold=20239.500000000004 0.84874749183654796 0.12500000372529033 789.28930664062511 0.62631577253341686 793.11471557617199 0.23684210330247882 184.00000000000003 0.87888887524604808
decision_type=2 2 2 2 2 2 2 2 2
left_child=3 2 -2 5 6 7 -5 -1 -4
right_child=1 -3 8 4 -6 -7 -8 -9 -10
leaf_value=6.4479634079278155e-05 -0.00069815088947707883 0.00892586614142994 -0.00021735280286174318 -0.0058361932913401603 -0.001872197570728343 -0.00081168762791118015 0.0056820328803357731 -0.001732238302731821 0.00012625677264089155
leaf_weight=7349 54 39 50 50 33 58 61 112 58
leaf_count=7349 54 39 50 50 33 58 61 112 58
internal_value=-2.21233e-05 -0.00162624 -0.00237423 2.01592e-05 -0.0014069 4.76729e-05 -0.000388393 6.4527e-05 -0.000990826
internal_weight=7864 201 162 7663 144 7519 111 7461 108
internal_count=7864 201 162 7663 144 7519 111 7461 108
is_linear=0
shrinkage=0.03


Tree=147
num_leaves=11
num_cat=0
split_feature=26 42 6 17 40 58 40 50 40 25
split_gain=0.398172 0.684682 0.598222 0.334426 0.541714 0.300447 0.289206 0.28613 0.232095 0.0175973
threshold=20239.500000000004 0.35206145048141485 0.12500000372529033 789.28930664062511 0.62631577253341686 793.11471557617199 0.23684210330247882 184.00000000000003 0.29999999701976782 1567.7875976562502
decision_type=2 2 2 2 2 2 2 2 2 2
left_child=3 9 -3 5 6 7 -5 -1 -4 -2
right_child=1 2 8 4 -6 -7 -8 -9 -10 -11
leaf_value=6.2545245056899772e-05 0.00019981961529278564 -0.00070248953501092319 0.00010894418522039153 -0.0056611074925999542 -0.0018160316436064926 -0.00078733699907384473 0.0055115718939257007 -0.0016802711536498781 -0.00092783342439912422 0.00080179390171763402
leaf_weight=7349 30 42 58 50 33 58 61 112 31 40
leaf_count=7349 30 42 58 50 33 58 61 112 31 40
internal_value=-1.44946e-05 -0.00132921 -0.00260227 2.01592e-05 -0.0014069 4.76729e-05 -0.000388393 6.4527e-05 -0.00118333 0.00105634
internal_weight=7864 201 131 7663 144 7519 111 7461 89 70
internal_count=7864 201 131 7663 144 7519 111 7461 89 70
is_linear=0
shrinkage=0.03


Tree=148
num_leaves=12
num_cat=0
split_feature=26 43 6 12 17 43 40 33 27 53 52
split_gain=0.59276 0.522406 0.670524 0.317378 0.434569 0.714685 0.31815 0.305835 0.349616 0.325202 0.121466
threshold=20239.500000000004 0.84874749183654796 0.12500000372529033 532.95834350585949 103.5670852661133 -0.16280825436115262 0.12105263024568559 59.155794143676765 14.992384910583498 61.500000000000007 0.87888887524604808
decision_type=2 2 2 2 2 2 2 2 2 2 2
left_child=3 2 -2 7 6 -6 -5 9 -9 -1 -4
right_child=1 -3 10 4 5 -7 -8 8 -10 -11 -12
leaf_value=-0.0001000248316369831 -0.00065613167674243857 0.0086502896463802794 -0.00020160348996378812 -0.0073596224135984364 -0.0063158918640928985 0.0065389443832654937 0.038331763507187366 -0.00045658382779303967 0.0017537296494510256 -0.0023840773260836159 0.00011688342032242752
leaf_weight=4280 54 39 50 146 103 128 840 723 1079 364 58
leaf_count=4280 54 39 50 146 103 128 840 723 1079 364 58
internal_value=-2.21233e-05 -0.00162624 -0.00237423 2.01592e-05 0.000464286 -0.000704741 0.000738602 -6.37505e-05 0.000267887 -0.000192465 -0.000990826
internal_weight=7864 201 162 7663 1217 231 986 6446 1802 4644 108
internal_count=7864 201 162 7663 1217 231 986 6446 1802 4644 108
is_linear=0
shrinkage=0.03


Tree=149
num_leaves=12
num_cat=0
split_feature=29 35 43 15 56 24 40 19 3 40 43
split_gain=0.428157 0.457854 0.434878 1.20393 0.425723 0.378402 0.267004 0.319889 0.304164 0.0796734 0.0999034
threshold=480.22555541992193 163.93389129638675 0.95642796158790599 2.2405409812927251 60.500000000000007 599.31250000000011 0.74210524559021007 0.48657593131065374 18.804142951965336 0.90000000596046459 -0.77259656786918629
decision_type=2 2 2 2 2 2 2 2 2 2 2
left_child=1 -1 4 -4 -3 6 8 -8 -2 10 -7
right_child=5 2 3 -5 -6 9 7 -9 -10 -11 -12
leaf_value=-0.0006803386230567948 -0.00018788832178001988 2.7288261108723883e-05 0.0057603557119684373 -0.0015410166804087765 -0.0015979072902281006 0.026665044684078546 0.0017738463179807539 -0.00049707783188963895 0.053756458856143795 0.0188407107757327 0.089764075064322643
leaf_weight=57 4878 729 60 43 114 69 851 257 539 32 235
leaf_count=57 4878 729 60 43 114 69 851 257 539 32 235
internal_value=-1.44946e-05 -0.000593127 -0.000434002 -0.00226442 -0.000207938 7.01691e-05 1.95373e-05 0.000443643 -6.72757e-05 0.00105045 0.0012
internal_weight=7864 1003 946 103 843 6861 6525 1108 5417 336 304
internal_count=7864 1003 946 103 843 6861 6525 1108 5417 336 304
is_linear=0
shrinkage=0.03


Tree=150
num_leaves=13
num_cat=0
split_feature=28 24 24 18 53 50 53 52 52 53 40 43
split_gain=0.348389 0.379908 0.31116 0.366849 0.260509 0.580119 0.3065 0.243331 0.235726 0.429276 0.0796734 0.0999034
threshold=43.227272033691413 599.31250000000011 446.67411804199224 0.55208334326744091 151.50000000000003 17.500000000000004 127.50000000000001 1.3841666579246523 20.071805953979496 4.5000000000000009 0.90000000596046459 -0.77259656786918629
decision_type=2 2 2 2 2 2 2 2 2 2 2 2
left_child=2 4 3 7 6 -6 -2 -1 9 -4 11 -3
right_child=1 10 8 -5 5 -7 -8 -9 -10 -11 -12 -13
leaf_value=-0.00035407272090663043 1.3782891354374025e-05 0.025865093343556168 -0.0014361556921718103 -0.0002825104247753479 -0.00030292731479280904 -0.024552127948275469 0.0059065209306115706 0.0018944432221327553 -0.0019775948537960964 0.00095145798894229064 0.018275489452460672 0.087071152812392943
leaf_weight=483 6212 69 37 58 181 34 130 286 55 52 32 235
leaf_count=483 6212 69 37 58 181 34 130 286 55 52 32 235
internal_value=-6.86582e-06 6.81027e-05 -0.00053858 -0.000313406 1.76121e-05 -0.00100694 5.24989e-05 -0.000138312 -0.00182069 -0.00085 0.00105045 0.0012
internal_weight=7864 6893 971 827 6557 215 6342 769 144 89 336 304
internal_count=7864 6893 971 827 6557 215 6342 769 144 89 336 304
is_linear=0
shrinkage=0.03


Tree=151
num_leaves=14
num_cat=0
split_feature=28 24 24 43 9 9 52 24 17 40 40 40 43
split_gain=0.390009 0.37655 0.36187 0.326777 0.451635 0.297665 0.330013 0.292348 0.246097 0.611646 0.31542 0.0796734 0.0999034
threshold=43.227272033691413 599.31250000000011 394.97172546386724 0.95642796158790599 0.14693287014961245 0.17255787551403048 20.071805953979496 173.91666412353518 789.28930664062511 0.62631577253341686 0.74210524559021007 0.90000000596046459 -0.77259656786918629
decision_type=2 2 2 2 2 2 2 2 2 2 2 2 2
left_child=2 8 3 7 -5 -4 -7 -1 10 -10 -2 12 -3
right_child=1 11 5 4 -6 6 -8 -9 9 -11 -12 -13 -14
leaf_value=-0.00039103763894269867 -4.0974993844433865e-05 0.025089140543249507 -0.00070034312962545834 -0.0010850045613985614 0.0039872977568432486 -0.00018624539708067875 -0.0013588423487171267 0.00060836775344522891 -0.00065290089106229111 -0.0017768676007104062 0.0012831413937050647 0.017727224768886874 0.08445901822802114
leaf_weight=150 5318 69 46 34 42 207 42 450 111 33 1095 32 235
leaf_count=150 5318 69 46 34 42 207 42 450 111 33 1095 32 235
internal_value=-6.86582e-06 7.24543e-05 -0.000569444 -0.000186115 -0.00202597 -0.00144426 -0.001026 4.99168e-05 2.21867e-05 -0.0012 4.98129e-05 0.00105045 0.0012
internal_weight=7864 6893 971 676 76 295 249 600 6557 144 6413 336 304
internal_count=7864 6893 971 676 76 295 249 600 6557 144 6413 336 304
is_linear=0
shrinkage=0.03


Tree=152
num_leaves=13
num_cat=0
split_feature=29 24 49 42 24 40 18 33 10 52 50 50
split_gain=0.379745 0.402116 0.377287 0.459695 0.318964 0.291037 0.295959 0.251438 0.247751 0.113703 0.20994 0.0281113
threshold=480.22555541992193 446.67411804199224 2.0183333158493046 0.2269546836614609 599.31250000000011 0.96315789222717296 0.55208334326744091 68.641983032226577 0.36117967963218695 23.326527595520023 46.500000000000007 81.500000000000014
decision_type=2 2 2 2 2 2 2 2 2 2 2 2
left_child=1 5 -3 -4 7 6 -1 8 -2 11 -11 -6
right_child=4 2 3 -5 9 -7 -8 -9 -10 10 -12 -13
leaf_value=-3.9668843153072846e-05 -0.0004762243614874774 -0.0044324016678740129 -0.0012976780600160761 0.0010656140046750237 0.093127328527345704 -0.00099605520670834925 -0.00039621718954809194 0.26009204728269647 7.4626557081892972e-05 -0.02777059441007677 0.11688007965072934 0.056809282874388557
leaf_weight=784 2151 39 33 61 191 32 54 102 4272 58 57 30
leaf_count=784 2151 39 33 61 191 32 54 102 4272 58 57 30
internal_value=-1.83089e-05 -0.000563247 -0.00209328 -0.00104211 6.14253e-05 -0.00032721 -0.000218117 1.49403e-05 -8.63944e-06 0.000961424 0.000193966 0.00135811
internal_weight=7864 1003 133 94 6861 870 838 6525 6423 336 115 221
internal_count=7864 1003 133 94 6861 870 838 6525 6423 336 115 221
is_linear=0
shrinkage=0.03


Tree=153
num_leaves=12
num_cat=0
split_feature=29 24 24 49 42 40 33 21 17 40 43
split_gain=0.344285 0.418004 0.385183 0.377287 0.459695 0.298354 0.253013 0.249206 0.232121 0.0796734 0.0999034
threshold=480.22555541992193 446.67411804199224 599.31250000000011 2.0183333158493046 0.2269546836614609 0.96315789222717296 68.641983032226577 7.6813681125640878 789.28930664062511 0.90000000596046459 -0.77259656786918629
decision_type=2 2 2 2 2 2 2 2 2 2 2
left_child=1 5 6 -3 -5 7 8 -1 -2 10 -4
right_child=2 3 9 4 -6 -7 -8 -9 -10 -11 -12
leaf_value=-2.9058835646724922e-05 1.3958892128074872e-05 -0.0042994296178377909 0.021257613421548797 -0.0012587477182155939 0.0010336455845347732 -0.00096617355050709853 0.25228928586421556 -0.00057408031769557669 -0.0015153167200561003 0.015641789635890212 0.081670284839379353
leaf_weight=791 6279 39 69 33 61 32 102 47 144 32 235
leaf_count=791 6279 39 69 33 61 32 102 47 144 32 235
internal_value=-1.44946e-05 -0.000533366 6.14253e-05 -0.00209328 -0.00104211 -0.000292767 1.03433e-05 -0.00018236 -1.33094e-05 0.00105045 0.0012
internal_weight=7864 1003 6861 133 94 870 6525 838 6423 336 304
internal_count=7864 1003 6861 133 94 870 6525 838 6423 336 304
is_linear=0
shrinkage=0.03


Tree=154
num_leaves=15
num_cat=0
split_feature=28 24 24 47 43 52 24 52 25 49 11 43 52 50
split_gain=0.338465 0.352192 0.320325 0.314273 0.396162 0.313855 0.274543 0.252807 0.24486 0.509 0.332809 0.230045 0.113703 0.20994
threshold=43.227272033691413 398.25447082519537 599.31250000000011 1.0000000180025095e-35 -0.16280825436115262 19.623610496521 173.91666412353518 0.71736109256744396 852.02047729492199 116.05777740478517 3.5998610258102421 1.0000000180025095e-35 23.326527595520023 46.500000000000007
decision_type=2 2 2 2 2 2 2 2 2 2 2 2 2 2
left_child=1 6 8 4 -3 -5 11 -8 10 -10 -2 -1 -4 -14
right_child=2 3 12 5 -6 -7 7 -9 9 -11 -12 -13 13 -15
leaf_value=0.0036900138686695744 -1.0983212564153031e-05 -0.002494055653022696 0.086194816682630265 0.00013763834289100507 -0.00050889865185970557 -0.00097103117255782406 -0.00048826330967878631 0.012004034250127724 -0.0002570828730142631 -0.00085494625254201484 0.00051504034888425539 -0.00065014924633867628 -0.027549933780540384 0.11237347290567233
leaf_weight=78 3360 54 221 99 51 32 375 186 1928 80 1189 96 58 57
leaf_count=78 3360 54 221 99 51 32 375 186 1928 80 1189 96 58 57
internal_value=-1.44946e-05 -0.00053858 5.93995e-05 -0.0015443 -0.00275943 -0.000556818 -0.000213995 0.000109431 1.30376e-05 -0.000262817 0.000134835 -0.00125143 0.000961424 0.000193966
internal_weight=7864 971 6893 236 105 131 735 561 6557 2008 4549 174 336 115
internal_count=7864 971 6893 236 105 131 735 561 6557 2008 4549 174 336 115
is_linear=0
shrinkage=0.03


Tree=155
num_leaves=14
num_cat=0
split_feature=28 24 24 12 40 17 40 25 52 53 52 50 50
split_gain=0.406533 0.323423 0.281853 0.257763 0.244524 0.240602 0.611646 0.290241 0.235726 0.429276 0.113703 0.20994 0.0281113
threshold=43.227272033691413 599.31250000000011 446.67411804199224 712.01040649414074 0.16315789520740512 789.28930664062511 0.62631577253341686 850.39007568359386 20.071805953979496 4.5000000000000009 23.326527595520023 46.500000000000007 81.500000000000014
decision_type=2 2 2 2 2 2 2 2 2 2 2 2 2
left_child=2 5 3 4 -1 7 -7 -2 9 -4 12 -12 -3
right_child=1 10 8 -5 -6 6 -8 -9 -10 -11 11 -13 -14
leaf_value=-0.00057796659097102989 0.00021539608830636086 0.085297555625865024 -0.0010502796457470464 0.032605639347673153 -0.00014681796589470532 -0.00057323813550719 -0.0016634858438658621 -0.00028993025054030577 -0.0017876168032255433 0.00094068997444603849 -0.026723435767124146 0.10900226871850212 0.050069051342496521
leaf_weight=205 4347 191 37 61 561 111 33 2066 55 52 58 57 30
leaf_count=205 4347 191 37 61 561 111 33 2066 55 52 58 57 30
internal_value=-2.59377e-05 5.50479e-05 -0.000600309 -0.00038587 -0.000535854 8.46299e-06 -0.0012 3.57811e-05 -0.00182069 -0.00085 0.000961424 0.000193966 0.00135811
internal_weight=7864 6893 971 827 766 6557 144 6413 144 89 336 115 221
internal_count=7864 6893 971 827 766 6557 144 6413 144 89 336 115 221
is_linear=0
shrinkage=0.03


Tree=156
num_leaves=14
num_cat=0
split_feature=28 24 24 43 28 52 53 17 53 52 50 33 50
split_gain=0.395806 0.329664 0.281853 0.26588 0.238738 0.235726 0.429276 0.228413 0.194216 0.113703 0.20994 0.0880149 0.0281113
threshold=43.227272033691413 599.31250000000011 446.67411804199224 -0.88144907355308522 44.981086730957038 20.071805953979496 4.5000000000000009 789.28930664062511 27.500000000000004 23.326527595520023 46.500000000000007 63.288686752319343 81.500000000000014
decision_type=2 2 2 2 2 2 2 2 2 2 2 2 2
left_child=2 4 3 11 -2 6 -4 -6 -5 12 -11 -1 -3
right_child=1 9 5 8 7 -7 -8 -9 -10 10 -12 -13 -14
leaf_value=0.001364146847573343 0.24234112249569664 0.082738628957089097 -0.0010187712563746352 -0.00039309149178920016 2.8897627084765734e-06 -0.001733988299128777 0.00091246927521265752 -0.0014196231467615169 0.017073777103013159 -0.025921732694110418 0.10573220065694706 0.0094446960030887019 0.048566979802221612
leaf_weight=81 95 191 37 676 6318 55 52 144 38 58 57 32 30
leaf_count=81 95 191 37 676 6318 55 52 144 38 58 57 32 30
internal_value=-3.35664e-05 4.63447e-05 -0.000600309 -0.00038587 -6.86146e-07 -0.00182069 -0.00085 -2.27448e-05 -0.0006 0.000961424 0.000193966 0.000960526 0.00135811
internal_weight=7864 6893 971 827 6557 144 89 6462 714 336 115 113 221
internal_count=7864 6893 971 827 6557 144 89 6462 714 336 115 113 221
is_linear=0
shrinkage=0.03


Tree=157
num_leaves=14
num_cat=0
split_feature=28 24 24 43 55 18 43 22 52 28 17 40 43
split_gain=0.523378 0.393491 0.343736 0.329377 0.536453 0.359825 0.277469 0.523455 0.31998 0.238738 0.228413 0.0796734 0.0999034
threshold=43.227272033691413 599.31250000000011 394.97172546386724 0.2269546836614609 15.934444427490236 0.48958332836627966 -0.16280825436115262 8.4663715362548846 1.8320832848548891 44.981086730957038 789.28930664062511 0.90000000596046459 -0.77259656786918629
decision_type=2 2 2 2 2 2 2 2 2 2 2 2 2
left_child=2 9 3 5 -5 -1 7 -4 -8 -2 -11 12 -3
right_child=1 11 6 4 -6 -7 8 -9 -10 10 -12 -13 -14
leaf_value=0.005431666295510373 0.23507088882082572 0.012118431577981346 -0.0008865562412716494 -0.00038698376408669781 -0.00081192467564515126 -0.00076299604999144647 0.00026818260630519729 -0.00028048470051100836 -0.00075349908159428865 2.8030698272223172e-06 -0.0013770344523586714 0.010857888497217036 0.072627176092196474
leaf_weight=320 95 69 110 272 34 50 62 32 91 6318 144 32 235
leaf_count=320 95 69 110 272 34 50 62 32 91 6318 144 32 235
internal_value=-4.11951e-05 5.06963e-05 -0.000692901 -0.000319055 -0.0010456 0.000283019 -0.00154561 -0.0024965 -0.000652597 -6.86146e-07 -2.27448e-05 0.00105045 0.0012
internal_weight=7864 6893 971 676 306 370 295 142 153 6557 6462 336 304
internal_count=7864 6893 971 676 306 370 295 142 153 6557 6462 336 304
is_linear=0
shrinkage=0.03


Tree=158
num_leaves=14
num_cat=0
split_feature=28 24 43 55 18 58 43 24 40 18 40 43 52
split_gain=0.463378 0.289239 0.329377 0.536453 0.359825 0.276058 0.347664 0.25477 0.238719 0.443301 0.392638 0.193195 0.0277268
threshold=43.227272033691413 394.97172546386724 0.2269546836614609 15.934444427490236 0.48958332836627966 1.0000000180025095e-35 -0.16280825436115262 616.98809814453136 0.74210524559021007 0.53125000000000011 0.721052646636963 0.91037613153457653 30.546944618225101
decision_type=2 2 2 2 2 2 2 2 2 2 2 2 2
left_child=1 2 4 -4 -1 6 -3 8 10 -10 -2 12 -9
right_child=7 5 3 -5 -6 -7 -8 11 9 -11 -12 -13 -14
leaf_value=0.0052687163066450649 -2.3028472845561866e-05 -0.00027207015949567813 -0.00037537425116409689 -0.00078756693537579664 -0.00074010616849170315 -0.0063243683264075029 5.0064246745829207e-05 0.091749063323624341 0.0020474365131293972 -0.00037707109422649703 -0.00098072645269277532 -0.045550623246079766 0.058764621986114034
leaf_weight=320 5404 122 272 34 50 47 126 175 1012 131 106 35 30
leaf_count=320 5404 122 272 34 50 47 126 175 1012 131 106 35 30
internal_value=-4.88239e-05 -0.000662037 -0.000319055 -0.0010456 0.000283019 -0.00144426 -0.00103614 3.76415e-05 2.93061e-06 0.00039729 -7.8933e-05 0.000995851 0.00134709
internal_weight=7864 971 676 306 370 295 248 6893 6653 1143 5510 240 205
internal_count=7864 971 676 306 370 295 248 6893 6653 1143 5510 240 205
is_linear=0
shrinkage=0.03


Tree=159
num_leaves=12
num_cat=0
split_feature=29 40 24 50 40 17 40 40 6 40 1
split_gain=0.427222 0.288472 0.34784 0.410289 0.277508 0.25289 0.611646 0.321048 0.344416 0.290544 0.270781
threshold=480.22555541992193 0.96315789222717296 450.29464721679693 113.50000000000001 0.24736841768026355 789.28930664062511 0.62631577253341686 0.74210524559021007 0.37500000000000006 0.721052646636963 195.1905212402344
decision_type=2 2 2 2 2 2 2 2 2 2 2
left_child=1 2 4 -4 -1 7 10 9 -9 -2 -7
right_child=5 -3 3 -5 -6 6 -8 8 -10 -11 -12
leaf_value=-0.00049836226169373322 4.0611863600074355e-07 -0.0017390225958281824 -0.0010288703083289703 -0.00058454267941618462 0.00056567642904248165 -0.0048759054345377771 -0.0015538362647417013 0.002580380218281041 -0.00030435944360043007 -0.00093336554590455574 0.001983043525009962
leaf_weight=353 5447 38 39 68 505 60 33 965 198 107 51
leaf_count=353 5447 38 39 68 505 60 33 965 198 107 51
internal_value=-4.50095e-05 -0.000623008 -0.000520186 -0.002125 -0.000317811 3.95658e-05 -0.0012 6.63144e-05 0.00051933 -2.86228e-05 -0.000120536
internal_weight=7864 1003 965 107 858 6861 144 6717 1163 5554 111
internal_count=7864 1003 965 107 858 6861 144 6717 1163 5554 111
is_linear=0
shrinkage=0.03


Tree=160
num_leaves=13
num_cat=0
split_feature=29 25 43 43 15 21 17 40 40 6 1 40
split_gain=0.472536 0.302383 0.551559 0.338284 0.493213 0.275095 0.254676 0.611646 0.31475 0.344416 0.270781 0.236984
threshold=480.22555541992193 1634.3386840820315 0.58216583728790294 0.52778512239456188 2.2405409812927251 6.6797163486480722 789.28930664062511 0.62631577253341686 0.74210524559021007 0.37500000000000006 195.1905212402344 0.73157894611358654
decision_type=2 2 2 2 2 2 2 2 2 2 2 2
left_child=1 3 -3 5 -5 -1 8 10 11 -10 -8 -2
right_child=6 2 -4 4 -6 -7 7 -9 9 -11 -12 -13
leaf_value=0.00097271522552799805 -4.1265396296466365e-07 -0.00035268276951030866 0.0030686052878266625 -4.6618762230916127e-05 -0.0010109803858888127 -0.00068386572116875327 -0.0047296282715016446 -0.0015072211767994503 0.0025029688117326103 -0.00029522866029241712 0.001923552219259663 -0.0012580815327833366
leaf_weight=562 5504 51 34 170 127 59 60 33 965 198 51 50
leaf_count=562 5504 51 34 170 127 59 60 33 965 198 51 50
internal_value=-4.50095e-05 -0.000652888 -0.00235465 -0.000492927 -0.00132383 -9.40514e-05 4.39377e-05 -0.0012 7.078e-05 0.00051933 -0.000120536 -2.32223e-05
internal_weight=7864 1003 85 918 297 621 6861 144 6717 1163 111 5554
internal_count=7864 1003 85 918 297 621 6861 144 6717 1163 111 5554
is_linear=0
shrinkage=0.03


Tree=161
num_leaves=15
num_cat=0
split_feature=28 17 40 40 50 11 1 24 43 55 18 43 22 18
split_gain=0.434491 0.255637 0.611646 0.290642 0.406669 0.280001 0.270781 0.23944 0.329377 0.536453 0.359825 0.273583 0.32532 0.264349
threshold=43.227272033691413 789.28930664062511 0.62631577253341686 0.74210524559021007 122.50000000000001 3.5998610258102421 195.1905212402344 394.97172546386724 0.2269546836614609 15.934444427490236 0.48958332836627966 -0.16280825436115262 8.4663715362548846 0.44791667163372045
decision_type=2 2 2 2 2 2 2 2 2 2 2 2 2 2
left_child=7 3 6 5 -5 -2 -3 8 10 -10 -1 12 -9 -13
right_child=1 2 -4 4 -6 -7 -8 11 9 -11 -12 13 -14 -15
leaf_value=0.005108347427189768 -0.00024877672265873546 -0.0045877394233565941 -0.0014620045414954666 0.0013156750461682516 -0.0067938826930941899 0.00030841207653197991 0.0018658456526818733 -0.00088242123811922723 -0.00030208383720596165 -0.00078934292169743805 -0.00071435730467316408 0.00022054064506418235 -0.00022246146237562962 -0.004580592338502134
leaf_weight=320 4342 60 33 1137 36 1234 51 110 272 34 50 118 32 35
leaf_count=320 4342 60 33 1137 36 1234 51 110 272 34 50 118 32 35
internal_value=-3.73808e-05 4.63447e-05 -0.0012 7.31111e-05 0.00050213 -1.72135e-05 -0.000120536 -0.000631173 -0.000319055 -0.0010456 0.000283019 -0.00134291 -0.00228671 -0.000457792
internal_weight=7864 6893 144 6749 1173 5576 111 971 676 306 370 295 142 153
internal_count=7864 6893 144 6749 1173 5576 111 971 676 306 370 295 142 153
is_linear=0
shrinkage=0.03


Tree=162
num_leaves=15
num_cat=0
split_feature=28 24 43 55 18 43 22 18 40 18 21 50 40 2
split_gain=0.434491 0.23944 0.329377 0.536453 0.359825 0.273583 0.32532 0.264349 0.225975 0.453641 0.763974 0.423685 0.26596 1.03884
threshold=43.227272033691413 394.97172546386724 0.2269546836614609 15.934444427490236 0.48958332836627966 -0.16280825436115262 8.4663715362548846 0.44791667163372045 0.74210524559021007 0.53125000000000011 8.2749626636505145 122.50000000000001 0.721052646636963 271.50000000000006
decision_type=2 2 2 2 2 2 2 2 2 2 2 2 2 2
left_child=1 2 4 -4 -1 6 -3 -7 12 11 -11 -10 -2 -14
right_child=8 5 3 -5 -6 7 -8 -9 9 10 -12 -13 13 -15
leaf_value=0.0049550970043740735 -2.4081581445666823e-06 -0.00085594860097565036 -0.00029302132208978282 -0.00076566263404651491 -0.00069292658553296907 0.00021392442571225686 -0.00021578761850436112 -0.0044431745683470693 0.0027594800613755348 -0.02326687356433747 0.0011307965961323005 -0.0063986827747101269 -0.0017888507076656145 0.003358922045849221
leaf_weight=320 5587 110 272 34 50 118 32 35 1028 65 66 37 31 79
leaf_count=320 5587 110 272 34 50 118 32 35 1028 65 66 37 31 79
internal_value=-3.73808e-05 -0.000631173 -0.000319055 -0.0010456 0.000283019 -0.00134291 -0.00228671 -0.000457792 4.63447e-05 0.000421053 -0.00123864 0.000626173 -3.23797e-05 -0.00148649
internal_weight=7864 971 676 306 370 295 142 153 6893 1196 131 1065 5697 110
internal_count=7864 971 676 306 370 295 142 153 6893 1196 131 1065 5697 110
is_linear=0
shrinkage=0.03


Tree=163
num_leaves=15
num_cat=0
split_feature=40 28 18 53 40 2 40 23 12 53 17 45 1 45
split_gain=0.381418 0.314946 0.416264 0.441015 0.329803 0.975947 0.297832 0.539235 0.702947 0.27778 0.174346 0.183035 0.15821 0.0915366
threshold=0.74210524559021007 46.423034667968757 0.26041667163372045 11.500000000000002 0.721052646636963 271.50000000000006 0.92105263471603405 23.277916908264164 290.33332824707037 188.50000000000003 778.66946411132824 -0.56174489110708226 90.538532257080092 0.81174489855766307
decision_type=2 2 2 2 2 2 2 2 2 2 2 2 2 2
left_child=1 2 12 -4 9 -6 10 8 -8 -3 11 -2 -1 -9
right_child=6 4 3 -5 5 -7 7 13 -10 -11 -12 -13 -14 -15
leaf_value=-0.00022267702601007214 0.00049922556710628528 4.313655219994672e-05 -0.00015132766222986427 -0.0055866163595867683 -0.0017351851864356482 0.0025996280091653721 -0.0041789646672784958 0.0078336420919882868 0.00098185003769113433 -0.0055881123952246491 -0.00023495189360606263 0.0069719673943616301 0.15685689114372489 0.00014485717917735844
leaf_weight=41 231 5194 788 226 31 72 134 149 182 111 31 528 111 35
leaf_count=41 231 5194 788 226 31 72 134 149 182 111 31 528 111 35
internal_value=-1.83089e-05 -0.000110874 -0.000557841 -0.00077734 -1.44204e-05 -0.0016875 0.000453137 -0.00011976 -0.000870662 1.83755e-05 0.000815424 0.000905921 0.000901961 0.00116757
internal_weight=7864 6574 1166 1014 5408 103 1290 500 316 5305 790 759 152 184
internal_count=7864 6574 1166 1014 5408 103 1290 500 316 5305 790 759 152 184
is_linear=0
shrinkage=0.03


Tree=164
num_leaves=11
num_cat=0
split_feature=1 40 53 56 1 49 3 55 55 12
split_gain=0.382104 0.454481 0.391386 0.368204 0.352498 0.329456 0.262262 0.201338 0.433807 0.0199858
threshold=345.79135131835943 0.74210524559021007 262.00000000000006 110.50000000000001 329.75646972656256 71.139305114746108 19.187766075134281 87.036392211914077 48.92138862609864 312.20832824707037
decision_type=2 2 2 2 2 2 2 2 2 2
left_child=1 2 4 7 -1 6 -3 8 -2 -9
right_child=3 5 -4 -5 -6 -7 -8 9 -10 -11
leaf_value=-1.6680288168613622e-05 -0.00022998589912600847 0.0032341872937476225 -0.0090453077570306004 -0.0040421443953572774 0.19492650485029775 -0.0011135124999682865 -0.023960703833715069 0.017629754757814479 -0.00086808911068042452 0.00049252273293833265
leaf_weight=4773 1771 826 40 46 141 31 119 30 34 53
leaf_count=4773 1771 826 40 46 141 31 119 30 34 53
internal_value=-1.06802e-05 0.000108751 -7.8708e-06 -0.000376744 1.64802e-05 0.000700102 0.00080074 -0.000311276 -0.000377907 0.001125
internal_weight=7864 5930 4954 1934 4914 976 945 1888 1805 83
internal_count=7864 5930 4954 1934 4914 976 945 1888 1805 83
is_linear=0
shrinkage=0.03


Tree=165
num_leaves=11
num_cat=0
split_feature=40 58 49 27 53 26 50 40 50 25
split_gain=0.369176 0.290896 0.283367 0.526592 0.642858 0.519781 0.514491 0.350274 0.262992 0.307833
threshold=0.74210524559021007 38.433889389038093 3.1497222185134892 45.010179519653327 7.5000000000000009 3215.0000000000005 25.500000000000004 0.721052646636963 122.50000000000001 927.69735717773449
decision_type=2 2 2 2 2 2 2 2 2 2
left_child=2 8 6 4 -4 -5 7 -1 9 -2
right_child=1 -3 3 5 -6 -7 -8 -9 -10 -11
leaf_value=-8.5079662579043284e-05 0.0043908234274476071 -0.048560467757175318 0.00028180014122013202 -0.00045443541578523138 -0.0081198300283064351 0.00110218584618747 -0.0033680382224473074 -0.0013488658413280999 -0.004776383109781502 -0.00028585074332732058
leaf_weight=3683 812 30 755 108 345 1570 32 81 47 401
leaf_count=3683 812 30 755 108 345 1570 32 81 47 401
internal_value=-1.06802e-05 0.000453137 -0.000101749 0.000128464 -0.000381471 0.000462775 -0.000270213 -0.00023745 0.000523394 0.000609143
internal_weight=7864 1290 6574 2778 1100 1678 3796 3764 1260 1213
internal_count=7864 1290 6574 2778 1100 1678 3796 3764 1260 1213
is_linear=0
shrinkage=0.03


Tree=166
num_leaves=15
num_cat=0
split_feature=40 19 22 55 30 24 58 24 28 33 53 50 40 22
split_gain=0.381418 0.302846 0.710084 0.481596 0.297519 0.65397 0.263194 0.951983 0.392589 0.318739 0.295878 0.242265 0.225628 0.0248609
threshold=0.74210524559021007 0.48657593131065374 8.048988342285158 0.044166667386889465 0.76339286565780651 386.59970092773443 26.024305343627933 119.98958587646486 46.423034667968757 58.06048774719239 188.50000000000003 117.50000000000001 0.26842105388641363 8.4824109077453631
decision_type=2 2 2 2 2 2 2 2 2 2 2 2 2 2
left_child=6 4 3 -3 5 -2 7 12 -8 -10 -9 -6 -1 -4
right_child=1 2 13 -5 11 -7 8 10 9 -11 -12 -13 -14 -15
leaf_value=-0.00075233121490997769 0.00080977797709889401 -0.00067072792265497746 0.030931826498255623 -0.034770452135877143 0.021903602421741504 -0.015950787870085067 -0.0071006731870880708 -6.5231676242758689e-05 0.00016398055236826214 0.010103006831834344 -0.0068846260854463362 -0.0019965455213583252 -0.0017502768277225574 0.00054994727977594651
leaf_weight=39 359 139 103 32 555 42 46 5330 773 249 89 30 48 30
leaf_count=39 359 139 103 32 555 42 46 5330 773 249 89 30 48 30
internal_value=-1.83089e-05 0.000453137 -0.00037377 -0.00164826 0.000708207 7.83582e-05 -0.000110874 -0.00019448 0.000319925 0.000442815 -0.000144188 0.00113908 -0.00328977 0.00126493
internal_weight=7864 1290 304 171 986 401 6574 5506 1068 1022 5419 585 87 133
internal_count=7864 1290 304 171 986 401 6574 5506 1068 1022 5419 585 87 133
is_linear=0
shrinkage=0.03


Tree=167
num_leaves=10
num_cat=0
split_feature=34 53 49 27 12 53 50 1 58
split_gain=0.326787 0.335705 0.275911 0.538294 0.600736 0.491396 0.412431 0.366306 0.167118
threshold=42.918352127075202 3.5000000000000004 3.1497222185134892 49.411296844482429 123.40625000000001 53.500000000000007 25.500000000000004 164.09041595458987 4.9423611164093026
decision_type=2 2 2 2 2 2 2 2 2
left_child=1 8 6 5 -5 -4 7 -2 -1
right_child=2 -3 3 4 -6 -7 -8 -9 -10
leaf_value=-0.00020290168196567771 6.3671167424388895e-05 0.000450803484500522 0.00017619006110508917 -0.00017874363732403058 0.0043166775368200273 -0.0088321529195227524 -0.0027941728231176289 -0.00034427232394641192 -0.00028173657957742077
leaf_weight=58 2813 40 1463 258 1260 248 37 1657 30
leaf_count=58 2813 40 1463 258 1260 248 37 1657 30
internal_value=-3.73808e-05 -0.00153488 -1.24079e-05 0.000199226 0.00061027 -0.000165596 -0.000164042 -0.000137553 -0.0025618
internal_weight=7864 128 7736 3229 1518 1711 4507 4470 88
internal_count=7864 128 7736 3229 1518 1711 4507 4470 88
is_linear=0
shrinkage=0.03


Tree=168
num_leaves=14
num_cat=0
split_feature=24 50 49 49 1 2 56 17 40 26 58 21 43
split_gain=0.282791 0.521777 1.1048 0.40371 0.315453 0.460618 0.386048 0.385423 0.295978 0.289403 0.231692 1.32672 0.351161
threshold=132.507438659668 2.5000000000000004 2.1472221612930302 36.581806182861335 345.79135131835943 974.00000000000011 110.50000000000001 789.28930664062511 0.12105263024568559 8652.5000000000018 24.490416526794437 2.6305757761001591 -0.88144907355308522
decision_type=2 2 2 2 2 2 2 2 2 2 2 2 2
left_child=1 10 -3 -4 5 7 9 -2 -7 -6 11 -1 -12
right_child=4 2 3 -5 6 8 -8 -9 -10 -11 12 -13 -14
leaf_value=-0.0015071640437960632 8.3661883185636601e-05 -0.0017690674294257944 0.0039166905037199204 -0.0034832242967739666 0.00018257354369508578 -0.0044853372290855386 -0.0036286864374368644 -0.0017513710461524411 0.07096237858771734 -0.00046102313555550076 -0.0006463075591908973 0.00070952221950540038 0.019916475225577671
leaf_weight=35 4808 30 68 46 617 81 46 87 471 1238 31 139 167
leaf_count=35 4808 30 68 46 617 81 46 87 471 1238 31 139 167
internal_value=-2.9752e-05 -0.00070793 -0.00223448 -0.00086087 1.79617e-05 0.000134086 -0.000314669 4.13603e-05 0.000954792 -0.000246498 -0.0001126 -0.000908571 0.00058794
internal_weight=7864 516 144 114 7348 5447 1901 4895 552 1855 372 174 198
internal_count=7864 516 144 114 7348 5447 1901 4895 552 1855 372 174 198
is_linear=0
shrinkage=0.03


Tree=169
num_leaves=14
num_cat=0
split_feature=24 58 53 49 59 28 40 34 12 56 43 42 53
split_gain=0.317045 0.519092 0.580613 0.361519 0.362231 0.312649 0.255735 0.546059 0.285806 0.221169 0.971858 0.177381 0.0926291
threshold=119.98958587646486 24.995416641235355 2.5000000000000004 0.0054166666232049474 150.50000000000003 43.227272033691413 0.10000000149011613 44.524784088134773 532.95834350585949 84.500000000000014 0.2269546836614609 -0.88144907355308522 1.5000000000000002
decision_type=2 2 2 2 2 2 2 2 2 2 2 2 2
left_child=1 2 -1 12 -5 9 7 -7 -8 11 -11 -2 -3
right_child=5 3 -4 4 -6 6 8 -9 -10 10 -12 -13 -14
leaf_value=-0.0013229468692650787 0.012475924726351733 0.024259649493918702 0.020048627728973419 0.0017825096560116038 -0.00178070414033401 -0.0049418368522017118 -6.2797388025591451e-05 0.0013538202161479998 0.0049300056201403812 0.0046301161297381318 -0.0026431128748846127 -0.00019414660140197785 0.011037602781761205
leaf_weight=58 45 84 30 60 40 55 4839 765 954 49 38 816 31
leaf_count=58 45 84 30 60 40 55 4839 765 954 49 38 816 31
internal_value=-2.21233e-05 -0.000972039 -0.00289888 -0.000173611 -0.00148515 1.60672e-05 8.91292e-05 0.000584653 1.88989e-05 -0.000493151 -0.00192614 -0.000346288 0.000969828
internal_weight=7864 303 88 215 100 7561 6613 820 5793 948 87 861 115
internal_count=7864 303 88 215 100 7561 6613 820 5793 948 87 861 115
is_linear=0
shrinkage=0.03


Tree=170
num_leaves=12
num_cat=0
split_feature=24 58 53 1 1 0 56 49 59 53 12
split_gain=0.38074 0.467204 0.580613 0.308613 0.413163 0.449609 0.385864 0.289281 0.362231 0.244775 0.111144
threshold=119.98958587646486 24.995416641235355 2.5000000000000004 345.79135131835943 329.75646972656256 493.50000000000006 110.50000000000001 0.0054166666232049474 150.50000000000003 4.5000000000000009 90.354167938232436
decision_type=2 2 2 2 2 2 2 2 2 2 2
left_child=1 2 -1 4 5 -2 9 10 -9 -5 -3
right_child=3 7 -4 6 -6 -7 -8 8 -10 -11 -12
leaf_value=-0.0012832584631871263 -9.6243929797779182e-06 0.0050053382086652906 0.019447168897104211 -2.1328388492519526e-05 0.18455796440299047 0.086898612894387231 -0.0034985895539261921 0.0017290343663312554 -0.0017272830161239895 -0.00066077946720000742 0.039992149314857707
leaf_weight=58 4863 47 30 1444 191 573 46 60 40 444 68
leaf_count=58 4863 47 30 1444 191 573 46 60 40 444 68
internal_value=-2.9752e-05 -0.00107072 -0.00289888 1.21e-05 0.000124467 7.6145e-05 -0.000314729 -0.0003125 -0.00148515 -0.00024775 0.000711207
internal_weight=7864 303 88 7561 5627 5436 1934 215 100 1888 115
internal_count=7864 303 88 7561 5627 5436 1934 215 100 1888 115
is_linear=0
shrinkage=0.03


Tree=171
num_leaves=13
num_cat=0
split_feature=24 58 53 49 59 1 1 0 53 55 25 12
split_gain=0.38634 0.467204 0.580613 0.289281 0.362231 0.266574 0.413163 0.449609 0.283178 0.488097 0.335472 0.111144
threshold=119.98958587646486 24.995416641235355 2.5000000000000004 0.0054166666232049474 150.50000000000003 345.79135131835943 329.75646972656256 493.50000000000006 4.5000000000000009 0.024861111305654052 836.18936157226574 90.354167938232436
decision_type=2 2 2 2 2 2 2 2 2 2 2 2
left_child=1 2 -1 11 -5 6 7 -2 10 -10 -7 -3
right_child=5 3 -4 4 -6 8 -8 -9 9 -11 -12 -13
leaf_value=-0.0012447607092915126 -9.3356611903845829e-06 0.0048551780624053317 0.01886375383019109 0.0016771633353413178 -0.00167546452564027 0.00035096872905368424 0.17902122547090071 0.084291654507555616 -0.0014964462461295347 -0.00037531112529963685 -0.00024492620627152668 0.038792384835411975
leaf_weight=58 4863 47 30 60 40 607 191 573 137 333 857 68
leaf_count=58 4863 47 30 60 40 607 191 573 137 333 857 68
internal_value=-2.21233e-05 -0.00107072 -0.00289888 -0.0003125 -0.00148515 2.00344e-05 0.000124467 7.6145e-05 -0.000283721 -0.000923567 -7.78157e-05 0.000711207
internal_weight=7864 303 88 215 100 7561 5627 5436 1934 470 1464 115
internal_count=7864 303 88 215 100 7561 5627 5436 1934 470 1464 115
is_linear=0
shrinkage=0.03


Tree=172
num_leaves=12
num_cat=0
split_feature=24 58 53 0 1 1 0 53 35 56 50
split_gain=0.317045 0.519092 0.580613 0.290128 0.287209 0.413163 0.449609 0.217404 0.436361 0.32633 0.214784
threshold=119.98958587646486 24.995416641235355 2.5000000000000004 46.541667938232429 345.79135131835943 329.75646972656256 493.50000000000006 4.5000000000000009 167.10472106933597 3.5000000000000004 1.5000000000000002
decision_type=2 2 2 2 2 2 2 2 2 2 2
left_child=1 2 -1 -3 5 6 -2 9 -9 -6 -5
right_child=4 3 -4 10 7 -7 -8 8 -10 -11 -12
leaf_value=-0.0012074178880127672 -9.0555913546730447e-06 -0.00071387992509955843 0.018297841215285351 0.030519601384041042 3.7544259148837743e-05 0.17365058870677369 0.081762904872328929 -0.001618397612186279 6.6281480752586799e-05 -0.0012959561650391761 -0.0016514946794619224
leaf_weight=58 4863 48 30 108 1210 191 573 252 218 254 59
leaf_count=58 4863 48 30 108 1210 191 573 252 218 254 59
internal_value=-2.21233e-05 -0.000972039 -0.00289888 -0.000173611 1.60672e-05 0.000124467 7.6145e-05 -0.000299225 -0.000859873 -0.000118771 0.000419643
internal_weight=7864 303 88 215 7561 5627 5436 1934 470 1464 167
internal_count=7864 303 88 215 7561 5627 5436 1934 470 1464 167
is_linear=0
shrinkage=0.03


Tree=173
num_leaves=13
num_cat=0
split_feature=24 58 53 0 29 24 49 49 27 16 50 40
split_gain=0.319596 0.519092 0.580613 0.290128 0.247571 0.248012 0.290094 0.237275 0.468793 0.431537 0.214784 0.183628
threshold=119.98958587646486 24.995416641235355 2.5000000000000004 46.541667938232429 366.89721679687506 446.67411804199224 2.0183333158493046 0.14763888716697696 48.144273757934577 111.37792587280275 1.5000000000000002 0.26842105388641363
decision_type=2 2 2 2 2 2 2 2 2 2 2 2
left_child=1 2 -1 -3 5 11 -7 9 -9 -6 -5 -2
right_child=4 3 -4 10 7 6 -8 8 -10 -11 -12 -13
leaf_value=-0.0011711953513723842 -0.00052170827919421773 -0.00069246352734657162 0.017748905978826796 0.029604013342519817 -1.0525127618313437e-05 -0.0037308261110271727 -0.00037741972285191671 -0.00024841127919944381 0.00071507285619949843 -0.0014710001568467163 -0.0016019498390780647 0.00014946842163542941
leaf_weight=58 315 48 30 108 3084 39 94 1697 1833 90 59 409
leaf_count=58 315 48 30 108 3084 39 94 1697 1833 90 59 409
internal_value=-1.83089e-05 -0.000972039 -0.00289888 -0.000173611 2.00344e-05 -0.00045979 -0.00164552 8.14318e-05 0.000250637 -0.000106772 0.000419643 -0.00024
internal_weight=7864 303 88 215 7561 857 133 6704 3530 3174 167 724
internal_count=7864 303 88 215 7561 857 133 6704 3530 3174 167 724
is_linear=0
shrinkage=0.03


Tree=174
num_leaves=13
num_cat=0
split_feature=24 58 53 0 17 52 49 1 1 53 50 53
split_gain=0.317045 0.519092 0.580613 0.290128 0.24291 0.351522 0.420088 0.29792 0.397317 0.363611 0.214784 0.162552
threshold=119.98958587646486 24.995416641235355 2.5000000000000004 46.541667938232429 789.28930664062511 1.0000000180025095e-35 3.3470833301544194 345.79135131835943 329.75646972656256 4.5000000000000009 1.5000000000000002 144.50000000000003
decision_type=2 2 2 2 2 2 2 2 2 2 2 2
left_child=1 2 -1 -3 7 6 -6 8 -2 -9 -5 -7
right_child=4 3 -4 10 5 11 -8 9 -10 -11 -12 -13
leaf_value=-0.0011360594908312127 7.3757323989163249e-05 -0.00067168962152617444 0.017216438799461994 0.028715892942244216 -0.0053317977746950235 0.0013820882935635193 0.00046800105944196557 -1.4921734660144107e-05 0.16844495509066243 -0.0006665005043439506 -0.0015538913439057229 -0.00176316234103112
leaf_weight=58 5326 48 30 108 37 42 34 1464 191 436 59 31
leaf_count=58 5326 48 30 108 37 42 34 1464 191 436 59 31
internal_value=-2.21233e-05 -0.000972039 -0.00289888 -0.000173611 1.60672e-05 -0.0012 -0.0026875 3.98356e-05 0.000151414 -0.000284061 0.000419643 0.000263514
internal_weight=7864 303 88 215 7561 144 71 7417 5517 1900 167 73
internal_count=7864 303 88 215 7561 144 71 7417 5517 1900 167 73
is_linear=0
shrinkage=0.03


Tree=175
num_leaves=13
num_cat=0
split_feature=24 58 53 0 40 40 52 14 53 40 33 50
split_gain=0.319596 0.519092 0.580613 0.290128 0.260395 0.29807 0.34267 0.266596 0.476286 0.368411 0.248876 0.214784
threshold=119.98958587646486 24.995416641235355 2.5000000000000004 46.541667938232429 0.74210524559021007 0.92105263471603405 22.289999961853031 8453.0000000000018 86.500000000000014 0.721052646636963 52.562446594238288 1.5000000000000002
decision_type=2 2 2 2 2 2 2 2 2 2 2 2
left_child=1 2 -1 -3 7 10 -7 9 -9 -2 -6 -5
right_child=4 3 -4 11 5 6 -8 8 -10 -11 -12 -13
leaf_value=-0.0011019777061062764 2.6498360573871565e-05 -0.00065153893288038916 0.016699945635478136 0.02785441615397689 -0.00015140895962041849 0.00054497669720544146 -0.051898413555142256 -0.00042410387456151533 -0.070584848887164542 -0.00086409716418903246 0.010703055823865337 -0.0015072746035885512
leaf_weight=58 5469 48 30 108 149 434 53 715 31 100 610 59
leaf_count=58 5469 48 30 108 149 434 53 715 31 100 610 59
internal_value=-1.83089e-05 -0.000972039 -0.00289888 -0.000173611 2.00344e-05 0.000416199 -0.00016291 -5.81855e-05 -0.000590361 1.31957e-05 0.0007875 0.000419643
internal_weight=7864 303 88 215 7561 1246 487 6315 746 5569 759 167
internal_count=7864 303 88 215 7561 1246 487 6315 746 5569 759 167
is_linear=0
shrinkage=0.03


Tree=176
num_leaves=12
num_cat=0
split_feature=24 58 53 0 40 18 18 40 2 28 50
split_gain=0.324729 0.519092 0.580613 0.290128 0.25007 0.487255 0.265536 0.24521 0.939184 0.282555 0.214784
threshold=119.98958587646486 24.995416641235355 2.5000000000000004 46.541667938232429 0.74210524559021007 0.15625000000000003 0.53125000000000011 0.721052646636963 216.50000000000003 46.423034667968757 1.5000000000000002
decision_type=2 2 2 2 2 2 2 2 2 2 2
left_child=1 2 -1 -3 7 -6 -7 9 -9 -2 -5
right_child=4 3 -4 10 5 6 -8 8 -10 -11 -12
leaf_value=-0.0010689183749230881 -0.000266563495791879 -0.00063199276489397753 0.016198947266413789 0.027018783669357584 -0.0019311167495422372 0.0030718188829870923 -0.00066415679289296109 -0.0015567809779369721 0.0032603755112646797 3.6095212932382913e-05 -0.0014620563654808947
leaf_weight=58 1138 48 30 108 54 1056 136 33 79 5065 59
leaf_count=58 1138 48 30 108 54 1056 136 33 79 5065 59
internal_value=-1.06802e-05 -0.000972039 -0.00289888 -0.000173611 2.79688e-05 0.000416199 0.000543169 -4.86858e-05 -0.00143363 -2.34526e-05 0.000419643
internal_weight=7864 303 88 215 7561 1246 1192 6315 112 6203 167
internal_count=7864 303 88 215 7561 1246 1192 6315 112 6203 167
is_linear=0
shrinkage=0.03


Tree=177
num_leaves=11
num_cat=0
split_feature=17 40 40 24 58 25 43 15 18 49
split_gain=0.318226 0.541714 0.289206 0.275404 0.522882 0.33668 0.521112 0.454814 0.301934 0.0153604
threshold=789.28930664062511 0.62631577253341686 0.23684210330247882 119.98958587646486 0.060555554926395423 759.91583251953136 0.16280825436115268 15.625375747680666 0.32291667163372045 1.7129166722297671
decision_type=2 2 2 2 2 2 2 2 2 2
left_child=3 2 -2 4 -1 6 -5 -7 -6 -4
right_child=1 -3 9 5 8 7 -8 -9 -10 -11
leaf_value=-0.0011523961200875237 -0.0045193690271045708 -0.0013834463150257379 0.04003437847663275 -4.089234403132263e-05 0.0014022676478448039 -0.00021516810727031338 0.001168506888356886 0.0089375324299656514 -0.0006930488557542661 0.0013842743392011969
leaf_weight=36 50 33 31 1925 177 3491 1482 519 90 30
leaf_count=36 50 33 31 1925 177 3491 1482 519 90 30
internal_value=-1.44946e-05 -0.0014069 -0.000388393 1.16566e-05 -0.000873355 4.7924e-05 0.000267166 -0.000138369 -0.000408582 0.000991936
internal_weight=7864 144 111 7720 303 7417 3407 4010 267 61
internal_count=7864 144 111 7720 303 7417 3407 4010 267 61
is_linear=0
shrinkage=0.03


Tree=178
num_leaves=14
num_cat=0
split_feature=24 50 49 12 15 25 43 1 49 58 24 58 59
split_gain=0.319584 0.356315 1.19817 0.407044 0.312431 0.31856 0.567482 0.408436 0.238776 0.249064 0.228465 0.49846 0.093074
threshold=132.507438659668 2.5000000000000004 2.1472221612930302 123.40625000000001 35.729955673217781 759.91583251953136 0.16280825436115268 259.59484863281256 18.352083206176761 1.4231944084167483 124.23363113403322 24.490416526794437 25.500000000000004
decision_type=2 2 2 2 2 2 2 2 2 2 2 2 2
left_child=1 10 -3 -4 5 6 -2 -7 9 -6 11 -1 -12
right_child=4 2 3 -5 8 7 -8 -9 -10 -11 12 -13 -14
leaf_value=-0.00085166364232381914 -7.5696767268429267e-05 -0.0017789636014806953 -0.0033045039762559947 0.003564169766989748 -0.00022606903859774771 7.2957537248680425e-05 0.0012596514705996919 -0.00055721308534989196 0.0038185356214283719 -0.0024365238473345722 0.0010133386022481072 0.013738075896490462 0.004593371143866082
leaf_weight=99 1840 30 51 63 49 2568 1425 1396 34 36 74 169 30
leaf_count=99 1840 30 51 63 49 2568 1425 1396 34 36 74 169 30
internal_value=-4.50095e-05 -0.000765957 -0.00202759 -0.0006 5.7151e-06 3.09129e-05 0.000250306 -0.000149811 -0.0015125 -0.00235465 -0.000273458 -0.000736059 0.000914286
internal_weight=7864 516 144 114 7348 7229 3265 3964 119 85 372 268 104
internal_count=7864 516 144 114 7348 7229 3265 3964 119 85 372 268 104
is_linear=0
shrinkage=0.03


Tree=179
num_leaves=10
num_cat=0
split_feature=15 24 58 23 58 40 25 49 58
split_gain=0.296151 0.299267 0.310374 0.304568 0.541702 0.413528 0.280717 0.238776 0.249064
threshold=35.729955673217781 132.507438659668 793.11471557617199 23.045416831970218 37.148889541625984 0.3315789550542832 759.91583251953136 18.352083206176761 1.4231944084167483
decision_type=2 2 2 2 2 2 2 2 2
left_child=1 3 6 4 -1 -5 -3 8 -2
right_child=7 2 -4 5 -6 -7 -8 -9 -10
leaf_value=-0.00061400002757318523 -0.00021928696743981537 0.00028401494583663468 -0.00079771877193976915 -0.0011207109216289973 -0.0013079293898533432 0.0096744022507465662 -0.0001057034410760144 0.0037039795527855201 -0.0023634281319145356
leaf_weight=286 49 3229 57 85 39 106 3943 34 36
leaf_count=286 49 3229 57 85 39 106 3943 34 36
internal_value=-3.35664e-05 -1.06506e-05 3.92117e-05 -0.00070793 -0.00126534 0.000242188 5.688e-05 -0.0015125 -0.00235465
internal_weight=7864 7745 7229 516 325 191 7172 119 85
internal_count=7864 7745 7229 516 325 191 7172 119 85
is_linear=0
shrinkage=0.03


Tree=180
num_leaves=9
num_cat=0
split_feature=24 58 43 43 58 17 40 25
split_gain=0.309453 0.492339 0.297348 0.37768 0.276696 0.250481 0.606434 0.277879
threshold=119.98958587646486 0.060555554926395423 0.91037613153457653 0.2269546836614609 793.11471557617199 789.28930664062511 0.62631577253341686 759.91583251953136
decision_type=2 2 2 2 2 2 2 2
left_child=1 -1 3 -3 5 7 -7 -2
right_child=4 2 -4 -5 -6 6 -8 -9
leaf_value=-0.0010738543263879878 0.00024884838750395045 -0.00096741925567932912 -0.00061884921119399793 0.0041436556822552336 -0.00067889602966201082 -0.00014614646583953564 -0.0013642166488313139 -0.00011002103762779654
leaf_weight=36 3371 154 31 82 59 110 33 3988
leaf_count=36 3371 154 31 82 59 110 33 3988
internal_value=-3.35664e-05 -0.000972039 -0.000520522 -0.000151899 4.1656e-06 2.03919e-05 -0.00121875 4.46332e-05
internal_weight=7864 303 267 236 7561 7502 143 7359
internal_count=7864 303 267 236 7561 7502 143 7359
is_linear=0
shrinkage=0.03


Tree=181
num_leaves=15
num_cat=0
split_feature=24 50 49 58 50 42 10 1 9 49 43 58 21 12
split_gain=0.380443 0.324229 1.19817 0.479248 0.269114 0.511567 0.752623 0.46723 0.40511 0.412116 0.322278 0.193037 1.23972 0.219965
threshold=132.507438659668 2.5000000000000004 2.1472221612930302 9.1627774238586444 3.5000000000000004 -0.16280825436115262 0.91729867458343517 39.925893783569343 0.54004630446434032 20.035694122314457 0.81241145730018627 24.490416526794437 2.6305757761001591 90.354167938232436
decision_type=2 2 2 2 2 2 2 2 2 2 2 2 2 2
left_child=1 11 -3 -4 8 7 -7 -6 10 -10 -2 12 -1 -13
right_child=4 2 3 -5 5 6 -8 -9 9 -11 -12 13 -14 -15
leaf_value=-0.0010650956534013225 -5.6347657518883817e-05 -0.0016913799328646343 0.0052260196971670178 -0.0031757387167029713 -0.00054617561498017159 -0.00081517724670723617 0.0021178799597606737 0.063102010829514402 -0.00055340671533161468 -0.024196491217867412 0.0006482299719668185 -0.00059847564021703401 0.00035813847222310169 0.023180734100465571
leaf_weight=35 2735 30 53 61 89 1263 651 761 1077 41 731 70 139 128
leaf_count=35 2735 30 53 61 89 1263 651 761 1077 41 731 70 139 128
internal_value=-3.73808e-05 -0.000823984 -0.00202759 -0.0006 1.79617e-05 0.000251718 -2.03655e-05 0.00086369 -0.00012301 -0.000619303 3.7208e-05 -0.000353887 -0.00108 0.000286432
internal_weight=7864 516 144 114 7348 2764 1914 850 4584 1118 3466 372 174 198
internal_count=7864 516 144 114 7348 2764 1914 850 4584 1118 3466 372 174 198
is_linear=0
shrinkage=0.03


Tree=182
num_leaves=15
num_cat=0
split_feature=24 50 49 49 34 56 55 30 43 36 58 21 12 55
split_gain=0.43469 0.409431 1.1048 0.40371 0.29119 0.357725 0.648912 0.253534 0.430849 0.343926 0.193037 1.23972 0.219965 0.147251
threshold=132.507438659668 2.5000000000000004 2.1472221612930302 36.581806182861335 50.981859207153327 33.500000000000007 66.719444274902358 0.80505952239036571 -0.99465191364288319 55.000000000000007 24.490416526794437 2.6305757761001591 90.354167938232436 25.005277633666996
decision_type=2 2 2 2 2 2 2 2 2 2 2 2 2 2
left_child=1 10 -3 -4 7 6 -6 9 -9 -2 11 -1 -12 -7
right_child=4 2 3 -5 5 13 -8 8 -10 -11 12 -13 -14 -15
leaf_value=-0.0010331427837992828 1.5931796392184045e-05 -0.0016406385348786952 0.0035337428405372794 -0.0031716009927692189 -0.00040709585254018814 0.0010988082423523809 -0.0014578019154341572 -0.012243597581367671 -0.00014192947895333088 0.0059205674530347224 -0.00058052137101052305 0.00034739431805640863 0.022485312077451601 0.0093268109061678522
leaf_weight=35 2439 30 68 46 1486 95 42 56 1740 1366 70 139 128 124
leaf_count=35 2439 30 68 46 1486 95 42 56 1740 1366 70 139 128 124
internal_value=-4.11951e-05 -0.000882012 -0.00223448 -0.00086087 1.79617e-05 -0.00032008 -0.000482668 0.000123438 -0.000170284 0.000262086 -0.000353887 -0.00108 0.000286432 0.000811364
internal_weight=7864 516 144 114 7348 1747 1528 5601 1796 3805 372 174 198 219
internal_count=7864 516 144 114 7348 1747 1528 5601 1796 3805 372 174 198 219
is_linear=0
shrinkage=0.03


Tree=183
num_leaves=15
num_cat=0
split_feature=24 34 34 53 52 34 40 43 50 49 58 58 21 12
split_gain=0.316212 0.292633 0.320612 0.449678 0.343824 0.272479 0.507652 0.369492 0.248951 1.29514 0.367004 0.193037 1.23972 0.219965
threshold=132.507438659668 50.981859207153327 52.93261909484864 72.500000000000014 0.36166666448116308 49.505517959594734 0.9421052634716035 -0.99465191364288319 2.5000000000000004 2.1472221612930302 9.1627774238586444 24.490416526794437 2.6305757761001591 90.354167938232436
decision_type=2 2 2 2 2 2 2 2 2 2 2 2 2 2
left_child=8 5 3 -3 -4 7 -7 -2 11 -10 -11 12 -1 -13
right_child=1 2 4 -5 -6 6 -8 -9 9 10 -12 13 -14 -15
leaf_value=-0.0010021485002853043 -0.0074712542834467323 -0.00034077029071999122 -0.00043754187106950196 -0.0071736282836577054 0.0047347520612829423 0.00062250685236897737 -0.03035803017906203 1.906272437426338e-05 -0.0015914193788323344 0.0049632268210358889 -0.0031652456677661953 -0.00056310572988020743 0.00033697248851471636 0.021810752715128053
leaf_weight=35 124 802 453 165 327 1539 93 3845 30 53 61 70 139 128
leaf_count=35 124 802 453 165 327 1539 93 3845 30 53 61 70 139 128
internal_value=-4.88239e-05 1.63291e-06 -0.000337243 -0.000701963 0.000115237 0.000107372 0.000433558 -2.68262e-05 -0.000765957 -0.00182069 -0.00033913 -0.000353887 -0.00108 0.000286432
internal_weight=7864 7348 1747 967 780 5601 1632 3969 516 144 114 372 174 198
internal_count=7864 7348 1747 967 780 5601 1632 3969 516 144 114 372 174 198
is_linear=0
shrinkage=0.03


Tree=184
num_leaves=14
num_cat=0
split_feature=24 25 36 53 49 1 50 49 12 58 21 12 52
split_gain=0.319584 0.275326 0.396637 0.328902 0.328364 0.273861 0.248951 0.874834 0.407044 0.193037 1.23972 0.219965 0.0283451
threshold=132.507438659668 846.88345336914074 686.00000000000011 3.5000000000000004 495.31680297851568 291.59480285644537 2.5000000000000004 2.1472221612930302 123.40625000000001 24.490416526794437 2.6305757761001591 90.354167938232436 31.982639312744144
decision_type=2 2 2 2 2 2 2 2 2 2 2 2 2
left_child=6 2 3 -2 5 -3 9 -8 -9 10 -1 -11 -4
right_child=1 4 12 -5 -6 -7 7 8 -10 11 -12 -13 -14
leaf_value=-0.00097208404527674515 0.0003504732824144169 5.9123706478348183e-05 0.036860659789778864 -0.00037733579205631747 -0.0016272099688678407 -0.00052414954030690394 -0.0015436767974673642 -0.0028927028828806471 0.0030580296758042982 -0.00054621255798380122 0.00032686331385927477 0.021156430133674211 0.1109387005683639
leaf_weight=35 2769 1859 202 1279 31 1178 30 51 63 70 139 128 30
leaf_count=35 2769 1859 202 1279 31 1178 30 51 63 70 139 128 30
internal_value=-4.50095e-05 5.7151e-06 0.000161177 9.18746e-05 -0.000211144 -0.00017923 -0.000765957 -0.00182069 -0.0006 -0.000353887 -0.00108 0.000286432 0.00136481
internal_weight=7864 7348 4280 4048 3068 3037 516 144 114 372 174 198 232
internal_count=7864 7348 4280 4048 3068 3037 516 144 114 372 174 198 232
is_linear=0
shrinkage=0.03


Tree=185
num_leaves=12
num_cat=0
split_feature=40 53 19 42 53 10 18 22 23 15 13
split_gain=0.321327 0.277567 0.580234 0.691771 0.362959 0.287156 0.266657 0.30555 0.979372 0.248271 0.0164294
threshold=0.76315790414810192 151.50000000000003 0.44945991039276129 0.84874749183654796 127.50000000000001 0.48561824858188635 0.15625000000000003 7.6205956935882577 22.561249732971195 0.85260421037673961 299.20176696777349
decision_type=2 2 2 2 2 2 2 2 2 2 2
left_child=1 4 10 -4 5 -1 -2 9 -9 -8 -3
right_child=6 2 3 -5 -6 -7 7 8 -10 -11 -12
leaf_value=-0.00024278224108548332 -0.0012945258569385656 0.0043952313694293355 -0.0089513344740184582 0.043888516307491653 0.010305077573808873 2.7841019855775017e-05 -1.7149854057015259e-05 -0.017472400343082659 0.00082999224400316012 0.030016825081537038 0.0019933619313766233
leaf_weight=3000 59 35 80 40 130 3348 157 78 467 440 30
leaf_count=3000 59 35 80 40 130 3348 157 78 467 440 30
internal_value=-2.59377e-05 -0.000107368 -0.00125 -0.00247934 -7.45485e-05 -0.000106788 0.000425541 0.000527559 1.37363e-05 0.000995819 0.00102273
internal_weight=7864 6663 185 120 6478 6348 1201 1142 545 597 65
internal_count=7864 6663 185 120 6478 6348 1201 1142 545 597 65
is_linear=0
shrinkage=0.03


Tree=186
num_leaves=8
num_cat=0
split_feature=58 40 24 58 58 18 50
split_gain=0.272578 0.247274 0.286059 0.358361 0.260271 0.259899 0.297182
threshold=793.11471557617199 0.76315790414810192 124.23363113403322 26.024305343627933 10.247916698455812 0.15625000000000003 11.500000000000002
decision_type=2 2 2 2 2 2 2
left_child=1 2 3 -1 -4 -3 -7
right_child=-2 5 4 -5 -6 6 -8
leaf_value=-0.0006173323983172228 -0.0006666982351490095 -0.0012556900812304087 -0.00011050965731097061 0.0010339955149159348 0.00027130119815790198 0.00018398609967548322 0.065893231221116441
leaf_weight=143 59 59 4804 176 1481 760 382
leaf_count=143 59 59 4804 176 1481 760 382
internal_value=-1.06802e-05 4.80404e-06 -6.72218e-05 -0.000942187 -2.26694e-05 0.000400582 0.000501312
internal_weight=7864 7805 6604 319 6285 1201 1142
internal_count=7864 7805 6604 319 6285 1201 1142
is_linear=0
shrinkage=0.03


Tree=187
num_leaves=13
num_cat=0
split_feature=40 18 24 50 50 24 58 49 59 40 2 44
split_gain=0.211956 0.342947 0.774177 0.38464 0.35573 0.279593 0.354342 0.459652 0.34366 0.255685 0.931008 0.307103
threshold=0.74210524559021007 0.15625000000000003 226.08482360839847 122.50000000000001 11.500000000000002 124.23363113403322 26.024305343627933 2.1472221612930302 150.50000000000003 0.721052646636963 216.50000000000003 -0.87837970256805409
decision_type=2 2 2 2 2 2 2 2 2 2 2 2
left_child=5 2 -2 4 -3 6 7 -1 -8 11 -11 -7
right_child=1 3 -4 -5 -6 9 8 -9 -10 10 -12 -13
leaf_value=-0.00098588104091491108 0.0011565221124002721 0.0001920554827253756 -0.073113079142569287 -0.0065369531694178685 0.098446505382044219 -0.00036255191962227505 0.013295965864142624 0.0034059343293696416 -0.0011757598413062731 -0.0014821953283009651 0.0030855995405892076 5.0990670767984293e-05
leaf_weight=104 32 812 31 49 366 904 95 39 80 33 78 5241
leaf_count=104 32 812 31 49 366 904 95 39 80 33 78 5241
internal_value=-1.44946e-05 0.000336948 -0.00180469 0.00044829 0.000557252 -8.34981e-05 -0.000949843 -0.00205208 -4.26136e-05 -3.93159e-05 -0.00145982 -1.34233e-05
internal_weight=7864 1290 63 1227 1178 6574 318 143 175 6256 111 6145
internal_count=7864 1290 63 1227 1178 6574 318 143 175 6256 111 6145
is_linear=0
shrinkage=0.03


Tree=188
num_leaves=13
num_cat=0
split_feature=24 58 53 53 59 59 25 1 43 0 50 22
split_gain=0.268466 0.573661 0.580613 0.193844 0.414094 0.36526 0.229901 0.39107 0.35254 0.170542 0.214784 0.0684821
threshold=119.98958587646486 24.995416641235355 2.5000000000000004 188.50000000000003 23.500000000000004 72.500000000000014 759.91583251953136 205.4767761230469 0.16280825436115268 46.541667938232429 1.5000000000000002 7.8286070823669442
decision_type=2 2 2 2 2 2 2 2 2 2 2 2
left_child=1 2 -1 6 11 -6 8 -8 -2 -3 -11 -5
right_child=3 9 -4 4 5 -7 7 -9 -10 10 -12 -13
leaf_value=-0.00061494230565932255 -1.0991561410968233e-05 -0.0005001216716733843 0.015829422343914684 0.0049043421613940109 -0.018358611218301856 -5.5325914224295669e-05 8.692055086193475e-05 -0.00045091036819217375 0.001088753275913016 0.0228087012432912 -0.0044719484537825618 0.0024006191540215638
leaf_weight=58 1960 48 30 34 31 30 2495 1480 1501 108 59 30
leaf_count=58 1960 48 30 34 31 30 2495 1480 1501 108 59 30
internal_value=7.62913e-07 -0.000873355 -0.00289888 3.59032e-05 -0.00113095 -0.00287903 5.56676e-05 -9.99748e-05 0.000234402 -3.47222e-05 0.000419643 0.000553846
internal_weight=7864 303 88 7561 125 61 7436 3975 3461 215 167 64
internal_count=7864 303 88 7561 125 61 7436 3975 3461 215 167 64
is_linear=0
shrinkage=0.03


Tree=189
num_leaves=12
num_cat=0
split_feature=40 50 24 58 42 50 36 59 58 40 50
split_gain=0.288072 0.358335 0.348314 0.714676 0.418789 0.308436 0.585162 0.279649 0.265418 0.262636 0.0581456
threshold=0.74210524559021007 122.50000000000001 119.98958587646486 24.995416641235355 0.47114434838294988 17.500000000000004 475.50000000000006 150.50000000000003 793.11471557617199 0.721052646636963 105.50000000000001
decision_type=2 2 2 2 2 2 2 2 2 2 2
left_child=2 5 3 4 -1 6 -2 -5 9 -4 -7
right_child=1 -3 8 7 -6 10 -8 -9 -10 -11 -12
leaf_value=-0.00098637816836400546 0.00095730765200209263 -0.0062657559301659256 5.9558343036084621e-06 0.011284497674235673 -0.0003030867088390583 0.093909804247768236 -0.019864135664268329 -0.00095288634132682467 -0.00064657750552521713 -0.00078989422616204338 0.07485323186222187
leaf_weight=30 813 50 6145 102 46 264 107 81 59 111 56
leaf_count=30 813 50 6145 102 46 264 107 81 59 111 56
internal_value=-3.05145e-06 0.000406662 -8.34981e-05 -0.00115962 -0.00358442 0.000507655 0.000228013 -0.000138587 -3.91862e-05 -2.01374e-05 0.00130841
internal_weight=7864 1290 6574 259 76 1240 920 183 6315 6256 320
internal_count=7864 1290 6574 259 76 1240 920 183 6315 6256 320
is_linear=0
shrinkage=0.03


Tree=190
num_leaves=13
num_cat=0
split_feature=40 50 24 58 42 59 25 30 15 40 2 44
split_gain=0.282734 0.358335 0.351274 0.714676 0.418789 0.279649 0.273717 0.524857 0.253345 0.250283 0.939184 0.273123
threshold=0.74210524559021007 122.50000000000001 119.98958587646486 24.995416641235355 0.47114434838294988 150.50000000000003 927.69735717773449 0.76934522390365612 17.608134269714359 0.721052646636963 216.50000000000003 -0.87837970256805409
decision_type=2 2 2 2 2 2 2 2 2 2 2 2
left_child=2 6 3 4 -1 -5 8 -8 -2 11 -11 -4
right_child=1 -3 9 5 -6 -7 7 -9 -10 10 -12 -13
leaf_value=-0.00095678682331308529 0.0049443722724680861 -0.0060777832522609498 -0.00034074697600807 0.010945962744008603 -0.00029399410757388654 -0.0009242997510870199 -0.001731018135863028 0.0024344725607967901 -0.0012115448970233692 -0.0014166402581929287 0.0031080126532465635 4.0611832039627085e-05
leaf_weight=30 686 50 904 102 46 81 179 225 150 33 79 5299
leaf_count=30 686 50 904 102 46 81 179 225 150 33 79 5299
internal_value=7.62913e-07 0.000406662 -7.89353e-05 -0.00115962 -0.00358442 -0.000138587 0.000507655 -0.000133333 0.000817204 -3.44363e-05 -0.00143363 -8.9458e-06
internal_weight=7864 1290 6574 259 76 183 1240 404 836 6315 112 6203
internal_count=7864 1290 6574 259 76 183 1240 404 836 6315 112 6203
is_linear=0
shrinkage=0.03


Tree=191
num_leaves=13
num_cat=0
split_feature=24 58 53 27 53 53 0 33 43 18 0 50
split_gain=0.266128 0.573661 0.580613 0.191915 0.546844 0.426503 0.651953 0.400925 0.341461 0.178656 0.170542 0.214784
threshold=119.98958587646486 24.995416641235355 2.5000000000000004 57.567893981933601 9.5000000000000018 4.5000000000000009 95.458332061767592 56.442417144775398 -0.84874749183654774 0.51041665673255932 46.541667938232429 1.5000000000000002
decision_type=2 2 2 2 2 2 2 2 2 2 2 2
left_child=1 2 -1 5 8 7 -7 -2 -5 -6 -3 -12
right_child=3 10 -4 4 9 6 -8 -9 -10 -11 11 -13
leaf_value=-0.00056377691530669826 -0.00023670939878622517 -0.00042880243875076732 0.015390624235328231 -0.00029871068846999807 0.0018548578414599201 0.00028022999029725956 -0.0022146141945325794 0.00035471441168925105 5.5196525531824822e-05 -0.00077906147764721047 0.021927625442746242 -0.0042814744173966697
leaf_weight=58 1079 48 30 246 590 543 963 2848 1257 35 108 59
leaf_count=58 1079 48 30 246 590 543 963 2848 1257 35 108 59
internal_value=-3.05145e-06 -0.000873355 -0.00289888 3.1936e-05 0.000273368 -6.2661e-05 -0.000491705 0.00010196 -3.69016e-05 0.00101837 -3.47222e-05 0.000419643
internal_weight=7864 303 88 7561 2128 5433 1506 3927 1503 625 215 167
internal_count=7864 303 88 7561 2128 5433 1506 3927 1503 625 215 167
is_linear=0
shrinkage=0.03


Tree=192
num_leaves=13
num_cat=0
split_feature=40 50 18 27 24 58 49 59 25 40 2 44
split_gain=0.251287 0.351634 0.354021 0.784362 0.285515 0.354342 0.459652 0.34366 0.281558 0.259149 0.931008 0.242827
threshold=0.74210524559021007 122.50000000000001 0.53125000000000011 42.520748138427741 124.23363113403322 26.024305343627933 2.1472221612930302 150.50000000000003 927.69735717773449 0.721052646636963 216.50000000000003 -0.87837970256805409
decision_type=2 2 2 2 2 2 2 2 2 2 2 2
left_child=4 2 8 -4 5 6 -1 -7 -2 11 -11 -6
right_child=1 -3 3 -5 9 7 -8 -9 -10 10 -12 -13
leaf_value=-0.001051911624021466 0.0060414815293633184 -0.0058963326948187024 0.0042812285778012927 -0.021262518523442429 -0.00028460448595277752 0.012011368128176816 0.003276939725450922 -0.0010445670056572153 1.683957137596145e-05 -0.0013385345660480959 0.0029315850880812532 4.4022456080077099e-05
leaf_weight=104 728 50 74 59 904 95 39 80 379 33 78 5241
leaf_count=104 728 50 74 59 904 95 39 80 379 33 78 5241
internal_value=7.62913e-07 0.000383424 0.000483481 -0.000973881 -7.43726e-05 -0.000949843 -0.00205208 -4.26136e-05 0.000659296 -2.97267e-05 -0.00145982 -3.66088e-06
internal_weight=7864 1290 1240 133 6574 318 143 175 1107 6256 111 6145
internal_count=7864 1290 1240 133 6574 318 143 175 1107 6256 111 6145
is_linear=0
shrinkage=0.03


Tree=193
num_leaves=14
num_cat=0
split_feature=24 58 53 49 59 40 40 19 34 34 40 1 12
split_gain=0.409151 0.467204 0.580613 0.289281 0.362231 0.257606 0.307021 0.344115 0.237741 0.526195 0.459171 0.15671 0.111144
threshold=119.98958587646486 24.995416641235355 2.5000000000000004 0.0054166666232049474 150.50000000000003 0.76315790414810192 0.88947367668151867 0.49716959893703466 50.891822814941413 49.505517959594734 0.51052629947662365 199.82814025878909 90.354167938232436
decision_type=2 2 2 2 2 2 2 2 2 2 2 2 2
left_child=1 2 -1 12 -5 8 11 -8 9 -2 -10 -7 -3
right_child=5 3 -4 4 -6 6 7 -9 10 -11 -12 -13 -14
leaf_value=-0.00060011414548610115 -9.2312855613151909e-05 0.0043766663005113775 0.014960462856989031 0.000706260142259293 -0.0040956362963213882 0.011161502365751873 0.00041383965042769824 -0.02081316843493846 -8.8305944092375615e-06 0.00037877614460410554 -0.0016031796190434894 0.00032060259301413049 0.02779398404737464
leaf_weight=58 3459 47 30 60 40 369 569 56 1216 1346 382 164 68
leaf_count=58 3459 47 30 60 40 369 569 56 1216 1346 382 164 68
internal_value=8.39165e-06 -0.00107072 -0.00289888 -0.0003125 -0.00148515 5.17721e-05 0.00046333 1.19809e-05 -2.27201e-05 8.27092e-05 -0.000339587 0.000991573 0.000711207
internal_weight=7864 303 88 215 100 7561 1158 625 6403 4805 1598 533 115
internal_count=7864 303 88 215 100 7561 1158 625 6403 4805 1598 533 115
is_linear=0
shrinkage=0.03


Tree=194
num_leaves=15
num_cat=0
split_feature=40 10 56 49 12 53 59 40 23 3 16 36 42 16
split_gain=0.264384 0.312508 0.330032 0.31386 0.309784 0.304798 0.358014 0.28309 0.429787 0.681164 0.278241 0.37231 0.140931 0.0999568
threshold=0.76315790414810192 0.48561824858188635 41.500000000000007 20.035694122314457 904.14584350585949 208.50000000000003 20.500000000000004 0.92105263471603405 23.399305343627933 8.5608682632446307 12.317856788635256 309.50000000000006 0.63405361771583568 68.512714385986342
decision_type=2 2 2 2 2 2 2 2 2 2 2 2 2 2
left_child=1 2 3 -1 -4 6 -3 10 9 -9 11 -2 -7 -12
right_child=7 5 4 -5 -6 12 -8 8 -10 -11 13 -13 -14 -15
leaf_value=-0.00013254353561747146 0.0011398320147369407 9.8821996012739852e-06 0.0040040209345027873 -0.0013467603472833859 -0.0097166306684572327 -0.0038249814282337135 0.0014419329708387969 -4.480158888270564e-05 0.0045550105656050818 -0.04681899333830418 0.022112744093935134 -0.00780639316435727 -0.011383067168694328 0.0077785863927564806
leaf_weight=2180 237 2885 356 543 45 30 594 292 141 67 356 34 30 74
leaf_count=2180 237 2885 356 543 45 30 594 292 141 67 356 34 30 74
internal_value=1.60204e-05 -5.78481e-05 -0.00027648 -0.000394824 0.000526119 0.00013517 0.000171983 0.000425541 -0.00011976 -0.000670833 0.000814103 6.06618e-05 -0.00196721 0.0012877
internal_weight=7864 6663 3124 2723 401 3539 3479 1201 500 359 701 271 60 430
internal_count=7864 6663 3124 2723 401 3539 3479 1201 500 359 701 271 60 430
is_linear=0
shrinkage=0.03


Tree=195
num_leaves=8
num_cat=0
split_feature=58 24 58 43 17 40 25
split_gain=0.275684 0.278198 0.522882 0.322411 0.263575 0.606434 0.261722
threshold=793.11471557617199 119.98958587646486 0.060555554926395423 0.91037613153457653 789.28930664062511 0.62631577253341686 759.91583251953136
decision_type=2 2 2 2 2 2 2
left_child=1 2 -1 -4 6 -6 -3
right_child=-2 4 3 -5 5 -7 -8
leaf_value=-0.00071689109117089526 -0.00063743982382484933 0.00025096354344649932 -9.7401773011199357e-06 -0.00038777582114365598 -0.00013556700824176725 -0.0015841183511112291 -6.1686751728490415e-05
leaf_weight=36 59 3371 236 31 110 33 3988
leaf_count=36 59 3371 236 31 110 33 3988
internal_value=7.62913e-07 1.63336e-05 -0.000873355 -0.000408582 5.23791e-05 -0.00121875 7.72419e-05
internal_weight=7864 7805 303 267 7502 143 7359
internal_count=7864 7805 303 267 7502 143 7359
is_linear=0
shrinkage=0.03


Tree=196
num_leaves=8
num_cat=0
split_feature=58 17 40 1 24 27 10
split_gain=0.274647 0.24711 0.606434 0.267838 0.247737 0.529827 0.27415
threshold=793.11471557617199 789.28930664062511 0.62631577253341686 195.1905212402344 309.39137268066412 48.144273757934577 0.49962115287780767
decision_type=2 2 2 2 2 2 2
left_child=1 4 3 -3 6 -6 -1
right_child=-2 2 -4 -5 5 -7 -8
leaf_value=-0.00018111174592198471 -0.00061831662911010379 -0.0038275421563760239 -0.0015365948005778922 0.0015047736256150114 -6.3006192737501848e-05 0.0040779048265953332 5.1967945660537093e-05
leaf_weight=2076 59 60 33 50 2252 1183 2151
leaf_count=2076 59 60 33 50 2252 1183 2151
internal_value=-3.05145e-06 1.24904e-05 -0.00121875 -0.000135135 3.56258e-05 0.000224825 -0.000118141
internal_weight=7864 7805 143 110 7662 3435 4227
internal_count=7864 7805 143 110 7662 3435 4227
is_linear=0
shrinkage=0.03


Tree=197
num_leaves=12
num_cat=0
split_feature=17 40 40 58 34 50 1 3 52 56 42
split_gain=0.2292 0.611646 0.27869 0.306948 0.495753 0.284772 0.270781 0.258857 0.399985 0.188206 0.0621364
threshold=789.28930664062511 0.62631577253341686 0.74210524559021007 26.738194465637211 49.826227188110359 122.50000000000001 195.1905212402344 18.804142951965336 38.605693817138679 1.5000000000000002 0.77259656786918651
decision_type=2 2 2 2 2 2 2 2 2 2 2
left_child=2 6 7 5 -5 -4 10 9 -9 -1 -2
right_child=1 -3 3 4 -6 -7 -8 8 -10 -11 -12
leaf_value=-0.00020345276434188293 0.008606394487002034 -0.0014904969565605556 0.0013836081436645487 0.0063479846432125987 -0.042675303284981793 -0.0051471839205110394 0.0014810481000862474 0.09223827648137789 -0.012279646140542087 1.4219136766238797e-05 -0.0070227143306713534
leaf_weight=3314 30 33 1153 39 30 45 51 487 52 2600 30
leaf_count=3314 30 33 1153 39 30 45 51 487 52 2600 30
internal_value=-1.83089e-05 -0.0012 3.88555e-06 0.000410489 -0.00152143 0.000522936 -0.000120536 -7.59993e-05 0.000552778 -0.00013339 -0.00147541
internal_weight=7864 144 7720 1267 69 1198 111 6453 539 5914 60
internal_count=7864 144 7720 1267 69 1198 111 6453 539 5914 60
is_linear=0
shrinkage=0.03


Tree=198
num_leaves=8
num_cat=0
split_feature=58 17 40 40 58 3 40
split_gain=0.274647 0.24711 0.606434 0.268125 0.287208 0.27636 0.232857
threshold=793.11471557617199 789.28930664062511 0.62631577253341686 0.74210524559021007 38.433889389038093 18.804142951965336 0.15263157337903979
decision_type=2 2 2 2 2 2 2
left_child=1 3 6 5 -5 -1 -3
right_child=-2 2 -4 4 -6 -7 -8
leaf_value=-6.5471653193490843e-05 -0.00059366354730654419 -0.0039507332366792739 -0.0014457820478637389 0.0011865252931946351 -0.041395044186432341 0.05702465018564324 0.00083328564096209928
leaf_weight=5857 59 31 33 1237 30 538 79
leaf_count=5857 59 31 33 1237 30 538 79
internal_value=-3.05145e-06 1.24904e-05 -0.00121875 3.56258e-05 0.000434148 -4.33865e-05 -0.000135135
internal_weight=7864 7805 143 7662 1267 6395 110
internal_count=7864 7805 143 7662 1267 6395 110
is_linear=0
shrinkage=0.03


Tree=199
num_leaves=12
num_cat=0
split_feature=17 40 40 1 40 18 33 3 52 34 42
split_gain=0.235157 0.611646 0.28993 0.270781 0.243275 0.399984 0.317025 0.204796 0.582155 0.1979 0.0621364
threshold=789.28930664062511 0.62631577253341686 0.74210524559021007 195.1905212402344 0.92105263471603405 0.15625000000000003 57.296092987060554 18.804142951965336 38.605693817138679 50.891822814941413 0.77259656786918651
decision_type=2 2 2 2 2 2 2 2 2 2 2
left_child=2 3 7 10 6 -6 -4 9 -9 -1 -2
right_child=1 -3 4 -5 5 -7 -8 8 -10 -11 -12
leaf_value=-5.6293924550997679e-06 0.0083232040831631108 -0.0014024085864278268 -4.86286408977306e-05 0.0015551386541840381 -0.076813437445477958 0.00019155499830870833 0.018982395287571077 0.087760388681367235 -0.012671294019620095 -0.00040679327511283124 -0.0067724472120309128
leaf_weight=4511 30 33 267 51 30 461 509 487 52 1403 30
leaf_count=4511 30 33 267 51 30 461 509 487 52 1403 30
internal_value=-3.05145e-06 -0.0012 1.94276e-05 -0.000120536 0.000434148 -8.84146e-05 0.000764479 -6.20545e-05 0.000497222 -0.000113102 -0.00147541
internal_weight=7864 144 7720 111 1267 491 776 6453 539 5914 60
internal_count=7864 144 7720 111 1267 491 776 6453 539 5914 60
is_linear=0
shrinkage=0.03


Tree=200
num_leaves=13
num_cat=0
split_feature=40 18 27 11 16 50 55 50 6 53 49 40
split_gain=0.308133 0.265842 0.691978 0.356603 0.316926 0.242629 0.348206 0.393707 0.238211 0.218536 0.0242708 0.0171126
threshold=0.76315790414810192 0.53125000000000011 42.520748138427741 4.5768055915832528 19.076492309570316 184.00000000000003 20.380556106567386 269.50000000000006 0.62500000000000011 208.50000000000003 0.14763888716697696 0.93157893419265758
decision_type=2 2 2 2 2 2 2 2 2 2 2 2
left_child=5 3 11 4 -2 8 7 -7 9 -1 -10 -3
right_child=1 2 -4 -5 -6 6 -8 -9 10 -11 -12 -13
leaf_value=-4.3887372786111247e-05 0.00059282441755437393 0.0073578810094700551 -0.018938984001869198 -0.10576353079782673 0.044590959365653861 -0.0057946138233806593 0.00091478469328157112 -0.0049917260253084924 0.0031590082227242731 -0.0044732533255753236 0.057934310212207733 0.00044511536462974122
leaf_weight=6353 533 42 55 41 499 30 38 30 30 88 94 31
leaf_count=6353 533 42 55 41 499 30 38 30 30 88 94 31
internal_value=8.39165e-06 0.000450499 -0.000837209 0.000604749 0.000714424 -7.13535e-05 -0.00154545 -0.00295082 -4.91166e-05 -7.42781e-05 0.001248 0.00107432
internal_weight=7864 1201 128 1073 1032 6663 98 60 6565 6441 124 73
internal_count=7864 1201 128 1073 1032 6663 98 60 6565 6441 124 73
is_linear=0
shrinkage=0.03


Tree=201
num_leaves=11
num_cat=0
split_feature=40 23 18 1 53 59 13 12 50 15
split_gain=0.338312 0.236644 0.447059 0.542405 0.21175 0.35663 0.246372 0.452991 0.369154 0.124579
threshold=0.76315790414810192 23.450694084167484 0.53125000000000011 345.79135131835943 208.50000000000003 23.500000000000004 638.88958740234386 130.50000000000003 41.500000000000007 0.30133102834224706
decision_type=2 2 2 2 2 2 2 2 2 2
left_child=4 2 3 -2 6 -6 7 -1 -8 -3
right_child=1 9 -4 -5 5 -7 8 -9 -10 -11
leaf_value=-9.92798684941612e-05 0.0071342665696052842 0.0002245368243444163 -0.018496498126612658 -0.0018793774501964231 0.0031087226305461708 -0.0083710212666784495 -7.2898661027699299e-05 0.00019976914960247923 -0.0090303311879417758 0.002246914872458817
leaf_weight=1607 672 58 53 173 48 41 1806 2874 287 245
leaf_count=1607 672 58 53 173 48 41 1806 2874 287 245
internal_value=1.2206e-05 0.000475458 0.000230256 0.000398936 -7.13535e-05 -0.00151667 -5.15589e-05 7.39626e-05 -0.000320201 0.00119901
internal_weight=7864 1201 898 845 6663 89 6574 4481 2093 303
internal_count=7864 1201 898 845 6663 89 6574 4481 2093 303
is_linear=0
shrinkage=0.03


Tree=202
num_leaves=14
num_cat=0
split_feature=40 23 1 11 53 53 59 3 2 21 15 26 23
split_gain=0.352632 0.234304 0.36033 0.425572 0.393921 0.215727 0.35663 0.244255 0.340672 0.203121 0.157843 0.20071 0.0273798
threshold=0.76315790414810192 23.277916908264164 345.79135131835943 4.4876389503479013 17.500000000000004 208.50000000000003 23.500000000000004 18.804142951965336 803.00000000000011 5.3885269165039071 0.34845486283302313 9995.0000000000018 23.399305343627933
decision_type=2 2 2 2 2 2 2 2 2 2 2 2 2
left_child=5 2 3 -2 -4 7 -7 9 -9 -1 11 -3 -12
right_child=1 10 4 -5 -6 6 -8 8 -10 -11 12 -13 -14
leaf_value=-3.5357730064371857e-06 0.0035241945085010954 0.022991429553429987 -0.00016247509860906173 -0.11049343571720469 -0.0074506864165765725 0.003015460951629786 -0.0081198906286780968 -0.0079979498118826521 0.24505616839204891 -0.00018928716037397981 0.019299444969125105 -0.0024005166712600117 0.0028223944738805674
leaf_weight=5154 547 62 131 36 32 48 41 240 284 896 100 36 257
leaf_count=5154 547 62 131 36 32 48 41 240 284 896 100 36 257
internal_value=2.74635e-05 0.000500416 0.000172691 0.000521404 -0.00107012 -5.78481e-05 -0.00151667 -3.78707e-05 0.000582857 -9.17203e-05 0.00103618 -3.0303e-05 0.00132821
internal_weight=7864 1201 746 583 163 6663 89 6574 524 6050 455 98 357
internal_count=7864 1201 746 583 163 6663 89 6574 524 6050 455 98 357
is_linear=0
shrinkage=0.03


Tree=203
num_leaves=13
num_cat=0
split_feature=40 2 5 36 53 59 3 2 21 10 1 36
split_gain=0.321806 0.228393 0.219131 1.07686 0.215727 0.35663 0.244255 0.340672 0.203121 0.116025 0.0847445 0.028718
threshold=0.76315790414810192 3541.0000000000005 56.867361068725593 475.50000000000006 208.50000000000003 23.500000000000004 18.804142951965336 803.00000000000011 5.3885269165039071 1.0554136633872988 1748.402038574219 67.500000000000014
decision_type=2 2 2 2 2 2 2 2 2 2 2 2
left_child=4 2 3 -2 6 -6 8 -8 -1 10 -3 -4
right_child=1 9 11 -5 5 -7 7 -9 -10 -11 -12 -13
leaf_value=-3.4296998162440837e-06 0.0013687549640110995 -0.00098765100688091357 0.0036947616843859853 -0.019664222042442295 0.0029249971230808922 -0.0078762939098177553 -0.0077580113175261742 0.23770448334028743 -0.00018360854556276039 -0.0006936679488982302 0.00073906978624344196 0.11332374730359784
leaf_weight=5154 779 31 30 70 48 41 240 284 896 30 39 222
leaf_count=5154 779 31 30 70 48 41 240 284 896 30 39 222
internal_value=2.36491e-05 0.000475458 0.000600272 0.000368824 -5.78481e-05 -0.00151667 -3.78707e-05 0.000582857 -9.17203e-05 -0.000891089 -0.000211268 0.00137549
internal_weight=7864 1201 1101 849 6663 89 6574 524 6050 100 70 252
internal_count=7864 1201 1101 849 6663 89 6574 524 6050 100 70 252
is_linear=0
shrinkage=0.03


Tree=204
num_leaves=14
num_cat=0
split_feature=40 5 36 1 55 12 49 40 15 13 11 23 36
split_gain=0.282125 0.238365 0.701876 0.329335 0.292454 0.219319 0.709632 0.984483 0.394251 0.290335 0.407718 0.328269 0.10123
threshold=0.76315790414810192 56.867361068725593 475.50000000000006 348.13084411621099 1.3184722661972048 119.57291412353517 35.18236160278321 0.36315789818763738 0.53631365299224865 638.88958740234386 4.2412500381469735 21.954166412353519 67.500000000000014
decision_type=2 2 2 2 2 2 2 2 2 2 2 2 2
left_child=5 2 4 -4 -2 6 8 -8 -1 10 -7 -11 -3
right_child=1 12 3 -5 -6 9 7 -9 -10 11 -12 -13 -14
leaf_value=0.00011546500036407156 0.0018389713061923657 0.00039438828366082689 -0.024811033239498702 0.00022778535580954875 -0.00060098347108566833 4.4159016204170467e-05 -0.00015640189996705441 -0.013431556482615233 -0.00023707287804629931 0.00076733073661985787 0.0063135885024680968 -0.00036665370560172726 0.10992403488448996
leaf_weight=420 625 34 49 36 235 2955 90 36 767 296 289 1810 222
leaf_count=420 625 34 49 36 235 2955 90 36 767 296 289 1810 222
internal_value=2.74635e-05 0.000450499 0.000229915 -0.00235465 0.000487805 -4.88445e-05 -0.000396119 -0.00252756 -0.000167929 3.64418e-05 0.000214484 -0.000237779 0.0012607
internal_weight=7864 1201 945 85 860 6663 1313 126 1187 5350 3244 2106 256
internal_count=7864 1201 945 85 860 6663 1313 126 1187 5350 3244 2106 256
is_linear=0
shrinkage=0.03


Tree=205
num_leaves=14
num_cat=0
split_feature=40 5 36 1 55 10 49 53 49 53 53 47 36
split_gain=0.272042 0.238365 0.701876 0.329335 0.292454 0.193356 0.324262 0.621387 0.39636 0.230852 0.338192 0.221465 0.10123
threshold=0.76315790414810192 56.867361068725593 475.50000000000006 348.13084411621099 1.3184722661972048 0.49962115287780767 2.3294444084167485 151.50000000000003 1.1861110925674441 80.500000000000014 40.500000000000007 1.0000000180025095e-35 67.500000000000014
decision_type=2 2 2 2 2 2 2 2 2 2 2 2 2
left_child=5 2 4 -4 -2 9 8 -8 -7 10 -1 -11 -3
right_child=1 12 3 -5 -6 6 7 -9 -10 11 -12 -13 -14
leaf_value=-0.00011857797994647721 0.0017838021670065947 0.00038255663515100334 -0.024066702242313741 0.00022095179513526226 -0.00058295396695309679 -2.655241580044286e-05 0.0010213706060298558 -0.012033013306020432 -0.0007723182499855078 -5.6028783503671887e-05 -0.0075968280709886029 0.0016161097088741659 0.10662631383795527
leaf_weight=2788 625 34 49 36 235 1785 1539 58 104 140 115 134 222
leaf_count=2788 625 34 49 36 235 1785 1539 58 104 140 115 134 222
internal_value=3.50922e-05 0.000450499 0.000229915 -0.00235465 0.000487805 -3.98409e-05 0.000114425 0.000428974 -0.000151587 -0.000209094 -0.000287707 0.000621818 0.0012607
internal_weight=7864 1201 945 85 860 6663 3486 1597 1889 3177 2903 274 256
internal_count=7864 1201 945 85 860 6663 3486 1597 1889 3177 2903 274 256
is_linear=0
shrinkage=0.03


Tree=206
num_leaves=14
num_cat=0
split_feature=40 2 5 36 11 49 15 30 58 58 10 1 36
split_gain=0.269766 0.228393 0.219131 0.834933 0.19598 0.429597 0.535182 0.40573 0.314529 0.250867 0.116025 0.0847445 0.028718
threshold=0.76315790414810192 3541.0000000000005 56.867361068725593 475.50000000000006 3.5998610258102421 2.1472221612930302 0.99166378378868114 0.81101191043853771 793.11471557617199 220.30777740478518 1.0554136633872988 1748.402038574219 67.500000000000014
decision_type=2 2 2 2 2 2 2 2 2 2 2 2 2
left_child=4 2 3 -2 8 6 -6 -7 9 -1 11 -3 -4
right_child=1 10 12 -5 5 7 -8 -9 -10 -11 -12 -13 -14
leaf_value=-8.8414800879782317e-05 0.0012190091108947975 -0.00099460401397873837 0.0035606104862900534 -0.017607963316714652 0.0002497773809083858 0.0022411352071566529 -0.00071516679024848367 -0.0014811392565139722 -0.0012114338843404859 0.015325754226110723 -0.00073810890300279809 0.00061773659473102107 0.10342752442281658
leaf_weight=5063 779 31 30 70 275 602 384 206 43 90 30 39 222
leaf_count=5063 779 31 30 70 275 602 384 206 43 90 30 39 222
internal_value=6.17928e-05 0.000475458 0.000600272 0.000368824 -1.28301e-05 0.000293256 -0.000275 0.00075649 -9.9288e-05 -7.77066e-05 -0.000891089 -0.000211268 0.00137549
internal_weight=7864 1201 1101 849 6663 1467 659 808 5196 5153 100 70 252
internal_count=7864 1201 1101 849 6663 1467 659 808 5196 5153 100 70 252
is_linear=0
shrinkage=0.03


Tree=207
num_leaves=12
num_cat=0
split_feature=17 40 40 25 21 3 11 49 58 1 42
split_gain=0.253481 0.956657 0.324983 0.247599 0.530153 0.332269 0.235186 0.424663 0.326839 0.187921 0.0150714
threshold=789.28930664062511 0.62631577253341686 0.74210524559021007 927.69735717773449 2.3387962579727177 19.187766075134281 3.5998610258102421 0.14763888716697696 793.11471557617199 195.1905212402344 0.77259656786918651
decision_type=2 2 2 2 2 2 2 2 2 2 2
left_child=2 9 6 5 -5 -4 8 -8 -1 10 -2
right_child=1 -3 3 4 -6 -7 7 -9 -10 -11 -12
leaf_value=-7.6653561339567357e-05 0.0089991076435216675 -0.0024354744502466811 0.0045772383925468171 -0.0050135658519530509 0.00039422882542444949 -0.015965565915853418 -0.00013594431244071453 0.00069263964312953649 -0.0012155192103896755 0.0015088750740445583 -0.0061604463982401934
leaf_weight=4987 30 33 749 55 358 105 559 865 42 51 30
leaf_count=4987 30 33 749 55 358 105 559 865 42 51 30
internal_value=4.2721e-05 -0.0012 6.60537e-05 0.000505126 -9.7826e-05 0.000796491 -2.022e-05 0.00032 -0.0001166 0.000147321 -0.000983607
internal_weight=7864 144 7720 1267 413 854 6453 1424 5029 111 60
internal_count=7864 144 7720 1267 413 854 6453 1424 5029 111 60
is_linear=0
shrinkage=0.03


Tree=208
num_leaves=15
num_cat=0
split_feature=40 3 52 56 56 7 53 19 23 21 26 45 55 19
split_gain=0.267497 0.231576 0.399985 0.271954 0.259263 0.5696 0.334709 0.220266 0.531644 0.306445 0.273278 0.399537 0.261211 0.114754
threshold=0.74210524559021007 18.804142951965336 38.605693817138679 12.500000000000002 1.5000000000000002 0.48220558464527136 53.500000000000007 0.48657593131065374 22.753472328186039 5.1015942096710214 7178.5000000000009 -0.56174489110708226 1.4355555772781374 0.46745844185352331
decision_type=2 2 2 2 2 2 2 2 2 2 2 2 2 2
left_child=1 4 3 -3 6 -6 -1 10 9 -9 13 -12 -10 -2
right_child=7 2 -4 -5 5 -7 -8 8 12 -11 11 -13 -14 -15
leaf_value=-0.00016162832060907984 0.023992058811378086 0.23127994372848479 -0.011513765257627427 -0.0076517943572171508 0.00021138127678692442 -0.001447786579887702 -0.010685219112238582 -0.00011512446508987763 0.0028400038435577465 -0.014983864415364629 -0.0025441756368863549 0.0018967248509788011 -0.0024500019181061153 0.00033458385842601924
leaf_weight=3156 368 328 52 159 2455 208 216 62 148 53 185 373 41 60
leaf_count=3156 368 328 52 159 2455 208 216 62 148 53 185 373 41 60
internal_value=3.50922e-05 -4.24334e-05 0.000552778 0.000820697 -9.56759e-05 0.000125563 -0.000270382 0.000429899 -0.00027541 -0.001875 0.000647416 0.000209302 0.000702632 0.00121678
internal_weight=7864 6574 539 487 6035 2663 3372 1290 304 115 986 558 189 428
internal_count=7864 6574 539 487 6035 2663 3372 1290 304 115 986 558 189 428
is_linear=0
shrinkage=0.03


Tree=209
num_leaves=15
num_cat=0
split_feature=40 40 18 55 40 2 18 34 40 53 58 16 36 19
split_gain=0.294967 0.26086 0.389033 0.324477 0.219461 0.338007 0.693779 0.334667 0.308847 1.04172 0.335676 0.206916 0.346383 0.104819
threshold=0.74210524559021007 0.92105263471603405 0.53125000000000011 1.3184722661972048 0.10000000149011613 124.50000000000001 0.34375000000000006 44.955427169799812 0.12105263024568559 53.500000000000007 99.653888702392592 12.317856788635256 309.50000000000006 0.49300666153430944
decision_type=2 2 2 2 2 2 2 2 2 2 2 2 2 2
left_child=4 11 3 -3 5 6 -1 -7 9 -6 -10 12 -2 -13
right_child=1 2 -4 -5 8 7 -8 -9 10 -11 -12 13 -14 -15
leaf_value=-0.0024692536442567246 0.00095202764296772153 0.0014505693628502959 -0.014597190305303461 -0.0030474631444746087 -0.00014176843534842752 -0.0016116207279272762 0.0013253008051467082 0.00049337797207481737 1.6028552758341678e-06 -0.071360351280392975 -0.00037763896569872012 0.020153907140737826 -0.0055459351093001333 0.0020512143384772141
leaf_weight=61 261 318 52 130 193 58 86 817 5077 30 252 388 37 104
leaf_count=61 261 318 52 130 193 58 86 817 5077 30 252 388 37 104
internal_value=6.17928e-05 0.000476375 -5.98802e-05 0.000227172 -1.96197e-05 0.000384164 -0.000942568 0.000607877 -9.40032e-05 -0.00118527 -4.81238e-05 0.000815424 0.000190635 0.0011927
internal_weight=7864 1290 500 448 6574 1022 147 875 5552 223 5329 790 298 492
internal_count=7864 1290 500 448 6574 1022 147 875 5552 223 5329 790 298 492
is_linear=0
shrinkage=0.03


Tree=210
num_leaves=15
num_cat=0
split_feature=40 25 21 15 24 10 24 11 50 58 15 22 43 50
split_gain=0.237385 0.305764 0.582894 0.359039 0.742058 0.344775 0.240888 0.223655 0.492059 0.45894 0.160348 0.135643 0.114322 0.0683743
threshold=0.74210524559021007 927.69735717773449 2.3826677799224858 17.608134269714359 394.97172546386724 1.0517892241477969 616.98809814453136 2.9890277385711674 92.500000000000014 793.11471557617199 4.437688112258912 5.6443843841552743 -0.88144907355308522 111.50000000000001
decision_type=2 2 2 2 2 2 2 2 2 2 2 2 2 2
left_child=6 3 11 10 -5 -4 7 9 -9 -1 -2 -3 -8 -14
right_child=1 2 5 4 -6 -7 12 8 -10 -11 -12 -13 13 -15
leaf_value=-0.00010574722540536186 0.00071532392084193723 -0.00035597339815951923 0.00069944725112632835 -0.016419245856977793 0.15204596217605845 -0.0011233088708039757 0.00066396452729724869 1.013693033843475e-05 0.0078474557155493868 -0.0013058064146929033 0.057756391580302199 -0.072205632408757311 0.051601157340336518 0.00010473775435315662
leaf_weight=4389 365 30 303 81 82 50 46 1662 238 35 349 30 159 45
leaf_count=4389 365 30 303 81 82 50 46 1662 238 35 349 30 159 45
internal_value=5.79784e-05 0.000429899 -0.000242754 0.000746583 -0.000521341 0.000224576 -1.5057e-05 -5.12253e-05 0.000220936 -0.000168136 0.00103636 -0.00295082 0.000896414 0.0012
internal_weight=7864 1290 413 877 163 353 6574 6324 1900 4424 714 60 250 204
internal_count=7864 1290 413 877 163 353 6574 6324 1900 4424 714 60 250 204
is_linear=0
shrinkage=0.03


Tree=211
num_leaves=15
num_cat=0
split_feature=40 45 11 23 14 26 26 42 42 25 43 49 40 14
split_gain=0.252217 0.236205 0.742826 0.378905 0.672796 0.313555 0.213261 0.280665 0.496716 0.254822 0.357853 0.297027 0.216427 0.130849
threshold=0.74210524559021007 -0.56174489110708226 4.1408333778381357 22.527777671813968 1204.5000000000002 7178.5000000000009 2687.5000000000005 0.88144907355308544 0.98611506819725048 759.91583251953136 -0.9103761315345763 495.31680297851568 0.51052629947662365 3093.5000000000005
decision_type=2 2 2 2 2 2 2 2 2 2 2 2 2 2
left_child=6 2 5 4 -3 -2 7 12 -9 10 -8 -11 -1 -5
right_child=1 3 -4 13 -6 -7 9 8 -10 11 -12 -13 -14 -15
leaf_value=7.2478906398720273e-05 0.040192659393891134 -0.013289646286036407 -0.10509066193574086 0.0048020115029791133 0.0031054501618243135 -0.0012408701569737444 -0.00034526408729743758 -0.0015047320098463095 0.0014484207050419534 -0.00012377544772330416 0.00027987522773307644 -0.0012206544528056834 -0.00055698197997763052 0.00082221748320068203
leaf_weight=183 201 58 36 395 170 179 415 63 37 3298 2466 33 79 251
leaf_count=183 201 58 36 395 170 179 415 63 37 3298 2466 33 79 251
internal_value=4.65353e-05 0.000429899 -0.000158273 0.000709714 -0.000340611 0.000236221 -2.87452e-05 -0.000735537 -0.00207921 1.25544e-05 0.000219119 -0.000166116 -0.00021673 0.00108037
internal_weight=7864 1290 416 874 228 380 6574 362 100 6212 2881 3331 262 646
internal_count=7864 1290 416 874 228 380 6574 362 100 6212 2881 3331 262 646
is_linear=0
shrinkage=0.03


Tree=212
num_leaves=15
num_cat=0
split_feature=40 40 23 3 26 42 42 34 40 34 40 24 25 15
split_gain=0.278422 0.339555 0.309206 0.424118 0.213261 0.280665 0.496716 0.232745 0.721758 0.312563 0.216427 0.168714 0.449668 0.101009
threshold=0.74210524559021007 0.93157893419265758 23.399305343627933 8.5608682632446307 2687.5000000000005 0.88144907355308544 0.98611506819725048 50.891822814941413 0.51052629947662365 49.505517959594734 0.51052629947662365 394.97172546386724 1090.0432128906252 0.3487673699855805
decision_type=2 2 2 2 2 2 2 2 2 2 2 2 2 2
left_child=4 11 3 -3 5 10 -7 9 -9 -6 -1 12 -2 -4
right_child=1 2 13 -5 7 6 -8 8 -10 -11 -12 -13 -14 -15
leaf_value=7.0304539206758707e-05 0.0022058364851477523 -7.2181021195466679e-05 0.0030731142943053271 -0.040991759828168009 -1.0809038907069585e-05 -0.0014595900495509202 0.0014049680838906947 4.7776822954769887e-05 -0.0016300766581089426 0.00039151779433251889 -0.00054027252057830156 0.018669468839685493 -0.0033937129006052953 0.0054337711096435395
leaf_weight=183 562 268 30 60 3295 63 37 1214 349 1354 79 235 35 100
leaf_count=183 562 268 30 60 3295 63 37 1214 349 1354 79 235 35 100
internal_value=5.03497e-05 0.000453137 -0.000202614 -0.000693009 -2.87452e-05 -0.000735537 -0.00207921 1.25544e-05 -0.000304028 0.000119032 -0.00021673 0.000813926 0.000544314 0.00103053
internal_weight=7864 1290 458 328 6574 362 100 6212 1563 4649 262 832 597 130
internal_count=7864 1290 458 328 6574 362 100 6212 1563 4649 262 832 597 130
is_linear=0
shrinkage=0.03


Tree=213
num_leaves=12
num_cat=0
split_feature=40 50 58 50 44 50 53 49 24 58 40
split_gain=0.311474 0.295956 0.313359 0.281981 0.219521 0.742882 0.752959 0.368921 0.296694 0.840131 0.377597
threshold=0.74210524559021007 124.50000000000001 37.148889541625984 17.500000000000004 -0.87837970256805409 98.500000000000014 47.500000000000007 10.35333299636841 173.91666412353518 137.3555603027344 0.721052646636963
decision_type=2 2 2 2 2 2 2 2 2 2 2
left_child=4 2 3 -2 5 7 -7 -1 9 -6 -10
right_child=1 -3 -4 -5 8 6 -8 -9 10 -11 -12
leaf_value=-0.0002753932816886542 0.00053674309060332021 -0.0051031426963812623 -0.030505996180596004 0.071311543751697459 -0.00013232648163635023 -0.0001185923450416687 -0.080298690942500597 0.0038146210950339948 0.00012104640735554969 -0.0010715393542171804 -0.00091823357046815293
leaf_weight=702 898 43 30 319 741 33 32 202 4736 37 91
leaf_count=702 898 43 30 319 741 33 32 202 4736 37 91
internal_value=5.03497e-05 0.000476375 0.000561298 0.0006367 -3.33079e-05 -0.00045 -0.00352273 -0.000225414 3.87978e-05 -0.000504493 0.00012645
internal_weight=7864 1290 1247 1217 6574 969 65 904 5605 778 4827
internal_count=7864 1290 1247 1217 6574 969 65 904 5605 778 4827
is_linear=0
shrinkage=0.03


Tree=214
num_leaves=15
num_cat=0
split_feature=40 40 5 3 24 6 25 1 2 55 58 24 55 2
split_gain=0.269766 0.269336 0.270185 0.772759 0.189049 0.169304 0.209254 0.141065 0.310322 0.0963959 0.0947142 0.0820064 0.0677009 0.0247993
threshold=0.76315790414810192 0.88947367668151867 56.867361068725593 8.7422800064086932 616.98809814453136 0.62500000000000011 382.63313293457037 199.82814025878909 1054.0000000000002 3.6268055438995366 2.1911110877990727 176.24404907226565 1.0000000180025095e-35 349.50000000000006
decision_type=2 2 2 2 2 2 2 2 2 2 2 2 2 2
left_child=4 7 3 -3 5 6 -1 11 -9 -6 -11 -2 -7 -4
right_child=1 2 13 -5 9 12 -8 8 -10 10 -12 -13 -14 -15
leaf_value=-0.0003218539269669968 0.012729307904753755 3.4312635974409196e-05 0.0064998333341613019 -0.064544677119768579 -0.0010827788035694828 0.20437612254281456 -9.378057973844269e-06 -0.0055339690247227288 0.0025271938338448873 0.011644530939887069 -0.00067207977280126971 0.01077748211092513 0.0017025082140653077 0.10561894064992357
leaf_weight=501 39 462 30 51 46 89 5779 43 121 178 30 353 40 102
leaf_count=501 39 462 30 51 46 89 5779 43 121 178 30 353 40 102
internal_value=6.17928e-05 0.000475458 5.80496e-05 -0.000253891 -1.28301e-05 -4.46957e-05 -6.68683e-05 0.000958707 0.000218182 0.000788235 0.0010622 0.00126718 0.00102692 0.00126316
internal_weight=7864 1201 645 513 6663 6409 6280 556 164 254 208 392 129 132
internal_count=7864 1201 645 513 6663 6409 6280 556 164 254 208 392 129 132
is_linear=0
shrinkage=0.03


Tree=215
num_leaves=15
num_cat=0
split_feature=57 47 36 29 40 40 40 52 11 33 58 42 30 42
split_gain=0.219122 0.551262 0.669309 0.559228 0.346479 0.204122 0.274501 0.270358 0.16462 0.313899 0.286333 0.144063 0.135829 0.0915219
threshold=1.0000000180025095e-35 1.0000000180025095e-35 4.5000000000000009 3918.6372070312505 0.4052631556987763 0.76315790414810192 0.93157893419265758 20.071805953979496 3.5998610258102421 60.882850646972663 99.653888702392592 0.91037613153457653 0.77232143282890331 -0.2901292592287063
decision_type=2 2 2 2 2 2 2 2 2 2 2 2 2 2
left_child=1 11 3 -3 -4 8 12 -8 10 -10 -2 13 -7 -1
right_child=5 2 4 -5 -6 6 7 -9 9 -11 -12 -13 -14 -15
leaf_value=0.00011641945262932371 -2.1924265740949606e-05 -0.0030684516080589702 0.003172447246020867 -0.00031584387624554721 -0.0006361258896800064 0.00035328530503121833 0.00039249633141499044 -0.035616220389628354 0.00025259985151827738 -0.00088388707022715696 -0.00034225871551272276 -0.00047233013060492528 0.013116918120945502 0.0023067825690465064
leaf_weight=32 4730 30 61 30 45 303 376 59 1207 211 230 33 424 93
leaf_count=32 4730 30 61 30 45 303 376 59 1207 211 230 33 424 93
internal_value=4.2721e-05 -0.00072 -0.00192216 -0.00442623 -0.000476635 7.55868e-05 0.000441101 -0.000154816 8.93561e-06 0.000293869 -7.2566e-05 0.00054717 0.00079739 0.0010119
internal_weight=7864 324 166 60 106 7540 1162 435 6378 1418 4960 158 727 125
internal_count=7864 324 166 60 106 7540 1162 435 6378 1418 4960 158 727 125
is_linear=0
shrinkage=0.03


Tree=216
num_leaves=15
num_cat=0
split_feature=57 47 36 29 40 40 40 18 0 12 58 16 43 58
split_gain=0.212598 0.551262 0.669309 0.559228 0.346479 0.162233 0.285178 0.391685 0.160832 0.204806 0.153362 0.116517 0.105593 0.0937871
threshold=1.0000000180025095e-35 1.0000000180025095e-35 4.5000000000000009 3918.6372070312505 0.4052631556987763 0.76315790414810192 0.88947367668151867 0.53125000000000011 18.333333015441898 116.26041412353517 4.3973610401153573 12.317856788635256 0.35206145048141485 2.6202777624130253
decision_type=2 2 2 2 2 2 2 2 2 2 2 2 2 2
left_child=1 12 3 -3 -4 8 11 -8 10 -10 -2 -7 13 -1
right_child=5 2 4 -5 -6 6 7 -9 9 -11 -12 -13 -14 -15
leaf_value=0.00050205966768228285 0.0010211867227804654 -0.0029763980598172001 0.0030772738286402408 -0.0003063685599581809 -0.00061704211298960611 0.00040793860307672056 0.00055738113336811453 -0.010958384116453695 -0.00026122961131460866 8.0987069125596962e-06 -9.1718015524291994e-05 0.016059917814306518 0.0039936185103027436 -0.00063445711674744391
leaf_weight=64 392 30 61 30 45 204 556 63 887 4951 148 339 64 30
leaf_count=64 392 30 61 30 45 204 556 63 887 4951 148 339 64 30
internal_value=3.12779e-05 -0.00072 -0.00192216 -0.00442623 -0.000476635 6.36521e-05 0.00038951 -5.08064e-05 4.23268e-06 -4.16167e-05 0.000499076 0.000890625 0.00054717 -9.47368e-05
internal_weight=7864 324 166 60 106 7540 1162 619 6378 5838 540 543 158 94
internal_count=7864 324 166 60 106 7540 1162 619 6378 5838 540 543 158 94
is_linear=0
shrinkage=0.03


Tree=217
num_leaves=15
num_cat=0
split_feature=25 36 33 27 6 42 49 56 53 56 42 49 52 19
split_gain=0.199915 0.318971 0.251183 0.29728 0.224339 0.525877 0.406253 0.556154 0.395129 0.26389 0.206095 0.0283467 0.0722838 0.025879
threshold=852.02047729492199 686.00000000000011 68.641983032226577 7.9073200225830087 0.20833333581686023 0.81241145730018627 116.05777740478517 2.5000000000000004 15.500000000000002 11.500000000000002 -0.88144907355308522 15.358333110809328 21.187916755676273 0.42029668390750891
decision_type=2 2 2 2 2 2 2 2 2 2 2 2 2 2
left_child=1 2 3 -1 6 8 10 -8 -6 -7 -2 12 -3 -4
right_child=4 11 13 -5 5 9 7 -9 -10 -11 -12 -13 -14 -15
leaf_value=-0.00025295954527930318 0.0026723274232828792 0.024855856026215605 0.19002012312881647 4.2963478797795325e-05 -0.00074387440039608819 0.0010139581312932208 -0.0014767476132459545 0.0046007098773885192 -0.0072407965865589298 -0.005047040072987642 4.5090384721493956e-06 0.27147866884306565 -0.0012125052844509335 0.051878923965788602
leaf_weight=71 167 52 122 4444 707 263 39 35 91 51 1612 147 33 30
leaf_count=71 167 52 122 4444 707 263 39 35 91 51 1612 147 33 30
internal_value=3.50922e-05 0.000152755 9.86504e-05 5.81267e-05 -0.000159305 -0.000495957 4.28803e-05 -0.00212 -0.000904881 0.000542857 0.000133989 0.00123605 0.000784884 0.00129412
internal_weight=7864 4899 4667 4515 2965 1112 1853 74 798 314 1779 232 85 152
internal_count=7864 4899 4667 4515 2965 1112 1853 74 798 314 1779 232 85 152
is_linear=0
shrinkage=0.03


Tree=218
num_leaves=15
num_cat=0
split_feature=27 49 16 42 42 36 25 42 40 43 25 12 18 17
split_gain=0.191927 0.698579 0.462733 0.60071 0.425899 0.495834 0.423603 0.508338 0.400433 0.375188 0.309308 0.293704 0.218759 0.189545
threshold=49.820095062255866 0.95597222447395336 49.543529510498054 -0.41248606145381922 0.58216583728790294 475.50000000000006 1962.8914794921877 0.88144907355308544 0.88947367668151867 -0.88144907355308522 852.02047729492199 682.52084350585949 0.51041665673255932 85.165557861328139
decision_type=2 2 2 2 2 2 2 2 2 2 2 2 2 2
left_child=4 2 9 -4 5 10 11 -8 -7 -2 -1 -6 13 -3
right_child=1 12 3 -5 6 8 7 -9 -10 -11 -12 -13 -14 -15
leaf_value=0.00089841392434091667 -0.00022619142768293737 0.00036118831907082491 -0.0020128690288196581 -0.00058365191655001354 -0.00024645370378994174 -0.0048028933136876756 -0.026470885375632903 0.00028160345996309854 -0.017312375320119013 3.8131825396763454e-05 -5.8761524875872266e-05 0.031499255715207487 -0.0014754271233769162 0.0020355755297517954
leaf_weight=1334 222 997 57 97 1721 237 35 36 47 1153 1145 104 55 624
leaf_count=1334 222 997 57 97 1721 237 35 36 47 1153 1145 104 55 624
internal_value=3.89066e-05 0.000217561 -0.000246078 -0.0018 -8.40128e-05 0.000153582 -0.000430153 -0.0026875 -0.00103158 -7.08575e-05 0.000289718 -0.000340909 0.000640429 0.000703761
internal_weight=7864 3205 1529 154 4659 2763 1896 71 284 1375 2479 1825 1676 1621
internal_count=7864 3205 1529 154 4659 2763 1896 71 284 1375 2479 1825 1676 1621
is_linear=0
shrinkage=0.03


Tree=219
num_leaves=10
num_cat=0
split_feature=49 25 17 40 40 50 40 40 23
split_gain=0.262487 0.675497 0.273183 0.590431 0.265913 0.385795 0.233755 0.210929 0.162826
threshold=495.31680297851568 850.39007568359386 789.28930664062511 0.62631577253341686 0.74210524559021007 122.50000000000001 0.10000000149011613 0.15263157337903979 22.768055915832523
decision_type=2 2 2 2 2 2 2 2 2
left_child=2 8 4 7 6 -6 -1 -4 -2
right_child=1 -3 3 -5 5 -7 -8 -9 -10
leaf_value=0.00027648221284569987 0.0034056013856369363 -0.0019008636764972001 -0.0033173646852280585 -0.0021481817946590025 0.0014149553912060082 -0.0040714926784478911 -5.2903687283641685e-05 0.0010948653163056691 -0.0015336253730488063
leaf_weight=984 38 31 32 33 1213 49 5379 75 30
leaf_count=984 38 31 32 33 1213 49 5379 75 30
internal_value=1.2206e-05 -0.001515 3.18697e-05 -0.0012766 5.60583e-05 0.000453682 -2.28629e-05 -0.000180556 0.000173913
internal_weight=7864 99 7765 140 7625 1262 6363 107 68
internal_count=7864 99 7765 140 7625 1262 6363 107 68
is_linear=0
shrinkage=0.03


Tree=220
num_leaves=13
num_cat=0
split_feature=11 58 33 49 42 53 15 40 49 43 10 19
split_gain=0.176064 0.324942 0.309267 0.288968 0.258033 0.307092 0.254867 0.343931 0.259017 0.202533 0.129876 0.025879
threshold=3.5998610258102421 793.11471557617199 68.641983032226577 16.617500305175785 -0.77259656786918629 61.500000000000007 0.48964698612689977 0.67894738912582409 8.1094446182250994 -0.9103761315345763 1.3249084353446963 0.42029668390750891
decision_type=2 2 2 2 2 2 2 2 2 2 2 2
left_child=1 2 9 6 5 -5 8 -8 -2 -1 -6 -4
right_child=3 -3 11 4 10 -7 7 -9 -10 -11 -12 -13
leaf_value=-0.00033734614055043715 0.0010212889763564173 -0.0010170153739931386 0.18429415412784023 -0.00791570918725399 0.012649918922877165 0.07955196353100677 -0.00052747111367045234 0.00072079880402564698 -0.00077766909548344953 -2.8186698500900662e-06 0.00022319954035434955 0.050331536968547148
leaf_weight=736 295 43 122 46 419 31 579 203 38 5180 142 30
leaf_count=736 295 43 122 46 419 31 579 203 38 5180 142 30
internal_value=1.98347e-05 -5.62009e-05 -3.75679e-05 0.000284778 0.000793427 -0.000826923 -6.72039e-06 -0.000302682 0.000687126 -7.19959e-05 0.0010169 0.00129412
internal_weight=7864 6111 6068 1753 638 77 1115 782 333 5916 561 152
internal_count=7864 6111 6068 1753 638 77 1115 782 333 5916 561 152
is_linear=0
shrinkage=0.03


Tree=221
num_leaves=12
num_cat=0
split_feature=49 1 55 2 40 50 50 40 34 40 11
split_gain=0.213276 0.434486 0.413752 0.673086 0.197258 0.378918 0.301131 0.224473 0.334788 0.235195 0.0983606
threshold=116.05777740478517 891.00906372070324 8.0659723281860369 186.50000000000003 0.74210524559021007 122.50000000000001 17.500000000000004 0.10000000149011613 44.955427169799812 0.12105263024568559 3.4815278053283696
decision_type=2 2 2 2 2 2 2 2 2 2 2
left_child=4 2 3 -2 7 6 -6 8 -1 -9 -4
right_child=1 -3 10 -5 5 -7 -8 9 -10 -11 -12
leaf_value=-0.0034260343202810717 -0.0010184534424685404 -0.0013541588497767581 0.0085231584907677731 2.1993391254637749e-05 0.00032207110246101141 -0.0040873127676975644 0.082484634861369144 -0.0005310347954036944 0.00039998366771092553 -4.7441429723558748e-05 0.0014301670842236641
leaf_weight=66 53 32 90 131 909 48 306 208 908 5083 30
leaf_count=66 53 32 90 131 909 48 306 208 908 5083 30
internal_value=8.39165e-06 -0.00072997 -0.00037377 -0.00126486 4.14398e-05 0.000383307 0.000487253 -2.75295e-05 0.000390769 -0.000104592 0.000991736
internal_weight=7864 336 304 184 7528 1263 1215 6265 974 5291 120
internal_count=7864 336 304 184 7528 1263 1215 6265 974 5291 120
is_linear=0
shrinkage=0.03


Tree=222
num_leaves=15
num_cat=0
split_feature=57 47 36 29 40 40 23 18 26 40 13 43 12 15
split_gain=0.253707 0.469996 0.669309 0.559228 0.346479 0.182643 0.27726 0.611731 0.186878 0.328351 0.206871 0.137059 0.173878 0.0914717
threshold=1.0000000180025095e-35 1.0000000180025095e-35 4.5000000000000009 3918.6372070312505 0.4052631556987763 0.76315790414810192 23.450694084167484 0.53125000000000011 2965.5000000000005 0.60526317358016979 638.88958740234386 0.47114434838294988 130.50000000000003 0.3487673699855805
decision_type=2 2 2 2 2 2 2 2 2 2 2 2 2 2
left_child=1 11 3 -3 -4 8 7 -7 9 -2 -10 12 -1 -8
right_child=5 2 4 -5 -6 6 13 -9 10 -11 -12 -13 -14 -15
leaf_value=-5.5116371731884876e-05 -0.00020623900381846948 -0.0028653019092537623 0.0029623133398090163 -0.00024522140071028771 -0.00059738529410226519 0.00079619068588428991 0.00092048909290056997 -0.011040327356193883 7.5127031781037601e-05 -0.00083248549599948096 -0.0001988572635079628 0.0042236294396606781 0.00042590207097284129 0.0031749923388442159
leaf_weight=33 360 30 61 30 45 817 73 53 3973 46 1999 60 65 219
leaf_count=33 360 30 61 30 45 817 73 53 3973 46 1999 60 65 219
internal_value=8.39165e-06 -0.000812308 -0.00192216 -0.00442623 -0.000476635 4.37608e-05 0.00038951 0.000120551 -1.9282e-05 -0.000641278 2.3104e-05 0.000358491 -0.000333333 0.00118771
internal_weight=7864 324 166 60 106 7540 1162 870 6378 406 5972 158 98 292
internal_count=7864 324 166 60 106 7540 1162 870 6378 406 5972 158 98 292
is_linear=0
shrinkage=0.03


Tree=223
num_leaves=13
num_cat=0
split_feature=40 1 12 36 24 26 58 51 25 40 43 0
split_gain=0.219473 0.300182 0.265529 0.522541 0.230906 0.203419 0.265686 0.277198 0.232771 0.350721 0.323397 0.182117
threshold=0.76315790414810192 1275.942565917969 382.23957824707037 241.00000000000003 667.35269165039074 2687.5000000000005 65.75485992431642 1.0000000180025095e-35 759.91583251953136 0.11052631586790086 -0.68322628736495961 1168.541687011719
decision_type=2 2 2 2 2 2 2 2 2 2 2 2
left_child=5 2 3 -2 -4 6 7 -1 9 -7 -10 -3
right_child=1 11 4 -5 -6 8 -8 -9 10 -11 -12 -13
leaf_value=-0.00031725501422732473 0.00074205398471698602 -0.0019367904067495649 0.0072135926769175719 -0.0096739566778174194 -0.047152207466331197 0.0018096693272540839 -0.0008454597221338048 -8.0763363487218486e-05 0.00015364202538419071 9.2691583032123191e-06 -0.00029193356596384152 0.0039183250111656008
leaf_weight=32 611 54 344 128 33 510 30 301 1028 2412 2350 31
leaf_count=32 611 54 344 128 33 510 30 301 1028 2412 2350 31
internal_value=2.74635e-05 0.000400582 0.000531782 0.000200676 0.00117857 -3.98409e-05 -0.000729396 -0.000480539 3.91093e-11 0.000196032 -0.000169577 -0.00130814
internal_weight=7864 1201 1116 739 377 6663 363 333 6300 2922 3378 85
internal_count=7864 1201 1116 739 377 6663 363 333 6300 2922 3378 85
is_linear=0
shrinkage=0.03


Tree=224
num_leaves=14
num_cat=0
split_feature=40 40 19 45 27 21 26 58 51 25 9 25 36
split_gain=0.282125 0.238083 0.357398 0.306161 0.239082 0.408123 0.198141 0.265686 0.277198 0.207367 0.322086 0.296154 0.130154
threshold=0.76315790414810192 0.88947367668151867 0.49716959893703466 -0.56174489110708226 73.468742370605483 4.1651561260223398 2687.5000000000005 65.75485992431642 1.0000000180025095e-35 759.91583251953136 0.81446757912635814 601.90017700195324 721.50000000000011
decision_type=2 2 2 2 2 2 2 2 2 2 2 2 2
left_child=6 4 3 -3 12 -6 7 8 -1 11 -11 -8 -2
right_child=1 2 -4 -5 5 -7 9 -9 -10 10 -12 -13 -14
leaf_value=-0.00030773736380050506 0.010234138003232468 -0.0012600491656818578 -0.010280241777010797 0.00066620922249510607 0.050244994419815184 -0.0034033451550603616 -1.8157308182027948e-05 -0.00082009593046979069 -7.8340462582601983e-05 -3.9735967187438589e-05 -0.00075418878758971939 0.00052876600162955398 -0.0035836963822594588
leaf_weight=32 442 210 56 379 34 31 1902 30 301 3204 174 1020 49
leaf_count=32 442 210 56 379 34 31 1902 30 301 3204 174 1020 49
internal_value=2.74635e-05 0.000450499 5.80496e-05 0.000277119 0.000904847 -0.000795454 -4.88445e-05 -0.000729396 -0.000480539 -9.52226e-06 -0.000169577 0.000175505 0.0011311
internal_weight=7864 1201 645 589 556 65 6663 363 333 6300 3378 2922 491
internal_count=7864 1201 645 589 556 65 6663 363 333 6300 3378 2922 491
is_linear=0
shrinkage=0.03


Tree=225
num_leaves=11
num_cat=0
split_feature=49 27 40 23 23 12 49 44 15 0
split_gain=0.258569 0.411938 0.220457 0.405768 0.482314 0.246072 0.484713 0.343604 0.138038 0.0174773
threshold=495.31680297851568 52.948823928833015 0.74210524559021007 23.277916908264164 22.999860763549808 130.50000000000003 30.824722290039066 -0.87837970256805409 0.3487673699855805 91.916667938232436
decision_type=2 2 2 2 2 2 2 2 2 2
left_child=2 -2 5 4 -4 6 -1 -7 -5 -3
right_child=1 9 3 8 -6 7 -8 -9 -10 -11
leaf_value=-3.6694843085307667e-05 -0.003798696404726686 7.0985587873546813e-06 0.00062010385006853715 0.00014513913576345868 -0.0021324688232694984 -0.00030535005810028101 -0.0010214315637653076 0.00013832468974855916 0.0076401300786855574 0.00032547537972416079
leaf_weight=1404 38 30 670 109 131 787 179 4110 375 31
leaf_count=1404 38 30 670 109 131 787 179 4110 375 31
internal_value=7.62913e-07 -0.001515 2.02807e-05 0.000379082 -3.55361e-05 -5.0918e-05 -0.000375947 5.42058e-05 0.00106392 2.41936e-05
internal_weight=7864 99 7765 1285 801 6480 1583 4897 484 61
internal_count=7864 99 7765 1285 801 6480 1583 4897 484 61
is_linear=0
shrinkage=0.03


Tree=226
num_leaves=15
num_cat=0
split_feature=50 42 27 9 49 40 23 55 55 3 36 21 17 42
split_gain=0.178031 0.577247 0.598993 0.405423 0.564933 1.27742 0.396782 0.395428 0.38927 0.279117 0.404358 0.19362 0.168997 0.110753
threshold=6.5000000000000009 -0.35206145048141474 46.867816925048835 0.55375000834465038 20.899305343627933 0.3315789550542832 22.741528511047367 44.318334579467781 28.924583435058597 3.0352082252502446 39.000000000000007 5.1015942096710214 8.4172224998474139 -0.99465191364288319
decision_type=2 2 2 2 2 2 2 2 2 2 2 2 2 2
left_child=3 12 8 9 7 -6 -4 -5 -3 10 -1 -11 -2 -14
right_child=1 2 6 4 5 -7 -8 -9 -10 11 -12 -13 13 -15
leaf_value=6.419627866818562e-05 -0.0025943957878106208 -0.0034679570254558135 -0.002063276495042577 -0.00022030344967158974 0.0014405309983360739 -0.024173160040653389 0.0034530947551611809 -0.0082378412997165616 0.020027908107445865 0.016123073547998811 -0.00036940511858717318 -0.00092884388882889758 0.011783791837493236 0.057753338505263603
leaf_weight=2887 35 711 314 1077 37 33 605 54 92 407 905 66 51 590
leaf_count=2887 35 711 314 1077 37 33 605 54 92 407 905 66 51 590
internal_value=8.39165e-06 0.000223843 -6.79048e-05 -8.61532e-05 -0.000572795 -0.00316901 0.000454891 -0.000409452 -0.000666045 5.09846e-05 -3.48009e-05 0.000737342 0.000966027 0.0010771
internal_weight=7864 2398 1722 5466 1201 70 919 1131 803 4265 3792 473 676 641
internal_count=7864 2398 1722 5466 1201 70 919 1131 803 4265 3792 473 676 641
is_linear=0
shrinkage=0.03


Tree=227
num_leaves=10
num_cat=0
split_feature=50 59 17 40 15 52 49 40 26
split_gain=0.248184 0.346598 0.237261 0.611646 0.26561 0.490716 0.295276 0.220269 0.165576
threshold=184.00000000000003 10.500000000000002 789.28930664062511 0.62631577253341686 15.447610378265383 40.200834274291999 495.31680297851568 0.15263157337903979 11603.500000000002
decision_type=2 2 2 2 2 2 2 2 2
left_child=2 8 4 7 6 -6 -1 -4 -2
right_child=1 -3 3 -5 5 -7 -8 -9 -10
leaf_value=-1.5686649769216078e-05 -0.0063512193911521167 -0.0056462067033805604 -0.0032171681262504435 -0.0019945545569309752 0.024505678612923621 -0.012382024864318259 -0.0017084258382605879 0.0012003508333860988 0.0057178914223917155
leaf_weight=6318 35 32 32 33 1098 111 80 79 46
leaf_count=6318 35 32 32 33 1098 111 80 79 46
internal_value=-1.83089e-05 -0.00140789 2.12852e-06 -0.0012 2.50395e-05 0.000432645 -5.20393e-05 -0.000120536 -0.000347561
internal_weight=7864 113 7751 144 7607 1209 6398 111 81
internal_count=7864 113 7751 144 7607 1209 6398 111 81
is_linear=0
shrinkage=0.03


Tree=228
num_leaves=10
num_cat=0
split_feature=16 40 52 49 26 29 43 56 40
split_gain=0.577725 0.905409 0.844843 0.211463 0.490847 0.209526 0.274184 0.239325 0.0711438
threshold=134.41226959228518 0.36315789818763738 17.118888854980472 495.31680297851568 6992.0000000000009 480.22555541992193 -0.72947329282760609 140.50000000000003 0.24736841768026355
decision_type=2 2 2 2 2 2 2 2 2
left_child=3 8 -3 5 -5 6 -1 -7 -2
right_child=1 2 -4 4 -6 7 -8 -9 -10
leaf_value=0.00033535305817650792 0.00022489193910530357 -0.0017868941481948171 -4.1894918112814862e-05 0.0017241916909546699 -0.0018222954273307858 2.8298562864663999e-05 -0.00047827124543765891 0.0012856932030506022 0.0028727385756584971
leaf_weight=221 48 36 36 45 47 6406 782 212 31
leaf_count=221 48 36 36 45 47 6406 782 212 31
internal_value=-3.35664e-05 -0.00186513 -0.00427397 2.52791e-06 -0.00141935 1.98767e-05 -0.000383964 8.11301e-05 0.00035625
internal_weight=7864 151 72 7713 92 7621 1003 6618 79
internal_count=7864 151 72 7713 92 7621 1003 6618 79
is_linear=0
shrinkage=0.03


Tree=229
num_leaves=12
num_cat=0
split_feature=16 40 52 56 17 16 19 33 53 40 23
split_gain=0.582548 0.905409 0.844843 0.189368 0.255203 0.427887 0.186785 0.488013 0.473854 0.0711438 0.0209323
threshold=134.41226959228518 0.36315789818763738 17.118888854980472 140.50000000000003 121.89111328125001 50.184326171875007 0.44945991039276129 58.06048774719239 151.50000000000003 0.24736841768026355 21.59263896942139
decision_type=2 2 2 2 2 2 2 2 2 2 2
left_child=3 9 -3 6 10 -6 7 -1 -8 -2 -5
right_child=1 2 -4 4 5 -7 8 -9 -10 -11 -12
leaf_value=-6.1366533173910819e-05 0.00021814518093214458 -0.0017332873237489723 -4.0638070569430392e-05 0.00064411905021709455 -0.0091542086900622526 0.18019535663015179 -7.4389476674263533e-05 0.0037827747731094957 -0.0080620070576670512 0.002786556418388742 0.0025924376943228947
leaf_weight=2204 48 36 36 37 30 34 3922 1208 119 31 159
leaf_count=2204 48 36 36 37 30 34 3922 1208 119 31 159
internal_value=-2.59377e-05 -0.00186513 -0.00427397 1.0306e-05 0.000804598 -0.000830769 -1.75073e-05 0.000145913 -0.000155492 0.00035625 0.0013401
internal_weight=7864 151 72 7713 260 64 7453 3412 4041 79 196
internal_count=7864 151 72 7713 260 64 7453 3412 4041 79 196
is_linear=0
shrinkage=0.03


Tree=230
num_leaves=12
num_cat=0
split_feature=16 40 52 29 43 10 50 58 25 49 40
split_gain=0.455639 0.751939 0.645805 0.242211 0.310448 0.237567 0.30613 0.297477 0.23344 0.159125 0.0711438
threshold=134.41226959228518 0.36315789818763738 17.118888854980472 480.22555541992193 -0.72947329282760609 1.0611740350723269 30.500000000000004 793.11471557617199 1634.3386840820315 27.175556182861332 0.24736841768026355
decision_type=2 2 2 2 2 2 2 2 2 2 2
left_child=3 10 -3 4 9 7 -7 -5 -6 -1 -2
right_child=1 2 -4 5 8 6 -8 -9 -10 -11 -12
leaf_value=0.00036290109175334125 0.0002116008255041799 -0.0016812887040365031 -3.941892845234776e-05 -1.2665602569726126e-05 -0.00062121340597310205 7.8499490114962106e-05 0.09973251074423016 -0.00099546222507319502 -0.00014331224291505275 -0.00047602169770144515 0.0027029597258370792
leaf_weight=191 48 36 36 5065 713 1053 547 45 69 30 31
leaf_count=191 48 36 36 5065 713 1053 547 45 69 30 31
internal_value=-4.11951e-05 -0.00166776 -0.00386301 -9.13919e-06 -0.000443725 5.58784e-05 0.000374766 -4.40227e-05 -0.000724138 0.000547297 0.00035625
internal_weight=7864 151 72 7713 1003 6710 1600 5110 782 221 79
internal_count=7864 151 72 7713 1003 6710 1600 5110 782 221 79
is_linear=0
shrinkage=0.03


Tree=231
num_leaves=14
num_cat=0
split_feature=49 55 25 27 23 15 58 53 35 52 43 17 0
split_gain=0.357417 0.594815 0.48616 0.589105 0.470575 0.416143 0.313492 0.443129 0.268356 0.272997 0.263621 0.184128 0.0222904
threshold=116.05777740478517 8.0659723281860369 850.39007568359386 69.286941528320327 22.735417366027836 35.729955673217781 5.57694435119629 2.5000000000000004 164.99555206298831 16.139027595520023 -0.99465191364288319 110.70222473144533 349.08332824707037
decision_type=2 2 2 2 2 2 2 2 2 2 2 2 2
left_child=5 2 3 -2 -4 8 7 -7 9 -1 -10 12 -3
right_child=1 11 4 -5 -6 6 -8 -9 10 -11 -12 -13 -14
leaf_value=-0.00014951274857195429 0.00073259111044404865 0.0087588969611547707 -0.0012118338071728622 -0.0026007117021212469 -0.0029955031927523389 -0.0088228193533098544 0.00032751435151259794 0.00050791500947822209 -0.00095594551760144178 0.0013277804081567107 8.3443699726593162e-05 -0.0011231641427323052 0.010017854965729116
leaf_weight=547 79 71 32 56 38 41 33 33 206 77 6591 30 30
leaf_count=547 79 71 32 56 38 41 33 33 206 77 6591 30 30
internal_value=-4.11951e-05 -0.000997033 -0.00200243 -0.0009375 -0.00401408 1.59388e-06 -0.00184722 -0.00292 2.84964e-05 -0.0005664 8.31863e-05 0.000579545 0.00119118
internal_weight=7864 336 205 135 70 7528 107 74 7421 624 6797 131 101
internal_count=7864 336 205 135 70 7528 107 74 7421 624 6797 131 101
is_linear=0
shrinkage=0.03


Tree=232
num_leaves=11
num_cat=0
split_feature=49 42 49 30 43 16 42 52 34 23
split_gain=0.358684 0.588118 0.260585 0.609364 0.855744 0.542639 0.541131 0.426429 0.401545 0.147618
threshold=495.31680297851568 0.52778512239456188 0.14763888716697696 0.80505952239036571 -0.99465191364288319 111.37792587280275 -0.41248606145381922 156.08569335937503 50.68635559082032 22.527777671813968
decision_type=2 2 2 2 2 2 2 2 2 2
left_child=2 -2 5 8 -5 7 -7 -1 -4 -3
right_child=1 9 3 4 -6 6 -8 -9 -10 -11
leaf_value=-3.2754717228737351e-05 -0.0043444949169914168 0.0022679246148938734 0.00065690273664802947 -0.010723020271784449 -0.00035009405226872945 -0.0019161888354557988 -4.8804536424557608e-05 -0.00065267624058884305 -0.00011107136601647365 -0.0010823983084446978
leaf_weight=3610 38 31 1887 45 1195 34 56 113 825 30
leaf_count=3610 38 31 1887 45 1195 34 56 113 825 30
internal_value=-2.9752e-05 -0.001815 -6.7602e-06 0.000163926 -0.000386785 -0.000183665 -0.00247253 -0.000127685 0.000415776 2.41936e-05
internal_weight=7864 99 7765 3952 1240 3813 90 3723 2712 61
internal_count=7864 99 7765 3952 1240 3813 90 3723 2712 61
is_linear=0
shrinkage=0.03


Tree=233
num_leaves=12
num_cat=0
split_feature=25 49 6 42 36 33 1 53 49 52 19
split_gain=0.225785 0.558061 0.366433 0.483642 0.351916 0.276322 0.230141 0.209111 0.0283467 0.0722838 0.025879
threshold=846.88345336914074 495.31680297851568 0.20833333581686023 0.81241145730018627 686.00000000000011 68.641983032226577 348.13084411621099 2.5000000000000004 15.358333110809328 21.187916755676273 0.42029668390750891
decision_type=2 2 2 2 2 2 2 2 2 2 2
left_child=4 2 6 -4 5 7 -2 -1 9 -6 -7
right_child=1 -3 3 -5 8 10 -8 -9 -10 -11 -12
leaf_value=0.00011919660941521931 0.00020944889807621104 -0.0023136951525225147 -0.00089776717375371644 0.00059629358132267697 0.024074737466632797 0.17687591595969462 -0.0001778276983122765 -0.0001831323084623522 0.25702449442131503 -0.0018255312435859418 0.048874304191521251
leaf_weight=2903 1215 31 830 321 52 122 671 1509 147 33 30
leaf_count=2903 1215 31 830 321 52 122 671 1509 147 33 30
internal_value=-2.9752e-05 -0.000230694 -0.000189105 -0.000610677 9.88118e-05 4.07448e-05 6.83625e-05 -2.7192e-06 0.00123605 0.000784884 0.00129412
internal_weight=7864 3068 3037 1151 4796 4564 1886 4412 232 85 152
internal_count=7864 3068 3037 1151 4796 4564 1886 4412 232 85 152
is_linear=0
shrinkage=0.03


Tree=234
num_leaves=12
num_cat=0
split_feature=56 17 16 35 43 43 49 12 49 36 23
split_gain=0.205006 0.255203 0.427887 0.196955 0.275821 1.3107 0.227261 0.517642 0.23923 0.214155 0.0209323
threshold=140.50000000000003 121.89111328125001 50.184326171875007 164.99555206298831 -0.16280825436115262 -0.2901292592287063 116.05777740478517 116.26041412353517 3.1497222185134892 10.500000000000002 21.59263896942139
decision_type=2 2 2 2 2 2 2 2 2 2 2
left_child=3 10 -3 4 5 -1 8 -8 -5 -6 -2
right_child=1 2 -4 6 9 -7 7 -9 -10 -11 -12
leaf_value=-6.9084433900922534e-05 0.00064202888603029883 -0.0087909928157525775 0.17476408960795062 -6.5360942349536495e-05 0.00045792924912820053 -0.0018967291390420398 -0.003054121619865049 -4.6370377577220281e-05 0.00036874168579076837 -0.00017285457278044832 0.0025245324569503611
leaf_weight=238 37 30 34 4009 205 31 45 237 2687 152 159
leaf_count=238 37 30 34 4009 205 31 45 237 2687 152 159
internal_value=-2.21233e-05 0.000804598 -0.000830769 -5.04931e-05 -0.000559809 -0.00128333 -4.72843e-06 -0.000837456 3.04614e-05 -1.25698e-05 0.0013401
internal_weight=7864 260 64 7604 626 269 6978 282 6696 357 196
internal_count=7864 260 64 7604 626 269 6978 282 6696 357 196
is_linear=0
shrinkage=0.03


Tree=235
num_leaves=14
num_cat=0
split_feature=49 25 42 42 52 53 57 42 30 43 44 16 9
split_gain=0.214688 0.463173 0.57146 0.628428 0.380248 0.412238 0.340841 0.581294 0.336731 0.997481 0.427313 0.336508 0.235187
threshold=0.14763888716697696 1739.1350708007815 0.58216583728790294 0.91037613153457653 156.08569335937503 7.5000000000000009 1.0000000180025095e-35 -0.2901292592287063 0.80505952239036571 -0.99465191364288319 -0.60785761475563038 111.37792587280275 0.2016435116529465
decision_type=2 2 2 2 2 2 2 2 2 2 2 2 2
left_child=4 8 -3 -4 6 -6 7 -1 10 -10 -2 -8 -7
right_child=1 2 3 -5 5 12 11 -9 9 -11 -12 -13 -14
leaf_value=-0.0012303934498511548 -0.00013927918332055998 0.009987091659185366 -0.027288098372837803 -0.00017025888970379036 -0.0012691988511135349 0.00083937350522906998 -4.8443460963611281e-06 -9.8055559356776659e-06 -0.010394839237896499 -7.411579516641396e-05 0.00073474250187881729 -0.0015287947286317775 -0.002812311500649881
leaf_weight=46 692 48 34 40 49 33 3436 128 43 1130 2064 88 33
leaf_count=46 692 48 34 40 49 33 3436 128 43 1130 2064 88 33
internal_value=-2.21233e-05 0.000129936 -0.00168293 -0.00332 -0.000183665 -0.001875 -0.000130576 -0.00142286 0.000186641 -0.000238927 0.000367791 -6.63829e-05 -0.000313433
internal_weight=7864 4051 122 74 3813 115 3698 174 3929 1173 2756 3524 66
internal_count=7864 4051 122 74 3813 115 3698 174 3929 1173 2756 3524 66
is_linear=0
shrinkage=0.03


Tree=236
num_leaves=14
num_cat=0
split_feature=44 50 52 49 56 0 49 55 40 53 53 27 42
split_gain=0.226903 0.649285 1.32632 0.462867 0.332838 0.32711 0.309651 0.802719 0.298147 0.217825 0.297801 0.115798 0.0389805
threshold=-0.87837970256805409 98.500000000000014 20.071805953979496 10.35333299636841 9.5000000000000018 493.50000000000006 116.05777740478517 4.4911110401153573 0.10000000149011613 19.500000000000004 2.5000000000000004 44.908422470092781 -0.81241145730018605
decision_type=2 2 2 2 2 2 2 2 2 2 2 2 2
left_child=1 3 -3 4 -1 6 8 -8 -2 10 -7 -5 -11
right_child=5 2 -4 11 -6 9 7 -9 -10 12 -12 -13 -14
leaf_value=-6.6041508270053758e-05 0.00045543454574303963 -0.00052274066699028402 -0.077794909125434492 0.00048848541618780588 -0.0017772709924181616 0.0003398571194541923 -0.002262457496442348 0.00017714026647907804 -4.1038304631519692e-05 0.012636027001980745 -0.00058774220725542835 0.0049199391491303078 0.019545229678346564
leaf_weight=628 695 57 32 50 167 473 140 104 4771 92 143 183 329
leaf_count=628 695 57 32 50 167 473 140 104 4771 92 143 183 329
internal_value=-1.06802e-05 -0.000406529 -0.00285 -0.00019242 -0.00053706 5.49052e-05 -3.41446e-05 -0.00107755 1.26212e-05 0.000544798 0.000184765 0.000980769 0.00106991
internal_weight=7864 1117 89 1028 795 6747 5710 244 5466 1037 616 233 421
internal_count=7864 1117 89 1028 795 6747 5710 244 5466 1037 616 233 421
is_linear=0
shrinkage=0.03


Tree=237
num_leaves=13
num_cat=0
split_feature=49 42 25 49 44 16 42 52 53 40 42 57
split_gain=0.244149 0.416656 0.488236 0.475336 0.446008 0.407216 0.670416 0.434072 0.394015 0.327965 0.297762 0.293
threshold=0.14763888716697696 0.58216583728790294 1739.1350708007815 495.31680297851568 -0.60785761475563038 111.37792587280275 -0.41248606145381922 156.08569335937503 7.5000000000000009 0.98421052098274242 0.91037613153457653 1.0000000180025095e-35
decision_type=2 2 2 2 2 2 2 2 2 2 2 2
left_child=5 3 4 9 -3 7 -7 11 -9 -2 -4 -1
right_child=1 2 10 -5 -6 6 -8 8 -10 -11 -12 -13
leaf_value=-0.00087150901021961966 0.0010423265475562908 -0.0012581080237885445 -0.026468224272513722 -0.0024634296684347507 8.7492134049172067e-05 -0.0019772157540866152 2.9398530258331647e-05 -0.0012358494111783355 -6.4628536009971819e-05 -0.0044023734962338528 -0.00016320738254823716 1.9432563845195351e-06
leaf_weight=174 2026 408 34 43 1430 34 56 49 64 70 40 3436
leaf_count=174 2026 408 34 43 1430 34 56 49 64 70 40 3436
internal_value=1.2206e-05 0.000174358 -0.000147412 0.000461916 -5.05709e-05 -0.000160068 -0.00214286 -0.000111574 -0.00193421 0.000526466 -0.00252 -5.40016e-05
internal_weight=7864 4051 1912 2139 1838 3813 90 3723 113 2096 74 3610
internal_count=7864 4051 1912 2139 1838 3813 90 3723 113 2096 74 3610
is_linear=0
shrinkage=0.03


Tree=238
num_leaves=14
num_cat=0
split_feature=49 52 53 30 43 13 50 16 42 13 40 9 26
split_gain=0.242128 0.401777 0.412238 0.391838 0.62523 0.37784 0.530626 0.33039 0.490595 0.293086 0.263865 0.235187 0.216239
threshold=0.14763888716697696 156.08569335937503 7.5000000000000009 0.80505952239036571 -0.99465191364288319 1104.8542480468752 98.500000000000014 111.37792587280275 -0.41248606145381922 361.44805908203131 0.32105262577533727 0.2016435116529465 4440.5000000000009
decision_type=2 2 2 2 2 2 2 2 2 2 2 2 2
left_child=1 7 -3 5 -5 9 -7 12 -9 -2 -6 -4 -1
right_child=3 2 11 4 10 6 -8 8 -10 -11 -12 -13 -14
leaf_value=-0.00021108334900102248 4.7152583663682623e-05 -0.0011987739288429854 0.0008173623052914426 -0.010104826866150923 -0.00070521114148030248 6.4640905026139972e-05 -0.074373105177481802 -0.0019441961519935593 2.2255214137291523e-05 0.0019900222430302042 0.000544281865658909 -0.0027243220927277625 3.2742328785557027e-05
leaf_weight=546 1199 49 33 46 560 319 58 33 55 1219 650 33 3064
leaf_count=546 1199 49 33 46 560 319 58 33 55 1219 650 33 3064
internal_value=3.50922e-05 -0.000136471 -0.001875 0.00019657 -0.000243437 0.000394313 -0.000488095 -8.1914e-05 -0.00188764 0.000532038 -0.000111478 -0.000313433 -3.73857e-05
internal_weight=7864 3813 115 4051 1256 2795 377 3698 88 2418 1210 66 3610
internal_count=7864 3813 115 4051 1256 2795 377 3698 88 2418 1210 66 3610
is_linear=0
shrinkage=0.03


Tree=239
num_leaves=15
num_cat=0
split_feature=49 52 53 42 13 27 16 42 40 11 49 55 9 26
split_gain=0.210909 0.401777 0.412238 0.339372 0.502463 0.368953 0.33039 0.490595 0.298252 0.344826 0.333236 0.292984 0.235187 0.216239
threshold=0.14763888716697696 156.08569335937503 7.5000000000000009 0.58216583728790294 1820.6389160156252 49.411296844482429 111.37792587280275 -0.41248606145381922 0.98421052098274242 2.4848611354827885 226.23944091796878 5.2922220230102548 0.2016435116529465 4440.5000000000009
decision_type=2 2 2 2 2 2 2 2 2 2 2 2 2 2
left_child=1 6 -3 8 5 -5 13 -8 10 -10 -2 -6 -4 -1
right_child=3 2 12 4 11 -7 7 -9 9 -11 -12 -13 -14 -15
leaf_value=-0.00020475084853099177 0.0010077242632126522 -0.0011628107109776958 0.00079284143613269937 -0.00028180944785309299 -0.00090426598040546137 0.00036922723613355961 -0.0018858702674337524 2.1587557713172768e-05 -0.0089832746584108478 0.0069753672634798383 -0.00072389586720080043 -0.0093175196215085476 -0.00264259242994593 3.1760058921990328e-05
leaf_weight=546 1985 49 33 955 88 825 33 55 35 35 84 44 33 3064
leaf_count=546 1985 49 33 955 88 825 33 55 35 35 84 44 33 3064
internal_value=2.36491e-05 -0.000136471 -0.001875 0.000174358 -0.000116048 1.68445e-05 -8.1914e-05 -0.00188764 0.000433879 -0.00147887 0.000499275 -0.00189474 -0.000313433 -3.73857e-05
internal_weight=7864 3813 115 4051 1912 1780 3698 88 2139 70 2069 132 66 3610
internal_count=7864 3813 115 4051 1912 1780 3698 88 2139 70 2069 132 66 3610
is_linear=0
shrinkage=0.03


Tree=240
num_leaves=11
num_cat=0
split_feature=50 59 49 42 11 52 53 16 50 26
split_gain=0.263396 0.346598 0.228274 0.32345 0.404967 0.318196 0.558667 0.332699 0.2151 0.165576
threshold=184.00000000000003 10.500000000000002 0.14763888716697696 -0.41248606145381922 3.6529166698455815 192.00611114501956 7.5000000000000009 111.37792587280275 6.5000000000000009 11603.500000000002
decision_type=2 2 2 2 2 2 2 2 2 2
left_child=2 9 5 8 -5 7 -7 -1 -4 -2
right_child=1 -3 3 4 -6 6 -8 -9 -10 -11
leaf_value=-2.3149771540393621e-05 -0.0054948734220104491 -0.005530595452598039 -0.000421234603154221 -7.4954847392218394e-05 0.00055904826578863072 -0.0018075803471183003 6.6788501191850119e-05 -0.0015226334885454311 0.045333798332096852 0.0062492509633409934
leaf_weight=3625 35 32 155 2383 787 39 61 88 613 46
leaf_count=3625 35 32 155 2383 787 39 61 88 613 46
internal_value=2.36491e-05 -0.00140789 4.46982e-05 0.000204874 7.09556e-05 -0.000120739 -0.00178218 -7.5525e-05 0.000756827 -0.000347561
internal_weight=7864 113 7751 3938 3170 3813 100 3713 768 81
internal_count=7864 113 7751 3938 3170 3813 100 3713 768 81
is_linear=0
shrinkage=0.03


Tree=241
num_leaves=13
num_cat=0
split_feature=49 49 28 55 49 49 30 43 44 16 42 52
split_gain=0.270278 0.601612 0.35512 0.447053 0.301897 0.226131 0.451539 0.447319 0.439237 0.299458 0.470856 0.245574
threshold=116.05777740478517 137.15555572509768 351.72930908203131 4.4911110401153573 495.31680297851568 0.14763888716697696 0.80505952239036571 -0.99465191364288319 -0.60785761475563038 111.37792587280275 -0.41248606145381922 192.00611114501956
decision_type=2 2 2 2 2 2 2 2 2 2 2 2
left_child=5 -2 4 -4 -3 9 8 -8 -7 11 -11 -1
right_child=1 2 3 -5 -6 6 7 -9 -10 10 -12 -13
leaf_value=-2.2455278394181966e-05 -0.0020471698931429322 0.0038504819800859653 -0.0023341894539434284 0.00053914672729737999 -0.0018719304051382467 -0.0002047480384532087 -0.0097788518392340363 -0.00030548488869598677 0.0012333583053381 -0.0017573182842248341 7.2880295851430682e-05 -0.00060613375480802025
leaf_weight=3625 34 126 70 41 65 639 44 1145 1887 34 56 98
leaf_count=3625 34 126 70 41 65 639 44 1145 1887 34 56 98
internal_value=1.2206e-05 -0.000818991 -0.000386139 -0.00172768 0.000398438 4.9409e-05 0.000215958 -0.000265966 0.000442818 -0.000112874 -0.00181319 -7.12943e-05
internal_weight=7864 336 302 111 191 7528 3715 1189 2526 3813 90 3723
internal_count=7864 336 302 111 191 7528 3715 1189 2526 3813 90 3723
is_linear=0
shrinkage=0.03


Tree=242
num_leaves=13
num_cat=0
split_feature=25 49 59 10 25 49 25 9 36 53 52 49
split_gain=0.249852 0.293473 0.333175 0.308632 0.219265 0.583286 0.719958 0.374879 0.312048 0.317153 0.093074 0.0283467
threshold=329.22135925292974 35.18236160278321 107.50000000000001 0.21742971241474154 846.88345336914074 116.05777740478517 1031.3113403320315 0.44936342537403112 686.00000000000011 53.500000000000007 3.3098610639572148 15.358333110809328
decision_type=2 2 2 2 2 2 2 2 2 2 2 2
left_child=1 2 3 -1 8 7 -7 -6 9 -2 -4 -10
right_child=4 -3 10 -5 5 6 -8 -9 11 -11 -12 -13
leaf_value=-0.00027235663779050251 0.00013855907092991584 -0.0049011284555832294 0.025069263122045587 -2.9057737685781631e-05 6.0671432959366129e-05 -0.0019657030963107719 0.00017184894753371813 -0.00064003361843309545 0.0052597403560923715 -0.0012480755252411312 0.010301906951916729 0.24774495657213327
leaf_weight=60 3690 46 74 129 2002 59 51 956 85 535 30 147
leaf_count=60 3690 46 74 129 2002 59 51 956 85 535 30 147
internal_value=-3.05145e-06 -0.000798529 -0.000443878 -0.00119211 3.2886e-05 -0.000162268 -0.0022973 -8.21223e-05 0.000167227 0.000108258 0.000914286 0.00123605
internal_weight=7864 339 293 189 7525 3068 110 2958 4457 4225 104 232
internal_count=7864 339 293 189 7525 3068 110 2958 4457 4225 104 232
is_linear=0
shrinkage=0.03


Tree=243
num_leaves=15
num_cat=0
split_feature=29 43 33 40 35 30 24 42 15 59 49 7 50 25
split_gain=0.196857 0.456618 0.255666 0.482583 1.17524 0.37119 0.315984 0.348939 0.228031 0.309825 0.294512 0.143989 0.0951301 0.0587288
threshold=480.22555541992193 -0.72947329282760609 59.155794143676765 0.28947368264198309 166.47208404541018 0.7604166865348817 476.05802917480474 1.0000000180025095e-35 0.48964698612689977 3.5000000000000004 2.0183333158493046 0.48220558464527136 55.500000000000007 1448.9240722656252
decision_type=2 2 2 2 2 2 2 2 2 2 2 2 2 2
left_child=1 11 6 4 -4 -5 7 -2 10 -10 -3 13 -8 -1
right_child=2 8 3 5 -6 -7 12 -9 9 -11 -12 -13 -14 -15
leaf_value=0.0050187467456882092 -0.00021720550917702543 0.0038267973881371759 -0.04419378212304139 -0.00066416812578463285 0.00041458125314271856 0.015501016470339427 0.026155921481947581 2.1106291192940011e-05 -0.00068284322565998216 0.00027922156092437381 -0.00069080349663502968 -0.003073859676839881 0.095954896340757379 5.1240667111764603e-05
leaf_weight=134 1579 127 131 130 396 1084 227 3109 457 125 73 38 205 49
leaf_count=134 1579 127 131 130 396 1084 227 3109 457 125 73 38 205 49
internal_value=8.39165e-06 -0.000383964 6.57972e-05 0.000379736 -0.000377841 0.000708642 -4.10076e-05 -0.000112604 -0.000724138 -0.00102401 0.000149254 0.000817568 0.000734411 0.00116576
internal_weight=7864 1003 6861 1741 527 1214 5120 4688 782 582 200 221 432 183
internal_count=7864 1003 6861 1741 527 1214 5120 4688 782 582 200 221 432 183
is_linear=0
shrinkage=0.03


Tree=244
num_leaves=10
num_cat=0
split_feature=56 15 42 15 50 42 59 43 28
split_gain=0.23329 0.206131 0.322306 0.250288 0.233418 0.189092 0.182212 0.161735 0.109652
threshold=142.50000000000003 35.729955673217781 -0.41248606145381922 24.191036224365238 98.500000000000014 -0.63405361771583546 2.5000000000000004 -0.9103761315345763 44.981086730957038
decision_type=2 2 2 2 2 2 2 2 2
left_child=1 3 -3 4 -1 -2 -4 -5 -7
right_child=5 2 6 7 -6 8 -8 -9 -10
leaf_value=1.1397604967959701e-06 -0.0072012664122174464 -0.0014746440483880082 -0.0029401038708326008 -0.0025396944693317396 -0.002611984688342236 -9.8046745109604417e-06 0.0023282873219798647 0.031296927249659885 0.0041280360432533122
leaf_weight=6517 33 34 52 50 561 31 33 366 187
leaf_count=6517 33 34 52 50 561 31 33 366 187
internal_value=7.62913e-07 -2.89598e-05 -0.0012625 -9.2061e-06 -5.12784e-05 0.00089881 -0.000261628 0.000705036 0.00121918
internal_weight=7864 7613 119 7494 7078 251 85 416 218
internal_count=7864 7613 119 7494 7078 251 85 416 218
is_linear=0
shrinkage=0.03


Tree=245
num_leaves=11
num_cat=0
split_feature=17 40 40 24 58 22 25 49 34 49
split_gain=0.319972 0.541714 0.333241 0.186985 0.58791 0.305749 0.294643 0.59402 0.31736 0.0161744
threshold=789.28930664062511 0.62631577253341686 0.22631578892469409 173.91666412353518 137.3555603027344 6.678821563720704 846.88345336914074 116.05777740478517 47.491628646850593 2.0183333158493046
decision_type=2 2 2 2 2 2 2 2 2 2
left_child=3 2 -2 4 5 -1 8 -8 -5 -4
right_child=1 -3 9 6 -6 -7 7 -9 -10 -11
leaf_value=-0.00030283364704957637 -0.0035242462637039909 -0.0023355243069160658 0.016218392057971487 -3.4726397911224985e-05 -0.00073299999675323195 2.242497235857939e-05 -6.1066711972524002e-05 -0.0013688066845797733 0.0009479078807898909 0.001161413766592531
leaf_weight=315 47 33 34 1457 46 671 2958 110 2163 30
leaf_count=315 47 33 34 1457 46 671 2958 110 2163 30
internal_value=-1.06802e-05 -0.0014069 -0.000388393 1.55421e-05 -0.000360116 -0.000203647 7.35536e-05 -0.000142717 0.000256835 0.00101538
internal_weight=7864 144 111 7720 1032 986 6688 3068 3620 64
internal_count=7864 144 111 7720 1032 986 6688 3068 3620 64
is_linear=0
shrinkage=0.03


Tree=246
num_leaves=12
num_cat=0
split_feature=17 40 40 15 50 42 43 24 58 42 49
split_gain=0.321723 0.541714 0.333241 0.181021 0.219707 0.98319 0.21955 0.347638 0.185594 0.185374 0.0161744
threshold=789.28930664062511 0.62631577253341686 0.22631578892469409 24.191036224365238 124.50000000000001 -0.77259656786918629 -0.84874749183654774 411.58334350585943 793.11471557617199 0.97335553169250499 2.0183333158493046
decision_type=2 2 2 2 2 2 2 2 2 2 2
left_child=3 2 -2 4 8 -6 7 -5 -1 -8 -4
right_child=1 -3 10 6 5 -7 9 -9 -10 -11 -12
leaf_value=1.3181004503892908e-05 -0.003418518875792872 -0.0022654585777085838 0.015731840296232341 -0.0034115160027826316 -0.0086019137401802479 -0.00047547783788409493 0.051753757880759137 0.14111516088351131 -0.00042526605182716093 -0.016304449966857232 0.0011265713535947551
leaf_weight=6920 47 33 34 44 33 297 302 34 56 34 30
leaf_count=6920 47 33 34 44 33 297 302 34 56 34 30
internal_value=-6.86582e-06 -0.0014069 -0.000388393 1.94276e-05 -1.51909e-05 -0.000770393 0.000628916 -0.000797468 2.06393e-05 0.000961424 0.00101538
internal_weight=7864 144 111 7720 7306 330 414 78 6976 336 64
internal_count=7864 144 111 7720 7306 330 414 78 6976 336 64
is_linear=0
shrinkage=0.03


Tree=247
num_leaves=9
num_cat=0
split_feature=16 42 15 15 4 42 42 43
split_gain=0.468551 0.838798 0.236684 0.234607 0.185035 0.182866 0.28293 0.177105
threshold=134.41226959228518 -0.41248606145381922 40.719272613525398 24.191036224365238 27.342800140380863 0.52778512239456188 0.81241145730018627 -0.9103761315345763
decision_type=2 2 2 2 2 2 2 2
left_child=2 -2 3 4 -1 -3 -7 -5
right_child=1 5 -4 7 -6 6 -8 -9
leaf_value=7.8926503807083227e-06 -0.001175467960500574 0.0006755092777839699 -0.0082448777380076353 -0.0023593261538091348 -0.0012121771141900307 -0.0014136378971533194 0.0011593092068567438 0.10439209630384112
leaf_weight=6831 38 34 39 50 475 30 49 318
leaf_count=6831 38 34 39 50 475 30 49 318
internal_value=-1.83089e-05 -0.00166776 1.4195e-05 2.6189e-05 -1.10852e-05 -0.000355263 -0.00114375 0.000764228
internal_weight=7864 151 7713 7674 7306 113 79 368
internal_count=7864 151 7713 7674 7306 113 79 368
is_linear=0
shrinkage=0.03


Tree=248
num_leaves=9
num_cat=0
split_feature=16 42 15 15 42 42 43 50
split_gain=0.47072 0.838798 0.237485 0.232128 0.182866 0.28293 0.177105 0.174366
threshold=134.41226959228518 -0.41248606145381922 40.719272613525398 24.191036224365238 0.52778512239456188 0.81241145730018627 -0.9103761315345763 124.50000000000001
decision_type=2 2 2 2 2 2 2 2
left_child=2 -2 3 7 -3 -6 -5 -1
right_child=1 4 -4 6 5 -7 -8 -9
leaf_value=7.4623446877537701e-06 -0.0011402039216855567 0.0006552439994504508 -0.0079975314058674061 -0.0022885463691948629 -0.0013712287602387198 0.0011245299306510415 0.10126033341472589 -0.0023005592125348341
leaf_weight=6976 38 34 39 50 30 49 318 330
leaf_count=6976 38 34 39 50 30 49 318 330
internal_value=-1.44946e-05 -0.00166776 1.8084e-05 3.00978e-05 -0.000355263 -0.00114375 0.000764228 -6.97957e-06
internal_weight=7864 151 7713 7674 113 79 368 7306
internal_count=7864 151 7713 7674 113 79 368 7306
is_linear=0
shrinkage=0.03


Tree=249
num_leaves=9
num_cat=0
split_feature=16 42 42 42 58 25 59 58
split_gain=0.47072 0.838798 0.182866 0.28293 0.17622 0.17109 0.323674 0.1977
threshold=134.41226959228518 -0.41248606145381922 0.52778512239456188 0.81241145730018627 793.11471557617199 329.22135925292974 107.50000000000001 161.59083557128909
decision_type=2 2 2 2 2 2 2 2
left_child=4 -2 -3 -4 5 6 -1 -7
right_child=1 2 3 -5 -6 7 -8 -9
leaf_value=-0.00023781845880596562 -0.0011059978040349901 0.0006355866794669373 -0.0013300918974315581 0.0010907940327315104 -0.00037489586221169671 1.6356181555578166e-05 0.0059863246469842642 0.000785904347226427
leaf_weight=210 38 34 30 49 57 7161 128 157
leaf_count=210 38 34 30 49 57 7161 128 157
internal_value=-1.44946e-05 -0.00166776 -0.000355263 -0.00114375 1.8084e-05 3.05603e-05 -0.000628319 6.1074e-05
internal_weight=7864 151 113 79 7713 7656 338 7318
internal_count=7864 151 113 79 7713 7656 338 7318
is_linear=0
shrinkage=0.03


Tree=250
num_leaves=11
num_cat=0
split_feature=16 42 24 58 22 44 50 0 42 42
split_gain=0.466386 0.838798 0.211465 0.577524 0.282082 0.237119 0.521395 0.254661 0.182866 0.28293
threshold=134.41226959228518 -0.41248606145381922 173.91666412353518 137.3555603027344 6.678821563720704 -0.87837970256805409 98.500000000000014 493.50000000000006 0.52778512239456188 0.81241145730018627
decision_type=2 2 2 2 2 2 2 2 2 2
left_child=2 -2 3 4 -1 6 -4 -7 -3 -10
right_child=1 8 5 -5 -6 7 -8 -9 9 -11
leaf_value=-0.00028747016386108075 -0.0010728178699139404 0.00061651907908292917 -7.6141735732155512e-05 -0.00072344885115276114 1.6169686644703177e-05 2.8419970811831898e-05 -0.011178727968187807 0.00086057964684704824 -0.0012901891405086117 0.0010580702117495651
leaf_weight=315 38 34 804 46 671 4833 88 956 30 49
leaf_count=315 38 34 804 46 671 4833 88 956 30 49
internal_value=-2.21233e-05 -0.00166776 1.0306e-05 -0.000389158 -0.000234043 7.20593e-05 -0.000382979 0.000142228 -0.000355263 -0.00114375
internal_weight=7864 151 7713 1032 986 6681 892 5789 113 79
internal_count=7864 151 7713 1032 986 6681 892 5789 113 79
is_linear=0
shrinkage=0.03


Tree=251
num_leaves=11
num_cat=0
split_feature=16 42 25 59 6 50 58 58 42 42
split_gain=0.47072 0.838798 0.209662 0.245836 0.553523 0.290271 0.192321 0.196159 0.182866 0.28293
threshold=134.41226959228518 -0.41248606145381922 329.22135925292974 107.50000000000001 1.0000000180025095e-35 1.5000000000000002 793.11471557617199 161.59083557128909 0.52778512239456188 0.81241145730018627
decision_type=2 2 2 2 2 2 2 2 2 2
left_child=2 -2 3 4 -1 -5 7 -4 -3 -10
right_child=1 8 6 5 -6 -7 -8 -9 9 -11
leaf_value=-0.00091778136302958654 -0.0010406333338165222 0.00059802350671044134 1.2146298427922943e-05 0.018784223987681547 -8.6977353861077597e-05 -0.0023326028499380475 -0.00038565739396389392 0.00074258746542384276 -0.0012514834662933532 0.0010263281053970782
leaf_weight=32 38 34 7161 77 179 51 56 157 30 49
leaf_count=32 38 34 7161 77 179 51 56 157 30 49
internal_value=-1.44946e-05 -0.00166776 1.8084e-05 -0.000710294 -0.00133726 0.000325581 5.16611e-05 6.51729e-05 -0.000355263 -0.00114375
internal_weight=7864 151 7713 339 211 128 7374 7318 113 79
internal_count=7864 151 7713 339 211 128 7374 7318 113 79
is_linear=0
shrinkage=0.03


Tree=252
num_leaves=12
num_cat=0
split_feature=16 42 10 40 58 33 11 42 42 40 19
split_gain=0.475074 0.838798 0.19206 0.480613 0.537659 0.26083 0.28922 0.182866 0.28293 0.0806527 0.025879
threshold=134.41226959228518 -0.41248606145381922 1.3249084353446963 0.67894738912582409 15.37055540084839 68.641983032226577 3.5998610258102421 0.52778512239456188 0.81241145730018627 0.96315789222717296 0.42029668390750891
decision_type=2 2 2 2 2 2 2 2 2 2 2
left_child=2 -2 5 4 -4 6 -1 -3 -9 -5 -7
right_child=1 7 3 9 -6 10 -8 8 -10 -11 -12
leaf_value=-2.1516549662879447e-05 -0.0010094143338020265 0.00058008280150912805 -0.00075136543143263456 0.017474363578412633 0.00053808862421574749 0.16951997691980422 0.0003799739397952583 -0.0012139389623045528 0.00099553826223516546 0.0004760253721164114 0.047319822626450396
leaf_weight=5877 38 34 345 101 104 122 1098 30 49 36 30
leaf_count=5877 38 34 345 101 104 122 1098 30 49 36 30
internal_value=-6.86582e-06 -0.00166776 2.58621e-05 -0.000495741 -0.00097 6.88132e-05 4.19295e-05 -0.000355263 -0.00114375 0.00105435 0.00129412
internal_weight=7864 151 7713 586 449 7127 6975 113 79 137 152
internal_count=7864 151 7713 586 449 7127 6975 113 79 137 152
is_linear=0
shrinkage=0.03


Tree=253
num_leaves=12
num_cat=0
split_feature=16 42 10 40 58 33 11 42 42 40 19
split_gain=0.475074 0.838798 0.19206 0.480613 0.537659 0.26083 0.28922 0.182866 0.28293 0.0806527 0.025879
threshold=134.41226959228518 -0.41248606145381922 1.3249084353446963 0.67894738912582409 15.37055540084839 68.641983032226577 3.5998610258102421 0.52778512239456188 0.81241145730018627 0.96315789222717296 0.42029668390750891
decision_type=2 2 2 2 2 2 2 2 2 2 2
left_child=2 -2 5 4 -4 6 -1 -3 -9 -5 -7
right_child=1 7 3 9 -6 10 -8 8 -10 -11 -12
leaf_value=-2.0871053172993082e-05 -0.00097913190378796575 0.00056268031746385422 -0.00072882446848965558 0.016950132671060252 0.00052194596548927523 0.16443437761221011 0.00036857472160140058 -0.0011775207934354162 0.00096567211436811079 0.0004617446109529191 0.045900227947656885
leaf_weight=5877 38 34 345 101 104 122 1098 30 49 36 30
leaf_count=5877 38 34 345 101 104 122 1098 30 49 36 30
internal_value=-6.86582e-06 -0.00166776 2.58621e-05 -0.000495741 -0.00097 6.88132e-05 4.19295e-05 -0.000355263 -0.00114375 0.00105435 0.00129412
internal_weight=7864 151 7713 586 449 7127 6975 113 79 137 152
internal_count=7864 151 7713 586 449 7127 6975 113 79 137 152
is_linear=0
shrinkage=0.03


Tree=254
num_leaves=9
num_cat=0
split_feature=16 42 42 42 58 49 53 7
split_gain=0.479448 0.838798 0.182866 0.28293 0.179563 0.173525 0.360278 0.288217
threshold=134.41226959228518 -0.41248606145381922 0.52778512239456188 0.81241145730018627 793.11471557617199 0.14763888716697696 151.50000000000003 0.45220860838890081
decision_type=2 2 2 2 2 2 2 2
left_child=4 -2 -3 -4 5 7 -7 -1
right_child=1 2 3 -5 -6 6 -8 -9
leaf_value=1.4143891156006175e-05 -0.00094975794667432657 0.00054579990793993864 -0.0011421951696323537 0.00093670195093706766 -0.00033361538289744514 0.00014264466361544502 -0.012279489943614337 -0.00039492347486520726
leaf_weight=2845 38 34 30 49 57 3864 82 865
leaf_count=2845 38 34 30 49 57 3864 82 865
internal_value=7.62913e-07 -0.00166776 -0.000355263 -0.00114375 3.36402e-05 4.62322e-05 0.000184697 -0.000101051
internal_weight=7864 151 113 79 7713 7656 3946 3710
internal_count=7864 151 113 79 7713 7656 3946 3710
is_linear=0
shrinkage=0.03


Tree=255
num_leaves=9
num_cat=0
split_feature=16 42 42 42 58 49 30 7
split_gain=0.481642 0.838798 0.182866 0.28293 0.180403 0.163845 0.346112 0.257156
threshold=134.41226959228518 -0.41248606145381922 0.52778512239456188 0.81241145730018627 793.11471557617199 0.14763888716697696 0.80505952239036571 0.45220860838890081
decision_type=2 2 2 2 2 2 2 2
left_child=4 -2 -3 -4 5 7 -7 -1
right_child=1 2 3 -5 -6 6 -8 -9
leaf_value=1.3719574421326023e-05 -0.00092126520827409675 0.00052942591070174051 -0.0011079293145433828 0.0009086008924089554 -0.00032360692141052177 0.00024950377844637207 -0.00052851968438550787 -0.00038307577061925003
leaf_weight=2845 38 34 30 49 57 2717 1229 865
leaf_count=2845 38 34 30 49 57 2717 1229 865
internal_value=4.57728e-06 -0.00166776 -0.000355263 -0.00114375 3.75292e-05 5.01502e-05 0.000184697 -9.29668e-05
internal_weight=7864 151 113 79 7713 7656 3946 3710
internal_count=7864 151 113 79 7713 7656 3946 3710
is_linear=0
shrinkage=0.03


Tree=256
num_leaves=9
num_cat=0
split_feature=16 49 53 35 49 56 49 49
split_gain=0.365039 0.619225 0.887756 0.265415 0.200467 0.588569 0.196924 0.0730913
threshold=134.41226959228518 0.83333334326744091 2.5000000000000004 136.17027664184573 56.154998779296882 7.5000000000000009 0.14763888716697696 30.824722290039066
decision_type=2 2 2 2 2 2 2 2
left_child=3 2 -2 -1 6 -6 -5 -3
right_child=1 7 -4 4 5 -7 -8 -9
leaf_value=-1.1674244926752333e-05 -0.0011223344734644892 0.0010712680349588106 -6.5323047106116735e-05 -4.4279201110423542e-05 -0.00046226153333503087 0.0018592191173826991 0.0002739579620394819 0.00038427985944456463
leaf_weight=37 42 39 40 3712 369 144 3451 30
leaf_count=37 42 39 40 3712 369 144 3451 30
internal_value=-1.44946e-05 -0.00147039 -0.00321687 1.4195e-05 2.65729e-05 -0.00054572 6.76299e-05 0.000621429
internal_weight=7864 151 82 7713 7676 513 7163 69
internal_count=7864 151 82 7713 7676 513 7163 69
is_linear=0
shrinkage=0.03


Tree=257
num_leaves=9
num_cat=0
split_feature=16 49 53 35 24 18 25 49
split_gain=0.365039 0.619225 0.887756 0.265415 0.173316 0.317046 0.236259 0.0730913
threshold=134.41226959228518 0.83333334326744091 2.5000000000000004 136.17027664184573 476.05802917480474 0.48958332836627966 862.83721923828136 30.824722290039066
decision_type=2 2 2 2 2 2 2 2
left_child=3 2 -2 -1 6 -6 -5 -3
right_child=1 7 -4 4 5 -7 -8 -9
leaf_value=-1.1324017578949762e-05 -0.0010886644392605544 0.001039129993910046 -6.336335569293284e-05 3.3064580885356709e-05 0.0045636764936599732 -0.0010474441014310118 -0.00019310741395053404 0.0003727514636612279
leaf_weight=37 42 39 40 4740 750 70 2116 30
leaf_count=37 42 39 40 4740 750 70 2116 30
internal_value=-1.44946e-05 -0.00147039 -0.00321687 1.4195e-05 2.65729e-05 0.00043849 -2.27504e-05 0.000621429
internal_weight=7864 151 82 7713 7676 820 6856 69
internal_count=7864 151 82 7713 7676 820 6856 69
is_linear=0
shrinkage=0.03


Tree=258
num_leaves=9
num_cat=0
split_feature=16 49 53 35 40 1 10 49
split_gain=0.363129 0.619225 0.887756 0.26459 0.1638 0.413345 0.189984 0.0730913
threshold=134.41226959228518 0.83333334326744091 2.5000000000000004 136.17027664184573 0.76315790414810192 1385.417907714844 1.3579986095428469 30.824722290039066
decision_type=2 2 2 2 2 2 2 2
left_child=3 2 -2 -1 6 -6 -5 -3
right_child=1 7 -4 4 5 -7 -8 -9
leaf_value=-1.0984297051581262e-05 -0.0010560045060827379 0.0010079560940927448 -6.1462455022144938e-05 2.1179520225668003e-06 0.0011270098978037346 -0.0014613090003904551 -0.00055526033381180667 0.00036156891975139114
leaf_weight=37 42 39 40 6102 1102 71 401 30
leaf_count=37 42 39 40 6102 1102 71 401 30
internal_value=-1.83089e-05 -0.00147039 -0.00321687 1.0306e-05 2.26651e-05 0.000348808 -3.62084e-05 0.000621429
internal_weight=7864 151 82 7713 7676 1173 6503 69
internal_count=7864 151 82 7713 7676 1173 6503 69
is_linear=0
shrinkage=0.03


Tree=259
num_leaves=9
num_cat=0
split_feature=16 49 53 35 24 58 25 49
split_gain=0.363129 0.619225 0.887756 0.26459 0.166194 0.428629 0.28213 0.0730913
threshold=134.41226959228518 0.83333334326744091 2.5000000000000004 136.17027664184573 173.91666412353518 137.3555603027344 846.88345336914074 30.824722290039066
decision_type=2 2 2 2 2 2 2 2
left_child=3 2 -2 -1 5 -5 -6 -3
right_child=1 7 -4 4 6 -7 -8 -9
leaf_value=-1.0654768140033825e-05 -0.0010243243709002557 0.00097771741126996244 -5.9618581371480638e-05 -3.7146498959611949e-05 0.00022345364989765081 -0.00078285585387570837 -0.00011475017167531334 0.0003507218521588498
leaf_weight=37 42 39 40 951 3659 44 3022 30
leaf_count=37 42 39 40 951 3659 44 3022 30
internal_value=-1.83089e-05 -0.00147039 -0.00321687 1.0306e-05 2.26651e-05 -0.000338855 7.6549e-05 0.000621429
internal_weight=7864 151 82 7713 7676 995 6681 69
internal_count=7864 151 82 7713 7676 995 6681 69
is_linear=0
shrinkage=0.03


Tree=260
num_leaves=8
num_cat=0
split_feature=16 49 53 35 58 56 49
split_gain=0.269478 0.508263 0.699468 0.262945 0.175536 0.156301 0.0730913
threshold=134.41226959228518 0.83333334326744091 2.5000000000000004 136.17027664184573 793.11471557617199 140.50000000000003 30.824722290039066
decision_type=2 2 2 2 2 2 2
left_child=3 2 -2 -1 5 -5 -3
right_child=1 6 -4 4 -6 -7 -8
leaf_value=-1.0335125095832812e-05 -0.00099359463977324826 0.0009483858889318635 -5.7830023930335951e-05 3.0719049189763804e-06 -0.0002902838462067194 0.0017498438720071122 0.00034020019659408452
leaf_weight=37 42 39 40 7372 57 247 30
leaf_count=37 42 39 40 7372 57 247 30
internal_value=-2.21233e-05 -0.00127303 -0.00285542 2.52791e-06 1.48496e-05 2.73622e-05 0.000621429
internal_weight=7864 151 82 7713 7676 7619 69
internal_count=7864 151 82 7713 7676 7619 69
is_linear=0
shrinkage=0.03


Tree=261
num_leaves=11
num_cat=0
split_feature=16 49 53 24 58 25 49 52 36 49
split_gain=0.267837 0.508263 0.699468 0.263465 0.80221 0.284626 0.562723 0.275704 0.27126 0.0730913
threshold=134.41226959228518 0.83333334326744091 2.5000000000000004 173.91666412353518 137.3555603027344 846.88345336914074 116.05777740478517 49.750555038452156 686.00000000000011 30.824722290039066
decision_type=2 2 2 2 2 2 2 2 2 2
left_child=3 2 -2 4 7 8 -7 -1 -5 -3
right_child=1 9 -4 5 -6 6 -8 -9 -10 -11
leaf_value=-8.7436582914187942e-05 -0.00096378680058005083 0.00091993431226390751 -5.6095123212425787e-05 0.00012459756940405196 -0.00068726860985643574 -4.165438696921022e-05 -0.0013584489454401345 0.0018513788999756915 0.039699069469976679 0.00032999419069626191
leaf_weight=883 42 39 40 3427 46 2921 101 103 232 30
leaf_count=883 42 39 40 3427 46 2921 101 103 232 30
internal_value=-2.59377e-05 -0.00127303 -0.00285542 -1.36112e-06 -0.000447241 6.75696e-05 -0.000147866 -0.000264438 0.000245492 0.000621429
internal_weight=7864 151 82 7713 1032 6681 3022 986 3659 69
internal_count=7864 151 82 7713 1032 6681 3022 986 3659 69
is_linear=0
shrinkage=0.03


Tree=262
num_leaves=11
num_cat=0
split_feature=16 49 53 24 58 44 50 58 0 49
split_gain=0.269478 0.508263 0.699468 0.203311 0.372863 0.263471 0.505426 0.259231 0.225725 0.0730913
threshold=134.41226959228518 0.83333334326744091 2.5000000000000004 173.91666412353518 137.3555603027344 -0.87837970256805409 98.500000000000014 31.170139312744144 493.50000000000006 30.824722290039066
decision_type=2 2 2 2 2 2 2 2 2 2
left_child=3 2 -2 4 7 6 -5 -1 -7 -3
right_child=1 9 -4 5 -6 8 -8 -9 -10 -11
leaf_value=-0.0001301115106116069 -0.00093487319656264921 0.00089233628289599035 -5.441226951605322e-05 -8.0759104084663161e-05 -0.00066665055156074268 2.6038144296470088e-05 -0.010635939425745082 0.00057646575374008648 0.00084618963444986928 0.00032009436497537451
leaf_weight=793 42 39 40 804 46 4833 88 193 956 30
leaf_count=793 42 39 40 804 46 4833 88 193 956 30
internal_value=-2.21233e-05 -0.00127303 -0.00285542 2.52791e-06 -0.000389158 6.308e-05 -0.000416573 -0.000264438 0.000137047 0.000621429
internal_weight=7864 151 82 7713 1032 6681 892 986 5789 69
internal_count=7864 151 82 7713 1032 6681 892 986 5789 69
is_linear=0
shrinkage=0.03


Tree=263
num_leaves=12
num_cat=0
split_feature=16 49 53 24 25 36 54 42 49 42 49
split_gain=0.269478 0.508263 0.699468 0.208552 0.298714 0.352858 0.275746 0.170593 0.15522 0.0801248 0.0730913
threshold=134.41226959228518 0.83333334326744091 2.5000000000000004 578.15774536132824 852.02047729492199 686.00000000000011 1.0000000180025095e-35 0.95642796158790599 19.154166221618656 -0.47114434838294977 30.824722290039066
decision_type=2 2 2 2 2 2 2 2 2 2 2
left_child=3 2 -2 4 5 -1 -6 9 -9 -5 -3
right_child=1 10 -4 7 6 -7 -8 8 -10 -11 -12
leaf_value=1.6600731629201735e-05 -0.00090682700066576976 0.00086556619440911057 -5.2779901430571657e-05 0.042553512588944235 0.00053088554249037807 0.038507316241548489 -0.00023352297922961634 -0.0060923437457176344 0.02479472038064769 0.0014573406174145655 0.00031049153402611319
leaf_weight=4517 42 39 40 160 245 232 2172 30 32 325 30
leaf_count=4517 42 39 40 160 245 232 2172 30 32 325 30
internal_value=-2.21233e-05 -0.00127303 -0.00285542 2.52791e-06 -4.06027e-05 9.7579e-05 -0.000312035 0.000566606 -0.000904762 0.000756173 0.000621429
internal_weight=7864 151 82 7713 7166 4749 2417 547 62 485 69
internal_count=7864 151 82 7713 7166 4749 2417 547 62 485 69
is_linear=0
shrinkage=0.03


Tree=264
num_leaves=11
num_cat=0
split_feature=16 49 53 24 58 25 49 58 50 49
split_gain=0.262944 0.508263 0.699468 0.187485 0.372863 0.277807 0.552567 0.259231 0.257095 0.0730913
threshold=134.41226959228518 0.83333334326744091 2.5000000000000004 173.91666412353518 137.3555603027344 846.88345336914074 116.05777740478517 31.170139312744144 4.5000000000000009 30.824722290039066
decision_type=2 2 2 2 2 2 2 2 2 2
left_child=3 2 -2 4 7 8 -7 -1 -5 -3
right_child=1 9 -4 5 -6 6 -8 -9 -10 -11
leaf_value=-0.00012670618724213472 -0.0008796221906457965 0.00083959920857683723 -5.1196504387654502e-05 -1.5467967082222211e-07 -0.00064714905696279653 -5.0476242742699343e-05 -0.0013082670153752823 0.00055867375917900773 0.0040845498922743688 0.00030117678800532945
leaf_weight=793 42 39 40 1987 46 2921 101 193 1672 30
leaf_count=793 42 39 40 1987 46 2921 101 193 1672 30
internal_value=-3.73808e-05 -0.00127303 -0.00285542 -1.30282e-05 -0.000389158 4.51213e-05 -0.000167714 -0.000264438 0.000220902 0.000621429
internal_weight=7864 151 82 7713 1032 6681 3022 986 3659 69
internal_count=7864 151 82 7713 1032 6681 3022 986 3659 69
is_linear=0
shrinkage=0.03


Tree=265
num_leaves=12
num_cat=0
split_feature=16 49 53 1 2 42 56 0 49 12 49
split_gain=0.26457 0.508263 0.699468 0.190124 0.369036 0.324792 0.266563 0.450578 0.309107 0.263375 0.0730913
threshold=134.41226959228518 0.83333334326744091 2.5000000000000004 348.13084411621099 968.50000000000011 0.41248606145381933 60.500000000000007 301.16667175292974 71.139305114746108 618.65625000000011 30.824722290039066
decision_type=2 2 2 2 2 2 2 2 2 2 2
left_child=3 2 -2 4 9 -6 8 -8 -5 -1 -3
right_child=1 10 -4 6 5 -7 7 -9 -10 -11 -12
leaf_value=-3.1996729593331208e-05 -0.00085323352492642276 0.00081441123231953201 -4.9660609256025095e-05 -2.8528821872741039e-05 0.083055354452215208 -1.6433955247842842e-05 -0.0013578531271511648 -0.0059746694604050719 -0.00077641173743806804 0.014902941439322519 0.00029214148436516922
leaf_weight=4954 42 39 40 1498 401 266 70 42 64 418 30
leaf_count=4954 42 39 40 1498 401 266 70 42 64 418 30
internal_value=-3.35664e-05 -0.00127303 -0.00285542 -9.13919e-06 6.92881e-05 0.000734281 -0.00029194 -0.00169911 -0.000190019 -1.34003e-05 0.000621429
internal_weight=7864 151 82 7713 6039 667 1674 112 1562 5372 69
internal_count=7864 151 82 7713 6039 667 1674 112 1562 5372 69
is_linear=0
shrinkage=0.03


Tree=266
num_leaves=8
num_cat=0
split_feature=58 14 12 43 12 58 50
split_gain=0.265399 0.244249 0.354235 0.321281 0.298072 0.246049 0.208148
threshold=793.11471557617199 9528.5000000000018 469.72917175292974 -0.16280825436115262 712.01040649414074 5.57694435119629 98.500000000000014
decision_type=2 2 2 2 2 2 2
left_child=1 4 3 -3 5 -1 -4
right_child=-2 2 6 -5 -6 -7 -8
leaf_value=-4.6834388381954194e-05 -0.00029281710479488898 -0.0014857023949119723 -2.5633704842917779e-05 -0.0011264476115523617 0.19375329594395818 0.00010391439869258678 -0.058177282665608503
leaf_weight=4745 59 58 504 71 123 2254 50
leaf_count=4745 59 58 504 71 123 2254 50
internal_value=-3.73808e-05 -2.20983e-05 -0.000563596 -0.00197308 2.99032e-05 4.07147e-06 -0.000232432
internal_weight=7864 7805 683 129 7122 6999 554
internal_count=7864 7805 683 129 7122 6999 554
is_linear=0
shrinkage=0.03


Tree=267
num_leaves=15
num_cat=0
split_feature=0 1 52 0 43 27 58 35 6 59 59 53 26 42
split_gain=0.236308 0.348694 0.413685 0.628718 0.52382 0.342513 0.39593 0.416374 0.382542 0.26808 0.515757 0.451321 0.196193 0.1809
threshold=326.37500000000006 165.50778961181643 21.187916755676273 279.12500000000006 0.84874749183654796 45.010179519653327 25.496666908264164 167.33319854736331 1.0000000180025095e-35 16.500000000000004 10.500000000000002 188.50000000000003 4048.5000000000005 1.0000000180025095e-35
decision_type=2 2 2 2 2 2 2 2 2 2 2 2 2 2
left_child=1 9 4 -4 -3 6 8 -8 -2 10 -1 -11 -7 -14
right_child=5 2 3 -5 -6 12 7 -9 -10 11 -12 -13 13 -15
leaf_value=-4.5611679051123939e-05 0.062835004886402243 -0.00039308419631434752 -0.00096803621877792907 -0.0059158280095989073 0.0010380046649956444 -8.9180348346596492e-05 -0.011815952473175659 0.0004323237903519805 -0.00013305079994572002 0.0002004176578585132 -0.0013310485135737012 -0.0040153887581815609 0.0010193494637058362 0.002130455687892763
leaf_weight=2951 225 735 151 33 170 39 33 37 999 1024 82 56 575 754
leaf_count=2951 225 735 151 33 170 39 33 37 999 1024 82 56 575 754
internal_value=-2.59377e-05 -0.000143571 -0.000620642 -0.00191351 -0.00035596 0.000203905 -0.000145946 -0.00232394 -1.95918e-05 -1.71366e-05 -0.000161668 0.000388529 0.000534697 0.000596617
internal_weight=7864 5202 1089 184 905 2662 1294 70 1224 4113 3033 1080 1368 1329
internal_count=7864 5202 1089 184 905 2662 1294 70 1224 4113 3033 1080 1368 1329
is_linear=0
shrinkage=0.03


Tree=268
num_leaves=8
num_cat=0
split_feature=15 49 15 28 28 47 49
split_gain=0.300752 0.418591 0.240224 0.184092 0.259206 0.144261 0.130911
threshold=35.729955673217781 3.3470833301544194 34.618610382080085 507.26899719238287 175.26733398437503 1.0000000180025095e-35 79.912918090820327
decision_type=2 2 2 2 2 2 2
left_child=2 5 3 4 -1 -2 -5
right_child=1 -3 -4 6 -6 -7 -8
leaf_value=6.4017059397636366e-05 -0.00078076030605115742 0.00027830990216551636 0.21246102365724573 0.00020460710130650012 -7.7539862430678715e-05 -0.0029083962761562122 -0.0012882314599737671
leaf_weight=4464 39 44 96 267 2882 36 36
leaf_count=4464 39 44 96 267 2882 36 36
internal_value=-2.21233e-05 -0.0015125 9.68281e-07 -1.78431e-05 -4.77746e-05 -0.00286184 0.000705592
internal_weight=7864 119 7745 7649 7346 75 303
internal_count=7864 119 7745 7649 7346 75 303
is_linear=0
shrinkage=0.03


Tree=269
num_leaves=12
num_cat=0
split_feature=49 53 52 25 13 40 13 16 43 55 21
split_gain=0.193689 0.429319 0.387359 0.580434 0.363209 0.464277 0.416182 0.318621 0.25957 0.228276 0.152303
threshold=0.14763888716697696 262.00000000000006 156.08569335937503 728.45788574218761 638.88958740234386 0.32105262577533727 361.44805908203131 111.37792587280275 0.16280825436115268 74.31333160400392 2.979233026504517
decision_type=2 2 2 2 2 2 2 2 2 2 2
left_child=2 4 7 10 6 -6 -2 9 -9 -1 -4
right_child=1 -3 3 -5 5 -7 -8 8 -10 -11 -12
leaf_value=-3.8330804301485392e-06 4.0685409331203001e-06 -0.0095451000577196788 0.0023777865652412668 -0.0025372078763550607 -0.00080933259757186228 0.00064387567655006459 0.0032110816598047835 -0.00011330738690048414 -0.0046884530346584744 -0.00029894461000817818 -0.00025438777120778038
leaf_weight=3396 1705 30 33 52 576 579 1161 56 32 214 30
leaf_count=3396 1705 30 33 52 576 579 1161 56 32 214 30
internal_value=-1.44946e-05 0.000129936 -0.000167934 -0.001875 0.000157011 -0.000291955 0.000337984 -0.000114355 -0.00188764 -7.06175e-05 7.03125e-05
internal_weight=7864 4051 3813 115 4021 1155 2866 3698 88 3610 63
internal_count=7864 4051 3813 115 4021 1155 2866 3698 88 3610 63
is_linear=0
shrinkage=0.03


Tree=270
num_leaves=14
num_cat=0
split_feature=0 13 43 49 27 33 56 58 16 2 36 43 42
split_gain=0.243847 0.331445 0.374091 0.39147 0.319586 0.321495 0.331924 0.300032 0.455142 0.38385 0.167683 0.393186 0.107213
threshold=326.37500000000006 1367.3850097656252 0.77259656786918651 1.7129166722297671 45.010179519653327 68.641983032226577 5.5000000000000009 7.1112499237060556 111.37792587280275 288.50000000000006 10.500000000000002 -0.88144907355308522 0.68322628736495983
decision_type=2 2 2 2 2 2 2 2 2 2 2 2 2
left_child=1 7 3 -3 5 6 -2 8 -1 -9 11 -6 -12
right_child=4 2 -4 -5 10 -7 -8 9 -10 -11 12 -13 -14
leaf_value=-8.602448847513022e-05 -2.1970050695672403e-05 -0.0020279021676656225 0.0037514907241124498 0.0029036437364269607 -0.00094118307177587198 0.1664926002184956 -0.0015859733385291553 0.00034578987435449012 -0.0064087148618829932 -7.4583581649080043e-05 0.0021641141604804089 8.1468891420134716e-05 0.046530277584050761
leaf_weight=3151 1097 116 35 50 31 102 95 1009 105 736 768 271 298
leaf_count=3151 1097 116 35 50 31 102 95 1009 105 736 768 271 298
internal_value=-1.83089e-05 -0.000137805 -0.00132921 -0.00192216 0.000215171 -0.00012278 -0.000261526 -8.96641e-05 -0.000259748 0.000227663 0.000534697 -8.91089e-05 0.00071134
internal_weight=7864 5202 201 166 2662 1294 1192 5001 3256 1745 1368 302 1066
internal_count=7864 5202 201 166 2662 1294 1192 5001 3256 1745 1368 302 1066
is_linear=0
shrinkage=0.03


Tree=271
num_leaves=12
num_cat=0
split_feature=0 49 1 2 13 43 49 50 58 33 52
split_gain=0.228886 0.359634 0.331965 0.354431 0.325057 0.374091 0.39147 0.288769 0.37804 0.306535 0.247536
threshold=326.37500000000006 381.45500183105474 345.79135131835943 860.50000000000011 1367.3850097656252 0.77259656786918651 1.7129166722297671 109.50000000000001 12.453333377838137 59.155794143676765 22.289999961853031
decision_type=2 2 2 2 2 2 2 2 2 2 2
left_child=4 2 3 -2 7 6 -6 9 -9 -1 -4
right_child=1 -3 10 -5 5 -7 -8 8 -10 -11 -12
leaf_value=-5.418740711173043e-05 0.0077694553315162812 -0.0079785273246305334 -0.00013540526458020929 0.1021645967514254 -0.0019670651026356544 0.003638946002389076 0.0028165344243341519 -0.0048219541215430411 0.00036784805610465759 0.00044439677726541702 0.00041531060836897266
leaf_weight=3352 699 34 1158 574 116 35 50 201 143 1305 197
leaf_count=3352 699 34 1158 574 116 35 50 201 143 1305 197
internal_value=-3.35664e-05 0.00019264 0.000232788 0.000580455 -0.000149337 -0.00132921 -0.00192216 -0.000101659 -0.00093913 -3.96092e-05 -9.40265e-05
internal_weight=7864 2662 2628 1273 5202 201 166 5001 344 4657 1355
internal_count=7864 2662 2628 1273 5202 201 166 5001 344 4657 1355
is_linear=0
shrinkage=0.03


Tree=272
num_leaves=13
num_cat=0
split_feature=0 1 2 43 40 52 53 58 58 56 13 9
split_gain=0.221233 0.309141 0.364308 0.481835 0.351691 0.27064 0.377594 0.259264 0.247533 0.436429 0.376083 0.0721356
threshold=326.37500000000006 345.79135131835943 860.50000000000011 1.0000000180025095e-35 0.12105263024568559 22.289999961853031 3.5000000000000004 793.11471557617199 7.1112499237060556 116.50000000000001 1367.3850097656252 0.089988429099321379
decision_type=2 2 2 2 2 2 2 2 2 2 2 2
left_child=7 2 3 -2 -4 6 -3 8 9 -1 -10 -7
right_child=1 5 4 -5 -6 11 -8 -9 10 -11 -12 -13
leaf_value=-0.0001494356369992711 -0.011310908078627849 -1.7222075765039284e-05 -0.0071767409666078797 0.044761288080787998 0.12801685370752422 3.9321146198438933e-05 -0.00059671109357042407 -0.00060380056091403791 8.6459925824002972e-05 -0.00032486798191359509 -0.001525949764593938 0.001776409861370367
leaf_weight=3326 351 941 79 363 500 104 228 46 1702 95 33 96
leaf_count=3326 351 941 79 363 500 104 228 46 1702 95 33 96
internal_value=-2.9752e-05 0.00019264 0.000525116 7.13287e-05 0.00108362 -0.000121533 -0.000296154 -0.000143571 -0.000123327 -0.000271333 0.000168491 0.000895522
internal_weight=7864 2662 1293 714 579 1369 1169 5202 5156 3421 1735 200
internal_count=7864 2662 1293 714 579 1369 1169 5202 5156 3421 1735 200
is_linear=0
shrinkage=0.03


Tree=273
num_leaves=14
num_cat=0
split_feature=0 0 27 56 13 58 50 58 33 43 58 1 52
split_gain=0.267947 0.268011 0.285581 0.43684 0.251157 0.409543 0.231914 0.39873 0.250352 0.206394 0.205563 0.1003 0.158805
threshold=326.37500000000006 357.20832824707037 46.867816925048835 5.5000000000000009 1367.3850097656252 17.883055686950687 109.50000000000001 0.0048611110541969546 59.375209808349616 -0.88144907355308522 0.0048611110541969546 891.00906372070324 0.87888887524604808
decision_type=2 2 2 2 2 2 2 2 2 2 2 2 2
left_child=4 11 3 -3 6 10 8 -8 -1 -4 -6 -2 -13
right_child=1 2 9 -5 5 -7 7 -9 -10 -11 -12 12 -14
leaf_value=-3.8667357557815368e-05 0.13115817640426675 -1.4007784936010773e-05 -0.00035235180314810514 -0.0010425953147306473 -0.00088177266227688726 -0.0015550990177637088 -0.0047832866007250204 2.2203582949276925e-05 0.00060571700063582654 0.0035304422745660678 0.0099528225660014055 -0.00049215589243716321 0.00093964421525658036
leaf_weight=3392 191 1144 163 100 137 30 131 213 1265 998 34 30 36
leaf_count=3392 191 1144 163 100 137 30 131 213 1265 998 34 30 36
internal_value=-1.83089e-05 0.000226436 0.000127806 -0.000187952 -0.000143571 -0.00118069 -0.000101659 -0.000852174 -4.60498e-05 0.000466007 -0.000601744 0.00114535 0.000134328
internal_weight=7864 2662 2405 1244 5202 201 5001 344 4657 1161 171 257 66
internal_count=7864 2662 2405 1244 5202 201 5001 344 4657 1161 171 257 66
is_linear=0
shrinkage=0.03


Tree=274
num_leaves=15
num_cat=0
split_feature=28 53 49 28 53 13 47 42 55 60 42 2 50 43
split_gain=0.218645 0.3805 0.593054 0.37763 0.40687 0.300446 0.427551 0.577184 0.433986 0.28905 0.466122 0.301789 0.281871 0.0960181
threshold=175.26733398437503 151.50000000000003 13.752361297607424 81.202278137207045 42.500000000000007 1367.3850097656252 1.0000000180025095e-35 -0.22695468366146085 2.5618056058883671 1.0000000180025095e-35 0.47114434838294988 120.00000000000001 196.50000000000003 0.032701563090086018
decision_type=2 2 2 2 2 2 2 2 2 2 2 2 2 2
left_child=1 3 13 4 -1 9 8 -8 -7 10 -2 -11 -5 -3
right_child=5 2 -4 12 -6 6 7 -9 -10 11 -12 -13 -14 -15
leaf_value=1.5863933302873021e-05 -0.00059709454405205715 -0.002224276945253117 -0.036963745547019866 0.0010862974394332927 -0.006100311565081837 0.0040712235979069363 -0.0039156512086662796 -0.00091248794534964017 -0.00094997789353418215 6.2429513195976866e-05 0.001548408036425953 -4.427976403641822e-05 -0.0050564159082508078 0.060209547693050307
leaf_weight=2062 71 30 31 2056 349 107 32 108 33 538 44 2332 30 41
leaf_count=2062 71 30 31 2056 349 107 32 108 33 538 44 2332 30 41
internal_value=-4.88239e-05 8.44566e-05 -0.00171845 0.000125723 -0.000129975 -0.000236528 -0.00117438 -0.00234043 3.88381e-11 -0.000148192 -0.00161638 -8.88192e-05 0.000421179 -0.0001875
internal_weight=7864 4599 102 4497 2411 3265 280 140 140 2985 115 2870 2086 71
internal_count=7864 4599 102 4497 2411 3265 280 140 140 2985 115 2870 2086 71
is_linear=0
shrinkage=0.03


Tree=275
num_leaves=8
num_cat=0
split_feature=15 58 43 15 14 33 43
split_gain=0.196943 0.300523 0.299558 0.252927 0.196952 0.295192 0.271673
threshold=35.729955673217781 5.57694435119629 -0.032701563090086067 34.618610382080085 9528.5000000000018 68.641983032226577 0.93540480732917797
decision_type=2 2 2 2 2 2 2
left_child=3 2 -2 4 5 -1 -6
right_child=1 -3 -4 -5 6 -7 -8
leaf_value=-9.4149841882920581e-06 -0.00017159039982771177 0.00015885384435408449 -0.0075037444531868419 0.19888199136773138 -0.00082519159570827781 0.12328242106558916 0.0037653709180166342
leaf_weight=6806 42 42 35 96 612 152 79
leaf_count=6806 42 42 35 96 612 152 79
internal_value=-5.64526e-05 -0.0012625 -0.00236538 -3.77614e-05 -5.70588e-05 -9.05299e-06 -0.00053974
internal_weight=7864 119 77 7745 7649 6958 691
internal_count=7864 119 77 7745 7649 6958 691
is_linear=0
shrinkage=0.03


Tree=276
num_leaves=15
num_cat=0
split_feature=12 40 25 13 42 42 56 28 43 33 49 40 1 52
split_gain=0.211003 0.276716 1.38373 0.271132 0.367745 0.522593 0.511377 0.268563 0.517729 0.339154 0.245335 0.244086 0.167753 0.136128
threshold=577.36459350585949 0.15263157337903979 841.29623413085949 1267.488220214844 -0.2901292592287063 -0.68322628736495961 5.5000000000000009 43.227272033691413 -0.72947329282760609 59.375209808349616 0.62805554270744335 0.76315790414810192 106.68650054931642 1.9927777647972109
decision_type=2 2 2 2 2 2 2 2 2 2 2 2 2 2
left_child=3 2 -2 7 5 -5 -6 8 -1 -9 11 -3 -12 -4
right_child=1 10 13 4 6 -7 -8 9 -10 -11 12 -13 -14 -15
leaf_value=0.0037334316712291133 -0.042376496392970538 2.7529514070067893e-05 -0.00016463872535655527 -0.00099335458726391664 0.00032600905502665287 -0.0028285157313896066 -0.0011090689102909246 -2.2375426330955715e-05 -0.00061701945474572947 0.0033728282232362164 0.0010839487423042451 -0.0016234353932693699 0.027854771700326724 0.0041575065102947926
leaf_weight=135 43 209 58 68 251 41 34 4316 547 1396 182 64 408 112
leaf_count=135 43 209 58 68 251 41 34 4316 547 1396 182 64 408 112
internal_value=-3.35664e-05 0.000356546 -0.000609813 -9.54485e-05 -0.000858228 -0.00233182 -0.000288461 -4.8319e-05 -0.000610542 1.89043e-05 0.000595486 -0.00014781 0.000939086 0.000614035
internal_weight=7864 1076 213 6788 394 109 285 6394 682 5712 863 273 590 170
internal_count=7864 1076 213 6788 394 109 285 6394 682 5712 863 273 590 170
is_linear=0
shrinkage=0.03


Tree=277
num_leaves=12
num_cat=0
split_feature=53 15 42 43 24 25 34 21 60 43 0
split_gain=0.205498 0.372515 0.386643 0.581472 0.220055 0.325132 0.508949 0.306535 0.281521 0.611975 0.323684
threshold=185.50000000000003 8.3800144195556658 0.84874749183654796 0.63405361771583568 303.39137268066412 846.88345336914074 48.877935409545906 5.1015942096710214 1.0000000180025095e-35 -0.47114434838294977 50.916667938232429
decision_type=2 2 2 2 2 2 2 2 2 2 2
left_child=4 -2 3 -3 8 6 -6 -7 9 -1 -10
right_child=1 2 -4 -5 5 7 -8 -9 10 -11 -12
leaf_value=-0.00058473077309406521 0.0029374900986880986 -0.0054800324576806548 0.09900136319838207 0.0051322868466031433 -0.0018607085246959956 1.8984312992473671e-06 0.11315232754818477 -0.00075433586109706222 5.6654741273139303e-05 -0.00017212071373618631 -0.00011648236676519755
leaf_weight=38 34 35 32 31 478 1801 1001 184 1598 89 2543
leaf_count=38 34 35 32 31 478 1801 1001 184 1598 89 2543
internal_value=-4.88239e-05 -0.00121805 -0.00215152 -0.00344776 -2.87081e-05 0.000148918 0.000485473 -0.000101964 -0.000172874 -0.00155859 -0.00013001
internal_weight=7864 132 98 66 7732 3464 1479 1985 4268 127 4141
internal_count=7864 132 98 66 7732 3464 1479 1985 4268 127 4141
is_linear=0
shrinkage=0.03


Tree=278
num_leaves=14
num_cat=0
split_feature=44 50 53 55 36 0 50 30 40 13 56 30 28
split_gain=0.185284 0.649285 1.32632 0.434365 0.770664 0.283914 0.278905 0.34406 0.294738 0.253567 0.222751 0.215644 0.023073
threshold=-0.87837970256805409 98.500000000000014 57.500000000000007 40.389167785644538 10.500000000000002 326.37500000000006 11.500000000000002 0.81398808956146251 0.18421053141355517 1911.3279418945315 150.50000000000003 0.84970235824584972 47.960456848144538
decision_type=2 2 2 2 2 2 2 2 2 2 2 2 2
left_child=1 3 -3 9 -5 10 8 -8 -7 -1 11 -2 -12
right_child=5 2 -4 4 -6 6 7 -9 -10 -11 12 -13 -14
leaf_value=6.298870242488383e-05 -7.8605430587293032e-05 -0.0010599710525172499 -0.074691357923438353 -0.00079301345121267212 0.0004222635275883115 0.0035074889498509483 0.071842995274813318 -0.0032051745828349685 -0.00027458713851196873 -0.0021146542605499303 0.0002764686971161371 0.0096245568255718776 0.0037327899459576636
leaf_weight=889 4406 57 32 47 42 272 611 366 851 50 30 132 79
leaf_count=889 4406 57 32 47 42 272 611 366 851 50 30 132 79
internal_value=-4.88239e-05 -0.000406529 -0.00285 -0.00019242 -0.00218333 1.04476e-05 0.000299857 0.000670245 -2.26868e-05 -1.59571e-06 -0.000120374 -0.000152677 0.00121364
internal_weight=7864 1117 89 1028 89 6747 2100 977 1123 939 4647 4538 109
internal_count=7864 1117 89 1028 89 6747 2100 977 1123 939 4647 4538 109
is_linear=0
shrinkage=0.03


Tree=279
num_leaves=11
num_cat=0
split_feature=24 50 42 35 15 58 58 30 49 24
split_gain=0.20028 0.679213 0.413035 0.460266 0.438992 0.307336 0.453463 0.930747 0.250128 0.0995671
threshold=173.91666412353518 42.500000000000007 0.81241145730018627 164.99555206298831 2.4599537849426274 161.59083557128909 99.653888702392592 0.73065477609634411 0.0054166666232049474 339.46875000000006
decision_type=2 2 2 2 2 2 2 2 2 2
left_child=1 2 4 -4 -1 6 8 -8 -2 -7
right_child=5 -3 3 -5 -6 9 7 -9 -10 -11
leaf_value=0.00013809286372767221 -8.6043285172717976e-05 -0.0042328972548346918 -0.001839589903738688 -0.00014694018739952743 -0.00043139203753858726 0.0007157827492416005 0.004056018431014225 -0.0024826437246428575 0.00015973255598315873 0.0020288828613691154
leaf_weight=444 2925 34 35 290 252 161 34 45 3611 33
leaf_count=444 2925 34 35 290 252 161 34 45 3611 33
internal_value=-4.88239e-05 -0.000433239 -0.000292074 -0.00117331 0.000120517 1.0793e-05 -2.38059e-05 -0.00226875 3.67145e-06 0.00118462
internal_weight=7864 1055 1021 325 696 6809 6615 79 6536 194
internal_count=7864 1055 1021 325 696 6809 6615 79 6536 194
is_linear=0
shrinkage=0.03


Tree=280
num_leaves=15
num_cat=0
split_feature=24 58 55 1 14 23 50 58 33 59 47 49 3 19
split_gain=0.187867 0.295163 0.493511 0.191607 0.182654 0.288779 0.421129 0.340666 0.236614 0.194981 0.176478 0.167921 0.147921 0.105618
threshold=476.05802917480474 1.0000000180025095e-35 12.810555934906008 25.543267250061039 9528.5000000000018 22.746250152587894 98.500000000000014 17.883055686950687 68.641983032226577 225.00000000000003 1.0000000180025095e-35 16.056388854980472 5.7524538040161142 0.42029668390750891
decision_type=2 2 2 2 2 2 2 2 2 2 2 2 2 2
left_child=4 3 11 10 8 6 -6 -7 9 -1 -2 -3 -4 -10
right_child=1 2 12 -5 5 7 -8 -9 13 -11 -12 -13 -14 -15
leaf_value=-2.9245245206949003e-05 0.0050509762639897871 0.0028615742672069059 -0.0041050118059761794 0.013564920302608231 0.00051252891300935209 -0.00079902323642529877 -0.072455409162414691 -0.0024576719466448483 0.12978652790703551 0.021276789216875199 -0.0019624661996197022 -0.0011125822367401359 -0.021983393428687149 0.040853297268131077
leaf_weight=6228 40 84 30 563 245 287 32 31 122 69 42 30 31 30
leaf_count=6228 40 84 30 563 245 287 32 31 122 69 42 30 31 30
internal_value=-6.40813e-05 0.000365408 -0.000724432 0.000661765 -0.000114123 -0.000616611 9.17267e-05 -0.00123197 -6.76744e-05 -9.59828e-05 -0.000686747 0.000443478 -0.00287903 0.00109804
internal_weight=7864 820 175 645 7044 595 277 318 6449 6297 82 114 61 152
internal_count=7864 820 175 645 7044 595 277 318 6449 6297 82 114 61 152
is_linear=0
shrinkage=0.03


Tree=281
num_leaves=15
num_cat=0
split_feature=24 28 40 42 4 58 49 44 42 49 52 24 21 13
split_gain=0.246114 0.359131 0.539478 0.275785 0.424768 0.265277 0.176468 0.327621 0.586381 0.392731 0.262363 0.683099 0.217915 0.0987554
threshold=399.10119628906256 57.669908523559577 0.90000000596046459 0.58216583728790294 16.961789131164554 1.0000000180025095e-35 0.14763888716697696 -0.60785761475563038 0.58216583728790294 28.21694374084473 192.00611114501956 241.37053680419925 2.3387962579727177 247.2412033081055
decision_type=2 2 2 2 2 2 2 2 2 2 2 2 2 2
left_child=6 2 5 13 -5 -2 10 8 -8 -9 12 -12 -1 -3
right_child=1 3 -4 4 -6 -7 7 9 -10 -11 11 -13 -14 -15
leaf_value=0.00014442922951903736 0.00051509308633789549 0.01587821599213524 -0.061424603745179933 -0.020440497420532017 0.081647778086034309 -0.0036979578163187218 0.00093873610597865534 0.00064185039521020702 -0.00068271152726417721 -0.00016471963572766571 3.5278480795684085e-05 -0.0050915838321725897 -0.00013693001986944559 0.069012182860444707
leaf_weight=556 223 266 31 118 171 166 276 1637 311 734 64 36 2842 433
leaf_count=556 223 266 31 118 171 166 276 1637 311 734 64 36 2842 433
internal_value=-5.26382e-05 0.0003066 -0.000427553 0.000618807 -0.000160345 -0.000119231 -0.000131021 3.95404e-05 -0.000594388 0.00019667 -0.000275221 -0.00178218 -0.000230362 0.000940714
internal_weight=7864 1408 420 988 289 389 6456 2958 587 2371 3498 100 3398 699
internal_count=7864 1408 420 988 289 389 6456 2958 587 2371 3498 100 3398 699
is_linear=0
shrinkage=0.03


Tree=282
num_leaves=15
num_cat=0
split_feature=24 56 33 52 53 3 40 24 50 30 25 33 49 49
split_gain=0.302676 0.267023 0.35083 0.367811 0.191592 0.529461 0.495004 0.423923 0.532113 0.511221 0.388224 0.162352 0.301037 0.0169171
threshold=476.05802917480474 57.500000000000007 57.707359313964851 21.187916755676273 2.5000000000000004 22.573669433593754 0.1947368457913399 312.70834350585943 36.500000000000007 0.72172617912292492 1116.912536621094 58.13372993469239 15.358333110809328 15.029166698455812
decision_type=2 2 2 2 2 2 2 2 2 2 2 2 2 2
left_child=4 11 3 -3 7 10 -7 8 -1 -9 -6 -2 -13 -4
right_child=1 2 13 -5 5 6 -8 9 -10 -11 -12 12 -14 -15
leaf_value=-2.6653824533013606e-05 0.018811182326641234 -0.0014091723716332973 0.065319027473295696 -0.0069346048180438475 -4.044638418290499e-05 -0.028441999808961459 -0.0028746603898552768 -0.00023500554825644956 -0.0037872872110847316 0.0037757860081161876 -0.00055239203450453309 0.0016535635781244294 -0.0091914618835941143 0.068638821397108238
leaf_weight=2956 198 53 30 37 2098 34 43 186 124 1454 149 371 94 37
leaf_count=2956 198 53 30 37 2098 34 43 186 124 1454 149 371 94 37
internal_value=-3.35664e-05 0.000511571 -0.000598101 -0.00181319 -9.70901e-05 -0.00032 -0.00275 1.27092e-05 -0.000194742 0.000402194 -0.000235543 0.000774849 0.000466738 0.00103676
internal_weight=7864 820 157 90 7044 2324 77 4720 3080 1640 2247 663 465 67
internal_count=7864 820 157 90 7044 2324 77 4720 3080 1640 2247 663 465 67
is_linear=0
shrinkage=0.03


Tree=283
num_leaves=10
num_cat=0
split_feature=24 59 24 49 36 58 42 3 25
split_gain=0.328618 0.518666 0.268793 0.209295 0.338924 0.206245 0.159169 0.372608 0.0915193
threshold=476.05802917480474 10.500000000000002 446.67411804199224 0.072638891637325301 2930.0000000000005 161.59083557128909 0.97335553169250499 5.0863656997680673 855.83786010742199
decision_type=2 2 2 2 2 2 2 2 2
left_child=2 6 3 5 -5 -1 8 -8 -2
right_child=1 -3 -4 4 -6 -7 7 -9 -10
leaf_value=-0.00012687652472461426 0.0095566937715413722 -0.0069971129135313163 -0.00023193008616314577 3.1163583578701273e-05 -0.00083161628905074989 0.00045069647633596421 -0.0049616647687862857 0.080101408745937352 0.0036157885978623933
leaf_weight=3368 137 31 35 3482 44 115 33 34 585
leaf_count=3368 137 31 35 3482 44 115 33 34 585
internal_value=-5.64526e-05 0.000511571 -0.00012264 -0.000109344 5.35867e-05 -0.000274254 0.000662658 -0.000727941 0.000792531
internal_weight=7864 820 7044 7009 3526 3483 789 67 722
internal_count=7864 820 7044 7009 3526 3483 789 67 722
is_linear=0
shrinkage=0.03


Tree=284
num_leaves=13
num_cat=0
split_feature=29 24 43 33 7 52 53 49 12 56 15 28
split_gain=0.290859 0.355669 0.354949 0.287572 0.273417 0.298841 0.29804 0.24819 0.52544 0.243475 0.0983606 0.0889617
threshold=480.22555541992193 399.10119628906256 -0.9103761315345763 68.641983032226577 0.40284535288810736 23.909722328186039 29.500000000000004 9.4976391792297381 208.68750000000003 41.500000000000007 7.7050030231475839 57.669908523559577
decision_type=2 2 2 2 2 2 2 2 2 2 2 2
left_child=2 3 10 9 6 -6 -4 11 -9 -2 -1 -3
right_child=1 7 4 -5 5 -7 -8 8 -10 -11 -12 -13
leaf_value=0.0013309102972080314 -7.8367293032276846e-05 0.00040767904894011545 -0.00060470624017674155 0.14112880565420252 3.2959574641971249e-05 -0.0016141097657002036 0.011879828652732079 -0.020994656006209828 0.025566825698798951 9.4682601347008416e-05 0.0043504233163684939 0.018217712341636629
leaf_weight=90 4799 60 381 102 397 55 50 37 726 776 30 361
leaf_count=90 4799 60 381 102 397 55 50 37 726 776 30 361
internal_value=-5.64526e-05 1.33343e-05 -0.000533366 -8.53293e-05 -0.000741516 -0.000225166 -0.00128125 0.000486076 0.000162958 -0.000114329 0.000991736 0.00106991
internal_weight=7864 6861 1003 5677 883 452 431 1184 763 5575 120 421
internal_count=7864 6861 1003 5677 883 452 431 1184 763 5575 120 421
is_linear=0
shrinkage=0.03


Tree=285
num_leaves=12
num_cat=0
split_feature=24 59 25 52 33 25 42 49 42 4 2
split_gain=0.230643 0.276489 0.209722 0.355449 0.438742 0.358537 0.346518 0.322422 0.159815 0.33806 0.121861
threshold=476.05802917480474 10.500000000000002 836.18936157226574 0.87888887524604808 59.155794143676765 811.04263305664074 -0.98611506819725026 116.05777740478517 0.58216583728790294 16.961789131164554 820.00000000000011
decision_type=2 2 2 2 2 2 2 2 2 2 2
left_child=2 8 3 4 -1 -5 -4 -8 10 -10 -2
right_child=1 -3 6 5 -6 -7 7 -9 9 -11 -12
leaf_value=1.4858473625525359e-05 0.0011386092912354709 -0.007030653310710744 -0.0067956289642879539 -0.00015625211318824543 0.017569636487423702 0.02759724947710402 -0.00012674704733692575 -0.0015112563414761556 -0.00086051979475210226 0.076493715248133684 0.037889035867394387
leaf_weight=2066 236 31 58 1900 580 128 2229 83 161 112 280
leaf_count=2066 236 31 58 1900 580 128 2229 83 161 112 280
internal_value=-3.73808e-05 0.00043849 -9.28318e-05 2.37434e-05 0.000252739 -0.000275012 -0.000322649 -0.000264591 0.000548734 -3.83211e-05 0.000858801
internal_weight=7864 820 7044 4674 2646 2028 2370 2312 789 273 516
internal_count=7864 820 7044 4674 2646 2028 2370 2312 789 273 516
is_linear=0
shrinkage=0.03


Tree=286
num_leaves=15
num_cat=0
split_feature=40 33 15 30 25 3 31 19 34 51 47 58 58 30
split_gain=0.243818 0.364849 0.384378 0.361847 0.805207 0.3373 0.313033 0.32075 0.311044 0.305834 0.290863 0.288875 0.523741 0.0910752
threshold=0.67894738912582409 57.361564636230476 0.02640046272426844 0.7604166865348817 1061.8559570312502 19.187766075134281 0.3879107683897019 0.49978290498256689 51.081691741943366 1.0000000180025095e-35 1.0000000180025095e-35 24.995416641235355 0.21069443970918658 0.83035713434219371
decision_type=2 2 2 2 2 2 2 2 2 2 2 2 2 2
left_child=6 2 -2 4 -3 -5 11 8 -8 -4 -9 12 -1 -13
right_child=1 3 9 5 -6 -7 7 10 -10 -11 -12 13 -14 -15
leaf_value=-0.00070543216311405913 -0.0012234016647097378 0.0070971961188350998 0.0037155138765290708 0.014545202873315878 -0.011690459176786825 -0.007856178672376115 2.0449695972658262e-05 -0.0016483478168632471 -0.00028793084227348906 -0.00013611337955366212 6.2227116011560478e-05 0.02370795391055314 -0.0049773453750177931 0.00066350016775476692
leaf_weight=541 38 87 94 722 41 134 3855 31 1371 531 35 69 285 30
leaf_count=541 38 87 94 722 41 134 3855 31 1371 531 35 69 285 30
internal_value=-4.50095e-05 0.00027943 -0.000264307 0.000645685 -0.000837209 0.000868145 -0.000130991 -4.19421e-05 -1.54964e-05 -8.38658e-05 -0.00210448 -0.000639849 -0.000823458 0.000885
internal_weight=7864 1647 663 984 128 856 6217 5292 5226 625 66 925 826 99
internal_count=7864 1647 663 984 128 856 6217 5292 5226 625 66 925 826 99
is_linear=0
shrinkage=0.03


Tree=287
num_leaves=11
num_cat=0
split_feature=24 24 13 43 58 58 42 56 30 50
split_gain=0.263458 0.275032 0.194312 0.422359 0.224814 0.176561 0.267435 0.093758 0.225955 0.127749
threshold=476.05802917480474 446.67411804199224 1367.3850097656252 0.93540480732917797 793.11471557617199 2.9119443893432622 0.77259656786918651 57.500000000000007 0.80505952239036571 103.50000000000001
decision_type=2 2 2 2 2 2 2 2 2 2
left_child=1 2 4 -4 -1 7 -7 9 -9 -2
right_child=5 -3 3 -5 -6 6 -8 8 -10 -11
leaf_value=-3.5978952834894231e-06 0.0051467439231309836 -0.00033799332705983356 -0.00056600314535882083 0.0071713639947849975 -0.0004241540821161388 0.00034157261696700846 -0.0023634241056083452 0.014327206948298286 -0.011864633933191209 -0.001677222525428566
leaf_weight=6240 536 35 637 81 51 59 34 87 45 59
leaf_count=6240 536 35 637 81 51 59 34 87 45 59
internal_value=-3.35664e-05 -9.28318e-05 -7.93866e-05 -0.000546592 -2.59853e-05 0.00047503 -0.00075 0.000632555 -9.02255e-05 0.000792785
internal_weight=7864 7044 7009 718 6291 820 93 727 132 595
internal_count=7864 7044 7009 718 6291 820 93 727 132 595
is_linear=0
shrinkage=0.03


Tree=288
num_leaves=15
num_cat=0
split_feature=28 43 24 53 53 29 15 2 43 25 40 40 40 9
split_gain=0.233885 0.339776 0.289026 0.316726 0.795338 0.361147 0.287726 0.238536 0.305872 0.207208 0.469668 0.233253 0.0647764 0.0255859
threshold=43.227272033691413 -0.77259656786918629 411.58334350585943 57.500000000000007 74.500000000000014 1539.8134765625002 7.7050030231475839 860.50000000000011 1.0000000180025095e-35 1634.3386840820315 0.15263157337903979 0.14210525900125506 0.34210526943206793 0.61042824387550365
decision_type=2 2 2 2 2 2 2 2 2 2 2 2 2 2
left_child=1 6 3 5 -5 -2 13 8 -4 11 -11 -3 -9 -1
right_child=2 9 7 4 -6 -7 -8 12 -10 10 -12 -13 -14 -15
leaf_value=0.00026904804078261852 0.0040990955578954187 -0.00032401710803794503 -0.0049344364271037607 -0.033322033361453646 -6.2895578645740901e-05 -5.1225531524223552e-05 -0.0027435133662303346 0.022208582982581635 0.0049134566147750539 0.0028820068668059229 -0.00048331270254056767 -0.0001054864009448705 0.087067002249946457 0.001722349471185257
leaf_weight=116 1814 204 310 68 544 3481 38 124 304 33 48 502 248 30
leaf_count=116 1814 204 310 68 544 3481 38 124 304 33 48 502 248 30
internal_value=-4.11951e-05 -0.000476852 2.0235e-05 -5.9157e-05 -0.000704731 1.55778e-05 0.000681081 0.000495441 0.000131707 -0.000748096 -0.00217683 -0.00058133 0.00109383 0.00128571
internal_weight=7864 971 6893 5907 612 5295 184 986 614 787 81 706 372 146
internal_count=7864 971 6893 5907 612 5295 184 986 614 787 81 706 372 146
is_linear=0
shrinkage=0.03


Tree=289
num_leaves=10
num_cat=0
split_feature=15 59 42 56 42 13 12 40 0
split_gain=0.293103 0.340651 0.319074 0.264013 0.373289 0.264623 0.38479 0.260953 0.0282204
threshold=35.729955673217781 2.5000000000000004 0.35206145048141485 140.50000000000003 -0.63405361771583546 638.88958740234386 290.33332824707037 0.71052631735801708 34.250000000000007
decision_type=2 2 2 2 2 2 2 2 2
left_child=3 2 -2 5 -5 6 -1 -7 -6
right_child=1 -3 -4 4 8 7 -8 -9 -10
leaf_value=-2.0087833070661628e-05 -0.00031181248182630484 0.00074842603687772229 -0.0052291151273530147 -0.010289611824605069 6.0681551072088289e-06 -0.0003274406784469222 0.003316877757144821 0.00048369656563732228 0.0032478462865102881
leaf_weight=3792 47 40 32 34 30 1942 1309 442 196
leaf_count=3792 47 40 32 34 30 1942 1309 442 196
internal_value=-4.11951e-05 -0.0015125 -0.00264375 -1.83966e-05 0.00091954 -5.10953e-05 7.08546e-05 -0.00031195 0.00136123
internal_weight=7864 119 79 7745 260 7485 5101 2384 226
internal_count=7864 119 79 7745 260 7485 5101 2384 226
is_linear=0
shrinkage=0.03


Tree=290
num_leaves=14
num_cat=0
split_feature=1 49 27 52 30 25 0 58 53 13 14 53 53
split_gain=0.258325 0.37335 0.441211 0.280567 0.517208 0.300051 0.273165 0.291849 0.510824 0.348424 0.185763 0.403676 0.0465668
threshold=372.62428283691412 71.139305114746108 58.142488479614265 5.9322223663330087 0.8229166865348817 791.32305908203136 426.45834350585943 7.314305543899537 185.50000000000003 1367.3850097656252 3419.5000000000005 105.50000000000001 98.500000000000014
decision_type=2 2 2 2 2 2 2 2 2 2 2 2 2
left_child=6 3 -3 5 -5 -2 7 8 -1 -9 12 -12 -8
right_child=1 2 -4 4 -6 -7 10 9 -10 -11 11 -13 -14
leaf_value=-6.876469378675009e-05 0.0013685256392569811 -0.0071242191954592592 -0.00054098011041577129 -0.00019478721089051908 -0.005037035170304998 -0.00020687546474927037 0.060920314602826049 7.2067560455450563e-05 -0.013412453542765429 -0.0011467104532649928 0.0065258813353389917 -0.073455890846331737 0.086822503857080693
leaf_weight=3668 474 31 45 370 77 683 256 1770 33 36 254 32 135
leaf_count=3668 474 31 45 370 77 683 256 1770 33 36 254 32 135
internal_value=-4.50095e-05 -0.000374777 -0.00241558 -0.000276635 -0.000914062 -2.97927e-05 4.46241e-05 -2.53268e-05 -0.000177877 0.000287216 0.000612832 3.13589e-05 0.00103699
internal_weight=7864 1680 76 1604 447 1157 6184 5507 3701 1806 677 286 391
internal_count=7864 1680 76 1604 447 1157 6184 5507 3701 1806 677 286 391
is_linear=0
shrinkage=0.03


Tree=291
num_leaves=12
num_cat=0
split_feature=1 1 0 1 49 35 56 19 55 23 56
split_gain=0.271131 0.357116 0.399971 0.38377 0.25577 0.371949 0.19995 0.562191 0.288814 0.119566 0.0273378
threshold=345.79135131835943 329.75646972656256 426.45834350585943 259.59484863281256 71.139305114746108 166.74624633789065 60.500000000000007 0.46745844185352331 5.8005554676055917 23.277916908264164 156.50000000000003
decision_type=2 2 2 2 2 2 2 2 2 2 2
left_child=1 2 3 -1 6 -6 8 -8 -2 -4 -3
right_child=4 10 9 -5 5 -7 7 -9 -10 -11 -12
leaf_value=-1.1213081955553958e-06 -0.00018247722688687434 0.11666780758492241 0.017610063877908019 -0.00089585680547739604 -0.00083678431164545166 -0.00054079733109015169 -3.5068101327888785e-05 -0.0063316113268722385 0.00079617387655585455 0.065873212045837612 0.15074072972625926
leaf_weight=4898 1390 161 340 213 36 51 89 33 335 288 30
leaf_count=4898 1390 161 340 213 36 51 89 33 335 288 30
internal_value=-3.73808e-05 6.32272e-05 2.06446e-05 -6.71948e-05 -0.000345736 -0.00192614 -0.000270292 -0.00143902 -0.000186848 0.000734499 0.00133594
internal_weight=7864 5930 5739 5111 1934 87 1847 122 1725 628 191
internal_count=7864 5930 5739 5111 1934 87 1847 122 1725 628 191
is_linear=0
shrinkage=0.03


Tree=292
num_leaves=13
num_cat=0
split_feature=44 55 18 6 53 24 14 42 33 42 49 42
split_gain=0.231453 0.374656 0.620079 0.354977 0.389024 0.206364 0.166987 0.347885 0.207775 0.139596 0.183279 0.0567973
threshold=-0.87837970256805409 55.048334121704109 0.26041667163372045 0.45833332836627966 86.500000000000014 476.05802917480474 8453.0000000000018 -0.2901292592287063 68.641983032226577 -0.47114434838294977 7.5352778434753427 -0.97335553169250477
decision_type=2 2 2 2 2 2 2 2 2 2 2 2
left_child=1 3 -3 4 -1 6 8 -8 -2 11 -11 -7
right_child=5 2 -4 -5 -6 9 7 -9 -10 10 -12 -13
leaf_value=1.2995651390438784e-05 -6.4953188249350968e-07 -0.000910121232477607 5.8910249664880245e-05 -0.00033894833393728613 -0.0092613501657302765 0.014732634793022809 -0.0011088825647919979 -3.176617164271898e-05 0.11777873282407418 0.00066379200473194136 -0.0018806909545547236 0.013159383206593671
leaf_weight=912 5268 34 41 59 71 44 134 448 122 235 308 188
leaf_count=912 5268 34 41 59 71 44 134 448 122 235 308 188
internal_value=-3.35664e-05 -0.000433363 -0.00246711 -0.000284755 -0.000147866 3.26764e-05 -2.7122e-05 -0.000509434 2.50418e-05 0.000492912 0.00022886 0.0011073
internal_weight=7864 1117 75 1042 983 6747 5972 582 5390 775 543 232
internal_count=7864 1117 75 1042 983 6747 5972 582 5390 775 543 232
is_linear=0
shrinkage=0.03


Tree=293
num_leaves=12
num_cat=0
split_feature=24 24 15 58 42 50 23 10 23 42 0
split_gain=0.240285 0.280436 0.198215 0.300523 0.168124 0.158455 0.551685 0.158307 0.100471 0.054738 0.0275941
threshold=476.05802917480474 446.67411804199224 35.729955673217781 5.57694435119629 -0.47114434838294977 2.5000000000000004 23.294860839843754 1.142487168312073 23.277916908264164 -0.97335553169250477 45.250000000000007
decision_type=2 2 2 2 2 2 2 2 2 2 2
left_child=1 2 7 -4 9 8 -7 -1 -6 -2 -11
right_child=4 -3 3 -5 5 6 -8 -9 -10 10 -12
leaf_value=-4.8507940763225915e-05 0.014532579804232058 -0.00018754877214414173 -0.00078818440805878646 0.00022614239023290668 0.0032681565809347187 0.00055188238622414778 -0.0012230007448639237 7.6785026667999803e-05 0.0038614616041699238 0.00012360481349059013 0.022425117617055287
leaf_weight=5390 46 35 77 42 58 329 76 1500 111 30 170
leaf_count=5390 46 35 77 42 58 329 76 1500 111 30 170
internal_value=-1.06802e-05 -6.72817e-05 -5.37089e-05 -0.0012625 0.00047503 0.000193044 -0.00012931 -3.26512e-05 0.000961765 0.00112955 0.00134328
internal_weight=7864 7044 7009 119 820 574 405 6890 169 246 200
internal_count=7864 7044 7009 119 820 574 405 6890 169 246 200
is_linear=0
shrinkage=0.03


Tree=294
num_leaves=12
num_cat=0
split_feature=1 1 1 43 2 49 35 52 56 9 56
split_gain=0.237407 0.34585 0.407552 0.604706 0.332736 0.271078 0.371949 0.186901 0.392836 0.238159 0.0273378
threshold=345.79135131835943 329.75646972656256 259.59484863281256 -0.47114434838294977 860.50000000000011 71.139305114746108 166.74624633789065 3.3098610639572148 84.500000000000014 0.045949075371027 156.50000000000003
decision_type=2 2 2 2 2 2 2 2 2 2 2
left_child=1 2 4 -4 -1 7 -7 9 -9 -2 -3
right_child=5 10 3 -5 -6 6 -8 8 -10 -11 -12
leaf_value=4.1413124795779413e-06 0.00065424588136838834 0.11316924766034218 -0.0015379830546753466 -0.00013725955155202726 0.060414969878310111 -0.00081020605811671657 -0.00052685747600101241 -0.00015293093106186621 -0.0026582062816125382 -0.00021088499603310286 0.14621998255865085
leaf_weight=5138 442 161 63 157 381 36 51 563 51 791 30
leaf_count=5138 442 161 63 157 381 36 51 563 51 791 30
internal_value=-1.06802e-05 8.34598e-05 4.15506e-05 -0.00122172 9.21196e-05 -0.000299225 -0.00192614 -0.000221591 -0.00064878 -8.50887e-06 0.00133594
internal_weight=7864 5930 5739 220 5519 1934 87 1847 614 1233 191
internal_count=7864 5930 5739 220 5519 1934 87 1847 614 1233 191
is_linear=0
shrinkage=0.03


Tree=295
num_leaves=12
num_cat=0
split_feature=1 1 1 43 49 35 36 55 55 14 56
split_gain=0.194767 0.34865 0.321667 0.515587 0.281527 0.371949 0.271142 0.255876 0.379025 0.314612 0.0273378
threshold=345.79135131835943 329.75646972656256 259.59484863281256 0.77259656786918651 71.139305114746108 166.74624633789065 686.00000000000011 5.8005554676055917 3.2781944274902348 2520.0000000000005 156.50000000000003
decision_type=2 2 2 2 2 2 2 2 2 2 2
left_child=1 2 6 -4 7 -6 -1 8 -2 -9 -3
right_child=4 10 3 -5 5 -7 -8 9 -10 -11 -12
leaf_value=4.4979795732127826e-06 -0.00015536513032240638 0.1097741702305319 -0.0010636496250966288 0.01393139494823375 -0.00078589987637321516 -0.00051105175172098212 0.087724608278905394 -0.00019847310285503759 -0.0041552867648232518 0.00069096026351406453 0.14183338308189131
leaf_weight=5231 1300 161 167 53 36 51 288 226 97 224 30
leaf_count=5231 1300 161 167 53 36 51 288 226 97 224 30
internal_value=-6.86582e-06 7.84017e-05 3.63241e-05 -0.00108597 -0.000268217 -0.00192614 8.125e-05 -0.000189123 -0.000389485 0.000432373 0.00133594
internal_weight=7864 5930 5739 220 1934 87 5519 1847 1397 450 191
internal_count=7864 5930 5739 220 1934 87 5519 1847 1397 450 191
is_linear=0
shrinkage=0.03


Tree=296
num_leaves=11
num_cat=0
split_feature=14 23 58 53 42 40 12 56 14 49
split_gain=0.205183 0.355787 0.452402 0.37593 0.251283 0.228467 0.226551 0.188075 0.279836 0.211741
threshold=9528.5000000000018 22.746250152587894 6.1869444847106942 61.500000000000007 0.93540480732917797 0.10000000149011613 864.89584350585949 31.500000000000004 776.00000000000011 56.154998779296882
decision_type=2 2 2 2 2 2 2 2 2 2
left_child=6 3 5 4 -2 -3 7 9 -9 -1
right_child=1 2 -4 -5 -6 -7 -8 8 -10 -11
leaf_value=1.8800589564258428e-06 0.00087914401009880233 0.0061636404783405154 -0.0014761359665200354 -0.072963733202716943 -0.0011129320098747192 -0.00072634681948384591 0.1685981238449317 -7.6927456632447516e-05 0.00078018727929512891 -0.00061807462907926842
leaf_weight=5492 290 36 50 34 49 232 96 155 1038 392
leaf_count=5492 290 36 50 34 49 232 96 155 1038 392
internal_value=-3.05145e-06 -0.000496387 -0.00123197 0.000132353 0.000436765 -0.000736059 4.45359e-05 2.47952e-05 0.00036809 -4.48598e-05
internal_weight=7864 691 318 373 339 268 7173 7077 1193 5884
internal_count=7864 691 318 373 339 268 7173 7077 1193 5884
is_linear=0
shrinkage=0.03


Tree=297
num_leaves=15
num_cat=0
split_feature=16 50 49 28 40 35 40 5 35 43 14 11 9 49
split_gain=0.196566 0.573929 0.758466 0.501854 0.335055 0.407095 0.574511 0.557507 0.336121 0.338066 0.321356 0.289333 0.279917 0.258985
threshold=12.317856788635256 15.500000000000002 71.139305114746108 351.72930908203131 0.31052631139755255 166.28944396972659 0.27894736826419836 91.794860839843764 166.28944396972659 -0.47114434838294977 4223.5000000000009 3.9323611259460454 0.461342602968216 0.050277778878808028
decision_type=2 2 2 2 2 2 2 2 2 2 2 2 2 2
left_child=1 11 10 -4 5 6 -2 -7 12 -10 -3 13 -6 -1
right_child=4 2 3 -5 8 7 -8 -9 9 -11 -12 -13 -14 -15
leaf_value=-8.7325690377984335e-05 -0.0025966305337086302 -1.8867321765522298e-05 -0.00039932897532168735 -0.0039439668473642614 0.0091450469562227143 0.00034007298105906907 -0.017684003898440371 -0.002721864771744588 -0.00036132565657663205 0.0028418959636574326 -0.0024868054771845474 6.5282053376119947e-05 -0.00075382667201454577 4.1069058865312848e-05
leaf_weight=1834 364 205 39 37 587 950 40 156 1007 746 30 485 155 1229
leaf_count=1834 364 205 39 37 587 950 40 156 1007 746 30 485 155 1229
internal_value=-3.05145e-06 -0.000155829 -0.00138942 -0.00397403 0.000144159 -0.000208471 -0.00102222 8.94309e-05 0.000357572 0.000130844 -0.000540254 -4.73372e-05 0.000892328 -0.000155189
internal_weight=7864 3859 311 76 4005 1510 404 1106 2495 1753 235 3548 742 3063
internal_count=7864 3859 311 76 4005 1510 404 1106 2495 1753 235 3548 742 3063
is_linear=0
shrinkage=0.03


Tree=298
num_leaves=14
num_cat=0
split_feature=49 52 25 55 55 30 43 55 24 44 49 57 35
split_gain=0.224298 0.383795 0.580434 0.355346 0.869898 0.30499 0.412211 0.318249 0.311996 0.379757 0.320688 0.296997 0.142927
threshold=0.14763888716697696 156.08569335937503 728.45788574218761 66.719444274902358 87.036392211914077 0.80505952239036571 -0.99465191364288319 28.924583435058597 170.87202453613284 -0.60785761475563038 56.154998779296882 1.0000000180025095e-35 166.64597320556643
decision_type=2 2 2 2 2 2 2 2 2 2 2 2 2
left_child=1 3 12 11 -5 8 -7 -8 10 -10 -2 -1 -3
right_child=5 2 -4 4 -6 6 7 -9 9 -11 -12 -13 -14
leaf_value=-0.00076714833278362872 -8.0021345607319491e-06 0.0013582712034030111 -0.0018756926851425781 -0.015039175757035395 -4.325595483677229e-05 -0.014480382597094089 -0.00034072396801086507 0.0067702922450955036 -0.0001786526610222996 0.00094239023347368253 -0.0016744535804823211 3.2212767641225025e-06 -0.00021283288205102549
leaf_weight=174 224 32 52 39 188 46 1111 99 631 1882 58 3297 31
leaf_count=174 224 32 52 39 188 46 1111 99 631 1882 58 3297 31
internal_value=-1.06802e-05 -0.0001758 -0.001875 -0.000122465 -0.00126974 0.000144743 -0.000243437 -0.000136251 0.000319206 0.000425418 -0.000625442 -4.7091e-05 7.03125e-05
internal_weight=7864 3813 115 3698 227 4051 1256 1210 2795 2513 282 3471 63
internal_count=7864 3813 115 3698 227 4051 1256 1210 2795 2513 282 3471 63
is_linear=0
shrinkage=0.03


Tree=299
num_leaves=8
num_cat=0
split_feature=15 58 43 15 27 43 33
split_gain=0.214771 0.300523 0.299558 0.235233 0.196558 0.313013 0.241127
threshold=35.729955673217781 5.57694435119629 -0.032701563090086067 34.618610382080085 7.9073200225830087 -0.88144907355308522 68.641983032226577
decision_type=2 2 2 2 2 2 2
left_child=3 2 -2 4 5 -1 -6
right_child=1 -3 -4 -5 6 -7 -8
leaf_value=0.0013513346114779601 -7.2992760099939514e-05 0.00020776354090661537 -0.0074715904106514601 0.16345067569901986 4.3615614483962723e-06 -0.00025715726631481335 0.12238519514892943
leaf_weight=89 42 42 35 96 6886 572 102
leaf_count=89 42 42 35 96 6886 572 102
internal_value=-3.05145e-06 -0.0012625 -0.00236538 1.64601e-05 -2.15682e-06 -0.000496224 4.46416e-05
internal_weight=7864 119 77 7745 7649 661 6988
internal_count=7864 119 77 7745 7649 661 6988
is_linear=0
shrinkage=0.03


end of trees

feature_importances:
Column_40=277
Column_43=220
Column_24=189
Column_49=183
Column_53=181
Column_42=180
Column_50=170
Column_58=153
Column_15=119
Column_36=100
Column_52=96
Column_1=88
Column_33=82
Column_56=77
Column_55=75
Column_25=70
Column_7=69
Column_0=60
Column_16=58
Column_9=57
Column_17=57
Column_18=57
Column_59=57
Column_28=56
Column_29=56
Column_27=54
Column_12=52
Column_5=42
Column_26=41
Column_35=39
Column_2=37
Column_13=35
Column_30=35
Column_34=34
Column_23=33
Column_10=32
Column_3=30
Column_21=29
Column_22=27
Column_11=26
Column_14=25
Column_19=24
Column_44=21
Column_6=20
Column_47=17
Column_45=14
Column_38=8
Column_51=7
Column_57=6
Column_4=5
Column_31=2
Column_60=2
Column_54=1

parameters:
[boosting: gbdt]
[objective: quantile]
[metric: quantile]
[tree_learner: serial]
[device_type: cpu]
[data_sample_strategy: bagging]
[data: ]
[valid: ]
[num_iterations: 300]
[learning_rate: 0.03]
[num_leaves: 15]
[num_threads: 4]
[seed: 20260907]
[deterministic: 1]
[force_col_wise: 1]
[force_row_wise: 0]
[histogram_pool_size: -1]
[max_depth: 4]
[min_data_in_leaf: 30]
[min_sum_hessian_in_leaf: 0.001]
[bagging_fraction: 1]
[pos_bagging_fraction: 1]
[neg_bagging_fraction: 1]
[bagging_freq: 0]
[bagging_seed: 11947]
[bagging_by_query: 0]
[feature_fraction: 1]
[feature_fraction_bynode: 1]
[feature_fraction_seed: 10681]
[extra_trees: 0]
[extra_seed: 22213]
[early_stopping_round: 0]
[early_stopping_min_delta: 0]
[first_metric_only: 0]
[max_delta_step: 0]
[lambda_l1: 0]
[lambda_l2: 1]
[linear_lambda: 0]
[min_gain_to_split: 0]
[drop_rate: 0.1]
[max_drop: 50]
[skip_drop: 0.5]
[xgboost_dart_mode: 0]
[uniform_drop: 0]
[drop_seed: 19930]
[top_rate: 0.2]
[other_rate: 0.1]
[min_data_per_group: 100]
[max_cat_threshold: 32]
[cat_l2: 10]
[cat_smooth: 10]
[max_cat_to_onehot: 4]
[top_k: 20]
[monotone_constraints: ]
[monotone_constraints_method: basic]
[monotone_penalty: 0]
[feature_contri: ]
[forcedsplits_filename: ]
[refit_decay_rate: 0.9]
[cegb_tradeoff: 1]
[cegb_penalty_split: 0]
[cegb_penalty_feature_lazy: ]
[cegb_penalty_feature_coupled: ]
[path_smooth: 0]
[interaction_constraints: ]
[verbosity: -1]
[saved_feature_importance_type: 0]
[use_quantized_grad: 0]
[num_grad_quant_bins: 4]
[quant_train_renew_leaf: 0]
[stochastic_rounding: 1]
[linear_tree: 0]
[max_bin: 127]
[max_bin_by_feature: ]
[min_data_in_bin: 3]
[bin_construct_sample_cnt: 200000]
[data_random_seed: 5043]
[is_enable_sparse: 1]
[enable_bundle: 1]
[use_missing: 1]
[zero_as_missing: 0]
[feature_pre_filter: 1]
[pre_partition: 0]
[two_round: 0]
[header: 0]
[label_column: ]
[weight_column: ]
[group_column: ]
[ignore_column: ]
[categorical_feature: ]
[forcedbins_filename: ]
[precise_float_parser: 0]
[parser_config_file: ]
[objective_seed: 3273]
[num_class: 1]
[is_unbalance: 0]
[scale_pos_weight: 1]
[sigmoid: 1]
[boost_from_average: 1]
[reg_sqrt: 0]
[alpha: 0.05]
[fair_c: 1]
[poisson_max_delta_step: 0.7]
[tweedie_variance_power: 1.5]
[lambdarank_truncation_level: 30]
[lambdarank_norm: 1]
[label_gain: ]
[lambdarank_position_bias_regularization: 0]
[eval_at: ]
[multi_error_top_k: 1]
[auc_mu_weights: ]
[num_machines: 1]
[local_listen_port: 12400]
[time_out: 120]
[machine_list_filename: ]
[machines: ]
[gpu_platform_id: -1]
[gpu_device_id: -1]
[gpu_use_dp: 0]
[num_gpu: 1]

end of parameters

pandas_categorical:null
