tree
version=v4
num_class=1
num_tree_per_iteration=1
label_index=0
max_feature_idx=70
objective=quantile
feature_names=Column_0 Column_1 Column_2 Column_3 Column_4 Column_5 Column_6 Column_7 Column_8 Column_9 Column_10 Column_11 Column_12 Column_13 Column_14 Column_15 Column_16 Column_17 Column_18 Column_19 Column_20 Column_21 Column_22 Column_23 Column_24 Column_25 Column_26 Column_27 Column_28 Column_29 Column_30 Column_31 Column_32 Column_33 Column_34 Column_35 Column_36 Column_37 Column_38 Column_39 Column_40 Column_41 Column_42 Column_43 Column_44 Column_45 Column_46 Column_47 Column_48 Column_49 Column_50 Column_51 Column_52 Column_53 Column_54 Column_55 Column_56 Column_57 Column_58 Column_59 Column_60 Column_61 Column_62 Column_63 Column_64 Column_65 Column_66 Column_67 Column_68 Column_69 Column_70
feature_infos=[0:2854.583251953125] [0:5596.541015625] [0:20080] [0:47.700740814208984] [0:157.30976867675781] [0:569.43109130859375] [0:1] [0:0.5] [0:1] [0:2.75] [0:1.9130169153213501] [0:5.5] [0:1514.5833740234375] [0:3629.374267578125] [0:20080] [0:64.094169616699219] [0:213.12803649902344] [0:1424.933349609375] [0:1] [0:0.5] [0:1] [0:11.75] [0:8.999852180480957] [0:23.5] [86.913688659667969:746.5] [121.80548858642578:1966.15673828125] [770:20399] [0.24229581654071808:112.81253814697266] [1.5443668365478516:648.992919921875] [16.177778244018555:7651.12548828125] [0.4136904776096344:0.93154764175415039] [0.25252059102058411:0.4996810257434845] none [29.682167053222656:77.620216369628906] [37.65380859375:60.631172180175781] [124.17028045654297:167.5] [0:4046] [0:0.15000000596046448] [0:1] none [0:0.84210526943206787] [0:1200] [-1:1] [-1:1] [-0.97492790222167969:0.97492790222167969] [-0.90096884965896606:1] [0:1] [0:1] [6:26] [0:7641.4033203125] [0:1518] [0:1] [0:7641.4033203125] [0:1518] [0:1] [0:6145.65966796875] [0:1518] [0:1] [0:6090.8935546875] [0:1518] [0:1] [0:80] none [0:9576.3603515625] [0:1] [0:22431.671875] [0:1] [0:9125.21875] [0:1] [0:9125.21875] [0:1]
tree_sizes=1404 1497 1492 1497 1492 1496 1491 1489 1493 1502 1496 1497 1486 1483 1495 1490 1491 1493 1500 1495 1497 1504 1477 1496 1499 1499 1497 1497 1477 1500 1501 1503 1497 1495 1502 1502 1499 1494 1499 1507 1500 1485 1491 1486 1486 1498 1488 1488 1503 1495 1497 1510 1502 1506 1497 1503 1514 1490 1506 1507 1503 1492 1499 1507 1482 1501 1497 1489 1501 1500 1490 1499 1490 1490 1493 1490 1501 1508 1492 1506 1485 1501 1502 1483 1497 1498 1492 1502 1496 1481 1499 1506 1489 1495 1494 1501 1508 1492 1492 1499 1503 1502 1515 1496 1496 1501 1502 1488 1492 1496 1501 1509 1503 1489 1504 1498 1488 1494 1496 1508 1517 1517 1500 1522 1516 1517 1496 1500 1498 1514 1511 1497 1498 1507 1505 1505 1494 1516 1513 1503 1501 1500 1510 1511 1496 1512 1494 1499 1508 1507 1492 1496 1507 1501 1481 1502 1481 1495 1488 1496 1494 1481 1495 1484 1492 1490 1487 1486 1485 1480 1504 1492 1475 1498 1482 1500 1490 1490 1506 1505 1497 1494 1503 1488 1503 1505 1497 1495 1506 1488 1501 1501 1508 1500 1517 1487 1512 1491 1495 1502 1483 1504 1487 1502 1470 1475 1501 1483 1500 1488 1490 1500 1493 1497 1472 1500 1504 1477 1475 1490 1499 1486 1482 1481 1505 1492 1490 1475 1490 1495 1492 1502 1490 1500 1496 1470 1492 1501 1488 1483 1486 1495 1492 1486 1484 1501 1492 1481 1507 1506 1487 1497 1493 1481 1490 1506 1474 1476 1502 1489 1474 1482 1478 1482 1475 1472 1476 1479 1490 1487 1478 1483 1490 1486 1502 1472 1495 1469 1469 1495 1490 1478 1482 1488 1455 1487 1493 1483 1487 1488 1496 1486 1500 1468 1499 1491 1482 1496 1516 1501 1489 1500 1496 1501 1488 1486 1494 1500 1494 1498 1494 1490 1504 1490 1492 1470 1486 1481 1478 1463 1483 1475 1478 1482 1494 1486 1481 1497 1476 1474 1476 1507 1490 1476 1480 1468 1492 1479 1479 1481 1472 1474 1484 1481 1484 1492 1478 1480 1489 1462 1483 1484 1464 1487 1498 1484 1477 1489 1485 1481 1483 1470 1481 1490 1499 1488 1475 1474 1467 1488 1491 1476 1475 1494 1493 1470 1480 1487 1507 1481 1491 1476 1479 1480 1487 1492 1477 1472 1478 1471 1474 1502 1488 1477 1476 1463 1476 1470 1502 1465

Tree=0
num_leaves=15
num_cat=0
split_feature=15 28 40 45 0 40 33 12 21 40 28 38 69 15
split_gain=359.496 202.043 173.045 104.761 93.7912 59.8954 44.3112 42.7755 43.2643 39.7646 38.9016 31.0749 28.7201 28.1389
threshold=5.1263539791107187 37.987070083618171 0.59473684430122387 1.0000000180025095e-35 7.1250000000000009 0.60526317358016979 49.202127456665046 290.33332824707037 2.8514263629913335 0.34210526943206793 39.440446853637702 1.0000000180025095e-35 43.396389007568366 35.729955673217781
decision_type=2 2 2 2 2 2 2 2 2 2 2 2 2 2
left_child=1 -1 3 9 -2 10 11 -7 -9 -3 -6 -5 -13 -12
right_child=4 2 -4 6 5 7 -8 8 -10 -11 13 12 -14 -15
leaf_value=5.1741740322113037 5.1096793651580814 5.3063558173179626 5.2196417164802549 5.2922538352012634 5.263131546974182 5.2400885105133055 5.2348133850097653 5.188681557178497 5.2902539443969729 5.2720752477645876 5.2959522294998171 5.320822815895081 5.1737919998168946 5.267938194274902
leaf_weight=2025 162 1650 2184 570 232 437 1425 92 598 1200 2436 123 219 174
leaf_count=2025 162 1650 2184 570 232 437 1425 92 598 1200 2436 123 219 174
internal_value=5.26771 5.26447 5.26677 5.26976 5.27509 5.276 5.26505 5.27015 5.2748 5.27362 5.27832 5.27021 5.26306 5.27937
internal_weight=13527 9396 7371 5187 4131 3969 2337 1127 690 2850 2842 912 342 2610
internal_count=13527 9396 7371 5187 4131 3969 2337 1127 690 2850 2842 912 342 2610
is_linear=0
shrinkage=1


Tree=1
num_leaves=15
num_cat=0
split_feature=15 28 40 45 0 40 33 40 12 21 28 15 67 28
split_gain=341.408 193.828 164.949 100.217 93.1834 59.9829 50.1932 41.8576 41.8503 42.677 38.4148 27.7518 27.6262 41.4178
threshold=5.1263539791107187 37.987070083618171 0.61578947305679332 1.0000000180025095e-35 7.1250000000000009 0.60526317358016979 49.202127456665046 0.34210526943206793 290.33332824707037 2.8514263629913335 39.440446853637702 35.729955673217781 23.441666603088382 20.062935829162601
decision_type=2 2 2 2 2 2 2 2 2 2 2 2 2 2
left_child=1 12 3 7 -2 10 -5 -3 -7 -10 -6 -12 -1 -14
right_child=4 2 -4 6 5 8 -8 -9 9 -11 11 -13 13 -15
leaf_value=-0.12705105607509612 -0.15329038095474243 0.037485777640342714 -0.050406400895118705 0.010694400215148923 -0.0044417645931243838 -0.026793509960174555 -0.031920667076110833 0.0042336251735687197 -0.076658254694938643 0.021866960906982414 0.027394297456741323 0.00022068328857423046 0.00032178754806518658 -0.15522522096633912
leaf_weight=1353 162 1650 2002 944 232 437 1475 1300 92 598 2436 174 388 284
leaf_count=1353 162 1650 2002 944 232 437 1475 1300 92 598 2436 174 388 284
internal_value=0.000114216 -0.00304598 -0.000787546 0.00195288 0.00730211 0.0082124 -0.00257338 0.00566441 0.00235581 0.00695652 0.0105348 0.0115747 -0.0112667 -0.00629464
internal_weight=13527 9396 7371 5369 4131 3969 2419 2950 1127 690 2842 2610 2025 672
internal_count=13527 9396 7371 5369 4131 3969 2419 2950 1127 690 2842 2610 2025 672
is_linear=0
shrinkage=0.03


Tree=2
num_leaves=15
num_cat=0
split_feature=15 28 40 45 0 40 33 12 21 40 28 15 67 28
split_gain=333.2 190.022 161.306 96.8057 92.6985 58.7813 46.5612 42.0795 44.0419 39.587 37.7946 27.6251 27.4684 39.695
threshold=5.1263539791107187 37.987070083618171 0.60526317358016979 1.0000000180025095e-35 7.1250000000000009 0.59473684430122387 49.202127456665046 290.33332824707037 2.8514263629913335 0.34210526943206793 39.440446853637702 35.729955673217781 23.441666603088382 20.062935829162601
decision_type=2 2 2 2 2 2 2 2 2 2 2 2 2 2
left_child=1 12 3 9 -2 10 -5 -7 -9 -3 -6 -12 -1 -14
right_child=4 2 -4 6 5 7 -8 8 -10 -11 11 -13 13 -15
leaf_value=-0.12323952439284323 -0.14869166952610016 0.036361204311132433 -0.0479010727007389 0.010373568208694452 -0.0043085116553306423 -0.024727185301780707 -0.030963047063827496 -0.074358507054090472 0.021521630561828597 0.0041066164183616478 0.026631219639301297 -0.0001927460632323985 0.0003121339216232233 -0.15056846433734894
leaf_weight=1353 162 1650 2093 928 228 456 1450 96 624 1250 2394 171 388 284
leaf_count=1353 162 1650 2093 928 228 456 1450 96 624 1250 2394 171 388 284
internal_value=0.000143047 -0.00297893 -0.000742776 0.00205191 0.00724401 0.00815193 -0.00243482 0.00252551 0.00704167 0.00573103 0.0105209 0.0115614 -0.0111185 -0.00616071
internal_weight=13527 9396 7371 5278 4131 3969 2378 1176 720 2900 2793 2565 2025 672
internal_count=13527 9396 7371 5278 4131 3969 2378 1176 720 2900 2793 2565 2025 672
is_linear=0
shrinkage=0.03


Tree=3
num_leaves=15
num_cat=0
split_feature=15 28 40 0 45 40 33 12 21 40 28 67 18 15
split_gain=321.587 183.338 158.633 91.9736 89.8486 58.531 44.4746 40.9352 42.0937 38.7458 37.2453 29.8585 40.7696 26.8227
threshold=5.1263539791107187 37.987070083618171 0.61578947305679332 7.1250000000000009 1.0000000180025095e-35 0.60526317358016979 49.202127456665046 290.33332824707037 2.8514263629913335 0.34210526943206793 39.440446853637702 30.588749885559086 0.48958332836627966 35.729955673217781
decision_type=2 2 2 2 2 2 2 2 2 2 2 2 2 2
left_child=1 11 4 -2 9 10 -6 -7 -9 -3 -5 -1 -13 -12
right_child=3 2 -4 5 6 7 -8 8 -10 -11 13 12 -14 -15
leaf_value=-0.11810155969033957 -0.14423091944031716 0.035270368181798455 -0.047457176687242968 -0.0041792563056707267 0.010062361162433611 -0.025247889102315915 -0.030034155651912673 -0.072127751842467766 0.020565303162918082 0.0039834179258107921 0.025773531943860045 0.0011463568256664214 -0.14605141040722847 0.00021984517181399709
leaf_weight=1386 162 1650 2002 232 944 437 1475 92 598 1300 2436 390 249 174
leaf_count=1386 162 1650 2002 232 944 437 1475 92 598 1300 2436 390 249 174
internal_value=0.00018075 -0.00288633 -0.000689866 0.00715686 0.00199758 0.00806122 -0.00228814 0.00227595 0.00682609 0.00551186 0.0103554 -0.0108815 -0.00551643 0.0113793
internal_weight=13527 9396 7371 4131 5369 3969 2419 1127 690 2950 2842 2025 639 2610
internal_count=13527 9396 7371 4131 5369 3969 2419 1127 690 2950 2842 2025 639 2610
is_linear=0
shrinkage=0.03


Tree=4
num_leaves=15
num_cat=0
split_feature=15 28 40 0 45 40 12 21 33 40 28 67 18 18
split_gain=315.867 171.374 149.338 91.7326 87.8461 57.9208 40.9352 42.0937 38.4875 38.08 36.9728 30.1992 37.6444 28.8401
threshold=5.1263539791107187 37.987070083618171 0.62631577253341686 7.1250000000000009 1.0000000180025095e-35 0.60526317358016979 290.33332824707037 2.8514263629913335 49.202127456665046 0.34210526943206793 39.440446853637702 23.441666603088382 0.48958332836627966 0.44791667163372045
decision_type=2 2 2 2 2 2 2 2 2 2 2 2 2 2
left_child=1 11 4 -2 9 10 -7 -8 13 -3 -5 -1 -13 -6
right_child=3 2 -4 5 8 6 7 -9 -10 -11 -12 12 -14 -15
leaf_value=-0.11599929187034776 -0.13990399185710764 0.034212257136344501 -0.050366241032545479 -0.0040538786165006079 0.022760599880897701 -0.024490452429246447 -0.06996391928719374 0.019948344068030532 -0.029133130982355301 0.0037316359919793295 0.024613422699564031 0.00046891545027265557 -0.14166986809501161 -0.039055177301681343
leaf_weight=1353 162 1650 1911 232 660 437 92 598 1500 1350 2610 420 252 300
leaf_count=1353 162 1650 1911 232 660 437 92 598 1500 1350 2610 420 252 300
internal_value=0.000214016 -0.00282567 -0.000702076 0.00712781 0.00182418 0.00803099 0.00227595 0.00682609 -0.00237805 0.00527 0.0103132 -0.0105556 -0.00535714 0.0023125
internal_weight=13527 9396 7371 4131 5460 3969 1127 690 2460 3000 2842 2025 672 960
internal_count=13527 9396 7371 4131 5460 3969 1127 690 2460 3000 2842 2025 672 960
is_linear=0
shrinkage=0.03


Tree=5
num_leaves=15
num_cat=0
split_feature=15 28 40 0 45 40 12 21 33 28 40 3 40 15
split_gain=302.001 151.61 138.082 91.2515 83.8364 57.7754 40.3308 41.7071 37.3823 36.5658 35.7173 32.1193 30.5248 27.0943
threshold=5.1263539791107187 37.987070083618171 0.62631577253341686 7.1250000000000009 1.0000000180025095e-35 0.60526317358016979 290.33332824707037 2.8514263629913335 49.202127456665046 39.440446853637702 0.34210526943206793 0.12684027105569842 0.3315789550542832 35.729955673217781
decision_type=2 2 2 2 2 2 2 2 2 2 2 2 2 2
left_child=1 11 4 -2 10 9 -7 -8 -6 -5 -3 -1 -13 -11
right_child=3 2 -4 5 8 6 7 -9 -10 13 -12 12 -14 -15
leaf_value=-0.09877035250603397 -0.13570687210139443 0.033185889422254165 -0.048855253801569111 -0.0039322622580055984 0.0094454500363262365 -0.023755738856369061 -0.067865001708577941 0.019349893745989624 -0.028259137052884638 0.024261923304557342 0.0036196869122199524 0.0046314290950274593 -0.14069347800548029 -0.0005251528643273318
leaf_weight=1539 162 1650 1911 232 960 437 92 598 1500 2436 1350 192 294 174
leaf_count=1539 162 1650 1911 232 960 437 92 598 1500 2436 1350 192 294 174
internal_value=0.000309381 -0.00266284 -0.000665446 0.00706972 0.00176374 0.00797052 0.00222272 0.00673913 -0.00234146 0.0102498 0.00513 -0.00993333 -0.00320988 0.0112644
internal_weight=13527 9396 7371 4131 5460 3969 1127 690 2460 2842 3000 2025 486 2610
internal_count=13527 9396 7371 4131 5460 3969 1127 690 2460 2842 3000 2025 486 2610
is_linear=0
shrinkage=0.03


Tree=6
num_leaves=15
num_cat=0
split_feature=15 40 18 0 28 40 2 45 40 12 21 28 18 15
split_gain=284.479 150.081 132.818 90.652 84.8098 55.739 53.5376 65.1591 49.2979 40.6325 40.4629 35.8256 29.9033 26.4985
threshold=5.1263539791107187 0.34210526943206793 0.48958332836627966 7.1250000000000009 44.981086730957038 0.60526317358016979 1101.0000000000002 1.0000000180025095e-35 0.67894738912582409 290.33332824707037 2.8514263629913335 39.440446853637702 0.40625000000000006 35.729955673217781
decision_type=2 2 2 2 2 2 2 2 2 2 2 2 2 2
left_child=1 2 6 -2 -3 11 -1 -8 12 -7 -11 -5 -6 -13
right_child=3 4 -4 5 8 9 7 -9 -10 10 -12 13 -14 -15
leaf_value=0.024068118926262559 -0.13163566593835258 -0.1364726736653159 -0.059358660991224853 -0.0038142943902654378 0.001776124311223426 -0.023043066690677981 0.015649952288841903 -0.052017512137922849 -0.053422671043326493 -0.065829051657320614 0.018769396933609944 0.02353406560542062 -0.025214551174094317 -0.00050939827839751922
leaf_weight=2277 162 1296 627 232 2208 437 594 330 1424 92 598 2436 640 174
leaf_count=2277 162 1296 627 232 2208 437 594 330 1424 92 598 2436 640 174
internal_value=0.000435795 -0.00244891 0.00212382 0.0069971 -0.00559267 0.00789494 0.004597 -0.00149351 -0.00355337 0.00224933 0.00678261 0.0101337 -0.00127458 0.0111379
internal_weight=13527 9396 3828 4131 5568 3969 3201 924 4272 1127 690 2842 2848 2610
internal_count=13527 9396 3828 4131 5568 3969 3201 924 4272 1127 690 2842 2848 2610
is_linear=0
shrinkage=0.03


Tree=7
num_leaves=15
num_cat=0
split_feature=15 18 40 0 40 34 2 45 17 12 21 28 28 17
split_gain=271.412 140.742 150.988 90.0544 54.2564 53.899 49.05 53.9355 47.9417 40.6325 40.4629 32.848 32.7642 32.0803
threshold=5.1263539791107187 0.44791667163372045 0.35263158380985266 7.1250000000000009 0.60526317358016979 46.068027496337898 1101.0000000000002 1.0000000180025095e-35 13.769444465637209 290.33332824707037 2.8514263629913335 220.2862243652344 39.440446853637702 7.226388931274415
decision_type=2 2 2 2 2 2 2 2 2 2 2 2 2 2
left_child=1 2 6 -2 12 -4 -1 -8 13 -6 -11 -3 -5 -7
right_child=3 11 5 4 9 8 7 -9 -10 10 -12 -13 -14 -15
leaf_value=0.024367672726761297 -0.12768659596020202 -0.10316719045711044 0.014454912451920467 -0.0036998655585574799 -0.022351774689957631 -0.025243816615772321 0.014384309711540161 -0.050912461627300801 -0.04581851605469639 -0.06385418010760098 0.018206315025601636 -0.010511232482125078 0.022490628895741896 0.0053373844848358405
leaf_weight=2244 162 1539 611 232 437 1175 544 340 1974 92 598 405 2610 564
leaf_count=2244 162 1539 611 232 437 1175 544 340 1974 92 598 405 2610 564
internal_value=0.000515635 -0.00230204 -0.000426731 0.00692447 0.00781935 -0.00405874 0.00459399 -0.0013914 -0.00541745 0.00224933 0.00678261 -0.00949074 0.0100281 -0.00178551
internal_weight=13527 9396 7452 4131 3969 4324 3128 884 3713 1127 690 1944 2842 1739
internal_count=13527 9396 7452 4131 3969 4324 3128 884 3713 1127 690 1944 2842 1739
is_linear=0
shrinkage=0.03


Tree=8
num_leaves=15
num_cat=0
split_feature=15 28 40 0 45 40 12 28 18 67 33 21 28 15
split_gain=261.949 132.388 118.28 89.8755 77.9243 51.9769 38.8749 34.9997 34.0889 43.1736 33.7781 32.6866 32.5969 25.7555
threshold=5.1263539791107187 37.987070083618171 0.61578947305679332 7.1250000000000009 1.0000000180025095e-35 0.6473684310913087 290.33332824707037 378.19889831542974 0.48958332836627966 37.198888778686531 47.923986434936531 2.8514263629913335 39.440446853637702 35.729955673217781
decision_type=2 2 2 2 2 2 2 2 2 2 2 2 2 2
left_child=1 8 4 -2 -3 12 -7 10 9 -1 -6 -8 -5 -14
right_child=3 2 -4 5 7 6 11 -9 -10 -11 -12 -13 13 -15
leaf_value=-0.046820411934591993 -0.12385599808139595 0.02225531445615183 -0.041359649604939541 -0.0035888695918007583 0.009669035235139161 -0.030763467275980085 -0.064748390376751494 0.012675162115784911 -0.1295808859335302 0.0035461569995037931 -0.036671249307779437 0.016227718672520364 0.02215332477038575 -0.0002236247400696989
leaf_weight=1024 162 2950 2002 248 472 361 76 708 648 353 1239 494 2604 186
leaf_count=1024 162 2950 2002 248 472 361 76 708 648 353 1239 494 2604 186
internal_value=0.000606565 -0.00216156 -0.000295075 0.00690269 0.00202552 0.00779667 0.00159506 -0.00196569 -0.00895556 -0.0062854 -0.00428697 0.00647368 0.00969717 0.0106237
internal_weight=13527 9396 7371 4131 5369 3969 931 2419 2025 1377 1711 570 3038 2790
internal_count=13527 9396 7371 4131 5369 3969 931 2419 2025 1377 1711 570 3038 2790
is_linear=0
shrinkage=0.03


Tree=9
num_leaves=15
num_cat=0
split_feature=15 40 18 0 44 40 21 34 12 21 34 28 17 28
split_gain=246.477 133.094 116.471 88.9837 57.6816 50.6314 48.5851 47.8106 41.2391 36.6623 35.3302 31.4962 27.5317 27.4381
threshold=5.1263539791107187 0.60526317358016979 0.44791667163372045 7.1250000000000009 1.0000000180025095e-35 0.60526317358016979 2.3826677799224858 50.127214431762702 290.33332824707037 2.8514263629913335 47.295478820800788 39.440446853637702 60.075973510742195 272.45051574707037
decision_type=2 2 2 2 2 2 2 2 2 2 2 2 2 2
left_child=1 2 4 -2 6 11 -1 -8 -7 -10 -3 -5 -9 -4
right_child=3 10 13 5 -6 8 7 12 9 -11 -12 -13 -14 -15
leaf_value=0.041915052435534089 -0.12014031813895407 -0.012504817429180538 -0.051303934246758928 -0.0034812035040467301 0.020502938655909006 -0.022345821192370472 0.010800171272730034 -0.029367270293292783 -0.05999610299307042 0.017173294014657985 -0.07960911590912606 0.021151310285758056 0.0024812640606389812 0.0088072713578273114
leaf_weight=290 162 759 1160 232 2262 437 1044 1218 92 598 1909 2610 522 232
leaf_count=290 162 759 1160 232 2262 437 1044 1218 92 598 1909 2610 522 232
internal_value=0.000686405 -0.00199872 0.000249703 0.00679375 0.00226574 0.0076833 -0.000409889 -0.00162716 0.00230257 0.00686957 -0.00766867 0.00981703 -0.00467241 -0.00747845
internal_weight=13527 9396 6728 4131 5336 3969 3074 2784 1127 690 2668 2842 1740 1392
internal_count=13527 9396 6728 4131 5336 3969 3074 2784 1127 690 2668 2842 1740 1392
is_linear=0
shrinkage=0.03


Tree=10
num_leaves=15
num_cat=0
split_feature=15 40 18 0 28 40 40 21 12 21 28 34 19 30
split_gain=236.665 124.586 101.329 88.6875 81.963 50.5333 42.1433 39.1445 38.2272 32.312 31.4946 30.5709 25.8584 25.7397
threshold=5.1263539791107187 0.3315789550542832 0.48958332836627966 7.1250000000000009 44.981086730957038 0.6473684310913087 0.66842105984687816 2.6411631107330327 290.33332824707037 2.8514263629913335 39.440446853637702 49.850135803222663 0.49300666153430944 0.48065476119518286
decision_type=2 2 2 2 2 2 2 2 2 2 2 2 2 2
left_child=1 2 7 -2 -3 10 12 -1 -7 -10 -5 -9 -6 -8
right_child=3 4 -4 5 6 8 13 11 9 -11 -12 -13 -14 -15
leaf_value=0.033593109899590107 -0.11653610859478544 -0.1242654714513468 -0.050823607310447091 -0.0033767673989253399 0.0015180306248900699 -0.029170188621929567 0.0080775891328794362 0.018715522716338185 -0.061006055575656859 0.015225688291905026 0.020593196052716332 -0.0034523169965462851 -0.025865880872468494 -0.056417347888063407
leaf_weight=864 162 1323 608 248 2432 361 119 1184 76 494 2790 1056 416 1394
leaf_count=864 162 1323 608 248 2432 361 119 1184 76 494 2790 1056 416 1394
internal_value=0.000772899 -0.00185824 0.00241649 0.00675744 -0.00464989 0.0076455 -0.00266567 0.00461018 0.00153061 0.00636842 0.00951942 0.00251786 -0.000516152 -0.00671183
internal_weight=13527 9396 3712 4131 5684 3969 4361 3104 931 570 3038 2240 2848 1513
internal_count=13527 9396 3712 4131 5684 3969 4361 3104 931 570 3038 2240 2848 1513
is_linear=0
shrinkage=0.03


Tree=11
num_leaves=15
num_cat=0
split_feature=15 40 18 0 44 31 40 65 12 21 28 31 69 36
split_gain=234.835 119.342 99.3344 88.8059 54.7561 45.5434 45.0584 41.9043 32.5286 31.3744 31.042 30.8787 28.8956 28.5056
threshold=5.1263539791107187 0.61578947305679332 0.44791667163372045 7.1250000000000009 1.0000000180025095e-35 0.47446672618389135 0.66842105984687816 52.915832519531257 290.33332824707037 2.8514263629913335 39.440446853637702 0.47446672618389135 7.0000000000000009 4.5000000000000009
decision_type=2 2 2 2 2 2 2 2 2 2 2 2 2 2
left_child=1 2 4 -2 5 7 10 -1 -8 -10 -5 -3 -7 -9
right_child=3 11 -4 6 -6 12 8 13 9 -11 -12 -13 -14 -15
leaf_value=-0.025692050550578809 -0.11304002533694188 -0.072850612318641053 -0.037185370598229454 -0.0032754643769575863 0.01919892063764066 -0.021245148363805332 -0.029629514134688922 -0.014904117408882946 -0.062336302909241643 0.014286677919942301 0.01989897509560384 -0.0062268281822486669 0.030601683967158851 0.018754190098703685
leaf_weight=1113 162 2046 1416 256 2301 257 323 552 68 442 2880 506 687 518
leaf_count=1113 162 2046 1416 256 2301 257 323 552 68 442 2880 506 687 518
internal_value=0.000810601 -0.00181034 0.000254237 0.00677197 0.00210022 -0.00048449 0.00766062 -0.00286532 0.00145858 0.00617647 0.00930804 -0.00734718 0.00502119 0.00137383
internal_weight=13527 9396 6844 4131 5428 3127 3969 2183 833 510 3136 2552 944 1070
internal_count=13527 9396 6844 4131 5428 3127 3969 2183 833 510 3136 2552 944 1070
is_linear=0
shrinkage=0.03


Tree=12
num_leaves=15
num_cat=0
split_feature=15 40 9 0 28 21 40 40 12 21 28 34 16 35
split_gain=231.51 116.432 94.0064 88.5691 73.6145 44.9863 44.6096 37.3625 33.6061 31.1094 30.7103 29.5123 24.3485 24.12
threshold=5.1263539791107187 0.34210526943206793 0.92435190081596386 7.1250000000000009 44.981086730957038 2.6411631107330327 0.6473684310913087 0.67894738912582409 290.33332824707037 2.8514263629913335 39.440446853637702 48.597253799438484 111.37792587280275 166.47208404541018
decision_type=2 2 2 2 2 2 2 2 2 2 2 2 2 2
left_child=1 2 5 -2 -3 -1 10 -6 -8 -10 -5 13 -12 -7
right_child=3 4 -4 6 7 11 8 -9 9 -11 12 -13 -14 -15
leaf_value=0.031930958351458205 -0.10964882457683363 -0.11835198893824717 -0.12151407199086124 -0.0031772004456488553 -0.0033514444430488943 0.00097174701818802055 -0.027406197539231032 -0.044937047182854489 -0.057305784821109894 0.01425613284791467 0.019269905165245491 -0.0012612695416285913 0.022381017283012828 0.035056482664051952
leaf_weight=891 162 1296 396 248 2848 396 361 1424 76 494 2418 1584 372 561
leaf_count=891 162 1296 396 248 2848 396 361 1424 76 494 2418 1584 372 561
internal_value=0.000823908 -0.00177842 0.00224922 0.00674292 -0.00454741 0.00384615 0.00763039 -0.00264747 0.00188507 0.00642105 0.00939105 0.00181228 0.0102903 0.00597179
internal_weight=13527 9396 3828 4131 5568 3432 3969 4272 931 570 3038 2541 2790 957
internal_count=13527 9396 3828 4131 5568 3432 3969 4272 931 570 3038 2541 2790 957
is_linear=0
shrinkage=0.03


Tree=13
num_leaves=15
num_cat=0
split_feature=15 40 18 0 28 21 1 40 40 28 22 30 22 12
split_gain=229.592 119.279 95.9759 85.9261 46.1731 59.3145 47.8707 41.2737 41.0502 38.4929 30.5699 30.1546 29.441 30.3819
threshold=4.437688112258912 0.57368421554565441 0.48958332836627966 7.1250000000000009 378.19889831542974 2.3367766141891484 46.151123046875007 0.23684210330247882 0.67894738912582409 55.198331832885749 6.6388230323791513 0.79761904478073131 7.64542579650879 356.73959350585943
decision_type=2 2 2 2 2 2 2 2 2 2 2 2 2 2
left_child=1 2 4 -2 5 -1 -7 -8 -5 -3 -10 -4 -12 -14
right_child=3 9 11 8 -6 6 7 -9 10 -11 12 -13 13 -15
leaf_value=0.028707204948345763 -0.10635935983952863 -0.11480142927009974 0.0025373686251644132 0.017724596286960492 0.029130152278492191 0.011535173071390461 0.0025615244163354409 -0.037349192272357404 -0.066907308398408707 -0.028062108001835461 0.017518638035077971 -0.097817870634455434 -0.028402935563249406 0.010313931366224213
leaf_weight=605 162 702 275 3445 1320 880 989 1376 144 2210 368 715 192 144
leaf_count=605 162 702 275 3445 1320 880 989 1376 144 2210 368 715 192 144
internal_value=0.000870481 -0.00186839 0.000496753 0.00644781 0.0021354 0.000475325 -0.00113251 -0.00335518 0.00725716 -0.00687157 0.00134434 -0.00806061 0.00392045 -0.0025
internal_weight=13527 9072 6160 4455 5170 3850 3245 2365 4293 2912 848 990 704 336
internal_count=13527 9072 6160 4455 5170 3850 3245 2365 4293 2912 848 990 704 336
is_linear=0
shrinkage=0.03


Tree=14
num_leaves=15
num_cat=0
split_feature=15 40 9 0 28 40 21 40 12 21 28 44 25 24
split_gain=220.198 115.015 88.1668 87.9195 67.1353 43.5723 40.9326 33.5424 32.1127 30.9317 30.1344 29.2238 25.8882 25.0496
threshold=5.1263539791107187 0.36315789818763738 0.92435190081596386 7.1250000000000009 44.981086730957038 0.65789473056793224 2.6411631107330327 0.66842105984687816 290.33332824707037 2.8514263629913335 39.440446853637702 1.0000000180025095e-35 1031.3113403320315 182.569938659668
decision_type=2 2 2 2 2 2 2 2 2 2 2 2 2 2
left_child=1 2 6 -2 -3 10 -1 -6 -7 -10 -5 -8 -13 -9
right_child=3 4 -4 5 7 8 11 13 9 -11 -12 12 -14 -15
leaf_value=0.029669232763771099 -0.10316857904434276 -0.11135738639199676 -0.11273085778787476 -0.0036136223208882165 -0.0030598374599800859 -0.025775940384230329 -0.0018970662671528693 -0.066453858926597456 -0.056389227696902883 0.013235671049246837 0.018221138656530387 0.025501791801980232 -0.0045989767627068363 -0.035653440052301005
leaf_weight=945 162 1242 420 252 2581 342 1715 391 72 468 2835 770 210 1122
leaf_count=945 162 1242 420 252 2581 342 1715 391 72 468 2835 770 210 1122
internal_value=0.000890441 -0.00164751 0.00215764 0.00666304 -0.00454273 0.00754724 0.00365934 -0.0026893 0.00166667 0.00622222 0.00922741 0.00177551 0.00590816 -0.00623596
internal_weight=13527 9396 4060 4131 5336 3969 3640 4094 882 540 3087 2695 980 1513
internal_count=13527 9396 4060 4131 5336 3969 3640 4094 882 540 3087 2695 980 1513
is_linear=0
shrinkage=0.03


Tree=15
num_leaves=15
num_cat=0
split_feature=15 40 0 21 45 1 40 28 16 22 29 17 40 33
split_gain=214.231 115.442 85.065 83.5407 49.9394 54.812 37.1394 34.8789 34.6274 31.4346 29.3967 28.0303 27.3572 33.7803
threshold=4.437688112258912 0.59473684430122387 7.1250000000000009 7.032708168029786 1.0000000180025095e-35 170.72325134277347 0.67894738912582409 351.72930908203131 2.2586479187011723 6.6388230323791513 6193.1657714843759 8.6083335876464862 0.28947368264198309 49.202127456665046
decision_type=2 2 2 2 2 2 2 2 2 2 2 2 2 2
left_child=1 3 -2 4 7 12 -4 -1 11 -8 -10 -3 -6 -14
right_child=2 8 6 -5 5 -7 9 -9 10 -11 -12 -13 13 -15
leaf_value=0.0044275495115685534 -0.10007352167301248 -0.044149344579087375 0.016748348452828132 -0.079976287497560195 0.012988442260051815 -0.046750323143207449 -0.063936500668414636 0.03675524812433683 -0.074673109173534452 0.0092842783777215571 0.019790996326370144 0.017939173513168757 0.026018223516396002 -0.026338462147827115
leaf_weight=2337 162 1056 3445 741 756 855 144 912 1272 704 120 240 261 522
leaf_count=2337 162 1056 3445 741 756 855 144 912 1272 704 120 240 261 522
internal_value=0.000952539 -0.00169312 0.00634007 0.00050282 0.00174641 -0.00154135 0.00714535 0.00416898 -0.00690848 0.00152123 -0.010194 -0.00337963 0.00184211 -0.00208812
internal_weight=13527 9072 4455 6384 5643 2394 4293 3249 2688 848 1392 1296 1539 783
internal_count=13527 9072 4455 6384 5643 2394 4293 3249 2688 848 1392 1296 1539 783
is_linear=0
shrinkage=0.03


Tree=16
num_leaves=15
num_cat=0
split_feature=15 40 0 21 34 29 21 12 22 42 16 1 17 33
split_gain=204.7 120.386 84.1014 84.0324 48.5344 51.4576 51.0985 37.1593 47.0682 34.8235 32.2256 30.6187 29.2472 25.4805
threshold=4.437688112258912 0.61578947305679332 7.1250000000000009 7.032708168029786 49.835447311401374 3118.2814941406255 2.4622424840927128 244.63541412353518 6.1419737339019784 0.68322628736495983 2.2586479187011723 345.79135131835943 8.6083335876464862 52.354940414428718
decision_type=2 2 2 2 2 2 2 2 2 2 2 2 2 2
left_child=1 3 -2 4 5 13 -6 9 -9 -4 12 -10 -3 -1
right_child=2 10 7 -5 6 -7 -8 8 11 -11 -12 -13 -14 -15
leaf_value=-0.040156716301899209 -0.09707131602282211 -0.053286557709585743 5.0856785295052553e-05 -0.088062440557356292 0.025186523848880402 0.02999718830877009 -0.013935298803897602 -0.1574598459209475 0.016571818581060913 0.023400745922245978 -0.070161147176777669 0.0092552387623353292 0.017867510972961805 0.0036964193326084424
leaf_weight=354 162 968 1008 767 472 1652 2301 81 2106 450 1276 648 220 1062
leaf_count=354 162 968 1008 767 472 1652 2301 81 2106 450 1276 648 220 1062
internal_value=0.000952539 -0.0016336 0.00621886 0.000476695 0.00170262 0.00430248 -0.00117382 0.00701957 0.00902116 0.00312757 -0.00729302 0.0096841 -0.00373737 0.000105932
internal_weight=13527 9072 4455 6608 5841 3068 2773 4293 2835 1458 2464 2754 1188 1416
internal_count=13527 9072 4455 6608 5841 3068 2773 4293 2835 1458 2464 2754 1188 1416
is_linear=0
shrinkage=0.03


Tree=17
num_leaves=15
num_cat=0
split_feature=15 40 0 18 34 40 30 34 12 21 28 29 28 15
split_gain=198.348 104.798 86.1016 77.9229 49.6004 40.9706 40.8755 35.0314 32.6862 31.7703 30.5018 26.3163 30.5346 25.7763
threshold=5.1263539791107187 0.63684210181236278 7.1250000000000009 0.44791667163372045 50.824762344360359 0.63684210181236278 0.6517857313156129 47.295478820800788 290.33332824707037 2.8514263629913335 39.440446853637702 3118.2814941406255 196.22356414794925 0.48964698612689977
decision_type=2 2 2 2 2 2 2 2 2 2 2 2 2 2
left_child=1 3 -2 4 11 10 -6 -3 -7 -10 -4 12 -1 -5
right_child=2 7 5 13 6 8 -8 -9 9 -11 -12 -13 -14 -15
leaf_value=0.0049270436093836346 -0.094159176542137443 -0.0059850941285298906 -0.003401829942338059 -0.091423945360071424 0.022704907850446449 -0.025558847686905146 -0.016782457643583458 -0.067326582475552357 -0.04765693905861812 0.012943636872728533 0.016763162043801214 0.023872274973525918 -0.044134538787288839 -0.011000544869404329
leaf_weight=1403 162 660 244 671 366 380 1464 1660 80 520 2745 2074 305 793
leaf_count=1403 162 660 244 671 366 380 1464 1660 80 520 2745 2074 305 793
internal_value=0.000959193 -0.00144955 0.00643791 0.000364613 0.00197256 0.00731293 -0.00208197 -0.00698276 0.0019898 0.00635 0.00905821 0.00393443 0.00117681 -0.00579918
internal_weight=13527 9396 4131 7076 5612 3969 1830 2320 980 600 2989 3782 1708 1464
internal_count=13527 9396 4131 7076 5612 3969 1830 2320 980 600 2989 3782 1708 1464
is_linear=0
shrinkage=0.03


Tree=18
num_leaves=15
num_cat=0
split_feature=15 40 0 9 28 12 22 42 17 40 33 15 24 45
split_gain=197.6 112.517 83.3026 80.0545 54.7678 36.341 46.5393 33.5252 33.4793 34.4142 32.2682 28.2141 26.0116 23.9392
threshold=4.437688112258912 0.31052631139755255 7.1250000000000009 0.92435190081596386 44.981086730957038 244.63541412353518 6.1419737339019784 0.72947329282760631 110.70222473144533 0.65789473056793224 58.174474716186531 40.719272613525398 182.569938659668 -0.56174489110708226
decision_type=2 2 2 2 2 2 2 2 2 2 2 2 2 2
left_child=1 3 -2 10 13 7 -7 -4 9 -6 -1 -8 -11 -3
right_child=2 4 5 -5 8 6 11 -9 -10 12 -12 -13 -14 -15
leaf_value=0.021900391892051622 -0.091334401245873317 -0.008931025332418312 0.00036237043592678652 -0.10376830777601587 0.00013150895086324609 -0.15263399564504893 0.015458047778262188 0.024690267030403452 -0.11251774378418464 -0.056661234598968463 -0.0001702101565930425 -0.0094420294260362594 -0.026684367680499917 -0.10266140405833993
leaf_weight=2010 162 408 1044 330 2706 81 2592 414 204 414 1020 162 1062 918
leaf_count=2010 162 408 1044 330 2706 81 2592 414 204 414 1020 162 1062 918
internal_value=0.000943668 -0.00159722 0.00611785 0.00275893 -0.00415966 0.00691474 0.00889418 0.00306584 -0.00254446 -0.00196557 0.00428713 0.00955338 -0.00565041 -0.00950226
internal_weight=13527 9072 4455 3360 5712 4293 2835 1458 4386 4182 3030 2754 1476 1326
internal_count=13527 9072 4455 3360 5712 4293 2835 1458 4386 4182 3030 2754 1476 1326
is_linear=0
shrinkage=0.03


Tree=19
num_leaves=15
num_cat=0
split_feature=15 40 0 9 28 33 12 22 42 17 1 24 35 24
split_gain=188.185 106.808 82.9311 68.1463 46.0432 36.3852 36.1945 44.798 33.2352 32.5236 28.5493 27.5536 35.5103 25.6054
threshold=4.437688112258912 0.34210526943206793 7.1250000000000009 0.92435190081596386 44.981086730957038 58.174474716186531 244.63541412353518 6.1419737339019784 0.72947329282760631 110.70222473144533 345.79135131835943 230.06696319580081 166.99986267089847 280.17114257812506
decision_type=2 2 2 2 2 2 2 2 2 2 2 2 2 2
left_child=1 3 -2 5 -3 -1 8 -8 -4 11 -9 -6 -13 -14
right_child=2 4 6 -5 9 -7 7 10 -10 -11 -12 12 13 -15
leaf_value=0.021054526972055284 -0.088594369208497128 -0.099072055177520393 0.00035149932284899598 -0.1006552585427354 -0.016982162716395566 -0.0010032620505943067 -0.14805497577569746 0.015161225576329124 0.023949559019491345 -0.10915152767663749 0.008284687980584602 0.016355285872472178 0.0025467353335923092 -0.044350581972063555
leaf_weight=2211 162 1248 1044 363 2064 1122 81 2106 414 192 648 768 624 480
leaf_count=2211 162 1248 1044 363 2064 1122 81 2106 414 192 648 768 624 480
internal_value=0.00102129 -0.00145833 0.00607071 0.00246753 -0.00415737 0.00381188 0.00686583 0.00884127 0.00302469 -0.00263081 0.00948802 -0.00204268 0.000592949 -0.00285326
internal_weight=13527 9072 4455 3696 5376 3333 4293 2835 1458 4128 2754 3936 1872 1104
internal_count=13527 9072 4455 3696 5376 3333 4293 2835 1458 4128 2754 3936 1872 1104
is_linear=0
shrinkage=0.03


Tree=20
num_leaves=15
num_cat=0
split_feature=15 40 0 9 45 28 12 22 21 35 42 1 44 25
split_gain=179.306 100.017 82.4019 63.5779 43.7746 46.1044 36.429 44.5397 35.3406 33.8232 31.5074 28.3519 27.3166 26.1151
threshold=4.437688112258912 0.36315789818763738 7.1250000000000009 0.92435190081596386 -0.56174489110708226 55.198331832885749 244.63541412353518 6.1419737339019784 2.6411631107330327 165.50125122070315 0.77259656786918651 345.79135131835943 1.0000000180025095e-35 1031.3113403320315
decision_type=2 2 2 2 2 2 2 2 2 2 2 2 2 2
left_child=1 3 -2 8 9 -6 10 -8 -1 -3 -4 -9 -10 -14
right_child=2 4 6 -5 5 -7 7 11 12 -11 -12 -13 13 -15
leaf_value=0.025746597196342966 -0.08593653813224221 -0.032427928127101539 0.00077655737676932005 -0.097635600786453336 -0.097021786480234282 -0.019903129287812123 -0.14361332650242653 0.01470638880903925 -0.0019991989225710549 0.0044880082710810117 0.024431435884923455 0.0080361473411670742 0.024561834358807728 -0.0046104114109131221
leaf_weight=945 162 138 1080 385 828 2990 81 2106 1610 1196 378 648 770 210
leaf_count=945 162 138 1080 385 828 2990 81 2106 1610 1196 378 648 770 210
internal_value=0.00107452 -0.0013459 0.00600337 0.00226531 -0.00409356 -0.00572813 0.00679595 0.00877778 0.00352617 0.000584708 0.00294239 0.00942266 0.00171429 0.00566327
internal_weight=13527 9072 4455 3920 5152 3818 4293 2835 3535 1334 1458 2754 2590 980
internal_count=13527 9072 4455 3920 5152 3818 4293 2835 3535 1334 1458 2754 2590 980
is_linear=0
shrinkage=0.03


Tree=21
num_leaves=15
num_cat=0
split_feature=15 40 0 18 34 31 40 1 45 45 12 21 22 28
split_gain=173.178 86.8846 84.1874 54.9702 44.6677 51.6931 37.8855 36.3549 49.7171 36.1084 32.7393 33.7394 28.6047 27.754
threshold=5.1263539791107187 0.36315789818763738 7.1250000000000009 0.48958332836627966 49.032165527343757 0.47446672618389135 0.60526317358016979 154.29333496093753 1.0000000180025095e-35 -0.56174489110708226 290.33332824707037 2.8514263629913335 8.4510140419006365 39.440446853637702
decision_type=2 2 2 2 2 2 2 2 2 2 2 2 2 2
left_child=1 3 -2 7 12 9 13 -1 -9 -6 -8 -12 -3 -4
right_child=2 4 6 -5 5 -7 10 8 -10 -11 11 -13 -14 -15
leaf_value=0.019904419667424657 -0.083358441988274953 0.0012026189218997318 -0.0046595449089768337 -0.035731715013998411 -0.0015828893486578765 0.0045225384456159291 -0.019701480548614814 0.0088709085736000184 -0.045593065725475827 -0.066964696426014408 -0.047587000751768485 0.011858099291103085 -0.085783040112299161 0.014988702655102663
leaf_weight=1960 162 1978 232 665 552 552 437 980 455 2024 92 598 230 2610
leaf_count=1960 162 1978 232 665 552 552 437 980 455 2024 92 598 230 2610
internal_value=0.00107895 -0.00117178 0.00619826 0.00213547 -0.00368816 -0.00599425 0.00706349 0.00368041 5.22648e-05 -0.0077795 0.00240905 0.00647826 -0.000421196 0.00890922
internal_weight=13527 9396 4131 4060 5336 3128 3969 3395 1435 2576 1127 690 2208 2842
internal_count=13527 9396 4131 4060 5336 3128 3969 3395 1435 2576 1127 690 2208 2842
is_linear=0
shrinkage=0.03


Tree=22
num_leaves=15
num_cat=0
split_feature=15 40 0 10 33 12 22 45 28 42 1 33 13 9
split_gain=161.441 86.784 81.5061 59.1004 44.6681 37.3003 44.1536 34.2206 40.1972 31.0804 28.7756 28.1208 29.4031 28
threshold=4.437688112258912 0.31052631139755255 7.1250000000000009 1.3579986095428469 61.327657699584968 244.63541412353518 6.1419737339019784 -0.56174489110708226 378.19889831542974 0.68322628736495983 345.79135131835943 58.174474716186531 209.58105468750003 0.24109953641891482
decision_type=2 2 2 2 2 2 2 2 2 2 2 2 2 2
left_child=1 3 -2 11 7 9 -7 -3 -9 -4 -8 -1 -13 -14
right_child=2 4 5 -5 -6 6 10 8 -10 -11 -12 12 13 -15
leaf_value=0.02077286740702685 -0.080857688728626698 0.0038865474616147999 -0.00013200345779265099 -0.048985989415820649 -0.091689805794076665 -0.13916514036008443 0.013842432555216425 -0.039799593675487389 0.0019763674480295056 0.020808752672001472 0.007633285122986732 0.0175616213455006 -0.014816011808618903 0.0046743023505755937
leaf_weight=1980 162 1326 1008 420 663 81 2106 2805 918 450 648 240 300 420
leaf_count=1980 162 1326 1008 420 663 81 2106 2805 918 450 648 240 300 420
internal_value=0.00121202 -0.00108466 0.00588889 0.00274107 -0.00333508 0.00667715 0.00868254 -0.00237374 -0.0038477 0.00277778 0.00932462 0.0042449 3.125e-05 -0.003
internal_weight=13527 9072 4455 3360 5712 4293 2835 5049 3723 1458 2754 2940 960 720
internal_count=13527 9072 4455 3360 5712 4293 2835 5049 3723 1458 2754 2940 960 720
is_linear=0
shrinkage=0.03


Tree=23
num_leaves=15
num_cat=0
split_feature=15 40 0 18 28 12 22 17 1 45 42 1 45 30
split_gain=153.55 84.5482 81.2435 48.2954 41.8518 37.4192 44.0253 34.847 31.8954 32.5538 30.5703 28.9176 27.4601 40.2963
threshold=4.437688112258912 0.31052631139755255 7.1250000000000009 0.48958332836627966 55.198331832885749 244.63541412353518 6.1419737339019784 110.70222473144533 154.29333496093753 1.0000000180025095e-35 0.77259656786918651 345.79135131835943 -0.56174489110708226 0.84523808956146251
decision_type=2 2 2 2 2 2 2 2 2 2 2 2 2 2
left_child=1 3 -2 8 12 10 -7 -6 -1 -10 -4 -8 -3 -14
right_child=2 4 5 -5 7 6 11 -9 9 -11 -12 -13 13 -15
leaf_value=0.019963453134321685 -0.078431958066767907 -0.010432100399810089 0.00061136215453901684 -0.040642848802842663 -0.0032428174404596976 -0.1349901861492819 0.013427159578559946 -0.10206764305868056 0.011081999792201825 -0.040603163687026357 0.022624569148562611 0.0074042865692971289 -0.090891666033607391 0.0065237097576024512
leaf_weight=1650 162 459 1080 540 4131 81 2106 204 780 390 378 648 816 102
leaf_count=1650 162 459 1080 540 4131 81 2106 204 780 390 378 648 816 102
internal_value=0.00129408 -0.000945767 0.00585522 0.00283036 -0.00316702 0.00664221 0.00865079 -0.00171972 0.00440426 0.000615385 0.00273663 0.00929194 -0.00772331 -0.010719
internal_weight=13527 9072 4455 3360 5712 4293 2835 4335 2820 1170 1458 2754 1377 918
internal_count=13527 9072 4455 3360 5712 4293 2835 4335 2820 1170 1458 2754 1377 918
is_linear=0
shrinkage=0.03


Tree=24
num_leaves=15
num_cat=0
split_feature=15 0 40 30 21 34 1 22 36 21 22 40 34 28
split_gain=148.718 83.095 76.2105 59.0663 40.5909 46.0522 36.5041 36.1402 35.2099 32.1047 41.8781 31.7416 29.0865 28.6841
threshold=5.1263539791107187 7.1250000000000009 0.60526317358016979 0.78125000000000011 6.0823380947113046 50.642936706542976 46.151123046875007 6.6467571258544931 373.00000000000006 2.3367766141891484 8.0299396514892596 0.39473684132099157 48.747930526733406 45.350009918212898
decision_type=2 2 2 2 2 2 2 2 2 2 2 2 2 2
left_child=2 -2 3 6 5 -5 -1 11 12 -8 -11 -3 -9 -4
right_child=1 7 13 4 -6 -7 9 8 -10 10 -12 -13 -14 -15
leaf_value=0.015905798050370509 -0.076078999324764876 0.017883413477734231 -0.088910954521450133 0.0047507521953919895 -0.07678302011736679 -0.041041988436424419 0.020017291297217667 0.0030390265588164309 0.016364968169956803 -0.0095591514209215946 0.021376879325726517 -0.022566589748769586 0.0094231939520813233 -0.019301882701935291
leaf_weight=1334 162 342 644 1160 812 522 754 648 1134 1856 290 387 1458 2024
leaf_count=1334 162 342 644 1160 812 522 754 648 1134 1856 290 387 1458 2024
internal_value=0.00131626 0.00606028 -0.000769476 0.000931926 -0.00273055 -7.13436e-05 0.00308928 0.00691988 0.00827778 0.0012 -0.000671016 0.000884774 0.00598291 -0.00505997
internal_weight=13527 4131 9396 6728 2494 1682 4234 3969 3240 2900 2146 729 2106 2668
internal_count=13527 4131 9396 6728 2494 1682 4234 3969 3240 2900 2146 729 2106 2668
is_linear=0
shrinkage=0.03


Tree=25
num_leaves=15
num_cat=0
split_feature=15 0 40 30 21 34 12 22 1 16 42 28 44 31
split_gain=144.856 81.1386 79.6952 65.5653 43.9691 38.0373 35.9826 43.8119 28.3519 27.2143 26.8713 26.265 24.4692 29.7387
threshold=4.437688112258912 7.1250000000000009 0.60526317358016979 0.78720235824584972 6.0823380947113046 50.642936706542976 244.63541412353518 6.1419737339019784 345.79135131835943 19.076492309570316 0.77259656786918651 55.198331832885749 1.0000000180025095e-35 0.496600091457367
decision_type=2 2 2 2 2 2 2 2 2 2 2 2 2 2
left_child=2 -2 3 9 5 -5 10 -8 -9 12 -3 -4 13 -1
right_child=1 6 11 4 -6 -7 7 8 -10 -11 -12 -13 -14 -15
leaf_value=0.0011725514127290282 -0.073796629345021916 0.00086890964183192307 -0.086172377248952506 0.0046082296295302362 -0.080826649762045163 -0.041133254163797414 -0.13026348287234035 0.012591123039652085 0.0066864423869681744 -0.13226341444657719 0.02188312130312859 -0.023950664572762886 0.017215791803861225 0.031894504590910269
leaf_weight=2088 162 1080 621 1044 754 464 81 2106 648 116 378 1955 1798 232
leaf_count=2088 162 1080 621 1044 754 464 81 2106 648 116 378 1955 1798 232
internal_value=0.00141162 0.00584175 -0.000763889 0.00100677 -0.00311671 -0.000159151 0.00662823 0.00859788 0.00923747 0.00320973 0.00279835 -0.00522904 0.0036134 0.00157759
internal_weight=13527 4455 9072 6496 2262 1508 4293 2835 2754 4234 1458 2576 4118 2320
internal_count=13527 4455 9072 6496 2262 1508 4293 2835 2754 4234 1458 2576 4118 2320
is_linear=0
shrinkage=0.03


Tree=26
num_leaves=15
num_cat=0
split_feature=15 0 40 10 28 3 45 30 17 43 44 31 14 69
split_gain=142.37 80.8244 79.4091 45.2233 43.7575 35.4398 29.1296 40.8399 28.7181 27.3707 24.7711 37.987 31.7369 24.7767
threshold=4.437688112258912 7.1250000000000009 0.29999999701976782 1.3579986095428469 55.198331832885749 18.336203575134281 -0.56174489110708226 0.84523808956146251 110.70222473144533 -0.58216583728790272 1.0000000180025095e-35 0.47446672618389135 2450.5000000000005 14.437222480773928
decision_type=2 2 2 2 2 2 2 2 2 2 2 2 2 2
left_child=2 -2 3 -1 6 -3 9 -8 10 -4 11 12 -6 -13
right_child=1 5 4 -5 8 -7 7 -9 -10 -11 -12 13 -14 -15
leaf_value=0.012812899515818205 -0.071582730464671257 0.010267382459128083 0.016113007129912066 -0.048095946642885093 -0.018801603405422921 0.016796606058973713 -0.082928954248661924 0.0070517844008212462 -0.094750936790895163 -0.091968489259145358 0.0035059424023824314 -0.014620915216858141 -0.058978061465099374 0.025594095864264425
leaf_weight=2842 162 3564 261 406 988 729 832 104 208 207 1924 382 468 450
leaf_count=2842 162 3564 261 406 988 729 832 104 208 207 1924 382 468 450
internal_value=0.0014094 0.00580135 -0.000747354 0.00301108 -0.00284341 0.0065863 -0.00745726 -0.0105128 -0.00137783 -0.00134615 -0.000840456 -0.00295017 -0.00587225 0.00216346
internal_weight=13527 4455 9072 3248 5824 4293 1404 936 4420 468 4212 2288 1456 832
internal_count=13527 4455 9072 3248 5824 4293 1404 936 4420 468 4212 2288 1456 832
is_linear=0
shrinkage=0.03


Tree=27
num_leaves=15
num_cat=0
split_feature=15 0 30 40 9 3 69 16 40 40 44 1 14 29
split_gain=135.626 80.1455 76.9354 65.029 41.6625 36.0266 32.9617 33.0264 29.3443 24.5334 37.2364 23.4666 27.4717 31.8231
threshold=4.437688112258912 7.1250000000000009 0.78125000000000011 0.34210526943206793 0.62349537014961254 18.336203575134281 370.59124755859381 1.7345448136329653 0.20526316016912463 0.58421051502227794 -0.60785761475563038 40.334882736206062 2980.0000000000005 1574.5408325195315
decision_type=2 2 2 2 2 2 2 2 2 2 2 2 2 2
left_child=2 -2 3 -1 6 9 7 -4 -9 10 -3 -5 -13 -14
right_child=1 5 4 11 -6 -7 -8 8 -10 -11 -12 12 13 -15
leaf_value=0.015389415007650981 -0.069435248550731118 -0.00041617328408388943 0.0071691472700080184 0.004646994651388534 -0.078996202915403949 0.016292707877204497 0.014618480668217044 0.00075208000251748787 -0.054977416217426883 0.0024324934897669024 0.012389958532370637 -0.033916087050516935 -0.089976338719136656 0.014702355202901378
leaf_weight=2343 162 504 343 912 972 729 675 313 1018 1100 1960 1632 96 768
leaf_count=2343 162 504 343 912 972 729 675 313 1018 1100 1960 1632 96 768
internal_value=0.00142715 0.0057138 -0.00067791 0.00142149 -0.00431346 0.00649546 -0.00215198 -0.0044086 -0.00654771 0.00525253 0.00691558 -0.00122359 -0.00272837 0.00159722
internal_weight=13527 4455 9072 5751 3321 4293 2349 1674 1331 3564 2464 3408 2496 864
internal_count=13527 4455 9072 5751 3321 4293 2349 1674 1331 3564 2464 3408 2496 864
is_linear=0
shrinkage=0.03


Tree=28
num_leaves=15
num_cat=0
split_feature=15 0 30 40 3 34 15 40 44 65 56 12 21 0
split_gain=128.187 81.6117 69.2267 52.7498 33.9417 33.9238 37.595 32.6519 31.5118 30.664 26.0516 25.35 30 24.4662
threshold=5.1263539791107187 7.1250000000000009 0.78720235824584972 0.34210526943206793 18.336203575134281 49.06065750122071 0.32517650723457342 0.58421051502227794 -0.60785761475563038 48.24055480957032 86.500000000000014 290.33332824707037 2.8514263629913335 11.791666507720949
decision_type=2 2 2 2 2 2 2 2 2 2 2 2 2 2
left_child=2 -2 3 -1 7 6 -4 8 -3 -7 13 -9 -13 -11
right_child=1 4 5 -5 -6 9 -8 11 -10 10 -12 12 -14 -15
leaf_value=0.014288869521550306 -0.067352191094209188 -0.00040368808556138445 -0.080228042651936907 -0.0042067136015111247 0.015803926640888352 -0.067305688447979045 0.0060897937417341815 -0.024051643858842918 0.012426284881271029 -0.078604299457835203 -0.10982936970868667 -0.047059210770422057 0.0061817650938551958 0.0020671462565625331
leaf_weight=2475 162 392 405 3600 729 1284 891 400 1848 75 128 100 500 538
leaf_count=2475 162 392 405 3600 729 1284 891 400 1848 75 128 100 500 538
internal_value=0.00146707 0.00587146 -0.000469349 0.00143457 0.00672336 -0.00395212 -0.000162037 0.00540741 0.00741964 -0.00637778 -0.00151822 0.0009 0.0048 0.0010522
internal_weight=13527 4131 9396 6075 3969 3321 1296 3240 2240 2025 741 1000 600 613
internal_count=13527 4131 9396 6075 3969 3321 1296 3240 2240 2025 741 1000 600 613
is_linear=0
shrinkage=0.03


Tree=29
num_leaves=15
num_cat=0
split_feature=36 21 27 24 25 28 67 42 3 14 15 12 30 40
split_gain=124.699 80.5607 76.8709 61.3594 45.4174 35.4111 35.262 33.8205 31.1884 37.3308 26.3432 26.0756 25.528 24.649
threshold=6.5000000000000009 6.6511344909667978 16.554055213928226 248.05803680419925 998.11911010742199 124.70669555664064 136.62097167968753 0.77259656786918651 0.54656250774860393 1491.5000000000002 0.13532697409391406 213.07291412353518 0.8080357313156129 0.60526317358016979
decision_type=2 2 2 2 2 2 2 2 2 2 2 2 2 2
left_child=1 4 6 7 5 -1 -2 -4 9 -7 -11 -5 13 -3
right_child=2 12 3 11 -6 8 -8 -9 -10 10 -12 -13 -14 -15
leaf_value=0.011076826118246803 -0.010585645373265121 0.0094053150174085148 0.00083540546089662545 0.0090501099929879997 -0.039645148954835341 0.0065115533276811095 0.013466452571127663 0.021779037346805561 0.029398815047214439 -0.06554258814196999 -0.012133503439035635 0.011754495526629541 -0.070994481890887737 -0.063197872431605698
leaf_weight=1053 1148 232 1740 729 891 1215 229 609 567 243 1296 2430 1053 92
leaf_count=1053 1148 232 1740 729 891 1215 229 609 567 243 1296 2430 1053 92
internal_value=0.00147372 -0.0014589 0.00430283 0.0058878 0.000230769 0.00148834 -0.00203704 0.00221584 -3.1617e-05 -0.00135076 -0.00445419 0.00861823 -0.00791939 -0.000555556
internal_weight=13527 6642 6885 5508 5265 4374 1377 2349 3321 2754 1539 3159 1377 324
internal_count=13527 6642 6885 5508 5265 4374 1377 2349 3321 2754 1539 3159 1377 324
is_linear=0
shrinkage=0.03


Tree=30
num_leaves=15
num_cat=0
split_feature=36 18 27 24 44 0 67 42 40 28 12 45 9 42
split_gain=117.597 75.2815 71.7805 60.7021 37.1181 46.5972 33.9873 32.3137 28.5591 26.7427 26.0424 22.4003 22.2684 28.7835
threshold=6.5000000000000009 0.42708332836627966 16.554055213928226 248.05803680419925 -0.60785761475563038 95.458332061767592 136.62097167968753 0.81241145730018627 0.67894738912582409 131.73892211914065 213.07291412353518 0.81174489855766307 0.46936342120170599 0.68322628736495983
decision_type=2 2 2 2 2 2 2 2 2 2 2 2 2 2
left_child=1 4 6 7 5 12 -2 -4 11 -3 -5 -6 13 -1
right_child=2 9 3 10 8 -7 -8 -9 -10 -11 -12 -13 -14 -15
leaf_value=-0.020360675008826268 -0.010268076012067168 -0.063201790904656288 0.0009134816072954965 0.0087786066931983524 0.015082558939313238 -0.047548940384867081 0.013062458993993839 0.021948013687021976 -0.027499114622675527 -0.023794502332932985 0.011401860660830661 -0.081949743326460961 0.017726082115757453 0.025302141428886253
leaf_weight=504 1148 1134 1798 729 1885 891 229 551 496 972 2430 130 405 225
leaf_count=504 1148 1134 1798 729 1885 891 229 551 496 972 2430 130 405 225
internal_value=0.00153804 -0.00130985 0.0042854 0.00581699 0.000866402 -0.00215556 -0.00184096 0.00216475 0.00330346 -0.00599715 0.00853276 0.00489082 0.00187831 -0.00125514
internal_weight=13527 6642 6885 5508 4536 2025 1377 2349 2511 2106 3159 2015 1134 729
internal_count=13527 6642 6885 5508 4536 2025 1377 2349 2511 2106 3159 2015 1134 729
is_linear=0
shrinkage=0.03


Tree=31
num_leaves=15
num_cat=0
split_feature=36 18 40 33 34 5 40 28 65 33 4 44 35 30
split_gain=112.068 87.5137 66.496 46.8107 37.2284 34.4721 34.7978 33.1741 24.3057 23.5574 22.5004 33.8836 26.2714 26.1178
threshold=174.50000000000003 0.42708332836627966 0.36315789818763738 61.374845504760749 49.835447311401374 45.682359695434577 0.71052631735801708 220.2862243652344 1847.8252563476565 31.187319755554203 47.68938064575196 -0.60785761475563038 165.13056182861331 0.62946429848670971
decision_type=2 2 2 2 2 2 2 2 2 2 2 2 2 2
left_child=1 2 4 5 9 6 -2 8 -3 -1 11 13 -13 -4
right_child=3 7 10 -5 -6 -7 -8 -9 -10 -11 -12 12 -14 -15
leaf_value=-0.048781073692926898 0.013481873779882676 -0.061305737177516598 0.017497432906797127 -0.018969259459493324 0.003186378536919898 0.011545010478305143 -0.024811248245381137 0.0022798199506689175 0.01973535047166404 0.023057609381429901 0.0076441409153319741 -0.018259513243546695 0.0035291957530852124 -0.060300724831591129
leaf_weight=105 1088 1810 184 243 1750 1053 208 648 53 1785 138 368 2714 1380
leaf_count=105 1088 1810 184 243 1750 1053 208 648 53 1785 138 368 2714 1380
internal_value=0.00155578 0.000226337 0.0016916 0.00716435 0.00474725 0.00846105 0.00518519 -0.00468937 -0.00672303 0.00766667 -0.000633361 -0.000987947 0.000837119 -0.0045844
internal_weight=13527 10935 8424 2592 3640 2349 1296 2511 1863 1890 4784 4646 3082 1564
internal_count=13527 10935 8424 2592 3640 2349 1296 2511 1863 1890 4784 4646 3082 1564
is_linear=0
shrinkage=0.03


Tree=32
num_leaves=15
num_cat=0
split_feature=15 0 40 45 6 3 6 25 28 0 40 40 44 22
split_gain=111.502 78.2805 68.8821 46.5445 38.517 35.5952 29.5305 24.5386 30.1561 23.2746 23.8799 23.0954 23.912 23.2049
threshold=4.437688112258912 7.1250000000000009 0.59473684430122387 1.0000000180025095e-35 0.37500000000000006 18.336203575134281 0.29166667163372045 515.88140869140636 297.87126159667974 384.66665649414068 0.27894736826419836 0.6473684310913087 -0.60785761475563038 6.6388230323791513
decision_type=2 2 2 2 2 2 2 2 2 2 2 2 2 2
left_child=2 -2 3 7 9 11 -4 8 -1 10 -5 12 -3 -13
right_child=1 5 6 4 -6 -7 -8 -9 -10 -11 -12 13 -14 -15
leaf_value=-0.0095366924246304743 -0.059466565062191099 0.0016959597686705585 -0.017029112038364849 0.007901117465504752 -0.064958873162922259 0.014288767841688735 -0.068765017959259572 0.016446297573743152 0.02857563423734109 -0.057814429155921478 -0.01069617567986393 -0.048889838614990064 0.010551188434901953 0.0036034933283370838
leaf_weight=798 162 558 1944 999 627 729 744 2223 456 171 1110 171 2170 665
leaf_count=798 162 558 1944 999 627 729 744 2223 456 171 1110 171 2170 665
internal_value=0.00158461 0.00547138 -0.000324074 0.00137218 -0.00142931 0.00624389 -0.00435268 0.00371441 0.000358852 0.000381579 0.00124467 0.00500842 0.00634531 0.000645933
internal_weight=13527 4455 9072 6384 2907 4293 2688 3477 1254 2280 2109 3564 2728 836
internal_count=13527 4455 9072 6384 2907 4293 2688 3477 1254 2280 2109 3564 2728 836
is_linear=0
shrinkage=0.03


Tree=33
num_leaves=15
num_cat=0
split_feature=15 0 6 40 23 3 1 31 40 22 45 27 24 26
split_gain=107.631 77.3051 66.7492 54.5269 45.0372 35.7051 32.3726 30.7892 28.0331 32.015 27.445 24.1275 24.052 23.7448
threshold=4.437688112258912 7.1250000000000009 0.29166667163372045 0.34210526943206793 23.333193778991703 18.336203575134281 50.393608093261726 0.49420443177223211 0.59473684430122387 6.9148337841033944 -0.56174489110708226 78.403152465820327 217.37500000000003 13173.000000000002
decision_type=2 2 2 2 2 2 2 2 2 2 2 2 2 2
left_child=2 -2 3 6 7 -3 -1 10 9 -4 -5 -12 -11 -8
right_child=1 5 8 4 -6 -7 13 -9 -10 12 11 -13 -14 -15
leaf_value=0.027321809934501794 -0.05768256811032537 0.0082593705090129258 0.011417476321507811 0.00076690753951376141 0.0065703544961991239 0.013860104806438079 0.01096591900165925 0.013857365525437277 -0.066702067420481792 0.0033329942806430645 -0.055473050533965972 0.0017532428587734383 -0.054785608202066891 -0.012212358340130968
leaf_weight=759 162 3564 342 768 1056 729 1683 432 744 456 1344 288 969 231
leaf_count=759 162 3564 342 768 1056 729 1683 432 744 456 1344 288 969 231
internal_value=0.00152473 0.00534343 -0.000350529 0.00124143 -0.00102623 0.00611111 0.00453984 -0.00299788 -0.00451016 -0.00245331 -0.004325 -0.00652574 -0.00443158 0.00246082
internal_weight=13527 4455 9072 6561 3888 4293 2673 2832 2511 1767 2400 1632 1425 1914
internal_count=13527 4455 9072 6561 3888 4293 2673 2832 2511 1767 2400 1632 1425 1914
is_linear=0
shrinkage=0.03


Tree=34
num_leaves=15
num_cat=0
split_feature=36 18 28 36 40 44 0 42 30 24 26 34 40 16
split_gain=103.894 67.1966 64.5964 48.0159 37.2935 34.7336 42.7209 31.7398 30.4809 30.0376 28.5518 28.0918 27.8343 26.9788
threshold=6.5000000000000009 0.42708332836627966 43.227272033691413 373.00000000000006 0.51052629947662365 -0.60785761475563038 95.458332061767592 0.81241145730018627 0.76934522390365612 231.17559814453128 9026.0000000000018 52.02040100097657 0.57368421554565441 19.076492309570316
decision_type=2 2 2 2 2 2 2 2 2 2 2 2 2 2
left_child=1 5 4 7 10 6 -1 9 12 -4 -2 -9 -5 -3
right_child=2 13 3 8 -6 -7 -8 11 -10 -11 -12 -13 -14 -15
leaf_value=0.0039923232705380849 -0.0087827977440661179 -0.035756796987326457 -0.0044003054207865898 0.010192104045920889 -0.079709213732860676 0.0087385704588404424 -0.043451768678619718 0.020029449163361104 0.013621334131612456 0.0054418427083731298 0.014912158315507632 -0.0052667619293971148 -0.018066320809041539 -0.055952091067015604
leaf_weight=1134 343 1863 1426 275 416 2511 891 874 891 2046 294 190 130 243
leaf_count=1134 343 1863 1426 275 416 2511 891 874 891 2046 294 190 130 243
internal_value=0.00150699 -0.00116983 0.00408932 0.00532407 -0.00274929 0.000886243 -0.00203704 0.00386905 0.0104167 0.00247984 0.00181319 0.00840226 0.00359259 -0.00559829
internal_weight=13527 6642 6885 5832 1053 4536 2025 4536 1296 3472 637 1064 405 2106
internal_count=13527 6642 6885 5832 1053 4536 2025 4536 1296 3472 637 1064 405 2106
is_linear=0
shrinkage=0.03


Tree=35
num_leaves=15
num_cat=0
split_feature=36 21 28 36 25 40 42 28 3 14 30 34 26 24
split_gain=99.2547 67.9081 62.9605 49.5312 43.6589 36.5275 32.7172 30.7215 30.1914 39.0043 28.9698 27.7896 27.2601 27.0952
threshold=6.5000000000000009 6.6511344909667978 43.227272033691413 373.00000000000006 998.11911010742199 0.51052629947662365 0.81241145730018627 124.70669555664064 0.54656250774860393 1491.5000000000002 0.76934522390365612 52.02040100097657 9026.0000000000018 231.17559814453128
decision_type=2 2 2 2 2 2 2 2 2 2 2 2 2 2
left_child=1 4 5 6 7 12 13 -1 9 -9 -5 -8 -2 -4
right_child=2 -3 3 10 -6 -7 11 8 -10 -11 -12 -13 -14 -15
leaf_value=0.0097137204311619953 -0.0085193138117441239 -0.054273528335005136 -0.0042682962581629845 0.0036745994023538661 -0.036514109670195097 -0.077317937320874872 0.01942856568846028 0.0077711519179911367 0.027553067081326876 -0.018706320251361513 0.013212694107664076 -0.0051087590715152139 0.014464793566042404 0.0052785874271219233
leaf_weight=1053 343 1377 1426 405 891 416 874 1215 567 1539 891 190 294 2046
leaf_count=1053 343 1377 1426 405 891 416 874 1215 567 1539 891 190 294 2046
internal_value=0.00147815 -0.00113821 0.00400218 0.00522119 0.000413105 -0.00274929 0.00374339 0.00164609 0.000230352 -0.00106754 0.0103935 0.00834586 0.00176609 0.00233295
internal_weight=13527 6642 6885 5832 5265 1053 4536 4374 3321 2754 1296 1064 637 3472
internal_count=13527 6642 6885 5832 5265 1053 4536 4374 3321 2754 1296 1064 637 3472
is_linear=0
shrinkage=0.03


Tree=36
num_leaves=15
num_cat=0
split_feature=36 21 27 36 25 42 40 28 3 14 67 24 14 40
split_gain=92.5608 66.7632 61.7435 48.7583 42.383 37.7006 29.2712 28.4282 27.9361 34.2258 25.848 25.7341 24.8264 35.6066
threshold=6.5000000000000009 6.6511344909667978 16.554055213928226 373.00000000000006 998.11911010742199 0.81241145730018627 0.55263158679008495 124.70669555664064 0.54656250774860393 1491.5000000000002 132.88611602783206 231.17559814453128 2892.5000000000005 0.52105262875556957
decision_type=2 2 2 2 2 2 2 2 2 2 2 2 2 2
left_child=1 4 6 5 7 11 10 -1 9 -9 -2 -4 -6 -14
right_child=2 -3 3 -5 12 -7 -8 8 -10 -11 -12 -13 13 -15
leaf_value=0.0094223088182271379 -0.0015181514838012822 -0.05264532248495498 -0.0041402473704181065 0.011727159975370691 -0.10593129429544727 0.018402112483082832 -0.070233403516141588 0.007538017360451405 0.026726475068887083 -0.018145130643820673 0.016089919071376118 0.0055009593139215872 0.0080692102447658207 -0.046837658395470105
leaf_weight=1053 708 1377 1426 1296 324 988 476 1215 567 1539 193 1798 350 217
leaf_count=1053 708 1377 1426 1296 324 988 476 1215 567 1539 193 1798 350 217
internal_value=0.00144711 -0.00107949 0.00388453 0.00530501 0.000458689 0.00373932 -0.00179739 0.00167353 0.000311653 -0.000936819 0.0013818 0.00216811 -0.00550505 -0.00171958
internal_weight=13527 6642 6885 5508 5265 4212 1377 4374 3321 2754 901 3224 891 567
internal_count=13527 6642 6885 5508 5265 4212 1377 4374 3321 2754 901 3224 891 567
is_linear=0
shrinkage=0.03


Tree=37
num_leaves=15
num_cat=0
split_feature=28 36 19 40 45 67 36 33 30 40 69 26 40 30
split_gain=90.7124 83.6228 60.1364 52.1471 41.2402 38.2007 27.7669 32.8609 27.4187 25.3283 23.6541 22.8803 22.7814 28.5963
threshold=43.227272033691413 373.00000000000006 0.44945991039276129 0.6473684310913087 0.81174489855766307 0.42722222208976751 4.5000000000000009 60.623920440673835 0.76934522390365612 0.57368421554565441 132.88611602783206 4319.0000000000009 0.34210526943206793 0.83035713434219371
decision_type=2 2 2 2 2 2 2 2 2 2 2 2 2 2
left_child=2 3 10 4 12 -4 7 -5 9 -3 -1 -8 13 -2
right_child=1 8 5 6 -6 -7 11 -9 -10 -11 -12 -13 -14 -15
leaf_value=-0.065250287028789267 0.014218707729776776 0.0094938454036195621 -0.055147397812682443 -0.049935221866743359 -0.014060025769582717 0.0045339062075936054 -0.060317552682252522 0.012846441851715625 0.012464498485173045 -0.016960199388933974 0.031233002012112532 0.0039335747117061311 0.003645514720794738 -0.027082681908428191
leaf_weight=830 3168 275 722 950 992 1060 209 95 891 130 61 988 2958 198
leaf_count=830 3168 275 722 950 992 1060 209 95 891 130 61 988 2958 198
internal_value=0.00139831 0.00261747 -0.00355219 0.00164783 0.00287452 -0.00037037 -0.00235504 -0.00592823 0.00976852 0.0032963 -0.00991582 0.000764411 0.0037666 0.00545455
internal_weight=13527 10854 2673 9558 7316 1782 2242 1045 1296 405 891 1197 6324 3366
internal_count=13527 10854 2673 9558 7316 1782 2242 1045 1296 405 891 1197 6324 3366
is_linear=0
shrinkage=0.03


Tree=38
num_leaves=15
num_cat=0
split_feature=28 36 19 40 45 67 6 30 36 33 69 40 67 40
split_gain=86.2444 82.1747 61.2016 46.8363 38.4562 33.3804 27.4681 27.262 24.9532 31.419 23.4777 22.9028 22.333 22.193
threshold=43.227272033691413 373.00000000000006 0.44945991039276129 0.6473684310913087 1.0000000180025095e-35 0.42722222208976751 0.37500000000000006 0.76934522390365612 4.5000000000000009 60.623920440673835 132.88611602783206 0.57368421554565441 38.168889999389656 0.34210526943206793
decision_type=2 2 2 2 2 2 2 2 2 2 2 2 2 2
left_child=2 3 10 4 13 -4 -6 11 9 -5 -1 -3 -10 -2
right_child=1 7 5 8 6 -7 -8 -9 12 -11 -12 -13 -14 -15
leaf_value=-0.063292778417925577 0.015412466928221562 0.0092090300415109631 -0.053492975878301964 -0.048437165210741061 0.0028759802901738049 0.0043978890213657923 -0.040353008983677122 0.012090563530617864 0.0045373054028364735 0.012461048596164152 0.030296011951749156 -0.016451393407265955 -0.031157804888566606 0.0049902956213464383
leaf_weight=830 2277 275 722 950 2480 1060 558 891 706 95 61 130 491 2001
leaf_count=830 2277 275 722 950 2480 1060 558 891 706 95 61 130 491 2001
internal_value=0.00139831 0.00258706 -0.00342873 0.00162586 0.00278841 -0.000218855 0.000207373 0.00967593 -0.00216771 -0.00555502 -0.00984848 0.00322222 0.000789474 0.00462132
internal_weight=13527 10854 2673 9558 7316 1782 3038 1296 2242 1045 891 405 1197 4278
internal_count=13527 10854 2673 9558 7316 1782 3038 1296 2242 1045 891 405 1197 4278
is_linear=0
shrinkage=0.03


Tree=39
num_leaves=15
num_cat=0
split_feature=6 40 3 34 35 44 12 30 2 64 0 36 45 24
split_gain=85.5886 84.4441 66.5842 41.7284 36.1755 34.3082 32.4408 26.703 25.3331 35.419 24.4132 23.9763 22.2726 21.031
threshold=0.75000000000000011 0.35263158380985266 15.635231494903566 47.841661453247077 164.59222412109378 -0.60785761475563038 185.05208587646487 0.78125000000000011 1782.0000000000002 1.0000000180025095e-35 259.62500762939459 1.5000000000000002 0.81174489855766307 173.91666412353518
decision_type=2 2 2 2 2 2 2 2 2 2 2 2 2 2
left_child=1 8 4 -2 -3 7 11 -6 10 -10 12 -7 -1 -9
right_child=3 2 -4 -5 5 6 -8 13 9 -11 -12 -13 -14 -15
leaf_value=0.012230511657531569 -0.015007346045720097 -0.045286645716739043 0.01172667360529016 -0.053400525753126198 -0.0027380513607457146 0.012762769191026599 0.0073887128285713153 -2.0763458863100048e-05 0.0094633567796640165 -0.013475532024982603 0.008829248271466205 -0.015413402910173905 -0.0056946803025325734 -0.064270109447255891
leaf_weight=2924 324 611 517 405 1175 423 2256 188 636 418 884 1786 510 470
leaf_count=2924 324 611 517 405 1175 423 2256 188 636 418 884 1786 510 470
internal_value=0.00141827 0.00198781 -8.48371e-05 -0.00858025 -0.000861919 -0.000185773 0.00123292 -0.00364157 0.00485294 0.000683112 0.00587077 -0.00135129 0.00472627 -0.00848024
internal_weight=13527 12798 7426 729 6909 6298 4465 1833 5372 1054 4318 2209 3434 658
internal_count=13527 12798 7426 729 6909 6298 4465 1833 5372 1054 4318 2209 3434 658
is_linear=0
shrinkage=0.03


Tree=40
num_leaves=15
num_cat=0
split_feature=6 40 3 34 35 44 12 36 30 21 0 45 36 28
split_gain=83.2299 77.714 63.3141 42.2651 36.2673 31.9991 29.8651 26.4382 26.4333 24.4487 34.7245 26.8061 24.0734 21.5482
threshold=0.75000000000000011 0.36315789818763738 15.635231494903566 47.841661453247077 164.59222412109378 -0.60785761475563038 185.05208587646487 373.00000000000006 0.78125000000000011 2.3826677799224858 384.66665649414068 1.0000000180025095e-35 1.5000000000000002 39.440446853637702
decision_type=2 2 2 2 2 2 2 2 2 2 2 2 2 2
left_child=1 7 4 -2 -3 8 12 9 -6 -1 -11 -12 -7 -9
right_child=3 2 -4 -5 5 6 -8 13 -10 10 11 -13 -14 -15
leaf_value=0.020436872081726898 -0.014557125664348488 -0.04435840465886226 0.011375459906836046 -0.051798509980532412 -0.0026294149131103326 0.012450310668296462 0.0070730740138755088 -0.012873220950989745 -0.060815944963441101 0.0083569857988403298 0.0016136663088269553 -0.06186200594920379 -0.015147566430827418 0.0094660784847241958
leaf_weight=735 324 598 506 405 1150 414 2208 70 644 3535 385 210 1748 595
leaf_count=735 324 598 506 405 1150 414 2208 70 644 3535 385 210 1748 595
internal_value=0.00132069 0.00188233 -0.000156852 -0.00853909 -0.000922804 -0.000238482 0.00114645 0.00456239 -0.00361204 0.00379548 0.00289831 -0.00380672 -0.00135985 0.0101729
internal_weight=13527 12798 7268 729 6762 6164 4370 5530 1794 4865 4130 595 2162 665
internal_count=13527 12798 7268 729 6762 6164 4370 5530 1794 4865 4130 595 2162 665
is_linear=0
shrinkage=0.03


Tree=41
num_leaves=15
num_cat=0
split_feature=6 40 15 16 34 28 17 2 21 16 36 3 21 0
split_gain=83.0054 72.2178 62.8379 44.743 42.2651 39.2384 29.8182 27.5745 26.4524 26.0435 25.2179 24.2075 23.98 33.1347
threshold=0.75000000000000011 0.35263158380985266 4.437688112258912 2.2586479187011723 47.841661453247077 378.19889831542974 112.5711135864258 1625.5000000000002 5.6546299457550058 1.8581321239471438 373.00000000000006 15.635231494903566 2.3826677799224858 384.66665649414068
decision_type=2 2 2 2 2 2 2 2 2 2 2 2 2 2
left_child=1 10 3 7 -2 -5 -4 8 -3 -9 12 -8 -1 -14
right_child=4 2 6 5 -6 -7 11 9 -10 -11 -12 -13 13 -15
leaf_value=0.01999055418353057 -0.01412041189441803 0.011916100260446804 0.0076425115298717379 -0.05079563156629853 -0.050244554681116438 0.0031732044821211058 -0.00079510733654835513 -0.044456737954693439 -0.038245530724616082 0.010928683119038317 0.0082097656440386444 0.016371628018620361 0.00833207375332389 -0.011199231022225642
leaf_weight=714 324 1551 987 2021 405 658 1269 329 235 141 646 235 3434 578
leaf_count=714 324 1551 987 2021 405 658 1269 329 235 141 646 235 3434 578
internal_value=0.00130739 0.00186826 -4.84783e-05 -0.00200912 -0.00853909 -0.00463046 0.00383581 0.00110372 0.00280515 -0.0053617 0.00451787 0.00117686 0.00375793 0.00285643
internal_weight=13527 12798 7426 4935 729 2679 2491 2256 1786 470 5372 1504 4726 4012
internal_count=13527 12798 7426 4935 729 2679 2491 2256 1786 470 5372 1504 4726 4012
is_linear=0
shrinkage=0.03


Tree=42
num_leaves=15
num_cat=0
split_feature=6 40 36 34 3 45 0 23 21 25 28 10 67 12
split_gain=82.1848 68.0372 53.7703 42.2651 38.592 34.7567 37.902 34.651 31.1002 24.2969 31.6868 30.475 24.9526 19.8529
threshold=0.75000000000000011 0.62631577253341686 447.50000000000006 47.841661453247077 14.078565120697023 1.0000000180025095e-35 384.66665649414068 21.986528396606449 6.119215965270997 627.02975463867199 337.49630737304693 0.66042751073837291 183.55569458007815 39.302083969116218
decision_type=2 2 2 2 2 2 2 2 2 2 2 2 2 2
left_child=1 2 5 -2 8 9 -7 -4 13 10 11 -1 -11 -3
right_child=3 4 7 -5 -6 6 -8 -9 -10 12 -12 -13 -14 -15
leaf_value=-0.0050819560959744379 -0.013696799537585494 0.017606069316408846 -0.11875913989162833 -0.048737218040682942 0.012260811433516388 0.0016290335856333814 -0.053718731552804863 0.010090318070599546 -0.052948304294662206 0.0060930001148532488 0.024315446076752848 0.0064485915714795851 0.025696782891855324 -0.016360535932508927
leaf_weight=960 324 84 60 405 252 3180 360 960 273 1688 540 600 1132 2709
leaf_count=960 324 84 60 405 252 3180 360 960 273 1688 540 600 1132 2709
internal_value=0.00125859 0.00181669 0.00311076 -0.00853909 -0.00188065 0.00232624 5.9322e-05 0.00961765 -0.00280822 0.00395732 0.00151429 -0.000653846 0.0057766 -0.00186359
internal_weight=13527 12798 9480 729 3318 8460 3540 1020 3066 4920 2100 1560 2820 2793
internal_count=13527 12798 9480 729 3318 8460 3540 1020 3066 4920 2100 1560 2820 2793
is_linear=0
shrinkage=0.03


Tree=43
num_leaves=15
num_cat=0
split_feature=6 15 40 16 34 36 28 36 21 23 0 17 45 1
split_gain=81.3683 65.9947 58.8281 43.9151 42.2651 35.8164 33.7031 25.9484 25.6134 31.2059 25.9215 24.754 22 24.7189
threshold=0.75000000000000011 4.437688112258912 0.35263158380985266 2.1831089258193974 47.841661453247077 604.00000000000011 378.19889831542974 561.50000000000011 6.3301882743835458 23.326666831970218 46.375000000000007 8.1347222328186053 0.81174489855766307 154.29333496093753
decision_type=2 2 2 2 2 2 2 2 2 2 2 2 2 2
left_child=1 2 12 8 -2 7 -5 -3 9 10 -4 -12 13 -1
right_child=4 5 3 6 -6 -7 -8 -9 -10 -11 11 -13 -14 -15
leaf_value=0.013966561307864769 -0.013285895551457934 0.0054222459694301863 0.021773414733848376 -0.048780946541334309 -0.047275101499462457 0.010377163568919698 0.0031432336647966518 -0.11398286559808439 -0.035784265019577141 0.017179921766341422 -0.034001206999362786 0.015152019066474249 -0.01725318877374362 0.0021177874057941005
leaf_weight=1768 324 3564 282 2021 405 648 705 81 235 658 799 235 476 1326
leaf_count=1768 324 3564 282 2021 405 648 705 81 235 658 799 235 476 1326
internal_value=0.0012098 0.00176512 0.000234568 -0.00188754 -0.00853909 0.00479734 -0.00443507 0.00364198 0.00125622 0.00237082 -0.000296353 -0.00249516 0.00316807 0.00409179
internal_weight=13527 12798 8505 4935 729 4293 2726 3645 2209 1974 1316 1034 3570 3094
internal_count=13527 12798 8505 4935 729 4293 2726 3645 2209 1974 1316 1034 3570 3094
is_linear=0
shrinkage=0.03


Tree=44
num_leaves=15
num_cat=0
split_feature=6 40 36 34 45 0 23 15 59 24 2 25 28 10
split_gain=81.4424 59.9324 53.7709 42.2651 36.1381 35.08 33.5332 31.4766 27.5341 26.6184 24.0635 23.7148 32.4781 31.008
threshold=0.75000000000000011 0.6473684310913087 447.50000000000006 47.841661453247077 1.0000000180025095e-35 384.66665649414068 21.986528396606449 12.255350112915041 125.50000000000001 361.11161804199224 359.50000000000006 627.02975463867199 337.49630737304693 0.66042751073837291
decision_type=2 2 2 2 2 2 2 2 2 2 2 2 2 2
left_child=1 2 4 -2 11 -6 -4 8 -3 10 -9 12 13 -1
right_child=3 7 6 -5 5 -7 -8 9 -10 -11 -12 -13 -14 -15
leaf_value=-0.0055744236468003991 -0.01288731868491419 -0.032775351488856588 -0.1111701296785394 -0.045856848454478578 0.0012153328458476497 -0.052073438290316826 0.0095114643690009174 0.0041779122333293279 0.0041822836316645871 0.010392324758098934 -0.041225997059088727 0.011708830144508844 0.023765006342642836 0.006528790407830813
leaf_weight=992 324 2351 62 405 3286 372 992 76 119 266 190 2914 558 620
leaf_count=992 324 2351 62 405 3286 372 992 76 119 266 190 2914 558 620
internal_value=0.00121424 0.00176981 0.00290629 -0.00853909 0.00213452 -0.00013942 0.0093074 -0.00193871 -0.00336437 0.00468045 -0.00203008 0.00377065 0.00139631 -0.000763027
internal_weight=13527 12798 9796 729 8742 3658 1054 3002 2470 532 266 5084 2170 1612
internal_count=13527 12798 9796 729 8742 3658 1054 3002 2470 532 266 5084 2170 1612
is_linear=0
shrinkage=0.03


Tree=45
num_leaves=15
num_cat=0
split_feature=6 15 40 34 16 36 28 36 23 21 0 15 40 45
split_gain=80.7197 62.9879 51.5845 42.8052 41.8407 35.5666 31.0013 24.6176 24.4518 24.0589 23.2385 19.745 19.5866 19.5766
threshold=0.75000000000000011 4.437688112258912 0.35263158380985266 47.841661453247077 2.1831089258193974 604.00000000000011 378.19889831542974 561.50000000000011 23.326666831970218 5.6546299457550058 43.875000000000007 0.12028356269001962 0.57368421554565441 0.81174489855766307
decision_type=2 2 2 2 2 2 2 2 2 2 2 2 2 2
left_child=1 2 13 -2 8 7 12 -3 10 -10 -4 -12 -6 -1
right_child=3 5 4 -5 6 -7 -8 -9 9 -11 11 -13 -14 -15
leaf_value=0.0087160762902670219 -0.012500699124366767 0.0051694384196478895 0.027134036927645589 -0.044481143000844221 -0.016026711827697566 0.0097655287975253243 0.0033490589067388843 -0.10722827573978568 0.017347885717623086 -0.017983899170265574 -0.047899465759224914 -0.00013743269875092777 -0.053510516449154305 -0.016772053095906757
leaf_weight=3094 324 3564 235 405 903 648 705 81 611 141 376 846 1118 476
leaf_count=3094 324 3564 235 405 903 648 705 81 611 141 376 846 1118 476
internal_value=0.00121202 0.00176512 0.000269841 -0.00849794 -0.00171733 0.00472746 -0.00420396 0.00357613 0.00135129 0.00574468 -0.000916266 -0.00257774 -0.00609352 0.00301681
internal_weight=13527 12798 8505 729 4935 4293 2726 3645 2209 752 1457 1222 2021 3570
internal_count=13527 12798 8505 729 4935 4293 2726 3645 2209 752 1457 1222 2021 3570
is_linear=0
shrinkage=0.03


Tree=46
num_leaves=15
num_cat=0
split_feature=6 15 40 34 16 36 28 36 21 17 2 21 15 43
split_gain=79.1419 64.0252 47.764 42.8052 39.9803 35.733 30.7407 24.3118 23.2725 26.6894 30.6837 20.7733 21.5182 17.5411
threshold=0.75000000000000011 4.3409490585327157 0.35263158380985266 47.841661453247077 2.1831089258193974 604.00000000000011 378.19889831542974 561.50000000000011 7.3250634670257577 7.0244443416595468 186.50000000000003 2.3367766141891484 0.017919560428708795 -0.77259656786918629
decision_type=2 2 2 2 2 2 2 2 2 2 2 2 2 2
left_child=1 2 11 13 8 7 -6 -3 9 10 -4 -1 -13 -2
right_child=3 5 4 -5 6 -7 -8 -9 -10 -11 -12 12 -14 -15
leaf_value=0.018286517651531022 0.020990788217983024 0.0050025939138864123 0.012492147964491735 -0.043146708710818896 -0.047307850731441982 0.0094725629335995574 0.0032485871395367114 -0.10401142746759211 -0.053706908621868062 0.014415138127999097 -0.028523532220103502 -0.021989908283092972 0.005242617837064225 -0.066072465918460388
leaf_weight=578 84 3645 705 405 1974 648 705 81 94 705 705 102 2856 240
leaf_count=578 84 3645 705 405 1974 648 705 81 94 705 705 102 2856 240
internal_value=0.00111666 0.00166432 0.000135328 -0.00849794 -0.00178601 0.00460905 -0.00424972 0.00347826 0.0012019 0.00185106 -0.000531915 0.00279129 0.00177485 -0.00037037
internal_weight=13527 12798 8424 729 4888 4374 2679 3726 2209 2115 1410 3536 2958 324
internal_count=13527 12798 8424 729 4888 4374 2679 3726 2209 2115 1410 3536 2958 324
is_linear=0
shrinkage=0.03


Tree=47
num_leaves=15
num_cat=0
split_feature=6 15 40 34 16 36 28 36 21 17 2 2 25 18
split_gain=78.7772 62.6659 46.5028 42.8052 38.4129 36.3387 29.9773 24.1195 23.1428 24.3596 27.5241 19.876 19.849 21.7207
threshold=0.75000000000000011 4.3409490585327157 0.35263158380985266 47.841661453247077 2.1831089258193974 604.00000000000011 378.19889831542974 561.50000000000011 7.3250634670257577 7.0244443416595468 186.50000000000003 1782.0000000000002 998.11911010742199 0.26041667163372045
decision_type=2 2 2 2 2 2 2 2 2 2 2 2 2 2
left_child=1 2 11 -2 8 7 -6 -3 9 10 -4 12 -1 -14
right_child=3 5 4 -5 6 -7 -8 -9 -10 -11 -12 -13 13 -15
leaf_value=0.012438110746150532 -0.010143504173081958 0.0048525160964698255 0.012117383525556984 -0.041852307449494329 -0.045888615209498725 0.0091883860455915616 0.0031511295253505976 -0.10089108464356433 -0.052095701363212024 0.01398268398415913 -0.027667826253500401 -0.0042219430152911561 0.017044917903689283 -0.010429789732247534
leaf_weight=2278 324 3645 705 405 1974 648 705 81 94 705 705 714 204 340
leaf_count=2278 324 3645 705 405 1974 648 705 81 94 705 705 714 204 340
internal_value=0.00109448 0.00164088 0.000128205 -0.00849794 -0.00176759 0.00455418 -0.00418253 0.00341385 0.00116116 0.00180851 -0.000468085 0.00274887 0.00388023 -0.00126838
internal_weight=13527 12798 8424 729 4888 4374 2679 3726 2209 2115 1410 3536 2822 544
internal_count=13527 12798 8424 729 4888 4374 2679 3726 2209 2115 1410 3536 2822 544
is_linear=0
shrinkage=0.03


Tree=48
num_leaves=15
num_cat=0
split_feature=6 15 45 34 36 34 69 24 36 10 64 13 26 12
split_gain=79.0324 56.7932 43.0179 42.8052 33.6534 27.0434 28.8021 25.9198 23.8802 23.8752 22.35 20.6014 20.2731 18.911
threshold=0.75000000000000011 4.3409490585327157 1.0000000180025095e-35 47.841661453247077 604.00000000000011 46.068027496337898 464.36569213867193 334.90327453613287 561.50000000000011 0.43503828346729284 1.0000000180025095e-35 410.13825988769537 4048.5000000000005 143.46875000000003
decision_type=2 2 2 2 2 2 2 2 2 2 2 2 2 2
left_child=1 2 5 -2 8 -1 12 10 -3 -9 -4 13 -7 -12
right_child=3 4 7 -5 -6 6 -8 9 -10 -11 11 -13 -14 -15
leaf_value=0.021908423374634802 -0.0098391990478895065 0.004706940613575723 0.0057676192548234834 -0.040596738226009503 0.0089127344642238038 -0.033524034911056148 0.011956299390360279 -0.090022771336456489 -0.097864352104257396 -0.0090909766875044967 -0.009793982881290058 -0.030709012807910979 0.0013150703371340522 0.02174598302950654
leaf_weight=486 324 3645 1168 405 648 426 1377 324 81 405 944 673 2409 212
leaf_count=486 324 3645 1168 405 648 426 1377 324 81 405 944 673 2409 212
internal_value=0.00111 0.00165729 0.000217236 -0.00849794 0.00443073 0.00212644 0.00135328 -0.00219002 0.00333333 -0.00726337 -0.000955956 -0.00302624 -0.000375661 -0.000596886
internal_weight=13527 12798 8424 729 4374 4698 4212 3726 3726 729 2997 1829 2835 1156
internal_count=13527 12798 8424 729 4374 4698 4212 3726 3726 729 2997 1829 2835 1156
is_linear=0
shrinkage=0.03


Tree=49
num_leaves=15
num_cat=0
split_feature=6 36 45 34 1 40 0 40 13 27 2 24 40 44
split_gain=78.2681 55.8585 43.2429 42.8052 41.027 26.4001 26.073 28.0065 28.6434 29.9396 25.8107 25.0922 24.521 23.8598
threshold=0.75000000000000011 373.00000000000006 1.0000000180025095e-35 47.841661453247077 291.59480285644537 0.68947368860244762 384.66665649414068 0.38421052694320684 1367.3850097656252 7.9073200225830087 679.50000000000011 226.5372009277344 0.6473684310913087 0.6078576147556306
decision_type=2 2 2 2 2 2 2 2 2 2 2 2 2 2
left_child=1 2 5 -2 10 -1 7 13 9 -9 -3 -7 -6 -4
right_child=3 4 6 -5 12 11 -8 8 -10 -11 -12 -13 -14 -15
leaf_value=0.0064227487759031194 -0.0095440230764528167 0.0044695406023944435 -0.00066990155554492504 -0.039378836079229214 0.0072925820862834228 -0.049906198408217327 -0.047711475413901035 -0.050790999597186554 0.034357401508352758 -0.008377949048278115 0.0092010738737024807 0.0026880128107962739 -0.021555402679443701 0.01442703769723451
leaf_weight=5346 324 324 1221 405 434 525 486 264 88 1936 648 690 133 703
leaf_count=5346 324 324 1221 405 434 525 486 264 88 1936 648 690 133 703
internal_value=0.00106343 0.00160806 0.0008753 -0.00849794 0.00696881 0.00244856 -0.00132184 -0.000562678 -0.00280594 -0.00347727 0.0107099 -0.00154321 0.000555556 0.00210499
internal_weight=13527 12798 11259 729 1539 6561 4698 4212 2288 2200 972 1215 567 1924
internal_count=13527 12798 11259 729 1539 6561 4698 4212 2288 2200 972 1215 567 1924
is_linear=0
shrinkage=0.03


Tree=50
num_leaves=15
num_cat=0
split_feature=6 65 36 34 28 18 29 64 28 5 0 27 67 40
split_gain=77.3269 57.7512 45.5958 42.8052 32.757 27.9577 20.3088 24.2804 25.6434 30.8378 20.7686 20.1074 19.3304 17.8388
threshold=0.75000000000000011 89.676666259765639 309.50000000000006 47.841661453247077 43.227272033691413 0.28125000000000006 789.28930664062511 1.0000000180025095e-35 471.63014221191412 6.9362499713897714 412.08334350585943 51.05096626281739 39.910972595214851 0.48947368562221533
decision_type=2 2 2 2 2 2 2 2 2 2 2 2 2 2
left_child=1 4 -3 -2 5 -1 -6 -8 9 -9 -11 13 -7 -4
right_child=3 2 11 -5 6 12 7 8 -10 10 -12 -13 -14 -15
leaf_value=-0.056555002087558114 -0.0092577023841592335 0.005277355778288668 0.010513433224945098 -0.038197470996852334 0.0059686912609448941 -0.011952744312353714 0.0083021202404216232 -0.012502355700259295 0.043220942792669512 0.0006788132610866793 0.027790171861425666 0.0084942023142539191 0.0044005890231506497 -0.02325813339048528
leaf_weight=375 324 4404 296 405 359 1069 2187 2043 221 791 112 581 234 126
leaf_count=375 324 4404 296 405 359 1069 2187 2043 221 791 112 581 234 126
internal_value=0.00100577 0.00154712 0.00390327 -0.00849794 -0.000176566 -0.00386174 0.000905829 0.00044266 -0.00123619 -0.00197556 0.0026412 0.00967597 -0.00178434 0.00469194
internal_weight=13527 12798 5407 729 7391 1678 5713 5354 3167 2946 903 1003 1303 422
internal_count=13527 12798 5407 729 7391 1678 5713 5354 3167 2946 903 1003 1303 422
is_linear=0
shrinkage=0.03


Tree=51
num_leaves=15
num_cat=0
split_feature=6 36 1 34 45 24 14 67 40 0 40 13 16 16
split_gain=77.0385 59.038 45.5775 42.8052 40.6841 26.8773 48.1185 33.3042 27.5238 25.786 26.2935 28.2668 31.2964 35.9613
threshold=0.75000000000000011 447.50000000000006 291.59480285644537 47.841661453247077 1.0000000180025095e-35 214.92857360839847 1048.5000000000002 144.84111022949222 0.56315791606903087 384.66665649414068 0.38421052694320684 1367.3850097656252 1.6597505211830141 6.7563240528106698
decision_type=2 2 2 2 2 2 2 2 2 2 2 2 2 2
left_child=1 4 -3 -2 5 6 -1 -7 -8 10 -6 12 -12 -14
right_child=3 2 -4 -5 9 7 8 -9 -10 -11 11 -13 13 -15
leaf_value=0.019222580768337501 -0.0089799713126344598 0.0083200888453648404 0.00092667098988044919 -0.037051546866946769 0.0035506479137662338 0.00249850267357814 -0.00026934487908330862 0.016185116234355604 -0.057427054898988299 -0.044747782162073715 0.011710182134069935 0.033390314565947807 -0.045949834864935764 -0.0032872962757295541
leaf_weight=729 324 810 567 405 1961 2658 1134 1554 567 486 440 88 660 1144
leaf_count=729 324 810 567 405 1961 2658 1134 1554 567 486 440 88 660 1144
internal_value=0.000988024 0.00152836 0.00739651 -0.00849794 0.000820856 0.00233966 -0.00017284 0.00378917 -0.00293651 -0.00129002 -0.000548567 -0.00270154 -0.00335561 -0.00510532
internal_weight=13527 12798 1377 729 11421 6642 2430 4212 1701 4779 4293 2332 2244 1804
internal_count=13527 12798 1377 729 11421 6642 2430 4212 1701 4779 4293 2332 2244 1804
is_linear=0
shrinkage=0.03


Tree=52
num_leaves=15
num_cat=0
split_feature=6 36 1 34 45 24 13 67 0 40 13 27 69 15
split_gain=75.89 57.9224 45.9698 42.8052 38.5639 25.888 45.3946 31.133 25.2044 26.096 28.3104 30.546 24.1614 21.8273
threshold=0.75000000000000011 447.50000000000006 291.59480285644537 47.841661453247077 1.0000000180025095e-35 214.92857360839847 209.58105468750003 144.84111022949222 384.66665649414068 0.38421052694320684 1367.3850097656252 7.9073200225830087 552.17166137695324 0.30133102834224706
decision_type=2 2 2 2 2 2 2 2 2 2 2 2 2 2
left_child=1 4 -3 -2 5 6 -1 -7 9 -6 11 -11 -8 -13
right_child=3 2 -4 -5 8 7 12 -9 -10 10 -12 13 -14 -15
leaf_value=0.021773752644558178 -0.0087105721732554289 0.0080704861800038868 0.00089887086018404006 -0.035940000460938364 0.0034441284763532562 0.0024235475933707873 -0.01966091997523324 0.015699562747324935 -0.0434053486972115 -0.046762249794433067 0.032388605128969364 0.024379294696091926 0.0049670513764753467 -0.010137630090753049
leaf_weight=729 324 810 567 405 1961 2658 1233 1554 486 264 88 220 468 1760
leaf_count=729 324 810 567 405 1961 2658 1233 1554 486 264 88 220 468 1760
internal_value=0.000917055 0.00145335 0.0072658 -0.00849794 0.000752561 0.00223126 -0.000234568 0.00365385 -0.00130257 -0.000569532 -0.00271441 -0.00336898 -0.00291887 -0.00209091
internal_weight=13527 12798 1377 729 11421 6642 2430 4212 4779 4293 2332 2244 1701 1980
internal_count=13527 12798 1377 729 11421 6642 2430 4212 4779 4293 2332 2244 1701 1980
is_linear=0
shrinkage=0.03


Tree=53
num_leaves=15
num_cat=0
split_feature=6 36 1 34 45 35 0 40 13 27 40 44 40 1
split_gain=75.2835 56.9836 46.2322 42.8052 36.6012 24.5606 24.3965 24.7258 26.3606 28.1988 22.8187 21.9945 20.3248 21.8306
threshold=0.75000000000000011 447.50000000000006 291.59480285644537 47.841661453247077 1.0000000180025095e-35 164.59222412109378 384.66665649414068 0.35263158380985266 1367.3850097656252 7.9073200225830087 0.6473684310913087 0.6078576147556306 0.67894738912582409 49.39880561828614
decision_type=2 2 2 2 2 2 2 2 2 2 2 2 2 2
left_child=1 4 -3 -2 5 -1 7 11 9 -9 -4 -6 13 -7
right_child=3 2 10 -5 6 12 -8 8 -10 -11 -12 -13 -14 -15
leaf_value=-0.0072187285162519281 -0.0084492550080577725 0.0078283715946037714 0.0070791606689830505 -0.034861800447110215 -0.00034668620406264061 0.015716308928218074 -0.042103188236295157 -0.04411571603412813 0.030582431359361457 -0.0054781161665742231 -0.020690522803791377 0.014592640235476146 -0.0089309931150008438 0.0042582745304931358
leaf_weight=405 324 810 434 405 1156 1235 486 282 94 2115 133 646 1232 3770
leaf_count=405 324 810 434 405 1156 1235 486 282 94 2115 133 646 1232 3770
internal_value=0.000879352 0.0014135 0.00717865 -0.00849794 0.000718413 0.00215899 -0.00128374 -0.000562544 -0.002499 -0.00311014 0.000608466 0.00211432 0.00262386 0.00347353
internal_weight=13527 12798 1377 729 11421 6642 4779 4293 2491 2397 567 1802 6237 5005
internal_count=13527 12798 1377 729 11421 6642 4779 4293 2491 2397 567 1802 6237 5005
is_linear=0
shrinkage=0.03


Tree=54
num_leaves=15
num_cat=0
split_feature=6 36 27 34 45 0 40 16 16 30 40 24 14 13
split_gain=75.64 56.9509 48.8017 42.8052 35.1844 23.468 23.6195 27.1194 39.6924 22.1287 22.0087 25.938 26.6064 21.675
threshold=0.75000000000000011 447.50000000000006 19.890084266662601 47.841661453247077 1.0000000180025095e-35 384.66665649414068 0.4789473712444306 1.6597505211830141 7.2111964225769052 0.76934522390365612 0.67894738912582409 226.5372009277344 1048.5000000000002 1367.3850097656252
decision_type=2 2 2 2 2 2 2 2 2 2 2 2 2 2
left_child=1 4 -3 -2 10 6 -6 -8 -9 -4 -1 12 -12 -10
right_child=3 2 9 -5 5 -7 7 8 13 -11 11 -13 -14 -15
leaf_value=0.0055027931797433059 -0.0081957773578160333 -0.015141998707730345 0.0039747110752750905 -0.033815946433696911 0.0017372256718860867 -0.040840092589206303 0.013933578429953752 -0.041845000844130849 -0.0082610896654147885 0.0083744132239344272 0.0039474441262871453 0.0024862908373346213 -0.057734227344139022 0.034636365877982252
leaf_weight=5330 324 243 243 405 2438 486 350 560 875 891 160 752 400 70
leaf_count=5330 324 243 243 405 2438 486 350 560 875 891 160 752 400 70
internal_value=0.00090153 0.00143694 0.00720044 -0.00849794 0.000742054 -0.00122097 -0.000513627 -0.00306469 -0.00481395 0.00981481 0.00215447 -0.00132622 -0.00621429 -0.00106349
internal_weight=13527 12798 1377 729 11421 4779 4293 1855 1505 1134 6642 1312 560 945
internal_count=13527 12798 1377 729 11421 4779 4293 1855 1505 1134 6642 1312 560 945
is_linear=0
shrinkage=0.03


Tree=55
num_leaves=15
num_cat=0
split_feature=6 36 34 27 45 35 0 40 44 13 27 33 30 18
split_gain=74.9436 58.2795 43.3488 41.6462 33.7211 24.0366 22.759 19.4851 24.8286 22.7962 27.7309 20.4149 19.2667 18.703
threshold=0.75000000000000011 403.00000000000006 47.841661453247077 19.890084266662601 1.0000000180025095e-35 164.59222412109378 443.16667175292974 0.31052631139755255 0.6078576147556306 1367.3850097656252 7.9073200225830087 40.274610519409187 0.76934522390365612 0.23958333581686023
decision_type=2 2 2 2 2 2 2 2 2 2 2 2 2 2
left_child=1 4 -2 -3 5 -1 7 8 -6 10 -9 -10 -5 -12
right_child=2 3 -4 12 6 -7 -8 9 11 -11 13 -13 -14 -15
leaf_value=-0.0070767553858844231 -0.0079499040370815521 -0.014687738746498428 -0.032801468040686003 0.0038554697430168258 -0.00065240939996953347 0.0041893816421321346 -0.041913758734495078 -0.040596403532896015 -0.047275280861762976 0.0240742246825617 0.020915689519721753 0.019349965617260344 0.0079352551544370313 -0.009563107453008696
leaf_weight=405 324 243 405 243 1020 6237 405 306 60 102 357 510 972 1938
leaf_count=405 324 243 405 243 1020 6237 405 306 60 102 357 510 972 1938
internal_value=0.000899312 0.00143226 -0.00845679 0.00707819 0.000706349 0.0020822 -0.00123883 -0.000597484 0.00203774 -0.00214761 -0.00269319 0.00705263 0.00934568 -0.00156209
internal_weight=13527 12798 729 1458 11340 6642 4698 4293 1590 2703 2601 570 1215 2295
internal_count=13527 12798 729 1458 11340 6642 4698 4293 1590 2703 2601 570 1215 2295
is_linear=0
shrinkage=0.03


Tree=56
num_leaves=15
num_cat=0
split_feature=6 36 34 27 45 15 2 67 6 30 24 13 67 69
split_gain=74.4824 57.2156 43.3488 41.9712 32.3504 23.4229 24.4092 30.6563 27.7303 21.645 21.4552 42.9238 27.8382 24.201
threshold=0.75000000000000011 447.50000000000006 47.841661453247077 19.890084266662601 1.0000000180025095e-35 3.7441030740737919 206.50000000000003 1.0419444441795351 0.37500000000000006 0.76934522390365612 214.92857360839847 209.58105468750003 144.84111022949222 552.17166137695324
decision_type=2 2 2 2 2 2 2 2 2 2 2 2 2 2
left_child=1 4 -2 -3 10 6 -6 -8 -9 -5 11 -1 -12 -13
right_child=2 3 -4 9 5 -7 7 8 -10 -11 12 13 -14 -15
leaf_value=0.020443542417902971 -0.0077114069159691032 -0.014247106584103485 -0.031817423999465425 0.0037398056507263267 0.00030616259666517816 0.0040099492083471673 -0.041562668688265421 -0.00024750839553848713 -0.058914029106201977 0.0078851231725832974 0.0021543577236697951 -0.019643354105169573 0.014781771419326567 0.0044781739588403719
leaf_weight=729 324 243 405 243 1539 1377 668 1030 165 891 2658 1233 1554 468
leaf_count=729 324 243 405 243 1539 1377 668 1030 165 891 2658 1233 1554 468
internal_value=0.000870481 0.00140178 -0.00845679 0.00717865 0.00070528 -0.00117702 -0.00251323 -0.00482287 -0.00194561 0.00960317 0.00205962 -0.000185185 0.0033547 -0.00279541
internal_weight=13527 12798 729 1377 11421 4779 3402 1863 1195 1134 6642 2430 4212 1701
internal_count=13527 12798 729 1377 11421 4779 3402 1863 1195 1134 6642 2430 4212 1701
is_linear=0
shrinkage=0.03


Tree=57
num_leaves=15
num_cat=0
split_feature=6 36 34 1 40 40 1 14 23 1 21 12 40 26
split_gain=74.164 53.8019 43.3488 42.7945 34.1123 24.9836 22.8677 25.111 20.2301 19.9631 19.5257 19.5198 17.332 17.8929
threshold=0.75000000000000011 447.50000000000006 47.841661453247077 291.59480285644537 0.6473684310913087 0.6473684310913087 46.151123046875007 9997.5000000000018 22.472083091735843 345.79135131835943 6.6963484287261972 39.302083969116218 0.28947368264198309 5659.5000000000009
decision_type=2 2 2 2 2 2 2 2 2 2 2 2 2 2
left_child=1 4 -2 -3 6 9 8 12 -1 -5 11 -6 -8 -14
right_child=2 3 -4 5 10 -7 7 -9 -10 -11 -12 -13 13 -15
leaf_value=0.021874927159869401 -0.0074800647084900347 0.0068676767002370286 -0.030862901279481457 -0.093002134743910461 0.016203263578117352 -0.019269549456511267 0.0031276715914390694 0.029278936975862844 0.0055891787322575048 0.010077745414546689 -0.037539456106311091 -0.012900485183996304 0.003719188231734023 -0.004279509787049096
leaf_weight=496 324 810 405 62 76 133 2688 372 1922 372 190 2413 1122 2142
leaf_count=496 324 810 405 62 76 133 2688 372 1922 372 190 2413 1122 2142
internal_value=0.000850521 0.00138068 -0.00845679 0.00698257 0.00070528 0.000661376 0.0016129 0.000664137 0.00409429 0.00414747 -0.00225644 -0.00154881 0.000191532 -0.00127757
internal_weight=13527 12798 729 1377 11421 567 8742 6324 2418 434 2679 2489 5952 3264
internal_count=13527 12798 729 1377 11421 567 8742 6324 2418 434 2679 2489 5952 3264
is_linear=0
shrinkage=0.03


Tree=58
num_leaves=15
num_cat=0
split_feature=6 36 34 27 45 35 15 14 45 30 43 67 9 67
split_gain=74.1993 56.7571 43.3488 39.852 29.809 23.2159 19.1921 22.4771 19.2096 19.0156 17.2782 17.0957 16.5433 16.4806
threshold=0.75000000000000011 403.00000000000006 47.841661453247077 19.890084266662601 1.0000000180025095e-35 164.59222412109378 3.7441030740737919 2065.5000000000005 0.81174489855766307 0.76934522390365612 -0.81241145730018605 2.6738889217376713 0.52340278029441845 97.258052825927749
decision_type=2 2 2 2 2 2 2 2 2 2 2 2 2 2
left_child=1 4 10 -3 5 -1 7 8 -6 -5 -2 -9 -10 -13
right_child=2 3 -4 9 6 -7 -8 11 12 -11 -12 13 -14 -15
leaf_value=-0.0065340151208960681 0.024402236816084305 -0.014122025749016788 -0.029937014241097015 0.0038559268667620558 0.0029344383808469531 0.0039461956460634879 0.0038319157987647934 -0.03902245135629237 -0.076578024122925997 0.0072546135036193199 -0.061202450535059953 0.00054999458431313373 -0.0075728577298091971 -0.027931329871324611
leaf_weight=405 76 243 405 243 1539 6237 1296 559 243 972 248 422 405 234
leaf_count=405 76 243 405 243 1539 6237 1296 559 243 972 248 422 405 234
internal_value=0.000852739 0.00138303 -0.00845679 0.00695473 0.000666667 0.00196025 -0.0011622 -0.00234568 -0.000528121 0.00917284 -0.000277778 -0.00561728 -0.00486111 -0.00233232
internal_weight=13527 12798 729 1458 11340 6642 4698 3402 2187 1215 324 1215 648 656
internal_count=13527 12798 729 1458 11340 6642 4698 3402 2187 1215 324 1215 648 656
is_linear=0
shrinkage=0.03


Tree=59
num_leaves=15
num_cat=0
split_feature=6 36 34 27 45 35 30 28 43 24 13 69 67 15
split_gain=73.8462 55.1502 43.3488 38.242 29.5864 22.6053 18.2724 17.7945 17.2782 15.7871 37.5387 20.4247 18.4706 17.5796
threshold=0.75000000000000011 403.00000000000006 47.841661453247077 19.890084266662601 1.0000000180025095e-35 164.59222412109378 0.76934522390365612 9.3815116882324237 -0.81241145730018605 230.632438659668 209.58105468750003 784.43792724609386 144.84111022949222 0.1294849514961243
decision_type=2 2 2 2 2 2 2 2 2 2 2 2 2 2
left_child=1 4 8 -3 5 -1 -5 -6 -2 10 -7 13 -11 -12
right_child=2 3 -4 6 7 9 -8 -9 -10 12 11 -13 -14 -15
leaf_value=-0.0063379946672691909 0.023670169711601775 -0.013698364976546288 -0.029038903813864102 0.0037402490607592043 -0.035388607819422185 0.019225992488615739 0.0070369750985107464 -0.0014434453071946862 -0.059366377019008154 0.0027771177595071529 -0.037123957362847404 0.0072139204167873576 0.015329845100707904 -0.0060108022172533767
leaf_weight=405 76 243 405 243 243 810 972 4455 248 2198 239 376 1366 1248
leaf_count=405 76 243 405 243 243 810 972 4455 248 2198 239 376 1366 1248
internal_value=0.000830561 0.00135959 -0.00845679 0.00685185 0.000653439 0.00194219 0.00902469 -0.00116858 -0.000277778 0.00238817 0.000645342 -0.00169887 0.00369529 -0.00327841
internal_weight=13527 12798 729 1458 11340 6642 1215 4698 324 6237 2673 1863 3564 1487
internal_count=13527 12798 729 1458 11340 6642 1215 4698 324 6237 2673 1863 3564 1487
is_linear=0
shrinkage=0.03


Tree=60
num_leaves=15
num_cat=0
split_feature=6 36 34 27 40 22 3 1 33 30 45 0 14 1
split_gain=73.3884 52.2924 43.3488 36.9583 30.1594 26.7176 25.2374 21.0113 22.1447 19.1255 17.3844 18.705 18.5223 18.2709
threshold=0.75000000000000011 447.50000000000006 47.841661453247077 19.890084266662601 0.56315791606903087 8.1058254241943377 14.078565120697023 46.151123046875007 58.509981155395515 0.76934522390365612 1.0000000180025095e-35 370.50000000000006 9997.5000000000018 57.569566726684577
decision_type=2 2 2 2 2 2 2 2 2 2 2 2 2 2
left_child=1 4 -2 -3 7 -6 -7 8 -1 -5 12 13 -9 -12
right_child=2 3 -4 9 5 6 -8 10 -10 -11 11 -13 -14 -15
leaf_value=0.014668938123352876 -0.0036385979406132881 -0.013287414027249892 -0.028167736699448179 0.0036280415889364281 -0.00043996144703726257 -0.03432694958483952 0.0053075100475125665 0.0022079910933974875 -0.00041037054925021184 0.0070137915183348014 -0.064083995224157239 -0.028601757950949231 0.032514769725834898 0.0018139990672497962
leaf_weight=1512 324 243 405 243 3024 729 54 3078 594 891 270 378 270 1512
leaf_count=1512 324 243 405 243 3024 729 54 3078 594 891 270 378 270 1512
internal_value=0.00080173 0.00132911 -0.00845679 0.00685185 0.000663252 -0.00151694 -0.00645594 0.00175335 0.00430199 0.00912698 0.000778867 -0.00131944 0.00213262 -3.367e-05
internal_weight=13527 12798 729 1377 11421 3807 783 7614 2106 1134 5508 2160 3348 1782
internal_count=13527 12798 729 1377 11421 3807 783 7614 2106 1134 5508 2160 3348 1782
is_linear=0
shrinkage=0.03


Tree=61
num_leaves=15
num_cat=0
split_feature=6 36 34 1 40 40 1 34 29 28 42 28 35 16
split_gain=72.9671 48.761 43.3488 34.8953 29.334 25.1552 20.6697 20.1966 31.8932 32.8405 21.4042 21.0849 27.9041 20.09
threshold=0.75000000000000011 447.50000000000006 47.841661453247077 291.59480285644537 0.6473684310913087 0.6473684310913087 345.79135131835943 49.835447311401374 2488.531616210938 176.5704040527344 0.84874749183654796 237.36009216308597 164.62347412109378 0.37635099887847906
decision_type=2 2 2 2 2 2 2 2 2 2 2 2 2 2
left_child=1 4 -2 -3 7 6 -5 8 9 -1 13 12 -9 -10
right_child=2 3 -4 5 -6 -7 -8 11 10 -11 -12 -13 -14 -15
leaf_value=0.0021481564713366642 -0.0035294400023948833 0.0060224849956159775 -0.027322704598464736 -0.088978836559008748 -0.014750319217974067 -0.017458228830231546 0.010369190941549115 -0.019057582257649468 0.043237250504717648 -0.025120512163303677 0.021400401077054328 -0.012065404222173677 0.002246457189647999 0.0099004373303151361
leaf_weight=1550 324 810 405 62 2679 133 372 186 180 372 765 1240 2604 1845
leaf_count=1550 324 810 405 62 2679 133 372 186 180 372 765 1240 2604 1845
internal_value=0.000775116 0.00130098 -0.00845679 0.00663399 0.000657998 0.000925926 0.00442396 0.00149966 0.00283319 -0.000140479 0.00488172 -5.95533e-05 0.0013871 0.00326667
internal_weight=13527 12798 729 1377 11421 567 434 8742 4712 1922 2790 4030 2790 2025
internal_count=13527 12798 729 1377 11421 567 434 8742 4712 1922 2790 4030 2790 2025
is_linear=0
shrinkage=0.03


Tree=62
num_leaves=15
num_cat=0
split_feature=6 36 34 23 42 45 30 40 59 43 25 29 12 67
split_gain=73.67 48.9582 43.3488 34.1483 27.884 20.9981 19.4788 19.5677 18.2527 17.2782 16.4402 18.7174 22.651 18.6273
threshold=0.75000000000000011 403.00000000000006 47.841661453247077 21.769583702087406 -0.9103761315345763 1.0000000180025095e-35 0.76934522390365612 0.57368421554565441 133.50000000000003 -0.81241145730018605 627.02975463867199 2929.3515625000005 402.93750000000006 187.80889129638675
decision_type=2 2 2 2 2 2 2 2 2 2 2 2 2 2
left_child=1 4 9 -3 8 10 7 -5 -1 -2 11 -6 -13 -12
right_child=2 3 -4 6 5 -7 -8 -9 -10 -11 13 12 -14 -15
leaf_value=-0.029014824749552547 0.023175105758543972 -0.085702721413840943 -0.026503023460510793 0.0054089765741757298 -0.0026758337772947315 -0.0005945393851309877 0.0060691635655976571 -0.017286629341661319 0.0047704297373095316 -0.057370344570147669 0.0035252323920172079 0.01507366374903063 -0.04426985201899071 0.018129781396299633
leaf_weight=1748 76 81 405 220 1292 3944 1053 104 72 248 1990 1020 68 1206
leaf_count=1748 76 81 405 220 1292 3944 1053 104 72 248 1990 1020 68 1206
internal_value=0.000819472 0.00134787 -0.00845679 0.00652263 0.00068254 0.00133298 0.00763617 0.0012037 -0.00271978 -0.000277778 0.00251793 0.000630252 0.00352941 0.00392365
internal_weight=13527 12798 729 1458 11340 9520 1377 324 1820 324 5576 2380 1088 3196
internal_count=13527 12798 729 1458 11340 9520 1377 324 1820 324 5576 2380 1088 3196
is_linear=0
shrinkage=0.03


Tree=63
num_leaves=15
num_cat=0
split_feature=6 34 36 23 42 45 30 40 59 43 0 25 28 10
split_gain=71.4983 44.4462 43.3201 32.8251 25.9089 19.645 18.2455 18.8977 18.0096 16.7707 16.3199 15.8249 18.2836 25.3145
threshold=0.75000000000000011 47.841661453247077 403.00000000000006 21.769583702087406 -0.9103761315345763 1.0000000180025095e-35 0.76934522390365612 0.57368421554565441 133.50000000000003 -0.81241145730018605 443.16667175292974 627.02975463867199 337.49630737304693 0.66042751073837291
decision_type=2 2 2 2 2 2 2 2 2 2 2 2 2 2
left_child=2 9 4 -4 8 11 7 -5 -1 -2 -7 12 13 -6
right_child=1 -3 3 6 5 10 -8 -9 -10 -11 -12 -13 -14 -15
leaf_value=-0.028144380007065966 0.022479852585787656 -0.025707932756695466 -0.083131639771425722 0.0052467072769504684 -0.005583607972094313 0.00032689833564447657 0.0058870886586297284 -0.016768030461411492 0.0046273168451902479 -0.055649234233043236 -0.038409382900465187 0.0076077981054048921 0.017990958653788969 0.0053235380397658001
leaf_weight=1748 76 405 81 220 1088 3604 1053 104 72 248 340 3196 612 680
leaf_count=1748 76 405 81 220 1088 3604 1053 104 72 248 340 3196 612 680
internal_value=0.000764028 -0.00837449 0.00128458 0.00615226 0.00065873 0.00128571 0.00724401 0.00101852 -0.00262088 -9.25926e-05 -0.000334686 0.00243185 0.000579832 -0.000967195
internal_weight=13527 729 12798 1458 11340 9520 1377 324 1820 324 3944 5576 2380 1768
internal_count=13527 729 12798 1458 11340 9520 1377 324 1820 324 3944 5576 2380 1768
is_linear=0
shrinkage=0.03


Tree=64
num_leaves=15
num_cat=0
split_feature=6 34 65 36 28 18 28 36 9 67 69 43 65 14
split_gain=69.9261 45 39.8616 31.848 27.2732 24.1182 17.6284 20.3156 20.9467 17.4381 16.6788 16.5197 15.9944 15.8652
threshold=0.75000000000000011 47.841661453247077 89.676666259765639 309.50000000000006 43.227272033691413 0.28125000000000006 471.63014221191412 77.500000000000014 0.81446757912635814 0.42722222208976751 806.18585205078136 -0.81241145730018605 120.8050003051758 3258.0000000000005
decision_type=2 2 2 2 2 2 2 2 2 2 2 2 2 2
left_child=2 11 4 10 5 -1 7 8 -6 -7 12 -2 -4 -5
right_child=1 -3 3 13 6 9 -8 -9 -10 -11 -12 -13 -14 -15
leaf_value=-0.045196855739667807 0.021805457008214034 -0.024936694773994603 0.010326377732016341 0.0063404289511103723 -0.00075156204519405629 -0.031970157735989956 0.021762033398305521 0.0037176213924892741 -0.045115360327156517 0.0021019206910629774 0.012319851787577919 -0.053979757206051943 0.0012785532925729637 0.0030746680763664358
leaf_weight=375 76 405 332 564 3353 668 693 1401 266 635 776 248 3296 439
leaf_count=375 76 405 332 564 3353 668 693 1401 266 635 776 248 3296 439
internal_value=0.000704147 -0.00833333 0.00121894 0.00317644 -0.000213097 -0.00357569 0.000774549 0.000155378 -0.00103205 -0.0016462 0.00207766 0 0.00122381 0.008001
internal_weight=13527 729 12798 5407 7391 1678 5713 5020 3619 1303 4404 324 3628 1003
internal_count=13527 729 12798 5407 7391 1678 5713 5020 3619 1303 4404 324 3628 1003
is_linear=0
shrinkage=0.03


Tree=65
num_leaves=15
num_cat=0
split_feature=6 34 65 36 28 18 28 36 63 34 14 43 67 42
split_gain=68.8814 45.5573 36.0036 29.6242 26.2022 23.1727 16.7929 19.564 19.1418 17.5189 16.6989 16.2707 15.8724 15.6426
threshold=0.75000000000000011 47.841661453247077 89.676666259765639 309.50000000000006 43.227272033691413 0.28125000000000006 471.63014221191412 77.500000000000014 32.12944412231446 44.063337326049812 3258.0000000000005 -0.81241145730018605 0.42722222208976751 0.77259656786918651
decision_type=2 2 2 2 2 2 2 2 2 2 2 2 2 2
left_child=2 11 4 -4 5 -1 7 8 9 -6 -5 -2 -7 -8
right_child=1 -3 3 10 6 12 13 -9 -10 -11 -12 -13 -14 -15
leaf_value=-0.043840950067477777 0.021151293297967614 -0.024188593930774764 0.0042588886453016478 0.0061502160825770737 -0.098926874481610402 -0.031011053003910261 0.011098076634781736 0.0036060927507145912 -0.0080706973785940224 0.0025391855141818631 0.0029824280340754418 -0.052360364489870387 0.0020388630703310983 0.042939556433481511
leaf_weight=375 76 405 4404 564 94 668 531 1401 1492 2033 439 248 635 162
leaf_count=375 76 405 4404 564 94 668 531 1401 1492 2033 439 248 635 162
internal_value=0.000677534 -0.00829218 0.00118847 0.00304883 -0.000172507 -0.00346841 0.000795554 0.000191235 -0.000974026 0.000853315 0.00770189 9.25926e-05 -0.00157713 0.00517316
internal_weight=13527 729 12798 5407 7391 1678 5713 5020 3619 2127 1003 324 1303 693
internal_count=13527 729 12798 5407 7391 1678 5713 5020 3619 2127 1003 324 1303 693
is_linear=0
shrinkage=0.03


Tree=66
num_leaves=15
num_cat=0
split_feature=6 34 65 36 28 18 23 36 40 19 12 43 67 69
split_gain=67.002 46.118 34.5275 27.1152 24.9649 23.299 17.3564 17.0548 25.0678 22.1008 21.1491 16.0235 15.6579 15.2275
threshold=0.75000000000000011 47.841661453247077 89.676666259765639 309.50000000000006 43.227272033691413 0.28125000000000006 23.285555839538578 6.5000000000000009 0.6473684310913087 0.49826084077358251 49.312500000000007 -0.81241145730018605 0.42722222208976751 806.18585205078136
decision_type=2 2 2 2 2 2 2 2 2 2 2 2 2 2
left_child=2 11 4 13 5 -1 -5 8 9 10 -6 -2 -7 -4
right_child=1 -3 3 6 7 12 -8 -9 -10 -11 -12 -13 -14 -15
leaf_value=-0.042525721565453443 0.020516754499028581 -0.02346293611285152 0.0019932667547034465 0.0019771372334765848 -0.10803968323014912 -0.030080721413792953 0.0067151006092941758 0.0032561532056914677 -0.027118220859563835 -0.049192590593952736 0.0077037645376624823 -0.050789553555174269 0.0019776971782211562 0.011822489574591536
leaf_weight=375 76 405 3628 599 71 668 404 2952 839 163 1688 248 635 776
leaf_count=375 76 405 3628 599 71 668 404 2952 839 163 1688 248 635 776
internal_value=0.000595476 -0.00825103 0.00109939 0.00292121 -0.000233392 -0.00345054 0.00737288 0.000711535 -0.000983339 0.000905307 0.00188459 0.000185185 -0.00155411 0.00190736
internal_weight=13527 729 12798 5407 7391 1678 1003 5713 2761 1922 1759 324 1303 4404
internal_count=13527 729 12798 5407 7391 1678 1003 5713 2761 1922 1759 324 1303 4404
is_linear=0
shrinkage=0.03


Tree=67
num_leaves=15
num_cat=0
split_feature=6 34 40 3 22 36 33 35 35 1 33 34 34 22
split_gain=67.0356 46.118 30.9462 39.4169 34.5793 24.7408 31.1357 22.3304 29.271 19.0404 19.4756 17.2247 18.1599 18.6468
threshold=0.75000000000000011 47.841661453247077 0.56315791606903087 14.078565120697023 8.1177916526794451 447.50000000000006 60.815885543823249 165.99444580078128 165.3747253417969 44.772611618041999 58.509981155395515 47.674591064453132 57.903236389160163 6.4326839447021493
decision_type=2 2 2 2 2 2 2 2 2 2 2 2 2 2
left_child=2 -2 5 4 7 9 -7 8 -4 10 -1 -9 13 -13
right_child=1 -3 3 -5 -6 6 -8 11 -10 -11 -12 12 -14 -15
leaf_value=0.013786991507174736 0.0035007169538272642 -0.022759048029465975 -0.0021529845427058179 0.0079071685467667577 -0.030032137621198527 0.0056321807254758032 -0.0041778255206951082 0.013793133742680297 0.018156043852961393 0.0010785394741590259 -0.00031332269219065402 -0.039761499758648969 0.042055550854529 -0.006497517269139292
leaf_weight=1404 324 405 324 324 756 810 108 567 297 5616 594 621 81 1296
leaf_count=1404 324 405 324 324 756 810 108 567 297 5616 594 621 81 1296
internal_value=0.000597694 -0.00825103 0.00110173 -0.000984529 -0.00181126 0.00214487 0.00679739 -0.000442561 0.00466184 0.00158392 0.0040991 -0.00167836 -0.00298799 -0.0035759
internal_weight=13527 729 12798 4266 3942 8532 918 3186 621 7614 1998 2565 1998 1917
internal_count=13527 729 12798 4266 3942 8532 918 3186 621 7614 1998 2565 1998 1917
is_linear=0
shrinkage=0.03


Tree=68
num_leaves=15
num_cat=0
split_feature=6 34 65 36 28 23 64 35 29 29 34 28 28 42
split_gain=66.5325 46.118 30.6304 25.549 24.4279 23.5239 16.6933 26.5021 22.7949 24.3191 25.6253 19.8672 19.0574 19.1554
threshold=0.75000000000000011 47.841661453247077 89.676666259765639 309.50000000000006 471.63014221191412 23.285555839538578 1.0000000180025095e-35 163.23236083984378 1818.159851074219 1567.842224121094 52.048231124877937 180.95610046386722 43.227272033691413 0.032701563090086053
decision_type=2 2 2 2 2 2 2 2 2 2 2 2 2 2
left_child=2 -2 4 -4 6 -5 8 -8 9 10 -1 12 13 -9
right_child=1 -3 3 5 -6 -7 7 11 -10 -11 -12 -13 -14 -15
leaf_value=0.0026648177735977053 0.0033956954452124466 -0.022076276588581998 0.0039200580914462609 0.0017488576947080237 0.020109064055452118 0.006344682169251081 -0.032675448583098829 -0.033793096810622744 0.014475171118220418 -0.080236162541550665 -0.069778486132006809 -0.015372058136154117 0.0026628126846516007 0.0011790634387129329
leaf_weight=614 324 405 4404 599 693 404 215 599 1276 175 138 1657 1536 488
leaf_count=614 324 405 4404 599 693 404 215 599 1276 175 138 1657 1536 488
internal_value=0.000564427 -0.00825103 0.00106657 0.0027825 -0.000188743 0.00710369 -0.000743506 -0.00179199 0.00139582 -0.00218447 0.000159574 -0.0012757 0.000348837 -0.00269089
internal_weight=13527 729 12798 5407 7391 1003 6698 4495 2203 927 752 4280 2623 1087
internal_count=13527 729 12798 5407 7391 1003 6698 4495 2203 927 752 4280 2623 1087
is_linear=0
shrinkage=0.03


Tree=69
num_leaves=15
num_cat=0
split_feature=6 34 65 36 23 44 30 19 34 18 43 69 21 40
split_gain=65.665 46.118 31.6257 25.2362 23.4026 22.6351 17.4939 16.7549 23.7534 16.416 16.0235 15.3896 14.3428 16.7298
threshold=0.75000000000000011 47.841661453247077 89.676666259765639 309.50000000000006 23.285555839538578 -0.60785761475563038 0.63839286565780651 0.45902103185653692 44.324571609497077 0.32291667163372045 -0.81241145730018605 806.18585205078136 6.0823380947113046 0.34210526943206793
decision_type=2 2 2 2 2 2 2 2 2 2 2 2 2 2
left_child=2 10 5 11 -5 6 -1 -7 -9 -10 -2 -4 -11 -14
right_child=1 -3 3 4 -6 7 -8 8 9 12 -12 -13 13 -15
leaf_value=0.012997331480916809 0.019694359492086529 -0.021413988290924536 0.0017379142317693573 0.0016963919638667768 0.0061543417041735448 0.0042106986036329185 -0.011304878249036436 -0.092108561837321759 -0.088151834033560916 0.0029056005505356409 -0.04947275932049023 0.011194331036741518 0.005312534259341908 -0.025779516253189624
leaf_weight=335 76 405 3628 599 404 2310 1995 109 120 1835 248 776 286 401
leaf_count=335 76 405 3628 599 404 2310 1995 109 120 1835 248 776 286 401
internal_value=0.000506764 -0.00825103 0.00100563 0.00274921 0.00704387 -0.000269923 -0.00271674 0.00085655 -0.000725191 -0.00015897 0.000185185 0.00177112 0.00035686 -0.00334061
internal_weight=13527 729 12798 5407 1003 7391 2330 5061 2751 2642 324 4404 2522 687
internal_count=13527 729 12798 5407 1003 7391 2330 5061 2751 2642 324 4404 2522 687
is_linear=0
shrinkage=0.03


Tree=70
num_leaves=15
num_cat=0
split_feature=6 34 40 3 22 36 33 35 35 19 1 33 14 22
split_gain=66.0647 46.118 29.571 37.4308 27.8107 20.6814 29.1509 19.0472 25.2964 18.2029 17.0249 18.8043 16.7446 16.0277
threshold=0.75000000000000011 47.841661453247077 0.56315791606903087 14.078565120697023 8.1177916526794451 447.50000000000006 60.815885543823249 165.99444580078128 165.3747253417969 0.47483226656913763 44.772611618041999 58.509981155395515 9997.5000000000018 7.8914737701416025
decision_type=2 2 2 2 2 2 2 2 2 2 2 2 2 2
left_child=2 -2 5 4 7 10 -7 8 -4 -6 11 -1 -12 -9
right_child=1 -3 3 -5 9 6 -8 13 -10 -11 12 -13 -14 -15
leaf_value=0.013274423793931178 0.0039080451385301558 -0.0207715686421968 -0.001916397041560911 0.0073300875257479078 0.0044904561772917927 0.0052275483397247963 -0.0041558482448315103 -0.015111523025014399 0.017405157198723993 -0.032178194050172582 0.00045954969729867568 -0.00032270433732991763 0.0257650243052902 0.015515779502895927
leaf_weight=1404 324 405 324 324 135 810 108 2214 297 621 5292 594 324 351
leaf_count=1404 324 405 324 324 135 810 108 2214 297 621 5292 594 324 351
internal_value=0.000533378 -0.00825103 0.00103376 -0.00100563 -0.00181126 0.00205345 0.00630719 -0.000583804 0.00413043 -0.00698413 0.00154058 0.00391892 0.000694444 -0.00172515
internal_weight=13527 729 12798 4266 3942 8532 918 3186 621 756 7614 1998 5616 2565
internal_count=13527 729 12798 4266 3942 8532 918 3186 621 756 7614 1998 5616 2565
is_linear=0
shrinkage=0.03


Tree=71
num_leaves=15
num_cat=0
split_feature=6 34 42 5 28 36 34 27 27 35 33 29 66 28
split_gain=64.9684 46.118 27.7654 26.4026 35.8224 20.3903 19.4029 23.5601 19.073 25.3243 21.7202 18.5392 24.3786 18.5034
threshold=0.75000000000000011 47.841661453247077 -0.88144907355308522 43.516109466552741 72.021221160888686 686.00000000000011 49.835447311401374 58.580234527587898 49.900966644287116 164.62347412109378 53.482830047607429 5921.5307617187509 1.0000000180025095e-35 516.88645935058605
decision_type=2 2 2 2 2 2 2 2 2 2 2 2 2 2
left_child=2 -2 3 11 -5 6 7 -4 9 -8 -10 -1 -13 -9
right_child=1 -3 5 4 -6 -7 8 13 10 -11 -12 12 -14 -15
leaf_value=-0.025524811429323665 0.0037908037843742545 -0.020148421582930898 0.0013151208217360775 -0.038522667939627449 0.0068571633011216089 0.0051609134071211567 -0.017643476372709674 0.019121617181678461 -0.084728513311842238 0.0022001729067652764 -0.0022500945957562735 -0.02746033016421642 0.0097287055663528698 -0.00346818396066344
leaf_weight=1695 324 405 3300 120 285 594 198 1650 198 2970 1188 104 166 330
leaf_count=1695 324 405 3300 120 285 594 198 1650 198 2970 1188 104 166 330
internal_value=0.000460191 -0.00825103 0.000956399 -0.00197468 0.005 0.00162255 0.00129652 0.00253409 -0.00013834 0.00114583 -0.00307359 -0.00341221 0.00388889 0.00512121
internal_weight=13527 729 12798 2370 405 10428 9834 5280 4554 3168 1386 1965 270 1980
internal_count=13527 729 12798 2370 405 10428 9834 5280 4554 3168 1386 1965 270 1980
is_linear=0
shrinkage=0.03


Tree=72
num_leaves=15
num_cat=0
split_feature=6 34 65 28 36 23 40 2 19 43 9 26 69 28
split_gain=64.7701 46.118 27.2418 22.6742 20.6524 24.0649 20.6046 32.5521 18.822 16.0235 15.6213 15.9792 14.0151 14.7392
threshold=0.75000000000000011 47.841661453247077 89.676666259765639 43.227272033691413 309.50000000000006 23.285555839538578 0.50000000000000011 211.00000000000003 0.48119148612022405 -0.81241145730018605 0.81446757912635814 9026.0000000000018 806.18585205078136 187.47065734863284
decision_type=2 2 2 2 2 2 2 2 2 2 2 2 2 2
left_child=2 9 3 6 12 -6 -1 8 -8 -2 -5 -12 13 -4
right_child=1 -3 4 10 5 -7 7 -9 -10 -11 11 -13 -14 -15
leaf_value=-0.00033350675692663141 0.018872563239636795 -0.019543968935442971 0.0043919133495459971 0.0020034716220370895 0.0016377932288407847 0.0056223182510370638 -0.031951468348498366 -0.037366987901438622 0.01999336374825364 -0.048219542008562655 0.00040495628961747517 -0.045885604189872121 0.010476259113756655 -0.001798745715272414
leaf_weight=925 76 405 1700 5221 599 404 84 570 99 248 258 234 776 1928
leaf_count=925 76 405 1700 5221 599 404 84 570 99 248 258 234 776 1928
internal_value=0.000446884 -0.00825103 0.000942335 -0.00024151 0.00256057 0.00644566 -0.00330751 -0.00699203 0.00401639 0.000185185 0.000659023 -0.00445122 0.00167575 0.000893054
internal_weight=13527 729 12798 7391 5407 1003 1678 753 183 324 5713 492 4404 3628
internal_count=13527 729 12798 7391 5407 1003 1678 753 183 324 5713 492 4404 3628
is_linear=0
shrinkage=0.03


Tree=73
num_leaves=15
num_cat=0
split_feature=6 34 65 28 40 2 24 19 43 28 9 26 34 33
split_gain=62.8974 47.2497 26.1865 22.2559 20.6046 32.5521 20.2948 18.822 15.5349 14.6212 14.307 14.8639 12.6402 19.2146
threshold=0.75000000000000011 47.841661453247077 89.676666259765639 43.227272033691413 0.50000000000000011 211.00000000000003 275.75596618652349 0.48119148612022405 -0.81241145730018605 129.72357177734378 0.81446757912635814 9026.0000000000018 46.416027069091804 52.028402328491218
decision_type=2 2 2 2 2 2 2 2 2 2 2 2 2 2
left_child=2 8 3 4 -1 7 12 -6 -2 -8 -5 -12 -4 -14
right_child=1 -3 6 10 5 -7 9 -9 -10 -11 11 -13 13 -15
leaf_value=-0.00032350155421883464 0.018306386342447696 -0.018957649867379682 0.014288936692275635 0.0019433674733759876 -0.030992924298043418 -0.036245978264395462 0.0028886694642779884 0.019393562835806032 -0.046772955748305776 0.0062030708277088205 0.0003928076009289416 -0.044509036064175958 -0.013159013130845873 0.0034044010744481313
leaf_weight=925 76 405 516 5221 84 570 1712 99 248 521 258 234 601 2057
leaf_count=925 76 405 516 5221 84 570 1712 99 248 521 258 234 601 2057
internal_value=0.000402528 -0.00816872 0.000890764 -0.000269923 -0.00330751 -0.00699203 0.00247734 0.00401639 0.00037037 0.00466861 0.000622265 -0.00426829 0.000935728 0.00010158
internal_weight=13527 729 12798 7391 1678 753 5407 183 324 2233 5713 492 3174 2658
internal_count=13527 729 12798 7391 1678 753 5407 183 324 2233 5713 492 3174 2658
is_linear=0
shrinkage=0.03


Tree=74
num_leaves=15
num_cat=0
split_feature=6 34 65 28 40 2 24 19 28 43 9 26 69 1
split_gain=62.2158 47.2497 23.4891 21.1388 19.8295 28.815 18.0961 17.0913 15.9643 15.5349 13.1977 13.7891 12.6364 13.2988
threshold=0.75000000000000011 47.841661453247077 89.676666259765639 43.227272033691413 0.50000000000000011 211.00000000000003 275.75596618652349 0.48119148612022405 129.72357177734378 -0.81241145730018605 0.81446757912635814 9026.0000000000018 806.18585205078136 35.576398849487312
decision_type=2 2 2 2 2 2 2 2 2 2 2 2 2 2
left_child=2 9 3 4 -1 7 12 -6 -8 -2 -5 -12 13 -4
right_child=1 -3 6 10 5 -7 8 -9 -10 -11 11 -13 -14 -15
leaf_value=-0.00031379650759228106 0.017757194752174264 -0.018388920371358291 0.0084205445022616978 0.0018850664491747082 -0.03006313656910212 -0.035158598916463599 0.0028020093803496414 0.01881175595073185 0.0060169787028775444 -0.045369767075856597 0.00038102337290107257 -0.043173764982250687 0.0089314023739094535 -0.0022675675010350813
leaf_weight=925 76 405 480 5221 84 570 1712 99 521 248 258 234 636 2058
leaf_count=925 76 405 480 5221 84 570 1712 99 521 248 258 234 636 2058
internal_value=0.000355955 -0.00816872 0.000841538 -0.000257746 -0.00321812 -0.00683267 0.00234418 0.00352459 0.00441335 0.00037037 0.000611763 -0.00408537 0.000888469 -5.91017e-05
internal_weight=13527 729 12798 7391 1678 753 5407 183 2233 324 5713 492 3174 2538
internal_count=13527 729 12798 7391 1678 753 5407 183 2233 324 5713 492 3174 2538
is_linear=0
shrinkage=0.03


Tree=75
num_leaves=15
num_cat=0
split_feature=6 34 65 28 40 2 24 28 19 43 9 26 36 34
split_gain=61.7634 47.2497 23.1288 21.0464 20.0712 27.2346 17.4681 16.529 15.9838 15.5349 13.3935 12.1792 12.1604 19.3192
threshold=0.75000000000000011 47.841661453247077 89.676666259765639 43.227272033691413 0.50000000000000011 211.00000000000003 275.75596618652349 129.72357177734378 0.48119148612022405 -0.81241145730018605 0.81446757912635814 9026.0000000000018 4.5000000000000009 44.063337326049812
decision_type=2 2 2 2 2 2 2 2 2 2 2 2 2 2
left_child=2 9 3 4 -1 8 -4 -8 -6 -2 12 -12 13 -5
right_child=1 -3 6 10 5 -7 7 -9 -10 -11 11 -13 -14 -15
leaf_value=-0.00030438261236450433 0.017224478909609032 -0.017837252760217543 0.0021598855258174818 -0.089573502264110788 -0.029161242472029052 -0.034103840948969691 0.0027179490989391476 0.0058364693417912146 0.018247403272209899 -0.044008674063580902 0.00036959267171404519 -0.041878552032783165 0.0038840745306127997 -0.00018587191640181855
leaf_weight=925 76 405 3174 81 84 570 1712 521 99 248 258 234 2938 2202
leaf_count=925 76 405 3174 81 84 570 1712 521 99 248 258 234 2938 2202
internal_value=0.000324906 -0.00816872 0.00080872 -0.0002821 -0.003236 -0.00687251 0.0022998 0.00433274 0.00319672 0.00037037 0.000585507 -0.00414634 0.00103141 -0.000611038
internal_weight=13527 729 12798 7391 1678 753 5407 2233 183 324 5713 492 5221 2283
internal_count=13527 729 12798 7391 1678 753 5407 2233 183 324 5713 492 5221 2283
is_linear=0
shrinkage=0.03


Tree=76
num_leaves=15
num_cat=0
split_feature=6 34 3 40 0 35 44 12 1 0 34 0 25 34
split_gain=60.7178 47.8206 22.7455 27.8245 23.605 19.1932 18.7108 20.6544 21.0875 19.8267 17.2685 16.3671 19.9354 16.2472
threshold=0.75000000000000011 47.841661453247077 18.804142951965336 0.31052631139755255 412.08334350585943 164.59222412109378 -0.60785761475563038 185.05208587646487 40.895647048950202 55.041667938232429 46.552421569824226 726.00000000000011 1634.3386840820315 49.411022186279304
decision_type=2 2 2 2 2 2 2 2 2 2 2 2 2 2
left_child=2 -2 3 11 -4 10 9 8 -8 -7 -5 12 13 -1
right_child=1 -3 4 5 -6 6 7 -9 -10 -11 -12 -13 -14 -15
leaf_value=0.013874107580892971 0.0092082078377322095 -0.017302135177411016 0.00075906673487025956 0.0039206662234797379 0.0050537291499959114 0.0040248094650649335 0.010797217597253406 0.0041833145409398134 -0.0092524255389353355 -0.022341677667210871 -0.020055282784779603 -0.0031805707582117557 -0.01099505612891034 0.0014049333453628554
leaf_weight=1830 324 405 405 204 243 765 765 2448 1683 1326 459 420 150 2100
leaf_count=1830 324 405 405 204 243 765 765 2448 1683 1326 459 420 150 2100
internal_value=0.000293857 -0.00812757 0.000773558 0.000481481 0.00625 -0.000619608 -0.00015672 0.000857843 -0.00109069 -0.00253228 -0.00549774 0.00235333 0.00293382 0.00334351
internal_weight=13527 729 12798 12150 648 7650 6987 4896 2448 2091 663 4500 4080 3930
internal_count=13527 729 12798 12150 648 7650 6987 4896 2448 2091 663 4500 4080 3930
is_linear=0
shrinkage=0.03


Tree=77
num_leaves=15
num_cat=0
split_feature=6 34 3 40 24 35 29 45 44 23 22 44 9 24
split_gain=60.6716 47.2497 24.2722 29.8223 19.8339 19.0705 18.2047 24.0016 23.0773 16.7344 21.7167 15.9974 19.9388 16.7226
threshold=0.75000000000000011 47.841661453247077 15.635231494903566 0.35263158380985266 415.99107360839849 164.59222412109378 3959.455688476563 1.0000000180025095e-35 0.6078576147556306 22.432222366333011 5.8562464714050302 -0.60785761475563038 0.65003472566604625 226.5372009277344
decision_type=2 2 2 2 2 2 2 2 2 2 2 2 2 2
left_child=2 -2 3 6 -4 -5 -1 -8 -9 10 -7 12 -11 -13
right_child=1 -3 4 5 -6 9 7 8 -10 11 -12 13 -14 -15
leaf_value=0.00089925560999411843 0.0089319616026002427 -0.016783071122088686 0.0031635277805898629 -0.01838711993672764 0.0045257425539689412 0.0049774998653649314 0.018730668700615457 -0.017865686712739949 0.026328818649293838 3.6259621959726647e-05 -0.02338119879986264 -0.0021233080775446742 -0.04074293975575162 0.0066828346011546637
leaf_weight=3468 324 405 729 611 162 658 850 442 238 1081 1128 1081 376 1974
leaf_count=3468 324 405 729 611 162 658 850 442 238 1081 1128 1081 376 1974
internal_value=0.000249501 -0.00816872 0.00072902 0.00037163 0.00550505 -0.000905341 0.00213685 0.00486275 0.000661765 -0.000414417 -0.00287234 0.000558511 -0.00202814 0.00179214
internal_weight=13527 729 12798 11907 891 6909 4998 1530 680 6298 1786 4512 1457 3055
internal_count=13527 729 12798 11907 891 6909 4998 1530 680 6298 1786 4512 1457 3055
is_linear=0
shrinkage=0.03


Tree=78
num_leaves=15
num_cat=0
split_feature=6 34 3 40 24 34 31 24 16 13 19 65 65 15
split_gain=61.9427 46.6821 23.0786 29.3423 20.1162 18.5743 19.9446 25.993 45.2232 21.6741 16.9236 18.1882 16.4566 16.1823
threshold=0.75000000000000011 47.841661453247077 15.635231494903566 0.26842105388641363 415.99107360839849 49.610776901245124 0.47446672618389135 196.09375000000003 8.9969787597656268 643.80148315429699 0.49454252421855932 577.31915283203136 465.69445800781256 0.33128762245178228
decision_type=2 2 2 2 2 2 2 2 2 2 2 2 2 2
left_child=2 -2 3 -1 -4 10 7 13 -9 -10 -5 -12 -8 -7
right_child=1 -3 4 5 -6 6 12 8 9 -11 11 -13 -14 -15
leaf_value=0.003952311268546449 0.0086640027545222351 -0.016279578988426028 0.003068621947172172 0.0033959918721347114 0.0043899702773498818 0.010495697947676356 0.016964276875664805 -0.03546454552894282 -0.010420009272206879 0.0033704197307792482 -0.02134915425006664 0.017854900158594641 -0.028219737181177863 -0.010073825515028152
leaf_weight=3822 324 405 729 3685 162 330 536 880 660 550 571 89 124 660
leaf_count=3822 324 405 729 3685 162 330 536 880 660 550 571 89 124 660
internal_value=0.000296075 -0.00820988 0.000780591 0.000432099 0.00543771 -0.000591837 -0.00214171 -0.00315584 -0.00505263 -0.00128926 0.000742232 -0.00368182 0.00259091 0.000848485
internal_weight=13527 729 12798 11907 891 8085 3740 3080 2090 1210 4345 660 660 990
internal_count=13527 729 12798 11907 891 8085 3740 3080 2090 1210 4345 660 660 990
is_linear=0
shrinkage=0.03


Tree=79
num_leaves=15
num_cat=0
split_feature=6 34 3 40 24 1 34 19 35 35 69 33 21 64
split_gain=61.6201 46.6821 21.9893 27.4443 20.6869 17.2543 23.9921 20.6342 18.0781 24.0588 19.9491 21.4528 25.307 17.4591
threshold=0.75000000000000011 47.841661453247077 15.635231494903566 0.26842105388641363 415.99107360839849 40.334882736206062 46.552421569824226 0.49826084077358251 164.59222412109378 165.98652648925784 2787.297729492188 54.205919265747077 1.3005121946334841 1.0000000180025095e-35
decision_type=2 2 2 2 2 2 2 2 2 2 2 2 2 2
left_child=2 -2 3 -1 -4 13 7 -7 -8 -10 11 12 -11 -5
right_child=1 -3 4 5 -6 6 8 -9 9 10 -12 -13 -14 -15
leaf_value=0.0038337419304900421 0.0084040826718865692 -0.015791191618773247 0.0029765632887570168 0.018302682809700321 0.0042582711690293878 0.0085840778874119467 -0.01958511076930956 -0.084966864378402507 0.0095173053651383469 0.017402165291011053 0.023331667698640625 -0.0013368183364187347 -0.027915797302312854 -3.7518718177267373e-05
leaf_weight=3822 324 405 729 567 162 990 440 55 605 165 130 2868 1182 1083
leaf_count=3822 324 405 729 567 162 990 440 55 605 165 130 2868 1182 1083
internal_value=0.000273897 -0.00820988 0.00075715 0.000416982 0.00530303 -0.000573284 -0.00127506 0.00288517 -0.00208163 -0.00156364 -0.00234407 -0.00270107 -0.00582405 0.00216364
internal_weight=13527 729 12798 11907 891 8085 6435 1045 5390 4950 4345 4215 1347 1650
internal_count=13527 729 12798 11907 891 8085 6435 1045 5390 4950 4345 4215 1347 1650
is_linear=0
shrinkage=0.03


Tree=80
num_leaves=15
num_cat=0
split_feature=6 34 65 28 40 2 4 0 26 40 43 19 28 36
split_gain=61.0095 46.6821 20.2704 19.6276 18.281 22.9847 16.215 16.8422 14.9353 15.5821 14.7538 14.3922 12.8387 13.5893
threshold=0.75000000000000011 47.841661453247077 95.104999542236342 43.227272033691413 0.50000000000000011 211.00000000000003 26.676914215087894 493.50000000000006 4048.5000000000005 0.59473684430122387 -0.81241145730018605 0.48119148612022405 471.63014221191412 77.500000000000014
decision_type=2 2 2 2 2 2 2 2 2 2 2 2 2 2
left_child=2 10 3 4 -1 11 8 -8 9 -4 -2 -6 13 -5
right_child=1 -3 6 12 5 -7 7 -9 -10 -11 -12 -13 -14 -15
leaf_value=-0.00023439643807324993 0.01565149689631852 -0.015317455870210049 -0.00013852577448184356 -0.0016988808378708552 -0.02748156055604584 -0.031501235755422075 0.010101348763832467 0.0042294357498703673 0.0034094332095722722 -0.04618649233098461 -0.043744661487675703 0.017261483179035871 0.017873684109223534 0.0030736620352359001
leaf_weight=938 76 405 561 3642 84 582 328 178 4129 144 248 99 694 1419
leaf_count=938 76 405 561 3642 84 582 328 178 4129 144 248 99 694 1419
internal_value=0.000231759 -0.00820988 0.000712611 -0.000297667 -0.00312683 -0.00656863 0.0021236 0.0072332 0.00158875 -0.00244681 0.000277778 0.00270492 0.000539531 1.48192e-05
internal_weight=13527 729 12798 7458 1703 765 5340 506 4834 705 324 183 5755 5061
internal_count=13527 729 12798 7458 1703 765 5340 506 4834 705 324 183 5755 5061
is_linear=0
shrinkage=0.03


Tree=81
num_leaves=15
num_cat=0
split_feature=6 34 3 40 24 1 34 19 35 35 69 15 11 9
split_gain=59.875 47.2497 21.5279 23.4076 21.2655 15.9962 21.526 20.1731 16.7896 22.4455 19.7118 19.7432 16.923 17.308
threshold=0.75000000000000011 47.841661453247077 15.635231494903566 0.26842105388641363 415.99107360839849 40.334882736206062 46.552421569824226 0.49826084077358251 164.59222412109378 165.98652648925784 2787.297729492188 4.3409490585327157 3.4481943845748906 0.26278935372829443
decision_type=2 2 2 2 2 2 2 2 2 2 2 2 2 2
left_child=2 -2 3 -1 -4 -5 7 -7 -8 -10 11 12 13 -11
right_child=1 -3 4 5 -6 6 8 -9 9 10 -12 -13 -14 -15
leaf_value=0.0037032425364886246 0.0089097798157291019 -0.014857932194103748 0.0028069154691617282 0.0046524507830135644 0.0040036399614623887 0.0081844003731120947 -0.018052520373567613 -0.082366892021914315 0.0089555820662344833 -0.014806637747248991 0.022682684092817533 0.00015460705383999241 -0.038365644221982097 0.008322955779755583
leaf_weight=3822 324 405 729 1650 162 990 440 55 605 1524 130 1524 678 489
leaf_count=3822 324 405 729 1650 162 990 440 55 605 1524 130 1524 678 489
internal_value=0.000194056 -0.00816872 0.000670417 0.000333837 0.00516835 -0.000580705 -0.00125641 0.00268421 -0.00202041 -0.00152121 -0.00227503 -0.00262989 -0.00417503 -0.00279434
internal_weight=13527 729 12798 11907 891 8085 6435 1045 5390 4950 4345 4215 2691 2013
internal_count=13527 729 12798 11907 891 8085 6435 1045 5390 4950 4345 4215 2691 2013
is_linear=0
shrinkage=0.03


Tree=82
num_leaves=15
num_cat=0
split_feature=6 34 3 42 24 34 35 21 13 24 12 44 13 65
split_gain=59.5262 47.2497 19.8739 23.4506 22.1484 16.863 21.2152 16.8608 19.4571 19.2232 17.2434 17.8796 16.7683 16.6848
threshold=0.75000000000000011 47.841661453247077 15.635231494903566 -0.9103761315345763 415.99107360839849 49.138797760009773 166.50263977050784 6.6963484287261972 111.16003799438478 226.5372009277344 164.78125000000003 -1.0000000180025095e-35 80.440532684326186 11.160555362701418
decision_type=2 2 2 2 2 2 2 2 2 2 2 2 2 2
left_child=2 -2 3 7 -4 6 -5 8 -1 13 -11 -12 -7 -10
right_child=1 -3 4 5 -6 12 -8 -9 9 10 11 -13 -14 -15
leaf_value=0.008390235669745354 0.0086424864212572301 -0.014412194228280635 0.0027227080050868844 0.00040204209454487879 0.0038835307626185144 -0.098980948042382375 0.012477044456900205 -0.022871281663396064 -0.042702091256204111 -0.037214674895322632 -0.014969991787750709 0.0096758087726897205 -2.5276504763322994e-05 -0.025828535591691442
leaf_weight=169 324 405 729 2244 162 68 2176 130 299 247 455 338 5508 273
leaf_count=169 324 405 729 2244 162 68 2176 130 299 247 455 338 5508 273
internal_value=0.000169661 -0.00816872 0.000644632 0.00032124 0.00496633 0.000903361 0.00228733 -0.0027237 -0.00196238 -0.00297767 -0.000548077 0.00160782 -0.000193687 -0.0073951
internal_weight=13527 729 12798 11907 891 9996 4420 1911 1781 1612 1040 793 5576 572
internal_count=13527 729 12798 11907 891 9996 4420 1911 1781 1612 1040 793 5576 572
is_linear=0
shrinkage=0.03


Tree=83
num_leaves=15
num_cat=0
split_feature=6 34 3 24 42 21 13 24 35 65 29 29 28 13
split_gain=59.734 46.6821 18.885 22.747 20.0536 19.0501 18.678 21.6727 19.0008 18.1686 16.2393 15.9963 27.323 23.238
threshold=0.75000000000000011 47.841661453247077 15.635231494903566 415.99107360839849 -0.88144907355308522 6.6963484287261972 111.16003799438478 226.5372009277344 166.13889312744143 11.160555362701418 3604.107788085938 2929.3515625000005 176.5704040527344 81.78168106079103
decision_type=2 2 2 2 2 2 2 2 2 2 2 2 2 2
left_child=2 -2 4 -4 5 6 -1 9 -9 -8 -11 12 -6 -13
right_child=1 -3 3 -5 11 -7 7 8 -10 10 -12 13 -14 -15
leaf_value=0.0081385285996529912 0.0083832118286195148 -0.013979828401432215 0.0026410267649342777 0.0037670248397399498 0.00076633632847286745 -0.022185143213494185 -0.039492046504398561 0.008656823867310438 -0.010031836068591912 -0.050680855905516631 0.025437414304384003 -0.015954585774685372 -0.016332084140347515 0.0099746759185796608
leaf_weight=195 324 405 729 162 4554 150 340 240 960 227 93 264 858 4026
leaf_count=195 324 405 729 162 4554 150 340 240 960 227 93 264 858 4026
internal_value=0.000143047 -0.00820988 0.000618847 0.00483165 0.000303603 -0.00227891 -0.00152555 -0.00245161 -5e-05 -0.00681818 -0.0016875 0.000890538 -0.000194013 0.00225874
internal_weight=13527 729 12798 891 11907 2205 2055 1860 1200 660 320 9702 5412 4290
internal_count=13527 729 12798 891 11907 2205 2055 1860 1200 660 320 9702 5412 4290
is_linear=0
shrinkage=0.03


Tree=84
num_leaves=15
num_cat=0
split_feature=6 34 3 0 69 44 19 43 4 10 30 43 1 40
split_gain=61.133 39.294 24.2214 22.4693 18.0206 14.9484 17.8123 14.7538 13.9661 15.4669 19.5793 16.2153 14.1325 13.8973
threshold=0.62500000000000011 47.841661453247077 18.804142951965336 412.08334350585943 361.50083923339849 -0.60785761475563038 0.49454252421855932 -0.81241145730018605 27.342800140380863 0.38921689987182623 0.8080357313156129 -0.52778512239456166 109.5438690185547 0.24736841768026355
decision_type=2 2 2 2 2 2 2 2 2 2 2 2 2 2
left_child=2 7 4 -4 5 13 -7 -2 9 11 -11 12 -6 -1
right_child=1 -3 3 -5 8 6 -8 -9 -10 10 -12 -13 -14 -15
leaf_value=0.00084673136744162214 0.014403887647460806 -0.013315890101482814 0.001513084991075697 0.004030388816074852 -0.012663971701536257 0.0017146831910204608 -0.0084756552984094468 -0.043210385985013616 0.036929165515418839 -0.0015963602326219428 0.025036010198410015 0.012118315806513723 0.028483430199912785 -0.016117707417531841
leaf_weight=715 76 486 324 243 192 5129 884 248 142 1822 406 801 222 1837
leaf_count=715 76 486 324 243 192 5129 884 248 142 1822 406 801 222 1837
internal_value=0.000176314 -0.00781481 0.000685303 0.00674603 0.000402469 -0.000345009 0.000471478 0.000277778 0.00218828 0.00180802 0.00032316 0.00453086 -0.000289855 -0.00226881
internal_weight=13527 810 12717 567 12150 8565 6013 324 3585 3443 2228 1215 414 2552
internal_count=13527 810 12717 567 12150 8565 6013 324 3585 3443 2228 1215 414 2552
is_linear=0
shrinkage=0.03


Tree=85
num_leaves=15
num_cat=0
split_feature=6 34 3 24 40 10 28 0 5 0 15 0 12 25
split_gain=59.8115 47.2497 20.6157 21.7047 19.819 24.7922 24.3737 44.4971 27.8237 19.1852 24.8408 23.5177 23.281 18.7964
threshold=0.75000000000000011 47.841661453247077 15.635231494903566 415.99107360839849 0.56315791606903087 1.4196060895919802 51.005376815795906 43.208332061767585 6.9362499713897714 370.50000000000006 12.962340831756594 326.37500000000006 266.75000000000006 998.11911010742199
decision_type=2 2 2 2 2 2 2 2 2 2 2 2 2 2
left_child=2 -2 4 -4 9 6 7 -6 -8 11 12 13 -11 -1
right_child=1 -3 3 -5 5 -7 8 -9 -10 10 -12 -13 -14 -15
leaf_value=0.0050600186115481718 0.007983656379600839 -0.013160956846344765 0.0025634773070848469 0.0035331024300655134 0.016906274017551393 -0.060993683703191422 -0.0030049157084675216 -0.028946975752906483 0.0053752771459738115 -0.028559755781161024 -0.0014170968971034047 0.012709761391213643 0.0033978446529917615 -0.0035494914457414005
leaf_weight=4806 324 405 729 162 108 243 2214 810 594 216 432 270 1188 1026
leaf_count=4806 324 405 729 162 108 243 2214 810 594 216 432 270 1188 1026
internal_value=0.000189621 -0.00816872 0.000665729 0.00506734 0.000336357 -0.00139456 -0.00078905 -0.00503268 0.000598291 0.00120181 -0.00148693 0.00201082 0.000448718 0.00161008
internal_weight=13527 729 12798 891 11907 3969 3726 918 2808 7938 1836 6102 1404 5832
internal_count=13527 729 12798 891 11907 3969 3726 918 2808 7938 1836 6102 1404 5832
is_linear=0
shrinkage=0.03


Tree=86
num_leaves=15
num_cat=0
split_feature=6 34 3 24 42 26 28 0 36 34 43 40 34 27
split_gain=59.7164 47.2497 19.4373 22.2973 19.5482 16.8568 26.1811 27.9063 18.6486 18.412 14.5185 14.5033 14.4061 21.5895
threshold=0.75000000000000011 47.841661453247077 15.635231494903566 415.99107360839849 -0.88144907355308522 4319.0000000000009 43.227272033691413 43.208332061767585 4.5000000000000009 53.266767501831062 -0.81241145730018605 0.16315789520740512 49.138797760009773 63.884410858154304
decision_type=2 2 2 2 2 2 2 2 2 2 2 2 2 2
left_child=2 10 4 11 5 -1 7 -7 9 -8 -2 -4 13 -6
right_child=1 -3 3 -5 12 6 8 -9 -10 -11 -12 -13 -14 -15
leaf_value=-0.037871297830406582 0.013732261326648966 -0.012766128140954422 -0.0058751299529765117 0.0034271093571635533 0.0013787397765313747 0.017923917850526893 -0.033924572462268848 -0.031563160882908559 0.0045388116994656879 0.0048507523896537388 -0.042153584096851222 0.0043146707658863722 -0.00011322715756929558 0.018499580290135872
leaf_weight=405 76 405 144 162 2970 75 420 315 900 90 248 585 5412 1320
leaf_count=405 76 405 144 162 2970 75 420 315 900 90 248 585 5412 1320
internal_value=0.000182967 -0.00816872 0.000658697 0.00493266 0.000338876 -0.00221088 -0.000966667 -0.00784615 0.00093617 -0.00364706 0.00037037 0.00269547 0.000918367 0.00221678
internal_weight=13527 729 12798 891 11907 2205 1800 390 1410 510 324 729 9702 4290
internal_count=13527 729 12798 891 11907 2205 1800 390 1410 510 324 729 9702 4290
is_linear=0
shrinkage=0.03


Tree=87
num_leaves=15
num_cat=0
split_feature=6 34 3 24 40 34 1 19 11 44 69 2 12 30
split_gain=59.1118 48.3951 19.0977 22.2973 17.2004 16.2405 21.6289 20.1896 15.8601 15.3446 24.0226 21.9195 18.1418 14.5669
threshold=0.75000000000000011 47.841661453247077 15.635231494903566 415.99107360839849 0.2578947395086289 46.552421569824226 40.334882736206062 0.49826084077358251 1.5423610806465151 -0.60785761475563038 2132.369506835938 181.00000000000003 80.552085876464858 0.85267856717109691
decision_type=2 2 2 2 2 2 2 2 2 2 2 2 2 2
left_child=2 -2 4 -4 13 7 8 -6 -7 10 -8 -11 -13 -1
right_child=1 -3 3 -5 5 6 9 -9 -10 11 -12 12 -14 -15
leaf_value=0.0038802352429286291 0.0073321788484133508 -0.01238314429672579 0.0023571328648957124 0.0033242960764486452 0.0078014233137042761 0.015768241971907678 -0.021146350531397483 -0.079098591790854225 -0.00031634771442691002 -0.020396638072492739 0.04271731214336312 -0.021827578578584535 0.00099322292210976201 -0.038635484219829569
leaf_weight=3600 324 405 729 162 1288 560 1538 56 840 448 86 392 3024 75
leaf_count=3600 324 405 729 162 1288 560 1538 56 840 448 86 392 3024 75
internal_value=0.000222888 -0.00808642 0.000696203 0.00493266 0.000379189 -0.000382653 -0.000971254 0.00263393 0.00235714 -0.00182034 -0.00426724 -0.000791925 2.63466e-05 0.00208571
internal_weight=13527 729 12798 891 11907 8232 6888 1344 1400 5488 1624 3864 3416 3675
internal_count=13527 729 12798 891 11907 8232 6888 1344 1400 5488 1624 3864 3416 3675
is_linear=0
shrinkage=0.03


Tree=88
num_leaves=15
num_cat=0
split_feature=6 34 3 24 42 69 30 29 66 24 12 43 40 34
split_gain=58.7337 48.3951 18.4462 22.747 17.1296 14.6264 21.3314 14.3171 19.6736 16.1974 15.185 14.0536 13.5019 13.2697
threshold=0.75000000000000011 47.841661453247077 15.635231494903566 415.99107360839849 -0.93540480732917775 784.43792724609386 0.8080357313156129 5750.9846191406259 1.0000000180025095e-35 226.5372009277344 164.78125000000003 -0.81241145730018605 0.11052631586790086 47.097455978393562
decision_type=2 2 2 2 2 2 2 2 2 2 2 2 2 2
left_child=2 11 4 12 7 13 -7 9 -9 -1 -11 -2 -4 -6
right_child=1 -3 3 -5 5 6 -8 8 -10 10 -12 -13 -14 -15
leaf_value=-0.034776202672410342 0.013100328121397102 -0.012011649967824016 -0.006554004072460806 0.0032245671941551813 0.0078609656272254202 0.005078014989797177 0.048437619285007304 -0.026398925771188131 0.0097910724294118217 -0.033571473182815212 0.002176133360164405 -0.04110894193939809 0.0039650798582526597 -0.00031428977243048273
leaf_weight=561 76 405 99 162 1931 1394 164 121 121 209 605 248 630 6801
leaf_count=561 76 405 99 162 1931 1394 164 121 121 209 605 248 630 6801
internal_value=0.000196274 -0.00808642 0.000668073 0.00483165 0.000356513 0.00080758 0.00348524 -0.00251391 0.00421488 -0.00369818 -0.000995086 0.000555556 0.00257202 0.000329821
internal_weight=13527 729 12798 891 11907 10290 1558 1617 242 1375 814 324 729 8732
internal_count=13527 729 12798 891 11907 10290 1558 1617 242 1375 814 324 729 8732
is_linear=0
shrinkage=0.03


Tree=89
num_leaves=15
num_cat=0
split_feature=6 34 3 24 42 21 35 13 35 26 28 36 11 33
split_gain=57.95 48.3951 17.1973 23.6598 17.0031 17.0575 19.1177 20.7872 19.8611 16.4081 14.817 25.1938 20.9407 24.3359
threshold=0.75000000000000011 47.841661453247077 15.635231494903566 415.99107360839849 -0.9103761315345763 5.6546299457550058 165.99444580078128 524.25225830078136 165.71833801269534 4319.0000000000009 43.227272033691413 1.0000000180025095e-35 3.4815278053283696 50.753660202026374
decision_type=2 2 2 2 2 2 2 2 2 2 2 2 2 2
left_child=2 -2 4 -4 5 6 7 -1 -9 -8 11 -11 13 -12
right_child=1 -3 3 -5 -6 -7 9 8 -10 10 12 -13 -14 -15
leaf_value=0.013313345880536377 0.0068780404809022852 -0.011651300468789297 0.0021674664832012614 0.0031278301783305281 0.0013670063855651194 -0.019449655375188859 -0.053035921878567656 -0.026706122763614518 0.010157649515126597 0.0088889026094271864 -0.015158504295872189 -0.037976343834939037 -0.033943280761194142 0.0070394461802976592
leaf_weight=182 324 405 729 162 9996 234 195 91 52 65 260 182 195 455
leaf_count=182 324 405 729 162 9996 234 195 91 52 65 260 182 195 455
internal_value=0.000140829 -0.00808642 0.00060947 0.00462963 0.000308642 -0.00228414 -0.0012254 0.00530769 -0.00325175 -0.00279586 -0.00143907 -0.00795547 0.00032967 0.00270629
internal_weight=13527 729 12798 891 11907 1911 1677 325 143 1352 1157 247 910 715
internal_count=13527 729 12798 891 11907 1911 1677 325 143 1352 1157 247 910 715
is_linear=0
shrinkage=0.03


Tree=90
num_leaves=15
num_cat=0
split_feature=6 34 53 28 18 36 28 29 43 69 22 29 13 30
split_gain=58.0125 48.3951 17.0536 17.5518 20.6466 16.3987 14.785 26.2062 14.0536 13.971 15.8865 14.5393 14.3409 14.5086
threshold=0.75000000000000011 47.841661453247077 1.5000000000000002 43.227272033691413 0.28125000000000006 855.00000000000011 176.5704040527344 3118.2814941406255 -0.81241145730018605 806.18585205078136 7.64542579650879 3959.455688476563 631.63128662109386 0.70238095521926891
decision_type=2 2 2 2 2 2 2 2 2 2 2 2 2 2
left_child=2 8 3 4 -1 9 -5 -8 -2 10 12 -12 13 -4
right_child=1 -3 5 6 -6 -7 7 -9 -10 -11 11 -13 -14 -15
leaf_value=-0.027789831435393628 0.01250097706332812 -0.011301761454725617 -0.010431158470846488 0.0023319273952025687 -0.0027232151732692819 0.0037262491530851527 -0.024810853122237599 0.0011964585389020366 -0.040082014895643212 0.01184736468638607 -0.00295535629703072 0.018291735728310863 0.0066621851540246448 0.0039807148564055782
leaf_weight=332 76 405 416 2354 1163 222 771 3426 248 624 1349 205 690 1246
leaf_count=332 76 405 416 2354 1163 222 771 3426 248 624 1349 205 690 1246
internal_value=0.000145265 -0.00808642 0.000614158 -0.000227442 -0.00316054 0.00203914 0.000441917 -0.000625447 0.000555556 0.00164901 0.000983103 -0.00137066 0.00253827 0.00102888
internal_weight=13527 729 12798 8046 1495 4752 6551 4197 324 4530 3906 1554 2352 1662
internal_count=13527 729 12798 8046 1495 4752 6551 4197 324 4530 3906 1554 2352 1662
is_linear=0
shrinkage=0.03


Tree=91
num_leaves=15
num_cat=0
split_feature=6 34 3 24 34 13 27 43 0 15 40 15 16 22
split_gain=58.2316 48.3951 15.8904 24.2783 15.5011 18.8661 17.8505 14.0536 13.9972 27.1064 27.2832 21.2043 21.1047 16.4144
threshold=0.75000000000000011 47.841661453247077 15.635231494903566 415.99107360839849 49.118133544921882 80.440532684326186 63.884410858154304 -0.81241145730018605 42.333332061767585 0.11082754656672479 0.23684210330247882 0.3487673699855805 6.5652353763580331 7.0565481185913095
decision_type=2 2 2 2 2 2 2 2 2 2 2 2 2 2
left_child=2 7 4 -4 6 -6 -1 -2 -7 -10 -11 -12 13 -13
right_child=1 -3 3 -5 5 8 -8 -9 9 10 11 12 -14 -15
leaf_value=0.00070328599215705888 0.012125947751428274 -0.010962708611083848 0.0020781608982334276 0.0028885465708084544 -0.094361670473980599 0.0036570553980716266 0.013792399716641719 -0.038879554448773918 -0.034562716996782733 0.0030905763940212781 0.0073468893351933979 -0.0054897458919853379 -0.0020333587247939188 -0.024066527528570466
leaf_weight=3564 76 405 729 162 81 1701 1620 248 324 1311 580 290 1856 580
leaf_count=3564 76 405 729 162 81 1701 1620 248 324 1311 580 290 1856 580
internal_value=0.00016079 -0.00808642 0.000630567 0.00449495 0.000341396 -0.000609103 0.00157407 0.000555556 -0.000433604 -0.00124165 -0.000653021 -0.00210526 -0.0032135 -0.00706897
internal_weight=13527 729 12798 891 11907 6723 5184 324 6642 4941 4617 3306 2726 870
internal_count=13527 729 12798 891 11907 6723 5184 324 6642 4941 4617 3306 2726 870
is_linear=0
shrinkage=0.03


Tree=92
num_leaves=15
num_cat=0
split_feature=6 34 65 4 28 0 26 43 40 45 34 34 13 10
split_gain=57.638 48.3951 16.079 18.0469 17.6024 16.8422 14.8435 14.0536 13.8416 12.9352 17.373 14.5455 14.8212 14.0072
threshold=0.75000000000000011 47.841661453247077 95.104999542236342 26.676914215087894 471.63014221191412 493.50000000000006 4048.5000000000005 -0.81241145730018605 0.59473684430122387 -0.56174489110708226 43.609855651855476 49.118133544921882 80.440532684326186 0.47508943080902105
decision_type=2 2 2 2 2 2 2 2 2 2 2 2 2 2
left_child=2 7 4 6 9 -5 8 -2 -4 13 -11 -12 -13 -1
right_child=1 -3 3 5 -6 -7 -8 -9 -10 10 11 12 -14 -15
leaf_value=0.0095137222367872275 0.01176216931888543 -0.010633827352751334 -0.00049035565852754807 0.010259631958277183 0.01561860373745291 0.0029334413014713155 0.002807140190209818 -0.0377131678153107 -0.044491453611384874 -0.07657919564372892 0.0015255096373895949 -0.091530820359761192 -0.0031527666572124867 -0.0027826205043769733
leaf_weight=737 76 405 561 328 694 178 4129 248 144 109 1575 81 3443 819
leaf_count=737 76 405 561 328 694 178 4129 248 144 109 1575 81 3443 819
internal_value=0.000118652 -0.00808642 0.000586029 0.0018427 -0.000313757 0.0072332 0.00127844 0.000555556 -0.00274468 -0.000780603 -0.0014977 -0.00124436 -0.00231555 0.00161954
internal_weight=13527 729 12798 5340 7458 506 4834 324 705 6764 5208 5099 3524 1556
internal_count=13527 729 12798 5340 7458 506 4834 324 705 6764 5208 5099 3524 1556
is_linear=0
shrinkage=0.03


Tree=93
num_leaves=15
num_cat=0
split_feature=6 34 3 24 42 26 28 36 6 33 69 30 43 21
split_gain=56.8927 48.3951 15.613 24.0455 15.9547 14.7269 25.0974 27.2108 16.8592 17.1188 14.2791 21.5576 14.0536 13.6049
threshold=0.75000000000000011 47.841661453247077 15.635231494903566 415.99107360839849 -0.9103761315345763 4319.0000000000009 43.227272033691413 1.0000000180025095e-35 0.37500000000000006 56.950822830200202 784.43792724609386 0.81101191043853771 -0.81241145730018605 4.889554738998414
decision_type=2 2 2 2 2 2 2 2 2 2 2 2 2 2
left_child=2 12 4 -4 5 -1 7 -7 9 13 -6 -12 -2 -8
right_child=1 -3 3 -5 10 6 8 -9 -10 -11 11 -13 -14 -15
leaf_value=-0.036867921685821488 0.01140930423931886 -0.010314812532168795 0.0019838050286080031 0.0027138869346400528 0.00039364271643297142 0.0088595157478026411 0.0018415412922966955 -0.035710339774782988 -0.030298340648957721 0.0051026185128112186 0.0047256891352255165 0.045105822715502356 -0.036581772780851382 -0.043171666116030738
leaf_weight=351 76 405 729 162 8448 91 585 247 130 403 1412 136 248 104
leaf_count=351 76 405 729 162 8448 91 585 247 130 403 1412 136 248 104
internal_value=6.54247e-05 -0.00808642 0.00052977 0.00436027 0.000243134 -0.00226845 -0.00101923 -0.00825444 0.000981997 0.0021978 0.000723289 0.00337209 0.000555556 -0.000674891
internal_weight=13527 729 12798 891 11907 1911 1560 338 1222 1092 9996 1548 324 689
internal_count=13527 729 12798 891 11907 1911 1560 338 1222 1092 9996 1548 324 689
is_linear=0
shrinkage=0.03


Tree=94
num_leaves=15
num_cat=0
split_feature=6 34 3 0 69 27 44 27 43 30 10 43 69 22
split_gain=57.4969 40.563 21.3717 24.8267 16.2565 14.0547 23.1334 15.7251 14.0536 13.4142 22.7888 15.9762 12.2698 12.9101
threshold=0.62500000000000011 47.841661453247077 18.804142951965336 412.08334350585943 370.59124755859381 65.873912811279311 -0.87837970256805409 76.855396270751967 -0.81241145730018605 0.8080357313156129 0.38921689987182623 -0.47114434838294977 806.18585205078136 7.5888965129852304
decision_type=2 2 2 2 2 2 2 2 2 2 2 2 2 2
left_child=2 8 4 -4 5 -1 -7 -8 -2 10 11 -6 13 -11
right_child=1 -3 3 -5 9 6 7 -9 -10 12 -12 -13 -14 -15
leaf_value=-0.00097759464761635315 0.011067025112139289 -0.0097608247082972936 0.00078018126655461368 0.0030469824840410275 -0.00010823529627061568 -0.038856463909891205 0.016183092368960195 0.0056856301842447676 -0.035484319597425845 0.037564565920092406 -0.0014152737236423762 0.011112350070844207 0.044621935033957082 -0.0015568397695284908
leaf_weight=7223 76 486 324 243 421 120 489 802 248 129 1806 720 164 276
leaf_count=7223 76 486 324 243 421 120 489 802 248 129 1806 720 164 276
internal_value=8.3167e-05 -0.00766667 0.000576787 0.00626984 0.000311111 -0.000389159 0.0023494 0.00352053 0.000555556 0.00203072 0.00121649 0.0045355 0.0062478 0.00344444
internal_weight=13527 810 12717 567 12150 8634 1411 1291 324 3516 2947 1141 569 405
internal_count=13527 810 12717 567 12150 8634 1411 1291 324 3516 2947 1141 569 405
is_linear=0
shrinkage=0.03


Tree=95
num_leaves=15
num_cat=0
split_feature=6 34 3 0 34 13 35 29 0 15 40 15 16 22
split_gain=56.5664 48.9729 15.044 29.5572 15.2543 18.8298 18.6648 18.0579 15.4851 25.5121 27.1156 20.0365 19.955 16.0282
threshold=0.75000000000000011 47.841661453247077 18.804142951965336 412.08334350585943 49.118133544921882 80.440532684326186 166.47208404541018 1818.159851074219 42.333332061767585 0.11082754656672479 0.23684210330247882 0.3487673699855805 6.5652353763580331 7.0565481185913095
decision_type=2 2 2 2 2 2 2 2 2 2 2 2 2 2
left_child=2 -2 4 -4 6 -6 7 -1 -7 -10 -11 -12 13 -13
right_child=1 -3 3 -5 5 8 -8 -9 9 10 11 12 -14 -15
leaf_value=-0.0022679395114845666 0.0049057365619222136 -0.0097125434149548107 4.0729074427572343e-05 0.0029555730095197938 -0.088754246818752061 0.0035498541451476394 0.0084662078496250976 0.0050726606839024144 -0.033084093603363084 0.0029255718537952811 0.0070383099458840356 -0.004835377662316993 -0.0013187641306389253 -0.023201383626400222
leaf_weight=1053 324 405 405 243 81 1782 2997 1215 324 1334 580 290 1914 580
leaf_count=1053 324 405 405 243 81 1782 2997 1215 324 1334 580 290 1914 580
internal_value=8.3167e-05 -0.00804527 0.000546179 0.005 0.000308642 -0.000620915 0.00152422 -0.000529101 -0.000449735 -0.00130227 -0.000740741 -0.00217598 -0.00323276 -0.007
internal_weight=13527 729 12798 648 12150 6885 5265 2268 6804 5022 4698 3364 2784 870
internal_count=13527 729 12798 648 12150 6885 5265 2268 6804 5022 4698 3364 2784 870
is_linear=0
shrinkage=0.03


Tree=96
num_leaves=15
num_cat=0
split_feature=6 34 53 28 18 36 9 69 43 28 29 1 15 64
split_gain=56.0736 48.9729 15.2469 15.9172 18.9244 14.5574 17.7322 14.2142 13.8239 13.6563 20.339 12.7374 15.7796 12.3941
threshold=0.75000000000000011 47.841661453247077 1.5000000000000002 43.227272033691413 0.28125000000000006 686.00000000000011 0.64222222566604625 806.18585205078136 -0.81241145730018605 176.5704040527344 3118.2814941406255 118.43119430541994 0.11082754656672479 1.0000000180025095e-35
decision_type=2 2 2 2 2 2 2 2 2 2 2 2 2 2
left_child=2 8 3 4 -1 7 -7 -4 -2 11 -11 12 -5 -12
right_child=1 -3 5 9 -6 6 -8 -9 -10 10 13 -13 -14 -15
leaf_value=-0.025726491302665123 0.01058784226191745 -0.0094211671125061652 0.00096586316820001627 0.020149136100679817 -0.0021624527655075276 0.00076796829841631721 0.0025990639053084853 0.010625185703571769 -0.034566962106360732 -0.02295145589239795 0.0074398872077535167 0.0059284494158473502 -0.0002959931600752208 -0.0036540770975541249
leaf_weight=332 76 405 3709 135 1163 227 192 624 248 771 1710 835 1384 1716
leaf_count=332 76 405 3709 135 1163 227 192 624 248 771 1710 835 1384 1716
internal_value=4.76824e-05 -0.00804527 0.000508673 -0.000287099 -0.00308027 0.00185606 0.0071957 0.00133972 0.000648148 0.000350328 -0.000675482 0.00217927 0.00054312 0.000315236
internal_weight=13527 729 12798 8046 1495 4752 419 4333 324 6551 4197 2354 1519 3426
internal_count=13527 729 12798 8046 1495 4752 419 4333 324 6551 4197 2354 1519 3426
is_linear=0
shrinkage=0.03


Tree=97
num_leaves=15
num_cat=0
split_feature=6 34 53 28 18 36 9 69 43 1 65 28 28 24
split_gain=56.2581 48.9729 14.37 15.6571 18.2093 14.3058 18.1126 14.3555 13.8239 12.8227 11.2821 13.3024 10.7854 18.708
threshold=0.75000000000000011 47.841661453247077 1.5000000000000002 43.227272033691413 0.28125000000000006 686.00000000000011 0.64222222566604625 806.18585205078136 -0.81241145730018605 2471.563598632813 52.915832519531257 37.987070083618171 176.5704040527344 334.90327453613287
decision_type=2 2 2 2 2 2 2 2 2 2 2 2 2 2
left_child=2 8 3 4 -1 7 -7 -4 -2 12 11 -6 -5 -14
right_child=1 -3 5 9 10 6 -8 -9 -10 -11 -12 -13 13 -15
leaf_value=-0.024954696563585167 0.01027020699405992 -0.0091385320991309808 0.0009368872731540189 0.0020895330241016063 -0.0030269633615963619 0.00074492924946382814 0.0025210919881492266 0.010306430132464616 -0.033529953243169916 -0.035970876708039903 0.0051266069241392206 -0.056969836535632312 0.0004807611227145614 -0.05923339954477122
leaf_weight=332 76 405 3709 2306 871 227 192 624 248 216 215 77 3810 219
leaf_count=332 76 405 3709 2306 871 227 192 624 248 216 215 77 3810 219
internal_value=6.09891e-05 -0.00804527 0.000522738 -0.000249814 -0.00302007 0.00183081 0.00712411 0.00131895 0.000648148 0.000382384 -0.00125107 -0.00265823 0.000627466 -0.00030901
internal_weight=13527 729 12798 8046 1495 4752 419 4333 324 6551 1163 948 6335 4029
internal_count=13527 729 12798 8046 1495 4752 419 4333 324 6551 1163 948 6335 4029
is_linear=0
shrinkage=0.03


Tree=98
num_leaves=15
num_cat=0
split_feature=6 34 65 28 4 0 26 43 40 69 64 28 40 45
split_gain=56.1966 48.9729 14.5502 18.4684 16.9445 15.9072 14.6478 13.8239 13.5591 12.9027 17.5405 12.7704 16.0138 12.0852
threshold=0.75000000000000011 47.841661453247077 95.104999542236342 471.63014221191412 26.676914215087894 493.50000000000006 4048.5000000000005 -0.81241145730018605 0.59473684430122387 296.21972656250006 1.0000000180025095e-35 507.26899719238287 0.55263158679008495 -0.56174489110708226
decision_type=2 2 2 2 2 2 2 2 2 2 2 2 2 2
left_child=2 7 3 13 6 9 8 -2 -4 10 -6 12 -5 -1
right_child=1 -3 4 11 5 -7 -8 -9 -10 -11 -12 -13 -14 -15
leaf_value=0.0027179950169516731 0.0099621007842381239 -0.0088643761361570511 -0.00031737555501313962 0.033825396309107858 0.013721147644187982 0.0024303401127773938 0.0025880756722147422 -0.032524054645874823 -0.04325868735878393 0.034529875396793544 -0.038515686126208717 0.0017806901419406527 -0.0071348302927092795 -0.0025514679454760937
leaf_weight=1556 76 405 561 224 50 178 4129 248 144 138 140 371 99 5208
leaf_count=1556 76 405 561 224 50 178 4129 248 144 138 140 371 99 5208
internal_value=5.65536e-05 -0.00804527 0.00051805 -0.000337892 0.00171348 0.00693676 0.00116674 0.000648148 -0.00282979 0.00301829 -0.00205263 0.00432277 0.00868421 -0.000816085
internal_weight=13527 729 12798 7458 5340 506 4834 324 705 328 190 694 323 6764
internal_count=13527 729 12798 7458 5340 506 4834 324 705 328 190 694 323 6764
is_linear=0
shrinkage=0.03


Tree=99
num_leaves=15
num_cat=0
split_feature=6 34 3 0 69 43 4 44 29 28 13 40 21 40
split_gain=56.1043 48.9729 14.3514 28.7902 16.3888 13.8239 12.8298 12.0715 14.5422 30.05 17.2776 16.8107 14.8038 13.1922
threshold=0.75000000000000011 47.841661453247077 18.804142951965336 412.08334350585943 365.53070068359381 -0.81241145730018605 27.342800140380863 -0.60785761475563038 3118.2814941406255 173.82440185546878 80.440532684326186 0.67894738912582409 4.889554738998414 0.46842105686664587
decision_type=2 2 2 2 2 2 2 2 2 2 2 2 2 2
left_child=2 5 4 -4 7 -2 -6 13 9 -9 -10 -12 -13 -1
right_child=1 -3 3 -5 6 -7 -8 8 10 -11 11 12 -14 -15
leaf_value=-0.0001392679530880958 0.0096632377607109802 -0.00859844485207234 -7.0698681618326377e-05 0.0026403909390471368 0.002971920817280811 -0.031548333006498577 0.034517254337372454 0.00030939857167656905 -0.02049115229240461 -0.02370693371605298 0.016196512801113547 0.010846792526541357 -0.017210691444202009 -0.021932189414241375
leaf_weight=1374 76 405 405 243 3416 248 136 3287 193 583 1429 386 158 1188
leaf_count=1374 76 405 405 243 3416 248 136 3287 193 583 1429 386 158 1188
internal_value=4.99002e-05 -0.00804527 0.000511017 0.00486111 0.000279012 0.000648148 0.00199324 -0.00042917 0.000303181 -0.00079845 0.00227147 0.00310948 -0.00137868 -0.00215457
internal_weight=13527 729 12798 648 12150 324 3552 8598 6036 3870 2166 1973 544 2562
internal_count=13527 729 12798 648 12150 324 3552 8598 6036 3870 2166 1973 544 2562
is_linear=0
shrinkage=0.03


Tree=100
num_leaves=15
num_cat=0
split_feature=6 34 36 9 43 69 22 4 23 1 1 40 23 21
split_gain=56.8445 48.9729 14.7548 23.2208 13.8239 13.8087 15.7978 15.5364 14.439 21.0791 23.2776 14.9689 15.208 14.1858
threshold=0.75000000000000011 47.841661453247077 686.00000000000011 0.64222222566604625 -0.81241145730018605 365.53070068359381 8.1058254241943377 22.572502136230472 22.402916908264164 167.68514251708987 329.75646972656256 0.74210524559021007 21.994444847106937 4.3867099285125741
decision_type=2 2 2 2 2 2 2 2 2 2 2 2 2 2
left_child=2 4 5 -4 -2 6 8 -7 9 11 -11 12 -1 -10
right_child=1 -3 3 -5 -6 7 -8 -9 13 10 -12 -13 -14 -15
leaf_value=0.0099557549222088152 0.0093733406278896543 -0.0083404915065101708 0.00033065911809370796 0.0023349153866549788 -0.030601883016303622 0.0026538957842102027 -0.0046454057289920178 0.032408901434730727 0.00022634564307926652 -0.050281981807202225 -0.0040657409080139392 -0.03019518709499059 -0.00096102045566063936 0.005439306417389482
leaf_weight=653 76 405 486 243 248 3381 1754 149 3359 271 495 223 428 1356
leaf_count=653 76 405 486 243 248 3381 1754 149 3359 271 495 223 428 1356
internal_value=0.000103127 -0.00804527 0.000567276 0.00471193 0.000648148 0.000316928 -0.000335519 0.00189518 0.00032056 -0.00176812 -0.00571802 0.000552147 0.00201203 0.00123754
internal_weight=13527 729 12798 729 324 12069 8539 3530 6785 2070 766 1304 1081 4715
internal_count=13527 729 12798 729 324 12069 8539 3530 6785 2070 766 1304 1081 4715
is_linear=0
shrinkage=0.03


Tree=101
num_leaves=15
num_cat=0
split_feature=6 34 36 9 28 40 36 0 43 65 1 13 30 19
split_gain=56.9683 48.9729 14.3972 22.7188 13.8409 24.5335 35.1807 20.4435 13.8239 13.5453 9.86252 10.4331 14.6542 23.9408
threshold=0.75000000000000011 47.841661453247077 686.00000000000011 0.64222222566604625 43.227272033691413 0.52105262875556957 1.5000000000000002 50.916667938232429 -0.81241145730018605 465.69445800781256 2471.563598632813 1878.9898071289065 0.71875000000000011 0.49454252421855932
decision_type=2 2 2 2 2 2 2 2 2 2 2 2 2 2
left_child=2 8 4 -4 5 9 7 -7 -2 -1 11 12 13 -6
right_child=1 -3 3 -5 10 6 -8 -9 -10 -11 -12 -13 -14 -15
leaf_value=-0.00020167820176745011 0.0090921404090529689 -0.0080902767613148657 0.00032073934455090658 0.002264867925055336 -0.0003991171905856383 0.014254293022666932 -0.028934882313272133 -0.016994048195151424 -0.029683826525814513 0.040548850152692544 -0.024557657330499676 0.022603361162275546 0.0021239503295548889 -0.06913455640384096
leaf_weight=1195 76 405 486 243 3078 124 496 186 248 105 324 162 6237 162
leaf_count=1195 76 405 486 243 3078 124 496 186 248 105 324 162 6237 162
internal_value=0.000111998 -0.00804527 0.000576653 0.00467078 0.000329356 -0.00188034 -0.00599256 0.00193548 0.000648148 0.000669231 0.000796447 0.000969499 0.000840456 -0.000796296
internal_weight=13527 729 12798 729 12069 2106 806 310 324 1300 9963 9639 9477 3240
internal_count=13527 729 12798 729 12069 2106 806 310 324 1300 9963 9639 9477 3240
is_linear=0
shrinkage=0.03


Tree=102
num_leaves=15
num_cat=0
split_feature=6 34 3 0 34 13 35 29 0 15 40 28 40 27
split_gain=57.0141 41.113 18.2955 21.1113 14.5011 18.9555 17.6145 16.6058 14.2352 20.5068 22.2552 18.4628 24.4065 18.4776
threshold=0.62500000000000011 47.841661453247077 18.804142951965336 412.08334350585943 49.118133544921882 80.440532684326186 166.47208404541018 1818.159851074219 42.333332061767585 0.11082754656672479 0.23684210330247882 46.423034667968757 0.54210525751113903 37.467983245849616
decision_type=2 2 2 2 2 2 2 2 2 2 2 2 2 2
left_child=2 -2 4 -4 6 -6 7 -1 -7 -10 -11 12 -12 -13
right_child=1 -3 3 -5 5 8 -8 -9 9 10 11 13 -14 -15
leaf_value=-0.0021731662830512554 0.0029900983999284758 -0.0076030250105689843 0.0007081128757735033 0.002423185711524418 -0.08422037022014367 0.0030653956098179867 0.0077501373616459899 0.0044921486417665068 -0.030654871285587446 0.0027710797782670802 -0.0012816907606912321 0.0059036637534975213 -0.028542265213329601 -0.0029080641847565956
leaf_weight=1053 324 486 324 243 81 1782 2997 1215 324 1334 551 870 551 1392
leaf_count=1053 324 486 324 243 81 1782 2997 1215 324 1334 551 870 551 1392
internal_value=8.76026e-05 -0.00762963 0.000579146 0.00584656 0.000333333 -0.000572985 0.00151852 -0.00047619 -0.000401235 -0.00121864 -0.000715198 -0.00201546 -0.00519964 -0.000464191
internal_weight=13527 810 12717 567 12150 6885 5265 2268 6804 5022 4698 3364 1102 2262
internal_count=13527 810 12717 567 12150 6885 5265 2268 6804 5022 4698 3364 1102 2262
is_linear=0
shrinkage=0.03


Tree=103
num_leaves=15
num_cat=0
split_feature=6 34 36 9 43 69 4 22 23 1 1 40 23 15
split_gain=55.92 48.9729 14.3789 21.7311 13.8239 13.3511 15.1849 14.8983 13.226 19.994 22.5982 14.7749 14.3512 13.5008
threshold=0.75000000000000011 47.841661453247077 686.00000000000011 0.64222222566604625 -0.81241145730018605 365.53070068359381 22.572502136230472 8.1058254241943377 22.402916908264164 167.68514251708987 329.75646972656256 0.74210524559021007 21.994444847106937 0.79353591799736034
decision_type=2 2 2 2 2 2 2 2 2 2 2 2 2 2
left_child=2 4 5 -4 -2 7 -7 8 9 11 -11 12 -1 -12
right_child=1 -3 3 -5 -6 6 -8 -9 -10 10 13 -13 -14 -15
leaf_value=0.0094919458776552001 0.0087296732447835271 -0.0076194777081583509 0.00037631215270590875 0.0021242263159579264 -0.028883014682037935 0.0025084171810855604 0.03114041176095278 -0.0043398125085119497 0.0014522335821148236 -0.047588137924062544 -0.046642921964087938 -0.028579911071006107 -0.00091496522045499519 0.0013806442755723669
leaf_weight=653 76 405 486 243 248 3381 149 1754 4715 271 76 223 428 419
leaf_count=653 76 405 486 243 248 3381 149 1754 4715 271 76 223 428 419
internal_value=3.65935e-05 -0.00804527 0.000496953 0.00458848 0.000648148 0.000249814 0.0018017 -0.000391732 0.000245394 -0.00175362 -0.00560052 0.000506135 0.00195652 -0.00178788
internal_weight=13527 729 12798 729 324 12069 3530 8539 6785 2070 766 1304 1081 495
internal_count=13527 729 12798 729 324 12069 3530 8539 6785 2070 766 1304 1081 495
is_linear=0
shrinkage=0.03


Tree=104
num_leaves=15
num_cat=0
split_feature=6 34 43 3 24 69 30 34 25 40 30 65 65 69
split_gain=55.6441 48.9729 13.8239 13.3928 18.3167 14.3128 20.7548 14.0683 22.2992 13.6885 12.015 15.0171 11.4645 10.5822
threshold=0.75000000000000011 47.841661453247077 -0.81241145730018605 15.635231494903566 415.99107360839849 784.43792724609386 0.81101191043853771 47.097455978393562 1031.3113403320315 0.17368421703577044 0.7604166865348817 786.39682006835949 682.81237792968761 541.56765747070324
decision_type=2 2 2 2 2 2 2 2 2 2 2 2 2 2
left_child=3 2 -2 5 9 7 10 8 13 -5 -7 -12 -11 -1
right_child=1 -3 -4 4 -6 6 -8 -9 -10 12 11 -13 -14 -15
leaf_value=0.0057503727356704682 0.008467783047440015 -0.0073908933769136001 -0.028016524241576798 -0.0057328416233379626 0.0018553431939208841 0.0070980701685062764 0.040694492262545748 -0.00094043577320507049 -0.052948983398748442 0.0051196526707441457 -0.027142341825746322 0.0068098820240595258 -0.00080120419031628034 0.028695735714587174
leaf_weight=2019 76 405 248 153 162 1006 139 8002 154 504 338 128 72 121
leaf_count=2019 76 405 248 153 162 1006 139 8002 154 504 338 128 72 121
internal_value=1.66334e-05 -0.00804527 0.000648148 0.000475856 0.00402357 0.00021038 0.00283985 -0.000201049 0.0018701 0.00199588 0.00179348 -0.00218884 0.00411458 0.00266355
internal_weight=13527 729 324 12798 891 11907 1611 10296 2294 729 1472 466 576 2140
internal_count=13527 729 324 12798 891 11907 1611 10296 2294 729 1472 466 576 2140
is_linear=0
shrinkage=0.03


Tree=105
num_leaves=15
num_cat=0
split_feature=6 34 43 3 36 42 21 23 2 26 3 4 1 10
split_gain=55.3689 48.9729 13.8239 12.5327 18.9419 14.2274 18.365 13.2734 23.8061 16.2143 12.1335 12.4418 14.0217 14.5616
threshold=0.75000000000000011 47.841661453247077 -0.81241145730018605 10.599641323089601 686.00000000000011 -0.93540480732917775 5.6546299457550058 22.432222366333011 5548.5000000000009 4319.0000000000009 3.0352082252502446 1.2533812522888186 39.925893783569343 0.86778613924980175
decision_type=2 2 2 2 2 2 2 2 2 2 2 2 2 2
left_child=3 2 -2 5 -5 6 7 -1 9 -9 11 12 13 -7
right_child=1 -3 -4 4 -6 10 -8 8 -10 -11 -12 -13 -14 -15
leaf_value=-0.029049821087385047 0.0082137495560168083 -0.0071691665756061923 -0.027176028514329494 0.0015612285975964467 0.0017996828981032475 0.015471849380353925 -0.019418505588761115 -0.046469647193944134 -0.039733524260737618 0.003726517872346102 -0.0010167135503599133 0.0093462049297614626 -0.00018246154044790686 -0.000212092394371024
leaf_weight=407 76 405 248 972 162 980 187 143 88 759 1400 1050 5880 770
leaf_count=407 76 405 248 972 162 980 187 143 88 759 1400 1050 5880 770
internal_value=-3.32668e-06 -0.00804527 0.000648148 0.000454759 0.00346561 0.000162037 -0.00248106 -0.00129921 0.000575758 0.00202882 0.000577381 0.000995392 0.00057405 0.00293143
internal_weight=13527 729 324 12798 1134 11664 1584 1397 990 902 10080 8680 7630 1750
internal_count=13527 729 324 12798 1134 11664 1584 1397 990 902 10080 8680 7630 1750
is_linear=0
shrinkage=0.03


Tree=106
num_leaves=15
num_cat=0
split_feature=6 34 36 9 43 69 4 22 23 1 1 35 15 44
split_gain=55.4606 48.9729 14.3368 20.5274 13.8239 12.9296 15.3783 13.795 13.3498 18.6023 21.6792 14.4549 13.5008 13.3257
threshold=0.75000000000000011 47.841661453247077 686.00000000000011 0.64222222566604625 -0.81241145730018605 365.53070068359381 22.572502136230472 8.1058254241943377 22.402916908264164 167.68514251708987 329.75646972656256 166.64597320556643 0.79353591799736034 -0.60785761475563038
decision_type=2 2 2 2 2 2 2 2 2 2 2 2 2 2
left_child=2 4 5 -4 -2 7 -7 8 9 11 -11 -1 -12 -10
right_child=1 -3 3 -5 -6 6 -8 -9 13 10 12 -13 -14 -15
leaf_value=-0.0056934604455238609 0.0079673370693363037 -0.0069540915783380059 0.00042373726783169198 0.0019508487437184384 -0.026360747658899609 0.0022315208923067952 0.03006418963256487 -0.0040161946368909946 -0.0011995578630091418 -0.04473895369784802 -0.045209947385755712 0.0064798741758854911 0.0011679244500209585 0.0034308445581448677
leaf_weight=540 76 405 486 243 248 3381 149 1754 1781 271 76 764 419 2934
leaf_count=540 76 405 486 243 248 3381 149 1754 1781 271 76 764 419 2934
internal_value=3.32668e-06 -0.00804527 0.000461791 0.00454733 0.000648148 0.000215014 0.00174221 -0.000416325 0.000196758 -0.00181159 -0.00552219 0.000368098 -0.00178788 0.00107847
internal_weight=13527 729 12798 729 324 12069 3530 8539 6785 2070 766 1304 495 4715
internal_count=13527 729 12798 729 324 12069 3530 8539 6785 2070 766 1304 495 4715
is_linear=0
shrinkage=0.03


Tree=107
num_leaves=15
num_cat=0
split_feature=6 34 36 9 43 28 40 36 0 67 30 67 1 13
split_gain=54.3926 50.1389 14.0495 20.0556 13.3703 12.1385 23.9882 36.2457 19.6134 11.5442 11.6115 11.136 9.32775 10.8414
threshold=0.75000000000000011 47.841661453247077 686.00000000000011 0.64222222566604625 -0.81241145730018605 43.227272033691413 0.52105262875556957 1.5000000000000002 50.916667938232429 69.680000305175795 0.80505952239036571 602.20251464843761 2471.563598632813 1878.9898071289065
decision_type=2 2 2 2 2 2 2 2 2 2 2 2 2 2
left_child=2 4 5 -4 -2 6 9 8 -8 10 -1 -11 13 -7
right_child=1 -3 3 -5 -6 12 7 -9 -10 11 -12 -13 -14 -15
leaf_value=-0.0069882936089128919 0.007728316957256216 -0.0067454688309878654 0.00041102514979675316 0.0018923232814068757 -0.025569925229132619 0.0010314428512625006 0.013280582764277644 -0.026820532665238452 -0.016277167002836698 0.013063788626907958 0.0055653494228261801 -0.0049450254270620242 -0.024296926129058552 0.021393276160334568
leaf_weight=411 76 405 486 243 248 9477 124 496 186 295 534 60 324 162
leaf_count=411 76 405 486 243 248 9477 124 496 186 295 534 60 324 162
internal_value=7.76225e-06 -0.00796296 0.000461791 0.00450617 0.000833333 0.000217499 -0.00185185 -0.00591811 0.00212903 0.000669231 -0.00106349 0.00528169 0.000654923 0.000823218
internal_weight=13527 729 12798 729 324 12069 2106 806 310 1300 945 355 9963 9639
internal_count=13527 729 12798 729 324 12069 2106 806 310 1300 945 355 9963 9639
is_linear=0
shrinkage=0.03


Tree=108
num_leaves=15
num_cat=0
split_feature=6 34 36 9 43 28 40 36 0 65 27 12 0 15
split_gain=54.0602 50.1389 14.2292 20.0556 13.3703 13.1759 21.8168 37.3266 18.8005 10.6795 11.68 9.25941 9.03066 17.5486
threshold=0.75000000000000011 47.841661453247077 686.00000000000011 0.64222222566604625 -0.81241145730018605 43.227272033691413 0.52105262875556957 1.5000000000000002 50.916667938232429 70.814445495605483 7.9073200225830087 130.50000000000003 483.16667175292974 0.13532697409391406
decision_type=2 2 2 2 2 2 2 2 2 2 2 2 2 2
left_child=2 4 5 -4 -2 6 9 8 -8 -1 -11 -6 -7 -14
right_child=1 -3 3 -5 11 12 7 -9 -10 10 -12 -13 13 -15
leaf_value=-0.0025093905685593309 0.0074964674485385307 -0.00654310476605823 0.00039869439530285431 0.0018355535829646728 0.017549930060536692 0.0015025122204819041 0.012882165281349313 -0.026015916685281294 -0.015788851992751603 0.017475077049219776 -0.00072072028699679438 -0.045248683088025196 -0.048769202378568931 -0.00038790406034874711
leaf_weight=853 76 405 486 243 186 8667 124 496 186 228 219 62 162 1134
leaf_count=853 76 405 486 243 186 8667 124 496 186 228 219 62 162 1134
internal_value=-1.66334e-05 -0.00796296 0.000436006 0.00450617 0.000833333 0.000190157 -0.00196581 -0.00584367 0.00232258 0.000438462 0.00419463 -0.00254032 0.00064589 -0.00168981
internal_weight=13527 729 12798 729 324 12069 2106 806 310 1300 447 248 9963 1296
internal_count=13527 729 12798 729 324 12069 2106 806 310 1300 447 248 9963 1296
is_linear=0
shrinkage=0.03


Tree=109
num_leaves=15
num_cat=0
split_feature=6 34 3 0 43 34 13 27 0 40 15 69 1 21
split_gain=54.1222 42.2241 16.3597 20.668 13.3703 13.0961 18.75 17.4376 12.5634 16.6391 22.068 17.9121 14.3118 18.4971
threshold=0.62500000000000011 47.841661453247077 18.804142951965336 412.08334350585943 -0.81241145730018605 49.118133544921882 80.440532684326186 63.884410858154304 42.333332061767585 0.23684210330247882 0.11082754656672479 2592.156616210938 58.980989456176765 2.4622424840927128
decision_type=2 2 2 2 2 2 2 2 2 2 2 2 2 2
left_child=2 4 5 -4 -2 7 -7 -1 -8 10 -10 12 -11 -14
right_child=1 -3 3 -5 -6 6 8 -9 9 11 -12 -13 13 -15
leaf_value=0.00039257495055512238 0.0072715734250823694 -0.006102268175170047 0.00050567226295841208 0.002006750799696473 -0.025329325374074743 -0.081878288988483872 0.0026625507363313258 0.011104989130084095 -0.025577157734937843 -0.019714558584393471 0.0026020683731701588 0.037443285268299834 0.0079440811501025888 -0.0039319926489306128
leaf_weight=3645 76 486 324 243 248 81 1782 1620 92 622 1334 89 446 2439
leaf_count=3645 76 486 324 243 248 81 1782 1620 92 622 1334 89 446 2439
internal_value=-3.65935e-05 -0.00755556 0.000442321 0.00542328 0.000833333 0.000209877 -0.000651416 0.00133618 -0.0004806 -0.00124851 0.00149369 -0.00233593 -0.00267322 -0.00178336
internal_weight=13527 810 12717 567 324 12150 6885 5265 6804 5022 1426 3596 3507 2885
internal_count=13527 810 12717 567 324 12150 6885 5265 6804 5022 1426 3596 3507 2885
is_linear=0
shrinkage=0.03


Tree=110
num_leaves=15
num_cat=0
split_feature=18 34 0 3 36 42 21 35 1 26 28 36 11 33
split_gain=44.0766 41.9794 14.7913 11.8723 16.8902 13.9375 20.1101 13.4035 24.2424 13.8279 14.3943 22.0522 13.0933 14.1785
threshold=0.92708334326744091 47.841661453247077 1.0000000180025095e-35 10.599641323089601 686.00000000000011 -0.93540480732917775 5.6546299457550058 165.99444580078128 174.62876892089847 4319.0000000000009 43.227272033691413 1.0000000180025095e-35 3.8251389265060429 50.753660202026374
decision_type=2 2 2 2 2 2 2 2 2 2 2 2 2 2
left_child=2 -2 -1 5 -5 6 7 8 -4 -9 11 -11 13 -12
right_child=1 -3 3 4 -6 -7 -8 9 -10 10 12 -13 -14 -15
leaf_value=2.711132829992556e-05 0.026806995554668336 -0.0096637712142692775 0.014452515977266359 0.0014505845079790312 0.0015151281189265209 0.00069626849937882702 -0.019020022391464293 -0.049127947024242204 -0.02272486268523979 0.011744501067841773 -0.025723835569637917 -0.028586366214614734 -0.032993735416045868 0.0052678616344543983
leaf_weight=162 162 324 165 972 162 10150 198 154 110 55 220 154 121 418
leaf_count=162 162 324 165 972 162 10150 198 154 110 55 220 154 121 418
internal_value=0.000105345 -0.00876543 0.000435933 0.000322618 0.00325397 3.95913e-05 -0.0025674 -0.00129921 0.00463636 -0.00275401 -0.00142562 -0.00839713 0.000494071 0.00221003
internal_weight=13527 486 13041 12879 1134 11745 1595 1397 275 1122 968 209 759 638
internal_count=13527 486 13041 12879 1134 11745 1595 1397 275 1122 968 209 759 638
is_linear=0
shrinkage=0.03


Tree=111
num_leaves=15
num_cat=0
split_feature=18 34 18 3 24 29 28 21 65 13 44 69 40 34
split_gain=44.253 41.9794 15.9969 12.4731 14.9383 11.6696 28.3209 21.6738 15.4507 14.776 17.2258 13.7349 12.2158 18.9211
threshold=0.92708334326744091 47.841661453247077 0.6979166865348817 15.635231494903566 415.99107360839849 2929.3515625000005 176.5704040527344 2.3367766141891484 80.138195037841811 80.440532684326186 -0.60785761475563038 3125.040161132813 0.35263158380985266 49.437330245971687
decision_type=2 2 2 2 2 2 2 2 2 2 2 2 2 2
left_child=2 -2 3 5 -5 6 7 -1 -9 -7 11 -11 13 -12
right_child=1 -3 -4 4 -6 9 -8 8 -10 10 12 -13 -14 -15
leaf_value=0.0094294924761019593 0.026002785688028277 -0.0093738580778411993 2.6297988450927793e-05 0.0017616711497359992 0.0014696742753587254 -0.02238004523095518 -0.02606273766068281 -0.0021982800311014248 0.0017249978975584224 -0.0033943587977152043 0.013315982237806256 0.052265291107514794 0.0022259753633566024 -0.00087325827209231647
leaf_weight=405 162 324 324 648 162 243 1134 3096 2088 1313 986 64 2068 510
leaf_count=405 162 324 324 648 162 243 1134 3096 2088 1313 986 64 2068 510
internal_value=0.000123087 -0.00876543 0.000454336 0.000286624 0.00388889 4.15722e-05 -0.000783133 9.39345e-05 -0.000428241 0.00111111 0.0014663 -0.00138344 0.00256734 0.00463235
internal_weight=13527 486 13041 12717 810 11907 6723 5589 5184 5184 4941 1377 3564 1496
internal_count=13527 486 13041 12717 810 11907 6723 5589 5184 5184 4941 1377 3564 1496
is_linear=0
shrinkage=0.03


Tree=112
num_leaves=15
num_cat=0
split_feature=18 34 18 4 5 69 29 28 21 13 44 40 0 34
split_gain=44.4963 41.9794 15.8742 11.9717 15.9572 13.696 11.9709 23.1216 19.839 14.9823 17.6357 13.9952 19.5391 21.9546
threshold=0.92708334326744091 47.841661453247077 0.6979166865348817 23.103233337402347 62.047637939453132 349.00292968750006 3118.2814941406255 176.5704040527344 2.3367766141891484 80.440532684326186 -0.60785761475563038 0.34210526943206793 1037.9166259765627 49.494798660278327
decision_type=2 2 2 2 2 2 2 2 2 2 2 2 2 2
left_child=2 -2 3 6 -5 -6 7 8 -1 -8 -11 12 13 -12
right_child=1 -3 -4 4 5 -7 9 -9 -10 10 11 -13 -14 -15
leaf_value=0.007913083459146035 0.025222702117387429 -0.0090926423355059648 2.5509048797399961e-05 0.0047882920954545761 6.9983529800694551e-05 0.030576684664566922 -0.059107545228278706 -0.017999804441802592 -0.00041266028599631351 -0.0020530732250019224 0.017075640363232083 0.0021834677180588092 -0.040636553552128724 0.00545323942836502
leaf_weight=486 162 324 324 162 743 148 162 1296 5103 1377 792 1920 99 429
leaf_count=486 162 324 324 162 743 148 162 1296 5103 1377 792 1920 99 429
internal_value=0.000147483 -0.00876543 0.000479641 0.000312574 0.00337607 0.00180135 3.60082e-05 -0.000764706 7.24638e-05 0.00118958 0.00150422 0.00271296 0.00509091 0.00613022
internal_weight=13527 486 13041 12717 1053 891 11664 6885 5589 4779 4617 3240 1320 1221
internal_count=13527 486 13041 12717 1053 891 11664 6885 5589 4779 4617 3240 1320 1221
is_linear=0
shrinkage=0.03


Tree=113
num_leaves=15
num_cat=0
split_feature=18 34 18 28 40 36 0 34 4 5 69 6 65 25
split_gain=44.8069 41.9794 15.7186 11.7744 23.9619 29.8618 16.4651 11.9862 11.6888 13.3663 11.9695 11.9273 10.8626 11.0229
threshold=0.92708334326744091 47.841661453247077 0.6979166865348817 43.227272033691413 0.52105262875556957 1.5000000000000002 50.916667938232429 49.118133544921882 23.103233337402347 62.047637939453132 349.00292968750006 0.37500000000000006 70.814445495605483 621.73907470703136
decision_type=2 2 2 2 2 2 2 2 2 2 2 2 2 2
left_child=2 -2 3 4 12 6 -6 -7 11 -10 -11 -5 -1 -14
right_child=1 -3 -4 8 5 7 -8 -9 9 10 -12 -13 13 -15
leaf_value=-0.0016156392823758114 0.024466021053865798 -0.0088198630654407854 2.4743777333477961e-05 0.0011783926105790375 0.012507313592137106 -0.017187175442514829 -0.015322353350821646 -0.02594347364396693 0.0046446433325909274 0.00018944850096403343 0.029813816965794215 -0.004450725637509363 -0.0035506039564450376 0.012719378531445233
leaf_weight=903 162 324 324 8586 124 124 186 434 162 587 142 972 131 366
leaf_count=903 162 324 324 8586 124 124 186 434 162 587 142 972 131 366
internal_value=0.000178532 -0.00876543 0.000511847 0.0003456 -0.00161376 -0.00552995 0.00193548 -0.00967742 0.000770887 0.00405724 0.0023251 0.000464532 0.000814286 0.00437626
internal_weight=13527 486 13041 12717 2268 868 310 558 10449 891 729 9558 1400 497
internal_count=13527 486 13041 12717 2268 868 310 558 10449 891 729 9558 1400 497
is_linear=0
shrinkage=0.03


Tree=114
num_leaves=15
num_cat=0
split_feature=18 34 18 3 24 42 21 13 28 36 67 9 23 69
split_gain=33.9807 34.4537 15.8408 12.2455 13.6111 12.4013 15.863 13.5958 12.3953 17.0954 15.6156 16.2022 15.7357 12.2218
threshold=0.92708334326744091 47.841661453247077 0.6979166865348817 15.635231494903566 415.99107360839849 -0.93540480732917775 6.6963484287261972 111.16003799438478 43.227272033691413 1.5000000000000002 5.6088891029357919 0.21464119851589206 22.432222366333011 784.43792724609386
decision_type=2 2 2 2 2 2 2 2 2 2 2 2 2 2
left_child=2 -2 3 5 -5 6 7 -1 9 -9 -10 12 -12 -7
right_child=1 -3 -4 4 -6 13 -8 8 10 -11 11 -13 -14 -15
leaf_value=0.0084114109936978213 0.023732040422249832 -0.0085552671734775623 2.4001464013473623e-05 0.001793654566377283 0.0012512591901072455 2.4344070945199191e-05 -0.018617056790480192 0.011915685531370193 0.0018807842328933243 -0.026116505332553549 -0.025394096582903061 -0.048231370640902008 0.0083379442235011949 0.0055515691066908074
leaf_weight=143 162 324 324 648 162 8743 110 77 494 176 109 268 240 1547
leaf_count=143 162 324 324 648 162 8743 110 77 494 176 109 268 240 1547
internal_value=0.000196274 -0.00759259 0.000486542 0.000319651 0.00388889 7.68456e-05 -0.00236549 -0.00156271 -0.00248534 -0.00847826 -0.00112061 -0.00430308 -4.29799e-05 0.000460641
internal_weight=13527 486 13041 12717 810 11907 1617 1507 1364 253 1111 617 349 10290
internal_count=13527 486 13041 12717 810 11907 1617 1507 1364 253 1111 617 349 10290
is_linear=0
shrinkage=0.03


Tree=115
num_leaves=15
num_cat=0
split_feature=18 34 18 3 24 42 21 69 30 13 24 17 33 26
split_gain=33.9421 34.4537 15.8631 11.2811 12.8444 11.7087 13.8973 11.8963 14.9898 11.7644 15.0713 13.2795 13.6411 12.7831
threshold=0.92708334326744091 47.841661453247077 0.6979166865348817 15.635231494903566 415.99107360839849 -0.93540480732917775 6.736168861389161 784.43792724609386 0.81101191043853771 111.16003799438478 226.5372009277344 128.62722015380862 58.97923660278321 7178.5000000000009
decision_type=2 2 2 2 2 2 2 2 2 2 2 2 2 2
left_child=2 -2 3 5 -5 6 9 -7 -9 -1 13 -12 -13 -11
right_child=1 -3 -4 4 -6 7 -8 8 -10 10 11 12 -14 -15
leaf_value=0.0081590686638868971 0.023020079209582343 -0.008298609158273235 2.3281420093069414e-05 0.0017398449293859653 0.0012137214144040209 2.3613748816853074e-05 -0.018058545086765788 0.0038099972122463254 0.034387040590311072 -0.021439494743250184 0.0009776873814402265 -0.039526969558725283 0.0052945974317377244 -0.037791174285518495
leaf_weight=143 162 324 324 648 162 8743 99 1422 125 330 693 143 55 154
leaf_count=143 162 324 324 648 162 8743 99 1422 125 330 693 143 55 154
internal_value=0.000191839 -0.00759259 0.000481942 0.000314933 0.00374074 8.18846e-05 -0.00229128 0.00045481 0.00287977 -0.00158103 -0.00243273 -0.000117845 -0.0069697 -0.00669421
internal_weight=13527 486 13041 12717 810 11907 1617 10290 1547 1518 1375 891 198 484
internal_count=13527 486 13041 12717 810 11907 1617 10290 1547 1518 1375 891 198 484
is_linear=0
shrinkage=0.03


Tree=116
num_leaves=15
num_cat=0
split_feature=18 34 18 43 28 40 36 34 0 24 67 30 4 40
split_gain=34.1551 34.4537 15.7408 10.816 10.6339 20.9655 26.4274 15.1685 14.1097 11.4695 11.0414 13.2278 10.4692 13.71
threshold=0.92708334326744091 47.841661453247077 0.6979166865348817 -0.52778512239456166 43.227272033691413 0.52105262875556957 1.5000000000000002 50.719388961791999 50.916667938232429 216.05208587646487 69.680000305175795 0.80505952239036571 23.103233337402347 0.14210525900125506
decision_type=2 2 2 2 2 2 2 2 2 2 2 2 2 2
left_child=2 3 4 -2 5 10 8 9 -7 -8 11 -1 -6 -14
right_child=1 -3 -4 -5 12 6 7 -9 -10 -11 -12 -13 13 -15
leaf_value=-0.0066106697336953861 0.040351576527103444 -0.0080496508835250381 2.2582977490277331e-05 -0.027474941258483224 0.00062839291669462448 0.012130655449780134 -0.024954912420802194 -0.025362340794020152 -0.014864121484889855 7.107431321744397e-05 0.0050291382177067318 0.0037107223863861402 -0.0067870240759379816 0.0028517506222361533
leaf_weight=411 62 324 324 100 9558 124 93 279 186 186 405 584 154 737
leaf_count=411 62 324 324 100 9558 124 93 279 186 186 405 584 154 737
internal_value=0.000216234 -0.00759259 0.000507246 0.0037037 0.000340882 -0.00152116 -0.00518433 -0.00908602 0.00183871 -0.00413978 0.00075 -0.000949749 0.000745047 0.00385522
internal_weight=13527 486 13041 162 12717 2268 868 558 310 279 1400 995 10449 891
internal_count=13527 486 13041 162 12717 2268 868 558 310 279 1400 995 10449 891
is_linear=0
shrinkage=0.03


Tree=117
num_leaves=15
num_cat=0
split_feature=18 34 18 43 28 40 36 34 0 24 65 17 4 5
split_gain=34.0776 34.4537 15.7852 10.816 10.0803 17.6296 23.6254 14.394 14.0281 13.6657 10.0276 10.0267 9.93152 13.1364
threshold=0.92708334326744091 47.841661453247077 0.6979166865348817 -0.52778512239456166 43.227272033691413 0.51052629947662365 1.5000000000000002 51.516395568847663 66.625000000000014 216.05208587646487 465.69445800781256 14.909444808959963 23.103233337402347 62.047637939453132
decision_type=2 2 2 2 2 2 2 2 2 2 2 2 2 2
left_child=2 3 4 -2 5 10 8 9 -7 -8 11 -1 -6 -14
right_child=1 -3 -4 -5 12 6 7 -9 -10 -11 -12 -13 13 -15
leaf_value=-0.0092114064784680882 0.039141029231290335 -0.0078081613570192866 2.1905488165569011e-05 -0.026650693020728724 0.00060954112919378686 0.011766735786286734 -0.031176662797624734 -0.024601470570199548 -0.018266454539203732 -0.0013283901220446758 0.038882441008480977 0.0012646344242194295 0.0043221130743479686 0.0013543315439613222
leaf_weight=230 62 324 324 100 9558 160 128 224 160 224 102 1040 162 729
leaf_count=230 62 324 324 100 9558 160 128 224 160 224 102 1040 162 729
internal_value=0.000207363 -0.00759259 0.000498045 0.0037037 0.000331446 -0.00148148 -0.00475446 -0.00838542 0.00178125 -0.00460227 0.000655977 -7.08661e-05 0.00072495 0.00375421
internal_weight=13527 486 13041 162 12717 2268 896 576 320 352 1372 1270 10449 891
internal_count=13527 486 13041 162 12717 2268 896 576 320 352 1372 1270 10449 891
is_linear=0
shrinkage=0.03


Tree=118
num_leaves=15
num_cat=0
split_feature=18 34 18 21 43 42 34 13 21 21 40 69 40 24
split_gain=33.8068 34.4537 15.9411 11.0529 10.816 10.0741 9.56877 19.8926 16.4218 11.477 12.5116 10.2439 16.2777 20.6455
threshold=0.92708334326744091 47.841661453247077 0.6979166865348817 6.8417968750000009 -0.52778512239456166 -0.93540480732917775 49.138797760009773 80.440532684326186 5.5375635623931894 6.0823380947113046 0.53157895803451549 478.97166442871099 0.35263158380985266 280.17114257812506
decision_type=2 2 2 2 2 2 2 2 2 2 2 2 2 2
left_child=2 4 3 6 -2 -5 11 -8 -9 -10 -11 -1 -13 -14
right_child=1 -3 -4 5 -6 -7 7 8 9 10 -12 12 13 -15
leaf_value=0.00091556611661856911 0.037966798354351627 -0.0075739165163087084 2.1248323520601941e-05 -0.017553926755539462 -0.025851172230106863 -0.009941566799462901 -0.077072129194320591 -0.00039356395815850928 0.0041243240015644035 -0.002448252603669938 0.018266140524480719 0.0095130365731963089 0.011622294806269409 -0.015148110083925291
leaf_weight=3819 62 324 324 88 100 560 81 6480 243 102 60 676 481 127
leaf_count=3819 62 324 324 88 100 560 81 6480 243 102 60 676 481 127
internal_value=0.000176314 -0.00759259 0.000465839 0.000298419 0.0037037 -0.00351852 0.000503356 -0.000219638 -4.57516e-05 0.00581481 -0.00037037 0.0014903 0.00380841 0.000246711
internal_weight=13527 486 13041 12717 162 648 12069 6966 6885 405 162 5103 1284 608
internal_count=13527 486 13041 12717 162 648 12069 6966 6885 405 162 5103 1284 608
is_linear=0
shrinkage=0.03


Tree=119
num_leaves=15
num_cat=0
split_feature=12 30 0 28 40 36 34 0 24 17 29 12 0 42
split_gain=31.6087 33.4259 31.7899 11.2478 16.6518 23.8903 15.0448 14.1097 13.7248 12.0525 11.0937 9.87408 15.8227 15.6056
threshold=1.0000000180025095e-35 0.84523808956146251 1.0000000180025095e-35 43.227272033691413 0.52105262875556957 1.5000000000000002 51.516395568847663 50.916667938232429 216.05208587646487 14.909444808959963 487.13194274902349 229.91666412353518 726.00000000000011 0.09796465560793878
decision_type=2 2 2 2 2 2 2 2 2 2 2 2 2 2
left_child=1 -1 -2 4 9 7 8 -6 -7 -4 -11 -5 -13 -14
right_child=2 -3 3 11 5 6 -8 -9 -10 10 -12 12 13 -15
leaf_value=-0.010089889087660493 0.00012028260094611013 0.019223910937730748 -0.0084621669676344519 -0.00022677597614812581 0.01140590368032123 -0.029583923286036231 -0.023851619534348806 -0.013732840038679124 -0.00063084494529450075 0.0036130633140234523 -0.069333988044614311 0.0021631315681414965 0.0021545311911884114 -0.0080429939203711855
leaf_weight=243 243 162 250 5427 124 124 217 186 217 1050 100 4455 324 405
leaf_count=243 243 162 250 5427 124 124 217 186 217 1050 100 4455 324 405
internal_value=0.000291639 -0.00796296 0.000546411 0.000343583 -0.00157407 -0.00483871 -0.00854839 0.00183871 -0.00461877 0.00045 0.00174783 0.000753463 0.00168981 -0.00240741
internal_weight=13527 405 13122 12879 2268 868 558 310 341 1400 1150 10611 5184 729
internal_count=13527 405 13122 12879 2268 868 558 310 341 1400 1150 10611 5184 729
is_linear=0
shrinkage=0.03


Tree=120
num_leaves=15
num_cat=0
split_feature=12 30 0 28 29 42 17 36 28 69 0 12 0 42
split_gain=31.9151 33.4259 31.547 9.20416 16.4298 10.3855 15.518 13.8322 13.0556 12.2929 10.8756 9.9366 14.3159 14.3734
threshold=1.0000000180025095e-35 0.84523808956146251 1.0000000180025095e-35 43.227272033691413 487.13194274902349 1.0000000180025095e-35 14.909444808959963 1.5000000000000002 17.172314643859867 0.081944443285465254 66.625000000000014 229.91666412353518 726.00000000000011 1.0000000180025095e-35
decision_type=2 2 2 2 2 2 2 2 2 2 2 2 2 2
left_child=1 -1 -2 4 5 7 -7 9 -9 10 -4 -5 -13 -14
right_child=2 -3 3 11 -6 6 -8 8 -10 -11 -12 12 13 -15
leaf_value=-0.0097871924150306783 0.00011667412291772683 0.018647193609598822 0.013635500636718478 -0.00021997269686369059 -0.047388320467728416 -0.0084143018884128198 0.0036938364782404731 -0.0035302328787678227 -0.029551692587715332 -0.027077667318086682 -0.00016735447914616728 0.0020982376210972476 0.0025142299763967822 -0.0077024331040198256
leaf_weight=243 243 162 121 5427 162 240 1008 231 297 91 118 4455 297 432
leaf_count=243 243 162 121 5427 162 240 1008 231 297 91 118 4455 297 432
internal_value=0.000331559 -0.00796296 0.000587563 0.000385511 -0.00134921 -0.000641026 0.00110577 -0.00318182 -0.00619318 0.00163636 0.00520921 0.000756291 0.0016956 -0.00220165
internal_weight=13527 405 13122 12879 2268 2106 1248 858 528 330 239 10611 5184 729
internal_count=13527 405 13122 12879 2268 2106 1248 858 528 330 239 10611 5184 729
is_linear=0
shrinkage=0.03


Tree=121
num_leaves=15
num_cat=0
split_feature=12 30 0 36 28 28 40 64 21 40 15 25 13 34
split_gain=32.1545 33.4259 31.3587 8.83066 9.4208 13.0228 11.9894 15.1408 10.7679 19.6118 16.2959 14.7883 16.7975 17.5278
threshold=1.0000000180025095e-35 0.84523808956146251 1.0000000180025095e-35 855.00000000000011 484.33657836914068 507.26899719238287 0.54210525751113903 1.0000000180025095e-35 2.3367766141891484 0.69999998807907116 0.029788772575557235 836.18936157226574 81.690883636474624 46.699743270874031
decision_type=2 2 2 2 2 2 2 2 2 2 2 2 2 2
left_child=1 -1 -2 4 8 6 -6 -8 9 -4 -10 -12 -13 -14
right_child=2 -3 3 -5 5 -7 7 -9 10 -11 11 12 13 -15
leaf_value=-0.0094935766425797569 0.00011317389923019502 0.018087777801310857 0.0087009274809089279 0.0014346988499158719 0.030028302566832889 -0.00015644934798032749 -0.025314190351096708 0.020518522297858006 -0.027683038553706074 -0.02551018467019792 0.00094108773411640803 -0.074746562858300614 -0.06434238794607379 -0.00078953113703104981
leaf_weight=243 243 162 1139 405 260 486 61 84 405 238 5913 81 81 3726
leaf_count=243 243 162 1139 405 260 486 61 84 405 238 5913 81 81 3726
internal_value=0.000362608 -0.00796296 0.00061957 0.000418123 0.000276575 0.00324916 0.00722222 0.000310345 4.7915e-05 0.00253813 -0.000288066 -4.43832e-05 -0.00148148 -0.00119385
internal_weight=13527 405 13122 12879 12474 891 405 145 11583 1377 10206 9801 3888 3807
internal_count=13527 405 13122 12879 12474 891 405 145 11583 1377 10206 9801 3888 3807
is_linear=0
shrinkage=0.03


Tree=122
num_leaves=15
num_cat=0
split_feature=12 30 0 36 69 30 30 65 35 40 6 9 27 24
split_gain=31.8299 33.4259 31.6144 9.01086 8.04093 13.2702 10.9463 14.7592 10.3222 10.4567 14.5649 12.1403 9.18451 22.1304
threshold=1.0000000180025095e-35 0.84523808956146251 1.0000000180025095e-35 855.00000000000011 784.43792724609386 0.81101191043853771 0.7604166865348817 786.39682006835949 167.05430603027347 0.36315789818763738 0.12500000372529033 0.35385417938232427 69.286941528320327 230.632438659668
decision_type=2 2 2 2 2 2 2 2 2 2 2 2 2 2
left_child=1 -1 -2 4 12 6 8 -8 9 11 -11 -6 -4 -14
right_child=2 -3 3 -5 5 -7 7 -9 -10 10 -12 -13 13 -15
leaf_value=-0.0092087693433023643 0.00010977868225328917 0.017545144467271533 -0.00052557163124636655 0.0013916578844183824 0.013575234141662595 0.032602140523305144 -0.02476204849149714 0.0071817809430122191 -0.0038277546490878842 -0.006792219935924923 0.036842678389036869 -0.001775212372619661 -0.00024011013302134286 0.017013836709009862
leaf_weight=243 243 162 8921 405 318 128 342 128 247 159 181 91 1405 554
leaf_count=243 243 162 8921 405 318 128 342 128 247 159 181 91 1405 554
internal_value=0.00032047 -0.00796296 0.000576132 0.000373864 0.00023088 0.00222083 0.00141201 -0.0023617 0.00319277 0.0049466 0.00105882 0.00817848 -6.06618e-05 0.00179939
internal_weight=13527 405 13122 12879 12474 1594 1466 470 996 749 340 409 10880 1959
internal_count=13527 405 13122 12879 12474 1594 1466 470 996 749 340 409 10880 1959
is_linear=0
shrinkage=0.03


Tree=123
num_leaves=15
num_cat=0
split_feature=12 30 0 36 9 36 63 14 15 56 1 10 31 22
split_gain=31.7107 33.4259 31.7088 8.80367 12.3155 10.0166 18.6024 10.1538 15.4526 9.85057 9.23318 12.7285 11.7601 13.9884
threshold=1.0000000180025095e-35 0.84523808956146251 1.0000000180025095e-35 686.00000000000011 0.64222222566604625 561.50000000000011 344.41917419433599 9997.5000000000018 3.2178443670272832 201.50000000000003 39.925893783569343 0.51316088438034069 0.39729635417461401 7.6572375297546396
decision_type=2 2 2 2 2 2 2 2 2 2 2 2 2 2
left_child=1 -1 -2 5 -5 7 -7 9 -9 10 11 -4 13 -12
right_child=2 -3 3 4 -6 6 -8 8 -10 -11 12 -13 -14 -15
leaf_value=-0.0089325062630032943 0.00010648532178569051 0.01701879013325339 0.012426341154122954 0.00041878334316985732 0.0010366030564447203 -0.0023423850242689425 0.0035594339134572459 0.038559880770051513 0.0040949242840788887 -0.040577501843190408 0.0068323046030563913 0.00032745292656682245 -0.0015237095717710858 -0.00031965116159977214
leaf_weight=243 243 162 807 486 243 150 93 162 405 206 1134 1635 6047 1511
leaf_count=243 243 162 807 486 243 150 93 162 405 206 1134 1635 6047 1511
internal_value=0.000304946 -0.00796296 0.000560128 0.000357559 0.00355967 0.000165432 -0.0058642 0.000288486 0.00420635 9.25926e-05 0.000212862 0.00184275 -0.000245053 0.00142344
internal_weight=13527 405 13122 12879 729 12150 243 11907 567 11340 11134 2442 8692 2645
internal_count=13527 405 13122 12879 729 12150 243 11907 567 11340 11134 2442 8692 2645
is_linear=0
shrinkage=0.03


Tree=124
num_leaves=15
num_cat=0
split_feature=12 30 0 36 66 65 27 24 21 15 25 25 13 34
split_gain=31.6766 33.4259 31.7358 8.79484 7.91773 7.90123 7.58918 17.3787 12.3391 14.3837 11.4975 18.2158 16.8551 17.5879
threshold=1.0000000180025095e-35 0.84523808956146251 1.0000000180025095e-35 855.00000000000011 1.0000000180025095e-35 77.359165191650405 69.286941528320327 243.51785278320315 2.3367766141891484 0.029788772575557235 836.18936157226574 621.73907470703136 81.690883636474624 46.699743270874031
decision_type=2 2 2 2 2 2 2 2 2 2 2 2 2 2
left_child=1 -1 4 6 -2 -3 8 -8 -4 -10 11 -11 -12 -14
right_child=2 5 3 -5 -6 -7 7 -9 9 10 12 -13 13 -15
leaf_value=-0.0086645310751131948 3.6190350009935331e-06 0.043690914888943735 0.0063440516703091986 0.0013188100561924987 0.00010329076213211979 -0.029363344647421359 0.0011650068687259728 0.023826779862217602 -0.026791068961004399 -0.0011435331220895151 -0.072442687536461076 0.0031586011578161786 -0.062350637871601035 -0.0007297501518480254
leaf_weight=243 63 72 1053 405 180 90 1944 486 405 2835 81 1863 81 3726
leaf_count=243 63 72 1053 405 180 90 1944 486 405 2835 81 1863 81 3726
internal_value=0.00030051 -0.00796296 0.000555556 0.0003529 0.0112963 0.00259259 0.00021164 0.00171605 -0.00015233 -0.000512179 -0.000251572 0.000747126 -0.00145833 -0.00117021
internal_weight=13527 405 13122 12879 243 162 12474 2430 10044 8991 8586 4698 3888 3807
internal_count=13527 405 13122 12879 243 162 12474 2430 10044 8991 8586 4698 3888 3807
is_linear=0
shrinkage=0.03


Tree=125
num_leaves=15
num_cat=0
split_feature=12 30 0 36 66 65 27 24 21 15 40 25 13 25
split_gain=31.6596 33.4259 31.7494 7.92831 7.91773 7.90123 7.54073 17.3787 11.8387 12.9482 10.8438 10.7741 16.9512 16.7161
threshold=1.0000000180025095e-35 0.84523808956146251 1.0000000180025095e-35 855.00000000000011 1.0000000180025095e-35 77.359165191650405 69.286941528320327 243.51785278320315 2.3367766141891484 0.029788772575557235 0.35263158380985266 836.18936157226574 81.690883636474624 621.73907470703136
decision_type=2 2 2 2 2 2 2 2 2 2 2 2 2 2
left_child=1 -1 4 6 -2 -3 8 -8 -4 -10 -9 13 -13 -11
right_child=2 5 3 -5 -6 -7 7 10 9 11 -12 12 -14 -15
leaf_value=-0.0084045951428598012 3.510463950963727e-06 0.042380187442275417 0.0061537301201999199 0.0012792457545067303 0.0001001920392681562 -0.028482444307998716 0.0011300566626641828 0.025448171986543946 -0.025987336892174272 -0.0011092271284268305 0.022874709903334435 -0.070269406910367233 -0.0010029975860184148 0.0030638431230816999
leaf_weight=243 63 72 1053 405 180 90 1944 204 405 2835 282 81 3807 1863
leaf_count=243 63 72 1053 405 180 90 1944 204 405 2835 282 81 3807 1863
internal_value=0.000298292 -0.00796296 0.000553269 0.000350571 0.0112963 0.00259259 0.00021645 0.00171605 -0.000146356 -0.000498832 0.00679012 -0.000251572 -0.00141975 0.000715198
internal_weight=13527 405 13122 12879 243 162 12474 2430 10044 8991 486 8586 3888 4698
internal_count=13527 405 13122 12879 243 162 12474 2430 10044 8991 486 8586 3888 4698
is_linear=0
shrinkage=0.03


Tree=126
num_leaves=15
num_cat=0
split_feature=12 30 18 23 21 0 0 40 40 67 0 35 19 13
split_gain=30.5644 33.4259 19.2912 9.26197 22.72 20.6762 13.6207 15.0671 12.8231 15.8609 12 11.4036 10.9394 16.9245
threshold=1.0000000180025095e-35 0.84523808956146251 0.92708334326744091 22.402916908264164 4.4067883491516122 36.791667938232429 426.45834350585943 0.73157894611358654 0.52105262875556957 123.24208450317384 650.79165649414074 166.13889312744143 0.43870143592357641 353.17984008789068
decision_type=2 2 2 2 2 2 2 2 2 2 2 2 2 2
left_child=1 -1 3 4 5 -2 7 -7 9 -6 -8 -9 13 -5
right_child=2 -3 -4 12 8 6 10 11 -10 -11 -12 -13 -14 -15
leaf_value=-0.0081524572885740068 0.014596439961943215 0.014446273871204071 9.7186278090111513e-05 -0.0010557577975626974 -0.017113305900222652 0.0021196522224854728 -0.041587576635784052 0.0043032273240986773 -0.040897652608596465 0.007356079902936909 -0.00095122486465022856 -0.024674747260831287 6.4147929334295033e-05 0.0078949248053183478
leaf_weight=243 405 162 81 1053 166 1750 162 55 186 134 324 220 6480 2106
leaf_count=243 405 162 81 1053 166 1750 162 55 186 134 324 220 6480 2106
internal_value=0.000154136 -0.00796296 0.000404664 0.00031401 -0.00103175 -3.08642e-05 -0.0010454 3.7037e-05 -0.00703704 -0.0032 -0.00555556 -0.00649091 0.000788982 0.00223647
internal_weight=13527 405 13122 13041 3402 2916 2511 2025 486 300 486 275 9639 3159
internal_count=13527 405 13122 13041 3402 2916 2511 2025 486 300 486 275 9639 3159
is_linear=0
shrinkage=0.03


Tree=127
num_leaves=15
num_cat=0
split_feature=12 30 0 66 65 34 13 27 34 24 40 0 40 34
split_gain=31.3544 33.4259 31.9931 7.91773 7.90123 6.88595 19.6883 10.6339 16.876 12.6428 17.7237 10.0689 22.3412 15.2905
threshold=1.0000000180025095e-35 0.84523808956146251 1.0000000180025095e-35 1.0000000180025095e-35 77.359165191650405 49.138797760009773 80.440532684326186 61.981239318847663 43.609855651855476 182.569938659668 0.10000000149011613 741.41665649414074 0.62631577253341686 46.235261917114265
decision_type=2 2 2 2 2 2 2 2 2 2 2 2 2 2
left_child=1 -1 3 -2 -3 7 -7 8 -4 10 -10 12 -9 -14
right_child=2 4 5 -5 -6 6 -8 11 9 -11 -12 -13 13 -15
leaf_value=-0.0079078835699167866 0.00051680432703911437 0.040675393602871021 -0.039219206392266365 0.00051091372796566485 -0.028061359194894876 -0.068163249140936244 -8.8559164416146527e-05 0.013980745518512982 0.040016435109543287 0.0017692458992950976 -0.020580502110964259 -0.0010926655470310197 0.015989639928996265 -0.023832438211967979
leaf_weight=243 63 72 243 180 90 81 7290 1140 60 2916 426 324 210 189
leaf_count=243 63 72 243 180 90 81 7290 1140 60 2916 426 324 210 189
internal_value=0.000258372 -0.00796296 0.000512117 0.0112963 0.00259259 0.000308642 -0.000291005 0.00111111 0.000168724 0.000714286 -0.00376543 0.00295491 0.00396686 -0.00214286
internal_weight=13527 405 13122 243 162 12879 7371 5508 3645 3402 486 1863 1539 399
internal_count=13527 405 13122 243 162 12879 7371 5508 3645 3402 486 1863 1539 399
is_linear=0
shrinkage=0.03


Tree=128
num_leaves=15
num_cat=0
split_feature=12 30 0 66 65 28 28 40 64 65 25 12 25 34
split_gain=31.3544 33.4259 31.9931 7.91773 7.90123 7.39862 10.7481 11.8305 13.5337 9.66119 8.76774 17.0409 16.5711 15.4371
threshold=1.0000000180025095e-35 0.84523808956146251 1.0000000180025095e-35 1.0000000180025095e-35 77.359165191650405 484.33657836914068 507.26899719238287 0.54210525751113903 1.0000000180025095e-35 451.08958435058599 998.11911010742199 41.822916030883796 958.22286987304699 46.699743270874031
decision_type=2 2 2 2 2 2 2 2 2 2 2 2 2 2
left_child=1 -1 3 -2 -3 10 7 9 -9 -7 12 -12 -4 -13
right_child=2 4 5 -5 -6 6 -8 8 -10 -11 11 13 -14 -15
leaf_value=-0.0076706470628192837 0.00050130019722794089 0.039455131794784874 0.00023852723303444457 0.00049558631612669493 -0.027219518419048034 0.026969427035764316 -0.00025792558304461367 -0.026110946761123553 0.017973876281236596 0.014281643372572875 -0.066118351666708153 -0.058046523037846569 0.0086544397185843759 -0.00043244073052973065
leaf_weight=243 63 72 8991 180 90 190 486 61 84 70 81 81 486 2349
leaf_count=243 63 72 8991 180 90 190 486 61 84 70 81 81 486 2349
internal_value=0.000258372 -0.00796296 0.000512117 0.0112963 0.00259259 0.000308642 0.00294613 0.00655556 -0.000310345 0.0103846 0.000112613 -0.00146356 0.000530231 -0.00101235
internal_weight=13527 405 13122 243 162 12879 891 405 145 260 11988 2511 9477 2430
internal_count=13527 405 13122 243 162 12879 891 405 145 260 11988 2511 9477 2430
is_linear=0
shrinkage=0.03


Tree=129
num_leaves=15
num_cat=0
split_feature=12 30 0 66 65 33 67 33 64 18 36 40 28 28
split_gain=31.0843 33.4259 32.2105 7.91773 7.90123 6.71957 14.3657 14.3098 8.50723 13.8815 10.0966 10.8352 18.7999 12.0413
threshold=1.0000000180025095e-35 0.84523808956146251 1.0000000180025095e-35 1.0000000180025095e-35 77.359165191650405 69.806602478027358 1.0419444441795351 68.641983032226577 1.0000000180025095e-35 0.57291665673255932 174.50000000000003 0.56315791606903087 81.202278137207045 81.202278137207045
decision_type=2 2 2 2 2 2 2 2 2 2 2 2 2 2
left_child=1 -1 3 -2 -3 7 -7 8 -4 10 -10 12 -12 -13
right_child=2 4 5 -5 -6 6 -8 -9 9 -11 11 13 -14 -15
leaf_value=-0.0074405276509347052 0.00048626119131110263 0.038271477840941322 0.0019259290702955578 0.00048071872664289406 -0.026402932866476592 -0.0035731735830260955 0.018540187533133936 -0.060272472698046808 -0.0011986028160808804 -0.013367753676641749 0.006008320546737984 -0.0073147912933174642 -0.0006425760698563199 0.0052377798292324185
leaf_weight=243 63 72 4706 180 90 141 183 81 5686 351 277 151 759 544
leaf_count=243 63 72 4706 180 90 141 183 81 5686 351 277 151 759 544
internal_value=0.000222888 -0.00796296 0.000475537 0.0112963 0.00259259 0.000271372 0.00453704 0.00016129 0.000242905 -0.00036689 -9.10071e-05 0.00191508 -2.89575e-05 0.00481295
internal_weight=13527 405 13122 243 162 12879 324 12555 12474 7768 7417 1731 1036 695
internal_count=13527 405 13122 243 162 12879 324 12555 12474 7768 7417 1731 1036 695
is_linear=0
shrinkage=0.03


Tree=130
num_leaves=15
num_cat=0
split_feature=12 30 0 43 66 27 24 40 21 15 36 40 15 11
split_gain=28.2163 37.7815 31.9388 10.816 7.91773 6.64367 16.5009 10.7469 9.36159 12.7116 11.0752 10.1009 9.78696 10.487
threshold=1.0000000180025095e-35 0.84523808956146251 1.0000000180025095e-35 -0.52778512239456166 1.0000000180025095e-35 69.286941528320327 243.51785278320315 0.35263158380985266 2.3367766141891484 0.029788772575557235 11.500000000000002 0.721052646636963 0.083504058420658125 1.4404166936874392
decision_type=2 2 2 2 2 2 2 2 2 2 2 2 2 2
left_child=1 -1 4 -3 -2 8 -7 -8 10 -10 -4 -12 -11 -14
right_child=2 3 5 -5 -6 6 7 -9 9 12 11 -13 13 -15
leaf_value=-0.0072173118214066637 0.00047167335557176955 0.027544528512015488 0.011044304099659357 -0.025610844880482295 0.00046629716484360731 0.00090394082825863366 0.024135299451809387 0.020759073769928992 -0.024954198901183691 0.02347926349514488 0.0029016400292405996 -0.030845037576494976 -0.0013947247503814353 0.00034182054462954524
leaf_weight=243 63 62 405 100 180 2025 204 282 405 162 552 96 2835 5913
leaf_count=243 63 62 405 100 180 2025 204 282 405 162 552 96 2835 5913
internal_value=0.00028055 -0.00751852 0.000521262 0.0037037 0.0112963 0.000317959 0.00170251 0.00666667 -1.73611e-05 -0.000320451 0.00266382 0.000231481 -8.41751e-05 -0.000219479
internal_weight=13527 405 13122 162 243 12879 2511 486 10368 9315 1053 648 8910 8748
internal_count=13527 405 13122 162 243 12879 2511 486 10368 9315 1053 648 8910 8748
is_linear=0
shrinkage=0.03


Tree=131
num_leaves=15
num_cat=0
split_feature=12 30 0 66 65 34 25 33 64 63 3 58 40 9
split_gain=29.8306 32.0333 31.9117 7.91773 7.90123 7.45062 21.1939 9.94192 15.458 12.7238 8.99827 9.89638 10.1414 20.5279
threshold=1.0000000180025095e-35 0.84523808956146251 1.0000000180025095e-35 1.0000000180025095e-35 77.359165191650405 47.097455978393562 1031.3113403320315 48.697675704956062 1.0000000180025095e-35 48.55444526672364 15.635231494903566 40.704999923706062 0.60526317358016979 0.54004630446434032
decision_type=2 2 2 2 2 2 2 2 2 2 2 2 2 2
left_child=1 -1 3 -2 -3 6 7 8 -4 -9 -7 12 13 -12
right_child=2 4 5 -5 -6 10 -8 9 -10 -11 11 -13 -14 -15
leaf_value=-0.0070007924667644635 0.00045752315490461647 0.036296997650352637 0.0028454670978782823 0.00045230824989829911 -0.024842519534067829 -0.00039758121440725881 -0.05074741642551258 0.011171994096085918 -0.03545967009806765 0.0018051075382643678 -0.001698256608297477 -0.0041175905734563839 0.0043978172541164623 0.0010392191393450289
leaf_weight=243 63 72 937 180 90 9153 162 848 116 853 111 54 220 425
leaf_count=243 63 72 937 180 90 9153 162 848 116 853 111 54 220 425
internal_value=0.000278332 -0.00774074 0.000525834 0.0112963 0.00259259 0.000322618 0.00165638 0.00227669 -1.4245e-05 0.00369489 -6.77507e-05 0.00296296 0.00384921 0.00162313
internal_weight=13527 405 13122 243 162 12879 2916 2754 1053 1701 9963 810 756 536
internal_count=13527 405 13122 243 162 12879 2916 2754 1053 1701 9963 810 756 536
is_linear=0
shrinkage=0.03


Tree=132
num_leaves=15
num_cat=0
split_feature=12 0 30 66 34 25 33 64 63 42 69 34 45 36
split_gain=28.088 32.0473 30.6704 7.91773 7.25244 19.572 10.1172 15.2033 12.8959 8.64245 11.528 12.4289 8.91683 8.51
threshold=1.0000000180025095e-35 1.0000000180025095e-35 0.84523808956146251 1.0000000180025095e-35 47.097455978393562 1031.3113403320315 48.697675704956062 1.0000000180025095e-35 48.55444526672364 0.09796465560793878 1116.6660766601565 45.416835784912116 -0.56174489110708226 190.00000000000003
decision_type=2 2 2 2 2 2 2 2 2 2 2 2 2 2
left_child=2 3 -1 -2 5 6 7 -3 13 12 11 -11 -10 -8
right_child=1 4 -4 -5 -6 -7 8 -9 9 10 -12 -13 -14 -15
leaf_value=-0.0067907686927615295 0.00044379746025747797 0.0027601030849419314 0.010265029119797641 0.00043873900240135012 -6.8199110450892778e-05 -0.049224993932747207 0.015232782979021892 -0.034395879995125625 0.0067488827459915336 -0.0011731965595165939 -0.025116500165294851 0.015698504919746708 -0.012947258131105803 0.0019749499768291034
leaf_weight=243 63 937 162 180 9963 162 548 116 117 118 64 226 328 300
leaf_count=243 63 937 162 180 9963 162 548 116 117 118 64 226 328 300
internal_value=0.000262808 0.000502972 -0.00751852 0.0112963 0.000299324 0.00161523 0.00221133 -9.97151e-05 0.00364198 0.00103751 0.00419118 0.00636628 -0.00185393 0.00626179
internal_weight=13527 13122 405 243 12879 2916 2754 1053 1701 853 408 344 445 848
internal_count=13527 13122 405 243 12879 2916 2754 1053 1701 853 408 344 445 848
is_linear=0
shrinkage=0.03


Tree=133
num_leaves=15
num_cat=0
split_feature=12 0 30 66 27 24 40 28 33 67 33 6 12 0
split_gain=30.9665 32.3058 26.7593 7.91773 6.78941 16.8201 10.7469 9.18156 7.6203 13.9984 13.4546 8.11021 17.2098 12.6771
threshold=1.0000000180025095e-35 1.0000000180025095e-35 0.84523808956146251 1.0000000180025095e-35 69.286941528320327 243.51785278320315 0.35263158380985266 297.87126159667974 69.806602478027358 1.0419444441795351 68.641983032226577 0.12500000372529033 41.822916030883796 36.791667938232429
decision_type=2 2 2 2 2 2 2 2 2 2 2 2 2 2
left_child=2 3 -1 -2 8 7 -7 -6 10 -10 11 12 -3 -14
right_child=1 4 -4 -5 5 6 -8 -9 9 -11 -12 -13 13 -15
leaf_value=-0.0065870456319786844 0.00043048353644975366 -0.064107909718706252 0.0099570782462037113 0.00042557683232930963 -0.027724833286446107 0.023849153582098444 0.019611193183090795 0.0017426295197690411 -0.0034622595821284545 0.018039797059397129 -0.058408483364848211 0.00039463318680920789 0.0080196652012510181 -0.0013643318433110929
leaf_weight=243 63 81 162 180 81 204 282 1944 141 183 81 6642 324 2916
leaf_count=243 63 81 162 180 81 204 282 1944 141 183 81 6642 324 2916
internal_value=0.000207363 0.000459534 -0.00796296 0.0112963 0.000255066 0.00165472 0.00666667 0.000451852 -8.3912e-05 0.00444444 -0.000229988 -0.000130985 -0.00134146 -0.001
internal_weight=13527 13122 405 243 12879 2511 486 2025 10368 324 10044 9963 3321 3240
internal_count=13527 13122 405 243 12879 2511 486 2025 10368 324 10044 9963 3321 3240
is_linear=0
shrinkage=0.03


Tree=134
num_leaves=15
num_cat=0
split_feature=18 34 33 33 68 63 40 7 24 27 14 15 25 12
split_gain=27.525 18.1986 17.4161 14.3096 13.2409 12.6001 11.8366 6.85367 6.84354 17.0228 15.8286 13.2825 12.2949 17.4646
threshold=0.92708334326744091 47.841661453247077 69.275196075439467 68.641983032226577 1.0000000180025095e-35 3.3215278387069707 0.62631577253341686 1.0000000180025095e-35 230.632438659668 73.468742370605483 1240.5000000000002 0.1294849514961243 998.11911010742199 41.822916030883796
decision_type=2 2 2 2 2 2 2 2 2 2 2 2 2 2
left_child=2 -2 3 8 -4 -3 -7 -6 10 12 -1 -12 -10 -14
right_child=1 5 4 -5 7 6 -8 -9 9 -11 11 -13 13 -15
leaf_value=0.003189939175475498 0.0096583658988176058 -0.0081532770396831426 -0.0034109508642471906 -0.056656228863902772 0.0011263399286106446 -3.833510858826434e-06 9.8326888176056892e-05 0.0072285206558865009 0.0010354009507575945 0.012336273632527556 -0.020237705519918395 -0.0030186696294531544 -0.062184672427145066 -0.00071425747646347126
leaf_weight=2349 162 223 90 81 145 50 51 170 4374 648 567 2106 81 2430
leaf_count=2349 162 223 90 81 145 50 51 170 4374 648 567 2106 81 2430
internal_value=9.64737e-05 -0.00691358 0.000357718 0.000161443 0.00648148 -0.0110185 -0.00222772 0.00938095 0.000242533 0.000814417 -0.000615293 -0.00219416 0.000376906 -0.0012963
internal_weight=13527 486 13041 12636 405 324 101 315 12555 7533 5022 2673 6885 2511
internal_count=13527 486 13041 12636 405 324 101 315 12555 7533 5022 2673 6885 2511
is_linear=0
shrinkage=0.03


Tree=135
num_leaves=15
num_cat=0
split_feature=12 30 33 68 63 7 64 1 29 40 7 9 9 67
split_gain=21.9014 19.2 16.8717 13.0483 9.14963 7.12883 6.92287 12.9081 14.4819 17.7093 13.0497 12.1159 11.5151 10.485
threshold=1.0000000180025095e-35 0.84523808956146251 69.275196075439467 1.0000000180025095e-35 96.551666259765639 1.0000000180025095e-35 1.0000000180025095e-35 39.925893783569343 3118.2814941406255 0.3315789550542832 0.49300666153430944 0.85317131876945507 0.81446757912635814 506.75430297851568
decision_type=2 2 2 2 2 2 2 2 2 2 2 2 2 2
left_child=1 4 6 -4 -1 -5 7 -2 9 11 -11 -9 -8 -14
right_child=2 -3 3 5 -6 -7 12 8 -10 10 -12 -13 13 -15
leaf_value=-0.0083910031521796952 0.0045765335427335957 0.0093686149218530738 -0.0033086223383197665 0.0010925497307523254 -0.00014610155440461398 0.0070116650362099017 2.5333238923219702e-05 -0.00015885140583934642 0.0052531394902097708 -0.019495418895692219 0.025559309062947635 0.01090667352805891 -0.00061439846272438978 -0.051664019617253004
leaf_weight=193 1221 162 90 145 50 170 6904 973 1876 641 68 76 772 186
leaf_count=193 1221 162 90 145 50 170 6904 973 1876 641 68 76 772 186
internal_value=0.000167443 -0.0067037 0.000379515 0.00640741 -0.012037 0.00928571 0.000187544 0.00107827 0.000181618 -0.00177474 -0.00543724 0.000700667 -0.000362503 -0.00344468
internal_weight=13527 405 13122 405 243 315 12717 4855 3634 1758 709 1049 7862 958
internal_count=13527 405 13122 405 243 315 12717 4855 3634 1758 709 1049 7862 958
is_linear=0
shrinkage=0.03


Tree=136
num_leaves=15
num_cat=0
split_feature=12 0 63 24 65 66 24 12 27 40 29 25 15 25
split_gain=20.197 32.2513 18.0664 16.6911 14.4671 7.91773 7.57022 23.0121 13.5357 11.3238 21.236 11.263 18.5566 15.3745
threshold=1.0000000180025095e-35 1.0000000180025095e-35 4.0756945610046396 242.80059051513675 75.286525726318374 1.0000000180025095e-35 232.97172546386722 41.822916030883796 73.468742370605483 0.721052646636963 5219.1750488281259 1031.3113403320315 0.34703703224658972 1044.237976074219
decision_type=2 2 2 2 2 2 2 2 2 2 2 2 2 2
left_child=2 5 3 -1 -4 -2 9 -8 11 -3 -11 12 -9 -13
right_child=1 6 4 -5 -6 -7 7 8 -10 10 -12 13 -14 -15
leaf_value=0.0090000569880395349 0.00035100234057537199 -1.99229292230374e-06 0.028173185546937356 -0.0087019388621005483 -0.0063880010230324673 0.00034624283757854122 -0.060319892251498412 0.014682307705653179 0.015604132430977025 -0.021522941026172446 0.0059045208354779619 -0.052727439870000413 0.00045670632775984376 -0.00051346439286665819
leaf_weight=74 63 4761 71 205 55 180 81 486 567 684 144 81 3969 2106
leaf_count=74 63 4761 71 205 55 180 81 486 567 684 144 81 3969 2106
internal_value=0.000265026 0.000468679 -0.00633333 -0.0105914 0.00309524 0.0112963 0.000264384 0.000901235 0.0010799 -0.000566291 -0.00380435 0.00070009 0.00156566 -0.0010631
internal_weight=13527 13122 405 279 126 243 12879 7290 7209 5589 828 6642 4455 2187
internal_count=13527 13122 405 279 126 243 12879 7290 7209 5589 828 6642 4455 2187
is_linear=0
shrinkage=0.03


Tree=137
num_leaves=15
num_cat=0
split_feature=12 0 30 66 56 12 17 14 63 16 40 11 9 12
split_gain=23.4374 32.2105 19.9177 7.91773 6.85468 9.24635 7.91965 19.3089 12.307 10.9284 20.8622 15.6245 12.5037 11.1463
threshold=1.0000000180025095e-35 1.0000000180025095e-35 0.84523808956146251 1.0000000180025095e-35 171.50000000000003 401.41667175292974 13.769444465637209 9997.5000000000018 1023.5365295410157 6.0630970001220712 0.20526316016912463 3.4815278053283696 0.14693287014961245 49.312500000000007
decision_type=2 2 2 2 2 2 2 2 2 2 2 2 2 2
left_child=2 3 -1 -2 6 -6 7 8 -3 10 12 13 -8 -12
right_child=1 4 -4 -5 5 -7 9 -9 -10 -11 11 -13 -14 -15
leaf_value=-0.0061963609923414934 0.00034047227035811087 0.0027476583983738912 0.0090483756347223762 0.00033585555245118498 -0.033850838698089289 0.00062176970290521709 -0.0038905334975688132 0.032929639106983287 -0.0087562584740066458 0.00032906513699210811 -0.058510295483953464 -0.033132752287281721 0.0099760562421534072 -0.0035873694170845869
leaf_weight=243 63 3300 162 180 272 67 118 162 312 7003 61 244 315 1025
leaf_count=243 63 3300 162 180 272 67 118 162 312 7003 61 244 315 1025
internal_value=0.000256154 0.000475537 -0.00685185 0.0112963 0.000271372 -0.00393805 0.000385167 0.00153418 0.00107973 -0.000109514 -0.00222065 -0.00408271 0.00349885 -0.00254144
internal_weight=13527 13122 405 243 12879 339 12540 3774 3612 8766 1763 1330 433 1086
internal_count=13527 13122 405 243 12879 339 12540 3774 3612 8766 1763 1330 433 1086
is_linear=0
shrinkage=0.03


Tree=138
num_leaves=15
num_cat=0
split_feature=12 30 33 33 68 63 64 9 3 36 69 42 22 16
split_gain=21.4318 18.8461 16.8845 13.5306 13.0483 8.79162 8.38848 11.9036 10.0592 10.6651 12.5071 11.8998 11.2835 10.9991
threshold=1.0000000180025095e-35 0.84523808956146251 69.275196075439467 68.641983032226577 1.0000000180025095e-35 4.0756945610046396 1.0000000180025095e-35 0.81446757912635814 16.942963123321537 1.0000000180025095e-35 508.54000854492193 0.93540480732917797 8.2304096221923846 0.37635099887847906
decision_type=2 2 2 2 2 2 2 2 2 2 2 2 2 2
left_child=1 5 3 6 -4 -1 8 -8 9 -2 13 12 -12 -11
right_child=2 -3 4 -5 -6 -7 7 -9 -10 10 11 -13 -14 -15
leaf_value=-0.0076923240619810431 0.0043231275431757912 0.0087769243656807047 -0.0031627623532840721 -0.054980875139095942 0.003202163226734962 -0.00055954460847496218 0.00010071440036890422 -0.0037420629135983719 0.0039252645257746854 0.030186332555498997 -0.00075051467439114284 0.013780651369886442 0.024891695856628846 -0.0016236472121743616
leaf_weight=188 973 162 90 81 315 55 6857 958 172 174 577 244 78 2603
leaf_count=188 973 162 90 81 315 55 6857 958 172 174 577 244 78 2603
internal_value=0.000167443 -0.00662963 0.000377229 0.000185185 0.00640741 -0.0119136 0.000263533 -0.00034357 0.00124767 0.000984083 0.000244831 0.00332036 0.00121374 -0.00075081
internal_weight=13527 405 13122 12717 405 243 12636 7815 4821 4649 3676 899 655 2777
internal_count=13527 405 13122 12717 405 243 12636 7815 4821 4649 3676 899 655 2777
is_linear=0
shrinkage=0.03


Tree=139
num_leaves=15
num_cat=0
split_feature=12 30 33 68 63 7 56 22 34 25 65 3 69 4
split_gain=20.5077 18.1481 16.09 12.6674 8.38491 7.69541 7.32327 9.38464 9.30095 19.4601 9.05156 8.24752 9.17085 9.73946
threshold=1.0000000180025095e-35 0.84523808956146251 69.275196075439467 1.0000000180025095e-35 4.0756945610046396 1.0000000180025095e-35 171.50000000000003 6.999514341354371 47.209875106811531 1031.3113403320315 1617.7693481445315 15.635231494903566 784.43792724609386 2.0266727209091191
decision_type=2 2 2 2 2 2 2 2 2 2 2 2 2 2
left_child=1 4 6 -4 -1 -5 8 -8 9 10 -2 12 -10 -14
right_child=2 -3 3 5 -6 -7 7 -9 11 -11 -12 -13 13 -15
leaf_value=-0.0074615543401216119 0.0032688905243521923 0.0085136166347102773 -0.0030678794826855468 0.00094324539032681492 -0.00054275827022071327 0.0067673074474603112 0.0030738985968392462 -0.031622432654258542 -0.0006943813256161935 -0.04750115176259128 0.011203195035962992 0.00096801414094231035 0.0014353484501930414 0.019979984864755752
leaf_weight=188 2595 162 90 145 55 170 74 264 7533 157 199 786 903 206
leaf_count=188 2595 162 90 145 55 170 74 264 7533 157 199 786 903 206
internal_value=0.000167443 -0.00648148 0.000372657 0.00625926 -0.0116667 0.00909524 0.000185185 -0.0041716 0.000304144 0.00177397 0.00235147 -0.000155919 -0.000423513 0.00212353
internal_weight=13527 405 13122 405 243 315 12717 338 12379 2951 2794 9428 8642 1109
internal_count=13527 405 13122 405 243 315 12717 338 12379 2951 2794 9428 8642 1109
is_linear=0
shrinkage=0.03


Tree=140
num_leaves=15
num_cat=0
split_feature=12 30 33 68 63 7 3 34 25 69 10 4 3 40
split_gain=19.8455 16.6259 15.8907 12.6674 8.67231 7.69541 7.31998 8.98953 19.0196 10.3152 9.31318 8.93621 9.72735 8.87454
threshold=1.0000000180025095e-35 0.84523808956146251 69.275196075439467 1.0000000180025095e-35 4.0756945610046396 1.0000000180025095e-35 15.635231494903566 47.097455978393562 1031.3113403320315 784.43792724609386 1.9065037965774538 2.0266727209091191 0.29708331823349005 0.6473684310913087
decision_type=2 2 2 2 2 2 2 2 2 2 2 2 2 2
left_child=1 4 6 -4 -1 -5 7 8 10 -9 -2 12 -11 -8
right_child=2 -3 3 5 -6 -7 13 9 -10 11 -12 -13 -14 -15
leaf_value=-0.0072377077099179642 0.0048752971984036362 0.0082582081356689721 -0.0029758430982049821 0.00091494802861701052 -0.00052647552211409186 0.0065642882240365009 0.00029157201540348511 -0.0007462393160307634 -0.04560985334115393 0.00418231311884218 -0.033794087439186292 0.019380585318813068 -0.054435026611136833 0.0036763140802807113
leaf_weight=188 2673 162 90 145 55 170 682 7759 162 790 81 206 155 209
leaf_count=188 2673 162 90 145 55 170 682 7759 162 790 81 206 155 209
internal_value=0.000207363 -0.00633333 0.000409236 0.00625926 -0.0112963 0.00909524 0.00022293 2.53678e-05 0.00147119 -0.000447811 0.00205882 0.00220243 0.000968254 0.00284512
internal_weight=13527 405 13122 405 243 315 12717 11826 2916 8910 2754 1151 945 891
internal_count=13527 405 13122 405 243 315 12717 11826 2916 8910 2754 1151 945 891
is_linear=0
shrinkage=0.03


Tree=141
num_leaves=15
num_cat=0
split_feature=12 30 33 68 63 7 3 40 24 22 34 25 69 10
split_gain=19.7917 16.6259 15.9404 12.6674 8.67231 7.69541 7.00026 8.6839 14.7273 9.03704 8.4222 18.8243 9.83645 9.21222
threshold=1.0000000180025095e-35 0.84523808956146251 69.275196075439467 1.0000000180025095e-35 4.0756945610046396 1.0000000180025095e-35 15.635231494903566 0.14210525900125506 381.55207824707037 7.760571002960206 47.097455978393562 1031.3113403320315 784.43792724609386 1.9065037965774538
decision_type=2 2 2 2 2 2 2 2 2 2 2 2 2 2
left_child=1 4 6 -4 -1 -5 10 8 -8 -9 11 13 -12 -2
right_child=2 -3 3 5 -6 -7 7 9 -10 -11 12 -13 -14 -15
leaf_value=-0.0070205764786204251 0.004729038282451521 0.0080104618915988988 -0.0028865678052588392 0.00088749958775850022 -0.0005106812564506691 0.0063673595773154007 -0.0087391235871862212 0.0036530565254405986 0.00087494220988028728 0.00011908097640137782 -0.00072385213654984953 -0.044241557740919313 0.0040182616923705701 -0.032780264816010707
leaf_weight=188 2673 162 90 145 55 170 98 402 56 335 7759 162 1151 81
leaf_count=188 2673 162 90 145 55 170 98 402 56 335 7759 162 1151 81
internal_value=0.000198492 -0.00633333 0.000400091 0.00625926 -0.0112963 0.00909524 0.000213494 0.00277778 -0.0037013 0.00413161 2.02943e-05 0.00141975 -0.00043771 0.00200436
internal_weight=13527 405 13122 405 243 315 12717 891 154 737 11826 2916 8910 2754
internal_count=13527 405 13122 405 243 315 12717 891 154 737 11826 2916 8910 2754
is_linear=0
shrinkage=0.03


Tree=142
num_leaves=15
num_cat=0
split_feature=12 0 30 63 66 24 12 28 40 68 14 15 67 69
split_gain=19.9128 32.538 16.6259 8.67231 7.91773 6.16381 22.6916 11.8629 11.6366 11.8252 9.93334 15.5522 10.7434 10.1887
threshold=1.0000000180025095e-35 1.0000000180025095e-35 0.84523808956146251 4.0756945610046396 1.0000000180025095e-35 232.97172546386722 41.822916030883796 427.56835937500006 0.55263158679008495 1.0000000180025095e-35 1240.5000000000002 0.1294849514961243 1080.9033813476565 594.25109863281261
decision_type=2 2 2 2 2 2 2 2 2 2 2 2 2 2
left_child=2 4 3 -1 -2 10 -7 -8 -9 -10 -3 13 -13 -12
right_child=1 5 -4 -5 -6 6 7 8 9 -11 11 12 -14 -15
leaf_value=-0.0068099591842618124 0.00015182241524424895 0.0020408111363095214 0.0077701480348509279 -0.00049536081875714902 0.00017144656740163361 -0.056693073868100019 0.00046546229923751344 0.022197167661205039 0.038696336707802148 -0.026660719420525971 -0.028676529106974876 -0.0035487223685618293 0.005460305396083753 0.0010528230757873836
leaf_weight=188 63 2511 162 55 180 81 6723 318 91 77 435 2185 326 132
leaf_count=188 63 2511 162 55 180 81 6723 318 91 77 435 2185 326 132
internal_value=0.000218452 0.000420668 -0.00633333 -0.0112963 0.0112963 0.000215467 0.000790123 0.000967541 0.00549383 -0.000892857 -0.000534085 -0.00167641 -0.000663082 -0.00616402
internal_weight=13527 13122 405 243 243 12879 7290 7209 486 168 5589 3078 2511 567
internal_count=13527 13122 405 243 243 12879 7290 7209 486 168 5589 3078 2511 567
is_linear=0
shrinkage=0.03


Tree=143
num_leaves=15
num_cat=0
split_feature=12 0 30 63 66 11 40 3 11 12 16 27 29 29
split_gain=19.9533 32.4969 16.6259 8.67231 7.91773 5.92666 14.2311 14.6358 13.7676 20.3778 12.5256 11.8879 11.3829 14.9025
threshold=1.0000000180025095e-35 1.0000000180025095e-35 0.84523808956146251 4.0756945610046396 1.0000000180025095e-35 3.4815278053283696 0.58421051502227794 9.3880319595336932 2.3673611879348759 41.822916030883796 36.381944656372077 6.0626139640808114 1818.159851074219 1584.8620605468752
decision_type=2 2 2 2 2 2 2 2 2 2 2 2 2 2
left_child=2 4 3 -1 -2 8 10 11 9 -3 -7 -8 13 -11
right_child=1 5 -4 -5 -6 6 7 -9 -10 12 -12 -13 -14 -15
leaf_value=-0.0066056604087339583 0.00014726774278692149 -0.054992281652057017 0.0075370435938054009 -0.00048049999419443452 0.00016630317037958457 -0.00033938037121376217 0.029236123701247195 0.0016736890865759423 0.0042086108329180225 -0.00060550466038840507 0.0047148490425254997 -0.028494225636846667 0.0031455350107137381 -0.04700016619528212
leaf_weight=188 63 81 162 55 180 1736 50 175 2268 3240 392 725 4131 81
leaf_count=188 63 81 162 55 180 1736 50 175 2268 3240 392 725 4131 81
internal_value=0.000225105 0.000427526 -0.00633333 -0.0112963 0.0112963 0.000222455 -0.000925926 -0.00397895 0.000583104 -3.38511e-05 0.00043703 -0.00574839 0.000128824 -0.00117886
internal_weight=13527 13122 405 243 243 12879 3078 950 9801 7533 2128 775 7452 3321
internal_count=13527 13122 405 243 243 12879 3078 950 9801 7533 2128 775 7452 3321
is_linear=0
shrinkage=0.03


Tree=144
num_leaves=15
num_cat=0
split_feature=12 0 30 63 66 9 67 67 63 3 40 22 40 1
split_gain=19.9398 32.5106 16.6259 8.67231 7.91773 5.68364 9.45131 10.0381 12.836 7.23955 10.9267 11.6736 8.04045 10.58
threshold=1.0000000180025095e-35 1.0000000180025095e-35 0.84523808956146251 4.0756945610046396 1.0000000180025095e-35 0.81446757912635814 530.73556518554699 64.697776794433608 30.785416603088382 15.635231494903566 0.089473687112331404 7.8286070823669442 0.61578947305679332 113.39001464843751
decision_type=2 2 2 2 2 2 2 2 2 2 2 2 2 2
left_child=2 4 3 -1 -2 9 7 -7 -9 -3 -11 -12 13 -13
right_child=1 5 -4 -5 -6 6 -8 8 -10 10 11 12 -14 -15
leaf_value=-0.0064074905964719396 0.00014284971050331383 0.00027228013590057998 0.0073109322859912437 -0.00046608499436860153 0.00016131407526819705 -0.0017932634538954815 -0.030926379587184728 0.011744703747327624 -0.0047604758252353819 -0.0065712899366107622 0.0081296497586857801 0.00088998672747883309 0.0019469307700815675 -0.0016784485755944711
leaf_weight=188 63 10854 162 55 180 826 264 170 117 72 288 100 88 100
leaf_count=188 63 10854 162 55 180 826 264 170 117 72 288 100 88 100
internal_value=0.000222888 0.00042524 -0.00633333 -0.0112963 0.0112963 0.000220126 -0.00160131 -0.000390836 0.00444251 0.000438185 0.00351852 0.00489583 0.000625 -0.0027
internal_weight=13527 13122 405 243 243 12879 1377 1113 287 11502 648 576 288 200
internal_count=13527 13122 405 243 243 12879 1377 1113 287 11502 648 576 288 200
is_linear=0
shrinkage=0.03


Tree=145
num_leaves=15
num_cat=0
split_feature=12 0 30 63 66 49 56 12 12 13 26 65 22 13
split_gain=19.9533 32.4969 16.6259 8.67231 7.91773 5.60318 7.93687 7.06163 9.1096 10.2316 7.65803 7.69367 6.81165 6.47194
threshold=1.0000000180025095e-35 1.0000000180025095e-35 0.84523808956146251 4.0756945610046396 1.0000000180025095e-35 1.0000000180025095e-35 201.50000000000003 240.01042175292972 346.36457824707037 346.94351196289068 4048.5000000000005 1617.7693481445315 8.8598527908325213 371.79049682617193
decision_type=2 2 2 2 2 2 2 2 2 2 2 2 2 2
left_child=2 4 3 -1 -2 6 7 12 13 -10 -11 -12 -3 -9
right_child=1 5 -4 -5 -6 -7 -8 8 9 10 11 -13 -14 -15
leaf_value=-0.0062152658785777819 0.00013856421918821444 -0.0022245867939956554 0.0070916043174115108 -0.00045210244453754346 0.00015647465301015114 0.00069718501014525368 -0.031776030154446716 0.017713634911167682 -0.012062967431361251 -0.045686583527593846 1.3607263732211549e-05 0.034792202813052758 0.019135433390960521 0.0029396803384954895
leaf_weight=188 63 3877 162 55 180 5836 147 154 57 69 1651 66 68 954
leaf_count=188 63 3877 162 55 180 5836 147 154 57 69 1651 66 68 954
internal_value=0.000225105 0.000427526 -0.00633333 -0.0112963 0.0112963 0.000222455 -0.000347153 -0.000200116 0.000909861 -0.000382528 1.67973e-05 0.0004106 -0.00103042 0.00305957
internal_weight=13527 13122 405 243 243 12879 7043 6896 2951 1843 1786 1717 3945 1108
internal_count=13527 13122 405 243 243 12879 7043 6896 2951 1843 1786 1717 3945 1108
is_linear=0
shrinkage=0.03


Tree=146
num_leaves=15
num_cat=0
split_feature=12 30 0 64 65 63 24 12 40 13 65 28 40 68
split_gain=18.0805 15.6481 12.6237 14.1743 13.1921 8.07007 5.88514 22.4864 14.0978 18.1353 11.08 10.6392 10.5391 11.8252
threshold=1.0000000180025095e-35 0.84523808956146251 1.0000000180025095e-35 1.0000000180025095e-35 20.067083358764652 4.0756945610046396 230.632438659668 41.822916030883796 0.721052646636963 81.690883636474624 14.417778015136721 427.56835937500006 0.55263158679008495 1.0000000180025095e-35
decision_type=2 2 2 2 2 2 2 2 2 2 2 2 2 2
left_child=1 5 3 4 -2 -1 8 -8 -4 -10 -11 -9 -13 -14
right_child=2 -3 6 -5 -6 -7 7 11 9 10 -12 12 13 -15
leaf_value=-0.0060288079022204474 -1.4199545823883347e-06 0.0068788561878891713 0.00010598125464012397 0.0001517804134198466 0.050101496176742658 -0.00043853937120141715 -0.053371597156876671 0.00040048499542838734 0.012071206299979789 -0.022683800765895611 -0.010567993095736068 0.02140780262666607 0.037338469931215493 -0.026051622702463487
leaf_weight=188 82 162 4416 111 50 55 81 7128 60 420 288 318 91 77
leaf_count=188 82 162 4416 111 50 55 81 7128 60 420 288 318 91 77
internal_value=0.000131958 -0.00611111 0.000324646 0.00709877 0.000454545 -0.0109259 0.000196832 0.000723197 -0.000584491 -0.00433594 -0.00567797 0.000890465 0.00518519 -0.000892857
internal_weight=13527 405 13122 243 132 243 12879 7695 5184 768 708 7614 486 168
internal_count=13527 405 13122 243 132 243 12879 7695 5184 768 708 7614 486 168
is_linear=0
shrinkage=0.03


Tree=147
num_leaves=15
num_cat=0
split_feature=12 30 33 68 63 42 33 67 63 22 43 25 12 34
split_gain=18.1963 15.6481 10.7112 9.99012 8.07007 7.01684 6.90248 10.4763 7.6875 7.27006 9.61988 6.65694 18.0109 16.356
threshold=1.0000000180025095e-35 0.84523808956146251 69.275196075439467 1.0000000180025095e-35 4.0756945610046396 0.84874749183654796 62.703935623168952 23.441666603088382 5.2666666507720956 8.8128843307495135 -0.41248606145381922 998.11911010742199 41.822916030883796 46.699743270874031
decision_type=2 2 2 2 2 2 2 2 2 2 2 2 2 2
left_child=1 4 6 -4 -1 -5 9 8 -8 11 -11 -2 -13 -14
right_child=2 -3 3 5 -6 -7 7 -9 -10 10 -12 12 13 -15
leaf_value=-0.0058479436651538343 0.00065698731866389967 0.0066724905022524988 -0.0027284111013198583 0.004975321583421244 -0.00042538319006537467 -0.0013753668404095358 -0.032710178699734943 -0.00014885602975014844 -0.0084561568881599443 -0.0088729923314541364 0.018842226135414971 -0.05177044924217037 -0.045543606559543655 -0.00013620794433572226
leaf_weight=188 9315 162 90 244 55 71 98 426 124 70 92 81 81 2430
leaf_count=188 9315 162 90 244 55 71 98 426 124 70 92 81 81 2430
internal_value=0.000151918 -0.00611111 0.000345222 0.00514815 -0.0109259 0.00766667 0.000192262 -0.00282407 -0.00810811 0.000354213 0.00666667 0.00026833 -0.00107639 -0.00062724
internal_weight=13527 405 13122 405 243 315 12717 648 222 12069 162 11907 2592 2511
internal_count=13527 405 13122 405 243 315 12717 648 222 12069 162 11907 2592 2511
is_linear=0
shrinkage=0.03


Tree=148
num_leaves=15
num_cat=0
split_feature=12 30 63 25 12 34 25 34 69 43 0 23 24 14
split_gain=16.7593 15.0128 7.68061 5.92262 18.1213 16.4302 14.7716 10.2977 14.9709 13.7549 14.446 11.7136 11.0727 13.6334
threshold=1.0000000180025095e-35 0.84523808956146251 4.0756945610046396 998.11911010742199 41.822916030883796 46.699743270874031 958.22286987304699 52.029167175292976 2592.156616210938 -0.2901292592287063 111.20833206176759 22.138889312744144 230.632438659668 1545.5000000000002
decision_type=2 2 2 2 2 2 2 2 2 2 2 2 2 2
left_child=1 2 -1 6 -5 -6 7 12 9 10 -9 -11 13 -2
right_child=3 -3 -4 4 5 -7 -8 8 -10 11 -12 -13 -14 -15
leaf_value=-0.0056725053551992194 0.0031351916746377427 0.0064723157871849277 -0.00041262169436341345 -0.050217335764905259 -0.044177298362757349 -0.00012972956787423939 0.0079564873942801918 -0.0001480751515452372 0.046258909674932056 -0.0024532711913712157 -0.02530202617351502 0.0021887699965140767 0.0014432331392130293 -0.0058119194714016361
leaf_weight=188 2268 162 55 81 81 2511 567 515 64 252 405 789 3645 1944
leaf_count=188 2268 162 55 81 81 2511 567 515 64 252 405 789 3645 1944
internal_value=4.76824e-05 -0.00596296 -0.010679 0.000233196 -0.00102694 -0.000590278 0.000555556 0.000285367 -0.00162222 -0.00208822 -0.00476087 0.000273775 0.000777014 -0.000270655
internal_weight=13527 405 243 13122 2673 2592 10449 9882 2025 1961 920 1041 7857 4212
internal_count=13527 405 243 13122 2673 2592 10449 9882 2025 1961 920 1041 7857 4212
is_linear=0
shrinkage=0.03


Tree=149
num_leaves=15
num_cat=0
split_feature=12 30 63 33 67 42 33 25 12 34 24 15 29 40
split_gain=15.2419 13.7815 6.93059 6.17436 8.99902 7.94532 6.9617 6.2448 18.1504 16.4588 14.6483 21.6055 10.2308 10.5228
threshold=1.0000000180025095e-35 0.84523808956146251 4.0756945610046396 69.275196075439467 1.0419444441795351 0.81241145730018627 63.288686752319343 998.11911010742199 41.822916030883796 46.699743270874031 232.97172546386722 0.34703703224658972 3213.7216796875005 0.721052646636963
decision_type=2 2 2 2 2 2 2 2 2 2 2 2 2 2
left_child=1 2 -1 6 -5 -6 7 10 -9 -10 12 -12 13 -2
right_child=3 -3 -4 4 5 -7 -8 8 9 -11 11 -13 -14 -15
leaf_value=-0.0055023301945432423 -0.0020455974491520924 0.0062781463135693745 -0.00040024304353251098 -1.4963512746307605e-05 0.018786647770101021 -0.0012605076994561134 -0.00807450713536376 -0.0487108156919581 -0.04285197941187463 -0.00012583768083802128 0.015571988742649099 0.00064001400806652949 0.0022972565730781766 -0.025103822844532098
leaf_weight=188 2001 162 55 202 145 58 486 81 81 2511 567 3726 2916 348
leaf_count=188 2001 162 55 202 145 58 486 81 81 2511 567 3726 2916 348
internal_value=6.54247e-05 -0.00566667 -0.0101852 0.000242341 0.00388889 0.00834975 0.000126209 0.000266127 -0.00101571 -0.000578704 0.000624608 0.00192523 -0.000435897 -0.00190932
internal_weight=13527 405 243 13122 405 203 12717 12231 2673 2592 9558 4293 5265 2349
internal_count=13527 405 243 13122 405 203 12717 12231 2673 2592 9558 4293 5265 2349
is_linear=0
shrinkage=0.03


Tree=150
num_leaves=15
num_cat=0
split_feature=28 26 65 40 6 33 1 12 30 19 67 12 12 69
split_gain=9.65275 13.5355 9.0087 12.802 10.725 9.00362 7.77405 8.67743 11.2829 13.7376 9.89081 10.4337 9.63054 11.9707
threshold=43.227272033691413 7648.0000000000009 67.328887939453139 0.55263158679008495 0.20833333581686023 61.161695480346687 2471.563598632813 229.91666412353518 0.71577382087707531 0.49454252421855932 1002.9662475585939 47.593750000000007 266.75000000000006 552.17166137695324
decision_type=2 2 2 2 2 2 2 2 2 2 2 2 2 2
left_child=1 5 -3 -4 -5 -1 7 8 9 10 11 -2 -9 -14
right_child=6 2 3 4 -6 -7 -8 12 -10 -11 -12 -13 13 -15
leaf_value=-0.0075138792195189215 -0.031389857921097324 -0.0019030056434013165 0.011362461271603008 -0.046024462437716615 0.0018879266896163216 -0.00065616920125300467 -0.021847685331596912 0.007679097418454503 0.00083142725314564456 -0.039831534475510938 -0.010078194170919952 0.00023512860956655056 0.00019231807281781642 0.007274557960247589
leaf_weight=162 162 1265 397 55 65 729 324 729 3726 162 156 1464 3486 645
leaf_count=162 162 1265 397 55 65 729 324 729 3726 162 156 1464 3486 645
internal_value=0.000105345 -0.00150954 0 0.00333656 -0.00525 -0.00452862 0.00050304 0.000643875 -0.000153439 -0.00200617 -0.00124579 -0.000553506 0.00157407 0.00101307
internal_weight=13527 2673 1782 517 120 891 10854 10530 5670 1944 1782 1626 4860 4131
internal_count=13527 2673 1782 517 120 891 10854 10530 5670 1944 1782 1626 4860 4131
is_linear=0
shrinkage=0.03


Tree=151
num_leaves=15
num_cat=0
split_feature=28 26 33 40 65 69 40 0 33 1 12 30 19 12
split_gain=9.43863 11.691 10.4303 15.7333 12.254 8.82001 10.3201 9.03227 8.22594 7.77405 8.44863 10.8521 13.364 9.45679
threshold=43.227272033691413 7648.0000000000009 69.275196075439467 0.2578947395086289 1.0000000180025095e-35 56.496110916137702 0.55263158679008495 55.708332061767585 58.174474716186531 2471.563598632813 229.91666412353518 0.71577382087707531 0.49826084077358251 266.75000000000006
decision_type=2 2 2 2 2 2 2 2 2 2 2 2 2 2
left_child=1 2 4 -4 -1 -3 7 -7 -6 10 11 12 -2 -12
right_child=9 5 3 -5 8 6 -8 -9 -10 -11 13 -13 -14 -15
leaf_value=-0.019604373060007868 -0.0034872631516688645 -0.0012919480562791463 -0.0012216905552354868 0.00074991418666236359 -0.0051118439121213772 -0.0038932103243783179 -0.028339177334726118 0.028599677780245063 -0.0004408545926442482 -0.021192254771649002 0.007448724495900878 0.00080648443555127788 -0.040371473995253065 0.00062308283575609916
leaf_weight=240 1863 1457 50 112 64 66 73 186 425 324 729 3726 81 4131
leaf_count=240 1863 1457 50 112 64 66 73 186 425 324 729 3726 81 4131
internal_value=0.00010978 -0.00148709 -0.00429293 0.00259259 -0.00582305 -8.41751e-05 0.00438462 0.0072619 -0.00309816 0.00050304 0.000643875 -0.000142857 -0.00195988 0.00156173
internal_weight=13527 2673 891 162 729 1782 325 252 489 10854 10530 5670 1944 4860
internal_count=13527 2673 891 162 729 1782 325 252 489 10854 10530 5670 1944 4860
is_linear=0
shrinkage=0.03


Tree=152
num_leaves=15
num_cat=0
split_feature=28 26 33 69 69 65 17 25 12 19 24 15 14 29
split_gain=8.30243 10.0681 10.6869 9.42591 8.25676 8.49782 7.6903 7.33938 17.9195 16.7196 15.6542 18.0975 10.2047 12.1628
threshold=43.227272033691413 7648.0000000000009 61.161695480346687 56.496110916137702 508.54000854492193 350.52777099609381 107.36777877807619 998.11911010742199 97.947917938232436 0.49826084077358251 237.538688659668 0.34703703224658972 570.50000000000011 3023.5153808593755
decision_type=2 2 2 2 2 2 2 2 2 2 2 2 2 2
left_child=1 2 -1 6 5 -5 -3 10 -9 -10 12 -12 -2 -14
right_child=7 3 -4 4 -6 -7 -8 8 9 -11 11 -13 13 -15
leaf_value=-0.0067003316511331174 0.0073463672059896051 -0.0003962446426026489 -0.00059680367434500738 0.0082131368388882221 -0.043112100036284969 0.036601761750298265 -0.024398956751477786 -0.046203177589016375 3.4641948487470486e-05 -0.039160329775395471 0.01669475542517997 0.00077763745089782783 -0.013947432756552436 0.00055722917274491301
leaf_weight=162 810 1353 729 150 73 102 104 81 1701 81 567 3483 1377 2754
leaf_count=162 810 1353 729 150 73 102 104 81 1701 81 567 3483 1377 2754
internal_value=0.000145265 -0.00135241 -0.00395623 -5.05051e-05 0.00456923 0.00714286 -0.00108099 0.000514096 -0.00119968 -0.000572391 0.000869203 0.00225185 -0.000264117 -0.000867829
internal_weight=13527 2673 891 1782 325 252 1457 10854 1863 1782 8991 4050 4941 4131
internal_count=13527 2673 891 1782 325 252 1457 10854 1863 1782 8991 4050 4941 4131
is_linear=0
shrinkage=0.03


Tree=153
num_leaves=15
num_cat=0
split_feature=9 25 12 34 24 15 21 14 1 22 65 0 65 3
split_gain=8.76678 8.50588 17.8935 16.277 11.8018 20.8337 13.5475 11.2922 11.0464 11.8334 13.0597 10.535 10.0374 9.34209
threshold=0.81446757912635814 998.11911010742199 41.822916030883796 46.699743270874031 237.538688659668 0.34703703224658972 3.2427661418914799 570.50000000000011 118.43119430541994 7.8650581836700448 620.39807128906261 62.708333969116218 204.58291625976565 0.0075231480877846488
decision_type=2 2 2 2 2 2 2 2 2 2 2 2 2 2
left_child=1 4 -3 -4 7 -6 12 -1 11 -10 13 -8 -7 -11
right_child=-2 2 3 -5 5 6 8 -9 9 10 -12 -13 -14 -15
leaf_value=0.0074987598800174294 -0.00040972484463457055 -0.044817082261345891 -0.037985519882133605 -0.00016242542620007141 0.016241895195071725 -0.022481530708488708 0.003707809019723265 -0.0016786444216928364 0.0059996079482191522 -0.00043312154572788141 -0.0019415504244377146 -0.0011614715813874586 0.0052661602732696619 0.0072527565089719331
leaf_weight=729 2025 81 81 2349 486 293 648 4374 810 294 107 972 112 166
leaf_count=729 2025 81 81 2349 486 293 648 4374 810 294 107 972 112 166
internal_value=9.42559e-05 0.00041471 -0.00112903 -0.000666667 0.000845846 0.00209105 0.00126102 -0.000102881 0.00195696 0.00393246 0.000608466 0.000277778 -0.00388889 0.00280435
internal_weight=13527 11502 2511 2430 8991 3888 3402 5103 2997 1377 567 1620 405 460
internal_count=13527 11502 2511 2430 8991 3888 3402 5103 2997 1377 567 1620 405 460
is_linear=0
shrinkage=0.03


Tree=154
num_leaves=15
num_cat=0
split_feature=33 28 26 64 69 40 0 33 69 12 40 15 23 16
split_gain=8.41817 9.38216 12.8571 9.11283 9.04017 8.98421 20.5013 8.12698 7.88929 9.05357 7.2444 14.8727 12.596 10.4388
threshold=69.275196075439467 45.350009918212898 8652.5000000000018 1.0000000180025095e-35 33.573194503784187 0.2578947395086289 60.541667938232429 61.161695480346687 53.889999389648445 712.01040649414074 0.55263158679008495 0.5754600763320924 22.561249732971195 6.4339642524719247
decision_type=2 2 2 2 2 2 2 2 2 2 2 2 2 2
left_child=1 2 7 4 -4 6 -2 -1 9 -7 11 -5 -12 -14
right_child=5 -3 3 10 -6 8 -8 -9 -10 -11 12 -13 13 -15
leaf_value=-0.0064870299562600877 -0.0037661721266311599 0.00027723302407154813 0.00045499300452632951 -0.0089397918040683595 0.023084330777434846 0.0069115714200598342 0.022461087333630857 -0.0055822675099307115 -0.0027403061493654368 -0.00070409249465767096 -0.035630764859338832 0.0083494654996782904 0.00080731332028595481 -0.011768470183206991
leaf_weight=162 75 10692 342 185 113 168 50 567 56 56 124 525 233 179
leaf_count=162 75 10692 342 185 113 168 50 567 56 56 124 525 233 179
internal_value=0.000147483 1.60037e-05 -0.00166667 -0.000238095 0.0033956 0.00440741 -0.00228 -0.005 0.00739286 0.00991071 -0.00156501 0.000422535 -0.00419776 -0.00167476
internal_weight=13527 13122 2430 1701 455 405 125 729 280 224 1246 710 536 412
internal_count=13527 13122 2430 1701 455 405 125 729 280 224 1246 710 536 412
is_linear=0
shrinkage=0.03


Tree=155
num_leaves=15
num_cat=0
split_feature=9 25 12 34 25 34 69 43 23 65 40 44 14 67
split_gain=10.1221 7.54361 18.079 16.4599 10.401 10.0821 14.8613 16.5512 14.3409 9.86715 12.911 22.765 12.0757 11.7879
threshold=0.81446757912635814 998.11911010742199 41.822916030883796 46.699743270874031 958.22286987304699 52.029167175292976 2592.156616210938 -0.77259656786918629 22.138889312744144 18.703888893127445 0.60526317358016979 -1.0000000180025095e-35 3065.5000000000005 0.42722222208976751
decision_type=2 2 2 2 2 2 2 2 2 2 2 2 2 2
left_child=1 4 -3 -4 5 -1 7 -7 -9 13 12 -12 -11 -5
right_child=-2 2 3 9 -6 6 -8 8 -10 10 11 -13 -14 -15
leaf_value=0.0013415613519039127 -0.00031661950031140615 -0.043480886784227665 -0.036854271276391744 -0.0020072447663296964 0.0073085389206010466 -0.02133343423244485 0.044590620930357962 -0.015482065214486198 0.00090422523278594897 -0.0022563571545195504 -0.012703651581859354 0.0071525553586843848 -0.00015498701231191791 0.01225293551957014
leaf_weight=6723 2025 81 81 745 567 412 64 296 929 404 78 100 532 490
leaf_count=6723 2025 81 81 745 567 412 64 296 929 404 78 100 532 490
internal_value=5.2118e-05 0.000396453 -0.00105735 -0.000592593 0.000802469 0.000537749 -0.00152557 -0.00208002 -0.000330612 -0.0001341 -0.00218133 0.00522472 -0.00358974 0.00171255
internal_weight=13527 11502 2511 2430 8991 8424 1701 1637 1225 2349 1114 178 936 1235
internal_count=13527 11502 2511 2430 8991 8424 1701 1637 1225 2349 1114 178 936 1235
is_linear=0
shrinkage=0.03


Tree=156
num_leaves=15
num_cat=0
split_feature=9 40 24 26 30 69 33 40 40 34 10 67 40 21
split_gain=7.03419 8.29718 15.3089 17.2028 10.2654 15.75 8.82541 18.6481 11.589 14.3833 14.3732 13.9577 11.8547 9.90947
threshold=0.81446757912635814 0.18421053141355517 217.37500000000003 11603.500000000002 0.89136904478073131 15.763888835906984 65.183078765869155 0.41578947007656103 0.56315791606903087 47.841661453247077 1.4196060895919802 0.67722222208976757 0.7947368621826173 3.3745310306549077
decision_type=2 2 2 2 2 2 2 2 2 2 2 2 2 2
left_child=-1 2 -2 -4 6 -6 8 -8 9 -3 11 -10 -12 -11
right_child=1 4 3 -5 5 -7 7 -9 10 13 12 -13 -14 -15
leaf_value=0.00037668165076599092 0.010960813538264719 0.015905779386782833 -0.006717696346999538 0.020233711150988595 0.0013217425902330329 -0.00014257752448483007 -0.0010510433970014046 0.00052855074230194964 0.0069994766899655224 0.0060619974816041467 -0.028263218834153662 -0.045850454572597378 0.0009787957374823293 -0.0045410774161875611
leaf_weight=11502 90 216 306 54 108 81 66 123 131 108 264 58 60 360
leaf_count=11502 90 216 306 54 108 81 66 123 131 108 264 58 60 360
internal_value=0.000156354 -0.00147407 -0.00506667 -0.00783333 -0.000447619 0.00611111 -0.00134199 0.00468254 -0.00229323 0.000263158 -0.00570175 0.000873016 -0.00953704 -0.00269231
internal_weight=13527 2025 450 360 1575 189 1386 189 1197 684 513 189 324 468
internal_count=13527 2025 450 360 1575 189 1386 189 1197 684 513 189 324 468
is_linear=0
shrinkage=0.03


Tree=157
num_leaves=15
num_cat=0
split_feature=9 69 36 69 15 40 35 14 25 12 34 24 15 21
split_gain=6.06646 10.1485 17.6524 13.9053 13.5764 8.96822 10.6866 8.72746 8.0992 18.0171 16.3988 11.5111 18.366 12.209
threshold=0.81446757912635814 1.0000000180025095e-35 2.5000000000000004 89.886943817138686 1.0000000180025095e-35 0.3315789550542832 167.49777984619143 2200.0000000000005 998.11911010742199 41.822916030883796 46.699743270874031 237.538688659668 0.34703703224658972 3.2427661418914799
decision_type=2 2 2 2 2 2 2 2 2 2 2 2 2 2
left_child=8 2 5 -3 -5 -2 -7 -6 11 -10 -11 -1 -13 -14
right_child=1 3 -4 4 7 6 -8 -9 9 10 -12 12 13 -15
leaf_value=-0.00018598342754381215 -0.0016040814977917629 -0.0041950818687788282 -0.00120746633213626 -0.02600184670188958 0.0012268207165944832 0.00051269422003289127 0.0014108469019231183 0.018083147138787593 -0.042187760630223829 -0.035759943587622973 -7.7801199688751763e-05 0.015533973101347794 -0.011732443955450122 0.0011385724780947637
leaf_weight=5103 50 554 483 238 315 139 158 88 81 81 2349 486 405 2997
leaf_count=5103 50 554 483 238 315 139 158 88 81 81 2349 486 405 2997
internal_value=0.000158572 -0.00135556 0.00119277 -0.00312552 -0.000117005 0.00635447 0.00833333 0.00323821 0.000425143 -0.00108124 -0.000617284 0.000845846 0.00207562 0.0012963
internal_weight=13527 2025 830 1195 641 347 297 403 11502 2511 2430 8991 3888 3402
internal_count=13527 2025 830 1195 641 347 297 403 11502 2511 2430 8991 3888 3402
is_linear=0
shrinkage=0.03


Tree=158
num_leaves=15
num_cat=0
split_feature=33 40 28 26 63 65 69 34 64 69 34 40 35 1
split_gain=5.79881 8.77055 7.12533 9.38397 12.639 9.74339 9.34871 10.3951 7.73485 9.53284 8.45957 8.35957 18.1819 13.0229
threshold=69.275196075439467 0.65789473056793224 45.350009918212898 8652.5000000000018 58.338056564331062 7.8295834064483651 116.74111175537111 57.366886138916023 1.0000000180025095e-35 33.573194503784187 50.037208557128913 0.55263158679008495 166.99986267089847 136.29527282714847
decision_type=2 2 2 2 2 2 2 2 2 2 2 2 2 2
left_child=2 -2 3 4 6 -6 7 -1 9 -5 -10 12 -12 -13
right_child=1 -3 -4 8 5 -7 -8 -9 10 -11 11 13 -14 -15
leaf_value=-0.011134830421278758 0.00022535138521402091 0.025750858549472209 0.00027067385705000998 0.0004056954601583573 -0.043173614216949936 0.00074110130405867134 0.0020646272666076681 0.00029625713570588665 0.0025341753347045159 0.022345833066858025 -0.029212313444792873 -0.039202571561713397 0.0079339275745931997 -0.0036762388641844719
leaf_weight=361 315 90 10692 342 75 121 91 81 409 113 113 144 365 215
leaf_count=361 315 90 10692 342 75 121 91 81 409 113 113 144 365 215
internal_value=0.000205145 0.00374074 9.60219e-05 -0.00137037 -0.00421811 0.00229592 -0.00661351 -0.00841629 -0.000149912 0.0031978 -0.00137239 -0.00310036 -0.000502092 -0.00655989
internal_weight=13527 405 13122 2430 729 196 533 442 1701 455 1246 837 478 359
internal_count=13527 405 13122 2430 729 196 533 442 1701 455 1246 837 478 359
is_linear=0
shrinkage=0.03


Tree=159
num_leaves=15
num_cat=0
split_feature=28 26 33 12 40 40 69 25 12 19 24 15 56 65
split_gain=6.10522 8.24916 11.5826 9.90398 15.5519 8.52845 8.29639 7.26034 17.836 16.6352 15.63 14.3946 9.92838 8.89857
threshold=43.227272033691413 7648.0000000000009 61.161695480346687 171.56250000000003 0.2578947395086289 0.10000000149011613 56.496110916137702 998.11911010742199 97.947917938232436 0.49826084077358251 237.538688659668 0.34703703224658972 183.50000000000003 358.72431945800787
decision_type=2 2 2 2 2 2 2 2 2 2 2 2 2 2
left_child=1 2 -1 4 -4 -5 -3 10 -9 13 12 -12 -2 -10
right_child=7 6 3 5 -6 -7 -8 8 9 -11 11 -13 -14 -15
leaf_value=-0.005402065142894502 -0.0001007237476496936 -0.0009940949986051795 -0.0050637232223122684 0.0043382494471722131 0.00063517554631218893 -0.0091109884183851325 0.015038014975296879 -0.040930248027028618 0.0011011365746841939 -0.034695265495705778 0.01499364288995733 0.00069038660517029449 -0.031082790457671452 -0.00096919530621937696
leaf_weight=162 4747 1457 100 50 224 355 325 81 1297 81 567 3483 194 404
leaf_count=162 4747 1457 100 50 224 355 325 81 1297 81 567 3483 194 404
internal_value=0.000156354 -0.00112795 -0.00348485 -0.00187243 0.00203704 -0.005 5.05051e-05 0.000472637 -0.00123188 -0.000606061 0.000825826 0.00220741 -0.000306618 2.6455e-05
internal_weight=13527 2673 891 729 324 405 1782 10854 1863 1782 8991 4050 4941 1701
internal_count=13527 2673 891 729 324 405 1782 10854 1863 1782 8991 4050 4941 1701
is_linear=0
shrinkage=0.03


Tree=160
num_leaves=15
num_cat=0
split_feature=15 14 17 63 65 2 63 1 67 45 29 40 22 23
split_gain=6.0876 14.1589 12.5877 10.382 10.1592 8.86716 15.9818 13.926 9.89732 9.07313 14.8897 11.8845 18.2955 11.8264
threshold=3.8859492540359502 9997.5000000000018 110.70222473144533 5.9777777194976816 1617.7693481445315 1625.5000000000002 48.55444526672364 453.52114868164068 227.86944580078128 0.81174489855766307 6126.0910644531259 0.38421052694320684 7.7163527011871347 23.363055229187015
decision_type=2 2 2 2 2 2 2 2 2 2 2 2 2 2
left_child=1 2 5 -4 -2 7 8 9 -7 -1 11 13 -13 -11
right_child=4 -3 3 -5 -6 6 -8 -9 -10 10 -12 12 -14 -15
leaf_value=0.00044162703555204231 0.0002322439622994515 0.022971397550161719 -0.048067640292382113 -0.0051703120097733547 0.029015562068651468 -0.004330194419102886 -0.014258833969730142 0.021701016841525575 0.015740941216665746 -0.01630803663721964 -0.039702340586217758 0.0018896518706012877 -0.0058017509109440542 -0.019211869734385413
leaf_weight=5346 4841 243 112 131 100 1001 369 162 250 222 81 132 352 185
leaf_count=5346 4841 243 112 131 100 1001 369 162 250 222 81 132 352 185
internal_value=0.000196274 -0.000286513 -0.000494426 -0.00722222 0.00103522 -0.000292593 -0.00227778 0.000203704 -0.000659472 -1.89934e-05 -0.00268519 -0.00156566 0.00161157 -0.00534398
internal_weight=13527 8586 8343 243 4941 8100 1620 6480 1251 6318 972 891 484 407
internal_count=13527 8586 8343 243 4941 8100 1620 6480 1251 6318 972 891 484 407
is_linear=0
shrinkage=0.03


Tree=161
num_leaves=15
num_cat=0
split_feature=10 34 25 65 0 69 67 63 12 33 42 69 67 22
split_gain=5.5242 6.49339 19.0858 7.21364 7.20213 9.93555 6.37013 6.08598 11.2296 9.14427 8.61209 8.46412 6.24913 6.01656
threshold=1.9065037965774538 47.097455978393562 1031.3113403320315 1788.8999023437502 726.00000000000011 92.426250457763686 4777.4560546875009 48.55444526672364 185.05208587646487 50.926616668701179 0.16280825436115268 508.54000854492193 3.3109722137451176 7.9637379646301278
decision_type=2 2 2 2 2 2 2 2 2 2 2 2 2 2
left_child=1 2 3 4 7 -6 -3 9 13 11 -10 12 -1 -9
right_child=-2 6 -4 -5 5 -7 -8 8 10 -11 -12 -13 -14 -15
leaf_value=0.0087692774936929171 -0.027620306718290761 -3.4713969402035971e-05 -0.030993582588837242 0.011990699092606322 0.002449208866405561 -0.015671483153333235 -0.02236867413122182 -0.0014723529599022099 0.0012539721680288806 0.015749911802801025 0.011874634277536718 0.012307242425302602 -0.0019298765005189454 -0.034520515060444061
leaf_weight=298 81 10393 162 172 171 137 56 293 193 467 135 231 581 157
leaf_count=298 81 10393 162 172 171 137 56 293 193 467 135 231 581 157
internal_value=0.000218452 0.000265506 0.0014965 0.00206878 0.00168419 -0.00262987 -8.75682e-05 0.00224841 7.71208e-05 0.00331959 0.00429878 0.00183784 0.000494881 -0.003
internal_weight=13527 13446 2997 2835 2663 308 10449 2355 778 1577 328 1110 879 450
internal_count=13527 13446 2997 2835 2663 308 10449 2355 778 1577 328 1110 879 450
is_linear=0
shrinkage=0.03


Tree=162
num_leaves=15
num_cat=0
split_feature=10 34 25 65 67 0 69 33 22 29 43 69 67 67
split_gain=5.49913 5.85346 18.7818 7.1065 6.37013 6.27948 9.3046 5.90678 6.61898 10.6711 8.78562 9.34954 8.71644 9.61793
threshold=1.9065037965774538 47.097455978393562 1031.3113403320315 1983.4827270507815 4777.4560546875009 726.00000000000011 92.426250457763686 69.275196075439467 5.8562464714050302 3213.7216796875005 -0.16280825436115262 63.064167022705085 641.52984619140636 2.6738889217376713
decision_type=2 2 2 2 2 2 2 2 2 2 2 2 2 2
left_child=1 2 3 5 7 -1 -7 8 9 10 -3 -12 13 -11
right_child=-2 4 -4 -5 -6 6 -8 -9 -10 12 11 -13 -14 -15
leaf_value=0.0034256348254487709 -0.026791697516742038 0.0064749850631914095 -0.030063775111172125 0.010419737941810822 -0.021697613907285154 0.002375732600413398 -0.015201338658733228 0.00075795660464011527 -0.00026714868306041415 0.028901744333868759 0.0019528543716963219 -0.0096921270916979635 0.026157066456426951 -0.013953147367668683
leaf_weight=2389 81 344 162 137 56 172 137 405 8962 117 137 167 137 124
leaf_count=2389 81 344 162 137 56 172 137 405 8962 117 137 167 137 124
internal_value=0.00020071 0.000247657 0.00141642 0.00198413 -8.75682e-05 0.00164566 -0.00237864 -3.31954e-05 -0.000177213 0.00210526 -0.000231481 -0.00394737 0.00611111 0.00267635
internal_weight=13527 13446 2997 2835 10449 2698 309 10393 9988 1026 648 304 378 241
internal_count=13527 13446 2997 2835 10449 2698 309 10393 9988 1026 648 304 378 241
is_linear=0
shrinkage=0.03


Tree=163
num_leaves=15
num_cat=0
split_feature=10 34 25 65 67 0 69 22 40 24 40 21 65 40
split_gain=5.47724 5.51365 18.593 7.21977 6.36288 6.10717 9.3046 6.04293 12.9067 6.30643 12.5556 13.6586 9.24039 8.71078
threshold=1.9065037965774538 47.097455978393562 1031.3113403320315 1983.4827270507815 4777.4560546875009 726.00000000000011 92.426250457763686 8.2304096221923846 0.6473684310913087 244.98660278320315 0.54210525751113903 10.790356159210207 181.49763488769534 0.18421053141355517
decision_type=2 2 2 2 2 2 2 2 2 2 2 2 2 2
left_child=1 2 3 5 -3 7 -7 9 -9 13 11 -11 -13 -1
right_child=-2 4 -4 -5 -6 6 -8 8 -10 10 -12 12 -14 -15
leaf_value=-0.008303868430122624 -0.025987946591239777 -3.3181809097126977e-05 -0.029161861857836969 0.010107145803556507 -0.02104668549006659 0.0023044606224010078 -0.014745298498971228 0.0031638142260074485 -0.025585098232633486 0.015360930065417895 4.5428232093187577e-05 0.0021021146739452013 -0.044919527423461343 0.0073869724921024121
leaf_weight=201 81 10393 162 137 56 172 137 350 114 486 348 52 52 786
leaf_count=201 81 10393 162 137 56 172 137 350 114 486 348 52 52 786
internal_value=0.000185185 0.000232039 0.00136637 0.00193122 -9.33104e-05 0.00159007 -0.00237864 0.00210339 -0.000969828 0.00284416 0.00460554 0.00727119 -0.00259615 0.00117021
internal_weight=13527 13446 2997 2835 10449 2698 309 2389 464 1925 938 590 104 987
internal_count=13527 13446 2997 2835 10449 2698 309 2389 464 1925 938 590 104 987
is_linear=0
shrinkage=0.03


Tree=164
num_leaves=15
num_cat=0
split_feature=10 34 25 65 67 33 22 29 67 67 43 69 63 33
split_gain=5.47724 5.41677 18.5554 6.77882 6.3665 5.91639 6.13676 11.1436 8.71644 9.61793 8.14114 9.34954 7.9074 7.84214
threshold=1.9065037965774538 47.097455978393562 1031.3113403320315 1983.4827270507815 4777.4560546875009 69.275196075439467 5.8562464714050302 3213.7216796875005 641.52984619140636 2.6738889217376713 -0.16280825436115262 63.064167022705085 93.563472747802749 54.205919265747077
decision_type=2 2 2 2 2 2 2 2 2 2 2 2 2 2
left_child=1 2 3 -1 5 6 7 10 9 -9 -3 -12 -11 -8
right_child=-2 4 -4 -5 -6 -7 13 8 -10 12 11 -13 -14 -15
leaf_value=0.0022437059905647816 -0.025208308193502581 0.006281730965568561 -0.028287006002101864 0.0098039314294498144 -0.020415284925364593 0.00073621336077382563 -0.0048670665234721343 0.028035687458125621 0.02537334991700706 -0.030241854158449807 0.0018952641948183401 -0.00940036782467411 0.026488602634392802 2.0133900246634971e-05
leaf_weight=2698 81 344 162 137 56 405 1852 117 137 72 137 167 52 7110
leaf_count=2698 81 344 162 137 56 405 1852 117 137 72 137 167 52 7110
internal_value=0.000185185 0.000232039 0.00135636 0.00192063 -9.04393e-05 -3.6082e-05 -0.000180216 0.00201754 0.00611111 0.00267635 -0.00037037 -0.00394737 -0.00314516 -0.000431823
internal_weight=13527 13446 2997 2835 10449 10393 9988 1026 378 241 648 304 124 8962
internal_count=13527 13446 2997 2835 10449 10393 9988 1026 378 241 648 304 124 8962
is_linear=0
shrinkage=0.03


Tree=165
num_leaves=15
num_cat=0
split_feature=10 25 12 34 24 15 40 0 24 40 29 66 21 43
split_gain=5.47724 4.68569 18.4723 16.7752 12.1253 15.1479 17.8439 37.2094 14.9131 11.598 16.1135 12.547 9.15915 11.0872
threshold=1.9065037965774538 998.11911010742199 41.822916030883796 46.699743270874031 243.51785278320315 0.34703703224658972 0.3315789550542832 29.666666984558109 242.80059051513675 0.721052646636963 5219.1750488281259 1.0000000180025095e-35 3.2603876590728764 0.2269546836614609
decision_type=2 2 2 2 2 2 2 2 2 2 2 2 2 2
left_child=1 4 -3 -4 8 6 7 -6 9 -1 -11 -12 13 -7
right_child=-2 2 3 -5 5 12 -8 -9 -10 10 11 -13 -14 -15
leaf_value=0.00070400855981552542 -0.024452058947697503 -0.038355207039080269 -0.028657191555264701 -2.5266652562647705e-05 -0.007641400905150933 -0.018721465038900344 0.010862787082147513 0.011322805045247603 -0.003786687264940546 -0.020089581020691458 -0.022910867751322284 0.0070385218370728709 0.00043946349043006095 0.0052245739586705472
leaf_weight=5175 81 81 81 2511 96 275 392 160 81 708 60 132 3564 130
leaf_count=5175 81 81 81 2511 96 275 392 160 81 708 60 132 3564 130
internal_value=0.000185185 0.000232039 -0.000892256 -0.000451389 0.000511 0.00167316 0.00592593 -0.000234375 -0.000360624 -0.000190123 -0.00333333 0.004375 0.000978836 -0.0032963
internal_weight=13527 13446 2673 2592 10773 4617 648 256 6156 6075 900 192 3969 405
internal_count=13527 13446 2673 2592 10773 4617 648 256 6156 6075 900 192 3969 405
is_linear=0
shrinkage=0.03


Tree=166
num_leaves=15
num_cat=0
split_feature=15 40 24 24 24 63 16 15 65 15 69 25 12 34
split_gain=8.51147 20.3344 19.25 15.86 12.9643 11.7878 7.05496 7.83704 8.71823 5.99961 12.0893 6.29131 18.0708 16.415
threshold=1.0000000180025095e-35 0.3315789550542832 255.14286041259768 182.569938659668 202.08184051513675 2.9402778148651127 0.37635099887847906 0.02640046272426844 61.438888549804695 0.11082754656672479 594.25109863281261 998.11911010742199 41.822916030883796 46.699743270874031
decision_type=2 2 2 2 2 2 2 2 2 2 2 2 2 2
left_child=1 3 4 -1 -3 -4 7 8 -2 10 -8 -11 -13 -14
right_child=6 2 5 -5 -6 -7 9 -9 -10 11 -12 12 13 -15
leaf_value=0.020723514613434746 -0.028319304169804962 0.0053793096198441236 -9.6215472316521559e-05 -0.0057844070098799468 -0.023635382130377146 0.019430635069955828 -0.014342021204367974 0.023610210395137575 0.0074701566783714063 0.00038340834495826102 0.0027270256315147898 -0.037204550827907863 -0.02779747580860676 -0.00011580152881146333
leaf_weight=64 60 147 56 288 196 140 157 243 102 9396 86 81 81 2430
leaf_count=64 60 147 56 288 196 140 157 243 102 9396 86 81 81 2430
internal_value=8.98204e-05 -0.00274411 0.000918367 -0.00835227 -0.00336735 0.00841837 0.000289649 0.00418519 -0.000925926 0.000160657 -0.00450617 0.000255255 -0.00105324 -0.000603345
internal_weight=13527 891 539 352 343 196 12636 405 162 12231 243 11988 2592 2511
internal_count=13527 891 539 352 343 196 12636 405 162 12231 243 11988 2592 2511
is_linear=0
shrinkage=0.03


Tree=167
num_leaves=15
num_cat=0
split_feature=15 21 34 69 40 43 67 40 0 36 12 12 67 15
split_gain=13.9441 14.9707 13.8272 13.6762 12.0259 8.11451 6.0405 13.5973 36.9965 12.8047 13.8825 12.4495 8.35232 13.0999
threshold=1.0000000180025095e-35 2.4958912134170537 47.841661453247077 287.69555664062506 0.34210526943206793 -0.47114434838294977 144.84111022949222 0.66842105984687816 349.08332824707037 7.5000000000000009 243.17707824707034 473.69792175292974 976.25097656250011 1.0444444417953493
decision_type=2 2 2 2 2 2 2 2 2 2 2 2 2 2
left_child=1 5 3 4 -3 -1 -2 11 9 10 -9 12 13 -8
right_child=6 2 -4 -5 -6 -7 7 8 -10 -11 -12 -13 -14 -15
leaf_value=0.025511316263938513 -8.3053657758608504e-05 -0.011742659782890854 -0.0038691555883733652 -0.023740254180955368 0.020943751979580729 -0.0010401620373919362 0.01811004390719291 -0.046329566972106898 0.0042272026365747801 -0.041955129113405057 0.0088581202581288921 -0.00051211976262029776 -0.00010360826305883641 0.002590427605112273
leaf_weight=66 7854 99 405 74 151 96 882 151 102 191 102 587 975 1792
leaf_count=66 7854 99 405 74 151 96 882 151 102 191 102 587 975 1792
internal_value=7.76225e-06 -0.00361953 -0.00545267 -0.000833333 0.00252 0.00462963 0.000263533 0.00110414 -0.00335165 -0.00709459 -0.00266798 0.00167847 0.00233078 0.00319746
internal_weight=13527 891 729 324 250 162 12636 4782 546 444 253 4236 3649 2674
internal_count=13527 891 729 324 250 162 12636 4782 546 444 253 4236 3649 2674
is_linear=0
shrinkage=0.03


Tree=168
num_leaves=15
num_cat=0
split_feature=15 40 34 34 24 69 16 16 67 11 43 33 67 33
split_gain=7.75981 17.6945 17.4109 14.7347 14.682 8.20501 8.17824 8.53333 8.10792 7.94668 6.95671 5.97092 11.3639 6.94464
threshold=1.0000000180025095e-35 0.3315789550542832 56.690523147583015 47.379575729370124 182.569938659668 61.915555953979499 0.37635099887847906 0.17906609922647479 62.504028320312507 3.3650000095367436 -0.16280825436115262 69.806602478027358 1.0419444441795351 63.288686752319343
decision_type=2 2 2 2 2 2 2 2 2 2 2 2 2 2
left_child=1 4 3 8 -1 -5 7 10 -3 -6 -2 13 -13 -8
right_child=6 2 -4 5 9 -7 11 -9 -10 -11 -12 12 -14 -15
leaf_value=0.020133014036153467 0.02201228068621134 0.056115047273263961 0.00035332731888211344 -0.002847950515429814 -0.00078474308058904094 0.0033152323276475189 8.5296989662843949e-05 0.021398821080486415 -0.0020134870327192453 -0.0071225520000488055 -0.011688295520766556 -0.0029181034839556564 0.015946683382780165 -0.0013613400316681945
leaf_weight=64 129 71 98 176 64 118 11340 162 76 224 114 141 183 567
leaf_count=64 129 71 98 176 64 118 11340 162 76 224 114 141 183 567
internal_value=9.64737e-05 -0.00260943 0.00080705 -0.00173469 -0.00784091 -0.00561224 0.000287274 0.00448148 0.00602041 -0.0107292 0.000925926 0.000148393 0.00416667 3.90527e-05
internal_weight=13527 891 539 441 352 294 12636 405 147 288 243 12231 324 11907
internal_count=13527 891 539 441 352 294 12636 405 147 288 243 12231 324 11907
is_linear=0
shrinkage=0.03


Tree=169
num_leaves=15
num_cat=0
split_feature=15 43 0 16 33 40 0 69 12 6 40 40 30 67
split_gain=7.88629 12.8311 13.8626 12.1796 7.4192 7.19647 19.2 7.07232 7.93006 6.66034 11.4759 8.05557 6.1594 5.82333
threshold=0.02640046272426844 -0.41248606145381922 186.83333587646487 0.37635099887847906 69.275196075439467 0.2578947395086289 60.541667938232429 53.889999389648445 712.01040649414074 0.45833332836627966 0.089473687112331404 0.76315790414810192 0.84523808956146251 144.84111022949222
decision_type=2 2 2 2 2 2 2 2 2 2 2 2 2 2
left_child=1 2 -1 -2 13 6 -6 8 -7 10 -3 12 -11 -5
right_child=3 9 -4 4 5 7 -8 -9 -10 11 -12 -13 -14 -15
leaf_value=0.00091824032945850796 0.021716638133653071 0.012303192974556997 -0.026780878247394311 -0.00033232977932790231 -0.0046643649574894747 0.0065292143278338211 0.020887730331935552 -0.0028870917295471797 -0.0014571451595899853 -0.0052811235719308833 -0.0085138212314670569 1.2145839937711639e-05 -0.036659684007155628 0.00071093877768391156
leaf_weight=350 243 54 105 7296 75 168 50 56 56 190 222 56 76 4530
leaf_count=350 243 54 105 7296 75 168 50 56 56 190 222 56 76 4530
internal_value=0.000114216 -0.00237892 0.00141758 0.000324675 0.000192544 0.00418519 -0.0018 0.00685714 0.00924107 -0.00526756 -0.00184783 -0.00819876 -0.0103759 5.58092e-05
internal_weight=13527 1053 455 12474 12231 405 125 280 224 598 276 322 266 11826
internal_count=13527 1053 455 12474 12231 405 125 280 224 598 276 322 266 11826
is_linear=0
shrinkage=0.03


Tree=170
num_leaves=15
num_cat=0
split_feature=15 40 24 13 28 33 67 33 42 25 12 34 36 40
split_gain=8.59646 17.4816 16.0718 15.2393 10.6667 5.97632 10.9412 7.80806 6.44198 5.75591 17.4294 16.6598 11.1629 10.5488
threshold=1.0000000180025095e-35 0.3315789550542832 217.37500000000003 497.56721496582037 37.30268859863282 69.806602478027358 1.0419444441795351 63.288686752319343 0.81241145730018627 998.11911010742199 41.822916030883796 46.699743270874031 447.50000000000006 0.31052631139755255
decision_type=2 2 2 2 2 2 2 2 2 2 2 2 2 2
left_child=1 2 -1 4 -3 7 -7 9 -8 12 -11 -12 13 -2
right_child=5 3 -4 -5 -6 6 8 -9 -10 10 11 -13 -14 -15
leaf_value=0.001391300238642068 0.0021079733784041999 -0.0027900592098506747 -0.0067504417328894152 -0.029268852836385001 0.0024778654062020153 -0.002756391352602341 0.019336790830693625 -0.0012404211543419041 0.0041136541853001238 -0.036078511709647917 -0.026953648940925844 -5.6322956953147591e-05 0.0012070213756526017 -0.00033460647044938338
leaf_weight=128 3090 98 224 147 294 141 130 567 53 81 81 2511 729 5253
leaf_count=128 3090 98 224 147 294 141 130 567 53 81 81 2511 729 5253
internal_value=3.65935e-05 -0.00281145 -0.00801136 0.000584416 0.00367347 0.000237417 0.00425926 0.000131579 0.00909836 0.000297573 -0.000925926 -0.000497685 0.000658069 0.000346997
internal_weight=13527 891 352 539 392 12636 324 12312 183 11745 2673 2592 9072 8343
internal_count=13527 891 352 539 392 12636 324 12312 183 11745 2673 2592 9072 8343
is_linear=0
shrinkage=0.03


Tree=171
num_leaves=15
num_cat=0
split_feature=15 21 40 24 30 43 63 33 67 29 13 33 28 65
split_gain=10.8898 14.1869 11.4136 11.8848 9.38297 6.06958 5.69246 5.49938 10.3055 6.89808 14.347 11.4091 9.03619 10.0868
threshold=1.0000000180025095e-35 2.4958912134170537 0.27894736826419836 217.37500000000003 0.92857143282890331 -0.47114434838294977 96.551666259765639 69.806602478027358 1.0419444441795351 3118.2814941406255 80.440532684326186 38.638357162475593 193.09073638916018 3609.760131835938
decision_type=2 2 2 2 2 2 2 2 2 2 2 2 2 2
left_child=1 5 3 -3 6 -1 -4 9 -9 11 -11 -2 13 -13
right_child=7 2 4 -5 -6 -7 -8 8 -10 10 -12 12 -14 -15
leaf_value=0.024544636634121143 -0.025940344281447099 -0.00075729421027419968 -8.9737332132104058e-05 -0.009066702604986392 0.030474538709215331 -0.00062256181624834809 -0.0026780407578047799 -0.0026736996120242649 0.01451371675573573 -0.016081364872934115 0.0029457758031215331 2.7012319716389039e-06 -0.008579748297923925 0.036955428702254385
leaf_weight=66 162 81 274 162 54 96 158 141 183 243 4617 6347 891 52
leaf_count=66 162 81 274 162 54 96 158 141 183 243 4617 6347 891 52
internal_value=-9.98004e-06 -0.00321549 -0.005 -0.0103086 -0.00234568 0.00481481 -0.00381944 0.000216049 0.00407407 0.000114522 0.000993827 -0.000458937 -0.000283951 0.000110173
internal_weight=13527 891 729 243 486 162 432 12636 324 12312 4860 7452 7290 6399
internal_count=13527 891 729 243 486 162 432 12636 324 12312 4860 7452 7290 6399
is_linear=0
shrinkage=0.03


Tree=172
num_leaves=15
num_cat=0
split_feature=15 40 24 0 26 56 67 1 40 0 2 63 25 69
split_gain=9.27511 13.9141 14.4972 13.807 8.45 9.95845 6.29669 12.4755 13.9195 24.4051 18.4049 12.9543 11.8458 9.4805
threshold=1.0000000180025095e-35 0.3315789550542832 217.37500000000003 483.16667175292974 3739.5000000000005 30.500000000000004 144.84111022949222 329.75646972656256 0.66842105984687816 389.50000000000006 481.00000000000006 905.98901367187511 943.16192626953136 497.77194213867193
decision_type=2 2 2 2 2 2 2 2 2 2 2 2 2 2
left_child=1 2 -1 4 -3 -6 -2 8 10 12 -8 -9 -10 -12
right_child=6 3 -4 -5 5 -7 7 11 9 -11 13 -13 -14 -15
leaf_value=0.0013722800577910333 -0.00011098317540734203 -4.82536121702501e-05 -0.0062759274027531405 -0.038349719389807892 0.024027663677826706 -0.023553579565053811 0.0042383771134572607 0.011209322282313234 -0.042801413080266214 0.0023245511819584585 -0.00098738098496271571 -0.033437796898643714 0.0085784467345189786 0.010710397605476148
leaf_weight=128 7854 196 224 98 165 80 2527 985 327 60 654 81 50 98
leaf_count=128 7854 196 224 98 165 80 2527 985 327 60 654 81 50 98
internal_value=1.21978e-05 -0.00294613 -0.00758523 8.34879e-05 0.00234694 0.00606122 0.000220798 0.00107905 0.000258342 -0.00477117 0.000928637 0.00393996 -0.00759947 -0.00319149
internal_weight=13527 891 352 539 441 245 12636 4782 3716 437 3279 1066 377 752
internal_count=13527 891 352 539 441 245 12636 4782 3716 437 3279 1066 377 752
is_linear=0
shrinkage=0.03


Tree=173
num_leaves=15
num_cat=0
split_feature=15 40 24 0 26 56 16 16 43 67 1 69 56 40
split_gain=9.80199 13.5131 14.4972 13.5069 7.96202 9.40483 7.78135 8.41523 6.64672 6.10377 13.5025 12.811 13.6576 14.2423
threshold=1.0000000180025095e-35 0.3315789550542832 217.37500000000003 483.16667175292974 3739.5000000000005 30.500000000000004 0.37635099887847906 0.17906609922647479 0.09796465560793878 144.84111022949222 329.75646972656256 784.43792724609386 40.500000000000007 0.57368421554565441
decision_type=2 2 2 2 2 2 2 2 2 2 2 2 2 2
left_child=1 2 -1 4 -3 -6 7 8 -2 -8 11 12 -11 -14
right_child=6 3 -4 -5 5 -7 9 -9 -10 10 -12 -13 13 -15
leaf_value=0.0013311116560572999 0.014867467241441225 -4.6806003805142594e-05 -0.006087649580670546 -0.037199227808113654 0.023306833767491906 -0.0228469721781022 -0.00015486938747420796 0.019972618735845757 -0.01220298069794191 0.00054619618684520249 0.0091703345648728087 0.0051630948438339706 -0.00049001397628307681 -0.065361236552760923
leaf_weight=128 153 196 224 98 165 80 7654 162 90 1983 1012 573 715 294
leaf_count=128 153 196 224 98 165 80 7654 162 90 1983 1012 573 715 294
internal_value=2.77223e-05 -0.00301347 -0.00758523 -2.78293e-05 0.00221088 0.00581633 0.000242165 0.00433333 0.000802469 0.000106696 0.000973345 0.000105189 -0.000681818 -0.00352329
internal_weight=13527 891 352 539 441 245 12636 405 243 12231 4577 3565 2992 1009
internal_count=13527 891 352 539 441 245 12636 405 243 12231 4577 3565 2992 1009
is_linear=0
shrinkage=0.03


Tree=174
num_leaves=15
num_cat=0
split_feature=15 21 40 24 6 43 63 16 16 63 43 33 67 42
split_gain=9.24732 13.891 12.6859 11.8848 7.96708 6.54545 6.49873 6.27139 6.43004 6.14183 5.99616 5.85666 10.3055 5.9717
threshold=1.0000000180025095e-35 2.4958912134170537 0.27894736826419836 217.37500000000003 0.12500000372529033 -0.47114434838294977 380.72846984863287 0.37635099887847906 0.17906609922647479 4.0756945610046396 -0.16280825436115262 69.806602478027358 1.0419444441795351 0.81241145730018627
decision_type=2 2 2 2 2 2 2 2 2 2 2 2 2 2
left_child=1 5 3 -3 -4 -1 9 8 10 -6 -2 -9 -13 -14
right_child=7 2 4 -5 6 -7 -8 11 -10 -11 -12 12 13 -15
leaf_value=0.022388262611737941 0.020803335453780079 -0.00081567713538142959 -0.036208022621462527 -0.0084237942173340866 -8.4193423688879145e-05 -0.00023297765225816392 -0.0036319794116355464 -4.2530281262610695e-06 0.019373440173770382 0.014897956324386039 -0.011836891277003655 -0.0025855130467771037 0.018019568538836191 0.003411295858059988
leaf_weight=66 129 81 54 162 233 96 93 11907 162 106 114 141 130 53
leaf_count=66 129 81 54 162 233 96 93 11907 162 106 114 141 130 53
internal_value=7.76225e-06 -0.00294613 -0.00471193 -0.0103086 -0.00191358 0.005 -0.000555556 0.000216049 0.00388889 0.00137168 0.000802469 9.44322e-05 0.00407407 0.00877049
internal_weight=13527 891 729 243 486 162 432 12636 405 339 243 12231 324 183
internal_count=13527 891 729 243 486 162 432 12636 405 339 243 12231 324 183
is_linear=0
shrinkage=0.03


Tree=175
num_leaves=15
num_cat=0
split_feature=15 21 40 24 30 67 27 65 29 63 26 30 42 40
split_gain=10.4076 13.3086 11.9506 11.8848 8.241 5.86886 11.151 13.1576 12.0995 14.6578 11.3914 9.96424 9.91336 8.86679
threshold=1.0000000180025095e-35 2.4958912134170537 0.27894736826419836 217.37500000000003 0.92857143282890331 144.84111022949222 49.175724029541023 14.417778015136721 3213.7216796875005 2.9015277624130253 13173.000000000002 0.82589286565780651 0.63405361771583568 0.18421053141355517
decision_type=2 2 2 2 2 2 2 2 2 2 2 2 2 2
left_child=1 -1 3 -3 -4 -2 7 13 9 -8 11 -9 -12 -7
right_child=5 2 4 -5 -6 6 8 10 -10 -11 12 -13 -14 -15
leaf_value=0.011349081608262956 -0.0001184248535826762 -0.00079120682131997625 -0.00048694918188794842 -0.0081710803908140641 0.027693328934847727 -0.0071743031029810429 -0.0020662594057566873 0.0083629133866988462 0.0028248751034941444 -0.00031972828643770155 0.0036323096973620481 -0.0093429927657036945 -0.03095929703118969 0.00078022037291897378
leaf_weight=162 7854 81 432 162 54 220 221 1200 1716 658 79 119 69 500
leaf_count=162 7854 81 432 162 54 220 221 1200 1716 658 79 119 69 500
internal_value=-1.44156e-05 -0.00314815 -0.00487654 -0.0103086 -0.00216049 0.000206553 0.00103513 0.00261317 -0.000294798 -0.003157 0.00424335 0.00512889 -0.00364865 -0.000708333
internal_weight=13527 891 729 243 486 12636 4782 2187 2595 879 1467 1319 148 720
internal_count=13527 891 729 243 486 12636 4782 2187 2595 879 1467 1319 148 720
is_linear=0
shrinkage=0.03


Tree=176
num_leaves=15
num_cat=0
split_feature=15 21 40 24 30 6 43 33 67 29 28 67 13 2
split_gain=9.72158 13.0792 12.3155 11.8848 8.05787 6.02679 5.61167 5.13341 9.6888 5.89976 11.8097 14.5323 11.091 10.6667
threshold=1.0000000180025095e-35 2.4958912134170537 0.27894736826419836 217.37500000000003 0.92857143282890331 0.12500000372529033 -0.47114434838294977 69.806602478027358 1.0419444441795351 3118.2814941406255 176.5704040527344 78.06000137329103 80.440532684326186 206.50000000000003
decision_type=2 2 2 2 2 2 2 2 2 2 2 2 2 2
left_child=1 6 3 -3 5 -4 -1 9 -9 10 -2 -12 13 -11
right_child=7 2 4 -5 -6 -7 -8 8 -10 12 11 -13 -14 -15
leaf_value=0.0213761422851379 1.4276108350204355e-05 -0.00076747061668038798 -0.035107173467362009 -0.0079259479790896436 0.026862529066802299 -0.00018313298349889286 -0.00056646077093831511 -0.0025043949097662919 0.01311368927030534 -0.0018579935480571485 -0.023532634522785263 -0.00066240297241630935 0.0027334008432684563 -0.034502059498832748
leaf_weight=66 6237 81 54 162 54 378 96 141 183 162 463 752 4617 81
leaf_count=66 6237 81 54 162 54 378 96 141 183 162 463 752 4617 81
internal_value=-5.2118e-05 -0.00308081 -0.00479424 -0.0103086 -0.00203704 -0.00340278 0.00462963 0.000161443 0.00388889 6.33528e-05 -0.000466989 -0.00317284 0.000876543 -0.00537037
internal_weight=13527 891 729 243 486 432 162 12636 324 12312 7452 1215 4860 243
internal_count=13527 891 729 243 486 432 162 12636 324 12312 7452 1215 4860 243
is_linear=0
shrinkage=0.03


Tree=177
num_leaves=15
num_cat=0
split_feature=15 21 40 24 6 30 43 33 67 42 29 33 13 2
split_gain=9.93893 13.1937 12.1324 11.8848 7.69779 5.67493 5.61167 5.12687 9.6888 5.51924 5.25601 10.9473 10.5071 10.0823
threshold=1.0000000180025095e-35 2.4958912134170537 0.27894736826419836 217.37500000000003 0.12500000372529033 0.92857143282890331 -0.47114434838294977 69.806602478027358 1.0419444441795351 0.81241145730018627 3118.2814941406255 38.638357162475593 80.440532684326186 206.50000000000003
decision_type=2 2 2 2 2 2 2 2 2 2 2 2 2 2
left_child=1 6 3 -3 -4 -6 -1 10 -9 -10 11 -2 13 -12
right_child=7 2 4 -5 5 -7 -8 8 9 -11 12 -13 -14 -15
leaf_value=0.020734858016583778 -0.024707766040220853 -0.00074444649817997368 -0.034053958263341157 -0.0076881695397169542 -0.0001776389939939261 0.026056653194798232 -0.00054946694781017765 -0.0024292630624733035 0.016961903476565204 0.0028921396930214715 -0.001802253741615427 -5.7550997071529327e-05 0.0026513988179704029 -0.033466997713867769
leaf_weight=66 162 81 54 162 378 54 96 141 130 53 162 7290 4617 81
leaf_count=66 162 81 54 162 378 54 96 141 130 53 162 7290 4617 81
internal_value=-5.2118e-05 -0.00311448 -0.00483539 -0.0103086 -0.00209877 -0.000763889 0.00462963 0.000163818 0.00388889 0.00844262 6.57895e-05 -0.000434783 0.000833333 -0.00524691
internal_weight=13527 891 729 243 486 432 162 12636 324 183 12312 7452 4860 243
internal_count=13527 891 729 243 486 432 162 12636 324 183 12312 7452 4860 243
is_linear=0
shrinkage=0.03


Tree=178
num_leaves=15
num_cat=0
split_feature=15 21 40 24 6 16 16 43 30 31 22 69 56 67
split_gain=10.3194 12.6824 12.1324 11.8848 7.69779 5.85374 6.32757 5.7412 5.67493 5.25715 10.6018 11.467 13.8031 8.02415
threshold=1.0000000180025095e-35 2.4958912134170537 0.27894736826419836 217.37500000000003 0.12500000372529033 0.37635099887847906 0.17906609922647479 0.09796465560793878 0.92857143282890331 0.39729635417461401 7.6572375297546396 806.18585205078136 63.500000000000007 144.84111022949222
decision_type=2 2 2 2 2 2 2 2 2 2 2 2 2 2
left_child=1 -1 3 -3 -4 6 7 -2 -6 10 -7 12 -12 -11
right_child=5 2 4 -5 8 9 -8 -9 -10 13 11 -13 -14 -15
leaf_value=0.0099727706903251657 0.013612392559559839 -0.00072211310323457847 -0.03303233951544092 -0.0074575244535254456 -0.00017230982417410832 0.0018694244564341478 0.018588446768972769 -0.011666735139718293 0.025274953598954281 -0.0013747468144848884 0.00022544591784229404 0.036455987557204757 -0.025669889178990046 0.00049255026901517951
leaf_weight=162 153 81 54 162 378 1377 162 90 54 5149 1834 137 378 3356
leaf_count=162 153 81 54 162 378 1377 162 90 54 5149 1834 137 378 3356
internal_value=-2.77223e-05 -0.00314815 -0.00483539 -0.0103086 -0.00209877 0.000192308 0.00374074 0.000679012 -0.000763889 7.48099e-05 0.00101449 -0.000210728 -0.000732369 -0.000336861
internal_weight=13527 891 729 243 486 12636 405 243 432 12231 3726 2349 2212 8505
internal_count=13527 891 729 243 486 12636 405 243 432 12231 3726 2349 2212 8505
is_linear=0
shrinkage=0.03


Tree=179
num_leaves=15
num_cat=0
split_feature=6 40 45 30 31 22 69 67 56 1 28 12 34 63
split_gain=13.7398 10.1209 12 5.70395 4.81764 9.57571 11.1218 10.6017 14.2672 8.92747 10.6889 14.2094 12.9828 8.90294
threshold=0.75000000000000011 0.24736841768026355 1.0000000180025095e-35 0.92857143282890331 0.39729635417461401 7.6572375297546396 806.18585205078136 1051.7708129882815 47.500000000000007 38.241245269775398 388.81672668457037 52.843750000000007 44.632575988769538 459.69528198242193
decision_type=2 2 2 2 2 2 2 2 2 2 2 2 2 2
left_child=4 2 -2 -3 5 -1 7 8 -7 -6 11 -11 -13 -14
right_child=1 3 -4 -5 9 6 -8 -9 -10 10 -12 12 13 -15
leaf_value=0.0054330634082686569 0.0029066396868454736 -8.675453676140212e-05 -0.0021265952533613118 0.02424007004867006 0.0019703710569807242 0.00010410653307761475 0.035362307930488605 0.023347250207442424 -0.027283886981191833 -0.032421745378017196 0.0026713456961386939 -0.023866718809592208 -0.00029613780655416197 -0.0034172015914315512
leaf_weight=1215 72 456 144 57 1944 1726 137 80 406 81 1863 81 4349 916
leaf_count=1215 72 456 144 57 1944 1726 137 80 406 81 1863 81 4349 916
internal_value=-0.000129741 -0.0041358 -0.00958333 -0.00184211 9.84529e-05 0.00103535 -8.3014e-05 -0.000596745 -0.000999062 -0.000263158 -0.000744856 -0.00141791 -0.00122896 -0.00104558
internal_weight=13527 729 216 513 12798 3564 2349 2212 2132 9234 7290 5427 5346 5265
internal_count=13527 729 216 513 12798 3564 2349 2212 2132 9234 7290 5427 5346 5265
is_linear=0
shrinkage=0.03


Tree=180
num_leaves=15
num_cat=0
split_feature=15 40 24 63 7 67 13 40 18 13 63 65 15 69
split_gain=11.6492 14.009 16.9102 9.02561 7.76518 6.6805 12.5241 16.0217 13.8088 9.2438 10.908 10.845 9.31584 8.19837
threshold=1.0000000180025095e-35 0.27894736826419836 217.37500000000003 762.16110229492199 0.45220860838890081 144.84111022949222 353.17984008789068 0.69999998807907116 0.28125000000000006 403.03001403808599 77.860000610351577 7.8295834064483651 0.9170891046524049 118.80944442749025
decision_type=2 2 2 2 2 2 2 2 2 2 2 2 2 2
left_child=1 2 -1 4 -3 -2 7 8 -7 -8 -11 12 -12 -9
right_child=5 3 -4 -5 -6 6 9 13 -10 10 11 -13 -14 -15
leaf_value=0.0021902504587680304 -0.00014039163329721945 -2.1281220683100549e-05 -0.0047289567493647962 -0.018524808262530057 0.020114037427727875 -0.0013617917031643501 0.014752778375721079 -0.0050251999236878772 0.0059220904330077491 0.0039510864151908543 0.0037312343519285917 0.00040668570548810565 -0.040404567161986524 -0.045822975012616847
leaf_weight=108 7854 443 189 85 66 859 231 92 1100 1526 69 656 128 121
leaf_count=108 7854 443 189 85 66 859 231 92 1100 1526 69 656 128 121
internal_value=-1.10889e-06 -0.0033165 -0.00863636 -0.000656566 0.000854617 0.000232669 0.00111669 -0.000566298 0.000283308 0.00251724 0.00196091 -0.000756155 -0.00692893 -0.00838028
internal_weight=13527 891 297 594 509 12636 4782 2172 1959 2610 2379 853 197 213
internal_count=13527 891 297 594 509 12636 4782 2172 1959 2610 2379 853 197 213
is_linear=0
shrinkage=0.03


Tree=181
num_leaves=15
num_cat=0
split_feature=15 40 24 12 63 26 59 43 34 34 24 67 43 33
split_gain=11.135 13.8322 16.5513 8.90572 6.49948 8.4443 11.087 10.2564 6.25932 7.4747 7.11121 8.30258 7.39653 6.84295
threshold=1.0000000180025095e-35 0.27894736826419836 217.37500000000003 402.93750000000006 762.16110229492199 3739.5000000000005 2.5000000000000004 -0.47114434838294977 53.15368843078614 53.020620346069343 314.30952453613287 547.21417236328136 0.2269546836614609 69.806602478027358
decision_type=2 2 2 2 2 2 2 2 2 2 2 2 2 2
left_child=1 2 -1 4 5 -3 -7 -8 9 13 11 -10 -12 -2
right_child=8 3 -4 -5 -6 6 7 -9 10 -11 12 -13 -14 -15
leaf_value=0.002124542945004988 0.00014652973198749918 -5.6421842929441268e-05 -0.0045870880468838523 -0.03203184675916057 -0.010327594900277015 0.020999968700214547 0.020588481393312822 -0.025200037508973223 -2.3541914483306311e-05 0.0013931588588785182 -0.047620291134650411 -0.029355006934507297 0.0043479600972409797 0.0088358429501275461
leaf_weight=108 10935 213 189 54 69 125 81 52 1099 162 110 116 52 162
leaf_count=108 10935 213 189 54 69 125 81 52 1099 162 110 116 52 162
internal_value=-7.76225e-06 -0.00324916 -0.00853535 -0.000606061 0.000555556 0.00181529 0.00546512 -0.00056391 0.000220798 0.000454303 -0.00168845 -0.000901235 -0.00759259 0.000360908
internal_weight=13527 891 297 594 540 471 258 133 12636 11259 1377 1215 162 11097
internal_count=13527 891 297 594 540 471 258 133 12636 11259 1377 1215 162 11097
is_linear=0
shrinkage=0.03


Tree=182
num_leaves=15
num_cat=0
split_feature=15 40 24 0 26 67 67 13 14 40 28 13 33 40
split_gain=10.9049 12.3453 14.4972 11.8451 6.86122 8.39674 6.33157 10.2297 10.5354 10.5785 10.5058 9.80851 9.99412 15.8716
threshold=1.0000000180025095e-35 0.3315789550542832 217.37500000000003 483.16667175292974 3739.5000000000005 62.504028320312507 144.84111022949222 353.17984008789068 572.50000000000011 0.721052646636963 57.669908523559577 403.03001403808599 57.561595916748054 0.34210526943206793
decision_type=2 2 2 2 2 2 2 2 2 2 2 2 2 2
left_child=1 2 -1 4 -3 -6 -2 8 -8 10 -10 -9 -13 -14
right_child=6 3 -4 -5 5 -7 7 11 9 -11 -12 12 13 -15
leaf_value=0.0012518484307498978 -0.00013774447337215444 -5.472918764155803e-05 -0.0043717453943477261 -0.030621750846392612 0.0208705005470931 -8.8279640800292819e-05 0.0073543821984296143 0.014305799132489838 0.0098464565909203196 -0.035813056099542273 -0.0013427342948020549 0.0036149014294111301 -0.0048310490071629087 0.0012899740149724614
leaf_weight=128 7854 196 224 98 120 125 524 231 233 135 1280 1649 357 373
leaf_count=128 7854 196 224 98 120 125 524 231 233 135 1280 1649 357 373
internal_value=-7.76225e-06 -0.00321549 -0.00758523 -0.000361781 0.00173469 0.00508163 0.000218424 0.00107905 -0.000441989 -0.00162015 -0.000902181 0.00234483 0.00177175 -0.00115068
internal_weight=13527 891 352 539 441 245 12636 4782 2172 1648 1513 2610 2379 730
internal_count=13527 891 352 539 441 245 12636 4782 2172 1648 1513 2610 2379 730
is_linear=0
shrinkage=0.03


Tree=183
num_leaves=15
num_cat=0
split_feature=15 40 24 12 6 63 0 34 34 24 43 67 33 69
split_gain=10.7846 12.4585 15.0872 8.75152 6.92181 6.3326 7.10817 5.84076 8.43783 7.21656 7.39653 7.36831 6.92176 7.92955
threshold=1.0000000180025095e-35 0.27894736826419836 182.569938659668 402.93750000000006 0.45833332836627966 762.16110229492199 5.7916665077209482 53.15368843078614 53.020620346069343 314.30952453613287 0.2269546836614609 1169.9495849609377 69.806602478027358 82.752777099609389
decision_type=2 2 2 2 2 2 2 2 2 2 2 2 2 2
left_child=1 2 -1 5 -4 6 -3 8 12 11 -11 -9 -2 -14
right_child=7 3 4 -5 -6 -7 -8 9 -10 10 -12 -13 13 -15
leaf_value=0.018913140296561038 0.00014009972725894214 -2.7881700710399236e-05 -0.0015008915545803969 -0.030152238830993976 -0.0067593671566009523 -0.010055322506191197 0.017815224989599435 -0.00013304696262350128 0.0013257028708766948 -0.046187550066409719 0.0042216536285249141 -0.029184573376879557 0.014488415148785884 -0.0021714783234128721
leaf_weight=54 10935 320 81 54 162 69 151 1148 162 110 52 67 103 59
leaf_count=54 10935 320 81 54 162 69 151 1148 162 110 52 67 103 59
internal_value=-2.55045e-05 -0.00321549 -0.00823232 -0.000707071 -0.0114198 0.000444444 0.0016879 0.00019943 0.000424993 -0.00164488 -0.00759259 -0.000851852 0.000325764 0.00648148
internal_weight=13527 891 297 594 243 540 471 12636 11259 1377 162 1215 11097 162
internal_count=13527 891 297 594 243 540 471 12636 11259 1377 162 1215 11097 162
is_linear=0
shrinkage=0.03


Tree=184
num_leaves=15
num_cat=0
split_feature=15 21 40 24 6 34 24 43 67 59 1 1 69 24
split_gain=10.4545 12.1813 12.1324 11.8848 6.9177 5.72108 7.21656 7.39653 7.36831 6.49117 7.91566 8.14785 10.6589 10.5749
threshold=1.0000000180025095e-35 2.4958912134170537 0.27894736826419836 217.37500000000003 0.12500000372529033 53.15368843078614 314.30952453613287 0.2269546836614609 1169.9495849609377 1.5000000000000002 34.471046447753913 195.1905212402344 96.124584197998061 165.62500000000003
decision_type=2 2 2 2 2 2 2 2 2 2 2 2 2 2
left_child=1 -1 3 -3 -4 9 8 -8 -7 -2 -11 12 -12 -13
right_child=5 2 4 -5 -6 6 7 -9 -10 10 11 13 -14 -15
leaf_value=0.0076524488989816357 -6.5942649661741016e-05 -0.00088153335024521162 -0.029247671666064162 -0.006556586141902924 -4.3654636809789463e-05 -0.00012905555374480285 -0.04480192356441743 0.0040950040196691675 -0.028309036175573184 0.0064649557078991999 0.0048283842160642054 -0.024271000610230537 -0.0017533212844416911 0.0052677082432502596
leaf_weight=162 7269 81 54 162 432 1148 110 52 67 534 428 98 1925 1005
leaf_count=162 7269 81 54 162 432 1148 110 52 67 534 428 98 1925 1005
internal_value=-4.10291e-05 -0.00318182 -0.00483539 -0.0103086 -0.00209877 0.000180437 -0.00164488 -0.00759259 -0.000851852 0.000403677 0.00137594 0.000850694 -0.000146621 0.00297824
internal_weight=13527 891 729 243 486 12636 1377 162 1215 11259 3990 3456 2353 1103
internal_count=13527 891 729 243 486 12636 1377 162 1215 11259 3990 3456 2353 1103
is_linear=0
shrinkage=0.03


Tree=185
num_leaves=15
num_cat=0
split_feature=15 21 40 24 6 16 16 43 31 18 36 67 69 63
split_gain=10.2196 12.1813 12.1324 11.8848 6.9177 5.53394 6.74239 6.40443 6.07868 8.94921 10.0905 9.58838 8.18548 8.36967
threshold=1.0000000180025095e-35 2.4958912134170537 0.27894736826419836 217.37500000000003 0.12500000372529033 0.37635099887847906 0.17906609922647479 -0.032701563090086067 0.39729635417461401 0.23958333581686023 447.50000000000006 1.0419444441795351 896.30377197265636 308.78555297851568
decision_type=2 2 2 2 2 2 2 2 2 2 2 2 2 2
left_child=1 -1 3 -3 -4 6 7 -2 9 11 12 -7 13 -11
right_child=5 2 4 -5 -6 8 -8 -9 -10 10 -12 -13 -14 -15
leaf_value=0.0074228754320121966 0.017813515804189325 -0.00085508734973784863 -0.028370241516082233 -0.0063598885576458359 -4.2344997705495775e-05 -0.0034209551121646073 0.017661608487084313 -0.011555525316869443 -0.00029756288959370992 6.6175935216148023e-05 0.0021508675998905867 0.016773011105248477 0.016441544770965065 -0.0055645336119552885
leaf_weight=162 141 81 54 162 432 61 162 102 8505 2155 567 182 147 614
leaf_count=162 141 81 54 162 432 61 162 102 8505 2155 567 182 147 614
internal_value=-7.65136e-05 -0.00318182 -0.00483539 -0.0103086 -0.00209877 0.00014245 0.00359259 0.000432099 2.8207e-05 0.00103865 0.000650301 0.00660494 -6.17284e-05 -0.000427952
internal_weight=13527 891 729 243 486 12636 405 243 12231 3726 3483 243 2916 2769
internal_count=13527 891 729 243 486 12636 405 243 12231 3726 3483 243 2916 2769
is_linear=0
shrinkage=0.03


Tree=186
num_leaves=15
num_cat=0
split_feature=15 40 24 12 63 0 49 63 25 29 25 43 0 22
split_gain=11.2656 13.8322 16.9102 8.75152 6.3326 7.10817 5.44165 6.76001 6.74555 8.14821 7.02022 12.6159 14.3715 9.67033
threshold=1.0000000180025095e-35 0.27894736826419836 217.37500000000003 402.93750000000006 762.16110229492199 5.7916665077209482 1.0000000180025095e-35 2989.660278320313 627.02975463867199 3604.107788085938 852.58804321289074 -0.097964655607938753 726.00000000000011 6.5724310874938974
decision_type=2 2 2 2 2 2 2 2 2 2 2 2 2 2
left_child=1 2 -1 4 5 -3 7 -2 9 -8 11 13 -13 -10
right_child=6 3 -4 -5 -6 -7 8 -9 10 -11 -12 12 -14 -15
leaf_value=0.0014509079167403626 -0.00030012805205420712 -2.44652606536287e-05 -0.0037280477879624132 -0.027519134270599772 -0.0097510828419700157 0.016984700893843303 -0.0011277903351255868 0.019329086579236401 -0.0055343826945342123 0.0089967715995482762 0.00029309094799486954 0.0057800560689494325 -0.013831175541719042 0.0010179056346546567
leaf_weight=108 6806 320 189 54 69 151 1775 69 145 605 1891 612 61 672
leaf_count=108 6806 320 189 54 69 151 1775 69 145 605 1891 612 61 672
internal_value=-8.98204e-05 -0.00335017 -0.00863636 -0.000707071 0.000444444 0.0016879 0.000140076 -0.000429818 0.00082017 -0.000403361 0.00168146 0.00322148 0.006263 0.000716034
internal_weight=13527 891 297 594 540 471 12636 6875 5761 2380 3381 1490 673 817
internal_count=13527 891 297 594 540 471 12636 6875 5761 2380 3381 1490 673 817
is_linear=0
shrinkage=0.03


Tree=187
num_leaves=15
num_cat=0
split_feature=15 40 24 63 45 69 0 31 29 33 65 26 42 33
split_gain=11.0341 13.482 16.5513 8.23877 6.65017 7.87249 6.16972 6.03285 10.2116 12.341 10.5952 14.0439 10.7617 26.916
threshold=1.0000000180025095e-35 0.27894736826419836 217.37500000000003 762.16110229492199 1.0000000180025095e-35 63.960556030273445 5.7916665077209482 0.39729635417461401 1818.159851074219 38.638357162475593 1788.8999023437502 6992.0000000000009 0.77259656786918651 57.184299468994148
decision_type=2 2 2 2 2 2 2 2 2 2 2 2 2 2
left_child=1 2 -1 4 5 -3 -6 -2 9 -9 11 -11 -13 -14
right_child=7 3 -4 -5 6 -7 -8 8 -10 10 -12 12 13 -15
leaf_value=0.001407380679238157 0.00049630873625401413 -0.003130543273509524 -0.0036162063543235408 -0.014651731730096226 5.6591004171861188e-05 0.0082967900292975141 0.017198659676715689 -0.023131063038142458 0.0010345565220206199 -0.014886280943251447 0.0074718638497932137 0.00024457234046338261 0.01965803852730583 -0.0019605647483153365
leaf_weight=108 3726 99 189 85 215 98 97 81 5508 587 107 1952 126 549
leaf_count=108 3726 99 189 85 215 98 97 81 5508 587 107 1952 126 549
internal_value=-8.98204e-05 -0.0033165 -0.00853535 -0.000707071 0.000736739 -0.00357868 0.00346154 0.000137702 -0.000286195 -0.00157848 -0.0012963 -0.00160548 -0.000668062 -0.00393333
internal_weight=13527 891 297 594 509 197 312 12636 8910 3402 3321 3214 2627 675
internal_count=13527 891 297 594 509 197 312 12636 8910 3402 3321 3214 2627 675
is_linear=0
shrinkage=0.03


Tree=188
num_leaves=15
num_cat=0
split_feature=15 21 40 24 30 49 43 63 63 19 23 40 25 25
split_gain=9.3778 11.0513 10.546 9.5144 6.50232 6.13519 5.78129 5.56595 6.27395 5.73918 12.2867 7.18449 5.52541 7.14716
threshold=1.0000000180025095e-35 2.4958912134170537 0.27894736826419836 217.37500000000003 0.92857143282890331 1.0000000180025095e-35 -0.47114434838294977 2989.660278320313 1840.4576416015627 0.49454252421855932 22.472083091735843 0.23684210330247882 627.02975463867199 841.29623413085949
decision_type=2 2 2 2 2 2 2 2 2 2 2 2 2 2
left_child=1 6 3 -3 -4 7 -1 8 9 -2 -11 -12 -7 -14
right_child=5 2 4 -5 -6 12 -8 -9 -10 10 11 -13 13 -15
leaf_value=0.016637090849163084 -9.0299120328498492e-05 -0.00091518338712505811 -0.00045632649395351514 -0.0059487642766478822 0.022536479916478048 -0.00028253669024350889 -0.0014823761182318361 0.018734324719771687 -0.044495186970253897 -0.02056397107982311 0.0058049132487535534 -0.010297737206507264 0.0017974910103845064 0.00029149205025575498
leaf_weight=66 5901 81 432 162 54 2380 96 69 58 165 178 504 1291 2090
leaf_count=66 5901 81 432 162 54 2380 96 69 58 165 178 504 1291 2090
internal_value=-3.88113e-05 -0.00301347 -0.00458848 -0.00969136 -0.00203704 0.00017094 0.00407407 -0.000434182 -0.000520129 -0.000435685 -0.00274498 -0.000967742 0.000893074 0.00167258
internal_weight=13527 891 729 243 486 12636 162 6875 6806 6748 847 682 5761 3381
internal_count=13527 891 729 243 486 12636 162 6875 6806 6748 847 682 5761 3381
is_linear=0
shrinkage=0.03


Tree=189
num_leaves=15
num_cat=0
split_feature=15 40 24 12 63 26 58 43 49 65 19 23 15 40
split_gain=8.34636 10.9523 13.1819 10.4392 6.9572 6.11746 7.42472 6.99543 5.30523 5.28067 7.05126 10.5103 6.04874 6.72191
threshold=1.0000000180025095e-35 0.31052631139755255 217.37500000000003 402.93750000000006 762.16110229492199 3739.5000000000005 4.9949998855590829 -0.58216583728790272 1.0000000180025095e-35 3082.816040039063 0.49454252421855932 22.472083091735843 1.2100694179534914 0.56315791606903087
decision_type=2 2 2 2 2 2 2 2 2 2 2 2 2 2
left_child=1 2 -1 4 5 -3 -7 -8 9 10 -2 -12 13 -13
right_child=8 3 -4 -5 -6 6 7 -9 -10 -11 11 12 -14 -15
leaf_value=0.0014096305424079779 -0.00012414867586236315 -2.8348625261272418e-05 -0.0035116972189618368 -0.027108423719325651 -0.012564769904927553 0.018540366024666157 0.020304142727708162 -0.025408643959238579 0.00041442044248183761 0.0069971960079889418 -0.019947051947428417 -0.0014278062888034525 0.00051834424083997634 -0.03316378663753429
leaf_weight=120 5901 201 210 51 63 121 71 54 5761 159 165 172 360 118
leaf_count=120 5901 201 210 51 63 121 71 54 5761 159 165 172 360 118
internal_value=-3.88113e-05 -0.00284512 -0.00718182 -0.000294118 0.001 0.00231544 0.0054878 0.00036 0.000159069 -0.000403636 -0.000531566 -0.00314724 -0.00143077 -0.00465517
internal_weight=13527 891 330 561 510 447 246 125 12636 6875 6716 815 650 290
internal_count=13527 891 330 561 510 447 246 125 12636 6875 6716 815 650 290
is_linear=0
shrinkage=0.03


Tree=190
num_leaves=15
num_cat=0
split_feature=15 40 24 24 11 24 31 29 65 28 67 18 67 13
split_gain=8.65742 11.0717 13.2931 9.63337 7.11534 5.75374 5.00901 8.91043 12.0334 11.6759 9.59498 8.84596 9.58838 8.68765
threshold=1.0000000180025095e-35 0.31052631139755255 182.569938659668 255.14286041259768 3.3650000095367436 202.08184051513675 0.39729635417461401 1818.159851074219 89.676666259765639 176.5704040527344 595.75207519531261 0.23958333581686023 1.0419444441795351 80.440532684326186
decision_type=2 2 2 2 2 2 2 2 2 2 2 2 2 2
left_child=1 2 -1 5 -4 -3 11 8 9 10 -8 12 -2 -9
right_child=6 3 4 -5 -6 -7 7 13 -10 -11 -12 -13 -14 -15
leaf_value=0.017809920067129753 -0.0034301102335129127 0.0032114527329355535 -0.0010610507248042334 0.00015848275053824751 -0.0034065319391458973 -0.012960098370071945 -0.0026633166827463926 -0.012133300944957718 0.00019090427896577999 -0.025676360431811502 0.0036747586552432487 0.00024881370753067447 0.016107201591185123 0.0016701087350440779
leaf_weight=60 61 153 60 204 210 204 1587 324 1454 270 91 3483 182 5184
leaf_count=60 61 153 60 204 210 204 1587 324 1454 270 91 3483 182 5184
internal_value=-5.43358e-05 -0.00291246 -0.00727273 -0.000347594 -0.0101111 -0.00331933 0.000147198 -0.000239057 -0.00144621 -0.00298768 -0.00205602 0.00107085 0.00660494 0.000506536
internal_weight=13527 891 330 561 270 357 12636 8910 3402 1948 1678 3726 243 5508
internal_count=13527 891 330 561 270 357 12636 8910 3402 1948 1678 3726 243 5508
is_linear=0
shrinkage=0.03


Tree=191
num_leaves=15
num_cat=0
split_feature=15 40 24 13 25 67 40 0 36 56 12 67 15 15
split_gain=8.29368 10.9523 13.1819 9.78677 6.76552 5.52588 12.6939 33.0978 13.0048 14.4289 9.97378 9.52646 11.876 11.8531
threshold=1.0000000180025095e-35 0.31052631139755255 217.37500000000003 497.56721496582037 705.73126220703136 144.84111022949222 0.66842105984687816 349.08332824707037 7.5000000000000009 47.500000000000007 473.69792175292974 976.25097656250011 1.1868373751640322 3.4570863246917729
decision_type=2 2 2 2 2 2 2 2 2 2 2 2 2 2
left_child=1 2 -1 4 -3 -2 10 8 9 -8 11 12 -7 -13
right_child=5 3 -4 -5 -6 6 7 -9 -10 -11 -12 13 -14 -15
leaf_value=0.00083304402412183616 -0.00017201681523122718 -5.069814333957793e-06 -0.0033043359809715209 -0.022220409645351116 0.017055640849180487 0.01275837199363445 0.0078167396198209269 0.0031815856848847269 -0.037241567675825232 -0.052646960605035799 -0.00032719185517967372 -0.0041996387268640363 0.0013952172442811639 0.015728332768761719
leaf_weight=120 7854 306 210 153 102 1010 126 102 191 127 587 774 1664 201
leaf_count=120 7854 306 210 153 102 1010 126 102 191 127 587 774 1664 201
internal_value=-4.76824e-05 -0.00284512 -0.00718182 -0.000294118 0.00213235 0.000149573 0.000953576 -0.00335165 -0.00689189 -0.00243083 0.0015085 0.00209235 0.00301795 -0.000446154
internal_weight=13527 891 330 561 408 12636 4782 546 444 253 4236 3649 2674 975
internal_count=13527 891 330 561 408 12636 4782 546 444 253 4236 3649 2674 975
is_linear=0
shrinkage=0.03


Tree=192
num_leaves=15
num_cat=0
split_feature=15 40 24 13 25 16 16 43 31 30 69 42 0 67
split_gain=8.30683 10.9523 13.1819 9.78677 6.76552 6.49222 8.06584 6.40443 5.69736 8.56126 9.92663 8.43513 9.26308 8.37309
threshold=1.0000000180025095e-35 0.31052631139755255 217.37500000000003 497.56721496582037 705.73126220703136 0.37635099887847906 0.17906609922647479 -0.032701563090086067 0.39729635417461401 0.81696426868438732 896.30377197265636 0.29012925922870642 108.20833206176759 310.98959350585943
decision_type=2 2 2 2 2 2 2 2 2 2 2 2 2 2
left_child=1 2 -1 4 -3 6 7 -2 9 11 13 12 -7 -11
right_child=5 3 -4 -5 -6 8 -8 -9 -10 10 -12 -13 -14 -15
leaf_value=0.00080805270339816986 0.017302805014058693 -4.9177199039390599e-06 -0.0032052059015423751 -0.021553797355990584 0.016543971623705061 -0.0025028317567198114 0.01671575979999888 -0.011171276767156662 -0.00031972528758733354 2.1686944809216915e-05 0.031782856942430833 0.0047777960392691018 0.0016133196384561055 -0.026317114921072828
leaf_weight=120 141 306 210 153 102 294 162 102 8505 1366 93 858 630 485
leaf_count=120 141 306 210 153 102 294 162 102 8505 1366 93 858 630 485
internal_value=-4.54646e-05 -0.00284512 -0.00718182 -0.000294118 0.00213235 0.000151947 0.00388889 0.000432099 2.8207e-05 0.00100644 -0.00037037 0.00250842 0.000519481 -0.000850891
internal_weight=13527 891 330 561 408 12636 405 243 12231 3726 1944 1782 924 1851
internal_count=13527 891 330 561 408 12636 405 243 12231 3726 1944 1782 924 1851
is_linear=0
shrinkage=0.03


Tree=193
num_leaves=15
num_cat=0
split_feature=15 40 24 13 25 67 40 0 56 36 12 67 9 13
split_gain=8.30923 10.7829 13.1819 9.62567 6.3268 5.43312 9.74979 29.797 14.1184 10.2025 9.63464 10.9735 11.0845 9.7261
threshold=1.0000000180025095e-35 0.31052631139755255 217.37500000000003 497.56721496582037 705.73126220703136 144.84111022949222 0.66842105984687816 349.08332824707037 47.500000000000007 7.5000000000000009 411.63542175292974 976.25097656250011 0.55375000834465038 353.17984008789068
decision_type=2 2 2 2 2 2 2 2 2 2 2 2 2 2
left_child=1 2 -1 4 -3 -2 10 8 9 -8 11 13 -13 -7
right_child=5 3 -4 -5 -6 6 7 -9 -10 -11 -12 12 -14 -15
leaf_value=0.00078381112229622288 -0.00015073541946905144 -4.7701883068208878e-06 -0.0031090497244961042 -0.020907183435310867 0.016047652474993897 0.0042956205369580848 0.007591829189853936 0.0030957298729657975 -0.057189558077754402 -0.011121434230593624 -0.00027314087968943745 0.00064850922432483575 -0.022908688140113254 0.0085307364148878764
leaf_weight=120 7854 306 210 153 102 1337 126 102 224 94 819 846 84 1150
leaf_count=120 7854 306 210 153 102 1337 126 102 224 94 819 846 84 1150
internal_value=-7.87314e-05 -0.00287879 -0.00718182 -0.000347594 0.00205882 0.000118708 0.000915935 -0.00285714 -0.00621622 -0.000818182 0.00140227 0.00210272 -0.000677419 0.00314234
internal_weight=13527 891 330 561 408 12636 4782 546 444 220 4236 3417 930 2487
internal_count=13527 891 330 561 408 12636 4782 546 444 220 4236 3417 930 2487
is_linear=0
shrinkage=0.03


Tree=194
num_leaves=15
num_cat=0
split_feature=11 11 12 14 14 14 40 23 43 69 14 36 40 67
split_gain=6.71373 7.21095 16.4358 10.1457 9.65407 11.4147 16.8141 11.3241 11.2259 10.2716 13.7291 13.1318 10.8715 9.85612
threshold=3.4815278053283696 2.3673611879348759 41.822916030883796 570.50000000000011 3258.0000000000005 2131.5000000000005 0.10000000149011613 22.472083091735843 -0.47114434838294977 481.94569396972662 4481.0000000000009 2.5000000000000004 0.67894738912582409 0.093888889998197569
decision_type=2 2 2 2 2 2 2 2 2 2 2 2 2 2
left_child=1 2 -1 -4 5 -5 -7 -8 13 11 -11 12 -10 -6
right_child=-2 -3 3 4 8 6 7 -9 9 10 -12 -13 -14 -15
leaf_value=-0.031065554736898159 -0.00022413188551776209 0.0022914232283685054 0.0086162122429138746 -4.822476154555666e-06 -0.00038532245589906644 0.0053201810814684737 -0.022809834951343491 -0.0046796174751255479 -0.0040018756756265627 -0.0067047957014299258 0.0098149164920638115 0.00013470722540910083 -0.033425892037675486 0.012371200671901006
leaf_weight=81 3726 2268 486 2916 355 180 213 1065 192 107 210 898 129 701
leaf_count=81 3726 2268 486 2916 355 180 213 1065 192 107 210 898 129 701
internal_value=-4.32468e-05 0.00036884 -7.76583e-05 6.8438e-05 -0.000223945 -0.00108368 -0.00325103 -0.00446009 0.00122685 -0.000410156 0.00440063 -0.0016612 -0.00686916 0.00360795
internal_weight=13527 9801 7533 7452 6966 4374 1458 1278 2592 1536 317 1219 321 1056
internal_count=13527 9801 7533 7452 6966 4374 1458 1278 2592 1536 317 1219 321 1056
is_linear=0
shrinkage=0.03


Tree=195
num_leaves=15
num_cat=0
split_feature=11 34 63 69 42 67 12 15 3 40 35 34 65 24
split_gain=6.16464 7.23938 13.3388 9.55464 9.27494 22.5017 16.9908 9.1374 8.76893 11.491 8.38112 7.60079 7.0417 10.119
threshold=3.4815278053283696 50.78740310668946 1123.3397216796877 1856.903747558594 -0.9103761315345763 5.6088891029357919 265.48959350585943 14.42046642303467 15.635231494903566 0.17368421703577044 164.62347412109378 50.754964828491218 858.07736206054699 148.58184051513675
decision_type=2 2 2 2 2 2 2 2 2 2 2 2 2 2
left_child=1 8 3 4 5 -3 -7 10 11 -10 -6 12 -1 -14
right_child=-2 2 -4 -5 7 6 -8 -9 9 -11 -12 -13 13 -15
leaf_value=0.00018797591964549553 -0.00021740792895222683 0.0041891513775993905 -0.042623346941880441 0.017495381040693255 -0.011200954053118273 -0.035847949754562375 0.0047313000281629589 -0.0023199169770479508 -0.0080005971166187614 0.017263317274847617 -0.0004029993137956955 0.024756218104473645 -0.016874113854406323 0.0059079849934040229
leaf_weight=5753 3726 230 132 94 136 130 79 204 51 192 1830 81 64 825
leaf_count=5753 3726 230 132 94 136 130 79 204 51 192 1830 81 64 825
internal_value=-3.21579e-05 0.000362718 -0.000915344 -0.000460599 -0.000799157 0.00317768 -0.00394737 -0.00160369 0.00088286 0.00648148 -0.000976602 0.0006805 0.000569106 0.00305399
internal_weight=13527 9801 2835 2703 2609 439 209 2170 6966 243 1966 6723 6642 889
internal_count=13527 9801 2835 2703 2609 439 209 2170 6966 243 1966 6723 6642 889
is_linear=0
shrinkage=0.03


Tree=196
num_leaves=15
num_cat=0
split_feature=11 11 12 14 40 28 17 65 69 35 42 34 65 24
split_gain=5.87176 6.8116 16.4066 9.32483 9.8583 9.01144 8.68985 9.64205 10.5716 9.60091 9.36145 15.1482 8.31278 8.08135
threshold=3.4815278053283696 2.3673611879348759 41.822916030883796 570.50000000000011 0.13157894462347033 398.52995300292974 106.17000198364259 3.3130555152893071 552.17166137695324 163.65486145019534 0.88144907355308544 52.029167175292976 903.74404907226574 238.69791412353518
decision_type=2 2 2 2 2 2 2 2 2 2 2 2 2 2
left_child=1 2 -1 4 -4 6 7 -5 9 -9 11 12 -11 -7
right_child=-2 -3 3 5 -6 13 -8 8 -10 10 -12 -13 -14 -15
leaf_value=-0.030139227372380579 -0.00021088569108366426 0.0022455279950138163 0.018355089656959214 0.0027487343184409638 0.0050104257201125857 0.00055429260947143172 -0.0025237438605416385 -0.027538556218016357 0.0035069829184673916 0.00070262399084018766 -0.0036713363385283502 -0.024192854030992857 -0.013901944019554389 0.010596496898788854
leaf_weight=81 3726 2268 78 1320 408 891 1620 70 469 1295 415 249 151 486
leaf_count=81 3726 2268 78 1320 408 891 1620 70 469 1295 415 249 151 486
internal_value=-4.10291e-05 0.000344353 -8.96057e-05 5.63607e-05 0.00407407 -0.000223945 -0.000759528 -3.77929e-06 -0.00104757 -0.00192661 -0.00156398 -0.000575221 0.00060166 0.00194989
internal_weight=13527 9801 7533 7452 486 6966 5589 3969 2649 2180 2110 1695 1446 1377
internal_count=13527 9801 7533 7452 486 6966 5589 3969 2649 2180 2110 1695 1446 1377
is_linear=0
shrinkage=0.03


Tree=197
num_leaves=15
num_cat=0
split_feature=11 69 65 67 3 12 12 43 9 34 19 11 12 14
split_gain=5.88126 6.42672 6.71329 6.16705 14.409 9.12325 10.9317 7.59925 10.2988 10.1924 6.09631 6.00038 16.4943 9.15741
threshold=3.4815278053283696 2132.369506835938 77.359165191650405 530.73556518554699 8.5608682632446307 469.72917175292974 411.63542175292974 -0.93540480732917775 0.97505787014961254 47.841661453247077 0.44945991039276129 2.3673611879348759 41.822916030883796 570.50000000000011
decision_type=2 2 2 2 2 2 2 2 2 2 2 2 2 2
left_child=11 3 -3 5 10 6 7 8 -2 -10 -5 12 -1 -14
right_child=1 2 -4 4 -6 -7 -8 -9 9 -11 -12 -13 13 -15
leaf_value=-0.02923505055120916 0.012959712242891497 0.038257852862033023 -3.4414759377998649e-06 -0.0033516364376914654 0.0011037275323275608 -0.005413537938600008 0.0013515823627418078 -0.00028477903647607838 0.001920200465587758 -0.00040747635891504188 -0.024113462078111547 0.0021781621551633899 0.0080597607633707373 -0.0002026018071416047
leaf_weight=81 167 52 80 111 116 401 230 2116 55 77 321 2268 486 6966
leaf_count=81 167 52 80 111 116 401 230 2116 55 77 321 2268 486 6966
internal_value=-3.21579e-05 -0.0010467 0.00545455 -0.00128548 -0.00421533 -0.000758372 -0.000119093 -0.000714286 0.00376254 -0.0025 -0.00673611 0.000353535 -5.37634e-05 9.25926e-05
internal_weight=13527 3726 132 3594 548 3046 2645 2415 299 132 432 9801 7533 7452
internal_count=13527 3726 132 3594 548 3046 2645 2415 299 132 432 9801 7533 7452
is_linear=0
shrinkage=0.03


Tree=198
num_leaves=15
num_cat=0
split_feature=56 12 34 25 40 65 67 28 67 0 16 67 22 29
split_gain=5.21556 9.49852 5.80016 9.11581 7.81837 7.81755 6.51736 8.77092 7.7028 7.83477 6.42016 6.13718 6.95536 9.37471
threshold=201.50000000000003 411.63542175292974 47.209875106811531 1031.3113403320315 0.57368421554565441 921.89028930664074 931.41183471679699 389.64540100097662 764.33416748046886 471.75000000000006 1.3912782669067385 4777.4560546875009 5.8562464714050302 3604.107788085938
decision_type=2 2 2 2 2 2 2 2 2 2 2 2 2 2
left_child=2 -2 3 5 -5 6 8 -8 9 -1 -7 12 13 -4
right_child=1 -3 11 4 -6 10 7 -9 -10 -11 -12 -13 -14 -15
leaf_value=0.0040811343776916637 -0.017698686009958334 0.00050666109506703361 0.00036948648835214202 -0.035744467891705531 0.00038272501981535416 -0.00028320895393278532 -0.0080662895191413054 0.021006061834103668 0.018781907499840971 -0.0063933053822743165 0.017648836507266376 -0.0091526701358466984 -0.00018183674890613676 0.019957228901865642
leaf_weight=1754 186 52 726 106 51 119 181 63 71 437 284 56 9144 297
leaf_count=1754 186 52 726 106 51 119 181 63 71 437 284 56 9144 297
internal_value=-9.98004e-06 -0.00441176 6.88539e-05 0.00121331 -0.00582803 0.00159333 0.000969673 -0.00368852 0.00147215 0.00115701 0.00547146 -0.000274381 -0.000219829 0.0021261
internal_weight=13527 238 13289 3066 157 2909 2506 244 2262 2191 403 10223 10167 1023
internal_count=13527 238 13289 3066 157 2909 2506 244 2262 2191 403 10223 10167 1023
is_linear=0
shrinkage=0.03


Tree=199
num_leaves=15
num_cat=0
split_feature=10 27 24 40 63 31 18 67 21 40 2 68 43 24
split_gain=5.18148 4.70363 10.6944 6.86936 6.19136 5.68555 8.84596 8.91079 8.1437 10.7606 8.85647 13.2014 13.303 13.2182
threshold=1.9065037965774538 69.286941528320327 243.51785278320315 0.15263157337903979 1023.5365295410157 0.39729635417461401 0.23958333581686023 1.0419444441795351 2.3367766141891484 0.721052646636963 147.50000000000003 1.0000000180025095e-35 -0.47114434838294977 361.11161804199224
decision_type=2 2 2 2 2 2 2 2 2 2 2 2 2 2
left_child=1 5 -3 -4 -5 6 7 -1 9 -7 -10 12 -12 -14
right_child=-2 2 3 4 -6 8 -8 -9 10 -11 11 -13 13 -15
leaf_value=-0.003380964114968714 -0.017143760122323905 0.00050872954143821758 0.017817374500882093 0.0057268851841618049 0.028765613564454999 0.0039875478580888224 4.9523916471327918e-05 0.014821928088545695 0.00078769078097869812 -0.023561480019826043 -0.025105070013714106 -0.00076306010604710206 -0.012867020435413736 0.0037347759476586881
leaf_weight=61 81 2025 90 312 84 897 3483 182 1782 156 182 3818 241 133
leaf_count=61 81 2025 90 312 84 897 3483 182 1782 156 182 3818 241 133
internal_value=-2.77223e-05 1.78492e-05 0.00118877 0.00518519 0.00348485 -0.000251029 0.000700483 0.00623457 -0.000742821 0.00169516 -0.00115984 -0.00188615 -0.00620504 -0.00296791
internal_weight=13527 13446 2511 486 396 10935 3726 243 7209 1053 6156 4374 556 374
internal_count=13527 13446 2511 486 396 10935 3726 243 7209 1053 6156 4374 556 374
is_linear=0
shrinkage=0.03


Tree=200
num_leaves=15
num_cat=0
split_feature=11 69 65 11 12 14 40 14 0 11 33 33 69 40
split_gain=5.43022 5.93924 6.1655 5.80418 16.4358 8.43165 9.46003 8.56018 8.51955 7.39645 7.15822 7.55657 7.51508 7.34722
threshold=3.4815278053283696 2132.369506835938 77.359165191650405 2.3673611879348759 41.822916030883796 570.50000000000011 0.13157894462347033 9997.5000000000018 569.12500000000011 2.4268056154251103 69.806602478027358 61.56684875488282 82.752777099609389 0.75263157486915599
decision_type=2 2 2 2 2 2 2 2 2 2 2 2 2 2
left_child=3 -2 -3 4 -1 6 -6 10 -9 -5 11 -7 -12 -13
right_child=1 2 -4 9 5 7 -8 8 -10 -11 12 13 -14 -15
leaf_value=-0.02796653331914329 -0.00024946198407697293 0.037283485844347354 -7.7781557337366355e-05 0.021988069695978163 0.017552837360573371 -0.00023454118051915884 0.0046171899836370796 0.021171382105704017 0.00029464044283266766 0.001304676501188844 0.01290186820087884 -0.0044797490035586749 -0.0020524006792425986 0.0040900502480084771
leaf_weight=81 3594 52 80 81 78 5589 408 162 324 2187 103 648 59 81
leaf_count=81 3594 52 80 81 78 5589 408 162 324 2187 103 648 59 81
internal_value=-4.76824e-05 -0.00102254 0.00522727 0.000322926 -7.76583e-05 6.8438e-05 0.00388889 -0.000198105 0.00364198 0.00165344 -0.000486111 -0.000645774 0.00574074 -0.00351852
internal_weight=13527 3726 132 9801 7533 7452 486 6966 486 2268 6480 6318 162 729
internal_count=13527 3726 132 9801 7533 7452 486 6966 486 2268 6480 6318 162 729
is_linear=0
shrinkage=0.03


Tree=201
num_leaves=15
num_cat=0
split_feature=10 27 24 40 31 21 40 63 15 23 40 11 24 23
split_gain=5.17541 4.5488 10.1682 7.09794 6.48137 7.79884 10.5091 8.1537 16.7584 11.108 21.8916 12.3198 9.79436 9.69697
threshold=1.9065037965774538 69.286941528320327 243.51785278320315 0.15263157337903979 0.39729635417461401 2.3367766141891484 0.721052646636963 50.031944274902351 1.6903789639472964 22.432222366333011 0.2578947395086289 1.3652777671813967 209.47023773193362 23.294860839843754
decision_type=2 2 2 2 2 2 2 2 2 2 2 2 2 2
left_child=1 4 -3 -4 -1 6 -6 9 12 10 11 -7 -9 -10
right_child=-2 2 3 -5 5 7 -8 8 13 -11 -12 -13 -14 -15
leaf_value=0.00010374518773039643 -0.016621963459131882 0.00041150685966189648 0.01696880065197786 0.0090931058155030303 0.003875405281868458 -0.0013650373033885542 -0.022847599383815708 -0.003217458015305361 0.00022545338361034339 0.00052366783101526421 -0.016246768248195442 0.013056080801434078 -0.018613747396031777 -0.0031680837625217163
leaf_weight=3726 81 2025 90 396 897 149 156 383 1100 3072 589 219 394 250
leaf_count=3726 81 2025 90 396 897 149 156 383 1100 3072 589 219 394 250
internal_value=-3.21579e-05 1.33869e-05 0.00116487 0.00506173 -0.000251029 -0.000776113 0.00160969 -0.00118421 -0.00268688 -0.000390916 -0.00321317 0.00252717 -0.00619691 -0.000666667
internal_weight=13527 13446 2511 486 10935 7209 1053 6156 2127 4029 957 368 777 1350
internal_count=13527 13446 2511 486 10935 7209 1053 6156 2127 4029 957 368 777 1350
is_linear=0
shrinkage=0.03


Tree=202
num_leaves=15
num_cat=0
split_feature=10 27 24 40 63 31 65 40 25 3 69 40 12 33
split_gain=5.17541 4.5488 10.1682 7.09794 5.90159 5.78218 7.78104 10.8887 7.63289 7.47193 7.28741 9.132 9.6474 9.47116
threshold=1.9065037965774538 69.286941528320327 243.51785278320315 0.15263157337903979 1039.7578735351565 0.39729635417461401 472.89874267578131 0.29999999701976782 542.59298706054699 19.187766075134281 428.74276733398443 0.721052646636963 119.57291412353517 61.232393264770515
decision_type=2 2 2 2 2 2 2 2 2 2 2 2 2 2
left_child=1 5 -3 -4 -5 6 8 -8 -1 10 11 -10 -13 -14
right_child=-2 2 3 4 -6 -7 7 -9 9 -11 -12 12 13 -15
leaf_value=-0.00027594035196378263 -0.016123304555357924 0.00039916165387205105 0.016459736632418523 0.0053053936383011899 0.027844757379133167 -0.00049931637220154809 0.01065648536748796 0.00012914367768670053 -0.00010837633337236641 0.021325315249466906 0.017097045972289029 0.0018743386274441985 -0.016923447059017625 0.0059258511032778344
leaf_weight=1154 81 2025 90 315 81 7209 221 295 1576 81 115 96 104 84
leaf_count=1154 81 2025 90 315 81 7209 221 295 1576 81 115 96 104 84
internal_value=-3.21579e-05 1.33869e-05 0.00116487 0.00506173 0.00333333 -0.000251029 0.000708535 0.00412791 0.000158879 0.00125486 0.000888608 0.000435484 0.00538732 0.00143617
internal_weight=13527 13446 2511 486 396 10935 3726 516 3210 2056 1975 1860 284 188
internal_count=13527 13446 2511 486 396 10935 3726 516 3210 2056 1975 1860 284 188
is_linear=0
shrinkage=0.03


Tree=203
num_leaves=15
num_cat=0
split_feature=10 27 24 40 63 31 18 67 65 63 21 14 65 36
split_gain=5.16024 4.44871 9.65525 7.07577 6.1433 5.21667 7.84632 8.25803 7.44249 12.6936 12.2698 11.4381 10.3806 9.84635
threshold=1.9065037965774538 69.286941528320327 243.51785278320315 0.14210525900125506 1039.7578735351565 0.39729635417461401 0.23958333581686023 1.0419444441795351 95.104999542236342 80.381389617919936 2.7280702590942387 731.00000000000011 143.94972229003909 39.000000000000007
decision_type=2 2 2 2 2 2 2 2 2 2 2 2 2 2
left_child=1 5 -3 -4 -5 6 7 -1 9 -7 -11 -10 -13 -12
right_child=-2 2 3 4 -6 8 -8 -9 11 10 13 12 -14 -15
leaf_value=-0.003365250773609114 -0.015639605418697189 0.00038718680425588121 0.015965944533445971 0.0051070716152127769 0.027117096409010378 -0.00046808023944959308 3.5002004420512379e-05 0.014033694696162828 0.015314564039829833 0.0021394910884807851 -0.020942593038822566 0.0066725859625612303 -0.00027667269727321475 -0.0013994005145887467
leaf_weight=61 81 2025 84 320 82 3041 3483 182 297 323 508 306 2351 383
leaf_count=61 81 2025 84 320 82 3041 3483 182 297 323 508 306 2351 383
internal_value=-4.32468e-05 2.23115e-06 0.00114098 0.00493827 0.00328358 -0.000259259 0.000652174 0.0058642 -0.000730337 -0.00153349 -0.00412685 0.00042654 -0.000197591 -0.00594276
internal_weight=13527 13446 2511 486 402 10935 3726 243 7209 4255 1214 2954 2657 891
internal_count=13527 13446 2511 486 402 10935 3726 243 7209 4255 1214 2954 2657 891
is_linear=0
shrinkage=0.03


Tree=204
num_leaves=15
num_cat=0
split_feature=10 27 24 40 63 2 40 13 65 13 67 16 65 42
split_gain=5.1663 4.32142 9.40375 7.18651 6.26909 5.00463 11.5905 13.8845 10.445 9.41295 8.86632 7.95592 7.81981 8.85754
threshold=1.9065037965774538 69.286941528320327 243.51785278320315 0.14210525900125506 1039.7578735351565 185.00000000000003 0.50000000000000011 236.02996063232425 469.22569274902349 236.02996063232425 162.60569000244143 1.0410295724868777 585.70541381835949 0.91037613153457653
decision_type=2 2 2 2 2 2 2 2 2 2 2 2 2 2
left_child=1 -1 5 -4 -5 8 9 -8 10 -7 -3 -9 -11 -14
right_child=-2 2 3 4 -6 6 7 11 -10 12 -12 -13 13 -15
leaf_value=-9.2669416104218522e-05 -0.01517041725613627 -0.0056536632796252671 0.0154869661974426 0.004953859466756385 0.026303583516740073 0.0093104068603539012 -0.00095046800190505814 -0.019871727030924866 -0.021544080124626597 -0.014931140313996316 0.019288524590696354 0.035640027245799552 -0.010631504767767738 0.011905471786405504
leaf_weight=10935 81 306 84 320 82 288 198 66 176 355 166 297 115 58
leaf_count=10935 81 306 84 320 82 288 198 66 176 355 166 297 115 58
internal_value=-3.88113e-05 6.69344e-06 0.00112903 0.00487654 0.00320896 0.00022963 0.00125272 0.00457219 -0.00194444 -0.00102941 0.000381356 0.00805785 -0.00340909 0.00182081
internal_weight=13527 13446 2511 486 402 2025 1377 561 648 816 472 363 528 173
internal_count=13527 13446 2511 486 402 2025 1377 561 648 816 472 363 528 173
is_linear=0
shrinkage=0.03


Tree=205
num_leaves=15
num_cat=0
split_feature=10 28 29 43 0 24 40 35 43 33 40 24 40 40
split_gain=5.1572 4.1388 7.69645 13.1438 13.23 6.26126 9.07558 7.46713 6.19507 5.8146 9.97362 5.32959 13.6473 13.225
threshold=1.9065037965774538 398.52995300292974 6126.0910644531259 -0.52778512239456166 216.00000000000003 238.69791412353518 0.14210525900125506 166.99986267089847 -0.47114434838294977 34.277441024780281 0.58421051502227794 244.98660278320315 0.69999998807907116 0.75263157486915599
decision_type=2 2 2 2 2 2 2 2 2 2 2 2 2 2
left_child=1 2 9 -4 -5 -3 -7 -8 -9 10 -1 12 -11 -13
right_child=-2 5 3 4 -6 6 7 8 -10 11 -12 13 -14 -15
leaf_value=-0.029804593464034704 -0.014715304738452182 0.00031773489864604263 -0.025929351023292791 -0.014327434664830836 0.0082198201660948125 0.015022357211519335 0.013271909427134942 0.01147095702374564 -0.016497376025545983 -7.6071507947528261e-05 0.00092037633609640536 6.8185311630190401e-06 -0.011326283387520614 0.0022779881498605457
leaf_weight=112 81 1296 93 50 100 98 268 99 102 3886 50 5760 812 720
leaf_count=112 81 1296 93 50 100 98 268 99 102 3886 50 5760 812 720
internal_value=-4.54646e-05 0 -0.000211085 -0.00549383 0 0.0013124 0.0039418 0.00220682 -0.00216418 -9.78836e-05 -0.00574074 -1.61031e-05 -0.000785441 0.000541667
internal_weight=13527 13446 11583 243 150 1863 567 469 201 11340 162 11178 4698 6480
internal_count=13527 13446 11583 243 150 1863 567 469 201 11340 162 11178 4698 6480
is_linear=0
shrinkage=0.03


Tree=206
num_leaves=15
num_cat=0
split_feature=10 28 29 43 1 65 56 40 65 65 22 2 33 40
split_gain=5.15417 4.24086 7.69126 7.10562 6.68723 6.236 6.22893 6.15588 6.14837 5.52539 5.19525 5.59718 8.43296 15.8943
threshold=1.9065037965774538 43.227272033691413 487.13194274902349 0.2269546836614609 2471.563598632813 417.61790466308599 66.500000000000014 0.52105262875556957 1199.5562744140627 350.52777099609381 8.8598527908325213 659.00000000000011 54.27380561828614 0.41578947007656103
decision_type=2 2 2 2 2 2 2 2 2 2 2 2 2 2
left_child=1 2 5 -4 10 6 -1 -7 -6 -8 11 -3 -13 -14
right_child=-2 4 3 -5 8 7 9 -9 -10 -11 -12 12 13 -15
leaf_value=-0.00020866530172148533 -0.014273845596298617 -0.00012126473127297643 -0.042189370608439802 0.0049212568471786395 -0.022300033299659926 0.016166903737120143 -0.026500010258776366 -0.015154242287561889 0.025689276893730021 1.3719564404999218e-05 0.010759676743592265 -0.00034325099765073917 -2.0698387306943289e-05 0.0031717135342334488
leaf_weight=2178 81 6399 110 52 252 156 73 54 72 50 81 1620 1160 1189
leaf_count=2178 81 6399 110 52 252 156 73 54 72 50 81 1620 1160 1189
internal_value=-4.76824e-05 -2.23115e-06 -0.00107183 -0.00740741 0.000263158 -0.000663082 -0.00111473 0.00428571 -0.00398148 -0.00768293 0.000394775 0.000335648 0.00122071 0.00236909
internal_weight=13527 13446 2673 162 10773 2511 2301 210 324 123 10449 10368 3969 2349
internal_count=13527 13446 2673 162 10773 2511 2301 210 324 123 10449 10368 3969 2349
is_linear=0
shrinkage=0.03


Tree=207
num_leaves=15
num_cat=0
split_feature=10 27 24 40 63 26 25 43 69 27 40 3 23 65
split_gain=5.10581 4.20581 8.48784 6.36942 5.90751 4.84248 9.59496 7.49434 7.20375 8.37033 12.9975 8.31302 8.06691 6.78924
threshold=1.9065037965774538 69.286941528320327 243.51785278320315 0.14210525900125506 1039.7578735351565 4272.5000000000009 372.13220214843756 -0.16280825436115262 2787.297729492188 63.568168640136726 0.23684210330247882 0.0075231480877846488 22.138889312744144 3609.760131835938
decision_type=2 2 2 2 2 2 2 2 2 2 2 2 2 2
left_child=1 5 -3 -4 -5 6 7 -1 9 13 11 -11 -10 -7
right_child=-2 2 3 4 -6 8 -8 -9 12 10 -12 -13 -14 -15
leaf_value=0.0067387329322222377 -0.013845630228409659 0.00055132296954322861 0.014578654231107628 0.0044283228661094525 0.026013035233942449 -3.3745495819477695e-05 -0.00054227357005112611 -0.0040767894208153738 -0.0015802216635160482 -0.007783645033474655 -0.01095599577771483 0.019667624502321814 0.018951377189668016 0.032015148733607043
leaf_weight=215 81 2025 84 320 82 8890 891 190 92 62 327 58 135 75
leaf_count=215 81 2025 84 320 82 8890 891 190 92 62 327 58 135 75
internal_value=-8.3167e-05 -3.79295e-05 0.0010693 0.00462963 0.0030597 -0.000292181 -0.00201389 0.00181481 -6.06909e-05 -0.000188058 -0.00419463 0.00425 0.00522026 1.17122e-05
internal_weight=13527 13446 2511 486 402 10935 1296 405 9639 9412 447 120 227 8965
internal_count=13527 13446 2511 486 402 10935 1296 405 9639 9412 447 120 227 8965
is_linear=0
shrinkage=0.03


Tree=208
num_leaves=15
num_cat=0
split_feature=10 34 25 40 67 22 29 43 69 40 43 33 12 40
split_gain=5.08171 4.38627 8.5335 9.97362 6.04807 6.08623 8.502 7.49148 12.37 7.3354 8.15112 7.29069 12.0162 9.82922
threshold=1.9065037965774538 47.097455978393562 1031.3113403320315 0.58421051502227794 4777.4560546875009 5.8562464714050302 3213.7216796875005 0.29012925922870642 61.412778854370124 0.17368421703577044 -0.2901292592287063 54.205919265747077 51.479166030883796 0.56315791606903087
decision_type=2 2 2 2 2 2 2 2 2 2 2 2 2 2
left_child=1 2 -1 -4 5 6 7 -3 -9 -8 -11 12 -7 -14
right_child=-2 4 3 -5 -6 11 9 8 -10 10 -12 -13 13 -15
leaf_value=0.0016191609174247201 -0.013430261321557368 0.0033420393237468637 -0.028905805353300874 0.00089741535282628678 -0.0088990242735821293 -0.024819152677324378 0.028348423000765424 0.0070888041021185217 -0.012278849874840788 0.016133004607102288 -0.0097363866384329693 -2.2098689300822371e-05 -8.6597958808951598e-05 -0.012005721623088701
leaf_weight=2835 81 456 112 50 56 81 85 74 118 178 115 7515 1177 594
leaf_count=2835 81 456 112 50 56 81 85 74 118 178 115 7515 1177 594
internal_value=-0.000100909 -5.57787e-05 0.000955956 -0.00574074 -0.000345966 -0.000292986 0.00190058 -0.000185185 -0.00515625 0.00547619 0.00322526 -0.000533255 -0.00221922 -0.00170243
internal_weight=13527 13446 2997 162 10449 10393 1026 648 192 378 293 9367 1852 1771
internal_count=13527 13446 2997 162 10449 10393 1026 648 192 378 293 9367 1852 1771
is_linear=0
shrinkage=0.03


Tree=209
num_leaves=15
num_cat=0
split_feature=15 40 24 24 12 34 24 67 43 65 24 40 34 33
split_gain=5.5302 13.2747 13.1217 13.1045 6.06723 5.11805 6.24701 7.21857 6.82055 6.16909 6.23832 6.37216 5.88536 5.30546
threshold=1.0000000180025095e-35 0.31052631139755255 255.14286041259768 182.569938659668 402.93750000000006 53.15368843078614 314.30952453613287 1169.9495849609377 0.2269546836614609 287.69555664062506 199.3497009277344 0.52105262875556957 53.020620346069343 69.806602478027358
decision_type=2 2 2 2 2 2 2 2 2 2 2 2 2 2
left_child=1 3 4 -1 -3 12 7 9 -8 -7 -11 -12 13 -2
right_child=5 2 -4 -5 -6 6 8 -9 -10 10 11 -13 -14 -15
leaf_value=0.016289760282920208 5.613518759966851e-05 -0.0014652498129058599 0.00022362282862951224 -0.0026859707723801839 -0.021826987962391652 0.00035032763406673162 -0.040922014164633001 -0.026654201296406804 0.0047752944673168955 0.0024204444871177787 -0.0011938695410426447 -0.048020517924617395 0.0013442025135244682 0.007133368059319402
leaf_weight=60 10935 306 204 270 51 898 110 67 52 97 83 70 162 162
leaf_count=60 10935 306 204 270 51 898 110 67 52 97 83 70 162 162
internal_value=-0.000123087 -0.00240741 0.00040107 -0.00718182 -0.00306723 3.79867e-05 -0.00168845 -0.000950617 -0.00722222 -0.000391986 -0.00456 -0.00833333 0.000249134 0.000166261
internal_weight=13527 891 561 330 357 12636 1377 1215 162 1148 250 153 11259 11097
internal_count=13527 891 561 330 357 12636 1377 1215 162 1148 250 153 11259 11097
is_linear=0
shrinkage=0.03


Tree=210
num_leaves=15
num_cat=0
split_feature=10 34 25 40 67 63 33 45 63 69 29 40 35 67
split_gain=5.08171 3.88096 8.38112 9.97362 6.06928 5.4732 9.40565 9.03025 6.85374 6.57482 7.24441 7.86643 6.3844 5.56729
threshold=1.9065037965774538 47.097455978393562 1031.3113403320315 0.58421051502227794 4777.4560546875009 48.55444526672364 50.926616668701179 -0.56174489110708226 70.133472442626967 1017.2257080078126 2715.3073730468755 0.3315789550542832 166.50263977050784 62.504028320312507
decision_type=2 2 2 2 2 2 2 2 2 2 2 2 2 2
left_child=1 2 5 -4 -3 6 -1 -7 -9 10 13 -12 -8 -10
right_child=-2 4 3 -5 -6 7 12 8 9 -11 11 -13 -14 -15
leaf_value=0.0006445339240935599 -0.012983395987523469 -8.7271356975911232e-05 -0.028040315248329842 0.00086880883661350817 -0.008633737601002665 0.0027226567810399605 0.0040763668654487176 -0.020199210415901243 0.00015303039112262161 -0.019393444922249658 0.025630143341380779 -8.5858478127862623e-05 0.017292154846133181 -0.011607190907329298
leaf_weight=1300 81 10393 112 50 56 239 263 67 222 111 76 112 325 120
leaf_count=1300 81 10393 112 50 56 239 263 67 222 111 76 112 325 120
internal_value=-0.000100909 -5.57787e-05 0.000895896 -0.00574074 -0.00032874 0.00127513 0.00220869 -0.000586061 -0.00228814 -0.00133385 5.66038e-05 0.00478723 0.00535714 -0.00254386
internal_weight=13527 13446 2997 162 10449 2835 1888 947 708 641 530 188 588 342
internal_count=13527 13446 2997 162 10449 2835 1888 947 708 641 530 188 588 342
is_linear=0
shrinkage=0.03


Tree=211
num_leaves=15
num_cat=0
split_feature=10 34 25 40 67 65 18 15 50 27 67 22 29 43
split_gain=5.0787 3.81778 8.35586 9.97362 6.06928 5.67454 7.44406 6.2229 5.74753 5.56216 6.67442 5.21266 9.21147 9.24013
threshold=1.9065037965774538 47.097455978393562 1031.3113403320315 0.58421051502227794 4777.4560546875009 921.89028930664074 0.34375000000000006 0.28925637900829321 3.5000000000000004 61.981239318847663 931.41183471679699 5.8562464714050302 3213.7216796875005 0.29012925922870642
decision_type=2 2 2 2 2 2 2 2 2 2 2 2 2 2
left_child=1 2 5 -4 11 9 7 -7 -8 10 -1 12 13 -3
right_child=-2 4 3 -5 -6 6 8 -9 -10 -11 -12 -13 -14 -15
leaf_value=0.00036273888941759755 -0.012593894107897767 0.0032785324488857404 -0.02719910579087995 0.00084274457151510291 -0.0083747254729725721 0.0023789053627063959 0.0031688948179671873 0.034378833535917447 -0.0041145234836330946 0.0050457015690427371 -0.0095645324779113482 -0.00016286587823444165 0.015442510147064343 -0.0056912219481634807
leaf_weight=1375 81 456 112 50 56 79 93 148 63 905 172 9367 378 192
leaf_count=1375 81 456 112 50 56 79 93 148 63 905 172 9367 378 192
internal_value=-0.000103127 -5.80098e-05 0.000885886 -0.00574074 -0.00032874 0.00126455 0.00466057 0.00812775 -0.000384615 0.000734095 -0.000358759 -0.000275666 0.00175439 -0.000416667
internal_weight=13527 13446 2997 162 10449 2835 383 227 156 2452 1547 10393 1026 648
internal_count=13527 13446 2997 162 10449 2835 383 227 156 2452 1547 10393 1026 648
is_linear=0
shrinkage=0.03


Tree=212
num_leaves=15
num_cat=0
split_feature=10 35 69 35 40 1 42 65 28 42 13 69 0 69
split_gain=5.06367 3.53282 10.295 9.3517 20.1265 9.22881 6.97043 5.89364 6.73475 17.7111 7.24147 11.0385 8.32966 6.82904
threshold=1.9065037965774538 165.98194122314456 2787.297729492188 165.50125122070315 0.61578947305679332 1385.417907714844 0.63405361771583568 1983.4827270507815 272.45051574707037 0.88144907355308544 524.25225830078136 9.9066667556762713 66.625000000000014 481.94569396972662
decision_type=2 2 2 2 2 2 2 2 2 2 2 2 2 2
left_child=1 3 -3 7 5 6 -5 8 10 -10 11 12 -1 -12
right_child=-2 2 -4 4 -6 -7 -8 -9 9 -11 13 -13 -14 -15
leaf_value=0.0065520723439782191 -0.012216077284660834 -0.00015396622754436427 0.0077775403215836914 -0.0050498805325953277 0.015483174709337038 0.024328674176626455 0.0040696105665227918 0.0066922581454490794 -0.00056347842799387316 0.031149611937193209 -0.015758921836596135 -0.0041752557009348658 0.00010917871412874791 0.0068512618169205017
leaf_weight=97 81 10605 249 256 198 59 216 132 498 116 411 244 269 96
leaf_count=97 81 10605 249 256 198 59 216 132 498 116 411 244 269 96
internal_value=-0.000114216 -6.91656e-05 -0.000306799 0.000925926 0.00380658 0.000762712 -0.000635593 -0.000201288 -0.000667244 0.00185668 -0.00205461 0.000147541 0.00344262 -0.00470414
internal_weight=13527 13446 10854 2592 729 531 472 1863 1731 614 1117 610 366 507
internal_count=13527 13446 10854 2592 729 531 472 1863 1731 614 1117 610 366 507
is_linear=0
shrinkage=0.03


Tree=213
num_leaves=15
num_cat=0
split_feature=10 35 69 35 40 1 42 23 30 24 65 10 43 27
split_gain=5.09074 3.47268 9.41625 9.0125 19.5859 9.22881 6.49112 5.96434 5.8439 9.4767 8.86846 8.82702 7.90042 7.61411
threshold=1.9065037965774538 165.98194122314456 2787.297729492188 165.50125122070315 0.61578947305679332 1385.417907714844 0.63405361771583568 22.138889312744144 0.71875000000000011 334.90327453613287 465.69445800781256 0.43503828346729284 -0.52778512239456166 28.870074272155765
decision_type=2 2 2 2 2 2 2 2 2 2 2 2 2 2
left_child=1 3 8 -1 5 6 -5 -4 9 10 13 -11 -13 -3
right_child=-2 2 7 4 -6 -7 -8 -9 -10 11 -12 12 -14 -15
leaf_value=-0.00014872922689338709 -0.011849594966121009 0.010230486365958925 -0.00044488025140451801 -0.00489838411661748 0.01501867946805693 0.023598813951327669 0.0039475222495271023 0.017164296301014553 2.1040767362846893e-06 -0.018941840884761061 -0.0081996180057048208 -0.06768193668661103 0.0087489855281373801 -0.0015921093861342016
leaf_weight=1863 81 266 79 256 198 59 216 170 7727 162 525 91 124 1710
leaf_count=1863 81 266 79 256 198 59 216 170 7727 162 525 91 124 1710
internal_value=-9.42559e-05 -4.90852e-05 -0.000284688 0.0009375 0.00376543 0.000762712 -0.000635593 0.00548193 -0.000420085 -0.00157401 -0.000905638 -0.00600796 -0.00202326 1.51822e-05
internal_weight=13527 13446 10854 2592 729 531 472 249 10605 2878 2501 377 215 1976
internal_count=13527 13446 10854 2592 729 531 472 249 10605 2878 2501 377 215 1976
is_linear=0
shrinkage=0.03


Tree=214
num_leaves=15
num_cat=0
split_feature=10 17 36 63 69 65 43 34 59 15 3 21 40 9
split_gain=5.09676 3.43104 3.55467 8.33104 14.4637 10.9348 10.839 9.06499 7.25413 5.4587 5.586 5.42527 4.81915 7.27181
threshold=1.9065037965774538 1232.9111328125002 447.50000000000006 8.0461111068725604 16.996666908264164 606.79333496093761 -0.2901292592287063 53.020620346069343 63.500000000000007 16.091052532196048 0.38231483101844793 2.8514263629913335 0.6473684310913087 0.15425925701856616
decision_type=2 2 2 2 2 2 2 2 2 2 2 2 2 2
left_child=1 2 -1 4 7 8 -7 -4 11 10 -6 -5 13 -13
right_child=-2 -3 3 5 9 6 -8 -9 -10 -11 -12 12 -14 -15
leaf_value=-0.00010243991481816206 -0.011494107117137378 0.011546649477984108 -0.003211313206028312 -5.2649228470738053e-05 0.010195369942811281 -0.00080654971791812354 0.00026627801249029303 0.0016640043636136602 -0.0087867848241340325 0.025100419589465739 -0.0021713525269744325 -0.00014426735008658652 0.0048576631106608927 0.0046551689582675498
leaf_weight=11988 81 81 238 119 108 86 66 58 63 52 57 99 120 311
leaf_count=11988 81 81 238 119 108 86 66 58 63 52 57 99 120 311
internal_value=-8.98204e-05 -4.46229e-05 -8.19304e-05 0.00136166 -0.00166667 0.00315972 -0.00414474 -0.00597973 0.0047191 0.00421659 0.00154545 0.00566256 0.00696226 0.00541463
internal_weight=13527 13446 13365 1377 513 864 152 296 712 217 165 649 530 410
internal_count=13527 13446 13365 1377 513 864 152 296 712 217 165 649 530 410
is_linear=0
shrinkage=0.03


Tree=215
num_leaves=15
num_cat=0
split_feature=56 12 31 18 67 36 63 33 42 14 30 1 0 0
split_gain=4.72405 7.47454 3.58378 7.25196 8.04596 7.42926 7.47869 6.62716 15.013 15.8439 13.0281 6.38624 8.79667 8.33875
threshold=201.50000000000003 411.63542175292974 0.39729635417461401 0.23958333581686023 1.0419444441795351 447.50000000000006 583.41403198242199 58.13372993469239 0.84874749183654796 808.50000000000011 0.77232143282890331 40.334882736206062 34.250000000000007 29.458333969116214
decision_type=2 2 2 2 2 2 2 2 2 2 2 2 2 2
left_child=2 -2 3 4 -1 -5 -7 11 -9 -10 -11 -4 13 -13
right_child=1 -3 7 5 -6 6 -8 8 9 10 -12 12 -14 -15
leaf_value=-0.0035540616670804502 -0.011757070163461275 0.00051729543629536407 0.0027448796563150999 -1.862104686876092e-05 0.013483753758128913 0.001420337468464643 0.0079944621979116896 -0.00019039920911910089 0.022496166308037396 -0.00013288045256651949 -0.0037343434142583119 -0.0072522225846068595 -9.7965312422219065e-05 -0.023518121304284316
leaf_weight=61 186 52 1534 3312 182 494 73 1958 84 135 300 162 4914 80
leaf_count=61 186 52 1534 3312 182 494 73 1958 84 135 300 162 4914 80
internal_value=-9.64737e-05 -0.00428571 -2.14463e-05 0.000713246 0.00574074 0.000398299 0.00357143 -0.000351805 -0.00167743 -0.00621387 -0.00851724 0.000139013 -0.000366563 -0.00595041
internal_weight=13527 238 13289 4122 243 3879 567 9167 2477 519 435 6690 5156 242
internal_count=13527 238 13289 4122 243 3879 567 9167 2477 519 435 6690 5156 242
is_linear=0
shrinkage=0.03


Tree=216
num_leaves=15
num_cat=0
split_feature=10 17 31 18 67 36 23 67 65 28 3 40 29 13
split_gain=4.5831 3.45347 3.47316 6.81192 7.6301 6.59616 6.18811 8.35478 8.86517 10.2891 8.7175 7.41861 7.2269 9.96938
threshold=1.9065037965774538 1232.9111328125002 0.39729635417461401 0.23958333581686023 1.0419444441795351 447.50000000000006 23.411527633666996 2393.7761230468755 382.46597290039068 178.96363830566409 25.942546844482425 0.37368421256542211 3118.2814941406255 80.440532684326186
decision_type=2 2 2 2 2 2 2 2 2 2 2 2 2 2
left_child=1 2 3 4 -1 -5 12 8 10 -10 -8 -12 -4 -14
right_child=-2 -3 6 5 -6 -7 7 -9 9 -11 11 -13 13 -15
leaf_value=-0.0034474398170680318 -0.010796571798719418 0.011203188953017244 -0.00096684211159561598 -1.9515059904097316e-05 0.013079241145385051 0.0016665322977951912 0.00057921726276528136 -0.0053980814929646742 0.0064899347907704016 0.0023686763078029126 -0.0063542838086101255 -0.00016820418145148785 -0.011232066963592229 0.0010738949176071877
leaf_weight=61 81 81 4050 3321 182 567 1195 96 151 290 62 69 162 3159
leaf_count=61 81 81 4050 3321 182 567 1195 96 151 290 62 69 162 3159
internal_value=-0.000107563 -6.47033e-05 -0.000102132 0.000620915 0.00549383 0.000316358 -0.000425601 0.00111916 0.00158744 0.00527211 0.000361991 -0.00698473 -0.000816036 0.000221319
internal_weight=13527 13446 13365 4131 243 3888 9234 1863 1767 441 1326 131 7371 3321
internal_count=13527 13446 13365 4131 243 3888 9234 1863 1767 441 1326 131 7371 3321
is_linear=0
shrinkage=0.03


Tree=217
num_leaves=15
num_cat=0
split_feature=10 17 33 40 65 69 33 65 40 35 40 1 67 50
split_gain=4.59167 3.44598 3.24515 7.22244 6.66799 5.94255 4.04509 5.82316 5.98595 4.86623 6.83884 6.4151 6.36364 5.34343
threshold=1.9065037965774538 1232.9111328125002 69.806602478027358 0.65789473056793224 30.522916793823246 0.081944443285465254 62.703935623168952 278.57791137695318 0.78421053290367138 167.3283386230469 0.22631578892469409 82.976108551025405 37.198888778686531 28.500000000000004
decision_type=2 2 2 2 2 2 2 2 2 2 2 2 2 2
left_child=1 2 6 4 5 -4 -1 8 9 12 -11 -12 -8 -14
right_child=-2 -3 3 -5 -6 -7 7 -9 -10 10 11 -13 13 -15
leaf_value=-1.7476963665575174e-05 -0.010472674644757835 0.010867093284426739 0.0017814128613256573 0.022750162552909011 0.0056112233383257947 -0.0095708874077699048 -0.011263740276912654 -0.028464651116392351 0.0029195939248898473 -0.0018504762115827099 0.00021047304757024619 -0.00014206108059082288 0.0018458874530915103 -0.010989528357044245
leaf_weight=12231 81 81 73 72 108 71 202 100 54 72 78 106 132 66
leaf_count=12231 81 81 73 72 108 71 202 100 54 72 78 106 132 66
internal_value=-0.000100909 -5.80098e-05 -9.53984e-05 0.00287037 0.00047619 -0.00375 -0.000169082 -0.00222222 -0.00126761 -0.00205793 0.00117187 0.00423913 -0.004125 -0.00030303
internal_weight=13527 13446 13365 324 252 144 13041 810 710 656 256 184 400 198
internal_count=13527 13446 13365 324 252 144 13041 810 710 656 256 184 400 198
is_linear=0
shrinkage=0.03


Tree=218
num_leaves=15
num_cat=0
split_feature=33 42 10 12 69 67 33 65 67 69 34 63 36 65
split_gain=6.6734 5.14763 4.50489 4.38857 6.50659 5.37397 4.30829 5.66698 4.80562 8.17399 11.3931 5.28919 4.18763 9.9524
threshold=69.275196075439467 -0.93540480732917775 1.9065037965774538 558.11459350585949 82.752777099609389 1.0419444441795351 62.703935623168952 278.57791137695318 23.441666603088382 14.437222480773928 53.530921936035163 58.338056564331062 447.50000000000006 18.703888893127445
decision_type=2 2 2 2 2 2 2 2 2 2 2 2 2 2
left_child=2 -2 6 4 -3 -5 12 8 9 10 11 -8 -1 -14
right_child=1 3 -4 5 -6 -7 7 -9 -10 -11 -12 -13 13 -15
leaf_value=-0.00014108339531778924 0.022050105331754555 0.0010326833284874976 -0.010158494405415101 -0.021400875046036012 -0.0024848917247095592 0.0031541498792573373 -0.018193001748090781 -0.027610711582900578 0.00044107475320020128 -0.019290416382957126 0.0002041588561431388 -0.00015356787443757014 0.012268399464872773 1.9419045896280627e-05
leaf_weight=11016 55 151 81 50 59 90 62 100 368 73 63 63 264 1032
leaf_count=11016 55 151 81 50 59 90 62 100 368 73 63 63 264 1032
internal_value=-5.2118e-05 0.00374074 -0.000169182 0.0024 0.00514286 -0.00171429 -0.000125374 -0.00236626 -0.00131161 -0.00442529 -0.00111702 -0.00636 7.30994e-06 0.00162037
internal_weight=13527 405 13122 350 210 140 13041 729 629 261 188 125 12312 1296
internal_count=13527 405 13122 350 210 140 13041 729 629 261 188 125 12312 1296
is_linear=0
shrinkage=0.03


Tree=219
num_leaves=15
num_cat=0
split_feature=10 15 14 65 0 43 63 17 69 63 43 67 67 43
split_gain=4.5974 3.96501 8.24406 7.3996 6.56451 6.87725 8.98095 6.31348 5.97565 5.9479 6.08653 5.94346 5.76307 10.4971
threshold=1.9065037965774538 3.8859492540359502 9997.5000000000018 1617.7693481445315 27.583333015441898 0.09796465560793878 401.09263610839849 110.70222473144533 35.02180480957032 5.9777777194976816 0.09796465560793878 1250.587097167969 367.62916564941412 0.41248606145381933
decision_type=2 2 2 2 2 2 2 2 2 2 2 2 2 2
left_child=1 2 7 4 5 6 -3 -1 -4 -9 -11 12 -6 -14
right_child=-2 3 8 -5 11 -7 -8 9 -10 10 -12 -13 13 -15
leaf_value=-0.00026214820451008868 -0.0098537395732526487 0.0013469930178454162 -0.00019596760923263013 0.022770181570706625 0.00017821093550756116 -0.00014549516564701633 -0.0046548341269882342 -0.030045157197867482 0.019586835105976065 -0.034486426712607592 0.023158220268555123 0.0028209430029971115 -0.00015096265864828596 -0.0034147622437425084
leaf_weight=8019 81 257 76 100 3283 208 78 112 167 81 50 159 651 205
leaf_count=8019 81 257 76 100 3283 208 78 112 167 81 50 159 651 205
internal_value=-9.64737e-05 -5.35475e-05 -0.000446208 0.000622344 0.000455484 0.00356354 0.00622388 -0.000606391 0.005 -0.00537037 -0.00103053 6.28199e-05 -0.000155835 -0.00234813
internal_weight=13527 13446 8505 4941 4841 543 335 8262 243 243 131 4298 4139 856
internal_count=13527 13446 8505 4941 4841 543 335 8262 243 243 131 4298 4139 856
is_linear=0
shrinkage=0.03


Tree=220
num_leaves=15
num_cat=0
split_feature=10 7 67 67 64 69 13 31 30 42 7 14 16 15
split_gain=4.58024 3.66652 6.42119 9.77268 5.91715 4.17883 8.29246 7.80833 9.59331 9.07851 19.6183 12.0265 9.6892 9.65343
threshold=1.9065037965774538 0.49650333821773535 262.61473083496099 591.65808105468761 1.0000000180025095e-35 370.59124755859381 1878.9898071289065 0.39500449597835546 0.81696426868438732 0.91037613153457653 0.40284535288810736 2892.5000000000005 0.68586453795433056 0.068871531635522856
decision_type=2 2 2 2 2 2 2 2 2 2 2 2 2 2
left_child=1 5 4 -4 -3 -1 7 8 -7 12 13 -12 -9 -11
right_child=-2 2 3 -5 -6 6 -8 9 -10 10 11 -13 -14 -15
leaf_value=-0.00011040418243774663 -0.0095581273860550695 0.0039742632790427026 -0.0079731437323841883 0.0003958405297327916 -0.0010470198514884244 0.023473963850705402 0.020873437937176362 0.0060052666202364329 0.0055915633276637866 -0.0038575519737166619 -0.020677566363624299 0.0067411618381790547 -0.0026002326218608207 0.010994224711637964
leaf_weight=9324 81 135 119 86 308 176 83 279 406 55 152 63 1903 357
leaf_count=9324 81 135 119 86 308 176 83 279 406 55 152 63 1903 357
internal_value=-0.00010978 -6.69344e-05 -0.00226852 -0.00665854 -0.00023702 4.45382e-05 0.000932642 0.000703332 0.00386598 4.80598e-05 0.00322967 -0.00411628 -0.000866178 0.00706311
internal_weight=13527 13446 648 205 443 12798 3474 3391 582 2809 627 215 2182 412
internal_count=13527 13446 648 205 443 12798 3474 3391 582 2809 627 215 2182 412
is_linear=0
shrinkage=0.03


Tree=221
num_leaves=15
num_cat=0
split_feature=10 15 14 63 40 67 63 18 65 67 0 0 43 1
split_gain=4.58596 3.71753 7.86411 7.28968 9.68418 7.29233 6.78478 9.11531 6.91958 6.62499 6.5613 6.2988 10.315 6.40727
threshold=1.9065037965774538 3.8859492540359502 9997.5000000000018 1323.6248168945315 0.44736842811107641 1281.7402954101565 451.67498779296881 0.48958332836627966 692.24804687500011 408.69360351562506 370.50000000000006 27.583333015441898 0.032701563090086018 108.46179580688478
decision_type=2 2 2 2 2 2 2 2 2 2 2 2 2 2
left_child=1 2 -1 5 10 6 11 8 -8 -9 -5 12 -3 -13
right_child=-2 3 -4 4 -6 -7 7 9 -10 -11 -12 13 -14 -15
leaf_value=-0.00039853039983091861 -0.009271383564473417 0.0013098953527831861 0.016180055321674418 0.0158994915419448 0.016562392776588348 0.0059836009874757587 -0.0013467217594289949 0.012784189710480941 -0.018421932086418718 -0.025191193163281653 -0.00098657375424034306 -0.00040546814882638668 -0.00015647901365030656 0.00081624290380163239
leaf_weight=8262 81 255 243 52 99 174 613 86 56 57 55 1356 183 1955
leaf_count=8262 81 255 243 52 99 174 613 86 56 57 55 1356 183 1955
internal_value=-0.000105345 -6.24721e-05 -0.000442681 0.000591985 0.0061165 0.000351637 0.000121684 -0.00236453 -0.00383408 0.00451049 -0.000140187 0.000660176 0.0040411 0.000212927
internal_weight=13527 13446 8505 4941 206 4735 4561 812 669 143 107 3749 438 3311
internal_count=13527 13446 8505 4941 206 4735 4561 812 669 143 107 3749 438 3311
is_linear=0
shrinkage=0.03


Tree=222
num_leaves=15
num_cat=0
split_feature=10 29 28 13 40 11 3 2 36 28 13 42 33 14
split_gain=4.55742 3.72044 11.8681 9.16985 9.59569 10.4424 16.0954 9.5144 8.25104 9.025 11.7161 7.49432 9.06693 9.85461
threshold=1.9065037965774538 3118.2814941406255 176.5704040527344 80.440532684326186 0.721052646636963 3.5252777338027959 0.06454861164093019 206.50000000000003 5.5000000000000009 420.91015625000006 374.74104309082037 0.95642796158790599 56.950822830200202 808.50000000000011
decision_type=2 2 2 2 2 2 2 2 2 2 2 2 2 2
left_child=1 2 11 7 -5 6 8 -3 -6 10 -10 -1 -13 -14
right_child=-2 3 -4 4 5 -7 -8 -9 9 -11 -12 12 13 -15
leaf_value=9.6695615447080582e-05 -0.008993242057539215 -0.0022263302815083907 -0.0055263359775163667 0.0023218330956811784 -0.019721554317187012 -0.026031241409481834 0.0066028031159692203 -0.022422415682353449 -0.033414587504093596 0.016323266083360898 0.0063961139435759224 0.012976785138681812 0.00025315378429014703 -0.0024045502008225969
leaf_weight=6264 81 162 1377 4071 192 144 132 81 60 96 84 135 144 504
leaf_count=6264 81 162 1377 4071 192 144 132 81 60 96 84 135 144 504
internal_value=-0.000127523 -8.47836e-05 -0.000470085 0.000561529 0.000850596 -0.00237288 -0.000531915 -0.00512346 -0.00333333 0.000375 -0.004375 2.76713e-05 -0.00273946 -0.00421296
internal_weight=13527 13446 8424 5022 4779 708 564 243 432 240 144 7047 783 648
internal_count=13527 13446 8424 5022 4779 708 564 243 432 240 144 7047 783 648
is_linear=0
shrinkage=0.03


Tree=223
num_leaves=15
num_cat=0
split_feature=10 27 27 67 69 40 30 42 35 67 22 9 43 1
split_gain=4.59167 3.97712 8.11871 12.3519 6.55038 9.55838 9.30729 8.21198 8.02772 6.98817 10.4495 8.34209 8.0478 7.89758
threshold=1.9065037965774538 65.873912811279311 63.568168640136726 595.75207519531261 132.88611602783206 0.12105263024568559 0.72172617912292492 0.72947329282760631 166.89013671875003 408.69360351562506 7.8029930591583261 0.54004630446434032 -0.84874749183654774 74.98294830322267
decision_type=2 2 2 2 2 2 2 2 2 2 2 2 2 2
left_child=1 2 -1 -4 5 -3 7 -6 -9 11 -11 12 -8 -14
right_child=-2 4 3 -5 6 -7 9 8 -10 10 -12 -13 13 -15
leaf_value=-6.722273320911262e-05 -0.0087234447958130373 0.019257169424702524 -0.024518152430621973 0.020726370086236772 -0.014795530418803614 0.00119356607582064 0.03417187988578041 0.0072380502293478699 -0.011056099245680802 0.0039924397092262831 -0.021794394086542584 0.024680118469578731 -0.010973838495060954 0.0020173263114253849
leaf_weight=10449 81 138 174 69 241 872 141 85 53 440 159 135 176 314
leaf_count=10449 81 138 174 69 241 872 141 85 53 440 159 135 176 314
internal_value=-0.000100909 -5.80098e-05 -0.000319865 -0.00574074 0.000958606 0.00288119 -0.000154817 -0.00431398 0.00152174 0.001 -0.00142738 0.00289817 0.00145008 -0.000367347
internal_weight=13527 13446 10692 243 2754 1010 1744 379 138 1365 599 766 631 490
internal_count=13527 13446 10692 243 2754 1010 1744 379 138 1365 599 766 631 490
is_linear=0
shrinkage=0.03


Tree=224
num_leaves=15
num_cat=0
split_feature=10 34 52 34 40 55 56 35 35 65 11 65 65 43
split_gain=4.57453 3.96484 4.64994 3.94547 8.20782 3.92063 5.21329 4.53362 7.10575 11.4132 8.06392 10.8502 10.7907 9.65018
threshold=1.9065037965774538 43.207838058471687 6.6843054294586191 43.609855651855476 0.44736842811107641 44.577360153198249 175.50000000000003 165.98194122314456 165.13056182861331 362.49278259277349 2.2345833778381352 541.56765747070324 228.95472717285159 -0.77259656786918629
decision_type=2 2 2 2 2 2 2 2 2 2 2 2 2 2
left_child=1 2 -1 4 -3 6 7 8 10 -10 11 12 13 -5
right_child=-2 3 -4 5 -6 -7 -8 -9 9 -11 -12 -13 -14 -15
leaf_value=0.00062647371197832146 -0.0084617414519386463 -0.032577147080019429 0.029794077580140826 -0.023243991836327797 0.0025892350465819341 0.0012506548686718854 -0.020078094740355566 -0.0001526688297079364 0.007482234674841947 -0.00021629769200091963 0.0046790674722251248 0.0051975310998011049 -0.018471094140359998 5.8041004317308516e-05
leaf_weight=290 81 86 115 172 76 932 165 9649 487 327 359 140 92 556
leaf_count=290 81 86 115 172 76 932 165 9649 487 327 359 140 92 556
internal_value=-0.000114216 -7.13967e-05 0.00285185 -0.000162181 -0.00481481 -0.000103657 -0.000249854 -0.000175692 0.00107595 0.0032801 -0.000284306 -0.00171875 -0.00303659 -0.00181319
internal_weight=13527 13446 405 13041 162 12879 11947 11782 2133 814 1319 960 820 728
internal_count=13527 13446 405 13041 162 12879 11947 11782 2133 814 1319 960 820 728
is_linear=0
shrinkage=0.03


Tree=225
num_leaves=15
num_cat=0
split_feature=10 36 12 40 5 65 63 30 42 40 29 28 13 2
split_gain=4.57738 3.38421 7.30454 12.5966 9.16959 6.76406 6.00226 10.1454 6.54241 5.57185 4.26331 9.28403 8.46281 9.7963
threshold=1.9065037965774538 447.50000000000006 516.31250000000011 0.6473684310913087 61.036388397216804 629.46597290039074 316.75193786621099 0.79761904478073131 0.52778512239456188 0.3315789550542832 3118.2814941406255 176.5704040527344 80.440532684326186 206.50000000000003
decision_type=2 2 2 2 2 2 2 2 2 2 2 2 2 2
left_child=1 10 5 6 -5 -3 7 -4 -8 -9 11 -1 13 -12
right_child=-2 2 3 4 -6 -7 8 9 -10 -11 12 -13 -14 -15
leaf_value=-5.8137900101596402e-05 -0.0082078892083804877 0.0033575541397019748 -0.0013266275113754888 -0.0006064081647477337 0.0037351594669595253 -0.0053261577225768653 -0.00028859735894046776 -0.00045242257717953205 0.00039966833135996361 0.010442755479579718 -0.0017094792121502332 -0.0049724537947716651 0.0012790085975575849 -0.021009618574072946
leaf_weight=5832 81 580 158 57 114 68 143 98 108 51 162 1377 4617 81
leaf_count=5832 81 580 158 57 114 68 143 98 108 51 162 1377 4617 81
internal_value=-0.000111998 -6.91656e-05 0.00133987 -0.000720165 0.00640351 0.00365741 -0.00290323 -0.00571661 0.000537849 -0.000100671 -0.000229928 -0.000692884 0.00045679 -0.005
internal_weight=13527 13446 1377 729 171 648 558 307 251 149 12069 7209 4860 243
internal_count=13527 13446 1377 729 171 648 558 307 251 149 12069 7209 4860 243
is_linear=0
shrinkage=0.03


Tree=226
num_leaves=15
num_cat=0
split_feature=10 69 30 21 33 22 34 40 15 15 25 40 24 24
split_gain=4.56882 3.90028 9.78313 8.93114 8.33563 7.85223 8.79554 7.42375 9.85281 9.33506 6.00774 9.70016 8.42017 8.33997
threshold=1.9065037965774538 784.43792724609386 0.8080357313156129 1.8392708301544192 56.950822830200202 6.0984148979187021 50.380050659179695 0.37368421256542211 0.7370399832725526 0.7370399832725526 372.13220214843756 0.68947368860244762 121.26041793823244 126.40029907226564
decision_type=2 2 2 2 2 2 2 2 2 2 2 2 2 2
left_child=1 10 3 -3 5 -5 7 9 -9 -7 11 12 -1 -13
right_child=-2 2 -4 4 -6 6 -8 8 -10 -11 -12 13 -14 -15
leaf_value=0.00039193018069838992 -0.0079616525321290731 0.0086506931326363196 0.02843083887162904 -0.0051383698545782105 -0.011545583882766886 -0.0028923392450687846 0.015965474807191932 0.0014061593449216491 -0.029908123784395488 0.0097085058439499907 -0.00014732372233696388 0.0035465899665561374 0.018765265872646451 -0.025366591777019769
leaf_weight=324 81 93 167 220 208 200 238 167 165 194 10918 90 373 89
leaf_count=324 81 93 167 220 208 200 238 167 165 194 10918 90 373 89
internal_value=-0.000118652 -7.5859e-05 0.00128935 0.000515152 -8.62069e-05 0.000886824 0.00205394 0.000413223 -0.00289157 0.00319797 -0.000267085 0.00212329 0.0037231 -0.00410615
internal_weight=13527 13446 1652 1485 1392 1184 964 726 332 394 11794 876 697 179
internal_count=13527 13446 1652 1485 1392 1184 964 726 332 394 11794 876 697 179
is_linear=0
shrinkage=0.03


Tree=227
num_leaves=15
num_cat=0
split_feature=10 69 30 21 22 40 30 65 63 15 34 69 42 28
split_gain=4.58596 3.82416 9.27923 8.26385 8.03403 10.5504 7.4287 6.61878 7.51383 8.3174 7.05561 8.1181 6.42771 5.07735
threshold=1.9065037965774538 784.43792724609386 0.8080357313156129 1.8392708301544192 6.0558805465698251 0.71052631735801708 0.7127976417541505 1552.4625244140627 226.2670822143555 1.278423070907593 49.868602752685554 3125.040161132813 0.72947329282760631 219.2361755371094
decision_type=2 2 2 2 2 2 2 2 2 2 2 2 2 2
left_child=1 -1 3 -3 -5 6 13 8 10 -10 11 -8 -4 -6
right_child=-2 2 12 4 5 -7 7 -9 9 -11 -12 -13 -14 -15
leaf_value=-9.1819556257444657e-05 -0.0077228029561652017 0.00839117233865724 0.031639688459323148 -0.0084684253424107993 0.017756542128563778 -0.029455768642959814 0.0069454145470432939 0.003703585745694773 -0.030316422384563876 0.0095786624309039409 -0.011956437732018535 -0.027546888823373319 -0.0020598740879625766 0.003101274691004794
leaf_weight=11794 81 93 116 208 104 53 229 128 109 52 168 85 51 256
leaf_count=11794 81 93 116 208 104 53 229 128 109 52 168 85 51 256
internal_value=-0.000105345 -6.24721e-05 0.00128935 0.000535354 -4.31034e-05 0.000912162 0.0015252 -0.000136187 -0.00137636 -0.00698758 0.000497925 0.00315287 0.00799401 0.00508333
internal_weight=13527 13446 1652 1485 1392 1184 1131 771 643 161 482 314 167 360
internal_count=13527 13446 1652 1485 1392 1184 1131 771 643 161 482 314 167 360
is_linear=0
shrinkage=0.03


Tree=228
num_leaves=15
num_cat=0
split_feature=10 69 30 21 22 40 30 42 65 34 25 42 63 25
split_gain=4.59453 3.78638 8.78864 8.22533 7.26468 10.5096 7.33905 12.3429 10.2527 9.44425 6.7194 6.17018 5.28802 4.76017
threshold=1.9065037965774538 784.43792724609386 0.8080357313156129 1.8392708301544192 6.0558805465698251 0.71052631735801708 0.7604166865348817 0.72947329282760631 786.39682006835949 50.260833740234382 859.57806396484386 0.72947329282760631 197.10708618164065 372.13220214843756
decision_type=2 2 2 2 2 2 2 2 2 2 2 2 2 2
left_child=1 13 3 -3 -5 6 7 9 -8 10 -6 -4 -11 -1
right_child=-2 2 11 4 5 -7 8 -9 -10 12 -12 -13 -14 -15
leaf_value=0.0036703999949134667 -0.0074911188674802454 0.0081394371684975122 0.030690497805543442 -0.0082143725821384756 0.00050629018119404453 -0.028572095583671027 -0.019321265490420566 0.011508486790202678 0.0033285998401591764 0.014479765920667687 -0.0052179890746861975 -0.0019980778653236886 0.031444373497725789 -0.00014014942397913143
leaf_weight=876 81 93 116 208 181 53 301 288 102 115 93 51 51 10918
leaf_count=876 81 93 116 208 181 53 301 288 102 115 93 51 51 10918
internal_value=-9.86915e-05 -5.57787e-05 0.00128935 0.000555556 -2.15517e-05 0.000886824 0.00149867 0.0032967 -0.00174938 0.000136364 -0.00328467 0.00781437 0.00578313 -0.000244192
internal_weight=13527 13446 1652 1485 1392 1184 1131 728 403 440 274 167 166 11794
internal_count=13527 13446 1652 1485 1392 1184 1131 728 403 440 274 167 166 11794
is_linear=0
shrinkage=0.03


Tree=229
num_leaves=15
num_cat=0
split_feature=10 36 63 69 65 3 59 1 43 23 17 67 22 42
split_gain=4.58024 3.47879 6.23096 10.2127 9.84391 7.9208 6.39988 4.57597 8.80592 13.0278 9.42677 11.2942 11.8439 10.4029
threshold=1.9065037965774538 447.50000000000006 8.0461111068725604 27.756944656372074 682.81237792968761 18.804142951965336 65.500000000000014 40.895647048950202 -0.35206145048141474 21.9401388168335 6.8747222423553476 30.588749885559086 7.242760658264161 0.63405361771583568
decision_type=2 2 2 2 2 2 2 2 2 2 2 2 2 2
left_child=1 7 3 5 6 -3 -4 8 9 -1 -10 13 -13 -12
right_child=-2 2 4 -5 -6 -7 -8 -9 10 -11 11 12 -14 -15
leaf_value=0.0059918331553884393 -0.0072663853014558379 -0.0017604527409357739 0.0012713254135110574 0.0089090065638496221 -0.00040728966334051541 0.00259455513024887 -0.010640477777754693 -0.00051542314955518528 -0.0014357977775970986 0.00045106840759675078 0.00086765072237884248 0.0006041483808005932 -0.0061517283739349875 0.014143357803817622
leaf_weight=111 81 273 701 180 108 60 55 8748 572 1406 328 307 423 174
leaf_count=111 81 273 701 180 108 60 55 8748 572 1406 328 307 423 174
internal_value=-0.00010978 -6.69344e-05 0.00136166 -0.00125731 0.00291667 -0.00436937 0.00412698 -0.000229928 0.000718157 0.00240277 -0.000698448 0.000779221 -0.00160274 0.00424303
internal_weight=13527 13446 1377 513 864 333 756 12069 3321 1517 1804 1232 730 502
internal_count=13527 13446 1377 513 864 333 756 12069 3321 1517 1804 1232 730 502
is_linear=0
shrinkage=0.03


Tree=230
num_leaves=15
num_cat=0
split_feature=10 34 19 63 35 40 67 67 33 24 63 63 40 15
split_gain=4.50344 3.77906 9.57455 8.23236 9.7497 8.76045 7.82158 6.26293 6.27608 12.7977 7.88047 8.90868 7.38326 23.5386
threshold=1.9065037965774538 46.50856018066407 0.49826084077358251 210.07069396972659 167.29041290283206 0.37368421256542211 108.19374847412111 4777.4560546875009 51.750989913940437 338.07292175292974 55.288749694824226 9.4563889503479022 0.29999999701976782 0.14449653029441836
decision_type=2 2 2 2 2 2 2 2 2 2 2 2 2 2
left_child=1 2 3 -1 5 6 -5 8 9 10 11 12 -3 -14
right_child=-2 7 -4 4 -6 -7 -8 -9 -10 -11 -12 -13 13 -15
leaf_value=0.0035976025551739798 -0.007048393742412163 0.0014577808860875318 -0.013761313662746454 0.01983933365264761 -0.037201524130232255 -0.01018079346756509 -0.005802098375118918 -0.007868415634916923 1.5165899582113763e-05 -0.020352488541286899 -0.0082316840120756855 0.012139125682889877 0.04639112465774347 -0.011613922872050266
leaf_weight=1573 81 486 81 101 80 200 71 57 9340 81 416 128 88 744
leaf_count=1573 81 486 81 101 80 200 71 57 9340 81 416 128 88 744
internal_value=-0.000169661 -0.000127175 0.00103989 0.00144444 -0.00212389 -8.06452e-05 0.00488372 -0.000343915 -0.000293805 -0.00184508 -0.00133727 -0.000290456 -0.00102428 -0.00274038
internal_weight=13527 13446 2106 2025 452 372 172 11340 11283 1943 1862 1446 1318 832
internal_count=13527 13446 2106 2025 452 372 172 11340 11283 1943 1862 1446 1318 832
is_linear=0
shrinkage=0.03


Tree=231
num_leaves=15
num_cat=0
split_feature=10 29 28 13 2 40 16 66 22 40 24 50 69 42
split_gain=4.55742 3.72044 10.1113 7.64596 9.7963 7.38495 8.15511 9.29733 9.58562 6.407 18.0962 14.6098 9.39425 10.3224
threshold=1.9065037965774538 3118.2814941406255 176.5704040527344 80.440532684326186 206.50000000000003 0.73157894611358654 1.3033844828605654 1.0000000180025095e-35 8.1481308937072772 0.75263157486915599 188.90476226806643 115.50000000000001 181.18805694580081 0.91037613153457653
decision_type=2 2 2 2 2 2 2 2 2 2 2 2 2 2
left_child=1 2 9 4 -3 -5 -7 -8 -9 12 -11 -12 13 -1
right_child=-2 3 -4 5 -6 6 7 8 -10 10 11 -13 -14 -15
leaf_value=-7.841472028126795e-05 -0.0068369419301397977 -0.0017392814368770715 -0.0047946163031588719 0.0020237955623670879 -0.019741913885048291 -0.030567879394794009 -0.024913224414766844 0.0030877710485189124 -0.011981282004578894 -0.014017334792162911 0.0030003709283312127 -0.028356018539424196 0.0016500004970070403 -0.0010647024690579388
leaf_weight=3938 81 162 1377 4130 81 165 107 322 55 117 592 74 1500 826
leaf_count=3938 81 162 1377 4130 81 165 107 322 55 117 592 74 1500 826
internal_value=-0.000127523 -8.47836e-05 -0.000470085 0.000561529 -0.00462963 0.000825487 -0.00214946 -0.00018595 0.00202918 -1.06428e-05 0.00254789 0.00445946 -0.00033046 -0.000982368
internal_weight=13527 13446 8424 5022 243 4779 649 484 377 7047 783 666 6264 4764
internal_count=13527 13446 8424 5022 243 4779 649 484 377 7047 783 666 6264 4764
is_linear=0
shrinkage=0.03


Tree=232
num_leaves=15
num_cat=0
split_feature=10 67 67 7 40 12 40 14 67 12 67 5 34 24
split_gain=4.60312 3.85631 7.59521 8.4217 11.0444 19.9108 9.07314 7.68886 7.34739 6.34105 7.5446 8.07832 7.10196 7.35225
threshold=1.9065037965774538 150.56221771240237 322.99096679687506 0.49650333821773535 0.67894738912582409 243.17707824707034 0.2578947395086289 702.00000000000011 591.65808105468761 402.93750000000006 470.55401611328131 59.859861373901374 56.690523147583015 116.67261886596681
decision_type=2 2 2 2 2 2 2 2 2 2 2 2 2 2
left_child=1 -1 -3 4 9 7 -5 -6 -8 12 11 -11 13 -4
right_child=-2 2 3 6 5 -7 8 -9 -10 10 -12 -13 -14 -15
leaf_value=-0.00015606103053811894 -0.0066318336722356042 0.0012169190723977197 -0.0097375081759220883 -0.029107023786611636 -0.00094036464586971563 0.0023331982071796986 -0.0016037192021861823 -0.054756034360480037 0.00063402556993126242 0.015071115557087643 -0.0012509722955228229 -0.00027120829899709428 -0.005597020050850823 0.0040647998853245949
leaf_weight=8400 81 1164 226 76 69 139 50 153 67 66 475 90 74 2397
leaf_count=8400 81 1164 226 76 69 139 50 153 67 66 475 90 74 2397
internal_value=-9.20381e-05 -4.90852e-05 0.000606421 -3.09119e-05 0.000288696 -0.00469529 -0.0061399 -0.0102703 -0.000897436 0.000829327 -0.00187797 0.00384615 0.00146274 0.00172131
internal_weight=13527 13446 5046 3882 3689 361 193 222 117 3328 631 156 2697 2623
internal_count=13527 13446 5046 3882 3689 361 193 222 117 3328 631 156 2697 2623
is_linear=0
shrinkage=0.03


Tree=233
num_leaves=15
num_cat=0
split_feature=10 11 10 12 14 40 23 63 69 43 35 63 53 69
split_gain=4.58596 3.53475 6.67242 15.2422 7.93609 9.18982 6.83028 7.9716 9.22881 7.96159 7.64624 8.70748 6.53659 9.00904
threshold=1.9065037965774538 3.4815278053283696 0.7286457121372224 41.822916030883796 570.50000000000011 0.13157894462347033 22.402916908264164 33.484445571899421 433.42166137695318 -0.35206145048141474 166.89013671875003 0.093888889998197569 26.500000000000004 110.79528045654298
decision_type=2 2 2 2 2 2 2 2 2 2 2 2 2 2
left_child=1 2 3 -1 5 -5 7 8 10 -10 -6 12 13 -12
right_child=-2 -3 -4 4 6 -7 -8 -9 9 -11 11 -13 -14 -15
leaf_value=-0.019144974637580699 -0.0064328786620685358 -0.00015137919962197538 0.001381964794841446 0.016372978162441054 -0.016299092054220393 0.0030504068527338201 0.00017446664527337674 0.00054003237460011457 -0.0092854466329527242 0.0034093882208184301 0.0079753393930502448 -0.023743274149474951 -0.0070975147074388411 -0.004875058442213258
leaf_weight=81 81 3645 2349 78 303 408 5022 777 58 195 227 69 114 120
leaf_count=81 81 3645 2349 78 303 408 5022 777 58 195 227 69 114 120
internal_value=-0.000105345 -6.24721e-05 0.00023416 -0.000205314 -6.30851e-05 0.00364198 -0.000324619 -0.00187601 -0.00353591 0.00148221 -0.00506002 -0.00288679 -0.00139913 0.000648415
internal_weight=13527 13446 9801 7452 7371 486 6885 1863 1086 253 833 530 461 347
internal_count=13527 13446 9801 7452 7371 486 6885 1863 1086 253 833 530 461 347
is_linear=0
shrinkage=0.03


Tree=234
num_leaves=15
num_cat=0
split_feature=11 11 12 29 42 67 35 28 67 69 65 2 15 69
split_gain=4.1554 6.37955 9.06886 6.48323 9.01371 12.5719 13.8914 9.01464 13.0695 9.97991 6.47344 11.6189 10.8944 14.3722
threshold=3.4815278053283696 2.3673611879348759 41.822916030883796 1818.159851074219 0.93540480732917797 287.32444763183599 166.7287521362305 152.38050842285159 1735.2676391601565 253.41833496093753 80.138195037841811 107.00000000000001 4.0054341554641733 508.54000854492193
decision_type=2 2 2 2 2 2 2 2 2 2 2 2 2 2
left_child=1 2 -1 4 7 -6 -7 -4 9 -9 -5 -12 13 -13
right_child=-2 -3 3 10 5 6 -8 8 -10 -11 11 12 -14 -15
leaf_value=-0.018570625398453278 -0.00020835366195290028 0.0014422921769785856 8.4781524944084187e-05 0.003471143440787818 -0.0043883470490737554 -0.0016374628854542194 0.020024744140345187 -0.025697110569178214 0.01205634783117179 -0.0036784500652186879 0.013996014825919615 -0.0070470558653745324 0.021604807408950516 0.0022431276577046999
leaf_weight=81 3726 2268 2520 2177 312 72 67 167 55 128 53 1032 311 558
leaf_count=81 3726 2268 2520 2177 312 72 67 167 55 128 53 1032 311 558
internal_value=-0.000105345 0.000218855 -0.000201115 -9.25926e-05 -0.00107949 -0.00502217 0.00248201 -0.00045993 -0.00497143 -0.00747458 0.000700799 -0.000552712 -0.000938979 -0.0019434
internal_weight=13527 9801 7533 7452 3321 451 139 2870 350 295 4131 1954 1901 1590
internal_count=13527 9801 7533 7452 3321 451 139 2870 350 295 4131 1954 1901 1590
is_linear=0
shrinkage=0.03


Tree=235
num_leaves=15
num_cat=0
split_feature=10 69 14 30 59 25 34 28 30 64 69 34 25 40
split_gain=3.65799 3.36146 7.22583 10.28 7.00778 6.32403 7.6471 5.27125 5.25606 5.7277 6.06782 4.76364 4.54719 8.76402
threshold=1.9065037965774538 784.43792724609386 949.00000000000011 0.81101191043853771 32.500000000000007 965.95791625976574 50.353231430053718 150.59989929199222 0.71577382087707531 1.0000000180025095e-35 1161.3919677734377 53.890426635742195 372.13220214843756 0.68947368860244762
decision_type=2 2 2 2 2 2 2 2 2 2 2 2 2 2
left_child=1 12 4 5 8 7 -7 -4 -3 -10 -11 -9 13 -1
right_child=-2 2 3 -5 -6 6 -8 11 9 10 -12 -13 -14 -15
leaf_value=0.0085605359163166868 -0.0062336416923478924 -0.020633349061411482 -0.015326688077944252 0.027871241821813282 -0.025777753769574696 -0.00051432074440291406 0.014530246464250739 0.0021853785304715464 0.01212738648197079 0.0048096545368430223 -0.046598010260581635 -0.059666081552487614 -0.00014058721377472913 -0.01160636972767814
leaf_weight=697 81 62 117 101 97 67 136 802 87 60 66 57 10918 179
leaf_count=697 81 62 117 101 97 67 136 802 87 60 66 57 10918 179
internal_value=-0.000125305 -8.70147e-05 0.00118039 0.00225 -0.0025 0.0014631 0.00628079 0.000461066 -5.45455e-05 0.0021831 -0.00190476 0.00127474 -0.000264541 0.00181507
internal_weight=13527 13446 1652 1280 372 1179 203 976 275 213 126 859 11794 876
internal_count=13527 13446 1652 1280 372 1179 203 976 275 213 126 859 11794 876
is_linear=0
shrinkage=0.03


Tree=236
num_leaves=15
num_cat=0
split_feature=29 28 52 67 59 40 40 28 69 0 67 40 43 40
split_gain=3.97908 11.5986 7.3385 6.92165 8.18188 13.2014 9.39175 7.21982 7.29653 6.48264 6.23453 7.39609 6.1202 5.72272
threshold=3118.2814941406255 176.5704040527344 1.0000000180025095e-35 78.06000137329103 9.5000000000000018 0.50000000000000011 0.35263158380985266 220.2862243652344 464.36569213867193 483.16667175292974 1002.9662475585939 0.23684210330247882 -0.58216583728790272 0.75263157486915599
decision_type=2 2 2 2 2 2 2 2 2 2 2 2 2 2
left_child=1 13 9 7 10 6 -6 8 -3 -2 -5 -12 -10 -1
right_child=2 3 -4 4 5 -7 -8 -9 12 -11 11 -13 -14 -15
leaf_value=-8.8775724313334682e-05 0.00015904446780843793 -0.018482520295822188 0.0028240894311221164 0.0087360239059370674 -0.0065001256449368581 -0.031866260906729268 0.012931497510155108 0.0049998501799543059 -0.013888163216103498 -0.012298811904068034 -0.00622611443318263 0.00061077862426941912 0.007475480525537463 0.0010675255726815816
leaf_weight=6264 2542 331 2128 247 225 169 90 83 52 352 73 138 50 783
leaf_count=6264 2542 331 2128 247 225 169 90 83 52 352 73 138 50 783
internal_value=-0.000131958 -0.000527337 0.000537634 -0.00296296 -0.00143312 -0.00415289 -0.00052381 -0.00575581 -0.00730947 -0.00044575 0.00144105 -0.00234597 -0.000294118 -2.34142e-05
internal_weight=13527 8505 5022 1458 942 484 315 516 433 2894 458 211 102 7047
internal_count=13527 8505 5022 1458 942 484 315 516 433 2894 458 211 102 7047
is_linear=0
shrinkage=0.03


Tree=237
num_leaves=15
num_cat=0
split_feature=29 28 67 42 34 40 13 28 69 7 52 64 30 69
split_gain=4.06886 11.4035 6.73671 8.06965 12.8527 8.64396 7.676 7.11661 7.15312 6.75512 6.17459 6.25494 8.61867 8.53585
threshold=3118.2814941406255 176.5704040527344 78.06000137329103 0.032701563090086053 49.610776901245124 0.36315789818763738 648.95947265625011 220.2862243652344 464.36569213867193 1.0000000180025095e-35 1.0000000180025095e-35 1.0000000180025095e-35 0.71875000000000011 12.877222061157228
decision_type=2 2 2 2 2 2 2 2 2 2 2 2 2 2
left_child=1 -1 7 4 6 9 -4 8 -3 -5 11 -2 13 -13
right_child=10 2 3 5 -6 -7 -8 -9 -10 -11 -12 12 -14 -15
leaf_value=-1.63400089450505e-05 0.001250561139545745 -0.017928044686947527 -0.0050906446143755783 0.034470364410318269 -0.034601606762276874 0.012336452417182437 0.011459716774374318 0.0048498546745556672 -0.00033572206105136003 -0.0031829048370961652 0.0027393667481884431 -0.021778477090178175 9.8505255838969848e-05 -0.0014288039320683908
leaf_weight=7047 1427 331 141 88 121 143 57 83 102 392 2128 223 912 332
leaf_count=7047 1427 331 141 88 121 143 57 83 102 392 2128 223 912 332
internal_value=-0.000127523 -0.000527337 -0.00294239 -0.00143312 -0.00531348 0.000553772 -0.000606061 -0.00569767 -0.00724018 -0.001375 0.000549582 -0.000352453 -0.00172802 -0.00467568
internal_weight=13527 8505 1458 942 319 623 198 516 433 480 5022 2894 1467 555
internal_count=13527 8505 1458 942 319 623 198 516 433 480 5022 2894 1467 555
is_linear=0
shrinkage=0.03


Tree=238
num_leaves=15
num_cat=0
split_feature=10 29 28 67 22 42 27 40 33 13 40 18 34 28
split_gain=3.64524 3.20595 8.78166 5.72629 8.52671 7.22226 13.2083 7.08415 6.61034 5.46975 6.24552 8.06851 14.1933 6.78117
threshold=1.9065037965774538 3118.2814941406255 176.5704040527344 78.06000137329103 7.9435946941375741 0.09796465560793878 58.142488479614265 0.34210526943206793 49.802545547485359 80.440532684326186 0.73157894611358654 0.19791666418313983 53.083152770996101 485.72183227539068
decision_type=2 2 2 2 2 2 2 2 2 2 2 2 2 2
left_child=1 2 -1 4 -4 6 -5 8 -7 -3 -11 13 -13 -12
right_child=-2 9 3 5 -6 7 -8 -9 -10 10 11 12 -14 -15
leaf_value=-1.584980867670005e-05 -0.0049379252759443109 -0.005956238770717181 -0.014697442943269143 7.7519876009999323e-05 0.0077697645217215602 0.077937267776725147 -0.036058602394534282 0.01164516108501421 -0.0021429427287150559 0.0017557782541654055 -0.031890201856449252 -0.0039769089691805261 0.016310968245198173 0.00024817708908049242
leaf_weight=7047 81 243 417 185 80 53 119 145 378 4130 154 363 66 66
leaf_count=7047 81 243 417 185 80 53 119 145 378 4130 154 363 66 66
internal_value=-0.000136394 -9.81705e-05 -0.00045584 -0.00264706 -0.00522133 -0.00119318 -0.00493421 0.00078125 -0.00114849 0.000501792 0.000725047 -0.00201079 0.000384615 -0.00668182
internal_weight=13527 13446 8424 1377 497 880 304 576 431 5022 4779 649 429 220
internal_count=13527 13446 8424 1377 497 880 304 576 431 5022 4779 649 429 220
is_linear=0
shrinkage=0.03


Tree=239
num_leaves=15
num_cat=0
split_feature=29 28 69 65 14 40 35 28 40 69 24 28 33 69
split_gain=3.71 10.3043 5.87271 6.89266 5.5953 6.6506 8.05478 7.47511 5.38529 13.5749 12.7356 11.4977 9.10173 8.25518
threshold=3118.2814941406255 176.5704040527344 784.43792724609386 445.44721984863287 1981.0000000000002 0.59473684430122387 165.99444580078128 213.47305297851565 0.75263157486915599 387.79444885253912 173.91666412353518 51.005376815795906 58.97923660278321 181.18805694580081
decision_type=2 2 2 2 2 2 2 2 2 2 2 2 2 2
left_child=1 8 4 -4 5 7 -7 -3 13 10 -10 12 -12 -1
right_child=-2 2 3 -5 -6 6 -8 -9 9 -11 11 -13 -14 -15
leaf_value=-0.00021680984925211532 0.00061123044851265186 0.013179603742762776 -0.0068970803933011823 0.0026036157323596587 -0.0083331184401002015 0.013008991314374913 -0.051743693646858747 -0.0023882392152494792 -0.018272484215546302 -0.025035481229139237 -0.030047554836974539 0.004768070679945704 0.0017877286742658464 0.0014946231041295288
leaf_weight=4764 5022 149 179 140 541 53 144 252 87 51 99 330 216 1500
leaf_count=4764 5022 149 179 140 541 53 144 252 87 51 99 330 216 1500
internal_value=-0.000120869 -0.000502646 -0.00279835 0.000799373 -0.00380597 -0.00180602 -0.0063198 0.000411471 -2.76713e-05 0.00231801 0.00336066 0.00481395 0.000714286 -0.000320881
internal_weight=13527 8505 1458 319 1139 598 197 401 7047 783 732 645 315 6264
internal_count=13527 8505 1458 319 1139 598 197 401 7047 783 732 645 315 6264
is_linear=0
shrinkage=0.03


Tree=240
num_leaves=15
num_cat=0
split_feature=10 69 13 4 42 7 15 21 0 17 15 67 27 15
split_gain=3.65799 3.27944 8.72261 8.76203 8.11203 25.1361 10.7528 9.21829 6.98465 6.42671 8.30923 7.4967 6.91094 6.50162
threshold=1.9065037965774538 370.59124755859381 1878.9898071289065 22.572502136230472 0.91037613153457653 0.40284535288810736 0.068871531635522856 2.6566377878189091 349.08332824707037 17.907916069030765 0.85260421037673961 547.21417236328136 99.860286712646499 0.32517650723457342
decision_type=2 2 2 2 2 2 2 2 2 2 2 2 2 2
left_child=1 -1 3 4 9 6 -6 -7 -8 13 -11 -12 -13 -3
right_child=-2 2 -4 -5 5 7 8 -9 -10 10 11 12 -14 -15
leaf_value=-0.00011896055898920288 -0.0045397939644629751 -8.047964053144341e-05 0.018658118001771376 0.020297552619600315 -0.0040867348740148031 0.0023050106655053779 0.017285334244506387 -0.022875275264853581 0.00051881754868978943 -0.021158159567902818 -8.2854501129578931e-05 -0.0022741269761991575 -0.040674893572819212 0.011156992121753414
leaf_weight=9853 81 795 83 144 55 63 322 194 76 103 1142 243 115 258
leaf_count=9853 81 795 83 144 55 63 322 194 76 103 1142 243 115 258
internal_value=-0.000125305 -8.70147e-05 0.000688839 0.000461538 0.000151515 0.003 0.00725166 -0.00449416 0.00896985 -0.00060994 -0.00180599 -0.00124 -0.00502793 0.00121083
internal_weight=13527 13446 3593 3510 3366 710 453 257 398 2656 1603 1500 358 1053
internal_count=13527 13446 3593 3510 3366 710 453 257 398 2656 1603 1500 358 1053
is_linear=0
shrinkage=0.03


Tree=241
num_leaves=15
num_cat=0
split_feature=10 67 22 67 67 67 23 65 0 43 10 69 42 7
split_gain=3.65034 3.08868 4.64601 7.12203 6.42806 7.68183 5.39166 4.13409 4.07033 8.49782 4.00719 3.53489 8.83874 26.1336
threshold=1.9065037965774538 5311.6538085937509 5.8562464714050302 2599.2729492187505 1468.8337402343752 653.15151977539074 20.592222213745121 3171.3266601562505 46.375000000000007 1.0000000180025095e-35 0.48561824858188635 370.59124755859381 0.88144907355308544 0.40284535288810736
decision_type=2 2 2 2 2 2 2 2 2 2 2 2 2 2
left_child=1 2 3 4 5 7 -4 8 9 -1 -7 -8 -13 -14
right_child=-2 -3 6 -5 -6 10 11 -9 -10 -11 -12 12 13 -15
leaf_value=0.014359078113983705 -0.0044036001455290867 -0.0053484241542002932 -0.009090208270711355 0.029083765915557072 -0.0088166537655175493 0.017746497616622205 -0.0001406294205202485 0.027564548021205816 -0.0010118462816146544 -0.0039026018221752111 0.00235383202752681 -0.00023194797898895558 0.014033914008228203 -0.0075670829772676029
leaf_weight=100 81 62 81 58 87 83 8779 54 818 70 68 2430 458 298
leaf_count=100 81 62 81 58 87 83 8779 54 818 70 68 2430 458 298
internal_value=-0.000131958 -9.37082e-05 -6.27615e-05 0.00161435 0.00114844 0.00172255 -0.000249045 0.000806142 0.000364372 0.00458824 0.00804636 -0.000196824 0.000659134 0.00349206
internal_weight=13527 13446 13384 1338 1280 1193 12046 1042 988 170 151 11965 3186 756
internal_count=13527 13446 13384 1338 1280 1193 12046 1042 988 170 151 11965 3186 756
is_linear=0
shrinkage=0.03


Tree=242
num_leaves=15
num_cat=0
split_feature=10 29 28 40 25 28 33 1 69 42 7 14 26 0
split_gain=3.64524 3.20595 8.95716 5.5428 11.1163 12.9919 15.528 12.6881 7.26594 7.88616 10.7707 6.80685 6.6777 9.41136
threshold=1.9065037965774538 3118.2814941406255 176.5704040527344 0.75263157486915599 573.83828735351574 53.882841110229499 61.421236038208015 45.344640731811531 181.18805694580081 0.91037613153457653 0.49300666153430944 4047.0000000000005 11603.500000000002 384.66665649414068
decision_type=2 2 2 2 2 2 2 2 2 2 2 2 2 2
left_child=1 2 3 8 -5 6 7 -6 9 -1 -11 -7 13 -10
right_child=-2 -3 -4 4 5 11 -8 -9 12 10 -12 -13 -14 -15
leaf_value=-5.5795100682880514e-05 -0.0042714921411632139 0.0005751860910350714 -0.0036523624913399819 -0.00096358255928332109 0.0021159247152179182 0.0054938606824612756 0.0047756350037988634 -0.026110185086714196 0.001293605063619152 -0.0016490035087967712 0.0031417122004517737 0.0023702326650845507 0.011287360820915894 -0.0061217075660315243
leaf_weight=3938 81 5022 1377 198 54 180 108 126 1065 706 120 117 320 115
leaf_count=3938 81 5022 1377 198 54 180 108 126 1065 706 120 117 320 115
internal_value=-0.000136394 -9.81705e-05 -0.00045584 -2.34142e-05 0.00235632 0.0044359 -0.000104167 -0.0055 -0.000320881 -0.000894207 -0.00355932 0.00883838 0.0015 0.000457627
internal_weight=13527 13446 8424 7047 783 585 288 180 6264 4764 826 297 1500 1180
internal_count=13527 13446 8424 7047 783 585 288 180 6264 4764 826 297 1500 1180
is_linear=0
shrinkage=0.03


Tree=243
num_leaves=15
num_cat=0
split_feature=10 1 10 63 40 67 67 36 40 0 63 40 34 19
split_gain=3.67588 3.01233 5.36108 9.62357 11.3851 7.05236 7.44802 10.246 9.57023 8.51545 6.91743 7.98342 7.33242 6.83712
threshold=1.9065037965774538 35.576398849487312 0.86778613924980175 34.914720535278327 0.1947368457913399 653.15151977539074 28.78013896942139 6.5000000000000009 0.66842105984687816 29.000000000000004 2.216250061988831 0.4052631556987763 50.891822814941413 0.47826002538204199
decision_type=2 2 2 2 2 2 2 2 2 2 2 2 2 2
left_child=1 2 5 4 -4 6 9 -8 -9 -1 11 -6 13 -13
right_child=-2 -3 3 -5 10 -7 7 8 -10 -11 -12 12 -14 -15
leaf_value=0.014984491948068522 -0.004143347376928317 -0.00015620143555314047 -0.00080779363144459616 -0.0013507205963507339 0.00069361123442969637 0.017961014214686308 -0.0088827680544694976 0.0054052183717492935 -0.027405886228135716 -0.0029223382354874958 0.015553906898460567 -0.0029554483717015201 0.00021575776700549133 0.011672178744992228
leaf_weight=360 81 10530 345 564 265 243 130 187 54 79 175 220 162 132
leaf_count=360 81 10530 345 564 265 243 130 187 54 79 175 220 162 132
internal_value=-0.00010978 -7.13967e-05 0.000781893 -0.000185185 0.00123557 0.00249288 0.00114815 -0.00198113 0.0016805 0.00379271 0.00292453 0.00171374 -0.000466926 -0.00289773
internal_weight=13527 13446 2916 1863 1299 1053 810 371 241 439 954 779 514 352
internal_count=13527 13446 2916 1863 1299 1053 810 371 241 439 954 779 514 352
is_linear=0
shrinkage=0.03


Tree=244
num_leaves=15
num_cat=0
split_feature=10 1 22 42 23 25 40 23 40 63 3 16 18 67
split_gain=3.71694 3.82579 6.14603 4.43075 8.44027 7.42666 7.60323 6.40264 7.79828 9.87858 10.52 8.49137 8.30952 7.76368
threshold=1.9065037965774538 35.576398849487312 8.8598527908325213 -0.93540480732917775 22.514583587646488 705.73126220703136 0.75263157486915599 22.601944923400882 0.1947368457913399 66.528335571289077 0.12684027105569842 1.3033844828605654 0.40625000000000006 477.62445068359381
decision_type=2 2 2 2 2 2 2 2 2 2 2 2 2 2
left_child=1 2 3 4 -1 -6 -7 -5 11 12 13 -9 -10 -11
right_child=-2 -3 -4 7 5 6 -8 8 9 10 -12 -13 -14 -15
leaf_value=-0.031333002489178426 -0.0040190469556204683 -0.00015151539248654531 0.0080121777287370036 0.0028230668349227984 -0.0019565098063459097 -0.016682932557875362 0.0099431858375234675 -0.002469012143128961 0.011744026465626929 0.00038046486440031029 -0.010971863485709839 -9.1604666058753286e-06 7.8310244206317007e-05 -0.016688643995779105
leaf_weight=99 81 10530 81 770 121 75 90 171 229 231 76 285 616 72
leaf_count=99 81 10530 81 770 121 75 90 171 229 231 76 285 616 72
internal_value=-7.42959e-05 -3.56983e-05 0.000925926 0.000693122 -0.0022987 0.000314685 0.00445455 0.00116327 0.000125 0.00137255 -0.00265172 -0.00322368 0.00317751 -0.000148515
internal_weight=13527 13446 2916 2835 385 286 165 2450 1680 1224 379 456 845 303
internal_count=13527 13446 2916 2835 385 286 165 2450 1680 1224 379 456 845 303
is_linear=0
shrinkage=0.03


Tree=245
num_leaves=15
num_cat=0
split_feature=10 1 22 13 69 40 67 67 65 30 63 25 42 27
split_gain=3.7118 3.53942 5.65942 4.36944 8.43114 5.54953 4.27135 4.30754 10.0274 15.4133 7.75191 7.34339 6.18164 8.28737
threshold=1.9065037965774538 35.576398849487312 8.8598527908325213 80.440532684326186 139.11000061035159 0.44736842811107641 1673.6782226562502 5.9224998950958261 46.968334197998054 0.80505952239036571 139.1549987792969 428.16471862792974 -0.93540480732917775 28.136529922485355
decision_type=2 2 2 2 2 2 2 2 2 2 2 2 2 2
left_child=1 2 6 4 5 -3 7 8 10 -10 -1 -9 -13 -14
right_child=-2 3 -4 -5 -6 -7 -8 11 9 -11 -12 12 13 -15
leaf_value=0.00076186557233244297 -0.0038984755469518538 -0.0079082291002663535 0.0077718123968748814 -0.00010528873564536134 -0.019433380379121932 0.012434168034485929 0.0053320463530880068 0.010174429435389954 0.0094529006017251942 -0.001934978747617235 -0.0095148410776635071 -0.033525809958119698 -0.00058039459120924337 0.0010505135706415914
leaf_weight=613 81 52 81 10368 53 57 199 202 110 143 130 157 529 752
leaf_count=613 81 52 81 10368 53 57 199 202 110 143 130 157 529 752
internal_value=-7.87314e-05 -4.01606e-05 0.000884774 -0.000296296 -0.00518519 -0.000412844 0.000661376 0.000341426 0.00189759 -0.00326087 0.0036541 -0.000603659 -0.00135605 -0.000667447
internal_weight=13527 13446 2916 10530 162 109 2835 2636 996 253 743 1640 1438 1281
internal_count=13527 13446 2916 10530 162 109 2835 2636 996 253 743 1640 1438 1281
is_linear=0
shrinkage=0.03


Tree=246
num_leaves=15
num_cat=0
split_feature=10 23 67 65 69 14 67 56 15 43 28 69 43 36
split_gain=3.70408 3.41415 6.27109 6.29532 6.87769 10.1712 9.37965 10.1429 8.73416 7.92033 8.75821 7.14279 6.43938 10.5239
threshold=1.9065037965774538 23.411527633666996 2393.7761230468755 692.24804687500011 14.437222480773928 9528.5000000000018 66.276664733886733 51.500000000000007 0.60945892333984386 0.47114434838294988 108.82962799072267 552.17166137695324 0.16280825436115268 29.500000000000004
decision_type=2 2 2 2 2 2 2 2 2 2 2 2 2 2
left_child=1 -1 3 4 8 6 -6 9 -3 -8 -11 -9 -10 -14
right_child=-2 2 -4 -5 5 -7 7 11 12 10 -12 -13 13 -15
leaf_value=-0.00012836334150142514 -0.0037815212805432982 0.001152347809043069 -0.0052304579627998789 0.0037575287088871564 -0.0024384083442647595 0.015905249856188897 0.0021160444126813792 -0.025594134346056625 -0.0007633217805851799 -0.007376973445596304 0.01265590656037097 0.0173057866778677 0.018511449655418438 -0.00069191489762125962
leaf_weight=9882 81 456 98 388 568 179 425 176 633 111 107 93 154 176
leaf_count=9882 81 456 98 388 568 179 425 176 633 111 107 93 154 176
internal_value=-8.53848e-05 -4.68541e-05 0.000749158 0.000960762 0.000506823 -0.000804702 -0.00162162 0.000263158 0.00204017 0.00230949 -0.00233945 -0.00462825 0.000420561 0.00381818
internal_weight=13527 13446 3564 3466 3078 1659 1480 912 1419 643 218 269 963 330
internal_count=13527 13446 3564 3466 3078 1659 1480 912 1419 643 218 269 963 330
is_linear=0
shrinkage=0.03


Tree=247
num_leaves=15
num_cat=0
split_feature=10 1 42 67 65 0 59 30 1 45 1 0 40 67
split_gain=3.681 3.06895 3.56765 5.38334 3.60353 4.26163 3.47676 5.95345 10.3348 6.61729 6.32682 6.52939 6.20272 6.13646
threshold=1.9065037965774538 2471.563598632813 0.58216583728790294 343.14250183105474 204.58291625976565 2451.166625976563 1.5000000000000002 0.85267856717109691 408.76029968261724 -0.56174489110708226 34.471046447753913 26.458333015441898 0.61578947305679332 359.20527648925787
decision_type=2 2 2 2 2 2 2 2 2 2 2 2 2 2
left_child=1 6 4 -4 5 -3 -1 8 10 -10 12 -12 -8 -14
right_child=-2 2 3 -5 -6 -7 7 -9 9 -11 11 -13 13 -15
leaf_value=-8.1425515574147232e-05 -0.0036680756421269994 -0.02757167178179834 0.018230227824985946 -0.013877598860185917 0.020302402106453454 0.013843820104641663 0.0034572290165865737 -0.014613491745285387 0.013597534150271588 0.0039952481596207791 0.015264433292088472 -0.00035940196961797177 0.00083604669756732087 -0.035443950098633069
leaf_weight=8318 81 199 113 61 61 52 710 157 203 315 131 3003 69 54
leaf_count=8318 81 199 113 61 61 52 710 157 203 315 131 3003 69 54
internal_value=-0.000105345 -6.69344e-05 -0.00240741 0.00103448 -0.00432692 -0.00591633 2.08333e-05 0.000678587 0.000879599 0.00486486 0.000359214 -0.000258456 0.00268307 -0.00353659
internal_weight=13527 13446 486 174 312 251 12960 4642 4485 518 3967 3134 833 123
internal_count=13527 13446 486 174 312 251 12960 4642 4485 518 3967 3134 833 123
is_linear=0
shrinkage=0.03


Tree=248
num_leaves=15
num_cat=0
split_feature=10 23 67 67 42 14 63 0 30 26 16 17 14 40
split_gain=3.69125 3.0167 5.29909 7.87292 8.53311 15.8693 14.0319 12.4409 12.3129 12.1581 11.0189 13.7365 12.1288 10.4329
threshold=1.9065037965774538 23.411527633666996 150.56221771240237 30.588749885559086 0.032701563090086053 2748.5000000000005 47.538888931274421 27.583333015441898 0.79761904478073131 8204.5000000000018 22.872672080993656 30.72166728973389 1218.5000000000002 0.16315789520740512
decision_type=2 2 2 2 2 2 2 2 2 2 2 2 2 2
left_child=1 2 3 4 5 10 9 8 -6 -7 11 -1 -13 -9
right_child=-2 -3 -4 -5 7 6 -8 13 -10 -11 -12 12 -14 -15
leaf_value=0.005542800797055456 -0.0035580333728631895 0.0001511436696698043 0.00025083379927467672 -0.0024883743384586498 0.01347706081387475 -0.01195305247787341 -0.017139375286119325 0.00056277583223936385 -0.00023612045787759753 0.0041119345602979697 0.0058828065357606893 -0.012899926065384308 0.0033369656252300616 -0.0043691919371767708
leaf_weight=435 81 3564 3853 1503 272 118 321 533 163 542 461 235 232 1214
leaf_count=435 81 3564 3853 1503 272 118 321 533 163 542 461 235 232 1214
internal_value=-9.64737e-05 -5.80098e-05 -0.000327869 -0.000883231 -0.000258506 0.000998294 -0.00191131 -0.00160862 0.00293103 0.000590909 0.00309244 0.00116408 -0.00240899 -0.00273898
internal_weight=13527 13446 9882 6029 4526 2344 981 2182 435 660 1363 902 467 1747
internal_count=13527 13446 9882 6029 4526 2344 981 2182 435 660 1363 902 467 1747
is_linear=0
shrinkage=0.03


Tree=249
num_leaves=15
num_cat=0
split_feature=11 11 12 14 69 17 65 65 17 69 65 69 35 34
split_gain=3.88281 5.72529 9.24333 8.67788 5.60735 5.57907 11.4589 8.00731 10.2381 9.28697 8.19386 7.6877 7.89791 7.10771
threshold=3.4815278053283696 2.3673611879348759 41.822916030883796 572.50000000000011 2132.369506835938 106.17000198364259 3.3130555152893071 22.959444046020511 118.21069717407228 481.94569396972662 265.29597473144537 571.21209716796886 163.65486145019534 52.029167175292976
decision_type=2 2 2 2 2 2 2 2 2 2 2 2 2 2
left_child=1 2 -1 -4 -2 6 -5 -7 9 10 -9 12 -8 -14
right_child=4 -3 3 5 -6 7 11 8 -10 -11 -12 -13 13 -15
leaf_value=-0.017082372236174537 -0.0002352599263926913 0.0014895595095115242 0.0038400478007451252 0.0030294244511172861 0.0050791242824182702 -0.0026691500592054673 -0.022491799778540617 -0.0003165563286050155 0.0050575532705102949 0.010637508662510479 -0.029689974700509048 0.0018994582481113476 -0.00033699395722924574 -0.015184801270881171
leaf_weight=81 3594 2268 567 1811 132 1021 73 110 615 60 138 600 2144 313
leaf_count=81 3594 2268 567 1811 132 1021 73 110 615 60 138 600 2144 313
internal_value=-2.1069e-05 0.000292317 -0.000105536 4.02576e-06 -0.000845411 -0.00028976 0.000245902 -0.00165123 0.000373781 -0.00409091 -0.00665323 -0.000853035 -0.00157708 -0.00128816
internal_weight=13527 9801 7533 7452 3726 6885 4941 1944 923 308 248 3130 2530 2457
internal_count=13527 9801 7533 7452 3726 6885 4941 1944 923 308 248 3130 2530 2457
is_linear=0
shrinkage=0.03


Tree=250
num_leaves=15
num_cat=0
split_feature=10 36 63 69 3 65 59 13 50 63 6 6 65 42
split_gain=3.76081 3.35527 5.88665 10.1542 10.6696 8.57727 5.97619 4.7238 4.34842 4.224 10.1659 10.4737 8.45728 8.39554
threshold=1.9065037965774538 447.50000000000006 8.0461111068725604 89.886943817138686 18.804142951965336 606.79333496093761 63.500000000000007 765.30313110351574 54.500000000000007 459.69528198242193 0.45833332836627966 0.29166667163372045 53.75152778625489 0.52778512239456188
decision_type=2 2 2 2 2 2 2 2 2 2 2 2 2 2
left_child=1 9 3 4 7 6 -4 -3 -7 -1 11 -11 -13 -14
right_child=-2 2 5 -5 -6 8 -8 -9 -10 10 -12 12 13 -15
leaf_value=2.6508268436248288e-05 -0.0034442345738855133 -0.0038383330200357111 0.0019680037584564889 0.013192131613465125 0.0025857377781891965 -0.0010930893246005624 -0.0094453112066758219 -3.4259015623758768e-05 1.8489491500783827e-06 -0.0019537831712792995 -0.015190798482404531 -0.0026358565529938094 0.017194824964517644 0.0010856163093489622
leaf_weight=10179 81 208 649 111 70 50 63 124 102 1509 122 75 103 81
leaf_count=10179 81 208 649 111 70 50 63 124 102 1509 122 75 103 81
internal_value=-3.65935e-05 2.23115e-06 0.00140523 -0.00114035 -0.00335821 0.00291667 0.00429775 -0.00560241 -0.00355263 -0.000157842 -0.00146032 -0.000882353 0.00469112 0.00815217
internal_weight=13527 13446 1377 513 402 864 712 332 152 12069 1890 1768 259 184
internal_count=13527 13446 1377 513 402 864 712 332 152 12069 1890 1768 259 184
is_linear=0
shrinkage=0.03


Tree=251
num_leaves=15
num_cat=0
split_feature=10 36 14 69 63 65 13 42 50 17 53 63 28 67
split_gain=3.76858 3.22043 5.69414 7.22798 7.1225 12.1322 7.83647 6.90452 6.65752 5.9763 4.91672 3.88382 7.62674 10.8341
threshold=1.9065037965774538 447.50000000000006 1190.5000000000002 132.88611602783206 8.0461111068725604 362.49278259277349 631.63128662109386 0.41248606145381933 49.500000000000007 81.568748474121108 57.500000000000007 459.69528198242193 98.49405670166017 477.62445068359381
decision_type=2 2 2 2 2 2 2 2 2 2 2 2 2 2
left_child=1 11 -3 4 6 7 -4 9 -7 -6 -10 -1 -13 -14
right_child=-2 2 3 -5 5 8 -8 -9 10 -11 -12 12 13 -15
leaf_value=2.5713020383160836e-05 -0.0033409075366689477 0.011743541315553361 -0.0042543083498637335 0.017652951312009113 0.0049866707619472626 -0.00090073774626997505 0.00014439943629303897 -0.00022842204320595803 -0.00062991486017707212 0.00018406996155707398 0.00012564548746749616 -0.0032541670225213482 0.0016019574814307312 -0.0063331532517804413
leaf_weight=10179 81 162 206 148 182 91 189 98 70 72 159 382 972 536
leaf_count=10179 81 162 206 148 182 91 189 98 70 72 159 382 972 536
internal_value=-2.99401e-05 8.92459e-06 0.00138344 0.000679012 -0.000182755 0.00169643 -0.00337975 0.00553977 -0.00253125 0.00814961 0.000196507 -0.0001479 -0.00139683 -0.000437666
internal_weight=13527 13446 1377 1215 1067 672 395 352 320 254 229 12069 1890 1508
internal_count=13527 13446 1377 1215 1067 672 395 352 320 254 229 12069 1890 1508
is_linear=0
shrinkage=0.03


Tree=252
num_leaves=15
num_cat=0
split_feature=10 36 14 69 63 65 13 50 40 17 4 53 1 10
split_gain=3.78674 2.85215 5.43878 6.49603 7.19333 10.6812 6.54999 6.22222 5.65874 6.67261 5.0188 4.63262 3.58165 6.96475
threshold=1.9065037965774538 447.50000000000006 1190.5000000000002 118.80944442749025 8.0461111068725604 362.49278259277349 631.63128662109386 49.500000000000007 0.46842105686664587 81.568748474121108 16.961789131164554 97.500000000000014 38.241245269775398 0.51316088438034069
decision_type=2 2 2 2 2 2 2 2 2 2 2 2 2 2
left_child=1 12 -3 4 6 8 -4 -7 10 -10 -6 -9 13 -1
right_child=-2 2 3 -5 5 7 -8 11 9 -11 -12 -13 -14 -15
leaf_value=0.0036592997186411357 -0.0032406803105688793 0.01139123507608676 -0.0041266790993678311 0.016960100463700157 0.0013743348854182446 -0.00088751729716294745 9.1131476647485769e-05 -0.00018962976137182341 0.0047997009846209868 3.035211961618156e-05 -0.00048790311624756554 0.00033822517000216653 -0.00037280812069970357 -1.3092497055713359e-05
leaf_weight=810 81 162 206 161 74 90 184 142 153 62 60 83 8991 2268
leaf_count=810 81 162 206 161 74 90 184 142 153 62 60 83 8991 2268
internal_value=-1.44156e-05 2.45426e-05 0.00131808 0.00062963 -0.000227704 0.00167169 -0.00346154 -0.00233333 0.00528653 0.00830233 0.000447761 0.000333333 -0.000123043 0.000760234
internal_weight=13527 13446 1377 1215 1054 664 390 315 349 215 134 225 12069 3078
internal_count=13527 13446 1377 1215 1054 664 390 315 349 215 134 225 12069 3078
is_linear=0
shrinkage=0.03


Tree=253
num_leaves=15
num_cat=0
split_feature=11 10 12 40 27 67 24 13 1 67 30 69 1 40
split_gain=3.00276 5.54643 6.68401 5.52476 14.7377 9.1201 8.80929 8.43265 7.83768 6.81771 6.09543 10.9256 5.50201 7.13528
threshold=3.4815278053283696 0.7286457121372224 41.822916030883796 0.4789473712444306 42.520748138427741 506.75430297851568 399.10119628906256 392.99807739257818 676.50057983398449 110.6716651916504 0.8080357313156129 44.759443283081062 35.576398849487312 0.69999998807907116
decision_type=2 2 2 2 2 2 2 2 2 2 2 2 2 2
left_child=1 2 -1 5 9 6 10 -7 -8 -5 11 -3 13 -4
right_child=-2 3 12 4 -6 7 8 -9 -10 -11 -12 -13 -14 -15
leaf_value=-0.016548162054772858 -0.00017828272751861622 0.0067474615213605109 0.0056300152016707551 -0.0020198930424217896 0.012653923119176031 -0.014782142449963249 -0.0021784786305142621 0.00058393954275006267 0.007147364944576004 0.01595134724798921 0.012200166128753543 -0.0015942863021925113 -0.00023403366006832682 -0.01386462441715027
leaf_weight=81 3726 167 737 570 385 118 230 55 138 60 349 277 6480 154
leaf_count=81 3726 167 737 570 385 118 230 55 138 60 349 277 6480 154
internal_value=-7.76225e-06 0.00026783 -0.00013285 0.00153895 0.0032069 0.000269865 0.00122739 -0.00615607 -0.0026087 0.000380952 0.00300757 0.000675676 -3.8665e-05 0.00217172
internal_weight=13527 9801 7452 2349 1015 1334 1161 173 368 630 793 444 7371 891
internal_count=13527 9801 7452 2349 1015 1334 1161 173 368 630 793 444 7371 891
is_linear=0
shrinkage=0.03


Tree=254
num_leaves=15
num_cat=0
split_feature=11 10 12 14 33 69 33 67 40 64 0 42 26 69
split_gain=3.10222 5.66775 6.71544 6.39334 5.87316 8.6965 6.59929 11.8659 10.1104 5.77314 5.74517 5.76609 5.58969 10.7925
threshold=3.4815278053283696 0.7286457121372224 41.822916030883796 572.50000000000011 69.806602478027358 82.752777099609389 61.56684875488282 37.198888778686531 0.75263157486915599 1.0000000180025095e-35 66.625000000000014 0.68322628736495983 4048.5000000000005 467.87193298339849
decision_type=2 2 2 2 2 2 2 2 2 2 2 2 2 2
left_child=1 2 -1 9 6 -6 12 8 -8 -4 11 -11 13 -5
right_child=-2 -3 3 4 5 -7 7 -9 -10 10 -12 -13 -14 -15
leaf_value=-0.016051717193129672 -0.00017293424569305585 0.0013139164277807768 0.025228616274441538 -0.01942959464857965 0.011066102255114049 -0.0023637337619820007 -0.025816217740340121 0.00040063035875478236 0.0018136812421339183 0.00024189948252026028 -0.0059240937842159266 0.01888955056956277 0.00015792832342076402 0.0035271349240895721
leaf_weight=81 3726 2349 188 310 103 59 232 357 59 109 217 53 5346 338
leaf_count=81 3726 2349 188 310 103 59 232 357 59 109 217 53 5346 338
internal_value=1.21978e-05 0.000292317 -0.000112721 -1.8315e-05 -0.000273369 0.00537037 -0.000411021 -0.00328704 -0.00778351 0.00304233 0.00091029 0.00518519 -0.0001001 -0.00273148
internal_weight=13527 9801 7452 7371 6804 162 6642 648 291 567 379 162 5994 648
internal_count=13527 9801 7452 7371 6804 162 6642 648 291 567 379 162 5994 648
is_linear=0
shrinkage=0.03


Tree=255
num_leaves=15
num_cat=0
split_feature=11 10 1 67 33 69 14 43 67 43 14 45 13 29
split_gain=2.78556 5.09279 5.74466 6.12813 5.74789 8.34932 6.22197 12.8616 11.6036 10.0503 19.55 13.5055 11.4237 10.4095
threshold=3.4815278053283696 0.7286457121372224 35.576398849487312 653.15151977539074 69.806602478027358 82.752777099609389 3137.0000000000005 -0.35206145048141474 4021.0927734375005 -0.41248606145381922 2065.5000000000005 0.81174489855766307 111.16003799438478 3918.6372070312505
decision_type=2 2 2 2 2 2 2 2 2 2 2 2 2 2
left_child=1 2 3 -1 6 -6 8 -8 9 10 12 -12 -4 -11
right_child=-2 -3 4 -5 5 -7 7 -9 -10 13 11 -13 -14 -15
leaf_value=0.00035875262986704291 -0.00016774621832226031 0.0012744989349473634 -0.019370906310980304 0.016717245080308026 0.010734119187460624 -0.0022928217491225487 0.0035143522128459012 -0.00094938902014066954 -0.017655696050207653 -0.00085573091514015156 -0.013148099520216018 0.0037558223348256002 0.0010766174929145755 0.0030264775109915209
leaf_weight=648 3726 2349 105 243 103 59 1147 1364 59 1496 584 70 895 679
leaf_count=648 3726 2349 105 243 103 59 1147 1364 59 1496 584 70 895 679
internal_value=2.99401e-05 0.000295378 -8.85668e-05 0.00217172 -0.000395519 0.00518519 -0.000536803 0.00062724 -0.00128858 -0.00108514 -0.00284764 -0.00688073 -0.00021 0.000255172
internal_weight=13527 9801 7452 891 6561 162 6399 2511 3888 3829 1654 654 1000 2175
internal_count=13527 9801 7452 891 6561 162 6399 2511 3888 3829 1654 654 1000 2175
is_linear=0
shrinkage=0.03


Tree=256
num_leaves=15
num_cat=0
split_feature=33 40 65 27 69 34 69 34 40 42 17 43 65 6
split_gain=2.82553 7.38294 6.3743 3.0964 4.04739 9.20218 7.97281 8.28773 12.8631 8.92663 10.6517 8.8668 7.82421 6.74309
threshold=69.806602478027358 0.65789473056793224 143.94972229003909 69.286941528320327 132.88611602783206 51.668193817138679 325.98124694824224 51.668193817138679 0.61578947305679332 0.93540480732917797 26.148333549499515 -0.95642796158790577 228.95472717285159 0.20833333581686023
decision_type=2 2 2 2 2 2 2 2 2 2 2 2 2 2
left_child=3 2 -2 -1 5 -5 -6 9 13 11 -11 -8 -13 -9
right_child=1 -3 -4 4 6 -7 7 8 -10 10 -12 12 -14 -15
leaf_value=-9.8482743418393872e-05 -0.0028719500812710796 0.020832061585378286 0.011354299771657111 0.0015240384669447415 -0.017310362704593452 0.023008437499422139 0.03122332098573782 -0.0014257664769460154 0.0048390545214811228 -0.01590155064427784 0.019677007713614626 0.0033190786241322854 -0.010189466970223786 -0.037893444015468486
leaf_weight=10692 190 72 62 829 255 82 129 56 53 59 133 400 414 101
leaf_count=10692 190 72 62 829 255 82 129 56 53 59 133 400 414 101
internal_value=9.98004e-06 0.00277778 0.000357143 -5.79414e-05 0.000890084 0.00248628 -1.875e-05 0.000903346 -0.00457143 0.0019163 0.0078125 0.000715801 -0.00044226 -0.00888535
internal_weight=13527 324 252 13203 2511 911 1600 1345 210 1135 192 943 814 157
internal_count=13527 324 252 13203 2511 911 1600 1345 210 1135 192 943 814 157
is_linear=0
shrinkage=0.03


Tree=257
num_leaves=15
num_cat=0
split_feature=27 36 65 24 63 23 40 59 40 9 23 67 33 63
split_gain=2.79442 3.68802 6.06723 7.19436 9.09022 8.2315 6.47313 5.02604 4.87151 9.41869 5.57695 4.77051 4.74505 4.42463
threshold=69.286941528320327 447.50000000000006 629.46597290039074 314.30952453613287 56.664861679077156 23.303194999694828 0.23684210330247882 65.500000000000014 0.6473684310913087 0.15425925701856616 22.666944503784183 276.83361816406256 58.636873245239265 77.860000610351577
decision_type=2 2 2 2 2 2 2 2 2 2 2 2 2 2
left_child=1 13 3 -3 5 -5 -4 8 9 11 -11 -6 -10 -1
right_child=-2 2 6 4 7 -7 -8 -9 12 10 -12 -13 -14 -15
leaf_value=9.0080143861810104e-06 0.0011548385648345505 0.01369835516878366 0.00019530032228490591 -0.0014264838786970334 -0.0024717336819620782 0.0023176205701742792 -0.00058422171860021514 -0.011130613629989074 0.00020243532125182372 0.010608958725653202 0.00029906709050527171 6.448419487095069e-05 0.0045038708548676351 -0.00090505386949256026
leaf_weight=6788 2511 180 65 228 52 113 140 53 54 82 180 78 71 2932
leaf_count=6788 2511 180 65 228 52 113 140 53 54 82 180 78 71 2932
internal_value=-1.10889e-06 -0.000206972 0.0012963 0.00218607 0.00110318 -0.00277126 -0.00343902 0.00342105 0.00432302 0.00267857 0.0059542 -0.00392308 0.00948 -0.000407407
internal_weight=13527 11016 1296 1091 911 341 205 570 517 392 262 130 125 9720
internal_count=13527 11016 1296 1091 911 341 205 570 517 392 262 130 125 9720
is_linear=0
shrinkage=0.03


Tree=258
num_leaves=15
num_cat=0
split_feature=36 14 69 40 5 67 67 65 43 27 27 69 63 23
split_gain=2.77008 5.48477 6.4776 6.48132 10.7184 8.08488 4.85017 4.67794 4.53521 3.54372 4.48406 9.48514 7.58229 8.21696
threshold=447.50000000000006 1190.5000000000002 132.88611602783206 0.71052631735801708 56.867361068725593 0.42722222208976751 20.751944541931156 341.90625000000006 -0.9103761315345763 69.286941528320327 49.820095062255866 181.18805694580081 451.67498779296881 22.758889198303226
decision_type=2 2 2 2 2 2 2 2 2 2 2 2 2 2
left_child=9 -2 3 5 -5 -3 -7 -8 -9 10 11 12 -1 -14
right_child=1 2 -4 4 -6 6 7 8 -10 -11 -12 -13 13 -15
leaf_value=-0.00013703244028971973 0.010599823048647088 -0.0040249895552680673 0.016507732205889681 -0.0035241646293574513 0.0025586618588842435 0.00076425121730825827 0.00090623725486352216 -0.00064015339856244853 -0.00010096089354368232 0.0010943428808527099 -0.0015795355697868717 0.0017368145771661148 0.0003636564138413907 -0.0095081544994875151
leaf_weight=5011 162 192 148 78 104 93 232 56 312 2430 2268 2017 131 293
leaf_count=5011 162 192 148 78 104 93 232 56 312 2430 2268 2017 131 293
internal_value=2.1069e-05 0.0012963 0.000604938 -0.000210872 0.00494505 -0.00127119 0.000238095 -0.00075 -0.00285326 -0.000123457 -0.00037963 -2.41546e-05 -0.000676173 -0.0045283
internal_weight=13527 1377 1215 1067 182 885 693 600 368 12150 9720 7452 5435 424
internal_count=13527 1377 1215 1067 182 885 693 600 368 12150 9720 7452 5435 424
is_linear=0
shrinkage=0.03


Tree=259
num_leaves=15
num_cat=0
split_feature=36 14 69 40 5 67 65 43 58 27 69 34 69 34
split_gain=3.01087 5.34737 6.31547 6.68525 10.1653 6.93854 4.83569 4.0876 3.61794 3.50965 4.44278 8.9501 7.54682 8.20884
threshold=447.50000000000006 1190.5000000000002 132.88611602783206 0.71052631735801708 56.867361068725593 0.42722222208976751 341.90625000000006 -0.93540480732917775 0.42611111700534826 69.286941528320327 132.88611602783206 51.668193817138679 325.98124694824224 51.668193817138679
decision_type=2 2 2 2 2 2 2 2 2 2 2 2 2 2
left_child=9 -2 3 5 -5 8 -7 -8 -3 -1 11 -11 -12 -14
right_child=1 2 -4 4 -6 6 7 -9 -10 10 12 -13 13 -15
leaf_value=-0.00019331597620264124 0.010281828357187677 -0.00057208870189648484 0.016012500239712995 -0.003418439690476731 0.0024819020031177043 0.0011045693823100587 -0.00057864400213951221 -1.7154969249197902e-05 -0.032681238803394234 0.0032225528388380065 -0.016858527266826247 0.022250708931068862 0.0036539919446419498 -0.013347002760252734
leaf_weight=9720 162 129 148 78 104 293 55 345 63 766 255 82 1117 210
leaf_count=9720 162 129 148 78 104 293 55 345 63 766 255 82 1117 210
internal_value=3.21579e-05 0.00136166 0.000679012 -0.000126523 0.00510989 -0.00120339 0.000194805 -0.00195 -0.00625 -0.000118519 0.000901235 0.0026533 -3.79267e-05 0.000870384
internal_weight=13527 1377 1215 1067 182 885 693 400 192 12150 2430 848 1582 1327
internal_count=13527 1377 1215 1067 182 885 693 400 192 12150 2430 848 1582 1327
is_linear=0
shrinkage=0.03


Tree=260
num_leaves=15
num_cat=0
split_feature=36 14 69 40 5 67 15 43 40 63 63 40 69 40
split_gain=3.15133 4.20937 5.67681 6.33112 10.1653 6.14005 4.63599 6.69543 5.81619 4.80259 5.59906 4.12429 3.74292 4.19048
threshold=447.50000000000006 1190.5000000000002 132.88611602783206 0.71052631735801708 56.867361068725593 0.42722222208976751 7.9993662834167489 -0.9103761315345763 0.60526317358016979 330.29736328125006 415.36207580566412 0.24736841768026355 38.168889999389656 0.2578947395086289
decision_type=2 2 2 2 2 2 2 2 2 2 2 2 2 2
left_child=-1 12 3 5 -5 -3 7 -7 9 11 -11 -8 13 -2
right_child=1 2 -4 4 -6 6 8 -9 -10 10 -12 -13 -14 -15
leaf_value=-6.9123451201401418e-05 0.0078253399790902105 -0.0038870772075531288 0.015532125232521614 -0.003315886499762426 0.002407444943024166 0.010087159808336299 -9.2927541521592433e-05 3.9615482351074148e-05 0.0023189712729222611 0.0003656436663902607 -0.00035328654495935473 -0.00070496481512680729 -0.00023696903643115162 0.01773088885186766
leaf_weight=12150 50 192 148 78 104 59 104 175 54 83 93 125 57 55
leaf_count=12150 50 192 148 78 104 59 104 175 54 83 93 125 57 55
internal_value=2.32868e-05 0.00138344 0.000777778 1.40581e-05 0.00510989 -0.0010339 0.000281385 0.00371795 -0.00147059 -0.0027037 0.00102273 -0.00556769 0.00592593 0.00928571
internal_weight=13527 1377 1215 1067 182 885 693 234 459 405 176 229 162 105
internal_count=13527 1377 1215 1067 182 885 693 234 459 405 176 229 162 105
is_linear=0
shrinkage=0.03


Tree=261
num_leaves=15
num_cat=0
split_feature=36 14 69 40 5 67 67 69 40 65 43 63 28 67
split_gain=3.12057 4.20937 5.67681 5.92815 9.76007 5.82763 4.30941 3.74292 4.19048 3.7263 3.17751 3.15759 6.67271 10.5757
threshold=447.50000000000006 1190.5000000000002 132.88611602783206 0.71052631735801708 56.867361068725593 0.42722222208976751 20.751944541931156 38.168889999389656 0.2578947395086289 341.90625000000006 -0.9103761315345763 459.69528198242193 98.49405670166017 477.62445068359381
decision_type=2 2 2 2 2 2 2 2 2 2 2 2 2 2
left_child=11 7 3 5 -5 -3 -7 8 -2 -8 -11 -1 -13 -14
right_child=1 2 -4 4 -6 6 9 -9 -10 10 -12 12 13 -15
leaf_value=3.3386449809662115e-05 0.007590579779717492 -0.0037704648913265359 0.015066161475545967 -0.0032164099047695591 0.0023352215947334319 0.00064615264352957163 0.0007822898508922149 -0.00022985996533822828 0.017198962186311624 -0.00059849965931034086 -9.1261274315979077e-05 -0.0029657933790756897 0.0016693554418167622 -0.0057384519509893605
leaf_weight=10248 50 192 148 78 104 93 232 57 55 56 312 382 982 538
leaf_count=10248 50 192 148 78 104 93 232 57 55 56 312 382 982 538
internal_value=2.99401e-05 0.00138344 0.000777778 1.40581e-05 0.00494505 -0.001 0.000281385 0.00592593 0.00928571 -0.00065 -0.00252717 -0.000123457 -0.00124606 -0.000355263
internal_weight=13527 1377 1215 1067 182 885 693 162 105 600 368 12150 1902 1520
internal_count=13527 1377 1215 1067 182 885 693 162 105 600 368 12150 1902 1520
is_linear=0
shrinkage=0.03


Tree=262
num_leaves=15
num_cat=0
split_feature=36 14 69 40 5 67 50 40 63 63 65 42 1 69
split_gain=3.14106 4.20937 5.26652 5.47329 8.46886 5.22728 4.21472 5.24884 4.71736 5.11153 4.47166 4.23183 3.97149 3.74292
threshold=447.50000000000006 1190.5000000000002 132.88611602783206 0.71052631735801708 56.867361068725593 0.42722222208976751 1.5000000000000002 0.53157895803451549 330.29736328125006 406.30346679687506 37.829584121704109 1.0000000180025095e-35 106.68650054931642 38.168889999389656
decision_type=2 2 2 2 2 2 2 2 2 2 2 2 2 2
left_child=-1 13 3 5 -5 -3 7 10 11 -10 -7 -8 -11 -2
right_child=1 2 -4 4 -6 6 8 -9 9 12 -12 -13 -14 -15
leaf_value=-6.4209113183703222e-05 0.011405397536851387 -0.003657350944586738 0.014614176631279591 -0.0031199176076264789 0.002265164946891436 0.010079798443601051 0.0014903812759904289 -0.013215901257235964 0.00037350528422530616 0.00042410277143275718 0.00042147685088985472 -0.0005302461050798701 -0.00040056480156568596 -0.00022296416637808568
leaf_weight=12150 105 192 148 78 104 52 58 51 91 53 100 199 89 57
leaf_count=12150 105 192 148 78 104 52 58 51 91 53 100 199 89 57
internal_value=2.55045e-05 0.00138344 0.000777778 4.21743e-05 0.00478022 -0.000932203 0.000281385 0.00391626 -0.00122449 0.00186695 0.00671053 -0.00402724 -0.00169014 0.00592593
internal_weight=13527 1377 1215 1067 182 885 693 203 490 233 152 257 142 162
internal_count=13527 1377 1215 1067 182 885 693 203 490 233 152 257 142 162
is_linear=0
shrinkage=0.03


Tree=263
num_leaves=15
num_cat=0
split_feature=36 14 69 40 5 23 65 40 69 40 16 63 28 67
split_gain=3.02092 4.24984 5.31568 4.4488 7.38507 4.09881 4.76838 4.12142 3.74292 4.19048 3.47115 3.17149 6.67271 9.55501
threshold=447.50000000000006 1190.5000000000002 132.88611602783206 0.71052631735801708 56.867361068725593 21.986528396606449 18.703888893127445 0.52105262875556957 38.168889999389656 0.2578947395086289 31.159927368164066 459.69528198242193 98.49405670166017 477.62445068359381
decision_type=2 2 2 2 2 2 2 2 2 2 2 2 2 2
left_child=11 8 3 5 -5 -3 7 -7 9 -2 -6 -1 -13 -14
right_child=1 2 -4 4 10 6 -8 -9 -10 -11 -12 12 13 -15
leaf_value=3.4311129710877026e-05 0.0070207004602204394 -0.036971928318623691 0.014175751332341212 -0.0030263200793976797 0.0029157201493941231 0.010271278846482292 -8.7372625133159677e-05 -0.00017746635105891695 -0.00021627524138675191 0.016340831394616735 0.00024253834187333288 -0.0028748933043079017 0.0016212010519577635 -0.0055643721190641628
leaf_weight=10248 50 68 148 78 52 56 711 50 57 55 52 382 982 538
leaf_count=10248 50 68 148 78 52 56 711 50 57 55 52 382 982 538
internal_value=2.99401e-05 0.00136166 0.000753086 1.40581e-05 0.00428571 -0.000864407 -0.000275398 0.00566038 0.00592593 0.00928571 0.00951923 -0.000120988 -0.00124606 -0.000355263
internal_weight=13527 1377 1215 1067 182 885 817 106 162 105 104 12150 1902 1520
internal_count=13527 1377 1215 1067 182 885 817 106 162 105 104 12150 1902 1520
is_linear=0
shrinkage=0.03


Tree=264
num_leaves=15
num_cat=0
split_feature=36 14 69 40 5 23 65 40 69 40 16 63 65 65
split_gain=3.45957 4.04941 5.07219 4.49946 6.9272 3.75247 4.59303 4.12142 3.74292 4.19048 3.47115 3.34181 6.2774 6.23968
threshold=447.50000000000006 1190.5000000000002 132.88611602783206 0.71052631735801708 56.867361068725593 21.986528396606449 18.703888893127445 0.52105262875556957 38.168889999389656 0.2578947395086289 31.159927368164066 20.922360420227054 370.87750244140631 424.24653625488287
decision_type=2 2 2 2 2 2 2 2 2 2 2 2 2 2
left_child=-1 8 3 5 -5 -3 7 -7 9 -2 -6 12 -8 -13
right_child=1 2 -4 4 10 6 11 -9 -10 -11 -12 13 -14 -15
leaf_value=-5.5519173975517865e-05 0.0068100794464138305 -0.035862770469064983 0.013750478792370981 -0.0029355304770157442 0.0028282485449122995 0.0099631404810878246 -0.0048163533522880986 -0.00017214236052714771 -0.00020978698414514163 0.015850606452778235 0.00023526219161713156 0.00036548003037006004 6.0129857853850056e-05 -0.00024071103798092074
leaf_weight=12150 50 68 148 78 52 56 123 50 57 55 52 229 129 230
leaf_count=12150 50 68 148 78 52 56 123 50 57 55 52 229 129 230
internal_value=4.54646e-05 0.00147059 0.000876543 0.000154639 0.00445055 -0.000728814 -0.000165239 0.00566038 0.00592593 0.00928571 0.00951923 -0.00103376 -0.00380952 0.000490196
internal_weight=13527 1377 1215 1067 182 885 817 106 162 105 104 711 252 459
internal_count=13527 1377 1215 1067 182 885 817 106 162 105 104 711 252 459
is_linear=0
shrinkage=0.03


Tree=265
num_leaves=15
num_cat=0
split_feature=36 14 69 40 5 23 65 40 69 40 16 63 65 65
split_gain=3.53343 4.0099 5.02418 4.44076 6.9272 3.79014 4.10269 3.7572 3.74292 4.19048 3.47115 2.98195 5.78202 5.64752
threshold=447.50000000000006 1190.5000000000002 132.88611602783206 0.71052631735801708 56.867361068725593 21.986528396606449 18.703888893127445 0.52105262875556957 38.168889999389656 0.2578947395086289 31.159927368164066 20.922360420227054 424.24653625488287 370.87750244140631
decision_type=2 2 2 2 2 2 2 2 2 2 2 2 2 2
left_child=-1 8 3 5 -5 -3 7 -7 9 -2 -6 13 -13 -8
right_child=1 2 -4 4 10 6 11 -9 -10 -11 -12 12 -14 -15
leaf_value=-5.385359875625273e-05 0.0066057770630214207 -0.034786887354993037 0.013337964428599851 -0.0028474645627052774 0.0027434010885649183 0.0096642462666551836 -0.0046718627517194642 -0.00016697808971133821 -0.00020349337462078232 0.01537508825919489 0.00022820432586862614 0.00035451562945897129 -0.00023348970684148538 5.8325962118237485e-05
leaf_weight=12150 50 68 148 78 52 56 123 50 57 55 52 229 230 129
leaf_count=12150 50 68 148 78 52 56 123 50 57 55 52 229 230 129
internal_value=5.2118e-05 0.00149237 0.000901235 0.000182755 0.00445055 -0.000694915 -0.000128519 0.00537736 0.00592593 0.00928571 0.00951923 -0.000949367 0.000490196 -0.00357143
internal_weight=13527 1377 1215 1067 182 885 817 106 162 105 104 711 459 252
internal_count=13527 1377 1215 1067 182 885 817 106 162 105 104 711 459 252
is_linear=0
shrinkage=0.03


Tree=266
num_leaves=15
num_cat=0
split_feature=36 14 69 40 5 23 65 40 16 69 69 53 1 22
split_gain=3.14952 3.51394 3.99876 4.38244 6.9272 3.82799 4.04815 3.7572 3.47115 3.30835 4.52255 3.10183 2.9427 5.41174
threshold=447.50000000000006 1190.5000000000002 132.88611602783206 0.71052631735801708 56.867361068725593 21.986528396606449 18.703888893127445 0.52105262875556957 31.159927368164066 38.168889999389656 3.3215278387069707 99.500000000000014 38.241245269775398 8.8598527908325213
decision_type=2 2 2 2 2 2 2 2 2 2 2 2 2 2
left_child=12 9 3 5 -5 -3 7 -7 -6 10 -2 -8 13 -1
right_child=1 2 -4 4 8 6 11 -9 -10 -11 -12 -13 -14 -15
leaf_value=6.8416937634617535e-05 0.0040530393728362311 -0.033743280734343246 0.01293782549574185 -0.0027620406258241203 0.0026610990559079758 0.0093743188786555333 -0.0001766304599213697 -0.00016196874701999154 0.00022135819609255591 -0.00019738857338214897 0.017653551897868824 0.00011659679171456716 -0.00036782398684673365 0.0063338357399214291
leaf_weight=3078 53 68 148 78 52 56 568 50 52 57 52 143 8991 81
leaf_count=3078 53 68 148 78 52 56 568 50 52 57 52 143 8991 81
internal_value=4.54646e-05 0.00140523 0.000851852 0.000210872 0.00445055 -0.000661017 -9.17993e-05 0.00537736 0.00951923 0.00555556 0.00871429 -0.000907173 -0.000108642 0.000679012
internal_weight=13527 1377 1215 1067 182 885 817 106 104 162 105 711 12150 3159
internal_count=13527 1377 1215 1067 182 885 817 106 104 162 105 711 12150 3159
is_linear=0
shrinkage=0.03


Tree=267
num_leaves=15
num_cat=0
split_feature=36 14 69 40 5 23 66 63 65 65 50 53 16 69
split_gain=3.0091 3.55093 4.04161 4.44076 6.9272 3.79014 3.67791 3.8971 6.09726 5.38806 5.06102 4.6012 3.47115 3.30835
threshold=447.50000000000006 1190.5000000000002 132.88611602783206 0.71052631735801708 56.867361068725593 21.986528396606449 1.0000000180025095e-35 15.80888891220093 430.08123779296881 366.31959533691412 54.500000000000007 57.500000000000007 31.159927368164066 38.168889999389656
decision_type=2 2 2 2 2 2 2 2 2 2 2 2 2 2
left_child=-1 13 3 5 -5 -3 -7 9 -9 -8 -10 -12 -6 -2
right_child=1 2 -4 4 12 6 7 8 10 -11 11 -13 -14 -15
leaf_value=-4.5469854694419888e-05 0.009584714202276929 -0.032730982312312952 0.012549690730869591 -0.0026791794070493945 0.0025812660842307309 0.0085764060673403537 -0.0043408445987920125 0.00041718233120715983 -0.00082535062222303772 6.0694030733876576e-05 -0.00056624987270735615 0.00016296464151769994 0.0002147174502097915 -0.00019146691618067812
leaf_weight=12150 105 68 148 78 52 55 134 269 70 134 50 105 52 57
leaf_count=12150 105 68 148 78 52 55 134 269 70 134 50 105 52 57
internal_value=5.43358e-05 0.00138344 0.00082716 0.000182755 0.00445055 -0.000694915 -0.000128519 -0.000669291 0.000910931 -0.00358209 -0.00273333 0.000290323 0.00951923 0.00555556
internal_weight=13527 1377 1215 1067 182 885 817 762 494 268 225 155 104 162
internal_count=13527 1377 1215 1067 182 885 817 762 494 268 225 155 104 162
is_linear=0
shrinkage=0.03


Tree=268
num_leaves=15
num_cat=0
split_feature=67 55 27 43 28 33 24 40 67 65 40 16 10 12
split_gain=2.78003 3.19676 4.05241 6.93239 7.233 4.49214 8.06185 8.28525 5.77502 5.74184 8.31917 11.7277 11.4033 8.07773
threshold=5311.6538085937509 47.645277023315437 82.805725097656264 -0.84874749183654774 507.26899719238287 50.753660202026374 334.90327453613287 0.56315791606903087 976.25097656250011 181.49763488769534 0.60526317358016979 2.3179929256439213 1.3249084353446963 59.333333969116218
decision_type=2 2 2 2 2 2 2 2 2 2 2 2 2 2
left_child=1 2 5 4 -4 6 8 -8 9 10 -1 12 -12 -11
right_child=-2 -3 3 -5 -6 -7 7 -9 -10 13 11 -13 -14 -15
leaf_value=0.0057565236011866 -0.0045688678921570244 0.0013488982684601058 0.025760223977876206 0.00032100354304730682 -0.015200729923468072 1.741001534589337e-05 -0.017786813090771583 0.00045970771983767635 -0.011807570433400166 0.0083148530038700749 0.034888938885385468 -0.014659318529973495 -0.012470781237142948 -0.0093322752518375796
leaf_weight=759 62 913 144 858 77 9206 99 50 214 102 142 309 58 534
leaf_count=759 62 913 144 858 77 9206 99 50 214 102 142 309 58 534
internal_value=4.76824e-05 7.68659e-05 -4.78011e-05 0.00170992 0.00644796 -0.000213109 -0.00140935 -0.00815436 -0.000934844 -0.000409664 0.000757098 -0.00221022 0.00345 -0.00273585
internal_weight=13527 13465 12552 1079 221 11473 2267 149 2118 1904 1268 509 200 636
internal_count=13527 13465 12552 1079 221 11473 2267 149 2118 1904 1268 509 200 636
is_linear=0
shrinkage=0.03


Tree=269
num_leaves=15
num_cat=0
split_feature=63 27 14 69 67 40 27 22 0 13 16 50 40 15
split_gain=2.90166 9.21343 5.69684 9.07444 8.67419 7.08164 9.10464 7.17234 6.95321 7.20597 6.02852 5.2154 10.3243 9.43737
threshold=451.67498779296881 24.666384696960453 1615.5000000000002 5.8163888454437265 456.95318603515631 0.60526317358016979 88.02561187744142 6.2184813022613534 762.33334350585949 374.74104309082037 45.783573150634773 9.5000000000000018 0.61578947305679332 13.963298797607424
decision_type=2 2 2 2 2 2 2 2 2 2 2 2 2 2
left_child=11 -2 4 10 5 6 7 -3 9 -5 -4 -1 13 -13
right_child=1 2 3 8 -6 -7 -8 -9 -10 -11 -12 12 -14 -15
leaf_value=-1.1135277924591418e-05 -0.010472821275680682 0.013107043989445981 -0.00073668130656316493 -0.0041545131242782763 -0.0013959454063312336 0.0076700342287594611 0.0237507812053896 -0.0009015275798563493 -0.036438255151298005 0.001365468259997753 -0.052499686254563596 0.00072885331924061431 0.0028649397796676099 -0.0003673341248408013
leaf_weight=9444 126 86 243 141 370 116 62 271 115 649 68 912 412 512
leaf_count=9444 126 86 243 141 370 116 62 271 115 649 68 912 412 512
internal_value=5.65536e-05 -0.000927904 -0.000459689 -0.00180099 0.00134254 0.00378505 0.00196897 0.00012605 -0.000281768 0.000721519 -0.00622186 0.00025266 0.00171569 0.000505618
internal_weight=13527 2247 2121 1216 905 535 419 357 905 790 311 11280 1836 1424
internal_count=13527 2247 2121 1216 905 535 419 357 905 790 311 11280 1836 1424
is_linear=0
shrinkage=0.03


Tree=270
num_leaves=15
num_cat=0
split_feature=36 13 40 63 63 36 66 42 0 69 42 25 67 30
split_gain=2.99906 4.00176 7.34459 4.85275 4.78555 7.12046 5.76099 3.92136 7.13604 3.53555 3.46875 6.4605 6.83859 3.4358
threshold=447.50000000000006 364.53712463378912 0.60526317358016979 415.36207580566412 316.75193786621099 686.00000000000011 1.0000000180025095e-35 0.35206145048141485 547.00000000000011 39.925556182861335 0.52778512239456188 841.29623413085949 0.93055555224418651 0.81398808956146251
decision_type=2 2 2 2 2 2 2 2 2 2 2 2 2 2
left_child=-1 2 7 4 5 -3 -7 -2 -9 -4 11 -8 -13 -6
right_child=1 3 9 -5 13 6 10 8 -10 -11 -12 12 -14 -15
leaf_value=-4.1687487369395095e-05 -0.00043242151781242022 -0.0048364307407599933 0.0061053943883816065 -0.00040256939225240983 0.00043333809819126931 0.01664136787093759 0.0023485585502059812 0.0080336172648759873 -9.0632660669562876e-05 0.014403681173972033 -0.00056661275922645696 -0.0084321806365580884 0.0012096412935680956 -0.00019280745657145103
leaf_weight=12150 105 154 64 148 139 66 68 111 74 51 168 60 110 59
leaf_count=12150 105 154 64 148 139 66 68 111 74 51 168 60 110 59
internal_value=5.65536e-05 0.00138344 0.00388889 0.000339506 0.00123786 -4.79233e-05 0.00177966 0.00134483 0.00397297 0.0103043 0.00044335 0.00277311 -0.000352941 0.00530303
internal_weight=13527 1377 405 972 824 626 472 290 185 115 406 238 170 198
internal_count=13527 1377 405 972 824 626 472 290 185 115 406 238 170 198
is_linear=0
shrinkage=0.03


Tree=271
num_leaves=15
num_cat=0
split_feature=11 69 12 67 18 12 11 43 18 33 53 65 35 65
split_gain=3.00196 5.285 6.03387 7.87198 9.89546 7.32383 6.06618 5.6075 7.73361 6.15089 4.37739 4.11394 4.06612 7.06606
threshold=3.4815278053283696 2132.369506835938 469.72917175292974 530.73556518554699 0.28125000000000006 411.63542175292974 4.1595833301544198 -0.95642796158790577 0.38541667163372045 60.479421615600593 101.50000000000001 64.338058471679702 164.59222412109378 1847.8252563476565
decision_type=2 2 2 2 2 2 2 2 2 2 2 2 2 2
left_child=12 2 3 5 -5 7 -6 8 -2 -10 -4 -8 13 -1
right_child=1 -3 10 4 6 -7 11 -9 9 -11 -12 -13 -14 -15
leaf_value=-0.003417071597258152 0.042581475900472274 0.0048786955208084222 -0.007511373666934466 0.016787775106647248 -0.07699408013418535 0.0013064781680675042 -0.018697672840924655 -0.00015186882280192671 -0.00062562799685613509 0.00028781512580881987 0.0002865901341764676 -0.0037045940623234319 0.00029122554014886503 0.0075495017463070102
leaf_weight=749 84 132 456 65 57 230 129 2171 90 70 55 187 8991 61
leaf_count=749 84 132 456 65 57 230 129 2171 90 70 55 187 8991 61
internal_value=5.65536e-05 -0.000668277 -0.000884808 -0.000384366 -0.00410959 0.000232514 -0.00599196 -0.000254658 0.00405738 0.0001875 -0.00390411 -0.00436709 0.000332109 -0.0017037
internal_weight=13527 3726 3594 3083 438 2645 373 2415 244 160 511 316 9801 810
internal_count=13527 3726 3594 3083 438 2645 373 2415 244 160 511 316 9801 810
is_linear=0
shrinkage=0.03


Tree=272
num_leaves=15
num_cat=0
split_feature=36 18 65 69 21 22 40 26 42 26 36 42 63 67
split_gain=3.39526 3.71978 3.74614 3.34733 7.63626 8.28996 8.13124 6.92798 9.04828 11.286 9.02213 6.60166 6.59311 5.54425
threshold=447.50000000000006 0.53125000000000011 247.86333465576175 784.43792724609386 1.8392708301544192 6.0558805465698251 0.68947368860244762 3481.0000000000005 0.72947329282760631 4283.5000000000009 3.5000000000000004 0.72947329282760631 27.952221870422367 66.276664733886733
decision_type=2 2 2 2 2 2 2 2 2 2 2 2 2 2
left_child=3 -2 -3 -1 -5 -6 7 11 9 -9 12 -7 -11 -12
right_child=1 2 -4 4 5 6 -8 8 -10 10 13 -13 -14 -15
leaf_value=-0.00014647041105941331 0.00010982152186690186 0.015661830599835176 -0.00026751015078824381 0.0076938046916191103 -0.0086075730530245313 0.0016721891500368891 -0.025321755780621784 0.026965127058053859 0.0070190317217065741 -0.0016114042318190335 -0.014015263547792464 -0.044748100642924421 0.018422495135722111 -5.2993826109029029e-05
leaf_weight=10536 1215 106 56 93 208 126 56 68 408 145 141 93 141 135
leaf_count=10536 1215 106 56 93 208 126 56 68 408 145 141 93 141 135
internal_value=5.87713e-05 0.00147059 0.00574074 -0.000101235 0.001171 0.00066075 0.00154227 0.00204057 0.00306358 0.000809524 -0.000587189 -0.00280822 0.00314685 -0.00445652
internal_weight=13527 1377 162 12150 1614 1521 1313 1257 1038 630 562 219 286 276
internal_count=13527 1377 162 12150 1614 1521 1313 1257 1038 630 562 219 286 276
is_linear=0
shrinkage=0.03


Tree=273
num_leaves=15
num_cat=0
split_feature=36 18 65 63 50 25 40 21 28 67 27 27 63 43
split_gain=3.31232 3.75783 3.74614 3.3606 6.16579 8.39503 11.5074 7.37112 6.03782 9.53452 9.61337 9.20849 8.17689 7.32909
threshold=447.50000000000006 0.53125000000000011 247.86333465576175 459.69528198242193 9.5000000000000018 453.36328125000006 0.42631578445434576 3.5682001113891606 98.49405670166017 477.62445068359381 99.860286712646499 47.291233062744148 575.95443725585949 0.16280825436115268
decision_type=2 2 2 2 2 2 2 2 2 2 2 2 2 2
left_child=3 -2 -3 4 -1 -6 7 -7 11 10 13 -5 -13 -10
right_child=1 2 -4 8 5 6 -8 -9 9 -11 -12 12 -14 -15
leaf_value=-8.4681512998958645e-05 0.00010652687621090173 0.015191975681840133 -0.0002594848462645949 -0.010148435835773338 -0.00082862592032046929 0.0082292518462174068 0.0050725130367061857 -0.00056995825321757285 -0.0013880560056897995 -0.0054710048333686152 0.026027753686962602 -0.0056438376428591926 0.0013881903576956666 0.0029070658047213849
leaf_weight=8915 1215 106 56 190 352 197 367 417 665 538 67 51 141 250
leaf_count=8915 1215 106 56 190 352 197 367 417 665 538 67 51 141 250
internal_value=5.43358e-05 0.0014488 0.00574074 -0.000103704 0.000111241 0.00201425 0.00344037 0.000928339 -0.00126183 -0.000414474 0.0013442 -0.00463351 0 0.000540984
internal_weight=13527 1377 162 12150 10248 1333 981 614 1902 1520 982 382 192 915
internal_count=13527 1377 162 12150 10248 1333 981 614 1902 1520 982 382 192 915
is_linear=0
shrinkage=0.03


Tree=274
num_leaves=15
num_cat=0
split_feature=36 18 65 55 56 27 43 28 63 24 22 15 40 14
split_gain=3.13925 3.83452 3.74614 3.2058 4.5747 4.06234 4.7203 6.18631 4.12348 8.16623 6.17506 5.24899 9.27305 5.4649
threshold=447.50000000000006 0.53125000000000011 247.86333465576175 47.645277023315437 185.50000000000003 83.047992706298842 -0.84874749183654774 507.26899719238287 77.860000610351577 578.15774536132824 8.6991891860961932 23.129709243774418 0.57368421554565441 11603.500000000002
decision_type=2 2 2 2 2 2 2 2 2 2 2 2 2 2
left_child=3 -2 -3 4 5 8 7 -7 9 -1 11 13 -13 -10
right_child=1 2 -4 -5 -6 6 -8 -9 10 -11 -12 12 -14 -15
leaf_value=-1.5662721926288369e-05 0.00010333106992457708 0.014736216411384935 -0.00025170030087666716 0.0014552094359838819 -0.0045063009315927313 0.0288757902536926 0.00046940593676919384 -0.014744925551287905 -0.00166614047970699 0.0071434761814193944 0.0032459975703967637 -0.00037609975322617118 0.027271615014052872 0.016387448848428479
leaf_weight=6865 1215 106 56 857 199 127 797 77 2690 142 79 154 70 93
leaf_count=6865 1215 106 56 857 199 127 797 77 2690 142 79 154 70 93
internal_value=4.76824e-05 0.00140523 0.00574074 -0.000106173 -0.000240414 -0.000159546 0.00166334 0.00573529 -0.000340335 6.20808e-05 -0.00125405 -0.00147157 0.00294643 -0.00182716
internal_weight=13527 1377 162 12150 11293 11094 1001 204 10093 7007 3086 3007 224 2783
internal_count=13527 1377 162 12150 11293 11094 1001 204 10093 7007 3086 3007 224 2783
is_linear=0
shrinkage=0.03


Tree=275
num_leaves=15
num_cat=0
split_feature=36 18 65 40 5 33 15 65 52 69 63 0 42 63
split_gain=2.91126 3.58811 3.52834 3.06945 13.6647 7.67769 6.21096 4.92448 3.81402 3.31359 6.43311 5.19436 4.91034 4.63835
threshold=447.50000000000006 0.53125000000000011 247.86333465576175 0.6473684310913087 56.867361068725593 60.258541107177741 16.091052532196048 8.7240281105041522 10.558194160461428 63.960556030273445 8.0461111068725604 547.00000000000011 0.16280825436115268 183.55569458007815
decision_type=2 2 2 2 2 2 2 2 2 2 2 2 2 2
left_child=-1 3 -3 5 7 9 -6 -5 -7 10 -2 -12 -11 -13
right_child=1 2 -4 4 6 8 -8 -9 -10 12 11 13 -14 -15
leaf_value=-4.3044536754359706e-05 -0.0005634220763330955 0.014294129919043387 -0.00024414929185037512 0.0090318250565700354 0.0028522012872826607 -0.017281322340965931 0.00012448937976317965 -0.010359233065069055 -2.4858642940852605e-05 -0.0049211653079086655 0.0051930681415793597 0.0029097137684832839 0.010581192488289282 -0.00011783469291102299
leaf_weight=12150 199 106 56 51 95 86 57 82 100 59 111 74 124 177
leaf_count=12150 199 106 56 51 95 86 57 82 100 59 111 74 124 177
internal_value=5.43358e-05 0.00136166 0.00555556 0.000802469 0.00352632 -3.22581e-05 0.00967105 -0.00349624 -0.00548387 0.00133065 0.000187166 0.00256906 0.00483607 0.000179283
internal_weight=13527 1377 162 1215 285 930 152 133 186 744 561 362 183 251
internal_count=13527 1377 162 1215 285 930 152 133 186 744 561 362 183 251
is_linear=0
shrinkage=0.03


Tree=276
num_leaves=15
num_cat=0
split_feature=36 23 65 42 40 63 65 50 65 42 40 40 14 66
split_gain=3.44691 3.58392 5.72757 4.57385 3.81663 3.61175 6.23322 6.22866 5.46729 4.91219 3.90419 3.66001 2.98976 5.79157
threshold=447.50000000000006 21.986528396606449 1.5573611259460451 0.09796465560793878 0.62631577253341686 10.875138759613039 362.49278259277349 51.500000000000007 370.87750244140631 0.52778512239456188 0.60526317358016979 0.3315789550542832 572.50000000000011 1.0000000180025095e-35
decision_type=2 2 2 2 2 2 2 2 2 2 2 2 2 2
left_child=12 -2 3 4 -3 8 10 -8 -4 -9 -7 -10 13 -1
right_child=1 2 5 -5 -6 6 7 9 11 -11 -12 -13 -14 -15
leaf_value=-0.0015909784000361416 -0.029133197725835228 -0.0027820383563262885 -0.0023801993986529001 0.015750810290287465 0.0087608703048729364 0.00046350073615895936 -0.00057565277631743683 -6.4170624728845374e-05 -7.6294683735431688e-05 0.00065216493660191777 0.0022030269407834614 0.0015008554201426615 -0.00018967073773584671 0.00031907863847915424
leaf_weight=439 81 60 167 91 85 203 113 163 138 112 101 63 10368 1343
leaf_count=439 81 60 167 91 85 203 113 163 138 112 101 63 10368 1343
internal_value=6.98603e-05 0.00149237 0.001875 0.00610169 0.0027931 0.000933962 0.00221098 -0.000309278 -0.00146739 0.00212727 0.00542763 0.00186567 -9.1358e-05 0.00104377
internal_weight=13527 1377 1296 236 145 1060 692 388 368 275 304 201 12150 1782
internal_count=13527 1377 1296 236 145 1060 692 388 368 275 304 201 12150 1782
is_linear=0
shrinkage=0.03


Tree=277
num_leaves=15
num_cat=0
split_feature=36 13 40 63 42 42 25 25 63 42 0 69 43 6
split_gain=3.04583 3.63476 7.51518 4.64144 5.11926 4.42943 6.4004 6.17319 6.78345 4.23614 6.35676 3.53555 3.20252 3.18237
threshold=447.50000000000006 364.53712463378912 0.60526317358016979 415.36207580566412 0.2269546836614609 0.88144907355308544 998.99154663085949 1061.8559570312502 2.216250061988831 0.35206145048141485 547.00000000000011 39.925556182861335 -0.2901292592287063 0.29166667163372045
decision_type=2 2 2 2 2 2 2 2 2 2 2 2 2 2
left_child=-1 2 9 5 -5 7 -7 12 -9 -2 -11 -4 -3 -14
right_child=1 3 11 4 -6 6 -8 8 -10 10 -12 -13 13 -15
leaf_value=-3.4545606572891072e-05 -0.00049062240226403373 0.00037234391845863079 0.0057522485596436463 -0.00074861763665070137 8.7770970188714152e-05 -0.003988127960891443 0.0010961008947047634 -0.0087961393315779714 0.0013079822396465611 0.0067930696759218633 -9.5983991043682156e-05 0.013419462727665045 0.004999626575300899 0.0011366636519812179
leaf_weight=12150 105 234 64 97 51 105 63 102 113 111 74 51 116 91
leaf_count=12150 105 234 64 97 51 105 63 102 113 111 74 51 116 91
internal_value=8.98204e-05 0.00142702 0.00381481 0.000432099 -0.00445946 0.00131068 -0.00303571 0.00242378 -0.00174419 0.00124138 0.00397297 0.0103043 0.00445578 0.00717391
internal_weight=13527 1377 405 972 148 824 168 656 215 290 185 115 441 207
internal_count=13527 1377 405 972 148 824 168 656 215 290 185 115 441 207
is_linear=0
shrinkage=0.03


Tree=278
num_leaves=15
num_cat=0
split_feature=15 40 33 36 9 30 33 27 40 13 42 12 53 55
split_gain=3.1466 7.64132 28.7539 13.9034 12.3734 14.5613 10.5313 9.65963 8.12647 8.97603 9.68203 8.20155 7.22408 6.33918
threshold=10.344360351562502 0.60526317358016979 57.133604049682624 55.000000000000007 0.57752317190170299 0.81398808956146251 59.375209808349616 45.010179519653327 0.44736842811107641 441.18962097167974 0.93540480732917797 344.71875000000006 30.500000000000004 2.4616667032241826
decision_type=2 2 2 2 2 2 2 2 2 2 2 2 2 2
left_child=-1 3 7 -2 5 -4 8 -3 9 11 -11 -5 -7 -6
right_child=1 2 4 6 13 12 -8 -9 -10 10 -12 -13 -14 -15
leaf_value=-7.0841769444234261e-05 0.00058572388628452994 -0.050912998871244411 0.0048382803246811079 0.0069838201962948519 0.00059946526859211934 -0.00042442135181023575 -0.0023212790452469532 -0.0014949502653169233 -0.00073385966662517174 0.001240808231881445 -0.00083333784541316013 -0.00041328774746353765 0.02513536599396345 -0.01530061602207409
leaf_weight=10611 870 69 253 86 148 78 464 161 195 160 55 258 60 59
leaf_count=10611 870 69 253 86 148 78 464 161 195 160 55 258 60 59
internal_value=9.42559e-05 0.000967078 0.0034058 0 0.00687291 0.0100128 -0.00206897 -0.0056087 0.000119363 0.00195886 0.00676744 -0.00104651 0.00217391 0.000942029
internal_weight=13527 2916 828 2088 598 391 1218 230 754 559 215 344 138 207
internal_count=13527 2916 828 2088 598 391 1218 230 754 559 215 344 138 207
is_linear=0
shrinkage=0.03


Tree=279
num_leaves=15
num_cat=0
split_feature=36 21 67 40 40 14 12 40 11 23 40 22 63 65
split_gain=3.88956 4.39216 3.83927 5.18627 3.37991 3.08751 5.04308 12.2886 9.71429 7.75768 5.14342 4.87809 10.384 9.17526
threshold=447.50000000000006 2.8514263629913335 71.702362060546889 0.63684210181236278 0.44736842811107641 572.50000000000011 77.885417938232436 0.69999998807907116 4.8427777290344247 22.514583587646488 0.13157894462347033 8.4510140419006365 12.512639045715334 2.3236111402511601
decision_type=2 2 2 2 2 2 2 2 2 2 2 2 2 2
left_child=5 2 3 -2 -4 6 7 9 -9 -1 -8 -7 13 -13
right_child=1 -3 4 -5 -6 11 10 8 -10 -11 -12 12 -14 -15
leaf_value=-0.015221321419101569 -0.030303189783765429 0.00031786311232233187 0.0056034394680785837 0.00043970627260855313 -0.013167521270246441 -5.8231553688909973e-05 0.010576101304372684 0.0050138976707885894 0.00019514350218751293 -0.00011257687914515945 0.0030532331908877763 -0.00055136700749038427 0.0023474166288537379 -0.018075288825571273
leaf_weight=67 51 1134 90 51 51 9720 65 112 126 1072 340 218 163 267
leaf_count=67 51 1134 90 51 51 9720 65 112 126 1072 340 218 163 267
internal_value=0.000111998 0.00162309 -0.00203704 -0.00647059 0.00117021 -5.92593e-05 0.00109428 0.000228758 0.00642857 -0.00106673 0.00403704 -0.000257523 -0.00277778 -0.00497938
internal_weight=13527 1377 243 102 141 12150 1782 1377 238 1139 405 10368 648 485
internal_count=13527 1377 243 102 141 12150 1782 1377 238 1139 405 10368 648 485
is_linear=0
shrinkage=0.03


Tree=280
num_leaves=15
num_cat=0
split_feature=36 21 67 40 67 1 67 22 69 65 9 40 27 28
split_gain=3.34027 4.37474 3.15012 4.7451 3.59853 2.77548 4.42921 4.29079 4.62708 11.6795 11.8008 8.66282 9.49519 10.3586
threshold=447.50000000000006 2.8514263629913335 71.702362060546889 0.63684210181236278 204.58291625976565 35.576398849487312 1673.6782226562502 8.8598527908325213 11.083611011505129 44.580556869506843 0.62349537014961254 0.58421051502227794 29.090545654296879 37.032028198242195
decision_type=2 2 2 2 2 2 2 2 2 2 2 2 2 2
left_child=5 2 3 -2 -4 6 7 8 9 -1 -11 12 13 -10
right_child=1 -3 4 -5 -6 -7 -8 -9 11 10 -12 -13 -14 -15
leaf_value=0.00042255959556481646 -0.029394094090252464 0.00030832721895267311 0.015949964536438807 0.0004265150844302965 -0.00050493808865283542 -0.00031794736823344657 0.0048269873790462723 0.0060745176457566693 0.016124023796589042 0.003003613006664998 -0.0012374587547566507 -0.021658145059447222 0.0028003269400216136 -0.0015769779252864395
leaf_weight=819 51 1134 70 51 71 9153 199 81 71 120 200 372 810 325
leaf_count=819 51 1134 70 51 71 9153 199 81 71 120 200 372 810 325
internal_value=9.20381e-05 0.00149237 -0.00216049 -0.00617647 0.000744681 -6.66667e-05 0.000725726 0.000418156 0.000215311 0.00167252 -0.0031875 -0.000836502 0.00039801 -0.00340909
internal_weight=13527 1377 243 102 141 12150 2997 2798 2717 1139 320 1578 1206 396
internal_count=13527 1377 243 102 141 12150 2997 2798 2717 1139 320 1578 1206 396
is_linear=0
shrinkage=0.03


Tree=281
num_leaves=15
num_cat=0
split_feature=36 28 40 1 69 69 63 63 65 42 65 43 63 28
split_gain=3.42356 4.27059 5.25942 13.0022 5.22469 5.11976 6.13884 4.4671 4.03892 6.78795 4.71837 3.19195 3.13607 6.039
threshold=447.50000000000006 51.005376815795906 0.6473684310913087 345.79135131835943 183.46902465820315 11.083611011505129 0.093888889998197569 156.03027343750003 11.160555362701418 0.52778512239456188 308.30097961425787 0.032701563090086018 459.69528198242193 98.49405670166017
decision_type=2 2 2 2 2 2 2 2 2 2 2 2 2 2
left_child=12 4 7 -4 5 6 -2 8 -3 -10 -11 -7 -1 -14
right_child=1 2 3 -5 -6 11 -8 -9 9 10 -12 -13 13 -15
leaf_value=5.851757455616724e-05 -0.011563319645492913 0.013699723113888904 0.0017857312128868629 -0.0024575172840715928 0.011599517364918927 -0.028512271267544891 0.00248106969709724 -3.5989264268945218e-05 0.0016471279607162613 -0.0097552252349519669 0.00015140765356911777 -0.00049477429543812515 -0.0026668896881587578 -0.00027934770812765097
leaf_weight=10248 74 111 152 76 81 51 120 379 87 50 117 79 382 1520
leaf_count=10248 74 111 152 76 81 51 120 379 87 50 117 79 382 1520
internal_value=9.64737e-05 0.00151416 0.00259259 0.00657895 -0.00107407 -0.00277778 0.000309278 0.00137097 0.00373973 0.00165354 -0.00188623 -0.00738462 -6.41975e-05 -0.00118297
internal_weight=13527 1377 972 228 405 324 194 744 365 254 167 130 12150 1902
internal_count=13527 1377 972 228 405 324 194 744 365 254 167 130 12150 1902
is_linear=0
shrinkage=0.03


Tree=282
num_leaves=15
num_cat=0
split_feature=24 14 40 27 65 67 65 40 33 15 10 19 17 23
split_gain=3.16763 7.08999 9.03728 11.7077 10.2712 8.51449 11.0741 6.50511 17.0203 14.5725 11.3138 10.6288 9.20899 11.3426
threshold=232.97172546386722 572.50000000000011 0.721052646636963 54.684562683105476 14.417778015136721 253.41833496093753 2.8011111021041875 0.69999998807907116 57.247032165527351 4.2379486560821542 1.2795721888542178 0.44945991039276129 25.35333347320557 22.432222366333011
decision_type=2 2 2 2 2 2 2 2 2 2 2 2 2 2
left_child=1 -1 -3 4 -4 6 -5 -2 9 10 -9 -10 -13 -14
right_child=7 2 3 5 -6 -7 -8 8 11 -11 -12 12 13 -15
leaf_value=0.0017748345777666996 1.9141837292222519e-05 -0.00058731192841357418 -0.031866919505846435 -0.0035856482691661463 -0.0020325475921675737 -0.025745048785078391 0.0076462402060294274 0.0039617222838191626 0.0030239346188098383 -0.026027251967272957 -0.02652579434127697 -0.017086535981918789 -0.0083618466335526158 0.0034283652929646322
leaf_weight=1134 6499 3864 236 81 112 99 144 308 266 224 56 126 84 294
leaf_count=1134 6499 3864 236 81 112 99 144 308 266 224 56 126 84 294
internal_value=8.53848e-05 -0.000455026 -0.00098545 -0.00419643 -0.00801724 -9.25926e-05 0.00313333 0.000475372 0.00236377 -0.00147959 0.00222527 0.0052987 0.0027381 0.00507937
internal_weight=13527 5670 4536 672 348 324 225 7857 1358 588 364 770 504 378
internal_count=13527 5670 4536 672 348 324 225 7857 1358 588 364 770 504 378
is_linear=0
shrinkage=0.03


Tree=283
num_leaves=15
num_cat=0
split_feature=15 40 33 30 36 9 28 33 40 13 42 12 35 69
split_gain=3.4322 8.34059 26.6222 11.3479 11.1331 11.0538 10.7627 9.34495 7.10604 7.9644 8.26746 7.84884 6.28448 5.85355
threshold=10.344360351562502 0.60526317358016979 57.133604049682624 0.81398808956146251 55.000000000000007 0.57752317190170299 98.49405670166017 59.375209808349616 0.44736842811107641 441.18962097167974 0.93540480732917797 344.71875000000006 166.83666992187503 156.35749816894534
decision_type=2 2 2 2 2 2 2 2 2 2 2 2 2 2
left_child=-1 4 6 5 -2 -4 -3 8 9 11 -11 -6 13 -9
right_child=1 2 3 -5 7 -7 -8 12 -10 10 -12 -13 -14 -15
leaf_value=-7.2805591112476978e-05 0.00056613612634510686 -0.071757718630390849 0.0047549271135855255 0.00047819364997361721 0.0066476493190944595 0.00019608428493983254 -0.0013943927718858351 0.00014668122938918949 -0.00073012416375534345 0.0011853036977960674 -0.00055584261441476101 -0.00043516247179668175 -0.0041202833107420655 -0.011852185594753258
leaf_weight=10611 870 69 253 230 86 115 161 142 195 160 55 258 232 90
leaf_count=10611 870 69 253 230 86 115 161 142 195 160 55 258 232 90
internal_value=0.000127523 0.00103909 0.00358696 0.00692308 2.87356e-05 0.0101902 -0.00508696 -0.00182266 0.000238727 0.00195886 0.00648837 -0.000872093 -0.00517241 -0.00168103
internal_weight=13527 2916 828 598 2088 368 230 1218 754 559 215 344 464 232
internal_count=13527 2916 828 598 2088 368 230 1218 754 559 215 344 464 232
is_linear=0
shrinkage=0.03


Tree=284
num_leaves=15
num_cat=0
split_feature=15 40 33 33 28 30 9 12 40 63 16 40 23 0
split_gain=3.23607 8.30548 25.609 11.1724 11.0478 10.9164 11.336 8.7 6.80609 7.80468 9.09072 11.2503 7.22 7.36333
threshold=10.344360351562502 0.60526317358016979 57.133604049682624 59.375209808349616 98.49405670166017 0.81398808956146251 0.57752317190170299 183.72917175292972 0.44736842811107641 5.8133332729339608 31.159927368164066 0.10000000149011613 23.303194999694828 321.04167175292974
decision_type=2 2 2 2 2 2 2 2 2 2 2 2 2 2
left_child=-1 3 4 8 -3 6 -4 -5 9 -2 -11 -12 13 -10
right_child=1 2 5 7 -6 -7 -8 -9 12 10 11 -13 -14 -15
leaf_value=-7.062142337910692e-05 0.0017698102265089764 -0.069604987071479121 0.0046122793001779705 0.012239275797397538 -0.0013525609887292678 0.0004638478404744095 0.00019020175639163916 -0.0011455305018029671 0.0071153030522396049 -0.00061795840187676108 -0.0025601755798421964 0.0011010940579106521 -0.013317782423923282 -0.0005876568928620074
leaf_weight=10611 545 69 253 116 161 230 115 580 150 250 50 187 60 150
leaf_count=10611 545 69 253 116 161 230 115 580 150 250 50 187 60 150
internal_value=0.000123087 0.00100823 0.00355072 0 -0.00495652 0.00682274 0.0100272 -0.00310345 0.00155172 0.0027907 3.08008e-05 0.00424051 -0.002 -0.0001
internal_weight=13527 2916 828 2088 230 598 368 696 1392 1032 487 237 360 300
internal_count=13527 2916 828 2088 230 598 368 696 1392 1032 487 237 360 300
is_linear=0
shrinkage=0.03


Tree=285
num_leaves=15
num_cat=0
split_feature=63 27 14 67 69 40 67 0 13 16 23 42 59 50
split_gain=3.29689 8.17513 5.88847 9.27845 8.30695 6.8235 7.77194 6.29379 6.24437 6.12605 4.84352 6.69494 5.42335 4.65048
threshold=459.69528198242193 24.666384696960453 1615.5000000000002 456.95318603515631 5.8163888454437265 0.60526317358016979 147.67402648925784 762.33334350585949 374.74104309082037 45.783573150634773 22.880416870117191 0.93540480732917797 6.5000000000000009 9.5000000000000018
decision_type=2 2 2 2 2 2 2 2 2 2 2 2 2 2
left_child=13 -2 3 5 9 6 -3 8 -6 -4 11 12 -5 -1
right_child=1 2 4 10 7 -7 -8 -9 -10 -11 -12 -13 -14 -15
leaf_value=1.4724828251164723e-05 -0.013295037862910735 -0.00080725147520861458 -0.00062451698579493178 0.0043477658971404227 -0.0046522462010382837 0.0072307619834566681 0.009563036092523616 -0.035551238489057772 0.0012344920068042952 -0.043884073653283728 -0.012963688177951882 0.010669771571364003 -0.030208669226264792 0.00033376357792067599
leaf_weight=9455 118 263 238 70 138 115 154 113 620 68 99 77 124 1875
leaf_count=9455 118 263 238 70 138 115 154 113 620 68 99 77 124 1875
internal_value=0.000100909 -0.000962676 -0.000526696 0.00129712 -0.00192438 0.00383459 0.00205036 -0.00043054 0.00055409 -0.00617647 -0.00235135 -0.000276753 -0.00324742 0.000307149
internal_weight=13527 2197 2079 902 1177 532 417 871 758 306 370 271 194 11330
internal_count=13527 2197 2079 902 1177 532 417 871 758 306 370 271 194 11330
is_linear=0
shrinkage=0.03


Tree=286
num_leaves=15
num_cat=0
split_feature=33 40 58 67 69 55 69 67 34 13 13 67 40 12
split_gain=3.45419 6.46368 5.07482 3.30073 3.2688 2.93669 4.46551 3.99257 10.7586 9.66373 7.50954 6.72097 10.6862 14.8509
threshold=69.275196075439467 0.69999998807907116 3.4879167079925542 1.0419444441795351 0.17972222715616229 47.645277023315437 579.36083984375011 547.21417236328136 53.36470031738282 1034.0856933593752 333.72547912597662 162.60569000244143 0.55263158679008495 243.17707824707034
decision_type=2 2 2 2 2 2 2 2 2 2 2 2 2 2
left_child=5 2 3 4 -2 7 -7 11 9 10 -9 -1 -13 -14
right_child=1 -3 -4 -5 -6 6 -8 8 -10 -11 -12 12 13 -15
leaf_value=-0.0001098396644976835 3.2360442273247338e-05 0.019342285395257175 0.0050457533907711655 0.0010500331371536653 -0.0022982686766665683 0.00033611852507672954 0.0070841497014840814 -0.0010990776695425631 -0.021461570299377803 -0.014442463624686236 0.0026237971400366166 0.0013302215886174017 -0.024243038360074742 0.0017489617615146624
leaf_weight=7942 68 70 71 121 75 713 214 705 88 314 798 1797 350 201
leaf_count=7942 68 70 71 121 75 713 214 705 88 314 798 1797 350 201
internal_value=0.000123087 0.00285185 0.0011194 -0.000795455 -0.00388112 3.8866e-05 0.00166667 -8.48708e-05 -0.00134646 -0.000850303 0.000149701 0.000148688 0.00155877 -0.00209619
internal_weight=13527 405 335 264 143 13122 927 12195 1905 1817 1503 10290 2348 551
internal_count=13527 405 335 264 143 13122 927 12195 1905 1817 1503 10290 2348 551
is_linear=0
shrinkage=0.03


Tree=287
num_leaves=15
num_cat=0
split_feature=33 40 65 69 34 29 65 11 12 65 43 67 18 12
split_gain=2.87442 7.22244 6.19389 2.74429 8.56876 4.11225 3.40826 3.13669 6.0645 12.0013 8.11745 7.83256 8.58808 6.87627
threshold=69.806602478027358 0.65789473056793224 143.94972229003909 2787.297729492188 50.981859207153327 4120.0618896484384 552.01638793945324 3.4815278053283696 469.72917175292974 9.4563889503479022 -0.68322628736495961 530.73556518554699 0.28125000000000006 411.63542175292974
decision_type=2 2 2 2 2 2 2 2 2 2 2 2 2 2
left_child=3 2 -2 7 5 6 -5 -1 11 -10 -11 13 -13 -9
right_child=1 -3 -4 4 -6 -7 -8 8 9 10 -12 12 -14 -15
leaf_value=0.00013737153369605348 -0.0017176874547284804 0.019336097187920273 0.010840540944137861 -0.022659686545745055 0.029221367601936343 0.0011554436348111662 0.00082883461435552248 -4.1079579514663366e-05 -0.02908629559553038 -0.010137866914846411 0.00020568546647607098 0.016585996661300308 -0.014530952213955827 0.0010889536526876718
leaf_weight=9306 190 72 62 83 80 148 58 2418 123 90 228 66 373 230
leaf_count=9306 190 72 62 83 80 148 58 2418 123 90 228 66 373 230
internal_value=7.87314e-05 0.00287037 0.00047619 1.02249e-05 0.00256098 0.000155709 -0.00351064 -6.31136e-05 -0.00082483 -0.00411565 -0.00103774 -0.000354713 -0.00406606 0.000260574
internal_weight=13527 324 252 13203 369 289 141 12834 3528 441 318 3087 439 2648
internal_count=13527 324 252 13203 369 289 141 12834 3528 441 318 3087 439 2648
is_linear=0
shrinkage=0.03


Tree=288
num_leaves=15
num_cat=0
split_feature=36 66 43 1 35 11 40 15 12 22 65 56 27 17
split_gain=2.71293 3.9853 3.7511 4.68718 3.24279 2.86469 5.50265 16.2115 17.7492 12.8766 11.7123 12.5914 9.93755 12.3261
threshold=804.50000000000011 1.0000000180025095e-35 -0.52778512239456166 408.76029968261724 167.3031921386719 3.4815278053283696 0.62631577253341686 12.962340831756594 41.822916030883796 7.6572375297546396 1665.5877685546877 11.500000000000002 2.8769177198410039 60.988473892211921
decision_type=2 2 2 2 2 2 2 2 2 2 2 2 2 2
left_child=5 -2 4 -4 -3 6 -1 8 -8 -9 11 12 -10 -14
right_child=1 2 3 -5 -6 -7 7 9 10 -11 -12 -13 13 -15
leaf_value=-6.291364714654524e-05 0.016644034557355913 0.011023532457413018 0.00025518000495955651 -0.0022802475426541833 -1.3645150841647968e-05 -0.00017302717650367514 0.0094892950003413155 0.0059411170616544412 -0.021331515305208312 0.00022366450043035611 0.025481799586395706 -0.02445081628880607 0.0025664816297089354 -0.0072632320788913636
leaf_weight=7020 57 93 90 176 70 3564 84 210 63 189 66 308 953 584
leaf_count=7020 57 93 90 176 70 3564 84 210 63 189 66 308 953 584
internal_value=8.3167e-05 0.00228395 0.00129371 -0.000902256 0.0048773 1.15022e-06 0.000273821 0.00149573 0.000422741 0.00703008 -0.000151976 -0.000581761 0.0004875 0.000966168
internal_weight=13527 486 429 266 163 13041 9477 2457 2058 399 1974 1908 1600 1537
internal_count=13527 486 429 266 163 13041 9477 2457 2058 399 1974 1908 1600 1537
is_linear=0
shrinkage=0.03


Tree=289
num_leaves=15
num_cat=0
split_feature=33 40 65 36 66 43 1 35 24 69 58 6 2 43
split_gain=3.00255 7.06371 6.01607 2.98104 3.91956 3.23824 4.31517 3.00267 2.56548 2.45012 4.00947 2.40434 6.69702 7.74125
threshold=69.806602478027358 0.65789473056793224 143.94972229003909 804.50000000000011 1.0000000180025095e-35 -0.52778512239456166 408.76029968261724 167.3031921386719 720.84225463867199 0.081944443285465254 0.055694444105029113 0.12500000372529033 114.50000000000001 -0.77259656786918629
decision_type=2 2 2 2 2 2 2 2 2 2 2 2 2 2
left_child=3 2 9 8 -5 7 -7 -6 11 -2 -11 12 -1 -14
right_child=1 -3 -4 4 5 6 -8 -9 -10 10 -12 -13 13 -15
leaf_value=0.0062516329099553221 0.0010752535819760389 0.019091878196040322 0.010517212125228123 0.016144713520635248 0.010692826483690627 0.00024752460481077156 -0.0022118401163745637 -1.323579631641092e-05 -0.0006113927852854495 -0.02444072691399542 0.00016365446111636927 0.00010212214693060379 -0.0027215753632876269 7.1564014980785012e-06
leaf_weight=81 73 72 62 57 93 90 176 70 81 58 59 8262 1113 3180
leaf_count=81 73 72 62 57 93 90 176 70 81 58 59 8262 1113 3180
internal_value=0.00010978 0.00296296 0.000595238 3.97637e-05 0.00234568 0.00136364 -0.000676692 0.00469325 -4.83605e-05 -0.00205263 -0.00474359 -1.4245e-05 -0.00058299 -0.000744235
internal_weight=13527 324 252 13203 486 429 266 163 12717 190 117 12636 4374 4293
internal_count=13527 324 252 13203 486 429 266 163 12717 190 117 12636 4374 4293
is_linear=0
shrinkage=0.03


Tree=290
num_leaves=15
num_cat=0
split_feature=55 69 65 27 67 13 14 30 67 63 67 40 56 27
split_gain=2.72498 3.85217 3.74481 3.47909 3.46388 9.66184 8.30726 7.59104 10.3703 7.32339 7.03562 8.40792 15.1193 8.70433
threshold=47.645277023315437 579.36083984375011 1016.2711181640626 47.549922943115241 547.21417236328136 1034.0856933593752 2162.5000000000005 0.69494047760963451 595.75207519531261 40.878334045410163 150.56221771240237 0.54210525751113903 40.500000000000007 10.179928779602053
decision_type=2 2 2 2 2 2 2 2 2 2 2 2 2 2
left_child=4 2 3 -2 10 6 7 -6 -9 -7 -1 13 -13 -12
right_child=1 -3 -4 -5 5 9 -8 8 -10 -11 11 12 -14 -15
leaf_value=-9.3675337504967401e-05 0.0032478037437694684 0.0068584121633639894 -0.0067631202797081595 -0.00015460057993700536 -0.018058108391547732 -0.0012477991353981111 0.0023393981628950034 -0.027206981253380825 7.3227135267899253e-05 -0.036048754565226257 0.050381085544727408 0.001347403828838054 -0.03267348248488712 0.00062513062725479075
leaf_weight=8205 237 214 77 407 115 155 649 77 730 179 122 315 295 1750
leaf_count=8205 237 214 77 407 115 155 649 77 730 179 122 315 295 1750
internal_value=8.98204e-05 0.00165241 0.000603329 0.00135093 -2.62071e-05 -0.00120472 -0.000219605 -0.00204989 -0.0010223 -0.00583832 0.000183868 0.0015834 -0.00147541 0.00258013
internal_weight=13527 935 721 644 12592 1905 1571 922 807 334 10687 2482 610 1872
internal_count=13527 935 721 644 12592 1905 1571 922 807 334 10687 2482 610 1872
is_linear=0
shrinkage=0.03


Tree=291
num_leaves=15
num_cat=0
split_feature=24 15 40 36 65 22 33 36 19 67 28 17 34 26
split_gain=2.67533 2.90787 6.34505 24.4576 12.8443 29.1124 11.1558 10.6152 10.2555 8.245 12.305 9.28082 7.8012 6.70213
threshold=720.84225463867199 3.7441030740737919 0.60526317358016979 51.000000000000007 6.2002775669097909 7.4184589385986337 58.438014984130866 721.50000000000011 0.48119148612022405 500.49540710449224 245.64672851562503 194.57749938964847 47.457731246948249 10281.000000000002
decision_type=2 2 2 2 2 2 2 2 2 2 2 2 2 2
left_child=1 -1 6 4 8 -6 -3 12 -4 10 11 13 -5 -8
right_child=-2 2 3 7 5 -7 9 -9 -10 -11 -12 -13 -14 -15
leaf_value=-0.000125138849222699 -0.00064249084564226065 0.00056464142971216272 -0.011249881037063645 0.0002743489400611221 0.024992185023402485 -0.043638319198818921 0.00033735547312042263 -0.00024140030591956573 0.0059496765607700121 -0.0033731259584673444 0.020805075358951697 -0.0012993347785817998 0.0037289512965553448 -0.00035410628571164616
leaf_weight=8505 81 1914 282 115 177 118 522 115 90 178 141 438 506 345
leaf_count=8505 81 1914 282 115 177 118 522 115 90 178 141 438 506 345
internal_value=6.54247e-05 9.81705e-05 0.000676988 0.00238418 -0.00177661 0.00289831 0 0.00615489 -0.00548387 -0.00182882 -0.00107884 -0.00198851 0.00770531 -0.000190311
internal_weight=13527 13446 4941 1403 667 295 3538 736 372 1624 1446 1305 621 867
internal_count=13527 13446 4941 1403 667 295 3538 736 372 1624 1446 1305 621 867
is_linear=0
shrinkage=0.03


Tree=292
num_leaves=15
num_cat=0
split_feature=13 0 40 26 40 63 13 27 65 63 25 13 65 24
split_gain=2.95659 9.04443 18.0878 7.58923 10.6219 7.40898 10.7858 7.54321 12.8172 10.223 10.1246 9.96615 8.7018 10.4077
threshold=473.88143920898443 326.37500000000006 0.67894738912582409 4048.5000000000005 0.50000000000000011 51.739444732666023 562.55053710937511 19.890084266662601 0.28944443166255956 9.4563889503479022 903.09774780273449 726.72647094726574 1847.8252563476565 227.09226226806643
decision_type=2 2 2 2 2 2 2 2 2 2 2 2 2 2
left_child=1 -1 -3 4 -2 6 -5 8 10 11 -8 -9 13 -13
right_child=3 2 -4 5 -6 -7 7 9 -10 -11 -12 12 -14 -15
leaf_value=3.8682896901436075e-05 -0.00086932380388539561 0.00015435304589973774 0.0047325392806883571 -0.0044569510256537289 -0.025743748440720585 -0.00062256795795767594 -0.016020062313866011 0.0050229934589056937 0.0033675446920772675 0.014955567186304961 -0.0012208484536081129 -0.013954958030786137 0.024741224108485553 0.00037420943901804725
leaf_weight=7047 144 715 176 488 99 1889 141 594 470 171 374 189 71 959
leaf_count=7047 144 715 176 488 99 1889 141 594 470 171 374 189 71 959
internal_value=9.64737e-05 0.000468632 0.0033165 -0.000432099 -0.00561728 -0.000196409 0.000629158 0.00130852 -0.000837563 0.00237399 -0.0041068 0.00171263 0.000159967 -0.000470383
internal_weight=13527 7938 891 5589 243 5346 3457 2969 985 1984 515 1813 1219 1148
internal_count=13527 7938 891 5589 243 5346 3457 2969 985 1984 515 1813 1219 1148
is_linear=0
shrinkage=0.03


Tree=293
num_leaves=15
num_cat=0
split_feature=33 67 42 65 43 0 55 69 27 43 23 23 40 15
split_gain=3.13728 5.31825 7.11216 7.89843 5.56462 5.58424 2.54162 3.80763 3.35642 3.34701 5.02395 4.89461 4.28358 7.75858
threshold=69.275196075439467 1.0419444441795351 0.35206145048141485 30.522916793823246 0.032701563090086018 60.541667938232429 47.645277023315437 579.36083984375011 83.047992706298842 -0.84874749183654774 22.527777671813968 22.741528511047367 0.12105263024568559 3.2623264789581303
decision_type=2 2 2 2 2 2 2 2 2 2 2 2 2 2
left_child=6 4 -3 -4 5 -2 8 -8 -1 10 -10 12 -11 -14
right_child=1 2 3 -5 -6 -7 7 -9 9 11 -12 -13 13 -15
leaf_value=-8.1697098652000469e-05 0.00024893753664164905 0.014632967348424043 -0.0033116737027579423 0.0086779132139203335 -0.0073674943165568454 -0.0017150571979404549 0.00035734529755912623 0.006713892046494258 0.0046542956225760525 -0.015812611681264029 0.033230140040888756 -0.002802595327028725 -7.24875326890384e-05 0.016441603177874936
leaf_weight=11192 92 91 50 62 57 53 713 214 99 81 105 344 179 195
leaf_count=11192 92 91 50 62 57 53 713 214 99 81 105 344 179 195
internal_value=0.000103127 0.0027037 0.006133 0.00107143 -0.000742574 0.00237931 2.28624e-05 0.00153722 -9.22509e-05 0.00157029 0.005 0.000694618 0.00273626 0.00409091
internal_weight=13527 405 203 112 202 145 13122 927 12195 1003 204 799 455 374
internal_count=13527 405 203 112 202 145 13122 927 12195 1003 204 799 455 374
is_linear=0
shrinkage=0.03


Tree=294
num_leaves=15
num_cat=0
split_feature=33 40 65 55 69 13 26 40 63 67 13 42 69 65
split_gain=3.74882 6.43404 5.22487 2.52511 3.57726 3.19433 6.96888 9.35558 6.74489 9.01904 7.00364 9.60253 9.36891 6.49806
threshold=69.275196075439467 0.65789473056793224 143.94972229003909 47.645277023315437 579.36083984375011 473.88143920898443 4048.5000000000005 0.50000000000000011 51.739444732666023 162.60569000244143 562.55053710937511 0.81241145730018627 58.108194351196296 33.070138931274421
decision_type=2 2 2 2 2 2 2 2 2 2 2 2 2 2
left_child=3 2 -2 5 -5 -1 7 -7 9 10 11 12 13 -8
right_child=1 -3 -4 4 -6 6 8 -9 -10 -11 -12 -13 -14 -15
leaf_value=8.7288696046343591e-05 -8.5947050016700548e-05 0.014138185331196058 0.0099078531906654447 0.000346624938632365 0.0065124752850994391 -0.0010226429053077045 -0.00064961670148624268 -0.026557161078159395 -0.00077373666616089101 0.0019529014862411074 -3.5437180819002376e-05 -0.032720960129526029 0.045853938045049732 -0.018885744267384423
leaf_weight=7189 253 90 62 713 214 122 79 94 1766 1066 1701 69 53 56
leaf_count=7189 253 90 62 713 214 122 79 94 1766 1066 1701 69 53 56
internal_value=8.3167e-05 0.00292593 0.000904762 -4.57247e-06 0.00150485 -0.000119311 -0.000701159 -0.00597222 -0.000463466 0.000396825 -0.000812053 -0.00542802 -0.00191489 -0.00611111
internal_weight=13527 405 315 13122 927 12195 5006 216 4790 3024 1958 257 188 135
internal_count=13527 405 315 13122 927 12195 5006 216 4790 3024 1958 257 188 135
is_linear=0
shrinkage=0.03


Tree=295
num_leaves=15
num_cat=0
split_feature=14 24 65 40 0 40 14 69 63 15 4 67 40 30
split_gain=3.00302 9.26374 9.13431 19.9297 8.56565 19.2709 7.53988 7.39846 9.92247 9.49691 8.66596 9.08356 12.0493 8.83278
threshold=2065.5000000000005 223.20684814453128 61.438888549804695 0.20526316016912463 326.37500000000006 0.61578947305679332 2686.5000000000005 118.80944442749025 451.67498779296881 0.11082754656672479 0.66332051157951366 227.86944580078128 0.67894738912582409 0.73065477609634411
decision_type=2 2 2 2 2 2 2 2 2 2 2 2 2 2
left_child=4 2 3 6 -1 -6 -2 8 9 -3 11 12 -9 -12
right_child=1 7 -4 -5 5 -7 -8 10 -10 -11 13 -13 -14 -15
leaf_value=4.9954455278009252e-05 0.012849653413334815 0.032866166171000966 2.8907466434233698e-05 -0.015824709455162008 8.051573581814964e-05 0.0066091754939599486 -0.0014118247539252459 -0.0034930721364333814 -0.001392235860414086 -6.9892456162863329e-05 0.01848568058433659 0.0043800451612004297 0.0039887964630779338 0.0012455196687360991
leaf_weight=6156 60 58 633 610 413 154 74 562 359 3189 161 615 78 405
leaf_count=6156 60 58 633 610 413 154 74 562 359 3189 161 615 78 405
internal_value=1.66334e-05 -0.00042769 -0.00262527 -0.00487903 0.00046631 0.00399471 0.00559701 0.000129906 -0.000657238 -0.00013397 0.00168863 0.000298805 -0.00220312 0.00477032
internal_weight=13527 6804 1377 744 6723 567 134 5427 3606 3247 1821 1255 640 566
internal_count=13527 6804 1377 744 6723 567 134 5427 3606 3247 1821 1255 640 566
is_linear=0
shrinkage=0.03


Tree=296
num_leaves=15
num_cat=0
split_feature=33 40 65 69 42 33 67 69 44 22 43 42 12 22
split_gain=3.35173 6.90675 7.44048 5.15768 3.30815 2.55914 6.40898 10.802 8.0053 6.24611 9.57367 4.78139 9.00686 4.15822
threshold=69.806602478027358 0.65789473056793224 30.522916793823246 0.081944443285465254 0.58216583728790294 62.703935623168952 23.441666603088382 26.613888740539554 1.0000000180025095e-35 8.8128843307495135 -0.35206145048141474 0.58216583728790294 183.72917175292972 8.5569911003112811
decision_type=2 2 2 2 2 2 2 2 2 2 2 2 2 2
left_child=5 2 3 -2 -4 9 7 8 -7 13 -11 -8 -13 -1
right_child=1 -3 4 -5 -6 6 11 -9 -10 10 -12 12 -14 -15
leaf_value=2.6867990035897016e-05 0.001040532633428528 0.017206677547759546 0.0012952513766380357 -0.008218598594521058 0.0096589995317732172 0.00012236728969570849 0.0019253802746403981 -0.024783152686249851 -0.009519532320341962 -0.0075869706291348434 0.009047085253483628 0.00061457364561233073 -0.0032691175313952756 -0.010387086206409603
leaf_weight=11988 73 72 56 71 52 133 231 73 142 74 88 122 109 243
leaf_count=11988 73 72 56 71 52 133 231 73 142 74 88 122 109 243
internal_value=4.10291e-05 0.00305556 0.000714286 -0.00375 0.00666667 -3.29471e-05 -0.00166667 -0.00474138 -0.00201818 7.3832e-05 0.00592593 0.000649351 -0.0024026 -3.67918e-06
internal_weight=13527 324 252 144 108 13203 810 348 275 12393 162 462 231 12231
internal_count=13527 324 252 144 108 13203 810 348 275 12393 162 462 231 12231
is_linear=0
shrinkage=0.03


Tree=297
num_leaves=15
num_cat=0
split_feature=15 17 63 44 63 18 65 15 14 69 65 21 21 40
split_gain=2.74339 7.28357 6.25215 7.29907 7.15965 6.28034 6.87478 6.15324 5.10677 5.39739 4.91864 7.39445 9.15511 7.25903
threshold=3.7441030740737919 106.17000198364259 1323.6248168945315 0.6078576147556306 451.67498779296881 0.48958332836627966 663.11721801757824 3.5429773330688481 9997.5000000000018 35.02180480957032 1039.737487792969 3.2427661418914799 4.0137037038803109 0.62631577253341686
decision_type=2 2 2 2 2 2 2 2 2 2 2 2 2 2
left_child=1 7 4 -4 10 6 -6 8 -1 -10 11 -2 13 -13
right_child=2 -3 3 -5 5 -7 -8 -9 9 -11 -12 12 -14 -15
leaf_value=-7.1246152398556179e-05 -0.00065148395449437396 -0.0092891164265129725 0.012261432944596909 -0.0007060191068393528 -0.00077027928132370241 0.0036492279686645233 -0.014663059043996975 -0.024098817020865193 -0.0017629262185844883 0.015202745288971382 0.0015449721010943173 0.00067081081401179079 4.4784802928797719e-05 0.0044361028815899451
leaf_weight=7695 819 486 154 52 623 162 61 81 76 167 196 553 2116 286
leaf_count=7695 819 486 154 52 623 162 61 81 76 167 196 553 2116 286
internal_value=5.54447e-06 -0.000322751 0.000561529 0.00567961 0.000342608 -0.00216312 -0.00342105 -0.000106622 -2.26757e-05 0.00425926 0.000876574 0.00063593 0.00133503 0.00398689
internal_weight=13527 8505 5022 206 4816 846 684 8019 7938 243 3970 3774 2955 839
internal_count=13527 8505 5022 206 4816 846 684 8019 7938 243 3970 3774 2955 839
is_linear=0
shrinkage=0.03


Tree=298
num_leaves=15
num_cat=0
split_feature=55 67 13 13 63 10 67 40 12 36 67 1 40 13
split_gain=2.48798 2.97805 9.66184 7.85571 7.32339 7.2767 6.60031 8.7378 13.2669 8.66012 7.66371 7.02115 6.70941 16.9921
threshold=47.645277023315437 547.21417236328136 1034.0856933593752 333.72547912597662 40.878334045410163 0.65101060271263134 150.56221771240237 0.55263158679008495 243.17707824707034 55.000000000000007 359.20527648925787 339.55279541015631 0.60526317358016979 507.38211059570318
decision_type=2 2 2 2 2 2 2 2 2 2 2 2 2 2
left_child=1 6 3 5 -4 -3 12 9 10 -8 -9 -11 -1 -14
right_child=-2 2 4 -5 -6 -7 7 8 -10 11 -12 -13 13 -15
leaf_value=-0.00030673128767690679 0.00091737161401168161 -0.0002154807248587165 -0.0013257541893160062 0.0014177522781619611 -0.034918733590231815 -0.010291127876013037 0.0053264763686424917 -0.00073513426991014266 0.0017668160927585229 -0.00025473458433603822 -0.03386537118647541 0.0079957232841684298 0.001309107394459681 -0.0053482097319308593
leaf_weight=5292 935 528 155 819 179 224 1366 170 221 399 190 136 1818 1095
leaf_count=5292 935 528 155 819 179 224 1366 170 221 399 190 136 1818 1095
internal_value=-1.10889e-06 -0.000111976 -0.00120472 -0.000219605 -0.00583832 -0.00243351 8.28109e-05 0.00143836 -0.00178141 0.00242241 -0.00533333 -0.000813084 -0.000327239 0.000829042
internal_weight=13527 12592 1905 1571 334 752 10687 2482 581 1901 360 535 8205 2913
internal_count=13527 12592 1905 1571 334 752 10687 2482 581 1901 360 535 8205 2913
is_linear=0
shrinkage=0.03


Tree=299
num_leaves=15
num_cat=0
split_feature=11 63 63 40 15 12 21 22 11 65 30 17 14 69
split_gain=3.08155 6.12526 5.48472 4.80234 17.3633 17.3482 15.5917 10.5425 11.1608 12.1057 10.7141 13.8153 14.4037 15.3146
threshold=3.4815278053283696 1323.6248168945315 721.14013671875011 0.62631577253341686 13.402022361755373 49.312500000000007 4.9749853610992441 8.0299396514892596 3.1538888216018681 1665.5877685546877 0.75595238804817211 79.983470916748061 2208.5000000000005 219.85874938964847
decision_type=2 2 2 2 2 2 2 2 2 2 2 2 2 2
left_child=3 2 -2 -1 5 -5 7 8 9 10 -7 12 13 -12
right_child=1 -3 -4 4 -6 6 -8 -9 -10 -11 11 -13 -14 -15
leaf_value=-5.4441913976099877e-05 -9.8622106364353311e-05 0.0068190425771353968 -0.017235436979004433 0.0044991068723870577 0.0036813057029954788 0.0021518734378579629 -0.011745415776657787 0.0099131132569916323 0.014560705994296805 0.02441503225701231 0.011751287692601586 -0.035630761591778734 -0.012139942851475563 -0.016621710517051587
leaf_weight=7260 3459 112 155 126 357 768 399 147 63 66 195 183 155 82
leaf_count=7260 3459 112 155 126 357 768 399 147 63 66 195 183 155 82
internal_value=-1.44156e-05 -0.000748792 -0.000962922 0.000264769 0.00138725 0.000384615 -0.000276968 0.00100362 0.000257937 -0.000279503 -0.000878525 -0.00382927 -0.000902778 0.00319495
internal_weight=13527 3726 3614 9801 2541 2184 2058 1659 1512 1449 1383 615 432 277
internal_count=13527 3726 3614 9801 2541 2184 2058 1659 1512 1449 1383 615 432 277
is_linear=0
shrinkage=0.03


Tree=300
num_leaves=15
num_cat=0
split_feature=33 40 65 69 28 22 18 67 43 21 30 63 63 21
split_gain=3.24533 7.06371 6.38922 4.78102 2.66484 5.49891 5.33474 5.07545 12.7367 10.4733 9.79035 10.2435 10.4712 9.03931
threshold=69.806602478027358 0.65789473056793224 30.522916793823246 0.081944443285465254 56.40278625488282 8.8598527908325213 0.28125000000000006 132.88611602783206 -0.2901292592287063 4.2926127910614023 0.79315477609634411 0.2065277770161629 72.966804504394545 4.2926127910614023
decision_type=2 2 2 2 2 2 2 2 2 2 2 2 2 2
left_child=4 2 3 -2 6 -6 -1 10 13 -10 11 -8 -13 -9
right_child=1 -3 -4 -5 5 -7 7 8 9 -11 -12 12 -14 -15
leaf_value=-0.0074473622796080319 0.0010222892350472 0.016312467367842868 0.0031338991933122307 -0.0079590680560638997 5.6317980047699831e-05 0.0058093815027882995 -0.023037486098828705 9.7823172368425294e-05 0.0040100640093948753 -0.00083133615640236286 -3.0764280853939252e-05 0.034638229196348014 -0.0074792303086221954 0.015753167735942073
leaf_weight=486 73 72 108 71 9639 81 228 140 151 253 1918 52 52 203
leaf_count=486 73 72 108 71 9639 81 228 140 151 253 1918 52 52 203
internal_value=-3.32668e-06 0.00296296 0.000595238 -0.00354167 -7.61191e-05 0.000179012 -0.000788114 -0.000315315 0.00182731 -0.00178218 -0.00102667 -0.00578313 0.00201923 0.00607872
internal_weight=13527 324 252 144 13203 9720 3483 2997 747 404 2250 332 104 343
internal_count=13527 324 252 144 13203 9720 3483 2997 747 404 2250 332 104 343
is_linear=0
shrinkage=0.03


Tree=301
num_leaves=15
num_cat=0
split_feature=11 69 69 36 25 30 13 1 69 43 11 36 65 3
split_gain=2.78825 5.77553 6.29088 9.80984 17.0884 7.62531 8.02949 5.90043 5.59903 10.2724 8.27793 6.08217 8.87235 5.8598
threshold=3.4815278053283696 2132.369506835938 0.17972222715616229 2.5000000000000004 680.15557861328136 0.92113095521926891 1299.5422363281252 73.914619445800795 58.108194351196296 -0.93540480732917775 3.7825000286102299 13.000000000000002 235.7970886230469 7.5840394496917733
decision_type=2 2 2 2 2 2 2 2 2 2 2 2 2 2
left_child=-1 2 3 4 -2 6 8 -5 10 -10 -4 -11 13 -13
right_child=1 -3 5 7 -6 -7 -8 -9 9 11 -12 12 -14 -15
leaf_value=0.00013365806517271926 -8.2444325388048413e-05 0.0050944699612061094 -0.040028829981604112 -0.0083667182652381634 0.015786942447851286 -0.0037839313289281854 -0.01917900125925559 0.00012512536892451465 0.015384441887138597 -0.00075902952356759806 -0.00024182160216939863 0.025023611716708881 -0.0010688479933836348 0.00039626271563136583
leaf_weight=9801 240 132 131 439 215 78 275 515 137 699 445 104 177 139
leaf_count=9801 240 132 131 439 215 78 275 515 137 699 445 104 177 139
internal_value=-9.98004e-06 -0.000708535 -0.000934891 0.000628105 0.00425275 -0.00194279 -0.0016018 -0.00110063 -0.000884279 0.000238854 -0.00333333 -0.000710456 0.00214286 0.0058642
internal_weight=13527 3726 3594 1409 455 2185 2107 954 1832 1256 576 1119 420 243
internal_count=13527 3726 3594 1409 455 2185 2107 954 1832 1256 576 1119 420 243
is_linear=0
shrinkage=0.03


Tree=302
num_leaves=15
num_cat=0
split_feature=11 69 40 15 13 21 12 23 15 27 3 65 40 0
split_gain=3.18518 5.48903 4.46788 18.5669 15.3556 11.3355 11.8818 10.2883 14.9141 9.34615 8.9603 8.65297 8.73858 8.31863
threshold=3.4815278053283696 2132.369506835938 0.60526317358016979 13.402022361755373 98.730468750000014 4.9749853610992441 712.01040649414074 22.472083091735843 8.3800144195556658 11.248806476593019 44.115184783935554 187.80889129638675 0.80526316165924083 41.583332061767585
decision_type=2 2 2 2 2 2 2 2 2 2 2 2 2 2
left_child=2 -2 10 4 -4 6 7 9 13 -6 -1 12 -7 -9
right_child=1 -3 3 -5 5 11 -8 8 -10 -11 -12 -13 -14 -15
leaf_value=-1.8519018772105154e-05 -0.00017521653149823397 0.0049416358623699131 0.0044287368580969173 0.0033838619201813813 -0.020715166278345368 -0.0076178220881710076 -0.013310818968817655 -0.00050152375770746267 -0.050449102590715833 -0.00057683501731221833 -0.0017503210496937704 -0.022857132528716361 0.014977971442349771 0.0083594929289023817
leaf_weight=6960 3594 132 161 391 69 275 69 230 69 529 58 102 60 828
leaf_count=6960 3594 132 161 391 69 275 69 230 69 529 58 102 60 828
internal_value=-3.43757e-05 -0.000780998 0.000249464 0.00126662 0.00027592 -0.000369789 0.000685619 0.00117391 0.00286158 -0.00200669 -0.00015389 -0.00470252 -0.00237313 0.00374291
internal_weight=13527 3726 9801 2783 2392 2231 1794 1725 1127 598 7018 437 335 1058
internal_count=13527 3726 9801 2783 2392 2231 1794 1725 1127 598 7018 437 335 1058
is_linear=0
shrinkage=0.03


Tree=303
num_leaves=15
num_cat=0
split_feature=11 63 63 11 33 33 69 42 24 25 42 12 40 23
split_gain=2.99876 4.83397 4.72724 4.59054 5.5804 7.22291 6.99068 6.44675 7.45588 5.58626 6.37293 4.99167 4.9786 10.3601
threshold=3.4815278053283696 1323.6248168945315 721.14013671875011 2.3673611879348759 69.806602478027358 60.433071136474616 92.426250457763686 0.84874749183654796 151.65029144287112 473.66078186035162 0.032701563090086053 44.770832061767585 0.69999998807907116 22.432222366333011
decision_type=2 2 2 2 2 2 2 2 2 2 2 2 2 2
left_child=3 2 -2 4 5 11 -6 9 -9 10 -7 -1 -11 -14
right_child=1 -3 -4 -5 6 7 -8 8 -10 12 -12 -13 13 -15
leaf_value=-0.013746404124629363 -0.00010408154145102882 0.0061444299829293116 -0.016661971710039854 0.00094614814582627332 0.008953745964136308 -0.01616040695110214 -0.0020902560184854744 0.001813394652537763 -0.025973900841782187 -0.0012161303264566924 -0.00038439055815951749 0.00014054565858265589 -0.0086591076971198003 0.0036879864490011686
leaf_weight=81 3459 112 155 2268 111 136 51 68 204 600 120 5994 56 112
leaf_count=81 3459 112 155 2268 111 136 51 68 204 600 120 5994 56 112
internal_value=-5.65536e-05 -0.000780998 -0.000971223 0.000218855 -0.000137395 -0.000258445 0.00537037 -0.00229167 -0.00639706 -0.00120117 -0.00503906 0.000175309 7.8125e-05 0.00464286
internal_weight=13527 3726 3614 9801 7533 7371 162 1296 272 1024 256 6075 768 168
internal_count=13527 3726 3614 9801 7533 7371 162 1296 272 1024 256 6075 768 168
is_linear=0
shrinkage=0.03


Tree=304
num_leaves=15
num_cat=0
split_feature=11 69 43 25 0 25 50 63 69 17 35 44 40 36
split_gain=3.2422 4.68992 4.6661 11.2463 8.65638 7.63601 5.83112 8.39644 5.02687 7.09631 9.00416 7.28758 10.7243 5.52001
threshold=3.4815278053283696 2132.369506835938 -0.88144907355308522 772.42044067382824 111.20833206176759 484.35142517089849 44.500000000000007 451.67498779296881 0.17972222715616229 260.11555480957037 167.3031921386719 -1.0000000180025095e-35 0.24736841768026355 2.5000000000000004
decision_type=2 2 2 2 2 2 2 2 2 2 2 2 2 2
left_child=-1 2 3 5 -5 -2 8 -8 9 10 -4 12 -12 -10
right_child=1 -3 6 4 -6 -7 7 -9 13 -11 11 -13 -14 -15
leaf_value=0.00012828654925742811 3.8811167463326624e-05 0.0047965092327423653 -0.001041941874495295 0.0027221667796892258 -0.020322204129481557 0.01474383222698151 0.00049686705196667501 -0.0011399547607161685 -0.0027623042789450465 0.01654857662117349 0.0093832902799999753 0.0010299417936761863 -0.020902829648512439 -0.00076335173527682706
leaf_weight=9801 172 132 401 140 144 195 390 173 834 95 62 222 82 684
leaf_count=9801 172 132 401 140 144 195 390 173 834 95 62 222 82 684
internal_value=-2.77223e-05 -0.000780998 -0.000984975 0.00131336 -0.00316901 0.00478202 -0.00149337 0.00125222 -0.00214286 -0.000313225 -0.00127119 0.00213115 -0.003125 -0.00318182
internal_weight=13527 3726 3594 651 284 367 2943 563 2380 862 767 366 144 1518
internal_count=13527 3726 3594 651 284 367 2943 563 2380 862 767 366 144 1518
is_linear=0
shrinkage=0.03


Tree=305
num_leaves=15
num_cat=0
split_feature=3 40 24 40 63 43 24 23 53 69 13 40 35 63
split_gain=2.92578 10.3032 5.55687 6.70963 6.15149 4.28571 3.69601 3.546 8.11659 6.31276 4.72357 11.1557 5.5798 12.3233
threshold=15.635231494903566 0.089473687112331404 334.07290649414068 0.3315789550542832 64.306667327880874 -0.35206145048141474 373.40475463867193 23.424444198608402 38.500000000000007 478.97166442871099 80.440532684326186 0.6473684310913087 164.59222412109378 0.2065277770161629
decision_type=2 2 2 2 2 2 2 2 2 2 2 2 2 2
left_child=7 -2 4 6 -3 -6 -4 10 -9 -10 11 -1 13 -12
right_child=1 2 3 -5 5 -7 -8 8 9 -11 12 -13 -14 -15
leaf_value=-0.0010028359111012239 -0.0055461514310103334 0.017523892237383158 -0.0019386662322727498 0.00043353606237226392 -0.00038369306072256305 0.0082081919354722501 -2.2486231262437427e-05 0.00032975482263269105 -0.013825204020043417 0.024053843964173115 0.00020189302992080582 0.00075899567228093258 -2.8522854196921796e-05 -0.012521883286103248
leaf_weight=186 99 76 69 392 84 56 115 3051 220 50 284 57 8586 202
leaf_count=186 99 76 69 392 84 56 115 3051 220 50 284 57 8586 202
internal_value=3.88113e-05 0.00170034 0.00284091 0.00130208 0.00694444 0.00321429 -0.00342391 -7.83476e-05 0.000763324 -0.00422222 -0.000378422 -0.00450617 -0.000267857 -0.00339506
internal_weight=13527 891 792 576 216 140 184 12636 3321 270 9315 243 9072 486
internal_count=13527 891 792 576 216 140 184 12636 3321 270 9315 243 9072 486
is_linear=0
shrinkage=0.03


Tree=306
num_leaves=15
num_cat=0
split_feature=63 50 40 18 15 15 17 27 23 63 2 65 63 67
split_gain=2.97106 5.72181 7.58657 10.7235 8.03066 6.36149 6.0569 5.29728 4.78084 4.28789 4.22525 4.74459 5.75587 5.13491
threshold=459.69528198242193 9.5000000000000018 0.58421051502227794 0.28125000000000006 14.42046642303467 29.613815307617191 197.02527618408206 24.666384696960453 23.497777938842777 401.09263610839849 1625.5000000000002 1788.8999023437502 491.99070739746099 359.20527648925787
decision_type=2 2 2 2 2 2 2 2 2 2 2 2 2 2
left_child=1 -1 4 -4 8 6 -6 -2 -3 -8 11 12 13 -9
right_child=7 2 3 -5 5 -7 9 10 -10 -11 -12 -13 -14 -15
leaf_value=-1.4642744854098666e-05 -0.011580642156914931 0.001141846928541792 0.0050555310674647736 0.00045649091527276127 -0.00010091631558806213 0.00042853450570919268 -0.026590067213204352 -0.0069629563405363944 -0.00034308521817051575 -0.0012306852067606622 -0.0085606697198545145 0.011784347316297702 4.566398945855088e-05 0.00013587509616612257
leaf_weight=9455 118 647 173 306 213 99 85 116 298 54 225 102 1576 60
leaf_count=9455 118 647 173 306 213 99 85 116 298 54 225 102 1576 60
internal_value=7.42959e-05 0.000270079 0.001784 0.00504175 0.000666189 -0.00262749 -0.00451705 -0.000935366 0.0022381 -0.00938849 -0.000584416 -0.000113269 -0.000479452 -0.005625
internal_weight=13527 11330 1875 479 1396 451 352 2197 945 139 2079 1854 1752 176
internal_count=13527 11330 1875 479 1396 451 352 2197 945 139 2079 1854 1752 176
is_linear=0
shrinkage=0.03


Tree=307
num_leaves=15
num_cat=0
split_feature=23 13 40 13 63 63 26 18 65 65 65 12 67 27
split_gain=3.08454 5.08867 11.1557 5.16986 5.18145 10.4194 11.3197 9.16064 5.61039 7.40445 5.12434 5.45538 7.25338 7.7114
threshold=23.411527633666996 80.440532684326186 0.6473684310913087 862.85317993164074 47.538888931274421 1.8166666626930239 7648.0000000000009 0.40625000000000006 53.75152778625489 123.11138916015626 3255.6191406250005 243.17707824707034 83.532775878906264 61.981239318847663
decision_type=2 2 2 2 2 2 2 2 2 2 2 2 2 2
left_child=1 2 -1 10 5 6 -5 -7 -6 -10 11 -3 -13 -14
right_child=-2 3 -4 4 8 7 -8 -9 9 -11 -12 12 13 -15
leaf_value=-0.00097937855632447318 0.00016131526459438 -0.00022558837457376413 0.00073666508445812751 -0.022481618198357714 -0.017258841903409046 0.022178306458371141 -8.1225630989436573e-05 -0.014928799207904596 0.014341528564796251 -0.00055955068208000112 -0.0032242625255202405 -1.2621657676055165e-05 0.00058468643538660096 0.01935619167740368
leaf_weight=186 3645 4796 57 157 274 110 1098 63 57 347 148 1310 1141 138
leaf_count=186 3645 4796 57 157 274 110 1098 63 57 347 148 1310 1141 138
internal_value=5.65536e-05 -0.000218579 -0.00450617 -0.000110489 -0.0014245 -0.00039916 -0.0013506 0.00650289 -0.00358407 -0.00133663 0.00025687 0.000367637 0.0014774 0.00308444
internal_weight=13527 9882 243 9639 2106 1428 1255 173 678 404 7533 7385 2589 1279
internal_count=13527 9882 243 9639 2106 1428 1255 173 678 404 7533 7385 2589 1279
is_linear=0
shrinkage=0.03


Tree=308
num_leaves=15
num_cat=0
split_feature=23 13 40 6 63 69 9 63 13 25 69 9 65 21
split_gain=2.79572 5.14648 11.1557 4.9 5.04592 4.93031 9.03274 9.07966 8.26914 6.80947 6.71729 8.50966 8.38002 7.18103
threshold=23.411527633666996 80.440532684326186 0.6473684310913087 1.0000000180025095e-35 0.95319443941116344 0.081944443285465254 0.094837963581085219 10.875138759613039 425.05114746093756 680.15557861328136 594.25109863281261 0.26739583909511572 130.97805786132815 3.5682001113891606
decision_type=2 2 2 2 2 2 2 2 2 2 2 2 2 2
left_child=1 2 -1 4 -2 6 -5 -8 9 -9 11 -7 -12 -13
right_child=3 -3 -4 5 -6 10 7 8 -10 -11 12 13 -14 -15
leaf_value=-0.00094999719963474434 0.00035899405229780965 -2.6849236495110062e-05 0.00071456513192438365 0.025056754347946106 0.0039243980863931504 -0.0044165741616167507 -0.00025689258578241757 0.00028962730198120614 8.15063954254569e-06 0.023943068267005135 -0.0030132048844729552 0.026207497188065702 0.017534840630550688 -5.5276836687095032e-05
leaf_weight=186 220 9639 57 74 185 649 612 96 174 121 162 94 223 1035
leaf_count=186 220 9639 57 74 185 649 612 96 174 121 162 94 223 1035
internal_value=6.76425e-05 -0.000194293 -0.00450617 0.000777778 0.00388889 0.000388889 0.00204735 0.0013011 0.00487212 0.0087788 -0.000436893 -0.00121485 0.00315584 0.000358725
internal_weight=13527 9882 243 3645 405 3240 1077 1003 391 217 2163 1778 385 1129
internal_count=13527 9882 243 3645 405 3240 1077 1003 391 217 2163 1778 385 1129
is_linear=0
shrinkage=0.03


Tree=309
num_leaves=15
num_cat=0
split_feature=30 40 28 67 22 40 28 22 65 24 25 40 36 24
split_gain=2.69292 17.9757 8.81667 7.12903 5.0361 9.41091 4.89815 4.0014 10.4401 3.06019 7.72419 6.84992 12.1169 10.8022
threshold=0.85267856717109691 0.37368421256542211 55.198331832885749 23.441666603088382 8.8128843307495135 0.34210526943206793 55.198331832885749 8.5569911003112811 2.3236111402511601 243.51785278320315 852.58804321289074 0.60526317358016979 45.500000000000007 314.30952453613287
decision_type=2 2 2 2 2 2 2 2 2 2 2 2 2 2
left_child=4 6 3 -3 7 -6 -2 9 -9 -1 11 13 -13 -11
right_child=1 2 -4 -5 5 -7 -8 8 -10 10 -12 12 -14 -15
leaf_value=-0.00025024404770868092 -0.00059191767766217092 -0.00052811328369694157 0.030255507936250186 0.0029798755367210815 0.010219263445051294 -0.00025067324839656458 -0.038004292406240897 0.00073302094309433128 -0.020845451963539201 0.00035100649616223641 -6.8786617536593654e-05 -0.00023389443092178321 0.0033876572531065462 -0.0001376615687492677
leaf_weight=5994 144 111 90 69 66 96 72 142 101 580 4293 253 414 1102
leaf_count=5994 144 111 90 69 66 96 72 142 101 580 4293 253 414 1102
internal_value=3.21579e-05 -0.00216049 0.003 -0.000833333 0.000113872 0.00537037 -0.00861111 4.77522e-05 -0.00376543 0.000121083 0.000564589 0.00194764 0.00452024 0.000927467
internal_weight=13527 486 270 180 13041 162 216 12879 243 12636 6642 2349 667 1682
internal_count=13527 486 270 180 13041 162 216 12879 243 12636 6642 2349 667 1682
is_linear=0
shrinkage=0.03


Tree=310
num_leaves=15
num_cat=0
split_feature=30 40 28 67 22 40 28 22 65 35 69 35 40 13
split_gain=2.80205 17.6333 8.31296 7.12903 5.067 9.41091 4.89815 3.96725 10.4401 3.04593 6.35069 5.71734 13.8459 8.87228
threshold=0.85267856717109691 0.37368421256542211 55.198331832885749 23.441666603088382 8.8128843307495135 0.34210526943206793 55.198331832885749 8.5569911003112811 2.3236111402511601 165.98194122314456 2014.6882934570315 164.59222412109378 0.14210525900125506 434.31733703613287
decision_type=2 2 2 2 2 2 2 2 2 2 2 2 2 2
left_child=4 6 3 -3 7 -6 -2 9 -9 10 11 -1 13 -13
right_child=1 2 -4 -5 5 -7 -8 8 -10 -11 -12 12 -14 -15
leaf_value=-0.00044183844605371724 -0.00057416014733230574 -0.00051226988518603329 0.02934784269816269 0.0028904792706194457 0.0099126855416997676 -0.00024315305094465777 -0.036864163634053669 0.00071103031480149734 -0.020220088404633026 -2.6347213676194414e-05 -0.0138263845325715 -0.011305725722917494 0.0037896381241389852 0.0058153289304103944
leaf_weight=833 144 111 90 69 66 96 72 142 101 10287 142 158 1162 54
leaf_count=833 144 111 90 69 66 96 72 142 101 10287 142 158 1162 54
internal_value=1.44156e-05 -0.00222222 0.00288889 -0.000833333 9.77686e-05 0.00537037 -0.00861111 3.14465e-05 -0.00376543 0.000104463 0.00107918 0.00147485 0.00266376 -0.00438679
internal_weight=13527 486 270 180 13041 162 216 12879 243 12636 2349 2207 1374 212
internal_count=13527 486 270 180 13041 162 216 12879 243 12636 2349 2207 1374 212
is_linear=0
shrinkage=0.03


Tree=311
num_leaves=15
num_cat=0
split_feature=30 40 28 67 22 40 28 22 67 43 43 67 65 31
split_gain=2.91334 17.2942 7.82407 7.12903 5.098 9.41091 4.89815 3.53708 6.89607 5.54755 4.98081 5.70883 3.53338 3.4215
threshold=0.85267856717109691 0.37368421256542211 55.198331832885749 23.441666603088382 8.8128843307495135 0.34210526943206793 55.198331832885749 8.4510140419006365 0.42722222208976751 -0.93540480732917775 0.35206145048141485 102.17791748046876 2.3236111402511601 0.39955286681652075
decision_type=2 2 2 2 2 2 2 2 2 2 2 2 2 2
left_child=4 6 3 -3 7 -6 -2 13 12 -10 11 -11 -9 -1
right_child=1 2 -4 -5 5 -7 -8 8 9 10 -12 -13 -14 -15
leaf_value=0.00018099910320733536 -0.00055693534291233659 -0.00049690178863045229 0.028467407417217816 0.0028037648925008617 0.0096153049754487754 -0.00023585845941632045 -0.035758238725032053 -0.0032063722522733583 0.0086410258598711917 0.00066806870389729761 0.0039382666333140732 -0.014143403152503856 -0.016594052072693054 -7.1535689798398752e-05
leaf_weight=3645 144 111 90 69 66 96 72 91 65 89 86 129 107 8667
leaf_count=3645 144 111 90 69 66 96 72 91 65 89 86 129 107 8667
internal_value=-3.32668e-06 -0.00228395 0.00277778 -0.000833333 8.16655e-05 0.00537037 -0.00861111 1.51409e-05 -0.00230159 0.000121951 -0.00157895 -0.00399083 -0.00681818 0.000121832
internal_weight=13527 486 270 180 13041 162 216 12879 567 369 304 218 198 12312
internal_count=13527 486 270 180 13041 162 216 12879 567 369 304 218 198 12312
is_linear=0
shrinkage=0.03


Tree=312
num_leaves=15
num_cat=0
split_feature=30 40 44 22 40 28 22 65 65 69 44 69 67 52
split_gain=3.41794 16.2967 6.89074 5.07585 9.41091 4.89815 3.22224 9.01758 2.97648 2.75485 2.71771 8.84594 7.32841 8.71093
threshold=0.85267856717109691 0.37368421256542211 1.0000000180025095e-35 8.8128843307495135 0.34210526943206793 55.198331832885749 8.5569911003112811 2.3236111402511601 1.0000000180025095e-35 7.8422222137451181 -0.60785761475563038 3125.040161132813 6.7633335590362558 6.5387499332427987
decision_type=2 2 2 2 2 2 2 2 2 2 2 2 2 2
left_child=3 5 -3 6 -5 -2 10 -8 -4 -10 11 12 13 -1
right_child=1 2 8 4 -6 -7 7 -9 9 -11 -12 -13 -14 -15
leaf_value=-0.0001150900417875293 -0.00054022728262496651 -0.00042221779373814071 0.00029890800389031024 0.0093268458261853166 -0.00022878270563382762 -0.034685491563281087 0.00067758305734926026 -0.019115664190313242 0.038214110286689258 0.0055113910933494775 0.00013325833928518272 0.025714764754002022 -0.0014221397183504258 0.0012898447867304341
leaf_weight=1305 144 90 68 66 96 72 142 101 62 50 8910 93 2071 257
leaf_count=1305 144 90 68 66 96 72 142 101 62 50 8910 93 2071 257
internal_value=1.10889e-06 -0.00246914 0.00244444 9.31677e-05 0.00537037 -0.00861111 2.67878e-05 -0.00339506 0.00583333 0.00883929 9.25926e-05 -0.000587762 -0.000821635 0.000729834
internal_weight=13527 486 270 13041 162 216 12879 243 180 112 12636 3726 3633 1562
internal_count=13527 486 270 13041 162 216 12879 243 180 112 12636 3726 3633 1562
is_linear=0
shrinkage=0.03


Tree=313
num_leaves=15
num_cat=0
split_feature=30 40 28 67 28 22 40 58 34 42 31 24 63 3
split_gain=3.42408 15.568 6.66667 6.68896 5.11343 5.07143 9.41091 3.03052 4.30754 5.40506 9.19446 7.8137 4.25213 6.94789
threshold=0.85267856717109691 0.37368421256542211 55.198331832885749 24.473194122314457 55.198331832885749 8.8128843307495135 0.34210526943206793 1.0000000180025095e-35 53.15368843078614 0.2269546836614609 0.47446672618389135 303.39137268066412 459.69528198242193 0.80482643842697155
decision_type=2 2 2 2 2 2 2 2 2 2 2 2 2 2
left_child=5 4 3 -3 -2 7 -7 -1 12 10 -10 -11 13 -9
right_child=1 2 -4 -5 -6 6 -8 8 9 11 -12 -13 -14 -15
leaf_value=-0.00011633366409823154 -0.00052402046414621749 -0.00046932820115939446 0.027448043461900797 0.0035908231076737704 -0.033644926816382648 0.009047040451399745 -0.0002219192244648216 0.00053378163300768207 -0.022016386968928499 0.00053525541098175861 0.0046241932477897674 -0.011714419223019794 -0.00056581753392976437 0.0023679286040195844
leaf_weight=7047 144 115 90 65 72 66 96 3140 146 375 105 72 1098 896
leaf_count=7047 144 115 90 65 72 66 96 3140 146 375 105 72 1098 896
internal_value=3.32668e-06 -0.00246914 0.00233333 -0.001 -0.00847222 9.54681e-05 0.00537037 2.91172e-05 0.000534979 -0.00167622 -0.0051992 0.000302013 0.000835606 0.00128593
internal_weight=13527 486 270 180 216 13041 162 12879 5832 698 251 447 5134 4036
internal_count=13527 486 270 180 216 13041 162 12879 5832 698 251 447 5134 4036
is_linear=0
shrinkage=0.03


Tree=314
num_leaves=15
num_cat=0
split_feature=33 67 40 58 40 43 59 30 40 67 65 9 42 15
split_gain=2.60253 6.54452 6.09173 3.85172 3.84391 3.01628 2.28993 5.18187 3.97199 9.31466 5.50759 3.89925 6.58556 10.5968
threshold=69.275196075439467 0.093888889998197569 0.63684210181236278 0.055694444105029113 0.18421053141355517 -0.52778512239456166 1.5000000000000002 0.85267856717109691 0.77368420362472545 55.212917327880866 126.43569564819337 0.0099074072204530256 0.91037613153457653 0.28925637900829321
decision_type=2 2 2 2 2 2 2 2 2 2 2 2 2 2
left_child=6 3 4 5 -3 -2 -1 8 11 -10 -11 12 13 -8
right_child=1 2 -4 -5 -6 -7 7 -9 9 10 -12 -13 -14 -15
leaf_value=-0.00010790847688073146 -2.9626145339444304e-05 0.0071841093975694645 0.016041381942622914 0.00044922184654887508 -2.6029675315420755e-05 -0.0006904616366301122 0.012949319333716356 -0.011516232136059266 0.0046547824653964294 0.00099722080856751378 -0.020563340221190638 7.615942861107783e-06 0.0132268202635721 -0.0027303418315302607
leaf_weight=8324 76 55 52 53 102 67 222 157 140 51 50 3533 216 429
leaf_count=8324 76 55 52 53 102 67 222 157 140 51 50 3533 216 429
internal_value=3.88113e-05 0.00240741 0.00610048 -0.00153061 0.00315287 -0.00409091 -3.42936e-05 0.000487703 0.000669037 0.00441909 -0.00252475 0.000463636 0.00226644 0.000760369
internal_weight=13527 405 209 196 157 143 13122 4798 4641 241 101 4400 867 651
internal_count=13527 405 209 196 157 143 13122 4798 4641 241 101 4400 867 651
is_linear=0
shrinkage=0.03


Tree=315
num_leaves=15
num_cat=0
split_feature=63 27 67 24 21 17 16 65 58 33 56 63 43 1
split_gain=2.42705 4.56988 4.52888 9.29193 7.82213 6.01037 5.69024 5.42807 5.37792 5.15215 5.12875 5.0975 4.86039 5.96346
threshold=459.69528198242193 24.666384696960453 477.62445068359381 327.95832824707037 6.162769317626954 110.70222473144533 54.178173065185554 130.97805786132815 23.830554962158207 57.836177825927741 74.500000000000014 682.39501953125011 0.16280825436115268 147.85086822509768
decision_type=2 2 2 2 2 2 2 2 2 2 2 2 2 2
left_child=-1 -2 3 8 5 -4 7 11 12 -9 -7 -5 -3 -14
right_child=1 2 4 6 -6 10 -8 9 -10 -11 -12 -13 13 -15
leaf_value=6.0468446347945459e-05 -0.010687213232642705 -0.00063514778631312385 -0.001304168962163037 -0.0091291824475947456 -0.041496011023404597 0.014306888174692362 -0.019602397286437288 0.0019523431792239166 0.011979507070168207 -0.00041120335081773262 -0.0077225956840291715 -0.00030332072177774894 0.010910402819893465 -0.0021136374748089801
leaf_weight=11330 118 484 428 71 67 101 62 153 191 129 62 156 124 51
leaf_count=11330 118 484 428 71 67 101 62 153 191 129 62 156 124 51
internal_value=4.54646e-05 -0.000867091 -0.000541126 0.000411682 -0.00259878 -0.00149746 -0.00254816 -0.00150295 0.0024 0.0012766 0.00340491 -0.00495595 0.00111533 0.0054
internal_weight=13527 2197 2079 1421 658 591 571 509 850 282 163 227 659 175
internal_count=13527 2197 2079 1421 658 591 571 509 850 282 163 227 659 175
is_linear=0
shrinkage=0.03


Tree=316
num_leaves=15
num_cat=0
split_feature=33 67 40 65 2 59 40 67 22 1 6 63 65 12
split_gain=2.77146 6.38825 5.86526 6.15598 3.74845 2.38731 4.74995 9.29144 4.78185 4.16039 3.71684 7.47387 5.29994 10.6705
threshold=69.806602478027358 1.0419444441795351 0.63684210181236278 30.522916793823246 297.50000000000006 1.5000000000000002 0.77368420362472545 331.50846862792974 8.9385900497436541 118.43119430541994 0.12500000372529033 1433.5554199218752 2.8011111021041875 111.02083587646486
decision_type=2 2 2 2 2 2 2 2 2 2 2 2 2 2
left_child=5 4 3 -3 -2 10 8 9 -7 -8 11 12 -1 -14
right_child=1 2 -4 -5 -6 6 7 -9 -10 -11 -12 -13 13 -15
leaf_value=0.00040870983251903303 -0.012825968874322444 -0.0016176308009863405 0.015558326430953793 0.0088344369034022031 0.00051951938148103944 0.00020052048391527855 0.0043759982041362729 -0.013847582310484632 -0.020347763698239596 0.00375555178913046 2.2504852075730028e-05 -0.0018217193815378517 -0.029510430838631183 -0.00030323129453769583
leaf_weight=1076 61 65 52 66 80 4498 120 77 58 50 5580 135 156 1453
leaf_count=1076 61 65 52 66 80 4498 120 77 58 50 5580 135 156 1453
internal_value=3.65935e-05 0.00277778 0.00647541 0.0030916 -0.00202128 -3.06748e-05 0.000502811 0.00455466 0.000283143 0.00847059 -0.000335714 -0.0012234 -0.000877095 -0.00196706
internal_weight=13527 324 183 131 141 13203 4803 247 4556 170 8400 2820 2685 1609
internal_count=13527 324 183 131 141 13203 4803 247 4556 170 8400 2820 2685 1609
is_linear=0
shrinkage=0.03


Tree=317
num_leaves=15
num_cat=0
split_feature=33 40 65 40 55 69 65 27 67 2 63 40 68 13
split_gain=3.19217 7.06371 7.04894 4.01072 2.35776 3.48718 3.07207 2.92365 4.36552 8.26716 7.75481 11.1238 12.5164 7.3378
threshold=69.806602478027358 0.65789473056793224 30.522916793823246 0.34210526943206793 47.645277023315437 579.36083984375011 1016.2711181640626 83.047992706298842 494.63513183593756 359.50000000000006 62.295278549194343 0.50000000000000011 1.0000000180025095e-35 157.08173370361331
decision_type=2 2 2 2 2 2 2 2 2 2 2 2 2 2
left_child=4 2 3 -2 7 6 -6 -1 10 -10 11 -9 -13 -12
right_child=1 -3 -4 -5 5 -7 -8 8 9 -11 13 12 -14 -15
leaf_value=-9.1187382637309959e-05 -0.0089187832020077712 0.014089629402878136 0.0027853686572652612 0.00011126190411000713 0.00063654159440224229 0.0059301281651193832 -0.0064503249960900086 -0.011774700603830226 0.012193224962785276 -0.039058662875468088 0.00030874028311795866 0.031194454461825467 -0.0015776226340756905 0.024166213821792168
leaf_weight=11273 61 72 108 83 636 214 77 180 175 79 103 148 142 176
leaf_count=11273 61 72 108 83 636 214 77 180 175 79 103 148 142 176
internal_value=2.1069e-05 0.00296296 0.000595238 -0.00375 -5.11247e-05 0.00140777 0.000399719 -0.00016129 0.00139083 -0.00200787 0.00254339 0.000191489 0.00382759 0.00650538
internal_weight=13527 324 252 144 13203 927 713 12276 1003 254 749 470 290 279
internal_count=13527 324 252 144 13203 927 713 12276 1003 254 749 470 290 279
is_linear=0
shrinkage=0.03


Tree=318
num_leaves=15
num_cat=0
split_feature=13 63 63 26 28 69 63 67 65 27 43 34 69 12
split_gain=2.64836 7.32718 9.76318 10.8748 8.63499 8.22308 8.84463 9.98067 7.74775 7.43386 5.59615 5.49117 5.8724 8.42323
threshold=862.85317993164074 48.55444526672364 2.216250061988831 7648.0000000000009 173.82440185546878 579.36083984375011 2132.369506835938 467.01957702636724 1199.5562744140627 34.895378112792976 -0.81241145730018605 49.477504730224616 485.69972229003912 469.72917175292974
decision_type=2 2 2 2 2 2 2 2 2 2 2 2 2 2
left_child=-1 2 3 -2 10 6 7 -3 11 -7 -4 12 -5 -14
right_child=1 5 4 8 -6 9 -8 -9 -10 -11 -12 -13 13 -15
leaf_value=6.3094335300011297e-05 -0.021943053116415527 -0.00093206762515217533 0.01038815726190897 -0.0037700579955872635 0.028899952801300616 0.026246264075746921 0.0068733009747395804 -0.034403955072971663 0.024512321202370291 -0.002457900802813837 -0.0016482761458038819 0.001241543297753802 0.019477736512564195 -0.0030006546713402214
leaf_weight=10611 160 534 64 634 120 57 59 172 52 111 105 651 110 87
leaf_count=10611 160 534 64 634 120 57 59 172 52 111 105 651 110 87
internal_value=1.88512e-05 -0.000781893 0.000249622 -0.000619835 0.00534602 -0.00297428 -0.00429412 -0.00522663 0.000156454 0.00303571 0.000976331 -0.000242915 -0.00185921 0.00266497
internal_weight=13527 2916 1983 1694 289 933 765 706 1534 168 169 1482 831 197
internal_count=13527 2916 1983 1694 289 933 765 706 1534 168 169 1482 831 197
is_linear=0
shrinkage=0.03


Tree=319
num_leaves=15
num_cat=0
split_feature=33 67 40 65 2 2 65 65 12 63 63 65 28 22
split_gain=2.57008 6.14412 6.09302 5.73324 3.74845 2.27488 3.04392 7.04667 3.97446 2.7433 2.60674 4.59712 5.26472 2.38113
threshold=69.806602478027358 1.0419444441795351 0.63684210181236278 30.522916793823246 297.50000000000006 7817.0000000000009 0.10138889029622079 67.328887939453139 526.90625000000011 56.664861679077156 72.966804504394545 1199.5562744140627 245.64672851562503 5.8562464714050302
decision_type=2 2 2 2 2 2 2 2 2 2 2 2 2 2
left_child=5 4 3 -3 -2 13 8 9 -7 -8 11 12 -9 -1
right_child=1 2 -4 -5 -6 6 7 10 -10 -11 -12 -13 -14 -15
leaf_value=0.001906021253519201 -0.012210872610965153 -0.0016096860330126804 0.014666994925879813 0.0084839499065231649 0.00042783721301972385 0.017837554527551185 -0.024776539893037717 0.017116985004671154 -0.0063986540325957362 -0.029413228325940725 -0.018806155667579115 0.027797762642249837 -0.0066214173148069211 -2.0277293456927303e-05
leaf_weight=1134 61 65 52 66 80 68 70 65 114 58 60 50 82 11502
leaf_count=1134 61 65 52 66 80 68 70 65 114 58 60 50 82 11502
internal_value=4.54646e-05 0.00268519 0.00631148 0.0028626 -0.00202128 -1.93138e-05 -0.00187831 -0.00338961 0.00131868 -0.00914062 -0.000525292 0.00114213 -0.00153061 6.41026e-05
internal_weight=13527 324 183 131 141 13203 567 385 182 128 257 197 147 12636
internal_count=13527 324 183 131 141 13203 567 385 182 128 257 197 147 12636
is_linear=0
shrinkage=0.03


Tree=320
num_leaves=15
num_cat=0
split_feature=33 40 65 40 42 55 69 36 2 69 30 44 67 13
split_gain=3.11087 6.92131 6.07059 3.95276 2.62154 2.23456 3.20215 2.81781 2.98914 3.20222 3.44961 2.82818 2.3805 10.127
threshold=69.806602478027358 0.66842105984687816 30.522916793823246 0.34210526943206793 0.58216583728790294 47.645277023315437 579.36083984375011 75.500000000000014 174.00000000000003 195.93375396728518 0.69494047760963451 1.0000000180025095e-35 547.21417236328136 1034.0856933593752
decision_type=2 2 2 2 2 2 2 2 2 2 2 2 2 2
left_child=5 2 3 -2 -4 12 7 8 -7 10 -10 -9 -1 -14
right_child=1 -3 4 -5 -6 6 -8 11 9 -11 -12 -13 13 -15
leaf_value=7.6251916762114746e-06 -0.0086401754238897687 0.013269580149307458 0.00041500209662913789 0.00011152113059380574 0.0080739919829622489 0.0021534919108727418 0.0057509398089104864 0.0024253194939269072 -0.005539524573904977 -0.0092004774872685505 0.0073881370212999188 -0.00012112556139948438 -4.5173315730782091e-05 -0.014370879984852342
leaf_weight=10371 61 68 56 87 52 178 214 138 84 95 93 125 1571 334
leaf_count=10371 61 68 56 87 52 178 214 138 84 95 93 125 1571 334
internal_value=5.87713e-05 0.00296296 0.000703125 -0.00324324 0.00611111 -1.24972e-05 0.00140777 0.000441795 -0.001 -0.00297794 -0.00059322 0.00290875 -0.000119746 -0.00109449
internal_weight=13527 324 256 148 108 13203 927 713 450 272 177 263 12276 1905
internal_count=13527 324 256 148 108 13203 927 713 450 272 177 263 12276 1905
is_linear=0
shrinkage=0.03


Tree=321
num_leaves=15
num_cat=0
split_feature=33 67 40 65 2 24 33 40 40 12 29 66 29 28
split_gain=2.91567 6.07232 5.09824 4.92103 4.03861 2.07168 6.3947 10.7302 4.88653 18.8576 6.91026 6.88705 5.75941 9.21284
threshold=69.806602478027358 1.0419444441795351 0.63684210181236278 30.522916793823246 297.50000000000006 243.51785278320315 34.911968231201179 0.58421051502227794 0.73157894611358654 53.593750000000007 2488.531616210938 1.0000000180025095e-35 5219.1750488281259 376.00880432128912
decision_type=2 2 2 2 2 2 2 2 2 2 2 2 2 2
left_child=5 4 3 -3 -2 8 7 -7 -1 -10 -11 -12 13 -13
right_child=1 2 -4 -5 -6 6 -8 -9 9 10 11 12 -14 -15
leaf_value=-5.3830784561407355e-05 -0.011585341169919498 -0.0015062069397549925 0.013828897673624203 0.0079872116498386075 0.00038147801130250514 -0.024252003180440108 0.00010206762628635341 0.0042056343078489648 0.0066589704078499684 -0.028143181601225382 -0.028151570811717128 -0.0014095808620571315 0.0095636478573207957 -0.015649220965179921
leaf_weight=5250 61 65 52 66 80 112 6966 50 110 165 66 308 88 88
leaf_count=5250 61 65 52 66 80 112 6966 50 110 165 66 308 88 88
internal_value=5.87713e-05 0.00287037 0.00647541 0.00332061 -0.00180851 -1.02249e-05 0.0003367 -0.00555556 -0.000417284 -0.00256364 -0.00434266 -0.00272727 -0.0014876 -0.0030303
internal_weight=13527 324 183 131 141 13203 7128 162 6075 825 715 550 484 396
internal_count=13527 324 183 131 141 13203 7128 162 6075 825 715 550 484 396
is_linear=0
shrinkage=0.03


Tree=322
num_leaves=15
num_cat=0
split_feature=33 40 65 58 67 55 69 65 27 1 1 56 28 42
split_gain=3.10612 6.92131 5.14438 2.4183 3.26492 2.02871 3.33224 3.02656 2.88975 2.51562 2.55681 2.48801 2.45521 5.02825
threshold=69.806602478027358 0.66842105984687816 143.94972229003909 0.18972222506999972 3.3109722137451176 47.645277023315437 579.36083984375011 1016.2711181640626 47.549922943115241 56.588451385498054 106.68650054931642 79.500000000000014 471.63014221191412 0.93540480732917797
decision_type=2 2 2 2 2 2 2 2 2 2 2 2 2 2
left_child=5 2 3 4 -2 12 7 8 11 -10 -11 -7 -1 -14
right_child=1 -3 -4 -5 -6 6 -8 -9 9 10 -12 -13 13 -15
leaf_value=-7.1311194180170284e-05 -0.026779306650674121 0.012456625814619499 0.0078727662947475751 0.00035420612860685095 0.00013657760858190926 0.0025022004199036223 0.0055776880620173009 -0.0060382594657170064 0.0028843616194055418 -0.0017417989256536348 -8.8208735359307511e-06 0.0030178968504270109 0.00047432011713801177 0.015606751339446178
leaf_weight=11445 64 68 62 67 63 166 214 77 144 95 168 63 723 108
leaf_count=11445 64 68 62 67 63 166 214 77 144 95 168 63 723 108
internal_value=6.09891e-05 0.00296296 0.000703125 -0.00170103 -0.00413386 -1.02249e-05 0.00134304 0.000357644 0.00103774 -0.000479115 -0.00222433 0.00373362 -0.000112414 0.00146209
internal_weight=13527 324 256 194 127 13203 927 713 636 407 263 229 12276 831
internal_count=13527 324 256 194 127 13203 927 713 636 407 263 229 12276 831
is_linear=0
shrinkage=0.03


Tree=323
num_leaves=15
num_cat=0
split_feature=33 40 65 69 52 63 27 21 67 24 21 65 63 65
split_gain=2.95721 5.06336 5.01201 3.44509 2.41703 2.05446 4.2046 4.31159 4.24874 8.2134 6.53808 5.81585 7.14179 7.10355
threshold=69.806602478027358 0.66842105984687816 16.996666908264164 2.3236111402511601 6.4049999713897714 444.16098022460943 24.666384696960453 4.075017213821412 477.62445068359381 327.95832824707037 6.162769317626954 130.97805786132815 762.16110229492199 552.01638793945324
decision_type=2 2 2 2 2 2 2 2 2 2 2 2 2 2
left_child=5 2 3 -2 -4 -1 7 -7 9 -8 -10 12 -11 -13
right_child=1 -3 4 -5 -6 6 8 -9 10 11 -12 13 -14 -15
leaf_value=3.6278919798213845e-05 0.00015600923821396329 0.012082927040180902 0.00030259303162193606 -0.040162444735977791 0.0064951839451577158 -0.024759000595608264 0.0022628851143336438 -0.00026399614959422482 -0.00050299106689237754 -0.0083934093841969166 -0.038569040592098612 0.00047965403153124695 -0.00018509444316101132 -0.0072151353023251815
leaf_weight=10930 88 68 62 51 55 53 892 52 609 122 74 234 133 104
leaf_count=10930 88 68 62 51 55 53 892 52 609 122 74 234 133 104
internal_value=3.88113e-05 0.00287037 0.0009375 -0.00291367 0.00551282 -3.06748e-05 -0.000851298 -0.00671429 -0.000567343 0.000333333 -0.00252562 -0.00240304 -0.00582353 0.000177515
internal_weight=13527 324 256 139 117 13203 2273 105 2168 1485 683 593 255 338
internal_count=13527 324 256 139 117 13203 2273 105 2168 1485 683 593 255 338
is_linear=0
shrinkage=0.03


Tree=324
num_leaves=15
num_cat=0
split_feature=15 17 15 14 69 33 40 67 56 67 67 43 69 27
split_gain=2.70154 5.93996 6.15884 4.80779 4.58638 4.26924 5.71007 4.54196 4.37614 4.42648 4.54008 7.61836 4.72948 3.91209
threshold=3.7441030740737919 106.17000198364259 3.5429773330688481 9997.5000000000018 35.02180480957032 69.806602478027358 0.58421051502227794 30.588749885559086 108.50000000000001 1386.7557373046877 641.52984619140636 -0.097964655607938753 191.13194274902347 57.567893981933601
decision_type=2 2 2 2 2 2 2 2 2 2 2 2 2 2
left_child=1 2 3 -1 -5 8 7 -7 9 10 13 12 -12 -2
right_child=5 -3 -4 4 -6 6 -8 -9 -10 -11 11 -13 -14 -15
leaf_value=-5.2522531587240186e-05 -8.3561479300717776e-05 -0.0087561328397271713 -0.022216587483888366 -0.0012205437423240184 0.014166298359789433 -0.0019641870576324739 0.0098463391842688267 0.0030844954746370853 0.00048886798913203575 0.010586938172631174 0.0022561741732907148 -0.013244278209074518 -0.0026486814738314202 0.00046092302470123413
leaf_weight=7695 3091 486 81 76 167 51 50 61 303 189 141 122 52 962
leaf_count=7695 3091 486 81 76 167 51 50 61 303 189 141 122 52 962
internal_value=2.77223e-05 -0.00029806 -0.000102881 -1.88964e-05 0.0041358 0.00057945 0.00537037 0.00160714 0.000419753 0.000187623 -6.86813e-06 -0.00347619 0.000233161 0.000262768
internal_weight=13527 8505 8019 7938 243 5022 162 112 4860 4557 4368 315 193 4053
internal_count=13527 8505 8019 7938 243 5022 162 112 4860 4557 4368 315 193 4053
is_linear=0
shrinkage=0.03


Tree=325
num_leaves=15
num_cat=0
split_feature=15 17 15 14 69 33 40 67 56 26 67 67 33 3
split_gain=2.79089 5.7272 6.15884 4.80779 4.58638 4.23736 5.71007 4.54196 4.32984 3.92631 5.07602 3.89973 5.84403 4.45102
threshold=3.7441030740737919 106.17000198364259 3.5429773330688481 9997.5000000000018 35.02180480957032 69.806602478027358 0.58421051502227794 30.588749885559086 108.50000000000001 3137.0000000000005 1386.7557373046877 641.52984619140636 58.636873245239265 8.7422800064086932
decision_type=2 2 2 2 2 2 2 2 2 2 2 2 2 2
left_child=1 2 3 -1 -5 8 7 -7 9 -2 11 -11 13 -13
right_child=5 -3 -4 4 -6 6 -8 -9 -10 10 -12 12 -14 -15
leaf_value=-5.0946855639621977e-05 -0.028553840563859241 -0.0084934488545353563 -0.021550089859371714 -0.0011839274300542968 0.013741309408995742 -0.0019052614459034965 0.0095509490087407646 0.0029919606103979831 0.00047420194945807737 6.5185941331584723e-05 0.012250788124365272 -0.0014134386466616976 -0.0085681046280264711 0.0053907305475896011
leaf_weight=7695 75 486 81 76 167 51 50 61 303 3993 174 173 89 53
leaf_count=7695 75 486 81 76 167 51 50 61 303 3993 174 173 89 53
internal_value=3.65935e-05 -0.000294533 -0.000102881 -1.88964e-05 0.0041358 0.000597372 0.00537037 0.00160714 0.000438272 0.000207373 0.000321285 0.000118384 -0.00309524 -0.000530973
internal_weight=13527 8505 8019 7938 243 5022 162 112 4860 4557 4482 4308 315 226
internal_count=13527 8505 8019 7938 243 5022 162 112 4860 4557 4482 4308 315 226
is_linear=0
shrinkage=0.03


Tree=326
num_leaves=15
num_cat=0
split_feature=15 14 17 63 69 15 69 56 63 53 27 12 40 34
split_gain=2.63851 5.39475 4.69166 7.42752 6.21787 5.90398 4.58638 4.03495 3.65663 10.885 9.81509 10.6822 11.5045 6.07642
threshold=3.7441030740737919 9997.5000000000018 110.70222473144533 5.9777777194976816 312.59791564941412 3.5429773330688481 35.02180480957032 108.50000000000001 86.199996948242202 41.500000000000007 82.805725097656264 126.11458206176759 0.27894736826419836 57.903236389160163
decision_type=2 2 2 2 2 2 2 2 2 2 2 2 2 2
left_child=1 2 5 -4 -5 8 -3 -2 9 13 -10 12 -12 -1
right_child=7 6 3 4 -6 -7 -8 -9 10 -11 11 -13 -14 -15
leaf_value=0.00013723291926781119 7.7014852617227653e-05 -0.001148409607152656 -0.01530334375150131 0.013239901414033577 -0.05056728238468728 -0.020903587163590556 0.01332907012672587 0.00046889162249434511 -0.0015401937419550027 -0.0092224322556814717 0.021105493685178365 0.027168902220060361 -0.035373553405564612 0.02031679377954327
leaf_weight=5485 4718 76 112 51 80 81 167 304 1774 340 70 102 64 103
leaf_count=5485 4718 76 112 51 80 81 167 304 1774 340 70 102 64 103
internal_value=5.2118e-05 -0.000269841 -0.000399419 -0.00450617 0.000343511 -0.000274972 0.0041358 0.000597372 -0.000192744 0.000182186 -0.00129851 0.00444915 -0.0011194 0.000499284
internal_weight=13527 8505 8262 243 131 8019 243 5022 7938 5928 2010 236 134 5588
internal_count=13527 8505 8262 243 131 8019 243 5022 7938 5928 2010 236 134 5588
is_linear=0
shrinkage=0.03


Tree=327
num_leaves=15
num_cat=0
split_feature=15 17 15 14 69 56 40 67 45 67 63 13 43 66
split_gain=2.53058 5.59383 6.19248 4.47553 4.4029 3.61426 3.81968 3.49295 8.33538 8.12022 11.3915 4.78472 5.99284 5.79415
threshold=3.7441030740737919 106.17000198364259 3.5429773330688481 9997.5000000000018 35.02180480957032 108.50000000000001 0.59473684430122387 976.25097656250011 0.81174489855766307 689.69140625000011 459.69528198242193 497.56721496582037 -0.97335553169250477 1.0000000180025095e-35
decision_type=2 2 2 2 2 2 2 2 2 2 2 2 2 2
left_child=1 2 3 7 -5 -2 -7 9 -9 11 -11 -1 -13 -14
right_child=5 -3 -4 4 -6 6 -8 8 -10 10 -12 12 13 -15
leaf_value=0.00014745153571250303 7.4704407038713941e-05 -0.0078707587487915551 -0.020276479548682849 -0.0011139573189380858 0.012929198022924106 0.00021776822984425514 0.0027854661272478597 -0.00081843687888701663 -0.017461375701908199 0.023003572962388058 -0.014916000703010246 0.0062673054610688081 0.0036804701716998209 -0.0031403381798709952
leaf_weight=4325 4718 486 81 76 167 237 67 917 75 184 69 182 294 1649
leaf_count=4325 4718 486 81 76 167 237 67 917 75 184 69 182 294 1649
internal_value=4.54646e-05 -0.000269841 -8.0434e-05 3.77929e-06 0.00401235 0.00057945 0.00375 -0.000122807 -0.00178427 0.000123079 0.00539526 -8.37209e-05 -0.00124941 -0.001737
internal_weight=13527 8505 8019 7938 243 5022 304 7695 992 6703 253 6450 2125 1943
internal_count=13527 8505 8019 7938 243 5022 304 7695 992 6703 253 6450 2125 1943
is_linear=0
shrinkage=0.03


Tree=328
num_leaves=15
num_cat=0
split_feature=15 17 15 69 53 33 34 14 69 15 63 63 53 21
split_gain=2.32312 5.45592 6.2402 4.38542 7.65272 9.27045 5.39095 3.87462 4.04717 3.6999 5.58851 4.89776 9.7585 6.51495
threshold=3.7441030740737919 100.31986236572267 3.5429773330688481 382.69889831542974 44.500000000000007 53.482830047607429 53.890426635742195 9997.5000000000018 35.02180480957032 2.4599537849426274 1094.322204589844 86.199996948242202 4.5000000000000009 4.705289602279664
decision_type=2 2 2 2 2 2 2 2 2 2 2 2 2 2
left_child=1 2 7 4 5 -3 -5 9 -9 11 -11 -1 13 -13
right_child=-2 3 -4 6 -6 -7 -8 8 -10 10 -12 12 -14 -15
leaf_value=9.222176806799264e-05 0.00014090344693664658 -0.011878638819083695 -0.019668185162222372 0.0073129998402236352 -0.037594131053489098 0.010686945317990216 -0.047933139240575975 -0.0010805385993699445 0.012541322082236385 0.0011464721361792662 0.016593026636064039 -0.0068728884006707177 0.0015488853453706985 0.00010182144612479681
leaf_weight=5236 5022 253 81 100 71 76 67 76 167 501 66 952 468 391
leaf_count=5236 5022 253 81 100 71 76 67 76 167 501 66 952 468 391
internal_value=4.99002e-05 -0.000252205 -4.91308e-05 -0.00309524 -0.0048 -0.00287234 0.000988024 3.62734e-05 0.00376543 -8.27423e-05 0.00224868 -0.000270328 -0.00161513 -0.00291512
internal_weight=13527 8505 7938 567 400 329 167 7857 243 7614 567 7047 1811 1343
internal_count=13527 8505 7938 567 400 329 167 7857 243 7614 567 7047 1811 1343
is_linear=0
shrinkage=0.03


Tree=329
num_leaves=15
num_cat=0
split_feature=30 40 28 67 28 22 40 22 65 40 35 69 42 12
split_gain=2.85228 16.1333 6.01667 5.84766 5.33333 4.34323 8.28409 3.04915 7.82152 2.81271 2.72947 7.79563 6.0583 12.1062
threshold=0.85267856717109691 0.37368421256542211 55.198331832885749 24.473194122314457 55.198331832885749 8.8128843307495135 0.34210526943206793 8.5569911003112811 2.3236111402511601 0.23684210330247882 165.98652648925784 2014.6882934570315 0.77259656786918651 59.333333969116218
decision_type=2 2 2 2 2 2 2 2 2 2 2 2 2 2
left_child=5 4 3 -3 9 7 -7 10 -9 -2 11 12 -1 -14
right_child=1 2 -4 -5 -6 6 -8 8 -10 -11 -12 -13 13 -15
leaf_value=0.0001950648750309991 -0.0038716777891336382 -0.00046351642091319609 0.02567127321174581 0.003463244199241666 -0.031837341478499509 0.0083757971087166632 -0.00046795727705788436 0.00084662662222815264 -0.018438542234619517 0.00010009868914015357 -2.3557383300265576e-05 -0.015350550933074962 -0.0069513404399093436 0.0074780339703599801
leaf_weight=1699 92 115 90 65 72 66 96 142 101 52 10206 150 84 497
leaf_count=1699 92 115 90 65 72 66 96 142 101 52 10206 150 84 497
internal_value=3.43757e-05 -0.00222222 0.00266667 -0.0005 -0.00833333 0.000118473 0.005 5.70696e-05 -0.0032716 -0.005 0.000121083 0.00102469 0.00146053 0.00410499
internal_weight=13527 486 270 180 216 13041 162 12879 243 144 12636 2430 2280 581
internal_count=13527 486 270 180 216 13041 162 12879 243 144 12636 2430 2280 581
is_linear=0
shrinkage=0.03


Tree=330
num_leaves=15
num_cat=0
split_feature=15 17 15 56 14 2 0 63 58 22 40 69 63 67
split_gain=2.41232 5.42466 4.18263 3.46881 3.44815 3.78312 5.82261 6.57724 6.29372 3.93418 7.2291 3.70641 3.50511 7.11897
threshold=3.7441030740737919 106.17000198364259 3.5429773330688481 171.50000000000003 9997.5000000000018 1782.0000000000002 279.12500000000006 77.860000610351577 5.8444445133209237 8.8128843307495135 0.34210526943206793 35.02180480957032 48.55444526672364 227.86944580078128
decision_type=2 2 2 2 2 2 2 2 2 2 2 2 2 2
left_child=1 2 4 -2 5 6 9 -8 -9 -1 -11 -6 13 -7
right_child=3 -3 -4 -5 11 12 7 8 -10 10 -12 -13 -14 -15
leaf_value=-2.4318912498699773e-05 0.00011257696567915233 -0.0069446188675265806 -0.019077432885856692 0.00049683382083629544 -0.001047415719889857 -0.0039229538312213876 0.020760958390523825 -0.018467850631269819 0.0094528904834113268 0.0081245231954551571 -0.00045391855874614249 0.012159230473518363 -0.0041226513866999982 0.011936555694207946
leaf_weight=5913 4934 486 81 88 76 863 120 72 51 66 96 167 288 226
leaf_count=5913 4934 486 81 88 76 863 120 72 51 66 96 167 288 226
internal_value=5.2118e-05 -0.000255732 -6.92106e-05 0.000573477 0 -0.000111111 0.00019943 0.00475309 -0.000121951 1.7284e-05 0.00462963 0.00351852 -0.00153595 -0.000757576
internal_weight=13527 8505 8019 5022 7938 7695 6318 243 123 6075 162 243 1377 1089
internal_count=13527 8505 8019 5022 7938 7695 6318 243 123 6075 162 243 1377 1089
is_linear=0
shrinkage=0.03


Tree=331
num_leaves=15
num_cat=0
split_feature=15 17 43 16 16 63 15 40 15 17 43 9 1 21
split_gain=2.31533 5.39982 4.01966 12.5042 11.7597 9.0816 8.98697 9.34212 9.28532 8.70477 13.4834 10.2867 9.13989 8.49412
threshold=3.7441030740737919 106.17000198364259 -0.032701563090086067 2.1831089258193974 1.2269656062126162 1123.3397216796877 0.16903646290302279 0.1947368457913399 0.068871531635522856 46.272222518920906 -0.84874749183654774 0.37942129373550421 52.99940490722657 4.0392332077026376
decision_type=2 2 2 2 2 2 2 2 2 2 2 2 2 2
left_child=1 2 3 5 6 -1 8 -8 -4 -5 12 -12 13 -11
right_child=-2 -3 4 9 -6 -7 7 -9 -10 10 11 -13 -14 -15
leaf_value=0.00069755011306882829 0.00012462081776933864 -0.0067362803015007825 -0.0006594099085774301 -0.0069062245876215121 0.0018024665973798814 -0.0049632793615109437 -0.020173937762219055 -0.00067934314098014867 0.0050992910183017409 -0.011115848514140278 0.0012871814119869373 -0.022612937895036489 0.02640066721900524 0.017469959238505774
leaf_weight=2222 5022 486 544 1363 2210 269 152 120 340 85 300 210 119 85
leaf_count=2222 5022 486 544 1363 2210 269 152 120 340 85 300 210 119 85
internal_value=3.88113e-05 -0.000262787 -7.66929e-05 -0.000647969 0.000713012 0.000800883 -0.00173875 -0.00650735 -0.000271493 -0.0023173 0.000168961 -0.00276471 0.00534602 0.000882353
internal_weight=13527 8505 8019 4653 3366 2491 1156 272 884 2162 799 510 289 170
internal_count=13527 8505 8019 4653 3366 2491 1156 272 884 2162 799 510 289 170
is_linear=0
shrinkage=0.03


Tree=332
num_leaves=15
num_cat=0
split_feature=22 22 40 44 69 67 67 52 42 42 11 14 11 2
split_gain=2.33336 3.7265 7.2291 2.79271 7.1482 5.12272 7.56029 6.89203 6.30428 5.62048 13.1748 15.341 6.59094 5.97608
threshold=8.9385900497436541 8.8128843307495135 0.34210526943206793 -0.60785761475563038 3125.040161132813 6.7633335590362558 8.3588891029357928 8.4151391983032244 0.58216583728790294 -0.9103761315345763 3.685416698455811 7178.5000000000009 4.0399999618530282 2054.0000000000005
decision_type=2 2 2 2 2 2 2 2 2 2 2 2 2 2
left_child=1 3 -3 4 5 7 -7 9 -9 10 11 -1 13 -11
right_child=-2 2 -4 -5 -6 6 -8 8 -10 12 -12 -13 -14 -15
leaf_value=0.005972981451109298 -0.011792972563550257 0.0077278087690424522 -0.00044062451031935955 0.00010643551805826608 0.024895445142847084 -0.039522420101808092 -0.00098211374433185825 0.0018661241369493141 -0.0011160953272250707 -0.0027031815005813262 -0.00084475759304812029 -0.0029103770154560705 0.00055122473205159188 0.0025612777078461769
leaf_weight=191 81 66 96 9477 93 80 1991 163 60 708 70 77 113 261
leaf_count=191 81 66 96 9477 93 80 1991 163 60 708 70 77 113 261
internal_value=7.65136e-05 0.000107095 0.00462963 5.19422e-05 -0.000634358 -0.000840065 -0.00183245 0.000410834 0.0053139 -0.000359155 0.00301775 0.00604478 -0.00141405 -0.00221362
internal_weight=13527 13446 162 13284 3807 3714 2071 1643 223 1420 338 268 1082 969
internal_count=13527 13446 162 13284 3807 3714 2071 1643 223 1420 338 268 1082 969
is_linear=0
shrinkage=0.03


Tree=333
num_leaves=15
num_cat=0
split_feature=23 13 67 69 33 65 16 40 17 65 34 67 67 43
split_gain=2.10434 3.84483 5.28039 7.19742 5.062 4.37606 12.0651 8.5479 5.62789 4.42814 5.1421 7.16547 5.98916 4.98702
threshold=23.411527633666996 1034.0856933593752 488.54347229003912 23.322222709655765 69.806602478027358 3.6819444894790654 10.194534778594972 0.34210526943206793 89.623748779296889 10.418888568878176 52.308176040649421 295.21694946289068 57.937778472900398 0.16280825436115268
decision_type=2 2 2 2 2 2 2 2 2 2 2 2 2 2
left_child=1 4 5 -4 -1 6 -3 -8 -9 -7 11 13 -12 -11
right_child=-2 2 3 -5 -6 9 7 8 -10 10 12 -13 -14 -15
leaf_value=1.3671897921454421e-05 0.00019481272196287329 -0.012972642489152317 0.00059076349490007731 -0.016600950258953875 0.0059861951850667689 0.02371517151566193 -0.012394003377451819 0.0063459439373697892 0.00012631382023331917 -0.0010625729719304911 0.013075307270101354 0.0013301625887840096 -0.0030626081688546855 0.00017817867481349835
leaf_weight=8100 3645 286 111 205 81 61 75 85 159 255 107 67 83 207
leaf_count=8100 3645 286 111 205 81 61 75 85 159 255 107 67 83 207
internal_value=8.76026e-05 -0.000139648 -0.00143739 -0.00493671 0.00013018 -0.000638989 -0.00255372 0.00145768 0.00418033 0.000846154 0.000187761 -0.0013327 0.00442105 -0.00266234
internal_weight=13527 9882 1701 316 8181 1385 605 319 244 780 719 529 190 462
internal_count=13527 9882 1701 316 8181 1385 605 319 244 780 719 529 190 462
is_linear=0
shrinkage=0.03


Tree=334
num_leaves=15
num_cat=0
split_feature=63 27 69 2 65 63 3 35 1 65 11 10 63 30
split_gain=2.22775 4.34204 4.71195 4.54518 4.50361 5.02008 4.71019 4.12143 3.67006 3.80841 3.38878 3.34861 3.28789 5.62809
threshold=459.69528198242193 24.666384696960453 88.229721069335952 1625.5000000000002 1788.8999023437502 491.99070739746099 6.7108681201934823 164.59222412109378 34.937702178955085 865.39001464843761 2.5430555343627934 0.69354164600372326 2132.369506835938 0.72470235824584972
decision_type=2 2 2 2 2 2 2 2 2 2 2 2 2 2
left_child=-1 2 -2 4 5 6 11 -7 -9 -10 -6 -3 13 -5
right_child=1 3 -4 12 10 7 -8 8 9 -11 -12 -13 -14 -15
leaf_value=0.00010083350966259483 -0.024025104189928759 -0.0036574901160786855 0.00011634476459324805 0.0010220480139187149 0.00015294559719616796 -0.036190625664483035 -0.01914088480238417 0.0028647427285729953 -0.00010092932606499793 0.016575968942154077 0.029230342865196664 0.00062957832551354894 0.0071282339620423098 -0.021163453368278178
leaf_weight=11330 65 53 53 55 50 52 52 227 1233 64 52 71 55 115
leaf_count=11330 65 53 53 55 50 52 52 227 1233 64 52 71 55 115
internal_value=0.000116434 -0.000757852 -0.00635593 -0.000440115 4.85437e-05 -0.000308219 -0.00511364 0.000228426 0.000511811 -0.000104086 0.00617647 -0.00193548 -0.00446667 -0.00652941
internal_weight=13527 2197 118 2079 1854 1752 176 1576 1524 1297 102 124 225 170
internal_count=13527 2197 118 2079 1854 1752 176 1576 1524 1297 102 124 225 170
is_linear=0
shrinkage=0.03


Tree=335
num_leaves=15
num_cat=0
split_feature=33 42 65 55 33 67 69 24 40 22 40 50 63 43
split_gain=2.09159 7.38409 4.30781 2.40706 2.17077 8.04277 11.7953 6.34852 4.53343 3.64595 7.2291 3.31188 3.1634 4.44454
threshold=69.806602478027358 -0.88144907355308522 143.94972229003909 1.0994444489479067 62.703935623168952 43.341112136840827 26.613888740539554 151.65029144287112 0.51052629947662365 8.8128843307495135 0.34210526943206793 29.500000000000004 172.40792083740237 -0.58216583728790272
decision_type=2 2 2 2 2 2 2 2 2 2 2 2 2 2
left_child=4 -2 3 -3 9 6 7 8 -6 -1 -11 -7 13 -9
right_child=1 2 -4 -5 5 11 -8 12 -10 10 -12 -13 -14 -15
leaf_value=3.8244881806788201e-05 0.011445909855839561 -0.0019506869122774572 0.007151098480292579 0.00046651344541737139 -0.00041058933436301844 0.0009566150617639213 -0.0198915025594954 0.00010870866959048023 -0.022564660652659014 0.0074871051190223874 -0.00043627516195855032 -0.0045517665710841284 -0.0052022365993273029 -9.8754337138115178e-06
leaf_weight=12231 60 141 62 61 50 313 90 57 64 66 96 89 51 96
leaf_count=12231 60 141 62 61 50 313 90 57 64 66 96 89 51 96
internal_value=0.000118652 0.0025 0.000340909 -0.00178218 6.02136e-05 -0.00144444 -0.00441176 -0.00169811 -0.00736842 0.000158557 0.00462963 0.00156716 0.00147059 0.00362745
internal_weight=13527 324 264 202 13203 810 408 318 114 12393 162 402 204 153
internal_count=13527 324 264 202 13203 810 408 318 114 12393 162 402 204 153
is_linear=0
shrinkage=0.03


Tree=336
num_leaves=15
num_cat=0
split_feature=67 67 36 44 69 67 42 22 10 67 11 2 68 0
split_gain=2.03065 2.99658 3.54948 2.44571 6.01162 4.66382 8.52801 13.3885 9.31343 7.20624 6.58538 5.98337 8.38212 8.6268
threshold=5311.6538085937509 3856.1191406250005 5.5000000000000009 -0.60785761475563038 3125.040161132813 6.7633335590362558 -0.9103761315345763 7.0565481185913095 0.81828200817108165 8.3588891029357928 4.0399999618530282 2054.0000000000005 1.0000000180025095e-35 55.041667938232429
decision_type=2 2 2 2 2 2 2 2 2 2 2 2 2 2
left_child=1 3 -3 4 5 6 7 8 -1 -7 11 12 13 -8
right_child=-2 2 -4 -5 -6 9 10 -9 -10 -11 -12 -13 -14 -15
leaf_value=0.004738482959802468 -0.0044070271732481988 -0.00052319828574991505 0.025688823758041907 0.00011115298552796026 0.020651040465653251 -0.038341330007435559 0.0046975589430900471 0.0036712494382002635 -0.018316145262350297 -0.00089281780780124719 0.00053750116655996159 0.0036273740300036428 -0.0047279944190522279 -0.024746875176844808
leaf_weight=83 62 65 63 9531 70 80 215 208 84 2013 159 292 483 119
leaf_count=83 62 65 63 9531 70 80 215 208 84 2013 159 292 483 119
internal_value=9.42559e-05 0.000119198 0.0046875 7.53543e-05 -0.000567525 -0.000730728 0.000465612 0.00444 -0.00188623 -0.00166985 -0.000709779 -0.0015284 -0.00284578 0.000808383
internal_weight=13527 13465 128 13337 3806 3736 1643 375 167 2093 1268 1109 817 334
internal_count=13527 13465 128 13337 3806 3736 1643 375 167 2093 1268 1109 817 334
is_linear=0
shrinkage=0.03


Tree=337
num_leaves=15
num_cat=0
split_feature=24 40 14 35 67 35 23 12 22 23 28 33 40 69
split_gain=1.85787 6.26609 12.462 16.5075 12.6151 13.1321 12.0956 10.1741 8.77212 7.90742 7.44152 9.528 7.33497 6.4327
threshold=235.33184814453128 0.71052631735801708 11003.000000000002 166.18847656250003 51.928888320922859 167.3031921386719 22.472083091735843 516.31250000000011 7.5549843311309823 22.836667060852054 398.52995300292974 34.277441024780281 0.17368421703577044 1384.684997558594
decision_type=2 2 2 2 2 2 2 2 2 2 2 2 2 2
left_child=-1 10 3 -3 6 -6 7 -5 -7 -8 11 12 -2 -13
right_child=1 2 -4 4 5 8 9 -9 -10 -11 -12 13 -14 -15
leaf_value=-0.0003246570380730329 0.040956820096648687 0.0052684491191406675 -0.0029852576977734513 -0.0097470464175330833 -0.024538567886994524 0.003987172684825166 0.0078625132722857927 0.0039116266706081095 -0.0064408575018879326 0.00079918867586574211 0.0070482592482218592 -3.3818690291214496e-05 -0.015141515454189056 0.003122554944264797
leaf_weight=5751 51 208 78 127 159 53 149 52 54 368 544 5481 153 299
leaf_count=5751 51 208 78 127 159 53 149 52 54 368 544 5481 153 299
internal_value=0.000129741 0.000432099 0.00237981 0.00315385 0.00149688 -0.00406015 0.00362069 -0.00310056 0.00406542 0.00594778 5.97426e-05 -0.000245655 -0.00661765 -2.07612e-05
internal_weight=13527 7776 1248 1170 962 266 696 179 107 517 6528 5984 204 5780
internal_count=13527 7776 1248 1170 962 266 696 179 107 517 6528 5984 204 5780
is_linear=0
shrinkage=0.03


Tree=338
num_leaves=15
num_cat=0
split_feature=33 40 65 40 40 0 33 67 15 63 27 40 0 12
split_gain=2.53667 9.65962 4.13907 2.3561 3.25382 2.37608 2.34806 5.29661 2.09307 6.5089 8.62025 7.73754 7.74228 7.10173
threshold=69.275196075439467 0.68947368860244762 143.94972229003909 0.26842105388641363 0.38421052694320684 50.916667938232429 67.552051544189467 83.532775878906264 10.344360351562502 361.50083923339849 40.830104827880866 0.57368421554565441 115.70833206176759 199.68750000000003
decision_type=2 2 2 2 2 2 2 2 2 2 2 2 2 2
left_child=6 2 3 -2 -5 -6 8 -8 -1 -10 -11 13 -13 -12
right_child=1 -3 -4 4 5 -7 7 -9 9 10 11 12 -14 -15
leaf_value=-3.2591408457982769e-05 -0.00055929390666768157 0.0094191744253969215 0.0069342454970266892 0.00066290332125150007 0.00051288109348674577 -0.0020451803293318081 -0.021202504747204413 0.0023971672515696427 0.00044179796441325077 -0.02139685747435351 0.0092432955205670724 -0.058276139084491578 0.0018804262007239459 -0.00080883541244731734
leaf_weight=10206 85 75 62 52 58 73 72 90 1717 57 148 60 207 565
leaf_count=10206 85 75 62 52 58 73 72 90 1717 57 148 60 207 565
internal_value=0.000143047 0.00248148 0.000272727 -0.00134328 0.00057377 -0.00194656 7.08733e-05 -0.00351852 0.000115741 0.000849673 -0.001027 -0.000367347 0.00398876 -0.0019986
internal_weight=13527 405 330 268 183 131 13122 162 12960 2754 1037 980 267 713
internal_count=13527 405 330 268 183 131 13122 162 12960 2754 1037 980 267 713
is_linear=0
shrinkage=0.03


Tree=339
num_leaves=15
num_cat=0
split_feature=15 16 40 6 40 67 67 14 40 33 28 19 9 33
split_gain=2.00814 6.2233 7.15059 10.4017 6.8686 3.85799 5.4911 3.67651 3.67389 12.827 16.6123 11.462 13.8549 9.10369
threshold=3.1400779485702519 14.99586057662964 0.52105262875556957 0.29166667163372045 0.1947368457913399 4777.4560546875009 3856.1191406250005 9997.5000000000018 0.60526317358016979 57.133604049682624 485.72183227539068 0.41320656239986425 0.61042824387550365 57.133604049682624
decision_type=2 2 2 2 2 2 2 2 2 2 2 2 2 2
left_child=1 5 3 4 -3 6 7 -1 13 10 -10 -11 -13 -2
right_child=8 2 -4 -5 -6 -7 -8 -9 9 11 -12 12 -14 -15
leaf_value=-5.3574420876501286e-05 0.0015879011364167584 -0.0043999206696916189 -0.019882113226585639 -0.033451520492259038 0.016677734177696434 -0.004484230716092723 0.0095323687360217846 0.011429272836668392 -0.01424694282186024 -0.00079700961617358839 0.022503468302578416 0.0034689322663245159 -9.8135701038328494e-06 -0.00015913234207282255
leaf_weight=7150 1450 57 124 50 93 71 69 162 506 138 69 598 322 2668
leaf_count=7150 1450 57 124 50 93 71 69 162 506 138 69 598 322 2668
internal_value=0.000125305 -0.000189043 -0.00425926 -0.00075 0.0032 -1.20773e-05 5.48706e-05 -2.46171e-05 0.000550339 0.00175444 -0.00185217 0.00371456 0.00492391 7.28509e-05
internal_weight=13527 7776 324 200 150 7452 7381 7312 5751 1633 575 1058 920 4118
internal_count=13527 7776 324 200 150 7452 7381 7312 5751 1633 575 1058 920 4118
is_linear=0
shrinkage=0.03


Tree=340
num_leaves=15
num_cat=0
split_feature=33 42 63 40 0 33 67 69 44 69 52 22 40 15
split_gain=1.87453 7.30185 4.26133 2.43013 2.64617 2.14666 9.13138 8.80989 8.52516 4.60276 4.51711 3.6895 7.2291 3.22793
threshold=69.275196075439467 -0.93540480732917775 280.98056030273443 0.2578947395086289 60.541667938232429 62.703935623168952 24.473194122314457 26.613888740539554 1.0000000180025095e-35 0.99791669845581066 7.6744444370269784 8.8128843307495135 0.34210526943206793 4.1562125682830819
decision_type=2 2 2 2 2 2 2 2 2 2 2 2 2 2
left_child=5 -2 3 -3 -5 11 7 8 -7 -10 -8 -1 -13 -12
right_child=1 2 -4 4 -6 6 10 -9 9 -11 13 12 -14 -15
leaf_value=3.106964211244012e-05 0.0094168095220695924 -0.00078167249087827625 0.0041730321563361273 0.00041303441204148416 -0.0016776241186891249 0.00011899050425164571 0.00093786290829762638 -0.017392240710705439 -0.0094422180671845223 0.001681029643492522 -0.037666574273029829 0.0073016011857079911 -0.00040468068190000037 0.00018513014007447647
leaf_weight=12231 55 99 51 135 65 72 319 74 96 50 50 66 96 68
leaf_count=12231 55 99 51 135 65 72 319 74 96 50 50 66 96 68
internal_value=0.000100909 0.00211111 0.000514286 -0.000852843 0.00105 3.8866e-05 -0.00154321 -0.00565068 -0.00261468 -0.00678082 0.00120137 0.000131929 0.00462963 -0.00381356
internal_weight=13527 405 350 299 200 13122 729 292 218 146 437 12393 162 118
internal_count=13527 405 350 299 200 13122 729 292 218 146 437 12393 162 118
is_linear=0
shrinkage=0.03


Tree=341
num_leaves=15
num_cat=0
split_feature=24 40 67 15 23 13 11 27 14 14 40 34 24 44
split_gain=2.09736 6.33976 10.4925 14.1254 9.34464 9.48785 7.95603 8.36775 6.75054 6.2648 8.23257 7.84279 8.05744 9.55113
threshold=235.33184814453128 0.75263157486915599 51.928888320922859 12.255350112915041 21.986528396606449 1747.520446777344 4.5768055915832528 65.873912811279311 1630.5000000000002 572.50000000000011 0.721052646636963 46.068027496337898 124.23363113403322 -0.87837970256805409
decision_type=2 2 2 2 2 2 2 2 2 2 2 2 2 2
left_child=9 -2 4 -4 8 6 7 -6 -3 -1 -11 -12 -13 -14
right_child=1 2 3 -5 5 -7 -8 -9 -10 10 11 12 13 -15
leaf_value=0.0016315958327667586 3.3037560985911264e-05 -0.017098966035335197 -0.024390048288360583 0.0024377301469956955 0.0052823597771205931 -0.0022010653867013774 -7.3197346122254539e-05 -0.0014668251435174717 0.0081734668426380261 -0.00035044897781315586 0.012293109364243326 0.0041650535831423835 -0.036493259396691825 -0.006253828264467136
leaf_weight=1134 6912 50 140 83 340 54 87 58 52 3933 60 72 96 456
leaf_count=1134 6912 50 140 83 340 54 87 58 52 3933 60 72 96 456
internal_value=0.000103127 0.000424383 0.00284722 -0.00275785 0.00479719 0.00637291 0.00770103 0.00949749 -0.00352941 -0.000331247 -0.000821962 -0.00385965 -0.00485577 -0.00608696
internal_weight=13527 7776 864 223 641 539 485 398 102 5751 4617 684 624 552
internal_count=13527 7776 864 223 641 539 485 398 102 5751 4617 684 624 552
is_linear=0
shrinkage=0.03


Tree=342
num_leaves=15
num_cat=0
split_feature=24 40 67 15 27 19 65 67 14 40 12 69 43 30
split_gain=2.22659 8.05787 10.7872 13.3609 8.67123 9.07707 8.48044 5.72098 5.6831 7.59138 7.5713 6.51451 5.97955 8.60343
threshold=235.33184814453128 0.75263157486915599 51.928888320922859 12.255350112915041 65.873912811279311 0.38149519264698034 20.067083358764652 2599.2729492187505 572.50000000000011 0.73157894611358654 94.354167938232436 1017.2257080078126 -0.72947329282760609 0.80505952239036571
decision_type=2 2 2 2 2 2 2 2 2 2 2 2 2 2
left_child=8 7 4 -4 5 6 -3 -2 11 -10 -11 12 13 -1
right_child=1 2 3 -5 -6 -7 -8 -9 9 10 -12 -13 -14 -15
leaf_value=0.0056468721984351596 8.0405717076586237e-06 -0.0043464420836619852 -0.023658346839709764 0.0023645982425858224 -0.021800730118079665 0.0042518084723015886 0.00071055863732271741 0.01891211894878719 -0.00035192735869437719 -0.035548719582481417 -0.0028382890971277151 -0.029674779420434835 0.0033840506226091981 -0.0099218016143357689
leaf_weight=193 6850 51 140 83 76 462 52 62 3990 77 550 50 776 115
leaf_count=193 6850 51 140 83 76 462 52 62 3990 77 550 50 776 115
internal_value=0.000131958 0.000462963 0.00319444 -0.00248879 0.00517161 0.00645133 -0.00160194 0.000121528 -0.000315597 -0.000782976 -0.00385167 0.0015873 0.00207565 -0.00146104
internal_weight=13527 7776 864 223 641 565 103 6912 5751 4617 627 1134 1084 308
internal_count=13527 7776 864 223 641 565 103 6912 5751 4617 627 1134 1084 308
is_linear=0
shrinkage=0.03


Tree=343
num_leaves=15
num_cat=0
split_feature=2 65 65 12 63 65 56 63 22 65 53 40 64 33
split_gain=2.23269 2.74916 7.63118 3.97446 2.95089 4.07811 3.68304 2.7433 2.39794 6.19492 4.79324 6.89375 6.80547 6.91027
threshold=7817.0000000000009 0.10138889029622079 67.328887939453139 526.90625000000011 72.966804504394545 1199.5562744140627 1.5000000000000002 56.664861679077156 7.9637379646301278 2121.036987304688 26.500000000000004 0.68947368860244762 1.0000000180025095e-35 47.923986434936531
decision_type=2 2 2 2 2 2 2 2 2 2 2 2 2 2
left_child=8 3 7 -2 5 6 -4 -3 -1 10 12 -12 -10 -14
right_child=1 2 4 -5 -6 -7 -8 -9 9 -11 11 -13 13 -15
leaf_value=0.00015509756372979132 0.01790765939032251 -0.022898934555853925 -0.011359522250807453 -0.0044683770197978352 -0.02067501447162284 0.027141051883121367 0.0060936344577707758 -0.027572539349668013 0.0025985930067408789 0.02728980712283478 -0.00049288752235552733 -0.015875541462066593 -0.011193208728790944 -0.00036493082468511682
leaf_weight=9477 68 70 78 114 60 50 69 58 875 52 538 116 54 1848
leaf_count=9477 68 70 78 114 60 50 69 58 875 52 538 116 54 1848
internal_value=0.000123087 -0.00171958 -0.00315584 0.00131868 -0.000175097 0.00159898 -0.000918367 -0.00914062 0.000203704 -0.000469423 -0.000625182 -0.00293578 -8.10227e-05 -0.00108833
internal_weight=13527 567 385 182 257 197 147 128 12960 3483 3431 654 2777 1902
internal_count=13527 567 385 182 257 197 147 128 12960 3483 3431 654 2777 1902
is_linear=0
shrinkage=0.03


Tree=344
num_leaves=15
num_cat=0
split_feature=24 40 67 15 13 63 35 28 67 14 40 12 27 21
split_gain=2.22783 7.74235 10.0268 14.0042 8.55508 9.05331 9.36141 9.78798 5.73193 5.61874 7.29334 7.65375 5.89185 8.20813
threshold=235.33184814453128 0.75263157486915599 51.928888320922859 12.255350112915041 1799.2498168945315 1.0000000180025095e-35 166.50263977050784 177.79793548583987 2599.2729492187505 572.50000000000011 0.73157894611358654 94.354167938232436 50.155231475830085 2.6566377878189091
decision_type=2 2 2 2 2 2 2 2 2 2 2 2 2 2
left_child=9 8 4 -4 5 6 -3 -8 -2 -1 -11 -12 -13 -14
right_child=1 2 3 -5 -6 -7 7 -9 -10 10 11 12 13 -15
leaf_value=0.0015140476067800326 8.2658053144379899e-06 0.0052987675201890249 -0.022773213527283776 0.0022890073683963408 -0.002202111050118818 0.0048457315957592326 0.00012092553180657614 -0.039292687545260288 0.01834010245341168 -0.00034602246484544575 -0.034486910921918863 -0.0098962324634532528 -0.00081476748149023059 0.0096589564156268713
leaf_weight=1134 6850 86 140 83 61 319 122 53 62 3990 77 264 154 132
leaf_count=1134 6850 86 140 83 61 319 122 53 62 3990 77 264 154 132
internal_value=0.000116434 0.000447531 0.003125 -0.00235426 0.0050312 0.00615517 0.00201149 -0.00197143 0.000112847 -0.000331247 -0.000795971 -0.00380383 -0.00256364 0.00041958
internal_weight=13527 7776 864 223 641 580 261 175 6912 5751 4617 627 550 286
internal_count=13527 7776 864 223 641 580 261 175 6912 5751 4617 627 550 286
is_linear=0
shrinkage=0.03


Tree=345
num_leaves=15
num_cat=0
split_feature=22 52 63 40 36 54 45 53 15 40 64 33 69 40
split_gain=2.13603 5.02522 4.8908 5.3072 5.42292 4.32336 3.67119 3.59893 10.0232 6.64517 4.52138 7.84631 6.28182 5.4689
threshold=7.9637379646301278 77.667079925537124 861.24902343750011 0.54210525751113903 5.5000000000000009 1.0000000180025095e-35 0.81174489855766307 26.500000000000004 4.4936721324920663 0.68947368860244762 1.0000000180025095e-35 47.923986434936531 444.75791931152349 0.13157894462347033
decision_type=2 2 2 2 2 2 2 2 2 2 2 2 2 2
left_child=-1 2 5 4 -4 6 -2 10 -9 -10 12 -12 13 -7
right_child=1 -3 3 -5 -6 7 -8 8 9 -11 11 -13 -14 -15
leaf_value=0.00010842542231720209 0.013733305527448792 0.0037152635102673769 0.0031471133962307448 -0.078678023067860217 -0.0014213327521201346 0.0055639908825019764 -0.00047932085903209739 -0.019919987173113923 0.00022864046686946082 -0.015726728066568114 -0.012831694019491028 -0.0003413803643728874 0.013820900025028008 -0.00087224122856429439
leaf_weight=9963 71 148 57 60 160 132 55 180 275 65 51 1668 134 508
leaf_count=9963 71 148 57 60 160 132 55 180 275 65 51 1668 134 508
internal_value=8.3167e-05 -0.000547138 -0.000781616 -0.00460289 -0.00241935 -0.000444409 0.005 -0.000672088 -0.00294231 8.82353e-05 -0.000198556 -0.00105585 0.00170543 0.00046875
internal_weight=13527 3564 3416 277 217 3139 126 3013 520 340 2493 1719 774 640
internal_count=13527 3564 3416 277 217 3139 126 3013 520 340 2493 1719 774 640
is_linear=0
shrinkage=0.03


Tree=346
num_leaves=15
num_cat=0
split_feature=3 40 24 63 43 69 67 40 43 52 4 69 50 21
split_gain=2.2395 7.48611 5.25337 6.92014 5.2831 7.61722 4.23681 3.73978 3.73333 3.30881 2.82248 6.8194 3.76105 7.13583
threshold=15.635231494903566 0.089473687112331404 334.07290649414068 64.306667327880874 -0.16280825436115262 3.3215278387069707 97.258052825927749 0.52105262875556957 -0.35206145048141474 9.2325000762939471 17.905550956726078 391.15986633300787 8.5000000000000018 3.5682001113891606
decision_type=2 2 2 2 2 2 2 2 2 2 2 2 2 2
left_child=10 -2 3 -3 6 9 7 -4 -5 -6 12 -12 -1 -14
right_child=1 2 4 8 5 -7 -8 -9 -10 -11 11 -13 13 -15
leaf_value=-3.9932282268971987e-05 -0.0053376239833571489 0.016563759206311118 -0.00036363408729391807 -0.00073427042028293863 0.0012689899722500896 -0.0047976526456049839 0.0019066252950916151 0.00078258098712805416 0.006676126196244558 -0.00012066552122880657 -0.00052865448920895724 0.020556619192095196 0.0027810414904341219 -1.6060980144806252e-05
leaf_weight=9925 99 76 122 84 66 73 102 120 56 93 745 65 722 1179
leaf_count=9925 99 76 122 84 66 73 102 120 56 93 745 65 722 1179
internal_value=0.000111998 0.00156566 0.00253788 0.00652778 0.00104167 -0.0024569 0.00340116 0.00123967 0.00257143 0.00122642 9.49668e-06 -0.0017037 0.000126839 0.00134929
internal_weight=13527 891 792 216 576 232 344 242 140 159 12636 810 11826 1901
internal_count=13527 891 792 216 576 232 344 242 140 159 12636 810 11826 1901
is_linear=0
shrinkage=0.03


Tree=347
num_leaves=15
num_cat=0
split_feature=3 40 36 50 65 34 40 52 4 69 50 21 40 65
split_gain=2.00966 7.24 12.7636 6.15129 5.42049 6.57729 5.14935 3.19335 2.88224 5.5843 3.21221 6.08183 5.24699 5.58365
threshold=15.635231494903566 0.13157894462347033 241.00000000000003 8.5000000000000018 375.20736694335943 50.78740310668946 0.4052631556987763 11.582916736602785 17.905550956726078 391.15986633300787 8.5000000000000018 3.5682001113891606 0.46842105686664587 55.168193817138679
decision_type=2 2 2 2 2 2 2 2 2 2 2 2 2 2
left_child=8 2 -2 4 5 -3 7 -5 10 -10 -1 -12 -13 -14
right_child=1 3 -4 6 -6 -7 -8 -9 9 -11 11 12 13 -15
leaf_value=-3.873431380090283e-05 -0.010365869474850901 0.0047007422284491172 0.00042043047317347426 0.00024957602889265742 0.021272503034170293 -0.00053088710886520121 0.0002338814546533019 -0.00065678541662654404 -0.00051279485453269657 0.01993992061633235 0.0026976102457211049 -0.00047163125308702369 0.0016967801334540498 -0.00040525160225769903
leaf_weight=9925 65 129 78 52 102 96 273 96 745 65 722 719 232 228
leaf_count=9925 65 129 78 52 102 96 273 96 745 65 722 719 232 228
internal_value=8.76026e-05 0.00146465 -0.00472028 0.00264706 0.00573394 0.00313333 0.000249406 -0.00425676 -9.49668e-06 -0.00174074 0.000109082 0.00123882 -8.90585e-05 0.00241304
internal_weight=13527 891 143 748 327 225 421 148 12636 810 11826 1901 1179 460
internal_count=13527 891 143 748 327 225 421 148 12636 810 11826 1901 1179 460
is_linear=0
shrinkage=0.03


Tree=348
num_leaves=15
num_cat=0
split_feature=63 30 43 27 2 69 14 6 67 13 2 44 40 67
split_gain=2.01584 4.1767 4.35561 9.7985 5.70671 9.88838 7.16764 3.96244 6.73365 7.30942 4.77777 6.47753 5.71762 5.58057
threshold=444.16098022460943 0.85267856717109691 1.0000000180025095e-35 80.632236480712905 288.50000000000006 95.154998779296889 4533.0000000000009 0.29166667163372045 78.06000137329103 648.95947265625011 376.50000000000006 -0.60785761475563038 0.36315789818763738 379.68515014648443
decision_type=2 2 2 2 2 2 2 2 2 2 2 2 2 2
left_child=-1 2 7 4 5 -4 -6 8 9 -2 12 -12 -10 -14
right_child=1 -3 3 -5 6 -7 -8 -9 10 -11 11 -13 13 -15
leaf_value=7.9658689626928644e-05 -0.0099437637675241757 -0.023660456694272417 -0.015733404757606557 0.021849234026698604 -6.1574406891997665e-05 0.0045226196008404957 -0.0082658250186315209 0.0011439587809644425 0.0025844433083206742 -5.7428168595432536e-05 -0.013835630989393857 0.0011528916137536615 -0.0028822718583714035 -0.03732713157024603
leaf_weight=11229 299 66 56 102 313 188 72 330 104 176 86 247 131 128
leaf_count=11229 299 66 56 102 313 188 72 330 104 176 86 247 131 128
internal_value=6.54247e-05 -0.000744125 -0.000524194 0.00137483 -2.38474e-05 0.00356557 -0.0022987 -0.00144903 -0.00226729 -0.00502105 -0.000387931 0.00220721 -0.0027686 -0.00515444
internal_weight=13527 2298 2232 731 629 244 385 1501 1171 475 696 333 363 259
internal_count=13527 2298 2232 731 629 244 385 1501 1171 475 696 333 363 259
is_linear=0
shrinkage=0.03


Tree=349
num_leaves=15
num_cat=0
split_feature=30 65 43 67 69 35 40 12 27 53 15 31 67 22
split_gain=1.93419 6.82724 8.06088 7.02556 11.3669 9.78 6.046 5.21269 5.57328 4.48252 3.3042 2.76464 2.38124 2.26389
threshold=0.83482143282890331 55.168193817138679 -0.58216583728790272 1.0419444441795351 151.43444824218753 167.49777984619143 0.52105262875556957 65.208333969116225 21.788751602172855 16.500000000000004 13.084557056427004 0.37267799675464636 21.720556259155277 8.8128843307495135
decision_type=2 2 2 2 2 2 2 2 2 2 2 2 2 2
left_child=11 7 6 -4 5 -5 -3 8 -2 12 -6 -1 -9 -13
right_child=1 2 3 4 10 -7 -8 9 -10 -11 -12 13 -14 -15
leaf_value=0.017225633815137469 0.0019060377583610009 0.0079411840385002364 -0.022969857850357205 0.004423195679500988 -0.020111286268844428 -0.0099431113779143744 -0.047857133362702996 -0.00024230554228923148 0.027782718313162862 -0.014657567201472408 -0.026454843214469184 4.3355041478019269e-05 0.00026394863928163925 0.0023256967968495433
leaf_weight=81 92 119 84 73 74 59 53 147 50 52 75 12312 94 162
leaf_count=81 92 119 84 73 74 59 53 147 50 52 75 12312 94 162
internal_value=0.000116434 -0.00117284 -0.00343575 -0.0059589 -0.00368327 0.00272727 0.0019186 0.00162069 0.00633803 -0.000665529 -0.00936242 0.000216249 0.00105809 0.000180375
internal_weight=13527 972 537 365 281 132 172 435 142 293 149 12555 241 12474
internal_count=13527 972 537 365 281 132 172 435 142 293 149 12555 241 12474
is_linear=0
shrinkage=0.03


Tree=350
num_leaves=15
num_cat=0
split_feature=33 40 52 0 67 42 15 22 2 40 34 43 50 67
split_gain=2.38774 7.23148 3.70513 2.108 6.48655 7.05262 14.162 6.33898 7.79953 6.64568 6.32696 6.05806 5.82478 5.69972
threshold=69.806602478027358 0.67894738912582409 7.3027777671813974 26.458333015441898 28.78013896942139 0.68322628736495983 0.36966723203659063 7.6309361457824716 33.000000000000007 0.76315790414810192 49.504472732543952 -0.84874749183654774 49.500000000000007 2905.220581054688
decision_type=2 2 2 2 2 2 2 2 2 2 2 2 2 2
left_child=3 2 -2 4 5 7 -7 10 -9 11 -1 -10 13 -6
right_child=1 -3 -4 -5 12 6 -8 8 9 -11 -12 -13 -14 -15
leaf_value=-0.00012168240018065075 -0.00048339801064898545 0.009840252599503883 0.0051740129341787443 -4.1262696320024182e-05 -0.00041645361856247604 -0.0046232897888648814 0.012074302360963242 0.0078104157959765748 0.003019440577552661 0.014396212547663009 0.00079719086465643697 -0.020016233880941328 0.002619576770340699 0.0040137881744833634
leaf_weight=248 200 64 60 10773 1003 64 237 106 63 50 260 161 178 60
leaf_count=248 200 64 60 10773 1003 64 237 106 63 50 260 161 178 60
internal_value=0.000140829 0.00268519 0.000461538 7.83913e-05 0.000876543 0.00246005 0.00642857 0.00111486 -0.00181579 -0.00448905 0.00330709 -0.00669643 -0.000640612 -0.00148166
internal_weight=13527 324 260 13203 2430 1189 301 888 380 274 508 224 1241 1063
internal_count=13527 324 260 13203 2430 1189 301 888 380 274 508 224 1241 1063
is_linear=0
shrinkage=0.03


Tree=351
num_leaves=15
num_cat=0
split_feature=33 40 52 33 52 42 67 30 65 43 42 45 40 12
split_gain=2.31443 6.64179 3.70513 3.70097 5.0808 5.19231 5.84558 2.26156 8.09306 7.29079 5.84734 6.58533 5.11745 4.62449
threshold=69.806602478027358 0.67894738912582409 7.3027777671813974 67.552051544189467 0.47666667401790624 0.29012925922870642 67.884445190429702 0.83482143282890331 49.23944282531739 -0.58216583728790272 0.72947329282760631 1.0000000180025095e-35 0.52105262875556957 65.208333969116225
decision_type=2 2 2 2 2 2 2 2 2 2 2 2 2 2
left_child=3 2 -2 7 5 -5 -7 -1 13 12 -11 -12 -10 -9
right_child=1 -3 -4 4 -6 6 -8 8 9 10 11 -13 -14 -15
leaf_value=6.936802137001763e-05 -0.00046889607032951197 0.0095450450215187731 0.0050187925461533858 0.00045524545087068834 -0.0207305853952734 -0.00033406358903229918 0.0018851759876999852 0.0093178447041309415 0.0080482684604243626 -0.020515021337628496 0.0024308273537956993 -0.0092069966081394124 -0.047741602239842452 -0.00017335222278527958
leaf_weight=12069 200 64 60 91 51 51 50 138 109 178 91 74 52 249
leaf_count=12069 200 64 60 91 51 51 50 138 109 178 91 74 52 249
internal_value=8.76026e-05 0.00259259 0.000461538 2.61304e-05 -0.00364198 -0.00140625 -0.00608911 9.49074e-05 -0.00136364 -0.00386905 -0.00634111 -0.00227273 0.00139752 0.00189922
internal_weight=13527 324 260 13203 243 192 101 12960 891 504 343 165 161 387
internal_count=13527 324 260 13203 243 192 101 12960 891 504 343 165 161 387
is_linear=0
shrinkage=0.03


Tree=352
num_leaves=15
num_cat=0
split_feature=24 40 28 50 11 27 27 33 44 34 36 69 42 9
split_gain=2.10192 6.97147 9.06912 9.84736 8.79178 9.63333 7.37121 6.93277 7.48903 8.86534 6.50148 4.99768 7.79652 9.27456
threshold=238.69791412353518 0.74210524559021007 382.81394958496099 115.50000000000001 4.5768055915832528 23.112380981445316 36.147026062011726 60.122503280639656 -0.60785761475563038 50.754964828491218 652.00000000000011 1384.684997558594 0.72947329282760631 0.37942129373550421
decision_type=2 2 2 2 2 2 2 2 2 2 2 2 2 2
left_child=-1 11 3 4 6 -6 7 8 -3 -10 -8 -2 13 -13
right_child=1 2 -4 -5 5 -7 10 -9 9 -11 -12 12 -14 -15
leaf_value=-0.00031594665567855171 -2.1624696999733573e-05 0.0032029187950182881 -0.027978798855389769 -0.014432701093311495 0.0003424584164359812 -0.020683163744720394 0.0040095144931214313 0.0048411844281043143 0.005117381332911077 -0.013951717862352497 5.1263124827307657e-05 -0.0025133610010038333 0.0095745601120311545 0.012394298085211281
leaf_weight=5913 6318 57 100 85 60 60 223 179 60 58 58 163 111 82
leaf_count=5913 6318 57 100 85 60 60 223 179 60 58 58 163 111 82
internal_value=9.20381e-05 0.000421592 0.00284043 0.00385714 0.00494702 -0.0025 0.00635433 0.00347458 -0.000771429 -0.00508475 0.00998221 8.0911e-05 0.00353933 0.00055102
internal_weight=13527 7614 940 840 755 120 635 354 175 118 281 6674 356 245
internal_count=13527 7614 940 840 755 120 635 354 175 118 281 6674 356 245
is_linear=0
shrinkage=0.03


Tree=353
num_leaves=15
num_cat=0
split_feature=22 53 40 52 16 0 65 67 27 22 63 63 65 43
split_gain=2.29014 6.59946 7.69709 4.91083 4.50813 4.45028 4.05517 3.72533 7.52177 6.69026 9.33283 8.08992 6.50491 6.21481
threshold=8.0415287017822283 26.500000000000004 0.56315791606903087 77.667079925537124 15.768319606781008 120.45833206176759 475.84001159667974 0.42722222208976751 6.0626139640808114 8.4252185821533221 23.556666374206547 0.62000000476837169 30.522916793823246 -0.93540480732917775
decision_type=2 2 2 2 2 2 2 2 2 2 2 2 2 2
left_child=-1 3 4 7 6 -4 -3 9 -9 11 12 -2 -11 -13
right_child=1 2 5 -5 -6 -7 -8 8 -10 10 -12 13 -14 -15
leaf_value=8.7693385910096294e-05 0.0019330751539698408 -0.042840895539309677 -0.034614689530019199 0.0083931923795306663 0.00044471136894442154 -0.00017619608609230396 -0.00045124083328962783 0.010729920478138314 -1.8545762308264103e-05 -0.0073450145426945191 0.00039018088226068666 0.0039070134467074236 -0.013952483642998762 -0.0082230162301047335
leaf_weight=10611 258 60 96 81 152 50 87 126 1407 182 99 59 81 178
leaf_count=10611 258 60 96 81 152 50 87 126 1407 182 99 59 81 178
internal_value=9.64737e-05 -0.000648148 -0.00401124 -4.24929e-05 -0.00125418 -0.00965753 -0.005 -0.000288703 0.000596869 -0.00187281 -0.00497238 0.000393939 -0.00792776 -0.00360759
internal_weight=13527 2916 445 2471 299 146 147 2390 1533 857 362 495 263 237
internal_count=13527 2916 445 2471 299 146 147 2390 1533 857 362 495 263 237
is_linear=0
shrinkage=0.03


Tree=354
num_leaves=15
num_cat=0
split_feature=22 53 40 0 67 27 22 63 63 65 43 64 69 43
split_gain=2.46856 6.35943 7.14706 4.94727 4.33342 7.11287 6.49146 10.3366 7.24778 6.55434 6.49903 5.69335 7.34018 10.8301
threshold=8.0415287017822283 26.500000000000004 0.56315791606903087 120.45833206176759 0.93055555224418651 6.0626139640808114 8.4252185821533221 19.365000724792484 0.62000000476837169 30.522916793823246 -0.93540480732917775 1.0000000180025095e-35 2.8322222232818608 -0.032701563090086067
decision_type=2 2 2 2 2 2 2 2 2 2 2 2 2 2
left_child=-1 4 -3 -4 6 -6 8 9 -2 -8 -10 12 13 -7
right_child=1 2 3 -5 5 11 7 -9 10 -11 -12 -13 -14 -15
leaf_value=8.5062584332793394e-05 0.0019050858561321603 -0.00016792877463128519 -0.033576248844118625 -0.00017091020350954445 0.012781013940311862 -0.012338371429533449 -0.0070770562840252798 0.00037847545579286821 0.0037898030433062011 -0.013533909133708798 -0.0079763257432015865 -0.0010157580225099026 0.0067929126772683455 0.0068356095524734562
leaf_weight=10611 260 299 96 50 110 112 183 117 61 83 180 878 413 74
leaf_count=10611 260 299 96 50 110 112 183 117 61 83 180 878 413 74
internal_value=6.32069e-05 -0.000709877 -0.00401124 -0.00945205 -0.000115338 0.000822306 -0.00179864 -0.0047389 0.000449102 -0.00800752 -0.00329876 0.000274204 0.00252922 -0.00241935
internal_weight=13527 2916 445 146 2471 1587 884 383 501 266 241 1477 599 186
internal_count=13527 2916 445 146 2471 1587 884 383 501 266 241 1477 599 186
is_linear=0
shrinkage=0.03


Tree=355
num_leaves=15
num_cat=0
split_feature=22 53 40 0 52 16 65 40 35 40 65 65 69 69
split_gain=2.09008 6.33753 6.78895 4.68514 4.43845 4.26985 4.05517 3.61439 3.62192 11.6981 5.35717 4.63066 4.40541 3.76606
threshold=8.0415287017822283 26.500000000000004 0.56315791606903087 120.45833206176759 77.667079925537124 15.768319606781008 475.84001159667974 0.80526316165924083 163.23236083984378 0.12105263024568559 0.28944443166255956 22.959444046020511 173.60500335693362 2.1618055105209355
decision_type=2 2 2 2 2 2 2 2 2 2 2 2 2 2
left_child=-1 4 5 -4 7 6 -3 8 9 -2 -11 -12 -13 -10
right_child=1 2 3 -5 -6 -7 -8 -9 13 10 11 12 -14 -15
leaf_value=8.2510706802809593e-05 0.0081054232033765227 -0.041550630809891451 -0.032568961378795058 -0.0001657828974042541 0.0079376092278266776 0.0004364078911150493 -0.00043266574505199882 0.0090492775840774319 -0.00082080275635292737 0.00016563775006386727 -0.048052035444917644 -0.0085988543721485268 0.023856718233506279 0.00061758978345390677
leaf_weight=10611 52 60 96 50 81 152 87 118 755 91 75 86 51 1162
leaf_count=10611 52 60 96 50 81 152 87 118 755 91 75 86 51 1162
internal_value=6.32069e-05 -0.000648148 -0.00394382 -0.00924658 -5.46338e-05 -0.00135452 -0.005 -0.000288703 -0.000554577 -0.00333803 -0.00559406 -0.00820755 -0.00492701 -3.91236e-05
internal_weight=13527 2916 445 146 2471 299 147 2390 2272 355 303 212 137 1917
internal_count=13527 2916 445 146 2471 299 147 2390 2272 355 303 212 137 1917
is_linear=0
shrinkage=0.03


Tree=356
num_leaves=15
num_cat=0
split_feature=3 40 17 50 56 49 65 19 43 33 63 63 65 63
split_gain=2.04216 6.72854 4.94052 4.0617 2.76802 2.64275 3.9375 2.52376 9.71961 8.43195 5.67914 8.92897 7.39787 5.43978
threshold=15.635231494903566 0.089473687112331404 190.96944427490237 8.5000000000000018 16.500000000000004 9.5612497329711932 5.8745832443237314 0.49454252421855932 0.2269546836614609 60.210454940795906 61.42944526672364 889.16360473632824 38.907083511352546 28.964166641235355
decision_type=2 2 2 2 2 2 2 2 2 2 2 2 2 2
left_child=7 -2 4 -4 5 -3 -7 -1 10 -10 13 12 -12 -9
right_child=1 2 3 -5 -6 6 -8 8 9 -11 11 -13 -14 -15
leaf_value=4.960249561976937e-05 -0.0050435266009797525 -0.00096779981916313314 0.0047426224532285842 -0.00073062259942831883 0.00059932403206257583 0.0019781519494180035 -7.0180432487783049e-05 -0.0054054352994654838 -0.00013494911162527766 0.020894039407866234 -0.0069442123180938741 -0.005710452095092293 0.010700554057434886 -0.011850492352726576
leaf_weight=11097 99 85 235 53 83 84 252 599 338 156 91 103 159 93
leaf_count=11097 99 85 235 53 83 84 252 599 338 156 91 103 159 93
internal_value=7.65136e-05 0.00146465 0.00238636 0.00552083 0.000595238 -0.000391924 0.000803571 -2.13675e-05 -0.00115984 0.00230769 -0.00279904 0.00029745 0.00336 -0.00437861
internal_weight=13527 891 792 288 504 421 336 12636 1539 494 1045 353 250 692
internal_count=13527 891 792 288 504 421 336 12636 1539 494 1045 353 250 692
is_linear=0
shrinkage=0.03


Tree=357
num_leaves=15
num_cat=0
split_feature=2 65 65 24 43 12 63 25 40 34 15 65 12 33
split_gain=2.00321 2.68864 4.55319 6.30929 9.42704 3.97446 2.30211 2.11796 6.28072 6.00156 5.80072 4.5363 4.60165 4.3238
threshold=7817.0000000000009 1199.5562744140627 0.10138889029622079 227.09226226806643 -0.097964655607938753 526.90625000000011 58.338056564331062 998.11911010742199 0.78421053290367138 46.699743270874031 4.3409490585327157 350.52777099609381 41.822916030883796 60.592624664306648
decision_type=2 2 2 2 2 2 2 2 2 2 2 2 2 2
left_child=7 2 5 6 -5 -2 -4 -1 9 -9 -10 12 -11 -14
right_child=1 -3 3 4 -6 -7 -8 8 10 11 -12 -13 13 -15
leaf_value=0.00010051002120749607 0.017377772573449905 0.018518477352942386 -0.0097772506031859312 -0.027580115389478518 0.0082846023727086004 -0.0043806943418291501 -0.028163409517223226 -0.0069453298443861713 0.014987892005931393 -0.013557815761938704 -0.0085820870580282874 -0.00038986872259646251 0.00077277309387731026 -0.0026697343976870291
leaf_weight=10449 68 72 55 84 102 114 72 75 126 75 60 425 1229 521
leaf_count=10449 68 72 55 84 102 114 72 75 126 75 60 425 1229 521
internal_value=7.87314e-05 -0.00166667 -0.00245455 -0.00464856 -0.00112903 0.00131868 -0.00980315 0.000155093 -0.00062724 -0.00105161 0.00467742 -0.000773333 -0.000123288 0.000188571
internal_weight=13527 567 495 313 186 182 127 12960 2511 2325 186 2250 1825 1750
internal_count=13527 567 495 313 186 182 127 12960 2511 2325 186 2250 1825 1750
is_linear=0
shrinkage=0.03


Tree=358
num_leaves=15
num_cat=0
split_feature=2 65 65 24 43 12 28 65 33 69 43 34 30 21
split_gain=2.1265 2.74142 4.30511 6.30929 8.54398 3.601 2.3296 6.18644 9.67351 6.86715 6.38233 10.1889 10.0413 7.49918
threshold=7817.0000000000009 1199.5562744140627 0.10138889029622079 227.09226226806643 -0.097964655607938753 526.90625000000011 43.227272033691413 350.52777099609381 61.327657699584968 541.56765747070324 0.41248606145381933 57.940305709838874 0.79315477609634411 4.168443202972413
decision_type=2 2 2 2 2 2 2 2 2 2 2 2 2 2
left_child=6 2 5 -4 -5 -2 7 10 9 -9 11 13 -12 -1
right_child=1 -3 3 4 -6 -7 -8 8 -10 -11 12 -13 -14 -15
leaf_value=-0.010175846228851294 0.016856439396246398 0.017962923032354115 -0.024501749359992522 -0.026752711927794166 0.0080360643015273368 -0.0042492735115742869 0.0001289427379349295 0.011092574196446794 -0.00076176159686477561 -0.020329946532714253 -0.0051985179180053095 0.0073774526246425864 0.0010327092637905178 -0.00017919879718878641
leaf_weight=422 68 72 127 84 102 114 10449 196 115 59 128 92 382 1117
leaf_count=422 68 72 127 84 102 114 10449 196 115 59 128 92 382 1117
internal_value=7.87314e-05 -0.00171958 -0.00251515 -0.00464856 -0.00112903 0.00115385 0.000157407 -0.000663082 0.00291892 0.00617647 -0.00128211 -0.00219804 0.00164706 -0.00277778
internal_weight=13527 567 495 313 186 182 12960 2511 370 255 2141 1631 510 1539
internal_count=13527 567 495 313 186 182 12960 2511 370 255 2141 1631 510 1539
is_linear=0
shrinkage=0.03


Tree=359
num_leaves=15
num_cat=0
split_feature=17 3 40 23 42 65 67 63 40 17 23 63 40 23
split_gain=1.85878 1.86397 5.34554 3.94823 4.66667 3.20381 3.17947 3.03497 3.31348 2.88057 2.38625 7.78983 9.44533 8.64062
threshold=1232.9111328125002 15.635231494903566 0.057894736528396613 22.666944503784183 0.68322628736495983 370.87750244140631 71.702362060546889 239.0161056518555 0.59473684430122387 185.16736602783206 22.402916908264164 9.4563889503479022 0.21578947454690936 21.994444847106937
decision_type=2 2 2 2 2 2 2 2 2 2 2 2 2 2
left_child=1 10 -3 7 5 6 -5 -4 -9 -6 11 12 -1 -14
right_child=-2 2 3 4 9 -7 -8 8 -10 -11 -12 -13 13 -15
leaf_value=0.00058928310275009111 0.0078730132260669532 -0.0064470923475998098 0.0074602002320736721 0.00036706316844653308 -7.1475493137329585e-05 0.00028282012947391518 -0.0038687960261615736 -0.00095585569370316926 0.0068051845560689233 -0.0015157177649093611 7.1663727955859459e-05 0.00041734590546500528 -0.00096115661489695184 -0.01315068794290815
leaf_weight=578 81 66 159 141 125 150 59 91 50 50 9396 1349 919 313
leaf_count=578 81 66 159 141 125 150 59 91 50 50 9396 1349 919 313
internal_value=9.86915e-05 7.13967e-05 0.00139731 0.00205455 0.000485714 0.00248571 0 0.0048 0.00159574 -0.00351429 -2.27001e-05 -0.000735992 -0.0020221 -0.00350649
internal_weight=13527 13446 891 825 525 350 200 300 141 175 12555 3159 1810 1232
internal_count=13527 13446 891 825 525 350 200 300 141 175 12555 3159 1810 1232
is_linear=0
shrinkage=0.03


Tree=360
num_leaves=15
num_cat=0
split_feature=11 69 10 65 6 42 67 40 65 69 69 22 35 43
split_gain=1.86632 4.94423 4.42842 4.35077 4.28484 6.06967 5.78616 9.14575 5.54371 4.48769 4.48573 3.96198 3.8189 3.71678
threshold=3.4815278053283696 2132.369506835938 0.7286457121372224 97.681110382080092 0.20833333581686023 0.72947329282760631 4.5544443130493173 0.52105262875556957 204.58291625976565 1060.307800292969 8.6330552101135272 7.6309361457824716 166.22153472900393 0.032701563090086018
decision_type=2 2 2 2 2 2 2 2 2 2 2 2 2 2
left_child=2 4 -1 -3 5 6 10 8 -8 12 -2 -4 -6 -13
right_child=1 3 11 -5 9 -7 7 -9 -10 -11 -12 13 -14 -15
leaf_value=-3.1864974061486247e-05 -0.02759809241608285 0.012714467060416528 0.003456614931558093 0.00024207065616446588 0.004916818452833498 0.0022781595862500035 -0.015472608742838179 -0.065973536560280752 0.0011751075298743351 -0.026053348331662021 0.035547379908950349 -0.00063431543599324236 -4.5450605826616142e-05 0.0011854019292151063
leaf_weight=7452 57 58 1134 74 205 128 54 116 83 89 56 735 2806 480
leaf_count=7452 57 58 1134 74 205 128 54 116 83 89 56 735 2806 480
internal_value=9.64737e-05 -0.00047504 0.000313743 0.00522727 -0.000684474 -0.00327935 -0.0052459 -0.0077668 -0.00251825 -0.000270968 0.00039823 0.00144955 -7.4726e-05 0.000259259
internal_weight=13527 3726 9801 132 3594 494 366 253 137 3100 113 2349 3011 1215
internal_count=13527 3726 9801 132 3594 494 366 253 137 3100 113 2349 3011 1215
is_linear=0
shrinkage=0.03


Tree=361
num_leaves=15
num_cat=0
split_feature=11 69 6 42 67 40 69 65 69 35 10 56 43 43
split_gain=2.04088 4.63875 4.55217 5.82835 5.95544 8.79919 4.48573 4.45532 4.44853 4.4 4.13072 3.92672 9.41151 4.34886
threshold=3.4815278053283696 2132.369506835938 0.20833333581686023 0.72947329282760631 4.5544443130493173 0.52105262875556957 8.6330552101135272 204.58291625976565 1060.307800292969 166.99986267089847 0.7286457121372224 18.500000000000004 0.47114434838294988 0.032701563090086018
decision_type=2 2 2 2 2 2 2 2 2 2 2 2 2 2
left_child=10 2 3 4 6 7 -2 -6 -4 -3 -1 13 -13 -12
right_child=1 9 8 -5 5 -7 -8 -9 -10 -11 11 12 -14 -15
leaf_value=-3.090902483965152e-05 -0.026770149643600361 -1.7571797623721074e-05 -3.9961698579174572e-06 0.0022098147986624904 -0.015008430480553029 -0.063994330463472318 0.034480958511681835 0.0011398543039780938 -0.025271747881712159 0.016389410937704532 -0.00011968161884128302 0.0080815454822827527 -0.0048979052622584217 0.0014144274005384182
leaf_weight=7452 57 72 3011 128 54 116 56 83 89 60 1236 239 66 808
leaf_count=7452 57 72 3011 128 54 116 56 83 89 60 1236 239 66 808
internal_value=7.42959e-05 -0.000523349 -0.00072621 -0.00340081 -0.00532787 -0.00788538 0.00039823 -0.00273723 -0.0003 0.005 0.0003015 0.00139847 0.00457377 0.000924658
internal_weight=13527 3726 3594 494 366 253 113 137 3100 132 9801 2349 305 2044
internal_count=13527 3726 3594 494 366 253 113 137 3100 132 9801 2349 305 2044
is_linear=0
shrinkage=0.03


Tree=362
num_leaves=15
num_cat=0
split_feature=2 42 67 67 0 67 40 0 22 56 53 64 69 43
split_gain=1.99812 2.86508 5.38915 4.28678 3.31668 4.37602 2.59015 2.7627 2.32187 4.25841 4.05632 5.09578 8.69377 7.25009
threshold=7817.0000000000009 0.63405361771583568 585.67181396484386 343.14250183105474 2451.166625976563 10.112500190734865 0.53157895803451549 1275.5000000000002 7.9835057258605966 183.50000000000003 26.500000000000004 1.0000000180025095e-35 420.69374084472662 0.09796465560793878
decision_type=2 2 2 2 2 2 2 2 2 2 2 2 2 2
left_child=8 2 4 -3 5 6 -2 -8 9 -1 11 12 13 -10
right_child=1 3 -4 -5 -6 -7 7 -9 10 -11 -12 -13 -14 -15
leaf_value=9.3528449860331877e-05 -0.031419717183544679 0.0080105878023781774 0.0058477162615008845 -0.0076169422775649483 0.011678552908254067 -0.023767363387760889 0.01006756535616061 -0.006179848859950255 -0.0033013645582979779 0.0010268491162406068 -0.00092638927052337997 -0.00041170898649314222 0.01318078316527675 0.0042439822523882851
leaf_weight=9443 65 132 50 57 54 90 69 50 398 115 651 1886 176 291
leaf_count=9443 65 132 50 57 54 90 69 50 398 115 651 1886 176 291
internal_value=7.65136e-05 -0.00166667 -0.0031746 0.00134921 -0.00457317 -0.00591241 -0.00326087 -0.000630252 0.000152778 0.000392341 -0.000520282 -1.63577e-05 0.00189017 0.000370102
internal_weight=13527 567 378 189 328 274 184 119 12960 9558 3402 2751 865 689
internal_count=13527 567 378 189 328 274 184 119 12960 9558 3402 2751 865 689
is_linear=0
shrinkage=0.03


Tree=363
num_leaves=15
num_cat=0
split_feature=11 69 6 40 67 67 65 10 65 35 69 25 36 65
split_gain=1.88842 4.13089 4.71985 5.68841 13.7978 4.14454 4.40961 4.05397 3.99847 3.86513 3.82265 7.5572 12.2975 5.62594
threshold=3.4815278053283696 2472.8422851562505 0.20833333581686023 0.37368421256542211 4.5544443130493173 59.904306411743171 515.17709350585949 0.7286457121372224 445.44721984863287 166.99986267089847 0.17972222715616229 680.15557861328136 2.5000000000000004 52.915832519531257
decision_type=2 2 2 2 2 2 2 2 2 2 2 2 2 2
left_child=7 2 3 5 -5 -2 -7 -1 -6 -3 11 -4 -13 -12
right_child=1 9 10 4 8 6 -8 -9 -10 -11 13 12 -14 -15
leaf_value=-3.7646979845700202e-05 -0.0046993293004242978 -1.9850497190812001e-05 -0.00011503788237862635 0.011778557465263639 -0.025041826642645967 0.0094685438383150713 -0.00024996944018887743 0.00068538487779308706 -0.01704593233250213 0.015659678119865648 -0.0014866431253201817 0.0075761373493681899 0.00011457287989576237 9.0722596364521923e-05
leaf_weight=7452 55 70 451 94 124 102 57 2349 65 59 786 207 599 1057
leaf_count=7452 55 70 451 94 124 102 57 2349 65 59 786 207 599 1057
internal_value=6.76425e-05 -0.000507246 -0.000696414 -0.00341046 -0.00620141 0.000280374 0.00273585 0.000286195 -0.010873 0.00476744 -0.00026129 0.00101432 0.00275434 -0.00113131
internal_weight=13527 3726 3597 497 283 214 159 9801 189 129 3100 1257 806 1843
internal_count=13527 3726 3597 497 283 214 159 9801 189 129 3100 1257 806 1843
is_linear=0
shrinkage=0.03


Tree=364
num_leaves=15
num_cat=0
split_feature=11 69 6 40 67 10 22 43 65 44 63 34 65 34
split_gain=2.11967 3.85952 4.34366 5.16134 8.02778 3.83954 3.69458 3.66412 8.8018 8.87346 8.24614 5.56891 5.14629 4.82423
threshold=3.4815278053283696 2472.8422851562505 0.20833333581686023 0.61578947305679332 4.5544443130493173 0.7286457121372224 7.6309361457824716 -0.88144907355308522 330.61555480957037 -0.60785761475563038 4.5666666030883798 50.185615539550788 828.96514892578136 47.841661453247077
decision_type=2 2 2 2 2 2 2 2 2 2 2 2 2 2
left_child=5 2 3 -2 -5 -1 -7 8 9 -4 11 13 -9 -11
right_child=1 -3 7 4 -6 6 -8 12 -10 10 -12 -13 -14 -15
leaf_value=-3.6517570450333993e-05 -0.00038310857493768503 0.0048400474197020579 -0.016464578005281876 0.0040368035401196108 -0.040253493091461083 0.0032628395528155082 5.8704838148067036e-05 -4.2281792190860332e-05 0.0078012256227512553 -0.00033478622667809877 0.0047057974368302832 0.00024016691752354598 -0.0015164189533393201 -0.0017758757234791159
leaf_weight=7452 347 129 115 60 90 1134 1215 2239 143 68 140 51 293 51
leaf_count=7452 347 129 115 60 90 1134 1215 2239 143 68 140 51 293 51
internal_value=4.54646e-05 -0.000563607 -0.000746455 -0.0033501 -0.008 0.000277013 0.00133461 -0.000329032 0.00184859 -0.000317647 0.00232258 -0.00211765 -0.000817536 -0.00567227
internal_weight=13527 3726 3597 497 150 9801 2349 3100 568 425 310 170 2532 119
internal_count=13527 3726 3597 497 150 9801 2349 3100 568 425 310 170 2532 119
is_linear=0
shrinkage=0.03


Tree=365
num_leaves=15
num_cat=0
split_feature=67 67 36 24 40 50 13 33 63 14 65 44 11 24
split_gain=1.99918 4.05433 2.63398 1.97096 6.60346 13.1058 12.7393 10.4658 9.54608 14.5365 7.16128 9.10876 6.45885 5.57415
threshold=5311.6538085937509 3856.1191406250005 5.5000000000000009 243.51785278320315 0.69999998807907116 115.50000000000001 1747.520446777344 34.911968231201179 9.9066667556762713 1843.0000000000002 3.6819444894790654 1.0000000180025095e-35 3.8368055820465092 398.25447082519537
decision_type=2 2 2 2 2 2 2 2 2 2 2 2 2 2
left_child=1 3 -3 -1 7 6 8 -5 9 -6 -11 -12 -10 -8
right_child=-2 2 -4 4 5 -7 13 -9 12 10 11 -13 -14 -15
leaf_value=-0.00027927685873188694 -0.0040855456286355892 5.7872006997397031e-05 0.025103674695775062 -0.018977890820281861 -0.00037157597800817398 -0.018882851571549567 -0.031492877952112808 2.6539001786173844e-05 0.0041559852422266346 0.0039692359688395665 -0.0055028365691181056 0.0052266701376081255 0.00012908999676755072 0.0002382616569815088
leaf_weight=6051 62 65 63 132 261 107 69 5894 322 226 67 64 91 53
leaf_count=6051 62 65 63 132 261 107 69 5894 322 226 67 64 91 53
internal_value=5.2118e-05 7.68659e-05 0.00539062 2.58679e-05 0.000358221 0.00233333 0.00326539 -5.47627e-05 0.00435015 0.00199029 0.00592437 0.000343511 0.00788136 -0.00590164
internal_weight=13527 13465 128 13337 7286 1260 1153 6026 1031 618 357 131 413 122
internal_count=13527 13465 128 13337 7286 1260 1153 6026 1031 618 357 131 413 122
is_linear=0
shrinkage=0.03


Tree=366
num_leaves=15
num_cat=0
split_feature=30 40 28 28 40 69 40 22 40 22 67 43 65 67
split_gain=1.9656 13.7721 6.56757 5.93939 5.45084 4.28101 2.36453 2.29792 6.4248 3.03313 5.89264 6.09055 4.78724 3.96308
threshold=0.85267856717109691 0.38421052694320684 55.198331832885749 55.198331832885749 0.54210525751113903 151.43444824218753 0.68947368860244762 8.8128843307495135 0.34210526943206793 8.4510140419006365 0.42722222208976751 -0.93540480732917775 2.3236111402511601 102.17791748046876
decision_type=2 2 2 2 2 2 2 2 2 2 2 2 2 2
left_child=7 2 5 4 -3 -2 -6 9 -9 -1 12 -12 -11 -13
right_child=1 3 -4 -5 6 -7 -8 8 -10 10 11 13 -14 -15
leaf_value=5.3137862548178203e-05 2.6363647908415051e-05 0.002206556966959363 -0.029616735596546383 0.026715731041510881 -0.0080940889894215266 -0.013960876009912963 3.3009431918835653e-05 0.0064810204697503069 -0.0007068375626739944 -0.00073426251969426078 0.0088217420887232913 0.0015029163006995104 -0.013096070957627833 -0.0061933528572619594
leaf_weight=12312 89 60 74 88 56 59 60 66 96 91 65 125 107 179
leaf_count=12312 89 60 74 88 56 59 60 66 96 91 65 125 107 179
internal_value=8.3167e-05 -0.00179012 -0.0072973 0.00284091 -0.000340909 -0.00364865 -0.00413793 0.000152979 0.0037037 0.000108316 -0.00203704 0.000203252 -0.00621212 -0.00157895
internal_weight=13527 486 222 264 176 148 116 13041 162 12879 567 369 198 304
internal_count=13527 486 222 264 176 148 116 13041 162 12879 567 369 198 304
is_linear=0
shrinkage=0.03


Tree=367
num_leaves=15
num_cat=0
split_feature=34 65 7 42 7 11 66 67 69 24 43 70 28 34
split_gain=2.1578 4.55515 4.05683 4.48809 2.44202 2.12687 4.51901 9.23635 8.10647 5.62709 8.45688 4.5932 4.78903 3.7187
threshold=43.207838058471687 12.240555763244631 0.37267799675464636 0.88144907355308544 0.37267799675464636 3.4815278053283696 1.0000000180025095e-35 7.4211111068725595 433.42166137695318 258.01339721679693 -0.22695468366146085 1.0000000180025095e-35 148.632438659668 50.65827941894532
decision_type=2 2 2 2 2 2 2 2 2 2 2 2 2 2
left_child=1 4 -3 -4 -1 -2 7 9 11 10 -7 -9 -13 -8
right_child=5 2 3 -5 -6 6 13 8 -10 -11 -12 12 -14 -15
leaf_value=-0.059540826124602611 0.00010894374032744735 0.038336267373855655 0.0013678788686656061 -0.0039774470322425414 0.00034384107289011495 -0.0038300675337338496 -0.00080740973546679254 0.0091190969412237432 0.01412051983304119 0.00095796183527545331 0.018341146069900213 3.893277904467017e-05 -0.015463464862855325 1.9509902514429634e-05
leaf_weight=66 9639 96 207 53 64 63 1659 69 78 81 50 59 123 1220
leaf_count=66 9639 96 207 53 64 63 1659 69 78 81 50 59 123 1220
internal_value=7.42959e-05 0.00203704 0.00379213 0.00184615 -0.00276923 1.15022e-06 -0.000643739 0.00192161 -0.00113982 0.0071134 0.00278761 -0.00376494 -0.00626374 -0.00110976
internal_weight=13527 486 356 260 130 13041 3402 523 329 194 113 251 182 2879
internal_count=13527 486 356 260 130 13041 3402 523 329 194 113 251 182 2879
is_linear=0
shrinkage=0.03


Tree=368
num_leaves=15
num_cat=0
split_feature=34 52 42 65 69 56 69 11 66 67 15 43 1 67
split_gain=2.7184 3.89138 2.62662 3.11334 2.42918 3.13943 3.21996 2.11172 3.7468 9.28463 6.55717 4.11987 9.87072 7.81057
threshold=43.207838058471687 9.3998613357543963 0.52778512239456188 591.65808105468761 541.56765747070324 2.5000000000000004 16.996666908264164 3.4815278053283696 1.0000000180025095e-35 1080.9033813476565 17.608134269714359 -0.16280825436115262 237.72483062744143 30.588749885559086
decision_type=2 2 2 2 2 2 2 2 2 2 2 2 2 2
left_child=1 2 4 -4 5 6 -1 -2 9 10 11 12 -9 -13
right_child=7 -3 3 -5 -6 -7 -8 8 -10 -11 -12 13 -14 -15
leaf_value=0.021233330717834502 0.00010567542811761754 0.013817259831165199 0.00043381978899584614 -0.0048618924642126688 -0.010511196826056954 0.0081706432409785808 -0.0067162948030523228 0.0012894951107324903 -0.00016304453372953276 -0.013829219862042282 0.019281865893854045 0.016216781144232362 -0.015209030042254188 -0.00027378253580393836
leaf_weight=54 9639 117 65 56 57 59 78 127 2879 57 55 97 99 88
leaf_count=54 9639 117 65 56 57 59 78 127 2879 57 55 97 99 88
internal_value=8.09492e-05 0.00228395 0.000772358 -0.00285124 0.00254032 0.0041623 0.00159091 -1.15022e-06 -0.000643739 0.00169216 0.00309013 0.00178832 -0.000929204 0.00510811
internal_weight=13527 486 369 121 248 191 132 13041 3402 523 466 411 226 185
internal_count=13527 486 369 121 248 191 132 13041 3402 523 466 411 226 185
is_linear=0
shrinkage=0.03


Tree=369
num_leaves=15
num_cat=0
split_feature=11 69 6 42 67 40 65 69 24 42 35 40 12 15
split_gain=2.31561 3.59737 4.37817 5.19761 5.78616 9.14575 5.54371 4.48573 4.16936 5.78768 3.8061 3.55711 15.6532 16.4027
threshold=3.4815278053283696 2472.8422851562505 0.20833333581686023 0.72947329282760631 4.5544443130493173 0.52105262875556957 204.58291625976565 8.6330552101135272 415.99107360839849 0.84874749183654796 166.99986267089847 0.61578947305679332 41.822916030883796 13.402022361755373
decision_type=2 2 2 2 2 2 2 2 2 2 2 2 2 2
left_child=11 2 3 4 7 6 -6 -2 -4 -10 -3 -1 -13 -14
right_child=1 10 8 -5 5 -7 -8 -9 9 -11 -12 12 13 -15
leaf_value=-4.7340001737419254e-05 -0.026417588515803826 -0.00013773308272029271 -8.1176474651583063e-05 0.0020934782367447546 -0.014489378974751324 -0.059886107128722901 0.00085701308560746979 0.033311958478322808 0.00036258052849151844 -0.00022616467127050121 0.015032570709842473 0.0072933668039291862 -0.00012038503401966771 0.002471673915339174
leaf_weight=7139 57 70 2857 131 54 116 83 56 192 51 59 88 2200 374
leaf_count=7139 57 70 2857 131 54 116 83 56 192 51 59 88 2200 374
internal_value=1.66334e-05 -0.000619968 -0.000796497 -0.00341046 -0.0052459 -0.0077668 -0.00251825 0.00039823 -0.000377419 0.00339506 0.00430233 0.000258647 0.00119459 0.000769231
internal_weight=13527 3726 3597 497 366 253 137 113 3100 243 129 9801 2662 2574
internal_count=13527 3726 3597 497 366 253 137 113 3100 243 129 9801 2662 2574
is_linear=0
shrinkage=0.03


Tree=370
num_leaves=15
num_cat=0
split_feature=11 40 12 15 21 21 28 21 1 21 33 22 12 69
split_gain=2.43425 3.59635 15.6249 15.8879 12.8291 10.9091 13.5291 10.6333 11.1835 12.2189 8.98333 8.82464 8.6086 10.3158
threshold=3.4815278053283696 0.61578947305679332 41.822916030883796 13.402022361755373 4.9749853610992441 4.1651561260223398 43.227272033691413 4.0137037038803109 36.222858428955085 2.6566377878189091 36.793195724487312 7.5320606231689462 41.822916030883796 156.35749816894534
decision_type=2 2 2 2 2 2 2 2 2 2 2 2 2 2
left_child=1 12 -3 4 5 6 -4 8 -8 10 -10 -5 13 -1
right_child=-2 2 3 11 -6 -7 7 -9 9 -11 -12 -13 -14 -15
leaf_value=-0.00016559024883810113 -7.3052812008245208e-05 0.0070745657998113097 -0.015223551114473589 0.0037526826321366436 -0.0058009454235490683 0.0039385567612836448 -0.022833106232196854 -0.010198573954642796 0.032400515494544396 0.009706295786542269 -0.00075832666838841593 0.0012118785238001406 4.952333590979574e-05 -0.013326723431974403
leaf_weight=138 3726 88 154 110 440 440 176 110 88 352 440 264 6903 98
leaf_count=138 3726 88 154 110 440 440 176 110 88 352 440 264 6903 98
internal_value=1.66334e-05 0.000264769 0.00120586 0.000780886 -0.000190909 0.000954545 -0.000409091 0.000694683 0.00161932 0.003 0.000113636 0.00649733 -8.61465e-05 -0.00572034
internal_weight=13527 9801 2662 2574 2200 1760 1320 1166 1056 880 528 374 7139 236
internal_count=13527 9801 2662 2574 2200 1760 1320 1166 1056 880 528 374 7139 236
is_linear=0
shrinkage=0.03


Tree=371
num_leaves=15
num_cat=0
split_feature=10 40 40 6 67 26 69 15 69 69 40 27 18 69
split_gain=2.29039 4.11874 6.70416 16.2562 7.41284 6.31738 7.36888 5.66888 6.44024 5.10111 5.89087 5.05952 4.66765 4.83501
threshold=1.2611401081085207 0.17368421703577044 0.54210525751113903 0.29166667163372045 477.62445068359381 3481.0000000000005 63.960556030273445 0.60945892333984386 0.30222222208976751 490.70903015136724 0.36315789818763738 29.090545654296879 0.42708332836627966 246.76958465576175
decision_type=2 2 2 2 2 2 2 2 2 2 2 2 2 2
left_child=-1 11 5 -4 -5 6 -3 8 -7 10 -10 -2 13 -13
right_child=1 2 3 4 -6 7 -8 -9 9 -11 -12 12 -14 -15
leaf_value=8.2178736802642754e-05 -0.00069306760870732056 -0.00023348234478180155 -0.029022202363844975 0.00018748393117451269 -0.011738012765928977 0.022072588077061028 0.00078088686104384533 0.0034958952699760014 -0.01473634743510341 0.00052633161513200295 0.00015353414981968515 6.7291489378780152e-05 0.0026547447403280702 -0.016318155896099446
leaf_weight=11259 204 151 174 533 105 60 59 525 71 56 58 95 102 75
leaf_count=11259 204 151 174 533 105 60 59 525 71 56 58 95 102 75
internal_value=9.98004e-06 -0.000859788 -0.000200893 -0.00221675 0 0.00146939 -0.00314286 0.00272727 -0.00104082 -0.00381081 -0.00709302 -0.00334034 -0.000661765 -0.00370588
internal_weight=13527 2268 1792 812 638 980 210 770 245 185 129 476 272 170
internal_count=13527 2268 1792 812 638 980 210 770 245 185 129 476 272 170
is_linear=0
shrinkage=0.03


Tree=372
num_leaves=15
num_cat=0
split_feature=10 43 65 40 40 27 21 9 12 65 27 65 40 67
split_gain=2.57708 4.07011 5.23281 6.92426 5.77501 5.9608 5.51492 6.82802 6.19993 6.61407 5.05504 5.65664 6.1095 4.13881
threshold=1.2611401081085207 -0.58216583728790272 534.48333740234386 0.10000000149011613 0.078947369009256377 29.090545654296879 6.736168861389161 1.2173842191696169 221.66667175292972 8.0712499618530291 6.0626139640808114 378.97444152832037 0.54210525751113903 262.61473083496099
decision_type=2 2 2 2 2 2 2 2 2 2 2 2 2 2
left_child=-1 10 4 -4 5 -3 8 -8 9 -6 -2 -12 13 -13
right_child=1 2 3 -5 6 -7 7 -9 -10 -11 11 12 -14 -15
leaf_value=7.9713374698551213e-05 0.007224600377165373 -0.017830339718460961 0.000364661764652915 -0.0053217513225345958 -5.4708814976559151e-05 -0.00029108111157195361 0.020814176679544907 2.3397918420846251e-05 0.00082509933054673813 -0.0079965276971230761 -0.00016756423909724822 0.00012690930040658353 -0.016617482090804159 0.028752132110997919
leaf_weight=11259 58 88 57 197 166 87 58 395 262 146 575 50 55 74
leaf_count=11259 58 88 57 197 166 87 58 395 262 146 575 50 55 74
internal_value=-3.32668e-06 -0.000925926 -0.001875 -0.0057874 -0.00104825 -0.00608571 -0.000189873 0.00228477 -0.00214286 -0.005 0.000775862 0.000119363 0.00477654 0.00846774
internal_weight=13527 2268 1456 254 1202 175 1027 453 574 312 812 754 179 124
internal_count=13527 2268 1456 254 1202 175 1027 453 574 312 812 754 179 124
is_linear=0
shrinkage=0.03


Tree=373
num_leaves=15
num_cat=0
split_feature=0 0 26 43 40 21 6 40 23 40 9 67 34 40
split_gain=2.27401 5.4986 4.77632 7.39229 3.93071 8.30904 9.55682 8.24257 7.9371 6.3215 5.04836 10.4878 6.54069 10.2703
threshold=426.45834350585943 279.12500000000006 5834.0000000000009 -0.84874749183654774 0.34210526943206793 2.3387962579727177 0.12500000372529033 0.18421053141355517 22.472083091735843 0.047368422150611884 0.35385417938232427 0.093888889998197569 50.824762344360359 0.67894738912582409
decision_type=2 2 2 2 2 2 2 2 2 2 2 2 2 2
left_child=1 -1 3 -3 5 7 9 -2 -6 -7 11 12 13 -10
right_child=4 2 -4 -5 8 6 -8 -9 10 -11 -12 -13 -14 -15
leaf_value=-1.6761256707397192e-05 -0.0004138260293514939 -0.00150578336536916 0.00043695218961673274 0.0083473741422195862 -0.0030644440162086628 0.00012565309666595414 -7.7420191079675683e-05 0.0088911786982856077 0.0013350663009608476 -0.0046326443061417153 -0.00021058183127348418 0.0060947723502661911 0.0014627643159641096 -0.024126106232502095
leaf_weight=9477 126 51 1296 192 288 60 396 105 74 336 432 523 65 106
leaf_count=9477 126 51 1296 192 288 60 396 105 74 336 432 523 65 106
internal_value=3.21579e-05 0.000217865 0.00188109 0.00574074 -0.000782557 -0.00221408 -0.00367424 0.00279221 0.000201613 -0.0069697 0.001275 0.00273437 -0.00238776 -0.00533333
internal_weight=13527 11016 1539 243 2511 1023 792 231 1488 396 1200 768 245 180
internal_count=13527 11016 1539 243 2511 1023 792 231 1488 396 1200 768 245 180
is_linear=0
shrinkage=0.03


Tree=374
num_leaves=15
num_cat=0
split_feature=10 6 40 69 10 40 27 63 58 69 67 2 13 42
split_gain=2.03919 4.74376 11.7535 5.54903 3.79767 3.51598 11.0638 6.83549 6.82451 6.69053 6.35605 5.10036 9.50207 7.74675
threshold=1.0554136633872988 0.20833333581686023 0.37368421256542211 784.43792724609386 0.7286457121372224 0.45789474248886114 49.655742645263679 347.70179748535162 1.0000000180025095e-35 1060.307800292969 132.88611602783206 803.00000000000011 434.31733703613287 0.68322628736495983
decision_type=2 2 2 2 2 2 2 2 2 2 2 2 2 2
left_child=4 2 -2 -4 -1 9 8 -8 10 11 -7 13 -13 -6
right_child=1 -3 3 -5 5 6 7 -9 -10 -11 -12 12 -14 -15
leaf_value=-3.2761868363273547e-06 0.0010566803298926652 -1.5018779760019502e-05 -0.020195871220751043 -0.00078061110944402932 -0.0043345008857883817 -0.0046348613832097032 0.026788038446093235 -0.00023470410656659888 0.0079900597354691568 -0.027967142366885855 0.019936357704830092 0.01323177180487705 7.5566138732812145e-05 0.00090385074606614158
leaf_weight=7452 216 3483 183 87 268 433 230 66 158 89 75 153 264 370
leaf_count=7452 216 3483 183 87 268 433 230 66 158 89 75 153 264 370
internal_value=7.65136e-05 -0.000495087 -0.0032716 -0.00744444 0.000313873 0.00143875 0.00277547 0.00760135 0.000630631 0.000314685 -0.00106299 0.000981043 0.00356115 -0.000705329
internal_weight=13527 3969 486 270 9558 2106 962 296 666 1144 508 1055 417 638
internal_count=13527 3969 486 270 9558 2106 962 296 666 1144 508 1055 417 638
is_linear=0
shrinkage=0.03


Tree=375
num_leaves=15
num_cat=0
split_feature=2 63 65 63 12 65 50 69 40 2 36 22 65 67
split_gain=2.07671 4.30041 8.77525 8.00647 4.34702 3.28148 2.50924 4.53077 2.77414 4.7594 3.05937 2.47408 4.36643 5.32327
threshold=5548.5000000000009 26.28416728973389 1.0419444441795351 0.093888889998197569 611.73959350585949 525.90011596679699 2.5000000000000004 96.124584197998061 0.67894738912582409 7817.0000000000009 1.5000000000000002 7.9637379646301278 2121.036987304688 1468.8337402343752
decision_type=2 2 2 2 2 2 2 2 2 2 2 2 2 2
left_child=11 3 -3 5 -4 6 7 8 10 -10 -2 -1 13 -13
right_child=1 2 4 -5 -6 -7 -8 -9 9 -11 -12 12 -14 -15
leaf_value=0.0001314681751186995 0.0053331655561973832 0.011119060135129217 -0.022534732890217728 0.026179439514875134 -0.00052934700323851828 0.0050677919592322148 0.0020159907980333755 -0.025746907082514384 -0.031220082454046481 0.00046865047702550192 -0.0060053788958275359 -0.00048498715190442218 0.023545180979606298 0.011881374322846935
leaf_weight=9396 88 89 126 77 77 75 82 55 56 51 115 3075 52 113
leaf_count=9396 88 89 126 77 77 75 82 55 56 51 115 3075 52 113
internal_value=6.98603e-05 -0.00132997 -0.00431507 0.000125209 -0.00775862 -0.0012069 -0.00218121 -0.00324658 -0.00183871 -0.00574766 0.000221675 0.000168566 -0.000546296 -0.000686951
internal_weight=13527 891 292 599 203 522 447 365 310 107 203 12636 3240 3188
internal_count=13527 891 292 599 203 522 447 365 310 107 203 12636 3240 3188
is_linear=0
shrinkage=0.03


Tree=376
num_leaves=15
num_cat=0
split_feature=13 63 69 63 18 63 67 26 65 27 40 34 69 12
split_gain=1.93313 8.86142 8.90115 8.42906 7.90668 7.47644 8.64296 6.80253 7.53622 5.50054 4.92212 4.86479 5.01514 8.16385
threshold=862.85317993164074 48.55444526672364 579.36083984375011 2.216250061988831 0.40625000000000006 2132.369506835938 483.68804931640631 7648.0000000000009 1199.5562744140627 34.895378112792976 0.46842105686664587 49.155429840087898 444.75791931152349 469.72917175292974
decision_type=2 2 2 2 2 2 2 2 2 2 2 2 2 2
left_child=-1 3 5 7 -5 6 -3 -2 11 -4 -11 12 -9 -14
right_child=1 2 9 4 -6 -7 -8 8 -10 10 -12 -13 13 -15
leaf_value=7.5489138723856534e-05 -0.020979963074477366 -0.00097158991417294332 0.022378887636693719 0.014515302777100957 -0.0033850243357986631 0.0051012431149357104 -0.028599780647026139 -0.0035640431502326872 0.020156119243509511 -0.0078311196007581074 0.0017539104027529983 0.00082374588847158316 0.01458082002182385 -0.0036768356195856808
leaf_weight=10611 160 535 57 210 79 59 171 558 52 60 51 713 123 88
leaf_count=10611 160 535 57 210 79 59 171 558 52 60 51 713 123 88
internal_value=5.65536e-05 -0.000627572 -0.00303859 0.000506808 0.00524221 -0.00441176 -0.00526912 -0.000301063 0.000312907 0.00321429 -0.000675676 -8.09717e-05 -0.00173602 0.00220379
internal_weight=13527 2916 933 1983 289 765 706 1694 1534 168 111 1482 769 211
internal_count=13527 2916 933 1983 289 765 706 1694 1534 168 111 1482 769 211
is_linear=0
shrinkage=0.03


Tree=377
num_leaves=15
num_cat=0
split_feature=34 52 11 63 50 67 36 63 56 1 28 59 65 42
split_gain=1.90403 2.59104 2.42764 3.39902 3.49717 6.31229 7.58443 8.04214 6.56307 4.9017 4.49589 3.65087 3.6419 5.20868
threshold=43.207838058471687 6.6843054294586191 3.4815278053283696 1323.6248168945315 40.500000000000007 530.73556518554699 92.000000000000014 34.914720535278327 69.500000000000014 350.69670104980474 37.032028198242195 114.50000000000001 143.94972229003909 -0.88144907355308522
decision_type=2 2 2 2 2 2 2 2 2 2 2 2 2 2
left_child=1 -1 -2 4 5 8 7 9 12 -7 -6 -12 -4 -14
right_child=2 -3 3 -5 10 6 -8 -9 -10 -11 11 -13 13 -15
leaf_value=0.00018844273002459252 0.00012194711128800328 0.011225381121908708 -4.0324608034895459e-05 0.0053343401073922591 0.0049115131718730411 -0.003052970999450455 0.0048666809501350695 -0.027659454127792287 0.008706315851000913 0.010716927615745135 9.6300113811058623e-05 -0.0023341808809964702 -0.050917606292615908 -0.000519193315430393
leaf_weight=356 9639 130 1561 102 87 59 62 171 167 52 552 57 50 482
leaf_count=356 9639 130 1561 102 87 59 62 171 167 52 552 57 50 482
internal_value=6.98603e-05 0.00191358 1.15022e-06 -0.000687831 -0.000854545 -0.00135945 -0.00514535 -0.00723404 -0.000783186 -0.000945946 0.00103448 0.000123153 -0.00123985 -0.00338346
internal_weight=13527 486 13041 3402 3300 2604 344 282 2260 111 696 609 2093 532
internal_count=13527 486 13041 3402 3300 2604 344 282 2260 111 696 609 2093 532
is_linear=0
shrinkage=0.03


Tree=378
num_leaves=15
num_cat=0
split_feature=22 53 64 40 69 43 17 70 69 19 63 53 50 4
split_gain=1.93955 4.44295 6.15976 6.71995 9.91261 10.8138 7.51796 6.61968 5.93832 4.2793 4.16483 4.05808 4.76663 4.29901
threshold=7.9637379646301278 26.500000000000004 1.0000000180025095e-35 0.14210525900125506 1.9038888812065127 -0.84874749183654774 37.239999771118171 1.0000000180025095e-35 1196.4305419921877 0.4910177886486054 9.4563889503479022 3.5000000000000004 36.500000000000007 29.693983078002933
decision_type=2 2 2 2 2 2 2 2 2 2 2 2 2 2
left_child=-1 2 3 6 5 -5 -2 -4 11 -7 -3 12 13 -9
right_child=1 10 7 4 -6 9 -8 8 -10 -11 -12 -13 -14 -15
leaf_value=0.00010261228707099335 0.0098888807177818262 -0.010710423524106274 -0.0052954565360590128 -0.025358017648029616 0.003248134516229777 -0.0031575709652703486 -0.00083488150591739532 -0.00050411674199407933 -0.028890114889546629 0.0050374810393414311 -0.00036391766991973991 0.0014024380140935594 -0.0013397804098352606 0.0011574453526117477
leaf_weight=9963 135 230 68 72 459 55 86 1445 80 100 433 209 102 90
leaf_count=9963 135 230 68 72 459 55 86 1445 80 100 433 209 102 90
internal_value=7.87314e-05 -0.000521886 -1.55119e-05 0.00203418 0.000568513 -0.00455947 0.00658371 -0.000947844 -0.000623053 -9.67742e-05 -0.00273756 -0.000276273 -0.000778864 -0.000361564
internal_weight=13527 3564 2901 907 686 227 221 1994 1926 155 663 1846 1637 1535
internal_count=13527 3564 2901 907 686 227 221 1994 1926 155 663 1846 1637 1535
is_linear=0
shrinkage=0.03


Tree=379
num_leaves=15
num_cat=0
split_feature=10 65 40 35 30 67 63 40 65 67 69 55 35 67
split_gain=1.96805 3.82455 9.20076 8.60948 8.08712 7.07389 9.04286 7.69752 6.50501 5.95575 5.74856 4.78891 4.67254 4.57486
threshold=1.2611401081085207 44.580556869506843 0.62631577253341686 167.29486083984378 0.7455357313156129 74.373470306396499 787.67123413085949 0.32105262577533727 25.882499694824222 408.69360351562506 444.75791931152349 32.017778396606452 166.99986267089847 196.16860961914065
decision_type=2 2 2 2 2 2 2 2 2 2 2 2 2 2
left_child=-1 8 4 -4 -3 12 7 13 9 10 -2 -11 -6 -7
right_child=1 2 3 -5 5 6 -8 -9 -10 11 -12 -13 -14 -15
leaf_value=0.00010600364286931451 2.6032234081460795e-07 0.0091900013468984992 -0.02412869397488495 -0.0010988877083406398 -1.6567183641358341e-05 0.0019182933305346905 -0.02141038003790471 0.019261359502093286 0.0092653848413359712 -0.021850462792042866 0.018090938015735171 0.0004671804293476169 -0.001708107831545207 -0.00042342418097072174
leaf_weight=11259 831 180 99 104 92 56 78 161 78 107 90 51 167 174
leaf_count=11259 831 180 99 104 92 56 78 161 78 107 90 51 167 174
internal_value=7.87314e-05 -0.000727513 -0.0019847 -0.00775862 -0.000693833 -0.00210165 9.59488e-05 0.00195652 0.000479689 -0.000125116 0.000798046 -0.00550633 -0.00608108 -0.00156522
internal_weight=13527 2268 1111 203 908 728 469 391 1157 1079 921 158 259 230
internal_count=13527 2268 1111 203 908 728 469 391 1157 1079 921 158 259 230
is_linear=0
shrinkage=0.03


Tree=380
num_leaves=15
num_cat=0
split_feature=10 65 40 35 27 30 34 67 64 59 0 40 63 23
split_gain=2.32683 2.9846 8.00175 8.99527 7.47162 6.07209 7.58446 5.22007 5.17011 6.58048 4.30671 5.55787 3.97178 5.93401
threshold=1.2611401081085207 44.580556869506843 0.62631577253341686 167.29486083984378 12.397024154663088 0.92857143282890331 47.841661453247077 408.69360351562506 1.0000000180025095e-35 60.500000000000007 1.0000000180025095e-35 0.37368421256542211 350.64042663574224 23.300277709960941
decision_type=2 2 2 2 2 2 2 2 2 2 2 2 2 2
left_child=-1 7 4 -4 -3 6 10 -2 -8 12 -6 -12 13 -10
right_child=1 2 3 -5 5 -7 8 -9 9 -11 11 -13 -14 -15
leaf_value=0.00010282353358322283 0.00014636004489963761 -0.0079303621988040477 -0.023404833155638405 -0.0010659210770904207 0.056289428215596619 -0.021544027908868238 -0.00082971800832409739 -0.011585182066339893 0.0015152789744317552 -0.003671519372518155 -0.00036161550154048257 0.026167695819034886 0.0047316061187454928 -0.00031346013992767209
leaf_weight=11259 989 50 99 104 72 53 102 168 58 118 144 72 137 102
leaf_count=11259 989 50 99 104 72 53 102 168 58 118 144 72 137 102
internal_value=5.65536e-05 -0.000820106 -0.00193069 -0.00731527 -0.000726872 -6.99301e-05 0.00057764 0.000246327 -0.00159574 -0.000108434 0.00447917 0.00236111 0.00227273 -0.0009375
internal_weight=13527 2268 1111 203 908 858 805 1157 517 415 288 216 297 160
internal_count=13527 2268 1111 203 908 858 805 1157 517 415 288 216 297 160
is_linear=0
shrinkage=0.03


Tree=381
num_leaves=15
num_cat=0
split_feature=10 40 6 26 69 15 10 35 67 65 67 40 63 69
split_gain=2.18851 3.03618 15.4887 5.77708 6.74783 5.29922 6.08371 4.91636 4.6803 4.66094 4.4018 4.4016 5.61731 4.34069
threshold=1.2611401081085207 0.57368421554565441 0.29166667163372045 11603.500000000002 457.03819274902349 0.53631365299224865 1.4737930893898012 166.99986267089847 4.5544443130493173 46.968334197998054 83.532775878906264 0.16315789520740512 27.952221870422367 49.314443588256843
decision_type=2 2 2 2 2 2 2 2 2 2 2 2 2 2
left_child=-1 5 -3 4 -4 7 -7 -2 -8 10 -9 -10 -13 -11
right_child=1 2 3 -5 -6 6 8 9 11 13 -12 12 -14 -15
leaf_value=9.9738827575714947e-05 0.0014169630127391097 -0.026347580839212251 0.00040653453638477721 -0.018644209732379582 -0.016158373479447395 -0.0005710521916528499 -3.6241298643795465e-05 0.0001685643771840029 0.0001874485588637853 -0.0015729351833138417 -0.0028218194611339263 0.018291860213322551 0.001128896691657708 -0.00045346452932913922
leaf_weight=11259 110 156 425 78 69 385 163 90 155 119 64 167 120 167
leaf_count=11259 110 156 425 78 69 385 163 90 155 119 64 167 120 167
internal_value=5.65536e-05 -0.000793651 -0.00239011 -0.000104895 0.00109312 -3.8961e-05 0.00127273 -0.0024 0.00314876 -0.00381818 0.00038961 0.00475113 0.00695122 -0.00608392
internal_weight=13527 2268 728 572 494 1540 990 550 605 440 154 442 287 286
internal_count=13527 2268 728 572 494 1540 990 550 605 440 154 442 287 286
is_linear=0
shrinkage=0.03


Tree=382
num_leaves=15
num_cat=0
split_feature=67 40 2 26 13 23 23 33 53 63 12 69 53 1
split_gain=2.24616 5.74091 10.7777 13.4287 15.6719 12.574 8.91613 9.80696 8.64607 7.82951 7.45635 7.37508 7.17512 6.92948
threshold=150.56221771240237 0.6473684310913087 4910.0000000000009 4319.0000000000009 410.13825988769537 22.472083091735843 22.836667060852054 49.541347503662116 17.500000000000004 9.4563889503479022 34.822917938232429 43.396389007568366 5.5000000000000009 55.267475128173835
decision_type=2 2 2 2 2 2 2 2 2 2 2 2 2 2
left_child=1 -1 3 4 8 9 12 -8 -3 11 -9 -5 -7 -12
right_child=-2 2 -4 5 -6 6 7 10 -10 -11 13 -13 -14 -15
leaf_value=-0.00023810897719205747 0.00016133710836233384 -0.00024763149845334051 -0.015932289075114955 -0.014276470714220427 -0.021608923258426564 0.0051061803415772822 -0.0060583212455267389 0.014591844717038496 0.028055590273842572 0.0035152509343101632 -0.00011287673984057507 0.0026903502613603984 -0.0026984260983286567 0.0022768198286457595
leaf_weight=5924 5108 276 205 198 115 353 183 52 60 195 260 72 51 475
leaf_count=5924 5108 276 205 198 115 353 183 52 60 195 260 72 51 475
internal_value=4.99002e-05 -0.000251217 0.000955912 0.00154585 -0.00309313 0.00268352 0.00412664 0.00256701 0.000178571 -0.00158065 0.0040216 -0.00488889 0.00787129 0.0032449
internal_weight=13527 8419 2495 2290 451 1839 1374 970 336 465 787 270 404 735
internal_count=13527 8419 2495 2290 451 1839 1374 970 336 465 787 270 404 735
is_linear=0
shrinkage=0.03


Tree=383
num_leaves=15
num_cat=0
split_feature=10 65 40 35 27 67 30 34 64 59 23 63 0 40
split_gain=1.98976 3.34755 8.52966 8.58919 7.55947 5.55757 5.47499 7.44026 4.77456 4.53677 4.45881 4.90068 4.30671 5.55787
threshold=1.2611401081085207 44.580556869506843 0.62631577253341686 167.29486083984378 12.397024154663088 408.69360351562506 0.92857143282890331 47.841661453247077 1.0000000180025095e-35 60.500000000000007 23.176943778991703 370.38735961914068 1.0000000180025095e-35 0.37368421256542211
decision_type=2 2 2 2 2 2 2 2 2 2 2 2 2 2
left_child=-1 5 4 -4 -3 -2 7 12 -9 10 -10 -12 -6 -14
right_child=1 2 3 -5 6 -7 -8 8 9 -11 11 -13 13 -15
leaf_value=0.00010494500280740836 0.00017031101392686251 -0.0076381200080247284 -0.022704244280546713 -0.0010387105359156508 0.054565379748062318 -0.011065681317716597 -0.020843375746787015 -0.00075049514325919748 0.011847712573750379 -0.0035490823388438916 -0.0002056675982928313 0.0042141582739893034 -0.00049755593991650747 0.025343957930463245
leaf_weight=11259 989 50 99 104 72 168 53 102 96 118 126 75 144 72
leaf_count=11259 989 50 99 104 72 168 53 102 96 118 126 75 144 72
internal_value=8.3167e-05 -0.000727513 -0.00190369 -0.00746305 -0.000660793 0.000401901 0 0.000614907 -0.00153772 -0.000108434 0.00186869 -0.000671642 0.00447917 0.00236111
internal_weight=13527 2268 1111 203 908 1157 858 805 517 415 297 201 288 216
internal_count=13527 2268 1111 203 908 1157 858 805 517 415 297 201 288 216
is_linear=0
shrinkage=0.03


Tree=384
num_leaves=15
num_cat=0
split_feature=10 63 6 67 28 65 43 43 69 40 67 65 63 15
split_gain=2.12134 2.98266 7.48782 5.48601 12.3137 7.49979 6.28549 5.78458 5.53634 4.70868 3.94975 6.63669 8.50304 4.88758
threshold=1.2611401081085207 48.55444526672364 0.20833333581686023 477.62445068359381 97.276393890380874 46.968334197998054 -0.2901292592287063 0.2269546836614609 12.877222061157228 0.4789473712444306 74.373470306396499 44.580556869506843 0.95319443941116344 0.81491607427597057
decision_type=2 2 2 2 2 2 2 2 2 2 2 2 2 2
left_child=-1 2 9 4 5 -3 -6 -8 -5 -2 11 12 -4 -14
right_child=1 3 10 8 6 -7 7 -9 -10 -11 -12 -13 13 -15
leaf_value=0.00010179665272319838 -4.7612118940429938e-05 0.00011837329938112295 -2.1496885116689373e-05 0.0020623808476214018 0.018895457185769991 -0.0026237371439268562 -0.0038328273795866074 0.00044594425248902343 -0.020363945888358832 -0.017965516337232156 0.00076329394610188722 -0.0014108842473103244 0.055984330627935446 0.00024593305187668285
leaf_weight=11259 51 111 508 56 128 166 64 117 151 68 477 261 60 50
leaf_count=11259 51 111 508 56 128 166 64 117 151 68 477 261 60 50
internal_value=6.98603e-05 -0.000767196 3.05085e-05 -0.00225095 -0.000767918 -0.00536101 0.00334951 -0.000248619 -0.00644928 -0.00718487 0.000663717 -0.00052901 0.00116505 0.00872727
internal_weight=13527 2268 1475 793 586 277 309 181 207 119 1356 879 618 110
internal_count=13527 2268 1475 793 586 277 309 181 207 119 1356 879 618 110
is_linear=0
shrinkage=0.03


Tree=385
num_leaves=15
num_cat=0
split_feature=22 53 64 69 43 70 69 43 34 69 27 67 43 67
split_gain=2.01318 3.76488 4.60583 7.18848 6.72731 6.72538 6.50556 8.05211 6.12411 5.20714 4.5232 3.93918 3.4945 5.89125
threshold=7.9835057258605966 26.500000000000004 1.0000000180025095e-35 420.69374084472662 0.032701563090086018 1.0000000180025095e-35 2.8322222232818608 -0.84874749183654774 46.003393173217781 1161.3919677734377 8.0609049797058123 1051.7708129882815 -0.72947329282760609 123.24208450317384
decision_type=2 2 2 2 2 2 2 2 2 2 2 2 2 2
left_child=-1 2 3 4 6 -4 7 -2 -6 -7 -9 12 13 -3
right_child=1 11 5 -5 8 9 -8 10 -10 -11 -12 -13 -14 -15
leaf_value=8.8853821992288998e-05 -0.024228154266482862 -0.0023759772453724893 -0.0032099742334678115 0.012109423099643805 -0.00095453956943380449 -7.6236713079116391e-05 0.0011372236148128412 0.0063429571383125816 0.0066077414158902271 -0.03355699322315344 -0.0063905802965058631 0.0014329567760211592 -0.0059441137247309506 0.0069606447588384853
leaf_weight=10044 72 54 68 176 80 1808 221 50 224 70 59 61 428 112
leaf_count=10044 72 54 68 176 80 1808 221 50 224 70 59 61 428 112
internal_value=8.3167e-05 -0.000538329 -6.36492e-05 0.00173469 0.000382436 -0.000878726 -0.00216418 -0.00638122 0.00375 -0.000543131 -0.00123853 -0.00258779 -0.00333333 0.000361446
internal_weight=13527 3483 2828 882 706 1946 402 181 304 1878 109 655 594 166
internal_count=13527 3483 2828 882 706 1946 402 181 304 1878 109 655 594 166
is_linear=0
shrinkage=0.03


Tree=386
num_leaves=15
num_cat=0
split_feature=34 63 42 42 65 40 23 15 45 22 68 59 19 42
split_gain=1.89364 5.45936 7.87929 5.98655 7.25962 6.5118 10.0087 9.87886 10.184 6.77306 5.76395 5.38717 4.55487 6.91429
threshold=46.50856018066407 210.07069396972659 0.81241145730018627 0.47114434838294988 22.959444046020511 0.17368421703577044 23.497777938842777 3.2271819114685063 1.0000000180025095e-35 8.0299396514892596 1.0000000180025095e-35 1.5000000000000002 0.48119148612022405 0.09796465560793878
decision_type=2 2 2 2 2 2 2 2 2 2 2 2 2 2
left_child=1 3 12 4 10 6 -5 8 9 -7 -1 -12 -3 -14
right_child=-2 2 -4 5 -6 7 -8 -9 -10 -11 11 -13 13 -15
leaf_value=0.0133299134589799 -3.0204461628039276e-05 -0.0065403511125120438 0.008758682788544964 -0.01105405786400036 0.014722959058629623 0.018979317600605689 0.0085967005153784106 0.0077387544653812765 -0.011808958813924289 -0.0017273150674088989 -0.0058892518611166154 0.0062526009872016985 -0.011594182969843951 0.0062664104455038934
leaf_weight=155 11340 248 92 106 407 87 75 209 159 53 364 106 70 56
leaf_count=155 11340 248 92 106 407 87 75 209 159 53 364 106 70 56
internal_value=7.65136e-05 0.000884774 -0.00199571 0.00166473 0.00311047 -0.000500726 -0.00538674 0.00124016 -0.00225753 0.00364286 0.00108 -0.000574468 -0.00393048 0.000714286
internal_weight=13527 2187 466 1721 1032 689 181 508 299 140 625 470 374 126
internal_count=13527 2187 466 1721 1032 689 181 508 299 140 625 470 374 126
is_linear=0
shrinkage=0.03


Tree=387
num_leaves=15
num_cat=0
split_feature=34 67 63 40 30 30 40 26 40 40 67 65 65 15
split_gain=2.26681 5.43629 4.62972 7.83254 10.8519 9.13262 8.10161 6.6913 8.56122 5.8571 5.35663 4.54324 6.94533 6.10721
threshold=46.50856018066407 3856.1191406250005 273.05610656738287 0.27894736826419836 0.6517857313156129 0.73363095521926891 0.10000000149011613 5043.5000000000009 0.38421052694320684 0.18421053141355517 362.90124511718756 22.959444046020511 51.78944396972657 11.908668994903566
decision_type=2 2 2 2 2 2 2 2 2 2 2 2 2 2
left_child=1 2 3 4 9 -6 -7 -4 -9 -1 -8 -5 -13 -14
right_child=-2 -3 7 11 5 6 10 8 -10 -11 -12 12 13 -15
leaf_value=-0.029834395396071182 -2.9298327779198098e-05 0.017474288761238393 -0.011577951325463536 0.00058263212109387096 0.033980310777875132 0.0088424528321642045 0.00023919985109699838 0.0052472170986693229 -0.0064881447747660737 0.00072509113687324156 -0.0075146899722459354 0.035472378787335695 0.0020496689753441012 0.011697167671763311
leaf_weight=122 11340 53 147 654 54 108 107 130 135 54 103 65 403 52
leaf_count=122 11340 53 147 654 54 108 107 130 135 54 103 65 403 52
internal_value=9.64737e-05 0.000980796 0.00074508 0.00142857 -0.00153285 0.00137097 -0.000566038 -0.00211165 0.000735849 -0.00767045 -0.004 0.0028109 0.00490385 0.00359341
internal_weight=13527 2187 2134 1722 548 372 318 412 265 176 210 1174 520 455
internal_count=13527 2187 2134 1722 548 372 318 412 265 176 210 1174 520 455
is_linear=0
shrinkage=0.03


Tree=388
num_leaves=15
num_cat=0
split_feature=34 63 42 43 30 18 70 40 34 40 40 65 14 40
split_gain=2.13938 4.76671 7.3718 4.9306 11.2251 9.26981 8.63322 8.58665 9.73642 8.39523 7.13229 6.30769 6.18673 5.50298
threshold=46.50856018066407 210.07069396972659 0.81241145730018627 0.29012925922870642 0.6517857313156129 0.36458332836627966 1.0000000180025095e-35 0.10000000149011613 46.003393173217781 0.721052646636963 0.73157894611358654 95.104999542236342 2520.0000000000005 0.16315789520740512
decision_type=2 2 2 2 2 2 2 2 2 2 2 2 2 2
left_child=1 3 -3 5 13 6 -1 -6 11 12 -8 -9 -7 -5
right_child=-2 2 -4 4 7 9 10 8 -10 -11 -12 -13 -14 -15
leaf_value=-0.0025017125314867571 -2.8419377945822157e-05 -0.0048608339582181604 0.0083385057919285535 -0.032529676478528252 0.016752714001247265 0.00059651172772863244 0.018033753159121993 0.019756125078103877 -0.022117454289726803 0.0026513329281930621 -0.0092904195936312755 -0.0014177251675702163 -0.0022251681794081546 0.00093378536598912217
leaf_weight=72 11340 374 92 112 131 312 470 68 55 85 98 87 175 56
leaf_count=72 11340 374 92 112 131 312 470 68 55 85 98 87 175 56
internal_value=9.42559e-05 0.000953361 -0.0017382 0.00168216 -0.000795678 0.00272277 0.00520312 0.00233138 -0.00142857 -5.24476e-05 0.00644366 0.00241935 -0.00157084 -0.00714286
internal_weight=13527 2187 466 1721 509 1212 640 341 210 572 568 155 487 168
internal_count=13527 2187 466 1721 509 1212 640 341 210 572 568 155 487 168
is_linear=0
shrinkage=0.03


Tree=389
num_leaves=15
num_cat=0
split_feature=34 63 26 40 43 23 18 70 40 40 43 14 55 65
split_gain=1.89556 4.84609 6.4907 8.7546 5.54937 11.2683 8.25318 7.55384 7.26355 6.51229 6.08974 5.69711 4.8276 4.2688
threshold=46.50856018066407 265.29597473144537 5043.5000000000009 0.38421052694320684 0.29012925922870642 23.497777938842777 0.36458332836627966 1.0000000180025095e-35 0.721052646636963 0.73157894611358654 -0.97335553169250477 2520.0000000000005 10.281527996063234 140.5170822143555
decision_type=2 2 2 2 2 2 2 2 2 2 2 2 2 2
left_child=1 4 12 -4 6 -6 7 -1 10 -9 -8 -12 -3 -5
right_child=-2 2 3 13 5 -7 8 9 -10 -11 11 -13 -14 -15
leaf_value=-0.0024266611555421535 -2.7566796607447494e-05 -0.018328307880242985 0.0050376355082035794 -0.012019650733582354 -0.007957588008695983 0.0086421222319201518 0.00092951312847012525 0.017316375472490642 0.0024405227679191108 -0.0090117070058223399 -1.0347336712284161e-05 -0.0036238463856466561 -0.001222456333265407 0.004357085757375527
leaf_weight=72 11340 87 134 85 306 215 68 484 87 98 284 149 68 50
leaf_count=72 11340 87 134 85 306 215 68 484 87 98 284 149 68 50
internal_value=8.98204e-05 0.000898491 -0.00198113 0.000836431 0.00159104 -0.00100768 0.00268116 0.005 0.000102041 0.00613402 -0.00128743 -0.00259815 -0.00687097 -0.00455556
internal_weight=13527 2187 424 269 1763 521 1242 654 588 582 501 433 155 135
internal_count=13527 2187 424 269 1763 521 1242 654 588 582 501 433 155 135
is_linear=0
shrinkage=0.03


Tree=390
num_leaves=15
num_cat=0
split_feature=34 67 43 7 22 63 18 70 40 65 67 63 3 45
split_gain=2.00492 4.2723 4.3625 10.5708 6.61311 6.25416 7.23244 6.98629 6.85286 6.29599 5.92489 5.35166 5.23187 4.81133
threshold=46.50856018066407 3856.1191406250005 0.29012925922870642 0.37267799675464636 7.4113485813140878 395.66348266601568 0.36458332836627966 1.0000000180025095e-35 0.721052646636963 13.429166316986086 6.2002775669097909 660.54571533203136 6.266261339187623 1.0000000180025095e-35
decision_type=2 2 2 2 2 2 2 2 2 2 2 2 2 2
left_child=1 2 5 10 -5 6 7 -1 -8 -9 -4 -7 -6 -12
right_child=-2 -3 3 4 12 11 8 9 -10 -11 13 -13 -14 -15
leaf_value=-0.0023538613208758763 -2.6739792709224071e-05 0.016174017370640888 0.0034690223206765847 -0.0067495188722687602 0.01763668250822106 -0.024959837182268744 -0.00074625825170156809 0.0093257132819243964 0.0022804810930357575 0.019531870556619337 -0.0063267341190049288 0.00081893207335640642 -0.004547064860989671 -0.027023534005467819
leaf_weight=72 11340 53 55 79 191 92 520 304 88 276 139 166 72 80
leaf_count=72 11340 53 55 79 191 92 520 304 88 276 139 166 72 80
internal_value=9.42559e-05 0.000925926 0.000716963 -0.00141234 0.00210526 0.00158103 0.00245238 0.00464724 9.86842e-05 0.00574138 -0.00580292 -0.00267442 0.00439163 -0.0080137
internal_weight=13527 2187 2134 616 342 1518 1260 652 608 580 274 258 263 219
internal_count=13527 2187 2134 616 342 1518 1260 652 608 580 274 258 263 219
is_linear=0
shrinkage=0.03


Tree=391
num_leaves=15
num_cat=0
split_feature=67 67 36 22 54 65 56 43 67 59 43 6 18 67
split_gain=2.39698 4.01025 2.63398 2.39924 4.03927 4.0617 3.80353 8.22056 7.78693 5.8873 5.30016 11.7115 8.09011 7.10538
threshold=5311.6538085937509 3856.1191406250005 5.5000000000000009 7.9637379646301278 1.0000000180025095e-35 2121.036987304688 13.500000000000002 -0.77259656786918629 1080.9033813476565 41.500000000000007 -0.097964655607938753 0.20833333581686023 0.51041665673255932 33.484445571899421
decision_type=2 2 2 2 2 2 2 2 2 2 2 2 2 2
left_child=1 3 -3 -1 -5 6 9 -8 -9 10 -6 -12 -13 -14
right_child=-2 2 -4 4 5 -7 7 8 -10 -11 11 12 13 -15
leaf_value=7.9223999217054676e-05 -0.0040069767071336223 0.00010356888221546345 0.02404888326262684 0.0061641243179963376 -0.00091599158137250386 0.020165796174038974 0.0037221390825313747 -0.0096857408063950063 0.0047280952816398034 0.010665529743654466 -0.0013666750337069057 0.0031033726147823601 -0.0037018093832176069 0.011767225165278745
leaf_weight=9794 62 65 63 141 1369 52 198 506 50 159 531 341 133 63
leaf_count=9794 62 65 63 141 1369 52 198 506 50 159 531 341 133 63
internal_value=7.87314e-05 0.00010583 0.00539062 5.51098e-05 -0.000613887 -0.000820106 -0.000949254 -0.00282493 -0.00469424 -0.000404468 -0.000769389 0.000814607 0.00393855 -0.000918367
internal_weight=13527 13465 128 13337 3543 3402 3350 754 556 2596 2437 1068 537 196
internal_count=13527 13465 128 13337 3543 3402 3350 754 556 2596 2437 1068 537 196
is_linear=0
shrinkage=0.03


Tree=392
num_leaves=15
num_cat=0
split_feature=22 67 34 42 34 40 40 40 42 67 69 42 43 7
split_gain=2.50276 8.84725 7.63506 5.02858 4.26084 4.42981 3.84341 3.71065 3.63518 9.74966 8.00766 3.10527 2.61786 10.3922
threshold=8.4510140419006365 0.42722222208976751 49.06065750122071 0.81241145730018627 49.118133544921882 0.66842105984687816 0.57368421554565441 0.69999998807907116 0.58216583728790294 262.61473083496099 151.43444824218753 0.63405361771583568 -0.77259656786918629 0.32453168928623205
decision_type=2 2 2 2 2 2 2 2 2 2 2 2 2 2
left_child=12 4 6 -4 -2 11 8 -8 9 -3 -10 -6 13 -1
right_child=1 2 3 -5 5 -7 7 -9 10 -11 -12 -13 -14 -15
leaf_value=-0.00088053520962265701 -0.005906735792384237 -0.00097653336655658665 0.0079839627379614513 -0.00030018321731523301 -0.013080424865423552 0.0013675027351441624 -0.017697917099788942 -0.00044483396293978038 0.0024797834369204175 0.02055096377976489 -0.013333764481174376 -0.0020006863721884448 0.00011628054300730549 0.00039695660679165632
leaf_weight=1281 100 86 134 59 83 51 50 52 62 61 100 53 9360 1995
leaf_count=1281 100 86 134 59 83 51 50 52 62 61 100 53 9360 1995
internal_value=7.20781e-05 -0.00146465 0.000596026 0.00551813 -0.00580139 -0.00312834 -0.00171533 -0.00676471 -4.85437e-05 0.00336735 -0.00314815 -0.00595588 0.000180437 -0.000549451
internal_weight=13527 891 604 193 287 187 411 102 309 147 162 136 12636 3276
internal_count=13527 891 604 193 287 187 411 102 309 147 162 136 12636 3276
is_linear=0
shrinkage=0.03


Tree=393
num_leaves=15
num_cat=0
split_feature=17 34 63 42 43 23 18 69 40 43 14 69 13 40
split_gain=1.85514 1.89891 4.09335 5.88524 4.68274 8.8184 7.0307 7.43444 6.12527 5.372 4.8662 4.67381 4.53731 4.60309
threshold=1232.9111328125002 46.50856018066407 210.07069396972659 0.84874749183654796 0.29012925922870642 23.497777938842777 0.36458332836627966 17.871110916137699 0.721052646636963 -0.97335553169250477 2520.0000000000005 756.62860107421886 748.24984741210949 0.089473687112331404
decision_type=2 2 2 2 2 2 2 2 2 2 2 2 2 2
left_child=1 2 4 -4 6 12 7 -1 9 -8 -11 -9 13 -6
right_child=-2 -3 3 -5 5 -7 8 11 -10 10 -12 -13 -14 -15
leaf_value=0.0029865100129627996 0.007358744396426981 -2.1678397192772536e-05 -0.0044913389121443801 0.010342075435054596 0.0058761277116260403 0.0082198965184352227 0.00081590749752004756 0.024306414556367686 0.0024242976882519153 -8.0676182128467389e-05 -0.0032296612667329799 0.0088783754970314637 -0.010341409506634123 -0.0099631383985382977
leaf_weight=371 81 11259 385 81 73 210 66 208 85 272 149 61 88 138
leaf_count=371 81 11259 385 81 73 210 66 208 85 272 149 61 88 138
internal_value=0.000103127 7.5859e-05 0.000884774 -0.00160944 0.00156014 -0.000854617 0.00257426 0.00473437 0.000157343 -0.00113963 -0.00238717 0.0085316 -0.00416388 -0.00177725
internal_weight=13527 13446 2187 466 1721 509 1212 640 572 487 421 269 299 211
internal_count=13527 13446 2187 466 1721 509 1212 640 572 487 421 269 299 211
is_linear=0
shrinkage=0.03


Tree=394
num_leaves=15
num_cat=0
split_feature=0 40 3 3 15 12 26 63 40 49 22 69 21 67
split_gain=1.71936 3.60869 11.0095 6.72441 6.34921 10.0181 4.59184 3.9414 7.61171 6.98605 5.86537 4.58323 4.40222 8.59391
threshold=26.458333015441898 0.14210525900125506 0.23306712508201602 15.635231494903566 2.5160444974899296 167.79166412353518 8652.5000000000018 139.1549987792969 0.57368421554565441 16.391388893127445 7.7095611095428476 213.66916656494143 6.119215965270997 5.9224998950958261
decision_type=2 2 2 2 2 2 2 2 2 2 2 2 2 2
left_child=1 2 4 7 5 6 -1 9 11 12 -10 -9 13 -3
right_child=-2 3 -4 -5 -6 -7 -8 8 10 -11 -12 -13 -14 -15
leaf_value=-0.00021773002016163204 -3.4534692020056213e-05 0.014068667248138711 -0.023622506172273863 0.0073528722605112227 0.0022680604836257112 -0.029355853659236351 0.0068879096596660607 -0.0002633978816700098 -0.00019965717203031198 0.013612135800077255 -0.035742256941476494 0.0074869044129753926 -2.8131268316801854e-05 3.9240780452431953e-05
leaf_weight=98 11097 205 84 134 84 56 98 180 85 147 88 110 713 348
leaf_count=98 11097 205 84 134 84 56 98 180 85 147 88 110 713 348
internal_value=9.20381e-05 0.000814815 -0.00171429 0.00134328 0.000714286 -0.00166667 0.00153061 0.000879531 -0.00152268 0.00166667 -0.00650289 0.00144828 0.000947867 0.0029566
internal_weight=13527 2430 420 2010 336 252 196 1876 463 1413 173 290 1266 553
internal_count=13527 2430 420 2010 336 252 196 1876 463 1413 173 290 1266 553
is_linear=0
shrinkage=0.03


Tree=395
num_leaves=15
num_cat=0
split_feature=22 67 34 63 65 42 15 40 42 18 69 40 69 40
split_gain=1.74424 7.44754 6.8651 5.17938 5.86024 4.81665 4.60626 2.91583 4.01852 9.69344 7.11895 2.7484 2.25 2.22796
threshold=8.4510140419006365 0.42722222208976751 49.06065750122071 18.053889274597172 30.522916793823246 0.81241145730018627 1.0533679723739626 0.55263158679008495 0.58216583728790294 0.55208334326744091 151.43444824218753 0.69999998807907116 361.50083923339849 0.61578947305679332
decision_type=2 2 2 2 2 2 2 2 2 2 2 2 2 2
left_child=13 3 7 4 6 -4 -2 8 9 -3 -10 -9 -12 -1
right_child=1 2 5 -5 -6 -7 -8 11 10 -11 12 -13 -14 -15
leaf_value=-1.4936861909637707e-05 0.00059360082872410497 -0.0023599274426548611 0.0077461302484989857 0.0010895192716909442 -0.010416733705720112 -0.00028949132811939115 -0.0072638169912316993 -0.016265985925155678 0.0020961637115217611 0.021679295870296825 -0.026617020507069926 -0.0003987262598235551 -0.0013579480662771015 0.00033147685484260944
leaf_weight=9204 90 72 134 50 72 59 75 60 62 65 50 52 50 3432
leaf_count=9204 90 72 134 50 72 59 75 60 62 65 50 52 50 3432
internal_value=8.76026e-05 -0.00119529 0.000695364 -0.00517422 -0.00702532 0.00536269 -0.00390909 -0.00149635 5.01672e-05 0.00383212 -0.00314815 -0.005625 -0.0081 0.000178063
internal_weight=13527 891 604 287 237 193 165 411 299 137 162 112 100 12636
internal_count=13527 891 604 287 237 193 165 411 299 137 162 112 100 12636
is_linear=0
shrinkage=0.03


Tree=396
num_leaves=15
num_cat=0
split_feature=30 67 40 65 69 68 67 43 67 40 6 40 15 43
split_gain=1.82918 6.72185 5.76762 9.15777 4.84501 4.0228 3.70506 5.17037 4.06697 3.11431 3.25183 3.15696 2.48775 10.2519
threshold=0.83482143282890331 463.97013854980474 0.12105263024568559 67.328887939453139 287.69555664062506 1.0000000180025095e-35 86.793334960937514 -0.58216583728790272 147.67402648925784 0.74210524559021007 0.20833333581686023 0.27894736826419836 17.704789161682132 -0.93540480732917775
decision_type=2 2 2 2 2 2 2 2 2 2 2 2 2 2
left_child=12 2 3 -2 -3 -4 9 -8 -9 10 -7 -12 -1 -14
right_child=1 4 5 -5 -6 6 7 8 -10 -11 11 -13 13 -15
leaf_value=1.2251754241985323e-05 0.00032081320525381365 -0.0014051610195092712 0.0052745276023065286 -0.017124802634694739 -0.047592349790897721 -0.010008233533659814 0.010963828345303295 0.0018391371223521167 -0.013068490003490809 0.0024607633630178193 -0.01013273322346496 1.8164272595543608e-05 -0.0018013688305074903 0.00034729693235880266
leaf_weight=11583 50 64 65 69 94 66 95 51 52 94 51 221 132 840
leaf_count=11583 50 64 65 69 94 66 95 51 52 94 51 221 132 840
internal_value=8.09492e-05 -0.00117284 -7.37101e-05 -0.00617647 -0.00683544 0.000971223 0.000238095 0.00363636 -0.00101942 -0.00131944 -0.00266272 -0.00121324 0.000178017 0.0016358
internal_weight=13527 972 814 119 158 695 630 198 103 432 338 272 12555 972
internal_count=13527 972 814 119 158 695 630 198 103 432 338 272 12555 972
is_linear=0
shrinkage=0.03


Tree=397
num_leaves=15
num_cat=0
split_feature=33 40 65 58 67 33 67 27 43 69 42 27 67 25
split_gain=1.83324 7.83661 4.19249 2.36381 2.41048 1.98292 4.70294 4.76088 4.37769 4.01425 3.86205 5.06586 3.76923 2.87526
threshold=69.806602478027358 0.67894738912582409 44.580556869506843 0.0081944447010755556 3.3109722137451176 62.703935623168952 43.341112136840827 16.919201850891117 -0.35206145048141474 0.51375001668930065 0.63405361771583568 11.530103683471681 141.06819152832034 612.21466064453136
decision_type=2 2 2 2 2 2 2 2 2 2 2 2 2 2
left_child=5 2 3 4 -2 -1 7 8 -7 -9 13 -12 -13 -8
right_child=1 -3 -4 -5 -6 6 10 9 -10 -11 11 12 -14 -15
leaf_value=2.7037160684999505e-05 -0.024732947414625877 0.0084359621185195448 0.0021375854360320369 0.00053207966247775568 -0.00033193950160404384 -0.023839185434490283 0.0046020626716990962 -8.866974213281866e-05 -0.0010934641657176477 0.00012100199231444355 0.0036703335257273514 -3.3744163928681733e-05 -0.015379572785474175 0.00051270570760965307
leaf_weight=12393 57 64 98 52 53 114 52 114 98 82 60 80 50 160
leaf_count=12393 57 64 98 52 53 114 52 114 98 82 60 80 50 160
internal_value=8.53848e-05 0.00231481 0 -0.00296296 -0.00545455 3.06748e-05 -0.00140741 -0.00367647 -0.00679245 -0.000306122 0.000895522 -0.00221053 -0.00553846 0.00367925
internal_weight=13527 324 260 162 110 13203 810 408 212 196 402 190 130 212
internal_count=13527 324 260 162 110 13203 810 408 212 196 402 190 130 212
is_linear=0
shrinkage=0.03


Tree=398
num_leaves=15
num_cat=0
split_feature=13 67 63 63 63 69 40 40 0 26 67 43 67 35
split_gain=1.84044 10.9514 6.47005 6.33919 6.80443 9.14479 6.16223 6.88363 5.37797 3.57151 3.45859 7.58234 12.7508 9.75088
threshold=1010.3036499023439 561.37081909179699 40.878334045410163 813.67831420898449 26.28416728973389 387.79444885253912 0.22631578892469409 0.078947369009256377 762.33334350585949 7648.0000000000009 144.84111022949222 -0.41248606145381922 47.205833435058601 167.49777984619143
decision_type=2 2 2 2 2 2 2 2 2 2 2 2 2 2
left_child=10 3 8 4 9 6 7 -6 -3 -2 11 -1 -13 -14
right_child=1 2 -4 -5 5 -7 -8 -9 -10 -11 -12 12 13 -15
leaf_value=-0.00061765486711020778 -0.02050613563201216 -0.0040564998025385355 -0.022845075199722654 0.0017790323122591322 -0.0094056032047402996 0.010954459591954286 -0.0015124368139867882 0.0025985998084891637 0.020140416238172029 0.00053425879546097565 0.00030028713006506001 0.00046209186359170924 -0.00013743571933788167 -0.010110273322289847
leaf_weight=2841 92 117 189 134 61 98 289 99 76 1356 4413 2889 619 254
leaf_count=2841 92 117 189 134 61 98 289 99 76 1356 4413 2889 619 254
internal_value=6.98603e-05 -0.000663082 -0.00534031 0.000176139 -0.00024812 -0.00309872 -0.00491091 -0.0001875 -0.00147668 0.000828729 0.000236928 -0.000197637 0.000685805 -0.00249141
internal_weight=13527 2511 382 2129 1995 547 449 160 193 1448 11016 6603 3762 873
internal_count=13527 2511 382 2129 1995 547 449 160 193 1448 11016 6603 3762 873
is_linear=0
shrinkage=0.03


Tree=399
num_leaves=15
num_cat=0
split_feature=0 40 3 53 15 12 63 18 40 22 67 63 10 65
split_gain=2.28335 4.18626 10.0595 6.41151 6.03571 9.80612 4.11145 6.00289 5.69464 6.325 5.09302 4.77578 4.80698 5.77508
threshold=26.458333015441898 0.14210525900125506 0.23306712508201602 130.50000000000003 2.5160444974899296 167.79166412353518 139.1549987792969 0.40625000000000006 0.57368421554565441 7.7095611095428476 1080.9033813476565 23.556666374206547 1.1855646967887881 9.4563889503479022
decision_type=2 2 2 2 2 2 2 2 2 2 2 2 2 2
left_child=1 2 4 6 5 -1 7 11 -8 -10 -9 12 13 -3
right_child=-2 3 -4 -5 -6 -7 8 10 9 -11 -12 -13 -14 -15
leaf_value=0.00010878654442914615 -2.2261809782843332e-05 0.009322775291808685 -0.022923570162598134 0.016545619711682846 0.0023358678486465356 -0.028489771366957548 0.00065108488923852007 9.6201251664318965e-05 -2.4760287836566573e-05 -0.034678778761272504 -0.012628255671678542 0.016751661295347081 0.014476415645293015 -0.0021067466011782886
leaf_weight=196 11097 131 84 90 84 56 273 985 92 88 64 87 89 111
leaf_count=196 11097 131 84 90 84 56 273 985 92 88 64 87 89 111
internal_value=0.000105345 0.000938272 -0.00178571 0.00150746 0.000535714 -0.00178571 0.00114062 0.00191207 -0.00135762 -0.0055 0.000700667 0.00495215 0.00330816 0.0011157
internal_weight=13527 2430 420 2010 336 252 1920 1467 453 180 1049 418 331 242
internal_count=13527 2430 420 2010 336 252 1920 1467 453 180 1049 418 331 242
is_linear=0
shrinkage=0.03


end of trees

feature_importances:
Column_40=572
Column_67=303
Column_69=281
Column_65=262
Column_34=234
Column_63=209
Column_28=203
Column_15=195
Column_0=179
Column_12=175
Column_43=170
Column_24=160
Column_33=160
Column_36=158
Column_30=131
Column_42=131
Column_21=115
Column_22=115
Column_6=111
Column_13=109
Column_27=100
Column_1=97
Column_10=94
Column_14=92
Column_25=83
Column_18=78
Column_35=77
Column_3=76
Column_23=76
Column_29=61
Column_11=60
Column_16=60
Column_45=58
Column_17=55
Column_26=55
Column_9=54
Column_2=51
Column_44=44
Column_56=35
Column_19=34
Column_64=29
Column_66=28
Column_53=27
Column_50=25
Column_31=24
Column_4=22
Column_5=20
Column_59=20
Column_7=18
Column_52=18
Column_55=15
Column_68=14
Column_58=12
Column_49=6
Column_70=6
Column_54=2
Column_38=1

parameters:
[boosting: gbdt]
[objective: quantile]
[metric: quantile]
[tree_learner: serial]
[device_type: cpu]
[data_sample_strategy: bagging]
[data: ]
[valid: ]
[num_iterations: 400]
[learning_rate: 0.03]
[num_leaves: 15]
[num_threads: 1]
[seed: 20260907]
[deterministic: 1]
[force_col_wise: 1]
[force_row_wise: 0]
[histogram_pool_size: -1]
[max_depth: -1]
[min_data_in_leaf: 50]
[min_sum_hessian_in_leaf: 0.001]
[bagging_fraction: 1]
[pos_bagging_fraction: 1]
[neg_bagging_fraction: 1]
[bagging_freq: 0]
[bagging_seed: 11947]
[bagging_by_query: 0]
[feature_fraction: 1]
[feature_fraction_bynode: 1]
[feature_fraction_seed: 10681]
[extra_trees: 0]
[extra_seed: 22213]
[early_stopping_round: 0]
[early_stopping_min_delta: 0]
[first_metric_only: 0]
[max_delta_step: 0]
[lambda_l1: 0]
[lambda_l2: 0]
[linear_lambda: 0]
[min_gain_to_split: 0]
[drop_rate: 0.1]
[max_drop: 50]
[skip_drop: 0.5]
[xgboost_dart_mode: 0]
[uniform_drop: 0]
[drop_seed: 19930]
[top_rate: 0.2]
[other_rate: 0.1]
[min_data_per_group: 100]
[max_cat_threshold: 32]
[cat_l2: 10]
[cat_smooth: 10]
[max_cat_to_onehot: 4]
[top_k: 20]
[monotone_constraints: ]
[monotone_constraints_method: basic]
[monotone_penalty: 0]
[feature_contri: ]
[forcedsplits_filename: ]
[refit_decay_rate: 0.9]
[cegb_tradeoff: 1]
[cegb_penalty_split: 0]
[cegb_penalty_feature_lazy: ]
[cegb_penalty_feature_coupled: ]
[path_smooth: 0]
[interaction_constraints: ]
[verbosity: -1]
[saved_feature_importance_type: 0]
[use_quantized_grad: 0]
[num_grad_quant_bins: 4]
[quant_train_renew_leaf: 0]
[stochastic_rounding: 1]
[linear_tree: 0]
[max_bin: 255]
[max_bin_by_feature: ]
[min_data_in_bin: 3]
[bin_construct_sample_cnt: 200000]
[data_random_seed: 5043]
[is_enable_sparse: 1]
[enable_bundle: 1]
[use_missing: 1]
[zero_as_missing: 0]
[feature_pre_filter: 1]
[pre_partition: 0]
[two_round: 0]
[header: 0]
[label_column: ]
[weight_column: ]
[group_column: ]
[ignore_column: ]
[categorical_feature: ]
[forcedbins_filename: ]
[precise_float_parser: 0]
[parser_config_file: ]
[objective_seed: 3273]
[num_class: 1]
[is_unbalance: 0]
[scale_pos_weight: 1]
[sigmoid: 1]
[boost_from_average: 1]
[reg_sqrt: 0]
[alpha: 0.5]
[fair_c: 1]
[poisson_max_delta_step: 0.7]
[tweedie_variance_power: 1.5]
[lambdarank_truncation_level: 30]
[lambdarank_norm: 1]
[label_gain: ]
[lambdarank_position_bias_regularization: 0]
[eval_at: ]
[multi_error_top_k: 1]
[auc_mu_weights: ]
[num_machines: 1]
[local_listen_port: 12400]
[time_out: 120]
[machine_list_filename: ]
[machines: ]
[gpu_platform_id: -1]
[gpu_device_id: -1]
[gpu_use_dp: 0]
[num_gpu: 1]

end of parameters

pandas_categorical:null
