day,job_uid,submit_time,initial_admission_attempt,admitted_time,capacity_wait_seconds,capacity_wait_slots,site,GPU_gang,queue_position,completion_observed_time,release_control_time,grid_reads,future_end_reads,future_duration_reads,optimizer_calls,timeshift_optimization,migration_optimization,capacity_wait_censored_at_horizon,capacity_wait,carryout,latest_state
2025-04-21,8065401,2025-04-10T14:13:37+10:00,2025-04-20T18:00:00+10:00,2025-04-18T03:00:03+10:00,0.0,0,AIDC01,4,0,,,0,0,0,0,False,False,False,False,True,RUNNING
2025-04-21,8070137,2025-04-10T14:27:43+10:00,2025-04-20T18:00:00+10:00,2025-04-19T00:11:43+10:00,0.0,0,AIDC01,4,0,,,0,0,0,0,False,False,False,False,True,RUNNING
2025-04-21,8070307,2025-04-10T14:28:33+10:00,2025-04-20T18:00:00+10:00,2025-04-19T00:11:43+10:00,0.0,0,AIDC01,4,0,,,0,0,0,0,False,False,False,False,True,RUNNING
2025-04-21,8070321,2025-04-10T14:29:28+10:00,2025-04-20T18:00:00+10:00,2025-04-19T00:32:39+10:00,0.0,0,AIDC01,4,0,,,0,0,0,0,False,False,False,False,True,RUNNING
2025-04-21,8070325,2025-04-10T14:30:38+10:00,2025-04-20T18:00:00+10:00,2025-04-19T00:32:39+10:00,0.0,0,AIDC01,4,0,,,0,0,0,0,False,False,False,False,True,RUNNING
2025-04-21,8070333,2025-04-10T14:34:01+10:00,2025-04-20T18:00:00+10:00,2025-04-20T06:10:04+10:00,0.0,0,AIDC01,4,0,,,0,0,0,0,False,False,False,False,True,RUNNING
2025-04-21,8070337,2025-04-10T14:36:34+10:00,2025-04-20T18:00:00+10:00,2025-04-20T06:19:19+10:00,0.0,0,AIDC01,4,0,,,0,0,0,0,False,False,False,False,True,RUNNING
2025-04-21,8070341,2025-04-10T14:37:54+10:00,2025-04-20T18:00:00+10:00,2025-04-20T07:42:17+10:00,0.0,0,AIDC01,4,0,,,0,0,0,0,False,False,False,False,True,RUNNING
2025-04-21,8070342,2025-04-10T14:38:49+10:00,2025-04-20T18:00:00+10:00,2025-04-20T09:09:09+10:00,0.0,0,AIDC01,4,0,,,0,0,0,0,False,False,False,False,True,RUNNING
2025-04-21,8070346,2025-04-10T14:39:28+10:00,2025-04-20T18:00:00+10:00,2025-04-20T09:29:02+10:00,0.0,0,AIDC01,4,0,,,0,0,0,0,False,False,False,False,True,RUNNING
2025-04-21,8206609,2025-04-12T01:10:43+10:00,2025-04-20T18:00:00+10:00,2025-04-18T16:57:35+10:00,0.0,0,AIDC01,4,0,,,0,0,0,0,False,False,False,False,True,RUNNING
2025-04-21,8207233,2025-04-12T01:14:21+10:00,2025-04-20T18:00:00+10:00,2025-04-18T16:57:38+10:00,0.0,0,AIDC01,4,0,,,0,0,0,0,False,False,False,False,True,RUNNING
2025-04-21,8209142,2025-04-12T01:27:00+10:00,2025-04-20T18:00:00+10:00,2025-04-18T16:57:38+10:00,0.0,0,AIDC01,4,0,,,0,0,0,0,False,False,False,False,True,RUNNING
2025-04-21,8209662,2025-04-12T01:30:30+10:00,2025-04-20T18:00:00+10:00,2025-04-18T16:57:38+10:00,0.0,0,AIDC01,4,0,,,0,0,0,0,False,False,False,False,True,RUNNING
2025-04-21,8210260,2025-04-12T01:32:06+10:00,2025-04-20T18:00:00+10:00,2025-04-18T17:13:18+10:00,0.0,0,AIDC01,4,0,,,0,0,0,0,False,False,False,False,True,RUNNING
2025-04-21,8210399,2025-04-12T01:33:27+10:00,2025-04-20T18:00:00+10:00,2025-04-18T17:22:00+10:00,0.0,0,AIDC01,4,0,,,0,0,0,0,False,False,False,False,True,RUNNING
2025-04-21,8210589,2025-04-12T01:35:14+10:00,2025-04-20T18:00:00+10:00,2025-04-18T17:59:15+10:00,0.0,0,AIDC02,4,0,,,0,0,0,0,False,False,False,False,True,RUNNING
2025-04-21,8210781,2025-04-12T01:36:41+10:00,2025-04-20T18:00:00+10:00,2025-04-18T18:29:11+10:00,0.0,0,AIDC02,4,0,,,0,0,0,0,False,False,False,False,True,RUNNING
2025-04-21,8210874,2025-04-12T01:37:50+10:00,2025-04-20T18:00:00+10:00,2025-04-18T19:34:03+10:00,0.0,0,AIDC02,4,0,,,0,0,0,0,False,False,False,False,True,RUNNING
2025-04-21,8456741,2025-04-15T02:06:11+10:00,2025-04-20T18:00:00+10:00,2025-04-15T02:15:20+10:00,0.0,0,AIDC02,4,0,,,0,0,0,0,False,False,False,False,True,RUNNING
2025-04-21,8456742,2025-04-15T02:06:14+10:00,2025-04-20T18:00:00+10:00,2025-04-15T02:15:22+10:00,0.0,0,AIDC02,4,0,,,0,0,0,0,False,False,False,False,True,RUNNING
2025-04-21,8456743,2025-04-15T02:06:16+10:00,2025-04-20T18:00:00+10:00,2025-04-15T02:16:00+10:00,0.0,0,AIDC02,4,0,,,0,0,0,0,False,False,False,False,True,RUNNING
2025-04-21,8457376,2025-04-15T04:22:36+10:00,2025-04-20T18:00:00+10:00,2025-04-15T04:22:43+10:00,0.0,0,AIDC02,4,0,,,0,0,0,0,False,False,False,False,True,RUNNING
2025-04-21,8466587,2025-04-15T07:03:34+10:00,2025-04-20T18:00:00+10:00,2025-04-15T09:00:42+10:00,0.0,0,AIDC02,4,0,,,0,0,0,0,False,False,False,False,True,RUNNING
2025-04-21,8470576,2025-04-15T08:31:40+10:00,2025-04-20T18:00:00+10:00,2025-04-15T10:38:02+10:00,0.0,0,AIDC02,4,0,,,0,0,0,0,False,False,False,False,True,RUNNING
2025-04-21,8470577,2025-04-15T08:31:47+10:00,2025-04-20T18:00:00+10:00,2025-04-15T10:38:02+10:00,0.0,0,AIDC02,4,0,,,0,0,0,0,False,False,False,False,True,RUNNING
2025-04-21,8495222,2025-04-15T23:30:06+10:00,2025-04-20T18:00:00+10:00,2025-04-15T23:31:02+10:00,0.0,0,AIDC03,4,0,,,0,0,0,0,False,False,False,False,True,RUNNING
2025-04-21,8497743,2025-04-16T00:46:16+10:00,2025-04-20T18:00:00+10:00,2025-04-16T00:46:48+10:00,0.0,0,AIDC03,4,0,,,0,0,0,0,False,False,False,False,True,RUNNING
2025-04-21,8515862,2025-04-18T01:46:40+10:00,2025-04-20T18:00:00+10:00,2025-04-18T06:02:16+10:00,0.0,0,AIDC03,4,0,,,0,0,0,0,False,False,False,False,True,RUNNING
2025-04-21,8515986,2025-04-18T02:11:56+10:00,2025-04-20T18:00:00+10:00,2025-04-18T06:08:19+10:00,0.0,0,AIDC03,4,0,,,0,0,0,0,False,False,False,False,True,RUNNING
2025-04-21,8516931,2025-04-18T05:56:30+10:00,2025-04-20T18:00:00+10:00,2025-04-18T05:56:32+10:00,0.0,0,AIDC03,4,0,,,0,0,0,0,False,False,False,False,True,RUNNING
2025-04-21,8517787,2025-04-18T07:45:26+10:00,2025-04-20T18:00:00+10:00,2025-04-18T09:20:41+10:00,0.0,0,AIDC06,1,0,2025-04-21T07:58:14+10:00,2025-04-21T08:00:00+10:00,0,0,0,0,False,False,False,False,False,COMPLETED
2025-04-21,8518743,2025-04-18T10:08:13+10:00,2025-04-20T18:00:00+10:00,2025-04-20T09:34:54+10:00,0.0,0,AIDC04,2,0,2025-04-20T18:33:50+10:00,2025-04-20T18:45:00+10:00,0,0,0,0,False,False,False,False,False,COMPLETED
2025-04-21,8518790,2025-04-18T10:08:23+10:00,2025-04-20T18:00:00+10:00,2025-04-20T10:57:35+10:00,0.0,0,AIDC04,2,0,2025-04-20T18:57:52+10:00,2025-04-20T19:00:00+10:00,0,0,0,0,False,False,False,False,False,COMPLETED
2025-04-21,8518797,2025-04-18T10:08:23+10:00,2025-04-20T18:00:00+10:00,2025-04-20T11:19:19+10:00,0.0,0,AIDC05,2,0,2025-04-20T20:17:19+10:00,2025-04-20T20:30:00+10:00,0,0,0,0,False,False,False,False,False,COMPLETED
2025-04-21,8518806,2025-04-18T10:08:26+10:00,2025-04-20T18:00:00+10:00,2025-04-20T11:59:54+10:00,0.0,0,AIDC05,2,0,2025-04-20T19:55:08+10:00,2025-04-20T20:00:00+10:00,0,0,0,0,False,False,False,False,False,COMPLETED
2025-04-21,8518820,2025-04-18T10:08:28+10:00,2025-04-20T18:00:00+10:00,2025-04-20T12:31:18+10:00,0.0,0,AIDC05,2,0,2025-04-20T20:10:17+10:00,2025-04-20T20:15:00+10:00,0,0,0,0,False,False,False,False,False,COMPLETED
2025-04-21,8518832,2025-04-18T10:08:31+10:00,2025-04-20T18:00:00+10:00,2025-04-20T13:37:05+10:00,0.0,0,AIDC05,2,0,2025-04-20T18:32:27+10:00,2025-04-20T18:45:00+10:00,0,0,0,0,False,False,False,False,False,COMPLETED
2025-04-21,8518833,2025-04-18T10:08:31+10:00,2025-04-20T18:00:00+10:00,2025-04-20T13:37:05+10:00,0.0,0,AIDC05,2,0,2025-04-20T18:24:28+10:00,2025-04-20T18:30:00+10:00,0,0,0,0,False,False,False,False,False,COMPLETED
2025-04-21,8518846,2025-04-18T10:08:33+10:00,2025-04-20T18:00:00+10:00,2025-04-20T14:19:27+10:00,0.0,0,AIDC05,2,0,2025-04-20T19:44:53+10:00,2025-04-20T19:45:00+10:00,0,0,0,0,False,False,False,False,False,COMPLETED
2025-04-21,8518847,2025-04-18T10:08:33+10:00,2025-04-20T18:00:00+10:00,2025-04-20T14:26:31+10:00,0.0,0,AIDC05,2,0,2025-04-20T19:10:28+10:00,2025-04-20T19:15:00+10:00,0,0,0,0,False,False,False,False,False,COMPLETED
2025-04-21,8518850,2025-04-18T10:08:33+10:00,2025-04-20T18:00:00+10:00,2025-04-20T14:26:31+10:00,0.0,0,AIDC05,2,0,2025-04-20T19:43:59+10:00,2025-04-20T19:45:00+10:00,0,0,0,0,False,False,False,False,False,COMPLETED
2025-04-21,8518852,2025-04-18T10:08:35+10:00,2025-04-20T18:00:00+10:00,2025-04-20T14:30:25+10:00,0.0,0,AIDC05,2,0,2025-04-20T19:35:49+10:00,2025-04-20T19:45:00+10:00,0,0,0,0,False,False,False,False,False,COMPLETED
2025-04-21,8518853,2025-04-18T10:08:36+10:00,2025-04-20T18:00:00+10:00,2025-04-20T14:30:42+10:00,0.0,0,AIDC05,2,0,2025-04-20T19:16:36+10:00,2025-04-20T19:30:00+10:00,0,0,0,0,False,False,False,False,False,COMPLETED
2025-04-21,8518855,2025-04-18T10:08:36+10:00,2025-04-20T18:00:00+10:00,2025-04-20T14:32:13+10:00,0.0,0,AIDC05,2,0,2025-04-20T18:18:08+10:00,2025-04-20T18:30:00+10:00,0,0,0,0,False,False,False,False,False,COMPLETED
2025-04-21,8518856,2025-04-18T10:08:36+10:00,2025-04-20T18:00:00+10:00,2025-04-20T14:32:28+10:00,0.0,0,AIDC05,2,0,2025-04-20T18:59:41+10:00,2025-04-20T19:00:00+10:00,0,0,0,0,False,False,False,False,False,COMPLETED
2025-04-21,8518857,2025-04-18T10:08:36+10:00,2025-04-20T18:00:00+10:00,2025-04-20T14:34:43+10:00,0.0,0,AIDC05,2,0,2025-04-20T19:48:13+10:00,2025-04-20T20:00:00+10:00,0,0,0,0,False,False,False,False,False,COMPLETED
2025-04-21,8518858,2025-04-18T10:08:36+10:00,2025-04-20T18:00:00+10:00,2025-04-20T14:42:12+10:00,0.0,0,AIDC05,2,0,2025-04-20T18:43:19+10:00,2025-04-20T18:45:00+10:00,0,0,0,0,False,False,False,False,False,COMPLETED
2025-04-21,8518859,2025-04-18T10:08:36+10:00,2025-04-20T18:00:00+10:00,2025-04-20T14:46:28+10:00,0.0,0,AIDC05,2,0,2025-04-20T21:32:26+10:00,2025-04-20T21:45:00+10:00,0,0,0,0,False,False,False,False,False,COMPLETED
2025-04-21,8518860,2025-04-18T10:08:36+10:00,2025-04-20T18:00:00+10:00,2025-04-20T14:46:45+10:00,0.0,0,AIDC05,2,0,2025-04-20T18:15:42+10:00,2025-04-20T18:30:00+10:00,0,0,0,0,False,False,False,False,False,COMPLETED
2025-04-21,8518861,2025-04-18T10:08:36+10:00,2025-04-20T18:00:00+10:00,2025-04-20T14:48:38+10:00,0.0,0,AIDC05,2,0,2025-04-20T18:09:32+10:00,2025-04-20T18:15:00+10:00,0,0,0,0,False,False,False,False,False,COMPLETED
2025-04-21,8518862,2025-04-18T10:08:36+10:00,2025-04-20T18:00:00+10:00,2025-04-20T14:52:33+10:00,0.0,0,AIDC05,2,0,2025-04-20T20:38:05+10:00,2025-04-20T20:45:00+10:00,0,0,0,0,False,False,False,False,False,COMPLETED
2025-04-21,8518863,2025-04-18T10:08:36+10:00,2025-04-20T18:00:00+10:00,2025-04-20T14:56:30+10:00,0.0,0,AIDC05,2,0,2025-04-20T18:11:24+10:00,2025-04-20T18:15:00+10:00,0,0,0,0,False,False,False,False,False,COMPLETED
2025-04-21,8518864,2025-04-18T10:08:38+10:00,2025-04-20T18:00:00+10:00,2025-04-20T14:58:10+10:00,0.0,0,AIDC05,2,0,2025-04-20T18:45:12+10:00,2025-04-20T19:00:00+10:00,0,0,0,0,False,False,False,False,False,COMPLETED
2025-04-21,8518865,2025-04-18T10:08:38+10:00,2025-04-20T18:00:00+10:00,2025-04-20T15:01:00+10:00,0.0,0,AIDC05,2,0,2025-04-20T18:44:04+10:00,2025-04-20T18:45:00+10:00,0,0,0,0,False,False,False,False,False,COMPLETED
2025-04-21,8518866,2025-04-18T10:08:38+10:00,2025-04-20T18:00:00+10:00,2025-04-20T15:02:35+10:00,0.0,0,AIDC05,2,0,2025-04-20T18:59:09+10:00,2025-04-20T19:00:00+10:00,0,0,0,0,False,False,False,False,False,COMPLETED
2025-04-21,8518867,2025-04-18T10:08:38+10:00,2025-04-20T18:00:00+10:00,2025-04-20T15:04:58+10:00,0.0,0,AIDC05,2,0,2025-04-20T19:00:01+10:00,2025-04-20T19:15:00+10:00,0,0,0,0,False,False,False,False,False,COMPLETED
2025-04-21,8518868,2025-04-18T10:08:38+10:00,2025-04-20T18:00:00+10:00,2025-04-20T15:05:03+10:00,0.0,0,AIDC05,2,0,2025-04-20T18:36:02+10:00,2025-04-20T18:45:00+10:00,0,0,0,0,False,False,False,False,False,COMPLETED
2025-04-21,8518869,2025-04-18T10:08:38+10:00,2025-04-20T18:00:00+10:00,2025-04-20T15:08:52+10:00,0.0,0,AIDC05,2,0,2025-04-20T23:19:59+10:00,2025-04-20T23:30:00+10:00,0,0,0,0,False,False,False,False,False,COMPLETED
2025-04-21,8518870,2025-04-18T10:08:38+10:00,2025-04-20T18:00:00+10:00,2025-04-20T15:08:52+10:00,0.0,0,AIDC05,2,0,2025-04-20T23:19:59+10:00,2025-04-20T23:30:00+10:00,0,0,0,0,False,False,False,False,False,COMPLETED
2025-04-21,8518871,2025-04-18T10:08:38+10:00,2025-04-20T18:00:00+10:00,2025-04-20T15:09:29+10:00,0.0,0,AIDC05,2,0,2025-04-20T19:00:31+10:00,2025-04-20T19:15:00+10:00,0,0,0,0,False,False,False,False,False,COMPLETED
2025-04-21,8518872,2025-04-18T10:08:38+10:00,2025-04-20T18:00:00+10:00,2025-04-20T15:11:14+10:00,0.0,0,AIDC05,2,0,2025-04-20T19:10:20+10:00,2025-04-20T19:15:00+10:00,0,0,0,0,False,False,False,False,False,COMPLETED
2025-04-21,8518873,2025-04-18T10:08:38+10:00,2025-04-20T18:00:00+10:00,2025-04-20T15:17:11+10:00,0.0,0,AIDC05,2,0,2025-04-20T18:09:57+10:00,2025-04-20T18:15:00+10:00,0,0,0,0,False,False,False,False,False,COMPLETED
2025-04-21,8518874,2025-04-18T10:08:38+10:00,2025-04-20T18:00:00+10:00,2025-04-20T15:19:07+10:00,0.0,0,AIDC05,2,0,2025-04-20T18:13:55+10:00,2025-04-20T18:15:00+10:00,0,0,0,0,False,False,False,False,False,COMPLETED
2025-04-21,8518875,2025-04-18T10:08:38+10:00,2025-04-20T18:00:00+10:00,2025-04-20T15:20:34+10:00,0.0,0,AIDC05,2,0,2025-04-20T18:49:36+10:00,2025-04-20T19:00:00+10:00,0,0,0,0,False,False,False,False,False,COMPLETED
2025-04-21,8518876,2025-04-18T10:08:38+10:00,2025-04-20T18:00:00+10:00,2025-04-20T15:25:16+10:00,0.0,0,AIDC05,2,0,2025-04-20T19:10:40+10:00,2025-04-20T19:15:00+10:00,0,0,0,0,False,False,False,False,False,COMPLETED
2025-04-21,8518877,2025-04-18T10:08:40+10:00,2025-04-20T18:00:00+10:00,2025-04-20T15:25:18+10:00,0.0,0,AIDC05,2,0,2025-04-20T19:24:25+10:00,2025-04-20T19:30:00+10:00,0,0,0,0,False,False,False,False,False,COMPLETED
2025-04-21,8518878,2025-04-18T10:08:41+10:00,2025-04-20T18:00:00+10:00,2025-04-20T15:28:58+10:00,0.0,0,AIDC05,2,0,2025-04-20T18:45:54+10:00,2025-04-20T19:00:00+10:00,0,0,0,0,False,False,False,False,False,COMPLETED
2025-04-21,8518879,2025-04-18T10:08:41+10:00,2025-04-20T18:00:00+10:00,2025-04-20T15:29:06+10:00,0.0,0,AIDC05,2,0,2025-04-20T18:46:01+10:00,2025-04-20T19:00:00+10:00,0,0,0,0,False,False,False,False,False,COMPLETED
2025-04-21,8518880,2025-04-18T10:08:41+10:00,2025-04-20T18:00:00+10:00,2025-04-20T15:31:09+10:00,0.0,0,AIDC05,2,0,2025-04-20T18:01:52+10:00,2025-04-20T18:15:00+10:00,0,0,0,0,False,False,False,False,False,COMPLETED
2025-04-21,8518881,2025-04-18T10:08:41+10:00,2025-04-20T18:00:00+10:00,2025-04-20T15:38:02+10:00,0.0,0,AIDC05,2,0,2025-04-20T19:00:56+10:00,2025-04-20T19:15:00+10:00,0,0,0,0,False,False,False,False,False,COMPLETED
2025-04-21,8518882,2025-04-18T10:08:41+10:00,2025-04-20T18:00:00+10:00,2025-04-20T15:38:17+10:00,0.0,0,AIDC05,2,0,2025-04-20T20:37:38+10:00,2025-04-20T20:45:00+10:00,0,0,0,0,False,False,False,False,False,COMPLETED
2025-04-21,8518883,2025-04-18T10:08:41+10:00,2025-04-20T18:00:00+10:00,2025-04-20T15:39:44+10:00,0.0,0,AIDC05,2,0,2025-04-20T18:58:39+10:00,2025-04-20T19:00:00+10:00,0,0,0,0,False,False,False,False,False,COMPLETED
2025-04-21,8518884,2025-04-18T10:08:41+10:00,2025-04-20T18:00:00+10:00,2025-04-20T15:43:36+10:00,0.0,0,AIDC05,2,0,2025-04-20T19:00:34+10:00,2025-04-20T19:15:00+10:00,0,0,0,0,False,False,False,False,False,COMPLETED
2025-04-21,8518885,2025-04-18T10:08:41+10:00,2025-04-20T18:00:00+10:00,2025-04-20T15:46:06+10:00,0.0,0,AIDC05,2,0,2025-04-20T21:03:33+10:00,2025-04-20T21:15:00+10:00,0,0,0,0,False,False,False,False,False,COMPLETED
2025-04-21,8518886,2025-04-18T10:08:41+10:00,2025-04-20T18:00:00+10:00,2025-04-20T15:49:05+10:00,0.0,0,AIDC05,2,0,2025-04-20T20:28:23+10:00,2025-04-20T20:30:00+10:00,0,0,0,0,False,False,False,False,False,COMPLETED
2025-04-21,8518887,2025-04-18T10:08:41+10:00,2025-04-20T18:00:00+10:00,2025-04-20T15:49:27+10:00,0.0,0,AIDC05,2,0,2025-04-20T19:52:34+10:00,2025-04-20T20:00:00+10:00,0,0,0,0,False,False,False,False,False,COMPLETED
2025-04-21,8518888,2025-04-18T10:08:41+10:00,2025-04-20T18:00:00+10:00,2025-04-20T15:50:32+10:00,0.0,0,AIDC05,2,0,2025-04-20T19:11:30+10:00,2025-04-20T19:15:00+10:00,0,0,0,0,False,False,False,False,False,COMPLETED
2025-04-21,8518889,2025-04-18T10:08:43+10:00,2025-04-20T18:00:00+10:00,2025-04-20T15:54:12+10:00,0.0,0,AIDC05,2,0,2025-04-20T20:17:24+10:00,2025-04-20T20:30:00+10:00,0,0,0,0,False,False,False,False,False,COMPLETED
2025-04-21,8518890,2025-04-18T10:08:43+10:00,2025-04-20T18:00:00+10:00,2025-04-20T15:54:30+10:00,0.0,0,AIDC05,2,0,2025-04-20T20:25:46+10:00,2025-04-20T20:30:00+10:00,0,0,0,0,False,False,False,False,False,COMPLETED
2025-04-21,8518891,2025-04-18T10:08:43+10:00,2025-04-20T18:00:00+10:00,2025-04-20T15:56:08+10:00,0.0,0,AIDC05,2,0,2025-04-20T19:29:07+10:00,2025-04-20T19:30:00+10:00,0,0,0,0,False,False,False,False,False,COMPLETED
2025-04-21,8518892,2025-04-18T10:08:43+10:00,2025-04-20T18:00:00+10:00,2025-04-20T15:59:28+10:00,0.0,0,AIDC05,2,0,2025-04-20T20:28:46+10:00,2025-04-20T20:30:00+10:00,0,0,0,0,False,False,False,False,False,COMPLETED
2025-04-21,8518893,2025-04-18T10:08:43+10:00,2025-04-20T18:00:00+10:00,2025-04-20T16:01:26+10:00,0.0,0,AIDC05,2,0,2025-04-20T19:50:31+10:00,2025-04-20T20:00:00+10:00,0,0,0,0,False,False,False,False,False,COMPLETED
2025-04-21,8518894,2025-04-18T10:08:43+10:00,2025-04-20T18:00:00+10:00,2025-04-20T16:27:38+10:00,0.0,0,AIDC05,2,0,2025-04-20T19:22:28+10:00,2025-04-20T19:30:00+10:00,0,0,0,0,False,False,False,False,False,COMPLETED
2025-04-21,8518895,2025-04-18T10:08:43+10:00,2025-04-20T18:00:00+10:00,2025-04-20T16:27:38+10:00,0.0,0,AIDC06,2,0,2025-04-20T20:26:46+10:00,2025-04-20T20:30:00+10:00,0,0,0,0,False,False,False,False,False,COMPLETED
2025-04-21,8518896,2025-04-18T10:08:43+10:00,2025-04-20T18:00:00+10:00,2025-04-20T16:27:38+10:00,0.0,0,AIDC06,2,0,2025-04-20T20:06:44+10:00,2025-04-20T20:15:00+10:00,0,0,0,0,False,False,False,False,False,COMPLETED
2025-04-21,8518897,2025-04-18T10:08:43+10:00,2025-04-20T18:00:00+10:00,2025-04-20T16:33:02+10:00,0.0,0,AIDC06,2,0,2025-04-20T19:38:24+10:00,2025-04-20T19:45:00+10:00,0,0,0,0,False,False,False,False,False,COMPLETED
2025-04-21,8518898,2025-04-18T10:08:43+10:00,2025-04-20T18:00:00+10:00,2025-04-20T16:33:02+10:00,0.0,0,AIDC06,2,0,2025-04-20T19:19:53+10:00,2025-04-20T19:30:00+10:00,0,0,0,0,False,False,False,False,False,COMPLETED
2025-04-21,8518899,2025-04-18T10:08:43+10:00,2025-04-20T18:00:00+10:00,2025-04-20T16:42:56+10:00,0.0,0,AIDC06,2,0,2025-04-20T20:11:54+10:00,2025-04-20T20:15:00+10:00,0,0,0,0,False,False,False,False,False,COMPLETED
2025-04-21,8518900,2025-04-18T10:08:43+10:00,2025-04-20T18:00:00+10:00,2025-04-20T16:51:08+10:00,0.0,0,AIDC06,2,0,2025-04-20T20:28:08+10:00,2025-04-20T20:30:00+10:00,0,0,0,0,False,False,False,False,False,COMPLETED
2025-04-21,8518901,2025-04-18T10:08:45+10:00,2025-04-20T18:00:00+10:00,2025-04-20T16:51:08+10:00,0.0,0,AIDC06,2,0,2025-04-20T21:04:18+10:00,2025-04-20T21:15:00+10:00,0,0,0,0,False,False,False,False,False,COMPLETED
2025-04-21,8518902,2025-04-18T10:08:46+10:00,2025-04-20T18:00:00+10:00,2025-04-20T16:55:12+10:00,0.0,0,AIDC06,2,0,2025-04-20T21:21:01+10:00,2025-04-20T21:30:00+10:00,0,0,0,0,False,False,False,False,False,COMPLETED
2025-04-21,8518903,2025-04-18T10:08:46+10:00,2025-04-20T18:00:00+10:00,2025-04-20T16:55:12+10:00,0.0,0,AIDC06,2,0,2025-04-20T20:56:19+10:00,2025-04-20T21:00:00+10:00,0,0,0,0,False,False,False,False,False,COMPLETED
2025-04-21,8518904,2025-04-18T10:08:46+10:00,2025-04-20T18:00:00+10:00,2025-04-20T16:55:12+10:00,0.0,0,AIDC06,2,0,2025-04-20T19:58:06+10:00,2025-04-20T20:00:00+10:00,0,0,0,0,False,False,False,False,False,COMPLETED
2025-04-21,8518905,2025-04-18T10:08:46+10:00,2025-04-20T18:00:00+10:00,2025-04-20T16:59:14+10:00,0.0,0,AIDC06,2,0,2025-04-20T20:16:09+10:00,2025-04-20T20:30:00+10:00,0,0,0,0,False,False,False,False,False,COMPLETED
2025-04-21,8518906,2025-04-18T10:08:46+10:00,2025-04-20T18:00:00+10:00,2025-04-20T17:03:17+10:00,0.0,0,AIDC06,2,0,2025-04-20T19:52:06+10:00,2025-04-20T20:00:00+10:00,0,0,0,0,False,False,False,False,False,COMPLETED
2025-04-21,8518907,2025-04-18T10:08:46+10:00,2025-04-20T18:00:00+10:00,2025-04-20T17:07:22+10:00,0.0,0,AIDC06,2,0,2025-04-20T22:34:52+10:00,2025-04-20T22:45:00+10:00,0,0,0,0,False,False,False,False,False,COMPLETED
2025-04-21,8518908,2025-04-18T10:08:46+10:00,2025-04-20T18:00:00+10:00,2025-04-20T17:11:24+10:00,0.0,0,AIDC06,2,0,2025-04-20T22:08:48+10:00,2025-04-20T22:15:00+10:00,0,0,0,0,False,False,False,False,False,COMPLETED
2025-04-21,8518909,2025-04-18T10:08:46+10:00,2025-04-20T18:00:00+10:00,2025-04-20T17:11:24+10:00,0.0,0,AIDC06,2,0,2025-04-20T22:38:27+10:00,2025-04-20T22:45:00+10:00,0,0,0,0,False,False,False,False,False,COMPLETED
2025-04-21,8518910,2025-04-18T10:08:46+10:00,2025-04-20T18:00:00+10:00,2025-04-20T17:11:24+10:00,0.0,0,AIDC06,2,0,2025-04-20T20:14:19+10:00,2025-04-20T20:15:00+10:00,0,0,0,0,False,False,False,False,False,COMPLETED
2025-04-21,8518911,2025-04-18T10:08:46+10:00,2025-04-20T18:00:00+10:00,2025-04-20T17:22:26+10:00,0.0,0,AIDC06,2,0,2025-04-20T21:15:32+10:00,2025-04-20T21:30:00+10:00,0,0,0,0,False,False,False,False,False,COMPLETED
2025-04-21,8518912,2025-04-18T10:08:46+10:00,2025-04-20T18:00:00+10:00,2025-04-20T17:22:26+10:00,0.0,0,AIDC06,2,0,2025-04-20T21:43:40+10:00,2025-04-20T21:45:00+10:00,0,0,0,0,False,False,False,False,False,COMPLETED
2025-04-21,8518913,2025-04-18T10:08:46+10:00,2025-04-20T18:00:00+10:00,2025-04-20T17:22:26+10:00,0.0,0,AIDC06,2,0,2025-04-20T23:19:59+10:00,2025-04-20T23:30:00+10:00,0,0,0,0,False,False,False,False,False,COMPLETED
2025-04-21,8518914,2025-04-18T10:08:48+10:00,2025-04-20T18:00:00+10:00,2025-04-20T17:25:49+10:00,0.0,0,AIDC06,2,0,2025-04-20T21:08:53+10:00,2025-04-20T21:15:00+10:00,0,0,0,0,False,False,False,False,False,COMPLETED
2025-04-21,8518915,2025-04-18T10:08:48+10:00,2025-04-20T18:00:00+10:00,2025-04-20T17:29:14+10:00,0.0,0,AIDC06,2,0,2025-04-20T21:34:22+10:00,2025-04-20T21:45:00+10:00,0,0,0,0,False,False,False,False,False,COMPLETED
2025-04-21,8518916,2025-04-18T10:08:48+10:00,2025-04-20T18:00:00+10:00,2025-04-20T17:29:14+10:00,0.0,0,AIDC06,2,0,2025-04-20T21:22:21+10:00,2025-04-20T21:30:00+10:00,0,0,0,0,False,False,False,False,False,COMPLETED
2025-04-21,8518917,2025-04-18T10:08:48+10:00,2025-04-20T18:00:00+10:00,2025-04-20T17:29:14+10:00,0.0,0,AIDC06,2,0,2025-04-20T20:58:11+10:00,2025-04-20T21:00:00+10:00,0,0,0,0,False,False,False,False,False,COMPLETED
2025-04-21,8518918,2025-04-18T10:08:48+10:00,2025-04-20T18:00:00+10:00,2025-04-20T17:32:36+10:00,0.0,0,AIDC06,2,0,2025-04-20T20:57:34+10:00,2025-04-20T21:00:00+10:00,0,0,0,0,False,False,False,False,False,COMPLETED
2025-04-21,8518919,2025-04-18T10:08:48+10:00,2025-04-20T18:00:00+10:00,2025-04-20T17:35:58+10:00,0.0,0,AIDC06,2,0,2025-04-20T22:01:12+10:00,2025-04-20T22:15:00+10:00,0,0,0,0,False,False,False,False,False,COMPLETED
2025-04-21,8518920,2025-04-18T10:08:48+10:00,2025-04-20T18:00:00+10:00,2025-04-20T17:42:44+10:00,0.0,0,AIDC06,2,0,2025-04-20T20:19:32+10:00,2025-04-20T20:30:00+10:00,0,0,0,0,False,False,False,False,False,COMPLETED
2025-04-21,8518921,2025-04-18T10:08:48+10:00,2025-04-20T18:00:00+10:00,2025-04-20T17:46:06+10:00,0.0,0,AIDC06,2,0,2025-04-20T21:11:04+10:00,2025-04-20T21:15:00+10:00,0,0,0,0,False,False,False,False,False,COMPLETED
2025-04-21,8518922,2025-04-18T10:08:48+10:00,2025-04-20T18:00:00+10:00,2025-04-20T17:49:27+10:00,0.0,0,AIDC06,2,0,2025-04-20T21:14:27+10:00,2025-04-20T21:15:00+10:00,0,0,0,0,False,False,False,False,False,COMPLETED
2025-04-21,8518923,2025-04-18T10:08:48+10:00,2025-04-20T18:00:00+10:00,2025-04-20T17:52:50+10:00,0.0,0,AIDC06,2,0,2025-04-20T23:19:59+10:00,2025-04-20T23:30:00+10:00,0,0,0,0,False,False,False,False,False,COMPLETED
2025-04-21,8518924,2025-04-18T10:08:48+10:00,2025-04-20T18:00:00+10:00,2025-04-20T17:52:50+10:00,0.0,0,AIDC06,2,0,2025-04-20T22:58:20+10:00,2025-04-20T23:00:00+10:00,0,0,0,0,False,False,False,False,False,COMPLETED
2025-04-21,8518925,2025-04-18T10:08:48+10:00,2025-04-20T18:00:00+10:00,2025-04-20T17:52:50+10:00,0.0,0,AIDC06,2,0,2025-04-20T20:57:44+10:00,2025-04-20T21:00:00+10:00,0,0,0,0,False,False,False,False,False,COMPLETED
2025-04-21,8518926,2025-04-18T10:08:48+10:00,2025-04-20T18:00:00+10:00,2025-04-20T17:59:42+10:00,0.0,0,AIDC06,2,0,2025-04-20T21:24:41+10:00,2025-04-20T21:30:00+10:00,0,0,0,0,False,False,False,False,False,COMPLETED
2025-04-21,8519169,2025-04-18T10:09:36+10:00,2025-04-20T18:00:00+10:00,2025-04-20T12:15:56+10:00,0.0,0,AIDC06,2,0,2025-04-20T18:07:33+10:00,2025-04-20T18:15:00+10:00,0,0,0,0,False,False,False,False,False,COMPLETED
2025-04-21,8520692,2025-04-18T22:15:56+10:00,2025-04-20T18:00:00+10:00,2025-04-18T23:23:51+10:00,0.0,0,AIDC03,4,0,2025-04-20T22:21:11+10:00,2025-04-20T22:30:00+10:00,0,0,0,0,False,False,False,False,False,COMPLETED
2025-04-21,8521531,2025-04-19T02:20:57+10:00,2025-04-20T18:00:00+10:00,2025-04-19T08:42:38+10:00,0.0,0,AIDC01,8,0,2025-04-21T08:42:51+10:00,2025-04-21T08:45:00+10:00,0,0,0,0,False,False,False,False,False,COMPLETED
2025-04-21,8523608,2025-04-19T05:45:42+10:00,2025-04-20T18:00:00+10:00,2025-04-19T05:45:55+10:00,0.0,0,AIDC03,4,0,,,0,0,0,0,False,False,False,False,True,RUNNING
2025-04-21,8523612,2025-04-19T05:45:54+10:00,2025-04-20T18:00:00+10:00,2025-04-19T05:46:27+10:00,0.0,0,AIDC03,4,0,2025-04-21T12:24:56+10:00,2025-04-21T12:30:00+10:00,0,0,0,0,False,False,False,False,False,COMPLETED
2025-04-21,8523877,2025-04-19T06:21:04+10:00,2025-04-20T18:00:00+10:00,2025-04-19T06:21:15+10:00,0.0,0,AIDC03,4,0,2025-04-21T06:21:41+10:00,2025-04-21T06:30:00+10:00,0,0,0,0,False,False,False,False,False,COMPLETED
2025-04-21,8526597,2025-04-19T10:17:59+10:00,2025-04-20T18:00:00+10:00,2025-04-19T11:22:41+10:00,0.0,0,AIDC03,4,0,2025-04-21T11:22:41+10:00,2025-04-21T11:30:00+10:00,0,0,0,0,False,False,False,False,False,COMPLETED
2025-04-21,8527094,2025-04-19T13:09:52+10:00,2025-04-20T18:00:00+10:00,2025-04-20T14:02:46+10:00,0.0,0,AIDC06,1,0,2025-04-20T21:08:40+10:00,2025-04-20T21:15:00+10:00,0,0,0,0,False,False,False,False,False,COMPLETED
2025-04-21,8527753,2025-04-19T15:28:25+10:00,2025-04-20T18:00:00+10:00,2025-04-19T15:28:45+10:00,0.0,0,AIDC06,1,0,2025-04-21T15:28:54+10:00,2025-04-21T15:30:00+10:00,0,0,0,0,False,False,False,False,False,COMPLETED
2025-04-21,8527754,2025-04-19T15:28:30+10:00,2025-04-20T18:00:00+10:00,2025-04-19T15:28:45+10:00,0.0,0,AIDC06,1,0,2025-04-21T15:28:54+10:00,2025-04-21T15:30:00+10:00,0,0,0,0,False,False,False,False,False,COMPLETED
2025-04-21,8527755,2025-04-19T15:28:32+10:00,2025-04-20T18:00:00+10:00,2025-04-19T15:28:45+10:00,0.0,0,AIDC06,1,0,2025-04-21T15:28:54+10:00,2025-04-21T15:30:00+10:00,0,0,0,0,False,False,False,False,False,COMPLETED
2025-04-21,8527756,2025-04-19T15:28:37+10:00,2025-04-20T18:00:00+10:00,2025-04-19T15:28:45+10:00,0.0,0,AIDC06,1,0,2025-04-21T15:28:54+10:00,2025-04-21T15:30:00+10:00,0,0,0,0,False,False,False,False,False,COMPLETED
2025-04-21,8527824,2025-04-19T16:43:31+10:00,2025-04-20T18:00:00+10:00,2025-04-19T16:43:32+10:00,0.0,0,AIDC06,1,0,,,0,0,0,0,False,False,False,False,True,RUNNING
2025-04-21,8529981,2025-04-20T01:06:44+10:00,2025-04-20T18:00:00+10:00,2025-04-20T01:07:40+10:00,0.0,0,AIDC03,4,0,,,0,0,0,0,False,False,False,False,True,RUNNING
2025-04-21,8529982,2025-04-20T01:08:14+10:00,2025-04-20T18:00:00+10:00,2025-04-20T01:09:25+10:00,0.0,0,AIDC03,4,0,,,0,0,0,0,False,False,False,False,True,RUNNING
2025-04-21,8530104,2025-04-20T03:12:17+10:00,2025-04-20T18:00:00+10:00,2025-04-20T06:12:52+10:00,0.0,0,AIDC01,8,0,,,0,0,0,0,False,False,False,False,True,RUNNING
2025-04-21,8530106,2025-04-20T03:13:47+10:00,2025-04-20T18:00:00+10:00,2025-04-20T03:15:49+10:00,0.0,0,AIDC03,4,0,2025-04-21T06:09:51+10:00,2025-04-21T06:15:00+10:00,0,0,0,0,False,False,False,False,False,COMPLETED
2025-04-21,8530108,2025-04-20T03:17:07+10:00,2025-04-20T18:00:00+10:00,2025-04-20T03:17:09+10:00,0.0,0,AIDC03,4,0,2025-04-21T02:35:22+10:00,2025-04-21T02:45:00+10:00,0,0,0,0,False,False,False,False,False,COMPLETED
2025-04-21,8530123,2025-04-20T03:30:27+10:00,2025-04-20T18:00:00+10:00,2025-04-20T03:30:30+10:00,0.0,0,AIDC03,4,0,2025-04-21T04:06:17+10:00,2025-04-21T04:15:00+10:00,0,0,0,0,False,False,False,False,False,COMPLETED
2025-04-21,8530124,2025-04-20T03:30:32+10:00,2025-04-20T18:00:00+10:00,2025-04-20T03:58:21+10:00,0.0,0,AIDC03,4,0,2025-04-21T04:06:17+10:00,2025-04-21T04:15:00+10:00,0,0,0,0,False,False,False,False,False,COMPLETED
2025-04-21,8530195,2025-04-20T04:28:15+10:00,2025-04-20T18:00:00+10:00,2025-04-20T04:59:38+10:00,0.0,0,AIDC03,4,0,2025-04-20T22:46:46+10:00,2025-04-20T23:00:00+10:00,0,0,0,0,False,False,False,False,False,COMPLETED
2025-04-21,8530201,2025-04-20T04:29:39+10:00,2025-04-20T18:00:00+10:00,2025-04-20T05:09:32+10:00,0.0,0,AIDC03,4,0,2025-04-20T23:06:36+10:00,2025-04-20T23:15:00+10:00,0,0,0,0,False,False,False,False,False,COMPLETED
2025-04-21,8530214,2025-04-20T04:33:22+10:00,2025-04-20T18:00:00+10:00,2025-04-20T05:34:27+10:00,0.0,0,AIDC03,4,0,,,0,0,0,0,False,False,False,False,True,RUNNING
2025-04-21,8530628,2025-04-20T05:36:47+10:00,2025-04-20T18:00:00+10:00,2025-04-20T05:43:14+10:00,0.0,0,AIDC03,4,0,,,0,0,0,0,False,False,False,False,True,RUNNING
2025-04-21,8531022,2025-04-20T09:39:40+10:00,2025-04-20T18:00:00+10:00,2025-04-20T13:20:53+10:00,0.0,0,AIDC06,1,0,2025-04-20T18:48:01+10:00,2025-04-20T19:00:00+10:00,0,0,0,0,False,False,False,False,False,COMPLETED
2025-04-21,8531441,2025-04-20T12:42:22+10:00,2025-04-20T18:00:00+10:00,2025-04-20T12:55:34+10:00,0.0,0,AIDC04,4,0,,,0,0,0,0,False,False,False,False,True,RUNNING
2025-04-21,8531442,2025-04-20T12:42:47+10:00,2025-04-20T18:00:00+10:00,2025-04-20T13:04:05+10:00,0.0,0,AIDC04,4,0,,,0,0,0,0,False,False,False,False,True,RUNNING
2025-04-21,8531443,2025-04-20T12:43:07+10:00,2025-04-20T18:00:00+10:00,2025-04-20T13:14:06+10:00,0.0,0,AIDC04,4,0,,,0,0,0,0,False,False,False,False,True,RUNNING
2025-04-21,8531444,2025-04-20T12:43:24+10:00,2025-04-20T18:00:00+10:00,2025-04-20T13:24:06+10:00,0.0,0,AIDC04,4,0,,,0,0,0,0,False,False,False,False,True,RUNNING
2025-04-21,8531445,2025-04-20T12:43:39+10:00,2025-04-20T18:00:00+10:00,2025-04-20T13:27:43+10:00,0.0,0,AIDC04,4,0,,,0,0,0,0,False,False,False,False,True,RUNNING
2025-04-21,8531446,2025-04-20T12:43:52+10:00,2025-04-20T18:00:00+10:00,2025-04-20T13:28:08+10:00,0.0,0,AIDC04,4,0,,,0,0,0,0,False,False,False,False,True,RUNNING
2025-04-21,8531447,2025-04-20T12:43:59+10:00,2025-04-20T18:00:00+10:00,2025-04-20T13:31:44+10:00,0.0,0,AIDC04,4,0,,,0,0,0,0,False,False,False,False,True,RUNNING
2025-04-21,8531448,2025-04-20T12:44:22+10:00,2025-04-20T18:00:00+10:00,2025-04-20T13:41:37+10:00,0.0,0,AIDC04,4,0,,,0,0,0,0,False,False,False,False,True,RUNNING
2025-04-21,8531449,2025-04-20T12:44:37+10:00,2025-04-20T18:00:00+10:00,2025-04-20T14:26:31+10:00,0.0,0,AIDC04,4,0,,,0,0,0,0,False,False,False,False,True,RUNNING
2025-04-21,8531497,2025-04-20T13:43:19+10:00,2025-04-20T18:00:00+10:00,2025-04-20T13:43:20+10:00,0.0,0,AIDC06,1,0,2025-04-20T19:57:14+10:00,2025-04-20T20:00:00+10:00,0,0,0,0,False,False,False,False,False,COMPLETED
2025-04-21,8531598,2025-04-20T17:50:41+10:00,2025-04-20T18:00:00+10:00,2025-04-20T17:50:43+10:00,0.0,0,AIDC06,1,0,2025-04-20T22:28:48+10:00,2025-04-20T22:30:00+10:00,0,0,0,0,False,False,False,False,False,COMPLETED
2025-04-21,8051621,2025-04-10T06:00:10+10:00,2025-04-20T18:00:00+10:00,2025-04-20T18:00:00+10:00,0.0,0,AIDC06,1,1,2025-04-21T03:33:22+10:00,2025-04-21T03:45:00+10:00,0,0,0,0,False,False,False,False,False,COMPLETED
2025-04-21,8051622,2025-04-10T06:00:10+10:00,2025-04-20T18:00:00+10:00,2025-04-20T18:00:00+10:00,0.0,0,AIDC06,1,2,2025-04-21T04:18:34+10:00,2025-04-21T04:30:00+10:00,0,0,0,0,False,False,False,False,False,COMPLETED
2025-04-21,8051623,2025-04-10T06:00:10+10:00,2025-04-20T18:00:00+10:00,2025-04-20T18:00:00+10:00,0.0,0,AIDC06,1,3,2025-04-21T03:32:22+10:00,2025-04-21T03:45:00+10:00,0,0,0,0,False,False,False,False,False,COMPLETED
2025-04-21,8051624,2025-04-10T06:00:10+10:00,2025-04-20T18:00:00+10:00,2025-04-20T18:00:00+10:00,0.0,0,AIDC06,1,4,2025-04-21T04:36:50+10:00,2025-04-21T04:45:00+10:00,0,0,0,0,False,False,False,False,False,COMPLETED
2025-04-21,8051625,2025-04-10T06:00:10+10:00,2025-04-20T18:00:00+10:00,2025-04-20T18:00:00+10:00,0.0,0,AIDC07,1,5,2025-04-21T03:51:40+10:00,2025-04-21T04:00:00+10:00,0,0,0,0,False,False,False,False,False,COMPLETED
2025-04-21,8051626,2025-04-10T06:00:10+10:00,2025-04-20T18:00:00+10:00,2025-04-20T18:00:00+10:00,0.0,0,AIDC07,1,6,2025-04-21T03:48:32+10:00,2025-04-21T04:00:00+10:00,0,0,0,0,False,False,False,False,False,COMPLETED
2025-04-21,8051627,2025-04-10T06:00:10+10:00,2025-04-20T18:00:00+10:00,2025-04-20T18:00:00+10:00,0.0,0,AIDC07,1,7,2025-04-21T03:35:23+10:00,2025-04-21T03:45:00+10:00,0,0,0,0,False,False,False,False,False,COMPLETED
2025-04-21,8051628,2025-04-10T06:00:10+10:00,2025-04-20T18:00:00+10:00,2025-04-20T18:00:00+10:00,0.0,0,AIDC07,1,8,2025-04-21T04:10:40+10:00,2025-04-21T04:15:00+10:00,0,0,0,0,False,False,False,False,False,COMPLETED
2025-04-21,8051629,2025-04-10T06:00:10+10:00,2025-04-20T18:00:00+10:00,2025-04-20T18:00:00+10:00,0.0,0,AIDC07,1,9,2025-04-21T03:48:20+10:00,2025-04-21T04:00:00+10:00,0,0,0,0,False,False,False,False,False,COMPLETED
2025-04-21,8051630,2025-04-10T06:00:10+10:00,2025-04-20T18:00:00+10:00,2025-04-20T18:00:00+10:00,0.0,0,AIDC07,1,10,2025-04-21T03:37:35+10:00,2025-04-21T03:45:00+10:00,0,0,0,0,False,False,False,False,False,COMPLETED
2025-04-21,8051631,2025-04-10T06:00:10+10:00,2025-04-20T18:00:00+10:00,2025-04-20T18:00:00+10:00,0.0,0,AIDC07,1,11,2025-04-21T03:44:25+10:00,2025-04-21T03:45:00+10:00,0,0,0,0,False,False,False,False,False,COMPLETED
2025-04-21,8051632,2025-04-10T06:00:10+10:00,2025-04-20T18:00:00+10:00,2025-04-20T18:00:00+10:00,0.0,0,AIDC07,1,12,2025-04-21T04:24:25+10:00,2025-04-21T04:30:00+10:00,0,0,0,0,False,False,False,False,False,COMPLETED
2025-04-21,8051633,2025-04-10T06:00:10+10:00,2025-04-20T18:00:00+10:00,2025-04-20T18:00:00+10:00,0.0,0,AIDC07,1,13,2025-04-21T03:43:47+10:00,2025-04-21T03:45:00+10:00,0,0,0,0,False,False,False,False,False,COMPLETED
2025-04-21,8051634,2025-04-10T06:00:10+10:00,2025-04-20T18:00:00+10:00,2025-04-20T18:00:00+10:00,0.0,0,AIDC07,1,14,2025-04-21T04:03:55+10:00,2025-04-21T04:15:00+10:00,0,0,0,0,False,False,False,False,False,COMPLETED
2025-04-21,8051635,2025-04-10T06:00:10+10:00,2025-04-20T18:00:00+10:00,2025-04-20T18:00:00+10:00,0.0,0,AIDC07,1,15,2025-04-21T03:18:47+10:00,2025-04-21T03:30:00+10:00,0,0,0,0,False,False,False,False,False,COMPLETED
2025-04-21,8051636,2025-04-10T06:00:12+10:00,2025-04-20T18:00:00+10:00,2025-04-20T18:00:00+10:00,0.0,0,AIDC07,1,16,2025-04-21T04:11:48+10:00,2025-04-21T04:15:00+10:00,0,0,0,0,False,False,False,False,False,COMPLETED
2025-04-21,8051637,2025-04-10T06:00:12+10:00,2025-04-20T18:00:00+10:00,2025-04-20T18:00:00+10:00,0.0,0,AIDC07,1,17,2025-04-21T03:37:03+10:00,2025-04-21T03:45:00+10:00,0,0,0,0,False,False,False,False,False,COMPLETED
2025-04-21,8051638,2025-04-10T06:00:13+10:00,2025-04-20T18:00:00+10:00,2025-04-20T18:00:00+10:00,0.0,0,AIDC07,1,18,2025-04-21T03:50:23+10:00,2025-04-21T04:00:00+10:00,0,0,0,0,False,False,False,False,False,COMPLETED
2025-04-21,8051639,2025-04-10T06:00:13+10:00,2025-04-20T18:00:00+10:00,2025-04-20T18:00:00+10:00,0.0,0,AIDC07,1,19,2025-04-21T03:38:23+10:00,2025-04-21T03:45:00+10:00,0,0,0,0,False,False,False,False,False,COMPLETED
2025-04-21,8051640,2025-04-10T06:00:13+10:00,2025-04-20T18:00:00+10:00,2025-04-20T18:00:00+10:00,0.0,0,AIDC07,1,20,2025-04-21T04:08:30+10:00,2025-04-21T04:15:00+10:00,0,0,0,0,False,False,False,False,False,COMPLETED
2025-04-21,8051641,2025-04-10T06:00:13+10:00,2025-04-20T18:00:00+10:00,2025-04-20T18:00:00+10:00,0.0,0,AIDC07,1,21,2025-04-21T04:06:34+10:00,2025-04-21T04:15:00+10:00,0,0,0,0,False,False,False,False,False,COMPLETED
2025-04-21,8051642,2025-04-10T06:00:13+10:00,2025-04-20T18:00:00+10:00,2025-04-20T18:00:00+10:00,0.0,0,AIDC07,1,22,2025-04-21T03:45:55+10:00,2025-04-21T04:00:00+10:00,0,0,0,0,False,False,False,False,False,COMPLETED
2025-04-21,8051643,2025-04-10T06:00:13+10:00,2025-04-20T18:00:00+10:00,2025-04-20T18:00:00+10:00,0.0,0,AIDC07,1,23,2025-04-21T02:52:35+10:00,2025-04-21T03:00:00+10:00,0,0,0,0,False,False,False,False,False,COMPLETED
2025-04-21,8051644,2025-04-10T06:00:13+10:00,2025-04-20T18:00:00+10:00,2025-04-20T18:00:00+10:00,0.0,0,AIDC07,1,24,2025-04-21T03:41:28+10:00,2025-04-21T03:45:00+10:00,0,0,0,0,False,False,False,False,False,COMPLETED
2025-04-21,8051645,2025-04-10T06:00:13+10:00,2025-04-20T18:00:00+10:00,2025-04-20T18:00:00+10:00,0.0,0,AIDC07,1,25,2025-04-21T03:23:25+10:00,2025-04-21T03:30:00+10:00,0,0,0,0,False,False,False,False,False,COMPLETED
2025-04-21,8053524,2025-04-10T10:25:03+10:00,2025-04-20T18:00:00+10:00,2025-04-20T18:00:00+10:00,0.0,0,AIDC07,1,26,2025-04-20T18:02:35+10:00,2025-04-20T18:15:00+10:00,0,0,0,0,False,False,False,False,False,COMPLETED
2025-04-21,8053528,2025-04-10T10:25:10+10:00,2025-04-20T18:00:00+10:00,2025-04-20T18:00:00+10:00,0.0,0,AIDC07,1,27,2025-04-20T18:00:40+10:00,2025-04-20T18:15:00+10:00,0,0,0,0,False,False,False,False,False,COMPLETED
2025-04-21,8070348,2025-04-10T14:40:10+10:00,2025-04-20T18:00:00+10:00,2025-04-20T18:00:00+10:00,0.0,0,AIDC07,4,28,,,0,0,0,0,False,False,False,False,True,RUNNING
2025-04-21,8070399,2025-04-10T14:55:51+10:00,2025-04-20T18:00:00+10:00,2025-04-20T18:00:00+10:00,0.0,0,AIDC07,4,29,,,0,0,0,0,False,False,False,False,True,RUNNING
2025-04-21,8070400,2025-04-10T14:55:51+10:00,2025-04-20T18:00:00+10:00,2025-04-20T18:00:00+10:00,0.0,0,AIDC07,4,30,,,0,0,0,0,False,False,False,False,True,RUNNING
2025-04-21,8070401,2025-04-10T14:55:51+10:00,2025-04-20T18:00:00+10:00,2025-04-20T18:00:00+10:00,0.0,0,AIDC07,4,31,,,0,0,0,0,False,False,False,False,True,RUNNING
2025-04-21,8070402,2025-04-10T14:55:51+10:00,2025-04-20T18:00:00+10:00,2025-04-20T18:00:00+10:00,0.0,0,AIDC08,4,32,,,0,0,0,0,False,False,False,False,True,RUNNING
2025-04-21,8130791,2025-04-11T10:29:30+10:00,2025-04-20T18:00:00+10:00,2025-04-20T18:00:00+10:00,0.0,0,AIDC07,1,33,2025-04-21T13:50:00+10:00,2025-04-21T14:00:00+10:00,0,0,0,0,False,False,False,False,False,COMPLETED
2025-04-21,8130792,2025-04-11T10:29:30+10:00,2025-04-20T18:00:00+10:00,2025-04-20T18:00:00+10:00,0.0,0,AIDC08,1,34,2025-04-21T14:01:40+10:00,2025-04-21T14:15:00+10:00,0,0,0,0,False,False,False,False,False,COMPLETED
2025-04-21,8130793,2025-04-11T10:29:30+10:00,2025-04-20T18:00:00+10:00,2025-04-20T18:00:00+10:00,0.0,0,AIDC08,1,35,2025-04-21T14:01:08+10:00,2025-04-21T14:15:00+10:00,0,0,0,0,False,False,False,False,False,COMPLETED
2025-04-21,8130794,2025-04-11T10:29:30+10:00,2025-04-20T18:00:00+10:00,2025-04-20T18:00:00+10:00,0.0,0,AIDC08,1,36,2025-04-21T13:59:30+10:00,2025-04-21T14:00:00+10:00,0,0,0,0,False,False,False,False,False,COMPLETED
2025-04-21,8130795,2025-04-11T10:29:30+10:00,2025-04-20T18:00:00+10:00,2025-04-20T18:00:00+10:00,0.0,0,AIDC08,1,37,2025-04-21T14:00:43+10:00,2025-04-21T14:15:00+10:00,0,0,0,0,False,False,False,False,False,COMPLETED
2025-04-21,8130796,2025-04-11T10:29:30+10:00,2025-04-20T18:00:00+10:00,2025-04-20T18:00:00+10:00,0.0,0,AIDC08,1,38,2025-04-21T14:04:10+10:00,2025-04-21T14:15:00+10:00,0,0,0,0,False,False,False,False,False,COMPLETED
2025-04-21,8130797,2025-04-11T10:29:30+10:00,2025-04-20T18:00:00+10:00,2025-04-20T18:00:00+10:00,0.0,0,AIDC08,1,39,2025-04-21T13:58:40+10:00,2025-04-21T14:00:00+10:00,0,0,0,0,False,False,False,False,False,COMPLETED
2025-04-21,8130798,2025-04-11T10:29:30+10:00,2025-04-20T18:00:00+10:00,2025-04-20T18:00:00+10:00,0.0,0,AIDC08,1,40,2025-04-21T15:43:02+10:00,2025-04-21T15:45:00+10:00,0,0,0,0,False,False,False,False,False,COMPLETED
2025-04-21,8130799,2025-04-11T10:29:30+10:00,2025-04-20T18:00:00+10:00,2025-04-20T18:00:00+10:00,0.0,0,AIDC08,1,41,2025-04-21T14:03:50+10:00,2025-04-21T14:15:00+10:00,0,0,0,0,False,False,False,False,False,COMPLETED
2025-04-21,8130800,2025-04-11T10:29:30+10:00,2025-04-20T18:00:00+10:00,2025-04-20T18:00:00+10:00,0.0,0,AIDC08,1,42,2025-04-21T13:58:37+10:00,2025-04-21T14:00:00+10:00,0,0,0,0,False,False,False,False,False,COMPLETED
2025-04-21,8130801,2025-04-11T10:29:30+10:00,2025-04-20T18:00:00+10:00,2025-04-20T18:00:00+10:00,0.0,0,AIDC08,1,43,2025-04-21T14:00:15+10:00,2025-04-21T14:15:00+10:00,0,0,0,0,False,False,False,False,False,COMPLETED
2025-04-21,8130802,2025-04-11T10:29:30+10:00,2025-04-20T18:00:00+10:00,2025-04-20T18:00:00+10:00,0.0,0,AIDC08,1,44,2025-04-21T13:57:45+10:00,2025-04-21T14:00:00+10:00,0,0,0,0,False,False,False,False,False,COMPLETED
2025-04-21,8130803,2025-04-11T10:29:31+10:00,2025-04-20T18:00:00+10:00,2025-04-20T18:00:00+10:00,0.0,0,AIDC08,1,45,2025-04-21T14:16:35+10:00,2025-04-21T14:30:00+10:00,0,0,0,0,False,False,False,False,False,COMPLETED
2025-04-21,8130804,2025-04-11T10:29:33+10:00,2025-04-20T18:00:00+10:00,2025-04-20T18:00:00+10:00,0.0,0,AIDC08,1,46,2025-04-21T13:57:32+10:00,2025-04-21T14:00:00+10:00,0,0,0,0,False,False,False,False,False,COMPLETED
2025-04-21,8130805,2025-04-11T10:29:33+10:00,2025-04-20T18:00:00+10:00,2025-04-20T18:00:00+10:00,0.0,0,AIDC08,1,47,2025-04-21T14:04:38+10:00,2025-04-21T14:15:00+10:00,0,0,0,0,False,False,False,False,False,COMPLETED
2025-04-21,8130806,2025-04-11T10:29:33+10:00,2025-04-20T18:00:00+10:00,2025-04-20T18:00:00+10:00,0.0,0,AIDC08,1,48,2025-04-21T14:07:40+10:00,2025-04-21T14:15:00+10:00,0,0,0,0,False,False,False,False,False,COMPLETED
2025-04-21,8130807,2025-04-11T10:29:33+10:00,2025-04-20T18:00:00+10:00,2025-04-20T18:00:00+10:00,0.0,0,AIDC08,1,49,2025-04-21T14:00:08+10:00,2025-04-21T14:15:00+10:00,0,0,0,0,False,False,False,False,False,COMPLETED
2025-04-21,8130808,2025-04-11T10:29:33+10:00,2025-04-20T18:00:00+10:00,2025-04-20T18:00:00+10:00,0.0,0,AIDC08,1,50,2025-04-21T14:05:21+10:00,2025-04-21T14:15:00+10:00,0,0,0,0,False,False,False,False,False,COMPLETED
2025-04-21,8130809,2025-04-11T10:29:33+10:00,2025-04-20T18:00:00+10:00,2025-04-20T18:00:00+10:00,0.0,0,AIDC08,1,51,2025-04-21T14:00:20+10:00,2025-04-21T14:15:00+10:00,0,0,0,0,False,False,False,False,False,COMPLETED
2025-04-21,8130810,2025-04-11T10:29:33+10:00,2025-04-20T18:00:00+10:00,2025-04-20T18:00:00+10:00,0.0,0,AIDC08,1,52,2025-04-21T13:55:47+10:00,2025-04-21T14:00:00+10:00,0,0,0,0,False,False,False,False,False,COMPLETED
2025-04-21,8130811,2025-04-11T10:29:33+10:00,2025-04-20T18:00:00+10:00,2025-04-20T18:00:00+10:00,0.0,0,AIDC08,1,53,2025-04-21T14:00:58+10:00,2025-04-21T14:15:00+10:00,0,0,0,0,False,False,False,False,False,COMPLETED
2025-04-21,8130812,2025-04-11T10:29:33+10:00,2025-04-20T18:00:00+10:00,2025-04-20T18:00:00+10:00,0.0,0,AIDC08,1,54,2025-04-21T13:58:35+10:00,2025-04-21T14:00:00+10:00,0,0,0,0,False,False,False,False,False,COMPLETED
2025-04-21,8130813,2025-04-11T10:29:33+10:00,2025-04-20T18:00:00+10:00,2025-04-20T18:00:00+10:00,0.0,0,AIDC08,1,55,2025-04-21T13:57:45+10:00,2025-04-21T14:00:00+10:00,0,0,0,0,False,False,False,False,False,COMPLETED
2025-04-21,8130814,2025-04-11T10:29:35+10:00,2025-04-20T18:00:00+10:00,2025-04-20T18:00:00+10:00,0.0,0,AIDC08,1,56,2025-04-21T13:51:43+10:00,2025-04-21T14:00:00+10:00,0,0,0,0,False,False,False,False,False,COMPLETED
2025-04-21,8130815,2025-04-11T10:29:35+10:00,2025-04-20T18:00:00+10:00,2025-04-20T18:00:00+10:00,0.0,0,AIDC08,1,57,2025-04-21T22:11:09+10:00,2025-04-21T22:15:00+10:00,0,0,0,0,False,False,False,False,False,COMPLETED
2025-04-21,8130816,2025-04-11T10:29:35+10:00,2025-04-20T18:00:00+10:00,2025-04-20T18:00:00+10:00,0.0,0,AIDC08,1,58,,,0,0,0,0,False,False,False,False,True,RUNNING
2025-04-21,8130817,2025-04-11T10:29:35+10:00,2025-04-20T18:00:00+10:00,2025-04-20T18:00:00+10:00,0.0,0,AIDC08,1,59,2025-04-21T21:14:30+10:00,2025-04-21T21:15:00+10:00,0,0,0,0,False,False,False,False,False,COMPLETED
2025-04-21,8130818,2025-04-11T10:29:35+10:00,2025-04-20T18:00:00+10:00,2025-04-20T18:00:00+10:00,0.0,0,AIDC08,1,60,2025-04-21T15:24:39+10:00,2025-04-21T15:30:00+10:00,0,0,0,0,False,False,False,False,False,COMPLETED
2025-04-21,8130819,2025-04-11T10:29:35+10:00,2025-04-20T18:00:00+10:00,2025-04-20T18:00:00+10:00,0.0,0,AIDC08,1,61,2025-04-21T13:59:45+10:00,2025-04-21T14:00:00+10:00,0,0,0,0,False,False,False,False,False,COMPLETED
2025-04-21,8130820,2025-04-11T10:29:35+10:00,2025-04-20T18:00:00+10:00,2025-04-20T18:00:00+10:00,0.0,0,AIDC08,1,62,2025-04-21T13:59:20+10:00,2025-04-21T14:00:00+10:00,0,0,0,0,False,False,False,False,False,COMPLETED
2025-04-21,8130821,2025-04-11T10:29:36+10:00,2025-04-20T18:00:00+10:00,2025-04-20T18:00:00+10:00,0.0,0,AIDC08,1,63,2025-04-21T13:57:48+10:00,2025-04-21T14:00:00+10:00,0,0,0,0,False,False,False,False,False,COMPLETED
2025-04-21,8130822,2025-04-11T10:29:38+10:00,2025-04-20T18:00:00+10:00,2025-04-20T18:00:00+10:00,0.0,0,AIDC08,1,64,2025-04-21T13:56:08+10:00,2025-04-21T14:00:00+10:00,0,0,0,0,False,False,False,False,False,COMPLETED
2025-04-21,8130823,2025-04-11T10:29:38+10:00,2025-04-20T18:00:00+10:00,2025-04-20T18:00:00+10:00,0.0,0,AIDC08,1,65,2025-04-21T13:58:58+10:00,2025-04-21T14:00:00+10:00,0,0,0,0,False,False,False,False,False,COMPLETED
2025-04-21,8130824,2025-04-11T10:29:38+10:00,2025-04-20T18:00:00+10:00,2025-04-20T18:00:00+10:00,0.0,0,AIDC08,1,66,2025-04-21T13:57:35+10:00,2025-04-21T14:00:00+10:00,0,0,0,0,False,False,False,False,False,COMPLETED
2025-04-21,8130825,2025-04-11T10:29:38+10:00,2025-04-20T18:00:00+10:00,2025-04-20T18:00:00+10:00,0.0,0,AIDC08,1,67,2025-04-21T13:59:00+10:00,2025-04-21T14:00:00+10:00,0,0,0,0,False,False,False,False,False,COMPLETED
2025-04-21,8130826,2025-04-11T10:29:38+10:00,2025-04-20T18:00:00+10:00,2025-04-20T18:00:00+10:00,0.0,0,AIDC08,1,68,2025-04-21T13:57:45+10:00,2025-04-21T14:00:00+10:00,0,0,0,0,False,False,False,False,False,COMPLETED
2025-04-21,8130827,2025-04-11T10:29:38+10:00,2025-04-20T18:00:00+10:00,2025-04-20T18:00:00+10:00,0.0,0,AIDC08,1,69,2025-04-21T14:02:25+10:00,2025-04-21T14:15:00+10:00,0,0,0,0,False,False,False,False,False,COMPLETED
2025-04-21,8130828,2025-04-11T10:29:38+10:00,2025-04-20T18:00:00+10:00,2025-04-20T18:00:00+10:00,0.0,0,AIDC08,1,70,2025-04-21T14:00:48+10:00,2025-04-21T14:15:00+10:00,0,0,0,0,False,False,False,False,False,COMPLETED
2025-04-21,8130829,2025-04-11T10:29:38+10:00,2025-04-20T18:00:00+10:00,2025-04-20T18:00:00+10:00,0.0,0,AIDC08,1,71,2025-04-21T14:01:18+10:00,2025-04-21T14:15:00+10:00,0,0,0,0,False,False,False,False,False,COMPLETED
2025-04-21,8130830,2025-04-11T10:29:38+10:00,2025-04-20T18:00:00+10:00,2025-04-20T18:00:00+10:00,0.0,0,AIDC08,1,72,2025-04-21T14:01:15+10:00,2025-04-21T14:15:00+10:00,0,0,0,0,False,False,False,False,False,COMPLETED
2025-04-21,8130831,2025-04-11T10:29:38+10:00,2025-04-20T18:00:00+10:00,2025-04-20T18:00:00+10:00,0.0,0,AIDC08,1,73,2025-04-21T14:01:30+10:00,2025-04-21T14:15:00+10:00,0,0,0,0,False,False,False,False,False,COMPLETED
2025-04-21,8130832,2025-04-11T10:29:40+10:00,2025-04-20T18:00:00+10:00,2025-04-20T18:00:00+10:00,0.0,0,AIDC08,1,74,2025-04-21T14:02:38+10:00,2025-04-21T14:15:00+10:00,0,0,0,0,False,False,False,False,False,COMPLETED
2025-04-21,8130833,2025-04-11T10:29:40+10:00,2025-04-20T18:00:00+10:00,2025-04-20T18:00:00+10:00,0.0,0,AIDC08,1,75,2025-04-21T14:08:05+10:00,2025-04-21T14:15:00+10:00,0,0,0,0,False,False,False,False,False,COMPLETED
2025-04-21,8130834,2025-04-11T10:29:40+10:00,2025-04-20T18:00:00+10:00,2025-04-20T18:00:00+10:00,0.0,0,AIDC08,1,76,2025-04-21T14:01:43+10:00,2025-04-21T14:15:00+10:00,0,0,0,0,False,False,False,False,False,COMPLETED
2025-04-21,8130835,2025-04-11T10:29:40+10:00,2025-04-20T18:00:00+10:00,2025-04-20T18:00:00+10:00,0.0,0,AIDC08,1,77,2025-04-21T14:01:13+10:00,2025-04-21T14:15:00+10:00,0,0,0,0,False,False,False,False,False,COMPLETED
2025-04-21,8130836,2025-04-11T10:29:40+10:00,2025-04-20T18:00:00+10:00,2025-04-20T18:00:00+10:00,0.0,0,AIDC08,1,78,2025-04-21T13:58:20+10:00,2025-04-21T14:00:00+10:00,0,0,0,0,False,False,False,False,False,COMPLETED
2025-04-21,8130837,2025-04-11T10:29:40+10:00,2025-04-20T18:00:00+10:00,2025-04-20T18:00:00+10:00,0.0,0,AIDC08,1,79,2025-04-21T14:01:45+10:00,2025-04-21T14:15:00+10:00,0,0,0,0,False,False,False,False,False,COMPLETED
2025-04-21,8130838,2025-04-11T10:29:40+10:00,2025-04-20T18:00:00+10:00,2025-04-20T18:00:00+10:00,0.0,0,AIDC08,1,80,2025-04-21T13:57:05+10:00,2025-04-21T14:00:00+10:00,0,0,0,0,False,False,False,False,False,COMPLETED
2025-04-21,8130839,2025-04-11T10:29:40+10:00,2025-04-20T18:00:00+10:00,2025-04-20T18:00:00+10:00,0.0,0,AIDC08,1,81,2025-04-21T14:07:54+10:00,2025-04-21T14:15:00+10:00,0,0,0,0,False,False,False,False,False,COMPLETED
2025-04-21,8130840,2025-04-11T10:29:40+10:00,2025-04-20T18:00:00+10:00,2025-04-20T18:00:00+10:00,0.0,0,AIDC08,1,82,2025-04-21T20:37:11+10:00,2025-04-21T20:45:00+10:00,0,0,0,0,False,False,False,False,False,COMPLETED
2025-04-21,8130841,2025-04-11T10:29:40+10:00,2025-04-20T18:00:00+10:00,2025-04-20T18:00:00+10:00,0.0,0,AIDC08,1,83,2025-04-21T14:22:31+10:00,2025-04-21T14:30:00+10:00,0,0,0,0,False,False,False,False,False,COMPLETED
2025-04-21,8130842,2025-04-11T10:29:43+10:00,2025-04-20T18:00:00+10:00,2025-04-20T18:00:00+10:00,0.0,0,AIDC08,1,84,2025-04-21T14:18:41+10:00,2025-04-21T14:30:00+10:00,0,0,0,0,False,False,False,False,False,COMPLETED
2025-04-21,8130843,2025-04-11T10:29:43+10:00,2025-04-20T18:00:00+10:00,2025-04-20T18:00:00+10:00,0.0,0,AIDC08,1,85,2025-04-21T15:55:59+10:00,2025-04-21T16:00:00+10:00,0,0,0,0,False,False,False,False,False,COMPLETED
2025-04-21,8130844,2025-04-11T10:29:43+10:00,2025-04-20T18:00:00+10:00,2025-04-20T18:00:00+10:00,0.0,0,AIDC08,1,86,2025-04-21T13:59:58+10:00,2025-04-21T14:00:00+10:00,0,0,0,0,False,False,False,False,False,COMPLETED
2025-04-21,8130845,2025-04-11T10:29:43+10:00,2025-04-20T18:00:00+10:00,2025-04-20T18:00:00+10:00,0.0,0,AIDC08,1,87,2025-04-21T14:00:21+10:00,2025-04-21T14:15:00+10:00,0,0,0,0,False,False,False,False,False,COMPLETED
2025-04-21,8130846,2025-04-11T10:29:43+10:00,2025-04-20T18:00:00+10:00,2025-04-20T18:00:00+10:00,0.0,0,AIDC08,1,88,2025-04-21T14:20:03+10:00,2025-04-21T14:30:00+10:00,0,0,0,0,False,False,False,False,False,COMPLETED
2025-04-21,8130847,2025-04-11T10:29:45+10:00,2025-04-20T18:00:00+10:00,2025-04-20T18:00:00+10:00,0.0,0,AIDC08,1,89,2025-04-21T14:15:57+10:00,2025-04-21T14:30:00+10:00,0,0,0,0,False,False,False,False,False,COMPLETED
2025-04-21,8130848,2025-04-11T10:29:45+10:00,2025-04-20T18:00:00+10:00,2025-04-20T18:00:00+10:00,0.0,0,AIDC08,1,90,2025-04-21T13:59:18+10:00,2025-04-21T14:00:00+10:00,0,0,0,0,False,False,False,False,False,COMPLETED
2025-04-21,8130849,2025-04-11T10:29:45+10:00,2025-04-20T18:00:00+10:00,2025-04-20T18:00:00+10:00,0.0,0,AIDC08,1,91,2025-04-21T13:56:59+10:00,2025-04-21T14:00:00+10:00,0,0,0,0,False,False,False,False,False,COMPLETED
2025-04-21,8130850,2025-04-11T10:29:45+10:00,2025-04-20T18:00:00+10:00,2025-04-20T18:00:00+10:00,0.0,0,AIDC08,1,92,2025-04-21T13:58:47+10:00,2025-04-21T14:00:00+10:00,0,0,0,0,False,False,False,False,False,COMPLETED
2025-04-21,8130851,2025-04-11T10:29:45+10:00,2025-04-20T18:00:00+10:00,2025-04-20T18:00:00+10:00,0.0,0,AIDC08,1,93,2025-04-21T13:57:13+10:00,2025-04-21T14:00:00+10:00,0,0,0,0,False,False,False,False,False,COMPLETED
2025-04-21,8130852,2025-04-11T10:29:45+10:00,2025-04-20T18:00:00+10:00,2025-04-20T18:00:00+10:00,0.0,0,AIDC08,1,94,2025-04-21T17:27:24+10:00,2025-04-21T17:30:00+10:00,0,0,0,0,False,False,False,False,False,COMPLETED
2025-04-21,8130853,2025-04-11T10:29:45+10:00,2025-04-20T18:00:00+10:00,2025-04-20T18:00:00+10:00,0.0,0,AIDC08,1,95,2025-04-21T17:26:56+10:00,2025-04-21T17:30:00+10:00,0,0,0,0,False,False,False,False,False,COMPLETED
2025-04-21,8130854,2025-04-11T10:29:45+10:00,2025-04-20T18:00:00+10:00,2025-04-20T18:00:00+10:00,0.0,0,AIDC08,1,96,2025-04-21T15:04:42+10:00,2025-04-21T15:15:00+10:00,0,0,0,0,False,False,False,False,False,COMPLETED
2025-04-21,8130855,2025-04-11T10:29:45+10:00,2025-04-20T18:00:00+10:00,2025-04-20T18:00:00+10:00,0.0,0,AIDC08,1,97,2025-04-21T14:54:42+10:00,2025-04-21T15:00:00+10:00,0,0,0,0,False,False,False,False,False,COMPLETED
2025-04-21,8130856,2025-04-11T10:29:48+10:00,2025-04-20T18:00:00+10:00,2025-04-20T18:00:00+10:00,0.0,0,AIDC08,1,98,2025-04-21T13:59:15+10:00,2025-04-21T14:00:00+10:00,0,0,0,0,False,False,False,False,False,COMPLETED
2025-04-21,8130857,2025-04-11T10:29:48+10:00,2025-04-20T18:00:00+10:00,2025-04-20T18:00:00+10:00,0.0,0,AIDC08,1,99,2025-04-21T14:02:01+10:00,2025-04-21T14:15:00+10:00,0,0,0,0,False,False,False,False,False,COMPLETED
2025-04-21,8130858,2025-04-11T10:29:48+10:00,2025-04-20T18:00:00+10:00,2025-04-20T18:00:00+10:00,0.0,0,AIDC08,1,100,2025-04-21T15:56:19+10:00,2025-04-21T16:00:00+10:00,0,0,0,0,False,False,False,False,False,COMPLETED
2025-04-21,8130859,2025-04-11T10:29:48+10:00,2025-04-20T18:00:00+10:00,2025-04-20T18:00:00+10:00,0.0,0,AIDC08,1,101,2025-04-21T15:56:46+10:00,2025-04-21T16:00:00+10:00,0,0,0,0,False,False,False,False,False,COMPLETED
2025-04-21,8130860,2025-04-11T10:29:48+10:00,2025-04-20T18:00:00+10:00,2025-04-20T18:00:00+10:00,0.0,0,AIDC08,1,102,2025-04-21T14:32:59+10:00,2025-04-21T14:45:00+10:00,0,0,0,0,False,False,False,False,False,COMPLETED
2025-04-21,8130861,2025-04-11T10:29:48+10:00,2025-04-20T18:00:00+10:00,2025-04-20T18:00:00+10:00,0.0,0,AIDC08,1,103,2025-04-21T14:31:56+10:00,2025-04-21T14:45:00+10:00,0,0,0,0,False,False,False,False,False,COMPLETED
2025-04-21,8130862,2025-04-11T10:29:48+10:00,2025-04-20T18:00:00+10:00,2025-04-20T18:00:00+10:00,0.0,0,AIDC08,1,104,2025-04-21T14:04:02+10:00,2025-04-21T14:15:00+10:00,0,0,0,0,False,False,False,False,False,COMPLETED
2025-04-21,8130863,2025-04-11T10:29:48+10:00,2025-04-20T18:00:00+10:00,2025-04-20T18:00:00+10:00,0.0,0,AIDC08,1,105,2025-04-21T14:11:16+10:00,2025-04-21T14:15:00+10:00,0,0,0,0,False,False,False,False,False,COMPLETED
2025-04-21,8130864,2025-04-11T10:29:48+10:00,2025-04-20T18:00:00+10:00,2025-04-20T18:00:00+10:00,0.0,0,AIDC08,1,106,2025-04-21T14:03:24+10:00,2025-04-21T14:15:00+10:00,0,0,0,0,False,False,False,False,False,COMPLETED
2025-04-21,8130865,2025-04-11T10:29:48+10:00,2025-04-20T18:00:00+10:00,2025-04-20T18:00:00+10:00,0.0,0,AIDC08,1,107,2025-04-21T14:16:13+10:00,2025-04-21T14:30:00+10:00,0,0,0,0,False,False,False,False,False,COMPLETED
2025-04-21,8130866,2025-04-11T10:29:50+10:00,2025-04-20T18:00:00+10:00,2025-04-20T18:00:00+10:00,0.0,0,AIDC08,1,108,2025-04-21T13:57:52+10:00,2025-04-21T14:00:00+10:00,0,0,0,0,False,False,False,False,False,COMPLETED
2025-04-21,8130867,2025-04-11T10:29:50+10:00,2025-04-20T18:00:00+10:00,2025-04-20T18:00:00+10:00,0.0,0,AIDC08,1,109,2025-04-21T13:59:53+10:00,2025-04-21T14:00:00+10:00,0,0,0,0,False,False,False,False,False,COMPLETED
2025-04-21,8130868,2025-04-11T10:29:50+10:00,2025-04-20T18:00:00+10:00,2025-04-20T18:00:00+10:00,0.0,0,AIDC09,1,110,2025-04-21T13:56:47+10:00,2025-04-21T14:00:00+10:00,0,0,0,0,False,False,False,False,False,COMPLETED
2025-04-21,8130869,2025-04-11T10:29:50+10:00,2025-04-20T18:00:00+10:00,2025-04-20T18:00:00+10:00,0.0,0,AIDC09,1,111,2025-04-21T13:58:32+10:00,2025-04-21T14:00:00+10:00,0,0,0,0,False,False,False,False,False,COMPLETED
2025-04-21,8130870,2025-04-11T10:29:50+10:00,2025-04-20T18:00:00+10:00,2025-04-20T18:00:00+10:00,0.0,0,AIDC09,1,112,2025-04-21T13:58:52+10:00,2025-04-21T14:00:00+10:00,0,0,0,0,False,False,False,False,False,COMPLETED
2025-04-21,8130871,2025-04-11T10:29:50+10:00,2025-04-20T18:00:00+10:00,2025-04-20T18:00:00+10:00,0.0,0,AIDC09,1,113,2025-04-21T13:56:57+10:00,2025-04-21T14:00:00+10:00,0,0,0,0,False,False,False,False,False,COMPLETED
2025-04-21,8130872,2025-04-11T10:29:50+10:00,2025-04-20T18:00:00+10:00,2025-04-20T18:00:00+10:00,0.0,0,AIDC09,1,114,2025-04-21T13:57:55+10:00,2025-04-21T14:00:00+10:00,0,0,0,0,False,False,False,False,False,COMPLETED
2025-04-21,8206515,2025-04-12T01:05:45+10:00,2025-04-20T18:00:00+10:00,2025-04-20T18:00:00+10:00,0.0,0,AIDC09,4,115,,,0,0,0,0,False,False,False,False,True,RUNNING
2025-04-21,8207176,2025-04-12T01:13:58+10:00,2025-04-20T18:00:00+10:00,2025-04-20T18:00:00+10:00,0.0,0,AIDC09,2,116,,,0,0,0,0,False,False,False,False,True,RUNNING
2025-04-21,8252732,2025-04-12T07:30:12+10:00,2025-04-20T18:00:00+10:00,2025-04-20T18:00:00+10:00,0.0,0,AIDC09,1,117,2025-04-20T20:57:49+10:00,2025-04-20T21:00:00+10:00,0,0,0,0,False,False,False,False,False,COMPLETED
2025-04-21,8252733,2025-04-12T07:30:12+10:00,2025-04-20T18:00:00+10:00,2025-04-20T18:00:00+10:00,0.0,0,AIDC09,1,118,2025-04-20T21:00:46+10:00,2025-04-20T21:15:00+10:00,0,0,0,0,False,False,False,False,False,COMPLETED
2025-04-21,8252734,2025-04-12T07:30:12+10:00,2025-04-20T18:00:00+10:00,2025-04-20T18:00:00+10:00,0.0,0,AIDC09,1,119,2025-04-20T20:58:56+10:00,2025-04-20T21:00:00+10:00,0,0,0,0,False,False,False,False,False,COMPLETED
2025-04-21,8252735,2025-04-12T07:30:12+10:00,2025-04-20T18:00:00+10:00,2025-04-20T18:00:00+10:00,0.0,0,AIDC09,1,120,2025-04-20T21:00:59+10:00,2025-04-20T21:15:00+10:00,0,0,0,0,False,False,False,False,False,COMPLETED
2025-04-21,8252736,2025-04-12T07:30:12+10:00,2025-04-20T18:00:00+10:00,2025-04-20T18:00:00+10:00,0.0,0,AIDC09,1,121,2025-04-20T20:57:10+10:00,2025-04-20T21:00:00+10:00,0,0,0,0,False,False,False,False,False,COMPLETED
2025-04-21,8252737,2025-04-12T07:30:12+10:00,2025-04-20T18:00:00+10:00,2025-04-20T18:00:00+10:00,0.0,0,AIDC09,1,122,2025-04-20T21:01:36+10:00,2025-04-20T21:15:00+10:00,0,0,0,0,False,False,False,False,False,COMPLETED
2025-04-21,8252738,2025-04-12T07:30:12+10:00,2025-04-20T18:00:00+10:00,2025-04-20T18:00:00+10:00,0.0,0,AIDC09,1,123,2025-04-20T21:41:56+10:00,2025-04-20T21:45:00+10:00,0,0,0,0,False,False,False,False,False,COMPLETED
2025-04-21,8252739,2025-04-12T07:30:12+10:00,2025-04-20T18:00:00+10:00,2025-04-20T18:00:00+10:00,0.0,0,AIDC09,1,124,2025-04-20T20:59:09+10:00,2025-04-20T21:00:00+10:00,0,0,0,0,False,False,False,False,False,COMPLETED
2025-04-21,8252740,2025-04-12T07:30:12+10:00,2025-04-20T18:00:00+10:00,2025-04-20T18:00:00+10:00,0.0,0,AIDC09,1,125,2025-04-20T21:34:47+10:00,2025-04-20T21:45:00+10:00,0,0,0,0,False,False,False,False,False,COMPLETED
2025-04-21,8252741,2025-04-12T07:30:12+10:00,2025-04-20T18:00:00+10:00,2025-04-20T18:00:00+10:00,0.0,0,AIDC09,1,126,2025-04-20T18:36:25+10:00,2025-04-20T18:45:00+10:00,0,0,0,0,False,False,False,False,False,COMPLETED
2025-04-21,8253074,2025-04-12T07:38:47+10:00,2025-04-20T18:00:00+10:00,2025-04-20T18:00:00+10:00,0.0,0,AIDC09,1,127,2025-04-20T20:59:57+10:00,2025-04-20T21:00:00+10:00,0,0,0,0,False,False,False,False,False,COMPLETED
2025-04-21,8253076,2025-04-12T07:38:47+10:00,2025-04-20T18:00:00+10:00,2025-04-20T18:00:00+10:00,0.0,0,AIDC09,1,128,2025-04-20T20:59:39+10:00,2025-04-20T21:00:00+10:00,0,0,0,0,False,False,False,False,False,COMPLETED
2025-04-21,8253077,2025-04-12T07:38:47+10:00,2025-04-20T18:00:00+10:00,2025-04-20T18:00:00+10:00,0.0,0,AIDC09,1,129,2025-04-20T20:59:41+10:00,2025-04-20T21:00:00+10:00,0,0,0,0,False,False,False,False,False,COMPLETED
2025-04-21,8253078,2025-04-12T07:38:47+10:00,2025-04-20T18:00:00+10:00,2025-04-20T18:00:00+10:00,0.0,0,AIDC09,1,130,2025-04-20T21:00:44+10:00,2025-04-20T21:15:00+10:00,0,0,0,0,False,False,False,False,False,COMPLETED
2025-04-21,8253080,2025-04-12T07:38:47+10:00,2025-04-20T18:00:00+10:00,2025-04-20T18:00:00+10:00,0.0,0,AIDC09,1,131,2025-04-20T21:00:11+10:00,2025-04-20T21:15:00+10:00,0,0,0,0,False,False,False,False,False,COMPLETED
2025-04-21,8253081,2025-04-12T07:38:47+10:00,2025-04-20T18:00:00+10:00,2025-04-20T18:00:00+10:00,0.0,0,AIDC09,1,132,2025-04-20T21:01:04+10:00,2025-04-20T21:15:00+10:00,0,0,0,0,False,False,False,False,False,COMPLETED
2025-04-21,8253082,2025-04-12T07:38:47+10:00,2025-04-20T18:00:00+10:00,2025-04-20T18:00:00+10:00,0.0,0,AIDC09,1,133,2025-04-20T20:59:27+10:00,2025-04-20T21:00:00+10:00,0,0,0,0,False,False,False,False,False,COMPLETED
2025-04-21,8253083,2025-04-12T07:38:47+10:00,2025-04-20T18:00:00+10:00,2025-04-20T18:00:00+10:00,0.0,0,AIDC09,1,134,2025-04-20T21:00:41+10:00,2025-04-20T21:15:00+10:00,0,0,0,0,False,False,False,False,False,COMPLETED
2025-04-21,8253085,2025-04-12T07:38:47+10:00,2025-04-20T18:00:00+10:00,2025-04-20T18:00:00+10:00,0.0,0,AIDC09,1,135,2025-04-20T20:58:49+10:00,2025-04-20T21:00:00+10:00,0,0,0,0,False,False,False,False,False,COMPLETED
2025-04-21,8253086,2025-04-12T07:38:47+10:00,2025-04-20T18:00:00+10:00,2025-04-20T18:00:00+10:00,0.0,0,AIDC09,1,136,2025-04-20T21:01:39+10:00,2025-04-20T21:15:00+10:00,0,0,0,0,False,False,False,False,False,COMPLETED
2025-04-21,8253087,2025-04-12T07:38:47+10:00,2025-04-20T18:00:00+10:00,2025-04-20T18:00:00+10:00,0.0,0,AIDC09,1,137,2025-04-20T20:59:19+10:00,2025-04-20T21:00:00+10:00,0,0,0,0,False,False,False,False,False,COMPLETED
2025-04-21,8253088,2025-04-12T07:38:47+10:00,2025-04-20T18:00:00+10:00,2025-04-20T18:00:00+10:00,0.0,0,AIDC09,1,138,2025-04-20T21:00:56+10:00,2025-04-20T21:15:00+10:00,0,0,0,0,False,False,False,False,False,COMPLETED
2025-04-21,8253090,2025-04-12T07:38:47+10:00,2025-04-20T18:00:00+10:00,2025-04-20T18:00:00+10:00,0.0,0,AIDC09,1,139,2025-04-20T20:58:54+10:00,2025-04-20T21:00:00+10:00,0,0,0,0,False,False,False,False,False,COMPLETED
2025-04-21,8253091,2025-04-12T07:38:47+10:00,2025-04-20T18:00:00+10:00,2025-04-20T18:00:00+10:00,0.0,0,AIDC09,1,140,2025-04-20T21:01:01+10:00,2025-04-20T21:15:00+10:00,0,0,0,0,False,False,False,False,False,COMPLETED
2025-04-21,8253092,2025-04-12T07:38:47+10:00,2025-04-20T18:00:00+10:00,2025-04-20T18:00:00+10:00,0.0,0,AIDC09,1,141,2025-04-20T20:57:54+10:00,2025-04-20T21:00:00+10:00,0,0,0,0,False,False,False,False,False,COMPLETED
2025-04-21,8253093,2025-04-12T07:38:47+10:00,2025-04-20T18:00:00+10:00,2025-04-20T18:00:00+10:00,0.0,0,AIDC09,1,142,2025-04-20T21:04:34+10:00,2025-04-20T21:15:00+10:00,0,0,0,0,False,False,False,False,False,COMPLETED
2025-04-21,8253094,2025-04-12T07:38:47+10:00,2025-04-20T18:00:00+10:00,2025-04-20T18:00:00+10:00,0.0,0,AIDC09,1,143,2025-04-20T21:04:09+10:00,2025-04-20T21:15:00+10:00,0,0,0,0,False,False,False,False,False,COMPLETED
2025-04-21,8253096,2025-04-12T07:38:47+10:00,2025-04-20T18:00:00+10:00,2025-04-20T18:00:00+10:00,0.0,0,AIDC09,1,144,2025-04-20T21:03:36+10:00,2025-04-20T21:15:00+10:00,0,0,0,0,False,False,False,False,False,COMPLETED
2025-04-21,8253097,2025-04-12T07:38:47+10:00,2025-04-20T18:00:00+10:00,2025-04-20T18:00:00+10:00,0.0,0,AIDC09,1,145,2025-04-20T21:08:30+10:00,2025-04-20T21:15:00+10:00,0,0,0,0,False,False,False,False,False,COMPLETED
2025-04-21,8253805,2025-04-12T07:42:58+10:00,2025-04-20T18:00:00+10:00,2025-04-20T18:00:00+10:00,0.0,0,AIDC10,1,146,2025-04-20T20:58:40+10:00,2025-04-20T21:00:00+10:00,0,0,0,0,False,False,False,False,False,COMPLETED
2025-04-21,8253808,2025-04-12T07:42:58+10:00,2025-04-20T18:00:00+10:00,2025-04-20T18:00:00+10:00,0.0,0,AIDC10,1,147,2025-04-20T21:36:01+10:00,2025-04-20T21:45:00+10:00,0,0,0,0,False,False,False,False,False,COMPLETED
2025-04-21,8253809,2025-04-12T07:42:58+10:00,2025-04-20T18:00:00+10:00,2025-04-20T18:00:00+10:00,0.0,0,AIDC10,1,148,2025-04-20T21:33:10+10:00,2025-04-20T21:45:00+10:00,0,0,0,0,False,False,False,False,False,COMPLETED
2025-04-21,8253811,2025-04-12T07:42:58+10:00,2025-04-20T18:00:00+10:00,2025-04-20T18:00:00+10:00,0.0,0,AIDC10,1,149,2025-04-20T21:00:19+10:00,2025-04-20T21:15:00+10:00,0,0,0,0,False,False,False,False,False,COMPLETED
2025-04-21,8253812,2025-04-12T07:42:58+10:00,2025-04-20T18:00:00+10:00,2025-04-20T18:00:00+10:00,0.0,0,AIDC10,1,150,2025-04-20T20:59:06+10:00,2025-04-20T21:00:00+10:00,0,0,0,0,False,False,False,False,False,COMPLETED
2025-04-21,8253813,2025-04-12T07:42:58+10:00,2025-04-20T18:00:00+10:00,2025-04-20T18:00:00+10:00,0.0,0,AIDC10,1,151,2025-04-20T21:00:32+10:00,2025-04-20T21:15:00+10:00,0,0,0,0,False,False,False,False,False,COMPLETED
2025-04-21,8253815,2025-04-12T07:42:58+10:00,2025-04-20T18:00:00+10:00,2025-04-20T18:00:00+10:00,0.0,0,AIDC10,1,152,2025-04-20T21:38:15+10:00,2025-04-20T21:45:00+10:00,0,0,0,0,False,False,False,False,False,COMPLETED
2025-04-21,8253816,2025-04-12T07:42:58+10:00,2025-04-20T18:00:00+10:00,2025-04-20T18:00:00+10:00,0.0,0,AIDC10,1,153,2025-04-20T20:59:38+10:00,2025-04-20T21:00:00+10:00,0,0,0,0,False,False,False,False,False,COMPLETED
2025-04-21,8253817,2025-04-12T07:42:58+10:00,2025-04-20T18:00:00+10:00,2025-04-20T18:00:00+10:00,0.0,0,AIDC10,1,154,2025-04-20T21:01:14+10:00,2025-04-20T21:15:00+10:00,0,0,0,0,False,False,False,False,False,COMPLETED
2025-04-21,8253818,2025-04-12T07:42:58+10:00,2025-04-20T18:00:00+10:00,2025-04-20T18:00:00+10:00,0.0,0,AIDC10,1,155,2025-04-20T21:39:55+10:00,2025-04-20T21:45:00+10:00,0,0,0,0,False,False,False,False,False,COMPLETED
2025-04-21,8253820,2025-04-12T07:42:58+10:00,2025-04-20T18:00:00+10:00,2025-04-20T18:00:00+10:00,0.0,0,AIDC10,1,156,2025-04-20T21:00:21+10:00,2025-04-20T21:15:00+10:00,0,0,0,0,False,False,False,False,False,COMPLETED
2025-04-21,8253821,2025-04-12T07:42:58+10:00,2025-04-20T18:00:00+10:00,2025-04-20T18:00:00+10:00,0.0,0,AIDC10,1,157,2025-04-20T21:00:08+10:00,2025-04-20T21:15:00+10:00,0,0,0,0,False,False,False,False,False,COMPLETED
2025-04-21,8253822,2025-04-12T07:42:58+10:00,2025-04-20T18:00:00+10:00,2025-04-20T18:00:00+10:00,0.0,0,AIDC10,1,158,2025-04-20T21:00:08+10:00,2025-04-20T21:15:00+10:00,0,0,0,0,False,False,False,False,False,COMPLETED
2025-04-21,8253823,2025-04-12T07:42:58+10:00,2025-04-20T18:00:00+10:00,2025-04-20T18:00:00+10:00,0.0,0,AIDC10,1,159,2025-04-20T20:59:56+10:00,2025-04-20T21:00:00+10:00,0,0,0,0,False,False,False,False,False,COMPLETED
2025-04-21,8253824,2025-04-12T07:42:58+10:00,2025-04-20T18:00:00+10:00,2025-04-20T18:00:00+10:00,0.0,0,AIDC10,1,160,2025-04-20T20:58:56+10:00,2025-04-20T21:00:00+10:00,0,0,0,0,False,False,False,False,False,COMPLETED
2025-04-21,8253825,2025-04-12T07:43:00+10:00,2025-04-20T18:00:00+10:00,2025-04-20T18:00:00+10:00,0.0,0,AIDC10,1,161,2025-04-20T20:59:10+10:00,2025-04-20T21:00:00+10:00,0,0,0,0,False,False,False,False,False,COMPLETED
2025-04-21,8253827,2025-04-12T07:43:00+10:00,2025-04-20T18:00:00+10:00,2025-04-20T18:00:00+10:00,0.0,0,AIDC10,1,162,2025-04-20T20:57:30+10:00,2025-04-20T21:00:00+10:00,0,0,0,0,False,False,False,False,False,COMPLETED
2025-04-21,8253828,2025-04-12T07:43:00+10:00,2025-04-20T18:00:00+10:00,2025-04-20T18:00:00+10:00,0.0,0,AIDC10,1,163,2025-04-20T21:29:54+10:00,2025-04-20T21:30:00+10:00,0,0,0,0,False,False,False,False,False,COMPLETED
2025-04-21,8253829,2025-04-12T07:43:00+10:00,2025-04-20T18:00:00+10:00,2025-04-20T18:00:00+10:00,0.0,0,AIDC10,1,164,2025-04-20T21:32:10+10:00,2025-04-20T21:45:00+10:00,0,0,0,0,False,False,False,False,False,COMPLETED
2025-04-21,8254072,2025-04-12T07:45:18+10:00,2025-04-20T18:00:00+10:00,2025-04-20T18:00:00+10:00,0.0,0,AIDC10,1,165,2025-04-20T21:04:15+10:00,2025-04-20T21:15:00+10:00,0,0,0,0,False,False,False,False,False,COMPLETED
2025-04-21,8254073,2025-04-12T07:45:18+10:00,2025-04-20T18:00:00+10:00,2025-04-20T18:00:00+10:00,0.0,0,AIDC10,1,166,2025-04-20T21:03:12+10:00,2025-04-20T21:15:00+10:00,0,0,0,0,False,False,False,False,False,COMPLETED
2025-04-21,8254074,2025-04-12T07:45:18+10:00,2025-04-20T18:00:00+10:00,2025-04-20T18:00:00+10:00,0.0,0,AIDC10,1,167,2025-04-20T21:02:40+10:00,2025-04-20T21:15:00+10:00,0,0,0,0,False,False,False,False,False,COMPLETED
2025-04-21,8254075,2025-04-12T07:45:18+10:00,2025-04-20T18:00:00+10:00,2025-04-20T18:00:00+10:00,0.0,0,AIDC10,1,168,2025-04-20T21:01:40+10:00,2025-04-20T21:15:00+10:00,0,0,0,0,False,False,False,False,False,COMPLETED
2025-04-21,8254076,2025-04-12T07:45:18+10:00,2025-04-20T18:00:00+10:00,2025-04-20T18:00:00+10:00,0.0,0,AIDC10,1,169,2025-04-20T21:01:09+10:00,2025-04-20T21:15:00+10:00,0,0,0,0,False,False,False,False,False,COMPLETED
2025-04-21,8254077,2025-04-12T07:45:18+10:00,2025-04-20T18:00:00+10:00,2025-04-20T18:00:00+10:00,0.0,0,AIDC10,1,170,2025-04-20T21:00:26+10:00,2025-04-20T21:15:00+10:00,0,0,0,0,False,False,False,False,False,COMPLETED
2025-04-21,8254078,2025-04-12T07:45:18+10:00,2025-04-20T18:00:00+10:00,2025-04-20T18:00:00+10:00,0.0,0,AIDC10,1,171,2025-04-20T20:59:59+10:00,2025-04-20T21:00:00+10:00,0,0,0,0,False,False,False,False,False,COMPLETED
2025-04-21,8254079,2025-04-12T07:45:18+10:00,2025-04-20T18:00:00+10:00,2025-04-20T18:00:00+10:00,0.0,0,AIDC10,1,172,2025-04-20T20:59:39+10:00,2025-04-20T21:00:00+10:00,0,0,0,0,False,False,False,False,False,COMPLETED
2025-04-21,8254080,2025-04-12T07:45:18+10:00,2025-04-20T18:00:00+10:00,2025-04-20T18:00:00+10:00,0.0,0,AIDC10,1,173,2025-04-20T21:00:20+10:00,2025-04-20T21:15:00+10:00,0,0,0,0,False,False,False,False,False,COMPLETED
2025-04-21,8254081,2025-04-12T07:45:18+10:00,2025-04-20T18:00:00+10:00,2025-04-20T18:00:00+10:00,0.0,0,AIDC10,1,174,2025-04-20T20:59:25+10:00,2025-04-20T21:00:00+10:00,0,0,0,0,False,False,False,False,False,COMPLETED
2025-04-21,8254082,2025-04-12T07:45:18+10:00,2025-04-20T18:00:00+10:00,2025-04-20T18:00:00+10:00,0.0,0,AIDC10,1,175,2025-04-20T21:00:03+10:00,2025-04-20T21:15:00+10:00,0,0,0,0,False,False,False,False,False,COMPLETED
2025-04-21,8254083,2025-04-12T07:45:18+10:00,2025-04-20T18:00:00+10:00,2025-04-20T18:00:00+10:00,0.0,0,AIDC10,1,176,2025-04-20T20:59:47+10:00,2025-04-20T21:00:00+10:00,0,0,0,0,False,False,False,False,False,COMPLETED
2025-04-21,8254084,2025-04-12T07:45:18+10:00,2025-04-20T18:00:00+10:00,2025-04-20T18:00:00+10:00,0.0,0,AIDC10,1,177,2025-04-20T20:59:46+10:00,2025-04-20T21:00:00+10:00,0,0,0,0,False,False,False,False,False,COMPLETED
2025-04-21,8254085,2025-04-12T07:45:18+10:00,2025-04-20T18:00:00+10:00,2025-04-20T18:00:00+10:00,0.0,0,AIDC10,1,178,2025-04-20T21:00:29+10:00,2025-04-20T21:15:00+10:00,0,0,0,0,False,False,False,False,False,COMPLETED
2025-04-21,8254086,2025-04-12T07:45:18+10:00,2025-04-20T18:00:00+10:00,2025-04-20T18:00:00+10:00,0.0,0,AIDC10,1,179,2025-04-20T21:01:09+10:00,2025-04-20T21:15:00+10:00,0,0,0,0,False,False,False,False,False,COMPLETED
2025-04-21,8254087,2025-04-12T07:45:18+10:00,2025-04-20T18:00:00+10:00,2025-04-20T18:00:00+10:00,0.0,0,AIDC10,1,180,2025-04-20T20:59:34+10:00,2025-04-20T21:00:00+10:00,0,0,0,0,False,False,False,False,False,COMPLETED
2025-04-21,8254088,2025-04-12T07:45:18+10:00,2025-04-20T18:00:00+10:00,2025-04-20T18:00:00+10:00,0.0,0,AIDC10,1,181,2025-04-20T21:31:22+10:00,2025-04-20T21:45:00+10:00,0,0,0,0,False,False,False,False,False,COMPLETED
2025-04-21,8254089,2025-04-12T07:45:18+10:00,2025-04-20T18:00:00+10:00,2025-04-20T18:00:00+10:00,0.0,0,AIDC10,1,182,2025-04-20T20:58:24+10:00,2025-04-20T21:00:00+10:00,0,0,0,0,False,False,False,False,False,COMPLETED
2025-04-21,8254090,2025-04-12T07:45:18+10:00,2025-04-20T18:00:00+10:00,2025-04-20T18:00:00+10:00,0.0,0,AIDC10,1,183,2025-04-20T21:02:45+10:00,2025-04-20T21:15:00+10:00,0,0,0,0,False,False,False,False,False,COMPLETED
2025-04-21,8255207,2025-04-12T07:48:34+10:00,2025-04-20T18:00:00+10:00,2025-04-20T18:00:00+10:00,0.0,0,AIDC10,1,184,2025-04-20T21:02:15+10:00,2025-04-20T21:15:00+10:00,0,0,0,0,False,False,False,False,False,COMPLETED
2025-04-21,8255209,2025-04-12T07:48:34+10:00,2025-04-20T18:00:00+10:00,2025-04-20T18:00:00+10:00,0.0,0,AIDC10,1,185,2025-04-20T21:02:02+10:00,2025-04-20T21:15:00+10:00,0,0,0,0,False,False,False,False,False,COMPLETED
2025-04-21,8255210,2025-04-12T07:48:34+10:00,2025-04-20T18:00:00+10:00,2025-04-20T18:00:00+10:00,0.0,0,AIDC10,1,186,2025-04-20T21:00:54+10:00,2025-04-20T21:15:00+10:00,0,0,0,0,False,False,False,False,False,COMPLETED
2025-04-21,8255211,2025-04-12T07:48:34+10:00,2025-04-20T18:00:00+10:00,2025-04-20T18:00:00+10:00,0.0,0,AIDC10,1,187,2025-04-20T20:58:13+10:00,2025-04-20T21:00:00+10:00,0,0,0,0,False,False,False,False,False,COMPLETED
2025-04-21,8255213,2025-04-12T07:48:35+10:00,2025-04-20T18:00:00+10:00,2025-04-20T18:00:00+10:00,0.0,0,AIDC10,1,188,2025-04-20T20:59:49+10:00,2025-04-20T21:00:00+10:00,0,0,0,0,False,False,False,False,False,COMPLETED
2025-04-21,8255215,2025-04-12T07:48:35+10:00,2025-04-20T18:00:00+10:00,2025-04-20T18:00:00+10:00,0.0,0,AIDC10,1,189,2025-04-20T20:59:19+10:00,2025-04-20T21:00:00+10:00,0,0,0,0,False,False,False,False,False,COMPLETED
2025-04-21,8255216,2025-04-12T07:48:35+10:00,2025-04-20T18:00:00+10:00,2025-04-20T18:00:00+10:00,0.0,0,AIDC10,1,190,2025-04-20T21:36:19+10:00,2025-04-20T21:45:00+10:00,0,0,0,0,False,False,False,False,False,COMPLETED
2025-04-21,8255217,2025-04-12T07:48:35+10:00,2025-04-20T18:00:00+10:00,2025-04-20T18:00:00+10:00,0.0,0,AIDC10,1,191,2025-04-20T21:36:46+10:00,2025-04-20T21:45:00+10:00,0,0,0,0,False,False,False,False,False,COMPLETED
2025-04-21,8255218,2025-04-12T07:48:35+10:00,2025-04-20T18:00:00+10:00,2025-04-20T18:00:00+10:00,0.0,0,AIDC10,1,192,2025-04-20T21:35:38+10:00,2025-04-20T21:45:00+10:00,0,0,0,0,False,False,False,False,False,COMPLETED
2025-04-21,8255220,2025-04-12T07:48:35+10:00,2025-04-20T18:00:00+10:00,2025-04-20T18:00:00+10:00,0.0,0,AIDC10,1,193,2025-04-20T21:00:16+10:00,2025-04-20T21:15:00+10:00,0,0,0,0,False,False,False,False,False,COMPLETED
2025-04-21,8255221,2025-04-12T07:48:35+10:00,2025-04-20T18:00:00+10:00,2025-04-20T18:00:00+10:00,0.0,0,AIDC10,1,194,2025-04-20T20:59:24+10:00,2025-04-20T21:00:00+10:00,0,0,0,0,False,False,False,False,False,COMPLETED
2025-04-21,8255222,2025-04-12T07:48:35+10:00,2025-04-20T18:00:00+10:00,2025-04-20T18:00:00+10:00,0.0,0,AIDC10,1,195,2025-04-20T20:59:19+10:00,2025-04-20T21:00:00+10:00,0,0,0,0,False,False,False,False,False,COMPLETED
2025-04-21,8255224,2025-04-12T07:48:35+10:00,2025-04-20T18:00:00+10:00,2025-04-20T18:00:00+10:00,0.0,0,AIDC10,1,196,2025-04-20T20:59:41+10:00,2025-04-20T21:00:00+10:00,0,0,0,0,False,False,False,False,False,COMPLETED
2025-04-21,8255225,2025-04-12T07:48:35+10:00,2025-04-20T18:00:00+10:00,2025-04-20T18:00:00+10:00,0.0,0,AIDC10,1,197,2025-04-20T21:00:54+10:00,2025-04-20T21:15:00+10:00,0,0,0,0,False,False,False,False,False,COMPLETED
2025-04-21,8255226,2025-04-12T07:48:35+10:00,2025-04-20T18:00:00+10:00,2025-04-20T18:00:00+10:00,0.0,0,AIDC10,1,198,2025-04-20T21:35:24+10:00,2025-04-20T21:45:00+10:00,0,0,0,0,False,False,False,False,False,COMPLETED
2025-04-21,8255228,2025-04-12T07:48:35+10:00,2025-04-20T18:00:00+10:00,2025-04-20T18:00:00+10:00,0.0,0,AIDC10,1,199,2025-04-20T20:59:14+10:00,2025-04-20T21:00:00+10:00,0,0,0,0,False,False,False,False,False,COMPLETED
2025-04-21,8255229,2025-04-12T07:48:35+10:00,2025-04-20T18:00:00+10:00,2025-04-20T18:00:00+10:00,0.0,0,AIDC10,1,200,2025-04-20T20:59:21+10:00,2025-04-20T21:00:00+10:00,0,0,0,0,False,False,False,False,False,COMPLETED
2025-04-21,8255230,2025-04-12T07:48:35+10:00,2025-04-20T18:00:00+10:00,2025-04-20T18:00:00+10:00,0.0,0,AIDC10,1,201,2025-04-20T21:36:19+10:00,2025-04-20T21:45:00+10:00,0,0,0,0,False,False,False,False,False,COMPLETED
2025-04-21,8255232,2025-04-12T07:48:35+10:00,2025-04-20T18:00:00+10:00,2025-04-20T18:00:00+10:00,0.0,0,AIDC10,1,202,2025-04-20T20:59:09+10:00,2025-04-20T21:00:00+10:00,0,0,0,0,False,False,False,False,False,COMPLETED
2025-04-21,8381072,2025-04-13T03:32:12+10:00,2025-04-20T18:00:00+10:00,2025-04-20T18:00:00+10:00,0.0,0,AIDC10,1,203,2025-04-20T20:10:01+10:00,2025-04-20T20:15:00+10:00,0,0,0,0,False,False,False,False,False,COMPLETED
2025-04-21,8381073,2025-04-13T03:32:12+10:00,2025-04-20T18:00:00+10:00,2025-04-20T18:00:00+10:00,0.0,0,AIDC10,1,204,2025-04-20T21:28:38+10:00,2025-04-20T21:30:00+10:00,0,0,0,0,False,False,False,False,False,COMPLETED
2025-04-21,8381074,2025-04-13T03:32:13+10:00,2025-04-20T18:00:00+10:00,2025-04-20T18:00:00+10:00,0.0,0,AIDC10,1,205,2025-04-20T20:14:19+10:00,2025-04-20T20:15:00+10:00,0,0,0,0,False,False,False,False,False,COMPLETED
2025-04-21,8381075,2025-04-13T03:32:13+10:00,2025-04-20T18:00:00+10:00,2025-04-20T18:00:00+10:00,0.0,0,AIDC10,1,206,2025-04-20T21:24:10+10:00,2025-04-20T21:30:00+10:00,0,0,0,0,False,False,False,False,False,COMPLETED
2025-04-21,8381076,2025-04-13T03:32:15+10:00,2025-04-20T18:00:00+10:00,2025-04-20T18:00:00+10:00,0.0,0,AIDC10,1,207,2025-04-20T20:16:18+10:00,2025-04-20T20:30:00+10:00,0,0,0,0,False,False,False,False,False,COMPLETED
2025-04-21,8381077,2025-04-13T03:32:15+10:00,2025-04-20T18:00:00+10:00,2025-04-20T18:00:00+10:00,0.0,0,AIDC10,1,208,2025-04-20T21:23:54+10:00,2025-04-20T21:30:00+10:00,0,0,0,0,False,False,False,False,False,COMPLETED
2025-04-21,8501778,2025-04-16T05:48:17+10:00,2025-04-20T18:00:00+10:00,2025-04-20T18:00:00+10:00,0.0,0,AIDC10,1,209,2025-04-21T03:46:51+10:00,2025-04-21T04:00:00+10:00,0,0,0,0,False,False,False,False,False,COMPLETED
2025-04-21,8501779,2025-04-16T05:48:24+10:00,2025-04-20T18:00:00+10:00,2025-04-20T18:00:00+10:00,0.0,0,AIDC10,1,210,2025-04-21T00:24:40+10:00,2025-04-21T00:30:00+10:00,0,0,0,0,False,False,False,False,False,COMPLETED
2025-04-21,8501780,2025-04-16T05:48:32+10:00,2025-04-20T18:00:00+10:00,2025-04-20T18:00:00+10:00,0.0,0,AIDC10,1,211,2025-04-21T02:10:45+10:00,2025-04-21T02:15:00+10:00,0,0,0,0,False,False,False,False,False,COMPLETED
2025-04-21,8501781,2025-04-16T05:48:37+10:00,2025-04-20T18:00:00+10:00,2025-04-20T18:00:00+10:00,0.0,0,AIDC10,1,212,2025-04-20T19:44:24+10:00,2025-04-20T19:45:00+10:00,0,0,0,0,False,False,False,False,False,COMPLETED
2025-04-21,8501782,2025-04-16T05:48:47+10:00,2025-04-20T18:00:00+10:00,2025-04-20T18:00:00+10:00,0.0,0,AIDC10,1,213,2025-04-21T01:44:39+10:00,2025-04-21T01:45:00+10:00,0,0,0,0,False,False,False,False,False,COMPLETED
2025-04-21,8501784,2025-04-16T05:49:00+10:00,2025-04-20T18:00:00+10:00,2025-04-20T18:00:00+10:00,0.0,0,AIDC10,1,214,2025-04-21T01:44:11+10:00,2025-04-21T01:45:00+10:00,0,0,0,0,False,False,False,False,False,COMPLETED
2025-04-21,8501786,2025-04-16T05:49:05+10:00,2025-04-20T18:00:00+10:00,2025-04-20T18:00:00+10:00,0.0,0,AIDC10,1,215,2025-04-21T00:41:05+10:00,2025-04-21T00:45:00+10:00,0,0,0,0,False,False,False,False,False,COMPLETED
2025-04-21,8518927,2025-04-18T10:08:51+10:00,2025-04-20T18:00:00+10:00,2025-04-20T18:00:00+10:00,0.0,0,AIDC10,2,216,2025-04-20T20:44:49+10:00,2025-04-20T20:45:00+10:00,0,0,0,0,False,False,False,False,False,COMPLETED
2025-04-21,8518928,2025-04-18T10:08:51+10:00,2025-04-20T18:00:00+10:00,2025-04-20T18:00:00+10:00,0.0,0,AIDC10,2,217,2025-04-20T22:57:22+10:00,2025-04-20T23:00:00+10:00,0,0,0,0,False,False,False,False,False,COMPLETED
2025-04-21,8518929,2025-04-18T10:08:51+10:00,2025-04-20T18:00:00+10:00,2025-04-20T18:00:00+10:00,0.0,0,AIDC10,2,218,2025-04-20T22:51:20+10:00,2025-04-20T23:00:00+10:00,0,0,0,0,False,False,False,False,False,COMPLETED
2025-04-21,8518930,2025-04-18T10:08:51+10:00,2025-04-20T18:00:00+10:00,2025-04-20T18:00:00+10:00,0.0,0,AIDC10,2,219,2025-04-20T22:07:10+10:00,2025-04-20T22:15:00+10:00,0,0,0,0,False,False,False,False,False,COMPLETED
2025-04-21,8518931,2025-04-18T10:08:51+10:00,2025-04-20T18:00:00+10:00,2025-04-20T18:00:00+10:00,0.0,0,AIDC10,2,220,2025-04-20T22:55:23+10:00,2025-04-20T23:00:00+10:00,0,0,0,0,False,False,False,False,False,COMPLETED
2025-04-21,8518932,2025-04-18T10:08:51+10:00,2025-04-20T18:00:00+10:00,2025-04-20T18:00:00+10:00,0.0,0,AIDC11,2,221,2025-04-20T22:53:20+10:00,2025-04-20T23:00:00+10:00,0,0,0,0,False,False,False,False,False,COMPLETED
2025-04-21,8518933,2025-04-18T10:08:51+10:00,2025-04-20T18:00:00+10:00,2025-04-20T18:00:00+10:00,0.0,0,AIDC11,2,222,2025-04-20T22:59:43+10:00,2025-04-20T23:00:00+10:00,0,0,0,0,False,False,False,False,False,COMPLETED
2025-04-21,8518934,2025-04-18T10:08:51+10:00,2025-04-20T18:00:00+10:00,2025-04-20T18:00:00+10:00,0.0,0,AIDC11,2,223,2025-04-20T20:38:47+10:00,2025-04-20T20:45:00+10:00,0,0,0,0,False,False,False,False,False,COMPLETED
2025-04-21,8518935,2025-04-18T10:08:51+10:00,2025-04-20T18:00:00+10:00,2025-04-20T18:00:00+10:00,0.0,0,AIDC11,2,224,2025-04-20T22:42:15+10:00,2025-04-20T22:45:00+10:00,0,0,0,0,False,False,False,False,False,COMPLETED
2025-04-21,8518936,2025-04-18T10:08:51+10:00,2025-04-20T18:00:00+10:00,2025-04-20T18:00:00+10:00,0.0,0,AIDC11,2,225,2025-04-20T22:35:34+10:00,2025-04-20T22:45:00+10:00,0,0,0,0,False,False,False,False,False,COMPLETED
2025-04-21,8518937,2025-04-18T10:08:51+10:00,2025-04-20T18:00:00+10:00,2025-04-20T18:00:00+10:00,0.0,0,AIDC11,2,226,2025-04-20T22:26:53+10:00,2025-04-20T22:30:00+10:00,0,0,0,0,False,False,False,False,False,COMPLETED
2025-04-21,8518938,2025-04-18T10:08:51+10:00,2025-04-20T18:00:00+10:00,2025-04-20T18:00:00+10:00,0.0,0,AIDC11,2,227,2025-04-20T22:11:12+10:00,2025-04-20T22:15:00+10:00,0,0,0,0,False,False,False,False,False,COMPLETED
2025-04-21,8518939,2025-04-18T10:08:51+10:00,2025-04-20T18:00:00+10:00,2025-04-20T18:00:00+10:00,0.0,0,AIDC11,2,228,2025-04-20T22:26:53+10:00,2025-04-20T22:30:00+10:00,0,0,0,0,False,False,False,False,False,COMPLETED
2025-04-21,8518940,2025-04-18T10:08:53+10:00,2025-04-20T18:00:00+10:00,2025-04-20T18:00:00+10:00,0.0,0,AIDC11,2,229,2025-04-20T22:07:34+10:00,2025-04-20T22:15:00+10:00,0,0,0,0,False,False,False,False,False,COMPLETED
2025-04-21,8518941,2025-04-18T10:08:53+10:00,2025-04-20T18:00:00+10:00,2025-04-20T18:00:00+10:00,0.0,0,AIDC11,2,230,2025-04-20T21:53:06+10:00,2025-04-20T22:00:00+10:00,0,0,0,0,False,False,False,False,False,COMPLETED
2025-04-21,8518942,2025-04-18T10:08:53+10:00,2025-04-20T18:00:00+10:00,2025-04-20T18:00:00+10:00,0.0,0,AIDC11,2,231,2025-04-20T22:07:34+10:00,2025-04-20T22:15:00+10:00,0,0,0,0,False,False,False,False,False,COMPLETED
2025-04-21,8518943,2025-04-18T10:08:53+10:00,2025-04-20T18:00:00+10:00,2025-04-20T18:00:00+10:00,0.0,0,AIDC11,2,232,2025-04-20T22:07:34+10:00,2025-04-20T22:15:00+10:00,0,0,0,0,False,False,False,False,False,COMPLETED
2025-04-21,8518944,2025-04-18T10:08:53+10:00,2025-04-20T18:00:00+10:00,2025-04-20T18:00:00+10:00,0.0,0,AIDC11,2,233,2025-04-20T21:57:30+10:00,2025-04-20T22:00:00+10:00,0,0,0,0,False,False,False,False,False,COMPLETED
2025-04-21,8518945,2025-04-18T10:08:53+10:00,2025-04-20T18:00:00+10:00,2025-04-20T18:00:00+10:00,0.0,0,AIDC11,2,234,2025-04-20T21:57:30+10:00,2025-04-20T22:00:00+10:00,0,0,0,0,False,False,False,False,False,COMPLETED
2025-04-21,8518946,2025-04-18T10:08:53+10:00,2025-04-20T18:00:00+10:00,2025-04-20T18:00:00+10:00,0.0,0,AIDC11,2,235,2025-04-20T21:32:57+10:00,2025-04-20T21:45:00+10:00,0,0,0,0,False,False,False,False,False,COMPLETED
2025-04-21,8518947,2025-04-18T10:08:53+10:00,2025-04-20T18:00:00+10:00,2025-04-20T18:00:00+10:00,0.0,0,AIDC11,2,236,2025-04-20T20:46:48+10:00,2025-04-20T21:00:00+10:00,0,0,0,0,False,False,False,False,False,COMPLETED
2025-04-21,8518948,2025-04-18T10:08:53+10:00,2025-04-20T18:00:00+10:00,2025-04-20T18:00:00+10:00,0.0,0,AIDC11,2,237,2025-04-20T21:22:58+10:00,2025-04-20T21:30:00+10:00,0,0,0,0,False,False,False,False,False,COMPLETED
2025-04-21,8518949,2025-04-18T10:08:53+10:00,2025-04-20T18:00:00+10:00,2025-04-20T18:00:00+10:00,0.0,0,AIDC11,2,238,2025-04-20T21:48:26+10:00,2025-04-20T22:00:00+10:00,0,0,0,0,False,False,False,False,False,COMPLETED
2025-04-21,8518950,2025-04-18T10:08:53+10:00,2025-04-20T18:00:00+10:00,2025-04-20T18:00:00+10:00,0.0,0,AIDC11,2,239,2025-04-20T21:12:56+10:00,2025-04-20T21:15:00+10:00,0,0,0,0,False,False,False,False,False,COMPLETED
2025-04-21,8518951,2025-04-18T10:08:53+10:00,2025-04-20T18:00:00+10:00,2025-04-20T18:00:00+10:00,0.0,0,AIDC11,2,240,2025-04-20T21:30:24+10:00,2025-04-20T21:45:00+10:00,0,0,0,0,False,False,False,False,False,COMPLETED
2025-04-21,8518952,2025-04-18T10:08:53+10:00,2025-04-20T18:00:00+10:00,2025-04-20T18:00:00+10:00,0.0,0,AIDC12,2,241,2025-04-20T21:30:24+10:00,2025-04-20T21:45:00+10:00,0,0,0,0,False,False,False,False,False,COMPLETED
2025-04-21,8518953,2025-04-18T10:08:53+10:00,2025-04-20T18:00:00+10:00,2025-04-20T18:00:00+10:00,0.0,0,AIDC12,2,242,2025-04-20T21:21:09+10:00,2025-04-20T21:30:00+10:00,0,0,0,0,False,False,False,False,False,COMPLETED
2025-04-21,8518954,2025-04-18T10:08:56+10:00,2025-04-20T18:00:00+10:00,2025-04-20T18:00:00+10:00,0.0,0,AIDC12,2,243,2025-04-20T21:21:09+10:00,2025-04-20T21:30:00+10:00,0,0,0,0,False,False,False,False,False,COMPLETED
2025-04-21,8518955,2025-04-18T10:08:56+10:00,2025-04-20T18:00:00+10:00,2025-04-20T18:00:00+10:00,0.0,0,AIDC12,2,244,2025-04-20T21:21:09+10:00,2025-04-20T21:30:00+10:00,0,0,0,0,False,False,False,False,False,COMPLETED
2025-04-21,8518956,2025-04-18T10:08:56+10:00,2025-04-20T18:00:00+10:00,2025-04-20T18:00:00+10:00,0.0,0,AIDC12,2,245,2025-04-20T21:21:09+10:00,2025-04-20T21:30:00+10:00,0,0,0,0,False,False,False,False,False,COMPLETED
2025-04-21,8518957,2025-04-18T10:08:56+10:00,2025-04-20T18:00:00+10:00,2025-04-20T18:00:00+10:00,0.0,0,AIDC12,2,246,2025-04-20T21:21:09+10:00,2025-04-20T21:30:00+10:00,0,0,0,0,False,False,False,False,False,COMPLETED
2025-04-21,8518958,2025-04-18T10:08:56+10:00,2025-04-20T18:00:00+10:00,2025-04-20T18:00:00+10:00,0.0,0,AIDC12,2,247,2025-04-20T21:21:09+10:00,2025-04-20T21:30:00+10:00,0,0,0,0,False,False,False,False,False,COMPLETED
2025-04-21,8518959,2025-04-18T10:08:56+10:00,2025-04-20T18:00:00+10:00,2025-04-20T18:00:00+10:00,0.0,0,AIDC12,2,248,2025-04-20T21:21:09+10:00,2025-04-20T21:30:00+10:00,0,0,0,0,False,False,False,False,False,COMPLETED
2025-04-21,8518960,2025-04-18T10:08:56+10:00,2025-04-20T18:00:00+10:00,2025-04-20T18:00:00+10:00,0.0,0,AIDC12,2,249,2025-04-20T21:21:09+10:00,2025-04-20T21:30:00+10:00,0,0,0,0,False,False,False,False,False,COMPLETED
2025-04-21,8518961,2025-04-18T10:08:56+10:00,2025-04-20T18:00:00+10:00,2025-04-20T18:00:00+10:00,0.0,0,AIDC12,2,250,2025-04-20T21:21:09+10:00,2025-04-20T21:30:00+10:00,0,0,0,0,False,False,False,False,False,COMPLETED
2025-04-21,8518962,2025-04-18T10:08:56+10:00,2025-04-20T18:00:00+10:00,2025-04-20T18:00:00+10:00,0.0,0,AIDC12,2,251,2025-04-20T21:21:09+10:00,2025-04-20T21:30:00+10:00,0,0,0,0,False,False,False,False,False,COMPLETED
2025-04-21,8518963,2025-04-18T10:08:56+10:00,2025-04-20T18:00:00+10:00,2025-04-20T18:00:00+10:00,0.0,0,AIDC12,2,252,2025-04-20T20:42:48+10:00,2025-04-20T20:45:00+10:00,0,0,0,0,False,False,False,False,False,COMPLETED
2025-04-21,8518964,2025-04-18T10:08:56+10:00,2025-04-20T18:00:00+10:00,2025-04-20T18:00:00+10:00,0.0,0,AIDC12,2,253,2025-04-20T21:21:09+10:00,2025-04-20T21:30:00+10:00,0,0,0,0,False,False,False,False,False,COMPLETED
2025-04-21,8518965,2025-04-18T10:08:56+10:00,2025-04-20T18:00:00+10:00,2025-04-20T18:00:00+10:00,0.0,0,AIDC12,2,254,2025-04-20T21:21:09+10:00,2025-04-20T21:30:00+10:00,0,0,0,0,False,False,False,False,False,COMPLETED
2025-04-21,8518966,2025-04-18T10:08:58+10:00,2025-04-20T18:00:00+10:00,2025-04-20T18:00:00+10:00,0.0,0,AIDC12,2,255,2025-04-20T21:21:09+10:00,2025-04-20T21:30:00+10:00,0,0,0,0,False,False,False,False,False,COMPLETED
2025-04-21,8518967,2025-04-18T10:08:58+10:00,2025-04-20T18:00:00+10:00,2025-04-20T18:00:00+10:00,0.0,0,AIDC12,2,256,2025-04-20T21:21:09+10:00,2025-04-20T21:30:00+10:00,0,0,0,0,False,False,False,False,False,COMPLETED
2025-04-21,8518968,2025-04-18T10:08:58+10:00,2025-04-20T18:00:00+10:00,2025-04-20T18:00:00+10:00,0.0,0,AIDC12,2,257,2025-04-20T21:21:09+10:00,2025-04-20T21:30:00+10:00,0,0,0,0,False,False,False,False,False,COMPLETED
2025-04-21,8518969,2025-04-18T10:08:58+10:00,2025-04-20T18:00:00+10:00,2025-04-20T18:00:00+10:00,0.0,0,AIDC12,2,258,2025-04-20T20:58:50+10:00,2025-04-20T21:00:00+10:00,0,0,0,0,False,False,False,False,False,COMPLETED
2025-04-21,8518970,2025-04-18T10:08:58+10:00,2025-04-20T18:00:00+10:00,2025-04-20T18:00:00+10:00,0.0,0,AIDC12,2,259,2025-04-20T20:34:44+10:00,2025-04-20T20:45:00+10:00,0,0,0,0,False,False,False,False,False,COMPLETED
2025-04-21,8518971,2025-04-18T10:08:58+10:00,2025-04-20T18:00:00+10:00,2025-04-20T18:00:00+10:00,0.0,0,AIDC12,2,260,2025-04-20T20:42:52+10:00,2025-04-20T20:45:00+10:00,0,0,0,0,False,False,False,False,False,COMPLETED
2025-04-21,8518972,2025-04-18T10:08:58+10:00,2025-04-20T18:00:00+10:00,2025-04-20T18:00:00+10:00,0.0,0,AIDC12,2,261,2025-04-20T20:42:52+10:00,2025-04-20T20:45:00+10:00,0,0,0,0,False,False,False,False,False,COMPLETED
2025-04-21,8518973,2025-04-18T10:08:58+10:00,2025-04-20T18:00:00+10:00,2025-04-20T18:00:00+10:00,0.0,0,AIDC12,2,262,2025-04-20T20:33:58+10:00,2025-04-20T20:45:00+10:00,0,0,0,0,False,False,False,False,False,COMPLETED
2025-04-21,8518974,2025-04-18T10:08:58+10:00,2025-04-20T18:00:00+10:00,2025-04-20T18:00:00+10:00,0.0,0,AIDC12,2,263,2025-04-20T20:14:46+10:00,2025-04-20T20:15:00+10:00,0,0,0,0,False,False,False,False,False,COMPLETED
2025-04-21,8518975,2025-04-18T10:08:58+10:00,2025-04-20T18:00:00+10:00,2025-04-20T18:00:00+10:00,0.0,0,AIDC12,2,264,2025-04-20T20:05:05+10:00,2025-04-20T20:15:00+10:00,0,0,0,0,False,False,False,False,False,COMPLETED
2025-04-21,8518976,2025-04-18T10:08:58+10:00,2025-04-20T18:00:00+10:00,2025-04-20T18:00:00+10:00,0.0,0,AIDC12,2,265,2025-04-20T20:05:05+10:00,2025-04-20T20:15:00+10:00,0,0,0,0,False,False,False,False,False,COMPLETED
2025-04-21,8518977,2025-04-18T10:08:58+10:00,2025-04-20T18:00:00+10:00,2025-04-20T18:00:00+10:00,0.0,0,AIDC12,2,266,2025-04-20T19:45:27+10:00,2025-04-20T20:00:00+10:00,0,0,0,0,False,False,False,False,False,COMPLETED
2025-04-21,8518978,2025-04-18T10:08:58+10:00,2025-04-20T18:00:00+10:00,2025-04-20T18:00:00+10:00,0.0,0,AIDC12,2,267,2025-04-20T19:45:27+10:00,2025-04-20T20:00:00+10:00,0,0,0,0,False,False,False,False,False,COMPLETED
2025-04-21,8518979,2025-04-18T10:09:01+10:00,2025-04-20T18:00:00+10:00,2025-04-20T18:00:00+10:00,0.0,0,AIDC12,2,268,2025-04-20T19:35:11+10:00,2025-04-20T19:45:00+10:00,0,0,0,0,False,False,False,False,False,COMPLETED
2025-04-21,8518980,2025-04-18T10:09:01+10:00,2025-04-20T18:00:00+10:00,2025-04-20T18:00:00+10:00,0.0,0,AIDC12,2,269,2025-04-20T19:35:11+10:00,2025-04-20T19:45:00+10:00,0,0,0,0,False,False,False,False,False,COMPLETED
2025-04-21,8518981,2025-04-18T10:09:01+10:00,2025-04-20T18:00:00+10:00,2025-04-20T18:00:00+10:00,0.0,0,AIDC12,2,270,2025-04-20T19:35:11+10:00,2025-04-20T19:45:00+10:00,0,0,0,0,False,False,False,False,False,COMPLETED
2025-04-21,8518982,2025-04-18T10:09:01+10:00,2025-04-20T18:00:00+10:00,2025-04-20T18:00:00+10:00,0.0,0,AIDC12,2,271,2025-04-20T19:35:11+10:00,2025-04-20T19:45:00+10:00,0,0,0,0,False,False,False,False,False,COMPLETED
2025-04-21,8518983,2025-04-18T10:09:01+10:00,2025-04-20T18:00:00+10:00,2025-04-20T18:00:00+10:00,0.0,0,AIDC12,2,272,2025-04-20T19:24:29+10:00,2025-04-20T19:30:00+10:00,0,0,0,0,False,False,False,False,False,COMPLETED
2025-04-21,8518984,2025-04-18T10:09:01+10:00,2025-04-20T18:00:00+10:00,2025-04-20T18:00:00+10:00,0.0,0,AIDC12,2,273,2025-04-20T19:24:29+10:00,2025-04-20T19:30:00+10:00,0,0,0,0,False,False,False,False,False,COMPLETED
2025-04-21,8518985,2025-04-18T10:09:01+10:00,2025-04-20T18:00:00+10:00,2025-04-20T18:00:00+10:00,0.0,0,AIDC12,2,274,2025-04-20T19:24:29+10:00,2025-04-20T19:30:00+10:00,0,0,0,0,False,False,False,False,False,COMPLETED
2025-04-21,8518986,2025-04-18T10:09:01+10:00,2025-04-20T18:00:00+10:00,2025-04-20T18:00:00+10:00,0.0,0,AIDC12,2,275,2025-04-20T18:51:41+10:00,2025-04-20T19:00:00+10:00,0,0,0,0,False,False,False,False,False,COMPLETED
2025-04-21,8518987,2025-04-18T10:09:01+10:00,2025-04-20T18:00:00+10:00,2025-04-20T18:00:00+10:00,0.0,0,AIDC12,2,276,2025-04-20T18:51:41+10:00,2025-04-20T19:00:00+10:00,0,0,0,0,False,False,False,False,False,COMPLETED
2025-04-21,8518988,2025-04-18T10:09:01+10:00,2025-04-20T18:00:00+10:00,2025-04-20T18:00:00+10:00,0.0,0,AIDC12,2,277,2025-04-20T18:51:41+10:00,2025-04-20T19:00:00+10:00,0,0,0,0,False,False,False,False,False,COMPLETED
2025-04-21,8518989,2025-04-18T10:09:01+10:00,2025-04-20T18:00:00+10:00,2025-04-20T18:00:00+10:00,0.0,0,AIDC12,2,278,2025-04-20T18:28:17+10:00,2025-04-20T18:30:00+10:00,0,0,0,0,False,False,False,False,False,COMPLETED
2025-04-21,8518990,2025-04-18T10:09:01+10:00,2025-04-20T18:00:00+10:00,2025-04-20T18:00:00+10:00,0.0,0,AIDC12,2,279,2025-04-20T18:16:41+10:00,2025-04-20T18:30:00+10:00,0,0,0,0,False,False,False,False,False,COMPLETED
2025-04-21,8518991,2025-04-18T10:09:01+10:00,2025-04-20T18:00:00+10:00,2025-04-20T18:00:00+10:00,0.0,0,AIDC12,2,280,2025-04-20T18:16:41+10:00,2025-04-20T18:30:00+10:00,0,0,0,0,False,False,False,False,False,COMPLETED
2025-04-21,8521657,2025-04-19T02:29:58+10:00,2025-04-20T18:00:00+10:00,2025-04-20T18:15:00+10:00,900.0,1,AIDC05,1,281,2025-04-21T02:22:14+10:00,2025-04-21T02:30:00+10:00,0,0,0,0,False,False,False,True,False,COMPLETED
2025-04-21,8521658,2025-04-19T02:29:58+10:00,2025-04-20T18:00:00+10:00,2025-04-20T18:15:00+10:00,900.0,1,AIDC05,1,282,2025-04-21T04:11:29+10:00,2025-04-21T04:15:00+10:00,0,0,0,0,False,False,False,True,False,COMPLETED
2025-04-21,8521659,2025-04-19T02:29:58+10:00,2025-04-20T18:00:00+10:00,2025-04-20T18:15:00+10:00,900.0,1,AIDC05,1,283,2025-04-21T05:33:35+10:00,2025-04-21T05:45:00+10:00,0,0,0,0,False,False,False,True,False,COMPLETED
2025-04-21,8521660,2025-04-19T02:29:58+10:00,2025-04-20T18:00:00+10:00,2025-04-20T18:15:00+10:00,900.0,1,AIDC05,1,284,2025-04-21T02:28:22+10:00,2025-04-21T02:30:00+10:00,0,0,0,0,False,False,False,True,False,COMPLETED
2025-04-21,8521705,2025-04-19T02:33:52+10:00,2025-04-20T18:00:00+10:00,2025-04-20T18:15:00+10:00,900.0,1,AIDC05,1,285,2025-04-20T18:31:08+10:00,2025-04-20T18:45:00+10:00,0,0,0,0,False,False,False,True,False,COMPLETED
2025-04-21,8521706,2025-04-19T02:33:52+10:00,2025-04-20T18:00:00+10:00,2025-04-20T18:15:00+10:00,900.0,1,AIDC05,1,286,2025-04-20T18:25:42+10:00,2025-04-20T18:30:00+10:00,0,0,0,0,False,False,False,True,False,COMPLETED
2025-04-21,8521707,2025-04-19T02:33:52+10:00,2025-04-20T18:00:00+10:00,2025-04-20T18:15:00+10:00,900.0,1,AIDC05,1,287,2025-04-21T00:36:37+10:00,2025-04-21T00:45:00+10:00,0,0,0,0,False,False,False,True,False,COMPLETED
2025-04-21,8521708,2025-04-19T02:33:52+10:00,2025-04-20T18:00:00+10:00,2025-04-20T18:15:00+10:00,900.0,1,AIDC05,1,288,2025-04-20T22:38:01+10:00,2025-04-20T22:45:00+10:00,0,0,0,0,False,False,False,True,False,COMPLETED
2025-04-21,8521709,2025-04-19T02:33:52+10:00,2025-04-20T18:00:00+10:00,2025-04-20T18:15:00+10:00,900.0,1,AIDC05,1,289,2025-04-20T23:57:57+10:00,2025-04-21T00:00:00+10:00,0,0,0,0,False,False,False,True,False,COMPLETED
2025-04-21,8521714,2025-04-19T02:33:53+10:00,2025-04-20T18:00:00+10:00,2025-04-20T18:15:00+10:00,900.0,1,AIDC05,1,290,2025-04-20T18:32:43+10:00,2025-04-20T18:45:00+10:00,0,0,0,0,False,False,False,True,False,COMPLETED
2025-04-21,8521715,2025-04-19T02:33:53+10:00,2025-04-20T18:00:00+10:00,2025-04-20T18:15:00+10:00,900.0,1,AIDC06,1,291,2025-04-20T23:56:57+10:00,2025-04-21T00:00:00+10:00,0,0,0,0,False,False,False,True,False,COMPLETED
2025-04-21,8521716,2025-04-19T02:33:53+10:00,2025-04-20T18:00:00+10:00,2025-04-20T18:15:00+10:00,900.0,1,AIDC06,1,292,2025-04-20T18:33:38+10:00,2025-04-20T18:45:00+10:00,0,0,0,0,False,False,False,True,False,COMPLETED
2025-04-21,8521717,2025-04-19T02:33:53+10:00,2025-04-20T18:00:00+10:00,2025-04-20T18:15:00+10:00,900.0,1,AIDC07,1,293,2025-04-21T00:45:16+10:00,2025-04-21T01:00:00+10:00,0,0,0,0,False,False,False,True,False,COMPLETED
2025-04-21,8521718,2025-04-19T02:33:53+10:00,2025-04-20T18:00:00+10:00,2025-04-20T18:15:00+10:00,900.0,1,AIDC07,1,294,2025-04-20T18:33:26+10:00,2025-04-20T18:45:00+10:00,0,0,0,0,False,False,False,True,False,COMPLETED
2025-04-21,8527095,2025-04-19T13:09:52+10:00,2025-04-20T18:00:00+10:00,2025-04-20T18:30:00+10:00,1800.0,2,AIDC05,1,295,2025-04-20T21:12:25+10:00,2025-04-20T21:15:00+10:00,0,0,0,0,False,False,False,True,False,COMPLETED
2025-04-21,8527096,2025-04-19T13:09:54+10:00,2025-04-20T18:00:00+10:00,2025-04-20T18:30:00+10:00,1800.0,2,AIDC05,1,296,2025-04-20T20:54:07+10:00,2025-04-20T21:00:00+10:00,0,0,0,0,False,False,False,True,False,COMPLETED
2025-04-21,8527097,2025-04-19T13:09:54+10:00,2025-04-20T18:00:00+10:00,2025-04-20T18:30:00+10:00,1800.0,2,AIDC05,1,297,2025-04-20T20:34:33+10:00,2025-04-20T20:45:00+10:00,0,0,0,0,False,False,False,True,False,COMPLETED
2025-04-21,8527098,2025-04-19T13:09:54+10:00,2025-04-20T18:00:00+10:00,2025-04-20T18:30:00+10:00,1800.0,2,AIDC05,1,298,2025-04-20T19:21:06+10:00,2025-04-20T19:30:00+10:00,0,0,0,0,False,False,False,True,False,COMPLETED
2025-04-21,8527709,2025-04-19T14:30:55+10:00,2025-04-20T18:00:00+10:00,2025-04-20T18:30:00+10:00,1800.0,2,AIDC05,1,299,2025-04-20T18:30:25+10:00,2025-04-20T18:45:00+10:00,0,0,0,0,False,False,False,True,False,COMPLETED
2025-04-21,8531549,2025-04-20T16:02:14+10:00,2025-04-20T18:00:00+10:00,2025-04-20T19:00:00+10:00,3600.0,4,AIDC05,16,300,2025-04-20T19:15:47+10:00,2025-04-20T19:30:00+10:00,0,0,0,0,False,False,False,True,False,COMPLETED
2025-04-21,8531554,2025-04-20T16:02:17+10:00,2025-04-20T18:00:00+10:00,2025-04-20T19:30:00+10:00,5400.0,6,AIDC05,32,301,2025-04-20T19:39:29+10:00,2025-04-20T19:45:00+10:00,0,0,0,0,False,False,False,True,False,COMPLETED
2025-04-21,8531557,2025-04-20T16:02:22+10:00,2025-04-20T18:00:00+10:00,2025-04-20T19:30:00+10:00,5400.0,6,AIDC05,16,302,2025-04-20T19:30:44+10:00,2025-04-20T19:45:00+10:00,0,0,0,0,False,False,False,True,False,COMPLETED
2025-04-21,8531558,2025-04-20T16:02:24+10:00,2025-04-20T18:00:00+10:00,2025-04-20T19:45:00+10:00,6300.0,7,AIDC05,32,303,2025-04-20T19:45:42+10:00,2025-04-20T20:00:00+10:00,0,0,0,0,False,False,False,True,False,COMPLETED
2025-04-21,8531559,2025-04-20T16:02:27+10:00,2025-04-20T18:00:00+10:00,2025-04-20T20:00:00+10:00,7200.0,8,AIDC05,64,304,2025-04-20T20:00:42+10:00,2025-04-20T20:15:00+10:00,0,0,0,0,False,False,False,True,False,COMPLETED
2025-04-21,8531606,2025-04-20T19:57:14+10:00,2025-04-20T19:57:14+10:00,2025-04-20T20:00:00+10:00,166.0,1,AIDC04,1,2,2025-04-21T02:13:42+10:00,2025-04-21T02:15:00+10:00,0,0,0,0,False,False,False,True,False,COMPLETED
2025-04-21,8531608,2025-04-20T20:05:10+10:00,2025-04-20T20:05:10+10:00,2025-04-20T20:05:10+10:00,0.0,0,AIDC06,4,1,2025-04-20T20:06:05+10:00,2025-04-20T20:15:00+10:00,0,0,0,0,False,False,False,False,False,COMPLETED
2025-04-21,8531609,2025-04-20T20:05:12+10:00,2025-04-20T20:05:12+10:00,2025-04-20T20:05:12+10:00,0.0,0,AIDC06,4,1,2025-04-20T20:06:07+10:00,2025-04-20T20:15:00+10:00,0,0,0,0,False,False,False,False,False,COMPLETED
2025-04-21,8531610,2025-04-20T20:05:12+10:00,2025-04-20T20:05:12+10:00,2025-04-20T20:05:12+10:00,0.0,0,AIDC12,4,2,2025-04-20T20:06:07+10:00,2025-04-20T20:15:00+10:00,0,0,0,0,False,False,False,False,False,COMPLETED
2025-04-21,8531611,2025-04-20T20:05:12+10:00,2025-04-20T20:05:12+10:00,2025-04-20T20:05:12+10:00,0.0,0,AIDC12,4,3,2025-04-20T20:06:09+10:00,2025-04-20T20:15:00+10:00,0,0,0,0,False,False,False,False,False,COMPLETED
2025-04-21,8531614,2025-04-20T20:05:14+10:00,2025-04-20T20:05:14+10:00,2025-04-20T20:05:14+10:00,0.0,0,AIDC12,4,1,2025-04-20T20:06:12+10:00,2025-04-20T20:15:00+10:00,0,0,0,0,False,False,False,False,False,COMPLETED
2025-04-21,8531615,2025-04-20T20:05:15+10:00,2025-04-20T20:05:15+10:00,2025-04-20T20:05:15+10:00,0.0,0,AIDC12,4,1,2025-04-20T20:06:12+10:00,2025-04-20T20:15:00+10:00,0,0,0,0,False,False,False,False,False,COMPLETED
2025-04-21,8531617,2025-04-20T20:05:17+10:00,2025-04-20T20:05:17+10:00,2025-04-20T20:05:17+10:00,0.0,0,AIDC12,4,1,2025-04-20T20:06:14+10:00,2025-04-20T20:15:00+10:00,0,0,0,0,False,False,False,False,False,COMPLETED
2025-04-21,8531619,2025-04-20T20:05:17+10:00,2025-04-20T20:05:17+10:00,2025-04-20T20:05:17+10:00,0.0,0,AIDC12,4,2,2025-04-20T20:06:12+10:00,2025-04-20T20:15:00+10:00,0,0,0,0,False,False,False,False,False,COMPLETED
2025-04-21,8531621,2025-04-20T20:05:17+10:00,2025-04-20T20:05:17+10:00,2025-04-20T20:05:17+10:00,0.0,0,AIDC12,4,3,2025-04-20T20:06:14+10:00,2025-04-20T20:15:00+10:00,0,0,0,0,False,False,False,False,False,COMPLETED
2025-04-21,8531622,2025-04-20T20:05:19+10:00,2025-04-20T20:05:19+10:00,2025-04-20T20:15:00+10:00,581.0,1,AIDC05,4,1,2025-04-20T20:15:55+10:00,2025-04-20T20:30:00+10:00,0,0,0,0,False,False,False,True,False,COMPLETED
2025-04-21,8531623,2025-04-20T20:05:20+10:00,2025-04-20T20:05:20+10:00,2025-04-20T20:15:00+10:00,580.0,1,AIDC05,4,2,2025-04-20T20:15:57+10:00,2025-04-20T20:30:00+10:00,0,0,0,0,False,False,False,True,False,COMPLETED
2025-04-21,8531627,2025-04-20T20:05:22+10:00,2025-04-20T20:05:22+10:00,2025-04-20T20:15:00+10:00,578.0,1,AIDC05,4,3,2025-04-20T20:15:55+10:00,2025-04-20T20:30:00+10:00,0,0,0,0,False,False,False,True,False,COMPLETED
2025-04-21,8531629,2025-04-20T20:05:24+10:00,2025-04-20T20:05:24+10:00,2025-04-20T20:15:00+10:00,576.0,1,AIDC05,4,4,2025-04-20T20:15:55+10:00,2025-04-20T20:30:00+10:00,0,0,0,0,False,False,False,True,False,COMPLETED
2025-04-21,8531630,2025-04-20T20:05:25+10:00,2025-04-20T20:05:25+10:00,2025-04-20T20:15:00+10:00,575.0,1,AIDC05,4,5,2025-04-20T20:15:57+10:00,2025-04-20T20:30:00+10:00,0,0,0,0,False,False,False,True,False,COMPLETED
2025-04-21,8531632,2025-04-20T20:05:27+10:00,2025-04-20T20:05:27+10:00,2025-04-20T20:15:00+10:00,573.0,1,AIDC05,4,6,2025-04-20T20:15:57+10:00,2025-04-20T20:30:00+10:00,0,0,0,0,False,False,False,True,False,COMPLETED
2025-04-21,8531638,2025-04-20T20:05:32+10:00,2025-04-20T20:05:32+10:00,2025-04-20T20:15:00+10:00,568.0,1,AIDC05,4,7,2025-04-20T20:15:55+10:00,2025-04-20T20:30:00+10:00,0,0,0,0,False,False,False,True,False,COMPLETED
2025-04-21,8531641,2025-04-20T20:05:32+10:00,2025-04-20T20:05:32+10:00,2025-04-20T20:15:00+10:00,568.0,1,AIDC05,4,8,2025-04-20T20:15:57+10:00,2025-04-20T20:30:00+10:00,0,0,0,0,False,False,False,True,False,COMPLETED
2025-04-21,8531642,2025-04-20T20:05:32+10:00,2025-04-20T20:05:32+10:00,2025-04-20T20:15:00+10:00,568.0,1,AIDC05,4,9,2025-04-20T20:15:55+10:00,2025-04-20T20:30:00+10:00,0,0,0,0,False,False,False,True,False,COMPLETED
2025-04-21,8531643,2025-04-20T20:05:34+10:00,2025-04-20T20:05:34+10:00,2025-04-20T20:15:00+10:00,566.0,1,AIDC05,4,10,2025-04-20T20:15:59+10:00,2025-04-20T20:30:00+10:00,0,0,0,0,False,False,False,True,False,COMPLETED
2025-04-21,8531647,2025-04-20T20:05:37+10:00,2025-04-20T20:05:37+10:00,2025-04-20T20:15:00+10:00,563.0,1,AIDC05,4,11,2025-04-20T20:15:55+10:00,2025-04-20T20:30:00+10:00,0,0,0,0,False,False,False,True,False,COMPLETED
2025-04-21,8531649,2025-04-20T20:05:39+10:00,2025-04-20T20:05:39+10:00,2025-04-20T20:15:00+10:00,561.0,1,AIDC05,4,12,2025-04-20T20:15:59+10:00,2025-04-20T20:30:00+10:00,0,0,0,0,False,False,False,True,False,COMPLETED
2025-04-21,8531650,2025-04-20T20:05:42+10:00,2025-04-20T20:05:42+10:00,2025-04-20T20:15:00+10:00,558.0,1,AIDC05,4,13,2025-04-20T20:15:55+10:00,2025-04-20T20:30:00+10:00,0,0,0,0,False,False,False,True,False,COMPLETED
2025-04-21,8531653,2025-04-20T20:05:42+10:00,2025-04-20T20:05:42+10:00,2025-04-20T20:15:00+10:00,558.0,1,AIDC05,4,14,2025-04-20T20:15:55+10:00,2025-04-20T20:30:00+10:00,0,0,0,0,False,False,False,True,False,COMPLETED
2025-04-21,8531662,2025-04-20T20:05:52+10:00,2025-04-20T20:05:52+10:00,2025-04-20T20:15:00+10:00,548.0,1,AIDC05,4,15,2025-04-20T20:15:55+10:00,2025-04-20T20:30:00+10:00,0,0,0,0,False,False,False,True,False,COMPLETED
2025-04-21,8531665,2025-04-20T20:05:52+10:00,2025-04-20T20:05:52+10:00,2025-04-20T20:15:00+10:00,548.0,1,AIDC05,4,16,2025-04-20T20:15:55+10:00,2025-04-20T20:30:00+10:00,0,0,0,0,False,False,False,True,False,COMPLETED
2025-04-21,8531667,2025-04-20T20:05:54+10:00,2025-04-20T20:05:54+10:00,2025-04-20T20:15:00+10:00,546.0,1,AIDC05,4,17,2025-04-20T20:15:59+10:00,2025-04-20T20:30:00+10:00,0,0,0,0,False,False,False,True,False,COMPLETED
2025-04-21,8531668,2025-04-20T20:05:57+10:00,2025-04-20T20:05:57+10:00,2025-04-20T20:15:00+10:00,543.0,1,AIDC06,4,18,2025-04-20T20:15:55+10:00,2025-04-20T20:30:00+10:00,0,0,0,0,False,False,False,True,False,COMPLETED
2025-04-21,8531669,2025-04-20T20:05:57+10:00,2025-04-20T20:05:57+10:00,2025-04-20T20:15:00+10:00,543.0,1,AIDC06,4,19,2025-04-20T20:15:55+10:00,2025-04-20T20:30:00+10:00,0,0,0,0,False,False,False,True,False,COMPLETED
2025-04-21,8531671,2025-04-20T20:05:57+10:00,2025-04-20T20:05:57+10:00,2025-04-20T20:15:00+10:00,543.0,1,AIDC06,4,20,2025-04-20T20:15:55+10:00,2025-04-20T20:30:00+10:00,0,0,0,0,False,False,False,True,False,COMPLETED
2025-04-21,8531674,2025-04-20T20:06:05+10:00,2025-04-20T20:06:05+10:00,2025-04-20T20:15:00+10:00,535.0,1,AIDC06,4,21,2025-04-20T20:15:55+10:00,2025-04-20T20:30:00+10:00,0,0,0,0,False,False,False,True,False,COMPLETED
2025-04-21,8531675,2025-04-20T20:06:05+10:00,2025-04-20T20:06:05+10:00,2025-04-20T20:15:00+10:00,535.0,1,AIDC12,4,22,2025-04-20T20:15:55+10:00,2025-04-20T20:30:00+10:00,0,0,0,0,False,False,False,True,False,COMPLETED
2025-04-21,8531676,2025-04-20T20:06:07+10:00,2025-04-20T20:06:07+10:00,2025-04-20T20:15:00+10:00,533.0,1,AIDC12,4,23,2025-04-20T20:15:56+10:00,2025-04-20T20:30:00+10:00,0,0,0,0,False,False,False,True,False,COMPLETED
2025-04-21,8531678,2025-04-20T20:06:07+10:00,2025-04-20T20:06:07+10:00,2025-04-20T20:15:00+10:00,533.0,1,AIDC12,4,24,2025-04-20T20:15:58+10:00,2025-04-20T20:30:00+10:00,0,0,0,0,False,False,False,True,False,COMPLETED
2025-04-21,8531679,2025-04-20T20:06:07+10:00,2025-04-20T20:06:07+10:00,2025-04-20T20:15:00+10:00,533.0,1,AIDC12,4,25,2025-04-20T20:15:55+10:00,2025-04-20T20:30:00+10:00,0,0,0,0,False,False,False,True,False,COMPLETED
2025-04-21,8531680,2025-04-20T20:06:07+10:00,2025-04-20T20:06:07+10:00,2025-04-20T20:15:00+10:00,533.0,1,AIDC12,4,26,2025-04-20T20:15:59+10:00,2025-04-20T20:30:00+10:00,0,0,0,0,False,False,False,True,False,COMPLETED
2025-04-21,8531682,2025-04-20T20:06:12+10:00,2025-04-20T20:06:12+10:00,2025-04-20T20:15:00+10:00,528.0,1,AIDC12,4,27,2025-04-20T20:15:59+10:00,2025-04-20T20:30:00+10:00,0,0,0,0,False,False,False,True,False,COMPLETED
2025-04-21,8531684,2025-04-20T20:06:12+10:00,2025-04-20T20:06:12+10:00,2025-04-20T20:15:00+10:00,528.0,1,AIDC12,4,28,2025-04-20T20:15:55+10:00,2025-04-20T20:30:00+10:00,0,0,0,0,False,False,False,True,False,COMPLETED
2025-04-21,8531685,2025-04-20T20:06:12+10:00,2025-04-20T20:06:12+10:00,2025-04-20T20:15:00+10:00,528.0,1,AIDC12,4,29,2025-04-20T20:15:55+10:00,2025-04-20T20:30:00+10:00,0,0,0,0,False,False,False,True,False,COMPLETED
2025-04-21,8531686,2025-04-20T20:06:12+10:00,2025-04-20T20:06:12+10:00,2025-04-20T20:15:00+10:00,528.0,1,AIDC12,4,30,2025-04-20T20:15:55+10:00,2025-04-20T20:30:00+10:00,0,0,0,0,False,False,False,True,False,COMPLETED
2025-04-21,8531689,2025-04-20T20:06:17+10:00,2025-04-20T20:06:17+10:00,2025-04-20T20:30:00+10:00,1423.0,2,AIDC05,4,31,2025-04-20T20:30:59+10:00,2025-04-20T20:45:00+10:00,0,0,0,0,False,False,False,True,False,COMPLETED
2025-04-21,8531690,2025-04-20T20:06:17+10:00,2025-04-20T20:06:17+10:00,2025-04-20T20:30:00+10:00,1423.0,2,AIDC05,4,32,2025-04-20T20:30:58+10:00,2025-04-20T20:45:00+10:00,0,0,0,0,False,False,False,True,False,COMPLETED
2025-04-21,8531693,2025-04-20T20:06:19+10:00,2025-04-20T20:06:19+10:00,2025-04-20T20:30:00+10:00,1421.0,2,AIDC05,4,33,2025-04-20T20:30:56+10:00,2025-04-20T20:45:00+10:00,0,0,0,0,False,False,False,True,False,COMPLETED
2025-04-21,8531695,2025-04-20T20:06:22+10:00,2025-04-20T20:06:22+10:00,2025-04-20T20:30:00+10:00,1418.0,2,AIDC05,4,34,2025-04-20T20:30:57+10:00,2025-04-20T20:45:00+10:00,0,0,0,0,False,False,False,True,False,COMPLETED
2025-04-21,8531698,2025-04-20T20:06:24+10:00,2025-04-20T20:06:24+10:00,2025-04-20T20:30:00+10:00,1416.0,2,AIDC05,4,35,2025-04-20T20:30:57+10:00,2025-04-20T20:45:00+10:00,0,0,0,0,False,False,False,True,False,COMPLETED
2025-04-21,8531701,2025-04-20T20:06:27+10:00,2025-04-20T20:06:27+10:00,2025-04-20T20:30:00+10:00,1413.0,2,AIDC05,4,36,2025-04-20T20:30:55+10:00,2025-04-20T20:45:00+10:00,0,0,0,0,False,False,False,True,False,COMPLETED
2025-04-21,8531702,2025-04-20T20:06:27+10:00,2025-04-20T20:06:27+10:00,2025-04-20T20:30:00+10:00,1413.0,2,AIDC05,4,37,2025-04-20T20:30:57+10:00,2025-04-20T20:45:00+10:00,0,0,0,0,False,False,False,True,False,COMPLETED
2025-04-21,8531707,2025-04-20T20:06:32+10:00,2025-04-20T20:06:32+10:00,2025-04-20T20:30:00+10:00,1408.0,2,AIDC05,4,38,2025-04-20T20:30:55+10:00,2025-04-20T20:45:00+10:00,0,0,0,0,False,False,False,True,False,COMPLETED
2025-04-21,8531712,2025-04-20T20:06:37+10:00,2025-04-20T20:06:37+10:00,2025-04-20T20:30:00+10:00,1403.0,2,AIDC05,4,39,2025-04-20T20:30:55+10:00,2025-04-20T20:45:00+10:00,0,0,0,0,False,False,False,True,False,COMPLETED
2025-04-21,8531724,2025-04-20T20:06:47+10:00,2025-04-20T20:06:47+10:00,2025-04-20T20:30:00+10:00,1393.0,2,AIDC05,4,40,2025-04-20T20:30:57+10:00,2025-04-20T20:45:00+10:00,0,0,0,0,False,False,False,True,False,COMPLETED
2025-04-21,8531727,2025-04-20T20:06:50+10:00,2025-04-20T20:06:50+10:00,2025-04-20T20:30:00+10:00,1390.0,2,AIDC05,4,41,2025-04-20T20:30:55+10:00,2025-04-20T20:45:00+10:00,0,0,0,0,False,False,False,True,False,COMPLETED
2025-04-21,8531731,2025-04-20T20:07:02+10:00,2025-04-20T20:07:02+10:00,2025-04-20T20:30:00+10:00,1378.0,2,AIDC05,4,42,2025-04-20T20:30:58+10:00,2025-04-20T20:45:00+10:00,0,0,0,0,False,False,False,True,False,COMPLETED
2025-04-21,8531743,2025-04-20T20:07:09+10:00,2025-04-20T20:07:09+10:00,2025-04-20T20:30:00+10:00,1371.0,2,AIDC05,4,43,2025-04-20T20:30:58+10:00,2025-04-20T20:45:00+10:00,0,0,0,0,False,False,False,True,False,COMPLETED
2025-04-21,8531753,2025-04-20T21:23:16+10:00,2025-04-20T21:23:16+10:00,2025-04-20T21:23:16+10:00,0.0,0,AIDC04,1,1,2025-04-21T04:22:32+10:00,2025-04-21T04:30:00+10:00,0,0,0,0,False,False,False,False,False,COMPLETED
2025-04-21,8531754,2025-04-20T21:23:29+10:00,2025-04-20T21:23:29+10:00,2025-04-20T21:23:29+10:00,0.0,0,AIDC04,1,1,2025-04-21T04:56:42+10:00,2025-04-21T05:00:00+10:00,0,0,0,0,False,False,False,False,False,COMPLETED
2025-04-21,8531755,2025-04-20T21:23:42+10:00,2025-04-20T21:23:42+10:00,2025-04-20T21:23:42+10:00,0.0,0,AIDC04,1,1,2025-04-21T04:38:32+10:00,2025-04-21T04:45:00+10:00,0,0,0,0,False,False,False,False,False,COMPLETED
2025-04-21,8531756,2025-04-20T21:23:54+10:00,2025-04-20T21:23:54+10:00,2025-04-20T21:23:54+10:00,0.0,0,AIDC05,1,1,2025-04-21T04:02:59+10:00,2025-04-21T04:15:00+10:00,0,0,0,0,False,False,False,False,False,COMPLETED
2025-04-21,8531757,2025-04-20T21:24:04+10:00,2025-04-20T21:24:04+10:00,2025-04-20T21:24:04+10:00,0.0,0,AIDC05,1,1,2025-04-21T04:57:15+10:00,2025-04-21T05:00:00+10:00,0,0,0,0,False,False,False,False,False,COMPLETED
2025-04-21,8531758,2025-04-20T21:24:16+10:00,2025-04-20T21:24:16+10:00,2025-04-20T21:24:16+10:00,0.0,0,AIDC05,1,1,2025-04-21T04:24:33+10:00,2025-04-21T04:30:00+10:00,0,0,0,0,False,False,False,False,False,COMPLETED
2025-04-21,8531759,2025-04-20T21:24:26+10:00,2025-04-20T21:24:26+10:00,2025-04-20T21:24:26+10:00,0.0,0,AIDC05,1,1,2025-04-21T04:30:37+10:00,2025-04-21T04:45:00+10:00,0,0,0,0,False,False,False,False,False,COMPLETED
2025-04-21,8531760,2025-04-20T21:24:36+10:00,2025-04-20T21:24:36+10:00,2025-04-20T21:24:36+10:00,0.0,0,AIDC05,1,1,2025-04-21T04:30:27+10:00,2025-04-21T04:45:00+10:00,0,0,0,0,False,False,False,False,False,COMPLETED
2025-04-21,8531761,2025-04-20T21:24:47+10:00,2025-04-20T21:24:47+10:00,2025-04-20T21:24:47+10:00,0.0,0,AIDC05,1,1,2025-04-21T04:40:24+10:00,2025-04-21T04:45:00+10:00,0,0,0,0,False,False,False,False,False,COMPLETED
2025-04-21,8531762,2025-04-20T21:24:56+10:00,2025-04-20T21:24:56+10:00,2025-04-20T21:24:56+10:00,0.0,0,AIDC05,1,1,2025-04-21T04:45:51+10:00,2025-04-21T05:00:00+10:00,0,0,0,0,False,False,False,False,False,COMPLETED
2025-04-21,8531763,2025-04-20T21:25:54+10:00,2025-04-20T21:25:54+10:00,2025-04-20T21:25:54+10:00,0.0,0,AIDC05,1,1,2025-04-21T04:09:54+10:00,2025-04-21T04:15:00+10:00,0,0,0,0,False,False,False,False,False,COMPLETED
2025-04-21,8531769,2025-04-20T22:12:51+10:00,2025-04-20T22:12:51+10:00,2025-04-20T22:12:51+10:00,0.0,0,AIDC05,1,1,,,0,0,0,0,False,False,False,False,True,RUNNING
2025-04-21,8531787,2025-04-20T22:28:48+10:00,2025-04-20T22:28:48+10:00,2025-04-20T22:28:48+10:00,0.0,0,AIDC05,1,1,2025-04-21T03:07:28+10:00,2025-04-21T03:15:00+10:00,0,0,0,0,False,False,False,False,False,COMPLETED
2025-04-21,8531804,2025-04-20T23:21:04+10:00,2025-04-20T23:21:04+10:00,2025-04-20T23:21:04+10:00,0.0,0,AIDC03,2,1,2025-04-21T03:50:23+10:00,2025-04-21T04:00:00+10:00,0,0,0,0,False,False,False,False,False,COMPLETED
2025-04-21,8531805,2025-04-20T23:21:06+10:00,2025-04-20T23:21:06+10:00,2025-04-20T23:21:06+10:00,0.0,0,AIDC03,2,1,2025-04-21T00:25:30+10:00,2025-04-21T00:30:00+10:00,0,0,0,0,False,False,False,False,False,COMPLETED
2025-04-21,8531806,2025-04-20T23:21:07+10:00,2025-04-20T23:21:07+10:00,2025-04-20T23:21:07+10:00,0.0,0,AIDC03,2,1,2025-04-21T11:21:09+10:00,2025-04-21T11:30:00+10:00,0,0,0,0,False,False,False,False,False,COMPLETED
2025-04-21,8531807,2025-04-20T23:21:07+10:00,2025-04-20T23:21:07+10:00,2025-04-20T23:21:07+10:00,0.0,0,AIDC03,2,2,2025-04-21T11:21:09+10:00,2025-04-21T11:30:00+10:00,0,0,0,0,False,False,False,False,False,COMPLETED
2025-04-21,8531808,2025-04-20T23:21:07+10:00,2025-04-20T23:21:07+10:00,2025-04-20T23:21:07+10:00,0.0,0,AIDC03,2,3,2025-04-21T07:54:26+10:00,2025-04-21T08:00:00+10:00,0,0,0,0,False,False,False,False,False,COMPLETED
2025-04-21,8531809,2025-04-20T23:21:07+10:00,2025-04-20T23:21:07+10:00,2025-04-20T23:21:07+10:00,0.0,0,AIDC03,2,4,2025-04-21T10:00:50+10:00,2025-04-21T10:15:00+10:00,0,0,0,0,False,False,False,False,False,COMPLETED
2025-04-21,8531810,2025-04-20T23:21:07+10:00,2025-04-20T23:21:07+10:00,2025-04-20T23:21:07+10:00,0.0,0,AIDC05,2,5,2025-04-21T05:35:39+10:00,2025-04-21T05:45:00+10:00,0,0,0,0,False,False,False,False,False,COMPLETED
2025-04-21,8531811,2025-04-20T23:21:07+10:00,2025-04-20T23:21:07+10:00,2025-04-20T23:21:07+10:00,0.0,0,AIDC05,2,6,2025-04-21T05:54:12+10:00,2025-04-21T06:00:00+10:00,0,0,0,0,False,False,False,False,False,COMPLETED
2025-04-21,8531812,2025-04-20T23:21:07+10:00,2025-04-20T23:21:07+10:00,2025-04-20T23:21:07+10:00,0.0,0,AIDC05,2,7,2025-04-21T00:13:29+10:00,2025-04-21T00:15:00+10:00,0,0,0,0,False,False,False,False,False,COMPLETED
2025-04-21,8531813,2025-04-20T23:21:07+10:00,2025-04-20T23:21:07+10:00,2025-04-20T23:21:07+10:00,0.0,0,AIDC05,2,8,2025-04-21T00:21:31+10:00,2025-04-21T00:30:00+10:00,0,0,0,0,False,False,False,False,False,COMPLETED
2025-04-21,8531814,2025-04-20T23:21:07+10:00,2025-04-20T23:21:07+10:00,2025-04-20T23:21:07+10:00,0.0,0,AIDC05,2,9,2025-04-21T01:33:18+10:00,2025-04-21T01:45:00+10:00,0,0,0,0,False,False,False,False,False,COMPLETED
2025-04-21,8531815,2025-04-20T23:21:07+10:00,2025-04-20T23:21:07+10:00,2025-04-20T23:21:07+10:00,0.0,0,AIDC05,2,10,2025-04-21T00:21:11+10:00,2025-04-21T00:30:00+10:00,0,0,0,0,False,False,False,False,False,COMPLETED
2025-04-21,8531816,2025-04-20T23:21:07+10:00,2025-04-20T23:21:07+10:00,2025-04-20T23:21:07+10:00,0.0,0,AIDC05,2,11,2025-04-21T11:21:09+10:00,2025-04-21T11:30:00+10:00,0,0,0,0,False,False,False,False,False,COMPLETED
2025-04-21,8531817,2025-04-20T23:21:07+10:00,2025-04-20T23:21:07+10:00,2025-04-20T23:21:07+10:00,0.0,0,AIDC05,2,12,2025-04-21T11:21:09+10:00,2025-04-21T11:30:00+10:00,0,0,0,0,False,False,False,False,False,COMPLETED
2025-04-21,8531818,2025-04-20T23:21:07+10:00,2025-04-20T23:21:07+10:00,2025-04-20T23:21:07+10:00,0.0,0,AIDC05,2,13,2025-04-21T03:00:06+10:00,2025-04-21T03:15:00+10:00,0,0,0,0,False,False,False,False,False,COMPLETED
2025-04-21,8531819,2025-04-20T23:21:19+10:00,2025-04-20T23:21:19+10:00,2025-04-20T23:21:19+10:00,0.0,0,AIDC05,2,1,2025-04-21T00:31:45+10:00,2025-04-21T00:45:00+10:00,0,0,0,0,False,False,False,False,False,COMPLETED
2025-04-21,8531820,2025-04-20T23:21:19+10:00,2025-04-20T23:21:19+10:00,2025-04-20T23:21:19+10:00,0.0,0,AIDC05,2,2,2025-04-21T00:21:42+10:00,2025-04-21T00:30:00+10:00,0,0,0,0,False,False,False,False,False,COMPLETED
2025-04-21,8531821,2025-04-20T23:21:19+10:00,2025-04-20T23:21:19+10:00,2025-04-20T23:21:19+10:00,0.0,0,AIDC05,2,3,2025-04-21T00:55:24+10:00,2025-04-21T01:00:00+10:00,0,0,0,0,False,False,False,False,False,COMPLETED
2025-04-21,8531822,2025-04-20T23:21:19+10:00,2025-04-20T23:21:19+10:00,2025-04-20T23:21:19+10:00,0.0,0,AIDC05,2,4,2025-04-21T02:11:13+10:00,2025-04-21T02:15:00+10:00,0,0,0,0,False,False,False,False,False,COMPLETED
2025-04-21,8531823,2025-04-20T23:21:19+10:00,2025-04-20T23:21:19+10:00,2025-04-20T23:21:19+10:00,0.0,0,AIDC05,2,5,2025-04-21T00:13:41+10:00,2025-04-21T00:15:00+10:00,0,0,0,0,False,False,False,False,False,COMPLETED
2025-04-21,8531824,2025-04-20T23:21:19+10:00,2025-04-20T23:21:19+10:00,2025-04-20T23:21:19+10:00,0.0,0,AIDC05,2,6,2025-04-21T08:07:39+10:00,2025-04-21T08:15:00+10:00,0,0,0,0,False,False,False,False,False,COMPLETED
2025-04-21,8531825,2025-04-20T23:21:19+10:00,2025-04-20T23:21:19+10:00,2025-04-20T23:21:19+10:00,0.0,0,AIDC05,2,7,2025-04-21T05:00:38+10:00,2025-04-21T05:15:00+10:00,0,0,0,0,False,False,False,False,False,COMPLETED
2025-04-21,8531826,2025-04-20T23:21:19+10:00,2025-04-20T23:21:19+10:00,2025-04-20T23:21:19+10:00,0.0,0,AIDC05,2,8,2025-04-21T02:32:14+10:00,2025-04-21T02:45:00+10:00,0,0,0,0,False,False,False,False,False,COMPLETED
2025-04-21,8531827,2025-04-20T23:21:19+10:00,2025-04-20T23:21:19+10:00,2025-04-20T23:21:19+10:00,0.0,0,AIDC05,2,9,2025-04-21T11:21:36+10:00,2025-04-21T11:30:00+10:00,0,0,0,0,False,False,False,False,False,COMPLETED
2025-04-21,8531828,2025-04-20T23:21:19+10:00,2025-04-20T23:21:19+10:00,2025-04-20T23:21:19+10:00,0.0,0,AIDC05,2,10,2025-04-21T00:32:08+10:00,2025-04-21T00:45:00+10:00,0,0,0,0,False,False,False,False,False,COMPLETED
2025-04-21,8531829,2025-04-20T23:21:19+10:00,2025-04-20T23:21:19+10:00,2025-04-20T23:21:19+10:00,0.0,0,AIDC05,2,11,2025-04-21T11:21:36+10:00,2025-04-21T11:30:00+10:00,0,0,0,0,False,False,False,False,False,COMPLETED
2025-04-21,8531830,2025-04-20T23:21:19+10:00,2025-04-20T23:21:19+10:00,2025-04-20T23:21:19+10:00,0.0,0,AIDC05,2,12,2025-04-21T11:21:36+10:00,2025-04-21T11:30:00+10:00,0,0,0,0,False,False,False,False,False,COMPLETED
2025-04-21,8531831,2025-04-20T23:21:19+10:00,2025-04-20T23:21:19+10:00,2025-04-20T23:21:19+10:00,0.0,0,AIDC05,2,13,2025-04-21T04:21:35+10:00,2025-04-21T04:30:00+10:00,0,0,0,0,False,False,False,False,False,COMPLETED
2025-04-21,8531832,2025-04-20T23:21:19+10:00,2025-04-20T23:21:19+10:00,2025-04-20T23:21:19+10:00,0.0,0,AIDC05,2,14,2025-04-21T00:27:43+10:00,2025-04-21T00:30:00+10:00,0,0,0,0,False,False,False,False,False,COMPLETED
2025-04-21,8531833,2025-04-20T23:21:21+10:00,2025-04-20T23:21:21+10:00,2025-04-20T23:21:21+10:00,0.0,0,AIDC05,2,1,2025-04-21T04:20:45+10:00,2025-04-21T04:30:00+10:00,0,0,0,0,False,False,False,False,False,COMPLETED
2025-04-21,8531834,2025-04-20T23:21:21+10:00,2025-04-20T23:21:21+10:00,2025-04-20T23:21:21+10:00,0.0,0,AIDC05,2,2,2025-04-21T04:28:46+10:00,2025-04-21T04:30:00+10:00,0,0,0,0,False,False,False,False,False,COMPLETED
2025-04-21,8531835,2025-04-20T23:21:22+10:00,2025-04-20T23:21:22+10:00,2025-04-20T23:21:22+10:00,0.0,0,AIDC05,2,1,2025-04-21T06:02:09+10:00,2025-04-21T06:15:00+10:00,0,0,0,0,False,False,False,False,False,COMPLETED
2025-04-21,8531836,2025-04-20T23:21:22+10:00,2025-04-20T23:21:22+10:00,2025-04-20T23:21:22+10:00,0.0,0,AIDC05,2,2,2025-04-21T04:07:36+10:00,2025-04-21T04:15:00+10:00,0,0,0,0,False,False,False,False,False,COMPLETED
2025-04-21,8531837,2025-04-20T23:21:22+10:00,2025-04-20T23:21:22+10:00,2025-04-20T23:21:22+10:00,0.0,0,AIDC05,2,3,2025-04-21T01:11:37+10:00,2025-04-21T01:15:00+10:00,0,0,0,0,False,False,False,False,False,COMPLETED
2025-04-21,8531838,2025-04-20T23:21:22+10:00,2025-04-20T23:21:22+10:00,2025-04-20T23:21:22+10:00,0.0,0,AIDC05,2,4,2025-04-21T04:19:38+10:00,2025-04-21T04:30:00+10:00,0,0,0,0,False,False,False,False,False,COMPLETED
2025-04-21,8531839,2025-04-20T23:21:22+10:00,2025-04-20T23:21:22+10:00,2025-04-20T23:21:22+10:00,0.0,0,AIDC05,2,5,2025-04-21T11:21:39+10:00,2025-04-21T11:30:00+10:00,0,0,0,0,False,False,False,False,False,COMPLETED
2025-04-21,8531840,2025-04-20T23:21:22+10:00,2025-04-20T23:21:22+10:00,2025-04-20T23:21:22+10:00,0.0,0,AIDC05,2,6,2025-04-21T09:04:04+10:00,2025-04-21T09:15:00+10:00,0,0,0,0,False,False,False,False,False,COMPLETED
2025-04-21,8531841,2025-04-20T23:21:22+10:00,2025-04-20T23:21:22+10:00,2025-04-20T23:21:22+10:00,0.0,0,AIDC05,2,7,2025-04-21T07:11:48+10:00,2025-04-21T07:15:00+10:00,0,0,0,0,False,False,False,False,False,COMPLETED
2025-04-21,8531842,2025-04-20T23:21:22+10:00,2025-04-20T23:21:22+10:00,2025-04-20T23:21:22+10:00,0.0,0,AIDC05,2,8,2025-04-21T07:11:48+10:00,2025-04-21T07:15:00+10:00,0,0,0,0,False,False,False,False,False,COMPLETED
2025-04-21,8531843,2025-04-20T23:21:22+10:00,2025-04-20T23:21:22+10:00,2025-04-20T23:21:22+10:00,0.0,0,AIDC05,2,9,2025-04-21T00:39:50+10:00,2025-04-21T00:45:00+10:00,0,0,0,0,False,False,False,False,False,COMPLETED
2025-04-21,8531844,2025-04-20T23:21:22+10:00,2025-04-20T23:21:22+10:00,2025-04-20T23:21:22+10:00,0.0,0,AIDC05,2,10,2025-04-21T07:40:01+10:00,2025-04-21T07:45:00+10:00,0,0,0,0,False,False,False,False,False,COMPLETED
2025-04-21,8531845,2025-04-20T23:21:22+10:00,2025-04-20T23:21:22+10:00,2025-04-20T23:21:22+10:00,0.0,0,AIDC05,2,11,2025-04-21T00:23:46+10:00,2025-04-21T00:30:00+10:00,0,0,0,0,False,False,False,False,False,COMPLETED
2025-04-21,8531846,2025-04-20T23:21:24+10:00,2025-04-20T23:21:24+10:00,2025-04-20T23:21:24+10:00,0.0,0,AIDC05,2,1,2025-04-21T04:46:49+10:00,2025-04-21T05:00:00+10:00,0,0,0,0,False,False,False,False,False,COMPLETED
2025-04-21,8531847,2025-04-20T23:21:24+10:00,2025-04-20T23:21:24+10:00,2025-04-20T23:21:24+10:00,0.0,0,AIDC05,2,2,2025-04-21T05:40:52+10:00,2025-04-21T05:45:00+10:00,0,0,0,0,False,False,False,False,False,COMPLETED
2025-04-21,8531848,2025-04-20T23:21:24+10:00,2025-04-20T23:21:24+10:00,2025-04-20T23:21:24+10:00,0.0,0,AIDC05,2,3,2025-04-21T11:21:36+10:00,2025-04-21T11:30:00+10:00,0,0,0,0,False,False,False,False,False,COMPLETED
2025-04-21,8531849,2025-04-20T23:21:24+10:00,2025-04-20T23:21:24+10:00,2025-04-20T23:21:24+10:00,0.0,0,AIDC05,2,4,2025-04-21T02:01:23+10:00,2025-04-21T02:15:00+10:00,0,0,0,0,False,False,False,False,False,COMPLETED
2025-04-21,8531851,2025-04-20T23:46:05+10:00,2025-04-20T23:46:05+10:00,2025-04-20T23:46:05+10:00,0.0,0,AIDC05,2,1,2025-04-21T01:11:13+10:00,2025-04-21T01:15:00+10:00,0,0,0,0,False,False,False,False,False,COMPLETED
2025-04-21,8531862,2025-04-21T00:04:43+10:00,2025-04-21T00:04:43+10:00,2025-04-21T00:04:43+10:00,0.0,0,AIDC06,4,1,2025-04-21T01:41:52+10:00,2025-04-21T01:45:00+10:00,0,0,0,0,False,False,False,False,False,COMPLETED
2025-04-21,8531949,2025-04-21T00:37:05+10:00,2025-04-21T00:37:05+10:00,2025-04-21T00:37:05+10:00,0.0,0,AIDC03,1,1,2025-04-21T01:52:56+10:00,2025-04-21T02:00:00+10:00,0,0,0,0,False,False,False,False,False,COMPLETED
2025-04-21,8531950,2025-04-21T00:37:05+10:00,2025-04-21T00:37:05+10:00,2025-04-21T00:37:05+10:00,0.0,0,AIDC03,1,2,2025-04-21T05:16:02+10:00,2025-04-21T05:30:00+10:00,0,0,0,0,False,False,False,False,False,COMPLETED
2025-04-21,8531962,2025-04-21T01:06:59+10:00,2025-04-21T01:06:59+10:00,2025-04-21T01:06:59+10:00,0.0,0,AIDC05,1,1,,,0,0,0,0,False,False,False,False,True,RUNNING
2025-04-21,8531967,2025-04-21T01:12:34+10:00,2025-04-21T01:12:34+10:00,2025-04-21T01:12:34+10:00,0.0,0,AIDC05,2,1,2025-04-21T02:15:46+10:00,2025-04-21T02:30:00+10:00,0,0,0,0,False,False,False,False,False,COMPLETED
2025-04-21,8531968,2025-04-21T01:12:45+10:00,2025-04-21T01:12:45+10:00,2025-04-21T01:12:45+10:00,0.0,0,AIDC05,2,1,2025-04-21T02:09:04+10:00,2025-04-21T02:15:00+10:00,0,0,0,0,False,False,False,False,False,COMPLETED
2025-04-21,8532842,2025-04-21T01:22:45+10:00,2025-04-21T01:22:45+10:00,2025-04-21T01:22:45+10:00,0.0,0,AIDC05,2,1,2025-04-21T01:22:55+10:00,2025-04-21T01:30:00+10:00,0,0,0,0,False,False,False,False,False,COMPLETED
2025-04-21,8532843,2025-04-21T01:27:08+10:00,2025-04-21T01:27:08+10:00,2025-04-21T01:27:08+10:00,0.0,0,AIDC05,1,1,2025-04-21T04:58:03+10:00,2025-04-21T05:00:00+10:00,0,0,0,0,False,False,False,False,False,COMPLETED
2025-04-21,8532844,2025-04-21T01:27:08+10:00,2025-04-21T01:27:08+10:00,2025-04-21T01:27:08+10:00,0.0,0,AIDC05,1,2,2025-04-21T05:30:10+10:00,2025-04-21T05:45:00+10:00,0,0,0,0,False,False,False,False,False,COMPLETED
2025-04-21,8532845,2025-04-21T01:27:08+10:00,2025-04-21T01:27:08+10:00,2025-04-21T01:27:08+10:00,0.0,0,AIDC05,1,3,2025-04-21T06:54:32+10:00,2025-04-21T07:00:00+10:00,0,0,0,0,False,False,False,False,False,COMPLETED
2025-04-21,8532846,2025-04-21T01:27:08+10:00,2025-04-21T01:27:08+10:00,2025-04-21T01:27:08+10:00,0.0,0,AIDC05,1,4,2025-04-21T07:10:36+10:00,2025-04-21T07:15:00+10:00,0,0,0,0,False,False,False,False,False,COMPLETED
2025-04-21,8532847,2025-04-21T01:27:08+10:00,2025-04-21T01:27:08+10:00,2025-04-21T01:27:08+10:00,0.0,0,AIDC05,1,5,2025-04-21T08:24:56+10:00,2025-04-21T08:30:00+10:00,0,0,0,0,False,False,False,False,False,COMPLETED
2025-04-21,8532848,2025-04-21T01:27:08+10:00,2025-04-21T01:27:08+10:00,2025-04-21T01:27:08+10:00,0.0,0,AIDC05,1,6,2025-04-21T13:27:10+10:00,2025-04-21T13:30:00+10:00,0,0,0,0,False,False,False,False,False,COMPLETED
2025-04-21,8532849,2025-04-21T01:27:08+10:00,2025-04-21T01:27:08+10:00,2025-04-21T01:27:08+10:00,0.0,0,AIDC05,1,7,2025-04-21T13:27:10+10:00,2025-04-21T13:30:00+10:00,0,0,0,0,False,False,False,False,False,COMPLETED
2025-04-21,8532850,2025-04-21T01:27:08+10:00,2025-04-21T01:27:08+10:00,2025-04-21T01:27:08+10:00,0.0,0,AIDC05,1,8,2025-04-21T05:50:17+10:00,2025-04-21T06:00:00+10:00,0,0,0,0,False,False,False,False,False,COMPLETED
2025-04-21,8532851,2025-04-21T01:27:08+10:00,2025-04-21T01:27:08+10:00,2025-04-21T01:27:08+10:00,0.0,0,AIDC05,1,9,2025-04-21T05:20:09+10:00,2025-04-21T05:30:00+10:00,0,0,0,0,False,False,False,False,False,COMPLETED
2025-04-21,8532852,2025-04-21T01:27:08+10:00,2025-04-21T01:27:08+10:00,2025-04-21T01:27:08+10:00,0.0,0,AIDC05,1,10,2025-04-21T05:28:13+10:00,2025-04-21T05:30:00+10:00,0,0,0,0,False,False,False,False,False,COMPLETED
2025-04-21,8532853,2025-04-21T01:27:08+10:00,2025-04-21T01:27:08+10:00,2025-04-21T01:27:08+10:00,0.0,0,AIDC05,1,11,2025-04-21T09:27:16+10:00,2025-04-21T09:30:00+10:00,0,0,0,0,False,False,False,False,False,COMPLETED
2025-04-21,8532854,2025-04-21T01:27:08+10:00,2025-04-21T01:27:08+10:00,2025-04-21T01:27:08+10:00,0.0,0,AIDC05,1,12,2025-04-21T07:49:48+10:00,2025-04-21T08:00:00+10:00,0,0,0,0,False,False,False,False,False,COMPLETED
2025-04-21,8532855,2025-04-21T01:27:08+10:00,2025-04-21T01:27:08+10:00,2025-04-21T01:27:08+10:00,0.0,0,AIDC05,1,13,2025-04-21T07:05:16+10:00,2025-04-21T07:15:00+10:00,0,0,0,0,False,False,False,False,False,COMPLETED
2025-04-21,8532856,2025-04-21T01:27:08+10:00,2025-04-21T01:27:08+10:00,2025-04-21T01:27:08+10:00,0.0,0,AIDC05,1,14,2025-04-21T04:18:01+10:00,2025-04-21T04:30:00+10:00,0,0,0,0,False,False,False,False,False,COMPLETED
2025-04-21,8532857,2025-04-21T01:27:08+10:00,2025-04-21T01:27:08+10:00,2025-04-21T01:27:08+10:00,0.0,0,AIDC05,1,15,2025-04-21T07:01:57+10:00,2025-04-21T07:15:00+10:00,0,0,0,0,False,False,False,False,False,COMPLETED
2025-04-21,8532858,2025-04-21T01:27:08+10:00,2025-04-21T01:27:08+10:00,2025-04-21T01:27:08+10:00,0.0,0,AIDC05,1,16,2025-04-21T06:24:24+10:00,2025-04-21T06:30:00+10:00,0,0,0,0,False,False,False,False,False,COMPLETED
2025-04-21,8532859,2025-04-21T01:27:08+10:00,2025-04-21T01:27:08+10:00,2025-04-21T01:27:08+10:00,0.0,0,AIDC05,1,17,2025-04-21T07:06:33+10:00,2025-04-21T07:15:00+10:00,0,0,0,0,False,False,False,False,False,COMPLETED
2025-04-21,8532860,2025-04-21T01:27:08+10:00,2025-04-21T01:27:08+10:00,2025-04-21T01:27:08+10:00,0.0,0,AIDC05,1,18,2025-04-21T07:28:43+10:00,2025-04-21T07:30:00+10:00,0,0,0,0,False,False,False,False,False,COMPLETED
2025-04-21,8532861,2025-04-21T01:27:10+10:00,2025-04-21T01:27:10+10:00,2025-04-21T01:27:10+10:00,0.0,0,AIDC05,1,1,2025-04-21T06:16:25+10:00,2025-04-21T06:30:00+10:00,0,0,0,0,False,False,False,False,False,COMPLETED
2025-04-21,8532862,2025-04-21T01:27:10+10:00,2025-04-21T01:27:10+10:00,2025-04-21T01:27:10+10:00,0.0,0,AIDC05,1,2,2025-04-21T04:50:03+10:00,2025-04-21T05:00:00+10:00,0,0,0,0,False,False,False,False,False,COMPLETED
2025-04-21,8532863,2025-04-21T01:27:10+10:00,2025-04-21T01:27:10+10:00,2025-04-21T01:27:10+10:00,0.0,0,AIDC05,1,3,2025-04-21T07:00:35+10:00,2025-04-21T07:15:00+10:00,0,0,0,0,False,False,False,False,False,COMPLETED
2025-04-21,8532864,2025-04-21T01:27:10+10:00,2025-04-21T01:27:10+10:00,2025-04-21T01:27:10+10:00,0.0,0,AIDC05,1,4,2025-04-21T09:33:19+10:00,2025-04-21T09:45:00+10:00,0,0,0,0,False,False,False,False,False,COMPLETED
2025-04-21,8532865,2025-04-21T01:27:11+10:00,2025-04-21T01:27:11+10:00,2025-04-21T01:27:11+10:00,0.0,0,AIDC05,1,1,2025-04-21T05:42:22+10:00,2025-04-21T05:45:00+10:00,0,0,0,0,False,False,False,False,False,COMPLETED
2025-04-21,8532866,2025-04-21T01:27:11+10:00,2025-04-21T01:27:11+10:00,2025-04-21T01:27:11+10:00,0.0,0,AIDC06,1,2,2025-04-21T07:48:48+10:00,2025-04-21T08:00:00+10:00,0,0,0,0,False,False,False,False,False,COMPLETED
2025-04-21,8532867,2025-04-21T01:27:11+10:00,2025-04-21T01:27:11+10:00,2025-04-21T01:27:11+10:00,0.0,0,AIDC06,1,3,2025-04-21T08:45:01+10:00,2025-04-21T09:00:00+10:00,0,0,0,0,False,False,False,False,False,COMPLETED
2025-04-21,8532868,2025-04-21T01:27:11+10:00,2025-04-21T01:27:11+10:00,2025-04-21T01:27:11+10:00,0.0,0,AIDC06,1,4,2025-04-21T05:22:20+10:00,2025-04-21T05:30:00+10:00,0,0,0,0,False,False,False,False,False,COMPLETED
2025-04-21,8532869,2025-04-21T01:27:11+10:00,2025-04-21T01:27:11+10:00,2025-04-21T01:27:11+10:00,0.0,0,AIDC06,1,5,2025-04-21T10:53:32+10:00,2025-04-21T11:00:00+10:00,0,0,0,0,False,False,False,False,False,COMPLETED
2025-04-21,8532870,2025-04-21T01:27:11+10:00,2025-04-21T01:27:11+10:00,2025-04-21T01:27:11+10:00,0.0,0,AIDC06,1,6,2025-04-21T11:09:53+10:00,2025-04-21T11:15:00+10:00,0,0,0,0,False,False,False,False,False,COMPLETED
2025-04-21,8532871,2025-04-21T01:27:11+10:00,2025-04-21T01:27:11+10:00,2025-04-21T01:27:11+10:00,0.0,0,AIDC06,1,7,2025-04-21T13:27:21+10:00,2025-04-21T13:30:00+10:00,0,0,0,0,False,False,False,False,False,COMPLETED
2025-04-21,8532872,2025-04-21T01:27:11+10:00,2025-04-21T01:27:11+10:00,2025-04-21T01:27:11+10:00,0.0,0,AIDC06,1,8,2025-04-21T13:27:21+10:00,2025-04-21T13:30:00+10:00,0,0,0,0,False,False,False,False,False,COMPLETED
2025-04-21,8532873,2025-04-21T01:27:11+10:00,2025-04-21T01:27:11+10:00,2025-04-21T01:27:11+10:00,0.0,0,AIDC06,1,9,2025-04-21T13:27:21+10:00,2025-04-21T13:30:00+10:00,0,0,0,0,False,False,False,False,False,COMPLETED
2025-04-21,8532874,2025-04-21T01:27:11+10:00,2025-04-21T01:27:11+10:00,2025-04-21T01:27:11+10:00,0.0,0,AIDC06,1,10,2025-04-21T13:27:21+10:00,2025-04-21T13:30:00+10:00,0,0,0,0,False,False,False,False,False,COMPLETED
2025-04-21,8532875,2025-04-21T01:27:13+10:00,2025-04-21T01:27:13+10:00,2025-04-21T01:27:13+10:00,0.0,0,AIDC06,1,1,2025-04-21T13:27:23+10:00,2025-04-21T13:30:00+10:00,0,0,0,0,False,False,False,False,False,COMPLETED
2025-04-21,8532876,2025-04-21T01:27:13+10:00,2025-04-21T01:27:13+10:00,2025-04-21T01:27:13+10:00,0.0,0,AIDC06,1,2,2025-04-21T12:44:15+10:00,2025-04-21T12:45:00+10:00,0,0,0,0,False,False,False,False,False,COMPLETED
2025-04-21,8532877,2025-04-21T01:27:13+10:00,2025-04-21T01:27:13+10:00,2025-04-21T01:27:13+10:00,0.0,0,AIDC06,1,3,2025-04-21T13:27:23+10:00,2025-04-21T13:30:00+10:00,0,0,0,0,False,False,False,False,False,COMPLETED
2025-04-21,8532878,2025-04-21T01:27:13+10:00,2025-04-21T01:27:13+10:00,2025-04-21T01:27:13+10:00,0.0,0,AIDC06,1,4,2025-04-21T13:27:23+10:00,2025-04-21T13:30:00+10:00,0,0,0,0,False,False,False,False,False,COMPLETED
2025-04-21,8532879,2025-04-21T01:27:13+10:00,2025-04-21T01:27:13+10:00,2025-04-21T01:27:13+10:00,0.0,0,AIDC06,1,5,2025-04-21T04:48:15+10:00,2025-04-21T05:00:00+10:00,0,0,0,0,False,False,False,False,False,COMPLETED
2025-04-21,8532880,2025-04-21T01:27:13+10:00,2025-04-21T01:27:13+10:00,2025-04-21T01:27:13+10:00,0.0,0,AIDC06,1,6,2025-04-21T04:30:10+10:00,2025-04-21T04:45:00+10:00,0,0,0,0,False,False,False,False,False,COMPLETED
2025-04-21,8532881,2025-04-21T01:27:13+10:00,2025-04-21T01:27:13+10:00,2025-04-21T01:27:13+10:00,0.0,0,AIDC06,1,7,2025-04-21T06:40:45+10:00,2025-04-21T06:45:00+10:00,0,0,0,0,False,False,False,False,False,COMPLETED
2025-04-21,8532882,2025-04-21T01:27:13+10:00,2025-04-21T01:27:13+10:00,2025-04-21T01:27:13+10:00,0.0,0,AIDC06,1,8,2025-04-21T05:26:25+10:00,2025-04-21T05:30:00+10:00,0,0,0,0,False,False,False,False,False,COMPLETED
2025-04-21,8532883,2025-04-21T01:27:13+10:00,2025-04-21T01:27:13+10:00,2025-04-21T01:27:13+10:00,0.0,0,AIDC06,1,9,2025-04-21T12:28:28+10:00,2025-04-21T12:30:00+10:00,0,0,0,0,False,False,False,False,False,COMPLETED
2025-04-21,8532884,2025-04-21T01:27:13+10:00,2025-04-21T01:27:13+10:00,2025-04-21T01:27:13+10:00,0.0,0,AIDC06,1,10,2025-04-21T11:14:11+10:00,2025-04-21T11:15:00+10:00,0,0,0,0,False,False,False,False,False,COMPLETED
2025-04-21,8532885,2025-04-21T01:27:13+10:00,2025-04-21T01:27:13+10:00,2025-04-21T01:27:13+10:00,0.0,0,AIDC06,1,11,2025-04-21T10:23:55+10:00,2025-04-21T10:30:00+10:00,0,0,0,0,False,False,False,False,False,COMPLETED
2025-04-21,8532886,2025-04-21T01:27:13+10:00,2025-04-21T01:27:13+10:00,2025-04-21T01:27:13+10:00,0.0,0,AIDC06,1,12,2025-04-21T08:33:43+10:00,2025-04-21T08:45:00+10:00,0,0,0,0,False,False,False,False,False,COMPLETED
2025-04-21,8532887,2025-04-21T01:27:13+10:00,2025-04-21T01:27:13+10:00,2025-04-21T01:27:13+10:00,0.0,0,AIDC06,1,13,2025-04-21T09:56:25+10:00,2025-04-21T10:00:00+10:00,0,0,0,0,False,False,False,False,False,COMPLETED
2025-04-21,8532888,2025-04-21T01:27:13+10:00,2025-04-21T01:27:13+10:00,2025-04-21T01:27:13+10:00,0.0,0,AIDC06,1,14,2025-04-21T08:41:12+10:00,2025-04-21T08:45:00+10:00,0,0,0,0,False,False,False,False,False,COMPLETED
2025-04-21,8532889,2025-04-21T01:27:15+10:00,2025-04-21T01:27:15+10:00,2025-04-21T01:27:15+10:00,0.0,0,AIDC06,1,1,2025-04-21T10:46:42+10:00,2025-04-21T11:00:00+10:00,0,0,0,0,False,False,False,False,False,COMPLETED
2025-04-21,8532890,2025-04-21T01:27:15+10:00,2025-04-21T01:27:15+10:00,2025-04-21T01:27:15+10:00,0.0,0,AIDC06,1,2,2025-04-21T09:52:27+10:00,2025-04-21T10:00:00+10:00,0,0,0,0,False,False,False,False,False,COMPLETED
2025-04-21,8532891,2025-04-21T01:27:15+10:00,2025-04-21T01:27:15+10:00,2025-04-21T01:27:15+10:00,0.0,0,AIDC06,1,3,2025-04-21T05:33:49+10:00,2025-04-21T05:45:00+10:00,0,0,0,0,False,False,False,False,False,COMPLETED
2025-04-21,8532892,2025-04-21T01:27:15+10:00,2025-04-21T01:27:15+10:00,2025-04-21T01:27:15+10:00,0.0,0,AIDC06,1,4,2025-04-21T05:31:24+10:00,2025-04-21T05:45:00+10:00,0,0,0,0,False,False,False,False,False,COMPLETED
2025-04-21,8532893,2025-04-21T01:27:16+10:00,2025-04-21T01:27:16+10:00,2025-04-21T01:27:16+10:00,0.0,0,AIDC06,1,1,2025-04-21T08:27:08+10:00,2025-04-21T08:30:00+10:00,0,0,0,0,False,False,False,False,False,COMPLETED
2025-04-21,8532894,2025-04-21T01:27:16+10:00,2025-04-21T01:27:16+10:00,2025-04-21T01:27:16+10:00,0.0,0,AIDC06,1,2,2025-04-21T06:32:35+10:00,2025-04-21T06:45:00+10:00,0,0,0,0,False,False,False,False,False,COMPLETED
2025-04-21,8532895,2025-04-21T01:27:16+10:00,2025-04-21T01:27:16+10:00,2025-04-21T01:27:16+10:00,0.0,0,AIDC06,1,3,2025-04-21T10:29:58+10:00,2025-04-21T10:30:00+10:00,0,0,0,0,False,False,False,False,False,COMPLETED
2025-04-21,8532896,2025-04-21T01:27:16+10:00,2025-04-21T01:27:16+10:00,2025-04-21T01:27:16+10:00,0.0,0,AIDC06,1,4,2025-04-21T07:52:55+10:00,2025-04-21T08:00:00+10:00,0,0,0,0,False,False,False,False,False,COMPLETED
2025-04-21,8532897,2025-04-21T01:27:16+10:00,2025-04-21T01:27:16+10:00,2025-04-21T01:27:16+10:00,0.0,0,AIDC06,1,5,2025-04-21T07:34:49+10:00,2025-04-21T07:45:00+10:00,0,0,0,0,False,False,False,False,False,COMPLETED
2025-04-21,8532898,2025-04-21T01:27:16+10:00,2025-04-21T01:27:16+10:00,2025-04-21T01:27:16+10:00,0.0,0,AIDC06,1,6,2025-04-21T04:36:06+10:00,2025-04-21T04:45:00+10:00,0,0,0,0,False,False,False,False,False,COMPLETED
2025-04-21,8532899,2025-04-21T01:27:16+10:00,2025-04-21T01:27:16+10:00,2025-04-21T01:27:16+10:00,0.0,0,AIDC06,1,7,2025-04-21T08:25:20+10:00,2025-04-21T08:30:00+10:00,0,0,0,0,False,False,False,False,False,COMPLETED
2025-04-21,8532900,2025-04-21T01:27:16+10:00,2025-04-21T01:27:16+10:00,2025-04-21T01:27:16+10:00,0.0,0,AIDC06,1,8,2025-04-21T09:23:19+10:00,2025-04-21T09:30:00+10:00,0,0,0,0,False,False,False,False,False,COMPLETED
2025-04-21,8532901,2025-04-21T01:27:16+10:00,2025-04-21T01:27:16+10:00,2025-04-21T01:27:16+10:00,0.0,0,AIDC06,1,9,2025-04-21T08:55:19+10:00,2025-04-21T09:00:00+10:00,0,0,0,0,False,False,False,False,False,COMPLETED
2025-04-21,8532902,2025-04-21T01:27:16+10:00,2025-04-21T01:27:16+10:00,2025-04-21T01:27:16+10:00,0.0,0,AIDC06,1,10,2025-04-21T06:36:36+10:00,2025-04-21T06:45:00+10:00,0,0,0,0,False,False,False,False,False,COMPLETED
2025-04-21,8532903,2025-04-21T01:27:16+10:00,2025-04-21T01:27:16+10:00,2025-04-21T01:27:16+10:00,0.0,0,AIDC06,1,11,2025-04-21T09:51:25+10:00,2025-04-21T10:00:00+10:00,0,0,0,0,False,False,False,False,False,COMPLETED
2025-04-21,8532904,2025-04-21T01:27:16+10:00,2025-04-21T01:27:16+10:00,2025-04-21T01:27:16+10:00,0.0,0,AIDC06,1,12,2025-04-21T07:12:40+10:00,2025-04-21T07:15:00+10:00,0,0,0,0,False,False,False,False,False,COMPLETED
2025-04-21,8532905,2025-04-21T01:27:16+10:00,2025-04-21T01:27:16+10:00,2025-04-21T01:27:16+10:00,0.0,0,AIDC06,1,13,2025-04-21T09:25:17+10:00,2025-04-21T09:30:00+10:00,0,0,0,0,False,False,False,False,False,COMPLETED
2025-04-21,8532906,2025-04-21T01:27:18+10:00,2025-04-21T01:27:18+10:00,2025-04-21T01:27:18+10:00,0.0,0,AIDC06,1,1,2025-04-21T07:46:54+10:00,2025-04-21T08:00:00+10:00,0,0,0,0,False,False,False,False,False,COMPLETED
2025-04-21,8532907,2025-04-21T01:27:18+10:00,2025-04-21T01:27:18+10:00,2025-04-21T01:27:18+10:00,0.0,0,AIDC06,1,2,2025-04-21T09:01:15+10:00,2025-04-21T09:15:00+10:00,0,0,0,0,False,False,False,False,False,COMPLETED
2025-04-21,8532908,2025-04-21T01:27:18+10:00,2025-04-21T01:27:18+10:00,2025-04-21T01:27:18+10:00,0.0,0,AIDC06,1,3,2025-04-21T06:12:31+10:00,2025-04-21T06:15:00+10:00,0,0,0,0,False,False,False,False,False,COMPLETED
2025-04-21,8532909,2025-04-21T01:27:18+10:00,2025-04-21T01:27:18+10:00,2025-04-21T01:27:18+10:00,0.0,0,AIDC06,1,4,2025-04-21T04:42:08+10:00,2025-04-21T04:45:00+10:00,0,0,0,0,False,False,False,False,False,COMPLETED
2025-04-21,8532910,2025-04-21T01:27:18+10:00,2025-04-21T01:27:18+10:00,2025-04-21T01:27:18+10:00,0.0,0,AIDC06,1,5,2025-04-21T04:04:01+10:00,2025-04-21T04:15:00+10:00,0,0,0,0,False,False,False,False,False,COMPLETED
2025-04-21,8532911,2025-04-21T01:27:18+10:00,2025-04-21T01:27:18+10:00,2025-04-21T01:27:18+10:00,0.0,0,AIDC06,1,6,2025-04-21T11:40:06+10:00,2025-04-21T11:45:00+10:00,0,0,0,0,False,False,False,False,False,COMPLETED
2025-04-21,8532912,2025-04-21T01:27:18+10:00,2025-04-21T01:27:18+10:00,2025-04-21T01:27:18+10:00,0.0,0,AIDC06,1,7,2025-04-21T05:58:25+10:00,2025-04-21T06:00:00+10:00,0,0,0,0,False,False,False,False,False,COMPLETED
2025-04-21,8532913,2025-04-21T01:27:18+10:00,2025-04-21T01:27:18+10:00,2025-04-21T01:27:18+10:00,0.0,0,AIDC06,1,8,2025-04-21T08:39:10+10:00,2025-04-21T08:45:00+10:00,0,0,0,0,False,False,False,False,False,COMPLETED
2025-04-21,8532914,2025-04-21T01:27:18+10:00,2025-04-21T01:27:18+10:00,2025-04-21T01:27:18+10:00,0.0,0,AIDC06,1,9,2025-04-21T07:44:53+10:00,2025-04-21T07:45:00+10:00,0,0,0,0,False,False,False,False,False,COMPLETED
2025-04-21,8532915,2025-04-21T01:27:18+10:00,2025-04-21T01:27:18+10:00,2025-04-21T01:27:18+10:00,0.0,0,AIDC06,1,10,2025-04-21T06:18:33+10:00,2025-04-21T06:30:00+10:00,0,0,0,0,False,False,False,False,False,COMPLETED
2025-04-21,8532916,2025-04-21T01:27:18+10:00,2025-04-21T01:27:18+10:00,2025-04-21T01:27:18+10:00,0.0,0,AIDC06,1,11,2025-04-21T05:16:15+10:00,2025-04-21T05:30:00+10:00,0,0,0,0,False,False,False,False,False,COMPLETED
2025-04-21,8532917,2025-04-21T01:27:18+10:00,2025-04-21T01:27:18+10:00,2025-04-21T01:27:18+10:00,0.0,0,AIDC06,1,12,2025-04-21T06:02:28+10:00,2025-04-21T06:15:00+10:00,0,0,0,0,False,False,False,False,False,COMPLETED
2025-04-21,8532918,2025-04-21T01:27:18+10:00,2025-04-21T01:27:18+10:00,2025-04-21T01:27:18+10:00,0.0,0,AIDC06,1,13,2025-04-21T07:08:43+10:00,2025-04-21T07:15:00+10:00,0,0,0,0,False,False,False,False,False,COMPLETED
2025-04-21,8532919,2025-04-21T01:27:18+10:00,2025-04-21T01:27:18+10:00,2025-04-21T01:27:18+10:00,0.0,0,AIDC06,1,14,2025-04-21T07:26:49+10:00,2025-04-21T07:30:00+10:00,0,0,0,0,False,False,False,False,False,COMPLETED
2025-04-21,8532920,2025-04-21T01:27:18+10:00,2025-04-21T01:27:18+10:00,2025-04-21T01:27:18+10:00,0.0,0,AIDC06,1,15,2025-04-21T07:26:49+10:00,2025-04-21T07:30:00+10:00,0,0,0,0,False,False,False,False,False,COMPLETED
2025-04-21,8532921,2025-04-21T01:27:18+10:00,2025-04-21T01:27:18+10:00,2025-04-21T01:27:18+10:00,0.0,0,AIDC06,1,16,2025-04-21T06:46:57+10:00,2025-04-21T07:00:00+10:00,0,0,0,0,False,False,False,False,False,COMPLETED
2025-04-21,8532922,2025-04-21T01:27:20+10:00,2025-04-21T01:27:20+10:00,2025-04-21T01:27:20+10:00,0.0,0,AIDC06,1,1,2025-04-21T04:02:09+10:00,2025-04-21T04:15:00+10:00,0,0,0,0,False,False,False,False,False,COMPLETED
2025-04-21,8532923,2025-04-21T01:27:20+10:00,2025-04-21T01:27:20+10:00,2025-04-21T01:27:20+10:00,0.0,0,AIDC06,1,2,2025-04-21T07:46:56+10:00,2025-04-21T08:00:00+10:00,0,0,0,0,False,False,False,False,False,COMPLETED
2025-04-21,8532924,2025-04-21T01:27:20+10:00,2025-04-21T01:27:20+10:00,2025-04-21T01:27:20+10:00,0.0,0,AIDC06,1,3,2025-04-21T13:27:22+10:00,2025-04-21T13:30:00+10:00,0,0,0,0,False,False,False,False,False,COMPLETED
2025-04-21,8532925,2025-04-21T01:27:20+10:00,2025-04-21T01:27:20+10:00,2025-04-21T01:27:20+10:00,0.0,0,AIDC06,1,4,2025-04-21T07:14:49+10:00,2025-04-21T07:15:00+10:00,0,0,0,0,False,False,False,False,False,COMPLETED
2025-04-21,8532926,2025-04-21T01:27:21+10:00,2025-04-21T01:27:21+10:00,2025-04-21T01:27:21+10:00,0.0,0,AIDC06,1,1,2025-04-21T08:23:06+10:00,2025-04-21T08:30:00+10:00,0,0,0,0,False,False,False,False,False,COMPLETED
2025-04-21,8532927,2025-04-21T01:27:21+10:00,2025-04-21T01:27:21+10:00,2025-04-21T01:27:21+10:00,0.0,0,AIDC06,1,2,2025-04-21T09:13:59+10:00,2025-04-21T09:15:00+10:00,0,0,0,0,False,False,False,False,False,COMPLETED
2025-04-21,8532928,2025-04-21T01:27:21+10:00,2025-04-21T01:27:21+10:00,2025-04-21T01:27:21+10:00,0.0,0,AIDC06,1,3,2025-04-21T06:34:38+10:00,2025-04-21T06:45:00+10:00,0,0,0,0,False,False,False,False,False,COMPLETED
2025-04-21,8532929,2025-04-21T01:27:21+10:00,2025-04-21T01:27:21+10:00,2025-04-21T01:27:21+10:00,0.0,0,AIDC06,1,4,2025-04-21T06:00:50+10:00,2025-04-21T06:15:00+10:00,0,0,0,0,False,False,False,False,False,COMPLETED
2025-04-21,8532930,2025-04-21T01:27:21+10:00,2025-04-21T01:27:21+10:00,2025-04-21T01:27:21+10:00,0.0,0,AIDC06,1,5,2025-04-21T06:18:48+10:00,2025-04-21T06:30:00+10:00,0,0,0,0,False,False,False,False,False,COMPLETED
2025-04-21,8532931,2025-04-21T01:27:21+10:00,2025-04-21T01:27:21+10:00,2025-04-21T01:27:21+10:00,0.0,0,AIDC06,1,6,2025-04-21T07:39:27+10:00,2025-04-21T07:45:00+10:00,0,0,0,0,False,False,False,False,False,COMPLETED
2025-04-21,8532932,2025-04-21T01:27:21+10:00,2025-04-21T01:27:21+10:00,2025-04-21T01:27:21+10:00,0.0,0,AIDC07,1,7,2025-04-21T05:56:31+10:00,2025-04-21T06:00:00+10:00,0,0,0,0,False,False,False,False,False,COMPLETED
2025-04-21,8532933,2025-04-21T01:27:21+10:00,2025-04-21T01:27:21+10:00,2025-04-21T01:27:21+10:00,0.0,0,AIDC07,1,8,2025-04-21T05:54:29+10:00,2025-04-21T06:00:00+10:00,0,0,0,0,False,False,False,False,False,COMPLETED
2025-04-21,8532934,2025-04-21T01:27:21+10:00,2025-04-21T01:27:21+10:00,2025-04-21T01:27:21+10:00,0.0,0,AIDC09,1,9,2025-04-21T07:30:55+10:00,2025-04-21T07:45:00+10:00,0,0,0,0,False,False,False,False,False,COMPLETED
2025-04-21,8532935,2025-04-21T01:27:21+10:00,2025-04-21T01:27:21+10:00,2025-04-21T01:27:21+10:00,0.0,0,AIDC09,1,10,2025-04-21T09:55:38+10:00,2025-04-21T10:00:00+10:00,0,0,0,0,False,False,False,False,False,COMPLETED
2025-04-21,8532936,2025-04-21T01:27:21+10:00,2025-04-21T01:27:21+10:00,2025-04-21T01:27:21+10:00,0.0,0,AIDC09,1,11,2025-04-21T06:54:45+10:00,2025-04-21T07:00:00+10:00,0,0,0,0,False,False,False,False,False,COMPLETED
2025-04-21,8532937,2025-04-21T01:27:21+10:00,2025-04-21T01:27:21+10:00,2025-04-21T01:27:21+10:00,0.0,0,AIDC09,1,12,2025-04-21T06:58:46+10:00,2025-04-21T07:00:00+10:00,0,0,0,0,False,False,False,False,False,COMPLETED
2025-04-21,8532938,2025-04-21T01:27:23+10:00,2025-04-21T01:27:23+10:00,2025-04-21T01:27:23+10:00,0.0,0,AIDC09,1,1,2025-04-21T09:13:23+10:00,2025-04-21T09:15:00+10:00,0,0,0,0,False,False,False,False,False,COMPLETED
2025-04-21,8532939,2025-04-21T01:27:23+10:00,2025-04-21T01:27:23+10:00,2025-04-21T01:27:23+10:00,0.0,0,AIDC09,1,2,2025-04-21T05:34:27+10:00,2025-04-21T05:45:00+10:00,0,0,0,0,False,False,False,False,False,COMPLETED
2025-04-21,8532940,2025-04-21T01:27:23+10:00,2025-04-21T01:27:23+10:00,2025-04-21T01:27:23+10:00,0.0,0,AIDC09,1,3,2025-04-21T08:17:08+10:00,2025-04-21T08:30:00+10:00,0,0,0,0,False,False,False,False,False,COMPLETED
2025-04-21,8532941,2025-04-21T01:27:23+10:00,2025-04-21T01:27:23+10:00,2025-04-21T01:27:23+10:00,0.0,0,AIDC09,1,4,2025-04-21T08:47:18+10:00,2025-04-21T09:00:00+10:00,0,0,0,0,False,False,False,False,False,COMPLETED
2025-04-21,8532942,2025-04-21T01:27:23+10:00,2025-04-21T01:27:23+10:00,2025-04-21T01:27:23+10:00,0.0,0,AIDC09,1,5,2025-04-21T07:45:01+10:00,2025-04-21T08:00:00+10:00,0,0,0,0,False,False,False,False,False,COMPLETED
2025-04-21,8532943,2025-04-21T01:27:23+10:00,2025-04-21T01:27:23+10:00,2025-04-21T01:27:23+10:00,0.0,0,AIDC09,1,6,2025-04-21T08:35:11+10:00,2025-04-21T08:45:00+10:00,0,0,0,0,False,False,False,False,False,COMPLETED
2025-04-21,8532944,2025-04-21T01:27:23+10:00,2025-04-21T01:27:23+10:00,2025-04-21T01:27:23+10:00,0.0,0,AIDC09,1,7,2025-04-21T08:53:40+10:00,2025-04-21T09:00:00+10:00,0,0,0,0,False,False,False,False,False,COMPLETED
2025-04-21,8532945,2025-04-21T01:27:23+10:00,2025-04-21T01:27:23+10:00,2025-04-21T01:27:23+10:00,0.0,0,AIDC09,1,8,2025-04-21T05:30:33+10:00,2025-04-21T05:45:00+10:00,0,0,0,0,False,False,False,False,False,COMPLETED
2025-04-21,8532946,2025-04-21T01:27:23+10:00,2025-04-21T01:27:23+10:00,2025-04-21T01:27:23+10:00,0.0,0,AIDC09,1,9,2025-04-21T05:54:41+10:00,2025-04-21T06:00:00+10:00,0,0,0,0,False,False,False,False,False,COMPLETED
2025-04-21,8532947,2025-04-21T01:27:23+10:00,2025-04-21T01:27:23+10:00,2025-04-21T01:27:23+10:00,0.0,0,AIDC09,1,10,2025-04-21T09:56:40+10:00,2025-04-21T10:00:00+10:00,0,0,0,0,False,False,False,False,False,COMPLETED
2025-04-21,8532948,2025-04-21T01:27:23+10:00,2025-04-21T01:27:23+10:00,2025-04-21T01:27:23+10:00,0.0,0,AIDC09,1,11,2025-04-21T09:17:25+10:00,2025-04-21T09:30:00+10:00,0,0,0,0,False,False,False,False,False,COMPLETED
2025-04-21,8532949,2025-04-21T01:27:23+10:00,2025-04-21T01:27:23+10:00,2025-04-21T01:27:23+10:00,0.0,0,AIDC09,1,12,2025-04-21T07:06:48+10:00,2025-04-21T07:15:00+10:00,0,0,0,0,False,False,False,False,False,COMPLETED
2025-04-21,8532950,2025-04-21T01:27:23+10:00,2025-04-21T01:27:23+10:00,2025-04-21T01:27:23+10:00,0.0,0,AIDC09,1,13,2025-04-21T07:39:00+10:00,2025-04-21T07:45:00+10:00,0,0,0,0,False,False,False,False,False,COMPLETED
2025-04-21,8532951,2025-04-21T01:27:23+10:00,2025-04-21T01:27:23+10:00,2025-04-21T01:27:23+10:00,0.0,0,AIDC09,1,14,2025-04-21T07:20:54+10:00,2025-04-21T07:30:00+10:00,0,0,0,0,False,False,False,False,False,COMPLETED
2025-04-21,8532952,2025-04-21T01:27:23+10:00,2025-04-21T01:27:23+10:00,2025-04-21T01:27:23+10:00,0.0,0,AIDC09,1,15,2025-04-21T06:30:42+10:00,2025-04-21T06:45:00+10:00,0,0,0,0,False,False,False,False,False,COMPLETED
2025-04-21,8532953,2025-04-21T01:27:23+10:00,2025-04-21T01:27:23+10:00,2025-04-21T01:27:23+10:00,0.0,0,AIDC09,1,16,2025-04-21T09:08:15+10:00,2025-04-21T09:15:00+10:00,0,0,0,0,False,False,False,False,False,COMPLETED
2025-04-21,8532954,2025-04-21T01:27:23+10:00,2025-04-21T01:27:23+10:00,2025-04-21T01:27:23+10:00,0.0,0,AIDC09,1,17,2025-04-21T06:50:47+10:00,2025-04-21T07:00:00+10:00,0,0,0,0,False,False,False,False,False,COMPLETED
2025-04-21,8532955,2025-04-21T01:27:25+10:00,2025-04-21T01:27:25+10:00,2025-04-21T01:27:25+10:00,0.0,0,AIDC09,1,1,2025-04-21T06:34:50+10:00,2025-04-21T06:45:00+10:00,0,0,0,0,False,False,False,False,False,COMPLETED
2025-04-21,8532956,2025-04-21T01:27:25+10:00,2025-04-21T01:27:25+10:00,2025-04-21T01:27:25+10:00,0.0,0,AIDC09,1,2,2025-04-21T06:30:44+10:00,2025-04-21T06:45:00+10:00,0,0,0,0,False,False,False,False,False,COMPLETED
2025-04-21,8532957,2025-04-21T01:27:25+10:00,2025-04-21T01:27:25+10:00,2025-04-21T01:27:25+10:00,0.0,0,AIDC09,1,3,2025-04-21T06:02:33+10:00,2025-04-21T06:15:00+10:00,0,0,0,0,False,False,False,False,False,COMPLETED
2025-04-21,8532958,2025-04-21T01:27:25+10:00,2025-04-21T01:27:25+10:00,2025-04-21T01:27:25+10:00,0.0,0,AIDC09,1,4,2025-04-21T05:30:27+10:00,2025-04-21T05:45:00+10:00,0,0,0,0,False,False,False,False,False,COMPLETED
2025-04-21,8532959,2025-04-21T01:27:26+10:00,2025-04-21T01:27:26+10:00,2025-04-21T01:27:26+10:00,0.0,0,AIDC09,1,1,2025-04-21T05:09:53+10:00,2025-04-21T05:15:00+10:00,0,0,0,0,False,False,False,False,False,COMPLETED
2025-04-21,8532960,2025-04-21T01:27:26+10:00,2025-04-21T01:27:26+10:00,2025-04-21T01:27:26+10:00,0.0,0,AIDC09,1,2,2025-04-21T06:58:53+10:00,2025-04-21T07:00:00+10:00,0,0,0,0,False,False,False,False,False,COMPLETED
2025-04-21,8532961,2025-04-21T01:27:26+10:00,2025-04-21T01:27:26+10:00,2025-04-21T01:27:26+10:00,0.0,0,AIDC09,1,3,2025-04-21T09:53:39+10:00,2025-04-21T10:00:00+10:00,0,0,0,0,False,False,False,False,False,COMPLETED
2025-04-21,8532962,2025-04-21T01:27:26+10:00,2025-04-21T01:27:26+10:00,2025-04-21T01:27:26+10:00,0.0,0,AIDC09,1,4,2025-04-21T07:21:06+10:00,2025-04-21T07:30:00+10:00,0,0,0,0,False,False,False,False,False,COMPLETED
2025-04-21,8532963,2025-04-21T01:27:26+10:00,2025-04-21T01:27:26+10:00,2025-04-21T01:27:26+10:00,0.0,0,AIDC10,1,5,2025-04-21T07:59:05+10:00,2025-04-21T08:00:00+10:00,0,0,0,0,False,False,False,False,False,COMPLETED
2025-04-21,8532964,2025-04-21T01:27:26+10:00,2025-04-21T01:27:26+10:00,2025-04-21T01:27:26+10:00,0.0,0,AIDC10,1,6,2025-04-21T05:20:37+10:00,2025-04-21T05:30:00+10:00,0,0,0,0,False,False,False,False,False,COMPLETED
2025-04-21,8532965,2025-04-21T01:27:26+10:00,2025-04-21T01:27:26+10:00,2025-04-21T01:27:26+10:00,0.0,0,AIDC10,1,7,2025-04-21T07:37:00+10:00,2025-04-21T07:45:00+10:00,0,0,0,0,False,False,False,False,False,COMPLETED
2025-04-21,8532966,2025-04-21T01:27:26+10:00,2025-04-21T01:27:26+10:00,2025-04-21T01:27:26+10:00,0.0,0,AIDC10,1,8,2025-04-21T09:37:33+10:00,2025-04-21T09:45:00+10:00,0,0,0,0,False,False,False,False,False,COMPLETED
2025-04-21,8532967,2025-04-21T01:27:26+10:00,2025-04-21T01:27:26+10:00,2025-04-21T01:27:26+10:00,0.0,0,AIDC10,1,9,2025-04-21T10:11:48+10:00,2025-04-21T10:15:00+10:00,0,0,0,0,False,False,False,False,False,COMPLETED
2025-04-21,8532968,2025-04-21T01:27:26+10:00,2025-04-21T01:27:26+10:00,2025-04-21T01:27:26+10:00,0.0,0,AIDC10,1,10,2025-04-21T08:13:12+10:00,2025-04-21T08:15:00+10:00,0,0,0,0,False,False,False,False,False,COMPLETED
2025-04-21,8532969,2025-04-21T01:27:26+10:00,2025-04-21T01:27:26+10:00,2025-04-21T01:27:26+10:00,0.0,0,AIDC10,1,11,2025-04-21T06:18:41+10:00,2025-04-21T06:30:00+10:00,0,0,0,0,False,False,False,False,False,COMPLETED
2025-04-21,8532970,2025-04-21T01:27:26+10:00,2025-04-21T01:27:26+10:00,2025-04-21T01:27:26+10:00,0.0,0,AIDC10,1,12,2025-04-21T05:26:28+10:00,2025-04-21T05:30:00+10:00,0,0,0,0,False,False,False,False,False,COMPLETED
2025-04-21,8532971,2025-04-21T01:27:26+10:00,2025-04-21T01:27:26+10:00,2025-04-21T01:27:26+10:00,0.0,0,AIDC10,1,13,2025-04-21T11:43:29+10:00,2025-04-21T11:45:00+10:00,0,0,0,0,False,False,False,False,False,COMPLETED
2025-04-21,8532972,2025-04-21T01:27:26+10:00,2025-04-21T01:27:26+10:00,2025-04-21T01:27:26+10:00,0.0,0,AIDC10,1,14,2025-04-21T12:35:16+10:00,2025-04-21T12:45:00+10:00,0,0,0,0,False,False,False,False,False,COMPLETED
2025-04-21,8532973,2025-04-21T01:27:28+10:00,2025-04-21T01:27:28+10:00,2025-04-21T01:27:28+10:00,0.0,0,AIDC10,1,1,2025-04-21T12:35:18+10:00,2025-04-21T12:45:00+10:00,0,0,0,0,False,False,False,False,False,COMPLETED
2025-04-21,8532974,2025-04-21T01:27:28+10:00,2025-04-21T01:27:28+10:00,2025-04-21T01:27:28+10:00,0.0,0,AIDC10,1,2,2025-04-21T07:59:10+10:00,2025-04-21T08:00:00+10:00,0,0,0,0,False,False,False,False,False,COMPLETED
2025-04-21,8532975,2025-04-21T01:27:28+10:00,2025-04-21T01:27:28+10:00,2025-04-21T01:27:28+10:00,0.0,0,AIDC10,1,3,2025-04-21T07:20:57+10:00,2025-04-21T07:30:00+10:00,0,0,0,0,False,False,False,False,False,COMPLETED
2025-04-21,8532976,2025-04-21T01:27:28+10:00,2025-04-21T01:27:28+10:00,2025-04-21T01:27:28+10:00,0.0,0,AIDC10,1,4,2025-04-21T04:32:17+10:00,2025-04-21T04:45:00+10:00,0,0,0,0,False,False,False,False,False,COMPLETED
2025-04-21,8532977,2025-04-21T01:27:28+10:00,2025-04-21T01:27:28+10:00,2025-04-21T01:27:28+10:00,0.0,0,AIDC10,1,5,2025-04-21T06:32:50+10:00,2025-04-21T06:45:00+10:00,0,0,0,0,False,False,False,False,False,COMPLETED
2025-04-21,8532978,2025-04-21T01:27:28+10:00,2025-04-21T01:27:28+10:00,2025-04-21T01:27:28+10:00,0.0,0,AIDC10,1,6,2025-04-21T08:18:42+10:00,2025-04-21T08:30:00+10:00,0,0,0,0,False,False,False,False,False,COMPLETED
2025-04-21,8532979,2025-04-21T01:27:28+10:00,2025-04-21T01:27:28+10:00,2025-04-21T01:27:28+10:00,0.0,0,AIDC10,1,7,2025-04-21T09:25:09+10:00,2025-04-21T09:30:00+10:00,0,0,0,0,False,False,False,False,False,COMPLETED
2025-04-21,8532980,2025-04-21T01:27:28+10:00,2025-04-21T01:27:28+10:00,2025-04-21T01:27:28+10:00,0.0,0,AIDC10,1,8,2025-04-21T11:41:36+10:00,2025-04-21T11:45:00+10:00,0,0,0,0,False,False,False,False,False,COMPLETED
2025-04-21,8532981,2025-04-21T01:27:28+10:00,2025-04-21T01:27:28+10:00,2025-04-21T01:27:28+10:00,0.0,0,AIDC10,1,9,2025-04-21T08:07:11+10:00,2025-04-21T08:15:00+10:00,0,0,0,0,False,False,False,False,False,COMPLETED
2025-04-21,8532982,2025-04-21T01:27:28+10:00,2025-04-21T01:27:28+10:00,2025-04-21T01:27:28+10:00,0.0,0,AIDC10,1,10,2025-04-21T06:58:51+10:00,2025-04-21T07:00:00+10:00,0,0,0,0,False,False,False,False,False,COMPLETED
2025-04-21,8532983,2025-04-21T01:27:28+10:00,2025-04-21T01:27:28+10:00,2025-04-21T01:27:28+10:00,0.0,0,AIDC10,1,11,2025-04-21T08:47:43+10:00,2025-04-21T09:00:00+10:00,0,0,0,0,False,False,False,False,False,COMPLETED
2025-04-21,8532984,2025-04-21T01:27:28+10:00,2025-04-21T01:27:28+10:00,2025-04-21T01:27:28+10:00,0.0,0,AIDC10,1,12,2025-04-21T07:39:25+10:00,2025-04-21T07:45:00+10:00,0,0,0,0,False,False,False,False,False,COMPLETED
2025-04-21,8532985,2025-04-21T01:27:28+10:00,2025-04-21T01:27:28+10:00,2025-04-21T01:27:28+10:00,0.0,0,AIDC10,1,13,2025-04-21T11:06:06+10:00,2025-04-21T11:15:00+10:00,0,0,0,0,False,False,False,False,False,COMPLETED
2025-04-21,8532986,2025-04-21T01:27:28+10:00,2025-04-21T01:27:28+10:00,2025-04-21T01:27:28+10:00,0.0,0,AIDC10,1,14,2025-04-21T06:24:45+10:00,2025-04-21T06:30:00+10:00,0,0,0,0,False,False,False,False,False,COMPLETED
2025-04-21,8532987,2025-04-21T01:27:28+10:00,2025-04-21T01:27:28+10:00,2025-04-21T01:27:28+10:00,0.0,0,AIDC10,1,15,2025-04-21T05:32:32+10:00,2025-04-21T05:45:00+10:00,0,0,0,0,False,False,False,False,False,COMPLETED
2025-04-21,8532988,2025-04-21T01:27:28+10:00,2025-04-21T01:27:28+10:00,2025-04-21T01:27:28+10:00,0.0,0,AIDC10,1,16,2025-04-21T12:35:18+10:00,2025-04-21T12:45:00+10:00,0,0,0,0,False,False,False,False,False,COMPLETED
2025-04-21,8532989,2025-04-21T01:27:28+10:00,2025-04-21T01:27:28+10:00,2025-04-21T01:27:28+10:00,0.0,0,AIDC10,1,17,2025-04-21T07:04:59+10:00,2025-04-21T07:15:00+10:00,0,0,0,0,False,False,False,False,False,COMPLETED
2025-04-21,8532990,2025-04-21T01:27:30+10:00,2025-04-21T01:27:30+10:00,2025-04-21T01:27:30+10:00,0.0,0,AIDC10,1,1,2025-04-21T10:50:02+10:00,2025-04-21T11:00:00+10:00,0,0,0,0,False,False,False,False,False,COMPLETED
2025-04-21,8532991,2025-04-21T01:27:30+10:00,2025-04-21T01:27:30+10:00,2025-04-21T01:27:30+10:00,0.0,0,AIDC10,1,2,2025-04-21T06:10:47+10:00,2025-04-21T06:15:00+10:00,0,0,0,0,False,False,False,False,False,COMPLETED
2025-04-21,8532992,2025-04-21T01:27:30+10:00,2025-04-21T01:27:30+10:00,2025-04-21T01:27:30+10:00,0.0,0,AIDC10,1,3,2025-04-21T06:46:53+10:00,2025-04-21T07:00:00+10:00,0,0,0,0,False,False,False,False,False,COMPLETED
2025-04-21,8532993,2025-04-21T01:27:30+10:00,2025-04-21T01:27:30+10:00,2025-04-21T01:27:30+10:00,0.0,0,AIDC10,1,4,2025-04-21T04:48:24+10:00,2025-04-21T05:00:00+10:00,0,0,0,0,False,False,False,False,False,COMPLETED
2025-04-21,8532994,2025-04-21T01:27:31+10:00,2025-04-21T01:27:31+10:00,2025-04-21T01:27:31+10:00,0.0,0,AIDC10,1,1,2025-04-21T08:07:26+10:00,2025-04-21T08:15:00+10:00,0,0,0,0,False,False,False,False,False,COMPLETED
2025-04-21,8532995,2025-04-21T01:27:31+10:00,2025-04-21T01:27:31+10:00,2025-04-21T01:27:31+10:00,0.0,0,AIDC10,1,2,2025-04-21T08:51:41+10:00,2025-04-21T09:00:00+10:00,0,0,0,0,False,False,False,False,False,COMPLETED
2025-04-21,8532996,2025-04-21T01:27:31+10:00,2025-04-21T01:27:31+10:00,2025-04-21T01:27:31+10:00,0.0,0,AIDC10,1,3,2025-04-21T06:38:54+10:00,2025-04-21T06:45:00+10:00,0,0,0,0,False,False,False,False,False,COMPLETED
2025-04-21,8532997,2025-04-21T01:27:31+10:00,2025-04-21T01:27:31+10:00,2025-04-21T01:27:31+10:00,0.0,0,AIDC10,1,4,2025-04-21T06:44:54+10:00,2025-04-21T06:45:00+10:00,0,0,0,0,False,False,False,False,False,COMPLETED
2025-04-21,8532998,2025-04-21T01:27:31+10:00,2025-04-21T01:27:31+10:00,2025-04-21T01:27:31+10:00,0.0,0,AIDC10,1,5,2025-04-21T08:43:38+10:00,2025-04-21T08:45:00+10:00,0,0,0,0,False,False,False,False,False,COMPLETED
2025-04-21,8532999,2025-04-21T01:27:31+10:00,2025-04-21T01:27:31+10:00,2025-04-21T01:27:31+10:00,0.0,0,AIDC10,1,6,2025-04-21T06:51:02+10:00,2025-04-21T07:00:00+10:00,0,0,0,0,False,False,False,False,False,COMPLETED
2025-04-21,8533000,2025-04-21T01:27:31+10:00,2025-04-21T01:27:31+10:00,2025-04-21T01:27:31+10:00,0.0,0,AIDC10,1,7,2025-04-21T07:25:18+10:00,2025-04-21T07:30:00+10:00,0,0,0,0,False,False,False,False,False,COMPLETED
2025-04-21,8533001,2025-04-21T01:27:31+10:00,2025-04-21T01:27:31+10:00,2025-04-21T01:27:31+10:00,0.0,0,AIDC10,1,8,2025-04-21T07:35:23+10:00,2025-04-21T07:45:00+10:00,0,0,0,0,False,False,False,False,False,COMPLETED
2025-04-21,8533002,2025-04-21T01:27:31+10:00,2025-04-21T01:27:31+10:00,2025-04-21T01:27:31+10:00,0.0,0,AIDC10,1,9,2025-04-21T12:06:13+10:00,2025-04-21T12:15:00+10:00,0,0,0,0,False,False,False,False,False,COMPLETED
2025-04-21,8533003,2025-04-21T01:27:31+10:00,2025-04-21T01:27:31+10:00,2025-04-21T01:27:31+10:00,0.0,0,AIDC10,1,10,2025-04-21T08:35:35+10:00,2025-04-21T08:45:00+10:00,0,0,0,0,False,False,False,False,False,COMPLETED
2025-04-21,8533004,2025-04-21T01:27:31+10:00,2025-04-21T01:27:31+10:00,2025-04-21T01:27:31+10:00,0.0,0,AIDC10,1,11,2025-04-21T06:10:45+10:00,2025-04-21T06:15:00+10:00,0,0,0,0,False,False,False,False,False,COMPLETED
2025-04-21,8533005,2025-04-21T01:27:31+10:00,2025-04-21T01:27:31+10:00,2025-04-21T01:27:31+10:00,0.0,0,AIDC10,1,12,2025-04-21T04:00:12+10:00,2025-04-21T04:15:00+10:00,0,0,0,0,False,False,False,False,False,COMPLETED
2025-04-21,8533006,2025-04-21T01:27:31+10:00,2025-04-21T01:27:31+10:00,2025-04-21T01:27:31+10:00,0.0,0,AIDC10,1,13,2025-04-21T05:08:29+10:00,2025-04-21T05:15:00+10:00,0,0,0,0,False,False,False,False,False,COMPLETED
2025-04-21,8533007,2025-04-21T01:27:31+10:00,2025-04-21T01:27:31+10:00,2025-04-21T01:27:31+10:00,0.0,0,AIDC10,1,14,2025-04-21T09:55:54+10:00,2025-04-21T10:00:00+10:00,0,0,0,0,False,False,False,False,False,COMPLETED
2025-04-21,8533008,2025-04-21T01:27:33+10:00,2025-04-21T01:27:33+10:00,2025-04-21T01:27:33+10:00,0.0,0,AIDC10,1,1,2025-04-21T08:39:22+10:00,2025-04-21T08:45:00+10:00,0,0,0,0,False,False,False,False,False,COMPLETED
2025-04-21,8533009,2025-04-21T01:27:33+10:00,2025-04-21T01:27:33+10:00,2025-04-21T01:27:33+10:00,0.0,0,AIDC10,1,2,2025-04-21T08:13:42+10:00,2025-04-21T08:15:00+10:00,0,0,0,0,False,False,False,False,False,COMPLETED
2025-04-21,8533010,2025-04-21T01:27:33+10:00,2025-04-21T01:27:33+10:00,2025-04-21T01:27:33+10:00,0.0,0,AIDC10,1,3,2025-04-21T08:41:52+10:00,2025-04-21T08:45:00+10:00,0,0,0,0,False,False,False,False,False,COMPLETED
2025-04-21,8533011,2025-04-21T01:27:33+10:00,2025-04-21T01:27:33+10:00,2025-04-21T01:27:33+10:00,0.0,0,AIDC10,1,4,2025-04-21T08:49:08+10:00,2025-04-21T09:00:00+10:00,0,0,0,0,False,False,False,False,False,COMPLETED
2025-04-21,8533012,2025-04-21T01:27:33+10:00,2025-04-21T01:27:33+10:00,2025-04-21T01:27:33+10:00,0.0,0,AIDC10,1,5,2025-04-21T05:26:37+10:00,2025-04-21T05:30:00+10:00,0,0,0,0,False,False,False,False,False,COMPLETED
2025-04-21,8533013,2025-04-21T01:27:33+10:00,2025-04-21T01:27:33+10:00,2025-04-21T01:27:33+10:00,0.0,0,AIDC10,1,6,2025-04-21T11:45:17+10:00,2025-04-21T12:00:00+10:00,0,0,0,0,False,False,False,False,False,COMPLETED
2025-04-21,8533014,2025-04-21T01:27:33+10:00,2025-04-21T01:27:33+10:00,2025-04-21T01:27:33+10:00,0.0,0,AIDC10,1,7,2025-04-21T08:23:21+10:00,2025-04-21T08:30:00+10:00,0,0,0,0,False,False,False,False,False,COMPLETED
2025-04-21,8533015,2025-04-21T01:27:33+10:00,2025-04-21T01:27:33+10:00,2025-04-21T01:27:33+10:00,0.0,0,AIDC10,1,8,2025-04-21T07:11:07+10:00,2025-04-21T07:15:00+10:00,0,0,0,0,False,False,False,False,False,COMPLETED
2025-04-21,8533016,2025-04-21T01:27:33+10:00,2025-04-21T01:27:33+10:00,2025-04-21T01:27:33+10:00,0.0,0,AIDC10,1,9,2025-04-21T06:39:13+10:00,2025-04-21T06:45:00+10:00,0,0,0,0,False,False,False,False,False,COMPLETED
2025-04-21,8533017,2025-04-21T01:27:33+10:00,2025-04-21T01:27:33+10:00,2025-04-21T01:27:33+10:00,0.0,0,AIDC10,1,10,2025-04-21T08:01:18+10:00,2025-04-21T08:15:00+10:00,0,0,0,0,False,False,False,False,False,COMPLETED
2025-04-21,8533018,2025-04-21T01:27:33+10:00,2025-04-21T01:27:33+10:00,2025-04-21T01:27:33+10:00,0.0,0,AIDC10,1,11,2025-04-21T04:18:20+10:00,2025-04-21T04:30:00+10:00,0,0,0,0,False,False,False,False,False,COMPLETED
2025-04-21,8533019,2025-04-21T01:27:33+10:00,2025-04-21T01:27:33+10:00,2025-04-21T01:27:33+10:00,0.0,0,AIDC10,1,12,2025-04-21T11:11:45+10:00,2025-04-21T11:15:00+10:00,0,0,0,0,False,False,False,False,False,COMPLETED
2025-04-21,8533020,2025-04-21T01:27:33+10:00,2025-04-21T01:27:33+10:00,2025-04-21T01:27:33+10:00,0.0,0,AIDC10,1,13,2025-04-21T11:11:45+10:00,2025-04-21T11:15:00+10:00,0,0,0,0,False,False,False,False,False,COMPLETED
2025-04-21,8533021,2025-04-21T01:27:33+10:00,2025-04-21T01:27:33+10:00,2025-04-21T01:27:33+10:00,0.0,0,AIDC10,1,14,2025-04-21T09:47:47+10:00,2025-04-21T10:00:00+10:00,0,0,0,0,False,False,False,False,False,COMPLETED
2025-04-21,8533022,2025-04-21T01:27:33+10:00,2025-04-21T01:27:33+10:00,2025-04-21T01:27:33+10:00,0.0,0,AIDC10,1,15,2025-04-21T09:07:35+10:00,2025-04-21T09:15:00+10:00,0,0,0,0,False,False,False,False,False,COMPLETED
2025-04-21,8533023,2025-04-21T01:27:33+10:00,2025-04-21T01:27:33+10:00,2025-04-21T01:27:33+10:00,0.0,0,AIDC10,1,16,2025-04-21T08:45:26+10:00,2025-04-21T09:00:00+10:00,0,0,0,0,False,False,False,False,False,COMPLETED
2025-04-21,8533024,2025-04-21T01:27:33+10:00,2025-04-21T01:27:33+10:00,2025-04-21T01:27:33+10:00,0.0,0,AIDC10,1,17,2025-04-21T05:58:42+10:00,2025-04-21T06:00:00+10:00,0,0,0,0,False,False,False,False,False,COMPLETED
2025-04-21,8533025,2025-04-21T01:27:35+10:00,2025-04-21T01:27:35+10:00,2025-04-21T01:27:35+10:00,0.0,0,AIDC10,1,1,2025-04-21T09:15:39+10:00,2025-04-21T09:30:00+10:00,0,0,0,0,False,False,False,False,False,COMPLETED
2025-04-21,8533026,2025-04-21T01:27:35+10:00,2025-04-21T01:27:35+10:00,2025-04-21T01:27:35+10:00,0.0,0,AIDC10,1,2,2025-04-21T07:27:11+10:00,2025-04-21T07:30:00+10:00,0,0,0,0,False,False,False,False,False,COMPLETED
2025-04-21,8533027,2025-04-21T01:27:35+10:00,2025-04-21T01:27:35+10:00,2025-04-21T01:27:35+10:00,0.0,0,AIDC10,1,3,2025-04-21T08:23:25+10:00,2025-04-21T08:30:00+10:00,0,0,0,0,False,False,False,False,False,COMPLETED
2025-04-21,8533028,2025-04-21T01:27:36+10:00,2025-04-21T01:27:36+10:00,2025-04-21T01:27:36+10:00,0.0,0,AIDC10,1,1,2025-04-21T06:31:01+10:00,2025-04-21T06:45:00+10:00,0,0,0,0,False,False,False,False,False,COMPLETED
2025-04-21,8533029,2025-04-21T01:27:36+10:00,2025-04-21T01:27:36+10:00,2025-04-21T01:27:36+10:00,0.0,0,AIDC10,1,2,2025-04-21T07:11:04+10:00,2025-04-21T07:15:00+10:00,0,0,0,0,False,False,False,False,False,COMPLETED
2025-04-21,8533030,2025-04-21T01:27:36+10:00,2025-04-21T01:27:36+10:00,2025-04-21T01:27:36+10:00,0.0,0,AIDC10,1,3,2025-04-21T05:08:32+10:00,2025-04-21T05:15:00+10:00,0,0,0,0,False,False,False,False,False,COMPLETED
2025-04-21,8533031,2025-04-21T01:27:36+10:00,2025-04-21T01:27:36+10:00,2025-04-21T01:27:36+10:00,0.0,0,AIDC10,1,4,2025-04-21T07:15:14+10:00,2025-04-21T07:30:00+10:00,0,0,0,0,False,False,False,False,False,COMPLETED
2025-04-21,8533032,2025-04-21T01:27:36+10:00,2025-04-21T01:27:36+10:00,2025-04-21T01:27:36+10:00,0.0,0,AIDC10,1,5,2025-04-21T05:56:52+10:00,2025-04-21T06:00:00+10:00,0,0,0,0,False,False,False,False,False,COMPLETED
2025-04-21,8533033,2025-04-21T01:27:36+10:00,2025-04-21T01:27:36+10:00,2025-04-21T01:27:36+10:00,0.0,0,AIDC10,1,6,2025-04-21T06:00:42+10:00,2025-04-21T06:15:00+10:00,0,0,0,0,False,False,False,False,False,COMPLETED
2025-04-21,8533034,2025-04-21T01:27:36+10:00,2025-04-21T01:27:36+10:00,2025-04-21T01:27:36+10:00,0.0,0,AIDC10,1,7,2025-04-21T07:57:16+10:00,2025-04-21T08:00:00+10:00,0,0,0,0,False,False,False,False,False,COMPLETED
2025-04-21,8533035,2025-04-21T01:27:36+10:00,2025-04-21T01:27:36+10:00,2025-04-21T01:27:36+10:00,0.0,0,AIDC10,1,8,2025-04-21T09:29:45+10:00,2025-04-21T09:30:00+10:00,0,0,0,0,False,False,False,False,False,COMPLETED
2025-04-21,8533036,2025-04-21T01:27:36+10:00,2025-04-21T01:27:36+10:00,2025-04-21T01:27:36+10:00,0.0,0,AIDC10,1,9,2025-04-21T09:35:52+10:00,2025-04-21T09:45:00+10:00,0,0,0,0,False,False,False,False,False,COMPLETED
2025-04-21,8533037,2025-04-21T01:27:36+10:00,2025-04-21T01:27:36+10:00,2025-04-21T01:27:36+10:00,0.0,0,AIDC10,1,10,2025-04-21T09:35:52+10:00,2025-04-21T09:45:00+10:00,0,0,0,0,False,False,False,False,False,COMPLETED
2025-04-21,8533038,2025-04-21T01:27:36+10:00,2025-04-21T01:27:36+10:00,2025-04-21T01:27:36+10:00,0.0,0,AIDC10,1,11,2025-04-21T09:35:52+10:00,2025-04-21T09:45:00+10:00,0,0,0,0,False,False,False,False,False,COMPLETED
2025-04-21,8533039,2025-04-21T01:27:36+10:00,2025-04-21T01:27:36+10:00,2025-04-21T01:27:36+10:00,0.0,0,AIDC11,1,12,2025-04-21T06:06:59+10:00,2025-04-21T06:15:00+10:00,0,0,0,0,False,False,False,False,False,COMPLETED
2025-04-21,8533040,2025-04-21T01:27:36+10:00,2025-04-21T01:27:36+10:00,2025-04-21T01:27:36+10:00,0.0,0,AIDC11,1,13,2025-04-21T06:26:54+10:00,2025-04-21T06:30:00+10:00,0,0,0,0,False,False,False,False,False,COMPLETED
2025-04-21,8533041,2025-04-21T01:27:38+10:00,2025-04-21T01:27:38+10:00,2025-04-21T01:27:38+10:00,0.0,0,AIDC11,1,1,2025-04-21T09:10:50+10:00,2025-04-21T09:15:00+10:00,0,0,0,0,False,False,False,False,False,COMPLETED
2025-04-21,8533042,2025-04-21T01:27:38+10:00,2025-04-21T01:27:38+10:00,2025-04-21T01:27:38+10:00,0.0,0,AIDC11,1,2,2025-04-21T08:43:29+10:00,2025-04-21T08:45:00+10:00,0,0,0,0,False,False,False,False,False,COMPLETED
2025-04-21,8533043,2025-04-21T01:27:38+10:00,2025-04-21T01:27:38+10:00,2025-04-21T01:27:38+10:00,0.0,0,AIDC11,1,3,2025-04-21T08:39:31+10:00,2025-04-21T08:45:00+10:00,0,0,0,0,False,False,False,False,False,COMPLETED
2025-04-21,8533044,2025-04-21T01:27:38+10:00,2025-04-21T01:27:38+10:00,2025-04-21T01:27:38+10:00,0.0,0,AIDC11,1,4,2025-04-21T04:54:32+10:00,2025-04-21T05:00:00+10:00,0,0,0,0,False,False,False,False,False,COMPLETED
2025-04-21,8533045,2025-04-21T01:27:38+10:00,2025-04-21T01:27:38+10:00,2025-04-21T01:27:38+10:00,0.0,0,AIDC11,1,5,2025-04-21T07:15:07+10:00,2025-04-21T07:30:00+10:00,0,0,0,0,False,False,False,False,False,COMPLETED
2025-04-21,8533046,2025-04-21T01:27:38+10:00,2025-04-21T01:27:38+10:00,2025-04-21T01:27:38+10:00,0.0,0,AIDC11,1,6,2025-04-21T07:23:10+10:00,2025-04-21T07:30:00+10:00,0,0,0,0,False,False,False,False,False,COMPLETED
2025-04-21,8533047,2025-04-21T01:27:38+10:00,2025-04-21T01:27:38+10:00,2025-04-21T01:27:38+10:00,0.0,0,AIDC11,1,7,2025-04-21T06:49:00+10:00,2025-04-21T07:00:00+10:00,0,0,0,0,False,False,False,False,False,COMPLETED
2025-04-21,8533048,2025-04-21T01:27:38+10:00,2025-04-21T01:27:38+10:00,2025-04-21T01:27:38+10:00,0.0,0,AIDC11,1,8,2025-04-21T08:21:25+10:00,2025-04-21T08:30:00+10:00,0,0,0,0,False,False,False,False,False,COMPLETED
2025-04-21,8533049,2025-04-21T01:27:38+10:00,2025-04-21T01:27:38+10:00,2025-04-21T01:27:38+10:00,0.0,0,AIDC11,1,9,2025-04-21T06:06:46+10:00,2025-04-21T06:15:00+10:00,0,0,0,0,False,False,False,False,False,COMPLETED
2025-04-21,8533050,2025-04-21T01:27:38+10:00,2025-04-21T01:27:38+10:00,2025-04-21T01:27:38+10:00,0.0,0,AIDC11,1,10,2025-04-21T06:49:00+10:00,2025-04-21T07:00:00+10:00,0,0,0,0,False,False,False,False,False,COMPLETED
2025-04-21,8533051,2025-04-21T01:27:38+10:00,2025-04-21T01:27:38+10:00,2025-04-21T01:27:38+10:00,0.0,0,AIDC11,1,11,2025-04-21T06:50:56+10:00,2025-04-21T07:00:00+10:00,0,0,0,0,False,False,False,False,False,COMPLETED
2025-04-21,8533052,2025-04-21T01:27:38+10:00,2025-04-21T01:27:38+10:00,2025-04-21T01:27:38+10:00,0.0,0,AIDC11,1,12,2025-04-21T08:33:27+10:00,2025-04-21T08:45:00+10:00,0,0,0,0,False,False,False,False,False,COMPLETED
2025-04-21,8533053,2025-04-21T01:27:38+10:00,2025-04-21T01:27:38+10:00,2025-04-21T01:27:38+10:00,0.0,0,AIDC11,1,13,2025-04-21T08:41:44+10:00,2025-04-21T08:45:00+10:00,0,0,0,0,False,False,False,False,False,COMPLETED
2025-04-21,8533054,2025-04-21T01:27:38+10:00,2025-04-21T01:27:38+10:00,2025-04-21T01:27:38+10:00,0.0,0,AIDC11,1,14,2025-04-21T08:39:28+10:00,2025-04-21T08:45:00+10:00,0,0,0,0,False,False,False,False,False,COMPLETED
2025-04-21,8533055,2025-04-21T01:27:38+10:00,2025-04-21T01:27:38+10:00,2025-04-21T01:27:38+10:00,0.0,0,AIDC11,1,15,2025-04-21T08:40:59+10:00,2025-04-21T08:45:00+10:00,0,0,0,0,False,False,False,False,False,COMPLETED
2025-04-21,8533056,2025-04-21T01:27:38+10:00,2025-04-21T01:27:38+10:00,2025-04-21T01:27:38+10:00,0.0,0,AIDC11,1,16,2025-04-21T08:40:59+10:00,2025-04-21T08:45:00+10:00,0,0,0,0,False,False,False,False,False,COMPLETED
2025-04-21,8533057,2025-04-21T01:27:38+10:00,2025-04-21T01:27:38+10:00,2025-04-21T01:27:38+10:00,0.0,0,AIDC11,1,17,2025-04-21T06:04:51+10:00,2025-04-21T06:15:00+10:00,0,0,0,0,False,False,False,False,False,COMPLETED
2025-04-21,8533058,2025-04-21T01:27:40+10:00,2025-04-21T01:27:40+10:00,2025-04-21T01:27:40+10:00,0.0,0,AIDC11,1,1,2025-04-21T06:37:03+10:00,2025-04-21T06:45:00+10:00,0,0,0,0,False,False,False,False,False,COMPLETED
2025-04-21,8533059,2025-04-21T01:27:40+10:00,2025-04-21T01:27:40+10:00,2025-04-21T01:27:40+10:00,0.0,0,AIDC11,1,2,2025-04-21T08:09:22+10:00,2025-04-21T08:15:00+10:00,0,0,0,0,False,False,False,False,False,COMPLETED
2025-04-21,8533060,2025-04-21T01:27:40+10:00,2025-04-21T01:27:40+10:00,2025-04-21T01:27:40+10:00,0.0,0,AIDC11,1,3,2025-04-21T07:27:07+10:00,2025-04-21T07:30:00+10:00,0,0,0,0,False,False,False,False,False,COMPLETED
2025-04-21,8533061,2025-04-21T01:27:40+10:00,2025-04-21T01:27:40+10:00,2025-04-21T01:27:40+10:00,0.0,0,AIDC11,1,4,2025-04-21T05:06:35+10:00,2025-04-21T05:15:00+10:00,0,0,0,0,False,False,False,False,False,COMPLETED
2025-04-21,8533062,2025-04-21T01:27:41+10:00,2025-04-21T01:27:41+10:00,2025-04-21T01:27:41+10:00,0.0,0,AIDC11,1,1,2025-04-21T08:39:47+10:00,2025-04-21T08:45:00+10:00,0,0,0,0,False,False,False,False,False,COMPLETED
2025-04-21,8533063,2025-04-21T01:27:41+10:00,2025-04-21T01:27:41+10:00,2025-04-21T01:27:41+10:00,0.0,0,AIDC11,1,2,2025-04-21T08:39:47+10:00,2025-04-21T08:45:00+10:00,0,0,0,0,False,False,False,False,False,COMPLETED
2025-04-21,8533064,2025-04-21T01:27:41+10:00,2025-04-21T01:27:41+10:00,2025-04-21T01:27:41+10:00,0.0,0,AIDC11,1,3,2025-04-21T07:17:15+10:00,2025-04-21T07:30:00+10:00,0,0,0,0,False,False,False,False,False,COMPLETED
2025-04-21,8533065,2025-04-21T01:27:41+10:00,2025-04-21T01:27:41+10:00,2025-04-21T01:27:41+10:00,0.0,0,AIDC11,1,4,2025-04-21T07:39:23+10:00,2025-04-21T07:45:00+10:00,0,0,0,0,False,False,False,False,False,COMPLETED
2025-04-21,8533066,2025-04-21T01:27:41+10:00,2025-04-21T01:27:41+10:00,2025-04-21T01:27:41+10:00,0.0,0,AIDC11,1,5,2025-04-21T07:13:08+10:00,2025-04-21T07:15:00+10:00,0,0,0,0,False,False,False,False,False,COMPLETED
2025-04-21,8533067,2025-04-21T01:27:41+10:00,2025-04-21T01:27:41+10:00,2025-04-21T01:27:41+10:00,0.0,0,AIDC11,1,6,2025-04-21T05:04:34+10:00,2025-04-21T05:15:00+10:00,0,0,0,0,False,False,False,False,False,COMPLETED
2025-04-21,8533068,2025-04-21T01:27:41+10:00,2025-04-21T01:27:41+10:00,2025-04-21T01:27:41+10:00,0.0,0,AIDC11,1,7,2025-04-21T05:00:39+10:00,2025-04-21T05:15:00+10:00,0,0,0,0,False,False,False,False,False,COMPLETED
2025-04-21,8533069,2025-04-21T01:27:41+10:00,2025-04-21T01:27:41+10:00,2025-04-21T01:27:41+10:00,0.0,0,AIDC11,1,8,2025-04-21T06:06:48+10:00,2025-04-21T06:15:00+10:00,0,0,0,0,False,False,False,False,False,COMPLETED
2025-04-21,8533070,2025-04-21T01:27:41+10:00,2025-04-21T01:27:41+10:00,2025-04-21T01:27:41+10:00,0.0,0,AIDC11,1,9,2025-04-21T08:38:39+10:00,2025-04-21T08:45:00+10:00,0,0,0,0,False,False,False,False,False,COMPLETED
2025-04-21,8533071,2025-04-21T01:27:41+10:00,2025-04-21T01:27:41+10:00,2025-04-21T01:27:41+10:00,0.0,0,AIDC11,1,10,2025-04-21T08:38:36+10:00,2025-04-21T08:45:00+10:00,0,0,0,0,False,False,False,False,False,COMPLETED
2025-04-21,8533072,2025-04-21T01:27:41+10:00,2025-04-21T01:27:41+10:00,2025-04-21T01:27:41+10:00,0.0,0,AIDC11,1,11,2025-04-21T08:15:28+10:00,2025-04-21T08:30:00+10:00,0,0,0,0,False,False,False,False,False,COMPLETED
2025-04-21,8533073,2025-04-21T01:27:41+10:00,2025-04-21T01:27:41+10:00,2025-04-21T01:27:41+10:00,0.0,0,AIDC11,1,12,2025-04-21T08:15:25+10:00,2025-04-21T08:30:00+10:00,0,0,0,0,False,False,False,False,False,COMPLETED
2025-04-21,8533074,2025-04-21T01:27:41+10:00,2025-04-21T01:27:41+10:00,2025-04-21T01:27:41+10:00,0.0,0,AIDC11,1,13,2025-04-21T07:55:19+10:00,2025-04-21T08:00:00+10:00,0,0,0,0,False,False,False,False,False,COMPLETED
2025-04-21,8533075,2025-04-21T01:27:43+10:00,2025-04-21T01:27:43+10:00,2025-04-21T01:27:43+10:00,0.0,0,AIDC11,1,1,2025-04-21T07:19:17+10:00,2025-04-21T07:30:00+10:00,0,0,0,0,False,False,False,False,False,COMPLETED
2025-04-21,8533076,2025-04-21T01:27:43+10:00,2025-04-21T01:27:43+10:00,2025-04-21T01:27:43+10:00,0.0,0,AIDC11,1,2,2025-04-21T07:21:14+10:00,2025-04-21T07:30:00+10:00,0,0,0,0,False,False,False,False,False,COMPLETED
2025-04-21,8533077,2025-04-21T01:27:43+10:00,2025-04-21T01:27:43+10:00,2025-04-21T01:27:43+10:00,0.0,0,AIDC11,1,3,2025-04-21T06:41:05+10:00,2025-04-21T06:45:00+10:00,0,0,0,0,False,False,False,False,False,COMPLETED
2025-04-21,8533078,2025-04-21T01:27:43+10:00,2025-04-21T01:27:43+10:00,2025-04-21T01:27:43+10:00,0.0,0,AIDC11,1,4,2025-04-21T06:02:48+10:00,2025-04-21T06:15:00+10:00,0,0,0,0,False,False,False,False,False,COMPLETED
2025-04-21,8533079,2025-04-21T01:27:43+10:00,2025-04-21T01:27:43+10:00,2025-04-21T01:27:43+10:00,0.0,0,AIDC12,1,5,2025-04-21T05:28:42+10:00,2025-04-21T05:30:00+10:00,0,0,0,0,False,False,False,False,False,COMPLETED
2025-04-21,8533080,2025-04-21T01:27:43+10:00,2025-04-21T01:27:43+10:00,2025-04-21T01:27:43+10:00,0.0,0,AIDC12,1,6,2025-04-21T07:49:19+10:00,2025-04-21T08:00:00+10:00,0,0,0,0,False,False,False,False,False,COMPLETED
2025-04-21,8533081,2025-04-21T01:27:43+10:00,2025-04-21T01:27:43+10:00,2025-04-21T01:27:43+10:00,0.0,0,AIDC12,1,7,2025-04-21T07:11:15+10:00,2025-04-21T07:15:00+10:00,0,0,0,0,False,False,False,False,False,COMPLETED
2025-04-21,8533082,2025-04-21T01:27:43+10:00,2025-04-21T01:27:43+10:00,2025-04-21T01:27:43+10:00,0.0,0,AIDC12,1,8,2025-04-21T08:36:09+10:00,2025-04-21T08:45:00+10:00,0,0,0,0,False,False,False,False,False,COMPLETED
2025-04-21,8533083,2025-04-21T01:27:43+10:00,2025-04-21T01:27:43+10:00,2025-04-21T01:27:43+10:00,0.0,0,AIDC12,1,9,2025-04-21T08:35:59+10:00,2025-04-21T08:45:00+10:00,0,0,0,0,False,False,False,False,False,COMPLETED
2025-04-21,8533084,2025-04-21T01:27:43+10:00,2025-04-21T01:27:43+10:00,2025-04-21T01:27:43+10:00,0.0,0,AIDC12,1,10,2025-04-21T05:22:44+10:00,2025-04-21T05:30:00+10:00,0,0,0,0,False,False,False,False,False,COMPLETED
2025-04-21,8533085,2025-04-21T01:27:43+10:00,2025-04-21T01:27:43+10:00,2025-04-21T01:27:43+10:00,0.0,0,AIDC12,1,11,2025-04-21T06:45:05+10:00,2025-04-21T07:00:00+10:00,0,0,0,0,False,False,False,False,False,COMPLETED
2025-04-21,8533086,2025-04-21T01:27:43+10:00,2025-04-21T01:27:43+10:00,2025-04-21T01:27:43+10:00,0.0,0,AIDC12,1,12,2025-04-21T07:27:14+10:00,2025-04-21T07:30:00+10:00,0,0,0,0,False,False,False,False,False,COMPLETED
2025-04-21,8533087,2025-04-21T01:27:43+10:00,2025-04-21T01:27:43+10:00,2025-04-21T01:27:43+10:00,0.0,0,AIDC12,1,13,2025-04-21T08:31:52+10:00,2025-04-21T08:45:00+10:00,0,0,0,0,False,False,False,False,False,COMPLETED
2025-04-21,8533088,2025-04-21T01:27:43+10:00,2025-04-21T01:27:43+10:00,2025-04-21T01:27:43+10:00,0.0,0,AIDC12,1,14,2025-04-21T07:53:21+10:00,2025-04-21T08:00:00+10:00,0,0,0,0,False,False,False,False,False,COMPLETED
2025-04-21,8533089,2025-04-21T01:27:45+10:00,2025-04-21T01:27:45+10:00,2025-04-21T01:27:45+10:00,0.0,0,AIDC12,1,1,2025-04-21T08:30:24+10:00,2025-04-21T08:45:00+10:00,0,0,0,0,False,False,False,False,False,COMPLETED
2025-04-21,8533090,2025-04-21T01:27:45+10:00,2025-04-21T01:27:45+10:00,2025-04-21T01:27:45+10:00,0.0,0,AIDC12,1,2,2025-04-21T03:28:23+10:00,2025-04-21T03:30:00+10:00,0,0,0,0,False,False,False,False,False,COMPLETED
2025-04-21,8533091,2025-04-21T01:27:45+10:00,2025-04-21T01:27:45+10:00,2025-04-21T01:27:45+10:00,0.0,0,AIDC12,1,3,2025-04-21T04:22:32+10:00,2025-04-21T04:30:00+10:00,0,0,0,0,False,False,False,False,False,COMPLETED
2025-04-21,8533092,2025-04-21T01:27:46+10:00,2025-04-21T01:27:46+10:00,2025-04-21T01:27:46+10:00,0.0,0,AIDC12,1,1,2025-04-21T04:18:31+10:00,2025-04-21T04:30:00+10:00,0,0,0,0,False,False,False,False,False,COMPLETED
2025-04-21,8533093,2025-04-21T01:27:46+10:00,2025-04-21T01:27:46+10:00,2025-04-21T01:27:46+10:00,0.0,0,AIDC12,1,2,2025-04-21T06:57:11+10:00,2025-04-21T07:00:00+10:00,0,0,0,0,False,False,False,False,False,COMPLETED
2025-04-21,8533094,2025-04-21T01:27:46+10:00,2025-04-21T01:27:46+10:00,2025-04-21T01:27:46+10:00,0.0,0,AIDC12,1,3,2025-04-21T06:59:28+10:00,2025-04-21T07:00:00+10:00,0,0,0,0,False,False,False,False,False,COMPLETED
2025-04-21,8533095,2025-04-21T01:27:46+10:00,2025-04-21T01:27:46+10:00,2025-04-21T01:27:46+10:00,0.0,0,AIDC12,1,4,2025-04-21T07:34:21+10:00,2025-04-21T07:45:00+10:00,0,0,0,0,False,False,False,False,False,COMPLETED
2025-04-21,8533096,2025-04-21T01:27:46+10:00,2025-04-21T01:27:46+10:00,2025-04-21T01:27:46+10:00,0.0,0,AIDC12,1,5,2025-04-21T07:34:21+10:00,2025-04-21T07:45:00+10:00,0,0,0,0,False,False,False,False,False,COMPLETED
2025-04-21,8533097,2025-04-21T01:27:46+10:00,2025-04-21T01:27:46+10:00,2025-04-21T01:27:46+10:00,0.0,0,AIDC12,1,6,2025-04-21T06:33:07+10:00,2025-04-21T06:45:00+10:00,0,0,0,0,False,False,False,False,False,COMPLETED
2025-04-21,8533098,2025-04-21T01:27:46+10:00,2025-04-21T01:27:46+10:00,2025-04-21T01:27:46+10:00,0.0,0,AIDC12,1,7,2025-04-21T03:52:32+10:00,2025-04-21T04:00:00+10:00,0,0,0,0,False,False,False,False,False,COMPLETED
2025-04-21,8533099,2025-04-21T01:27:46+10:00,2025-04-21T01:27:46+10:00,2025-04-21T01:27:46+10:00,0.0,0,AIDC12,1,8,2025-04-21T07:26:07+10:00,2025-04-21T07:30:00+10:00,0,0,0,0,False,False,False,False,False,COMPLETED
2025-04-21,8533100,2025-04-21T01:27:46+10:00,2025-04-21T01:27:46+10:00,2025-04-21T01:27:46+10:00,0.0,0,AIDC12,1,9,2025-04-21T06:55:16+10:00,2025-04-21T07:00:00+10:00,0,0,0,0,False,False,False,False,False,COMPLETED
2025-04-21,8533101,2025-04-21T01:27:46+10:00,2025-04-21T01:27:46+10:00,2025-04-21T01:27:46+10:00,0.0,0,AIDC12,1,10,2025-04-21T07:26:07+10:00,2025-04-21T07:30:00+10:00,0,0,0,0,False,False,False,False,False,COMPLETED
2025-04-21,8533102,2025-04-21T01:27:46+10:00,2025-04-21T01:27:46+10:00,2025-04-21T01:27:46+10:00,0.0,0,AIDC12,1,11,2025-04-21T06:17:01+10:00,2025-04-21T06:30:00+10:00,0,0,0,0,False,False,False,False,False,COMPLETED
2025-04-21,8533103,2025-04-21T01:27:46+10:00,2025-04-21T01:27:46+10:00,2025-04-21T01:27:46+10:00,0.0,0,AIDC12,1,12,2025-04-21T06:53:09+10:00,2025-04-21T07:00:00+10:00,0,0,0,0,False,False,False,False,False,COMPLETED
2025-04-21,8533104,2025-04-21T01:27:46+10:00,2025-04-21T01:27:46+10:00,2025-04-21T01:27:46+10:00,0.0,0,AIDC12,1,13,2025-04-21T06:25:02+10:00,2025-04-21T06:30:00+10:00,0,0,0,0,False,False,False,False,False,COMPLETED
2025-04-21,8533105,2025-04-21T01:27:48+10:00,2025-04-21T01:27:48+10:00,2025-04-21T01:27:48+10:00,0.0,0,AIDC12,1,1,2025-04-21T05:12:50+10:00,2025-04-21T05:15:00+10:00,0,0,0,0,False,False,False,False,False,COMPLETED
2025-04-21,8533106,2025-04-21T01:27:48+10:00,2025-04-21T01:27:48+10:00,2025-04-21T01:27:48+10:00,0.0,0,AIDC12,1,2,2025-04-21T06:58:36+10:00,2025-04-21T07:00:00+10:00,0,0,0,0,False,False,False,False,False,COMPLETED
2025-04-21,8533107,2025-04-21T01:27:48+10:00,2025-04-21T01:27:48+10:00,2025-04-21T01:27:48+10:00,0.0,0,AIDC12,1,3,2025-04-21T06:09:06+10:00,2025-04-21T06:15:00+10:00,0,0,0,0,False,False,False,False,False,COMPLETED
2025-04-21,8533108,2025-04-21T01:27:48+10:00,2025-04-21T01:27:48+10:00,2025-04-21T01:27:48+10:00,0.0,0,AIDC12,1,4,2025-04-21T06:46:54+10:00,2025-04-21T07:00:00+10:00,0,0,0,0,False,False,False,False,False,COMPLETED
2025-04-21,8533109,2025-04-21T01:27:48+10:00,2025-04-21T01:27:48+10:00,2025-04-21T01:27:48+10:00,0.0,0,AIDC12,1,5,2025-04-21T05:18:47+10:00,2025-04-21T05:30:00+10:00,0,0,0,0,False,False,False,False,False,COMPLETED
2025-04-21,8533110,2025-04-21T01:27:48+10:00,2025-04-21T01:27:48+10:00,2025-04-21T01:27:48+10:00,0.0,0,AIDC12,1,6,2025-04-21T05:16:57+10:00,2025-04-21T05:30:00+10:00,0,0,0,0,False,False,False,False,False,COMPLETED
2025-04-21,8533111,2025-04-21T01:27:48+10:00,2025-04-21T01:27:48+10:00,2025-04-21T01:27:48+10:00,0.0,0,AIDC12,1,7,2025-04-21T06:01:54+10:00,2025-04-21T06:15:00+10:00,0,0,0,0,False,False,False,False,False,COMPLETED
2025-04-21,8533112,2025-04-21T01:27:48+10:00,2025-04-21T01:27:48+10:00,2025-04-21T01:27:48+10:00,0.0,0,AIDC12,1,8,2025-04-21T06:01:54+10:00,2025-04-21T06:15:00+10:00,0,0,0,0,False,False,False,False,False,COMPLETED
2025-04-21,8533113,2025-04-21T01:27:48+10:00,2025-04-21T01:27:48+10:00,2025-04-21T01:27:48+10:00,0.0,0,AIDC12,1,9,2025-04-21T06:01:54+10:00,2025-04-21T06:15:00+10:00,0,0,0,0,False,False,False,False,False,COMPLETED
2025-04-21,8533114,2025-04-21T01:27:48+10:00,2025-04-21T01:27:48+10:00,2025-04-21T01:27:48+10:00,0.0,0,AIDC12,1,10,2025-04-21T06:01:54+10:00,2025-04-21T06:15:00+10:00,0,0,0,0,False,False,False,False,False,COMPLETED
2025-04-21,8533115,2025-04-21T01:27:48+10:00,2025-04-21T01:27:48+10:00,2025-04-21T01:27:48+10:00,0.0,0,AIDC12,1,11,2025-04-21T06:01:54+10:00,2025-04-21T06:15:00+10:00,0,0,0,0,False,False,False,False,False,COMPLETED
2025-04-21,8533116,2025-04-21T01:27:48+10:00,2025-04-21T01:27:48+10:00,2025-04-21T01:27:48+10:00,0.0,0,AIDC12,1,12,2025-04-21T06:01:54+10:00,2025-04-21T06:15:00+10:00,0,0,0,0,False,False,False,False,False,COMPLETED
2025-04-21,8533117,2025-04-21T01:27:48+10:00,2025-04-21T01:27:48+10:00,2025-04-21T01:27:48+10:00,0.0,0,AIDC12,1,13,2025-04-21T06:01:54+10:00,2025-04-21T06:15:00+10:00,0,0,0,0,False,False,False,False,False,COMPLETED
2025-04-21,8533118,2025-04-21T01:27:48+10:00,2025-04-21T01:27:48+10:00,2025-04-21T01:27:48+10:00,0.0,0,AIDC12,1,14,2025-04-21T06:01:54+10:00,2025-04-21T06:15:00+10:00,0,0,0,0,False,False,False,False,False,COMPLETED
2025-04-21,8533119,2025-04-21T01:27:48+10:00,2025-04-21T01:27:48+10:00,2025-04-21T01:27:48+10:00,0.0,0,AIDC12,1,15,2025-04-21T06:01:54+10:00,2025-04-21T06:15:00+10:00,0,0,0,0,False,False,False,False,False,COMPLETED
2025-04-21,8533120,2025-04-21T01:27:50+10:00,2025-04-21T01:27:50+10:00,2025-04-21T01:27:50+10:00,0.0,0,AIDC12,1,1,2025-04-21T06:01:56+10:00,2025-04-21T06:15:00+10:00,0,0,0,0,False,False,False,False,False,COMPLETED
2025-04-21,8533121,2025-04-21T01:27:50+10:00,2025-04-21T01:27:50+10:00,2025-04-21T01:27:50+10:00,0.0,0,AIDC12,1,2,2025-04-21T05:18:48+10:00,2025-04-21T05:30:00+10:00,0,0,0,0,False,False,False,False,False,COMPLETED
2025-04-21,8533122,2025-04-21T01:27:51+10:00,2025-04-21T01:27:51+10:00,2025-04-21T01:27:51+10:00,0.0,0,AIDC12,1,1,2025-04-21T05:36:57+10:00,2025-04-21T05:45:00+10:00,0,0,0,0,False,False,False,False,False,COMPLETED
2025-04-21,8533123,2025-04-21T01:27:51+10:00,2025-04-21T01:27:51+10:00,2025-04-21T01:27:51+10:00,0.0,0,AIDC12,1,2,2025-04-21T05:36:57+10:00,2025-04-21T05:45:00+10:00,0,0,0,0,False,False,False,False,False,COMPLETED
2025-04-21,8533124,2025-04-21T01:27:51+10:00,2025-04-21T01:27:51+10:00,2025-04-21T01:27:51+10:00,0.0,0,AIDC12,1,3,2025-04-21T05:13:43+10:00,2025-04-21T05:15:00+10:00,0,0,0,0,False,False,False,False,False,COMPLETED
2025-04-21,8533125,2025-04-21T01:27:51+10:00,2025-04-21T01:27:51+10:00,2025-04-21T01:27:51+10:00,0.0,0,AIDC12,1,4,2025-04-21T05:13:43+10:00,2025-04-21T05:15:00+10:00,0,0,0,0,False,False,False,False,False,COMPLETED
2025-04-21,8533126,2025-04-21T01:27:51+10:00,2025-04-21T01:27:51+10:00,2025-04-21T01:27:51+10:00,0.0,0,AIDC12,1,5,2025-04-21T05:13:43+10:00,2025-04-21T05:15:00+10:00,0,0,0,0,False,False,False,False,False,COMPLETED
2025-04-21,8533127,2025-04-21T01:27:51+10:00,2025-04-21T01:27:51+10:00,2025-04-21T01:27:51+10:00,0.0,0,AIDC12,1,6,2025-04-21T05:13:43+10:00,2025-04-21T05:15:00+10:00,0,0,0,0,False,False,False,False,False,COMPLETED
2025-04-21,8533128,2025-04-21T01:27:51+10:00,2025-04-21T01:27:51+10:00,2025-04-21T01:27:51+10:00,0.0,0,AIDC12,1,7,2025-04-21T05:01:59+10:00,2025-04-21T05:15:00+10:00,0,0,0,0,False,False,False,False,False,COMPLETED
2025-04-21,8533129,2025-04-21T01:27:51+10:00,2025-04-21T01:27:51+10:00,2025-04-21T01:27:51+10:00,0.0,0,AIDC12,1,8,2025-04-21T05:01:59+10:00,2025-04-21T05:15:00+10:00,0,0,0,0,False,False,False,False,False,COMPLETED
2025-04-21,8533130,2025-04-21T01:27:51+10:00,2025-04-21T01:27:51+10:00,2025-04-21T01:27:51+10:00,0.0,0,AIDC12,1,9,2025-04-21T05:01:19+10:00,2025-04-21T05:15:00+10:00,0,0,0,0,False,False,False,False,False,COMPLETED
2025-04-21,8533131,2025-04-21T01:27:51+10:00,2025-04-21T01:27:51+10:00,2025-04-21T01:27:51+10:00,0.0,0,AIDC12,1,10,2025-04-21T04:51:56+10:00,2025-04-21T05:00:00+10:00,0,0,0,0,False,False,False,False,False,COMPLETED
2025-04-21,8533132,2025-04-21T01:27:51+10:00,2025-04-21T01:27:51+10:00,2025-04-21T01:27:51+10:00,0.0,0,AIDC12,1,11,2025-04-21T04:42:52+10:00,2025-04-21T04:45:00+10:00,0,0,0,0,False,False,False,False,False,COMPLETED
2025-04-21,8533133,2025-04-21T01:27:51+10:00,2025-04-21T01:27:51+10:00,2025-04-21T01:27:51+10:00,0.0,0,AIDC12,1,12,2025-04-21T04:43:12+10:00,2025-04-21T04:45:00+10:00,0,0,0,0,False,False,False,False,False,COMPLETED
2025-04-21,8533134,2025-04-21T01:27:51+10:00,2025-04-21T01:27:51+10:00,2025-04-21T01:27:51+10:00,0.0,0,AIDC12,1,13,2025-04-21T04:03:34+10:00,2025-04-21T04:15:00+10:00,0,0,0,0,False,False,False,False,False,COMPLETED
2025-04-21,8533135,2025-04-21T01:27:53+10:00,2025-04-21T01:27:53+10:00,2025-04-21T01:27:53+10:00,0.0,0,AIDC12,1,1,2025-04-21T04:03:36+10:00,2025-04-21T04:15:00+10:00,0,0,0,0,False,False,False,False,False,COMPLETED
2025-04-21,8533136,2025-04-21T01:27:53+10:00,2025-04-21T01:27:53+10:00,2025-04-21T01:27:53+10:00,0.0,0,AIDC12,1,2,2025-04-21T04:03:36+10:00,2025-04-21T04:15:00+10:00,0,0,0,0,False,False,False,False,False,COMPLETED
2025-04-21,8533137,2025-04-21T01:27:53+10:00,2025-04-21T01:27:53+10:00,2025-04-21T01:27:53+10:00,0.0,0,AIDC12,1,3,2025-04-21T04:03:36+10:00,2025-04-21T04:15:00+10:00,0,0,0,0,False,False,False,False,False,COMPLETED
2025-04-21,8533138,2025-04-21T01:27:53+10:00,2025-04-21T01:27:53+10:00,2025-04-21T01:27:53+10:00,0.0,0,AIDC12,1,4,2025-04-21T04:03:22+10:00,2025-04-21T04:15:00+10:00,0,0,0,0,False,False,False,False,False,COMPLETED
2025-04-21,8533139,2025-04-21T01:27:53+10:00,2025-04-21T01:27:53+10:00,2025-04-21T01:27:53+10:00,0.0,0,AIDC12,1,5,2025-04-21T03:49:01+10:00,2025-04-21T04:00:00+10:00,0,0,0,0,False,False,False,False,False,COMPLETED
2025-04-21,8533140,2025-04-21T01:27:53+10:00,2025-04-21T01:27:53+10:00,2025-04-21T01:27:53+10:00,0.0,0,AIDC12,1,6,2025-04-21T03:37:21+10:00,2025-04-21T03:45:00+10:00,0,0,0,0,False,False,False,False,False,COMPLETED
2025-04-21,8533141,2025-04-21T01:27:53+10:00,2025-04-21T01:27:53+10:00,2025-04-21T01:27:53+10:00,0.0,0,AIDC12,1,7,2025-04-21T03:02:45+10:00,2025-04-21T03:15:00+10:00,0,0,0,0,False,False,False,False,False,COMPLETED
2025-04-21,8533142,2025-04-21T01:27:53+10:00,2025-04-21T01:27:53+10:00,2025-04-21T01:27:53+10:00,0.0,0,AIDC12,1,8,2025-04-21T02:40:55+10:00,2025-04-21T02:45:00+10:00,0,0,0,0,False,False,False,False,False,COMPLETED
2025-04-21,8533143,2025-04-21T01:27:53+10:00,2025-04-21T01:27:53+10:00,2025-04-21T01:27:53+10:00,0.0,0,AIDC12,1,9,2025-04-21T02:17:20+10:00,2025-04-21T02:30:00+10:00,0,0,0,0,False,False,False,False,False,COMPLETED
2025-04-21,8533144,2025-04-21T01:27:53+10:00,2025-04-21T01:27:53+10:00,2025-04-21T01:27:53+10:00,0.0,0,AIDC12,1,10,2025-04-21T02:17:20+10:00,2025-04-21T02:30:00+10:00,0,0,0,0,False,False,False,False,False,COMPLETED
2025-04-21,8533145,2025-04-21T01:27:53+10:00,2025-04-21T01:27:53+10:00,2025-04-21T01:27:53+10:00,0.0,0,AIDC12,1,11,2025-04-21T02:17:20+10:00,2025-04-21T02:30:00+10:00,0,0,0,0,False,False,False,False,False,COMPLETED
2025-04-21,8533146,2025-04-21T01:27:53+10:00,2025-04-21T01:27:53+10:00,2025-04-21T01:27:53+10:00,0.0,0,AIDC12,1,12,2025-04-21T02:09:28+10:00,2025-04-21T02:15:00+10:00,0,0,0,0,False,False,False,False,False,COMPLETED
2025-04-21,8533147,2025-04-21T01:27:53+10:00,2025-04-21T01:27:53+10:00,2025-04-21T01:27:53+10:00,0.0,0,AIDC12,1,13,2025-04-21T01:58:16+10:00,2025-04-21T02:00:00+10:00,0,0,0,0,False,False,False,False,False,COMPLETED
2025-04-21,8533148,2025-04-21T01:27:53+10:00,2025-04-21T01:27:53+10:00,2025-04-21T01:27:53+10:00,0.0,0,AIDC12,1,14,2025-04-21T01:58:16+10:00,2025-04-21T02:00:00+10:00,0,0,0,0,False,False,False,False,False,COMPLETED
2025-04-21,8533149,2025-04-21T01:27:53+10:00,2025-04-21T01:27:53+10:00,2025-04-21T01:27:53+10:00,0.0,0,AIDC12,1,15,2025-04-21T01:48:45+10:00,2025-04-21T02:00:00+10:00,0,0,0,0,False,False,False,False,False,COMPLETED
2025-04-21,8533150,2025-04-21T01:27:53+10:00,2025-04-21T01:27:53+10:00,2025-04-21T01:27:53+10:00,0.0,0,AIDC12,1,16,2025-04-21T01:48:45+10:00,2025-04-21T02:00:00+10:00,0,0,0,0,False,False,False,False,False,COMPLETED
2025-04-21,8533479,2025-04-21T01:28:46+10:00,2025-04-21T01:28:46+10:00,2025-04-21T01:28:46+10:00,0.0,0,AIDC12,1,1,2025-04-21T08:52:38+10:00,2025-04-21T09:00:00+10:00,0,0,0,0,False,False,False,False,False,COMPLETED
2025-04-21,8533480,2025-04-21T01:28:46+10:00,2025-04-21T01:28:46+10:00,2025-04-21T01:28:46+10:00,0.0,0,AIDC12,1,2,2025-04-21T06:01:56+10:00,2025-04-21T06:15:00+10:00,0,0,0,0,False,False,False,False,False,COMPLETED
2025-04-21,8533535,2025-04-21T01:28:56+10:00,2025-04-21T01:28:56+10:00,2025-04-21T01:28:56+10:00,0.0,0,AIDC12,1,1,2025-04-21T01:55:14+10:00,2025-04-21T02:00:00+10:00,0,0,0,0,False,False,False,False,False,COMPLETED
2025-04-21,8533536,2025-04-21T01:28:56+10:00,2025-04-21T01:28:56+10:00,2025-04-21T01:28:56+10:00,0.0,0,AIDC12,1,2,2025-04-21T01:55:14+10:00,2025-04-21T02:00:00+10:00,0,0,0,0,False,False,False,False,False,COMPLETED
2025-04-21,8533537,2025-04-21T01:28:56+10:00,2025-04-21T01:28:56+10:00,2025-04-21T01:28:56+10:00,0.0,0,AIDC12,1,3,2025-04-21T01:55:14+10:00,2025-04-21T02:00:00+10:00,0,0,0,0,False,False,False,False,False,COMPLETED
2025-04-21,8533538,2025-04-21T01:28:56+10:00,2025-04-21T01:28:56+10:00,2025-04-21T01:28:56+10:00,0.0,0,AIDC12,1,4,2025-04-21T01:55:14+10:00,2025-04-21T02:00:00+10:00,0,0,0,0,False,False,False,False,False,COMPLETED
2025-04-21,8533713,2025-04-21T02:00:48+10:00,2025-04-21T02:00:48+10:00,2025-04-21T02:00:48+10:00,0.0,0,AIDC05,4,1,,,0,0,0,0,False,False,False,False,True,RUNNING
2025-04-21,8533720,2025-04-21T02:10:58+10:00,2025-04-21T02:10:58+10:00,2025-04-21T02:10:58+10:00,0.0,0,AIDC03,1,1,2025-04-21T08:28:00+10:00,2025-04-21T08:30:00+10:00,0,0,0,0,False,False,False,False,False,COMPLETED
2025-04-21,8533807,2025-04-21T02:39:07+10:00,2025-04-21T02:39:07+10:00,2025-04-21T02:39:07+10:00,0.0,0,AIDC05,4,1,,,0,0,0,0,False,False,False,False,True,RUNNING
2025-04-21,8533811,2025-04-21T02:51:31+10:00,2025-04-21T02:51:31+10:00,2025-04-21T02:51:31+10:00,0.0,0,AIDC03,1,1,2025-04-21T02:51:45+10:00,2025-04-21T03:00:00+10:00,0,0,0,0,False,False,False,False,False,COMPLETED
2025-04-21,8533812,2025-04-21T02:51:58+10:00,2025-04-21T02:51:58+10:00,2025-04-21T02:51:58+10:00,0.0,0,AIDC03,1,1,2025-04-21T02:52:17+10:00,2025-04-21T03:00:00+10:00,0,0,0,0,False,False,False,False,False,COMPLETED
2025-04-21,8533813,2025-04-21T02:52:11+10:00,2025-04-21T02:52:11+10:00,2025-04-21T02:52:11+10:00,0.0,0,AIDC03,1,1,2025-04-21T03:35:31+10:00,2025-04-21T03:45:00+10:00,0,0,0,0,False,False,False,False,False,COMPLETED
2025-04-21,8533814,2025-04-21T02:52:23+10:00,2025-04-21T02:52:23+10:00,2025-04-21T02:52:23+10:00,0.0,0,AIDC03,1,1,2025-04-21T02:52:42+10:00,2025-04-21T03:00:00+10:00,0,0,0,0,False,False,False,False,False,COMPLETED
2025-04-21,8533817,2025-04-21T03:06:00+10:00,2025-04-21T03:06:00+10:00,2025-04-21T03:06:00+10:00,0.0,0,AIDC03,1,1,2025-04-21T03:06:14+10:00,2025-04-21T03:15:00+10:00,0,0,0,0,False,False,False,False,False,COMPLETED
2025-04-21,8533821,2025-04-21T03:07:30+10:00,2025-04-21T03:07:30+10:00,2025-04-21T03:07:30+10:00,0.0,0,AIDC03,1,1,2025-04-21T07:44:33+10:00,2025-04-21T07:45:00+10:00,0,0,0,0,False,False,False,False,False,COMPLETED
2025-04-21,8533833,2025-04-21T04:05:53+10:00,2025-04-21T04:05:53+10:00,2025-04-21T04:05:53+10:00,0.0,0,AIDC03,4,1,2025-04-21T04:49:46+10:00,2025-04-21T05:00:00+10:00,0,0,0,0,False,False,False,False,False,COMPLETED
2025-04-21,8533834,2025-04-21T04:06:10+10:00,2025-04-21T04:06:10+10:00,2025-04-21T04:06:10+10:00,0.0,0,AIDC05,4,1,2025-04-21T04:06:42+10:00,2025-04-21T04:15:00+10:00,0,0,0,0,False,False,False,False,False,COMPLETED
2025-04-21,8533836,2025-04-21T04:07:58+10:00,2025-04-21T04:07:58+10:00,2025-04-21T04:07:58+10:00,0.0,0,AIDC05,4,1,2025-04-21T04:18:07+10:00,2025-04-21T04:30:00+10:00,0,0,0,0,False,False,False,False,False,COMPLETED
2025-04-21,8533837,2025-04-21T04:08:18+10:00,2025-04-21T04:08:18+10:00,2025-04-21T04:08:18+10:00,0.0,0,AIDC07,8,1,,,0,0,0,0,False,False,False,False,True,RUNNING
2025-04-21,8533845,2025-04-21T04:17:36+10:00,2025-04-21T04:17:36+10:00,2025-04-21T04:17:36+10:00,0.0,0,AIDC03,1,1,2025-04-21T04:34:19+10:00,2025-04-21T04:45:00+10:00,0,0,0,0,False,False,False,False,False,COMPLETED
2025-04-21,8533846,2025-04-21T04:18:26+10:00,2025-04-21T04:18:26+10:00,2025-04-21T04:18:26+10:00,0.0,0,AIDC03,4,1,2025-04-21T04:50:40+10:00,2025-04-21T05:00:00+10:00,0,0,0,0,False,False,False,False,False,COMPLETED
2025-04-21,8533856,2025-04-21T04:28:07+10:00,2025-04-21T04:28:07+10:00,2025-04-21T04:28:07+10:00,0.0,0,AIDC03,1,1,2025-04-21T04:29:00+10:00,2025-04-21T04:30:00+10:00,0,0,0,0,False,False,False,False,False,COMPLETED
2025-04-21,8533864,2025-04-21T04:35:35+10:00,2025-04-21T04:35:35+10:00,2025-04-21T04:35:35+10:00,0.0,0,AIDC03,1,1,2025-04-21T05:18:42+10:00,2025-04-21T05:30:00+10:00,0,0,0,0,False,False,False,False,False,COMPLETED
2025-04-21,8533866,2025-04-21T04:36:00+10:00,2025-04-21T04:36:00+10:00,2025-04-21T04:36:00+10:00,0.0,0,AIDC03,1,1,2025-04-21T04:38:38+10:00,2025-04-21T04:45:00+10:00,0,0,0,0,False,False,False,False,False,COMPLETED
2025-04-21,8533868,2025-04-21T04:37:22+10:00,2025-04-21T04:37:22+10:00,2025-04-21T04:37:22+10:00,0.0,0,AIDC03,1,1,2025-04-21T04:37:39+10:00,2025-04-21T04:45:00+10:00,0,0,0,0,False,False,False,False,False,COMPLETED
2025-04-21,8533870,2025-04-21T04:38:04+10:00,2025-04-21T04:38:04+10:00,2025-04-21T04:38:04+10:00,0.0,0,AIDC03,1,1,2025-04-21T04:40:45+10:00,2025-04-21T04:45:00+10:00,0,0,0,0,False,False,False,False,False,COMPLETED
2025-04-21,8533871,2025-04-21T04:38:06+10:00,2025-04-21T04:38:06+10:00,2025-04-21T04:38:06+10:00,0.0,0,AIDC04,1,1,2025-04-21T04:40:49+10:00,2025-04-21T04:45:00+10:00,0,0,0,0,False,False,False,False,False,COMPLETED
2025-04-21,8533879,2025-04-21T04:50:44+10:00,2025-04-21T04:50:44+10:00,2025-04-21T04:50:44+10:00,0.0,0,AIDC03,4,1,2025-04-21T22:46:05+10:00,2025-04-21T23:00:00+10:00,0,0,0,0,False,False,False,False,False,COMPLETED
2025-04-21,8533881,2025-04-21T04:51:16+10:00,2025-04-21T04:51:16+10:00,2025-04-21T04:51:16+10:00,0.0,0,AIDC05,4,1,,,0,0,0,0,False,False,False,False,True,RUNNING
2025-04-21,8533882,2025-04-21T05:04:25+10:00,2025-04-21T05:04:25+10:00,2025-04-21T05:04:25+10:00,0.0,0,AIDC03,2,1,2025-04-21T06:03:53+10:00,2025-04-21T06:15:00+10:00,0,0,0,0,False,False,False,False,False,COMPLETED
2025-04-21,8538952,2025-04-21T05:24:34+10:00,2025-04-21T05:24:34+10:00,2025-04-21T05:24:34+10:00,0.0,0,AIDC03,1,1,2025-04-21T22:48:40+10:00,2025-04-21T23:00:00+10:00,0,0,0,0,False,False,False,False,False,COMPLETED
2025-04-21,8539042,2025-04-21T05:24:34+10:00,2025-04-21T05:24:34+10:00,2025-04-21T05:24:34+10:00,0.0,0,AIDC03,1,2,,,0,0,0,0,False,False,False,False,True,RUNNING
2025-04-21,8539043,2025-04-21T05:24:34+10:00,2025-04-21T05:24:34+10:00,2025-04-21T05:24:34+10:00,0.0,0,AIDC03,1,3,,,0,0,0,0,False,False,False,False,True,RUNNING
2025-04-21,8544292,2025-04-21T05:24:34+10:00,2025-04-21T05:24:34+10:00,2025-04-21T05:24:34+10:00,0.0,0,AIDC03,1,4,,,0,0,0,0,False,False,False,False,True,RUNNING
2025-04-21,8544296,2025-04-21T05:24:34+10:00,2025-04-21T05:24:34+10:00,2025-04-21T05:24:34+10:00,0.0,0,AIDC03,1,5,,,0,0,0,0,False,False,False,False,True,RUNNING
2025-04-21,8544360,2025-04-21T05:24:34+10:00,2025-04-21T05:24:34+10:00,2025-04-21T05:24:34+10:00,0.0,0,AIDC03,1,6,,,0,0,0,0,False,False,False,False,True,RUNNING
2025-04-21,8544361,2025-04-21T05:24:34+10:00,2025-04-21T05:24:34+10:00,2025-04-21T05:24:34+10:00,0.0,0,AIDC04,1,7,,,0,0,0,0,False,False,False,False,True,RUNNING
2025-04-21,8545224,2025-04-21T05:24:34+10:00,2025-04-21T05:24:34+10:00,2025-04-21T05:24:34+10:00,0.0,0,AIDC04,1,8,,,0,0,0,0,False,False,False,False,True,RUNNING
2025-04-21,8545316,2025-04-21T05:24:34+10:00,2025-04-21T05:24:34+10:00,2025-04-21T05:24:34+10:00,0.0,0,AIDC04,1,9,,,0,0,0,0,False,False,False,False,True,RUNNING
2025-04-21,8545317,2025-04-21T05:24:34+10:00,2025-04-21T05:24:34+10:00,2025-04-21T05:24:34+10:00,0.0,0,AIDC04,1,10,,,0,0,0,0,False,False,False,False,True,RUNNING
2025-04-21,8541454,2025-04-21T05:29:08+10:00,2025-04-21T05:29:08+10:00,2025-04-21T05:29:08+10:00,0.0,0,AIDC05,1,1,2025-04-21T05:31:52+10:00,2025-04-21T05:45:00+10:00,0,0,0,0,False,False,False,False,False,COMPLETED
2025-04-21,8541470,2025-04-21T05:29:10+10:00,2025-04-21T05:29:10+10:00,2025-04-21T05:29:10+10:00,0.0,0,AIDC05,1,1,2025-04-21T05:48:21+10:00,2025-04-21T06:00:00+10:00,0,0,0,0,False,False,False,False,False,COMPLETED
2025-04-21,8541489,2025-04-21T05:29:13+10:00,2025-04-21T05:29:13+10:00,2025-04-21T05:29:13+10:00,0.0,0,AIDC05,1,1,2025-04-21T05:48:56+10:00,2025-04-21T06:00:00+10:00,0,0,0,0,False,False,False,False,False,COMPLETED
2025-04-21,8542230,2025-04-21T05:31:28+10:00,2025-04-21T05:31:28+10:00,2025-04-21T05:31:28+10:00,0.0,0,AIDC03,1,1,,,0,0,0,0,False,False,False,False,True,RUNNING
2025-04-21,8543968,2025-04-21T06:17:54+10:00,2025-04-21T06:17:54+10:00,2025-04-21T06:17:54+10:00,0.0,0,AIDC03,1,1,2025-04-21T07:50:06+10:00,2025-04-21T08:00:00+10:00,0,0,0,0,False,False,False,False,False,COMPLETED
2025-04-21,8544044,2025-04-21T06:34:42+10:00,2025-04-21T06:34:42+10:00,2025-04-21T06:34:42+10:00,0.0,0,AIDC03,1,1,2025-04-21T06:54:40+10:00,2025-04-21T07:00:00+10:00,0,0,0,0,False,False,False,False,False,COMPLETED
2025-04-21,8544045,2025-04-21T06:34:44+10:00,2025-04-21T06:34:44+10:00,2025-04-21T06:34:44+10:00,0.0,0,AIDC03,1,1,2025-04-21T06:53:50+10:00,2025-04-21T07:00:00+10:00,0,0,0,0,False,False,False,False,False,COMPLETED
2025-04-21,8544046,2025-04-21T06:34:47+10:00,2025-04-21T06:34:47+10:00,2025-04-21T06:34:47+10:00,0.0,0,AIDC03,1,1,2025-04-21T06:54:43+10:00,2025-04-21T07:00:00+10:00,0,0,0,0,False,False,False,False,False,COMPLETED
2025-04-21,8544053,2025-04-21T06:36:34+10:00,2025-04-21T06:36:34+10:00,2025-04-21T06:36:34+10:00,0.0,0,AIDC03,1,1,2025-04-21T06:39:32+10:00,2025-04-21T06:45:00+10:00,0,0,0,0,False,False,False,False,False,COMPLETED
2025-04-21,8544054,2025-04-21T06:36:39+10:00,2025-04-21T06:36:39+10:00,2025-04-21T06:36:39+10:00,0.0,0,AIDC03,1,1,2025-04-21T06:40:12+10:00,2025-04-21T06:45:00+10:00,0,0,0,0,False,False,False,False,False,COMPLETED
2025-04-21,8544066,2025-04-21T06:56:36+10:00,2025-04-21T06:56:36+10:00,2025-04-21T06:56:36+10:00,0.0,0,AIDC03,1,1,2025-04-21T06:56:53+10:00,2025-04-21T07:00:00+10:00,0,0,0,0,False,False,False,False,False,COMPLETED
2025-04-21,8544067,2025-04-21T06:56:49+10:00,2025-04-21T06:56:49+10:00,2025-04-21T06:56:49+10:00,0.0,0,AIDC03,1,1,2025-04-21T07:39:56+10:00,2025-04-21T07:45:00+10:00,0,0,0,0,False,False,False,False,False,COMPLETED
2025-04-21,8544269,2025-04-21T07:54:49+10:00,2025-04-21T07:54:49+10:00,2025-04-21T07:54:49+10:00,0.0,0,AIDC03,1,1,2025-04-21T12:31:44+10:00,2025-04-21T12:45:00+10:00,0,0,0,0,False,False,False,False,False,COMPLETED
2025-04-21,8544286,2025-04-21T07:56:16+10:00,2025-04-21T07:56:16+10:00,2025-04-21T07:56:16+10:00,0.0,0,AIDC03,1,1,2025-04-21T07:56:35+10:00,2025-04-21T08:00:00+10:00,0,0,0,0,False,False,False,False,False,COMPLETED
2025-04-21,8544288,2025-04-21T07:57:26+10:00,2025-04-21T07:57:26+10:00,2025-04-21T07:57:26+10:00,0.0,0,AIDC03,1,1,2025-04-21T08:41:01+10:00,2025-04-21T08:45:00+10:00,0,0,0,0,False,False,False,False,False,COMPLETED
2025-04-21,8544297,2025-04-21T08:15:53+10:00,2025-04-21T08:15:53+10:00,2025-04-21T08:15:53+10:00,0.0,0,AIDC03,4,1,2025-04-21T08:17:10+10:00,2025-04-21T08:30:00+10:00,0,0,0,0,False,False,False,False,False,COMPLETED
2025-04-21,8544299,2025-04-21T08:22:09+10:00,2025-04-21T08:22:09+10:00,2025-04-21T08:22:09+10:00,0.0,0,AIDC03,1,1,2025-04-21T18:22:24+10:00,2025-04-21T18:30:00+10:00,0,0,0,0,False,False,False,False,False,COMPLETED
2025-04-21,8544311,2025-04-21T08:35:01+10:00,2025-04-21T08:35:01+10:00,2025-04-21T08:35:01+10:00,0.0,0,AIDC03,4,1,2025-04-21T09:13:05+10:00,2025-04-21T09:15:00+10:00,0,0,0,0,False,False,False,False,False,COMPLETED
2025-04-21,8544318,2025-04-21T08:35:32+10:00,2025-04-21T08:35:32+10:00,2025-04-21T08:35:32+10:00,0.0,0,AIDC03,1,1,2025-04-21T14:51:05+10:00,2025-04-21T15:00:00+10:00,0,0,0,0,False,False,False,False,False,COMPLETED
2025-04-21,8544320,2025-04-21T08:38:11+10:00,2025-04-21T08:38:11+10:00,2025-04-21T08:38:11+10:00,0.0,0,AIDC03,4,1,2025-04-21T09:16:15+10:00,2025-04-21T09:30:00+10:00,0,0,0,0,False,False,False,False,False,COMPLETED
2025-04-21,8544350,2025-04-21T08:49:14+10:00,2025-04-21T08:49:14+10:00,2025-04-21T08:49:14+10:00,0.0,0,AIDC01,4,1,2025-04-21T09:27:18+10:00,2025-04-21T09:30:00+10:00,0,0,0,0,False,False,False,False,False,COMPLETED
2025-04-21,8544371,2025-04-21T09:12:11+10:00,2025-04-21T09:12:11+10:00,2025-04-21T09:12:11+10:00,0.0,0,AIDC01,1,1,2025-04-21T17:48:54+10:00,2025-04-21T18:00:00+10:00,0,0,0,0,False,False,False,False,False,COMPLETED
2025-04-21,8544372,2025-04-21T09:12:14+10:00,2025-04-21T09:12:14+10:00,2025-04-21T09:12:14+10:00,0.0,0,AIDC01,1,1,2025-04-21T09:20:16+10:00,2025-04-21T09:30:00+10:00,0,0,0,0,False,False,False,False,False,COMPLETED
2025-04-21,8544373,2025-04-21T09:12:14+10:00,2025-04-21T09:12:14+10:00,2025-04-21T09:12:14+10:00,0.0,0,AIDC01,1,2,2025-04-21T09:31:19+10:00,2025-04-21T09:45:00+10:00,0,0,0,0,False,False,False,False,False,COMPLETED
2025-04-21,8544384,2025-04-21T09:27:38+10:00,2025-04-21T09:27:38+10:00,2025-04-21T09:27:38+10:00,0.0,0,AIDC01,1,1,2025-04-21T17:41:12+10:00,2025-04-21T17:45:00+10:00,0,0,0,0,False,False,False,False,False,COMPLETED
2025-04-21,8544418,2025-04-21T09:38:42+10:00,2025-04-21T09:38:42+10:00,2025-04-21T09:38:42+10:00,0.0,0,AIDC01,1,1,2025-04-21T17:52:16+10:00,2025-04-21T18:00:00+10:00,0,0,0,0,False,False,False,False,False,COMPLETED
2025-04-21,8544443,2025-04-21T10:10:06+10:00,2025-04-21T10:10:06+10:00,2025-04-21T10:10:06+10:00,0.0,0,AIDC01,1,1,2025-04-21T10:10:28+10:00,2025-04-21T10:15:00+10:00,0,0,0,0,False,False,False,False,False,COMPLETED
2025-04-21,8544468,2025-04-21T10:37:16+10:00,2025-04-21T10:37:16+10:00,2025-04-21T10:37:16+10:00,0.0,0,AIDC01,2,1,2025-04-21T10:37:33+10:00,2025-04-21T10:45:00+10:00,0,0,0,0,False,False,False,False,False,COMPLETED
2025-04-21,8544486,2025-04-21T10:46:19+10:00,2025-04-21T10:46:19+10:00,2025-04-21T10:46:19+10:00,0.0,0,AIDC01,2,1,2025-04-21T10:46:41+10:00,2025-04-21T11:00:00+10:00,0,0,0,0,False,False,False,False,False,COMPLETED
2025-04-21,8544488,2025-04-21T10:57:11+10:00,2025-04-21T10:57:11+10:00,2025-04-21T10:57:11+10:00,0.0,0,AIDC01,2,1,2025-04-21T11:19:08+10:00,2025-04-21T11:30:00+10:00,0,0,0,0,False,False,False,False,False,COMPLETED
2025-04-21,8544491,2025-04-21T11:03:04+10:00,2025-04-21T11:03:04+10:00,2025-04-21T11:03:04+10:00,0.0,0,AIDC01,1,1,2025-04-21T11:06:26+10:00,2025-04-21T11:15:00+10:00,0,0,0,0,False,False,False,False,False,COMPLETED
2025-04-21,8544556,2025-04-21T11:17:28+10:00,2025-04-21T11:17:28+10:00,2025-04-21T11:17:28+10:00,0.0,0,AIDC01,1,1,2025-04-21T12:22:45+10:00,2025-04-21T12:30:00+10:00,0,0,0,0,False,False,False,False,False,COMPLETED
2025-04-21,8544558,2025-04-21T11:28:47+10:00,2025-04-21T11:28:47+10:00,2025-04-21T11:28:47+10:00,0.0,0,AIDC01,1,1,2025-04-21T11:29:06+10:00,2025-04-21T11:30:00+10:00,0,0,0,0,False,False,False,False,False,COMPLETED
2025-04-21,8544559,2025-04-21T11:32:11+10:00,2025-04-21T11:32:11+10:00,2025-04-21T11:32:11+10:00,0.0,0,AIDC01,1,1,2025-04-21T11:32:25+10:00,2025-04-21T11:45:00+10:00,0,0,0,0,False,False,False,False,False,COMPLETED
2025-04-21,8544579,2025-04-21T11:50:27+10:00,2025-04-21T11:50:27+10:00,2025-04-21T11:50:27+10:00,0.0,0,AIDC01,1,1,2025-04-21T11:50:41+10:00,2025-04-21T12:00:00+10:00,0,0,0,0,False,False,False,False,False,COMPLETED
2025-04-21,8544580,2025-04-21T11:51:27+10:00,2025-04-21T11:51:27+10:00,2025-04-21T11:51:27+10:00,0.0,0,AIDC01,1,1,2025-04-21T11:57:57+10:00,2025-04-21T12:00:00+10:00,0,0,0,0,False,False,False,False,False,COMPLETED
2025-04-21,8544582,2025-04-21T11:58:44+10:00,2025-04-21T11:58:44+10:00,2025-04-21T11:58:44+10:00,0.0,0,AIDC03,4,1,2025-04-21T11:59:18+10:00,2025-04-21T12:00:00+10:00,0,0,0,0,False,False,False,False,False,COMPLETED
2025-04-21,8544583,2025-04-21T12:00:11+10:00,2025-04-21T12:00:11+10:00,2025-04-21T12:00:11+10:00,0.0,0,AIDC01,1,1,2025-04-21T12:36:53+10:00,2025-04-21T12:45:00+10:00,0,0,0,0,False,False,False,False,False,COMPLETED
2025-04-21,8544718,2025-04-21T12:38:59+10:00,2025-04-21T12:38:59+10:00,2025-04-21T12:38:59+10:00,0.0,0,AIDC01,1,1,2025-04-21T17:17:47+10:00,2025-04-21T17:30:00+10:00,0,0,0,0,False,False,False,False,False,COMPLETED
2025-04-21,8544730,2025-04-21T12:42:26+10:00,2025-04-21T12:42:26+10:00,2025-04-21T12:42:26+10:00,0.0,0,AIDC01,1,1,2025-04-21T12:45:33+10:00,2025-04-21T13:00:00+10:00,0,0,0,0,False,False,False,False,False,COMPLETED
2025-04-21,8544741,2025-04-21T12:45:31+10:00,2025-04-21T12:45:31+10:00,2025-04-21T12:45:31+10:00,0.0,0,AIDC01,2,1,2025-04-21T12:45:43+10:00,2025-04-21T13:00:00+10:00,0,0,0,0,False,False,False,False,False,COMPLETED
2025-04-21,8545177,2025-04-21T12:59:26+10:00,2025-04-21T12:59:26+10:00,2025-04-21T12:59:26+10:00,0.0,0,AIDC01,1,1,2025-04-21T13:24:50+10:00,2025-04-21T13:30:00+10:00,0,0,0,0,False,False,False,False,False,COMPLETED
2025-04-21,8545219,2025-04-21T13:30:18+10:00,2025-04-21T13:30:18+10:00,2025-04-21T13:30:18+10:00,0.0,0,AIDC01,4,1,,,0,0,0,0,False,False,False,False,True,RUNNING
2025-04-21,8545222,2025-04-21T13:32:06+10:00,2025-04-21T13:32:06+10:00,2025-04-21T13:32:06+10:00,0.0,0,AIDC03,4,1,,,0,0,0,0,False,False,False,False,True,RUNNING
2025-04-21,8545248,2025-04-21T13:41:25+10:00,2025-04-21T13:41:25+10:00,2025-04-21T13:41:25+10:00,0.0,0,AIDC03,1,1,2025-04-21T13:45:12+10:00,2025-04-21T14:00:00+10:00,0,0,0,0,False,False,False,False,False,COMPLETED
2025-04-21,8545266,2025-04-21T13:47:36+10:00,2025-04-21T13:47:36+10:00,2025-04-21T13:47:36+10:00,0.0,0,AIDC03,1,1,2025-04-21T13:49:05+10:00,2025-04-21T14:00:00+10:00,0,0,0,0,False,False,False,False,False,COMPLETED
2025-04-21,8545275,2025-04-21T14:01:34+10:00,2025-04-21T14:01:34+10:00,2025-04-21T14:01:34+10:00,0.0,0,AIDC03,1,1,2025-04-21T14:05:46+10:00,2025-04-21T14:15:00+10:00,0,0,0,0,False,False,False,False,False,COMPLETED
2025-04-21,8545278,2025-04-21T14:15:49+10:00,2025-04-21T14:15:49+10:00,2025-04-21T14:15:49+10:00,0.0,0,AIDC03,1,1,2025-04-21T14:20:16+10:00,2025-04-21T14:30:00+10:00,0,0,0,0,False,False,False,False,False,COMPLETED
2025-04-21,8545279,2025-04-21T14:24:51+10:00,2025-04-21T14:24:51+10:00,2025-04-21T14:24:51+10:00,0.0,0,AIDC03,1,1,2025-04-21T15:52:03+10:00,2025-04-21T16:00:00+10:00,0,0,0,0,False,False,False,False,False,COMPLETED
2025-04-21,8545299,2025-04-21T14:54:07+10:00,2025-04-21T14:54:07+10:00,2025-04-21T14:54:07+10:00,0.0,0,AIDC03,1,1,2025-04-21T21:12:11+10:00,2025-04-21T21:15:00+10:00,0,0,0,0,False,False,False,False,False,COMPLETED
2025-04-21,8545313,2025-04-21T15:26:31+10:00,2025-04-21T15:26:31+10:00,2025-04-21T15:26:31+10:00,0.0,0,AIDC03,1,1,2025-04-21T16:29:00+10:00,2025-04-21T16:30:00+10:00,0,0,0,0,False,False,False,False,False,COMPLETED
2025-04-21,8545318,2025-04-21T15:30:56+10:00,2025-04-21T15:30:56+10:00,2025-04-21T15:30:56+10:00,0.0,0,AIDC03,1,1,2025-04-21T16:41:52+10:00,2025-04-21T16:45:00+10:00,0,0,0,0,False,False,False,False,False,COMPLETED
2025-04-21,8545319,2025-04-21T15:31:46+10:00,2025-04-21T15:31:46+10:00,2025-04-21T15:31:46+10:00,0.0,0,AIDC03,4,1,,,0,0,0,0,False,False,False,False,True,RUNNING
2025-04-21,8545403,2025-04-21T16:49:15+10:00,2025-04-21T16:49:15+10:00,2025-04-21T16:49:15+10:00,0.0,0,AIDC03,1,1,2025-04-21T17:07:49+10:00,2025-04-21T17:15:00+10:00,0,0,0,0,False,False,False,False,False,COMPLETED
2025-04-21,8545404,2025-04-21T16:49:17+10:00,2025-04-21T16:49:17+10:00,2025-04-21T16:49:17+10:00,0.0,0,AIDC03,1,1,2025-04-21T17:04:23+10:00,2025-04-21T17:15:00+10:00,0,0,0,0,False,False,False,False,False,COMPLETED
2025-04-21,8545405,2025-04-21T16:49:20+10:00,2025-04-21T16:49:20+10:00,2025-04-21T16:49:20+10:00,0.0,0,AIDC03,1,1,2025-04-21T16:56:23+10:00,2025-04-21T17:00:00+10:00,0,0,0,0,False,False,False,False,False,COMPLETED
2025-04-21,8545406,2025-04-21T16:49:22+10:00,2025-04-21T16:49:22+10:00,2025-04-21T16:49:22+10:00,0.0,0,AIDC03,1,1,2025-04-21T17:04:43+10:00,2025-04-21T17:15:00+10:00,0,0,0,0,False,False,False,False,False,COMPLETED
2025-04-21,8545407,2025-04-21T16:49:25+10:00,2025-04-21T16:49:25+10:00,2025-04-21T16:49:25+10:00,0.0,0,AIDC03,1,1,2025-04-21T16:59:59+10:00,2025-04-21T17:00:00+10:00,0,0,0,0,False,False,False,False,False,COMPLETED
2025-04-21,8545408,2025-04-21T16:49:25+10:00,2025-04-21T16:49:25+10:00,2025-04-21T16:49:25+10:00,0.0,0,AIDC03,1,2,2025-04-21T16:58:06+10:00,2025-04-21T17:00:00+10:00,0,0,0,0,False,False,False,False,False,COMPLETED
2025-04-21,8545409,2025-04-21T16:49:27+10:00,2025-04-21T16:49:27+10:00,2025-04-21T16:49:27+10:00,0.0,0,AIDC03,1,1,2025-04-21T17:04:30+10:00,2025-04-21T17:15:00+10:00,0,0,0,0,False,False,False,False,False,COMPLETED
2025-04-21,8545410,2025-04-21T16:49:28+10:00,2025-04-21T16:49:28+10:00,2025-04-21T16:49:28+10:00,0.0,0,AIDC03,1,1,2025-04-21T16:56:57+10:00,2025-04-21T17:00:00+10:00,0,0,0,0,False,False,False,False,False,COMPLETED
2025-04-21,8545411,2025-04-21T16:49:30+10:00,2025-04-21T16:49:30+10:00,2025-04-21T16:49:30+10:00,0.0,0,AIDC03,1,1,2025-04-21T16:59:47+10:00,2025-04-21T17:00:00+10:00,0,0,0,0,False,False,False,False,False,COMPLETED
2025-04-21,8545412,2025-04-21T16:49:30+10:00,2025-04-21T16:49:30+10:00,2025-04-21T16:49:30+10:00,0.0,0,AIDC03,1,2,2025-04-21T16:53:56+10:00,2025-04-21T17:00:00+10:00,0,0,0,0,False,False,False,False,False,COMPLETED
2025-04-21,8545413,2025-04-21T16:49:32+10:00,2025-04-21T16:49:32+10:00,2025-04-21T16:49:32+10:00,0.0,0,AIDC03,1,1,2025-04-21T17:10:21+10:00,2025-04-21T17:15:00+10:00,0,0,0,0,False,False,False,False,False,COMPLETED
2025-04-21,8545414,2025-04-21T16:49:33+10:00,2025-04-21T16:49:33+10:00,2025-04-21T16:49:33+10:00,0.0,0,AIDC03,1,1,2025-04-21T17:03:19+10:00,2025-04-21T17:15:00+10:00,0,0,0,0,False,False,False,False,False,COMPLETED
2025-04-21,8545415,2025-04-21T16:49:35+10:00,2025-04-21T16:49:35+10:00,2025-04-21T16:49:35+10:00,0.0,0,AIDC03,1,1,2025-04-21T16:57:33+10:00,2025-04-21T17:00:00+10:00,0,0,0,0,False,False,False,False,False,COMPLETED
2025-04-21,8545416,2025-04-21T16:49:37+10:00,2025-04-21T16:49:37+10:00,2025-04-21T16:49:37+10:00,0.0,0,AIDC03,1,1,2025-04-21T17:04:17+10:00,2025-04-21T17:15:00+10:00,0,0,0,0,False,False,False,False,False,COMPLETED
2025-04-21,8545417,2025-04-21T16:49:40+10:00,2025-04-21T16:49:40+10:00,2025-04-21T16:49:40+10:00,0.0,0,AIDC03,1,1,2025-04-21T17:00:45+10:00,2025-04-21T17:15:00+10:00,0,0,0,0,False,False,False,False,False,COMPLETED
2025-04-21,8545418,2025-04-21T16:49:42+10:00,2025-04-21T16:49:42+10:00,2025-04-21T16:49:42+10:00,0.0,0,AIDC03,1,1,2025-04-21T17:00:03+10:00,2025-04-21T17:15:00+10:00,0,0,0,0,False,False,False,False,False,COMPLETED
2025-04-21,8545419,2025-04-21T16:49:45+10:00,2025-04-21T16:49:45+10:00,2025-04-21T16:49:45+10:00,0.0,0,AIDC03,1,1,2025-04-21T17:06:31+10:00,2025-04-21T17:15:00+10:00,0,0,0,0,False,False,False,False,False,COMPLETED
2025-04-21,8545420,2025-04-21T16:49:47+10:00,2025-04-21T16:49:47+10:00,2025-04-21T16:49:47+10:00,0.0,0,AIDC03,1,1,2025-04-21T16:58:25+10:00,2025-04-21T17:00:00+10:00,0,0,0,0,False,False,False,False,False,COMPLETED
2025-04-21,8545421,2025-04-21T16:49:50+10:00,2025-04-21T16:49:50+10:00,2025-04-21T16:49:50+10:00,0.0,0,AIDC03,1,1,2025-04-21T16:58:16+10:00,2025-04-21T17:00:00+10:00,0,0,0,0,False,False,False,False,False,COMPLETED
2025-04-21,8545422,2025-04-21T16:49:52+10:00,2025-04-21T16:49:52+10:00,2025-04-21T16:49:52+10:00,0.0,0,AIDC05,1,1,2025-04-21T16:55:44+10:00,2025-04-21T17:00:00+10:00,0,0,0,0,False,False,False,False,False,COMPLETED
2025-04-21,8545423,2025-04-21T16:49:55+10:00,2025-04-21T16:49:55+10:00,2025-04-21T16:49:55+10:00,0.0,0,AIDC05,1,1,2025-04-21T17:08:29+10:00,2025-04-21T17:15:00+10:00,0,0,0,0,False,False,False,False,False,COMPLETED
2025-04-21,8545424,2025-04-21T16:49:55+10:00,2025-04-21T16:49:55+10:00,2025-04-21T16:49:55+10:00,0.0,0,AIDC05,1,2,2025-04-21T17:07:22+10:00,2025-04-21T17:15:00+10:00,0,0,0,0,False,False,False,False,False,COMPLETED
2025-04-21,8545425,2025-04-21T16:49:57+10:00,2025-04-21T16:49:57+10:00,2025-04-21T16:49:57+10:00,0.0,0,AIDC05,1,1,2025-04-21T16:57:19+10:00,2025-04-21T17:00:00+10:00,0,0,0,0,False,False,False,False,False,COMPLETED
2025-04-21,8545426,2025-04-21T16:50:00+10:00,2025-04-21T16:50:00+10:00,2025-04-21T16:50:00+10:00,0.0,0,AIDC05,1,1,2025-04-21T17:06:39+10:00,2025-04-21T17:15:00+10:00,0,0,0,0,False,False,False,False,False,COMPLETED
2025-04-21,8545427,2025-04-21T16:50:00+10:00,2025-04-21T16:50:00+10:00,2025-04-21T16:50:00+10:00,0.0,0,AIDC05,1,2,2025-04-21T17:00:04+10:00,2025-04-21T17:15:00+10:00,0,0,0,0,False,False,False,False,False,COMPLETED
2025-04-21,8545428,2025-04-21T16:50:02+10:00,2025-04-21T16:50:02+10:00,2025-04-21T16:50:02+10:00,0.0,0,AIDC05,1,1,2025-04-21T16:59:56+10:00,2025-04-21T17:00:00+10:00,0,0,0,0,False,False,False,False,False,COMPLETED
2025-04-21,8545429,2025-04-21T16:50:02+10:00,2025-04-21T16:50:02+10:00,2025-04-21T16:50:02+10:00,0.0,0,AIDC05,1,2,2025-04-21T17:04:46+10:00,2025-04-21T17:15:00+10:00,0,0,0,0,False,False,False,False,False,COMPLETED
2025-04-21,8545430,2025-04-21T16:50:02+10:00,2025-04-21T16:50:02+10:00,2025-04-21T16:50:02+10:00,0.0,0,AIDC05,1,3,2025-04-21T16:57:54+10:00,2025-04-21T17:00:00+10:00,0,0,0,0,False,False,False,False,False,COMPLETED
2025-04-21,8545431,2025-04-21T16:50:03+10:00,2025-04-21T16:50:03+10:00,2025-04-21T16:50:03+10:00,0.0,0,AIDC05,1,1,2025-04-21T16:59:03+10:00,2025-04-21T17:00:00+10:00,0,0,0,0,False,False,False,False,False,COMPLETED
2025-04-21,8545432,2025-04-21T16:50:03+10:00,2025-04-21T16:50:03+10:00,2025-04-21T16:50:03+10:00,0.0,0,AIDC05,1,2,2025-04-21T16:53:50+10:00,2025-04-21T17:00:00+10:00,0,0,0,0,False,False,False,False,False,COMPLETED
2025-04-21,8545433,2025-04-21T16:59:07+10:00,2025-04-21T16:59:07+10:00,2025-04-21T16:59:07+10:00,0.0,0,AIDC05,4,1,,,0,0,0,0,False,False,False,False,True,RUNNING
2025-04-21,8545436,2025-04-21T17:20:42+10:00,2025-04-21T17:20:42+10:00,2025-04-21T17:20:42+10:00,0.0,0,AIDC03,1,1,2025-04-21T21:57:45+10:00,2025-04-21T22:00:00+10:00,0,0,0,0,False,False,False,False,False,COMPLETED
2025-04-21,8545560,2025-04-21T20:05:10+10:00,2025-04-21T20:05:10+10:00,2025-04-21T20:05:10+10:00,0.0,0,AIDC01,4,1,2025-04-21T20:06:07+10:00,2025-04-21T20:15:00+10:00,0,0,0,0,False,False,False,False,False,COMPLETED
2025-04-21,8545562,2025-04-21T20:05:10+10:00,2025-04-21T20:05:10+10:00,2025-04-21T20:05:10+10:00,0.0,0,AIDC03,4,2,2025-04-21T20:06:07+10:00,2025-04-21T20:15:00+10:00,0,0,0,0,False,False,False,False,False,COMPLETED
2025-04-21,8545569,2025-04-21T20:05:11+10:00,2025-04-21T20:05:11+10:00,2025-04-21T20:05:11+10:00,0.0,0,AIDC03,4,1,2025-04-21T20:06:09+10:00,2025-04-21T20:15:00+10:00,0,0,0,0,False,False,False,False,False,COMPLETED
2025-04-21,8545571,2025-04-21T20:05:11+10:00,2025-04-21T20:05:11+10:00,2025-04-21T20:05:11+10:00,0.0,0,AIDC03,4,2,2025-04-21T20:06:06+10:00,2025-04-21T20:15:00+10:00,0,0,0,0,False,False,False,False,False,COMPLETED
2025-04-21,8545572,2025-04-21T20:05:11+10:00,2025-04-21T20:05:11+10:00,2025-04-21T20:05:11+10:00,0.0,0,AIDC03,4,3,2025-04-21T20:06:07+10:00,2025-04-21T20:15:00+10:00,0,0,0,0,False,False,False,False,False,COMPLETED
2025-04-21,8545577,2025-04-21T20:05:14+10:00,2025-04-21T20:05:14+10:00,2025-04-21T20:05:14+10:00,0.0,0,AIDC05,4,1,2025-04-21T20:06:08+10:00,2025-04-21T20:15:00+10:00,0,0,0,0,False,False,False,False,False,COMPLETED
2025-04-21,8545580,2025-04-21T20:05:16+10:00,2025-04-21T20:05:16+10:00,2025-04-21T20:05:16+10:00,0.0,0,AIDC05,4,1,2025-04-21T20:06:11+10:00,2025-04-21T20:15:00+10:00,0,0,0,0,False,False,False,False,False,COMPLETED
2025-04-21,8545581,2025-04-21T20:05:16+10:00,2025-04-21T20:05:16+10:00,2025-04-21T20:05:16+10:00,0.0,0,AIDC05,4,2,2025-04-21T20:06:13+10:00,2025-04-21T20:15:00+10:00,0,0,0,0,False,False,False,False,False,COMPLETED
2025-04-21,8545583,2025-04-21T20:05:16+10:00,2025-04-21T20:05:16+10:00,2025-04-21T20:05:16+10:00,0.0,0,AIDC05,4,3,2025-04-21T20:06:12+10:00,2025-04-21T20:15:00+10:00,0,0,0,0,False,False,False,False,False,COMPLETED
2025-04-21,8545593,2025-04-21T20:05:24+10:00,2025-04-21T20:05:24+10:00,2025-04-21T20:05:24+10:00,0.0,0,AIDC05,4,1,2025-04-21T20:06:19+10:00,2025-04-21T20:15:00+10:00,0,0,0,0,False,False,False,False,False,COMPLETED
2025-04-21,8545594,2025-04-21T20:05:24+10:00,2025-04-21T20:05:24+10:00,2025-04-21T20:05:24+10:00,0.0,0,AIDC05,4,2,2025-04-21T20:06:19+10:00,2025-04-21T20:15:00+10:00,0,0,0,0,False,False,False,False,False,COMPLETED
2025-04-21,8545601,2025-04-21T20:05:29+10:00,2025-04-21T20:05:29+10:00,2025-04-21T20:05:29+10:00,0.0,0,AIDC05,4,1,2025-04-21T20:06:24+10:00,2025-04-21T20:15:00+10:00,0,0,0,0,False,False,False,False,False,COMPLETED
2025-04-21,8545613,2025-04-21T20:05:41+10:00,2025-04-21T20:05:41+10:00,2025-04-21T20:05:41+10:00,0.0,0,AIDC05,4,1,2025-04-21T20:06:38+10:00,2025-04-21T20:15:00+10:00,0,0,0,0,False,False,False,False,False,COMPLETED
2025-04-21,8545616,2025-04-21T20:05:42+10:00,2025-04-21T20:05:42+10:00,2025-04-21T20:05:42+10:00,0.0,0,AIDC05,4,1,2025-04-21T20:06:37+10:00,2025-04-21T20:15:00+10:00,0,0,0,0,False,False,False,False,False,COMPLETED
2025-04-21,8545618,2025-04-21T20:05:46+10:00,2025-04-21T20:05:46+10:00,2025-04-21T20:05:46+10:00,0.0,0,AIDC05,4,1,2025-04-21T20:06:43+10:00,2025-04-21T20:15:00+10:00,0,0,0,0,False,False,False,False,False,COMPLETED
2025-04-21,8545620,2025-04-21T20:05:46+10:00,2025-04-21T20:05:46+10:00,2025-04-21T20:05:46+10:00,0.0,0,AIDC05,4,2,2025-04-21T20:06:41+10:00,2025-04-21T20:15:00+10:00,0,0,0,0,False,False,False,False,False,COMPLETED
2025-04-21,8545622,2025-04-21T20:05:49+10:00,2025-04-21T20:05:49+10:00,2025-04-21T20:05:49+10:00,0.0,0,AIDC05,4,1,2025-04-21T20:06:44+10:00,2025-04-21T20:15:00+10:00,0,0,0,0,False,False,False,False,False,COMPLETED
2025-04-21,8545623,2025-04-21T20:05:51+10:00,2025-04-21T20:05:51+10:00,2025-04-21T20:05:51+10:00,0.0,0,AIDC05,4,1,2025-04-21T20:06:48+10:00,2025-04-21T20:15:00+10:00,0,0,0,0,False,False,False,False,False,COMPLETED
2025-04-21,8545624,2025-04-21T20:05:51+10:00,2025-04-21T20:05:51+10:00,2025-04-21T20:05:51+10:00,0.0,0,AIDC05,4,2,2025-04-21T20:06:50+10:00,2025-04-21T20:15:00+10:00,0,0,0,0,False,False,False,False,False,COMPLETED
2025-04-21,8545627,2025-04-21T20:05:54+10:00,2025-04-21T20:05:54+10:00,2025-04-21T20:05:54+10:00,0.0,0,AIDC05,4,1,2025-04-21T20:06:51+10:00,2025-04-21T20:15:00+10:00,0,0,0,0,False,False,False,False,False,COMPLETED
2025-04-21,8545629,2025-04-21T20:05:56+10:00,2025-04-21T20:05:56+10:00,2025-04-21T20:05:56+10:00,0.0,0,AIDC05,4,1,2025-04-21T20:06:53+10:00,2025-04-21T20:15:00+10:00,0,0,0,0,False,False,False,False,False,COMPLETED
2025-04-21,8545630,2025-04-21T20:05:56+10:00,2025-04-21T20:05:56+10:00,2025-04-21T20:05:56+10:00,0.0,0,AIDC05,4,2,2025-04-21T20:06:51+10:00,2025-04-21T20:15:00+10:00,0,0,0,0,False,False,False,False,False,COMPLETED
2025-04-21,8545632,2025-04-21T20:05:57+10:00,2025-04-21T20:05:57+10:00,2025-04-21T20:05:57+10:00,0.0,0,AIDC05,4,1,2025-04-21T20:06:54+10:00,2025-04-21T20:15:00+10:00,0,0,0,0,False,False,False,False,False,COMPLETED
2025-04-21,8545633,2025-04-21T20:05:59+10:00,2025-04-21T20:05:59+10:00,2025-04-21T20:05:59+10:00,0.0,0,AIDC05,4,1,2025-04-21T20:06:56+10:00,2025-04-21T20:15:00+10:00,0,0,0,0,False,False,False,False,False,COMPLETED
2025-04-21,8545635,2025-04-21T20:06:06+10:00,2025-04-21T20:06:06+10:00,2025-04-21T20:06:06+10:00,0.0,0,AIDC05,4,1,2025-04-21T20:07:04+10:00,2025-04-21T20:15:00+10:00,0,0,0,0,False,False,False,False,False,COMPLETED
2025-04-21,8545638,2025-04-21T20:06:07+10:00,2025-04-21T20:06:07+10:00,2025-04-21T20:06:07+10:00,0.0,0,AIDC06,4,1,2025-04-21T20:07:05+10:00,2025-04-21T20:15:00+10:00,0,0,0,0,False,False,False,False,False,COMPLETED
2025-04-21,8545639,2025-04-21T20:06:09+10:00,2025-04-21T20:06:09+10:00,2025-04-21T20:06:09+10:00,0.0,0,AIDC06,4,1,2025-04-21T20:07:07+10:00,2025-04-21T20:15:00+10:00,0,0,0,0,False,False,False,False,False,COMPLETED
2025-04-21,8545640,2025-04-21T20:06:11+10:00,2025-04-21T20:06:11+10:00,2025-04-21T20:06:11+10:00,0.0,0,AIDC06,4,1,2025-04-21T20:07:05+10:00,2025-04-21T20:15:00+10:00,0,0,0,0,False,False,False,False,False,COMPLETED
2025-04-21,8545641,2025-04-21T20:06:11+10:00,2025-04-21T20:06:11+10:00,2025-04-21T20:06:11+10:00,0.0,0,AIDC06,4,2,2025-04-21T20:07:09+10:00,2025-04-21T20:15:00+10:00,0,0,0,0,False,False,False,False,False,COMPLETED
2025-04-21,8545643,2025-04-21T20:06:12+10:00,2025-04-21T20:06:12+10:00,2025-04-21T20:06:12+10:00,0.0,0,AIDC06,4,1,2025-04-21T20:07:08+10:00,2025-04-21T20:15:00+10:00,0,0,0,0,False,False,False,False,False,COMPLETED
2025-04-21,8545647,2025-04-21T20:06:16+10:00,2025-04-21T20:06:16+10:00,2025-04-21T20:06:16+10:00,0.0,0,AIDC06,4,1,2025-04-21T20:07:12+10:00,2025-04-21T20:15:00+10:00,0,0,0,0,False,False,False,False,False,COMPLETED
2025-04-21,8545650,2025-04-21T20:06:19+10:00,2025-04-21T20:06:19+10:00,2025-04-21T20:06:19+10:00,0.0,0,AIDC06,4,1,2025-04-21T20:07:16+10:00,2025-04-21T20:15:00+10:00,0,0,0,0,False,False,False,False,False,COMPLETED
2025-04-21,8545652,2025-04-21T20:06:21+10:00,2025-04-21T20:06:21+10:00,2025-04-21T20:06:21+10:00,0.0,0,AIDC06,4,1,2025-04-21T20:07:18+10:00,2025-04-21T20:15:00+10:00,0,0,0,0,False,False,False,False,False,COMPLETED
2025-04-21,8545653,2025-04-21T20:06:21+10:00,2025-04-21T20:06:21+10:00,2025-04-21T20:06:21+10:00,0.0,0,AIDC06,4,2,2025-04-21T20:07:16+10:00,2025-04-21T20:15:00+10:00,0,0,0,0,False,False,False,False,False,COMPLETED
2025-04-21,8545655,2025-04-21T20:06:24+10:00,2025-04-21T20:06:24+10:00,2025-04-21T20:06:24+10:00,0.0,0,AIDC06,4,1,2025-04-21T20:07:22+10:00,2025-04-21T20:15:00+10:00,0,0,0,0,False,False,False,False,False,COMPLETED
2025-04-21,8545656,2025-04-21T20:06:26+10:00,2025-04-21T20:06:26+10:00,2025-04-21T20:06:26+10:00,0.0,0,AIDC06,4,1,2025-04-21T20:07:24+10:00,2025-04-21T20:15:00+10:00,0,0,0,0,False,False,False,False,False,COMPLETED
2025-04-21,8545657,2025-04-21T20:06:26+10:00,2025-04-21T20:06:26+10:00,2025-04-21T20:06:26+10:00,0.0,0,AIDC06,4,2,2025-04-21T20:07:21+10:00,2025-04-21T20:15:00+10:00,0,0,0,0,False,False,False,False,False,COMPLETED
2025-04-21,8545658,2025-04-21T20:06:26+10:00,2025-04-21T20:06:26+10:00,2025-04-21T20:06:26+10:00,0.0,0,AIDC06,4,3,2025-04-21T20:07:21+10:00,2025-04-21T20:15:00+10:00,0,0,0,0,False,False,False,False,False,COMPLETED
2025-04-21,8545659,2025-04-21T20:06:27+10:00,2025-04-21T20:06:27+10:00,2025-04-21T20:06:27+10:00,0.0,0,AIDC06,4,1,2025-04-21T20:07:23+10:00,2025-04-21T20:15:00+10:00,0,0,0,0,False,False,False,False,False,COMPLETED
2025-04-21,8545660,2025-04-21T20:06:27+10:00,2025-04-21T20:06:27+10:00,2025-04-21T20:06:27+10:00,0.0,0,AIDC06,4,2,2025-04-21T20:07:19+10:00,2025-04-21T20:15:00+10:00,0,0,0,0,False,False,False,False,False,COMPLETED
2025-04-21,8545661,2025-04-21T20:06:29+10:00,2025-04-21T20:06:29+10:00,2025-04-21T20:06:29+10:00,0.0,0,AIDC06,4,1,2025-04-21T20:07:21+10:00,2025-04-21T20:15:00+10:00,0,0,0,0,False,False,False,False,False,COMPLETED
2025-04-21,8545662,2025-04-21T20:06:31+10:00,2025-04-21T20:06:31+10:00,2025-04-21T20:06:31+10:00,0.0,0,AIDC06,4,1,2025-04-21T20:07:26+10:00,2025-04-21T20:15:00+10:00,0,0,0,0,False,False,False,False,False,COMPLETED
2025-04-21,8545668,2025-04-21T20:06:36+10:00,2025-04-21T20:06:36+10:00,2025-04-21T20:06:36+10:00,0.0,0,AIDC06,4,1,2025-04-21T22:07:00+10:00,2025-04-21T22:15:00+10:00,0,0,0,0,False,False,False,False,False,COMPLETED
2025-04-21,8545669,2025-04-21T20:06:36+10:00,2025-04-21T20:06:36+10:00,2025-04-21T20:06:36+10:00,0.0,0,AIDC06,4,2,2025-04-21T20:07:30+10:00,2025-04-21T20:15:00+10:00,0,0,0,0,False,False,False,False,False,COMPLETED
2025-04-21,8545671,2025-04-21T20:06:37+10:00,2025-04-21T20:06:37+10:00,2025-04-21T20:06:37+10:00,0.0,0,AIDC07,4,1,2025-04-21T20:07:30+10:00,2025-04-21T20:15:00+10:00,0,0,0,0,False,False,False,False,False,COMPLETED
2025-04-21,8545673,2025-04-21T20:06:41+10:00,2025-04-21T20:06:41+10:00,2025-04-21T20:06:41+10:00,0.0,0,AIDC07,4,1,2025-04-21T20:07:34+10:00,2025-04-21T20:15:00+10:00,0,0,0,0,False,False,False,False,False,COMPLETED
2025-04-21,8545675,2025-04-21T20:06:42+10:00,2025-04-21T20:06:42+10:00,2025-04-21T20:06:42+10:00,0.0,0,AIDC07,4,1,2025-04-21T20:07:37+10:00,2025-04-21T20:15:00+10:00,0,0,0,0,False,False,False,False,False,COMPLETED
2025-04-21,8545676,2025-04-21T20:06:44+10:00,2025-04-21T20:06:44+10:00,2025-04-21T20:06:44+10:00,0.0,0,AIDC07,4,1,2025-04-21T20:07:39+10:00,2025-04-21T20:15:00+10:00,0,0,0,0,False,False,False,False,False,COMPLETED
2025-04-21,8545684,2025-04-21T20:06:49+10:00,2025-04-21T20:06:49+10:00,2025-04-21T20:06:49+10:00,0.0,0,AIDC08,4,1,2025-04-21T20:07:44+10:00,2025-04-21T20:15:00+10:00,0,0,0,0,False,False,False,False,False,COMPLETED
2025-04-21,8545685,2025-04-21T20:06:49+10:00,2025-04-21T20:06:49+10:00,2025-04-21T20:06:49+10:00,0.0,0,AIDC08,4,2,2025-04-21T20:07:46+10:00,2025-04-21T20:15:00+10:00,0,0,0,0,False,False,False,False,False,COMPLETED
2025-04-21,8545687,2025-04-21T20:06:51+10:00,2025-04-21T20:06:51+10:00,2025-04-21T20:06:51+10:00,0.0,0,AIDC08,4,1,2025-04-21T20:07:46+10:00,2025-04-21T20:15:00+10:00,0,0,0,0,False,False,False,False,False,COMPLETED
2025-04-21,8545688,2025-04-21T20:07:01+10:00,2025-04-21T20:07:01+10:00,2025-04-21T20:07:01+10:00,0.0,0,AIDC08,4,1,2025-04-21T20:07:56+10:00,2025-04-21T20:15:00+10:00,0,0,0,0,False,False,False,False,False,COMPLETED
2025-04-21,8545689,2025-04-21T20:07:01+10:00,2025-04-21T20:07:01+10:00,2025-04-21T20:07:01+10:00,0.0,0,AIDC08,4,2,2025-04-21T20:07:59+10:00,2025-04-21T20:15:00+10:00,0,0,0,0,False,False,False,False,False,COMPLETED
2025-04-21,8545690,2025-04-21T20:07:04+10:00,2025-04-21T20:07:04+10:00,2025-04-21T20:07:04+10:00,0.0,0,AIDC08,4,1,2025-04-21T20:07:59+10:00,2025-04-21T20:15:00+10:00,0,0,0,0,False,False,False,False,False,COMPLETED
2025-04-21,8545694,2025-04-21T20:07:04+10:00,2025-04-21T20:07:04+10:00,2025-04-21T20:07:04+10:00,0.0,0,AIDC08,4,2,2025-04-21T20:07:59+10:00,2025-04-21T20:15:00+10:00,0,0,0,0,False,False,False,False,False,COMPLETED
2025-04-21,8545696,2025-04-21T20:07:09+10:00,2025-04-21T20:07:09+10:00,2025-04-21T20:07:09+10:00,0.0,0,AIDC08,4,1,2025-04-21T20:08:06+10:00,2025-04-21T20:15:00+10:00,0,0,0,0,False,False,False,False,False,COMPLETED
2025-04-21,8545697,2025-04-21T20:07:09+10:00,2025-04-21T20:07:09+10:00,2025-04-21T20:07:09+10:00,0.0,0,AIDC08,4,2,2025-04-21T20:08:04+10:00,2025-04-21T20:15:00+10:00,0,0,0,0,False,False,False,False,False,COMPLETED
2025-04-21,8545699,2025-04-21T20:07:09+10:00,2025-04-21T20:07:09+10:00,2025-04-21T20:07:09+10:00,0.0,0,AIDC08,4,3,2025-04-21T20:08:04+10:00,2025-04-21T20:15:00+10:00,0,0,0,0,False,False,False,False,False,COMPLETED
2025-04-21,8545700,2025-04-21T20:07:11+10:00,2025-04-21T20:07:11+10:00,2025-04-21T20:07:11+10:00,0.0,0,AIDC08,4,1,2025-04-21T20:08:09+10:00,2025-04-21T20:15:00+10:00,0,0,0,0,False,False,False,False,False,COMPLETED
2025-04-21,8545701,2025-04-21T20:07:14+10:00,2025-04-21T20:07:14+10:00,2025-04-21T20:07:14+10:00,0.0,0,AIDC08,4,1,2025-04-21T20:08:11+10:00,2025-04-21T20:15:00+10:00,0,0,0,0,False,False,False,False,False,COMPLETED
2025-04-21,8545717,2025-04-21T21:13:48+10:00,2025-04-21T21:13:48+10:00,2025-04-21T21:13:48+10:00,0.0,0,AIDC01,1,1,,,0,0,0,0,False,False,False,False,True,RUNNING
2025-04-21,8545718,2025-04-21T21:15:10+10:00,2025-04-21T21:15:10+10:00,2025-04-21T21:15:10+10:00,0.0,0,AIDC01,1,1,2025-04-21T21:16:52+10:00,2025-04-21T21:30:00+10:00,0,0,0,0,False,False,False,False,False,COMPLETED
2025-04-21,8545720,2025-04-21T21:19:12+10:00,2025-04-21T21:19:12+10:00,2025-04-21T21:19:12+10:00,0.0,0,AIDC01,1,1,2025-04-21T21:20:47+10:00,2025-04-21T21:30:00+10:00,0,0,0,0,False,False,False,False,False,COMPLETED
2025-04-21,8545723,2025-04-21T21:33:19+10:00,2025-04-21T21:33:19+10:00,2025-04-21T21:33:19+10:00,0.0,0,AIDC01,1,1,2025-04-21T21:34:54+10:00,2025-04-21T21:45:00+10:00,0,0,0,0,False,False,False,False,False,COMPLETED
2025-04-21,8545724,2025-04-21T21:38:35+10:00,2025-04-21T21:38:35+10:00,2025-04-21T21:38:35+10:00,0.0,0,AIDC01,1,1,2025-04-21T21:40:08+10:00,2025-04-21T21:45:00+10:00,0,0,0,0,False,False,False,False,False,COMPLETED
2025-04-21,8545731,2025-04-21T21:47:47+10:00,2025-04-21T21:47:47+10:00,2025-04-21T21:47:47+10:00,0.0,0,AIDC01,1,1,2025-04-21T21:49:22+10:00,2025-04-21T22:00:00+10:00,0,0,0,0,False,False,False,False,False,COMPLETED
2025-04-21,8545732,2025-04-21T21:48:35+10:00,2025-04-21T21:48:35+10:00,2025-04-21T21:48:35+10:00,0.0,0,AIDC01,1,1,2025-04-21T21:50:15+10:00,2025-04-21T22:00:00+10:00,0,0,0,0,False,False,False,False,False,COMPLETED
2025-04-21,8545735,2025-04-21T21:52:43+10:00,2025-04-21T21:52:43+10:00,2025-04-21T21:52:43+10:00,0.0,0,AIDC01,1,1,2025-04-21T21:54:16+10:00,2025-04-21T22:00:00+10:00,0,0,0,0,False,False,False,False,False,COMPLETED
2025-04-21,8545736,2025-04-21T21:55:39+10:00,2025-04-21T21:55:39+10:00,2025-04-21T21:55:39+10:00,0.0,0,AIDC03,1,1,2025-04-21T21:57:14+10:00,2025-04-21T22:00:00+10:00,0,0,0,0,False,False,False,False,False,COMPLETED
2025-04-21,8545737,2025-04-21T22:00:57+10:00,2025-04-21T22:00:57+10:00,2025-04-21T22:00:57+10:00,0.0,0,AIDC01,1,1,2025-04-21T22:02:33+10:00,2025-04-21T22:15:00+10:00,0,0,0,0,False,False,False,False,False,COMPLETED
2025-04-21,8545739,2025-04-21T22:02:53+10:00,2025-04-21T22:02:53+10:00,2025-04-21T22:02:53+10:00,0.0,0,AIDC01,1,1,2025-04-21T22:07:04+10:00,2025-04-21T22:15:00+10:00,0,0,0,0,False,False,False,False,False,COMPLETED
2025-04-21,8545743,2025-04-21T22:04:05+10:00,2025-04-21T22:04:05+10:00,2025-04-21T22:04:05+10:00,0.0,0,AIDC01,1,1,,,0,0,0,0,False,False,False,False,True,RUNNING
2025-04-21,8545746,2025-04-21T22:07:23+10:00,2025-04-21T22:07:23+10:00,2025-04-21T22:07:23+10:00,0.0,0,AIDC03,1,1,2025-04-21T22:08:56+10:00,2025-04-21T22:15:00+10:00,0,0,0,0,False,False,False,False,False,COMPLETED
2025-04-21,8545749,2025-04-21T22:13:59+10:00,2025-04-21T22:13:59+10:00,2025-04-21T22:13:59+10:00,0.0,0,AIDC03,1,1,2025-04-21T22:14:13+10:00,2025-04-21T22:15:00+10:00,0,0,0,0,False,False,False,False,False,COMPLETED
2025-04-21,8545750,2025-04-21T22:19:27+10:00,2025-04-21T22:19:27+10:00,2025-04-21T22:19:27+10:00,0.0,0,AIDC01,1,1,2025-04-21T22:19:40+10:00,2025-04-21T22:30:00+10:00,0,0,0,0,False,False,False,False,False,COMPLETED
2025-04-21,8545752,2025-04-21T22:24:30+10:00,2025-04-21T22:24:30+10:00,2025-04-21T22:24:30+10:00,0.0,0,AIDC01,1,1,2025-04-21T22:26:05+10:00,2025-04-21T22:30:00+10:00,0,0,0,0,False,False,False,False,False,COMPLETED
2025-04-21,8545755,2025-04-21T22:29:42+10:00,2025-04-21T22:29:42+10:00,2025-04-21T22:29:42+10:00,0.0,0,AIDC03,1,1,2025-04-21T22:31:15+10:00,2025-04-21T22:45:00+10:00,0,0,0,0,False,False,False,False,False,COMPLETED
2025-04-21,8545760,2025-04-21T22:46:37+10:00,2025-04-21T22:46:37+10:00,2025-04-21T22:46:37+10:00,0.0,0,AIDC01,1,1,2025-04-21T22:48:12+10:00,2025-04-21T23:00:00+10:00,0,0,0,0,False,False,False,False,False,COMPLETED
2025-04-21,8545761,2025-04-21T22:54:37+10:00,2025-04-21T22:54:37+10:00,2025-04-21T22:54:37+10:00,0.0,0,AIDC01,1,1,2025-04-21T23:01:13+10:00,2025-04-21T23:15:00+10:00,0,0,0,0,False,False,False,False,False,COMPLETED
2025-04-21,8545764,2025-04-21T23:00:20+10:00,2025-04-21T23:00:20+10:00,2025-04-21T23:00:20+10:00,0.0,0,AIDC03,4,1,,,0,0,0,0,False,False,False,False,True,RUNNING
2025-04-21,8545783,2025-04-21T23:39:39+10:00,2025-04-21T23:39:39+10:00,2025-04-21T23:39:39+10:00,0.0,0,AIDC01,1,1,,,0,0,0,0,False,False,False,False,True,RUNNING
2025-04-21,8545786,2025-04-21T23:57:39+10:00,2025-04-21T23:57:39+10:00,2025-04-21T23:57:39+10:00,0.0,0,AIDC03,4,1,,,0,0,0,0,False,False,False,False,True,RUNNING
