
Gurobi 13.0.2 (win64) logging started Fri Oct  2 10:03:21 2026

Set parameter LogFile to value "C:\Users\kjw39\Documents\Codex\2026-10-02\mess-benders-v2-native-recourse\worktree\docs\v42_mess_benders_v2_native_recourse\RAW_FINAL\L\phase1\raw_solver.log"
Set parameter Threads to value 1
Set parameter Seed to value 20260929
Set parameter Method to value 1
Set parameter NodeMethod to value 1
Set parameter FeasibilityTol to value 1e-07
Set parameter OptimalityTol to value 1e-07
Set parameter IntFeasTol to value 1e-07
Set parameter NumericFocus to value 1
Set parameter InfUnbdInfo to value 1
Set parameter DualReductions to value 0
Set parameter SoftMemLimit to value 12
Set parameter MIPGap to value 0
Set parameter TimeLimit to value 60
Set parameter TimeLimit to value 30
Gurobi Optimizer version 13.0.2 build v13.0.2rc1 (win64 - Windows 11+.0 (26200.2))

CPU model: 13th Gen Intel(R) Core(TM) i7-13620H, instruction set [SSE2|AVX|AVX2]
Thread count: 10 physical cores, 16 logical processors, using up to 1 threads

Non-default parameters:
TimeLimit  30
SoftMemLimit  12
FeasibilityTol  1e-07
IntFeasTol  1e-07
MIPGap  0
OptimalityTol  1e-07
Method  1
NodeMethod  1
DualReductions  0
InfUnbdInfo  1
LogToConsole  0
NumericFocus  1
Seed  20260929
Threads  1

Optimize a model with 85 rows, 106 columns and 297 nonzeros (Min)
Model fingerprint: 0x733a5339
Model has 93 linear objective coefficients
Coefficient statistics:
  Matrix range     [5e-04, 1e+00]
  Objective range  [3e-02, 1e+00]
  Bounds range     [2e+01, 2e+01]
  RHS range        [4e-02, 2e+01]

Presolve time: 0.00s
Presolved: 69 rows, 102 columns, 237 nonzeros

Iteration    Objective       Primal Inf.    Dual Inf.      Time
       0    2.0000000e+00   2.535523e+02   0.000000e+00      0s
       5    2.0000000e+00   0.000000e+00   0.000000e+00      0s

Solved in 5 iterations and 0.00 seconds (0.00 work units)
Optimal objective  2.000000000e+00

User-callback calls 65, time in user-callback 0.00 sec
Set parameter TimeLimit to value 30
Gurobi Optimizer version 13.0.2 build v13.0.2rc1 (win64 - Windows 11+.0 (26200.2))

CPU model: 13th Gen Intel(R) Core(TM) i7-13620H, instruction set [SSE2|AVX|AVX2]
Thread count: 10 physical cores, 16 logical processors, using up to 1 threads

Non-default parameters:
TimeLimit  30
SoftMemLimit  12
FeasibilityTol  1e-07
IntFeasTol  1e-07
MIPGap  0
OptimalityTol  1e-07
Method  1
NodeMethod  1
DualReductions  0
InfUnbdInfo  1
LogToConsole  0
NumericFocus  1
Seed  20260929
Threads  1

Optimize a model with 85 rows, 106 columns and 297 nonzeros (Min)
Model has 93 linear objective coefficients
Coefficient statistics:
  Matrix range     [5e-04, 1e+00]
  Objective range  [3e-02, 1e+00]
  Bounds range     [2e+01, 2e+01]
  RHS range        [4e-02, 2e+01]

LP warm-start: use basis

Iteration    Objective       Primal Inf.    Dual Inf.      Time
       0    2.0000000e+00   0.000000e+00   0.000000e+00      0s

Solved in 0 iterations and 0.00 seconds (0.00 work units)
Optimal objective  2.000000000e+00

User-callback calls 38, time in user-callback 0.00 sec
Set parameter TimeLimit to value 30
Gurobi Optimizer version 13.0.2 build v13.0.2rc1 (win64 - Windows 11+.0 (26200.2))

CPU model: 13th Gen Intel(R) Core(TM) i7-13620H, instruction set [SSE2|AVX|AVX2]
Thread count: 10 physical cores, 16 logical processors, using up to 1 threads

Non-default parameters:
TimeLimit  30
SoftMemLimit  12
FeasibilityTol  1e-07
IntFeasTol  1e-07
MIPGap  0
OptimalityTol  1e-07
Method  1
NodeMethod  1
DualReductions  0
InfUnbdInfo  1
LogToConsole  0
NumericFocus  1
Seed  20260929
Threads  1

Optimize a model with 85 rows, 106 columns and 297 nonzeros (Min)
Model has 93 linear objective coefficients
Coefficient statistics:
  Matrix range     [5e-04, 1e+00]
  Objective range  [3e-02, 1e+00]
  Bounds range     [2e+01, 2e+01]
  RHS range        [4e-02, 2e+01]

LP warm-start: use basis

Iteration    Objective       Primal Inf.    Dual Inf.      Time
       0    2.0000000e+00   0.000000e+00   0.000000e+00      0s

Solved in 0 iterations and 0.00 seconds (0.00 work units)
Optimal objective  2.000000000e+00

User-callback calls 38, time in user-callback 0.00 sec
Set parameter TimeLimit to value 30
Gurobi Optimizer version 13.0.2 build v13.0.2rc1 (win64 - Windows 11+.0 (26200.2))

CPU model: 13th Gen Intel(R) Core(TM) i7-13620H, instruction set [SSE2|AVX|AVX2]
Thread count: 10 physical cores, 16 logical processors, using up to 1 threads

Non-default parameters:
TimeLimit  30
SoftMemLimit  12
FeasibilityTol  1e-07
IntFeasTol  1e-07
MIPGap  0
OptimalityTol  1e-07
Method  1
NodeMethod  1
DualReductions  0
InfUnbdInfo  1
LogToConsole  0
NumericFocus  1
Seed  20260929
Threads  1

Optimize a model with 85 rows, 106 columns and 297 nonzeros (Min)
Model has 93 linear objective coefficients
Coefficient statistics:
  Matrix range     [5e-04, 1e+00]
  Objective range  [3e-02, 1e+00]
  Bounds range     [2e+01, 2e+01]
  RHS range        [4e-02, 2e+01]

LP warm-start: use basis

Iteration    Objective       Primal Inf.    Dual Inf.      Time
       0    2.0000000e+00   0.000000e+00   0.000000e+00      0s

Solved in 0 iterations and 0.00 seconds (0.00 work units)
Optimal objective  2.000000000e+00

User-callback calls 38, time in user-callback 0.00 sec
Set parameter TimeLimit to value 30
Gurobi Optimizer version 13.0.2 build v13.0.2rc1 (win64 - Windows 11+.0 (26200.2))

CPU model: 13th Gen Intel(R) Core(TM) i7-13620H, instruction set [SSE2|AVX|AVX2]
Thread count: 10 physical cores, 16 logical processors, using up to 1 threads

Non-default parameters:
TimeLimit  30
SoftMemLimit  12
FeasibilityTol  1e-07
IntFeasTol  1e-07
MIPGap  0
OptimalityTol  1e-07
Method  1
NodeMethod  1
DualReductions  0
InfUnbdInfo  1
LogToConsole  0
NumericFocus  1
Seed  20260929
Threads  1

Optimize a model with 85 rows, 106 columns and 297 nonzeros (Min)
Model has 93 linear objective coefficients
Coefficient statistics:
  Matrix range     [5e-04, 1e+00]
  Objective range  [3e-02, 1e+00]
  Bounds range     [2e+01, 2e+01]
  RHS range        [4e-02, 2e+01]

LP warm-start: use basis

Iteration    Objective       Primal Inf.    Dual Inf.      Time
       0    0.0000000e+00   3.000000e+00   0.000000e+00      0s
       8    2.2500000e+00   0.000000e+00   0.000000e+00      0s

Solved in 8 iterations and 0.00 seconds (0.00 work units)
Optimal objective  2.250000000e+00

User-callback calls 47, time in user-callback 0.00 sec
Set parameter TimeLimit to value 30
Gurobi Optimizer version 13.0.2 build v13.0.2rc1 (win64 - Windows 11+.0 (26200.2))

CPU model: 13th Gen Intel(R) Core(TM) i7-13620H, instruction set [SSE2|AVX|AVX2]
Thread count: 10 physical cores, 16 logical processors, using up to 1 threads

Non-default parameters:
TimeLimit  30
SoftMemLimit  12
FeasibilityTol  1e-07
IntFeasTol  1e-07
MIPGap  0
OptimalityTol  1e-07
Method  1
NodeMethod  1
DualReductions  0
InfUnbdInfo  1
LogToConsole  0
NumericFocus  1
Seed  20260929
Threads  1

Optimize a model with 85 rows, 106 columns and 297 nonzeros (Min)
Model has 93 linear objective coefficients
Coefficient statistics:
  Matrix range     [5e-04, 1e+00]
  Objective range  [3e-02, 1e+00]
  Bounds range     [2e+01, 2e+01]
  RHS range        [4e-02, 2e+01]

LP warm-start: use basis

Iteration    Objective       Primal Inf.    Dual Inf.      Time
       0    2.2500000e+00   0.000000e+00   0.000000e+00      0s

Solved in 0 iterations and 0.00 seconds (0.00 work units)
Optimal objective  2.250000000e+00

User-callback calls 38, time in user-callback 0.00 sec
Set parameter TimeLimit to value 30
Gurobi Optimizer version 13.0.2 build v13.0.2rc1 (win64 - Windows 11+.0 (26200.2))

CPU model: 13th Gen Intel(R) Core(TM) i7-13620H, instruction set [SSE2|AVX|AVX2]
Thread count: 10 physical cores, 16 logical processors, using up to 1 threads

Non-default parameters:
TimeLimit  30
SoftMemLimit  12
FeasibilityTol  1e-07
IntFeasTol  1e-07
MIPGap  0
OptimalityTol  1e-07
Method  1
NodeMethod  1
DualReductions  0
InfUnbdInfo  1
LogToConsole  0
NumericFocus  1
Seed  20260929
Threads  1

Optimize a model with 85 rows, 106 columns and 297 nonzeros (Min)
Model has 93 linear objective coefficients
Coefficient statistics:
  Matrix range     [5e-04, 1e+00]
  Objective range  [3e-02, 1e+00]
  Bounds range     [2e+01, 2e+01]
  RHS range        [4e-02, 2e+01]

LP warm-start: use basis

Iteration    Objective       Primal Inf.    Dual Inf.      Time
       0    2.2500000e+00   0.000000e+00   0.000000e+00      0s

Solved in 0 iterations and 0.00 seconds (0.00 work units)
Optimal objective  2.250000000e+00

User-callback calls 38, time in user-callback 0.00 sec
Set parameter TimeLimit to value 30
Gurobi Optimizer version 13.0.2 build v13.0.2rc1 (win64 - Windows 11+.0 (26200.2))

CPU model: 13th Gen Intel(R) Core(TM) i7-13620H, instruction set [SSE2|AVX|AVX2]
Thread count: 10 physical cores, 16 logical processors, using up to 1 threads

Non-default parameters:
TimeLimit  30
SoftMemLimit  12
FeasibilityTol  1e-07
IntFeasTol  1e-07
MIPGap  0
OptimalityTol  1e-07
Method  1
NodeMethod  1
DualReductions  0
InfUnbdInfo  1
LogToConsole  0
NumericFocus  1
Seed  20260929
Threads  1

Optimize a model with 85 rows, 106 columns and 297 nonzeros (Min)
Model has 93 linear objective coefficients
Coefficient statistics:
  Matrix range     [5e-04, 1e+00]
  Objective range  [3e-02, 1e+00]
  Bounds range     [2e+01, 2e+01]
  RHS range        [4e-02, 2e+01]

LP warm-start: use basis

Iteration    Objective       Primal Inf.    Dual Inf.      Time
       0    2.2500000e+00   0.000000e+00   0.000000e+00      0s

Solved in 0 iterations and 0.00 seconds (0.00 work units)
Optimal objective  2.250000000e+00

User-callback calls 38, time in user-callback 0.00 sec
Set parameter TimeLimit to value 30
Gurobi Optimizer version 13.0.2 build v13.0.2rc1 (win64 - Windows 11+.0 (26200.2))

CPU model: 13th Gen Intel(R) Core(TM) i7-13620H, instruction set [SSE2|AVX|AVX2]
Thread count: 10 physical cores, 16 logical processors, using up to 1 threads

Non-default parameters:
TimeLimit  30
SoftMemLimit  12
FeasibilityTol  1e-07
IntFeasTol  1e-07
MIPGap  0
OptimalityTol  1e-07
Method  1
NodeMethod  1
DualReductions  0
InfUnbdInfo  1
LogToConsole  0
NumericFocus  1
Seed  20260929
Threads  1

Optimize a model with 85 rows, 106 columns and 297 nonzeros (Min)
Model has 93 linear objective coefficients
Coefficient statistics:
  Matrix range     [5e-04, 1e+00]
  Objective range  [3e-02, 1e+00]
  Bounds range     [2e+01, 2e+01]
  RHS range        [4e-02, 2e+01]

LP warm-start: use basis

Iteration    Objective       Primal Inf.    Dual Inf.      Time
       0    2.0125000e+00   0.000000e+00   0.000000e+00      0s

Solved in 0 iterations and 0.00 seconds (0.00 work units)
Optimal objective  2.012500000e+00

User-callback calls 38, time in user-callback 0.00 sec
Set parameter TimeLimit to value 30
Gurobi Optimizer version 13.0.2 build v13.0.2rc1 (win64 - Windows 11+.0 (26200.2))

CPU model: 13th Gen Intel(R) Core(TM) i7-13620H, instruction set [SSE2|AVX|AVX2]
Thread count: 10 physical cores, 16 logical processors, using up to 1 threads

Non-default parameters:
TimeLimit  30
SoftMemLimit  12
FeasibilityTol  1e-07
IntFeasTol  1e-07
MIPGap  0
OptimalityTol  1e-07
Method  1
NodeMethod  1
DualReductions  0
InfUnbdInfo  1
LogToConsole  0
NumericFocus  1
Seed  20260929
Threads  1

Optimize a model with 85 rows, 106 columns and 297 nonzeros (Min)
Model has 93 linear objective coefficients
Coefficient statistics:
  Matrix range     [5e-04, 1e+00]
  Objective range  [3e-02, 1e+00]
  Bounds range     [2e+01, 2e+01]
  RHS range        [4e-02, 2e+01]

LP warm-start: use basis

Iteration    Objective       Primal Inf.    Dual Inf.      Time
       0    2.0125000e+00   0.000000e+00   0.000000e+00      0s

Solved in 0 iterations and 0.00 seconds (0.00 work units)
Optimal objective  2.012500000e+00

User-callback calls 38, time in user-callback 0.00 sec
Set parameter TimeLimit to value 30
Gurobi Optimizer version 13.0.2 build v13.0.2rc1 (win64 - Windows 11+.0 (26200.2))

CPU model: 13th Gen Intel(R) Core(TM) i7-13620H, instruction set [SSE2|AVX|AVX2]
Thread count: 10 physical cores, 16 logical processors, using up to 1 threads

Non-default parameters:
TimeLimit  30
SoftMemLimit  12
FeasibilityTol  1e-07
IntFeasTol  1e-07
MIPGap  0
OptimalityTol  1e-07
Method  1
NodeMethod  1
DualReductions  0
InfUnbdInfo  1
LogToConsole  0
NumericFocus  1
Seed  20260929
Threads  1

Optimize a model with 85 rows, 106 columns and 297 nonzeros (Min)
Model has 93 linear objective coefficients
Coefficient statistics:
  Matrix range     [5e-04, 1e+00]
  Objective range  [3e-02, 1e+00]
  Bounds range     [2e+01, 2e+01]
  RHS range        [4e-02, 2e+01]

LP warm-start: use basis

Iteration    Objective       Primal Inf.    Dual Inf.      Time
       0    2.0125000e+00   0.000000e+00   0.000000e+00      0s

Solved in 0 iterations and 0.00 seconds (0.00 work units)
Optimal objective  2.012500000e+00

User-callback calls 38, time in user-callback 0.00 sec
Set parameter TimeLimit to value 30
Gurobi Optimizer version 13.0.2 build v13.0.2rc1 (win64 - Windows 11+.0 (26200.2))

CPU model: 13th Gen Intel(R) Core(TM) i7-13620H, instruction set [SSE2|AVX|AVX2]
Thread count: 10 physical cores, 16 logical processors, using up to 1 threads

Non-default parameters:
TimeLimit  30
SoftMemLimit  12
FeasibilityTol  1e-07
IntFeasTol  1e-07
MIPGap  0
OptimalityTol  1e-07
Method  1
NodeMethod  1
DualReductions  0
InfUnbdInfo  1
LogToConsole  0
NumericFocus  1
Seed  20260929
Threads  1

Optimize a model with 85 rows, 106 columns and 297 nonzeros (Min)
Model has 93 linear objective coefficients
Coefficient statistics:
  Matrix range     [5e-04, 1e+00]
  Objective range  [3e-02, 1e+00]
  Bounds range     [2e+01, 2e+01]
  RHS range        [4e-02, 2e+01]

LP warm-start: use basis

Iteration    Objective       Primal Inf.    Dual Inf.      Time
       0    2.0125000e+00   0.000000e+00   0.000000e+00      0s

Solved in 0 iterations and 0.00 seconds (0.00 work units)
Optimal objective  2.012500000e+00

User-callback calls 38, time in user-callback 0.00 sec
Set parameter TimeLimit to value 30
Gurobi Optimizer version 13.0.2 build v13.0.2rc1 (win64 - Windows 11+.0 (26200.2))

CPU model: 13th Gen Intel(R) Core(TM) i7-13620H, instruction set [SSE2|AVX|AVX2]
Thread count: 10 physical cores, 16 logical processors, using up to 1 threads

Non-default parameters:
TimeLimit  30
SoftMemLimit  12
FeasibilityTol  1e-07
IntFeasTol  1e-07
MIPGap  0
OptimalityTol  1e-07
Method  1
NodeMethod  1
DualReductions  0
InfUnbdInfo  1
LogToConsole  0
NumericFocus  1
Seed  20260929
Threads  1

Optimize a model with 85 rows, 106 columns and 297 nonzeros (Min)
Model has 93 linear objective coefficients
Coefficient statistics:
  Matrix range     [5e-04, 1e+00]
  Objective range  [3e-02, 1e+00]
  Bounds range     [2e+01, 2e+01]
  RHS range        [4e-02, 2e+01]

LP warm-start: use basis

Iteration    Objective       Primal Inf.    Dual Inf.      Time
       0    2.2625000e+00   1.000000e+00   0.000000e+00      0s
       1    4.2625000e+00   0.000000e+00   0.000000e+00      0s

Solved in 1 iterations and 0.00 seconds (0.00 work units)
Optimal objective  4.262500000e+00

User-callback calls 41, time in user-callback 0.00 sec
Set parameter TimeLimit to value 30
Gurobi Optimizer version 13.0.2 build v13.0.2rc1 (win64 - Windows 11+.0 (26200.2))

CPU model: 13th Gen Intel(R) Core(TM) i7-13620H, instruction set [SSE2|AVX|AVX2]
Thread count: 10 physical cores, 16 logical processors, using up to 1 threads

Non-default parameters:
TimeLimit  30
SoftMemLimit  12
FeasibilityTol  1e-07
IntFeasTol  1e-07
MIPGap  0
OptimalityTol  1e-07
Method  1
NodeMethod  1
DualReductions  0
InfUnbdInfo  1
LogToConsole  0
NumericFocus  1
Seed  20260929
Threads  1

Optimize a model with 85 rows, 106 columns and 297 nonzeros (Min)
Model has 93 linear objective coefficients
Coefficient statistics:
  Matrix range     [5e-04, 1e+00]
  Objective range  [3e-02, 1e+00]
  Bounds range     [2e+01, 2e+01]
  RHS range        [4e-02, 2e+01]

LP warm-start: use basis

Iteration    Objective       Primal Inf.    Dual Inf.      Time
       0    4.2625000e+00   0.000000e+00   0.000000e+00      0s

Solved in 0 iterations and 0.00 seconds (0.00 work units)
Optimal objective  4.262500000e+00

User-callback calls 38, time in user-callback 0.00 sec
Set parameter TimeLimit to value 30
Gurobi Optimizer version 13.0.2 build v13.0.2rc1 (win64 - Windows 11+.0 (26200.2))

CPU model: 13th Gen Intel(R) Core(TM) i7-13620H, instruction set [SSE2|AVX|AVX2]
Thread count: 10 physical cores, 16 logical processors, using up to 1 threads

Non-default parameters:
TimeLimit  30
SoftMemLimit  12
FeasibilityTol  1e-07
IntFeasTol  1e-07
MIPGap  0
OptimalityTol  1e-07
Method  1
NodeMethod  1
DualReductions  0
InfUnbdInfo  1
LogToConsole  0
NumericFocus  1
Seed  20260929
Threads  1

Optimize a model with 85 rows, 106 columns and 297 nonzeros (Min)
Model has 93 linear objective coefficients
Coefficient statistics:
  Matrix range     [5e-04, 1e+00]
  Objective range  [3e-02, 1e+00]
  Bounds range     [2e+01, 2e+01]
  RHS range        [4e-02, 2e+01]

LP warm-start: use basis

Iteration    Objective       Primal Inf.    Dual Inf.      Time
       0    4.2625000e+00   0.000000e+00   0.000000e+00      0s

Solved in 0 iterations and 0.00 seconds (0.00 work units)
Optimal objective  4.262500000e+00

User-callback calls 38, time in user-callback 0.00 sec
Set parameter TimeLimit to value 30
Gurobi Optimizer version 13.0.2 build v13.0.2rc1 (win64 - Windows 11+.0 (26200.2))

CPU model: 13th Gen Intel(R) Core(TM) i7-13620H, instruction set [SSE2|AVX|AVX2]
Thread count: 10 physical cores, 16 logical processors, using up to 1 threads

Non-default parameters:
TimeLimit  30
SoftMemLimit  12
FeasibilityTol  1e-07
IntFeasTol  1e-07
MIPGap  0
OptimalityTol  1e-07
Method  1
NodeMethod  1
DualReductions  0
InfUnbdInfo  1
LogToConsole  0
NumericFocus  1
Seed  20260929
Threads  1

Optimize a model with 85 rows, 106 columns and 297 nonzeros (Min)
Model has 93 linear objective coefficients
Coefficient statistics:
  Matrix range     [5e-04, 1e+00]
  Objective range  [3e-02, 1e+00]
  Bounds range     [2e+01, 2e+01]
  RHS range        [4e-02, 2e+01]

LP warm-start: use basis

Iteration    Objective       Primal Inf.    Dual Inf.      Time
       0    4.2625000e+00   0.000000e+00   0.000000e+00      0s

Solved in 0 iterations and 0.00 seconds (0.00 work units)
Optimal objective  4.262500000e+00

User-callback calls 38, time in user-callback 0.00 sec
Set parameter TimeLimit to value 30
Gurobi Optimizer version 13.0.2 build v13.0.2rc1 (win64 - Windows 11+.0 (26200.2))

CPU model: 13th Gen Intel(R) Core(TM) i7-13620H, instruction set [SSE2|AVX|AVX2]
Thread count: 10 physical cores, 16 logical processors, using up to 1 threads

Non-default parameters:
TimeLimit  30
SoftMemLimit  12
FeasibilityTol  1e-07
IntFeasTol  1e-07
MIPGap  0
OptimalityTol  1e-07
Method  1
NodeMethod  1
DualReductions  0
InfUnbdInfo  1
LogToConsole  0
NumericFocus  1
Seed  20260929
Threads  1

Optimize a model with 85 rows, 106 columns and 297 nonzeros (Min)
Model has 93 linear objective coefficients
Coefficient statistics:
  Matrix range     [5e-04, 1e+00]
  Objective range  [3e-02, 1e+00]
  Bounds range     [2e+01, 2e+01]
  RHS range        [4e-02, 2e+01]

LP warm-start: use basis

Iteration    Objective       Primal Inf.    Dual Inf.      Time
       0   -2.2388587e+00   1.469822e+01   0.000000e+00      0s
       8    2.5156250e+00   0.000000e+00   0.000000e+00      0s

Solved in 8 iterations and 0.00 seconds (0.00 work units)
Optimal objective  2.515625000e+00

User-callback calls 48, time in user-callback 0.00 sec
Set parameter TimeLimit to value 30
Gurobi Optimizer version 13.0.2 build v13.0.2rc1 (win64 - Windows 11+.0 (26200.2))

CPU model: 13th Gen Intel(R) Core(TM) i7-13620H, instruction set [SSE2|AVX|AVX2]
Thread count: 10 physical cores, 16 logical processors, using up to 1 threads

Non-default parameters:
TimeLimit  30
SoftMemLimit  12
FeasibilityTol  1e-07
IntFeasTol  1e-07
MIPGap  0
OptimalityTol  1e-07
Method  1
NodeMethod  1
DualReductions  0
InfUnbdInfo  1
LogToConsole  0
NumericFocus  1
Seed  20260929
Threads  1

Optimize a model with 85 rows, 106 columns and 297 nonzeros (Min)
Model has 93 linear objective coefficients
Coefficient statistics:
  Matrix range     [5e-04, 1e+00]
  Objective range  [3e-02, 1e+00]
  Bounds range     [2e+01, 2e+01]
  RHS range        [4e-02, 2e+01]

LP warm-start: use basis

Iteration    Objective       Primal Inf.    Dual Inf.      Time
       0    1.7906250e+00   1.877592e+01   0.000000e+00      0s
      12    2.2459090e+00   0.000000e+00   0.000000e+00      0s

Solved in 12 iterations and 0.00 seconds (0.00 work units)
Optimal objective  2.245909048e+00

User-callback calls 52, time in user-callback 0.00 sec
Set parameter TimeLimit to value 30
Gurobi Optimizer version 13.0.2 build v13.0.2rc1 (win64 - Windows 11+.0 (26200.2))

CPU model: 13th Gen Intel(R) Core(TM) i7-13620H, instruction set [SSE2|AVX|AVX2]
Thread count: 10 physical cores, 16 logical processors, using up to 1 threads

Non-default parameters:
TimeLimit  30
SoftMemLimit  12
FeasibilityTol  1e-07
IntFeasTol  1e-07
MIPGap  0
OptimalityTol  1e-07
Method  1
NodeMethod  1
DualReductions  0
InfUnbdInfo  1
LogToConsole  0
NumericFocus  1
Seed  20260929
Threads  1

Optimize a model with 85 rows, 106 columns and 297 nonzeros (Min)
Model has 93 linear objective coefficients
Coefficient statistics:
  Matrix range     [5e-04, 1e+00]
  Objective range  [3e-02, 1e+00]
  Bounds range     [2e+01, 2e+01]
  RHS range        [4e-02, 2e+01]

LP warm-start: use basis

Iteration    Objective       Primal Inf.    Dual Inf.      Time
       0    1.6931313e+00   4.698141e+01   0.000000e+00      0s
       6    2.5156250e+00   0.000000e+00   0.000000e+00      0s

Solved in 6 iterations and 0.00 seconds (0.00 work units)
Optimal objective  2.515625000e+00

User-callback calls 46, time in user-callback 0.00 sec
Set parameter TimeLimit to value 30
Gurobi Optimizer version 13.0.2 build v13.0.2rc1 (win64 - Windows 11+.0 (26200.2))

CPU model: 13th Gen Intel(R) Core(TM) i7-13620H, instruction set [SSE2|AVX|AVX2]
Thread count: 10 physical cores, 16 logical processors, using up to 1 threads

Non-default parameters:
TimeLimit  30
SoftMemLimit  12
FeasibilityTol  1e-07
IntFeasTol  1e-07
MIPGap  0
OptimalityTol  1e-07
Method  1
NodeMethod  1
DualReductions  0
InfUnbdInfo  1
LogToConsole  0
NumericFocus  1
Seed  20260929
Threads  1

Optimize a model with 85 rows, 106 columns and 297 nonzeros (Min)
Model has 93 linear objective coefficients
Coefficient statistics:
  Matrix range     [5e-04, 1e+00]
  Objective range  [3e-02, 1e+00]
  Bounds range     [2e+01, 2e+01]
  RHS range        [4e-02, 2e+01]

LP warm-start: use basis

Iteration    Objective       Primal Inf.    Dual Inf.      Time
       0    2.0156250e+00   6.480000e+00   0.000000e+00      0s
       6    2.2459090e+00   0.000000e+00   0.000000e+00      0s

Solved in 6 iterations and 0.00 seconds (0.00 work units)
Optimal objective  2.245909048e+00

User-callback calls 46, time in user-callback 0.00 sec
Set parameter TimeLimit to value 30
Gurobi Optimizer version 13.0.2 build v13.0.2rc1 (win64 - Windows 11+.0 (26200.2))

CPU model: 13th Gen Intel(R) Core(TM) i7-13620H, instruction set [SSE2|AVX|AVX2]
Thread count: 10 physical cores, 16 logical processors, using up to 1 threads

Non-default parameters:
TimeLimit  30
SoftMemLimit  12
FeasibilityTol  1e-07
IntFeasTol  1e-07
MIPGap  0
OptimalityTol  1e-07
Method  1
NodeMethod  1
DualReductions  0
InfUnbdInfo  1
LogToConsole  0
NumericFocus  1
Seed  20260929
Threads  1

Optimize a model with 85 rows, 106 columns and 297 nonzeros (Min)
Model has 93 linear objective coefficients
Coefficient statistics:
  Matrix range     [5e-04, 1e+00]
  Objective range  [3e-02, 1e+00]
  Bounds range     [2e+01, 2e+01]
  RHS range        [4e-02, 2e+01]

LP warm-start: use basis

Iteration    Objective       Primal Inf.    Dual Inf.      Time
       0   -5.5686873e-01   4.763822e+01   0.000000e+00      0s
      14    7.6562500e-01   0.000000e+00   0.000000e+00      0s

Solved in 14 iterations and 0.00 seconds (0.00 work units)
Optimal objective  7.656250000e-01

User-callback calls 54, time in user-callback 0.00 sec
Set parameter TimeLimit to value 30
Gurobi Optimizer version 13.0.2 build v13.0.2rc1 (win64 - Windows 11+.0 (26200.2))

CPU model: 13th Gen Intel(R) Core(TM) i7-13620H, instruction set [SSE2|AVX|AVX2]
Thread count: 10 physical cores, 16 logical processors, using up to 1 threads

Non-default parameters:
TimeLimit  30
SoftMemLimit  12
FeasibilityTol  1e-07
IntFeasTol  1e-07
MIPGap  0
OptimalityTol  1e-07
Method  1
NodeMethod  1
DualReductions  0
InfUnbdInfo  1
LogToConsole  0
NumericFocus  1
Seed  20260929
Threads  1

Optimize a model with 85 rows, 106 columns and 297 nonzeros (Min)
Model has 93 linear objective coefficients
Coefficient statistics:
  Matrix range     [5e-04, 1e+00]
  Objective range  [3e-02, 1e+00]
  Bounds range     [2e+01, 2e+01]
  RHS range        [4e-02, 2e+01]

LP warm-start: use basis

Iteration    Objective       Primal Inf.    Dual Inf.      Time
       0    4.0625000e-02   1.697592e+01   0.000000e+00      0s
       5    5.4555672e-02   0.000000e+00   0.000000e+00      0s

Solved in 5 iterations and 0.00 seconds (0.00 work units)
Optimal objective  5.455567171e-02

User-callback calls 45, time in user-callback 0.00 sec
Set parameter TimeLimit to value 30
Gurobi Optimizer version 13.0.2 build v13.0.2rc1 (win64 - Windows 11+.0 (26200.2))

CPU model: 13th Gen Intel(R) Core(TM) i7-13620H, instruction set [SSE2|AVX|AVX2]
Thread count: 10 physical cores, 16 logical processors, using up to 1 threads

Non-default parameters:
TimeLimit  30
SoftMemLimit  12
FeasibilityTol  1e-07
IntFeasTol  1e-07
MIPGap  0
OptimalityTol  1e-07
Method  1
NodeMethod  1
DualReductions  0
InfUnbdInfo  1
LogToConsole  0
NumericFocus  1
Seed  20260929
Threads  1

Optimize a model with 85 rows, 106 columns and 297 nonzeros (Min)
Model has 93 linear objective coefficients
Coefficient statistics:
  Matrix range     [5e-04, 1e+00]
  Objective range  [3e-02, 1e+00]
  Bounds range     [2e+01, 2e+01]
  RHS range        [4e-02, 2e+01]

LP warm-start: use basis

Iteration    Objective       Primal Inf.    Dual Inf.      Time
       0   -3.9266655e-01   4.698141e+01   0.000000e+00      0s
       7    7.6562500e-01   0.000000e+00   0.000000e+00      0s

Solved in 7 iterations and 0.00 seconds (0.00 work units)
Optimal objective  7.656250000e-01

User-callback calls 47, time in user-callback 0.00 sec
Set parameter TimeLimit to value 30
Gurobi Optimizer version 13.0.2 build v13.0.2rc1 (win64 - Windows 11+.0 (26200.2))

CPU model: 13th Gen Intel(R) Core(TM) i7-13620H, instruction set [SSE2|AVX|AVX2]
Thread count: 10 physical cores, 16 logical processors, using up to 1 threads

Non-default parameters:
TimeLimit  30
SoftMemLimit  12
FeasibilityTol  1e-07
IntFeasTol  1e-07
MIPGap  0
OptimalityTol  1e-07
Method  1
NodeMethod  1
DualReductions  0
InfUnbdInfo  1
LogToConsole  0
NumericFocus  1
Seed  20260929
Threads  1

Optimize a model with 85 rows, 106 columns and 297 nonzeros (Min)
Model has 93 linear objective coefficients
Coefficient statistics:
  Matrix range     [5e-04, 1e+00]
  Objective range  [3e-02, 1e+00]
  Bounds range     [2e+01, 2e+01]
  RHS range        [4e-02, 2e+01]

LP warm-start: use basis

Iteration    Objective       Primal Inf.    Dual Inf.      Time
       0    4.0625000e-02   1.697592e+01   0.000000e+00      0s
       5    5.4555672e-02   0.000000e+00   0.000000e+00      0s

Solved in 5 iterations and 0.00 seconds (0.00 work units)
Optimal objective  5.455567171e-02

User-callback calls 45, time in user-callback 0.00 sec
Set parameter TimeLimit to value 30
Gurobi Optimizer version 13.0.2 build v13.0.2rc1 (win64 - Windows 11+.0 (26200.2))

CPU model: 13th Gen Intel(R) Core(TM) i7-13620H, instruction set [SSE2|AVX|AVX2]
Thread count: 10 physical cores, 16 logical processors, using up to 1 threads

Non-default parameters:
TimeLimit  30
SoftMemLimit  12
FeasibilityTol  1e-07
IntFeasTol  1e-07
MIPGap  0
OptimalityTol  1e-07
Method  1
NodeMethod  1
DualReductions  0
InfUnbdInfo  1
LogToConsole  0
NumericFocus  1
Seed  20260929
Threads  1

Optimize a model with 85 rows, 106 columns and 297 nonzeros (Min)
Model has 93 linear objective coefficients
Coefficient statistics:
  Matrix range     [5e-04, 1e+00]
  Objective range  [3e-02, 1e+00]
  Bounds range     [2e+01, 2e+01]
  RHS range        [4e-02, 2e+01]

LP warm-start: use basis

Iteration    Objective       Primal Inf.    Dual Inf.      Time
       0   -6.3016655e-01   4.822460e+01   0.000000e+00      0s
       7    5.2812500e-01   0.000000e+00   0.000000e+00      0s

Solved in 7 iterations and 0.00 seconds (0.00 work units)
Optimal objective  5.281250000e-01

User-callback calls 47, time in user-callback 0.00 sec
Set parameter TimeLimit to value 30
Gurobi Optimizer version 13.0.2 build v13.0.2rc1 (win64 - Windows 11+.0 (26200.2))

CPU model: 13th Gen Intel(R) Core(TM) i7-13620H, instruction set [SSE2|AVX|AVX2]
Thread count: 10 physical cores, 16 logical processors, using up to 1 threads

Non-default parameters:
TimeLimit  30
SoftMemLimit  12
FeasibilityTol  1e-07
IntFeasTol  1e-07
MIPGap  0
OptimalityTol  1e-07
Method  1
NodeMethod  1
DualReductions  0
InfUnbdInfo  1
LogToConsole  0
NumericFocus  1
Seed  20260929
Threads  1

Optimize a model with 85 rows, 106 columns and 297 nonzeros (Min)
Model has 93 linear objective coefficients
Coefficient statistics:
  Matrix range     [5e-04, 1e+00]
  Objective range  [3e-02, 1e+00]
  Bounds range     [2e+01, 2e+01]
  RHS range        [4e-02, 2e+01]

LP warm-start: use basis

Iteration    Objective       Primal Inf.    Dual Inf.      Time
       0   -1.9687500e-01   1.867592e+01   0.000000e+00      0s
      12    2.3340905e-01   0.000000e+00   0.000000e+00      0s

Solved in 12 iterations and 0.00 seconds (0.00 work units)
Optimal objective  2.334090479e-01

User-callback calls 52, time in user-callback 0.00 sec
Set parameter TimeLimit to value 30
Gurobi Optimizer version 13.0.2 build v13.0.2rc1 (win64 - Windows 11+.0 (26200.2))

CPU model: 13th Gen Intel(R) Core(TM) i7-13620H, instruction set [SSE2|AVX|AVX2]
Thread count: 10 physical cores, 16 logical processors, using up to 1 threads

Non-default parameters:
TimeLimit  30
SoftMemLimit  12
FeasibilityTol  1e-07
IntFeasTol  1e-07
MIPGap  0
OptimalityTol  1e-07
Method  1
NodeMethod  1
DualReductions  0
InfUnbdInfo  1
LogToConsole  0
NumericFocus  1
Seed  20260929
Threads  1

Optimize a model with 85 rows, 106 columns and 297 nonzeros (Min)
Model has 93 linear objective coefficients
Coefficient statistics:
  Matrix range     [5e-04, 1e+00]
  Objective range  [3e-02, 1e+00]
  Bounds range     [2e+01, 2e+01]
  RHS range        [4e-02, 2e+01]

LP warm-start: use basis

Iteration    Objective       Primal Inf.    Dual Inf.      Time
       0   -3.1936873e-01   4.698141e+01   0.000000e+00      0s
      13    5.2812500e-01   0.000000e+00   0.000000e+00      0s

Solved in 13 iterations and 0.00 seconds (0.00 work units)
Optimal objective  5.281250000e-01

User-callback calls 53, time in user-callback 0.00 sec
Set parameter TimeLimit to value 30
Gurobi Optimizer version 13.0.2 build v13.0.2rc1 (win64 - Windows 11+.0 (26200.2))

CPU model: 13th Gen Intel(R) Core(TM) i7-13620H, instruction set [SSE2|AVX|AVX2]
Thread count: 10 physical cores, 16 logical processors, using up to 1 threads

Non-default parameters:
TimeLimit  30
SoftMemLimit  12
FeasibilityTol  1e-07
IntFeasTol  1e-07
MIPGap  0
OptimalityTol  1e-07
Method  1
NodeMethod  1
DualReductions  0
InfUnbdInfo  1
LogToConsole  0
NumericFocus  1
Seed  20260929
Threads  1

Optimize a model with 85 rows, 106 columns and 297 nonzeros (Min)
Model has 93 linear objective coefficients
Coefficient statistics:
  Matrix range     [5e-04, 1e+00]
  Objective range  [3e-02, 1e+00]
  Bounds range     [2e+01, 2e+01]
  RHS range        [4e-02, 2e+01]

LP warm-start: use basis

Iteration    Objective       Primal Inf.    Dual Inf.      Time
       0   -1.9687500e-01   1.867592e+01   0.000000e+00      0s
      12    2.3340905e-01   0.000000e+00   0.000000e+00      0s

Solved in 12 iterations and 0.00 seconds (0.00 work units)
Optimal objective  2.334090479e-01

User-callback calls 52, time in user-callback 0.00 sec
Set parameter TimeLimit to value 30
Gurobi Optimizer version 13.0.2 build v13.0.2rc1 (win64 - Windows 11+.0 (26200.2))

CPU model: 13th Gen Intel(R) Core(TM) i7-13620H, instruction set [SSE2|AVX|AVX2]
Thread count: 10 physical cores, 16 logical processors, using up to 1 threads

Non-default parameters:
TimeLimit  30
SoftMemLimit  12
FeasibilityTol  1e-07
IntFeasTol  1e-07
MIPGap  0
OptimalityTol  1e-07
Method  1
NodeMethod  1
DualReductions  0
InfUnbdInfo  1
LogToConsole  0
NumericFocus  1
Seed  20260929
Threads  1

Optimize a model with 85 rows, 106 columns and 297 nonzeros (Min)
Model has 93 linear objective coefficients
Coefficient statistics:
  Matrix range     [5e-04, 1e+00]
  Objective range  [3e-02, 1e+00]
  Bounds range     [2e+01, 2e+01]
  RHS range        [4e-02, 2e+01]

LP warm-start: use basis

Iteration    Objective       Primal Inf.    Dual Inf.      Time
       0   -2.5693687e+00   4.973822e+01   0.000000e+00      0s
      16    2.7781250e+00   0.000000e+00   0.000000e+00      0s

Solved in 16 iterations and 0.00 seconds (0.00 work units)
Optimal objective  2.778125000e+00

User-callback calls 56, time in user-callback 0.00 sec
Set parameter TimeLimit to value 30
Gurobi Optimizer version 13.0.2 build v13.0.2rc1 (win64 - Windows 11+.0 (26200.2))

CPU model: 13th Gen Intel(R) Core(TM) i7-13620H, instruction set [SSE2|AVX|AVX2]
Thread count: 10 physical cores, 16 logical processors, using up to 1 threads

Non-default parameters:
TimeLimit  30
SoftMemLimit  12
FeasibilityTol  1e-07
IntFeasTol  1e-07
MIPGap  0
OptimalityTol  1e-07
Method  1
NodeMethod  1
DualReductions  0
InfUnbdInfo  1
LogToConsole  0
NumericFocus  1
Seed  20260929
Threads  1

Optimize a model with 85 rows, 106 columns and 297 nonzeros (Min)
Model has 93 linear objective coefficients
Coefficient statistics:
  Matrix range     [5e-04, 1e+00]
  Objective range  [3e-02, 1e+00]
  Bounds range     [2e+01, 2e+01]
  RHS range        [4e-02, 2e+01]

LP warm-start: use basis

Iteration    Objective       Primal Inf.    Dual Inf.      Time
       0    2.0531250e+00   1.697592e+01   0.000000e+00      0s
       5    2.0670557e+00   0.000000e+00   0.000000e+00      0s

Solved in 5 iterations and 0.00 seconds (0.00 work units)
Optimal objective  2.067055672e+00

User-callback calls 45, time in user-callback 0.00 sec
Set parameter TimeLimit to value 30
Gurobi Optimizer version 13.0.2 build v13.0.2rc1 (win64 - Windows 11+.0 (26200.2))

CPU model: 13th Gen Intel(R) Core(TM) i7-13620H, instruction set [SSE2|AVX|AVX2]
Thread count: 10 physical cores, 16 logical processors, using up to 1 threads

Non-default parameters:
TimeLimit  30
SoftMemLimit  12
FeasibilityTol  1e-07
IntFeasTol  1e-07
MIPGap  0
OptimalityTol  1e-07
Method  1
NodeMethod  1
DualReductions  0
InfUnbdInfo  1
LogToConsole  0
NumericFocus  1
Seed  20260929
Threads  1

Optimize a model with 85 rows, 106 columns and 297 nonzeros (Min)
Model has 93 linear objective coefficients
Coefficient statistics:
  Matrix range     [5e-04, 1e+00]
  Objective range  [3e-02, 1e+00]
  Bounds range     [2e+01, 2e+01]
  RHS range        [4e-02, 2e+01]

LP warm-start: use basis

Iteration    Objective       Primal Inf.    Dual Inf.      Time
       0    1.6198334e+00   4.698141e+01   0.000000e+00      0s
       7    2.7781250e+00   0.000000e+00   0.000000e+00      0s

Solved in 7 iterations and 0.00 seconds (0.00 work units)
Optimal objective  2.778125000e+00

User-callback calls 47, time in user-callback 0.00 sec
Set parameter TimeLimit to value 30
Gurobi Optimizer version 13.0.2 build v13.0.2rc1 (win64 - Windows 11+.0 (26200.2))

CPU model: 13th Gen Intel(R) Core(TM) i7-13620H, instruction set [SSE2|AVX|AVX2]
Thread count: 10 physical cores, 16 logical processors, using up to 1 threads

Non-default parameters:
TimeLimit  30
SoftMemLimit  12
FeasibilityTol  1e-07
IntFeasTol  1e-07
MIPGap  0
OptimalityTol  1e-07
Method  1
NodeMethod  1
DualReductions  0
InfUnbdInfo  1
LogToConsole  0
NumericFocus  1
Seed  20260929
Threads  1

Optimize a model with 85 rows, 106 columns and 297 nonzeros (Min)
Model has 93 linear objective coefficients
Coefficient statistics:
  Matrix range     [5e-04, 1e+00]
  Objective range  [3e-02, 1e+00]
  Bounds range     [2e+01, 2e+01]
  RHS range        [4e-02, 2e+01]

LP warm-start: use basis

Iteration    Objective       Primal Inf.    Dual Inf.      Time
       0    2.0531250e+00   1.697592e+01   0.000000e+00      0s
       5    2.0670557e+00   0.000000e+00   0.000000e+00      0s

Solved in 5 iterations and 0.00 seconds (0.00 work units)
Optimal objective  2.067055672e+00

User-callback calls 45, time in user-callback 0.00 sec
Set parameter TimeLimit to value 30
Gurobi Optimizer version 13.0.2 build v13.0.2rc1 (win64 - Windows 11+.0 (26200.2))

CPU model: 13th Gen Intel(R) Core(TM) i7-13620H, instruction set [SSE2|AVX|AVX2]
Thread count: 10 physical cores, 16 logical processors, using up to 1 threads

Non-default parameters:
TimeLimit  30
SoftMemLimit  12
FeasibilityTol  1e-07
IntFeasTol  1e-07
MIPGap  0
OptimalityTol  1e-07
Method  1
NodeMethod  1
DualReductions  0
InfUnbdInfo  1
LogToConsole  0
NumericFocus  1
Seed  20260929
Threads  1

Optimize a model with 85 rows, 106 columns and 297 nonzeros (Min)
Model has 93 linear objective coefficients
Coefficient statistics:
  Matrix range     [5e-04, 1e+00]
  Objective range  [3e-02, 1e+00]
  Bounds range     [2e+01, 2e+01]
  RHS range        [4e-02, 2e+01]

LP warm-start: use basis

Iteration    Objective       Primal Inf.    Dual Inf.      Time
       0   -6.8608095e-01   4.510614e+01   0.000000e+00      0s
       8    2.0000000e+00   0.000000e+00   0.000000e+00      0s

Solved in 8 iterations and 0.00 seconds (0.00 work units)
Optimal objective  2.000000000e+00

User-callback calls 48, time in user-callback 0.00 sec
Set parameter TimeLimit to value 30
Gurobi Optimizer version 13.0.2 build v13.0.2rc1 (win64 - Windows 11+.0 (26200.2))

CPU model: 13th Gen Intel(R) Core(TM) i7-13620H, instruction set [SSE2|AVX|AVX2]
Thread count: 10 physical cores, 16 logical processors, using up to 1 threads

Non-default parameters:
TimeLimit  30
SoftMemLimit  12
FeasibilityTol  1e-07
IntFeasTol  1e-07
MIPGap  0
OptimalityTol  1e-07
Method  1
NodeMethod  1
DualReductions  0
InfUnbdInfo  1
LogToConsole  0
NumericFocus  1
Seed  20260929
Threads  1

Optimize a model with 85 rows, 106 columns and 297 nonzeros (Min)
Model has 93 linear objective coefficients
Coefficient statistics:
  Matrix range     [5e-04, 1e+00]
  Objective range  [3e-02, 1e+00]
  Bounds range     [2e+01, 2e+01]
  RHS range        [4e-02, 2e+01]

LP warm-start: use basis

Iteration    Objective       Primal Inf.    Dual Inf.      Time
       0    1.7750000e+00   1.877592e+01   0.000000e+00      0s
       6    2.0000000e+00   0.000000e+00   0.000000e+00      0s

Solved in 6 iterations and 0.00 seconds (0.00 work units)
Optimal objective  2.000000000e+00

User-callback calls 46, time in user-callback 0.00 sec
Set parameter TimeLimit to value 30
Gurobi Optimizer version 13.0.2 build v13.0.2rc1 (win64 - Windows 11+.0 (26200.2))

CPU model: 13th Gen Intel(R) Core(TM) i7-13620H, instruction set [SSE2|AVX|AVX2]
Thread count: 10 physical cores, 16 logical processors, using up to 1 threads

Non-default parameters:
TimeLimit  30
SoftMemLimit  12
FeasibilityTol  1e-07
IntFeasTol  1e-07
MIPGap  0
OptimalityTol  1e-07
Method  1
NodeMethod  1
DualReductions  0
InfUnbdInfo  1
LogToConsole  0
NumericFocus  1
Seed  20260929
Threads  1

Optimize a model with 85 rows, 106 columns and 297 nonzeros (Min)
Model has 93 linear objective coefficients
Coefficient statistics:
  Matrix range     [5e-04, 1e+00]
  Objective range  [3e-02, 1e+00]
  Bounds range     [2e+01, 2e+01]
  RHS range        [4e-02, 2e+01]

LP warm-start: use basis

Iteration    Objective       Primal Inf.    Dual Inf.      Time
       0    2.0000000e+00   0.000000e+00   0.000000e+00      0s

Solved in 0 iterations and 0.00 seconds (0.00 work units)
Optimal objective  2.000000000e+00

User-callback calls 38, time in user-callback 0.00 sec
Set parameter TimeLimit to value 30
Gurobi Optimizer version 13.0.2 build v13.0.2rc1 (win64 - Windows 11+.0 (26200.2))

CPU model: 13th Gen Intel(R) Core(TM) i7-13620H, instruction set [SSE2|AVX|AVX2]
Thread count: 10 physical cores, 16 logical processors, using up to 1 threads

Non-default parameters:
TimeLimit  30
SoftMemLimit  12
FeasibilityTol  1e-07
IntFeasTol  1e-07
MIPGap  0
OptimalityTol  1e-07
Method  1
NodeMethod  1
DualReductions  0
InfUnbdInfo  1
LogToConsole  0
NumericFocus  1
Seed  20260929
Threads  1

Optimize a model with 85 rows, 106 columns and 297 nonzeros (Min)
Model has 93 linear objective coefficients
Coefficient statistics:
  Matrix range     [5e-04, 1e+00]
  Objective range  [3e-02, 1e+00]
  Bounds range     [2e+01, 2e+01]
  RHS range        [4e-02, 2e+01]

LP warm-start: use basis

Iteration    Objective       Primal Inf.    Dual Inf.      Time
       0    2.0000000e+00   0.000000e+00   0.000000e+00      0s

Solved in 0 iterations and 0.00 seconds (0.00 work units)
Optimal objective  2.000000000e+00

User-callback calls 38, time in user-callback 0.00 sec
Set parameter TimeLimit to value 30
Gurobi Optimizer version 13.0.2 build v13.0.2rc1 (win64 - Windows 11+.0 (26200.2))

CPU model: 13th Gen Intel(R) Core(TM) i7-13620H, instruction set [SSE2|AVX|AVX2]
Thread count: 10 physical cores, 16 logical processors, using up to 1 threads

Non-default parameters:
TimeLimit  30
SoftMemLimit  12
FeasibilityTol  1e-07
IntFeasTol  1e-07
MIPGap  0
OptimalityTol  1e-07
Method  1
NodeMethod  1
DualReductions  0
InfUnbdInfo  1
LogToConsole  0
NumericFocus  1
Seed  20260929
Threads  1

Optimize a model with 85 rows, 106 columns and 297 nonzeros (Min)
Model has 93 linear objective coefficients
Coefficient statistics:
  Matrix range     [5e-04, 1e+00]
  Objective range  [3e-02, 1e+00]
  Bounds range     [2e+01, 2e+01]
  RHS range        [4e-02, 2e+01]

LP warm-start: use basis

Iteration    Objective       Primal Inf.    Dual Inf.      Time
       0    2.0000000e+00   3.301800e+01   0.000000e+00      0s
       3    2.2500000e+00   0.000000e+00   0.000000e+00      0s

Solved in 3 iterations and 0.00 seconds (0.00 work units)
Optimal objective  2.250000000e+00

User-callback calls 43, time in user-callback 0.00 sec
Set parameter TimeLimit to value 30
Gurobi Optimizer version 13.0.2 build v13.0.2rc1 (win64 - Windows 11+.0 (26200.2))

CPU model: 13th Gen Intel(R) Core(TM) i7-13620H, instruction set [SSE2|AVX|AVX2]
Thread count: 10 physical cores, 16 logical processors, using up to 1 threads

Non-default parameters:
TimeLimit  30
SoftMemLimit  12
FeasibilityTol  1e-07
IntFeasTol  1e-07
MIPGap  0
OptimalityTol  1e-07
Method  1
NodeMethod  1
DualReductions  0
InfUnbdInfo  1
LogToConsole  0
NumericFocus  1
Seed  20260929
Threads  1

Optimize a model with 85 rows, 106 columns and 297 nonzeros (Min)
Model has 93 linear objective coefficients
Coefficient statistics:
  Matrix range     [5e-04, 1e+00]
  Objective range  [3e-02, 1e+00]
  Bounds range     [2e+01, 2e+01]
  RHS range        [4e-02, 2e+01]

LP warm-start: use basis

Iteration    Objective       Primal Inf.    Dual Inf.      Time
       0    2.0250000e+00   1.697592e+01   0.000000e+00      0s
       4    2.0293233e+00   0.000000e+00   0.000000e+00      0s

Solved in 4 iterations and 0.00 seconds (0.00 work units)
Optimal objective  2.029323312e+00

User-callback calls 44, time in user-callback 0.00 sec
Set parameter TimeLimit to value 30
Gurobi Optimizer version 13.0.2 build v13.0.2rc1 (win64 - Windows 11+.0 (26200.2))

CPU model: 13th Gen Intel(R) Core(TM) i7-13620H, instruction set [SSE2|AVX|AVX2]
Thread count: 10 physical cores, 16 logical processors, using up to 1 threads

Non-default parameters:
TimeLimit  30
SoftMemLimit  12
FeasibilityTol  1e-07
IntFeasTol  1e-07
MIPGap  0
OptimalityTol  1e-07
Method  1
NodeMethod  1
DualReductions  0
InfUnbdInfo  1
LogToConsole  0
NumericFocus  1
Seed  20260929
Threads  1

Optimize a model with 85 rows, 106 columns and 297 nonzeros (Min)
Model has 93 linear objective coefficients
Coefficient statistics:
  Matrix range     [5e-04, 1e+00]
  Objective range  [3e-02, 1e+00]
  Bounds range     [2e+01, 2e+01]
  RHS range        [4e-02, 2e+01]

LP warm-start: use basis

Iteration    Objective       Primal Inf.    Dual Inf.      Time
       0    2.0293233e+00   7.846282e+00   0.000000e+00      0s
       6    2.2500000e+00   0.000000e+00   0.000000e+00      0s

Solved in 6 iterations and 0.00 seconds (0.00 work units)
Optimal objective  2.250000000e+00

User-callback calls 46, time in user-callback 0.00 sec
Set parameter TimeLimit to value 30
Gurobi Optimizer version 13.0.2 build v13.0.2rc1 (win64 - Windows 11+.0 (26200.2))

CPU model: 13th Gen Intel(R) Core(TM) i7-13620H, instruction set [SSE2|AVX|AVX2]
Thread count: 10 physical cores, 16 logical processors, using up to 1 threads

Non-default parameters:
TimeLimit  30
SoftMemLimit  12
FeasibilityTol  1e-07
IntFeasTol  1e-07
MIPGap  0
OptimalityTol  1e-07
Method  1
NodeMethod  1
DualReductions  0
InfUnbdInfo  1
LogToConsole  0
NumericFocus  1
Seed  20260929
Threads  1

Optimize a model with 85 rows, 106 columns and 297 nonzeros (Min)
Model has 93 linear objective coefficients
Coefficient statistics:
  Matrix range     [5e-04, 1e+00]
  Objective range  [3e-02, 1e+00]
  Bounds range     [2e+01, 2e+01]
  RHS range        [4e-02, 2e+01]

LP warm-start: use basis

Iteration    Objective       Primal Inf.    Dual Inf.      Time
       0    2.0250000e+00   1.697592e+01   0.000000e+00      0s
       4    2.0293233e+00   0.000000e+00   0.000000e+00      0s

Solved in 4 iterations and 0.00 seconds (0.00 work units)
Optimal objective  2.029323312e+00

User-callback calls 44, time in user-callback 0.00 sec
Set parameter TimeLimit to value 30
Gurobi Optimizer version 13.0.2 build v13.0.2rc1 (win64 - Windows 11+.0 (26200.2))

CPU model: 13th Gen Intel(R) Core(TM) i7-13620H, instruction set [SSE2|AVX|AVX2]
Thread count: 10 physical cores, 16 logical processors, using up to 1 threads

Non-default parameters:
TimeLimit  30
SoftMemLimit  12
FeasibilityTol  1e-07
IntFeasTol  1e-07
MIPGap  0
OptimalityTol  1e-07
Method  1
NodeMethod  1
DualReductions  0
InfUnbdInfo  1
LogToConsole  0
NumericFocus  1
Seed  20260929
Threads  1

Optimize a model with 85 rows, 106 columns and 297 nonzeros (Min)
Model has 93 linear objective coefficients
Coefficient statistics:
  Matrix range     [5e-04, 1e+00]
  Objective range  [3e-02, 1e+00]
  Bounds range     [2e+01, 2e+01]
  RHS range        [4e-02, 2e+01]

LP warm-start: use basis

Iteration    Objective       Primal Inf.    Dual Inf.      Time
       0    1.7918233e+00   9.511696e+00   0.000000e+00      0s
       6    2.0125000e+00   0.000000e+00   0.000000e+00      0s

Solved in 6 iterations and 0.00 seconds (0.00 work units)
Optimal objective  2.012500000e+00

User-callback calls 46, time in user-callback 0.00 sec
Set parameter TimeLimit to value 30
Gurobi Optimizer version 13.0.2 build v13.0.2rc1 (win64 - Windows 11+.0 (26200.2))

CPU model: 13th Gen Intel(R) Core(TM) i7-13620H, instruction set [SSE2|AVX|AVX2]
Thread count: 10 physical cores, 16 logical processors, using up to 1 threads

Non-default parameters:
TimeLimit  30
SoftMemLimit  12
FeasibilityTol  1e-07
IntFeasTol  1e-07
MIPGap  0
OptimalityTol  1e-07
Method  1
NodeMethod  1
DualReductions  0
InfUnbdInfo  1
LogToConsole  0
NumericFocus  1
Seed  20260929
Threads  1

Optimize a model with 85 rows, 106 columns and 297 nonzeros (Min)
Model has 93 linear objective coefficients
Coefficient statistics:
  Matrix range     [5e-04, 1e+00]
  Objective range  [3e-02, 1e+00]
  Bounds range     [2e+01, 2e+01]
  RHS range        [4e-02, 2e+01]

LP warm-start: use basis

Iteration    Objective       Primal Inf.    Dual Inf.      Time
       0    1.7875000e+00   1.867592e+01   0.000000e+00      0s
       5    2.0000000e+00   0.000000e+00   0.000000e+00      0s

Solved in 5 iterations and 0.00 seconds (0.00 work units)
Optimal objective  2.000000000e+00

User-callback calls 45, time in user-callback 0.00 sec
Set parameter TimeLimit to value 30
Gurobi Optimizer version 13.0.2 build v13.0.2rc1 (win64 - Windows 11+.0 (26200.2))

CPU model: 13th Gen Intel(R) Core(TM) i7-13620H, instruction set [SSE2|AVX|AVX2]
Thread count: 10 physical cores, 16 logical processors, using up to 1 threads

Non-default parameters:
TimeLimit  30
SoftMemLimit  12
FeasibilityTol  1e-07
IntFeasTol  1e-07
MIPGap  0
OptimalityTol  1e-07
Method  1
NodeMethod  1
DualReductions  0
InfUnbdInfo  1
LogToConsole  0
NumericFocus  1
Seed  20260929
Threads  1

Optimize a model with 85 rows, 106 columns and 297 nonzeros (Min)
Model has 93 linear objective coefficients
Coefficient statistics:
  Matrix range     [5e-04, 1e+00]
  Objective range  [3e-02, 1e+00]
  Bounds range     [2e+01, 2e+01]
  RHS range        [4e-02, 2e+01]

LP warm-start: use basis

Iteration    Objective       Primal Inf.    Dual Inf.      Time
       0    2.0000000e+00   4.444444e-01   0.000000e+00      0s
       2    2.0125000e+00   0.000000e+00   0.000000e+00      0s

Solved in 2 iterations and 0.00 seconds (0.00 work units)
Optimal objective  2.012500000e+00

User-callback calls 42, time in user-callback 0.00 sec
Set parameter TimeLimit to value 30
Gurobi Optimizer version 13.0.2 build v13.0.2rc1 (win64 - Windows 11+.0 (26200.2))

CPU model: 13th Gen Intel(R) Core(TM) i7-13620H, instruction set [SSE2|AVX|AVX2]
Thread count: 10 physical cores, 16 logical processors, using up to 1 threads

Non-default parameters:
TimeLimit  30
SoftMemLimit  12
FeasibilityTol  1e-07
IntFeasTol  1e-07
MIPGap  0
OptimalityTol  1e-07
Method  1
NodeMethod  1
DualReductions  0
InfUnbdInfo  1
LogToConsole  0
NumericFocus  1
Seed  20260929
Threads  1

Optimize a model with 85 rows, 106 columns and 297 nonzeros (Min)
Model has 93 linear objective coefficients
Coefficient statistics:
  Matrix range     [5e-04, 1e+00]
  Objective range  [3e-02, 1e+00]
  Bounds range     [2e+01, 2e+01]
  RHS range        [4e-02, 2e+01]

LP warm-start: use basis

Iteration    Objective       Primal Inf.    Dual Inf.      Time
       0    1.7875000e+00   1.867592e+01   0.000000e+00      0s
       5    2.0000000e+00   0.000000e+00   0.000000e+00      0s

Solved in 5 iterations and 0.00 seconds (0.00 work units)
Optimal objective  2.000000000e+00

User-callback calls 45, time in user-callback 0.00 sec
Set parameter TimeLimit to value 30
Gurobi Optimizer version 13.0.2 build v13.0.2rc1 (win64 - Windows 11+.0 (26200.2))

CPU model: 13th Gen Intel(R) Core(TM) i7-13620H, instruction set [SSE2|AVX|AVX2]
Thread count: 10 physical cores, 16 logical processors, using up to 1 threads

Non-default parameters:
TimeLimit  30
SoftMemLimit  12
FeasibilityTol  1e-07
IntFeasTol  1e-07
MIPGap  0
OptimalityTol  1e-07
Method  1
NodeMethod  1
DualReductions  0
InfUnbdInfo  1
LogToConsole  0
NumericFocus  1
Seed  20260929
Threads  1

Optimize a model with 85 rows, 106 columns and 297 nonzeros (Min)
Model has 93 linear objective coefficients
Coefficient statistics:
  Matrix range     [5e-04, 1e+00]
  Objective range  [3e-02, 1e+00]
  Bounds range     [2e+01, 2e+01]
  RHS range        [4e-02, 2e+01]

LP warm-start: use basis

Iteration    Objective       Primal Inf.    Dual Inf.      Time
       0    2.0000000e+00   3.803904e+01   0.000000e+00      0s
       3    4.2625000e+00   0.000000e+00   0.000000e+00      0s

Solved in 3 iterations and 0.00 seconds (0.00 work units)
Optimal objective  4.262500000e+00

User-callback calls 43, time in user-callback 0.00 sec
Set parameter TimeLimit to value 30
Gurobi Optimizer version 13.0.2 build v13.0.2rc1 (win64 - Windows 11+.0 (26200.2))

CPU model: 13th Gen Intel(R) Core(TM) i7-13620H, instruction set [SSE2|AVX|AVX2]
Thread count: 10 physical cores, 16 logical processors, using up to 1 threads

Non-default parameters:
TimeLimit  30
SoftMemLimit  12
FeasibilityTol  1e-07
IntFeasTol  1e-07
MIPGap  0
OptimalityTol  1e-07
Method  1
NodeMethod  1
DualReductions  0
InfUnbdInfo  1
LogToConsole  0
NumericFocus  1
Seed  20260929
Threads  1

Optimize a model with 85 rows, 106 columns and 297 nonzeros (Min)
Model has 93 linear objective coefficients
Coefficient statistics:
  Matrix range     [5e-04, 1e+00]
  Objective range  [3e-02, 1e+00]
  Bounds range     [2e+01, 2e+01]
  RHS range        [4e-02, 2e+01]

LP warm-start: use basis

Iteration    Objective       Primal Inf.    Dual Inf.      Time
       0    4.0375000e+00   1.697592e+01   0.000000e+00      0s
       4    4.0418233e+00   0.000000e+00   0.000000e+00      0s

Solved in 4 iterations and 0.00 seconds (0.00 work units)
Optimal objective  4.041823312e+00

User-callback calls 44, time in user-callback 0.00 sec
Set parameter TimeLimit to value 30
Gurobi Optimizer version 13.0.2 build v13.0.2rc1 (win64 - Windows 11+.0 (26200.2))

CPU model: 13th Gen Intel(R) Core(TM) i7-13620H, instruction set [SSE2|AVX|AVX2]
Thread count: 10 physical cores, 16 logical processors, using up to 1 threads

Non-default parameters:
TimeLimit  30
SoftMemLimit  12
FeasibilityTol  1e-07
IntFeasTol  1e-07
MIPGap  0
OptimalityTol  1e-07
Method  1
NodeMethod  1
DualReductions  0
InfUnbdInfo  1
LogToConsole  0
NumericFocus  1
Seed  20260929
Threads  1

Optimize a model with 85 rows, 106 columns and 297 nonzeros (Min)
Model has 93 linear objective coefficients
Coefficient statistics:
  Matrix range     [5e-04, 1e+00]
  Objective range  [3e-02, 1e+00]
  Bounds range     [2e+01, 2e+01]
  RHS range        [4e-02, 2e+01]

LP warm-start: use basis

Iteration    Objective       Primal Inf.    Dual Inf.      Time
       0    4.0418233e+00   7.846282e+00   0.000000e+00      0s
       6    4.2625000e+00   0.000000e+00   0.000000e+00      0s

Solved in 6 iterations and 0.00 seconds (0.00 work units)
Optimal objective  4.262500000e+00

User-callback calls 46, time in user-callback 0.00 sec
Set parameter TimeLimit to value 30
Gurobi Optimizer version 13.0.2 build v13.0.2rc1 (win64 - Windows 11+.0 (26200.2))

CPU model: 13th Gen Intel(R) Core(TM) i7-13620H, instruction set [SSE2|AVX|AVX2]
Thread count: 10 physical cores, 16 logical processors, using up to 1 threads

Non-default parameters:
TimeLimit  30
SoftMemLimit  12
FeasibilityTol  1e-07
IntFeasTol  1e-07
MIPGap  0
OptimalityTol  1e-07
Method  1
NodeMethod  1
DualReductions  0
InfUnbdInfo  1
LogToConsole  0
NumericFocus  1
Seed  20260929
Threads  1

Optimize a model with 85 rows, 106 columns and 297 nonzeros (Min)
Model has 93 linear objective coefficients
Coefficient statistics:
  Matrix range     [5e-04, 1e+00]
  Objective range  [3e-02, 1e+00]
  Bounds range     [2e+01, 2e+01]
  RHS range        [4e-02, 2e+01]

LP warm-start: use basis

Iteration    Objective       Primal Inf.    Dual Inf.      Time
       0    4.0375000e+00   1.697592e+01   0.000000e+00      0s
       4    4.0418233e+00   0.000000e+00   0.000000e+00      0s

Solved in 4 iterations and 0.00 seconds (0.00 work units)
Optimal objective  4.041823312e+00

User-callback calls 44, time in user-callback 0.00 sec
Set parameter TimeLimit to value 30
Gurobi Optimizer version 13.0.2 build v13.0.2rc1 (win64 - Windows 11+.0 (26200.2))

CPU model: 13th Gen Intel(R) Core(TM) i7-13620H, instruction set [SSE2|AVX|AVX2]
Thread count: 10 physical cores, 16 logical processors, using up to 1 threads

Non-default parameters:
TimeLimit  30
SoftMemLimit  12
FeasibilityTol  1e-07
IntFeasTol  1e-07
MIPGap  0
OptimalityTol  1e-07
Method  1
NodeMethod  1
DualReductions  0
InfUnbdInfo  1
LogToConsole  0
NumericFocus  1
Seed  20260929
Threads  1

Optimize a model with 85 rows, 106 columns and 297 nonzeros (Min)
Model has 93 linear objective coefficients
Coefficient statistics:
  Matrix range     [5e-04, 1e+00]
  Objective range  [3e-02, 1e+00]
  Bounds range     [2e+01, 2e+01]
  RHS range        [4e-02, 2e+01]

LP warm-start: use basis

Iteration    Objective       Primal Inf.    Dual Inf.      Time
       0   -2.5222101e+00   4.174350e+01   0.000000e+00      0s
      12    4.5156250e+00   0.000000e+00   0.000000e+00      0s

Solved in 12 iterations and 0.00 seconds (0.00 work units)
Optimal objective  4.515625000e+00

User-callback calls 52, time in user-callback 0.00 sec
Set parameter TimeLimit to value 30
Gurobi Optimizer version 13.0.2 build v13.0.2rc1 (win64 - Windows 11+.0 (26200.2))

CPU model: 13th Gen Intel(R) Core(TM) i7-13620H, instruction set [SSE2|AVX|AVX2]
Thread count: 10 physical cores, 16 logical processors, using up to 1 threads

Non-default parameters:
TimeLimit  30
SoftMemLimit  12
FeasibilityTol  1e-07
IntFeasTol  1e-07
MIPGap  0
OptimalityTol  1e-07
Method  1
NodeMethod  1
DualReductions  0
InfUnbdInfo  1
LogToConsole  0
NumericFocus  1
Seed  20260929
Threads  1

Optimize a model with 85 rows, 106 columns and 297 nonzeros (Min)
Model has 93 linear objective coefficients
Coefficient statistics:
  Matrix range     [5e-04, 1e+00]
  Objective range  [3e-02, 1e+00]
  Bounds range     [2e+01, 2e+01]
  RHS range        [4e-02, 2e+01]

LP warm-start: use basis

Iteration    Objective       Primal Inf.    Dual Inf.      Time
       0    3.5656250e+00   3.738877e+01   0.000000e+00      0s
      13    4.2459090e+00   0.000000e+00   0.000000e+00      0s

Solved in 13 iterations and 0.00 seconds (0.00 work units)
Optimal objective  4.245909048e+00

User-callback calls 53, time in user-callback 0.00 sec
Set parameter TimeLimit to value 30
Gurobi Optimizer version 13.0.2 build v13.0.2rc1 (win64 - Windows 11+.0 (26200.2))

CPU model: 13th Gen Intel(R) Core(TM) i7-13620H, instruction set [SSE2|AVX|AVX2]
Thread count: 10 physical cores, 16 logical processors, using up to 1 threads

Non-default parameters:
TimeLimit  30
SoftMemLimit  12
FeasibilityTol  1e-07
IntFeasTol  1e-07
MIPGap  0
OptimalityTol  1e-07
Method  1
NodeMethod  1
DualReductions  0
InfUnbdInfo  1
LogToConsole  0
NumericFocus  1
Seed  20260929
Threads  1

Optimize a model with 85 rows, 106 columns and 297 nonzeros (Min)
Model has 93 linear objective coefficients
Coefficient statistics:
  Matrix range     [5e-04, 1e+00]
  Objective range  [3e-02, 1e+00]
  Bounds range     [2e+01, 2e+01]
  RHS range        [4e-02, 2e+01]

LP warm-start: use basis

Iteration    Objective       Primal Inf.    Dual Inf.      Time
       0    3.4153535e+00   6.482075e+01   0.000000e+00      0s
      10    4.5156250e+00   0.000000e+00   0.000000e+00      0s

Solved in 10 iterations and 0.00 seconds (0.00 work units)
Optimal objective  4.515625000e+00

User-callback calls 50, time in user-callback 0.00 sec
Set parameter TimeLimit to value 30
Gurobi Optimizer version 13.0.2 build v13.0.2rc1 (win64 - Windows 11+.0 (26200.2))

CPU model: 13th Gen Intel(R) Core(TM) i7-13620H, instruction set [SSE2|AVX|AVX2]
Thread count: 10 physical cores, 16 logical processors, using up to 1 threads

Non-default parameters:
TimeLimit  30
SoftMemLimit  12
FeasibilityTol  1e-07
IntFeasTol  1e-07
MIPGap  0
OptimalityTol  1e-07
Method  1
NodeMethod  1
DualReductions  0
InfUnbdInfo  1
LogToConsole  0
NumericFocus  1
Seed  20260929
Threads  1

Optimize a model with 85 rows, 106 columns and 297 nonzeros (Min)
Model has 93 linear objective coefficients
Coefficient statistics:
  Matrix range     [5e-04, 1e+00]
  Objective range  [3e-02, 1e+00]
  Bounds range     [2e+01, 2e+01]
  RHS range        [4e-02, 2e+01]

LP warm-start: use basis

Iteration    Objective       Primal Inf.    Dual Inf.      Time
       0    4.0156250e+00   4.975433e+01   0.000000e+00      0s
       7    4.2459090e+00   0.000000e+00   0.000000e+00      0s

Solved in 7 iterations and 0.00 seconds (0.00 work units)
Optimal objective  4.245909048e+00

User-callback calls 47, time in user-callback 0.00 sec
Set parameter TimeLimit to value 30
Gurobi Optimizer version 13.0.2 build v13.0.2rc1 (win64 - Windows 11+.0 (26200.2))

CPU model: 13th Gen Intel(R) Core(TM) i7-13620H, instruction set [SSE2|AVX|AVX2]
Thread count: 10 physical cores, 16 logical processors, using up to 1 threads

Non-default parameters:
TimeLimit  30
SoftMemLimit  12
FeasibilityTol  1e-07
IntFeasTol  1e-07
MIPGap  0
OptimalityTol  1e-07
Method  1
NodeMethod  1
DualReductions  0
InfUnbdInfo  1
LogToConsole  0
NumericFocus  1
Seed  20260929
Threads  1

Optimize a model with 85 rows, 106 columns and 297 nonzeros (Min)
Model has 93 linear objective coefficients
Coefficient statistics:
  Matrix range     [5e-04, 1e+00]
  Objective range  [3e-02, 1e+00]
  Bounds range     [2e+01, 2e+01]
  RHS range        [4e-02, 2e+01]

LP warm-start: use basis

Iteration    Objective       Primal Inf.    Dual Inf.      Time
       0    1.1653535e+00   6.682075e+01   0.000000e+00      0s
      15    2.7656250e+00   0.000000e+00   0.000000e+00      0s

Solved in 15 iterations and 0.00 seconds (0.00 work units)
Optimal objective  2.765625000e+00

User-callback calls 55, time in user-callback 0.00 sec
Set parameter TimeLimit to value 30
Gurobi Optimizer version 13.0.2 build v13.0.2rc1 (win64 - Windows 11+.0 (26200.2))

CPU model: 13th Gen Intel(R) Core(TM) i7-13620H, instruction set [SSE2|AVX|AVX2]
Thread count: 10 physical cores, 16 logical processors, using up to 1 threads

Non-default parameters:
TimeLimit  30
SoftMemLimit  12
FeasibilityTol  1e-07
IntFeasTol  1e-07
MIPGap  0
OptimalityTol  1e-07
Method  1
NodeMethod  1
DualReductions  0
InfUnbdInfo  1
LogToConsole  0
NumericFocus  1
Seed  20260929
Threads  1

Optimize a model with 85 rows, 106 columns and 297 nonzeros (Min)
Model has 93 linear objective coefficients
Coefficient statistics:
  Matrix range     [5e-04, 1e+00]
  Objective range  [3e-02, 1e+00]
  Bounds range     [2e+01, 2e+01]
  RHS range        [4e-02, 2e+01]

LP warm-start: use basis

Iteration    Objective       Primal Inf.    Dual Inf.      Time
       0    1.8156250e+00   3.538877e+01   0.000000e+00      0s
       9    2.0252324e+00   0.000000e+00   0.000000e+00      0s

Solved in 9 iterations and 0.00 seconds (0.00 work units)
Optimal objective  2.025232360e+00

User-callback calls 48, time in user-callback 0.00 sec
Set parameter TimeLimit to value 30
Gurobi Optimizer version 13.0.2 build v13.0.2rc1 (win64 - Windows 11+.0 (26200.2))

CPU model: 13th Gen Intel(R) Core(TM) i7-13620H, instruction set [SSE2|AVX|AVX2]
Thread count: 10 physical cores, 16 logical processors, using up to 1 threads

Non-default parameters:
TimeLimit  30
SoftMemLimit  12
FeasibilityTol  1e-07
IntFeasTol  1e-07
MIPGap  0
OptimalityTol  1e-07
Method  1
NodeMethod  1
DualReductions  0
InfUnbdInfo  1
LogToConsole  0
NumericFocus  1
Seed  20260929
Threads  1

Optimize a model with 85 rows, 106 columns and 297 nonzeros (Min)
Model has 93 linear objective coefficients
Coefficient statistics:
  Matrix range     [5e-04, 1e+00]
  Objective range  [3e-02, 1e+00]
  Bounds range     [2e+01, 2e+01]
  RHS range        [4e-02, 2e+01]

LP warm-start: use basis

Iteration    Objective       Primal Inf.    Dual Inf.      Time
       0    1.5252324e+00   5.094026e+01   0.000000e+00      0s
       7    2.7656250e+00   0.000000e+00   0.000000e+00      0s

Solved in 7 iterations and 0.00 seconds (0.00 work units)
Optimal objective  2.765625000e+00

User-callback calls 47, time in user-callback 0.00 sec
Set parameter TimeLimit to value 30
Gurobi Optimizer version 13.0.2 build v13.0.2rc1 (win64 - Windows 11+.0 (26200.2))

CPU model: 13th Gen Intel(R) Core(TM) i7-13620H, instruction set [SSE2|AVX|AVX2]
Thread count: 10 physical cores, 16 logical processors, using up to 1 threads

Non-default parameters:
TimeLimit  30
SoftMemLimit  12
FeasibilityTol  1e-07
IntFeasTol  1e-07
MIPGap  0
OptimalityTol  1e-07
Method  1
NodeMethod  1
DualReductions  0
InfUnbdInfo  1
LogToConsole  0
NumericFocus  1
Seed  20260929
Threads  1

Optimize a model with 85 rows, 106 columns and 297 nonzeros (Min)
Model has 93 linear objective coefficients
Coefficient statistics:
  Matrix range     [5e-04, 1e+00]
  Objective range  [3e-02, 1e+00]
  Bounds range     [2e+01, 2e+01]
  RHS range        [4e-02, 2e+01]

LP warm-start: use basis

Iteration    Objective       Primal Inf.    Dual Inf.      Time
       0    1.8156250e+00   3.538877e+01   0.000000e+00      0s
       9    2.0252324e+00   0.000000e+00   0.000000e+00      0s

Solved in 9 iterations and 0.00 seconds (0.00 work units)
Optimal objective  2.025232360e+00

User-callback calls 48, time in user-callback 0.00 sec
Set parameter TimeLimit to value 30
Gurobi Optimizer version 13.0.2 build v13.0.2rc1 (win64 - Windows 11+.0 (26200.2))

CPU model: 13th Gen Intel(R) Core(TM) i7-13620H, instruction set [SSE2|AVX|AVX2]
Thread count: 10 physical cores, 16 logical processors, using up to 1 threads

Non-default parameters:
TimeLimit  30
SoftMemLimit  12
FeasibilityTol  1e-07
IntFeasTol  1e-07
MIPGap  0
OptimalityTol  1e-07
Method  1
NodeMethod  1
DualReductions  0
InfUnbdInfo  1
LogToConsole  0
NumericFocus  1
Seed  20260929
Threads  1

Optimize a model with 85 rows, 106 columns and 297 nonzeros (Min)
Model has 93 linear objective coefficients
Coefficient statistics:
  Matrix range     [5e-04, 1e+00]
  Objective range  [3e-02, 1e+00]
  Bounds range     [2e+01, 2e+01]
  RHS range        [4e-02, 2e+01]

LP warm-start: use basis

Iteration    Objective       Primal Inf.    Dual Inf.      Time
       0    1.5252324e+00   6.482262e+01   0.000000e+00      0s
       8    2.5281250e+00   0.000000e+00   0.000000e+00      0s

Solved in 8 iterations and 0.00 seconds (0.00 work units)
Optimal objective  2.528125000e+00

User-callback calls 48, time in user-callback 0.00 sec
Set parameter TimeLimit to value 30
Gurobi Optimizer version 13.0.2 build v13.0.2rc1 (win64 - Windows 11+.0 (26200.2))

CPU model: 13th Gen Intel(R) Core(TM) i7-13620H, instruction set [SSE2|AVX|AVX2]
Thread count: 10 physical cores, 16 logical processors, using up to 1 threads

Non-default parameters:
TimeLimit  30
SoftMemLimit  12
FeasibilityTol  1e-07
IntFeasTol  1e-07
MIPGap  0
OptimalityTol  1e-07
Method  1
NodeMethod  1
DualReductions  0
InfUnbdInfo  1
LogToConsole  0
NumericFocus  1
Seed  20260929
Threads  1

Optimize a model with 85 rows, 106 columns and 297 nonzeros (Min)
Model has 93 linear objective coefficients
Coefficient statistics:
  Matrix range     [5e-04, 1e+00]
  Objective range  [3e-02, 1e+00]
  Bounds range     [2e+01, 2e+01]
  RHS range        [4e-02, 2e+01]

LP warm-start: use basis

Iteration    Objective       Primal Inf.    Dual Inf.      Time
       0    1.5781250e+00   3.728877e+01   0.000000e+00      0s
      13    2.2334090e+00   0.000000e+00   0.000000e+00      0s

Solved in 13 iterations and 0.00 seconds (0.00 work units)
Optimal objective  2.233409048e+00

User-callback calls 53, time in user-callback 0.00 sec
Set parameter TimeLimit to value 30
Gurobi Optimizer version 13.0.2 build v13.0.2rc1 (win64 - Windows 11+.0 (26200.2))

CPU model: 13th Gen Intel(R) Core(TM) i7-13620H, instruction set [SSE2|AVX|AVX2]
Thread count: 10 physical cores, 16 logical processors, using up to 1 threads

Non-default parameters:
TimeLimit  30
SoftMemLimit  12
FeasibilityTol  1e-07
IntFeasTol  1e-07
MIPGap  0
OptimalityTol  1e-07
Method  1
NodeMethod  1
DualReductions  0
InfUnbdInfo  1
LogToConsole  0
NumericFocus  1
Seed  20260929
Threads  1

Optimize a model with 85 rows, 106 columns and 297 nonzeros (Min)
Model has 93 linear objective coefficients
Coefficient statistics:
  Matrix range     [5e-04, 1e+00]
  Objective range  [3e-02, 1e+00]
  Bounds range     [2e+01, 2e+01]
  RHS range        [4e-02, 2e+01]

LP warm-start: use basis

Iteration    Objective       Primal Inf.    Dual Inf.      Time
       0    1.4028535e+00   6.492075e+01   0.000000e+00      0s
      14    2.5281250e+00   0.000000e+00   0.000000e+00      0s

Solved in 14 iterations and 0.00 seconds (0.00 work units)
Optimal objective  2.528125000e+00

User-callback calls 54, time in user-callback 0.00 sec
Set parameter TimeLimit to value 30
Gurobi Optimizer version 13.0.2 build v13.0.2rc1 (win64 - Windows 11+.0 (26200.2))

CPU model: 13th Gen Intel(R) Core(TM) i7-13620H, instruction set [SSE2|AVX|AVX2]
Thread count: 10 physical cores, 16 logical processors, using up to 1 threads

Non-default parameters:
TimeLimit  30
SoftMemLimit  12
FeasibilityTol  1e-07
IntFeasTol  1e-07
MIPGap  0
OptimalityTol  1e-07
Method  1
NodeMethod  1
DualReductions  0
InfUnbdInfo  1
LogToConsole  0
NumericFocus  1
Seed  20260929
Threads  1

Optimize a model with 85 rows, 106 columns and 297 nonzeros (Min)
Model has 93 linear objective coefficients
Coefficient statistics:
  Matrix range     [5e-04, 1e+00]
  Objective range  [3e-02, 1e+00]
  Bounds range     [2e+01, 2e+01]
  RHS range        [4e-02, 2e+01]

LP warm-start: use basis

Iteration    Objective       Primal Inf.    Dual Inf.      Time
       0    1.5781250e+00   3.728877e+01   0.000000e+00      0s
      13    2.2334090e+00   0.000000e+00   0.000000e+00      0s

Solved in 13 iterations and 0.00 seconds (0.00 work units)
Optimal objective  2.233409048e+00

User-callback calls 53, time in user-callback 0.00 sec
Set parameter TimeLimit to value 30
Gurobi Optimizer version 13.0.2 build v13.0.2rc1 (win64 - Windows 11+.0 (26200.2))

CPU model: 13th Gen Intel(R) Core(TM) i7-13620H, instruction set [SSE2|AVX|AVX2]
Thread count: 10 physical cores, 16 logical processors, using up to 1 threads

Non-default parameters:
TimeLimit  30
SoftMemLimit  12
FeasibilityTol  1e-07
IntFeasTol  1e-07
MIPGap  0
OptimalityTol  1e-07
Method  1
NodeMethod  1
DualReductions  0
InfUnbdInfo  1
LogToConsole  0
NumericFocus  1
Seed  20260929
Threads  1

Optimize a model with 85 rows, 106 columns and 297 nonzeros (Min)
Model has 93 linear objective coefficients
Coefficient statistics:
  Matrix range     [5e-04, 1e+00]
  Objective range  [3e-02, 1e+00]
  Bounds range     [2e+01, 2e+01]
  RHS range        [4e-02, 2e+01]

LP warm-start: use basis

Iteration    Objective       Primal Inf.    Dual Inf.      Time
       0   -8.4714651e-01   6.892075e+01   0.000000e+00      0s
      17    4.7781250e+00   0.000000e+00   0.000000e+00      0s

Solved in 17 iterations and 0.00 seconds (0.00 work units)
Optimal objective  4.778125000e+00

User-callback calls 57, time in user-callback 0.00 sec
Set parameter TimeLimit to value 30
Gurobi Optimizer version 13.0.2 build v13.0.2rc1 (win64 - Windows 11+.0 (26200.2))

CPU model: 13th Gen Intel(R) Core(TM) i7-13620H, instruction set [SSE2|AVX|AVX2]
Thread count: 10 physical cores, 16 logical processors, using up to 1 threads

Non-default parameters:
TimeLimit  30
SoftMemLimit  12
FeasibilityTol  1e-07
IntFeasTol  1e-07
MIPGap  0
OptimalityTol  1e-07
Method  1
NodeMethod  1
DualReductions  0
InfUnbdInfo  1
LogToConsole  0
NumericFocus  1
Seed  20260929
Threads  1

Optimize a model with 85 rows, 106 columns and 297 nonzeros (Min)
Model has 93 linear objective coefficients
Coefficient statistics:
  Matrix range     [5e-04, 1e+00]
  Objective range  [3e-02, 1e+00]
  Bounds range     [2e+01, 2e+01]
  RHS range        [4e-02, 2e+01]

LP warm-start: use basis

Iteration    Objective       Primal Inf.    Dual Inf.      Time
       0    3.8281250e+00   3.528877e+01   0.000000e+00      0s
       9    4.0252324e+00   0.000000e+00   0.000000e+00      0s

Solved in 9 iterations and 0.00 seconds (0.00 work units)
Optimal objective  4.025232360e+00

User-callback calls 48, time in user-callback 0.00 sec
Set parameter TimeLimit to value 30
Gurobi Optimizer version 13.0.2 build v13.0.2rc1 (win64 - Windows 11+.0 (26200.2))

CPU model: 13th Gen Intel(R) Core(TM) i7-13620H, instruction set [SSE2|AVX|AVX2]
Thread count: 10 physical cores, 16 logical processors, using up to 1 threads

Non-default parameters:
TimeLimit  30
SoftMemLimit  12
FeasibilityTol  1e-07
IntFeasTol  1e-07
MIPGap  0
OptimalityTol  1e-07
Method  1
NodeMethod  1
DualReductions  0
InfUnbdInfo  1
LogToConsole  0
NumericFocus  1
Seed  20260929
Threads  1

Optimize a model with 85 rows, 106 columns and 297 nonzeros (Min)
Model has 93 linear objective coefficients
Coefficient statistics:
  Matrix range     [5e-04, 1e+00]
  Objective range  [3e-02, 1e+00]
  Bounds range     [2e+01, 2e+01]
  RHS range        [4e-02, 2e+01]

LP warm-start: use basis

Iteration    Objective       Primal Inf.    Dual Inf.      Time
       0    3.5252324e+00   5.188546e+01   0.000000e+00      0s
       8    4.7781250e+00   0.000000e+00   0.000000e+00      0s

Solved in 8 iterations and 0.00 seconds (0.00 work units)
Optimal objective  4.778125000e+00

User-callback calls 48, time in user-callback 0.00 sec
Set parameter TimeLimit to value 30
Gurobi Optimizer version 13.0.2 build v13.0.2rc1 (win64 - Windows 11+.0 (26200.2))

CPU model: 13th Gen Intel(R) Core(TM) i7-13620H, instruction set [SSE2|AVX|AVX2]
Thread count: 10 physical cores, 16 logical processors, using up to 1 threads

Non-default parameters:
TimeLimit  30
SoftMemLimit  12
FeasibilityTol  1e-07
IntFeasTol  1e-07
MIPGap  0
OptimalityTol  1e-07
Method  1
NodeMethod  1
DualReductions  0
InfUnbdInfo  1
LogToConsole  0
NumericFocus  1
Seed  20260929
Threads  1

Optimize a model with 85 rows, 106 columns and 297 nonzeros (Min)
Model has 93 linear objective coefficients
Coefficient statistics:
  Matrix range     [5e-04, 1e+00]
  Objective range  [3e-02, 1e+00]
  Bounds range     [2e+01, 2e+01]
  RHS range        [4e-02, 2e+01]

LP warm-start: use basis

Iteration    Objective       Primal Inf.    Dual Inf.      Time
       0    3.8281250e+00   3.528877e+01   0.000000e+00      0s
       9    4.0252324e+00   0.000000e+00   0.000000e+00      0s

Solved in 9 iterations and 0.00 seconds (0.00 work units)
Optimal objective  4.025232360e+00

User-callback calls 48, time in user-callback 0.00 sec
Set parameter TimeLimit to value 30
Gurobi Optimizer version 13.0.2 build v13.0.2rc1 (win64 - Windows 11+.0 (26200.2))

CPU model: 13th Gen Intel(R) Core(TM) i7-13620H, instruction set [SSE2|AVX|AVX2]
Thread count: 10 physical cores, 16 logical processors, using up to 1 threads

Non-default parameters:
TimeLimit  30
SoftMemLimit  12
FeasibilityTol  1e-07
IntFeasTol  1e-07
MIPGap  0
OptimalityTol  1e-07
Method  1
NodeMethod  1
DualReductions  0
InfUnbdInfo  1
LogToConsole  0
NumericFocus  1
Seed  20260929
Threads  1

Optimize a model with 85 rows, 106 columns and 297 nonzeros (Min)
Model has 93 linear objective coefficients
Coefficient statistics:
  Matrix range     [5e-04, 1e+00]
  Objective range  [3e-02, 1e+00]
  Bounds range     [2e+01, 2e+01]
  RHS range        [4e-02, 2e+01]

LP warm-start: use basis

Iteration    Objective       Primal Inf.    Dual Inf.      Time
       0   -2.5000000e+00   1.292777e+02   0.000000e+00      0s
      12    2.0000000e+00   0.000000e+00   0.000000e+00      0s

Solved in 12 iterations and 0.00 seconds (0.00 work units)
Optimal objective  2.000000000e+00

User-callback calls 52, time in user-callback 0.00 sec
Set parameter TimeLimit to value 30
Gurobi Optimizer version 13.0.2 build v13.0.2rc1 (win64 - Windows 11+.0 (26200.2))

CPU model: 13th Gen Intel(R) Core(TM) i7-13620H, instruction set [SSE2|AVX|AVX2]
Thread count: 10 physical cores, 16 logical processors, using up to 1 threads

Non-default parameters:
TimeLimit  30
SoftMemLimit  12
FeasibilityTol  1e-07
IntFeasTol  1e-07
MIPGap  0
OptimalityTol  1e-07
Method  1
NodeMethod  1
DualReductions  0
InfUnbdInfo  1
LogToConsole  0
NumericFocus  1
Seed  20260929
Threads  1

Optimize a model with 85 rows, 106 columns and 297 nonzeros (Min)
Model has 93 linear objective coefficients
Coefficient statistics:
  Matrix range     [5e-04, 1e+00]
  Objective range  [3e-02, 1e+00]
  Bounds range     [2e+01, 2e+01]
  RHS range        [4e-02, 2e+01]

LP warm-start: use basis

Iteration    Objective       Primal Inf.    Dual Inf.      Time
       0    2.0000000e+00   0.000000e+00   0.000000e+00      0s

Solved in 0 iterations and 0.00 seconds (0.00 work units)
Optimal objective  2.000000000e+00

User-callback calls 38, time in user-callback 0.00 sec
Set parameter TimeLimit to value 30
Gurobi Optimizer version 13.0.2 build v13.0.2rc1 (win64 - Windows 11+.0 (26200.2))

CPU model: 13th Gen Intel(R) Core(TM) i7-13620H, instruction set [SSE2|AVX|AVX2]
Thread count: 10 physical cores, 16 logical processors, using up to 1 threads

Non-default parameters:
TimeLimit  30
SoftMemLimit  12
FeasibilityTol  1e-07
IntFeasTol  1e-07
MIPGap  0
OptimalityTol  1e-07
Method  1
NodeMethod  1
DualReductions  0
InfUnbdInfo  1
LogToConsole  0
NumericFocus  1
Seed  20260929
Threads  1

Optimize a model with 85 rows, 106 columns and 297 nonzeros (Min)
Model has 93 linear objective coefficients
Coefficient statistics:
  Matrix range     [5e-04, 1e+00]
  Objective range  [3e-02, 1e+00]
  Bounds range     [2e+01, 2e+01]
  RHS range        [4e-02, 2e+01]

LP warm-start: use basis

Iteration    Objective       Primal Inf.    Dual Inf.      Time
       0    2.0000000e+00   6.480000e+00   0.000000e+00      0s
       1    2.0000000e+00   0.000000e+00   0.000000e+00      0s

Solved in 1 iterations and 0.00 seconds (0.00 work units)
Optimal objective  2.000000000e+00

User-callback calls 41, time in user-callback 0.00 sec
Set parameter TimeLimit to value 30
Gurobi Optimizer version 13.0.2 build v13.0.2rc1 (win64 - Windows 11+.0 (26200.2))

CPU model: 13th Gen Intel(R) Core(TM) i7-13620H, instruction set [SSE2|AVX|AVX2]
Thread count: 10 physical cores, 16 logical processors, using up to 1 threads

Non-default parameters:
TimeLimit  30
SoftMemLimit  12
FeasibilityTol  1e-07
IntFeasTol  1e-07
MIPGap  0
OptimalityTol  1e-07
Method  1
NodeMethod  1
DualReductions  0
InfUnbdInfo  1
LogToConsole  0
NumericFocus  1
Seed  20260929
Threads  1

Optimize a model with 85 rows, 106 columns and 297 nonzeros (Min)
Model has 93 linear objective coefficients
Coefficient statistics:
  Matrix range     [5e-04, 1e+00]
  Objective range  [3e-02, 1e+00]
  Bounds range     [2e+01, 2e+01]
  RHS range        [4e-02, 2e+01]

LP warm-start: use basis

Iteration    Objective       Primal Inf.    Dual Inf.      Time
       0    2.0000000e+00   0.000000e+00   0.000000e+00      0s

Solved in 0 iterations and 0.00 seconds (0.00 work units)
Optimal objective  2.000000000e+00

User-callback calls 38, time in user-callback 0.00 sec
Set parameter TimeLimit to value 30
Gurobi Optimizer version 13.0.2 build v13.0.2rc1 (win64 - Windows 11+.0 (26200.2))

CPU model: 13th Gen Intel(R) Core(TM) i7-13620H, instruction set [SSE2|AVX|AVX2]
Thread count: 10 physical cores, 16 logical processors, using up to 1 threads

Non-default parameters:
TimeLimit  30
SoftMemLimit  12
FeasibilityTol  1e-07
IntFeasTol  1e-07
MIPGap  0
OptimalityTol  1e-07
Method  1
NodeMethod  1
DualReductions  0
InfUnbdInfo  1
LogToConsole  0
NumericFocus  1
Seed  20260929
Threads  1

Optimize a model with 85 rows, 106 columns and 297 nonzeros (Min)
Model has 93 linear objective coefficients
Coefficient statistics:
  Matrix range     [5e-04, 1e+00]
  Objective range  [3e-02, 1e+00]
  Bounds range     [2e+01, 2e+01]
  RHS range        [4e-02, 2e+01]

LP warm-start: use basis

Iteration    Objective       Primal Inf.    Dual Inf.      Time
       0    4.0000000e+00   8.199572e+01   0.000000e+00      0s
       8    4.2500000e+00   0.000000e+00   0.000000e+00      0s

Solved in 8 iterations and 0.00 seconds (0.00 work units)
Optimal objective  4.250000000e+00

User-callback calls 48, time in user-callback 0.00 sec
Set parameter TimeLimit to value 30
Gurobi Optimizer version 13.0.2 build v13.0.2rc1 (win64 - Windows 11+.0 (26200.2))

CPU model: 13th Gen Intel(R) Core(TM) i7-13620H, instruction set [SSE2|AVX|AVX2]
Thread count: 10 physical cores, 16 logical processors, using up to 1 threads

Non-default parameters:
TimeLimit  30
SoftMemLimit  12
FeasibilityTol  1e-07
IntFeasTol  1e-07
MIPGap  0
OptimalityTol  1e-07
Method  1
NodeMethod  1
DualReductions  0
InfUnbdInfo  1
LogToConsole  0
NumericFocus  1
Seed  20260929
Threads  1

Optimize a model with 85 rows, 106 columns and 297 nonzeros (Min)
Model has 93 linear objective coefficients
Coefficient statistics:
  Matrix range     [5e-04, 1e+00]
  Objective range  [3e-02, 1e+00]
  Bounds range     [2e+01, 2e+01]
  RHS range        [4e-02, 2e+01]

LP warm-start: use basis

Iteration    Objective       Primal Inf.    Dual Inf.      Time
       0    4.2500000e+00   0.000000e+00   0.000000e+00      0s

Solved in 0 iterations and 0.00 seconds (0.00 work units)
Optimal objective  4.250000000e+00

User-callback calls 38, time in user-callback 0.00 sec
Set parameter TimeLimit to value 30
Gurobi Optimizer version 13.0.2 build v13.0.2rc1 (win64 - Windows 11+.0 (26200.2))

CPU model: 13th Gen Intel(R) Core(TM) i7-13620H, instruction set [SSE2|AVX|AVX2]
Thread count: 10 physical cores, 16 logical processors, using up to 1 threads

Non-default parameters:
TimeLimit  30
SoftMemLimit  12
FeasibilityTol  1e-07
IntFeasTol  1e-07
MIPGap  0
OptimalityTol  1e-07
Method  1
NodeMethod  1
DualReductions  0
InfUnbdInfo  1
LogToConsole  0
NumericFocus  1
Seed  20260929
Threads  1

Optimize a model with 85 rows, 106 columns and 297 nonzeros (Min)
Model has 93 linear objective coefficients
Coefficient statistics:
  Matrix range     [5e-04, 1e+00]
  Objective range  [3e-02, 1e+00]
  Bounds range     [2e+01, 2e+01]
  RHS range        [4e-02, 2e+01]

LP warm-start: use basis

Iteration    Objective       Primal Inf.    Dual Inf.      Time
       0    3.2500000e+00   8.000000e+00   0.000000e+00      0s
       6    4.0293233e+00   0.000000e+00   0.000000e+00      0s

Solved in 6 iterations and 0.00 seconds (0.00 work units)
Optimal objective  4.029323312e+00

User-callback calls 46, time in user-callback 0.00 sec
Set parameter TimeLimit to value 30
Gurobi Optimizer version 13.0.2 build v13.0.2rc1 (win64 - Windows 11+.0 (26200.2))

CPU model: 13th Gen Intel(R) Core(TM) i7-13620H, instruction set [SSE2|AVX|AVX2]
Thread count: 10 physical cores, 16 logical processors, using up to 1 threads

Non-default parameters:
TimeLimit  30
SoftMemLimit  12
FeasibilityTol  1e-07
IntFeasTol  1e-07
MIPGap  0
OptimalityTol  1e-07
Method  1
NodeMethod  1
DualReductions  0
InfUnbdInfo  1
LogToConsole  0
NumericFocus  1
Seed  20260929
Threads  1

Optimize a model with 85 rows, 106 columns and 297 nonzeros (Min)
Model has 93 linear objective coefficients
Coefficient statistics:
  Matrix range     [5e-04, 1e+00]
  Objective range  [3e-02, 1e+00]
  Bounds range     [2e+01, 2e+01]
  RHS range        [4e-02, 2e+01]

LP warm-start: use basis

Iteration    Objective       Primal Inf.    Dual Inf.      Time
       0    4.0293233e+00   0.000000e+00   0.000000e+00      0s

Solved in 0 iterations and 0.00 seconds (0.00 work units)
Optimal objective  4.029323312e+00

User-callback calls 38, time in user-callback 0.00 sec
Set parameter TimeLimit to value 30
Gurobi Optimizer version 13.0.2 build v13.0.2rc1 (win64 - Windows 11+.0 (26200.2))

CPU model: 13th Gen Intel(R) Core(TM) i7-13620H, instruction set [SSE2|AVX|AVX2]
Thread count: 10 physical cores, 16 logical processors, using up to 1 threads

Non-default parameters:
TimeLimit  30
SoftMemLimit  12
FeasibilityTol  1e-07
IntFeasTol  1e-07
MIPGap  0
OptimalityTol  1e-07
Method  1
NodeMethod  1
DualReductions  0
InfUnbdInfo  1
LogToConsole  0
NumericFocus  1
Seed  20260929
Threads  1

Optimize a model with 85 rows, 106 columns and 297 nonzeros (Min)
Model has 93 linear objective coefficients
Coefficient statistics:
  Matrix range     [5e-04, 1e+00]
  Objective range  [3e-02, 1e+00]
  Bounds range     [2e+01, 2e+01]
  RHS range        [4e-02, 2e+01]

LP warm-start: use basis

Iteration    Objective       Primal Inf.    Dual Inf.      Time
       0    3.7918233e+00   9.511696e+00   0.000000e+00      0s
       6    4.0125000e+00   0.000000e+00   0.000000e+00      0s

Solved in 6 iterations and 0.00 seconds (0.00 work units)
Optimal objective  4.012500000e+00

User-callback calls 46, time in user-callback 0.00 sec
Set parameter TimeLimit to value 30
Gurobi Optimizer version 13.0.2 build v13.0.2rc1 (win64 - Windows 11+.0 (26200.2))

CPU model: 13th Gen Intel(R) Core(TM) i7-13620H, instruction set [SSE2|AVX|AVX2]
Thread count: 10 physical cores, 16 logical processors, using up to 1 threads

Non-default parameters:
TimeLimit  30
SoftMemLimit  12
FeasibilityTol  1e-07
IntFeasTol  1e-07
MIPGap  0
OptimalityTol  1e-07
Method  1
NodeMethod  1
DualReductions  0
InfUnbdInfo  1
LogToConsole  0
NumericFocus  1
Seed  20260929
Threads  1

Optimize a model with 85 rows, 106 columns and 297 nonzeros (Min)
Model has 93 linear objective coefficients
Coefficient statistics:
  Matrix range     [5e-04, 1e+00]
  Objective range  [3e-02, 1e+00]
  Bounds range     [2e+01, 2e+01]
  RHS range        [4e-02, 2e+01]

LP warm-start: use basis

Iteration    Objective       Primal Inf.    Dual Inf.      Time
       0    4.0125000e+00   0.000000e+00   0.000000e+00      0s

Solved in 0 iterations and 0.00 seconds (0.00 work units)
Optimal objective  4.012500000e+00

User-callback calls 38, time in user-callback 0.00 sec
Set parameter TimeLimit to value 30
Gurobi Optimizer version 13.0.2 build v13.0.2rc1 (win64 - Windows 11+.0 (26200.2))

CPU model: 13th Gen Intel(R) Core(TM) i7-13620H, instruction set [SSE2|AVX|AVX2]
Thread count: 10 physical cores, 16 logical processors, using up to 1 threads

Non-default parameters:
TimeLimit  30
SoftMemLimit  12
FeasibilityTol  1e-07
IntFeasTol  1e-07
MIPGap  0
OptimalityTol  1e-07
Method  1
NodeMethod  1
DualReductions  0
InfUnbdInfo  1
LogToConsole  0
NumericFocus  1
Seed  20260929
Threads  1

Optimize a model with 85 rows, 106 columns and 297 nonzeros (Min)
Model has 93 linear objective coefficients
Coefficient statistics:
  Matrix range     [5e-04, 1e+00]
  Objective range  [3e-02, 1e+00]
  Bounds range     [2e+01, 2e+01]
  RHS range        [4e-02, 2e+01]

LP warm-start: use basis

Iteration    Objective       Primal Inf.    Dual Inf.      Time
       0    3.7875000e+00   1.867592e+01   0.000000e+00      0s
       7    4.0000000e+00   0.000000e+00   0.000000e+00      0s

Solved in 7 iterations and 0.00 seconds (0.00 work units)
Optimal objective  4.000000000e+00

User-callback calls 47, time in user-callback 0.00 sec
Set parameter TimeLimit to value 30
Gurobi Optimizer version 13.0.2 build v13.0.2rc1 (win64 - Windows 11+.0 (26200.2))

CPU model: 13th Gen Intel(R) Core(TM) i7-13620H, instruction set [SSE2|AVX|AVX2]
Thread count: 10 physical cores, 16 logical processors, using up to 1 threads

Non-default parameters:
TimeLimit  30
SoftMemLimit  12
FeasibilityTol  1e-07
IntFeasTol  1e-07
MIPGap  0
OptimalityTol  1e-07
Method  1
NodeMethod  1
DualReductions  0
InfUnbdInfo  1
LogToConsole  0
NumericFocus  1
Seed  20260929
Threads  1

Optimize a model with 85 rows, 106 columns and 297 nonzeros (Min)
Model has 93 linear objective coefficients
Coefficient statistics:
  Matrix range     [5e-04, 1e+00]
  Objective range  [3e-02, 1e+00]
  Bounds range     [2e+01, 2e+01]
  RHS range        [4e-02, 2e+01]

LP warm-start: use basis

Iteration    Objective       Primal Inf.    Dual Inf.      Time
       0    4.0000000e+00   0.000000e+00   0.000000e+00      0s

Solved in 0 iterations and 0.00 seconds (0.00 work units)
Optimal objective  4.000000000e+00

User-callback calls 38, time in user-callback 0.00 sec
Set parameter TimeLimit to value 30
Gurobi Optimizer version 13.0.2 build v13.0.2rc1 (win64 - Windows 11+.0 (26200.2))

CPU model: 13th Gen Intel(R) Core(TM) i7-13620H, instruction set [SSE2|AVX|AVX2]
Thread count: 10 physical cores, 16 logical processors, using up to 1 threads

Non-default parameters:
TimeLimit  30
SoftMemLimit  12
FeasibilityTol  1e-07
IntFeasTol  1e-07
MIPGap  0
OptimalityTol  1e-07
Method  1
NodeMethod  1
DualReductions  0
InfUnbdInfo  1
LogToConsole  0
NumericFocus  1
Seed  20260929
Threads  1

Optimize a model with 85 rows, 106 columns and 297 nonzeros (Min)
Model has 93 linear objective coefficients
Coefficient statistics:
  Matrix range     [5e-04, 1e+00]
  Objective range  [3e-02, 1e+00]
  Bounds range     [2e+01, 2e+01]
  RHS range        [4e-02, 2e+01]

LP warm-start: use basis

Iteration    Objective       Primal Inf.    Dual Inf.      Time
       0    6.0000000e+00   3.703904e+01   0.000000e+00      0s
       3    6.2625000e+00   0.000000e+00   0.000000e+00      0s

Solved in 3 iterations and 0.00 seconds (0.00 work units)
Optimal objective  6.262500000e+00

User-callback calls 43, time in user-callback 0.00 sec
Set parameter TimeLimit to value 30
Gurobi Optimizer version 13.0.2 build v13.0.2rc1 (win64 - Windows 11+.0 (26200.2))

CPU model: 13th Gen Intel(R) Core(TM) i7-13620H, instruction set [SSE2|AVX|AVX2]
Thread count: 10 physical cores, 16 logical processors, using up to 1 threads

Non-default parameters:
TimeLimit  30
SoftMemLimit  12
FeasibilityTol  1e-07
IntFeasTol  1e-07
MIPGap  0
OptimalityTol  1e-07
Method  1
NodeMethod  1
DualReductions  0
InfUnbdInfo  1
LogToConsole  0
NumericFocus  1
Seed  20260929
Threads  1

Optimize a model with 85 rows, 106 columns and 297 nonzeros (Min)
Model has 93 linear objective coefficients
Coefficient statistics:
  Matrix range     [5e-04, 1e+00]
  Objective range  [3e-02, 1e+00]
  Bounds range     [2e+01, 2e+01]
  RHS range        [4e-02, 2e+01]

LP warm-start: use basis

Iteration    Objective       Primal Inf.    Dual Inf.      Time
       0    6.2625000e+00   0.000000e+00   0.000000e+00      0s

Solved in 0 iterations and 0.00 seconds (0.00 work units)
Optimal objective  6.262500000e+00

User-callback calls 38, time in user-callback 0.00 sec
Set parameter TimeLimit to value 30
Gurobi Optimizer version 13.0.2 build v13.0.2rc1 (win64 - Windows 11+.0 (26200.2))

CPU model: 13th Gen Intel(R) Core(TM) i7-13620H, instruction set [SSE2|AVX|AVX2]
Thread count: 10 physical cores, 16 logical processors, using up to 1 threads

Non-default parameters:
TimeLimit  30
SoftMemLimit  12
FeasibilityTol  1e-07
IntFeasTol  1e-07
MIPGap  0
OptimalityTol  1e-07
Method  1
NodeMethod  1
DualReductions  0
InfUnbdInfo  1
LogToConsole  0
NumericFocus  1
Seed  20260929
Threads  1

Optimize a model with 85 rows, 106 columns and 297 nonzeros (Min)
Model has 93 linear objective coefficients
Coefficient statistics:
  Matrix range     [5e-04, 1e+00]
  Objective range  [3e-02, 1e+00]
  Bounds range     [2e+01, 2e+01]
  RHS range        [4e-02, 2e+01]

LP warm-start: use basis

Iteration    Objective       Primal Inf.    Dual Inf.      Time
       0    6.0375000e+00   1.697592e+01   0.000000e+00      0s
       4    6.0418233e+00   0.000000e+00   0.000000e+00      0s

Solved in 4 iterations and 0.00 seconds (0.00 work units)
Optimal objective  6.041823312e+00

User-callback calls 44, time in user-callback 0.00 sec
Set parameter TimeLimit to value 30
Gurobi Optimizer version 13.0.2 build v13.0.2rc1 (win64 - Windows 11+.0 (26200.2))

CPU model: 13th Gen Intel(R) Core(TM) i7-13620H, instruction set [SSE2|AVX|AVX2]
Thread count: 10 physical cores, 16 logical processors, using up to 1 threads

Non-default parameters:
TimeLimit  30
SoftMemLimit  12
FeasibilityTol  1e-07
IntFeasTol  1e-07
MIPGap  0
OptimalityTol  1e-07
Method  1
NodeMethod  1
DualReductions  0
InfUnbdInfo  1
LogToConsole  0
NumericFocus  1
Seed  20260929
Threads  1

Optimize a model with 85 rows, 106 columns and 297 nonzeros (Min)
Model has 93 linear objective coefficients
Coefficient statistics:
  Matrix range     [5e-04, 1e+00]
  Objective range  [3e-02, 1e+00]
  Bounds range     [2e+01, 2e+01]
  RHS range        [4e-02, 2e+01]

LP warm-start: use basis

Iteration    Objective       Primal Inf.    Dual Inf.      Time
       0    6.0418233e+00   0.000000e+00   0.000000e+00      0s

Solved in 0 iterations and 0.00 seconds (0.00 work units)
Optimal objective  6.041823312e+00

User-callback calls 38, time in user-callback 0.00 sec
Set parameter TimeLimit to value 30
Gurobi Optimizer version 13.0.2 build v13.0.2rc1 (win64 - Windows 11+.0 (26200.2))

CPU model: 13th Gen Intel(R) Core(TM) i7-13620H, instruction set [SSE2|AVX|AVX2]
Thread count: 10 physical cores, 16 logical processors, using up to 1 threads

Non-default parameters:
TimeLimit  30
SoftMemLimit  12
FeasibilityTol  1e-07
IntFeasTol  1e-07
MIPGap  0
OptimalityTol  1e-07
Method  1
NodeMethod  1
DualReductions  0
InfUnbdInfo  1
LogToConsole  0
NumericFocus  1
Seed  20260929
Threads  1

Optimize a model with 85 rows, 106 columns and 297 nonzeros (Min)
Model has 93 linear objective coefficients
Coefficient statistics:
  Matrix range     [5e-04, 1e+00]
  Objective range  [3e-02, 1e+00]
  Bounds range     [2e+01, 2e+01]
  RHS range        [4e-02, 2e+01]

LP warm-start: use basis

Iteration    Objective       Primal Inf.    Dual Inf.      Time
       0   -5.0900468e-01   4.366243e+01   0.000000e+00      0s
      10    2.5156250e+00   0.000000e+00   0.000000e+00      0s

Solved in 10 iterations and 0.00 seconds (0.00 work units)
Optimal objective  2.515625000e+00

User-callback calls 50, time in user-callback 0.00 sec
Set parameter TimeLimit to value 30
Gurobi Optimizer version 13.0.2 build v13.0.2rc1 (win64 - Windows 11+.0 (26200.2))

CPU model: 13th Gen Intel(R) Core(TM) i7-13620H, instruction set [SSE2|AVX|AVX2]
Thread count: 10 physical cores, 16 logical processors, using up to 1 threads

Non-default parameters:
TimeLimit  30
SoftMemLimit  12
FeasibilityTol  1e-07
IntFeasTol  1e-07
MIPGap  0
OptimalityTol  1e-07
Method  1
NodeMethod  1
DualReductions  0
InfUnbdInfo  1
LogToConsole  0
NumericFocus  1
Seed  20260929
Threads  1

Optimize a model with 85 rows, 106 columns and 297 nonzeros (Min)
Model has 93 linear objective coefficients
Coefficient statistics:
  Matrix range     [5e-04, 1e+00]
  Objective range  [3e-02, 1e+00]
  Bounds range     [2e+01, 2e+01]
  RHS range        [4e-02, 2e+01]

LP warm-start: use basis

Iteration    Objective       Primal Inf.    Dual Inf.      Time
       0    1.7906250e+00   1.885438e+01   0.000000e+00      0s
      10    2.0252324e+00   0.000000e+00   0.000000e+00      0s

Solved in 10 iterations and 0.00 seconds (0.00 work units)
Optimal objective  2.025232360e+00

User-callback calls 49, time in user-callback 0.00 sec
Set parameter TimeLimit to value 30
Gurobi Optimizer version 13.0.2 build v13.0.2rc1 (win64 - Windows 11+.0 (26200.2))

CPU model: 13th Gen Intel(R) Core(TM) i7-13620H, instruction set [SSE2|AVX|AVX2]
Thread count: 10 physical cores, 16 logical processors, using up to 1 threads

Non-default parameters:
TimeLimit  30
SoftMemLimit  12
FeasibilityTol  1e-07
IntFeasTol  1e-07
MIPGap  0
OptimalityTol  1e-07
Method  1
NodeMethod  1
DualReductions  0
InfUnbdInfo  1
LogToConsole  0
NumericFocus  1
Seed  20260929
Threads  1

Optimize a model with 85 rows, 106 columns and 297 nonzeros (Min)
Model has 93 linear objective coefficients
Coefficient statistics:
  Matrix range     [5e-04, 1e+00]
  Objective range  [3e-02, 1e+00]
  Bounds range     [2e+01, 2e+01]
  RHS range        [4e-02, 2e+01]

LP warm-start: use basis

Iteration    Objective       Primal Inf.    Dual Inf.      Time
       0    1.5252324e+00   5.181690e+01   0.000000e+00      0s
       8    2.5156250e+00   0.000000e+00   0.000000e+00      0s

Solved in 8 iterations and 0.00 seconds (0.00 work units)
Optimal objective  2.515625000e+00

User-callback calls 47, time in user-callback 0.00 sec
Set parameter TimeLimit to value 30
Gurobi Optimizer version 13.0.2 build v13.0.2rc1 (win64 - Windows 11+.0 (26200.2))

CPU model: 13th Gen Intel(R) Core(TM) i7-13620H, instruction set [SSE2|AVX|AVX2]
Thread count: 10 physical cores, 16 logical processors, using up to 1 threads

Non-default parameters:
TimeLimit  30
SoftMemLimit  12
FeasibilityTol  1e-07
IntFeasTol  1e-07
MIPGap  0
OptimalityTol  1e-07
Method  1
NodeMethod  1
DualReductions  0
InfUnbdInfo  1
LogToConsole  0
NumericFocus  1
Seed  20260929
Threads  1

Optimize a model with 85 rows, 106 columns and 297 nonzeros (Min)
Model has 93 linear objective coefficients
Coefficient statistics:
  Matrix range     [5e-04, 1e+00]
  Objective range  [3e-02, 1e+00]
  Bounds range     [2e+01, 2e+01]
  RHS range        [4e-02, 2e+01]

LP warm-start: use basis

Iteration    Objective       Primal Inf.    Dual Inf.      Time
       0    2.0156250e+00   6.480000e+00   0.000000e+00      0s
       8    2.2459090e+00   0.000000e+00   0.000000e+00      0s

Solved in 8 iterations and 0.00 seconds (0.00 work units)
Optimal objective  2.245909048e+00

User-callback calls 48, time in user-callback 0.00 sec
Set parameter TimeLimit to value 30
Gurobi Optimizer version 13.0.2 build v13.0.2rc1 (win64 - Windows 11+.0 (26200.2))

CPU model: 13th Gen Intel(R) Core(TM) i7-13620H, instruction set [SSE2|AVX|AVX2]
Thread count: 10 physical cores, 16 logical processors, using up to 1 threads

Non-default parameters:
TimeLimit  30
SoftMemLimit  12
FeasibilityTol  1e-07
IntFeasTol  1e-07
MIPGap  0
OptimalityTol  1e-07
Method  1
NodeMethod  1
DualReductions  0
InfUnbdInfo  1
LogToConsole  0
NumericFocus  1
Seed  20260929
Threads  1

Optimize a model with 85 rows, 106 columns and 297 nonzeros (Min)
Model has 93 linear objective coefficients
Coefficient statistics:
  Matrix range     [5e-04, 1e+00]
  Objective range  [3e-02, 1e+00]
  Bounds range     [2e+01, 2e+01]
  RHS range        [4e-02, 2e+01]

LP warm-start: use basis

Iteration    Objective       Primal Inf.    Dual Inf.      Time
       0    1.1653535e+00   6.675482e+01   0.000000e+00      0s
      13    2.7656250e+00   0.000000e+00   0.000000e+00      0s

Solved in 13 iterations and 0.00 seconds (0.00 work units)
Optimal objective  2.765625000e+00

User-callback calls 53, time in user-callback 0.00 sec
Set parameter TimeLimit to value 30
Gurobi Optimizer version 13.0.2 build v13.0.2rc1 (win64 - Windows 11+.0 (26200.2))

CPU model: 13th Gen Intel(R) Core(TM) i7-13620H, instruction set [SSE2|AVX|AVX2]
Thread count: 10 physical cores, 16 logical processors, using up to 1 threads

Non-default parameters:
TimeLimit  30
SoftMemLimit  12
FeasibilityTol  1e-07
IntFeasTol  1e-07
MIPGap  0
OptimalityTol  1e-07
Method  1
NodeMethod  1
DualReductions  0
InfUnbdInfo  1
LogToConsole  0
NumericFocus  1
Seed  20260929
Threads  1

Optimize a model with 85 rows, 106 columns and 297 nonzeros (Min)
Model has 93 linear objective coefficients
Coefficient statistics:
  Matrix range     [5e-04, 1e+00]
  Objective range  [3e-02, 1e+00]
  Bounds range     [2e+01, 2e+01]
  RHS range        [4e-02, 2e+01]

LP warm-start: use basis

Iteration    Objective       Primal Inf.    Dual Inf.      Time
       0    2.0406250e+00   1.689438e+01   0.000000e+00      0s
       4    2.0545557e+00   0.000000e+00   0.000000e+00      0s

Solved in 4 iterations and 0.00 seconds (0.00 work units)
Optimal objective  2.054555672e+00

User-callback calls 44, time in user-callback 0.00 sec
Set parameter TimeLimit to value 30
Gurobi Optimizer version 13.0.2 build v13.0.2rc1 (win64 - Windows 11+.0 (26200.2))

CPU model: 13th Gen Intel(R) Core(TM) i7-13620H, instruction set [SSE2|AVX|AVX2]
Thread count: 10 physical cores, 16 logical processors, using up to 1 threads

Non-default parameters:
TimeLimit  30
SoftMemLimit  12
FeasibilityTol  1e-07
IntFeasTol  1e-07
MIPGap  0
OptimalityTol  1e-07
Method  1
NodeMethod  1
DualReductions  0
InfUnbdInfo  1
LogToConsole  0
NumericFocus  1
Seed  20260929
Threads  1

Optimize a model with 85 rows, 106 columns and 297 nonzeros (Min)
Model has 93 linear objective coefficients
Coefficient statistics:
  Matrix range     [5e-04, 1e+00]
  Objective range  [3e-02, 1e+00]
  Bounds range     [2e+01, 2e+01]
  RHS range        [4e-02, 2e+01]

LP warm-start: use basis

Iteration    Objective       Primal Inf.    Dual Inf.      Time
       0    1.3823334e+00   6.501899e+01   0.000000e+00      0s
      10    2.5449483e+00   0.000000e+00   0.000000e+00      0s

Solved in 10 iterations and 0.00 seconds (0.00 work units)
Optimal objective  2.544948312e+00

User-callback calls 50, time in user-callback 0.00 sec
Set parameter TimeLimit to value 30
Gurobi Optimizer version 13.0.2 build v13.0.2rc1 (win64 - Windows 11+.0 (26200.2))

CPU model: 13th Gen Intel(R) Core(TM) i7-13620H, instruction set [SSE2|AVX|AVX2]
Thread count: 10 physical cores, 16 logical processors, using up to 1 threads

Non-default parameters:
TimeLimit  30
SoftMemLimit  12
FeasibilityTol  1e-07
IntFeasTol  1e-07
MIPGap  0
OptimalityTol  1e-07
Method  1
NodeMethod  1
DualReductions  0
InfUnbdInfo  1
LogToConsole  0
NumericFocus  1
Seed  20260929
Threads  1

Optimize a model with 85 rows, 106 columns and 297 nonzeros (Min)
Model has 93 linear objective coefficients
Coefficient statistics:
  Matrix range     [5e-04, 1e+00]
  Objective range  [3e-02, 1e+00]
  Bounds range     [2e+01, 2e+01]
  RHS range        [4e-02, 2e+01]

LP warm-start: use basis

Iteration    Objective       Primal Inf.    Dual Inf.      Time
       0    1.8199483e+00   1.845980e+01   0.000000e+00      0s
      14    2.0252324e+00   0.000000e+00   0.000000e+00      0s

Solved in 14 iterations and 0.00 seconds (0.00 work units)
Optimal objective  2.025232360e+00

User-callback calls 54, time in user-callback 0.00 sec
Set parameter TimeLimit to value 30
Gurobi Optimizer version 13.0.2 build v13.0.2rc1 (win64 - Windows 11+.0 (26200.2))

CPU model: 13th Gen Intel(R) Core(TM) i7-13620H, instruction set [SSE2|AVX|AVX2]
Thread count: 10 physical cores, 16 logical processors, using up to 1 threads

Non-default parameters:
TimeLimit  30
SoftMemLimit  12
FeasibilityTol  1e-07
IntFeasTol  1e-07
MIPGap  0
OptimalityTol  1e-07
Method  1
NodeMethod  1
DualReductions  0
InfUnbdInfo  1
LogToConsole  0
NumericFocus  1
Seed  20260929
Threads  1

Optimize a model with 85 rows, 106 columns and 297 nonzeros (Min)
Model has 93 linear objective coefficients
Coefficient statistics:
  Matrix range     [5e-04, 1e+00]
  Objective range  [3e-02, 1e+00]
  Bounds range     [2e+01, 2e+01]
  RHS range        [4e-02, 2e+01]

LP warm-start: use basis

Iteration    Objective       Primal Inf.    Dual Inf.      Time
       0    1.5252324e+00   5.349464e+01   0.000000e+00      0s
       9    2.5281250e+00   0.000000e+00   0.000000e+00      0s

Solved in 9 iterations and 0.00 seconds (0.00 work units)
Optimal objective  2.528125000e+00

User-callback calls 49, time in user-callback 0.00 sec
Set parameter TimeLimit to value 30
Gurobi Optimizer version 13.0.2 build v13.0.2rc1 (win64 - Windows 11+.0 (26200.2))

CPU model: 13th Gen Intel(R) Core(TM) i7-13620H, instruction set [SSE2|AVX|AVX2]
Thread count: 10 physical cores, 16 logical processors, using up to 1 threads

Non-default parameters:
TimeLimit  30
SoftMemLimit  12
FeasibilityTol  1e-07
IntFeasTol  1e-07
MIPGap  0
OptimalityTol  1e-07
Method  1
NodeMethod  1
DualReductions  0
InfUnbdInfo  1
LogToConsole  0
NumericFocus  1
Seed  20260929
Threads  1

Optimize a model with 85 rows, 106 columns and 297 nonzeros (Min)
Model has 93 linear objective coefficients
Coefficient statistics:
  Matrix range     [5e-04, 1e+00]
  Objective range  [3e-02, 1e+00]
  Bounds range     [2e+01, 2e+01]
  RHS range        [4e-02, 2e+01]

LP warm-start: use basis

Iteration    Objective       Primal Inf.    Dual Inf.      Time
       0    1.8031250e+00   1.859438e+01   0.000000e+00      0s
      11    2.0252324e+00   0.000000e+00   0.000000e+00      0s

Solved in 11 iterations and 0.00 seconds (0.00 work units)
Optimal objective  2.025232360e+00

User-callback calls 51, time in user-callback 0.00 sec
Set parameter TimeLimit to value 30
Gurobi Optimizer version 13.0.2 build v13.0.2rc1 (win64 - Windows 11+.0 (26200.2))

CPU model: 13th Gen Intel(R) Core(TM) i7-13620H, instruction set [SSE2|AVX|AVX2]
Thread count: 10 physical cores, 16 logical processors, using up to 1 threads

Non-default parameters:
TimeLimit  30
SoftMemLimit  12
FeasibilityTol  1e-07
IntFeasTol  1e-07
MIPGap  0
OptimalityTol  1e-07
Method  1
NodeMethod  1
DualReductions  0
InfUnbdInfo  1
LogToConsole  0
NumericFocus  1
Seed  20260929
Threads  1

Optimize a model with 85 rows, 106 columns and 297 nonzeros (Min)
Model has 93 linear objective coefficients
Coefficient statistics:
  Matrix range     [5e-04, 1e+00]
  Objective range  [3e-02, 1e+00]
  Bounds range     [2e+01, 2e+01]
  RHS range        [4e-02, 2e+01]

LP warm-start: use basis

Iteration    Objective       Primal Inf.    Dual Inf.      Time
       0    1.5252324e+00   5.145690e+01   0.000000e+00      0s
      13    2.5156250e+00   0.000000e+00   0.000000e+00      0s

Solved in 13 iterations and 0.00 seconds (0.00 work units)
Optimal objective  2.515625000e+00

User-callback calls 53, time in user-callback 0.00 sec
Set parameter TimeLimit to value 30
Gurobi Optimizer version 13.0.2 build v13.0.2rc1 (win64 - Windows 11+.0 (26200.2))

CPU model: 13th Gen Intel(R) Core(TM) i7-13620H, instruction set [SSE2|AVX|AVX2]
Thread count: 10 physical cores, 16 logical processors, using up to 1 threads

Non-default parameters:
TimeLimit  30
SoftMemLimit  12
FeasibilityTol  1e-07
IntFeasTol  1e-07
MIPGap  0
OptimalityTol  1e-07
Method  1
NodeMethod  1
DualReductions  0
InfUnbdInfo  1
LogToConsole  0
NumericFocus  1
Seed  20260929
Threads  1

Optimize a model with 85 rows, 106 columns and 297 nonzeros (Min)
Model has 93 linear objective coefficients
Coefficient statistics:
  Matrix range     [5e-04, 1e+00]
  Objective range  [3e-02, 1e+00]
  Bounds range     [2e+01, 2e+01]
  RHS range        [4e-02, 2e+01]

LP warm-start: use basis

Iteration    Objective       Primal Inf.    Dual Inf.      Time
       0    2.0156250e+00   4.726734e+01   0.000000e+00      0s
      10    2.2334090e+00   0.000000e+00   0.000000e+00      0s

Solved in 10 iterations and 0.00 seconds (0.00 work units)
Optimal objective  2.233409048e+00

User-callback calls 50, time in user-callback 0.00 sec
Set parameter TimeLimit to value 30
Gurobi Optimizer version 13.0.2 build v13.0.2rc1 (win64 - Windows 11+.0 (26200.2))

CPU model: 13th Gen Intel(R) Core(TM) i7-13620H, instruction set [SSE2|AVX|AVX2]
Thread count: 10 physical cores, 16 logical processors, using up to 1 threads

Non-default parameters:
TimeLimit  30
SoftMemLimit  12
FeasibilityTol  1e-07
IntFeasTol  1e-07
MIPGap  0
OptimalityTol  1e-07
Method  1
NodeMethod  1
DualReductions  0
InfUnbdInfo  1
LogToConsole  0
NumericFocus  1
Seed  20260929
Threads  1

Optimize a model with 85 rows, 106 columns and 297 nonzeros (Min)
Model has 93 linear objective coefficients
Coefficient statistics:
  Matrix range     [5e-04, 1e+00]
  Objective range  [3e-02, 1e+00]
  Bounds range     [2e+01, 2e+01]
  RHS range        [4e-02, 2e+01]

LP warm-start: use basis

Iteration    Objective       Primal Inf.    Dual Inf.      Time
       0    1.1528535e+00   6.785482e+01   0.000000e+00      0s
      15    4.7781250e+00   0.000000e+00   0.000000e+00      0s

Solved in 15 iterations and 0.00 seconds (0.00 work units)
Optimal objective  4.778125000e+00

User-callback calls 55, time in user-callback 0.00 sec
Set parameter TimeLimit to value 30
Gurobi Optimizer version 13.0.2 build v13.0.2rc1 (win64 - Windows 11+.0 (26200.2))

CPU model: 13th Gen Intel(R) Core(TM) i7-13620H, instruction set [SSE2|AVX|AVX2]
Thread count: 10 physical cores, 16 logical processors, using up to 1 threads

Non-default parameters:
TimeLimit  30
SoftMemLimit  12
FeasibilityTol  1e-07
IntFeasTol  1e-07
MIPGap  0
OptimalityTol  1e-07
Method  1
NodeMethod  1
DualReductions  0
InfUnbdInfo  1
LogToConsole  0
NumericFocus  1
Seed  20260929
Threads  1

Optimize a model with 85 rows, 106 columns and 297 nonzeros (Min)
Model has 93 linear objective coefficients
Coefficient statistics:
  Matrix range     [5e-04, 1e+00]
  Objective range  [3e-02, 1e+00]
  Bounds range     [2e+01, 2e+01]
  RHS range        [4e-02, 2e+01]

LP warm-start: use basis

Iteration    Objective       Primal Inf.    Dual Inf.      Time
       0    4.0531250e+00   1.689438e+01   0.000000e+00      0s
       4    4.0670557e+00   0.000000e+00   0.000000e+00      0s

Solved in 4 iterations and 0.00 seconds (0.00 work units)
Optimal objective  4.067055672e+00

User-callback calls 44, time in user-callback 0.00 sec
Set parameter TimeLimit to value 30
Gurobi Optimizer version 13.0.2 build v13.0.2rc1 (win64 - Windows 11+.0 (26200.2))

CPU model: 13th Gen Intel(R) Core(TM) i7-13620H, instruction set [SSE2|AVX|AVX2]
Thread count: 10 physical cores, 16 logical processors, using up to 1 threads

Non-default parameters:
TimeLimit  30
SoftMemLimit  12
FeasibilityTol  1e-07
IntFeasTol  1e-07
MIPGap  0
OptimalityTol  1e-07
Method  1
NodeMethod  1
DualReductions  0
InfUnbdInfo  1
LogToConsole  0
NumericFocus  1
Seed  20260929
Threads  1

Optimize a model with 85 rows, 106 columns and 297 nonzeros (Min)
Model has 93 linear objective coefficients
Coefficient statistics:
  Matrix range     [5e-04, 1e+00]
  Objective range  [3e-02, 1e+00]
  Bounds range     [2e+01, 2e+01]
  RHS range        [4e-02, 2e+01]

LP warm-start: use basis

Iteration    Objective       Primal Inf.    Dual Inf.      Time
       0    3.3948334e+00   6.491899e+01   0.000000e+00      0s
      10    4.5574483e+00   0.000000e+00   0.000000e+00      0s

Solved in 10 iterations and 0.00 seconds (0.00 work units)
Optimal objective  4.557448312e+00

User-callback calls 50, time in user-callback 0.00 sec
Set parameter TimeLimit to value 30
Gurobi Optimizer version 13.0.2 build v13.0.2rc1 (win64 - Windows 11+.0 (26200.2))

CPU model: 13th Gen Intel(R) Core(TM) i7-13620H, instruction set [SSE2|AVX|AVX2]
Thread count: 10 physical cores, 16 logical processors, using up to 1 threads

Non-default parameters:
TimeLimit  30
SoftMemLimit  12
FeasibilityTol  1e-07
IntFeasTol  1e-07
MIPGap  0
OptimalityTol  1e-07
Method  1
NodeMethod  1
DualReductions  0
InfUnbdInfo  1
LogToConsole  0
NumericFocus  1
Seed  20260929
Threads  1

Optimize a model with 85 rows, 106 columns and 297 nonzeros (Min)
Model has 93 linear objective coefficients
Coefficient statistics:
  Matrix range     [5e-04, 1e+00]
  Objective range  [3e-02, 1e+00]
  Bounds range     [2e+01, 2e+01]
  RHS range        [4e-02, 2e+01]

LP warm-start: use basis

Iteration    Objective       Primal Inf.    Dual Inf.      Time
       0    3.8324483e+00   1.835980e+01   0.000000e+00      0s
      11    4.0252324e+00   0.000000e+00   0.000000e+00      0s

Solved in 11 iterations and 0.00 seconds (0.00 work units)
Optimal objective  4.025232360e+00

User-callback calls 51, time in user-callback 0.00 sec
Set parameter TimeLimit to value 30
Gurobi Optimizer version 13.0.2 build v13.0.2rc1 (win64 - Windows 11+.0 (26200.2))

CPU model: 13th Gen Intel(R) Core(TM) i7-13620H, instruction set [SSE2|AVX|AVX2]
Thread count: 10 physical cores, 16 logical processors, using up to 1 threads

Non-default parameters:
TimeLimit  30
SoftMemLimit  12
FeasibilityTol  1e-07
IntFeasTol  1e-07
MIPGap  0
OptimalityTol  1e-07
Method  1
NodeMethod  1
DualReductions  0
InfUnbdInfo  1
LogToConsole  0
NumericFocus  1
Seed  20260929
Threads  1

Optimize a model with 85 rows, 106 columns and 297 nonzeros (Min)
Model has 93 linear objective coefficients
Coefficient statistics:
  Matrix range     [5e-04, 1e+00]
  Objective range  [3e-02, 1e+00]
  Bounds range     [2e+01, 2e+01]
  RHS range        [4e-02, 2e+01]

LP warm-start: use basis

Iteration    Objective       Primal Inf.    Dual Inf.      Time
       0   -5.0000000e-01   1.023841e+02   0.000000e+00      0s
       9    0.0000000e+00   0.000000e+00   0.000000e+00      0s

Solved in 9 iterations and 0.00 seconds (0.00 work units)
Optimal objective  0.000000000e+00

User-callback calls 49, time in user-callback 0.00 sec
Set parameter TimeLimit to value 30
Gurobi Optimizer version 13.0.2 build v13.0.2rc1 (win64 - Windows 11+.0 (26200.2))

CPU model: 13th Gen Intel(R) Core(TM) i7-13620H, instruction set [SSE2|AVX|AVX2]
Thread count: 10 physical cores, 16 logical processors, using up to 1 threads

Non-default parameters:
TimeLimit  30
SoftMemLimit  12
FeasibilityTol  1e-07
IntFeasTol  1e-07
MIPGap  0
OptimalityTol  1e-07
Method  1
NodeMethod  1
DualReductions  0
InfUnbdInfo  1
LogToConsole  0
NumericFocus  1
Seed  20260929
Threads  1

Optimize a model with 85 rows, 106 columns and 297 nonzeros (Min)
Model has 93 linear objective coefficients
Coefficient statistics:
  Matrix range     [5e-04, 1e+00]
  Objective range  [3e-02, 1e+00]
  Bounds range     [2e+01, 2e+01]
  RHS range        [4e-02, 2e+01]

LP warm-start: use basis

Iteration    Objective       Primal Inf.    Dual Inf.      Time
       0    0.0000000e+00   2.751349e+01   0.000000e+00      0s
       3    0.0000000e+00   0.000000e+00   0.000000e+00      0s

Solved in 3 iterations and 0.00 seconds (0.00 work units)
Optimal objective  0.000000000e+00

User-callback calls 43, time in user-callback 0.00 sec
Set parameter TimeLimit to value 30
Gurobi Optimizer version 13.0.2 build v13.0.2rc1 (win64 - Windows 11+.0 (26200.2))

CPU model: 13th Gen Intel(R) Core(TM) i7-13620H, instruction set [SSE2|AVX|AVX2]
Thread count: 10 physical cores, 16 logical processors, using up to 1 threads

Non-default parameters:
TimeLimit  30
SoftMemLimit  12
FeasibilityTol  1e-07
IntFeasTol  1e-07
MIPGap  0
OptimalityTol  1e-07
Method  1
NodeMethod  1
DualReductions  0
InfUnbdInfo  1
LogToConsole  0
NumericFocus  1
Seed  20260929
Threads  1

Optimize a model with 85 rows, 106 columns and 297 nonzeros (Min)
Model has 93 linear objective coefficients
Coefficient statistics:
  Matrix range     [5e-04, 1e+00]
  Objective range  [3e-02, 1e+00]
  Bounds range     [2e+01, 2e+01]
  RHS range        [4e-02, 2e+01]

LP warm-start: use basis

Iteration    Objective       Primal Inf.    Dual Inf.      Time
       0    0.0000000e+00   2.076494e+01   0.000000e+00      0s
       7    0.0000000e+00   0.000000e+00   0.000000e+00      0s

Solved in 7 iterations and 0.00 seconds (0.00 work units)
Optimal objective  0.000000000e+00

User-callback calls 47, time in user-callback 0.00 sec
Set parameter TimeLimit to value 30
Gurobi Optimizer version 13.0.2 build v13.0.2rc1 (win64 - Windows 11+.0 (26200.2))

CPU model: 13th Gen Intel(R) Core(TM) i7-13620H, instruction set [SSE2|AVX|AVX2]
Thread count: 10 physical cores, 16 logical processors, using up to 1 threads

Non-default parameters:
TimeLimit  30
SoftMemLimit  12
FeasibilityTol  1e-07
IntFeasTol  1e-07
MIPGap  0
OptimalityTol  1e-07
Method  1
NodeMethod  1
DualReductions  0
InfUnbdInfo  1
LogToConsole  0
NumericFocus  1
Seed  20260929
Threads  1

Optimize a model with 85 rows, 106 columns and 297 nonzeros (Min)
Model has 93 linear objective coefficients
Coefficient statistics:
  Matrix range     [5e-04, 1e+00]
  Objective range  [3e-02, 1e+00]
  Bounds range     [2e+01, 2e+01]
  RHS range        [4e-02, 2e+01]

LP warm-start: use basis

Iteration    Objective       Primal Inf.    Dual Inf.      Time
       0    0.0000000e+00   4.978877e+01   0.000000e+00      0s
       1    0.0000000e+00   0.000000e+00   0.000000e+00      0s

Solved in 1 iterations and 0.00 seconds (0.00 work units)
Optimal objective  0.000000000e+00

User-callback calls 41, time in user-callback 0.00 sec
Set parameter TimeLimit to value 30
Gurobi Optimizer version 13.0.2 build v13.0.2rc1 (win64 - Windows 11+.0 (26200.2))

CPU model: 13th Gen Intel(R) Core(TM) i7-13620H, instruction set [SSE2|AVX|AVX2]
Thread count: 10 physical cores, 16 logical processors, using up to 1 threads

Non-default parameters:
TimeLimit  30
SoftMemLimit  12
FeasibilityTol  1e-07
IntFeasTol  1e-07
MIPGap  0
OptimalityTol  1e-07
Method  1
NodeMethod  1
DualReductions  0
InfUnbdInfo  1
LogToConsole  0
NumericFocus  1
Seed  20260929
Threads  1

Optimize a model with 85 rows, 106 columns and 297 nonzeros (Min)
Model has 93 linear objective coefficients
Coefficient statistics:
  Matrix range     [5e-04, 1e+00]
  Objective range  [3e-02, 1e+00]
  Bounds range     [2e+01, 2e+01]
  RHS range        [4e-02, 2e+01]

LP warm-start: use basis

Iteration    Objective       Primal Inf.    Dual Inf.      Time
       0    2.0000000e+00   1.519481e+02   0.000000e+00      0s
       6    2.2500000e+00   0.000000e+00   0.000000e+00      0s

Solved in 6 iterations and 0.00 seconds (0.00 work units)
Optimal objective  2.250000000e+00

User-callback calls 46, time in user-callback 0.00 sec
Set parameter TimeLimit to value 30
Gurobi Optimizer version 13.0.2 build v13.0.2rc1 (win64 - Windows 11+.0 (26200.2))

CPU model: 13th Gen Intel(R) Core(TM) i7-13620H, instruction set [SSE2|AVX|AVX2]
Thread count: 10 physical cores, 16 logical processors, using up to 1 threads

Non-default parameters:
TimeLimit  30
SoftMemLimit  12
FeasibilityTol  1e-07
IntFeasTol  1e-07
MIPGap  0
OptimalityTol  1e-07
Method  1
NodeMethod  1
DualReductions  0
InfUnbdInfo  1
LogToConsole  0
NumericFocus  1
Seed  20260929
Threads  1

Optimize a model with 85 rows, 106 columns and 297 nonzeros (Min)
Model has 93 linear objective coefficients
Coefficient statistics:
  Matrix range     [5e-04, 1e+00]
  Objective range  [3e-02, 1e+00]
  Bounds range     [2e+01, 2e+01]
  RHS range        [4e-02, 2e+01]

LP warm-start: use basis

Iteration    Objective       Primal Inf.    Dual Inf.      Time
       0    2.0250000e+00   1.689438e+01   0.000000e+00      0s
       3    2.0293233e+00   0.000000e+00   0.000000e+00      0s

Solved in 3 iterations and 0.00 seconds (0.00 work units)
Optimal objective  2.029323312e+00

User-callback calls 43, time in user-callback 0.00 sec
Set parameter TimeLimit to value 30
Gurobi Optimizer version 13.0.2 build v13.0.2rc1 (win64 - Windows 11+.0 (26200.2))

CPU model: 13th Gen Intel(R) Core(TM) i7-13620H, instruction set [SSE2|AVX|AVX2]
Thread count: 10 physical cores, 16 logical processors, using up to 1 threads

Non-default parameters:
TimeLimit  30
SoftMemLimit  12
FeasibilityTol  1e-07
IntFeasTol  1e-07
MIPGap  0
OptimalityTol  1e-07
Method  1
NodeMethod  1
DualReductions  0
InfUnbdInfo  1
LogToConsole  0
NumericFocus  1
Seed  20260929
Threads  1

Optimize a model with 85 rows, 106 columns and 297 nonzeros (Min)
Model has 93 linear objective coefficients
Coefficient statistics:
  Matrix range     [5e-04, 1e+00]
  Objective range  [3e-02, 1e+00]
  Bounds range     [2e+01, 2e+01]
  RHS range        [4e-02, 2e+01]

LP warm-start: use basis

Iteration    Objective       Primal Inf.    Dual Inf.      Time
       0    1.8043233e+00   2.630608e+01   0.000000e+00      0s
       9    2.0293233e+00   0.000000e+00   0.000000e+00      0s

Solved in 9 iterations and 0.00 seconds (0.00 work units)
Optimal objective  2.029323312e+00

User-callback calls 49, time in user-callback 0.00 sec
Set parameter TimeLimit to value 30
Gurobi Optimizer version 13.0.2 build v13.0.2rc1 (win64 - Windows 11+.0 (26200.2))

CPU model: 13th Gen Intel(R) Core(TM) i7-13620H, instruction set [SSE2|AVX|AVX2]
Thread count: 10 physical cores, 16 logical processors, using up to 1 threads

Non-default parameters:
TimeLimit  30
SoftMemLimit  12
FeasibilityTol  1e-07
IntFeasTol  1e-07
MIPGap  0
OptimalityTol  1e-07
Method  1
NodeMethod  1
DualReductions  0
InfUnbdInfo  1
LogToConsole  0
NumericFocus  1
Seed  20260929
Threads  1

Optimize a model with 85 rows, 106 columns and 297 nonzeros (Min)
Model has 93 linear objective coefficients
Coefficient statistics:
  Matrix range     [5e-04, 1e+00]
  Objective range  [3e-02, 1e+00]
  Bounds range     [2e+01, 2e+01]
  RHS range        [4e-02, 2e+01]

LP warm-start: use basis

Iteration    Objective       Primal Inf.    Dual Inf.      Time
       0    1.8043233e+00   1.855694e+01   0.000000e+00      0s
      11    2.0000000e+00   0.000000e+00   0.000000e+00      0s

Solved in 11 iterations and 0.00 seconds (0.00 work units)
Optimal objective  2.000000000e+00

User-callback calls 51, time in user-callback 0.00 sec
Set parameter TimeLimit to value 30
Gurobi Optimizer version 13.0.2 build v13.0.2rc1 (win64 - Windows 11+.0 (26200.2))

CPU model: 13th Gen Intel(R) Core(TM) i7-13620H, instruction set [SSE2|AVX|AVX2]
Thread count: 10 physical cores, 16 logical processors, using up to 1 threads

Non-default parameters:
TimeLimit  30
SoftMemLimit  12
FeasibilityTol  1e-07
IntFeasTol  1e-07
MIPGap  0
OptimalityTol  1e-07
Method  1
NodeMethod  1
DualReductions  0
InfUnbdInfo  1
LogToConsole  0
NumericFocus  1
Seed  20260929
Threads  1

Optimize a model with 85 rows, 106 columns and 297 nonzeros (Min)
Model has 93 linear objective coefficients
Coefficient statistics:
  Matrix range     [5e-04, 1e+00]
  Objective range  [3e-02, 1e+00]
  Bounds range     [2e+01, 2e+01]
  RHS range        [4e-02, 2e+01]

LP warm-start: use basis

Iteration    Objective       Primal Inf.    Dual Inf.      Time
       0    2.0000000e+00   5.720990e+01   0.000000e+00      0s
       9    2.0125000e+00   0.000000e+00   0.000000e+00      0s

Solved in 9 iterations and 0.00 seconds (0.00 work units)
Optimal objective  2.012500000e+00

User-callback calls 49, time in user-callback 0.00 sec
Set parameter TimeLimit to value 30
Gurobi Optimizer version 13.0.2 build v13.0.2rc1 (win64 - Windows 11+.0 (26200.2))

CPU model: 13th Gen Intel(R) Core(TM) i7-13620H, instruction set [SSE2|AVX|AVX2]
Thread count: 10 physical cores, 16 logical processors, using up to 1 threads

Non-default parameters:
TimeLimit  30
SoftMemLimit  12
FeasibilityTol  1e-07
IntFeasTol  1e-07
MIPGap  0
OptimalityTol  1e-07
Method  1
NodeMethod  1
DualReductions  0
InfUnbdInfo  1
LogToConsole  0
NumericFocus  1
Seed  20260929
Threads  1

Optimize a model with 85 rows, 106 columns and 297 nonzeros (Min)
Model has 93 linear objective coefficients
Coefficient statistics:
  Matrix range     [5e-04, 1e+00]
  Objective range  [3e-02, 1e+00]
  Bounds range     [2e+01, 2e+01]
  RHS range        [4e-02, 2e+01]

LP warm-start: use basis

Iteration    Objective       Primal Inf.    Dual Inf.      Time
       0    1.7875000e+00   1.859438e+01   0.000000e+00      0s
       5    2.0000000e+00   0.000000e+00   0.000000e+00      0s

Solved in 5 iterations and 0.00 seconds (0.00 work units)
Optimal objective  2.000000000e+00

User-callback calls 45, time in user-callback 0.00 sec
Set parameter TimeLimit to value 30
Gurobi Optimizer version 13.0.2 build v13.0.2rc1 (win64 - Windows 11+.0 (26200.2))

CPU model: 13th Gen Intel(R) Core(TM) i7-13620H, instruction set [SSE2|AVX|AVX2]
Thread count: 10 physical cores, 16 logical processors, using up to 1 threads

Non-default parameters:
TimeLimit  30
SoftMemLimit  12
FeasibilityTol  1e-07
IntFeasTol  1e-07
MIPGap  0
OptimalityTol  1e-07
Method  1
NodeMethod  1
DualReductions  0
InfUnbdInfo  1
LogToConsole  0
NumericFocus  1
Seed  20260929
Threads  1

Optimize a model with 85 rows, 106 columns and 297 nonzeros (Min)
Model has 93 linear objective coefficients
Coefficient statistics:
  Matrix range     [5e-04, 1e+00]
  Objective range  [3e-02, 1e+00]
  Bounds range     [2e+01, 2e+01]
  RHS range        [4e-02, 2e+01]

LP warm-start: use basis

Iteration    Objective       Primal Inf.    Dual Inf.      Time
       0    2.0000000e+00   4.711042e+01   0.000000e+00      0s
       1    2.0000000e+00   0.000000e+00   0.000000e+00      0s

Solved in 1 iterations and 0.00 seconds (0.00 work units)
Optimal objective  2.000000000e+00

User-callback calls 41, time in user-callback 0.00 sec
Set parameter TimeLimit to value 30
Gurobi Optimizer version 13.0.2 build v13.0.2rc1 (win64 - Windows 11+.0 (26200.2))

CPU model: 13th Gen Intel(R) Core(TM) i7-13620H, instruction set [SSE2|AVX|AVX2]
Thread count: 10 physical cores, 16 logical processors, using up to 1 threads

Non-default parameters:
TimeLimit  30
SoftMemLimit  12
FeasibilityTol  1e-07
IntFeasTol  1e-07
MIPGap  0
OptimalityTol  1e-07
Method  1
NodeMethod  1
DualReductions  0
InfUnbdInfo  1
LogToConsole  0
NumericFocus  1
Seed  20260929
Threads  1

Optimize a model with 85 rows, 106 columns and 297 nonzeros (Min)
Model has 93 linear objective coefficients
Coefficient statistics:
  Matrix range     [5e-04, 1e+00]
  Objective range  [3e-02, 1e+00]
  Bounds range     [2e+01, 2e+01]
  RHS range        [4e-02, 2e+01]

LP warm-start: use basis

Iteration    Objective       Primal Inf.    Dual Inf.      Time
       0    2.0000000e+00   0.000000e+00   0.000000e+00      0s

Solved in 0 iterations and 0.00 seconds (0.00 work units)
Optimal objective  2.000000000e+00

User-callback calls 38, time in user-callback 0.00 sec
Set parameter TimeLimit to value 30
Gurobi Optimizer version 13.0.2 build v13.0.2rc1 (win64 - Windows 11+.0 (26200.2))

CPU model: 13th Gen Intel(R) Core(TM) i7-13620H, instruction set [SSE2|AVX|AVX2]
Thread count: 10 physical cores, 16 logical processors, using up to 1 threads

Non-default parameters:
TimeLimit  30
SoftMemLimit  12
FeasibilityTol  1e-07
IntFeasTol  1e-07
MIPGap  0
OptimalityTol  1e-07
Method  1
NodeMethod  1
DualReductions  0
InfUnbdInfo  1
LogToConsole  0
NumericFocus  1
Seed  20260929
Threads  1

Optimize a model with 85 rows, 106 columns and 297 nonzeros (Min)
Model has 93 linear objective coefficients
Coefficient statistics:
  Matrix range     [5e-04, 1e+00]
  Objective range  [3e-02, 1e+00]
  Bounds range     [2e+01, 2e+01]
  RHS range        [4e-02, 2e+01]

LP warm-start: use basis

Iteration    Objective       Primal Inf.    Dual Inf.      Time
       0    4.0000000e+00   3.696058e+01   0.000000e+00      0s
       3    4.2625000e+00   0.000000e+00   0.000000e+00      0s

Solved in 3 iterations and 0.00 seconds (0.00 work units)
Optimal objective  4.262500000e+00

User-callback calls 43, time in user-callback 0.00 sec
Set parameter TimeLimit to value 30
Gurobi Optimizer version 13.0.2 build v13.0.2rc1 (win64 - Windows 11+.0 (26200.2))

CPU model: 13th Gen Intel(R) Core(TM) i7-13620H, instruction set [SSE2|AVX|AVX2]
Thread count: 10 physical cores, 16 logical processors, using up to 1 threads

Non-default parameters:
TimeLimit  30
SoftMemLimit  12
FeasibilityTol  1e-07
IntFeasTol  1e-07
MIPGap  0
OptimalityTol  1e-07
Method  1
NodeMethod  1
DualReductions  0
InfUnbdInfo  1
LogToConsole  0
NumericFocus  1
Seed  20260929
Threads  1

Optimize a model with 85 rows, 106 columns and 297 nonzeros (Min)
Model has 93 linear objective coefficients
Coefficient statistics:
  Matrix range     [5e-04, 1e+00]
  Objective range  [3e-02, 1e+00]
  Bounds range     [2e+01, 2e+01]
  RHS range        [4e-02, 2e+01]

LP warm-start: use basis

Iteration    Objective       Primal Inf.    Dual Inf.      Time
       0    4.0375000e+00   1.689438e+01   0.000000e+00      0s
       3    4.0418233e+00   0.000000e+00   0.000000e+00      0s

Solved in 3 iterations and 0.00 seconds (0.00 work units)
Optimal objective  4.041823312e+00

User-callback calls 43, time in user-callback 0.00 sec
Set parameter TimeLimit to value 30
Gurobi Optimizer version 13.0.2 build v13.0.2rc1 (win64 - Windows 11+.0 (26200.2))

CPU model: 13th Gen Intel(R) Core(TM) i7-13620H, instruction set [SSE2|AVX|AVX2]
Thread count: 10 physical cores, 16 logical processors, using up to 1 threads

Non-default parameters:
TimeLimit  30
SoftMemLimit  12
FeasibilityTol  1e-07
IntFeasTol  1e-07
MIPGap  0
OptimalityTol  1e-07
Method  1
NodeMethod  1
DualReductions  0
InfUnbdInfo  1
LogToConsole  0
NumericFocus  1
Seed  20260929
Threads  1

Optimize a model with 85 rows, 106 columns and 297 nonzeros (Min)
Model has 93 linear objective coefficients
Coefficient statistics:
  Matrix range     [5e-04, 1e+00]
  Objective range  [3e-02, 1e+00]
  Bounds range     [2e+01, 2e+01]
  RHS range        [4e-02, 2e+01]

LP warm-start: use basis

Iteration    Objective       Primal Inf.    Dual Inf.      Time
       0    3.8168233e+00   2.620608e+01   0.000000e+00      0s
       9    4.0418233e+00   0.000000e+00   0.000000e+00      0s

Solved in 9 iterations and 0.00 seconds (0.00 work units)
Optimal objective  4.041823312e+00

User-callback calls 49, time in user-callback 0.00 sec
Set parameter TimeLimit to value 30
Gurobi Optimizer version 13.0.2 build v13.0.2rc1 (win64 - Windows 11+.0 (26200.2))

CPU model: 13th Gen Intel(R) Core(TM) i7-13620H, instruction set [SSE2|AVX|AVX2]
Thread count: 10 physical cores, 16 logical processors, using up to 1 threads

Non-default parameters:
TimeLimit  30
SoftMemLimit  12
FeasibilityTol  1e-07
IntFeasTol  1e-07
MIPGap  0
OptimalityTol  1e-07
Method  1
NodeMethod  1
DualReductions  0
InfUnbdInfo  1
LogToConsole  0
NumericFocus  1
Seed  20260929
Threads  1

Optimize a model with 85 rows, 106 columns and 297 nonzeros (Min)
Model has 93 linear objective coefficients
Coefficient statistics:
  Matrix range     [5e-04, 1e+00]
  Objective range  [3e-02, 1e+00]
  Bounds range     [2e+01, 2e+01]
  RHS range        [4e-02, 2e+01]

LP warm-start: use basis

Iteration    Objective       Primal Inf.    Dual Inf.      Time
       0    3.8168233e+00   1.845694e+01   0.000000e+00      0s
      11    4.0000000e+00   0.000000e+00   0.000000e+00      0s

Solved in 11 iterations and 0.00 seconds (0.00 work units)
Optimal objective  4.000000000e+00

User-callback calls 51, time in user-callback 0.00 sec
Set parameter TimeLimit to value 30
Gurobi Optimizer version 13.0.2 build v13.0.2rc1 (win64 - Windows 11+.0 (26200.2))

CPU model: 13th Gen Intel(R) Core(TM) i7-13620H, instruction set [SSE2|AVX|AVX2]
Thread count: 10 physical cores, 16 logical processors, using up to 1 threads

Non-default parameters:
TimeLimit  30
SoftMemLimit  12
FeasibilityTol  1e-07
IntFeasTol  1e-07
MIPGap  0
OptimalityTol  1e-07
Method  1
NodeMethod  1
DualReductions  0
InfUnbdInfo  1
LogToConsole  0
NumericFocus  1
Seed  20260929
Threads  1

Optimize a model with 85 rows, 106 columns and 297 nonzeros (Min)
Model has 93 linear objective coefficients
Coefficient statistics:
  Matrix range     [5e-04, 1e+00]
  Objective range  [3e-02, 1e+00]
  Bounds range     [2e+01, 2e+01]
  RHS range        [4e-02, 2e+01]

LP warm-start: use basis

Iteration    Objective       Primal Inf.    Dual Inf.      Time
       0   -2.0000000e+00   1.863978e+02   0.000000e+00      0s
      16    2.5156250e+00   0.000000e+00   0.000000e+00      0s

Solved in 16 iterations and 0.00 seconds (0.00 work units)
Optimal objective  2.515625000e+00

User-callback calls 56, time in user-callback 0.00 sec
Set parameter TimeLimit to value 30
Gurobi Optimizer version 13.0.2 build v13.0.2rc1 (win64 - Windows 11+.0 (26200.2))

CPU model: 13th Gen Intel(R) Core(TM) i7-13620H, instruction set [SSE2|AVX|AVX2]
Thread count: 10 physical cores, 16 logical processors, using up to 1 threads

Non-default parameters:
TimeLimit  30
SoftMemLimit  12
FeasibilityTol  1e-07
IntFeasTol  1e-07
MIPGap  0
OptimalityTol  1e-07
Method  1
NodeMethod  1
DualReductions  0
InfUnbdInfo  1
LogToConsole  0
NumericFocus  1
Seed  20260929
Threads  1

Optimize a model with 85 rows, 106 columns and 297 nonzeros (Min)
Model has 93 linear objective coefficients
Coefficient statistics:
  Matrix range     [5e-04, 1e+00]
  Objective range  [3e-02, 1e+00]
  Bounds range     [2e+01, 2e+01]
  RHS range        [4e-02, 2e+01]

LP warm-start: use basis

Iteration    Objective       Primal Inf.    Dual Inf.      Time
       0    2.0156250e+00   2.751349e+01   0.000000e+00      0s
       5    2.0252324e+00   0.000000e+00   0.000000e+00      0s

Solved in 5 iterations and 0.00 seconds (0.00 work units)
Optimal objective  2.025232360e+00

User-callback calls 45, time in user-callback 0.00 sec
Set parameter TimeLimit to value 30
Gurobi Optimizer version 13.0.2 build v13.0.2rc1 (win64 - Windows 11+.0 (26200.2))

CPU model: 13th Gen Intel(R) Core(TM) i7-13620H, instruction set [SSE2|AVX|AVX2]
Thread count: 10 physical cores, 16 logical processors, using up to 1 threads

Non-default parameters:
TimeLimit  30
SoftMemLimit  12
FeasibilityTol  1e-07
IntFeasTol  1e-07
MIPGap  0
OptimalityTol  1e-07
Method  1
NodeMethod  1
DualReductions  0
InfUnbdInfo  1
LogToConsole  0
NumericFocus  1
Seed  20260929
Threads  1

Optimize a model with 85 rows, 106 columns and 297 nonzeros (Min)
Model has 93 linear objective coefficients
Coefficient statistics:
  Matrix range     [5e-04, 1e+00]
  Objective range  [3e-02, 1e+00]
  Bounds range     [2e+01, 2e+01]
  RHS range        [4e-02, 2e+01]

LP warm-start: use basis

Iteration    Objective       Primal Inf.    Dual Inf.      Time
       0    1.5252324e+00   6.946547e+01   0.000000e+00      0s
       9    2.5156250e+00   0.000000e+00   0.000000e+00      0s

Solved in 9 iterations and 0.00 seconds (0.00 work units)
Optimal objective  2.515625000e+00

User-callback calls 49, time in user-callback 0.00 sec
Set parameter TimeLimit to value 30
Gurobi Optimizer version 13.0.2 build v13.0.2rc1 (win64 - Windows 11+.0 (26200.2))

CPU model: 13th Gen Intel(R) Core(TM) i7-13620H, instruction set [SSE2|AVX|AVX2]
Thread count: 10 physical cores, 16 logical processors, using up to 1 threads

Non-default parameters:
TimeLimit  30
SoftMemLimit  12
FeasibilityTol  1e-07
IntFeasTol  1e-07
MIPGap  0
OptimalityTol  1e-07
Method  1
NodeMethod  1
DualReductions  0
InfUnbdInfo  1
LogToConsole  0
NumericFocus  1
Seed  20260929
Threads  1

Optimize a model with 85 rows, 106 columns and 297 nonzeros (Min)
Model has 93 linear objective coefficients
Coefficient statistics:
  Matrix range     [5e-04, 1e+00]
  Objective range  [3e-02, 1e+00]
  Bounds range     [2e+01, 2e+01]
  RHS range        [4e-02, 2e+01]

LP warm-start: use basis

Iteration    Objective       Primal Inf.    Dual Inf.      Time
       0    2.0156250e+00   6.480000e+00   0.000000e+00      0s
       6    2.2459090e+00   0.000000e+00   0.000000e+00      0s

Solved in 6 iterations and 0.00 seconds (0.00 work units)
Optimal objective  2.245909048e+00

User-callback calls 46, time in user-callback 0.00 sec
Set parameter TimeLimit to value 30
Gurobi Optimizer version 13.0.2 build v13.0.2rc1 (win64 - Windows 11+.0 (26200.2))

CPU model: 13th Gen Intel(R) Core(TM) i7-13620H, instruction set [SSE2|AVX|AVX2]
Thread count: 10 physical cores, 16 logical processors, using up to 1 threads

Non-default parameters:
TimeLimit  30
SoftMemLimit  12
FeasibilityTol  1e-07
IntFeasTol  1e-07
MIPGap  0
OptimalityTol  1e-07
Method  1
NodeMethod  1
DualReductions  0
InfUnbdInfo  1
LogToConsole  0
NumericFocus  1
Seed  20260929
Threads  1

Optimize a model with 85 rows, 106 columns and 297 nonzeros (Min)
Model has 93 linear objective coefficients
Coefficient statistics:
  Matrix range     [5e-04, 1e+00]
  Objective range  [3e-02, 1e+00]
  Bounds range     [2e+01, 2e+01]
  RHS range        [4e-02, 2e+01]

LP warm-start: use basis

Iteration    Objective       Primal Inf.    Dual Inf.      Time
       0    8.8757571e-01   8.597268e+01   0.000000e+00      0s
      12    2.7656250e+00   0.000000e+00   0.000000e+00      0s

Solved in 12 iterations and 0.00 seconds (0.00 work units)
Optimal objective  2.765625000e+00

User-callback calls 52, time in user-callback 0.00 sec
Set parameter TimeLimit to value 30
Gurobi Optimizer version 13.0.2 build v13.0.2rc1 (win64 - Windows 11+.0 (26200.2))

CPU model: 13th Gen Intel(R) Core(TM) i7-13620H, instruction set [SSE2|AVX|AVX2]
Thread count: 10 physical cores, 16 logical processors, using up to 1 threads

Non-default parameters:
TimeLimit  30
SoftMemLimit  12
FeasibilityTol  1e-07
IntFeasTol  1e-07
MIPGap  0
OptimalityTol  1e-07
Method  1
NodeMethod  1
DualReductions  0
InfUnbdInfo  1
LogToConsole  0
NumericFocus  1
Seed  20260929
Threads  1

Optimize a model with 85 rows, 106 columns and 297 nonzeros (Min)
Model has 93 linear objective coefficients
Coefficient statistics:
  Matrix range     [5e-04, 1e+00]
  Objective range  [3e-02, 1e+00]
  Bounds range     [2e+01, 2e+01]
  RHS range        [4e-02, 2e+01]

LP warm-start: use basis

Iteration    Objective       Primal Inf.    Dual Inf.      Time
       0    1.8156250e+00   3.538877e+01   0.000000e+00      0s
       9    2.0252324e+00   0.000000e+00   0.000000e+00      0s

Solved in 9 iterations and 0.00 seconds (0.00 work units)
Optimal objective  2.025232360e+00

User-callback calls 48, time in user-callback 0.00 sec
Set parameter TimeLimit to value 30
Gurobi Optimizer version 13.0.2 build v13.0.2rc1 (win64 - Windows 11+.0 (26200.2))

CPU model: 13th Gen Intel(R) Core(TM) i7-13620H, instruction set [SSE2|AVX|AVX2]
Thread count: 10 physical cores, 16 logical processors, using up to 1 threads

Non-default parameters:
TimeLimit  30
SoftMemLimit  12
FeasibilityTol  1e-07
IntFeasTol  1e-07
MIPGap  0
OptimalityTol  1e-07
Method  1
NodeMethod  1
DualReductions  0
InfUnbdInfo  1
LogToConsole  0
NumericFocus  1
Seed  20260929
Threads  1

Optimize a model with 85 rows, 106 columns and 297 nonzeros (Min)
Model has 93 linear objective coefficients
Coefficient statistics:
  Matrix range     [5e-04, 1e+00]
  Objective range  [3e-02, 1e+00]
  Bounds range     [2e+01, 2e+01]
  RHS range        [4e-02, 2e+01]

LP warm-start: use basis

Iteration    Objective       Primal Inf.    Dual Inf.      Time
       0    1.5252324e+00   5.094026e+01   0.000000e+00      0s
       9    2.5449483e+00   0.000000e+00   0.000000e+00      0s

Solved in 9 iterations and 0.00 seconds (0.00 work units)
Optimal objective  2.544948312e+00

User-callback calls 49, time in user-callback 0.00 sec
Set parameter TimeLimit to value 30
Gurobi Optimizer version 13.0.2 build v13.0.2rc1 (win64 - Windows 11+.0 (26200.2))

CPU model: 13th Gen Intel(R) Core(TM) i7-13620H, instruction set [SSE2|AVX|AVX2]
Thread count: 10 physical cores, 16 logical processors, using up to 1 threads

Non-default parameters:
TimeLimit  30
SoftMemLimit  12
FeasibilityTol  1e-07
IntFeasTol  1e-07
MIPGap  0
OptimalityTol  1e-07
Method  1
NodeMethod  1
DualReductions  0
InfUnbdInfo  1
LogToConsole  0
NumericFocus  1
Seed  20260929
Threads  1

Optimize a model with 85 rows, 106 columns and 297 nonzeros (Min)
Model has 93 linear objective coefficients
Coefficient statistics:
  Matrix range     [5e-04, 1e+00]
  Objective range  [3e-02, 1e+00]
  Bounds range     [2e+01, 2e+01]
  RHS range        [4e-02, 2e+01]

LP warm-start: use basis

Iteration    Objective       Primal Inf.    Dual Inf.      Time
       0    1.5949483e+00   3.715418e+01   0.000000e+00      0s
      16    2.0252324e+00   0.000000e+00   0.000000e+00      0s

Solved in 16 iterations and 0.00 seconds (0.00 work units)
Optimal objective  2.025232360e+00

User-callback calls 56, time in user-callback 0.00 sec
Set parameter TimeLimit to value 30
Gurobi Optimizer version 13.0.2 build v13.0.2rc1 (win64 - Windows 11+.0 (26200.2))

CPU model: 13th Gen Intel(R) Core(TM) i7-13620H, instruction set [SSE2|AVX|AVX2]
Thread count: 10 physical cores, 16 logical processors, using up to 1 threads

Non-default parameters:
TimeLimit  30
SoftMemLimit  12
FeasibilityTol  1e-07
IntFeasTol  1e-07
MIPGap  0
OptimalityTol  1e-07
Method  1
NodeMethod  1
DualReductions  0
InfUnbdInfo  1
LogToConsole  0
NumericFocus  1
Seed  20260929
Threads  1

Optimize a model with 85 rows, 106 columns and 297 nonzeros (Min)
Model has 93 linear objective coefficients
Coefficient statistics:
  Matrix range     [5e-04, 1e+00]
  Objective range  [3e-02, 1e+00]
  Bounds range     [2e+01, 2e+01]
  RHS range        [4e-02, 2e+01]

LP warm-start: use basis

Iteration    Objective       Primal Inf.    Dual Inf.      Time
       0    1.5252324e+00   1.063903e+02   0.000000e+00      0s
       9    2.5281250e+00   0.000000e+00   0.000000e+00      0s

Solved in 9 iterations and 0.00 seconds (0.00 work units)
Optimal objective  2.528125000e+00

User-callback calls 49, time in user-callback 0.00 sec
Set parameter TimeLimit to value 30
Gurobi Optimizer version 13.0.2 build v13.0.2rc1 (win64 - Windows 11+.0 (26200.2))

CPU model: 13th Gen Intel(R) Core(TM) i7-13620H, instruction set [SSE2|AVX|AVX2]
Thread count: 10 physical cores, 16 logical processors, using up to 1 threads

Non-default parameters:
TimeLimit  30
SoftMemLimit  12
FeasibilityTol  1e-07
IntFeasTol  1e-07
MIPGap  0
OptimalityTol  1e-07
Method  1
NodeMethod  1
DualReductions  0
InfUnbdInfo  1
LogToConsole  0
NumericFocus  1
Seed  20260929
Threads  1

Optimize a model with 85 rows, 106 columns and 297 nonzeros (Min)
Model has 93 linear objective coefficients
Coefficient statistics:
  Matrix range     [5e-04, 1e+00]
  Objective range  [3e-02, 1e+00]
  Bounds range     [2e+01, 2e+01]
  RHS range        [4e-02, 2e+01]

LP warm-start: use basis

Iteration    Objective       Primal Inf.    Dual Inf.      Time
       0    1.5781250e+00   3.728877e+01   0.000000e+00      0s
      12    2.0252324e+00   0.000000e+00   0.000000e+00      0s

Solved in 12 iterations and 0.00 seconds (0.00 work units)
Optimal objective  2.025232360e+00

User-callback calls 52, time in user-callback 0.00 sec
Set parameter TimeLimit to value 30
Gurobi Optimizer version 13.0.2 build v13.0.2rc1 (win64 - Windows 11+.0 (26200.2))

CPU model: 13th Gen Intel(R) Core(TM) i7-13620H, instruction set [SSE2|AVX|AVX2]
Thread count: 10 physical cores, 16 logical processors, using up to 1 threads

Non-default parameters:
TimeLimit  30
SoftMemLimit  12
FeasibilityTol  1e-07
IntFeasTol  1e-07
MIPGap  0
OptimalityTol  1e-07
Method  1
NodeMethod  1
DualReductions  0
InfUnbdInfo  1
LogToConsole  0
NumericFocus  1
Seed  20260929
Threads  1

Optimize a model with 85 rows, 106 columns and 297 nonzeros (Min)
Model has 93 linear objective coefficients
Coefficient statistics:
  Matrix range     [5e-04, 1e+00]
  Objective range  [3e-02, 1e+00]
  Bounds range     [2e+01, 2e+01]
  RHS range        [4e-02, 2e+01]

LP warm-start: use basis

Iteration    Objective       Primal Inf.    Dual Inf.      Time
       0    1.5252324e+00   5.145690e+01   0.000000e+00      0s
      10    2.5156250e+00   0.000000e+00   0.000000e+00      0s

Solved in 10 iterations and 0.00 seconds (0.00 work units)
Optimal objective  2.515625000e+00

User-callback calls 50, time in user-callback 0.00 sec
Set parameter TimeLimit to value 30
Gurobi Optimizer version 13.0.2 build v13.0.2rc1 (win64 - Windows 11+.0 (26200.2))

CPU model: 13th Gen Intel(R) Core(TM) i7-13620H, instruction set [SSE2|AVX|AVX2]
Thread count: 10 physical cores, 16 logical processors, using up to 1 threads

Non-default parameters:
TimeLimit  30
SoftMemLimit  12
FeasibilityTol  1e-07
IntFeasTol  1e-07
MIPGap  0
OptimalityTol  1e-07
Method  1
NodeMethod  1
DualReductions  0
InfUnbdInfo  1
LogToConsole  0
NumericFocus  1
Seed  20260929
Threads  1

Optimize a model with 85 rows, 106 columns and 297 nonzeros (Min)
Model has 93 linear objective coefficients
Coefficient statistics:
  Matrix range     [5e-04, 1e+00]
  Objective range  [3e-02, 1e+00]
  Bounds range     [2e+01, 2e+01]
  RHS range        [4e-02, 2e+01]

LP warm-start: use basis

Iteration    Objective       Primal Inf.    Dual Inf.      Time
       0    2.0156250e+00   1.268237e+02   0.000000e+00      0s
       8    2.2334090e+00   0.000000e+00   0.000000e+00      0s

Solved in 8 iterations and 0.00 seconds (0.00 work units)
Optimal objective  2.233409048e+00

User-callback calls 47, time in user-callback 0.00 sec
Set parameter TimeLimit to value 30
Gurobi Optimizer version 13.0.2 build v13.0.2rc1 (win64 - Windows 11+.0 (26200.2))

CPU model: 13th Gen Intel(R) Core(TM) i7-13620H, instruction set [SSE2|AVX|AVX2]
Thread count: 10 physical cores, 16 logical processors, using up to 1 threads

Non-default parameters:
TimeLimit  30
SoftMemLimit  12
FeasibilityTol  1e-07
IntFeasTol  1e-07
MIPGap  0
OptimalityTol  1e-07
Method  1
NodeMethod  1
DualReductions  0
InfUnbdInfo  1
LogToConsole  0
NumericFocus  1
Seed  20260929
Threads  1

Optimize a model with 85 rows, 106 columns and 297 nonzeros (Min)
Model has 93 linear objective coefficients
Coefficient statistics:
  Matrix range     [5e-04, 1e+00]
  Objective range  [3e-02, 1e+00]
  Bounds range     [2e+01, 2e+01]
  RHS range        [4e-02, 2e+01]

LP warm-start: use basis

Iteration    Objective       Primal Inf.    Dual Inf.      Time
       0    8.7507571e-01   8.717268e+01   0.000000e+00      0s
      11    4.7781250e+00   0.000000e+00   0.000000e+00      0s

Solved in 11 iterations and 0.00 seconds (0.00 work units)
Optimal objective  4.778125000e+00

User-callback calls 51, time in user-callback 0.00 sec
Set parameter TimeLimit to value 30
Gurobi Optimizer version 13.0.2 build v13.0.2rc1 (win64 - Windows 11+.0 (26200.2))

CPU model: 13th Gen Intel(R) Core(TM) i7-13620H, instruction set [SSE2|AVX|AVX2]
Thread count: 10 physical cores, 16 logical processors, using up to 1 threads

Non-default parameters:
TimeLimit  30
SoftMemLimit  12
FeasibilityTol  1e-07
IntFeasTol  1e-07
MIPGap  0
OptimalityTol  1e-07
Method  1
NodeMethod  1
DualReductions  0
InfUnbdInfo  1
LogToConsole  0
NumericFocus  1
Seed  20260929
Threads  1

Optimize a model with 85 rows, 106 columns and 297 nonzeros (Min)
Model has 93 linear objective coefficients
Coefficient statistics:
  Matrix range     [5e-04, 1e+00]
  Objective range  [3e-02, 1e+00]
  Bounds range     [2e+01, 2e+01]
  RHS range        [4e-02, 2e+01]

LP warm-start: use basis

Iteration    Objective       Primal Inf.    Dual Inf.      Time
       0    3.8281250e+00   3.528877e+01   0.000000e+00      0s
       9    4.0252324e+00   0.000000e+00   0.000000e+00      0s

Solved in 9 iterations and 0.00 seconds (0.00 work units)
Optimal objective  4.025232360e+00

User-callback calls 48, time in user-callback 0.00 sec
Set parameter TimeLimit to value 30
Gurobi Optimizer version 13.0.2 build v13.0.2rc1 (win64 - Windows 11+.0 (26200.2))

CPU model: 13th Gen Intel(R) Core(TM) i7-13620H, instruction set [SSE2|AVX|AVX2]
Thread count: 10 physical cores, 16 logical processors, using up to 1 threads

Non-default parameters:
TimeLimit  30
SoftMemLimit  12
FeasibilityTol  1e-07
IntFeasTol  1e-07
MIPGap  0
OptimalityTol  1e-07
Method  1
NodeMethod  1
DualReductions  0
InfUnbdInfo  1
LogToConsole  0
NumericFocus  1
Seed  20260929
Threads  1

Optimize a model with 85 rows, 106 columns and 297 nonzeros (Min)
Model has 93 linear objective coefficients
Coefficient statistics:
  Matrix range     [5e-04, 1e+00]
  Objective range  [3e-02, 1e+00]
  Bounds range     [2e+01, 2e+01]
  RHS range        [4e-02, 2e+01]

LP warm-start: use basis

Iteration    Objective       Primal Inf.    Dual Inf.      Time
       0    3.5252324e+00   5.188546e+01   0.000000e+00      0s
      10    4.5574483e+00   0.000000e+00   0.000000e+00      0s

Solved in 10 iterations and 0.00 seconds (0.00 work units)
Optimal objective  4.557448312e+00

User-callback calls 50, time in user-callback 0.00 sec
Set parameter TimeLimit to value 30
Gurobi Optimizer version 13.0.2 build v13.0.2rc1 (win64 - Windows 11+.0 (26200.2))

CPU model: 13th Gen Intel(R) Core(TM) i7-13620H, instruction set [SSE2|AVX|AVX2]
Thread count: 10 physical cores, 16 logical processors, using up to 1 threads

Non-default parameters:
TimeLimit  30
SoftMemLimit  12
FeasibilityTol  1e-07
IntFeasTol  1e-07
MIPGap  0
OptimalityTol  1e-07
Method  1
NodeMethod  1
DualReductions  0
InfUnbdInfo  1
LogToConsole  0
NumericFocus  1
Seed  20260929
Threads  1

Optimize a model with 85 rows, 106 columns and 297 nonzeros (Min)
Model has 93 linear objective coefficients
Coefficient statistics:
  Matrix range     [5e-04, 1e+00]
  Objective range  [3e-02, 1e+00]
  Bounds range     [2e+01, 2e+01]
  RHS range        [4e-02, 2e+01]

LP warm-start: use basis

Iteration    Objective       Primal Inf.    Dual Inf.      Time
       0    3.6074483e+00   3.705418e+01   0.000000e+00      0s
      16    4.0252324e+00   0.000000e+00   0.000000e+00      0s

Solved in 16 iterations and 0.00 seconds (0.00 work units)
Optimal objective  4.025232360e+00

User-callback calls 56, time in user-callback 0.00 sec
