tree
version=v4
num_class=1
num_tree_per_iteration=1
label_index=0
max_feature_idx=28
objective=quantile
feature_names=num_gpus_req num_nodes_req num_cores_req requested_memory_mib log_gpu log_nodes log_cores log_memory gpu_per_node cores_per_node cores_per_gpu memory_per_gpu memory_per_node num_gpus_req_missing_or_invalid num_nodes_req_missing_or_invalid num_cores_req_missing_or_invalid requested_memory_mib_missing_or_invalid gpu_nodes_inconsistent requested_seconds log_walltime requested_gpu_time log_requested_gpu_time requested_seconds_missing_or_invalid qos partition account is_array_descriptor log_array_index array_index_missing_or_invalid
feature_infos=[1:512] [1:128] [1:16384] [192:46080000] [0.69314718055994529:6.2402758451707694] [0.69314718055994529:4.8598124043616719] [0.69314718055994529:9.704121561132915] [5.2626901889048856:17.645889596053298] [1:4] [1:128] [0.25:128] [96:360000] [192:360000] none none none none none [60:604800] [4.1108738641733114:13.312654757285246] [60:22118400] [4.1108738641733114:16.911920444482934] none -1:2:3 -1:3:4:6:5:1 -1:32:29:89:53:61:42:65:77:7:8:76:58:87:20:35:63:88:18:71:36:52:6:38:69:17:21:64:85:79:90:84:26:40:31:19:1:55:2:14:24:67:72:34:74:27:49:46:51:80:56:73:45:28:12:47:50:11:82:37:41:78:86:25:54:60:43:75:22:23:62:70:83:30:44:3:81:4:9:33 [0:1] [0:5.1929568508902104] [0:1]
tree_sizes=1992 2161 2145 2079 2153 1991 2252 2018 2743 2388 2497 2662 2663 2676 2657 2741 2838 2912 2909 2820 2915 2845 2937 2937 2837 2904 2560 2584 2668 2838 2935 2934 2929 2924 2944 2913 2937 2945 2926 2936 2943 2944 2933 2953 2972 2940 2930 2941 2934 2949 2930 2928 2939 2934 2963 2962 2984 2972 2985 2982 2998 2992 2980 2991 2989 2980 2978 2977 2939 2992 2989 2995 2996 2999 2940 2979 2936 2974 2990 2991 2975 2946 2991 2966 2939 2949 2963 2988 2970 2976 2947 2983 2997 2993 2996 2993 2974 2972 3002 2982 2943 2955 2960 2920 2969 2939 2988 2978 2983 2960 2966 2961 2924 2967 2963 2957 2943 2960 2940 2930 2993 2936 2929 2936 2935 2959 2963 2931 2946 2953 2971 2930 2974 2930 2947 2971 2985 2947 2983 2992 2970 2972 2982 2974 2964 2962 2940 2961 2952 2983 2946 2973 2983 2992 2995 2995 2988 2980 2941 3028 3017 3015 2990 2996 2980 3032 2999 3000 2998 3023 2971 2973 2997 2971 3020 2974 2979 3006 3008 2727 2982 3026 3004 2970 2983 3018 2990 2997 3027 3008 3007 2995 3002 3020 3010 3017 3018 3013 3006 2992 2990 2981 2980 3002 2971 3013 2979 3011 3008 3012 2999 2982 2991 3007 2990 2998 2975 2983 2974 2811 3018 2992 3014 3008 3009 3002 3014 2714 3006 2441 2460 2633 2196 2476 2009 1836 2177 1816 1929 1847 1832 1855 1905 2110 1832 1848 1852 1839 1945 1841 1942 1941 1939 1653 1662 2117 2015 2127 2922 2475 2464 2269 2632 2295 2449 2420 2528 2515 2399 2206 2658 3046 2639 3019 2532 2558 2639 2533 2547 2021 2371 2847 2568 2577 2681 2828 2293 2395 2388 2744 2562 2376 2850 2578 2301 2295 2862 2216 2473 2296

Tree=0
num_leaves=22
num_cat=8
split_feature=18 25 3 25 11 2 11 23 25 25 0 2 3 23 25 2 20 2 18 2 23
split_gain=714.914 293.936 296.053 73.2497 43.8191 21.686 41.4384 18.9422 10.3174 8.50138 8.48845 7.40199 10.9445 3.22056 3.17502 2.70942 1.20141 1.13603 0.339456 0.162443 0.111058
threshold=84600.000000000015 0 9408.0000000000018 1 359200.00000000006 9.5000000000000018 117344.00000000001 2 3 4 1.5000000000000002 7.5000000000000009 78400.000000000015 5 6 74.000000000000014 446400.00000000006 1.5000000000000002 58800.000000000007 19.500000000000004 7
decision_type=2 9 2 9 2 2 2 9 9 9 2 2 2 9 9 2 2 2 2 2 9
left_child=18 14 9 4 8 10 7 -7 16 20 11 12 -5 -13 -2 -8 -4 -10 -1 -16 -3
right_child=1 2 3 5 -6 6 15 -9 17 -11 -12 13 -14 -15 19 -17 -18 -19 -20 -21 -22
leaf_value=57275.707520830634 60936.276841592786 59091.882577484845 58263.93755919933 61443.286994647977 63804.252534669635 65650.167578124994 61139.937517523766 58470.517517733577 64922.191764211653 65650.537577867508 72010.58757784366 61330.917578125001 65650.307577300075 61331.367578124999 58028.916993498802 65651.017578125 60136.45637969971 65650.52257739901 59086.847577166554 57507.547470355035 59434.177575170994
leaf_weight=24032 237 538 295 1189 420 229 285 341 269 217 237 291 693 2619 2171 297 232 204 403 467 1240
leaf_count=24032 237 538 295 1189 420 229 285 341 269 217 237 291 693 2619 2171 297 232 204 403 467 1240
internal_value=60010.5 60010.5 60010.5 60010.5 60010.5 60010.5 60010.5 60010.5 60010.5 60010.5 60010.5 60010.5 60010.5 60010.5 60010.5 60010.5 60010.5 60010.5 60010.5 60010.5 60010.5
internal_weight=36906 12471 9596 7601 1420 6181 1152 570 1000 1995 5029 4792 1882 2910 2875 582 527 473 24435 2638 1778
internal_count=36906 12471 9596 7601 1420 6181 1152 570 1000 1995 5029 4792 1882 2910 2875 582 527 473 24435 2638 1778
cat_boundaries=0 3 6 7 10 12 13 16 17
cat_threshold=2215641088 2165465176 71307426 2361344 2097152 1089544 4 0 2097152 8192 0 1 4 0 2164260872 32 4
is_linear=0
shrinkage=1


Tree=1
num_leaves=23
num_cat=9
split_feature=18 25 3 25 11 11 25 2 2 11 18 25 23 25 23 25 2 18 0 10 2 23
split_gain=659.697 270.766 272.055 68.2922 55.2822 40.0666 7.7414 7.6784 7.60366 14.0359 5.60789 5.15935 4.76236 3.17502 3.0162 2.57982 0.893198 0.790214 0.340176 0.185377 0.162443 0.122593
threshold=84600.000000000015 0 9408.0000000000018 1 117344.00000000001 80960.000000000015 2 9.5000000000000018 7.5000000000000009 79936.000000000015 111600.00000000001 3 4 5 6 7 87.000000000000014 55800.000000000007 3.5000000000000004 2.5000000000000004 19.500000000000004 8
decision_type=2 9 2 9 2 2 9 2 2 2 2 9 9 9 9 9 2 2 2 2 2 9
left_child=17 13 6 7 5 11 21 8 9 12 -9 -5 -4 -2 -10 18 -6 -1 -7 -19 -15 -3
right_child=1 2 3 4 16 15 -8 10 14 -11 -12 -13 -14 20 -16 -17 -18 19 -20 -21 -22 -23
leaf_value=-2603.4705762380363 879.49542138814945 -872.67912951439621 2919.3456102991108 3238.8540440952779 3602.5173550704126 -1637.9870648419856 5358.0431208491327 1001.2730211555959 1254.4041210937501 7759.1046179807199 3774.6990080833439 5358.2238711300497 1248.4156499409678 -1882.4964343011379 1254.8316210937501 1056.7407504844668 5358.5891208052635 -286.59243631720528 -1476.2709406042102 -1024.0857110530276 -2377.7974812877178 -547.49888171255589
leaf_weight=23992 237 538 1017 649 478 277 217 245 291 295 201 368 275 2171 2619 409 243 242 234 201 467 1240
leaf_count=23992 237 538 1017 649 478 277 217 245 291 295 201 368 275 2171 2619 409 243 242 234 201 467 1240
internal_value=-0.000180992 0.00917542 0.0131994 0.0175253 0.0109026 0.00653172 -0.00321733 0.0210161 0.0216859 0.0188263 0.0146652 0.0133611 0.0165301 -0.00428646 0.0232315 -0.00103037 0.0227455 -0.00495662 -0.00335564 -0.0028427 -0.00478868 -0.00429609
internal_weight=36906 12471 9596 7601 2658 1937 1995 4943 4497 1587 446 1017 1292 2875 2910 920 721 24435 511 443 2638 1778
internal_count=36906 12471 9596 7601 2658 1937 1995 4943 4497 1587 446 1017 1292 2875 2910 920 721 24435 511 443 2638 1778
cat_boundaries=0 3 6 8 10 11 14 15 17 18
cat_threshold=2215641088 2165465176 71307426 524416 536870913 8454144 0 1 16777218 67108864 4 0 2164260872 32 4 0 69206016 4
is_linear=0
shrinkage=0.05


Tree=2
num_leaves=23
num_cat=10
split_feature=18 25 3 25 11 11 2 2 11 25 23 25 18 25 23 23 25 18 0 10 2 23
split_gain=634.493 259.931 262.079 77.5553 49.1365 34.0299 8.57915 8.02953 13.7978 6.68714 5.95627 5.611 5.06294 3.17502 2.83973 2.7685 2.57982 0.790214 0.340176 0.185377 0.162443 0.134614
threshold=84600.000000000015 0 9408.0000000000018 1 117344.00000000001 80960.000000000015 9.5000000000000018 7.5000000000000009 79936.000000000015 2 3 4 111600.00000000001 5 6 7 8 55800.000000000007 3.5000000000000004 2.5000000000000004 19.500000000000004 9
decision_type=2 9 2 9 2 2 2 2 2 9 9 9 2 9 9 9 9 2 2 2 2 9
left_child=17 13 9 6 5 11 7 8 10 21 -4 -5 -8 -2 -9 -6 18 -1 -7 -19 -15 -3
right_child=1 2 3 4 15 16 12 14 -10 -11 -12 -13 -14 20 -16 -17 -18 19 -20 -21 -22 -23
leaf_value=-2473.2970474261347 835.5206503187419 -829.04517303867624 2773.3783297841551 3076.911341890514 3445.7762739525297 -1556.0877115998862 951.20937009781596 1191.6839150390624 7371.1493870816839 5090.1409648066765 1185.9948674439195 5090.3126775735473 3585.9640576791762 -1788.371612586081 1192.0900400390626 5090.4196650534868 1003.9037129602439 -272.26281450134485 -1402.4573935739995 -972.88142550037617 -2258.9076072233324 -520.12393762692807
leaf_weight=23992 237 538 1017 649 340 277 245 291 295 217 275 368 201 2171 2619 381 409 242 234 201 467 1240
leaf_count=23992 237 538 1017 649 340 277 245 291 295 217 275 368 201 2171 2619 381 409 242 234 201 467 1240
internal_value=-0.000273113 0.00890283 0.0128455 0.0170913 0.0100599 0.00593863 0.0208042 0.0215081 0.0185746 -0.0032674 0.0162983 0.0122326 0.0141071 -0.00428646 0.0230941 0.0212241 -0.00103037 -0.00495662 -0.00335564 -0.0028427 -0.00478868 -0.00426816
internal_weight=36906 12471 9596 7601 2658 1937 4943 4497 1587 1995 1292 1017 446 2875 2910 721 920 24435 511 443 2638 1778
internal_count=36906 12471 9596 7601 2658 1937 4943 4497 1587 1995 1292 1017 446 2875 2910 721 920 24435 511 443 2638 1778
cat_boundaries=0 3 6 8 9 11 14 15 16 18 19
cat_threshold=2215641088 2165465176 71307426 524416 536870913 8454144 0 1 4 16777218 67108864 0 2164260872 32 4 4 0 69206016 4
is_linear=0
shrinkage=0.05


Tree=3
num_leaves=22
num_cat=10
split_feature=18 20 25 25 11 8 25 23 25 8 25 25 2 3 23 18 2 23 3 25 10
split_gain=607.975 253.671 202.357 86.3587 38.0451 30.3129 26.3201 13.9115 9.42389 9.32247 7.59613 5.55382 5.52099 5.21814 2.50076 0.914432 0.599856 0.48285 0.292144 0.205779 0.13256
threshold=84600.000000000015 93600.000000000015 0 1 156800.00000000003 3.2500000000000004 2 3 4 1.6666666666666667 5 6 7.5000000000000009 19968.000000000004 7 44100.000000000007 74.000000000000014 8 99152.000000000015 9 2.5000000000000004
decision_type=2 2 9 9 2 2 9 9 9 2 9 9 2 2 9 2 2 9 2 9 2
left_child=15 3 5 12 9 7 -7 8 18 11 -11 -4 -2 14 -14 -1 -8 -13 -3 -19 -17
right_child=1 2 4 -5 -6 6 16 -9 -10 10 -12 17 13 -15 -16 20 -18 19 -20 -21 -22
leaf_value=-2355.8373662644017 1126.1851240216554 1916.8059705352571 4872.0235840943615 -985.88997027148275 3228.192684047694 10643.587920575748 821.33958289260852 4836.3986818008125 3066.1993235518103 4051.0134510053758 -986.57816209213206 -492.15774766925716 1132.0997192871096 721.80335179446047 1132.4855380371098 -282.70977549994859 -1340.8794806568983 -796.35791374658845 4732.3944226938602 -2062.462260646676 -924.23735422535742
leaf_weight=23967 317 470 219 417 363 235 344 410 1171 223 355 1382 290 333 2616 267 232 2500 204 390 201
leaf_count=23967 317 470 219 417 363 235 344 410 1171 223 355 1382 290 333 2616 267 232 2500 204 390 201
internal_value=-0.000367943 0.00861421 0.00373647 0.0190403 -0.00206833 0.0139766 0.00571341 0.0170027 0.0151191 -0.00319365 0.00277586 -0.00396283 0.0215303 0.0222169 0.0229092 -0.00495253 -0.00022109 -0.00435574 0.00981049 -0.00473721 -0.00274468
internal_weight=36906 12471 8498 3973 5432 3066 811 2255 1845 5069 578 4491 3556 3239 2906 24435 576 4272 674 2890 468
internal_count=36906 12471 8498 3973 5432 3066 811 2255 1845 5069 578 4491 3556 3239 2906 24435 576 4272 674 2890 468
cat_boundaries=0 3 6 9 10 13 16 19 20 21 24
cat_threshold=17563776 603979776 11640832 2 1 8396800 17301504 0 32768 4 262144 67108864 1056768 64 1 8 2097152 8 8 4 8 0 3145793 67108866
is_linear=0
shrinkage=0.05


Tree=4
num_leaves=23
num_cat=11
split_feature=18 20 25 25 11 8 25 23 25 8 25 25 2 2 23 25 18 11 3 23 2 25
split_gain=594.572 256.614 191.502 84.6605 36.1533 30.5877 23.6002 11.0709 10.3946 9.02457 7.32076 5.52243 5.06308 5.90476 2.06253 1.47829 1.00483 0.94966 0.842732 0.547374 0.498642 0.205779
threshold=84600.000000000015 93600.000000000015 0 1 156800.00000000003 3.2500000000000004 2 3 4 1.6666666666666667 5 6 31.500000000000004 7.5000000000000009 7 8 44100.000000000007 9408.0000000000018 104448.00000000001 9 74.000000000000014 10
decision_type=2 2 9 9 2 2 9 9 9 2 9 9 2 2 9 9 2 2 2 9 2 9
left_child=16 3 5 12 9 7 -7 8 -3 11 -11 -4 13 -2 -15 -5 -1 -18 -10 -13 -8 -21
right_child=1 2 4 15 -6 6 20 -9 18 10 -12 19 -14 14 -16 -17 17 -19 -20 21 -22 -23
leaf_value=-2238.0454979511815 1069.9658675201651 1900.255724982718 4628.4224048896431 -1105.7979959022903 3066.7830498453095 10111.408524546961 780.27260374797811 4594.5787477107724 2526.7044029395861 3848.4627784551071 -937.24925398752532 -467.54986028579447 685.71318420473767 1075.4697329591659 1075.8612611352544 601.5830792021261 -1112.7396971184278 -6.9841285008453271 5161.9577948600891 -756.54001805925918 -1273.8355066240533 -1959.3391476143424
leaf_weight=23967 285 587 219 228 363 235 344 410 1024 223 355 1382 329 306 2619 206 266 202 234 2500 232 390
leaf_count=23967 285 587 219 228 363 235 344 410 1024 223 355 1382 329 306 2619 206 266 202 234 2500 232 390
internal_value=-0.000416713 0.00846589 0.00356 0.0189522 -0.0020867 0.0135218 0.0052214 0.0165596 0.0148755 -0.00318379 0.00268965 -0.00394058 0.0214742 0.0221513 0.0228305 -0.00206278 -0.00495049 -0.0026383 0.0174882 -0.0043324 -0.000391158 -0.00473721
internal_weight=36906 12471 8498 3973 5432 3066 811 2255 1845 5069 578 4491 3539 3210 2925 434 24435 468 1258 4272 576 2890
internal_count=36906 12471 8498 3973 5432 3066 811 2255 1845 5069 578 4491 3539 3210 2925 434 24435 468 1258 4272 576 2890
cat_boundaries=0 3 6 9 10 13 16 19 20 22 23 26
cat_threshold=17563776 603979776 11640832 2 1 41943040 17301504 0 32768 4 262144 67108864 1048576 64 1 8 2097152 8 8 4 0 16 8 0 3145793 67108866
is_linear=0
shrinkage=0.05


Tree=5
num_leaves=21
num_cat=7
split_feature=18 20 25 25 11 8 3 23 25 25 2 3 18 23 8 3 18 11 23 2
split_gain=581.85 257.522 187.758 84.6738 40.6548 25.9688 22.4624 10.9672 11.6617 7.90012 5.66579 7.12829 4.30158 2.35892 1.71818 1.31069 1.00483 0.94966 0.281223 0.206609
threshold=84600.000000000015 93600.000000000015 0 1 156800.00000000003 3.2500000000000004 359200.00000000006 2 3 4 7.5000000000000009 19968.000000000004 122400.00000000001 5 1.6666666666666667 104448.00000000001 44100.000000000007 9408.0000000000018 6 74.000000000000014
decision_type=2 2 9 9 2 2 2 9 9 9 2 2 2 9 2 2 2 2 9 2
left_child=16 3 5 10 9 7 -7 8 -3 -4 -2 13 -11 -12 18 -10 -1 -18 -14 -8
right_child=1 2 4 -5 -6 6 19 -9 15 12 11 -13 14 -15 -16 -17 17 -19 -20 -21
leaf_value=-2126.1432230536225 1016.3775744445644 1805.2429387335819 4397.011284468731 -927.4180490218904 2916.2638976439143 4380.7633180386392 -71.800904260295667 4364.8498103252341 2400.3691827926064 203.78628188442528 1021.7212466747959 651.4275249945008 -449.55236220034169 1022.0681980784917 -13.992211396447965 5083.5078682927779 -1057.1027122625062 -6.6349220758031153 -719.31301715629604 -1210.1437312928506
leaf_weight=23967 317 587 367 417 393 286 245 410 1024 264 290 333 1345 2616 246 204 266 202 2895 232
leaf_count=23967 317 587 367 417 393 286 245 410 1024 264 290 333 1345 2616 246 204 266 202 2895 232
internal_value=-0.000465483 0.00832157 0.00340706 0.0188264 -0.00207353 0.01347 0.00553595 0.0162438 0.0145432 -0.00326919 0.021292 0.0219855 -0.00381142 0.0227889 -0.00418449 0.0173468 -0.00495049 -0.0026383 -0.00442009 -0.00111691
internal_weight=36906 12471 8498 3973 5510 2988 763 2225 1815 5117 3556 3239 4750 2906 4486 1228 24435 468 4240 477
internal_count=36906 12471 8498 3973 5510 2988 763 2225 1815 5117 3556 3239 4750 2906 4486 1228 24435 468 4240 477
cat_boundaries=0 3 6 7 10 13 14 15
cat_threshold=17563776 603979776 9543680 2 1 8396800 4 262144 67108864 1048576 2097216 16777216 40 4 8
is_linear=0
shrinkage=0.05


Tree=6
num_leaves=24
num_cat=10
split_feature=18 20 25 25 25 11 11 24 2 2 3 8 24 25 25 23 25 18 11 23 2 3 3
split_gain=572.748 261.414 179.202 83.4543 42.8665 54.2267 17.2198 9.60834 6.76628 5.76967 4.95949 4.66311 3.58854 2.5039 2.08491 1.96691 1.47829 1.00483 0.94966 0.644461 0.36926 0.121549 0.107909
threshold=84600.000000000015 93600.000000000015 0 1 2 117344.00000000001 80960.000000000015 3 31.500000000000004 7.5000000000000009 156800.00000000003 1.6666666666666667 4 5 6 7 8 44100.000000000007 9408.0000000000018 9 71.000000000000014 89600.000000000015 110592.00000000001
decision_type=2 2 9 9 9 2 2 9 2 2 2 2 9 9 9 9 9 2 2 9 2 2 2
left_child=17 3 10 8 -4 6 7 -6 9 -2 11 19 -7 -9 20 -11 -5 -1 -19 -3 -8 -21 -23
right_child=1 2 4 16 5 12 14 13 -10 15 -12 -13 -14 -15 -16 -17 -18 18 -20 21 -22 22 -24
leaf_value=-2019.8360619009411 965.64869542192901 -421.69474916148795 3386.5099299166695 -1004.1371936560809 4352.1749895982948 4146.4073198089718 -632.70766720288998 1022.2755988199202 618.85614874477551 970.61018397746739 1593.1839465749997 193.77196939356872 2802.9356943062035 2114.4308534757888 1021.5364522768928 970.96478817456739 558.23323239939054 -1004.2475766493808 -6.3031759720128324 -682.12236884359959 -1141.0915879666093 -2094.0864378756555 -2091.6114302403003
leaf_weight=23967 285 1382 1167 228 207 415 310 225 329 306 309 234 298 700 396 2619 206 266 202 2136 234 225 260
leaf_count=23967 285 1382 1167 228 207 415 310 225 329 306 309 234 298 700 396 2619 206 266 202 2136 234 225 260
internal_value=-0.000500706 0.00821735 0.00326588 0.0188013 0.0110343 0.00758849 0.00351495 0.00766314 0.0213053 0.0220735 -0.00350592 -0.00395966 0.0194895 0.00525614 -0.0014862 0.0227451 -0.00206278 -0.00495049 -0.0026383 -0.0043608 -0.00345324 -0.00482463 -0.00405544
internal_weight=36906 12471 8498 3973 3952 2785 2072 1132 3539 3210 4546 4237 713 925 940 2925 434 24435 468 4003 544 2621 485
internal_count=36906 12471 8498 3973 3952 2785 2072 1132 3539 3210 4546 4237 713 925 940 2925 434 24435 468 4003 544 2621 485
cat_boundaries=0 3 6 9 10 11 14 17 18 20 21
cat_threshold=2148532224 2148687945 104861858 2 1 41943040 524416 536870912 65536 16 48 18874368 16777216 2129920 0 69206016 2097152 4 0 16 8
is_linear=0
shrinkage=0.05


Tree=7
num_leaves=21
num_cat=8
split_feature=18 20 25 25 11 25 11 2 11 8 2 25 23 2 18 11 25 23 25 2
split_gain=558.195 257.321 172.944 82.5179 34.0542 33.56 38.1233 10.5977 10.3848 7.81788 6.81833 5.22171 2.35547 1.43398 1.00483 0.94966 0.791454 0.4977 0.511327 0.408063
threshold=84600.000000000015 93600.000000000015 0 1 156800.00000000003 2 117344.00000000001 15.500000000000002 84480.000000000015 1.6666666666666667 7.5000000000000009 3 4 87.000000000000014 44100.000000000007 9408.0000000000018 5 6 7 13.500000000000002
decision_type=2 2 9 9 2 9 2 2 2 2 2 9 9 2 2 2 9 9 9 2
left_child=14 3 5 7 9 -3 8 10 16 17 -2 -11 -12 -8 -1 -16 -7 -4 -19 -10
right_child=1 2 4 -5 -6 6 13 -9 19 11 12 -13 -14 -15 15 -17 -18 18 -20 -21
leaf_value=-1918.8442588058942 917.27626095124003 3217.1844334208358 -400.6100117034137 -830.84028688799162 2630.3039186186129 3361.9571152888102 3796.4418868313319 587.91334130753683 29.127386502413721 -2197.5800983724898 922.1046751421826 3054.9215159255073 922.41654876583925 3939.0269535300367 -954.03519781691182 -5.9880171734122998 3568.5066120822371 -648.64124785630122 -1873.3521103361209 -1096.092107763521
leaf_weight=23967 317 1167 1382 417 363 618 246 334 349 227 291 351 2614 243 266 202 349 2500 452 251
leaf_count=23967 317 1167 1382 417 363 618 246 334 349 227 291 351 2614 243 266 202 349 2500 452 251
internal_value=-0.000557604 0.00804898 0.00313647 0.0185497 -0.00244468 0.0122365 0.00827853 0.0209837 0.00450287 -0.00354294 0.0219262 0.00191379 0.0226952 0.0204786 -0.00495049 -0.0026383 0.00770382 -0.00427122 -0.00464117 -0.000664453
internal_weight=36906 12471 8498 3973 5275 3223 2056 3556 1567 4912 3222 578 2905 489 24435 468 967 4334 2952 600
internal_count=36906 12471 8498 3973 5275 3223 2056 3556 1567 4912 3222 578 2905 489 24435 468 967 4334 2952 600
cat_boundaries=0 3 6 9 12 13 16 17 20
cat_threshold=19660928 603979776 11640832 2 1 8396800 524416 536870912 65536 1048576 131072 4096 4 262144 67108864 32768 8 0 3145793 67108866
is_linear=0
shrinkage=0.05


Tree=8
num_leaves=29
num_cat=9
split_feature=25 11 18 3 18 25 2 2 11 25 20 3 18 25 25 25 23 11 18 25 25 9 18 20 10 11 2 3
split_gain=650.629 199.606 207.421 62.0631 33.0055 56.8506 39.7784 31.292 24.4144 18.8842 9.81604 6.57484 6.47563 4.97463 3.03366 2.64326 2.41243 1.94693 1.23841 1.71494 1.26167 0.389685 0.294573 0.291709 0.0800739 0.0442454 0.0362616 0.000599636
threshold=0 9408.0000000000018 39600.000000000007 10752.000000000002 84600.000000000015 1 1.5000000000000002 7.5000000000000009 117344.00000000001 2 124800.00000000001 359200.00000000006 172650.00000000003 3 4 5 6 40480.000000000007 39600.000000000007 7 8 3.5000000000000004 55800.000000000007 648000.00000000012 49.000000000000007 182160.00000000003 15.500000000000002 78400.000000000015
decision_type=9 2 2 2 2 9 2 2 2 9 2 2 2 9 9 9 9 2 2 9 9 2 2 2 2 2 2 2
left_child=1 -1 -3 7 18 6 13 12 9 -5 -10 17 -4 -6 -8 24 -9 -11 -2 25 -21 -17 -18 -16 27 26 -20 -7
right_child=4 2 3 8 5 15 14 16 10 11 -12 -13 -14 -15 23 21 22 -19 19 20 -22 -23 -24 -25 -26 -27 -28 -29
leaf_value=-392.54952849180484 -1967.161674459521 -659.40171947056444 871.65244753174488 9056.7452135427011 4186.5470796361442 -2107.1260617501548 -1300.605332818825 875.99944138507351 726.84330948507488 3193.5024497560062 3741.8856061420215 -284.29309491967928 386.26090496763572 2509.3486969766232 31.071855013338066 578.0622230928393 84.288325540479136 3414.7648576391025 -1462.3216784315746 -1515.1721955972353 83.438325540479127 -1197.1063910732464 876.29572132754697 1845.5756155147051 -1890.2687501841567 -1644.961678131167 -2058.9616747456234 -1454.8383279616064
leaf_weight=1906 20258 1219 315 208 399 210 277 290 246 226 341 267 994 343 207 243 650 940 834 342 224 213 2652 232 305 386 241 1938
leaf_count=1906 20258 1219 315 208 399 210 277 290 246 226 341 267 994 343 207 243 650 940 834 342 224 213 2652 232 305 386 241 1938
internal_value=2.22162e-05 0.0107179 0.0140611 0.0173194 -0.00409579 -0.000122455 0.00789796 0.020466 0.0103856 0.0072398 0.0191256 0.00504152 0.0138101 0.0160484 -0.000459611 -0.00415782 0.0228826 0.0066952 -0.00487616 -0.00368901 -0.00126298 -0.000598292 0.0232869 0.00211752 -0.00481339 -0.00458588 -0.00480502 -0.00494884
internal_weight=36906 10254 8348 7129 26652 4367 1458 4901 2228 1641 587 1433 1309 742 716 2909 3592 1166 22285 2027 566 456 3302 439 2453 1461 1075 2148
internal_count=36906 10254 8348 7129 26652 4367 1458 4901 2228 1641 587 1433 1309 742 716 2909 3592 1166 22285 2027 566 456 3302 439 2453 1461 1075 2148
cat_boundaries=0 3 6 9 12 14 17 18 21 24
cat_threshold=19400834 67108865 3244288 262208 538968064 41951240 524290 0 256 0 536870912 8396800 0 2097152 0 1196112 67113090 4 67108864 2147483648 16789504 0 8 33554432
is_linear=0
shrinkage=0.05


Tree=9
num_leaves=25
num_cat=8
split_feature=25 3 18 20 2 11 25 18 11 2 25 3 18 20 23 25 18 25 18 25 25 2 2 11
split_gain=618.285 182.503 191.668 74.2225 24.2682 23.1418 25.6052 22.0564 49.8429 21.506 15.6027 4.96174 6.25046 3.03988 2.66182 1.43625 1.36934 2.6519 0.517919 0.51094 0.0819867 0.0692712 0.0623455 0.0718486
threshold=0 9408.0000000000018 39600.000000000007 93600.000000000015 7.5000000000000009 117344.00000000001 1 84600.000000000015 168960.00000000003 8.5000000000000018 2 359200.00000000006 166500.00000000003 1339200.0000000002 3 4 39600.000000000007 5 55800.000000000007 6 7 50.000000000000007 15.500000000000002 182160.00000000003
decision_type=9 2 2 2 2 2 9 2 2 2 9 2 2 2 9 9 2 9 2 9 9 2 2 2
left_child=1 -1 -3 4 -4 6 -5 16 10 14 -9 12 -8 19 -6 -10 -2 20 -16 21 -18 -12 23 -22
right_child=7 2 3 5 9 -7 11 8 15 -11 13 -13 -14 -15 18 -17 17 -19 -20 -21 22 -23 -24 -25
leaf_value=-372.52202481597089 -1868.7636149264938 -621.86677953676053 827.85982590379217 2441.6579916624796 832.19946931581944 3554.7913258349204 -139.28594747658281 5073.2431041308273 2408.4912579578508 399.0411529729754 -896.4964399591787 -270.07844017369547 3229.4061610645667 638.99116530609103 80.073909263455064 2702.4084785558912 -1403.7433865781197 79.226408681713664 832.48093526116941 -1322.409556595032 -1389.4756169141897 -1802.954846018386 -1956.013591008342 -1562.7135942246089
leaf_weight=1884 20293 1206 304 1135 291 341 219 356 279 343 2605 267 925 210 642 321 324 245 2635 307 852 295 241 386
leaf_count=1884 20293 1206 304 1135 291 341 219 356 279 343 2605 267 925 210 642 321 324 245 2635 307 852 295 241 386
internal_value=-0.000235181 0.0102352 0.0134308 0.0165597 0.0207908 0.0103721 0.00872056 -0.00423258 -0.000986287 0.021849 -0.00311656 0.00410752 0.00556719 -0.00415136 0.023 0.0123754 -0.00486976 -0.00362927 0.0234263 -0.00454503 -0.00427824 -0.00475618 -0.00452381 -0.00470968
internal_weight=36906 10192 8308 7102 4215 2887 2546 26714 4373 3911 3773 1411 1144 3417 3568 600 22341 2048 3277 3207 1803 2900 1479 1238
internal_count=36906 10192 8308 7102 4215 2887 2546 26714 4373 3911 3773 1411 1144 3417 3568 600 22341 2048 3277 3207 1803 2900 1479 1238
cat_boundaries=0 3 4 7 8 11 14 17 20
cat_threshold=19400834 67108865 3244032 524416 262208 553648128 40 4 0 2097152 41943040 67108864 2147483656 50343936 0 3145808 75509890 0 0 33554432
is_linear=0
shrinkage=0.05


Tree=10
num_leaves=26
num_cat=9
split_feature=25 3 18 3 2 18 11 11 25 25 18 25 2 23 18 25 25 18 25 18 2 3 25 2 11
split_gain=514.255 171.248 188.304 91.0566 47.5624 31.1338 42.4735 19.8002 18.9461 15.0905 6.54769 5.95212 4.97936 2.41243 1.36941 2.6519 1.1534 0.862971 2.07281 0.294573 0.144541 0.102937 0.0819867 0.0623455 0.0718486
threshold=0 9408.0000000000018 39600.000000000007 10752.000000000002 7.5000000000000009 84600.000000000015 168960.00000000003 117344.00000000001 1 2 87300.000000000015 3 7.5000000000000009 4 39600.000000000007 5 6 174600.00000000003 7 55800.000000000007 50.000000000000007 80960.000000000015 8 15.500000000000002 182160.00000000003
decision_type=9 2 2 2 2 2 2 2 9 9 2 9 2 9 2 9 9 2 9 2 2 2 9 2 2
left_child=1 -1 -3 4 -4 14 8 9 20 -5 -9 -10 21 -6 -2 22 -8 18 -13 -15 -7 -11 -16 24 -24
right_child=5 2 3 7 13 6 16 10 11 12 -12 17 -14 19 15 -17 -18 -19 -20 -21 -22 -23 23 -25 -26
leaf_value=-353.8959235751725 -1775.3654099902201 -587.24826376658564 786.67683385996793 8481.6150536853711 790.58949585002847 -920.28701076370453 2318.291553564492 666.6490854323398 5291.2840480624518 3099.3769343789959 3377.1167591533604 -799.16762327012475 -947.86408628976426 76.07021380028236 -1333.5562172492137 75.265088247627872 2337.6491082412977 1731.9923551506045 332.87673002483137 790.85688849811129 -1696.4642650820679 2575.6419344071182 -1320.0018360684801 -1858.212911457925 -1484.5779145133783
leaf_weight=1882 20304 1197 315 246 290 2527 262 259 241 677 328 209 402 650 324 245 338 201 1218 2652 424 236 852 241 386
leaf_count=1882 20304 1197 315 246 290 2527 262 259 241 677 328 209 402 650 324 245 338 201 1218 2652 424 236 852 241 386
internal_value=-0.000659208 0.00962497 0.0131224 0.0167038 0.0212497 -0.00404406 -0.000645519 0.00842325 -0.00220863 0.00546705 0.0162394 0.00173046 0.00322155 0.0228826 -0.00486982 -0.00362927 0.0118771 0.000615852 0.000185443 0.0232869 -0.00469288 0.00528415 -0.00427824 -0.00452381 -0.00470968
internal_weight=36906 9134 7252 6055 3907 27772 5420 2148 4820 1561 587 1869 1315 3592 22352 2048 600 1628 1427 3302 2951 913 1803 1479 1238
internal_count=36906 9134 7252 6055 3907 27772 5420 2148 4820 1561 587 1869 1315 3592 22352 2048 600 1628 1427 3302 2951 913 1803 1479 1238
cat_boundaries=0 3 6 9 11 12 15 18 21 24
cat_threshold=19400706 67108865 3244032 2148532224 3162192 75501698 524290 0 32768 262208 536870912 4 67108864 2147483656 50343936 0 2097152 8388608 0 2147622912 4202496 0 0 33554432
is_linear=0
shrinkage=0.05


Tree=11
num_leaves=28
num_cat=10
split_feature=25 3 18 3 2 18 11 11 25 25 18 25 2 23 18 25 25 25 24 11 18 25 10 3 11 2 3
split_gain=504.246 169.042 187.178 93.5774 47.4318 30.2781 41.2027 20.4089 18.2921 15.4388 7.55254 5.65057 5.42195 2.38018 1.5449 2.09852 1.54027 0.807256 0.692878 0.647823 0.251227 0.0844609 0.0831404 0.0828172 0.0735286 0.0621051 0.00724589
threshold=0 9408.0000000000018 39600.000000000007 10752.000000000002 7.5000000000000009 84600.000000000015 168960.00000000003 117344.00000000001 1 2 87300.000000000015 3 7.5000000000000009 4 34200.000000000007 5 6 7 8 50600.000000000007 55800.000000000007 9 5.166666666666667 80960.000000000015 182160.00000000003 25.500000000000004 104448.00000000001
decision_type=9 2 2 2 2 2 2 2 9 9 2 9 2 9 2 9 9 9 9 2 2 9 2 2 2 2 2
left_child=1 -1 -3 4 -4 14 8 9 11 -5 -9 -7 23 -6 -2 21 -8 25 19 -13 -15 -16 24 -11 -23 -10 -27
right_child=5 2 3 7 13 6 16 10 17 12 -12 18 -14 20 15 -17 -18 -19 -20 -21 -22 22 -24 -25 -26 26 -28
leaf_value=-336.20112739641377 -1688.6471394907092 -557.78585055441442 747.34299216696968 8057.574301010638 751.06002105752714 5026.7198456593287 2202.3769758862677 633.31663116072309 -891.82370221007739 2961.1891172080118 3208.2609211956924 249.111222683503 -1012.575589341504 72.266703110268281 -1266.8784063867531 -18.685148374702841 2220.766652829233 -1072.9493754832406 1613.4577297791766 -697.14920175188968 751.31404407320588 -1264.6705867386213 -1569.4988370736107 2446.8598376867626 -1410.3490187877096 -338.35239676789206 -1769.8238744630924
leaf_weight=1882 20144 1195 315 242 290 241 262 259 2307 654 328 1027 336 650 324 383 338 328 204 226 2652 904 213 236 386 337 243
leaf_count=1882 20144 1195 315 242 290 241 262 259 2307 654 328 1027 336 650 324 383 338 328 204 226 2652 904 213 236 386 337 243
internal_value=-0.000707978 0.00954646 0.0130626 0.0166818 0.0212241 -0.00403655 -0.00071895 0.00803354 -0.00223093 0.00487075 0.0158998 0.00196491 0.0024798 0.0228548 -0.00485642 -0.00359403 0.0116279 -0.00443911 0.000759019 0.000304347 0.0232567 -0.00428766 -0.00453135 0.00454036 -0.00472136 -0.00472059 -0.00420962
internal_weight=36906 9039 7157 5962 3907 27867 5513 2055 4913 1468 587 1698 1226 3592 22354 2210 600 3215 1457 1253 3302 1827 1503 890 1290 2887 580
internal_count=36906 9039 7157 5962 3907 27867 5513 2055 4913 1468 587 1698 1226 3592 22354 2210 600 3215 1457 1253 3302 1827 1503 890 1290 2887 580
cat_boundaries=0 3 6 9 11 12 15 18 21 22 25
cat_threshold=19400704 67108865 3244032 262336 553648136 8232 17303552 0 32768 262208 536870912 4 67108864 2147484168 50343936 0 2097152 8388608 2 3145808 75501698 8 0 0 33554432
is_linear=0
shrinkage=0.05


Tree=12
num_leaves=28
num_cat=8
split_feature=25 3 18 3 2 18 11 11 25 25 18 25 2 18 25 25 23 18 25 18 11 27 2 2 3 10 3
split_gain=500.804 167.709 186.038 95.1388 48.8669 30.2636 41.2165 20.645 18.0881 16.5677 7.3357 6.52576 4.94331 2.54714 2.81112 2.88474 2.36413 0.783828 0.284067 0.266119 0.162038 0.453639 0.163625 0.076601 0.0587253 0.0402185 0.025815
threshold=0 9408.0000000000018 39600.000000000007 10752.000000000002 7.5000000000000009 135000.00000000003 168960.00000000003 117344.00000000001 1 2 111600.00000000001 3 7.5000000000000009 34200.000000000007 4 5 6 174600.00000000003 7 55800.000000000007 125536.00000000001 3.2769667020129059 31.500000000000004 25.500000000000004 80960.000000000015 27.500000000000004 104448.00000000001
decision_type=9 2 2 2 2 2 2 2 9 9 2 9 2 2 9 9 9 2 9 2 2 8 2 2 2 2 2
left_child=1 -1 -3 4 -4 13 8 9 23 -5 -9 -10 24 -2 20 25 -6 18 -13 -18 22 -22 -15 -7 -11 -16 -25
right_child=5 2 3 7 16 6 -8 10 11 12 -12 17 -14 14 15 -17 19 -19 -20 -21 21 -23 -24 26 -26 -27 -28
leaf_value=-319.39107102659295 -1604.2147825161737 -529.8965580266937 709.97584255862103 7654.8055865346951 713.50702000465105 -1688.2614539386771 3050.4594463420699 601.35079953116144 4775.3838533763619 2813.1296613476115 3047.8528751371 237.00565996384395 -961.94680987442882 -736.84672961342812 -574.29416416895515 73.461091581806983 68.65336795475487 1564.7198509041148 -973.54605267882982 713.74834186954547 -1551.6315648561708 -231.27125185410696 -321.4347769294975 -396.87985127841569 2324.5168458024245 -752.43765805191561 -1644.8778665383443
leaf_weight=1882 20144 1195 315 219 290 1875 470 260 213 654 327 1046 336 1592 350 214 650 201 240 2652 286 255 200 231 236 319 254
leaf_count=1882 20144 1195 315 219 290 1875 470 260 213 654 327 1046 336 1592 350 214 650 201 240 2652 286 255 200 231 236 319 254
internal_value=-0.000747265 0.00948937 0.0130017 0.0166226 0.0211857 -0.00405885 -0.000319948 0.00783677 -0.00194486 0.00461299 0.01573 0.00198598 0.00223748 -0.00478555 -0.00347421 -0.00102235 0.0228408 0.000777184 0.000326086 0.0232415 -0.0043774 -0.00360037 -0.00463211 -0.00476391 0.00420403 -0.00263583 -0.00415811
internal_weight=36906 9016 7134 5939 3907 27890 4530 2032 4060 1445 587 1700 1226 23360 3216 883 3592 1487 1286 3302 2333 541 1792 2360 890 669 485
internal_count=36906 9016 7134 5939 3907 27890 4530 2032 4060 1445 587 1700 1226 23360 3216 883 3592 1487 1286 3302 2333 541 1792 2360 890 669 485
cat_boundaries=0 3 6 9 11 14 17 18 21
cat_threshold=19398656 67108865 3244032 2147483648 3145792 71307394 17301504 0 32768 262208 536870912 67108866 2147500568 25178112 34605120 0 33554560 4 128 0 8
is_linear=0
shrinkage=0.05


Tree=13
num_leaves=28
num_cat=9
split_feature=25 3 18 3 2 18 11 11 25 25 18 25 2 18 25 25 23 11 25 18 11 27 25 3 2 10 3
split_gain=498.494 166.341 185.17 96.1823 48.7346 30.3843 39.3011 21.164 17.3329 16.9496 7.3357 5.58244 4.63648 2.59986 2.6433 2.69093 2.33218 0.974696 0.937556 0.296348 0.143678 0.453639 0.171619 0.111699 0.0980408 0.0402185 0.02319
threshold=0 9408.0000000000018 39600.000000000007 10752.000000000002 7.5000000000000009 135000.00000000003 168960.00000000003 117344.00000000001 1 2 111600.00000000001 3 7.5000000000000009 34200.000000000007 4 5 6 84480.000000000015 7 55800.000000000007 125536.00000000001 3.2769667020129059 8 84480.000000000015 50.000000000000007 27.500000000000004 80960.000000000015
decision_type=9 2 2 2 2 2 2 2 9 9 2 9 2 2 9 9 9 2 9 2 2 8 9 2 2 2 2
left_child=1 -1 -3 4 -4 13 8 9 11 -5 -9 -7 26 -2 20 25 -6 -13 23 -18 22 -22 -15 -10 -25 -16 -11
right_child=5 2 3 7 16 6 -8 10 18 12 -12 17 -14 14 15 -17 19 -19 -20 -21 21 -23 -24 24 -26 -27 -28
leaf_value=-303.42151747526333 -1524.004043390365 -503.40173012535888 674.47705043069004 7272.0653072079604 677.8316690044187 4536.6146607075443 2897.9364740249666 571.28325955460321 -330.84337350386818 2672.4731782802305 2895.4602313802447 186.75527643645765 -913.84946938070755 -9.5554153766905081 -545.5794559605074 69.788037002716734 65.220699557016999 2144.2884288132677 -967.89040490623415 678.06092477606808 -1474.0499866133623 -219.70768926140155 -788.76349766695807 -1954.6984315599843 -1538.8740091387226 -714.81577514931973 2208.2910035123032
leaf_weight=1882 20144 1195 315 219 290 213 470 260 336 654 327 1017 336 241 350 214 650 238 263 2652 286 255 1551 1715 278 319 236
leaf_count=1882 20144 1195 315 219 290 213 470 260 336 654 327 1017 336 241 350 214 650 238 263 2652 286 255 1551 1715 278 319 236
internal_value=-0.000751329 0.00946167 0.0129596 0.0165721 0.0211601 -0.00405527 -0.000308916 0.00773845 -0.00189562 0.00447477 0.01573 0.00243919 0.00207593 -0.00478341 -0.00345867 -0.00107821 0.022813 0.0011247 -0.00434332 0.0232113 -0.00433476 -0.00360037 -0.00457637 -0.00467535 -0.00484461 -0.00263583 0.00397982
internal_weight=36906 9016 7134 5939 3907 27890 4530 2032 4060 1445 587 1468 1226 23360 3216 883 3592 1255 2592 3302 2333 541 1792 2329 1993 669 890
internal_count=36906 9016 7134 5939 3907 27890 4530 2032 4060 1445 587 1468 1226 23360 3216 883 3592 1255 2592 3302 2333 541 1792 2329 1993 669 890
cat_boundaries=0 3 6 9 11 14 17 18 21 24
cat_threshold=19398656 67108865 3244032 262336 536870912 8200 17301504 0 32768 262208 536870912 67108866 2147500568 25178112 34605120 0 33554560 4 0 3145792 67113090 0 2147500040 8388608
is_linear=0
shrinkage=0.05


Tree=14
num_leaves=28
num_cat=9
split_feature=25 3 18 3 2 18 11 11 25 25 18 25 2 18 25 23 12 25 18 11 9 18 11 25 3 11 23
split_gain=495.77 164.7 184.016 99.0298 48.7346 31.1338 39.0476 21.3081 17.5295 16.9434 6.94232 5.58244 4.19465 2.42673 2.48948 2.33218 2.22168 1.28585 1.26334 0.974696 0.307874 0.296348 0.191737 0.0752364 0.0620555 0.0510975 0.000329423
threshold=0 9408.0000000000018 39600.000000000007 10752.000000000002 7.5000000000000009 135000.00000000003 168960.00000000003 117344.00000000001 1 2 111600.00000000001 3 7.5000000000000009 39600.000000000007 4 5 97652.000000000015 6 55800.000000000007 84480.000000000015 1.5000000000000002 55800.000000000007 125536.00000000001 7 84480.000000000015 101200.00000000001 8
decision_type=9 2 2 2 2 2 2 2 9 9 2 9 2 2 9 9 2 9 2 2 2 2 2 9 2 2 9
left_child=1 -1 -3 4 -4 13 9 8 -5 11 -9 -7 23 -2 22 -6 -16 24 20 -13 -18 -17 26 -10 -11 -26 -15
right_child=5 2 3 7 15 6 -8 10 12 17 -12 19 -14 14 16 21 18 -19 -20 -21 -22 -23 -24 -25 25 -27 -28
leaf_value=-288.25044160150031 -1446.7788654262931 -478.23164361909079 640.75319790915535 6908.4620418475624 643.94008555419794 4309.783927672167 2753.039650323718 542.71909657687286 2714.4689270225513 -688.30200659194054 2750.6872198112324 177.41751261463506 -868.1569959116722 -265.92486319967429 102.544815129783 61.959664579166201 -1400.3474873303778 -319.01640386408076 215.17972792955811 2037.0740073726047 -502.541245237488 644.15787853726442 -585.75622698714687 1341.2787591954018 -1877.6535184911443 -1422.1687313955626 -1279.7076980614054
leaf_weight=1882 20306 1195 315 219 290 213 470 260 372 225 327 1017 336 1231 229 650 306 363 226 238 334 2652 212 518 1580 424 516
leaf_count=1882 20306 1195 315 219 290 213 470 260 372 225 327 1017 336 1231 229 650 306 363 226 238 334 2652 212 518 1580 424 516
internal_value=-0.000762167 0.00942291 0.0129036 0.0165048 0.0211601 -0.00405706 -0.000264785 0.00754179 0.00426745 -0.00184638 0.0155603 0.00243919 0.0018336 -0.00479411 -0.00347513 0.022813 -0.0015131 -0.00426651 -0.00268433 0.0011247 -0.0038162 0.0232113 -0.00453831 0.0036435 -0.0047278 -0.00484546 -0.00473699
internal_weight=36906 9016 7134 5939 3907 27890 4530 2032 1445 4060 587 1468 1226 23360 3054 3592 1095 2592 866 1255 640 3302 1959 890 2229 2004 1747
internal_count=36906 9016 7134 5939 3907 27890 4530 2032 1445 4060 587 1468 1226 23360 3054 3592 1095 2592 866 1255 640 3302 1959 890 2229 2004 1747
cat_boundaries=0 3 6 9 11 14 15 18 21 22
cat_threshold=19398656 67108865 3244032 17301504 0 32768 262336 536870912 8200 262208 536870912 67108930 16400 25178112 4 2147483648 3145792 4198530 2097152 1 1048576 4
is_linear=0
shrinkage=0.05


Tree=15
num_leaves=29
num_cat=10
split_feature=25 3 18 3 2 18 25 11 11 25 25 2 18 23 25 18 25 20 25 3 18 20 23 18 20 3 10 25
split_gain=482.281 166.778 184.005 94.3478 48.6685 41.2404 52.3572 27.9774 19.8347 17.9713 15.7572 4.60497 4.51604 2.31627 1.76955 1.58395 1.7941 1.37503 2.21653 0.786989 0.2383 0.17271 0.0720291 0.0646293 0.232897 0.0590433 0.0558693 0.0113247
threshold=0 9408.0000000000018 39600.000000000007 10752.000000000002 7.5000000000000009 84600.000000000015 1 182160.00000000003 117344.00000000001 2 3 3.5000000000000004 172650.00000000003 4 5 34200.000000000007 6 648000.00000000012 7 96500.000000000015 55800.000000000007 648000.00000000012 8 55800.000000000007 84600.000000000015 84480.000000000015 49.000000000000007 9
decision_type=9 2 2 2 2 2 9 2 2 9 9 2 2 9 9 2 9 2 9 2 2 2 9 2 2 2 2 9
left_child=1 -1 -3 4 -4 15 -7 10 9 -5 21 27 -10 -6 -9 -2 22 18 -12 -20 -15 25 23 24 -17 -8 -27 -11
right_child=5 2 3 8 13 6 7 14 12 11 17 -13 -14 20 -16 16 -18 -19 19 -21 -22 -23 -24 -25 -26 26 -28 -29
leaf_value=-273.83292176136786 -1375.5849219868935 -452.60006398444676 608.71553801369737 6563.0389397551844 611.74308127648771 4094.2947312885585 -431.02929283397975 1587.7115237056657 519.78314274938748 2736.2161968908567 -321.62538378312422 -783.90686896682644 2613.1828592092934 58.861681350207803 1867.735479323449 -1239.2914361807948 -34.302776067415969 909.97817798281176 593.41396257730798 2714.7329566595204 611.94998461040086 -1564.0642002661461 -1197.3335499980635 -716.24266447630805 -1444.8536793892629 -1762.2009006167427 -1313.3106971509005 1435.979091892933
leaf_weight=1880 20165 1174 315 219 290 212 595 220 246 261 291 364 319 650 323 603 398 342 1155 224 2652 232 526 338 360 1760 302 490
leaf_count=1880 20165 1174 315 219 290 212 595 220 246 261 291 364 319 650 323 603 398 342 1155 224 2652 232 526 338 360 1760 302 490
internal_value=-0.000676819 0.0094849 0.013055 0.0167045 0.0211474 -0.00388944 -7.59998e-05 -0.00104839 0.00755129 0.00421407 -0.00224455 0.00153061 0.015388 0.0227991 0.00969725 -0.00485441 -0.00358105 0.00115613 0.000568181 0.00140546 0.0231961 -0.00460014 -0.00423328 -0.004033 -0.00379793 -0.00473298 -0.00487403 0.00377822
internal_weight=36906 8860 6980 5806 3907 28046 5656 5444 1899 1334 4901 1115 565 3592 543 22390 2225 2012 1670 1379 3302 2889 1827 1301 963 2657 2062 751
internal_count=36906 8860 6980 5806 3907 28046 5656 5444 1899 1334 4901 1115 565 3592 543 22390 2225 2012 1670 1379 3302 2889 1827 1301 963 2657 2062 751
cat_boundaries=0 3 6 9 12 13 15 18 21 22 24
cat_threshold=19398656 67108865 2129920 0 536870912 8388608 17301504 0 32768 2148532226 2150785104 4198530 4 0 2097152 67108864 2147484168 50343936 64 0 67182624 4 2097152 1
is_linear=0
shrinkage=0.05


Tree=16
num_leaves=30
num_cat=7
split_feature=25 3 18 3 2 18 11 11 25 25 18 25 2 18 25 11 23 9 18 11 18 2 3 18 25 3 10 18 10
split_gain=489.252 165.521 184.889 95.273 48.6685 32.2475 36.1076 19.593 19.1166 18.0787 6.42468 5.83701 3.73995 3.31359 2.47988 2.62383 2.31627 1.14662 1.01585 0.416145 0.2383 0.184249 0.165004 0.149911 0.116504 0.107747 0.0796996 0.0629999 0.0418118
threshold=0 9408.0000000000018 39600.000000000007 10752.000000000002 7.5000000000000009 135000.00000000003 168960.00000000003 117344.00000000001 1 2 111600.00000000001 3 3.5000000000000004 27000.000000000004 4 88750.000000000015 5 3.5000000000000004 68400.000000000015 125536.00000000001 55800.000000000007 1.5000000000000002 78400.000000000015 84600.000000000015 6 84480.000000000015 49.000000000000007 55800.000000000007 1.0714285714285716
decision_type=9 2 2 2 2 2 2 2 9 9 2 9 2 2 9 2 9 2 2 2 2 2 2 2 9 2 2 2 2
left_child=1 -1 -3 4 -4 13 8 9 25 -5 -9 -10 24 -2 21 -16 -6 22 19 28 -18 23 -13 27 -11 -7 -27 -15 -17
right_child=5 2 3 7 16 6 -8 10 11 12 -12 17 -14 14 15 18 20 -19 -20 -21 -22 -23 -24 -25 -26 26 -28 -29 -30
leaf_value=-260.14627343335707 -1313.6656992430328 -430.83007505696042 578.27976111301257 6234.8869927674259 581.15592721266296 -711.09624039195228 2410.8979340385627 489.59398461055974 3889.5799947241308 2599.4053870463135 2482.4937158602065 165.65572811208767 -744.71152551848513 -887.03575595566019 72.533741512356571 -437.14394846015261 55.918597282697377 1136.3182596814183 426.04174416358586 -1262.6155404276424 581.35248537988082 -1004.3338071912102 -84.214146141514362 -200.80113835919911 1364.1801372982861 -1674.9707911008327 -1258.5612380735265 -246.6414685206075 -497.33907659478541
leaf_weight=1881 19879 1185 315 219 290 265 470 260 213 261 327 1017 364 356 248 255 650 311 225 334 2652 1083 295 532 490 1775 295 206 253
leaf_count=1881 19879 1185 315 219 290 265 470 260 213 261 327 1017 364 356 248 255 650 311 225 334 2652 1083 295 532 490 1775 295 206 253
internal_value=-0.00074591 0.00946328 0.0130057 0.0166655 0.0211474 -0.0039898 -0.000184149 0.0075377 -0.00166667 0.00417665 0.0151358 0.00214827 0.00148625 -0.00474715 -0.00332284 -0.00156368 0.0227991 0.00109174 -0.00265201 -0.00344787 0.0231961 -0.00435587 0.000449009 -0.00389599 0.00351262 -0.00465488 -0.00480212 -0.00329787 -0.00252941
internal_weight=36906 8894 7013 5828 3907 28012 4641 1921 4171 1334 587 1836 1115 23371 3492 1315 3592 1623 1067 842 3302 2177 1312 1094 751 2335 2070 562 508
internal_count=36906 8894 7013 5828 3907 28012 4641 1921 4171 1334 587 1836 1115 23371 3492 1315 3592 1623 1067 842 3302 2177 1312 1094 751 2335 2070 562 508
cat_boundaries=0 3 6 9 11 14 15 17
cat_threshold=19398656 67108865 2195456 2148532224 3285056 37752994 17301504 0 32768 262208 536870912 67108870 2097176 25178112 4 2097152 1
is_linear=0
shrinkage=0.05


Tree=17
num_leaves=31
num_cat=8
split_feature=25 20 18 2 11 18 11 25 20 2 25 3 24 18 25 23 25 11 9 18 11 18 2 23 3 3 18 10 18 10
split_gain=472.033 169.206 234.351 51.3439 45.3617 31.7751 34.5518 18.8454 18.553 16.0695 5.8798 3.9222 8.72615 3.34666 3.03818 2.594 2.47126 2.63527 1.04042 0.912567 0.4658 0.418592 0.184249 0.182447 0.165004 0.151989 0.149911 0.0796996 0.0629999 0.0249491
threshold=0 111600.00000000001 39600.000000000007 7.5000000000000009 117344.00000000001 135000.00000000003 168960.00000000003 1 158400.00000000003 8.5000000000000018 2 359200.00000000006 3 27000.000000000004 4 5 6 88750.000000000015 3.5000000000000004 68400.000000000015 117344.00000000001 55800.000000000007 1.5000000000000002 7 78400.000000000015 84480.000000000015 84600.000000000015 49.000000000000007 55800.000000000007 1.0714285714285716
decision_type=9 2 2 2 2 2 2 9 2 2 9 2 9 2 9 9 9 2 2 2 2 2 2 9 2 2 2 2 2 2
left_child=1 2 -1 -4 8 13 7 25 23 15 -9 12 -10 -2 -14 -5 22 -18 24 20 29 -17 26 -3 -12 -7 28 -27 -15 -19
right_child=5 4 3 9 -6 6 -8 10 11 -11 18 -13 14 16 -16 21 17 19 -20 -21 -22 -23 -24 -25 -26 27 -28 -29 -30 -31
leaf_value=-408.66855680349437 -1248.0523905987638 -462.49864536744212 549.30577380599641 552.09813085202984 2358.374030068388 -675.54142837235452 2290.3530373366348 3695.1009949879244 2850.8144892443715 470.91429796853265 157.37294170648312 -632.70832214542224 -288.47230985493371 -842.68396815787719 2349.4218190817505 53.122667418562564 68.90705443673869 -415.286751037145 1079.5023466973478 138.80406834498294 -1137.9374484738285 552.28486111088716 -954.11711683164981 -241.33895976168935 -80.003438834438569 -1591.2222515457911 -190.76108144123938 -1195.6331761698502 -234.30939509457696 -472.47212276504615
leaf_weight=1158 19891 581 336 291 326 265 470 213 370 250 1017 267 454 356 212 642 248 255 311 235 346 2635 1083 1338 295 1775 532 295 206 253
leaf_count=1158 19891 581 336 291 326 265 470 213 370 250 1017 267 454 356 212 642 248 255 311 235 346 2635 1083 1338 295 1775 532 295 206 253
internal_value=-0.000816355 0.00923692 0.0148927 0.0204355 0.000791548 -0.00399458 -0.000216456 -0.00166667 -0.00101117 0.0220838 0.00212121 0.00359004 0.00498073 -0.00474538 0.00143068 0.022944 -0.00331911 -0.00158265 0.00106116 -0.00265353 -0.00341122 0.0233654 -0.00435587 -0.00413587 0.000449009 -0.00463358 -0.00389599 -0.00480212 -0.00329787 -0.00243137
internal_weight=36906 8860 5312 4154 3548 28046 4641 4171 3222 3818 1836 1303 1036 23405 666 3568 3514 1337 1623 1089 854 3277 2177 1919 1312 2335 1094 2070 562 508
internal_count=36906 8860 5312 4154 3548 28046 4641 4171 3222 3818 1836 1303 1036 23405 666 3568 3514 1337 1623 1089 854 3277 2177 1919 1312 2335 1094 2070 562 508
cat_boundaries=0 3 6 8 9 11 12 15 16
cat_threshold=19398656 67108865 2129920 2148532224 3285056 37752994 262208 536870912 48 16777216 67108864 4 67108870 2097176 25178112 4
is_linear=0
shrinkage=0.05


Tree=18
num_leaves=31
num_cat=9
split_feature=25 20 18 2 11 18 11 2 25 20 25 3 24 18 25 25 23 11 9 18 11 18 3 2 23 18 3 25 10 18
split_gain=468.821 168.528 233.023 50.9491 44.7274 31.4138 32.9735 19.1697 18.727 18.3694 5.8798 3.86677 8.48725 3.46173 3.03818 2.612 2.594 2.55122 0.91601 0.852959 0.48519 0.418592 0.202866 0.184249 0.182447 0.149911 0.126081 0.101539 0.0796996 0.0629999
threshold=0 111600.00000000001 39600.000000000007 7.5000000000000009 117344.00000000001 135000.00000000003 168960.00000000003 8.5000000000000018 1 158400.00000000003 2 359200.00000000006 3 27000.000000000004 4 5 6 88750.000000000015 3.5000000000000004 68400.000000000015 156800.00000000003 55800.000000000007 84480.000000000015 1.5000000000000002 7 84600.000000000015 78400.000000000015 8 49.000000000000007 55800.000000000007
decision_type=9 2 2 2 2 2 2 2 9 2 9 2 9 2 9 9 9 2 2 2 2 2 2 2 9 2 2 9 2 2
left_child=1 2 -1 -4 9 13 8 16 22 24 -10 12 -11 -2 -14 23 -5 -17 26 20 27 -18 -7 25 -3 29 -12 -19 -24 -15
right_child=5 4 3 7 -6 6 -8 -9 10 11 18 -13 14 15 -16 17 21 19 -20 -21 -22 -23 28 -25 -26 -27 -28 -29 -30 -31
leaf_value=-388.2351289633196 -1185.6497710688254 -439.37371309906996 521.84048511569642 524.49322430942846 2240.4553285649686 -641.76435695373698 2175.835385469803 447.3685830701063 3510.3459452385273 2708.2737647821532 149.50429462115864 -601.07290603815102 -274.04869436218723 -800.54976974998317 2231.9507281276633 65.461701714901579 50.466534047634561 -1035.9219023430003 1025.5272293624801 131.86386492773394 -1147.9628926932221 524.67061805534252 -1511.6611389685015 -906.41126099006726 -229.27201177360476 -181.22302736917774 -76.00326689271678 -241.49768112713542 -1135.8515173613578 -222.59392533984811
leaf_weight=1158 19891 581 336 291 326 265 470 250 213 370 1017 267 454 356 212 248 642 324 311 235 288 2635 1775 1083 1338 532 295 242 295 206
leaf_count=1158 19891 581 336 291 326 265 470 250 213 370 1017 267 454 356 212 248 642 324 311 235 288 2635 1775 1083 1338 532 295 242 295 206
internal_value=-0.000827193 0.00919184 0.0148363 0.0203633 0.000763379 -0.00399458 -0.000237994 0.0220052 -0.00165469 -0.00102668 0.00212121 0.00355172 0.00493256 -0.0047411 0.00143068 -0.00329067 0.022944 -0.00150853 0.00106116 -0.00256187 -0.00329439 0.0233654 -0.00461227 -0.00435587 -0.00413587 -0.00389599 0.000487061 -0.00242958 -0.00480212 -0.00329787
internal_weight=36906 8860 5312 4154 3548 28046 4641 3818 4171 3222 1836 1303 1036 23405 666 3514 3568 1337 1623 1089 854 3277 2335 2177 1919 1094 1312 566 2070 562
internal_count=36906 8860 5312 4154 3548 28046 4641 3818 4171 3222 1836 1303 1036 23405 666 3514 3568 1337 1623 1089 854 3277 2335 2177 1919 1094 1312 566 2070 562
cat_boundaries=0 3 6 8 9 11 14 15 16 19
cat_threshold=19398656 67108865 2129920 2148532224 3285056 37752994 262208 536870912 48 16777216 67108864 67108870 2097176 25178112 4 4 0 0 33554432
is_linear=0
shrinkage=0.05


Tree=19
num_leaves=30
num_cat=9
split_feature=25 20 18 2 18 18 11 2 11 25 25 25 18 25 23 11 23 18 9 25 3 18 11 2 23 18 3 10 18
split_gain=467.048 171.136 228.606 46.9847 41.0667 33.1145 35.0937 21.917 19.266 18.041 6.65001 5.99948 3.53625 2.61749 2.57717 2.16997 2.09173 0.834855 0.643831 0.613583 0.529243 0.355075 0.190199 0.184249 0.177339 0.149911 0.126081 0.085265 0.0629999
threshold=0 111600.00000000001 39600.000000000007 7.5000000000000009 166500.00000000003 135000.00000000003 168960.00000000003 8.5000000000000018 117344.00000000001 1 2 3 22500.000000000004 4 5 88750.000000000015 6 68400.000000000015 3.5000000000000004 7 84480.000000000015 55800.000000000007 117344.00000000001 1.5000000000000002 8 84600.000000000015 78400.000000000015 49.000000000000007 55800.000000000007
decision_type=9 2 2 2 2 2 2 2 2 9 9 9 2 9 9 2 9 2 2 9 2 2 2 2 9 2 2 2 2
left_child=1 2 -1 -4 24 12 9 14 10 20 16 -11 -2 23 -5 -15 -6 19 26 -17 -7 -16 -21 25 -3 28 -13 -22 -14
right_child=5 4 3 7 8 6 -8 -9 -10 11 -12 18 13 15 21 17 -18 -19 -20 22 27 -23 -24 -25 -26 -27 -28 -29 -30
leaf_value=-368.06338151307068 -1126.5472825463785 -417.3950267622393 495.74846085991157 498.26856309395737 -7.2767929816705879 -671.07631645459378 2066.6136138168949 425.00015391660128 2128.4675621808274 3334.8286479766016 5644.8482282247414 142.02907989010055 -760.52228126248417 52.531408242353066 47.943207345252816 -108.75401616924174 2571.7050769829279 125.27067168134721 842.85559118631613 -899.45351387696928 -1417.1280991146887 498.43708715257526 -1085.4897463479076 -861.09069794056381 -220.55842818416932 -172.16187600071862 -72.203103548080989 -1079.0589414932899 -211.4642290728558
leaf_weight=1129 19917 589 321 291 544 280 500 250 289 213 265 1017 356 276 642 215 337 235 340 337 1779 2635 311 1083 1427 532 295 295 206
leaf_count=1129 19917 589 321 291 544 280 500 250 289 213 265 1017 356 276 642 215 337 235 340 337 1779 2635 311 1083 1427 532 295 295 206
internal_value=-0.000839386 0.00926641 0.014945 0.0203828 0.000621198 -0.0039677 -0.000147216 0.0219267 0.00708072 -0.0016335 0.00415505 0.00203783 -0.00473754 -0.00328033 0.02293 -0.00152958 0.00195409 -0.00253636 0.000985576 -0.00325434 -0.00453085 0.0233501 -0.004 -0.00435587 -0.00397919 -0.00389599 0.000487061 -0.00482659 -0.00329787
internal_weight=36906 8719 5268 4139 3451 28187 4719 3818 1435 4219 1146 1865 23468 3551 3568 1374 881 1098 1652 863 2354 3277 648 2177 2016 1094 1312 2074 562
internal_count=36906 8719 5268 4139 3451 28187 4719 3818 1435 4219 1146 1865 23468 3551 3568 1374 881 1098 1652 863 2354 3277 648 2177 2016 1094 1312 2074 562
cat_boundaries=0 3 6 8 10 13 14 15 17 18
cat_threshold=19398656 67108865 32768 2148532224 3285056 39850114 2097152 67108864 262208 536870912 67108870 2097176 25178112 4 4 2182086656 1024 4
is_linear=0
shrinkage=0.05


Tree=20
num_leaves=31
num_cat=9
split_feature=25 20 18 2 11 18 11 2 25 18 25 25 18 25 11 23 2 18 3 25 2 11 18 23 25 2 18 10 18 18
split_gain=468.646 169.039 226.74 46.8613 39.9459 33.3414 35.1122 23.0827 16.7108 15.0944 5.72273 5.6566 3.53815 3.00571 2.95381 2.57717 1.45686 0.866804 0.791926 0.762382 0.77558 0.572253 0.355075 0.271469 0.222645 0.157249 0.137073 0.079756 0.0796558 0.0146867
threshold=0 111600.00000000001 39600.000000000007 7.5000000000000009 117344.00000000001 135000.00000000003 168960.00000000003 8.5000000000000018 1 166500.00000000003 2 3 22500.000000000004 4 88750.000000000015 5 74.000000000000014 68400.000000000015 84480.000000000015 6 3.5000000000000004 156800.00000000003 55800.000000000007 7 8 1.5000000000000002 84600.000000000015 49.000000000000007 55800.000000000007 84600.000000000015
decision_type=9 2 2 2 2 2 2 2 9 2 9 9 2 9 2 9 2 2 2 9 2 2 2 9 9 2 2 2 2 2
left_child=1 2 -1 -4 9 12 8 15 18 23 16 -10 -2 25 -15 -5 -11 21 -7 -13 -21 24 -17 -3 -16 26 28 -20 -14 -27
right_child=5 4 3 7 -6 6 -8 -9 11 10 -12 19 13 14 17 22 -18 -19 27 20 -22 -23 -24 -25 -26 29 -28 -29 -30 -31
leaf_value=-348.88519089033798 -1070.2398946773374 -396.31527602971039 470.96103781691636 473.35513493925976 2022.0341844151089 -637.5225006318642 1963.2829331260496 403.75014622077146 3168.087215577772 1440.8610133553311 2407.4253013811949 -246.00221583298554 -654.44133715485191 125.02420102474542 -939.15313153200168 45.546046977990045 -765.30440836283094 384.94272670770334 -1346.2716941589542 144.79757334098832 932.10808833504041 -1036.2902607411656 473.51523279494654 -209.21549485045546 -156.76598740410302 -989.20354561673548 -163.59878156768102 -1025.1059944186254 -200.89101761921282 -44.779511250316865
leaf_weight=1120 19926 549 321 291 296 280 500 250 213 492 333 279 390 225 324 642 232 225 1779 1151 311 288 2635 1420 233 936 555 295 206 209
leaf_count=1120 19926 549 321 291 296 280 500 250 213 492 333 279 390 225 324 642 232 225 1779 1151 311 288 2635 1420 233 936 555 295 206 209
internal_value=-0.000855642 0.00937333 0.0149601 0.0203586 0.000553549 -0.00395684 -0.000164242 0.0219005 -0.00162181 -0.00116579 0.00364967 0.00179552 -0.00473383 -0.00328556 -0.00131982 0.02293 0.00105978 -0.00242537 -0.00444632 0.0008243 0.00128222 -0.00315821 0.0233501 -0.0037519 -0.0022093 -0.00436742 -0.00395056 -0.00480251 -0.00339465 -0.00481691
internal_weight=36906 8581 5259 4139 3322 28325 4808 3818 4308 3026 1057 1954 23517 3591 1295 3568 724 1070 2354 1741 1462 845 3277 1969 557 2296 1151 2074 596 1145
internal_count=36906 8581 5259 4139 3322 28325 4808 3818 4308 3026 1057 1954 23517 3591 1295 3568 724 1070 2354 1741 1462 845 3277 1969 557 2296 1151 2074 596 1145
cat_boundaries=0 2 5 7 9 12 13 16 17 20
cat_threshold=19398656 67108865 2148532224 3285056 39850114 0 67108864 262208 536870912 67108870 2113560 27373568 4 0 16777216 75530272 4 0 0 33554432
is_linear=0
shrinkage=0.05


Tree=21
num_leaves=30
num_cat=10
split_feature=25 20 18 2 11 18 11 2 25 18 25 25 18 25 25 23 23 20 3 25 11 18 23 20 2 18 10 18 18
split_gain=468.274 165.599 225.446 46.492 39.5343 32.1623 33.7978 26.0832 16.3032 14.7716 5.61955 4.24463 4.00559 3.4608 5.27709 2.77463 1.4211 1.09662 0.791926 0.69981 0.644658 0.355075 0.351641 0.343439 0.167485 0.158803 0.079756 0.0629999 0.0146867
threshold=0 111600.00000000001 39600.000000000007 7.5000000000000009 117344.00000000001 135000.00000000003 168960.00000000003 8.5000000000000018 1 166500.00000000003 2 3 22500.000000000004 4 5 6 7 84600.000000000015 84480.000000000015 8 84480.000000000015 55800.000000000007 9 345300.00000000006 1.5000000000000002 84600.000000000015 49.000000000000007 55800.000000000007 84600.000000000015
decision_type=9 2 2 2 2 2 2 2 9 2 9 9 2 9 9 9 9 2 2 9 2 2 9 2 2 2 2 2 2
left_child=1 2 -1 -4 9 12 8 15 18 22 16 -10 -2 24 17 -5 -11 -15 -7 -13 -21 -17 -3 -19 25 27 -20 -14 -26
right_child=5 4 3 7 -6 6 -8 -9 11 10 -12 19 13 14 -16 21 -18 23 26 20 -22 -23 -24 -25 28 -27 -28 -29 -30
leaf_value=-331.44093134582113 -1016.7278999434704 -376.49951222822494 447.41298592607058 449.68737819229648 1920.9324751943541 -605.64637560027086 1865.1187864697467 383.56263890973281 3009.682854798883 -244.51561358039328 2287.0540363121349 -233.83210779030196 -689.77410034161733 -983.12074693997567 67.709623187066583 43.268744629090364 2371.3217721071956 -136.80078115062571 -1278.9581094510065 157.76780985633889 1549.3853131580531 449.83947115519913 -198.75472010793274 -466.07792930157888 -939.74336833589859 -155.41884248929711 -973.85069469769405 -190.84646673825208 -42.540535687800734
leaf_weight=1120 19926 549 321 291 296 280 500 250 244 422 333 324 356 398 245 642 302 340 1779 1137 249 2635 1420 346 936 555 295 206 209
leaf_count=1120 19926 549 321 291 296 280 500 250 244 422 333 324 356 398 245 642 302 340 1779 1137 249 2635 1420 346 936 555 295 206 209
internal_value=-0.000851578 0.00937333 0.0149031 0.0202862 0.000643801 -0.00395155 -0.000226612 0.021822 -0.00165661 -0.00106671 0.00369688 0.00171923 -0.0047147 -0.00317423 -0.00111484 0.022916 0.00112772 -0.00261861 -0.00444632 0.000813007 0.00130186 0.0233501 -0.00362506 -0.00142442 -0.00435796 -0.00391868 -0.00480251 -0.00329787 -0.00481691
internal_weight=36906 8581 5259 4139 3322 28325 4808 3818 4308 3026 1057 1954 23517 3591 1329 3568 724 1084 2354 1710 1386 3277 1969 686 2262 1117 2074 562 1145
internal_count=36906 8581 5259 4139 3322 28325 4808 3818 4308 3026 1057 1954 23517 3591 1329 3568 724 1084 2354 1710 1386 3277 1969 686 2262 1117 2074 562 1145
cat_boundaries=0 2 5 7 10 13 16 17 18 21 22
cat_threshold=19398656 67108865 2148532224 3285056 39850114 0 67108864 262144 536870912 1048576 67108870 2113560 25276416 1050688 2147484160 33554561 4 4 0 16777224 75530272 4
is_linear=0
shrinkage=0.05


Tree=22
num_leaves=31
num_cat=11
split_feature=25 20 18 2 11 18 11 2 25 18 25 18 25 25 23 25 2 20 3 25 25 25 2 18 23 2 18 27 10 18
split_gain=469.451 163.856 225.446 46.492 38.4365 30.5339 31.5523 26.0832 15.9006 13.3166 5.93158 4.72477 6.58089 4.59611 2.77463 1.37895 1.33649 0.90693 0.791926 0.666849 0.638148 0.723715 0.601104 0.355075 0.324132 0.22695 0.171633 0.15606 0.079756 0.047904
threshold=0 111600.00000000001 39600.000000000007 7.5000000000000009 117344.00000000001 135000.00000000003 168960.00000000003 8.5000000000000018 1 166500.00000000003 2 19800.000000000004 3 4 5 6 74.000000000000014 84600.000000000015 84480.000000000015 7 8 9 3.5000000000000004 55800.000000000007 10 1.5000000000000002 84600.000000000015 0.89587973461402759 49.000000000000007 55800.000000000007
decision_type=9 2 2 2 2 2 2 2 9 2 9 2 9 9 9 9 2 2 2 9 9 9 2 2 9 2 2 10 2 2
left_child=1 2 -1 -4 9 11 8 14 18 24 16 -2 -13 -10 -5 25 -11 27 -7 -15 -19 -22 -21 -16 -3 26 29 -17 -20 -14
right_child=5 4 3 7 -6 6 -8 -9 13 10 -12 12 15 19 23 17 -18 20 28 22 21 -23 -24 -25 -26 -27 -28 -29 -30 -31
leaf_value=-314.86888477852995 -972.11155206257649 -357.67453661681361 425.04233662976696 427.20300928268193 1824.8858514346357 -575.36405682025736 1771.8628471462596 364.38450696424627 2859.1987120589388 1381.0437433665845 2172.701334496528 42.717222968026974 -810.11029548079614 -222.14050240078652 41.10530739763599 -422.05944044009789 -845.60527655004887 -147.24790036483247 -1215.010203978456 131.41966300108399 -410.78382841879431 39.043142310229086 808.03341826038593 427.34749759743937 -188.81698410253594 -688.48533491102137 -576.89968474876184 -935.21971021405739 -925.15815996280946 -181.30414340133956
leaf_weight=1120 19763 549 321 291 296 280 500 250 213 492 333 203 326 324 642 210 232 212 1779 1106 393 390 311 2635 1420 1143 407 264 295 206
leaf_count=1120 19763 549 321 291 296 280 500 250 213 492 333 203 326 324 642 210 232 212 1779 1106 393 390 311 2635 1420 1143 407 264 295 206
internal_value=-0.000835321 0.00940242 0.0149031 0.0202862 0.000719012 -0.0039392 -0.000309773 0.021822 -0.00169142 -0.000967637 0.00355524 -0.00468281 -0.00305378 0.00164293 0.022916 -0.00355178 0.000923912 -0.00232613 -0.00444632 0.000767255 -0.00147944 -0.000773586 0.00123513 0.0233501 -0.00339675 -0.00439828 -0.00382041 -0.00413866 -0.00480251 -0.00320225
internal_weight=36906 8581 5259 4139 3322 28325 4808 3818 4308 3026 1057 23517 3754 1954 3568 3551 724 1469 2354 1741 995 783 1417 3277 1969 2082 939 474 2074 532
internal_count=36906 8581 5259 4139 3322 28325 4808 3818 4308 3026 1057 23517 3754 1954 3568 3551 724 1469 2354 1741 995 783 1417 3277 1969 2082 939 474 2074 532
cat_boundaries=0 2 5 7 10 12 13 16 19 22 25 26
cat_threshold=19398656 67108865 2148532224 3285056 39850114 0 67108864 2147745792 16909312 2097408 262208 536870912 4 67108870 2097176 16822272 0 16777224 75530272 0 16384 8454144 1050688 0 129 4
is_linear=0
shrinkage=0.05


Tree=23
num_leaves=31
num_cat=11
split_feature=25 20 18 2 11 2 18 11 25 18 25 18 25 25 23 2 25 20 3 25 25 25 2 18 23 2 27 18 10 18
split_gain=467.654 161.068 223.727 46.0018 37.4872 31.3352 29.5518 28.7693 15.4172 12.9308 5.93158 4.98899 6.50144 4.66707 2.77463 1.33649 1.24825 0.90693 0.76517 0.638148 0.723715 0.630276 0.456259 0.355075 0.275476 0.236172 0.15606 0.11409 0.0692165 0.047904
threshold=0 111600.00000000001 39600.000000000007 7.5000000000000009 117344.00000000001 8.5000000000000018 135000.00000000003 168960.00000000003 1 166500.00000000003 2 19800.000000000004 3 4 5 74.000000000000014 6 84600.000000000015 84480.000000000015 7 8 9 3.5000000000000004 55800.000000000007 10 1.5000000000000002 0.89587973461402759 84600.000000000015 49.000000000000007 55800.000000000007
decision_type=9 2 2 2 2 2 2 2 9 2 9 2 9 9 9 2 9 2 2 9 9 9 2 2 9 2 10 2 2 2
left_child=1 2 -1 -4 9 14 11 8 18 24 15 -2 -13 -10 -5 -11 25 26 -8 -19 -21 -15 -23 -16 -3 27 -18 29 -20 -14
right_child=6 4 3 5 -6 -7 7 -9 13 10 -12 12 16 21 23 -17 17 19 28 20 -22 22 -24 -25 -26 -27 -28 -29 -30 -31
leaf_value=-299.1254405396034 -923.50597445944777 -339.79080978597307 403.79021979827888 405.84285881854817 1733.641558862904 346.16528161603424 -546.59585397924434 1683.2697047889467 2716.2387764559917 1311.9915561982555 2064.0662677717019 40.58136181962567 -769.60478070675617 -211.03347728074732 39.050042027754174 -803.32501272254638 -400.95646841809298 -139.8855053465908 -1154.2596937795333 -390.24463699785451 37.090985194717724 124.84867985102974 767.63174734736674 405.98012271756744 -179.37613489740909 -654.06106816547037 -888.45872470335462 -548.05470051132363 -878.90025196466911 -172.23893623127242
leaf_weight=1120 19763 549 321 291 296 250 280 500 213 492 333 203 326 324 642 232 210 212 1779 393 390 1106 311 2635 1420 1143 264 407 295 206
leaf_count=1120 19763 549 321 291 296 250 280 500 213 492 333 203 326 324 642 232 210 212 1779 393 390 1106 311 2635 1420 1143 264 407 295 206
internal_value=-0.000844804 0.00937333 0.014827 0.0201896 0.000764138 0.0217173 -0.00394273 -0.000372143 -0.00169142 -0.000901586 0.00355524 -0.00467431 -0.00300053 0.00159206 0.022916 0.000923912 -0.00349565 -0.00232613 -0.00440406 -0.00147944 -0.000773586 0.00071021 0.00116515 0.0233501 -0.00329528 -0.00430277 -0.00413866 -0.00371414 -0.00475434 -0.00320225
internal_weight=36906 8581 5259 4139 3322 3818 28325 4808 4308 3026 1057 23517 3754 1954 3568 724 3551 1469 2354 995 783 1741 1417 3277 1969 2082 474 939 2074 532
internal_count=36906 8581 5259 4139 3322 3818 28325 4808 4308 3026 1057 23517 3754 1954 3568 724 3551 1469 2354 995 783 1741 1417 3277 1969 2082 474 939 2074 532
cat_boundaries=0 2 5 7 10 12 13 16 19 22 25 26
cat_threshold=19398656 67108865 2148532224 3285056 39850114 0 67108864 2147745792 16909312 2097408 262208 536870912 4 67108870 2097176 16822272 0 16384 8454144 1050688 0 129 0 16777224 75530272 4
is_linear=0
shrinkage=0.05


Tree=24
num_leaves=30
num_cat=11
split_feature=25 20 18 2 2 11 18 25 11 2 25 25 24 18 25 23 12 11 3 25 23 11 11 25 20 25 11 20 10
split_gain=472.024 156.651 219.88 44.4464 39.2468 37.5207 28.3783 26.679 12.6229 10.4053 6.86642 5.08244 5.00484 2.97852 4.21603 2.77463 1.87797 1.82975 0.687887 0.565318 0.442903 0.357754 0.206512 0.258383 0.164892 0.132152 0.103828 0.173317 0.0818407
threshold=0 111600.00000000001 39600.000000000007 7.5000000000000009 8.5000000000000018 117344.00000000001 44100.000000000007 1 102628.57142857143 2.5000000000000004 2 3 4 19800.000000000004 5 6 80960.000000000015 91080.000000000015 93184.000000000015 7 8 1536.0000000000002 359200.00000000006 9 648000.00000000012 10 102628.57142857143 158400.00000000003 24.500000000000004
decision_type=9 2 2 2 2 2 2 9 2 2 9 9 9 2 9 9 2 2 2 9 9 2 2 9 2 9 2 2 2
left_child=1 2 -1 -4 15 9 13 21 11 12 -10 17 -3 -2 -15 -5 -13 19 -16 -9 -11 -8 23 -20 -21 -23 27 -27 -22
right_child=6 5 3 4 -6 -7 7 8 10 20 -12 16 -14 14 18 -17 -18 -19 22 24 28 25 -24 -25 -26 26 -28 -29 -30
leaf_value=-284.27918990115398 -877.31067573170697 3517.5778603344547 383.60070880836503 385.55071587762069 35.797014910243888 1646.9594809197588 -408.07666684475845 100.33631952505094 743.92737637348796 -322.95626863029429 1599.1862201884608 2580.4268376331925 362.84111360839381 21.595324816468203 -573.74887511492909 385.58111658168929 468.85202077245634 -133.14123007926102 -221.02076566217912 -246.49469114658947 -164.01232625830309 -1078.5666741789244 -588.49629308241674 -783.78124918240292 -41.523057909557252 -540.491833459085 -808.47011076703041 -931.67785020163274 -848.07880838015444
leaf_weight=1122 19761 276 321 291 343 296 304 1112 327 538 366 263 577 374 224 3277 291 309 290 322 1335 1826 215 1200 210 335 326 241 234
leaf_count=1122 19761 276 321 291 343 296 304 1112 327 538 366 263 577 374 224 3277 291 309 290 322 1335 1826 215 1200 210 335 326 241 234
internal_value=-0.000831257 0.00941197 0.0146807 0.0198961 0.0213634 0.000773479 -0.00395047 -0.00097209 0.00221046 -0.000928428 0.00817985 0.000563969 0.00372515 -0.00479335 -0.00308677 0.022916 0.00473498 -0.000643767 -0.00401597 1.82248e-05 -0.00281413 -0.00432326 -0.00437903 -0.00459115 -0.00130515 -0.00452015 -0.00373085 -0.0033391 -0.00238383
internal_weight=36906 8610 5354 4232 3911 3256 28296 6232 3200 2960 693 2507 853 22064 2303 3568 554 1953 1929 1644 2107 3032 1705 1490 532 2728 902 576 1569
internal_count=36906 8610 5354 4232 3911 3256 28296 6232 3200 2960 693 2507 853 22064 2303 3568 554 1953 1929 1644 2107 3032 1705 1490 532 2728 902 576 1569
cat_boundaries=0 2 5 8 11 12 15 16 18 19 22 25
cat_threshold=2621442 67108865 2232418304 1204816 21074050 0 0 2105376 128 2149580808 111157248 48 2182086720 8520960 2097152 4 128 2097152 4 0 0 42008576 16777216 1048640 16809986
is_linear=0
shrinkage=0.05


Tree=25
num_leaves=31
num_cat=11
split_feature=25 20 18 2 2 11 18 25 11 18 25 25 25 18 25 23 11 2 23 3 25 11 23 11 25 20 2 3 2 3
split_gain=473.779 155.407 219.88 44.4464 39.2468 36.8239 28.541 26.0079 12.7555 11.2125 6.86642 5.30275 4.75423 2.97852 4.21603 2.77463 1.82975 1.77897 1.29066 0.687887 0.565318 0.352139 0.257703 0.206512 0.258383 0.164892 0.153105 0.0464527 0.0465178 0.0104184
threshold=0 111600.00000000001 39600.000000000007 7.5000000000000009 8.5000000000000018 117344.00000000001 44100.000000000007 1 102628.57142857143 166500.00000000003 2 3 4 19800.000000000004 5 6 91080.000000000015 1.5000000000000002 7 93184.000000000015 8 1536.0000000000002 9 359200.00000000006 10 648000.00000000012 124.00000000000001 80960.000000000015 19.500000000000004 78400.000000000015
decision_type=9 2 2 2 2 2 2 9 2 2 9 9 9 2 9 9 2 2 9 2 9 2 9 2 9 2 2 2 2 2
left_child=1 2 -1 -4 15 9 13 21 12 22 -10 18 16 -2 -15 -5 20 -14 -11 -16 -9 -8 -3 24 -21 -22 27 29 -29 -23
right_child=6 5 3 4 -6 -7 7 8 10 11 -12 -13 17 14 19 -17 -18 -19 -20 23 25 26 -24 -25 -26 -27 -28 28 -30 -31
leaf_value=-270.06523040609608 -833.44514194512158 -306.6534558651594 364.42067336794645 366.27318008373987 34.007164164731513 1564.6115068737708 -387.6728335025204 95.319503548798096 706.73100755481391 -385.08365356003418 1519.2269091790383 1942.720898702697 2451.4054957515327 20.515558575644903 -545.06143135918262 366.30206075260503 -126.4841685752981 450.5592225974317 1942.2300258656905 -209.96972737907018 -234.16995658926004 -1655.200286052853 -162.20671183962369 -559.07147842829579 -744.59218672328279 -39.446905014079675 -147.30846743205765 -1052.2634548334099 -723.61515547168551 -465.8772526723231
leaf_weight=1122 19761 549 321 291 343 296 304 1112 327 422 366 333 215 374 224 3277 309 339 302 290 322 203 1420 215 1200 210 226 1636 354 243
leaf_count=1122 19761 549 321 291 343 296 304 1112 327 422 366 333 215 374 224 3277 309 339 302 290 322 203 1420 215 1200 210 226 1636 354 243
internal_value=-0.000810936 0.00940032 0.0146807 0.0198961 0.0213634 0.00091456 -0.00395156 -0.000945202 0.00217933 -0.000736461 0.00817985 0.0034136 0.000524112 -0.00479335 -0.00308677 0.022916 -0.000643767 0.0045583 0.000923912 -0.00401597 1.82248e-05 -0.00430826 -0.0029655 -0.00437903 -0.00459115 -0.00130515 -0.00450826 -0.00462674 -0.00474398 -0.00408482
internal_weight=36906 8676 5354 4232 3911 3322 28230 6166 3200 3026 693 1057 2507 22064 2303 3568 1953 554 724 1929 1644 2966 1969 1705 1490 532 2662 2436 1990 446
internal_count=36906 8676 5354 4232 3911 3322 28230 6166 3200 3026 693 1057 2507 22064 2303 3568 1953 554 724 1929 1644 2966 1969 1705 1490 532 2662 2436 1990 446
cat_boundaries=0 2 5 8 10 13 16 17 18 20 21 24
cat_threshold=19398658 67108865 2215641088 1204816 21074050 0 0 2105376 0 67108864 128 2149580808 111157248 2182086720 8520960 2097152 4 4 128 2097152 4 0 0 42008576
is_linear=0
shrinkage=0.05


Tree=26
num_leaves=27
num_cat=10
split_feature=25 18 20 11 3 18 25 2 11 18 25 25 11 24 11 23 25 20 25 26 25 0 23 18 2 3
split_gain=332.069 137.877 245.065 37.1075 35.2354 26.1427 21.2685 12.4375 6.89942 7.11804 5.98594 5.04256 4.76153 4.59234 3.26753 2.56626 1.92796 1.65417 1.29224 0.536224 0.977902 0.378566 0.359432 0.0697254 0.0334182 0.00202308
threshold=0 68400.000000000015 93600.000000000015 117344.00000000001 19968.000000000004 19800.000000000004 1 7.5000000000000009 101200.00000000001 172650.00000000003 2 3 359200.00000000006 4 88750.000000000015 5 6 979200.00000000012 7 1.0000000180025095e-35 8 1.5000000000000002 9 172650.00000000003 19.500000000000004 78400.000000000015
decision_type=9 2 2 2 2 2 9 2 2 2 9 9 2 9 2 9 9 2 9 2 9 2 9 2 2 2
left_child=1 10 4 7 15 -2 8 13 11 -10 -1 -7 17 -4 21 -3 -15 18 24 20 -20 25 -9 -24 -8 -13
right_child=5 2 3 -5 -6 6 12 22 9 -11 -12 14 -14 16 -16 -17 -18 -19 19 -21 -22 -23 23 -25 -26 -27
leaf_value=-0.99661894034834408 -798.112861075149 347.94952071954106 1846.018524572406 1486.3909311867596 132.28522079004034 2328.8352209639561 -803.23024144539295 -291.47578240552139 -53.08497112409205 676.31688158119334 14.577162263645732 79.303378155732219 467.04153640383595 -365.82947088203218 -120.30996014653357 348.08695771497446 1114.1449070606498 -153.03537822969858 -310.23336840222078 -768.09211578479324 -256.45090489891953 313.23541357316572 -153.09638194584659 -794.1170204740813 -837.14114139258481 25.913329615457048
leaf_weight=1898 19579 303 350 289 360 215 2515 538 214 432 220 1005 344 422 423 2775 251 376 1067 286 522 212 1292 239 481 298
leaf_count=1898 19579 303 350 289 360 215 2515 538 214 432 220 1005 344 422 423 2775 251 376 1067 286 522 212 1292 239 481 298
internal_value=-0.00130405 0.00708068 0.010549 0.000988766 0.0199448 -0.00398467 -0.00165038 -0.000617325 0.00190501 0.00643518 -0.00405189 0.000549883 -0.00342763 0.0038878 -0.000276924 0.0216753 0.00136496 -0.00380739 -0.00405397 -0.00295443 -0.00260528 0.000807514 -0.00284645 -0.00244945 -0.0047141 0.000486589
internal_weight=36906 8937 6819 3381 3438 27969 8390 3092 2799 646 2118 2153 5591 1023 1938 3078 673 5247 4871 1875 1589 1515 2069 1531 2996 1303
internal_count=36906 8937 6819 3381 3438 27969 8390 3092 2799 646 2118 2153 5591 1023 1938 3078 673 5247 4871 1875 1589 1515 2069 1531 2996 1303
cat_boundaries=0 2 5 7 10 11 12 14 17 20 21
cat_threshold=2883586 67108865 2181040320 564135168 78643496 0 1 2147483648 545259520 1048832 48 4 0 67108864 83886080 1065024 12418 0 528 54624256 4
is_linear=0
shrinkage=0.05


Tree=27
num_leaves=27
num_cat=13
split_feature=18 20 3 11 25 2 25 25 25 25 10 23 3 3 18 25 12 24 2 25 25 23 25 25 2 10
split_gain=331.762 306.838 127.281 41.8438 24.3913 22.8732 18.0267 9.90622 8.4744 7.50172 4.63112 2.38449 1.94152 2.31429 1.31901 2.1847 0.881537 2.88287 0.653357 1.00248 0.584907 0.442531 0.320835 0.242599 0.182877 0.0869758
threshold=84600.000000000015 111600.00000000001 19968.000000000004 117344.00000000001 0 7.5000000000000009 1 2 3 4 37.000000000000007 5 84480.000000000015 80960.000000000015 19800.000000000004 6 359200.00000000006 7 3.5000000000000004 8 9 10 11 12 74.000000000000014 31.500000000000004
decision_type=2 2 2 2 9 2 9 9 9 9 2 9 2 2 2 9 2 9 2 9 9 9 9 9 2 2
left_child=7 2 5 6 10 -2 12 -1 -8 -4 -5 -7 13 21 -9 -16 17 -10 19 -17 -19 -3 -20 -21 -18 -14
right_child=1 3 9 4 -6 11 8 14 16 -11 -12 -13 25 -15 15 18 24 20 22 23 -22 -23 -24 -25 -26 -27
leaf_value=13.873303774954184 329.74529181380058 -143.94656171725802 312.19528205410029 1411.6113849707444 71.102689554262909 330.56204504357595 4550.6576056182603 -758.93721829080459 1753.7825980254975 -114.34446213920674 1411.5813844748336 330.68260982922584 -949.84369100874483 252.48623475341739 10.342267673682546 -721.88751596793907 -61.799379334068419 -247.34386623306801 -1.2467879933308723 -200.16394893428122 302.01503829045788 -277.83699431878995 -182.71457279385322 -24.110614339249722 -801.20849087613999 -706.46144642576485
leaf_weight=316 212 1349 368 342 439 290 267 19805 268 523 209 2616 1789 220 266 621 252 636 2581 383 1405 703 231 232 232 351
leaf_count=316 212 1349 368 342 439 290 267 19805 268 523 209 2616 1789 220 266 621 252 636 2581 383 1405 703 231 232 232 351
internal_value=-0.00130812 0.00532711 0.0167178 -7.20711e-05 0.00957661 0.0214776 -0.00135269 -0.00469473 0.00159505 5.03907e-05 0.016421 0.0226341 -0.00339286 -0.00237907 -0.00480896 -0.00401298 0.00076114 0.00117049 -0.00429557 -0.00333603 0.00050901 -0.00290166 -0.00472992 -0.00179426 -0.00117284 -0.00448179
internal_weight=36906 12471 4009 8462 990 3118 7472 24435 3060 891 551 2906 4412 2272 24119 4314 2793 2309 4048 1236 2041 2052 2812 615 484 2140
internal_count=36906 12471 4009 8462 990 3118 7472 24435 3060 891 551 2906 4412 2272 24119 4314 2793 2309 4048 1236 2041 2052 2812 615 484 2140
cat_boundaries=0 3 6 9 11 14 15 17 18 21 24 25 28 31
cat_threshold=0 69206017 8388608 2165309440 2150768705 6295682 33816576 131072 2113536 2621440 536870912 2 2147483649 33554432 4 1048640 1280 48 0 2149580801 4096 0 67108872 109060096 8 67108864 9 50372608 524288 0 50331648
is_linear=0
shrinkage=0.05


Tree=28
num_leaves=28
num_cat=12
split_feature=18 20 3 11 25 2 25 25 25 25 10 23 3 18 18 25 24 3 11 2 2 25 25 25 3 11 25
split_gain=335.086 300.703 130.637 39.6401 23.5768 22.8732 18.7049 9.90165 8.22595 6.1287 5.38119 2.38449 2.01035 2.16424 1.31208 2.1847 0.954462 5.10321 0.978448 0.746393 0.653357 1.00248 0.320835 0.242599 0.156778 0.116751 0.0712445
threshold=84600.000000000015 111600.00000000001 19968.000000000004 117344.00000000001 0 7.5000000000000009 1 2 3 4 37.000000000000007 5 84480.000000000015 166500.00000000003 19800.000000000004 6 7 359200.00000000006 88750.000000000015 1.5000000000000002 3.5000000000000004 8 9 10 101200.00000000001 102628.57142857143 11
decision_type=2 2 2 2 9 2 9 9 9 9 2 9 2 2 2 9 9 2 2 2 2 9 9 9 2 2 9
left_child=7 2 5 6 10 -2 12 -1 -8 -4 -5 -7 13 -3 -9 -16 17 -10 19 -18 21 -17 -22 -23 -14 -26 -11
right_child=1 3 9 4 -6 11 8 14 16 26 -12 -13 24 -15 15 20 18 -19 -20 -21 22 23 -24 -25 25 -27 -28
leaf_value=13.179638586206421 313.25802722311056 -145.70922398974764 296.58551795139505 1341.0308157222071 67.547555076549187 314.03394279139684 1989.060579634845 -720.99035737626446 2235.8898477281605 -414.70451063522017 1341.0023152510928 314.14847933776474 -939.48148249247208 239.86178449455221 9.8251542899985012 -685.7931401695422 59.748626947744867 -199.93844594190233 -225.60368536493502 342.30912833649711 -1.1844485936642741 -190.15575148756733 -173.57884415416049 -22.905083622287393 -211.8205057561936 -808.65783374085288 -108.42723903224615
leaf_weight=316 212 1976 368 342 439 290 333 19805 206 241 209 2616 1589 320 266 621 1652 386 236 224 2581 383 231 232 286 264 282
leaf_count=316 212 1976 368 342 439 290 333 19805 206 241 209 2616 1589 320 266 621 1652 386 236 224 2581 383 231 232 286 264 282
internal_value=-0.00128915 0.00537922 0.0166554 3.42616e-05 0.0094254 0.0214776 -0.0012122 -0.00469268 0.00180879 -0.000229564 0.0161545 0.0226341 -0.00327749 -0.00225414 -0.00480689 -0.00401298 0.000876287 0.00263245 0.000371939 0.000756122 -0.00429557 -0.00333603 -0.00472992 -0.00179426 -0.00438814 -0.00362319 -0.0036729
internal_weight=36906 12471 4009 8462 990 3118 7472 24435 3037 891 551 2906 4435 2296 24119 4314 2704 592 2112 1876 4048 1236 2812 615 2139 550 523
internal_count=36906 12471 4009 8462 990 3118 7472 24435 3037 891 551 2906 4435 2296 24119 4314 2704 592 2112 1876 4048 1236 2812 615 2139 550 523
cat_boundaries=0 3 6 9 11 14 15 17 18 21 24 27 29
cat_threshold=0 69206017 8388608 2148532224 2150768705 6328450 33816576 131072 2113536 19398656 536870912 2 2147483649 33554432 4 1048640 1280 48 0 2149580801 4096 67108864 9 50372608 524288 0 50331648 67108864 16
is_linear=0
shrinkage=0.05


Tree=29
num_leaves=30
num_cat=14
split_feature=18 20 3 11 2 25 25 25 25 25 25 23 3 18 18 25 24 3 11 2 2 25 23 25 25 2 3 25 11
split_gain=322.655 291.776 150.23 38.7902 22.8732 20.0876 17.8622 9.88338 7.90965 3.52555 3.29113 2.38449 2.1626 2.11513 1.36239 2.16215 1.04701 4.96817 0.963211 0.761232 0.675388 0.946802 0.361954 0.314072 0.242599 0.204119 0.121666 0.0876034 0.0650971
threshold=84600.000000000015 111600.00000000001 19968.000000000004 117344.00000000001 7.5000000000000009 0 1 2 3 4 5 6 84480.000000000015 166500.00000000003 19800.000000000004 7 8 359200.00000000006 88750.000000000015 1.5000000000000002 3.5000000000000004 9 10 11 12 87.000000000000014 101200.00000000001 13 102628.57142857143
decision_type=2 2 2 2 2 9 9 9 9 9 9 9 2 2 2 9 9 2 2 2 2 9 9 9 9 2 2 9 2
left_child=7 2 4 6 -2 9 12 -1 -8 25 -4 -6 13 22 -9 -16 17 -10 19 -18 21 -17 -3 -22 -23 -5 -14 -12 -28
right_child=1 3 10 5 11 -7 8 14 16 -11 27 -13 26 -15 15 20 18 -19 -20 -21 23 24 -24 -25 -26 -27 28 -29 -30
leaf_value=12.520656656896064 297.5951258619549 -255.73968172966488 307.31351347832901 421.88044558199113 298.33224565182684 -262.91630201238542 4223.6716963556046 -684.94083950745119 2124.0953553417526 1748.1441541777256 -393.96928510345901 298.44105537087671 -892.50740836784848 227.86869526982446 9.3338965754985121 -651.50348316106511 56.761195600357986 -189.94152364480726 -214.32350109668812 325.19367191967251 -1.1252261639809149 -180.64796391318896 -131.95876786499977 -164.89990194645253 -21.759829441172961 1274.5192746476096 -200.55447944914488 -102.75587708063395 -768.2249420538102
leaf_weight=316 212 556 275 268 290 271 267 19805 206 208 241 2616 1589 320 266 621 1652 386 236 224 2581 383 1420 231 232 243 352 375 264
leaf_count=316 212 556 275 268 290 271 267 19805 206 208 241 2616 1589 320 266 621 1652 386 236 224 2581 383 1420 231 232 243 352 375 264
internal_value=-0.0013447 0.00519883 0.0163064 -6.61638e-05 0.0214776 0.00922379 -0.00129917 -0.0046845 0.00170801 0.0134815 -0.00179731 0.0226341 -0.00328052 -0.00221062 -0.0047986 -0.00398981 0.000876287 0.00271523 0.000348398 0.000729498 -0.00427094 -0.00329564 -0.00282103 -0.00471215 -0.00179426 0.015956 -0.00440644 -0.00378981 -0.00377023
internal_weight=36906 12471 4009 8462 3118 990 7472 24435 2971 719 891 2906 4501 2296 24119 4314 2704 592 2112 1876 4048 1236 1976 2812 615 511 2205 616 616
internal_count=36906 12471 4009 8462 3118 990 7472 24435 2971 719 891 2906 4501 2296 24119 4314 2704 592 2112 1876 4048 1236 1976 2812 615 511 2205 616 616
cat_boundaries=0 3 6 9 11 14 17 18 20 21 24 25 28 31 33
cat_threshold=0 69206017 8396800 2165309440 2150768705 6328450 33816576 131072 2113536 2621440 536870912 0 69206016 8388608 0 2147483649 33554432 4 1048640 1280 48 0 2149580801 4096 4 67108864 9 50372608 524288 0 50331648 67108864 16
is_linear=0
shrinkage=0.05


Tree=30
num_leaves=31
num_cat=13
split_feature=25 18 20 3 11 18 25 11 2 25 25 24 25 18 25 23 11 25 23 11 25 25 11 25 9 10 3 18 2 11
split_gain=325.999 131.249 246.852 38.2559 29.574 27.0437 21.8158 12.158 9.81358 8.42433 5.69437 4.55132 3.91474 3.02202 2.84888 2.54638 2.27881 1.31625 0.635763 0.533001 0.475707 0.321598 0.290352 0.296258 0.188908 0.130241 0.103538 0.0719999 0.0553902 0.0413835
threshold=0 68400.000000000015 93600.000000000015 19968.000000000004 117344.00000000001 84600.000000000015 1 102628.57142857143 7.5000000000000009 2 3 4 5 19800.000000000004 6 7 91080.000000000015 8 9 62768.000000000007 10 11 359200.00000000006 12 3.5000000000000004 24.500000000000004 104448.00000000001 39600.000000000007 3.5000000000000004 101200.00000000001
decision_type=9 2 2 2 2 2 9 2 2 9 9 9 9 2 9 9 2 9 9 2 9 9 2 9 2 2 2 2 2 2
left_child=1 10 3 15 8 13 21 12 11 -9 27 -4 -8 -2 -15 -3 20 -13 -10 -16 -14 26 23 28 -22 -20 -7 -1 -21 -23
right_child=5 2 4 -5 -6 6 7 9 18 -11 -12 17 16 14 19 -17 -18 -19 25 22 24 29 -24 -25 -26 -27 -28 -29 -30 -31
leaf_value=-249.01430916977807 -650.02379726504978 283.40563300922366 1669.1700595276766 291.94783780441287 1210.706236252068 -272.26078948193793 1674.7739658353225 417.97642740130686 -242.93769828333535 1498.3875796272187 11.869624199560532 -340.99629515368144 -171.54813266603307 3.2062687450952412 -293.78350848977755 283.51900260233305 -97.903083628337484 1037.5114186656881 -120.13582748691516 -191.34106725543407 65.522115220014527 -781.2521185277833 -329.28422837647133 -628.35330970038615 126.39067247337226 -803.52609520758494 -191.0267554766877 -0.31896485578181455 -181.31042567667501 -699.7504027892885
leaf_weight=1106 19581 303 350 267 289 252 213 262 538 408 218 422 361 330 401 2775 338 251 1297 245 1184 1834 239 1234 240 234 211 792 263 468
leaf_count=1106 19581 303 350 267 289 252 213 262 538 408 218 422 361 330 401 2775 338 251 1297 245 1184 1834 239 1234 240 234 211 792 263 468
internal_value=-0.00133115 0.00703524 0.0104593 0.0200851 0.000929647 -0.00396852 -0.000918934 0.00202783 -0.000504203 0.00796131 -0.00381492 0.00349756 0.00032934 -0.00475959 -0.00319086 0.0216591 -0.000334896 0.000999999 -0.00248431 -0.00378446 0.000377727 -0.00411415 -0.00413767 -0.00436353 0.000786907 -0.00196021 -0.00266316 -0.00468063 -0.00305769 -0.00439067
internal_weight=36906 8842 6726 3345 3381 28064 5771 3006 3092 670 2116 1023 2336 22293 2712 3078 2123 673 2069 2382 1785 2765 1981 1742 1424 1531 463 1898 508 2302
internal_count=36906 8842 6726 3345 3381 28064 5771 3006 3092 670 2116 1023 2336 22293 2712 3078 2123 673 2069 2382 1785 2765 1981 1742 1424 1531 463 1898 508 2302
cat_boundaries=0 2 5 8 10 11 14 17 18 20 21 24 27 30
cat_threshold=2883584 67108865 2232418306 1204304 4296834 0 2097152 8388608 0 1 48 2048 536870912 1048584 34603072 132352 2097152 4 0 67108864 4 0 2147483656 35659776 68157440 16 98304 2147483652 0 42008832
is_linear=0
shrinkage=0.05


Tree=31
num_leaves=31
num_cat=14
split_feature=25 18 20 3 11 18 25 11 18 25 25 25 25 25 23 18 11 25 23 23 11 25 2 25 25 3 2 18 3 11
split_gain=326.117 131.287 242.093 41.986 28.2553 25.8984 20.5307 11.3597 9.84273 8.73534 5.63492 5.02593 3.16949 3.15644 2.54638 2.14822 2.11603 1.6973 1.4211 0.702469 0.598527 0.434705 0.308076 0.512292 0.306787 0.103538 0.0869051 0.0719999 0.0655081 0.0628438
threshold=0 68400.000000000015 93600.000000000015 19968.000000000004 117344.00000000001 84600.000000000015 1 102628.57142857143 142200.00000000003 2 3 4 5 6 7 19800.000000000004 91080.000000000015 8 9 10 20240.000000000004 11 3.5000000000000004 12 13 104448.00000000001 3.5000000000000004 39600.000000000007 9408.0000000000018 101200.00000000001
decision_type=9 2 2 2 2 2 9 2 2 9 9 9 9 9 9 2 2 9 9 9 2 9 2 9 9 2 2 2 2 2
left_child=1 10 3 14 8 12 24 13 19 -9 27 18 -2 -8 -3 -14 21 -17 -10 -4 -19 -15 23 -22 25 -7 -23 -1 -21 -26
right_child=5 2 4 -5 -6 6 7 9 11 -11 -12 -13 15 16 -16 17 -18 20 -20 28 22 26 -24 -25 29 -27 -28 -29 -30 -31
leaf_value=-236.56359371128929 1.6590166682617564 269.23535135876227 -230.80581272901475 65.268852186126608 1150.1709244394647 -258.64775000784101 1591.035267543557 397.07760603124188 -323.94648039599707 1423.4682006458577 11.276142989582514 1510.7302594722453 -618.67258406061842 -162.97072603273119 269.34305247221636 8.7068883094687415 -92.972929045185452 -143.38448051287489 1363.7707053126317 -114.72905661656733 -594.98563966157201 61.826009859557239 -569.0997605415879 -207.17507928994206 -790.05943727781232 -181.47541770285318 99.481073978392317 -0.30301661299272387 -1375.4552098034901 -664.76288264982395
leaf_weight=1106 337 303 602 360 289 252 246 262 422 408 220 310 19394 361 2775 266 309 313 302 1238 470 1160 1112 399 1741 211 260 792 218 468
leaf_count=1106 337 303 602 360 289 252 246 262 422 408 220 310 19394 361 2775 266 309 313 302 1238 470 1160 1112 399 1741 211 260 792 218 468
internal_value=-0.00126206 0.00704715 0.0104318 0.0197703 0.000929647 -0.00391855 -0.000904931 0.00192843 -0.000471882 0.00766369 -0.00381604 0.00350386 -0.0046878 0.000286569 0.0216591 -0.00476054 -0.000356804 -0.00339579 0.00112772 -0.00247087 -0.00382481 0.000305663 -0.00416289 -0.00343858 -0.00408346 -0.00266316 0.000698323 -0.00468063 -0.00187243 -0.00436515
internal_weight=36906 8937 6819 3438 3381 27969 5678 3006 3092 670 2118 1034 22291 2336 3078 21954 2090 2560 724 2058 2294 1781 1981 869 2672 463 1420 1898 1456 2209
internal_count=36906 8937 6819 3438 3381 27969 5678 3006 3092 670 2118 1034 22291 2336 3078 21954 2090 2560 724 2058 2294 1781 1981 869 2672 463 1420 1898 1456 2209
cat_boundaries=0 2 5 8 10 12 15 18 19 21 22 23 26 29 32
cat_threshold=2883586 67108865 2232418304 1204304 4296834 0 2097152 8388608 0 1 0 67108864 2181038080 4325376 2113537 2048 536870912 1048616 4 1048640 1280 4 4 0 2147483656 35659776 0 2149580800 4096 68157440 16 98304
is_linear=0
shrinkage=0.05


Tree=32
num_leaves=31
num_cat=13
split_feature=25 18 20 3 11 18 11 25 25 10 24 25 25 23 18 25 25 3 25 23 20 2 25 3 11 18 25 3 10 3
split_gain=325.414 128.29 242.48 41.9105 27.7181 27.2397 19.2921 11.0577 9.79064 9.39321 5.73158 5.42928 3.15786 2.52657 2.30789 1.91181 1.40568 3.2285 1.16339 0.676751 0.66547 0.317683 0.538613 0.268178 0.364179 0.196925 0.169462 0.164894 0.164134 0.135371
threshold=0 68400.000000000015 93600.000000000015 19968.000000000004 117344.00000000001 84600.000000000015 168960.00000000003 1 2 1.0714285714285716 3 4 5 6 19800.000000000004 7 8 78400.000000000015 9 10 403200.00000000006 3.5000000000000004 11 84480.000000000015 79936.000000000015 39600.000000000007 12 104448.00000000001 24.500000000000004 269312.00000000006
decision_type=9 2 2 2 2 2 2 9 9 2 9 9 9 9 2 9 9 2 9 9 2 2 9 2 2 2 9 2 2 2
left_child=1 11 3 13 9 12 7 23 -8 10 -4 25 -2 -3 -14 21 27 -18 -12 -11 -17 22 29 24 -7 -1 -23 -9 -21 -16
right_child=5 2 4 -5 -6 6 8 16 -10 19 18 -13 14 -15 15 20 17 -19 -20 28 -22 26 -24 -25 -26 -27 -28 -29 -30 -31
leaf_value=-224.73541402572482 1.5760658348488505 255.77358379082435 1655.174317873548 62.005409576820242 1092.6623782174909 -1251.0581610152124 377.22372572968015 -0.94066290767113969 436.98621142018675 -219.22052273748633 -307.74915637619711 10.712335840103334 -587.73895485758749 255.87589984860534 -223.43702259410585 9.0115440823459725 82.014607044477458 1515.1335041663785 910.00933477309593 -108.35258339141365 -344.76231178279733 -639.79332598412009 -565.26135768445386 -592.90045170956887 -222.50536523495759 -0.28786578234321497 -630.20266124395584 -78.685925185557792 -831.53832571283715 -146.01405827020298
leaf_weight=1106 337 303 304 360 289 236 262 217 368 542 422 220 19394 2775 314 219 1135 318 247 1343 248 212 471 2394 359 792 891 389 234 205
leaf_count=1106 337 303 304 360 289 236 262 217 368 542 422 220 19394 2775 314 219 1135 318 247 1343 248 212 471 2394 359 792 891 389 234 205
internal_value=-0.00123632 0.00706392 0.0104098 0.0197558 0.000900087 -0.00388996 -0.000799297 -0.0018297 0.00743671 -0.000488043 0.00357436 -0.00367453 -0.00467882 0.0216429 -0.00475144 -0.00333724 0.000992273 0.00183276 0.000888398 -0.00235502 -0.000386222 -0.00397387 -0.00332661 -0.00376375 -0.0028057 -0.00452356 -0.00458371 -0.00101942 -0.00182711 -0.00206215
internal_weight=36906 8937 6819 3438 3381 27969 5678 5048 630 3092 973 2118 22291 3078 21954 2560 2059 1453 669 2119 467 2093 990 2989 595 1898 1103 606 1577 519
internal_count=36906 8937 6819 3438 3381 27969 5678 5048 630 3092 973 2118 22291 3078 21954 2560 2059 1453 669 2119 467 2093 990 2989 595 1898 1103 606 1577 519
cat_boundaries=0 2 5 8 9 11 14 15 18 21 23 24 27 30
cat_threshold=2883586 67108865 2165309440 2150785104 12587138 0 2097152 8388608 48 0 1 2181038080 4325376 2113537 4 67108864 2149581320 50376704 67108864 8 102866944 0 67108864 4 0 8 50339840 0 2147484160 33587200
is_linear=0
shrinkage=0.05


Tree=33
num_leaves=31
num_cat=13
split_feature=25 18 20 3 18 11 11 25 18 25 25 25 18 25 23 25 23 25 9 23 25 3 18 11 2 26 25 20 2 18
split_gain=325.501 128.305 242.135 41.9105 27.3107 26.6414 21.8542 10.132 10.1225 6.98101 6.18709 5.13959 4.49774 2.79706 2.52657 2.27341 2.18365 2.15969 1.98073 0.776087 0.556014 0.351279 0.338103 0.326281 0.312746 0.312851 0.43714 0.255421 0.201084 0.196925
threshold=0 68400.000000000015 93600.000000000015 19968.000000000004 172650.00000000003 117344.00000000001 168960.00000000003 1 142200.00000000003 2 3 4 19800.000000000004 5 6 7 8 9 1.5000000000000002 10 11 84480.000000000015 174600.00000000003 32384.000000000004 1.5000000000000002 1.0000000180025095e-35 12 979200.00000000012 27.500000000000004 39600.000000000007
decision_type=9 2 2 2 2 2 2 9 2 9 9 9 2 9 9 9 9 9 2 9 9 2 2 2 2 2 9 2 2 2
left_child=1 11 3 14 12 8 7 21 19 16 -8 29 17 23 -3 -9 -10 -2 -15 -4 -17 -6 -22 -14 25 26 -25 28 -20 -1
right_child=4 2 5 -5 6 -7 10 15 9 -11 -12 -13 13 18 -16 20 -18 -19 27 -21 22 -23 -24 24 -26 -27 -28 -29 -30 -31
leaf_value=-213.49864332443869 -12.318312834988925 242.98490460128306 -208.30449595568973 58.905139097979557 -454.81265610871418 1038.0292593066158 358.36253944319617 1435.7268289580593 -276.45166175509513 3771.3443819138283 1547.5065259832656 10.17671904809813 -357.6856007815523 8.6509668996863187 243.08210485617531 -167.96735055843166 1212.6934537527793 -559.17205325347152 -144.28241790548685 -107.66496142923643 60.212606634812097 -698.29638509180813 879.7932016469772 -215.80011706474326 -413.18256322690507 -537.29828767830577 -59.179260007447738 -18.326777238515934 -402.28813773160982 -0.27347249322592687
leaf_weight=1106 226 303 602 360 279 289 262 271 544 219 238 220 319 217 2775 227 337 19353 282 1456 1187 2028 201 283 1040 286 672 231 301 792
leaf_count=1106 226 303 602 360 279 289 262 271 544 219 238 220 319 217 2775 227 337 19353 282 1456 1187 2028 201 283 1040 286 672 231 301 792
internal_value=-0.00120787 0.00705324 0.010371 0.0197558 -0.0038748 0.00100464 -0.000397232 -0.00157688 -0.000329115 0.00353902 0.00946215 -0.00369811 -0.00457953 -0.00296036 0.0216429 0.00114331 0.00145017 -0.00487948 -0.000723875 -0.00239806 0.000414873 -0.00378827 0.000792856 -0.00382849 -0.00405388 -0.00350362 -0.00305643 -0.00186275 -0.0024188 -0.00452356
internal_weight=36906 9003 6885 3438 27903 3447 4693 4193 3158 1100 500 2118 23210 3631 3078 1886 881 19579 1031 2058 1615 2307 1388 2600 2281 1241 955 814 583 1898
internal_count=36906 9003 6885 3438 27903 3447 4693 4193 3158 1100 500 2118 23210 3631 3078 1886 881 19579 1031 2058 1615 2307 1388 2600 2281 1241 955 814 583 1898
cat_boundaries=0 2 5 7 10 12 15 16 19 20 23 24 27 29
cat_threshold=19660802 67108865 2147483648 20062272 37752962 2097152 67108864 0 2097152 8388608 0 1 67110912 2149597720 25276544 4 64 536870912 1048584 4 2281701376 0 257 4 0 8 10518560 0 2147483672
is_linear=0
shrinkage=0.05


Tree=34
num_leaves=31
num_cat=14
split_feature=25 18 20 3 11 18 11 25 25 10 24 25 25 23 18 25 18 25 3 25 23 10 3 24 25 10 18 11 25 20
split_gain=323.943 130.537 241.014 41.9105 30.3583 26.4516 19.261 9.69167 9.27416 9.23142 5.83946 5.21094 3.33715 2.52657 2.00678 2.023 1.70229 1.58399 1.61801 1.06051 0.676751 0.555905 0.372282 0.343466 0.261206 0.226762 0.193479 0.186474 0.180672 0.462016
threshold=0 68400.000000000015 93600.000000000015 19968.000000000004 117344.00000000001 55800.000000000007 168960.00000000003 1 2 1.0714285714285716 3 4 5 6 19800.000000000004 7 13500.000000000002 8 78400.000000000015 9 10 13.500000000000002 84480.000000000015 11 12 24.500000000000004 39600.000000000007 359200.00000000006 13 84600.000000000015
decision_type=9 2 2 2 2 2 2 9 9 2 9 9 9 9 2 9 2 9 2 9 9 2 2 9 9 2 2 2 9 2
left_child=1 11 3 13 9 12 7 22 -8 10 -4 -1 16 -3 -14 27 -2 21 -19 -12 -11 23 24 -9 -7 -22 -13 28 29 -16
right_child=5 2 4 -5 -6 6 8 17 -10 20 19 26 14 -15 15 -17 -18 18 -20 -21 25 -23 -24 -25 -26 -27 -28 -29 -30 -31
leaf_value=9.6678830956932877 -436.49840519232424 230.83565937121895 1577.7988500513327 55.959882143080904 986.12779634128538 -239.32909251681997 317.52440700648225 86.823834037946341 390.4930758831419 -197.84427180282765 -278.53911546963212 -207.76058118044494 -533.29340445203457 230.92799961336641 -510.44337351135141 -20.169425550544794 10.835907001043234 74.003246145936288 1363.3904875101566 675.94164893874995 -98.511715749112781 -160.60398388524047 -539.17437224284572 -123.27752637943486 -1164.8620615056686 -850.5960821148343 -0.25979886856475787 -473.80522674862789 -573.96553787926985 -197.02829039564742
leaf_weight=218 208 303 304 360 299 637 270 200 383 542 422 1120 19239 2775 377 408 289 1137 385 247 1343 240 2343 238 222 234 804 215 788 356
leaf_count=218 208 303 304 360 299 637 270 200 383 542 422 1120 19239 2775 377 408 289 1137 385 247 1343 240 2343 238 222 234 804 215 788 356
internal_value=-0.00121464 0.00704609 0.0104311 0.0197558 0.000971116 -0.00386893 -0.000945189 -0.00192635 0.00715267 -0.000504203 0.00352308 -0.00371269 -0.00467965 0.0216429 -0.00477285 -0.0033178 -0.000559923 0.00063291 0.00152542 0.000814977 -0.00235502 -0.00136232 -0.00367455 -0.000318183 -0.00278165 -0.00182711 -0.00452996 -0.00405034 -0.00427118 -0.00344295
internal_weight=36906 8971 6829 3438 3391 27935 6055 5402 653 3092 973 2142 21880 3078 21383 2144 497 2200 1522 669 2119 678 3202 438 859 1577 1924 1736 1521 733
internal_count=36906 8971 6829 3438 3391 27935 6055 5402 653 3092 973 2142 21880 3078 21383 2144 497 2200 1522 669 2119 678 3202 438 859 1577 1924 1736 1521 733
cat_boundaries=0 3 6 9 10 12 15 16 19 22 24 25 26 29 32
cat_threshold=2883586 67108865 65536 2164260864 2150785616 29364354 0 2097152 8388608 48 786432 67108864 2315272192 131072 2113793 4 67108864 2149580808 33599488 68157440 0 36741120 0 67108864 4 48 0 2228240 16777216 0 2147483656 33554432
is_linear=0
shrinkage=0.05


Tree=35
num_leaves=31
num_cat=13
split_feature=25 18 20 3 18 11 11 2 25 25 25 24 18 23 25 25 9 3 25 23 11 25 18 25 25 27 11 20 10 2
split_gain=326.04 125.299 242.48 41.9105 26.705 26.4419 22.0544 9.11049 9.02487 6.18709 4.87877 4.75306 4.47854 2.52657 2.51959 2.27613 1.46708 1.27557 1.10406 0.744819 0.716044 2.74828 0.445603 0.391322 0.181047 0.506487 0.282059 0.180994 0.173411 0.135427
threshold=0 68400.000000000015 93600.000000000015 19968.000000000004 172650.00000000003 117344.00000000001 168960.00000000003 7.5000000000000009 1 2 3 4 19800.000000000004 5 6 7 1.5000000000000002 84480.000000000015 8 9 79936.000000000015 10 39600.000000000007 11 12 3.2769667020129059 125536.00000000001 979200.00000000012 24.500000000000004 44.000000000000007
decision_type=9 2 2 2 2 2 2 2 9 9 9 9 2 9 9 9 2 2 9 9 2 9 2 9 9 8 2 2 2 2
left_child=1 10 3 13 12 7 8 11 20 -8 22 -4 14 -3 -2 24 -17 -10 -13 -9 -6 -22 -1 -18 25 -14 -26 29 -21 -25
right_child=4 2 5 -5 6 -7 9 19 17 -11 -12 18 15 -15 -16 16 23 -19 -20 28 21 -23 -24 27 26 -27 -28 -29 -30 -31
leaf_value=-192.43568209919431 10.114114838647493 219.29387640265779 1498.2189067166853 53.16188803592668 58.422776652989711 936.82140652422095 324.56819212071207 -187.98205820791773 -62.820609641325795 1450.6065458899452 9.1844889409087056 -264.6121596961508 -484.91120461882292 219.38159963269791 -506.77873422943276 7.7924316146796393 -760.2279534155648 -615.37261122388463 642.2345664775072 -93.746129522967024 1411.4935366972459 -69.343796836307959 -0.24680892513642905 -171.76640887975293 -447.89072270139917 -28.766579159063987 -289.54172708221796 -68.183938686573313 -808.06627800909268 -613.18100455785714
leaf_weight=1106 248 303 350 360 1095 289 262 538 330 238 220 422 286 2775 19331 400 208 2220 251 1297 283 331 792 290 997 642 357 226 234 225
leaf_count=1106 248 303 350 360 1095 289 262 538 330 238 220 422 286 2775 19331 400 208 2220 251 1297 283 331 792 290 997 642 357 226 234 225
internal_value=-0.00120516 0.00710303 0.0104098 0.0197558 -0.00386137 0.000900087 -0.000450537 -0.000455722 -0.00161817 0.00946215 -0.00350944 0.0034 -0.0045623 0.0216429 -0.0048616 -0.0029466 -0.00128215 -0.00349337 0.000854013 -0.00236359 0.00119407 0.00256493 -0.00431414 -0.00236067 -0.00390584 -0.00318085 -0.00437043 -0.00173307 -0.00179713 -0.00227273
internal_weight=36906 8937 6819 3438 27969 3381 4759 3092 4259 500 2118 1023 23210 3078 19579 3631 1349 2550 673 2069 1709 614 1898 949 2282 928 1354 741 1531 515
internal_count=36906 8937 6819 3438 27969 3381 4759 3092 4259 500 2118 1023 23210 3078 19579 3631 1349 2550 673 2069 1709 614 1898 949 2282 928 1354 741 1531 515
cat_boundaries=0 2 5 8 10 11 12 15 18 20 21 24 27 30
cat_threshold=2883586 67108865 192 2684354568 70262792 0 2097152 8388608 0 1 48 4 2147500032 0 257 67110912 2149597720 8499328 0 67108864 4 128 536870912 8200 2147483648 0 16777217 2048 2147484184 8388736
is_linear=0
shrinkage=0.05


Tree=36
num_leaves=31
num_cat=15
split_feature=25 18 20 3 18 11 11 25 10 25 25 24 18 20 18 25 25 23 12 25 25 24 3 24 25 25 18 11 11 25
split_gain=342.649 100.831 245.019 41.9105 27.2936 25.1395 18.9241 9.24411 9.16846 8.88218 7.21846 5.83946 2.67499 7.26707 2.63082 3.16895 2.62788 2.52657 1.61493 1.06051 0.969609 0.685384 0.638165 0.575093 0.513669 0.424626 0.209454 0.992616 0.189067 0.187495
threshold=0 68400.000000000015 93600.000000000015 19968.000000000004 55800.000000000007 117344.00000000001 168960.00000000003 1 1.0714285714285716 2 3 4 31200.000000000004 42000.000000000007 19800.000000000004 5 6 7 177040.00000000003 8 9 10 84480.000000000015 11 12 13 13500.000000000002 88750.000000000015 359200.00000000006 14
decision_type=9 2 2 2 2 2 2 9 2 9 9 9 2 2 2 9 9 9 2 9 9 9 2 9 9 9 2 2 2 9
left_child=1 10 3 17 14 8 9 -8 11 16 -1 -4 -12 -14 20 28 -6 -3 -17 -13 -2 -10 24 25 -11 -18 -22 -28 -16 -24
right_child=4 2 5 -5 6 -7 7 -9 21 22 12 19 13 -15 15 18 23 -19 -20 -21 26 -23 29 -25 -26 -27 27 -29 -30 -31
leaf_value=9.1902635676071451 -227.55095873758819 208.32918258252468 1423.9979622129315 50.503793634130126 1225.5612663715699 889.98033619800992 285.41977705012249 372.28674925403033 -93.808816323414803 -55.579597732066759 -538.33887823529483 -251.38155171134349 1.86112176470524 -0.23446847887971672 -461.36566206661939 12.435255862489434 23.881849221325684 208.41251965106278 -77.418321778029721 610.03283816793703 -476.97981592149131 -178.58295532136364 -382.84952081327032 409.58801039015816 -367.55530541902158 -135.15879196899897 -510.93979751796115 -163.93980102271428 -435.63787905708563 -473.64388496960032
leaf_weight=260 223 303 304 360 230 295 270 377 1577 406 917 422 213 805 1541 210 1179 2775 307 247 15439 558 2042 239 505 244 3401 491 215 551
leaf_count=260 223 303 304 360 230 295 270 377 1577 406 917 422 213 805 1541 210 1179 2775 307 247 15439 558 2042 239 505 244 3401 491 215 551
internal_value=-0.00110897 0.00734637 0.0103456 0.0197558 -0.00385195 0.000832598 -0.00087924 0.00718798 -0.000495178 -0.00184883 -0.00196859 0.00352308 -0.00301746 -0.00126471 -0.00467658 -0.00306154 0.000913864 0.0216429 0.000406426 0.000814977 -0.00486398 -0.00232803 -0.00333333 0.000203105 -0.00219606 -0.00018467 -0.00490126 -0.00456086 -0.00406109 -0.00374374
internal_weight=36906 9036 6841 3438 27870 3403 6043 647 3108 5396 2195 973 1935 1018 21827 2273 1892 3078 517 669 19554 2135 3504 1662 911 1423 19331 3892 1756 2593
internal_count=36906 9036 6841 3438 27870 3403 6043 647 3108 5396 2195 973 1935 1018 21827 2273 1892 3078 517 669 19554 2135 3504 1662 911 1423 19331 3892 1756 2593
cat_boundaries=0 2 5 8 9 10 13 16 17 19 22 23 24 27 30 33
cat_threshold=2150367234 67108865 0 2097152 8388608 2240 553648136 70262824 2147745792 48 67108864 2149580808 33599744 2112 536870912 40 4 0 67108864 16384 0 257 16 8 0 2097152 16809984 128 16777224 1048576 16777216 3145792 25198594
is_linear=0
shrinkage=0.05


Tree=37
num_leaves=31
num_cat=15
split_feature=25 18 20 3 11 18 11 25 10 25 25 24 18 20 25 23 18 25 25 25 12 3 24 24 25 25 11 11 18 25
split_gain=342.528 102.838 242.791 41.9105 28.2056 28.1853 18.625 9.24411 9.16846 8.39389 7.26845 5.83946 2.64548 7.32173 2.58865 2.52657 2.36591 2.57919 1.15912 1.06051 0.941474 0.831704 0.685384 0.598472 0.430272 0.381492 0.320438 0.250483 0.219816 2.13726
threshold=0 68400.000000000015 93600.000000000015 19968.000000000004 117344.00000000001 55800.000000000007 168960.00000000003 1 1.0714285714285716 2 3 4 31200.000000000004 42000.000000000007 5 6 19800.000000000004 7 8 9 177040.00000000003 15872.000000000002 10 11 12 13 88750.000000000015 359200.00000000006 13500.000000000002 14
decision_type=9 2 2 2 2 2 2 9 2 9 9 9 2 2 9 9 2 9 9 9 2 2 9 9 9 9 2 2 2 9
left_child=1 10 3 15 8 16 9 -8 11 14 -1 -4 -12 -14 -7 -3 18 27 -2 -13 -19 -11 -10 25 -23 -16 -26 -18 -20 -30
right_child=5 2 4 -5 -6 6 7 -9 22 21 12 19 13 -15 23 -17 17 20 28 -21 -22 24 -24 -25 26 -27 -28 -29 29 -31
leaf_value=8.7307503892267047 -213.05842057229421 197.91272345339823 1352.798064102285 47.978603952423875 845.48014934756839 1164.2832030529914 271.14878819761651 353.67241179132907 -89.118375507244139 -233.25560874955443 -511.42193432352997 -238.8124741257765 1.7680656764699962 -0.2227450549358764 -121.82599426488778 197.99189366850987 -438.29737896328845 11.813493069364998 -453.1908434621896 579.53119625953991 -276.60504149432893 -322.97673820684525 -169.65380755529551 708.47326489446357 -106.42757086830426 20.617955858846109 -568.39775174400336 -413.85598510423137 -484.94280764206309 4.8571150709782165
leaf_weight=260 240 303 304 360 305 230 270 377 1577 372 929 422 213 817 211 2775 1541 210 15411 247 295 2073 558 204 411 1199 686 215 3662 229
leaf_count=260 240 303 304 360 305 230 270 377 1577 372 929 422 213 817 211 2775 1541 210 15411 247 295 2073 558 204 411 1199 686 215 3662 229
internal_value=-0.00108865 0.0073442 0.0103816 0.0197558 0.000932649 -0.00383798 -0.000814417 0.00718798 -0.000495178 -0.00177803 -0.00200135 0.00352308 -0.0030416 -0.00130814 0.000959051 0.0216429 -0.00467622 -0.00313964 -0.00485366 0.000814977 4.83547e-05 -0.0031964 -0.00232803 0.000233701 -0.00346784 -0.000140648 -0.00255636 -0.00403281 -0.00489593 -0.00454791
internal_weight=36906 9070 6851 3438 3413 27836 6033 647 3108 5386 2219 973 1959 1030 1844 3078 21803 2261 19542 669 505 3542 2135 1614 3170 1410 1097 1756 19302 3891
internal_count=36906 9070 6851 3438 3413 27836 6033 647 3108 5386 2219 973 1959 1030 1844 3078 21803 2261 19542 669 505 3542 2135 1614 3170 1410 1097 1756 19302 3891
cat_boundaries=0 3 6 9 10 11 14 15 18 21 23 24 25 28 31 34
cat_threshold=2150367234 67108865 65536 0 2097152 8388608 2240 553648136 68165672 2147745792 48 2112 536870912 40 4 67108864 2149580808 33599744 16384 0 16777473 0 67108864 16 8 16777216 1065024 25202690 0 0 1056768 537001984 536871176 8388608
is_linear=0
shrinkage=0.05


Tree=38
num_leaves=31
num_cat=14
split_feature=25 18 20 3 18 25 11 11 10 25 25 24 25 18 20 18 23 25 25 20 25 23 12 25 2 18 18 25 25 11
split_gain=332.314 100.951 244.639 41.9105 37.479 52.7342 24.4817 14.9227 9.02242 7.21846 6.0109 5.83946 5.73714 2.67499 7.26707 2.59063 2.52657 2.29845 1.75563 1.81458 1.06051 0.803653 0.796614 1.02473 0.505558 0.418352 0.320381 0.315004 0.24906 0.279884
threshold=0 68400.000000000015 93600.000000000015 19968.000000000004 55800.000000000007 1 117344.00000000001 182160.00000000003 1.0714285714285716 2 3 4 5 31200.000000000004 42000.000000000007 19800.000000000004 6 7 8 23400.000000000004 9 10 84480.000000000015 11 9.5000000000000018 235800.00000000003 84600.000000000015 12 13 102628.57142857143
decision_type=9 2 2 2 2 9 2 2 2 9 9 9 9 2 2 2 9 9 9 2 9 9 2 9 2 2 2 9 9 2
left_child=1 9 3 16 15 -6 8 12 11 -1 -9 -4 25 -11 -15 18 -3 -17 19 -2 -13 -10 23 -14 -19 27 -25 -7 -24 -30
right_child=4 2 6 -5 5 7 -8 10 21 13 -12 20 22 14 -16 17 -18 24 -20 -21 -22 -23 28 26 -26 -27 -28 -29 29 -31
leaf_value=8.2942128697653974 -388.43071300056437 188.01708728072845 1285.1581608971705 45.57967375480294 1113.6085159187205 -94.994653724845932 803.20731192073151 209.7165227915757 -161.1711171775307 -485.85083760735347 336.10879299467052 -226.8718504194876 -344.84615967108039 1.6796623926464236 -0.2116078021892463 -409.93249165689343 188.0922989850842 15.309518819768337 -437.73126454877712 3.8382762997210316 550.55463644656265 -84.66245673188206 -572.85302580464543 -265.32593452737564 -241.50370592592313 906.89866729924984 146.72583810173566 27.315039131772899 -149.42792569535294 -478.74535233886292
leaf_weight=260 348 303 304 360 212 217 295 228 558 917 362 422 450 213 805 1772 2775 202 18854 352 247 1577 1900 266 299 272 219 1294 318 305
leaf_count=260 348 303 304 360 212 217 295 228 558 917 362 422 450 213 805 1772 2775 202 18854 352 247 1577 1900 266 299 272 219 1294 318 305
internal_value=-0.000974858 0.0073519 0.0103529 0.0197558 -0.00367621 -0.000192722 0.000847282 -0.00110474 -0.000463024 -0.00196859 0.00641892 0.00352308 -0.00195594 -0.00301746 -0.00126471 -0.00464222 0.0216429 -0.00303956 -0.00482819 -0.00224719 0.000814977 -0.00228124 -0.00313833 -0.00189434 -9.74775e-06 0.000353759 -0.00025151 2.9741e-05 -0.0036099 -0.00254331
internal_weight=36906 9036 6841 3438 27870 6043 3403 5831 3108 2195 590 973 5241 1935 1018 21827 3078 2273 19554 700 669 2135 3458 935 501 1783 485 1511 2523 623
internal_count=36906 9036 6841 3438 27870 6043 3403 5831 3108 2195 590 973 5241 1935 1018 21827 3078 2273 19554 700 669 2135 3458 935 501 1783 485 1511 2523 623
cat_boundaries=0 2 5 6 8 9 12 13 16 19 21 22 25 28 31
cat_threshold=2150367234 67108865 0 536870912 8388608 2147745792 0 2097152 48 2240 16777224 68165640 4 67108864 2147483656 44151040 134234240 8388616 16777473 0 67108864 4 0 2147500048 37752832 0 0 1056768 16777216 3145792 16809986
is_linear=0
shrinkage=0.05


Tree=39
num_leaves=31
num_cat=13
split_feature=25 18 20 3 20 11 11 25 10 25 25 24 25 18 18 20 23 3 25 25 20 25 23 25 20 25 18 20 27 11
split_gain=338.501 100.951 244.639 41.9105 28.9393 24.4817 23.6393 9.63468 9.02242 7.21846 6.09607 5.83946 3.44426 2.78062 2.67499 7.26707 2.52657 1.72006 1.66752 1.5615 1.45217 0.904513 0.803653 0.622704 0.33225 0.307279 0.574768 0.281671 0.276326 0.419719
threshold=0 68400.000000000015 93600.000000000015 19968.000000000004 142200.00000000003 117344.00000000001 168960.00000000003 1 1.0714285714285716 2 3 4 5 19800.000000000004 31200.000000000004 42000.000000000007 6 84480.000000000015 7 8 979200.00000000012 9 10 11 252000.00000000003 12 6300.0000000000009 403200.00000000006 3.2769667020129059 161920.00000000003
decision_type=9 2 2 2 2 2 2 9 2 9 9 9 9 2 2 2 9 2 9 9 2 9 9 9 2 9 2 2 8 2
left_child=1 9 3 16 13 8 7 12 11 -1 -8 -4 -6 25 -11 -16 -3 18 -9 -15 23 -13 -10 27 -14 26 -2 -19 -21 -30
right_child=4 2 5 -5 6 -7 10 17 22 14 -12 21 24 19 15 -17 -18 20 -20 28 -22 -23 -24 -25 -26 -27 -28 -29 29 -31
leaf_value=7.8795022262771459 -379.44774039650224 178.61623291669241 1220.9002528523117 43.300690067062533 1049.4736370326225 763.04694632469477 270.02552811271164 -426.13408399637086 -153.11256131865412 -461.5582957269857 1330.8228222881939 -215.5282578985134 13.821618196599506 6.1493539197765132 1.5956792730141389 -0.2010274120799295 178.68768403583019 -153.72623582581139 161.80953587789264 -395.18586775354174 -44.057809752075379 523.02690462423493 -80.429333895288082 -464.82768214150275 228.19378490182353 -417.09470132133833 -137.37072361199247 -226.27250651258706 -48.412362281909736 -243.54571021185313
leaf_weight=260 236 303 304 360 227 295 262 379 558 917 232 422 1168 343 213 805 2775 753 215 286 413 247 1577 2699 350 18649 205 248 780 425
leaf_count=260 236 303 304 360 227 295 262 379 558 917 232 422 1168 343 213 805 2775 753 215 286 413 247 1577 2699 350 18649 205 248 780 425
internal_value=-0.00105208 0.0073519 0.0103529 0.0197558 -0.00377842 0.000847282 -0.000983018 -0.00179114 -0.000463024 -0.00196859 0.00953629 0.00352308 0.00138019 -0.00470802 -0.00301746 -0.00126471 0.0216429 -0.00296355 -0.000453021 -0.00284314 -0.00333293 0.000814977 -0.00228124 -0.00364668 0.000496731 -0.00488686 -0.00321192 -0.00247285 -0.00352961 -0.00321044
internal_weight=36906 9036 6841 3438 27870 3403 6946 6452 3108 2195 494 973 1745 20924 1935 1018 3078 4707 594 1834 4113 669 2135 3700 1518 19090 441 1001 1491 1205
internal_count=36906 9036 6841 3438 27870 3403 6946 6452 3108 2195 494 973 1745 20924 1935 1018 3078 4707 594 1834 4113 669 2135 3700 1518 19090 441 1001 1491 1205
cat_boundaries=0 2 5 6 9 10 13 14 17 20 22 23 26 29
cat_threshold=2150367234 67108865 134217920 2709520384 70254601 2147745792 0 2097152 8388608 48 0 2692743168 2097160 4 0 0 54530048 33554432 8520712 33554432 0 67108864 4 1048576 1048840 8454304 20608 532520 17105160
is_linear=0
shrinkage=0.05


Tree=40
num_leaves=31
num_cat=11
split_feature=25 18 20 3 18 11 25 11 10 25 18 24 11 11 18 20 23 25 25 20 2 23 25 11 11 18 25 10 25 18
split_gain=338.933 104.768 239.524 41.9105 29.0554 28.725 14.9974 13.2349 7.7018 7.2269 5.07155 4.16072 3.54561 2.71947 2.7159 7.23585 2.52657 2.42333 1.62276 1.81562 1.06139 0.82705 0.5912 0.466295 0.232633 0.393787 0.399231 0.210377 0.201736 0.169128
threshold=0 68400.000000000015 93600.000000000015 19968.000000000004 19800.000000000004 117344.00000000001 1 101200.00000000001 1.0714285714285716 2 190800.00000000003 3 88750.000000000015 79936.000000000015 31200.000000000004 42000.000000000007 4 5 6 16200.000000000002 1.5000000000000002 7 8 62768.000000000007 359200.00000000006 84600.000000000015 9 24.500000000000004 10 9900.0000000000018
decision_type=9 2 2 2 2 2 9 2 2 9 2 9 2 2 2 2 9 9 9 2 2 9 9 2 2 2 9 2 9 2
left_child=1 9 3 16 18 8 7 12 11 -1 17 -4 13 -6 -11 -16 -3 24 19 -2 23 -10 -22 -19 25 -8 -27 -23 -24 -20
right_child=4 2 5 -5 6 -7 10 -9 21 14 -12 -13 -14 -15 15 -17 -18 20 29 -21 22 27 28 -25 -26 26 -28 -29 -30 -31
leaf_value=7.485527114963225 -354.39001670636253 169.68542127085749 3164.1535507401368 41.135655563709591 40.650037342333967 724.89342896791834 -382.22657368637169 222.93942998814455 -145.45693325272151 -438.48038094063634 915.37809300145955 135.25164476323323 -45.341744167814618 997.54995518099167 1.5158953093634411 -0.19097604147609673 169.75329983403864 64.392572631788795 -392.43996625527137 17.438736672341658 -287.42008802954626 -71.497874362617949 -45.751352802779003 -7.4842666287469912 -365.78494239413817 -33.93480765424902 -486.66887734924785 -750.2620149857471 -278.40081522971821 -417.00436896645419
leaf_weight=260 310 303 269 360 1111 305 1135 488 558 929 257 547 339 224 213 817 2775 217 15019 326 216 1343 206 552 298 287 1922 234 1199 3887
leaf_count=260 310 303 269 360 1111 305 1135 488 558 929 257 547 339 224 213 817 2775 217 15019 326 216 1343 206 552 298 287 1922 234 1199 3887
internal_value=-0.00105885 0.00742689 0.0105556 0.0197558 -0.00376237 0.000834867 -0.00131374 0.00227231 -0.000678972 -0.00197884 -0.00254642 0.00344743 0.000167063 0.0013276 -0.00301624 -0.00125969 0.0216429 -0.00284389 -0.00482296 -0.00220679 -0.00158202 -0.00225784 -0.00231362 -5.83669e-05 -0.00365627 -0.00378661 -0.00338987 -0.00166878 -0.00188779 -0.00490697
internal_weight=36906 8913 6694 3438 27993 3256 8451 2162 2951 2219 6289 816 1674 1335 1959 1030 3078 6032 19542 636 2390 2135 1621 769 3642 3344 2209 1577 1405 18906
internal_count=36906 8913 6694 3438 27993 3256 8451 2162 2951 2219 6289 816 1674 1335 1959 1030 3078 6032 19542 636 2390 2135 1621 769 3642 3344 2209 1577 1405 18906
cat_boundaries=0 3 6 7 8 9 12 15 16 19 22 25
cat_threshold=2148270082 67108865 65536 33556672 538969088 8388616 2147745792 48 4 83886080 2147508816 6336514 134234240 8 16777473 4 0 8 16777216 67108864 2147483648 2138112 0 25297152 1048576
is_linear=0
shrinkage=0.05


Tree=41
num_leaves=31
num_cat=12
split_feature=25 18 20 3 18 11 11 25 18 25 25 25 18 20 20 23 25 3 2 18 25 23 12 25 25 3 25 10 3 10
split_gain=339.88 102.183 241.829 41.9105 29.5104 24.0197 18.1166 9.24411 8.20049 7.4794 7.17656 6.84126 2.74618 7.18037 2.59766 2.52657 1.45073 1.50592 1.35222 1.06998 1.24728 0.916745 0.754313 0.959224 0.628881 0.322039 0.316484 0.265845 0.184916 0.158713
threshold=0 68400.000000000015 93600.000000000015 19968.000000000004 55800.000000000007 117344.00000000001 168960.00000000003 1 166500.00000000003 2 3 4 31200.000000000004 42000.000000000007 84600.000000000015 5 6 769600.00000000012 74.000000000000014 19800.000000000004 7 8 84480.000000000015 9 10 15872.000000000002 11 0.29166666666666669 2570720.0000000005 3.5000000000000004
decision_type=9 2 2 2 2 2 2 9 2 9 9 9 2 2 2 9 9 2 2 2 9 9 2 9 9 2 9 2 2 2
left_child=1 10 3 15 14 8 9 -8 21 24 -1 18 -12 -14 19 -3 -16 -18 -10 27 -21 -4 23 -11 -6 -25 29 -2 -19 -24
right_child=4 2 5 -5 6 -7 7 -9 11 22 12 -13 13 -15 16 -17 17 28 -20 20 -22 -23 26 25 -26 -27 -28 -29 -30 -31
leaf_value=7.1112507592150003 -275.26796794250777 161.20115020731464 -138.39908736852195 39.078872785524439 1417.193046388973 688.64992756006404 222.45727474311425 332.73737565242703 575.70749349576511 -300.84978970596825 -416.5563618936045 3006.6258754394967 1.4401005438952781 -0.18142723940218275 -390.99435740586614 161.26563484233702 27.288658924965564 -145.27632188563462 -598.14890300694458 -363.11524500205309 -3.3136495385979603 -71.69297825314861 -318.14439634418886 43.323006704285582 -36.182557753568787 -7.4800564015196871 -241.11074485593599 -376.96796794250781 -178.85978777813799 -901.77685812998334
leaf_weight=260 319 303 606 360 1192 295 270 377 497 450 917 215 213 805 1114 2775 209 404 243 579 327 1456 1428 269 619 373 871 18658 217 285
leaf_count=260 319 303 606 360 1192 295 270 377 497 450 917 215 213 805 1114 2775 209 404 243 579 327 1456 1428 269 619 373 871 18658 217 285
internal_value=-0.00106156 0.00741599 0.010471 0.0197558 -0.00377525 0.000826794 -0.000712192 0.00718798 -0.000508448 -0.00164602 -0.00194584 0.00331766 -0.00299178 -0.00121569 -0.00463764 0.0216429 -0.00288798 -0.00124703 0.00093085 -0.0048084 -0.00311674 -0.00228198 -0.00293655 -0.0018373 0.00098464 -0.00055046 -0.00341067 -0.00488883 -0.00249599 -0.00383478
internal_weight=36906 8945 6750 3438 27961 3312 6134 647 3017 5487 2195 955 1935 1018 21827 3078 1944 830 740 19883 906 2062 3676 1092 1811 642 2584 18977 621 1713
internal_count=36906 8945 6750 3438 27961 3312 6134 647 3017 5487 2195 955 1935 1018 21827 3078 1944 830 740 19883 906 2062 3676 1092 1811 642 2584 18977 621 1713
cat_boundaries=0 2 5 8 9 11 12 15 18 19 22 24 27
cat_threshold=2165047298 67108865 0 2097152 8388608 2240 553648136 68165640 2147745792 2147483648 67108864 4 4096 524544 44081152 67108864 2149580800 2101248 4 0 2147500048 37752832 2240 536870912 0 2097152 27295746
is_linear=0
shrinkage=0.05


Tree=42
num_leaves=31
num_cat=12
split_feature=25 18 20 3 20 11 11 18 25 25 25 25 25 18 20 23 18 23 3 23 25 20 25 3 25 20 27 11 3 20
split_gain=333.334 103.973 243.725 41.8351 28.4401 23.6044 23.2175 7.83369 7.2783 7.19144 6.35829 5.87672 3.81159 2.8221 7.18037 2.50683 2.28418 1.33367 1.00427 0.92419 0.87402 0.761627 0.522044 0.44717 0.423745 0.674432 0.294912 0.387117 0.264358 0.255582
threshold=0 68400.000000000015 93600.000000000015 19968.000000000004 142200.00000000003 117344.00000000001 168960.00000000003 172650.00000000003 1 2 3 4 5 31200.000000000004 42000.000000000007 6 19800.000000000004 7 177040.00000000003 8 9 223200.00000000003 10 84480.000000000015 11 892800.00000000012 3.2769667020129059 161920.00000000003 2570720.0000000005 345300.00000000006
decision_type=9 2 2 2 2 2 2 2 9 9 9 9 9 2 2 9 2 9 2 9 9 2 9 2 9 2 8 2 2 2
left_child=1 8 3 15 16 7 9 19 -1 23 -8 17 -11 -10 -15 -3 22 -9 21 -4 -18 -14 -2 -6 29 -26 -22 -28 -20 -25
right_child=4 2 5 -5 6 -7 10 11 13 12 -12 -13 18 14 -16 -17 20 -19 28 -21 26 -23 -24 24 25 -27 27 -29 -30 -31
leaf_value=6.7556882212542408 -212.03178679077669 153.1410926969489 -131.31913228245577 37.124929146248178 -295.49318055004551 654.21743118206075 234.25441647051196 -242.52679676161549 -395.72854379892436 876.26280510249353 1201.8759077410898 2856.3245813885719 -6.3560602333222054 1.3680955167004869 -0.17235587743198266 153.20235310022036 -4.8693999448192704 547.25211941225427 -259.68240401020415 -68.108329340491039 -338.15948343144339 2081.65338240142 -357.48959183036698 -158.66492576355341 -433.99304349477791 -330.42469003813238 -27.812438023171126 -235.57965214667104 -17.467327963117715 -137.22456923548654
leaf_weight=260 386 303 609 360 535 295 262 438 966 208 232 235 1365 213 805 2775 343 302 385 1456 286 268 18695 662 2409 226 740 425 229 233
leaf_count=260 386 303 609 360 535 295 262 438 966 208 232 235 1365 213 805 2775 343 302 385 1456 286 268 18695 662 2409 226 740 425 229 233
internal_value=-0.0010453 0.0073059 0.0104037 0.0197413 -0.003747 0.00077165 -0.000993445 -0.000542408 -0.00201247 -0.00178626 0.00943548 0.00314739 0.000354681 -0.00304108 -0.00121569 0.0216266 -0.0046738 0.000864361 -0.000258965 -0.00228592 -0.00296214 0.000388378 -0.00483441 -0.00307211 -0.00328426 -0.0036173 -0.00348941 -0.0031491 -0.00198052 -0.00223264
internal_weight=36906 9017 6773 3438 27889 3335 7014 3040 2244 6520 494 975 2455 1984 1018 3078 20875 740 2247 2065 1794 1633 19081 4065 3530 2635 1451 1165 614 895
internal_count=36906 9017 6773 3438 27889 3335 7014 3040 2244 6520 494 975 2455 1984 1018 3078 20875 740 2247 2065 1794 1633 19081 4065 3530 2635 1451 1165 614 895
cat_boundaries=0 3 4 7 10 12 15 16 17 18 21 24 27
cat_threshold=2148270082 67108865 32768 2147745792 16777216 3809352 62992546 0 2097152 8388608 2147483648 67108864 0 2684354560 2097153 4 4 4 33554432 8520712 33554432 20608 8200 16843016 0 1048648 8388736
is_linear=0
shrinkage=0.05


Tree=43
num_leaves=31
num_cat=11
split_feature=25 18 20 3 11 18 11 25 25 2 25 18 25 18 20 23 2 11 11 25 25 3 11 25 25 11 18 23 11 20
split_gain=334.687 103.524 242.665 41.8351 27.9891 27.4988 17.5061 9.62479 7.2269 6.66297 6.47761 2.76184 6.87984 2.7159 7.23585 2.50683 1.52666 1.12055 0.955002 1.34684 0.729107 0.819051 0.679112 0.530671 0.42693 0.573526 0.406024 0.66229 0.310255 0.459358
threshold=0 68400.000000000015 93600.000000000015 19968.000000000004 117344.00000000001 44100.000000000007 168960.00000000003 1 2 1.5000000000000002 3 9900.0000000000018 4 31200.000000000004 42000.000000000007 5 1.5000000000000002 156800.00000000003 79936.000000000015 6 7 15872.000000000002 359200.00000000006 8 9 84480.000000000015 172650.00000000003 10 91080.000000000015 345300.00000000006
decision_type=9 2 2 2 2 2 2 9 9 2 9 2 9 2 2 9 2 2 2 9 9 2 2 9 9 2 2 9 2 2
left_child=1 8 3 15 9 11 10 -8 -1 -4 18 -2 22 -10 -15 -3 17 -14 -7 -20 -12 -22 -13 28 -23 -26 27 -11 29 -18
right_child=5 2 4 -5 -6 6 7 -9 13 26 20 12 16 14 -16 -17 23 -19 19 -21 21 24 -24 -25 25 -27 -28 -29 -30 -31
leaf_value=6.4179038101914561 -336.14508995386404 145.48403806210118 520.67951259287076 35.268682688935954 621.50538958241577 -31.504126168533549 127.67280770531286 327.87949004934347 -375.94211660897821 -124.14817945799624 -284.47607109346654 -360.88127252948772 66.774006183938312 1.2996907408654808 -0.16373808356038355 145.54223544520937 -3.2818494373265823 -109.83134962492159 -47.591549217240598 832.99966484736944 56.011515463330944 -1379.3663717982497 -323.77170823991224 8.0226635161532993 -5.918247465568129 -373.54822379921973 -84.954579965126328 -65.977907526929997 -194.75687234315765 -141.62301365255874
leaf_weight=260 15297 303 713 360 305 1125 330 317 929 542 2065 4543 251 213 817 2775 225 201 287 399 241 200 242 235 307 942 280 1416 354 432
leaf_count=260 15297 303 713 360 305 1125 330 317 929 542 2065 4543 251 213 817 2775 225 201 287 399 241 200 242 235 307 942 280 1416 354 432
internal_value=-0.00106156 0.00737087 0.0104809 0.0197413 0.000696745 -0.00374808 -0.000814965 0.00695686 -0.00197884 -0.000797495 -0.00172055 -0.00458636 -0.00371858 -0.00301624 -0.00125969 0.0216266 -0.000959066 0.00151982 0.000737794 0.0022093 -0.00290019 -0.00208578 -0.00468522 -0.00186699 -0.00254652 -0.00213719 -0.00213839 -0.00239286 -0.00235093 -0.00172231
internal_weight=36906 8913 6694 3438 3256 27993 6213 647 2219 2951 5566 21780 6483 1959 1030 3078 1698 452 1811 686 3755 1690 4785 1246 1449 1249 2238 1958 1011 657
internal_count=36906 8913 6694 3438 3256 27993 6213 647 2219 2951 5566 21780 6483 1959 1030 3078 1698 452 1811 686 3755 1690 4785 1246 1449 1249 2238 1958 1011 657
cat_boundaries=0 3 6 7 10 13 14 17 20 23 26 27
cat_threshold=2148270082 67108865 65536 0 16384 2105376 2147745792 2240 553648136 68165640 604110848 2686976000 2142209 4 0 8 68157440 16777216 2147639824 14684162 135266308 1032 41943040 0 0 16809984 4
is_linear=0
shrinkage=0.05


Tree=44
num_leaves=31
num_cat=11
split_feature=25 18 20 3 18 11 25 11 25 2 25 18 18 20 23 25 11 25 20 3 25 18 23 18 25 18 11 18 25 20
split_gain=330.92 100.501 250.501 38.1301 27.1965 24.4168 12.1312 12.3203 7.12461 6.49591 3.57508 3.56757 2.78264 7.12843 2.50683 2.05169 1.90649 1.51101 1.4782 0.670252 0.42362 0.406024 0.66229 0.329299 2.88568 0.747097 0.236667 0.274179 0.301951 0.166405
threshold=0 68400.000000000015 93600.000000000015 19968.000000000004 19800.000000000004 117344.00000000001 1 101200.00000000001 2 1.5000000000000002 3 190800.00000000003 31200.000000000004 42000.000000000007 4 5 91080.000000000015 6 16200.000000000002 15872.000000000002 7 172650.00000000003 8 9900.0000000000018 9 13500.000000000002 359200.00000000006 84600.000000000015 10 124800.00000000001
decision_type=9 2 2 2 2 2 9 2 9 2 9 2 2 2 9 9 2 9 2 2 9 2 9 2 9 2 2 2 9 2
left_child=1 8 3 14 17 9 7 10 12 -4 -6 15 -1 -14 -3 26 -12 18 -2 -17 -21 22 -11 -19 -25 -26 27 -8 -29 -22
right_child=4 2 5 -5 6 -7 11 -9 -10 21 16 -13 13 -15 -16 19 -18 23 -20 20 29 -23 -24 24 25 -27 -28 28 -30 -31
leaf_value=-357.1450107785293 -251.48277816125119 138.20983615899604 494.64553696322696 245.58684228255444 794.99968160500146 590.43129014383601 -305.50744495390381 172.56289942558797 6.1720085660377668 -117.94077048509644 -31.734996280922754 822.37205897552565 1.2347062038221339 -0.15555117938238255 138.26512367294927 57.170900293878368 -11.508012033281558 -319.48783545617084 25.727583613020297 -256.50926028641328 -130.55670191220446 -80.706850966870121 -62.679012150583368 -342.78720890301338 -178.78904023446458 24.097976755268007 -339.24972732310476 -30.047666385030812 -512.70479846632225 -145.75320830095421
leaf_weight=911 223 303 713 267 212 295 1147 490 275 542 1485 257 213 794 2775 255 292 15133 236 596 262 280 1416 3436 219 309 298 297 1616 1359
leaf_count=911 223 303 713 267 212 295 1147 490 275 542 1485 257 213 794 2775 255 292 15133 236 596 262 280 1416 3436 219 309 298 297 1616 1359
internal_value=-0.00110085 0.00736471 0.0104573 0.0200553 -0.00374671 0.000560344 -0.00139823 0.00154757 -0.0018975 -0.000814427 -0.000198394 -0.00259633 -0.00297409 -0.00117443 0.0216266 -0.00285494 -0.000941868 -0.00477707 -0.00179406 -0.00173511 -0.00202118 -0.00213839 -0.00239286 -0.0048451 -0.00443016 -0.000907409 -0.00366172 -0.0038047 -0.0034282 -0.00156461
internal_weight=36906 8784 6591 3345 28122 3246 8566 2479 2193 2951 1989 6087 1918 1007 3078 5830 1777 19556 459 2472 2217 2238 1958 19097 3964 528 3358 3060 1913 1621
internal_count=36906 8784 6591 3345 28122 3246 8566 2479 2193 2951 1989 6087 1918 1007 3078 5830 1777 19556 459 2472 2217 2238 1958 19097 3964 528 3358 3060 1913 1621
cat_boundaries=0 2 5 7 10 11 14 17 20 21 24 27
cat_threshold=2148270080 67108865 33556672 564135168 76546056 0 67108865 2112 536870912 8 4 83886082 2147500544 6402050 16384 8 16777472 4 1056784 16777473 4 537001984 2684354816 8193 67108864 2147483648 2203648
is_linear=0
shrinkage=0.05


Tree=45
num_leaves=31
num_cat=11
split_feature=25 20 18 3 20 11 2 11 25 25 18 25 18 20 25 25 23 18 25 25 2 2 12 23 18 18 25 11 18 3
split_gain=339.683 99.8799 239.838 40.1631 27.6346 23.2903 22.5208 17.0828 9.84057 7.24978 7.08264 7.00374 4.22711 5.64487 3.28511 3.04577 2.36445 1.36226 1.6742 1.2547 1.23552 1.2006 0.660781 0.59619 0.510936 0.417298 3.25809 1.09765 0.395241 0.64646
threshold=0 124800.00000000001 84600.000000000015 19968.000000000004 84600.000000000015 117344.00000000001 7.5000000000000009 168960.00000000003 1 2 172650.00000000003 3 31200.000000000004 42000.000000000007 4 5 6 19800.000000000004 7 8 74.000000000000014 3.5000000000000004 84480.000000000015 9 9900.0000000000018 9900.0000000000018 10 117344.00000000001 44100.000000000007 168960.00000000003
decision_type=9 2 2 2 2 2 2 2 9 9 2 9 2 2 9 9 9 2 9 9 2 2 2 9 2 2 9 2 2 2
left_child=1 2 11 6 17 10 -4 9 -9 15 23 12 -1 -14 20 -6 -8 25 -19 28 -12 -21 -17 -3 -23 -2 -27 -28 -11 -30
right_child=4 5 3 -5 7 -7 16 8 -10 19 14 -13 13 -15 -16 22 -18 18 -20 21 -22 24 -24 -25 -26 26 27 -29 29 -31
leaf_value=-339.2877602396029 -303.36344368336233 -112.64372818190714 130.54823445582517 24.242337328987198 751.04969752475154 560.90972561572244 131.30934471105866 75.471061439038365 313.26790041108035 -283.6980409257626 468.79326037255817 6.0734091176362206 1.1729708936310999 -0.1477736204131361 924.60393669242205 -48.262394450395369 131.35186748930209 -289.95207772968809 -3.1459642934860614 -13.277840937192805 -587.32099228061054 -308.19806672002028 1852.6932124870477 -59.605061557359299 -197.97043953789262 -325.74784845786269 34.790332156221403 -159.93247922786705 -208.25258976217339 -28.067110376834172
leaf_weight=905 15048 618 208 334 202 301 290 315 309 702 497 294 213 794 303 1317 2616 603 340 615 243 202 206 1420 1757 3329 333 267 2004 321
leaf_count=905 15048 618 208 334 202 301 290 315 309 702 497 294 213 794 303 1317 2616 603 340 615 243 202 206 1420 1757 3329 333 267 2004 321
internal_value=-0.00101144 0.00740716 0.0114798 0.019713 -0.00374256 0.000617611 0.0214795 -0.00125126 0.00667732 -0.00192822 -0.000682778 -0.00139493 -0.0025 -0.000282459 0.00266507 0.000906735 0.0226169 -0.00473848 -0.00287302 -0.00279797 0.000797871 -0.00196056 0.00012052 -0.00239706 -0.00257267 -0.00483087 -0.00436149 -0.000898694 -0.00349951 -0.0031908
internal_weight=36906 9036 5654 3448 27870 3382 3114 7950 624 7326 3081 2206 1912 1007 1043 1725 2906 19920 943 5601 740 2574 1523 2038 1959 18977 3929 600 3027 2325
internal_count=36906 9036 5654 3448 27870 3382 3114 7950 624 7326 3081 2206 1912 1007 1043 1725 2906 19920 943 5601 740 2574 1523 2038 1959 18977 3929 600 3027 2325
cat_boundaries=0 2 5 8 10 12 15 16 19 22 23 25
cat_threshold=2150367234 67108865 0 16384 2105376 2240 2709520384 68157705 0 67108865 2147483648 67108864 2048 2684354560 257 4 67108864 2149581312 2101248 16781312 548880 14790658 4 537001984 536870912
is_linear=0
shrinkage=0.05


Tree=46
num_leaves=31
num_cat=10
split_feature=25 20 18 3 18 11 2 25 11 25 18 18 20 25 2 18 25 23 11 25 20 2 11 24 25 18 25 18 20 10
split_gain=339.632 99.254 239.838 40.1631 27.8701 23.2767 22.5208 9.85105 9.38989 7.00374 6.01146 4.22711 5.64487 3.58491 2.92196 2.86764 2.8353 2.36445 1.7228 1.50827 1.4782 1.00907 0.560301 0.552673 0.536955 0.346181 2.97978 0.814157 0.289897 0.244558
threshold=0 124800.00000000001 84600.000000000015 19968.000000000004 19800.000000000004 117344.00000000001 7.5000000000000009 1 101200.00000000001 2 172650.00000000003 31200.000000000004 42000.000000000007 3 74.000000000000014 190800.00000000003 4 5 91080.000000000015 6 16200.000000000002 3.5000000000000004 62768.000000000007 7 8 9900.0000000000018 9 13500.000000000002 979200.00000000012 25.500000000000004
decision_type=9 2 2 2 2 2 2 9 2 9 2 2 2 9 2 2 9 9 2 9 2 2 2 9 9 2 9 2 2 2
left_child=1 2 9 6 19 10 -4 8 13 11 23 -1 -13 -6 -12 16 29 -8 -15 20 -2 22 -18 -3 -23 -21 -27 -28 -26 -9
right_child=4 5 3 -5 7 -7 17 15 -10 -11 14 12 -14 18 -16 -17 21 -19 -20 25 -22 24 -24 -25 28 26 27 -29 -30 -31
leaf_value=-322.32337222762271 -228.17388880537493 -56.624808479491186 124.02082273303387 23.030220462537546 717.69721264851398 532.8642393349362 124.74387747550573 -316.64319775788158 149.39633395276906 5.7697386617544915 446.62359717988443 1.1143223489494631 -0.14038493939260663 -33.972662039466535 -557.95494266657988 780.58607970661569 50.926286653188441 124.78427411483717 -0.51998194350890115 -288.34527149919421 18.230928103890601 -240.88685811564866 -45.064871511863025 -107.0115417728117 -352.6810032370409 -309.36045603496956 -164.32297219353416 26.547348340710119 -21.842876723909008 -49.242119309684497
leaf_weight=905 223 1420 208 334 212 301 290 3164 476 294 643 213 794 1353 243 257 270 2616 292 15131 236 233 763 618 929 3429 223 312 236 288
leaf_count=905 223 1420 208 334 212 301 290 3164 476 294 643 213 794 1353 243 257 270 2616 292 15131 236 233 763 618 929 3429 223 312 236 288
internal_value=-0.00103582 0.00748003 0.0114798 0.019713 -0.00373533 0.000488068 0.0214795 -0.001341 0.00142217 -0.00139493 -0.000878333 -0.0025 -0.000282459 -0.000180206 0.00255631 -0.00238947 -0.00261937 0.0226169 -0.000980689 -0.00477449 -0.00179406 -0.00129145 -0.000111112 -0.00237255 -0.00217143 -0.00484247 -0.00441755 -0.000868374 -0.001678 -0.00353926
internal_weight=36906 8879 5654 3448 28027 3225 3114 8473 2333 2206 2924 1912 1007 1857 886 6140 5883 2906 1645 19554 459 2431 1033 2038 1398 19095 3964 535 1165 3452
internal_count=36906 8879 5654 3448 28027 3225 3114 8473 2333 2206 2924 1912 1007 1857 886 6140 5883 2906 1645 19554 459 2431 1033 2038 1398 19095 3964 535 1165 3452
cat_boundaries=0 2 5 7 10 13 14 17 18 21 24
cat_threshold=2148270082 67108865 2240 555746560 75497480 0 67108865 2112 536870912 8 83886080 2147508752 4304898 4 16384 8 16777472 16 0 8 16777217 537001984 2684354816 1025
is_linear=0
shrinkage=0.05


Tree=47
num_leaves=31
num_cat=11
split_feature=25 20 18 3 20 11 2 11 25 25 25 25 18 18 20 25 2 23 25 9 20 3 20 25 18 25 24 18 3 3
split_gain=334.304 98.4158 239.838 40.1631 25.3362 23.113 22.5208 12.3743 7.00374 6.93064 6.88032 6.79723 6.02931 4.22711 5.64487 3.07862 2.73858 2.36445 1.74537 1.05824 1.03693 0.779064 0.604083 0.994152 0.600661 0.556506 0.526176 0.457567 0.636043 0.735351
threshold=0 124800.00000000001 84600.000000000015 19968.000000000004 84600.000000000015 117344.00000000001 7.5000000000000009 168960.00000000003 1 2 3 4 172650.00000000003 31200.000000000004 42000.000000000007 5 74.000000000000014 6 7 5.5000000000000009 252000.00000000003 168960.00000000003 345300.00000000006 8 13500.000000000002 9 10 111600.00000000001 168960.00000000003 84480.000000000015
decision_type=9 2 2 2 2 2 2 2 9 9 9 9 2 2 2 9 2 9 9 2 2 2 2 9 2 9 9 2 2 2
left_child=1 2 8 6 11 12 -4 10 13 -9 15 21 26 -1 -15 -6 -14 -8 27 22 -17 -2 23 -20 -21 -26 -3 -12 29 -29
right_child=4 5 3 -5 7 -7 17 9 -10 -11 18 -13 16 14 -16 20 -18 -19 19 24 -22 -23 -24 -25 25 -27 -28 28 -30 -31
leaf_value=-306.20720361624154 2.8919905665759416 -53.793568055516516 117.81978159638238 21.878709439410887 678.16235201608799 506.22102736818897 118.50668360173077 57.437423862983024 5.4812517286667575 313.43666527841998 -18.142721400553274 -289.62945696256014 424.29241732088997 1.0586062315020173 -0.13336569242310362 -50.04040274002255 -530.05719553325105 118.54506040909547 -49.522629229048839 -254.28423525168074 2659.8157416371282 -178.5729574887464 -107.12142845171566 45.446386021904274 -1087.0937490472611 -253.85279780395581 -101.66096468417128 -65.680077268533566 -23.851649798498695 -495.8198446968172
leaf_weight=905 634 1420 208 334 204 301 290 315 294 309 1010 18922 643 213 794 1197 243 2616 555 248 206 364 410 523 209 855 618 236 256 1574
leaf_count=905 634 1420 208 334 204 301 290 315 294 309 1010 18922 643 213 794 1197 243 2616 555 248 206 364 410 523 209 855 618 236 256 1574
internal_value=-0.000951827 0.00749691 0.0114798 0.019713 -0.00363012 0.000534551 0.0214795 -0.00127451 -0.00139493 0.00547923 -0.00183901 -0.0045904 -0.000827069 -0.0025 -0.000282459 0.00105929 0.00261261 0.0226169 -0.00262908 -0.00170697 0.000201412 -0.000534655 -0.000798659 -0.000175927 -0.00274734 -0.00222327 -0.00232353 -0.00345855 -0.00303675 -0.00336645
internal_weight=36906 8879 5654 3448 28027 3225 3114 8107 2206 624 7483 19920 2924 1912 1007 1607 886 2906 5876 2800 1403 998 1488 1078 1312 1064 2038 3076 2066 1810
internal_count=36906 8879 5654 3448 28027 3225 3114 8107 2206 624 7483 19920 2924 1912 1007 1607 886 2906 5876 2800 1403 998 1488 1078 1312 1064 2038 3076 2066 1810
cat_boundaries=0 2 4 7 10 13 16 17 20 22 25 26
cat_threshold=2148270082 67108865 0 67108865 0 16384 2105376 2240 2701131776 69206312 33570816 4194304 25190400 2048 2684354560 2097408 4 16781312 2646016 12693507 136314880 80 0 131072 50331648 16
is_linear=0
shrinkage=0.05


Tree=48
num_leaves=31
num_cat=11
split_feature=25 18 20 3 11 20 25 11 2 25 23 25 18 23 25 18 18 25 25 18 10 18 18 20 25 2 11 23 2 18
split_gain=341.301 111.974 236.27 40.1992 30.1586 23.6776 8.88601 6.38839 5.89516 5.60235 4.8591 2.92809 2.51355 2.50683 2.46611 1.71302 6.05561 3.73735 1.46465 1.86561 0.834675 0.615027 0.562702 0.55101 0.971075 0.526401 0.515432 0.436879 0.368085 0.355238
threshold=0 68400.000000000015 93600.000000000015 19968.000000000004 117344.00000000001 84600.000000000015 1 102628.57142857143 1.5000000000000002 2 3 4 190800.00000000003 5 6 29400.000000000004 34200.000000000007 7 8 6300.0000000000009 3.5000000000000004 13500.000000000002 172650.00000000003 345300.00000000006 9 3.5000000000000004 156800.00000000003 10 19.500000000000004 111600.00000000001
decision_type=9 2 2 2 2 2 9 2 2 9 9 9 2 9 9 2 2 9 9 2 2 2 2 2 9 2 2 9 2 2
left_child=1 9 3 13 8 18 7 11 -4 -1 -5 25 14 -3 29 17 -17 -11 -2 -20 23 -22 27 24 -16 -7 -21 -10 -23 -8
right_child=5 2 4 10 -6 6 12 -9 22 15 -12 -13 -14 -15 20 16 -18 -19 19 26 21 28 -24 -25 -26 -27 -28 -29 -30 -31
leaf_value=4.9221882159772576 -277.77164833335604 112.57134906163192 402.93779722016916 20.784773967440561 481.15997602070132 -34.178567589612797 -229.15894855925941 116.57467908455438 -95.862917006670259 0.49133137134705723 210.84993110867583 647.90423441528401 741.12360154543694 112.61780738864036 -52.456545632510462 1.0056759199269436 -0.1266974078018393 -290.89684343542939 -242.3934062569767 14.926593530836023 -263.4151022029759 -599.61208076385958 -7.8722493308591144 -101.62035699455919 30.492087572276702 -769.82006946714557 -143.5194035659562 -51.04388963843558 -236.55425569615937 -376.19901120583472
leaf_weight=260 18324 303 717 245 337 1127 972 294 543 658 240 266 257 2775 625 218 833 914 466 248 221 310 292 409 532 277 235 1416 799 1793
leaf_count=260 18324 303 717 245 337 1127 972 294 543 658 240 266 257 2775 625 218 833 914 466 248 221 310 292 409 532 277 235 1416 799 1793
internal_value=-0.000905767 0.00711308 0.010591 0.0195189 0.000960083 -0.00378676 -0.00147895 0.00143219 -0.0006532 -0.00114905 0.00610883 0.000239233 -0.00244351 0.0216266 -0.00266732 -0.0018463 -0.00028965 -0.00289708 -0.0047323 -0.00270031 -0.00162655 -0.00255255 -0.00191079 -0.000848215 -0.000289043 -0.000685029 -0.000546393 -0.00221571 -0.00206571 -0.00373605
internal_weight=36906 9751 6868 3563 3305 27155 7882 1964 2968 2883 485 1670 5918 3078 5661 2623 1051 1572 19273 949 2896 1330 2251 1566 1157 1404 483 1959 1109 2765
internal_count=36906 9751 6868 3563 3305 27155 7882 1964 2968 2883 485 1670 5918 3078 5661 2623 1051 1572 19273 949 2896 1330 2251 1566 1157 1404 483 1959 1109 2765
cat_boundaries=0 3 6 7 8 11 12 15 18 21 24 25
cat_threshold=2148270082 67108865 8388608 2240 2686451712 67108872 2147745792 4 128 2097152 67108864 4 16781312 17326080 6403331 0 0 8388608 873595204 2695890240 35655969 136314880 80 32 4
is_linear=0
shrinkage=0.05


Tree=49
num_leaves=31
num_cat=11
split_feature=25 20 18 3 20 2 11 11 25 25 25 18 25 18 20 25 23 2 18 20 18 25 25 10 18 25 3 24 10 11
split_gain=331.952 97.9784 239.508 40.8257 24.6299 22.5208 22.4826 9.85976 7.00374 6.8462 6.50293 6.10729 5.24738 4.22711 5.64487 3.28522 2.36445 2.32627 1.81112 0.874016 0.741146 1.12558 0.708473 0.907978 0.738803 0.621311 0.494558 0.723801 0.453588 0.305002
threshold=0 124800.00000000001 84600.000000000015 19968.000000000004 84600.000000000015 7.5000000000000009 117344.00000000001 168960.00000000003 1 2 3 172650.00000000003 4 31200.000000000004 42000.000000000007 5 6 74.000000000000014 6300.0000000000009 979200.00000000012 19800.000000000004 7 8 1.0714285714285716 87300.000000000015 9 10752.000000000002 10 0.29166666666666669 168960.00000000003
decision_type=9 2 2 2 2 2 2 2 9 9 9 2 9 2 2 9 9 2 2 2 2 9 9 2 2 9 2 9 2 2
left_child=1 2 8 5 9 -4 11 10 13 18 19 26 -9 -1 -15 -12 -7 -13 -2 22 28 -22 23 -6 -25 -17 27 -3 -11 -20
right_child=4 6 3 -5 7 16 -8 12 -10 20 15 17 -14 14 -16 25 -18 -19 29 -21 21 -23 -24 24 -26 -27 -28 -29 -30 -31
leaf_value=-276.352001263658 -277.71799707992983 -42.536693069159085 106.2979021471314 19.745535269068206 -76.516994234679402 106.95278196856235 456.85197719874532 292.5360958310572 4.9610797314346202 -156.63795377881394 611.8590226945206 382.94090735916109 27.012423529732043 0.95539212393050554 -0.12036253741171095 -40.242735531507734 106.98691701920835 -503.16072329004567 2.952825978869396 -113.05715613862412 -232.11730044118332 -141.0456951653625 -167.68373539792248 -306.7665864751043 -361.7173324774663 21.371955889646937 -1204.3069675309409 -91.734770504261917 -264.69373783460009 -104.7465395064342
leaf_weight=905 200 1248 208 334 413 290 301 283 294 314 238 643 341 213 794 920 2616 243 690 388 452 309 2928 310 710 1576 252 538 17747 208
leaf_count=905 200 1248 208 334 413 290 301 283 294 314 238 643 341 213 794 920 2616 243 690 388 452 309 2928 310 710 1576 252 538 17747 208
internal_value=-0.000922024 0.00749691 0.011471 0.0196985 -0.00359089 0.0214795 0.000550045 -0.00126835 -0.00139493 -0.0045377 -0.00177221 -0.000792893 0.00476038 -0.0025 -0.000282459 0.000174799 0.0226169 0.00266892 -0.000666668 -0.002887 -0.00476054 -0.00321756 -0.00309535 -0.00212111 -0.00293542 -0.000370815 -0.00229902 -0.00200224 -0.00482783 0.000288888
internal_weight=36906 8879 5654 3448 28027 3114 3225 8107 2206 19920 7483 2924 624 1912 1007 2734 2906 886 1098 4749 18822 761 4361 1433 1020 2496 2038 1786 18061 898
internal_count=36906 8879 5654 3448 28027 3114 3225 8107 2206 19920 7483 2924 624 1912 1007 2734 2906 886 1098 4749 18822 761 4361 1433 1020 2496 2038 1786 18061 898
cat_boundaries=0 2 4 7 10 13 16 17 20 23 26 27
cat_threshold=2148270082 67108865 0 67108865 33570816 12582916 25190400 17825792 3825664 65123490 0 2149580800 8388608 6144 2684354560 9 4 67108864 2147483648 4096 0 3276800 50331776 69206016 16777304 256 16
is_linear=0
shrinkage=0.05


Tree=50
num_leaves=31
num_cat=11
split_feature=25 18 20 2 11 18 2 25 18 25 25 25 18 23 25 18 18 25 11 23 20 11 10 20 25 23 20 18 12 2
split_gain=351.153 115.952 242.76 40.9953 31.6894 24.7685 10.857 8.14302 7.35751 7.26274 5.98186 4.68573 2.67338 2.46126 2.30935 1.77773 6.05561 3.74262 1.50928 1.48114 1.0289 0.73286 0.705352 0.852901 0.696931 0.691092 0.302057 0.258231 0.452004 0.246396
threshold=0 68400.000000000015 93600.000000000015 15.500000000000002 117344.00000000001 19800.000000000004 7.5000000000000009 1 166500.00000000003 2 3 4 190800.00000000003 5 6 29400.000000000004 34200.000000000007 7 97652.000000000015 8 16200.000000000002 84480.000000000015 1.0714285714285716 979200.00000000012 9 10 345300.00000000006 55800.000000000007 229376.00000000003 3.5000000000000004
decision_type=9 2 2 2 2 2 2 9 2 9 9 9 2 9 9 2 2 9 2 9 2 2 2 2 9 9 2 2 2 2
left_child=1 7 3 6 8 14 -3 -1 25 12 -10 -11 24 -8 20 17 -17 -9 21 -12 -2 26 -23 -24 29 -4 -13 -26 -29 -7
right_child=5 2 4 -5 -6 9 13 15 10 11 19 18 -14 -15 -16 16 -18 -19 -20 -21 -22 22 23 -25 27 -27 -28 28 -30 -31
leaf_value=4.3651889390020511 -169.70397621528852 100.03300703977511 -87.313031338894874 18.758258505614503 434.25937835973019 -107.94853958245558 101.6051428701343 0.3191235038362738 2533.7071670491382 584.55105058730408 -291.88403379337905 21.498717672659307 706.9188930270725 101.63757116824782 -249.62326576770866 0.90762251773394387 -0.11434441054116179 -262.53440120047509 49.709158110494904 362.84386199120348 4.8177261380955656 -32.403204369793549 -731.31316702128208 -116.89308260413992 -231.77639620284418 -45.089865849592393 -287.68893188234233 -484.31468352463753 -105.86377834987289 -417.84053218524798
leaf_weight=284 288 324 607 334 347 639 291 658 238 242 454 1494 255 2614 18314 218 833 963 558 302 317 417 374 201 1269 1456 207 1610 328 470
leaf_count=284 288 324 607 334 347 639 291 658 238 242 454 1494 255 2614 18314 218 833 963 558 302 317 417 374 201 1269 1456 207 1610 328 470
internal_value=-0.00077165 0.00726573 0.0107928 0.0199116 0.00124192 -0.00372903 0.0216357 -0.00102434 -0.000387383 -0.00140962 0.00314257 0.000309557 -0.00271765 0.0226092 -0.00471936 -0.00188525 -0.00028965 -0.00292976 -0.000200737 0.000872395 -0.00158023 -0.000692023 -0.00177062 -0.00290295 -0.0030176 -0.00208959 -6.16571e-05 -0.00339702 -0.00303608 -0.00186887
internal_weight=36906 9923 6967 3563 3404 26983 3229 2956 3057 8064 994 3493 4571 2905 18919 2672 1051 1621 3251 756 605 2693 992 575 4316 2063 1701 3207 1938 1109
internal_count=36906 9923 6967 3563 3404 26983 3229 2956 3057 8064 994 3493 4571 2905 18919 2672 1051 1621 3251 756 605 2693 992 575 4316 2063 1701 3207 1938 1109
cat_boundaries=0 3 6 9 12 15 16 19 22 23 26 27
cat_threshold=2148270082 67108865 8486912 2147745792 0 65536 83886084 2147508816 23081379 786432 1 32768 33556544 536871936 8 4 134234112 8388620 16777224 0 0 8388608 4 0 80 16777376 4
is_linear=0
shrinkage=0.05


Tree=51
num_leaves=31
num_cat=13
split_feature=25 20 20 2 11 20 2 25 25 18 24 2 24 23 25 11 25 18 25 18 20 25 10 23 18 18 20 25 18 25
split_gain=344.735 111.905 250.32 42.1018 31.6929 25.076 10.857 6.66703 5.35532 5.2246 4.76398 6.45086 3.35875 2.46126 2.26163 2.18254 3.48848 2.03374 1.95568 1.62168 5.06673 3.88724 0.768169 0.562796 0.561303 0.509616 0.447352 0.964256 0.423698 0.601512
threshold=0 68400.000000000015 93600.000000000015 15.500000000000002 117344.00000000001 84600.000000000015 7.5000000000000009 1 2 172650.00000000003 3 98.000000000000014 4 5 6 102628.57142857143 7 6300.0000000000009 8 27000.000000000004 33000.000000000007 9 3.5000000000000004 10 111600.00000000001 13500.000000000002 345300.00000000006 11 19800.000000000004 12
decision_type=9 2 2 2 2 2 2 9 9 2 9 2 9 9 9 2 9 2 9 2 2 9 2 9 2 2 2 9 2 9
left_child=1 8 3 6 9 14 -3 15 -1 23 11 -11 18 -8 17 16 -7 -2 24 21 -21 -10 26 -4 -9 -24 27 -20 -16 -30
right_child=5 2 4 -5 -6 7 13 12 19 10 -12 -13 -14 -15 28 -17 -18 -19 22 20 -22 -23 25 -25 -26 -27 -28 -29 29 -31
leaf_value=4.1947662979127927 -259.38501970792976 95.031356687786328 -82.947379771950011 17.820345580334106 412.54348439339083 552.0385190304296 96.524885726627701 -262.18284179310211 2.4892285047340921 2407.1268084952171 -109.63108907296993 7.7078646592446605 1073.0875257492874 96.55569260983539 -238.10652778830988 85.308677396657004 -51.379891666929325 6.6915847581062735 -42.424154595187069 0.86224139184723758 -0.10862719001415827 -249.40768114045133 -217.10892092538936 -42.83537255711272 -367.44893388696084 -312.54914070668241 -89.988826158060292 30.939292059869913 -208.92261560898197 -136.47886831261931
leaf_weight=253 279 324 663 339 366 224 291 892 614 204 544 220 200 2614 17840 324 1555 381 625 240 804 919 208 1456 1688 1089 456 533 452 309
leaf_count=253 279 324 663 339 366 224 291 892 614 204 544 220 200 2614 17840 324 1555 381 625 240 804 919 208 1456 1688 1089 456 533 452 309
internal_value=-0.000800099 0.00720318 0.0105931 0.0198767 0.00099421 -0.00371578 0.0216357 -0.00132376 -0.00118291 -0.00065879 0.00238144 0.00626147 -0.00221024 0.0226092 -0.00468541 0.00108038 0.000395844 -0.00171131 -0.00244503 -0.00186752 -0.00035373 -0.0029088 -0.00154123 -0.00204856 -0.00345293 -0.00245189 -0.000816833 -0.000293105 -0.00478725 -0.00361075
internal_weight=36906 9851 7021 3568 3453 27055 3229 7794 2830 3087 968 424 5691 2905 19261 2103 1779 660 5491 2577 1044 1533 2911 2119 2580 1297 1614 1158 18601 761
internal_count=36906 9851 7021 3568 3453 27055 3229 7794 2830 3087 968 424 5691 2905 19261 2103 1779 660 5491 2577 1044 1533 2911 2119 2580 1297 1614 1158 18601 761
cat_boundaries=0 3 6 7 8 9 10 13 16 19 22 23 26 29
cat_threshold=2165047298 67108865 8454144 2240 2694840320 69206024 2147745792 48 24 4 33570816 12582924 16801800 2048 2684354560 2097160 4096 548864 4240387 0 0 8388608 4 136314880 80 32 67108864 2147483648 4096
is_linear=0
shrinkage=0.05


Tree=52
num_leaves=31
num_cat=9
split_feature=25 18 20 3 25 11 18 18 2 25 25 18 18 2 11 20 23 18 3 18 20 25 10 25 20 20 20 23 25 20
split_gain=328.976 99.8355 242.625 41.9234 23.0698 22.0687 9.52458 6.16997 6.01591 5.94021 4.01188 3.87785 5.65565 3.50573 1.50442 4.7652 1.43337 1.38848 1.73068 1.09166 0.937734 0.961157 0.836421 0.745943 0.585726 0.563757 0.511343 0.504125 0.457959 0.401309
threshold=0 84600.000000000015 93600.000000000015 19968.000000000004 1 117344.00000000001 22500.000000000004 6300.0000000000009 1.5000000000000002 2 3 29400.000000000004 34200.000000000007 3.5000000000000004 93184.000000000015 16200.000000000002 4 172650.00000000003 359200.00000000006 172650.00000000003 68400.000000000015 5 0.41666666666666669 6 446400.00000000006 111600.00000000001 14280.000000000002 7 8 54000.000000000007
decision_type=9 2 2 2 9 2 2 2 2 9 9 2 2 2 2 2 9 2 2 2 2 9 2 9 2 2 2 9 9 2
left_child=1 11 3 16 6 8 -2 -6 -4 13 17 -1 -13 -8 20 -16 -3 22 -19 27 26 -22 -9 -11 25 -24 -12 -10 -23 -25
right_child=4 2 5 -5 7 -7 9 10 19 23 14 12 -14 -15 15 -17 -18 18 -20 -21 21 28 24 29 -26 -27 -28 -29 -30 -31
leaf_value=-236.93729708342872 -227.15120139889439 91.698641440296342 550.93085728150254 16.929328301317582 -195.93376479602475 391.66923522207367 97.923278951057 20.336685052324611 -78.510012073197146 -492.57859607688482 2.5547658373365723 0.8191293222549576 -0.10319583051350492 -674.10854643550431 -146.87330115094662 865.20214481633013 91.727907979343584 -102.60779543727841 958.73295160552448 7.3724714262818454 -1.8401165442614003 -30.329678784934146 -170.38789733039158 -200.65148742133488 -78.218966928099874 -318.24387734814047 44.475522372098482 -41.968598582720375 103.11029120015155 -348.47649229477042
leaf_weight=939 17428 290 612 334 912 295 376 204 542 460 522 218 855 277 223 348 2775 960 267 342 235 1505 478 477 425 934 204 1416 258 1795
leaf_count=939 17428 290 612 334 912 295 376 204 542 460 522 218 855 277 223 348 2775 960 267 342 235 1505 478 477 425 934 204 1416 258 1795
internal_value=-0.000920669 0.00762572 0.0106038 0.0199074 -0.00352615 0.000736989 -0.00438247 -0.00113864 -0.000586823 -0.00195601 -0.000603962 -0.00211519 -6.04663e-05 0.00230827 0.000627456 0.00295811 0.0217395 -0.00184146 -0.000516681 -0.00175934 0.000139397 -0.000420001 -0.00264562 -0.00297376 -0.0029826 -0.00347242 0.00167582 -0.00221429 -8.45189e-06 -0.00335377
internal_weight=36906 8618 6606 3399 28288 3207 20813 7475 2912 3385 6563 2012 1073 653 3295 571 3065 3268 1227 2300 2724 1998 2041 2732 1837 1412 726 1958 1763 2272
internal_count=36906 8618 6606 3399 28288 3207 20813 7475 2912 3385 6563 2012 1073 653 3295 571 3065 3268 1227 2300 2724 1998 2041 2732 1837 1412 726 1958 1763 2272
cat_boundaries=0 2 5 7 10 11 14 17 18 21
cat_threshold=2164785154 67108865 872550660 2687297056 40178979 0 538969088 137363456 17825872 17866880 4 262144 0 8388608 0 0 33554464 4 128 8519688 67108864
is_linear=0
shrinkage=0.05


Tree=53
num_leaves=31
num_cat=10
split_feature=25 20 18 3 20 11 25 25 11 18 18 18 24 2 25 18 18 11 23 25 25 11 18 25 20 20 9 10 23 2
split_gain=335.911 102.001 233.807 41.3029 24.5573 21.7096 8.07419 7.60805 5.90915 5.53795 5.26021 4.54972 3.89377 5.7104 3.47443 2.11784 1.56718 1.45507 1.29543 1.01045 0.773464 1.40812 0.677058 0.996996 0.559406 0.574328 0.524923 0.51709 0.470478 0.45313
threshold=0 124800.00000000001 84600.000000000015 19968.000000000004 84600.000000000015 117344.00000000001 1 2 168960.00000000003 172650.00000000003 29400.000000000004 34200.000000000007 3 98.000000000000014 4 6300.0000000000009 190800.00000000003 93184.000000000015 5 6 7 91080.000000000015 19800.000000000004 8 345300.00000000006 489600.00000000006 1.5000000000000002 3.5000000000000004 9 5.5000000000000009
decision_type=9 2 2 2 2 2 9 9 2 2 2 2 9 2 9 2 2 2 9 9 9 2 2 9 2 2 2 2 9 2
left_child=1 2 10 18 7 9 16 15 14 28 -1 -12 13 -11 -8 -2 19 -17 -4 27 21 26 -9 -24 29 -26 -16 -6 -3 -22
right_child=4 5 3 -5 6 -7 8 22 -10 12 11 -13 -14 -15 20 17 -18 -19 -20 -21 24 -23 23 -25 25 -27 -28 -29 -30 -31
leaf_value=-225.0904322292572 -253.40935419028798 -74.584511493379253 87.113709368281718 16.082861886252068 -99.768347817242386 372.08577344004857 519.54042913135493 -214.66213759832715 296.08587063633826 2259.2239252063823 0.77817285614219145 -0.098036038987993387 -205.692032279633 6.9538478549671714 -29.523870798626742 2.6620279710469279 569.36675154785632 -39.99507985861419 87.141512580376741 -248.66895445792466 9.1781098775695629 -1.9131110782524048 -188.44391045746607 -128.45109102607131 -113.71215786332124 2.7079084126545241 66.310361232002833 -245.84879197424027 -39.930168667889305 49.656789592903174
leaf_weight=933 272 552 290 334 683 301 238 17899 288 204 218 846 489 220 376 686 257 505 2811 2718 1250 304 452 315 200 220 258 1104 1420 263
leaf_count=933 272 552 290 334 683 301 238 17899 288 204 218 846 489 220 376 686 257 505 2811 2718 1250 304 452 315 200 220 258 1104 1420 263
internal_value=-0.000923378 0.00771263 0.0118863 0.019792 -0.00355618 0.000617941 -0.00124311 -0.00449531 0.000620415 -0.00071874 -0.00171836 0.000684802 0.00249727 0.00591743 -1.4466e-05 -0.000993222 -0.00256808 -8.80146e-05 0.0215904 -0.00279011 -0.000504684 -0.00167369 -0.00476657 -0.00329649 6.94076e-05 -0.00154029 -0.000345913 -0.00182602 -0.00220871 0.000518151
internal_weight=36906 8618 5432 3435 28288 3186 8159 20129 3397 2885 1997 1064 913 424 3109 1463 4762 1191 3101 4505 2871 938 18666 767 1933 420 634 1787 1972 1513
internal_count=36906 8618 5432 3435 28288 3186 8159 20129 3397 2885 1997 1064 913 424 3109 1463 4762 1191 3101 4505 2871 938 18666 767 1933 420 634 1787 1972 1513
cat_boundaries=0 2 5 8 9 12 13 16 19 22 23
cat_threshold=2164785154 67108865 1310720 679952 56734882 33832960 12 25190408 48 6144 2684354560 9 4 1048576 16 50331808 69206016 18874432 9437184 67108864 2147483648 4096 4
is_linear=0
shrinkage=0.05


Tree=54
num_leaves=31
num_cat=10
split_feature=25 20 18 3 18 11 25 25 18 18 18 25 24 2 18 11 23 18 18 25 20 20 11 25 25 18 18 27 23 18
split_gain=337.222 99.4554 235.121 41.3029 25.1098 24.63 7.61274 7.23578 5.53795 5.31018 4.54972 3.90731 3.89377 5.7104 1.91684 1.4599 1.29543 1.17643 0.803176 0.790068 0.62783 0.630453 1.17881 0.734169 0.49142 2.29885 0.482625 0.533796 0.470478 0.308413
threshold=0 124800.00000000001 84600.000000000015 19968.000000000004 19800.000000000004 117344.00000000001 1 2 172650.00000000003 29400.000000000004 34200.000000000007 3 4 98.000000000000014 6300.0000000000009 359200.00000000006 5 68400.000000000015 13500.000000000002 6 403200.00000000006 84600.000000000015 359200.00000000006 7 8 13500.000000000002 6300.0000000000009 3.8815106545092593 9 84600.000000000015
decision_type=9 2 2 2 2 2 9 9 2 2 2 9 9 2 2 2 9 2 2 9 2 2 2 9 9 2 2 8 9 2
left_child=1 2 9 16 6 8 14 15 28 -1 -11 -9 13 -10 -2 17 -4 -6 -16 29 21 -13 23 -23 -8 26 -26 -28 -3 -19
right_child=4 5 3 -5 7 -7 24 11 12 10 -12 20 -14 -15 18 -17 -18 19 -20 -21 -22 22 -24 -25 25 -27 27 -29 -30 -31
leaf_value=-213.83591061779444 -219.23561558308748 -70.855285918710436 82.758023899867851 15.278718791939173 -208.18948769513651 353.41914438888773 -206.06053444903333 527.89845547159644 2146.2627289460638 0.73926421333508197 -0.0931342370386119 -170.88842425352669 -195.40743066565125 6.6061554622181582 2.6039273890782173 151.24542041577118 82.784436951357932 -278.64906779889208 -41.711999153442605 -45.115091196791042 -102.01249625504279 -304.40317836464345 44.972809836860691 172.51478348519834 -182.29610914004672 -22.413706243753982 -115.26250369309876 -18.511569504864021 -37.933660234494894 -420.42924635245657
leaf_weight=945 209 552 290 334 1168 323 15547 327 204 218 846 273 489 220 617 391 2811 357 364 1299 683 849 245 1318 2032 350 360 245 1420 1620
leaf_count=945 209 552 290 334 1168 323 15547 327 204 218 846 273 489 220 617 391 2811 357 364 1299 683 849 245 1318 2032 350 360 245 1420 1620
internal_value=-0.000904412 0.00772622 0.0118491 0.019792 -0.00354914 0.000750778 -0.00453057 -0.0012834 -0.00071874 -0.00173794 0.000684802 0.000384407 0.00249727 0.00591743 -0.000623961 -0.00255313 0.0215904 -0.00281602 0.000300101 -0.00232764 -0.000130179 0.000213992 0.000472244 9.91228e-05 -0.00477839 -0.00407969 -0.00459833 -0.00333608 -0.00220871 -0.00295877
internal_weight=36906 8652 5444 3435 28254 3208 19724 8530 2885 2009 1064 3695 913 424 1190 4835 3101 4444 981 3276 3368 2685 2412 2167 18534 2987 2637 605 1972 1977
internal_count=36906 8652 5444 3435 28254 3208 19724 8530 2885 2009 1064 3695 913 424 1190 4835 3101 4444 981 3276 3368 2685 2412 2167 18534 2987 2637 605 1972 1977
cat_boundaries=0 3 6 9 12 13 14 17 20 23 24
cat_threshold=2164785154 67108865 65536 134234112 12 25166088 69468164 2164286032 16822691 2048 536871936 8388608 48 4 262144 25088 16781346 64 3276800 104857600 537002240 540016640 33558561 4
is_linear=0
shrinkage=0.05


Tree=55
num_leaves=31
num_cat=8
split_feature=25 20 18 3 20 11 25 25 18 11 18 20 25 18 11 11 23 25 25 11 9 20 18 2 2 20 18 10 25 18
split_gain=324.994 112.363 233.263 41.3029 24.0421 22.4617 7.64223 7.36134 5.15133 4.94505 4.54972 3.59039 2.86139 2.2146 1.49387 1.40498 1.29543 0.767897 0.708133 1.37119 0.582853 0.551422 0.536837 0.476445 0.438712 0.430103 0.505522 0.371867 0.367469 0.338585
threshold=0 124800.00000000001 84600.000000000015 19968.000000000004 84600.000000000015 117344.00000000001 1 2 29400.000000000004 168960.00000000003 34200.000000000007 345300.00000000006 3 4500.0000000000009 93184.000000000015 359200.00000000006 4 5 6 91080.000000000015 5.5000000000000009 345300.00000000006 111600.00000000001 5.5000000000000009 3.5000000000000004 979200.00000000012 87300.000000000015 0.75000000000000011 7 84600.000000000015
decision_type=9 2 2 2 2 2 9 9 2 2 2 2 9 2 2 2 9 9 9 2 2 2 2 2 2 2 2 2 9 2
left_child=1 2 8 16 6 11 13 15 -1 12 -10 -3 -9 -2 -15 17 -4 20 19 24 29 23 -19 -20 -14 26 -22 -8 -24 -6
right_child=4 5 3 -5 7 -7 27 9 10 -11 -12 -13 18 14 -16 -17 -18 22 21 -21 25 -23 28 -25 -26 -27 -28 -29 -30 -31
leaf_value=-203.14411508690466 -214.1175761187427 -39.631978067964155 78.620122704874674 14.514782852341888 40.745216036452099 335.81052754860116 -101.71088160535447 468.26345818521372 0.70230100266835516 283.53733166436069 -0.088477525186681311 1399.2187975011973 -25.771923111320941 2.4237310196243018 -36.884640555879926 73.796535286118157 78.645215103789823 -213.9310384491898 -0.98236721963621676 -28.212378297920079 -231.18864248986731 -65.607344863572663 -37.445309608716343 47.113754094279379 27.161103606805426 -101.71256025282024 -265.69906032424632 -194.80750772658166 -311.24777623616205 -150.86434580533788
leaf_weight=933 285 2484 290 334 367 301 350 308 218 288 846 401 347 691 507 317 2811 886 1259 304 571 407 244 242 207 200 289 18296 1681 242
leaf_count=933 285 2484 290 334 367 301 350 308 218 288 846 401 347 691 507 317 2811 886 1259 304 571 407 244 242 207 200 289 18296 1681 242
internal_value=-0.000978922 0.00751564 0.0118955 0.019792 -0.00356855 6.90076e-05 -0.00449779 -0.00127987 -0.00169335 0.000515707 0.000684802 -0.00129027 -7.15226e-05 -0.00101338 -7.50012e-05 -0.00253379 0.0215904 -0.00276662 -0.000586754 -0.00177012 -0.00187091 -4.68762e-05 -0.00327843 0.000395874 -0.000305757 -0.00258946 -0.00307425 -0.00477168 -0.00281526 -0.000646482
internal_weight=36906 8618 5432 3435 28288 3186 20129 8159 1997 3362 1064 2885 3074 1483 1198 4797 3101 4480 2766 858 1669 1908 2811 1501 554 1060 860 18646 1925 609
internal_count=36906 8618 5432 3435 28288 3186 20129 8159 1997 3362 1064 2885 3074 1483 1198 4797 3101 4480 2766 858 1669 1908 2811 1501 554 1060 860 18646 1925 609
cat_boundaries=0 2 5 8 11 12 15 18 21
cat_threshold=2164785154 67108865 33832960 524300 25190408 1314816 679952 52539555 2112 2692743168 8 4 1048576 16 50331776 69206016 18874432 8389632 0 0 8192
is_linear=0
shrinkage=0.05


Tree=56
num_leaves=31
num_cat=8
split_feature=25 20 18 3 11 20 25 25 18 18 25 18 20 11 11 23 25 18 18 11 11 25 18 18 12 18 18 25 20 20
split_gain=324.436 110.035 234.578 41.3029 26.5713 24.7032 7.92626 7.17502 5.2018 4.54972 3.37273 3.26617 2.32496 1.6756 1.42073 1.29543 0.852206 0.616412 0.565951 0.535194 0.807778 1.00986 0.86049 0.41621 0.492732 0.326989 0.326429 0.548147 0.309695 0.290851
threshold=0 124800.00000000001 84600.000000000015 19968.000000000004 117344.00000000001 84600.000000000015 1 2 29400.000000000004 34200.000000000007 3 6300.0000000000009 345300.00000000006 359200.00000000006 93184.000000000015 4 5 13500.000000000002 19800.000000000004 102628.57142857143 88750.000000000015 6 39600.000000000007 111600.00000000001 359200.00000000006 68400.000000000015 19800.000000000004 7 10200.000000000002 16200.000000000002
decision_type=9 2 2 2 2 2 9 9 2 2 9 2 2 2 2 9 9 2 2 2 2 9 2 2 2 2 2 9 2 2
left_child=1 2 8 15 12 6 26 13 29 -10 -9 -8 -3 16 28 -4 17 -7 -16 20 21 -12 -22 -18 -25 -19 -2 -28 -13 -1
right_child=5 4 3 -5 -6 7 11 10 9 -11 19 14 -14 -15 18 -17 23 25 -20 -21 22 -23 -24 24 -26 -27 27 -29 -30 -31
leaf_value=-624.4213127127407 -184.93849202831237 -37.65037916456604 74.689116569631011 13.789043709724503 318.95766079201269 -167.22339396770604 -162.30071472930442 565.26554356563793 0.6671859525349646 -0.084053648927510952 11.072349351747071 1.9425431787985872 1968.5486527095318 295.35982573795974 -35.050408315893399 74.712954348600036 -239.10333894061407 -37.611446212405603 -49.808863045589902 27.077304890878441 -11.84095299248083 -24.003326543291042 -627.24163336162371 -295.33908303237973 -26.270644037379483 -193.166109845704 -158.87186516350687 -62.694413406901084 23.201850753865568 -192.68690933255948
leaf_weight=281 17537 2484 290 334 323 223 525 329 218 846 239 542 335 287 329 2811 788 477 222 444 336 1695 242 1703 232 1208 452 259 251 664
leaf_count=281 17537 2484 290 334 323 223 525 329 218 846 239 542 335 287 329 2811 788 477 222 444 336 1695 242 1703 232 1208 452 259 251 664
internal_value=-0.000957246 0.00755059 0.0118582 0.019792 0.000108141 -0.0035384 -0.00448258 -0.00122669 -0.00171308 0.000684802 0.000583863 -0.001353 -0.00145161 -0.00243205 -5.20071e-05 0.0215904 -0.00266674 -0.00181771 -0.00199819 4.04301e-05 -0.000242642 0.000247933 -0.00187931 -0.00324132 -0.00285235 -0.00149674 -0.00479956 -0.0037237 0.00130189 -0.00440866
internal_weight=36906 8586 5444 3435 3142 28320 20117 8203 2009 1064 3285 1869 2819 4918 1344 3101 4631 1908 551 2956 2512 1934 578 2723 1935 1685 18248 711 793 945
internal_count=36906 8586 5444 3435 3142 28320 20117 8203 2009 1064 3285 1869 2819 4918 1344 3101 4631 1908 551 2956 2512 1934 578 2723 1935 1685 18248 711 793 945
cat_boundaries=0 3 6 9 12 13 16 19 22
cat_threshold=2148007938 67108865 65536 873595140 2696152384 33560353 85200896 17457232 50377890 0 2684354560 8388608 4 68157440 16777296 50332800 2048 2097152 2097153 67108864 2147483648 4096
is_linear=0
shrinkage=0.05


Tree=57
num_leaves=31
num_cat=10
split_feature=25 20 18 3 20 11 25 25 18 18 18 25 20 11 23 11 2 25 20 2 2 25 3 25 9 25 18 12 18 25
split_gain=319.805 114.004 233.263 41.3029 24.6526 23.0888 8.14625 7.1369 5.15133 4.54972 3.3228 3.05722 1.88051 1.86733 1.29543 1.101 1.26576 0.994173 0.652923 0.635733 0.620309 1.17704 1.14893 0.905055 0.54862 0.759433 0.407412 0.447958 0.378351 4.18761
threshold=0 124800.00000000001 84600.000000000015 19968.000000000004 84600.000000000015 117344.00000000001 1 2 29400.000000000004 34200.000000000007 4500.0000000000009 3 345300.00000000006 359200.00000000006 4 93184.000000000015 1.5000000000000002 5 20400.000000000004 31.500000000000004 2.5000000000000004 6 89600.000000000015 7 5.5000000000000009 8 111600.00000000001 359200.00000000006 9900.0000000000018 9
decision_type=9 2 2 2 2 2 9 9 2 2 2 9 2 2 9 2 2 9 2 2 2 9 2 9 2 9 2 2 2 9
left_child=1 2 8 14 6 12 28 13 -1 -10 -8 -9 -3 17 -4 16 -12 24 -17 20 21 -13 -22 -24 -6 -26 -19 -28 -2 -30
right_child=4 5 3 -5 7 -7 10 11 9 -11 15 19 -14 -15 -16 18 -18 26 -20 -21 22 -23 23 -25 25 -27 27 -29 29 -31
leaf_value=-183.35256386593156 -166.65970746358028 -35.767860206337723 70.954660741149567 13.099591524238349 -23.288161356959609 303.07211813157022 -169.16403414992297 536.8022733730204 0.63382665490826184 -0.079850966481171792 2.3785942537462512 -49.452884112395992 1870.1212200740556 753.14994023368263 70.977306631170364 -33.282887896522517 -130.83512944700271 -216.93814944872247 -2.8137698308717973 10.250821987617384 170.8377147344294 27.193427980513661 -596.04955132876205 -60.206420480547969 -214.21801960270716 -142.53755621055163 -279.96335505832798 -25.625013930167377 5.6595295660896774 -176.52020773883692
leaf_weight=933 13875 2484 290 334 958 301 467 351 218 846 647 1229 335 217 2811 326 221 782 244 287 234 445 224 477 298 809 1674 240 357 3992
leaf_count=933 13875 2484 290 334 958 301 467 351 218 846 647 1229 335 217 2811 326 221 782 244 287 234 445 224 477 298 809 1674 240 357 3992
internal_value=-0.000955892 0.00751284 0.0118955 0.019792 -0.00351195 -9.60934e-05 -0.00445557 -0.00120639 -0.00169335 0.000684802 -0.00131716 0.000618287 -0.00150479 -0.00239279 0.0215904 -0.000131946 0.000988505 -0.00260445 -0.00183567 7.56522e-05 -0.000170434 0.000405727 -0.00120064 -0.00221195 -0.00174531 -0.00251127 -0.00324225 -0.00285491 -0.00478011 -0.00436566
internal_weight=36906 8552 5432 3435 28354 3120 20129 8225 1997 1064 1905 3247 2819 4978 3101 1438 868 4761 570 2896 2609 1674 935 701 2065 1107 2696 1914 18224 4349
internal_count=36906 8552 5432 3435 28354 3120 20129 8225 1997 1064 1905 3247 2819 4978 3101 1438 868 4761 570 2896 2609 1674 935 701 2065 1107 2696 1914 18224 4349
cat_boundaries=0 2 5 8 11 12 15 18 21 24 27
cat_threshold=2148007938 67108865 873595140 2687763776 33822497 87293952 17457232 50443394 2048 2684354560 8388608 4 70254592 16777296 50332800 128 0 71303208 0 2097152 2097152 0 0 50331648 0 1024 33554432
is_linear=0
shrinkage=0.05


Tree=58
num_leaves=31
num_cat=9
split_feature=25 20 18 3 20 11 25 25 18 18 25 18 11 20 23 11 20 25 2 25 18 20 3 3 9 25 18 12 25 18
split_gain=318.516 114.615 233.263 41.3029 24.6864 22.6229 7.96623 7.04049 5.15133 4.54972 3.14074 2.43496 1.89353 1.74281 1.29543 1.2871 0.909256 0.864314 0.661607 0.607088 3.22728 0.581254 0.615814 1.10148 0.538873 0.759433 0.36961 0.447958 0.367288 0.33191
threshold=0 124800.00000000001 84600.000000000015 19968.000000000004 84600.000000000015 117344.00000000001 1 2 29400.000000000004 34200.000000000007 3 4500.0000000000009 359200.00000000006 345300.00000000006 4 93184.000000000015 20400.000000000004 5 31.500000000000004 6 9900.0000000000018 345300.00000000006 359200.00000000006 84480.000000000015 5.5000000000000009 7 111600.00000000001 359200.00000000006 8 84600.000000000015
decision_type=9 2 2 2 2 2 9 9 2 2 9 2 2 2 9 2 2 9 2 9 2 2 2 2 2 9 2 2 9 2
left_child=1 2 8 14 6 13 11 12 -1 -10 -9 -2 17 -3 -4 -13 -17 24 21 -8 -21 22 23 -12 29 -26 -19 -28 -23 -6
right_child=4 5 3 -5 7 -7 19 10 9 -11 18 15 -14 -15 -16 16 -18 26 -20 20 -22 28 -24 -25 25 -27 27 -29 -30 -31
leaf_value=-174.18493567263505 -180.27816726229412 -33.979467196020778 67.40692770409224 12.444611948026433 45.536925740577828 287.91851222499218 -167.89419735189509 509.96215970436936 0.60213532216293975 -0.075858418157076821 15.692883683953809 2.0764867363247959 715.49244322199866 1776.6151590703521 67.428441299611592 -31.643743114266183 1.826997064621537 -206.09124197628637 9.7382808882364778 -144.79747539377402 5.0864052907247697 -6.2012185120300281 22.053760758580758 -214.05605530994026 -203.50711862257177 -135.41067840002401 -265.96518730541158 -24.343763233658876 -93.564567780042807 -22.138752148278584
leaf_weight=933 307 2484 290 334 368 301 16318 351 218 846 1333 723 217 335 2811 318 212 782 287 1881 370 212 397 519 298 809 1674 240 307 431
leaf_count=933 307 2484 290 334 368 301 16318 351 218 846 1333 723 217 335 2811 318 212 782 287 1881 370 212 397 519 298 809 1674 240 307 431
internal_value=-0.000950473 0.00750117 0.0118955 0.019792 -0.00350138 -0.000128124 -0.00444563 -0.00119424 -0.00169335 0.000684802 0.000547102 -0.000986006 -0.00242083 -0.00152251 0.0215904 -1.19534e-05 -0.0018797 -0.00264118 2.44527e-05 -0.00473306 -0.00384666 -0.000212998 0.000135494 -0.000248113 -0.00178832 -0.00251127 -0.00322378 -0.00285491 -0.00171785 -0.000805245
internal_weight=36906 8552 5432 3435 28354 3120 20129 8225 1997 1064 3406 1560 4819 2819 3101 1253 530 4602 3055 18569 2251 2768 2249 1852 1906 1107 2696 1914 519 799
internal_count=36906 8552 5432 3435 28354 3120 20129 8225 1997 1064 3406 1560 4819 2819 3101 1253 530 4602 3055 18569 2251 2768 2249 1852 1906 1107 2696 1914 519 799
cat_boundaries=0 2 5 8 11 12 15 18 21 24
cat_threshold=2148007938 67108865 33832960 13139980 25190408 87293952 17457168 50443394 2048 2684354560 8388608 4 70254592 16777232 50332800 605159680 2687500288 33558560 0 0 50331648 64 256 1048576
is_linear=0
shrinkage=0.05


Tree=59
num_leaves=31
num_cat=9
split_feature=25 20 18 3 11 20 25 25 18 18 18 25 20 23 11 25 25 11 2 20 9 25 3 3 10 18 25 20 18 20
split_gain=319.317 111.83 234.578 41.3029 26.3422 24.7438 8.17197 7.03287 5.2018 4.54972 3.41415 3.0471 1.4663 1.29543 1.02391 0.988868 0.968208 0.889629 0.628633 0.658353 0.607864 0.79467 0.582532 1.09599 0.573434 0.329141 4.13697 0.290851 0.290681 0.264123
threshold=0 124800.00000000001 84600.000000000015 19968.000000000004 117344.00000000001 84600.000000000015 1 2 29400.000000000004 34200.000000000007 4500.0000000000009 3 345300.00000000006 4 359200.00000000006 5 6 117344.00000000001 31.500000000000004 345300.00000000006 5.5000000000000009 7 359200.00000000006 89600.000000000015 0.75000000000000011 9900.0000000000018 8 16200.000000000002 16500.000000000004 979200.00000000012
decision_type=9 2 2 2 2 2 9 9 2 2 2 9 2 9 2 9 9 2 2 2 2 9 2 2 2 2 9 2 2 2
left_child=1 2 8 13 12 6 24 14 27 -10 -8 -9 -3 -4 16 28 20 -17 19 22 -7 -22 23 -13 -2 -26 -27 -1 -12 -23
right_child=5 4 3 -5 -6 7 10 11 9 -11 15 18 -14 -15 -16 17 -18 -19 -20 -21 21 29 -24 -25 25 26 -28 -29 -30 -31
leaf_value=-575.32337210017545 -71.870709593354974 -32.280493836219833 64.036581318887329 11.822381350625074 273.46024623458351 -21.00181564235827 -155.07235831508319 484.46405171915103 0.57202855605482916 -0.072065497249059265 -144.4186087705327 6.8807886786064048 1687.7844011168345 64.057019234631298 679.7178210608987 2.2826632601996155 -204.87520422610692 -50.975525927631566 9.251366843824508 -87.599051659055277 -193.3317626914432 -136.34216530231006 20.951072720652157 -501.79752720293794 -156.50390792138148 4.9771559846498041 -159.34948748430034 -165.17568888900334 -29.101556981368596 -53.253309539817522
leaf_weight=281 319 2484 290 334 323 925 476 351 218 846 227 1480 335 2811 217 733 2674 204 287 415 298 608 397 350 13559 349 3963 664 287 201
leaf_count=281 319 2484 290 334 323 925 476 351 218 846 227 1480 335 2811 217 733 2674 204 287 415 298 608 397 350 13559 349 3963 664 287 201
internal_value=-0.000924733 0.0075157 0.0118582 0.019792 1.27215e-05 -0.00348546 -0.00443039 -0.00117185 -0.00171308 0.000684802 -0.00130738 0.000622721 -0.00154024 0.0215904 -0.00236373 -0.000106677 -0.00252337 0.000858798 8.6704e-05 -0.000155069 -0.0016683 -0.00246619 0.000186181 -0.000191049 -0.00475772 -0.00479802 -0.00440658 -0.00440866 -0.00184411 -0.00157735
internal_weight=36906 8586 5444 3435 3142 28320 20117 8203 2009 1064 1927 3280 2819 3101 4923 1451 4706 937 2929 2642 2032 1107 2227 1830 18190 17871 4312 945 514 809
internal_count=36906 8586 5444 3435 3142 28320 20117 8203 2009 1064 1927 3280 2819 3101 4923 1451 4706 937 2929 2642 2032 1107 2227 1830 18190 17871 4312 945 514 809
cat_boundaries=0 3 6 9 12 13 16 19 22 25
cat_threshold=2148007938 67108865 65536 873595140 2687764032 33822497 87293952 17457168 55620738 2048 2684354560 8388608 4 134479936 8448 3153920 70254592 16777232 55575680 0 0 50331648 0 1024 33554432
is_linear=0
shrinkage=0.05


Tree=60
num_leaves=31
num_cat=11
split_feature=25 20 18 3 20 11 25 25 18 18 18 25 20 23 25 11 11 25 2 9 25 10 9 3 25 25 25 18 20 18
split_gain=315.468 114.569 234.351 41.3029 25.4992 22.6787 8.08234 6.80978 4.96283 4.05166 3.47895 3.07812 1.4663 1.29543 0.988868 0.889629 0.868994 0.802938 0.633409 0.602621 0.83054 0.570423 0.559516 1.47557 0.96768 0.577765 0.348451 2.67549 0.308778 0.290681
threshold=0 124800.00000000001 84600.000000000015 19968.000000000004 84600.000000000015 117344.00000000001 1 2 29400.000000000004 34200.000000000007 4500.0000000000009 3 345300.00000000006 4 5 117344.00000000001 359200.00000000006 6 31.500000000000004 5.5000000000000009 7 0.75000000000000011 3.5000000000000004 89600.000000000015 8 9 10 9900.0000000000018 16200.000000000002 16500.000000000004
decision_type=9 2 2 2 2 2 9 9 2 2 2 9 2 9 9 2 2 9 2 2 9 2 2 2 9 9 9 2 2 2
left_child=1 2 8 13 6 12 21 16 28 -10 -8 -9 -3 -4 29 -16 17 19 22 -6 -21 -2 24 -24 -13 -25 27 -23 -1 -12
right_child=4 5 3 -5 7 -7 10 11 9 -11 14 18 -14 -15 15 -17 -18 -19 -20 20 -22 26 23 25 -26 -27 -28 -29 -30 -31
leaf_value=-546.45720249380872 -68.277174113687224 -30.666469144408985 60.834752252943147 11.231262283094111 -19.921724710037235 259.84957430201297 -147.59373417064367 460.24084913319348 0.54342712825200579 -0.068462222386733634 -137.19767833200603 15.758526655600873 1603.3951810609929 60.854168272899557 2.1685300971896142 -48.426749631249976 645.73193000785307 -180.09793200552022 8.788798501633428 -183.66517455687105 -121.82303621490733 -130.69594915636284 185.85715126613468 -530.45439463668004 -20.955898896997933 -106.48738521571313 -151.58201311008534 4.583227226956069 -156.9169044445531 -27.646479132300193
leaf_weight=269 319 2484 290 334 799 301 488 351 218 846 227 256 335 2811 733 204 217 2696 287 298 809 1443 232 224 1808 248 16196 232 664 287
leaf_count=269 319 2484 290 334 799 301 488 351 218 846 227 256 335 2811 733 204 217 2696 287 298 809 1443 232 224 1808 248 16196 232 664 287
internal_value=-0.000927442 0.00748365 0.0118771 0.019792 -0.00346612 -0.00014414 -0.00442576 -0.00112131 -0.00174337 0.000590993 -0.00133009 0.000590988 -0.00154024 0.0215904 -0.000106677 0.000858798 -0.00232768 -0.00247828 7.33604e-05 -0.00165798 -0.0024211 -0.00475223 -0.000158846 -0.00137394 0.000256533 -0.00297468 -0.00479243 -0.00392709 -0.00440107 -0.00184411
internal_weight=36906 8552 5432 3435 28354 3120 20129 8225 1997 1064 1939 3406 2819 3101 1451 937 4819 4602 3055 1906 1107 18190 2768 704 2064 472 17871 1675 933 514
internal_count=36906 8552 5432 3435 28354 3120 20129 8225 1997 1064 1939 3406 2819 3101 1451 937 4819 4602 3055 1906 1107 18190 2768 704 2064 472 17871 1675 933 514
cat_boundaries=0 2 5 8 11 12 15 18 21 24 27 30
cat_threshold=2148007938 67108865 873595140 2687764032 33822497 87293952 17457168 50443394 2048 2684354560 8388608 4 134479936 8448 3153920 70254592 16777232 50332800 0 0 50331648 0 2097152 2097152 0 2097152 2097152 268435456 263680 263936
is_linear=0
shrinkage=0.05


Tree=61
num_leaves=31
num_cat=9
split_feature=25 20 18 3 20 11 25 25 18 18 18 25 0 23 25 11 25 2 20 11 20 2 9 11 25 10 20 18 25 18
split_gain=316.018 112.131 234.578 41.3029 27.0911 25.8058 8.13273 5.77409 4.8023 4.05166 3.41415 3.1198 1.46101 1.29543 0.988868 0.889629 0.788333 0.95355 1.30794 0.72014 0.658958 0.65214 0.660946 1.17568 0.96768 0.56892 0.411758 0.404719 0.383601 2.64358
threshold=0 124800.00000000001 84600.000000000015 19968.000000000004 84600.000000000015 117344.00000000001 1 2 29400.000000000004 34200.000000000007 4500.0000000000009 3 3.5000000000000004 4 5 117344.00000000001 6 3.5000000000000004 176400.00000000003 96500.000000000015 446400.00000000006 31.500000000000004 3.5000000000000004 88750.000000000015 7 0.75000000000000011 16200.000000000002 39600.000000000007 8 9900.0000000000018
decision_type=9 2 2 2 2 2 9 9 2 2 2 9 2 9 9 2 9 2 2 2 2 2 2 2 9 2 2 2 9 2
left_child=1 2 8 13 6 12 25 16 26 -10 -8 -9 -3 -4 -12 -16 -6 18 19 -18 -19 22 24 -24 -13 -2 -1 -22 29 -27
right_child=4 5 3 -5 7 -7 10 11 9 -11 14 21 -14 -15 15 -17 17 20 -20 -21 27 -23 23 -25 -26 28 -28 -29 -30 -31
leaf_value=-519.23434337047627 -64.863315408002833 -29.133145711030377 57.79301464029632 10.669699168939406 -233.93375285423636 246.79475520775441 -139.93905369079684 437.22880667653374 0.51625577183949645 -0.06503911126746971 -26.854155375956726 14.970600322820246 1523.2754220198638 57.811459859254683 2.0601035923301425 -46.005412149687501 -18.485637523245533 -190.36684072972275 324.31817590587821 -634.46272251162009 -137.85343959740854 8.3493585765518965 36.639905621992511 -355.13813579023639 -19.908103952148139 -124.1611516985447 -149.07105922232549 -14.367400903675298 -144.00291245458106 4.3540658656082547
leaf_weight=281 319 2494 290 334 1680 323 476 351 218 846 514 256 325 2811 733 204 542 1380 243 235 226 287 298 406 1808 1443 664 491 16196 232
leaf_count=281 319 2494 290 334 1680 323 476 351 218 846 514 256 325 2811 733 204 542 1380 243 235 226 287 298 406 1808 1443 664 491 16196 232
internal_value=-0.000886801 0.00750988 0.0118582 0.019792 -0.00343428 -3.18185e-06 -0.00442293 -0.00101341 -0.00171308 0.000590993 -0.00130738 0.000561731 -0.00154024 0.0215904 -0.000106677 0.000858798 -0.0021283 -0.0016411 -0.000391391 -0.00139281 -0.00225584 4.07553e-05 -0.000194947 -0.00151558 0.000256533 -0.00474948 -0.00430306 -0.00102225 -0.00478963 -0.00389745
internal_weight=36906 8586 5444 3435 28320 3142 20117 8203 2009 1064 1927 3406 2819 3101 1451 937 4797 3117 1020 777 2097 3055 2768 704 2064 18190 945 717 17871 1675
internal_count=36906 8586 5444 3435 28320 3142 20117 8203 2009 1064 1927 3406 2819 3101 1451 937 4797 3117 1020 777 2097 3055 2768 704 2064 18190 945 717 17871 1675
cat_boundaries=0 3 6 9 12 13 16 19 22 25
cat_threshold=2148007938 67108865 65536 873595140 2687764032 33822497 87293952 17457168 50377858 2048 2684354560 8388608 4 134479936 8448 3153920 16777216 548864 36866 0 2097152 2097152 268435456 263680 263936
is_linear=0
shrinkage=0.05


Tree=62
num_leaves=31
num_cat=9
split_feature=25 20 18 3 20 11 25 25 25 18 25 20 18 23 11 10 20 25 2 20 11 2 25 18 9 11 25 20 20 18
split_gain=313.444 111.933 236.536 41.3029 27.7086 20.7446 8.46894 7.90664 5.24256 4.17484 2.9987 2.89977 2.59723 1.29543 1.13548 1.00333 0.780415 0.733651 0.83555 1.30794 0.72014 0.672794 0.657828 2.9446 0.624856 1.15042 0.756416 0.537434 0.486375 0.441259
threshold=0 111600.00000000001 84600.000000000015 19968.000000000004 84600.000000000015 117344.00000000001 1 2 3 31200.000000000004 4 33000.000000000007 4500.0000000000009 5 93184.000000000015 0.29166666666666669 20400.000000000004 6 3.5000000000000004 176400.00000000003 96500.000000000015 31.500000000000004 7 9900.0000000000018 3.5000000000000004 88750.000000000015 8 446400.00000000006 16200.000000000002 4500.0000000000009
decision_type=9 2 2 2 2 2 9 9 9 2 9 2 2 9 2 2 2 9 2 2 2 2 9 2 2 2 9 2 2 2
left_child=1 2 9 13 7 6 -3 12 -6 28 17 -11 -2 -4 -14 -9 -16 -10 19 20 -19 24 -17 29 26 -26 -12 -20 -1 -24
right_child=4 5 3 -5 8 -7 -8 15 10 11 21 -13 14 -15 16 22 -18 18 27 -21 -22 -23 23 -25 25 -27 -28 -29 -30 -31
leaf_value=-493.24262586101378 -154.1433904888882 1446.9816506256147 54.903363908281612 10.136214210492472 415.3673663427071 234.51706532162018 -28.396488990530997 -58.82014806404009 -254.88675881052623 0.49044298324752167 14.222070306679235 -0.061787155704223551 1.7070984127136399 54.920886866292136 -25.716446785806877 -136.80276683185204 9.0060315968189126 -17.56135564708384 -180.84849869323662 308.10226711058425 -602.73958638603949 7.9318906477242139 -121.18809580281309 4.136362572327835 34.807910340892704 -315.53263353769148 -18.912698754540486 -65.066339521908958 -141.6175062612092 -82.139778411662576
leaf_weight=278 330 286 290 334 351 302 2731 271 1495 213 256 848 732 2811 338 16189 212 542 1380 243 235 287 1418 322 298 418 1808 717 663 308
leaf_count=278 330 286 290 334 351 302 2731 271 1495 213 256 848 732 2811 338 16189 212 542 1380 243 235 287 1418 322 298 418 1808 717 663 308
internal_value=-0.000846159 0.0074099 0.011834 0.019792 -0.00341595 0.000182173 -0.00107155 -0.00440811 -0.000933766 -0.00182635 -0.00120856 0.000324552 -0.00102217 0.0215904 -7.78935e-06 -0.00469979 -0.00172102 -0.00201341 -0.0015612 -0.000391391 -0.00139281 4.87052e-06 -0.00474725 -0.00378155 -0.000233646 -0.00150418 0.00020813 -0.00213673 -0.00424708 -0.00461806
internal_weight=36906 8756 5437 3435 28150 3319 3017 20120 8030 2002 7679 1061 1612 3101 1282 18508 550 4612 3117 1020 777 3067 18237 2048 2780 716 2064 2097 941 1726
internal_count=36906 8756 5437 3435 28150 3319 3017 20120 8030 2002 7679 1061 1612 3101 1282 18508 550 4612 3117 1020 777 3067 18237 2048 2780 716 2064 2097 941 1726
cat_boundaries=0 3 6 9 12 15 16 19 22 25
cat_threshold=2164785154 67108865 32768 17301504 0 32768 33832960 13140236 25190408 2048 2684354560 8388608 70516736 17448976 50410626 4 0 540672 69634 605159680 2687500352 33558561 0 2097152 2097152
is_linear=0
shrinkage=0.05


Tree=63
num_leaves=31
num_cat=8
split_feature=25 20 18 3 20 11 25 25 18 20 25 18 20 23 11 10 25 2 20 20 11 2 25 18 9 11 25 20 20 18
split_gain=313.355 111.378 236.864 41.3029 27.3968 25.047 7.89466 5.06748 4.18623 2.89977 2.70674 2.59723 1.42757 1.29543 1.13548 1.00151 0.950419 0.850653 1.21695 0.780415 0.727635 0.665258 0.654886 2.93066 0.631241 1.21066 0.646001 0.518337 0.479419 0.437423
threshold=0 111600.00000000001 84600.000000000015 19968.000000000004 84600.000000000015 117344.00000000001 1 2 31200.000000000004 33000.000000000007 3 4500.0000000000009 648000.00000000012 4 93184.000000000015 0.29166666666666669 5 3.5000000000000004 176400.00000000003 20400.000000000004 96500.000000000015 31.500000000000004 6 9900.0000000000018 1.5000000000000002 88750.000000000015 7 446400.00000000006 16200.000000000002 4500.0000000000009
decision_type=9 2 2 2 2 2 9 9 2 2 9 2 2 9 2 2 9 2 2 2 2 2 9 2 2 2 9 2 2 2
left_child=1 2 8 13 6 12 11 16 28 -10 -9 -2 -3 -4 -13 -8 -6 18 20 -16 -18 24 -17 29 26 -26 -12 -19 -1 -24
right_child=4 5 3 -5 7 -7 15 10 9 -11 21 14 -14 -15 19 22 17 27 -20 -21 -22 -23 23 -25 25 -27 -28 -29 -30 -31
leaf_value=-468.61049490890167 -146.43622096444378 -26.28666400694674 52.158195712867752 9.6294034999678857 -224.67735276215654 222.7244566849987 -55.87914066083809 276.93875946621409 0.46592083408522744 -0.058697797919012376 13.510966791344982 1.6217434920779397 1374.7825687738282 52.174842522977272 -24.430624446516596 -129.96262849025945 -16.773291891619738 -171.80607375857483 293.27715003095693 8.5557300169779875 -572.60260706673728 109.46162479947105 -115.09869100551987 3.9295444437114386 51.447513936930775 -301.20976763751577 -10.186209092804056 -54.623911560459206 -134.53663094814874 -78.142789517305488
leaf_weight=281 330 2507 290 334 1668 324 271 416 213 848 256 732 315 2811 338 16189 564 1380 298 212 235 223 1412 323 250 419 1728 766 663 310
leaf_count=281 330 2507 290 334 1668 324 271 416 213 848 256 732 315 2811 338 16189 564 1380 298 212 235 223 1412 323 250 419 1728 766 663 310
internal_value=-0.000874608 0.00748662 0.0118247 0.019792 -0.00341134 6.35205e-06 -0.00440554 -0.000976845 -0.00183109 0.000324552 0.000541766 -0.00102217 -0.0015085 0.0215904 -7.78935e-06 -0.00469704 -0.00199167 -0.00147926 -0.00035032 -0.00172102 -0.00136704 -1.0389e-05 -0.00474446 -0.00377978 -0.00023164 -0.00155738 0.000216514 -0.00206238 -0.00424947 -0.00461717
internal_weight=36906 8586 5440 3435 28320 3146 20117 8203 2005 1061 3292 1612 2822 3101 1282 18505 4911 3243 1097 550 799 2876 18234 2045 2653 669 1984 2146 944 1722
internal_count=36906 8586 5440 3435 28320 3146 20117 8203 2005 1061 3292 1612 2822 3101 1282 18505 4911 3243 1097 550 799 2876 18234 2045 2653 669 1984 2146 944 1722
cat_boundaries=0 3 6 9 12 13 16 19 22
cat_threshold=2148007938 67108865 65536 33832960 13140236 25190408 87293952 17448976 55620738 2048 2684354560 8388609 4 16777216 540672 36866 605159680 2687500352 33558561 0 2097152 2097152
is_linear=0
shrinkage=0.05


Tree=64
num_leaves=31
num_cat=8
split_feature=25 20 18 3 20 11 25 25 18 25 20 18 20 23 11 25 10 2 20 11 20 2 25 18 20 20 9 11 25 18
split_gain=312.568 113.676 236.098 41.3029 26.3816 21.3338 7.88427 5.31583 4.05546 3.02415 2.696 2.59723 1.39585 1.29543 1.13548 1.11499 0.999834 0.821025 1.21054 0.789309 0.780415 0.669938 0.643466 2.93685 0.591262 0.508231 0.491581 1.02799 0.571131 0.485581
threshold=0 111600.00000000001 84600.000000000015 19968.000000000004 84600.000000000015 117344.00000000001 1 2 31200.000000000004 3 33000.000000000007 4500.0000000000009 648000.00000000012 4 93184.000000000015 5 0.29166666666666669 3.5000000000000004 176400.00000000003 96500.000000000015 20400.000000000004 31.500000000000004 6 9900.0000000000018 446400.00000000006 16200.000000000002 3.5000000000000004 88750.000000000015 7 39600.000000000007
decision_type=9 2 2 2 2 2 9 9 2 9 2 2 2 9 2 9 2 2 2 2 2 2 9 2 2 2 2 2 9 2
left_child=1 2 8 13 6 12 11 15 25 -9 -10 -2 -3 -4 -13 17 -8 18 19 -6 -16 26 -18 -24 -19 -1 28 -28 -11 -26
right_child=4 5 3 -5 7 -7 16 9 10 21 -12 14 -14 -15 20 -17 22 24 -20 -21 -22 -23 23 -25 29 -27 27 -29 -30 -31
leaf_value=-445.07996916209851 -139.1144099162216 -24.972330806599349 49.550285927224472 9.1479333249692001 -15.844623270149169 211.65498922128856 -53.085183627796191 380.75206005226141 0.44262479238095698 12.835418451778242 -0.055762908023098134 1.5406563174740313 1306.0434403351364 49.566100396828553 -23.209093224190838 -172.94845150822113 -123.46449706574647 -164.80831015415652 278.74329442006859 -543.97247671340017 8.1279435161291076 177.69992051638019 -106.23875477320081 3.7330672215258804 -124.9762550634197 -127.8097994007414 31.455139355883148 -284.6955134789311 -17.457753362173051 0.65700165618443762
leaf_weight=269 330 2507 290 334 534 302 271 351 213 256 848 732 315 2811 338 1816 16189 1375 237 235 212 207 1734 323 226 663 297 418 1808 465
leaf_count=269 330 2507 290 334 534 302 271 351 213 256 848 732 315 2811 338 1816 16189 1375 237 235 212 207 1734 323 226 663 297 418 1808 465
internal_value=-0.000900348 0.00747197 0.0118527 0.019792 -0.00342734 -0.000118363 -0.00440341 -0.0010423 -0.00183709 0.000497162 0.000277515 -0.00102217 -0.00147309 0.0215904 -7.78935e-06 -0.0020898 -0.00469453 -0.00149481 -0.000327382 -0.00129053 -0.00172102 -2.66856e-05 -0.00474189 -0.00378685 -0.00206963 -0.00423983 -0.000231932 -0.00135983 0.000159728 -0.000873017
internal_weight=36906 8552 5428 3435 28354 3124 20129 8225 1993 3337 1061 1612 2822 3101 1282 4888 18517 3072 1006 769 550 2986 18246 2057 2066 932 2779 715 2064 691
internal_count=36906 8552 5428 3435 28354 3124 20129 8225 1993 3337 1061 1612 2822 3101 1282 4888 18517 3072 1006 769 550 2986 18246 2057 2066 932 2779 715 2064 691
cat_boundaries=0 2 5 8 11 12 15 18 21
cat_threshold=2148007938 67108865 33832960 13140236 25190408 87298048 17448976 50443395 2048 2684354560 8388608 4 70516736 16777232 50340992 605159680 2687500352 33558561 0 2097152 2097152
is_linear=0
shrinkage=0.05


Tree=65
num_leaves=31
num_cat=11
split_feature=25 20 18 3 20 11 25 25 18 25 20 18 23 20 11 25 10 20 25 20 2 25 25 18 20 25 18 11 11 25
split_gain=312.776 110.607 237.41 41.3029 25.8281 24.926 7.68618 5.34792 4.10045 2.94775 2.696 2.59723 1.29543 1.25847 1.13548 1.04343 0.969448 0.87657 1.58013 0.780415 0.703838 0.698489 0.573569 2.93066 0.479419 0.45321 0.437423 0.345043 0.626561 0.956847
threshold=0 111600.00000000001 84600.000000000015 19968.000000000004 84600.000000000015 117344.00000000001 1 2 31200.000000000004 3 33000.000000000007 4500.0000000000009 4 648000.00000000012 93184.000000000015 5 0.29166666666666669 176400.00000000003 6 20400.000000000004 7.5000000000000009 7 8 9900.0000000000018 16200.000000000002 9 4500.0000000000009 102628.57142857143 88750.000000000015 10
decision_type=9 2 2 2 2 2 9 9 2 9 2 2 9 2 2 9 2 2 9 2 2 9 9 2 2 9 2 2 2 9
left_child=1 2 8 12 6 13 11 15 24 -9 -10 -2 -4 -3 -13 20 -8 25 -19 -16 21 -6 -18 26 -1 -17 -24 28 -11 -30
right_child=4 5 3 -5 7 -7 16 9 10 27 -12 14 -14 -15 19 17 22 18 -20 -21 -22 -23 23 -25 -26 -27 -28 -29 29 -31
leaf_value=-422.92597170535157 -132.15868942041052 -23.723714266269237 47.072771630863286 8.6905366587205215 18.485947923971981 201.00548438968406 -50.43092444640638 361.71445704964827 0.4204935527619455 2.9718684970186589 -0.052974762622034183 1.4636235016003412 47.087795376987202 1240.7412683183793 -22.048638562981253 -153.58654699374884 -117.29127221245915 337.85532639507591 -60.713610865297646 7.721546340322675 -47.689882548552127 -291.47096840310127 -104.03181871658383 3.5464138604495932 -121.41930943070439 -121.9860067859582 -68.92371230278016 20.318635828797415 5.2092094499728869 -267.3826116315567
leaf_weight=281 330 2507 290 334 221 324 271 351 213 1820 848 732 2811 315 338 829 16189 271 621 212 388 1488 1412 323 663 1177 310 444 322 271
leaf_count=281 330 2507 290 334 221 324 271 351 213 1820 848 732 2811 315 338 829 16189 271 621 212 388 1488 1412 323 663 1177 310 444 322 271
internal_value=-0.000861061 0.00749244 0.0118155 0.019792 -0.00339546 3.81182e-05 -0.0043608 -0.00103169 -0.00185601 0.000562111 0.000277515 -0.00102217 0.0215904 -0.00147309 -7.78935e-06 -0.00205213 -0.00464843 -0.00142268 -0.000123044 -0.00172102 -0.00290896 -0.00248101 -0.00469511 -0.00377978 -0.00424947 -0.00200697 -0.00461717 2.26548e-05 -0.000213252 -0.00162185
internal_weight=36906 8586 5440 3435 28320 3146 20117 8203 2005 3208 1061 1612 3101 2822 1282 4995 18505 2898 892 550 2097 1709 18234 2045 944 2006 1722 2857 2413 593
internal_count=36906 8586 5440 3435 28320 3146 20117 8203 2005 3208 1061 1612 3101 2822 1282 4995 18505 2898 892 550 2097 1709 18234 2045 944 2006 1722 2857 2413 593
cat_boundaries=0 3 6 9 12 13 16 19 22 25 28 30
cat_threshold=2148007938 67108865 65536 33832960 13140236 25190408 87293952 25837584 50377891 2048 2684354560 8388608 4 16777216 671744 16814083 0 0 8192 0 0 16809984 605159680 2687500352 33558561 1048576 0 9216 134221824 8
is_linear=0
shrinkage=0.05


Tree=66
num_leaves=31
num_cat=9
split_feature=25 20 18 3 25 11 20 25 11 18 18 11 25 20 25 18 11 18 11 18 25 27 10 11 25 20 10 25 25 2
split_gain=300.978 119.397 229.344 41.3029 24.9831 21.3016 8.44858 4.63611 3.65033 4.40819 3.46952 3.25101 2.44722 2.28213 1.94626 0.972787 0.635719 2.22865 0.626454 1.78787 2.34339 1.42126 0.587548 0.543702 0.78701 0.752022 0.448833 0.69319 0.40013 0.947393
threshold=0 111600.00000000001 84600.000000000015 19968.000000000004 1 117344.00000000001 84600.000000000015 2 79936.000000000015 31200.000000000004 3570.0000000000005 91080.000000000015 3 42000.000000000007 4 190800.00000000003 97652.000000000015 172650.00000000003 91080.000000000015 6300.0000000000009 5 3.3842466058243152 0.75000000000000011 84480.000000000015 6 446400.00000000006 23.500000000000004 7 8 1.5000000000000002
decision_type=9 2 2 2 9 2 2 9 2 2 2 2 9 2 9 2 2 2 2 2 9 8 2 2 9 2 2 9 9 2
left_child=1 2 8 -4 6 12 18 11 9 -1 -6 -8 -3 -11 15 23 28 -18 22 -20 21 -21 -2 24 -12 -25 27 -9 -16 -30
right_child=4 5 3 -5 10 -7 7 26 -10 13 14 -13 -14 -15 16 -17 17 -19 19 20 -22 -23 -24 25 -26 -27 -28 -29 29 -31
leaf_value=-115.64834395916915 -50.309378581713922 1178.224202666094 44.733405608138128 8.2560098257847141 -153.73668277407373 191.02196554073987 222.31849563780708 -6.9382276718018607 1.5484835217427873 0.39946887512378454 2.9232819147808189 -3.5723202515349843 -23.332525809949949 -0.050326024491005233 -33.408988892883848 579.79084393440951 -20.50961340875115 545.6691399873846 -132.58759386272698 -56.731244449149472 -84.999725994181802 126.22900520962904 -112.02670860183619 -109.88668258333885 -17.697587284758381 -7.2785651944108398 -40.749665102796286 -275.32743985036643 78.071907365459182 -9.0592823456236697
leaf_weight=783 286 269 3101 334 503 302 201 258 239 213 385 402 2712 795 2086 315 240 235 2760 203 554 209 12743 1849 1849 438 379 1647 255 361
leaf_count=783 286 269 3101 334 503 302 201 258 239 213 385 402 2712 795 2086 315 240 235 2760 203 554 209 12743 1849 1849 438 379 1647 255 361
internal_value=-0.000707978 0.00738699 0.0119215 0.019792 -0.00322471 -0.000141554 -0.00420576 -0.0017082 -0.00140256 -0.00217792 -0.000959194 0.00217073 -0.00142642 9.8998e-06 -0.000706801 -0.00133663 0.000255565 0.0019392 -0.00463836 -0.00405848 -0.00220041 0.000683961 -0.00480355 -0.00152664 -0.000970484 -0.00206859 -0.00273084 -0.00242528 -4.06817e-05 0.00106688
internal_weight=36906 8748 5465 3435 28158 3283 19642 2887 2030 1791 8516 603 2981 1008 8013 4836 3177 475 16755 3726 966 412 13029 4521 2234 2287 2284 1905 2702 616
internal_count=36906 8748 5465 3435 28158 3283 19642 2887 2030 1791 8516 603 2981 1008 8013 4836 3177 475 16755 3726 966 412 13029 4521 2234 2287 2284 1905 2702 616
cat_boundaries=0 2 5 7 9 12 15 18 21 24
cat_threshold=2148007938 67108929 889323524 2686731808 33920035 0 2686451712 2148007936 64 137625920 16916496 24141952 0 1024 33554432 1310720 16 2097152 0 0 33587200 16512 8421632 75497728
is_linear=0
shrinkage=0.05


Tree=67
num_leaves=31
num_cat=8
split_feature=25 20 18 3 25 11 20 25 18 11 18 11 25 25 20 20 25 20 10 25 11 18 25 27 11 18 10 11 18 12
split_gain=298.223 120.97 219.9 40.5867 24.9916 21.5076 8.3347 4.53442 3.58386 3.2876 5.5206 3.25101 1.99544 1.96192 1.72828 0.950563 1.69668 1.70797 0.912116 0.929889 0.684308 1.70189 2.14247 1.30848 0.598565 2.09315 0.577223 0.573502 0.504184 0.504155
threshold=0 111600.00000000001 84600.000000000015 19968.000000000004 1 117344.00000000001 84600.000000000015 2 3570.0000000000005 79936.000000000015 31200.000000000004 91080.000000000015 3 4 42000.000000000007 257400.00000000003 5 892800.00000000012 0.75000000000000011 6 91080.000000000015 6300.0000000000009 7 3.3842466058243152 97652.000000000015 172650.00000000003 0.29166666666666669 88750.000000000015 68400.000000000015 359200.00000000006
decision_type=9 2 2 2 9 2 2 9 2 2 2 2 9 9 2 2 9 2 2 9 2 2 9 8 2 2 2 2 2 2
left_child=1 2 9 -4 6 13 20 11 -6 10 -1 -8 15 -3 -12 18 28 -18 -10 27 26 -22 23 -23 -14 -26 -2 -20 -17 -21
right_child=4 5 3 -5 8 -7 7 -9 12 -11 14 -13 24 -15 -16 16 17 -19 19 29 21 22 -24 -25 25 -27 -28 -29 -30 -31
leaf_value=-109.86592676121073 -47.243909867204962 1119.6029941754939 42.496735327731585 7.8432093344956231 -146.36294605813197 181.47086726370279 211.20257085591732 -135.2249703358834 2.2971175615497486 1.4710593456556582 0.3794954313676499 -3.3937042389588896 -2.6705779674705075 -22.1608995421022 -0.047809723266618677 6.7352671137525251 281.90500849240925 -53.579676903656221 -7.3841932170515365 -139.76728466622612 -125.86820759162204 -53.894682226692012 -80.155717304597431 119.9175549491476 -19.484132738313612 518.38568298801545 -106.47537317174438 -15.90187300634425 -326.27788639237991 -159.48820884808796
leaf_weight=783 251 250 3101 334 527 302 201 2116 220 239 213 402 2954 2731 795 244 213 240 1328 425 2703 203 524 209 240 235 12671 758 439 1055
leaf_count=783 251 250 3101 334 527 302 201 2116 220 239 213 402 2954 2731 795 244 213 240 1328 425 2703 203 524 209 240 235 12671 758 439 1055
internal_value=-0.000682238 0.00737557 0.0119398 0.0196465 -0.00318743 -0.000202437 -0.00419863 -0.00163359 -0.000988753 -0.00110728 -0.00184328 0.00217073 -0.000736862 -0.00149346 0.000603959 -0.00138022 -0.000114237 0.00222581 -0.00176346 -0.00195628 -0.00462205 -0.00400852 -0.00216418 0.000566037 0.00019035 0.00183438 -0.00479418 -0.00125358 -0.00167626 -0.00291555
internal_weight=36906 8748 5465 3435 28158 3283 19280 2719 8878 2030 1791 603 8351 2981 1008 4922 1136 453 3786 3566 16561 3639 936 412 3429 475 12922 2086 683 1480
internal_count=36906 8748 5465 3435 28158 3283 19280 2719 8878 2030 1791 603 8351 2981 1008 4922 1136 453 3786 3566 16561 3639 936 412 3429 475 12922 2086 683 1480
cat_boundaries=0 2 5 7 10 12 15 18 21
cat_threshold=2148007938 67108929 889323524 2686469152 33920002 0 2686451712 137625920 16916992 24141985 524288 64 1048576 16908288 19922944 3408128 131584 4210816 0 1024 33554432
is_linear=0
shrinkage=0.05


Tree=68
num_leaves=31
num_cat=9
split_feature=25 20 18 3 25 11 20 25 18 18 11 25 20 3 20 23 25 18 11 18 25 9 9 20 25 25 18 3 10 11
split_gain=296.979 110.635 228.746 40.5867 26.4091 24.9864 7.98078 4.59546 4.47897 3.62251 3.25101 2.15234 1.62332 1.414 1.27348 1.15496 0.935609 1.98266 0.917844 1.1315 1.41478 1.13491 0.775247 1.05508 2.146 0.827115 0.71621 1.8642 0.578136 0.53145
threshold=0 111600.00000000001 84600.000000000015 19968.000000000004 1 117344.00000000001 84600.000000000015 2 31200.000000000004 3570.0000000000005 91080.000000000015 3 33000.000000000007 32384.000000000004 648000.00000000012 4 5 9900.0000000000018 97652.000000000015 13500.000000000002 6 1.5000000000000002 3.5000000000000004 158400.00000000003 7 8 3570.0000000000005 62768.000000000007 0.75000000000000011 93184.000000000015
decision_type=9 2 2 2 9 2 2 9 2 2 2 9 2 2 2 9 9 2 2 2 9 2 2 2 9 9 2 2 2 2
left_child=1 2 8 15 6 14 16 10 13 -6 -8 22 -10 -1 -3 -4 17 26 19 21 -21 -13 23 29 -25 -24 -2 -28 -18 -11
right_child=4 5 3 -5 9 -7 7 -9 12 11 -12 18 -14 -15 -16 -17 28 -19 -20 20 -22 -23 25 24 -26 -27 27 -29 -30 -31
leaf_value=-104.37263042315027 -86.952436025994103 -20.26285728535295 40.357626002526381 7.4510488677711697 -138.73170133246342 172.33056852997697 200.64244231312188 -142.95583958943115 0.36052065979929471 -16.193498259667876 -3.2240190270109452 2.794420669538022 -0.045419237103124038 -33.215208651990814 1063.8128450603806 40.371898561345006 -45.526714563387486 8.9003895012191609 491.74639762983281 -186.2962343655023 4.0944235573703853 -53.193431383896716 -369.80292180461197 949.87854745193113 -8.1990027422521958 -102.68938271199033 -83.210125147621042 3.7475639740059026 -101.40160451315717 -15.146779031777806
leaf_weight=762 786 2507 290 334 503 324 201 2159 213 1370 402 685 848 201 315 2811 304 209 339 391 1774 277 229 236 468 2170 330 217 14765 486
leaf_count=762 786 2507 290 334 503 324 201 2159 213 1370 402 685 848 201 315 2811 304 209 339 391 1774 277 229 236 468 2170 330 217 14765 486
internal_value=-0.000645661 0.0074823 0.0117936 0.0196465 -0.00311889 2.22351e-05 -0.00415605 -0.00166787 -0.00153998 -0.000865773 0.00217073 -0.000620032 0.000700845 -0.00400518 -0.00149079 0.0214293 -0.00457202 -0.00328829 0.000336399 6.87109e-05 -0.000565299 0.00149377 -0.00128646 -0.000683061 0.000963172 -0.00193461 -0.00401873 -0.00261384 -0.00469763 -0.00130786
internal_weight=36906 8605 5459 3435 28301 3146 19373 2762 2024 8928 603 8425 1061 963 2822 3101 16611 1542 3466 3127 2165 962 4959 2560 704 2399 1333 547 15069 1856
internal_count=36906 8605 5459 3435 28301 3146 19373 2762 2024 8928 603 8425 1061 963 2822 3101 16611 1542 3466 3127 2165 962 4959 2560 704 2399 1333 547 15069 1856
cat_boundaries=0 3 6 8 11 12 14 17 20 23
cat_threshold=2148007938 67108865 327680 889323524 2686469152 33592323 0 2686451712 137625856 17965584 24141984 4 0 1056 0 64 8388608 262144 0 3153920 0 0 18874368
is_linear=0
shrinkage=0.05


Tree=69
num_leaves=31
num_cat=9
split_feature=25 20 18 3 25 11 20 25 18 18 11 18 25 25 2 20 23 0 20 18 25 11 25 18 20 25 10 11 3 10
split_gain=296.152 113.447 224.694 40.4442 26.3484 21.2797 7.73827 4.55448 3.61471 3.35355 2.85173 1.90139 1.88546 1.40217 2.76255 1.24354 1.12767 1.10965 1.0618 0.987585 2.02594 0.853865 1.26431 0.699924 0.693414 0.574559 0.542742 0.361745 0.477704 0.359292
threshold=0 111600.00000000001 84600.000000000015 19968.000000000004 1 117344.00000000001 84600.000000000015 2 3570.0000000000005 31200.000000000004 88750.000000000015 190800.00000000003 3 4 3.5000000000000004 648000.00000000012 5 30.000000000000004 33000.000000000007 13500.000000000002 6 161920.00000000003 7 9900.0000000000018 16200.000000000002 8 0.29166666666666669 91080.000000000015 226304.00000000003 23.500000000000004
decision_type=9 2 2 2 9 2 2 9 2 2 2 2 9 9 2 2 9 2 2 2 9 2 9 2 2 9 2 2 2 2
left_child=1 2 9 16 6 15 13 10 -6 24 -8 12 17 14 -2 -3 -4 25 -11 20 -14 22 -21 -16 -1 -10 -15 -28 -29 -9
right_child=4 5 3 -5 8 -7 7 29 11 18 -12 -13 19 26 23 -17 -18 -19 -20 21 -22 -23 -24 -25 -26 -27 27 28 -30 -31
leaf_value=-153.92162132224965 8.8524978815343509 -19.249714421085447 38.339744702399912 7.0784964243823199 -135.02274965117101 163.78079547401819 190.61032019746636 -213.00240103502142 -12.783929347584763 0.34249462680927539 -6.862818981650344 1407.5950554303845 2.554699636061105 -42.55537833573117 -81.254817443345203 1010.6222028073622 38.353303633278124 7.039697560210425 -0.043148275247949647 -176.98142264722719 1.2840972867527463 467.12907895712272 -2.1651615701667741 -45.294645423365729 -98.853998901992782 -122.30710795463307 -96.131524287499317 -136.02474415894855 -117.79472227689135 -27.944112086955375
leaf_weight=287 268 2507 290 334 480 302 225 1931 1711 213 410 305 632 246 1351 315 2811 256 848 391 237 213 1848 241 664 2376 12289 263 2220 442
leaf_count=287 268 2507 290 334 480 302 225 1931 1711 213 410 305 632 246 1351 315 2811 256 848 391 237 213 1848 241 664 2376 12289 263 2220 442
internal_value=-0.000652434 0.00748514 0.011849 0.0196174 -0.00311585 -0.000102368 -0.00410996 -0.00177409 -0.00077355 -0.00142006 0.00197063 -0.000520011 -0.000674408 -0.00452844 -0.00315171 -0.00145538 0.021397 -0.00135821 0.000512699 0.000223521 0.00167049 -0.000289325 -0.000577868 -0.0039586 -0.00357293 -0.00156151 -0.00469328 -0.00473535 -0.00417103 -0.00277359
internal_weight=36906 8571 5447 3435 28335 3124 19886 3008 8449 2012 635 7969 7664 16878 1860 2822 3101 4343 1061 3321 869 2452 2239 1592 951 4087 15018 14772 2483 2373
internal_count=36906 8571 5447 3435 28335 3124 19886 3008 8449 2012 635 7969 7664 16878 1860 2822 3101 4343 1061 3321 869 2452 2239 1592 951 4087 15018 14772 2483 2373
cat_boundaries=0 3 6 9 12 15 16 19 22 25
cat_threshold=2148007938 67108865 262144 889585668 2699052064 35755266 0 2686451712 256 137363776 17965568 22044833 262144 12583968 2162688 4 16512 32768 8389128 0 64 8388608 2097472 1187840 5259264
is_linear=0
shrinkage=0.05


Tree=70
num_leaves=31
num_cat=6
split_feature=25 20 18 3 25 11 18 11 18 18 25 11 26 18 25 10 20 25 20 20 25 18 27 11 10 10 20 2 10 3
split_gain=295.91 121.048 217.196 40.4442 26.0613 21.5076 7.4649 4.00956 4.35476 3.87046 2.65118 2.95828 2.09716 1.83144 1.95773 1.49342 1.47596 1.34716 1.2544 1.15047 1.05463 1.53454 1.12074 1.17033 0.539412 0.458882 0.401255 0.393305 0.332101 0.232051
threshold=0 111600.00000000001 84600.000000000015 19968.000000000004 1 117344.00000000001 27000.000000000004 79936.000000000015 31200.000000000004 3570.0000000000005 2 91080.000000000015 1.0000000180025095e-35 190800.00000000003 3 1.0714285714285716 403200.00000000006 4 648000.00000000012 42000.000000000007 5 3570.0000000000005 2.524928003624769 101200.00000000001 0.29166666666666669 0.75000000000000011 124800.00000000001 50.000000000000007 0.41666666666666669 80960.000000000015
decision_type=9 2 2 2 9 2 2 2 2 2 9 2 2 2 9 2 2 9 2 2 9 2 8 2 2 2 2 2 2 2
left_child=1 2 7 -4 6 18 20 8 -1 -6 11 -8 13 14 16 26 25 -16 29 -10 21 -2 -23 -24 -22 -11 -13 -12 -19 -3
right_child=4 5 3 -5 9 -7 10 -9 19 12 27 15 -14 -15 17 -17 -18 28 -20 -21 24 22 23 -25 -26 -27 -28 -29 -30 -31
leaf_value=-94.211298956893188 -78.54207335252714 -16.997228404392082 36.435638451614068 6.7245716031633496 -123.27245260735052 155.59175570031755 181.07980418759254 4.3244375474292616 0.32536989546879341 -6.952165075248101 -152.65608247036889 -64.907819128156916 -63.482138169233309 1337.2153026588658 48.411293612685405 -447.67609415686758 16.789655451072033 35.112049055449027 960.09109266699534 -0.040990861485624919 -40.427609442786483 -74.246878246954566 -14.177065247254905 10.642560565324267 -91.624948073124358 -122.29679713457884 18.215362363883468 -26.956657681349316 -12.068579247903713 -170.81680519328131
leaf_weight=791 801 2383 3101 334 535 302 238 250 213 229 1901 243 286 305 211 242 303 322 316 795 256 354 358 266 14134 2157 277 295 4426 282
leaf_count=791 801 2383 3101 334 535 302 238 250 213 229 1901 243 286 305 211 242 303 322 316 795 256 354 358 266 14134 2157 277 295 4426 282
internal_value=-0.000632113 0.00738296 0.0119358 0.0196174 -0.00313115 -0.000202437 -0.0041557 -0.000948319 -0.00177402 -0.00086729 -0.00194809 0.000197627 -0.00060005 -0.000448147 -0.000600001 -0.00132199 -0.00168271 -9.05369e-06 -0.00149346 0.000405939 -0.00459434 -0.00334729 -0.00203061 -0.0007508 -0.0047424 -0.00210637 0.00019157 -0.00291214 -0.000186976 -0.00184665
internal_weight=36906 8767 5484 3435 28139 3283 19365 2049 1799 8774 3196 1000 8239 7953 7648 762 2689 4959 2981 1008 16169 1779 978 624 14390 2386 520 2196 4748 2665
internal_count=36906 8767 5484 3435 28139 3283 19365 2049 1799 8774 3196 1000 8239 7953 7648 762 2689 4959 2981 1008 16169 1779 978 624 14390 2386 520 2196 4748 2665
cat_boundaries=0 3 6 9 12 15 18
cat_threshold=2148007938 67108929 262144 889585668 543179808 35755266 0 538968064 33554432 136314944 25305344 22044833 6144 2147745796 512 262144 1056 66560
is_linear=0
shrinkage=0.05


Tree=71
num_leaves=31
num_cat=7
split_feature=25 20 18 3 25 11 18 18 11 18 25 11 26 25 18 10 25 20 20 20 25 18 27 11 10 2 20 11 25 3
split_gain=295.352 120.442 217.196 40.4442 26.6492 20.851 7.27101 4.18111 4.00956 4.35476 2.58186 2.76777 2.13741 1.78074 1.75534 1.49342 1.44575 1.51796 1.22177 1.15047 1.04326 1.58546 1.24226 1.01835 0.538436 0.459901 0.401255 0.329993 0.265297 0.18527
threshold=0 111600.00000000001 84600.000000000015 19968.000000000004 1 117344.00000000001 27000.000000000004 3570.0000000000005 79936.000000000015 31200.000000000004 2 91080.000000000015 1.0000000180025095e-35 3 190800.00000000003 1.0714285714285716 4 403200.00000000006 345300.00000000006 42000.000000000007 5 3570.0000000000005 2.524928003624769 101200.00000000001 0.29166666666666669 50.000000000000007 124800.00000000001 125536.00000000001 6 80960.000000000015
decision_type=9 2 2 2 9 2 2 2 2 2 9 2 2 9 2 2 9 2 2 2 9 2 8 2 2 2 2 2 9 2
left_child=1 2 8 -4 6 18 20 -6 9 -1 11 -8 13 -9 16 26 17 -15 29 -11 21 -2 -23 -24 -22 28 -13 -18 -12 -3
right_child=4 5 3 -5 7 -7 10 12 -10 19 25 15 -14 14 -16 -17 27 -19 -20 -21 24 22 23 -25 -26 -27 -28 -29 -30 -31
leaf_value=-89.500734009048585 -74.614969684900785 -16.14736698417255 34.613856529033363 6.3883430230052909 -118.26042606823705 147.81216791530122 172.02581397821342 46.130729966787477 4.1082156700576888 0.30910140069536285 -148.29827697054336 -61.662428171748985 -60.308031260771628 -112.67564232698311 1270.3545375259221 -425.29228944902417 -10.379012022556243 16.150171152639814 912.01153763429329 -0.038941318411525573 -38.396228968262953 -70.534534334606846 -13.398211133737824 10.110432537058045 -87.043700669468137 -25.608824797281706 17.304594245689806 135.36894574149528 -12.99360336753889 -162.27596453082245
leaf_weight=791 795 2383 3101 334 569 302 238 204 250 213 1638 243 286 2422 305 242 4531 315 336 795 255 354 314 266 14100 291 277 258 236 262
leaf_count=791 795 2383 3101 334 569 302 238 204 250 213 1638 243 286 2422 305 242 4531 315 336 795 255 354 314 266 14100 291 277 258 236 262
internal_value=-0.000613147 0.00739435 0.0119358 0.0196174 -0.00310984 -0.000171995 -0.00415581 -0.000842508 -0.000948319 -0.00177402 -0.00196558 0.00014822 -0.000559295 -0.000407492 -0.000529773 -0.00132199 -0.000681457 -0.00159513 -0.00144318 0.000405939 -0.00458908 -0.00332855 -0.00194445 -0.000515465 -0.00473481 -0.00292834 0.00019157 -0.000155177 -0.00264925 -0.00180393
internal_weight=36906 8767 5484 3435 28139 3283 19249 8890 2049 1799 3165 1000 8321 8035 7831 762 7526 2737 2981 1008 16084 1729 934 580 14355 2165 520 4789 1874 2645
internal_count=36906 8767 5484 3435 28139 3283 19249 8890 2049 1799 3165 1000 8321 8035 7831 762 7526 2737 2981 1008 16084 1729 934 580 14355 2165 520 4789 1874 2645
cat_boundaries=0 3 6 9 12 15 18 21
cat_threshold=2148007938 67108929 262144 889585668 543179808 35753986 0 538968064 33554432 2048 2148007940 512 136314944 25305344 22045857 262144 1056 65536 0 16384 2101250
is_linear=0
shrinkage=0.05


Tree=72
num_leaves=31
num_cat=7
split_feature=25 20 18 3 25 11 18 25 18 11 18 25 18 25 25 18 27 12 20 20 11 20 25 3 10 18 11 18 11 11
split_gain=297.832 117.384 217.711 40.4442 26.4933 19.713 7.64531 4.98691 4.08233 4.04265 4.26799 3.68779 1.66868 1.52129 1.33263 1.91225 1.40605 1.49035 1.13374 1.02432 0.97397 0.557507 0.575327 0.696152 0.536783 0.483019 1.2016 0.821385 0.529317 0.448158
threshold=0 111600.00000000001 84600.000000000015 19968.000000000004 1 117344.00000000001 27000.000000000004 2 3570.0000000000005 79936.000000000015 31200.000000000004 3 190800.00000000003 4 5 3570.0000000000005 2.524928003624769 97652.000000000015 446400.00000000006 42000.000000000007 359200.00000000006 54000.000000000007 6 89600.000000000015 0.29166666666666669 111600.00000000001 91080.000000000015 68400.000000000015 161920.00000000003 88750.000000000015
decision_type=9 2 2 2 9 2 2 9 2 2 2 9 2 9 9 2 8 2 2 2 2 2 9 2 2 2 2 2 2 2
left_child=1 2 9 -4 6 7 14 -3 -6 10 -1 -8 13 18 15 -2 -17 -18 -10 -12 21 -13 -23 -24 -16 27 -27 28 -15 -29
right_child=4 5 3 -5 8 -7 11 -9 12 -11 19 20 -14 25 24 16 17 -19 -20 -21 -22 22 23 -25 -26 26 -28 29 -30 -31
leaf_value=-85.025697308596136 -70.884221200655745 867.05096085748232 32.883163702581804 6.0689258718550265 -113.7801427890946 140.42155951953563 162.87452327930225 -17.910493226454875 -122.37312949871011 3.9028048865548044 0.29364633066052193 -59.622630706243626 1206.8368106496262 0.85273535714752602 -36.476417519849797 -67.007807617876509 -12.628300577050869 9.6824526422074086 5.0907219599816926 -0.036994252491058435 -3.6394392642275109 -8.161763887255189 -180.36439845710561 -25.198385088064242 -82.691515635994719 8.6632109127313015 438.20760668458536 -43.665314261971076 -70.47873023834309 -226.98333461877849
leaf_weight=791 838 248 3101 334 526 302 385 2890 2041 250 213 473 305 2908 255 354 350 296 275 795 372 238 1630 429 14100 1269 206 263 219 250
leaf_count=791 838 248 3101 334 526 302 385 2890 2041 250 213 473 305 2908 255 354 350 296 275 795 372 238 1630 429 14100 1269 206 263 219 250
internal_value=-0.000569796 0.00737802 0.0119267 0.0196174 -0.00310638 0.000145263 -0.00410247 -0.00103185 -0.000726373 -0.000972697 -0.00180178 -0.00199348 -0.000436807 -0.000585902 -0.00456406 -0.00321081 -0.00174651 -0.000354939 -0.00164519 0.000356434 -0.00255549 -0.002886 -0.00255981 -0.00282231 -0.00473133 -0.0001024 0.000660121 -0.000411863 -0.000107064 -0.00226214
internal_weight=36906 8924 5484 3435 27982 3440 19720 3138 8262 2049 1799 3527 7736 7431 16193 1838 1000 646 2316 1008 3142 2770 2297 2059 14355 5115 1475 3640 3127 513
internal_count=36906 8924 5484 3435 27982 3440 19720 3138 8262 2049 1799 3527 7736 7431 16193 1838 1000 646 2316 1008 3142 2770 2297 2059 14355 5115 1475 3640 3127 513
cat_boundaries=0 3 6 7 10 13 16 18
cat_threshold=2150105090 67108929 262144 889585668 2691187744 35753986 2621440 0 536870912 33554432 134217728 16916992 22045857 262144 2148008992 65536 67371008 2147483648
is_linear=0
shrinkage=0.05


Tree=73
num_leaves=31
num_cat=10
split_feature=25 20 18 3 25 11 18 11 18 18 25 25 2 20 11 20 25 26 25 25 18 27 18 25 18 23 3 3 25 10
split_gain=301.392 112.517 217.711 40.4442 26.5345 19.5498 6.80886 4.04265 4.26799 3.71954 3.1435 3.05151 2.54144 1.19073 1.03811 1.02432 0.985557 0.882852 1.27229 0.796586 1.63099 1.73763 0.710343 2.23778 0.927037 0.633648 0.896033 0.590927 0.571511 0.532109
threshold=0 111600.00000000001 84600.000000000015 19968.000000000004 1 117344.00000000001 27000.000000000004 79936.000000000015 31200.000000000004 3570.0000000000005 2 3 1.5000000000000002 257400.00000000003 359200.00000000006 42000.000000000007 4 1.0000000180025095e-35 5 6 3570.0000000000005 2.524928003624769 111600.00000000001 7 68400.000000000015 8 10752.000000000002 89600.000000000015 9 0.29166666666666669
decision_type=9 2 2 2 9 2 2 2 2 2 9 9 2 2 2 2 9 2 9 9 2 8 2 9 2 9 2 2 9 2
left_child=1 2 7 -4 6 12 19 8 -1 -6 13 -8 -3 17 27 -10 -15 18 -11 20 -2 -22 24 -24 -12 -14 -27 28 -13 -21
right_child=4 5 3 -5 9 -7 11 -9 15 10 22 14 25 16 -16 -17 -18 -19 -20 29 21 -23 23 -25 -26 26 -28 -29 -30 -31
leaf_value=-80.774412443166341 -67.340010140622965 1.4019567487033784 31.239005517452462 5.7654795782626032 -107.95996562871126 133.40048154355853 154.73079711533649 3.7076646422268826 0.27896401412745037 15.314474074402268 -2.6120263755994557 -135.30722242070169 -43.275017838396167 -718.84133168936899 -3.4574673010162571 -0.035144539866450941 23.163889830991806 -54.311498162420868 -100.61500921478356 -34.632596639088938 -63.657417236982681 6.1011543602433678 5.4301233112593765 416.64722635035582 -165.43679121025562 -5.0744966067170028 -1265.0018254931467 -30.108353992518758 4.2380481338033862 -78.556939854194979
leaf_weight=791 795 743 3101 334 575 302 385 250 213 457 3135 249 581 254 372 795 379 286 3269 253 354 397 1364 239 527 1251 406 552 204 14093
leaf_count=791 795 743 3101 334 575 302 385 250 213 457 3135 249 581 254 372 795 379 286 3269 253 354 397 1364 239 527 1251 406 552 204 14093
internal_value=-0.000552185 0.00753673 0.0119267 0.0196174 -0.00307431 0.000223743 -0.0042579 -0.000972697 -0.00180178 -0.00107888 -0.000852503 -0.00130953 -0.00100738 -0.00179837 -0.00240101 0.000356434 0.000212597 -0.00212008 -0.00191255 -0.00458727 -0.00338896 -0.00173307 -1.42138e-05 0.000862927 -0.000398473 -0.00184822 -0.0013472 -0.00325224 -0.0019011 -0.00471027
internal_weight=36906 8767 5484 3435 28139 3283 17654 2049 1799 10485 9910 1762 2981 4645 1377 1008 633 4012 3726 15892 1546 751 5265 1603 3662 2238 1657 1005 453 14346
internal_count=36906 8767 5484 3435 28139 3283 17654 2049 1799 10485 9910 1762 2981 4645 1377 1008 633 4012 3726 15892 1546 751 5265 1603 3662 2238 1657 1005 453 14346
cat_boundaries=0 3 6 9 12 15 18 21 24 25 28
cat_threshold=2148007938 67108929 262144 889323524 538985504 35753984 136577024 2164924416 22045859 0 536870912 33554432 0 2164391936 17825792 0 2148147200 20987904 0 1056 65536 128 1048584 67108864 4 0 16384 4096
is_linear=0
shrinkage=0.05


Tree=74
num_leaves=31
num_cat=9
split_feature=25 20 18 3 25 11 18 23 18 18 25 25 2 20 23 20 11 26 25 25 18 27 11 18 11 18 11 23 3 3
split_gain=299.612 111.117 218.697 40.373 27.1067 20.0582 6.86354 3.95784 4.29753 3.81192 3.18319 2.99054 2.54144 1.17025 1.11412 1.02679 1.00599 0.910432 1.27522 0.855555 1.65508 1.49556 1.41201 0.686371 2.06336 0.640602 0.734935 0.633648 0.896033 0.567315
threshold=0 111600.00000000001 84600.000000000015 19968.000000000004 1 117344.00000000001 27000.000000000004 2 31200.000000000004 3570.0000000000005 3 4 1.5000000000000002 257400.00000000003 5 33000.000000000007 359200.00000000006 1.0000000180025095e-35 6 7 3570.0000000000005 2.524928003624769 101200.00000000001 111600.00000000001 102628.57142857143 68400.000000000015 88750.000000000015 8 10752.000000000002 89600.000000000015
decision_type=9 2 2 2 9 2 2 9 2 2 9 9 2 2 9 2 2 2 9 9 2 8 2 2 2 2 2 9 2 2
left_child=1 2 7 14 6 12 19 -1 -9 -6 13 -8 -3 17 -4 -10 29 18 -11 20 -2 -22 -23 25 -25 -12 -27 -14 -29 -13
right_child=4 5 3 -5 9 -7 11 8 15 10 23 16 27 -15 -16 -17 -18 -19 -20 -21 21 22 -24 24 -26 26 -28 28 -30 -31
leaf_value=3.4572829085762353 -63.973009633591829 1.3318589112677728 29.664174257245762 5.4772055993496913 -102.44476007948988 126.66370209583991 146.99425725956971 -76.735691821008004 0.26501581342108693 23.198404545969741 -3.9133236804421525 -112.28187795082013 -41.111266946476462 3.2629872898990473 29.677055241580092 -0.033387312872946495 -3.2845939359655301 -51.595923254299805 -95.574266500264002 -74.57909286148525 -60.474546375133542 -41.481754277499277 8.8932722920848395 10.85850340811303 395.61486503283817 -32.870208108594674 -207.3623283273264 -4.8207717763812985 -1201.7517342184892 -229.99064441626544
leaf_weight=238 787 743 290 334 574 324 385 794 213 405 3162 453 581 490 2811 816 372 286 3250 14346 354 222 206 1505 235 279 264 1251 406 530
leaf_count=238 787 743 290 334 574 324 385 794 213 405 3162 453 581 490 2811 816 372 286 3250 14346 354 222 206 1505 235 279 264 1251 406 530
internal_value=-0.0005278 0.00751674 0.0118807 0.0196029 -0.00304887 0.000279709 -0.00424379 -0.000996123 -0.00178904 -0.00102753 -0.000797734 -0.00126292 -0.00100738 -0.00179046 0.0213809 0.000344325 -0.00235918 -0.0020809 -0.00186629 -0.00457216 -0.00334915 -0.0017347 0.000255813 1.37426e-05 0.000832375 -0.000370921 -0.00195413 -0.00184822 -0.0013472 -0.0032132
internal_weight=36906 8801 5496 3435 28105 3305 17655 2061 1823 10450 9876 1740 2981 4431 3101 1029 1355 3941 3655 15915 1569 782 428 5445 1740 3705 543 2238 1657 983
internal_count=36906 8801 5496 3435 28105 3305 17655 2061 1823 10450 9876 1740 2981 4431 3101 1029 1355 3941 3655 15915 1569 782 428 5445 1740 3705 543 2238 1657 983
cat_boundaries=0 3 6 7 10 13 14 17 19 20
cat_threshold=2148007938 67108929 327680 889323524 539509792 35688448 4 136577024 2147614720 20997283 0 536870912 33554432 4 0 2147614720 20987904 0 525344 4
is_linear=0
shrinkage=0.05


Tree=75
num_leaves=31
num_cat=7
split_feature=25 20 18 3 25 11 18 11 18 18 25 25 11 2 10 26 20 25 20 25 18 27 18 11 23 3 18 11 10 11
split_gain=298.754 112.342 217.404 40.373 27.6191 19.5498 6.21928 4.04265 4.26799 3.87578 3.01658 2.38262 2.95828 2.27886 1.49342 1.14034 1.02432 0.990215 1.24802 0.80023 1.69878 1.63765 0.684977 2.06336 0.674355 0.950001 0.642573 0.734935 0.613885 0.47126
threshold=0 111600.00000000001 84600.000000000015 19968.000000000004 1 117344.00000000001 27000.000000000004 79936.000000000015 31200.000000000004 3570.0000000000005 2 3 91080.000000000015 1.5000000000000002 1.0714285714285716 1.0000000180025095e-35 42000.000000000007 4 257400.00000000003 5 3570.0000000000005 2.524928003624769 111600.00000000001 102628.57142857143 6 10752.000000000002 68400.000000000015 88750.000000000015 0.29166666666666669 156800.00000000003
decision_type=9 2 2 2 9 2 2 2 2 2 9 9 2 2 2 2 2 9 2 9 2 8 2 2 9 2 2 2 2 2
left_child=1 2 7 -4 6 13 19 8 -1 -6 15 12 -8 -3 -14 17 -10 -11 -19 20 -2 -22 26 -24 -15 -26 29 -28 -21 -12
right_child=4 5 3 -5 9 -7 11 -9 16 10 22 -13 14 24 -16 -17 -18 18 -20 28 21 -23 23 -25 25 -27 27 -29 -30 -31
leaf_value=-72.8989072299577 -60.774359151912222 1.265265965704748 28.193202479500908 5.2033453193820609 -97.439729343301224 120.39727236158895 143.23256541624082 3.3494172646867812 0.25176502275007806 42.126636687519209 0.50548884198099453 -11.413514382574068 7.3118686823244037 -39.055703599152551 -389.76280580173056 -49.016127091584806 -0.031717947229481069 -91.705549601356324 3.5148420059380445 -29.17201216406022 -57.450819056376851 5.3514330276269453 10.315578237707086 375.83412178119619 -4.5797331875623062 -1141.6641475075648 -31.226697703164973 -196.99421191096044 -70.900138218410987 -67.868513668501507
leaf_weight=791 795 743 3101 334 575 302 238 250 213 212 3020 762 520 581 242 286 795 3501 384 253 354 397 1505 235 1251 406 279 264 14093 224
leaf_count=791 795 743 3101 334 575 302 238 250 213 212 3020 762 520 581 242 286 795 3501 384 253 354 397 1505 235 1251 406 279 264 14093 224
internal_value=-0.000522381 0.00753104 0.0119176 0.0196029 -0.00303346 0.000223743 -0.00424092 -0.000972697 -0.00180178 -0.000997905 -0.000766749 -0.0014229 0.000197627 -0.00100738 -0.00132199 -0.00174403 0.000356434 -0.0015333 -0.00171286 -0.00455581 -0.00335687 -0.00166667 1.17338e-05 0.000832375 -0.00180357 -0.00128692 -0.000365533 -0.00195413 -0.00467893 -9.85841e-05
internal_weight=36906 8767 5484 3435 28139 3283 17654 2049 1799 10485 9910 1762 1000 2981 762 4383 1008 4097 3885 15892 1546 751 5527 1740 2238 1657 3787 543 14346 3244
internal_count=36906 8767 5484 3435 28139 3283 17654 2049 1799 10485 9910 1762 1000 2981 762 4383 1008 4097 3885 15892 1546 751 5527 1740 2238 1657 3787 543 14346 3244
cat_boundaries=0 3 6 9 12 14 17 18
cat_threshold=2148007938 67108929 262144 889323524 538985504 35753984 136577024 2147614720 20996259 0 538968064 33554432 134217728 2147614720 0 1056 65536 4
is_linear=0
shrinkage=0.05


Tree=76
num_leaves=31
num_cat=10
split_feature=25 20 18 3 25 2 11 25 20 18 18 25 11 25 23 2 25 20 20 11 20 25 26 20 2 25 11 23 3 10
split_gain=297.052 111.211 215.797 39.9049 27.753 22.6131 19.5345 12.6819 7.76079 4.70274 3.82747 2.94634 2.66151 2.41943 2.12996 2.01499 1.21824 1.11365 1.02105 0.887023 1.53324 1.7872 0.903549 0.843051 0.827397 1.05919 0.791346 0.648517 0.97757 0.547426
threshold=0 111600.00000000001 84600.000000000015 19968.000000000004 1 7.5000000000000009 117344.00000000001 2 84600.000000000015 31200.000000000004 3570.0000000000005 3 91080.000000000015 4 5 1.5000000000000002 6 257400.00000000003 42000.000000000007 91080.000000000015 6300.0000000000009 7 1.0000000180025095e-35 547200.00000000012 44.000000000000007 8 97652.000000000015 9 10752.000000000002 0.29166666666666669
decision_type=9 2 2 2 9 2 2 9 2 2 2 9 2 9 9 2 9 2 2 2 2 9 2 2 2 9 2 9 2 2
left_child=1 2 7 5 8 -4 15 9 19 -1 -6 12 -10 17 -7 16 -3 -12 -11 29 -21 22 -22 -19 25 -13 -15 -17 -29 -2
right_child=4 6 3 -5 10 14 -8 -9 11 18 13 24 -14 26 -16 27 -18 23 -20 20 21 -23 -24 -25 -26 -27 -28 28 -30 -31
leaf_value=-69.25396186845974 -27.733411536783731 190.72757724753103 26.28542322957874 4.9431780534127032 -93.308339412843452 26.771305420409046 114.37740874350955 11.804385523013769 155.30859430214551 0.23917677161261963 -112.39408712368193 14.365207015418129 -4.3421933661113146 -5.5839148457210062 26.783542355526151 -36.892921909642972 -66.412183237272259 71.637176203365343 -0.030132049867825118 -84.535170446454629 122.06347944903888 -48.830324471832597 -39.512823270155742 -308.36339519245524 -9.5228390639880676 -220.09544717535755 270.53132580929343 -4.3507465281840272 -1084.5809401321865 -67.00513130749043
leaf_weight=904 245 581 208 334 533 290 302 347 201 213 3388 269 402 4997 2616 585 263 228 794 2660 219 530 243 214 337 318 362 1251 406 12666
leaf_count=904 245 581 208 334 533 290 302 347 201 213 3388 269 402 4997 2616 585 263 228 794 2660 219 530 243 214 337 318 362 1251 406 12666
internal_value=-0.000461419 0.00737755 0.0116451 0.0195101 -0.00302653 0.0212709 0.000209438 -0.000371683 -0.00418462 -0.00197868 -0.00086912 -0.000775018 0.00192683 -0.000630509 0.0224106 -0.000981219 0.00109929 -0.00158772 0.000361743 -0.00450136 -0.00380679 -0.00212274 0.000189872 0.000765765 -0.00253205 -0.00141766 5.67853e-05 -0.00176471 -0.00125678 -0.00469721
internal_weight=36906 9094 5706 3448 27812 3114 3388 2258 18090 1911 9722 1527 603 9189 2906 3086 844 3830 1007 16563 3652 992 462 442 924 587 5359 2242 1657 12911
internal_count=36906 9094 5706 3448 27812 3114 3388 2258 18090 1911 9722 1527 603 9189 2906 3086 844 3830 1007 16563 3652 992 462 442 924 587 5359 2242 1657 12911
cat_boundaries=0 3 6 8 10 13 14 16 19 22 23
cat_threshold=2148270082 67108929 262144 889323524 2686469152 35753984 0 67108865 0 2686451712 136314880 1187840 20996259 4 524288 67108864 0 1024 35651584 0 0 33587200 4
is_linear=0
shrinkage=0.05


Tree=77
num_leaves=31
num_cat=10
split_feature=25 20 18 3 25 2 11 25 18 18 18 25 25 25 23 26 11 20 25 20 20 3 25 18 27 20 25 12 11 20
split_gain=290.765 109.777 223.221 39.9049 27.383 22.6131 20.3099 7.77762 6.71736 4.67423 3.81789 3.29461 2.56472 2.54625 2.12996 1.23046 1.11664 1.03738 0.953411 0.83262 0.831604 0.792083 0.766697 1.73324 1.71848 0.735108 1.82948 2.86377 0.747348 0.605612
threshold=0 111600.00000000001 84600.000000000015 19968.000000000004 1 7.5000000000000009 117344.00000000001 2 19800.000000000004 31200.000000000004 3570.0000000000005 3 4 5 6 1.0000000180025095e-35 359200.00000000006 42000.000000000007 7 257400.00000000003 124800.00000000001 89600.000000000015 8 3570.0000000000005 2.524928003624769 111600.00000000001 9 177040.00000000003 156800.00000000003 62400.000000000007
decision_type=9 2 2 2 9 2 2 9 2 2 2 9 9 9 9 2 2 2 9 2 2 2 9 2 8 2 9 2 2 2
left_child=1 2 7 5 8 -4 12 -1 22 -9 -6 20 -3 15 -7 18 21 -11 -12 -20 -10 -13 23 -2 -25 28 -27 -28 29 -15
right_child=4 6 3 -5 10 14 -8 9 11 17 13 16 -14 25 -16 -17 -18 -19 19 -21 -22 -23 -24 24 -26 26 27 -29 -30 -31
leaf_value=15.047186233082158 -53.508882671993888 813.39708016539521 24.971152068099766 4.6960191507423588 -87.380686285413873 25.432740149388703 108.65853830633375 -65.791263775036711 5.0745736459499318 0.2272179330320796 33.588501638574421 -114.5418392744503 -15.338184121332233 0.30915239542622164 25.444365237750027 -44.123804513413916 1.1377927106005743 -0.028625447374361103 -108.2411444132991 27.303067343255051 125.26748641067243 -38.921749625480885 -63.904874742115908 -51.274176176437756 9.3506189782726103 -2.3805033707025327 343.51584940167231 -14.847619562549419 -116.74024005082575 -91.022498024562367
leaf_weight=302 795 215 208 334 551 290 302 907 203 213 249 570 2712 2157 2616 286 336 799 3238 419 200 536 14474 354 387 2113 233 254 217 436
leaf_count=302 795 215 208 334 551 290 302 907 203 213 249 570 2712 2157 2616 286 336 799 3238 419 200 536 14474 354 387 2113 233 254 217 436
internal_value=-0.000515608 0.00735241 0.0115509 0.0195101 -0.00301713 0.0212709 1.54632e-06 -0.000811967 -0.00419628 -0.0019912 -0.000940975 -0.00134001 -0.00127518 -0.000709081 0.0224106 -0.00163178 -0.00244842 0.000335305 -0.00140225 -0.00160398 0.00261446 -0.00323105 -0.00452786 -0.00334625 -0.0016218 9.2205e-06 0.00061491 0.00333667 -0.00055121 -0.000314067
internal_weight=36906 8898 5669 3448 28008 3114 3229 2221 17855 1919 10153 1845 2927 9602 2906 4192 1442 1012 3906 3657 403 1106 16010 1536 741 5410 2600 487 2810 2593
internal_count=36906 8898 5669 3448 28008 3114 3229 2221 17855 1919 10153 1845 2927 9602 2906 4192 1442 1012 3906 3657 403 1106 16010 1536 741 5410 2600 487 2810 2593
cat_boundaries=0 3 6 9 12 13 16 17 19 22 25
cat_threshold=2148270082 67108865 262144 889323524 538985568 33656833 2147745792 0 262144 0 536871936 33554432 2148270080 136314880 2157060608 20996258 4 0 2148532224 0 1056 65536 1048768 17301512 67109120
is_linear=0
shrinkage=0.05


Tree=78
num_leaves=31
num_cat=9
split_feature=25 20 18 3 25 11 20 11 18 18 25 11 25 20 20 20 11 18 2 25 25 18 20 18 3 10 25 25 25 11
split_gain=288.722 117.671 217.404 40.373 29.1669 20.4462 7.93408 4.04265 4.26799 3.96015 2.80744 2.66151 2.57158 1.2244 1.10381 1.02432 0.941328 4.46877 0.921208 0.913686 0.826312 1.88638 0.802681 0.724859 1.76409 0.502188 0.451586 0.388548 0.335207 0.291261
threshold=0 111600.00000000001 84600.000000000015 19968.000000000004 1 117344.00000000001 84600.000000000015 79936.000000000015 31200.000000000004 3570.0000000000005 2 91080.000000000015 3 257400.00000000003 648000.00000000012 42000.000000000007 93184.000000000015 16500.000000000004 44.000000000000007 4 5 9900.0000000000018 547200.00000000012 3570.0000000000005 62768.000000000007 0.29166666666666669 6 7 8 91080.000000000015
decision_type=9 2 2 2 9 2 2 2 2 2 9 2 9 2 2 2 2 2 2 9 9 2 2 2 2 2 9 9 9 2
left_child=1 2 7 -4 6 14 20 8 -1 -6 11 -8 13 28 -3 -10 26 -18 19 -12 21 23 -15 -2 -25 -22 -14 -28 -11 -27
right_child=4 5 3 -5 9 -7 10 -9 15 12 18 -13 16 22 -16 -17 17 -19 -20 -21 25 -23 -24 24 -26 29 27 -29 -30 -31
leaf_value=-62.501700586284826 -50.833438538394198 -14.181368086289149 24.172146975862418 4.4612181932054229 -84.273888127930576 103.22561139101697 153.27025655076068 2.6561137955368395 0.21585703638047563 -101.28232339391312 13.393217982349597 -4.1819733333351907 -13.350152900421836 54.355360370463316 772.92722615712557 -0.027194175005570288 -112.9950023804564 326.19005693158834 -7.1006096295153842 -208.34829383846227 -23.151497222838728 9.6891472406934103 -102.2227412853139 -56.859310618165068 8.8430889496547032 -60.509631005010128 2.9087878396947637 14.341371216183418 -74.370320296715121 -80.753170723799769
leaf_weight=791 795 2665 3101 334 533 302 201 250 213 1582 269 402 4099 249 316 795 241 332 337 318 245 229 229 352 222 12237 600 207 1977 2483
leaf_count=791 795 2665 3101 334 533 302 201 250 213 1582 269 402 4099 249 316 795 241 332 337 318 245 229 229 352 222 12237 600 207 1977 2483
internal_value=-0.000488513 0.00742852 0.0119176 0.0196029 -0.00295709 -5.02295e-05 -0.004157 -0.000972697 -0.00180178 -0.000794654 -0.000709615 0.00192683 -0.000559993 -0.00151519 -0.00130909 0.000356434 0.000146602 0.00206087 -0.00242521 -0.00124788 -0.00447721 -0.00328572 0.000854165 -0.00400802 -0.00263889 -0.00459872 -7.74258e-05 0.000995115 -0.00183797 -0.00463932
internal_weight=36906 8767 5484 3435 28139 3283 18090 2049 1799 10049 1527 603 9516 4037 2981 1008 5479 573 924 587 16563 1598 478 1369 574 14965 4906 807 3559 14720
internal_count=36906 8767 5484 3435 28139 3283 18090 2049 1799 10049 1527 603 9516 4037 2981 1008 5479 573 924 587 16563 1598 478 1369 574 14965 4906 807 3559 14720
cat_boundaries=0 3 6 8 11 14 17 20 23 26
cat_threshold=2148007938 67108929 262144 889323524 2686469152 35753984 0 2686451712 136331264 9576960 20997283 0 0 33587200 0 1056 2162688 1311168 16810000 75497728 0 264 1048584 134217728 8388608 35
is_linear=0
shrinkage=0.05


Tree=79
num_leaves=31
num_cat=8
split_feature=25 20 18 3 25 11 18 11 18 18 25 25 26 11 20 20 25 20 25 18 11 3 20 18 11 25 10 2 20 25
split_gain=291.655 116.774 217.404 40.373 27.3001 20.2954 6.74429 4.04265 4.26799 3.80393 3.21898 2.80791 1.21511 1.12897 1.0644 1.02432 0.967329 0.831604 0.767692 1.85265 0.762413 0.704352 0.697641 0.663932 1.48066 0.640882 0.591191 0.444984 0.633542 0.5254
threshold=0 111600.00000000001 84600.000000000015 19968.000000000004 1 117344.00000000001 19800.000000000004 79936.000000000015 31200.000000000004 3570.0000000000005 2 3 1.0000000180025095e-35 359200.00000000006 648000.00000000012 42000.000000000007 4 124800.00000000001 5 9900.0000000000018 101200.00000000001 89600.000000000015 257400.00000000003 3570.0000000000005 101200.00000000001 6 0.29166666666666669 832.00000000000011 820800.00000000012 7
decision_type=9 2 2 2 9 2 2 2 2 2 9 9 2 2 2 2 9 2 9 2 2 2 2 2 2 9 2 2 2 9
left_child=1 2 7 -4 6 14 18 8 -1 -6 17 12 16 21 -3 -10 -11 -8 19 23 27 25 -18 -2 -25 -12 -20 28 29 -13
right_child=4 5 3 -5 9 -7 10 -9 15 11 13 20 -14 -15 -16 -17 22 -19 26 -21 -22 -23 -24 24 -26 -27 -28 -29 -30 -31
leaf_value=-59.376615556970506 -48.291766611474486 -13.472299681974619 22.96353962706926 4.2381572835452976 -78.797957564746639 98.064330821466399 8.8585034998424828 2.5233081057599978 0.20506418456152462 35.627592571481458 -110.25426160364933 -12.732706558113062 -37.879955751553233 -2.8165346664400195 734.28086484927053 -0.025834466255400913 -75.227411296134122 111.34059926260089 -21.973922380770276 8.3076453089564843 309.29555287265106 -36.810633090858026 30.034211432341245 -54.158640368988841 8.4009345021719586 59.944652348079472 -57.784149454759614 26.419678101593639 -258.86978012995934 7.4720801025237256
leaf_weight=791 819 2665 3101 334 551 302 203 250 213 249 249 3411 286 376 316 795 3510 200 253 222 340 568 402 398 217 206 14089 201 347 1042
leaf_count=791 819 2665 3101 334 551 302 203 250 213 249 249 3411 286 376 316 795 3510 200 253 222 340 568 402 398 217 206 14089 201 347 1042
internal_value=-0.000511543 0.00744561 0.0119176 0.0196029 -0.00299261 -4.5674e-06 -0.00417977 -0.000972697 -0.00180178 -0.000946287 -0.00128049 -0.000719102 -0.00164499 -0.0024061 -0.0012588 0.000356434 -0.00143046 0.00261446 -0.00450875 -0.0033753 5.51081e-05 -0.00328293 -0.0016208 -0.00405293 -0.00279579 -0.00180525 -0.00463355 -0.000100941 -0.000197835 -3.70382e-05
internal_weight=36906 8767 5484 3435 28139 3283 17800 2049 1799 10339 1802 9788 4447 1399 2981 1008 4161 403 15998 1656 5341 1023 3912 1434 615 455 14342 5001 4800 4453
internal_count=36906 8767 5484 3435 28139 3283 17800 2049 1799 10339 1802 9788 4447 1399 2981 1008 4161 403 15998 1656 5341 1023 3912 1434 615 455 14342 5001 4800 4453
cat_boundaries=0 3 6 9 12 14 17 20 23
cat_threshold=2148007938 67108929 262144 889323524 538985504 35753985 0 536871936 33554432 136577024 2148672000 20996258 0 2148532224 0 1056 65537 0 16384 4096 16832 557072 75498496
is_linear=0
shrinkage=0.05


Tree=80
num_leaves=31
num_cat=8
split_feature=25 20 18 3 25 11 18 11 18 18 25 25 26 11 20 25 20 20 18 11 11 20 25 18 27 3 10 18 25 25
split_gain=292.511 115.407 217.92 40.373 26.5573 20.0952 6.59054 4.07588 4.1821 3.75839 3.25293 2.66066 1.22386 1.14658 1.01298 0.959886 0.905495 0.831604 0.79028 3.25713 0.888228 0.770455 0.705222 1.73324 1.71848 0.614372 0.575581 0.561706 0.558227 0.550354
threshold=0 111600.00000000001 84600.000000000015 19968.000000000004 1 117344.00000000001 19800.000000000004 79936.000000000015 31200.000000000004 3570.0000000000005 2 3 1.0000000180025095e-35 359200.00000000006 648000.00000000012 4 42000.000000000007 124800.00000000001 111600.00000000001 84480.000000000015 125536.00000000001 257400.00000000003 5 3570.0000000000005 2.524928003624769 89600.000000000015 0.29166666666666669 68400.000000000015 6 7
decision_type=9 2 2 2 9 2 2 2 2 2 9 9 2 2 2 9 2 2 2 2 2 2 9 2 8 2 2 2 9 9
left_child=1 2 7 -4 6 14 22 8 -1 -6 17 12 15 25 -3 -11 -10 -8 20 -20 27 -17 23 -2 -25 28 -24 -13 -12 -29
right_child=4 5 3 -5 9 -7 10 -9 16 11 13 18 -14 -15 -16 21 -18 -19 19 -21 -22 -23 26 24 -26 -27 -28 29 -30 -31
leaf_value=-56.407784779121904 -45.877178280900765 -12.798684697875798 21.815362645715506 4.0262494193681055 -74.858059686509307 93.161114280392482 8.4155783248503209 2.3971427004720001 0.19481097533353023 33.846212942907371 -104.74154852346683 1.46897293330484 -35.985957963975579 -2.6757079331184279 697.56682160680657 -70.461376101956418 -0.02454274294250354 105.77356929947128 2.9326512895531778 2181.8052711708219 -135.58387260404459 15.012687332580255 -20.875226261731768 -44.293416021621468 8.0208868567676515 -35.010101493535331 -54.894941982021628 -17.951180001100877 56.947419730675463 -180.96003769897072
leaf_weight=791 795 2665 3101 334 551 302 203 250 213 249 249 2932 286 376 316 3558 795 200 1380 207 209 426 253 354 387 580 14209 244 206 285
leaf_count=791 795 2665 3101 334 551 302 203 250 213 249 249 2932 286 376 316 3558 795 200 1380 207 209 426 253 354 387 580 14209 244 206 285
internal_value=-0.000506125 0.00746269 0.0119085 0.0196029 -0.00299084 5.63154e-05 -0.00416068 -0.000997076 -0.00182954 -0.000970598 -0.00130507 -0.00074453 -0.00163209 -0.00242797 -0.00119175 -0.00142031 0.00030693 0.00261446 2.18246e-05 0.000953429 -0.000381265 -0.00160661 -0.00448688 -0.00334625 -0.0016218 -0.0033028 -0.00460205 -0.000189144 -0.00191466 -0.0016855
internal_weight=36906 8767 5484 3435 28139 3283 17812 2049 1799 10327 1814 9776 4519 1411 2981 4233 1008 403 5257 1587 3670 3984 15998 1536 741 1035 14462 3461 455 529
internal_count=36906 8767 5484 3435 28139 3283 17812 2049 1799 10327 1814 9776 4519 1411 2981 4233 1008 403 5257 1587 3670 3984 15998 1536 741 1035 14462 3461 455 529
cat_boundaries=0 3 6 9 12 14 17 20 22
cat_threshold=2148007938 67108929 262144 922877956 538985504 35753985 0 536871936 33554432 136577024 2157060608 20996258 0 2148532224 0 1056 65536 0 16384 4096 0 16777232
is_linear=0
shrinkage=0.05


Tree=81
num_leaves=31
num_cat=9
split_feature=25 20 18 3 25 11 20 23 18 18 25 25 2 20 23 20 20 20 18 11 11 11 20 25 26 2 25 18 25 10
split_gain=293.842 111.447 219.213 40.373 26.2891 21.9949 8.22063 3.98962 4.21262 3.74656 2.40555 2.28346 2.76001 1.92723 1.11412 1.10576 0.907497 0.843425 0.770102 3.25713 0.850723 0.753094 1.63596 1.83923 0.998613 0.679153 0.913686 0.574847 0.550354 0.504496
threshold=0 111600.00000000001 84600.000000000015 19968.000000000004 1 117344.00000000001 84600.000000000015 2 31200.000000000004 3570.0000000000005 3 4 3.5000000000000004 648000.00000000012 5 257400.00000000003 33000.000000000007 547200.00000000012 111600.00000000001 84480.000000000015 156800.00000000003 91080.000000000015 6300.0000000000009 6 1.0000000180025095e-35 44.000000000000007 7 68400.000000000015 8 0.29166666666666669
decision_type=9 2 2 2 9 2 2 9 2 2 9 9 2 2 9 2 2 2 2 2 2 2 2 9 2 2 9 2 9 2
left_child=1 2 7 14 6 13 21 -1 -9 -6 15 12 -8 -3 -4 -11 -10 -17 20 -20 27 29 -23 24 -24 26 -13 -12 -29 -2
right_child=4 5 3 -5 9 -7 11 8 16 10 18 25 -14 -15 -16 17 -18 -19 19 -21 -22 22 23 -25 -26 -27 -28 28 -30 -31
leaf_value=2.2772855654483921 -19.851464929571694 -12.158750462982063 20.713550679486072 3.8249369483994089 -72.37739285897122 88.436303195831783 99.934890834498219 -53.587395540165744 0.18507042656692649 -67.11353799735376 1.5918004598008386 11.859852991997469 -337.1713937414579 662.25347734715331 20.724594513429476 42.522996717438531 -0.023315605795505692 -282.80174259972631 2.7860187250757011 2072.7150076122812 -131.58389376547515 -69.535555268146283 114.22952901224353 -36.486659386283826 -34.693800843961888 -69.517549543163156 -194.33984241731889 -17.053621001045759 -171.91203581402226 -51.821073565842745
leaf_weight=238 245 2665 290 334 533 324 309 794 213 3756 2940 269 294 382 2811 254 816 219 1380 207 219 2660 219 542 243 249 318 244 285 12654
leaf_count=238 245 2665 290 334 533 324 309 794 213 3756 2940 269 294 382 2811 254 816 219 1380 207 219 2660 219 542 243 249 318 244 285 12654
internal_value=-0.00045329 0.00747438 0.0118716 0.0196029 -0.00296228 0.000324636 -0.0041057 -0.00102036 -0.00181644 -0.000909047 -0.000680624 -0.000482305 0.00184553 -0.00099541 0.0213809 -0.00156685 0.000295828 0.000705262 3.30989e-05 0.000953429 -0.000363145 -0.00442288 -0.00378342 -0.00205766 0.000295357 -0.00215802 -0.00124788 -0.000171422 -0.0016855 -0.00460391
internal_weight=36906 8867 5496 3435 28039 3371 18002 2061 1823 10037 9504 1439 603 3047 3101 4229 1029 473 5275 1587 3688 16563 3664 1004 462 836 587 3469 529 12899
internal_count=36906 8867 5496 3435 28039 3371 18002 2061 1823 10037 9504 1439 603 3047 3101 4229 1029 473 5275 1587 3688 16563 3664 1004 462 836 587 3469 529 12899
cat_boundaries=0 3 6 7 10 12 13 16 19 21
cat_threshold=2164785154 67108929 327680 906100740 2686469152 35688448 4 136577024 9576448 20996259 0 2686451712 4 0 1024 35651584 0 0 33587200 0 16777232
is_linear=0
shrinkage=0.05


Tree=82
num_leaves=31
num_cat=8
split_feature=25 20 18 3 25 11 20 25 11 18 18 20 25 25 20 20 25 2 11 20 3 25 11 25 18 27 18 27 10 2
split_gain=289.824 115.292 217.92 40.373 27.8331 19.4315 7.76129 4.84679 4.07588 4.1821 3.7095 2.53258 2.86461 2.45107 0.905495 0.809524 2.17788 1.66774 0.80056 0.780529 0.765739 0.760279 0.719161 0.708195 1.82901 1.71222 0.509364 0.505815 0.491825 0.303771
threshold=0 111600.00000000001 84600.000000000015 19968.000000000004 1 117344.00000000001 84600.000000000015 2 79936.000000000015 31200.000000000004 3570.0000000000005 208800.00000000003 3 4 42000.000000000007 142200.00000000003 5 3.5000000000000004 359200.00000000006 257400.00000000003 89600.000000000015 6 161920.00000000003 7 3570.0000000000005 2.524928003624769 34200.000000000007 2.8617925509761908 0.75000000000000011 10.500000000000002
decision_type=9 2 2 2 9 2 2 9 2 2 2 2 9 9 2 2 9 2 2 2 2 9 2 9 2 8 2 10 2 2
left_child=1 2 8 -4 6 7 23 -3 9 -1 -6 12 -8 19 -11 21 -17 -18 20 -12 -14 -15 26 24 -2 -26 -23 -27 -25 -9
right_child=4 5 3 -5 10 -7 11 29 -10 14 13 -13 18 15 -16 16 17 -19 -20 -21 -22 22 -24 28 25 27 -28 -29 -30 -31
leaf_value=-50.908025763157461 -40.106541603448413 629.94080636466106 19.688364787757749 3.6336901009795839 -67.436288784493584 84.081243406580597 95.488146292773308 -10.275722614335246 2.1634212871759702 0.17581690523857108 -70.096965547617515 -41.767782990815249 -16.749267810906169 -95.628123913950589 -0.022149825505766788 -1.8845604298200351 81.839762502221859 1.9574574472353561 11.340035201542197 7.4674370546183653 -331.05276753487669 2.0849884782438401 -121.87968641042011 -19.563892184964221 -39.487691542248264 18.723125213615411 -145.11540360813416 -27.541607666381449 -49.50914120462842 -853.57882676272675
leaf_weight=791 801 248 3101 334 508 302 329 2550 250 213 3519 383 223 280 795 2044 211 331 220 431 211 2107 207 304 354 212 365 209 14733 340
leaf_count=791 801 248 3101 334 508 302 329 2550 250 213 3519 383 223 280 795 2044 211 331 220 431 211 2107 207 304 354 212 365 209 14733 340
internal_value=-0.000439743 0.0074004 0.0119085 0.0196029 -0.00294206 0.000232422 -0.00411845 -0.000936307 -0.000997076 -0.00182954 -0.000825263 -0.000497077 0.000847715 -0.000602823 0.00030693 7.64789e-05 0.000722564 0.0035018 -0.00108108 -0.00155225 -0.00233945 -0.000488012 -0.000221109 -0.0044186 -0.00329345 -0.00157658 1.6167e-05 0.000579195 -0.00453087 -0.0015162
internal_weight=36906 8924 5484 3435 27982 3440 17979 3138 2049 1799 10003 1366 983 9495 1008 5545 2586 542 654 3950 434 2959 2679 16613 1576 775 2472 421 15037 2890
internal_count=36906 8924 5484 3435 27982 3440 17979 3138 2049 1799 10003 1366 983 9495 1008 5545 2586 542 654 3950 434 2959 2679 16613 1576 775 2472 421 15037 2890
cat_boundaries=0 3 6 7 10 13 16 19 22
cat_threshold=2150105090 67108929 262144 922877956 2690663456 33624065 2621440 0 2684354560 33554432 134479872 9576448 20996258 1048768 17301768 67108864 2240 0 3180032 33554432 4195360 65536
is_linear=0
shrinkage=0.05


Tree=83
num_leaves=31
num_cat=10
split_feature=25 20 18 3 25 11 18 18 23 18 25 25 26 25 11 23 20 20 20 20 18 11 25 18 27 3 25 10 10 25
split_gain=291.56 111.233 219.213 40.373 27.625 23.3712 6.79429 4.05824 3.98962 4.21262 2.74007 2.70193 1.27885 1.17613 1.1432 1.11412 1.07221 0.962825 0.96175 0.907497 0.819889 3.43576 0.661166 1.69945 1.66136 0.63305 0.817465 0.624723 0.552866 0.433011
threshold=0 111600.00000000001 84600.000000000015 19968.000000000004 1 117344.00000000001 27000.000000000004 3570.0000000000005 2 31200.000000000004 3 4 1.0000000180025095e-35 5 359200.00000000006 6 257400.00000000003 648000.00000000012 547200.00000000012 33000.000000000007 111600.00000000001 84480.000000000015 7 3570.0000000000005 2.524928003624769 2570720.0000000005 8 0.75000000000000011 0.29166666666666669 9
decision_type=9 2 2 2 9 2 2 2 9 2 9 9 2 9 2 9 2 2 2 2 2 2 9 2 8 2 9 2 2 9
left_child=1 2 8 15 6 17 22 -6 -1 -10 -8 12 13 -9 -12 -4 -15 -3 -18 -11 25 29 23 -2 -25 26 -13 -28 -24 -22
right_child=4 5 3 -5 7 -7 10 11 9 19 14 20 -14 16 -16 -17 18 -19 -20 -21 21 -23 28 24 -26 -27 27 -29 -30 -31
leaf_value=2.0552502228171763 -38.101214523275985 -10.951971196178228 18.693454906123954 3.4520055959306775 -65.391429291646901 79.810425865711366 90.163738978134646 25.872244734327253 -48.362624474999578 0.16702605997670616 -95.507964929254115 -90.983722894085545 -29.886870036231176 -60.912931071145351 2.0329985393691459 18.703946548370006 58.965732205308086 598.07876634087586 -277.68487139671998 -0.021042334230514825 -40.854300290309041 1758.4377555475339 -17.880697097686767 -37.513306965135847 10.305464468459036 22.226274303341238 33.570761650860689 -12.313301432832418 -47.083684144397004 245.5136756377353
leaf_weight=238 786 2665 290 334 574 324 385 249 794 213 867 291 286 3594 372 2811 231 316 211 816 1162 213 255 354 394 271 349 2863 14091 307
leaf_count=238 786 2665 290 334 574 324 385 249 794 213 867 291 286 3594 372 2811 231 316 211 816 1162 213 255 354 394 271 349 2863 14091 307
internal_value=-0.00043026 0.00750539 0.0118716 0.0196029 -0.00291728 0.000264589 -0.00413736 -0.000900312 -0.00102036 -0.00181644 -0.00105781 -0.000666568 -0.00156121 -0.0013471 -0.00219425 0.0213809 -0.00155138 -0.00112471 0.000765765 0.000295828 8.59535e-05 0.00100356 -0.00445473 -0.00334412 -0.00165333 -0.000323094 -0.000503568 -0.000266751 -0.00456749 0.00013936
internal_weight=36906 8801 5496 3435 28105 3305 17504 10601 2061 1823 1624 10027 4571 4285 1239 3101 4036 2981 442 1029 5456 1682 15880 1534 748 3774 3503 3212 14346 1469
internal_count=36906 8801 5496 3435 28105 3305 17504 10601 2061 1823 1624 10027 4571 4285 1239 3101 4036 2981 442 1029 5456 1682 15880 1534 748 3774 3503 3212 14346 1469
cat_boundaries=0 3 6 7 10 13 15 16 18 21 24
cat_threshold=2148007938 67108929 327680 922877956 543179808 35655680 4 0 536870912 33554432 2359296 2157060096 20996259 0 2148532224 4 0 1056 134219968 0 1082880 128 16777216 67108872
is_linear=0
shrinkage=0.05


Tree=84
num_leaves=31
num_cat=10
split_feature=25 20 18 3 25 11 20 23 18 18 25 11 25 25 3 3 23 2 20 20 20 25 25 18 27 20 27 10 23 3
split_gain=291.916 110.365 219.213 40.373 28.6845 23.2048 7.45437 3.98962 4.21262 3.61402 2.82895 2.94978 2.39144 1.17024 1.75795 1.13327 1.11412 1.03437 0.937789 0.926044 0.907497 0.749524 0.69427 1.82939 1.73572 0.640224 0.53287 0.482103 0.47642 2.01146
threshold=0 111600.00000000001 84600.000000000015 19968.000000000004 1 117344.00000000001 84600.000000000015 2 31200.000000000004 3570.0000000000005 3 91080.000000000015 4 5 96500.000000000015 32384.000000000004 6 31.500000000000004 27000.000000000004 648000.00000000012 33000.000000000007 7 8 3570.0000000000005 2.524928003624769 257400.00000000003 2.8617925509761908 0.75000000000000011 9 10752.000000000002
decision_type=9 2 2 2 9 2 2 9 2 2 9 2 9 9 2 2 9 2 2 2 2 9 9 2 8 2 10 2 9 2
left_child=1 2 7 16 6 19 22 -1 -9 -6 11 -8 18 -14 15 -15 -4 21 -11 28 -10 -12 23 -2 -25 -20 -26 -24 -3 -30
right_child=4 5 3 -5 9 -7 10 8 20 12 17 -13 13 14 -16 -17 -18 -19 25 -21 -22 -23 27 24 26 -27 -28 -29 29 -31
leaf_value=1.9524877116763264 -36.196153797112174 -31.699421897836512 17.758782160817645 3.2794053161342163 -60.694902856844692 75.819904572425074 162.23357144336552 -45.944493251249519 0.15867475697777991 5.7339585841422833 2.0092660848124071 -9.3636587654618779 -7.750242653065226 3.8244545091045441 -13.488125823920427 2.4863853839482548 17.768749220951577 -25.062707017855431 -100.84990638004012 568.17482802383313 -0.019990217519080034 -525.69215442204666 -17.691662720831687 -35.637641616879044 17.778593640619807 7.5383744543988627 -26.679800506485321 -44.679499937177155 -0.054360249325327459 -5.1755271519083186
leaf_weight=238 792 1170 290 334 503 324 201 794 213 795 264 402 4018 224 378 206 2811 384 3460 316 816 222 304 354 209 438 209 14742 1255 240
leaf_count=238 792 1170 290 334 503 324 201 794 213 795 264 402 4018 224 378 206 2811 384 3460 316 816 222 304 354 209 438 209 14742 1255 240
internal_value=-0.000418068 0.00752241 0.0118716 0.0196029 -0.00290661 0.000309947 -0.00409588 -0.00102036 -0.00181644 -0.000758423 -0.000688137 0.00192683 -0.000540386 0.000241834 0.00196341 0.00416667 0.0213809 -0.00249433 -0.00134219 -0.00107442 0.000295828 -0.000983608 -0.00440043 -0.00328046 -0.00156331 -0.0016641 0.000619046 -0.00451122 -0.00137795 -0.000784904
internal_weight=36906 8801 5496 3435 28105 3305 18083 2061 1823 10022 1473 603 9519 4826 808 430 3101 870 4693 2981 1029 486 16610 1564 772 3898 418 15046 2665 1495
internal_count=36906 8801 5496 3435 28105 3305 18083 2061 1823 10022 1473 603 9519 4826 808 430 3101 870 4693 2981 1029 486 16610 1564 772 3898 418 15046 2665 1495
cat_boundaries=0 3 6 7 9 12 15 16 19 21 22
cat_threshold=2148007938 67108929 327680 922877956 2690663456 33591297 4 0 2686451712 136331264 1187840 29385890 1049024 16810264 68157448 4 0 0 33587200 33554432 4195360 4
is_linear=0
shrinkage=0.05


Tree=85
num_leaves=31
num_cat=11
split_feature=25 20 18 3 25 11 20 23 18 18 10 25 25 26 25 3 3 25 23 20 20 18 25 18 27 27 2 24 25 10
split_gain=290.543 110.076 219.213 40.373 28.7603 23.1495 6.53576 3.98962 4.21262 3.55124 2.66247 2.86016 2.61968 1.41758 1.13697 1.62001 1.23479 1.1325 1.11412 0.913942 0.907497 0.745717 0.710228 1.83677 1.76773 0.571016 0.527951 0.518342 0.474939 0.466339
threshold=0 111600.00000000001 84600.000000000015 19968.000000000004 1 117344.00000000001 84600.000000000015 2 31200.000000000004 3570.0000000000005 1.0714285714285716 3 4 1.0000000180025095e-35 5 96500.000000000015 32384.000000000004 6 7 648000.00000000012 33000.000000000007 27000.000000000004 8 3570.0000000000005 2.524928003624769 2.8617925509761908 44.000000000000007 9 10 0.29166666666666669
decision_type=9 2 2 2 9 2 2 9 2 2 2 9 9 2 9 2 2 9 9 2 2 2 9 2 8 10 2 9 9 2
left_child=1 2 7 18 6 19 22 -1 -9 -6 11 -8 13 17 -14 16 -16 -11 -4 -3 -10 28 23 -2 -25 -26 -12 -23 -19 -24
right_child=4 5 3 -5 9 -7 10 8 20 12 26 -13 14 -15 15 -17 -18 21 -20 -21 -22 27 29 24 25 -27 -28 -29 -30 -31
leaf_value=1.8548633260925045 -34.386346107256578 -10.311620185524589 16.870843052776763 3.1154350503275055 -59.09183315405334 72.028909343804187 77.543873457060556 -43.647268588687076 0.15074101912887272 26.05350937390395 -306.66657397532725 -350.71151548863531 -7.362730520411799 -26.15855153756079 3.6332317836491712 -13.763700733419455 2.3620661147508146 5.6172590742200104 16.880311759904 539.76608662264186 -0.018990706642944135 -22.302546545193763 -16.102079082919001 -33.855759536035087 17.009663987199044 -25.345810481161063 -24.529570753820011 -144.27919955146828 -55.76776967541619 -42.495524940318298
leaf_weight=238 786 2665 290 334 575 324 285 794 213 225 344 389 4018 286 224 382 206 664 2811 316 816 856 245 354 205 209 314 2918 260 14360
leaf_count=238 786 2665 290 334 575 324 285 794 213 225 344 389 4018 286 224 382 206 664 2811 316 816 856 245 354 205 209 314 2918 260 14360
internal_value=-0.000393683 0.00752808 0.0118716 0.0196029 -0.00287637 0.000325067 -0.00412244 -0.00102036 -0.00181644 -0.00082063 -0.000757123 0.0014497 -0.000602033 -0.00137809 0.000237504 0.00192961 0.00405092 -0.00118071 0.0213809 -0.00105766 0.000295828 -0.00134607 -0.00440227 -0.00326948 -0.00154546 0.000673076 -0.00301515 -0.00166049 -7.55951e-05 -0.004517
internal_weight=36906 8801 5496 3435 28105 3305 17491 2061 1823 10614 1332 674 10039 5209 4830 812 430 4923 3101 2981 1029 4698 16159 1554 768 414 658 3774 924 14605
internal_count=36906 8801 5496 3435 28105 3305 17491 2061 1823 10614 1332 674 10039 5209 4830 812 430 4923 3101 2981 1029 4698 16159 1554 768 414 658 3774 924 14605
cat_boundaries=0 3 6 7 10 13 16 19 20 22 23 26
cat_threshold=2148007938 67108929 327680 922877956 538985504 33591296 4 0 538968064 32768 136331264 2148671488 29385891 1049024 16810264 68157448 16384 2147483648 1024 4 33554432 1056 48 0 0 25174016
is_linear=0
shrinkage=0.05


Tree=86
num_leaves=31
num_cat=11
split_feature=25 20 18 3 25 11 18 23 18 18 25 25 26 11 20 25 23 20 2 20 20 25 20 25 18 27 10 25 23 3
split_gain=284.367 108.693 222.525 40.3019 31.0557 23.1495 6.55767 4.21562 3.66274 3.64186 2.81324 2.78882 1.40382 1.21762 3.56884 1.1416 1.10064 0.913942 0.883468 0.831979 0.935318 0.719935 0.951716 0.611029 1.69945 1.66136 0.540161 0.505293 0.446692 2.01146
threshold=0 111600.00000000001 84600.000000000015 19968.000000000004 1 117344.00000000001 27000.000000000004 2 3570.0000000000005 31200.000000000004 3 4 1.0000000180025095e-35 93184.000000000015 16200.000000000002 5 6 648000.00000000012 50.000000000000007 257400.00000000003 547200.00000000012 7 111600.00000000001 8 3570.0000000000005 2.524928003624769 0.29166666666666669 9 10 10752.000000000002
decision_type=9 2 2 2 9 2 2 9 2 2 9 9 2 2 2 9 9 2 2 2 2 9 2 9 2 8 2 9 9 2
left_child=1 2 7 16 6 17 23 -1 -6 -9 12 -8 15 21 -15 -10 -4 28 27 -17 -21 -12 -23 24 -2 -26 -25 -13 -3 -30
right_child=4 5 3 -5 8 -7 11 9 10 -11 13 18 -14 14 -16 19 -18 -19 -20 20 -22 22 -24 26 25 -27 -28 -29 29 -31
leaf_value=1.7621201597878782 -32.667028801893757 -29.598869793668566 16.027300900137927 2.9596632978107666 -56.137241496350669 68.42746387661326 73.666679784207375 -41.464905159252709 24.750833905208793 -0.0067960318276163896 -10.704641438066133 -85.748811868598395 -24.850623960682743 -88.862049849545485 2.0823418963089355 -76.520907689676676 16.036296171908909 512.77778229150863 -22.633092855090219 59.179702643357523 -263.06241922234403 -5.536005432999989 23.879885732453964 -15.276975147846542 -32.162971559233327 8.0507783636451453 -40.370748693302382 -21.767634344031105 0.46393877241716841 -4.4011697850364726
leaf_weight=238 786 1170 290 334 575 324 385 794 225 1029 4544 268 286 248 393 3361 2811 316 269 228 214 239 301 253 354 394 14064 718 1255 240
leaf_count=238 786 1170 290 334 575 324 385 794 225 1029 4544 268 286 248 393 3361 2811 316 269 228 214 239 301 253 354 394 14064 718 1255 240
internal_value=-0.000354396 0.00748269 0.0117988 0.0195883 -0.00281058 0.000325067 -0.0041053 -0.00119002 -0.000674761 -0.00200822 -0.000452645 -0.00109623 -0.0014147 0.000274533 0.00232504 -0.00117618 0.0213648 -0.00105766 -0.00222968 -0.00138008 0.000653152 1.57283e-05 0.00172101 -0.00441904 -0.00334412 -0.00165333 -0.00452823 -0.00154858 -0.00135921 -0.000784904
internal_weight=36906 8801 5496 3435 28105 3305 17491 2061 10614 1823 10039 1640 4314 5725 641 4028 3101 2981 1255 3803 442 5084 540 15851 1534 748 14317 986 2665 1495
internal_count=36906 8801 5496 3435 28105 3305 17491 2061 10614 1823 10039 1640 4314 5725 641 4028 3101 2981 1255 3803 442 5084 540 15851 1534 748 14317 986 2665 1495
cat_boundaries=0 3 6 7 10 13 16 17 20 22 25 26
cat_threshold=2148007938 67108929 327680 922877956 538985504 33591296 4 136331264 2148663296 20997283 0 536870912 33554432 16384 2147483648 1024 4 1311168 16810008 76546048 0 1056 0 16384 4096 4
is_linear=0
shrinkage=0.05


Tree=87
num_leaves=31
num_cat=8
split_feature=25 20 18 3 25 11 20 11 18 25 10 25 18 11 26 25 3 20 20 24 11 20 25 18 27 2 18 27 25 2
split_gain=282.404 111.062 221.238 40.3019 31.2245 19.5991 6.90059 4.31229 3.6052 3.22183 2.70264 2.81904 2.18634 1.83012 1.63132 0.999159 0.938557 0.889977 0.799289 0.674544 0.899688 0.647294 0.642153 1.82901 1.71222 0.618088 0.535208 0.505815 0.496739 0.72651
threshold=0 111600.00000000001 84600.000000000015 19968.000000000004 1 117344.00000000001 84600.000000000015 79936.000000000015 31200.000000000004 2 1.0714285714285716 3 3570.0000000000005 93184.000000000015 1.0000000180025095e-35 4 156800.00000000003 648000.00000000012 345300.00000000006 5 359200.00000000006 42000.000000000007 6 3570.0000000000005 2.524928003624769 44.000000000000007 84600.000000000015 2.8617925509761908 7 1.5000000000000002
decision_type=9 2 2 2 9 2 2 2 2 9 2 9 2 2 2 9 2 2 2 9 2 2 9 2 8 2 2 10 9 2
left_child=1 2 7 -4 6 17 22 8 -1 12 11 -8 -6 28 15 18 -15 -3 21 20 -17 -14 23 -2 -25 -12 -13 -26 -11 -30
right_child=4 5 3 -5 9 -7 10 -9 -10 13 25 26 14 16 -16 19 -18 -19 -20 -21 -22 -23 -24 24 27 -27 -28 -29 29 -31
leaf_value=-39.391659901290041 -31.033677361799075 -9.7792297633983267 15.234481363313535 2.8116801329204466 -57.60870838268923 65.072846053323417 69.983345794996424 1.6740141517984739 -0.0064562302362901397 -10.401756261230799 -290.24486355935932 0.17057275796896648 -23.442510234060766 2.1398457141978726 -23.608092762648585 -17.876378521951846 1.8282248014933431 487.13889317693247 -61.544428956005731 -80.619861715106865 551.14243099453302 23.700206787824982 -38.312657910094444 -30.554822981271652 15.129743929938488 -14.831207975003759 -478.15452956299072 -24.481058875285271 28.838456337997481 -0.43620265942835607
leaf_weight=791 801 2665 3101 334 476 302 285 250 1008 3392 344 249 207 252 286 685 301 316 616 2866 205 397 14686 354 212 336 205 209 259 516
leaf_count=791 801 2665 3101 334 476 302 285 250 1008 3392 344 249 207 252 286 685 301 316 616 2866 205 397 14686 354 212 336 205 209 259 516
internal_value=-0.000355751 0.00747408 0.0118356 0.0195883 -0.00279724 0.000208522 -0.00407817 -0.00116772 -0.00202388 -0.000629419 -0.000735399 0.00135627 -0.00142435 0.000338122 -0.00113222 -0.000920049 0.00303603 -0.00102414 0.000324674 -0.00132166 -0.000110866 0.00161716 -0.00437223 -0.00329345 -0.00157658 -0.00300587 -0.00111588 0.000579195 -2.03898e-05 0.00111182
internal_weight=36906 8767 5484 3435 28139 3283 17681 2049 1799 10458 1419 739 5738 4720 5262 4976 553 2981 1220 3756 890 604 16262 1576 775 680 454 421 4167 775
internal_count=36906 8767 5484 3435 28139 3283 17681 2049 1799 10458 1419 739 5738 4720 5262 4976 553 2981 1220 3756 890 604 16262 1576 775 680 454 421 4167 775
cat_boundaries=0 3 6 9 12 14 15 18 21
cat_threshold=2148007938 67108929 262144 922877956 543179808 33656833 137363456 2148671756 20997282 0 538968064 32768 1048576 2147483916 48 33554432 4195360 65536 20864 16810000 76546048
is_linear=0
shrinkage=0.05


Tree=88
num_leaves=31
num_cat=8
split_feature=25 20 18 3 25 11 20 11 18 25 2 25 18 26 25 11 20 20 24 10 25 18 27 11 3 10 2 23 3 3
split_gain=281.761 110.481 221.238 40.3019 31.2487 19.5006 6.66382 4.31229 3.6052 3.16389 2.51413 2.99754 1.86605 1.59344 1.39627 1.24726 3.7732 0.86633 0.82623 0.776685 0.797855 2.05003 1.68877 0.577206 0.56627 0.540171 0.51834 0.434223 2.07635 0.714987
threshold=0 111600.00000000001 84600.000000000015 19968.000000000004 1 117344.00000000001 84600.000000000015 79936.000000000015 31200.000000000004 2 44.000000000000007 3 3570.0000000000005 1.0000000180025095e-35 4 93184.000000000015 16200.000000000002 648000.00000000012 5 0.29166666666666669 6 3570.0000000000005 2.524928003624769 359200.00000000006 359200.00000000006 0.41666666666666669 19.500000000000004 7 10752.000000000002 78400.000000000015
decision_type=9 2 2 2 9 2 2 2 2 9 2 9 2 2 9 2 2 2 9 2 9 2 8 2 2 2 2 9 2 2
left_child=1 2 7 -4 6 17 19 8 -1 12 11 -8 -6 14 -14 25 -17 27 23 -2 21 -21 -23 -16 26 -11 -13 29 -29 -3
right_child=4 5 3 -5 9 -7 10 -9 -10 15 -12 24 13 -15 18 16 -18 -19 -20 20 -22 22 -24 -25 -26 -27 -28 28 -30 -31
leaf_value=-37.422076906225634 -12.637493480644389 -26.979964815815038 14.472757295148041 2.6710961262746427 -55.779858432095402 61.819203750657735 67.034178505247112 1.5903134442085503 -0.0061334187244938224 20.972168755129861 -15.103682681974758 -295.72260746864112 21.266588443944784 -22.427688124516138 -16.542553888112888 -84.405358286006603 1.8868135614189669 462.78194851808661 -76.195623305795564 -29.481993493709115 -36.486578363132537 -29.027081832208069 9.8213836300436927 523.58530944480606 0.20204441570958809 -8.0577688554536735 -32.944080340362781 0.92970332196637173 -3.6921498076146237 -122.51745453950453
leaf_weight=791 247 543 3101 334 426 302 297 250 1008 400 337 292 210 286 1206 234 389 316 3005 795 14467 354 399 205 290 4097 203 1255 240 627
leaf_count=791 247 543 3101 334 426 302 297 250 1008 400 337 292 210 286 1206 234 389 316 3005 795 14467 354 399 205 290 4097 203 1255 240 627
internal_value=-0.00033543 0.00748548 0.0118356 0.0195883 -0.00277415 0.000238964 -0.00405556 -0.00116772 -0.00202388 -0.000605541 -0.000770585 0.000405903 -0.00145608 -0.00118234 -0.000957218 0.00028254 0.002376 -0.000990615 -0.00114725 -0.00434457 -0.00438753 -0.00319872 -0.00134437 -0.000144063 -0.00122334 -7.7807e-06 -0.00226358 -0.00128422 -0.000718104 -0.00200512
internal_weight=36906 8767 5484 3435 28139 3283 17681 2049 1799 10458 1419 1082 5338 4912 4626 5120 623 2981 4416 16262 16015 1548 753 1411 785 4497 495 2665 1495 1170
internal_count=36906 8767 5484 3435 28139 3283 17681 2049 1799 10458 1419 1082 5338 4912 4626 5120 623 2981 4416 16262 16015 1548 753 1411 785 4497 495 2665 1495 1170
cat_boundaries=0 3 6 9 12 14 15 18 19
cat_threshold=2148007938 67108929 262144 922877956 543179808 33656833 137383936 2148696324 20997282 0 536870912 33587200 4096 2147483908 48 33554432 1024 65536 4
is_linear=0
shrinkage=0.05


Tree=89
num_leaves=31
num_cat=8
split_feature=25 20 18 3 25 11 20 11 18 25 2 25 18 0 11 20 26 25 20 25 18 27 3 10 3 2 18 24 23 3
split_gain=281.663 110.018 220.928 40.2309 30.6484 19.4515 6.46502 4.31229 3.6052 3.12087 2.46729 3.06304 1.87277 1.43224 1.38869 4.13158 1.22646 1.12434 0.854626 0.793067 2.19344 1.53777 1.45517 0.84667 0.49832 0.51834 0.487032 0.463215 0.405865 2.07635
threshold=0 111600.00000000001 84600.000000000015 19968.000000000004 1 117344.00000000001 84600.000000000015 79936.000000000015 31200.000000000004 2 44.000000000000007 3 3570.0000000000005 30.000000000000004 93184.000000000015 16200.000000000002 1.0000000180025095e-35 4 648000.00000000012 5 3570.0000000000005 2.1383330595080281 62768.000000000007 0.29166666666666669 359200.00000000006 19.500000000000004 19800.000000000004 6 7 10752.000000000002
decision_type=9 2 2 2 9 2 2 2 2 9 2 9 2 2 2 2 2 9 2 9 2 8 2 2 2 2 2 9 9 2
left_child=1 2 7 -4 6 18 19 8 -1 12 11 -8 -6 16 -11 -16 17 -14 28 20 -2 -22 -23 -21 25 -13 -25 -19 -3 -30
right_child=4 5 3 -5 9 -7 10 -9 -10 14 -12 24 13 -15 15 -17 -18 27 -20 23 21 22 -24 26 -26 -27 -28 -29 29 -31
leaf_value=-35.550973060914295 -28.007893819023664 -26.255973542807261 13.749119430390421 2.5375413199610195 -52.990865510490636 58.728243563124387 63.682469579984904 1.5107977719981136 -0.0058267477883418911 -0.69305124245273753 -14.348498547875995 -280.93647709520911 19.948259282815709 55.751435312959053 -80.170090368129976 1.7924728833473638 -21.556305196485528 -15.86543567084591 439.64285109218326 -11.985618801843794 -27.965724138092948 -25.802428664538969 14.205303841403342 -34.612249444975909 0.19194219492410414 -31.296876323344623 -75.556409314879787 -72.854084048715592 0.88321815586823504 -3.5075423172340381
leaf_weight=791 801 1170 3101 334 426 302 297 250 1008 4399 337 292 261 227 231 349 363 1326 316 245 255 218 284 14054 290 203 405 2876 1255 240
leaf_count=791 801 1170 3101 334 426 302 297 250 1008 4399 337 292 261 227 231 349 363 1326 316 245 255 218 284 14054 290 203 405 2876 1255 240
internal_value=-0.000334075 0.00748548 0.0118265 0.0195738 -0.00277237 0.000254185 -0.00404143 -0.00116772 -0.00202388 -0.000624643 -0.000805772 0.000359777 -0.00144691 -0.00118002 0.000281506 0.00257732 -0.00136288 -0.00113438 -0.000973853 -0.00432612 -0.0031465 -0.00123189 0.000376983 -0.0044455 -0.00128607 -0.00226358 -0.00449796 -0.00133128 -0.00126547 -0.000718104
internal_weight=36906 8767 5484 3435 28139 3283 17681 2049 1799 10458 1419 1082 5479 5053 4979 580 4826 4463 2981 16262 1558 757 502 14704 785 495 14459 4202 2665 1495
internal_count=36906 8767 5484 3435 28139 3283 17681 2049 1799 10458 1419 1082 5479 5053 4979 580 4826 4463 2981 16262 1558 757 502 14704 785 495 14459 4202 2665 1495
cat_boundaries=0 3 6 9 12 14 17 18 19
cat_threshold=2148007938 67108929 262144 922877956 543179808 33656833 137383936 2148696324 23094434 0 536870912 33587200 16384 2147516676 33554432 4195328 65536 48 4
is_linear=0
shrinkage=0.05


Tree=90
num_leaves=31
num_cat=9
split_feature=25 20 18 3 25 11 20 23 18 25 2 25 18 26 0 11 20 23 25 20 25 18 27 3 10 10 3 2 18 24
split_gain=280.822 108.521 222.214 40.2309 31.0437 19.904 6.57798 4.21562 3.64186 3.06271 2.31215 3.06304 1.89937 1.62057 1.25517 1.24726 3.7732 1.08722 1.04401 0.843001 0.793175 2.19429 1.55557 1.47053 0.840748 0.540171 0.49832 0.51834 0.481102 0.420187
threshold=0 111600.00000000001 84600.000000000015 19968.000000000004 1 117344.00000000001 84600.000000000015 2 31200.000000000004 3 44.000000000000007 4 3570.0000000000005 1.0000000180025095e-35 30.000000000000004 93184.000000000015 16200.000000000002 5 6 648000.00000000012 7 3570.0000000000005 2.1383330595080281 62768.000000000007 0.29166666666666669 0.41666666666666669 359200.00000000006 19.500000000000004 19800.000000000004 8
decision_type=9 2 2 2 9 2 2 9 2 9 2 9 2 2 2 2 2 9 9 2 9 2 8 2 2 2 2 2 2 9
left_child=1 2 7 17 6 19 20 -1 -9 12 11 -8 -6 14 18 25 -17 -4 -14 -3 21 -2 -23 -24 -22 -11 27 -13 -26 -20
right_child=4 5 3 -5 9 -7 10 8 -10 15 -12 26 13 -15 -16 16 -18 -19 29 -21 24 22 23 -25 28 -27 -28 -29 -30 -31
leaf_value=1.4352578833982079 -26.607499128072483 -9.3809143491198483 13.053117950688467 2.4106642539627501 -50.3413222349661 55.725076014427827 60.49834610098624 -33.773424407868518 -0.0055354103989884614 19.958212879496024 -19.957268113129249 -266.88965324044869 19.205846057606689 -20.228488458466064 52.963863547311099 -76.176585853299727 1.7028492391793408 13.061663458871045 -14.922154410164513 417.6607085375756 -11.386337861751599 -26.567437931188309 -24.504542139556698 13.577558885977631 -32.881636972727108 -7.6202278505583543 0.18234508517789438 -29.732032507177429 -71.778588849135758 -69.201383277123156
leaf_weight=238 792 2665 290 334 426 324 297 794 1029 400 315 292 210 286 227 234 389 2811 1310 316 245 255 217 282 14054 4097 290 203 405 2879
leaf_count=238 792 2665 290 334 426 324 297 794 1029 400 315 292 210 286 227 234 389 2811 1310 316 245 255 217 282 14054 4097 290 203 405 2879
internal_value=-0.000311045 0.00747702 0.0117897 0.0195738 -0.0027519 0.000325067 -0.00403109 -0.00119002 -0.00200822 -0.000591214 -0.000739815 0.000359777 -0.00142804 -0.00115181 -0.000924807 0.00028254 0.002376 0.0213487 -0.00111225 -0.000957091 -0.00431639 -0.00313222 -0.00121693 0.00040918 -0.00443531 -7.7807e-06 -0.00128607 -0.00226358 -0.00448759 -0.00128422
internal_weight=36906 8801 5496 3435 28105 3305 17647 2061 1823 10458 1397 1082 5338 4912 4626 5120 623 3101 4399 2981 16250 1546 754 499 14704 4497 785 495 14459 4189
internal_count=36906 8801 5496 3435 28105 3305 17647 2061 1823 10458 1397 1082 5338 4912 4626 5120 623 3101 4399 2981 16250 1546 754 499 14704 4497 785 495 14459 4189
cat_boundaries=0 3 6 7 10 13 14 16 18 19
cat_threshold=2148007938 67108929 327680 922877956 543179808 33591297 4 137383936 2148696324 20997282 0 536870912 33587200 4 16384 2147516420 33554432 4195328 48
is_linear=0
shrinkage=0.05


Tree=91
num_leaves=31
num_cat=8
split_feature=25 20 18 3 25 11 20 11 18 25 2 25 18 26 11 20 0 25 20 25 18 27 3 10 10 3 2 18 24 23
split_gain=280.806 109.728 220.928 40.2309 30.9002 19.4024 6.28244 4.31229 3.6052 3.12231 2.57726 3.06304 1.86627 1.61773 1.27657 3.71591 0.913851 0.902533 0.843001 0.760434 2.19344 1.53777 1.45517 0.833057 0.556667 0.49832 0.51834 0.473408 0.40772 0.378463
threshold=0 111600.00000000001 84600.000000000015 19968.000000000004 1 117344.00000000001 84600.000000000015 79936.000000000015 31200.000000000004 2 44.000000000000007 3 3570.0000000000005 1.0000000180025095e-35 93184.000000000015 16200.000000000002 30.000000000000004 4 648000.00000000012 5 3570.0000000000005 2.1383330595080281 62768.000000000007 0.29166666666666669 0.41666666666666669 359200.00000000006 19.500000000000004 19800.000000000004 6 7
decision_type=9 2 2 2 9 2 2 2 2 9 2 9 2 2 2 2 2 9 2 9 2 8 2 2 2 2 2 2 9 9
left_child=1 2 7 -4 6 18 19 8 -1 12 11 -8 -6 16 24 -16 17 -14 29 20 -2 -22 -23 -21 -11 26 -13 -25 -19 -3
right_child=4 5 3 -5 9 -7 10 -9 -10 14 -12 25 13 -15 15 -17 -18 28 -20 23 21 22 -24 27 -26 -27 -28 -29 -30 -31
leaf_value=-32.084753187475144 -25.277124171668859 -24.47412914821107 12.408580285927748 2.2901310412649765 -47.825211461407918 53.005577584246467 57.473428795936343 1.3634949892282977 -0.0052586398789571838 20.370302571691447 -8.5770746272343406 -253.54517057842622 17.870553510347236 -19.217064035542762 -72.352756282877095 1.6177067772208831 78.739412512530166 -14.176046689656506 396.77767311069766 -10.81702096866402 -25.239066034628902 -23.287080124334185 12.816160705034285 -31.237555124090751 -8.2007536262794023 0.17322783091904059 -28.245430881818539 -68.189659406678956 -65.666314131148397 -2.3631194839166709
leaf_weight=791 801 1170 3101 334 419 302 297 250 1008 397 353 292 314 286 230 388 213 1310 316 245 255 218 284 14062 3983 290 203 405 2894 1495
leaf_count=791 801 1170 3101 334 419 302 297 250 1008 397 353 292 314 286 230 388 213 1310 316 245 255 218 284 14062 3983 290 203 405 2894 1495
internal_value=-0.000316464 0.00749117 0.0118265 0.0195738 -0.00275106 0.000269405 -0.00402297 -0.00116772 -0.00202388 -0.000590658 -0.000852472 0.000359777 -0.00141887 -0.00115262 0.000311376 0.00243548 -0.000930701 -0.00108186 -0.000957091 -0.00430494 -0.0031465 -0.00123189 0.000376983 -0.00442203 1.14091e-05 -0.00128607 -0.00226358 -0.00447405 -0.00127372 -0.00124672
internal_weight=36906 8767 5484 3435 28139 3283 17705 2049 1799 10434 1435 1082 5436 5017 4998 618 4731 4518 2981 16270 1558 757 502 14712 4380 785 495 14467 4204 2665
internal_count=36906 8767 5484 3435 28139 3283 17705 2049 1799 10434 1435 1082 5436 5017 4998 618 4731 4518 2981 16270 1558 757 502 14712 4380 785 495 14467 4204 2665
cat_boundaries=0 3 6 9 12 15 18 19 20
cat_threshold=2148007938 67108929 262144 922882052 543179808 33656833 137379840 2148696324 22045858 0 536870912 33587200 0 2147516676 1048576 33554432 4195328 65536 48 4
is_linear=0
shrinkage=0.05


Tree=92
num_leaves=31
num_cat=8
split_feature=25 20 18 3 25 11 20 11 18 25 2 25 18 26 11 20 25 18 27 20 10 0 25 25 20 3 2 27 18 24
split_gain=280.105 109.555 221.448 40.2309 30.9829 19.4024 6.23739 4.07065 3.6052 3.14251 2.57726 3.06304 1.60508 1.59815 1.25264 3.71591 0.874959 2.53429 1.52552 0.843001 0.831098 0.67775 0.696978 0.650397 0.990417 0.49832 0.51834 0.486366 0.471456 0.381723
threshold=0 111600.00000000001 84600.000000000015 19968.000000000004 1 117344.00000000001 84600.000000000015 79936.000000000015 31200.000000000004 2 44.000000000000007 3 3570.0000000000005 1.0000000180025095e-35 93184.000000000015 16200.000000000002 4 3570.0000000000005 3.1984648276080736 648000.00000000012 0.29166666666666669 30.000000000000004 5 6 111600.00000000001 359200.00000000006 19.500000000000004 2.1383330595080281 19800.000000000004 7
decision_type=9 2 2 2 9 2 2 2 2 9 2 9 2 2 2 2 9 2 8 2 2 2 9 9 2 2 2 10 2 9
left_child=1 2 7 -4 6 19 16 8 -1 12 11 -8 -6 21 23 -16 17 -2 27 -3 -18 22 -14 -11 -25 26 -13 -19 -22 -24
right_child=4 5 3 -5 9 -7 10 -9 -10 14 -12 25 13 -15 15 -17 20 18 -20 -21 28 -23 29 24 -26 -27 -28 -29 -30 -31
leaf_value=-30.480515528101389 -24.013267963085426 -8.7937126574677684 11.788151271631069 2.1756244892014367 -45.385447252316261 50.355298705034777 54.599757356139889 1.2953202397668748 -0.004995707885063894 -8.5980743270450386 -8.1482208958721394 -240.86791204950492 17.237027375013714 -18.256210833765635 -68.735118468733262 1.5368214383604937 -10.276169920230814 -23.977112732897446 13.268732136009854 376.9387894551619 -29.675677367886216 74.802441886903651 -13.467244355173898 -5.9692529432064632 32.841852033507166 0.16456643937308402 -26.833159337727558 -23.631154034024341 -64.78017643634503 -62.382998424590987
leaf_weight=791 848 2665 3101 334 372 302 297 250 1008 3867 353 292 304 286 230 388 245 255 210 316 14062 213 1310 270 243 290 203 302 405 2894
leaf_count=791 848 2665 3101 334 372 302 297 250 1008 3867 353 292 304 286 230 388 245 255 210 316 14062 213 1310 270 243 290 203 302 405 2894
internal_value=-0.0003124 0.00748548 0.0118174 0.0195738 -0.00274395 0.000269405 -0.00401204 -0.0011921 -0.00202388 -0.000571279 -0.000852472 0.000359777 -0.00140883 -0.00117489 0.000331336 0.00243548 -0.00429206 -0.00308851 -0.00102081 -0.000957091 -0.00441864 -0.000953844 -0.00108426 3.42298e-05 0.00168571 -0.00128607 -0.00226358 -0.00238819 -0.00447059 -0.00125
internal_weight=36906 8767 5484 3435 28139 3283 17762 2049 1799 10377 1435 1082 5379 5007 4998 618 16327 1615 767 2981 14712 4721 4508 4380 513 785 495 557 14467 4204
internal_count=36906 8767 5484 3435 28139 3283 17762 2049 1799 10377 1435 1082 5379 5007 4998 618 16327 1615 767 2981 14712 4721 4508 4380 513 785 495 557 14467 4204
cat_boundaries=0 3 6 9 12 15 18 21 22
cat_threshold=2148007938 67108929 262144 922882052 543179812 33656833 137379840 2148696320 22045858 0 536870912 33587200 33554432 4195332 65536 0 2147516672 1048576 262592 16777240 75497472 48
is_linear=0
shrinkage=0.05


Tree=93
num_leaves=31
num_cat=9
split_feature=25 20 18 3 25 11 20 11 18 25 2 25 18 26 10 25 18 3 27 20 11 20 25 25 0 20 25 3 2 25
split_gain=280.028 109.267 221.448 40.2309 30.9178 19.3533 6.2041 4.07065 3.6052 3.04401 2.57726 3.06304 1.48526 1.39948 1.02139 0.934251 2.3609 1.47517 1.65959 0.831456 0.800131 3.57346 0.793867 0.657313 0.654547 0.547782 0.526712 0.49832 0.51834 0.475771
threshold=0 111600.00000000001 84600.000000000015 19968.000000000004 1 117344.00000000001 84600.000000000015 79936.000000000015 31200.000000000004 2 44.000000000000007 3 3570.0000000000005 1.0000000180025095e-35 0.75000000000000011 4 3570.0000000000005 62768.000000000007 2.8029010331479989 648000.00000000012 93184.000000000015 16200.000000000002 5 6 10.000000000000002 257400.00000000003 7 359200.00000000006 19.500000000000004 8
decision_type=9 2 2 2 9 2 2 2 2 9 2 9 2 2 2 9 2 2 8 2 2 2 9 9 2 2 9 2 2 9
left_child=1 2 7 -4 6 19 14 8 -1 12 11 -8 -6 23 -2 16 -16 -18 -19 -3 22 -22 -11 24 -14 -25 -27 28 -13 -24
right_child=4 5 3 -5 9 -7 10 -9 -10 20 -12 27 13 -15 15 -17 17 18 -20 -21 21 -23 29 25 -26 26 -28 -29 -30 -31
leaf_value=-28.956489751696246 -10.392361574422967 -8.3540270245943251 11.198743708049733 2.0668432647413284 -43.116174889700453 47.83753376978374 51.869769488333262 1.2305542277785209 -0.0047459224908379845 -8.1681706106927781 -7.7408098510783434 -228.82451644702965 21.740126336297305 -17.593401770272521 -22.812604564931146 -28.241893499491905 -24.616858577488966 -20.423830831957446 15.776137813951264 358.0918499824038 -51.393845375309674 1.4599803664430511 3.7269027015522256 -57.228447040930249 -23.681425569900384 -516.51193770235352 99.661600301739313 0.156338117404448 -25.491501370841071 14.013002524237729
leaf_weight=791 308 2665 3101 334 372 302 297 250 1008 3719 353 292 204 363 795 14471 340 212 201 316 270 418 327 3315 574 200 318 290 203 297
leaf_count=791 308 2665 3101 334 372 302 297 250 1008 3719 353 292 204 363 795 14471 340 212 201 316 270 418 327 3315 574 200 318 290 203 297
internal_value=-0.000305626 0.00749117 0.0118174 0.0195738 -0.00273685 0.000284626 -0.0040036 -0.0011921 -0.00202388 -0.000566466 -0.000852472 0.000359777 -0.00139604 -0.00116962 -0.00428287 -0.00433775 -0.00307051 -0.00107947 0.00092771 -0.00094033 0.000316279 0.00189855 6.55914e-05 -0.000933233 0.000392404 -0.00120026 0.000307691 -0.00128607 -0.00226358 0.00169811
internal_weight=36906 8767 5484 3435 28139 3283 17762 2049 1799 10377 1435 1082 5346 4974 16327 16019 1548 753 413 2981 5031 688 4343 4611 778 3833 518 785 495 624
internal_count=36906 8767 5484 3435 28139 3283 17762 2049 1799 10377 1435 1082 5346 4974 16327 16019 1548 753 413 2981 5031 688 4343 4611 778 3833 518 785 495 624
cat_boundaries=0 3 6 9 12 15 18 20 23 26
cat_threshold=2148007938 67108929 262144 922882052 543179812 33656833 137379840 2148696320 24142978 0 536870912 33587200 33554432 1024 65536 262528 16777240 75497728 1048576 2147483904 0 131072 17825920 64 270336 8
is_linear=0
shrinkage=0.05


Tree=94
num_leaves=31
num_cat=9
split_feature=25 20 18 3 25 11 20 25 11 18 25 2 18 10 25 26 20 2 25 3 18 3 20 25 9 11 25 24 11 18
split_gain=278.688 108.978 221.448 40.2309 31.494 19.3044 8.29182 5.30638 4.07065 3.6052 2.41572 1.44402 1.32321 1.00079 0.933368 2.05788 0.81999 0.801207 0.811765 0.753571 0.690308 1.10683 0.585507 2.1502 2.23824 0.611642 0.606491 0.448311 0.533744 0.422327
threshold=0 111600.00000000001 84600.000000000015 19968.000000000004 1 117344.00000000001 84600.000000000015 2 79936.000000000015 31200.000000000004 3 44.000000000000007 3570.0000000000005 0.75000000000000011 4 1.0000000180025095e-35 648000.00000000012 31.500000000000004 5 269312.00000000006 3570.0000000000005 226304.00000000003 111600.00000000001 6 3.5000000000000004 156800.00000000003 7 8 359200.00000000006 68400.000000000015
decision_type=9 2 2 2 9 2 2 9 2 2 9 2 2 2 9 2 2 2 9 2 2 2 2 9 2 2 9 9 2 2
left_child=1 2 8 -4 6 16 13 -8 9 -1 12 19 -6 -2 15 -15 -3 18 -12 -9 -17 -22 25 -24 -25 26 -20 28 29 -14
right_child=4 5 3 -5 10 -7 7 11 -10 -11 17 -13 27 14 -16 20 -18 -19 22 -21 21 -23 23 24 -26 -27 -28 -29 -30 -31
leaf_value=-27.508665264111372 -9.8727434957018207 -7.9363256733646272 10.638806522647066 1.9635011015045167 -38.996210353004443 45.445657081294748 49.276281013916019 -212.98333407646419 1.1690265163895901 -0.0045086263662597048 0.98302121518954666 -7.3537693585249944 -8.1519297167491924 5.9181207974700101 -26.829798824517312 -21.671974336684595 340.18725748328438 72.081237134806003 -111.87200609336298 8.8301258769418265 -17.951215841977977 -18.763729524070733 -35.928766893189461 3.5276521455980401 5.3216669816251763 -49.104160266254127 0.27389138245039218 -88.911012321641692 498.48234711423657 -75.807414004059638
leaf_weight=791 308 2665 3101 334 250 302 200 751 250 1008 374 353 871 277 14472 768 316 238 210 379 534 425 1443 201 273 252 2172 2857 205 326
leaf_count=791 308 2665 3101 334 250 302 200 751 250 1008 374 353 871 277 14472 768 316 238 210 379 534 425 1443 201 273 252 2172 2857 205 326
internal_value=-0.000281241 0.00749687 0.0118174 0.0195738 -0.00270665 0.000299847 -0.00391715 -0.000572701 -0.0011921 -0.00202388 -0.000393434 -0.00161539 -0.00123756 -0.00425474 -0.00430756 -0.00320933 -0.000923568 0.000344926 0.000208036 -0.000750885 -0.0038664 -0.00296046 2.08184e-05 0.000685252 0.00355967 -0.000462824 -0.000213927 -0.00103145 -0.000289959 -0.000696415
internal_weight=36906 8767 5484 3435 28139 3283 18467 1683 2049 1799 9672 1483 4509 16784 16476 2004 2981 5163 4925 1130 1727 959 4551 1917 474 2634 2382 4259 1402 1197
internal_count=36906 8767 5484 3435 28139 3283 18467 1683 2049 1799 9672 1483 4509 16784 16476 2004 2981 5163 4925 1130 1727 959 4551 1917 474 2634 2382 4259 1402 1197
cat_boundaries=0 3 6 9 12 15 17 20 23 24
cat_threshold=2148007938 67108929 262144 922882052 2691712036 33657857 0 2684354560 1025 137379840 164096 88105090 33554432 2147484708 66560 262144 9175040 128 16777224 40 2112 8192 2097920 48
is_linear=0
shrinkage=0.05


Tree=95
num_leaves=31
num_cat=7
split_feature=25 20 18 3 25 11 20 11 25 18 25 2 18 10 25 18 3 27 20 12 11 11 25 12 9 0 18 20 25 18
split_gain=278.243 108.402 221.448 40.2309 30.4832 19.2066 7.27241 4.07065 3.9352 3.6052 2.19038 1.49299 1.15543 0.950936 0.861084 2.63348 1.64679 1.64608 0.797296 0.731115 0.71192 2.29808 0.687969 0.864864 0.633541 1.01434 0.522184 0.42284 0.511416 0.813975
threshold=0 111600.00000000001 84600.000000000015 19968.000000000004 1 117344.00000000001 84600.000000000015 79936.000000000015 2 31200.000000000004 3 31.500000000000004 3570.0000000000005 0.75000000000000011 4 3570.0000000000005 62768.000000000007 2.8617925509761908 648000.00000000012 177040.00000000003 182160.00000000003 93184.000000000015 5 78336.000000000015 23.500000000000004 2.5000000000000004 68400.000000000015 257400.00000000003 6 68400.000000000015
decision_type=9 2 2 2 9 2 2 2 9 2 9 2 2 2 9 2 2 8 2 2 2 2 9 2 2 2 2 2 9 2
left_child=1 2 7 -4 6 18 13 9 -8 -1 12 19 -6 -2 15 -15 -17 -18 -3 -10 21 22 -12 -24 -16 -26 -23 -14 29 -29
right_child=4 5 3 -5 10 -7 8 -9 11 -11 20 -13 27 14 24 16 17 -19 -20 -21 -22 26 23 -25 25 -27 -28 28 -30 -31
leaf_value=-26.13323200090581 -9.3891063233009167 -7.5395093896964687 10.106866196514602 1.8653260464292545 -32.716519782463003 43.173374227230205 47.907440247226624 1.1105751905701027 -205.7341065759033 -0.0042831950479012447 -7.6734744591485198 -4.7779280689763253 -44.250722029597732 -20.588375619850353 -65.153938654702699 -22.488454856515617 -18.454245860246534 15.884891715352602 323.17789460911882 7.9068276697481252 -48.293955446558279 0.81386950593150686 3.7026188919336391 -31.016488264520543 -24.88924915688515 -24.488308883291438 29.731822499579948 19.059855188628916 74.663940922353149 -932.46062425679065
leaf_weight=791 309 2665 3101 334 263 302 308 250 545 1008 3736 422 3505 841 8159 340 221 201 316 440 243 273 252 312 238 6505 200 244 355 227
leaf_count=791 309 2665 3101 334 263 302 308 250 545 1008 3736 422 3505 841 8159 340 221 201 316 440 243 273 252 312 238 6505 200 244 355 227
internal_value=-0.00026363 0.00750826 0.0118174 0.0195738 -0.00268712 0.000330288 -0.00387223 -0.0011921 -0.000771696 -0.00202388 -0.000400126 -0.00189218 -0.00118758 -0.00419065 -0.00424214 -0.00304334 -0.000929321 0.00115566 -0.000890045 -0.000835867 0.000322195 0.00045759 9.29788e-05 0.00170139 -0.0043657 -0.00400519 0.00375789 -0.000993539 2.41534e-05 -0.00104555
internal_weight=36906 8767 5484 3435 28139 3283 18529 2049 1715 1799 9610 1407 4594 16814 16505 1603 762 422 2981 985 5016 4773 4300 564 14902 6743 473 4331 826 471
internal_count=36906 8767 5484 3435 28139 3283 18529 2049 1715 1799 9610 1407 4594 16814 16505 1603 762 422 2981 985 5016 4773 4300 564 14902 6743 473 4331 826 471
cat_boundaries=0 3 6 9 12 15 18 21
cat_threshold=2148007938 67108929 262144 922882052 2691712036 33658113 0 2685403136 1280 137379840 8552704 88105090 33554432 1028 65536 262592 16777240 8388608 1048576 131072 16777216
is_linear=0
shrinkage=0.05


Tree=96
num_leaves=31
num_cat=8
split_feature=25 20 18 3 25 11 18 11 18 25 25 26 18 25 10 24 2 25 25 11 11 20 20 20 3 10 18 11 27 3
split_gain=281.516 106.115 221.448 40.2309 28.1673 18.8181 6.38631 4.07065 3.6052 2.9359 2.34506 1.37281 1.39236 1.16737 1.00932 0.962646 1.40348 0.917714 0.910094 0.868052 2.483 0.840204 0.988319 0.831604 0.763702 0.662117 0.566277 4.14641 1.71554 0.561824
threshold=0 111600.00000000001 84600.000000000015 19968.000000000004 1 117344.00000000001 19800.000000000004 79936.000000000015 31200.000000000004 2 3 1.0000000180025095e-35 3570.0000000000005 4 0.29166666666666669 5 10.500000000000002 6 7 156800.00000000003 93184.000000000015 62400.000000000007 158400.00000000003 124800.00000000001 9408.0000000000018 0.41666666666666669 3150.0000000000005 62768.000000000007 2.740319461670996 78400.000000000015
decision_type=9 2 2 2 9 2 2 2 2 9 9 2 2 9 2 9 2 9 9 2 2 2 2 2 2 2 2 2 8 2
left_child=1 2 7 -4 6 15 14 8 -1 23 11 12 -6 -11 -2 16 24 -14 26 20 25 -19 -23 -8 -3 -12 -16 -28 -29 -17
right_child=4 5 3 -5 10 -7 9 -9 -10 13 19 -13 17 -15 18 29 -18 21 -20 -21 -22 22 -24 -25 -26 -27 27 28 -30 -31
leaf_value=-24.826570400860511 -8.2896508807740243 1.667442447738722 9.6015228866890538 1.772059744107537 -35.300457031348948 41.014705515869252 8.381293164120871 1.0550464310415919 -0.0040690352954698026 -15.573781441348547 27.443279285403232 -12.267846794624985 13.23127752119257 -39.861282683536004 -24.433957905780971 -20.994236985761383 -891.5661082175626 8.6585990656480138 -62.64624172196757 -44.387195452238821 1.4431766791334668 -92.414564461614589 -24.711489821619267 44.417094950859614 306.80399958898488 -0.6388052182520142 -23.163893439126866 -17.633198843262477 12.945602342714011 -112.72056748319713
leaf_weight=791 256 1240 3101 334 309 302 203 250 1008 756 377 286 200 711 896 543 326 1038 8774 335 252 356 3575 200 244 3396 5810 203 206 628
leaf_count=791 256 1240 3101 334 309 302 203 250 1008 756 377 286 200 711 896 543 326 1038 8774 335 252 356 3575 200 244 3396 5810 203 206 628
internal_value=-0.00026363 0.00755382 0.0118174 0.0195738 -0.00270133 0.000452054 -0.00388723 -0.0011921 -0.00202388 -0.0011218 -0.000588991 -0.00125 -0.00107482 -0.00215348 -0.00420976 -0.000755952 -2.74436e-05 -0.000878941 -0.00425996 0.000285909 0.000490438 -0.00101285 -0.00134884 0.00261446 0.00062584 0.000168211 -0.00379893 -0.00363205 0.00122871 -0.00186391
internal_weight=36906 8767 5484 3435 28139 3283 18015 2049 1799 1870 10124 5764 5478 1467 16145 2981 1810 5169 15889 4360 4025 4969 3931 403 1484 3773 7115 6219 409 1171
internal_count=36906 8767 5484 3435 28139 3283 18015 2049 1799 1870 10124 5764 5478 1467 16145 2981 1810 5169 15889 4360 4025 4969 3931 403 1484 3773 7115 6219 409 1171
cat_boundaries=0 3 6 9 12 14 15 17 20
cat_threshold=2148007938 67108929 262144 922877956 544228388 33657089 0 536871936 33554432 137383936 2147647744 29385858 0 3145728 48 4096 2147483904 805306368 1060 65792
is_linear=0
shrinkage=0.05


Tree=97
num_leaves=31
num_cat=10
split_feature=25 20 18 3 25 11 18 23 18 25 25 26 18 23 2 10 25 20 2 25 20 20 20 25 20 20 0 25 18 11
split_gain=277.619 104.942 222.733 40.2309 29.6372 22.4905 6.62786 3.97004 3.64186 2.60572 2.5648 1.34744 1.48159 1.08722 1.05228 0.994291 0.894437 0.77492 0.738794 0.667321 1.33727 2.35335 2.9904 0.64942 0.636038 1.15472 0.620353 0.610536 0.581764 3.78517
threshold=0 111600.00000000001 84600.000000000015 19968.000000000004 1 117344.00000000001 27000.000000000004 2 31200.000000000004 3 4 1.0000000180025095e-35 3570.0000000000005 5 50.000000000000007 0.29166666666666669 6 648000.00000000012 25.500000000000004 7 158400.00000000003 74400.000000000015 16200.000000000002 8 257400.00000000003 547200.00000000012 10.000000000000002 9 3150.0000000000005 62768.000000000007
decision_type=9 2 2 2 9 2 2 9 2 9 9 2 2 9 2 2 9 2 2 9 2 2 2 9 2 2 2 9 2 2
left_child=1 2 7 13 6 17 15 -1 -9 11 -8 12 -6 -4 27 -2 28 -3 19 -11 21 22 -21 26 -25 -26 -14 -12 -17 -30
right_child=4 5 3 -5 9 -7 10 8 -10 18 14 -13 23 -15 -16 16 -18 -19 -20 20 -22 -23 -24 24 25 -27 -28 -29 29 -31
leaf_value=1.0022941094895033 -7.875168336735328 -9.6559473271598115 9.1133285095806063 1.6834567569021601 -35.025667427482553 38.89721486953502 41.64624020331685 -23.585241880817559 -0.0038655835307508826 -7.4328466291195134 -55.701822078042824 -11.654454454893722 21.508159399683745 9.1214467423546015 -14.476451074557554 -23.047263201724604 -59.552427693697759 291.70379952370422 87.12182422216182 -1.8659456735882149 1.159582106943708 -135.08061416256677 8.5247155113652671 -41.493356128015392 69.146364448859458 -152.9101271173601 -13.816466080856806 -11.469214502591202 -22.005698767170522 5.009181165566833
leaf_weight=238 256 2665 290 334 323 324 385 794 1029 3326 268 286 204 2811 270 894 8657 316 221 816 384 232 218 3208 227 227 574 887 5810 432
leaf_count=238 256 2665 290 334 323 324 385 794 1029 3326 268 286 204 2811 270 894 8657 316 221 816 384 232 218 3208 227 227 574 887 5810 432
internal_value=-0.000204022 0.00753943 0.0117806 0.0195738 -0.00263097 0.0005065 -0.00386073 -0.00121425 -0.00200822 -0.000485476 -0.000993379 -0.00129322 -0.00109444 0.0213487 -0.0019659 -0.00418634 -0.00423647 -0.000856521 0.00030044 0.000174768 0.000992779 0.000212933 0.00123552 -0.000855472 -0.00113228 0.000614034 0.000455695 -0.00131807 -0.00378148 -0.00361307
internal_weight=36906 8801 5496 3435 28105 3305 17859 2061 1823 10246 1810 5049 4763 3101 1425 16049 15793 2981 5197 4976 1650 1266 1034 4440 3662 454 778 1155 7136 6242
internal_count=36906 8801 5496 3435 28105 3305 17859 2061 1823 10246 1810 5049 4763 3101 1425 16049 15793 2981 5197 4976 1650 1266 1034 4440 3662 454 778 1155 7136 6242
cat_boundaries=0 3 6 7 10 13 14 17 20 22 25
cat_threshold=2148007938 67108929 327680 922882052 544228388 33591552 4 137379840 2148172032 20997251 0 536870912 33554432 4 805310464 1060 256 448 16777240 67108904 1048576 2147483904 0 16384 4096
is_linear=0
shrinkage=0.05


Tree=98
num_leaves=31
num_cat=8
split_feature=25 20 18 3 25 11 18 11 18 25 11 25 26 18 10 25 3 24 2 11 11 18 25 2 18 11 27 25 18 9
split_gain=277.762 106.97 221.448 40.2309 28.9558 18.9633 6.33025 4.07065 3.6052 2.67462 3.13761 2.27257 1.35969 1.16584 0.982813 0.894185 0.851371 0.742393 1.27582 0.680753 1.38738 1.08379 0.643045 0.833187 0.607701 3.71921 1.32474 0.57087 0.573155 0.52717
threshold=0 111600.00000000001 84600.000000000015 19968.000000000004 1 117344.00000000001 27000.000000000004 79936.000000000015 31200.000000000004 2 91080.000000000015 3 1.0000000180025095e-35 1500.0000000000002 0.29166666666666669 4 110592.00000000001 5 10.500000000000002 182160.00000000003 93184.000000000015 68400.000000000015 6 1.5000000000000002 3150.0000000000005 62768.000000000007 2.9174053685313028 7 39600.000000000007 13.500000000000002
decision_type=9 2 2 2 9 2 2 2 2 9 2 9 2 2 2 9 2 9 2 2 2 2 9 2 2 2 8 9 2 2
left_child=1 2 7 -4 6 17 14 8 -1 10 -8 12 13 -6 -2 24 -12 18 -3 20 22 -22 -13 -24 -16 -26 -27 28 -15 -29
right_child=4 5 3 -5 11 -7 9 -9 -10 -11 16 19 -14 27 15 -17 -18 -19 -20 -21 21 -23 23 -25 25 26 -28 29 -30 -31
leaf_value=-22.405979786776697 -7.4814099198985566 5.1418506626629101 8.6653744052367987 1.5992839190570523 -30.33144395408042 37.019109496598951 53.021034945355495 0.95217940401503265 -0.0036723043542224334 -14.542629567487166 -194.09525144991119 -7.0362003339546622 -11.071731732149056 -20.461301572297216 -22.044896858750349 -56.536308251184302 0.028345419981633313 -20.111727770115252 -846.50500544032627 -43.843255702484754 0.27478142110994669 29.255235712593006 4.9464348687931121 3.6817619350851829 -20.905413828811994 -16.896162991678185 11.619500041892106 -22.922866644084845 52.002746336355862 -44.796828261434221
leaf_weight=791 256 1484 3101 334 208 302 243 250 1008 709 252 3775 286 468 903 8785 646 1171 326 246 273 200 236 511 5811 230 204 2930 288 679
leaf_count=791 256 1484 3101 334 208 302 243 250 1008 709 252 3775 286 468 903 8785 646 1171 326 246 273 200 236 511 5811 230 204 2930 288 679
internal_value=-0.000228407 0.00753673 0.0118174 0.0195738 -0.00264982 0.000406392 -0.00384993 -0.0011921 -0.00202388 -0.00107991 0.000429314 -0.000504352 -0.00128208 -0.00107432 -0.00416868 -0.00421807 -0.000933335 -0.000806237 -0.000164655 0.000217969 0.000345206 0.00291579 7.51535e-05 0.00140316 -0.00376257 -0.00358972 0.000871558 -0.000898788 0.000351561 -0.00115852
internal_weight=36906 8767 5484 3435 28139 3283 18039 2049 1799 1850 1141 10100 4859 4573 16189 15933 898 2981 1810 5241 4995 473 4522 747 7148 6245 434 4365 756 3609
internal_count=36906 8767 5484 3435 28139 3283 18039 2049 1799 1850 1141 10100 4859 4573 16189 15933 898 2981 1810 5241 4995 473 4522 747 7148 6245 434 4365 756 3609
cat_boundaries=0 3 6 9 12 15 16 19 21
cat_threshold=2148007938 67108929 262144 922882052 544228388 33657089 0 540016640 33554432 3145728 2156044544 20997250 805310464 1060 65792 48 134496640 16777240 75497472 1048576 2147483648
is_linear=0
shrinkage=0.05


Tree=99
num_leaves=31
num_cat=7
split_feature=25 20 18 3 25 11 20 11 25 18 25 20 12 18 26 12 2 11 25 2 10 25 20 11 18 11 27 25 11 20
split_gain=276.169 108.709 221.448 40.2309 27.2638 18.6448 6.18526 4.07065 3.92969 3.6052 2.14585 2.04023 2.76003 1.70194 1.58339 1.23178 1.00392 0.907197 1.30008 1.49669 0.901777 0.77893 0.765459 0.732264 0.618744 3.71917 1.3771 0.580556 0.482943 1.82044
threshold=0 111600.00000000001 84600.000000000015 19968.000000000004 1 117344.00000000001 84600.000000000015 79936.000000000015 2 31200.000000000004 3 489600.00000000006 89600.000000000015 3570.0000000000005 1.0000000180025095e-35 177040.00000000003 38.000000000000007 96500.000000000015 4 1.5000000000000002 0.75000000000000011 5 62400.000000000007 182160.00000000003 3150.0000000000005 62768.000000000007 2.9174053685313028 6 91080.000000000015 14280.000000000002
decision_type=9 2 2 2 9 2 2 2 9 2 9 2 2 2 2 2 2 2 9 2 2 9 2 2 2 2 8 9 2 2
left_child=1 2 7 -4 6 8 20 9 -3 -1 13 12 -8 -6 22 -14 17 18 -12 -20 -2 24 -15 27 -22 -26 -27 -24 -23 -30
right_child=4 5 3 -5 10 -7 11 -9 -10 -11 16 -13 15 14 -16 -17 -18 -19 19 -21 21 28 23 -25 25 26 -28 -29 29 -31
leaf_value=-21.28568079743782 -7.7373395502654834 277.20151709544882 8.2321056849752505 1.5193197231041269 -32.326981288772721 35.168154021769702 37.462876445883012 0.90457043381427416 -10.770201209373774 -0.0034886891364294573 -6.6343903172569298 -62.791121483235315 -184.39048887741561 8.7707764127428174 -10.518145145541622 0.18140676969214839 82.581641642156242 -46.746084929146029 2.5562949193779678 -10.749978605240711 -20.832655160553898 -54.190941232034533 -0.71115878403361421 150.92610343481502 -19.860143137371395 -16.051354842094266 13.6119329520763 -42.357531080784085 -53.404495007042073 -17.086438152103803
leaf_weight=791 309 248 3101 334 381 302 307 250 2890 1008 2984 270 206 1089 286 533 201 395 391 344 886 6710 225 225 5813 230 201 3809 1820 367
leaf_count=791 309 248 3101 334 381 302 307 250 2890 1008 2984 270 206 1089 286 533 201 395 391 344 886 6710 225 225 5813 230 201 3809 1820 367
internal_value=-0.000213505 0.00743957 0.0118174 0.0195738 -0.00265628 0.000479371 -0.0038502 -0.0011921 -0.000665606 -0.00202388 -0.000614002 -0.000553871 0.000448472 -0.00122366 -0.00100603 -0.00120783 0.000236883 6.8026e-05 0.000310399 0.00217537 -0.00411801 -0.00416963 -0.000811216 -0.00111359 -0.00373845 -0.00356548 0.000912239 -0.00126858 -0.004505 -0.00385336
internal_weight=36906 8924 5484 3435 27982 3440 17652 2049 3138 1799 10330 1316 1046 6015 5634 739 4315 4114 3719 735 16336 16027 5348 4259 7130 6244 431 4034 8897 2187
internal_count=36906 8924 5484 3435 27982 3440 17652 2049 3138 1799 10330 1316 1046 6015 5634 739 4315 4114 3719 735 16336 16027 5348 4259 7130 6244 431 4034 8897 2187
cat_boundaries=0 3 6 7 10 13 16 19
cat_threshold=2150105090 67108929 262144 922882052 543179812 33558785 2621440 1064960 2148696320 96527490 448 16777240 65544 838860800 1060 256 0 0 8388608
is_linear=0
shrinkage=0.05


Tree=100
num_leaves=31
num_cat=11
split_feature=25 20 18 3 25 11 20 25 23 18 20 3 18 25 23 11 25 18 10 25 12 20 3 11 20 25 18 3 23 23
split_gain=278.536 105.295 222.933 40.2309 27.364 18.2886 6.24238 5.22667 3.79313 3.63836 2.55642 3.43198 1.64533 1.38442 1.08722 0.955484 1.12717 1.58983 0.880565 0.951791 0.855725 4.35877 3.94623 0.801011 0.690099 0.677 0.593393 0.565206 1.51601 0.855177
threshold=0 111600.00000000001 84600.000000000015 19968.000000000004 1 117344.00000000001 84600.000000000015 2 3 31200.000000000004 208800.00000000003 89600.000000000015 1500.0000000000002 4 5 156800.00000000003 6 135000.00000000003 0.75000000000000011 7 200704.00000000003 3150.0000000000005 62768.000000000007 182160.00000000003 27000.000000000004 8 16500.000000000004 10752.000000000002 9 10
decision_type=9 2 2 2 9 2 2 9 9 2 2 2 2 9 9 2 9 2 2 9 2 2 2 2 2 9 2 2 9 9
left_child=1 2 8 14 6 7 18 -3 -1 -10 11 -8 -6 24 -4 16 -15 26 -2 20 21 -20 -23 25 -14 -13 -18 28 -9 -29
right_child=4 5 3 -5 12 -7 10 27 9 -11 -12 23 13 15 -16 -17 17 -19 19 -21 -22 22 -24 -25 -26 -27 -28 29 -30 -31
leaf_value=0.85934191212356836 -7.3404725703680249 263.08644101298705 7.8127880795909732 1.4433537369492115 -25.958085940979672 33.40974632068054 180.19557185457609 -17.917631321141016 -20.221396757565891 -0.0033142546795716047 -52.453298109937897 -129.57058328230639 8.232237592105685 -0.91761621034671725 7.8205004007264511 -44.498780131941807 1.6524172125657719 -15.692413599613065 -19.541021293879808 -50.948287297162224 -18.842143019811374 -18.968363245845094 13.385160566116248 6.304427583307552 -36.744241859211677 -158.77096868931645 1.9375889093146599 -96.092603844291446 3.7382804482895153 -309.59243348406403
leaf_weight=236 308 220 290 334 224 302 275 543 793 1029 388 377 802 3731 2811 318 235 332 871 8963 5906 369 327 256 3852 211 256 618 1255 474
leaf_count=236 308 220 290 334 224 302 275 543 793 1029 388 377 802 3731 2811 318 235 332 871 8963 5906 369 327 256 3852 211 256 618 1255 474
internal_value=-0.000208086 0.0074885 0.0117807 0.0195738 -0.00265787 0.000597538 -0.00380031 -0.000546274 -0.00123301 -0.00200658 -0.00071902 0.000495092 -0.000517313 -0.000417717 0.0213487 0.000171989 0.000357769 0.00201796 -0.00407978 -0.00412946 -0.00367602 -0.00263544 0.000315185 -0.00108747 -0.00103301 -0.0021017 0.00384381 -0.00111992 -0.000577779 -0.00202011
internal_weight=36906 8905 5493 3435 28001 3412 18251 3110 2058 1822 1507 1119 9750 9526 3101 4872 4554 823 16744 16436 7473 1567 696 844 4654 588 491 2890 1798 1092
internal_count=36906 8905 5493 3435 28001 3412 18251 3110 2058 1822 1507 1119 9750 9526 3101 4872 4554 823 16744 16436 7473 1567 696 844 4654 588 491 2890 1798 1092
cat_boundaries=0 3 6 9 10 13 14 17 20 23 24 25
cat_threshold=2148007938 67108929 294912 922877956 2691712036 33624065 524288 0 32768 4 2113536 8552704 96494722 4 135266752 16777240 8 838860800 2147484708 65536 0 1048576 33554432 4 4
is_linear=0
shrinkage=0.05


Tree=101
num_leaves=31
num_cat=9
split_feature=25 20 18 3 25 11 20 23 18 2 25 18 25 2 23 11 25 12 20 3 3 23 11 11 18 25 12 20 20 20
split_gain=283.236 97.4197 223.774 40.2309 28.8624 21.0951 6.53183 3.50096 3.64186 2.33858 2.82406 1.93024 1.45201 1.39865 1.08722 0.864428 0.841729 0.852128 4.26295 3.84873 0.72375 1.4928 0.666353 1.08969 1.34492 1.03083 1.02882 0.661206 0.875027 0.509733
threshold=0 111600.00000000001 84600.000000000015 19968.000000000004 1 117344.00000000001 84600.000000000015 2 31200.000000000004 44.000000000000007 3 1500.0000000000002 4 1.5000000000000002 5 320.66666666666669 6 200704.00000000003 3150.0000000000005 62768.000000000007 10752.000000000002 7 182160.00000000003 93184.000000000015 68400.000000000015 8 78336.000000000015 257400.00000000003 547200.00000000012 33000.000000000007
decision_type=9 2 2 2 9 2 2 9 2 2 9 2 9 2 9 2 9 2 2 2 2 9 2 2 2 9 2 2 2 2
left_child=1 2 7 14 6 13 15 -1 -9 10 -8 -6 27 -3 -4 -2 29 18 -18 -20 21 -15 23 25 -25 -14 -27 -13 -29 -17
right_child=4 5 3 -5 11 -7 9 8 -10 -11 -12 12 22 20 -16 16 17 -19 19 -21 -22 -23 -24 24 -26 26 -28 28 -30 -31
leaf_value=0.81637481651739563 -5.4134540177811692 19.783268978887683 7.4221486756112434 1.3711860501018238 -26.314347574676681 31.672503634105745 30.229954030860974 -19.210326919687578 -0.0031485419456657839 -11.86145698837354 -56.772482235553618 -28.53659761820991 -6.3067899908767462 -17.021749755083874 7.429475380689837 -48.487893054006527 -18.413977453268764 -17.925028829512257 -18.521226703832479 12.113555586506804 -699.67607296702306 3.931366516474009 -37.088849664306132 0.1363481586198759 29.455507488247761 4.1525544352016146 0.90048250221516357 61.746928915207576 -127.93785834607735 -46.427637579356272
leaf_weight=238 204 743 290 334 248 324 372 794 1029 316 861 3430 4414 543 2811 8443 868 5976 373 333 444 1251 246 273 200 246 365 235 239 463
leaf_count=238 204 743 290 334 248 324 372 794 1029 316 861 3430 4414 543 2811 8443 868 5976 373 333 444 1251 246 273 200 246 365 235 239 463
internal_value=-0.000145769 0.00767559 0.0117625 0.0195738 -0.00259718 0.000899606 -0.00377833 -0.00126273 -0.00200822 -0.00067376 0.00031174 -0.000421882 -0.000309846 -0.000420719 0.0213487 -0.00406914 -0.00410925 -0.00368289 -0.00264594 0.000240112 -0.00104464 -0.00059577 0.000196316 0.000310908 0.0026 9.44886e-05 0.00199839 -0.0010521 0.000693276 -0.00446064
internal_weight=36906 8801 5496 3435 28105 3305 18209 2061 1823 1549 1233 9896 9648 2981 3101 16660 16456 7550 1574 706 2238 1794 5744 5498 473 5025 611 3904 474 8906
internal_count=36906 8801 5496 3435 28105 3305 18209 2061 1823 1549 1233 9896 9648 2981 3101 16660 16456 7550 1574 706 2238 1794 5744 5498 473 5025 611 3904 474 8906
cat_boundaries=0 3 6 7 10 13 14 17 18 21
cat_threshold=2148007938 67108929 327680 922877956 2691712036 33591296 4 0 2684354560 33587200 2113536 8552704 88106115 4 67239936 540016640 33558528 4 135528896 16777240 8388608
is_linear=0
shrinkage=0.05


Tree=102
num_leaves=31
num_cat=12
split_feature=25 20 18 3 25 11 20 23 18 20 3 18 25 23 11 20 10 25 12 20 3 11 11 25 25 20 25 24 25 23
split_gain=280.804 101.533 223.774 40.2309 27.1981 21.8947 6.3145 3.50096 3.64186 2.388 2.73967 1.65737 1.14911 1.08722 1.00374 0.920872 0.868575 0.840347 0.779232 4.13468 3.66798 0.763207 0.862367 0.717 0.665559 0.593865 0.592314 0.502952 0.584014 0.499448
threshold=0 111600.00000000001 84600.000000000015 19968.000000000004 1 117344.00000000001 84600.000000000015 2 31200.000000000004 208800.00000000003 89600.000000000015 1500.0000000000002 3 4 359200.00000000006 336600.00000000006 0.75000000000000011 5 200704.00000000003 3150.0000000000005 62768.000000000007 156800.00000000003 93184.000000000015 6 7 27000.000000000004 8 9 10 11
decision_type=9 2 2 2 9 2 2 9 2 2 2 2 9 9 2 2 2 9 2 2 2 2 2 9 9 2 9 9 9 9
left_child=1 2 7 13 6 15 16 -1 -9 10 -8 -6 25 -4 24 29 -2 18 19 -18 -21 22 23 -14 -12 -13 -25 -27 -29 -3
right_child=4 5 3 -5 11 -7 9 8 -10 -11 14 12 21 -15 -16 -17 17 -19 -20 20 -22 -23 -24 26 -26 27 -28 28 -30 -31
leaf_value=0.77555607569152019 -6.7027762409605662 -16.850663633468141 7.0510412418305357 1.3026267475965143 -23.344464265196848 30.088878452401044 159.24750874912462 -18.249810573703144 -0.0029911148483733998 -11.268384138954572 -41.173122585527643 8.135965212044221 -5.7414504913328983 7.0580016116553459 5.6408510702470025 248.83295603553125 -17.243278521000686 -46.012506988053673 -16.998784426153101 -16.92061804799766 12.337137122100216 -33.78440641815137 2.1036581060675341 5.3723236229501934 -162.69381012632257 -5.4897269510331173 6.2140044242875438 -110.94206933689757 -73.238508068799476 -0.66931341394665655
leaf_weight=238 308 1147 290 334 224 324 290 794 1029 465 398 779 3773 2811 235 339 863 8972 5905 368 325 338 252 438 226 863 285 588 2210 1495
leaf_count=238 308 1147 290 334 224 324 290 794 1029 465 398 779 3773 2811 235 339 863 8972 5905 368 325 338 252 438 226 863 285 588 2210 1495
internal_value=-0.000197248 0.00759049 0.0117625 0.0195738 -0.00263808 0.000672814 -0.00377171 -0.00126273 -0.00200822 -0.000785892 0.000438748 -0.000501948 -0.000401974 0.0213487 -0.000981418 -0.000672143 -0.0040617 -0.00411104 -0.00368058 -0.00268293 0.000194243 0.000111807 0.000275788 0.000115606 -0.00202876 -0.000988321 0.00154422 -0.00125717 -0.00158007 -0.000987142
internal_weight=36906 8801 5496 3435 28105 3305 18355 2061 1823 1614 1149 9750 9526 3101 859 2981 16741 16433 7461 1556 693 5086 4748 4496 624 4440 723 3661 2798 2642
internal_count=36906 8801 5496 3435 28105 3305 18355 2061 1823 1614 1149 9750 9526 3101 859 2981 16741 16433 7461 1556 693 5086 4748 4496 624 4440 723 3661 2798 2642
cat_boundaries=0 3 6 7 10 11 13 16 19 22 23 26 27
cat_threshold=2148007938 67108929 327680 922877956 2691712036 33591297 4 2113536 164096 29385858 4 838860800 2147484708 135528832 25165848 69206016 0 2148532224 33554432 4160 8192 1048584 48 0 0 8396800 4
is_linear=0
shrinkage=0.05


Tree=103
num_leaves=31
num_cat=9
split_feature=25 20 18 3 25 11 20 23 18 20 3 18 25 23 11 20 18 25 10 3 27 10 24 20 25 12 18 3 25 20
split_gain=276.778 102.088 223.774 40.2309 29.3139 20.9216 6.23414 3.50096 3.64186 2.388 2.73967 1.77181 1.1627 1.08722 1.00374 0.920872 0.911256 3.21789 2.2746 1.4527 1.84569 1.27402 0.900209 0.801995 2.37419 1.98898 1.74391 1.39404 1.37327 0.794675
threshold=0 111600.00000000001 84600.000000000015 19968.000000000004 1 117344.00000000001 84600.000000000015 2 31200.000000000004 208800.00000000003 89600.000000000015 1500.0000000000002 3 4 359200.00000000006 336600.00000000006 3150.0000000000005 5 29.500000000000004 62768.000000000007 2.740319461670996 0.75000000000000011 6 158400.00000000003 7 177040.00000000003 75600.000000000015 156800.00000000003 8 33000.000000000007
decision_type=9 2 2 2 9 2 2 9 2 2 2 2 9 9 2 2 2 9 2 2 8 2 9 2 9 2 2 2 9 2
left_child=1 2 7 13 6 15 16 -1 -9 10 -8 -6 22 -4 -12 -3 -2 19 21 -18 -21 -19 -13 26 -25 -26 27 28 -14 -23
right_child=4 5 3 -5 11 -7 9 8 -10 -11 14 12 23 -15 -16 -17 17 18 -20 20 -22 29 -24 24 25 -27 -28 -29 -30 -31
leaf_value=0.736778271906951 -37.867778419472664 -5.9917456062539713 6.6984891797386812 1.2374954102167977 -22.177241051937006 28.584434529781067 151.28513331166832 -17.337320045017986 -0.0028415591059456347 -10.704964932006261 -147.00411846248426 368.97059108236084 7.7291669514419938 6.7051015310724331 5.3588085167342729 236.39130823375601 -14.14914352869385 -4.042639175328623 8.2036561545539062 -17.246414731425244 11.60682733019428 -43.566833721311866 -12.554413777236825 11.596715303414385 48.98428276499326 1.2312070966268061 -120.23456043799743 -31.70347032164544 3.8342260630737202 -16.128838166728986
leaf_weight=238 2627 2642 290 334 224 324 290 794 1029 465 624 210 709 2811 235 339 339 232 230 203 206 6802 6009 1263 245 248 231 320 291 6102
leaf_count=238 2627 2642 290 334 224 324 290 794 1029 465 624 210 709 2811 235 339 339 232 230 203 206 6802 6009 1263 245 248 231 320 291 6102
internal_value=-0.000152543 0.00757914 0.0117625 0.0195738 -0.00257584 0.000642575 -0.00375266 -0.00126273 -0.00200822 -0.000785892 0.000438748 -0.000358534 -0.000255039 0.0213487 -0.000981418 -0.000672143 -0.00404079 -0.00388 -0.00405741 -0.000644738 0.00135036 -0.00414675 -0.000657199 0.000501656 0.00123436 0.00412871 -0.000325178 0.000378214 0.0012974 -0.00421277
internal_weight=36906 8801 5496 3435 28105 3305 18355 2061 1823 1614 1149 9750 9526 3101 859 2981 16741 14114 13366 748 409 13136 6219 3307 1756 493 1551 1320 1000 12904
internal_count=36906 8801 5496 3435 28105 3305 18355 2061 1823 1614 1149 9750 9526 3101 859 2981 16741 14114 13366 748 409 13136 6219 3307 1756 493 1551 1320 1000 12904
cat_boundaries=0 3 6 7 10 11 13 14 16 19
cat_threshold=2148007938 67108929 327680 922877956 2691712036 33591297 4 3162368 164120 88105122 4 0 1028 34 262336 25690112 64 8192 10486272
is_linear=0
shrinkage=0.05


Tree=104
num_leaves=31
num_cat=7
split_feature=25 20 18 3 25 11 18 11 18 25 3 18 26 25 9 3 18 25 10 10 25 3 24 2 12 18 3 0 10 10
split_gain=277.305 102.954 222.49 40.2309 28.5352 18.338 6.54253 3.74813 3.74504 2.59654 2.77819 1.94821 1.68599 1.65225 1.41547 0.96657 0.947396 2.96393 1.28597 1.30019 3.51435 1.28345 0.888087 1.53719 0.801998 2.4878 0.78481 0.578055 0.634057 0.815435
threshold=0 111600.00000000001 84600.000000000015 19968.000000000004 1 117344.00000000001 27000.000000000004 80960.000000000015 31200.000000000004 2 89600.000000000015 1500.0000000000002 1.0000000180025095e-35 3 7.5000000000000009 110592.00000000001 3150.0000000000005 4 0.75000000000000011 1.0714285714285716 5 62768.000000000007 6 10.500000000000002 168960.00000000003 44100.000000000007 9408.0000000000018 30.000000000000004 3.5000000000000004 31.500000000000004
decision_type=9 2 2 2 9 2 2 2 2 9 2 2 2 9 2 2 2 9 2 2 9 2 9 2 2 2 2 2 2 2
left_child=1 2 7 -4 6 22 16 8 -1 10 -8 -6 13 27 24 -12 -2 21 -19 -20 -21 -18 23 26 -15 -26 -3 28 -13 -30
right_child=4 5 3 -5 11 -7 9 -9 -10 -11 15 12 -14 14 -16 -17 17 18 19 20 -22 -23 -24 -25 25 -27 -28 -29 29 -31
leaf_value=-16.470454042767052 -45.643013247335041 2.2978558218172114 6.3698464545188473 1.1756206397061761 -23.165703033482455 27.221968173831819 15.795443349073748 0.69993935831159892 0.0089260280689707049 -26.079187341155468 -148.90889545786095 -8.3674303201333693 -6.4974981661542195 -3.9329678429016894 33.905163631527522 1.2197104332609943 -13.441686352259154 -3.7755050076140608 -41.383539952585387 -15.372396258392541 35.043792212016164 5.4252967270102452 -15.428548779086851 -752.84476683427681 -14.957732222844891 3.1367252023119363 224.35674253238832 59.477116013620368 -46.682224523412792 -30.548957626957691
leaf_weight=799 2684 1240 3101 334 252 302 206 222 1028 681 252 4770 286 2431 351 795 339 227 6704 5593 212 401 1171 326 407 205 244 211 314 818
leaf_count=799 2684 1240 3101 334 252 302 206 222 1028 681 252 4770 286 2431 351 795 339 227 6704 5593 212 401 1171 326 407 205 244 211 314 818
internal_value=-0.000159316 0.00759938 0.0117991 0.0195738 -0.00257877 0.000604261 -0.00376505 -0.00124086 -0.00198743 -0.00101756 0.000343872 -0.000439993 -0.00032823 -0.000214009 0.000669406 -0.000700668 -0.00409603 -0.00392343 -0.00410104 -0.00417193 -0.00362063 -0.000797874 -0.000588335 0.000109768 0.00032348 0.00193811 0.000794077 -0.000704491 -0.000797765 -0.00186067
internal_weight=36906 8767 5484 3435 28139 3283 18094 2049 1827 1934 1253 10045 9793 9507 3394 1047 16160 13476 12736 12509 5805 740 2981 1810 3043 612 1484 6113 5902 1132
internal_count=36906 8767 5484 3435 28139 3283 18094 2049 1827 1934 1253 10045 9793 9507 3394 1047 16160 13476 12736 12509 5805 740 2981 1810 3043 612 1484 6113 5902 1132
cat_boundaries=0 3 6 9 12 14 15 16
cat_threshold=2148007938 67108929 262144 922877956 544228388 35753985 0 540016640 35651584 137642240 164112 88105122 0 1028 537001984 48
is_linear=0
shrinkage=0.05


Tree=105
num_leaves=31
num_cat=10
split_feature=25 20 20 3 25 10 23 18 3 18 25 3 8 18 26 23 25 23 0 11 3 18 25 10 10 25 3 25 0 12
split_gain=274.494 98.0809 220.093 41.9202 35.4246 7.45194 10.8898 6.73788 3.87996 3.78797 2.61709 2.80147 2.36427 1.9059 1.35172 1.34759 1.33389 1.21321 1.12329 0.973312 0.967742 0.951365 2.69299 1.216 1.33667 3.60647 1.13496 0.937345 0.349921 0.311724
threshold=0 84600.000000000015 93600.000000000015 19968.000000000004 1 35.500000000000007 2 27000.000000000004 84480.000000000015 31200.000000000004 3 89600.000000000015 1.6666666666666667 1500.0000000000002 1.0000000180025095e-35 4 5 6 30.000000000000004 117344.00000000001 101200.00000000001 3150.0000000000005 7 0.29166666666666669 1.0714285714285716 8 62768.000000000007 9 1.5000000000000002 168960.00000000003
decision_type=9 2 2 2 9 2 9 2 2 2 9 2 2 2 2 9 9 9 2 2 2 2 9 2 2 9 2 9 2 2
left_child=1 8 3 17 7 13 -7 21 9 -1 -9 -12 15 -6 16 -4 18 -3 19 -15 -13 -2 26 -24 -25 -26 -23 -18 -22 -29
right_child=4 2 12 -5 5 6 -8 10 -10 -11 11 20 -14 14 -16 -17 27 -19 -20 -21 28 22 23 24 25 -27 -28 29 -30 -31
leaf_value=-15.646931340628726 -41.261724079673328 6.0450723980262415 -14.477116075850427 1.1168396077206126 -24.794814127363679 25.898822003122081 2.6098083507230969 -37.075230084102081 1.7696394221976917 0.027857161544057197 17.088586095785526 -141.46345068496791 213.35390464640514 -26.59961120405405 -6.1726232578464995 0.58798158088393393 12.645400457713741 6.051354131793051 14.500503956368377 25.578235948001385 4.5267433179898946 -12.769602034646192 -3.5817297441203437 -39.36783019288643 34.069576389590637 -14.60377644547291 5.1540318906597262 -0.053996031832321024 -205.31435705445912 2.779888942195976
leaf_weight=802 2658 290 718 339 272 223 410 591 218 1023 212 253 221 4279 286 1422 221 2775 275 544 534 339 216 6608 207 5614 401 3976 305 674
leaf_count=802 2658 290 718 339 272 223 410 591 218 1023 212 253 221 4279 286 1422 221 2775 275 544 534 339 216 6608 207 5614 401 3976 305 674
internal_value=-0.000144414 0.00817263 0.0115181 0.0196506 -0.00237857 -0.000165594 0.00509449 -0.00375432 -0.00122983 -0.00198413 -0.000935689 0.000326747 -0.000213713 -0.000482953 -0.000372917 -0.000723624 -0.0002753 0.0214949 -0.000839532 -0.00101865 -0.0006947 -0.00408944 -0.00391611 -0.00408667 -0.00415453 -0.00359866 -0.000930852 0.000316403 0.00012485 0.000160874
internal_weight=36906 7808 5765 3404 29098 11160 633 17938 2043 1825 1895 1304 2361 10527 10255 2140 9969 3065 5098 4823 1092 16043 13385 12645 12429 5821 740 4871 839 4650
internal_count=36906 7808 5765 3404 29098 11160 633 17938 2043 1825 1895 1304 2361 10527 10255 2140 9969 3065 5098 4823 1092 16043 13385 12645 12429 5821 740 4871 839 4650
cat_boundaries=0 3 6 7 10 11 14 15 17 20 23
cat_threshold=2148007938 65 327680 922882052 544228388 35688448 8 117440512 16384 36864 4 3162112 67281152 88089635 4 0 1028 4096 0 35651584 0 2148007936 768
is_linear=0
shrinkage=0.05


Tree=106
num_leaves=31
num_cat=10
split_feature=25 20 18 3 25 10 23 18 11 18 25 3 18 26 24 25 3 18 25 10 10 11 27 3 18 25 25 20 20 25
split_gain=272.654 99.5053 221.093 40.2309 35.5092 7.42659 10.8898 6.5715 4.01517 3.6052 2.74546 2.80147 1.91471 1.35954 1.32839 1.26698 0.967742 0.949139 2.73175 1.19811 1.35406 3.21377 1.14002 1.04449 0.925136 1.53318 1.46424 0.656102 1.58647 0.825251
threshold=0 117600.00000000001 84600.000000000015 19968.000000000004 1 35.500000000000007 2 27000.000000000004 79936.000000000015 31200.000000000004 3 89600.000000000015 1500.0000000000002 1.0000000180025095e-35 4 5 101200.00000000001 2400.0000000000005 6 0.29166666666666669 1.0714285714285716 80960.000000000015 2.1383330595080281 62768.000000000007 172650.00000000003 7 8 257400.00000000003 547200.00000000012 9
decision_type=9 2 2 2 9 2 9 2 2 2 9 2 2 2 9 9 2 2 9 2 2 2 8 2 2 9 9 2 2 9
left_child=1 2 8 -4 7 12 -7 17 9 -1 -9 -12 -6 15 -3 27 -13 -2 22 -20 -21 -22 -19 -24 26 -26 -17 29 -29 -14
right_child=4 14 3 -5 5 6 -8 10 -10 -11 11 16 13 -15 -16 24 -18 18 19 20 21 -23 23 -25 25 -27 -28 28 -30 -31
leaf_value=-14.864584773597381 -43.791010497301741 3.2585525445450916 5.7487864252034342 1.0609976273342909 -23.555073420995498 24.603880902965503 2.4793179331869397 -13.022959201186522 0.57646041928614977 -0.0045386406312900368 16.234156790996263 -134.3902781507195 -5.4857335247172845 -5.8639920949541651 -13.623260360272617 -32.170755354270845 0.93011497896307371 -10.050143695865906 -3.4126432592985112 -37.398943476038617 -13.873587623199263 29.78812478329386 -9.9256932840749563 7.2221904254012319 -13.969147180109577 92.701198474138039 2.0356208345194542 24.644323589126 -133.06041466982205 -18.615450118884972
leaf_weight=791 2613 1548 3101 334 272 223 410 613 237 1008 212 253 3175 286 755 1046 839 263 218 6617 5630 205 217 292 235 298 709 520 814 3172
leaf_count=791 2613 1548 3101 334 272 223 410 613 237 1008 212 253 3175 286 755 1046 839 263 218 6617 5630 205 217 292 235 298 709 520 814 3172
internal_value=-0.000152543 0.00815952 0.011839 0.0195738 -0.00237305 -0.000156643 0.00509449 -0.00374833 -0.00121688 -0.00202388 -0.000982284 0.000326747 -0.000473455 -0.000363168 -0.000548808 -0.00026527 -0.0006947 -0.00408078 -0.00390955 -0.00408453 -0.00415208 -0.00359346 -0.000969389 0.000401173 0.000765216 0.00258878 0.000213431 -0.0005726 0.000434131 -0.000785164
internal_weight=36906 7774 5471 3435 29132 11160 633 17972 2036 1799 1917 1304 10527 10255 2303 9969 1092 16055 13442 12670 12452 5835 772 509 2288 533 1755 7681 1334 6347
internal_count=36906 7774 5471 3435 29132 11160 633 17972 2036 1799 1917 1304 10527 10255 2303 9969 1092 16055 13442 12670 12452 5835 772 509 2288 533 1755 7681 1334 6347
cat_boundaries=0 3 6 7 10 11 14 16 19 22 25
cat_threshold=2148007938 65 262144 922882052 544228388 35753984 8 117440512 16384 102400 48 3162496 84050200 20979747 0 1028 262144 2147483648 67108872 134219840 8192 9437696 1065344 163864 16777216
is_linear=0
shrinkage=0.05


Tree=107
num_leaves=31
num_cat=8
split_feature=25 20 18 3 25 10 23 18 11 18 25 3 18 0 23 3 27 25 25 10 20 3 11 20 20 25 3 10 10 18
split_gain=273.589 100.204 221.093 40.2309 33.7631 7.61159 10.8898 6.37352 4.01517 3.6052 2.60194 2.77819 1.65193 1.28484 1.02312 0.96657 0.951267 1.07599 0.947644 1.17105 0.729836 2.39567 2.18751 0.691872 1.80655 0.676711 0.689768 0.520342 0.377615 2.27558
threshold=0 117600.00000000001 84600.000000000015 19968.000000000004 1 35.500000000000007 2 27000.000000000004 79936.000000000015 31200.000000000004 3 89600.000000000015 1500.0000000000002 1.5000000000000002 4 110592.00000000001 2.9700856263602158 5 6 0.29166666666666669 2550.0000000000005 200704.00000000003 62768.000000000007 257400.00000000003 590400.00000000012 7 261632.00000000003 3.5000000000000004 1.0714285714285716 3570.0000000000005
decision_type=9 2 2 2 9 2 9 2 2 2 9 2 2 2 9 2 8 9 9 2 2 2 2 2 2 9 2 2 2 2
left_child=1 2 8 -4 7 12 -7 18 9 -1 11 -9 -6 14 -3 -13 -14 23 20 -20 -2 22 -22 27 -25 -19 -27 -18 -21 -30
right_child=4 13 3 -5 5 6 -8 10 -10 -11 -12 15 16 -15 -16 -17 17 25 19 28 21 -23 -24 24 -26 26 -28 -29 29 -31
leaf_value=-14.12135553491753 -10.352928006920742 -13.072097254044275 5.4613471039432628 1.007947745967249 -21.300633415782414 23.373686857817702 2.3553520365275746 13.339534037280709 0.54763739832183089 -0.0043117085997437243 -22.270318509833217 -127.67076424318353 -12.370791810713492 202.57828259867384 -1.5793515924917303 0.88588199675036405 -11.398418420921189 -4.1312992840702467 -4.9970114432326227 -35.799820273302224 -14.156826377078048 -13.179908242039302 7.1712408213742638 74.393891812319637 -309.05285464885787 2.2717904814970065 -1.6940147059046713 -36.26962790266338 -37.250531722160723 -3.9112984065640415
leaf_weight=791 836 718 3101 334 248 223 410 206 237 1008 682 252 209 200 1385 795 4146 3991 255 7472 362 5612 304 227 452 682 216 210 1016 326
leaf_count=791 836 718 3101 334 248 223 410 206 237 1008 682 252 209 200 1385 795 4146 3991 255 7472 362 5612 304 227 452 682 216 210 1016 326
internal_value=-0.000179637 0.00814667 0.011839 0.0195738 -0.00240393 -0.000219482 0.00509449 -0.00373083 -0.00121688 -0.00202388 -0.00101962 0.000343872 -0.000544641 -0.000592192 -0.000957246 -0.000700668 -0.000445487 -0.000374775 -0.00405715 -0.00441526 -0.00358827 -0.00340605 -0.000568863 -0.000886667 0.000594712 0.000154049 0.00138461 -0.00111978 -0.00451679 -0.00372768
internal_weight=36906 7774 5471 3435 29132 11014 633 18118 2036 1799 1935 1253 10381 2303 2103 1047 10133 9924 16183 9069 7114 6278 666 5035 679 4889 898 4356 8814 1342
internal_count=36906 7774 5471 3435 29132 11014 633 18118 2036 1799 1935 1253 10381 2303 2103 1047 10133 9924 16183 9069 7114 6278 666 5035 679 4889 898 4356 8814 1342
cat_boundaries=0 3 6 7 10 11 14 17 20
cat_threshold=2148007938 65 262144 922882052 544228388 35753985 8 0 540016640 35651584 4 2113536 67281152 29368354 805310464 1060 65536 135266752 25165848 68157440
is_linear=0
shrinkage=0.05


Tree=108
num_leaves=31
num_cat=9
split_feature=25 20 18 3 25 10 23 18 11 18 25 3 18 24 25 10 3 25 20 20 27 25 20 3 11 11 2 2 25 10
split_gain=272.677 99.8544 221.093 40.2309 33.6005 7.6178 10.8898 6.42694 4.01517 3.6052 2.74546 2.80147 1.84911 1.39726 0.971334 1.16964 0.967742 0.810832 0.973235 2.75201 0.962023 0.840659 0.744892 2.36884 2.18751 0.634128 0.615674 0.575202 0.414872 0.37729
threshold=0 117600.00000000001 84600.000000000015 19968.000000000004 1 35.500000000000007 2 27000.000000000004 79936.000000000015 31200.000000000004 3 89600.000000000015 1500.0000000000002 4 5 0.29166666666666669 101200.00000000001 6 257400.00000000003 547200.00000000012 2.9700856263602158 7 2550.0000000000005 200704.00000000003 62768.000000000007 96500.000000000015 7.5000000000000009 7.5000000000000009 8 1.0714285714285716
decision_type=9 2 2 2 9 2 9 2 2 2 9 2 2 9 9 2 2 9 2 2 8 9 2 2 2 2 2 2 9 2
left_child=1 2 8 -4 7 12 -7 14 9 -1 -9 -12 -6 26 22 -16 -13 18 27 -20 -19 25 -2 24 -24 -22 -3 28 -14 -17
right_child=4 13 3 -5 5 6 -8 10 -10 -11 11 16 17 -15 15 29 -18 20 19 -21 21 -23 23 -25 -26 -27 -28 -29 -30 -31
leaf_value=-13.41528775817169 -9.8352816065747 192.49436845562596 5.1882797487458454 0.95755035866895932 -21.312288079156602 22.205002514927074 2.2375844347011937 -11.258295315635303 0.52025552840573253 -0.0040961231698020129 14.755472249582333 -121.28722603102433 135.32627016738806 -12.288492479556954 -4.7471608710709914 -34.086033257844754 0.83931513017810111 -11.752252220177798 45.42767487697099 -295.48255631715796 0.058337942527759881 5.1832368594958105 -13.448985058224148 -12.520912829937334 6.8126787803055464 -44.239187677657632 -1.5703836123240764 -34.466146009235381 -9.053436233779939 -28.031635591156409
leaf_weight=791 836 211 3101 334 272 223 410 613 237 1008 212 253 201 755 255 7344 839 209 247 474 3989 693 362 5612 304 207 1337 204 4031 1342
leaf_count=791 836 211 3101 334 272 223 410 613 237 1008 212 253 201 755 255 7344 839 209 247 474 3989 693 362 5612 304 207 1337 204 4031 1342
internal_value=-0.000159316 0.00815309 0.011839 0.0195738 -0.00237991 -0.000223775 0.00509449 -0.00371775 -0.00121688 -0.00202388 -0.000982284 0.000326747 -0.000544687 -0.0005705 -0.00404652 -0.00441249 -0.0006947 -0.000436289 -0.000877347 0.000822959 1.17405e-05 0.000154364 -0.00357424 -0.00339013 -0.000568863 -0.00011407 0.000294871 -0.00115593 -0.00102976 -0.00451542
internal_weight=36906 7774 5471 3435 29132 11160 633 17972 2036 1799 1917 1304 10527 2303 16055 8941 1092 10255 5157 721 5098 4889 7114 6278 666 4196 1548 4436 4232 8686
internal_count=36906 7774 5471 3435 29132 11160 633 17972 2036 1799 1917 1304 10527 2303 16055 8941 1092 10255 5157 721 5098 4889 7114 6278 666 4196 1548 4436 4232 8686
cat_boundaries=0 3 6 7 10 11 14 17 20 23
cat_threshold=2148007938 65 262144 922882052 544228388 35753984 8 117440512 16384 102400 48 805310464 1060 65536 2113536 67281152 29368355 135528896 25165848 67108864 0 131072 16777216
is_linear=0
shrinkage=0.05


Tree=109
num_leaves=31
num_cat=9
split_feature=25 20 18 3 25 10 23 18 11 18 25 2 18 24 18 25 20 10 18 10 3 25 9 2 20 11 2 25 3 25
split_gain=273.032 99.8544 221.093 40.2309 33.2556 7.6154 10.8898 6.78027 4.01517 3.6052 1.62311 2.44316 1.4544 1.39726 1.19998 2.56793 1.2948 1.20083 1.24518 1.2296 1.16824 0.813683 0.826421 0.829286 0.720033 0.688855 0.615674 0.55515 0.419379 0.416644
threshold=0 117600.00000000001 84600.000000000015 19968.000000000004 1 35.500000000000007 2 68400.000000000015 79936.000000000015 31200.000000000004 3 1.5000000000000002 1500.0000000000002 4 3150.0000000000005 5 10200.000000000002 29.500000000000004 19800.000000000004 0.29166666666666669 62768.000000000007 6 31.500000000000004 9.5000000000000018 242400.00000000003 99152.000000000015 7.5000000000000009 7 7680.0000000000009 8
decision_type=9 2 2 2 9 2 9 2 2 2 9 2 2 9 2 9 2 2 2 2 2 9 2 2 2 2 2 9 2 9
left_child=1 2 8 -4 7 12 -7 14 9 -1 11 -9 -6 26 -2 16 20 18 19 -17 -16 22 23 24 -14 27 -3 -23 -29 -20
right_child=4 13 3 -5 5 6 -8 10 -10 -11 -12 -13 21 -15 15 17 -18 -19 29 -21 -22 25 -24 -25 -26 -27 -28 28 -30 -31
leaf_value=-12.744523370263051 -37.573371644906729 182.8696500328457 4.9288657613084075 0.90967284073558408 -16.54239020367968 21.09475238918025 2.1257052129661136 9.3311646001413475 0.4942427519854391 -0.003891317011220963 -5.0544197663417441 -94.597870910474796 -7.8864422057025552 -11.674067855579052 -15.017344341903016 -2.7448024782342149 6.1618849240471718 -7.4205652844309959 -295.09891432685129 -12.49486718844047 3.6860233306237209 -3.6566709503509593 17.056030061065396 -182.29474618797619 62.362739430876253 -42.027228293774719 -1.4918644317080181 -9.8894643079247775 0.66342306630948988 -31.843900085195674
leaf_weight=791 2714 211 3101 334 224 223 410 261 237 1008 547 306 4337 755 321 216 238 316 289 12385 216 3633 366 218 511 233 1337 336 537 295
leaf_count=791 2714 211 3101 334 224 223 410 261 237 1008 547 306 4337 755 321 216 238 316 289 12385 216 3633 366 218 511 233 1337 336 537 295
internal_value=-0.000164735 0.00815309 0.011839 0.0195738 -0.00238677 -0.000221016 0.00509449 -0.00370501 -0.00121688 -0.00202388 7.16834e-05 0.00192573 -0.000545832 -0.0005705 -0.0039548 -0.00377014 -0.000921221 -0.00392992 -0.00400584 -0.00411053 -0.00229128 -0.000457585 -0.000874358 -0.00104183 -0.000905156 2.20994e-05 0.000294871 0.000159715 0.00128248 -0.00174062
internal_weight=36906 7774 5471 3435 29132 11028 633 18104 2036 1799 1114 567 10395 2303 16990 14276 775 13501 13185 12601 537 10171 5432 5066 4848 4739 1548 4506 873 584
internal_count=36906 7774 5471 3435 29132 11028 633 18104 2036 1799 1114 567 10395 2303 16990 14276 775 13501 13185 12601 537 10171 5432 5066 4848 4739 1548 4506 873 584
cat_boundaries=0 3 6 7 10 11 14 17 20 23
cat_threshold=2148007938 65 262144 906104836 540034084 35754241 8 0 538968064 33554432 48 0 1028 256 2113536 2215158016 29368354 135266688 25296920 67108864 0 0 33554432
is_linear=0
shrinkage=0.05


Tree=110
num_leaves=31
num_cat=9
split_feature=25 20 18 3 25 10 23 18 11 18 18 25 2 25 20 11 24 27 20 25 3 25 27 25 11 20 20 2 2 20
split_gain=270.238 99.1569 221.093 40.2309 32.4818 7.52176 10.8898 6.42079 4.01517 3.6052 1.70526 1.65627 2.44316 1.484 2.62632 1.61616 1.36234 1.30036 1.27455 1.37836 1.08307 0.828106 0.980521 0.913186 0.695383 0.619553 1.53042 0.599871 0.517949 0.504617
threshold=0 117600.00000000001 84600.000000000015 19968.000000000004 1 35.500000000000007 2 68400.000000000015 79936.000000000015 31200.000000000004 1500.0000000000002 3 1.5000000000000002 4 2550.0000000000005 62768.000000000007 5 2.8029010331479989 33000.000000000007 6 50600.000000000007 7 2.9700856263602158 8 96500.000000000015 257400.00000000003 590400.00000000012 7.5000000000000009 5.5000000000000009 27000.000000000004
decision_type=9 2 2 2 9 2 9 2 2 2 2 9 2 9 2 2 9 8 2 9 2 9 8 9 2 2 2 2 2 2
left_child=1 2 8 -4 7 10 -7 13 9 -1 -6 12 -9 14 -2 -16 27 -17 20 28 -15 25 -23 24 -24 29 -27 -3 -20 -12
right_child=4 16 3 -5 5 6 -8 11 -10 -11 21 -13 -14 18 15 17 -18 -19 19 -21 -22 22 23 -25 -26 26 -28 -29 -30 -31
leaf_value=-12.107297201749862 -6.9248525345844314 173.72616753120383 4.6824224732430597 0.86418919869902311 -19.198206728102729 20.040014769721203 2.0194199523178216 8.8646063701336981 0.46953061438616717 -0.0036967511607144845 2.6743534662801753 -42.920586797093137 -89.867977364951059 -6.8825620980225271 -9.8989074856953536 -1.0441159921047303 -11.090364462800062 6.9112516425776223 62.207468684916421 -11.270123829018452 -31.593483040029362 -10.770317498883788 0.072249892085892498 5.0403326451438222 -39.950868136743978 51.576029490014619 -114.00253879599165 -1.4172712101226352 -43.718751209472956 -30.256432083649273
leaf_weight=791 754 211 3101 334 251 223 410 261 237 1008 838 540 306 398 341 228 755 225 294 5939 8548 209 4060 605 212 247 524 1337 208 3511
leaf_count=791 754 211 3101 334 251 223 410 261 237 1008 838 540 306 398 341 228 755 225 294 5939 8548 209 4060 605 212 247 524 1337 208 3511
internal_value=-0.000109192 0.00816594 0.011839 0.0195738 -0.00231986 -0.000189156 0.00509449 -0.00362856 -0.00121688 -0.00202388 -0.000510088 5.86102e-05 0.00192573 -0.0038717 -0.00233333 -0.000339197 -0.000527116 0.00161538 -0.00402202 -0.00348518 -0.00441216 -0.000409484 4.3153e-05 0.000187537 -7.23635e-05 -0.000857367 0.000446312 0.000326922 -0.000894943 -0.00109056
internal_weight=36906 7774 5471 3435 29132 11090 633 18042 2036 1799 10457 1107 567 16935 1548 794 2303 453 15387 6441 8946 10206 5086 4877 4272 5120 771 1548 502 4349
internal_count=36906 7774 5471 3435 29132 11090 633 18042 2036 1799 10457 1107 567 16935 1548 794 2303 453 15387 6441 8946 10206 5086 4877 4272 5120 771 1548 502 4349
cat_boundaries=0 3 6 7 10 12 13 16 19 22
cat_threshold=2148007938 65 262144 906104836 540034084 35753985 8 0 538968064 33554432 4096 1024 48 0 2097152 33554432 153108480 67272960 29368354 1311168 25165848 68157440
is_linear=0
shrinkage=0.05


Tree=111
num_leaves=31
num_cat=8
split_feature=25 20 18 3 25 10 23 18 11 3 18 25 18 25 11 20 25 18 3 26 11 18 25 11 27 20 11 24 10 2
split_gain=267.555 98.3644 221.093 40.2309 33.6127 7.18972 10.8898 6.01769 4.01517 3.61197 3.6052 2.18122 2.00489 1.40842 2.74022 1.26265 1.36255 1.2287 1.13473 0.89648 1.12097 6.42531 1.14253 1.05572 0.850305 1.13983 1.73919 0.69229 0.683726 0.532672
threshold=0 117600.00000000001 84600.000000000015 19968.000000000004 1 35.500000000000007 2 68400.000000000015 79936.000000000015 122880.00000000001 31200.000000000004 3 9900.0000000000018 4 91080.000000000015 33000.000000000007 5 1500.0000000000002 38432.000000000007 1.0000000180025095e-35 93184.000000000015 172650.00000000003 6 156800.00000000003 4.2835627800822236 2550.0000000000005 101200.00000000001 7 3.5000000000000004 3.5000000000000004
decision_type=9 2 2 2 9 2 9 2 2 2 2 9 2 9 2 2 9 2 2 2 2 2 9 2 10 2 2 9 2 2
left_child=1 2 8 -4 7 17 -7 11 10 27 -1 12 24 14 -9 18 -17 -6 -13 20 22 23 28 -22 25 -2 -27 -3 -19 -16
right_child=4 9 3 -5 5 6 -8 13 -10 -11 -12 15 -14 -15 29 16 -18 19 -20 -21 21 -23 -24 -25 -26 26 -28 -29 -30 -31
leaf_value=-11.501932341662361 -41.618606317271407 -2.9264016009372429 4.4483013495810155 0.82097973876370822 -14.710360346361723 19.038014031235836 1.9184489547019439 46.114864323344335 0.44605408366685428 164.93985940498243 -0.0035119136025969057 -6.3584358098709801 3.6632337872142671 -2.5256679528218231 6.7564196873980116 -31.819149713723643 -10.733324660871878 -11.019798332149589 -30.079791127837371 -4.7568033226719768 0.28363665003926147 103.93482474344201 0.43523230841797844 -36.87402668242175 -0.0036071004764380633 -6.692486936919849 0.23556604667702974 -10.445844441984082 -340.35179270704265 -95.964579471835492
leaf_weight=791 581 1427 3101 334 221 223 410 209 237 204 1008 382 292 470 228 502 5873 3040 8496 286 210 263 5275 598 220 413 240 738 426 208
leaf_count=791 581 1427 3101 334 221 223 410 209 237 204 1008 382 292 470 228 502 5873 3040 8496 286 210 263 5275 598 220 413 240 738 426 208
internal_value=-4.55198e-05 0.00814442 0.011839 0.0195738 -0.00225703 -6.9319e-05 0.00509449 -0.00357884 -0.00121688 -0.000356391 -0.00202388 -0.00381419 -0.00209329 -2.23826e-05 0.00148402 -0.00400688 -0.0034695 -0.000387076 -0.0043964 -0.000305942 -0.00022519 0.00130009 -0.000412331 -0.000913581 -0.00286401 -0.00337379 -0.0019313 -0.000957546 -0.00111558 -0.000753426
internal_weight=36906 7840 5471 3435 29066 10952 633 18114 2036 2369 1799 16999 1746 1115 645 15253 6375 10319 8878 10098 9812 1071 8741 808 1454 1234 653 2165 3466 436
internal_count=36906 7840 5471 3435 29066 10952 633 18114 2036 2369 1799 16999 1746 1115 645 15253 6375 10319 8878 10098 9812 1071 8741 808 1454 1234 653 2165 3466 436
cat_boundaries=0 3 6 7 10 13 16 19 20
cat_threshold=2164785154 65 262144 906104836 544228388 35754241 8 4096 1024 257 0 538968064 35651584 0 2097152 33554432 2113536 67141632 20979746 16
is_linear=0
shrinkage=0.05


Tree=112
num_leaves=31
num_cat=10
split_feature=25 20 18 3 25 10 23 18 11 18 25 18 25 11 20 25 24 18 27 23 3 11 18 3 24 11 11 25 2 2
split_gain=267.836 99.7074 221.616 40.2309 31.9216 7.44528 10.8898 5.58208 3.93282 3.63759 2.15779 1.86671 1.86488 2.75993 1.32987 1.33151 1.29485 1.18922 1.18276 1.08722 1.07643 1.0604 0.983082 1.45964 0.741254 1.22399 2.35089 0.964064 0.519857 0.517949
threshold=0 117600.00000000001 84600.000000000015 19968.000000000004 1 35.500000000000007 2 68400.000000000015 80960.000000000015 31200.000000000004 3 9900.0000000000018 4 91080.000000000015 33000.000000000007 5 6 1500.0000000000002 4.2835627800822236 7 359200.00000000006 320.66666666666669 2400.0000000000005 101200.00000000001 8 156800.00000000003 93184.000000000015 9 7.5000000000000009 5.5000000000000009
decision_type=9 2 2 2 9 2 9 2 2 2 9 2 9 2 2 9 9 2 8 9 2 2 2 2 9 2 2 9 2 2
left_child=1 2 8 19 7 17 -7 10 9 -1 11 18 -9 -14 21 29 28 -6 22 -4 -15 -12 -2 -24 -19 26 27 -26 -3 -16
right_child=4 16 3 -5 5 6 -8 12 -10 -11 14 -13 13 20 15 -17 -18 24 -20 -21 -22 -23 23 -25 25 -27 -28 -29 -30 -31
leaf_value=-10.926835724579178 -39.362676615335687 156.79286618439366 4.2199186350233502 0.77993075182530447 -14.01984233977247 18.086113329673427 1.8225265069668239 -2.6093834369981779 1.8966871935151344 -0.0027413836696289079 -2.6605179818942135 7.0355058439023654 37.755940718181954 -95.581363102241909 60.688052736356809 -10.169951404523932 -10.01355401756082 486.58800331418024 0.17157372542408211 4.225886282102147 11.768582669379249 -28.538334985368131 -13.436907403677106 0.10309750274234336 -27.998888354868726 -6.1134039351405143 8.3576861157518589 0.056204229110369465 -1.5200859769334785 -39.941856163313133
leaf_weight=791 516 211 290 334 224 223 410 382 217 1028 203 209 226 297 294 5987 755 270 263 2811 275 8774 321 215 3368 1075 253 5139 1337 208
leaf_count=791 516 211 290 334 224 223 410 382 217 1028 203 209 226 297 294 5987 755 270 263 2811 275 8774 321 215 3368 1075 253 5139 1337 208
internal_value=-9.15803e-05 0.00814667 0.0118299 0.0195738 -0.00229241 -0.00016038 0.00509449 -0.00357772 -0.00124141 -0.00200165 -0.00381062 -0.00196615 -0.000253808 0.00112346 -0.00398824 -0.00344246 -0.0005705 -0.000483497 -0.00267654 0.0213487 -0.000714287 -0.00438635 -0.00342505 -0.0019145 -0.000403187 -0.000474765 -0.000279618 -0.00042132 0.000262819 -0.000894943
internal_weight=36906 7774 5471 3435 29132 10962 633 18170 2036 1819 16990 1524 1180 798 15466 6489 2303 10329 1315 3101 572 8977 1052 536 10105 9835 8760 8507 1548 502
internal_count=36906 7774 5471 3435 29132 10962 633 18170 2036 1819 16990 1524 1180 798 15466 6489 2303 10329 1315 3101 572 8977 1052 536 10105 9835 8760 8507 1548 502
cat_boundaries=0 3 6 7 9 12 15 16 17 18 21
cat_threshold=2148007938 65 262144 922882052 540034084 35754241 8 0 1024 83886080 16384 102400 0 2097152 33554432 48 4 96 2113536 67272704 20979746
is_linear=0
shrinkage=0.05


Tree=113
num_leaves=31
num_cat=8
split_feature=25 20 18 3 25 10 23 20 11 18 11 2 25 18 9 11 24 18 23 27 20 10 25 27 25 11 20 20 10 18
split_gain=264.741 99.3586 221.616 40.2309 28.6706 7.57648 10.8898 5.2458 3.93282 3.63759 2.5531 2.32733 3.14377 2.18433 1.89341 1.5444 1.22857 1.15705 1.08722 0.934885 0.931022 1.91842 0.704288 0.951947 0.743363 0.603537 0.543548 1.57948 0.770598 0.814688
threshold=0 117600.00000000001 84600.000000000015 19968.000000000004 1 35.500000000000007 2 84600.000000000015 80960.000000000015 31200.000000000004 91080.000000000015 44.000000000000007 3 6300.0000000000009 1.5000000000000002 66901.333333333358 4 1500.0000000000002 5 4.2835627800822236 2550.0000000000005 3.5000000000000004 6 2.9700856263602158 7 320.66666666666669 257400.00000000003 590400.00000000012 3.5000000000000004 84600.000000000015
decision_type=9 2 2 2 9 2 9 2 2 2 2 2 9 2 2 2 9 2 9 10 2 2 9 8 9 2 2 2 2 2
left_child=1 2 8 18 7 17 -7 10 9 -1 15 12 -9 19 -15 25 -3 -6 -4 20 -12 -22 26 -24 -25 -2 28 -28 29 -19
right_child=4 16 3 -5 5 6 -8 11 -10 -11 13 -13 -14 14 -16 -17 -18 22 -20 -21 21 -23 23 24 -26 -27 27 -29 -30 -31
leaf_value=-10.380493938350265 -2.6474921114097243 3.2659241893943545 4.0089227032724013 0.74093421423385741 -13.318850222783846 17.18180766318914 1.7314001816184827 33.630617546278408 1.8018528338393875 -0.0026043144861361994 -16.561848007661734 -3.1958036078038279 -21.009933615617047 91.278814221590665 -32.109971433399345 -27.546407777868751 -9.5128763166827408 -0.36342874080801268 4.0145919679969664 -0.012005431723810035 -26.701359860529642 0.21863307835396042 -9.6882912610489722 -3.7730019909563 7.2706925434526894 -9.7114538342977319 57.338711434649717 -264.29988645473776 -35.598952613711027 -13.475913774961374
leaf_weight=791 204 1548 290 334 224 223 410 297 217 1028 724 353 1055 290 384 6270 755 1956 2811 220 1617 220 209 3871 690 6524 232 454 283 2422
leaf_count=791 204 1548 290 334 224 223 410 297 217 1028 724 353 1055 290 384 6270 755 1956 2811 220 1617 220 209 3871 690 6524 232 454 283 2422
internal_value=-3.73915e-05 0.00815309 0.0118299 0.0195738 -0.0022255 -0.000206628 0.00509449 -0.00344469 -0.00124141 -0.00200165 -0.00372015 -0.000805508 0.000140324 -0.0025094 4.43775e-05 -0.00404154 -0.000548808 -0.000532245 0.0213487 -0.00312792 -0.00339641 -0.00279228 -0.000453109 -1.04571e-05 0.000141353 -0.00351263 -0.000846241 0.000465115 -0.00104118 -0.000876714
internal_weight=36906 7774 5471 3435 29132 10974 633 18158 2036 1819 16453 1705 1352 3455 674 12998 2303 10341 3101 2781 2561 1837 10117 4770 4561 6728 5347 686 4661 4378
internal_count=36906 7774 5471 3435 29132 10974 633 18158 2036 1819 16453 1705 1352 3455 674 12998 2303 10341 3101 2781 2561 1837 10117 4770 4561 6728 5347 686 4661 4378
cat_boundaries=0 3 6 7 10 11 12 15 18
cat_threshold=2148007938 65 262144 889327620 540034084 35754241 8 0 536870912 33587200 48 4 35930112 67272960 29368354 1049024 25165848 67109888
is_linear=0
shrinkage=0.05


Tree=114
num_leaves=31
num_cat=10
split_feature=25 20 18 3 25 10 23 11 18 18 11 11 11 18 25 20 25 25 20 24 27 10 23 18 27 25 2 3 25 20
split_gain=261.426 99.3586 221.616 40.2309 30.0692 8.62218 10.8898 3.93282 3.63759 3.30094 2.04626 1.6127 3.49425 1.61218 1.5919 1.43358 1.32743 1.28731 1.43642 1.22857 1.17224 1.12708 1.08722 1.02925 0.882176 0.569327 0.519857 0.496651 0.418391 0.277019
threshold=0 117600.00000000001 84600.000000000015 19968.000000000004 1 35.500000000000007 2 80960.000000000015 31200.000000000004 2400.0000000000005 91080.000000000015 125536.00000000001 101200.00000000001 172650.00000000003 3 33000.000000000007 4 5 14280.000000000002 6 4.2835627800822236 0.75000000000000011 7 7800.0000000000009 2.8029010331479989 8 7.5000000000000009 253592.00000000003 9 42000.000000000007
decision_type=9 2 2 2 9 2 9 2 2 2 2 2 2 2 9 2 9 9 2 9 10 2 9 2 8 9 2 2 9 2
left_child=1 2 7 22 10 9 -7 8 -1 20 15 12 14 24 23 21 -17 18 -12 26 25 -2 -4 -11 -13 -6 -3 -26 -16 -10
right_child=4 19 3 -5 5 6 -8 -9 29 11 17 13 -14 -15 28 16 -18 -19 -20 -21 -22 -23 -24 -25 27 -27 -28 -29 -30 -31
leaf_value=-9.8614692414326797 -3.6698834276346646 148.78992666570412 3.8084765681087447 0.70388750352212814 -15.633755607278644 16.322717280030375 1.6448301725375587 1.7117601921474201 0.14693096698520094 -12.579959836704113 -26.053454777509359 -56.734313098074736 7.3166787154633441 16.310639363878 -2.7860727473781255 -0.84746168424608193 -9.1758811425828419 -44.33568321747677 55.824209412961977 -9.0372325008487682 -0.011405160137621807 -26.319087388975312 3.8138623695973366 -11.909520273461766 -0.21126531141408122 -16.252457530428813 -1.6073778875565041 -25.716291867503159 11.991439439153126 -0.014314172496960965
leaf_weight=791 272 211 290 334 784 223 410 217 213 457 220 269 465 445 4112 296 6129 236 342 755 220 6564 2811 4028 352 245 1337 2092 971 815
leaf_count=791 272 211 290 334 784 223 410 217 213 457 220 269 465 445 4112 296 6129 236 342 755 220 6564 2811 4028 352 245 1337 2092 971 815
internal_value=1.40879e-05 0.00815309 0.0118299 0.0195738 -0.00216031 -0.000607558 0.00509449 -0.00124141 -0.00200165 -0.000858608 -0.00382311 -0.000625712 -0.000315397 -0.00161076 -0.000521422 -0.00397384 -0.00343473 -0.0013625 -1.74228e-05 -0.000548808 -0.00331335 -0.00447938 0.0213487 -0.00120636 -0.00206814 -0.00402037 0.000262819 -0.00176615 8.53766e-05 -3.88361e-05
internal_weight=36906 7774 5471 3435 29132 15073 633 2036 1819 14440 14059 13191 10033 3158 9568 13261 6425 798 562 2303 1249 6836 3101 4485 2713 1029 1548 2444 5083 1028
internal_count=36906 7774 5471 3435 29132 15073 633 2036 1819 14440 14059 13191 10033 3158 9568 13261 6425 798 562 2303 1249 6836 3101 4485 2713 1029 1548 2444 5083 1028
cat_boundaries=0 3 6 7 10 13 16 17 18 21 24
cat_threshold=2148007938 65 262144 889327620 536887332 35754240 8 2375680 77726720 20979746 0 536870912 33554688 0 0 35651584 48 4 1048576 1049856 1 1049024 17334288 75497473
is_linear=0
shrinkage=0.05


Tree=115
num_leaves=31
num_cat=11
split_feature=25 20 18 3 25 10 23 11 18 18 11 11 11 25 18 25 20 25 25 20 24 3 23 27 27 10 2 25 25 3
split_gain=260.123 99.3586 221.616 40.2309 30.3346 8.57262 10.8898 3.93282 3.63759 2.90365 1.71453 1.59131 2.85288 1.69674 1.62181 1.56681 1.34941 1.32747 1.24248 1.39442 1.22857 1.20506 1.08722 1.019 0.886051 0.557109 0.519857 0.504907 0.499364 0.492929
threshold=0 117600.00000000001 84600.000000000015 19968.000000000004 1 35.500000000000007 2 80960.000000000015 31200.000000000004 2400.0000000000005 91080.000000000015 125536.00000000001 93184.000000000015 3 172650.00000000003 4 33000.000000000007 5 6 14280.000000000002 7 38432.000000000007 8 4.2835627800822236 2.8029010331479989 3.5000000000000004 7.5000000000000009 9 10 253592.00000000003
decision_type=9 2 2 2 9 2 9 2 2 2 2 2 2 9 2 9 2 9 9 2 9 2 9 10 8 2 2 9 9 2
left_child=1 2 7 22 10 9 -7 8 -1 23 16 12 13 25 24 -14 21 -18 19 -12 26 -2 -4 28 -13 -11 -3 -15 -6 -26
right_child=4 20 3 -5 5 6 -8 -9 -10 11 18 14 15 27 -16 -17 17 -19 -20 -21 -22 -23 -24 -25 29 -27 -28 -29 -30 -31
leaf_value=-9.3683957793609807 -3.9666187890072937 141.3504303324182 3.6180527397031259 0.6686931283460581 -21.754161795222018 15.506581416028386 1.5625886639106739 1.6261721825400568 -0.0074021674279689592 -2.5384012395414177 -24.708638444671486 -53.897597443170994 0.20021870990549362 -14.576252761665447 15.495105249916378 11.026054689755959 -0.80508860003392335 -8.7170870854537039 -42.078899070908051 53.180908751576865 -8.585370875806257 -25.003133019526548 3.6231692511173605 -0.01083490213073901 -0.20070204584335444 -32.555268239331667 -1.5270089931786062 1.8885050804864942 -13.232069979834481 -24.430477274127998
leaf_weight=791 354 211 290 334 771 223 410 217 1028 824 217 269 348 3144 475 313 296 6062 242 302 755 6422 2811 220 352 1017 1337 4466 302 2103
leaf_count=791 354 211 290 334 771 223 410 217 1028 824 217 269 348 3144 475 313 296 6062 242 302 755 6422 2811 220 352 1017 1337 4466 302 2103
internal_value=3.44087e-05 0.00815309 0.0118299 0.0195738 -0.00213457 -0.000592499 0.00509449 -0.00124141 -0.00200165 -0.000840067 -0.00382362 -0.000620072 -0.000312439 -0.000534752 -0.00159169 0.00285822 -0.00396011 -0.00343396 -0.00151376 -8.47469e-05 -0.000548808 -0.00445264 0.0213487 -0.00310039 -0.00206163 -0.00189153 0.000262819 -0.00020336 -0.00373488 -0.00176028
internal_weight=36906 7774 5471 3435 29132 15237 633 2036 1819 14604 13895 13311 10112 9451 3199 661 13134 6358 761 519 2303 6776 3101 1293 2724 1841 1548 7610 1073 2455
internal_count=36906 7774 5471 3435 29132 15237 633 2036 1819 14604 13895 13311 10112 9451 3199 661 13134 6358 761 519 2303 6776 3101 1293 2724 1841 1548 7610 1073 2455
cat_boundaries=0 3 6 7 10 13 16 19 20 21 24 27
cat_threshold=2148007938 65 262144 889327620 541343776 33657088 8 0 69207040 18874368 262144 1048576 8192 0 536870912 33554688 0 0 33554432 48 4 16384 688128 12591139 1048576 1284 1
is_linear=0
shrinkage=0.05


Tree=116
num_leaves=31
num_cat=8
split_feature=25 20 18 3 25 10 23 11 18 18 11 27 25 20 11 25 20 2 11 20 20 3 23 11 11 27 25 18 25 20
split_gain=258.865 99.1569 221.093 40.2309 31.4046 8.35419 10.8898 4.01517 3.6052 2.50798 2.01788 1.64058 1.71442 1.4493 1.45588 1.28731 1.43642 1.22625 1.11747 1.01237 2.88282 0.92139 1.32318 0.857033 1.95726 0.831957 0.732053 0.370121 0.330969 0.278734
threshold=0 117600.00000000001 84600.000000000015 19968.000000000004 1 35.500000000000007 2 79936.000000000015 31200.000000000004 3570.0000000000005 91080.000000000015 2.1383330595080281 3 33000.000000000007 79936.000000000015 4 14280.000000000002 1.5000000000000002 320.66666666666669 257400.00000000003 547200.00000000012 10752.000000000002 5 156800.00000000003 93184.000000000015 4.2835627800822236 6 6300.0000000000009 7 42000.000000000007
decision_type=9 2 2 2 9 2 9 2 2 2 2 8 9 2 2 9 2 2 2 2 2 2 9 2 2 10 9 2 9 2
left_child=1 2 7 -4 10 9 -7 8 -1 25 13 -11 19 18 -15 16 -12 -3 -2 27 -21 22 -19 24 -14 28 -25 -13 -6 -10
right_child=4 17 3 -5 5 6 -8 -9 29 11 15 12 23 14 -16 -17 -18 21 -20 20 -22 -23 -24 26 -26 -27 -28 -29 -30 -31
leaf_value=-8.8999759903928872 -2.0132923663968998 134.02290783589706 3.4420107885613107 0.63525847192868246 -11.7148038631106 14.731252345226714 1.484459230715129 0.12315595901932715 0.13995452700728492 -11.942327735905995 -23.515350116400313 -20.658974522386782 0.95561966748010796 -8.2812327311810243 -0.77983424513440702 -40.014954103057534 50.373953504735013 -8.0661005343397854 -23.752976368550222 40.350849152964862 -216.01654535689306 -570.44069935214327 3.329348032064809 0.1493364038456548 6.9564902909221473 -0.010293157024204903 -32.001666165931788 -20.769723818076983 -12.510465214840103 -0.013228355500541512
leaf_weight=791 203 259 3101 334 883 223 410 237 213 343 220 1772 4705 6087 317 236 342 543 6573 244 469 250 1251 223 378 220 263 4772 249 795
leaf_count=791 203 259 3101 334 883 223 410 237 213 343 220 1772 4705 6087 317 236 342 543 6573 244 469 250 1251 223 378 220 263 4772 249 795
internal_value=6.6922e-05 0.00816594 0.011839 0.0195738 -0.00209683 -0.000518925 0.00509449 -0.00121688 -0.00202388 -0.00076465 -0.00380558 -0.00055387 -0.000462271 -0.00395615 -0.00341399 -0.0013625 -1.74228e-05 -0.000527116 -0.0044674 -0.00096781 0.000818181 -0.000938418 -0.00054009 0.000197992 0.000390363 -0.00281389 -0.00180328 -0.00116407 -0.00335979 -3.96052e-05
internal_weight=36906 7774 5471 3435 29132 15154 633 2036 1799 14521 13978 13169 12826 13180 6404 798 562 2303 6776 7257 713 2044 1794 5569 5083 1352 486 6544 1132 1008
internal_count=36906 7774 5471 3435 29132 15154 633 2036 1799 14521 13978 13169 12826 13180 6404 798 562 2303 6776 7257 713 2044 1794 5569 5083 1352 486 6544 1132 1008
cat_boundaries=0 3 6 7 10 13 14 16 19
cat_threshold=2148007938 65 262144 889323524 536887328 35754240 8 20480 70647808 29369379 0 0 35651584 4 0 2147483648 1048576 1284 8193
is_linear=0
shrinkage=0.05


Tree=117
num_leaves=31
num_cat=8
split_feature=25 20 20 3 25 10 23 3 18 8 20 18 27 20 25 23 23 11 3 25 10 10 8 25 27 27 27 27 2 20
split_gain=256.988 99.1272 217.753 41.9202 33.4842 7.99424 10.8898 3.91019 3.70767 2.70662 1.78673 1.4759 1.40643 1.34572 1.33079 1.21321 1.04863 0.969314 1.07725 3.07927 0.90172 0.938643 0.876095 0.587943 1.66282 0.519728 0.650465 0.50782 0.279374 0.269048
threshold=0 84600.000000000015 93600.000000000015 19968.000000000004 1 35.500000000000007 2 84480.000000000015 31200.000000000004 1.6666666666666667 84600.000000000015 3570.0000000000005 2.1383330595080281 489600.00000000006 3 4 5 177040.00000000003 269312.00000000006 6 29.500000000000004 3.5000000000000004 1.6666666666666667 7 3.8815106545092593 4.2835627800822236 3.3497501700808394 1.8688348091416842 7.5000000000000009 42000.000000000007
decision_type=9 2 2 2 9 2 9 2 2 2 2 2 8 2 9 9 9 2 2 9 2 2 2 9 8 10 10 10 2 2
left_child=1 7 3 15 10 11 -7 8 -1 16 17 25 -13 -12 20 -3 -4 18 19 -2 21 -14 -21 -16 -25 26 27 -6 -24 -10
right_child=4 2 9 -5 5 6 -8 -9 29 -11 13 12 14 -15 23 -17 -18 -19 -20 22 -22 -23 28 24 -26 -27 -28 -29 -30 -31
leaf_value=-8.4549771908732509 24.881160302569828 3.2650495632893581 -7.7827972170838624 0.60349554833228469 -12.354951781711927 13.994689727965344 1.4102362691793588 1.1704669932321523 0.13295680065693888 127.48176262530033 -0.6253201510034444 -12.89199023034077 -5.8077511548302221 -41.814135219101779 -0.42513775546976834 3.2699102491329541 0.58287344690979814 -15.720617777484888 -40.913264386267102 -20.615327550122711 1.7681869744235883 -84.145073568909041 -3.2776237462212068 -2.2176168323717658 31.484766454233153 -0.0097784991729895424 -34.086313706977421 -0.021314525945240349 -7.8671710946219724 -0.012566937725569006
leaf_weight=802 286 290 718 339 643 223 410 218 213 221 536 420 6933 265 3680 2775 1422 236 3854 2826 207 914 214 600 567 220 240 230 5594 810
leaf_count=802 286 290 718 339 643 223 410 218 213 221 536 420 6933 265 3680 2775 1422 236 3854 2826 207 914 214 600 567 220 240 230 5594 810
internal_value=0.000150915 0.00819821 0.0115615 0.0196506 -0.00201099 -0.00039774 0.00509449 -0.00125428 -0.0020115 -0.000107915 -0.00379476 -0.000635918 -0.000476996 -0.00150062 -0.00038402 0.0214949 -0.000653596 -0.00393867 -0.00399734 -0.00369312 -0.000777338 -0.000864443 -0.00385959 0.000270631 0.00124258 -0.00222097 -0.00265919 -0.00201714 -0.00350947 -1.46353e-05
internal_weight=36906 7808 5765 3404 29098 15287 633 2043 1825 2361 13811 14654 13321 801 12901 3065 2140 13010 12774 8920 8054 7847 8634 4847 1167 1333 1113 873 5808 1023
internal_count=36906 7808 5765 3404 29098 15287 633 2043 1825 2361 13811 14654 13321 801 12901 3065 2140 13010 12774 8920 8054 7847 8634 4847 1167 1333 1113 873 5808 1023
cat_boundaries=0 3 6 7 10 11 12 15 18
cat_threshold=2148007938 65 327680 889323524 536887328 33558785 8 33837056 70418440 31498274 4 4 0 0 33554432 137363904 25165840 68157448
is_linear=0
shrinkage=0.05


Tree=118
num_leaves=31
num_cat=10
split_feature=25 18 20 3 25 10 23 3 11 18 11 23 25 20 18 20 25 3 25 11 11 18 27 25 23 10 27 27 25 3
split_gain=253.314 98.3977 220.219 40.8313 35.1265 7.73207 10.8898 4.08618 3.60766 3.69746 1.69679 1.21321 1.20928 1.39442 1.16391 1.1461 1.2069 1.14714 1.01416 2.12313 1.96692 1.30063 0.833172 1.04915 0.788075 0.75912 0.528688 0.746253 0.432624 0.331552
threshold=0 84600.000000000015 93600.000000000015 19968.000000000004 1 35.500000000000007 2 104448.00000000001 80960.000000000015 31200.000000000004 91080.000000000015 3 4 14280.000000000002 2400.0000000000005 33000.000000000007 5 50600.000000000007 6 156800.00000000003 101200.00000000001 9900.0000000000018 2.8029010331479989 7 8 25.500000000000004 3.4811217321331038 4.2835627800822236 9 9408.0000000000018
decision_type=9 2 2 2 9 2 9 2 2 2 2 9 9 2 2 2 9 2 9 2 2 2 8 9 9 2 8 10 9 2
left_child=1 8 3 11 10 14 -7 24 9 -1 15 -3 13 -12 26 17 -17 -2 22 20 21 -20 -16 -24 -4 -25 -6 28 -28 -26
right_child=4 2 7 -5 5 6 -8 -9 -10 -11 12 -13 -14 -15 18 16 -18 -19 19 -21 -22 -23 23 25 29 -27 27 -29 -30 -31
leaf_value=-8.0322283313296801 -2.9487419473664889 3.1017970851251451 -7.2736556467683844 0.57332077091559774 -3.7388247304369786 13.294955241567406 1.3397244557203978 121.13267529869918 0.007246611768869116 -0.0055295484258087446 -22.10619026430933 3.1064147366763795 -37.218175506646219 48.034431646311532 -49.558877363359855 -0.95080984374071709 -7.5238125398908782 -21.484561172616573 -3.815997603664437 -26.209329242370679 6.1649442521257338 9.3327502649146137 3.6351328457668846 -19.384310447050048 1.8737281223235187 1.724776992700936 -29.656945353614105 -0.0092895742143355164 -7.5568349810000797 -597.36269419174459
leaf_weight=791 327 290 724 334 312 223 410 206 226 1031 217 2775 235 302 253 262 5882 6486 1978 316 316 3103 218 6877 1240 384 388 220 357 223
leaf_count=791 327 290 724 334 312 223 410 206 226 1031 217 2775 235 302 253 262 5882 6486 1978 316 316 3103 218 6877 1240 384 388 220 357 223
internal_value=0.000201039 0.00816989 0.0115102 0.0196869 -0.00195096 -0.000307478 0.00509449 -0.000110648 -0.00123903 -0.00197917 -0.00378962 0.0214949 -0.00148148 -8.47469e-05 -0.000540615 -0.00392662 -0.00342825 -0.00437491 -0.000403437 0.000102182 0.000336172 9.73822e-05 -0.000776086 -0.00068106 -0.000746918 -0.000784409 -0.00198202 -0.00255946 -0.00331325 -7.84995e-05
internal_weight=36906 7840 5792 3399 29066 15355 633 2393 2048 1822 13711 3065 754 519 14722 12957 6144 6813 13445 5713 5397 5081 7732 7479 2187 7261 1277 965 745 1463
internal_count=36906 7840 5792 3399 29066 15355 633 2393 2048 1822 13711 3065 754 519 14722 12957 6144 6813 13445 5713 5397 5081 7732 7479 2187 7261 1277 965 745 1463
cat_boundaries=0 3 6 7 8 11 14 17 19 20 23
cat_threshold=2164785154 65 262144 872550404 537673764 33624064 8 4 0 0 33554432 0 536870912 33554432 16384 2217869312 31498274 0 2147483648 4 0 1280 8449
is_linear=0
shrinkage=0.05


Tree=119
num_leaves=31
num_cat=9
split_feature=25 18 20 3 25 10 23 11 18 2 11 25 20 23 20 3 25 18 27 25 3 3 20 10 9 27 27 11 25 23
split_gain=253.524 99.1521 220.176 40.8313 34.865 7.79067 10.8898 3.60766 3.69746 1.91202 1.68393 1.22832 1.39442 1.21321 1.11531 1.27659 1.2157 1.05928 1.26598 2.06569 1.08853 1.75446 0.67336 1.08815 0.759715 0.600015 0.74376 0.570967 0.438291 0.432417
threshold=0 84600.000000000015 93600.000000000015 19968.000000000004 1 35.500000000000007 2 80960.000000000015 31200.000000000004 1.5000000000000002 91080.000000000015 3 14280.000000000002 4 33000.000000000007 38432.000000000007 5 2400.0000000000005 2.8029010331479989 6 62768.000000000007 161920.00000000003 257400.00000000003 0.75000000000000011 98.000000000000014 3.4811217321331038 4.2835627800822236 182160.00000000003 7 8
decision_type=9 2 2 2 9 2 9 2 2 2 2 9 2 9 2 2 9 2 8 9 2 2 2 2 2 8 10 2 9 9
left_child=1 7 3 13 10 17 -7 8 -1 -4 14 12 -12 -3 15 -2 -16 25 27 20 -20 -22 23 -21 -24 -6 28 -19 -27 -11
right_child=4 2 9 -5 5 6 -8 -9 -10 29 11 -13 -14 -15 16 -17 -18 18 19 22 21 -23 24 -25 -26 26 -28 -29 -30 -31
leaf_value=-7.6306169147632321 -2.7863048464218765 2.9467072308689239 115.32604075890268 0.54465473236996331 -3.5518834939151263 12.630207479488348 1.2727382329343984 0.0068842811804188386 -0.0052530710044513323 -6.1349763036178047 -21.00088075109386 -35.305973000963945 45.632710063995916 2.9510939998428514 -0.9032693515531719 -20.410333113985743 -7.1476219128963301 -1.464282052951412 -2.620708069122641 70.790850421714183 60.487149947687207 0.47143845696742837 15.446264300740587 -8.0818961878361133 -1.1450654204250896 -28.174098085933402 -0.0088250955036187403 -46.190942819742489 -7.0009271526479395 -3.6599551819668705
leaf_weight=791 326 290 286 334 312 223 410 226 1031 578 217 239 302 2775 262 6473 5933 416 212 300 255 363 1053 9905 669 388 220 299 355 1463
leaf_count=791 326 290 286 334 312 223 410 226 1031 578 217 239 302 2775 262 6473 5933 416 212 300 255 363 1053 9905 669 388 220 299 355 1463
internal_value=0.000176654 0.00819162 0.0115782 0.0196869 -0.00196473 -0.000328094 0.00509449 -0.00123903 -0.00197917 -0.00027265 -0.00379323 -0.0015 -8.47469e-05 0.0214949 -0.00392967 -0.00437362 -0.00344118 -0.000561734 -0.000431202 -0.000316249 0.00207838 0.00316129 -0.000484548 -0.000639268 0.000429233 -0.00193814 -0.00255441 -0.00247559 -0.00330873 -0.000810084
internal_weight=36906 7774 5726 3399 29132 15380 633 2048 1822 2327 13752 758 519 3065 12994 6799 6195 14747 13472 12757 830 618 11927 10205 1722 1275 963 715 743 2041
internal_count=36906 7774 5726 3399 29132 15380 633 2048 1822 2327 13752 758 519 3065 12994 6799 6195 14747 13472 12757 830 618 11927 10205 1722 1275 963 715 743 2041
cat_boundaries=0 3 6 7 10 11 14 17 20 21
cat_threshold=2148007938 65 262144 889327620 541343780 33624064 8 0 0 33554432 4 0 536870912 33554432 2048 2148017920 2097920 0 1280 8449 4
is_linear=0
shrinkage=0.05


Tree=120
num_leaves=31
num_cat=11
split_feature=25 20 18 3 25 11 11 18 11 18 25 20 25 20 3 25 23 10 24 3 27 18 25 25 10 25 12 3 27 25
split_gain=253.844 100.837 223.012 40.2309 30.0665 18.3148 3.77805 3.66558 1.68183 1.2194 1.20928 1.39442 1.16143 1.1157 1.26215 1.20678 1.08722 0.901669 1.40454 1.01095 0.874351 0.756723 1.75368 0.839281 0.64548 1.05479 0.801601 0.703551 0.94437 0.640985
threshold=0 111600.00000000001 84600.000000000015 19968.000000000004 1 102628.57142857143 80960.000000000015 31200.000000000004 91080.000000000015 190800.00000000003 2 14280.000000000002 3 33000.000000000007 50600.000000000007 4 5 10.833333333333334 6 9408.0000000000018 2.8617925509761908 6300.0000000000009 7 8 1.0714285714285716 9 161920.00000000003 101200.00000000001 3.4811217321331038 10
decision_type=9 2 2 2 9 2 2 2 2 2 9 2 9 2 2 9 9 2 9 2 8 2 9 9 2 9 2 2 8 9
left_child=1 2 6 16 8 17 7 -1 13 12 11 -10 24 14 -2 -15 -4 18 19 -3 -14 23 -23 -22 25 -6 27 -26 -29 -24
right_child=4 5 3 -5 9 -7 -8 -9 10 -11 -12 -13 20 15 -16 -17 -18 -19 -20 -21 21 22 29 -25 26 -27 -28 28 -30 -31
leaf_value=-7.2490860690249974 -2.6619896076770604 1.9630394753057772 2.7993718693251139 0.51742199575164705 122.2274044404119 11.961037393358129 0.0065400671213865285 -0.0094768568594801855 -19.950836713539161 549.64437649317472 -33.591968081265712 43.351074560796043 -27.843133335493434 -0.85810588397580434 -19.389816458286454 -6.7902408172515152 2.8035392998506725 -655.69214022650669 -7.2282309574271499 109.0847397401958 -2.9711029140893972 -0.17220378757560365 10.459800941106426 -19.202776286479889 -18.144462154951182 -12.757199097973571 -39.936132275387472 0.57928630025408534 -0.62338305752340384 15.137816259478448
leaf_weight=799 327 1240 290 334 260 313 222 1028 217 368 235 302 201 262 6429 5948 2811 325 1160 245 1534 2686 213 272 777 5814 241 491 1070 492
leaf_count=799 327 1240 290 334 260 313 222 1028 217 368 235 302 201 262 6429 5948 2811 325 1160 245 1534 2686 213 272 777 5814 241 491 1070 492
internal_value=0.000210522 0.00763356 0.01179 0.0195738 -0.00210454 0.000710806 -0.00126524 -0.00201476 -0.00377949 -0.000508975 -0.00148148 -8.47469e-05 -0.000583862 -0.00391579 -0.00436224 -0.00342885 0.0213487 -0.000504712 -0.000198339 0.000818302 -7.3949e-06 0.000118291 0.000558502 -0.000707966 -0.000942298 -0.000661621 -0.00160597 -0.00132051 -0.000706975 0.00275453
internal_weight=36906 8767 5484 3435 28139 3283 2049 1827 13720 14419 754 519 14051 12966 6756 6210 3101 2970 2645 1485 5398 5197 3391 1806 8653 6074 2579 2338 1561 705
internal_count=36906 8767 5484 3435 28139 3283 2049 1827 13720 14419 754 519 14051 12966 6756 6210 3101 2970 2645 1485 5398 5197 3391 1806 8653 6074 2579 2338 1561 705
cat_boundaries=0 3 6 9 12 15 16 17 20 23 26 29
cat_threshold=2148007938 67108929 262144 889327620 537673760 33624064 0 0 33554432 2113536 3310596 29417635 0 536870912 33554432 4 48 169083008 25166360 67108864 1048896 2155872256 1024 0 1024 16777216 0 0 1049608
is_linear=0
shrinkage=0.05


Tree=121
num_leaves=31
num_cat=8
split_feature=25 18 20 3 25 10 23 11 18 2 11 20 25 23 20 11 3 27 25 20 25 20 10 27 3 3 23 20 3 18
split_gain=251.11 99.2872 219.702 40.8313 35.6695 7.59748 10.8898 3.60766 3.69746 1.89058 1.7611 1.21697 1.57265 1.21321 1.16525 1.35604 1.26194 1.10447 1.42049 1.31734 0.940505 1.30813 0.684111 0.660929 1.11434 0.437922 1.24221 0.265171 0.233351 0.268879
threshold=0 84600.000000000015 93600.000000000015 19968.000000000004 1 35.500000000000007 2 80960.000000000015 31200.000000000004 1.5000000000000002 91080.000000000015 1500.0000000000002 3 4 33000.000000000007 79936.000000000015 50600.000000000007 4.2835627800822236 5 6300.0000000000009 6 14280.000000000002 0.41666666666666669 3.4811217321331038 226304.00000000003 10752.000000000002 7 42000.000000000007 359200.00000000006 9900.0000000000018
decision_type=9 2 2 2 9 2 9 2 2 2 2 2 9 9 2 2 2 8 9 2 9 2 2 10 2 2 9 2 2 2
left_child=1 7 3 13 10 11 -7 8 -1 -4 14 -6 -13 -3 16 -16 -2 23 19 -19 21 -12 -20 24 -14 26 -11 -10 29 -18
right_child=4 2 9 -5 5 6 -8 -9 27 25 20 12 17 -15 15 -17 28 18 22 -21 -22 -23 -24 -25 -26 -27 -28 -29 -30 -31
leaf_value=-6.8866317655738385 -2.5288901272931983 2.6594032758584945 104.10550173394732 0.49155089596388279 -12.143136553514921 11.40064523584519 1.2177115106664589 0.0062130637653126548 0.12732193443862344 -6.2418125013773533 -18.953294877862209 0.62414895882388999 -0.16380408960587831 2.6633623348578115 -6.4507287763889396 1.7487432231189963 -23.882954518867948 -0.20221456268251359 25.387065600186897 132.89678730013495 -31.912369677202424 41.183520832756223 -6.5375614691085735 -29.459276696775021 -6.4044731835763287 -504.39148452199692 3.1248963373331211 -0.010925617024986423 -35.843529108077796 -15.810330222545595
leaf_weight=791 327 290 286 334 282 223 410 226 213 543 217 290 812 2775 5939 250 701 277 635 241 235 302 11494 264 508 247 1251 818 3800 1925
leaf_count=791 327 290 286 334 282 223 410 226 213 543 217 290 812 2775 5939 250 701 277 635 241 235 302 11494 264 508 247 1251 818 3800 1925
internal_value=0.00022136 0.00819805 0.0115869 0.0196869 -0.00190983 -0.000260876 0.00509449 -0.00123903 -0.00197917 -0.000251182 -0.00376641 -0.000490714 -0.000427255 0.0214949 -0.00390606 -0.00340737 -0.00436196 -0.000502353 -0.000346669 0.00218868 -0.00141535 -0.000178909 -0.000456718 -0.00174653 -0.00128593 -0.000785611 -0.000512251 -4.84146e-06 -0.00451618 -0.00414003
internal_weight=36906 7774 5726 3399 29132 15436 633 2048 1822 2327 13696 14803 14521 3065 12942 6189 6753 14231 12647 518 754 519 12129 1584 1320 2041 1794 1031 6426 2626
internal_count=36906 7774 5726 3399 29132 15436 633 2048 1822 2327 13696 14803 14521 3065 12942 6189 6753 14231 12647 518 754 519 12129 1584 1320 2041 1794 1031 6426 2626
cat_boundaries=0 3 6 7 10 11 14 17 18
cat_threshold=2148007938 65 262144 889323524 537673760 33624064 8 2097152 4 1 4 2048 2147484672 1536 0 0 33554432 4
is_linear=0
shrinkage=0.05


Tree=122
num_leaves=31
num_cat=12
split_feature=25 20 20 3 25 10 23 3 18 8 24 25 20 25 11 23 3 10 23 11 25 20 9 20 10 25 12 18 25 24
split_gain=253.25 99.7989 215.425 41.9202 35.725 7.52289 10.8898 3.91019 3.70767 3.07209 1.92195 1.36462 1.34661 1.68477 1.46247 1.21321 1.19007 0.888642 0.787111 0.76782 1.51498 2.26233 0.602999 0.59292 0.558115 1.31541 1.24593 0.520189 0.954997 0.273647
threshold=0 84600.000000000015 93600.000000000015 19968.000000000004 1 35.500000000000007 2 84480.000000000015 31200.000000000004 1.6666666666666667 3 4 33000.000000000007 5 97652.000000000015 6 50600.000000000007 25.500000000000004 7 96500.000000000015 8 111600.00000000001 5.5000000000000009 1500.0000000000002 1.0714285714285716 9 161920.00000000003 39600.000000000007 10 11
decision_type=9 2 2 2 9 2 9 2 2 2 9 9 2 9 2 9 2 2 9 2 9 2 2 2 2 9 2 2 9 9
left_child=1 7 3 15 10 11 -7 8 -1 18 -2 17 14 22 16 -3 -12 23 -4 20 21 -13 -14 -6 25 -25 -26 29 -29 -22
right_child=4 2 9 -5 5 6 -8 -9 -10 -11 12 19 13 -15 -16 -17 -18 -19 -20 -21 27 -23 -24 24 26 -27 -28 28 -30 -31
leaf_value=-6.5423001772951466 4.1755408675064887 2.5264331120655701 -6.0797218763083949 0.46697335116550676 -11.480979390861071 10.830612974052968 1.1568259351331562 1.1105994423787153 -0.0052521324986633524 98.625226617447339 -2.4474454528434308 1.2123205303137412 39.124344791118347 -6.1281923375694873 -2.1916524234986841 2.5301942181147754 -17.679809124244851 1.4600512784440072 0.38864433691451272 -23.934279332516873 -2.655676408796694 -0.019579671737319167 -35.10799838347323 112.43430678070068 -0.5821031765131125 -6.4088489720735708 -34.273620063214615 -7.3411578432111133 38.085787854190492 -11.994638859834385
leaf_weight=802 245 290 718 339 225 223 410 218 1023 221 280 208 318 6107 226 2775 6469 343 1422 203 1409 261 212 258 1707 6938 430 1487 561 578
leaf_count=802 245 290 718 339 225 223 410 218 1023 221 280 208 318 6107 226 2775 6469 343 1422 203 1409 261 212 258 1707 6938 430 1487 561 578
internal_value=0.000241681 0.00823018 0.0116048 0.0196506 -0.0019045 -0.00023307 0.00509449 -0.00125428 -0.0020115 -2.11715e-06 -0.00374108 -0.000464751 -0.0038212 -0.00331149 -0.00431059 0.0214949 -0.00444305 -0.000797439 -0.000583568 0.000236278 0.000372835 0.00302495 -0.000553507 -0.000888077 -0.000826461 -0.00061545 -0.00153577 5.55955e-05 0.000614633 -0.000520363
internal_weight=36906 7808 5765 3404 29098 15241 633 2043 1825 2361 13857 14608 13612 6637 6975 3065 6749 9901 2140 4707 4504 469 530 9558 9333 7196 2137 4035 2048 1987
internal_count=36906 7808 5765 3404 29098 15241 633 2043 1825 2361 13857 14608 13612 6637 6975 3065 6749 9901 2140 4707 4504 469 530 9558 9333 7196 2137 4035 2048 1987
cat_boundaries=0 3 6 7 8 11 14 15 16 19 22 25 26
cat_threshold=2148007938 65 327680 889327620 537411616 35656704 8 50 33570816 2218165516 29368354 0 536870912 33554432 4 4 2359296 0 1 0 1028 16777216 192 16777232 67108864 8
is_linear=0
shrinkage=0.05


Tree=123
num_leaves=31
num_cat=11
split_feature=25 18 20 3 25 10 23 18 10 11 20 11 25 23 11 25 20 10 11 25 20 10 12 25 25 23 0 25 20 11
split_gain=253.21 111.777 207.09 40.8313 34.8578 7.52399 10.8898 2.72285 2.18271 1.52925 1.37174 1.5073 1.35396 1.21321 1.01842 0.895182 1.22457 0.850255 0.7659 1.56384 2.76876 0.527133 1.20684 0.885596 0.864779 0.51689 0.430549 0.420984 0.416391 0.35543
threshold=0 84600.000000000015 93600.000000000015 19968.000000000004 1 35.500000000000007 2 31200.000000000004 1.0714285714285716 91080.000000000015 33000.000000000007 79936.000000000015 3 4 320.66666666666669 5 14280.000000000002 25.500000000000004 96500.000000000015 6 84600.000000000015 1.0714285714285716 161920.00000000003 7 8 9 7.0000000000000009 10 16200.000000000002 84480.000000000015
decision_type=9 2 2 2 9 2 9 2 2 2 2 2 9 9 2 9 2 2 2 9 2 2 2 9 9 9 2 9 2 2
left_child=1 7 3 13 9 12 -7 28 -4 10 14 -12 17 -3 -2 16 -11 21 19 20 -14 24 23 -23 -6 -10 -13 -26 -1 -16
right_child=4 2 8 -5 5 6 -8 -9 25 15 11 26 18 -15 29 -17 -18 -19 -20 -21 -22 22 -24 -25 27 -27 -28 -29 -30 -31
leaf_value=-289.80313281732577 -1.0800779616858562 2.4001114564620369 94.143966061435648 0.44362468360704954 76.215371851471431 10.28908232534963 1.0989846383764872 -0.010116729548826697 -5.5057371009475906 -18.214407177344423 -5.7717827206910108 0.79114500951109223 1.3717039959664818 2.4036845072092548 -14.69581866803261 -30.116510801104795 38.375546126069601 1.3570486358439666 -22.737565365890987 0.90509555038848366 -0.26023223781143723 -0.4529980176874574 -32.559939060053885 -77.065000944308565 -4.572981185425447 -1.7107876009813481 -12.345941512424867 -15.840495065446413 -5.9351859599801173 -32.917362196461674
leaf_weight=257 203 290 231 334 365 223 410 1070 554 217 6089 323 214 2775 2830 279 302 365 202 3844 274 1568 430 201 1033 1383 203 5909 665 3863
leaf_count=257 203 290 231 334 365 223 410 1070 554 217 6089 323 214 2775 2830 279 302 365 202 3844 274 1568 430 201 1033 1383 203 5909 665 3863
internal_value=0.000188847 0.0083417 0.0119887 0.0196869 -0.00191372 -0.000231895 0.00509449 -0.00181043 -8.75588e-05 -0.00367956 -0.00380782 -0.00329077 -0.000466788 0.0214949 -0.0043027 -0.00155 -0.000273071 -0.0007948 0.000248569 0.000389939 0.00302 -0.000886623 -0.0015652 -0.00098532 -0.000682037 -0.000636927 -0.000719698 -0.000806731 -0.0037987 -0.00440852
internal_weight=36906 7559 5567 3399 29347 15038 633 1992 2168 14309 13511 6615 14405 3065 6896 798 519 9871 4534 4332 488 9506 2199 1769 7307 1937 526 6942 922 6693
internal_count=36906 7559 5567 3399 29347 15038 633 1992 2168 14309 13511 6615 14405 3065 6896 798 519 9871 4534 4332 488 9506 2199 1769 7307 1937 526 6942 922 6693
cat_boundaries=0 2 5 6 9 10 13 16 19 22 23 26
cat_threshold=2148007938 1 889327620 536887396 35755264 8 33570816 2218173704 29368354 4 0 0 33554432 2359296 0 262145 33554432 2148533248 32 0 132352 16777216 4 0 2214592512 32
is_linear=0
shrinkage=0.05


Tree=124
num_leaves=31
num_cat=10
split_feature=25 18 20 3 25 10 23 11 18 2 24 20 25 11 23 25 10 3 11 25 20 18 2 27 3 24 25 20 10 18
split_gain=252.109 99.9641 217.341 40.8313 35.0022 7.54811 10.8898 3.60766 3.69746 1.7852 1.24486 1.39167 1.748 1.27618 1.21321 1.1494 1.25553 1.1056 0.972141 0.989762 1.60719 0.638603 0.597113 0.531796 0.494277 0.858756 0.422794 0.265171 0.257496 0.255902
threshold=0 84600.000000000015 93600.000000000015 19968.000000000004 1 35.500000000000007 2 80960.000000000015 31200.000000000004 1.5000000000000002 3 33000.000000000007 4 97652.000000000015 5 6 29.500000000000004 50600.000000000007 99152.000000000015 7 111600.00000000001 190800.00000000003 11.500000000000002 2.1383330595080281 10752.000000000002 8 9 42000.000000000007 0.41666666666666669 6300.0000000000009
decision_type=9 2 2 2 9 2 9 2 2 2 9 2 9 2 9 9 2 2 2 9 2 2 2 8 2 9 9 2 2 2
left_child=1 7 3 14 10 15 -7 8 -1 -4 -2 13 22 17 -3 16 21 -12 19 20 -17 23 -13 29 25 -11 -25 -10 -21 -6
right_child=4 2 9 -5 5 6 -8 -9 27 24 11 12 -14 -15 -16 18 -18 -19 -20 28 -22 -23 -24 26 -26 -27 -28 -29 -30 -31
leaf_value=-5.9184258704313839 -1.0354619944744627 2.280105883639044 89.261767013306965 0.42144344942644241 -0.4705406882038915 9.7746282090818966 1.0440354064576696 1.5962405482811848 0.12172428081903491 3.0347586836698612 -2.5660706875944927 3.6087096735385011 -5.5331935846564653 -1.3477538808315064 2.2835002818486827 1.0831193039997289 1.1941972542859731 -16.061027734630979 -21.600687419461522 28.665381032564497 -0.083664381712685587 52.201728501131385 -11.968644923177528 -2.0584993360818689 -479.10580313269338 -5.3504489274455409 -10.984280520433643 -0.0096108930712944136 -1.9172726985392257 -18.331608151684261
leaf_weight=791 245 290 286 334 220 223 410 226 213 1251 289 325 6071 226 2775 208 212 6501 271 354 265 240 237 5966 247 543 2674 818 3954 241
leaf_count=791 245 290 286 334 220 223 410 226 213 1251 289 325 6071 226 2775 208 212 6501 271 354 265 240 237 5966 247 543 2674 818 3954 241
internal_value=0.000237617 0.00823016 0.0116306 0.0196869 -0.00189782 -0.000241968 0.00509449 -0.00123903 -0.00197917 -0.00014384 -0.00371207 -0.00377681 -0.00325773 -0.00427187 0.0214949 -0.000474089 -0.000796133 -0.00439488 0.000136255 0.00030211 0.0024433 -0.00088355 -0.000540071 -0.000950787 -0.000663242 -0.000373052 -0.00086207 -4.84146e-06 6.0184e-05 -0.00260259
internal_weight=36906 7774 5726 3399 29132 15238 633 2048 1822 2327 13894 13649 6633 7016 3065 14605 9553 6790 5052 4781 473 9341 562 9101 2041 1794 8640 1031 4308 461
internal_count=36906 7774 5726 3399 29132 15238 633 2048 1822 2327 13894 13649 6633 7016 3065 14605 9553 6790 5052 4781 473 9341 562 9101 2041 1794 8640 1031 4308 461
cat_boundaries=0 3 6 7 8 11 12 15 18 19 22
cat_threshold=2148007938 65 262144 889323524 536887332 33657088 8 50 0 536870912 33554688 4 20480 2218304768 31466530 2359296 0 1 16 16384 2150138880 8388610
is_linear=0
shrinkage=0.05


Tree=125
num_leaves=31
num_cat=11
split_feature=25 18 20 3 25 10 23 11 18 2 24 20 23 2 25 10 11 11 20 25 18 3 23 25 3 18 25 27 25 3
split_gain=249.66 99.8285 217.812 40.8313 35.6904 7.38202 10.8898 3.60766 3.69746 1.80604 1.22754 1.45999 1.21321 1.1646 1.13177 1.24613 0.978891 0.913727 0.890403 0.738758 0.535656 0.482736 0.846811 0.474194 1.71399 0.920017 0.882424 0.472637 0.401888 0.306969
threshold=0 84600.000000000015 93600.000000000015 19968.000000000004 1 35.500000000000007 2 80960.000000000015 31200.000000000004 1.5000000000000002 3 45000.000000000007 4 23.500000000000004 5 29.500000000000004 320.66666666666669 177040.00000000003 33000.000000000007 6 190800.00000000003 10752.000000000002 7 8 96500.000000000015 84600.000000000015 9 2.1383330595080281 10 200704.00000000003
decision_type=9 2 2 2 9 2 9 2 2 2 9 2 9 2 9 2 2 2 2 9 2 2 9 9 2 2 9 8 9 2
left_child=1 7 3 12 10 14 -7 8 -1 -4 -2 16 -3 19 15 20 -12 18 -18 -13 27 22 -11 -16 25 -25 -26 -6 -29 -15
right_child=4 2 9 -5 5 6 -8 -9 -10 21 11 13 -14 29 23 -17 17 -19 -20 -21 -22 -23 -24 24 26 -27 -28 28 -30 -31
leaf_value=-5.6225045769098871 -0.98368889475095789 2.1661005894573466 84.798678662642487 0.4003712769554113 -7.8763022213319012 9.2858967986271121 0.99183363613478837 1.5164285208671346 -0.0027213060039932234 -5.0829264810730823 -0.65777047200137995 -323.83381333924945 2.1693252677563577 -46.163765993361508 -0.61969463846035078 1.1344873915717473 -15.257983152726991 -3.9135615399076351 -15.777412588345818 35.068914761581986 49.591642076075175 -455.15051297605891 2.8830207494862408 1.2839629346802441 -20.520652726623396 0.14840680070046802 13.521470113128467 -2.3149859359468903 -10.435066494411963 -3.8315356876025248
leaf_weight=791 245 290 286 334 461 223 410 226 1031 543 201 204 2775 217 4853 212 6601 215 4427 288 240 247 1251 340 244 282 240 5123 2610 1496
leaf_count=791 245 290 286 334 461 223 410 226 1031 543 201 204 2775 217 4853 212 6601 215 4427 288 240 247 1251 340 244 282 240 5123 2610 1496
internal_value=0.00027013 0.00822373 0.0116219 0.0196869 -0.00185493 -0.000182952 0.00509449 -0.00123903 -0.00197917 -0.000165308 -0.0036869 -0.00375119 0.0214949 -0.00257137 -0.000412475 -0.000777317 -0.0039813 -0.00404313 -0.00410608 -0.000425102 -0.000873638 -0.000687715 -0.000400892 0.000118069 0.00104651 0.00278846 -0.00117284 -0.000941924 -0.000848741 -0.00318659
internal_weight=36906 7774 5726 3399 29132 15238 633 2048 1822 2327 13894 13649 3065 2205 14605 8646 11444 11243 11028 492 8434 2041 1794 5959 1106 622 484 8194 7733 1713
internal_count=36906 7774 5726 3399 29132 15238 633 2048 1822 2327 13894 13649 3065 2205 14605 8646 11444 11243 11028 492 8434 2041 1794 5959 1106 622 484 8194 7733 1713
cat_boundaries=0 3 6 7 8 9 12 15 16 19 22 25
cat_threshold=2148007938 65 262144 889323524 536887332 33657088 8 50 4 20480 2217780480 23077922 4 16384 4096 4 34603456 25296920 75497472 262144 524288 1 16384 2149614592 2097154
is_linear=0
shrinkage=0.05


Tree=126
num_leaves=31
num_cat=12
split_feature=25 18 20 3 25 25 10 23 18 2 23 24 20 25 11 11 25 10 27 27 25 3 23 9 25 20 18 25 20 11
split_gain=247.135 99.5976 219.059 40.8313 35.5638 9.35672 7.31978 10.8898 3.88001 1.85381 1.21321 1.2128 1.33902 1.36602 1.23712 1.20474 0.895698 1.20304 0.619581 0.843447 0.490784 0.475842 0.790485 0.447461 0.369184 0.745891 0.920308 1.00131 0.295143 0.240074
threshold=0 84600.000000000015 93600.000000000015 19968.000000000004 1 2 35.500000000000007 3 31200.000000000004 1.5000000000000002 4 5 33000.000000000007 6 97652.000000000015 320.66666666666669 7 29.500000000000004 4.2835627800822236 3.4811217321331038 8 10752.000000000002 9 5.5000000000000009 10 16200.000000000002 75600.000000000015 11 42000.000000000007 88750.000000000015
decision_type=9 2 2 2 9 9 2 9 2 2 9 9 2 9 2 2 9 2 10 10 9 2 9 2 9 2 2 9 2 2
left_child=1 5 3 10 11 8 16 -8 -1 -4 -3 -2 14 23 15 -13 17 18 19 20 -6 22 -11 -14 -18 -26 -27 -28 -10 -17
right_child=4 2 9 -5 6 -7 7 -9 28 21 -12 12 13 -15 -16 29 24 -19 -20 -21 -22 -23 -24 -25 25 26 27 -29 -30 -31
leaf_value=-5.3413793480644021 -0.93450445001362825 2.0577955599845157 80.558744729511091 0.38035271310800456 -4.4184866451949061 1.4406070948237812 8.8216019586958669 0.94224195432802849 0.11577413207833161 -4.8287801570193558 2.0608590043688308 -0.62488194840132116 0.39006214558062741 -5.0649571210435171 -1.0846881097945686 -12.495077190263078 -0.49101505502345688 1.0777630219934509 0.3033253635933193 -27.715883538624805 -9.7783151282999921 -443.83515726986508 2.7388697120120926 -31.94529235813933 -9.2656207510388437 14.043942719624624 -32.942100058394729 66.231055532912805 -0.008994283117499436 -29.958824396472313
leaf_weight=895 245 290 286 334 6325 278 223 410 213 543 2775 201 350 6071 226 2727 4807 212 220 264 1644 250 1251 212 230 242 294 221 805 3862
leaf_count=895 245 290 286 334 6325 278 223 410 213 543 2775 201 350 6071 226 2727 4807 212 220 264 1644 250 1251 212 230 242 294 221 805 3862
internal_value=0.000298579 0.00811901 0.0115957 0.0196869 -0.00184082 -0.000937074 -0.000159562 0.00509449 -0.00218961 -0.000214409 0.0214949 -0.00366533 -0.00372923 -0.00322005 -0.00421488 -0.00433598 -0.000390361 -0.000711653 -0.000806033 -0.00087614 -0.000783466 -0.000742914 -0.000456571 -0.000801395 9.12837e-05 0.000965965 0.00173254 0.000531914 -8.82365e-05 -0.00445228
internal_weight=36906 7920 5729 3399 28986 2191 15092 633 1913 2330 3065 13894 13649 6633 7016 6790 14459 8665 8453 8233 7969 2044 1794 562 5794 987 757 515 1018 6589
internal_count=36906 7920 5729 3399 28986 2191 15092 633 1913 2330 3065 13894 13649 6633 7016 6790 14459 8665 8453 8233 7969 2044 1794 562 5794 987 757 515 1018 6589
cat_boundaries=0 3 6 8 9 10 11 14 17 20 21 24 27
cat_threshold=2148007938 65 262145 889323524 536887332 33657088 524288 1 8 4 50 0 536870912 33554688 20480 2217903360 23077922 16384 2149745664 8194 4 34603456 25165848 75497472 262144 512 1048584
is_linear=0
shrinkage=0.05


Tree=127
num_leaves=31
num_cat=9
split_feature=25 18 20 3 25 25 10 23 18 2 11 23 11 25 20 25 20 25 11 10 10 11 10 20 10 20 0 3 23 11
split_gain=247.105 99.7363 218.587 40.8313 33.3444 9.35672 7.44954 10.8898 3.88001 1.83273 1.33609 1.21321 1.0635 2.29866 1.28725 0.997443 1.22457 0.72892 1.75978 1.18988 0.666973 0.899695 0.46221 0.436956 0.474114 0.409619 1.20156 0.397927 0.790485 0.380314
threshold=0 84600.000000000015 93600.000000000015 19968.000000000004 1 2 35.500000000000007 3 31200.000000000004 1.5000000000000002 91080.000000000015 4 88750.000000000015 5 45000.000000000007 6 14280.000000000002 7 182160.00000000003 29.500000000000004 3.5000000000000004 84480.000000000015 0.41666666666666669 27000.000000000004 3.5000000000000004 176400.00000000003 3.5000000000000004 10752.000000000002 8 110592.00000000001
decision_type=9 2 2 2 9 9 2 9 2 2 2 9 2 9 2 9 2 9 2 2 2 2 2 2 2 2 2 2 9 2
left_child=1 5 3 11 10 8 17 -8 -1 -4 12 -3 13 -2 -14 16 -12 19 22 20 25 -22 -19 -15 -25 -6 -27 28 -11 -23
right_child=4 2 9 -5 6 -7 7 -9 -10 27 15 -13 14 23 -16 -17 -18 18 -20 -21 21 29 -24 24 -26 26 -28 -29 -30 -31
leaf_value=-5.0743103806611547 15.747493016417856 1.9549057819851443 76.530807493036264 0.36133507745253157 -3.9632477770208205 1.3685767400825855 8.3805218607616947 0.89512985661162936 -0.0085445689615880841 -4.5873411491684237 -17.029891048305256 1.9578160541503167 -28.457602322447073 -11.770326609005389 -19.731718628894406 -28.39404285796963 36.546984250398033 18.156503613554982 -30.348672602590796 1.088874385712552 19.604221641626243 -73.483444496468607 -0.076840121381314935 -4.8517965699997152 -4.7617092649913388 299.72063064162796 -85.186932553261073 -421.64339940637177 2.6019262264115244 -9.1943981333004725
leaf_weight=895 202 290 286 334 5739 278 223 410 1018 543 217 2775 3801 2751 220 236 302 401 233 207 266 469 6268 422 5743 225 348 250 1251 303
leaf_count=895 202 290 286 334 5739 278 223 410 1018 543 217 2775 3801 2751 220 236 302 401 233 207 266 469 6268 422 5743 225 348 250 1251 303
internal_value=0.000305353 0.00812531 0.0116044 0.0196869 -0.00183392 -0.000937074 -0.000205907 0.00509449 -0.00218961 -0.000192969 -0.00360061 0.0214949 -0.0037208 -0.00341996 -0.00440095 -0.00155218 -0.000273071 -0.000438768 -6.65329e-05 -0.000777515 -0.000884114 -0.00205769 8.31947e-05 -0.00353719 -0.00330388 -0.00069053 0.000582608 -0.000718476 -0.000456571 -0.0029199
internal_weight=36906 7920 5729 3399 28986 2191 15092 633 1913 2330 13894 3065 13139 9118 4021 755 519 14459 6902 7557 7350 1038 6669 8916 6165 6312 573 2044 1794 772
internal_count=36906 7920 5729 3399 28986 2191 15092 633 1913 2330 13894 3065 13139 9118 4021 755 519 14459 6902 7557 7350 1038 6669 8916 6165 6312 573 2044 1794 772
cat_boundaries=0 3 6 8 9 10 13 16 19 20
cat_threshold=2148007938 65 262145 889323524 536887332 33657088 524288 1 8 4 0 4 33554432 0 0 33554432 136597504 2217910528 20980770 4
is_linear=0
shrinkage=0.05


Tree=128
num_leaves=31
num_cat=12
split_feature=25 18 20 3 25 10 23 25 18 10 24 20 23 11 11 25 3 25 20 25 10 10 9 25 27 27 25 23 3 20
split_gain=244.49 110.734 207.891 40.8313 33.28 7.42378 10.7747 4.57884 3.88614 2.1268 1.29951 1.40547 1.21321 1.17887 1.09816 1.08746 0.870593 1.24257 0.833542 0.804073 0.809447 1.16935 0.736514 0.544815 0.44108 1.00907 1.0069 0.364929 0.352201 0.295143
threshold=0 84600.000000000015 93600.000000000015 19968.000000000004 1 35.500000000000007 2 3 31200.000000000004 1.0714285714285716 4 45000.000000000007 5 320.66666666666669 177040.00000000003 6 269312.00000000006 7 1500.0000000000002 8 25.500000000000004 3.5000000000000004 5.5000000000000009 9 4.2835627800822236 3.4811217321331038 10 11 200704.00000000003 42000.000000000007
decision_type=9 2 2 2 9 2 9 9 2 2 9 2 9 2 2 9 2 9 2 9 2 2 2 9 8 10 9 9 2 2
left_child=1 7 3 12 10 15 -7 -1 -9 -4 -2 13 -3 -12 16 -6 17 -15 -17 20 21 -20 23 -13 25 -21 -26 -11 -24 -10
right_child=4 2 9 -5 5 6 -8 8 29 27 11 22 -14 14 -16 18 -18 -19 19 24 -22 -23 28 -25 26 -27 -28 -29 -30 -31
leaf_value=2.1130529153124242 -0.64969376426306558 1.8571604928860326 72.929268137624604 0.34326832357983222 1.3001479030784595 7.9614957677237204 0.32348655169334961 -4.8205948616281606 0.11041265392250353 -4.1379754101646542 -0.0051215205309972592 -307.101284977006 1.8599252514424736 -2.1103287147562759 -4.4194470960853316 -8.814677506611341 -27.034722206324716 -11.997214372606708 -3.6645180257532051 -1.0607197534957551 1.0344302015102584 -18.776619993653277 -43.364244374391689 31.468616703703994 0.527001884687752 -26.326247355624492 -0.3610719780506082 -2.1881769895109757 -3.4836255684234403 -0.0081173405134904904
leaf_weight=239 336 290 234 334 334 223 432 897 213 554 201 203 2775 241 215 211 3842 6951 4640 1243 337 712 232 289 412 264 6381 1383 1483 805
leaf_count=239 336 290 234 334 334 223 432 897 213 554 201 203 2775 241 215 211 3842 6951 4640 1243 337 712 232 289 412 264 6381 1383 1483 805
internal_value=0.000335156 0.00823811 0.0119706 0.0196869 -0.00175927 -0.000137821 0.00506088 -0.00137755 -0.00219253 -0.00011735 -0.00351767 -0.00359463 0.0214949 -0.00382029 -0.0038881 -0.000372869 -0.00395705 -0.00362941 -0.00043977 -0.000392754 -0.000849852 -0.00100112 -0.00243776 -0.000728746 -7.82014e-05 -0.000851559 9.34499e-05 -0.000662714 -0.00292662 -8.82365e-05
internal_weight=36906 7724 5570 3399 29182 15189 655 2154 1915 2171 13993 13657 3065 11450 11249 14534 11034 7192 14200 13989 5689 5352 2207 492 8300 1507 6793 1937 1715 1018
internal_count=36906 7724 5570 3399 29182 15189 655 2154 1915 2171 13993 13657 3065 11450 11249 14534 11034 7192 14200 13989 5689 5352 2207 492 8300 1507 6793 1937 1715 1018
cat_boundaries=0 3 6 7 10 11 12 15 18 21 24 26 27
cat_threshold=2148007938 1 262145 889323524 536887332 35689472 8 2147483648 0 262145 50 4 2048 794688 512 0 4 33554432 2379776 70287616 21037346 4 16384 4096 0 2147484672 4
is_linear=0
shrinkage=0.05


Tree=129
num_leaves=31
num_cat=8
split_feature=25 18 20 3 25 10 23 11 18 2 20 11 23 20 11 25 3 25 10 9 20 11 2 25 25 18 11 18 11 3
split_gain=243.704 100.072 218.284 40.8313 32.3138 7.47806 10.7747 3.63733 3.61891 1.6608 1.28439 1.27842 1.21321 1.07815 1.15526 0.958637 0.921412 0.755471 0.658088 1.21391 0.645697 0.571956 0.783173 0.568983 0.460445 2.63129 0.434719 0.414024 1.58961 0.393305
threshold=0 84600.000000000015 93600.000000000015 19968.000000000004 1 35.500000000000007 2 80960.000000000015 31200.000000000004 1.5000000000000002 1500.0000000000002 91080.000000000015 3 45000.000000000007 320.66666666666669 4 359200.00000000006 5 25.500000000000004 3.5000000000000004 14280.000000000002 50600.000000000007 62.000000000000007 6 7 7800.0000000000009 110592.00000000001 190800.00000000003 253592.00000000003 10752.000000000002
decision_type=9 2 2 2 9 2 9 2 2 2 2 2 9 2 2 9 2 9 2 2 2 2 2 9 9 2 2 2 2 2
left_child=1 7 3 12 11 10 -7 8 -1 -4 -6 13 -3 14 -2 18 24 20 19 -12 -13 -15 -23 -17 -16 -26 -21 28 -25 -11
right_child=4 2 9 -5 5 6 -8 -9 -10 29 15 17 -14 21 16 23 -18 -19 -20 26 -22 22 -24 27 25 -27 -28 -29 -30 -31
leaf_value=-4.5795651185468165 -0.24486550172491661 1.7643024682416582 69.057803711504675 0.32610490740116804 -8.4739439650667858 7.563420979337427 0.30731222410868214 1.2351405079245297 -0.0077114734878705356 -2.0284547565057833 -3.5971856122735488 -16.102092383060135 1.7669289888704953 -4.2007363513432212 -23.884286181898958 0.79654314518695157 -25.682986096008484 -30.91336841033478 0.64770757444348426 -72.360439290704107 34.761154196329791 15.830032557009691 -3.3944441910585628 0.087753803290252119 22.942082158325313 -10.881946281669322 -14.292764089940512 458.67648376716829 -45.103482083649205 -389.00965064396866
leaf_weight=791 203 290 286 334 281 223 432 226 1031 1794 4592 217 2775 466 660 209 3800 257 390 483 302 260 1400 7649 211 6106 231 252 508 247
leaf_count=791 203 290 286 334 281 223 432 226 1031 1794 4592 217 2775 466 660 209 3800 257 390 483 302 260 1400 7649 211 6106 231 252 508 247
internal_value=0.000352768 0.00821089 0.0116131 0.0196869 -0.00174684 -0.000157255 0.00506088 -0.00126342 -0.00200658 -0.000186777 -0.000392205 -0.00349144 0.0214949 -0.00361077 -0.00381078 -0.00032621 -0.00388116 -0.00151671 -0.000828663 -0.000975887 -0.000367233 -0.00257519 -0.00213598 6.9513e-06 -0.00353704 -0.00337889 -0.00289106 -5.87828e-05 -0.000120727 -0.000687715
internal_weight=36906 7774 5726 3399 29132 15250 655 2048 1822 2327 14595 13882 3065 13106 10980 14314 10777 776 5696 5306 519 2126 1660 8618 6977 6317 714 8409 8157 2041
internal_count=36906 7774 5726 3399 29132 15250 655 2048 1822 2327 14595 13882 3065 13106 10980 14314 10777 776 5696 5306 519 2126 1660 8618 6977 6317 714 8409 8157 2041
cat_boundaries=0 3 6 7 8 11 14 17 20
cat_threshold=2148007938 65 262144 889323524 536887328 35688448 8 4 2379776 70287616 21038114 0 0 33554432 2048 262148 513 0 0 4096
is_linear=0
shrinkage=0.05


Tree=130
num_leaves=31
num_cat=9
split_feature=25 18 20 3 25 10 23 11 18 2 11 20 23 20 11 25 11 3 25 11 25 3 11 2 10 10 25 25 18 20
split_gain=243.033 100.072 218.284 40.8313 31.6261 7.48746 10.7747 3.63733 3.61891 1.6608 1.32046 1.28175 1.21321 1.06362 1.29163 0.950064 1.7222 0.887468 0.802048 0.712966 0.657319 0.700905 0.589656 0.764587 0.496078 1.16267 0.529307 0.479555 2.60856 0.457326
threshold=0 84600.000000000015 93600.000000000015 19968.000000000004 1 35.500000000000007 2 80960.000000000015 31200.000000000004 1.5000000000000002 91080.000000000015 1500.0000000000002 3 45000.000000000007 320.66666666666669 4 253592.00000000003 359200.00000000006 5 97652.000000000015 6 99152.000000000015 50600.000000000007 62.000000000000007 25.500000000000004 1.0714285714285716 7 8 7800.0000000000009 176400.00000000003
decision_type=9 2 2 2 9 2 9 2 2 2 2 2 9 2 2 9 2 2 9 2 9 2 2 2 2 2 9 9 2 2
left_child=1 7 3 12 10 11 -7 8 -1 -4 13 -6 -3 14 -2 24 20 27 19 -12 -17 -22 -15 -24 25 29 -27 -16 -29 -13
right_child=4 2 9 -5 5 6 -8 -9 -10 -11 18 15 -14 22 17 16 -18 -19 -20 -21 21 -23 23 -25 -26 26 -28 28 -30 -31
leaf_value=-4.3505868626194575 -0.23262222663865942 1.6760873448292841 65.604913525929447 0.30979966203085496 -8.0502467668134461 7.1852499303706665 0.29194661290312068 1.1733834825283112 -0.0073258998134406285 -3.3496558752977856 -32.272672460918265 -15.308990471846371 1.6785825394268614 -3.9906995337762057 -22.690071872804012 0.083366113125521224 -17.448150545094542 -24.398836791208062 -29.367699989818039 16.844928564189662 0.92188444351891485 -0.007039053698840142 15.038530929158879 -3.2247219815056383 0.55032357497257178 -13.388126102404392 -68.592416753964343 21.794978050409046 -10.337848967585854 62.459178177452316
leaf_weight=791 203 290 286 334 281 223 432 226 1031 2041 312 5055 2775 466 660 6520 254 3800 257 207 483 449 260 1400 395 207 451 211 6106 500
leaf_count=791 203 290 286 334 281 223 432 226 1031 2041 312 5055 2775 466 660 6520 254 3800 257 207 483 449 260 1400 395 207 451 211 6106 500
internal_value=0.000363606 0.00821089 0.0116131 0.0196869 -0.00173312 -0.000160531 0.00506088 -0.00126342 -0.00200658 -0.000186777 -0.00345905 -0.00039563 0.0214949 -0.00358026 -0.00377891 -0.000329702 4.79387e-05 -0.00385333 -0.00145244 -0.000273071 0.000186476 0.00141949 -0.00255169 -0.0021059 -0.000768883 -0.000879325 -0.00286364 -0.00351555 -0.00335519 -0.000643334
internal_weight=36906 7774 5726 3399 29132 15250 655 2048 1822 2327 13882 14595 3065 13106 10980 14314 7706 10777 776 519 7452 932 2126 1660 6608 6213 658 6977 6317 5555
internal_count=36906 7774 5726 3399 29132 15250 655 2048 1822 2327 13882 14595 3065 13106 10980 14314 7706 10777 776 519 7452 932 2126 1660 6608 6213 658 6977 6317 5555
cat_boundaries=0 3 6 7 8 11 14 17 20 23
cat_threshold=2148007938 65 262144 889323524 536887328 35688448 8 4 35672064 70418688 21046306 0 0 33554432 1049024 2172650520 75497472 33554432 1081344 32 0 0 4096
is_linear=0
shrinkage=0.05


Tree=131
num_leaves=31
num_cat=10
split_feature=25 18 20 3 25 10 23 11 18 2 20 20 11 23 11 3 25 25 11 10 11 24 10 23 2 25 3 3 3 23
split_gain=242.341 100.208 217.019 40.759 30.6733 7.28005 10.9604 3.63733 3.61891 1.46466 1.4253 1.28175 1.20527 1.19907 1.18361 1.09107 2.69238 0.916079 0.771021 0.799026 0.620173 1.01548 0.612812 1.0122 0.680982 0.542969 0.807551 0.510309 0.424989 0.720324
threshold=0 84600.000000000015 93600.000000000015 19968.000000000004 1 35.500000000000007 2 80960.000000000015 31200.000000000004 1.5000000000000002 45000.000000000007 1500.0000000000002 320.66666666666669 3 177040.00000000003 269312.00000000006 4 5 50600.000000000007 15.500000000000002 253592.00000000003 6 25.500000000000004 7 3.5000000000000004 8 78400.000000000015 78400.000000000015 10752.000000000002 9
decision_type=9 2 2 2 9 2 9 2 2 2 2 2 2 9 2 2 9 9 2 2 2 9 2 9 2 9 2 2 2 9
left_child=1 7 3 13 10 11 -7 8 -1 -4 12 -6 -2 -3 15 16 -14 22 -12 -20 25 -22 23 -13 -25 -19 -27 -18 29 -11
right_child=4 2 9 -5 5 6 -8 -9 -10 28 18 17 14 -15 -16 -17 27 20 19 -21 21 -23 -24 24 -26 26 -28 -29 -30 -31
leaf_value=-4.1330575194884664 -0.22099111530671964 1.5922829775881837 62.324667849633265 0.29430967892913035 -7.6477344284727735 6.8259874338524629 0.27734928225800104 1.1147143084019036 -0.0069596048226230785 -3.882169789611726 -3.791164557087177 -1.888868886655837 27.282479974545904 1.5946534124552274 -5.8572643241468114 -23.17889495164766 -22.648977220222893 -0.070802192531118635 -1.2987427331041173 -3.0684842146923987 374.64976336925469 -16.955744360136396 0.63780614810239067 -16.218815780672411 -53.33779668516604 7.5960621938312904 0.18187114210216426 -9.8209565192065611 -369.39168531800556 2.8501442961565773
leaf_weight=791 203 290 286 334 281 223 432 226 1031 543 466 300 254 2775 226 3821 749 7411 425 1500 214 409 368 4156 436 255 765 6238 247 1251
leaf_count=791 203 290 286 334 281 223 432 226 1031 543 466 300 254 2775 226 3821 749 7411 425 1500 214 409 368 4156 436 255 765 6238 247 1251
internal_value=0.000381217 0.00821731 0.0116219 0.0196722 -0.00171253 -0.000163807 0.00498478 -0.00126342 -0.00200658 -0.00014384 -0.00341227 -0.00039563 -0.00364613 0.0214786 -0.00371479 -0.00378796 -0.00342469 -0.000329702 -0.00230046 -0.00185522 -2.42677e-05 -0.001544 -0.000853567 -0.00100327 -0.00081846 8.83422e-05 0.00116279 -0.00360552 -0.000614294 -0.000345213
internal_weight=36906 7774 5726 3399 29132 15250 655 2048 1822 2327 13882 14595 11491 3065 11288 11062 7241 14314 2391 1925 9054 623 5260 4892 4592 8431 1020 6987 2041 1794
internal_count=36906 7774 5726 3399 29132 15250 655 2048 1822 2327 13882 14595 11491 3065 11288 11062 7241 14314 2391 1925 9054 623 5260 4892 4592 8431 1020 6987 2041 1794
cat_boundaries=0 3 6 7 8 11 14 15 16 19 20
cat_threshold=2148007938 65 262144 889323524 536887328 35688448 8 4 0 0 33554432 2117632 70287360 21038114 48 8 34603456 2172781592 75505664 4
is_linear=0
shrinkage=0.05


Tree=132
num_leaves=31
num_cat=9
split_feature=25 18 20 3 25 10 23 18 10 10 11 20 23 25 20 20 25 11 25 20 25 20 2 3 25 10 10 27 20 3
split_gain=240.68 112.184 203.938 40.5425 30.9746 7.04729 10.9604 2.65459 2.09569 1.56583 1.48254 1.2873 1.15708 1.1513 2.17195 0.855562 0.655909 1.19968 0.624266 0.573679 0.469556 0.867235 0.795813 0.469048 1.7321 0.444692 0.47464 0.424338 0.416391 0.340837
threshold=0 84600.000000000015 93600.000000000015 19968.000000000004 1 35.500000000000007 2 31200.000000000004 1.0714285714285716 0.75000000000000011 91080.000000000015 33000.000000000007 3 4 54000.000000000007 1500.0000000000002 5 253592.00000000003 6 14280.000000000002 7 45000.000000000007 62.000000000000007 359200.00000000006 8 25.500000000000004 1.0714285714285716 3.4811217321331038 16200.000000000002 78400.000000000015
decision_type=9 2 2 2 9 2 9 2 2 2 2 2 9 9 2 2 9 2 9 2 9 2 2 2 9 2 2 10 2 2
left_child=1 7 3 12 9 13 -7 28 -4 -2 11 23 -3 14 -6 -15 25 27 19 -12 21 -13 -23 24 29 26 -17 -18 -1 -11
right_child=4 2 8 -5 5 6 -8 -9 -10 10 18 20 -14 15 -16 16 17 -19 -20 -21 -22 22 -24 -25 -26 -27 -28 -29 -30 -31
leaf_value=-273.32095494954194 -1.6441662229455689 1.5126688287084109 59.433435476390883 0.27959419498292848 1.0589785929818163 6.4846880621604601 0.26348181814501004 -0.006611624581637443 -2.6497851728141097 -25.041784963924968 -14.883837523414398 -11.96031539062351 1.5149207418326114 -7.1653473732631241 -5.9734752139454494 -12.40100008696891 0.24795916891084288 -15.727955799832944 -27.496451461791459 33.599377830676985 -40.59690213356177 22.173164114890941 -2.7650600039577742 -22.018229592547332 10.582469185855995 0.78591761214775036 -50.840907904717874 -0.25436409574086838 -3.6464054350637527 -8.3749109927934295
leaf_weight=257 617 290 231 334 216 223 432 1070 1937 601 203 4244 2775 211 330 5337 6728 254 251 300 388 274 1496 3780 214 350 488 480 665 1930
leaf_count=257 617 290 231 334 216 223 432 1070 1937 601 203 4244 2775 211 330 5337 6728 254 251 300 388 274 1496 3780 214 350 488 480 665 1930
internal_value=0.000386636 0.00833509 0.0119887 0.019628 -0.00166338 -7.93452e-05 0.00498478 -0.00183551 4.6071e-06 -0.00332914 -0.00344259 -0.00356834 0.0214297 -0.000310504 0.00191756 -0.000399713 -0.000350833 -3.47885e-05 -0.00128307 -0.000223302 -0.00306215 -0.00293229 -0.00200339 -0.00406389 -0.00355843 -0.000731373 -0.000836624 8.46035e-05 -0.0037987 -0.00391467
internal_weight=36906 7559 5567 3399 29347 15049 655 1992 2168 14298 13681 12927 3065 14394 546 13848 13637 7462 754 503 6402 6014 1770 6525 2745 6175 5825 7208 922 2531
internal_count=36906 7559 5567 3399 29347 15049 655 1992 2168 14298 13681 12927 3065 14394 546 13848 13637 7462 754 503 6402 6014 1770 6525 2745 6175 5825 7208 922 2531
cat_boundaries=0 2 5 6 7 10 13 16 19 22
cat_threshold=2148007938 1 889327620 536887332 52465664 8 4 2048 262464 262657 35667968 70942720 4269090 0 0 33554432 536870912 536870912 35688448 268435456 536870912 4096
is_linear=0
shrinkage=0.05


Tree=133
num_leaves=31
num_cat=9
split_feature=25 18 20 3 25 10 23 18 10 24 20 25 20 11 23 11 11 10 20 3 25 25 11 27 20 10 10 20 27 23
split_gain=237.981 112.184 203.154 40.4705 30.1485 7.0704 10.9604 2.65459 2.07421 1.74141 1.58548 1.26772 2.36306 1.20567 1.14322 1.14258 0.862248 0.890805 0.856601 0.787273 1.1164 0.781365 0.568628 0.781538 0.416391 0.384661 1.2982 0.30993 0.257817 0.193082
threshold=0 84600.000000000015 93600.000000000015 19968.000000000004 1 35.500000000000007 2 31200.000000000004 1.0714285714285716 3 45000.000000000007 4 38100.000000000007 320.66666666666669 5 177040.00000000003 50600.000000000007 15.500000000000002 1500.0000000000002 269312.00000000006 6 7 182160.00000000003 2.6735537653587347 16200.000000000002 25.500000000000004 3.5000000000000004 33000.000000000007 4.2835627800822236 8
decision_type=9 2 2 2 9 2 9 2 2 9 2 9 2 2 9 2 2 2 2 2 9 9 2 8 2 2 2 2 10 9
left_child=1 7 3 14 9 11 -7 24 -4 -2 13 12 -6 -11 -3 19 -12 -18 -13 20 -15 25 28 -24 -1 26 -20 -9 -23 -10
right_child=4 2 8 -5 5 6 -8 27 29 10 16 18 -14 15 -16 -17 17 -19 21 -21 -22 22 23 -25 -26 -27 -28 -29 -30 -31
leaf_value=-259.65490720206481 8.3679464372965864 1.4370353872727719 56.461763702571631 0.26561448523352738 1.0060296633327199 6.1604536590523296 0.25030772723766859 0.10632245136184792 -3.0605766560820484 0.1122668088263481 -38.567057026883674 -6.8070800045999675 -10.944811327673078 -1.9711764933862934 1.4391747047411627 -5.031629093741862 28.155730026869424 -2.8268070037598818 -3.2230571656441458 -20.919038724437911 -9.4111631436065615 0.070339958649128675 -25.11312242337964 0.13322934196239658 -3.4640851633104832 0.1201739462587284 -33.753903995506839 -0.0062810433526465205 0.27335332584113986 -1.8198805646126859
leaf_weight=257 244 290 231 334 234 223 432 213 554 201 297 212 371 241 2775 212 377 1492 5777 3842 6949 6412 251 252 665 389 719 857 220 1383
leaf_count=257 244 290 231 334 234 223 432 213 554 201 297 212 371 241 2775 212 377 1492 5777 3842 6949 6412 251 252 665 389 719 857 220 1383
internal_value=0.000431342 0.00833509 0.0119887 0.0196133 -0.00160717 -9.09455e-05 0.00498478 -0.00183551 2.76486e-05 -0.003301 -0.00337701 -0.000315723 0.00190437 -0.00361449 0.0214134 -0.00368309 -0.00213561 -0.00173437 -0.000411402 -0.00375295 -0.00344132 -0.000363715 3.49678e-06 -0.00161386 -0.0037987 -0.000743078 -0.000835643 -0.000139927 0.000126619 -0.000507995
internal_weight=36906 7559 5567 3399 29347 15492 655 1992 2168 13855 13611 14837 605 11445 3065 11244 2166 1869 14232 11032 7190 14020 7135 503 922 6885 6496 1070 6632 1937
internal_count=36906 7559 5567 3399 29347 15492 655 1992 2168 13855 13611 14837 605 11445 3065 11244 2166 1869 14232 11032 7190 14020 7135 503 922 6885 6496 1070 6632 1937
cat_boundaries=0 2 5 6 7 10 11 14 17 18
cat_threshold=2148007938 1 889323524 536887332 35656704 8 50 6144 786752 262657 4 0 4 33554432 35930112 70418432 21078050 4
is_linear=0
shrinkage=0.05


Tree=134
num_leaves=31
num_cat=7
split_feature=25 18 20 3 25 10 23 18 10 20 25 20 11 11 3 25 11 23 25 11 10 3 20 11 27 20 10 10 10 20
split_gain=230.415 108.744 194.493 38.7609 30.1453 7.07334 10.8898 2.57664 2.01042 1.44694 1.15213 2.20918 1.12245 1.07778 1.09047 2.54725 1.01952 0.831002 0.780537 1.04587 0.757238 0.624041 0.611456 0.71063 0.505151 0.488492 0.467218 0.843494 0.778541 0.448948
threshold=0 84600.000000000015 93600.000000000015 19968.000000000004 1 35.500000000000007 2 31200.000000000004 1.0714285714285716 45000.000000000007 3 38100.000000000007 320.66666666666669 177040.00000000003 269312.00000000006 4 50600.000000000007 5 6 253592.00000000003 15.500000000000002 78400.000000000015 2550.0000000000005 93184.000000000015 3.4811217321331038 16200.000000000002 29.500000000000004 1.0714285714285716 7.5000000000000009 176400.00000000003
decision_type=9 2 2 2 9 2 9 2 2 2 9 2 2 2 2 9 2 9 9 2 2 2 2 2 8 2 2 2 2 2
left_child=1 7 3 17 9 10 -7 25 -4 12 11 -6 -2 14 15 -14 -11 -3 26 22 -18 -17 24 -24 -20 -1 27 29 -29 -12
right_child=4 2 8 -5 5 6 -8 -9 -10 16 18 -13 13 -15 -16 21 20 -19 19 -21 -22 -23 23 -25 -26 -27 -28 28 -30 -31
leaf_value=-246.67216184196161 -0.13334658883543399 1.3651836179094972 53.638675517443339 0.2523337609716691 0.9557281801660793 5.8524309761000426 0.76467915296375399 -0.0059669911850505743 -2.389078139806371 -36.638704175539488 -13.78431451902556 -10.39757076128938 25.125925156895558 -4.7800476390547662 -19.873086788216014 -20.162133832197291 0.33992675122281074 1.3672159695037409 0.91906340153814203 -13.263862907817566 -2.5854666535718938 -8.4406049864262318 0.16224882285383435 0.56159636127765356 -0.35531355724588143 -3.2908809051448773 0.11416524894593749 -69.006161145394259 -6.3620888768723605 96.369761548668976
leaf_weight=257 203 290 231 334 234 223 410 1070 1937 303 5096 371 254 212 3829 735 425 2775 288 295 1492 6303 5446 1013 585 665 243 260 627 500
leaf_count=257 203 290 231 334 234 223 410 1070 1937 303 5096 371 254 212 3829 735 425 2775 288 295 1492 6303 5446 1013 585 665 243 260 627 500
internal_value=0.000425923 0.00820301 0.0118001 0.0192605 -0.00157993 -7.40254e-05 0.00509449 -0.00181043 9.6773e-05 -0.00328516 -0.00029345 0.00182334 -0.00351274 -0.00357874 -0.00364605 -0.00328489 -0.00211521 0.0210222 -0.00038392 -3.73097e-05 -0.00168578 -0.00345958 8.0446e-05 0.000248412 -0.00116 -0.00374459 -0.000776196 -0.000858135 -0.00228909 -0.000630584
internal_weight=36906 7559 5567 3399 29347 15591 633 1992 2168 13756 14958 605 11536 11333 11121 7292 2220 3065 14353 7627 1917 7038 7332 6459 873 922 6726 6483 887 5596
internal_count=36906 7559 5567 3399 29347 15591 633 1992 2168 13756 14958 605 11536 11333 11121 7292 2220 3065 14353 7627 1917 7038 7332 6459 873 922 6726 6483 887 5596
cat_boundaries=0 2 5 6 9 12 13 16
cat_threshold=2148007938 1 889323524 536887332 33624320 8 6144 786752 262657 0 0 33554432 4 2113536 70418432 21013538
is_linear=0
shrinkage=0.05


Tree=135
num_leaves=31
num_cat=7
split_feature=25 18 20 3 25 10 23 18 10 20 25 20 11 11 3 25 11 25 10 25 11 20 10 10 11 27 18 11 20 0
split_gain=214.041 102.274 180.394 35.6547 29.6752 7.0791 10.7747 2.49986 1.96845 1.53679 1.09262 2.19714 1.07707 1.03157 1.17464 2.07172 0.827601 0.757093 0.707795 0.68674 0.876324 0.566151 0.558675 1.1601 0.53113 1.21832 0.530515 0.49249 0.473615 0.557448
threshold=0 84600.000000000015 93600.000000000015 19968.000000000004 1 35.500000000000007 2 31200.000000000004 1.0714285714285716 45000.000000000007 3 54000.000000000007 320.66666666666669 177040.00000000003 269312.00000000006 4 50600.000000000007 5 15.500000000000002 6 253592.00000000003 16200.000000000002 3.5000000000000004 7.5000000000000009 93184.000000000015 4.2835627800822236 68400.000000000015 84480.000000000015 176400.00000000003 3.5000000000000004
decision_type=9 2 2 2 9 2 9 2 2 2 9 2 2 2 2 9 2 9 2 9 2 2 2 2 2 8 2 2 2 2
left_child=1 7 3 -3 9 10 -7 21 -4 12 11 -6 -2 14 15 -14 -11 -17 -18 22 24 -1 28 -24 26 -26 -21 -25 -12 -30
right_child=4 2 8 -5 5 6 -8 -9 -10 16 19 -13 13 -15 -16 17 18 -19 -20 20 -22 -23 23 27 25 -27 -28 -29 29 -31
leaf_value=-234.33855374986354 -0.12667925939365432 1.298855171028845 50.956741741570298 0.23971707292294014 0.9079417711577662 5.5598094272944243 0.36706567355431619 -0.0056686416257434764 -2.2696242328159868 -34.806768966762512 -14.217451784888983 -0.13322278131963686 23.869628899050777 -4.5410452571020299 -18.879432448805211 -7.9547061565405448 0.32293041366137915 -20.092777450712667 -2.5561933208932945 1.1631031567778922 -12.46067094498285 -3.1263368598876697 -65.690853871329566 0.10845698649936822 -1.527995554864636 0.44745121104953117 -13.971751283658225 -5.6803759790167803 333.74080568494526 -23.820926929792407
leaf_weight=257 203 3065 231 334 202 223 432 1070 1937 237 4437 360 254 212 3828 6221 425 806 1470 3574 317 665 252 219 1005 764 3049 378 217 262
leaf_count=257 203 3065 231 334 202 223 432 1070 1937 237 4437 360 254 212 3828 6221 425 806 1470 3574 317 665 252 219 1005 764 3049 378 217 262
internal_value=0.000429987 0.00792564 0.0114141 0.0185989 -0.00150329 -1.94242e-05 0.00506088 -0.00178536 0.000142856 -0.00320676 -0.00024139 0.00189895 -0.00343745 -0.00350216 -0.00356809 -0.00319305 -0.00197282 -0.00335062 -0.00162098 -0.000325833 -4.52942e-05 -0.00369048 -0.00074866 -0.00193302 5.24172e-05 0.000821569 -0.000153209 -0.000726212 -0.000544938 0.000945945
internal_weight=36906 7559 5567 3399 29347 15691 655 1992 2168 13656 15036 562 11524 11321 11109 7281 2132 7027 1895 14474 8709 922 5765 849 8392 1769 6623 597 4916 479
internal_count=36906 7559 5567 3399 29347 15691 655 1992 2168 13656 15036 562 11524 11321 11109 7281 2132 7027 1895 14474 8709 922 5765 849 8392 1769 6623 597 4916 479
cat_boundaries=0 2 5 6 9 12 14 17
cat_threshold=2148007938 1 872546308 536887332 33558784 8 16783360 786496 262657 0 0 33554432 537001984 536870948 16384 3178496 21079074
is_linear=0
shrinkage=0.05


Tree=136
num_leaves=31
num_cat=9
split_feature=25 18 20 3 25 11 18 2 3 20 25 11 3 25 20 25 25 3 3 0 20 20 25 25 11 23 3 3 20 10
split_gain=210.67 87.0893 192.233 34.5816 24.7965 16.6255 2.26667 2.08719 1.60234 1.5415 1.31247 1.1843 1.47753 2.25737 0.984271 0.986965 0.938701 1.03366 0.915493 0.698371 0.77993 0.923371 0.743525 0.664925 0.561491 0.520231 0.492613 0.77693 0.49188 0.713998
threshold=0 84600.000000000015 93600.000000000015 19968.000000000004 1 102628.57142857143 31200.000000000004 1.5000000000000002 32384.000000000004 45000.000000000007 2 117344.00000000001 269312.00000000006 3 6300.0000000000009 4 5 122880.00000000001 10752.000000000002 30.000000000000004 820800.00000000012 176400.00000000003 6 7 102628.57142857143 8 1536.0000000000002 78400.000000000015 295200.00000000006 1.0714285714285716
decision_type=9 2 2 2 9 2 2 2 2 2 9 2 2 9 2 9 9 2 2 2 2 2 9 9 2 9 2 2 2 2
left_child=1 6 3 -3 9 7 8 -4 -1 11 19 12 13 -2 -12 -16 -17 -18 25 20 21 23 -23 -6 -25 -9 -15 -28 29 -11
right_child=4 2 5 -5 10 -7 -8 18 -10 28 14 -13 -14 26 15 16 17 -19 -20 -21 -22 22 -24 24 -26 -27 27 -29 -30 -31
leaf_value=-3.2500192253435674 23.943411625668858 1.2339124124773662 48.10890465449193 0.22773121927675677 -16.059869942958972 5.3662338318332337 -0.0053852095443289727 -3.1696080900550445 7.6648295083195315 -2.4942939593481244 0.86254468259987793 0.67586709375022513 -17.935460826364949 -1.6253413279467168 -102.7012939864187 0.016370582100353203 31.734350156347503 0.40812937966249713 -452.33119339849259 23.895919837009483 -804.71589061133477 235.22224797776317 -0.35696947725082284 -0.35992043993607015 -5.9974192774194526 3.1640554868510664 -17.189390486297196 -7.6033631157527681 -40.37844891373225 -2.6283836548486308
leaf_weight=761 281 3065 612 334 312 306 1070 543 200 538 277 233 3822 218 206 2832 301 388 429 261 351 235 380 5563 3300 1251 670 6280 240 1647
leaf_count=761 281 3065 612 334 312 306 1070 543 200 538 277 233 3822 218 206 2832 301 388 429 261 351 235 380 5563 3300 1251 670 6280 240 1647
internal_value=0.000447598 0.00731038 0.0101269 0.0183637 -0.00163069 0.00120744 -0.00172405 8.81093e-06 -0.00348391 -0.00313428 -0.000175476 -0.00337824 -0.00345117 -0.00303919 0.000592628 0.000379457 0.000578827 0.00221826 -0.000703372 -0.000471482 -0.000537811 -0.000454454 0.00141815 -0.000580256 -0.000497466 -0.000206015 -0.00320891 -0.00328683 -0.00198805 -0.00174897
internal_weight=36906 8571 6540 3399 28335 3141 2031 2835 961 13929 14406 11504 11271 7449 4004 3727 3521 689 2223 10402 10141 9790 615 9175 8863 1794 7168 6950 2425 2185
internal_count=36906 8571 6540 3399 28335 3141 2031 2835 961 13929 14406 11504 11271 7449 4004 3727 3521 689 2223 10402 10141 9790 615 9175 8863 1794 7168 6950 2425 2185
cat_boundaries=0 3 6 9 12 14 17 20 23 24
cat_threshold=2148007938 67108865 262144 872546308 536887332 50335744 168837376 2167571480 4253090 0 0 33554432 0 787008 262336 8388608 76546056 1048576 0 8192 134217728 0 34080 4
is_linear=0
shrinkage=0.05


Tree=137
num_leaves=31
num_cat=10
split_feature=25 18 20 3 25 10 23 11 18 24 18 25 2 11 25 11 20 24 20 25 27 27 18 3 23 25 2 10 20 27
split_gain=203.194 86.0075 179.308 33.1327 26.3263 7.2051 10.7747 4.12944 3.61891 1.82787 1.94077 2.30766 1.46644 1.42506 0.769267 0.922123 0.751069 0.578498 0.571478 0.952974 0.951812 1.27499 0.711755 0.412208 0.469933 0.40175 0.501513 0.346958 1.42065 0.303408
threshold=0 84600.000000000015 93600.000000000015 19968.000000000004 1 35.500000000000007 2 80960.000000000015 31200.000000000004 3 7800.0000000000009 4 1.5000000000000002 320.66666666666669 5 253592.00000000003 62400.000000000007 6 2550.0000000000005 7 4.2835627800822236 3.4811217321331038 9900.0000000000018 10752.000000000002 8 9 15.500000000000002 1.0714285714285716 7800.0000000000009 2.9700856263602158
decision_type=9 2 2 2 9 2 9 2 2 9 2 9 2 2 9 2 2 9 2 9 10 8 2 2 9 9 2 2 2 8
left_child=1 7 3 -3 9 14 -7 8 -1 -2 13 -12 -4 -11 17 18 -13 -6 20 29 21 -16 -21 24 -14 -18 -27 -15 -29 -20
right_child=4 2 12 -5 5 6 -8 -9 -10 10 11 16 23 27 15 -17 25 -19 19 22 -22 -23 -24 -25 -26 26 -28 28 -30 -31
leaf_value=-3.0875182640764254 12.127986657184655 1.1722167918531341 45.778458402527036 0.21634465831302807 109.75134109981406 5.013507264338152 0.32830592089339916 4.8065658420943009 -0.0051159490671125246 0.200921827193838 33.188235086441182 -7.3406712734902531 -3.0111276855521285 -16.410320088022097 0.9675060312012761 -11.788455676499144 -32.935011335681956 -5.6147317977045397 -1.8548208903280903 0.10761841464784638 0.27307479885570274 -23.157786457303498 2.6227904240990285 -327.84912297667825 3.0058527125085677 16.339526517887204 -2.246964472106197 -17.488687785046704 -5.0845012819199473 0.015552052995190024
leaf_weight=791 212 3065 286 334 246 223 432 226 1031 201 419 6309 543 3864 288 275 349 6142 209 706 220 390 729 247 1251 227 1461 844 300 5086
leaf_count=791 212 3065 286 334 246 223 432 226 1031 201 419 6309 543 3864 288 275 349 6142 209 706 220 390 729 247 1251 227 1461 844 300 5086
internal_value=0.000393409 0.00756871 0.0107228 0.0180403 -0.00152381 -5.88326e-05 0.00506088 -0.00121464 -0.00200658 -0.00306593 -0.00313671 -0.00268336 2.79078e-05 -0.00390424 -0.000294201 3.60064e-05 -0.00286313 -0.000701564 0.000138924 0.000297087 -0.00104445 -0.00197059 0.001434 -0.000442977 -0.000178175 -0.00202796 -0.00167059 -0.00406986 -0.0032897 -1.41335e-05
internal_weight=36906 7774 5726 3399 29132 14946 655 2048 1822 14186 13974 8765 2327 5209 14291 7903 8346 6388 7628 6730 898 678 1435 2041 1794 2037 1688 5008 1144 5295
internal_count=36906 7774 5726 3399 29132 14946 655 2048 1822 14186 13974 8765 2327 5209 14291 7903 8346 6388 7628 6730 898 678 1435 2041 1794 2037 1688 5008 1144 5295
cat_boundaries=0 3 6 7 8 11 14 15 18 19 22
cat_threshold=2148007938 65 262144 872546308 536887332 52434176 8 50 0 0 33554432 35667968 70426624 4300834 34 1049024 2172649752 76546048 4 131072 16384 2101248
is_linear=0
shrinkage=0.05


Tree=138
num_leaves=31
num_cat=8
split_feature=25 18 20 3 25 10 23 11 18 20 18 11 3 25 20 25 11 20 9 20 18 25 2 18 25 3 27 25 20 20
split_gain=184.582 78.1464 161.938 28.7654 25.2252 7.29921 10.7747 4.12944 3.61891 1.66791 1.37503 1.12905 1.35341 2.18757 0.8452 0.808487 0.568861 0.54026 1.41165 0.517907 0.588343 0.514687 0.668555 0.665183 0.474054 0.858867 0.38758 0.351192 0.281814 0.243008
threshold=0 84600.000000000015 124800.00000000001 19968.000000000004 1 35.500000000000007 2 80960.000000000015 31200.000000000004 45000.000000000007 166500.00000000003 117344.00000000001 269312.00000000006 3 1500.0000000000002 4 253592.00000000003 176400.00000000003 98.000000000000014 11700.000000000002 7800.0000000000009 5 5.5000000000000009 27000.000000000004 6 78400.000000000015 3.4811217321331038 7 42000.000000000007 7800.0000000000009
decision_type=9 2 2 2 9 2 9 2 2 2 2 2 2 9 2 9 2 2 2 2 2 9 2 2 9 2 10 9 2 2
left_child=1 7 3 -3 9 14 -7 8 -1 11 -4 12 13 -2 -6 17 24 27 -19 -15 -21 -11 -23 -24 26 -26 -17 -16 -10 -14
right_child=4 2 10 -5 5 6 -8 -9 28 21 -12 -13 29 19 15 16 -18 18 -20 20 -22 22 23 -25 25 -27 -28 -29 -30 -31
leaf_value=-2.9331423508725494 22.139851597157794 1.1136059522606956 -2.9055736365844496 0.2055274253973039 -5.3339952078193127 4.7628319011208466 0.31189062484882019 4.5662375499895917 0.10211316836484913 -31.288260768897857 43.414536501638942 0.42362408972136284 -16.764253395794366 -16.809398591805174 -14.410609907956653 0.18393898208778095 -20.785261047464374 85.186250462048335 -0.94838079907640349 -1.0991190284938512 -6.9597691292513675 25.18010361092729 -2.0346162485008903 -485.06578741968946 1.5398274268494689 0.35351267044725038 -0.2555781578820529 -6.2010961612327931 -0.0048601516136841383 -13.150956681723963
leaf_weight=791 281 3101 1960 334 267 223 432 226 213 337 331 233 1111 674 232 6128 255 415 256 205 6254 433 1443 276 230 552 480 5674 818 2741
leaf_count=791 281 3101 1960 334 267 223 432 226 213 337 331 233 1111 674 232 6128 255 415 256 205 6254 433 1443 276 230 552 480 5674 818 2741
internal_value=0.0003189 0.00715772 0.0101641 0.0170279 -0.00150837 -9.36935e-05 0.00506088 -0.00121464 -0.00200658 -0.00303857 -0.000133015 -0.00329493 -0.00336617 -0.00296926 -0.000327446 -0.000274889 7.50935e-05 -0.000680681 0.000661217 -0.00313716 -0.00300186 -0.00186471 -0.00155268 -0.00200174 0.000155572 0.00130982 1.66151e-05 -0.000834463 -5.32442e-05 -0.00412818
internal_weight=36906 7774 5726 3435 29132 15144 655 2048 1822 13988 2291 11499 11266 7414 14489 14222 7645 6577 671 7133 6459 2489 2152 1719 7390 782 6608 5906 1031 3852
internal_count=36906 7774 5726 3435 29132 15144 655 2048 1822 13988 2291 11499 11266 7414 14489 14222 7645 6577 671 7133 6459 2489 2152 1719 7390 782 6608 5906 1031 3852
cat_boundaries=0 3 6 7 10 13 16 19 22
cat_threshold=2148007938 65 262144 872546308 536887328 50337024 8 0 0 33554432 35930112 70426624 4300834 131072 16384 4096 1049024 2172650776 75497472 0 0 98336
is_linear=0
shrinkage=0.05


Tree=139
num_leaves=31
num_cat=8
split_feature=25 18 20 3 25 10 23 11 18 20 18 20 25 11 3 25 11 25 3 25 20 18 24 10 20 20 20 27 9 8
split_gain=163.531 69.8662 143.678 24.7163 23.8255 7.24717 10.7747 4.12944 3.61891 1.95941 1.12928 0.971519 1.05957 0.967939 1.45845 2.09615 0.881188 0.698357 0.735209 0.635692 0.547602 0.551166 0.432382 0.432287 0.534512 0.281814 0.280831 0.280051 0.272751 0.245153
threshold=0 84600.000000000015 124800.00000000001 19968.000000000004 1 35.500000000000007 2 80960.000000000015 31200.000000000004 45000.000000000007 166500.00000000003 1500.0000000000002 3 117344.00000000001 269312.00000000006 4 253592.00000000003 5 99152.000000000015 6 11700.000000000002 7800.0000000000009 7 3.5000000000000004 111600.00000000001 42000.000000000007 7800.0000000000009 4.2835627800822236 93.000000000000014 2.5000000000000004
decision_type=9 2 2 2 9 2 9 2 2 2 2 2 9 2 2 9 2 9 2 9 2 2 9 2 2 2 2 10 2 2
left_child=1 7 3 -3 9 11 -7 8 -1 13 -4 -6 22 14 15 -2 17 27 -19 -11 -17 -22 -13 -21 -25 -10 -16 -14 29 -24
right_child=4 2 10 -5 5 6 -8 -9 25 19 -12 12 16 -15 26 20 -18 18 -20 23 21 -23 28 24 -26 -27 -28 -29 -30 -31
leaf_value=-2.7864852333288583 21.032859017299906 1.0579256546479883 -2.7602949547552273 0.19525105412758423 -5.1222957824064501 4.5246903060652057 0.29629609360636094 4.3379256724901101 0.097007509946524809 -29.723847730452963 41.243809676557433 220.49453879126997 -0.096212552158939937 -3.5884517016072923 -15.926040726004651 -14.023928687248864 -10.913978328991654 0.83842297279970812 -0.26470771132828153 -1.4473324445545643 -1.0341630746849659 -6.6117806727888029 -12.035911545702607 -1.8378870465933461 -38.003570686892026 -0.0046171440328180323 -12.388412017412774 0.27219996680702252 -3.6893573578825456 2.1824220647065293
leaf_weight=791 281 3101 1960 334 282 223 432 226 213 337 331 216 6575 276 1108 681 316 505 430 519 204 6254 4735 1352 320 818 2714 220 397 755
leaf_count=791 281 3101 1960 334 282 223 432 226 213 337 331 216 6575 276 1108 681 316 505 430 519 204 6254 4735 1352 320 818 2714 220 397 755
internal_value=0.000264711 0.00670177 0.00954434 0.0160096 -0.00145519 -7.48455e-05 0.00506088 -0.00121464 -0.00200658 -0.00293641 -0.00015482 -0.000308669 -0.000250514 -0.00321528 -0.00328709 -0.00287658 0.000126581 0.000232798 0.00150475 -0.00167589 -0.00304083 -0.00290093 -0.000746526 -0.00134135 -0.00173835 -5.32442e-05 -0.00408211 5.50892e-05 -0.000828108 -0.000737437
internal_weight=36906 7774 5726 3435 29132 15086 655 2048 1822 14046 2291 14431 14149 11518 11242 7420 8046 7730 935 2528 7139 6458 6103 2191 1672 1031 3822 6795 5887 5490
internal_count=36906 7774 5726 3435 29132 15086 655 2048 1822 14046 2291 14431 14149 11518 11242 7420 8046 7730 935 2528 7139 6458 6103 2191 1672 1031 3822 6795 5887 5490
cat_boundaries=0 3 6 7 10 13 16 19 20
cat_threshold=2148007938 65 262144 872546308 536887328 50335776 8 35667968 70418432 4301826 0 0 33554432 1049024 2172650776 76546056 131072 16384 4096 34
is_linear=0
shrinkage=0.05


Tree=140
num_leaves=31
num_cat=8
split_feature=25 18 20 25 3 10 23 11 18 20 18 3 25 11 25 20 11 25 18 25 27 27 20 18 24 10 20 10 10 11
split_gain=152.992 65.8449 133.894 23.4985 22.7001 6.96047 10.9604 4.12944 3.61891 1.93869 1.11108 1.07711 2.02914 1.47222 0.91962 0.919061 0.775481 1.04018 1.14013 0.66269 0.613724 1.08868 0.564054 0.519276 0.434234 0.401582 0.570157 0.302991 0.47868 0.301643
threshold=0 84600.000000000015 124800.00000000001 1 19968.000000000004 35.500000000000007 2 80960.000000000015 31200.000000000004 45000.000000000007 166500.00000000003 269312.00000000006 3 117344.00000000001 4 2550.0000000000005 245912.00000000003 5 9900.0000000000018 6 4.2835627800822236 3.4811217321331038 11700.000000000002 7800.0000000000009 7 3.5000000000000004 111600.00000000001 1.0714285714285716 25.500000000000004 110592.00000000001
decision_type=9 2 2 9 2 2 9 2 2 2 2 2 9 2 9 2 2 9 2 9 10 8 2 2 9 2 2 2 2 2
left_child=1 7 4 9 -3 14 -7 8 -1 11 -4 12 -2 -13 24 20 17 -17 -19 -11 21 -16 -14 -24 -5 -21 -27 -26 29 -29
right_child=3 2 10 5 -6 6 -8 -9 -10 19 -12 13 22 -15 15 16 -18 18 -20 25 -22 -23 23 -25 27 26 -28 28 -30 -31
leaf_value=-2.647160971662379 19.981216066434911 1.0050293719155889 -2.6222802070173206 209.46981185170637 0.18548850142105949 4.2984557907614018 0.28148128892607932 4.1210293888656002 -0.0043862868311407514 -28.237655343930317 39.181619192729706 -14.829738689704417 -13.322732288649206 -3.1554636413390798 -1.2498087625478342 -0.059960444856815467 -10.243277534995741 -0.11092571979888817 0.8709681186536623 -1.3749658223268342 0.25858996846667426 -22.78544395962756 -0.98245492095072684 -6.2811937090354313 -11.784115968417479 -1.7459926942636799 -36.103392152547421 -56.47073948753539 -3.0096316144204565 -3.6037120661727671
leaf_weight=791 281 3101 1960 216 334 223 432 226 1031 337 331 3822 691 259 312 5418 294 736 1045 519 220 415 204 6261 4924 1352 320 266 350 235
leaf_count=791 281 3101 1960 216 334 223 432 226 1031 337 331 3822 691 259 312 5418 294 736 1045 519 220 415 204 6261 4924 1352 320 266 350 235
internal_value=0.00024439 0.00647059 0.0092301 -0.00141916 0.0154713 -4.8352e-05 0.00498478 -0.00121464 -0.00200658 -0.00289017 -0.000133015 -0.00316754 -0.0028075 -0.00382195 -0.00027749 5.91564e-05 0.000244829 0.000347867 0.00139152 -0.00163636 -0.00140675 -0.00210563 -0.00296875 -0.00282589 -0.000750459 -0.00129596 -0.00167862 -0.000833767 -0.00170575 -0.00269384
internal_weight=36906 7774 5726 29132 3435 15086 655 2048 1822 14046 2291 11518 7437 4081 14431 8440 7493 7199 1781 2528 947 727 7156 6465 5991 2191 1672 5775 851 501
internal_count=36906 7774 5726 29132 3435 15086 655 2048 1822 14046 2291 11518 7437 4081 14431 8440 7493 7199 1781 2528 947 727 7156 6465 5991 2191 1672 5775 851 501
cat_boundaries=0 3 6 7 10 13 16 19 20
cat_threshold=2148007938 65 262144 872546308 536887328 50335776 8 0 0 33554432 16384 70418436 4269058 168821184 2172649752 76546056 131072 16384 4096 34
is_linear=0
shrinkage=0.05


Tree=141
num_leaves=31
num_cat=8
split_feature=25 18 20 25 3 10 18 18 3 3 11 9 20 25 11 11 11 25 18 20 10 18 25 27 27 18 23 18 24 25
split_gain=137.614 58.6634 120.538 19.9911 19.1201 14.1405 2.26667 2.06819 2.8758 1.60234 1.22991 0.889297 0.822409 1.03692 0.886077 0.988093 1.51812 0.740128 0.708269 0.687637 0.669422 4.33539 0.656859 0.614474 0.900332 0.850972 0.493131 0.417724 0.400807 0.664396
threshold=0 84600.000000000015 124800.00000000001 1 19968.000000000004 35.500000000000007 31200.000000000004 7800.0000000000009 359200.00000000006 32384.000000000004 320.66666666666669 10.500000000000002 2550.0000000000005 2 245912.00000000003 93184.000000000015 117344.00000000001 3 166500.00000000003 62400.000000000007 1.0714285714285716 3150.0000000000005 4 4.2835627800822236 3.4811217321331038 750.00000000000011 5 13500.000000000002 6 7
decision_type=9 2 2 9 2 2 2 2 2 2 2 2 2 9 2 2 2 9 2 2 2 2 9 10 10 2 9 2 9 9
left_child=1 6 4 7 26 11 9 10 19 -1 -2 18 23 28 15 17 -17 -15 -4 -9 -12 -22 -21 24 25 -5 -3 -19 -14 -30
right_child=3 2 5 12 -6 -7 -8 8 -10 -11 20 -13 13 14 -16 16 -18 27 -20 22 21 -23 -24 -25 -26 -27 -28 -29 29 -31
leaf_value=-2.514802923079333 0.10666252982016432 0.95284716930545987 -1.7429377082477331 -4.7309950549993856 0.17621407635015204 4.1429482407154863 -0.0041669724894745743 -5.9810005342619581 52.278104103339956 6.3900001102315631 -12.233402049148021 -336.27779584610693 10.947009034852909 -0.1600548141359468 -9.7311136582459774 7.0181350544459979 -0.0082010309390741273 -0.10537943380893466 37.117537504725625 -26.825772576733801 -14.238251755219196 38.48875542007513 -2.0786939226257575 0.24566047004334451 -22.643837375226838 -5.0317638269025284 0.95477790332006407 1.4447986479744948 -53.757464792139132 -7.6062142488967313
leaf_weight=761 203 290 1869 234 334 275 1070 6370 315 200 3931 349 867 3501 292 525 517 251 612 203 943 201 2076 220 204 505 2811 515 458 6004
leaf_count=761 203 290 1869 234 334 275 1070 6370 315 200 3931 349 867 3501 292 525 517 251 612 203 943 201 2076 220 204 505 2811 515 458 6004
internal_value=0.000144141 0.0056909 0.00800214 -0.00153544 0.014453 0.000860958 -0.00172405 -0.00285604 -0.0023946 -0.00348391 -0.00364394 -0.00019421 -0.000199576 -8.50615e-05 0.000426687 0.00057522 0.00195402 0.000237759 0.000138944 -0.0025656 -0.00379653 -0.00272251 -0.00181719 -0.0014721 -0.00202646 -0.00120783 0.0156768 0.00163239 -0.000476094 -0.000611679
internal_weight=36906 8571 6540 28335 3435 3105 2031 14242 8964 961 5278 2830 14093 12930 5601 5309 1042 4267 2481 8649 5075 1144 2279 1163 943 739 3101 766 7329 6462
internal_count=36906 8571 6540 28335 3435 3105 2031 14242 8964 961 5278 2830 14093 12930 5601 5309 1042 4267 2481 8649 5075 1144 2279 1163 943 739 3101 766 7329 6462
cat_boundaries=0 3 6 9 12 15 16 17 20
cat_threshold=2148007938 67108865 262144 872546308 536887392 50335776 167788800 28475416 71328898 1310912 9472 9469960 131072 16384 32 4 48 0 131072 4219904
is_linear=0
shrinkage=0.05


Tree=142
num_leaves=31
num_cat=8
split_feature=25 18 20 11 25 3 11 18 18 3 11 2 23 3 25 27 25 20 25 10 18 18 18 20 25 25 2 18 20 11
split_gain=131.25 49.0808 117.686 20.0155 19.0118 17.6798 3.74633 3.64681 2.12234 2.65721 1.21892 0.910705 0.82324 0.747358 0.723222 1.2 0.754287 0.673785 0.701257 0.648912 4.33539 0.516369 1.20383 0.502632 1.02939 0.513269 0.478235 0.462159 1.21836 3.22036
threshold=0 84600.000000000015 124800.00000000001 102628.57142857143 1 19968.000000000004 80960.000000000015 31200.000000000004 7800.0000000000009 359200.00000000006 320.66666666666669 10.500000000000002 2 84480.000000000015 3 2.524928003624769 4 62400.000000000007 5 1.0714285714285716 3150.0000000000005 39600.000000000007 55800.000000000007 252000.00000000003 6 7 5.5000000000000009 7800.0000000000009 84600.000000000015 125536.00000000001
decision_type=9 2 2 2 9 2 2 2 2 2 2 2 9 2 9 8 9 2 9 2 2 2 2 2 9 9 2 2 2 2
left_child=1 6 5 11 8 12 7 -1 10 17 -2 13 -3 26 27 -16 23 -10 -19 -12 -21 -18 -23 25 -25 -17 -4 -6 29 -29
right_child=4 2 3 -5 14 -7 -8 -9 9 -11 19 -13 -14 -15 15 16 21 18 -20 20 -22 22 -24 24 -26 -27 -28 28 -30 -31
leaf_value=-2.3890627769253117 0.10132940332914586 0.90520481084022331 -2.5320638037170284 4.1372633315858298 -3.4555661360318197 0.16740337253286272 0.73629713194975732 -0.0039586238650372255 -5.6819505075488594 50.582060887804488 -12.370824677155438 -413.38441844139311 0.90703900815424277 35.166661357859269 -131.64689466645436 -3.6632591633285205 0.89668584440660204 -25.484483947897111 -1.8997567529017148 -13.526339167458236 36.564317649071363 4.5867710744849317 0.55166378127178184 -8.3930925984900266 22.825072364138034 -0.1107938713158536 -0.12401907760395262 65.144469254129135 -18.54407506930178 -8.6295585320410293
leaf_weight=799 203 290 627 306 3310 334 238 1031 6373 314 3900 326 2811 241 209 213 558 203 1919 943 201 220 366 536 238 3872 1764 370 3723 468
leaf_count=799 203 290 627 306 3310 334 238 1031 6373 314 3900 326 2811 241 209 213 558 203 1919 943 201 220 366 536 238 3872 1764 370 3723 468
internal_value=0.000137367 0.005475 0.00755932 0.000759337 -0.0015273 0.0140166 -0.00125121 -0.00201965 -0.0028277 -0.00235444 -0.00362641 -0.00050338 0.0151934 -0.000193623 -0.000228096 0.000175127 0.000305577 -0.00252148 -0.00174671 -0.00377923 -0.00272251 0.00145329 0.0025 3.18198e-05 0.00119845 -0.000189627 -0.000461765 -0.000546113 -0.000220251 0.0015
internal_weight=36906 8767 6699 3264 28139 3435 2068 1830 14056 8809 5247 2958 3101 2632 14083 6212 6003 8495 2122 5044 1144 1144 586 4859 774 4085 2391 7871 4561 838
internal_count=36906 8767 6699 3264 28139 3435 2068 1830 14056 8809 5247 2958 3101 2632 14083 6212 6003 8495 2122 5044 1144 1144 586 4859 774 4085 2391 7871 4561 838
cat_boundaries=0 3 6 7 10 13 16 19 22
cat_threshold=2148007938 67108929 262144 872546308 541081632 50335776 4 33832960 3310604 4284546 137363904 16777232 75530497 131072 16384 32 1048640 16777216 8388608 134217728 0 33025
is_linear=0
shrinkage=0.05


Tree=143
num_leaves=31
num_cat=9
split_feature=25 20 20 11 25 3 3 18 18 25 11 23 10 25 10 9 25 3 27 27 24 25 10 18 25 18 20 0 20 20
split_gain=127.332 47.1288 110.237 22.0219 18.447 17.1826 4.17823 3.64531 2.08137 2.2784 1.18975 1.11682 0.901669 0.750588 0.926004 1.0411 0.673046 1.43288 0.657314 0.839788 0.553728 1.17769 0.543334 4.07389 0.437359 0.651128 0.364098 0.363126 0.660913 0.849148
threshold=0 84600.000000000015 111600.00000000001 102628.57142857143 1 19968.000000000004 84480.000000000015 31200.000000000004 7800.0000000000009 2 320.66666666666669 3 10.833333333333334 4 7.5000000000000009 116.00000000000001 5 9408.0000000000018 4.2835627800822236 3.4811217321331038 6 7 1.0714285714285716 3150.0000000000005 8 15300.000000000002 295200.00000000006 30.000000000000004 820800.00000000012 176400.00000000003
decision_type=9 2 2 2 9 2 2 2 2 9 2 9 2 9 2 2 9 2 10 10 9 9 2 2 9 2 2 2 2 2
left_child=1 6 5 12 8 11 7 -1 10 -10 -2 -3 16 18 20 -16 -4 -18 19 27 21 -15 -12 -24 -11 -26 -27 28 29 -6
right_child=4 2 3 -5 13 -7 -8 -9 9 24 22 -13 -14 14 15 -17 17 -19 -20 -21 -22 -23 23 -25 25 26 -28 -29 -30 -31
leaf_value=-2.2696096380790549 0.09626293316268858 0.85994457029810301 -2.4154606397569296 3.881862710452697 -3.6600051457859766 0.15903320390643785 3.5586630573132427 -0.0037606926718581238 25.531875220940389 -24.210259750502257 -12.262288011397642 0.86168705774616683 -392.07519736673567 -0.13714490995865405 165.79541137971137 -0.10092304963618517 -1.2599134694587326 33.858328289966451 0.4061557533427731 -21.273866957669043 -2.7235198066876256 1.4841937051351375 -12.850022209085324 34.736101766617793 -5.2978529821714178 -1.8547689152566251 -1.7132942284704769 69.084401314155528 -391.5370306104291 27.633870053842458
leaf_weight=807 203 290 649 335 8430 339 226 1023 421 291 3833 2811 325 2622 240 236 1783 213 220 264 251 378 943 201 6173 2050 222 211 382 534
leaf_count=807 203 290 649 335 8430 339 226 1023 421 291 3833 2811 325 2622 240 236 1783 213 220 264 251 378 943 201 6173 2050 222 211 382 534
internal_value=0.000122465 0.0053665 0.00739217 0.000869367 -0.00152132 0.0136549 -0.00125365 -0.00204694 -0.00277615 -0.00232394 -0.0035797 0.0148228 -0.000504712 -0.000213354 0.000391815 0.0024477 -0.000198339 0.000258963 -0.000438179 -0.000499339 9.06843e-05 0.000282203 -0.00373268 -0.00276614 -0.00249543 -0.00242107 -0.00169745 -0.000422116 -0.000468551 -0.000381442
internal_weight=36906 8801 6745 3305 28105 3440 2056 1830 14337 9157 5180 3101 2970 13768 3727 476 2645 1996 10041 9821 3251 3000 4977 1144 8736 8445 2272 9557 9346 8964
internal_count=36906 8801 6745 3305 28105 3440 2056 1830 14337 9157 5180 3101 2970 13768 3727 476 2645 1996 10041 9821 3251 3000 4977 1144 8736 8445 2272 9557 9346 8964
cat_boundaries=0 3 6 9 10 13 15 16 19 21
cat_threshold=2148007938 67108929 327680 872808452 536887328 50368512 0 0 33554432 4 168837376 20087836 73425058 0 67108928 8 2097344 2147483648 9437192 67239936 16384
is_linear=0
shrinkage=0.05


Tree=144
num_leaves=31
num_cat=9
split_feature=25 20 20 11 25 3 3 18 25 18 25 11 3 23 25 27 27 27 25 20 3 11 11 25 20 20 18 18 3 23
split_gain=116.695 42.2936 99.2944 21.1408 17.4252 15.0905 4.17823 3.64531 3.2833 2.1998 2.20822 1.17495 1.00739 0.844788 0.673716 0.795266 0.704924 0.782226 0.64895 1.21538 0.770954 0.640704 0.485759 0.469649 0.657575 0.413353 0.409198 0.938707 1.58458 0.388345
threshold=0 84600.000000000015 111600.00000000001 102628.57142857143 1 36352.000000000007 84480.000000000015 31200.000000000004 2 7800.0000000000009 3 320.66666666666669 10752.000000000002 4 5 2.524928003624769 4.2835627800822236 3.4811217321331038 6 27000.000000000004 161920.00000000003 102628.57142857143 97652.000000000015 7 62400.000000000007 295200.00000000006 3150.0000000000005 6300.0000000000009 71168.000000000015 8
decision_type=9 2 2 2 9 2 2 2 9 2 9 2 2 9 9 8 10 10 9 2 2 2 2 9 2 2 2 2 2 9
left_child=1 6 5 8 9 -3 7 -1 -4 11 -11 -2 29 -14 16 -16 17 -6 21 -20 -21 -17 26 -12 -25 -26 -13 28 -28 -10
right_child=4 2 3 -5 14 -7 -8 -9 12 10 23 22 13 -15 15 18 -18 -19 19 20 -22 -23 -24 24 25 -27 27 -29 -30 -31
leaf_value=-2.1561291561751204 0.091449786504563244 0.81860270485922237 32.080411581019874 3.6877695749295527 -3.8886667381585269 179.71296914537379 3.3807299044475716 -0.0035726580383197873 -2.2898203485910926 24.255281459893364 -22.999746762977143 -12.357521098631061 -110.16097796085697 -104.54849324532172 -125.0576926876337 -1.7373635855968133 0.38584796567563445 -20.210173609785592 -0.76615754087622467 30.118240892441829 0.95052163983191351 0.22619314170297003 -6.3381892371973905 -4.8829603330628464 -1.6620304694937886 -1.6276295170464437 -4.6632674696993979 -9.6891690427277837 2.3864876150244503 3.3863110200298254
leaf_weight=807 203 3196 248 335 7564 244 226 1023 543 421 291 1568 607 474 209 4164 220 264 296 203 420 237 224 6393 1843 222 328 2597 281 1255
leaf_count=807 203 3196 248 335 7564 244 226 1023 543 421 291 1568 607 474 209 4164 220 264 296 203 420 237 224 6393 1843 222 328 2597 281 1255
internal_value=7.23408e-05 0.00503456 0.00691483 0.000935334 -0.00151967 0.0129285 -0.00125365 -0.00204694 -0.000346757 -0.00273274 -0.00226777 -0.0035566 -0.000828434 -0.00203601 -0.000234382 0.000190398 -0.000526056 -0.000605365 0.000310033 0.00150913 0.002776 5.55166e-05 -0.003708 -0.00243637 -0.0023601 -0.00158442 -0.00381491 -0.00348504 -0.00171031 -0.000105557
internal_weight=36906 8958 6902 3462 27948 3440 2056 1830 3127 14371 9170 5201 2879 1081 13577 5529 8048 7828 5320 919 623 4401 4998 8749 8458 2065 4774 3206 609 1798
internal_count=36906 8958 6902 3462 27948 3440 2056 1830 3127 14371 9170 5201 2879 1081 13577 5529 8048 7828 5320 919 623 4401 4998 8749 8458 2065 4774 3206 609 1798
cat_boundaries=0 3 6 7 10 11 14 17 19 20
cat_threshold=2150105090 67108929 327680 872808452 541343776 50368512 2621440 0 0 33554432 4 33570816 3319068 4219042 135266752 25165824 76546056 67239936 16384 4
is_linear=0
shrinkage=0.05


Tree=145
num_leaves=31
num_cat=9
split_feature=25 20 20 11 25 3 3 18 18 25 10 25 11 18 25 25 2 18 11 23 10 18 27 20 27 25 20 2 18 23
split_gain=108.617 40.2133 77.9472 19.637 16.3048 12.8402 4.17823 3.64531 2.3025 1.97119 1.26267 1.60956 1.14195 0.856895 0.711347 0.695105 0.674756 0.659163 0.640353 0.577629 0.560691 3.05358 0.428366 1.16542 1.19372 0.612 0.384767 0.522209 0.329107 0.319756
threshold=0 84600.000000000015 111600.00000000001 102628.57142857143 1 36352.000000000007 84480.000000000015 31200.000000000004 7800.0000000000009 2 10.833333333333334 3 320.66666666666669 190800.00000000003 4 5 5.5000000000000009 15300.000000000002 253592.00000000003 6 1.0714285714285716 3150.0000000000005 4.2835627800822236 2550.0000000000005 3.4811217321331038 7 84600.000000000015 15.500000000000002 3570.0000000000005 8
decision_type=9 2 2 2 9 2 2 2 2 9 2 9 2 2 9 9 2 2 2 9 2 2 10 2 8 9 2 2 2 9
left_child=1 6 5 10 8 19 7 -1 12 -10 11 16 -2 15 -11 28 -4 -16 22 -3 -14 -22 23 24 -17 -25 -19 -28 -6 -18
right_child=4 2 3 -5 13 -7 -8 -9 9 14 -12 -13 20 -15 17 18 29 26 -20 -21 21 -23 -24 25 -26 -27 27 -29 -30 -31
leaf_value=-2.048322698366428 0.086877297179330529 0.72601720653983648 -156.99243647572459 3.5033810961831477 -3.0917997845905179 170.72732068810512 3.2116934092251999 -0.003394025136367418 23.042517386898712 -21.849759424828285 -367.24401283613298 29.911391296415243 -11.239715176572766 893.62344380632896 -4.7888123164097038 1.7790349386161097 -2.1603299713155137 -1.3789289460190959 -17.446965940133715 0.7776725696159702 -11.589645043699505 22.559603589725523 0.36655556739185613 -0.13511651538283331 -18.999664929296308 0.90299555784031327 -11.646105571785302 -106.62628782999346 -10.349394145250381 4.3469955357853909
leaf_weight=807 203 384 291 335 258 244 226 1023 421 357 325 589 3848 305 6183 288 538 1525 216 2812 943 225 220 4664 410 1648 596 267 5528 1227
leaf_count=807 203 384 291 335 258 244 226 1023 421 357 325 589 3848 305 6183 288 538 1525 216 2812 943 225 220 4664 410 1648 596 267 5528 1227
internal_value=1.81521e-05 0.00486157 0.00673262 0.00124735 -0.00149998 0.0119988 -0.00125365 -0.00204694 -0.0026605 -0.00219175 -5.04723e-05 0.000311672 -0.00350412 -0.000249835 -0.00234788 -0.000310565 -0.000352999 -0.00224921 9.3847e-06 0.0128424 -0.00365285 -0.00268376 8.98771e-05 2.13907e-05 -0.00191429 0.000235982 -0.00154393 -0.00238728 -0.000720939 1.41471e-05
internal_weight=36906 8801 6745 3305 28105 3440 2056 1830 14568 9349 2970 2645 5219 13537 8928 13232 2056 8571 7446 3196 5016 1168 7230 7010 698 6312 2388 863 5786 1765
internal_count=36906 8801 6745 3305 28105 3440 2056 1830 14568 9349 2970 2645 5219 13537 8928 13232 2056 8571 7446 3196 5016 1168 7230 7010 698 6312 2388 863 5786 1765
cat_boundaries=0 3 6 9 11 13 16 17 20 21
cat_threshold=2148007938 67108929 327680 889585668 537149472 52465664 0 0 33554432 0 65 84017152 16384 35667968 3318020 4219042 4 135266752 25165848 75497472 4
is_linear=0
shrinkage=0.05


Tree=146
num_leaves=31
num_cat=9
split_feature=25 18 20 2 25 3 25 18 24 0 18 3 25 11 3 18 25 11 25 18 20 27 27 10 20 25 20 18 23 3
split_gain=93.5695 42.3073 56.3679 16.2722 15.2271 11.0376 2.93077 2.66896 2.5515 2.52776 2.44004 2.11596 1.88734 1.17443 0.911521 0.767874 0.613535 0.623149 0.56334 0.775782 0.48783 0.930172 1.19372 0.481237 1.15587 0.392242 1.05571 0.31684 0.311105 0.280548
threshold=0 84600.000000000015 124800.00000000001 102.00000000000001 1 78400.000000000015 2 31200.000000000004 3 3.5000000000000004 7800.0000000000009 122880.00000000001 4 38432.000000000007 10752.000000000002 190800.00000000003 5 253592.00000000003 6 15300.000000000002 2550.0000000000005 4.2835627800822236 3.4811217321331038 1.0714285714285716 7800.0000000000009 7 6300.0000000000009 3570.0000000000005 8 78400.000000000015
decision_type=9 2 2 2 9 2 9 2 9 2 2 2 9 2 2 2 9 2 9 2 2 10 8 2 2 9 2 2 9 2
left_child=1 7 5 6 10 28 14 11 9 -8 13 -1 -12 -2 -4 16 27 20 -14 -20 21 22 -18 29 -25 26 -22 -6 -3 -15
right_child=4 2 3 -5 15 -7 8 -9 -10 -11 12 -13 18 23 -16 -17 17 -19 19 -21 25 -23 -24 24 -26 -27 -28 -29 -30 -31
leaf_value=-1.9459065634480794 -1.7624621438229042 0.68971634621266276 -0.57523752961816665 4.4550674041165621 -2.922209791784713 159.79095408149516 3.0482114620172069 0.032059467793055192 72.513141173794438 28.680821425226171 21.890391517553766 5.6011305898267212 -20.757271453586871 -12.778127232782976 -266.08129377951303 848.94227161601236 1.690083191685301 -16.574617643127027 -4.5493717005892194 -1.6899853907355009 1.0331444972921009 0.34822778902225765 -18.049681682831487 -11.01016279151453 -0.076424244632903371 0.021639310386672151 -0.17377126682638397 -9.539196464817346 0.73878894113513527 -8.7427248317627573
leaf_weight=848 380 384 1798 231 255 252 244 1084 448 258 421 219 291 575 241 305 288 216 6182 2427 332 220 410 853 262 5339 565 5579 2812 3187
leaf_count=848 380 384 1798 231 255 252 244 1084 448 258 421 219 291 575 241 305 288 216 6182 2427 332 220 410 853 262 5339 565 5579 2812 3187
internal_value=-7.26142e-05 0.00441683 0.0063883 0.00162942 -0.00148351 0.010829 0.00063691 -0.00167441 0.0029106 0.00533074 -0.00260384 -0.00344715 -0.00211895 -0.00346739 -0.000436374 -0.00027328 -0.000330911 -2.70941e-05 -0.00227222 -0.00219174 5.31011e-05 -0.00102174 -0.00191429 -0.00367596 -0.00275291 0.000211605 0.00117162 -0.000713309 0.0116229 -0.00394793
internal_weight=36906 8819 6668 3220 28087 3448 2989 2151 950 502 14578 1067 9321 5257 2039 13509 13204 7370 8900 8609 7154 918 698 4877 1115 6236 897 5834 3196 3762
internal_count=36906 8819 6668 3220 28087 3448 2989 2151 950 502 14578 1067 9321 5257 2039 13509 13204 7370 8900 8609 7154 918 698 4877 1115 6236 897 5834 3196 3762
cat_boundaries=0 3 6 8 9 12 15 17 20 21
cat_threshold=2148014082 67108865 360960 872808452 537149536 52449280 2147483648 1 48 0 0 33554432 52445184 3318020 4202658 67239936 16384 0 525824 1281 4
is_linear=0
shrinkage=0.05


Tree=147
num_leaves=31
num_cat=9
split_feature=25 18 20 11 25 3 25 11 18 18 25 11 2 18 20 25 11 25 18 11 23 3 18 18 23 25 20 27 27 10
split_gain=93.162 36.1873 60.3513 16.5105 14.641 11.0376 6.23002 4.46236 3.7738 2.37806 1.84442 1.13231 1.05807 0.765696 0.613454 0.596544 0.646056 0.586511 0.731434 0.54866 0.506608 0.403356 0.414404 0.317396 0.311105 0.285272 0.283415 0.264584 1.04796 0.206162
threshold=0 84600.000000000015 124800.00000000001 102628.57142857143 1 78400.000000000015 2 80960.000000000015 31200.000000000004 7800.0000000000009 3 38432.000000000007 10.500000000000002 190800.00000000003 1500.0000000000002 4 253592.00000000003 5 15300.000000000002 97652.000000000015 6 78400.000000000015 2400.0000000000005 1500.0000000000002 7 8 42000.000000000007 4.2835627800822236 3.4811217321331038 0.75000000000000011
decision_type=9 2 2 2 9 2 9 2 2 2 9 2 2 2 2 9 2 9 2 2 9 2 2 2 9 9 2 10 10 2
left_child=1 7 5 6 9 24 12 8 -1 11 -11 -2 20 14 -6 -16 27 -12 -19 21 -4 -13 23 -23 -3 29 -10 28 -17 -20
right_child=4 2 3 -5 13 -7 -8 -9 26 10 17 19 -14 -15 15 16 -18 18 25 -21 -22 22 -24 -25 -26 -27 -28 -29 -30 -31
leaf_value=-1.8486112352757118 -1.6743390366317499 0.65523052890202971 -2.3035550366486861 3.1758014682738578 -3.5785332526415718 151.80140637742008 27.426779741229257 0.43226669469663648 0.091716124010963546 20.795871941676101 -19.719407880907525 -12.897417670962918 -336.21774765793856 806.49515803521149 -9.0429203314222857 0.19459042278662569 -15.745886760970684 -4.321903115559758 -157.35935608085748 -4.9305505967724628 1.7596785254481437 -11.36838054837499 -6.910591845780317 -10.559654651938803 0.70184949407848762 -1.2254832291813615 -0.0048272972690028837 0.33081639957114251 -17.347197598689913 -16.189275629177157
leaf_weight=868 380 384 1142 316 278 252 258 264 213 421 291 584 326 305 5574 6614 216 6182 278 224 1403 396 2732 904 2812 1692 819 220 260 298
leaf_count=868 380 384 1142 316 278 252 258 264 213 421 291 584 326 305 5574 6614 216 6182 278 224 1403 396 2732 904 2812 1692 819 220 260 298
internal_value=-2.24895e-05 0.0043792 0.00615446 0.00147229 -0.00145526 0.010829 0.000368891 -0.00125577 -0.00210305 -0.00256426 -0.00207988 -0.00341823 -0.00031391 -0.00026968 -0.000327409 -0.000277046 2.0485e-05 -0.00223409 -0.00215079 -0.00362454 2.94452e-05 -0.00374188 -0.00355974 -0.00430108 0.0116229 -0.00138326 -5.80283e-05 0.000102874 4.79918e-05 -0.00234694
internal_weight=36906 9057 6893 3445 27849 3448 3129 2164 1900 14382 9162 5220 2871 13467 13162 12884 7310 8741 8450 4840 2545 4616 4032 1300 3196 2268 1032 7094 6874 576
internal_count=36906 9057 6893 3445 27849 3448 3129 2164 1900 14382 9162 5220 2871 13467 13162 12884 7310 8741 8450 4840 2545 4616 4032 1300 3196 2268 1032 7094 6874 576
cat_boundaries=0 3 6 8 11 14 16 17 18 21
cat_threshold=2164787202 67108929 360960 872808452 537149472 52449280 0 67108929 0 0 33554432 35667968 3318016 4202658 67239936 16384 4 4 4 0 16781312
is_linear=0
shrinkage=0.05


Tree=148
num_leaves=31
num_cat=9
split_feature=25 18 20 2 25 3 11 18 25 24 0 18 25 11 3 25 11 18 20 18 25 11 3 18 18 3 20 25 20 23
split_gain=85.6201 33.8614 53.0189 16.6331 14.5328 9.86386 4.47651 3.77066 3.18703 2.5515 2.52776 2.43973 1.79427 1.10769 0.843898 0.832368 0.754411 0.746779 0.630227 0.602332 0.503545 0.710612 0.410672 0.428748 0.317396 0.307067 0.628697 0.285272 0.285017 0.235054
threshold=0 84600.000000000015 124800.00000000001 102.00000000000001 1 78400.000000000015 80960.000000000015 31200.000000000004 2 3 3.5000000000000004 7800.0000000000009 4 38432.000000000007 10752.000000000002 5 97652.000000000015 190800.00000000003 1500.0000000000002 15300.000000000002 6 253592.00000000003 78400.000000000015 2400.0000000000005 1500.0000000000002 2570720.0000000005 820800.00000000012 7 42000.000000000007 8
decision_type=9 2 2 2 9 2 2 2 9 9 2 2 9 2 2 9 2 2 2 2 9 2 2 2 2 2 2 9 2 9
left_child=1 6 5 8 11 -3 7 -1 14 10 -10 13 -13 -2 29 -14 22 18 -6 -17 -20 25 -15 24 -24 26 -22 -21 -9 -4
right_child=4 2 3 -5 17 -7 -8 28 9 -11 -12 12 15 16 -16 19 -18 -19 20 27 21 -23 23 -25 -26 -27 -28 -29 -30 -31
leaf_value=-1.7561806735118808 -1.5906220848001569 0.66675701937492704 -1.9233732042823251 3.1437435494022794 -3.3996065900094927 144.21133605854922 0.41065335996181607 0.087130317810442656 2.7370108155024355 69.002661866936975 25.87544136690267 19.756078344592275 -18.733437486862151 -12.252546787414772 -179.76810000215684 -4.1058079597817709 -4.6840230669338387 766.17040013345093 -9.06781200947845 -17.204810363562682 0.11835844380128711 -12.458262667093997 -10.79996152095624 -6.5650622534913001 -10.031671919341864 23.4879973948856 -754.31742154279857 -1.1642090677222883 -0.00458593240546179 2.9404236424474224
leaf_weight=869 380 3196 543 231 278 252 286 213 244 448 258 421 357 584 400 6182 224 305 5243 576 6802 329 396 2732 904 248 238 1692 820 1255
leaf_count=869 380 3196 543 231 278 252 286 213 244 448 258 421 357 584 400 6182 224 305 5243 576 6802 329 396 2732 904 248 238 1692 820 1255
internal_value=-5.36481e-05 0.00417913 0.00591814 0.00146554 -0.00142297 0.0102783 -0.00122831 -0.00210609 0.00051111 0.0029106 0.00533074 -0.00252351 -0.00203575 -0.00338951 -0.000538463 -0.00218676 -0.00359356 -0.000238946 -0.000296044 -0.00207989 -0.000244909 1.50729e-05 -0.00373105 -0.00354735 -0.00430108 0.000117969 5.68009e-05 -0.00138326 -6.28031e-05 -7.7779e-05
internal_weight=36906 9015 6827 3379 27891 3448 2188 1902 3148 950 502 14448 9228 5220 2198 8807 4840 13443 13138 8450 12860 7617 4616 4032 1300 7288 7040 2268 1033 1798
internal_count=36906 9015 6827 3379 27891 3448 2188 1902 3148 950 502 14448 9228 5220 2198 8807 4840 13443 13138 8450 12860 7617 4616 4032 1300 7288 7040 2268 1033 1798
cat_boundaries=0 3 6 8 9 12 14 17 20 21
cat_threshold=2148014082 67108929 360960 889585668 537149472 52449280 2147483648 65 48 0 0 33554432 84017152 16384 33570816 3318016 4202626 4 0 16781312 4
is_linear=0
shrinkage=0.05


Tree=149
num_leaves=31
num_cat=10
split_feature=25 18 20 2 25 3 11 18 25 18 24 0 25 25 11 23 25 3 18 18 20 25 25 11 10 20 18 20 20 0
split_gain=71.3713 28.5367 40.8785 16.6331 14.2057 8.03124 4.47183 3.76413 3.18703 2.61743 2.5515 2.52776 1.72612 1.14016 1.1533 0.999312 0.87669 0.745574 0.640773 0.582017 0.524376 0.670651 0.561146 0.596732 0.437336 0.841262 0.430438 0.366401 0.309833 0.544268
threshold=0 84600.000000000015 124800.00000000001 102.00000000000001 1 19968.000000000004 80960.000000000015 31200.000000000004 2 7800.0000000000009 3 3.5000000000000004 4 5 426.66666666666669 6 7 10752.000000000002 190800.00000000003 15300.000000000002 446400.00000000006 8 9 253592.00000000003 1.0714285714285716 7800.0000000000009 2850.0000000000005 257400.00000000003 345300.00000000006 3.5000000000000004
decision_type=9 2 2 2 9 2 2 2 9 2 9 2 9 9 2 9 9 2 2 2 2 9 9 2 2 2 2 2 2 2
left_child=1 6 5 8 9 15 7 -1 17 13 11 -10 -11 14 -2 -3 -14 -4 20 -18 22 -22 26 28 -16 -26 -6 -21 29 -24
right_child=4 2 3 -5 18 -7 -8 -9 10 12 -12 -13 16 -15 24 -17 19 -19 -20 27 21 -23 23 -25 25 -27 -28 -29 -30 -31
leaf_value=-1.6683716398363686 0.33390459558311253 0.63913115148752697 -0.52478352015465879 2.9865563719315107 -3.1946259302992859 136.40076911257057 0.39012069196371613 -0.0043566357853705995 2.6001602747273864 18.768274427362652 65.552528773590168 24.58166929855652 -17.796765612519042 0.35254602201339308 -9.625255109631949 0.63341916840581691 -3.9005175617926824 -170.77969500204901 727.86188012677871 -1.2559986143361699 -0.13200592708599287 20.906493092080201 -0.066923087386671118 -14.144252806652077 -9.4300883233747701 -2.7627608062458044 -8.4144214090045271 -243.28513291729388 -71.794513667103189 16.301840068780173
leaf_weight=867 203 290 1798 231 247 254 286 1033 244 421 448 258 384 205 3758 2811 6183 400 305 2088 550 274 5433 213 859 253 5520 247 231 612
leaf_count=867 203 290 1798 231 247 254 286 1033 244 421 448 258 384 205 3758 2811 6183 400 305 2088 550 274 5433 213 859 253 5520 247 231 612
internal_value=-0.000157962 0.00373377 0.00534887 0.00146554 -0.00139939 0.00925678 -0.00122486 -0.00210305 0.00051111 -0.00247759 0.0029106 0.00533074 -0.0019748 -0.00336932 -0.00351328 0.00995649 -0.00212138 -0.000538463 -0.000222066 -0.00200938 -0.000275188 0.000944309 -0.000357319 -3.76877e-05 -0.00367406 -0.00279174 -0.000715523 -0.00133719 5.09705e-05 0.000119893
internal_weight=36906 8920 6734 3379 27986 3355 2186 1900 3148 14601 950 502 9323 5278 5073 3101 8902 2198 13385 8518 13080 824 12256 6489 4870 1112 5767 2335 6276 6045
internal_count=36906 8920 6734 3379 27986 3355 2186 1900 3148 14601 950 502 9323 5278 5073 3101 8902 2198 13385 8518 13080 824 12256 6489 4870 1112 5767 2335 6276 6045
cat_boundaries=0 3 6 8 9 12 15 16 18 21 24
cat_threshold=2148014080 67108929 360960 872808454 537280548 56643584 2147483648 65 48 0 0 33554432 268435456 0 35655680 4 67239938 16384 17825792 2164261128 8388608 134234176 3186944 1058211
is_linear=0
shrinkage=0.05


Tree=150
num_leaves=31
num_cat=10
split_feature=25 18 20 11 25 3 11 18 18 25 3 24 25 3 25 3 25 3 20 18 23 18 25 11 3 10 25 3 20 20
split_gain=72.3087 29.2437 40.7355 16.9099 13.01 7.8208 4.47651 3.77066 2.67791 1.84079 2.51411 8.83904 1.629 1.14935 3.41551 0.752002 0.715064 0.688669 0.662254 0.620291 0.515308 0.513012 0.469376 0.688042 0.64618 0.466386 0.708837 0.356512 0.509645 0.347738
threshold=0 84600.000000000015 124800.00000000001 102628.57142857143 1 78400.000000000015 80960.000000000015 31200.000000000004 7800.0000000000009 2 359200.00000000006 3 4 269312.00000000006 5 3584.0000000000005 6 10752.000000000002 1500.0000000000002 190800.00000000003 7 15300.000000000002 8 253592.00000000003 84480.000000000015 3.5000000000000004 9 2570720.0000000005 820800.00000000012 7800.0000000000009
decision_type=9 2 2 2 9 2 2 2 2 9 2 9 9 2 9 2 9 2 2 2 9 2 9 2 2 2 9 2 2 2
left_child=1 6 5 9 8 20 7 -1 13 17 11 -11 -10 14 15 -2 -14 -4 -6 22 -3 -18 24 27 -20 -26 -27 28 -24 -15
right_child=4 2 3 -5 18 -7 -8 -9 12 10 -12 -13 16 29 -16 -17 21 -19 19 -21 -22 -23 23 -25 25 26 -28 -29 -30 -31
leaf_value=-1.5849530578445412 -1.2227865906169428 0.86310363404190871 -0.42884932461160252 2.7751524648396302 -3.069894963994054 130.18073079999303 0.370614657365536 -0.0041388039961020697 17.82986070599453 23.297585892039933 -1317.360089708767 -145.14041838933846 -16.90692733189309 -9.1085839072060306 14.46620047546021 -12.122748621650835 -3.7054916837030478 -161.19070833267699 1.0754130731168743 691.46878612043974 0.60174820998581713 -1.3782013860939515 0.1199040511376761 -11.165005616466805 -8.1037108909606115 -0.78540432181325748 -18.64606600470859 39.094533979606787 -737.56860292122144 -6.8005431297294399
leaf_weight=869 209 384 1793 316 278 252 286 1033 421 209 234 473 291 1293 284 608 6182 354 255 305 2812 2268 6823 326 4427 398 248 226 223 2826
leaf_count=869 209 384 1793 316 278 252 286 1033 421 209 234 473 291 1293 284 608 6182 354 255 305 2812 2268 6823 326 4427 398 248 226 223 2826
internal_value=-9.2935e-05 0.00379694 0.00541294 0.00150991 -0.00135129 0.00923478 -0.00122831 -0.00210609 -0.00239753 0.000370309 0.0022306 0.00378655 -0.00188346 -0.00330333 -0.0018631 -0.0034801 -0.00202845 -0.000433072 -0.0002363 -0.000185522 0.00990306 -0.00193808 -0.000238244 1.44535e-05 -0.000597379 -0.000722169 -0.00197531 0.000115479 5.2496e-05 -0.00368721
internal_weight=36906 9015 6827 3379 27891 3448 2188 1902 14382 3063 916 682 9162 5220 1101 817 8741 2147 13509 13231 3196 8450 12926 7598 5328 5073 646 7272 7046 4119
internal_count=36906 9015 6827 3379 27891 3448 2188 1902 14382 3063 916 682 9162 5220 1101 817 8741 2147 13509 13231 3196 8450 12926 7598 5328 5073 646 7272 7046 4119
cat_boundaries=0 3 6 8 9 12 15 17 18 21 24
cat_threshold=2148014082 67108929 360960 872808452 537149472 52449280 0 65 48 0 0 33554432 268435456 0 2101248 67239936 16384 4 184565760 2269440 4202627 50331648 8192 128
is_linear=0
shrinkage=0.05


Tree=151
num_leaves=31
num_cat=8
split_feature=25 18 20 11 25 3 11 18 18 18 25 18 20 25 23 25 18 3 25 11 18 20 27 27 25 27 20 27 18 10
split_gain=58.7725 23.722 30.627 17.2765 12.3597 5.85158 4.44147 3.67435 2.69682 2.09478 3.70302 2.05041 2.03091 1.64309 1.20539 0.705972 0.536701 0.508977 0.447863 0.659694 0.426689 0.394452 0.86882 1.17338 0.438431 1.24256 0.285017 0.232475 0.22597 0.20149
threshold=0 84600.000000000015 124800.00000000001 102628.57142857143 1 78400.000000000015 80960.000000000015 31200.000000000004 2400.0000000000005 6300.0000000000009 2 7800.0000000000009 336600.00000000006 3 4 5 190800.00000000003 80960.000000000015 6 253592.00000000003 15300.000000000002 2550.0000000000005 4.2835627800822236 3.4811217321331038 7 3.6505739029280164 42000.000000000007 2.0126758453675748 172650.00000000003 1.0714285714285716
decision_type=9 2 2 2 9 2 2 2 2 2 9 2 2 9 9 9 2 2 9 2 2 2 10 10 9 8 2 10 2 2
left_child=1 6 5 12 8 14 7 -1 -2 10 -10 -11 17 -13 -3 -15 18 28 29 21 -17 22 23 -20 25 -23 -9 -26 -4 -6
right_child=4 2 3 -5 16 -7 -8 26 9 11 -12 13 -14 15 -16 20 -18 -19 19 -21 -22 24 -24 -25 27 -27 -28 -29 -30 -31
leaf_value=-1.5057054049522778 -8.6531547118457297 0.81994845234003155 -1.7263403783907982 2.6363948415979395 -7.7085257064246351 123.6716942599931 0.35208392449726489 0.083198573909066917 -1.9343135662636173 -5.6905223700134444 13.967889611261706 16.93836767069482 22.197706338754507 -16.061580965298436 0.57166079948656268 -3.470217099517896 157.70947068421728 -150.80620925699506 -3.7807050618450706 -10.606755335643467 -1.3642912106929885 0.34996962014446353 0.3057086092149689 -16.553404931127886 -0.059634478930092882 17.816442003140402 -0.0039318637962423965 0.83846732291199266 0.705035913665779 -2.8317677064303921
leaf_weight=869 1787 384 1878 316 4578 252 286 213 539 2684 331 421 426 291 2812 6212 368 239 470 326 2179 530 220 204 5410 200 820 209 520 932
leaf_count=869 1787 384 1878 316 4578 252 286 213 539 2684 331 421 426 291 2812 6212 368 239 470 326 2179 530 220 204 5410 200 820 209 520 932
internal_value=-0.000186411 0.00332059 0.00477595 0.0013916 -0.00132083 0.00808985 -0.00120548 -0.00207983 -0.00233606 -0.00208034 0.000286696 -0.00225507 0.000239803 -0.00189621 0.00866792 -0.00204279 -0.000229216 -0.000278516 -0.000282472 -3.23188e-05 -0.00195228 6.69415e-05 -0.00091518 -0.00180473 0.000205478 0.00134771 -6.28031e-05 5.41633e-05 -5.83345e-05 -0.000624775
internal_weight=36906 9015 6827 3379 27891 3448 2188 1902 14444 12657 870 11787 3063 9103 3196 8682 13447 2637 13079 7569 8391 7243 894 674 6349 730 1033 5619 2398 5510
internal_count=36906 9015 6827 3379 27891 3448 2188 1902 14444 12657 870 11787 3063 9103 3196 8682 13447 2637 13079 7569 8391 7243 894 674 6349 730 1033 5619 2398 5510
cat_boundaries=0 3 6 9 12 13 15 18 21
cat_threshold=2148014082 67108929 360960 872808452 537149476 50352129 0 262176 4096 0 0 33554432 4 67239936 16384 167788544 3318016 6299778 0 1024 288
is_linear=0
shrinkage=0.05


Tree=152
num_leaves=31
num_cat=7
split_feature=25 18 20 11 25 25 3 18 3 18 20 25 20 18 23 18 20 25 11 0 0 20 3 25 18 20 2 18 27 20
split_gain=49.0109 19.8308 23.671 17.6005 11.9591 8.87917 4.48551 3.96342 2.67195 2.47368 1.13146 1.1551 1.12178 1.05374 1.05301 0.535795 0.450799 0.553159 0.76754 0.695086 0.450928 1.23668 0.425133 0.395933 0.436474 0.371045 1.9976 0.355889 0.316404 0.29679
threshold=0 84600.000000000015 124800.00000000001 102628.57142857143 1 2 78400.000000000015 31200.000000000004 291840.00000000006 9900.0000000000018 2250.0000000000005 3 336600.00000000006 11700.000000000002 4 190800.00000000003 489600.00000000006 5 253592.00000000003 3.5000000000000004 30.000000000000004 820800.00000000012 80960.000000000015 6 15300.000000000002 7800.0000000000009 7.5000000000000009 84600.000000000015 4.2835627800822236 42000.000000000007
decision_type=9 2 2 2 9 9 2 2 2 2 2 9 2 2 9 2 2 9 2 2 2 2 2 9 2 2 2 2 10 2
left_child=1 5 6 12 8 -1 14 -7 10 25 -2 13 22 -12 -3 16 17 -6 19 28 21 -18 -4 -13 -25 -10 -27 -26 -19 -9
right_child=4 2 3 -5 15 7 -8 29 9 -11 11 23 -14 -15 -16 -17 20 18 -20 -21 -22 -23 -24 24 27 26 -28 -29 -30 -31
leaf_value=7.7612105075014473 -12.778951284174845 0.77895102972324826 -0.13021588201809209 2.5045750995181155 -3.0515831631580341 -1.430420134704582 117.48810954699366 0.079038645213586278 -8.2204969762534432 3.334782179544709 14.868285998492354 -15.258501917033513 21.087821021815763 -212.79095821687147 0.54307775951238002 149.8239971500071 10.633653852742283 -0.15665275498322445 -13.4422588582615 25.760107427127419 135.97646635254213 -700.68719105121386 -143.26589879414533 -3.1696465720708265 -0.95607405378001431 -6.4259898547422951 2.237306713306336 -11.209891848257394 0.29042317875422441 -0.003735270606557606
leaf_weight=266 312 384 2398 316 6196 988 252 213 1292 350 202 345 426 275 2812 368 247 5272 204 376 208 204 239 6767 1778 2562 269 359 220 806
leaf_count=266 312 384 2398 316 6196 988 252 213 1292 350 202 345 426 275 2812 368 247 5272 204 376 208 204 239 6767 1778 2562 269 359 220 806
internal_value=-0.000269049 0.00291374 0.00426343 0.00128808 -0.00131138 -0.00112747 0.00717681 -0.00227093 -0.00230359 -0.00332179 -0.00185159 -0.00175576 0.000125611 0.000644171 0.00768293 -0.000227325 -0.000281152 -0.000349634 -9.86312e-06 9.53991e-05 0.000990922 9.93366e-05 -0.000259569 -0.00187831 -0.00180799 -0.00366424 -0.00333745 -0.00118513 -4.73255e-05 -9.30472e-05
internal_weight=36906 9100 6827 3379 27806 2273 3448 2007 14511 4473 10038 9726 3063 477 3196 13295 12927 12268 6072 5868 659 451 2637 9249 8904 4123 2831 2137 5492 1019
internal_count=36906 9100 6827 3379 27806 2273 3448 2007 14511 4473 10038 9726 3063 477 3196 13295 12927 12268 6072 5868 659 451 2637 9249 8904 4123 2831 2137 5492 1019
cat_boundaries=0 3 6 9 12 13 16 18
cat_threshold=2148014082 75497537 360960 872808452 537280548 54546433 2147487744 8388672 327680 0 4 33554432 4 135282752 3186944 1058210 67239936 278560
is_linear=0
shrinkage=0.05


Tree=153
num_leaves=31
num_cat=9
split_feature=25 18 20 11 25 3 25 18 18 3 25 2 25 25 3 18 18 20 23 20 25 27 25 27 0 20 2 3 20 18
split_gain=47.0213 23.5017 21.4081 18.6867 11.943 4.34492 2.8196 3.91191 2.70005 1.67968 2.14959 1.53788 1.52897 1.05498 0.86988 0.80205 0.643351 0.466347 0.465072 0.404151 0.518022 0.523047 1.02118 0.681704 0.452141 0.366262 1.8385 0.300115 0.29679 0.283918
threshold=0 84600.000000000015 124800.00000000001 102628.57142857143 1 78400.000000000015 2 31200.000000000004 7800.0000000000009 245912.00000000003 3 1.5000000000000002 4 5 10752.000000000002 3150.0000000000005 190800.00000000003 1500.0000000000002 6 489600.00000000006 7 4.2835627800822236 8 3.4811217321331038 30.000000000000004 7800.0000000000009 7.5000000000000009 71168.000000000015 42000.000000000007 15300.000000000002
decision_type=9 2 2 2 9 2 9 2 2 2 9 2 9 9 2 2 2 2 9 2 9 8 9 10 2 2 2 2 2 2
left_child=1 6 5 11 8 18 -1 -8 9 10 -2 -4 -10 -14 -13 -12 17 -6 -3 20 -19 23 -23 -22 -21 -11 -27 -17 -9 -15
right_child=4 2 3 -5 16 -7 7 28 12 25 15 14 13 29 -16 27 -18 19 -20 24 21 22 -24 -25 -26 26 -28 -29 -30 -31
leaf_value=49.869563008243176 14.22115604634407 0.74000347823675838 20.148429068311817 2.4228843069391051 -2.5872323421051977 111.61370406964416 -1.3588991279693801 0.075086712952906975 25.460257854564773 -7.8094721274407704 -12.1900037199661 -0.32851804926777434 -14.495576821181837 -3.1882239159384627 -287.97907623638662 -0.49735165017351823 641.51867342270691 -7.4005093505271367 0.51592387153650632 -0.051591253348894743 -0.81117853195527401 0.57090175636398044 0.01307521504641045 -15.652901804827469 129.17764303491489 -6.1046903620051811 1.86270694665077 -0.053580797102677026 -0.0035485070762661056 -1.1582703510910164
leaf_weight=205 209 384 592 306 252 252 939 213 421 1296 252 1794 414 6183 429 532 305 5888 2812 370 1243 440 4175 264 208 2566 283 228 806 2645
leaf_count=205 209 384 592 306 252 252 939 213 421 1296 252 1794 414 6183 429 532 305 5888 2812 370 1243 440 4175 264 208 2566 283 228 806 2645
internal_value=-0.000334075 0.00286939 0.00436083 0.00135927 -0.00132761 0.00707536 -0.00164665 -0.00222843 -0.00229007 -0.00319113 -0.00155765 7.9871e-05 -0.00179152 -0.00192457 -0.000523597 -0.0025 -0.000226117 -0.000280331 0.00757348 -0.000237491 -0.000299701 2.28224e-05 0.000286982 -0.000785289 0.00105172 -0.00367133 -0.00334795 -0.00170604 -9.30472e-05 -0.00180317
internal_weight=36906 8732 6569 3121 28174 3448 2163 1958 15029 5366 1221 2815 9663 9242 2223 1012 13145 12840 3196 12588 12010 6122 4615 1507 578 4145 2849 760 1019 8828
internal_count=36906 8732 6569 3121 28174 3448 2163 1958 15029 5366 1221 2815 9663 9242 2223 1012 13145 12840 3196 12588 12010 6122 4615 1507 578 4145 2849 760 1019 8828
cat_boundaries=0 3 6 9 12 15 18 19 22 24
cat_threshold=2148014082 75497473 262656 889585668 537280608 56741889 2147487744 8388608 262144 131072 0 33554432 0 0 33554432 84017152 16384 1 4 135282752 2138368 1058210 0 2148008964
is_linear=0
shrinkage=0.05


Tree=154
num_leaves=31
num_cat=9
split_feature=25 18 20 11 25 18 3 25 18 12 2 25 20 25 3 23 18 18 23 18 25 11 11 3 25 0 27 27 20 20
split_gain=35.2824 12.6325 12.7718 19.3711 10.8308 2.86099 2.47446 2.10852 1.68014 1.02429 2.39079 1.09942 0.902065 0.812087 0.773599 1.19109 0.67091 0.658131 0.641768 0.609444 0.59647 0.623069 0.81479 0.973422 0.61917 0.689304 0.533877 1.01497 0.435149 0.663567
threshold=0 84600.000000000015 124800.00000000001 102628.57142857143 1 2400.0000000000005 78400.000000000015 2 31200.000000000004 291840.00000000006 7.5000000000000009 3 336600.00000000006 4 10752.000000000002 5 2400.0000000000005 27000.000000000004 6 19800.000000000004 7 253592.00000000003 101200.00000000001 156800.00000000003 8 3.5000000000000004 4.2835627800822236 3.4811217321331038 547200.00000000012 176400.00000000003
decision_type=9 2 2 2 9 2 2 9 2 2 2 9 2 9 2 9 2 2 9 2 9 2 2 2 9 2 10 10 2 2
left_child=1 7 6 12 5 -2 18 -1 19 11 -11 -7 14 17 -4 -16 26 -13 -3 -9 28 22 24 -24 -22 -26 27 -6 29 -18
right_child=4 2 3 -5 16 9 -8 8 -10 10 -12 13 -14 -15 15 -17 20 -19 -20 -21 21 -23 23 -25 25 -27 -28 -29 -30 -31
leaf_value=28.875878543485335 -7.4189985210687333 0.70300330432510238 0.14034080781602826 2.3017400915926749 -2.4578707249999376 -13.770797980122746 106.03301886616174 -220.61256106820258 -0.0033710817224346101 -5.4894624218735188 2.0823052554480994 0.79678109855905199 18.891007102295408 -1.6503568335364662 -212.61916766670257 -1.4811265413314687 -6.8804838830007782 -405.71667631304354 0.49012767795939 -0.99095417157095655 -0.14950427635485539 -8.9413190827108231 22.647362625579927 0.012421454294235447 -0.81085773975028064 35.913223349259717 0.24735693199830849 -14.935256956580952 -383.02317779251428 26.259314551061546
leaf_weight=216 1757 384 1805 306 859 544 252 282 1019 2760 326 269 404 8985 432 240 5424 279 2812 657 4251 300 331 459 260 293 220 204 217 359
leaf_count=216 1757 384 1805 306 859 544 252 282 1019 2760 326 269 404 8985 432 240 5424 279 2812 657 4251 300 331 459 260 293 220 204 217 359
internal_value=-0.000428905 0.00233023 0.00341645 0.00113358 -0.00129443 -0.00221672 0.00552464 -0.000974266 -0.00149239 -0.00196468 -0.00276231 -0.00171991 -0.00014048 -0.00158879 -0.000498186 -0.00194362 -0.000249072 0.000285713 0.00590056 -0.00302338 -0.000131978 0.000225194 0.000344888 0.00183081 9.9874e-05 0.00165487 -0.00133463 -0.00179812 -0.00048237 -0.000400174
internal_weight=36906 8809 6635 3187 28097 14920 3448 2174 1958 13163 3086 10077 2881 9533 2477 672 13177 548 3196 939 11894 5894 5594 790 4804 553 1283 1063 6000 5783
internal_count=36906 8809 6635 3187 28097 14920 3448 2174 1958 13163 3086 10077 2881 9533 2477 672 13177 548 3196 939 11894 5894 5594 790 4804 553 1283 1063 6000 5783
cat_boundaries=0 3 6 9 12 15 16 17 20 23
cat_threshold=2164787202 76021761 262656 872812548 537149536 52547585 2147483648 8912896 262144 67239936 278560 2129920 0 0 33554433 4 4 167788544 3317784 4202626 3146176 16778240 75497472
is_linear=0
shrinkage=0.05


Tree=155
num_leaves=31
num_cat=7
split_feature=25 25 18 20 11 18 11 3 18 18 11 18 25 3 25 2 3 18 27 25 11 3 18 27 27 20 20 25 20 24
split_gain=36.4101 10.1489 9.77658 13.9213 19.7315 2.88385 2.6993 2.07736 1.50651 1.0292 2.42781 2.32339 1.73357 1.26172 1.16485 0.990258 1.09202 0.730871 0.60249 0.753607 0.746222 1.46409 1.37744 0.557215 0.973871 0.429892 0.372159 0.371034 1.74938 0.352402
threshold=0 1 84600.000000000015 124800.00000000001 102628.57142857143 2400.0000000000005 80960.000000000015 80960.000000000015 19800.000000000004 6300.0000000000009 79936.000000000015 7800.0000000000009 2 269312.00000000006 3 10.500000000000002 84480.000000000015 2850.0000000000005 2.1383330595080281 4 101200.00000000001 156800.00000000003 39600.000000000007 4.2835627800822236 3.4811217321331038 62400.000000000007 7800.0000000000009 5 14280.000000000002 6
decision_type=9 9 2 2 2 2 2 2 2 2 2 2 9 2 9 2 2 2 8 9 2 2 2 10 10 2 2 9 2 9
left_child=2 5 6 7 15 26 8 -4 -1 10 -7 -11 13 -13 25 16 -5 23 -19 29 27 -22 -23 24 -3 -14 -2 -21 -29 -20
right_child=1 17 3 4 -6 9 -8 -9 -10 11 -12 12 14 -15 -16 -17 -18 18 19 20 21 22 -24 -25 -26 -27 -28 28 -30 -31
leaf_value=-171.03753068699979 -7.0480485950152953 -2.1365049372739717 0.46562129406156605 -0.59207307171163848 2.1866530870134202 -0.81281520944534913 0.031616084429288094 104.2313802014105 -0.0032025276363128797 -4.5649891338868374 20.906108275908505 -190.90280091397801 -2.8539303880452058 41.055313927439187 -13.08225808111661 -279.25409715629138 18.356457810528809 -6.6766288418299844 -6.6864596888507384 -0.14202627304039198 84.359572981204977 -58.588344463607569 0.27830099102762013 0.23498908539838795 -14.1884941087519 -0.81783899185963949 -9.177758671561671 -10.782171747865501 42.574469131926129 0.49106162070636405
leaf_weight=277 1552 907 3196 2398 306 663 238 239 1575 2690 254 209 6378 269 419 326 241 343 5394 3861 219 226 279 220 204 2048 205 282 468 1020
leaf_count=277 1552 907 3196 2398 306 663 238 239 1575 2690 254 209 6378 269 419 326 241 343 5394 3861 219 226 279 220 204 2048 205 282 468 1020
internal_value=-0.000396392 -0.0012748 0.00240917 0.00334228 0.00100672 -0.0021828 -0.000573615 0.00556444 -0.00121899 -0.00192546 -0.000310121 -0.00204869 -0.00167453 0.0012449 -0.00183189 -0.000244356 7.76209e-05 -0.000280239 -0.000157931 -9.74397e-05 0.000341312 0.00183195 0.000345166 -0.0013916 -0.00184636 -0.00169827 -0.00408471 0.000107304 0.00111548 -0.000462186
internal_weight=36906 28110 8796 6706 3271 14687 2090 3435 1852 12930 917 12013 9323 478 8845 2965 2639 13423 12092 11749 5335 724 505 1331 1111 8426 1757 4611 750 6414
internal_count=36906 28110 8796 6706 3271 14687 2090 3435 1852 12930 917 12013 9323 478 8845 2965 2639 13423 12092 11749 5335 724 505 1331 1111 8426 1757 4611 750 6414
cat_boundaries=0 3 6 9 12 15 18 19
cat_threshold=2148007938 67108929 262656 889589764 537673760 52514817 0 0 33554433 537133056 536870912 18944000 167788544 28483608 4235426 3146176 0 75497472 8
is_linear=0
shrinkage=0.05


Tree=156
num_leaves=31
num_cat=9
split_feature=25 25 18 20 11 25 2 18 11 3 20 3 9 25 3 23 18 23 18 25 20 27 27 3 18 25 11 27 25 3
split_gain=32.5755 9.66993 8.32156 10.4784 19.5352 3.55359 3.08915 3.03829 2.47273 1.85223 1.42559 1.09976 2.22385 0.900636 0.733148 0.916588 0.63764 0.626265 0.599316 0.585649 0.470569 0.548964 1.00616 0.444635 0.413827 0.404963 0.586515 0.701088 0.918818 0.374666
threshold=0 1 84600.000000000015 124800.00000000001 102628.57142857143 2 7.5000000000000009 2400.0000000000005 80960.000000000015 80960.000000000015 14280.000000000002 291840.00000000006 23.500000000000004 3 10752.000000000002 4 9900.0000000000018 5 190800.00000000003 6 2850.0000000000005 4.2835627800822236 3.4811217321331038 110592.00000000001 15300.000000000002 7 253592.00000000003 2.1383330595080281 8 177040.00000000003
decision_type=9 9 2 2 2 9 2 2 2 2 2 2 2 9 2 9 2 9 2 9 2 10 10 2 2 9 2 8 9 2
left_child=2 7 8 6 5 14 -4 -2 10 17 -1 13 16 -9 -5 -16 -13 -8 20 29 21 22 23 -3 -21 -22 27 -27 -29 -15
right_child=1 18 3 4 -6 -7 9 11 -10 -11 -12 12 -14 19 15 -17 -18 -19 -20 24 25 -23 -24 -25 -26 26 -28 28 -30 -31
leaf_value=-200.77005581048627 -6.7456461652645308 -0.059174607294850204 -0.0072122818091884255 -0.27556652970264744 2.0773204326632739 28.287636267428127 0.64457207440573261 -12.428145177060779 0.03003528020781232 99.119811215181841 -0.0030424012544244764 -5.0767427504079805 6.0448116164130763 24.549615583167082 -76.694933417388583 -49.620200545746407 -1.8356644999819764 0.44234022935852413 620.38354739085401 -2.6535983590624541 -5.3921513290038439 0.22323963112846743 -13.479069403314305 -2.2281519418862423 -0.94694957427196869 -6.4477972101957111 -8.1708638736055246 -1.7583988668583517 3.8077643958131988 -44.014540531700767
leaf_weight=265 1794 495 209 1793 306 214 384 322 261 238 1594 2653 237 224 604 474 358 2617 305 6832 6135 220 204 214 2125 290 284 3767 1286 202
leaf_count=265 1794 495 209 1793 306 214 384 322 261 238 1594 2653 237 224 604 474 358 2617 305 6832 6135 220 204 214 2125 290 284 3767 1286 202
internal_value=-0.00045329 -0.00129422 0.00216865 0.00301929 0.0010448 -0.000153872 0.00495942 -0.00217393 -0.000565505 0.0053394 -0.00120634 -0.00190776 -0.00270462 -0.00164057 -0.000626085 -0.00165741 -0.00307169 0.00567599 -0.000310325 -0.00154497 -0.000362489 -0.0013348 -0.00187432 -0.000977498 -0.00163173 -0.000268617 3.81261e-05 0.00015622 0.000293767 0.000273971
internal_weight=36906 27947 8959 6839 3391 3085 3448 14747 2120 3239 1859 12953 3248 9705 2871 1078 3011 3001 13200 9383 12895 1133 913 709 8957 11762 5627 5343 5053 426
internal_count=36906 27947 8959 6839 3391 3085 3448 14747 2120 3239 1859 12953 3248 9705 2871 1078 3011 3001 13200 9383 12895 1133 913 709 8957 11762 5627 5343 5053 426
cat_boundaries=0 3 6 8 10 11 12 15 18 21
cat_threshold=2148009986 67109441 1311232 872812548 541868064 52516097 0 67108929 67239936 278528 4 4 0 0 33554432 50348032 2269440 12624002 1049024 25165848 67108864
is_linear=0
shrinkage=0.05


Tree=157
num_leaves=31
num_cat=10
split_feature=25 18 3 25 2 8 2 18 3 11 18 20 25 10 25 2 18 18 25 11 3 20 25 2 23 25 23 25 20 27
split_gain=30.6264 9.11068 10.1918 6.71315 5.80382 5.30791 11.8247 4.39362 3.37004 2.67354 2.46399 1.43102 1.42243 1.1537 0.672297 0.689404 0.601616 0.982266 0.881205 0.78689 0.534306 0.47726 0.457497 1.70834 0.442254 0.603961 0.375807 0.354958 0.346683 0.32947
threshold=0 84600.000000000015 9408.0000000000018 1 7.5000000000000009 3.2500000000000004 87.000000000000014 2400.0000000000005 10752.000000000002 80960.000000000015 104400.00000000001 14280.000000000002 2 29.500000000000004 3 62.000000000000007 11700.000000000002 84600.000000000015 4 125536.00000000001 89600.000000000015 403200.00000000006 5 2.5000000000000004 6 7 8 9 7800.0000000000009 4.2835627800822236
decision_type=9 2 2 9 2 2 2 2 2 2 2 2 9 2 9 2 2 2 9 2 2 2 9 2 9 9 9 9 2 10
left_child=1 9 -3 7 10 6 8 28 26 11 -4 -1 -9 22 16 -16 29 18 21 20 -19 -18 23 -14 -20 -26 -6 -22 -2 -5
right_child=3 2 4 14 5 -7 -8 12 -10 -11 -12 -13 13 -15 15 -17 17 19 24 -21 27 -23 -24 -25 25 -27 -28 -29 -30 -31
leaf_value=-190.73155301996195 -6.3583638570013044 -0.20785436307019589 -0.95685166771872909 -2.3667443447919303 0.3564144305564696 -1223.7582432495508 2.0010394600794328 -11.806737918207741 0.61234347068530048 0.028533516197421706 15.84425207427994 -0.0028902811918669613 102.67889200411628 27.505174648365156 0.12386239260495797 0.71681229012901904 233.95864167012061 -9.1723891976882399 21.137262288387138 16.276769028819398 -94.982567788517201 12.369275830726783 -1.4295995635530632 -4.7928961285965048 -171.75872507162705 0.64001117905659166 0.42022321789045236 -47.847121722000793 -8.4215889399361199 0.21207764957204064
leaf_weight=264 1579 1790 242 3603 290 234 254 491 471 238 794 1588 213 203 4592 313 228 1597 523 573 517 213 9200 2846 232 393 2631 359 215 220
leaf_count=264 1579 1790 242 3603 290 234 254 491 471 238 794 1588 213 203 4592 313 228 1597 523 573 517 213 9200 2846 232 393 2631 359 215 220
internal_value=-0.000243309 0.0023297 0.00323047 -0.001049 0.00440626 0.00529366 0.00576206 -0.00178434 0.00497643 -0.000549714 0.001079 -0.00119202 -0.00146391 -0.00135562 -0.000236637 0.000228797 -0.000506495 -0.000124004 0.000883091 -0.000649607 -0.00103636 0.00274834 -0.00141873 -0.000877565 0.00013793 -0.000757577 0.00560896 -0.00202734 -0.00410356 -0.000971243
internal_weight=36906 8796 6706 28110 4916 3880 3646 14747 3392 2090 1036 1852 12953 12462 13363 4905 8458 4635 1589 3046 2473 441 12259 3059 1148 625 2921 876 1794 3823
internal_count=36906 8796 6706 28110 4916 3880 3646 14747 3392 2090 1036 1852 12953 12462 13363 4905 8458 4635 1589 3046 2473 441 12259 3059 1148 625 2921 876 1794 3823
cat_boundaries=0 3 6 9 12 14 17 18 21 22 25
cat_threshold=2148007938 67108929 262656 872812548 541868064 52516097 67244036 278560 65792 36716544 2150802692 4202626 1048576 2229248 0 0 33554432 8 33570816 0 8192 4 1048576 1056768 8192
is_linear=0
shrinkage=0.05


Tree=158
num_leaves=31
num_cat=13
split_feature=25 18 11 25 20 25 18 2 25 25 24 18 23 25 2 10 11 25 18 24 23 20 10 0 18 20 25 25 20 20
split_gain=26.8753 8.50145 7.90395 12.3144 9.82414 5.24565 4.61909 4.51345 3.6519 3.44636 2.52348 1.71005 1.29515 1.07684 1.0069 0.863649 0.617898 0.563662 0.475325 0.413939 0.389321 0.352934 0.60581 0.320064 0.62439 1.71869 0.618932 0.429979 0.29679 0.290024
threshold=0 84600.000000000015 102628.57142857143 1 124800.00000000001 2 2400.0000000000005 7.5000000000000009 3 4 5 31200.000000000004 6 7 10.500000000000002 31.500000000000004 177040.00000000003 8 19800.000000000004 9 10 295200.00000000006 0.75000000000000011 1.5000000000000002 6300.0000000000009 345300.00000000006 11 12 42000.000000000007 7800.0000000000009
decision_type=9 2 2 9 2 9 2 2 9 9 9 2 9 9 2 2 2 9 2 9 9 2 2 2 2 2 9 9 2 2
left_child=1 8 4 -4 7 6 29 -3 -1 14 -11 18 -9 -8 20 16 21 -7 -10 -19 -6 22 -15 27 -25 -26 -27 -21 -13 -2
right_child=5 2 3 -5 9 17 13 12 11 10 -12 28 -14 15 -16 -17 -18 19 -20 23 -22 -23 -24 24 25 26 -28 -29 -30 -31
leaf_value=16.547866918166164 -6.040445664151239 -0.83900987826636997 80.458108906199058 1.7698644851669088 -1.7835142488689599 -2.1484071275523338 -11.216401022297354 0.58172629715118096 -164.33487647015178 14.887041112079169 118.07063054677283 0.071957691895659079 0.39921205699574785 0.65480151842202761 -262.84099944472365 21.425920119440985 0.81606880309593122 309.93980308058298 -0.99094970248806935 -13.070613754229123 1.0813258489521105 -157.06817502307959 -1.4581195853754139 -8.2137935637484709 54.731737745499096 -69.768327083733311 30.160371260565405 -1.5566540854583082 -0.002745767132364563 -8.030509476250014
leaf_weight=845 1570 334 286 308 1142 7135 323 384 306 210 234 213 2619 431 326 212 205 204 697 207 1403 279 11461 451 302 256 572 2977 806 208
leaf_count=845 1570 334 286 308 1142 7135 323 384 306 210 234 213 2619 431 326 212 205 204 697 207 1403 279 11461 451 302 256 572 2977 806 208
internal_value=-0.000270403 0.00192444 0.00283802 0.0083557 0.00234295 -0.00109924 -0.00173424 0.00425726 -0.000378182 0.00041453 0.00445175 -0.00152901 0.00487022 -0.00140595 -0.000227195 -0.00132857 -0.00138391 -0.000327667 -0.003 8.13078e-05 0.000107969 -0.0014298 -0.0013881 -1.57014e-05 0.000565381 0.00119258 1.2047e-05 -0.000304458 -9.30472e-05 -0.0041236
internal_weight=36906 10113 7246 594 6652 26793 14689 3337 2867 3315 444 2022 3003 12911 2871 12588 12376 12104 1003 4969 2545 12171 11892 4765 1581 1130 828 3184 1019 1778
internal_count=36906 10113 7246 594 6652 26793 14689 3337 2867 3315 444 2022 3003 12911 2871 12588 12376 12104 1003 4969 2545 12171 11892 4765 1581 1130 828 3184 1019 1778
cat_boundaries=0 3 6 9 12 14 15 16 18 21 22 23 25 28
cat_threshold=2166884354 67117121 8749568 0 1 65536 872808452 541868064 52450561 2147483648 64 8716288 0 67108929 48 4 67239936 278528 33574912 3310852 4202626 34 4 0 2155872264 0 512 1048616
is_linear=0
shrinkage=0.05


Tree=159
num_leaves=31
num_cat=12
split_feature=25 18 3 2 25 18 3 12 25 25 25 3 2 11 18 24 25 20 18 25 27 27 25 20 3 25 25 20 20 24
split_gain=25.5887 10.366 8.62351 5.3969 5.2674 4.24255 3.48773 3.58189 1.85904 1.78439 1.62578 1.1423 0.995799 0.823255 1.53735 0.727531 0.709744 2.2462 0.528872 0.613451 0.59189 0.51949 0.515036 0.439321 0.483834 0.768381 0.451627 0.363556 0.361198 0.342251
threshold=0 84600.000000000015 9408.0000000000018 98.000000000000014 1 2400.0000000000005 10752.000000000002 168960.00000000003 2 3 4 168960.00000000003 50.000000000000007 91080.000000000015 19800.000000000004 5 6 27000.000000000004 7800.0000000000009 7 4.2835627800822236 3.4811217321331038 8 62400.000000000007 71168.000000000015 9 10 7800.0000000000009 45000.000000000007 11
decision_type=9 2 2 2 9 2 2 2 9 9 9 2 2 2 2 9 9 2 2 9 10 10 9 2 2 9 9 2 2 9
left_child=1 9 -3 6 5 27 15 8 -8 -1 -7 13 -10 14 -11 -4 17 -12 20 29 21 22 -6 24 -18 -26 -25 -2 -19 -20
right_child=4 2 3 -5 18 10 7 -9 12 11 16 -13 -14 -15 -16 -17 23 28 19 -21 -22 -23 -24 26 25 -27 -28 -29 -30 -31
leaf_value=6.2510054683220009 -5.7384233809436767 -0.12260402324906566 0.30950739417094159 1.5034473398671253 -12.640800604661534 -2.7494693030983628 0.55263998229347633 13.827688540300006 -102.05181747229436 -173.1982325396618 60.540844254543245 -192.75921283892413 85.310284016566584 15.840472194198448 -0.0026084787758009044 0.37925145414628791 -0.18521533955741162 -4.5403549058671162 9.3778326767458573 11.319990239637622 0.30889412347106604 -12.514358117536517 -1.8909867711747173 -0.43521360610664034 -2.4640528049194752 -2.1227704250639365 -90.618322839963824 -7.5889839929007694 2.9611126113053725 -8.0405597365494632
leaf_weight=239 1545 1790 290 319 220 569 605 322 328 279 208 235 276 579 1553 2826 567 2675 841 3166 220 256 4320 1577 6182 528 963 204 313 2911
leaf_count=239 1545 1790 290 319 220 569 605 322 328 279 208 235 276 579 1553 2826 567 2675 841 3166 220 256 4320 1577 6182 528 963 204 313 2911
internal_value=-0.000338139 0.00187455 0.00294762 0.00401973 -0.00112091 -0.00173402 0.00358464 0.00162753 0.000375721 -0.000632145 -0.00143625 -0.00100828 -0.00157468 -0.000685869 -0.00120502 0.00454458 -0.00131785 -0.000663966 -0.00033233 -4.91341e-05 -0.000723397 -0.000839934 -0.000715545 -0.00152966 -0.00172895 -0.00184744 -0.000963809 -0.00405197 -0.00101672 -0.000480873
internal_weight=36906 9641 6756 4966 27265 15331 4647 1531 1209 2885 13582 2646 604 2411 1832 3116 13013 3196 11934 6918 5016 4796 4540 9817 7277 6710 2540 1749 2988 3752
internal_count=36906 9641 6756 4966 27265 15331 4647 1531 1209 2885 13582 2646 604 2411 1832 3116 13013 3196 11934 6918 5016 4796 4540 9817 7277 6710 2540 1749 2988 3752
cat_boundaries=0 3 6 8 11 14 15 18 21 24 27 30 31
cat_threshold=2148009986 67108865 8651265 891682820 550256736 52548640 2050 67108864 2147483648 0 262145 84017152 278560 98304 8 0 0 33554432 167772160 2148663824 71311490 16512 33024 8456 536870912 536870912 18874400 536870912 545259520 2098208 48
is_linear=0
shrinkage=0.05


Tree=160
num_leaves=31
num_cat=12
split_feature=25 18 11 2 25 18 3 25 25 18 25 18 23 25 20 20 25 25 18 11 25 25 11 20 27 18 18 25 2 27
split_gain=24.9126 9.11432 7.9942 5.69029 5.04481 4.44112 2.99082 4.31327 2.32841 1.60419 1.45286 0.858647 1.2601 0.668963 1.98355 0.663068 1.12575 0.737089 0.570968 0.520307 1.06895 0.476966 0.541278 0.451827 0.40652 0.375459 0.361458 0.489905 0.418349 0.361164
threshold=0 84600.000000000015 9408.0000000000018 98.000000000000014 1 3150.0000000000005 10752.000000000002 2 3 31200.000000000004 4 166500.00000000003 5 6 27000.000000000004 252000.00000000003 7 8 19800.000000000004 102628.57142857143 9 10 91080.000000000015 748800.00000000012 2.0126758453675748 39600.000000000007 15300.000000000002 11 3.5000000000000004 4.2835627800822236
decision_type=9 2 2 2 9 2 2 9 9 2 9 2 9 9 2 2 9 9 2 2 9 9 2 2 10 2 2 9 2 8
left_child=1 8 -3 6 5 -2 -4 -8 9 18 -7 -9 -13 14 -12 17 -17 -6 -1 21 24 22 -19 25 -21 -18 -15 -28 -29 -23
right_child=4 2 3 -5 15 10 7 11 -10 -11 13 12 -14 26 -16 16 23 19 -20 20 -22 29 -24 -25 -26 -27 27 28 -30 -31
leaf_value=-255.10024146010079 -5.4515022118964929 -0.18474409239499351 0.3602888814391918 1.4282749728736235 -5.0752489793688618 -10.518107506027569 13.42630330027896 -185.34575314935702 15.730208069604613 -0.0024780548370472392 57.323801996516551 -50.519772921110871 1.3696322351621348 -2.2533298434169353 -3.253327597604553 412.41357207410033 -1.1127545588577801 -10.542847551306842 -0.89127179342485763 -5.0822276307312482 -11.894816128833362 -2.772917415211563 -27.018328580233742 -194.20595810257078 1.0878713112041625 42.54160620402746 -0.40845477235320687 -2.0366339828207858 -464.43821904362767 0.51844453567711068
leaf_weight=258 1757 1793 3116 319 222 414 332 427 213 1018 210 597 283 7106 3117 279 314 1693 657 2268 797 1058 254 547 209 258 1550 873 214 4753
leaf_count=258 1757 1793 3116 319 222 414 332 427 213 1018 210 597 283 7106 3117 279 314 1693 657 2268 797 1058 254 547 209 258 1550 873 214 4753
internal_value=-0.000340849 0.00194294 0.00283374 0.00384752 -0.0010792 -0.0016918 0.00341076 0.00167885 -0.000898511 -0.0014473 -0.0013844 0.000352539 0.00124716 -0.00128803 -0.000669363 -0.000340336 0.000685713 -0.000468196 -0.00297165 -0.000408368 -0.00093712 -0.000185568 -0.000860134 -3.9789e-05 -0.000415831 0.000940765 -0.00149821 -0.000998485 -0.00180619 4.20733e-05
internal_weight=36906 9013 6867 5074 27893 15241 4755 1639 2146 1933 13484 1307 880 13070 3327 12652 1398 11254 915 11032 3274 7758 1947 1119 2477 572 9743 2637 1087 5811
internal_count=36906 9013 6867 5074 27893 15241 4755 1639 2146 1933 13484 1307 880 13070 3327 12652 1398 11254 915 11032 3274 7758 1947 1119 2477 572 9743 2637 1087 5811
cat_boundaries=0 3 6 7 9 12 13 16 19 22 25 28 31
cat_threshold=2150107138 68157953 262656 889585668 550387808 56742944 2621442 524288 67108865 84017152 278528 65536 4 0 0 33587200 134217856 0 1048841 134217728 0 1048841 33554432 2149581056 128 20544 2138372 2 536870912 545259520 2097184
is_linear=0
shrinkage=0.05


Tree=161
num_leaves=31
num_cat=8
split_feature=25 18 2 20 25 18 25 11 25 2 18 3 18 25 20 18 25 27 27 20 20 3 25 11 10 18 18 27 20 25
split_gain=21.6767 8.70421 8.86824 5.80022 5.44808 4.67217 4.01917 2.57616 1.67191 1.32379 1.16893 1.03355 0.61316 0.582725 2.19651 0.503341 0.423569 0.526352 0.642726 0.353717 0.340582 0.326311 0.862307 0.774593 0.765066 0.550923 0.434422 0.250925 0.228219 0.175997
threshold=0 84600.000000000015 102.00000000000001 124800.00000000001 1 3150.0000000000005 2 117344.00000000001 3 10.500000000000002 13500.000000000002 19968.000000000004 166500.00000000003 4 27000.000000000004 190800.00000000003 5 4.2835627800822236 3.4811217321331038 45000.000000000007 7800.0000000000009 71168.000000000015 6 31872.000000000004 0.41666666666666669 15300.000000000002 39600.000000000007 2.0126758453675748 446400.00000000006 7
decision_type=9 2 2 2 9 2 9 2 9 2 2 2 2 9 2 2 9 10 10 2 2 2 9 2 2 2 2 10 2 9
left_child=1 10 3 11 5 20 7 9 -7 12 -1 -3 -5 14 -10 16 17 18 28 -16 -2 23 26 24 -15 -24 -23 29 -6 -18
right_child=4 2 -4 6 15 8 -8 -9 13 -11 -12 -13 -14 21 19 -17 27 -19 -20 -21 -22 22 25 -25 -26 -27 -28 -29 -30 -31
leaf_value=-151.61330850111926 -5.1789271013016673 0.34227443736745045 1.4518609607766848 -1.328972859177884 -2.7829478360962123 -9.9922021307261897 13.27498971359455 1.3197855112433901 55.217612077888845 -235.32906026025267 -0.002354152095358586 90.912059046769002 1.2961503361089854 -0.30075477260361372 -4.1506707806935337 596.50206089953474 -3.0679872799317396 0.26752719051365831 -11.749994340899105 2.9757233606203517 -6.9369597065027637 -6.199415670427971 -2.1406633512460873 0.41407089567044153 -59.642093581664575 -0.53803224831226548 -10.189007990591291 1.0334777456439497 0.23675946505245521 -0.073837065984844227
leaf_weight=276 1587 3101 222 1867 6353 561 255 220 202 256 1775 254 524 472 2675 305 227 220 264 313 214 403 6350 348 215 1730 240 209 235 5033
leaf_count=276 1587 3101 222 1867 6353 561 255 220 202 256 1775 254 524 472 2675 305 227 220 264 313 214 403 6350 348 215 1730 240 209 235 5033
internal_value=-0.000374717 0.00179753 0.00267199 0.00233292 -0.00105013 -0.00168712 0.000781049 0.000230982 -0.00136889 -0.000201964 -0.00104968 0.00377569 0.000165064 -0.00124923 -0.000655841 -0.000290093 -0.000339234 -0.000594298 -0.000672601 -0.001 -0.00407931 -0.00144217 -0.00154327 -0.000602701 -0.00157475 -0.00139644 -0.00330534 -8.21137e-06 -0.000575115 -7.60179e-05
internal_weight=36906 8750 6699 6477 28156 15310 3122 2867 13509 2647 2051 3355 2391 12948 3190 12846 12541 7072 6852 2988 1801 9758 8723 1035 687 8080 643 5469 6588 5260
internal_count=36906 8750 6699 6477 28156 15310 3122 2867 13509 2647 2051 3355 2391 12948 3190 12846 12541 7072 6852 2988 1801 9758 8723 1035 687 8080 643 5469 6588 5260
cat_boundaries=0 3 6 8 11 14 17 20 22
cat_threshold=2166884352 67109377 512 1007026182 550256736 52712737 2147483648 67108865 67239942 278560 262400 0 0 33554432 20480 3187716 5283970 262144 524288 4097 0 2147483648
is_linear=0
shrinkage=0.05


Tree=162
num_leaves=31
num_cat=9
split_feature=25 18 2 20 20 25 18 2 25 3 25 18 11 25 23 20 20 11 3 24 25 10 11 20 20 20 11 18 25 20
split_gain=22.6296 9.11961 7.65059 6.81554 6.95201 4.93199 4.81638 1.35918 1.2533 1.07683 1.07178 0.927772 0.700638 0.560578 0.452918 0.426474 1.26833 1.22189 0.894155 0.87559 1.24573 0.380308 0.802966 0.434765 0.38763 0.34026 0.29357 0.628378 0.551068 0.456129
threshold=0 84600.000000000015 98.000000000000014 124800.00000000001 336600.00000000006 1 3150.0000000000005 10.500000000000002 2 78400.000000000015 3 13500.000000000002 97652.000000000015 4 5 142200.00000000003 84600.000000000015 125536.00000000001 84480.000000000015 6 7 0.75000000000000011 20240.000000000004 45000.000000000007 223200.00000000003 7800.0000000000009 110592.00000000001 7800.0000000000009 8 6300.0000000000009
decision_type=9 2 2 2 2 9 2 2 9 2 9 2 2 9 9 2 2 2 2 9 9 2 2 2 2 2 2 2 9 2
left_child=1 11 3 9 7 6 25 10 -8 14 -5 -1 21 15 -3 16 26 18 -17 -20 -21 24 -23 -24 -10 -2 27 29 -28 -7
right_child=5 2 -4 4 -6 13 8 -9 12 -11 -12 -13 -14 -15 -16 17 -18 -19 19 20 -22 22 23 -25 -26 -27 28 -29 -30 -31
leaf_value=-118.78317380378314 -4.9199807462365843 0.35330292470098357 1.2842681761903805 -1.4075220334969345 56.459225911760591 -0.097404739734282819 -9.4925920241898805 -188.66642542891441 1.7999632028303041 86.966456237481907 2.2148278011183722 -0.0022364444906997961 6.1738392512697038 0.079854787314252468 0.32516071549907793 47.173389646766374 -232.44494981554746 26.33637748415471 9.0221690689524632 -91.48290924874091 -50.311993549137334 -33.019554036007847 -2.1197616031194118 -0.52613102094265973 -138.16827605938451 -6.5901117211776254 -2.5438004442914015 38.430132970930757 -6.1544446878270724 -13.57265945380707
leaf_weight=311 1585 384 319 1902 201 1109 449 245 237 252 663 1775 290 5597 2812 211 231 457 541 516 1673 268 9495 2053 278 214 1965 354 236 283
leaf_count=311 1585 384 319 1902 201 1109 449 245 237 252 663 1775 290 5597 2812 211 231 457 541 516 1673 268 9495 2053 278 214 1965 354 236 283
internal_value=-0.00033272 0.00186796 0.00275959 0.0023843 0.000645535 -0.00102873 -0.00165278 -1.19125e-09 -0.00131962 0.00390145 0.000340864 -0.00102012 -0.00122338 -0.000323475 0.00414947 -0.000603586 -0.000942585 -0.000188236 -0.000562353 -0.000805272 -0.00124716 -0.00128152 -0.00133948 -0.00127619 4.83547e-05 -0.00407829 -0.000730566 -0.000245997 -0.00111439 -0.000724535
internal_weight=36906 8864 6778 6459 3011 28042 14869 2810 13070 3448 2565 2086 12621 13173 3196 7576 4178 3398 2941 2730 2189 12331 11816 11548 515 1799 3947 1746 2201 1392
internal_count=36906 8864 6778 6459 3011 28042 14869 2810 13070 3448 2565 2086 12621 13173 3196 7576 4178 3398 2941 2730 2189 12331 11816 11548 515 1799 3947 1746 2201 1392
cat_boundaries=0 3 6 9 12 15 16 17 20 23
cat_threshold=2150107138 67109377 262664 1006764036 550256736 52450593 67239940 278560 256 2147483648 1 8 282624 3187716 5283970 4 16 0 2097152 40960 0 3145728 8192
is_linear=0
shrinkage=0.05


Tree=163
num_leaves=31
num_cat=11
split_feature=25 2 18 20 18 25 18 24 2 25 25 3 9 18 25 25 24 25 27 27 20 3 11 25 10 20 18 2 25 11
split_gain=22.5087 10.9283 6.8332 6.13616 4.73875 3.30232 3.09917 3.33258 4.14197 2.95355 1.11326 1.03751 0.719186 1.15492 0.656844 0.621534 0.471507 0.612952 0.391257 1.28445 0.534724 0.377792 1.07499 0.946807 0.628215 0.450383 0.434422 0.37221 0.793501 0.386228
threshold=0 102.00000000000001 84600.000000000015 124800.00000000001 2400.0000000000005 1 166500.00000000003 2 93.000000000000014 3 4 78400.000000000015 15.500000000000002 31200.000000000004 5 6 7 8 4.2835627800822236 3.4811217321331038 1500.0000000000002 71168.000000000015 32384.000000000004 9 0.41666666666666669 62400.000000000007 39600.000000000007 3.5000000000000004 10 84480.000000000015
decision_type=9 2 2 2 2 9 2 9 2 9 9 2 2 2 9 9 9 9 10 10 2 2 2 9 2 2 2 2 9 2
left_child=1 2 12 11 9 10 -5 8 -8 -2 -6 -4 13 -1 16 -9 17 -7 19 20 -11 22 24 26 -12 -25 -23 28 -19 -29
right_child=4 -3 3 6 5 14 7 15 -10 18 21 -13 -14 -15 -16 -17 -18 27 -20 -21 -22 23 -24 25 -26 -27 -28 29 -30 -31
leaf_value=-1.146478673924139 -4.7239817089247556 1.6090086323519424 0.30890267972426955 -1.6321436656533479 -9.0179624229803856 -155.33873136852964 9.2882789323281028 -327.3843501631178 0.6895824454026297 -2.3166104220768315 -0.31571407116352934 82.618133425607823 13.830665805663825 -0.0021246222662739457 0.075862047947885008 945.06838835848328 2.9245237888425866 81.13966765067137 0.25902106797468605 -11.222624628862299 2.0333968333005754 -5.6217221732938931 0.53011672983156721 -1.9276421035278135 -55.009011200780961 -0.48982202372091027 -9.5735695109057826 31.434723983893857 -4.8917734302261184 -4.2621515754910009
leaf_weight=848 1781 200 3196 1960 512 363 248 433 321 256 472 252 202 1016 6167 212 984 271 220 204 586 403 334 6347 215 1801 240 214 3298 3350
leaf_count=848 1781 200 3196 1960 512 363 248 433 321 256 472 252 202 1016 6167 212 984 271 220 204 586 403 334 6347 215 1801 240 214 3298 3350
internal_value=-0.000324592 0.00186629 0.00160069 0.00238375 -0.00101998 -0.000793058 0.000796598 0.0027796 0.00551635 -0.00288127 -0.00147736 0.00384348 -0.000909092 -0.00121651 -0.000309367 0.000266361 -0.000594679 -0.000729889 -0.00100157 -0.00141221 -0.000545025 -0.00135485 -0.000444771 -0.00146196 -0.00157475 -0.00131005 -0.00330534 -0.000624914 -0.000264633 -0.000987102
internal_weight=36906 8888 8688 6622 28018 24971 3174 1214 569 3047 10324 3448 2066 1864 14647 645 8480 7496 1266 1046 842 9812 1021 8791 687 8148 643 7133 3569 3564
internal_count=36906 8888 8688 6622 28018 24971 3174 1214 569 3047 10324 3448 2066 1864 14647 645 8480 7496 1266 1046 842 9812 1021 8791 687 8148 643 7133 3569 3564
cat_boundaries=0 3 6 7 10 13 16 18 19 22 25 28
cat_threshold=2150111234 67109377 262664 738590724 546062432 18912545 48 268435456 256 33558785 67239936 278560 33024 50348032 2138112 38822018 2147483648 67108864 8 16777216 0 8192 262144 524288 4097 0 0 33554432
is_linear=0
shrinkage=0.05


Tree=164
num_leaves=31
num_cat=9
split_feature=25 2 25 18 18 20 2 11 25 25 18 25 2 11 25 3 9 3 25 18 23 20 18 11 18 27 27 20 25 18
split_gain=17.6725 11.0649 5.78175 5.64986 4.81767 4.05734 3.28463 3.08923 2.80499 2.67119 2.17314 1.06777 0.75433 0.670708 1.3259 0.548957 0.482517 1.15192 0.851995 0.825381 0.511368 0.43654 0.428489 1.96203 1.69077 0.424139 1.216 0.470057 0.417992 0.348047
threshold=0 102.00000000000001 1 31200.000000000004 2400.0000000000005 124800.00000000001 7.5000000000000009 117344.00000000001 2 3 84600.000000000015 4 10.500000000000002 84480.000000000015 5 19968.000000000004 3.5000000000000004 97652.000000000015 6 4500.0000000000009 7 14280.000000000002 142200.00000000003 91080.000000000015 75600.000000000015 4.2835627800822236 3.4811217321331038 1500.0000000000002 8 13500.000000000002
decision_type=9 2 9 2 2 2 2 2 9 9 2 9 2 2 9 2 2 2 9 2 9 2 2 2 2 10 10 2 9 2
left_child=1 2 28 21 8 6 -5 12 -2 11 -8 -6 -7 14 -11 -12 18 -18 -15 -19 -21 -4 24 -24 -20 26 27 -10 -1 -16
right_child=4 -3 3 5 9 7 10 -9 25 13 15 -13 -14 16 29 -17 17 19 22 20 -22 -23 23 -25 -26 -27 -28 -29 -30 -31
leaf_value=9.323864985711408 -4.4877826234785179 91.542012308904674 -167.28339846813299 -0.9528524988272693 -8.5670643018313655 -0.12881189390463987 0.047981608847112514 1.505103704602516 -2.2007799009729898 36.97711895882167 0.2934575457380561 -1.0351124953223596 -188.59210915227413 89.642957833778752 -3.9656728034373652 81.887239009042247 -36.546023533038351 1.9537899441943187 -2.8556411206162897 6.5948373872214692 -4.2835527001812856 -0.7891547402279685 -61.946814091990063 21.04537347644073 -96.894242793661405 0.24607001457595745 -10.661493397419179 1.931726991635544 5.3442303855023745 18.270117990047222
leaf_weight=273 1781 253 258 333 323 3413 900 214 256 261 2906 9660 284 287 1582 240 210 365 3393 919 3927 667 1296 400 311 220 204 586 205 979
leaf_count=273 1781 253 258 333 323 3413 900 214 256 261 2906 9660 284 287 1582 240 210 365 3393 919 3927 667 1296 400 311 220 204 586 205 979
internal_value=-0.000377426 0.00142298 0.00115369 0.000869729 -0.00104182 0.00128437 0.00232938 0.000113722 -0.00291407 -0.000803472 0.00272233 -0.00142721 -0.000225738 -0.000355044 0.00033286 0.0033418 -0.000530154 -0.000867602 -0.000208298 -0.000720316 -0.000893153 -0.00283172 -0.000351073 0.000306241 -0.000652996 -0.00107981 -0.00150763 -0.000663508 0.00644898 -2.1377e-05
internal_weight=36906 9946 9693 9215 26960 8290 4379 3911 3047 23913 4046 9983 3697 13930 2822 3146 11108 5421 5687 5211 4846 925 5400 1696 3704 1266 1046 842 478 2561
internal_count=36906 9946 9693 9215 26960 8290 4379 3911 3047 23913 4046 9983 3697 13930 2822 3146 11108 5421 5687 5211 4846 925 5400 1696 3704 1266 1046 842 478 2561
cat_boundaries=0 3 6 9 12 14 17 20 21 22
cat_threshold=2150111362 67109377 262664 2150105090 0 262656 268435456 256 33558785 755105796 546070624 23090465 67239936 278528 1310720 2147483652 33554432 0 1024 33554432 8 2148007938
is_linear=0
shrinkage=0.05


Tree=165
num_leaves=31
num_cat=8
split_feature=25 20 20 25 18 10 25 25 25 25 20 9 27 2 18 3 25 3 20 2 11 25 18 2 27 27 3 20 2 3
split_gain=14.3982 4.93221 5.21298 4.42939 4.04782 2.8687 2.84214 2.21814 1.50638 1.35287 1.62338 1.11601 1.06785 0.95446 0.592407 0.508744 0.953812 0.787238 0.478723 0.465346 0.440526 0.501276 0.418485 0.389389 0.385694 1.28061 0.418405 0.38479 0.32494 1.07285
threshold=0 84600.000000000015 117600.00000000001 1 2400.0000000000005 93.000000000000014 2 3 4 5 14280.000000000002 98.000000000000014 2.9700856263602158 27.500000000000004 31200.000000000004 71168.000000000015 6 45480.000000000007 7800.0000000000009 35.500000000000007 84480.000000000015 7 39600.000000000007 7.5000000000000009 4.2835627800822236 3.4811217321331038 161920.00000000003 62400.000000000007 1.5000000000000002 97652.000000000015
decision_type=9 2 2 9 2 2 9 9 9 9 2 2 8 2 2 2 9 2 2 2 2 9 2 2 8 10 2 2 2 2
left_child=1 9 19 5 6 11 18 8 -6 12 -11 13 -1 -4 -12 17 22 -10 -2 23 21 -9 -17 -3 25 -8 -26 -18 -22 -30
right_child=4 2 3 -5 7 -7 24 20 15 10 14 -13 -14 -15 -16 16 27 -19 -20 -21 28 -23 -24 -25 26 -27 -28 -29 29 -31
leaf_value=-1.5124867614656639 -4.2133934923045917 0.16978865387936823 -0.37541253557658072 8.8926713036955345 -6.3015548115881943 1.3848482821456856 0.94174374253767101 44.742595079587979 -2.3124967856489094 -160.13988144942292 -0.74969700321653365 -3.8374962796806358 6.9913396243947723 7.5235788361955205 -0.0044174715952976845 -4.9514607243990216 -1.7795043735853029 0.56343697128345693 -5.7800178898883505 76.192865233028712 -1.5535764500300144 -0.85875629969814327 -6.741045147745635 0.27878466845140792 0.41876729705219307 -10.128418727548217 -8.097553356623937 -0.41357529776873891 -33.358724464006677 -2.4660244343457012
leaf_weight=209 1605 248 3475 364 598 200 312 278 722 275 719 266 280 202 1012 386 6356 312 202 246 4639 2367 240 2910 405 204 243 1816 236 5579
leaf_count=209 1605 248 3475 364 598 200 312 278 722 275 719 266 280 202 1012 386 6356 312 202 246 4639 2367 240 2910 405 204 243 1816 236 5579
internal_value=-0.000469547 0.00110578 0.00171806 0.000602128 -0.00108819 0.000128759 -0.00282711 -0.000868855 -0.00141257 -0.000830998 -0.00140238 -0.000168569 0.00150698 5.84386e-05 -0.000839586 -0.00126067 -0.00138523 -0.000212356 -0.00405992 0.00319436 -0.000434369 0.000141669 -0.00326019 0.00335759 -0.000867348 -0.00189189 -6.15396e-05 -0.00123534 -0.000580529 -0.000829467
internal_weight=36906 10406 7911 4507 26500 4143 2971 23529 10430 2495 2006 3943 489 3677 1731 9832 8798 1034 1807 3404 13099 2645 626 3158 1164 516 648 8172 10454 5815
internal_count=36906 10406 7911 4507 26500 4143 2971 23529 10430 2495 2006 3943 489 3677 1731 9832 8798 1034 1807 3404 13099 2645 626 3158 1164 516 648 8172 10454 5815
cat_boundaries=0 3 6 9 12 15 18 21 24
cat_threshold=2150107264 2214593281 328200 128 67109121 8 268435456 8388612 33558785 738594822 545538144 23123233 67244034 16416 33024 2147483648 2147484160 262656 262144 0 4097 1048576 2097156 33554432
is_linear=0
shrinkage=0.05


Tree=166
num_leaves=31
num_cat=9
split_feature=25 25 20 18 20 18 10 25 25 25 9 2 11 25 2 27 20 20 25 2 27 27 2 25 9 3 25 18 3 3
split_gain=13.9602 6.22774 5.88024 4.29654 3.52907 3.83073 2.79586 2.79172 1.9093 1.23307 1.18892 1.75321 0.602324 0.977921 0.594575 2.03362 0.460177 0.455923 0.449739 0.385102 0.364214 1.35341 0.314174 0.303557 0.299358 1.04388 0.790443 0.742042 0.290699 0.289961
threshold=0 1 30600.000000000004 2400.0000000000005 111600.00000000001 84600.000000000015 93.000000000000014 2 3 4 98.000000000000014 29.500000000000004 84480.000000000015 5 3.5000000000000004 2.0126758453675748 7800.0000000000009 14280.000000000002 6 50.000000000000007 4.2835627800822236 3.4811217321331038 7.5000000000000009 7 3.5000000000000004 97652.000000000015 8 4500.0000000000009 253592.00000000003 71168.000000000015
decision_type=9 9 2 2 2 2 2 9 9 9 2 2 2 9 2 10 2 2 9 2 10 10 2 9 2 2 9 2 2 2
left_child=1 18 17 7 5 14 10 16 9 -5 11 -6 13 -10 15 -4 -2 -3 -1 22 21 28 -7 -14 26 -26 -25 -27 -9 -11
right_child=3 2 4 8 6 19 -8 20 12 29 -12 -13 23 -15 -16 -17 -18 -19 -20 -21 -22 -23 -24 24 25 27 -28 -29 -30 -31
leaf_value=8.4630378255329557 -4.002723817689362 -37.372480711696163 -150.88036643094179 -7.8236333461603884 -0.3053294642162655 0.081300418046885176 1.3156058680382559 2.3317595755919003 34.125087603919205 -0.16195642228850238 -3.6456214656966042 103.52146666830117 -2.8548948687794109 -0.49316258250755046 0.045803401984449016 0.76723309140970741 -5.5010170693036926 -0.71221215305577068 4.7274518850075316 74.38323389230645 0.21282814899454935 -9.6219977911708057 0.26484543502883756 85.284111163807211 -33.050786133186101 2.1922840221923252 -3.5967355793821754 -3.5765531630327803 -8.966471053992823 -1.0266605743416564
leaf_weight=291 1561 322 218 505 3527 232 200 531 356 891 253 201 249 2463 919 209 233 662 205 236 220 204 2910 287 210 360 4908 4854 263 8426
leaf_count=291 1561 322 218 505 3527 232 200 531 356 891 253 201 249 2463 919 209 233 662 205 236 220 204 2910 287 210 360 4908 4854 263 8426
internal_value=-0.000420777 0.00113254 0.000853953 -0.0010291 0.00126024 0.00219636 0.000202007 -0.0028069 -0.000801541 -0.00133313 -8.913e-05 0.000136728 -0.000418645 0.000232186 -5.93484e-05 -0.00159674 -0.00405316 -0.00280933 0.00653543 0.00309467 -0.00092683 -0.00134 0.00324109 -0.000587858 -0.000545105 -0.000805383 -0.000274198 -0.000665262 -0.000402011 -0.00119895
internal_weight=36906 10385 9889 26521 8905 4724 4181 3012 23509 9822 3981 3728 13687 2819 1346 427 1794 984 496 3378 1218 998 3142 10868 10619 5424 5195 5214 794 9317
internal_count=36906 10385 9889 26521 8905 4724 4181 3012 23509 9822 3981 3728 13687 2819 1346 427 1794 984 496 3378 1218 998 3142 10868 10619 5424 5195 5214 794 9317
cat_boundaries=0 3 6 9 12 15 18 19 20 23
cat_threshold=2150107266 2214601217 262664 2150105090 0 262656 268435456 8388864 33558785 738332676 537149536 21091617 67244032 16416 33024 1310720 2097156 33554432 2148007938 262144 0 1024 33554432
is_linear=0
shrinkage=0.05


Tree=167
num_leaves=31
num_cat=7
split_feature=25 25 20 18 20 20 25 10 25 25 25 9 8 10 20 3 3 25 3 18 27 27 10 10 2 27 2 20 20 11
split_gain=13.2852 4.4985 5.64904 4.09921 3.34084 3.48554 2.7774 2.44695 2.32539 1.40755 1.37718 1.09897 0.674258 0.564951 0.45587 0.445192 0.422242 1.03646 0.807686 0.418485 0.39165 1.28061 0.381655 0.364053 0.362352 1.53691 0.33919 0.332137 0.323188 0.28982
threshold=0 1 30600.000000000004 2400.0000000000005 124800.00000000001 84600.000000000015 2 93.000000000000014 3 4 5 98.000000000000014 1.6666666666666667 0.41666666666666669 7800.0000000000009 1620000.0000000002 71168.000000000015 6 45480.000000000007 39600.000000000007 4.2835627800822236 3.4811217321331038 49.000000000000007 0.41666666666666669 3.5000000000000004 1.7005986908310777 7.5000000000000009 14280.000000000002 62400.000000000007 84480.000000000015
decision_type=9 9 2 2 2 2 9 2 9 9 9 2 2 2 2 2 2 9 2 2 8 10 2 2 2 10 2 2 2 2
left_child=1 -1 27 6 5 24 14 10 -5 16 11 12 -6 15 -2 -11 18 19 23 -18 21 -8 26 -10 25 -4 -7 -3 -19 -30
right_child=3 2 4 8 7 22 20 -9 9 13 -12 -13 -14 -15 -16 -17 17 28 -20 -21 -22 -23 -24 -25 -26 -27 -28 -29 29 -31
leaf_value=147.46028198209098 -3.8025876268048933 -31.689061316345608 -147.90634753003755 -7.4224528924029363 -0.32572023757374974 0.15723420028298279 0.83456391849520173 1.249825574636634 -0.62377225008992809 36.059238600288516 183.88949731950061 -3.4633403924119195 1.9013255429235869 -2.1516402571651816 -5.2159661419287495 -1.2853481246865246 -4.5611429447400953 -1.6391961261889549 0.54336294383370787 -6.2703887975100425 -0.06281247525014351 -9.1408979016122665 70.664072197690984 -20.508212361051861 0.043513231885299319 0.7288714368391993 0.2516031632774684 -0.66660321194885919 -0.19156350416321857 -62.306210905693405
leaf_weight=215 1605 347 205 510 3413 248 312 200 438 204 290 266 212 12863 202 218 386 6309 312 240 657 204 236 244 920 231 2916 700 1415 388
leaf_count=215 1605 347 205 510 3413 248 312 200 438 204 290 266 212 12863 202 218 386 6309 312 240 657 204 236 244 920 231 2916 700 1415 388
internal_value=-0.000442453 0.00107146 0.000915064 -0.00103643 0.00131469 0.00223203 -0.00278337 0.000318274 -0.000815378 -0.000739721 5.85692e-05 -0.000193442 3.44626e-05 -0.000404228 -0.00400495 0.00139151 -0.00119664 -0.00130893 -0.000220885 -0.00326019 -0.000856541 -0.00189189 0.00308642 -0.00118421 8.83641e-05 -0.00109589 0.00323121 -0.00255958 -0.00115214 -0.000562328
internal_weight=36906 10399 10184 26507 9137 4756 2980 4381 23527 23017 4181 3891 3625 13285 1807 422 9732 8738 994 626 1173 516 3400 682 1356 436 3164 1047 8112 1803
internal_count=36906 10399 10184 26507 9137 4756 2980 4381 23527 23017 4181 3891 3625 13285 1807 422 9732 8738 994 626 1173 516 3400 682 1356 436 3164 1047 8112 1803
cat_boundaries=0 3 6 9 12 15 17 20
cat_threshold=2150107264 2214601473 262664 2148007936 0 262144 268435456 8388612 33558785 67244034 278560 65792 671350788 536870976 21025825 128 67109121 262144 0 4097
is_linear=0
shrinkage=0.05


Tree=168
num_leaves=31
num_cat=8
split_feature=25 25 18 20 20 11 20 18 25 25 25 25 25 20 27 27 20 18 3 25 3 18 20 10 18 3 20 27 20 20
split_gain=11.6032 5.31592 4.14319 3.69348 2.6952 2.83373 2.38841 1.99912 1.96368 1.72637 1.52466 0.956595 0.788884 0.468884 0.461292 1.2006 0.465078 0.384792 0.382958 1.06989 0.595502 0.418485 0.354483 0.346405 0.364779 0.3361 0.862474 0.471211 0.317696 1.22326
threshold=0 1 2400.0000000000005 27000.000000000004 111600.00000000001 102628.57142857143 117600.00000000001 84600.000000000015 2 3 4 5 6 7800.0000000000009 4.2835627800822236 3.4811217321331038 1500.0000000000002 39600.000000000007 71168.000000000015 7 45480.000000000007 39600.000000000007 62400.000000000007 1.0714285714285716 19800.000000000004 84480.000000000015 14280.000000000002 3.8815106545092593 27000.000000000004 14280.000000000002
decision_type=9 9 2 2 2 2 2 2 9 9 9 9 9 2 10 10 2 2 2 9 2 2 2 2 2 2 2 8 2 2
left_child=1 6 8 10 7 -6 -1 17 14 -4 23 18 -9 -10 15 16 -2 -5 20 21 -11 -20 -21 -3 -25 26 27 -13 29 -27
right_child=2 3 9 4 5 -7 -8 12 13 11 -12 25 -14 -15 -16 -17 -18 -19 19 22 -22 -23 -24 24 -26 28 -28 -29 -30 -31
leaf_value=0.11704788911738434 -2.1451271193204966 -20.945669911781252 -7.0613290342322221 0.1623058563682207 -0.6835783427290153 1.0623340872887639 0.61687218085862705 0.23902300511326757 -3.6124582454646488 -2.4257855033351396 -1.2408266607339784 -5.6249823057117743 -77.436521994127915 -4.9851678658267264 0.20532736530733475 -8.6838530065316544 2.3847476454770185 -0.008662429708783748 -4.3330857975030996 -1.6572363198795075 0.51619479664202295 -5.9568693576346519 -0.3319853289550565 -209.16847296675274 -0.8432751160562475 -1.4239335591729514 75.919174160250748 3.5625170090827396 -4.3401434920228823 117.87257879791994
leaf_weight=234 208 251 528 449 4995 375 282 3365 1587 687 1384 305 241 215 220 204 345 1092 386 6282 312 240 1813 208 627 2602 244 200 6792 233
leaf_count=234 208 251 528 449 4995 375 282 3365 1587 687 1384 305 241 215 220 204 345 1092 386 6282 312 240 1813 208 627 2602 244 200 6792 233
internal_value=-0.000461419 0.000705511 -0.00113453 0.000505038 0.000914059 0.000130304 0.005625 0.0017314 -0.00294678 -0.000890625 -0.00123382 -0.000814602 0.00237528 -0.00391952 -0.00109707 -0.00169302 -0.000477479 0.000223589 -0.00117139 -0.0012788 -0.000244756 -0.00326019 -0.0011194 -0.00262295 -0.0031362 -0.0004794 0.00053928 -0.000641027 -0.000559249 -0.000114559
internal_weight=36906 13503 23403 12987 10517 5370 516 5147 2779 20624 2470 20096 3606 1802 977 757 553 1541 9720 8721 999 626 8095 1086 835 10376 749 505 9627 2835
internal_count=36906 13503 23403 12987 10517 5370 516 5147 2779 20624 2470 20096 3606 1802 977 757 553 1541 9720 8721 999 626 8095 1086 835 10376 749 505 9627 2835
cat_boundaries=0 3 6 9 12 15 18 20 23
cat_threshold=2165836226 2231501657 67174920 2148007938 64 512 131072 3146756 8192 67244032 16416 2359552 128 67108873 65536 673447940 536879104 21025825 0 2147483649 262144 0 4097
is_linear=0
shrinkage=0.05


Tree=169
num_leaves=31
num_cat=12
split_feature=25 25 18 20 20 11 25 18 25 25 25 25 3 25 3 18 10 20 27 27 20 18 25 2 9 24 25 18 25 27
split_gain=10.8069 4.34129 4.14209 3.62703 2.56444 2.77976 2.08202 1.99912 1.74674 1.50862 0.989425 0.788884 0.519406 0.968268 0.578542 0.505152 0.452401 0.448528 0.437091 1.28061 0.428239 0.384792 0.357935 0.536635 0.828554 0.327439 0.508297 0.432325 0.425203 1.25443
threshold=0 1 2400.0000000000005 27000.000000000004 111600.00000000001 102628.57142857143 2 84600.000000000015 3 4 5 6 71168.000000000015 7 45480.000000000007 39600.000000000007 1.0714285714285716 7800.0000000000009 4.2835627800822236 3.4811217321331038 62400.000000000007 39600.000000000007 8 10.500000000000002 116.00000000000001 9 10 84600.000000000015 11 3.8815106545092593
decision_type=9 9 2 2 2 2 9 2 9 9 9 9 2 9 2 2 2 2 8 10 2 2 9 2 2 9 9 2 9 8
left_child=1 -1 6 9 7 22 18 21 -4 16 12 -9 14 15 -10 -14 -3 -8 19 -2 -15 -5 23 -6 -25 27 -27 -12 -28 -30
right_child=2 3 8 4 5 -7 17 11 10 -11 25 -13 13 20 -16 -17 -18 -19 -20 -21 -22 -23 -24 24 -26 26 28 -29 29 -31
leaf_value=0.63602822610992016 0.67359834029658883 -10.791871035286007 -6.7082625825206108 0.15419056354985516 -0.037869270205555951 1.0092173829238165 -3.4318353331914171 0.22707185485778611 -2.3074454923174672 -0.97878532769727833 19.191788861182069 -73.56469589442149 -4.2914292128491072 -3.1591868000759038 0.50062670275684573 -5.6590258897525034 -0.90110762900258123 -4.7359094725353899 0.12088757058887789 -8.249660356205073 -0.36538606250730937 -0.0082293082232354209 32.39030229116733 -165.50956555951961 -4.1113036502987148 -142.25091042741661 -1.324374503885531 -214.43211389587523 -2.0154576753649258 11.775111117281279
leaf_weight=291 312 287 528 449 3732 375 1653 3365 688 1353 665 241 403 4389 328 240 852 215 395 204 1944 1092 478 272 520 331 9858 324 689 433
leaf_count=291 312 287 528 449 3732 375 1653 3365 688 1353 665 241 403 4389 328 240 852 215 395 204 1944 1092 478 272 520 331 9858 324 689 433
internal_value=-0.000473611 0.000665589 -0.00111579 0.000527325 0.000933877 0.000170105 -0.0029288 0.0017314 -0.000874077 -0.00118685 -0.000798366 0.00237528 -0.00123189 -0.00138722 -0.000176818 -0.00322901 -0.00251521 -0.00387766 -0.000926328 -0.00189189 -0.00119228 0.000223589 -0.000141888 -0.000279984 -0.00146096 -0.000515758 -0.000592159 0.000354644 -0.000532206 0.000388006
internal_weight=36906 13307 23599 13016 10524 5377 2779 5147 20820 2492 20292 3606 7992 6976 1016 643 1139 1868 911 516 6333 1541 5002 4524 792 12300 11311 989 10980 1122
internal_count=36906 13307 23599 13016 10524 5377 2779 5147 20820 2492 20292 3606 7992 6976 1016 643 1139 1868 911 516 6333 1541 5002 4524 792 12300 11311 989 10980 1122
cat_boundaries=0 3 4 7 10 13 16 18 21 23 24 27 30
cat_threshold=2165836226 2231501593 67174920 2148007938 131072 1049600 8192 67244032 16416 2359552 128 2214592521 65536 673447940 532544 21025825 0 2147483649 262144 524288 4097 1048704 84017161 50 0 0 8192 16384 538968064 42991746
is_linear=0
shrinkage=0.05


Tree=170
num_leaves=31
num_cat=10
split_feature=25 25 18 20 20 20 10 25 25 25 25 11 2 2 18 25 18 11 9 2 18 20 27 27 25 24 20 12 2 23
split_gain=11.4925 5.27237 4.18521 2.68763 4.16598 2.38841 2.3414 2.24834 2.08202 1.36302 0.921467 0.563006 0.608893 0.90795 0.750495 0.548021 1.26777 0.529284 0.461512 1.64951 1.16692 0.448528 0.437091 1.28061 0.430201 0.346582 0.334417 0.377499 0.263873 0.243666
threshold=0 1 2400.0000000000005 54000.000000000007 111600.00000000001 117600.00000000001 93.000000000000014 2 3 4 5 66901.333333333358 3.5000000000000004 38.000000000000007 9900.0000000000018 6 19800.000000000004 80960.000000000015 98.000000000000014 31.500000000000004 68400.000000000015 7800.0000000000009 4.2835627800822236 3.4811217321331038 7 8 68400.000000000015 99152.000000000015 31.500000000000004 9
decision_type=9 9 2 2 2 2 2 9 9 9 9 2 2 2 2 9 2 2 2 2 2 2 8 10 9 9 2 2 2 9
left_child=1 5 8 15 9 -1 18 28 22 29 11 12 24 -14 -15 16 17 -3 19 -6 -20 -10 23 -2 -9 -12 27 -13 -4 -5
right_child=2 3 7 4 6 -7 -8 10 21 -11 25 26 13 14 -16 -17 -18 -19 20 -21 -22 -23 -24 -25 -26 -27 -28 -29 -30 -31
leaf_value=0.15405248481781655 0.63991842328175774 -183.55801737316409 -5.9592701939133814 0.48305388579028663 -0.36098074792098489 0.55422716051107279 1.12375672000926 -0.16964516610524927 -3.2602435665318454 -31.773349144651451 39.059075802708541 -2.887867581637511 -67.221380498219744 -3.8075515793786736 -0.14211831983154752 0.55933297747890953 -0.0078178428120736498 -26.80526537134606 4.2844352593124801 90.01064861291853 -3.6908258979499808 -4.4991139989086211 0.11484319205943574 -7.8371773383948211 0.61959016072651141 -1.1081557786912555 -8.5031511852255797 -3.546858078840069 -6.372849453394581 0.21571826211511508
leaf_weight=234 312 255 233 344 4146 282 202 568 1653 360 289 298 204 4192 1310 1744 1637 202 338 206 412 215 395 204 294 12052 624 275 351 3075
leaf_count=234 312 255 233 344 4146 282 202 568 1653 360 289 298 204 4192 1310 1744 1637 202 338 206 412 215 395 204 294 12052 624 275 351 3075
internal_value=-0.000439743 0.000726075 -0.00110707 0.000525399 0.000994495 0.005625 9.04624e-05 -0.000862653 -0.0029288 0.00226263 -0.000771947 -0.00119905 -0.00101827 -0.00120533 -0.00108285 -0.000583335 -0.00112536 -0.00345316 -0.000119515 7.80879e-05 -0.0012633 -0.00387766 -0.000926328 -0.00189189 0.000219906 -0.000502308 -0.00219767 -0.00306957 -0.00389262 0.00256631
internal_weight=36906 13437 23469 12921 9083 516 5304 20690 2779 3779 20106 7765 6568 5706 5502 3838 2094 457 5102 4352 750 1868 911 516 862 12341 1197 573 584 3419
internal_count=36906 13437 23469 12921 9083 516 5304 20690 2779 3779 20106 7765 6568 5706 5502 3838 2094 457 5102 4352 750 1868 911 516 862 12341 1197 573 584 3419
cat_boundaries=0 3 6 9 12 14 17 20 23 24 25
cat_threshold=2149059010 2231501657 67174920 2148007938 64 512 84021248 278560 2359296 131072 1049600 8192 0 2147483657 673447940 8921088 20993313 128 67108873 65536 0 0 4128 34 4
is_linear=0
shrinkage=0.05


Tree=171
num_leaves=31
num_cat=10
split_feature=25 25 18 20 20 20 25 25 10 25 25 10 2 11 25 18 3 18 20 2 2 18 27 27 24 20 11 25 2 23
split_gain=10.1718 5.43636 4.38323 2.38841 2.25113 4.43052 2.0929 2.068 2.04751 1.29111 0.805768 0.63668 0.875018 0.585948 0.526568 1.20728 0.522367 0.472175 0.450458 0.450419 0.967793 0.576131 0.437091 1.28061 0.326928 0.322279 0.477779 0.317674 0.311426 0.279521
threshold=0 1 2400.0000000000005 117600.00000000001 54000.000000000007 111600.00000000001 2 3 93.000000000000014 4 5 10.833333333333334 116.00000000000001 66901.333333333358 6 19800.000000000004 80960.000000000015 39600.000000000007 7800.0000000000009 3.5000000000000004 67.000000000000014 15300.000000000002 4.2835627800822236 3.4811217321331038 7 68400.000000000015 99152.000000000015 8 31.500000000000004 9
decision_type=9 9 2 2 2 2 9 9 2 9 9 2 2 2 9 2 2 2 2 2 2 2 8 10 9 2 2 9 2 9
left_child=1 3 6 -1 14 9 22 28 11 29 13 -7 -13 19 15 16 -3 -14 -8 27 -21 -22 23 -2 -12 26 -15 -9 -4 -6
right_child=2 4 7 -5 5 8 18 10 -10 -11 24 12 17 25 -16 -17 -18 -19 -20 20 21 -23 -24 -25 -26 -27 -28 -29 -30 -31
leaf_value=0.14634986057692459 0.60792250211766496 -173.80522927441018 -5.6613066842177444 0.52651580248493701 0.45890119150062675 0.068852472614024579 -3.0992438630785841 -0.16116290779998793 1.0675688840085058 -30.184681687418873 35.686159693754142 -3.3529266266221662 -91.521472505388985 -2.9622614510939407 0.53136632860495936 -0.0074269506716518668 -20.668536672068232 66.58471622183248 -4.2741582989631892 -69.313820985874642 -3.6071739861046241 -0.14001084339037106 0.10910103245646421 -7.4453184714750824 -1.0027479897566935 -7.7629926687135598 -3.3945150974120226 0.58861065269011303 -6.0542069807248513 0.20493234900932294
leaf_weight=234 312 244 233 282 344 4106 1662 568 202 360 291 410 258 336 1744 1637 201 306 215 206 4180 1288 395 204 12181 594 210 294 334 3075
leaf_count=234 312 244 233 282 344 4106 1662 568 202 360 291 410 258 336 1744 1637 201 306 215 206 4180 1288 395 204 12181 594 210 294 334 3075
internal_value=-0.000447872 0.000651136 -0.00107442 0.005625 0.000446933 0.00087664 -0.00293549 -0.000824204 -5.86689e-05 0.00218328 -0.000738592 -0.000255806 -0.00140369 -0.00114204 -0.000569489 -0.00110315 -0.00341163 -0.000123676 -0.00388301 -0.00096054 -0.00112227 -0.000994517 -0.000926328 -0.00189189 -0.000489428 -0.00218914 -0.00306569 0.000104165 -0.00377375 0.00247887
internal_weight=36906 13403 23503 516 12887 9061 2788 20715 5282 3779 20148 5080 974 7676 3826 2082 445 564 1877 6536 5674 5468 911 516 12472 1140 546 862 567 3419
internal_count=36906 13403 23503 516 12887 9061 2788 20715 5282 3779 20148 5080 974 7676 3826 2082 445 564 1877 6536 5674 5468 911 516 12472 1140 546 862 567 3419
cat_boundaries=0 3 6 9 12 14 17 19 20 23 24
cat_threshold=2149059010 2231501657 67109384 2148007938 64 512 131072 1049600 8192 84017152 278560 2359296 0 2147483657 673452036 532480 20993057 128 67108873 34 0 0 4128 4
is_linear=0
shrinkage=0.05


Tree=172
num_leaves=31
num_cat=13
split_feature=25 25 18 20 25 25 20 20 18 25 20 25 23 2 20 20 25 11 27 27 24 20 25 25 25 3 20 25 18 3
split_gain=8.36652 5.62759 4.68127 2.38841 2.13401 2.12497 1.83704 1.57202 1.13241 0.778711 0.804141 0.761859 0.666861 0.636871 0.466516 0.480789 0.638989 0.819616 0.437091 1.28061 0.425537 1.51091 0.700923 0.452737 0.411926 0.517599 0.391448 0.365025 0.299339 1.78787
threshold=0 1 2400.0000000000005 117600.00000000001 2 3 27000.000000000004 124800.00000000001 84600.000000000015 4 14280.000000000002 5 6 7.5000000000000009 84600.000000000015 62400.000000000007 7 66901.333333333358 4.2835627800822236 3.4811217321331038 8 489600.00000000006 9 10 11 15872.000000000002 7800.0000000000009 12 7800.0000000000009 359200.00000000006
decision_type=9 9 2 2 9 9 2 2 2 9 2 9 9 2 2 2 9 2 8 10 9 2 9 9 9 2 2 9 2 2
left_child=1 3 5 -1 -4 18 9 8 27 10 -3 14 -12 -10 15 16 -6 -18 19 -2 21 22 -13 -22 25 -16 -7 -8 -25 -30
right_child=2 6 4 -5 11 26 7 -9 13 -11 12 20 -14 -15 24 -17 17 -19 -20 -21 23 -23 -24 28 -26 -27 -28 -29 29 -31
leaf_value=0.13903236754808859 0.57752637701178411 -32.148168078922588 -5.7214979358382365 0.50019001236069016 15.64927400923507 -2.9483050273280575 -0.0070556031379965141 -0.52310407365330325 -0.014963858221017291 -0.98438102661662019 -0.15529000787810221 10.056426654762792 -127.36866927558783 0.19468573155900232 -68.038014386014311 -0.11301184617324225 -2.2043528721071217 -3.1797890933939925 0.10364598083364096 -7.0730525479013302 -135.03281971762371 -2.6038393417411214 0.75363024348043839 -2.4347695014280997 -5.4545399758791175 -91.175662208923313 -4.0904503673257295 4.0948231394110284 -0.94261665563751085 24.444361256903953
leaf_weight=234 312 295 548 282 659 1664 1056 4234 460 1420 531 782 201 3146 312 1297 4768 519 395 204 331 540 306 4998 464 527 208 575 5089 549
leaf_count=234 312 295 548 282 659 1664 1056 4234 460 1420 531 782 201 3146 312 1297 4768 519 395 204 331 540 306 4998 464 527 208 575 5089 549
internal_value=-0.000483094 0.000572874 -0.00101944 0.005625 -0.00077198 -0.00294973 0.0003487 0.000664519 0.00124356 -0.000871786 -0.00191049 -0.000690447 -0.00103542 0.0017378 -0.00105515 -0.000899242 -0.00108944 -0.001271 -0.000926328 -0.00189189 -0.000442216 0.000310974 0.00138532 -0.000554241 -0.0019272 -0.00257932 -0.00390658 0.000150029 -0.000495869 -0.000246455
internal_weight=36906 12434 24472 516 21689 2783 11918 9471 5237 2447 1027 21141 732 3606 8546 7243 5946 5287 911 516 12595 1628 1088 10967 1303 839 1872 1631 10636 5638
internal_count=36906 12434 24472 516 21689 2783 11918 9471 5237 2447 1027 21141 732 3606 8546 7243 5946 5287 911 516 12595 1628 1088 10967 1303 839 1872 1631 10636 5638
cat_boundaries=0 3 6 9 12 14 17 18 21 22 25 28 31 33
cat_threshold=2149063106 2164392793 67109384 2148007938 64 512 84017152 278560 262145 131072 1049600 8192 192 2147483649 673447940 532480 31478816 8 0 0 25165824 50 0 2097152 40960 0 0 8192 262144 524288 25169920 4096 513
is_linear=0
shrinkage=0.05


Tree=173
num_leaves=31
num_cat=11
split_feature=25 25 18 20 25 25 20 11 20 25 25 20 23 25 3 24 10 27 27 9 11 2 12 20 18 11 25 25 20 18
split_gain=8.06581 5.25638 4.8103 2.645 2.44475 2.12015 1.60575 2.03441 1.94006 1.77758 0.684123 0.934801 1.05277 0.607705 0.523086 0.789006 0.520358 0.437091 1.28061 0.407894 0.406299 0.394024 0.637302 0.390672 0.377225 0.360889 0.325378 0.317497 0.177864 0.758901
threshold=0 1 2400.0000000000005 117600.00000000001 2 3 54000.000000000007 102628.57142857143 124800.00000000001 4 5 14280.000000000002 6 7 50600.000000000007 8 98.000000000000014 4.2835627800822236 3.4811217321331038 93.000000000000014 66901.333333333358 3.5000000000000004 200704.00000000003 7800.0000000000009 15300.000000000002 50600.000000000007 9 10 4200.0000000000009 450.00000000000006
decision_type=9 9 2 2 9 9 2 2 2 9 9 2 9 9 2 9 2 8 10 2 2 2 2 2 2 2 9 9 2 2
left_child=1 3 5 -1 -4 17 10 8 9 -8 11 -3 -13 20 -15 -16 19 18 -2 -17 21 25 -23 28 -24 -6 -11 -22 29 -7
right_child=2 6 4 -5 13 23 7 -9 -10 26 -12 12 -14 14 15 16 -18 -19 -20 -21 27 22 24 -25 -26 -27 -28 -29 -30 -31
leaf_value=0.13208074917067733 0.54865005816119727 -57.474832638938601 -5.4654217348966974 0.47518051174120046 -0.4909998655363132 -3.4649707259057205 0.18495144498083393 66.976792950716487 -1.2765247204600447 -0.0056391048118257462 0.73213667996946585 -131.13902922064301 -0.0028339926068580842 7.6425517978216924 69.430075656209766 -1.09318369399185 0.46150875716557493 0.098463681791961299 -6.719399920506266 -2.5113713529863162 -11.218944572117927 -51.744008976166839 -3.3015976396177509 -3.8859278489594433 -0.17735970891218358 0.39379777574531549 -59.036792793546695 -6.9121117950169726 -2.694853943684921 -5.3063594095792856
leaf_weight=234 312 334 509 282 538 548 3195 407 4195 259 2285 285 1562 293 227 11437 345 395 204 619 295 205 4177 208 1271 298 268 607 731 381
leaf_count=234 312 334 509 282 538 548 3195 407 4195 259 2285 285 1562 293 227 11437 345 395 204 619 295 205 4177 208 1271 298 268 607 731 381
internal_value=-0.000438389 0.000545877 -0.00099314 0.0054356 -0.000732605 -0.00294678 0.000343695 0.000754263 0.00057646 0.00140709 -0.000420771 -0.00105107 -0.000613847 -0.000645051 -0.000437255 -0.000486145 -0.000540161 -0.000926328 -0.00189189 -0.000595456 -0.00100703 -0.000869667 -0.00101945 -0.00390426 -0.000915598 0.000143197 -0.00127087 -0.00200221 -0.00418171 -0.00370032
internal_weight=36906 13306 23600 516 20821 2779 12790 8324 7917 3722 4466 2181 1847 20312 12921 12628 12401 911 516 12056 7391 6489 5653 1868 5448 836 527 902 1660 929
internal_count=36906 13306 23600 516 20821 2779 12790 8324 7917 3722 4466 2181 1847 20312 12921 12628 12401 911 516 12056 7391 6489 5653 1868 5448 836 527 902 1660 929
cat_boundaries=0 3 6 9 12 14 17 18 21 22 24 27
cat_threshold=2149063106 2164392793 75497992 2148007938 64 512 84017152 16416 328960 131072 1049600 8192 0 2147483657 192 9 8 4 673185796 8192 23089185 34 0 272 0 0 4097
is_linear=0
shrinkage=0.05


Tree=174
num_leaves=31
num_cat=11
split_feature=25 25 18 20 25 25 20 11 20 25 11 25 27 27 25 20 24 20 18 11 2 2 12 20 18 25 2 18 25 25
split_gain=7.91263 5.28496 4.67691 2.645 2.22598 2.04424 1.81112 1.73883 1.86306 1.78977 0.747877 0.524343 0.437091 1.28061 0.428765 1.78995 0.397034 1.45396 0.62475 0.388931 0.386001 0.370423 0.654026 0.370414 0.341412 0.337185 0.906416 0.739294 0.325378 0.303845
threshold=0 1 2400.0000000000005 117600.00000000001 2 3 54000.000000000007 102628.57142857143 124800.00000000001 4 354200.00000000006 5 4.2835627800822236 3.4811217321331038 6 14280.000000000002 7 489600.00000000006 172650.00000000003 66901.333333333358 7.5000000000000009 3.5000000000000004 200704.00000000003 7800.0000000000009 15300.000000000002 8 3.5000000000000004 6300.0000000000009 9 10
decision_type=9 9 2 2 9 9 2 2 2 9 2 9 8 10 9 2 9 2 2 2 2 2 2 2 2 9 2 2 9 9
left_child=1 3 5 -1 -4 12 10 8 9 -8 14 19 13 -2 15 -3 17 18 -13 21 -17 -6 -23 -7 -24 -18 -27 -28 -11 -10
right_child=2 6 4 -5 11 23 7 -9 29 28 -12 16 -14 -15 -16 20 25 -19 -20 -21 -22 22 24 -25 -26 26 27 -29 -30 -31
leaf_value=0.12547671171214461 0.52121755525313584 -120.61751076768047 -5.1921506481518627 0.45142148615559563 0.037422992408099279 -2.6601112465006751 0.17570387273153756 63.627953303180405 -1.5843513863925929 -0.0053571495712304799 -3.7661404540246624 8.3245563760173109 0.09354049770236042 -6.3834299244809536 0.39738949562060955 -1.5467121365800267 -1.3008205727873901 -2.3453508404896355 0.76958579576274655 -7.5832713589025609 0.043438876649088347 -49.156808527358493 -3.1365177576368639 -3.6916314565114705 -0.16849172346657043 29.716718480000239 1.1901525547711702 -7.1454659513395047 -56.084953153869357 2.8089537096137067
leaf_weight=234 312 254 533 282 836 1660 3235 407 3806 259 214 750 395 204 2406 368 9711 538 338 902 1406 205 4177 208 1271 221 348 664 268 494
leaf_count=234 312 254 533 282 836 1660 3235 407 3806 259 214 750 395 204 2406 368 9711 538 338 902 1406 205 4177 208 1271 221 348 664 268 494
internal_value=-0.000426196 0.00053023 -0.000986258 0.0054356 -0.000725509 -0.00291082 0.000332469 0.000767913 0.000606398 0.0014187 -0.000460216 -0.000638613 -0.000926328 -0.00189189 -0.000320109 -0.000852942 -0.000441108 0.000286934 0.00133945 -0.000973255 -0.000292794 -0.000838855 -0.000984086 -0.00385107 -0.0008789 -0.000549472 0.000228914 -0.00040434 -0.00127087 -0.000104604
internal_weight=36906 13633 23273 516 20494 2779 13117 8469 8062 3762 4648 19961 911 516 4434 2028 12570 1626 1088 7391 1774 6489 5653 1868 5448 10944 1233 1012 527 4300
internal_count=36906 13633 23273 516 20494 2779 13117 8469 8062 3762 4648 19961 911 516 4434 2028 12570 1626 1088 7391 1774 6489 5653 1868 5448 10944 1233 1012 527 4300
cat_boundaries=0 3 6 9 12 14 17 20 21 24 26 29
cat_threshold=2149325250 2164392793 75497992 2148007938 64 512 84017152 278560 328960 131072 1049600 8192 262144 2147483657 673185796 8192 23089185 262336 257 8 50 16384 614465536 33562754 0 272 1048704 131337 8388608
is_linear=0
shrinkage=0.05


Tree=175
num_leaves=31
num_cat=13
split_feature=25 25 18 20 25 25 20 9 23 20 25 3 20 24 10 25 20 25 23 18 25 20 27 27 25 2 18 27 23 3
split_gain=7.33318 5.07374 4.83689 2.77808 2.13986 2.05529 1.7176 1.49839 1.58704 1.25239 1.05651 0.947496 0.900528 1.27596 0.905759 0.829236 0.804141 0.769661 0.666861 0.646647 0.644429 0.428813 0.352442 1.28061 0.337453 0.241627 0.9067 0.215733 0.18765 0.178766
threshold=0 1 2400.0000000000005 117600.00000000001 2 3 27000.000000000004 3.5000000000000004 4 111600.00000000001 5 475136.00000000006 489600.00000000006 6 0.29166666666666669 7 14280.000000000002 8 9 84600.000000000015 10 7800.0000000000009 4.2835627800822236 3.4811217321331038 11 10.500000000000002 68400.000000000015 5.0782890901091458 12 1620000.0000000002
decision_type=9 9 2 2 9 9 2 2 9 2 9 2 2 9 2 9 2 9 9 2 9 2 8 10 9 2 2 8 9 2
left_child=1 3 4 -1 21 -4 15 8 24 19 25 12 13 20 -15 16 -3 -16 -18 -9 -7 -2 23 -6 -8 28 -27 -24 -11 -26
right_child=2 6 5 -5 22 11 7 9 -10 10 -12 -13 -14 14 17 -17 18 -19 -20 -21 -22 -23 27 -25 29 26 -28 -29 -30 -31
leaf_value=0.11920287612654193 -2.5271056841756412 -30.597235983755965 -4.9325431157442692 0.42885041184781586 0.49515667749048142 0.50995390077296177 -1.72705973714335 0.041266932816506598 -37.204067033491533 -0.9838957138512342 5.6084224668866201 32.008686455678685 -2.8217645915355996 9.0012460360805573 -8.0294533106298935 -0.32777041521974298 -0.14955575168623911 -0.86006713729324247 -116.19475009218291 0.16691867909466965 7.0233777424662556 -3.4470498693807827 0.34803768247536482 -6.0642584282569034 79.715189546126453 6.547462931334147 -170.13162044895802 -1.9998943675996506 4.5534700152118601 1.5717555485266979
leaf_weight=234 1581 295 429 282 312 227 1718 1081 448 623 313 206 755 271 1442 1501 531 17352 201 3149 800 202 200 204 206 331 273 259 1260 220
leaf_count=234 1581 295 429 282 312 227 1718 1081 448 623 313 206 755 271 1442 1501 531 17352 201 3149 800 202 200 204 206 331 273 259 1260 220
internal_value=-0.00043297 0.000541882 -0.000942192 0.00534091 -0.00291304 -0.000689351 0.000333003 0.000637987 -0.000389361 0.00101678 0.000196287 -0.000617851 -0.000651591 -0.000587739 -0.00068014 -0.000826088 -0.00191049 -0.000721963 -0.00103542 0.00155955 0.00112127 -0.00393593 -0.000987843 -0.00189189 0.000177072 -0.000154063 -0.0010231 1.08448e-05 0.000124667 0.00141552
internal_weight=36906 12666 24240 516 2758 21482 12150 9622 2592 7030 2800 21053 20847 20092 19065 2528 1027 18794 732 4230 1027 1783 975 516 2144 2487 604 459 1883 426
internal_count=36906 12666 24240 516 2758 21482 12150 9622 2592 7030 2800 21053 20847 20092 19065 2528 1027 18794 732 4230 1027 1783 975 516 2144 2487 604 459 1883 426
cat_boundaries=0 3 6 9 12 13 15 16 18 21 22 24 27 28
cat_threshold=2149063106 2164261721 67142153 2148007938 64 512 268435456 8388612 33558784 67239936 540704 327936 4 1048640 257 48 192 2147483649 134217728 8388608 18886688 8 0 67108864 128 2147483664 67108872 4
is_linear=0
shrinkage=0.05


Tree=176
num_leaves=31
num_cat=9
split_feature=25 25 18 20 20 20 25 25 2 25 20 23 2 18 25 25 3 20 12 3 18 20 27 27 2 20 25 3 18 0
split_gain=8.24429 4.82161 4.80768 2.77808 2.10772 3.2966 1.9434 1.87686 1.15854 0.566234 0.952566 0.944383 0.536035 1.18708 1.1147 0.995186 0.668439 0.571993 1.1817 0.526786 0.451227 0.41262 0.388461 1.28061 0.333008 0.286121 1.17441 0.659154 0.279161 0.271486
threshold=0 1 2400.0000000000005 117600.00000000001 54000.000000000007 124800.00000000001 2 3 1.5000000000000002 4 14280.000000000002 5 3.5000000000000004 4500.0000000000009 6 7 101200.00000000001 10200.000000000002 89600.000000000015 89600.000000000015 84600.000000000015 7800.0000000000009 4.2835627800822236 3.4811217321331038 31.500000000000004 252000.00000000003 8 80960.000000000015 68400.000000000015 3.5000000000000004
decision_type=9 9 2 2 2 2 9 9 2 9 2 9 2 2 9 9 2 2 2 2 2 2 8 10 2 2 9 2 2 2
left_child=1 3 7 -1 9 8 24 22 -6 10 -3 -12 15 -14 -15 16 19 -16 -19 -8 -10 29 23 -2 -4 27 -27 -7 -28 -9
right_child=2 4 6 -5 5 25 12 21 20 -11 11 -13 13 14 17 -17 -18 18 -20 -21 -22 -23 -24 -25 -26 26 28 -29 -30 -31
leaf_value=0.1132427323202137 0.47039884361595574 -54.363009267705756 -2.3211888619576713 0.40740789125557059 2.1229554676494446 -0.24661045622437847 32.503843961775424 -6.4166807320413755 -4.4722250881511272 0.35012222101374446 -118.69500464817273 -0.0069275834498254713 1.4189415901988867 -4.1348312427097884 -28.723777651166746 -0.9427761872833571 132.80465807793266 175.2493235686361 -0.86706378042857757 -1.1313741277528606 0.15857274513982703 -3.3046974069061594 0.11842133248249734 -5.7610455068440558 -4.6859159599570557 1559.5648832741354 5.3052748180724469 -179.61720119703912 -373.04352219797869 -2.4007503999668596
leaf_weight=234 312 334 239 282 275 3049 301 498 201 1706 285 1562 588 246 219 8491 202 293 10685 268 3149 215 395 204 297 236 488 258 252 1142
leaf_count=234 312 334 239 282 275 3049 301 498 201 1706 285 1562 588 246 219 8491 202 293 10685 268 3149 215 395 204 297 236 488 258 252 1142
internal_value=-0.000390973 0.000665015 -0.000919455 0.00534091 0.000455237 0.000924145 -0.000670836 -0.00288295 0.00203336 -0.000497558 -0.00102827 -0.000586805 -0.000594463 -0.000814844 -0.00092748 -0.000308723 0.00139847 -0.000850657 -0.000800548 0.000534149 0.00177506 -0.0037895 -0.0009805 -0.00189189 -0.00361314 -1.51704e-05 0.000736195 -0.000237233 -0.000265959 -0.00408039
internal_weight=36906 12311 24595 516 11795 7908 21829 2766 3625 3887 2181 1847 21293 12031 11443 9262 771 11197 10978 569 3350 1855 911 516 536 4283 976 3307 740 1640
internal_count=36906 12311 24595 516 11795 7908 21829 2766 3625 3887 2181 1847 21293 12031 11443 9262 771 11197 10978 569 3350 1855 911 516 536 4283 976 3307 740 1640
cat_boundaries=0 3 6 9 12 15 16 19 22 25
cat_threshold=2165836226 2147484489 67109385 2148007938 64 512 67239936 540704 2424832 131072 1049600 8192 192 9 8 4 262144 32768 16777216 262144 1024 50331648 192 1 9
is_linear=0
shrinkage=0.05


Tree=177
num_leaves=31
num_cat=10
split_feature=25 25 18 20 20 25 20 25 18 2 3 25 11 18 25 25 3 11 25 0 20 20 27 27 25 20 23 2 27 10
split_gain=8.33273 5.18867 5.085 2.19584 2.23551 2.00225 1.87493 1.86965 1.71369 0.964447 0.676003 1.53135 1.10389 0.67461 0.619216 0.535931 0.515797 0.820868 0.569506 0.447828 0.442279 0.407369 0.388461 1.28061 0.353124 1.1392 0.435841 0.34232 1.13765 0.321293
threshold=0 1 2400.0000000000005 27000.000000000004 124800.00000000001 2 117600.00000000001 3 84600.000000000015 3.5000000000000004 104448.00000000001 4 101200.00000000001 9900.0000000000018 5 6 71168.000000000015 79936.000000000015 7 3.5000000000000004 489600.00000000006 7800.0000000000009 4.2835627800822236 3.4811217321331038 8 14280.000000000002 9 7.5000000000000009 1.8688348091416842 0.75000000000000011
decision_type=9 9 2 2 2 9 2 9 2 2 2 9 2 2 9 9 2 2 9 2 2 2 8 10 9 2 9 2 10 2
left_child=1 6 7 24 8 -4 -1 22 19 -10 12 -12 14 -13 29 -15 18 -18 -16 27 -17 -9 23 -2 25 -3 -27 28 -5 -7
right_child=2 3 5 4 -6 10 -8 21 9 -11 11 13 -14 15 16 20 17 -19 -20 -21 -22 -23 -24 -25 -26 26 -28 -29 -30 -31
leaf_value=0.10758059570421211 0.44687890143515291 -111.96690642703027 -4.4516201619592026 -141.11709163687098 -0.76237954631578764 -0.21494179441870076 17.96740424900376 -2.2807128799685166 1.7168076942667541 0.15064410788254465 -3.0780885123233022 -2.4818229010527553 3.5344809764268073 22.784591563401047 -1.192755874354998 -0.1121900664176792 -8.9452193478571651 -0.43064339441203292 0.6293032489274113 26.81690471836438 -2.0622782719150901 -3.1394625365608508 0.11250026585837201 -5.4729932315018521 -1.0603616935096682 -0.14173158492940274 -106.94025659252571 0.039549965348123807 0.44636689664607732 -18.895563109070785
leaf_weight=248 312 250 448 209 4146 217 357 1664 216 3149 656 8593 319 778 1466 3069 270 5048 848 279 635 215 395 204 406 531 207 900 220 651
leaf_count=248 312 250 448 209 4146 217 357 1664 216 3149 656 8593 319 778 1466 3069 270 5048 848 279 635 215 395 204 406 531 207 900 220 651
internal_value=-0.000374717 0.000769091 -0.000867831 0.000506887 0.000789934 -0.000623479 0.0052269 -0.00288324 0.00150452 0.00214583 -0.000556246 -0.00077587 -0.000214829 -0.000655232 -0.000323454 -0.000158342 -0.000177919 -0.000449249 0.000444731 0.000161489 -0.000409043 -0.00377843 -0.0009805 -0.00189189 -0.00133954 -0.00184 -0.000864866 -0.000221639 -0.00138051 -0.00157955
internal_weight=36906 11118 25788 10513 9119 22998 605 2790 4973 3365 22550 13731 8819 13075 8500 4482 7632 5318 2314 1608 3704 1879 911 516 1394 988 738 1329 429 868
internal_count=36906 11118 25788 10513 9119 22998 605 2790 4973 3365 22550 13731 8819 13075 8500 4482 7632 5318 2314 1608 3704 1879 911 516 1394 988 738 1329 429 868
cat_boundaries=0 3 6 9 12 15 18 21 24 27 28
cat_threshold=2165835970 2147484489 67109384 2164787202 64 512 67239936 8929312 65536 131072 1049600 8192 262144 132096 25432321 2097152 2097152 18874400 16384 2097152 33555488 536871168 132096 16384 192 1 8 8
is_linear=0
shrinkage=0.05


Tree=178
num_leaves=31
num_cat=11
split_feature=25 18 25 18 25 25 20 20 10 11 25 2 3 3 10 25 20 27 27 24 20 25 25 10 25 25 3 3 3 18
split_gain=7.2137 6.68617 3.5025 3.07715 2.89452 2.04402 1.40167 2.36387 1.31031 1.26723 0.82512 2.14425 0.807419 0.538816 0.482767 0.89586 0.419886 0.389474 1.28061 0.471871 0.353547 1.32293 1.00319 0.360087 0.645228 0.299346 0.342207 0.327974 0.27616 0.250509
threshold=0 2400.0000000000005 1 172650.00000000003 2 3 54000.000000000007 124800.00000000001 93.000000000000014 253592.00000000003 4 1.5000000000000002 97652.000000000015 156800.00000000003 10.833333333333334 5 7800.0000000000009 4.2835627800822236 3.4811217321331038 6 27000.000000000004 7 8 0.41666666666666669 9 10 101200.00000000001 71168.000000000015 80960.000000000015 13500.000000000002
decision_type=9 2 9 2 9 9 2 2 2 2 9 2 2 2 2 9 2 8 10 9 2 9 9 2 9 9 2 2 2 2
left_child=3 4 6 -1 16 -4 9 10 14 12 11 -8 29 -14 28 -16 -2 18 -6 -19 22 -22 -7 -23 -25 27 -27 -24 -9 -3
right_child=1 2 5 -5 17 20 7 8 -10 -11 -12 -13 13 -15 15 -17 -18 19 -20 -21 21 23 25 24 -26 26 -28 -29 -30 -31
leaf_value=0.10220156591899468 -2.2148390313294879 -4.9962632361038501 -4.2290391538612431 17.78628532132425 0.42453495636339372 24.93368073653475 50.439298385937406 0.75986894145796535 0.89841919967730066 -3.6141848830251551 -3.3821253245236096 0.14311190248845379 3.0332673967907797 0.37790101683638738 -2.5309799111186297 2.8630600446834631 -3.1424888995170495 0.31908971843454315 -5.1993435699267598 -9.5811323558373154 -23.270732619253252 9.1268570378717424 0.35269815523698755 -60.241458388290496 -0.81810108808625737 -16.800774545633914 -3.0406763833108132 -0.3741052081985885 -65.745041376267181 -0.0081286547343552232
leaf_weight=231 1600 1733 467 254 312 288 262 3625 200 335 412 3212 301 467 469 605 233 512 204 234 439 415 395 339 12576 211 1631 2758 511 1675
leaf_count=231 1600 1733 467 254 312 288 262 3625 200 335 412 3212 301 467 469 605 233 512 204 234 439 415 395 339 12576 211 1631 2758 511 1675
internal_value=-0.000400456 -0.000481845 -0.000275445 0.0055835 -0.00270423 -0.000706314 0.000333959 0.000685092 9.23754e-06 -0.000388878 0.00162551 0.00187321 -0.000150791 0.00131169 -0.0001439 -0.00108736 -0.00396477 -0.000832026 -0.00189189 -0.000106953 -0.000624739 -0.000758479 -0.000277201 -0.000667068 -0.000714176 -0.000444379 -0.0009493 -0.000146921 0.000101497 -0.00048094
internal_weight=36906 36421 33326 485 3095 19519 13807 9296 5410 4511 3886 3474 4176 768 5210 1074 1833 1262 516 746 19052 13769 5283 13330 12915 4995 1842 3153 4136 3408
internal_count=36906 36421 33326 485 3095 19519 13807 9296 5410 4511 3886 3474 4176 768 5210 1074 1833 1262 516 746 19052 13769 5283 13330 12915 4995 1842 3153 4136 3408
cat_boundaries=0 3 6 9 12 14 16 17 20 23 26 29
cat_threshold=2164260866 64 512 1317312 2232420125 67108872 268435456 8388865 33558785 67764224 540704 262144 262144 265 0 67108865 8 16388 8388608 8388609 0 0 33562625 2097152 0 16777472 16388 537133056 8392704
is_linear=0
shrinkage=0.05


Tree=179
num_leaves=28
num_cat=11
split_feature=25 18 25 18 25 25 11 2 23 20 18 3 20 24 25 10 20 27 27 24 18 25 25 25 20 18 20
split_gain=7.61717 6.35765 3.29008 2.94602 2.89452 2.29025 1.79893 0.748023 1.68726 1.3289 0.766539 0.525717 0.613372 0.899218 0.927447 0.785317 0.419886 0.389474 1.28061 0.471871 0.351732 0.351451 0.223964 0.179745 0.125945 0.342703 0.0346763
threshold=0 2400.0000000000005 1 172650.00000000003 2 3 253592.00000000003 5.5000000000000009 4 20400.000000000004 87300.000000000015 589824.00000000012 489600.00000000006 5 6 0.29166666666666669 7800.0000000000009 4.2835627800822236 3.4811217321331038 7 84600.000000000015 8 9 10 6300.0000000000009 450.00000000000006 54000.000000000007
decision_type=9 2 9 2 9 9 2 2 9 2 2 2 2 9 9 2 2 8 10 9 2 9 9 9 2 2 2
left_child=3 4 20 -1 16 6 7 8 -4 -9 -11 12 13 14 -7 -15 24 18 -6 23 26 -10 -14 -19 25 -2 -3
right_child=1 2 5 -5 17 11 -8 9 21 10 -12 -13 22 15 -16 -17 -18 19 -20 -21 -22 -23 -24 -25 -26 -27 -28
leaf_value=0.098695312684218259 -2.6875462275133759 -2.1570300522251955 -1.9909976097434994 16.896971055258472 0.40330820854522131 0.91092747208010738 -3.4334756388739152 -42.358220099125504 2.1058771723084369 0.087978899817608189 -0.0022468134477094284 3.2463475342056882 -2.2960459049621633 8.6905145722161254 -2.6345216402129155 -0.82719603368194616 -2.9853644545411968 0.30313523251281826 -4.9393763914304207 -9.102075738045448 -0.44988154484599363 -0.65970550864578181 -0.45256428847060309 -0.67740175285827364 -1.9559352844036164 -4.5260767066191718 -4.0175871961681811
leaf_weight=250 507 245 499 254 312 972 335 233 934 5308 2249 246 389 253 206 17571 233 296 204 234 221 3061 340 216 730 363 245
leaf_count=250 507 245 499 254 312 972 335 233 934 5308 2249 246 389 253 206 17571 233 296 204 234 221 3061 340 216 730 363 245
internal_value=-0.000451936 -0.000537157 -0.000335796 0.00558139 -0.00270423 -0.000261593 0.000265615 0.000364641 -0.000149023 0.000660933 0.000775895 -0.000594578 -0.000623576 -0.000568829 0.000764705 -0.000657099 -0.00396477 -0.000832026 -0.00189189 -0.000106953 -0.0036722 0.000193894 -0.00204514 0.000744274 -0.00427591 -0.00384174 -0.00447155
internal_weight=36906 36402 33307 504 3095 32596 12619 12284 4494 7790 7557 19977 19731 19002 1178 17824 1833 1262 516 746 711 3995 729 512 1600 870 490
internal_count=36906 36402 33307 504 3095 32596 12619 12284 4494 7790 7557 19977 19731 19002 1178 17824 1833 1262 516 746 711 3995 729 512 1600 870 490
cat_boundaries=0 3 6 9 12 13 14 17 18 20 23 26
cat_threshold=2164260866 64 262656 67764224 540704 2097153 268435456 8388865 33558785 1313216 2165344013 67174408 8 50 0 67108864 33562624 8 264192 1025 0 67108864 4096 131072 2147484672 8192
is_linear=0
shrinkage=0.05


Tree=180
num_leaves=31
num_cat=10
split_feature=25 18 18 25 25 25 25 20 3 20 10 25 10 11 25 18 20 27 27 24 2 12 11 12 25 10 24 27 20 18
split_gain=7.70034 6.41082 4.89395 3.24385 2.76013 2.34905 2.12894 1.30189 1.2863 0.90079 0.971317 1.37286 0.847472 0.832791 0.730273 0.470558 0.408384 0.403241 1.28061 0.52556 0.372649 0.360788 0.264224 0.999393 0.740374 0.7104 0.237048 0.233312 0.143834 0.309764
threshold=0 2400.0000000000005 39600.000000000007 1 2 3 4 27000.000000000004 245912.00000000003 111600.00000000001 7.5000000000000009 5 93.000000000000014 97652.000000000015 6 84600.000000000015 7800.0000000000009 4.2835627800822236 3.4811217321331038 7 5.5000000000000009 338840.00000000006 9408.0000000000018 71168.000000000015 8 0.41666666666666669 9 4.3630783395783075 6300.0000000000009 450.00000000000006
decision_type=9 2 2 9 9 9 9 2 2 2 2 9 2 2 9 2 2 8 10 9 2 2 2 2 9 2 9 10 2 2
left_child=2 4 -1 21 16 -4 22 8 13 10 11 -9 14 20 -11 -12 28 18 -6 27 -8 -3 25 -24 -25 -5 -26 -19 29 -2
right_child=1 3 5 6 17 -7 7 9 -10 12 15 -13 -14 -15 -16 -17 -18 19 -20 -21 -22 -23 23 24 26 -27 -28 -29 -30 -31
leaf_value=14.648153756501626 -2.5531689161377074 -3.8167078363597717 -62.108750445041238 -0.88803399815446937 0.38314279811795926 15.297122847010906 -0.36404014610455993 -1.7414477292564698 -3.5218010606121428 -0.83248098720536046 0.033579954826564062 4.2050916861054253 0.80795186608884251 2.7432942219491814 8.075984175369376 0.13155736237313251 -2.8360962318141376 2.9487268516273049 -4.6924075718589 -8.6469719511431773 -0.83863751793705887 -0.34238698242115789 0.87642037887115132 -8.8406978576334954 34.357768430267313 -33.83669659178512 -0.78583623199784824 -0.16202152911282611 -1.8581385201834353 -4.2997728712882139
leaf_weight=201 507 577 300 451 312 218 3685 351 365 4894 1043 648 200 362 443 3146 233 250 204 234 727 254 321 499 233 228 14725 202 730 363
leaf_count=201 507 577 300 451 312 218 3685 351 365 4894 1043 648 200 362 443 3146 233 250 204 234 727 254 321 499 233 228 14725 202 730 363
internal_value=-0.000423487 -0.000525844 0.004658 -0.000324547 -0.00272473 0.00213461 -0.000244488 0.000168807 -0.000485315 0.000482426 0.000955683 -0.000444557 3.88145e-05 -0.000265914 -8.14771e-05 0.00128967 -0.00393767 -0.000831962 -0.00189189 -4.36058e-05 -0.00045537 -0.00338672 -0.000642724 -0.000601395 -0.000658841 -0.00160793 -0.000593856 0.000948275 -0.0042447 -0.0037844
internal_weight=36906 36187 719 33152 3035 518 32321 15864 5139 10725 5188 999 5537 4774 5337 4189 1833 1202 516 686 4412 831 16457 15778 15457 679 14958 452 1600 870
internal_count=36906 36187 719 33152 3035 518 32321 15864 5139 10725 5188 999 5537 4774 5337 4189 1833 1202 516 686 4412 831 16457 15778 15457 679 14958 452 1600 870
cat_boundaries=0 3 6 9 11 14 16 19 20 23 24
cat_threshold=2164260866 1048640 262656 67764224 8929312 2098177 268435456 8388865 33558785 0 1048640 706760708 2498560 63992226 2048 1 1048704 83886089 67141632 8 0 0 16781344 34
is_linear=0
shrinkage=0.05


Tree=181
num_leaves=31
num_cat=10
split_feature=25 18 25 25 20 25 25 25 20 2 25 20 25 27 27 25 2 9 18 3 11 20 20 18 20 11 11 3 10 25
split_gain=6.43538 3.7323 3.16146 2.71874 1.94429 2.02051 0.969237 0.958969 0.913579 0.635755 0.523409 0.508302 0.499605 0.451669 1.111 0.402312 0.526875 0.499331 0.421174 0.412621 0.86465 0.37482 0.346831 0.711802 0.319018 0.640298 0.894809 0.334185 0.317906 0.317503
threshold=0 3570.0000000000005 1 2 54000.000000000007 3 4 5 111600.00000000001 31.500000000000004 6 2550.0000000000005 7 4.2835627800822236 3.4811217321331038 8 5.5000000000000009 27.500000000000004 84600.000000000015 71168.000000000015 80960.000000000015 7800.0000000000009 6300.0000000000009 450.00000000000006 124800.00000000001 125536.00000000001 102628.57142857143 101200.00000000001 10.333333333333334 9
decision_type=9 2 9 9 2 9 9 9 2 2 9 2 9 10 8 9 2 2 2 2 2 2 2 2 2 2 2 2 2 9
left_child=1 21 -2 -3 6 7 -4 -6 10 12 -7 13 -10 14 -8 17 29 18 19 -5 -21 22 23 -1 27 26 -26 -9 -18 -17
right_child=2 3 4 15 5 8 11 24 9 -11 -12 -13 -14 -15 -16 16 28 -19 -20 20 -22 -23 -24 -25 25 -27 -28 -29 -30 -31
leaf_value=-2.4255104703308219 20.717043638949963 -0.76026733170147054 -0.46801582521041402 0.40260143893760303 -0.85955039188265803 0.05345557960204133 0.36398565821206436 -58.122051730532803 -1.1405168440272975 83.099541083544139 0.12497949425451226 0.087559641763379922 7.2321894393335242 0.10052557328366288 -4.577787305322687 86.309725807601353 -278.48971228638044 27.233991686938989 -214.75361901803717 -7.7736582857872243 -1.6952615792956274 -2.5242919280550042 -1.7652315941742636 -3.7947760285088679 -9.9423492203956698 0.81255403317336461 -1.9370967078650325 -54.241974525867363 -5.879679402549665 -0.64025096583625329
leaf_weight=547 409 673 8489 497 226 1299 312 228 3818 282 3483 5158 335 220 298 234 223 203 297 212 3008 214 730 366 3546 401 218 289 203 488
leaf_count=547 409 673 8489 497 226 1299 312 228 3818 282 3483 5158 335 220 298 234 223 203 297 212 3008 214 730 366 3546 401 218 289 203 488
internal_value=-0.000477675 -0.00174213 -0.000132827 -0.00114073 -0.000196059 0.000221206 -0.000603289 -0.000597562 0.000657166 0.00014086 0.00113712 -0.000115001 -1.5645e-05 -0.00126202 -0.00196079 -0.000757859 -0.00158621 -0.000528495 -0.000652392 -0.000506858 -0.000713844 -0.00370361 -0.00396049 -0.00329508 -0.000438859 -0.000293978 -0.000496549 -0.00160886 -0.00299066 -0.000773482
internal_weight=36906 7895 29011 6038 28602 14125 14477 4908 9217 4435 4782 5988 4153 830 610 5365 1148 4217 4014 3717 3220 1857 1643 913 4682 4165 3764 517 426 722
internal_count=36906 7895 29011 6038 28602 14125 14477 4908 9217 4435 4782 5988 4153 830 610 5365 1148 4217 4014 3717 3220 1857 1643 913 4682 4165 3764 517 426 722
cat_boundaries=0 3 6 9 12 15 18 20 23 26 29
cat_threshold=472514562 13262948 56972577 2164260864 1048576 512 67764226 16416 327681 1052676 83886608 76554370 537133248 69206025 8200 0 0 8388608 536872960 256 128 2149580809 8 0 4 33558816 134217728 131072 16777216
is_linear=0
shrinkage=0.05


Tree=182
num_leaves=31
num_cat=7
split_feature=18 25 25 25 25 20 20 9 11 3 11 18 18 10 10 2 25 18 18 11 3 25 3 3 20 27 27 24 3 20
split_gain=6.55076 4.45882 3.44454 3.00956 2.50224 1.40247 1.68886 1.7452 1.23834 0.903335 0.856042 1.04575 1.232 0.729456 0.580033 0.936281 0.442019 0.703867 0.529612 0.476741 1.35045 0.470614 1.07949 0.445986 0.420801 0.408914 1.28061 0.505714 0.391426 0.371031
threshold=2400.0000000000005 0 1 2 3 27000.000000000004 124800.00000000001 3.5000000000000004 88750.000000000015 253592.00000000003 80960.000000000015 13500.000000000002 4500.0000000000009 93.000000000000014 10.833333333333334 116.00000000000001 4 11700.000000000002 9900.0000000000018 91080.000000000015 71168.000000000015 5 313344.00000000006 50600.000000000007 7800.0000000000009 4.2835627800822236 3.4811217321331038 6 122880.00000000001 54000.000000000007
decision_type=2 9 9 9 9 2 2 2 2 2 2 2 2 2 2 2 9 2 2 2 2 9 2 2 2 8 10 9 2 2
left_child=4 3 -3 -2 24 9 7 8 -7 10 11 12 -5 14 -8 -16 17 19 28 20 23 -20 -23 -4 -1 26 -6 -27 -18 -9
right_child=1 2 16 5 25 6 13 29 -10 -11 -12 -13 -14 -15 15 -17 18 -19 21 -21 -22 22 -24 -25 -26 27 -28 -29 -30 -31
leaf_value=-1.8269700144655503 128.50770005727222 -0.92225396511494184 -0.93376186236205294 -3.0236084224290654 0.34578637530146583 -1.6606243175061537 0.49125407092783996 0.059600626530846058 2.1816193446741581 -67.50645025432955 2.2766738356312834 0.12669514922035888 -67.347694577385695 0.72692657112493186 -2.107970484108431 0.69722847752232164 1.0945387598429039 -6.1799975313127113 -0.58022300641606539 15.016987227548908 -0.60823841754443042 0.040780449814747044 76.586242405560512 0.3974716328274383 -2.568076823820681 0.13551584964162658 -4.2288978279998224 -8.0085589796756569 -2.534586273377923 0.11873051954171387
leaf_weight=1653 228 810 238 327 312 358 3996 928 379 301 425 558 311 200 406 532 1297 1638 5777 604 243 1973 221 274 233 452 204 243 8464 3321
leaf_count=1653 228 810 238 327 312 358 3996 928 379 301 425 558 311 200 406 532 1297 1638 5777 604 243 1973 221 274 233 452 204 243 8464 3321
internal_value=-0.000424841 -0.000223153 -0.000656351 0.000537371 -0.00262504 0.000426413 0.000661923 0.00131716 -0.000926929 -0.000810812 -0.000341961 -0.00102671 -0.00240625 2.53103e-05 -9.522e-05 -0.00121277 -0.000530111 -0.00109173 -0.000434514 -0.000253491 -0.00108983 -0.000132323 0.000489573 0.000369649 -0.00375659 -0.000821751 -0.00189189 -3.58692e-05 -0.000681656 0.00170666
internal_weight=36906 33809 21539 12270 3097 12042 10120 4986 737 1922 1621 1196 638 5134 4934 938 20729 2997 17732 1359 755 7971 2194 512 1886 1211 516 695 9761 4249
internal_count=36906 33809 21539 12270 3097 12042 10120 4986 737 1922 1621 1196 638 5134 4934 938 20729 2997 17732 1359 755 7971 2194 512 1886 1211 516 695 9761 4249
cat_boundaries=0 3 6 9 12 15 18 19
cat_threshold=2165315776 2214627085 67109640 67764226 16416 360449 2164260864 0 768 268435456 2097413 33558785 136314884 663616 31478816 33816576 540016640 8322 8
is_linear=0
shrinkage=0.05


Tree=183
num_leaves=31
num_cat=10
split_feature=25 18 25 25 25 20 20 9 23 25 20 11 10 10 2 24 10 2 3 18 25 20 18 25 20 20 18 27 27 25
split_gain=6.63126 3.75238 3.1191 2.9015 2.40898 1.64513 1.80916 1.37531 1.26508 0.866005 1.18574 0.662384 0.612213 0.627372 0.900411 0.459003 0.458231 1.02462 0.42855 0.501594 0.558169 0.366898 0.439317 0.36214 0.347549 0.383455 0.710029 0.344773 1.23162 0.333375
threshold=0 3570.0000000000005 1 2 3 27000.000000000004 124800.00000000001 3.5000000000000004 4 5 14280.000000000002 97652.000000000015 93.000000000000014 10.833333333333334 116.00000000000001 6 1.0714285714285716 25.500000000000004 84480.000000000015 16500.000000000004 7 54000.000000000007 84600.000000000015 8 7800.0000000000009 6300.0000000000009 450.00000000000006 3.4811217321331038 4.2835627800822236 9
decision_type=9 2 9 9 9 2 2 2 9 9 2 2 2 2 2 9 2 2 2 2 9 2 2 9 2 2 2 10 10 9
left_child=1 24 -2 -3 18 9 7 8 -7 10 -6 16 13 23 -15 -12 -5 -18 19 -4 -21 -9 -23 -8 25 26 -1 29 -29 -20
right_child=2 3 4 11 5 6 12 21 -10 -11 15 -13 -14 14 -16 -17 17 -19 27 20 -22 22 -24 -25 -26 -27 -28 28 -30 -31
leaf_value=-2.2128864460910029 153.8901463369229 -0.92594888795891217 -0.27120778390593048 -1.1888903074825583 -120.71765651259989 3.2205139831190537 -0.81805191961721002 0.056620595204367422 -1.5775931016309188 -0.53072242609226794 -103.52432323611745 6.1471876182011336 0.69058024256810313 -2.0025719599036385 0.025336987888969986 -0.064640248394607622 -70.74241925121423 -2.278628529993548 0.2751206551017617 38.552846449881322 -6.0103763458959296 -11.815117048570574 0.11279399356426439 1.2959400953375735 -2.309673499997964 -1.5856215137422731 -3.5136887263601468 -4.0574529699784305 0.088723502137393787 -0.70125622186880043
leaf_weight=547 217 840 2361 4486 262 390 3069 959 336 1559 200 312 200 406 562 538 245 290 695 219 275 203 3149 978 218 730 354 232 220 11854
leaf_count=547 217 840 2361 4486 262 390 3069 959 336 1559 200 312 200 406 562 538 245 290 695 219 275 203 3149 978 218 730 354 232 220 11854
internal_value=-0.000423487 -0.00169405 -6.99071e-05 -0.00110364 -0.000116288 0.000393432 0.000676808 0.00135245 -0.000659342 -0.000739947 -0.00187747 -0.00066698 2.39589e-05 -8.47132e-05 -0.00122681 -0.000864866 -0.000807288 -0.00218808 -0.000528108 2.62501e-05 0.00147177 0.0016914 0.00144305 0.000188934 -0.00367099 -0.00392223 -0.00321706 -0.000650236 -0.00200441 -0.000601149
internal_weight=36906 8022 28884 6173 28667 12811 10252 5037 726 2559 1000 5333 5215 5015 968 738 5021 535 15856 2855 494 4311 3352 4047 1849 1631 901 13001 452 12549
internal_count=36906 8022 28884 6173 28667 12811 10252 5037 726 2559 1000 5333 5215 5015 968 738 5021 535 15856 2855 494 4311 3352 4047 1849 1631 901 13001 452 12549
cat_boundaries=0 3 6 9 12 13 16 17 19 22 24
cat_threshold=472514566 4874340 57005345 2164262912 0 512 67764226 16416 360705 570703872 540279824 9445506 4 192 67108865 8 8 262144 2098176 128 257 67108872 0 1024
is_linear=0
shrinkage=0.05


Tree=184
num_leaves=31
num_cat=8
split_feature=18 25 25 25 25 20 25 20 9 25 20 23 10 10 11 12 25 10 20 27 27 20 20 11 2 18 20 3 3 11
split_gain=6.13086 4.3891 2.65503 2.57487 1.44716 0.98688 0.922223 0.825549 1.62168 0.877415 0.774713 0.668185 0.593926 0.522165 0.459912 1.13295 0.892364 0.860427 0.505574 0.44123 1.28061 0.459851 0.420801 0.395784 0.283436 0.267675 0.265527 0.421946 1.4309 0.234035
threshold=2400.0000000000005 0 1 2 3 27000.000000000004 4 111600.00000000001 3.5000000000000004 5 14280.000000000002 6 93.000000000000014 10.833333333333334 9408.0000000000018 71168.000000000015 7 0.41666666666666669 42000.000000000007 4.2835627800822236 3.4811217321331038 1500.0000000000002 7800.0000000000009 93184.000000000015 31.500000000000004 84600.000000000015 6300.0000000000009 687680.00000000012 161920.00000000003 84480.000000000015
decision_type=2 9 9 9 9 2 9 2 2 9 2 9 2 2 2 2 9 2 2 8 10 2 2 2 2 2 2 2 2 2
left_child=3 24 14 22 -4 6 10 8 9 -7 -6 -12 13 -9 17 -16 18 -3 23 20 -5 -21 26 -17 -2 -10 27 28 -1 -8
right_child=1 2 4 19 5 7 29 12 25 -11 11 -13 -14 -15 15 16 -18 -19 -20 21 -22 -23 -24 -25 -26 -27 -28 -29 -30 -31
leaf_value=-4.9880042900421389 -0.42984382246213504 -0.30007057802327969 152.69764869150194 0.31474102378130286 -69.024264785361268 -1.4987134465496639 -0.15764458137140025 0.56348570301861012 0.049490687258730764 1.911512157986377 -98.830251043226085 0.093590430073163589 0.65605123043933422 -1.6383516090944519 1.04704154374449 -0.51838198129307789 -0.66619341077536098 -31.571278011334176 -6.4915333935461605 -3.6335029785767454 -3.8145802881009105 0.12430388205267491 -2.3241893076297488 -1.2974829626768043 -3.4954489353030169 0.10715429388583289 -1.5063404380551597 -2.102242123786453 0.35155443742826092 0.69490049165238066
leaf_weight=378 290 487 203 312 243 348 3403 4103 1100 569 272 553 200 1189 378 202 14911 310 617 211 204 484 233 247 554 3149 730 314 231 481
leaf_count=378 290 487 203 312 243 348 3403 4103 1100 569 272 553 200 1189 378 202 14911 310 617 211 204 484 233 247 554 3149 730 314 231 481
internal_value=-0.000480385 -0.000285263 -0.000193318 -0.00260891 0.000273932 0.000217641 -0.000365363 0.000488742 0.000942336 -0.000963004 -0.00165741 -0.000937123 6.18845e-05 -3.96687e-05 -0.000623982 -0.000567037 -0.000631142 -0.001796 -0.00202226 -0.000780868 -0.00189189 3.58668e-05 -0.00375659 -0.00331486 -0.00382009 0.0013538 -0.0040574 -0.00347568 -0.00269231 -5.13466e-06
internal_weight=36906 33809 32965 3097 15813 15610 4952 10658 5166 917 1068 825 5492 5292 17152 16355 15977 797 1066 1211 516 695 1886 449 844 4249 1653 923 609 3884
internal_count=36906 33809 32965 3097 15813 15610 4952 10658 5166 917 1068 825 5492 5292 17152 16355 15977 797 1066 1211 516 695 1886 449 844 4249 1653 923 609 3884
cat_boundaries=0 3 6 9 12 14 16 17 20
cat_threshold=67764226 16416 360705 707018756 3022912 66090146 268435456 2097413 33558785 2147483648 256 512 192 67108873 2048 1 4 262148 64 16782368
is_linear=0
shrinkage=0.05


Tree=185
num_leaves=31
num_cat=9
split_feature=18 25 25 25 25 20 20 10 25 10 27 27 20 20 25 10 3 18 3 25 20 2 12 2 24 25 18 18 10 20
split_gain=6.10039 4.19733 2.52917 2.36072 1.35001 1.3092 1.49562 0.610287 0.535036 0.52147 0.44123 1.28061 0.459851 0.409638 0.358217 0.471348 0.492517 0.699321 0.444169 0.335828 0.802045 0.295717 0.29159 0.27934 0.262969 0.379264 0.400401 0.272047 0.247379 0.237328
threshold=2400.0000000000005 0 1 2 3 45000.000000000007 111600.00000000001 93.000000000000014 4 10.833333333333334 4.2835627800822236 3.4811217321331038 1500.0000000000002 7800.0000000000009 5 1.0714285714285716 71168.000000000015 9900.0000000000018 50600.000000000007 6 14280.000000000002 7.5000000000000009 84480.000000000015 31.500000000000004 7 8 68400.000000000015 84600.000000000015 1.0714285714285716 6300.0000000000009
decision_type=2 9 9 9 9 2 2 2 9 2 8 10 2 2 9 2 2 2 2 9 2 2 2 2 9 9 2 2 2 2
left_child=2 23 13 14 -5 19 8 9 -7 -8 11 -4 -12 29 22 16 18 -18 -16 20 -6 -22 -3 -2 25 26 -24 -26 -10 -1
right_child=1 3 10 4 5 6 7 -9 28 -11 12 -13 -14 -15 15 -17 17 -19 -20 -21 21 -23 24 -25 27 -27 -28 -29 -30 -31
leaf_value=-2.0471300175971301 -0.40835163134033792 12.258844392114025 0.29900397259223438 145.06276625692681 -43.728548742291636 -35.403028628168009 0.52468274324973263 0.62324866891722197 22.437881911428192 -1.5687065003730822 -3.4518278296479084 -3.6238512736958626 0.11808868795004629 -2.2079798422482613 -0.72970030184758827 -51.539122883350217 -0.49246288222841489 -2.0147378475099686 0.39969081481432911 0.036213532893877604 -1.9236827782210939 0.047016152895957931 -1.736910229884292 -3.3206764885378663 15.980288223810113 -0.53288374023659346 -66.444979856637289 -198.94186285096819 0.1017965791914321 -1.4310234161524016
leaf_weight=923 287 302 312 203 382 351 4251 200 320 1232 211 204 484 233 530 332 235 598 284 4072 3214 1564 385 532 561 10107 337 310 3220 730
leaf_count=923 287 302 312 203 382 351 4251 200 320 1232 211 204 484 233 530 332 235 598 284 4072 3214 1564 385 532 561 10107 337 310 3220 730
internal_value=-0.000469547 -0.000274912 -0.00259277 -0.000186354 0.000176383 0.000131256 0.000540934 2.37455e-05 0.00129591 -7.56621e-05 -0.000780868 -0.00189189 3.58668e-05 -0.00373024 -0.000679269 -0.00130337 -0.00096119 -0.00181437 -8.57855e-05 -0.000293482 -0.000560713 -0.000384938 -0.000575164 -0.0037846 -0.000615281 -0.000682134 -0.00178474 0.000220837 0.00147804 -0.00402719
internal_weight=36906 33809 3097 32990 19009 18806 9574 5683 3891 5483 1211 516 695 1886 13981 1979 1647 833 814 9232 5160 4778 12002 819 11700 10829 722 871 3540 1653
internal_count=36906 33809 3097 32990 19009 18806 9574 5683 3891 5483 1211 516 695 1886 13981 1979 1647 833 814 9232 5160 4778 12002 819 11700 10829 722 871 3540 1653
cat_boundaries=0 3 6 9 12 14 17 20 21 24
cat_threshold=67764226 16416 295169 268435456 2097413 33558785 707018756 3022912 32601250 2147483648 256 512 1050624 8389136 570703872 2097152 9511074 192 2214592513 33554440 8 262144 0 8224
is_linear=0
shrinkage=0.05


Tree=186
num_leaves=31
num_cat=8
split_feature=18 25 25 25 25 10 11 18 27 27 20 20 8 25 20 3 12 25 10 11 20 20 3 3 20 25 3 27 25 2
split_gain=5.84618 3.8412 2.52917 1.70929 1.20441 0.752557 0.988377 0.673345 0.44123 1.28061 0.459851 0.424578 0.670492 0.660108 0.409638 0.33305 0.913876 0.814488 0.814293 0.361839 0.721491 0.237328 0.421946 1.4309 0.206681 1.18228 0.406283 0.193047 0.176666 0.0244087
threshold=2400.0000000000005 0 1 2 3 93.000000000000014 253592.00000000003 172650.00000000003 4.2835627800822236 3.4811217321331038 1500.0000000000002 345300.00000000006 3.2500000000000004 4 7800.0000000000009 19968.000000000004 71168.000000000015 5 0.41666666666666669 96500.000000000015 42000.000000000007 6300.0000000000009 687680.00000000012 161920.00000000003 45000.000000000007 6 122880.00000000001 4.3630783395783075 7 31.500000000000004
decision_type=2 9 9 9 9 2 2 2 8 10 2 2 2 9 2 2 2 9 2 2 2 2 2 2 2 9 2 10 9 2
left_child=2 7 14 15 -5 6 11 29 9 -4 -10 12 -6 -13 21 18 -17 19 28 20 -18 22 23 -1 26 -26 -19 -12 -3 -2
right_child=1 3 8 4 5 -7 -8 -9 10 -11 27 13 -14 -15 -16 16 17 24 -20 -21 -22 -23 -24 -25 25 -27 -28 -29 -30 -31
leaf_value=-4.6362475746601746 -0.46783973811700436 -1.0061416468612834 0.28405377396261766 122.23020333035169 0.046706750231533083 0.56208620447723667 -64.181439475595468 -0.40793488900526431 -3.2792364381655128 -3.4426587100110684 2.5158396418921201 -1.6961817658102203 19.722904283741045 5.681396396450328 -2.0975808501358482 1.234705858033192 -1.9807635855748231 14.391152801512408 -33.407780674036964 -1.7715169803247592 -3.8562167773513467 -1.3594722453447816 -1.8947735167172739 0.43633321643670409 -0.41255632707907353 -0.14628260631990775 -2.36353782532872 -0.18227832741046088 2.2256023433789087 -3.1546426641109728
leaf_weight=378 200 253 312 240 13357 226 284 353 211 204 282 599 627 604 233 350 238 728 298 324 260 730 314 231 226 5114 8839 202 227 462
leaf_count=378 200 253 312 240 13357 226 284 353 211 204 282 599 627 604 233 350 238 728 298 324 260 730 314 231 226 5114 8839 202 227 462
internal_value=-0.000514253 -0.000323712 -0.00259277 -0.000229228 0.000142014 8.68917e-05 4.49158e-05 -0.00333496 -0.000780868 -0.00189189 3.58668e-05 9.9742e-05 0.000177319 -0.000800831 -0.00373024 -0.000580059 -0.000531374 -0.000587694 -0.00158974 -0.00211031 -0.00298 -0.00402719 -0.00347568 -0.00269231 -0.00050171 -0.000252716 -0.000641134 0.000884772 -0.000311205 -0.00430723
internal_weight=36906 33809 3097 32794 15937 15697 15471 1015 1211 516 695 15187 13984 1203 1886 16857 16079 15729 778 822 498 1653 923 609 14907 5340 9567 484 480 662
internal_count=36906 33809 3097 32794 15937 15697 15471 1015 1211 516 695 15187 13984 1203 1886 16857 16079 15729 778 822 498 1653 923 609 14907 5340 9567 484 480 662
cat_boundaries=0 3 6 9 12 14 17 20 23
cat_threshold=67764226 16480 295169 268435456 2097413 33558785 707018756 2629632 66154658 2164262912 32768 512 0 2214723592 262148 0 16781344 0 0 8388608 0 0 4096
is_linear=0
shrinkage=0.05


Tree=187
num_leaves=31
num_cat=10
split_feature=18 25 25 25 25 20 11 20 25 20 24 27 27 2 25 20 20 11 11 3 25 12 25 27 18 18 25 3 20 3
split_gain=6.33257 4.31638 2.02884 1.55225 1.15587 0.642206 0.888177 0.699336 1.30669 0.814256 0.650712 0.615067 0.921885 0.598261 0.51349 0.478863 0.468001 0.379613 0.811555 0.445856 0.685263 0.362822 0.343195 1.42035 0.293528 0.221318 1.13548 0.532321 0.198064 0.405478
threshold=2400.0000000000005 0 1 2 3 54000.000000000007 359200.00000000006 345300.00000000006 4 979200.00000000012 5 3.4811217321331038 4.3630783395783075 31.500000000000004 6 1500.0000000000002 7800.0000000000009 50600.000000000007 426.66666666666669 52224.000000000007 7 168960.00000000003 8 3.6505739029280164 172650.00000000003 9900.0000000000018 9 99152.000000000015 6300.0000000000009 687680.00000000012
decision_type=2 9 9 9 9 2 2 2 9 2 9 10 10 2 9 2 2 2 2 2 9 2 9 8 2 2 9 2 2 2
left_child=2 13 16 17 -5 6 22 8 -7 14 -10 15 -13 24 -9 -4 28 18 -3 -19 -21 -17 23 -6 -2 27 -27 -22 29 -1
right_child=1 3 11 4 5 7 -8 9 10 -11 -12 12 -14 -15 -16 21 -18 19 -20 20 25 -23 -24 -25 -26 26 -28 -29 -30 -31
leaf_value=-2.0892800055998446 -0.44444775121114621 -0.1849235155524924 -3.265274616257237 116.93917599471871 -0.39420827918056606 45.185093438074823 -2.27867877542633 -19.80312694957744 0.094371412719920056 93.813210587206143 -0.099357778025296287 -3.2055255325156566 -0.17316441103994296 -2.9969105309054243 -1.6918255064241983 1.9537137771070776 -1.8027022868503999 0.33297066288315025 -28.025586723193442 -7.9484077826515209 13.82159550714373 -4.9550628146400024 -0.0076699922603438615 18.640063012311213 -0.11753730532072951 -0.99192851072584753 -0.13754594938377501 -2.1946633997985572 -1.2914986330775429 -1.8000348408814102
leaf_weight=517 219 480 282 250 669 307 237 403 4966 333 3017 222 202 661 440 401 202 268 267 414 583 228 5478 201 283 355 5533 8445 729 314
leaf_count=517 219 480 282 250 669 307 237 403 4966 333 3017 222 202 661 440 401 202 268 267 414 583 228 5478 201 283 355 5533 8445 729 314
internal_value=-0.000510189 -0.000311882 -0.00267344 -0.000204545 0.000140684 8.68444e-05 -0.000292243 0.000350654 0.000512541 -0.000789475 0.000385865 -0.00116927 -0.00274648 -0.00328936 -0.00161539 -0.000443594 -0.00378241 -0.000548696 -0.00164887 -0.000496155 -0.000531569 0.00032488 -0.000179529 0.00073696 -0.00200397 -0.000474278 -0.000235994 -0.000630123 -0.00409731 -0.00354742
internal_weight=36906 33809 3097 32646 16301 16051 6585 9466 8290 1176 7983 1335 424 1163 843 911 1762 16345 747 15598 15330 629 6348 870 502 14916 5888 9028 1560 831
internal_count=36906 33809 3097 32646 16301 16051 6585 9466 8290 1176 7983 1335 424 1163 843 911 1762 16345 747 15598 15330 629 6348 870 502 14916 5888 9028 1560 831
cat_boundaries=0 3 6 9 12 14 15 18 21 24 27
cat_threshold=84541442 540768 296193 268435456 1 33558784 706756612 2138112 66154626 2147485696 262400 512 262144 2147614728 48 1048640 9 8 4 0 16781312 1048576 1049600 32 0 0 8388608
is_linear=0
shrinkage=0.05


Tree=188
num_leaves=31
num_cat=12
split_feature=18 25 25 25 25 11 24 20 20 20 25 27 27 24 25 2 25 27 11 2 27 25 10 2 20 3 3 25 25 3
split_gain=5.87046 4.48993 3.76609 2.52352 1.45824 0.924199 0.732403 0.691653 0.79108 0.580574 0.551902 0.482325 1.28061 0.491606 0.478517 0.550848 0.409193 1.29838 0.405849 0.318952 0.310011 0.277206 0.272956 0.242952 0.167758 1.19108 1.08304 0.327001 0.270734 0.288479
threshold=2400.0000000000005 0 1 2 3 110592.00000000001 4 45000.000000000007 111600.00000000001 7800.0000000000009 5 4.2835627800822236 3.4811217321331038 6 7 5.5000000000000009 8 3.6505739029280164 110592.00000000001 8.5000000000000018 4.3630783395783075 9 10.333333333333334 31.500000000000004 62400.000000000007 110592.00000000001 89600.000000000015 10 11 71168.000000000015
decision_type=2 9 9 9 9 2 9 2 2 2 9 8 10 9 9 2 9 8 2 2 10 9 2 2 2 2 2 9 9 2
left_child=3 -2 23 5 14 9 -6 16 10 -1 -9 12 -5 20 24 21 17 -8 -10 -18 -13 -16 -17 -3 28 26 -26 -27 -4 -30
right_child=1 2 4 11 6 -7 7 8 18 -11 -12 13 -14 -15 15 22 19 -19 -20 -21 -22 -23 -24 -25 25 27 -28 -29 29 -31
leaf_value=-1.3269237014236659 110.20206958523084 -1.0803959758535939 12.950517119382676 0.20671184073385246 97.418848833676009 -1.7620124375493249 -0.37449786522154227 -73.040279177561757 0.051075748024871817 -1.9025666932865357 0.089652842083887671 2.999340732343251 -3.110249497884729 -7.2283641771608034 -0.39577537693391557 -303.28781701833952 -0.1072864926474722 17.768062978776676 -0.76586934427614328 -24.116628230908926 -0.16450619048794124 -0.42222536365059116 -1.5740070625990485 -2.8470650043601533 -50.975421098952921 -0.19233208518999165 -67.398606094209754 0.55795187456042183 0.1413205740577638 -2.3407489384260591
leaf_weight=1448 221 200 643 312 381 218 669 327 5761 233 3624 237 204 243 514 216 8179 200 449 278 202 625 215 500 1549 259 482 1815 525 6177
leaf_count=1448 221 200 643 312 381 218 669 327 5761 233 3624 237 204 243 514 216 8179 200 449 278 202 625 215 500 1549 259 482 1815 525 6177
internal_value=-0.000477675 -0.000286742 -0.000334525 -0.0025605 -0.000256536 -0.00368655 1.30773e-05 -3.00027e-05 0.000255337 -0.00410279 0.000808246 -0.000735538 -0.00189189 0.000131578 -0.000667589 -0.00148546 -0.00034091 0.000686718 -9.65884e-05 -0.000446925 0.00111973 -0.000915864 -0.00301386 -0.00393259 -0.000554006 -0.000298272 -0.00115839 0.000544315 -0.000697565 -0.000790886
internal_weight=36906 33809 33588 3097 32888 1899 19868 19487 10161 1681 3951 1198 516 682 13020 1570 9326 869 6210 8457 439 1139 431 700 11450 4105 2031 2074 7345 6702
internal_count=36906 33809 33588 3097 32888 1899 19868 19487 10161 1681 3951 1198 516 682 13020 1570 9326 869 6210 8457 439 1139 431 700 11450 4105 2031 2074 7345 6702
cat_boundaries=0 3 6 9 12 13 16 17 20 23 26 29 32
cat_threshold=2147483650 0 512 84017152 278560 33025 268435456 3145985 33558785 673988612 3809344 32593058 34 2048 8389392 8192 8 536887296 3145728 9506978 1048576 8389632 262144 134479872 655360 16777216 0 1048576 8454144 0 0 8388608
is_linear=0
shrinkage=0.05


Tree=189
num_leaves=31
num_cat=7
split_feature=18 25 25 25 10 27 27 12 25 3 10 25 20 9 2 20 25 10 3 20 3 20 20 12 25 2 18 2 20 3
split_gain=6.22272 4.62618 2.11346 1.7193 0.821724 0.676956 0.921885 0.675074 1.19046 0.90328 1.88512 0.874112 0.69507 0.602833 0.557986 0.984955 0.484065 0.700217 0.497841 0.870844 0.832624 0.462277 0.359478 0.362822 0.318716 0.318203 0.254032 0.240833 0.207531 0.408626
threshold=2400.0000000000005 0 1 2 93.000000000000014 3.4811217321331038 4.3630783395783075 177040.00000000003 3 97652.000000000015 10.833333333333334 4 648000.00000000012 5.5000000000000009 5.5000000000000009 111600.00000000001 5 3.5000000000000004 71168.000000000015 20400.000000000004 9408.0000000000018 7800.0000000000009 1500.0000000000002 168960.00000000003 6 23.500000000000004 9900.0000000000018 31.500000000000004 6300.0000000000009 687680.00000000012
decision_type=2 9 9 9 2 10 10 2 9 2 2 9 2 2 2 2 9 2 2 2 2 2 2 2 9 2 2 2 2 2
left_child=2 27 21 16 7 22 -7 9 12 10 13 -11 -9 -5 26 -16 -3 18 20 -20 -18 28 -4 -24 -21 -19 -10 -2 29 -1
right_child=1 3 5 4 -6 6 -8 8 14 11 -12 -13 -14 -15 15 -17 17 25 19 24 -22 -23 23 -25 -26 -27 -28 -29 -30 -31
leaf_value=-1.918469820248669 -1.1256119051554385 -0.4699457191675947 -2.9339108763026567 -0.29816054221371074 7.827123883119282 -2.8897367809956336 -0.15628088096354986 -1.4299978203827308 -1.7242338450007395 44.728886230767472 -52.402906764410638 13.255580644093204 -1051.2801135449915 0.085170199979620526 22.759047964427509 -2.1000956790923739 -0.72856449119185906 -2.7053075701601301 -0.4765528553101831 -0.52790883312801362 0.99425534644130098 -1.6174388378435531 1.8456924962150312 -4.4257769861201863 3.8881697810241604 -0.54709958315890572 0.092400208764684078 -2.7047117541421457 -1.1605775163524825 -1.6436869137661565
leaf_weight=541 206 10616 258 6334 222 222 202 214 2683 367 297 443 240 6182 280 745 567 235 308 447 301 202 401 228 372 246 1898 606 729 314
leaf_count=541 206 10616 258 6334 222 222 202 214 2683 367 297 443 240 6182 280 745 567 235 308 447 301 202 401 228 372 246 1898 606 729 314
internal_value=-0.000512898 -0.000316318 -0.00265731 -0.000223728 6.90353e-05 -0.00109977 -0.00274648 3.47969e-05 -0.000404158 0.000230091 0.000127584 0.00184729 -0.00283262 0.00022128 -0.00020114 0.000851995 -0.000668499 -0.00129823 -0.000888834 -0.00158105 1.14931e-05 -0.00377086 -0.000320586 0.00032488 -0.000724727 -0.00301242 -0.000437488 -0.00401699 -0.00407945 -0.00352976
internal_weight=36906 33809 3097 32997 19905 1311 424 19683 6060 13623 12813 810 454 12516 5606 1025 13092 2476 1995 1127 868 1786 887 629 819 481 4581 812 1584 855
internal_count=36906 33809 3097 32997 19905 1311 424 19683 6060 13623 12813 810 454 12516 5606 1025 13092 2476 1995 1127 868 1786 887 629 819 481 4581 812 1584 855
cat_boundaries=0 3 6 9 11 14 17 20
cat_threshold=84017154 278560 295169 268435456 1 33558785 673988612 12197952 32593058 0 67108865 2148532224 2147484672 8 536887296 3145728 9437346 2621444 524288 4096
is_linear=0
shrinkage=0.05


Tree=190
num_leaves=31
num_cat=10
split_feature=18 25 25 25 24 2 20 25 23 11 20 20 27 27 25 10 12 24 3 20 11 20 20 2 25 25 27 9 18 18
split_gain=5.66402 4.52946 2.32907 1.39 1.14187 0.952888 1.98183 2.62514 1.36261 0.896097 0.715043 0.669436 0.584681 1.09168 0.547438 0.765365 0.732043 0.482783 0.482777 1.07863 0.650623 0.472867 0.607191 0.398145 1.13504 0.305097 0.297062 0.274772 0.27154 0.25286
threshold=2850.0000000000005 0 1 2 3 5.5000000000000009 14280.000000000002 4 5 110592.00000000001 27000.000000000004 7800.0000000000009 4.2835627800822236 3.4811217321331038 6 3.5000000000000004 84480.000000000015 7 71168.000000000015 20400.000000000004 4548.0000000000009 489600.00000000006 257400.00000000003 3.5000000000000004 8 9 4.3630783395783075 98.000000000000014 75600.000000000015 4500.0000000000009
decision_type=2 9 9 9 9 2 2 9 9 2 2 2 8 10 9 2 2 9 2 2 2 2 2 2 9 9 10 2 2 2
left_child=2 -2 9 4 -3 8 -7 -8 -6 11 -9 -1 13 -4 15 18 -16 26 20 -20 -5 22 28 24 -10 -21 -14 -23 -18 -25
right_child=1 3 12 14 5 6 7 10 23 -11 -12 -13 17 -15 16 -17 21 -19 19 25 -22 27 -24 29 -26 -27 -28 -29 -30 -31
leaf_value=-1.2025486405348589 -2.5694761664350381 144.92560144663045 -2.0505374651498074 -0.67959161337066132 -2.6923003929354312 -46.288969320534335 105.7757544066265 -0.53428394823458802 59.431244320136649 -1.58721628616184 0.080911689980712256 -1.6665669746295066 2.7070890589944043 -2.810250183940707 1.1070352203576477 -2.6900410758531508 -0.39644843320921841 -6.7053313330062494 -0.45272521254464665 -0.47887256840061654 1.0045425576615628 -1.4480464060519798 60.38528298725717 2.7064969720007896 -0.2832582371489224 3.6937612919734137 -0.14846683691537238 -1.3560759860440159 -7.8433273432196717 -2.0522171782621412
leaf_weight=1450 812 210 344 555 499 250 317 630 578 220 6800 235 239 204 793 427 8802 243 260 429 307 284 218 344 4801 372 202 255 2677 3149
leaf_count=1450 812 210 344 555 499 250 317 630 578 220 6800 235 239 204 793 427 8802 243 260 429 307 284 218 344 4801 372 202 255 2677 3149
internal_value=-0.000544057 -0.000355188 -0.00257566 -0.00026343 4.03627e-05 -5.17956e-06 0.000395673 0.000537488 -0.000347275 -0.00366458 0.000342649 -0.00407528 -0.000852091 -0.00207273 -0.000610423 -0.00131245 -0.00048271 0.000116617 -0.00089091 -0.00160395 -1.15753e-05 -0.000578527 -0.000511583 -0.000203968 6.59717e-05 -0.000691159 0.00109271 -0.00202403 -0.000561363 -0.000619458
internal_weight=36906 33769 3137 32957 17578 17368 7997 7747 9371 1905 7430 1685 1232 548 15379 2350 13029 684 1923 1061 862 12236 11697 8872 5379 801 441 539 11479 3493
internal_count=36906 33769 3137 32957 17578 17368 7997 7747 9371 1905 7430 1685 1232 548 15379 2350 13029 684 1923 1061 862 12236 11697 8872 5379 801 441 539 11479 3493
cat_boundaries=0 3 6 9 10 13 14 17 18 21 24
cat_threshold=84017154 278560 295169 268435456 3145985 33558785 2148538816 2701133597 100663816 34 2147483648 2147483648 33554440 8 137101312 9044032 23090176 8 2048 1033 33554432 2621440 524288 4096
is_linear=0
shrinkage=0.05


Tree=191
num_leaves=31
num_cat=9
split_feature=25 2 20 18 25 3 25 11 25 18 11 2 25 12 25 18 25 23 25 3 20 3 8 18 18 20 20 27 27 18
split_gain=5.99659 3.50054 2.79547 1.59324 1.79165 1.47624 1.47372 0.994218 0.910103 0.826305 1.16491 0.689492 0.932368 0.445178 1.12046 1.7623 0.889533 0.513707 0.395907 0.628342 1.02497 0.724389 0.436802 0.308745 0.304579 0.279262 0.267848 0.21153 0.375287 0.441821
threshold=0 4.5000000000000009 2250.0000000000005 11700.000000000002 1 769600.00000000012 2 97652.000000000015 3 190800.00000000003 84480.000000000015 5.5000000000000009 4 110592.00000000001 5 68400.000000000015 6 7 8 56624.000000000007 42000.000000000007 9408.0000000000018 1.6666666666666667 122400.00000000001 6300.0000000000009 27000.000000000004 6300.0000000000009 4.2835627800822236 3.4811217321331038 1950.0000000000002
decision_type=9 2 2 2 9 2 9 2 9 2 2 2 9 2 9 2 9 9 9 2 2 2 2 2 2 2 2 8 10 2
left_child=1 2 -1 4 -2 7 -5 26 27 10 11 12 -8 16 15 -15 -12 -16 22 21 -21 -20 -4 25 -10 -13 -3 28 29 -6
right_child=3 5 18 6 8 -7 9 -9 24 -11 13 23 -14 14 17 -17 -18 -19 19 20 -22 -23 -24 -25 -26 -27 -28 -29 -30 -31
leaf_value=-1.8124188972094928 -2.8878539054436834 -1.5013751360511058 20.802207395492971 228.89770288402707 1.7156091051871081 1.5278652459314495 -2.4076853732884049 -1.055539022060475 -0.2696532483504096 546.02050779924264 -51.050816472287039 -0.057569750822949572 0.087062264728339833 -142.57112262642946 -0.25663276794221018 18.849938384331473 -31.667565678361083 -8.1130418730218938 -0.90815755411634747 -0.43008895191742341 -1.8433584774116754 0.98431550845661497 -1.3854054287405491 0.065221871918402036 12.646310971032381 0.076866105481894931 -1.1924212085081158 -1.5342685435780936 -2.6047374327488115 -3.1886239253841744
leaf_weight=557 348 320 210 308 280 248 509 291 1736 269 1303 516 3999 230 1750 437 526 1493 385 345 657 285 3127 1986 668 5126 1737 6337 264 659
leaf_count=557 348 320 210 308 280 248 509 291 1736 269 1303 516 3999 230 1750 437 526 1493 385 345 657 285 3127 1986 668 5126 1737 6337 264 659
internal_value=-0.000512898 -0.00170786 -0.00100216 -0.000172835 -0.000671266 -0.00322556 0.000105125 -0.00361277 -0.000544397 4.57137e-05 4.19414e-06 0.000281759 -0.000208427 -0.000582652 -0.000281187 0.00156848 -0.00122611 -0.000665132 -0.00062762 -0.00125297 -0.00205179 -7.4406e-05 -0.000309049 0.000571427 0.000302151 0.000760098 -0.00399952 -0.000814355 -0.00142324 -0.000951117
internal_weight=36906 8162 5566 28744 10292 2596 18452 2348 9944 18144 17875 12136 4508 5739 3910 667 1829 3243 5009 1672 1002 670 3337 7628 2404 5642 2057 7540 1203 939
internal_count=36906 8162 5566 28744 10292 2596 18452 2348 9944 18144 17875 12136 4508 5739 3910 667 1829 3243 5009 1672 1002 670 3337 7628 2404 5642 2057 7540 1203 939
cat_boundaries=0 3 6 9 12 15 18 21 22 25
cat_threshold=489029638 13525088 56939777 128 68157441 65536 2147485760 1024 65536 536887360 2098432 8200 0 1 8 0 2097152 8388744 0 8 10 8 131076 655360 50364416
is_linear=0
shrinkage=0.05


Tree=192
num_leaves=31
num_cat=8
split_feature=25 2 20 3 18 25 25 20 25 18 25 25 12 20 20 10 20 24 18 25 9 12 20 11 18 27 27 18 3 11
split_gain=6.0018 3.51737 2.81499 1.49177 1.32993 1.71087 1.46674 0.970577 0.797596 0.988292 0.791191 0.594215 0.586339 0.64929 0.619921 0.604394 0.428858 1.33236 0.609392 0.591147 0.484454 0.345981 0.274717 0.263682 0.259411 0.256967 0.561141 0.230468 0.403393 0.811045
threshold=0 4.5000000000000009 2250.0000000000005 769600.00000000012 11700.000000000002 1 2 6300.0000000000009 3 16500.000000000004 4 5 291840.00000000006 223200.00000000003 489600.00000000006 3.5000000000000004 489600.00000000006 6 172650.00000000003 7 98.000000000000014 122880.00000000001 158400.00000000003 97652.000000000015 6300.0000000000009 4.2835627800822236 3.4811217321331038 84600.000000000015 71168.000000000015 80960.000000000015
decision_type=9 2 2 2 2 9 9 2 9 2 9 9 2 2 2 2 2 9 2 9 2 2 2 2 2 10 10 2 2 2
left_child=1 2 -1 7 5 -2 -6 -3 16 -10 25 27 13 15 -14 -11 17 18 -8 -19 -18 -21 -13 -9 -12 26 -7 28 -4 -30
right_child=4 3 11 -5 6 10 8 23 9 12 24 22 14 -15 -16 -17 20 19 -20 21 -22 -23 -24 -25 -26 -27 -28 -29 29 -31
leaf_value=-1.7217979523490183 -23.127318484703665 -1.416306806017807 0.68009813443721046 1.4514719836348822 -1.5000914247130499 -1.9635773511837897 10.470939589842056 -1.1328001480827099 83.270153711974444 -1.7892775772317002 -0.2656770391585816 -0.33314574447945233 -267.90749753319744 602.60292596170734 1.9023352888577882 0.073022800208127597 -0.9094836030766601 -122.7759121509597 0.65619887045468206 -0.54344818103582782 -1.2754405483443407 15.477593049501383 -1.7511905535415282 -1.5527620709574876 12.013995422480775 0.08254732474551929 -2.4745005611113697 -141.82570893128218 -5.7164417426763068 -0.80859396169373809
leaf_weight=565 334 359 732 248 369 7058 586 1718 319 1885 1740 209 244 260 361 7862 294 478 330 4585 255 524 496 271 672 220 264 346 211 3111
leaf_count=565 334 359 732 248 369 7058 586 1718 319 1885 1740 209 244 260 361 7862 294 478 330 4585 255 524 496 271 672 220 264 346 211 3111
internal_value=-0.000533219 -0.00171902 -0.00102257 -0.0032448 -0.000190215 -0.000645288 6.48348e-05 -0.00363404 0.000129757 0.000397056 -0.000523782 -0.000651068 0.000314678 0.000406133 -0.0011944 0.000340034 -0.000284543 -0.000171408 0.00158405 -0.000461691 -0.00162432 -0.0003017 -0.00198745 -0.0040658 0.000264025 -0.000775749 -0.000827418 -0.000430645 -0.000325445 -0.000559568
internal_weight=36906 8266 5670 2596 28640 10288 18352 2348 17983 10931 9954 5105 10612 10007 605 9747 7052 6503 916 5587 549 5109 705 1989 2412 7542 7322 4400 4054 3322
internal_count=36906 8266 5670 2596 28640 10288 18352 2348 17983 10931 9954 5105 10612 10007 605 9747 7052 6503 916 5587 549 5109 705 1989 2412 7542 7322 4400 4054 3322
cat_boundaries=0 3 5 8 11 14 17 18 21
cat_threshold=489553926 13516896 57005313 16512 67109121 0 512 8388608 33554432 607125776 68165794 536870976 3146752 8200 134610948 131072 50368512 48 0 256 8224
is_linear=0
shrinkage=0.05


Tree=193
num_leaves=31
num_cat=13
split_feature=25 2 20 3 18 25 25 20 25 25 18 25 3 2 2 11 25 10 10 2 25 27 27 3 25 25 25 25 24 27
split_gain=5.9149 3.58808 2.86801 1.46827 1.31961 1.90426 1.46685 1.13265 0.775407 0.763482 0.669311 0.643315 0.63806 0.736829 0.653767 0.578948 0.601799 0.543198 0.597741 0.480503 0.273214 0.248926 0.57477 0.23905 0.238084 0.303628 0.224779 0.223577 0.247411 0.159334
threshold=0 4.5000000000000009 2250.0000000000005 769600.00000000012 11700.000000000002 1 2 6300.0000000000009 3 4 19800.000000000004 5 291840.00000000006 23.500000000000004 50.000000000000007 84480.000000000015 6 3.5000000000000004 98.000000000000014 5.5000000000000009 7 4.2835627800822236 3.4811217321331038 78400.000000000015 8 9 10 11 12 3.0201273556387074
decision_type=9 2 2 2 2 9 9 2 9 9 2 9 2 2 2 2 9 2 2 2 9 10 10 2 9 9 9 9 9 10
left_child=1 2 -1 7 5 -2 -6 -3 21 15 -11 -4 14 -14 19 16 -8 27 20 -12 -19 22 29 -10 -25 -26 -18 -17 -29 -7
right_child=4 3 11 -5 6 8 9 -9 23 10 12 -13 13 -15 -16 17 26 18 -20 -21 -22 -23 -24 24 25 -27 -28 28 -30 -31
leaf_value=-1.6357080547315672 -45.322559873159122 -1.2704914478355231 -1.045701732736444 0.92057915488133846 -1.4250868534774277 -1.8623883590967525 -0.096276077159816967 -1.0761601406785744 -0.79936494236897038 1.1408706322723448 -1.247837225762487 -0.38436979732727145 -565.25765608160395 -1.1814010063173555 89.487670614346612 13.768546884060198 0.43452018085081368 -1.1308063254850393 0.083388547846698205 0.069371660197793977 -2.1951246039871877 0.078419958508243334 -2.3507755330557987 -0.23364819433228848 11.213295651356749 24.776215326115064 28.040257491535158 5.8074293649580797 -14.296063477362351 1.334922764297106
leaf_weight=565 358 344 4063 241 369 6916 2421 1879 1169 1496 2048 678 206 361 387 336 490 608 319 6268 268 220 264 432 519 203 218 827 2220 213
leaf_count=565 358 344 4063 241 369 6916 2421 1879 1169 1496 2048 678 206 361 387 336 490 608 319 6268 268 220 264 432 519 203 218 827 2220 213
internal_value=-0.000510189 -0.00173477 -0.00100415 -0.00331306 -0.000182861 -0.000638113 6.58022e-05 -0.00371461 -0.00050563 0.000129022 0.000400815 -0.000601941 0.000242665 -0.00137961 0.000348649 -0.000250681 0.000273075 -0.000609171 -0.00152465 0.000254868 -0.00219818 -0.000749509 -0.000799866 0.000293361 0.000804497 0.00134877 0.00154167 -0.000285082 -0.000420073 -0.000714487
internal_weight=36906 7770 5306 2464 29136 10294 18842 2223 9936 18473 10766 4741 9270 567 8703 7707 3129 4578 1195 8316 876 7613 7393 2323 1154 722 708 3383 3047 7129
internal_count=36906 7770 5306 2464 29136 10294 18842 2223 9936 18473 10766 4741 9270 567 8703 7707 3129 4578 1195 8316 876 7613 7393 2323 1154 722 708 3383 3047 7129
cat_boundaries=0 3 6 9 12 15 18 21 24 26 29 31 33 34
cat_threshold=355078150 13516896 54908161 16512 67109121 2097152 0 512 8388608 536870976 3146752 8232 168034304 607125528 68165794 131072 131072 50368512 0 536870928 68157440 33554432 68157440 128 1048576 32772 0 0 8388608 0 67108864 0 2097152 48
is_linear=0
shrinkage=0.05


Tree=194
num_leaves=31
num_cat=10
split_feature=25 2 20 3 18 25 25 20 25 25 11 25 20 25 27 2 25 10 10 25 18 20 2 27 27 25 3 27 18 18
split_gain=5.89889 3.67656 2.91647 1.46827 1.19684 1.72886 1.47192 1.13265 0.874698 0.779485 0.640438 0.606741 0.604833 0.584243 0.669071 0.562611 0.980463 0.330359 1.13616 0.313506 0.27768 0.315407 0.245568 0.237804 0.594524 0.20664 0.198058 0.227331 0.162058 0.307503
threshold=0 4.5000000000000009 2250.0000000000005 769600.00000000012 11700.000000000002 1 2 6300.0000000000009 3 4 84480.000000000015 5 20400.000000000004 6 2.6735537653587347 5.5000000000000009 7 3.5000000000000004 29.500000000000004 8 122400.00000000001 84600.000000000015 3.5000000000000004 4.2835627800822236 3.4811217321331038 9 80960.000000000015 2.740319461670996 84600.000000000015 9900.0000000000018
decision_type=9 2 2 2 2 9 9 2 9 9 2 9 2 9 8 2 9 2 2 9 2 2 2 10 10 9 2 8 2 2
left_child=1 2 -1 7 5 22 -6 -3 12 23 15 28 -8 14 -12 16 -10 25 -19 -11 21 -17 -2 24 26 -15 27 -7 29 -4
right_child=4 3 11 -5 6 9 8 -9 10 19 13 -13 -14 17 -16 20 -18 18 -20 -21 -22 -23 -24 -25 -26 -27 -28 -29 -30 -31
leaf_value=-1.5539226519949889 -7.8674010763137305 -1.206966875443747 -0.99603271911754521 0.87455019713727078 -1.353832510803572 -0.96131511925271418 105.084736410294 -1.0223521336446453 -2.1354453644744353 -0.55939669525052982 -76.794301868256483 -0.36515130746091873 4.4141575862624451 -40.072024872154458 6.03489802512851 0.032249536853889371 0.10641648553765891 -120.40692695958697 -0.29371259394335925 10.552630868788903 0.054841055302313181 0.065903077187977041 -157.29926240259297 0.074498960582832299 -2.2332367564030107 10.515123780131399 -1.5162568308851634 -26.277655325509613 -195.02830257710013 22.540652680041241
leaf_weight=565 201 344 3262 241 369 205 237 1879 509 1503 217 678 261 2814 294 2683 4154 646 1252 861 1986 2961 218 220 264 459 6535 287 224 577
leaf_count=565 201 344 3262 241 369 205 237 1879 509 1503 217 678 261 2814 294 2683 4154 646 1252 861 1986 2961 218 220 264 459 6535 287 224 577
internal_value=-0.000492577 -0.0017155 -0.000975887 -0.00331306 -0.000165707 -0.000599263 7.1109e-05 -0.00371461 0.000134432 -0.00046273 7.64429e-05 -0.000570315 0.00217647 -0.000362422 0.00123327 0.000279381 -0.00015327 -0.0005219 -0.00104737 0.000328282 0.000543762 0.000722634 -0.0037007 -0.000711818 -0.00076169 -0.000218322 -0.000673639 -0.00163968 -0.000334971 -0.000259048
internal_weight=36906 7770 5306 2464 29136 10294 18842 2223 18473 9875 17975 4741 498 5682 511 12293 4663 5171 1898 2364 7630 5644 419 7511 7291 3273 7027 492 4063 3839
internal_count=36906 7770 5306 2464 29136 10294 18842 2223 18473 9875 17975 4741 498 5682 511 12293 4663 5171 1898 2364 7630 5644 419 7511 7291 3273 7027 492 4063 3839
cat_boundaries=0 3 6 9 11 14 17 20 23 26 29
cat_threshold=355078150 13516896 54908161 16512 67108865 2105344 0 512 8388608 2147747840 1024 536870976 3146752 40 131072 131072 50368512 16512 2147483648 2097160 0 1 8 1048832 32772 512 0 8 8226
is_linear=0
shrinkage=0.05


Tree=195
num_leaves=31
num_cat=10
split_feature=25 2 20 3 20 18 25 25 25 11 25 20 25 25 25 2 25 11 18 25 2 27 27 18 27 27 3 18 18 3
split_gain=6.00395 3.67656 2.91647 1.46827 1.13265 1.03703 1.77834 1.46938 1.41868 0.864326 0.899011 0.783983 0.750384 0.742642 0.606741 0.396372 0.853847 0.34846 0.339684 0.302574 0.245568 0.230117 0.434037 0.361216 0.378605 0.343366 0.186917 0.162058 0.25952 0.329246
threshold=0 4.5000000000000009 2250.0000000000005 769600.00000000012 6300.0000000000009 11700.000000000002 1 2 3 84480.000000000015 4 23400.000000000004 5 6 7 5.5000000000000009 8 125536.00000000001 122400.00000000001 9 3.5000000000000004 4.2835627800822236 3.4811217321331038 1950.0000000000002 2.524928003624769 5.0782890901091458 89600.000000000015 84600.000000000015 9900.0000000000018 71168.000000000015
decision_type=9 2 2 2 2 2 9 9 9 2 9 2 9 9 9 2 9 2 2 9 2 8 10 2 10 8 2 2 2 2
left_child=1 2 -1 4 -3 6 20 -7 -9 10 -10 -11 21 -13 27 16 -12 -15 -17 -14 -2 22 23 -8 -25 -23 -27 28 29 -4
right_child=5 3 14 -5 -6 7 12 8 9 11 15 13 19 17 -16 18 -18 -19 -20 -21 -22 25 -24 24 -26 26 -28 -29 -30 -31
leaf_value=-1.4762265193952395 -7.4740310224980435 -1.1466185316715596 0.20000697630743783 0.83082268728040598 -0.97123452696241308 -1.286140885263471 1.7370742208163543 249.70222692684092 35.102918095685311 -5.9275888868052791 -2.0286730962507136 86.872287040895756 -0.46871309917146092 -1.7168568420225538 -0.34689374208786777 0.062607923328323531 0.10322267215090619 0.22272639533030089 -0.76290308720163014 10.021241536087937 -149.43429928246329 0.070774012553692964 -2.1215749185828598 -1.0701947674663019 -5.2960657844387029 -30.445628837992558 -1.4307485210312962 -185.27688744824511 21.413620046039252 -2.1036215809597851
leaf_weight=565 201 344 505 241 1879 369 280 244 266 365 486 215 1479 3685 678 5616 4108 1618 1870 932 218 200 264 366 293 207 5854 224 577 2757
leaf_count=565 201 344 505 241 1879 369 280 244 266 365 486 215 1479 3685 678 5616 4108 1618 1870 932 218 200 264 366 293 207 5854 224 577 2757
internal_value=-0.00048174 -0.0017155 -0.000975887 -0.00331306 -0.00371461 -0.000151984 -0.000555557 6.84556e-05 0.000131727 7.97642e-05 0.000317459 -0.000418863 -0.000417216 -0.000269929 -0.000570315 0.000252232 -0.000113143 -0.000388524 0.000476762 0.00034874 -0.0037007 -0.000664795 -0.00129876 -0.000791712 -0.00142965 -0.00054367 -0.000611085 -0.000334971 -0.000259048 -0.000431986
internal_weight=36906 7770 5306 2464 2223 29136 10294 18842 18473 18229 12346 5883 9875 5518 4741 12080 4594 5303 7486 2411 419 7464 1203 939 659 6261 6061 4063 3839 3262
internal_count=36906 7770 5306 2464 2223 29136 10294 18842 18473 18229 12346 5883 9875 5518 4741 12080 4594 5303 7486 2411 419 7464 1203 939 659 6261 6061 4063 3839 3262
cat_boundaries=0 3 6 9 12 14 17 20 23 25 28
cat_threshold=355078150 13516896 54908161 16512 67108865 2105344 0 512 8388608 2147485696 9216 8 1310720 2149580800 536870976 3179520 8 262272 0 2097152 131072 131072 50368512 0 1 1048832 4 512
is_linear=0
shrinkage=0.05


Tree=196
num_leaves=31
num_cat=10
split_feature=25 2 20 3 20 18 25 25 25 11 25 20 25 25 25 3 2 25 11 2 18 18 25 3 2 27 27 3 27 18
split_gain=5.97759 3.67656 2.91647 1.46827 1.13265 0.970568 1.78942 1.45928 1.37353 0.832798 0.906854 0.833041 0.801908 0.730742 0.639049 0.767471 0.441455 0.825642 0.34846 0.345436 0.339684 0.293093 0.279829 0.250677 0.245568 0.220395 0.626947 0.217321 0.242211 0.153815
threshold=0 4.5000000000000009 2250.0000000000005 769600.00000000012 6300.0000000000009 11700.000000000002 1 2 3 84480.000000000015 4 23400.000000000004 5 6 7 56624.000000000007 5.5000000000000009 8 125536.00000000001 1.5000000000000002 122400.00000000001 4500.0000000000009 9 50600.000000000007 3.5000000000000004 4.2835627800822236 3.4811217321331038 80960.000000000015 2.740319461670996 3570.0000000000005
decision_type=9 2 2 2 2 2 9 9 9 2 9 2 9 9 9 2 2 9 2 2 2 2 9 2 2 10 10 2 8 2
left_child=1 2 -1 4 -3 6 24 -7 -9 10 -10 -11 -13 25 19 23 17 -12 -14 -4 -18 -17 -15 -16 -2 26 27 28 -8 -6
right_child=5 3 14 -5 29 7 13 8 9 11 16 12 18 22 15 21 20 -19 -20 -21 -22 -23 -24 -25 -26 -27 -28 -29 -30 -31
leaf_value=-1.4024151934254776 -7.1003294713731409 -1.0892876050879818 74.658226152320253 0.78928155291638724 -0.82267280061429204 -1.2218338410002838 -0.8597396249167617 237.65211854523386 33.347772190901075 -5.6662094508095837 -1.9272394414379961 82.528672688850932 -1.6310139999217252 -0.21903973814286451 -1.0397567453174361 -0.26166771491168678 0.059477527161652693 0.098061538543362303 0.2115900755637995 -1.0884339310957558 -0.7247579328413849 -5.2960605719814344 9.5239372485450531 0.21818189746359168 -141.96258431834008 0.067235311926003766 -2.0154961726537182 -1.3689065632893405 -27.769115093561279 -2.1712539502194637
leaf_weight=565 201 344 385 241 803 369 205 225 266 372 486 227 3685 1520 275 271 5616 4108 1618 2869 1870 673 891 268 218 220 264 6516 259 1076
leaf_count=565 201 344 385 241 803 369 205 225 266 372 486 227 3685 1520 275 271 5616 4108 1618 2869 1870 673 891 268 218 220 264 6516 259 1076
internal_value=-0.000484449 -0.0017155 -0.000975887 -0.00331306 -0.00371461 -0.000155415 -0.000545844 5.78422e-05 0.000120908 7.17403e-05 0.000305311 -0.000416668 -0.000262113 -0.000407101 -0.000570315 -0.00142428 0.000239827 -0.00014578 -0.000388524 -0.000174527 0.000476762 -0.00229387 0.00034874 6.4219e-05 -0.0037007 -0.000651419 -0.000699698 -0.000608709 -0.00165236 -0.00419724
internal_weight=36906 7770 5306 2464 2223 29136 10294 18842 18473 18248 12346 5902 5530 9875 4741 1487 12080 4594 5303 3254 7486 944 2411 543 419 7464 7244 6980 464 1879
internal_count=36906 7770 5306 2464 2223 29136 10294 18842 18473 18248 12346 5902 5530 9875 4741 1487 12080 4594 5303 3254 7486 944 2411 543 419 7464 7244 6980 464 1879
cat_boundaries=0 3 6 9 12 14 17 20 23 25 28
cat_threshold=355078150 13516896 54908161 16512 67108865 2105344 0 512 8388608 2147485696 1024 8 1310720 2149580800 262272 8192 2097152 536870976 3179520 8 131072 131072 50364416 0 1 1048832 260 512
is_linear=0
shrinkage=0.05


Tree=197
num_leaves=31
num_cat=10
split_feature=25 2 20 3 20 18 25 25 25 11 25 20 25 25 25 3 2 25 11 18 18 25 3 2 2 27 27 3 27 18
split_gain=6.04016 3.64695 2.90027 1.46827 1.13265 0.955016 1.79497 1.45928 1.37353 0.832798 0.906854 0.833041 0.801908 0.721018 0.623313 0.767471 0.441455 0.825642 0.34846 0.339684 0.293093 0.279829 0.250677 0.245568 0.23606 0.218503 0.630592 0.220323 0.242211 0.153815
threshold=0 4.5000000000000009 2250.0000000000005 769600.00000000012 6300.0000000000009 11700.000000000002 1 2 3 84480.000000000015 4 23400.000000000004 5 6 7 56624.000000000007 5.5000000000000009 8 125536.00000000001 122400.00000000001 4500.0000000000009 9 50600.000000000007 3.5000000000000004 1.5000000000000002 4.2835627800822236 3.4811217321331038 80960.000000000015 2.740319461670996 3570.0000000000005
decision_type=9 2 2 2 2 2 9 9 9 2 9 2 9 9 9 2 2 9 2 2 2 9 2 2 2 10 10 2 8 2
left_child=1 2 -1 4 -3 6 23 -7 -9 10 -10 -11 -13 25 24 22 17 -12 -14 -18 -17 -15 -16 -2 -4 26 27 28 -8 -6
right_child=5 3 14 -5 29 7 13 8 9 11 16 12 18 21 15 20 19 -19 -20 -21 -22 -23 -24 -25 -26 -27 -28 -29 -30 -31
leaf_value=-1.3322944337542038 -6.7453129978044846 -1.0348232248335827 70.925314844704246 0.74981747527056974 -0.78153916058357709 -1.1607421489502527 -0.81675264367092382 225.76951261797223 31.680383581356057 -5.3828989782690773 -1.8308774693658052 78.40223905440871 -1.549463299925429 -0.20808775123572124 -0.98776890805156659 -0.24858432916610129 0.056503650803642815 0.09315846161619562 0.2010105717856277 -0.6885200361994066 -5.0312575433823445 9.0477403861178125 0.20727280259041267 -134.86445510242308 -1.0340122345409684 0.06387354632970528 -1.9147213640210339 -1.3004612351248739 -26.38065933888322 -2.0626912527084902
leaf_weight=565 201 344 385 241 803 369 205 225 266 372 486 227 3685 1520 275 271 5616 4108 1618 1870 673 891 268 218 2869 220 264 6516 259 1076
leaf_count=565 201 344 385 241 803 369 205 225 266 372 486 227 3685 1520 275 271 5616 4108 1618 1870 673 891 268 218 2869 220 264 6516 259 1076
internal_value=-0.000484449 -0.00172192 -0.000985306 -0.00331306 -0.00371461 -0.0001537 -0.000540988 5.78422e-05 0.000120908 7.17403e-05 0.000305311 -0.000416668 -0.000262113 -0.000402044 -0.000580857 -0.00142428 0.000239827 -0.00014578 -0.000388524 0.000476762 -0.00229387 0.00034874 6.4219e-05 -0.0037007 -0.000189836 -0.000644731 -0.000692797 -0.000601548 -0.00165236 -0.00419724
internal_weight=36906 7770 5306 2464 2223 29136 10294 18842 18473 18248 12346 5902 5530 9875 4741 1487 12080 4594 5303 7486 944 2411 543 419 3254 7464 7244 6980 464 1879
internal_count=36906 7770 5306 2464 2223 29136 10294 18842 18473 18248 12346 5902 5530 9875 4741 1487 12080 4594 5303 7486 944 2411 543 419 3254 7464 7244 6980 464 1879
cat_boundaries=0 3 6 9 12 14 17 20 23 25 28
cat_threshold=355078150 13516896 54908161 16512 67108865 2105344 0 512 8388608 2147485696 1024 8 1310720 2149580800 262272 8192 2097152 536870976 3179520 8 131072 131072 50364416 0 1 1048832 260 512
is_linear=0
shrinkage=0.05


Tree=198
num_leaves=31
num_cat=9
split_feature=25 2 20 3 20 18 25 25 25 25 25 3 3 11 2 25 25 10 25 3 20 3 20 18 20 2 18 27 27 2
split_gain=5.95337 3.65936 2.87508 1.31692 1.08712 0.920994 1.79305 1.44869 1.38175 0.64914 0.605086 0.911901 0.627749 0.5862 0.540838 0.905164 0.717336 0.431972 0.626306 0.672605 0.425565 0.4689 0.300647 0.277734 0.267631 0.245568 0.227812 0.619959 0.95086 0.223328
threshold=0 4.5000000000000009 2250.0000000000005 769600.00000000012 6300.0000000000009 11700.000000000002 1 2 3 4 5 56624.000000000007 4548.0000000000009 84480.000000000015 3.5000000000000004 6 7 98.000000000000014 8 359200.00000000006 42000.000000000007 97652.000000000015 111600.00000000001 6300.0000000000009 820800.00000000012 3.5000000000000004 2850.0000000000005 4.2835627800822236 3.4811217321331038 1.5000000000000002
decision_type=9 2 2 2 2 2 9 9 9 9 9 2 2 2 2 9 9 2 9 2 2 2 2 2 2 2 2 10 8 2
left_child=1 2 -1 4 -3 6 25 -7 -9 26 29 12 -12 14 15 -10 22 18 19 -15 -13 -22 -16 -11 -20 -2 27 28 -8 -4
right_child=5 3 10 -5 -6 7 9 8 13 23 11 20 -14 17 16 -17 -18 -19 24 -21 21 -23 -24 -25 -26 -27 -28 -29 -30 -31
leaf_value=-1.2656797120664933 -6.4080473479142599 -0.98308206359190364 59.968061425932888 0.86509579925780367 -0.8424622025543983 -1.1027050415026538 -1.3344901402707934 214.48103698707365 -1.7393335958971876 -0.15714041666966885 -0.85226941965250225 -0.53312815085139398 1.0319084436288761 32.205674764380092 0.053678468263387916 0.086373549848908437 153.84270055073424 0.48713833245128629 -1.0278093555920218 -1.2955758678624989 -1.0424443777519627 -26.932489315967544 -0.74409448500045983 8.8953533668119231 -162.96790622922927 -128.12123234730194 -1.3817218033265914 0.060679869013222289 -1.908985662984594 -0.98231162281391993
leaf_weight=565 201 344 369 210 1907 369 344 225 502 1685 327 406 291 305 5595 3974 205 374 3900 613 506 203 2059 653 467 218 6712 220 309 2848
leaf_count=565 201 344 369 210 1907 369 344 225 502 1685 327 406 291 305 5595 3974 205 374 3900 613 506 203 2059 653 467 218 6712 220 309 2848
internal_value=-0.000497996 -0.00170631 -0.000992388 -0.003311 -0.003664 -0.000164123 -0.000542345 4.62602e-05 0.000109976 -0.000404128 -0.000605817 -0.0013553 0.000177418 5.99788e-05 0.000253302 -0.000185352 0.000503115 -0.000361245 -0.000477588 -0.00165592 -0.00221576 -0.00146976 0.00042134 0.000323403 -0.000224938 -0.0037007 -0.000628539 -0.00138857 -0.00216031 -0.000196656
internal_weight=36906 7976 5515 2461 2251 28930 10342 18588 18219 9923 4950 1733 618 17994 12335 4476 7859 5659 5285 918 1115 709 7654 2338 4367 419 7585 873 653 3217
internal_count=36906 7976 5515 2461 2251 28930 10342 18588 18219 9923 4950 1733 618 17994 12335 4476 7859 5659 5285 918 1115 709 7654 2338 4367 419 7585 873 653 3217
cat_boundaries=0 3 6 9 12 15 18 20 23 26
cat_threshold=355340294 13385824 50712833 16512 67108865 2105344 0 512 8388608 2147485696 1024 8 536870976 3179520 1064 131072 0 50364416 0 2147483649 536870976 131073 1048576 0 67108865 32
is_linear=0
shrinkage=0.05


Tree=199
num_leaves=31
num_cat=10
split_feature=18 25 25 25 25 20 27 27 10 25 20 25 25 23 20 20 10 2 25 20 11 27 11 9 20 20 3 25 3 12
split_gain=5.57534 4.99393 2.53372 1.19674 0.885809 0.817505 0.569441 1.09168 0.56648 0.876921 0.554335 0.568982 0.547753 0.573976 0.526283 0.450802 0.436113 0.434152 0.42505 1.415 0.573947 2.48738 0.568321 0.408167 0.361169 0.712194 0.438973 0.740854 0.346339 0.201
threshold=2850.0000000000005 0 1 2 3 45000.000000000007 4.2835627800822236 3.4811217321331038 3.5000000000000004 4 345300.00000000006 5 6 7 7800.0000000000009 1500.0000000000002 5.666666666666667 31.500000000000004 8 11700.000000000002 97652.000000000015 3.1984648276080736 88750.000000000015 98.000000000000014 489600.00000000006 257400.00000000003 71168.000000000015 9 3584.0000000000005 168960.00000000003
decision_type=2 9 9 9 9 2 8 10 2 9 2 9 9 9 2 2 2 2 9 2 2 8 2 2 2 2 2 9 2 2
left_child=2 17 14 8 -5 18 7 -4 24 -10 12 23 13 -7 -1 -8 -14 -2 19 -6 -20 -22 -21 -12 25 26 28 -28 -3 -17
right_child=1 3 6 4 5 10 15 -9 9 -11 11 -13 16 -15 -16 29 -18 -19 20 22 21 -23 -24 -25 -26 -27 27 -29 -30 -31
leaf_value=-0.75033909242667818 -1.3307246687324108 -0.1873600029975436 -1.2677656332572498 66.303341636559324 -35.553892135025116 39.186978821563301 -2.0258949839917086 -1.7885362546656098 -9.1096226150092203 -14.011331670589039 -0.86368318613083561 7.7257118843817087 -1.3173692323391153 0.39817269966476226 -1.2011564406752058 0.28076729560181096 0.050994544850254897 -1.9174335799453457 -0.31582568490509005 -0.066352083202298226 -1.3480470286580386 44.355217961313798 -157.55278598681468 -0.83579737368418139 -167.1440763712979 90.29407705497907 -3.5125606062669252 -1.7001249767586657 1.0003137057087543 -0.56930750803106489
leaf_weight=1586 319 506 344 226 260 608 258 204 648 410 313 599 1944 227 206 333 6845 647 6331 5821 538 211 205 252 348 209 498 5507 297 206
leaf_count=1586 319 506 344 226 260 608 258 204 648 410 313 599 1944 227 206 333 6845 647 6331 5821 538 211 205 252 348 209 498 5507 297 206
internal_value=-0.000480385 -0.000293004 -0.00249602 -0.000187873 -1.02505e-05 -4.01402e-05 -0.000829036 -0.00207273 -0.000701246 -0.00178302 0.000283595 -0.000746142 0.000408268 0.00162338 -0.00371951 1.87723e-05 0.000290307 -0.00381391 -0.000301467 -0.000600192 -3.52522e-05 0.00127164 -0.000444593 -0.00186309 -0.000546357 -0.000468017 -0.000556536 -0.000703347 0.000540371 0.000841034
internal_weight=36906 33769 3137 32803 24380 24154 1345 548 8423 1058 10788 1164 9624 835 1792 797 8789 966 13366 6286 7080 749 6026 565 7365 7017 6808 6005 803 539
internal_count=36906 33769 3137 32803 24380 24154 1345 548 8423 1058 10788 1164 9624 835 1792 797 8789 966 13366 6286 7080 749 6026 565 7365 7017 6808 6005 803 539
cat_boundaries=0 3 6 9 12 15 17 19 20 23 26
cat_threshold=84545538 802848 98561 268435456 1 33558785 35930116 10657856 32534690 2147485696 256 512 33554432 2105344 160 0 2214592520 0 2751463432 4 536871104 67108873 8 0 64 1052672
is_linear=0
shrinkage=0.05


Tree=200
num_leaves=31
num_cat=5
split_feature=18 25 25 25 25 10 2 18 25 18 20 8 27 27 27 10 10 3 11 11 10 11 18 20 20 3 3 20 3 27
split_gain=5.42476 4.44569 2.35961 1.02132 0.897441 0.650404 0.636784 0.557452 1.65488 0.540446 0.514001 0.511534 0.503476 0.435522 1.054 0.432758 0.422342 0.396114 1.14763 0.385037 0.381735 0.379676 0.345604 0.210328 0.158866 0.450441 1.78019 0.119607 0.062485 0.0458866
threshold=3150.0000000000005 0 1 2 3 3.5000000000000004 31.500000000000004 11700.000000000002 4 84600.000000000015 7800.0000000000009 3.2500000000000004 2.1383330595080281 4.2835627800822236 3.4811217321331038 10.333333333333334 31.500000000000004 71168.000000000015 88750.000000000015 110592.00000000001 98.000000000000014 84480.000000000015 9900.0000000000018 135000.00000000003 6300.0000000000009 161920.00000000003 687680.00000000012 16200.000000000002 84480.000000000015 2.1383330595080281
decision_type=2 9 9 9 9 2 2 2 9 2 2 2 10 10 10 2 2 2 2 2 2 2 2 2 2 2 2 2 2 10
left_child=2 6 10 -3 5 9 -2 8 -6 17 24 13 20 14 19 -7 22 27 -19 29 21 -9 -10 -11 25 -1 -27 -5 -25 -4
right_child=1 3 11 4 7 15 -8 12 16 23 -12 -13 -14 -15 -16 -17 -18 18 -20 -21 -22 -23 -24 28 -26 26 -28 -29 -30 -31
leaf_value=-3.4300339621691549 -1.2641884352957971 62.988174554731337 -1.379375307155067 0.019271192217118711 -79.733152016046873 -640.86678955829575 -1.8215619009480783 0.023201336217425705 -1.342352629692467 -73.151210161303609 -1.1410986186414456 2.2812203542700273 3.5558446402034862 0.043607510782464942 -1.6991094419323305 -4.5030802545735247 11.531102093407918 -0.033870674851868898 -0.76905706049399181 -1.9296004744027955 0.44287278084520953 -1.1890072057853105 4.5410468458180731 -0.90937992533974077 -0.612822137805344 1.3507509480423836 -0.9814105969031115 16.515840692456006 -0.17202086290490115 1.6308752421019905
leaf_weight=334 319 226 306 422 210 210 647 12321 10346 200 206 203 208 220 204 216 383 273 911 202 374 5307 204 308 729 209 314 288 382 224
leaf_count=334 319 226 306 422 210 210 647 12321 10346 200 206 203 208 220 204 216 383 273 911 202 374 5307 204 308 729 209 314 288 382 224
internal_value=-0.000523736 -0.00033845 -0.00250714 -0.000239171 -0.000262933 -0.00105525 -0.00366053 -0.000175891 -0.000454465 -0.000778896 -0.0036918 -0.000908097 -5.49208e-06 -0.00132124 -0.00179105 -0.00287383 -0.000366835 -0.000300634 -0.000860035 -0.000899184 -3.38826e-05 -6.74998e-05 -0.000426461 -0.00179372 -0.00401763 -0.00353318 -0.0026 0.000632021 -0.00137283 -0.000187971
internal_weight=36906 33755 3151 32789 32563 3210 966 29353 11143 2784 1792 1359 18210 1156 936 426 10933 1894 1184 732 18002 17628 10550 890 1586 857 523 710 690 530
internal_count=36906 33755 3151 32789 32563 3210 966 29353 11143 2784 1792 1359 18210 1156 936 426 10933 1894 1184 732 18002 17628 10550 890 1586 857 523 710 690 530
cat_boundaries=0 3 6 9 12 14
cat_threshold=84545538 802848 98561 268435456 1 33558785 2147485696 256 512 2359300 8396864 31477792 0 67108865
is_linear=0
shrinkage=0.05


Tree=201
num_leaves=31
num_cat=12
split_feature=18 25 25 2 25 24 25 20 25 27 27 18 25 26 20 20 25 25 9 12 20 3 3 20 20 11 23 25 3 25
split_gain=5.48946 4.55303 2.29606 1.49504 0.746108 0.650135 0.611593 0.514001 0.507841 0.464104 1.09168 0.421304 1.70927 0.359394 0.344566 0.326887 0.863688 0.607977 0.227838 0.171352 0.158866 0.450441 1.78019 0.158531 1.12706 0.451303 0.427436 0.741367 0.290602 0.875539
threshold=3150.0000000000005 0 1 5.5000000000000009 2 3 4 7800.0000000000009 5 4.2835627800822236 3.4811217321331038 11700.000000000002 6 1.0000000180025095e-35 1500.0000000000002 345300.00000000006 7 8 1.5000000000000002 168960.00000000003 6300.0000000000009 161920.00000000003 687680.00000000012 142200.00000000003 84600.000000000015 359200.00000000006 9 10 71168.000000000015 11
decision_type=2 9 9 2 9 9 9 2 9 8 10 2 9 2 2 2 9 9 2 2 2 2 2 2 2 2 9 9 2 9
left_child=2 3 7 6 23 -6 -2 20 13 10 -4 12 -10 -7 -11 16 -13 -17 -14 -16 21 -1 -23 24 28 26 27 -25 -3 -30
right_child=1 4 9 -5 5 8 -8 -9 11 14 -12 15 18 -15 19 17 -18 -19 -20 -21 -22 22 -24 25 -26 -27 -28 -29 29 -31
leaf_value=-3.2585322640606975 0.16327516120593374 0.15098604821904929 -1.1354085862366332 -1.7304838059006746 71.956420380270899 58.516848359055793 -0.13281874926433376 -1.0840436877093731 -75.74649441524457 -1.8281202110719836 -1.6141539698357121 82.166171574793069 10.855991610391804 0.13196063039863476 0.14454974260711426 18.977510725368596 0.017742391221327126 -0.77363290475576008 -1.0572849518645964 -0.65490315034301361 -0.582181030915077 1.283213400640264 -0.93234006705795602 -65.111102170093005 -69.623650149149043 18.543446453846993 12.741338611116134 -10.874797923946494 -4.4719248861313234 -1.5395359615656021
leaf_weight=334 287 556 344 885 237 241 466 206 210 258 204 216 1205 286 347 422 12863 639 7910 206 729 209 314 517 417 395 554 2327 414 2708
leaf_count=334 287 556 344 885 237 241 466 206 210 258 204 216 1205 286 347 422 12863 639 7910 206 729 209 314 517 417 395 554 2327 414 2708
internal_value=-0.0005278 -0.000341412 -0.002523 -0.00290303 -0.000209625 -7.19867e-05 -0.00127815 -0.0036918 -9.83181e-05 -0.000944567 -0.00207273 -0.00013311 -0.000394019 0.00141929 -0.000190653 3.88901e-05 0.000107406 -0.000804329 -0.000287609 0.000513512 -0.00401763 -0.00353318 -0.0026 -0.000631647 -0.000848183 -0.000399211 -0.000585295 -0.000832749 -0.000567936 -0.000755443
internal_weight=36906 33755 3151 1638 32117 24229 753 1792 23992 1359 548 23465 9325 527 811 14140 13079 1061 9115 553 1586 857 523 7888 4095 3793 3398 2844 3678 3122
internal_count=36906 33755 3151 1638 32117 24229 753 1792 23992 1359 548 23465 9325 527 811 14140 13079 1061 9115 553 1586 857 523 7888 4095 3793 3398 2844 3678 3122
cat_boundaries=0 3 6 9 10 13 16 18 20 23 24 27 30
cat_threshold=84545538 802912 18972929 268435456 1 33558785 35930116 11575296 13661346 34 0 0 16809985 2147485696 2147483648 262144 0 67108865 0 132104 135266368 1 8 4 0 0 8400896 262144 8192 1052672
is_linear=0
shrinkage=0.05


Tree=202
num_leaves=31
num_cat=7
split_feature=18 25 25 2 25 2 25 3 20 25 3 18 20 20 27 27 24 25 20 3 26 20 20 3 20 3 27 12 20 3
split_gain=5.7002 4.84646 2.29606 1.49212 0.717741 2.05018 0.628106 0.596719 0.61806 0.605524 0.574103 0.632191 0.523453 0.514001 0.464104 1.09168 0.392562 0.380076 0.378359 0.400407 1.40053 1.18287 0.344566 0.221952 0.212601 0.637237 0.203198 0.171352 0.158866 0.450441
threshold=3150.0000000000005 0 1 5.5000000000000009 2 19.500000000000004 3 2750720.0000000005 489600.00000000006 4 52224.000000000007 39600.000000000007 176400.00000000003 7800.0000000000009 4.2835627800822236 3.4811217321331038 5 6 345300.00000000006 101200.00000000001 1.0000000180025095e-35 27000.000000000004 1500.0000000000002 9408.0000000000018 27000.000000000004 78400.000000000015 3.8815106545092593 168960.00000000003 6300.0000000000009 161920.00000000003
decision_type=2 9 9 2 9 2 9 2 2 9 2 2 2 2 8 10 9 9 2 2 2 2 2 2 2 2 8 2 2 2
left_child=2 3 13 6 5 18 -2 8 9 10 23 -12 16 28 15 -4 -11 -10 19 24 21 -21 -16 -6 26 -26 -3 -24 29 -1
right_child=1 4 14 -5 7 -7 -8 -9 17 12 11 -13 -14 -15 22 -17 -18 -19 -20 20 -22 -23 27 -25 25 -27 -28 -29 -30 -31
leaf_value=-3.0956056508576624 0.15511140314563365 -1.8292383124592975 -1.0786381569247965 -1.6439596156056409 -0.32046870059589538 194.53156687801612 -0.26618008631448903 82.461451414747671 -0.89087520025932465 0.021154149845460782 -4.3396009057653453 -1.66692009565013 90.46389550519568 -1.0298415033239046 -1.7367142005183844 -1.5334462713439281 -0.33764509997199643 -9.9453025854578314 -63.144221173750829 8.8562012678951056 -0.93569259942858707 30.758348333401866 0.1373222554767608 0.80178444552995531 4.4781822701283094 -66.012467145780832 8.3510215984122631 -0.6221579928258627 -0.55307197936932295 -0.88572306370505816
leaf_weight=334 287 323 344 898 410 234 472 242 570 7424 617 875 253 206 258 204 17291 392 267 220 620 220 347 299 1015 205 621 206 729 523
leaf_count=334 287 323 344 898 410 234 472 242 570 7424 617 875 253 206 258 204 17291 392 267 220 620 220 347 299 1015 205 621 206 729 523
internal_value=-0.000489868 -0.000299939 -0.002523 -0.0029269 -0.00016319 0.000488358 -0.00130749 -0.0002489 -0.000270324 -0.000226161 -0.00101898 -0.00157965 -0.000155726 -0.0036918 -0.000944567 -0.00207273 -0.000179028 -0.00151452 0.000184654 0.000334779 0.00112994 0.00328054 -0.000190653 0.000147678 -5.54029e-05 -0.000491 0.000507398 0.000513512 -0.00401763 -0.00353318
internal_weight=36906 33755 3151 1657 32098 3725 759 28373 28131 27169 2201 1492 24968 1792 1359 548 24715 962 3491 3224 1060 440 811 709 2164 1220 944 553 1586 857
internal_count=36906 33755 3151 1657 32098 3725 759 28373 28131 27169 2201 1492 24968 1792 1359 548 24715 962 3491 3224 1060 440 811 709 2164 1220 944 553 1586 857
cat_boundaries=0 3 6 9 12 15 16 19
cat_threshold=84545538 802912 19235073 268435456 1 33558785 2147485824 2147485192 8389128 0 0 16809985 136577092 8397056 5264544 18 0 67239936 12288
is_linear=0
shrinkage=0.05


Tree=203
num_leaves=31
num_cat=8
split_feature=25 2 20 3 11 25 20 25 11 25 11 18 25 20 20 27 25 25 2 18 27 27 3 18 8 3 10 10 25 11
split_gain=5.8047 3.27422 2.89668 1.3449 1.10763 0.884939 0.742537 0.669731 0.940028 2.57 0.634422 0.601371 1.14315 0.487296 1.21604 0.601507 0.913358 0.463792 0.637217 0.940421 0.455218 1.01335 0.385726 0.456658 0.349686 0.32455 0.295242 1.09037 0.288849 0.288582
threshold=0 4.5000000000000009 2250.0000000000005 1375360.0000000002 97652.000000000015 1 3150.0000000000005 2 102628.57142857143 3 84480.000000000015 15300.000000000002 4 62400.000000000007 111600.00000000001 3.8815106545092593 5 6 3.5000000000000004 104400.00000000001 4.2835627800822236 3.4811217321331038 56624.000000000007 4500.0000000000009 1.6666666666666667 110592.00000000001 3.5000000000000004 29.500000000000004 7 125536.00000000001
decision_type=9 2 2 2 2 9 2 9 2 9 2 2 9 2 2 8 9 9 2 2 10 10 2 2 2 2 2 2 9 2
left_child=1 2 -1 4 -3 24 20 8 13 -10 11 12 -9 15 -15 -8 -17 18 19 -13 21 25 -7 -24 -4 -2 -12 -28 -19 -29
right_child=6 3 5 -5 -6 22 7 10 9 -11 26 17 -14 14 -16 16 -18 28 -20 -21 -22 -23 23 -25 -26 -27 27 29 -30 -31
leaf_value=-1.2522908360907143 -1.1997042046392381 -0.675418380400857 31.009098949133449 0.89187788843898075 -1.5509297555687935 -0.21830371101549417 -1.4311966904044444 -52.739321801846614 146.27459671744751 -0.49135634540330797 -2.0606736814932534 -1.7596040922158864 -0.38519902569203279 -57.072447240667387 2.9837308896500874 9.9528203202037346 7.9334705184916405 0.16289338880438892 0.045339923744177217 86.499022981688128 0.027333535339153059 -1.4567739577767327 -0.012227199330345684 -4.328310073036846 -0.76554432718414211 -1.6998784904924653 -20.284085983939168 -0.24633144024701326 15.462412235997546 0.33428726744808079
leaf_weight=565 534 2021 203 241 267 598 518 216 276 521 4734 625 7411 206 1927 268 709 1770 6366 272 220 204 233 744 3108 228 712 345 274 590
leaf_count=565 534 2021 203 241 267 598 518 216 276 521 4734 625 7411 206 1927 268 709 1770 6366 272 220 204 233 744 3108 228 712 345 274 590
internal_value=-0.000477675 -0.00167042 -0.000982029 -0.00315883 -0.00353275 -0.000589199 -0.000147904 -9.55242e-05 0.000467657 0.00202128 -0.000202556 -4.25142e-05 -0.00037161 0.000126721 -0.000358315 0.000818302 0.0015475 0.000227198 3.91741e-05 -0.0012069 -0.00137206 -0.00183884 -0.00155955 -0.0021808 -0.000121879 -0.000994766 -0.000627449 -0.00120376 0.000890077 -8.00439e-05
internal_weight=36906 7980 5451 2529 2288 4886 28926 27740 4425 797 23315 16934 7627 3628 2133 1495 977 9307 7263 897 1186 966 1575 977 3311 762 6381 1647 2044 935
internal_count=36906 7980 5451 2529 2288 4886 28926 27740 4425 797 23315 16934 7627 3628 2133 1495 977 9307 7263 897 1186 966 1575 977 3311 762 6381 1647 2044 935
cat_boundaries=0 3 6 9 12 14 16 19 21
cat_threshold=355078150 5137248 57005313 131072 131072 50364417 2148534400 2147484680 8389128 2147483776 0 8388608 0 8388609 1048576 1024 64 16777233 68157440 536870912 67108864
is_linear=0
shrinkage=0.05


Tree=204
num_leaves=31
num_cat=7
split_feature=25 2 20 3 11 25 20 25 11 2 2 20 3 20 27 27 20 20 18 20 25 3 20 24 25 25 3 11 2 9
split_gain=5.75075 3.55694 2.87613 1.22014 1.10447 1.01392 0.710562 0.558327 0.668799 0.495134 1.64641 0.495187 0.491344 0.63606 0.456485 1.01093 0.448049 0.403858 0.365469 0.330793 0.340034 0.328597 0.266387 0.587753 0.79927 0.214012 0.501678 0.584528 0.517104 0.194322
threshold=0 4.5000000000000009 2250.0000000000005 1375360.0000000002 102628.57142857143 1 3150.0000000000005 2 84480.000000000015 19.500000000000004 116.00000000000001 62400.000000000007 56624.000000000007 42000.000000000007 4.2835627800822236 3.4811217321331038 6300.0000000000009 62400.000000000007 39600.000000000007 345300.00000000006 3 110592.00000000001 489600.00000000006 4 5 6 10752.000000000002 79936.000000000015 5.5000000000000009 98.000000000000014
decision_type=9 2 2 2 2 9 2 9 2 2 2 2 2 2 10 10 2 2 2 2 9 2 2 9 9 9 2 2 2 2
left_child=1 2 -1 4 16 -4 14 9 17 19 -11 -12 -7 -14 15 21 -3 -9 -13 20 -8 -2 23 24 -10 26 28 -28 -19 -24
right_child=6 3 5 -5 -6 12 7 8 22 10 11 18 13 -15 -16 -17 -18 25 -20 -21 -22 -23 29 -25 -26 -27 27 -29 -30 -31
leaf_value=-1.1896762942861785 -1.1397189944072807 -0.80766599149976237 -0.49226340699230919 4.4616906802651881 -0.58581937119888605 -0.20738852546471948 26.784563723274069 -0.12305939189553339 -147.34591839504466 177.6105046916017 5.4654626530330042 -48.459332556998859 -1.3280988104846529 -3.5568810975431919 0.025966858572201091 -1.3839352598878976 -0.64164746138081419 -0.61162370640668096 31.970952473906255 -60.073829948025278 0.19671504612028912 -1.6148845659678419 -0.62606353671428394 1.3566993187280323 -2.2826459042388878 0.44826551233468515 -142.39447918837399 -9.7503073849205979 0.043072927556931977 -0.62401548573834598
leaf_weight=565 534 321 3515 200 218 593 264 9169 441 226 227 334 318 666 220 204 1775 237 213 241 2127 229 258 1177 4956 2057 200 474 4687 260
leaf_count=565 534 321 3515 200 218 593 264 9169 441 226 227 334 318 666 220 204 1775 237 213 241 2127 229 258 1177 4956 2057 200 474 4687 260
internal_value=-0.000511543 -0.00168093 -0.000986925 -0.00324722 -0.00357081 -0.000610523 -0.000178281 -0.00012668 -0.000214394 0.000450054 0.0013972 0.000296391 -0.00165828 -0.00235294 -0.00137511 -0.00184211 -0.00392278 -4.27921e-05 -0.000519127 9.1115e-05 0.000269535 -0.001 -0.000621653 -0.000535281 -0.000755224 0.000225283 6.41699e-05 -0.00121302 0.000239544 -0.00171154
internal_weight=36906 8171 5657 2514 2314 5092 28735 27548 23916 3632 1000 774 1577 984 1187 967 2096 16824 547 2632 2391 763 7092 6574 5397 7655 5598 674 4924 518
internal_count=36906 8171 5657 2514 2314 5092 28735 27548 23916 3632 1000 774 1577 984 1187 967 2096 16824 547 2632 2391 763 7092 6574 5397 7655 5598 674 4924 518
cat_boundaries=0 3 6 9 12 13 16 19
cat_threshold=355340294 5128800 57005313 393216 131072 50364416 2148534400 2155873288 520 0 8 512 8 0 1 8192 0 16777233 68157440
is_linear=0
shrinkage=0.05


Tree=205
num_leaves=31
num_cat=7
split_feature=25 2 20 25 3 11 25 20 3 25 11 20 27 27 20 10 9 24 11 11 3 25 18 20 12 3 20 3 25 20
split_gain=5.75352 3.65428 2.96224 2.11612 1.22014 1.10447 0.835161 0.63695 0.629964 0.479349 0.87457 0.448049 0.437996 1.04489 0.428351 0.349158 0.345267 0.879628 1.12561 0.570354 0.268589 0.263441 0.466687 0.212267 0.191483 0.350219 0.187886 0.178869 0.177363 0.794682
threshold=0 4.5000000000000009 2250.0000000000005 1 1375360.0000000002 102628.57142857143 2 3150.0000000000005 56624.000000000007 3 253592.00000000003 6300.0000000000009 4.2835627800822236 3.4811217321331038 42000.000000000007 37.000000000000007 93.000000000000014 4 177040.00000000003 125536.00000000001 110592.00000000001 5 68400.000000000015 62400.000000000007 3584.0000000000005 93184.000000000015 42000.000000000007 50600.000000000007 6 14280.000000000002
decision_type=9 2 2 9 2 2 9 2 2 9 2 2 10 10 2 2 2 9 2 2 2 9 2 2 2 2 2 2 9 2
left_child=1 2 -1 -2 5 11 24 12 27 16 15 -3 13 20 -10 21 17 18 -9 -18 -5 23 -23 -11 -4 -26 -27 -8 29 -19
right_child=3 4 6 7 -6 -7 8 9 14 10 -12 -13 -14 -15 -16 -17 19 28 -20 -21 -22 22 -24 -25 25 26 -28 -29 -30 -31
leaf_value=-1.1301924795718694 3.2627140912191788 -0.76728269192477438 -8.5397775497514932 -1.0827330446869154 4.2386061462519296 -0.55652840263865078 -0.91158236460687481 8.2184259425109314 -8.8308594129548759 -0.070938157919044897 -60.051537883711411 -0.60956508831177347 0.024668515643588764 -1.3147384968935001 -2.6190372667794692 73.825812537521415 -0.86281593215389885 7.6509292877789905 -183.25087490236183 0.084111351764260711 -1.5341403376694498 3.5217337282373089 -458.33935073994854 0.040919281179230896 28.81064580792745 -0.71765023664269312 20.70238127721241 0.067980582519712132 -1.5435174058428147 -56.743513640787206
leaf_weight=565 347 321 301 534 200 218 325 579 281 9011 262 1775 220 204 507 349 515 603 201 304 229 2020 312 7766 208 2717 289 268 4071 1404
leaf_count=565 347 321 301 534 200 218 325 579 281 9011 262 1775 220 204 507 349 515 603 201 304 229 2020 312 7766 208 2717 289 268 4071 1404
internal_value=-0.000480385 -0.00166834 -0.000943622 -0.000152197 -0.00324722 -0.00357081 -0.000547163 -0.000200029 -0.00158292 -0.000150919 -2.02728e-05 -0.00392278 -0.00133305 -0.00179051 -0.00251899 1.84983e-05 -0.00048576 -0.000370264 0.00119949 -0.00145554 -0.000934642 -1.02047e-05 0.000486347 -7.95175e-05 -0.000134677 -2.17674e-05 -0.000159576 -0.000361346 -0.000573072 -0.000958396
internal_weight=36906 7975 5461 28931 2514 2314 4896 28584 1381 27397 19720 2096 1187 967 788 19458 7677 6858 780 819 763 19109 2332 16777 3515 3214 3006 593 6078 2007
internal_count=36906 7975 5461 28931 2514 2314 4896 28584 1381 27397 19720 2096 1187 967 788 19458 7677 6858 780 819 763 19109 2332 16777 3515 3214 3006 593 6078 2007
cat_boundaries=0 3 6 9 12 13 15 18
cat_threshold=355340294 5128736 57005313 2147485696 64 512 393216 131072 50364416 33570816 78684416 76554402 16 536871360 553648145 0 67117056 8396832
is_linear=0
shrinkage=0.05


Tree=206
num_leaves=31
num_cat=7
split_feature=25 2 20 3 11 25 25 3 20 25 10 11 26 9 11 20 27 27 24 11 10 25 27 20 2 11 10 23 18 18
split_gain=5.479 3.23044 2.88111 1.18804 1.19946 0.997494 0.746157 0.573496 0.852697 0.535245 0.362467 0.372224 0.33303 0.30521 0.512775 0.328734 0.476086 1.01812 0.400152 0.796371 0.286624 0.276223 0.939608 0.275806 0.272921 0.625593 0.22215 1.48923 0.458348 0.212739
threshold=0 4.5000000000000009 2250.0000000000005 1375360.0000000002 97652.000000000015 1 2 56624.000000000007 42000.000000000007 3 49.000000000000007 101200.00000000001 1.0000000180025095e-35 93.000000000000014 125536.00000000001 3150.0000000000005 4.2835627800822236 3.4811217321331038 4 177040.00000000003 0.41666666666666669 5 3.1567740231385479 6300.0000000000009 3.5000000000000004 88750.000000000015 5.666666666666667 6 9900.0000000000018 6300.0000000000009
decision_type=9 2 2 2 2 9 9 2 2 9 2 2 2 2 2 2 10 10 9 2 2 9 8 2 2 2 2 9 2 2
left_child=1 2 -1 4 23 -4 13 -7 -9 12 11 20 -8 15 -15 16 17 -2 19 -17 -11 22 29 -3 -23 -26 27 -22 -28 -20
right_child=6 3 5 -5 -6 7 9 8 -10 10 -12 -13 -14 14 -16 18 -18 -19 21 -21 26 24 -24 -25 25 -27 28 -29 -30 -31
leaf_value=-1.073682855593276 -1.9858620171660069 -0.72891855732853572 -0.43176772481055825 4.0266758389393305 -0.9437019503202464 -0.20041812831747166 32.752711976530854 -0.84515116753357233 -3.1980835938435122 19.632186108859401 71.259522178866618 -1.4574333207859773 0.010792607402390787 -0.81967513554554905 0.029740826118937608 7.807504645385416 0.023435089861413873 -1.2490015720488259 0.5403807856806907 -174.08833115724337 -26.790056561899139 -1.616331831914505 7.5175442497420155 -0.57908683389618509 30.936339507968842 -6.1272075112344 -1.4472105161903983 -0.25623195730981368 0.038873317120305728 -9.0318623171526387
leaf_weight=565 524 305 3254 200 255 593 301 272 648 337 344 399 286 515 314 579 220 204 251 201 523 4134 205 1678 208 726 4621 5969 7980 295
leaf_count=565 524 305 3254 200 255 593 301 272 648 337 344 399 286 515 314 579 220 204 251 201 523 4134 205 1678 208 726 4621 5969 7980 295
internal_value=-0.00050477 -0.00168337 -0.000995502 -0.00319262 -0.00352232 -0.000594465 -0.000189723 -0.00164918 -0.00244035 -2.88862e-05 -7.25798e-05 -0.000100601 0.00144407 -0.000587746 -0.0014982 -0.000488145 -0.0013579 -0.0019726 -0.000362825 0.000694443 -6.94742e-05 -0.00050506 0.000386631 -0.00393703 -0.000637796 -0.00141026 -9.50523e-05 -0.000332616 2.73732e-05 -0.000693432
internal_weight=36906 7770 5332 2438 2238 4767 29136 1513 920 20760 20173 19829 587 8376 829 7547 948 728 6599 780 19430 5819 751 1983 5068 934 19093 6492 12601 546
internal_count=36906 7770 5332 2438 2238 4767 29136 1513 920 20760 20173 19829 587 8376 829 7547 948 728 6599 780 19430 5819 751 1983 5068 934 19093 6492 12601 546
cat_boundaries=0 3 6 9 12 13 15 16
cat_threshold=355078146 5128800 57005313 131072 131072 50364416 33832964 77636868 76554400 2147485696 2147483648 512 16 0 8389632 8
is_linear=0
shrinkage=0.05


Tree=207
num_leaves=31
num_cat=9
split_feature=25 18 25 20 18 25 25 25 27 10 25 25 3 18 3 11 27 27 18 27 10 25 11 10 20 20 11 23 2 20
split_gain=5.68982 3.22206 3.91399 0.768287 0.757419 1.24157 1.12169 0.727704 1.04948 0.552335 0.406808 0.400613 0.734595 0.769248 0.57432 0.516393 0.392383 0.409942 0.357923 0.356464 0.35212 0.33883 0.311589 0.29973 0.260309 0.347209 0.285408 0.299159 0.253693 0.218759
threshold=0 2400.0000000000005 1 242400.00000000003 9900.0000000000018 2 3 4 2.524928003624769 1.0714285714285716 5 6 71168.000000000015 39600.000000000007 99152.000000000015 97652.000000000015 4.2835627800822236 3.4811217321331038 1950.0000000000002 2.524928003624769 49.000000000000007 7 91080.000000000015 0.41666666666666669 176400.00000000003 590400.00000000012 102628.57142857143 8 31.500000000000004 62400.000000000007
decision_type=9 2 9 2 2 9 9 9 8 2 9 9 2 2 2 2 8 10 2 10 2 9 2 2 2 2 2 9 2 2
left_child=1 9 3 11 5 -2 -6 8 -8 -1 24 15 -13 14 -14 22 17 18 -7 -20 23 -18 -3 -12 26 -26 27 -9 -4 -25
right_child=4 2 28 -5 6 16 7 10 -10 -11 20 12 13 -15 -16 -17 21 -19 19 -21 -22 -23 -24 29 25 -27 -28 -29 -30 -31
leaf_value=-0.7424726294621089 -12.410177510703068 -0.41017933857003047 -1.8484816154150854 -0.91868954056117225 -2.9845783909254897 2.2133611764705998 -23.357296900980284 12.322155437696166 8.3444972031546065 -0.3951336473393916 22.33861146546759 0.07721117625714137 -3.393716824442345 -0.70345294726721486 -2.5510073172229282 0.44354282119893473 0.32538594273212312 -1.121551251451524 -0.44667444802573386 -4.4494448321695241 69.296562508884378 -1.1300147933772906 -44.824444647333195 -0.028713220384452145 90.706639946577496 -197.0881471582766 -87.749513473763457 -51.422600475519154 -1.4364757466258773 0.036929651263926645
leaf_weight=835 219 3320 332 898 355 280 235 490 446 970 297 588 279 596 202 230 1108 256 275 241 330 7536 312 3958 216 229 801 1842 660 8570
leaf_count=835 219 3320 332 898 355 280 235 490 446 970 297 588 279 596 202 230 1108 256 275 241 330 7536 312 3958 216 229 801 1842 660 8570
internal_value=-0.000474966 -0.00154971 -0.00108977 -0.00063306 -0.000116263 -0.000466372 7.90602e-05 0.000136576 0.00172439 -0.00344494 7.07662e-05 -0.000413277 -0.00105844 -0.00183967 -0.00332298 -0.000131648 -0.00037907 -0.00129032 -0.000726818 -0.00150579 0.000199361 -0.000268333 -0.000277932 0.000157869 -0.000401115 0.000727068 -0.000563 -0.000282778 -0.00399403 0.00012051
internal_weight=36906 9222 7417 6425 27684 9915 17769 17414 681 1805 16733 5527 1665 1077 481 3862 9696 1052 796 516 13155 8644 3632 12825 3578 445 3133 2332 992 12528
internal_count=36906 9222 7417 6425 27684 9915 17769 17414 681 1805 16733 5527 1665 1077 481 3862 9696 1052 796 516 13155 8644 3632 12825 3578 445 3133 2332 992 12528
cat_boundaries=0 3 6 9 12 14 17 20 23 24
cat_threshold=355340294 80634464 57004289 2359300 75637312 56643584 128 2147516417 512 0 0 8388608 2147483648 2147484672 167772160 1048848 68165794 0 67239936 50331648 1048576 1024 8388608 8
is_linear=0
shrinkage=0.05


Tree=208
num_leaves=31
num_cat=8
split_feature=25 2 20 25 18 11 25 25 20 3 20 11 18 27 27 11 27 11 11 18 18 20 25 2 25 3 25 27 25 2
split_gain=5.62012 3.40092 3.01089 1.62229 1.224 1.03274 0.840456 0.72251 0.642181 0.620021 0.538643 0.484589 0.297856 0.44547 1.05719 0.289521 0.69617 0.245108 0.226748 0.506378 1.02554 0.198709 0.609845 0.276998 1.02013 0.257863 0.196561 0.840157 0.195192 0.889092
threshold=0 4.5000000000000009 2250.0000000000005 1 1500.0000000000002 102628.57142857143 2 3 54000.000000000007 56624.000000000007 42000.000000000007 91080.000000000015 3570.0000000000005 4.2835627800822236 3.4811217321331038 168960.00000000003 3.0201273556387074 110592.00000000001 80960.000000000015 3570.0000000000005 16500.000000000004 124800.00000000001 4 1.5000000000000002 5 10752.000000000002 6 3.8815106545092593 7 3.5000000000000004
decision_type=9 2 2 9 2 2 9 9 2 2 2 2 2 10 10 2 8 2 2 2 2 2 9 2 9 2 9 8 9 2
left_child=1 2 -1 -2 -3 18 -4 12 15 -8 -11 21 13 14 17 28 -17 -5 -6 -20 -21 23 25 24 -10 -23 27 -14 29 -9
right_child=3 4 6 7 5 -7 9 8 11 10 -12 -13 26 -15 -16 16 -18 -19 19 20 -22 22 -24 -25 -26 -27 -28 -29 -30 -31
leaf_value=-0.98287508134050672 0.10359679619825785 0.034650701603587034 -0.38967037164152885 -0.62697053955660076 -1.3646519592945836 -0.43869385558136859 -0.19425778071445451 -13.41842618297464 -55.952785385163224 -8.1773730427083358 -2.061069589104862 64.681715906000321 -1.4254928805570461 0.005994038231744981 -1.1304739308738079 1.6382603326511209 -6.9669774168206917 -1.2780609150778137 -0.43037580983440621 11.755229079185078 -319.62636045362927 0.22514373224476003 104.29265387256164 0.035083168700657551 27.585182983168121 -55.808885300684054 -0.87275506353325916 6.8555068475863026 0.063011201967432845 -0.027277559365393247
leaf_weight=565 295 253 3515 408 638 207 598 258 254 235 489 382 657 220 204 220 212 200 894 212 268 2788 332 4396 231 1029 7409 211 3440 5886
leaf_count=565 295 253 3515 408 638 207 598 258 254 235 489 382 657 220 204 220 212 200 894 212 268 2788 332 4396 231 1029 7409 211 3440 5886
internal_value=-0.000435679 -0.00161933 -0.00091784 -0.000113966 -0.00315683 -0.00353219 -0.000513537 -0.000152528 2.10893e-05 -0.00158171 -0.00257576 0.000317611 -0.000514431 -0.00131528 -0.00185504 -0.000257538 -0.00152074 -0.00080328 -0.00387786 -0.00350291 -0.00217842 0.000243577 -1.0842e-05 0.000459757 0.00159137 -0.000191957 -0.000414906 0.000295453 -0.000200293 -0.000368747
internal_weight=36906 7874 5402 29032 2472 2219 4837 28737 19428 1322 724 9412 9309 1032 812 10016 432 608 2012 1374 480 9030 4149 4881 485 3817 8277 868 9584 6144
internal_count=36906 7874 5402 29032 2472 2219 4837 28737 19428 1322 724 9412 9309 1032 812 10016 432 608 2012 1374 480 9030 4149 4881 485 3817 8277 868 9584 6144
cat_boundaries=0 3 5 8 11 14 16 19 22
cat_threshold=355340290 5136928 57004289 2147483648 64 393216 131072 50364416 33570820 78676996 9446562 1048704 265 67108864 2048 272 0 8389636 1024 536870976 2147483649 520
is_linear=0
shrinkage=0.05


Tree=209
num_leaves=31
num_cat=10
split_feature=18 25 25 25 25 24 27 27 18 20 25 2 20 18 18 3 3 11 25 24 9 2 25 18 3 3 20 3 11 25
split_gain=5.25397 5.19959 2.08383 1.71321 1.0623 0.705411 0.495033 1.09168 0.445087 1.10174 0.631837 0.487546 0.443342 0.408232 0.387992 0.696508 0.471685 0.386058 0.368794 0.33875 0.334866 0.326757 0.310592 0.478101 0.281999 0.212224 0.355565 1.68672 0.184691 0.166549
threshold=3150.0000000000005 0 1 2 3 4 4.2835627800822236 3.4811217321331038 75600.000000000015 135000.00000000003 5 5.5000000000000009 7800.0000000000009 9900.0000000000018 4500.0000000000009 93184.000000000015 71168.000000000015 117344.00000000001 6 7 124.00000000000001 31.500000000000004 8 16500.000000000004 10752.000000000002 161920.00000000003 6300.0000000000009 687680.00000000012 768.00000000000011 9
decision_type=2 9 9 9 9 9 8 10 2 2 9 2 2 2 2 2 2 2 9 9 2 2 9 2 2 2 2 2 2 9
left_child=2 21 12 -3 5 -5 7 -4 11 -10 17 14 25 18 16 -16 -6 -11 -7 29 -20 -2 23 -15 -24 -1 27 -27 -12 -8
right_child=1 3 6 4 8 13 19 -9 9 10 28 -13 -14 22 15 -17 -18 -19 20 -21 -22 -23 24 -25 -26 26 -28 -29 -30 -31
leaf_value=-2.6222658594975465 -1.6416002301363735 5.5492775081975587 -0.70062308665446837 118.90719979342967 -0.034544891678731919 -55.062076597979662 0.10881694368392801 -1.0739502343301184 -56.833230184888095 -22.812287580902922 -149.83293712354927 -2.8351825738593108 -0.86178757834145125 17.753308663468825 7.7915669805323891 -3.6345464704327242 -7.8685043905729195 0.11500343331572367 -0.86698613679943015 -4.442544055970588 14.633711823171531 -1.2964193613298545 0.028385196788076428 0.25974048433287183 -0.49513525852347018 1.5646378738512166 -0.3588570193426861 -0.65708153306918282 -2.5345207222286263 -0.34785586803040713
leaf_weight=334 295 408 344 233 455 257 270 204 336 1425 262 323 206 474 748 1104 257 586 10011 244 227 622 7609 2852 4845 209 729 314 426 297
leaf_count=334 295 408 344 233 455 257 270 204 336 1425 262 323 206 474 748 1104 257 586 10011 244 227 622 7609 2852 4845 209 729 314 426 297
internal_value=-0.000460064 -0.000277721 -0.00241199 -0.000173213 -0.00021423 -7.88096e-05 -0.000908097 -0.00207273 -0.00081901 -0.001243 -0.000905221 -0.000375564 -0.0035255 -0.000103665 -0.000144194 0.000237324 -0.00113445 -0.000447357 -0.000345338 -0.000129152 -0.000296587 -0.00396663 5.70258e-05 0.000485319 -5.77583e-05 -0.00382872 -0.00351675 -0.00250476 -0.0022 0.00054404
internal_weight=36906 33755 3151 32838 32430 26508 1359 548 5922 3035 2699 2887 1792 26275 2564 1852 712 2011 10495 811 10238 917 15780 3326 12454 1586 1252 523 688 567
internal_count=36906 33755 3151 32838 32430 26508 1359 548 5922 3035 2699 2887 1792 26275 2564 1852 712 2011 10495 811 10238 917 15780 3326 12454 1586 1252 523 688 567
cat_boundaries=0 3 6 9 12 13 16 19 20 23 26
cat_threshold=84545538 278560 360449 268435456 1 33558785 2147485696 8256 768 672137664 2704278813 100663306 34 262144 67108864 3154080 64 2147483657 8 8 536870912 2149581832 33554440 131072 1024 8192
is_linear=0
shrinkage=0.05


Tree=210
num_leaves=31
num_cat=9
split_feature=25 18 25 25 3 20 0 25 20 18 25 25 27 27 24 25 2 18 20 10 11 20 18 0 12 27 25 18 3 3
split_gain=5.20748 4.40256 1.32242 1.06827 0.90963 0.790626 0.535952 0.536316 0.61966 0.552797 0.615525 0.565554 0.468663 1.09168 0.394563 0.450807 0.379668 0.364374 0.42654 0.35366 0.342174 0.340467 0.249957 0.242808 0.215087 0.212774 0.306814 0.188358 0.43378 0.188636
threshold=0 3150.0000000000005 1 2 71168.000000000015 10200.000000000002 30.000000000000004 3 820800.00000000012 9900.0000000000018 4 5 4.2835627800822236 3.4811217321331038 6 7 15.500000000000002 1500.0000000000002 2250.0000000000005 93.000000000000014 266072.00000000006 42000.000000000007 84600.000000000015 1.5000000000000002 104448.00000000001 5.0782890901091458 8 4500.0000000000009 101200.00000000001 19968.000000000004
decision_type=9 2 9 9 2 2 2 9 2 2 9 9 8 10 9 9 2 2 2 2 2 2 2 2 2 8 9 2 2 2
left_child=3 2 17 4 21 -6 7 8 14 11 -11 27 13 -4 22 -16 -7 18 -2 20 -12 -1 -3 -17 -5 -14 -27 29 -29 -9
right_child=1 6 12 24 5 16 -8 9 -10 10 19 -13 25 -15 15 23 -18 -19 -20 -21 -22 -23 -24 -25 -26 26 -28 28 -30 -31
leaf_value=0.057181754474569857 -0.96196322096604236 14.022018106707788 -0.66559193232174041 -1.2315983932633618 -0.89115256652266917 -3.3095324994345905 49.316399734883177 -0.92332053787047252 -697.58097293628975 31.507098443433165 0.031909750426711979 -22.636336519825228 0.00025348913595735212 -1.0202527226136113 -10.249991530793821 -1.5420274406332795 -2.4293649166007527 -0.4409141683755522 -0.36422775205476177 0.45925302323157668 -2.3734237384212067 -140.73403479085945 -0.41350007504224778 -40.636107603199314 -4.9043233483549562 -4.6680257886192091 0.30574426370207552 -44.636467129607269 -0.67683754621948111 3.3321275764615814
leaf_weight=503 309 795 344 562 373 363 300 1098 336 326 14221 274 200 204 531 4900 318 995 249 201 247 431 203 247 289 226 327 210 6837 487
leaf_count=503 309 795 344 562 373 363 300 1098 336 326 14221 274 200 204 531 4900 318 995 249 201 247 431 203 247 289 226 327 210 6837 487
internal_value=-0.00045329 -0.000281259 -0.00216037 -0.00250614 -0.001845 -0.00285985 -0.000109404 -0.000129873 -0.000513953 -1.69376e-05 0.000168366 -0.000328919 -0.000955828 -0.00207273 -0.000408806 -0.000569421 -0.00183748 -0.00314058 -0.002125 0.000119541 9.05309e-05 -0.000715813 0.000504949 -0.000423533 -0.00400348 -0.000152319 -0.000657659 -0.00025567 -0.00036672 0.000236294
internal_weight=36906 34067 2854 2839 1988 1054 31213 30913 7012 23901 14995 8906 1301 548 6676 5678 681 1553 558 14669 14468 934 998 5147 851 753 553 8632 7047 1585
internal_count=36906 34067 2854 2839 1988 1054 31213 30913 7012 23901 14995 8906 1301 548 6676 5678 681 1553 558 14669 14468 934 998 5147 851 753 553 8632 7047 1585
cat_boundaries=0 3 6 9 12 14 17 18 21 24
cat_threshold=352980994 13386336 19255297 0 1 33554688 4096 8913472 18927616 36716548 20086784 12592546 2147483648 9216 536871232 1024 33554440 48 0 0 9248 0 2149581828 8192
is_linear=0
shrinkage=0.05


Tree=211
num_leaves=31
num_cat=10
split_feature=18 25 25 25 2 18 20 0 20 25 27 27 18 25 25 20 12 20 10 10 24 10 2 23 25 18 18 25 3 3
split_gain=4.99807 5.2751 1.86706 0.861542 1.00008 0.689571 0.71986 0.591206 0.502369 0.549535 0.495033 1.09168 0.472441 0.990488 0.557345 1.23676 1.19921 0.458411 0.436815 0.36471 0.33875 0.329907 0.326757 0.315953 0.826079 0.295659 0.235377 0.166549 0.123706 0.087171
threshold=3150.0000000000005 0 1 2 5.5000000000000009 84600.000000000015 158400.00000000003 30.000000000000004 590400.00000000012 3 4.2835627800822236 3.4811217321331038 9900.0000000000018 4 5 20400.000000000004 359200.00000000006 45000.000000000007 1.0714285714285716 5.666666666666667 6 31.500000000000004 31.500000000000004 7 8 39600.000000000007 4500.0000000000009 9 104448.00000000001 161920.00000000003
decision_type=2 9 9 9 2 2 2 2 2 9 8 10 2 9 9 2 2 2 2 2 9 2 2 9 9 2 2 9 2 2
left_child=2 22 18 4 5 23 -7 12 9 -8 11 -4 13 -5 16 -16 19 -17 29 -14 27 28 -2 24 -3 -18 -26 -12 -15 -1
right_child=1 3 10 7 -6 6 8 -9 -10 -11 20 -13 14 21 15 17 25 -19 -20 -21 -22 -23 -24 -25 26 -27 -28 -29 -30 -31
leaf_value=-2.4465949381965362 -1.4979402989663868 -0.1344892906954101 -0.63231233570564882 -79.183129257439276 -105.04926555021984 -53.914467303612042 90.250884772432343 58.888619973044221 -168.65950171986574 -2.3306933140862385 0.10336342204293487 -0.96924008648293247 -0.39282507128955335 0.11159825854532529 86.509423548646282 -2.6683253892035275 -3.4847536792200118 0.44006318879742451 -0.31886845995677437 0.030314262905449141 -4.2319755567155211 13.831888430795269 -1.1700184736001937 14.06527734635065 -0.56228584961027084 -268.46719926752451 7.0640908940308238 -0.24907236574665548 -1.0561583404982213 -0.60601606881298553
leaf_weight=306 295 222 344 213 315 295 213 292 239 233 270 204 4545 1828 353 591 299 5009 971 7005 244 262 622 542 594 230 1081 297 8477 515
leaf_count=306 295 222 344 213 315 295 213 292 239 233 270 204 4545 1828 353 591 299 5009 971 7005 244 262 622 542 594 230 1081 297 8477 515
internal_value=-0.000428905 -0.00025106 -0.0023327 -0.000145815 -0.000859585 -0.000612395 -0.00173116 -5.39234e-05 -0.000836974 0.000156249 -0.000908097 -0.00207273 -7.67e-05 -0.000338528 7.9848e-05 0.000475271 -0.000115376 0.000294536 -0.00338692 -8.6577e-06 -0.000129152 -0.000267985 -0.00396663 -0.00016182 -0.000466036 -0.0024388 -7.40972e-05 0.00054404 -0.000312895 -0.00425881
internal_weight=36906 33755 3151 32838 3734 3419 980 29104 685 446 1359 548 28812 10780 18032 5953 12079 5600 1792 11550 811 10567 917 2439 1897 529 1675 567 10305 821
internal_count=36906 33755 3151 32838 3734 3419 980 29104 685 446 1359 548 28812 10780 18032 5953 12079 5600 1792 11550 811 10567 917 2439 1897 529 1675 567 10305 821
cat_boundaries=0 3 6 9 12 15 18 19 20 23 26
cat_threshold=84545538 278560 360449 268435456 1 33558785 16388 9044544 29388800 0 0 12288 128 2214625289 2097152 36962304 554696721 67109026 8 4 0 64 8192 131072 1024 8192
is_linear=0
shrinkage=0.05


Tree=212
num_leaves=31
num_cat=10
split_feature=18 25 25 25 2 27 27 25 24 18 20 3 18 20 18 25 20 25 27 25 11 2 23 25 11 27 18 3 27 2
split_gain=5.27073 5.25408 1.55368 0.881756 0.926625 0.673566 0.921885 0.635789 0.663852 0.499309 0.810892 0.436131 0.420914 0.480356 0.409288 0.901686 0.383113 0.520918 0.373715 0.349454 0.343865 0.326757 0.325529 0.760242 0.288449 0.282541 0.204625 0.199124 0.109129 0.00142124
threshold=3150.0000000000005 0 1 2 9.5000000000000018 3.4811217321331038 4.3630783395783075 3 4 84600.000000000015 158400.00000000003 161920.00000000003 1500.0000000000002 2250.0000000000005 11700.000000000002 5 590400.00000000012 6 3.2769667020129059 7 84480.000000000015 31.500000000000004 8 9 110592.00000000001 2.524928003624769 1500.0000000000002 71168.000000000015 2.1383330595080281 102.00000000000001
decision_type=2 9 9 9 2 10 10 9 9 2 2 2 2 2 2 9 2 9 8 9 2 2 9 9 2 10 2 2 10 2
left_child=2 21 11 4 9 24 -7 18 -9 22 -11 -1 13 -13 19 -16 17 -12 -5 -10 -17 -2 23 -3 26 -21 -4 -25 -28 -23
right_child=1 3 5 7 -6 6 -8 8 14 10 16 12 -14 -15 15 20 -18 -19 -20 25 -22 29 -24 27 -26 -27 28 -29 -30 -31
leaf_value=-2.3242651912867092 -1.4230432840180585 -0.12776482616063731 3.0431428080822802 0.060210745437734664 -63.645569906169612 -0.85577784016392688 -0.15180474905921529 21.49032553488383 -75.832944870642436 -51.218743938431729 85.738340533810785 -0.88356425647709114 -0.35292503695893562 -0.25571583280855459 86.028030803994795 0.028798549760540484 -157.21243052983709 -2.2141586483819995 26.86739523269069 -0.68698627156788916 -0.65846612898312751 -1.1115175499201839 13.362013479033159 0.32629788414423733 -1.1995986708201734 -15.682737907575254 -0.77569467448105345 -5.2772620356424342 1.9510415660883269 -2.5743956576829081
leaf_weight=349 295 222 237 286 289 222 202 344 228 295 213 285 919 239 201 12386 225 228 316 10452 4620 402 542 637 202 313 272 1041 224 220
leaf_count=349 295 222 237 286 289 222 202 344 228 295 213 285 919 239 201 12386 225 228 316 10452 4620 402 542 637 202 313 272 1041 224 220
internal_value=-0.000441098 -0.000258466 -0.00239613 -0.000153426 -0.000880131 -0.00109045 -0.00274648 -6.10479e-05 -9.52526e-05 -0.000650515 -0.00161475 -0.0033592 -0.00298616 -0.00184411 -0.00012229 2.9925e-05 -0.000643714 0.000214446 0.00153094 -0.00036062 -1.05782e-05 -0.00396663 -0.00027005 -0.00057834 -0.000346853 -0.000317808 0.000115645 -0.000201185 -0.000461849 -0.00466346
internal_weight=36906 33755 3151 32838 3692 1359 424 29146 28544 3403 961 1792 1443 524 28200 17207 666 441 602 10993 17006 917 2442 1900 935 10765 733 1678 496 622
internal_count=36906 33755 3151 32838 3692 1359 424 29146 28544 3403 961 1792 1443 524 28200 17207 666 441 602 10993 17006 917 2442 1900 935 10765 733 1678 496 622
cat_boundaries=0 3 6 9 12 13 16 19 22 23 26
cat_threshold=84545538 278560 360449 268435456 1 33558785 134234116 524352 29389824 2147485696 2147516416 768 34 0 8397824 2097160 0 0 12288 0 67108865 2097152 4 0 64 8192
is_linear=0
shrinkage=0.05


Tree=213
num_leaves=31
num_cat=9
split_feature=25 18 2 3 3 0 20 25 27 20 11 25 27 27 11 25 11 25 12 25 25 10 20 10 12 18 25 23 20 18
split_gain=4.8429 4.02727 1.30229 1.39097 1.18144 1.60024 0.848706 0.589472 0.724348 0.496581 0.491081 0.827007 0.568433 1.40095 0.405679 1.23747 0.360845 0.633407 0.346787 0.833752 0.77122 0.343362 0.288642 0.262733 0.261915 0.247768 0.482109 0.456269 0.269422 0.159781
threshold=0 3150.0000000000005 15.500000000000002 56624.000000000007 1056768.0000000002 3.5000000000000004 42000.000000000007 1 2.6735537653587347 54000.000000000007 253592.00000000003 2 4.2835627800822236 3.4811217321331038 161920.00000000003 3 96500.000000000015 4 84480.000000000015 5 6 3.5000000000000004 748800.00000000012 24.500000000000004 104448.00000000001 172650.00000000003 7 8 27000.000000000004 450.00000000000006
decision_type=9 2 2 2 2 2 2 9 8 2 2 9 10 8 2 9 2 9 2 9 9 2 2 2 2 2 9 9 2 2
left_child=2 4 3 -1 5 10 -5 8 -3 -10 11 12 13 -2 16 -16 18 -18 20 23 -9 -22 -21 -20 -4 26 28 -27 -17 -7
right_child=1 7 24 6 -6 29 -8 14 9 -11 -12 -13 -14 -15 15 25 17 -19 19 22 21 -23 -24 -25 -26 27 -28 -29 -30 -31
leaf_value=-0.18419947626275085 -0.1908846951708302 -99.980347133523608 -1.0559416724241746 -0.60805193172237326 3.3709005635447973 -0.5629294737319086 -5.6133964543070762 1.2932873987650966 0.79549597788971849 13.227352225097817 -4.5223792274254846 2.2208880219718488 0.037861535585204824 -1.1829899781239932 -2.3047638731401521 -0.90777273137370862 18.545846836769147 1.397461656032345 -3.1518500744188716 -0.26828829455663716 -0.40377265704218246 0.027358622272731739 -140.52569338657636 -273.06153886655051 -2.4914896506091013 23.42515163154458 3.9814184879534142 -0.36278980516945014 -152.71380642825463 -0.28527878511098875
leaf_weight=833 320 231 497 471 237 393 444 693 327 233 230 276 220 289 469 1634 239 983 285 12181 5485 6873 451 271 332 326 204 237 337 905
leaf_count=833 320 231 497 471 237 393 444 693 327 233 230 276 220 289 469 1634 239 983 285 12181 5485 6873 451 271 332 326 204 237 337 905
internal_value=-0.000419422 -0.000261933 -0.00250483 -0.00173714 -0.00205432 -0.00235863 -0.0030807 -9.8377e-05 0.0012391 0.0022242 -0.00114061 -0.000700092 -0.00148038 -0.00228314 -0.000133313 -0.000665317 -7.11879e-05 0.000767973 -0.000110325 -0.000291131 7.2396e-05 -1.9403e-05 -0.000206423 -0.00216549 -0.00414561 -0.00025091 -0.0004938 0.000681415 -0.000733738 -0.00360769
internal_weight=36906 34329 2577 1748 2870 2633 915 31459 791 560 1335 1105 829 609 30668 3207 27461 1222 26239 13188 13051 12358 12632 556 829 2738 2175 563 1971 1298
internal_count=36906 34329 2577 1748 2870 2633 915 31459 791 560 1335 1105 829 609 30668 3207 27461 1222 26239 13188 13051 12358 12632 556 829 2738 2175 563 1971 1298
cat_boundaries=0 3 6 8 11 14 17 20 23 24
cat_threshold=352980994 4997216 17141761 2147485696 2147516416 2098944 0 2147484673 262144 1537 8388608 262272 67108864 33554432 262144 69337088 32 262144 67108864 33554464 0 69206024 8192 4
is_linear=0
shrinkage=0.05


Tree=214
num_leaves=31
num_cat=9
split_feature=25 18 2 3 3 0 20 25 27 20 11 25 27 27 10 11 25 25 27 25 9 18 12 25 18 2 25 18 3 25
split_gain=4.74112 4.08609 1.33357 1.42696 1.19365 1.55189 1.05811 0.648575 0.633413 0.496581 0.473616 0.736295 0.568433 1.40095 0.433299 0.559669 0.928951 0.791263 0.32037 0.862868 0.308109 0.303829 0.261915 0.240127 0.208174 0.342621 0.277237 0.159781 0.0619919 0.134698
threshold=0 3150.0000000000005 15.500000000000002 71168.000000000015 1056768.0000000002 3.5000000000000004 42000.000000000007 1 2.6735537653587347 54000.000000000007 253592.00000000003 2 4.2835627800822236 3.4811217321331038 98.000000000000014 84480.000000000015 3 4 3.2384861814448418 5 98.000000000000014 68400.000000000015 104448.00000000001 6 13500.000000000002 3.5000000000000004 7 450.00000000000006 50600.000000000007 8
decision_type=9 2 2 2 2 2 2 9 8 2 2 9 10 8 2 2 9 9 8 9 2 2 2 9 2 2 9 2 2 9
left_child=2 4 3 28 5 10 -5 8 -3 -10 11 12 13 -2 15 16 23 20 -19 -20 21 -17 -4 -9 26 -26 -18 -7 29 -1
right_child=1 7 22 6 -6 27 -8 14 9 -11 -12 -13 -14 -15 -16 17 24 18 19 -21 -22 -23 -24 -25 25 -27 -28 -29 -30 -31
leaf_value=32.41709155681383 -0.18134046041229121 -94.981329776847431 -1.003144588802966 -2.1276493351362546 3.2023555353675586 -0.53478300004531309 -5.0327291230658382 0.60362326128524735 0.75572117899522284 12.565984613842993 -4.29626026605421 2.1098436208732561 0.035968458805939463 -1.1238404792177961 2.0357176941707729 -2.0694061415749547 -32.803516065916249 -3.1895026047155204 24.421700606925942 -1.3924338070824893 -1.3578354635872529 -1.2936789535800928 -2.3669151680780014 12.902175382530368 -0.30358889269745931 0.025990691158949631 -0.88819124657006798 -0.27101484585543928 0.031239884698865211 -2.2662729429684076
leaf_weight=226 320 231 497 417 237 393 419 498 327 233 230 276 220 289 400 208 249 295 206 10271 252 372 332 216 4085 7863 5753 905 347 339
leaf_count=226 320 231 497 417 237 393 419 498 327 233 230 276 220 289 400 208 249 295 206 10271 252 372 332 216 4085 7863 5753 905 347 339
internal_value=-0.000422132 -0.000266301 -0.00248552 -0.00170857 -0.00207173 -0.00237761 -0.00319809 -0.000101555 0.00130137 0.0022242 -0.00117801 -0.000745259 -0.00148038 -0.00228314 -0.000138202 -0.000159895 9.64201e-06 -0.000432536 -0.00031621 -0.000270542 -0.00190758 -0.00128866 -0.00414561 0.00176308 -6.12416e-05 5.9413e-05 -0.000301467 -0.00360769 -0.00033917 -0.000661377
internal_weight=36906 34329 2577 1748 2870 2633 836 31459 791 560 1335 1105 829 609 30668 30268 18664 11604 10772 10477 832 580 829 714 17950 11948 6002 1298 912 565
internal_count=36906 34329 2577 1748 2870 2633 836 31459 791 560 1335 1105 829 609 30668 30268 18664 11604 10772 10477 832 580 829 714 17950 11948 6002 1298 912 565
cat_boundaries=0 3 6 8 11 14 17 19 21 24
cat_threshold=352980994 4997216 17141761 2147485696 2147516416 2098944 0 2147484673 1310720 67108864 33554464 262144 67108864 32 0 8390144 136 0 67108864 0 10485761 0 0 16809984
is_linear=0
shrinkage=0.05


Tree=215
num_leaves=31
num_cat=10
split_feature=25 18 25 2 3 3 0 20 11 25 27 27 11 25 3 25 18 18 25 25 20 12 2 20 18 18 2 23 25 25
split_gain=4.66624 4.0933 1.55779 1.31199 1.58457 1.18144 1.60024 0.728429 0.491081 0.707175 0.537468 1.30233 0.415144 0.821084 0.672598 0.662035 0.710273 0.679915 0.596388 0.530087 0.395037 0.261915 0.185059 0.330572 0.159781 0.156937 0.379197 1.26112 0.233861 0.150116
threshold=0 3150.0000000000005 1 15.500000000000002 71168.000000000015 1056768.0000000002 3.5000000000000004 42000.000000000007 253592.00000000003 2 4.2835627800822236 3.4811217321331038 84480.000000000015 3 19968.000000000004 4 68400.000000000015 135000.00000000003 5 6 345300.00000000006 104448.00000000001 400.00000000000006 820800.00000000012 450.00000000000006 9900.0000000000018 3.5000000000000004 7 8 9
decision_type=9 2 9 2 2 2 2 2 2 9 10 8 2 9 2 9 2 2 9 9 2 2 2 2 2 2 2 9 9 9
left_child=3 5 -3 4 -1 6 8 -6 9 10 11 -2 13 14 -4 16 -14 -18 -16 20 -17 -5 23 -21 -8 28 27 -27 -15 -28
right_child=1 2 12 21 7 -7 24 -9 -10 -11 -12 -13 15 25 18 19 17 -19 -20 22 -22 -23 -24 -25 -26 26 29 -29 -30 -31
leaf_value=-0.10346089379641406 -0.17227343739167972 3.612622030478267 -1.4982778460469377 -0.95298735936281753 -2.0712668683794422 3.0422377585991804 -0.50804385004304753 -3.7960954242234042 -4.0814472527514996 2.0043514398295925 0.034170035865645335 -1.0676484552569037 -2.5407872636191318 -0.78411748189208297 0.57344209822040282 25.560764321187435 51.296852397151092 -0.82865882070784136 102.54345289982044 -0.91275851107550077 -29.735001121594365 -2.2485694096746403 11.685976204203872 -210.81422429973424 -0.25746410356266763 -0.068404579555200948 98.790454569633596 -1.2941366969411321 -25.617399826605794 0.024691156601329568
leaf_weight=912 320 404 260 497 380 237 393 260 230 276 220 289 325 5568 498 373 275 688 246 9937 238 332 333 286 905 3582 203 527 263 7649
leaf_count=912 320 404 260 497 380 237 393 260 230 276 220 289 325 5568 498 373 275 688 246 9937 238 332 333 286 905 3582 203 527 263 7649
internal_value=-0.000395037 -0.000246838 -8.29212e-05 -0.0025303 -0.00167954 -0.00205432 -0.00235863 -0.00358256 -0.00114061 -0.000700092 -0.00142093 -0.00220131 -0.00012331 2.50015e-05 0.00140748 -0.000347196 -0.00141539 -0.000740934 0.00218499 -0.000222293 0.00119583 -0.00414561 -0.000305641 -0.000343766 -0.00360769 -5.39217e-05 4.97355e-05 -0.000339335 -0.000266588 0.000253373
internal_weight=36906 34525 31655 2381 1552 2870 2633 640 1335 1105 829 609 31251 18796 1004 12455 1288 963 744 11167 611 829 10556 10223 1298 17792 11961 4109 5831 7852
internal_count=36906 34525 31655 2381 1552 2870 2633 640 1335 1105 829 609 31251 18796 1004 12455 1288 963 744 11167 611 829 10556 10223 1298 17792 11961 4109 5831 7852
cat_boundaries=0 3 6 8 11 14 16 19 20 22 25
cat_threshold=352980994 4997152 17141761 2147485696 32832 768 0 2147484673 1310720 2216689664 35651616 262144 67109377 32 0 67108864 128 8388616 1032 4 536871168 1024 64 16778240 1048576
is_linear=0
shrinkage=0.05


Tree=216
num_leaves=31
num_cat=9
split_feature=25 18 2 18 25 3 20 25 27 11 11 25 18 18 25 20 25 10 20 20 18 27 27 25 12 0 20 10 23 23
split_gain=4.56525 3.91707 1.39724 1.42463 0.980327 0.917478 0.812736 0.560685 0.614125 0.502798 0.383895 0.647595 0.710273 0.679915 0.556705 0.670233 0.492183 0.49003 0.481201 0.377645 0.358094 0.307664 0.490849 0.736913 0.261915 0.237794 0.717933 0.20359 1.38128 0.341557
threshold=0 3150.0000000000005 15.500000000000002 3570.0000000000005 1 71168.000000000015 42000.000000000007 2 2.6735537653587347 125536.00000000001 84480.000000000015 3 68400.000000000015 135000.00000000003 4 16200.000000000002 5 26.500000000000004 345300.00000000006 1860.0000000000002 450.00000000000006 4.2121001622835372 3.4811217321331038 6 104448.00000000001 30.000000000000004 820800.00000000012 5.666666666666667 7 8
decision_type=9 2 2 2 9 2 2 9 8 2 2 9 2 2 9 2 9 2 2 2 2 10 8 9 2 2 2 2 9 9
left_child=2 4 3 -1 20 -5 -7 8 -3 -10 14 12 -12 -14 15 -9 18 27 -13 21 -2 22 -6 -24 -4 26 -18 28 -16 -29
right_child=1 7 24 5 19 6 -8 10 9 -11 11 16 13 -15 17 -17 25 -19 -20 -21 -22 -23 23 -25 -26 -27 -28 29 -30 -31
leaf_value=-1.96770352496047 -0.48264165754089511 -90.186622152608493 -0.90533799139467674 0.027803777494725429 2.1636408637033049 -1.42523869483 -4.5912878957014076 -1.6167490216085068 0.41883476828334099 3.5812254859932411 -2.4137479004381022 25.940525555726165 48.73200977729357 -0.787225879672241 -1.2994305225132849 1.3147698669476087 -0.86712058552172666 -45.096069141600609 -31.977517004080877 -1.1393838647857826 -0.24459089838453424 0.032461534072365343 -0.69426500252579904 -0.21767434295111601 -2.1361409391905277 48.947256385133713 -736.06242503259409 -0.092646169945510337 -0.099990450516787635 0.023456598771008433
leaf_weight=272 507 231 497 842 280 215 419 377 284 228 325 337 275 688 541 604 9645 202 226 350 1046 200 209 278 332 231 323 6430 5118 5394
leaf_count=272 507 231 497 842 280 215 419 377 284 228 325 337 275 688 541 604 9645 202 226 350 1046 200 209 278 332 231 323 6430 5118 5394
internal_value=-0.000422132 -0.000269213 -0.00244689 -0.00165143 -0.00203691 -0.00103518 -0.00246855 -0.000107913 0.00123841 0.0022179 -0.000140915 -0.000360937 -0.00141539 -0.000740934 1.07016e-06 0.00115307 -0.000232969 -6.35713e-05 0.0011913 -0.00100452 -0.00288499 -0.000500517 -0.000955788 -0.00191207 -0.00414561 -0.000312899 -0.000350051 -3.51742e-05 -0.000281754 8.28671e-05
internal_weight=36906 34329 2577 1748 2870 1476 634 31459 743 512 30716 12050 1288 963 18666 981 10762 17685 563 1317 1553 967 767 487 829 10199 9968 17483 5659 11824
internal_count=36906 34329 2577 1748 2870 1476 634 31459 743 512 30716 12050 1288 963 18666 981 10762 17685 563 1317 1553 967 767 487 829 10199 9968 17483 5659 11824
cat_boundaries=0 3 6 9 12 15 18 20 21 22
cat_threshold=352980994 4997216 17141761 0 1 33554688 2147485696 2147516416 2097920 262144 67109377 32 1310720 67109888 32 128 8388616 8 0 2149581824 8 4
is_linear=0
shrinkage=0.05


Tree=217
num_leaves=31
num_cat=9
split_feature=25 18 2 18 25 3 20 25 24 10 23 18 10 20 25 9 18 25 20 27 27 25 11 12 18 25 18 27 27 18
split_gain=4.53471 3.88486 1.39724 1.42463 0.980327 0.917478 0.812736 0.462595 0.411257 0.38185 0.773375 0.687558 0.50256 0.377645 0.372308 0.359902 0.358094 0.307969 0.931967 0.307664 0.490849 0.736913 0.293752 0.261915 0.258758 0.377752 1.16648 0.274859 0.540204 0.281003
threshold=0 3150.0000000000005 15.500000000000002 3570.0000000000005 1 71168.000000000015 42000.000000000007 2 3 19.500000000000004 4 172650.00000000003 98.000000000000014 1860.0000000000002 5 98.000000000000014 450.00000000000006 6 176400.00000000003 4.2121001622835372 3.4811217321331038 7 359200.00000000006 104448.00000000001 11700.000000000002 8 34200.000000000007 3.8815106545092593 2.524928003624769 9900.0000000000018
decision_type=9 2 2 2 9 2 2 9 9 2 9 2 2 2 9 2 2 9 2 10 8 9 2 2 2 9 2 8 10 2
left_child=2 4 3 -1 16 -5 -7 8 -3 10 17 -12 15 19 -10 -11 -2 18 22 20 -6 -22 -9 -4 27 -26 -27 28 -16 -29
right_child=1 7 23 5 13 6 -8 9 14 12 11 -13 -14 -15 24 -17 -18 -19 -20 -21 21 -23 -24 -25 25 26 -28 29 -30 -31
leaf_value=-1.8693183487124465 -0.45850957466385034 55.609742859232682 -0.86007109182494301 0.026413588619991026 2.0554588205181439 -1.3539767600884944 -4.3617235009163782 -62.6875186455799 4.923778768933694 -1.5921779555327307 4.2259738141092384 0.77403184447757667 0.094358598066901334 -1.0824146715464913 0.48857155255888574 -1.3541491561729346 -0.23236135346530773 -1.2763366424099063 38.709099632439035 0.030838457368747643 -0.65955175239951136 -0.20679062580356034 -9.0782103780587882 -2.0293338922306865 0.013041077168236371 144.62975829188622 1.3023305379593528 -0.51870382166036755 -20.174252018749272 6.5283099434826912
leaf_weight=272 507 214 497 842 280 215 419 231 202 536 678 209 325 350 342 282 1046 5703 350 200 209 278 252 332 11839 250 1079 8468 297 202
leaf_count=272 507 214 497 842 280 215 419 231 202 536 678 209 325 350 342 282 1046 5703 350 200 209 278 252 332 11839 250 1079 8468 297 202
internal_value=-0.000428905 -0.000276493 -0.00244689 -0.00165143 -0.00203691 -0.00103518 -0.00246855 -0.000115859 1.52686e-06 -0.000429006 -0.000298318 0.00108549 -0.00127948 -0.00100452 -1.96125e-05 -0.00193903 -0.00288499 -0.000486388 -0.0013787 -0.000500517 -0.000955788 -0.00191207 -0.00281443 -0.00414561 -3.93538e-05 0.000103264 0.000898582 -0.000241114 -0.00124025 -0.000167206
internal_weight=36906 34329 2577 1748 2870 1476 634 31459 22893 8566 7423 887 1143 1317 22679 818 1553 6536 833 967 767 487 483 829 22477 13168 1329 9309 639 8670
internal_count=36906 34329 2577 1748 2870 1476 634 31459 22893 8566 7423 887 1143 1317 22679 818 1553 6536 833 967 767 487 483 829 22477 13168 1329 9309 639 8670
cat_boundaries=0 3 6 9 10 11 14 17 19 22
cat_threshold=352980994 4997216 17141761 0 1 33554688 2685405568 2709554445 102762248 34 4 2147483648 0 2097408 64 0 8224 0 2149581824 536871040 553648393 67108864
is_linear=0
shrinkage=0.05


Tree=218
num_leaves=31
num_cat=9
split_feature=25 18 2 3 20 25 25 24 0 11 25 10 10 20 10 11 25 18 27 27 25 25 20 18 12 2 20 3 25 20
split_gain=4.42275 3.93646 1.46237 1.19859 1.0586 0.980327 0.42648 0.401145 1.66596 0.481723 0.650119 0.754727 0.50329 0.377645 0.371001 0.562244 0.55484 0.358094 0.307664 0.490849 0.736913 0.264541 0.775896 1.32574 0.261915 0.250344 0.398764 0.0619919 0.134698 0.0579042
threshold=0 3150.0000000000005 15.500000000000002 71168.000000000015 42000.000000000007 1 2 3 1.5000000000000002 91080.000000000015 4 49.000000000000007 7.5000000000000009 1860.0000000000002 1.0714285714285716 97652.000000000015 5 450.00000000000006 4.2121001622835372 3.4811217321331038 6 7 345300.00000000006 9900.0000000000018 104448.00000000001 832.00000000000011 820800.00000000012 50600.000000000007 8 7800.0000000000009
decision_type=9 2 2 2 2 9 9 9 2 2 9 2 2 2 2 2 9 2 10 8 9 9 2 2 2 2 2 2 9 2
left_child=2 5 3 27 -5 17 -3 8 -8 21 11 12 -11 18 16 -16 -12 -2 19 -7 -21 22 23 -9 -4 26 -23 28 -1 -19
right_child=1 6 24 4 -6 13 7 9 -10 10 14 -13 -14 -15 15 -17 -18 29 -20 20 -22 25 -24 -25 -26 -27 -28 -29 -30 -31
leaf_value=30.798699155357827 -0.43558409593065783 38.355481322325765 -0.81706753723369596 -1.7258524312768246 -4.1436373258705315 1.9526858794922342 78.378400496725121 -2.4751509949132497 -120.12415560390122 -2.829243673295605 51.502795433836539 0.089640668164065573 -1.2715471111198895 -1.0282939379691651 -22.800367886800998 -1.7686573378478443 -0.40995543696618031 -0.22074328579204236 0.029296534500315375 -0.62657416477953809 -0.19645109451338216 -0.02836828502622666 -53.389978162889307 25.327473141374504 -1.9278671976196258 68.679190378358584 -435.60757006439155 0.032140066848006743 -2.1504971194358862 -0.69852731684086899
leaf_weight=226 507 208 497 417 419 280 272 381 264 643 287 430 301 350 292 857 3236 840 200 209 278 23285 241 330 332 202 230 347 339 206
leaf_count=226 507 208 497 417 419 280 272 381 264 643 287 430 301 350 292 857 3236 840 200 209 278 23285 241 330 332 202 230 347 339 206
internal_value=-0.000415358 -0.000264845 -0.00240827 -0.00159429 -0.00295943 -0.00203691 -0.000103145 -0.000118512 0.00122263 -0.000142384 -0.000542329 -0.00149351 -0.00229387 -0.00100452 -0.000258327 -0.00103823 -4.25651e-06 -0.00288499 -0.000500517 -0.000955788 -0.00191207 -4.43853e-05 0.000767634 0.00160589 -0.00414561 -7.73327e-05 -9.24875e-05 -0.00033917 -0.000661377 -0.00236641
internal_weight=36906 34329 2577 1748 836 2870 31459 31251 536 30715 6046 1374 944 1317 4672 1149 3523 1553 967 767 487 24669 952 711 829 23717 23515 912 565 1046
internal_count=36906 34329 2577 1748 836 2870 31459 31251 536 30715 6046 1374 944 1317 4672 1149 3523 1553 967 767 487 24669 952 711 829 23717 23515 912 565 1046
cat_boundaries=0 3 6 9 10 13 16 18 20 23
cat_threshold=352980994 4997216 17141761 0 1 33554688 2147485696 32768 768 34 262144 67109377 8224 0 1280 33554432 0 2149581824 262144 2149581832 0 0 16809984
is_linear=0
shrinkage=0.05


Tree=219
num_leaves=29
num_cat=9
split_feature=25 18 25 25 25 2 18 20 20 10 27 27 18 25 0 20 25 25 25 23 3 27 18 2 2 20 10 18
split_gain=4.45994 4.45664 1.49726 1.22981 0.851706 0.931918 0.771111 0.791656 1.07702 0.417389 0.391631 0.979565 0.357814 1.11291 0.365394 0.708857 0.618843 0.552351 0.254504 0.250793 0.737074 0.236914 0.205999 0.169497 0.165887 0.136034 0.438025 0.13182
threshold=0 3150.0000000000005 1 2 3 5.5000000000000009 84600.000000000015 176400.00000000003 590400.00000000012 1.0714285714285716 4.2835627800822236 3.4811217321331038 9900.0000000000018 4 30.000000000000004 345300.00000000006 5 6 7 8 93184.000000000015 5.0782890901091458 1500.0000000000002 31.500000000000004 102.00000000000001 54000.000000000007 29.500000000000004 450.00000000000006
decision_type=9 2 9 9 9 2 2 2 2 2 8 10 2 9 2 2 9 9 9 9 2 8 2 2 2 2 2 2
left_child=23 3 -3 9 5 6 19 18 -9 27 11 -5 13 -6 15 16 -14 -17 -8 20 -4 -12 -23 -1 -25 26 -15 -2
right_child=1 2 4 10 12 -7 7 8 -10 -11 21 -13 14 25 -16 17 -18 -19 -20 -21 -22 22 -24 24 -26 -27 -28 -29
leaf_value=-10.894801363609957 -0.41380489113412494 0.060030771276205999 0.35802384285474254 -0.3721824318325162 -74.229954039628808 -2.4779705590344747 -48.066462474597941 90.19889404313335 -136.27936240356323 -0.20970612150244039 0.027831707775294492 -0.61024569853541955 21.718674116414515 -0.52362119300693166 97.19903878701524 81.676483049401838 0.023050129225157437 -1.4728643428083161 -338.01524156406595 12.656062588539317 -2.9177830465041552 -0.062130106008180211 -2.4794021119708556 -0.77621416037201107 -1.3556590176551255 -10.879186915716037 8.7138379295953232 -1.6395598097129835
leaf_weight=377 499 295 1421 344 241 338 334 204 271 971 200 204 232 10161 218 211 16104 902 317 542 654 349 228 404 208 201 204 272
leaf_count=377 499 295 1421 344 241 338 334 204 271 971 200 204 232 10161 218 211 16104 902 317 542 654 349 228 404 208 201 204 272
internal_value=-0.000399102 -0.000307135 -0.000136979 -0.00212936 -0.000169651 -0.000844125 -0.000618159 -0.00171099 -0.000157234 -0.00299886 -0.000953629 -0.00198182 -7.26685e-05 -0.000299289 6.59335e-05 4.03976e-05 0.000123637 -0.00117937 -0.00284074 -0.000147004 -0.000397209 -0.000237485 -0.000751297 -0.00369131 -0.00425082 -0.00022027 -0.000195333 -0.00388745
internal_weight=36906 35917 32850 3067 32555 4081 3743 1126 475 1742 1325 548 28474 10807 17667 17449 16336 1113 651 2617 2075 777 577 989 612 10566 10365 771
internal_count=36906 35917 32850 3067 32555 4081 3743 1126 475 1742 1325 548 28474 10807 17667 17449 16336 1113 651 2617 2075 777 577 989 612 10566 10365 771
cat_boundaries=0 3 5 8 11 14 17 20 23 24
cat_threshold=352976898 4472864 360449 2147483648 64 0 1 33558784 282628 532992 30437408 128 2214625289 2097664 0 131080 2097152 64 1 2097160 0 0 8396800 4
is_linear=0
shrinkage=0.05


Tree=220
num_leaves=31
num_cat=9
split_feature=25 18 25 18 0 1 11 27 27 25 2 10 23 25 20 10 25 20 18 25 12 3 25 10 9 25 20 18 11 27
split_gain=4.37248 3.71652 1.46343 1.39438 1.00014 1.00883 0.867908 0.81196 0.979565 0.697589 0.820087 0.968098 0.882341 0.58137 0.577073 0.565653 0.400533 0.374591 0.36067 3.16241 0.411651 0.305519 0.414114 0.277328 0.540818 0.271559 0.811693 0.262911 0.209706 0.176564
threshold=0 3150.0000000000005 1 84600.000000000015 10.000000000000002 1.5000000000000002 91080.000000000015 4.2835627800822236 3.4811217321331038 2 15.500000000000002 10.333333333333334 3 4 590400.00000000012 37.000000000000007 5 2250.0000000000005 166500.00000000003 6 168960.00000000003 104448.00000000001 7 98.000000000000014 98.000000000000014 8 84600.000000000015 55800.000000000007 253592.00000000003 4.3630783395783075
decision_type=9 2 9 2 2 2 2 8 10 9 2 2 9 9 2 2 9 2 2 9 2 2 9 2 2 9 2 2 2 10
left_child=21 4 3 -3 5 6 16 8 -8 10 12 -12 13 -4 -15 18 17 -2 25 -20 -21 -1 -23 24 -13 26 -11 -14 -27 -9
right_child=1 2 9 -5 -6 -7 7 29 -10 15 11 23 27 14 -16 -17 -18 -19 19 20 -22 22 -24 -25 -26 28 -28 -29 -30 -31
leaf_value=-0.73740345235341032 -0.66957121649874685 1.1224660127481532 0.61254441142787075 -4.3464408528210674 2.6501581038912523 -0.39311464657741874 -0.35357331024089267 0.78314838098549622 -0.57973341360864772 -0.66327208743545052 -145.61461893647072 -0.61637171406619018 8.8432555895788028 -2.3933609292428679 -187.73537252053711 44.519080072611544 -0.62758875005542913 -0.19922081542731862 16.548858727024346 -2.7765233290404012 15.54567256751907 -1.6531082399914927 -12.297489786272578 0.074005362970638089 -1.0492217693987187 -0.028102377236064058 -45.848138953901071 0.7755961457369267 -8.7125637655345542 -0.15563592480492616
leaf_weight=574 253 208 263 210 243 430 344 278 204 2681 250 293 542 3253 213 376 307 795 206 1782 326 224 272 322 271 20733 317 221 313 202
leaf_count=574 253 208 263 210 243 430 344 278 204 2681 250 293 542 3253 213 376 307 795 206 1782 326 224 272 322 271 20733 317 221 313 202
internal_value=-0.000334075 -0.000239345 -8.38887e-05 0.00281395 -0.00190648 -0.00217229 -0.0017673 -0.000669904 -0.00198182 -0.000122322 -0.000627661 -0.00182777 -0.000324879 -0.00064192 -0.000813687 -1.57045e-05 -0.00259764 -0.0030566 -4.32485e-05 0.000552676 -4.2454e-05 -0.00346581 -0.00257028 -0.0010473 -0.00171378 -0.000100642 -0.000544852 0.00122222 -3.70417e-05 0.000829874
internal_weight=36906 35836 32780 418 3056 2813 2383 1028 548 32362 5628 1136 4492 3729 3466 26734 1355 1048 26358 2314 2108 1070 496 886 564 24044 2998 763 21046 480
internal_count=36906 35836 32780 418 3056 2813 2383 1028 548 32362 5628 1136 4492 3729 3466 26734 1355 1048 26358 2314 2108 1070 496 886 564 24044 2998 763 21046 480
cat_boundaries=0 3 6 9 10 13 16 19 22 25
cat_threshold=352980994 4472864 2457856 2147485696 32832 1536 167788548 68690432 21000355 4 134217728 0 16777217 1048576 1025 33554433 262208 1 8388608 16777216 0 98560 262208 10485760 9437192
is_linear=0
shrinkage=0.05


Tree=221
num_leaves=31
num_cat=12
split_feature=25 18 25 18 3 1 25 2 10 23 0 25 18 25 24 25 20 11 11 25 25 25 27 27 25 3 18 20 3 18
split_gain=4.29471 3.62179 1.49646 1.39438 1.02882 1.03624 0.744632 0.784695 0.890538 0.799715 0.738019 0.817976 0.679603 0.782302 0.578937 0.441789 0.367761 0.787248 0.486128 1.17194 0.314296 0.313968 0.298695 0.705914 0.295289 0.224096 0.165902 0.122332 0.116073 0.046271
threshold=0 3150.0000000000005 1 84600.000000000015 1056768.0000000002 1.5000000000000002 2 15.500000000000002 10.333333333333334 3 3.5000000000000004 4 13500.000000000002 5 6 7 45000.000000000007 182160.00000000003 91080.000000000015 8 9 10 3.4811217321331038 4.3630783395783075 11 122880.00000000001 55800.000000000007 345300.00000000006 104448.00000000001 39600.000000000007
decision_type=9 2 9 2 2 2 9 2 2 9 2 9 2 9 9 9 2 2 2 9 9 9 8 8 9 2 2 2 2 2
left_child=28 4 3 -3 5 10 14 9 -9 12 11 -2 15 -14 -4 -8 18 21 24 -20 27 -18 -13 -24 -16 -22 -11 -10 29 -1
right_child=1 2 6 -5 -6 -7 7 8 20 26 -12 22 13 -15 16 -17 17 -19 19 -21 25 -23 23 -25 -26 -27 -28 -29 -30 -31
leaf_value=-0.70053327973573976 1.8801783968481396 1.0663427121107436 106.01605963630469 -4.1291188101799863 3.2552469098991255 -0.37345891424854777 -0.68727920881256699 -114.89925167967289 -0.11969413985498251 8.7711307591851444 -0.23925977465595238 -0.33589464472885311 -40.004270590330179 -5.3346892728295643 4.1713710082183297 7.2463565272210877 20.499142993874013 12.638384497404331 -2.1548187604818305 -0.64010840200135988 -54.73634109459644 0.023302741625957427 -0.48574650093335664 -0.39785412856467706 -0.035939950038300597 13.34406891642309 0.62681576386094096 -0.81176045800675645 -2.0623110927628279 -3.474475386497943
leaf_weight=273 241 208 233 210 241 439 671 254 208 559 937 344 2098 1326 443 718 710 267 266 2613 214 9411 222 639 11697 243 235 354 398 234
leaf_count=273 241 208 233 210 241 439 671 254 208 559 937 344 2098 1326 443 718 710 267 266 2613 214 9411 222 639 11697 243 235 354 398 234
internal_value=-0.000355751 -0.000269487 -0.000116577 0.00281395 -0.00191354 -0.0021813 -0.000155233 -0.000616658 -0.00173726 -0.000362811 -0.0017673 -0.00105663 -0.000605401 -0.000983656 -3.11878e-05 0.000327102 -5.4488e-05 0.000174205 -0.000212703 -0.0007966 -0.00107248 0.000103229 -0.00158176 -0.00209154 -7.41241e-05 -7.4628e-05 0.00110553 -0.00184669 -0.00373501 -0.00429273
internal_weight=36906 36001 32938 418 3063 2822 32520 6880 1273 5607 2383 1446 4813 3424 25640 1389 25407 10388 15019 2879 1019 10121 1205 861 12140 457 794 562 905 507
internal_count=36906 36001 32938 418 3063 2822 32520 6880 1273 5607 2383 1446 4813 3424 25640 1389 25407 10388 15019 2879 1019 10121 1205 861 12140 457 794 562 905 507
cat_boundaries=0 3 6 9 10 13 16 17 20 22 24 27 29
cat_threshold=352976898 4472864 360704 2147485696 32832 1536 674496960 2703229981 101711880 4 0 1048588 33554432 0 68288768 16777218 34 0 0 2101280 262144 1 0 75628544 262144 2684354568 1048584 1310720 1024
is_linear=0
shrinkage=0.05


Tree=222
num_leaves=31
num_cat=10
split_feature=25 18 25 25 10 23 10 18 25 25 20 20 2 25 9 10 20 25 18 20 25 20 27 27 25 10 18 12 3 3
split_gain=4.52372 3.25844 0.829111 0.632245 0.638285 0.832886 0.809215 0.483839 1.12724 0.589055 0.474266 0.4688 0.456414 0.478957 0.455797 0.581007 0.438987 0.731867 0.404139 0.377113 0.322372 0.450456 0.310004 0.421539 0.650328 0.297301 0.256848 0.184095 0.166483 0.303843
threshold=0 3150.0000000000005 1 2 1.0714285714285716 3 10.333333333333334 166500.00000000003 4 5 590400.00000000012 252000.00000000003 31.500000000000004 6 93.000000000000014 98.000000000000014 176400.00000000003 7 450.00000000000006 1860.0000000000002 8 345300.00000000006 4.2121001622835372 3.4811217321331038 9 37.000000000000007 55800.000000000007 104448.00000000001 359200.00000000006 84480.000000000015
decision_type=9 2 9 9 2 9 2 2 9 9 2 2 2 9 2 2 2 9 2 2 9 2 10 8 9 2 2 2 2 2
left_child=12 2 18 4 5 10 -6 9 -9 -5 16 28 13 -1 -8 -16 17 -3 -2 22 21 -11 23 -4 -25 -22 -7 -14 29 -10
right_child=1 3 19 7 6 26 14 8 11 20 -12 -13 27 -15 15 -17 -18 -19 -20 -21 25 -23 -24 24 -26 -27 -28 -29 -30 -31
leaf_value=-0.052411203530550669 -0.35478596853612032 -8.2820664587409389 1.9081341048577238 -1.8309884338714255 -584.52524926699232 7.3225353566132982 23.390411371958908 14.071458086655184 4.976511185443008 19.609188379761875 -120.59446795637901 608.02575388077821 -0.66550661574895287 -11.298164010598072 -1.1061720142970444 -0.023933472659967522 64.347923150975006 -1.8068414487040627 -0.17729678592315495 -1.1229761783589538 -0.034142952536421946 -28.831840461838024 0.011570028383926002 -0.51145917588668799 -0.95630967529632971 32.342113293292641 0.69547554787277477 -1.102105100134213 11.466466860401852 -9.9938053426632454
leaf_weight=366 488 407 280 537 202 554 291 217 1457 335 275 268 409 263 473 345 317 2571 1037 350 23143 217 200 209 467 248 223 268 230 259
leaf_count=366 488 407 280 537 202 554 291 217 1457 335 275 268 409 263 473 345 317 2571 1037 350 23143 217 200 209 467 248 223 268 230 259
internal_value=-0.000370653 -0.000263957 -0.00183152 -0.000118051 -0.000597885 -0.000306968 -0.00156512 -1.69012e-05 0.000655568 -8.37362e-05 -0.0006299 0.000305479 -0.00324735 -0.00229002 -0.0010306 -0.00163415 -0.000462543 -0.000651008 -0.00265127 -0.000974968 -4.65468e-05 0.00113475 -0.000544043 -0.000918582 -0.00159292 -7.49916e-05 0.00117458 -0.00417526 3.59331e-05 -0.000133878
internal_weight=36906 35600 3031 32569 5658 4347 1311 26911 2431 24480 3570 2214 1306 629 1109 818 3295 2978 1525 1506 23943 552 1156 956 676 23391 777 677 1946 1716
internal_count=36906 35600 3031 32569 5658 4347 1311 26911 2431 24480 3570 2214 1306 629 1109 818 3295 2978 1525 1506 23943 552 1156 956 676 23391 777 677 1946 1716
cat_boundaries=0 3 6 9 10 13 16 19 22 25 27
cat_threshold=352980994 4997216 360705 0 1 33554432 33570820 76677632 23097506 4 262208 536879104 8388608 134482112 8192 1049088 67108864 524352 32769 0 0 2105376 2147483648 16809992 1024 0 2149581824
is_linear=0
shrinkage=0.05


Tree=223
num_leaves=31
num_cat=11
split_feature=25 18 25 25 10 23 10 18 25 2 25 18 9 10 20 11 25 25 20 25 20 27 27 25 11 25 11 27 18 11
split_gain=4.34222 3.03202 0.898952 0.711439 0.648662 0.861566 0.787973 0.577572 0.777529 0.496521 0.435464 0.404139 0.390465 0.581007 0.368725 0.835734 0.518039 0.474853 0.338327 0.335893 1.77351 0.295203 0.394996 0.695034 0.293 0.285425 0.466424 3.02208 0.256848 0.255217
threshold=0 3150.0000000000005 1 2 1.0714285714285716 3 10.333333333333334 13500.000000000002 4 31.500000000000004 5 450.00000000000006 93.000000000000014 98.000000000000014 45000.000000000007 93184.000000000015 6 7 1860.0000000000002 8 345300.00000000006 4.2121001622835372 3.4811217321331038 9 88750.000000000015 10 97652.000000000015 3.2384861814448418 55800.000000000007 91080.000000000015
decision_type=9 2 9 9 2 9 2 2 9 2 9 2 2 2 2 2 9 9 2 9 2 10 8 9 2 9 2 8 2 2
left_child=9 2 11 4 5 7 -6 24 -9 10 -1 -2 -8 -14 16 19 -5 -17 21 20 -16 22 -4 -24 -3 -18 -27 -28 -7 -21
right_child=1 3 18 14 6 28 12 8 -10 -11 -12 -13 13 -15 15 17 25 -19 -20 29 -22 -23 23 -25 -26 26 27 -29 -30 -31
leaf_value=-0.049790643354026547 -0.33704667010931433 -0.7389012967301114 1.8127273996148383 -1.5866180824905314 -555.29898680364283 6.9564085887825975 22.220890803361545 -31.208931007079755 -6.6326138227494997 -0.63223128496150527 -11.013256103323023 -0.1684319466269969 -1.0508634135825561 -0.022736799026818771 21.121154936632411 28.328150833255496 -0.13243580490961904 22.325346074844131 -1.0668273694410062 0.023844752171862639 -50.228796045344389 0.010991526964733113 -0.48588621709235441 -0.90849419153151345 6.9257442844609614 -0.1054617101294241 -5.2309657602575825 97.205186342931398 0.66070177047949985 -13.044110462130584
leaf_weight=382 488 633 280 230 202 554 291 2082 1188 677 247 1037 473 345 245 302 8260 413 350 9068 241 200 209 467 657 6341 278 225 223 318
leaf_count=382 488 633 280 230 202 554 291 2082 1188 677 247 1037 473 345 245 302 8260 413 350 9068 241 200 209 467 657 6341 278 225 223 318
internal_value=-0.000390973 -0.000286421 -0.00179855 -0.000145683 -0.000606608 -0.000362429 -0.0016032 -0.000624727 -0.000977996 -0.00320941 -0.00221078 -0.00265127 -0.00107561 -0.00163415 -2.71866e-05 0.000199734 -0.000183882 0.00184798 -0.000909092 8.00069e-05 0.00134538 -0.000500865 -0.000866389 -0.00151918 0.000270897 -0.000146865 9.18891e-05 0.00155445 0.00117458 1.27675e-05
internal_weight=36906 35600 3031 32569 6648 5337 1311 4560 3270 1306 629 1525 1109 818 25921 10587 15334 715 1506 9872 486 1156 956 676 1290 15104 6844 503 777 9386
internal_count=36906 35600 3031 32569 6648 5337 1311 4560 3270 1306 629 1525 1109 818 25921 10587 15334 715 1506 9872 486 1156 956 676 1290 15104 6844 503 777 9386
cat_boundaries=0 3 6 9 10 13 16 19 21 23 25 28
cat_threshold=352980994 4997216 360705 0 1 33554432 33570820 76677632 32534690 4 0 67239936 19922946 67108864 786496 32769 262272 8192 512 128 2149580800 264192 2684362760 0 2149581824 536870976 2149580809 8
is_linear=0
shrinkage=0.05


Tree=224
num_leaves=31
num_cat=12
split_feature=25 18 25 25 10 23 25 20 3 11 2 25 18 20 25 25 11 25 20 27 27 25 25 11 27 9 10 25 11 11
split_gain=4.32551 2.94402 0.934859 0.650318 0.595921 0.827584 0.653026 0.597078 0.559555 0.523508 0.496521 0.435464 0.404139 0.359932 0.618734 0.505415 0.41796 0.39798 0.355098 0.280762 0.369316 0.740964 0.270117 0.403918 2.49006 0.245622 0.578805 0.222554 0.21025 0.22108
threshold=0 3150.0000000000005 1 2 1.0714285714285716 3 4 489600.00000000006 71168.000000000015 79936.000000000015 31.500000000000004 5 450.00000000000006 45000.000000000007 6 7 102628.57142857143 8 1860.0000000000002 4.2121001622835372 3.4811217321331038 9 10 97652.000000000015 3.4498615536424366 93.000000000000014 98.000000000000014 11 91080.000000000015 5802.666666666667
decision_type=9 2 9 9 2 9 9 2 2 2 2 9 2 2 9 9 2 9 2 10 8 9 9 2 8 2 2 9 2 2
left_child=10 2 12 4 5 7 -6 8 27 -10 11 -1 -2 14 -5 -15 28 -18 19 20 -4 -22 -16 -24 -25 -8 -27 -3 29 -17
right_child=1 3 18 13 6 -7 25 -9 9 -11 -12 -13 -14 15 22 16 17 -19 -20 -21 21 -23 23 24 -26 26 -28 -29 -30 -31
leaf_value=-0.047301111186334316 -0.32019433660384866 0.70976296613936951 1.7220910296340926 -1.5722863593981857 -173.20044252994873 0.97766603822528853 23.31581853966129 -152.08026955060379 -4.5959795779831438 -3.3106332863779602 -0.60061972071342995 -10.462593298156873 -0.16001034929564711 12.90682737469324 -0.11110534036456206 -10.334472678131499 26.946743466830231 3.908710293207927 -1.0134860009689532 0.010441950616495888 -0.46159190623773727 -0.8630694819549376 -0.20018862462295317 -3.6509466775573118 110.45498700912322 -0.86383716607844829 0.078623315399454441 -1.7348827130594715 -12.391904939024062 0.022652514563378648
leaf_weight=382 488 454 280 259 249 763 296 296 291 3217 677 247 1037 378 4069 215 281 321 350 200 209 467 10532 302 201 415 322 231 341 9136
leaf_count=382 488 454 280 259 249 763 296 296 291 3217 677 247 1037 378 4069 215 281 321 350 200 209 467 10532 302 201 415 322 231 341 9136
internal_value=-0.000396392 -0.000292038 -0.00178207 -0.000153358 -0.00059884 -0.000363534 -0.00156542 -0.000622357 -0.000468416 -0.000723648 -0.00320941 -0.00221078 -0.00265127 -4.12727e-05 -0.000196226 0.000181749 0.000114495 0.00139073 -0.000876154 -0.000457687 -0.000814197 -0.00144543 -0.000153481 -2.48948e-05 0.00135643 -0.000971293 -0.0014682 0.000836971 3.5072e-05 7.96524e-05
internal_weight=36906 35600 3031 32569 6534 5252 1282 4489 4193 3508 1306 629 1525 26035 15363 10672 10294 602 1506 1156 956 676 15104 11035 503 1033 737 685 9692 9351
internal_count=36906 35600 3031 32569 6534 5252 1282 4489 4193 3508 1306 629 1525 26035 15363 10672 10294 602 1506 1156 956 676 15104 11035 503 1033 737 685 9692 9351
cat_boundaries=0 3 6 9 10 13 16 19 22 24 26 29 32
cat_threshold=352980994 4997216 360705 0 1 33554432 33570820 76685824 30437538 4 4 8519680 16785408 67108864 786496 32769 262272 0 2097664 264192 2684354560 2097152 128 2097152 0 2149581824 64 2149580809 8 0 0 4096
is_linear=0
shrinkage=0.05


Tree=225
num_leaves=31
num_cat=9
split_feature=25 18 25 25 2 20 24 18 25 10 25 10 3 11 18 10 11 27 27 9 25 11 9 25 20 27 12 18 25 3
split_gain=4.35897 2.79491 1.04653 0.593135 0.496521 0.475906 0.88543 0.667895 1.22489 0.531824 0.435464 0.434875 0.715253 0.417081 0.404139 0.397193 0.381297 0.358505 0.93636 0.310277 0.304359 0.294538 1.60954 0.262613 0.216066 0.210615 0.184095 0.154135 0.231229 0.0610842
threshold=0 3150.0000000000005 1 2 31.500000000000004 489600.00000000006 3 13500.000000000002 4 3.5000000000000004 5 0.41666666666666669 1056768.0000000002 88750.000000000015 450.00000000000006 49.000000000000007 177040.00000000003 4.2835627800822236 3.4811217321331038 98.000000000000014 6 91080.000000000015 5.5000000000000009 7 14280.000000000002 5.0782890901091458 104448.00000000001 1500.0000000000002 8 104448.00000000001
decision_type=9 2 9 9 2 2 9 2 9 2 9 2 2 2 2 2 2 8 10 2 9 2 2 9 2 8 2 2 9 2
left_child=4 2 14 5 10 6 16 13 9 -9 -1 12 -5 24 -2 20 -3 18 -4 -7 -13 23 -23 -22 -8 -19 -6 28 -27 -10
right_child=1 3 17 11 26 19 7 8 29 -11 -12 15 -14 -15 -16 -17 -18 25 -20 -21 21 22 -24 -25 -26 27 -28 -29 -30 -31
leaf_value=-0.044936055627022145 -0.3041846197736563 1.2187829723479808 -0.15893543505396793 17.571538588214025 -0.5705887346777585 -2.2396784520631825 -3.1481414071426013 -41.474388322179387 -2.74119165574557 -513.78155039357011 -9.9394636332490283 44.925251569363859 -18.634595464529657 6.7849886725679882 -0.15200983183086481 30.513306979834308 -0.10530752373742872 0.0099198530856710945 -0.4533017424575283 -0.75512838459981146 3.9693076009040098 -0.33421566326411778 -28.555714670346958 -0.020258747645857514 0.59995682858123023 0.95180919444002976 -0.98535729484428891 -2.2752962579743228 -1.4199160078571909 -1.5205753583564603
leaf_weight=382 488 565 344 200 409 370 451 949 1972 203 247 229 245 683 1037 391 369 200 204 255 436 2902 419 20943 200 229 268 226 303 787
leaf_count=382 488 565 344 200 409 370 451 949 1972 203 247 229 245 683 1037 391 369 200 204 255 436 2902 419 20943 200 229 268 226 303 787
internal_value=-0.000385554 -0.000280805 -0.00173261 -0.000145683 -0.00320941 -0.000560447 -0.000427925 -0.000680047 -0.00101073 -0.00237114 -0.00221078 -3.58859e-05 0.00151007 0.00028443 -0.00265127 -6.31874e-05 0.000983086 -0.00077734 -0.0018 -0.001874 -8.80442e-05 -0.000105213 -0.000543185 -3.71837e-05 -0.000620216 -0.000197918 -0.00417526 -0.000578949 -0.000112361 -0.000431253
internal_weight=36906 35600 3031 32569 1306 6804 6179 5245 3911 1152 629 25765 445 1334 1525 25320 934 1506 548 625 24929 24700 3321 21379 651 958 677 758 532 2759
internal_count=36906 35600 3031 32569 1306 6804 6179 5245 3911 1152 629 25765 445 1334 1525 25320 934 1506 548 625 24929 24700 3321 21379 651 958 677 758 532 2759
cat_boundaries=0 3 6 9 10 13 16 19 21 24
cat_threshold=352980994 4997216 360705 0 1 33554432 33570820 2215649792 30437538 48 16388 512 25174048 67108864 786496 32769 2281703424 33024 512 262144 1024 1048576 1048576 8192
is_linear=0
shrinkage=0.05


Tree=226
num_leaves=31
num_cat=9
split_feature=25 18 18 18 20 25 11 27 25 2 25 10 10 25 23 2 0 20 25 0 20 20 27 25 25 0 18 12 2 12
split_gain=4.54096 2.40716 0.899605 2.3629 0.811478 0.73735 2.81798 0.554503 0.518199 0.496521 0.435464 0.395712 0.38967 0.663272 0.616208 0.525117 0.314486 0.298658 1.15924 0.278399 0.430806 0.232376 0.257329 0.27361 0.226267 0.428647 0.241791 0.185839 0.218168 0.184095
threshold=0 3150.0000000000005 450.00000000000006 1050.0000000000002 2010.0000000000002 1 125536.00000000001 4.8559213341406453 2 31.500000000000004 3 49.000000000000007 3.5000000000000004 4 5 23.500000000000004 3.5000000000000004 16200.000000000002 6 3.5000000000000004 176400.00000000003 11700.000000000002 2.524928003624769 7 8 7.0000000000000009 4500.0000000000009 161920.00000000003 221.00000000000003 104448.00000000001
decision_type=9 2 2 2 2 9 2 8 9 2 9 2 2 9 9 2 2 2 9 2 2 2 10 9 9 2 2 2 2 2
left_child=9 2 16 -4 7 6 17 -5 12 10 -1 21 14 -14 19 -15 -2 -3 -19 20 -7 22 23 -10 25 -23 -26 -6 -29 -11
right_child=1 5 3 4 27 8 -8 -9 11 29 -12 -13 13 15 -16 -17 -18 18 -20 -21 -22 24 -24 -25 26 -27 -28 28 -30 -31
leaf_value=-0.04268925284566194 -1.50158397280779 6.3657408649542964 0.65049591068815005 0.0094238604313886757 -1.2651445335955316 -3.0331336126571316 1.9646412450994832 -3.573684086554016 -28.306482850056064 -0.54205929794387053 -9.4424904515865773 43.147488365843316 1.4502514038013343 -446.33328787103324 0.8278444960713387 -0.36737196536996636 -0.28897538878497342 -40.706408895168721 10.533751871530853 -71.465015976766523 106.67922512958249 27.531651622525807 -13.128087956921306 -0.52483690452595511 0.93304149301835604 -19.795306738260312 -0.019245810263601018 -0.14440934023932145 -0.73189952119857227 -0.93608943010185619
leaf_weight=382 218 560 381 556 209 2447 267 289 334 409 247 373 525 203 778 573 377 229 290 493 272 294 313 3469 351 265 20533 767 234 268
leaf_count=382 218 560 381 556 209 2447 267 289 334 409 247 373 525 203 778 573 377 229 290 493 272 294 313 3469 351 265 20533 767 234 268
internal_value=-0.000327302 -0.000220433 -0.00156776 -0.00114028 -0.00181089 -9.50244e-05 0.00104565 -0.000619836 -0.000144551 -0.00320941 -0.00221078 -5.24218e-05 -0.000594947 -0.00134689 -0.000350703 -0.00225888 -0.00330821 -8.78828e-05 -0.000950097 -0.000656504 -0.000457554 -7.60937e-05 -0.000420108 -0.000306177 -1.00268e-05 0.000971978 -3.68503e-05 -0.00264027 -0.00234796 -0.00417526
internal_weight=36906 35600 3031 2436 2055 32569 1346 845 31223 1306 629 25932 5291 1301 3990 776 595 1079 519 3212 2719 25559 4116 3803 21443 559 20884 1210 1001 677
internal_count=36906 35600 3031 2436 2055 32569 1346 845 31223 1306 629 25932 5291 1301 3990 776 595 1079 519 3212 2719 25559 4116 3803 21443 559 20884 1210 1001 677
cat_boundaries=0 3 6 9 12 15 16 19 22 25
cat_threshold=352980994 4997216 360705 2147747840 0 8389120 33570820 2215682560 24141986 67108864 786496 32769 0 2148540416 160 4 2147483648 0 8388608 536870912 1 33554432 134217728 1032 8
is_linear=0
shrinkage=0.05


Tree=227
num_leaves=28
num_cat=6
split_feature=25 18 9 25 18 18 3 20 25 18 25 18 10 18 10 11 18 2 27 27 25 25 0 3 3 2 27
split_gain=4.24811 2.35324 1.09637 0.849186 2.48488 1.16702 0.840614 0.792449 0.623265 0.617985 0.510619 0.535858 0.534927 0.43307 0.427471 0.387039 0.642134 0.367607 0.358303 0.800025 0.445526 0.329267 0.314486 0.110292 0.110241 0.0597691 0.011657
threshold=0 450.00000000000006 106.00000000000001 1 142200.00000000003 75600.000000000015 1056768.0000000002 111600.00000000001 2 39600.000000000007 3 3570.0000000000005 37.000000000000007 3570.0000000000005 26.500000000000004 52224.000000000007 6300.0000000000009 31.500000000000004 4.2835627800822236 3.4811217321331038 4 5 3.5000000000000004 7680.0000000000009 104448.00000000001 2.5000000000000004 4.1026092131977068
decision_type=9 2 2 9 2 2 2 2 9 2 9 2 2 2 2 2 2 2 8 10 9 9 2 2 2 2 8
left_child=17 22 3 4 5 8 13 -8 -3 -9 15 -12 14 -4 -13 16 26 21 19 -17 -20 -1 -2 -18 -19 -10 -5
right_child=1 2 6 10 -6 -7 7 9 25 -11 11 12 -14 -15 -16 18 23 24 20 -21 -22 -23 -24 -25 -26 -27 -28
leaf_value=-0.040554790203373159 -1.4265047741674004 0.014268535987139331 -0.18718887322735542 3.9296078444434444 10.811334123103007 -38.631088178612849 4.8860035476276309 -22.186365603396464 4.0146761248088296 37.956505855141771 5.087394812332505 -0.018283519750548295 45.080261621635145 -0.254003809367714 -25.083019758680077 -0.6294112549705233 -3.8757466016414583 -0.51495633304667698 0.11942121688945236 -0.42131869219800822 -1.3814450029987384 -8.9903749804709197 -0.27452661934572475 -21.821940665051422 -3.2154959157982379 1.9585904563848648 0.4012040120540718
leaf_weight=336 218 710 826 200 217 227 245 393 218 201 304 23420 356 372 259 650 316 328 297 232 4808 241 377 268 244 203 440
leaf_count=336 218 710 826 200 217 227 245 393 218 201 304 23420 356 372 259 650 316 328 297 232 4808 241 377 268 244 203 440
internal_value=-0.000292079 -0.000195282 -0.000142476 -7.32043e-05 0.00105545 0.000264705 -0.00126778 -5.35089e-05 0.000922329 -0.00104027 -0.000129904 -2.03289e-05 -4.6804e-05 -0.00211667 -7.58004e-05 -0.000499101 0.00030995 -0.00326874 -0.000665388 -0.00159502 -0.000504211 -0.00239206 -0.00330821 -0.000887373 -0.00419861 0.00241339 0.00140187
internal_weight=36906 35757 35162 33125 1575 1358 2037 839 1131 594 31550 24339 24035 1198 23679 7211 1224 1149 5987 882 5105 577 595 584 572 421 640
internal_count=36906 35757 35162 33125 1575 1358 2037 839 1131 594 31550 24339 24035 1198 23679 7211 1224 1149 5987 882 5105 577 595 584 572 421 640
cat_boundaries=0 3 6 9 12 14 17
cat_threshold=352980994 4997216 65793 2147747840 8421892 10486272 0 0 8389120 33570820 68166656 22311074 0 1024 67108864 786496 1
is_linear=0
shrinkage=0.05


Tree=228
num_leaves=31
num_cat=8
split_feature=25 18 9 3 25 11 25 20 18 18 10 11 2 25 10 10 18 25 0 20 10 25 23 20 20 11 2 27 25 18
split_gain=4.25199 2.35535 1.00554 0.94055 0.716615 2.69323 2.67986 0.593173 0.487717 0.43307 0.419189 0.414729 0.367607 0.347243 0.341329 0.614313 0.813886 0.329267 0.314486 0.305406 0.246192 1.19306 1.18184 0.457522 0.415235 0.2379 0.227417 0.207723 0.118274 0.478904
threshold=0 450.00000000000006 106.00000000000001 1056768.0000000002 1 96500.000000000015 2 111600.00000000001 39600.000000000007 3570.0000000000005 12.500000000000002 84480.000000000015 31.500000000000004 3 3.5000000000000004 29.500000000000004 1950.0000000000002 4 3.5000000000000004 10200.000000000002 5.666666666666667 5 6 93600.000000000015 11700.000000000002 16896.000000000004 98.000000000000014 2.8029010331479989 7 6300.0000000000009
decision_type=9 2 2 2 9 2 9 2 2 2 2 2 2 9 2 2 2 9 2 2 2 9 9 2 2 2 2 8 9 2
left_child=12 18 4 9 5 10 27 -5 -9 -4 13 20 17 -3 28 16 -16 -1 -2 -15 21 23 -23 -6 -22 -26 -17 -7 -13 -30
right_child=1 2 3 7 11 6 -8 8 -10 -11 -12 14 -14 19 15 26 -18 -19 -20 -21 24 22 -24 -25 25 -27 -28 -29 29 -31
leaf_value=-0.038527050693210191 -1.3551795354590306 3.7139414364195549 -0.1778294295659876 4.6417033702462582 -1.482332185041014 -33.684775418397543 73.695419715338559 -21.07704732322664 36.058680562384687 -0.24130361889983762 -20.08254880634491 -3.5759276320763789 -0.48920851639434315 6.3467403949072381 -0.098895257672111547 -0.85449801842914896 -2.8091828088627926 -8.5408562314473713 -0.26080028837843855 -0.13928328114615021 -16.504872228166601 -0.71237275284880186 0.85552452141855617 -182.6235218657913 0.024409292718337385 -0.19511792560084629 0.43239873543934665 0.41795120817678255 -0.57035077338827878 11.448868036115542
leaf_weight=336 218 202 826 245 412 206 368 393 201 372 226 2750 572 708 644 428 1227 241 377 6782 224 3750 200 433 6093 5689 340 378 1607 458
leaf_count=336 218 202 826 245 412 206 368 393 201 372 226 2750 572 708 644 428 1227 241 377 6782 224 3750 200 433 6093 5689 340 378 1607 458
internal_value=-0.000290724 -0.000193884 -0.000141055 -0.00121874 -7.47137e-05 0.000309614 0.00281971 6.53971e-05 -0.000788592 -0.00211667 7.57457e-06 -0.000215314 -0.00326874 7.01834e-05 -0.000525752 -0.000982584 -0.0014709 -0.00239206 -0.00330821 1.33286e-05 -7.76659e-05 -0.000380447 -1.26211e-05 -0.00207118 4.33033e-05 8.4011e-05 0.000207791 0.000637583 -0.000275069 1.20354e-05
internal_weight=36906 35757 35162 2037 33125 8870 952 839 594 1198 7918 24255 1149 7692 7454 2639 1871 577 595 7490 16801 4795 3950 845 12006 11782 768 584 4815 2065
internal_count=36906 35757 35162 2037 33125 8870 952 839 594 1198 7918 24255 1149 7692 7454 2639 1871 577 595 7490 16801 4795 3950 845 12006 11782 768 584 4815 2065
cat_boundaries=0 3 6 9 12 15 18 19 22
cat_threshold=352980994 4997216 65793 2147747968 2692776460 44073480 262144 2147484168 2097152 2048 8421380 2097664 67108864 786496 1 0 2097153 16777216 4 16384 256 8226
is_linear=0
shrinkage=0.05


Tree=229
num_leaves=25
num_cat=7
split_feature=25 18 18 18 20 25 27 25 24 10 25 24 18 2 20 10 25 20 0 10 27 3 0 18
split_gain=4.17486 2.18939 0.961753 1.86396 0.977643 0.628598 0.5586 0.476475 0.388397 0.381729 0.545921 0.387471 0.519601 0.367607 0.347279 0.42876 0.329267 0.288719 0.280496 0.272205 0.263824 0.110241 0.0722267 0.0460745
threshold=0 450.00000000000006 1050.0000000000002 2400.0000000000005 2010.0000000000002 1 4.8713658868283671 2 3 3.5000000000000004 4 5 13500.000000000002 31.500000000000004 111600.00000000001 5.666666666666667 6 11700.000000000002 3.5000000000000004 98.000000000000014 3.9415346756528771 104448.00000000001 7.0000000000000009 111600.00000000001
decision_type=9 2 2 2 2 9 8 9 9 2 9 9 2 2 2 2 9 2 2 2 10 2 2 2
left_child=13 18 -3 4 6 9 20 14 -9 11 -11 23 -13 16 15 -7 -1 -10 -2 -12 -4 -15 -6 -5
right_child=1 2 3 5 22 7 -8 8 17 10 19 12 -14 21 -16 -17 -18 -19 -20 -21 -22 -23 -24 -25
leaf_value=-0.036600698158554226 -1.287420558686079 0.57324588479363825 -0.14030771933104233 2.3452815358929002 -0.1239390083215291 -2.5902404226861111 -3.2971312504725603 48.114338738792384 -0.71183132021767515 -4.2092839446877894 -0.64383714332604325 5.0459794172910524 -36.572573284423562 -0.46474809057462602 10.297731514247426 0.51575590554972872 -8.1138134198750027 0.012891197801945965 -0.24776027395951666 0.14577843746374128 0.054634440418613761 -3.0302606941884735 -0.70205395782452273 0.19274804024025799
leaf_weight=336 218 382 360 582 882 230 285 243 4073 279 707 718 3087 328 273 205 241 21843 377 322 200 244 276 215
leaf_count=336 218 382 360 582 882 230 285 243 4073 279 707 718 3087 328 273 205 241 21843 377 322 200 244 276 215
internal_value=-0.000317818 -0.000221841 -0.000170915 -0.00019838 -0.00167831 -0.000107845 -0.000383708 -5.0237e-06 -3.99309e-05 -0.000574132 -0.00132825 -0.000360557 -0.00056982 -0.00326874 0.00126389 0.000400456 -0.00239206 -5.90108e-05 -0.00322446 -0.00076369 0.000533807 -0.00419861 -0.00262069 0.000636587
internal_weight=36906 35757 35162 34780 2003 32777 845 26867 26159 5910 1308 4602 3805 1149 708 435 577 25916 595 1029 560 572 1158 797
internal_count=36906 35757 35162 34780 2003 32777 845 26867 26159 5910 1308 4602 3805 1149 708 435 577 25916 595 1029 560 572 1158 797
cat_boundaries=0 3 6 9 10 13 14 17
cat_threshold=352980994 4997216 65793 35667972 68165632 30728354 2147747840 33280 2098688 34 4 0 17080320 16 67108864 786496 1
is_linear=0
shrinkage=0.05


Tree=230
num_leaves=25
num_cat=7
split_feature=25 18 18 18 25 20 25 27 25 20 20 25 18 2 20 18 0 27 25 10 20 0 25 3
split_gain=4.12149 2.07429 0.946841 1.99009 1.93902 1.16385 0.627842 0.596428 0.470498 0.403563 1.04991 0.603996 0.450165 0.382653 0.35482 0.747438 0.341435 0.339767 0.329267 0.327808 0.248151 0.155684 0.150395 0.0956226
threshold=0 450.00000000000006 1500.0000000000002 2400.0000000000005 1 2010.0000000000002 2 4.886575525404063 3 27000.000000000004 158400.00000000003 4 84600.000000000015 31.500000000000004 111600.00000000001 16500.000000000004 3.5000000000000004 3.9607678160667752 5 49.000000000000007 11700.000000000002 7.0000000000000009 6 104448.00000000001
decision_type=9 2 2 2 9 2 9 8 9 2 2 9 2 2 2 2 2 10 9 2 2 2 9 2
left_child=13 16 4 5 -3 7 9 17 14 22 12 -12 -11 18 15 -8 -2 -4 -1 20 -10 -7 -5 -15
right_child=1 2 3 6 -6 21 8 -9 19 10 11 -13 -14 23 -16 -17 -18 -19 -20 -21 -22 -23 -24 -25
leaf_value=-0.034770663250628789 -1.223049530751775 13.079044938353874 -0.13329233336448851 5.6271028903393479 -1.3004167181981039 -0.16274100767161173 0.49094207945380364 -5.3125933655775501 -0.65633707957576248 -43.784521363641851 -1.0503018285002328 -0.33081431774842446 -34.973941217968971 -0.44151068604589466 9.7828449385357104 -2.5407284802298822 -0.23537226026154079 0.067732257935926882 -7.7081227488812534 38.778181207500893 0.0084711740929378724 -0.6919509321077506 -0.64187835475696531 -2.8787476594792683
leaf_weight=336 218 215 364 636 260 881 202 206 4177 257 417 4006 233 328 273 252 377 200 241 373 21746 266 222 220
leaf_count=336 218 215 364 636 260 881 202 206 4177 257 417 4006 233 328 273 252 377 200 241 373 21746 266 222 220
internal_value=-0.0003124 -0.000218061 -0.000168525 -0.000198918 0.00204402 -0.00176394 -0.000107331 -0.000259069 -6.10439e-06 -0.00058015 -0.000755851 -0.000511866 -0.00294716 -0.00327617 0.00123816 0.000394736 -0.0031407 0.000583038 -0.00239206 -4.10533e-05 -6.22963e-05 -0.00277198 0.000418603 -0.00425455
internal_weight=36906 35781 35186 34711 475 1917 32794 770 27023 5771 4913 4423 490 1125 727 454 595 564 577 26296 25923 1147 858 548
internal_count=36906 35781 35186 34711 475 1917 32794 770 27023 5771 4913 4423 490 1125 727 454 595 564 577 26296 25923 1147 858 548
cat_boundaries=0 3 6 9 12 15 18 21
cat_threshold=352976898 4997216 65793 1048576 4 33562624 35672068 68165632 30433442 2147747840 33280 2360832 0 0 25165824 67108864 786496 1 0 0 8396800
is_linear=0
shrinkage=0.05


Tree=231
num_leaves=27
num_cat=6
split_feature=25 18 9 3 20 25 18 18 10 25 27 27 2 18 25 10 20 0 25 25 11 20 2 11 3 18
split_gain=4.13281 2.08025 0.875534 0.888042 0.625642 0.578415 0.539799 0.489171 0.425025 0.474113 0.391885 0.682085 0.382653 0.365667 0.973529 0.773597 0.48647 0.341435 0.329267 0.326516 0.38756 0.28648 0.198588 0.186005 0.0956226 0.0326998
threshold=0 450.00000000000006 106.00000000000001 1056768.0000000002 111600.00000000001 1 3570.0000000000005 39600.000000000007 93.000000000000014 2 4.2835627800822236 3.1984648276080736 31.500000000000004 22500.000000000004 3 0.75000000000000011 158400.00000000003 3.5000000000000004 4 5 161920.00000000003 135000.00000000003 2.5000000000000004 125536.00000000001 104448.00000000001 9900.0000000000018
decision_type=9 2 2 2 2 9 2 2 2 9 10 10 2 2 9 2 2 2 9 9 2 2 2 2 2 2
left_child=12 17 5 6 -5 13 -4 25 9 21 11 -11 18 19 15 -15 -16 -2 -1 20 -3 22 -7 -18 -14 -6
right_child=1 2 3 4 7 8 -8 -9 -10 10 -12 -13 24 14 16 -17 23 -19 -20 -21 -22 -23 -24 -25 -26 -27
leaf_value=-0.033032130088099625 -1.1618970542141862 5.5370065139832567 -0.15460395728803109 3.6459406501704681 -13.931753843393327 -1.9986911585723648 -0.19550586847763043 34.254678415670604 0.49503074169333561 -0.019657926993750154 0.11227658401087411 -0.37620808265596922 -0.41943515174359991 -121.8086536504281 -141.84965003382314 -33.0652438805053 -26.496535297582007 -0.22360364724846368 -7.3227166114371913 -0.64449648351093036 -2.8612272030875276 9.5537015853464258 0.46671964735578514 32.726894383741993 -2.7348102765055957 -56.684380964085065
leaf_weight=336 218 567 826 251 202 233 375 201 215 26743 220 414 328 213 251 382 2599 377 241 304 226 241 211 307 220 205
leaf_count=336 218 567 826 251 202 233 375 201 215 26743 220 414 328 213 251 382 2599 377 241 304 226 241 211 307 220 205
internal_value=-0.000308335 -0.00021387 -0.000164262 -0.00116392 6.3878e-05 -0.00010203 -0.00204073 -0.00080328 -1.53782e-05 -3.24271e-05 -6.51733e-05 -8.22944e-05 -0.00327617 -0.000605844 -0.00084177 -0.0026771 -0.000484381 -0.0031407 -0.00239206 0.000195631 0.000726707 0.00125538 0.000515694 -0.000302615 -0.00425455 -0.00179707
internal_weight=36906 35781 35186 2060 859 33126 1201 608 28277 28062 27377 27157 1125 4849 3752 595 3157 595 577 1097 793 685 444 2906 548 407
internal_count=36906 35781 35186 2060 859 33126 1201 608 28277 28062 27377 27157 1125 4849 3752 595 3157 595 577 1097 793 685 444 2906 548 407
cat_boundaries=0 3 6 9 12 15 18
cat_threshold=352976898 4997216 65793 33570820 1188096 30695586 2147747840 8421892 2097664 4 0 25165824 67108864 786496 1 4 0 25174016
is_linear=0
shrinkage=0.05


Tree=232
num_leaves=22
num_cat=5
split_feature=25 18 18 25 18 0 25 18 18 27 27 11 10 25 9 2 0 25 10 20 3
split_gain=4.27378 2.1544 0.813546 1.80723 1.51063 0.681198 0.646304 2.62089 1.06021 0.490198 0.725849 0.470932 0.418547 0.471705 0.891653 0.382653 0.341435 0.329267 0.309429 0.239975 0.0956226
threshold=0 450.00000000000006 1500.0000000000002 1 2400.0000000000005 7.0000000000000009 2 142200.00000000003 84600.000000000015 4.3630783395783075 3.4811217321331038 91080.000000000015 98.000000000000014 3 15.500000000000002 31.500000000000004 3.5000000000000004 4 19.500000000000004 11700.000000000002 104448.00000000001
decision_type=9 2 2 9 2 2 9 2 2 10 10 2 2 9 2 2 2 9 2 2 2
left_child=15 16 3 -3 5 9 7 8 18 10 11 -4 13 14 -8 17 -2 -1 -6 -15 -17
right_child=1 2 4 -5 6 -7 12 -9 -10 -11 -12 -13 -14 19 -16 20 -18 -19 -20 -21 -22
leaf_value=-0.031380523583698049 -1.1038022015034767 12.482907698214458 -0.096873759423629482 -1.2344129859385111 1.3865312590100076 -0.64962318763796179 -1.4864993422601971 8.7960176790991689 -31.461981686479703 0.106662754810327 -0.3097972506371619 1.6626924655468429 2.2068094389113866 -0.64244000387831479 -1.0157301292114427 -0.39846339415641996 -0.2124234648860405 -6.9565807808653339 0.4433836649879595 -0.008300798033451429 -2.5980697626800975
leaf_weight=336 218 215 822 260 941 266 2516 217 214 202 222 405 400 4186 687 328 377 241 223 23410 220
leaf_count=336 218 215 822 260 941 266 2516 217 214 202 222 405 400 4186 687 328 377 241 223 23410 220
internal_value=-0.000258211 -0.000162184 -0.000111687 0.0019392 -0.000139862 -0.00150339 -6.00695e-05 0.000917858 0.000115941 -0.0011222 -0.00144383 -0.0009642 -0.000110379 -0.000131328 -0.000704511 -0.00327617 -0.0031407 -0.00239206 0.000711834 -6.44753e-05 -0.00425455
internal_weight=36906 35781 35186 475 34711 1917 32794 1595 1378 1651 1449 1227 31199 30799 3203 1125 595 577 1164 27596 548
internal_count=36906 35781 35186 475 34711 1917 32794 1595 1378 1651 1449 1227 31199 30799 3203 1125 595 577 1164 27596 548
cat_boundaries=0 3 6 9 12 15
cat_threshold=352976898 4997216 65793 1048576 4 33562624 2147747840 33280 10749440 16388 76685312 22044704 67108864 786496 1
is_linear=0
shrinkage=0.05


Tree=233
num_leaves=25
num_cat=7
split_feature=25 18 18 18 27 25 10 27 25 20 20 2 0 25 25 10 24 18 20 25 18 20 3 27
split_gain=4.29686 2.16655 0.674002 1.0438 1.05909 0.582272 0.983905 0.510202 0.722466 0.463968 0.527523 0.382653 0.341435 0.329267 0.295937 0.385099 0.578661 0.472294 0.143747 0.246783 0.165862 0.142695 0.0956226 0.0390639
threshold=0 450.00000000000006 1050.0000000000002 2400.0000000000005 4.2835627800822236 1 7.5000000000000009 3.4811217321331038 2 345300.00000000006 142200.00000000003 31.500000000000004 3.5000000000000004 3 4 3.5000000000000004 5 84600.000000000015 10200.000000000002 6 4500.0000000000009 74400.000000000015 104448.00000000001 2.9700856263602158
decision_type=9 2 2 2 10 9 2 10 9 2 2 2 2 9 9 2 9 2 2 9 2 2 2 8
left_child=11 12 -3 4 7 6 9 8 -4 10 -5 13 -2 -1 15 16 -7 -17 19 -16 -20 -8 -13 -10
right_child=1 2 3 5 -6 14 21 -9 23 -11 -12 22 -14 -15 18 17 -18 -19 20 -21 -22 -23 -24 -25
leaf_value=-0.029811497404512013 -1.048612091428303 0.52230797211047464 -0.19203007145244799 -0.22360320443103587 0.10132961706981405 0.96495859530405148 0.42121448173857062 -0.34190781298981493 -7.5708233865026902 -50.563804874257954 6.8093228003108912 -0.37854022444859903 -0.20180229164173849 -6.6087517418220658 -0.45088197759880028 -3.6254687103180019 -8.3229463310182279 -0.23673914686030151 1.145153920091974 -15.440633595698984 -0.018259990742444644 105.63826988742113 -2.4681662745453652 0.98683266647873991
leaf_weight=336 218 387 1064 2348 220 737 204 204 203 322 1234 328 377 241 3007 237 1539 977 356 247 21381 205 220 314
leaf_count=336 218 387 1064 2348 220 737 204 204 203 322 1234 328 377 241 3007 237 1539 977 356 247 21381 205 220 314
internal_value=-0.000250082 -0.000153802 -0.000103161 -0.000126291 -0.00123319 -5.85449e-05 0.00048208 -0.00163682 -0.00132975 0.000238094 0.000401785 -0.00327617 -0.0031407 -0.00239206 -0.000140562 -0.000571103 -0.000188763 -0.00129112 -8.01916e-05 -0.00039005 -3.38114e-05 0.00281022 -0.00425455 0.00021739
internal_weight=36906 35781 35186 34799 2005 32794 4313 1785 1581 3904 3582 1125 595 577 28481 3490 2276 1214 24991 3254 21737 409 548 517
internal_count=36906 35781 35186 34799 2005 32794 4313 1785 1581 3904 3582 1125 595 577 28481 3490 2276 1214 24991 3254 21737 409 548 517
cat_boundaries=0 3 6 9 12 15 16 19
cat_threshold=352976898 4997216 65793 2147752064 2147517960 10487304 0 1 33562624 67108864 786496 1 33570820 68165632 22306976 16 256 2097152 4096
is_linear=0
shrinkage=0.05


Tree=234
num_leaves=20
num_cat=4
split_feature=25 18 18 18 27 25 10 27 18 25 20 20 25 0 10 0 3 20 9
split_gain=4.12086 2.14811 0.733599 1.10824 1.09048 0.567122 1.15978 0.5004 0.471868 0.439388 0.424214 0.520337 0.413598 0.411985 0.371562 0.341435 0.231391 0.339225 0.115465
threshold=0 450.00000000000006 1050.0000000000002 2400.0000000000005 4.2835627800822236 1 7.5000000000000009 3.4811217321331038 6300.0000000000009 2 345300.00000000006 142200.00000000003 3 7.0000000000000009 0.75000000000000011 3.5000000000000004 2750720.0000000005 489600.00000000006 31.500000000000004
decision_type=9 2 2 2 10 9 2 8 2 9 2 2 9 2 2 2 2 2 2
left_child=8 15 -3 4 7 6 10 -4 -1 -9 11 -5 14 -11 -7 -2 17 -14 -10
right_child=1 2 3 5 -6 12 -8 9 18 13 -12 -13 16 -15 -16 -17 -18 -19 -20
leaf_value=-0.54216749604685244 -0.99618148685688779 0.49619257350495083 0.264987455412588 0.021893787764315678 0.096263136216327899 49.422040458365885 73.635502009161669 -0.42499226864487893 -16.257698264613282 -0.082428567879825471 -48.035614630545027 7.8407494093917194 -0.025568354723509403 -0.58254085250898768 -0.028320922534294371 -0.19171217705965155 68.65079978469663 -0.52921573516892195 -0.35961321322616907
leaf_weight=216 218 382 312 4289 220 205 379 247 278 949 322 1262 24797 276 464 377 242 1047 424
leaf_count=216 218 382 312 4289 220 205 379 247 278 949 322 1262 24797 276 464 377 242 1047 424
internal_value=-0.000251437 -0.00016639 -0.000116261 -0.000140092 -0.00128116 -7.07395e-05 0.000357598 -0.00169093 -0.00353764 -0.00207598 0.00018468 0.000287231 -0.000170921 -0.00163703 -0.00138767 -0.0031407 -0.000139092 -0.000153603 -0.00420455
internal_weight=36906 35988 35393 35011 2004 33007 6252 1784 918 1472 5873 5551 26755 1225 669 595 26086 25844 702
internal_count=36906 35988 35393 35011 2004 33007 6252 1784 918 1472 5873 5551 26755 1225 669 595 26086 25844 702
cat_boundaries=0 3 6 8 11
cat_threshold=352980994 4472864 65793 2147747968 2684397064 10748424 0 1025 4 524352 20987904
is_linear=0
shrinkage=0.05


Tree=235
num_leaves=18
num_cat=5
split_feature=25 18 18 18 27 20 25 2 27 25 25 0 10 11 25 12 27
split_gain=4.00613 2.27292 0.664878 1.00755 1.06838 0.607854 0.536292 0.634077 0.503102 0.69365 0.463718 0.351565 0.338767 0.286361 0.20186 0.0759386 0.0342391
threshold=0 450.00000000000006 1050.0000000000002 2400.0000000000005 4.2835627800822236 33000.000000000007 1 9.5000000000000018 3.4811217321331038 2 3 3.5000000000000004 98.000000000000014 245912.00000000003 4 104448.00000000001 2.9700856263602158
decision_type=9 2 2 2 10 2 9 2 10 9 9 2 2 2 9 2 8
left_child=5 11 -3 4 8 -1 7 14 9 -4 -8 -2 13 -12 -5 -7 -11
right_child=1 2 3 6 -6 15 10 -9 -10 16 12 -13 -14 -15 -16 -17 -18
leaf_value=-0.26920249401219193 -0.95637241489822922 0.47138294482970339 -0.17830713948583396 -0.026904876407570555 0.091449979405513207 -0.34163255256486064 18.747323526402397 -68.768784802684607 -0.30356280890807841 -7.205531589948186 -0.016068573469237891 -0.18212656820666898 2.0986603842391105 -0.78649548706828232 8.5783311189503255 -7.7536608750517191 0.8479398951910696
leaf_weight=211 220 390 1064 344 220 412 203 256 204 203 28677 394 400 2877 236 287 308
leaf_count=211 220 390 1064 344 220 412 203 256 204 203 28677 394 400 2877 236 287 308
internal_value=-0.000270403 -0.000186904 -0.000134525 -0.000157457 -0.00124688 -0.00352495 -9.13787e-05 -0.00133255 -0.00165357 -0.0013475 -5.8598e-05 -0.00319805 -7.41425e-05 -9.25351e-05 -0.000429554 -0.00427247 0.000181643
internal_weight=36906 35996 35382 34992 1999 910 32993 836 1779 1575 32157 614 31954 31554 580 699 511
internal_count=36906 35996 35382 34992 1999 910 32993 836 1779 1575 32157 614 31954 31554 580 699 511
cat_boundaries=0 3 6 9 12 15
cat_threshold=352980994 4472864 66561 134234116 532544 21250048 0 1 33562624 2147483648 33280 768 16388 64 4194304
is_linear=0
shrinkage=0.05


Tree=236
num_leaves=22
num_cat=6
split_feature=25 18 18 18 27 20 25 27 25 0 24 9 8 20 25 0 10 25 12 10 0
split_gain=4.50712 2.10736 0.666727 1.27358 0.597787 0.519609 0.504436 0.495602 0.426179 0.393036 0.346094 0.924725 0.43752 0.435221 0.437727 0.341435 0.262416 0.239386 0.157115 0.153677 0.0165769
threshold=0 450.00000000000006 1050.0000000000002 2400.0000000000005 4.3630783395783075 7800.0000000000009 1 3.4811217321331038 2 7.0000000000000009 3 93.000000000000014 3.2500000000000004 345300.00000000006 4 3.5000000000000004 49.000000000000007 5 323840.00000000006 10.833333333333334 3.5000000000000004
decision_type=9 2 2 2 10 2 9 8 9 2 9 2 2 2 9 2 2 9 2 2 2
left_child=5 15 -3 4 7 -1 10 -4 -9 -10 11 12 -5 14 -12 -2 17 -8 -7 -19 -13
right_child=1 2 3 6 -6 18 16 8 9 -11 13 20 -14 -15 -16 -17 -18 19 -20 -21 -22
leaf_value=-0.34596295841941277 -0.89855379176913197 0.4478137975882181 0.24961143105928818 0.94379303050809549 0.086877480435236978 -0.32455092493661764 4.2746456163718198 -0.28844461789786008 -0.06939178251154203 -0.5194981250837003 -256.59766573435417 -0.12584244997560745 1.6475450633988658 37.318588390275181 -1.3242577382663558 -0.17302023979633552 22.683818194323976 0.0030581135690070892 -7.4759773568461245 -0.28755960241359163 -1085.6362906460724
leaf_weight=206 218 382 312 302 202 570 297 265 948 270 261 231 643 212 1806 377 391 21619 231 6932 231
leaf_count=206 218 382 312 302 202 570 297 265 948 270 261 231 643 212 1806 377 391 21619 231 6932 231
internal_value=-0.000288015 -0.000194788 -0.000145019 -0.000167794 -0.0013932 -0.00356722 -9.33896e-05 -0.00168336 -0.00206397 -0.00161789 -0.000643592 -2.46664e-05 0.000871171 -0.00102357 -0.0012494 -0.0031407 -2.37611e-05 -4.1249e-05 -0.00417808 -5.61928e-05 -0.00185345
internal_weight=36906 35899 35304 34922 1997 1007 32925 1795 1483 1218 3686 1407 945 2279 2067 595 29239 28848 801 28551 462
internal_count=36906 35899 35304 34922 1997 1007 32925 1795 1483 1218 3686 1407 945 2279 2067 595 29239 28848 801 28551 462
cat_boundaries=0 3 6 8 9 12 15
cat_threshold=352980994 4997152 66817 33570820 68165696 22306976 0 1025 48 0 0 1056768 2147485696 32768 2097664
is_linear=0
shrinkage=0.05


Tree=237
num_leaves=18
num_cat=5
split_feature=25 18 25 18 18 18 27 27 25 9 24 10 0 25 10 11 18
split_gain=3.92515 2.31961 1.32582 0.916862 0.587878 1.07577 1.08933 0.499439 0.397246 0.50049 0.612824 0.557957 0.351565 0.35069 0.247519 0.209135 0.0513244
threshold=0 450.00000000000006 1 6300.0000000000009 1050.0000000000002 2400.0000000000005 4.2835627800822236 3.4811217321331038 2 15.500000000000002 3 25.500000000000004 3.5000000000000004 4 49.000000000000007 426.66666666666669 84600.000000000015
decision_type=9 2 9 2 2 2 10 8 9 2 9 2 2 9 2 2 2
left_child=3 12 -3 -1 -4 6 7 -6 9 10 -7 -11 -2 -9 15 -10 -5
right_child=1 2 4 16 5 8 -8 13 14 11 -12 -13 -14 -15 -16 -17 -18
leaf_value=-0.24304507044392609 -0.86362610456486122 0.040653254326116439 0.42542265471350693 -0.30832337868978676 0.23713085950632351 0.90160285565361853 0.082533606413471725 -0.37414228387233578 0.59531982897679547 -457.11916630909349 -11.104004141898931 -0.15977591264987201 -0.16436922780651875 -0.1435232188295153 36.752389868992225 -0.015418050474545454 -2.9435683801129926
leaf_weight=204 220 334 381 375 312 741 220 247 366 334 1598 724 394 1224 367 28553 312
leaf_count=204 220 334 381 375 312 741 220 247 366 334 1598 724 394 1224 367 28553 312
internal_value=-0.00023789 -0.000156134 -0.000103241 -0.00349391 -0.000133557 -0.000155098 -0.0012793 -0.00168908 -8.61263e-05 -0.00059695 -0.000190091 -0.0015 -0.00319805 -0.002074 -2.66242e-05 -4.30495e-05 -0.00440494
internal_weight=36906 36015 35401 891 35067 34686 2003 1783 32683 3397 2339 1058 614 1471 29286 28919 687
internal_count=36906 36015 35401 891 35067 34686 2003 1783 32683 3397 2339 1058 614 1471 29286 28919 687
cat_boundaries=0 3 6 9 10 12
cat_threshold=352980994 4997152 65537 2147483648 68 262144 33570820 68296704 22045824 16 0 1025
is_linear=0
shrinkage=0.05


Tree=238
num_leaves=19
num_cat=7
split_feature=25 18 25 18 18 27 18 27 25 9 10 24 25 2 10 25 25 11
split_gain=3.99759 1.97791 1.20503 0.705291 1.07124 1.0919 0.615075 0.50335 0.396559 0.435032 0.480585 0.455778 0.346672 0.324678 0.221091 0.181942 0.177078 0.0159016
threshold=0 450.00000000000006 1 1050.0000000000002 2400.0000000000005 4.2835627800822236 6300.0000000000009 3.4811217321331038 2 9.5000000000000018 25.500000000000004 3 4 7.5000000000000009 49.000000000000007 5 6 31872.000000000004
decision_type=9 2 9 2 2 10 2 8 9 2 2 9 9 2 2 9 9 2
left_child=6 13 -3 -4 5 7 -1 -5 9 11 -11 -6 -9 -2 15 -10 -8 -18
right_child=1 2 3 4 8 -7 16 12 14 10 -12 -13 -14 -15 -16 -17 17 -19
leaf_value=-0.52546260297750591 -0.42549446482108433 0.038620591609810621 0.41758943758712291 0.22527431653100596 0.85652271287108306 0.078406926092793594 -14.101152690575692 -0.35543516967872135 0.07124392787276293 -434.2932080246332 -0.14039110524548079 -15.196903075675266 -0.13634705788803955 -0.1561507664161928 38.072002488729048 -0.02286851146782283 -0.29290720975529755 -2.7963899611073431
leaf_weight=330 287 295 369 312 741 220 207 247 4941 347 709 1430 1212 270 345 24049 213 382
leaf_count=330 287 295 369 312 741 220 207 247 4941 347 709 1430 1212 270 345 24049 213 382
internal_value=-0.000246018 -0.000152854 -0.000106052 -0.000133396 -0.000156708 -0.00128199 -0.0031556 -0.00169487 -8.78282e-05 -0.000612845 -0.00144613 -0.000209389 -0.00208419 -0.00310376 -2.98168e-05 -4.48411e-05 -0.00393035 -0.00440692
internal_weight=36906 35774 35217 34922 34553 1991 1132 1771 32562 3227 1056 2171 1459 557 29335 28990 802 595
internal_count=36906 35774 35217 34922 34553 1991 1132 1771 32562 3227 1056 2171 1459 557 29335 28990 802 595
cat_boundaries=0 3 5 8 9 11 14 17
cat_threshold=352980994 13385764 344321 2147483648 64 33570820 67248128 22029440 16 0 1025 134219776 2684388872 10486312 524288 8650752 256
is_linear=0
shrinkage=0.05


Tree=239
num_leaves=18
num_cat=5
split_feature=25 18 25 18 18 18 27 27 25 9 24 10 0 0 10 25 18
split_gain=3.93824 2.32808 1.56154 0.916862 0.664249 0.932411 1.03955 0.453373 0.414668 0.491912 0.433488 0.387449 0.351565 0.257094 0.221692 0.179201 0.0513244
threshold=0 450.00000000000006 1 6300.0000000000009 1050.0000000000002 2400.0000000000005 4.2835627800822236 3.4811217321331038 2 9.5000000000000018 3 25.500000000000004 3.5000000000000004 7.0000000000000009 49.000000000000007 4 84600.000000000015
decision_type=9 2 9 2 2 2 10 8 9 2 9 2 2 2 2 9 2
left_child=3 12 -3 -1 -4 6 7 -6 9 10 -7 -11 -2 -9 15 -10 -5
right_child=1 2 4 16 5 8 -8 13 14 11 -12 -13 -14 -15 -16 -17 -18
leaf_value=-0.20461968677287473 -0.81263726101580847 0.050358197777247066 0.38327250309377592 -0.27826184926753256 0.21401060070445085 0.8136965772282565 0.074486579788151638 -0.1019286795500868 0.097141310217508062 -412.69854839110934 -12.514556602170174 -0.15557536853865778 -0.14834322809538314 -0.50453003281918363 36.16840236429271 -0.021725085894286168 -2.6565704630520486
leaf_weight=204 220 389 373 375 312 741 220 1194 4767 335 1440 786 394 276 345 24223 312
leaf_count=204 220 389 373 375 312 741 220 1194 4767 335 1440 786 394 276 345 24223 312
internal_value=-0.000232471 -0.000150583 -9.75918e-05 -0.00349391 -0.000133053 -0.000155741 -0.0012026 -0.00160314 -9.14562e-05 -0.000621606 -0.000185526 -0.00147373 -0.00319805 -0.00197011 -3.15206e-05 -4.65658e-05 -0.00440494
internal_weight=36906 36015 35401 891 35012 34639 2002 1782 32637 3302 2181 1121 614 1470 29335 28990 687
internal_count=36906 36015 35401 891 35012 34639 2002 1782 32637 3302 2181 1121 614 1470 29335 28990 687
cat_boundaries=0 3 6 9 10 13
cat_threshold=352980994 4997152 65537 2181038080 68 262400 16388 75636736 22045824 16 134219776 2684388872 10486280
is_linear=0
shrinkage=0.05


Tree=240
num_leaves=18
num_cat=4
split_feature=25 18 25 18 18 18 2 25 2 2 23 0 27 27 10 20 18
split_gain=3.92842 2.32172 1.5658 0.916862 0.666969 0.75614 0.551606 0.395754 0.5698 1.183 0.475183 0.351565 0.273331 0.484663 0.249973 0.322762 0.0513244
threshold=0 450.00000000000006 1 6300.0000000000009 1050.0000000000002 2400.0000000000005 221.00000000000003 2 9.5000000000000018 25.500000000000004 3 3.5000000000000004 4.3630783395783075 3.4811217321331038 0.41666666666666669 223200.00000000003 84600.000000000015
decision_type=9 2 9 2 2 2 2 9 2 2 9 2 10 10 2 2 2
left_child=3 11 -3 -1 -4 6 12 14 10 -10 -9 -2 13 -6 -7 -16 -5
right_child=1 2 4 16 5 7 -8 8 9 -11 -12 -13 -14 -15 15 -17 -18
leaf_value=-0.19438870243423823 -0.77200539796501799 0.047840287888381378 0.36410887793908703 -0.26434875680415593 -0.046832245572582566 2.9741586407205332 -0.45430320335267782 -1.9560761701168783 -4.6449191312763105 -0.19676326122071849 0.78301159577968071 -0.140926066690614 0.070762250798748025 -0.18478670602821839 -0.012417468082639972 66.010471947634059 -2.5237419398996281
leaf_weight=204 220 389 373 375 1335 401 243 5265 237 1131 869 394 202 222 24138 596 312
leaf_count=204 220 389 373 375 1335 401 243 5265 237 1131 869 394 202 222 24138 596 312
internal_value=-0.000236535 -0.000154746 -0.000101829 -0.00349391 -0.000137336 -0.000160072 -0.0011028 -0.00010218 -0.00042055 -0.00134307 -0.000215125 -0.00319805 -0.000792165 -0.00101668 -6.96027e-06 -2.70872e-05 -0.00440494
internal_weight=36906 36015 35401 891 35012 34639 2002 32637 7502 1368 6134 614 1759 1557 25135 24734 687
internal_count=36906 36015 35401 891 35012 34639 2002 32637 7502 1368 6134 614 1759 1557 25135 24734 687
cat_boundaries=0 3 6 9 10
cat_threshold=352980994 4997152 65537 2181038080 68 262400 537921920 2704311817 102761000 4
is_linear=0
shrinkage=0.05


Tree=241
num_leaves=18
num_cat=4
split_feature=25 18 25 18 18 25 10 2 9 0 20 27 27 12 25 18 27
split_gain=3.97106 2.34934 1.54739 0.916862 0.655219 0.537076 0.917491 1.11736 1.15877 0.351565 0.318189 0.296744 0.301987 0.232598 0.201495 0.0513244 0.0396181
threshold=0 450.00000000000006 1 6300.0000000000009 1050.0000000000002 2 3.5000000000000004 25.500000000000004 93.000000000000014 3.5000000000000004 10200.000000000002 4.2835627800822236 3.1984648276080736 253592.00000000003 3 84600.000000000015 3.6505739029280164
decision_type=9 2 9 2 2 9 2 2 2 2 2 10 10 2 9 2 10
left_child=3 9 -3 -1 -4 6 10 -8 -9 -2 -6 12 13 -7 -12 -5 -14
right_child=1 2 4 15 5 11 7 8 -10 -11 14 -13 16 -15 -16 -17 -18
leaf_value=-0.18466926731253694 -0.73340512806676716 0.045448273493958968 0.34590343404213258 -0.25113131896394808 -4.22977179803003 0.029982041804760232 -4.272672759864145 33.097467190337049 -0.14449063329395315 -0.13387976335608329 0.1411254334744157 0.067224138258814042 -2.2235674326531125 -0.74370216259735578 -9.9826435832064799 -2.3975548429043556 -0.15846674904243227
leaf_weight=204 220 389 373 375 233 20857 299 281 1945 394 3980 220 208 3409 3001 312 206
leaf_count=204 220 389 373 375 233 20857 299 281 1945 394 3980 220 208 3409 3001 312 206
internal_value=-0.000218924 -0.000136704 -8.34687e-05 -0.00349391 -0.000118777 -0.000141308 -0.000455852 -0.00127622 -0.000888691 -0.00319805 -0.00016907 -1.80648e-05 -3.44392e-05 -1.1539e-05 -0.000108121 -0.00440494 -0.00137019
internal_weight=36906 36015 35401 891 35012 34639 9739 2525 2226 614 7214 24900 24680 24266 6981 687 414
internal_count=36906 36015 35401 891 35012 34639 9739 2525 2226 614 7214 24900 24680 24266 6981 687 414
cat_boundaries=0 3 6 9 12
cat_threshold=352980994 4997152 65537 2181038080 68 262400 2375748 75636992 55633026 278528 75628544 50364416
is_linear=0
shrinkage=0.05


Tree=242
num_leaves=19
num_cat=4
split_feature=25 18 25 18 18 18 25 10 2 9 0 20 27 23 27 10 18 27
split_gain=3.86382 2.36428 1.597 1.50749 0.882318 0.65421 0.544327 1.05204 1.07133 0.827594 0.351565 0.32638 0.296165 0.286203 0.250826 0.226219 0.075115 0.0389763
threshold=0 450.00000000000006 1 172650.00000000003 6300.0000000000009 1050.0000000000002 2 3.5000000000000004 25.500000000000004 93.000000000000014 3.5000000000000004 10200.000000000002 4.2835627800822236 3 3.1984648276080736 37.000000000000007 84600.000000000015 3.6242520361853052
decision_type=9 2 9 2 2 2 9 2 2 2 2 2 10 9 10 2 2 10
left_child=4 10 3 -3 -1 -4 7 11 -9 -10 -2 -7 14 -13 15 -8 -6 -16
right_child=1 2 5 -5 16 6 12 8 9 -11 -12 13 -14 -15 17 -17 -18 -19
leaf_value=-0.1754358039469105 -0.69673487166342873 0.36590651100517491 0.32860826234002616 0.07273616554157343 -0.2385747530157506 -4.0182832081285289 -0.013295696768909694 -4.0590391218709554 31.442593830820201 -0.1372661016292554 -0.12718577518827914 -1.3504914226930731 0.063862931345875049 0.92680291803117143 -2.1623892994390359 33.69911303915142 -2.2776771007593197 -0.14148291789650877
leaf_weight=204 220 228 373 347 375 233 23885 299 281 1945 394 6023 220 801 201 352 312 213
leaf_count=204 220 228 373 347 375 233 23885 299 281 1945 394 6023 220 801 201 352 312 213
internal_value=-0.000208086 -0.000126989 -7.35825e-05 0.00251278 -0.00343854 -0.000117115 -0.000139749 -0.000459663 -0.00133558 -0.000956016 -0.00319805 -0.000146623 -1.62774e-05 -8.35054e-05 -3.26544e-05 -1.17591e-05 -0.00433237 -0.00125
internal_weight=36906 36015 35401 575 891 34826 34453 9582 2525 2226 614 7057 24871 6824 24651 24237 687 414
internal_count=36906 36015 35401 575 891 34826 34453 9582 2525 2226 614 7057 24871 6824 24651 24237 687 414
cat_boundaries=0 3 6 9 10
cat_threshold=352980994 4997152 65537 2183135232 68 262912 278596 75636992 55633026 4
is_linear=0
shrinkage=0.05


Tree=243
num_leaves=21
num_cat=5
split_feature=25 18 25 18 18 18 18 0 27 25 0 9 10 24 25 2 27 20 11 20
split_gain=3.7278 2.35578 1.52945 1.57158 0.774431 0.69389 0.564696 0.852847 0.558063 0.371334 0.354973 0.275794 0.517178 0.348239 0.186292 0.469996 0.185976 0.183671 0.0997754 0.0582195
threshold=0 450.00000000000006 1 172650.00000000003 6300.0000000000009 1050.0000000000002 2400.0000000000005 7.0000000000000009 4.2835627800822236 2 3.5000000000000004 13.500000000000002 25.500000000000004 3 4 5.5000000000000009 3.4811217321331038 27000.000000000004 20240.000000000004 158400.00000000003
decision_type=9 2 9 2 2 2 2 2 10 9 2 2 2 9 9 2 10 2 2 2
left_child=4 10 3 -3 -1 -4 7 8 16 11 -2 13 -13 -8 15 -11 -7 -16 -6 -20
right_child=1 2 5 -5 18 6 9 -9 -10 14 -12 12 -14 -15 17 -17 -18 -19 19 -21
leaf_value=-0.15206293172395818 -0.6568981268881644 0.63221805008215604 0.32561531183701586 0.069099357264349237 -0.22664601536496304 -0.030402796547792835 0.68046475100418324 -0.46750020643888351 0.060669784778576742 0.062611222120585813 -0.1208264864288652 -391.53478782826721 -0.072837208348209975 -44.996799880362076 -0.50325260742338285 25.62595856198115 -0.20815031226437197 -0.01263091193031869 -4.8227476059888303 -1.2730920955174954
leaf_weight=250 219 209 369 347 217 1291 741 276 220 5401 394 334 700 1366 4630 383 204 18809 327 219
leaf_count=250 219 209 369 347 217 1291 741 276 220 5401 394 334 700 1366 4630 383 204 18809 327 219
internal_value=-0.00021215 -0.000127142 -7.36932e-05 0.0025 -0.00318537 -0.000115731 -0.000138983 -0.000955847 -0.000538732 -8.86745e-05 -0.00319512 -0.000604188 -0.00127413 -0.000277384 -3.30096e-05 0.000220841 -0.000885105 -9.57327e-05 -0.00400654 -0.00361314
internal_weight=36906 35893 35280 556 1013 34724 34355 1991 1715 32364 613 3141 1034 2107 29223 5784 1495 23439 763 546
internal_count=36906 35893 35280 556 1013 34724 34355 1991 1715 32364 613 3141 1034 2107 29223 5784 1495 23439 763 546
cat_boundaries=0 3 6 9 10 13
cat_threshold=352980994 13385760 344065 2183135232 68 768 16384 67248128 22029440 16 2176 2684388872 8388648
is_linear=0
shrinkage=0.05


Tree=244
num_leaves=18
num_cat=6
split_feature=25 18 18 25 18 18 0 25 0 27 27 24 9 2 24 25 18
split_gain=3.65319 2.30903 0.848436 0.57882 0.663317 0.725748 0.663411 0.487045 0.351565 0.249121 0.258326 0.237274 0.583549 0.230384 0.184235 0.160517 0.102372
threshold=0 450.00000000000006 6300.0000000000009 1 1050.0000000000002 2400.0000000000005 7.0000000000000009 2 3.5000000000000004 4.3630783395783075 3.4811217321331038 3 93.000000000000014 25.500000000000004 4 5 84600.000000000015
decision_type=9 2 2 9 2 2 2 9 2 10 10 9 2 2 9 9 2
left_child=2 8 -1 -3 -5 6 9 11 -2 10 -6 12 -7 -13 -9 -16 -4
right_child=1 3 16 4 5 7 -8 14 -10 -11 -12 13 -14 -15 15 -17 -18
leaf_value=-0.15906086716336973 -0.62905322173584899 0.60060613429886878 -0.21531371459671489 0.29589708363117423 -0.028882656720403334 0.69644239560293508 -0.44412519611693924 9.5542253098707501 -0.11478516210742198 0.0576362955396462 -0.15014237176664127 -20.717034560594499 -0.20523211783107806 -0.20765221309934656 0.090014039912784949 -0.020220729849825148 -1.9226558654219845
leaf_weight=204 220 379 375 373 1302 945 276 351 394 202 222 1533 471 475 2784 26088 312
leaf_count=204 220 379 375 373 1302 945 276 351 394 202 222 1533 471 475 2784 26088 312
internal_value=-0.000241954 -0.000163073 -0.00338317 -0.000110303 -0.000131588 -0.000154254 -0.00107785 -9.7554e-05 -0.00319805 -0.000711807 -0.000930539 -0.000660653 -0.000161066 -0.0010099 -3.12993e-05 -4.5355e-05 -0.0042598
internal_weight=36906 36015 891 35401 35022 34649 2002 32647 614 1726 1524 3424 1416 2008 29223 28872 687
internal_count=36906 36015 891 35401 35022 34649 2002 32647 614 1726 1524 3424 1416 2008 29223 28872 687
cat_boundaries=0 3 6 9 10 11 14
cat_threshold=352980994 4997152 65537 2183135232 4 262912 16384 75636800 22045824 48 34 2048 2147517448 10485800
is_linear=0
shrinkage=0.05


Tree=245
num_leaves=18
num_cat=5
split_feature=25 18 25 18 18 18 0 27 0 25 10 2 23 10 27 25 18
split_gain=3.73887 2.36642 1.46775 0.848436 0.647016 0.544559 0.75413 0.557284 0.351565 0.346872 0.429298 1.09917 0.288658 0.213291 0.186599 0.174012 0.102372
threshold=0 450.00000000000006 1 6300.0000000000009 1050.0000000000002 2400.0000000000005 7.0000000000000009 4.2835627800822236 3.5000000000000004 2 3.5000000000000004 25.500000000000004 3 49.000000000000007 3.4811217321331038 4 84600.000000000015
decision_type=9 2 9 2 2 2 2 10 2 9 2 2 9 2 10 9 2
left_child=3 8 -3 -1 -4 6 7 14 -2 10 12 -12 -7 15 -6 -11 -5
right_child=1 2 4 16 5 9 -8 -9 -10 13 11 -13 -14 -15 -16 -17 -18
leaf_value=-0.15110782380519028 -0.59760056064905653 1.0154527240467133 0.28110222944961549 -0.20454802886687917 -0.027438523884383417 -2.6740505439354161 -0.42191893631109212 0.05475448076266503 -0.10904590400205089 0.085513337916927418 -3.9099138994570239 -0.14662611603813525 0.6616202758232248 32.675790947524369 -0.19023567806282343 -0.010988329841347878 -1.8265230721510308
leaf_weight=204 220 370 373 375 1302 3188 276 220 394 4957 234 1092 814 345 204 22026 312
leaf_count=204 220 370 373 375 1302 3188 276 220 394 4957 234 1092 814 345 204 22026 312
internal_value=-0.000205377 -0.000125601 -7.21702e-05 -0.00338317 -0.000105728 -0.000128103 -0.000928145 -0.000538196 -0.00319805 -7.90017e-05 -0.000447567 -0.00122741 -0.000189811 -6.95072e-06 -0.000881964 -2.27916e-05 -0.0042598
internal_weight=36906 36015 35401 891 35031 34658 2002 1726 614 32656 5328 1326 4002 27328 1506 26983 687
internal_count=36906 36015 35401 891 35031 34658 2002 1726 614 32656 5328 1326 4002 27328 1506 26983 687
cat_boundaries=0 3 6 9 10 13
cat_threshold=352980994 4997152 65537 2181038080 68 256 278596 75636992 22340738 4 136316928 2684388872 8389160
is_linear=0
shrinkage=0.05


Tree=246
num_leaves=18
num_cat=5
split_feature=25 18 25 18 18 18 0 27 25 10 2 0 23 10 27 25 18
split_gain=3.45359 2.36542 1.46839 0.865854 0.647413 0.543651 0.64602 0.46761 0.352869 0.359171 1.14425 0.351565 0.264732 0.240349 0.186599 0.176298 0.0849225
threshold=0 450.00000000000006 1 6300.0000000000009 1050.0000000000002 2400.0000000000005 7.0000000000000009 4.2835627800822236 2 3.5000000000000004 25.500000000000004 3.5000000000000004 3 49.000000000000007 3.4811217321331038 4 84600.000000000015
decision_type=9 2 9 2 2 2 2 10 9 2 2 2 9 2 10 9 2
left_child=3 11 -3 -1 -4 6 7 14 9 12 -11 -2 -7 15 -6 -10 -5
right_child=1 2 4 16 5 8 -8 -9 13 10 -12 -13 -14 -15 -16 -17 -18
leaf_value=-0.14355243261494138 -0.56772053261660371 0.96468008784438553 0.26704711797713471 -0.19432062742353529 -0.026066597690164173 -2.6212020726257834 -0.40082298949553774 0.052016756724526658 0.081237671020790006 -3.7144182044841729 -0.13778277933305574 -0.10359360880194837 0.62853926203242738 24.847647369238871 -0.18072389415968459 -0.014324785296252213 -1.7351969185438065
leaf_weight=204 220 370 373 375 1302 3178 276 220 4957 234 1096 394 814 367 204 22076 246
leaf_count=204 220 370 373 375 1302 3178 276 220 4957 234 1096 394 814 367 204 22076 246
internal_value=-0.000199958 -0.000126203 -7.28817e-05 -0.00337515 -0.000106384 -0.000128723 -0.000928145 -0.000567131 -7.97592e-05 -0.00045182 -0.00116366 -0.00319805 -0.000215324 -7.29727e-06 -0.000881964 -2.45989e-05 -0.0043419
internal_weight=36906 36081 35467 825 35097 34724 2002 1726 32722 5322 1330 614 3992 27400 1506 27033 621
internal_count=36906 36081 35467 825 35097 34724 2002 1726 32722 5322 1330 614 3992 27400 1506 27033 621
cat_boundaries=0 3 6 9 10 13
cat_threshold=336203778 4997152 65537 2181038080 68 256 17055812 67248384 22340738 4 136316928 2684388872 8389160
is_linear=0
shrinkage=0.05


Tree=247
num_leaves=18
num_cat=3
split_feature=25 18 25 18 18 2 25 10 2 2 18 3 27 10 27 12 11
split_gain=3.54308 2.0217 1.46122 0.908204 0.6626 0.501456 0.480056 0.560029 1.43194 0.470835 0.257723 0.272483 0.223144 0.222419 0.203324 0.0671406 0.0126893
threshold=0 450.00000000000006 1 6300.0000000000009 1050.0000000000002 7.5000000000000009 2 3.5000000000000004 25.500000000000004 74.000000000000014 6300.0000000000009 78400.000000000015 4.2835627800822236 49.000000000000007 3.1984648276080736 104448.00000000001 20240.000000000004
decision_type=9 2 9 2 2 2 9 2 2 2 2 2 10 2 10 2 2
left_child=3 5 -3 -1 -4 -2 7 10 -9 -10 -6 -12 13 14 -8 16 -5
right_child=1 2 4 15 6 -7 12 8 9 -11 11 -13 -14 -15 -16 -17 -18
leaf_value=-0.13484095078245772 -0.35429044184649783 0.91644608345216061 0.25369476207827829 -0.18460459605235846 -3.8371078347605696 -0.098413928361850991 -0.0088653078581592028 -3.6788918604760661 26.42828667899121 -0.12476326780565615 8.3320391862100234 -0.44561553879341553 0.04941591888830317 29.909619057911915 -0.17168770245320061 -7.5284802043577663 -1.6484370726167983
leaf_weight=223 339 370 371 216 343 275 23509 292 238 2640 451 6190 220 344 414 222 249
leaf_count=223 339 370 371 216 343 275 23509 292 238 2640 451 6190 220 344 414 222 249
internal_value=-0.000193184 -0.000114698 -6.52849e-05 -0.0032538 -9.87906e-05 -0.00295455 -0.000121382 -0.000410192 -0.00096154 -0.000621529 -0.000160322 -9.10745e-05 -1.42982e-06 -1.58651e-05 -3.4066e-05 -0.00418723 -0.00455032
internal_weight=36906 35996 35382 910 35012 614 34641 10154 3170 2878 6984 6641 24487 24267 23923 687 465
internal_count=36906 35996 35382 910 35012 614 34641 10154 3170 2878 6984 6641 24487 24267 23923 687 465
cat_boundaries=0 3 6 9
cat_threshold=336203778 13385760 65537 2181038080 68 256 18088004 67248384 55895170
is_linear=0
shrinkage=0.05


Tree=248
num_leaves=19
num_cat=5
split_feature=25 18 25 18 18 18 2 0 25 10 2 23 10 27 27 25 12 11
split_gain=3.52426 2.00985 1.46927 0.908204 0.668026 0.612415 0.501456 0.349265 0.328306 0.335434 1.17165 0.260875 0.213847 0.18078 0.268531 0.138704 0.0671406 0.0126893
threshold=0 450.00000000000006 1 6300.0000000000009 1050.0000000000002 2400.0000000000005 7.5000000000000009 7.0000000000000009 2 3.5000000000000004 25.500000000000004 3 49.000000000000007 4.3630783395783075 3.4811217321331038 4 104448.00000000001 20240.000000000004
decision_type=9 2 9 2 2 2 2 2 9 2 2 9 2 10 10 9 2 2
left_child=3 6 -3 -1 -4 7 -2 13 9 11 -11 -7 15 14 -6 -10 17 -5
right_child=1 2 4 16 5 8 -8 -9 12 10 -12 -13 -14 -15 -16 -17 -18 -19
leaf_value=-0.12809890324334319 -0.33657591975417295 0.87062377927954915 0.24101002397436419 -0.17537436624974045 -0.018525104415373052 -2.8728611098003967 -0.09349323194375847 -0.37454367663047777 0.077619052863155957 -3.3447527012361209 -0.13366317908086536 0.61939307587163062 28.304138078790132 0.046945122943884601 -0.11550288944452664 -0.0092794086915091618 -7.1520561941397318 -1.5660152189862857
leaf_weight=223 339 370 371 216 1291 3109 275 276 4957 234 1096 814 345 202 222 22095 222 249
leaf_count=223 339 370 371 216 1291 3109 275 276 4957 234 1096 814 345 202 222 22095 222 249
internal_value=-0.000201313 -0.000123029 -7.37633e-05 -0.0032538 -0.000107356 -0.000130042 -0.00295455 -0.000980934 -7.80975e-05 -0.000439697 -0.00112613 -0.000207645 -8.57502e-06 -0.000713455 -0.000900991 -2.43968e-05 -0.00418723 -0.00455032
internal_weight=36906 35996 35382 910 35012 34641 614 1991 32650 5253 1330 3923 27397 1715 1513 27052 687 465
internal_count=36906 35996 35382 910 35012 34641 614 1991 32650 5253 1330 3923 27397 1715 1513 27052 687 465
cat_boundaries=0 3 6 9 10 13
cat_threshold=336203778 13385760 65537 2181038080 68 256 17039428 67248384 22340738 4 136316928 2684388872 8389160
is_linear=0
shrinkage=0.05


Tree=249
num_leaves=18
num_cat=3
split_feature=25 18 25 18 18 2 25 10 2 11 27 10 18 3 27 12 11
split_gain=3.54308 2.0217 1.46122 0.908204 0.6626 0.501456 0.480056 0.592536 1.41837 0.425745 0.223144 0.222419 0.207181 0.272483 0.203324 0.0671406 0.0126893
threshold=0 450.00000000000006 1 6300.0000000000009 1050.0000000000002 7.5000000000000009 2 3.5000000000000004 25.500000000000004 117344.00000000001 4.2835627800822236 49.000000000000007 6300.0000000000009 78400.000000000015 3.1984648276080736 104448.00000000001 20240.000000000004
decision_type=9 2 9 2 2 2 9 2 2 2 10 2 2 2 10 2 2
left_child=3 5 -3 -1 -4 -2 7 12 -9 -10 11 14 -6 -14 -8 16 -5
right_child=1 2 4 15 6 -7 10 8 9 -11 -12 -13 13 -15 -16 -17 -18
leaf_value=-0.12169395808117188 -0.31974712376646441 0.82709259031557858 0.22895952277564577 -0.16660564793725341 -3.6446960118612974 -0.088818570346570536 -0.0082177667416734063 -3.3443881559256434 -0.11759884919460434 0.1195754419825575 0.044597866796686959 26.99893120107663 8.0590802823891874 -0.45159133364795712 -0.15732817285831074 -6.7944533844325639 -1.4877144580372261
leaf_weight=223 339 370 371 216 343 275 23509 292 2458 420 220 344 451 6190 414 222 249
leaf_count=223 339 370 371 216 343 275 23509 292 2458 420 220 344 451 6190 414 222 249
internal_value=-0.000193184 -0.000114698 -6.52849e-05 -0.0032538 -9.87906e-05 -0.00295455 -0.000121382 -0.000410192 -0.000977303 -0.00063889 -1.42982e-06 -1.58651e-05 -0.000153165 -9.10745e-05 -3.4066e-05 -0.00418723 -0.00455032
internal_weight=36906 35996 35382 910 35012 614 34641 10154 3170 2878 24487 24267 6984 6641 23923 687 465
internal_count=36906 35996 35382 910 35012 614 34641 10154 3170 2878 24487 24267 6984 6641 23923 687 465
cat_boundaries=0 3 6 9
cat_threshold=336203778 13385760 65537 2181038080 68 256 18088004 67248384 55895170
is_linear=0
shrinkage=0.05


Tree=250
num_leaves=19
num_cat=5
split_feature=25 18 25 18 18 2 25 10 2 2 18 3 27 20 25 25 11 3
split_gain=3.4807 2.01686 1.33752 0.780265 0.680638 0.505117 0.454707 0.566475 1.43684 0.572212 0.238705 0.274242 0.223144 0.208964 0.46082 0.368976 0.092406 0.040014
threshold=0 450.00000000000006 1 6300.0000000000009 1050.0000000000002 7.5000000000000009 2 3.5000000000000004 25.500000000000004 74.000000000000014 6300.0000000000009 78400.000000000015 4.2835627800822236 54000.000000000007 3 4 20240.000000000004 104448.00000000001
decision_type=9 2 9 2 2 2 9 2 2 2 2 2 10 2 9 9 2 2
left_child=3 5 -3 -1 -4 -2 7 10 -9 -10 -6 -12 13 15 -15 -8 -5 -18
right_child=1 2 4 16 6 -7 12 8 9 -11 11 -13 -14 14 -16 -17 17 -19
leaf_value=-0.26266862734819102 -0.30375976757814116 0.78573796079979275 0.23094900925085504 -0.15827536554039076 -3.4713685396780329 -0.084377641829242039 -0.10840454991994193 -3.1771687481294055 30.314981166533656 -0.11171890673487397 7.6961246684804792 -0.42901176696614129 0.042367973456850908 -29.657821088917263 0.033374086563708265 0.1976029642670841 -1.4133287351352921 -6.449730737860591
leaf_weight=250 339 370 369 217 338 274 9334 292 210 2640 450 6190 220 504 9597 4832 239 241
leaf_count=250 339 370 369 217 338 274 9334 292 210 2640 450 6190 220 504 9597 4832 239 241
internal_value=-0.00019183 -0.000112453 -6.30882e-05 -0.00316476 -9.51767e-05 -0.00295122 -0.000118034 -0.000399725 -0.00095738 -0.000613606 -0.000148998 -8.28076e-05 -1.42982e-06 -1.58651e-05 0.000157873 -0.000139753 -0.0040558 -0.00363071
internal_weight=36906 35959 35346 947 34976 613 34607 10120 3142 2850 6978 6640 24487 24267 10101 14166 697 480
internal_count=36906 35959 35346 947 34976 613 34607 10120 3142 2850 6978 6640 24487 24267 10101 14166 697 480
cat_boundaries=0 3 6 9 12 15
cat_threshold=336203778 13385760 344065 2181038080 68 256 18088004 67248384 55616642 0 512 8392736 536871040 2098185 2097672
is_linear=0
shrinkage=0.05


Tree=251
num_leaves=19
num_cat=5
split_feature=25 18 25 18 18 25 10 2 2 2 18 25 11 25 10 18 3 18
split_gain=3.36096 2.0557 1.31764 0.944891 0.626605 0.562402 0.571062 1.2016 0.501456 0.416632 0.313147 1.43921 0.568985 0.408477 0.292524 0.264441 0.258796 0.0834339
threshold=0 450.00000000000006 1 6300.0000000000009 1050.0000000000002 2 3.5000000000000004 25.500000000000004 7.5000000000000009 74.000000000000014 166500.00000000003 3 426.66666666666669 4 26.500000000000004 6300.0000000000009 78400.000000000015 84600.000000000015
decision_type=9 2 9 2 2 9 2 2 2 2 2 9 2 9 2 2 2 2
left_child=3 8 -3 -1 -4 6 15 -8 -2 -9 12 -12 -7 -13 -14 -6 -17 -5
right_child=1 2 4 17 5 10 7 9 -10 -11 11 13 14 -15 -16 16 -18 -19
leaf_value=-0.21958224111030061 -0.28857177919923399 0.74645106275979745 0.20596409617432132 -0.15036159726337123 -3.3031443678786498 1.1545780017912086 -2.7714368204284257 28.459229368777507 -0.08015875973777993 -0.10613296139813003 1.5570400430020528 -102.56920106283587 -0.0029843224237993127 8.3223457757280297 -16.497900836246192 7.2213200229249201 -0.40756117861747043 -1.3426622983788548
leaf_weight=208 339 370 373 366 344 260 299 226 275 2647 312 205 21305 2028 460 453 6190 246
leaf_count=208 339 370 373 366 344 260 299 226 275 2647 312 205 21305 2028 460 453 6190 246
internal_value=-0.00016338 -9.0865e-05 -4.11581e-05 -0.00330529 -7.29066e-05 -9.48732e-05 -0.000407532 -0.000964084 -0.00295455 -0.000648697 3.4577e-05 0.000559481 -2.61055e-05 0.000104676 -5.3982e-05 -0.000155245 -8.50275e-05 -0.00433225
internal_weight=36906 36086 35472 820 35102 34729 10159 3172 614 2873 24570 2545 22025 2233 21765 6987 6643 612
internal_count=36906 36086 35472 820 35102 34729 10159 3172 614 2873 24570 2545 22025 2233 21765 6987 6643 612
cat_boundaries=0 3 6 9 12 15
cat_threshold=336203778 4735008 327681 2181038080 68 256 18088004 67510528 55633026 2097152 536870913 8388608 0 2164260864 4128
is_linear=0
shrinkage=0.05


Tree=252
num_leaves=19
num_cat=6
split_feature=25 18 25 18 18 25 10 2 2 2 18 25 11 25 25 18 3 18
split_gain=3.36967 2.06167 1.31383 0.944891 0.623974 0.525509 0.601787 1.2016 0.501456 0.416632 0.290162 1.98532 0.567871 0.322854 0.287498 0.218357 0.252076 0.0834339
threshold=0 450.00000000000006 1 6300.0000000000009 1050.0000000000002 2 3.5000000000000004 25.500000000000004 7.5000000000000009 74.000000000000014 166500.00000000003 3 426.66666666666669 4 5 6300.0000000000009 78400.000000000015 84600.000000000015
decision_type=9 2 9 2 2 9 2 2 2 2 2 9 2 9 9 2 2 2
left_child=3 8 -3 -1 -4 6 15 -8 -2 -9 12 -12 -7 -13 -14 -6 -17 -5
right_child=1 2 4 17 5 10 7 9 -10 -11 11 13 14 -15 -16 16 -18 -19
leaf_value=-0.20860312905478448 -0.27414319023927231 0.7091285096218144 0.19566589136560497 -0.14284351740020274 -3.1379871494847174 1.0968491017016397 -2.6328649794069863 27.036267900338636 -0.076150821750890968 -0.10082631332822345 1.679188040852023 -97.440741009694108 1.2460661326333045 4.4079512009734003 -0.018145401643414518 6.8602540217791104 -0.38718311968696073 -1.2755291834597302
leaf_weight=208 339 370 373 366 344 260 299 226 275 2647 207 205 1013 2133 20752 453 6190 246
leaf_count=208 339 370 373 366 344 260 299 226 275 2647 207 205 1013 2133 20752 453 6190 246
internal_value=-0.000159316 -8.67096e-05 -3.69296e-05 -0.00330529 -6.86348e-05 -9.05543e-05 -0.000392785 -0.000964084 -0.00295455 -0.000648697 3.4577e-05 0.00053985 -2.38356e-05 0.000110637 -5.16849e-05 -0.000133783 -6.99786e-05 -0.00433225
internal_weight=36906 36086 35472 820 35102 34729 10159 3172 614 2873 24570 2545 22025 2338 21765 6987 6643 612
internal_count=36906 36086 35472 820 35102 34729 10159 3172 614 2873 24570 2545 22025 2338 21765 6987 6643 612
cat_boundaries=0 3 6 9 12 15 18
cat_threshold=336203778 4735008 327681 2181038080 68 256 18088004 67510528 55633026 0 536870913 8388616 0 2164260864 4128 0 2156953608 32
is_linear=0
shrinkage=0.05


Tree=253
num_leaves=16
num_cat=5
split_feature=25 18 25 18 18 2 25 2 25 11 27 18 20 24 18
split_gain=3.39294 2.07764 1.3037 0.944891 0.616986 0.501456 0.438344 0.431943 0.295379 1.30475 0.236853 0.227371 0.340098 0.346216 0.0834339
threshold=0 450.00000000000006 1 6300.0000000000009 1050.0000000000002 7.5000000000000009 2 704.00000000000011 3 102628.57142857143 4.2835627800822236 9900.0000000000018 68400.000000000015 4 84600.000000000015
decision_type=9 2 9 2 2 2 9 2 9 2 10 2 2 9 2
left_child=3 5 -3 -1 -4 -2 11 8 9 -8 -10 -6 -13 -14 -5
right_child=1 2 4 14 6 -7 7 -9 10 -11 -12 12 13 -15 -16
leaf_value=-0.19817297260204811 -0.2604360307273087 0.67367208414073054 0.18588259679732461 -0.13570134153019264 -1.5830320069486437 -0.072343280663346388 2.336743052534521 -18.661294585027303 -0.016780339863112205 1.3952286388099311 0.041306060987369622 59.992465358667801 -0.021836837953014766 -86.142842683248034 -1.2117527242866346
leaf_weight=208 339 370 373 366 295 275 2708 379 27629 317 220 218 1349 1614 246
leaf_count=208 339 370 373 366 295 275 2708 379 27629 317 220 218 1349 1614 246
internal_value=-0.000148478 -7.56287e-05 -2.56538e-05 -0.00330529 -5.72433e-05 -0.00295455 -7.90372e-05 -1.96717e-05 9.70436e-07 0.000469212 -5.00712e-05 -0.000610666 -0.000488534 -0.000629006 -0.00433225
internal_weight=36906 36086 35472 820 35102 614 34729 31253 30874 3025 27849 3476 3181 2963 612
internal_count=36906 36086 35472 820 35102 614 34729 31253 30874 3025 27849 3476 3181 2963 612
cat_boundaries=0 3 6 9 12 13
cat_threshold=336203778 4735008 327681 2181038080 68 256 0 67510528 22045856 1050752 8421896 8389128 48
is_linear=0
shrinkage=0.05


Tree=254
num_leaves=16
num_cat=4
split_feature=25 18 25 18 18 2 10 25 9 20 1 25 18 2 18
split_gain=3.39294 2.07764 1.3037 0.944891 0.616986 0.501456 0.394589 0.441993 0.407527 0.365031 0.274908 0.537236 0.446281 0.251778 0.0834339
threshold=0 450.00000000000006 1 6300.0000000000009 1050.0000000000002 7.5000000000000009 98.000000000000014 2 13.500000000000002 158400.00000000003 1.5000000000000002 3 3570.0000000000005 106.00000000000001 84600.000000000015
decision_type=9 2 9 2 2 2 2 9 2 2 2 9 2 2 2
left_child=3 5 -3 -1 -4 -2 7 8 9 -6 11 -9 -12 -10 -5
right_child=1 2 4 14 6 -7 -8 10 13 -11 12 -13 -14 -15 -16
leaf_value=-0.18826432397194451 -0.24741422919094325 0.63998847993368602 0.17658846695745822 -0.12891627445368298 -2.9019361916630495 -0.068726116630179052 1.249213664947729 1.5865891781084522 -86.830067187986842 -0.12171948681207141 -0.28316391037530053 -0.0010888192271522712 -4.1028172190949084 -0.020744996055145751 -1.1511650880725939
leaf_weight=208 339 370 373 366 408 275 401 1221 506 1780 241 28944 979 249 246
leaf_count=208 339 370 373 366 408 275 401 1221 506 1780 241 28944 979 249 246
internal_value=-0.000148478 -7.56287e-05 -2.56538e-05 -0.00330529 -5.72433e-05 -0.00295455 -7.90372e-05 -9.72922e-05 -0.000681896 -0.000337901 -4.22027e-05 -1.2432e-05 -0.000777415 -0.00168428 -0.00433225
internal_weight=36906 36086 35472 820 35102 614 34729 34328 2943 2188 31385 30165 1220 755 612
internal_count=36906 36086 35472 820 35102 614 34729 34328 2943 2188 31385 30165 1220 755 612
cat_boundaries=0 3 6 9 12
cat_threshold=336203778 4735008 327681 2181038080 68 256 0 67510528 22045696 135268352 32776 8389120
is_linear=0
shrinkage=0.05


Tree=255
num_leaves=21
num_cat=5
split_feature=25 18 25 18 18 18 2 25 0 18 10 20 3 18 25 11 18 25 10 18
split_gain=3.40461 2.08565 1.33488 2.20863 0.944891 0.616231 0.501456 0.314287 0.285002 0.470333 0.441963 0.651887 0.287345 0.259747 0.56967 0.484752 0.470273 0.500148 0.388486 0.0834339
threshold=0 450.00000000000006 1 39600.000000000007 6300.0000000000009 1050.0000000000002 7.5000000000000009 2 7.0000000000000009 3570.0000000000005 0.41666666666666669 223200.00000000003 1269760.0000000002 142200.00000000003 3 117344.00000000001 75600.000000000015 4 0.75000000000000011 84600.000000000015
decision_type=9 2 9 2 2 2 2 9 2 2 2 2 2 2 9 2 2 9 2 2
left_child=4 6 3 -3 -1 -4 -2 13 10 -10 -9 -12 -11 16 -15 -16 17 -7 -18 -6
right_child=1 2 5 -5 19 7 -8 8 9 12 11 -13 -14 14 15 -17 18 -19 -20 -21
leaf_value=-0.17885110777334715 -0.23504351773139609 4.6597461520473189 0.16775904360958549 -14.75760640209328 -0.12247046073099882 4.8158115152301635 -0.065289810798670092 2.2154953701788371 -0.30900570055142113 -24.087570640657148 -0.0010343782658310374 125.08783172430559 2.4421345762628022 6.4931361435912551 -1.0347813957239851 0.33075811431190233 -112.5186229924584 -1.7703275619947818 -133.53471541314067 -1.093606833669037
leaf_weight=208 339 202 373 268 366 366 275 405 229 361 26916 252 603 224 2652 488 206 1477 450 246
leaf_count=208 339 202 373 268 366 366 275 405 229 361 26916 252 603 224 2652 488 206 1477 450 246
internal_value=-0.00014306 -7.00882e-05 -2.00159e-05 0.00259336 -0.00330529 -5.59788e-05 -0.00295455 -7.78216e-05 -9.73085e-06 -0.000765692 2.30269e-05 -1.4734e-06 -0.000279504 -0.000411065 -0.000124778 -0.000301397 -0.000797682 -0.000387535 -0.00194529 -0.00433225
internal_weight=36906 36086 35472 470 820 35002 614 34629 28766 1193 27573 27168 964 5863 3364 3140 2499 1843 656 612
internal_count=36906 36086 35472 470 820 35002 614 34629 28766 1193 27573 27168 964 5863 3364 3140 2499 1843 656 612
cat_boundaries=0 3 6 9 12 15
cat_threshold=336203778 4735008 327681 2181040128 294980 768 19136580 2214600960 22078594 262208 8192 32768 0 2147483648 16777216
is_linear=0
shrinkage=0.05


Tree=256
num_leaves=20
num_cat=4
split_feature=25 18 25 18 18 18 2 25 20 25 20 10 3 20 3 2 20 20 18
split_gain=3.39877 2.08164 1.33776 1.94116 0.944891 0.617979 0.501456 0.393145 0.39361 0.355877 0.861557 0.27828 0.247567 0.859245 0.909966 0.703562 0.567177 0.440859 0.0834339
threshold=0 450.00000000000006 1 39600.000000000007 6300.0000000000009 1050.0000000000002 7.5000000000000009 2 547200.00000000012 3 158400.00000000003 49.000000000000007 52224.000000000007 42000.000000000007 99152.000000000015 3.5000000000000004 62400.000000000007 242400.00000000003 84600.000000000015
decision_type=9 2 9 2 2 2 2 9 2 9 2 2 2 2 2 2 2 2 2
left_child=4 6 3 -3 -1 -4 -2 12 9 10 -9 -11 15 14 -14 17 -15 -7 -6
right_child=1 2 5 -5 18 7 -8 8 -10 11 -12 -13 13 16 -16 -17 -18 -19 -20
leaf_value=-0.16990855238467786 -0.22329134184482627 4.4267588444449535 0.15937109142910658 -14.019726081988575 -0.11634693769444891 1.2635964219364695 -0.062025320258736555 1.0961425870104946 -18.028613514569049 -0.0009826593526668149 1.4461894668784225 23.996557438007514 -2.4360376964166792 13.605025802774481 -1.3818111838950244 -68.557982919364051 -0.52111004509188708 -89.086981733168528 -1.0389264919853305
leaf_weight=208 339 202 373 268 366 544 275 1374 211 25163 423 362 233 285 423 377 4953 281 246
leaf_count=208 339 202 373 268 366 544 275 1374 211 25163 423 362 233 285 423 377 4953 281 246
internal_value=-0.000145769 -7.28584e-05 -2.28348e-05 0.00259336 -0.00330529 -5.88348e-05 -0.00295455 -8.07092e-05 4.89988e-06 2.15915e-05 0.00069928 -2.64334e-05 -0.000412213 -0.000546134 -0.00224924 0.000240863 -0.000332062 0.00105804 -0.00433225
internal_weight=36906 36086 35472 470 820 35002 614 34629 27533 27322 1797 25525 7096 5894 656 1202 5238 825 612
internal_count=36906 36086 35472 470 820 35002 614 34629 27533 27322 1797 25525 7096 5894 656 1202 5238 825 612
cat_boundaries=0 3 6 9 12
cat_threshold=336203778 4735008 327681 2181040128 294980 768 154402884 67117312 24179842 0 2147614728 8388616
is_linear=0
shrinkage=0.05


Tree=257
num_leaves=21
num_cat=5
split_feature=25 18 25 18 18 18 2 25 1 18 25 20 20 10 2 3 20 25 10 18
split_gain=3.3842 2.07164 1.34497 1.94116 0.944891 0.622358 0.501456 0.424177 0.433225 0.503042 0.342275 1.4045 0.761063 0.317994 1.23167 0.71229 0.957638 0.407049 0.305458 0.0834339
threshold=0 450.00000000000006 1 39600.000000000007 6300.0000000000009 1050.0000000000002 7.5000000000000009 2 1.5000000000000002 6300.0000000000009 3 111600.00000000001 252000.00000000003 3.5000000000000004 23.500000000000004 71168.000000000015 42000.000000000007 4 0.75000000000000011 84600.000000000015
decision_type=9 2 9 2 2 2 2 9 2 2 9 2 2 2 2 2 2 9 2 2
left_child=4 6 3 -3 -1 -4 -2 13 10 -10 11 -9 -12 15 -15 18 -17 -16 -7 -6
right_child=1 2 5 -5 19 7 -8 8 9 -11 12 -13 -14 14 17 16 -18 -19 -20 -21
leaf_value=-0.16141312476544384 -0.21212677475258498 4.2054209022227047 0.15140253685765118 -13.318739777889187 -0.11052959080972649 0.22589275276612897 -0.058924054245799697 1.2729084871185834 -0.30312858873434129 -13.518358886778188 -0.00093352638505166401 1.1738799935352291 1418.3242736935581 -2.5627206247002507 -0.010190149713889696 -2.1442357949064901 -0.34739454569529604 -0.92691761795722416 1.6854171694679565 -0.98698016738635497
leaf_weight=208 339 202 373 268 366 477 275 1311 225 317 25350 236 221 256 1537 451 3545 318 385 246
leaf_count=208 339 202 373 268 366 477 275 1311 225 317 25350 236 221 256 1537 451 3545 318 385 246
internal_value=-0.000152543 -7.9784e-05 -2.98822e-05 0.00259336 -0.00330529 -6.59748e-05 -0.00295455 -8.79282e-05 -1.19158e-09 -0.00139706 2.80224e-05 0.000747273 -1.5832e-05 -0.000436185 -0.000948889 -0.000213993 -0.000495249 -0.000498116 0.00108796 -0.00433225
internal_weight=36906 36086 35472 470 820 35002 614 34629 27660 542 27118 1547 25571 6969 2111 4858 3996 1855 862 612
internal_count=36906 36086 35472 470 820 35002 614 34629 27660 542 27118 1547 25571 6969 2111 4858 3996 1855 862 612
cat_boundaries=0 3 6 9 12 15
cat_threshold=336203778 4735008 327681 2181040128 294980 768 154402820 75505920 24179842 0 2147614728 8388608 17825792 67117056 16777344
is_linear=0
shrinkage=0.05


Tree=258
num_leaves=30
num_cat=8
split_feature=25 18 20 18 2 25 11 25 11 20 25 3 3 3 25 18 27 18 3 2 25 10 25 18 23 27 26 20 20
split_gain=3.33909 2.03443 0.515084 0.625335 0.501456 0.472333 1.67361 2.2161 0.422014 0.580169 0.65697 0.417531 1.68061 0.745022 1.3237 0.832458 0.730086 0.327163 0.749394 0.273388 0.59627 0.26016 0.255341 0.243815 0.211876 0.168417 0.160697 0.0933877 0.0478965
threshold=0 450.00000000000006 6300.0000000000009 172650.00000000003 7.5000000000000009 1 97652.000000000015 2 9408.0000000000018 14280.000000000002 3 10752.000000000002 45480.000000000007 52224.000000000007 4 39600.000000000007 3.8815106545092593 6300.0000000000009 3584.0000000000005 3.5000000000000004 5 25.500000000000004 6 6300.0000000000009 7 4.7749040587885982 1.0000000180025095e-35 27000.000000000004 124800.00000000001
decision_type=9 2 2 2 2 9 2 9 2 2 9 2 2 2 9 2 8 2 2 2 9 2 9 2 9 8 2 2 2
left_child=2 4 -1 -4 -2 6 8 -8 -3 21 -11 17 -13 16 15 -15 -14 18 -7 20 -19 23 -12 -10 28 -16 -9 -26 -21
right_child=1 5 3 -5 -6 11 7 26 9 10 22 12 13 14 25 -17 -18 19 -20 24 -22 -23 -24 -25 27 -27 -28 -29 -30
leaf_value=-0.056607238998753931 -0.20152043601495573 -6.4929880575910319 -0.10500311126924018 -10.819177586873412 -0.055977851533509697 -0.31231398005131727 62.429585352116419 4.6396530763628769 9.7120826782039735 -28.538440994594566 5.3854762324193874 -57.758937495080808 -2.0217918191206721 -1.5561675899852312 -0.18028380821123782 -1.1468605292553549 1.7011469785665811 -1.2376024767247147 -66.84509588562463 -0.031495158348116094 5.661028416038608 0.0052559884928790272 -0.10662789940926592 4.9072427760352184 -0.016977460784073629 -0.12905083095975237 -0.39073396639596469 0.033802854594250677 -0.15983611192750688
leaf_weight=200 339 200 554 262 275 1245 366 245 217 256 207 250 323 823 1077 642 297 390 211 322 440 797 6500 529 602 13579 286 4783 689
leaf_count=200 339 200 554 262 275 1245 366 245 217 256 207 250 323 823 1077 642 297 390 211 322 440 797 6500 529 602 13579 286 4783 689
internal_value=-0.000186411 -0.000105845 -0.00299611 -0.00358191 -0.00295455 -5.61268e-05 0.000242849 0.002297 3.10048e-05 8.4625e-05 -0.000109836 -0.000167998 -0.000312189 -0.000251151 -0.00031663 -0.0017434 0.00144694 0.000114002 -0.000569274 0.000251797 -0.000600963 0.000961164 -1.26519e-05 0.00163101 0.000362612 -0.000172486 0.000174953 0.000487283 -0.000301087
internal_weight=36906 35890 1016 816 614 35276 9603 897 8706 8506 6963 25673 16991 16741 16121 1465 620 8682 1456 7226 830 1543 6707 746 6396 14656 531 5385 1011
internal_count=36906 35890 1016 816 614 35276 9603 897 8706 8506 6963 25673 16991 16741 16121 1465 620 8682 1456 7226 830 1543 6707 746 6396 14656 531 5385 1011
cat_boundaries=0 3 6 9 12 15 17 20 21
cat_threshold=336203778 4735072 327681 2181056640 2684649996 41943848 2147483776 0 41943040 2147483648 0 8388608 134479872 257 4199424 0 131073 18432 2147483648 288 4
is_linear=0
shrinkage=0.05


Tree=259
num_leaves=25
num_cat=9
split_feature=25 18 2 2 18 25 11 11 20 25 25 25 1 18 25 18 20 20 25 23 27 20 3 25
split_gain=3.28469 1.82835 0.503214 0.495961 0.49393 0.423327 0.458581 0.811143 0.399931 0.798189 0.63404 0.346628 0.323067 0.488624 0.354541 0.63245 0.859528 0.295586 0.288053 0.300197 0.225388 0.292854 0.193648 0.122574
threshold=0 450.00000000000006 7.5000000000000009 31.500000000000004 1050.0000000000002 1 142336.00000000003 117344.00000000001 62400.000000000007 2 3 4 1.5000000000000002 6300.0000000000009 5 34200.000000000007 10200.000000000002 84600.000000000015 6 7 4.2835627800822236 2550.0000000000005 104448.00000000001 8
decision_type=9 2 2 2 2 9 2 2 2 9 9 9 2 2 9 2 2 2 9 9 10 2 2 9
left_child=3 2 -2 11 -3 6 7 8 10 -10 -6 -1 14 -14 20 16 -16 -17 19 -8 21 -7 -5 -13
right_child=1 4 -4 22 5 12 18 -9 9 -11 -12 23 13 -15 15 17 -18 -19 -20 -21 -22 -23 -24 -25
leaf_value=-5.8123338625576828 -0.19144441421420791 0.18080726098191968 -0.053178958956834249 -0.099752955705778135 4.8618806372334804 -0.238350200597057 0.57507596909516401 4.515913273558545 -27.561518944864659 -0.51901985640630977 -0.72413691537770408 -0.053776877048812823 -0.2830181863518561 0.44777486385340559 -0.68829940683292523 -1.2044511086565508 65.394243834760871 5.9390917559758236 -1.6467765096050244 -0.70276224011613531 0.048456917510100089 0.0017218853909071186 -4.9266357620657804 -0.2103389707475799
leaf_weight=205 302 379 274 343 678 582 370 228 825 4111 961 357 225 327 214 364 218 285 249 397 220 24356 206 230
leaf_count=205 302 379 274 343 678 582 370 228 825 4111 961 357 225 327 214 364 218 285 249 397 220 24356 206 230
internal_value=-0.000209441 -0.000117352 -0.00290658 -0.0026275 -7.13052e-05 -9.10101e-05 -0.00041438 -0.000266717 -0.00036871 -0.000593359 0.000307738 -0.00183879 3.54319e-06 -0.00119134 2.87706e-05 0.000910337 0.00239631 -6.91256e-05 -0.00140472 -0.000879334 -9.53635e-06 -2.3658e-05 -0.00380218 -0.00114357
internal_weight=36906 35565 576 1341 34989 34610 7819 6803 6575 4936 1639 792 26791 552 26239 1081 432 649 1016 767 25158 24938 549 587
internal_count=36906 35565 576 1341 34989 34610 7819 6803 6575 4936 1639 792 26791 552 26239 1081 432 649 1016 767 25158 24938 549 587
cat_boundaries=0 3 6 9 12 15 18 21 22 25
cat_threshold=336203778 4735332 2441217 154419204 75505664 30454946 0 0 25170048 1048576 0 25165824 269090816 4210688 65536 536871360 540017681 100663296 4 67108864 8224 4 0 524352 2097152
is_linear=0
shrinkage=0.05


Tree=260
num_leaves=25
num_cat=9
split_feature=25 18 2 2 18 25 12 3 25 18 20 25 25 20 20 25 25 18 10 25 27 3 25 20
split_gain=3.18505 1.82651 0.528807 0.503214 0.494718 0.403076 0.394969 0.703657 0.612489 1.05063 0.373132 0.563298 0.403866 0.34837 1.53429 0.578231 0.294923 0.267456 0.250206 0.233508 0.227088 0.193648 0.126132 0.0922887
threshold=0 450.00000000000006 31.500000000000004 7.5000000000000009 1050.0000000000002 1 71168.000000000015 45480.000000000007 2 39600.000000000007 345300.00000000006 3 4 62400.000000000007 124800.00000000001 5 6 172650.00000000003 37.000000000000007 7 4.2835627800822236 104448.00000000001 8 33000.000000000007
decision_type=9 2 2 2 2 9 2 2 9 2 2 9 9 2 2 9 9 2 2 9 10 2 9 2
left_child=2 3 16 -2 -3 6 7 19 9 -8 12 -12 23 15 -15 -10 -1 -18 20 -6 -14 -4 -13 -7
right_child=1 4 21 -5 5 10 8 -9 13 -11 11 22 18 14 -16 -17 17 -19 -20 -21 -22 -23 -24 -25
leaf_value=-0.23982150722606549 -0.18187219350349748 0.17176689793282313 -0.094765307920489233 -0.050520011008992505 0.60707259181044726 22.207836442090851 -1.4230082434512952 1.4222968378033785 4.5687866053718151 1.7166889185912624 0.21124736058263807 -33.218532273794516 -0.0026630870652297745 -25.943443464922169 -0.36518111554757882 -1.9436324600802064 -0.051088033196379001 -10.042602099041687 25.001539083391982 -28.689218323518148 0.046034071634596788 -4.6803039739625092 -17.342544105115817 18.608947498467678
leaf_weight=243 302 379 343 274 362 231 300 289 832 235 221 200 25149 393 4620 483 216 333 347 305 220 206 211 212
leaf_count=243 302 379 343 274 362 231 300 289 832 235 221 200 25149 393 4620 483 216 333 347 305 220 206 211 212
internal_value=-0.000209441 -0.000118758 -0.00259054 -0.00290658 -7.27342e-05 -9.24547e-05 -0.000407995 0.000542796 -0.000541152 -0.00214808 -1.87738e-07 -0.00119874 2.88586e-05 -0.000400632 -0.000591228 0.000322702 -0.00177582 -0.00239751 2.71958e-06 -0.000351272 -1.55701e-05 -0.00380218 -0.00225768 0.00150549
internal_weight=36906 35565 1341 576 34989 34610 7819 956 6863 535 26791 632 26159 6328 5013 1315 792 549 25716 667 25369 549 411 443
internal_count=36906 35565 1341 576 34989 34610 7819 956 6863 535 26791 632 26159 6328 5013 1315 792 549 25716 667 25369 549 411 443
cat_boundaries=0 3 6 9 12 15 18 21 24 26
cat_threshold=336203778 4735332 2441217 137641988 75505664 30454954 262144 0 4096 16777280 16777216 256 2181038080 131080 512 1048576 0 25165856 67239936 260 1 262144 0 36864 0 8
is_linear=0
shrinkage=0.05


Tree=261
num_leaves=23
num_cat=10
split_feature=25 18 2 2 18 25 3 0 25 18 18 25 25 25 18 25 24 20 20 25 3 25
split_gain=3.20685 1.72564 0.567747 0.528807 0.490782 0.389552 0.368176 0.668333 0.603104 1.05063 0.340912 1.05384 0.646983 0.294923 0.267456 0.262612 0.325518 0.294082 0.562985 0.306605 0.193648 0.109985
threshold=0 450.00000000000006 7.5000000000000009 31.500000000000004 1050.0000000000002 1 52224.000000000007 1.5000000000000002 2 39600.000000000007 13500.000000000002 3 4 5 172650.00000000003 6 7 345300.00000000006 489600.00000000006 8 104448.00000000001 9
decision_type=9 2 2 2 2 9 2 2 9 2 2 9 9 9 2 9 9 2 2 9 2 9
left_child=3 2 -2 13 -3 6 7 -6 9 -8 12 -12 -10 -1 -15 -7 -17 19 -19 -18 -5 -9
right_child=1 4 -4 20 5 15 8 21 10 -11 11 -13 -14 14 -16 16 17 18 -20 -21 -22 -23
leaf_value=-0.22783043186475427 -0.17277858382832259 0.16317855303618209 -0.047994010458542929 -0.090027042524464751 1.3811819196192632 13.770648503496023 -1.3518578312787213 0.24671696427224107 4.3403472751032046 1.6308544726616674 -16.995338373710364 -0.24167792322026119 -1.769746347325551 -0.048533631536565737 -9.5404719940910585 6.8531594929056983 10.513776318019428 -25.486448372145887 -0.55432456922426354 -0.0025299327120592353 -4.4462887752644749 -209.54510869610749
leaf_weight=243 302 379 274 343 353 222 300 292 581 235 525 4125 241 216 333 318 320 289 618 25920 206 271
leaf_count=243 302 379 274 343 353 222 300 292 581 235 525 4125 241 216 333 318 320 289 618 25920 206 271
internal_value=-0.000201313 -0.000110325 -0.00282007 -0.00259054 -6.55895e-05 -8.52317e-05 -0.000420333 0.000511981 -0.000563323 -0.00214808 -0.000402992 -0.000569649 0.000533979 -0.00177582 -0.00239751 -1.26478e-06 -1.54687e-05 -3.44281e-05 -0.000918593 -3.81188e-06 -0.00380218 -0.000557523
internal_weight=36906 35565 576 1341 34989 34610 6923 916 6007 535 5472 4650 822 792 549 27687 27465 27147 907 26240 549 563
internal_count=36906 35565 576 1341 34989 34610 6923 916 6007 535 5472 4650 822 792 549 27687 27465 27147 907 26240 549 563
cat_boundaries=0 3 6 9 12 15 18 21 22 24 27
cat_threshold=336203778 4735332 2441217 136593412 67117056 30454922 262144 0 4096 134234116 0 29360128 4 0 25165824 67239936 260 1 2181040128 32768 768 34 0 393224 0 0 36864
is_linear=0
shrinkage=0.05


Tree=262
num_leaves=27
num_cat=9
split_feature=25 18 2 25 25 3 0 25 18 11 18 25 20 25 11 25 25 20 3 10 20 3 25 3 2 18
split_gain=3.14949 1.7179 0.567747 0.437801 0.433595 0.732134 0.972209 0.824685 0.73142 0.329311 0.327347 1.32023 0.680789 0.484544 0.228674 0.73964 0.479869 0.225675 0.443817 0.360774 0.220608 0.162313 0.0987245 0.0977673 0.0486431 0.0292437
threshold=0 450.00000000000006 7.5000000000000009 1 2 71168.000000000015 2.5000000000000004 3 39600.000000000007 31872.000000000004 22500.000000000004 4 158400.00000000003 5 5802.666666666667 6 7 748800.00000000012 1375360.0000000002 1.0714285714285716 223200.00000000003 93184.000000000015 8 122880.00000000001 31.500000000000004 4500.0000000000009
decision_type=9 2 2 9 9 2 2 9 2 2 2 9 2 9 2 9 9 2 2 2 2 2 9 2 2 2
left_child=3 2 -2 9 5 6 -3 8 21 -1 13 -12 -13 -9 15 25 -16 18 20 -20 -18 -7 -8 -11 -5 -6
right_child=1 4 -4 24 14 7 22 10 -10 23 11 12 -14 -15 16 -17 17 -19 19 -21 -22 -23 -24 -25 -26 -27
leaf_value=-0.085525690398241497 -0.1641396546369065 0.92712173048911384 -0.045594309935615751 -5.0567354043160151 0.033123227888233943 -1.5041468460835157 0.2343811160586256 4.1233299113480371 1.3743117073053328 -0.046106949959744271 -23.096507865822787 -126.40870481584716 -0.14412200865562963 -1.487960960476115 75.733635582521842 -18.6311098151896 0.0040295113150845682 -16.147700421059302 0.99076719128269886 21.661282495449356 0.50840067980461756 -1.2355511790708102 -193.24292686707778 -0.61751319703168128 -0.91815373814606582 -38.482755863939261
leaf_weight=230 302 424 274 225 1097 315 292 686 240 267 303 284 3867 359 222 288 25012 357 219 201 228 260 266 228 245 215
leaf_count=230 302 424 274 225 1097 315 292 686 240 267 303 284 3867 359 222 288 25012 357 219 201 228 260 266 228 245 215
internal_value=-0.000201313 -0.000116313 -0.00282007 -0.00271334 -7.18628e-05 -0.000414615 0.000853657 -0.000612731 -0.00208585 -0.00186567 -0.000389223 -0.000576752 -0.000337498 0.00040592 1.8131e-05 -0.000561799 5.3541e-05 3.3231e-05 5.06574e-05 0.00165877 2.37687e-05 -0.00307626 -0.000517858 -0.00115694 -0.00394191 -4.53184e-05
internal_weight=36906 35711 576 1195 35135 7296 982 6314 815 725 5499 4454 4151 1045 27839 1600 26239 26017 25660 420 25240 575 558 495 470 1312
internal_count=36906 35711 576 1195 35135 7296 982 6314 815 725 5499 4454 4151 1045 27839 1600 26239 26017 25660 420 25240 575 558 495 470 1312
cat_boundaries=0 3 6 9 12 15 18 21 24 27
cat_threshold=336203778 4735332 2441216 135168 324 2375680 2375684 75505664 30454923 262144 0 4097 0 0 25165824 4 0 25165824 320 16777216 32 2181040128 393216 768 0 0 36864
is_linear=0
shrinkage=0.05


Tree=263
num_leaves=23
num_cat=4
split_feature=25 18 25 11 2 18 25 1 18 3 20 11 20 20 20 27 27 25 18 11 3 3
split_gain=3.65156 1.59571 0.598213 0.871639 0.557362 0.553936 0.318098 0.314134 0.49593 0.224753 0.964321 1.03849 0.620366 0.417689 0.526202 0.215455 0.309237 0.353352 0.284268 0.211137 0.127155 0.0788855
threshold=0 450.00000000000006 1 31872.000000000004 7.5000000000000009 1050.0000000000002 2 1.5000000000000002 6300.0000000000009 52224.000000000007 27000.000000000004 99152.000000000015 242400.00000000003 62400.000000000007 124800.00000000001 4.2835627800822236 2.9174053685313028 3 6300.0000000000009 88750.000000000015 104448.00000000001 9408.0000000000018
decision_type=9 2 9 2 2 2 9 2 2 2 2 2 2 2 2 10 10 9 2 2 2 2
left_child=2 4 3 -1 -2 -3 9 15 -9 12 11 -11 21 -12 -15 16 17 -8 -18 -5 -4 -7
right_child=1 5 20 19 -6 6 7 8 -10 10 13 -13 -14 14 -16 -17 18 -19 -20 -21 -22 -23
leaf_value=-0.081249405878329392 -0.15593267190506116 0.22106049622066026 -4.1188984588625601 0.047204767169637313 -0.043314594438834945 0.91765684961765148 -0.0026049116422655061 -0.26880910161115285 -1.8470787928772758 -4.3780560674682567 11.534573368248559 0.584626526292648 -86.267466375182437 -45.788525347161389 -0.2096581891833921 0.043657389122722635 -0.07137382253812348 0.72608347432660691 -2.2689645744036802 -3.9366741760476689 -5.0780674602170626 1.0007661374911181
leaf_weight=327 287 371 302 342 270 268 23885 225 393 317 335 226 394 350 4445 220 406 2592 209 237 219 286
leaf_count=327 287 371 302 342 270 268 23885 225 393 317 335 226 394 350 4445 220 406 2592 209 237 219 286
internal_value=-0.000195894 -9.56592e-05 -0.00266505 -0.00183007 -0.00274598 -5.32597e-05 -7.39456e-05 -1.19158e-09 -0.0011129 -0.000385196 -0.000504847 -0.00250459 0.000326315 -0.000292285 -0.000411717 2.52606e-05 1.25477e-05 3.83311e-05 -0.001094 -0.000679863 -0.00404315 0.00140288
internal_weight=36906 35479 1427 906 557 34922 34551 27930 618 6621 5673 543 948 5130 4795 27312 27092 26477 615 579 521 554
internal_count=36906 35479 1427 906 557 34922 34551 27930 618 6621 5673 543 948 5130 4795 27312 27092 26477 615 579 521 554
cat_boundaries=0 3 6 9 12
cat_threshold=336203778 4997476 2441473 135168 524612 2375681 3407876 67248128 22066314 536887744 540016657 100663328
is_linear=0
shrinkage=0.05


Tree=264
num_leaves=25
num_cat=9
split_feature=25 18 25 11 2 18 20 25 9 25 25 20 25 24 10 20 18 11 25 26 10 11 25 3
split_gain=3.64355 1.59232 0.598213 0.871639 0.557362 0.555592 0.324479 0.881972 0.902401 0.989514 0.5253 0.483066 0.475676 0.833507 0.450129 0.342774 0.252075 0.247523 0.247304 0.61693 0.25083 0.211137 0.162311 0.127155
threshold=0 450.00000000000006 1 31872.000000000004 7.5000000000000009 1050.0000000000002 295200.00000000006 2 98.000000000000014 3 4 489600.00000000006 5 6 0.29166666666666669 158400.00000000003 68400.000000000015 359200.00000000006 7 1.0000000180025095e-35 98.000000000000014 88750.000000000015 8 104448.00000000001
decision_type=9 2 9 2 2 2 2 9 2 9 9 2 9 9 2 2 2 2 9 2 2 2 9 2
left_child=2 4 3 -1 -2 -3 12 22 9 11 -10 -9 13 17 -14 -15 -12 -7 19 -16 -20 -5 -8 -4
right_child=1 5 23 21 -6 6 7 8 10 -11 16 -13 14 15 18 -17 -18 -19 20 -21 -22 -23 -24 -25
leaf_value=-0.077186935584412988 -0.14813603830980809 0.21000747140962731 -3.9129535359194336 0.044844528811154305 -0.041148864716893212 -70.223397575383345 -30.240467661417643 53.572042651669804 -0.69099243672244492 113.6113552055278 32.955264047419043 -271.64286095160134 9.9515818528363535 -1.9133587619847434 76.476797238172338 12.831488798748616 -0.69513510718097682 -2.0140259152412967 -0.009184485424748345 -0.19746830850003791 0.41713803960221613 -3.7398404672452856 -15.776875672102443 -4.8241640872063734
leaf_weight=327 287 371 302 342 270 374 200 200 267 279 226 238 371 239 287 576 282 271 29755 286 394 237 306 219
leaf_count=327 287 371 302 342 270 374 200 200 267 279 226 238 371 239 287 576 282 271 29755 286 394 237 306 219
internal_value=-0.000198603 -9.84769e-05 -0.00266505 -0.00183007 -0.00274598 -5.61231e-05 -7.68397e-05 -0.000695001 -7.31395e-05 0.00120306 -0.00125483 -0.000311112 -3.88585e-05 -0.000917121 2.73149e-06 0.000151148 -0.000269232 -0.00224505 -1.8228e-05 0.000999999 -3.79641e-05 -0.000679863 -0.00247104 -0.00404315
internal_weight=36906 35479 1427 906 557 34922 34551 1998 1492 717 775 438 32553 1460 31093 815 508 645 30722 573 30149 579 506 521
internal_count=36906 35479 1427 906 557 34922 34551 1998 1492 717 775 438 32553 1460 31093 815 508 645 30722 573 30149 579 506 521
cat_boundaries=0 3 6 9 12 14 17 18 21 23
cat_threshold=336203778 4997476 2441473 135168 524612 2375681 0 2147614728 50335744 0 16777217 9445376 0 75497472 134217792 8192 5283880 8 2181040128 2147647488 512 0 8
is_linear=0
shrinkage=0.05


Tree=265
num_leaves=25
num_cat=9
split_feature=25 18 2 2 18 25 20 25 25 3 24 10 20 25 24 20 9 25 18 3 3 20 0 25
split_gain=3.5357 1.58746 0.557362 0.549841 0.530928 0.481583 0.452494 1.15278 0.38878 0.492176 1.10928 0.452058 0.340384 0.303688 0.330556 0.245007 0.480472 0.222408 0.194847 0.187983 0.187052 0.167797 0.149324 0.110384
threshold=0 450.00000000000006 7.5000000000000009 31.500000000000004 1050.0000000000002 1 295200.00000000006 2 3 71168.000000000015 4 0.41666666666666669 748800.00000000012 5 6 489600.00000000006 98.000000000000014 7 147600.00000000003 104448.00000000001 50600.000000000007 111600.00000000001 3.5000000000000004 8
decision_type=9 2 2 2 2 9 2 9 9 2 9 2 2 9 9 2 2 9 2 2 2 2 2 9
left_child=3 2 -2 5 -3 -1 8 15 9 20 22 -10 17 -13 -15 -8 -17 -9 -14 -5 -6 -12 -11 -7
right_child=1 4 -4 19 6 23 7 12 11 10 21 13 18 14 -16 16 -18 -19 -20 -21 -22 -23 -24 -25
leaf_value=-5.0523057482588234 -0.1407292363943177 0.19950709783914605 -0.039091421481048542 -0.073327588805192259 -0.27079815825322839 -0.048404067260798912 -28.003446525441905 24.912727339398614 17.957628746679895 -1.9239264013075896 -4.7682086481242951 73.380085043960122 85.291015896653818 5.5287138270252187 -0.0020154417888988974 -1.3074182279058733 -0.77644336801749891 -0.35857016762311106 -504.50277814837102 -3.3562858988904853 0.34118775583842198 -293.78884576979198 5.7598864924476407 -0.29346358273791401
leaf_weight=209 287 374 270 345 200 337 265 347 362 245 430 226 267 249 29842 261 333 255 244 266 268 202 510 312
leaf_count=209 287 374 270 345 200 337 265 347 362 245 430 226 267 249 29842 261 333 255 244 266 268 202 510 312
internal_value=-0.000202667 -0.000102543 -0.00274598 -0.00259622 -6.02042e-05 -0.0017907 -8.05622e-05 -0.000815604 -3.59614e-05 -0.000736477 -0.0012131 6.67829e-06 0.000253332 -1.43486e-05 -2.84037e-05 -0.00217566 -0.00162752 0.0010596 -0.000692009 -0.0037602 0.000659573 -0.00273292 9.77824e-05 -0.00105144
internal_weight=36906 35437 557 1469 34880 858 34506 1972 32534 1855 1387 30679 1113 30317 30091 859 594 602 511 611 468 632 755 649
internal_count=36906 35437 557 1469 34880 858 34506 1972 32534 1855 1387 30679 1113 30317 30091 859 594 602 511 611 468 632 755 649
cat_boundaries=0 3 6 9 12 13 16 17 20 23
cat_threshold=470421506 803172 2441473 268959744 16384 65792 0 2223112200 50335744 0 0 5287944 48 2181040128 172032 512 34 64 0 1089544 0 64 2097152
is_linear=0
shrinkage=0.05


Tree=266
num_leaves=26
num_cat=8
split_feature=25 18 2 20 25 2 25 18 25 3 24 10 12 20 11 25 10 20 9 25 25 18 0 3 18
split_gain=3.79147 1.57825 0.695611 0.57155 1.02952 0.557362 0.530088 0.517052 0.402159 0.528789 1.0198 0.384959 0.304493 0.300269 0.288525 0.265625 0.246701 0.245007 0.480472 0.23254 0.214821 0.194847 0.173097 0.158326 0.0671787
threshold=0 450.00000000000006 31.500000000000004 295200.00000000006 1 7.5000000000000009 2 1050.0000000000002 3 71168.000000000015 4 0.41666666666666669 104448.00000000001 748800.00000000012 359200.00000000006 5 98.000000000000014 489600.00000000006 98.000000000000014 6 7 147600.00000000003 3.5000000000000004 50600.000000000007 172650.00000000003
decision_type=9 2 2 2 9 2 9 2 9 2 9 2 2 2 2 9 2 2 2 9 9 2 2 2 2
left_child=2 5 6 7 17 -2 -1 -3 9 23 22 -10 -4 19 -12 -13 -17 -5 -19 -6 24 -15 -11 -9 -8
right_child=1 3 12 4 13 -7 20 8 11 10 14 15 -14 21 -16 16 -18 18 -20 -21 -22 -23 -24 -25 -26
leaf_value=-4.7996904608458806 -0.1336927745746018 0.18953174294718877 -0.069661209364932655 -26.603274199169846 51.217715616783245 -0.037136850406996123 -0.045983863897754419 -0.11978683105629857 17.059747309345905 -1.8277300812422099 -4.6797982157180797 70.384701980674819 -1.3872832873476826 81.02646510182106 -1.9132238473897871 -0.001914669699544902 0.39638190971207421 -1.2420473165111616 -0.73762119961611461 -0.34064165924210105 0.11416809802350916 -479.27763924095274 8.3769280867762976 0.32412836804650169 -57.46983305661243
leaf_weight=209 287 373 425 265 260 270 233 213 362 245 515 205 278 267 271 29521 394 261 333 255 225 244 490 268 237
leaf_count=209 287 373 425 265 260 270 233 213 362 245 515 205 278 267 271 29521 394 261 333 255 225 244 490 268 237
internal_value=-0.000218924 -0.000110307 -0.00258493 -6.79266e-05 -0.000914151 -0.00274598 -0.00167771 -1.93262e-05 -4.06341e-05 -0.000724927 -0.00118516 4.58988e-06 -0.00378014 0.000163775 -0.00241855 -1.49404e-05 -2.75683e-05 -0.00217566 -0.00162752 0.00101547 -0.00095474 -0.000692009 0.000167335 0.000714285 -0.00155602
internal_weight=36906 35299 1607 34742 1885 557 904 32857 32484 2002 1521 30482 703 1026 786 30120 29915 859 594 515 695 511 735 481 470
internal_count=36906 35299 1607 34742 1885 557 904 32857 32484 2002 1521 30482 703 1026 786 30120 29915 859 594 515 695 511 735 481 470
cat_boundaries=0 3 6 9 12 13 16 19 22
cat_threshold=470421506 803172 2474241 0 2223112200 50335744 268959744 16384 65792 0 8192 5255208 48 2147485696 164352 512 64 0 1056776 0 262468 2097152
is_linear=0
shrinkage=0.05


Tree=267
num_leaves=26
num_cat=9
split_feature=25 18 2 25 2 18 20 25 25 3 24 10 23 18 12 11 20 25 10 25 0 25 3 18 18
split_gain=3.61727 1.58334 0.771403 0.589168 0.557362 0.541813 0.449753 0.972507 0.402159 0.528789 1.0198 0.384959 0.309596 0.305081 0.304493 0.288525 0.266951 0.265625 0.246701 0.23254 0.173097 0.170374 0.158326 0.15635 0.123898
threshold=0 450.00000000000006 31.500000000000004 1 7.5000000000000009 1050.0000000000002 295200.00000000006 2 3 71168.000000000015 4 0.41666666666666669 5 27000.000000000004 104448.00000000001 359200.00000000006 748800.00000000012 6 98.000000000000014 7 3.5000000000000004 8 50600.000000000007 147600.00000000003 172650.00000000003
decision_type=9 2 2 9 2 2 2 9 9 2 9 2 9 2 2 2 2 9 2 9 2 9 2 2 2
left_child=2 4 3 -1 -2 -3 8 12 9 22 20 -10 13 -8 -4 -12 19 -13 -19 -9 -11 24 -7 -18 -5
right_child=1 5 14 21 -6 6 7 16 11 10 15 17 -14 -15 -16 -17 23 18 -20 -21 -22 -23 -24 -25 -26
leaf_value=-4.5597059378035851 -0.12700813584587173 0.180055155799829 -0.06617814889668594 -0.043684670702873518 -0.035280007886646293 -0.11379748950348545 -14.382328581437514 48.656829835944158 16.206759943878616 -1.7363435771800995 -4.4458083049321759 66.865466881641026 -0.13073936000582762 -291.67995617953682 -1.3179191229802982 -1.8175626550202979 76.97514184672994 -0.0018189362144767074 0.37656281422598314 -0.32360957627970494 7.958081682437478 0.10845969312233171 0.30792194964417663 -455.31375727890486 -54.59634140378185
leaf_weight=209 287 373 425 233 270 213 273 260 362 245 515 205 343 243 278 271 267 29521 394 255 490 225 268 244 237
leaf_count=209 287 373 425 233 270 213 273 260 362 245 515 205 343 243 278 271 267 29521 394 255 490 225 268 244 237
internal_value=-0.00021215 -0.000106059 -0.00252316 -0.00156733 -0.00274598 -6.36093e-05 -8.42292e-05 -0.000834659 -4.06341e-05 -0.000724927 -0.00118516 4.58988e-06 -0.00206085 -0.00285714 -0.00378014 -0.00241855 0.000211945 -1.49404e-05 -2.75683e-05 0.00101547 0.000167335 -0.000813297 0.000714285 -0.000594543 -0.00134855
internal_weight=36906 35299 1607 904 557 34742 34369 1885 32484 2002 1521 30482 859 516 703 786 1026 30120 29915 515 735 695 481 511 470
internal_count=36906 35299 1607 904 557 34742 34369 1885 32484 2002 1521 30482 859 516 703 786 1026 30120 29915 515 735 695 481 511 470
cat_boundaries=0 3 6 9 12 13 14 17 20 23
cat_threshold=470421506 803172 2474241 268959744 16384 65792 0 2223112200 50335744 0 8192 5255208 48 4 2147485696 164352 512 64 0 1056776 0 262468 2097152
is_linear=0
shrinkage=0.05


Tree=268
num_leaves=24
num_cat=5
split_feature=25 18 2 25 2 18 25 0 18 11 11 20 3 20 20 12 20 27 27 18 25 25 18
split_gain=3.80887 1.58504 0.833801 0.661294 0.557362 0.540989 0.389388 0.306254 0.431987 0.260048 0.741098 0.65619 1.21786 0.541853 0.341396 0.222382 0.222048 0.216496 0.307111 0.284268 0.231778 0.205423 0.20446
threshold=0 450.00000000000006 25.500000000000004 1 7.5000000000000009 1050.0000000000002 2 7.0000000000000009 3570.0000000000005 52224.000000000007 9408.0000000000018 42000.000000000007 99152.000000000015 62400.000000000007 124800.00000000001 104448.00000000001 242400.00000000003 4.2835627800822236 2.9174053685313028 6300.0000000000009 3 4 172650.00000000003
decision_type=9 2 2 9 2 2 9 2 2 2 2 2 2 2 2 2 2 10 10 2 9 9 2
left_child=2 4 3 -1 -2 -3 9 17 -9 10 16 12 -11 -13 -15 -4 -7 18 20 -20 -8 22 -5
right_child=1 5 15 21 -6 6 7 8 -10 11 -12 13 -14 14 -16 -17 -18 -19 19 -21 -22 -23 -24
leaf_value=-4.2488535671278624 -0.12065772905357815 0.17105239800983726 -0.062869241451851646 -0.041500437167724162 -0.033516007492313982 1.2600386994751545 -0.0017279894036619226 -0.25462196987421137 -1.5639824793269641 -1.7528381749125401 1.2975250188890328 19.630885401044154 -0.28667360508254519 -43.518352372152528 -0.5289955323692993 -1.3707545982746525 -81.542163421070882 0.042221196322975635 -0.067058454754834435 -2.1547696690270817 0.85232861599637477 0.12648278723684855 -30.657478212597681
leaf_weight=227 287 373 431 211 270 269 22616 202 392 231 323 263 417 324 4140 240 346 220 406 209 4011 242 256
leaf_count=227 287 373 431 211 270 269 22616 202 392 231 323 263 417 324 4140 240 346 220 406 209 4011 242 256
internal_value=-0.000213505 -0.000104643 -0.00258493 -0.00163113 -0.00274598 -6.21702e-05 -8.27745e-05 -2.85141e-06 -0.00112416 -0.000437155 0.000329786 -0.000571881 -0.00206154 -0.000366886 -0.00049709 -0.00394502 -0.000688818 2.14815e-05 8.80809e-06 -0.001094 3.43598e-05 -0.000825244 -0.00143006
internal_weight=36906 35299 1607 936 557 34742 34369 28056 594 6313 938 5375 648 4727 4464 671 615 27462 27242 615 26627 709 467
internal_count=36906 35299 1607 936 557 34742 34369 28056 594 6313 938 5375 648 4727 4464 671 615 27462 27242 615 26627 709 467
cat_boundaries=0 3 6 9 12 15
cat_threshold=470421506 967268 6668545 268959744 49152 65792 34865156 67117312 16789666 538984704 540016657 100663296 134217728 262724 6291456
is_linear=0
shrinkage=0.05


Tree=269
num_leaves=22
num_cat=7
split_feature=25 18 2 25 18 2 25 3 23 9 11 9 20 25 12 25 27 27 25 10 11
split_gain=3.87051 1.75468 0.691527 0.616819 0.565831 0.563553 0.453341 0.363087 0.280066 0.561791 1.17196 0.322536 0.376835 0.316558 0.242087 0.225483 0.22866 0.283115 0.182003 0.178807 0.154459
threshold=0 450.00000000000006 25.500000000000004 1 1050.0000000000002 7.5000000000000009 2 3420000.0000000005 3 93.000000000000014 125536.00000000001 1.5000000000000002 446400.00000000006 4 104448.00000000001 5 4.2835627800822236 2.9174053685313028 6 35.500000000000007 50600.000000000007
decision_type=9 2 2 9 2 2 9 2 9 2 2 2 2 9 2 9 10 10 9 2 2
left_child=2 5 3 -1 -3 -2 8 15 11 10 -10 13 -13 -6 -4 -8 17 -17 -5 -11 -15
right_child=1 4 14 18 6 -7 7 -9 9 19 -12 12 -14 20 -16 16 -18 -19 -20 -21 -22
leaf_value=-4.0364108887714805 -0.11462484260089925 0.17249932749823105 -0.059725779379258985 0.088897215725259313 50.598826277499398 -0.031840207117698326 11.596151404172723 -13.700480898899855 7.711626689480636 -834.80260011521841 -1.8351927180669678 -13.601838492014133 -49.834558001356349 -1.4811109803712066 -1.3003330216473743 -0.0016415899335697759 0.040110136506825711 -0.12162515686399322 -0.039425415309347046 -0.037752207691664812 -2.1425248394431038
leaf_weight=227 324 379 431 216 376 270 271 208 605 246 258 350 266 309 229 29349 220 615 390 216 1151
leaf_count=227 324 379 431 216 376 270 271 208 605 246 258 350 266 309 229 29349 220 615 390 216 1151
internal_value=-0.000217569 -0.000111928 -0.002701 -0.00175449 -6.59097e-05 -0.00280201 -8.71041e-05 -2.33101e-05 -0.000603063 -1.88407e-05 0.000734103 -0.000920947 -0.00190939 -0.000587596 -0.00392749 -9.03032e-06 -2.21896e-05 -3.40398e-05 -0.000857606 -0.00142241 -0.000917121
internal_weight=36906 35413 1493 833 34819 594 34440 30663 3777 1325 863 2452 616 1836 660 30455 30184 29964 606 462 1460
internal_count=36906 35413 1493 833 34819 594 34440 30663 3777 1325 863 2452 616 1836 660 30455 30184 29964 606 462 1460
cat_boundaries=0 3 6 9 10 13 16 19
cat_threshold=470421506 5030496 2474241 268959744 49152 65792 33554432 67248384 20983840 4 0 0 16785408 2147485696 25165828 512 201457664 524288 32769
is_linear=0
shrinkage=0.05


Tree=270
num_leaves=27
num_cat=8
split_feature=25 18 2 25 18 2 25 1 18 2 25 20 18 25 20 11 11 25 18 20 20 25 20 25 3 20
split_gain=3.89066 1.57952 0.707749 0.649251 0.589873 0.557362 0.325283 0.314383 0.433794 0.269223 0.253273 0.262693 0.244791 0.660189 0.443175 0.237799 0.678403 0.538672 1.00045 0.379021 0.685491 0.601189 0.343824 0.231484 0.191983 0.0082838
threshold=0 450.00000000000006 25.500000000000004 1 1050.0000000000002 7.5000000000000009 2 1.5000000000000002 3570.0000000000005 62.000000000000007 3 158400.00000000003 166500.00000000003 4 158400.00000000003 52224.000000000007 9408.0000000000018 5 39600.000000000007 62400.000000000007 124800.00000000001 6 242400.00000000003 7 104448.00000000001 84600.000000000015
decision_type=9 2 2 9 2 2 9 2 2 2 9 2 2 9 2 2 2 9 2 2 2 9 2 9 2 2
left_child=2 5 3 -1 -3 -2 15 12 -9 25 -5 -12 14 -14 23 16 22 18 -17 21 -21 -19 -6 -8 -15 -4
right_child=1 4 9 10 6 -7 7 8 -10 -11 11 -13 13 24 -16 17 -18 19 -20 20 -22 -23 -24 -25 -26 -27
leaf_value=-3.8345903443329052 -0.10889360047085433 0.16887437423634141 -0.056739490410295981 0.18100629909184093 1.3535630318193488 -0.03024819676181343 6.850261608896199 -0.24180879188382251 -1.4757012257960356 -1.2572008180941339 -0.037454144543880831 -0.37806913564636491 4.6132721815211983 -0.14826012410048861 -642.1523079228723 -1.0934112974561767 1.2647749920353448 -1.0934381604793544 0.72459944988086145 -41.427352825444018 -0.5164907808095851 12.293104032070779 -78.880069846981996 -0.0015595104370731861 5.2632337251008723 -0.45406535310394247
leaf_weight=227 287 368 259 203 271 270 297 204 371 253 208 263 289 1700 259 283 328 285 235 226 4084 270 371 24286 587 222
leaf_count=227 287 368 259 203 271 270 297 204 371 253 208 263 289 1700 259 283 328 285 235 226 4084 270 371 24286 587 222
internal_value=-0.000220279 -0.000109261 -0.00259563 -0.00166667 -6.68292e-05 -0.00274598 -8.82159e-05 -1.482e-05 -0.00116985 -0.00376359 -0.000830905 -0.00145963 9.48094e-06 0.000473234 -3.86423e-05 -0.000410842 0.000308641 -0.00054132 -0.0020566 -0.000374207 -0.000533396 0.000852782 -0.000636647 -1.68814e-05 0.000180512 -0.0044617
internal_weight=36906 35271 1635 901 34714 557 34346 27993 575 734 674 471 27418 2576 24842 6353 970 5383 518 4865 4310 555 642 24583 2287 481
internal_count=36906 35271 1635 901 34714 557 34346 27993 575 734 674 471 27418 2576 24842 6353 970 5383 518 4865 4310 555 642 24583 2287 481
cat_boundaries=0 3 6 9 12 15 18 21 23
cat_threshold=470421506 13419108 2474241 268959744 49152 65792 34865156 67240192 20983970 67239936 8912896 32769 64 536879104 9437184 262144 0 4096 0 67109120 8192 2147483648 1048584
is_linear=0
shrinkage=0.05


Tree=271
num_leaves=31
num_cat=9
split_feature=25 18 2 25 18 2 25 18 20 25 25 11 20 3 20 25 20 25 2 2 20 18 9 11 2 25 3 25 20 11
split_gain=4.11117 1.56506 0.725224 0.649251 0.597183 0.557362 0.49666 0.888357 0.58028 0.450167 0.418142 0.584805 0.316077 0.304538 0.66478 0.253273 0.262693 0.250441 1.0194 0.246956 0.208277 0.535278 0.608361 0.225528 0.569641 0.461741 0.148437 0.102245 0.397676 0.0323864
threshold=0 450.00000000000006 25.500000000000004 1 1050.0000000000002 7.5000000000000009 2 44100.000000000007 158400.00000000003 3 4 768.00000000000011 176400.00000000003 71168.000000000015 10200.000000000002 5 158400.00000000003 6 9.5000000000000018 62.000000000000007 345300.00000000006 19800.000000000004 98.000000000000014 91080.000000000015 3.5000000000000004 7 50600.000000000007 8 23400.000000000004 182160.00000000003
decision_type=9 2 2 9 2 2 9 2 2 9 9 2 2 2 2 9 2 9 2 2 2 2 2 2 2 9 2 9 2 2
left_child=2 5 3 -1 -3 -2 7 9 -9 -6 12 -12 -10 26 -15 -5 -17 20 27 -4 23 -22 -23 25 -25 -8 -11 29 -29 -19
right_child=1 4 19 15 6 -7 17 8 10 13 11 -13 -14 14 -16 16 -18 18 -20 -21 21 22 -24 24 -26 -27 -28 28 -30 -31
leaf_value=-3.6428608271162526 -0.10344892044731165 0.16043065552452448 -0.053902515889781101 0.17195598413725532 3.8141487144348503 -0.028735786923722719 4.3647659285529699 -22.804692753597195 -224.26603052323836 -0.12535029374178694 -50.366087686680657 -0.89985952500283028 48.767989796934131 -1.5384281429959954 -2.0066426569267608 -0.035581437316682243 -0.35916567886415579 -33.390416995446138 105.11026893523277 -0.95843414561143137 -13.333365920834211 40.578996400722829 -0.42004074014403159 0.29796473954464775 -0.44527448553353138 -0.001481534915365046 0.25653741187670676 -0.052228474857074048 26.396231739045717 0.93607513072206805
leaf_weight=227 287 368 481 203 696 270 550 310 319 207 262 277 280 267 910 208 263 1112 324 319 251 209 573 2575 2336 19598 258 2128 521 317
leaf_count=227 287 368 481 203 696 270 550 310 319 207 262 277 280 267 910 208 263 1112 324 319 251 209 573 2575 2336 19598 258 2128 521 317
internal_value=-0.00023789 -0.000121391 -0.00262989 -0.00166667 -7.90777e-05 -0.00274598 -0.000100637 -0.000639812 -0.00161379 -3.84627e-05 -0.00108772 -0.00207804 -0.000155484 -0.000489723 -0.000920273 -0.000830905 -0.00145963 -3.34372e-05 0.000314906 -0.00374065 -9.23242e-05 -0.000787441 -0.000140307 -6.36459e-05 -0.000367394 1.04206e-05 0.000588864 0.000100489 0.000283727 -0.000239418
internal_weight=36906 35205 1701 901 34648 557 34280 3786 1448 2338 1138 539 599 1642 1177 674 471 30494 4402 800 26092 1033 782 25059 4911 20148 465 4078 2649 1429
internal_count=36906 35205 1701 901 34648 557 34280 3786 1448 2338 1138 539 599 1642 1177 674 471 30494 4402 800 26092 1033 782 25059 4911 20148 465 4078 2649 1429
cat_boundaries=0 3 6 9 12 15 18 21 23 26
cat_threshold=487198722 13419108 2474241 268959744 49152 65792 33554432 1179904 29372448 0 131072 25165824 0 1048576 8224 67239936 8912896 32769 538181892 69207065 100663426 262144 1032 2147483776 2164260864 8
is_linear=0
shrinkage=0.05


Tree=272
num_leaves=27
num_cat=8
split_feature=25 18 2 25 18 25 2 25 18 20 25 23 3 25 20 2 27 27 0 18 2 25 20 2 18 20
split_gain=4.31828 1.57575 0.723412 0.649251 0.637696 1.47419 0.557362 0.511721 0.747766 0.644571 0.480438 0.413664 0.714859 0.391649 0.580073 0.574753 0.328797 0.468427 0.310232 0.704718 0.399779 0.253273 0.262693 0.249142 0.185788 0.0082838
threshold=0 450.00000000000006 25.500000000000004 1 1500.0000000000002 2 7.5000000000000009 3 44100.000000000007 158400.00000000003 4 5 71168.000000000015 6 176400.00000000003 1.5000000000000002 3.8606743063089755 2.9174053685313028 7.0000000000000009 3570.0000000000005 106.00000000000001 7 158400.00000000003 62.000000000000007 3570.0000000000005 84600.000000000015
decision_type=9 2 2 9 2 9 2 9 2 2 9 9 2 9 2 2 10 10 2 2 2 9 2 2 2 2
left_child=2 6 3 -1 5 -3 -2 8 10 -10 -6 -12 -13 14 -11 -15 17 18 20 -20 -9 -5 -23 25 -19 -4
right_child=1 4 23 21 7 -7 -8 16 9 13 11 12 -14 15 -16 -17 -18 24 19 -21 -22 22 -24 -25 -26 -27
leaf_value=-3.4607177857604405 -0.098276474424946081 -1.507590712742882 -0.05120739009529203 0.16335818493039553 3.6234412787131078 7.6683923076136811 -0.027298997577536621 -0.001407458169705933 -21.664458115917661 -245.83732525087532 7.3772024262445486 0.14870998219130344 -3.7471577669451772 -0.16486556169984398 78.511630344941381 -311.87188739090288 0.06044632948000981 -0.085283075054377377 -0.27964427554386262 -1.6018412056117228 0.0061627236947813914 -0.033802365450856089 -0.3412073949210026 -0.96519993491092471 -2.0400860960626006 -0.42866695965421969
leaf_weight=227 287 230 259 203 696 218 270 27448 310 223 538 470 577 492 299 204 363 211 234 883 937 208 263 373 261 222
leaf_count=227 287 230 259 203 696 218 270 27448 310 223 538 470 577 492 299 204 363 211 234 883 937 208 263 373 261 222
internal_value=-0.000233826 -0.000112477 -0.00264573 -0.00166667 -6.99515e-05 0.0018 -0.00274598 -9.45895e-05 -0.000639886 -0.00149673 -6.78943e-05 -0.000547903 -0.00112965 -0.000975411 7.49052e-05 -0.00173729 -2.5867e-05 -4.40364e-05 -1.89817e-05 -0.000835569 1.32091e-05 -0.000830905 -0.00145963 -0.00370327 -0.00160338 -0.0044617
internal_weight=36906 35151 1755 901 34594 448 557 34146 3809 1528 2281 1585 1047 1218 522 696 30337 29974 29502 1117 28385 674 471 854 472 481
internal_count=36906 35151 1755 901 34594 448 557 34146 3809 1528 2281 1585 1047 1218 522 696 30337 29974 29502 1117 28385 674 471 854 472 481
cat_boundaries=0 3 6 9 12 15 16 19 22
cat_threshold=487198722 13419108 2475265 268959744 49152 65792 0 2147484672 4096 35651584 139520 29372456 0 131072 25165824 8 0 8192 8232 67239936 8912896 32769
is_linear=0
shrinkage=0.05


Tree=273
num_leaves=31
num_cat=9
split_feature=25 18 2 25 25 18 20 2 25 25 20 2 27 27 3 23 2 25 20 25 11 26 11 20 11 25 18 18 18 3
split_gain=4.05173 1.57324 0.70615 0.649251 0.588761 0.810678 0.623397 0.557362 0.469964 0.348066 0.663896 0.53373 0.315906 0.424101 0.285785 0.438161 0.267179 0.253273 0.262693 0.241247 0.92474 3.35977 0.29873 0.285326 0.357419 0.341526 0.233688 0.151995 0.144988 0.044154
threshold=0 450.00000000000006 25.500000000000004 1 2 44100.000000000007 158400.00000000003 7.5000000000000009 3 4 176400.00000000003 7.5000000000000009 3.8606743063089755 2.9174053685313028 71168.000000000015 5 62.000000000000007 6 158400.00000000003 7 97652.000000000015 1.0000000180025095e-35 91080.000000000015 27000.000000000004 117344.00000000001 8 1500.0000000000002 3570.0000000000005 172650.00000000003 50600.000000000007
decision_type=9 2 2 9 9 2 2 2 9 9 2 2 10 10 2 9 2 9 2 9 2 2 2 2 2 9 2 2 2 2
left_child=2 7 3 -1 5 8 -7 -2 -3 10 -8 28 13 19 29 -16 -4 -5 -19 23 22 -22 -21 25 -25 -6 -17 -15 -11 -10
right_child=1 4 16 17 12 6 9 -9 14 11 -12 -13 -14 27 15 26 -18 18 -20 20 21 -23 -24 24 -26 -27 -28 -29 -30 -31
leaf_value=-3.2876818964724315 -0.093362650703698785 3.4422692147774345 -0.04864702059052739 0.15519027568387014 -0.6859852432200384 -20.581235210121669 -755.53094551103868 -0.025934047698659771 0.22162320447055209 12.275557302527739 74.586048827694043 -288.74329230967828 0.057424013006004776 -0.081018921301659941 1.4333398790232423 -0.83721090411646493 -1.3281584723488777 -0.03211224717831556 -0.32414702517489791 0.0058545875100421089 100.01967402955802 -0.4112654613452833 -32.195439626919189 -0.0013370852611842565 0.43749927253957144 -0.29691305934238699 -3.5597998785979179 -1.9380817912594694 -0.1716234673629515 0.23627504217330683
leaf_weight=227 287 696 481 203 1374 310 211 270 209 214 299 216 363 211 591 209 307 208 263 7683 290 657 403 15551 1023 2732 567 261 332 258
leaf_count=227 287 696 481 203 1374 310 211 270 209 214 299 216 363 211 591 209 307 208 263 7683 290 657 403 15551 1023 2732 567 261 332 258
internal_value=-0.000229762 -0.000114538 -0.00261317 -0.00166667 -7.21263e-05 -0.000632882 -0.00152147 -0.00274598 -7.89901e-05 -0.00102826 -1.16469e-09 -0.00169251 3.59828e-06 -1.40801e-05 -0.000498376 -0.000865597 -0.00372152 -0.000830905 -0.00145963 9.58992e-06 0.000224985 0.00170179 5.19276e-05 -8.45749e-05 7.84147e-06 -0.000457645 -0.00164525 -0.00149789 -0.000875914 0.000565031
internal_weight=36906 35217 1689 901 34660 4112 1582 557 2530 1272 510 762 30548 30185 1834 1367 788 674 471 29713 9033 947 8086 20680 16574 4106 776 472 546 467
internal_count=36906 35217 1689 901 34660 4112 1582 557 2530 1272 510 762 30548 30185 1834 1367 788 674 471 29713 9033 947 8086 20680 16574 4106 776 472 546 467
cat_boundaries=0 3 6 9 12 15 16 19 22 24
cat_threshold=470421506 13419108 2475265 268959744 49152 65792 52428800 131328 29372456 0 131072 25165824 0 0 8232 8 67239936 8912896 32769 538181892 70254617 67108994 1310720 67108873
is_linear=0
shrinkage=0.05


Tree=274
num_leaves=26
num_cat=7
split_feature=25 18 25 2 25 25 18 20 2 25 25 20 3 0 3 2 0 2 2 11 3 23 20 3 20
split_gain=4.09537 1.59047 0.912006 0.624265 0.673779 0.562439 0.635549 0.683805 0.557362 0.434059 0.301117 0.569462 0.281327 0.276293 0.439242 0.37794 0.302666 0.269879 0.267179 0.246897 0.221141 0.510762 0.139093 0.0968488 0.0082838
threshold=0 450.00000000000006 1 25.500000000000004 2 3 44100.000000000007 158400.00000000003 7.5000000000000009 4 5 176400.00000000003 15872.000000000002 44.000000000000007 1375360.0000000002 15.500000000000002 7.0000000000000009 124.00000000000001 62.000000000000007 84480.000000000015 71168.000000000015 6 54000.000000000007 50600.000000000007 84600.000000000015
decision_type=9 2 9 2 9 9 2 2 2 9 9 2 2 2 2 2 2 2 2 2 2 9 2 2 2
left_child=3 8 -3 4 -1 6 9 -8 -2 -4 11 -9 -12 14 16 -16 17 -7 24 -6 23 -22 -18 -11 -5
right_child=1 2 5 18 19 13 7 10 -10 20 12 -13 -14 -15 15 -17 22 -19 -20 -21 21 -23 -24 -25 -26
leaf_value=-3.1232978016488109 -0.088694518168513883 14.480225120775868 3.145156582543132 -0.046214669561000933 0.098062458873430028 -0.0012702309981250438 -19.552173449615658 -717.75439823548663 -0.024637345313726744 -0.094242003954746911 -46.450942714724079 39.15470264819924 -0.89804111024714084 -11.803012539213592 -4.4046959518517488 20.209285253474707 -0.065954791142171842 0.0055618581345399324 -1.2617505487316523 -0.030506634819403189 -1.395350358910642 1.2416726657269466 -37.975753170398569 0.22446129006464163 -0.40480126064212529
leaf_weight=227 287 369 682 259 235 28347 310 211 270 259 259 377 399 206 224 287 273 814 307 298 657 614 255 258 222
leaf_count=227 287 369 682 259 235 28347 310 211 270 259 259 377 399 206 224 287 273 814 307 298 657 614 255 258 222
internal_value=-0.000210796 -0.000100086 -5.76112e-05 -0.00271795 -0.00170604 -8.44862e-05 -0.000638931 -0.00143132 -0.00274598 -0.000141587 -0.00090545 -6.66678e-05 -0.00162687 -1.085e-05 1.65433e-06 0.00145224 -2.3409e-05 -1.88714e-06 -0.00372152 -0.000669726 -0.000550001 -0.000907307 -0.00120755 0.000317918 -0.0044617
internal_weight=36906 35358 34801 1548 760 34432 4026 1556 557 2470 1246 588 658 30406 30200 511 29689 29161 788 533 1788 1271 528 517 481
internal_count=36906 35358 34801 1548 760 34432 4026 1556 557 2470 1246 588 658 30406 30200 511 29689 29161 788 533 1788 1271 528 517 481
cat_boundaries=0 3 6 9 12 15 18 19
cat_threshold=470421506 13419108 378113 2164279296 16908288 512 268959744 49152 65792 35651584 0 31469608 0 0 25165824 0 0 2105384 4
is_linear=0
shrinkage=0.05


Tree=275
num_leaves=26
num_cat=6
split_feature=25 18 25 2 25 25 2 20 25 10 18 10 2 27 10 10 2 3 25 9 0 11 20 18 20
split_gain=4.06443 1.57859 0.81142 0.624265 0.673779 0.565511 0.557362 0.339908 0.571288 0.344175 0.498764 0.304241 0.267179 0.255314 0.249271 0.774229 0.711534 0.430853 0.413837 0.361733 0.350233 0.246897 0.217471 0.286362 0.0082838
threshold=0 450.00000000000006 1 25.500000000000004 2 3 7.5000000000000009 345300.00000000006 4 0.75000000000000011 1950.0000000000002 37.000000000000007 62.000000000000007 4.2835627800822236 29.500000000000004 3.5000000000000004 23.500000000000004 71168.000000000015 5 102.00000000000001 1.5000000000000002 84480.000000000015 62400.000000000007 39600.000000000007 84600.000000000015
decision_type=9 2 9 2 9 9 2 2 9 2 2 2 2 8 2 2 2 2 9 2 2 2 2 2 2
left_child=3 6 -3 4 -1 14 -2 9 -9 -7 13 -12 24 -11 15 17 -17 20 -19 -16 -4 -6 -21 -24 -5
right_child=1 2 5 12 21 7 -8 8 -10 10 11 -13 -14 -15 19 16 -18 18 -20 22 -22 -23 23 -25 -26
leaf_value=-2.9671329115663707 -0.084259792260088159 13.90621252959245 1.263238225561409 -0.043903936082950956 0.093159335929762721 14.03399513903396 -0.02340547804804043 -7.0030775176489826 -12.062857763769637 -0.015709000071513903 -0.0012067194482369816 23.313042246339322 -1.198663021295215 0.055283765227812864 5.8358575039249061 -63.553599461412063 -2.7202469688195787 -1.3255828409651096 -0.5273171229069703 2.0120125514033531 -0.14213577239702466 -0.0289813030784444 -36.978225153070667 0.028841648995876313 -0.38456119761031005
leaf_weight=227 287 225 369 259 235 229 270 399 211 444 23979 358 307 1217 247 287 254 656 4295 218 477 298 313 623 222
leaf_count=227 287 225 369 259 235 229 270 399 211 444 23979 358 307 1217 247 287 254 656 4295 218 477 298 313 623 222
internal_value=-0.000220279 -0.000109981 -6.76678e-05 -0.00271795 -0.00170604 -8.76038e-05 -0.00274598 2.10424e-05 -0.00114379 4.82279e-05 3.11527e-05 -2.6091e-05 -0.00372152 0.00086891 -0.000463812 -0.000597793 -0.00240332 -0.000428523 -0.000606704 0.000138987 0.000613206 -0.000669726 -0.000233565 -0.000565033 -0.0044617
internal_weight=36906 35358 34801 1548 760 34576 557 26837 610 26227 25998 24337 788 1661 7739 6338 541 5797 4951 1401 846 533 1154 936 481
internal_count=36906 35358 34801 1548 760 34576 557 26837 610 26227 25998 24337 788 1661 7739 6338 541 5797 4951 1401 846 533 1154 936 481
cat_boundaries=0 3 6 9 12 15 18
cat_threshold=470421506 13419108 378113 2164260864 16777216 512 268959744 49152 65792 36962304 67109120 31469738 64 8 1048576 2097152 0 4104
is_linear=0
shrinkage=0.05


Tree=276
num_leaves=27
num_cat=8
split_feature=25 25 3 18 25 2 25 2 18 20 25 25 9 9 20 3 18 18 25 3 3 18 27 18 25 3
split_gain=4.02918 2.34267 3.19038 1.72121 0.694642 0.630284 0.572125 0.563553 0.34824 0.875529 0.491157 0.332057 0.444245 0.288633 0.285269 0.530125 0.520694 0.285581 0.611781 0.281327 0.230415 0.613398 0.22027 0.25552 0.126622 0.107882
threshold=0 1 122880.00000000001 450.00000000000006 2 25.500000000000004 3 7.5000000000000009 44100.000000000007 158400.00000000003 4 5 98.000000000000014 67.000000000000014 345300.00000000006 1056768.0000000002 19800.000000000004 68400.000000000015 6 15872.000000000002 71168.000000000015 9900.0000000000018 4.2835627800822236 11700.000000000002 7 50600.000000000007
decision_type=9 9 2 2 9 2 9 2 2 2 9 9 2 2 2 2 2 2 9 2 2 2 10 2 9 2
left_child=5 2 -2 7 8 6 24 -3 10 -10 -5 12 -11 -7 15 22 -16 -18 -19 -13 25 -22 23 -6 -1 -12
right_child=1 3 -4 4 14 13 -8 -9 9 11 20 19 -14 -15 16 -17 17 18 -20 -21 21 -23 -24 -25 -26 -27
leaf_value=-0.027532237924515358 0.31663824276325703 -0.080046802647083748 12.950902508695435 3.0142646095613603 -0.09748042303357779 -0.041708739278803364 -2.7866258080651374 -0.022235204145638399 -18.548198920989673 0.14904123497399269 -0.10242351059186071 -44.121288790367998 -0.2625996919727186 -1.0878507158619897 -11.459714625241645 5.9029330015694716 35.555994937269034 11.979658509995659 -372.34487118048037 -0.82677319858921694 -1.259303698916854 -0.64073242232071914 0.05185213564421929 0.033543321185425155 0.041315728006678133 0.15007631428333923
leaf_weight=212 299 324 205 682 12520 483 264 270 310 1259 263 259 302 231 251 360 249 229 277 399 589 879 220 15096 216 258
leaf_count=212 299 324 205 682 12520 483 264 270 310 1259 263 259 302 231 251 360 249 229 277 399 589 879 220 15096 216 258
internal_value=-0.000193184 -8.87036e-05 0.00325581 -0.00013797 -9.1851e-05 -0.00280677 -0.00174352 -0.00280201 -0.000623562 -0.00104504 -0.000226339 -0.000695634 -0.000289257 -0.00386872 3.07952e-06 3.26252e-05 -0.000823414 -0.000165127 -0.000846458 -0.00162687 -0.00062219 -0.000945579 7.90167e-06 -4.70827e-06 -0.000545456 0.000277245
internal_weight=36906 35500 504 34996 34402 1406 692 594 5200 2529 2671 2219 1561 714 29202 28196 1006 755 506 658 1989 1468 27836 27616 428 521
internal_count=36906 35500 504 34996 34402 1406 692 594 5200 2529 2671 2219 1561 714 29202 28196 1006 755 506 658 1989 1468 27836 27616 428 521
cat_boundaries=0 3 4 7 10 13 16 19 21
cat_threshold=470421506 5030496 378113 2198077440 2097152 75497728 31469608 201457664 786496 32769 0 0 25165824 0 67108864 2105384 64 16777216 1048576 0 262208
is_linear=0
shrinkage=0.05


Tree=277
num_leaves=26
num_cat=8
split_feature=25 25 3 18 2 25 25 2 20 3 18 18 25 18 20 10 9 25 2 27 27 18 3 23 25
split_gain=3.83106 2.33416 3.19038 1.72921 0.654157 0.62535 0.603735 0.563553 0.286447 0.529141 0.520694 0.285581 0.611781 0.278452 0.932317 0.559371 0.83678 0.497271 0.277444 0.257406 0.303507 0.233646 0.693631 0.295915 0.118248
threshold=0 1 122880.00000000001 450.00000000000006 31.500000000000004 2 3 7.5000000000000009 345300.00000000006 1056768.0000000002 19800.000000000004 68400.000000000015 4 44100.000000000007 158400.00000000003 29.500000000000004 13.500000000000002 5 67.000000000000014 3.8606743063089755 3.1984648276080736 9900.0000000000018 71168.000000000015 6 7
decision_type=9 9 2 2 2 9 9 2 2 2 2 2 9 2 2 2 2 9 2 10 10 2 2 9 9
left_child=4 2 -2 7 6 13 -1 -3 9 19 -10 -12 -13 17 -15 16 -16 -5 -6 20 -7 22 -19 -23 -8
right_child=1 3 -4 5 18 8 24 -9 10 -11 11 12 -14 14 15 -17 -18 21 -20 -21 -22 23 -24 -25 -26
leaf_value=-2.7623120493703199 0.30080633062512874 -0.076044462514729544 12.303357383261028 2.8635513790833103 -0.039623302314863197 0.0067979316303507179 -0.026155626028298684 -0.021123443938356523 -10.886728893979564 5.6077863514909936 33.778195190405576 11.380675584496366 -353.72762762145635 -17.620788974939934 -0.18543453866004711 0.10053029262635392 -279.22220716780657 0.042572498569171557 -1.0690737555296985 0.049259528862012306 -1.7169442148539844 -1.4678661630329772 -1.1963385139710112 7.057994125153801 0.00017291927219957872
leaf_weight=209 299 324 205 682 476 27212 214 270 251 360 249 229 277 310 1523 344 352 491 208 363 271 374 629 543 241
leaf_count=209 299 324 205 682 476 27212 214 270 251 360 249 229 277 310 1523 344 352 491 208 363 271 374 629 543 241
internal_value=-0.000182346 -8.26551e-05 0.00325581 -0.000131753 -0.00278677 -8.56027e-05 -0.00168168 -0.00280201 4.78939e-06 3.43862e-05 -0.000823414 -0.000165127 -0.000846458 -0.000587454 -0.000966023 -0.000605584 -0.000945659 -0.000237046 -0.00389213 9.6943e-06 -7.82364e-06 -0.000627136 -0.00111408 -3.80861e-05 -0.000588866
internal_weight=36906 35558 504 35054 1348 34460 664 594 29212 28206 1006 755 506 5248 2529 2219 1875 2719 684 27846 27483 2037 1120 917 455
internal_count=36906 35558 504 35054 1348 34460 664 594 29212 28206 1006 755 506 5248 2529 2219 1875 2719 684 27846 27483 2037 1120 917 455
cat_boundaries=0 3 4 7 10 13 16 17 19
cat_threshold=470417410 803424 378113 2198077440 2101248 75530496 31469608 268959744 16384 65792 64 16777216 1048576 0 0 25165824 4 0 576
is_linear=0
shrinkage=0.05


Tree=278
num_leaves=26
num_cat=7
split_feature=25 25 3 18 25 2 25 2 18 20 25 8 20 2 3 18 27 25 20 3 18 18 18 25 3
split_gain=4.00479 2.04791 2.60502 1.73108 0.69076 0.619388 0.671714 0.563553 0.358863 0.868349 0.4879 0.397002 0.572096 0.279907 0.263 0.621051 0.257492 0.176932 0.168971 0.539849 0.511317 0.218546 0.197718 0.118248 0.0858371
threshold=0 1 104448.00000000001 450.00000000000006 2 25.500000000000004 3 7.5000000000000009 44100.000000000007 158400.00000000003 4 3.2500000000000004 176400.00000000003 67.000000000000014 71168.000000000015 9900.0000000000018 3.8606743063089755 5 345300.00000000006 1056768.0000000002 19800.000000000004 68400.000000000015 11700.000000000002 6 50600.000000000007
decision_type=9 9 2 2 9 2 9 2 2 2 9 2 2 2 2 2 10 9 2 2 2 2 2 9 2
left_child=5 2 -2 7 8 6 -1 -3 10 -10 -5 12 -11 -7 24 -16 18 -13 19 22 -20 -22 -6 -8 -12
right_child=1 3 -4 4 16 13 23 -9 9 11 14 17 -14 -15 15 -17 -18 -19 20 -21 21 -23 -24 -25 -26
leaf_value=-2.5413293731162963 2.7105780146081089 -0.072242239388993032 11.703189517674037 2.7203738101291495 -0.092946298463416357 -0.037642137199120108 -0.024847844726878066 -0.020067271741438655 -16.73974952619319 -0.17616281172668097 -0.034640844356272286 -360.19513567905562 37.53403103632882 -1.015620067753312 -1.1365215882724606 -0.72664476817299994 0.046796552418913964 -63.019710617733281 -10.342392449280585 5.3273970339164451 32.089285430885234 -194.53841783564349 0.031526258544181472 0.00016427330858732604 0.1404438736407144
leaf_weight=227 317 324 204 682 12432 482 214 270 310 978 235 362 457 208 566 895 363 319 251 360 249 510 15192 241 258
leaf_count=227 317 324 204 682 12432 482 214 270 310 978 235 362 457 208 566 895 363 319 251 360 249 510 15192 241 258
internal_value=-0.000186411 -8.35549e-05 0.00299249 -0.000130337 -8.41068e-05 -0.00282515 -0.00176901 -0.00280201 -0.000622784 -0.0010626 -0.000219865 -0.000698774 -0.000226167 -0.00390174 -0.000620551 -0.000960357 9.02193e-06 -0.00169107 -7.58845e-06 1.53636e-05 -0.000642294 6.56911e-06 -9.77459e-06 -0.000588866 0.000373736
internal_weight=36906 35534 521 35013 34419 1372 682 594 5062 2426 2636 2116 1435 690 1954 1461 29357 681 28994 27984 1010 759 27624 455 493
internal_count=36906 35534 521 35013 34419 1372 682 594 5062 2426 2636 2116 1435 690 1954 1461 29357 681 28994 27984 1010 759 27624 455 493
cat_boundaries=0 3 6 9 12 15 18 20
cat_threshold=470417410 836192 378113 2164523008 0 512 35655680 75497728 31469576 268959744 49152 65792 0 0 25165824 0 67108864 16781312 0 576
is_linear=0
shrinkage=0.05


Tree=279
num_leaves=20
num_cat=6
split_feature=25 18 25 12 25 9 2 2 2 25 2 20 18 2 27 3 2 25 25
split_gain=3.85136 1.76961 1.48781 1.89362 0.768988 0.679632 0.877231 1.0444 0.66319 0.587287 0.563553 0.450172 0.285126 0.279907 0.223263 0.196382 0.629381 0.132103 0.119964
threshold=0 450.00000000000006 1 122880.00000000001 2 98.000000000000014 31.500000000000004 5.5000000000000009 25.500000000000004 3 7.5000000000000009 135000.00000000003 84600.000000000015 67.000000000000014 4.2835627800822236 4257152.0000000009 400.00000000000006 4 5
decision_type=9 2 9 2 9 2 2 2 2 9 2 2 2 2 10 2 2 9 9
left_child=8 10 3 11 5 6 7 12 9 -1 -2 -3 -4 -10 15 16 18 -11 -6
right_child=1 2 4 -5 14 -7 -8 -9 13 17 -12 -13 -14 -15 -16 -17 -18 -19 -20
leaf_value=-2.4971299782459937 -0.068630127419543371 -0.67094455523001673 -0.25908591293082006 11.003030288554147 -5.1074048900349815 -0.99419268958590701 36.027332231093901 -264.78280563180732 -0.035760030339164042 -0.023605452490528478 -0.019063908154366694 17.410055122504669 -0.74032346099120339 -0.96483906436594491 0.044456724797964857 -9.4552733108062679 18.373662229944358 0.00015605964315454913 0.0117010164597545
leaf_weight=209 324 237 2564 202 2520 390 217 216 482 232 270 208 1488 208 220 204 270 241 26204
leaf_count=209 324 237 2564 202 2520 390 217 216 482 232 270 208 1488 208 220 204 270 241 26204
internal_value=-0.000201313 -0.000100434 -5.4377e-05 0.00229894 -9.95494e-05 -0.000680378 -0.000507021 -0.000665107 -0.00278902 -0.00169591 -0.00280201 0.000503355 -0.000483474 -0.00390174 -3.0593e-06 -1.50697e-05 -4.13969e-06 -0.000649486 -2.68062e-05
internal_weight=36906 35534 34940 647 34293 4875 4485 4268 1372 682 594 445 4052 690 29418 29198 28994 473 28724
internal_count=36906 35534 34940 647 34293 4875 4485 4268 1372 682 594 445 4052 690 29418 29198 28994 473 28724
cat_boundaries=0 3 6 9 12 14 17
cat_threshold=470417410 836192 378113 2164525056 16908292 512 2101248 75497472 31469568 268959744 16384 65792 0 33344 34603012 16 170
is_linear=0
shrinkage=0.05


Tree=280
num_leaves=24
num_cat=7
split_feature=25 18 25 3 2 25 25 2 9 2 10 18 3 2 20 18 10 18 24 27 18 25 25
split_gain=3.89182 1.78809 0.908497 0.983189 0.66319 0.602157 0.587287 0.563553 0.512884 0.96401 0.910145 0.484871 0.331983 0.279907 0.26522 0.550646 0.550311 0.448856 0.841416 0.286579 0.228134 0.473729 0.132103
threshold=0 450.00000000000006 1 122880.00000000001 25.500000000000004 2 3 7.5000000000000009 98.000000000000014 31.500000000000004 3.5000000000000004 68400.000000000015 71168.000000000015 67.000000000000014 345300.00000000006 19800.000000000004 0.41666666666666669 1950.0000000000002 4 3.1984648276080736 68400.000000000015 5 6
decision_type=9 2 9 2 2 9 9 2 2 2 2 2 2 2 2 2 2 2 9 10 2 9 9
left_child=4 7 3 11 6 8 -1 -2 9 10 12 -3 -4 -6 16 -16 -7 18 -18 -19 -17 -22 -8
right_child=1 2 5 -5 13 14 22 -9 -10 -11 -12 -13 -14 -15 15 20 17 19 -20 -21 21 -23 -24
leaf_value=-2.3722734793336939 -0.065198621048566177 -0.65239722375645215 0.10065753193303309 10.318260466730912 -0.033972028822205756 13.632996709273266 -0.022425179866013424 -0.018110712746648352 -0.89948259138182041 34.565965843653252 -253.48365813567071 28.088460960537489 -1.0667412132122966 -0.91659711114748266 -9.3525094950622485 29.110418988408682 0.061115965636766849 -0.0053248098669428151 -6.4304007397917875 -1.2359674253524191 -426.80001292436759 14.866610688939327 0.00014825666098658986
leaf_weight=209 324 208 757 325 482 219 232 270 328 245 200 248 2454 208 281 281 1620 26809 238 234 209 284 241
leaf_count=209 324 208 757 325 482 219 232 270 328 245 200 248 2454 208 281 281 1620 26809 238 234 209 284 241
internal_value=-0.000187765 -8.63682e-05 -4.00676e-05 0.00163304 -0.00278902 -7.88692e-05 -0.00169591 -0.00280201 -0.000655657 -0.000486606 -0.00070466 0.000152837 -0.000499534 -0.00390174 -2.4857e-06 -0.000780512 2.57525e-05 6.74551e-06 0.000758063 -4.49263e-05 -9.02074e-05 -0.000737375 -0.000649486
internal_weight=36906 35534 34940 781 1372 34159 682 594 3984 3656 3411 456 3211 690 30175 1055 29120 28901 1858 27043 774 493 473
internal_count=36906 35534 34940 781 1372 34159 682 594 3984 3656 3411 456 3211 690 30175 1055 29120 28901 1858 27043 774 493 473
cat_boundaries=0 3 6 9 12 13 15 17
cat_threshold=470417410 836192 378113 2198079488 16777220 544 2101248 67108864 23080968 268959744 16384 65792 8 1048576 2147614720 0 33344
is_linear=0
shrinkage=0.05


Tree=281
num_leaves=29
num_cat=7
split_feature=25 18 25 2 25 25 2 10 10 18 10 20 3 2 25 11 20 25 11 10 11 20 3 20 3 25 2 10
split_gain=3.81112 1.75123 0.861703 0.66319 0.597525 0.587287 0.563553 0.3461 0.295577 0.729726 0.528349 0.359919 0.285837 0.279907 0.177314 1.05204 0.358044 0.586005 0.337172 0.234807 0.5587 0.250714 0.279609 0.238671 0.181785 0.132103 0.0146407 0.0122877
threshold=0 450.00000000000006 1 25.500000000000004 2 3 7.5000000000000009 35.500000000000007 29.500000000000004 39600.000000000007 3.5000000000000004 62400.000000000007 71168.000000000015 67.000000000000014 4 97652.000000000015 10200.000000000002 5 354200.00000000006 26.500000000000004 125536.00000000001 54000.000000000007 253592.00000000003 345300.00000000006 359200.00000000006 6 74.000000000000014 17.500000000000004
decision_type=9 2 9 2 9 9 2 2 2 2 2 2 2 2 9 2 2 9 2 2 2 2 2 2 2 9 2 2
left_child=3 6 -3 5 7 -1 -2 8 10 11 12 -10 -4 -5 19 16 24 -18 -17 21 -21 22 -6 -23 -16 -7 -22 -12
right_child=1 2 4 13 14 25 -8 -9 9 -11 27 -13 -14 -15 15 18 17 -19 -20 20 26 23 -24 -25 -26 -27 -28 -29
leaf_value=-2.2536598053670107 -0.061938689996137879 10.146966230010731 0.095624655336373654 -0.032273427381095489 -0.0050585693734319648 -0.021303920872719574 -0.017205177109315972 -0.69950925932353136 1.6463963859756803 91.361329283764064 -141.42110221326854 -35.614322813718495 -1.0134041525516817 -0.87076725558999934 0.71418672688590157 15.148311460141592 -0.15362774595656106 32.922152047950497 4.1227660388669953 -52.460694502184495 3.5434723452875918 0.029631135287490909 -0.65302485797674592 -30.128228638737255 0.0080601673549281824 0.00014084382794408157 -2.8676626076437972 -690.3601886299017
leaf_weight=209 324 214 757 482 8966 232 270 224 229 336 200 311 2454 208 731 244 6742 320 207 337 236 8921 2076 272 753 241 203 207
leaf_count=209 324 214 757 482 8966 232 270 224 229 336 200 311 2454 208 731 244 6742 320 207 337 236 8921 2076 272 753 241 203 207
internal_value=-0.00021486 -0.000114501 -6.86864e-05 -0.00278902 -8.86649e-05 -0.00169591 -0.00280201 -0.000610995 -0.000516015 0.000307516 -0.000715471 -0.000830259 -0.000499534 -0.00390174 -6.33031e-06 0.000179264 5.49824e-05 -9.34327e-05 0.00252759 -8.58595e-05 -0.000938305 -5.31217e-05 -0.000213692 0.000139749 0.000760429 -0.000649486 0.000238094 -0.00240831
internal_weight=36906 35534 34940 1372 34726 682 594 4718 4494 876 3618 540 3211 690 30008 8997 8546 7062 451 21011 776 20235 11042 9193 1484 473 439 407
internal_count=36906 35534 34940 1372 34726 682 594 4718 4494 876 3618 540 3211 690 30008 8997 8546 7062 451 21011 776 20235 11042 9193 1484 473 439 407
cat_boundaries=0 3 6 9 12 15 18 20
cat_threshold=470417410 836192 378113 2164260864 4 512 36704256 67108864 23080968 268959744 16384 65792 537133316 2159019033 67108994 192 537002240 41943040 0 33344
is_linear=0
shrinkage=0.05


Tree=282
num_leaves=26
num_cat=8
split_feature=25 18 25 25 2 25 2 9 2 18 20 18 2 25 11 12 25 9 23 10 20 18 3 25 20
split_gain=3.98235 1.57234 0.868634 0.69098 0.635549 0.606781 0.557362 0.463268 1.06608 0.422885 0.757078 0.318318 0.279907 0.213614 0.908976 0.252961 1.29396 0.283393 1.0369 0.30564 0.22051 0.461192 0.275528 0.130782 0.113624
threshold=0 450.00000000000006 1 2 25.500000000000004 3 7.5000000000000009 98.000000000000014 23.500000000000004 44100.000000000007 158400.00000000003 6300.0000000000009 67.000000000000014 4 97652.000000000015 253592.00000000003 5 2.5000000000000004 6 16.500000000000004 10200.000000000002 6300.0000000000009 359200.00000000006 7 176400.00000000003
decision_type=9 2 9 9 2 9 2 2 2 2 2 2 2 9 2 2 9 2 9 2 2 2 2 9 2
left_child=4 6 -3 7 5 -1 -2 8 9 11 -11 -4 -6 15 20 17 -17 18 -5 -19 22 -22 -15 -7 -18
right_child=1 2 3 13 12 23 -8 -9 -10 10 -12 -13 -14 14 -16 16 24 19 -20 -21 21 -23 -24 -25 -26
leaf_value=-2.21697109131201 -0.058841755496330972 9.7646166966151213 -0.84607539844378798 -0.28117042226590983 -0.030659756012040698 -0.020238724829073365 -0.01634491825385016 -0.81953299884771702 28.289601044367011 -15.857798249042389 -0.7374878306043684 0.92739444112086111 -0.82722889281099965 -4.4363041255597437 43.756847364207637 -3.2884241652956727 -0.0003764474906290616 0.028149578523152741 -1.3396845587813004 -0.21324994550200246 -0.20219926216011999 0.20405364134126672 0.0076571589871818448 0.047026177349808101 -41.328627028755506
leaf_weight=312 287 206 839 3303 482 212 270 305 281 310 1570 1596 208 290 273 365 2377 7855 490 6397 448 6837 754 225 414
leaf_count=312 287 206 839 3303 482 212 270 305 281 310 1570 1596 208 290 273 365 2377 7855 490 6397 448 6837 754 225 414
internal_value=-0.000220279 -0.00011514 -7.3042e-05 -9.27538e-05 -0.00278773 -0.00179095 -0.00274598 -0.000642175 -0.000517618 -0.000712301 -0.00127524 -0.000276981 -0.00390174 -2.1813e-06 0.0002078 -8.74476e-05 -0.000500318 -1.52392e-05 -0.000399211 8.69919e-05 0.000114631 1.71526e-05 0.000793498 -0.000523386 -0.000126651
internal_weight=36906 35467 34910 34704 1439 749 557 4901 4596 4315 1880 2435 690 29803 8602 21201 3156 18045 3793 14252 8329 7285 1044 437 2791
internal_count=36906 35467 34910 34704 1439 749 557 4901 4596 4315 1880 2435 690 29803 8602 21201 3156 18045 3793 14252 8329 7285 1044 437 2791
cat_boundaries=0 3 6 9 12 15 17 18 20
cat_threshold=470417410 5030500 378113 2197815296 0 512 2113536 67108864 31469576 268959744 4243972 65792 538181892 2150630417 162 262144 2147484673 4 0 262208
is_linear=0
shrinkage=0.05


Tree=283
num_leaves=26
num_cat=7
split_feature=25 18 25 25 9 2 2 2 25 18 20 2 18 25 11 12 25 9 23 10 20 18 3 20 18
split_gain=4.00631 1.56838 0.870494 0.662325 0.669529 1.02839 0.585499 0.557362 0.514817 0.501948 0.757078 0.277444 0.243757 0.194413 0.873935 0.252961 1.29396 0.283393 1.0369 0.30564 0.23908 0.359655 0.257791 0.113624 0.110281
threshold=0 450.00000000000006 1 2 98.000000000000014 23.500000000000004 31.500000000000004 7.5000000000000009 3 44100.000000000007 158400.00000000003 67.000000000000014 4500.0000000000009 4 97652.000000000015 253592.00000000003 5 2.5000000000000004 6 16.500000000000004 10200.000000000002 6300.0000000000009 359200.00000000006 176400.00000000003 84600.000000000015
decision_type=9 2 9 9 2 2 2 2 9 2 2 2 2 9 2 2 9 2 9 2 2 2 2 2 2
left_child=6 7 -3 4 5 9 8 -2 24 12 -11 -8 -4 15 20 17 -17 18 -5 -19 22 -22 -15 -18 -1
right_child=1 2 3 13 -6 -7 11 -9 -10 10 -12 -13 -14 14 -16 16 23 19 -20 -21 21 -23 -24 -25 -26
leaf_value=-0.019226788587616284 -0.055899667721514404 9.2763858617836377 -0.75451035324603044 -0.26711190115261685 -1.2809640125103112 26.840120971882428 -0.029126768211438583 -0.015527672341157662 -2.8022764632906489 -15.064908336590452 -0.70061343907436824 -0.78586744817089349 0.68756929265096967 -4.4811949008170568 50.336606925088603 -3.1240029570308927 -0.00035762511609789273 0.026742099597322523 -1.2727003308420537 -0.20258744822690461 -0.19708982476508086 0.19385095927420368 0.0072743010378225397 -39.262195677317642 3.7523919533082521
leaf_weight=225 287 206 849 3303 368 298 476 270 303 310 1570 208 1615 277 253 365 2377 7855 490 6397 442 6791 754 414 203
leaf_count=225 287 206 849 3303 368 298 476 270 303 310 1570 208 1615 277 253 365 2377 7855 490 6397 442 6791 754 414 203
internal_value=-0.000222988 -0.000118442 -7.64267e-05 -9.6144e-05 -0.000627241 -0.000465117 -0.0028206 -0.00274598 -0.00184857 -0.000660379 -0.00127524 -0.00389213 -0.000190593 -6.39204e-06 0.000195215 -8.74476e-05 -0.000500318 -1.52392e-05 -0.000399211 8.69919e-05 0.000106459 4.8364e-06 0.000818005 -0.000126651 -0.000659092
internal_weight=36906 35491 34934 34728 5010 4642 1415 557 731 4344 1880 684 2464 29718 8517 21201 3156 18045 3793 14252 8264 7233 1031 2791 428
internal_count=36906 35491 34934 34728 5010 4642 1415 557 731 4344 1880 684 2464 29718 8517 21201 3156 18045 3793 14252 8264 7233 1031 2791 428
cat_boundaries=0 3 6 9 12 15 17 18
cat_threshold=470417410 4997732 378113 2197815296 0 512 2113536 75530240 31469576 201457664 786496 32769 538181892 2150630417 162 262144 2147484673 4
is_linear=0
shrinkage=0.05


Tree=284
num_leaves=27
num_cat=10
split_feature=25 18 25 25 2 2 25 20 20 25 25 2 11 3 25 18 2 2 20 25 0 2 25 25 18 20
split_gain=4.11558 1.58416 0.863122 0.606016 0.595541 0.557362 0.556974 0.340991 1.07226 0.62248 0.604618 0.479531 0.339715 0.305085 0.4286 0.300024 0.279907 0.244793 0.264383 0.456988 0.39998 0.357872 0.261721 0.135319 0.10194 0.0307761
threshold=0 450.00000000000006 1 2 25.500000000000004 7.5000000000000009 3 62400.000000000007 124800.00000000001 4 5 1.5000000000000002 117344.00000000001 122880.00000000001 6 9900.0000000000018 67.000000000000014 116.00000000000001 45000.000000000007 7 1.5000000000000002 1.5000000000000002 8 9 84600.000000000015 7800.0000000000009
decision_type=9 2 9 9 2 2 9 2 2 9 9 2 2 2 9 2 2 2 2 9 2 2 9 9 2 2
left_child=4 5 -3 7 6 -2 -1 10 -9 12 -4 -11 -10 14 -12 -15 -6 18 22 20 -20 -21 -5 -24 -8 -19
right_child=1 2 3 17 16 -7 24 8 9 11 13 -13 -14 15 -16 -17 -18 25 19 21 -22 -23 23 -25 -26 -27
leaf_value=-1.9660087135818771 -0.053104684335438718 8.8125665686937289 9.5148603004146217 -0.46235338867512898 -0.027670429800866717 -0.014751288724099788 -0.018265449158229786 -14.316662551404443 -12.417645530110258 -0.66558276712021325 -0.64570838706268907 -233.37651458028688 6.7026647002654514 -1.6688491605073326 2.5411167880489303 -8.7703903567830306 -0.74657407576243073 0.0069105859859313057 0.025404994617565537 10.648146054678364 -52.839647994088686 0.30754192418444293 -0.10325134662325582 0.034158411310494331 3.5647723556427815 0.24276482859780729
leaf_weight=312 287 206 225 392 482 270 234 410 3512 488 852 218 522 205 565 274 208 723 6951 567 497 2098 8232 7667 203 306
leaf_count=312 287 206 225 392 482 270 234 410 3512 488 852 218 522 205 565 274 208 723 6951 567 497 2098 8232 7667 203 306
internal_value=-0.00021215 -0.000105275 -6.30168e-05 -8.2672e-05 -0.00282219 -0.00274598 -0.00185752 -0.000488124 -0.000708464 -0.000495573 4.47468e-05 -0.00185237 -0.000252102 -0.000251574 0.000116278 -0.00134096 -0.00390174 2.49578e-05 -4.54561e-06 0.000196242 -5.36312e-06 0.000756443 -0.000129198 -9.71038e-05 -0.000634745 0.000780794
internal_weight=36906 35467 34910 34704 1439 557 749 7271 5150 4740 2121 706 4034 1896 1417 479 690 27433 26404 10113 7448 2665 16291 15899 437 1029
internal_count=36906 35467 34910 34704 1439 557 749 7271 5150 4740 2121 706 4034 1896 1417 479 690 27433 26404 10113 7448 2665 16291 15899 437 1029
cat_boundaries=0 3 6 9 12 15 18 21 24 26 28
cat_threshold=470417410 5030500 378113 2197815296 0 512 3162112 75497472 31469706 268959744 4243972 65792 1048576 67108864 2105482 1048576 0 16777216 0 0 2101248 132 1179921 100663328 262272 8200 536870976 2149581057
is_linear=0
shrinkage=0.05


Tree=285
num_leaves=29
num_cat=9
split_feature=25 18 25 20 25 18 10 20 2 25 25 3 18 11 25 3 25 25 20 3 24 9 20 20 12 18 27 20
split_gain=3.70903 1.77416 0.935842 0.736888 0.679182 0.723965 0.699079 0.95873 0.559429 0.44724 0.390224 0.344821 0.792008 0.2358 1.18897 0.453325 0.278605 0.257417 0.419725 0.427806 0.388151 2.73756 0.531142 0.253548 0.131742 0.121725 0.189584 0.0672473
threshold=0 450.00000000000006 1 7800.0000000000009 2 44100.000000000007 3.5000000000000004 158400.00000000003 7.5000000000000009 3 4 71168.000000000015 7800.0000000000009 156800.00000000003 5 161920.00000000003 6 7 403200.00000000006 1056768.0000000002 8 98.000000000000014 403200.00000000006 979200.00000000012 104448.00000000001 13500.000000000002 2.8617925509761908 6300.0000000000009
decision_type=9 2 9 2 9 2 2 2 2 9 9 2 2 2 9 2 9 9 2 2 9 2 2 2 2 2 8 2
left_child=3 8 -3 -1 5 9 7 -7 -2 -4 -9 27 -13 17 25 -16 -17 18 19 -6 21 -19 -22 -20 -5 -15 -27 -11
right_child=1 2 4 24 13 6 -8 10 -10 11 -12 12 -14 14 15 16 -18 20 23 -21 22 -23 -24 -25 -26 26 -28 -29
leaf_value=-0.087750722118162261 -0.05044945011866675 7.9049952117451596 2.3540622933272517 -0.026286908310823344 -0.002387657479630434 -13.595829792191218 -214.06769073716347 41.049942826200642 -0.014013724287894824 0.25387625250638451 -0.63230362876493018 -0.34760317927815443 -0.14147650638760753 -0.11517434411640864 -3.1142725160585543 -0.84964138329378336 -135.93328571917937 24.332981144680527 -8.8693760863089324 2.4686640866728027 0.034978514273336717 -2.0016472936506036 31.620768127040527 -35.246835940924534 -3.7768056952625049 -8.2249249448086914 2.0209434104913067 -0.092454355952600056
leaf_weight=219 324 367 682 442 22003 310 227 548 271 270 499 495 860 1624 281 468 216 252 304 331 3889 305 216 203 327 204 565 204
leaf_count=219 324 367 682 442 22003 310 227 548 271 270 499 495 860 1624 281 468 216 252 304 331 3889 305 216 203 327 204 565 204
internal_value=-0.000186411 -0.000102701 -5.70429e-05 -0.00319 -8.37921e-05 -0.000687851 -0.00152585 -0.00109272 -0.0028057 -0.000161163 -0.000367017 -0.000567627 -0.00097642 -3.40222e-06 -0.000398811 -0.00186796 -0.00258018 4.48997e-05 -2.42868e-05 8.05755e-06 0.000382968 0.00160808 0.000212532 -0.00144401 -0.00394942 0.000201662 0.000719843 0.000588234
internal_weight=36906 35918 35323 988 34956 4095 1584 1357 595 2511 1047 1829 1355 30861 3358 965 684 27503 22841 22334 4662 557 4105 507 769 2393 769 474
internal_count=36906 35918 35323 988 34956 4095 1584 1357 595 2511 1047 1829 1355 30861 3358 965 684 27503 22841 22334 4662 557 4105 507 769 2393 769 474
cat_boundaries=0 3 6 9 12 15 18 21 24 25
cat_threshold=470417410 4997152 328961 2197815296 4 2097664 2113536 33344 29421568 0 0 25165824 0 0 16818176 262148 2149580800 33554432 0 67110144 32 537919744 2687631377 100663434 112
is_linear=0
shrinkage=0.05


Tree=286
num_leaves=23
num_cat=6
split_feature=25 25 18 25 20 18 20 9 2 10 25 3 18 25 25 3 3 2 10 2 2 20
split_gain=3.75985 3.47093 1.56751 0.872021 0.839246 0.79934 0.661576 0.571809 0.553338 0.498448 0.391664 0.414779 0.737324 0.290884 0.234432 0.201119 0.394054 0.364578 0.225812 0.125478 0.0450224 0.0292519
threshold=0 1 450.00000000000006 2 6300.0000000000009 44100.000000000007 158400.00000000003 13.500000000000002 7.5000000000000009 29.500000000000004 3 71168.000000000015 7800.0000000000009 4 5 4257152.0000000009 1375360.0000000002 9.5000000000000018 0.41666666666666669 31.500000000000004 3.5000000000000004 84600.000000000015
decision_type=9 9 2 9 2 2 2 2 2 2 9 2 2 9 9 2 2 2 2 2 2 2
left_child=4 20 8 5 -1 10 -7 13 -3 -9 -4 -12 -13 -8 -5 16 18 -18 -16 -6 -2 -21
right_child=1 2 3 14 19 6 7 9 -10 -11 11 12 -14 -15 15 -17 17 -19 -20 21 -22 -23
leaf_value=-0.33424557403502564 2.7982263577541745e-05 -0.047926977612733436 2.2363591786609049 14.958639788087309 -4.9510684887296526 -12.916038302581729 -0.17316779273096472 -211.91430468634732 -0.013313038073500039 -0.30716006514703625 0.23618276055405546 -0.83303907902256469 -0.064402616695224429 -0.60068844732595617 4.3466499366962124 -8.0961066032622018 -4.7391630057051923 18.215358741328078 -0.0022682746057398617 -0.024972562895282203 9.8288755859757657 -0.34859696134517437
leaf_weight=250 200 287 682 225 244 310 1017 313 271 316 455 493 833 340 281 204 217 291 28926 274 200 277
leaf_count=250 200 287 682 225 244 310 1017 313 271 316 455 493 833 340 281 204 217 291 28926 274 200 277
internal_value=-0.000159316 -7.26185e-05 -0.00012559 -8.35136e-05 -0.00309839 -0.000711592 -0.00138381 -0.00104628 -0.00275 -0.00229002 -8.72223e-05 -0.000476856 -0.000926206 -0.000467257 1.5916e-05 3.50688e-06 1.43004e-05 0.00139216 -9.75846e-06 -0.00392095 0.00449029 -0.00434901
internal_weight=36906 35861 35461 34903 1045 4759 2296 1986 558 629 2463 1781 1326 1357 30144 29919 29715 508 29207 795 400 551
internal_count=36906 35861 35461 34903 1045 4759 2296 1986 558 629 2463 1781 1326 1357 30144 29919 29715 508 29207 795 400 551
cat_boundaries=0 3 6 9 12 15 18
cat_threshold=470417410 4997156 328961 16777216 64 32768 2117632 67141632 29388800 0 0 25165824 0 67108864 16785408 2181038080 8388608 512
is_linear=0
shrinkage=0.05


Tree=287
num_leaves=24
num_cat=6
split_feature=25 25 18 25 20 18 20 2 9 2 25 3 18 25 20 3 25 20 18 2 2 3 20
split_gain=3.75638 3.47304 1.56583 0.845551 0.839246 0.595061 0.742253 0.553338 0.521864 0.733777 0.440644 0.325183 0.598942 0.289182 0.257649 0.467159 0.391982 0.213581 0.152115 0.125478 0.0450224 0.0446968 0.0292519
threshold=0 1 450.00000000000006 2 6300.0000000000009 44100.000000000007 158400.00000000003 7.5000000000000009 98.000000000000014 23.500000000000004 3 71168.000000000015 7800.0000000000009 4 345300.00000000006 1056768.0000000002 5 489600.00000000006 11700.000000000002 31.500000000000004 3.5000000000000004 50600.000000000007 84600.000000000015
decision_type=9 9 2 9 2 2 2 2 2 2 9 2 2 9 2 2 9 2 2 2 2 2 2
left_child=4 20 7 5 -1 10 -7 -3 9 -8 -4 21 -13 -5 15 18 17 -16 -15 -6 -2 -12 -21
right_child=1 2 3 13 19 6 8 -9 -10 -11 11 12 -14 14 16 -17 -18 -19 -20 22 -22 -23 -24
leaf_value=-0.31753329533328234 2.6583150406622737e-05 -0.045530628732096727 2.1245412197278712 10.109531534769076 -4.7035150642943337 -12.270236387452314 -0.76450334726250735 -0.012647386169825038 -0.99180131087050549 23.551690119314301 -0.022857267425502328 -0.7913871250714366 -0.5393502145265302 -0.044140252639481764 -14.871343691155966 5.2798949300759421 14.542100801311609 -7.7211019518303772 0.024367541490937585 -0.023723934750518084 9.337431806676614 0.22437362252635185 -0.33116711327820669
leaf_weight=250 200 287 682 330 244 310 1570 271 302 244 247 531 907 12735 234 359 253 500 15441 274 200 258 277
leaf_count=250 200 287 682 330 244 310 1570 271 302 244 247 531 907 12735 234 359 253 500 15441 274 200 258 277
internal_value=-0.000160671 -7.40123e-05 -0.000126999 -8.4946e-05 -0.00309839 -0.000682403 -0.00124794 -0.00275 -0.000911238 -0.000589208 -0.000161783 -0.000544758 -0.000930557 1.64065e-05 -3.39784e-07 2.71565e-05 -0.000793732 -0.00136729 4.25745e-06 -0.00392095 0.00449029 0.000542405 -0.00434901
internal_weight=36906 35861 35461 34903 1045 5051 2426 558 2116 1814 2625 1943 1438 29852 29522 28535 987 734 28176 795 400 505 551
internal_count=36906 35861 35461 34903 1045 5051 2426 558 2116 1814 2625 1943 1438 29852 29522 28535 987 734 28176 795 400 505 551
cat_boundaries=0 3 6 9 12 15 18
cat_threshold=470417410 4997156 328961 16777216 64 32768 2117632 67109120 31485960 0 0 25165824 2181040128 25206784 512 1048576 2147614728 33554432
is_linear=0
shrinkage=0.05


Tree=288
num_leaves=24
num_cat=6
split_feature=25 25 18 20 25 18 20 2 9 2 25 3 18 25 20 3 20 25 18 20 2 3 10
split_gain=3.88652 3.46167 1.57489 0.874423 0.805111 0.554875 0.76943 0.553338 0.459988 0.71799 0.437084 0.324481 0.645825 0.287177 0.199049 0.466247 0.36388 0.36975 0.152545 0.12544 0.0450224 0.0446968 0.00375265
threshold=0 1 450.00000000000006 6300.0000000000009 2 44100.000000000007 158400.00000000003 7.5000000000000009 98.000000000000014 23.500000000000004 3 71168.000000000015 7800.0000000000009 4 345300.00000000006 1056768.0000000002 489600.00000000006 5 11700.000000000002 345300.00000000006 3.5000000000000004 50600.000000000007 25.500000000000004
decision_type=9 9 2 2 9 2 2 2 2 2 9 2 2 9 2 2 2 9 2 2 2 2 2
left_child=3 20 7 -1 5 10 -7 -3 9 -8 -4 21 -13 -6 15 18 -16 -18 -15 22 -2 -12 -5
right_child=1 2 4 19 13 6 8 -9 -10 -11 11 12 -14 14 16 -17 17 -19 -20 -21 -22 -23 -24
leaf_value=-0.28940196164667892 2.5253992885154733e-05 -0.043254097295491879 2.0183141587414868 -0.022537738012992217 12.318083866093907 -11.656724568079518 -0.72627817989996402 -0.012015016861333817 -0.94221124532632539 22.374105613348366 -0.021714404054255648 -0.75181776881786466 -0.45238268949506166 -0.041933240007507783 -14.257776752169304 5.0159001835721471 -7.4100473489574092 31.690545173339316 0.023149164416099668 -4.3233384420425862 8.8705602163434385 0.21315494140003466 -0.3963250166473295
leaf_weight=247 200 287 682 324 330 310 1570 271 302 244 247 511 903 12741 337 359 416 234 15445 211 200 258 277
leaf_count=247 200 287 682 324 330 310 1570 271 302 244 247 511 903 12741 337 359 416 234 15445 211 200 258 277
internal_value=-0.000155252 -6.65117e-05 -0.000119435 -0.00312325 -7.72417e-05 -0.000661839 -0.00120676 -0.00275 -0.000864024 -0.000561675 -0.000155591 -0.000541172 -0.000932205 2.14221e-05 4.7375e-06 2.88985e-05 -0.00069262 -1.18844e-09 6.02974e-06 -0.00394349 0.00449029 0.000542405 -0.00432007
internal_weight=36906 35847 35447 1059 34889 5027 2426 558 2116 1814 2601 1919 1414 29862 29532 28545 987 650 28186 812 400 505 601
internal_count=36906 35847 35447 1059 34889 5027 2426 558 2116 1814 2601 1919 1414 29862 29532 28545 987 650 28186 812 400 505 601
cat_boundaries=0 3 6 9 12 15 18
cat_threshold=470417410 835620 328961 16777216 64 32768 2113536 67109120 31485960 0 0 25165824 2181044224 25174016 512 1048576 131072 33554432
is_linear=0
shrinkage=0.05


Tree=289
num_leaves=28
num_cat=8
split_feature=25 25 18 25 2 20 25 25 3 18 9 10 20 25 11 18 11 25 20 20 20 25 18 20 3 2 2
split_gain=3.97504 3.4785 1.56152 0.817822 0.553338 0.552154 1.1209 0.538001 0.397439 0.581896 0.352228 0.668417 0.274915 0.269609 0.789502 1.31458 0.786695 0.906082 0.697401 0.293867 0.251762 0.179292 0.171657 0.163918 0.0645586 0.0450224 0.0246174
threshold=0 1 450.00000000000006 2 7.5000000000000009 54000.000000000007 3 4 71168.000000000015 7800.0000000000009 98.000000000000014 17.500000000000004 7800.0000000000009 5 96500.000000000015 34200.000000000007 91080.000000000015 6 68400.000000000015 345300.00000000006 489600.00000000006 7 2400.0000000000005 158400.00000000003 50600.000000000007 3.5000000000000004 400.00000000000006
decision_type=9 9 2 9 2 2 9 9 2 2 2 2 2 9 2 2 2 9 2 2 2 9 2 2 2 2 2
left_child=12 25 4 5 -3 7 -7 -4 24 -10 11 -8 -1 19 16 -16 17 -15 -18 21 -21 -5 -23 -14 -9 -2 -22
right_child=1 2 3 13 -6 6 10 8 9 -11 -12 -13 23 14 15 -17 18 -19 -20 20 26 22 -24 -25 -26 -27 -28
leaf_value=-0.60026717607745472 2.3991293232938915e-05 -0.041091392430717293 1.6173984508044215 4.1269416045660368 -0.011414266018267139 -10.72888797131891 -6.6405123410388143 -0.14241227486309072 -0.71422688037697135 2.4109688636835496 -0.89010106333735173 21.210400357714391 -0.021410851112342578 0.011101527923252519 47.783244560396632 -9.6182759604656898 -1.2930035594679794 10.123942048577739 8.0132905702857755 -54.074708881772018 -46.964881444095681 -0.065226512869770659 -0.0045306961706955921 -4.0571715199417673 0.20249719433003294 8.4270322055264852 -0.67349621918201596
leaf_weight=222 200 287 743 308 271 291 2339 227 484 274 320 237 497 7101 244 290 256 354 220 235 202 980 19427 218 258 200 221
leaf_count=222 200 287 743 308 271 291 2339 227 484 274 320 237 497 7101 244 290 256 354 220 235 202 980 19427 218 258 200 221
internal_value=-0.000162026 -7.76811e-05 -0.000130548 -8.86825e-05 -0.00275 -0.000668275 -0.00107714 -1.50917e-05 -0.000649404 -0.00136842 -0.000766851 -0.00057409 -0.00335617 1.20591e-05 0.000250677 0.00210821 0.000125424 0.00025144 -0.00184101 -8.25357e-05 -0.00112121 -4.94775e-05 -6.78302e-05 -0.00387029 0.000462011 0.00449029 -0.000388236
internal_weight=36906 35969 35569 35011 558 5173 3187 1986 1243 758 2896 2576 937 29838 8465 534 7931 7455 476 21373 658 20715 20407 715 485 400 423
internal_count=36906 35969 35569 35011 558 5173 3187 1986 1243 758 2896 2576 937 29838 8465 534 7931 7455 476 21373 658 20715 20407 715 485 400 423
cat_boundaries=0 3 6 9 12 15 18 21 23
cat_threshold=470421506 835620 328960 16777216 64 32768 2113536 67109120 31485961 0 0 8388609 0 0 25165825 537919748 2150761497 67108994 2147483840 536870912 34603008 0 131080
is_linear=0
shrinkage=0.05


Tree=290
num_leaves=26
num_cat=6
split_feature=25 25 18 20 25 2 11 20 25 18 25 10 18 9 10 11 20 20 25 18 20 0 2 3 8
split_gain=4.14786 3.42181 1.59918 0.696879 0.590789 0.557362 0.313319 0.510176 0.44425 0.342579 0.304959 0.256585 0.24897 0.54363 0.494784 0.241819 0.21981 0.510968 0.49882 0.157893 0.12439 0.11034 0.0450224 0.00452216 0.00326035
threshold=0 1 450.00000000000006 6300.0000000000009 2 7.5000000000000009 52224.000000000007 242400.00000000003 3 39600.000000000007 4 37.000000000000007 1950.0000000000002 3.5000000000000004 26.500000000000004 80960.000000000015 62400.000000000007 124800.00000000001 5 172650.00000000003 345300.00000000006 3.5000000000000004 3.5000000000000004 93184.000000000015 2.5000000000000004
decision_type=9 9 2 2 9 2 2 2 9 2 9 2 2 2 2 2 2 2 9 2 2 2 2 2 2
left_child=3 22 5 -1 6 -3 7 21 9 23 15 12 13 -12 -14 -6 18 -18 -10 -11 24 -4 -2 -8 -5
right_child=1 2 4 20 10 -7 8 -9 16 19 11 -13 14 -15 -16 -17 17 -19 -20 -21 -22 -23 -24 -25 -26
leaf_value=-0.32726572510278185 2.279172856560763e-05 -0.039036822809181443 1.1973710006615819 -0.98809354749150669 0.009071485651656986 -0.010843552717353778 -0.67851553635812289 -44.465673781308766 7.9940659453237446 1.4396892749507062 -8.0321513328686187 22.139503689860433 -5.2831746870651841e-06 0.015301043752181456 -21.519265355571505 41.321782424152467 -34.30561911421163 -0.90059562989335973 -0.51069948628935158 -0.5838128919771407 -3.9043129439436601 0.084708903932096291 8.0056805952495775 -0.80335307751083751 -0.020340308556725441
leaf_weight=260 200 287 374 324 221 270 315 359 222 235 206 353 25132 1604 266 218 231 4035 449 256 211 205 200 200 273
leaf_count=260 200 287 374 324 221 270 315 359 222 235 206 353 25132 1604 266 218 231 4035 449 256 211 205 200 200 273
internal_value=-0.000132222 -4.01686e-05 -9.2808e-05 -0.00318519 -5.03122e-05 -0.00274598 -0.000464966 0.000382978 -0.000599665 -0.00155206 5.17623e-05 3.06447e-05 1.32292e-05 0.000579469 -2.71665e-05 0.00134146 -0.000401092 -0.000534209 0.000438335 -0.000618662 -0.00393827 0.00129948 0.00449029 -0.00246615 -0.00431553
internal_weight=36906 35838 35438 1068 34881 557 6881 938 5943 1006 28000 27561 27208 1810 25398 439 4937 4266 671 491 808 579 400 515 597
internal_count=36906 35838 35438 1068 34881 557 6881 938 5943 1006 28000 27561 27208 1810 25398 439 4937 4266 671 491 808 579 400 515 597
cat_boundaries=0 3 6 9 12 15 18
cat_threshold=470417410 5029924 83201 16777216 64 32768 3428356 67109120 20983978 2359296 0 4128 2181040128 25165824 2359808 1048576 0 16777216
is_linear=0
shrinkage=0.05


Tree=291
num_leaves=24
num_cat=8
split_feature=25 25 18 20 25 2 11 0 20 20 25 25 24 18 27 20 25 27 20 18 23 2 10
split_gain=4.13061 3.43635 1.59519 0.754721 0.618675 0.553338 0.316583 0.507863 0.469522 0.688244 0.509666 0.292635 0.252071 0.337354 0.306104 0.284713 0.2841 0.150718 0.127001 0.122742 0.0955432 0.0450224 0.00272029
threshold=0 1 450.00000000000006 6300.0000000000009 2 7.5000000000000009 52224.000000000007 1.5000000000000002 42000.000000000007 62400.000000000007 3 4 5 1950.0000000000002 3.1984648276080736 14280.000000000002 6 4.2835627800822236 345300.00000000006 75600.000000000015 7 3.5000000000000004 25.500000000000004
decision_type=9 9 2 2 9 2 2 2 2 2 9 9 9 2 10 2 9 8 2 2 9 2 2
left_child=3 21 5 -1 6 -3 7 -4 10 -10 -8 -11 -6 15 16 17 -15 -14 22 -9 -12 -2 -5
right_child=1 2 4 18 12 -7 8 19 9 11 20 -13 13 14 -16 -17 -18 -19 -20 -21 -22 -23 -24
leaf_value=-0.28840155776585041 2.1652142140737852e-05 -0.037084981668722337 1.152502382679208 -0.019323293128889141 -8.5816063549089563 -0.010301375081486076 -0.64458975954021691 0.075473409859682761 18.495110529513521 -276.43457340575924 0.70503555068182466 -0.78057117109419782 0.031060827266493375 -0.0043038972034992184 -1.1299408751995983 -0.041156706590904694 1.5365287924229507 0.040142950378174197 -3.7090972967474958 -45.092308243145091 -1.2901648111902007 7.6053965654864442 -2.0468198324462037
leaf_weight=251 200 287 393 330 213 271 497 246 244 229 247 4466 444 22321 234 202 3448 1108 211 353 234 200 277
leaf_count=251 200 287 393 330 213 271 497 246 244 229 247 4466 444 22321 234 202 3448 1108 211 353 234 200 277
internal_value=-0.000141705 -4.97934e-05 -0.000102543 -0.00318687 -6.00625e-05 -0.00275 -0.000483313 0.000342051 -0.000622573 -0.000424004 -0.00162245 -0.000558869 4.46704e-05 5.81572e-05 1.28809e-05 0.000728928 2.92953e-05 0.000958815 -0.00395122 -0.000574044 -0.000415823 0.00449029 -0.00432677
internal_weight=36906 35837 35437 1069 34879 558 6909 992 5917 4939 978 4695 27970 27757 26003 1754 25769 1552 818 599 481 400 607
internal_count=36906 35837 35437 1069 34879 558 6909 992 5917 4939 978 4695 27970 27757 26003 1754 25769 1552 818 599 481 400 607
cat_boundaries=0 3 6 9 12 15 16 19 20
cat_threshold=470417410 5029924 328961 16777216 64 32768 3428352 75497728 21000362 262144 67108864 4104 0 0 16781344 2 536871172 540149265 100663296 4
is_linear=0
shrinkage=0.05


Tree=292
num_leaves=29
num_cat=6
split_feature=25 25 18 20 25 2 11 18 18 11 18 12 9 2 18 25 25 25 8 27 18 27 3 20 20 20 2 10
split_gain=3.93398 3.48078 1.55968 0.853993 0.754135 0.553338 0.278226 0.323947 0.854453 0.593151 0.543157 0.444331 0.441375 0.242891 0.270679 1.02418 0.367489 0.722876 0.353069 0.21305 0.21296 0.189958 0.165499 0.146006 0.127001 0.0937825 0.0450224 0.00272029
threshold=0 1 450.00000000000006 6300.0000000000009 2 7.5000000000000009 142336.00000000003 75600.000000000015 111600.00000000001 768.00000000000011 6300.0000000000009 84480.000000000015 98.000000000000014 116.00000000000001 9900.0000000000018 3 4 5 1.6666666666666667 3.0201273556387074 172650.00000000003 1.8688348091416842 71168.000000000015 27000.000000000004 345300.00000000006 7800.0000000000009 3.5000000000000004 25.500000000000004
decision_type=9 9 2 2 9 2 2 2 2 2 2 2 2 2 2 9 9 9 2 8 2 8 2 2 2 2 2 2
left_child=3 26 5 -1 6 -3 7 10 9 -9 22 -12 -10 14 15 -6 18 -18 -16 -8 23 -17 -4 -21 27 -15 -2 -5
right_child=1 2 4 24 13 -7 19 8 12 -11 11 -13 -14 25 16 21 17 -19 -20 20 -22 -23 -24 -25 -26 -27 -28 -29
leaf_value=-0.27398147987755855 2.0569535035974698e-05 -0.035230732585286265 -0.025121334553506361 -0.01835712847244473 -52.943466522363465 -0.0097863063274117763 1.5679183857575056 -49.692419737306047 -0.088883345294743787 -10.739270325188409 10.782951237375711 1.4597023528017872 -2.0709431812487309 0.0077742518205717211 0.0224337000225205 1.1156141295651911 0.3804589169883798 81.458912767516182 -176.71654227588729 -1.3806557373577566 -0.036496725499455353 -0.11696536986077107 -0.61236027156320605 -5.0721751432750812 -3.5236424319096842 0.26090085455727491 7.225126737212122 -1.9444788408238993
leaf_weight=251 200 287 461 330 281 271 220 200 2544 485 208 1786 537 722 11516 211 2042 222 427 319 381 11010 723 353 211 231 200 277
leaf_count=251 200 287 461 330 281 271 220 200 2544 485 208 1786 537 722 11516 211 2042 222 427 319 381 11010 723 353 211 231 200 277
internal_value=-0.000168799 -7.90829e-05 -0.000132163 -0.00314061 -9.01649e-05 -0.00275 -0.000508568 -0.000384395 -0.000697984 -0.00229258 -1.25798e-05 0.000490981 -0.0003422 3.89881e-05 9.91674e-06 -0.000170377 0.000155886 0.000738136 4.475e-05 -0.00118824 -0.00148341 -9.39209e-05 -0.000860035 -0.00201781 -0.00395122 0.000821988 0.00449029 -0.00432677
internal_weight=36906 35837 35437 1069 34879 558 8217 6944 3766 685 3178 1994 3081 26662 25709 11502 14207 2264 11943 1273 1053 11221 1184 672 818 953 400 607
internal_count=36906 35837 35437 1069 34879 558 8217 6944 3766 685 3178 1994 3081 26662 25709 11502 14207 2264 11943 1273 1053 11221 1184 672 818 953 400 607
cat_boundaries=0 3 6 9 12 15 18
cat_threshold=470417410 5029924 328961 16777216 64 32768 3428352 2222981376 29388970 128 9 2097664 132 540018193 100663296 536870976 131080 3145728
is_linear=0
shrinkage=0.05


Tree=293
num_leaves=26
num_cat=7
split_feature=25 25 18 20 25 2 11 27 18 18 3 9 25 24 18 25 11 25 20 11 20 3 20 2 10
split_gain=3.84434 3.46382 1.57317 0.823028 0.694559 0.553338 0.372084 0.300432 0.298529 0.752761 0.528078 0.441984 0.413354 0.324834 0.227804 0.206942 0.959158 0.315982 0.247897 0.222189 0.17491 0.143125 0.0949003 0.0450224 0.00272029
threshold=0 1 450.00000000000006 6300.0000000000009 2 7.5000000000000009 168960.00000000003 3.8606743063089755 75600.000000000015 111600.00000000001 15872.000000000002 98.000000000000014 3 4 172650.00000000003 5 97652.000000000015 6 62400.000000000007 359200.00000000006 345300.00000000006 253592.00000000003 27000.000000000004 3.5000000000000004 25.500000000000004
decision_type=9 9 2 2 9 2 2 10 2 2 2 2 9 9 2 9 2 9 2 2 2 2 2 2 2
left_child=3 23 5 -1 6 -3 8 15 12 10 -10 -11 -4 -14 22 18 17 -17 21 -20 24 -6 -8 -2 -5
right_child=1 2 4 20 7 -7 14 -9 9 11 -12 -13 13 -15 -16 16 -18 -19 19 -21 -22 -23 -24 -25 -26
leaf_value=-0.26028240588368184 1.9541058281902225e-05 -0.033469195956021915 1.8217164567250166 -0.017439272048822476 -0.0052103873444139031 -0.0092969910110412002 -1.3116229504898689 0.043984071352304005 -59.867324693243063 -0.079439164916402669 -10.122306777934865 -1.967396022185858 0.71617129074211716 -0.55204396833332803 -0.03467188922513742 0.0073855392295428153 61.126807782416805 16.693033136361557 0.021312015021248954 9.8117642029494174 -3.3474603103153644 -0.72871069140767597 -98.117922753234609 6.86387040035188 -1.847254898782694
leaf_weight=251 200 287 654 330 8469 271 286 363 203 2533 459 537 1022 1471 379 7716 330 313 7622 258 211 2027 237 200 277
leaf_count=251 200 287 654 330 8469 271 286 363 203 2533 459 537 1022 1471 379 7716 330 313 7622 258 211 2027 237 200 277
internal_value=-0.000156607 -6.7925e-05 -0.000120879 -0.00309436 -7.86973e-05 -0.00275 -0.000494676 4.09431e-05 -0.00036986 -0.000672203 -0.0021988 -0.000341798 -1.11158e-05 -0.00030539 -0.00144912 2.15046e-05 0.00022757 0.000118913 -7.2331e-05 0.000139557 -0.00389025 -0.000231474 -0.00212381 0.00449029 -0.00432677
internal_weight=36906 35837 35437 1069 34879 558 7781 27098 6879 3732 662 3070 3147 2493 902 26735 8359 8029 18376 7880 818 10496 523 400 607
internal_count=36906 35837 35437 1069 34879 558 7781 27098 6879 3732 662 3070 3147 2493 902 26735 8359 8029 18376 7880 818 10496 523 400 607
cat_boundaries=0 3 6 9 12 13 16 19
cat_threshold=470417410 5029924 328961 16777216 64 32768 3428352 75497728 29388970 0 0 25165824 16 536871172 2150761489 69206016 2147483840 536870920 33554432
is_linear=0
shrinkage=0.05


Tree=294
num_leaves=23
num_cat=6
split_feature=25 25 18 20 2 25 2 18 20 25 2 9 25 11 18 27 25 20 2 20 2 11
split_gain=5.76442 2.99847 1.57993 0.743353 0.608947 0.606577 0.553338 0.313622 1.37058 0.454682 0.48919 0.465286 0.302071 0.459869 0.662988 0.24653 0.221269 0.213759 0.170578 0.263641 0.0766607 0.053799
threshold=0 1 450.00000000000006 6300.0000000000009 31.500000000000004 2 7.5000000000000009 75600.000000000015 135000.00000000003 3 15.500000000000002 98.000000000000014 4 66901.333333333358 39600.000000000007 3.8606743063089755 5 345300.00000000006 116.00000000000001 45000.000000000007 194.00000000000003 49576.000000000007
decision_type=9 9 2 2 2 9 2 2 2 9 2 2 9 2 2 10 9 2 2 2 2 2
left_child=4 3 6 -2 -1 7 -3 12 -9 11 -11 -10 -4 21 -15 16 -7 -5 19 -18 -20 -14
right_child=1 2 5 17 -6 15 -8 8 9 10 -12 -13 13 14 -16 -17 18 -19 20 -21 -22 -23
leaf_value=1.8564005358712166e-05 -0.23856701878639691 -0.031795736158220844 1.5956314123254289 -0.016567308446381369 4.5434909959250946 21.895932373512302 -0.0088321414604891398 -9.5761908930595379 0.23453581170906546 -0.032938294764608148 -194.9610473315303 -0.81297885910898915 0.59540764782796796 -0.55414005956837931 1.8412087829665802 0.04178486778469051 -0.071631467663681309 -3.1800872947991596 0.0070162622680655321 0.020246414270513925 -0.002513190950700306 0.50373467753526313
leaf_weight=242 249 287 705 514 253 279 271 321 2558 500 253 574 275 1382 857 363 15700 211 755 9878 208 271
leaf_count=242 249 287 705 514 253 279 271 321 2558 500 253 574 275 1382 857 363 15700 211 755 9878 208 271
internal_value=-0.00011732 -0.000190952 -0.000115237 -0.00291075 0.00517751 -7.29635e-05 -0.00275 -0.000464454 -0.000755705 -0.000495242 -0.00158824 -0.000225828 -0.000114549 -0.000348589 -0.000667114 3.80573e-05 2.05044e-05 -0.00374828 5.45959e-06 -1.91568e-05 0.00065803 0.000948904
internal_weight=36906 36411 35437 974 495 34879 558 7696 4206 3885 753 3132 3490 2785 2239 27183 26820 725 26541 25578 963 546
internal_count=36906 36411 35437 974 495 34879 558 7696 4206 3885 753 3132 3490 2785 2239 27183 26820 725 26541 25578 963 546
cat_boundaries=0 3 6 9 12 15 18
cat_threshold=16777218 64 32768 470417408 5029924 328961 3428352 67109120 29388970 262144 67108864 8362 0 0 25165824 2181040128 25165824 512
is_linear=0
shrinkage=0.05


Tree=295
num_leaves=23
num_cat=6
split_feature=25 25 18 25 2 12 27 3 25 20 20 20 18 25 3 25 20 2 18 3 2 2
split_gain=3.64053 3.45818 1.57769 0.702573 0.553338 0.367236 0.243727 0.239081 0.833404 0.683038 0.494385 1.05941 0.492252 0.351712 0.231134 0.218868 0.173874 0.166661 0.257672 0.0826174 0.0766607 0.0450224
threshold=0 1 450.00000000000006 2 7.5000000000000009 104448.00000000001 3.8606743063089755 71168.000000000015 3 242400.00000000003 62400.000000000007 124800.00000000001 39600.000000000007 4 93184.000000000015 5 18600.000000000004 116.00000000000001 9900.0000000000018 45480.000000000007 194.00000000000003 3.5000000000000004
decision_type=9 9 2 9 2 2 10 2 9 2 2 2 2 9 2 9 2 2 2 2 2 2
left_child=5 21 4 7 -3 16 15 9 12 19 13 -12 14 -10 -9 -5 -1 18 -17 -4 -19 -2
right_child=1 2 3 6 -6 -7 -8 8 10 -11 11 -13 -14 -15 -16 17 -18 20 -20 -21 -22 -23
leaf_value=-0.85082915824228289 1.7635805079407874e-05 -0.03020594935030978 1.1295572492861146 20.801135754836693 -0.0083905343874646661 -2.2961461792740012 0.039695624395460531 -0.5264330565899602 7.9360497066932325 -47.667650077775946 -8.9973813484066341 -0.43053034459153428 -0.33565655959619112 0.25289681558581478 -1.2936321606552157 -0.35869116827390146 -0.015738943024062379 0.0066654491546621845 0.019234093557315646 0.46688261060815872 -0.0023875314031656103 6.2935023305384679
leaf_weight=211 200 287 302 279 271 346 363 315 225 347 350 4407 240 1072 260 11168 366 755 14410 324 208 200
leaf_count=211 200 287 302 279 271 346 363 315 225 347 350 4407 240 1072 260 11168 366 755 14410 324 208 200
internal_value=-0.000144414 -6.43157e-05 -0.000117012 -7.49434e-05 -0.00275 -0.0032246 4.54116e-05 -0.000491471 -0.000595984 0.000241024 -0.000390703 -0.000627234 -0.00208585 0.00047344 -0.00290295 2.79609e-05 -0.00403282 1.29917e-05 -1.13382e-05 0.00122611 0.00065803 0.00449029
internal_weight=36906 35983 35583 35025 558 923 27183 7842 6869 973 6054 4757 815 1297 575 26820 577 26541 25578 626 963 400
internal_count=36906 35983 35583 35025 558 923 27183 7842 6869 973 6054 4757 815 1297 575 26820 577 26541 25578 626 963 400
cat_boundaries=0 3 6 9 12 15 18
cat_threshold=470417410 5029924 328960 16777216 64 32768 3428352 67109120 29388971 262144 0 4097 1048576 0 16777216 2181040128 25165824 512
is_linear=0
shrinkage=0.05


Tree=296
num_leaves=29
num_cat=8
split_feature=25 25 18 25 2 18 20 25 2 9 25 3 3 18 18 12 25 11 10 18 3 20 25 25 10 3 20 2
split_gain=3.61814 3.47295 1.56593 0.778524 0.553338 0.451512 0.964864 0.433824 0.58038 0.474016 0.415124 0.748779 0.452849 0.415081 0.378504 0.367236 0.239571 0.784352 0.272795 0.340614 0.211097 0.203565 0.399322 0.286501 0.272235 0.190448 0.173874 0.0450224
threshold=0 1 450.00000000000006 2 7.5000000000000009 68400.000000000015 158400.00000000003 3 15.500000000000002 98.000000000000014 4 71168.000000000015 161920.00000000003 3570.0000000000005 3570.0000000000005 104448.00000000001 5 97652.000000000015 0.41666666666666669 3570.0000000000005 50600.000000000007 62400.000000000007 6 7 5.666666666666667 253592.00000000003 18600.000000000004 3.5000000000000004
decision_type=9 9 2 9 2 2 2 9 2 2 9 2 2 2 2 2 9 2 2 2 2 2 9 9 2 2 2 2
left_child=15 27 4 5 -3 10 -7 9 -9 -8 12 20 -4 -14 -13 26 21 18 -18 -20 -12 22 -5 -23 -25 -24 -1 -2
right_child=1 2 3 16 -6 6 7 8 -10 -11 11 14 13 -15 -16 -17 17 -19 19 -21 -22 23 25 24 -26 -27 -28 -29
leaf_value=-0.80828770033016895 1.6754014814068797e-05 -0.028695651882794326 1.6532050009298929 -0.68395024387045855 -0.0079710076680914455 -8.6475122809861205 0.49432850500597852 -0.0097648627968737866 -183.04961155984279 -0.70080339892301713 -0.54069193430866569 -0.45011140376046233 -1.1059803739033776 0.28702993339808308 -2.6365709295178434 -2.1813388703103556 10.266624922966919 45.349918026284882 0.0063321766969288264 -0.089970246532330836 0.31631511081775443 1.3854098843157425 -0.0023299992717511486 -1.066197920038394 0.018272388879267965 -0.66575901192739195 -0.014951995872859315 5.9788272140111083
leaf_weight=211 200 287 551 227 271 295 1181 500 279 302 239 231 206 1335 536 346 388 350 1029 6677 297 241 8805 2364 6976 2016 366 200
leaf_count=211 200 287 551 227 271 295 1181 500 279 302 239 231 206 1335 536 346 388 350 1029 6677 297 241 8805 2364 6976 2016 366 200
internal_value=-0.000153897 -7.40393e-05 -0.000126845 -8.49357e-05 -0.00275 -0.0006053 -0.00110786 -0.000755302 -0.00170038 -0.000244148 -0.000228144 -0.000923956 0.000209124 -0.000230072 -0.00193108 -0.0032246 2.18314e-05 0.000245978 0.00014575 8.04347e-05 0.000501858 -7.00075e-05 -0.000216291 9.86109e-05 5.34633e-05 -0.000171237 -0.00403282 0.00449029
internal_weight=36906 35983 35583 35025 558 5952 2557 2262 779 1483 3395 1303 2092 1541 767 923 29073 8444 8094 7706 536 20629 11048 9581 9340 10821 577 400
internal_count=36906 35983 35583 35025 558 5952 2557 2262 779 1483 3395 1303 2092 1541 767 923 29073 8444 8094 7706 536 20629 11048 9581 9340 10821 577 400
cat_boundaries=0 3 6 9 12 15 18 21 24
cat_threshold=470417410 5029924 328960 16777216 64 32768 3166208 67109120 29388841 0 67108864 8232 1048576 0 25174016 537133316 2150761489 69206146 262144 0 2097152 262144 0 2097152
is_linear=0
shrinkage=0.05


Tree=297
num_leaves=22
num_cat=6
split_feature=25 25 18 20 25 2 12 11 11 25 18 25 18 18 25 10 2 10 2 2 3
split_gain=3.60261 3.35464 1.56473 0.733561 0.707441 0.553338 0.294092 0.216877 0.326318 0.310735 0.28551 0.663056 0.488867 0.20043 0.196454 0.16239 0.177942 0.962876 0.0707112 0.0450224 0.00116311
threshold=0 1 450.00000000000006 6300.0000000000009 2 7.5000000000000009 323840.00000000006 142336.00000000003 117344.00000000001 3 75600.000000000015 4 6300.0000000000009 172650.00000000003 5 37.000000000000007 116.00000000000001 26.500000000000004 194.00000000000003 3.5000000000000004 84480.000000000015
decision_type=9 9 2 2 9 2 2 2 2 9 2 9 2 2 9 2 2 2 2 2 2
left_child=19 3 5 -2 7 -3 20 8 10 13 12 -12 -4 -9 -6 16 17 -16 -18 -1 -5
right_child=1 2 4 6 14 -7 -8 9 -10 -11 11 -13 -14 -15 15 -17 18 -19 -20 -21 -22
leaf_value=1.5916314077912832e-05 -0.10887771720937851 -0.027260869288654635 -0.47760583357243935 -0.014204396079216331 67.623370424754057 -0.0075724572846868734 -2.4172722355469887 -1.1756806220710778 20.287438121087327 -0.15927661965688458 -21.394531094168876 -8.2151366669364503 1.2466337992134378 0.084236771022551699 0.010696596907195891 19.408786987734086 0.0060155678620823494 -28.953985315353659 -0.0025847636678534517 5.6798858533104069 -61.164588549829197
leaf_weight=200 251 287 1124 278 221 271 260 391 233 251 2435 1072 1960 333 25293 362 754 244 206 200 280
leaf_count=200 251 287 1124 278 221 271 260 391 233 251 2435 1072 1960 333 25293 362 754 244 206 200 280
internal_value=-0.000159316 -0.000211678 -0.000127931 -0.0029556 -8.58646e-05 -0.00275 -0.00370732 -0.000505058 -0.000405803 -0.00120266 -0.000470955 -0.000779426 -0.000119897 -0.000638588 3.50645e-05 2.25138e-05 8.11232e-06 -1.7034e-05 0.000675674 0.00449029 -0.00435714
internal_weight=36906 36506 35437 1069 34879 558 818 7799 6824 975 6591 3507 3084 724 27080 26859 26497 25537 960 400 558
internal_count=36906 36506 35437 1069 34879 558 818 7799 6824 975 6591 3507 3084 724 27080 26859 26497 25537 960 400 558
cat_boundaries=0 3 6 9 12 15 18
cat_threshold=16777216 64 32768 470417410 5029924 328961 3428352 75498240 29388970 0 67109120 8224 262144 67108864 8234 2181040128 16785408 512
is_linear=0
shrinkage=0.05


Tree=298
num_leaves=25
num_cat=7
split_feature=25 25 18 20 25 2 3 10 10 2 25 23 18 11 25 0 20 25 18 20 12 18 11 0
split_gain=3.67956 3.03379 1.73115 1.02632 0.572521 0.567747 0.45478 0.257394 0.338996 0.649648 0.278348 0.966193 0.24664 0.234168 0.395777 0.381566 0.365299 0.946697 0.43172 0.253603 0.172468 0.12078 0.0614763 0.00184847
threshold=0 1 450.00000000000006 7800.0000000000009 2 7.5000000000000009 122880.00000000001 98.000000000000014 32.500000000000007 71.000000000000014 3 4 15300.000000000002 53930.666666666679 5 1.5000000000000002 62400.000000000007 6 3570.0000000000005 42000.000000000007 104448.00000000001 75600.000000000015 93184.000000000015 2.5000000000000004
decision_type=9 9 2 2 9 2 2 2 2 2 9 9 2 2 9 2 2 9 2 2 2 2 2 2
left_child=6 3 5 -2 13 -3 -1 8 10 -10 12 -12 -6 15 19 -4 18 -18 -16 22 23 -17 -15 -5
right_child=1 2 4 20 7 -7 -8 -9 9 -11 11 -13 -14 14 16 21 17 -19 -20 -21 -22 -23 -24 -25
leaf_value=1.5120498369469715e-05 -0.022990769311339976 -0.025897825824221867 1.1132706023214014 -0.17731939129589591 -0.21270748670608555 -0.0071938344204525613 5.575890673727554 4.3828499345561838 0.34313804636040152 -2.646182129834779 0.013993435948925992 1.5143428008290358 0.016823939590540248 -0.45372554189381731 -0.80706676295208146 0.065224648049388642 -0.75131278867338558 -24.952844876191733 1.508213060922708 -2.6438413483722734 -2.6263450658036165 -39.798002154335251 -0.71208442163751906 -0.013494176275255577
leaf_weight=281 244 302 379 235 8993 274 249 379 291 229 7241 482 10858 330 237 246 280 2924 1008 347 305 352 219 221
leaf_count=281 244 302 379 235 8993 274 249 379 291 229 7241 482 10858 330 237 246 280 2924 1008 347 305 352 219 221
internal_value=-0.000122739 -0.000183578 -0.000106126 -0.00287611 -6.10697e-05 -0.00282007 0.00396679 3.45784e-05 1.70831e-05 -0.00124521 4.09765e-05 0.000295409 -5.81495e-05 -0.000491002 -0.000621845 0.000219611 -0.000424794 -0.000708049 0.000300721 -0.00157489 -0.00380734 -0.000566668 -0.00225953 -0.00443232
internal_weight=36906 36376 35371 1005 34795 576 530 28473 28094 520 27574 7723 19851 6322 5345 977 4449 3204 1245 896 761 598 549 456
internal_count=36906 36376 35371 1005 34795 576 530 28473 28094 520 27574 7723 19851 6322 5345 977 4449 3204 1245 896 761 598 549 456
cat_boundaries=0 3 6 9 12 13 16 19
cat_threshold=2197815296 64 294912 470417410 803364 4277249 1331200 8397056 25178154 536871296 2150761497 69206016 4 262144 8388608 4128 0 0 25165824
is_linear=0
shrinkage=0.05


Tree=299
num_leaves=23
num_cat=7
split_feature=25 25 18 20 2 25 3 27 24 3 20 20 3 25 18 25 10 12 25 20 3 0
split_gain=3.6383 3.08672 1.76194 1.02632 0.567747 0.495338 0.45478 0.296614 0.288608 0.260216 0.218943 0.950209 0.696657 0.492376 0.683356 0.404581 0.273955 0.172468 0.170648 0.144087 0.0330685 0.00184847
threshold=0 1 450.00000000000006 7800.0000000000009 7.5000000000000009 2 122880.00000000001 3.8606743063089755 3 1015808.0000000001 42000.000000000007 62400.000000000007 71168.000000000015 4 1500.0000000000002 5 3.5000000000000004 104448.00000000001 6 14280.000000000002 50600.000000000007 2.5000000000000004
decision_type=9 9 2 2 2 9 2 10 9 2 2 2 2 9 2 9 2 2 9 2 2 2
left_child=6 3 4 -2 -3 10 -1 8 -7 18 12 -12 20 14 -14 -13 -17 21 -10 -15 -4 -5
right_child=1 2 5 17 -6 7 -8 -9 9 -11 11 15 13 19 -16 16 -18 -19 -20 -21 -22 -23
leaf_value=1.4364473440764415e-05 -0.021841230845769402 -0.024602934533010767 1.4219610576871675 -0.16845342173110112 -0.0068341426994299685 -8.1942762569368082 5.2970961400409582 0.047927887629214183 -0.0035895261331461373 1.1860832116087388 11.037806658124465 10.461177655998103 -0.13642640685623633 0.46168199030830942 -1.9867918242792257 -20.290149958007007 -30.901754813138282 -2.4950278125121259 0.041877483863202419 -4.4128257178763803 0.0076070722053316331 -0.012819467461492807
leaf_weight=281 244 302 248 235 274 208 249 363 18981 205 277 208 279 288 428 3042 744 305 9048 218 258 221
leaf_count=281 244 302 248 235 274 208 249 363 18981 205 277 208 279 288 428 3042 744 305 9048 218 258 221
internal_value=-9.97086e-05 -0.000160219 -8.21028e-05 -0.00287611 -0.00282007 -3.66423e-05 0.00396679 4.94488e-05 3.12884e-05 4.5315e-05 -0.000449851 -0.000258602 -0.000926788 -0.00157613 -0.00241307 -0.000455457 -0.000573987 -0.00380734 3.22845e-05 -0.000347492 0.00062992 -0.00443232
internal_weight=36906 36376 35371 1005 576 34795 530 28805 28442 28234 5990 4271 1719 1213 707 3994 3786 761 28029 506 506 456
internal_count=36906 36376 35371 1005 576 34795 530 28805 28442 28234 5990 4271 1719 1213 707 3994 3786 761 28029 506 506 456
cat_boundaries=0 3 6 9 10 13 16 19
cat_threshold=2197815296 64 294912 470417410 803364 4277249 1327108 8397064 16789546 2 1310720 8396800 4104 262144 8192 8 536871168 70386705 67109248
is_linear=0
shrinkage=0.05


end of trees

feature_importances:
account=2195
requested_seconds=1384
requested_gpu_time=1120
memory_per_gpu=766
requested_memory_mib=686
num_cores_req=570
cores_per_gpu=417
log_array_index=380
qos=316
partition=140
cores_per_node=110
num_gpus_req=95
memory_per_node=86
is_array_descriptor=37
gpu_per_node=23
num_nodes_req=7

parameters:
[boosting: gbdt]
[objective: quantile]
[metric: quantile]
[tree_learner: serial]
[device_type: cpu]
[data_sample_strategy: bagging]
[data: ]
[valid: ]
[num_iterations: 300]
[learning_rate: 0.05]
[num_leaves: 31]
[num_threads: 4]
[seed: 4011]
[deterministic: 1]
[force_col_wise: 1]
[force_row_wise: 0]
[histogram_pool_size: -1]
[max_depth: 8]
[min_data_in_leaf: 200]
[min_sum_hessian_in_leaf: 0.001]
[bagging_fraction: 1]
[pos_bagging_fraction: 1]
[neg_bagging_fraction: 1]
[bagging_freq: 0]
[bagging_seed: 29657]
[bagging_by_query: 0]
[feature_fraction: 1]
[feature_fraction_bynode: 1]
[feature_fraction_seed: 18628]
[extra_trees: 0]
[extra_seed: 502]
[early_stopping_round: 0]
[early_stopping_min_delta: 0]
[first_metric_only: 0]
[max_delta_step: 0]
[lambda_l1: 0]
[lambda_l2: 2]
[linear_lambda: 0]
[min_gain_to_split: 0]
[drop_rate: 0.1]
[max_drop: 50]
[skip_drop: 0.5]
[xgboost_dart_mode: 0]
[uniform_drop: 0]
[drop_seed: 10814]
[top_rate: 0.2]
[other_rate: 0.1]
[min_data_per_group: 100]
[max_cat_threshold: 32]
[cat_l2: 10]
[cat_smooth: 10]
[max_cat_to_onehot: 4]
[top_k: 20]
[monotone_constraints: ]
[monotone_constraints_method: basic]
[monotone_penalty: 0]
[feature_contri: ]
[forcedsplits_filename: ]
[refit_decay_rate: 0.9]
[cegb_tradeoff: 1]
[cegb_penalty_split: 0]
[cegb_penalty_feature_lazy: ]
[cegb_penalty_feature_coupled: ]
[path_smooth: 0]
[interaction_constraints: ]
[verbosity: -1]
[saved_feature_importance_type: 0]
[use_quantized_grad: 0]
[num_grad_quant_bins: 4]
[quant_train_renew_leaf: 0]
[stochastic_rounding: 1]
[linear_tree: 0]
[max_bin: 127]
[max_bin_by_feature: ]
[min_data_in_bin: 3]
[bin_construct_sample_cnt: 200000]
[data_random_seed: 13136]
[is_enable_sparse: 1]
[enable_bundle: 1]
[use_missing: 1]
[zero_as_missing: 0]
[feature_pre_filter: 1]
[pre_partition: 0]
[two_round: 0]
[header: 0]
[label_column: ]
[weight_column: ]
[group_column: ]
[ignore_column: ]
[categorical_feature: 23,24,25]
[forcedbins_filename: ]
[precise_float_parser: 0]
[parser_config_file: ]
[objective_seed: 27397]
[num_class: 1]
[is_unbalance: 0]
[scale_pos_weight: 1]
[sigmoid: 1]
[boost_from_average: 1]
[reg_sqrt: 0]
[alpha: 0.9]
[fair_c: 1]
[poisson_max_delta_step: 0.7]
[tweedie_variance_power: 1.5]
[lambdarank_truncation_level: 30]
[lambdarank_norm: 1]
[label_gain: ]
[lambdarank_position_bias_regularization: 0]
[eval_at: ]
[multi_error_top_k: 1]
[auc_mu_weights: ]
[num_machines: 1]
[local_listen_port: 12400]
[time_out: 120]
[machine_list_filename: ]
[machines: ]
[gpu_platform_id: -1]
[gpu_device_id: -1]
[gpu_use_dp: 0]
[num_gpu: 1]

end of parameters

pandas_categorical:[]
