
Gurobi 13.0.2 (win64) logging started Fri Oct  2 11:18:54 2026

Set parameter LogFile to value "C:\Users\kjw39\Documents\Codex\2026-10-02\m1-benders-x0-certificate-repair\worktree\docs\v42_m1_benders_x0_certificate_repair\FIXTURE_RAW\E\phase1\raw_solver.log"
Set parameter Threads to value 1
Set parameter Seed to value 20260929
Set parameter Method to value 1
Set parameter NodeMethod to value 1
Set parameter FeasibilityTol to value 1e-07
Set parameter OptimalityTol to value 1e-07
Set parameter IntFeasTol to value 1e-07
Set parameter NumericFocus to value 1
Set parameter InfUnbdInfo to value 1
Set parameter DualReductions to value 0
Set parameter SoftMemLimit to value 12
Set parameter MIPGap to value 0
Set parameter TimeLimit to value 60
Set parameter TimeLimit to value 30
Gurobi Optimizer version 13.0.2 build v13.0.2rc1 (win64 - Windows 11+.0 (26200.2))

CPU model: 13th Gen Intel(R) Core(TM) i7-13620H, instruction set [SSE2|AVX|AVX2]
Thread count: 10 physical cores, 16 logical processors, using up to 1 threads

Non-default parameters:
TimeLimit  30
SoftMemLimit  12
FeasibilityTol  1e-07
IntFeasTol  1e-07
MIPGap  0
OptimalityTol  1e-07
Method  1
NodeMethod  1
DualReductions  0
InfUnbdInfo  1
LogToConsole  0
NumericFocus  1
Seed  20260929
Threads  1

Optimize a model with 85 rows, 106 columns and 297 nonzeros (Min)
Model fingerprint: 0x9edf6c49
Model has 93 linear objective coefficients
Coefficient statistics:
  Matrix range     [5e-04, 1e+00]
  Objective range  [6e-02, 1e+00]
  Bounds range     [2e+01, 2e+01]
  RHS range        [4e-02, 2e+01]

Presolve time: 0.00s
Presolved: 69 rows, 102 columns, 237 nonzeros

Iteration    Objective       Primal Inf.    Dual Inf.      Time
       0    2.0000000e+00   2.535523e+02   0.000000e+00      0s
       5    2.0000000e+00   0.000000e+00   0.000000e+00      0s

Solved in 5 iterations and 0.00 seconds (0.00 work units)
Optimal objective  2.000000000e+00

User-callback calls 65, time in user-callback 0.00 sec
Set parameter TimeLimit to value 30
Gurobi Optimizer version 13.0.2 build v13.0.2rc1 (win64 - Windows 11+.0 (26200.2))

CPU model: 13th Gen Intel(R) Core(TM) i7-13620H, instruction set [SSE2|AVX|AVX2]
Thread count: 10 physical cores, 16 logical processors, using up to 1 threads

Non-default parameters:
TimeLimit  30
SoftMemLimit  12
FeasibilityTol  1e-07
IntFeasTol  1e-07
MIPGap  0
OptimalityTol  1e-07
Method  1
NodeMethod  1
DualReductions  0
InfUnbdInfo  1
LogToConsole  0
NumericFocus  1
Seed  20260929
Threads  1

Optimize a model with 85 rows, 106 columns and 297 nonzeros (Min)
Model has 93 linear objective coefficients
Coefficient statistics:
  Matrix range     [5e-04, 1e+00]
  Objective range  [6e-02, 1e+00]
  Bounds range     [2e+01, 2e+01]
  RHS range        [4e-02, 2e+01]

LP warm-start: use basis

Iteration    Objective       Primal Inf.    Dual Inf.      Time
       0    2.0000000e+00   0.000000e+00   0.000000e+00      0s

Solved in 0 iterations and 0.00 seconds (0.00 work units)
Optimal objective  2.000000000e+00

User-callback calls 38, time in user-callback 0.00 sec
Set parameter TimeLimit to value 30
Gurobi Optimizer version 13.0.2 build v13.0.2rc1 (win64 - Windows 11+.0 (26200.2))

CPU model: 13th Gen Intel(R) Core(TM) i7-13620H, instruction set [SSE2|AVX|AVX2]
Thread count: 10 physical cores, 16 logical processors, using up to 1 threads

Non-default parameters:
TimeLimit  30
SoftMemLimit  12
FeasibilityTol  1e-07
IntFeasTol  1e-07
MIPGap  0
OptimalityTol  1e-07
Method  1
NodeMethod  1
DualReductions  0
InfUnbdInfo  1
LogToConsole  0
NumericFocus  1
Seed  20260929
Threads  1

Optimize a model with 85 rows, 106 columns and 297 nonzeros (Min)
Model has 93 linear objective coefficients
Coefficient statistics:
  Matrix range     [5e-04, 1e+00]
  Objective range  [6e-02, 1e+00]
  Bounds range     [2e+01, 2e+01]
  RHS range        [4e-02, 2e+01]

LP warm-start: use basis

Iteration    Objective       Primal Inf.    Dual Inf.      Time
       0    2.0000000e+00   0.000000e+00   0.000000e+00      0s

Solved in 0 iterations and 0.00 seconds (0.00 work units)
Optimal objective  2.000000000e+00

User-callback calls 38, time in user-callback 0.00 sec
Set parameter TimeLimit to value 30
Gurobi Optimizer version 13.0.2 build v13.0.2rc1 (win64 - Windows 11+.0 (26200.2))

CPU model: 13th Gen Intel(R) Core(TM) i7-13620H, instruction set [SSE2|AVX|AVX2]
Thread count: 10 physical cores, 16 logical processors, using up to 1 threads

Non-default parameters:
TimeLimit  30
SoftMemLimit  12
FeasibilityTol  1e-07
IntFeasTol  1e-07
MIPGap  0
OptimalityTol  1e-07
Method  1
NodeMethod  1
DualReductions  0
InfUnbdInfo  1
LogToConsole  0
NumericFocus  1
Seed  20260929
Threads  1

Optimize a model with 85 rows, 106 columns and 297 nonzeros (Min)
Model has 93 linear objective coefficients
Coefficient statistics:
  Matrix range     [5e-04, 1e+00]
  Objective range  [6e-02, 1e+00]
  Bounds range     [2e+01, 2e+01]
  RHS range        [4e-02, 2e+01]

LP warm-start: use basis

Iteration    Objective       Primal Inf.    Dual Inf.      Time
       0    2.0000000e+00   0.000000e+00   0.000000e+00      0s

Solved in 0 iterations and 0.00 seconds (0.00 work units)
Optimal objective  2.000000000e+00

User-callback calls 38, time in user-callback 0.00 sec
Set parameter TimeLimit to value 30
Gurobi Optimizer version 13.0.2 build v13.0.2rc1 (win64 - Windows 11+.0 (26200.2))

CPU model: 13th Gen Intel(R) Core(TM) i7-13620H, instruction set [SSE2|AVX|AVX2]
Thread count: 10 physical cores, 16 logical processors, using up to 1 threads

Non-default parameters:
TimeLimit  30
SoftMemLimit  12
FeasibilityTol  1e-07
IntFeasTol  1e-07
MIPGap  0
OptimalityTol  1e-07
Method  1
NodeMethod  1
DualReductions  0
InfUnbdInfo  1
LogToConsole  0
NumericFocus  1
Seed  20260929
Threads  1

Optimize a model with 85 rows, 106 columns and 297 nonzeros (Min)
Model has 93 linear objective coefficients
Coefficient statistics:
  Matrix range     [5e-04, 1e+00]
  Objective range  [6e-02, 1e+00]
  Bounds range     [2e+01, 2e+01]
  RHS range        [4e-02, 2e+01]

LP warm-start: use basis

Iteration    Objective       Primal Inf.    Dual Inf.      Time
       0    0.0000000e+00   3.000000e+00   0.000000e+00      0s
       8    2.2500000e+00   0.000000e+00   0.000000e+00      0s

Solved in 8 iterations and 0.00 seconds (0.00 work units)
Optimal objective  2.250000000e+00

User-callback calls 47, time in user-callback 0.00 sec
Set parameter TimeLimit to value 30
Gurobi Optimizer version 13.0.2 build v13.0.2rc1 (win64 - Windows 11+.0 (26200.2))

CPU model: 13th Gen Intel(R) Core(TM) i7-13620H, instruction set [SSE2|AVX|AVX2]
Thread count: 10 physical cores, 16 logical processors, using up to 1 threads

Non-default parameters:
TimeLimit  30
SoftMemLimit  12
FeasibilityTol  1e-07
IntFeasTol  1e-07
MIPGap  0
OptimalityTol  1e-07
Method  1
NodeMethod  1
DualReductions  0
InfUnbdInfo  1
LogToConsole  0
NumericFocus  1
Seed  20260929
Threads  1

Optimize a model with 85 rows, 106 columns and 297 nonzeros (Min)
Model has 93 linear objective coefficients
Coefficient statistics:
  Matrix range     [5e-04, 1e+00]
  Objective range  [6e-02, 1e+00]
  Bounds range     [2e+01, 2e+01]
  RHS range        [4e-02, 2e+01]

LP warm-start: use basis

Iteration    Objective       Primal Inf.    Dual Inf.      Time
       0    2.2500000e+00   0.000000e+00   0.000000e+00      0s

Solved in 0 iterations and 0.00 seconds (0.00 work units)
Optimal objective  2.250000000e+00

User-callback calls 38, time in user-callback 0.00 sec
Set parameter TimeLimit to value 30
Gurobi Optimizer version 13.0.2 build v13.0.2rc1 (win64 - Windows 11+.0 (26200.2))

CPU model: 13th Gen Intel(R) Core(TM) i7-13620H, instruction set [SSE2|AVX|AVX2]
Thread count: 10 physical cores, 16 logical processors, using up to 1 threads

Non-default parameters:
TimeLimit  30
SoftMemLimit  12
FeasibilityTol  1e-07
IntFeasTol  1e-07
MIPGap  0
OptimalityTol  1e-07
Method  1
NodeMethod  1
DualReductions  0
InfUnbdInfo  1
LogToConsole  0
NumericFocus  1
Seed  20260929
Threads  1

Optimize a model with 85 rows, 106 columns and 297 nonzeros (Min)
Model has 93 linear objective coefficients
Coefficient statistics:
  Matrix range     [5e-04, 1e+00]
  Objective range  [6e-02, 1e+00]
  Bounds range     [2e+01, 2e+01]
  RHS range        [4e-02, 2e+01]

LP warm-start: use basis

Iteration    Objective       Primal Inf.    Dual Inf.      Time
       0    2.2500000e+00   0.000000e+00   0.000000e+00      0s

Solved in 0 iterations and 0.00 seconds (0.00 work units)
Optimal objective  2.250000000e+00

User-callback calls 38, time in user-callback 0.00 sec
Set parameter TimeLimit to value 30
Gurobi Optimizer version 13.0.2 build v13.0.2rc1 (win64 - Windows 11+.0 (26200.2))

CPU model: 13th Gen Intel(R) Core(TM) i7-13620H, instruction set [SSE2|AVX|AVX2]
Thread count: 10 physical cores, 16 logical processors, using up to 1 threads

Non-default parameters:
TimeLimit  30
SoftMemLimit  12
FeasibilityTol  1e-07
IntFeasTol  1e-07
MIPGap  0
OptimalityTol  1e-07
Method  1
NodeMethod  1
DualReductions  0
InfUnbdInfo  1
LogToConsole  0
NumericFocus  1
Seed  20260929
Threads  1

Optimize a model with 85 rows, 106 columns and 297 nonzeros (Min)
Model has 93 linear objective coefficients
Coefficient statistics:
  Matrix range     [5e-04, 1e+00]
  Objective range  [6e-02, 1e+00]
  Bounds range     [2e+01, 2e+01]
  RHS range        [4e-02, 2e+01]

LP warm-start: use basis

Iteration    Objective       Primal Inf.    Dual Inf.      Time
       0    2.2500000e+00   0.000000e+00   0.000000e+00      0s

Solved in 0 iterations and 0.00 seconds (0.00 work units)
Optimal objective  2.250000000e+00

User-callback calls 38, time in user-callback 0.00 sec
Set parameter TimeLimit to value 30
Gurobi Optimizer version 13.0.2 build v13.0.2rc1 (win64 - Windows 11+.0 (26200.2))

CPU model: 13th Gen Intel(R) Core(TM) i7-13620H, instruction set [SSE2|AVX|AVX2]
Thread count: 10 physical cores, 16 logical processors, using up to 1 threads

Non-default parameters:
TimeLimit  30
SoftMemLimit  12
FeasibilityTol  1e-07
IntFeasTol  1e-07
MIPGap  0
OptimalityTol  1e-07
Method  1
NodeMethod  1
DualReductions  0
InfUnbdInfo  1
LogToConsole  0
NumericFocus  1
Seed  20260929
Threads  1

Optimize a model with 85 rows, 106 columns and 297 nonzeros (Min)
Model has 93 linear objective coefficients
Coefficient statistics:
  Matrix range     [5e-04, 1e+00]
  Objective range  [6e-02, 1e+00]
  Bounds range     [2e+01, 2e+01]
  RHS range        [4e-02, 2e+01]

LP warm-start: use basis

Iteration    Objective       Primal Inf.    Dual Inf.      Time
       0    2.0125000e+00   0.000000e+00   0.000000e+00      0s

Solved in 0 iterations and 0.00 seconds (0.00 work units)
Optimal objective  2.012500000e+00

User-callback calls 38, time in user-callback 0.00 sec
Set parameter TimeLimit to value 30
Gurobi Optimizer version 13.0.2 build v13.0.2rc1 (win64 - Windows 11+.0 (26200.2))

CPU model: 13th Gen Intel(R) Core(TM) i7-13620H, instruction set [SSE2|AVX|AVX2]
Thread count: 10 physical cores, 16 logical processors, using up to 1 threads

Non-default parameters:
TimeLimit  30
SoftMemLimit  12
FeasibilityTol  1e-07
IntFeasTol  1e-07
MIPGap  0
OptimalityTol  1e-07
Method  1
NodeMethod  1
DualReductions  0
InfUnbdInfo  1
LogToConsole  0
NumericFocus  1
Seed  20260929
Threads  1

Optimize a model with 85 rows, 106 columns and 297 nonzeros (Min)
Model has 93 linear objective coefficients
Coefficient statistics:
  Matrix range     [5e-04, 1e+00]
  Objective range  [6e-02, 1e+00]
  Bounds range     [2e+01, 2e+01]
  RHS range        [4e-02, 2e+01]

LP warm-start: use basis

Iteration    Objective       Primal Inf.    Dual Inf.      Time
       0    2.0125000e+00   0.000000e+00   0.000000e+00      0s

Solved in 0 iterations and 0.00 seconds (0.00 work units)
Optimal objective  2.012500000e+00

User-callback calls 38, time in user-callback 0.00 sec
Set parameter TimeLimit to value 30
Gurobi Optimizer version 13.0.2 build v13.0.2rc1 (win64 - Windows 11+.0 (26200.2))

CPU model: 13th Gen Intel(R) Core(TM) i7-13620H, instruction set [SSE2|AVX|AVX2]
Thread count: 10 physical cores, 16 logical processors, using up to 1 threads

Non-default parameters:
TimeLimit  30
SoftMemLimit  12
FeasibilityTol  1e-07
IntFeasTol  1e-07
MIPGap  0
OptimalityTol  1e-07
Method  1
NodeMethod  1
DualReductions  0
InfUnbdInfo  1
LogToConsole  0
NumericFocus  1
Seed  20260929
Threads  1

Optimize a model with 85 rows, 106 columns and 297 nonzeros (Min)
Model has 93 linear objective coefficients
Coefficient statistics:
  Matrix range     [5e-04, 1e+00]
  Objective range  [6e-02, 1e+00]
  Bounds range     [2e+01, 2e+01]
  RHS range        [4e-02, 2e+01]

LP warm-start: use basis

Iteration    Objective       Primal Inf.    Dual Inf.      Time
       0    2.0125000e+00   0.000000e+00   0.000000e+00      0s

Solved in 0 iterations and 0.00 seconds (0.00 work units)
Optimal objective  2.012500000e+00

User-callback calls 38, time in user-callback 0.00 sec
Set parameter TimeLimit to value 30
Gurobi Optimizer version 13.0.2 build v13.0.2rc1 (win64 - Windows 11+.0 (26200.2))

CPU model: 13th Gen Intel(R) Core(TM) i7-13620H, instruction set [SSE2|AVX|AVX2]
Thread count: 10 physical cores, 16 logical processors, using up to 1 threads

Non-default parameters:
TimeLimit  30
SoftMemLimit  12
FeasibilityTol  1e-07
IntFeasTol  1e-07
MIPGap  0
OptimalityTol  1e-07
Method  1
NodeMethod  1
DualReductions  0
InfUnbdInfo  1
LogToConsole  0
NumericFocus  1
Seed  20260929
Threads  1

Optimize a model with 85 rows, 106 columns and 297 nonzeros (Min)
Model has 93 linear objective coefficients
Coefficient statistics:
  Matrix range     [5e-04, 1e+00]
  Objective range  [6e-02, 1e+00]
  Bounds range     [2e+01, 2e+01]
  RHS range        [4e-02, 2e+01]

LP warm-start: use basis

Iteration    Objective       Primal Inf.    Dual Inf.      Time
       0    2.0125000e+00   0.000000e+00   0.000000e+00      0s

Solved in 0 iterations and 0.00 seconds (0.00 work units)
Optimal objective  2.012500000e+00

User-callback calls 38, time in user-callback 0.00 sec
Set parameter TimeLimit to value 30
Gurobi Optimizer version 13.0.2 build v13.0.2rc1 (win64 - Windows 11+.0 (26200.2))

CPU model: 13th Gen Intel(R) Core(TM) i7-13620H, instruction set [SSE2|AVX|AVX2]
Thread count: 10 physical cores, 16 logical processors, using up to 1 threads

Non-default parameters:
TimeLimit  30
SoftMemLimit  12
FeasibilityTol  1e-07
IntFeasTol  1e-07
MIPGap  0
OptimalityTol  1e-07
Method  1
NodeMethod  1
DualReductions  0
InfUnbdInfo  1
LogToConsole  0
NumericFocus  1
Seed  20260929
Threads  1

Optimize a model with 85 rows, 106 columns and 297 nonzeros (Min)
Model has 93 linear objective coefficients
Coefficient statistics:
  Matrix range     [5e-04, 1e+00]
  Objective range  [6e-02, 1e+00]
  Bounds range     [2e+01, 2e+01]
  RHS range        [4e-02, 2e+01]

LP warm-start: use basis

Iteration    Objective       Primal Inf.    Dual Inf.      Time
       0    2.2625000e+00   1.000000e+00   0.000000e+00      0s
       1    4.2625000e+00   0.000000e+00   0.000000e+00      0s

Solved in 1 iterations and 0.00 seconds (0.00 work units)
Optimal objective  4.262500000e+00

User-callback calls 41, time in user-callback 0.00 sec
Set parameter TimeLimit to value 30
Gurobi Optimizer version 13.0.2 build v13.0.2rc1 (win64 - Windows 11+.0 (26200.2))

CPU model: 13th Gen Intel(R) Core(TM) i7-13620H, instruction set [SSE2|AVX|AVX2]
Thread count: 10 physical cores, 16 logical processors, using up to 1 threads

Non-default parameters:
TimeLimit  30
SoftMemLimit  12
FeasibilityTol  1e-07
IntFeasTol  1e-07
MIPGap  0
OptimalityTol  1e-07
Method  1
NodeMethod  1
DualReductions  0
InfUnbdInfo  1
LogToConsole  0
NumericFocus  1
Seed  20260929
Threads  1

Optimize a model with 85 rows, 106 columns and 297 nonzeros (Min)
Model has 93 linear objective coefficients
Coefficient statistics:
  Matrix range     [5e-04, 1e+00]
  Objective range  [6e-02, 1e+00]
  Bounds range     [2e+01, 2e+01]
  RHS range        [4e-02, 2e+01]

LP warm-start: use basis

Iteration    Objective       Primal Inf.    Dual Inf.      Time
       0    4.2625000e+00   0.000000e+00   0.000000e+00      0s

Solved in 0 iterations and 0.00 seconds (0.00 work units)
Optimal objective  4.262500000e+00

User-callback calls 38, time in user-callback 0.00 sec
Set parameter TimeLimit to value 30
Gurobi Optimizer version 13.0.2 build v13.0.2rc1 (win64 - Windows 11+.0 (26200.2))

CPU model: 13th Gen Intel(R) Core(TM) i7-13620H, instruction set [SSE2|AVX|AVX2]
Thread count: 10 physical cores, 16 logical processors, using up to 1 threads

Non-default parameters:
TimeLimit  30
SoftMemLimit  12
FeasibilityTol  1e-07
IntFeasTol  1e-07
MIPGap  0
OptimalityTol  1e-07
Method  1
NodeMethod  1
DualReductions  0
InfUnbdInfo  1
LogToConsole  0
NumericFocus  1
Seed  20260929
Threads  1

Optimize a model with 85 rows, 106 columns and 297 nonzeros (Min)
Model has 93 linear objective coefficients
Coefficient statistics:
  Matrix range     [5e-04, 1e+00]
  Objective range  [6e-02, 1e+00]
  Bounds range     [2e+01, 2e+01]
  RHS range        [4e-02, 2e+01]

LP warm-start: use basis

Iteration    Objective       Primal Inf.    Dual Inf.      Time
       0    4.2625000e+00   0.000000e+00   0.000000e+00      0s

Solved in 0 iterations and 0.00 seconds (0.00 work units)
Optimal objective  4.262500000e+00

User-callback calls 38, time in user-callback 0.00 sec
Set parameter TimeLimit to value 30
Gurobi Optimizer version 13.0.2 build v13.0.2rc1 (win64 - Windows 11+.0 (26200.2))

CPU model: 13th Gen Intel(R) Core(TM) i7-13620H, instruction set [SSE2|AVX|AVX2]
Thread count: 10 physical cores, 16 logical processors, using up to 1 threads

Non-default parameters:
TimeLimit  30
SoftMemLimit  12
FeasibilityTol  1e-07
IntFeasTol  1e-07
MIPGap  0
OptimalityTol  1e-07
Method  1
NodeMethod  1
DualReductions  0
InfUnbdInfo  1
LogToConsole  0
NumericFocus  1
Seed  20260929
Threads  1

Optimize a model with 85 rows, 106 columns and 297 nonzeros (Min)
Model has 93 linear objective coefficients
Coefficient statistics:
  Matrix range     [5e-04, 1e+00]
  Objective range  [6e-02, 1e+00]
  Bounds range     [2e+01, 2e+01]
  RHS range        [4e-02, 2e+01]

LP warm-start: use basis

Iteration    Objective       Primal Inf.    Dual Inf.      Time
       0    4.2625000e+00   0.000000e+00   0.000000e+00      0s

Solved in 0 iterations and 0.00 seconds (0.00 work units)
Optimal objective  4.262500000e+00

User-callback calls 38, time in user-callback 0.00 sec
Set parameter TimeLimit to value 30
Gurobi Optimizer version 13.0.2 build v13.0.2rc1 (win64 - Windows 11+.0 (26200.2))

CPU model: 13th Gen Intel(R) Core(TM) i7-13620H, instruction set [SSE2|AVX|AVX2]
Thread count: 10 physical cores, 16 logical processors, using up to 1 threads

Non-default parameters:
TimeLimit  30
SoftMemLimit  12
FeasibilityTol  1e-07
IntFeasTol  1e-07
MIPGap  0
OptimalityTol  1e-07
Method  1
NodeMethod  1
DualReductions  0
InfUnbdInfo  1
LogToConsole  0
NumericFocus  1
Seed  20260929
Threads  1

Optimize a model with 85 rows, 106 columns and 297 nonzeros (Min)
Model has 93 linear objective coefficients
Coefficient statistics:
  Matrix range     [5e-04, 1e+00]
  Objective range  [6e-02, 1e+00]
  Bounds range     [2e+01, 2e+01]
  RHS range        [2e-02, 2e+01]

LP warm-start: use basis

Iteration    Objective       Primal Inf.    Dual Inf.      Time
       0   -2.2388587e+00   1.471322e+01   0.000000e+00      0s
      10    2.0071537e+00   0.000000e+00   0.000000e+00      0s

Solved in 10 iterations and 0.00 seconds (0.00 work units)
Optimal objective  2.007153718e+00

User-callback calls 50, time in user-callback 0.00 sec
Set parameter TimeLimit to value 30
Gurobi Optimizer version 13.0.2 build v13.0.2rc1 (win64 - Windows 11+.0 (26200.2))

CPU model: 13th Gen Intel(R) Core(TM) i7-13620H, instruction set [SSE2|AVX|AVX2]
Thread count: 10 physical cores, 16 logical processors, using up to 1 threads

Non-default parameters:
TimeLimit  30
SoftMemLimit  12
FeasibilityTol  1e-07
IntFeasTol  1e-07
MIPGap  0
OptimalityTol  1e-07
Method  1
NodeMethod  1
DualReductions  0
InfUnbdInfo  1
LogToConsole  0
NumericFocus  1
Seed  20260929
Threads  1

Optimize a model with 85 rows, 106 columns and 297 nonzeros (Min)
Model has 93 linear objective coefficients
Coefficient statistics:
  Matrix range     [5e-04, 1e+00]
  Objective range  [6e-02, 1e+00]
  Bounds range     [2e+01, 2e+01]
  RHS range        [2e-02, 2e+01]

LP warm-start: use basis

Iteration    Objective       Primal Inf.    Dual Inf.      Time
       0    1.7821537e+00   1.869438e+01   0.000000e+00      0s
       4    2.0071537e+00   0.000000e+00   0.000000e+00      0s

Solved in 4 iterations and 0.00 seconds (0.00 work units)
Optimal objective  2.007153718e+00

User-callback calls 44, time in user-callback 0.00 sec
Set parameter TimeLimit to value 30
Gurobi Optimizer version 13.0.2 build v13.0.2rc1 (win64 - Windows 11+.0 (26200.2))

CPU model: 13th Gen Intel(R) Core(TM) i7-13620H, instruction set [SSE2|AVX|AVX2]
Thread count: 10 physical cores, 16 logical processors, using up to 1 threads

Non-default parameters:
TimeLimit  30
SoftMemLimit  12
FeasibilityTol  1e-07
IntFeasTol  1e-07
MIPGap  0
OptimalityTol  1e-07
Method  1
NodeMethod  1
DualReductions  0
InfUnbdInfo  1
LogToConsole  0
NumericFocus  1
Seed  20260929
Threads  1

Optimize a model with 85 rows, 106 columns and 297 nonzeros (Min)
Model has 93 linear objective coefficients
Coefficient statistics:
  Matrix range     [5e-04, 1e+00]
  Objective range  [6e-02, 1e+00]
  Bounds range     [2e+01, 2e+01]
  RHS range        [2e-02, 2e+01]

LP warm-start: use basis

Iteration    Objective       Primal Inf.    Dual Inf.      Time
       0    2.0071537e+00   0.000000e+00   0.000000e+00      0s

Solved in 0 iterations and 0.00 seconds (0.00 work units)
Optimal objective  2.007153718e+00

User-callback calls 38, time in user-callback 0.00 sec
Set parameter TimeLimit to value 30
Gurobi Optimizer version 13.0.2 build v13.0.2rc1 (win64 - Windows 11+.0 (26200.2))

CPU model: 13th Gen Intel(R) Core(TM) i7-13620H, instruction set [SSE2|AVX|AVX2]
Thread count: 10 physical cores, 16 logical processors, using up to 1 threads

Non-default parameters:
TimeLimit  30
SoftMemLimit  12
FeasibilityTol  1e-07
IntFeasTol  1e-07
MIPGap  0
OptimalityTol  1e-07
Method  1
NodeMethod  1
DualReductions  0
InfUnbdInfo  1
LogToConsole  0
NumericFocus  1
Seed  20260929
Threads  1

Optimize a model with 85 rows, 106 columns and 297 nonzeros (Min)
Model has 93 linear objective coefficients
Coefficient statistics:
  Matrix range     [5e-04, 1e+00]
  Objective range  [6e-02, 1e+00]
  Bounds range     [2e+01, 2e+01]
  RHS range        [2e-02, 2e+01]

LP warm-start: use basis

Iteration    Objective       Primal Inf.    Dual Inf.      Time
       0    2.0071537e+00   0.000000e+00   0.000000e+00      0s

Solved in 0 iterations and 0.00 seconds (0.00 work units)
Optimal objective  2.007153718e+00

User-callback calls 38, time in user-callback 0.00 sec
Set parameter TimeLimit to value 30
Gurobi Optimizer version 13.0.2 build v13.0.2rc1 (win64 - Windows 11+.0 (26200.2))

CPU model: 13th Gen Intel(R) Core(TM) i7-13620H, instruction set [SSE2|AVX|AVX2]
Thread count: 10 physical cores, 16 logical processors, using up to 1 threads

Non-default parameters:
TimeLimit  30
SoftMemLimit  12
FeasibilityTol  1e-07
IntFeasTol  1e-07
MIPGap  0
OptimalityTol  1e-07
Method  1
NodeMethod  1
DualReductions  0
InfUnbdInfo  1
LogToConsole  0
NumericFocus  1
Seed  20260929
Threads  1

Optimize a model with 85 rows, 106 columns and 297 nonzeros (Min)
Model has 93 linear objective coefficients
Coefficient statistics:
  Matrix range     [5e-04, 1e+00]
  Objective range  [6e-02, 1e+00]
  Bounds range     [2e+01, 2e+01]
  RHS range        [2e-02, 2e+01]

LP warm-start: use basis

Iteration    Objective       Primal Inf.    Dual Inf.      Time
       0    7.1537178e-03   3.291868e+01   0.000000e+00      0s
       1    2.5715372e-01   0.000000e+00   0.000000e+00      0s

Solved in 1 iterations and 0.00 seconds (0.00 work units)
Optimal objective  2.571537178e-01

User-callback calls 41, time in user-callback 0.00 sec
Set parameter TimeLimit to value 30
Gurobi Optimizer version 13.0.2 build v13.0.2rc1 (win64 - Windows 11+.0 (26200.2))

CPU model: 13th Gen Intel(R) Core(TM) i7-13620H, instruction set [SSE2|AVX|AVX2]
Thread count: 10 physical cores, 16 logical processors, using up to 1 threads

Non-default parameters:
TimeLimit  30
SoftMemLimit  12
FeasibilityTol  1e-07
IntFeasTol  1e-07
MIPGap  0
OptimalityTol  1e-07
Method  1
NodeMethod  1
DualReductions  0
InfUnbdInfo  1
LogToConsole  0
NumericFocus  1
Seed  20260929
Threads  1

Optimize a model with 85 rows, 106 columns and 297 nonzeros (Min)
Model has 93 linear objective coefficients
Coefficient statistics:
  Matrix range     [5e-04, 1e+00]
  Objective range  [6e-02, 1e+00]
  Bounds range     [2e+01, 2e+01]
  RHS range        [2e-02, 2e+01]

LP warm-start: use basis

Iteration    Objective       Primal Inf.    Dual Inf.      Time
       0    3.2153718e-02   1.689438e+01   0.000000e+00      0s
       3    4.2762589e-02   0.000000e+00   0.000000e+00      0s

Solved in 3 iterations and 0.00 seconds (0.00 work units)
Optimal objective  4.276258933e-02

User-callback calls 43, time in user-callback 0.00 sec
Set parameter TimeLimit to value 30
Gurobi Optimizer version 13.0.2 build v13.0.2rc1 (win64 - Windows 11+.0 (26200.2))

CPU model: 13th Gen Intel(R) Core(TM) i7-13620H, instruction set [SSE2|AVX|AVX2]
Thread count: 10 physical cores, 16 logical processors, using up to 1 threads

Non-default parameters:
TimeLimit  30
SoftMemLimit  12
FeasibilityTol  1e-07
IntFeasTol  1e-07
MIPGap  0
OptimalityTol  1e-07
Method  1
NodeMethod  1
DualReductions  0
InfUnbdInfo  1
LogToConsole  0
NumericFocus  1
Seed  20260929
Threads  1

Optimize a model with 85 rows, 106 columns and 297 nonzeros (Min)
Model has 93 linear objective coefficients
Coefficient statistics:
  Matrix range     [5e-04, 1e+00]
  Objective range  [6e-02, 1e+00]
  Bounds range     [2e+01, 2e+01]
  RHS range        [2e-02, 2e+01]

LP warm-start: use basis

Iteration    Objective       Primal Inf.    Dual Inf.      Time
       0    4.2762589e-02   7.846282e+00   0.000000e+00      0s
       5    2.5715372e-01   0.000000e+00   0.000000e+00      0s

Solved in 5 iterations and 0.00 seconds (0.00 work units)
Optimal objective  2.571537178e-01

User-callback calls 45, time in user-callback 0.00 sec
Set parameter TimeLimit to value 30
Gurobi Optimizer version 13.0.2 build v13.0.2rc1 (win64 - Windows 11+.0 (26200.2))

CPU model: 13th Gen Intel(R) Core(TM) i7-13620H, instruction set [SSE2|AVX|AVX2]
Thread count: 10 physical cores, 16 logical processors, using up to 1 threads

Non-default parameters:
TimeLimit  30
SoftMemLimit  12
FeasibilityTol  1e-07
IntFeasTol  1e-07
MIPGap  0
OptimalityTol  1e-07
Method  1
NodeMethod  1
DualReductions  0
InfUnbdInfo  1
LogToConsole  0
NumericFocus  1
Seed  20260929
Threads  1

Optimize a model with 85 rows, 106 columns and 297 nonzeros (Min)
Model has 93 linear objective coefficients
Coefficient statistics:
  Matrix range     [5e-04, 1e+00]
  Objective range  [6e-02, 1e+00]
  Bounds range     [2e+01, 2e+01]
  RHS range        [2e-02, 2e+01]

LP warm-start: use basis

Iteration    Objective       Primal Inf.    Dual Inf.      Time
       0    3.2153718e-02   1.689438e+01   0.000000e+00      0s
       3    4.2762589e-02   0.000000e+00   0.000000e+00      0s

Solved in 3 iterations and 0.00 seconds (0.00 work units)
Optimal objective  4.276258933e-02

User-callback calls 43, time in user-callback 0.00 sec
Set parameter TimeLimit to value 30
Gurobi Optimizer version 13.0.2 build v13.0.2rc1 (win64 - Windows 11+.0 (26200.2))

CPU model: 13th Gen Intel(R) Core(TM) i7-13620H, instruction set [SSE2|AVX|AVX2]
Thread count: 10 physical cores, 16 logical processors, using up to 1 threads

Non-default parameters:
TimeLimit  30
SoftMemLimit  12
FeasibilityTol  1e-07
IntFeasTol  1e-07
MIPGap  0
OptimalityTol  1e-07
Method  1
NodeMethod  1
DualReductions  0
InfUnbdInfo  1
LogToConsole  0
NumericFocus  1
Seed  20260929
Threads  1

Optimize a model with 85 rows, 106 columns and 297 nonzeros (Min)
Model has 93 linear objective coefficients
Coefficient statistics:
  Matrix range     [5e-04, 1e+00]
  Objective range  [6e-02, 1e+00]
  Bounds range     [2e+01, 2e+01]
  RHS range        [2e-02, 2e+01]

LP warm-start: use basis

Iteration    Objective       Primal Inf.    Dual Inf.      Time
       0   -1.9473741e-01   9.511696e+00   0.000000e+00      0s
       5    1.9653718e-02   0.000000e+00   0.000000e+00      0s

Solved in 5 iterations and 0.00 seconds (0.00 work units)
Optimal objective  1.965371776e-02

User-callback calls 45, time in user-callback 0.00 sec
Set parameter TimeLimit to value 30
Gurobi Optimizer version 13.0.2 build v13.0.2rc1 (win64 - Windows 11+.0 (26200.2))

CPU model: 13th Gen Intel(R) Core(TM) i7-13620H, instruction set [SSE2|AVX|AVX2]
Thread count: 10 physical cores, 16 logical processors, using up to 1 threads

Non-default parameters:
TimeLimit  30
SoftMemLimit  12
FeasibilityTol  1e-07
IntFeasTol  1e-07
MIPGap  0
OptimalityTol  1e-07
Method  1
NodeMethod  1
DualReductions  0
InfUnbdInfo  1
LogToConsole  0
NumericFocus  1
Seed  20260929
Threads  1

Optimize a model with 85 rows, 106 columns and 297 nonzeros (Min)
Model has 93 linear objective coefficients
Coefficient statistics:
  Matrix range     [5e-04, 1e+00]
  Objective range  [6e-02, 1e+00]
  Bounds range     [2e+01, 2e+01]
  RHS range        [2e-02, 2e+01]

LP warm-start: use basis

Iteration    Objective       Primal Inf.    Dual Inf.      Time
       0   -2.0534628e-01   1.859438e+01   0.000000e+00      0s
       4    7.1537178e-03   0.000000e+00   0.000000e+00      0s

Solved in 4 iterations and 0.00 seconds (0.00 work units)
Optimal objective  7.153717757e-03

User-callback calls 44, time in user-callback 0.00 sec
Set parameter TimeLimit to value 30
Gurobi Optimizer version 13.0.2 build v13.0.2rc1 (win64 - Windows 11+.0 (26200.2))

CPU model: 13th Gen Intel(R) Core(TM) i7-13620H, instruction set [SSE2|AVX|AVX2]
Thread count: 10 physical cores, 16 logical processors, using up to 1 threads

Non-default parameters:
TimeLimit  30
SoftMemLimit  12
FeasibilityTol  1e-07
IntFeasTol  1e-07
MIPGap  0
OptimalityTol  1e-07
Method  1
NodeMethod  1
DualReductions  0
InfUnbdInfo  1
LogToConsole  0
NumericFocus  1
Seed  20260929
Threads  1

Optimize a model with 85 rows, 106 columns and 297 nonzeros (Min)
Model has 93 linear objective coefficients
Coefficient statistics:
  Matrix range     [5e-04, 1e+00]
  Objective range  [6e-02, 1e+00]
  Bounds range     [2e+01, 2e+01]
  RHS range        [2e-02, 2e+01]

LP warm-start: use basis

Iteration    Objective       Primal Inf.    Dual Inf.      Time
       0    7.1537178e-03   4.444444e-01   0.000000e+00      0s
       1    1.9653718e-02   0.000000e+00   0.000000e+00      0s

Solved in 1 iterations and 0.00 seconds (0.00 work units)
Optimal objective  1.965371776e-02

User-callback calls 41, time in user-callback 0.00 sec
Set parameter TimeLimit to value 30
Gurobi Optimizer version 13.0.2 build v13.0.2rc1 (win64 - Windows 11+.0 (26200.2))

CPU model: 13th Gen Intel(R) Core(TM) i7-13620H, instruction set [SSE2|AVX|AVX2]
Thread count: 10 physical cores, 16 logical processors, using up to 1 threads

Non-default parameters:
TimeLimit  30
SoftMemLimit  12
FeasibilityTol  1e-07
IntFeasTol  1e-07
MIPGap  0
OptimalityTol  1e-07
Method  1
NodeMethod  1
DualReductions  0
InfUnbdInfo  1
LogToConsole  0
NumericFocus  1
Seed  20260929
Threads  1

Optimize a model with 85 rows, 106 columns and 297 nonzeros (Min)
Model has 93 linear objective coefficients
Coefficient statistics:
  Matrix range     [5e-04, 1e+00]
  Objective range  [6e-02, 1e+00]
  Bounds range     [2e+01, 2e+01]
  RHS range        [2e-02, 2e+01]

LP warm-start: use basis

Iteration    Objective       Primal Inf.    Dual Inf.      Time
       0   -2.0534628e-01   1.859438e+01   0.000000e+00      0s
       4    7.1537178e-03   0.000000e+00   0.000000e+00      0s

Solved in 4 iterations and 0.00 seconds (0.00 work units)
Optimal objective  7.153717757e-03

User-callback calls 44, time in user-callback 0.00 sec
Set parameter TimeLimit to value 30
Gurobi Optimizer version 13.0.2 build v13.0.2rc1 (win64 - Windows 11+.0 (26200.2))

CPU model: 13th Gen Intel(R) Core(TM) i7-13620H, instruction set [SSE2|AVX|AVX2]
Thread count: 10 physical cores, 16 logical processors, using up to 1 threads

Non-default parameters:
TimeLimit  30
SoftMemLimit  12
FeasibilityTol  1e-07
IntFeasTol  1e-07
MIPGap  0
OptimalityTol  1e-07
Method  1
NodeMethod  1
DualReductions  0
InfUnbdInfo  1
LogToConsole  0
NumericFocus  1
Seed  20260929
Threads  1

Optimize a model with 85 rows, 106 columns and 297 nonzeros (Min)
Model has 93 linear objective coefficients
Coefficient statistics:
  Matrix range     [5e-04, 1e+00]
  Objective range  [6e-02, 1e+00]
  Bounds range     [2e+01, 2e+01]
  RHS range        [2e-02, 2e+01]

LP warm-start: use basis

Iteration    Objective       Primal Inf.    Dual Inf.      Time
       0   -1.9928463e+00   3.893084e+01   0.000000e+00      0s
       3    2.2696537e+00   0.000000e+00   0.000000e+00      0s

Solved in 3 iterations and 0.00 seconds (0.00 work units)
Optimal objective  2.269653718e+00

User-callback calls 43, time in user-callback 0.00 sec
Set parameter TimeLimit to value 30
Gurobi Optimizer version 13.0.2 build v13.0.2rc1 (win64 - Windows 11+.0 (26200.2))

CPU model: 13th Gen Intel(R) Core(TM) i7-13620H, instruction set [SSE2|AVX|AVX2]
Thread count: 10 physical cores, 16 logical processors, using up to 1 threads

Non-default parameters:
TimeLimit  30
SoftMemLimit  12
FeasibilityTol  1e-07
IntFeasTol  1e-07
MIPGap  0
OptimalityTol  1e-07
Method  1
NodeMethod  1
DualReductions  0
InfUnbdInfo  1
LogToConsole  0
NumericFocus  1
Seed  20260929
Threads  1

Optimize a model with 85 rows, 106 columns and 297 nonzeros (Min)
Model has 93 linear objective coefficients
Coefficient statistics:
  Matrix range     [5e-04, 1e+00]
  Objective range  [6e-02, 1e+00]
  Bounds range     [2e+01, 2e+01]
  RHS range        [2e-02, 2e+01]

LP warm-start: use basis

Iteration    Objective       Primal Inf.    Dual Inf.      Time
       0    2.0446537e+00   1.689438e+01   0.000000e+00      0s
       3    2.0552626e+00   0.000000e+00   0.000000e+00      0s

Solved in 3 iterations and 0.00 seconds (0.00 work units)
Optimal objective  2.055262589e+00

User-callback calls 43, time in user-callback 0.00 sec
Set parameter TimeLimit to value 30
Gurobi Optimizer version 13.0.2 build v13.0.2rc1 (win64 - Windows 11+.0 (26200.2))

CPU model: 13th Gen Intel(R) Core(TM) i7-13620H, instruction set [SSE2|AVX|AVX2]
Thread count: 10 physical cores, 16 logical processors, using up to 1 threads

Non-default parameters:
TimeLimit  30
SoftMemLimit  12
FeasibilityTol  1e-07
IntFeasTol  1e-07
MIPGap  0
OptimalityTol  1e-07
Method  1
NodeMethod  1
DualReductions  0
InfUnbdInfo  1
LogToConsole  0
NumericFocus  1
Seed  20260929
Threads  1

Optimize a model with 85 rows, 106 columns and 297 nonzeros (Min)
Model has 93 linear objective coefficients
Coefficient statistics:
  Matrix range     [5e-04, 1e+00]
  Objective range  [6e-02, 1e+00]
  Bounds range     [2e+01, 2e+01]
  RHS range        [2e-02, 2e+01]

LP warm-start: use basis

Iteration    Objective       Primal Inf.    Dual Inf.      Time
       0    2.0552626e+00   7.846282e+00   0.000000e+00      0s
       5    2.2696537e+00   0.000000e+00   0.000000e+00      0s

Solved in 5 iterations and 0.00 seconds (0.00 work units)
Optimal objective  2.269653718e+00

User-callback calls 45, time in user-callback 0.00 sec
Set parameter TimeLimit to value 30
Gurobi Optimizer version 13.0.2 build v13.0.2rc1 (win64 - Windows 11+.0 (26200.2))

CPU model: 13th Gen Intel(R) Core(TM) i7-13620H, instruction set [SSE2|AVX|AVX2]
Thread count: 10 physical cores, 16 logical processors, using up to 1 threads

Non-default parameters:
TimeLimit  30
SoftMemLimit  12
FeasibilityTol  1e-07
IntFeasTol  1e-07
MIPGap  0
OptimalityTol  1e-07
Method  1
NodeMethod  1
DualReductions  0
InfUnbdInfo  1
LogToConsole  0
NumericFocus  1
Seed  20260929
Threads  1

Optimize a model with 85 rows, 106 columns and 297 nonzeros (Min)
Model has 93 linear objective coefficients
Coefficient statistics:
  Matrix range     [5e-04, 1e+00]
  Objective range  [6e-02, 1e+00]
  Bounds range     [2e+01, 2e+01]
  RHS range        [2e-02, 2e+01]

LP warm-start: use basis

Iteration    Objective       Primal Inf.    Dual Inf.      Time
       0    2.0446537e+00   1.689438e+01   0.000000e+00      0s
       3    2.0552626e+00   0.000000e+00   0.000000e+00      0s

Solved in 3 iterations and 0.00 seconds (0.00 work units)
Optimal objective  2.055262589e+00

User-callback calls 43, time in user-callback 0.00 sec
Set parameter TimeLimit to value 30
Gurobi Optimizer version 13.0.2 build v13.0.2rc1 (win64 - Windows 11+.0 (26200.2))

CPU model: 13th Gen Intel(R) Core(TM) i7-13620H, instruction set [SSE2|AVX|AVX2]
Thread count: 10 physical cores, 16 logical processors, using up to 1 threads

Non-default parameters:
TimeLimit  30
SoftMemLimit  12
FeasibilityTol  1e-07
IntFeasTol  1e-07
MIPGap  0
OptimalityTol  1e-07
Method  1
NodeMethod  1
DualReductions  0
InfUnbdInfo  1
LogToConsole  0
NumericFocus  1
Seed  20260929
Threads  1

Optimize a model with 85 rows, 106 columns and 297 nonzeros (Min)
Model has 93 linear objective coefficients
Coefficient statistics:
  Matrix range     [5e-04, 1e+00]
  Objective range  [6e-02, 1e+00]
  Bounds range     [2e+01, 2e+01]
  RHS range        [4e-02, 2e+01]

LP warm-start: use basis

Iteration    Objective       Primal Inf.    Dual Inf.      Time
       0   -2.8385873e-01   1.357336e+01   0.000000e+00      0s
       8    2.0000000e+00   0.000000e+00   0.000000e+00      0s

Solved in 8 iterations and 0.00 seconds (0.00 work units)
Optimal objective  2.000000000e+00

User-callback calls 48, time in user-callback 0.00 sec
Set parameter TimeLimit to value 30
Gurobi Optimizer version 13.0.2 build v13.0.2rc1 (win64 - Windows 11+.0 (26200.2))

CPU model: 13th Gen Intel(R) Core(TM) i7-13620H, instruction set [SSE2|AVX|AVX2]
Thread count: 10 physical cores, 16 logical processors, using up to 1 threads

Non-default parameters:
TimeLimit  30
SoftMemLimit  12
FeasibilityTol  1e-07
IntFeasTol  1e-07
MIPGap  0
OptimalityTol  1e-07
Method  1
NodeMethod  1
DualReductions  0
InfUnbdInfo  1
LogToConsole  0
NumericFocus  1
Seed  20260929
Threads  1

Optimize a model with 85 rows, 106 columns and 297 nonzeros (Min)
Model has 93 linear objective coefficients
Coefficient statistics:
  Matrix range     [5e-04, 1e+00]
  Objective range  [6e-02, 1e+00]
  Bounds range     [2e+01, 2e+01]
  RHS range        [4e-02, 2e+01]

LP warm-start: use basis

Iteration    Objective       Primal Inf.    Dual Inf.      Time
       0    1.7750000e+00   1.877592e+01   0.000000e+00      0s
       7    2.0000000e+00   0.000000e+00   0.000000e+00      0s

Solved in 7 iterations and 0.00 seconds (0.00 work units)
Optimal objective  2.000000000e+00

User-callback calls 47, time in user-callback 0.00 sec
Set parameter TimeLimit to value 30
Gurobi Optimizer version 13.0.2 build v13.0.2rc1 (win64 - Windows 11+.0 (26200.2))

CPU model: 13th Gen Intel(R) Core(TM) i7-13620H, instruction set [SSE2|AVX|AVX2]
Thread count: 10 physical cores, 16 logical processors, using up to 1 threads

Non-default parameters:
TimeLimit  30
SoftMemLimit  12
FeasibilityTol  1e-07
IntFeasTol  1e-07
MIPGap  0
OptimalityTol  1e-07
Method  1
NodeMethod  1
DualReductions  0
InfUnbdInfo  1
LogToConsole  0
NumericFocus  1
Seed  20260929
Threads  1

Optimize a model with 85 rows, 106 columns and 297 nonzeros (Min)
Model has 93 linear objective coefficients
Coefficient statistics:
  Matrix range     [5e-04, 1e+00]
  Objective range  [6e-02, 1e+00]
  Bounds range     [2e+01, 2e+01]
  RHS range        [4e-02, 2e+01]

LP warm-start: use basis

Iteration    Objective       Primal Inf.    Dual Inf.      Time
       0    2.0000000e+00   0.000000e+00   0.000000e+00      0s

Solved in 0 iterations and 0.00 seconds (0.00 work units)
Optimal objective  2.000000000e+00

User-callback calls 38, time in user-callback 0.00 sec
Set parameter TimeLimit to value 30
Gurobi Optimizer version 13.0.2 build v13.0.2rc1 (win64 - Windows 11+.0 (26200.2))

CPU model: 13th Gen Intel(R) Core(TM) i7-13620H, instruction set [SSE2|AVX|AVX2]
Thread count: 10 physical cores, 16 logical processors, using up to 1 threads

Non-default parameters:
TimeLimit  30
SoftMemLimit  12
FeasibilityTol  1e-07
IntFeasTol  1e-07
MIPGap  0
OptimalityTol  1e-07
Method  1
NodeMethod  1
DualReductions  0
InfUnbdInfo  1
LogToConsole  0
NumericFocus  1
Seed  20260929
Threads  1

Optimize a model with 85 rows, 106 columns and 297 nonzeros (Min)
Model has 93 linear objective coefficients
Coefficient statistics:
  Matrix range     [5e-04, 1e+00]
  Objective range  [6e-02, 1e+00]
  Bounds range     [2e+01, 2e+01]
  RHS range        [4e-02, 2e+01]

LP warm-start: use basis

Iteration    Objective       Primal Inf.    Dual Inf.      Time
       0    2.0000000e+00   0.000000e+00   0.000000e+00      0s

Solved in 0 iterations and 0.00 seconds (0.00 work units)
Optimal objective  2.000000000e+00

User-callback calls 38, time in user-callback 0.00 sec
Set parameter TimeLimit to value 30
Gurobi Optimizer version 13.0.2 build v13.0.2rc1 (win64 - Windows 11+.0 (26200.2))

CPU model: 13th Gen Intel(R) Core(TM) i7-13620H, instruction set [SSE2|AVX|AVX2]
Thread count: 10 physical cores, 16 logical processors, using up to 1 threads

Non-default parameters:
TimeLimit  30
SoftMemLimit  12
FeasibilityTol  1e-07
IntFeasTol  1e-07
MIPGap  0
OptimalityTol  1e-07
Method  1
NodeMethod  1
DualReductions  0
InfUnbdInfo  1
LogToConsole  0
NumericFocus  1
Seed  20260929
Threads  1

Optimize a model with 85 rows, 106 columns and 297 nonzeros (Min)
Model has 93 linear objective coefficients
Coefficient statistics:
  Matrix range     [5e-04, 1e+00]
  Objective range  [6e-02, 1e+00]
  Bounds range     [2e+01, 2e+01]
  RHS range        [4e-02, 2e+01]

LP warm-start: use basis

Iteration    Objective       Primal Inf.    Dual Inf.      Time
       0    2.0000000e+00   3.301800e+01   0.000000e+00      0s
       4    2.2500000e+00   0.000000e+00   0.000000e+00      0s

Solved in 4 iterations and 0.00 seconds (0.00 work units)
Optimal objective  2.250000000e+00

User-callback calls 44, time in user-callback 0.00 sec
Set parameter TimeLimit to value 30
Gurobi Optimizer version 13.0.2 build v13.0.2rc1 (win64 - Windows 11+.0 (26200.2))

CPU model: 13th Gen Intel(R) Core(TM) i7-13620H, instruction set [SSE2|AVX|AVX2]
Thread count: 10 physical cores, 16 logical processors, using up to 1 threads

Non-default parameters:
TimeLimit  30
SoftMemLimit  12
FeasibilityTol  1e-07
IntFeasTol  1e-07
MIPGap  0
OptimalityTol  1e-07
Method  1
NodeMethod  1
DualReductions  0
InfUnbdInfo  1
LogToConsole  0
NumericFocus  1
Seed  20260929
Threads  1

Optimize a model with 85 rows, 106 columns and 297 nonzeros (Min)
Model has 93 linear objective coefficients
Coefficient statistics:
  Matrix range     [5e-04, 1e+00]
  Objective range  [6e-02, 1e+00]
  Bounds range     [2e+01, 2e+01]
  RHS range        [4e-02, 2e+01]

LP warm-start: use basis

Iteration    Objective       Primal Inf.    Dual Inf.      Time
       0    2.0250000e+00   1.697592e+01   0.000000e+00      0s
       4    2.0293233e+00   0.000000e+00   0.000000e+00      0s

Solved in 4 iterations and 0.00 seconds (0.00 work units)
Optimal objective  2.029323312e+00

User-callback calls 44, time in user-callback 0.00 sec
Set parameter TimeLimit to value 30
Gurobi Optimizer version 13.0.2 build v13.0.2rc1 (win64 - Windows 11+.0 (26200.2))

CPU model: 13th Gen Intel(R) Core(TM) i7-13620H, instruction set [SSE2|AVX|AVX2]
Thread count: 10 physical cores, 16 logical processors, using up to 1 threads

Non-default parameters:
TimeLimit  30
SoftMemLimit  12
FeasibilityTol  1e-07
IntFeasTol  1e-07
MIPGap  0
OptimalityTol  1e-07
Method  1
NodeMethod  1
DualReductions  0
InfUnbdInfo  1
LogToConsole  0
NumericFocus  1
Seed  20260929
Threads  1

Optimize a model with 85 rows, 106 columns and 297 nonzeros (Min)
Model has 93 linear objective coefficients
Coefficient statistics:
  Matrix range     [5e-04, 1e+00]
  Objective range  [6e-02, 1e+00]
  Bounds range     [2e+01, 2e+01]
  RHS range        [4e-02, 2e+01]

LP warm-start: use basis

Iteration    Objective       Primal Inf.    Dual Inf.      Time
       0    2.0293233e+00   7.846282e+00   0.000000e+00      0s
       6    2.2500000e+00   0.000000e+00   0.000000e+00      0s

Solved in 6 iterations and 0.00 seconds (0.00 work units)
Optimal objective  2.250000000e+00

User-callback calls 46, time in user-callback 0.00 sec
Set parameter TimeLimit to value 30
Gurobi Optimizer version 13.0.2 build v13.0.2rc1 (win64 - Windows 11+.0 (26200.2))

CPU model: 13th Gen Intel(R) Core(TM) i7-13620H, instruction set [SSE2|AVX|AVX2]
Thread count: 10 physical cores, 16 logical processors, using up to 1 threads

Non-default parameters:
TimeLimit  30
SoftMemLimit  12
FeasibilityTol  1e-07
IntFeasTol  1e-07
MIPGap  0
OptimalityTol  1e-07
Method  1
NodeMethod  1
DualReductions  0
InfUnbdInfo  1
LogToConsole  0
NumericFocus  1
Seed  20260929
Threads  1

Optimize a model with 85 rows, 106 columns and 297 nonzeros (Min)
Model has 93 linear objective coefficients
Coefficient statistics:
  Matrix range     [5e-04, 1e+00]
  Objective range  [6e-02, 1e+00]
  Bounds range     [2e+01, 2e+01]
  RHS range        [4e-02, 2e+01]

LP warm-start: use basis

Iteration    Objective       Primal Inf.    Dual Inf.      Time
       0    2.0250000e+00   1.697592e+01   0.000000e+00      0s
       4    2.0293233e+00   0.000000e+00   0.000000e+00      0s

Solved in 4 iterations and 0.00 seconds (0.00 work units)
Optimal objective  2.029323312e+00

User-callback calls 44, time in user-callback 0.00 sec
Set parameter TimeLimit to value 30
Gurobi Optimizer version 13.0.2 build v13.0.2rc1 (win64 - Windows 11+.0 (26200.2))

CPU model: 13th Gen Intel(R) Core(TM) i7-13620H, instruction set [SSE2|AVX|AVX2]
Thread count: 10 physical cores, 16 logical processors, using up to 1 threads

Non-default parameters:
TimeLimit  30
SoftMemLimit  12
FeasibilityTol  1e-07
IntFeasTol  1e-07
MIPGap  0
OptimalityTol  1e-07
Method  1
NodeMethod  1
DualReductions  0
InfUnbdInfo  1
LogToConsole  0
NumericFocus  1
Seed  20260929
Threads  1

Optimize a model with 85 rows, 106 columns and 297 nonzeros (Min)
Model has 93 linear objective coefficients
Coefficient statistics:
  Matrix range     [5e-04, 1e+00]
  Objective range  [6e-02, 1e+00]
  Bounds range     [2e+01, 2e+01]
  RHS range        [4e-02, 2e+01]

LP warm-start: use basis

Iteration    Objective       Primal Inf.    Dual Inf.      Time
       0    1.7918233e+00   9.511696e+00   0.000000e+00      0s
       6    2.0125000e+00   0.000000e+00   0.000000e+00      0s

Solved in 6 iterations and 0.00 seconds (0.00 work units)
Optimal objective  2.012500000e+00

User-callback calls 46, time in user-callback 0.00 sec
Set parameter TimeLimit to value 30
Gurobi Optimizer version 13.0.2 build v13.0.2rc1 (win64 - Windows 11+.0 (26200.2))

CPU model: 13th Gen Intel(R) Core(TM) i7-13620H, instruction set [SSE2|AVX|AVX2]
Thread count: 10 physical cores, 16 logical processors, using up to 1 threads

Non-default parameters:
TimeLimit  30
SoftMemLimit  12
FeasibilityTol  1e-07
IntFeasTol  1e-07
MIPGap  0
OptimalityTol  1e-07
Method  1
NodeMethod  1
DualReductions  0
InfUnbdInfo  1
LogToConsole  0
NumericFocus  1
Seed  20260929
Threads  1

Optimize a model with 85 rows, 106 columns and 297 nonzeros (Min)
Model has 93 linear objective coefficients
Coefficient statistics:
  Matrix range     [5e-04, 1e+00]
  Objective range  [6e-02, 1e+00]
  Bounds range     [2e+01, 2e+01]
  RHS range        [4e-02, 2e+01]

LP warm-start: use basis

Iteration    Objective       Primal Inf.    Dual Inf.      Time
       0    1.7875000e+00   1.867592e+01   0.000000e+00      0s
       6    2.0000000e+00   0.000000e+00   0.000000e+00      0s

Solved in 6 iterations and 0.00 seconds (0.00 work units)
Optimal objective  2.000000000e+00

User-callback calls 46, time in user-callback 0.00 sec
Set parameter TimeLimit to value 30
Gurobi Optimizer version 13.0.2 build v13.0.2rc1 (win64 - Windows 11+.0 (26200.2))

CPU model: 13th Gen Intel(R) Core(TM) i7-13620H, instruction set [SSE2|AVX|AVX2]
Thread count: 10 physical cores, 16 logical processors, using up to 1 threads

Non-default parameters:
TimeLimit  30
SoftMemLimit  12
FeasibilityTol  1e-07
IntFeasTol  1e-07
MIPGap  0
OptimalityTol  1e-07
Method  1
NodeMethod  1
DualReductions  0
InfUnbdInfo  1
LogToConsole  0
NumericFocus  1
Seed  20260929
Threads  1

Optimize a model with 85 rows, 106 columns and 297 nonzeros (Min)
Model has 93 linear objective coefficients
Coefficient statistics:
  Matrix range     [5e-04, 1e+00]
  Objective range  [6e-02, 1e+00]
  Bounds range     [2e+01, 2e+01]
  RHS range        [4e-02, 2e+01]

LP warm-start: use basis

Iteration    Objective       Primal Inf.    Dual Inf.      Time
       0    2.0000000e+00   4.444444e-01   0.000000e+00      0s
       3    2.0125000e+00   0.000000e+00   0.000000e+00      0s

Solved in 3 iterations and 0.00 seconds (0.00 work units)
Optimal objective  2.012500000e+00

User-callback calls 43, time in user-callback 0.00 sec
Set parameter TimeLimit to value 30
Gurobi Optimizer version 13.0.2 build v13.0.2rc1 (win64 - Windows 11+.0 (26200.2))

CPU model: 13th Gen Intel(R) Core(TM) i7-13620H, instruction set [SSE2|AVX|AVX2]
Thread count: 10 physical cores, 16 logical processors, using up to 1 threads

Non-default parameters:
TimeLimit  30
SoftMemLimit  12
FeasibilityTol  1e-07
IntFeasTol  1e-07
MIPGap  0
OptimalityTol  1e-07
Method  1
NodeMethod  1
DualReductions  0
InfUnbdInfo  1
LogToConsole  0
NumericFocus  1
Seed  20260929
Threads  1

Optimize a model with 85 rows, 106 columns and 297 nonzeros (Min)
Model has 93 linear objective coefficients
Coefficient statistics:
  Matrix range     [5e-04, 1e+00]
  Objective range  [6e-02, 1e+00]
  Bounds range     [2e+01, 2e+01]
  RHS range        [4e-02, 2e+01]

LP warm-start: use basis

Iteration    Objective       Primal Inf.    Dual Inf.      Time
       0    1.7875000e+00   1.867592e+01   0.000000e+00      0s
       6    2.0000000e+00   0.000000e+00   0.000000e+00      0s

Solved in 6 iterations and 0.00 seconds (0.00 work units)
Optimal objective  2.000000000e+00

User-callback calls 46, time in user-callback 0.00 sec
Set parameter TimeLimit to value 30
Gurobi Optimizer version 13.0.2 build v13.0.2rc1 (win64 - Windows 11+.0 (26200.2))

CPU model: 13th Gen Intel(R) Core(TM) i7-13620H, instruction set [SSE2|AVX|AVX2]
Thread count: 10 physical cores, 16 logical processors, using up to 1 threads

Non-default parameters:
TimeLimit  30
SoftMemLimit  12
FeasibilityTol  1e-07
IntFeasTol  1e-07
MIPGap  0
OptimalityTol  1e-07
Method  1
NodeMethod  1
DualReductions  0
InfUnbdInfo  1
LogToConsole  0
NumericFocus  1
Seed  20260929
Threads  1

Optimize a model with 85 rows, 106 columns and 297 nonzeros (Min)
Model has 93 linear objective coefficients
Coefficient statistics:
  Matrix range     [5e-04, 1e+00]
  Objective range  [6e-02, 1e+00]
  Bounds range     [2e+01, 2e+01]
  RHS range        [4e-02, 2e+01]

LP warm-start: use basis

Iteration    Objective       Primal Inf.    Dual Inf.      Time
       0    2.0000000e+00   3.803904e+01   0.000000e+00      0s
       4    4.2625000e+00   0.000000e+00   0.000000e+00      0s

Solved in 4 iterations and 0.00 seconds (0.00 work units)
Optimal objective  4.262500000e+00

User-callback calls 44, time in user-callback 0.00 sec
Set parameter TimeLimit to value 30
Gurobi Optimizer version 13.0.2 build v13.0.2rc1 (win64 - Windows 11+.0 (26200.2))

CPU model: 13th Gen Intel(R) Core(TM) i7-13620H, instruction set [SSE2|AVX|AVX2]
Thread count: 10 physical cores, 16 logical processors, using up to 1 threads

Non-default parameters:
TimeLimit  30
SoftMemLimit  12
FeasibilityTol  1e-07
IntFeasTol  1e-07
MIPGap  0
OptimalityTol  1e-07
Method  1
NodeMethod  1
DualReductions  0
InfUnbdInfo  1
LogToConsole  0
NumericFocus  1
Seed  20260929
Threads  1

Optimize a model with 85 rows, 106 columns and 297 nonzeros (Min)
Model has 93 linear objective coefficients
Coefficient statistics:
  Matrix range     [5e-04, 1e+00]
  Objective range  [6e-02, 1e+00]
  Bounds range     [2e+01, 2e+01]
  RHS range        [4e-02, 2e+01]

LP warm-start: use basis

Iteration    Objective       Primal Inf.    Dual Inf.      Time
       0    4.0375000e+00   1.697592e+01   0.000000e+00      0s
       4    4.0418233e+00   0.000000e+00   0.000000e+00      0s

Solved in 4 iterations and 0.00 seconds (0.00 work units)
Optimal objective  4.041823312e+00

User-callback calls 44, time in user-callback 0.00 sec
Set parameter TimeLimit to value 30
Gurobi Optimizer version 13.0.2 build v13.0.2rc1 (win64 - Windows 11+.0 (26200.2))

CPU model: 13th Gen Intel(R) Core(TM) i7-13620H, instruction set [SSE2|AVX|AVX2]
Thread count: 10 physical cores, 16 logical processors, using up to 1 threads

Non-default parameters:
TimeLimit  30
SoftMemLimit  12
FeasibilityTol  1e-07
IntFeasTol  1e-07
MIPGap  0
OptimalityTol  1e-07
Method  1
NodeMethod  1
DualReductions  0
InfUnbdInfo  1
LogToConsole  0
NumericFocus  1
Seed  20260929
Threads  1

Optimize a model with 85 rows, 106 columns and 297 nonzeros (Min)
Model has 93 linear objective coefficients
Coefficient statistics:
  Matrix range     [5e-04, 1e+00]
  Objective range  [6e-02, 1e+00]
  Bounds range     [2e+01, 2e+01]
  RHS range        [4e-02, 2e+01]

LP warm-start: use basis

Iteration    Objective       Primal Inf.    Dual Inf.      Time
       0    4.0418233e+00   7.846282e+00   0.000000e+00      0s
       6    4.2625000e+00   0.000000e+00   0.000000e+00      0s

Solved in 6 iterations and 0.00 seconds (0.00 work units)
Optimal objective  4.262500000e+00

User-callback calls 46, time in user-callback 0.00 sec
Set parameter TimeLimit to value 30
Gurobi Optimizer version 13.0.2 build v13.0.2rc1 (win64 - Windows 11+.0 (26200.2))

CPU model: 13th Gen Intel(R) Core(TM) i7-13620H, instruction set [SSE2|AVX|AVX2]
Thread count: 10 physical cores, 16 logical processors, using up to 1 threads

Non-default parameters:
TimeLimit  30
SoftMemLimit  12
FeasibilityTol  1e-07
IntFeasTol  1e-07
MIPGap  0
OptimalityTol  1e-07
Method  1
NodeMethod  1
DualReductions  0
InfUnbdInfo  1
LogToConsole  0
NumericFocus  1
Seed  20260929
Threads  1

Optimize a model with 85 rows, 106 columns and 297 nonzeros (Min)
Model has 93 linear objective coefficients
Coefficient statistics:
  Matrix range     [5e-04, 1e+00]
  Objective range  [6e-02, 1e+00]
  Bounds range     [2e+01, 2e+01]
  RHS range        [4e-02, 2e+01]

LP warm-start: use basis

Iteration    Objective       Primal Inf.    Dual Inf.      Time
       0    4.0375000e+00   1.697592e+01   0.000000e+00      0s
       4    4.0418233e+00   0.000000e+00   0.000000e+00      0s

Solved in 4 iterations and 0.00 seconds (0.00 work units)
Optimal objective  4.041823312e+00

User-callback calls 44, time in user-callback 0.00 sec
Set parameter TimeLimit to value 30
Gurobi Optimizer version 13.0.2 build v13.0.2rc1 (win64 - Windows 11+.0 (26200.2))

CPU model: 13th Gen Intel(R) Core(TM) i7-13620H, instruction set [SSE2|AVX|AVX2]
Thread count: 10 physical cores, 16 logical processors, using up to 1 threads

Non-default parameters:
TimeLimit  30
SoftMemLimit  12
FeasibilityTol  1e-07
IntFeasTol  1e-07
MIPGap  0
OptimalityTol  1e-07
Method  1
NodeMethod  1
DualReductions  0
InfUnbdInfo  1
LogToConsole  0
NumericFocus  1
Seed  20260929
Threads  1

Optimize a model with 85 rows, 106 columns and 297 nonzeros (Min)
Model has 93 linear objective coefficients
Coefficient statistics:
  Matrix range     [5e-04, 1e+00]
  Objective range  [6e-02, 1e+00]
  Bounds range     [2e+01, 2e+01]
  RHS range        [2e-02, 2e+01]

LP warm-start: use basis

Iteration    Objective       Primal Inf.    Dual Inf.      Time
       0   -2.5090047e+00   4.566042e+01   0.000000e+00      0s
      14    4.0071537e+00   0.000000e+00   0.000000e+00      0s

Solved in 14 iterations and 0.00 seconds (0.00 work units)
Optimal objective  4.007153718e+00

User-callback calls 54, time in user-callback 0.00 sec
Set parameter TimeLimit to value 30
Gurobi Optimizer version 13.0.2 build v13.0.2rc1 (win64 - Windows 11+.0 (26200.2))

CPU model: 13th Gen Intel(R) Core(TM) i7-13620H, instruction set [SSE2|AVX|AVX2]
Thread count: 10 physical cores, 16 logical processors, using up to 1 threads

Non-default parameters:
TimeLimit  30
SoftMemLimit  12
FeasibilityTol  1e-07
IntFeasTol  1e-07
MIPGap  0
OptimalityTol  1e-07
Method  1
NodeMethod  1
DualReductions  0
InfUnbdInfo  1
LogToConsole  0
NumericFocus  1
Seed  20260929
Threads  1

Optimize a model with 85 rows, 106 columns and 297 nonzeros (Min)
Model has 93 linear objective coefficients
Coefficient statistics:
  Matrix range     [5e-04, 1e+00]
  Objective range  [6e-02, 1e+00]
  Bounds range     [2e+01, 2e+01]
  RHS range        [2e-02, 2e+01]

LP warm-start: use basis

Iteration    Objective       Primal Inf.    Dual Inf.      Time
       0    3.5571537e+00   3.770877e+01   0.000000e+00      0s
       9    4.0071537e+00   0.000000e+00   0.000000e+00      0s

Solved in 9 iterations and 0.00 seconds (0.00 work units)
Optimal objective  4.007153718e+00

User-callback calls 49, time in user-callback 0.00 sec
Set parameter TimeLimit to value 30
Gurobi Optimizer version 13.0.2 build v13.0.2rc1 (win64 - Windows 11+.0 (26200.2))

CPU model: 13th Gen Intel(R) Core(TM) i7-13620H, instruction set [SSE2|AVX|AVX2]
Thread count: 10 physical cores, 16 logical processors, using up to 1 threads

Non-default parameters:
TimeLimit  30
SoftMemLimit  12
FeasibilityTol  1e-07
IntFeasTol  1e-07
MIPGap  0
OptimalityTol  1e-07
Method  1
NodeMethod  1
DualReductions  0
InfUnbdInfo  1
LogToConsole  0
NumericFocus  1
Seed  20260929
Threads  1

Optimize a model with 85 rows, 106 columns and 297 nonzeros (Min)
Model has 93 linear objective coefficients
Coefficient statistics:
  Matrix range     [5e-04, 1e+00]
  Objective range  [6e-02, 1e+00]
  Bounds range     [2e+01, 2e+01]
  RHS range        [2e-02, 2e+01]

LP warm-start: use basis

Iteration    Objective       Primal Inf.    Dual Inf.      Time
       0    4.0071537e+00   5.876649e+01   0.000000e+00      0s
       1    4.0071537e+00   0.000000e+00   0.000000e+00      0s

Solved in 1 iterations and 0.00 seconds (0.00 work units)
Optimal objective  4.007153718e+00

User-callback calls 41, time in user-callback 0.00 sec
Set parameter TimeLimit to value 30
Gurobi Optimizer version 13.0.2 build v13.0.2rc1 (win64 - Windows 11+.0 (26200.2))

CPU model: 13th Gen Intel(R) Core(TM) i7-13620H, instruction set [SSE2|AVX|AVX2]
Thread count: 10 physical cores, 16 logical processors, using up to 1 threads

Non-default parameters:
TimeLimit  30
SoftMemLimit  12
FeasibilityTol  1e-07
IntFeasTol  1e-07
MIPGap  0
OptimalityTol  1e-07
Method  1
NodeMethod  1
DualReductions  0
InfUnbdInfo  1
LogToConsole  0
NumericFocus  1
Seed  20260929
Threads  1

Optimize a model with 85 rows, 106 columns and 297 nonzeros (Min)
Model has 93 linear objective coefficients
Coefficient statistics:
  Matrix range     [5e-04, 1e+00]
  Objective range  [6e-02, 1e+00]
  Bounds range     [2e+01, 2e+01]
  RHS range        [2e-02, 2e+01]

LP warm-start: use basis

Iteration    Objective       Primal Inf.    Dual Inf.      Time
       0    4.0071537e+00   3.402389e+01   0.000000e+00      0s
       3    4.0071537e+00   0.000000e+00   0.000000e+00      0s

Solved in 3 iterations and 0.00 seconds (0.00 work units)
Optimal objective  4.007153718e+00

User-callback calls 43, time in user-callback 0.00 sec
Set parameter TimeLimit to value 30
Gurobi Optimizer version 13.0.2 build v13.0.2rc1 (win64 - Windows 11+.0 (26200.2))

CPU model: 13th Gen Intel(R) Core(TM) i7-13620H, instruction set [SSE2|AVX|AVX2]
Thread count: 10 physical cores, 16 logical processors, using up to 1 threads

Non-default parameters:
TimeLimit  30
SoftMemLimit  12
FeasibilityTol  1e-07
IntFeasTol  1e-07
MIPGap  0
OptimalityTol  1e-07
Method  1
NodeMethod  1
DualReductions  0
InfUnbdInfo  1
LogToConsole  0
NumericFocus  1
Seed  20260929
Threads  1

Optimize a model with 85 rows, 106 columns and 297 nonzeros (Min)
Model has 93 linear objective coefficients
Coefficient statistics:
  Matrix range     [5e-04, 1e+00]
  Objective range  [6e-02, 1e+00]
  Bounds range     [2e+01, 2e+01]
  RHS range        [2e-02, 2e+01]

LP warm-start: use basis

Iteration    Objective       Primal Inf.    Dual Inf.      Time
       0    2.0071537e+00   1.521634e+02   0.000000e+00      0s
       4    2.2571537e+00   0.000000e+00   0.000000e+00      0s

Solved in 4 iterations and 0.00 seconds (0.00 work units)
Optimal objective  2.257153718e+00

User-callback calls 44, time in user-callback 0.00 sec
Set parameter TimeLimit to value 30
Gurobi Optimizer version 13.0.2 build v13.0.2rc1 (win64 - Windows 11+.0 (26200.2))

CPU model: 13th Gen Intel(R) Core(TM) i7-13620H, instruction set [SSE2|AVX|AVX2]
Thread count: 10 physical cores, 16 logical processors, using up to 1 threads

Non-default parameters:
TimeLimit  30
SoftMemLimit  12
FeasibilityTol  1e-07
IntFeasTol  1e-07
MIPGap  0
OptimalityTol  1e-07
Method  1
NodeMethod  1
DualReductions  0
InfUnbdInfo  1
LogToConsole  0
NumericFocus  1
Seed  20260929
Threads  1

Optimize a model with 85 rows, 106 columns and 297 nonzeros (Min)
Model has 93 linear objective coefficients
Coefficient statistics:
  Matrix range     [5e-04, 1e+00]
  Objective range  [6e-02, 1e+00]
  Bounds range     [2e+01, 2e+01]
  RHS range        [2e-02, 2e+01]

LP warm-start: use basis

Iteration    Objective       Primal Inf.    Dual Inf.      Time
       0    1.8071537e+00   3.570877e+01   0.000000e+00      0s
       8    2.0071537e+00   0.000000e+00   0.000000e+00      0s

Solved in 8 iterations and 0.00 seconds (0.00 work units)
Optimal objective  2.007153718e+00

User-callback calls 48, time in user-callback 0.00 sec
Set parameter TimeLimit to value 30
Gurobi Optimizer version 13.0.2 build v13.0.2rc1 (win64 - Windows 11+.0 (26200.2))

CPU model: 13th Gen Intel(R) Core(TM) i7-13620H, instruction set [SSE2|AVX|AVX2]
Thread count: 10 physical cores, 16 logical processors, using up to 1 threads

Non-default parameters:
TimeLimit  30
SoftMemLimit  12
FeasibilityTol  1e-07
IntFeasTol  1e-07
MIPGap  0
OptimalityTol  1e-07
Method  1
NodeMethod  1
DualReductions  0
InfUnbdInfo  1
LogToConsole  0
NumericFocus  1
Seed  20260929
Threads  1

Optimize a model with 85 rows, 106 columns and 297 nonzeros (Min)
Model has 93 linear objective coefficients
Coefficient statistics:
  Matrix range     [5e-04, 1e+00]
  Objective range  [6e-02, 1e+00]
  Bounds range     [2e+01, 2e+01]
  RHS range        [2e-02, 2e+01]

LP warm-start: use basis

Iteration    Objective       Primal Inf.    Dual Inf.      Time
       0    2.0071537e+00   8.888889e+00   0.000000e+00      0s
       6    2.2571537e+00   0.000000e+00   0.000000e+00      0s

Solved in 6 iterations and 0.00 seconds (0.00 work units)
Optimal objective  2.257153718e+00

User-callback calls 46, time in user-callback 0.00 sec
Set parameter TimeLimit to value 30
Gurobi Optimizer version 13.0.2 build v13.0.2rc1 (win64 - Windows 11+.0 (26200.2))

CPU model: 13th Gen Intel(R) Core(TM) i7-13620H, instruction set [SSE2|AVX|AVX2]
Thread count: 10 physical cores, 16 logical processors, using up to 1 threads

Non-default parameters:
TimeLimit  30
SoftMemLimit  12
FeasibilityTol  1e-07
IntFeasTol  1e-07
MIPGap  0
OptimalityTol  1e-07
Method  1
NodeMethod  1
DualReductions  0
InfUnbdInfo  1
LogToConsole  0
NumericFocus  1
Seed  20260929
Threads  1

Optimize a model with 85 rows, 106 columns and 297 nonzeros (Min)
Model has 93 linear objective coefficients
Coefficient statistics:
  Matrix range     [5e-04, 1e+00]
  Objective range  [6e-02, 1e+00]
  Bounds range     [2e+01, 2e+01]
  RHS range        [2e-02, 2e+01]

LP warm-start: use basis

Iteration    Objective       Primal Inf.    Dual Inf.      Time
       0    1.8071537e+00   3.538877e+01   0.000000e+00      0s
       7    2.0071537e+00   0.000000e+00   0.000000e+00      0s

Solved in 7 iterations and 0.00 seconds (0.00 work units)
Optimal objective  2.007153718e+00

User-callback calls 47, time in user-callback 0.00 sec
Set parameter TimeLimit to value 30
Gurobi Optimizer version 13.0.2 build v13.0.2rc1 (win64 - Windows 11+.0 (26200.2))

CPU model: 13th Gen Intel(R) Core(TM) i7-13620H, instruction set [SSE2|AVX|AVX2]
Thread count: 10 physical cores, 16 logical processors, using up to 1 threads

Non-default parameters:
TimeLimit  30
SoftMemLimit  12
FeasibilityTol  1e-07
IntFeasTol  1e-07
MIPGap  0
OptimalityTol  1e-07
Method  1
NodeMethod  1
DualReductions  0
InfUnbdInfo  1
LogToConsole  0
NumericFocus  1
Seed  20260929
Threads  1

Optimize a model with 85 rows, 106 columns and 297 nonzeros (Min)
Model has 93 linear objective coefficients
Coefficient statistics:
  Matrix range     [5e-04, 1e+00]
  Objective range  [6e-02, 1e+00]
  Bounds range     [2e+01, 2e+01]
  RHS range        [2e-02, 2e+01]

LP warm-start: use basis

Iteration    Objective       Primal Inf.    Dual Inf.      Time
       0    2.0071537e+00   3.698162e+01   0.000000e+00      0s
       6    2.0196537e+00   0.000000e+00   0.000000e+00      0s

Solved in 6 iterations and 0.00 seconds (0.00 work units)
Optimal objective  2.019653718e+00

User-callback calls 46, time in user-callback 0.00 sec
Set parameter TimeLimit to value 30
Gurobi Optimizer version 13.0.2 build v13.0.2rc1 (win64 - Windows 11+.0 (26200.2))

CPU model: 13th Gen Intel(R) Core(TM) i7-13620H, instruction set [SSE2|AVX|AVX2]
Thread count: 10 physical cores, 16 logical processors, using up to 1 threads

Non-default parameters:
TimeLimit  30
SoftMemLimit  12
FeasibilityTol  1e-07
IntFeasTol  1e-07
MIPGap  0
OptimalityTol  1e-07
Method  1
NodeMethod  1
DualReductions  0
InfUnbdInfo  1
LogToConsole  0
NumericFocus  1
Seed  20260929
Threads  1

Optimize a model with 85 rows, 106 columns and 297 nonzeros (Min)
Model has 93 linear objective coefficients
Coefficient statistics:
  Matrix range     [5e-04, 1e+00]
  Objective range  [6e-02, 1e+00]
  Bounds range     [2e+01, 2e+01]
  RHS range        [2e-02, 2e+01]

LP warm-start: use basis

Iteration    Objective       Primal Inf.    Dual Inf.      Time
       0    1.5696537e+00   3.728877e+01   0.000000e+00      0s
       9    2.0071537e+00   0.000000e+00   0.000000e+00      0s

Solved in 9 iterations and 0.00 seconds (0.00 work units)
Optimal objective  2.007153718e+00

User-callback calls 49, time in user-callback 0.00 sec
Set parameter TimeLimit to value 30
Gurobi Optimizer version 13.0.2 build v13.0.2rc1 (win64 - Windows 11+.0 (26200.2))

CPU model: 13th Gen Intel(R) Core(TM) i7-13620H, instruction set [SSE2|AVX|AVX2]
Thread count: 10 physical cores, 16 logical processors, using up to 1 threads

Non-default parameters:
TimeLimit  30
SoftMemLimit  12
FeasibilityTol  1e-07
IntFeasTol  1e-07
MIPGap  0
OptimalityTol  1e-07
Method  1
NodeMethod  1
DualReductions  0
InfUnbdInfo  1
LogToConsole  0
NumericFocus  1
Seed  20260929
Threads  1

Optimize a model with 85 rows, 106 columns and 297 nonzeros (Min)
Model has 93 linear objective coefficients
Coefficient statistics:
  Matrix range     [5e-04, 1e+00]
  Objective range  [6e-02, 1e+00]
  Bounds range     [2e+01, 2e+01]
  RHS range        [2e-02, 2e+01]

LP warm-start: use basis

Iteration    Objective       Primal Inf.    Dual Inf.      Time
       0    2.0071537e+00   6.274111e+01   0.000000e+00      0s
       3    2.0196537e+00   0.000000e+00   0.000000e+00      0s

Solved in 3 iterations and 0.00 seconds (0.00 work units)
Optimal objective  2.019653718e+00

User-callback calls 43, time in user-callback 0.00 sec
Set parameter TimeLimit to value 30
Gurobi Optimizer version 13.0.2 build v13.0.2rc1 (win64 - Windows 11+.0 (26200.2))

CPU model: 13th Gen Intel(R) Core(TM) i7-13620H, instruction set [SSE2|AVX|AVX2]
Thread count: 10 physical cores, 16 logical processors, using up to 1 threads

Non-default parameters:
TimeLimit  30
SoftMemLimit  12
FeasibilityTol  1e-07
IntFeasTol  1e-07
MIPGap  0
OptimalityTol  1e-07
Method  1
NodeMethod  1
DualReductions  0
InfUnbdInfo  1
LogToConsole  0
NumericFocus  1
Seed  20260929
Threads  1

Optimize a model with 85 rows, 106 columns and 297 nonzeros (Min)
Model has 93 linear objective coefficients
Coefficient statistics:
  Matrix range     [5e-04, 1e+00]
  Objective range  [6e-02, 1e+00]
  Bounds range     [2e+01, 2e+01]
  RHS range        [2e-02, 2e+01]

LP warm-start: use basis

Iteration    Objective       Primal Inf.    Dual Inf.      Time
       0    1.5696537e+00   3.728877e+01   0.000000e+00      0s
       9    2.0071537e+00   0.000000e+00   0.000000e+00      0s

Solved in 9 iterations and 0.00 seconds (0.00 work units)
Optimal objective  2.007153718e+00

User-callback calls 49, time in user-callback 0.00 sec
Set parameter TimeLimit to value 30
Gurobi Optimizer version 13.0.2 build v13.0.2rc1 (win64 - Windows 11+.0 (26200.2))

CPU model: 13th Gen Intel(R) Core(TM) i7-13620H, instruction set [SSE2|AVX|AVX2]
Thread count: 10 physical cores, 16 logical processors, using up to 1 threads

Non-default parameters:
TimeLimit  30
SoftMemLimit  12
FeasibilityTol  1e-07
IntFeasTol  1e-07
MIPGap  0
OptimalityTol  1e-07
Method  1
NodeMethod  1
DualReductions  0
InfUnbdInfo  1
LogToConsole  0
NumericFocus  1
Seed  20260929
Threads  1

Optimize a model with 85 rows, 106 columns and 297 nonzeros (Min)
Model has 93 linear objective coefficients
Coefficient statistics:
  Matrix range     [5e-04, 1e+00]
  Objective range  [6e-02, 1e+00]
  Bounds range     [2e+01, 2e+01]
  RHS range        [2e-02, 2e+01]

LP warm-start: use basis

Iteration    Objective       Primal Inf.    Dual Inf.      Time
       0    7.1537178e-03   1.591595e+02   0.000000e+00      0s
       8    4.2696537e+00   0.000000e+00   0.000000e+00      0s

Solved in 8 iterations and 0.00 seconds (0.00 work units)
Optimal objective  4.269653718e+00

User-callback calls 48, time in user-callback 0.00 sec
Set parameter TimeLimit to value 30
Gurobi Optimizer version 13.0.2 build v13.0.2rc1 (win64 - Windows 11+.0 (26200.2))

CPU model: 13th Gen Intel(R) Core(TM) i7-13620H, instruction set [SSE2|AVX|AVX2]
Thread count: 10 physical cores, 16 logical processors, using up to 1 threads

Non-default parameters:
TimeLimit  30
SoftMemLimit  12
FeasibilityTol  1e-07
IntFeasTol  1e-07
MIPGap  0
OptimalityTol  1e-07
Method  1
NodeMethod  1
DualReductions  0
InfUnbdInfo  1
LogToConsole  0
NumericFocus  1
Seed  20260929
Threads  1

Optimize a model with 85 rows, 106 columns and 297 nonzeros (Min)
Model has 93 linear objective coefficients
Coefficient statistics:
  Matrix range     [5e-04, 1e+00]
  Objective range  [6e-02, 1e+00]
  Bounds range     [2e+01, 2e+01]
  RHS range        [2e-02, 2e+01]

LP warm-start: use basis

Iteration    Objective       Primal Inf.    Dual Inf.      Time
       0    3.8196537e+00   3.528877e+01   0.000000e+00      0s
       7    4.0071537e+00   0.000000e+00   0.000000e+00      0s

Solved in 7 iterations and 0.00 seconds (0.00 work units)
Optimal objective  4.007153718e+00

User-callback calls 47, time in user-callback 0.00 sec
Set parameter TimeLimit to value 30
Gurobi Optimizer version 13.0.2 build v13.0.2rc1 (win64 - Windows 11+.0 (26200.2))

CPU model: 13th Gen Intel(R) Core(TM) i7-13620H, instruction set [SSE2|AVX|AVX2]
Thread count: 10 physical cores, 16 logical processors, using up to 1 threads

Non-default parameters:
TimeLimit  30
SoftMemLimit  12
FeasibilityTol  1e-07
IntFeasTol  1e-07
MIPGap  0
OptimalityTol  1e-07
Method  1
NodeMethod  1
DualReductions  0
InfUnbdInfo  1
LogToConsole  0
NumericFocus  1
Seed  20260929
Threads  1

Optimize a model with 85 rows, 106 columns and 297 nonzeros (Min)
Model has 93 linear objective coefficients
Coefficient statistics:
  Matrix range     [5e-04, 1e+00]
  Objective range  [6e-02, 1e+00]
  Bounds range     [2e+01, 2e+01]
  RHS range        [2e-02, 2e+01]

LP warm-start: use basis

Iteration    Objective       Primal Inf.    Dual Inf.      Time
       0    4.0071537e+00   9.333333e+00   0.000000e+00      0s
       6    4.2696537e+00   0.000000e+00   0.000000e+00      0s

Solved in 6 iterations and 0.00 seconds (0.00 work units)
Optimal objective  4.269653718e+00

User-callback calls 46, time in user-callback 0.00 sec
Set parameter TimeLimit to value 30
Gurobi Optimizer version 13.0.2 build v13.0.2rc1 (win64 - Windows 11+.0 (26200.2))

CPU model: 13th Gen Intel(R) Core(TM) i7-13620H, instruction set [SSE2|AVX|AVX2]
Thread count: 10 physical cores, 16 logical processors, using up to 1 threads

Non-default parameters:
TimeLimit  30
SoftMemLimit  12
FeasibilityTol  1e-07
IntFeasTol  1e-07
MIPGap  0
OptimalityTol  1e-07
Method  1
NodeMethod  1
DualReductions  0
InfUnbdInfo  1
LogToConsole  0
NumericFocus  1
Seed  20260929
Threads  1

Optimize a model with 85 rows, 106 columns and 297 nonzeros (Min)
Model has 93 linear objective coefficients
Coefficient statistics:
  Matrix range     [5e-04, 1e+00]
  Objective range  [6e-02, 1e+00]
  Bounds range     [2e+01, 2e+01]
  RHS range        [2e-02, 2e+01]

LP warm-start: use basis

Iteration    Objective       Primal Inf.    Dual Inf.      Time
       0    3.8196537e+00   3.528877e+01   0.000000e+00      0s
       7    4.0071537e+00   0.000000e+00   0.000000e+00      0s

Solved in 7 iterations and 0.00 seconds (0.00 work units)
Optimal objective  4.007153718e+00

User-callback calls 47, time in user-callback 0.00 sec
Set parameter TimeLimit to value 30
Gurobi Optimizer version 13.0.2 build v13.0.2rc1 (win64 - Windows 11+.0 (26200.2))

CPU model: 13th Gen Intel(R) Core(TM) i7-13620H, instruction set [SSE2|AVX|AVX2]
Thread count: 10 physical cores, 16 logical processors, using up to 1 threads

Non-default parameters:
TimeLimit  30
SoftMemLimit  12
FeasibilityTol  1e-07
IntFeasTol  1e-07
MIPGap  0
OptimalityTol  1e-07
Method  1
NodeMethod  1
DualReductions  0
InfUnbdInfo  1
LogToConsole  0
NumericFocus  1
Seed  20260929
Threads  1

Optimize a model with 85 rows, 106 columns and 297 nonzeros (Min)
Model has 93 linear objective coefficients
Coefficient statistics:
  Matrix range     [5e-04, 1e+00]
  Objective range  [6e-02, 1e+00]
  Bounds range     [2e+01, 2e+01]
  RHS range        [4e-02, 2e+01]

LP warm-start: use basis

Iteration    Objective       Primal Inf.    Dual Inf.      Time
       0   -2.0450000e+00   1.068869e+02   0.000000e+00      0s
       9    2.0000000e+00   0.000000e+00   0.000000e+00      0s

Solved in 9 iterations and 0.00 seconds (0.00 work units)
Optimal objective  2.000000000e+00

User-callback calls 49, time in user-callback 0.00 sec
Set parameter TimeLimit to value 30
Gurobi Optimizer version 13.0.2 build v13.0.2rc1 (win64 - Windows 11+.0 (26200.2))

CPU model: 13th Gen Intel(R) Core(TM) i7-13620H, instruction set [SSE2|AVX|AVX2]
Thread count: 10 physical cores, 16 logical processors, using up to 1 threads

Non-default parameters:
TimeLimit  30
SoftMemLimit  12
FeasibilityTol  1e-07
IntFeasTol  1e-07
MIPGap  0
OptimalityTol  1e-07
Method  1
NodeMethod  1
DualReductions  0
InfUnbdInfo  1
LogToConsole  0
NumericFocus  1
Seed  20260929
Threads  1

Optimize a model with 85 rows, 106 columns and 297 nonzeros (Min)
Model has 93 linear objective coefficients
Coefficient statistics:
  Matrix range     [5e-04, 1e+00]
  Objective range  [6e-02, 1e+00]
  Bounds range     [2e+01, 2e+01]
  RHS range        [4e-02, 2e+01]

LP warm-start: use basis

Iteration    Objective       Primal Inf.    Dual Inf.      Time
       0    2.0000000e+00   0.000000e+00   0.000000e+00      0s

Solved in 0 iterations and 0.00 seconds (0.00 work units)
Optimal objective  2.000000000e+00

User-callback calls 38, time in user-callback 0.00 sec
Set parameter TimeLimit to value 30
Gurobi Optimizer version 13.0.2 build v13.0.2rc1 (win64 - Windows 11+.0 (26200.2))

CPU model: 13th Gen Intel(R) Core(TM) i7-13620H, instruction set [SSE2|AVX|AVX2]
Thread count: 10 physical cores, 16 logical processors, using up to 1 threads

Non-default parameters:
TimeLimit  30
SoftMemLimit  12
FeasibilityTol  1e-07
IntFeasTol  1e-07
MIPGap  0
OptimalityTol  1e-07
Method  1
NodeMethod  1
DualReductions  0
InfUnbdInfo  1
LogToConsole  0
NumericFocus  1
Seed  20260929
Threads  1

Optimize a model with 85 rows, 106 columns and 297 nonzeros (Min)
Model has 93 linear objective coefficients
Coefficient statistics:
  Matrix range     [5e-04, 1e+00]
  Objective range  [6e-02, 1e+00]
  Bounds range     [2e+01, 2e+01]
  RHS range        [4e-02, 2e+01]

LP warm-start: use basis

Iteration    Objective       Primal Inf.    Dual Inf.      Time
       0    2.0000000e+00   0.000000e+00   0.000000e+00      0s

Solved in 0 iterations and 0.00 seconds (0.00 work units)
Optimal objective  2.000000000e+00

User-callback calls 38, time in user-callback 0.00 sec
Set parameter TimeLimit to value 30
Gurobi Optimizer version 13.0.2 build v13.0.2rc1 (win64 - Windows 11+.0 (26200.2))

CPU model: 13th Gen Intel(R) Core(TM) i7-13620H, instruction set [SSE2|AVX|AVX2]
Thread count: 10 physical cores, 16 logical processors, using up to 1 threads

Non-default parameters:
TimeLimit  30
SoftMemLimit  12
FeasibilityTol  1e-07
IntFeasTol  1e-07
MIPGap  0
OptimalityTol  1e-07
Method  1
NodeMethod  1
DualReductions  0
InfUnbdInfo  1
LogToConsole  0
NumericFocus  1
Seed  20260929
Threads  1

Optimize a model with 85 rows, 106 columns and 297 nonzeros (Min)
Model has 93 linear objective coefficients
Coefficient statistics:
  Matrix range     [5e-04, 1e+00]
  Objective range  [6e-02, 1e+00]
  Bounds range     [2e+01, 2e+01]
  RHS range        [4e-02, 2e+01]

LP warm-start: use basis

Iteration    Objective       Primal Inf.    Dual Inf.      Time
       0    2.0000000e+00   0.000000e+00   0.000000e+00      0s

Solved in 0 iterations and 0.00 seconds (0.00 work units)
Optimal objective  2.000000000e+00

User-callback calls 38, time in user-callback 0.00 sec
Set parameter TimeLimit to value 30
Gurobi Optimizer version 13.0.2 build v13.0.2rc1 (win64 - Windows 11+.0 (26200.2))

CPU model: 13th Gen Intel(R) Core(TM) i7-13620H, instruction set [SSE2|AVX|AVX2]
Thread count: 10 physical cores, 16 logical processors, using up to 1 threads

Non-default parameters:
TimeLimit  30
SoftMemLimit  12
FeasibilityTol  1e-07
IntFeasTol  1e-07
MIPGap  0
OptimalityTol  1e-07
Method  1
NodeMethod  1
DualReductions  0
InfUnbdInfo  1
LogToConsole  0
NumericFocus  1
Seed  20260929
Threads  1

Optimize a model with 85 rows, 106 columns and 297 nonzeros (Min)
Model has 93 linear objective coefficients
Coefficient statistics:
  Matrix range     [5e-04, 1e+00]
  Objective range  [6e-02, 1e+00]
  Bounds range     [2e+01, 2e+01]
  RHS range        [4e-02, 2e+01]

LP warm-start: use basis

Iteration    Objective       Primal Inf.    Dual Inf.      Time
       0    4.0000000e+00   3.301800e+01   0.000000e+00      0s
       5    4.2500000e+00   0.000000e+00   0.000000e+00      0s

Solved in 5 iterations and 0.00 seconds (0.00 work units)
Optimal objective  4.250000000e+00

User-callback calls 45, time in user-callback 0.00 sec
Set parameter TimeLimit to value 30
Gurobi Optimizer version 13.0.2 build v13.0.2rc1 (win64 - Windows 11+.0 (26200.2))

CPU model: 13th Gen Intel(R) Core(TM) i7-13620H, instruction set [SSE2|AVX|AVX2]
Thread count: 10 physical cores, 16 logical processors, using up to 1 threads

Non-default parameters:
TimeLimit  30
SoftMemLimit  12
FeasibilityTol  1e-07
IntFeasTol  1e-07
MIPGap  0
OptimalityTol  1e-07
Method  1
NodeMethod  1
DualReductions  0
InfUnbdInfo  1
LogToConsole  0
NumericFocus  1
Seed  20260929
Threads  1

Optimize a model with 85 rows, 106 columns and 297 nonzeros (Min)
Model has 93 linear objective coefficients
Coefficient statistics:
  Matrix range     [5e-04, 1e+00]
  Objective range  [6e-02, 1e+00]
  Bounds range     [2e+01, 2e+01]
  RHS range        [4e-02, 2e+01]

LP warm-start: use basis

Iteration    Objective       Primal Inf.    Dual Inf.      Time
       0    4.2500000e+00   0.000000e+00   0.000000e+00      0s

Solved in 0 iterations and 0.00 seconds (0.00 work units)
Optimal objective  4.250000000e+00

User-callback calls 38, time in user-callback 0.00 sec
Set parameter TimeLimit to value 30
Gurobi Optimizer version 13.0.2 build v13.0.2rc1 (win64 - Windows 11+.0 (26200.2))

CPU model: 13th Gen Intel(R) Core(TM) i7-13620H, instruction set [SSE2|AVX|AVX2]
Thread count: 10 physical cores, 16 logical processors, using up to 1 threads

Non-default parameters:
TimeLimit  30
SoftMemLimit  12
FeasibilityTol  1e-07
IntFeasTol  1e-07
MIPGap  0
OptimalityTol  1e-07
Method  1
NodeMethod  1
DualReductions  0
InfUnbdInfo  1
LogToConsole  0
NumericFocus  1
Seed  20260929
Threads  1

Optimize a model with 85 rows, 106 columns and 297 nonzeros (Min)
Model has 93 linear objective coefficients
Coefficient statistics:
  Matrix range     [5e-04, 1e+00]
  Objective range  [6e-02, 1e+00]
  Bounds range     [2e+01, 2e+01]
  RHS range        [4e-02, 2e+01]

LP warm-start: use basis

Iteration    Objective       Primal Inf.    Dual Inf.      Time
       0    4.0250000e+00   1.697592e+01   0.000000e+00      0s
       4    4.0293233e+00   0.000000e+00   0.000000e+00      0s

Solved in 4 iterations and 0.00 seconds (0.00 work units)
Optimal objective  4.029323312e+00

User-callback calls 44, time in user-callback 0.00 sec
Set parameter TimeLimit to value 30
Gurobi Optimizer version 13.0.2 build v13.0.2rc1 (win64 - Windows 11+.0 (26200.2))

CPU model: 13th Gen Intel(R) Core(TM) i7-13620H, instruction set [SSE2|AVX|AVX2]
Thread count: 10 physical cores, 16 logical processors, using up to 1 threads

Non-default parameters:
TimeLimit  30
SoftMemLimit  12
FeasibilityTol  1e-07
IntFeasTol  1e-07
MIPGap  0
OptimalityTol  1e-07
Method  1
NodeMethod  1
DualReductions  0
InfUnbdInfo  1
LogToConsole  0
NumericFocus  1
Seed  20260929
Threads  1

Optimize a model with 85 rows, 106 columns and 297 nonzeros (Min)
Model has 93 linear objective coefficients
Coefficient statistics:
  Matrix range     [5e-04, 1e+00]
  Objective range  [6e-02, 1e+00]
  Bounds range     [2e+01, 2e+01]
  RHS range        [4e-02, 2e+01]

LP warm-start: use basis

Iteration    Objective       Primal Inf.    Dual Inf.      Time
       0    4.0293233e+00   0.000000e+00   0.000000e+00      0s

Solved in 0 iterations and 0.00 seconds (0.00 work units)
Optimal objective  4.029323312e+00

User-callback calls 38, time in user-callback 0.00 sec
Set parameter TimeLimit to value 30
Gurobi Optimizer version 13.0.2 build v13.0.2rc1 (win64 - Windows 11+.0 (26200.2))

CPU model: 13th Gen Intel(R) Core(TM) i7-13620H, instruction set [SSE2|AVX|AVX2]
Thread count: 10 physical cores, 16 logical processors, using up to 1 threads

Non-default parameters:
TimeLimit  30
SoftMemLimit  12
FeasibilityTol  1e-07
IntFeasTol  1e-07
MIPGap  0
OptimalityTol  1e-07
Method  1
NodeMethod  1
DualReductions  0
InfUnbdInfo  1
LogToConsole  0
NumericFocus  1
Seed  20260929
Threads  1

Optimize a model with 85 rows, 106 columns and 297 nonzeros (Min)
Model has 93 linear objective coefficients
Coefficient statistics:
  Matrix range     [5e-04, 1e+00]
  Objective range  [6e-02, 1e+00]
  Bounds range     [2e+01, 2e+01]
  RHS range        [4e-02, 2e+01]

LP warm-start: use basis

Iteration    Objective       Primal Inf.    Dual Inf.      Time
       0    3.7918233e+00   9.511696e+00   0.000000e+00      0s
       6    4.0125000e+00   0.000000e+00   0.000000e+00      0s

Solved in 6 iterations and 0.00 seconds (0.00 work units)
Optimal objective  4.012500000e+00

User-callback calls 46, time in user-callback 0.00 sec
Set parameter TimeLimit to value 30
Gurobi Optimizer version 13.0.2 build v13.0.2rc1 (win64 - Windows 11+.0 (26200.2))

CPU model: 13th Gen Intel(R) Core(TM) i7-13620H, instruction set [SSE2|AVX|AVX2]
Thread count: 10 physical cores, 16 logical processors, using up to 1 threads

Non-default parameters:
TimeLimit  30
SoftMemLimit  12
FeasibilityTol  1e-07
IntFeasTol  1e-07
MIPGap  0
OptimalityTol  1e-07
Method  1
NodeMethod  1
DualReductions  0
InfUnbdInfo  1
LogToConsole  0
NumericFocus  1
Seed  20260929
Threads  1

Optimize a model with 85 rows, 106 columns and 297 nonzeros (Min)
Model has 93 linear objective coefficients
Coefficient statistics:
  Matrix range     [5e-04, 1e+00]
  Objective range  [6e-02, 1e+00]
  Bounds range     [2e+01, 2e+01]
  RHS range        [4e-02, 2e+01]

LP warm-start: use basis

Iteration    Objective       Primal Inf.    Dual Inf.      Time
       0    4.0125000e+00   0.000000e+00   0.000000e+00      0s

Solved in 0 iterations and 0.00 seconds (0.00 work units)
Optimal objective  4.012500000e+00

User-callback calls 38, time in user-callback 0.00 sec
Set parameter TimeLimit to value 30
Gurobi Optimizer version 13.0.2 build v13.0.2rc1 (win64 - Windows 11+.0 (26200.2))

CPU model: 13th Gen Intel(R) Core(TM) i7-13620H, instruction set [SSE2|AVX|AVX2]
Thread count: 10 physical cores, 16 logical processors, using up to 1 threads

Non-default parameters:
TimeLimit  30
SoftMemLimit  12
FeasibilityTol  1e-07
IntFeasTol  1e-07
MIPGap  0
OptimalityTol  1e-07
Method  1
NodeMethod  1
DualReductions  0
InfUnbdInfo  1
LogToConsole  0
NumericFocus  1
Seed  20260929
Threads  1

Optimize a model with 85 rows, 106 columns and 297 nonzeros (Min)
Model has 93 linear objective coefficients
Coefficient statistics:
  Matrix range     [5e-04, 1e+00]
  Objective range  [6e-02, 1e+00]
  Bounds range     [2e+01, 2e+01]
  RHS range        [4e-02, 2e+01]

LP warm-start: use basis

Iteration    Objective       Primal Inf.    Dual Inf.      Time
       0    3.7875000e+00   1.867592e+01   0.000000e+00      0s
       6    4.0000000e+00   0.000000e+00   0.000000e+00      0s

Solved in 6 iterations and 0.00 seconds (0.00 work units)
Optimal objective  4.000000000e+00

User-callback calls 46, time in user-callback 0.00 sec
Set parameter TimeLimit to value 30
Gurobi Optimizer version 13.0.2 build v13.0.2rc1 (win64 - Windows 11+.0 (26200.2))

CPU model: 13th Gen Intel(R) Core(TM) i7-13620H, instruction set [SSE2|AVX|AVX2]
Thread count: 10 physical cores, 16 logical processors, using up to 1 threads

Non-default parameters:
TimeLimit  30
SoftMemLimit  12
FeasibilityTol  1e-07
IntFeasTol  1e-07
MIPGap  0
OptimalityTol  1e-07
Method  1
NodeMethod  1
DualReductions  0
InfUnbdInfo  1
LogToConsole  0
NumericFocus  1
Seed  20260929
Threads  1

Optimize a model with 85 rows, 106 columns and 297 nonzeros (Min)
Model has 93 linear objective coefficients
Coefficient statistics:
  Matrix range     [5e-04, 1e+00]
  Objective range  [6e-02, 1e+00]
  Bounds range     [2e+01, 2e+01]
  RHS range        [4e-02, 2e+01]

LP warm-start: use basis

Iteration    Objective       Primal Inf.    Dual Inf.      Time
       0    4.0000000e+00   0.000000e+00   0.000000e+00      0s

Solved in 0 iterations and 0.00 seconds (0.00 work units)
Optimal objective  4.000000000e+00

User-callback calls 38, time in user-callback 0.00 sec
Set parameter TimeLimit to value 30
Gurobi Optimizer version 13.0.2 build v13.0.2rc1 (win64 - Windows 11+.0 (26200.2))

CPU model: 13th Gen Intel(R) Core(TM) i7-13620H, instruction set [SSE2|AVX|AVX2]
Thread count: 10 physical cores, 16 logical processors, using up to 1 threads

Non-default parameters:
TimeLimit  30
SoftMemLimit  12
FeasibilityTol  1e-07
IntFeasTol  1e-07
MIPGap  0
OptimalityTol  1e-07
Method  1
NodeMethod  1
DualReductions  0
InfUnbdInfo  1
LogToConsole  0
NumericFocus  1
Seed  20260929
Threads  1

Optimize a model with 85 rows, 106 columns and 297 nonzeros (Min)
Model has 93 linear objective coefficients
Coefficient statistics:
  Matrix range     [5e-04, 1e+00]
  Objective range  [6e-02, 1e+00]
  Bounds range     [2e+01, 2e+01]
  RHS range        [4e-02, 2e+01]

LP warm-start: use basis

Iteration    Objective       Primal Inf.    Dual Inf.      Time
       0    6.0000000e+00   3.703904e+01   0.000000e+00      0s
       3    6.2625000e+00   0.000000e+00   0.000000e+00      0s

Solved in 3 iterations and 0.00 seconds (0.00 work units)
Optimal objective  6.262500000e+00

User-callback calls 43, time in user-callback 0.00 sec
Set parameter TimeLimit to value 30
Gurobi Optimizer version 13.0.2 build v13.0.2rc1 (win64 - Windows 11+.0 (26200.2))

CPU model: 13th Gen Intel(R) Core(TM) i7-13620H, instruction set [SSE2|AVX|AVX2]
Thread count: 10 physical cores, 16 logical processors, using up to 1 threads

Non-default parameters:
TimeLimit  30
SoftMemLimit  12
FeasibilityTol  1e-07
IntFeasTol  1e-07
MIPGap  0
OptimalityTol  1e-07
Method  1
NodeMethod  1
DualReductions  0
InfUnbdInfo  1
LogToConsole  0
NumericFocus  1
Seed  20260929
Threads  1

Optimize a model with 85 rows, 106 columns and 297 nonzeros (Min)
Model has 93 linear objective coefficients
Coefficient statistics:
  Matrix range     [5e-04, 1e+00]
  Objective range  [6e-02, 1e+00]
  Bounds range     [2e+01, 2e+01]
  RHS range        [4e-02, 2e+01]

LP warm-start: use basis

Iteration    Objective       Primal Inf.    Dual Inf.      Time
       0    6.2625000e+00   0.000000e+00   0.000000e+00      0s

Solved in 0 iterations and 0.00 seconds (0.00 work units)
Optimal objective  6.262500000e+00

User-callback calls 38, time in user-callback 0.00 sec
Set parameter TimeLimit to value 30
Gurobi Optimizer version 13.0.2 build v13.0.2rc1 (win64 - Windows 11+.0 (26200.2))

CPU model: 13th Gen Intel(R) Core(TM) i7-13620H, instruction set [SSE2|AVX|AVX2]
Thread count: 10 physical cores, 16 logical processors, using up to 1 threads

Non-default parameters:
TimeLimit  30
SoftMemLimit  12
FeasibilityTol  1e-07
IntFeasTol  1e-07
MIPGap  0
OptimalityTol  1e-07
Method  1
NodeMethod  1
DualReductions  0
InfUnbdInfo  1
LogToConsole  0
NumericFocus  1
Seed  20260929
Threads  1

Optimize a model with 85 rows, 106 columns and 297 nonzeros (Min)
Model has 93 linear objective coefficients
Coefficient statistics:
  Matrix range     [5e-04, 1e+00]
  Objective range  [6e-02, 1e+00]
  Bounds range     [2e+01, 2e+01]
  RHS range        [4e-02, 2e+01]

LP warm-start: use basis

Iteration    Objective       Primal Inf.    Dual Inf.      Time
       0    6.0375000e+00   1.697592e+01   0.000000e+00      0s
       4    6.0418233e+00   0.000000e+00   0.000000e+00      0s

Solved in 4 iterations and 0.00 seconds (0.00 work units)
Optimal objective  6.041823312e+00

User-callback calls 44, time in user-callback 0.00 sec
Set parameter TimeLimit to value 30
Gurobi Optimizer version 13.0.2 build v13.0.2rc1 (win64 - Windows 11+.0 (26200.2))

CPU model: 13th Gen Intel(R) Core(TM) i7-13620H, instruction set [SSE2|AVX|AVX2]
Thread count: 10 physical cores, 16 logical processors, using up to 1 threads

Non-default parameters:
TimeLimit  30
SoftMemLimit  12
FeasibilityTol  1e-07
IntFeasTol  1e-07
MIPGap  0
OptimalityTol  1e-07
Method  1
NodeMethod  1
DualReductions  0
InfUnbdInfo  1
LogToConsole  0
NumericFocus  1
Seed  20260929
Threads  1

Optimize a model with 85 rows, 106 columns and 297 nonzeros (Min)
Model has 93 linear objective coefficients
Coefficient statistics:
  Matrix range     [5e-04, 1e+00]
  Objective range  [6e-02, 1e+00]
  Bounds range     [2e+01, 2e+01]
  RHS range        [4e-02, 2e+01]

LP warm-start: use basis

Iteration    Objective       Primal Inf.    Dual Inf.      Time
       0    6.0418233e+00   0.000000e+00   0.000000e+00      0s

Solved in 0 iterations and 0.00 seconds (0.00 work units)
Optimal objective  6.041823312e+00

User-callback calls 38, time in user-callback 0.00 sec
Set parameter TimeLimit to value 30
Gurobi Optimizer version 13.0.2 build v13.0.2rc1 (win64 - Windows 11+.0 (26200.2))

CPU model: 13th Gen Intel(R) Core(TM) i7-13620H, instruction set [SSE2|AVX|AVX2]
Thread count: 10 physical cores, 16 logical processors, using up to 1 threads

Non-default parameters:
TimeLimit  30
SoftMemLimit  12
FeasibilityTol  1e-07
IntFeasTol  1e-07
MIPGap  0
OptimalityTol  1e-07
Method  1
NodeMethod  1
DualReductions  0
InfUnbdInfo  1
LogToConsole  0
NumericFocus  1
Seed  20260929
Threads  1

Optimize a model with 85 rows, 106 columns and 297 nonzeros (Min)
Model has 93 linear objective coefficients
Coefficient statistics:
  Matrix range     [5e-04, 1e+00]
  Objective range  [6e-02, 1e+00]
  Bounds range     [2e+01, 2e+01]
  RHS range        [2e-02, 2e+01]

LP warm-start: use basis

Iteration    Objective       Primal Inf.    Dual Inf.      Time
       0   -4.5953541e-01   2.318359e+01   0.000000e+00      0s
      14    2.0071537e+00   0.000000e+00   0.000000e+00      0s

Solved in 14 iterations and 0.00 seconds (0.00 work units)
Optimal objective  2.007153718e+00

User-callback calls 54, time in user-callback 0.00 sec
Set parameter TimeLimit to value 30
Gurobi Optimizer version 13.0.2 build v13.0.2rc1 (win64 - Windows 11+.0 (26200.2))

CPU model: 13th Gen Intel(R) Core(TM) i7-13620H, instruction set [SSE2|AVX|AVX2]
Thread count: 10 physical cores, 16 logical processors, using up to 1 threads

Non-default parameters:
TimeLimit  30
SoftMemLimit  12
FeasibilityTol  1e-07
IntFeasTol  1e-07
MIPGap  0
OptimalityTol  1e-07
Method  1
NodeMethod  1
DualReductions  0
InfUnbdInfo  1
LogToConsole  0
NumericFocus  1
Seed  20260929
Threads  1

Optimize a model with 85 rows, 106 columns and 297 nonzeros (Min)
Model has 93 linear objective coefficients
Coefficient statistics:
  Matrix range     [5e-04, 1e+00]
  Objective range  [6e-02, 1e+00]
  Bounds range     [2e+01, 2e+01]
  RHS range        [2e-02, 2e+01]

LP warm-start: use basis

Iteration    Objective       Primal Inf.    Dual Inf.      Time
       0    1.7821537e+00   1.869438e+01   0.000000e+00      0s
       4    2.0071537e+00   0.000000e+00   0.000000e+00      0s

Solved in 4 iterations and 0.00 seconds (0.00 work units)
Optimal objective  2.007153718e+00

User-callback calls 44, time in user-callback 0.00 sec
Set parameter TimeLimit to value 30
Gurobi Optimizer version 13.0.2 build v13.0.2rc1 (win64 - Windows 11+.0 (26200.2))

CPU model: 13th Gen Intel(R) Core(TM) i7-13620H, instruction set [SSE2|AVX|AVX2]
Thread count: 10 physical cores, 16 logical processors, using up to 1 threads

Non-default parameters:
TimeLimit  30
SoftMemLimit  12
FeasibilityTol  1e-07
IntFeasTol  1e-07
MIPGap  0
OptimalityTol  1e-07
Method  1
NodeMethod  1
DualReductions  0
InfUnbdInfo  1
LogToConsole  0
NumericFocus  1
Seed  20260929
Threads  1

Optimize a model with 85 rows, 106 columns and 297 nonzeros (Min)
Model has 93 linear objective coefficients
Coefficient statistics:
  Matrix range     [5e-04, 1e+00]
  Objective range  [6e-02, 1e+00]
  Bounds range     [2e+01, 2e+01]
  RHS range        [2e-02, 2e+01]

LP warm-start: use basis

Iteration    Objective       Primal Inf.    Dual Inf.      Time
       0    2.0071537e+00   4.995184e+01   0.000000e+00      0s
       1    2.0071537e+00   0.000000e+00   0.000000e+00      0s

Solved in 1 iterations and 0.00 seconds (0.00 work units)
Optimal objective  2.007153718e+00

User-callback calls 41, time in user-callback 0.00 sec
Set parameter TimeLimit to value 30
Gurobi Optimizer version 13.0.2 build v13.0.2rc1 (win64 - Windows 11+.0 (26200.2))

CPU model: 13th Gen Intel(R) Core(TM) i7-13620H, instruction set [SSE2|AVX|AVX2]
Thread count: 10 physical cores, 16 logical processors, using up to 1 threads

Non-default parameters:
TimeLimit  30
SoftMemLimit  12
FeasibilityTol  1e-07
IntFeasTol  1e-07
MIPGap  0
OptimalityTol  1e-07
Method  1
NodeMethod  1
DualReductions  0
InfUnbdInfo  1
LogToConsole  0
NumericFocus  1
Seed  20260929
Threads  1

Optimize a model with 85 rows, 106 columns and 297 nonzeros (Min)
Model has 93 linear objective coefficients
Coefficient statistics:
  Matrix range     [5e-04, 1e+00]
  Objective range  [6e-02, 1e+00]
  Bounds range     [2e+01, 2e+01]
  RHS range        [2e-02, 2e+01]

LP warm-start: use basis

Iteration    Objective       Primal Inf.    Dual Inf.      Time
       0    2.0071537e+00   0.000000e+00   0.000000e+00      0s

Solved in 0 iterations and 0.00 seconds (0.00 work units)
Optimal objective  2.007153718e+00

User-callback calls 38, time in user-callback 0.00 sec
Set parameter TimeLimit to value 30
Gurobi Optimizer version 13.0.2 build v13.0.2rc1 (win64 - Windows 11+.0 (26200.2))

CPU model: 13th Gen Intel(R) Core(TM) i7-13620H, instruction set [SSE2|AVX|AVX2]
Thread count: 10 physical cores, 16 logical processors, using up to 1 threads

Non-default parameters:
TimeLimit  30
SoftMemLimit  12
FeasibilityTol  1e-07
IntFeasTol  1e-07
MIPGap  0
OptimalityTol  1e-07
Method  1
NodeMethod  1
DualReductions  0
InfUnbdInfo  1
LogToConsole  0
NumericFocus  1
Seed  20260929
Threads  1

Optimize a model with 85 rows, 106 columns and 297 nonzeros (Min)
Model has 93 linear objective coefficients
Coefficient statistics:
  Matrix range     [5e-04, 1e+00]
  Objective range  [6e-02, 1e+00]
  Bounds range     [2e+01, 2e+01]
  RHS range        [2e-02, 2e+01]

LP warm-start: use basis

Iteration    Objective       Primal Inf.    Dual Inf.      Time
       0    2.0071537e+00   3.293954e+01   0.000000e+00      0s
       2    2.2571537e+00   0.000000e+00   0.000000e+00      0s

Solved in 2 iterations and 0.00 seconds (0.00 work units)
Optimal objective  2.257153718e+00

User-callback calls 42, time in user-callback 0.00 sec
Set parameter TimeLimit to value 30
Gurobi Optimizer version 13.0.2 build v13.0.2rc1 (win64 - Windows 11+.0 (26200.2))

CPU model: 13th Gen Intel(R) Core(TM) i7-13620H, instruction set [SSE2|AVX|AVX2]
Thread count: 10 physical cores, 16 logical processors, using up to 1 threads

Non-default parameters:
TimeLimit  30
SoftMemLimit  12
FeasibilityTol  1e-07
IntFeasTol  1e-07
MIPGap  0
OptimalityTol  1e-07
Method  1
NodeMethod  1
DualReductions  0
InfUnbdInfo  1
LogToConsole  0
NumericFocus  1
Seed  20260929
Threads  1

Optimize a model with 85 rows, 106 columns and 297 nonzeros (Min)
Model has 93 linear objective coefficients
Coefficient statistics:
  Matrix range     [5e-04, 1e+00]
  Objective range  [6e-02, 1e+00]
  Bounds range     [2e+01, 2e+01]
  RHS range        [2e-02, 2e+01]

LP warm-start: use basis

Iteration    Objective       Primal Inf.    Dual Inf.      Time
       0    2.0321537e+00   1.689438e+01   0.000000e+00      0s
       3    2.0427626e+00   0.000000e+00   0.000000e+00      0s

Solved in 3 iterations and 0.00 seconds (0.00 work units)
Optimal objective  2.042762589e+00

User-callback calls 43, time in user-callback 0.00 sec
Set parameter TimeLimit to value 30
Gurobi Optimizer version 13.0.2 build v13.0.2rc1 (win64 - Windows 11+.0 (26200.2))

CPU model: 13th Gen Intel(R) Core(TM) i7-13620H, instruction set [SSE2|AVX|AVX2]
Thread count: 10 physical cores, 16 logical processors, using up to 1 threads

Non-default parameters:
TimeLimit  30
SoftMemLimit  12
FeasibilityTol  1e-07
IntFeasTol  1e-07
MIPGap  0
OptimalityTol  1e-07
Method  1
NodeMethod  1
DualReductions  0
InfUnbdInfo  1
LogToConsole  0
NumericFocus  1
Seed  20260929
Threads  1

Optimize a model with 85 rows, 106 columns and 297 nonzeros (Min)
Model has 93 linear objective coefficients
Coefficient statistics:
  Matrix range     [5e-04, 1e+00]
  Objective range  [6e-02, 1e+00]
  Bounds range     [2e+01, 2e+01]
  RHS range        [2e-02, 2e+01]

LP warm-start: use basis

Iteration    Objective       Primal Inf.    Dual Inf.      Time
       0    1.8177626e+00   2.630608e+01   0.000000e+00      0s
       9    2.0364770e+00   0.000000e+00   0.000000e+00      0s

Solved in 9 iterations and 0.00 seconds (0.00 work units)
Optimal objective  2.036477030e+00

User-callback calls 49, time in user-callback 0.00 sec
Set parameter TimeLimit to value 30
Gurobi Optimizer version 13.0.2 build v13.0.2rc1 (win64 - Windows 11+.0 (26200.2))

CPU model: 13th Gen Intel(R) Core(TM) i7-13620H, instruction set [SSE2|AVX|AVX2]
Thread count: 10 physical cores, 16 logical processors, using up to 1 threads

Non-default parameters:
TimeLimit  30
SoftMemLimit  12
FeasibilityTol  1e-07
IntFeasTol  1e-07
MIPGap  0
OptimalityTol  1e-07
Method  1
NodeMethod  1
DualReductions  0
InfUnbdInfo  1
LogToConsole  0
NumericFocus  1
Seed  20260929
Threads  1

Optimize a model with 85 rows, 106 columns and 297 nonzeros (Min)
Model has 93 linear objective coefficients
Coefficient statistics:
  Matrix range     [5e-04, 1e+00]
  Objective range  [6e-02, 1e+00]
  Bounds range     [2e+01, 2e+01]
  RHS range        [2e-02, 2e+01]

LP warm-start: use basis

Iteration    Objective       Primal Inf.    Dual Inf.      Time
       0    1.8114770e+00   1.855694e+01   0.000000e+00      0s
       4    2.0071537e+00   0.000000e+00   0.000000e+00      0s

Solved in 4 iterations and 0.00 seconds (0.00 work units)
Optimal objective  2.007153718e+00

User-callback calls 44, time in user-callback 0.00 sec
Set parameter TimeLimit to value 30
Gurobi Optimizer version 13.0.2 build v13.0.2rc1 (win64 - Windows 11+.0 (26200.2))

CPU model: 13th Gen Intel(R) Core(TM) i7-13620H, instruction set [SSE2|AVX|AVX2]
Thread count: 10 physical cores, 16 logical processors, using up to 1 threads

Non-default parameters:
TimeLimit  30
SoftMemLimit  12
FeasibilityTol  1e-07
IntFeasTol  1e-07
MIPGap  0
OptimalityTol  1e-07
Method  1
NodeMethod  1
DualReductions  0
InfUnbdInfo  1
LogToConsole  0
NumericFocus  1
Seed  20260929
Threads  1

Optimize a model with 85 rows, 106 columns and 297 nonzeros (Min)
Model has 93 linear objective coefficients
Coefficient statistics:
  Matrix range     [5e-04, 1e+00]
  Objective range  [6e-02, 1e+00]
  Bounds range     [2e+01, 2e+01]
  RHS range        [2e-02, 2e+01]

LP warm-start: use basis

Iteration    Objective       Primal Inf.    Dual Inf.      Time
       0    2.0071537e+00   3.698162e+01   0.000000e+00      0s
       7    2.0196537e+00   0.000000e+00   0.000000e+00      0s

Solved in 7 iterations and 0.00 seconds (0.00 work units)
Optimal objective  2.019653718e+00

User-callback calls 47, time in user-callback 0.00 sec
Set parameter TimeLimit to value 30
Gurobi Optimizer version 13.0.2 build v13.0.2rc1 (win64 - Windows 11+.0 (26200.2))

CPU model: 13th Gen Intel(R) Core(TM) i7-13620H, instruction set [SSE2|AVX|AVX2]
Thread count: 10 physical cores, 16 logical processors, using up to 1 threads

Non-default parameters:
TimeLimit  30
SoftMemLimit  12
FeasibilityTol  1e-07
IntFeasTol  1e-07
MIPGap  0
OptimalityTol  1e-07
Method  1
NodeMethod  1
DualReductions  0
InfUnbdInfo  1
LogToConsole  0
NumericFocus  1
Seed  20260929
Threads  1

Optimize a model with 85 rows, 106 columns and 297 nonzeros (Min)
Model has 93 linear objective coefficients
Coefficient statistics:
  Matrix range     [5e-04, 1e+00]
  Objective range  [6e-02, 1e+00]
  Bounds range     [2e+01, 2e+01]
  RHS range        [2e-02, 2e+01]

LP warm-start: use basis

Iteration    Objective       Primal Inf.    Dual Inf.      Time
       0    1.7946537e+00   1.859438e+01   0.000000e+00      0s
       4    2.0071537e+00   0.000000e+00   0.000000e+00      0s

Solved in 4 iterations and 0.00 seconds (0.00 work units)
Optimal objective  2.007153718e+00

User-callback calls 44, time in user-callback 0.00 sec
Set parameter TimeLimit to value 30
Gurobi Optimizer version 13.0.2 build v13.0.2rc1 (win64 - Windows 11+.0 (26200.2))

CPU model: 13th Gen Intel(R) Core(TM) i7-13620H, instruction set [SSE2|AVX|AVX2]
Thread count: 10 physical cores, 16 logical processors, using up to 1 threads

Non-default parameters:
TimeLimit  30
SoftMemLimit  12
FeasibilityTol  1e-07
IntFeasTol  1e-07
MIPGap  0
OptimalityTol  1e-07
Method  1
NodeMethod  1
DualReductions  0
InfUnbdInfo  1
LogToConsole  0
NumericFocus  1
Seed  20260929
Threads  1

Optimize a model with 85 rows, 106 columns and 297 nonzeros (Min)
Model has 93 linear objective coefficients
Coefficient statistics:
  Matrix range     [5e-04, 1e+00]
  Objective range  [6e-02, 1e+00]
  Bounds range     [2e+01, 2e+01]
  RHS range        [2e-02, 2e+01]

LP warm-start: use basis

Iteration    Objective       Primal Inf.    Dual Inf.      Time
       0    2.0071537e+00   4.711042e+01   0.000000e+00      0s
       1    2.0071537e+00   0.000000e+00   0.000000e+00      0s

Solved in 1 iterations and 0.00 seconds (0.00 work units)
Optimal objective  2.007153718e+00

User-callback calls 41, time in user-callback 0.00 sec
Set parameter TimeLimit to value 30
Gurobi Optimizer version 13.0.2 build v13.0.2rc1 (win64 - Windows 11+.0 (26200.2))

CPU model: 13th Gen Intel(R) Core(TM) i7-13620H, instruction set [SSE2|AVX|AVX2]
Thread count: 10 physical cores, 16 logical processors, using up to 1 threads

Non-default parameters:
TimeLimit  30
SoftMemLimit  12
FeasibilityTol  1e-07
IntFeasTol  1e-07
MIPGap  0
OptimalityTol  1e-07
Method  1
NodeMethod  1
DualReductions  0
InfUnbdInfo  1
LogToConsole  0
NumericFocus  1
Seed  20260929
Threads  1

Optimize a model with 85 rows, 106 columns and 297 nonzeros (Min)
Model has 93 linear objective coefficients
Coefficient statistics:
  Matrix range     [5e-04, 1e+00]
  Objective range  [6e-02, 1e+00]
  Bounds range     [2e+01, 2e+01]
  RHS range        [2e-02, 2e+01]

LP warm-start: use basis

Iteration    Objective       Primal Inf.    Dual Inf.      Time
       0    2.0071537e+00   0.000000e+00   0.000000e+00      0s

Solved in 0 iterations and 0.00 seconds (0.00 work units)
Optimal objective  2.007153718e+00

User-callback calls 38, time in user-callback 0.00 sec
Set parameter TimeLimit to value 30
Gurobi Optimizer version 13.0.2 build v13.0.2rc1 (win64 - Windows 11+.0 (26200.2))

CPU model: 13th Gen Intel(R) Core(TM) i7-13620H, instruction set [SSE2|AVX|AVX2]
Thread count: 10 physical cores, 16 logical processors, using up to 1 threads

Non-default parameters:
TimeLimit  30
SoftMemLimit  12
FeasibilityTol  1e-07
IntFeasTol  1e-07
MIPGap  0
OptimalityTol  1e-07
Method  1
NodeMethod  1
DualReductions  0
InfUnbdInfo  1
LogToConsole  0
NumericFocus  1
Seed  20260929
Threads  1

Optimize a model with 85 rows, 106 columns and 297 nonzeros (Min)
Model has 93 linear objective coefficients
Coefficient statistics:
  Matrix range     [5e-04, 1e+00]
  Objective range  [6e-02, 1e+00]
  Bounds range     [2e+01, 2e+01]
  RHS range        [2e-02, 2e+01]

LP warm-start: use basis

Iteration    Objective       Primal Inf.    Dual Inf.      Time
       0    2.0071537e+00   3.796058e+01   0.000000e+00      0s
       3    4.2696537e+00   0.000000e+00   0.000000e+00      0s

Solved in 3 iterations and 0.00 seconds (0.00 work units)
Optimal objective  4.269653718e+00

User-callback calls 43, time in user-callback 0.00 sec
Set parameter TimeLimit to value 30
Gurobi Optimizer version 13.0.2 build v13.0.2rc1 (win64 - Windows 11+.0 (26200.2))

CPU model: 13th Gen Intel(R) Core(TM) i7-13620H, instruction set [SSE2|AVX|AVX2]
Thread count: 10 physical cores, 16 logical processors, using up to 1 threads

Non-default parameters:
TimeLimit  30
SoftMemLimit  12
FeasibilityTol  1e-07
IntFeasTol  1e-07
MIPGap  0
OptimalityTol  1e-07
Method  1
NodeMethod  1
DualReductions  0
InfUnbdInfo  1
LogToConsole  0
NumericFocus  1
Seed  20260929
Threads  1

Optimize a model with 85 rows, 106 columns and 297 nonzeros (Min)
Model has 93 linear objective coefficients
Coefficient statistics:
  Matrix range     [5e-04, 1e+00]
  Objective range  [6e-02, 1e+00]
  Bounds range     [2e+01, 2e+01]
  RHS range        [2e-02, 2e+01]

LP warm-start: use basis

Iteration    Objective       Primal Inf.    Dual Inf.      Time
       0    4.0446537e+00   1.689438e+01   0.000000e+00      0s
       3    4.0552626e+00   0.000000e+00   0.000000e+00      0s

Solved in 3 iterations and 0.00 seconds (0.00 work units)
Optimal objective  4.055262589e+00

User-callback calls 43, time in user-callback 0.00 sec
Set parameter TimeLimit to value 30
Gurobi Optimizer version 13.0.2 build v13.0.2rc1 (win64 - Windows 11+.0 (26200.2))

CPU model: 13th Gen Intel(R) Core(TM) i7-13620H, instruction set [SSE2|AVX|AVX2]
Thread count: 10 physical cores, 16 logical processors, using up to 1 threads

Non-default parameters:
TimeLimit  30
SoftMemLimit  12
FeasibilityTol  1e-07
IntFeasTol  1e-07
MIPGap  0
OptimalityTol  1e-07
Method  1
NodeMethod  1
DualReductions  0
InfUnbdInfo  1
LogToConsole  0
NumericFocus  1
Seed  20260929
Threads  1

Optimize a model with 85 rows, 106 columns and 297 nonzeros (Min)
Model has 93 linear objective coefficients
Coefficient statistics:
  Matrix range     [5e-04, 1e+00]
  Objective range  [6e-02, 1e+00]
  Bounds range     [2e+01, 2e+01]
  RHS range        [2e-02, 2e+01]

LP warm-start: use basis

Iteration    Objective       Primal Inf.    Dual Inf.      Time
       0    3.8302626e+00   2.620608e+01   0.000000e+00      0s
       9    4.0489770e+00   0.000000e+00   0.000000e+00      0s

Solved in 9 iterations and 0.00 seconds (0.00 work units)
Optimal objective  4.048977030e+00

User-callback calls 49, time in user-callback 0.00 sec
Set parameter TimeLimit to value 30
Gurobi Optimizer version 13.0.2 build v13.0.2rc1 (win64 - Windows 11+.0 (26200.2))

CPU model: 13th Gen Intel(R) Core(TM) i7-13620H, instruction set [SSE2|AVX|AVX2]
Thread count: 10 physical cores, 16 logical processors, using up to 1 threads

Non-default parameters:
TimeLimit  30
SoftMemLimit  12
FeasibilityTol  1e-07
IntFeasTol  1e-07
MIPGap  0
OptimalityTol  1e-07
Method  1
NodeMethod  1
DualReductions  0
InfUnbdInfo  1
LogToConsole  0
NumericFocus  1
Seed  20260929
Threads  1

Optimize a model with 85 rows, 106 columns and 297 nonzeros (Min)
Model has 93 linear objective coefficients
Coefficient statistics:
  Matrix range     [5e-04, 1e+00]
  Objective range  [6e-02, 1e+00]
  Bounds range     [2e+01, 2e+01]
  RHS range        [2e-02, 2e+01]

LP warm-start: use basis

Iteration    Objective       Primal Inf.    Dual Inf.      Time
       0    3.8239770e+00   1.845694e+01   0.000000e+00      0s
       4    4.0071537e+00   0.000000e+00   0.000000e+00      0s

Solved in 4 iterations and 0.00 seconds (0.00 work units)
Optimal objective  4.007153718e+00

User-callback calls 44, time in user-callback 0.00 sec
Set parameter TimeLimit to value 30
Gurobi Optimizer version 13.0.2 build v13.0.2rc1 (win64 - Windows 11+.0 (26200.2))

CPU model: 13th Gen Intel(R) Core(TM) i7-13620H, instruction set [SSE2|AVX|AVX2]
Thread count: 10 physical cores, 16 logical processors, using up to 1 threads

Non-default parameters:
TimeLimit  30
SoftMemLimit  12
FeasibilityTol  1e-07
IntFeasTol  1e-07
MIPGap  0
OptimalityTol  1e-07
Method  1
NodeMethod  1
DualReductions  0
InfUnbdInfo  1
LogToConsole  0
NumericFocus  1
Seed  20260929
Threads  1

Optimize a model with 85 rows, 106 columns and 297 nonzeros (Min)
Model has 93 linear objective coefficients
Coefficient statistics:
  Matrix range     [5e-04, 1e+00]
  Objective range  [6e-02, 1e+00]
  Bounds range     [2e+01, 2e+01]
  RHS range        [4e-02, 2e+01]

LP warm-start: use basis

Iteration    Objective       Primal Inf.    Dual Inf.      Time
       0   -4.5000000e-02   1.991316e+02   0.000000e+00      0s
       9    0.0000000e+00   0.000000e+00   0.000000e+00      0s

Solved in 9 iterations and 0.00 seconds (0.00 work units)
Optimal objective  0.000000000e+00

User-callback calls 49, time in user-callback 0.00 sec
Set parameter TimeLimit to value 30
Gurobi Optimizer version 13.0.2 build v13.0.2rc1 (win64 - Windows 11+.0 (26200.2))

CPU model: 13th Gen Intel(R) Core(TM) i7-13620H, instruction set [SSE2|AVX|AVX2]
Thread count: 10 physical cores, 16 logical processors, using up to 1 threads

Non-default parameters:
TimeLimit  30
SoftMemLimit  12
FeasibilityTol  1e-07
IntFeasTol  1e-07
MIPGap  0
OptimalityTol  1e-07
Method  1
NodeMethod  1
DualReductions  0
InfUnbdInfo  1
LogToConsole  0
NumericFocus  1
Seed  20260929
Threads  1

Optimize a model with 85 rows, 106 columns and 297 nonzeros (Min)
Model has 93 linear objective coefficients
Coefficient statistics:
  Matrix range     [5e-04, 1e+00]
  Objective range  [6e-02, 1e+00]
  Bounds range     [2e+01, 2e+01]
  RHS range        [4e-02, 2e+01]

LP warm-start: use basis

Iteration    Objective       Primal Inf.    Dual Inf.      Time
       0    0.0000000e+00   0.000000e+00   0.000000e+00      0s

Solved in 0 iterations and 0.00 seconds (0.00 work units)
Optimal objective  0.000000000e+00

User-callback calls 38, time in user-callback 0.00 sec
Set parameter TimeLimit to value 30
Gurobi Optimizer version 13.0.2 build v13.0.2rc1 (win64 - Windows 11+.0 (26200.2))

CPU model: 13th Gen Intel(R) Core(TM) i7-13620H, instruction set [SSE2|AVX|AVX2]
Thread count: 10 physical cores, 16 logical processors, using up to 1 threads

Non-default parameters:
TimeLimit  30
SoftMemLimit  12
FeasibilityTol  1e-07
IntFeasTol  1e-07
MIPGap  0
OptimalityTol  1e-07
Method  1
NodeMethod  1
DualReductions  0
InfUnbdInfo  1
LogToConsole  0
NumericFocus  1
Seed  20260929
Threads  1

Optimize a model with 85 rows, 106 columns and 297 nonzeros (Min)
Model has 93 linear objective coefficients
Coefficient statistics:
  Matrix range     [5e-04, 1e+00]
  Objective range  [6e-02, 1e+00]
  Bounds range     [2e+01, 2e+01]
  RHS range        [4e-02, 2e+01]

LP warm-start: use basis

Iteration    Objective       Primal Inf.    Dual Inf.      Time
       0    0.0000000e+00   0.000000e+00   0.000000e+00      0s

Solved in 0 iterations and 0.00 seconds (0.00 work units)
Optimal objective  0.000000000e+00

User-callback calls 38, time in user-callback 0.00 sec
Set parameter TimeLimit to value 30
Gurobi Optimizer version 13.0.2 build v13.0.2rc1 (win64 - Windows 11+.0 (26200.2))

CPU model: 13th Gen Intel(R) Core(TM) i7-13620H, instruction set [SSE2|AVX|AVX2]
Thread count: 10 physical cores, 16 logical processors, using up to 1 threads

Non-default parameters:
TimeLimit  30
SoftMemLimit  12
FeasibilityTol  1e-07
IntFeasTol  1e-07
MIPGap  0
OptimalityTol  1e-07
Method  1
NodeMethod  1
DualReductions  0
InfUnbdInfo  1
LogToConsole  0
NumericFocus  1
Seed  20260929
Threads  1

Optimize a model with 85 rows, 106 columns and 297 nonzeros (Min)
Model has 93 linear objective coefficients
Coefficient statistics:
  Matrix range     [5e-04, 1e+00]
  Objective range  [6e-02, 1e+00]
  Bounds range     [2e+01, 2e+01]
  RHS range        [4e-02, 2e+01]

LP warm-start: use basis

Iteration    Objective       Primal Inf.    Dual Inf.      Time
       0    0.0000000e+00   0.000000e+00   0.000000e+00      0s

Solved in 0 iterations and 0.00 seconds (0.00 work units)
Optimal objective  0.000000000e+00

User-callback calls 38, time in user-callback 0.00 sec
Set parameter TimeLimit to value 30
Gurobi Optimizer version 13.0.2 build v13.0.2rc1 (win64 - Windows 11+.0 (26200.2))

CPU model: 13th Gen Intel(R) Core(TM) i7-13620H, instruction set [SSE2|AVX|AVX2]
Thread count: 10 physical cores, 16 logical processors, using up to 1 threads

Non-default parameters:
TimeLimit  30
SoftMemLimit  12
FeasibilityTol  1e-07
IntFeasTol  1e-07
MIPGap  0
OptimalityTol  1e-07
Method  1
NodeMethod  1
DualReductions  0
InfUnbdInfo  1
LogToConsole  0
NumericFocus  1
Seed  20260929
Threads  1

Optimize a model with 85 rows, 106 columns and 297 nonzeros (Min)
Model has 93 linear objective coefficients
Coefficient statistics:
  Matrix range     [5e-04, 1e+00]
  Objective range  [6e-02, 1e+00]
  Bounds range     [2e+01, 2e+01]
  RHS range        [4e-02, 2e+01]

LP warm-start: use basis

Iteration    Objective       Primal Inf.    Dual Inf.      Time
       0    2.0000000e+00   3.309646e+01   0.000000e+00      0s
       4    2.2500000e+00   0.000000e+00   0.000000e+00      0s

Solved in 4 iterations and 0.00 seconds (0.00 work units)
Optimal objective  2.250000000e+00

User-callback calls 44, time in user-callback 0.00 sec
Set parameter TimeLimit to value 30
Gurobi Optimizer version 13.0.2 build v13.0.2rc1 (win64 - Windows 11+.0 (26200.2))

CPU model: 13th Gen Intel(R) Core(TM) i7-13620H, instruction set [SSE2|AVX|AVX2]
Thread count: 10 physical cores, 16 logical processors, using up to 1 threads

Non-default parameters:
TimeLimit  30
SoftMemLimit  12
FeasibilityTol  1e-07
IntFeasTol  1e-07
MIPGap  0
OptimalityTol  1e-07
Method  1
NodeMethod  1
DualReductions  0
InfUnbdInfo  1
LogToConsole  0
NumericFocus  1
Seed  20260929
Threads  1

Optimize a model with 85 rows, 106 columns and 297 nonzeros (Min)
Model has 93 linear objective coefficients
Coefficient statistics:
  Matrix range     [5e-04, 1e+00]
  Objective range  [6e-02, 1e+00]
  Bounds range     [2e+01, 2e+01]
  RHS range        [4e-02, 2e+01]

LP warm-start: use basis

Iteration    Objective       Primal Inf.    Dual Inf.      Time
       0    2.0250000e+00   1.705438e+01   0.000000e+00      0s
       4    2.0293233e+00   0.000000e+00   0.000000e+00      0s

Solved in 4 iterations and 0.00 seconds (0.00 work units)
Optimal objective  2.029323312e+00

User-callback calls 44, time in user-callback 0.00 sec
Set parameter TimeLimit to value 30
Gurobi Optimizer version 13.0.2 build v13.0.2rc1 (win64 - Windows 11+.0 (26200.2))

CPU model: 13th Gen Intel(R) Core(TM) i7-13620H, instruction set [SSE2|AVX|AVX2]
Thread count: 10 physical cores, 16 logical processors, using up to 1 threads

Non-default parameters:
TimeLimit  30
SoftMemLimit  12
FeasibilityTol  1e-07
IntFeasTol  1e-07
MIPGap  0
OptimalityTol  1e-07
Method  1
NodeMethod  1
DualReductions  0
InfUnbdInfo  1
LogToConsole  0
NumericFocus  1
Seed  20260929
Threads  1

Optimize a model with 85 rows, 106 columns and 297 nonzeros (Min)
Model has 93 linear objective coefficients
Coefficient statistics:
  Matrix range     [5e-04, 1e+00]
  Objective range  [6e-02, 1e+00]
  Bounds range     [2e+01, 2e+01]
  RHS range        [4e-02, 2e+01]

LP warm-start: use basis

Iteration    Objective       Primal Inf.    Dual Inf.      Time
       0    1.8043233e+00   2.630608e+01   0.000000e+00      0s
       9    2.0293233e+00   0.000000e+00   0.000000e+00      0s

Solved in 9 iterations and 0.00 seconds (0.00 work units)
Optimal objective  2.029323312e+00

User-callback calls 49, time in user-callback 0.00 sec
Set parameter TimeLimit to value 30
Gurobi Optimizer version 13.0.2 build v13.0.2rc1 (win64 - Windows 11+.0 (26200.2))

CPU model: 13th Gen Intel(R) Core(TM) i7-13620H, instruction set [SSE2|AVX|AVX2]
Thread count: 10 physical cores, 16 logical processors, using up to 1 threads

Non-default parameters:
TimeLimit  30
SoftMemLimit  12
FeasibilityTol  1e-07
IntFeasTol  1e-07
MIPGap  0
OptimalityTol  1e-07
Method  1
NodeMethod  1
DualReductions  0
InfUnbdInfo  1
LogToConsole  0
NumericFocus  1
Seed  20260929
Threads  1

Optimize a model with 85 rows, 106 columns and 297 nonzeros (Min)
Model has 93 linear objective coefficients
Coefficient statistics:
  Matrix range     [5e-04, 1e+00]
  Objective range  [6e-02, 1e+00]
  Bounds range     [2e+01, 2e+01]
  RHS range        [4e-02, 2e+01]

LP warm-start: use basis

Iteration    Objective       Primal Inf.    Dual Inf.      Time
       0    1.8043233e+00   1.845980e+01   0.000000e+00      0s
      11    2.0000000e+00   0.000000e+00   0.000000e+00      0s

Solved in 11 iterations and 0.00 seconds (0.00 work units)
Optimal objective  2.000000000e+00

User-callback calls 51, time in user-callback 0.00 sec
Set parameter TimeLimit to value 30
Gurobi Optimizer version 13.0.2 build v13.0.2rc1 (win64 - Windows 11+.0 (26200.2))

CPU model: 13th Gen Intel(R) Core(TM) i7-13620H, instruction set [SSE2|AVX|AVX2]
Thread count: 10 physical cores, 16 logical processors, using up to 1 threads

Non-default parameters:
TimeLimit  30
SoftMemLimit  12
FeasibilityTol  1e-07
IntFeasTol  1e-07
MIPGap  0
OptimalityTol  1e-07
Method  1
NodeMethod  1
DualReductions  0
InfUnbdInfo  1
LogToConsole  0
NumericFocus  1
Seed  20260929
Threads  1

Optimize a model with 85 rows, 106 columns and 297 nonzeros (Min)
Model has 93 linear objective coefficients
Coefficient statistics:
  Matrix range     [5e-04, 1e+00]
  Objective range  [6e-02, 1e+00]
  Bounds range     [2e+01, 2e+01]
  RHS range        [4e-02, 2e+01]

LP warm-start: use basis

Iteration    Objective       Primal Inf.    Dual Inf.      Time
       0    2.0000000e+00   5.720990e+01   0.000000e+00      0s
       8    2.0125000e+00   0.000000e+00   0.000000e+00      0s

Solved in 8 iterations and 0.00 seconds (0.00 work units)
Optimal objective  2.012500000e+00

User-callback calls 48, time in user-callback 0.00 sec
Set parameter TimeLimit to value 30
Gurobi Optimizer version 13.0.2 build v13.0.2rc1 (win64 - Windows 11+.0 (26200.2))

CPU model: 13th Gen Intel(R) Core(TM) i7-13620H, instruction set [SSE2|AVX|AVX2]
Thread count: 10 physical cores, 16 logical processors, using up to 1 threads

Non-default parameters:
TimeLimit  30
SoftMemLimit  12
FeasibilityTol  1e-07
IntFeasTol  1e-07
MIPGap  0
OptimalityTol  1e-07
Method  1
NodeMethod  1
DualReductions  0
InfUnbdInfo  1
LogToConsole  0
NumericFocus  1
Seed  20260929
Threads  1

Optimize a model with 85 rows, 106 columns and 297 nonzeros (Min)
Model has 93 linear objective coefficients
Coefficient statistics:
  Matrix range     [5e-04, 1e+00]
  Objective range  [6e-02, 1e+00]
  Bounds range     [2e+01, 2e+01]
  RHS range        [4e-02, 2e+01]

LP warm-start: use basis

Iteration    Objective       Primal Inf.    Dual Inf.      Time
       0    1.7875000e+00   1.875438e+01   0.000000e+00      0s
       6    2.0000000e+00   0.000000e+00   0.000000e+00      0s

Solved in 6 iterations and 0.00 seconds (0.00 work units)
Optimal objective  2.000000000e+00

User-callback calls 46, time in user-callback 0.00 sec
Set parameter TimeLimit to value 30
Gurobi Optimizer version 13.0.2 build v13.0.2rc1 (win64 - Windows 11+.0 (26200.2))

CPU model: 13th Gen Intel(R) Core(TM) i7-13620H, instruction set [SSE2|AVX|AVX2]
Thread count: 10 physical cores, 16 logical processors, using up to 1 threads

Non-default parameters:
TimeLimit  30
SoftMemLimit  12
FeasibilityTol  1e-07
IntFeasTol  1e-07
MIPGap  0
OptimalityTol  1e-07
Method  1
NodeMethod  1
DualReductions  0
InfUnbdInfo  1
LogToConsole  0
NumericFocus  1
Seed  20260929
Threads  1

Optimize a model with 85 rows, 106 columns and 297 nonzeros (Min)
Model has 93 linear objective coefficients
Coefficient statistics:
  Matrix range     [5e-04, 1e+00]
  Objective range  [6e-02, 1e+00]
  Bounds range     [2e+01, 2e+01]
  RHS range        [4e-02, 2e+01]

LP warm-start: use basis

Iteration    Objective       Primal Inf.    Dual Inf.      Time
       0    2.0000000e+00   4.726734e+01   0.000000e+00      0s
       2    2.0000000e+00   0.000000e+00   0.000000e+00      0s

Solved in 2 iterations and 0.00 seconds (0.00 work units)
Optimal objective  2.000000000e+00

User-callback calls 42, time in user-callback 0.00 sec
Set parameter TimeLimit to value 30
Gurobi Optimizer version 13.0.2 build v13.0.2rc1 (win64 - Windows 11+.0 (26200.2))

CPU model: 13th Gen Intel(R) Core(TM) i7-13620H, instruction set [SSE2|AVX|AVX2]
Thread count: 10 physical cores, 16 logical processors, using up to 1 threads

Non-default parameters:
TimeLimit  30
SoftMemLimit  12
FeasibilityTol  1e-07
IntFeasTol  1e-07
MIPGap  0
OptimalityTol  1e-07
Method  1
NodeMethod  1
DualReductions  0
InfUnbdInfo  1
LogToConsole  0
NumericFocus  1
Seed  20260929
Threads  1

Optimize a model with 85 rows, 106 columns and 297 nonzeros (Min)
Model has 93 linear objective coefficients
Coefficient statistics:
  Matrix range     [5e-04, 1e+00]
  Objective range  [6e-02, 1e+00]
  Bounds range     [2e+01, 2e+01]
  RHS range        [4e-02, 2e+01]

LP warm-start: use basis

Iteration    Objective       Primal Inf.    Dual Inf.      Time
       0    2.0000000e+00   0.000000e+00   0.000000e+00      0s

Solved in 0 iterations and 0.00 seconds (0.00 work units)
Optimal objective  2.000000000e+00

User-callback calls 38, time in user-callback 0.00 sec
Set parameter TimeLimit to value 30
Gurobi Optimizer version 13.0.2 build v13.0.2rc1 (win64 - Windows 11+.0 (26200.2))

CPU model: 13th Gen Intel(R) Core(TM) i7-13620H, instruction set [SSE2|AVX|AVX2]
Thread count: 10 physical cores, 16 logical processors, using up to 1 threads

Non-default parameters:
TimeLimit  30
SoftMemLimit  12
FeasibilityTol  1e-07
IntFeasTol  1e-07
MIPGap  0
OptimalityTol  1e-07
Method  1
NodeMethod  1
DualReductions  0
InfUnbdInfo  1
LogToConsole  0
NumericFocus  1
Seed  20260929
Threads  1

Optimize a model with 85 rows, 106 columns and 297 nonzeros (Min)
Model has 93 linear objective coefficients
Coefficient statistics:
  Matrix range     [5e-04, 1e+00]
  Objective range  [6e-02, 1e+00]
  Bounds range     [2e+01, 2e+01]
  RHS range        [4e-02, 2e+01]

LP warm-start: use basis

Iteration    Objective       Primal Inf.    Dual Inf.      Time
       0    4.0000000e+00   3.693084e+01   0.000000e+00      0s
       3    4.2625000e+00   0.000000e+00   0.000000e+00      0s

Solved in 3 iterations and 0.00 seconds (0.00 work units)
Optimal objective  4.262500000e+00

User-callback calls 43, time in user-callback 0.00 sec
Set parameter TimeLimit to value 30
Gurobi Optimizer version 13.0.2 build v13.0.2rc1 (win64 - Windows 11+.0 (26200.2))

CPU model: 13th Gen Intel(R) Core(TM) i7-13620H, instruction set [SSE2|AVX|AVX2]
Thread count: 10 physical cores, 16 logical processors, using up to 1 threads

Non-default parameters:
TimeLimit  30
SoftMemLimit  12
FeasibilityTol  1e-07
IntFeasTol  1e-07
MIPGap  0
OptimalityTol  1e-07
Method  1
NodeMethod  1
DualReductions  0
InfUnbdInfo  1
LogToConsole  0
NumericFocus  1
Seed  20260929
Threads  1

Optimize a model with 85 rows, 106 columns and 297 nonzeros (Min)
Model has 93 linear objective coefficients
Coefficient statistics:
  Matrix range     [5e-04, 1e+00]
  Objective range  [6e-02, 1e+00]
  Bounds range     [2e+01, 2e+01]
  RHS range        [4e-02, 2e+01]

LP warm-start: use basis

Iteration    Objective       Primal Inf.    Dual Inf.      Time
       0    4.0375000e+00   1.705438e+01   0.000000e+00      0s
       4    4.0418233e+00   0.000000e+00   0.000000e+00      0s

Solved in 4 iterations and 0.00 seconds (0.00 work units)
Optimal objective  4.041823312e+00

User-callback calls 44, time in user-callback 0.00 sec
Set parameter TimeLimit to value 30
Gurobi Optimizer version 13.0.2 build v13.0.2rc1 (win64 - Windows 11+.0 (26200.2))

CPU model: 13th Gen Intel(R) Core(TM) i7-13620H, instruction set [SSE2|AVX|AVX2]
Thread count: 10 physical cores, 16 logical processors, using up to 1 threads

Non-default parameters:
TimeLimit  30
SoftMemLimit  12
FeasibilityTol  1e-07
IntFeasTol  1e-07
MIPGap  0
OptimalityTol  1e-07
Method  1
NodeMethod  1
DualReductions  0
InfUnbdInfo  1
LogToConsole  0
NumericFocus  1
Seed  20260929
Threads  1

Optimize a model with 85 rows, 106 columns and 297 nonzeros (Min)
Model has 93 linear objective coefficients
Coefficient statistics:
  Matrix range     [5e-04, 1e+00]
  Objective range  [6e-02, 1e+00]
  Bounds range     [2e+01, 2e+01]
  RHS range        [4e-02, 2e+01]

LP warm-start: use basis

Iteration    Objective       Primal Inf.    Dual Inf.      Time
       0    3.8168233e+00   2.620608e+01   0.000000e+00      0s
       9    4.0418233e+00   0.000000e+00   0.000000e+00      0s

Solved in 9 iterations and 0.00 seconds (0.00 work units)
Optimal objective  4.041823312e+00

User-callback calls 49, time in user-callback 0.00 sec
Set parameter TimeLimit to value 30
Gurobi Optimizer version 13.0.2 build v13.0.2rc1 (win64 - Windows 11+.0 (26200.2))

CPU model: 13th Gen Intel(R) Core(TM) i7-13620H, instruction set [SSE2|AVX|AVX2]
Thread count: 10 physical cores, 16 logical processors, using up to 1 threads

Non-default parameters:
TimeLimit  30
SoftMemLimit  12
FeasibilityTol  1e-07
IntFeasTol  1e-07
MIPGap  0
OptimalityTol  1e-07
Method  1
NodeMethod  1
DualReductions  0
InfUnbdInfo  1
LogToConsole  0
NumericFocus  1
Seed  20260929
Threads  1

Optimize a model with 85 rows, 106 columns and 297 nonzeros (Min)
Model has 93 linear objective coefficients
Coefficient statistics:
  Matrix range     [5e-04, 1e+00]
  Objective range  [6e-02, 1e+00]
  Bounds range     [2e+01, 2e+01]
  RHS range        [4e-02, 2e+01]

LP warm-start: use basis

Iteration    Objective       Primal Inf.    Dual Inf.      Time
       0    3.8168233e+00   1.835980e+01   0.000000e+00      0s
      11    4.0000000e+00   0.000000e+00   0.000000e+00      0s

Solved in 11 iterations and 0.00 seconds (0.00 work units)
Optimal objective  4.000000000e+00

User-callback calls 51, time in user-callback 0.00 sec
Set parameter TimeLimit to value 30
Gurobi Optimizer version 13.0.2 build v13.0.2rc1 (win64 - Windows 11+.0 (26200.2))

CPU model: 13th Gen Intel(R) Core(TM) i7-13620H, instruction set [SSE2|AVX|AVX2]
Thread count: 10 physical cores, 16 logical processors, using up to 1 threads

Non-default parameters:
TimeLimit  30
SoftMemLimit  12
FeasibilityTol  1e-07
IntFeasTol  1e-07
MIPGap  0
OptimalityTol  1e-07
Method  1
NodeMethod  1
DualReductions  0
InfUnbdInfo  1
LogToConsole  0
NumericFocus  1
Seed  20260929
Threads  1

Optimize a model with 85 rows, 106 columns and 297 nonzeros (Min)
Model has 93 linear objective coefficients
Coefficient statistics:
  Matrix range     [5e-04, 1e+00]
  Objective range  [6e-02, 1e+00]
  Bounds range     [2e+01, 2e+01]
  RHS range        [2e-02, 2e+01]

LP warm-start: use basis

Iteration    Objective       Primal Inf.    Dual Inf.      Time
       0   -2.0000000e+00   1.506970e+02   0.000000e+00      0s
      19    2.0071537e+00   0.000000e+00   0.000000e+00      0s

Solved in 19 iterations and 0.00 seconds (0.00 work units)
Optimal objective  2.007153718e+00

User-callback calls 59, time in user-callback 0.00 sec
Set parameter TimeLimit to value 30
Gurobi Optimizer version 13.0.2 build v13.0.2rc1 (win64 - Windows 11+.0 (26200.2))

CPU model: 13th Gen Intel(R) Core(TM) i7-13620H, instruction set [SSE2|AVX|AVX2]
Thread count: 10 physical cores, 16 logical processors, using up to 1 threads

Non-default parameters:
TimeLimit  30
SoftMemLimit  12
FeasibilityTol  1e-07
IntFeasTol  1e-07
MIPGap  0
OptimalityTol  1e-07
Method  1
NodeMethod  1
DualReductions  0
InfUnbdInfo  1
LogToConsole  0
NumericFocus  1
Seed  20260929
Threads  1

Optimize a model with 85 rows, 106 columns and 297 nonzeros (Min)
Model has 93 linear objective coefficients
Coefficient statistics:
  Matrix range     [5e-04, 1e+00]
  Objective range  [6e-02, 1e+00]
  Bounds range     [2e+01, 2e+01]
  RHS range        [2e-02, 2e+01]

LP warm-start: use basis

Iteration    Objective       Primal Inf.    Dual Inf.      Time
       0    2.0071537e+00   2.751349e+01   0.000000e+00      0s
       2    2.0071537e+00   0.000000e+00   0.000000e+00      0s

Solved in 2 iterations and 0.00 seconds (0.00 work units)
Optimal objective  2.007153718e+00

User-callback calls 42, time in user-callback 0.00 sec
Set parameter TimeLimit to value 30
Gurobi Optimizer version 13.0.2 build v13.0.2rc1 (win64 - Windows 11+.0 (26200.2))

CPU model: 13th Gen Intel(R) Core(TM) i7-13620H, instruction set [SSE2|AVX|AVX2]
Thread count: 10 physical cores, 16 logical processors, using up to 1 threads

Non-default parameters:
TimeLimit  30
SoftMemLimit  12
FeasibilityTol  1e-07
IntFeasTol  1e-07
MIPGap  0
OptimalityTol  1e-07
Method  1
NodeMethod  1
DualReductions  0
InfUnbdInfo  1
LogToConsole  0
NumericFocus  1
Seed  20260929
Threads  1

Optimize a model with 85 rows, 106 columns and 297 nonzeros (Min)
Model has 93 linear objective coefficients
Coefficient statistics:
  Matrix range     [5e-04, 1e+00]
  Objective range  [6e-02, 1e+00]
  Bounds range     [2e+01, 2e+01]
  RHS range        [2e-02, 2e+01]

LP warm-start: use basis

Iteration    Objective       Primal Inf.    Dual Inf.      Time
       0    2.0071537e+00   9.304908e+00   0.000000e+00      0s
       2    2.0071537e+00   0.000000e+00   0.000000e+00      0s

Solved in 2 iterations and 0.00 seconds (0.00 work units)
Optimal objective  2.007153718e+00

User-callback calls 42, time in user-callback 0.00 sec
Set parameter TimeLimit to value 30
Gurobi Optimizer version 13.0.2 build v13.0.2rc1 (win64 - Windows 11+.0 (26200.2))

CPU model: 13th Gen Intel(R) Core(TM) i7-13620H, instruction set [SSE2|AVX|AVX2]
Thread count: 10 physical cores, 16 logical processors, using up to 1 threads

Non-default parameters:
TimeLimit  30
SoftMemLimit  12
FeasibilityTol  1e-07
IntFeasTol  1e-07
MIPGap  0
OptimalityTol  1e-07
Method  1
NodeMethod  1
DualReductions  0
InfUnbdInfo  1
LogToConsole  0
NumericFocus  1
Seed  20260929
Threads  1

Optimize a model with 85 rows, 106 columns and 297 nonzeros (Min)
Model has 93 linear objective coefficients
Coefficient statistics:
  Matrix range     [5e-04, 1e+00]
  Objective range  [6e-02, 1e+00]
  Bounds range     [2e+01, 2e+01]
  RHS range        [2e-02, 2e+01]

LP warm-start: use basis

Iteration    Objective       Primal Inf.    Dual Inf.      Time
       0    2.0071537e+00   0.000000e+00   0.000000e+00      0s

Solved in 0 iterations and 0.00 seconds (0.00 work units)
Optimal objective  2.007153718e+00

User-callback calls 38, time in user-callback 0.00 sec
Set parameter TimeLimit to value 30
Gurobi Optimizer version 13.0.2 build v13.0.2rc1 (win64 - Windows 11+.0 (26200.2))

CPU model: 13th Gen Intel(R) Core(TM) i7-13620H, instruction set [SSE2|AVX|AVX2]
Thread count: 10 physical cores, 16 logical processors, using up to 1 threads

Non-default parameters:
TimeLimit  30
SoftMemLimit  12
FeasibilityTol  1e-07
IntFeasTol  1e-07
MIPGap  0
OptimalityTol  1e-07
Method  1
NodeMethod  1
DualReductions  0
InfUnbdInfo  1
LogToConsole  0
NumericFocus  1
Seed  20260929
Threads  1

Optimize a model with 85 rows, 106 columns and 297 nonzeros (Min)
Model has 93 linear objective coefficients
Coefficient statistics:
  Matrix range     [5e-04, 1e+00]
  Objective range  [6e-02, 1e+00]
  Bounds range     [2e+01, 2e+01]
  RHS range        [2e-02, 2e+01]

LP warm-start: use basis

Iteration    Objective       Primal Inf.    Dual Inf.      Time
       0    2.0071537e+00   8.199572e+01   0.000000e+00      0s
       7    2.2571537e+00   0.000000e+00   0.000000e+00      0s

Solved in 7 iterations and 0.00 seconds (0.00 work units)
Optimal objective  2.257153718e+00

User-callback calls 47, time in user-callback 0.00 sec
Set parameter TimeLimit to value 30
Gurobi Optimizer version 13.0.2 build v13.0.2rc1 (win64 - Windows 11+.0 (26200.2))

CPU model: 13th Gen Intel(R) Core(TM) i7-13620H, instruction set [SSE2|AVX|AVX2]
Thread count: 10 physical cores, 16 logical processors, using up to 1 threads

Non-default parameters:
TimeLimit  30
SoftMemLimit  12
FeasibilityTol  1e-07
IntFeasTol  1e-07
MIPGap  0
OptimalityTol  1e-07
Method  1
NodeMethod  1
DualReductions  0
InfUnbdInfo  1
LogToConsole  0
NumericFocus  1
Seed  20260929
Threads  1

Optimize a model with 85 rows, 106 columns and 297 nonzeros (Min)
Model has 93 linear objective coefficients
Coefficient statistics:
  Matrix range     [5e-04, 1e+00]
  Objective range  [6e-02, 1e+00]
  Bounds range     [2e+01, 2e+01]
  RHS range        [2e-02, 2e+01]

LP warm-start: use basis

Iteration    Objective       Primal Inf.    Dual Inf.      Time
       0    1.8071537e+00   3.538877e+01   0.000000e+00      0s
       7    2.0071537e+00   0.000000e+00   0.000000e+00      0s

Solved in 7 iterations and 0.00 seconds (0.00 work units)
Optimal objective  2.007153718e+00

User-callback calls 47, time in user-callback 0.00 sec
Set parameter TimeLimit to value 30
Gurobi Optimizer version 13.0.2 build v13.0.2rc1 (win64 - Windows 11+.0 (26200.2))

CPU model: 13th Gen Intel(R) Core(TM) i7-13620H, instruction set [SSE2|AVX|AVX2]
Thread count: 10 physical cores, 16 logical processors, using up to 1 threads

Non-default parameters:
TimeLimit  30
SoftMemLimit  12
FeasibilityTol  1e-07
IntFeasTol  1e-07
MIPGap  0
OptimalityTol  1e-07
Method  1
NodeMethod  1
DualReductions  0
InfUnbdInfo  1
LogToConsole  0
NumericFocus  1
Seed  20260929
Threads  1

Optimize a model with 85 rows, 106 columns and 297 nonzeros (Min)
Model has 93 linear objective coefficients
Coefficient statistics:
  Matrix range     [5e-04, 1e+00]
  Objective range  [6e-02, 1e+00]
  Bounds range     [2e+01, 2e+01]
  RHS range        [2e-02, 2e+01]

LP warm-start: use basis

Iteration    Objective       Primal Inf.    Dual Inf.      Time
       0    1.0071537e+00   1.688889e+01   0.000000e+00      0s
      11    2.0364770e+00   0.000000e+00   0.000000e+00      0s

Solved in 11 iterations and 0.00 seconds (0.00 work units)
Optimal objective  2.036477030e+00

User-callback calls 51, time in user-callback 0.00 sec
Set parameter TimeLimit to value 30
Gurobi Optimizer version 13.0.2 build v13.0.2rc1 (win64 - Windows 11+.0 (26200.2))

CPU model: 13th Gen Intel(R) Core(TM) i7-13620H, instruction set [SSE2|AVX|AVX2]
Thread count: 10 physical cores, 16 logical processors, using up to 1 threads

Non-default parameters:
TimeLimit  30
SoftMemLimit  12
FeasibilityTol  1e-07
IntFeasTol  1e-07
MIPGap  0
OptimalityTol  1e-07
Method  1
NodeMethod  1
DualReductions  0
InfUnbdInfo  1
LogToConsole  0
NumericFocus  1
Seed  20260929
Threads  1

Optimize a model with 85 rows, 106 columns and 297 nonzeros (Min)
Model has 93 linear objective coefficients
Coefficient statistics:
  Matrix range     [5e-04, 1e+00]
  Objective range  [6e-02, 1e+00]
  Bounds range     [2e+01, 2e+01]
  RHS range        [2e-02, 2e+01]

LP warm-start: use basis

Iteration    Objective       Primal Inf.    Dual Inf.      Time
       0    1.5864770e+00   3.733286e+01   0.000000e+00      0s
       9    2.0071537e+00   0.000000e+00   0.000000e+00      0s

Solved in 9 iterations and 0.00 seconds (0.00 work units)
Optimal objective  2.007153718e+00

User-callback calls 49, time in user-callback 0.00 sec
Set parameter TimeLimit to value 30
Gurobi Optimizer version 13.0.2 build v13.0.2rc1 (win64 - Windows 11+.0 (26200.2))

CPU model: 13th Gen Intel(R) Core(TM) i7-13620H, instruction set [SSE2|AVX|AVX2]
Thread count: 10 physical cores, 16 logical processors, using up to 1 threads

Non-default parameters:
TimeLimit  30
SoftMemLimit  12
FeasibilityTol  1e-07
IntFeasTol  1e-07
MIPGap  0
OptimalityTol  1e-07
Method  1
NodeMethod  1
DualReductions  0
InfUnbdInfo  1
LogToConsole  0
NumericFocus  1
Seed  20260929
Threads  1

Optimize a model with 85 rows, 106 columns and 297 nonzeros (Min)
Model has 93 linear objective coefficients
Coefficient statistics:
  Matrix range     [5e-04, 1e+00]
  Objective range  [6e-02, 1e+00]
  Bounds range     [2e+01, 2e+01]
  RHS range        [2e-02, 2e+01]

LP warm-start: use basis

Iteration    Objective       Primal Inf.    Dual Inf.      Time
       0    2.0071537e+00   2.791490e+01   0.000000e+00      0s
       9    2.0196537e+00   0.000000e+00   0.000000e+00      0s

Solved in 9 iterations and 0.00 seconds (0.00 work units)
Optimal objective  2.019653718e+00

User-callback calls 48, time in user-callback 0.00 sec
Set parameter TimeLimit to value 30
Gurobi Optimizer version 13.0.2 build v13.0.2rc1 (win64 - Windows 11+.0 (26200.2))

CPU model: 13th Gen Intel(R) Core(TM) i7-13620H, instruction set [SSE2|AVX|AVX2]
Thread count: 10 physical cores, 16 logical processors, using up to 1 threads

Non-default parameters:
TimeLimit  30
SoftMemLimit  12
FeasibilityTol  1e-07
IntFeasTol  1e-07
MIPGap  0
OptimalityTol  1e-07
Method  1
NodeMethod  1
DualReductions  0
InfUnbdInfo  1
LogToConsole  0
NumericFocus  1
Seed  20260929
Threads  1

Optimize a model with 85 rows, 106 columns and 297 nonzeros (Min)
Model has 93 linear objective coefficients
Coefficient statistics:
  Matrix range     [5e-04, 1e+00]
  Objective range  [6e-02, 1e+00]
  Bounds range     [2e+01, 2e+01]
  RHS range        [2e-02, 2e+01]

LP warm-start: use basis

Iteration    Objective       Primal Inf.    Dual Inf.      Time
       0    1.5696537e+00   3.728877e+01   0.000000e+00      0s
       9    2.0071537e+00   0.000000e+00   0.000000e+00      0s

Solved in 9 iterations and 0.00 seconds (0.00 work units)
Optimal objective  2.007153718e+00

User-callback calls 49, time in user-callback 0.00 sec
Set parameter TimeLimit to value 30
Gurobi Optimizer version 13.0.2 build v13.0.2rc1 (win64 - Windows 11+.0 (26200.2))

CPU model: 13th Gen Intel(R) Core(TM) i7-13620H, instruction set [SSE2|AVX|AVX2]
Thread count: 10 physical cores, 16 logical processors, using up to 1 threads

Non-default parameters:
TimeLimit  30
SoftMemLimit  12
FeasibilityTol  1e-07
IntFeasTol  1e-07
MIPGap  0
OptimalityTol  1e-07
Method  1
NodeMethod  1
DualReductions  0
InfUnbdInfo  1
LogToConsole  0
NumericFocus  1
Seed  20260929
Threads  1

Optimize a model with 85 rows, 106 columns and 297 nonzeros (Min)
Model has 93 linear objective coefficients
Coefficient statistics:
  Matrix range     [5e-04, 1e+00]
  Objective range  [6e-02, 1e+00]
  Bounds range     [2e+01, 2e+01]
  RHS range        [2e-02, 2e+01]

LP warm-start: use basis

Iteration    Objective       Primal Inf.    Dual Inf.      Time
       0    2.0071537e+00   3.688675e+01   0.000000e+00      0s
       6    2.0071537e+00   0.000000e+00   0.000000e+00      0s

Solved in 6 iterations and 0.00 seconds (0.00 work units)
Optimal objective  2.007153718e+00

User-callback calls 46, time in user-callback 0.00 sec
Set parameter TimeLimit to value 30
Gurobi Optimizer version 13.0.2 build v13.0.2rc1 (win64 - Windows 11+.0 (26200.2))

CPU model: 13th Gen Intel(R) Core(TM) i7-13620H, instruction set [SSE2|AVX|AVX2]
Thread count: 10 physical cores, 16 logical processors, using up to 1 threads

Non-default parameters:
TimeLimit  30
SoftMemLimit  12
FeasibilityTol  1e-07
IntFeasTol  1e-07
MIPGap  0
OptimalityTol  1e-07
Method  1
NodeMethod  1
DualReductions  0
InfUnbdInfo  1
LogToConsole  0
NumericFocus  1
Seed  20260929
Threads  1

Optimize a model with 85 rows, 106 columns and 297 nonzeros (Min)
Model has 93 linear objective coefficients
Coefficient statistics:
  Matrix range     [5e-04, 1e+00]
  Objective range  [6e-02, 1e+00]
  Bounds range     [2e+01, 2e+01]
  RHS range        [2e-02, 2e+01]

LP warm-start: use basis

Iteration    Objective       Primal Inf.    Dual Inf.      Time
       0    2.0071537e+00   1.560723e+00   0.000000e+00      0s
       4    2.0071537e+00   0.000000e+00   0.000000e+00      0s

Solved in 4 iterations and 0.00 seconds (0.00 work units)
Optimal objective  2.007153718e+00

User-callback calls 44, time in user-callback 0.00 sec
Set parameter TimeLimit to value 30
Gurobi Optimizer version 13.0.2 build v13.0.2rc1 (win64 - Windows 11+.0 (26200.2))

CPU model: 13th Gen Intel(R) Core(TM) i7-13620H, instruction set [SSE2|AVX|AVX2]
Thread count: 10 physical cores, 16 logical processors, using up to 1 threads

Non-default parameters:
TimeLimit  30
SoftMemLimit  12
FeasibilityTol  1e-07
IntFeasTol  1e-07
MIPGap  0
OptimalityTol  1e-07
Method  1
NodeMethod  1
DualReductions  0
InfUnbdInfo  1
LogToConsole  0
NumericFocus  1
Seed  20260929
Threads  1

Optimize a model with 85 rows, 106 columns and 297 nonzeros (Min)
Model has 93 linear objective coefficients
Coefficient statistics:
  Matrix range     [5e-04, 1e+00]
  Objective range  [6e-02, 1e+00]
  Bounds range     [2e+01, 2e+01]
  RHS range        [2e-02, 2e+01]

LP warm-start: use basis

Iteration    Objective       Primal Inf.    Dual Inf.      Time
       0    2.0071537e+00   1.586252e+02   0.000000e+00      0s
       8    4.2696537e+00   0.000000e+00   0.000000e+00      0s

Solved in 8 iterations and 0.00 seconds (0.00 work units)
Optimal objective  4.269653718e+00

User-callback calls 47, time in user-callback 0.00 sec
Set parameter TimeLimit to value 30
Gurobi Optimizer version 13.0.2 build v13.0.2rc1 (win64 - Windows 11+.0 (26200.2))

CPU model: 13th Gen Intel(R) Core(TM) i7-13620H, instruction set [SSE2|AVX|AVX2]
Thread count: 10 physical cores, 16 logical processors, using up to 1 threads

Non-default parameters:
TimeLimit  30
SoftMemLimit  12
FeasibilityTol  1e-07
IntFeasTol  1e-07
MIPGap  0
OptimalityTol  1e-07
Method  1
NodeMethod  1
DualReductions  0
InfUnbdInfo  1
LogToConsole  0
NumericFocus  1
Seed  20260929
Threads  1

Optimize a model with 85 rows, 106 columns and 297 nonzeros (Min)
Model has 93 linear objective coefficients
Coefficient statistics:
  Matrix range     [5e-04, 1e+00]
  Objective range  [6e-02, 1e+00]
  Bounds range     [2e+01, 2e+01]
  RHS range        [2e-02, 2e+01]

LP warm-start: use basis

Iteration    Objective       Primal Inf.    Dual Inf.      Time
       0    3.8196537e+00   3.528877e+01   0.000000e+00      0s
       7    4.0071537e+00   0.000000e+00   0.000000e+00      0s

Solved in 7 iterations and 0.00 seconds (0.00 work units)
Optimal objective  4.007153718e+00

User-callback calls 47, time in user-callback 0.00 sec
Set parameter TimeLimit to value 30
Gurobi Optimizer version 13.0.2 build v13.0.2rc1 (win64 - Windows 11+.0 (26200.2))

CPU model: 13th Gen Intel(R) Core(TM) i7-13620H, instruction set [SSE2|AVX|AVX2]
Thread count: 10 physical cores, 16 logical processors, using up to 1 threads

Non-default parameters:
TimeLimit  30
SoftMemLimit  12
FeasibilityTol  1e-07
IntFeasTol  1e-07
MIPGap  0
OptimalityTol  1e-07
Method  1
NodeMethod  1
DualReductions  0
InfUnbdInfo  1
LogToConsole  0
NumericFocus  1
Seed  20260929
Threads  1

Optimize a model with 85 rows, 106 columns and 297 nonzeros (Min)
Model has 93 linear objective coefficients
Coefficient statistics:
  Matrix range     [5e-04, 1e+00]
  Objective range  [6e-02, 1e+00]
  Bounds range     [2e+01, 2e+01]
  RHS range        [2e-02, 2e+01]

LP warm-start: use basis

Iteration    Objective       Primal Inf.    Dual Inf.      Time
       0    4.0071537e+00   4.851837e+01   0.000000e+00      0s
      11    4.0489770e+00   0.000000e+00   0.000000e+00      0s

Solved in 11 iterations and 0.00 seconds (0.00 work units)
Optimal objective  4.048977030e+00

User-callback calls 51, time in user-callback 0.00 sec
Set parameter TimeLimit to value 30
Gurobi Optimizer version 13.0.2 build v13.0.2rc1 (win64 - Windows 11+.0 (26200.2))

CPU model: 13th Gen Intel(R) Core(TM) i7-13620H, instruction set [SSE2|AVX|AVX2]
Thread count: 10 physical cores, 16 logical processors, using up to 1 threads

Non-default parameters:
TimeLimit  30
SoftMemLimit  12
FeasibilityTol  1e-07
IntFeasTol  1e-07
MIPGap  0
OptimalityTol  1e-07
Method  1
NodeMethod  1
DualReductions  0
InfUnbdInfo  1
LogToConsole  0
NumericFocus  1
Seed  20260929
Threads  1

Optimize a model with 85 rows, 106 columns and 297 nonzeros (Min)
Model has 93 linear objective coefficients
Coefficient statistics:
  Matrix range     [5e-04, 1e+00]
  Objective range  [6e-02, 1e+00]
  Bounds range     [2e+01, 2e+01]
  RHS range        [2e-02, 2e+01]

LP warm-start: use basis

Iteration    Objective       Primal Inf.    Dual Inf.      Time
       0    3.5989770e+00   3.723286e+01   0.000000e+00      0s
       9    4.0071537e+00   0.000000e+00   0.000000e+00      0s

Solved in 9 iterations and 0.00 seconds (0.00 work units)
Optimal objective  4.007153718e+00

User-callback calls 49, time in user-callback 0.00 sec
