
Gurobi 13.0.2 (win64) logging started Fri Oct  2 11:19:38 2026

Set parameter LogFile to value "C:\Users\kjw39\Documents\Codex\2026-10-02\m1-benders-x0-certificate-repair\worktree\docs\v42_m1_benders_x0_certificate_repair\FIXTURE_RAW\K\scaled\raw_solver.log"
Set parameter Threads to value 1
Set parameter Seed to value 20260929
Set parameter Method to value 1
Set parameter NodeMethod to value 1
Set parameter FeasibilityTol to value 1e-07
Set parameter OptimalityTol to value 1e-07
Set parameter IntFeasTol to value 1e-07
Set parameter NumericFocus to value 1
Set parameter InfUnbdInfo to value 1
Set parameter DualReductions to value 0
Set parameter SoftMemLimit to value 12
Set parameter MIPGap to value 0
Set parameter TimeLimit to value 60
Set parameter TimeLimit to value 30
Gurobi Optimizer version 13.0.2 build v13.0.2rc1 (win64 - Windows 11+.0 (26200.2))

CPU model: 13th Gen Intel(R) Core(TM) i7-13620H, instruction set [SSE2|AVX|AVX2]
Thread count: 10 physical cores, 16 logical processors, using up to 1 threads

Non-default parameters:
TimeLimit  30
SoftMemLimit  12
FeasibilityTol  1e-07
IntFeasTol  1e-07
MIPGap  0
OptimalityTol  1e-07
Method  1
NodeMethod  1
DualReductions  0
InfUnbdInfo  1
LogToConsole  0
NumericFocus  1
Seed  20260929
Threads  1

Optimize a model with 84 rows, 13 columns and 203 nonzeros (Min)
Model fingerprint: 0xcb11b374
Model has 1 linear objective coefficients
Coefficient statistics:
  Matrix range     [3e-05, 2e+01]
  Objective range  [1e+00, 1e+00]
  Bounds range     [2e+01, 2e+01]
  RHS range        [3e-03, 3e+02]

Presolve time: 0.00s
Iteration    Objective       Primal Inf.    Dual Inf.      Time
       0    0.0000000e+00   3.093969e+02   0.000000e+00      0s

Solved in 8 iterations and 0.00 seconds (0.00 work units)
Infeasible model

User-callback calls 48, time in user-callback 0.00 sec
Set parameter TimeLimit to value 30
Gurobi Optimizer version 13.0.2 build v13.0.2rc1 (win64 - Windows 11+.0 (26200.2))

CPU model: 13th Gen Intel(R) Core(TM) i7-13620H, instruction set [SSE2|AVX|AVX2]
Thread count: 10 physical cores, 16 logical processors, using up to 1 threads

Non-default parameters:
TimeLimit  30
SoftMemLimit  12
FeasibilityTol  1e-07
IntFeasTol  1e-07
MIPGap  0
OptimalityTol  1e-07
Method  1
NodeMethod  1
DualReductions  0
InfUnbdInfo  1
LogToConsole  0
NumericFocus  1
Seed  20260929
Threads  1

Optimize a model with 84 rows, 13 columns and 203 nonzeros (Min)
Model has 1 linear objective coefficients
Coefficient statistics:
  Matrix range     [3e-05, 2e+01]
  Objective range  [1e+00, 1e+00]
  Bounds range     [2e+01, 2e+01]
  RHS range        [3e-03, 1e+02]

LP warm-start: use basis

Iteration    Objective       Primal Inf.    Dual Inf.      Time
       0    1.0000000e+00   5.625000e-01   0.000000e+00      0s

Solved in 0 iterations and 0.00 seconds (0.00 work units)
Infeasible model

User-callback calls 38, time in user-callback 0.00 sec
Set parameter TimeLimit to value 30
Gurobi Optimizer version 13.0.2 build v13.0.2rc1 (win64 - Windows 11+.0 (26200.2))

CPU model: 13th Gen Intel(R) Core(TM) i7-13620H, instruction set [SSE2|AVX|AVX2]
Thread count: 10 physical cores, 16 logical processors, using up to 1 threads

Non-default parameters:
TimeLimit  30
SoftMemLimit  12
FeasibilityTol  1e-07
IntFeasTol  1e-07
MIPGap  0
OptimalityTol  1e-07
Method  1
NodeMethod  1
DualReductions  0
InfUnbdInfo  1
LogToConsole  0
NumericFocus  1
Seed  20260929
Threads  1

Optimize a model with 84 rows, 13 columns and 203 nonzeros (Min)
Model has 1 linear objective coefficients
Coefficient statistics:
  Matrix range     [3e-05, 2e+01]
  Objective range  [1e+00, 1e+00]
  Bounds range     [2e+01, 2e+01]
  RHS range        [3e-03, 3e+02]

LP warm-start: use basis

Iteration    Objective       Primal Inf.    Dual Inf.      Time
       0    1.0000000e+00   5.625000e-01   0.000000e+00      0s

Solved in 0 iterations and 0.00 seconds (0.00 work units)
Infeasible model

User-callback calls 38, time in user-callback 0.00 sec
Set parameter TimeLimit to value 30
Gurobi Optimizer version 13.0.2 build v13.0.2rc1 (win64 - Windows 11+.0 (26200.2))

CPU model: 13th Gen Intel(R) Core(TM) i7-13620H, instruction set [SSE2|AVX|AVX2]
Thread count: 10 physical cores, 16 logical processors, using up to 1 threads

Non-default parameters:
TimeLimit  30
SoftMemLimit  12
FeasibilityTol  1e-07
IntFeasTol  1e-07
MIPGap  0
OptimalityTol  1e-07
Method  1
NodeMethod  1
DualReductions  0
InfUnbdInfo  1
LogToConsole  0
NumericFocus  1
Seed  20260929
Threads  1

Optimize a model with 84 rows, 13 columns and 203 nonzeros (Min)
Model has 1 linear objective coefficients
Coefficient statistics:
  Matrix range     [3e-05, 2e+01]
  Objective range  [1e+00, 1e+00]
  Bounds range     [2e+01, 2e+01]
  RHS range        [3e-03, 3e+02]

LP warm-start: use basis

Iteration    Objective       Primal Inf.    Dual Inf.      Time
       0    1.0000000e+00   5.625000e-01   0.000000e+00      0s

Solved in 0 iterations and 0.00 seconds (0.00 work units)
Infeasible model

User-callback calls 38, time in user-callback 0.00 sec
Set parameter TimeLimit to value 30
Gurobi Optimizer version 13.0.2 build v13.0.2rc1 (win64 - Windows 11+.0 (26200.2))

CPU model: 13th Gen Intel(R) Core(TM) i7-13620H, instruction set [SSE2|AVX|AVX2]
Thread count: 10 physical cores, 16 logical processors, using up to 1 threads

Non-default parameters:
TimeLimit  30
SoftMemLimit  12
FeasibilityTol  1e-07
IntFeasTol  1e-07
MIPGap  0
OptimalityTol  1e-07
Method  1
NodeMethod  1
DualReductions  0
InfUnbdInfo  1
LogToConsole  0
NumericFocus  1
Seed  20260929
Threads  1

Optimize a model with 84 rows, 13 columns and 203 nonzeros (Min)
Model has 1 linear objective coefficients
Coefficient statistics:
  Matrix range     [3e-05, 2e+01]
  Objective range  [1e+00, 1e+00]
  Bounds range     [2e+01, 2e+01]
  RHS range        [3e-03, 3e+02]

LP warm-start: use basis

Iteration    Objective       Primal Inf.    Dual Inf.      Time
       0    1.0000000e+00   1.750000e+00   0.000000e+00      0s

Solved in 5 iterations and 0.00 seconds (0.00 work units)
Infeasible model

User-callback calls 44, time in user-callback 0.00 sec
Set parameter TimeLimit to value 30
Gurobi Optimizer version 13.0.2 build v13.0.2rc1 (win64 - Windows 11+.0 (26200.2))

CPU model: 13th Gen Intel(R) Core(TM) i7-13620H, instruction set [SSE2|AVX|AVX2]
Thread count: 10 physical cores, 16 logical processors, using up to 1 threads

Non-default parameters:
TimeLimit  30
SoftMemLimit  12
FeasibilityTol  1e-07
IntFeasTol  1e-07
MIPGap  0
OptimalityTol  1e-07
Method  1
NodeMethod  1
DualReductions  0
InfUnbdInfo  1
LogToConsole  0
NumericFocus  1
Seed  20260929
Threads  1

Optimize a model with 84 rows, 13 columns and 203 nonzeros (Min)
Model has 1 linear objective coefficients
Coefficient statistics:
  Matrix range     [3e-05, 2e+01]
  Objective range  [1e+00, 1e+00]
  Bounds range     [2e+01, 2e+01]
  RHS range        [3e-03, 1e+02]

LP warm-start: use basis

Iteration    Objective       Primal Inf.    Dual Inf.      Time
       0    1.5333333e+00   4.457738e+02   0.000000e+00      0s

Solved in 0 iterations and 0.00 seconds (0.00 work units)
Infeasible model

User-callback calls 38, time in user-callback 0.00 sec
Set parameter TimeLimit to value 30
Gurobi Optimizer version 13.0.2 build v13.0.2rc1 (win64 - Windows 11+.0 (26200.2))

CPU model: 13th Gen Intel(R) Core(TM) i7-13620H, instruction set [SSE2|AVX|AVX2]
Thread count: 10 physical cores, 16 logical processors, using up to 1 threads

Non-default parameters:
TimeLimit  30
SoftMemLimit  12
FeasibilityTol  1e-07
IntFeasTol  1e-07
MIPGap  0
OptimalityTol  1e-07
Method  1
NodeMethod  1
DualReductions  0
InfUnbdInfo  1
LogToConsole  0
NumericFocus  1
Seed  20260929
Threads  1

Optimize a model with 84 rows, 13 columns and 203 nonzeros (Min)
Model has 1 linear objective coefficients
Coefficient statistics:
  Matrix range     [3e-05, 2e+01]
  Objective range  [1e+00, 1e+00]
  Bounds range     [2e+01, 2e+01]
  RHS range        [3e-03, 3e+02]

LP warm-start: use basis

Iteration    Objective       Primal Inf.    Dual Inf.      Time
       0    1.5333333e+00   4.297738e+02   0.000000e+00      0s

Solved in 0 iterations and 0.00 seconds (0.00 work units)
Infeasible model

User-callback calls 38, time in user-callback 0.00 sec
Set parameter TimeLimit to value 30
Gurobi Optimizer version 13.0.2 build v13.0.2rc1 (win64 - Windows 11+.0 (26200.2))

CPU model: 13th Gen Intel(R) Core(TM) i7-13620H, instruction set [SSE2|AVX|AVX2]
Thread count: 10 physical cores, 16 logical processors, using up to 1 threads

Non-default parameters:
TimeLimit  30
SoftMemLimit  12
FeasibilityTol  1e-07
IntFeasTol  1e-07
MIPGap  0
OptimalityTol  1e-07
Method  1
NodeMethod  1
DualReductions  0
InfUnbdInfo  1
LogToConsole  0
NumericFocus  1
Seed  20260929
Threads  1

Optimize a model with 84 rows, 13 columns and 203 nonzeros (Min)
Model has 1 linear objective coefficients
Coefficient statistics:
  Matrix range     [3e-05, 2e+01]
  Objective range  [1e+00, 1e+00]
  Bounds range     [2e+01, 2e+01]
  RHS range        [3e-03, 3e+02]

LP warm-start: use basis

Iteration    Objective       Primal Inf.    Dual Inf.      Time
       0    1.5333333e+00   4.297738e+02   0.000000e+00      0s

Solved in 0 iterations and 0.00 seconds (0.00 work units)
Infeasible model

User-callback calls 38, time in user-callback 0.00 sec
Set parameter TimeLimit to value 30
Gurobi Optimizer version 13.0.2 build v13.0.2rc1 (win64 - Windows 11+.0 (26200.2))

CPU model: 13th Gen Intel(R) Core(TM) i7-13620H, instruction set [SSE2|AVX|AVX2]
Thread count: 10 physical cores, 16 logical processors, using up to 1 threads

Non-default parameters:
TimeLimit  30
SoftMemLimit  12
FeasibilityTol  1e-07
IntFeasTol  1e-07
MIPGap  0
OptimalityTol  1e-07
Method  1
NodeMethod  1
DualReductions  0
InfUnbdInfo  1
LogToConsole  0
NumericFocus  1
Seed  20260929
Threads  1

Optimize a model with 84 rows, 13 columns and 203 nonzeros (Min)
Model has 1 linear objective coefficients
Coefficient statistics:
  Matrix range     [3e-05, 2e+01]
  Objective range  [1e+00, 1e+00]
  Bounds range     [2e+01, 2e+01]
  RHS range        [3e-03, 3e+02]

LP warm-start: use basis

Iteration    Objective       Primal Inf.    Dual Inf.      Time
       0    1.0133333e+00   1.089782e+01   0.000000e+00      0s

Solved in 0 iterations and 0.00 seconds (0.00 work units)
Infeasible model

User-callback calls 38, time in user-callback 0.00 sec
Set parameter TimeLimit to value 30
Gurobi Optimizer version 13.0.2 build v13.0.2rc1 (win64 - Windows 11+.0 (26200.2))

CPU model: 13th Gen Intel(R) Core(TM) i7-13620H, instruction set [SSE2|AVX|AVX2]
Thread count: 10 physical cores, 16 logical processors, using up to 1 threads

Non-default parameters:
TimeLimit  30
SoftMemLimit  12
FeasibilityTol  1e-07
IntFeasTol  1e-07
MIPGap  0
OptimalityTol  1e-07
Method  1
NodeMethod  1
DualReductions  0
InfUnbdInfo  1
LogToConsole  0
NumericFocus  1
Seed  20260929
Threads  1

Optimize a model with 84 rows, 13 columns and 203 nonzeros (Min)
Model has 1 linear objective coefficients
Coefficient statistics:
  Matrix range     [3e-05, 2e+01]
  Objective range  [1e+00, 1e+00]
  Bounds range     [2e+01, 2e+01]
  RHS range        [3e-03, 1e+02]

LP warm-start: use basis

Iteration    Objective       Primal Inf.    Dual Inf.      Time
       0    1.0133333e+00   1.089782e+01   0.000000e+00      0s

Solved in 0 iterations and 0.00 seconds (0.00 work units)
Infeasible model

User-callback calls 38, time in user-callback 0.00 sec
Set parameter TimeLimit to value 30
Gurobi Optimizer version 13.0.2 build v13.0.2rc1 (win64 - Windows 11+.0 (26200.2))

CPU model: 13th Gen Intel(R) Core(TM) i7-13620H, instruction set [SSE2|AVX|AVX2]
Thread count: 10 physical cores, 16 logical processors, using up to 1 threads

Non-default parameters:
TimeLimit  30
SoftMemLimit  12
FeasibilityTol  1e-07
IntFeasTol  1e-07
MIPGap  0
OptimalityTol  1e-07
Method  1
NodeMethod  1
DualReductions  0
InfUnbdInfo  1
LogToConsole  0
NumericFocus  1
Seed  20260929
Threads  1

Optimize a model with 84 rows, 13 columns and 203 nonzeros (Min)
Model has 1 linear objective coefficients
Coefficient statistics:
  Matrix range     [3e-05, 2e+01]
  Objective range  [1e+00, 1e+00]
  Bounds range     [2e+01, 2e+01]
  RHS range        [3e-03, 3e+02]

LP warm-start: use basis

Iteration    Objective       Primal Inf.    Dual Inf.      Time
       0    1.0133333e+00   1.000893e+01   0.000000e+00      0s

Solved in 0 iterations and 0.00 seconds (0.00 work units)
Infeasible model

User-callback calls 38, time in user-callback 0.00 sec
Set parameter TimeLimit to value 30
Gurobi Optimizer version 13.0.2 build v13.0.2rc1 (win64 - Windows 11+.0 (26200.2))

CPU model: 13th Gen Intel(R) Core(TM) i7-13620H, instruction set [SSE2|AVX|AVX2]
Thread count: 10 physical cores, 16 logical processors, using up to 1 threads

Non-default parameters:
TimeLimit  30
SoftMemLimit  12
FeasibilityTol  1e-07
IntFeasTol  1e-07
MIPGap  0
OptimalityTol  1e-07
Method  1
NodeMethod  1
DualReductions  0
InfUnbdInfo  1
LogToConsole  0
NumericFocus  1
Seed  20260929
Threads  1

Optimize a model with 84 rows, 13 columns and 203 nonzeros (Min)
Model has 1 linear objective coefficients
Coefficient statistics:
  Matrix range     [3e-05, 2e+01]
  Objective range  [1e+00, 1e+00]
  Bounds range     [2e+01, 2e+01]
  RHS range        [3e-03, 3e+02]

LP warm-start: use basis

Iteration    Objective       Primal Inf.    Dual Inf.      Time
       0    1.0133333e+00   1.000893e+01   0.000000e+00      0s

Solved in 0 iterations and 0.00 seconds (0.00 work units)
Infeasible model

User-callback calls 38, time in user-callback 0.00 sec
Set parameter TimeLimit to value 30
Gurobi Optimizer version 13.0.2 build v13.0.2rc1 (win64 - Windows 11+.0 (26200.2))

CPU model: 13th Gen Intel(R) Core(TM) i7-13620H, instruction set [SSE2|AVX|AVX2]
Thread count: 10 physical cores, 16 logical processors, using up to 1 threads

Non-default parameters:
TimeLimit  30
SoftMemLimit  12
FeasibilityTol  1e-07
IntFeasTol  1e-07
MIPGap  0
OptimalityTol  1e-07
Method  1
NodeMethod  1
DualReductions  0
InfUnbdInfo  1
LogToConsole  0
NumericFocus  1
Seed  20260929
Threads  1

Optimize a model with 84 rows, 13 columns and 203 nonzeros (Min)
Model has 1 linear objective coefficients
Coefficient statistics:
  Matrix range     [3e-05, 2e+01]
  Objective range  [1e+00, 1e+00]
  Bounds range     [2e+01, 2e+01]
  RHS range        [3e-03, 3e+02]

LP warm-start: use basis

Iteration    Objective       Primal Inf.    Dual Inf.      Time
       0    1.5466667e+00   4.580119e+02   0.000000e+00      0s

Solved in 0 iterations and 0.00 seconds (0.00 work units)
Infeasible model

User-callback calls 38, time in user-callback 0.00 sec
Set parameter TimeLimit to value 30
Gurobi Optimizer version 13.0.2 build v13.0.2rc1 (win64 - Windows 11+.0 (26200.2))

CPU model: 13th Gen Intel(R) Core(TM) i7-13620H, instruction set [SSE2|AVX|AVX2]
Thread count: 10 physical cores, 16 logical processors, using up to 1 threads

Non-default parameters:
TimeLimit  30
SoftMemLimit  12
FeasibilityTol  1e-07
IntFeasTol  1e-07
MIPGap  0
OptimalityTol  1e-07
Method  1
NodeMethod  1
DualReductions  0
InfUnbdInfo  1
LogToConsole  0
NumericFocus  1
Seed  20260929
Threads  1

Optimize a model with 84 rows, 13 columns and 203 nonzeros (Min)
Model has 1 linear objective coefficients
Coefficient statistics:
  Matrix range     [3e-05, 2e+01]
  Objective range  [1e+00, 1e+00]
  Bounds range     [2e+01, 2e+01]
  RHS range        [3e-03, 1e+02]

LP warm-start: use basis

Iteration    Objective       Primal Inf.    Dual Inf.      Time
       0    1.5466667e+00   4.580119e+02   0.000000e+00      0s

Solved in 0 iterations and 0.00 seconds (0.00 work units)
Infeasible model

User-callback calls 38, time in user-callback 0.00 sec
Set parameter TimeLimit to value 30
Gurobi Optimizer version 13.0.2 build v13.0.2rc1 (win64 - Windows 11+.0 (26200.2))

CPU model: 13th Gen Intel(R) Core(TM) i7-13620H, instruction set [SSE2|AVX|AVX2]
Thread count: 10 physical cores, 16 logical processors, using up to 1 threads

Non-default parameters:
TimeLimit  30
SoftMemLimit  12
FeasibilityTol  1e-07
IntFeasTol  1e-07
MIPGap  0
OptimalityTol  1e-07
Method  1
NodeMethod  1
DualReductions  0
InfUnbdInfo  1
LogToConsole  0
NumericFocus  1
Seed  20260929
Threads  1

Optimize a model with 84 rows, 13 columns and 203 nonzeros (Min)
Model has 1 linear objective coefficients
Coefficient statistics:
  Matrix range     [3e-05, 2e+01]
  Objective range  [1e+00, 1e+00]
  Bounds range     [2e+01, 2e+01]
  RHS range        [3e-03, 3e+02]

LP warm-start: use basis

Iteration    Objective       Primal Inf.    Dual Inf.      Time
       0    1.5466667e+00   4.420119e+02   0.000000e+00      0s

Solved in 0 iterations and 0.00 seconds (0.00 work units)
Infeasible model

User-callback calls 38, time in user-callback 0.00 sec
Set parameter TimeLimit to value 30
Gurobi Optimizer version 13.0.2 build v13.0.2rc1 (win64 - Windows 11+.0 (26200.2))

CPU model: 13th Gen Intel(R) Core(TM) i7-13620H, instruction set [SSE2|AVX|AVX2]
Thread count: 10 physical cores, 16 logical processors, using up to 1 threads

Non-default parameters:
TimeLimit  30
SoftMemLimit  12
FeasibilityTol  1e-07
IntFeasTol  1e-07
MIPGap  0
OptimalityTol  1e-07
Method  1
NodeMethod  1
DualReductions  0
InfUnbdInfo  1
LogToConsole  0
NumericFocus  1
Seed  20260929
Threads  1

Optimize a model with 84 rows, 13 columns and 203 nonzeros (Min)
Model has 1 linear objective coefficients
Coefficient statistics:
  Matrix range     [3e-05, 2e+01]
  Objective range  [1e+00, 1e+00]
  Bounds range     [2e+01, 2e+01]
  RHS range        [3e-03, 3e+02]

LP warm-start: use basis

Iteration    Objective       Primal Inf.    Dual Inf.      Time
       0    1.5466667e+00   4.420119e+02   0.000000e+00      0s

Solved in 0 iterations and 0.00 seconds (0.00 work units)
Infeasible model

User-callback calls 38, time in user-callback 0.00 sec
Set parameter TimeLimit to value 30
Gurobi Optimizer version 13.0.2 build v13.0.2rc1 (win64 - Windows 11+.0 (26200.2))

CPU model: 13th Gen Intel(R) Core(TM) i7-13620H, instruction set [SSE2|AVX|AVX2]
Thread count: 10 physical cores, 16 logical processors, using up to 1 threads

Non-default parameters:
TimeLimit  30
SoftMemLimit  12
FeasibilityTol  1e-07
IntFeasTol  1e-07
MIPGap  0
OptimalityTol  1e-07
Method  1
NodeMethod  1
DualReductions  0
InfUnbdInfo  1
LogToConsole  0
NumericFocus  1
Seed  20260929
Threads  1

Optimize a model with 84 rows, 13 columns and 203 nonzeros (Min)
Model has 1 linear objective coefficients
Coefficient statistics:
  Matrix range     [3e-05, 2e+01]
  Objective range  [1e+00, 1e+00]
  Bounds range     [2e+01, 2e+01]
  RHS range        [3e-03, 3e+02]

LP warm-start: use basis

Iteration    Objective       Primal Inf.    Dual Inf.      Time
       0    7.6000000e-01   2.022222e+02   0.000000e+00      0s

Solved in 3 iterations and 0.00 seconds (0.00 work units)
Infeasible model

User-callback calls 42, time in user-callback 0.00 sec
Set parameter TimeLimit to value 30
Gurobi Optimizer version 13.0.2 build v13.0.2rc1 (win64 - Windows 11+.0 (26200.2))

CPU model: 13th Gen Intel(R) Core(TM) i7-13620H, instruction set [SSE2|AVX|AVX2]
Thread count: 10 physical cores, 16 logical processors, using up to 1 threads

Non-default parameters:
TimeLimit  30
SoftMemLimit  12
FeasibilityTol  1e-07
IntFeasTol  1e-07
MIPGap  0
OptimalityTol  1e-07
Method  1
NodeMethod  1
DualReductions  0
InfUnbdInfo  1
LogToConsole  0
NumericFocus  1
Seed  20260929
Threads  1

Optimize a model with 84 rows, 13 columns and 203 nonzeros (Min)
Model has 1 linear objective coefficients
Coefficient statistics:
  Matrix range     [3e-05, 2e+01]
  Objective range  [1e+00, 1e+00]
  Bounds range     [2e+01, 2e+01]
  RHS range        [3e-03, 3e+02]

LP warm-start: use basis

Iteration    Objective       Primal Inf.    Dual Inf.      Time
       0    1.0000000e+00   3.909628e-01   0.000000e+00      0s

Solved in 0 iterations and 0.00 seconds (0.00 work units)
Infeasible model

User-callback calls 38, time in user-callback 0.00 sec
Set parameter TimeLimit to value 30
Gurobi Optimizer version 13.0.2 build v13.0.2rc1 (win64 - Windows 11+.0 (26200.2))

CPU model: 13th Gen Intel(R) Core(TM) i7-13620H, instruction set [SSE2|AVX|AVX2]
Thread count: 10 physical cores, 16 logical processors, using up to 1 threads

Non-default parameters:
TimeLimit  30
SoftMemLimit  12
FeasibilityTol  1e-07
IntFeasTol  1e-07
MIPGap  0
OptimalityTol  1e-07
Method  1
NodeMethod  1
DualReductions  0
InfUnbdInfo  1
LogToConsole  0
NumericFocus  1
Seed  20260929
Threads  1

Optimize a model with 84 rows, 13 columns and 203 nonzeros (Min)
Model has 1 linear objective coefficients
Coefficient statistics:
  Matrix range     [3e-05, 2e+01]
  Objective range  [1e+00, 1e+00]
  Bounds range     [2e+01, 2e+01]
  RHS range        [3e-03, 3e+02]

LP warm-start: use basis

Iteration    Objective       Primal Inf.    Dual Inf.      Time
       0    1.0000000e+00   3.909628e-01   0.000000e+00      0s

Solved in 0 iterations and 0.00 seconds (0.00 work units)
Infeasible model

User-callback calls 38, time in user-callback 0.00 sec
Set parameter TimeLimit to value 30
Gurobi Optimizer version 13.0.2 build v13.0.2rc1 (win64 - Windows 11+.0 (26200.2))

CPU model: 13th Gen Intel(R) Core(TM) i7-13620H, instruction set [SSE2|AVX|AVX2]
Thread count: 10 physical cores, 16 logical processors, using up to 1 threads

Non-default parameters:
TimeLimit  30
SoftMemLimit  12
FeasibilityTol  1e-07
IntFeasTol  1e-07
MIPGap  0
OptimalityTol  1e-07
Method  1
NodeMethod  1
DualReductions  0
InfUnbdInfo  1
LogToConsole  0
NumericFocus  1
Seed  20260929
Threads  1

Optimize a model with 84 rows, 13 columns and 203 nonzeros (Min)
Model has 1 linear objective coefficients
Coefficient statistics:
  Matrix range     [3e-05, 2e+01]
  Objective range  [1e+00, 1e+00]
  Bounds range     [2e+01, 2e+01]
  RHS range        [3e-03, 3e+02]

LP warm-start: use basis

Iteration    Objective       Primal Inf.    Dual Inf.      Time
       0    1.0000000e+00   3.909628e-01   0.000000e+00      0s

Solved in 0 iterations and 0.00 seconds (0.00 work units)
Infeasible model

User-callback calls 38, time in user-callback 0.00 sec
Set parameter TimeLimit to value 30
Gurobi Optimizer version 13.0.2 build v13.0.2rc1 (win64 - Windows 11+.0 (26200.2))

CPU model: 13th Gen Intel(R) Core(TM) i7-13620H, instruction set [SSE2|AVX|AVX2]
Thread count: 10 physical cores, 16 logical processors, using up to 1 threads

Non-default parameters:
TimeLimit  30
SoftMemLimit  12
FeasibilityTol  1e-07
IntFeasTol  1e-07
MIPGap  0
OptimalityTol  1e-07
Method  1
NodeMethod  1
DualReductions  0
InfUnbdInfo  1
LogToConsole  0
NumericFocus  1
Seed  20260929
Threads  1

Optimize a model with 84 rows, 13 columns and 203 nonzeros (Min)
Model has 1 linear objective coefficients
Coefficient statistics:
  Matrix range     [3e-05, 2e+01]
  Objective range  [1e+00, 1e+00]
  Bounds range     [2e+01, 2e+01]
  RHS range        [3e-03, 3e+02]

LP warm-start: use basis

Iteration    Objective       Primal Inf.    Dual Inf.      Time
       0    1.0000000e+00   1.622340e+02   0.000000e+00      0s

Solved in 3 iterations and 0.00 seconds (0.00 work units)
Infeasible model

User-callback calls 42, time in user-callback 0.00 sec
Set parameter TimeLimit to value 30
Gurobi Optimizer version 13.0.2 build v13.0.2rc1 (win64 - Windows 11+.0 (26200.2))

CPU model: 13th Gen Intel(R) Core(TM) i7-13620H, instruction set [SSE2|AVX|AVX2]
Thread count: 10 physical cores, 16 logical processors, using up to 1 threads

Non-default parameters:
TimeLimit  30
SoftMemLimit  12
FeasibilityTol  1e-07
IntFeasTol  1e-07
MIPGap  0
OptimalityTol  1e-07
Method  1
NodeMethod  1
DualReductions  0
InfUnbdInfo  1
LogToConsole  0
NumericFocus  1
Seed  20260929
Threads  1

Optimize a model with 84 rows, 13 columns and 203 nonzeros (Min)
Model has 1 linear objective coefficients
Coefficient statistics:
  Matrix range     [3e-05, 2e+01]
  Objective range  [1e+00, 1e+00]
  Bounds range     [2e+01, 2e+01]
  RHS range        [3e-03, 3e+02]

LP warm-start: use basis

Iteration    Objective       Primal Inf.    Dual Inf.      Time
       0    1.2933333e+00   2.474112e+02   0.000000e+00      0s

Solved in 0 iterations and 0.00 seconds (0.00 work units)
Infeasible model

User-callback calls 38, time in user-callback 0.00 sec
Set parameter TimeLimit to value 30
Gurobi Optimizer version 13.0.2 build v13.0.2rc1 (win64 - Windows 11+.0 (26200.2))

CPU model: 13th Gen Intel(R) Core(TM) i7-13620H, instruction set [SSE2|AVX|AVX2]
Thread count: 10 physical cores, 16 logical processors, using up to 1 threads

Non-default parameters:
TimeLimit  30
SoftMemLimit  12
FeasibilityTol  1e-07
IntFeasTol  1e-07
MIPGap  0
OptimalityTol  1e-07
Method  1
NodeMethod  1
DualReductions  0
InfUnbdInfo  1
LogToConsole  0
NumericFocus  1
Seed  20260929
Threads  1

Optimize a model with 84 rows, 13 columns and 203 nonzeros (Min)
Model has 1 linear objective coefficients
Coefficient statistics:
  Matrix range     [3e-05, 2e+01]
  Objective range  [1e+00, 1e+00]
  Bounds range     [2e+01, 2e+01]
  RHS range        [3e-03, 3e+02]

LP warm-start: use basis

Iteration    Objective       Primal Inf.    Dual Inf.      Time
       0    1.5333333e+00   4.290238e+02   0.000000e+00      0s

Solved in 0 iterations and 0.00 seconds (0.00 work units)
Infeasible model

User-callback calls 38, time in user-callback 0.00 sec
Set parameter TimeLimit to value 30
Gurobi Optimizer version 13.0.2 build v13.0.2rc1 (win64 - Windows 11+.0 (26200.2))

CPU model: 13th Gen Intel(R) Core(TM) i7-13620H, instruction set [SSE2|AVX|AVX2]
Thread count: 10 physical cores, 16 logical processors, using up to 1 threads

Non-default parameters:
TimeLimit  30
SoftMemLimit  12
FeasibilityTol  1e-07
IntFeasTol  1e-07
MIPGap  0
OptimalityTol  1e-07
Method  1
NodeMethod  1
DualReductions  0
InfUnbdInfo  1
LogToConsole  0
NumericFocus  1
Seed  20260929
Threads  1

Optimize a model with 84 rows, 13 columns and 203 nonzeros (Min)
Model has 1 linear objective coefficients
Coefficient statistics:
  Matrix range     [3e-05, 2e+01]
  Objective range  [1e+00, 1e+00]
  Bounds range     [2e+01, 2e+01]
  RHS range        [3e-03, 3e+02]

LP warm-start: use basis

Iteration    Objective       Primal Inf.    Dual Inf.      Time
       0    1.2933333e+00   2.314112e+02   0.000000e+00      0s

Solved in 0 iterations and 0.00 seconds (0.00 work units)
Infeasible model

User-callback calls 38, time in user-callback 0.00 sec
Set parameter TimeLimit to value 30
Gurobi Optimizer version 13.0.2 build v13.0.2rc1 (win64 - Windows 11+.0 (26200.2))

CPU model: 13th Gen Intel(R) Core(TM) i7-13620H, instruction set [SSE2|AVX|AVX2]
Thread count: 10 physical cores, 16 logical processors, using up to 1 threads

Non-default parameters:
TimeLimit  30
SoftMemLimit  12
FeasibilityTol  1e-07
IntFeasTol  1e-07
MIPGap  0
OptimalityTol  1e-07
Method  1
NodeMethod  1
DualReductions  0
InfUnbdInfo  1
LogToConsole  0
NumericFocus  1
Seed  20260929
Threads  1

Optimize a model with 84 rows, 13 columns and 203 nonzeros (Min)
Model has 1 linear objective coefficients
Coefficient statistics:
  Matrix range     [3e-05, 2e+01]
  Objective range  [1e+00, 1e+00]
  Bounds range     [2e+01, 2e+01]
  RHS range        [3e-03, 3e+02]

LP warm-start: use basis

Iteration    Objective       Primal Inf.    Dual Inf.      Time
       0    1.0133333e+00   1.021295e+01   0.000000e+00      0s

Solved in 0 iterations and 0.00 seconds (0.00 work units)
Infeasible model

User-callback calls 38, time in user-callback 0.00 sec
Set parameter TimeLimit to value 30
Gurobi Optimizer version 13.0.2 build v13.0.2rc1 (win64 - Windows 11+.0 (26200.2))

CPU model: 13th Gen Intel(R) Core(TM) i7-13620H, instruction set [SSE2|AVX|AVX2]
Thread count: 10 physical cores, 16 logical processors, using up to 1 threads

Non-default parameters:
TimeLimit  30
SoftMemLimit  12
FeasibilityTol  1e-07
IntFeasTol  1e-07
MIPGap  0
OptimalityTol  1e-07
Method  1
NodeMethod  1
DualReductions  0
InfUnbdInfo  1
LogToConsole  0
NumericFocus  1
Seed  20260929
Threads  1

Optimize a model with 84 rows, 13 columns and 203 nonzeros (Min)
Model has 1 linear objective coefficients
Coefficient statistics:
  Matrix range     [3e-05, 2e+01]
  Objective range  [1e+00, 1e+00]
  Bounds range     [2e+01, 2e+01]
  RHS range        [3e-03, 3e+02]

LP warm-start: use basis

Iteration    Objective       Primal Inf.    Dual Inf.      Time
       0    7.7333333e-01   1.765417e+02   0.000000e+00      0s
       4    1.0000000e+00   0.000000e+00   0.000000e+00      0s

Solved in 4 iterations and 0.00 seconds (0.00 work units)
Optimal objective  1.000000000e+00

User-callback calls 44, time in user-callback 0.00 sec
Set parameter TimeLimit to value 30
Gurobi Optimizer version 13.0.2 build v13.0.2rc1 (win64 - Windows 11+.0 (26200.2))

CPU model: 13th Gen Intel(R) Core(TM) i7-13620H, instruction set [SSE2|AVX|AVX2]
Thread count: 10 physical cores, 16 logical processors, using up to 1 threads

Non-default parameters:
TimeLimit  30
SoftMemLimit  12
FeasibilityTol  1e-07
IntFeasTol  1e-07
MIPGap  0
OptimalityTol  1e-07
Method  1
NodeMethod  1
DualReductions  0
InfUnbdInfo  1
LogToConsole  0
NumericFocus  1
Seed  20260929
Threads  1

Optimize a model with 84 rows, 13 columns and 203 nonzeros (Min)
Model has 1 linear objective coefficients
Coefficient statistics:
  Matrix range     [3e-05, 2e+01]
  Objective range  [1e+00, 1e+00]
  Bounds range     [2e+01, 2e+01]
  RHS range        [3e-03, 3e+02]

LP warm-start: use basis

Iteration    Objective       Primal Inf.    Dual Inf.      Time
       0    1.0000000e+00   8.888889e-01   0.000000e+00      0s

Solved in 3 iterations and 0.00 seconds (0.00 work units)
Infeasible model

User-callback calls 42, time in user-callback 0.00 sec
Set parameter TimeLimit to value 30
Gurobi Optimizer version 13.0.2 build v13.0.2rc1 (win64 - Windows 11+.0 (26200.2))

CPU model: 13th Gen Intel(R) Core(TM) i7-13620H, instruction set [SSE2|AVX|AVX2]
Thread count: 10 physical cores, 16 logical processors, using up to 1 threads

Non-default parameters:
TimeLimit  30
SoftMemLimit  12
FeasibilityTol  1e-07
IntFeasTol  1e-07
MIPGap  0
OptimalityTol  1e-07
Method  1
NodeMethod  1
DualReductions  0
InfUnbdInfo  1
LogToConsole  0
NumericFocus  1
Seed  20260929
Threads  1

Optimize a model with 84 rows, 13 columns and 203 nonzeros (Min)
Model has 1 linear objective coefficients
Coefficient statistics:
  Matrix range     [3e-05, 2e+01]
  Objective range  [1e+00, 1e+00]
  Bounds range     [2e+01, 2e+01]
  RHS range        [3e-03, 3e+02]

LP warm-start: use basis

Iteration    Objective       Primal Inf.    Dual Inf.      Time
       0    7.7333333e-01   6.114472e+02   0.000000e+00      0s
       7    1.0000000e+00   0.000000e+00   0.000000e+00      0s

Solved in 7 iterations and 0.00 seconds (0.00 work units)
Optimal objective  1.000000000e+00

User-callback calls 47, time in user-callback 0.00 sec
Set parameter TimeLimit to value 30
Gurobi Optimizer version 13.0.2 build v13.0.2rc1 (win64 - Windows 11+.0 (26200.2))

CPU model: 13th Gen Intel(R) Core(TM) i7-13620H, instruction set [SSE2|AVX|AVX2]
Thread count: 10 physical cores, 16 logical processors, using up to 1 threads

Non-default parameters:
TimeLimit  30
SoftMemLimit  12
FeasibilityTol  1e-07
IntFeasTol  1e-07
MIPGap  0
OptimalityTol  1e-07
Method  1
NodeMethod  1
DualReductions  0
InfUnbdInfo  1
LogToConsole  0
NumericFocus  1
Seed  20260929
Threads  1

Optimize a model with 84 rows, 13 columns and 203 nonzeros (Min)
Model has 1 linear objective coefficients
Coefficient statistics:
  Matrix range     [3e-05, 2e+01]
  Objective range  [1e+00, 1e+00]
  Bounds range     [2e+01, 2e+01]
  RHS range        [3e-03, 3e+02]

LP warm-start: use basis

Iteration    Objective       Primal Inf.    Dual Inf.      Time
       0    1.0000000e+00   1.685651e+02   0.000000e+00      0s

Solved in 5 iterations and 0.00 seconds (0.00 work units)
Infeasible model

User-callback calls 44, time in user-callback 0.00 sec
Set parameter TimeLimit to value 30
Gurobi Optimizer version 13.0.2 build v13.0.2rc1 (win64 - Windows 11+.0 (26200.2))

CPU model: 13th Gen Intel(R) Core(TM) i7-13620H, instruction set [SSE2|AVX|AVX2]
Thread count: 10 physical cores, 16 logical processors, using up to 1 threads

Non-default parameters:
TimeLimit  30
SoftMemLimit  12
FeasibilityTol  1e-07
IntFeasTol  1e-07
MIPGap  0
OptimalityTol  1e-07
Method  1
NodeMethod  1
DualReductions  0
InfUnbdInfo  1
LogToConsole  0
NumericFocus  1
Seed  20260929
Threads  1

Optimize a model with 84 rows, 13 columns and 203 nonzeros (Min)
Model has 1 linear objective coefficients
Coefficient statistics:
  Matrix range     [3e-05, 2e+01]
  Objective range  [1e+00, 1e+00]
  Bounds range     [2e+01, 2e+01]
  RHS range        [3e-03, 3e+02]

LP warm-start: use basis

Iteration    Objective       Primal Inf.    Dual Inf.      Time
       0    1.3066667e+00   2.596493e+02   0.000000e+00      0s

Solved in 0 iterations and 0.00 seconds (0.00 work units)
Infeasible model

User-callback calls 38, time in user-callback 0.00 sec
Set parameter TimeLimit to value 30
Gurobi Optimizer version 13.0.2 build v13.0.2rc1 (win64 - Windows 11+.0 (26200.2))

CPU model: 13th Gen Intel(R) Core(TM) i7-13620H, instruction set [SSE2|AVX|AVX2]
Thread count: 10 physical cores, 16 logical processors, using up to 1 threads

Non-default parameters:
TimeLimit  30
SoftMemLimit  12
FeasibilityTol  1e-07
IntFeasTol  1e-07
MIPGap  0
OptimalityTol  1e-07
Method  1
NodeMethod  1
DualReductions  0
InfUnbdInfo  1
LogToConsole  0
NumericFocus  1
Seed  20260929
Threads  1

Optimize a model with 84 rows, 13 columns and 203 nonzeros (Min)
Model has 1 linear objective coefficients
Coefficient statistics:
  Matrix range     [3e-05, 2e+01]
  Objective range  [1e+00, 1e+00]
  Bounds range     [2e+01, 2e+01]
  RHS range        [3e-03, 3e+02]

LP warm-start: use basis

Iteration    Objective       Primal Inf.    Dual Inf.      Time
       0    1.5466667e+00   4.412619e+02   0.000000e+00      0s

Solved in 0 iterations and 0.00 seconds (0.00 work units)
Infeasible model

User-callback calls 38, time in user-callback 0.00 sec
Set parameter TimeLimit to value 30
Gurobi Optimizer version 13.0.2 build v13.0.2rc1 (win64 - Windows 11+.0 (26200.2))

CPU model: 13th Gen Intel(R) Core(TM) i7-13620H, instruction set [SSE2|AVX|AVX2]
Thread count: 10 physical cores, 16 logical processors, using up to 1 threads

Non-default parameters:
TimeLimit  30
SoftMemLimit  12
FeasibilityTol  1e-07
IntFeasTol  1e-07
MIPGap  0
OptimalityTol  1e-07
Method  1
NodeMethod  1
DualReductions  0
InfUnbdInfo  1
LogToConsole  0
NumericFocus  1
Seed  20260929
Threads  1

Optimize a model with 84 rows, 13 columns and 203 nonzeros (Min)
Model has 1 linear objective coefficients
Coefficient statistics:
  Matrix range     [3e-05, 2e+01]
  Objective range  [1e+00, 1e+00]
  Bounds range     [2e+01, 2e+01]
  RHS range        [3e-03, 3e+02]

LP warm-start: use basis

Iteration    Objective       Primal Inf.    Dual Inf.      Time
       0    1.3066667e+00   2.436493e+02   0.000000e+00      0s

Solved in 0 iterations and 0.00 seconds (0.00 work units)
Infeasible model

User-callback calls 38, time in user-callback 0.00 sec
Set parameter TimeLimit to value 30
Gurobi Optimizer version 13.0.2 build v13.0.2rc1 (win64 - Windows 11+.0 (26200.2))

CPU model: 13th Gen Intel(R) Core(TM) i7-13620H, instruction set [SSE2|AVX|AVX2]
Thread count: 10 physical cores, 16 logical processors, using up to 1 threads

Non-default parameters:
TimeLimit  30
SoftMemLimit  12
FeasibilityTol  1e-07
IntFeasTol  1e-07
MIPGap  0
OptimalityTol  1e-07
Method  1
NodeMethod  1
DualReductions  0
InfUnbdInfo  1
LogToConsole  0
NumericFocus  1
Seed  20260929
Threads  1

Optimize a model with 84 rows, 13 columns and 203 nonzeros (Min)
Model has 1 linear objective coefficients
Coefficient statistics:
  Matrix range     [3e-05, 2e+01]
  Objective range  [1e+00, 1e+00]
  Bounds range     [2e+01, 2e+01]
  RHS range        [3e-03, 3e+02]

LP warm-start: use basis

Iteration    Objective       Primal Inf.    Dual Inf.      Time
       0    6.9245015e-01   2.666533e+02   0.000000e+00      0s

Solved in 5 iterations and 0.00 seconds (0.00 work units)
Infeasible model

User-callback calls 44, time in user-callback 0.00 sec
Set parameter TimeLimit to value 30
Gurobi Optimizer version 13.0.2 build v13.0.2rc1 (win64 - Windows 11+.0 (26200.2))

CPU model: 13th Gen Intel(R) Core(TM) i7-13620H, instruction set [SSE2|AVX|AVX2]
Thread count: 10 physical cores, 16 logical processors, using up to 1 threads

Non-default parameters:
TimeLimit  30
SoftMemLimit  12
FeasibilityTol  1e-07
IntFeasTol  1e-07
MIPGap  0
OptimalityTol  1e-07
Method  1
NodeMethod  1
DualReductions  0
InfUnbdInfo  1
LogToConsole  0
NumericFocus  1
Seed  20260929
Threads  1

Optimize a model with 84 rows, 13 columns and 203 nonzeros (Min)
Model has 1 linear objective coefficients
Coefficient statistics:
  Matrix range     [3e-05, 2e+01]
  Objective range  [1e+00, 1e+00]
  Bounds range     [2e+01, 2e+01]
  RHS range        [3e-03, 3e+02]

LP warm-start: use basis

Iteration    Objective       Primal Inf.    Dual Inf.      Time
       0    1.0000000e+00   1.198744e+02   0.000000e+00      0s

Solved in 1 iterations and 0.00 seconds (0.00 work units)
Infeasible model

User-callback calls 40, time in user-callback 0.00 sec
Set parameter TimeLimit to value 30
Gurobi Optimizer version 13.0.2 build v13.0.2rc1 (win64 - Windows 11+.0 (26200.2))

CPU model: 13th Gen Intel(R) Core(TM) i7-13620H, instruction set [SSE2|AVX|AVX2]
Thread count: 10 physical cores, 16 logical processors, using up to 1 threads

Non-default parameters:
TimeLimit  30
SoftMemLimit  12
FeasibilityTol  1e-07
IntFeasTol  1e-07
MIPGap  0
OptimalityTol  1e-07
Method  1
NodeMethod  1
DualReductions  0
InfUnbdInfo  1
LogToConsole  0
NumericFocus  1
Seed  20260929
Threads  1

Optimize a model with 84 rows, 13 columns and 203 nonzeros (Min)
Model has 1 linear objective coefficients
Coefficient statistics:
  Matrix range     [3e-05, 2e+01]
  Objective range  [1e+00, 1e+00]
  Bounds range     [2e+01, 2e+01]
  RHS range        [3e-03, 3e+02]

LP warm-start: use basis

Iteration    Objective       Primal Inf.    Dual Inf.      Time
       0    1.0000000e+00   2.659628e-01   0.000000e+00      0s

Solved in 0 iterations and 0.00 seconds (0.00 work units)
Infeasible model

User-callback calls 38, time in user-callback 0.00 sec
Set parameter TimeLimit to value 30
Gurobi Optimizer version 13.0.2 build v13.0.2rc1 (win64 - Windows 11+.0 (26200.2))

CPU model: 13th Gen Intel(R) Core(TM) i7-13620H, instruction set [SSE2|AVX|AVX2]
Thread count: 10 physical cores, 16 logical processors, using up to 1 threads

Non-default parameters:
TimeLimit  30
SoftMemLimit  12
FeasibilityTol  1e-07
IntFeasTol  1e-07
MIPGap  0
OptimalityTol  1e-07
Method  1
NodeMethod  1
DualReductions  0
InfUnbdInfo  1
LogToConsole  0
NumericFocus  1
Seed  20260929
Threads  1

Optimize a model with 84 rows, 13 columns and 203 nonzeros (Min)
Model has 1 linear objective coefficients
Coefficient statistics:
  Matrix range     [3e-05, 2e+01]
  Objective range  [1e+00, 1e+00]
  Bounds range     [2e+01, 2e+01]
  RHS range        [3e-03, 3e+02]

LP warm-start: use basis

Iteration    Objective       Primal Inf.    Dual Inf.      Time
       0    1.0000000e+00   2.659628e-01   0.000000e+00      0s

Solved in 0 iterations and 0.00 seconds (0.00 work units)
Infeasible model

User-callback calls 38, time in user-callback 0.00 sec
Set parameter TimeLimit to value 30
Gurobi Optimizer version 13.0.2 build v13.0.2rc1 (win64 - Windows 11+.0 (26200.2))

CPU model: 13th Gen Intel(R) Core(TM) i7-13620H, instruction set [SSE2|AVX|AVX2]
Thread count: 10 physical cores, 16 logical processors, using up to 1 threads

Non-default parameters:
TimeLimit  30
SoftMemLimit  12
FeasibilityTol  1e-07
IntFeasTol  1e-07
MIPGap  0
OptimalityTol  1e-07
Method  1
NodeMethod  1
DualReductions  0
InfUnbdInfo  1
LogToConsole  0
NumericFocus  1
Seed  20260929
Threads  1

Optimize a model with 84 rows, 13 columns and 203 nonzeros (Min)
Model has 1 linear objective coefficients
Coefficient statistics:
  Matrix range     [3e-05, 2e+01]
  Objective range  [1e+00, 1e+00]
  Bounds range     [2e+01, 2e+01]
  RHS range        [3e-03, 3e+02]

LP warm-start: use basis

Iteration    Objective       Primal Inf.    Dual Inf.      Time
       0    1.0000000e+00   1.737602e+02   0.000000e+00      0s

Solved in 4 iterations and 0.00 seconds (0.00 work units)
Infeasible model

User-callback calls 43, time in user-callback 0.00 sec
Set parameter TimeLimit to value 30
Gurobi Optimizer version 13.0.2 build v13.0.2rc1 (win64 - Windows 11+.0 (26200.2))

CPU model: 13th Gen Intel(R) Core(TM) i7-13620H, instruction set [SSE2|AVX|AVX2]
Thread count: 10 physical cores, 16 logical processors, using up to 1 threads

Non-default parameters:
TimeLimit  30
SoftMemLimit  12
FeasibilityTol  1e-07
IntFeasTol  1e-07
MIPGap  0
OptimalityTol  1e-07
Method  1
NodeMethod  1
DualReductions  0
InfUnbdInfo  1
LogToConsole  0
NumericFocus  1
Seed  20260929
Threads  1

Optimize a model with 84 rows, 13 columns and 203 nonzeros (Min)
Model has 1 linear objective coefficients
Coefficient statistics:
  Matrix range     [3e-05, 2e+01]
  Objective range  [1e+00, 1e+00]
  Bounds range     [2e+01, 2e+01]
  RHS range        [3e-03, 3e+02]

LP warm-start: use basis

Iteration    Objective       Primal Inf.    Dual Inf.      Time
       0    1.2933333e+00   2.477862e+02   0.000000e+00      0s

Solved in 0 iterations and 0.00 seconds (0.00 work units)
Infeasible model

User-callback calls 38, time in user-callback 0.00 sec
Set parameter TimeLimit to value 30
Gurobi Optimizer version 13.0.2 build v13.0.2rc1 (win64 - Windows 11+.0 (26200.2))

CPU model: 13th Gen Intel(R) Core(TM) i7-13620H, instruction set [SSE2|AVX|AVX2]
Thread count: 10 physical cores, 16 logical processors, using up to 1 threads

Non-default parameters:
TimeLimit  30
SoftMemLimit  12
FeasibilityTol  1e-07
IntFeasTol  1e-07
MIPGap  0
OptimalityTol  1e-07
Method  1
NodeMethod  1
DualReductions  0
InfUnbdInfo  1
LogToConsole  0
NumericFocus  1
Seed  20260929
Threads  1

Optimize a model with 84 rows, 13 columns and 203 nonzeros (Min)
Model has 1 linear objective coefficients
Coefficient statistics:
  Matrix range     [3e-05, 2e+01]
  Objective range  [1e+00, 1e+00]
  Bounds range     [2e+01, 2e+01]
  RHS range        [3e-03, 3e+02]

LP warm-start: use basis

Iteration    Objective       Primal Inf.    Dual Inf.      Time
       0    1.5333333e+00   4.293988e+02   0.000000e+00      0s

Solved in 0 iterations and 0.00 seconds (0.00 work units)
Infeasible model

User-callback calls 38, time in user-callback 0.00 sec
Set parameter TimeLimit to value 30
Gurobi Optimizer version 13.0.2 build v13.0.2rc1 (win64 - Windows 11+.0 (26200.2))

CPU model: 13th Gen Intel(R) Core(TM) i7-13620H, instruction set [SSE2|AVX|AVX2]
Thread count: 10 physical cores, 16 logical processors, using up to 1 threads

Non-default parameters:
TimeLimit  30
SoftMemLimit  12
FeasibilityTol  1e-07
IntFeasTol  1e-07
MIPGap  0
OptimalityTol  1e-07
Method  1
NodeMethod  1
DualReductions  0
InfUnbdInfo  1
LogToConsole  0
NumericFocus  1
Seed  20260929
Threads  1

Optimize a model with 84 rows, 13 columns and 203 nonzeros (Min)
Model has 1 linear objective coefficients
Coefficient statistics:
  Matrix range     [3e-05, 2e+01]
  Objective range  [1e+00, 1e+00]
  Bounds range     [2e+01, 2e+01]
  RHS range        [3e-03, 3e+02]

LP warm-start: use basis

Iteration    Objective       Primal Inf.    Dual Inf.      Time
       0    1.2933333e+00   2.317862e+02   0.000000e+00      0s

Solved in 0 iterations and 0.00 seconds (0.00 work units)
Infeasible model

User-callback calls 38, time in user-callback 0.00 sec
Set parameter TimeLimit to value 30
Gurobi Optimizer version 13.0.2 build v13.0.2rc1 (win64 - Windows 11+.0 (26200.2))

CPU model: 13th Gen Intel(R) Core(TM) i7-13620H, instruction set [SSE2|AVX|AVX2]
Thread count: 10 physical cores, 16 logical processors, using up to 1 threads

Non-default parameters:
TimeLimit  30
SoftMemLimit  12
FeasibilityTol  1e-07
IntFeasTol  1e-07
MIPGap  0
OptimalityTol  1e-07
Method  1
NodeMethod  1
DualReductions  0
InfUnbdInfo  1
LogToConsole  0
NumericFocus  1
Seed  20260929
Threads  1

Optimize a model with 84 rows, 13 columns and 203 nonzeros (Min)
Model has 1 linear objective coefficients
Coefficient statistics:
  Matrix range     [3e-05, 2e+01]
  Objective range  [1e+00, 1e+00]
  Bounds range     [2e+01, 2e+01]
  RHS range        [3e-03, 3e+02]

LP warm-start: use basis

Iteration    Objective       Primal Inf.    Dual Inf.      Time
       0    1.0133333e+00   1.058795e+01   0.000000e+00      0s

Solved in 0 iterations and 0.00 seconds (0.00 work units)
Infeasible model

User-callback calls 38, time in user-callback 0.00 sec
Set parameter TimeLimit to value 30
Gurobi Optimizer version 13.0.2 build v13.0.2rc1 (win64 - Windows 11+.0 (26200.2))

CPU model: 13th Gen Intel(R) Core(TM) i7-13620H, instruction set [SSE2|AVX|AVX2]
Thread count: 10 physical cores, 16 logical processors, using up to 1 threads

Non-default parameters:
TimeLimit  30
SoftMemLimit  12
FeasibilityTol  1e-07
IntFeasTol  1e-07
MIPGap  0
OptimalityTol  1e-07
Method  1
NodeMethod  1
DualReductions  0
InfUnbdInfo  1
LogToConsole  0
NumericFocus  1
Seed  20260929
Threads  1

Optimize a model with 84 rows, 13 columns and 203 nonzeros (Min)
Model has 1 linear objective coefficients
Coefficient statistics:
  Matrix range     [3e-05, 2e+01]
  Objective range  [1e+00, 1e+00]
  Bounds range     [2e+01, 2e+01]
  RHS range        [3e-03, 3e+02]

LP warm-start: use basis

Iteration    Objective       Primal Inf.    Dual Inf.      Time
       0    7.7333333e-01   1.769167e+02   0.000000e+00      0s

Solved in 4 iterations and 0.00 seconds (0.00 work units)
Infeasible model

User-callback calls 43, time in user-callback 0.00 sec
Set parameter TimeLimit to value 30
Gurobi Optimizer version 13.0.2 build v13.0.2rc1 (win64 - Windows 11+.0 (26200.2))

CPU model: 13th Gen Intel(R) Core(TM) i7-13620H, instruction set [SSE2|AVX|AVX2]
Thread count: 10 physical cores, 16 logical processors, using up to 1 threads

Non-default parameters:
TimeLimit  30
SoftMemLimit  12
FeasibilityTol  1e-07
IntFeasTol  1e-07
MIPGap  0
OptimalityTol  1e-07
Method  1
NodeMethod  1
DualReductions  0
InfUnbdInfo  1
LogToConsole  0
NumericFocus  1
Seed  20260929
Threads  1

Optimize a model with 84 rows, 13 columns and 203 nonzeros (Min)
Model has 1 linear objective coefficients
Coefficient statistics:
  Matrix range     [3e-05, 2e+01]
  Objective range  [1e+00, 1e+00]
  Bounds range     [2e+01, 2e+01]
  RHS range        [3e-03, 3e+02]

LP warm-start: use basis

Iteration    Objective       Primal Inf.    Dual Inf.      Time
       0    1.0000000e+00   1.351241e+00   0.000000e+00      0s

Solved in 4 iterations and 0.00 seconds (0.00 work units)
Infeasible model

User-callback calls 43, time in user-callback 0.00 sec
Set parameter TimeLimit to value 30
Gurobi Optimizer version 13.0.2 build v13.0.2rc1 (win64 - Windows 11+.0 (26200.2))

CPU model: 13th Gen Intel(R) Core(TM) i7-13620H, instruction set [SSE2|AVX|AVX2]
Thread count: 10 physical cores, 16 logical processors, using up to 1 threads

Non-default parameters:
TimeLimit  30
SoftMemLimit  12
FeasibilityTol  1e-07
IntFeasTol  1e-07
MIPGap  0
OptimalityTol  1e-07
Method  1
NodeMethod  1
DualReductions  0
InfUnbdInfo  1
LogToConsole  0
NumericFocus  1
Seed  20260929
Threads  1

Optimize a model with 84 rows, 13 columns and 203 nonzeros (Min)
Model has 1 linear objective coefficients
Coefficient statistics:
  Matrix range     [3e-05, 2e+01]
  Objective range  [1e+00, 1e+00]
  Bounds range     [2e+01, 2e+01]
  RHS range        [3e-03, 3e+02]

LP warm-start: use basis

Iteration    Objective       Primal Inf.    Dual Inf.      Time
       0    7.7333333e-01   1.769167e+02   0.000000e+00      0s

Solved in 4 iterations and 0.00 seconds (0.00 work units)
Infeasible model

User-callback calls 43, time in user-callback 0.00 sec
Set parameter TimeLimit to value 30
Gurobi Optimizer version 13.0.2 build v13.0.2rc1 (win64 - Windows 11+.0 (26200.2))

CPU model: 13th Gen Intel(R) Core(TM) i7-13620H, instruction set [SSE2|AVX|AVX2]
Thread count: 10 physical cores, 16 logical processors, using up to 1 threads

Non-default parameters:
TimeLimit  30
SoftMemLimit  12
FeasibilityTol  1e-07
IntFeasTol  1e-07
MIPGap  0
OptimalityTol  1e-07
Method  1
NodeMethod  1
DualReductions  0
InfUnbdInfo  1
LogToConsole  0
NumericFocus  1
Seed  20260929
Threads  1

Optimize a model with 84 rows, 13 columns and 203 nonzeros (Min)
Model has 1 linear objective coefficients
Coefficient statistics:
  Matrix range     [3e-05, 2e+01]
  Objective range  [1e+00, 1e+00]
  Bounds range     [2e+01, 2e+01]
  RHS range        [3e-03, 3e+02]

LP warm-start: use basis

Iteration    Objective       Primal Inf.    Dual Inf.      Time
       0    1.0000000e+00   1.810695e+02   0.000000e+00      0s

Solved in 4 iterations and 0.00 seconds (0.00 work units)
Infeasible model

User-callback calls 43, time in user-callback 0.00 sec
Set parameter TimeLimit to value 30
Gurobi Optimizer version 13.0.2 build v13.0.2rc1 (win64 - Windows 11+.0 (26200.2))

CPU model: 13th Gen Intel(R) Core(TM) i7-13620H, instruction set [SSE2|AVX|AVX2]
Thread count: 10 physical cores, 16 logical processors, using up to 1 threads

Non-default parameters:
TimeLimit  30
SoftMemLimit  12
FeasibilityTol  1e-07
IntFeasTol  1e-07
MIPGap  0
OptimalityTol  1e-07
Method  1
NodeMethod  1
DualReductions  0
InfUnbdInfo  1
LogToConsole  0
NumericFocus  1
Seed  20260929
Threads  1

Optimize a model with 84 rows, 13 columns and 203 nonzeros (Min)
Model has 1 linear objective coefficients
Coefficient statistics:
  Matrix range     [3e-05, 2e+01]
  Objective range  [1e+00, 1e+00]
  Bounds range     [2e+01, 2e+01]
  RHS range        [3e-03, 3e+02]

LP warm-start: use basis

Iteration    Objective       Primal Inf.    Dual Inf.      Time
       0    1.3066667e+00   2.600243e+02   0.000000e+00      0s

Solved in 0 iterations and 0.00 seconds (0.00 work units)
Infeasible model

User-callback calls 38, time in user-callback 0.00 sec
Set parameter TimeLimit to value 30
Gurobi Optimizer version 13.0.2 build v13.0.2rc1 (win64 - Windows 11+.0 (26200.2))

CPU model: 13th Gen Intel(R) Core(TM) i7-13620H, instruction set [SSE2|AVX|AVX2]
Thread count: 10 physical cores, 16 logical processors, using up to 1 threads

Non-default parameters:
TimeLimit  30
SoftMemLimit  12
FeasibilityTol  1e-07
IntFeasTol  1e-07
MIPGap  0
OptimalityTol  1e-07
Method  1
NodeMethod  1
DualReductions  0
InfUnbdInfo  1
LogToConsole  0
NumericFocus  1
Seed  20260929
Threads  1

Optimize a model with 84 rows, 13 columns and 203 nonzeros (Min)
Model has 1 linear objective coefficients
Coefficient statistics:
  Matrix range     [3e-05, 2e+01]
  Objective range  [1e+00, 1e+00]
  Bounds range     [2e+01, 2e+01]
  RHS range        [3e-03, 3e+02]

LP warm-start: use basis

Iteration    Objective       Primal Inf.    Dual Inf.      Time
       0    1.5466667e+00   4.416369e+02   0.000000e+00      0s

Solved in 0 iterations and 0.00 seconds (0.00 work units)
Infeasible model

User-callback calls 38, time in user-callback 0.00 sec
Set parameter TimeLimit to value 30
Gurobi Optimizer version 13.0.2 build v13.0.2rc1 (win64 - Windows 11+.0 (26200.2))

CPU model: 13th Gen Intel(R) Core(TM) i7-13620H, instruction set [SSE2|AVX|AVX2]
Thread count: 10 physical cores, 16 logical processors, using up to 1 threads

Non-default parameters:
TimeLimit  30
SoftMemLimit  12
FeasibilityTol  1e-07
IntFeasTol  1e-07
MIPGap  0
OptimalityTol  1e-07
Method  1
NodeMethod  1
DualReductions  0
InfUnbdInfo  1
LogToConsole  0
NumericFocus  1
Seed  20260929
Threads  1

Optimize a model with 84 rows, 13 columns and 203 nonzeros (Min)
Model has 1 linear objective coefficients
Coefficient statistics:
  Matrix range     [3e-05, 2e+01]
  Objective range  [1e+00, 1e+00]
  Bounds range     [2e+01, 2e+01]
  RHS range        [3e-03, 3e+02]

LP warm-start: use basis

Iteration    Objective       Primal Inf.    Dual Inf.      Time
       0    1.3066667e+00   2.440243e+02   0.000000e+00      0s

Solved in 0 iterations and 0.00 seconds (0.00 work units)
Infeasible model

User-callback calls 38, time in user-callback 0.00 sec
Set parameter TimeLimit to value 30
Gurobi Optimizer version 13.0.2 build v13.0.2rc1 (win64 - Windows 11+.0 (26200.2))

CPU model: 13th Gen Intel(R) Core(TM) i7-13620H, instruction set [SSE2|AVX|AVX2]
Thread count: 10 physical cores, 16 logical processors, using up to 1 threads

Non-default parameters:
TimeLimit  30
SoftMemLimit  12
FeasibilityTol  1e-07
IntFeasTol  1e-07
MIPGap  0
OptimalityTol  1e-07
Method  1
NodeMethod  1
DualReductions  0
InfUnbdInfo  1
LogToConsole  0
NumericFocus  1
Seed  20260929
Threads  1

Optimize a model with 84 rows, 13 columns and 203 nonzeros (Min)
Model has 1 linear objective coefficients
Coefficient statistics:
  Matrix range     [3e-05, 2e+01]
  Objective range  [1e+00, 1e+00]
  Bounds range     [2e+01, 2e+01]
  RHS range        [3e-03, 3e+02]

LP warm-start: use basis

Iteration    Objective       Primal Inf.    Dual Inf.      Time
       0    7.6000000e-01   2.027687e+02   0.000000e+00      0s

Solved in 3 iterations and 0.00 seconds (0.00 work units)
Infeasible model

User-callback calls 42, time in user-callback 0.00 sec
Set parameter TimeLimit to value 30
Gurobi Optimizer version 13.0.2 build v13.0.2rc1 (win64 - Windows 11+.0 (26200.2))

CPU model: 13th Gen Intel(R) Core(TM) i7-13620H, instruction set [SSE2|AVX|AVX2]
Thread count: 10 physical cores, 16 logical processors, using up to 1 threads

Non-default parameters:
TimeLimit  30
SoftMemLimit  12
FeasibilityTol  1e-07
IntFeasTol  1e-07
MIPGap  0
OptimalityTol  1e-07
Method  1
NodeMethod  1
DualReductions  0
InfUnbdInfo  1
LogToConsole  0
NumericFocus  1
Seed  20260929
Threads  1

Optimize a model with 84 rows, 13 columns and 203 nonzeros (Min)
Model has 1 linear objective coefficients
Coefficient statistics:
  Matrix range     [3e-05, 2e+01]
  Objective range  [1e+00, 1e+00]
  Bounds range     [2e+01, 2e+01]
  RHS range        [3e-03, 3e+02]

LP warm-start: use basis

Iteration    Objective       Primal Inf.    Dual Inf.      Time
       0    1.0000000e+00   5.596211e+01   0.000000e+00      0s

Solved in 1 iterations and 0.00 seconds (0.00 work units)
Infeasible model

User-callback calls 40, time in user-callback 0.00 sec
Set parameter TimeLimit to value 30
Gurobi Optimizer version 13.0.2 build v13.0.2rc1 (win64 - Windows 11+.0 (26200.2))

CPU model: 13th Gen Intel(R) Core(TM) i7-13620H, instruction set [SSE2|AVX|AVX2]
Thread count: 10 physical cores, 16 logical processors, using up to 1 threads

Non-default parameters:
TimeLimit  30
SoftMemLimit  12
FeasibilityTol  1e-07
IntFeasTol  1e-07
MIPGap  0
OptimalityTol  1e-07
Method  1
NodeMethod  1
DualReductions  0
InfUnbdInfo  1
LogToConsole  0
NumericFocus  1
Seed  20260929
Threads  1

Optimize a model with 84 rows, 13 columns and 203 nonzeros (Min)
Model has 1 linear objective coefficients
Coefficient statistics:
  Matrix range     [3e-05, 2e+01]
  Objective range  [1e+00, 1e+00]
  Bounds range     [2e+01, 2e+01]
  RHS range        [3e-03, 3e+02]

LP warm-start: use basis

Iteration    Objective       Primal Inf.    Dual Inf.      Time
       0    1.0000000e+00   9.375000e-01   0.000000e+00      0s

Solved in 0 iterations and 0.00 seconds (0.00 work units)
Infeasible model

User-callback calls 38, time in user-callback 0.00 sec
Set parameter TimeLimit to value 30
Gurobi Optimizer version 13.0.2 build v13.0.2rc1 (win64 - Windows 11+.0 (26200.2))

CPU model: 13th Gen Intel(R) Core(TM) i7-13620H, instruction set [SSE2|AVX|AVX2]
Thread count: 10 physical cores, 16 logical processors, using up to 1 threads

Non-default parameters:
TimeLimit  30
SoftMemLimit  12
FeasibilityTol  1e-07
IntFeasTol  1e-07
MIPGap  0
OptimalityTol  1e-07
Method  1
NodeMethod  1
DualReductions  0
InfUnbdInfo  1
LogToConsole  0
NumericFocus  1
Seed  20260929
Threads  1

Optimize a model with 84 rows, 13 columns and 203 nonzeros (Min)
Model has 1 linear objective coefficients
Coefficient statistics:
  Matrix range     [3e-05, 2e+01]
  Objective range  [1e+00, 1e+00]
  Bounds range     [2e+01, 2e+01]
  RHS range        [3e-03, 3e+02]

LP warm-start: use basis

Iteration    Objective       Primal Inf.    Dual Inf.      Time
       0    1.0000000e+00   9.375000e-01   0.000000e+00      0s

Solved in 0 iterations and 0.00 seconds (0.00 work units)
Infeasible model

User-callback calls 38, time in user-callback 0.00 sec
Set parameter TimeLimit to value 30
Gurobi Optimizer version 13.0.2 build v13.0.2rc1 (win64 - Windows 11+.0 (26200.2))

CPU model: 13th Gen Intel(R) Core(TM) i7-13620H, instruction set [SSE2|AVX|AVX2]
Thread count: 10 physical cores, 16 logical processors, using up to 1 threads

Non-default parameters:
TimeLimit  30
SoftMemLimit  12
FeasibilityTol  1e-07
IntFeasTol  1e-07
MIPGap  0
OptimalityTol  1e-07
Method  1
NodeMethod  1
DualReductions  0
InfUnbdInfo  1
LogToConsole  0
NumericFocus  1
Seed  20260929
Threads  1

Optimize a model with 84 rows, 13 columns and 203 nonzeros (Min)
Model has 1 linear objective coefficients
Coefficient statistics:
  Matrix range     [3e-05, 2e+01]
  Objective range  [1e+00, 1e+00]
  Bounds range     [2e+01, 2e+01]
  RHS range        [3e-03, 3e+02]

LP warm-start: use basis

Iteration    Objective       Primal Inf.    Dual Inf.      Time
       0    1.0000000e+00   1.739317e+02   0.000000e+00      0s

Solved in 4 iterations and 0.00 seconds (0.00 work units)
Infeasible model

User-callback calls 43, time in user-callback 0.00 sec
Set parameter TimeLimit to value 30
Gurobi Optimizer version 13.0.2 build v13.0.2rc1 (win64 - Windows 11+.0 (26200.2))

CPU model: 13th Gen Intel(R) Core(TM) i7-13620H, instruction set [SSE2|AVX|AVX2]
Thread count: 10 physical cores, 16 logical processors, using up to 1 threads

Non-default parameters:
TimeLimit  30
SoftMemLimit  12
FeasibilityTol  1e-07
IntFeasTol  1e-07
MIPGap  0
OptimalityTol  1e-07
Method  1
NodeMethod  1
DualReductions  0
InfUnbdInfo  1
LogToConsole  0
NumericFocus  1
Seed  20260929
Threads  1

Optimize a model with 84 rows, 13 columns and 203 nonzeros (Min)
Model has 1 linear objective coefficients
Coefficient statistics:
  Matrix range     [3e-05, 2e+01]
  Objective range  [1e+00, 1e+00]
  Bounds range     [2e+01, 2e+01]
  RHS range        [3e-03, 3e+02]

LP warm-start: use basis

Iteration    Objective       Primal Inf.    Dual Inf.      Time
       0    1.0533333e+00   7.557914e+01   0.000000e+00      0s

Solved in 0 iterations and 0.00 seconds (0.00 work units)
Infeasible model

User-callback calls 38, time in user-callback 0.00 sec
Set parameter TimeLimit to value 30
Gurobi Optimizer version 13.0.2 build v13.0.2rc1 (win64 - Windows 11+.0 (26200.2))

CPU model: 13th Gen Intel(R) Core(TM) i7-13620H, instruction set [SSE2|AVX|AVX2]
Thread count: 10 physical cores, 16 logical processors, using up to 1 threads

Non-default parameters:
TimeLimit  30
SoftMemLimit  12
FeasibilityTol  1e-07
IntFeasTol  1e-07
MIPGap  0
OptimalityTol  1e-07
Method  1
NodeMethod  1
DualReductions  0
InfUnbdInfo  1
LogToConsole  0
NumericFocus  1
Seed  20260929
Threads  1

Optimize a model with 84 rows, 13 columns and 203 nonzeros (Min)
Model has 1 linear objective coefficients
Coefficient statistics:
  Matrix range     [3e-05, 2e+01]
  Objective range  [1e+00, 1e+00]
  Bounds range     [2e+01, 2e+01]
  RHS range        [3e-03, 3e+02]

LP warm-start: use basis

Iteration    Objective       Primal Inf.    Dual Inf.      Time
       0    1.5333333e+00   4.296488e+02   0.000000e+00      0s

Solved in 0 iterations and 0.00 seconds (0.00 work units)
Infeasible model

User-callback calls 38, time in user-callback 0.00 sec
Set parameter TimeLimit to value 30
Gurobi Optimizer version 13.0.2 build v13.0.2rc1 (win64 - Windows 11+.0 (26200.2))

CPU model: 13th Gen Intel(R) Core(TM) i7-13620H, instruction set [SSE2|AVX|AVX2]
Thread count: 10 physical cores, 16 logical processors, using up to 1 threads

Non-default parameters:
TimeLimit  30
SoftMemLimit  12
FeasibilityTol  1e-07
IntFeasTol  1e-07
MIPGap  0
OptimalityTol  1e-07
Method  1
NodeMethod  1
DualReductions  0
InfUnbdInfo  1
LogToConsole  0
NumericFocus  1
Seed  20260929
Threads  1

Optimize a model with 84 rows, 13 columns and 203 nonzeros (Min)
Model has 1 linear objective coefficients
Coefficient statistics:
  Matrix range     [3e-05, 2e+01]
  Objective range  [1e+00, 1e+00]
  Bounds range     [2e+01, 2e+01]
  RHS range        [3e-03, 3e+02]

LP warm-start: use basis

Iteration    Objective       Primal Inf.    Dual Inf.      Time
       0    1.0533333e+00   7.202358e+01   0.000000e+00      0s

Solved in 0 iterations and 0.00 seconds (0.00 work units)
Infeasible model

User-callback calls 38, time in user-callback 0.00 sec
Set parameter TimeLimit to value 30
Gurobi Optimizer version 13.0.2 build v13.0.2rc1 (win64 - Windows 11+.0 (26200.2))

CPU model: 13th Gen Intel(R) Core(TM) i7-13620H, instruction set [SSE2|AVX|AVX2]
Thread count: 10 physical cores, 16 logical processors, using up to 1 threads

Non-default parameters:
TimeLimit  30
SoftMemLimit  12
FeasibilityTol  1e-07
IntFeasTol  1e-07
MIPGap  0
OptimalityTol  1e-07
Method  1
NodeMethod  1
DualReductions  0
InfUnbdInfo  1
LogToConsole  0
NumericFocus  1
Seed  20260929
Threads  1

Optimize a model with 84 rows, 13 columns and 203 nonzeros (Min)
Model has 1 linear objective coefficients
Coefficient statistics:
  Matrix range     [3e-05, 2e+01]
  Objective range  [1e+00, 1e+00]
  Bounds range     [2e+01, 2e+01]
  RHS range        [3e-03, 3e+02]

LP warm-start: use basis

Iteration    Objective       Primal Inf.    Dual Inf.      Time
       0    1.0133333e+00   1.077282e+01   0.000000e+00      0s

Solved in 0 iterations and 0.00 seconds (0.00 work units)
Infeasible model

User-callback calls 38, time in user-callback 0.00 sec
Set parameter TimeLimit to value 30
Gurobi Optimizer version 13.0.2 build v13.0.2rc1 (win64 - Windows 11+.0 (26200.2))

CPU model: 13th Gen Intel(R) Core(TM) i7-13620H, instruction set [SSE2|AVX|AVX2]
Thread count: 10 physical cores, 16 logical processors, using up to 1 threads

Non-default parameters:
TimeLimit  30
SoftMemLimit  12
FeasibilityTol  1e-07
IntFeasTol  1e-07
MIPGap  0
OptimalityTol  1e-07
Method  1
NodeMethod  1
DualReductions  0
InfUnbdInfo  1
LogToConsole  0
NumericFocus  1
Seed  20260929
Threads  1

Optimize a model with 84 rows, 13 columns and 203 nonzeros (Min)
Model has 1 linear objective coefficients
Coefficient statistics:
  Matrix range     [3e-05, 2e+01]
  Objective range  [1e+00, 1e+00]
  Bounds range     [2e+01, 2e+01]
  RHS range        [3e-03, 3e+02]

LP warm-start: use basis

Iteration    Objective       Primal Inf.    Dual Inf.      Time
       0    5.3333333e-01   3.780306e+02   0.000000e+00      0s

Solved in 4 iterations and 0.00 seconds (0.00 work units)
Infeasible model

User-callback calls 43, time in user-callback 0.00 sec
Set parameter TimeLimit to value 30
Gurobi Optimizer version 13.0.2 build v13.0.2rc1 (win64 - Windows 11+.0 (26200.2))

CPU model: 13th Gen Intel(R) Core(TM) i7-13620H, instruction set [SSE2|AVX|AVX2]
Thread count: 10 physical cores, 16 logical processors, using up to 1 threads

Non-default parameters:
TimeLimit  30
SoftMemLimit  12
FeasibilityTol  1e-07
IntFeasTol  1e-07
MIPGap  0
OptimalityTol  1e-07
Method  1
NodeMethod  1
DualReductions  0
InfUnbdInfo  1
LogToConsole  0
NumericFocus  1
Seed  20260929
Threads  1

Optimize a model with 84 rows, 13 columns and 203 nonzeros (Min)
Model has 1 linear objective coefficients
Coefficient statistics:
  Matrix range     [3e-05, 2e+01]
  Objective range  [1e+00, 1e+00]
  Bounds range     [2e+01, 2e+01]
  RHS range        [3e-03, 3e+02]

LP warm-start: use basis

Iteration    Objective       Primal Inf.    Dual Inf.      Time
       0    1.0000000e+00   1.522778e+00   0.000000e+00      0s

Solved in 4 iterations and 0.00 seconds (0.00 work units)
Infeasible model

User-callback calls 43, time in user-callback 0.00 sec
Set parameter TimeLimit to value 30
Gurobi Optimizer version 13.0.2 build v13.0.2rc1 (win64 - Windows 11+.0 (26200.2))

CPU model: 13th Gen Intel(R) Core(TM) i7-13620H, instruction set [SSE2|AVX|AVX2]
Thread count: 10 physical cores, 16 logical processors, using up to 1 threads

Non-default parameters:
TimeLimit  30
SoftMemLimit  12
FeasibilityTol  1e-07
IntFeasTol  1e-07
MIPGap  0
OptimalityTol  1e-07
Method  1
NodeMethod  1
DualReductions  0
InfUnbdInfo  1
LogToConsole  0
NumericFocus  1
Seed  20260929
Threads  1

Optimize a model with 84 rows, 13 columns and 203 nonzeros (Min)
Model has 1 linear objective coefficients
Coefficient statistics:
  Matrix range     [3e-05, 2e+01]
  Objective range  [1e+00, 1e+00]
  Bounds range     [2e+01, 2e+01]
  RHS range        [3e-03, 3e+02]

LP warm-start: use basis

Iteration    Objective       Primal Inf.    Dual Inf.      Time
       0    5.3333333e-01   3.780306e+02   0.000000e+00      0s

Solved in 4 iterations and 0.00 seconds (0.00 work units)
Infeasible model

User-callback calls 43, time in user-callback 0.00 sec
Set parameter TimeLimit to value 30
Gurobi Optimizer version 13.0.2 build v13.0.2rc1 (win64 - Windows 11+.0 (26200.2))

CPU model: 13th Gen Intel(R) Core(TM) i7-13620H, instruction set [SSE2|AVX|AVX2]
Thread count: 10 physical cores, 16 logical processors, using up to 1 threads

Non-default parameters:
TimeLimit  30
SoftMemLimit  12
FeasibilityTol  1e-07
IntFeasTol  1e-07
MIPGap  0
OptimalityTol  1e-07
Method  1
NodeMethod  1
DualReductions  0
InfUnbdInfo  1
LogToConsole  0
NumericFocus  1
Seed  20260929
Threads  1

Optimize a model with 84 rows, 13 columns and 203 nonzeros (Min)
Model has 1 linear objective coefficients
Coefficient statistics:
  Matrix range     [3e-05, 2e+01]
  Objective range  [1e+00, 1e+00]
  Bounds range     [2e+01, 2e+01]
  RHS range        [3e-03, 3e+02]

LP warm-start: use basis

Iteration    Objective       Primal Inf.    Dual Inf.      Time
       0    1.0000000e+00   1.812410e+02   0.000000e+00      0s

Solved in 4 iterations and 0.00 seconds (0.00 work units)
Infeasible model

User-callback calls 43, time in user-callback 0.00 sec
Set parameter TimeLimit to value 30
Gurobi Optimizer version 13.0.2 build v13.0.2rc1 (win64 - Windows 11+.0 (26200.2))

CPU model: 13th Gen Intel(R) Core(TM) i7-13620H, instruction set [SSE2|AVX|AVX2]
Thread count: 10 physical cores, 16 logical processors, using up to 1 threads

Non-default parameters:
TimeLimit  30
SoftMemLimit  12
FeasibilityTol  1e-07
IntFeasTol  1e-07
MIPGap  0
OptimalityTol  1e-07
Method  1
NodeMethod  1
DualReductions  0
InfUnbdInfo  1
LogToConsole  0
NumericFocus  1
Seed  20260929
Threads  1

Optimize a model with 84 rows, 13 columns and 203 nonzeros (Min)
Model has 1 linear objective coefficients
Coefficient statistics:
  Matrix range     [3e-05, 2e+01]
  Objective range  [1e+00, 1e+00]
  Bounds range     [2e+01, 2e+01]
  RHS range        [3e-03, 3e+02]

LP warm-start: use basis

Iteration    Objective       Primal Inf.    Dual Inf.      Time
       0    1.0666667e+00   8.602612e+01   0.000000e+00      0s

Solved in 0 iterations and 0.00 seconds (0.00 work units)
Infeasible model

User-callback calls 38, time in user-callback 0.00 sec
Set parameter TimeLimit to value 30
Gurobi Optimizer version 13.0.2 build v13.0.2rc1 (win64 - Windows 11+.0 (26200.2))

CPU model: 13th Gen Intel(R) Core(TM) i7-13620H, instruction set [SSE2|AVX|AVX2]
Thread count: 10 physical cores, 16 logical processors, using up to 1 threads

Non-default parameters:
TimeLimit  30
SoftMemLimit  12
FeasibilityTol  1e-07
IntFeasTol  1e-07
MIPGap  0
OptimalityTol  1e-07
Method  1
NodeMethod  1
DualReductions  0
InfUnbdInfo  1
LogToConsole  0
NumericFocus  1
Seed  20260929
Threads  1

Optimize a model with 84 rows, 13 columns and 203 nonzeros (Min)
Model has 1 linear objective coefficients
Coefficient statistics:
  Matrix range     [3e-05, 2e+01]
  Objective range  [1e+00, 1e+00]
  Bounds range     [2e+01, 2e+01]
  RHS range        [3e-03, 3e+02]

LP warm-start: use basis

Iteration    Objective       Primal Inf.    Dual Inf.      Time
       0    1.5466667e+00   4.418869e+02   0.000000e+00      0s

Solved in 0 iterations and 0.00 seconds (0.00 work units)
Infeasible model

User-callback calls 38, time in user-callback 0.00 sec
Set parameter TimeLimit to value 30
Gurobi Optimizer version 13.0.2 build v13.0.2rc1 (win64 - Windows 11+.0 (26200.2))

CPU model: 13th Gen Intel(R) Core(TM) i7-13620H, instruction set [SSE2|AVX|AVX2]
Thread count: 10 physical cores, 16 logical processors, using up to 1 threads

Non-default parameters:
TimeLimit  30
SoftMemLimit  12
FeasibilityTol  1e-07
IntFeasTol  1e-07
MIPGap  0
OptimalityTol  1e-07
Method  1
NodeMethod  1
DualReductions  0
InfUnbdInfo  1
LogToConsole  0
NumericFocus  1
Seed  20260929
Threads  1

Optimize a model with 84 rows, 13 columns and 203 nonzeros (Min)
Model has 1 linear objective coefficients
Coefficient statistics:
  Matrix range     [3e-05, 2e+01]
  Objective range  [1e+00, 1e+00]
  Bounds range     [2e+01, 2e+01]
  RHS range        [3e-03, 3e+02]

LP warm-start: use basis

Iteration    Objective       Primal Inf.    Dual Inf.      Time
       0    1.0666667e+00   8.158168e+01   0.000000e+00      0s

Solved in 0 iterations and 0.00 seconds (0.00 work units)
Infeasible model

User-callback calls 38, time in user-callback 0.00 sec
Set parameter TimeLimit to value 30
Gurobi Optimizer version 13.0.2 build v13.0.2rc1 (win64 - Windows 11+.0 (26200.2))

CPU model: 13th Gen Intel(R) Core(TM) i7-13620H, instruction set [SSE2|AVX|AVX2]
Thread count: 10 physical cores, 16 logical processors, using up to 1 threads

Non-default parameters:
TimeLimit  30
SoftMemLimit  12
FeasibilityTol  1e-07
IntFeasTol  1e-07
MIPGap  0
OptimalityTol  1e-07
Method  1
NodeMethod  1
DualReductions  0
InfUnbdInfo  1
LogToConsole  0
NumericFocus  1
Seed  20260929
Threads  1

Optimize a model with 84 rows, 13 columns and 203 nonzeros (Min)
Model has 1 linear objective coefficients
Coefficient statistics:
  Matrix range     [3e-05, 2e+01]
  Objective range  [1e+00, 1e+00]
  Bounds range     [2e+01, 2e+01]
  RHS range        [3e-03, 3e+02]

LP warm-start: use basis

Iteration    Objective       Primal Inf.    Dual Inf.      Time
       0    8.8903681e-01   2.924283e+01   0.000000e+00      0s

Solved in 1 iterations and 0.00 seconds (0.00 work units)
Infeasible model

User-callback calls 40, time in user-callback 0.00 sec
Set parameter TimeLimit to value 30
Gurobi Optimizer version 13.0.2 build v13.0.2rc1 (win64 - Windows 11+.0 (26200.2))

CPU model: 13th Gen Intel(R) Core(TM) i7-13620H, instruction set [SSE2|AVX|AVX2]
Thread count: 10 physical cores, 16 logical processors, using up to 1 threads

Non-default parameters:
TimeLimit  30
SoftMemLimit  12
FeasibilityTol  1e-07
IntFeasTol  1e-07
MIPGap  0
OptimalityTol  1e-07
Method  1
NodeMethod  1
DualReductions  0
InfUnbdInfo  1
LogToConsole  0
NumericFocus  1
Seed  20260929
Threads  1

Optimize a model with 84 rows, 13 columns and 203 nonzeros (Min)
Model has 1 linear objective coefficients
Coefficient statistics:
  Matrix range     [3e-05, 2e+01]
  Objective range  [1e+00, 1e+00]
  Bounds range     [2e+01, 2e+01]
  RHS range        [3e-03, 3e+02]

LP warm-start: use basis

Iteration    Objective       Primal Inf.    Dual Inf.      Time
       0    6.0153718e-01   3.321647e+02   0.000000e+00      0s

Solved in 5 iterations and 0.00 seconds (0.00 work units)
Infeasible model

User-callback calls 44, time in user-callback 0.00 sec
Set parameter TimeLimit to value 30
Gurobi Optimizer version 13.0.2 build v13.0.2rc1 (win64 - Windows 11+.0 (26200.2))

CPU model: 13th Gen Intel(R) Core(TM) i7-13620H, instruction set [SSE2|AVX|AVX2]
Thread count: 10 physical cores, 16 logical processors, using up to 1 threads

Non-default parameters:
TimeLimit  30
SoftMemLimit  12
FeasibilityTol  1e-07
IntFeasTol  1e-07
MIPGap  0
OptimalityTol  1e-07
Method  1
NodeMethod  1
DualReductions  0
InfUnbdInfo  1
LogToConsole  0
NumericFocus  1
Seed  20260929
Threads  1

Optimize a model with 84 rows, 13 columns and 203 nonzeros (Min)
Model has 1 linear objective coefficients
Coefficient statistics:
  Matrix range     [3e-05, 2e+01]
  Objective range  [1e+00, 1e+00]
  Bounds range     [2e+01, 2e+01]
  RHS range        [3e-03, 3e+02]

LP warm-start: use basis

Iteration    Objective       Primal Inf.    Dual Inf.      Time
       0    9.2153718e-01   7.034628e-01   0.000000e+00      0s

Solved in 0 iterations and 0.00 seconds (0.00 work units)
Infeasible model

User-callback calls 38, time in user-callback 0.00 sec
Set parameter TimeLimit to value 30
Gurobi Optimizer version 13.0.2 build v13.0.2rc1 (win64 - Windows 11+.0 (26200.2))

CPU model: 13th Gen Intel(R) Core(TM) i7-13620H, instruction set [SSE2|AVX|AVX2]
Thread count: 10 physical cores, 16 logical processors, using up to 1 threads

Non-default parameters:
TimeLimit  30
SoftMemLimit  12
FeasibilityTol  1e-07
IntFeasTol  1e-07
MIPGap  0
OptimalityTol  1e-07
Method  1
NodeMethod  1
DualReductions  0
InfUnbdInfo  1
LogToConsole  0
NumericFocus  1
Seed  20260929
Threads  1

Optimize a model with 84 rows, 13 columns and 203 nonzeros (Min)
Model has 1 linear objective coefficients
Coefficient statistics:
  Matrix range     [3e-05, 2e+01]
  Objective range  [1e+00, 1e+00]
  Bounds range     [2e+01, 2e+01]
  RHS range        [3e-03, 3e+02]

LP warm-start: use basis

Iteration    Objective       Primal Inf.    Dual Inf.      Time
       0    9.2153718e-01   7.034628e-01   0.000000e+00      0s

Solved in 0 iterations and 0.00 seconds (0.00 work units)
Infeasible model

User-callback calls 38, time in user-callback 0.00 sec
Set parameter TimeLimit to value 30
Gurobi Optimizer version 13.0.2 build v13.0.2rc1 (win64 - Windows 11+.0 (26200.2))

CPU model: 13th Gen Intel(R) Core(TM) i7-13620H, instruction set [SSE2|AVX|AVX2]
Thread count: 10 physical cores, 16 logical processors, using up to 1 threads

Non-default parameters:
TimeLimit  30
SoftMemLimit  12
FeasibilityTol  1e-07
IntFeasTol  1e-07
MIPGap  0
OptimalityTol  1e-07
Method  1
NodeMethod  1
DualReductions  0
InfUnbdInfo  1
LogToConsole  0
NumericFocus  1
Seed  20260929
Threads  1

Optimize a model with 84 rows, 13 columns and 203 nonzeros (Min)
Model has 1 linear objective coefficients
Coefficient statistics:
  Matrix range     [3e-05, 2e+01]
  Objective range  [1e+00, 1e+00]
  Bounds range     [2e+01, 2e+01]
  RHS range        [3e-03, 3e+02]

LP warm-start: use basis

Iteration    Objective       Primal Inf.    Dual Inf.      Time
       0    1.2095372e+00   9.027045e+01   0.000000e+00      0s

Solved in 0 iterations and 0.00 seconds (0.00 work units)
Infeasible model

User-callback calls 38, time in user-callback 0.00 sec
Set parameter TimeLimit to value 30
Gurobi Optimizer version 13.0.2 build v13.0.2rc1 (win64 - Windows 11+.0 (26200.2))

CPU model: 13th Gen Intel(R) Core(TM) i7-13620H, instruction set [SSE2|AVX|AVX2]
Thread count: 10 physical cores, 16 logical processors, using up to 1 threads

Non-default parameters:
TimeLimit  30
SoftMemLimit  12
FeasibilityTol  1e-07
IntFeasTol  1e-07
MIPGap  0
OptimalityTol  1e-07
Method  1
NodeMethod  1
DualReductions  0
InfUnbdInfo  1
LogToConsole  0
NumericFocus  1
Seed  20260929
Threads  1

Optimize a model with 84 rows, 13 columns and 203 nonzeros (Min)
Model has 1 linear objective coefficients
Coefficient statistics:
  Matrix range     [3e-05, 2e+01]
  Objective range  [1e+00, 1e+00]
  Bounds range     [2e+01, 2e+01]
  RHS range        [3e-03, 3e+02]

LP warm-start: use basis

Iteration    Objective       Primal Inf.    Dual Inf.      Time
       0    1.2095372e+00   9.027045e+01   0.000000e+00      0s

Solved in 0 iterations and 0.00 seconds (0.00 work units)
Infeasible model

User-callback calls 38, time in user-callback 0.00 sec
Set parameter TimeLimit to value 30
Gurobi Optimizer version 13.0.2 build v13.0.2rc1 (win64 - Windows 11+.0 (26200.2))

CPU model: 13th Gen Intel(R) Core(TM) i7-13620H, instruction set [SSE2|AVX|AVX2]
Thread count: 10 physical cores, 16 logical processors, using up to 1 threads

Non-default parameters:
TimeLimit  30
SoftMemLimit  12
FeasibilityTol  1e-07
IntFeasTol  1e-07
MIPGap  0
OptimalityTol  1e-07
Method  1
NodeMethod  1
DualReductions  0
InfUnbdInfo  1
LogToConsole  0
NumericFocus  1
Seed  20260929
Threads  1

Optimize a model with 84 rows, 13 columns and 203 nonzeros (Min)
Model has 1 linear objective coefficients
Coefficient statistics:
  Matrix range     [3e-05, 2e+01]
  Objective range  [1e+00, 1e+00]
  Bounds range     [2e+01, 2e+01]
  RHS range        [3e-03, 3e+02]

LP warm-start: use basis

Iteration    Objective       Primal Inf.    Dual Inf.      Time
       0    1.2095372e+00   9.027045e+01   0.000000e+00      0s

Solved in 0 iterations and 0.00 seconds (0.00 work units)
Infeasible model

User-callback calls 38, time in user-callback 0.00 sec
Set parameter TimeLimit to value 30
Gurobi Optimizer version 13.0.2 build v13.0.2rc1 (win64 - Windows 11+.0 (26200.2))

CPU model: 13th Gen Intel(R) Core(TM) i7-13620H, instruction set [SSE2|AVX|AVX2]
Thread count: 10 physical cores, 16 logical processors, using up to 1 threads

Non-default parameters:
TimeLimit  30
SoftMemLimit  12
FeasibilityTol  1e-07
IntFeasTol  1e-07
MIPGap  0
OptimalityTol  1e-07
Method  1
NodeMethod  1
DualReductions  0
InfUnbdInfo  1
LogToConsole  0
NumericFocus  1
Seed  20260929
Threads  1

Optimize a model with 84 rows, 13 columns and 203 nonzeros (Min)
Model has 1 linear objective coefficients
Coefficient statistics:
  Matrix range     [3e-05, 2e+01]
  Objective range  [1e+00, 1e+00]
  Bounds range     [2e+01, 2e+01]
  RHS range        [3e-03, 3e+02]

LP warm-start: use basis

Iteration    Objective       Primal Inf.    Dual Inf.      Time
       0    1.2095372e+00   9.027045e+01   0.000000e+00      0s

Solved in 0 iterations and 0.00 seconds (0.00 work units)
Infeasible model

User-callback calls 38, time in user-callback 0.00 sec
Set parameter TimeLimit to value 30
Gurobi Optimizer version 13.0.2 build v13.0.2rc1 (win64 - Windows 11+.0 (26200.2))

CPU model: 13th Gen Intel(R) Core(TM) i7-13620H, instruction set [SSE2|AVX|AVX2]
Thread count: 10 physical cores, 16 logical processors, using up to 1 threads

Non-default parameters:
TimeLimit  30
SoftMemLimit  12
FeasibilityTol  1e-07
IntFeasTol  1e-07
MIPGap  0
OptimalityTol  1e-07
Method  1
NodeMethod  1
DualReductions  0
InfUnbdInfo  1
LogToConsole  0
NumericFocus  1
Seed  20260929
Threads  1

Optimize a model with 84 rows, 13 columns and 203 nonzeros (Min)
Model has 1 linear objective coefficients
Coefficient statistics:
  Matrix range     [3e-05, 2e+01]
  Objective range  [1e+00, 1e+00]
  Bounds range     [2e+01, 2e+01]
  RHS range        [3e-03, 3e+02]

LP warm-start: use basis

Iteration    Objective       Primal Inf.    Dual Inf.      Time
       0    9.2873718e-01   1.728763e+00   0.000000e+00      0s

Solved in 1 iterations and 0.00 seconds (0.00 work units)
Infeasible model

User-callback calls 40, time in user-callback 0.00 sec
Set parameter TimeLimit to value 30
Gurobi Optimizer version 13.0.2 build v13.0.2rc1 (win64 - Windows 11+.0 (26200.2))

CPU model: 13th Gen Intel(R) Core(TM) i7-13620H, instruction set [SSE2|AVX|AVX2]
Thread count: 10 physical cores, 16 logical processors, using up to 1 threads

Non-default parameters:
TimeLimit  30
SoftMemLimit  12
FeasibilityTol  1e-07
IntFeasTol  1e-07
MIPGap  0
OptimalityTol  1e-07
Method  1
NodeMethod  1
DualReductions  0
InfUnbdInfo  1
LogToConsole  0
NumericFocus  1
Seed  20260929
Threads  1

Optimize a model with 84 rows, 13 columns and 203 nonzeros (Min)
Model has 1 linear objective coefficients
Coefficient statistics:
  Matrix range     [3e-05, 2e+01]
  Objective range  [1e+00, 1e+00]
  Bounds range     [2e+01, 2e+01]
  RHS range        [3e-03, 3e+02]

LP warm-start: use basis

Iteration    Objective       Primal Inf.    Dual Inf.      Time
       0    9.3042607e-01   1.895963e+00   0.000000e+00      0s

Solved in 0 iterations and 0.00 seconds (0.00 work units)
Infeasible model

User-callback calls 38, time in user-callback 0.00 sec
Set parameter TimeLimit to value 30
Gurobi Optimizer version 13.0.2 build v13.0.2rc1 (win64 - Windows 11+.0 (26200.2))

CPU model: 13th Gen Intel(R) Core(TM) i7-13620H, instruction set [SSE2|AVX|AVX2]
Thread count: 10 physical cores, 16 logical processors, using up to 1 threads

Non-default parameters:
TimeLimit  30
SoftMemLimit  12
FeasibilityTol  1e-07
IntFeasTol  1e-07
MIPGap  0
OptimalityTol  1e-07
Method  1
NodeMethod  1
DualReductions  0
InfUnbdInfo  1
LogToConsole  0
NumericFocus  1
Seed  20260929
Threads  1

Optimize a model with 84 rows, 13 columns and 203 nonzeros (Min)
Model has 1 linear objective coefficients
Coefficient statistics:
  Matrix range     [3e-05, 2e+01]
  Objective range  [1e+00, 1e+00]
  Bounds range     [2e+01, 2e+01]
  RHS range        [3e-03, 3e+02]

LP warm-start: use basis

Iteration    Objective       Primal Inf.    Dual Inf.      Time
       0    9.3042607e-01   1.007074e+00   0.000000e+00      0s

Solved in 0 iterations and 0.00 seconds (0.00 work units)
Infeasible model

User-callback calls 38, time in user-callback 0.00 sec
Set parameter TimeLimit to value 30
Gurobi Optimizer version 13.0.2 build v13.0.2rc1 (win64 - Windows 11+.0 (26200.2))

CPU model: 13th Gen Intel(R) Core(TM) i7-13620H, instruction set [SSE2|AVX|AVX2]
Thread count: 10 physical cores, 16 logical processors, using up to 1 threads

Non-default parameters:
TimeLimit  30
SoftMemLimit  12
FeasibilityTol  1e-07
IntFeasTol  1e-07
MIPGap  0
OptimalityTol  1e-07
Method  1
NodeMethod  1
DualReductions  0
InfUnbdInfo  1
LogToConsole  0
NumericFocus  1
Seed  20260929
Threads  1

Optimize a model with 84 rows, 13 columns and 203 nonzeros (Min)
Model has 1 linear objective coefficients
Coefficient statistics:
  Matrix range     [3e-05, 2e+01]
  Objective range  [1e+00, 1e+00]
  Bounds range     [2e+01, 2e+01]
  RHS range        [3e-03, 3e+02]

LP warm-start: use basis

Iteration    Objective       Primal Inf.    Dual Inf.      Time
       0    9.3042607e-01   1.007074e+00   0.000000e+00      0s

Solved in 0 iterations and 0.00 seconds (0.00 work units)
Infeasible model

User-callback calls 38, time in user-callback 0.00 sec
Set parameter TimeLimit to value 30
Gurobi Optimizer version 13.0.2 build v13.0.2rc1 (win64 - Windows 11+.0 (26200.2))

CPU model: 13th Gen Intel(R) Core(TM) i7-13620H, instruction set [SSE2|AVX|AVX2]
Thread count: 10 physical cores, 16 logical processors, using up to 1 threads

Non-default parameters:
TimeLimit  30
SoftMemLimit  12
FeasibilityTol  1e-07
IntFeasTol  1e-07
MIPGap  0
OptimalityTol  1e-07
Method  1
NodeMethod  1
DualReductions  0
InfUnbdInfo  1
LogToConsole  0
NumericFocus  1
Seed  20260929
Threads  1

Optimize a model with 84 rows, 13 columns and 203 nonzeros (Min)
Model has 1 linear objective coefficients
Coefficient statistics:
  Matrix range     [3e-05, 2e+01]
  Objective range  [1e+00, 1e+00]
  Bounds range     [2e+01, 2e+01]
  RHS range        [3e-03, 3e+02]

LP warm-start: use basis

Iteration    Objective       Primal Inf.    Dual Inf.      Time
       0    1.2859816e+00   1.692167e+02   0.000000e+00      0s

Solved in 0 iterations and 0.00 seconds (0.00 work units)
Infeasible model

User-callback calls 38, time in user-callback 0.00 sec
Set parameter TimeLimit to value 30
Gurobi Optimizer version 13.0.2 build v13.0.2rc1 (win64 - Windows 11+.0 (26200.2))

CPU model: 13th Gen Intel(R) Core(TM) i7-13620H, instruction set [SSE2|AVX|AVX2]
Thread count: 10 physical cores, 16 logical processors, using up to 1 threads

Non-default parameters:
TimeLimit  30
SoftMemLimit  12
FeasibilityTol  1e-07
IntFeasTol  1e-07
MIPGap  0
OptimalityTol  1e-07
Method  1
NodeMethod  1
DualReductions  0
InfUnbdInfo  1
LogToConsole  0
NumericFocus  1
Seed  20260929
Threads  1

Optimize a model with 84 rows, 13 columns and 203 nonzeros (Min)
Model has 1 linear objective coefficients
Coefficient statistics:
  Matrix range     [3e-05, 2e+01]
  Objective range  [1e+00, 1e+00]
  Bounds range     [2e+01, 2e+01]
  RHS range        [3e-03, 3e+02]

LP warm-start: use basis

Iteration    Objective       Primal Inf.    Dual Inf.      Time
       0    1.2859816e+00   1.692167e+02   0.000000e+00      0s

Solved in 0 iterations and 0.00 seconds (0.00 work units)
Infeasible model

User-callback calls 38, time in user-callback 0.00 sec
Set parameter TimeLimit to value 30
Gurobi Optimizer version 13.0.2 build v13.0.2rc1 (win64 - Windows 11+.0 (26200.2))

CPU model: 13th Gen Intel(R) Core(TM) i7-13620H, instruction set [SSE2|AVX|AVX2]
Thread count: 10 physical cores, 16 logical processors, using up to 1 threads

Non-default parameters:
TimeLimit  30
SoftMemLimit  12
FeasibilityTol  1e-07
IntFeasTol  1e-07
MIPGap  0
OptimalityTol  1e-07
Method  1
NodeMethod  1
DualReductions  0
InfUnbdInfo  1
LogToConsole  0
NumericFocus  1
Seed  20260929
Threads  1

Optimize a model with 84 rows, 13 columns and 203 nonzeros (Min)
Model has 1 linear objective coefficients
Coefficient statistics:
  Matrix range     [3e-05, 2e+01]
  Objective range  [1e+00, 1e+00]
  Bounds range     [2e+01, 2e+01]
  RHS range        [3e-03, 3e+02]

LP warm-start: use basis

Iteration    Objective       Primal Inf.    Dual Inf.      Time
       0    1.2859816e+00   1.532167e+02   0.000000e+00      0s

Solved in 1 iterations and 0.00 seconds (0.00 work units)
Infeasible model

User-callback calls 40, time in user-callback 0.00 sec
Set parameter TimeLimit to value 30
Gurobi Optimizer version 13.0.2 build v13.0.2rc1 (win64 - Windows 11+.0 (26200.2))

CPU model: 13th Gen Intel(R) Core(TM) i7-13620H, instruction set [SSE2|AVX|AVX2]
Thread count: 10 physical cores, 16 logical processors, using up to 1 threads

Non-default parameters:
TimeLimit  30
SoftMemLimit  12
FeasibilityTol  1e-07
IntFeasTol  1e-07
MIPGap  0
OptimalityTol  1e-07
Method  1
NodeMethod  1
DualReductions  0
InfUnbdInfo  1
LogToConsole  0
NumericFocus  1
Seed  20260929
Threads  1

Optimize a model with 84 rows, 13 columns and 203 nonzeros (Min)
Model has 1 linear objective coefficients
Coefficient statistics:
  Matrix range     [3e-05, 2e+01]
  Objective range  [1e+00, 1e+00]
  Bounds range     [2e+01, 2e+01]
  RHS range        [3e-03, 3e+02]

LP warm-start: use basis

Iteration    Objective       Primal Inf.    Dual Inf.      Time
       0    1.5993346e+00   3.529033e+02   0.000000e+00      0s

Solved in 0 iterations and 0.00 seconds (0.00 work units)
Infeasible model

User-callback calls 38, time in user-callback 0.00 sec
Set parameter TimeLimit to value 30
Gurobi Optimizer version 13.0.2 build v13.0.2rc1 (win64 - Windows 11+.0 (26200.2))

CPU model: 13th Gen Intel(R) Core(TM) i7-13620H, instruction set [SSE2|AVX|AVX2]
Thread count: 10 physical cores, 16 logical processors, using up to 1 threads

Non-default parameters:
TimeLimit  30
SoftMemLimit  12
FeasibilityTol  1e-07
IntFeasTol  1e-07
MIPGap  0
OptimalityTol  1e-07
Method  1
NodeMethod  1
DualReductions  0
InfUnbdInfo  1
LogToConsole  0
NumericFocus  1
Seed  20260929
Threads  1

Optimize a model with 84 rows, 13 columns and 203 nonzeros (Min)
Model has 1 linear objective coefficients
Coefficient statistics:
  Matrix range     [3e-05, 2e+01]
  Objective range  [1e+00, 1e+00]
  Bounds range     [2e+01, 2e+01]
  RHS range        [3e-03, 3e+02]

LP warm-start: use basis

Iteration    Objective       Primal Inf.    Dual Inf.      Time
       0    4.4182968e-01   5.229535e+02   0.000000e+00      0s

Solved in 3 iterations and 0.00 seconds (0.00 work units)
Infeasible model

User-callback calls 42, time in user-callback 0.00 sec
Set parameter TimeLimit to value 30
Gurobi Optimizer version 13.0.2 build v13.0.2rc1 (win64 - Windows 11+.0 (26200.2))

CPU model: 13th Gen Intel(R) Core(TM) i7-13620H, instruction set [SSE2|AVX|AVX2]
Thread count: 10 physical cores, 16 logical processors, using up to 1 threads

Non-default parameters:
TimeLimit  30
SoftMemLimit  12
FeasibilityTol  1e-07
IntFeasTol  1e-07
MIPGap  0
OptimalityTol  1e-07
Method  1
NodeMethod  1
DualReductions  0
InfUnbdInfo  1
LogToConsole  0
NumericFocus  1
Seed  20260929
Threads  1

Optimize a model with 84 rows, 13 columns and 203 nonzeros (Min)
Model has 1 linear objective coefficients
Coefficient statistics:
  Matrix range     [3e-05, 2e+01]
  Objective range  [1e+00, 1e+00]
  Bounds range     [2e+01, 2e+01]
  RHS range        [3e-03, 3e+02]

LP warm-start: use basis

Iteration    Objective       Primal Inf.    Dual Inf.      Time
       0    7.6153718e-01   5.750866e+01   0.000000e+00      0s

Solved in 7 iterations and 0.00 seconds (0.00 work units)
Infeasible model

User-callback calls 46, time in user-callback 0.00 sec
Set parameter TimeLimit to value 30
Gurobi Optimizer version 13.0.2 build v13.0.2rc1 (win64 - Windows 11+.0 (26200.2))

CPU model: 13th Gen Intel(R) Core(TM) i7-13620H, instruction set [SSE2|AVX|AVX2]
Thread count: 10 physical cores, 16 logical processors, using up to 1 threads

Non-default parameters:
TimeLimit  30
SoftMemLimit  12
FeasibilityTol  1e-07
IntFeasTol  1e-07
MIPGap  0
OptimalityTol  1e-07
Method  1
NodeMethod  1
DualReductions  0
InfUnbdInfo  1
LogToConsole  0
NumericFocus  1
Seed  20260929
Threads  1

Optimize a model with 84 rows, 13 columns and 203 nonzeros (Min)
Model has 1 linear objective coefficients
Coefficient statistics:
  Matrix range     [3e-05, 2e+01]
  Objective range  [1e+00, 1e+00]
  Bounds range     [2e+01, 2e+01]
  RHS range        [3e-03, 3e+02]

LP warm-start: use basis

Iteration    Objective       Primal Inf.    Dual Inf.      Time
       0    8.8903681e-01   6.219949e+01   0.000000e+00      0s

Solved in 3 iterations and 0.00 seconds (0.00 work units)
Infeasible model

User-callback calls 42, time in user-callback 0.00 sec
Set parameter TimeLimit to value 30
Gurobi Optimizer version 13.0.2 build v13.0.2rc1 (win64 - Windows 11+.0 (26200.2))

CPU model: 13th Gen Intel(R) Core(TM) i7-13620H, instruction set [SSE2|AVX|AVX2]
Thread count: 10 physical cores, 16 logical processors, using up to 1 threads

Non-default parameters:
TimeLimit  30
SoftMemLimit  12
FeasibilityTol  1e-07
IntFeasTol  1e-07
MIPGap  0
OptimalityTol  1e-07
Method  1
NodeMethod  1
DualReductions  0
InfUnbdInfo  1
LogToConsole  0
NumericFocus  1
Seed  20260929
Threads  1

Optimize a model with 84 rows, 13 columns and 203 nonzeros (Min)
Model has 1 linear objective coefficients
Coefficient statistics:
  Matrix range     [3e-05, 2e+01]
  Objective range  [1e+00, 1e+00]
  Bounds range     [2e+01, 2e+01]
  RHS range        [3e-03, 3e+02]

LP warm-start: use basis

Iteration    Objective       Primal Inf.    Dual Inf.      Time
       0    9.2153718e-01   3.750000e-01   0.000000e+00      0s

Solved in 0 iterations and 0.00 seconds (0.00 work units)
Infeasible model

User-callback calls 38, time in user-callback 0.00 sec
Set parameter TimeLimit to value 30
Gurobi Optimizer version 13.0.2 build v13.0.2rc1 (win64 - Windows 11+.0 (26200.2))

CPU model: 13th Gen Intel(R) Core(TM) i7-13620H, instruction set [SSE2|AVX|AVX2]
Thread count: 10 physical cores, 16 logical processors, using up to 1 threads

Non-default parameters:
TimeLimit  30
SoftMemLimit  12
FeasibilityTol  1e-07
IntFeasTol  1e-07
MIPGap  0
OptimalityTol  1e-07
Method  1
NodeMethod  1
DualReductions  0
InfUnbdInfo  1
LogToConsole  0
NumericFocus  1
Seed  20260929
Threads  1

Optimize a model with 84 rows, 13 columns and 203 nonzeros (Min)
Model has 1 linear objective coefficients
Coefficient statistics:
  Matrix range     [3e-05, 2e+01]
  Objective range  [1e+00, 1e+00]
  Bounds range     [2e+01, 2e+01]
  RHS range        [3e-03, 3e+02]

LP warm-start: use basis

Iteration    Objective       Primal Inf.    Dual Inf.      Time
       0    1.0806532e+00   6.557410e+01   0.000000e+00      0s

Solved in 3 iterations and 0.00 seconds (0.00 work units)
Infeasible model

User-callback calls 42, time in user-callback 0.00 sec
Set parameter TimeLimit to value 30
Gurobi Optimizer version 13.0.2 build v13.0.2rc1 (win64 - Windows 11+.0 (26200.2))

CPU model: 13th Gen Intel(R) Core(TM) i7-13620H, instruction set [SSE2|AVX|AVX2]
Thread count: 10 physical cores, 16 logical processors, using up to 1 threads

Non-default parameters:
TimeLimit  30
SoftMemLimit  12
FeasibilityTol  1e-07
IntFeasTol  1e-07
MIPGap  0
OptimalityTol  1e-07
Method  1
NodeMethod  1
DualReductions  0
InfUnbdInfo  1
LogToConsole  0
NumericFocus  1
Seed  20260929
Threads  1

Optimize a model with 84 rows, 13 columns and 203 nonzeros (Min)
Model has 1 linear objective coefficients
Coefficient statistics:
  Matrix range     [3e-05, 2e+01]
  Objective range  [1e+00, 1e+00]
  Bounds range     [2e+01, 2e+01]
  RHS range        [3e-03, 3e+02]

LP warm-start: use basis

Iteration    Objective       Primal Inf.    Dual Inf.      Time
       0    1.5131492e+00   3.792276e+02   0.000000e+00      0s

Solved in 0 iterations and 0.00 seconds (0.00 work units)
Infeasible model

User-callback calls 38, time in user-callback 0.00 sec
Set parameter TimeLimit to value 30
Gurobi Optimizer version 13.0.2 build v13.0.2rc1 (win64 - Windows 11+.0 (26200.2))

CPU model: 13th Gen Intel(R) Core(TM) i7-13620H, instruction set [SSE2|AVX|AVX2]
Thread count: 10 physical cores, 16 logical processors, using up to 1 threads

Non-default parameters:
TimeLimit  30
SoftMemLimit  12
FeasibilityTol  1e-07
IntFeasTol  1e-07
MIPGap  0
OptimalityTol  1e-07
Method  1
NodeMethod  1
DualReductions  0
InfUnbdInfo  1
LogToConsole  0
NumericFocus  1
Seed  20260929
Threads  1

Optimize a model with 84 rows, 13 columns and 203 nonzeros (Min)
Model has 1 linear objective coefficients
Coefficient statistics:
  Matrix range     [3e-05, 2e+01]
  Objective range  [1e+00, 1e+00]
  Bounds range     [2e+01, 2e+01]
  RHS range        [3e-03, 3e+02]

LP warm-start: use basis

Iteration    Objective       Primal Inf.    Dual Inf.      Time
       0    1.3531492e+00   3.952276e+02   0.000000e+00      0s

Solved in 0 iterations and 0.00 seconds (0.00 work units)
Infeasible model

User-callback calls 38, time in user-callback 0.00 sec
Set parameter TimeLimit to value 30
Gurobi Optimizer version 13.0.2 build v13.0.2rc1 (win64 - Windows 11+.0 (26200.2))

CPU model: 13th Gen Intel(R) Core(TM) i7-13620H, instruction set [SSE2|AVX|AVX2]
Thread count: 10 physical cores, 16 logical processors, using up to 1 threads

Non-default parameters:
TimeLimit  30
SoftMemLimit  12
FeasibilityTol  1e-07
IntFeasTol  1e-07
MIPGap  0
OptimalityTol  1e-07
Method  1
NodeMethod  1
DualReductions  0
InfUnbdInfo  1
LogToConsole  0
NumericFocus  1
Seed  20260929
Threads  1

Optimize a model with 84 rows, 13 columns and 203 nonzeros (Min)
Model has 1 linear objective coefficients
Coefficient statistics:
  Matrix range     [3e-05, 2e+01]
  Objective range  [1e+00, 1e+00]
  Bounds range     [2e+01, 2e+01]
  RHS range        [3e-03, 3e+02]

LP warm-start: use basis

Iteration    Objective       Primal Inf.    Dual Inf.      Time
       0    1.1600121e+00   9.313271e+01   0.000000e+00      0s

Solved in 0 iterations and 0.00 seconds (0.00 work units)
Infeasible model

User-callback calls 38, time in user-callback 0.00 sec
Set parameter TimeLimit to value 30
Gurobi Optimizer version 13.0.2 build v13.0.2rc1 (win64 - Windows 11+.0 (26200.2))

CPU model: 13th Gen Intel(R) Core(TM) i7-13620H, instruction set [SSE2|AVX|AVX2]
Thread count: 10 physical cores, 16 logical processors, using up to 1 threads

Non-default parameters:
TimeLimit  30
SoftMemLimit  12
FeasibilityTol  1e-07
IntFeasTol  1e-07
MIPGap  0
OptimalityTol  1e-07
Method  1
NodeMethod  1
DualReductions  0
InfUnbdInfo  1
LogToConsole  0
NumericFocus  1
Seed  20260929
Threads  1

Optimize a model with 84 rows, 13 columns and 203 nonzeros (Min)
Model has 1 linear objective coefficients
Coefficient statistics:
  Matrix range     [3e-05, 2e+01]
  Objective range  [1e+00, 1e+00]
  Bounds range     [2e+01, 2e+01]
  RHS range        [3e-03, 3e+02]

LP warm-start: use basis

Iteration    Objective       Primal Inf.    Dual Inf.      Time
       0    9.4115590e-01   1.578864e+01   0.000000e+00      0s

Solved in 0 iterations and 0.00 seconds (0.00 work units)
Infeasible model

User-callback calls 38, time in user-callback 0.00 sec
Set parameter TimeLimit to value 30
Gurobi Optimizer version 13.0.2 build v13.0.2rc1 (win64 - Windows 11+.0 (26200.2))

CPU model: 13th Gen Intel(R) Core(TM) i7-13620H, instruction set [SSE2|AVX|AVX2]
Thread count: 10 physical cores, 16 logical processors, using up to 1 threads

Non-default parameters:
TimeLimit  30
SoftMemLimit  12
FeasibilityTol  1e-07
IntFeasTol  1e-07
MIPGap  0
OptimalityTol  1e-07
Method  1
NodeMethod  1
DualReductions  0
InfUnbdInfo  1
LogToConsole  0
NumericFocus  1
Seed  20260929
Threads  1

Optimize a model with 84 rows, 13 columns and 203 nonzeros (Min)
Model has 1 linear objective coefficients
Coefficient statistics:
  Matrix range     [3e-05, 2e+01]
  Objective range  [1e+00, 1e+00]
  Bounds range     [2e+01, 2e+01]
  RHS range        [3e-03, 3e+02]

LP warm-start: use basis

Iteration    Objective       Primal Inf.    Dual Inf.      Time
       0    7.4801882e-01   2.879989e+02   0.000000e+00      0s

Solved in 1 iterations and 0.00 seconds (0.00 work units)
Infeasible model

User-callback calls 40, time in user-callback 0.00 sec
Set parameter TimeLimit to value 30
Gurobi Optimizer version 13.0.2 build v13.0.2rc1 (win64 - Windows 11+.0 (26200.2))

CPU model: 13th Gen Intel(R) Core(TM) i7-13620H, instruction set [SSE2|AVX|AVX2]
Thread count: 10 physical cores, 16 logical processors, using up to 1 threads

Non-default parameters:
TimeLimit  30
SoftMemLimit  12
FeasibilityTol  1e-07
IntFeasTol  1e-07
MIPGap  0
OptimalityTol  1e-07
Method  1
NodeMethod  1
DualReductions  0
InfUnbdInfo  1
LogToConsole  0
NumericFocus  1
Seed  20260929
Threads  1

Optimize a model with 84 rows, 13 columns and 203 nonzeros (Min)
Model has 1 linear objective coefficients
Coefficient statistics:
  Matrix range     [3e-05, 2e+01]
  Objective range  [1e+00, 1e+00]
  Bounds range     [2e+01, 2e+01]
  RHS range        [3e-03, 3e+02]

LP warm-start: use basis

Iteration    Objective       Primal Inf.    Dual Inf.      Time
       0    7.7042607e-01   5.219681e+01   0.000000e+00      0s

Solved in 10 iterations and 0.00 seconds (0.00 work units)
Infeasible model

User-callback calls 49, time in user-callback 0.00 sec
Set parameter TimeLimit to value 30
Gurobi Optimizer version 13.0.2 build v13.0.2rc1 (win64 - Windows 11+.0 (26200.2))

CPU model: 13th Gen Intel(R) Core(TM) i7-13620H, instruction set [SSE2|AVX|AVX2]
Thread count: 10 physical cores, 16 logical processors, using up to 1 threads

Non-default parameters:
TimeLimit  30
SoftMemLimit  12
FeasibilityTol  1e-07
IntFeasTol  1e-07
MIPGap  0
OptimalityTol  1e-07
Method  1
NodeMethod  1
DualReductions  0
InfUnbdInfo  1
LogToConsole  0
NumericFocus  1
Seed  20260929
Threads  1

Optimize a model with 84 rows, 13 columns and 203 nonzeros (Min)
Model has 1 linear objective coefficients
Coefficient statistics:
  Matrix range     [3e-05, 2e+01]
  Objective range  [1e+00, 1e+00]
  Bounds range     [2e+01, 2e+01]
  RHS range        [3e-03, 3e+02]

LP warm-start: use basis

Iteration    Objective       Primal Inf.    Dual Inf.      Time
       0    9.1879872e-01   7.745469e+00   0.000000e+00      0s

Solved in 4 iterations and 0.00 seconds (0.00 work units)
Infeasible model

User-callback calls 43, time in user-callback 0.00 sec
Set parameter TimeLimit to value 30
Gurobi Optimizer version 13.0.2 build v13.0.2rc1 (win64 - Windows 11+.0 (26200.2))

CPU model: 13th Gen Intel(R) Core(TM) i7-13620H, instruction set [SSE2|AVX|AVX2]
Thread count: 10 physical cores, 16 logical processors, using up to 1 threads

Non-default parameters:
TimeLimit  30
SoftMemLimit  12
FeasibilityTol  1e-07
IntFeasTol  1e-07
MIPGap  0
OptimalityTol  1e-07
Method  1
NodeMethod  1
DualReductions  0
InfUnbdInfo  1
LogToConsole  0
NumericFocus  1
Seed  20260929
Threads  1

Optimize a model with 84 rows, 13 columns and 203 nonzeros (Min)
Model has 1 linear objective coefficients
Coefficient statistics:
  Matrix range     [3e-05, 2e+01]
  Objective range  [1e+00, 1e+00]
  Bounds range     [2e+01, 2e+01]
  RHS range        [3e-03, 3e+02]

LP warm-start: use basis

Iteration    Objective       Primal Inf.    Dual Inf.      Time
       0    1.1037594e+00   9.332362e+01   0.000000e+00      0s

Solved in 2 iterations and 0.00 seconds (0.00 work units)
Infeasible model

User-callback calls 41, time in user-callback 0.00 sec
Set parameter TimeLimit to value 30
Gurobi Optimizer version 13.0.2 build v13.0.2rc1 (win64 - Windows 11+.0 (26200.2))

CPU model: 13th Gen Intel(R) Core(TM) i7-13620H, instruction set [SSE2|AVX|AVX2]
Thread count: 10 physical cores, 16 logical processors, using up to 1 threads

Non-default parameters:
TimeLimit  30
SoftMemLimit  12
FeasibilityTol  1e-07
IntFeasTol  1e-07
MIPGap  0
OptimalityTol  1e-07
Method  1
NodeMethod  1
DualReductions  0
InfUnbdInfo  1
LogToConsole  0
NumericFocus  1
Seed  20260929
Threads  1

Optimize a model with 84 rows, 13 columns and 203 nonzeros (Min)
Model has 1 linear objective coefficients
Coefficient statistics:
  Matrix range     [3e-05, 2e+01]
  Objective range  [1e+00, 1e+00]
  Bounds range     [2e+01, 2e+01]
  RHS range        [3e-03, 3e+02]

LP warm-start: use basis

Iteration    Objective       Primal Inf.    Dual Inf.      Time
       0    1.5327679e+00   3.981761e+02   0.000000e+00      0s

Solved in 0 iterations and 0.00 seconds (0.00 work units)
Infeasible model

User-callback calls 38, time in user-callback 0.00 sec
Set parameter TimeLimit to value 30
Gurobi Optimizer version 13.0.2 build v13.0.2rc1 (win64 - Windows 11+.0 (26200.2))

CPU model: 13th Gen Intel(R) Core(TM) i7-13620H, instruction set [SSE2|AVX|AVX2]
Thread count: 10 physical cores, 16 logical processors, using up to 1 threads

Non-default parameters:
TimeLimit  30
SoftMemLimit  12
FeasibilityTol  1e-07
IntFeasTol  1e-07
MIPGap  0
OptimalityTol  1e-07
Method  1
NodeMethod  1
DualReductions  0
InfUnbdInfo  1
LogToConsole  0
NumericFocus  1
Seed  20260929
Threads  1

Optimize a model with 84 rows, 13 columns and 203 nonzeros (Min)
Model has 1 linear objective coefficients
Coefficient statistics:
  Matrix range     [3e-05, 2e+01]
  Objective range  [1e+00, 1e+00]
  Bounds range     [2e+01, 2e+01]
  RHS range        [3e-03, 3e+02]

LP warm-start: use basis

Iteration    Objective       Primal Inf.    Dual Inf.      Time
       0    1.3727679e+00   4.141761e+02   0.000000e+00      0s

Solved in 0 iterations and 0.00 seconds (0.00 work units)
Infeasible model

User-callback calls 38, time in user-callback 0.00 sec
Set parameter TimeLimit to value 30
Gurobi Optimizer version 13.0.2 build v13.0.2rc1 (win64 - Windows 11+.0 (26200.2))

CPU model: 13th Gen Intel(R) Core(TM) i7-13620H, instruction set [SSE2|AVX|AVX2]
Thread count: 10 physical cores, 16 logical processors, using up to 1 threads

Non-default parameters:
TimeLimit  30
SoftMemLimit  12
FeasibilityTol  1e-07
IntFeasTol  1e-07
MIPGap  0
OptimalityTol  1e-07
Method  1
NodeMethod  1
DualReductions  0
InfUnbdInfo  1
LogToConsole  0
NumericFocus  1
Seed  20260929
Threads  1

Optimize a model with 84 rows, 13 columns and 203 nonzeros (Min)
Model has 1 linear objective coefficients
Coefficient statistics:
  Matrix range     [3e-05, 2e+01]
  Objective range  [1e+00, 1e+00]
  Bounds range     [2e+01, 2e+01]
  RHS range        [3e-03, 3e+02]

LP warm-start: use basis

Iteration    Objective       Primal Inf.    Dual Inf.      Time
       0    1.1796308e+00   1.081575e+02   0.000000e+00      0s

Solved in 0 iterations and 0.00 seconds (0.00 work units)
Infeasible model

User-callback calls 38, time in user-callback 0.00 sec
Set parameter TimeLimit to value 30
Gurobi Optimizer version 13.0.2 build v13.0.2rc1 (win64 - Windows 11+.0 (26200.2))

CPU model: 13th Gen Intel(R) Core(TM) i7-13620H, instruction set [SSE2|AVX|AVX2]
Thread count: 10 physical cores, 16 logical processors, using up to 1 threads

Non-default parameters:
TimeLimit  30
SoftMemLimit  12
FeasibilityTol  1e-07
IntFeasTol  1e-07
MIPGap  0
OptimalityTol  1e-07
Method  1
NodeMethod  1
DualReductions  0
InfUnbdInfo  1
LogToConsole  0
NumericFocus  1
Seed  20260929
Threads  1

Optimize a model with 84 rows, 13 columns and 203 nonzeros (Min)
Model has 1 linear objective coefficients
Coefficient statistics:
  Matrix range     [3e-05, 2e+01]
  Objective range  [1e+00, 1e+00]
  Bounds range     [2e+01, 2e+01]
  RHS range        [3e-03, 3e+02]

LP warm-start: use basis

Iteration    Objective       Primal Inf.    Dual Inf.      Time
       0    7.9496676e-01   1.464463e+02   0.000000e+00      0s
       2    9.2153718e-01   0.000000e+00   0.000000e+00      0s

Solved in 2 iterations and 0.00 seconds (0.00 work units)
Optimal objective  9.215371776e-01

User-callback calls 42, time in user-callback 0.00 sec
Set parameter TimeLimit to value 30
Gurobi Optimizer version 13.0.2 build v13.0.2rc1 (win64 - Windows 11+.0 (26200.2))

CPU model: 13th Gen Intel(R) Core(TM) i7-13620H, instruction set [SSE2|AVX|AVX2]
Thread count: 10 physical cores, 16 logical processors, using up to 1 threads

Non-default parameters:
TimeLimit  30
SoftMemLimit  12
FeasibilityTol  1e-07
IntFeasTol  1e-07
MIPGap  0
OptimalityTol  1e-07
Method  1
NodeMethod  1
DualReductions  0
InfUnbdInfo  1
LogToConsole  0
NumericFocus  1
Seed  20260929
Threads  1

Optimize a model with 84 rows, 13 columns and 203 nonzeros (Min)
Model has 1 linear objective coefficients
Coefficient statistics:
  Matrix range     [3e-05, 2e+01]
  Objective range  [1e+00, 1e+00]
  Bounds range     [2e+01, 2e+01]
  RHS range        [3e-03, 3e+02]

LP warm-start: use basis

Iteration    Objective       Primal Inf.    Dual Inf.      Time
       0    9.2153718e-01   0.000000e+00   0.000000e+00      0s

Solved in 0 iterations and 0.00 seconds (0.00 work units)
Optimal objective  9.215371776e-01

User-callback calls 38, time in user-callback 0.00 sec
Set parameter TimeLimit to value 30
Gurobi Optimizer version 13.0.2 build v13.0.2rc1 (win64 - Windows 11+.0 (26200.2))

CPU model: 13th Gen Intel(R) Core(TM) i7-13620H, instruction set [SSE2|AVX|AVX2]
Thread count: 10 physical cores, 16 logical processors, using up to 1 threads

Non-default parameters:
TimeLimit  30
SoftMemLimit  12
FeasibilityTol  1e-07
IntFeasTol  1e-07
MIPGap  0
OptimalityTol  1e-07
Method  1
NodeMethod  1
DualReductions  0
InfUnbdInfo  1
LogToConsole  0
NumericFocus  1
Seed  20260929
Threads  1

Optimize a model with 84 rows, 13 columns and 203 nonzeros (Min)
Model has 1 linear objective coefficients
Coefficient statistics:
  Matrix range     [3e-05, 2e+01]
  Objective range  [1e+00, 1e+00]
  Bounds range     [2e+01, 2e+01]
  RHS range        [3e-03, 3e+02]

LP warm-start: use basis

Iteration    Objective       Primal Inf.    Dual Inf.      Time
       0    7.6153718e-01   5.041620e+01   0.000000e+00      0s
      11    9.2153718e-01   0.000000e+00   0.000000e+00      0s

Solved in 11 iterations and 0.00 seconds (0.00 work units)
Optimal objective  9.215371776e-01

User-callback calls 51, time in user-callback 0.00 sec
Set parameter TimeLimit to value 30
Gurobi Optimizer version 13.0.2 build v13.0.2rc1 (win64 - Windows 11+.0 (26200.2))

CPU model: 13th Gen Intel(R) Core(TM) i7-13620H, instruction set [SSE2|AVX|AVX2]
Thread count: 10 physical cores, 16 logical processors, using up to 1 threads

Non-default parameters:
TimeLimit  30
SoftMemLimit  12
FeasibilityTol  1e-07
IntFeasTol  1e-07
MIPGap  0
OptimalityTol  1e-07
Method  1
NodeMethod  1
DualReductions  0
InfUnbdInfo  1
LogToConsole  0
NumericFocus  1
Seed  20260929
Threads  1

Optimize a model with 84 rows, 13 columns and 203 nonzeros (Min)
Model has 1 linear objective coefficients
Coefficient statistics:
  Matrix range     [3e-05, 2e+01]
  Objective range  [1e+00, 1e+00]
  Bounds range     [2e+01, 2e+01]
  RHS range        [3e-03, 3e+02]

LP warm-start: use basis

Iteration    Objective       Primal Inf.    Dual Inf.      Time
       0    9.2153718e-01   0.000000e+00   0.000000e+00      0s

Solved in 0 iterations and 0.00 seconds (0.00 work units)
Optimal objective  9.215371776e-01

User-callback calls 38, time in user-callback 0.00 sec
Set parameter TimeLimit to value 30
Gurobi Optimizer version 13.0.2 build v13.0.2rc1 (win64 - Windows 11+.0 (26200.2))

CPU model: 13th Gen Intel(R) Core(TM) i7-13620H, instruction set [SSE2|AVX|AVX2]
Thread count: 10 physical cores, 16 logical processors, using up to 1 threads

Non-default parameters:
TimeLimit  30
SoftMemLimit  12
FeasibilityTol  1e-07
IntFeasTol  1e-07
MIPGap  0
OptimalityTol  1e-07
Method  1
NodeMethod  1
DualReductions  0
InfUnbdInfo  1
LogToConsole  0
NumericFocus  1
Seed  20260929
Threads  1

Optimize a model with 84 rows, 13 columns and 203 nonzeros (Min)
Model has 1 linear objective coefficients
Coefficient statistics:
  Matrix range     [3e-05, 2e+01]
  Objective range  [1e+00, 1e+00]
  Bounds range     [2e+01, 2e+01]
  RHS range        [3e-03, 3e+02]

LP warm-start: use basis

Iteration    Objective       Primal Inf.    Dual Inf.      Time
       0    1.0806532e+00   7.071223e+01   0.000000e+00      0s

Solved in 2 iterations and 0.00 seconds (0.00 work units)
Infeasible model

User-callback calls 41, time in user-callback 0.00 sec
Set parameter TimeLimit to value 30
Gurobi Optimizer version 13.0.2 build v13.0.2rc1 (win64 - Windows 11+.0 (26200.2))

CPU model: 13th Gen Intel(R) Core(TM) i7-13620H, instruction set [SSE2|AVX|AVX2]
Thread count: 10 physical cores, 16 logical processors, using up to 1 threads

Non-default parameters:
TimeLimit  30
SoftMemLimit  12
FeasibilityTol  1e-07
IntFeasTol  1e-07
MIPGap  0
OptimalityTol  1e-07
Method  1
NodeMethod  1
DualReductions  0
InfUnbdInfo  1
LogToConsole  0
NumericFocus  1
Seed  20260929
Threads  1

Optimize a model with 84 rows, 13 columns and 203 nonzeros (Min)
Model has 1 linear objective coefficients
Coefficient statistics:
  Matrix range     [3e-05, 2e+01]
  Objective range  [1e+00, 1e+00]
  Bounds range     [2e+01, 2e+01]
  RHS range        [3e-03, 3e+02]

LP warm-start: use basis

Iteration    Objective       Primal Inf.    Dual Inf.      Time
       0    1.2095372e+00   1.738999e+02   0.000000e+00      0s

Solved in 0 iterations and 0.00 seconds (0.00 work units)
Infeasible model

User-callback calls 38, time in user-callback 0.00 sec
Set parameter TimeLimit to value 30
Gurobi Optimizer version 13.0.2 build v13.0.2rc1 (win64 - Windows 11+.0 (26200.2))

CPU model: 13th Gen Intel(R) Core(TM) i7-13620H, instruction set [SSE2|AVX|AVX2]
Thread count: 10 physical cores, 16 logical processors, using up to 1 threads

Non-default parameters:
TimeLimit  30
SoftMemLimit  12
FeasibilityTol  1e-07
IntFeasTol  1e-07
MIPGap  0
OptimalityTol  1e-07
Method  1
NodeMethod  1
DualReductions  0
InfUnbdInfo  1
LogToConsole  0
NumericFocus  1
Seed  20260929
Threads  1

Optimize a model with 84 rows, 13 columns and 203 nonzeros (Min)
Model has 1 linear objective coefficients
Coefficient statistics:
  Matrix range     [3e-05, 2e+01]
  Objective range  [1e+00, 1e+00]
  Bounds range     [2e+01, 2e+01]
  RHS range        [3e-03, 3e+02]

LP warm-start: use basis

Iteration    Objective       Primal Inf.    Dual Inf.      Time
       0    1.0799372e+00   1.128353e+02   0.000000e+00      0s

Solved in 2 iterations and 0.00 seconds (0.00 work units)
Infeasible model

User-callback calls 41, time in user-callback 0.00 sec
Set parameter TimeLimit to value 30
Gurobi Optimizer version 13.0.2 build v13.0.2rc1 (win64 - Windows 11+.0 (26200.2))

CPU model: 13th Gen Intel(R) Core(TM) i7-13620H, instruction set [SSE2|AVX|AVX2]
Thread count: 10 physical cores, 16 logical processors, using up to 1 threads

Non-default parameters:
TimeLimit  30
SoftMemLimit  12
FeasibilityTol  1e-07
IntFeasTol  1e-07
MIPGap  0
OptimalityTol  1e-07
Method  1
NodeMethod  1
DualReductions  0
InfUnbdInfo  1
LogToConsole  0
NumericFocus  1
Seed  20260929
Threads  1

Optimize a model with 84 rows, 13 columns and 203 nonzeros (Min)
Model has 1 linear objective coefficients
Coefficient statistics:
  Matrix range     [3e-05, 2e+01]
  Objective range  [1e+00, 1e+00]
  Bounds range     [2e+01, 2e+01]
  RHS range        [3e-03, 3e+02]

LP warm-start: use basis

Iteration    Objective       Primal Inf.    Dual Inf.      Time
       0    1.1170927e+00   6.093403e+01   0.000000e+00      0s

Solved in 3 iterations and 0.00 seconds (0.00 work units)
Infeasible model

User-callback calls 42, time in user-callback 0.00 sec
Set parameter TimeLimit to value 30
Gurobi Optimizer version 13.0.2 build v13.0.2rc1 (win64 - Windows 11+.0 (26200.2))

CPU model: 13th Gen Intel(R) Core(TM) i7-13620H, instruction set [SSE2|AVX|AVX2]
Thread count: 10 physical cores, 16 logical processors, using up to 1 threads

Non-default parameters:
TimeLimit  30
SoftMemLimit  12
FeasibilityTol  1e-07
IntFeasTol  1e-07
MIPGap  0
OptimalityTol  1e-07
Method  1
NodeMethod  1
DualReductions  0
InfUnbdInfo  1
LogToConsole  0
NumericFocus  1
Seed  20260929
Threads  1

Optimize a model with 84 rows, 13 columns and 203 nonzeros (Min)
Model has 1 linear objective coefficients
Coefficient statistics:
  Matrix range     [3e-05, 2e+01]
  Objective range  [1e+00, 1e+00]
  Bounds range     [2e+01, 2e+01]
  RHS range        [3e-03, 3e+02]

LP warm-start: use basis

Iteration    Objective       Primal Inf.    Dual Inf.      Time
       0    8.1458549e-01   1.626644e+02   0.000000e+00      0s

Solved in 3 iterations and 0.00 seconds (0.00 work units)
Infeasible model

User-callback calls 42, time in user-callback 0.00 sec
Set parameter TimeLimit to value 30
Gurobi Optimizer version 13.0.2 build v13.0.2rc1 (win64 - Windows 11+.0 (26200.2))

CPU model: 13th Gen Intel(R) Core(TM) i7-13620H, instruction set [SSE2|AVX|AVX2]
Thread count: 10 physical cores, 16 logical processors, using up to 1 threads

Non-default parameters:
TimeLimit  30
SoftMemLimit  12
FeasibilityTol  1e-07
IntFeasTol  1e-07
MIPGap  0
OptimalityTol  1e-07
Method  1
NodeMethod  1
DualReductions  0
InfUnbdInfo  1
LogToConsole  0
NumericFocus  1
Seed  20260929
Threads  1

Optimize a model with 84 rows, 13 columns and 203 nonzeros (Min)
Model has 1 linear objective coefficients
Coefficient statistics:
  Matrix range     [3e-05, 2e+01]
  Objective range  [1e+00, 1e+00]
  Bounds range     [2e+01, 2e+01]
  RHS range        [3e-03, 3e+02]

LP warm-start: use basis

Iteration    Objective       Primal Inf.    Dual Inf.      Time
       0    9.3042607e-01   1.193180e+02   0.000000e+00      0s

Solved in 1 iterations and 0.00 seconds (0.00 work units)
Infeasible model

User-callback calls 40, time in user-callback 0.00 sec
Set parameter TimeLimit to value 30
Gurobi Optimizer version 13.0.2 build v13.0.2rc1 (win64 - Windows 11+.0 (26200.2))

CPU model: 13th Gen Intel(R) Core(TM) i7-13620H, instruction set [SSE2|AVX|AVX2]
Thread count: 10 physical cores, 16 logical processors, using up to 1 threads

Non-default parameters:
TimeLimit  30
SoftMemLimit  12
FeasibilityTol  1e-07
IntFeasTol  1e-07
MIPGap  0
OptimalityTol  1e-07
Method  1
NodeMethod  1
DualReductions  0
InfUnbdInfo  1
LogToConsole  0
NumericFocus  1
Seed  20260929
Threads  1

Optimize a model with 84 rows, 13 columns and 203 nonzeros (Min)
Model has 1 linear objective coefficients
Coefficient statistics:
  Matrix range     [3e-05, 2e+01]
  Objective range  [1e+00, 1e+00]
  Bounds range     [2e+01, 2e+01]
  RHS range        [3e-03, 3e+02]

LP warm-start: use basis

Iteration    Objective       Primal Inf.    Dual Inf.      Time
       0    7.7042607e-01   4.773356e+01   0.000000e+00      0s

Solved in 6 iterations and 0.00 seconds (0.00 work units)
Infeasible model

User-callback calls 45, time in user-callback 0.00 sec
Set parameter TimeLimit to value 30
Gurobi Optimizer version 13.0.2 build v13.0.2rc1 (win64 - Windows 11+.0 (26200.2))

CPU model: 13th Gen Intel(R) Core(TM) i7-13620H, instruction set [SSE2|AVX|AVX2]
Thread count: 10 physical cores, 16 logical processors, using up to 1 threads

Non-default parameters:
TimeLimit  30
SoftMemLimit  12
FeasibilityTol  1e-07
IntFeasTol  1e-07
MIPGap  0
OptimalityTol  1e-07
Method  1
NodeMethod  1
DualReductions  0
InfUnbdInfo  1
LogToConsole  0
NumericFocus  1
Seed  20260929
Threads  1

Optimize a model with 84 rows, 13 columns and 203 nonzeros (Min)
Model has 1 linear objective coefficients
Coefficient statistics:
  Matrix range     [3e-05, 2e+01]
  Objective range  [1e+00, 1e+00]
  Bounds range     [2e+01, 2e+01]
  RHS range        [3e-03, 3e+02]

LP warm-start: use basis

Iteration    Objective       Primal Inf.    Dual Inf.      Time
       0    8.7749334e-01   1.140050e+02   0.000000e+00      0s

Solved in 5 iterations and 0.00 seconds (0.00 work units)
Infeasible model

User-callback calls 44, time in user-callback 0.00 sec
Set parameter TimeLimit to value 30
Gurobi Optimizer version 13.0.2 build v13.0.2rc1 (win64 - Windows 11+.0 (26200.2))

CPU model: 13th Gen Intel(R) Core(TM) i7-13620H, instruction set [SSE2|AVX|AVX2]
Thread count: 10 physical cores, 16 logical processors, using up to 1 threads

Non-default parameters:
TimeLimit  30
SoftMemLimit  12
FeasibilityTol  1e-07
IntFeasTol  1e-07
MIPGap  0
OptimalityTol  1e-07
Method  1
NodeMethod  1
DualReductions  0
InfUnbdInfo  1
LogToConsole  0
NumericFocus  1
Seed  20260929
Threads  1

Optimize a model with 84 rows, 13 columns and 203 nonzeros (Min)
Model has 1 linear objective coefficients
Coefficient statistics:
  Matrix range     [3e-05, 2e+01]
  Objective range  [1e+00, 1e+00]
  Bounds range     [2e+01, 2e+01]
  RHS range        [3e-03, 3e+02]

LP warm-start: use basis

Iteration    Objective       Primal Inf.    Dual Inf.      Time
       0    1.1037594e+00   1.005965e+02   0.000000e+00      0s

Solved in 1 iterations and 0.00 seconds (0.00 work units)
Infeasible model

User-callback calls 40, time in user-callback 0.00 sec
Set parameter TimeLimit to value 30
Gurobi Optimizer version 13.0.2 build v13.0.2rc1 (win64 - Windows 11+.0 (26200.2))

CPU model: 13th Gen Intel(R) Core(TM) i7-13620H, instruction set [SSE2|AVX|AVX2]
Thread count: 10 physical cores, 16 logical processors, using up to 1 threads

Non-default parameters:
TimeLimit  30
SoftMemLimit  12
FeasibilityTol  1e-07
IntFeasTol  1e-07
MIPGap  0
OptimalityTol  1e-07
Method  1
NodeMethod  1
DualReductions  0
InfUnbdInfo  1
LogToConsole  0
NumericFocus  1
Seed  20260929
Threads  1

Optimize a model with 84 rows, 13 columns and 203 nonzeros (Min)
Model has 1 linear objective coefficients
Coefficient statistics:
  Matrix range     [3e-05, 2e+01]
  Objective range  [1e+00, 1e+00]
  Bounds range     [2e+01, 2e+01]
  RHS range        [3e-03, 3e+02]

LP warm-start: use basis

Iteration    Objective       Primal Inf.    Dual Inf.      Time
       0    1.2859816e+00   1.765747e+02   0.000000e+00      0s

Solved in 1 iterations and 0.00 seconds (0.00 work units)
Infeasible model

User-callback calls 40, time in user-callback 0.00 sec
Set parameter TimeLimit to value 30
Gurobi Optimizer version 13.0.2 build v13.0.2rc1 (win64 - Windows 11+.0 (26200.2))

CPU model: 13th Gen Intel(R) Core(TM) i7-13620H, instruction set [SSE2|AVX|AVX2]
Thread count: 10 physical cores, 16 logical processors, using up to 1 threads

Non-default parameters:
TimeLimit  30
SoftMemLimit  12
FeasibilityTol  1e-07
IntFeasTol  1e-07
MIPGap  0
OptimalityTol  1e-07
Method  1
NodeMethod  1
DualReductions  0
InfUnbdInfo  1
LogToConsole  0
NumericFocus  1
Seed  20260929
Threads  1

Optimize a model with 84 rows, 13 columns and 203 nonzeros (Min)
Model has 1 linear objective coefficients
Coefficient statistics:
  Matrix range     [3e-05, 2e+01]
  Objective range  [1e+00, 1e+00]
  Bounds range     [2e+01, 2e+01]
  RHS range        [3e-03, 3e+02]

LP warm-start: use basis

Iteration    Objective       Primal Inf.    Dual Inf.      Time
       0    1.2461975e+00   6.281820e+01   0.000000e+00      0s

Solved in 0 iterations and 0.00 seconds (0.00 work units)
Infeasible model

User-callback calls 38, time in user-callback 0.00 sec
Set parameter TimeLimit to value 30
Gurobi Optimizer version 13.0.2 build v13.0.2rc1 (win64 - Windows 11+.0 (26200.2))

CPU model: 13th Gen Intel(R) Core(TM) i7-13620H, instruction set [SSE2|AVX|AVX2]
Thread count: 10 physical cores, 16 logical processors, using up to 1 threads

Non-default parameters:
TimeLimit  30
SoftMemLimit  12
FeasibilityTol  1e-07
IntFeasTol  1e-07
MIPGap  0
OptimalityTol  1e-07
Method  1
NodeMethod  1
DualReductions  0
InfUnbdInfo  1
LogToConsole  0
NumericFocus  1
Seed  20260929
Threads  1

Optimize a model with 84 rows, 13 columns and 203 nonzeros (Min)
Model has 1 linear objective coefficients
Coefficient statistics:
  Matrix range     [3e-05, 2e+01]
  Objective range  [1e+00, 1e+00]
  Bounds range     [2e+01, 2e+01]
  RHS range        [3e-03, 3e+02]

LP warm-start: use basis

Iteration    Objective       Primal Inf.    Dual Inf.      Time
       0    1.2461975e+00   4.681820e+01   0.000000e+00      0s

Solved in 1 iterations and 0.00 seconds (0.00 work units)
Infeasible model

User-callback calls 40, time in user-callback 0.00 sec
Set parameter TimeLimit to value 30
Gurobi Optimizer version 13.0.2 build v13.0.2rc1 (win64 - Windows 11+.0 (26200.2))

CPU model: 13th Gen Intel(R) Core(TM) i7-13620H, instruction set [SSE2|AVX|AVX2]
Thread count: 10 physical cores, 16 logical processors, using up to 1 threads

Non-default parameters:
TimeLimit  30
SoftMemLimit  12
FeasibilityTol  1e-07
IntFeasTol  1e-07
MIPGap  0
OptimalityTol  1e-07
Method  1
NodeMethod  1
DualReductions  0
InfUnbdInfo  1
LogToConsole  0
NumericFocus  1
Seed  20260929
Threads  1

Optimize a model with 84 rows, 13 columns and 203 nonzeros (Min)
Model has 1 linear objective coefficients
Coefficient statistics:
  Matrix range     [3e-05, 2e+01]
  Objective range  [1e+00, 1e+00]
  Bounds range     [2e+01, 2e+01]
  RHS range        [3e-03, 3e+02]

LP warm-start: use basis

Iteration    Objective       Primal Inf.    Dual Inf.      Time
       0    5.2707793e-01   4.920246e+02   0.000000e+00      0s

Solved in 6 iterations and 0.00 seconds (0.00 work units)
Infeasible model

User-callback calls 45, time in user-callback 0.00 sec
Set parameter TimeLimit to value 30
Gurobi Optimizer version 13.0.2 build v13.0.2rc1 (win64 - Windows 11+.0 (26200.2))

CPU model: 13th Gen Intel(R) Core(TM) i7-13620H, instruction set [SSE2|AVX|AVX2]
Thread count: 10 physical cores, 16 logical processors, using up to 1 threads

Non-default parameters:
TimeLimit  30
SoftMemLimit  12
FeasibilityTol  1e-07
IntFeasTol  1e-07
MIPGap  0
OptimalityTol  1e-07
Method  1
NodeMethod  1
DualReductions  0
InfUnbdInfo  1
LogToConsole  0
NumericFocus  1
Seed  20260929
Threads  1

Optimize a model with 84 rows, 13 columns and 203 nonzeros (Min)
Model has 1 linear objective coefficients
Coefficient statistics:
  Matrix range     [3e-05, 2e+01]
  Objective range  [1e+00, 1e+00]
  Bounds range     [2e+01, 2e+01]
  RHS range        [3e-03, 3e+02]

LP warm-start: use basis

Iteration    Objective       Primal Inf.    Dual Inf.      Time
       0    8.4307436e-01   8.284628e-01   0.000000e+00      0s

Solved in 0 iterations and 0.00 seconds (0.00 work units)
Infeasible model

User-callback calls 38, time in user-callback 0.00 sec
Set parameter TimeLimit to value 30
Gurobi Optimizer version 13.0.2 build v13.0.2rc1 (win64 - Windows 11+.0 (26200.2))

CPU model: 13th Gen Intel(R) Core(TM) i7-13620H, instruction set [SSE2|AVX|AVX2]
Thread count: 10 physical cores, 16 logical processors, using up to 1 threads

Non-default parameters:
TimeLimit  30
SoftMemLimit  12
FeasibilityTol  1e-07
IntFeasTol  1e-07
MIPGap  0
OptimalityTol  1e-07
Method  1
NodeMethod  1
DualReductions  0
InfUnbdInfo  1
LogToConsole  0
NumericFocus  1
Seed  20260929
Threads  1

Optimize a model with 84 rows, 13 columns and 203 nonzeros (Min)
Model has 1 linear objective coefficients
Coefficient statistics:
  Matrix range     [3e-05, 2e+01]
  Objective range  [1e+00, 1e+00]
  Bounds range     [2e+01, 2e+01]
  RHS range        [3e-03, 3e+02]

LP warm-start: use basis

Iteration    Objective       Primal Inf.    Dual Inf.      Time
       0    6.8307436e-01   5.124466e+01   0.000000e+00      0s

Solved in 6 iterations and 0.00 seconds (0.00 work units)
Infeasible model

User-callback calls 45, time in user-callback 0.00 sec
Set parameter TimeLimit to value 30
Gurobi Optimizer version 13.0.2 build v13.0.2rc1 (win64 - Windows 11+.0 (26200.2))

CPU model: 13th Gen Intel(R) Core(TM) i7-13620H, instruction set [SSE2|AVX|AVX2]
Thread count: 10 physical cores, 16 logical processors, using up to 1 threads

Non-default parameters:
TimeLimit  30
SoftMemLimit  12
FeasibilityTol  1e-07
IntFeasTol  1e-07
MIPGap  0
OptimalityTol  1e-07
Method  1
NodeMethod  1
DualReductions  0
InfUnbdInfo  1
LogToConsole  0
NumericFocus  1
Seed  20260929
Threads  1

Optimize a model with 84 rows, 13 columns and 203 nonzeros (Min)
Model has 1 linear objective coefficients
Coefficient statistics:
  Matrix range     [3e-05, 2e+01]
  Objective range  [1e+00, 1e+00]
  Bounds range     [2e+01, 2e+01]
  RHS range        [3e-03, 3e+02]

LP warm-start: use basis

Iteration    Objective       Primal Inf.    Dual Inf.      Time
       0    7.2738594e-01   1.483142e+01   0.000000e+00      0s

Solved in 6 iterations and 0.00 seconds (0.00 work units)
Infeasible model

User-callback calls 45, time in user-callback 0.00 sec
Set parameter TimeLimit to value 30
Gurobi Optimizer version 13.0.2 build v13.0.2rc1 (win64 - Windows 11+.0 (26200.2))

CPU model: 13th Gen Intel(R) Core(TM) i7-13620H, instruction set [SSE2|AVX|AVX2]
Thread count: 10 physical cores, 16 logical processors, using up to 1 threads

Non-default parameters:
TimeLimit  30
SoftMemLimit  12
FeasibilityTol  1e-07
IntFeasTol  1e-07
MIPGap  0
OptimalityTol  1e-07
Method  1
NodeMethod  1
DualReductions  0
InfUnbdInfo  1
LogToConsole  0
NumericFocus  1
Seed  20260929
Threads  1

Optimize a model with 84 rows, 13 columns and 203 nonzeros (Min)
Model has 1 linear objective coefficients
Coefficient statistics:
  Matrix range     [3e-05, 2e+01]
  Objective range  [1e+00, 1e+00]
  Bounds range     [2e+01, 2e+01]
  RHS range        [3e-03, 3e+02]

LP warm-start: use basis

Iteration    Objective       Primal Inf.    Dual Inf.      Time
       0    5.2307436e-01   5.175611e+02   0.000000e+00      0s

Solved in 4 iterations and 0.00 seconds (0.00 work units)
Infeasible model

User-callback calls 43, time in user-callback 0.00 sec
Set parameter TimeLimit to value 30
Gurobi Optimizer version 13.0.2 build v13.0.2rc1 (win64 - Windows 11+.0 (26200.2))

CPU model: 13th Gen Intel(R) Core(TM) i7-13620H, instruction set [SSE2|AVX|AVX2]
Thread count: 10 physical cores, 16 logical processors, using up to 1 threads

Non-default parameters:
TimeLimit  30
SoftMemLimit  12
FeasibilityTol  1e-07
IntFeasTol  1e-07
MIPGap  0
OptimalityTol  1e-07
Method  1
NodeMethod  1
DualReductions  0
InfUnbdInfo  1
LogToConsole  0
NumericFocus  1
Seed  20260929
Threads  1

Optimize a model with 84 rows, 13 columns and 203 nonzeros (Min)
Model has 1 linear objective coefficients
Coefficient statistics:
  Matrix range     [3e-05, 2e+01]
  Objective range  [1e+00, 1e+00]
  Bounds range     [2e+01, 2e+01]
  RHS range        [3e-03, 3e+02]

LP warm-start: use basis

Iteration    Objective       Primal Inf.    Dual Inf.      Time
       0    1.2261097e+00   3.359804e+01   0.000000e+00      0s

Solved in 0 iterations and 0.00 seconds (0.00 work units)
Infeasible model

User-callback calls 38, time in user-callback 0.00 sec
Set parameter TimeLimit to value 30
Gurobi Optimizer version 13.0.2 build v13.0.2rc1 (win64 - Windows 11+.0 (26200.2))

CPU model: 13th Gen Intel(R) Core(TM) i7-13620H, instruction set [SSE2|AVX|AVX2]
Thread count: 10 physical cores, 16 logical processors, using up to 1 threads

Non-default parameters:
TimeLimit  30
SoftMemLimit  12
FeasibilityTol  1e-07
IntFeasTol  1e-07
MIPGap  0
OptimalityTol  1e-07
Method  1
NodeMethod  1
DualReductions  0
InfUnbdInfo  1
LogToConsole  0
NumericFocus  1
Seed  20260929
Threads  1

Optimize a model with 84 rows, 13 columns and 203 nonzeros (Min)
Model has 1 linear objective coefficients
Coefficient statistics:
  Matrix range     [3e-05, 2e+01]
  Objective range  [1e+00, 1e+00]
  Bounds range     [2e+01, 2e+01]
  RHS range        [3e-03, 3e+02]

LP warm-start: use basis

Iteration    Objective       Primal Inf.    Dual Inf.      Time
       0    1.0661097e+00   3.361346e+01   0.000000e+00      0s

Solved in 0 iterations and 0.00 seconds (0.00 work units)
Infeasible model

User-callback calls 38, time in user-callback 0.00 sec
Set parameter TimeLimit to value 30
Gurobi Optimizer version 13.0.2 build v13.0.2rc1 (win64 - Windows 11+.0 (26200.2))

CPU model: 13th Gen Intel(R) Core(TM) i7-13620H, instruction set [SSE2|AVX|AVX2]
Thread count: 10 physical cores, 16 logical processors, using up to 1 threads

Non-default parameters:
TimeLimit  30
SoftMemLimit  12
FeasibilityTol  1e-07
IntFeasTol  1e-07
MIPGap  0
OptimalityTol  1e-07
Method  1
NodeMethod  1
DualReductions  0
InfUnbdInfo  1
LogToConsole  0
NumericFocus  1
Seed  20260929
Threads  1

Optimize a model with 84 rows, 13 columns and 203 nonzeros (Min)
Model has 1 linear objective coefficients
Coefficient statistics:
  Matrix range     [3e-05, 2e+01]
  Objective range  [1e+00, 1e+00]
  Bounds range     [2e+01, 2e+01]
  RHS range        [3e-03, 3e+02]

LP warm-start: use basis

Iteration    Objective       Primal Inf.    Dual Inf.      Time
       0    9.4006862e-01   1.404608e+02   0.000000e+00      0s

Solved in 7 iterations and 0.00 seconds (0.00 work units)
Infeasible model

User-callback calls 46, time in user-callback 0.00 sec
Set parameter TimeLimit to value 30
Gurobi Optimizer version 13.0.2 build v13.0.2rc1 (win64 - Windows 11+.0 (26200.2))

CPU model: 13th Gen Intel(R) Core(TM) i7-13620H, instruction set [SSE2|AVX|AVX2]
Thread count: 10 physical cores, 16 logical processors, using up to 1 threads

Non-default parameters:
TimeLimit  30
SoftMemLimit  12
FeasibilityTol  1e-07
IntFeasTol  1e-07
MIPGap  0
OptimalityTol  1e-07
Method  1
NodeMethod  1
DualReductions  0
InfUnbdInfo  1
LogToConsole  0
NumericFocus  1
Seed  20260929
Threads  1

Optimize a model with 84 rows, 13 columns and 203 nonzeros (Min)
Model has 1 linear objective coefficients
Coefficient statistics:
  Matrix range     [3e-05, 2e+01]
  Objective range  [1e+00, 1e+00]
  Bounds range     [2e+01, 2e+01]
  RHS range        [3e-03, 3e+02]

LP warm-start: use basis

Iteration    Objective       Primal Inf.    Dual Inf.      Time
       0    7.9140696e-01   2.741993e+02   0.000000e+00      0s

Solved in 6 iterations and 0.00 seconds (0.00 work units)
Infeasible model

User-callback calls 45, time in user-callback 0.00 sec
Set parameter TimeLimit to value 30
Gurobi Optimizer version 13.0.2 build v13.0.2rc1 (win64 - Windows 11+.0 (26200.2))

CPU model: 13th Gen Intel(R) Core(TM) i7-13620H, instruction set [SSE2|AVX|AVX2]
Thread count: 10 physical cores, 16 logical processors, using up to 1 threads

Non-default parameters:
TimeLimit  30
SoftMemLimit  12
FeasibilityTol  1e-07
IntFeasTol  1e-07
MIPGap  0
OptimalityTol  1e-07
Method  1
NodeMethod  1
DualReductions  0
InfUnbdInfo  1
LogToConsole  0
NumericFocus  1
Seed  20260929
Threads  1

Optimize a model with 84 rows, 13 columns and 203 nonzeros (Min)
Model has 1 linear objective coefficients
Coefficient statistics:
  Matrix range     [3e-05, 2e+01]
  Objective range  [1e+00, 1e+00]
  Bounds range     [2e+01, 2e+01]
  RHS range        [3e-03, 3e+02]

LP warm-start: use basis

Iteration    Objective       Primal Inf.    Dual Inf.      Time
       0    8.5196324e-01   4.774202e+01   0.000000e+00      0s

Solved in 1 iterations and 0.00 seconds (0.00 work units)
Infeasible model

User-callback calls 40, time in user-callback 0.00 sec
Set parameter TimeLimit to value 30
Gurobi Optimizer version 13.0.2 build v13.0.2rc1 (win64 - Windows 11+.0 (26200.2))

CPU model: 13th Gen Intel(R) Core(TM) i7-13620H, instruction set [SSE2|AVX|AVX2]
Thread count: 10 physical cores, 16 logical processors, using up to 1 threads

Non-default parameters:
TimeLimit  30
SoftMemLimit  12
FeasibilityTol  1e-07
IntFeasTol  1e-07
MIPGap  0
OptimalityTol  1e-07
Method  1
NodeMethod  1
DualReductions  0
InfUnbdInfo  1
LogToConsole  0
NumericFocus  1
Seed  20260929
Threads  1

Optimize a model with 84 rows, 13 columns and 203 nonzeros (Min)
Model has 1 linear objective coefficients
Coefficient statistics:
  Matrix range     [3e-05, 2e+01]
  Objective range  [1e+00, 1e+00]
  Bounds range     [2e+01, 2e+01]
  RHS range        [3e-03, 3e+02]

LP warm-start: use basis

Iteration    Objective       Primal Inf.    Dual Inf.      Time
       0    6.9196324e-01   5.265027e+01   0.000000e+00      0s

Solved in 6 iterations and 0.00 seconds (0.00 work units)
Infeasible model

User-callback calls 45, time in user-callback 0.00 sec
Set parameter TimeLimit to value 30
Gurobi Optimizer version 13.0.2 build v13.0.2rc1 (win64 - Windows 11+.0 (26200.2))

CPU model: 13th Gen Intel(R) Core(TM) i7-13620H, instruction set [SSE2|AVX|AVX2]
Thread count: 10 physical cores, 16 logical processors, using up to 1 threads

Non-default parameters:
TimeLimit  30
SoftMemLimit  12
FeasibilityTol  1e-07
IntFeasTol  1e-07
MIPGap  0
OptimalityTol  1e-07
Method  1
NodeMethod  1
DualReductions  0
InfUnbdInfo  1
LogToConsole  0
NumericFocus  1
Seed  20260929
Threads  1

Optimize a model with 84 rows, 13 columns and 203 nonzeros (Min)
Model has 1 linear objective coefficients
Coefficient statistics:
  Matrix range     [3e-05, 2e+01]
  Objective range  [1e+00, 1e+00]
  Bounds range     [2e+01, 2e+01]
  RHS range        [3e-03, 3e+02]

LP warm-start: use basis

Iteration    Objective       Primal Inf.    Dual Inf.      Time
       0    7.3309478e-01   1.361998e+01   0.000000e+00      0s

Solved in 7 iterations and 0.00 seconds (0.00 work units)
Infeasible model

User-callback calls 46, time in user-callback 0.00 sec
Set parameter TimeLimit to value 30
Gurobi Optimizer version 13.0.2 build v13.0.2rc1 (win64 - Windows 11+.0 (26200.2))

CPU model: 13th Gen Intel(R) Core(TM) i7-13620H, instruction set [SSE2|AVX|AVX2]
Thread count: 10 physical cores, 16 logical processors, using up to 1 threads

Non-default parameters:
TimeLimit  30
SoftMemLimit  12
FeasibilityTol  1e-07
IntFeasTol  1e-07
MIPGap  0
OptimalityTol  1e-07
Method  1
NodeMethod  1
DualReductions  0
InfUnbdInfo  1
LogToConsole  0
NumericFocus  1
Seed  20260929
Threads  1

Optimize a model with 84 rows, 13 columns and 203 nonzeros (Min)
Model has 1 linear objective coefficients
Coefficient statistics:
  Matrix range     [3e-05, 2e+01]
  Objective range  [1e+00, 1e+00]
  Bounds range     [2e+01, 2e+01]
  RHS range        [3e-03, 3e+02]

LP warm-start: use basis

Iteration    Objective       Primal Inf.    Dual Inf.      Time
       0    5.2307436e-01   5.252466e+02   0.000000e+00      0s

Solved in 4 iterations and 0.00 seconds (0.00 work units)
Infeasible model

User-callback calls 43, time in user-callback 0.00 sec
Set parameter TimeLimit to value 30
Gurobi Optimizer version 13.0.2 build v13.0.2rc1 (win64 - Windows 11+.0 (26200.2))

CPU model: 13th Gen Intel(R) Core(TM) i7-13620H, instruction set [SSE2|AVX|AVX2]
Thread count: 10 physical cores, 16 logical processors, using up to 1 threads

Non-default parameters:
TimeLimit  30
SoftMemLimit  12
FeasibilityTol  1e-07
IntFeasTol  1e-07
MIPGap  0
OptimalityTol  1e-07
Method  1
NodeMethod  1
DualReductions  0
InfUnbdInfo  1
LogToConsole  0
NumericFocus  1
Seed  20260929
Threads  1

Optimize a model with 84 rows, 13 columns and 203 nonzeros (Min)
Model has 1 linear objective coefficients
Coefficient statistics:
  Matrix range     [3e-05, 2e+01]
  Objective range  [1e+00, 1e+00]
  Bounds range     [2e+01, 2e+01]
  RHS range        [3e-03, 3e+02]

LP warm-start: use basis

Iteration    Objective       Primal Inf.    Dual Inf.      Time
       0    1.2420008e+00   3.535054e+01   0.000000e+00      0s

Solved in 0 iterations and 0.00 seconds (0.00 work units)
Infeasible model

User-callback calls 38, time in user-callback 0.00 sec
Set parameter TimeLimit to value 30
Gurobi Optimizer version 13.0.2 build v13.0.2rc1 (win64 - Windows 11+.0 (26200.2))

CPU model: 13th Gen Intel(R) Core(TM) i7-13620H, instruction set [SSE2|AVX|AVX2]
Thread count: 10 physical cores, 16 logical processors, using up to 1 threads

Non-default parameters:
TimeLimit  30
SoftMemLimit  12
FeasibilityTol  1e-07
IntFeasTol  1e-07
MIPGap  0
OptimalityTol  1e-07
Method  1
NodeMethod  1
DualReductions  0
InfUnbdInfo  1
LogToConsole  0
NumericFocus  1
Seed  20260929
Threads  1

Optimize a model with 84 rows, 13 columns and 203 nonzeros (Min)
Model has 1 linear objective coefficients
Coefficient statistics:
  Matrix range     [3e-05, 2e+01]
  Objective range  [1e+00, 1e+00]
  Bounds range     [2e+01, 2e+01]
  RHS range        [3e-03, 3e+02]

LP warm-start: use basis

Iteration    Objective       Primal Inf.    Dual Inf.      Time
       0    1.0820008e+00   3.535054e+01   0.000000e+00      0s

Solved in 0 iterations and 0.00 seconds (0.00 work units)
Infeasible model

User-callback calls 38, time in user-callback 0.00 sec
Set parameter TimeLimit to value 30
Gurobi Optimizer version 13.0.2 build v13.0.2rc1 (win64 - Windows 11+.0 (26200.2))

CPU model: 13th Gen Intel(R) Core(TM) i7-13620H, instruction set [SSE2|AVX|AVX2]
Thread count: 10 physical cores, 16 logical processors, using up to 1 threads

Non-default parameters:
TimeLimit  30
SoftMemLimit  12
FeasibilityTol  1e-07
IntFeasTol  1e-07
MIPGap  0
OptimalityTol  1e-07
Method  1
NodeMethod  1
DualReductions  0
InfUnbdInfo  1
LogToConsole  0
NumericFocus  1
Seed  20260929
Threads  1

Optimize a model with 84 rows, 13 columns and 203 nonzeros (Min)
Model has 1 linear objective coefficients
Coefficient statistics:
  Matrix range     [3e-05, 2e+01]
  Objective range  [1e+00, 1e+00]
  Bounds range     [2e+01, 2e+01]
  RHS range        [3e-03, 3e+02]

LP warm-start: use basis

Iteration    Objective       Primal Inf.    Dual Inf.      Time
       0    9.5595979e-01   1.305926e+02   0.000000e+00      0s

Solved in 7 iterations and 0.00 seconds (0.00 work units)
Infeasible model

User-callback calls 46, time in user-callback 0.00 sec
