node,minimum_96slot_pu,maximum_96slot_pu
sourcebus.1,1.0499999519541672,1.0499999864588303
sourcebus.2,1.0499999474486235,1.0499999770832904
sourcebus.3,1.0499999684866774,1.0499999969930776
_hvmv_sub_lsb.1,1.0501496299929052,1.0532885452979313
_hvmv_sub_lsb.2,1.0499189253185846,1.0529017540533168
_hvmv_sub_lsb.3,1.0560974614147673,1.0584852068337058
hvmv_sub_48332.1,1.0501495721671996,1.0532885159205578
hvmv_sub_48332.2,1.049918867647248,1.0529017230378324
hvmv_sub_48332.3,1.0560973967161176,1.0584851629446534
m1009763.2,1.0089599562511933,1.017301329160688
m1009763.1,0.9990882924335154,1.0112790145610098
m1009763.3,1.0209730239608596,1.0275218125433476
l2673322.2,1.0089468647772077,1.0172883442620209
m1069148.3,1.0379149291839511,1.0432658539097897
l2673309.3,1.0378829854750935,1.0432340757703917
m1069588.2,1.0224645022624501,1.029811114204329
l2804270.2,1.0224605520578807,1.0298071921037144
m3036164.2,0.9963238448550185,1.0046640348022378
l2935553.2,0.9961602058136849,1.004501767818031
m1209749.2,1.0357822634829987,1.0407248960635038
l2748840.2,1.0357578242424064,1.04070057195096
m1108264.2,1.0383854875345875,1.0464111949886
m1108263.2,1.03834040598815,1.0463664597075368
l3085398.1,1.0047663392742914,1.0173429554925655
l3085398.2,1.014770995460513,1.0230576548022732
l3085398.3,1.0230991059440722,1.0296378681534892
m1026891.1,1.0043555902755141,1.0168980533098309
m1026891.2,1.0139894086954415,1.0222830129562614
m1026891.3,1.0228968396735822,1.029436563976811
l3216367.1,1.0129057589502568,1.0256896437034548
l3216367.2,1.0113391761938126,1.019545387073367
l3216367.3,1.0166574236354666,1.0231177802639433
m1069468.1,1.0128300300151074,1.0256151651387562
m1069468.2,1.0110934342116746,1.0193019525214877
m1069468.3,1.016570434112892,1.0230312029965134
m1142800.2,1.0186712642907363,1.026350019836109
m1142799.2,1.01865217835584,1.0263310794361191
m1047592.3,1.0275461156437202,1.0340703661203947
m1047592.1,1.0185422997393228,1.0313586194394133
m1047592.2,1.0245211225653277,1.032642922788866
p827512.3,1.027544468289898,1.0340687292317763
m1047339.1,1.0127551179702738,1.0267222721972475
m1047339.2,1.0174461676821522,1.0257293155313023
m1047339.3,1.0391758205881725,1.0445800397537888
p895104.1,1.0127503667074205,1.0267175852997756
m1026915.1,1.0046134626773113,1.0172181622151348
m1026915.2,1.0150748797750084,1.0233591849468109
m1026915.3,1.0230349343987333,1.0295741167984231
m1026920.1,1.0043817020168195,1.0169895636383461
m1026920.2,1.0149641309470314,1.0232496138366878
m1026920.3,1.0229242847892088,1.0294640623349174
n1138596.1,1.0107636937957918,1.023584061901959
l3254207.1,1.01070710050642,1.0235281755989034
m1069464.2,1.0106520353284414,1.018864658277903
m1069464.1,1.0127105129125018,1.0254976808721479
m1069464.3,1.0164189071648904,1.0228803989502095
p873787.2,1.010649466632573,1.0188621101957616
n1144665.1,1.0214392489129773,1.0343005255685536
n1144665.2,1.0261129738502242,1.0341757501681699
n1144665.3,1.0267953697281367,1.0332999779808272
m1047515.1,1.02082495126863,1.0336851625770376
m1047515.2,1.0256537092945424,1.0337210529484322
m1047515.3,1.0262500965337862,1.032753177186614
n1137002.1,1.0176092796777019,1.0305026962014756
m1047707.1,1.0175746921373534,1.0304685391740722
l2729406.3,1.0130615405005243,1.018105474126902
l2897768.3,1.0130021233235678,1.0180463552872907
l3649301.1,1.0149350598389035,1.0277290341389511
l3649302.1,1.0148922676804342,1.0276867778762846
l2970842.2,1.040857108251351,1.0488636860690201
m1089113.2,1.0407010004784827,1.048708783124734
m1047312.1,1.0089870520159998,1.0230020170853196
m1047312.2,1.0135155089570955,1.0218309676152824
m1047312.3,1.0381540547012567,1.043568773447197
p893163.1,1.0089790228874445,1.022994097428334
l2822871.1,1.0085542715569311,1.0212360918304098
l2822871.2,1.0192040335768862,1.0274453205523282
l2822871.3,1.0244472606303647,1.030981742849006
m1026872.1,1.0082404804615852,1.0209154115053132
m1026872.2,1.0188743739828072,1.0271191553153725
m1026872.3,1.0243263326271224,1.0308612235218642
m1026312.2,0.996821203277392,1.0052768714799265
l2973163.2,0.9965242784112273,1.0049824793667785
l3728038.1,1.013672017083296,1.0265017320625933
l3728039.1,1.0136124205047992,1.0264428811391708
m1069567.2,1.0238827334656921,1.0312191397355521
m1069582.2,1.022884537126247,1.0302281246027984
n1140830.1,0.997865822551122,1.0109851172654871
l3216351.1,0.9978559646990848,1.0109753876351055
l2952007.3,1.0339652160471247,1.036965695466463
l2861158.3,1.0339276828948774,1.0369282702900273
n1140827.1,0.998458322242293,1.0115684744836344
n1140827.2,1.020220299251296,1.0283590479309872
n1140827.3,1.010979379577565,1.0175392718813325
m1026726.1,0.9984497826475349,1.0115600530397484
m1026726.2,1.0202060868246703,1.028344959478079
m1026726.3,1.0109717771193663,1.0175317126724295
l2730106.1,0.9741470211785945,0.9852137173304338
l2730106.2,1.0031212869632518,1.012143038362827
l2730106.3,1.0331666348000847,1.0389361080055028
n1142099.1,0.9738713905433745,0.9849578568526803
n1142099.2,1.0029875079820538,1.0120227666885262
n1142099.3,1.0331563601835356,1.0389321181003803
m1026658.1,0.9976719476167272,1.0107962879510222
m1026658.2,1.0204069326929845,1.0285458655169688
m1026658.3,1.0093542174156886,1.0159244288902645
l3172805.1,0.9976515511125154,1.0107761566863775
p895112.1,1.0062133338842845,1.0147213499519694
l3048962.1,1.0062059688727838,1.0147140469571836
l2991914.1,1.0153599450098383,1.0282323745249908
l2991914.2,1.022434593230885,1.030535260944972
l2991914.3,1.0217321245321334,1.0282300757989045
m1047503.1,1.0149306959061997,1.0278091579506292
m1047503.2,1.0223837759610934,1.0304853593070034
m1047503.3,1.021455361337925,1.0279549009503481
m1047751.1,1.0127245562632199,1.0256625864494044
l2973154.1,1.012719630428528,1.0256577223520809
l3010565.3,1.0375672069965736,1.0429199498537183
l2897775.3,1.037537747845537,1.0428906404979783
m1125955.3,1.0338845503206326,1.0390930267113823
m1125957.3,1.0338821889550223,1.039090677094837
m1069640.2,1.0198797220715576,1.027244977315266
l2804269.2,1.0197982191129735,1.0271640560593887
m1026702.1,1.0011224699299013,1.0141943324805143
m1026702.2,1.020639174066971,1.0287712843549768
m1026702.3,1.013086220370561,1.019633619969536
n1139551.1,0.9998598727288777,1.0129493850735456
n1139551.2,1.0205754911948777,1.0287095867751461
n1139551.3,1.0123588768975842,1.0189104528518764
n1136355.2,1.0283415809864314,1.0356459590323426
l2783231.2,1.0275380353320271,1.0348481816130672
l2748143.1,1.013792044768529,1.0287033939402865
l3251854.1,1.0137794159588127,1.0286909482501683
m1069610.2,1.0210890781870552,1.0284456029000444
m1069600.2,1.0210766160013431,1.0284332299992154
m1069424.1,1.0117885291350681,1.0245913679924952
m1069424.2,1.007284433477566,1.0155284401973816
m1069424.3,1.0152500953761017,1.0217171741776483
l2935549.1,1.0116635116501407,1.0244684016891525
l2935549.2,1.0068242421535794,1.015072521944088
l2935549.3,1.0151115183128572,1.0215792319097854
p895089.3,1.0440368809257181,1.0505447698025752
l3235242.3,1.0440117086671385,1.0505197525860932
m1026795.3,1.0188102399307353,1.0253249045282624
m1026795.1,1.0107878230354717,1.0237247651536039
m1026795.2,1.0219165596487934,1.0300271530429441
n1140522.3,1.0188067677830965,1.025321454384277
l3030199.1,1.011220546238912,1.0196631130136602
l3030199.2,1.0196493360154133,1.0267465597341168
l3030199.3,1.0328045466763136,1.0376589932875517
m1125934.1,1.0112331291628909,1.0196820249920877
m1125934.2,1.0195568166293416,1.0266593471538226
m1125934.3,1.0327375346659766,1.037595405165327
m1069189.3,1.0396931083857865,1.0450391537428434
m1069189.1,1.0294423700682214,1.0430545703751424
m1069189.2,1.0356190218192214,1.0436895316484167
l2860487.3,1.0396780524380091,1.0450241751370035
221-312488.1,0.9776998534633338,0.9885228732994765
221-312488.2,1.0026787874119878,1.0115948369133012
221-312488.3,1.0321243662260393,1.0379266289643583
m1089183.1,0.9776987433515784,0.9885217770310712
m1089183.2,1.0026775109548272,1.0115935728672416
m1089183.3,1.0321230683006983,1.0379253362159537
m1108464.2,1.0024165231901438,1.0113357504650344
l3102286.2,1.0023617613164668,1.0112814855069154
f739845.1,1.0070972235796767,1.0211354250831577
f739845.2,1.0106020551606245,1.0189416576432173
f739845.3,1.037549503345041,1.0429708197129486
293471.1,1.0070902184955226,1.0211285208439085
293471.2,1.0105939843505753,1.018933650977033
293471.3,1.0375419130307402,1.0429632788969947
p827499.1,1.0115297620786876,1.0243368910783388
n1139254.1,1.0115280667369206,1.0243352169132922
m1026657.1,0.9972804364637211,1.010403955729881
m1026656.1,0.9972549684150446,1.0103788218666612
m1108299.2,1.0166026704152447,1.023885824144171
m1108300.2,1.0165999162053463,1.0238830896189661
l3198355.2,1.0165578119005594,1.0238412852248888
l2805037.2,1.0165578252437248,1.023841298663656
n1137994.3,1.017217282971474,1.0236752682869719
m1069484.3,1.0170511870747663,1.0235102291674294
l2860504.1,0.9979822410732395,1.0110994705868246
l2860493.1,0.9979028811680587,1.011021135884692
m1026783.1,1.0095151943804415,1.0224698223903557
m1026783.2,1.0217662161407977,1.029879491586988
m1026783.3,1.0180864376954695,1.0246052303738504
m1026780.1,1.0093121346410587,1.0222695889752331
m1026780.2,1.0217391436163927,1.0298528718255628
m1026780.3,1.0179698001251605,1.0244892591459909
p895111.3,1.0345217133727915,1.0394423947788394
l2895496.3,1.0344835620048007,1.03940442378747
n1140819.1,0.9989465372639605,1.012049447979712
n1140819.2,1.020334997435615,1.0284721946344224
n1140819.3,1.0114814059256796,1.0180382593206503
m1026700.1,0.9988164092789246,1.0119212607506354
m1026700.2,1.020294181565325,1.0284318787746685
m1026700.3,1.011339477821521,1.0178971918710313
m1089173.3,1.0133716566159938,1.0184140405459476
l2935551.3,1.013261874830802,1.0183048072132843
m1026344.1,1.0020135286922898,1.0161095342312885
m1026364.1,1.00198007145996,1.0160765426641218
l2879070.1,1.0171682088481024,1.0299715605670205
l2879070.2,1.023995530113024,1.032132247070828
l2879070.3,1.0270891864070735,1.0336151057117977
l3216345.1,1.0162369932474387,1.029031807521241
l3216345.2,1.0236663964115449,1.0318128427660207
l3216345.3,1.0268300378993984,1.0333567821480847
m1069428.2,1.0076737029511293,1.0159140437886371
m1069428.1,1.0119155990275124,1.0247164284437442
m1069428.3,1.0153730497107039,1.0218395711553108
n1139257.2,1.007668716088759,1.015909097308889
l2991919.1,1.0015658428597838,1.0156680586586702
m1026361.1,1.0012834671316182,1.0153896016039716
n1147857.1,0.9990835118812225,1.011274379038564
m1009742.1,0.9988908283621483,1.0110840205106502
q14412.1,1.011737419856426,1.0257174456974998
q14412.2,1.016412421710213,1.0247040528106037
q14412.3,1.038918875056031,1.0443258052920947
m1047325.1,1.0114480022353516,1.0254317032388705
m1047325.2,1.0161248440774018,1.0244188354729276
m1047325.3,1.0388428153937448,1.0442505285784067
n1139263.1,1.012821226091864,1.025606471047666
l3048227.1,1.0128143174776025,1.0255996486054264
p827506.1,1.012826416781204,1.0256115969812654
m1069469.1,1.0128234247100276,1.0256086422341475
m1027019.2,1.0109145897123166,1.0192450878239383
l2785522.2,1.0109020547774834,1.0192326564688183
l3216338.2,1.0036446801691705,1.0120268586894798
l2973146.2,1.0036324757153348,1.0120147557879353
m3037452.1,1.0004569499821248,1.0145745713954544
l2973164.1,1.0004493123563178,1.014567038850529
l3120376.1,1.0099625985366985,1.0227227666688206
m1026925.1,1.0097727216517363,1.0225352478015204
m1047612.3,1.0285514753761185,1.0350702916533352
p828360.3,1.0285482513335416,1.0350670881395796
m1089195.3,1.0439830837893334,1.0504913043285042
l3141393.3,1.0439596028041864,1.0504679678223448
m1026946.2,1.0127216169609592,1.0210308314539025
m1026940.2,1.0126617763768466,1.0209714814486437
m1047471.2,0.9916026778959969,0.9999818585026843
l3216349.2,0.9916003566335998,0.9999795566675534
m1047401.1,0.9916800921335208,1.004877245998687
l2748132.1,0.991671038627423,1.0048683124397952
l3122820.1,0.994965144660711,1.0081190515595946
l3141398.1,0.994958342636483,1.0081123376508663
m1108360.3,1.0215194321620653,1.0265212530638899
l3048968.3,1.0214945430165874,1.0264964857486
l2801950.3,1.0354040458212104,1.0407679464916728
m1069224.3,1.035331106125027,1.0406953833220443
l2766746.3,1.0143354010411894,1.0209256147213357
m1027073.3,1.0140972542674216,1.0206890201364298
m1142873.3,1.0344559413185663,1.0393769336224319
m1069181.1,1.0250348145795576,1.0387306837357262
l2973151.1,1.024854610922762,1.0385528569709586
l3179682.3,1.0306200624168298,1.0355769354119948
l2786274.3,1.030611808766591,1.0355687210154743
l3066816.1,0.9977554589468239,1.0108761965581092
m1026667.1,0.9977092684890092,1.0108306120358654
m1108529.1,1.034818549750287,1.0486974318864581
m1108529.2,1.0421002085892659,1.0488184344507188
m1108529.3,1.0433868437198006,1.0498850217363687
m1108532.1,1.0345594905218896,1.0484515326444723
m1108532.2,1.0419412722093333,1.048667578156473
m1108532.3,1.0433985122782636,1.0498968876678811
l2766723.1,0.9978782064894518,1.0109967733160525
l3122822.1,0.9978628421849625,1.0109816073664502
l2673312.1,0.9982611458616377,1.0109534303078234
l3235247.1,0.9982421996978544,1.0109347205191384
m1166391.3,1.0355956495866954,1.0385914027599439
l3254873.3,1.0351535794022022,1.038150616232832
l2861157.3,1.039926110859672,1.042909285499151
p901951.3,1.0395178117619015,1.0425021710363214
m1047346.1,1.0143339486545173,1.0282810913670808
m1047346.2,1.018871740120353,1.0271432319169613
m1047346.3,1.039535740207644,1.0449360412940478
m1047345.1,1.0139137169169932,1.0278662035625004
m1047345.2,1.0185147399203431,1.026789146728746
m1047345.3,1.0394424173692873,1.044843727408238
l2989596.2,1.0249065056886872,1.0322355116614583
l2822873.2,1.0248966500749153,1.0322257255133296
m1108328.3,1.0279957594654603,1.0329655825797104
l2875754.3,1.0279866643348787,1.032956531916564
l2786204.3,1.0467956302185488,1.049758908061632
m1209819.3,1.0463253731605497,1.0492900136342518
p901972.1,0.9988498369874437,1.0110435237786428
m1009726.1,0.9985412014876209,1.0107386122620436
m1047702.1,1.017616360595042,1.03050968892236
n1137001.1,1.0176116029638727,1.030504989938222
l2767340.1,0.984375202565787,0.994656725845939
l2767340.2,1.0079617797788483,1.0164278502322848
l2767340.3,1.0335165016353425,1.039005022685622
m3037449.1,0.9843752832521327,0.9946568060992885
m3037449.2,1.00796173675359,1.0164278075856843
m3037449.3,1.033516163918281,1.039004686751119
m1047457.2,0.9924831422481427,1.0008549076895166
l2710546.2,0.9923827516036526,1.000755362362669
l2674027.1,0.967319090120646,0.9788866043331148
l2674027.2,0.9995875502356965,1.0089527123377575
l2674027.3,1.032986448284708,1.0389153243272309
l2692633.1,0.9665571636222702,0.9781831523152565
l2692633.2,0.9991536515659191,1.008559214452163
l2692633.3,1.03296982545357,1.0389174432661512
n1142108.1,1.0115871485852697,1.0201837512152525
l2674051.1,1.0115788663824186,1.020175537942029
m1069135.1,1.0170305429487994,1.030934704690545
m1069135.2,1.0211427710344112,1.0293922922427998
m1069135.3,1.0402316699381173,1.0456234233944823
r18242.1,1.0165098177568992,1.0304287998766872
r18242.2,1.0207457933167516,1.0290019944292925
r18242.3,1.0402127977914546,1.0456069137214534
m1047534.1,1.0310278030604074,1.0439132478646134
m1047534.2,1.0334700965511423,1.0414371834685812
m1047534.3,1.0335068848427758,1.040023928254887
n1136663.1,1.0285414864956883,1.0414195300306022
n1136663.2,1.0315452511207186,1.039541289603747
n1136663.3,1.0321079132478417,1.038623639923187
m1108508.3,1.0435477105264648,1.05005066511108
l3097861.3,1.0435401201551837,1.0500431211028483
m1069560.2,1.024461202085245,1.0317934462148781
l2973153.1,1.0188334008609992,1.0317141635445297
l2973153.2,1.019040799511136,1.0271858049270086
l2973153.3,1.0287845000182843,1.03530103504868
n1136998.1,1.0187718842969375,1.0316532917069208
n1136998.2,1.0188988579330862,1.0270451133192062
n1136998.3,1.0288018371860768,1.0353182028666985
l2898515.3,1.0404540643256153,1.0444355745927423
m1166387.3,1.0404330019279266,1.0444145921996686
m1047442.2,0.9958304323902042,1.0041740745938708
l3235250.2,0.9958230193948322,1.0041667232413942
m1142871.1,1.0029978413940717,1.0117729606788464
m1142871.2,1.018210828063701,1.025555088691784
m1142871.3,1.0345738786381713,1.039476171709817
m1142874.1,1.0024294340916406,1.0112516354074994
m1142874.2,1.017880120668559,1.0252599729126743
m1142874.3,1.0345261233021847,1.0394467838514918
l2955081.1,1.0116882709624442,1.0203070453139749
l2955081.2,1.017245575071571,1.024489812341637
l2955081.3,1.0308621714701982,1.0358124470422811
m1108315.1,1.01176980684313,1.0204024597396315
m1108315.2,1.0169949310901254,1.0242502667438418
m1108315.3,1.0306445390280694,1.0356012955150777
l2973162.1,1.0020217095256987,1.016116578821828
l2973162.2,1.0031105617994966,1.0115127116364322
l2973162.3,1.0383306139571644,1.0437569130584183
m1026333.1,1.0019550899427498,1.01605009518557
m1026333.2,1.002700176284753,1.0111058048360668
m1026333.3,1.0384270025910896,1.0438532130801268
m1009832.2,1.0045868740665356,1.012961209212014
l2860479.2,1.0045826743132702,1.0129570438174702
m1026854.1,1.0116566173525119,1.0243957325563957
m1026854.2,1.0216376099091138,1.0298386844557936
m1026854.3,1.0254756915607155,1.0320068558234585
p901894.1,1.011632881318583,1.0243722913985456
m1026485.2,1.0139610858501236,1.0222690527248832
m1026492.2,1.013933630335791,1.0222418262783417
d6413567-3_int.1,1.0274228368021876,1.0410770839829333
d6413567-3_int.2,1.0339562878738962,1.042047412452573
d6413567-3_int.3,1.0396030068347164,1.044955308041574
e182724.1,1.0274180081130426,1.0410724791577244
e182724.2,1.033950688989505,1.0420419565582308
e182724.3,1.0396048736191523,1.0449572266965914
n1139541.1,1.0276289671662684,1.0412788874469523
n1139541.2,1.0341264442609697,1.0422154359332336
n1139541.3,1.0396105812936343,1.04496223964346
m4122658.1,0.976377018055938,0.9872836495901586
m4122658.2,1.0042039334174828,1.0131161575434366
m4122658.3,1.033266209485435,1.0389847229437168
l2933135.1,0.9763561512654354,0.9872642671705864
l2933135.2,1.004194074290897,1.0131073123062406
l2933135.3,1.0332652164945868,1.0389842022310807
l2729414.1,1.0010982707739098,1.0141704927291975
l2729414.2,1.0206136131417747,1.028745966118311
l2729414.3,1.0130623174857123,1.019609856114386
l2729430.2,1.0087231143748352,1.017063171761642
l2766742.2,1.007944062424886,1.0162905719316098
m1026972.2,0.9965411993831781,1.004879564303417
l2860483.2,0.9965157893216725,1.0048543655561495
l2860490.1,1.0154012166733688,1.0293345799257825
l2860490.2,1.019809098055892,1.0280729392422185
l2860490.3,1.0398636908771304,1.0452609542539042
l3104134.1,1.0147803231251205,1.0287217269015285
l3104134.2,1.0192597851755172,1.0275281112467343
l3104134.3,1.0396632221703521,1.0450622963509006
m1089144.1,0.997356834076588,1.0063205074368915
p827522.1,0.9973548624907258,1.006318553335202
m1089118.1,1.0338118747516845,1.0473215098761302
m1089118.2,1.0400764221800853,1.048093244980924
m1089118.3,1.0426413297695394,1.047957914450627
l3048208.1,1.0338048332175769,1.0473145579696477
m1108505.1,0.9693500519785966,0.980762378536006
m1108505.2,1.0007619006863555,1.010019410399654
m1108505.3,1.0330132661901024,1.038892580651586
l2955047.1,0.9687290821613488,0.9801886539884769
l2955047.2,1.0004036824036406,1.0096939909234053
l2955047.3,1.033006280076384,1.0389006627485782
m1089148.1,0.9970359769039109,1.006002509109525
l2766721.1,0.9970237271884311,1.0059903698734867
m1026745.2,0.9911892014895345,0.9995718675107382
l3029183.2,0.9911777020187215,0.9995604648183891
l2710512.2,0.9933329270748555,1.0016984740629633
m1047828.2,0.9928409230491041,1.0012106298483798
m1047342.1,1.0138492647458914,1.027802625487111
l3197645.1,1.0138354417275723,1.0277889886558216
m1069192.1,1.025565914909158,1.0392547890812485
l3235253.1,1.025550817927891,1.0392398885110616
l3214071.1,0.9942270659184599,1.0037231416878098
l3214071.2,1.0131992999535606,1.0210851343080014
l3214071.3,1.0339560810418134,1.0391389243891402
m1125952.1,0.9934257158744644,1.0029874847443982
m1125952.2,1.0127449969870992,1.0206798498593599
m1125952.3,1.0339058963358572,1.039114266451471
m1027101.2,0.9929528063818257,1.0013212982974267
l2860480.2,0.9929184084223417,1.0012871881173036
l2710517.1,0.9951902529180926,1.0083412080290717
m1026646.1,0.9950281493948381,1.008181234534974
m1069662.2,1.0197325741519576,1.0270988795391915
l2935547.2,1.0197250784194283,1.027091437262183
m1026931.1,1.009233763277859,1.0220029893054572
l3216336.1,1.0091762620053206,1.0219462033666125
l3142049.1,0.9727410581638092,0.9839089197600024
l3142049.2,1.0024324943794596,1.0115233873974423
l3142049.3,1.0331158445286763,1.0389174846279357
m1108493.1,0.9717093287281924,0.9829516776226939
m1108493.2,1.0019217210224125,1.0110635031278359
m1108493.3,1.0330830350918565,1.0389083514314674
m1069169.1,1.0261376549175694,1.039819011170525
m1069169.2,1.0328941539205763,1.0409986727459117
m1069169.3,1.0395580791463561,1.0449144314438457
l3010556.1,1.025415794639528,1.039114579695833
l3010556.2,1.0319923049587196,1.0401078824694867
l3010556.3,1.0395491332803777,1.044908449766178
l2991933.3,1.0212084032681972,1.0277566740789126
l3122837.3,1.0211329309359056,1.0276816861653013
l2691936.1,1.009115797511959,1.0218864910659546
l2897772.1,1.0083138119673436,1.0223379574204834
l3101814.1,1.008313815545605,1.0223379610485135
l2766732.2,1.013983984925341,1.0222917654885981
l2989564.2,1.019766072956959,1.0271321393306838
m1126016.1,0.9676982012159042,0.9791298791932916
l3120534.1,0.9676586737355649,0.9790908173442022
m1026330.2,1.0019003544544547,1.0103127683713085
m1026330.1,1.001850620868457,1.0159455264905528
m1026330.3,1.0386260946192507,1.0440520626237062
l2766726.2,1.001895198779065,1.0103076554887536
p901912.2,1.0212065603365188,1.0293186977446345
l3195365.2,1.0212065619062882,1.0293186993268735
m1108381.1,0.9780646676848005,0.9888832264372387
m1108381.2,1.0030572444304113,1.0119701393658005
m1108381.3,1.032428121180356,1.038229012138132
l3254237.1,0.9779335784114205,0.9887537061483395
l3254237.2,1.002969901996141,1.0118835077152497
l3254237.3,1.032353938597737,1.038155159632729
l2804262.1,1.0113534703888012,1.0240963523807312
l2841639.1,1.0110859068594096,1.0238321151910899
n1230123.2,1.003786349907467,1.0126930771005884
l2708744.2,1.0036098910495166,1.0125182372435253
m1069519.2,1.029398932192199,1.0366958827274746
m1069519.1,1.0142157582615094,1.029123988651241
m1069519.3,1.0451290185748212,1.051635414787206
p901927.2,1.029397269215039,1.0366942313185383
l2897790.3,1.0456013014104,1.0521043152577503
l2935566.3,1.0455865751905216,1.0520896779891833
l3216337.1,1.009227387782605,1.0219966931776119
p901931.3,1.0456283861212066,1.0521312350323277
m1069548.3,1.0456257570857832,1.052128622030084
m1010013.1,0.9897194243437337,1.002529115492956
l3120503.1,0.9897131357040387,1.0025229060914898
m1089145.1,0.9973346110785153,1.0062985312027855
m1089145.2,1.0013888864280651,1.0088997447819688
m1089145.3,1.0191648442312433,1.024263958048158
l3215385.1,0.9973256120768711,1.006289621794149
l3215385.2,1.0013751242946312,1.0088860858884685
l3215385.3,1.019156952024367,1.0242560953115125
m1026852.1,1.010726863964687,1.0234479861738672
m1026852.2,1.0209775943628485,1.0291934491181902
m1026852.3,1.0251679935904765,1.0317001756258162
m1069420.1,1.011531805062097,1.0243389085395258
m1069420.2,1.0063450047659757,1.0145977568375928
m1069420.3,1.0149517484955004,1.0214202169772277
l3157708.3,1.0239971805007158,1.0304939881733863
n1137991.3,1.023995487174085,1.0304923055531516
m1108413.1,0.9786286125693621,0.9894036744963424
m1108460.1,0.9783618069724912,0.9891398510592888
p827532.1,1.0114451185887872,1.0254288586323719
m1047326.1,1.011442934878884,1.0254267044827088
e182732.1,1.0055366662779126,1.018546749537398
e182732.2,1.0212112048624629,1.029333572773745
e182732.3,1.0157640323479398,1.0222960963029506
m1026760.1,1.0054386330332084,1.018450086809063
m1026760.2,1.0211959129770898,1.0293185180903792
m1026760.3,1.015704656860103,1.02223706026088
l3048205.3,1.020357946838952,1.0253655609691765
m1108361.3,1.0189088919531686,1.0239236985365316
m3036169.1,0.9955472795435762,1.0086935462641742
l2673317.1,0.9955378020059914,1.0086841931318953
l3178981.2,1.0204002333448632,1.0286557920524848
m1047368.2,1.0190938653230728,1.027360050248561
n1136354.1,1.0140466968697592,1.0289554628954367
n1136354.2,1.029004395103914,1.0363040873449665
n1136354.3,1.0454245668909214,1.0519289167025998
l2879794.1,1.0104106183874377,1.0190316505245622
m1142811.1,1.0103790689813594,1.019000370121244
m1069565.2,1.024918272323618,1.0322471950472067
l2785536.2,1.0248865537841483,1.0322156996907825
l3104114.2,1.0062553869654742,1.014615888946899
m1009824.2,1.0059087901459438,1.014272162839867
l2745848.1,1.013402813638159,1.0261786829719706
l2745848.2,1.0129781368779258,1.02116904900556
l2745848.3,1.0171783872044495,1.023636346011042
l2673308.1,1.0132921028971524,1.0260697259580789
l2673308.2,1.0126088359499015,1.0208031804381645
l2673308.3,1.01707057722367,1.0235290193009117
l2991939.1,1.0130799426349988,1.0258609859371912
l2991939.2,1.011909103543971,1.0201099791162132
l2991939.3,1.0168484798019441,1.023307944157313
l2916606.3,1.0225292384378772,1.0275260794311982
l2822864.3,1.0225180830381657,1.0275149785798863
m1142851.1,1.0094276281605703,1.0176700735923019
m1142851.2,1.0219741495191996,1.0289133311084475
m1142851.3,1.035185905228705,1.0398784159271073
196-31070.1,1.0092190170576192,1.0174787352234118
196-31070.2,1.0218531253031125,1.028805456010437
196-31070.3,1.035164200318866,1.0398634712934647
m1209822.3,1.0420594432736652,1.045036443526426
m1209823.3,1.0417042466567774,1.0446822761843115
m1069550.2,1.0253881561510065,1.0327137336397674
m1069551.2,1.0253475122945872,1.0326733814288693
l3141397.2,0.9964998563591668,1.0048385651672003
l3649299.1,1.0150754656800605,1.0278676862445575
m3772794.1,1.015069553870065,1.0278618482004713
p895106.2,1.0093013525290588,1.0176147617370932
l3048887.2,1.0092532598958346,1.0175670637944219
m1047824.2,0.9936292715952847,1.0019920803379907
m1047834.2,0.99313791357852,1.00150484976205
m1069350.1,1.0111814639787602,1.0240021082000776
m1069350.2,1.0027004328586993,1.010986941679104
m1069350.3,1.0125887830698084,1.019070679360133
n1144668.1,1.0112117267408989,1.024032390054046
n1144668.2,1.0026825951123686,1.0109692872439373
n1144668.3,1.0124910407137993,1.018973569973288
l2879072.2,0.9977051992980407,1.006033083053186
m1047441.2,0.9961039794303265,1.0044453225240837
m1108274.2,1.0387904343188503,1.0468129753884148
m1108269.2,1.038778113724167,1.046800749303983
l3235244.1,1.0102340217308956,1.023061015658624
m1069398.1,1.010190527950074,1.0230180672652471
n1147862.1,1.0030956622170328,1.0155346812763448
l2685805.1,1.003078763124672,1.0155179868812014
m1069247.1,1.0112331968988373,1.024055572801366
m1069248.1,1.011205447858762,1.0240281779421139
l2786273.2,1.0387127997044348,1.0467359390406277
m1108278.2,1.0386544433373934,1.0466780337274115
l3254238.1,1.0076561966941098,1.0216875225536575
l3254238.2,1.0114392631365916,1.019771929000706
l3254238.3,1.0377255531175378,1.0431449494630063
m1047303.1,1.007101519984492,1.021139659768066
m1047303.2,1.010606996578759,1.0189465597200926
m1047303.3,1.037554163976816,1.0429754502104518
m1047633.3,1.0282775743050128,1.0347981425396742
l2897554.3,1.0282159889107014,1.0347369485270637
m1069627.2,1.019573819413925,1.0269413110176424
l2897791.2,1.0194123863014344,1.0267810590108581
m1089097.2,1.0392217831439887,1.0472410013585518
m1108270.2,1.03911554298238,1.0471355795038741
n1142101.1,0.973271706077241,0.9844007839963855
l2936214.1,0.9732645112743177,0.9843936697223413
l3066810.3,1.0155377748995082,1.0220037142231726
l2897769.3,1.0154197969946142,1.0218864867920547
m1209758.2,1.035912552930021,1.0408545660705462
m1209753.2,1.0358591268477164,1.0408013952695947
m1047528.1,1.0242728907452956,1.0371354278934863
m1047528.2,1.0281312529072653,1.0361796316287188
m1047528.3,1.0299359297904038,1.0364508905629448
l2858166.1,1.0242128958287253,1.0370751106609255
l2858166.2,1.0280797034936338,1.036128922628712
l2858166.3,1.0299159652977525,1.0364309847161244
m1142843.1,1.0114578256157243,1.0195317907281902
m1142843.2,1.0231585066506368,1.0299692212059488
m1142843.3,1.0354033570825447,1.040029881387754
l3081380.1,1.0114226876281351,1.019543390909469
l3081380.2,1.0227447999429262,1.0295896829276852
l3081380.3,1.0350777232749964,1.0397338189577972
l2804272.2,1.025301021657064,1.0326272258589677
l2841641.2,1.0252913740331449,1.0326176457657887
m1069393.2,1.0003932166936225,1.008698538775484
m1069408.2,0.9998245254803467,1.0081346167361391
n1142104.1,0.9702129593085096,0.9815631658178597
n1142104.2,1.0011849098330194,1.0104001894444188
n1142104.3,1.0330381022350577,1.0388976861486838
m1108500.1,0.9696593786670696,0.981049440353327
m1108500.2,1.0009134297566906,1.0101558115039109
m1108500.3,1.033022146443434,1.0388943891592177
l3216348.1,0.991970563477664,1.0051638714325484
l2841627.1,0.9917867431214978,1.0049824821044562
l2916599.1,1.0097685904247962,1.0225311676025004
m1047447.2,0.9943962538450194,1.002751949194578
l2954349.2,0.9943808952311632,1.0027367179586344
l3235246.2,0.9936172914802635,1.0019804371736831
m1125911.2,1.0183403983869028,1.0255038441167112
l2711224.2,1.0181881974106715,1.0253527064559627
n1147863.3,1.0228940165186038,1.0294337586081808
l3122817.3,1.0228927009157975,1.0294324512930109
m1186061.2,1.036096569109261,1.0410376146781675
m1186061.1,1.0308516615954098,1.036483649653567
m1186061.3,1.044823229043725,1.04836201535228
l2861223.2,1.0360862356480398,1.0410273298290942
m1069130.1,1.016867939221724,1.0307742823687522
l3085396.1,1.0168348169259782,1.0307416024162734
e182730.1,1.0067439295011629,1.0197371204347294
n1142109.1,1.0067349607163674,1.0197282658578413
m1069417.1,1.0110627538376542,1.0238779427123303
m1069417.2,1.0044482021924925,1.0127185172233057
m1069417.3,1.0143343454420428,1.0208057364369383
n1138597.1,1.011024334033077,1.0238402034248386
n1138597.2,1.0042942752880057,1.0125660220487032
n1138597.3,1.0142789728470867,1.0207506327087392
m1026987.2,0.9957493594989082,1.0040943706716277
m1026990.2,0.9955807409460393,1.0039271670860777
m1142832.1,1.0113416666905453,1.0195599650318214
m1142832.2,1.021875661065532,1.0287922458435397
m1142832.3,1.03440123918345,1.0391194328125297
l3160865.1,1.0113054802912143,1.0195521103230574
l3160865.2,1.0216327488508978,1.0285699253593088
l3160865.3,1.0342303330270455,1.0389662272470583
l2673323.3,1.0210056202361697,1.027554827204065
m1009809.3,1.0209840662333174,1.0275334107980683
l2822869.1,1.0139379683257828,1.0268303965536534
l2822869.2,1.0222628420264372,1.0303665711931842
l2822869.3,1.0208100184476534,1.027313265167648
m1026808.1,1.0128371220922576,1.0257450797292653
m1026808.2,1.0221179595484153,1.030224158139911
m1026808.3,1.0200777079694126,1.0265851720662853
m1047825.2,0.9920344571850462,1.000410994530712
m1069731.2,0.9918549687851548,1.0002330283907581
n1140520.3,1.0200767049378452,1.0265841753551441
l2729410.3,1.0200718609568653,1.0265793618887684
l3178978.1,0.9944918046458741,1.007651943198615
m1069384.1,1.0103908262034007,1.0232158561202647
l3066805.1,1.0103804714916136,1.0232056298520773
m4362181.2,0.9923234349358168,1.0006965446537963
m1047319.3,1.0369853154913067,1.042409564805122
m1047318.3,1.0369413491614823,1.0423658289436388
l3216358.1,1.0082906182156757,1.0210009371225026
m1026826.1,1.008143132506751,1.0208552821614012
m1108276.2,1.0387468986928223,1.0467697752957115
m1089198.1,1.0251801798377753,1.0395495603639362
m1089198.2,1.0363579229643605,1.0433741805175925
m1089198.3,1.0437854876469332,1.0502907948238727
m1089201.1,1.0233758275436204,1.0378368982965844
m1089201.2,1.0352826336896566,1.0423542539142594
m1089201.3,1.0438854546117011,1.0503918589415586
m1047763.1,1.013006362843784,1.02594084386222
m1047763.2,1.0001466415002631,1.008454815071203
m1047763.3,1.0326275990748455,1.039113112359758
n1136027.1,1.012973681196266,1.0259085740248222
l3101827.3,1.0430676577358227,1.049567817024497
m1108540.3,1.0427344174175968,1.0492366444899415
m1026335.1,1.001949906934743,1.0160449832710399
l2804259.1,1.0019366820144466,1.0160319395438715
n1136357.3,1.045617975740534,1.0521208880737298
m1047513.1,1.0182984252631693,1.031154200834993
m1047513.2,1.0237638183108981,1.0318499513807717
m1047513.3,1.0240059738518303,1.0305027262092576
m1047507.1,1.01673488195895,1.0295879344621466
m1047507.2,1.022600701598395,1.0306984034317481
m1047507.3,1.0226424159220562,1.0291351323127915
m1142863.3,1.0349411640596542,1.0397066181775867
m1142863.1,1.0072252600463398,1.015649869749876
m1142863.2,1.0206785957255364,1.0277570584011237
n1141480.3,1.0349395307429252,1.0397049922877333
m1125916.2,1.0184846272697385,1.0256470656934769
l2879767.2,1.0184686578075384,1.0256312071518383
l3066809.3,1.0163932072077893,1.0228564349565121
m1069487.3,1.0162316998622252,1.0226959563666174
m1142818.1,1.0111418934277907,1.0195450162853903
m1142818.2,1.0202234753924972,1.0272876645295053
m1142818.3,1.0332383690313829,1.0380713876004026
p829965.1,1.0109456068808573,1.0194111914314221
p829965.2,1.020105316334937,1.0272299177211637
p829965.3,1.0331736563586567,1.0380640844792037
q14733.1,1.0366987799150365,1.0496000399950378
q14733.2,1.037934970787099,1.0457591679673757
q14733.3,1.0367998486446621,1.0433191155677077
m1047568.1,1.036369876686241,1.0492702703288823
m1047568.2,1.0376790102660682,1.0455114378511594
m1047568.3,1.036607985165802,1.0431271391720884
m1047322.1,1.0114356407145007,1.0254195084465463
l2954338.2,1.0057564291913863,1.0141210657015183
m1047409.1,0.9921742633583234,1.0053648881376689
l2841648.1,0.9921329322432082,1.0053240977686901
m1089177.3,1.0131285247435826,1.018172123817124
m1026951.2,1.012769330136322,1.0210781484719305
l2954347.2,1.0127419746732398,1.021051014374351
m4122657.3,1.0349548021167088,1.0379524155824906
l3027124.3,1.034908328340577,1.037906076127488
m1069419.1,1.0112328951050744,1.0240451517735616
m1069419.2,1.0051360610453328,1.0134000095871605
m1069419.3,1.0145581935253645,1.021028527123121
m1069418.1,1.0111723505213874,1.0239856506969525
m1069418.2,1.0048912640370518,1.0131574786368387
m1069418.3,1.014478523659082,1.0209492338828203
m1026824.3,1.0213638484006258,1.027911122503149
m1026824.1,1.0013435956892398,1.0136180773588341
m1026824.2,1.009141841715403,1.0174791389176963
p859694.3,1.0213518769582817,1.0278992277663113
m1047453.2,0.9928294885150205,1.0011983433053853
l2691948.2,0.9928207653062324,1.0011896922326473
p860892.3,1.0386175720963993,1.043964912903668
n1139543.3,1.0386103795929813,1.0439577571054444
m1089205.1,1.022686081416212,1.0371818868578004
n1134472.1,1.022682304548582,1.0371781623220937
l2710542.2,1.008987042292327,1.0173249149803552
m3032980.1,1.0311629819857102,1.0367929426670413
m3032980.2,1.036483114154049,1.0414224879463656
m3032980.3,1.0451155122593647,1.0486536157679005
m3032977.1,1.0275380828029412,1.033623536451042
m3032977.2,1.0341523274109032,1.039443042396378
m3032977.3,1.043172839478106,1.0469135098347222
m3763618.3,1.027338196537645,1.0338634110989402
m3763618.1,1.0181609202329125,1.0309732864521204
m3763618.2,1.02434888602122,1.032475259978202
p1121282.3,1.0273372370450433,1.0338624579022182
l2917330.1,1.0103257473936602,1.01894750627192
l2861222.1,1.0102896350935262,1.0189117060420012
m1047490.1,1.0148328585724227,1.02764813209727
m1047490.2,1.0196174224003267,1.0277461583810763
m1047490.3,1.0206568978345698,1.027128468930846
p1164481.1,1.014711848061143,1.0275286272828916
m1069356.3,1.0123360551659943,1.0188195871464292
m1069363.3,1.0123216534157071,1.0188052781254866
p828359.3,1.0285474883311907,1.0350663301166947
l2878848.3,1.0283798312322243,1.0348997440991023
m1047486.1,1.014018977799602,1.0267813281240088
m1047486.2,1.0161272564871087,1.0242889663779513
m1047486.3,1.0187299144824573,1.0251796625349026
l3177665.1,1.0140137373801301,1.0267761535498796
l2805036.2,1.0386469692971325,1.0466706162451571
l2692654.1,1.01127513945305,1.0197673254166157
m1125929.1,1.011274461653816,1.019766653273945
m1047669.1,1.018381424710295,1.0312669243524053
m1047669.2,1.0179979281158222,1.026152116820221
m1047669.3,1.028911878491815,1.035427169252245
m1047672.1,1.0183615912119743,1.031247298720427
m1047672.2,1.0179521654040928,1.0261067570591826
m1047672.3,1.028917467993934,1.0354327041526425
m1125919.1,1.0113137624137374,1.0198056273886942
m1125919.2,1.018931080857442,1.0260696040178567
m1125919.3,1.0322941448179928,1.037175168489995
p829961.1,1.0113095916539503,1.01980149130906
m1142819.2,1.0204660793629419,1.0275054712592635
m1142819.1,1.011164543895878,1.0195388621149508
m1142819.3,1.0334229738705376,1.038238229479289
p829960.2,1.0204650726625337,1.0275044714538057
p829979.2,1.0363089894720545,1.041249110384924
m3036172.2,1.0362802650812086,1.0412205225873719
m1026883.3,1.0270636322018363,1.0335901954725917
m1026898.3,1.027041494226532,1.0335681974942987
m1089143.1,0.9973763929189498,1.006339892814999
m1089143.2,1.0014439055771949,1.0089543632149929
m1089143.3,1.0192064388888453,1.0243053797593265
l3141400.1,0.9973661644777326,1.0063297550620374
m1069481.3,1.017228727023073,1.0236864599637778
m1069481.1,1.013454498515099,1.026229549097814
m1069481.2,1.01315055951066,1.021339868830676
p827507.3,1.0172262184840337,1.0236839672039213
m1026377.1,1.0007263832523248,1.0148402602551891
l3048210.1,1.0006765614069704,1.014791130418098
e182722.1,1.0107945568670151,1.0236145394026344
m1026331.3,1.0385118554300552,1.0439379799224018
m1026331.1,1.0019093096489895,1.016004267119626
m1026331.2,1.0023410781816227,1.0107497526566394
l3214055.3,1.0385010676982738,1.0439272477828303
m1108295.1,1.0088261812667803,1.0176043051099195
m1108295.2,1.0137388941674954,1.0211140721846979
m1108295.3,1.02860147354917,1.0336424378154598
l2936279.1,1.0075313448597127,1.0163304565494138
l2936279.2,1.012320654938458,1.0197113123309662
l2936279.3,1.027498736105982,1.0325464197911958
m1026704.2,0.9911735793470549,0.999556374520394
l2841634.2,0.9911219124624314,0.9995051407018845
m1047386.2,1.01662044568193,1.0249067657990254
m1047379.2,1.0165242493777258,1.02481135019962
m1089115.1,1.0319837597296926,1.0455389346277575
m1089115.2,1.038023149122399,1.0460644936104635
m1089115.3,1.04080764639671,1.0461400792283713
m1026486.2,1.0139460384445538,1.022254126689306
m1026488.2,1.0139447126256405,1.0222528115092337
l3010570.1,1.001973262884174,1.0160698281990594
p904451.1,0.9789560475675821,0.9897274516914543
221-282819.1,0.978944261709756,0.9897157975243446
m1125968.3,1.033676436883076,1.039065232618484
m1125968.1,0.9876729385517679,0.9976970055556733
m1125968.2,1.0096204423200295,1.0178983128991916
p895107.3,1.033667614791767,1.0390564567456406
n1136999.1,1.0183556227886372,1.0312414039396727
m1069412.2,0.9991569269668705,1.0074726192484325
l2879061.2,0.999147290783086,1.007463061870609
m1026947.2,1.0127861064886468,1.0210947916004836
m1142880.3,1.0327495241986642,1.0357535352651421
l2891575.3,1.0327319372093438,1.0357359988373507
m1026848.1,1.0064159302273397,1.0190590550122278
m1026847.1,1.0064031078068547,1.0190463907201155
l2897793.1,1.008655118084251,1.0238483150877329
m1069521.1,1.0086299997672097,1.0238235676777125
m1069175.3,1.0396327065383224,1.0449824939882788
m1069175.1,1.0282293643004723,1.0418666838988655
m1069175.2,1.0346221524645596,1.0427049323591038
l3197637.3,1.0396239198910524,1.0449737520203426
l3197635.2,0.9960932213087974,1.0044346535279238
l2804257.2,1.011062055741688,1.0193913310104492
l2860485.2,1.0110351366033576,1.0193646335897784
l3235945.3,1.0425955802380609,1.0490986683664645
l2842330.3,1.0425530679043253,1.0490564201056778
l2804254.1,1.0125015400654689,1.0254423968048803
m1047752.1,1.0124958827600419,1.0254368114568706
m1166370.3,1.0408536301506008,1.0448336196167034
m1166364.3,1.0408437237546708,1.0448237507370317
m3763619.1,1.0181517108843843,1.0309641080433334
m3763619.2,1.0243541015607716,1.032480432121674
m3763619.3,1.0273692028133672,1.0338942154404909
m3037540.3,1.0179674853262675,1.0229869645858773
l2710509.3,1.0179663428505556,1.0229858277134483
l2763072.2,0.9979771350879952,1.0064229413656662
m4118754.2,0.9975730338102545,1.0060222880269416
m1089196.1,1.0262710400750774,1.0405849278986476
m1089196.2,1.0370106469430582,1.0439932955218734
m1089196.3,1.0437258384507009,1.0502304575439043
m1047484.1,1.0139005684218023,1.026665831203634
m1047484.2,1.0154304938713579,1.02359865955516
m1047484.3,1.018352060217459,1.0248038511991417
l3010560.1,1.013830401029206,1.0265973894665146
l3010560.2,1.01501767425824,1.0231896640070897
l3010560.3,1.0181282563513165,1.0245812557213154
l3254219.3,1.039520018040221,1.044920400416466
l3254220.3,1.0395065668484473,1.044907018538473
m1026648.1,0.9961638436684119,1.0093020148658634
m1026647.1,0.995959384159289,1.009100240154745
m1089112.3,1.0397874479801927,1.0451287760326922
m1089112.1,1.0309465237556092,1.0445274801310018
m1089112.2,1.0368642555312308,1.0449194640082933
l2691951.3,1.0393335880195347,1.0446772484299447
m1108433.2,1.002361793007,1.0112815174794532
228-1048090-1_int.2,1.0023618402831267,1.0112815651762763
m1026327.2,1.0009907582406126,1.0094108988710797
l2841636.2,1.0002990561006821,1.0087250827945102
l2990826.1,0.9776944602044972,0.9885175471585549
l2990826.2,1.0026725871499522,1.0115886967807335
l2990826.3,1.032118060474678,1.0379203483358352
l2911069.2,1.0034794823147508,1.0118630434487341
l2948732.2,1.0034518792197866,1.011835670713262
m1108260.2,1.0382577076147248,1.046284395596981
m1108259.2,1.0382420524764242,1.0462688603899128
m1069312.3,1.0119540164113061,1.0184400367393387
p873800.3,1.0119521004101193,1.0184381329557957
m1186078.3,1.0387057413799825,1.0416924595391122
l2876797.1,1.0133949617668494,1.0263263191543517
l2876797.2,1.00178046104424,1.0100746798279518
l2876797.3,1.0322249494055737,1.0387135313597566
r18241.1,1.0132329307434726,1.026165590655022
r18241.2,1.0010992381912587,1.0093992758490795
r18241.3,1.03239283270221,1.0388801352101216
l3254227.2,1.0258957652681644,1.0332176990790776
m3037455.3,1.0343129857222642,1.0390315788957079
l3217052.3,1.0342918243790273,1.0390105131778
p827500.1,1.011783111333735,1.0245860177414416
l2822861.1,1.0117461958305058,1.0245495621961729
m1047724.1,1.0161204294776436,1.02902798983982
m1047724.2,1.0114481953646677,1.0196592721731474
m1047724.3,1.0299798630403438,1.0364859473621324
m1047722.1,1.0159399251715746,1.028849176012678
m1047722.2,1.0108712785093084,1.019087344950126
m1047722.3,1.0300945075602757,1.036599660473117
d5534969-2_int.1,1.0146259978864025,1.0295280907744189
d5534969-2_int.2,1.0301841586943044,1.037473322763645
d5534969-2_int.3,1.0446210727300627,1.0511309487994422
e182729.1,1.0145908456799033,1.0294943089198967
e182729.2,1.0301476024814271,1.037437852179274
e182729.3,1.0445989835878973,1.0511089698460814
n1134477.1,1.0148545965108169,1.0297452819674249
n1134477.2,1.030313153940751,1.0375970079658396
n1134477.3,1.044599215112502,1.0511090283085216
m1166355.1,1.02051038556329,1.0274628474000602
l2858200.1,1.020510399824908,1.027462861758839
m1047699.1,1.0176231218484362,1.0305163661308876
m1047699.2,1.0161081317891836,1.024278839485653
m1047699.3,1.0291519264140303,1.0356649628803605
l2935554.1,1.0172406113193635,1.0301376180857311
l2935554.2,1.0150325276222711,1.0232126033060032
l2935554.3,1.0293339068768497,1.0358453747559357
m1047292.3,1.0376208769155262,1.0430456105644612
m1047292.1,1.0049208472200961,1.0189841086492362
m1047292.2,1.0074842098407408,1.015849770320703
l2766750.3,1.0375949603953882,1.0430198288360035
l3649300.1,1.014993831120551,1.0277870704456178
m1047733.1,1.0083207392917277,1.023518863878418
l3066804.1,1.008291454668358,1.023490009179851
m3327098.2,0.992627755353767,1.000999248147649
l2691943.2,0.9925922911163383,1.0009640805314182
p829986.1,1.01159523259696,1.0201917678156358
m1125904.1,1.0115887953616813,1.020185384261953
n1139550.1,0.9955409350353278,1.0086872852222721
m1026307.2,0.9929498113385551,1.001438519984343
l3085388.2,0.992935010498657,1.0014238446401498
l3233413.2,1.0024401104450125,1.0113591233458814
l3122827.1,0.9984646779614867,1.0115726622146874
l2954355.1,0.9981916746121652,1.0113032388306524
p827576.2,1.0076725293433602,1.0159128795994994
n1139256.2,1.0076713423031245,1.0159117020823951
l2952003.1,0.9782936624719154,0.9891094614094784
l2952003.2,1.0032906420117018,1.0122015577830004
l2952003.3,1.0326344335195368,1.0384343271251404
n1136359.3,1.04561927425741,1.0521221555387732
l3008237.3,1.0456108169679026,1.0521137502044906
m1089102.3,1.0388225917345075,1.0441688606122306
m1089096.3,1.0385818448232604,1.043929349050942
p895102.2,1.0100525393497277,1.018281127487543
m1125978.2,1.0100452917917992,1.0182739390044282
m1026706.1,0.9984880672809975,1.0115977920369295
m1026706.2,1.0202731992107457,1.028411486802599
m1026706.3,1.0110137003170478,1.0175733926555932
n1140825.1,0.9984812358021324,1.0115910618565815
n1140825.2,1.0202603844918623,1.0283987837109707
n1140825.3,1.0110042814743145,1.0175640294029693
l3141399.3,1.0351211781099976,1.0404865412095001
m1069210.3,1.0350982765609191,1.0404637583882574
m3763624.3,1.0273399038030784,1.0338651070676004
m3763624.1,1.0181604069810644,1.0309727749160948
m3763624.2,1.0243491886611964,1.0324755602748608
p1121283.3,1.027326061553366,1.0338513547515287
m1142839.3,1.0346061557952662,1.0393049768493126
m1142839.1,1.0113674043863974,1.0195549181424162
m1142839.2,1.0221474302256455,1.0290415371520754
l3067507.3,1.034598571875437,1.0392974273371027
n1141478.2,1.0204579793370765,1.0274974267053487
m1142826.2,1.0204079817939036,1.0274477712805896
m1108334.3,1.026175947117281,1.031154756504123
l2692664.3,1.0261689159245624,1.0311477591342564
l2823544.1,0.9677377043044797,0.9791689179231986
226-23751.1,1.0116537842264033,1.0202663956811338
226-23751.2,1.0173553742985149,1.024594703156318
226-23751.3,1.0309592192874755,1.0359066176367453
p827536.1,1.009264835337324,1.0219630678325429
n1137999.1,1.009215845557369,1.0219146857065213
l3027157.1,1.0142302421310128,1.0271546111587682
l3027157.2,1.004940804827384,1.013207931519241
l3027157.3,1.031445061821556,1.0379396269070653
l2973155.1,1.0138180912907688,1.0267459574287034
l2973155.2,1.0034296955706257,1.0117097922687617
l2973155.3,1.031817607107414,1.0383093080052477
m1186052.1,1.0303440169115097,1.035979070232884
m1186052.2,1.0355417224777148,1.0404852743108983
m1186052.3,1.044281818434759,1.0478222336453642
198-5320.1,1.0303395375005797,1.0359746171250666
198-5320.2,1.035536417853375,1.040479997286296
198-5320.3,1.044276169388762,1.047816600195528
l3216346.1,0.9975569106186584,1.0097662092404232
l2858163.1,0.9974157419264389,1.00962674953934
m1047813.2,0.9936671267133137,1.0020296081940163
l2973149.2,0.9936552094505384,1.0020177902840686
l3086079.2,1.0362796532217586,1.041219913607939
m1069574.2,1.0248643391252257,1.0321936447367417
l2710530.2,1.0248582009472393,1.032187550040493
m1069285.1,1.0113190857674557,1.0241403627693988
m1069285.3,1.0119809292671331,1.0184667420427902
m4113348.1,1.0113186178684337,1.0241399055303453
m4113348.3,1.0119791480426197,1.018464971953148
l2879074.1,0.9949878461228747,1.0081414564627937
m1026916.2,1.0150739393144503,1.0233582520948117
e193509.1,1.011384583502857,1.019545783366966
e193509.2,1.0223825084414229,1.0292573621595527
e193509.3,1.0347883502219668,1.0394705533093322
m1047794.2,0.9968446463027186,1.0051805778167606
m1047796.2,0.9968281198185922,1.0051641878170472
l3027116.1,1.0066898285156944,1.0207327593292543
l3027116.2,1.0100341777810764,1.018378506979822
l3027116.3,1.0375549034813454,1.0429768869174083
l2929261.1,1.0176060628887749,1.0304995180272625
m1166375.1,1.0191559486931407,1.0263003620437465
m1166375.2,1.0287725627093207,1.0348756651915714
m1166375.3,1.0387698763715971,1.0429791362698841
p895080.1,1.0191541327090579,1.0262985585520443
l2973156.2,1.001498843231336,1.009794903216034
m1069311.3,1.0120666581456603,1.0185519349066998
m1069311.1,1.0113416026932491,1.0241623664913118
m1069311.2,1.002605894996214,1.0108933800130702
m1069208.3,1.0367067427202026,1.0420639223346817
l2691945.3,1.036699808709246,1.0420570237193594
n1140820.2,1.0202903646344126,1.0284280918318265
m1026468.2,1.014148158349461,1.0224546038105478
p901909.2,1.0141469762852453,1.022453431235231
m1026662.1,0.997706984015656,1.0108303243661871
m1026662.3,1.0096018588297435,1.0161704417028368
m1026662.2,1.0204167558585313,1.0285554966070536
n1141473.1,0.9977032119449954,1.010826601798164
m1026941.1,1.0090613567088287,1.021832727946459
m1026942.1,1.0090496008635064,1.0218211187851673
n1137985.1,1.015937374208088,1.0288466573064128
m1047713.1,1.017035843445269,1.029934852696693
m1047713.2,1.0144428836657997,1.0226280886167574
m1047713.3,1.029433878854519,1.0359444876579131
m1047720.1,1.0165726782204347,1.029476049830648
m1047720.2,1.0129048162130319,1.0211033084516818
m1047720.3,1.029688185396336,1.0361966357298678
m1108298.1,1.011448644109228,1.0201211341588277
m1108298.2,1.0166070293928247,1.023890151964501
m1108298.3,1.0308020494099728,1.035772515420459
196-36167.1,1.0114048240357103,1.0200834326632442
196-36167.2,1.0165587182912272,1.0238460528254214
196-36167.3,1.0308169179550284,1.0357895721386527
e183472.1,0.9807868341166935,0.9913592528423161
e183472.2,1.0062509216013367,1.0149294230241792
e183472.3,1.0335230306379797,1.0391257676412038
l2989566.1,0.9796052355198986,0.990307095664332
l2989566.2,1.004964929763559,1.0137663154528491
l2989566.3,1.0332594310301966,1.038967816834505
m1010007.1,0.9896165841709238,1.0024275806650442
m1010004.1,0.989506485080717,1.0023188781072327
p862322.1,0.9780634674881044,0.9888820408568662
p862322.2,1.0030558084516734,1.0119687179768722
p862322.3,1.0324267040720723,1.038227600630155
m1089188.3,1.0125127795098783,1.0175594568458577
m1089189.3,1.0124636923311046,1.0175106144650294
l2972704.3,1.0385596357142606,1.0439072723019835
l3263051.3,1.038537320483975,1.043885071239453
n1139544.3,1.0351604400644416,1.0405255964067013
l2897776.3,1.0351481442277806,1.0405133639042208
n1230122.1,0.9789322399304556,0.9897039100680577
l2689726.1,0.9916711882249251,1.0048684640281582
m1142868.1,1.0042458527263767,1.0129174195074926
m1142868.2,1.0189400723780568,1.0262059413520288
m1142868.3,1.034681491428857,1.0395433662987545
m1142869.1,1.0034421514851666,1.0121804110608812
m1142869.2,1.018470265588565,1.0257866379624194
m1142869.3,1.0346121492265614,1.039500056424501
l2767414.3,1.0277207200355651,1.0326919001850872
m1027027.3,1.0146131998167338,1.0212016040619547
l3270853.3,1.0146132018870309,1.0212016061456954
m1125982.2,1.0100110885039675,1.0182400171875912
m1069572.2,1.0248691744377476,1.0321984457397229
l3066826.2,1.0248323614476695,1.0321618936131485
m1166356.1,1.0205447864147175,1.0274970153516285
l2730187.1,1.0205245595509278,1.0274769263890975
l3122825.1,1.0012767487172076,1.0153829754165253
l2991920.1,1.0012698505625939,1.0153761715657628
n1134474.1,1.0185297571979242,1.033236919084258
n1134474.2,1.0324075772623253,1.0396054862797346
n1134474.3,1.044243939737272,1.0507526866596122
m1069496.1,1.0179526497228033,1.032688665589672
m1069496.2,1.0320770345703933,1.0392885119609379
m1069496.3,1.044299326002303,1.0508082532861445
l3122826.1,1.0126773509155138,1.0266455582209968
m1047358.1,1.0126399986787735,1.0266087112685396
l3142078.2,1.038085498762999,1.0461135055967583
l2879752.2,1.0380625915147441,1.0460907736840894
p850072.1,0.9777760832990778,0.9885981742895956
p850072.2,1.0027736821279063,1.0116889337396933
p850072.3,1.0322001624023416,1.0380020629587579
221-311609.1,0.9777754211180871,0.9885975202134385
221-311609.2,1.0027729122218927,1.011688171324765
221-311609.3,1.0321993811446146,1.0380012848356768
m1027023.2,1.0110318934549145,1.0193619240461242
m1027023.1,0.9949231597688887,1.0076654112550925
m1027023.3,1.0165932236864401,1.0231689790869871
l3122815.2,1.011018800005674,1.0193489367503674
l2724120.3,1.0379546474159982,1.0433053680438373
m1069149.3,1.0379516214096514,1.0433023575908695
l2729429.1,1.0067088259188224,1.0197024636691303
l3215549.2,0.9959837277823917,1.0043269123058398
l2897800.2,0.9952591871019963,1.0036084787801547
l3027156.3,1.030618535088572,1.0371194872887626
l2860481.3,1.0306049862598017,1.0371060230750304
n1140828.1,0.9982127779350269,1.0113266987271157
n1140828.2,1.020342303022202,1.028480511489515
n1140828.3,1.010754766871012,1.0173160240405033
m1026708.1,0.998184687098066,1.0112990359833065
m1026708.2,1.0203493528225096,1.028487553199921
m1026708.3,1.0107283440983585,1.0172897609370959
m1126020.1,0.9675429424340093,0.9789764489665126
m1126023.1,0.9675344265358822,0.9789680338193325
m1026906.1,1.0102182145357779,1.0229752043659341
m1209824.3,1.041297767589854,1.0442769733097563
m1209828.3,1.040189480194884,1.0431718914013581
l3195315.1,1.025262257245041,1.038955129428586
m1069590.2,1.0218772746327536,1.0292281183309833
m1069595.2,1.0212395431871126,1.0285949873438693
m1027004.2,0.9945559017320693,1.002910924559606
l2897765.2,0.9941934549491938,1.002551521812531
m1047314.1,1.0089714171345858,1.0229865953735666
n1137961.1,1.0089369803098143,1.0229526282119772
l2876814.1,1.0024701095946509,1.0148538909677416
l2876814.2,1.010464388649064,1.0187893438113746
l2876814.3,1.0220601673544298,1.0286037457473591
m1026834.1,1.0021085614817926,1.0144601843004595
m1026834.2,1.0097586718831666,1.0180898800436526
m1026834.3,1.0219166141228235,1.028460818756458
m1008743.2,0.9922329330543045,1.0007277540726225
m1008742.2,0.9921712440108768,1.0006665885429686
p827525.1,1.00657548858327,1.0192140359117514
p827525.2,1.0171447789684476,1.0254078520892511
p827525.3,1.023730417519699,1.030267212323564
m1026902.1,1.0060925752360994,1.0187192028359142
m1026902.2,1.0165874715944019,1.024856297620589
m1026902.3,1.0235748346218416,1.0301120532981303
n1144663.1,1.0192529465656137,1.0339239318364835
n1144663.2,1.0328226296871832,1.0400034980180546
n1144663.3,1.044174769292573,1.0506832832583382
m1089215.1,1.018993971172129,1.0336779137591483
m1089215.2,1.0326738914313034,1.0398608668808844
m1089215.3,1.0441995092680079,1.0507081075423332
m1069467.1,1.01282102864867,1.0256062759772713
m1047324.1,1.0113736004902705,1.0253582428530745
m1047324.2,1.0160460961099378,1.0243407345993085
m1047324.3,1.0388226223434773,1.0442305445614481
l2897780.1,1.0106240450180632,1.0246181943199157
l2897780.2,1.0152512535145,1.0235524254644317
l2897780.3,1.0386192613069836,1.044029282903448
m1069411.1,1.0109664350256111,1.0237833298781494
m1069411.2,1.004062325916098,1.0123362298472032
m1069411.3,1.0141955387069106,1.0206676034355247
l2711226.1,1.0111929530502959,1.019537192952008
l2711226.2,1.0207318326452837,1.0277452676176582
l2711226.3,1.0336051432454243,1.0384019259422097
l3101789.1,0.9985335557903817,1.0107310575879758
l2841616.1,1.0117074623378515,1.0245113098537335
m1089170.3,1.0142248202422464,1.0192629477574724
l2879062.3,1.0136565981159775,1.0186975603750823
n1139545.3,1.0397531907440716,1.045094694098377
m1069174.3,1.039433124672491,1.0447762656981128
n1140517.1,1.0304399925806256,1.0445421741314649
l3157718.1,1.0304288065385745,1.044531137360092
l2727008.2,1.0207060503301153,1.0280653473665016
m1069629.2,1.0200398776761654,1.0274039863710875
l2691944.1,0.9983001228326214,1.0109919183916491
n1230121.3,1.0305386751025203,1.0354959539220263
m1069533.1,1.0139097040324547,1.028818822061998
m1069533.2,1.028661598543639,1.0359636791518818
m1069533.3,1.0456790943132663,1.0521816930931247
n1136356.1,1.0138974865194879,1.028807180049213
n1136356.2,1.028675931730336,1.0359778725454445
n1136356.3,1.0456399198259363,1.0521427089855242
m1142865.1,1.0062158446714444,1.014723839591281
m1142865.2,1.020094442712813,1.0272362116811256
m1142865.3,1.0348520873148488,1.0396500981132775
m1047526.1,1.0247812116963697,1.0376464791229498
m1047526.2,1.028568061012355,1.0366093174221134
m1047526.3,1.0301050819761255,1.0366195455533436
n1136666.1,1.024642473765391,1.0375069961167571
n1136666.2,1.028448833604039,1.0364920342363242
n1136666.3,1.0300589149313208,1.0365735142640038
l2804253.1,1.025032777818634,1.0387286733133443
m1209790.1,1.0391318925664528,1.0438039910881964
m1209790.2,1.041870412408448,1.0460666902899327
m1209790.3,1.0492976694391147,1.052409209684127
m1209788.1,1.0382407000116556,1.0430196448030122
m1209788.2,1.0412668024252374,1.0455462473974109
m1209788.3,1.048827566478614,1.0519868265098555
p850400.3,1.011972628399827,1.0184584946667328
l3029500.1,0.9975456724481,1.009755102301551
m1026764.1,0.9975249575809516,1.0097346354799437
m1108375.3,1.033513846140355,1.0390023811691529
m1069217.3,1.0358540607616513,1.0412156378812423
l2954350.3,1.0358122901860258,1.0411740814814936
l2802481.1,0.9778388054658143,0.9886227095096566
l3214549.1,0.9778103823072479,0.9885946060968983
l2851933.1,0.9987076652153828,1.0118140257019081
l2851933.2,1.020195147952408,1.0283337829175816
l2851933.3,1.011252660041073,1.017810874488347
l3207907.1,0.9986925599441732,1.0117991245836178
l3207907.2,1.0201837167418177,1.0283224682280396
l3207907.3,1.0112454142520002,1.017803666253597
l2841619.3,1.0124049439146419,1.017452158900429
m1108380.2,1.0038476214467045,1.0127537863980693
m1108380.1,0.9787837821869688,0.9895937010520286
m1108380.3,1.0330526736658334,1.0388506114512694
p904452.2,1.003826937328016,1.0127332920861458
n1136995.3,1.0285758223523336,1.0350944833285702
m1047613.3,1.028551759513811,1.0350705739839323
221-306687.2,1.0164575406342982,1.0247451823407312
l2916625.2,1.016391407609006,1.0246795862524964
m1009724.1,0.9983109576827235,1.0105111482843763
m1009720.1,0.9981668103997702,1.0103687411698616
l2822862.3,1.0179464194575139,1.022966001431749
d6019477-1_int.3,1.016093105094354,1.0226718576518485
e182727.3,1.0160901627618215,1.0226689344012199
m1027043.3,1.016133999074664,1.0227124854571825
m1027043.1,0.9943935100874722,1.0071437259300182
m1027043.2,1.0110182729812576,1.019349114862152
m1026948.2,1.0128088377162447,1.0211173360613457
m1026949.2,1.012805131330356,1.021113659709692
m1089131.1,0.9922002898964372,1.0012539187342215
m1089131.2,0.9952809459530151,1.0028611013438178
m1089131.3,1.0147140278798885,1.0198418513009095
l3270854.1,0.9922002927146489,1.0012539215781489
m1209763.2,1.0361551965728053,1.0410960509194345
l3176661.3,1.0324166078401302,1.0354215860944593
l2970804.3,1.0324003292514599,1.0354053547862119
p827504.1,1.013683180411379,1.0264535233468353
n1137957.1,1.013680788163054,1.0264511611230647
l2936275.2,1.0360478739686407,1.0409892401992216
l2766722.2,0.9937796955690245,1.0021405743546292
l3142079.2,1.0179684473123045,1.0251344861317573
m3036162.2,1.0179674213293668,1.0251334672696562
m1026724.1,1.0024388706956628,1.0154923022445212
m1026724.2,1.0207948363471975,1.0289241616901021
m1026724.3,1.0138853623638302,1.0204281817537755
r18243.1,1.002369642438579,1.015424043337474
r18243.2,1.0207866510806043,1.0289161228856434
r18243.3,1.0138433370974107,1.0203863973435061
l2710504.2,0.9918298858505146,1.0002081614235039
m1142860.1,1.0079830699377763,1.0163448090392826
m1142860.2,1.0211213463690625,1.0281519987682668
m1142860.3,1.0350127219416327,1.0397536003313586
p895114.1,1.0079807178277393,1.0163424761787327
l3197652.1,1.0138035138641721,1.0287146975479817
p827575.3,1.0155878109412948,1.0220534329805864
m1069437.3,1.0155823559754829,1.0220480125865417
m1069620.2,1.0210971992716071,1.0284536660838108
l3270814.1,1.0090414558928997,1.0218130760289537
m1026378.1,1.0006218459919394,1.0147371759466803
l2897778.1,1.0004603175681799,1.0145778921528235
m1069532.2,1.0286582512970766,1.0359603554931804
l2785534.2,1.028646351499291,1.0359485395910621
m1069147.3,1.0382891778808108,1.0436381829881092
l3066801.3,1.0382848822404893,1.0436339091441842
m1069556.3,1.0456226312683865,1.0521254919201608
m1069556.1,1.0138807757286588,1.0287908490640958
m1069556.2,1.0286908368164545,1.035992643086726
p901932.3,1.0456207357928529,1.0521236080932153
l2691967.1,1.0063461805542573,1.021635207404179
l2691967.2,1.0258836097784514,1.033367437126295
l2691967.3,1.0420606158301,1.0485832195216231
m1069504.1,1.005241958201338,1.0205667317102096
m1069504.2,1.0251085188670948,1.0326140250672218
m1069504.3,1.0414761780060002,1.0479984069958548
m1166393.3,1.0350182417322247,1.0380156715173892
m1166395.3,1.0348552475554111,1.0378531495567906
l2766718.1,1.0243865088146538,1.0381102979119379
l2766718.2,1.0306857488931997,1.0388173427232257
l2766718.3,1.0395382758227354,1.0449019081736834
l3048206.1,1.0234878262032956,1.0372332613125497
l3048206.2,1.0295625631174594,1.0377079634533797
l3048206.3,1.0395705162410867,1.0449376761092513
m1047821.2,0.9937854885132107,1.0021469821883098
l2684420.2,0.9937527123798364,1.0021144817610532
p850080.1,0.977796064354143,0.988617906750265
p850080.2,1.0027993584714816,1.0117143971517801
p850080.3,1.0322191328940877,1.038020950849319
221-311905.1,0.9777952389649726,0.9886170914012137
221-311905.2,1.002798372926604,1.0117134215849595
221-311905.3,1.0322181497351104,1.0380199716826963
m1089204.1,1.027157272651807,1.0414231053403697
l3157167.1,1.0271348080685012,1.0414009465917018
m1186072.1,1.0325242076322363,1.0379895933525785
m1186072.2,1.037408286263359,1.0422203581425524
m1186072.3,1.045830838576098,1.0492958385748095
m1186067.1,1.0319017276352431,1.0374423561822026
m1186067.2,1.0369850399176048,1.0418553354948958
m1186067.3,1.0455037343360194,1.049002166839625
m1047432.1,0.9940655009454822,1.007231247484097
l2879075.1,0.9940579120872437,1.0072237568953133
m3037537.2,1.003480206269506,1.0118637613639698
l3231269.2,1.0034588984024697,1.0118426310324762
r42247.1,1.0144363424056724,1.02219097154972
r42247.2,1.0255097121045758,1.0320823150402927
r42247.3,1.036251615827133,1.040736442042547
m1149233.1,1.0138127269010468,1.0216342660148443
m1149233.2,1.0250101132902332,1.0316333603535426
m1149233.3,1.03606760255013,1.0405827682629356
m1108266.2,1.0388825025193544,1.0469043685243078
m1108265.2,1.0388207611139568,1.0468431067227073
m1069543.2,1.0253027236518282,1.0326289164020896
m1069535.2,1.0252645659353048,1.032591036820837
m1126017.1,0.9675116595023002,0.9789455359356771
m1047711.1,1.0085061017370214,1.0237014983799275
m1047718.1,1.0084718377742088,1.0236677396629126
m1069136.1,1.0177056093269627,1.0315929061708207
m1069136.2,1.0220518481570806,1.0302900757973994
m1069136.3,1.0401267195519088,1.045515969434087
m1009771.2,1.0090361897109466,1.0173769246947557
l2914323.2,1.0090275231234351,1.0173683286071353
m1069218.3,1.0351995814973587,1.04056453812975
l2954351.3,1.0351835665194524,1.0405486050152946
m1026744.1,1.0042091777004938,1.0172378179483907
m1026744.2,1.0210041176531044,1.0291296974906914
m1026744.3,1.0149600018229659,1.0214966625085344
m1008752.2,0.9924806862292616,1.0009733978453905
m1008746.2,0.9922999190549522,1.0007941713876252
m1069457.1,1.0123777532854408,1.025170935333545
m1069457.2,1.009320955436369,1.017545968735808
m1069457.3,1.015908205882389,1.0223722235259975
e182745.1,1.012377753420455,1.0251709354702656
n1139546.2,1.0410429373621783,1.049048080692377
m1026363.3,1.037724861076881,1.0431512674085452
l2897779.3,1.0376667456177127,1.0430934526549858
l2841626.3,1.0358427037987026,1.0412043395599937
l2711234.2,1.0165710960589067,1.023854475363641
l2973178.2,1.0076634811033345,1.0159039038660862
m1149236.1,1.0155807372598673,1.023189812299429
m1149236.2,1.0263222972853239,1.0327818057081415
m1149236.3,1.0368841535591982,1.0413004107800665
p829974.1,1.015580286801025,1.0231893651474604
l3160862.3,1.0343586957237263,1.0392801481973364
l3104850.3,1.0343308544656151,1.0392524386693174
l2748130.2,1.0190477311262645,1.0273142903002204
l3083019.1,0.9935379271679252,1.0062990307108317
m1027080.1,0.9933990024505545,1.0061618734972149
l3085389.2,0.9924716777770382,1.0009644670613187
l2729405.2,1.0387635227835292,1.046786270118332
p828362.1,1.020727818369667,1.0335876731108269
p828362.2,1.0235588338219628,1.0316640692850132
p828362.3,1.0288367491072923,1.0353547901264828
n1136671.1,1.0206910178044095,1.0335512950475298
n1136671.2,1.0234707927903284,1.0315768057613652
n1136671.3,1.0288284770232072,1.0353465340797838
p901941.1,0.9976702100484693,1.006882606569141
l3251799.1,0.997656199902251,1.006868723588837
m1026308.2,0.9937902509131816,1.0022717887719894
l2897764.2,0.9937587412961669,1.002240549469533
m1009840.2,1.0036995028907811,1.0120812231775833
l2991901.2,1.0036544974131552,1.01203659357229
n1134470.1,0.9920991249887179,1.0048785462977807
l3251808.1,0.9917485745180745,1.0045324608936232
l3139086.2,0.9924606924803645,1.0008326444734803
n1137992.1,1.0164233452702092,1.0292702839663705
n1137992.2,1.0221005025229366,1.030203367236666
n1137992.3,1.0223286966809815,1.0288179315889112
196-29520.1,1.0164051090686195,1.0292516885138128
196-29520.2,1.0220714377958355,1.0301746032471184
196-29520.3,1.022310118131889,1.0287991496030802
l3029501.2,1.000243346599426,1.008549914580016
m3036165.2,1.000241141873394,1.0085477282244286
m1026857.1,1.0116028690317023,1.024342651954369
m1026859.1,1.0115709179809202,1.0243110979523342
m1108311.3,1.0306865752673082,1.0356472496378233
m1108311.1,1.0116782705905172,1.0203222727077228
m1108311.2,1.016884794551409,1.0241480435013746
l2898526.3,1.0306834550623265,1.0356441442563193
l3048965.1,1.0122874562639526,1.0202726115497525
l3048965.2,1.0237896617882758,1.030536562277578
l3048965.3,1.0356187141928834,1.0402079876755648
l3216123.1,1.0196899254462857,1.032561651987456
l3216123.2,1.0209871123402585,1.0291150127905502
l3216123.3,1.0286042621873546,1.035122730229436
n1136996.1,1.0190526065793,1.0319310743263814
n1136996.2,1.0195421773730005,1.027682808149883
n1136996.3,1.028751682578831,1.0352686111520115
m1069202.3,1.0376480066730605,1.043000337247173
l2879073.3,1.0371216486073036,1.042476690743436
m1089093.3,1.0384576367277414,1.0438057780249872
m1047786.2,0.9966058482829218,1.0049436739074866
l3048207.2,0.99633472468303,1.0046748233411966
l3160868.2,1.0187605413833605,1.0264386219323385
l3082988.2,1.0187463740379261,1.026424561087726
l2936211.3,1.0338690901137124,1.0390776434085303
n1140525.3,1.0273030198335882,1.0338284627189727
l3645809.3,1.0272142393269108,1.033740258778316
p829962.3,1.0343963286260636,1.0391145445874996
m1142835.3,1.0343897668090443,1.0391080126117656
l3125349.1,1.011038561008064,1.0238588942871545
l3125349.2,1.0027866433652266,1.011072212172709
l3125349.3,1.0131081881839334,1.0195867305073616
n1138604.1,1.011099361220056,1.0239198291213123
n1138604.2,1.00274994570103,1.0110359153028983
n1138604.3,1.0128866154675853,1.0193665887401258
d5710794-3_int.1,1.0499141354290862,1.053088550222478
d5710794-3_int.2,1.0497389202375407,1.0527501353228215
d5710794-3_int.3,1.0559471779873488,1.0583522585538696
e192860.1,1.0498501328638656,1.053031110042135
e192860.2,1.0496766752674456,1.0526940172131256
e192860.3,1.0558864622244384,1.0582968503756551
l3254216.1,0.991699179530204,1.00489608004585
l2785511.1,1.0271019780678299,1.0413685653427498
l2897784.2,1.013920697681644,1.022228990415263
m1026496.2,1.0138833925253927,1.0221919843730272
p859135.1,1.0176196552468142,1.0305129426217854
m1027002.1,0.9963673589214325,1.0090884748445734
m1027002.2,1.0113855753721395,1.019710863868233
m1027002.3,1.0176934048303088,1.0242627562712165
l2673313.1,0.995992121538336,1.0087186780474942
l2673313.2,1.011265717307267,1.019592462234454
l2673313.3,1.0174209686020856,1.0239918918206892
m1047725.2,1.0114471980386848,1.0196582829303442
m1047728.2,1.011421649593664,1.0196329414053436
m1047300.1,1.0063081068382507,1.0203554572293578
m1047300.2,1.0094850198229126,1.0178339199423303
m1047300.3,1.0375566821305868,1.0429793226124948
m1047299.1,1.0059598197404847,1.0200112025164585
m1047299.2,1.0089839774016358,1.017337047571382
m1047299.3,1.0375582995689465,1.042981539448257
l3122835.2,1.0218640230985538,1.0292149612587338
l3234185.2,0.9914244373914309,0.9998061306343081
l3065750.2,0.9913949685104124,0.9997769085089708
l2991943.3,1.0370542158088951,1.0424781054789984
l2952013.1,1.0081343274309702,1.0208465853574333
m1026701.1,0.9980424848458539,1.0111589384884305
m1026701.2,1.0203866464817237,1.0285247826545096
m1026701.3,1.0106172531823483,1.0171793344946147
m1026697.1,0.9979612427457892,1.011079023334795
m1026697.2,1.020404901174277,1.0285430465798522
m1026697.3,1.0105095686830508,1.0170723185289852
m1069730.2,0.9915733781298793,0.9999538148309534
l3159037.2,0.991525371132024,0.9999062139912195
m1142833.3,1.0343814066237282,1.0390996902938003
p901913.3,1.0240041008982623,1.030500865039735
n1140823.1,0.9987751203193752,1.0118805448073982
n1140823.2,1.0202565798195515,1.028394633122338
n1140823.3,1.0113065137867934,1.0178644178458731
m1027066.3,1.0138192033495481,1.0204127657807673
l2841645.3,1.0138143883379538,1.0204079818101297
m1125959.3,1.033835790262718,1.039080056665821
m1125974.3,1.033810854508085,1.0390552460800075
m1069191.1,1.025402660234777,1.039093683945799
m1108258.2,1.0382212012815963,1.04624816885771
p829976.1,1.0114552029333912,1.0195291887209146
l2955078.1,1.0114406607014788,1.0195147610644344
n1147867.3,1.0125399667351396,1.0175864829588925
d5837361-8_int.3,1.0125399667746187,1.0175864829985684
m1026792.1,1.0068873554376534,1.0196150582617973
l2821010.1,1.006744887308554,1.0194743579416146
m1125976.1,0.9870599155753006,0.9971323290655143
m1125976.2,1.0093108262561317,1.0176241577070841
m1125976.3,1.0336683533758173,1.0390757739971934
n1142112.2,1.0382886084752867,1.0463150596033273
p827496.2,1.0382831631865248,1.0463096560649077
221-240988.3,1.0092463778718554,1.0158173134285406
l3141411.3,1.0092242578716253,1.015795344984039
p829956.3,1.0345731948356802,1.0394754911026085
d5535139-1_int.1,0.9793889308862079,0.9900715953378892
d5535139-1_int.2,1.0056293207057851,1.0143852840807541
d5535139-1_int.3,1.0334470236374411,1.0390884159629454
e183473.1,0.9793432248008327,0.9900296213201267
e183473.2,1.0055872020220566,1.014346579504042
e183473.3,1.0334189601337087,1.0390631906632972
m1125997.1,0.9794323565263666,0.9901115660379957
m1125997.2,1.005649230698495,1.0144027424577404
m1125997.3,1.0334495722695194,1.0390897027742594
m1047518.2,1.0258046716245364,1.0338915207089834
l2973160.2,1.025794149247215,1.0338810798821547
n1134471.1,0.9933990066668122,1.0061618777676418
m1009838.2,1.004198274316961,1.0125758376943075
l2801896.2,1.004101246215947,1.0124796171663786
p827520.3,1.03977307201216,1.0451144736300937
m1009784.1,0.9993411009146002,1.0115289063940043
m1009784.2,1.0090225170022051,1.0173631210798293
m1009784.3,1.0209634880075849,1.027512450494049
m1009770.1,0.9991118201819549,1.0113023457421488
m1009770.2,1.0090371860838685,1.017377912949319
m1009770.3,1.020954001000991,1.0275029320287221
n1136669.1,1.02124540148785,1.0340892636389927
n1136669.2,1.0257088741475502,1.033798783944
n1136669.3,1.0288560271798364,1.03537448822184
l3103822.1,1.0206663256597703,1.0335042322169683
l3103822.2,1.0254499577628688,1.0335467747627332
l3103822.3,1.0285634106942194,1.0350831836523497
m3768670.1,1.0154496711638992,1.0282372271427318
m3768670.2,1.023402198343374,1.0315567822371579
m3768670.3,1.0266026022203765,1.0331300986460767
p1123251.1,1.015439501297604,1.0282271840065451
n1136994.3,1.0275372238971465,1.0340615308561003
l2729428.1,0.9964643629105905,1.0095985888944974
m1026926.1,1.0038516604503243,1.01646678549741
m1026926.2,1.0147291420301794,1.0230171713553942
m1026926.3,1.0226629835231102,1.029204179070356
n1138000.1,1.0038501017377703,1.0164652462189865
221-242079.1,1.0310504446796327,1.036681259957542
221-242079.2,1.0362800048458791,1.0412202507776247
221-242079.3,1.0450695699161336,1.0486075725075619
l3011293.1,1.0310417593563352,1.0366726256315115
l3011293.2,1.0362694627704103,1.0412097659082962
l3011293.3,1.045058578154531,1.0485966111417464
m1026777.1,1.0066951099307093,1.0194251966886283
l3233353.1,1.0066881582599234,1.019418330528908
l3029506.2,1.025819850111019,1.033906580906238
l3010559.1,1.0101740142174187,1.0230017605222435
m1069213.3,1.0361692351403264,1.041529186250221
l3178977.3,1.0361474175399255,1.0415074805827043
m1108534.1,1.0304422734288425,1.0445444244660822
m1108534.2,1.0394811458281705,1.0463354641821232
m1108534.3,1.0435342092460131,1.0500359348873607
p901934.1,1.0304415713051667,1.044543731738333
p829796.3,1.0433733467005344,1.0498716085104889
n1142107.3,1.0433137615007193,1.0498123932181986
l2691965.2,1.0286543278856004,1.0359564595198043
l2785538.1,1.0087243394717458,1.0239165150691492
n1139259.3,1.015572640947345,1.022038358910128
l2710543.3,1.0155650030715766,1.0220307692276414
q1301.1,1.009073148488303,1.017345015319639
q1301.2,1.0217478543860763,1.0287101891728962
q1301.3,1.035119312040765,1.0398250570498393
l3160872.1,1.008860518960984,1.0171499889250628
l3160872.2,1.021624565575279,1.0286002956000548
l3160872.3,1.0350972055975658,1.039809839638678
p827509.2,1.0001170257071221,1.0084254471978753
m1047793.2,0.9968510589571614,1.005186937125346
p827555.2,0.996848274975774,1.00518417630436
l2879069.1,1.012695881516306,1.0256342713217614
l2955006.3,1.0427241412133814,1.049226431868702
l2692600.3,1.0427116370185836,1.049214004701049
l3029505.3,1.0334920877372344,1.0400092237252136
l2673318.3,1.0334711465463182,1.0399884128577008
m1026682.1,0.9978009148157213,1.010921057591935
m1047424.2,1.0000129280162697,1.0083214122722135
l2691949.2,0.9999937617655649,1.008302405076493
m1026699.2,0.9912233013881757,0.9996056786275134
l3085403.1,0.9978861252813648,1.011004597894743
m4113345.3,1.023990284316482,1.030487135555572
l3235255.1,1.0102724303335164,1.024271050646795
l3235255.2,1.014890300370696,1.0231944391569325
l3235255.3,1.0385202485576461,1.0439312661799565
m1047316.1,1.0098598257456932,1.023863710269486
m1047316.2,1.014468600071623,1.0227762067260275
m1047316.3,1.0384032811280537,1.0438154657254142
m1026886.1,1.007212404963684,1.0198646974485774
m1026886.2,1.017793057226549,1.0260492691668652
m1026886.3,1.0239268024899377,1.0304630608180485
l3120484.1,1.0072026926843176,1.019854777673687
l3120484.2,1.0177832292233628,1.026039545491122
l3120484.3,1.0239236547071298,1.0304599221647983
l2879078.1,0.9978282940490789,1.010948503729874
l2879078.2,1.0204281771850665,1.0285664362105653
l2879078.3,1.0102388327603276,1.0168032943610943
m1026681.1,0.9978036868142487,1.0109244818497272
m1026681.2,1.0204290473665056,1.0285673786872243
m1026681.3,1.0101394213714427,1.016704521929674
l3232902.1,0.9768634110706699,0.9877354384712824
l3232902.2,1.0044338854303116,1.013322463176419
l3232902.3,1.0332893828897316,1.038996886543856
l3123509.1,1.0310530808900449,1.036683885799007
l3123509.2,1.0362798267595486,1.0412200731573593
l3123509.3,1.0450678151240538,1.0486058241153229
m1209772.1,1.0310531164949979,1.0366839216019714
m1209772.2,1.0362798622874396,1.041220108853761
m1209772.3,1.0450678480939468,1.0486058571887966
r20703.1,0.9792594858730902,0.9899525443481206
r20703.2,1.005548816768471,1.0143129210091582
r20703.3,1.0334140475065219,1.039060711134235
l2859403.1,0.9787039038638805,0.9894411548738904
l2859403.2,1.0052943351956856,1.0140897799741466
l2859403.3,1.0333814869515252,1.0390442918500733
m1026927.1,1.003776072721635,1.016392238209586
m1026927.2,1.014693035342696,1.0229814494877798
m1026927.3,1.0226241707468218,1.0291655778939375
m1125914.1,1.0113788132100234,1.0198988014005472
m1125914.2,1.0185078870670936,1.0256701631342253
m1125914.3,1.0320227269512525,1.036918840460181
l2917328.1,1.011406304196142,1.0199352613470474
l2917328.2,1.0183936377009484,1.0255633796094672
l2917328.3,1.0319198269893124,1.0368208860401165
l2841635.1,1.0146445365441084,1.0275270200055013
l2841635.2,1.022349897005648,1.0304520907513735
l2841635.3,1.0212708546560134,1.0277714531722237
l2766499.3,1.0282804008396984,1.034800951057663
m1047444.2,0.9953916553520168,1.0037389857178118
m1108459.2,1.0028060833960122,1.011721780216236
l2802480.2,1.0026725217625418,1.0115894337652998
l2691954.1,1.00443915196936,1.018507830094604
l2691954.2,1.0067792452468738,1.0151506837336213
l2691954.3,1.0376914199881526,1.043116634387488
l3122849.1,1.0040914516558164,1.0181640548907873
l3122849.2,1.0062878634745591,1.014663400922507
l3122849.3,1.037737756309391,1.0431633285738549
l2764411.3,1.032585813801794,1.035590300401788
m1026907.1,1.0050368495079713,1.0176358101265386
m1026907.2,1.015298676593634,1.0235806604885314
m1026907.3,1.0232273780521837,1.0297655395508944
l2729206.3,1.0285293432557083,1.03504830041703
l2804957.3,1.0324737348229647,1.0354785472225385
l3048937.3,1.0324485749765158,1.0354534603989543
l2822872.1,1.0151993926126628,1.0280220291228297
l2822872.2,1.0201794435093934,1.028302287741457
l2822872.3,1.021052332995126,1.0275279589732735
l3235946.1,0.9684790190430953,0.9799015531238086
m1126005.1,0.9680816411641006,0.9795088244029543
m1009698.1,0.9977532724828605,1.009960196271621
l3156034.1,0.9977244676631993,1.0099317369279561
l3254205.3,1.036860679958613,1.0422855768774673
l3197647.1,1.006699931662401,1.0196936810774562
m1026778.1,1.0066999316653034,1.0196936810803958
m1026844.3,1.0220655342281046,1.0286090892657798
m1026844.1,1.0024838755706116,1.0148688492161568
m1026844.2,1.0104905603499457,1.0188152832155628
n1147861.3,1.0220639153410167,1.028607480688501
l2973833.1,1.0212201466118416,1.0280998086744104
l2973833.2,1.030132073826698,1.0360323903560058
l2973833.3,1.0398383298521812,1.0439307293681046
m1166373.1,1.0206481329448296,1.027599662708154
m1166373.2,1.029772449385613,1.0357277327845182
m1166373.3,1.0395449069001073,1.0436690308620236
l2991902.2,0.9933884302964747,1.001873396520786
m1008758.2,0.9930335523463142,1.0015215465688574
m1026734.1,0.9972314075546868,1.0094446494995515
l3065696.1,0.9972185418568762,1.0094319404168972
l2748780.1,0.9678453053829127,0.9792752563335081
m1125987.1,0.9844303471564091,0.9947111968186424
m1125987.2,1.0080275981493645,1.0164931365307421
m1125987.3,1.0335935003357715,1.039081631338734
p901945.1,0.9844266937584936,0.9947075871780976
p901945.2,1.0080238806087374,1.0164894487996858
p901945.3,1.0335889788309163,1.039077132835889
p901910.2,1.004446972881125,1.0127172979359602
l3027122.1,0.9692885118328399,0.9807015596898032
m1108506.1,0.9692669468534157,0.9806802475279257
l2841637.3,1.0369194698125483,1.042344065049786
n1139539.1,1.0170061708353644,1.0309106595591195
l2710520.1,1.0169066045456276,1.0308124285327105
m1089119.2,1.0410775792745581,1.0490824551576434
m1089119.1,1.0347135208196918,1.0482007949218521
m1089119.3,1.0435519571288658,1.0488607398120946
p827521.2,1.0410627875068368,1.049067777588556
l3046854.2,0.9930126703802795,1.0013799863174306
m1047478.3,1.0179201621257914,1.0243743624898833
l2766716.3,1.017904767960403,1.024359065327225
n1137003.1,1.0170302795242372,1.0299293577719093
l2973171.2,1.0228792095212895,1.0302228345348226
l3085392.3,1.0142106320540947,1.0192488293159572
p875742.2,1.0152986841558476,1.023580668112431
m1010008.1,0.9896181510054022,1.0024291276145758
l3784018.1,1.0135894560091623,1.0265192220473405
l3784018.2,1.0025516911978236,1.010839310314068
l3784018.3,1.0320343704869996,1.0385244100621607
m1026703.3,1.0107202810623834,1.0172817491380415
l2973166.3,1.010698070601272,1.0172596820111532
l3068944.2,1.018343585658962,1.0255070091121539
m1047550.1,1.0331974490360991,1.0460890706288062
m1047550.2,1.035183071635638,1.0430954188540267
m1047550.3,1.034759742756203,1.0412777044343735
l2936270.1,1.0399127359998308,1.0444850585659855
l3086078.1,1.0398594901705485,1.044432044916329
m1047593.1,1.0204387348283048,1.0333019085047577
m1047593.2,1.0228672372208505,1.030978580142197
m1047593.3,1.0287717668518561,1.0352899338377843
m1047615.1,1.019702355567877,1.0325739500512499
m1047615.2,1.0210145054157787,1.0291421641066105
m1047615.3,1.0286014871926368,1.03511998444941
m1009855.2,1.0040109264717854,1.0123900463532223
l2748139.2,1.0040027663382025,1.0123819536199
n1140832.3,1.0095999282834707,1.0161685238347347
l2841631.3,1.0095942471656447,1.016162880012313
m1047819.2,0.9939299907986119,1.0022902707539203
l2916610.2,1.0201869497076672,1.028325975813181
l2879076.3,1.0387980030740154,1.0441444169139271
m1089122.3,1.0386385794169997,1.0439858130025212
l2691939.2,1.005859784601719,1.014223561234925
m1069489.3,1.0159437043468795,1.0224097936520529
l2933120.3,1.0158802340656445,1.0223467276394225
m1069225.3,1.0351660874843647,1.0405312147320775
m1089120.1,1.0353901077743293,1.0488610056393386
m1089120.2,1.0419392770677498,1.0499344061633336
m1089120.3,1.0441892996790672,1.0494923998165755
l3645810.3,1.0270598427132172,1.0335868716379317
m3763623.3,1.0270546653352848,1.0335817288564673
l3649304.1,1.0148675246052057,1.0276623420869242
m1027042.3,1.0160628198782924,1.0226417694875631
l3178969.2,1.0045702018232114,1.0129446744246793
l2729401.2,1.00455677629558,1.0129313592351539
l3235249.1,1.0095675121211412,1.0223325879071794
l2954348.1,1.0094033534299467,1.022170469473859
l3066812.1,1.0127456850963434,1.0256834521665572
l2841622.1,1.012686949052086,1.0256254584551154
m1209787.1,1.0366262358513518,1.0415984984845614
m1209787.2,1.0401787021810263,1.0446084270650338
m1209787.3,1.0479820097465968,1.051227508154476
l2823611.1,1.0347618394959508,1.0399575747962753
l2823611.2,1.0389244747142747,1.0435276285111137
l2823611.3,1.0470053815138776,1.0503504362536062
196-35541.3,1.0302661180180794,1.03522474159452
m1108317.3,1.0293953114760608,1.0343582311036656
m1047340.1,1.0138675668997594,1.0278206806141388
l2991923.1,1.0138503494219728,1.0278036973807525
m1026661.1,0.9976882316745623,1.0108098509017653
p827530.1,0.9976866655870575,1.010808305356085
p827503.3,1.0173082404303622,1.0237656469868628
n1147865.1,0.9941788507330879,1.0069317990648483
l2895489.1,0.9941788665961555,1.0069318151314015
l2730163.1,1.0112604029382746,1.0197229865433768
l2730163.2,1.0193567085498196,1.0264707151562942
l2730163.3,1.0325927527350556,1.037458023740482
m1089103.2,1.039817227768118,1.047831838453766
l3048196.2,1.039696128657136,1.0477116751602018
l2673306.3,1.0124964295977532,1.0175431886196171
l2726973.1,1.0147048720363065,1.0275124431333233
l2726973.2,1.0191040297999632,1.0272376360525253
l2726973.3,1.0203729406543809,1.0268412922018626
m1047485.1,1.0145657344502663,1.0273641812232321
m1047485.2,1.0184994273664951,1.0266387389526768
m1047485.3,1.0200429565400584,1.0265075426305874
l2991640.3,1.0163777570421757,1.0214051563739264
m1089160.3,1.016365427205272,1.0213928872708031
l3160101.1,1.010165941925041,1.022993787929751
m1125905.2,1.0180975506728305,1.0252626933518407
m1026950.1,1.00041329397803,1.0130759056786738
m1026950.2,1.0131905162442811,1.0214952243733257
m1026950.3,1.0208539674858708,1.0274050817562546
m1026954.1,0.9998455374638471,1.0125159476918402
m1026954.2,1.0129442833838551,1.021251675297631
m1026954.3,1.0205690882332743,1.0271217540968456
m1047558.1,1.0343906059860413,1.0472856096485066
m1047558.2,1.0361252546568795,1.044007481769028
m1047558.3,1.0354486384207815,1.0419670988956424
n1136659.1,1.034384222805667,1.0472793058182137
l2766741.1,1.010877146692316,1.023695709890934
l2766741.2,1.0036324946415884,1.0119103522130184
l2766741.3,1.0140462692591674,1.0205190638686887
m1069564.1,1.0138546057987656,1.0287650499680159
m1069564.2,1.0287115976181747,1.0360132241944628
m1069564.3,1.045615523511912,1.0521183921576054
n1136361.1,1.0138522016295874,1.0287626802030165
m1047566.1,1.0363530369773284,1.049253635023968
m1047566.2,1.0376830858084947,1.0455154998640492
m1047566.3,1.0366064969674877,1.0431256531436235
n1137995.1,1.0363514623880554,1.049252079533727
n1145955.1,1.0019524856984967,1.0160475266685631
m1069461.1,1.0125834400677507,1.0253728308563563
m1069461.2,1.0101887327307348,1.0184056913613353
m1069461.3,1.0162418110349682,1.0227041704062536
p827574.1,1.0125808338159017,1.0253702568683825
m1069156.1,1.0229185312011766,1.0366778894115558
m1069156.2,1.0288255811021085,1.03698003597606
m1069156.3,1.0395934601289025,1.0449628990063629
l3195356.1,1.030416738330737,1.0440086969175466
l3195356.2,1.0364255710977437,1.0444861681418494
l3195356.3,1.0397541575677287,1.0450971454914342
n1137996.3,1.0354467219065064,1.0419651942925605
l3178979.3,1.0354444242613756,1.0419629109259663
l3254231.1,1.008624686839439,1.0238183332164692
l3728042.1,1.0136344281313965,1.026464608072349
l3728043.1,1.0136158432672844,1.0264462531655572
m1047723.1,1.008412799261347,1.023609570527225
m1047729.1,1.0083763551488927,1.0235736623278224
l2895461.1,1.0068770432313299,1.0196048731406995
l3029518.2,1.007660464777439,1.0159009127957055
l2897807.2,1.0076489996258935,1.0158895406480875
l2785520.2,1.017270626348295,1.0255516528184085
n1139542.3,1.0391789150031028,1.0445233706170685
221-308718.1,0.9780626228063135,0.9888812064592404
221-308718.2,1.0030547978572533,1.0119677176472324
221-308718.3,1.0324257067315425,1.0382266072304995
m1209750.2,1.0357832869535133,1.0407259146931858
l3254869.2,1.0100161781255528,1.0182450588510372
l2798067.2,1.0100102742655568,1.018239202205491
m1047403.1,0.9916673262766122,1.0048646491165516
m1047404.1,0.9916475083758503,1.0048450933095618
l3102793.2,1.0210647691512658,1.0284214679142205
m1089141.1,0.9955204277464925,1.0045159298246762
m1089141.2,0.9992998470038359,1.006834504336987
m1089141.3,1.017637424092559,1.0227464495176872
n1139547.1,1.0030263902555971,1.011898412952355
n1139547.2,1.0074512026208529,1.0148953045793176
n1139547.3,1.023770162156257,1.0288406971423505
l2688693.1,1.0017071443106706,1.0106005280864034
l2688693.2,1.0060342222233225,1.0134939230263262
l2688693.3,1.0226905564177617,1.0277677543118815
l3048222.3,1.021064376048462,1.0276135742032289
l3104117.3,1.0157455066595085,1.0222128609167447
221-311583.1,1.011311733218068,1.0241331086063583
n1139250.1,1.0113099142955104,1.024131312849922
l2690187.2,1.0033579080219532,1.0122685580601212
m1108412.2,1.003166683696426,1.0120790885127398
m1026690.1,0.9978790881478617,1.0109982103085617
m1026690.2,1.0204233522064297,1.0285615068755298
m1026690.3,1.010400675916343,1.0169641017250646
p873801.3,1.0119315629703347,1.0184177321490868
m1089138.1,0.9955033118302627,1.0044989677102292
l2841628.1,0.995484419859479,1.0044802454335284
m1069364.3,1.0123016802739886,1.0187854333743123
l2689678.2,1.015016359797582,1.0233157467069884
m1026463.2,1.0142247984787416,1.0225306210735787
l2692655.1,1.011244374492167,1.0195648763298757
l2692655.2,1.0209594041013186,1.0279520264992594
l2692655.3,1.033772817824246,1.038554215502893
m1142821.1,1.0112235220301167,1.0195646399869471
m1142821.2,1.0207737079337749,1.0277841403914272
m1142821.3,1.033650878734414,1.038444921923657
p827508.1,1.0260967394443257,1.0397786336374484
n1144667.1,0.993992787583059,1.0067481034990973
m1089162.3,1.0164051369216989,1.0214324016621776
l3029520.2,0.9924522522686235,1.0008242742559001
m1009655.3,1.009253631818117,1.0158245176478946
p827528.3,1.0092498175011666,1.0158207294802897
l2991906.1,0.9969767603214712,1.0059438172156063
m1027056.1,0.9941463818007237,1.0068997431981823
l3066814.1,1.0149988805834047,1.0298823649103386
l3066814.2,1.0303946202643917,1.0376751205512904
l3066814.3,1.0445854329253472,1.0510952060360377
m1108398.1,0.9777765848332838,0.9885986696843477
m1108398.2,1.0027742652606817,1.0116895111976578
m1108398.3,1.0322007541251406,1.038002652307199
m1108483.1,0.975416972115673,0.9863918344613974
m1108486.1,0.9754107950817026,0.9863857256108575
m1026341.1,1.0021079498833532,1.016202645505497
m1026341.2,1.0036522931013512,1.0120498532416353
m1026341.3,1.0382036473874168,1.0436300630041464
p827531.1,1.0020717078530725,1.016166906150971
l2748133.3,1.0351402149026951,1.0405054740618236
l3085399.3,1.0351254842171407,1.0404908187769686
l2767342.1,0.9679348409384143,0.9793637425012368
m1125944.1,0.9976727122627365,1.006885086061322
m1125944.2,1.0151743107009488,1.0228476800145878
m1125944.3,1.0341908270605313,1.0392633007742214
m1125947.1,0.9950971497480948,1.004521631005103
m1125947.2,1.0136967970904154,1.0215291168661258
m1125947.3,1.03401509646973,1.0391700911866018
l2710511.1,1.0183296662652113,1.0312157675171774
l2766719.1,1.0183171352328002,1.0312033908821672
p827549.1,1.0026759811870136,1.0180839274270261
n1140518.1,1.0026577137353627,1.0180659347300793
l2766728.3,1.0384032824973561,1.0438154671018531
m1069462.2,1.0106424195093004,1.0188551196182363
l3216342.2,1.0106300460510216,1.0188428454182024
m1027041.3,1.0158277811664012,1.0224082613942924
l2916607.3,1.015806628253827,1.0223872447438997
l2710513.2,0.9926084603658513,1.0009801349910519
m1009839.2,1.0039591256763403,1.0123386807409986
l2973165.1,1.0115807468208828,1.0243208031372293
m1108501.1,0.9690304780127833,0.9804465507146077
m1108499.1,0.968858582710754,0.9802766702167939
m1069227.3,1.035174685202093,1.0405397679599022
l2785546.1,1.0076623028754794,1.020380402121849
m1026810.1,1.0075055549139849,1.020225593874609
m1108368.3,1.0147042871402787,1.0197400280760798
l3085393.3,1.0146827790428146,1.0197186282475248
l3178974.2,0.9926532514195654,1.0010245308056256
m1026774.1,1.0080986076445542,1.021072951208282
m1026774.2,1.021577336811721,1.0296937707614973
m1026774.3,1.0172727360364118,1.0237961775038313
m1026769.1,1.0067467553234322,1.0197399102819522
m1026769.2,1.021397054366077,1.029516502343541
m1026769.3,1.0164961882815005,1.0230240666375277
l3189189.2,1.0202832266408353,1.0284210098712734
l2821770.1,1.011250134458806,1.0240722931625859
m1069555.2,1.025190151426246,1.0325171419672947
l3252336.2,1.0025840475232433,1.0115017574113303
p829977.1,1.030979366818718,1.0366105818069862
p829977.2,1.036238361175823,1.0411787714216578
p829977.3,1.0450080492913019,1.0485462618642267
l2820556.1,0.9924079832815517,1.0055955343328056
m1047410.1,0.992338605845703,1.005527069420483
m1027001.2,0.9948274505540601,1.0031801960895903
m1047344.1,1.008325098246426,1.0223490904177814
l3029499.1,1.0083171004097025,1.0223412013753148
221-282818.2,1.003806867010758,1.0127134059387237
m1026830.3,1.0272394017224098,1.0337648506506358
m1026830.1,1.0177163369480384,1.030524701383811
m1026830.2,1.024193181510902,1.0323241461938306
p827511.3,1.0272380835169448,1.0337635408120716
p895105.1,0.9955185793836353,1.004514098040296
n1142110.1,0.995515931945705,1.0045114743446821
n1142111.1,0.9973469042810086,1.0063106656966843
l2991912.1,0.9973071279660788,1.0062712420396676
l3010569.1,1.008461737515149,1.022483865594604
m1047335.1,1.008405868815599,1.0224287593984176
l3216368.1,0.9984720171742976,1.0115819799046257
l3216368.2,1.020243092504493,1.0283816423393644
l3216368.3,1.0109915718830678,1.017551394819697
l2879081.1,0.997828712655426,1.0109484914248525
l3104144.1,1.0138517326048744,1.0287622178493177
l2916619.2,1.0210469391685875,1.0284037734150373
m1126031.3,1.0424303595635502,1.0489344756664092
l3179608.3,1.0424155357567217,1.04891974456789
l2990098.1,0.9781523322638526,0.9889327150774924
m1108462.1,0.9781013541681169,0.9888823092959986
l2673326.2,1.0038372357525094,1.0122178061869411
m1142815.1,1.0104806078102762,1.0191010458093785
m1142815.2,1.0198066148379097,1.0270812076434181
m1142815.3,1.0330151299034205,1.0380480407533978
n1141477.1,1.010448365064807,1.0190690767853752
n1139252.2,1.0044450442736175,1.0127153850534378
l3122812.2,1.0044432662063765,1.012713621482424
m1166386.3,1.0405837210943087,1.044564738764474
m1089163.3,1.0163553397415768,1.0213828493207666
n1142100.1,0.9734418545017014,0.9845591246217538
n1142100.2,1.0027792118626162,1.0118355028258958
n1142100.3,1.0331403858372645,1.038925935929022
m1069456.3,1.01253996585298,1.0175864820723364
l2897806.3,1.0125285278165426,1.0175751003316778
l2822865.3,1.0225571451228632,1.0275538501907786
l3195321.1,0.9676903772645621,0.9791221454355659
l3197646.1,1.0099889895022394,1.02269597727209
l3197646.2,1.020462209408881,1.028689652432734
l3197646.3,1.0249403537067898,1.03147324481039
m1026829.2,1.0092836663977642,1.017619084197856
m1026829.1,1.0018602572266668,1.0141901437098302
m1026829.3,1.0218358678464003,1.0283803918082544
n1147859.2,1.0092028518170617,1.017538938460637
l3139121.1,1.0057074023167252,1.019761680888138
l3139121.2,1.0086269672807904,1.0169830101387858
l3139121.3,1.0375728157596307,1.0429964155327036
l2763153.1,1.0052865413748775,1.0193456480755794
l2763153.2,1.0080317343853582,1.0163927330931761
l2763153.3,1.0375970129774776,1.043021212697728
e182726.2,1.010998831179018,1.0193296917289807
l2766744.2,1.0109433252546067,1.0192746385162204
l3216370.1,1.009747670754507,1.0237529812045534
l3216370.2,1.014346067406399,1.0226546829248184
l3216370.3,1.0383703118678054,1.043782826982833
226-23745.3,1.0453988563527068,1.0483661819371035
m1142828.1,1.0112650730049204,1.019562022492948
m1142828.2,1.0211733654981963,1.028146371408074
m1142828.3,1.0339167035413515,1.0386836163780409
l2674047.1,1.0112649791540702,1.019562046013009
l2674047.2,1.021172293846855,1.0281453833034906
l2674047.3,1.0339159729309062,1.0386829580624892
m3949157.1,1.0140095012391261,1.0268350157359454
l3727711.1,1.0139948066528512,1.026820502614835
m1026329.1,1.0018145742508928,1.0159094538363798
m1026329.2,1.001625116550223,1.010039868052075
m1026329.3,1.0386954557502,1.044121328769508
m1026328.1,1.0017859013914878,1.0158806809600613
m1026328.2,1.0013629902020271,1.0097799687178546
m1026328.3,1.0387617171768784,1.044187496174004
m1108355.3,1.0215518961088208,1.0265535557105623
m1108352.3,1.0215296415363733,1.0265314094458813
l3086002.3,1.0424939823395474,1.0489977017785026
n1134476.1,1.015402871367825,1.030266207513179
n1134476.2,1.0306237954027258,1.0378948974367683
n1134476.3,1.044546041199866,1.0510557062849881
m1069284.1,1.0113178017500093,1.0241390998325453
m1069284.3,1.0119790580195243,1.0184648821450166
p850401.1,1.0113136293849507,1.0241349806209892
d5502543-2_int.1,1.0077646048751054,1.0204290880990095
d5502543-2_int.2,1.0183745163450661,1.0266245941437233
d5502543-2_int.3,1.0241429425477913,1.0306784524171169
q14413.1,1.0077563422558113,1.0204205769276713
q14413.2,1.0183642822593015,1.0266144444834526
q14413.3,1.0241364191274867,1.0306719711488843
l3029503.3,1.0379643822519389,1.0433150845756187
n1140524.1,1.0095036167008227,1.0224583905153146
m1047792.2,0.9968043057961689,1.005140573478369
l2876846.2,0.9966986335497613,1.0050357795629181
m1089165.3,1.0150276051193206,1.0200617320904954
l3216343.3,1.0148600828353005,1.0198950463686665
l2748144.1,1.0140342452247708,1.028943050679478
l2748144.2,1.0289753463069906,1.0362752402122284
l2748144.3,1.0454463338987938,1.0519505329718575
l3010562.2,0.9968128606232243,1.0051490540730057
m1069557.2,1.0251038088932183,1.0324314157190584
m1047374.2,1.01519754032909,1.023495453472609
l3197629.2,1.0151704370383021,1.0234685695591483
m1089202.1,1.023334981722345,1.0377981266689895
m1089202.2,1.0352583551095762,1.042331225277238
m1089202.3,1.0438877364747285,1.0503941650481718
m1089203.1,1.0226937407141792,1.0371894401532578
m1089203.2,1.0348775721727492,1.041970045870762
m1089203.3,1.043923669433003,1.0504304751570517
m1026866.1,1.0030977823884872,1.0155367757357996
m1026866.2,1.0116813196279981,1.0199954757564258
m1026866.3,1.0223492609440086,1.028891498341594
m1149235.1,1.0150380656111757,1.022718154966088
m1149235.2,1.0259528359566092,1.0324665359834013
m1149235.3,1.0366024218564789,1.0410499022965987
l2766720.1,1.0038366799571392,1.0164519917037584
m1209791.1,1.0399664938674518,1.0445385822927633
m1209791.2,1.0424361914573785,1.0465545595898995
m1209791.3,1.0497378852380461,1.0528047287054993
p903354.1,1.0399627398722764,1.0445348446494285
m1026960.1,0.9984495101931884,1.0111394298153593
m1026960.2,1.0125281863271614,1.0208406671244363
m1026960.3,1.0197826735167395,1.0263397437680333
m3729981.1,0.9984465666164917,1.0111365226295548
l3011298.1,1.0101050248617673,1.0188338149822727
l3011298.2,1.0151357787174058,1.0224674094688242
l3011298.3,1.0296945658475933,1.0347017024365213
m1108524.3,1.043574745630647,1.0500775338268213
n1136031.3,1.043568530850854,1.0500713572791087
m1026722.2,0.9912116453064579,0.9995941215619748
l2991915.2,0.9911388725872655,0.9995219596109672
l2673320.2,0.9911137480526864,0.9994970467576852
m1047497.2,1.0212065595972533,1.0293186969994967
m1047497.1,1.0158583098392495,1.02869407507002
m1047497.3,1.0217464977995043,1.0282294394880591
m1047755.1,1.012763321757912,1.0257008659072389
m3037441.1,0.9986918220217522,1.0117983961584411
m3037441.2,1.0201839451333827,1.0283226957657492
m3037441.3,1.0112453393434704,1.0178035915119537
n1140824.1,0.998681991215995,1.011788691824974
m1026709.1,0.9981829980278464,1.0112973726533996
m1026709.2,1.0203497767093948,1.0284879766002755
m1026709.3,1.010726755321585,1.017288181761007
l3729298.1,1.01433927865197,1.0271606920015317
l3727707.1,1.0141692944452652,1.0269928210119341
l3160123.1,1.0125625489853305,1.0253521982745182
l2897805.1,1.0125452879631638,1.0253351516965523
m1089094.3,1.0383738078203848,1.043722379013445
m1125917.1,1.0113358052910693,1.0198362519602344
m1125917.2,1.0188006284798765,1.0259464173476325
m1125917.3,1.0322081494579232,1.0370938002689993
m1069154.1,1.0207635050188233,1.0345751365016012
m1069154.2,1.0260687676699667,1.0342571869345485
m1069154.3,1.0397947873598636,1.0451723102373762
l3197630.1,1.0191012192964866,1.0329536273665127
l3197630.2,1.0239260009326348,1.0321409890167499
l3197630.3,1.0399689139511694,1.0453527343206184
m1026343.1,1.002047617267396,1.016143149696749
m1069155.1,1.02171745870835,1.0355058907212351
m1069155.2,1.0272979523789445,1.0354712200415193
m1069155.3,1.039693815312976,1.045067785901977
l2785523.3,1.0391178261550358,1.0444625812818835
l3141388.3,1.0389467163567383,1.044292348361617
m1026786.1,1.009913555874954,1.0228626480954217
m1026786.2,1.0218132799872837,1.029925715901794
m1026786.3,1.018313006922325,1.0248305073664186
m1026785.1,1.009867691046333,1.0228174206363232
m1026785.2,1.02180786148926,1.0299203940626673
m1026785.3,1.0182869213008827,1.0248045705222713
n1137958.3,1.0179924973392984,1.0244462416422355
m1026877.1,1.0109389148593126,1.0236869493614487
l2820583.3,1.0218572033059707,1.0268573708585702
m1108354.3,1.0217044694432156,1.0267053842277325
l2991911.3,1.0407949148204798,1.04612741239181
n1136363.1,1.0138546124197407,1.0287650566944606
n1136363.2,1.0287116043439077,1.0360132309675398
n1136363.3,1.0456155298026468,1.0521183984912335
r18245.1,1.0138546182785313,1.0287650626465794
r18245.2,1.0287116102953962,1.0360132369609216
r18245.3,1.0456155353692127,1.052118404095755
221-306686.3,1.0119508491702944,1.0184368896926839
l2970258.3,1.0119418559278828,1.0184279537364134
l2841632.1,0.9974380687067937,1.0130172210735406
l2841632.2,1.01948443994446,1.0271459031296368
l2841632.3,1.0372966042688732,1.043816025273917
regxfmr_190-8593.1,0.996845885701632,1.0124443861130294
regxfmr_190-8593.2,1.0190569842067323,1.0267303256337608
regxfmr_190-8593.3,1.0369760924531162,1.0434953032295784
p1197121.3,1.03220574557117,1.037091407846412
l2805031.3,1.0321916902027666,1.0370774194818968
m1069226.3,1.0351782925433815,1.0405433568274405
l2860506.2,1.01096634829603,1.0192964154001138
l2954346.2,0.9928203470096801,1.0011902271502284
l2879077.2,0.9914682215724515,0.9998485346492503
d5860423-3_int.1,1.0367363279507507,1.049637828081305
d5860423-3_int.2,1.0379701797382699,1.0457934401058584
d5860423-3_int.3,1.03682888453887,1.043348100442777
190-8593.1,1.0369128033786252,1.0498147680364005
190-8593.2,1.0381075207228758,1.0459263646083032
190-8593.3,1.0369318278848778,1.0434511042196175
l3139366.1,1.0306151392104541,1.0362485456855506
l3139366.2,1.035858595676456,1.0408007123712848
l3139366.3,1.0445848861791776,1.0481243917231673
m4362177.1,1.0304420847668134,1.0360765425038747
m4362177.2,1.0356563375429084,1.0405993703519771
m4362177.3,1.044391438462459,1.0479315246897323
l2763812.3,1.0108765703527325,1.0173697408303164
l2951995.3,1.010580091628626,1.0170752456671617
l3197638.1,1.0064454123526314,1.0190881726907752
m1026849.1,1.0064164887009648,1.019059606584247
n1137993.1,1.0140048685868062,1.0267673935655504
l2860482.1,1.0139777904712568,1.0267406504646788
p901946.1,0.9693380020994772,0.9807504698929564
n1142105.1,0.9693264139290265,0.9807390175460449
m1026905.1,1.005620512781748,1.0182350325149234
m1026905.2,1.0160227448752714,1.0242973593170737
m1026905.3,1.0234206699432606,1.02995830762282
p827515.1,1.005619044136249,1.0182335818871244
m1108520.3,1.0435638394069617,1.0500666946837618
l2804277.3,1.0435526215259738,1.0500555455520644
l2991913.1,1.0255514416008533,1.0392405040796062
l2933165.2,1.0228663760281596,1.030210093465555
l3235273.2,1.0228294229962647,1.0301734044679318
l3029502.1,0.9909754514282803,1.000050829686119
l3029502.2,0.9938033602025471,1.001400320730887
l3029502.3,1.0136222218085056,1.0187571037233505
m1047780.2,0.9976173978670793,1.0059467486741227
l3066811.2,0.9975917029075986,1.0059212668904358
m1047732.3,1.0306246025982928,1.0371255167843998
m1047732.1,1.0151919345286473,1.0281079767730257
m1047732.2,1.0083383669622927,1.0165762782886483
n1137987.3,1.0306231825992198,1.0371241056886333
l3197661.3,1.0270407539044462,1.0335674618393185
l3122848.3,1.0270321092089605,1.0335588716689796
m1047580.1,1.0207689250785041,1.0336283078798885
m1047580.2,1.0236571768768734,1.0317615438452579
m1047580.3,1.0288459890605284,1.0353640121651573
m1108345.3,1.0215850668587594,1.026586564714187
m1108347.3,1.0215752139251013,1.0265767598641977
d5655682-1_int.2,1.012939505324455,1.0212469362807404
e182725.2,1.0129388176375373,1.02124625419661
d5926308-3_int.1,1.0117428944507185,1.025722845228659
d5926308-3_int.2,1.0164190143058947,1.0247105897082298
d5926308-3_int.3,1.0389214597115306,1.044328376525239
l2860491.1,1.012035713911347,1.0260119462701802
l2860491.2,1.0167099756553057,1.0249991628882746
l2860491.3,1.0389984126395988,1.0444045372635657
l2897770.3,1.0146891879875457,1.019725003347809
l3104127.2,0.9999990653376443,1.00830766465588
l2767343.3,1.0325219879968777,1.0355266600929605
l2786266.1,1.0196166540629323,1.0267013854072466
l2786266.2,1.029082374866686,1.0351397565923497
l2786266.3,1.039009378957191,1.0431923061036474
l2785512.2,0.9936880389570855,1.0020503456897112
p827529.2,1.0258296188381837,1.0339162736525505
n1136668.2,1.0258286915818111,1.0339153536119898
m1027114.1,0.9907653081648595,1.0035617108204737
l3195327.1,0.990742863617056,1.0035395510740697
m1027121.1,0.9904733847856454,1.0032734971741126
m1027123.1,0.9904698213617399,1.0032699785243495
l3104157.3,1.0375467740100948,1.042970073255835
p895409.3,1.0239226989451984,1.0304589831172462
d6138608-3_int.1,0.9899291009201602,0.9990234809732627
d6138608-3_int.2,0.9924735662016586,1.0000856301211103
d6138608-3_int.3,1.0126526049322067,1.0177937679696738
q14404.1,0.9899239203520264,0.999018467535362
q14404.2,0.9924661028331963,1.0000783288578572
q14404.3,1.0126470473345797,1.0177883015535574
l2991927.2,1.0039764541088592,1.0123558621653748
m1089155.3,1.0180290302453734,1.0230482078855643
m1089158.3,1.0174417572325032,1.0224638599551272
m1026324.2,0.9999755070136168,1.0084042887819227
m1026323.2,0.9996180813293253,1.008049906250129
l2804258.2,0.9960866758881349,1.004428165176349
p829978.1,1.0206279991778267,1.0275796650039277
l2992656.1,1.020576848621965,1.0275288599921915
l2936271.1,1.0108643823061518,1.0193558130098535
l2936271.2,1.0200564203842926,1.027206019890986
l2936271.3,1.0331468768986807,1.0380610606409002
m1069544.2,1.0253045290674008,1.0326307086539626
l2916598.1,1.0102054454818163,1.0229625925631227
l2954344.3,1.0161692494545194,1.0226339043543407
l2897767.3,1.0161383740478025,1.0226032252855015
l2876796.1,1.0128564191818947,1.0257927894189558
m1047756.1,1.012772518760173,1.0257099469486883
l3122810.2,0.9936127961714405,1.00197574398982
m1108379.1,0.978931941722134,0.9897112568343316
m1108379.2,1.0041977223178178,1.0130729535251326
m1108379.3,1.0331044139229852,1.038876203076369
n1140822.3,1.0110122690089156,1.0175719705030888
l2860478.2,1.0058314099317185,1.0141954206890318
l2822858.2,1.005813304690449,1.0141774643935069
l2841620.2,1.0184583681230912,1.0267297257272774
l3727709.1,1.013973924827624,1.0267998830061236
l3727710.1,1.0139534786783224,1.0267796931616848
n1136667.1,1.0231142775350497,1.0359705123116727
n1136667.2,1.0271301861190971,1.035194854800782
n1136667.3,1.0295496066121492,1.0360657013162609
196-29519.1,1.0226795389492358,1.0355334059130983
196-29519.2,1.0267545510219058,1.0348253292984055
196-29519.3,1.0294046299263238,1.0359211494192397
n1144666.3,1.0159623032547422,1.022541907464523
m1125989.1,0.9834137822919267,0.9937755622095303
m1125989.2,1.0075395374181604,1.0160640424188545
m1125989.3,1.0335749199271882,1.0390944209369686
l2898495.1,0.9785985372850916,0.9894106785908192
l2898495.2,1.0036370389903242,1.0125450012863866
l2898495.3,1.032894541327734,1.0386932182097197
l3179674.2,1.0359654229702768,1.0409071831675445
regxfmr_190-7361.1,0.989867691653969,0.9989632604335367
regxfmr_190-7361.2,0.9923946425915638,1.0000076805313407
regxfmr_190-7361.3,1.0125949465949122,1.0177365387331265
m1069249.3,1.0118268467207576,1.0183136588416193
l2803194.3,1.011780094104535,1.0182672090573797
m1186065.1,1.0310720991175872,1.0367027120533856
m1186065.2,1.0363423080255072,1.0412822743925025
m1186065.3,1.0450906863090121,1.048628692281289
m1186064.1,1.0310622254960886,1.0366929053900071
m1186064.2,1.036314513929589,1.0412546088437942
m1186064.3,1.045100391522967,1.0486383322517414
d6231996-1_int.2,1.0227376540718012,1.0300822991955438
e206614.2,1.0227337329194781,1.0300784061616768
m1209776.1,1.0310593127586083,1.0366900243832051
m1209776.2,1.036305784974155,1.0412459184250893
m1209776.3,1.0450946505647656,1.0486326000508042
m1209775.1,1.0310569356597121,1.0366876763540411
m1209775.2,1.0362985298705683,1.0412386948125976
m1209775.3,1.0450876080897709,1.0486255723762916
l2804261.3,1.0376325414359056,1.043059425338133
l3178980.3,1.0376153273285453,1.043042299998399
m1047835.2,0.9931184153997924,1.0014855146582948
m1047836.2,0.9930500506334112,1.0014177207680357
m1125962.1,0.9922877993788184,1.0019420039906266
m1125962.2,1.0121127426181737,1.0201163809606417
m1125962.3,1.0338496027216444,1.039093799719564
l3123452.1,0.9904200607676457,1.0002242165003568
l3123452.2,1.0111021184832953,1.0192169015198007
l3123452.3,1.0337881242062916,1.0390902544647609
p893610.2,1.0165973013942178,1.0238804934665777
m1108302.2,1.016513072762668,1.0237968664538037
p829797.1,0.9754192408930028,0.9863940781989081
l2841629.3,1.0394072662984024,1.0447505392428624
l3254218.1,1.0161186119227332,1.0300426717095794
l3254218.2,1.0204223616400097,1.0286811996685656
l3254218.3,1.0400910251790316,1.0454862379465333
l3778577.3,1.0153961732453638,1.02186301216027
l2820531.1,1.016573671088843,1.0294235711573523
l2820531.2,1.022340096355819,1.0304404817766886
l2820531.3,1.022481851630515,1.0289727634326409
l3626914.3,1.0388840119072764,1.0442299654966298
l2955077.1,1.0103354607832509,1.0185027220340852
l2955077.2,1.022501308642502,1.0293832149034887
l2955077.3,1.0352804683491668,1.0399435499331353
m1166374.1,1.0205227348695285,1.027490453303007
m1166374.2,1.0296885066331396,1.0356562049437987
m1166374.3,1.03947980584375,1.0436110791217807
n1139552.1,1.002044159886094,1.0151031181460202
n1139552.2,1.0207481660667486,1.028878326469246
n1139552.3,1.0136457504655791,1.0201899431362225
p827533.2,1.0210693495913503,1.0293194678225814
n1139538.2,1.021007509991774,1.0292581310608337
l3160098.1,1.0218953899551855,1.0364319643705822
l3160098.2,1.0343908136420459,1.0415080074605008
l3160098.3,1.0439719776626724,1.050479247797163
m1089213.1,1.0208356173151893,1.0354266523452715
m1089213.2,1.033749272829944,1.0408923389082094
m1089213.3,1.0440407706367438,1.0505486355465101
l2820590.3,1.0286398830523906,1.0336065291804317
l3104125.1,0.9926896751898472,1.0017346196825085
l3104125.2,0.9958713308456474,1.003444775144568
l3104125.3,1.0151503153718884,1.0202753232579904
q14411.1,1.011993414851283,1.0247930487176766
q14411.2,1.0079174843216847,1.0161555474836523
q14411.3,1.0154391703617072,1.0219054084070596
l3118855.1,1.020025797757618,1.0346579579602575
l3118855.2,1.0332702266378062,1.0404327652456788
l3118855.3,1.0441044255822431,1.050612659840476
l3231255.1,1.0195146185585007,1.0341725088774951
l3231255.2,1.0329730380465898,1.04014773021957
l3231255.3,1.044149805760352,1.05065823353616
d5861005-2_int.1,1.0091265757983967,1.0173939475193587
d5861005-2_int.2,1.0217995095606274,1.0287576655391704
d5861005-2_int.3,1.035154585245116,1.0398568516135276
m1027071.3,1.013973706480366,1.020566272756861
l3235241.3,1.0139673446359319,1.0205599524931916
l2729409.2,1.0038996029676548,1.0122796404080692
l2841624.2,1.0038844038064474,1.0122645660983325
l3235254.1,1.0147889458461836,1.027568007996397
l3235254.2,1.0230907687656365,1.0312535223936872
l3235254.3,1.0263967044540367,1.0329248967614182
m1026855.1,1.0138827432776598,1.0266502543087357
m1026855.2,1.0226702715534686,1.0308441172776959
m1026855.3,1.0261303331613403,1.032659385290878
m1026851.1,1.0092911141100958,1.0219890206467677
m1026851.2,1.019993159360751,1.0282261283484808
m1026851.3,1.024720576782395,1.0312541674544884
m1069466.1,1.0128192614010778,1.025604530696099
m1069524.1,1.0085440831486658,1.023738919126715
m1027091.1,0.9928239625320981,1.0055941507304862
m1027092.1,0.9928239679000702,1.005594156167504
l2766747.1,0.9972676126902792,1.0094804149867136
p827560.1,0.9980369876300239,1.011153512066318
l2822877.1,1.0108288399840155,1.0236486448019024
l2822877.2,1.003114447143128,1.0113969274209087
l2822877.3,1.0138839141624187,1.0203575226316846
n1138598.1,1.010833250130721,1.0236531539885858
n1138598.2,1.002988389548737,1.0112719578646403
n1138598.3,1.0138476052952907,1.020321403939491
m1009715.1,0.9980838954765864,1.0102868265862313
m1009705.1,0.9978757232300989,1.010081168393361
l3198347.3,1.040412308988461,1.0443939779943336
m1108489.1,0.9732745133938591,0.9844035598737363
m1108492.1,0.9732697319420207,0.9843988319276019
l3226771.1,0.998621564743258,1.011729041407144
l3189190.1,0.9985908015516503,1.0116986736616678
l2991918.2,0.993784690288454,1.002266275277605
l2954339.2,0.9922447512438503,1.0007394750282788
l3048200.2,0.9921720529139486,1.0006673975036138
l3160861.3,1.034566117931399,1.0394684472243012
n1142098.1,0.9754156652981704,0.9863905420577216
m1047795.2,0.9968141719610867,1.0051503606946033
m1047552.2,1.025831392806487,1.0339180338096643
m1047552.1,1.0215194240645475,1.0343661034302483
m1047552.3,1.028994477682594,1.0355123178336196
l2804283.1,1.0244236601377983,1.0381275781499022
l2916627.1,1.0243239825261232,1.0380292008607026
l3029498.1,0.9987398082971041,1.0076812330025555
l3029498.2,1.0028841128552863,1.0103786287156529
l3029498.3,1.0202951535310087,1.0253872617742719
m1047773.2,0.9981328970944516,1.0064579309668054
l2973152.2,0.9977337231995822,1.006062100401007
l2822870.3,1.0188027328897895,1.0253174450542375
m1166369.1,1.0206318463258546,1.0275834861590383
l2839305.1,1.0205922453879828,1.0275441528932823
l2710508.2,0.992951588799699,1.0013200909246536
m1026861.1,1.0135513651534795,1.026314651023394
m1026861.2,1.0225165231895037,1.0306944239079643
m1026861.3,1.026032910140486,1.0325622766843874
m1026858.1,1.012093185870181,1.0248378720656266
m1026858.2,1.0218400920472734,1.0300358288914588
m1026858.3,1.025604106658845,1.03213485671446
l3082992.1,0.9920794781109517,1.0052713502370945
m1010011.1,0.9896739674383569,1.0024842354760013
l3214069.1,0.993234864527503,1.0028121828751295
l3214069.2,1.0126382403665344,1.0205846772972154
l3214069.3,1.0338956548708325,1.0391100566419513
m1026655.3,1.0092657992449032,1.0158366017455078
m1026655.1,0.9976740668970596,1.010798575173503
m1026655.2,1.0203996849690833,1.0285387013893492
n1141475.3,1.0092589277684678,1.0158297773299538
l3197643.2,1.0007960469434458,1.009217820814579
m1026339.2,1.0007769064754268,1.0091988401859495
m1108268.2,1.03915801685948,1.0471777343059325
m1069310.1,1.011341602693578,1.024162366491645
m1069310.2,1.002605894996541,1.0108933800133997
m1069310.3,1.0120666581459454,1.0185519349069874
m1047423.1,0.9927949348157566,1.0059773982099316
m1047420.1,0.9926789301503309,1.0058629195374593
m1069613.2,1.019410287010358,1.0267789750192962
m1026823.1,1.0079987998547153,1.0207127350004337
l2879087.1,1.0079914400874772,1.0207054656997048
d5806920-1_int.2,1.01099952114605,1.0193303760787387
m1027039.2,1.0110029112915964,1.0193337385669698
m1027039.1,0.9944967406015721,1.0072453709395341
m1027039.3,1.0162321429097982,1.0228100376672555
l3552667.3,1.0344257149462879,1.0393468500198504
m1026890.1,1.0101048683191132,1.02286326314926
l2954357.1,1.010084403805361,1.0228430523513283
m1069438.3,1.01559859744857,1.0220641511241804
m1069438.1,1.0121851208857666,1.0249818417006191
m1069438.2,1.0085191263038396,1.016751586625557
l2785530.1,0.9979576647636796,1.0110752099027793
l2822868.1,0.9979005821987725,1.0110188614666136
n1139264.1,1.0128163754147508,1.0256016805521397
p827523.3,1.0390344281747341,1.0443796265987295
m1027087.1,0.9929204038061504,1.0056893638399733
l2726983.1,0.9928944608377291,1.0056637471213579
l2821087.1,0.9782848264974967,0.9890637305403582
l2673310.1,1.0242808009213258,1.037986582284759
l2936212.1,0.9754055910395499,0.9863805788426648
n1142106.2,1.0419276977574545,1.0486540902834518
l2936213.2,1.0419148428359217,1.0486413173316287
m1027011.1,0.9957260418781381,1.0084564799441857
m1027011.2,1.0111937875534454,1.0195214605635428
m1027011.3,1.017221536655607,1.0237936174030327
m1209795.3,1.0488143861696384,1.0519736854386583
l2746587.3,1.0213227353998433,1.027870272818686
n1147858.3,1.0212882719169167,1.0278360304230743
m1108378.1,0.9789710520312261,0.9897422884955607
m1108378.2,1.0042901401974533,1.0131572056617053
m1108378.3,1.0331180716933912,1.0388829582654642
m1047809.2,0.9951285102363622,1.003478903799096
m1026805.1,1.0071345193407673,1.0198591558363204
l3120502.1,1.0070214672872948,1.0197475056796297
m1069526.2,1.0252172968107,1.0325441108479405
l2673331.2,1.0252014444294637,1.0325283734505029
m1108490.1,0.9732781915404993,0.9844071968336533
m1108490.2,1.0026999046593326,1.011764203865348
m1108490.3,1.0331343112371576,1.0389235918037385
m1009805.1,1.0003082067835856,1.0124845365167314
m1009805.2,1.00896056178195,1.017300647282368
m1009805.3,1.0210034779908013,1.0275525730890283
l3122816.1,1.0032624315452585,1.0158856667845135
l3122816.2,1.0144476747977893,1.0227387037075675
l3122816.3,1.0223604235340735,1.0289032684369153
l3160103.1,1.0005428107852459,1.0132036433741318
l3160103.2,1.013246685268732,1.0215507811169011
l3160103.3,1.0209189532412235,1.027469713527742
m1069503.1,1.0145138100415636,1.029421116946893
m1069503.2,1.0301041559815836,1.0373961940580814
m1069503.3,1.0446063568319204,1.0511163640773773
n1134469.1,0.9904626928151737,1.003262941201663
m1089200.1,1.0226704570016947,1.0371664782908991
l3027670.2,1.0030388779544939,1.011952455132485
l2691941.3,1.0139339662434361,1.0205267934581868
m1125960.1,0.9924763047357035,1.0021152087575156
m1125960.2,1.0122172579251276,1.0202095196672047
m1125960.3,1.0338587531311338,1.0390970208427572
n1136367.1,1.0106789559891716,1.0257916426822464
n1136367.2,1.028666860886862,1.036050421556159
n1136367.3,1.0439966099301963,1.0505135025489856
m1069515.1,1.009857475956486,1.025005426588793
m1069515.2,1.0281722888929063,1.03557529684498
m1069515.3,1.043656906570099,1.0501752698654125
m1069131.1,1.0168773366211987,1.0307835535760637
p827534.1,1.0168713348019196,1.0307776323530435
m1069530.2,1.025228309829605,1.032555043956232
m1069184.1,1.0290932397974568,1.042712676103301
m1069184.2,1.0353315387697477,1.0434055864341256
m1069184.3,1.0396758448506562,1.045022960749261
l3159645.1,1.0175738159337322,1.0304676738702994
m1069632.2,1.0197982834082662,1.0271641431164926
p829957.3,1.0508112703237213,1.0537629404806252
l3160863.3,1.0496037383751595,1.0525588956713996
p829963.2,1.0184986913437042,1.0256610315987809
m1010014.1,0.9897208956603247,1.0025305682465095
n1137998.3,1.0239175774276696,1.0304538938510002
l3048199.2,0.9930252143524081,1.0013930910305082
l3067478.1,0.9823811817073037,0.9928251196632629
l3067478.2,1.0070449872804155,1.0156292580668436
l3067478.3,1.0335562340325268,1.0391075908127159
m1125994.1,0.9808174748323376,0.9913864431671668
m1125994.2,1.0062853567290684,1.0149605597985942
m1125994.3,1.0335310488970297,1.0391309230841888
m1047480.1,1.0136864465096043,1.026456748445523
m1047480.2,1.0142564620202494,1.0224355287674312
m1047480.3,1.0177262209205407,1.0241813731099267
m1069483.1,1.0135486237250335,1.026322134234336
m1069483.2,1.0134796989220838,1.021665950128395
m1069483.3,1.0173327618738088,1.0237900123956227
l2841615.1,1.0092873710912227,1.0220559297301903
l2673305.2,1.0398052164167124,1.047819918298644
m1047721.1,1.0084503816803727,1.0236465996963553
m1026366.1,1.0010900329751922,1.015198855125989
l3104131.1,1.0008603303581096,1.014972345386666
l2973167.1,0.9992798856266104,1.0123778244166641
l2973167.2,1.020439550388658,1.0285754666390903
l2973167.3,1.0118449819880986,1.0183996306042118
m1027055.1,0.9941788460120381,1.0069317942832388
m1027055.2,1.0110699841313364,1.0194006252191061
m1027055.3,1.016115711660939,1.0226942419990748
n1134475.1,1.0173480704262627,1.0321142993434052
n1134475.2,1.0317313973795414,1.038957060202635
n1134475.3,1.0443575282335218,1.0508666391815458
l3067447.1,0.9754080493019233,0.9863830101240788
m1108350.3,1.0216270041978086,1.0266282977637984
l3139598.2,1.0163567035087748,1.0246451643044965
n1140829.3,1.010721484033026,1.0172829443619122
l3085397.2,0.9962736225722729,1.004614236651153
n1139540.1,1.026063855961478,1.0397461824857994
l2748140.1,0.9976628715615086,1.0098708794059952
l3141412.1,0.9976502926013837,1.0098584508995592
m1069619.2,1.0210987447406972,1.028455200500417
m1047769.2,0.9993561572467913,1.00767097357987
l3197632.2,0.9993273902386354,1.0076424424132284
l2785524.3,1.0376355321336639,1.0429879264209831
p827495.2,1.0142222452627898,1.0225280885126173
l2991921.3,1.036977720111884,1.042402008534231
l2710510.3,1.0395847812188812,1.0449542645137746
l3197628.3,1.0395668832359397,1.0449364580074159
n1140831.3,1.0095920770498394,1.0161607238649948
n1136358.3,1.045623190063446,1.052126070722254
l3104119.1,1.0136693607072003,1.0264398770265448
l2842329.3,1.033855110994259,1.0390637337363555
m1125961.3,1.0338419374603935,1.0390861729755367
l2973791.1,0.9782135584925489,0.9889899722181965
l2973791.2,1.0050669293117744,1.013890165683553
l2973791.3,1.0333533569953244,1.0390304718373928
l3179650.1,0.9773992390393273,0.98823330437689
l3179650.2,1.0046839841164004,1.013546643818897
l3179650.3,1.0333156281116969,1.0390110575400022
p860843.3,1.0306390116129651,1.0355957944154592
m1026961.1,0.9984392077235692,1.011129256635739
l2710516.1,0.9983583829369238,1.0110494459237933
l3160864.2,1.0203968335185027,1.027436698444981
m1047623.1,1.0025914391965187,1.0180006566650321
l2748157.1,1.002566066094906,1.017975665166322
l3048212.1,1.010208137240332,1.0229652512393423
l3122824.1,1.0010800132115156,1.0151889730664294
l2879089.3,1.0140821220025396,1.020673988449285
l2937757.3,1.0401002059207132,1.0430828718151879
l3067448.3,1.0400664340070953,1.0430491960567807
193-46661.3,1.0282160280651633,1.0347369879298436
m1069390.1,1.010554531019932,1.0233775135274574
l2897801.1,1.010472102320152,1.0232961151180062
m1108527.2,1.0418975022908619,1.048624086764916
m1009650.1,0.9976786243065581,1.0108031175307797
m1009650.2,1.0203971264660268,1.0285361647105116
m1009650.3,1.009246992535424,1.0158179180198963
e203026.1,0.9976786993615175,1.0108031934894914
e203026.2,1.0203972033990367,1.0285362422259108
e203026.3,1.00924704396625,1.0158179695575758
m1026779.1,0.9974938846828778,1.0097039339302916
l2973169.1,0.9974834962726751,1.0096936691883902
m1026953.2,1.012735709198311,1.0210447996989311
q14734.1,1.035376604872752,1.0492259446882428
q14734.2,1.0424684402353719,1.0491684875839233
q14734.3,1.0433900489457755,1.0498876030523503
l3197631.1,1.0169670384420086,1.0298669010311505
l2748127.1,1.0169586908677317,1.0298586567938854
m1209814.1,1.0484714992586148,1.0518603386429388
m1209814.2,1.0486249579181675,1.051808379903422
m1209814.3,1.0550092454131972,1.0575209874460687
m1209811.1,1.0471860423589938,1.0507690688631475
m1209811.2,1.047645913534659,1.050984326643232
m1209811.3,1.0541928391255535,1.0567991092357891
l2729408.2,1.0149591124079664,1.0232446364629681
l3048228.3,1.018897694500244,1.0239125555887236
l2991940.3,1.0188861179723,1.023901035177881
m1108395.1,0.977742856953617,0.9885653487223209
m1108395.2,1.0027263133314976,1.011641966010812
m1108395.3,1.032169694960973,1.0379717345719577
l2728247.1,0.9777330267415875,0.988555630106468
l2728247.2,1.0027019054913755,1.011617771232433
l2728247.3,1.0321649248817693,1.037966972584931
l2804271.2,1.0252645776787905,1.0325910486482412
l2916234.1,0.9933906874599071,1.0065653112621271
l2673316.1,0.995513542929613,1.0045091067500496
n1138607.1,1.0112700086162953,1.0240907145084686
n1138607.2,1.0026481951093924,1.0109352422152775
n1138607.3,1.0123012682317007,1.0187850262044715
l3159448.1,1.0113386404543356,1.0241594057214676
l3159448.2,1.0026076104438926,1.0108950786416007
l3159448.3,1.0120753501932824,1.0185605705031715
l3048890.3,1.034511755248363,1.0375106522820106
m1166402.3,1.0343904573511618,1.03738970579648
l3010563.1,0.9980731812739354,1.0102762399696876
l2841623.1,0.9980661839169179,1.01026932587385
m1125940.2,1.0203421804248678,1.0273824205590285
l2991908.1,1.0148103505400454,1.0277298955665843
l3178973.1,1.0147915230866267,1.0277113013513433
m1047826.2,0.9921682529142738,1.000543657045031
m1047767.2,0.9993773163046845,1.0076919294863582
l2879068.2,0.9987049855330236,1.0070252272116769
l3066819.1,1.0083100853534075,1.0223342828594333
l3104853.3,1.034378591268883,1.0390968883988052
221-311359.1,1.0303365516959506,1.0359716488523092
221-311359.2,1.0355328820062348,1.0404764798351158
221-311359.3,1.0442724039655993,1.0478128451678292
l3234149.1,1.0302995848392293,1.0359348990036648
l3234149.2,1.0354891060262774,1.040432931548691
l3234149.3,1.0442257857891424,1.0477663556735795
n1139537.1,1.0127416301818486,1.0267089671189875
l2673346.1,1.0083806254558636,1.0224030863392126
l2673346.2,1.0125605199760563,1.0208838925204504
l2673346.3,1.0379391226089372,1.0433560792225343
l3254210.3,1.039674663209837,1.0450487328616074
l2955005.2,1.009179237151825,1.0174936449212175
m1108372.2,1.0091605798554475,1.0174751395629233
l2936268.3,1.0488034353631197,1.0519627671723295
l2688692.1,1.0010978343637777,1.0100010708541773
l2688692.2,1.0053824093827235,1.0128492923971233
l2688692.3,1.0222004338664066,1.0272806699616401
m1108286.1,1.0010186798008913,1.0099231974106189
m1108286.2,1.0052985227024247,1.0127663335246635
m1108286.3,1.0221364603638619,1.027217093443744
l2804247.2,0.9921405292103794,1.0006361357461773
m1047744.1,1.0124400991472395,1.0253817351154197
l3178971.1,1.0124398450058218,1.0253814841836275
l3728040.1,1.0135841481413108,1.0264149586256688
l3728041.1,1.0135770263038915,1.0264079244194324
m1069509.1,1.0139160200192485,1.0288567084303661
m1069509.2,1.0299030314145692,1.0372094565122805
m1069509.3,1.0445368776779573,1.0510479912378123
l2766738.1,1.0133097830295545,1.0282843107389037
l2766738.2,1.0296994953388006,1.0370204933068408
l2766738.3,1.0444664990246435,1.0509787293316497
l3104128.1,0.9972043589541137,1.0061693880700115
l2673315.1,0.9971164819780299,1.0060822949137718
l3047289.1,0.9973113477532859,1.0062755034644117
l3047289.2,1.0013621948800997,1.008873241250177
l3047289.3,1.0191394914225935,1.0242387174348067
l2785516.2,1.0389578200289042,1.046979070925886
l3048963.2,1.020336381838446,1.027376661503202
d5799561-2_int.1,1.0113971408430764,1.0195567141926511
d5799561-2_int.2,1.0223976341623044,1.0292709653052126
d5799561-2_int.3,1.034808218250732,1.0394888863943164
m1069199.3,1.038522348128976,1.0438701754648056
l2785525.3,1.038507291132837,1.0438551953612374
l3198356.3,1.0216005506194143,1.0266019728451552
l3197641.1,1.0094571820210207,1.022412540121926
l2973161.1,1.0094203605968441,1.0223761819086137
e183493.1,1.0115416720472465,1.0201191566627215
e183493.2,1.017794053638918,1.0250041625516322
e183493.3,1.0313557292003845,1.0362838100915492
m1125902.1,1.0115980859672453,1.0201945973854536
m1125902.2,1.0175601620515133,1.0247860441918109
m1125902.3,1.0311399475677214,1.036078485908596
l3085402.1,1.0001313975123391,1.0142535495823666
m1026394.1,1.0001160327664156,1.0142383989922135
m1047768.2,0.9994394346987192,1.0077535513904476
p827554.2,0.9994107612460812,1.0077251188343956
l2991909.1,1.0056015900138504,1.0182163417662824
m1026736.2,0.9912026800411728,0.9995852322394546
m1026986.1,0.997485129977886,1.010189542784644
m1026986.2,1.011921773514701,1.0202408868364476
m1026986.3,1.018775979672472,1.0253389698985103
m1026997.1,0.9970664310831945,1.009777150742777
m1026997.2,1.0116686219835576,1.0199905340279274
m1026997.3,1.0183338547880851,1.0248994484522818
m4118755.1,1.0398137400213698,1.0443864942846375
m1026978.1,0.9978907951687607,1.01058909644039
m1026978.2,1.0121675335363407,1.0204839306165583
m1026978.3,1.0192040839278682,1.02576455286365
m1026979.1,0.9978781671063592,1.0105766577796635
m1026979.2,1.012159381493415,1.0204758670763798
m1026979.3,1.0191910066737155,1.0257515524126142
l3082981.3,1.0148012792107628,1.0198365357182613
l3235275.1,1.0028547409014512,1.0169411441689977
l3235275.2,1.0046259771967967,1.0130153947871354
l3235275.3,1.038005954814381,1.04343218703903
m1026347.1,1.0023769312589947,1.016468655691969
m1026347.2,1.0040170474411754,1.0124115557926028
m1026347.3,1.0381291927243912,1.0435555480803649
l2915534.1,1.0111484964870667,1.0239719470961608
l2710519.1,1.0083514866196932,1.022375118631681
m1026820.1,1.0080089078658523,1.020722718379646
l3141403.1,1.0078840728748513,1.0205994279311301
l3197633.1,1.0126635034929818,1.0256022994404013
m1069500.1,1.0026797665320628,1.0180876558337306
m1069500.2,1.0232946908847327,1.0308507818301011
m1069500.3,1.0401148108625002,1.0466361515867182
m1069382.1,1.0108221129126629,1.0236417512961244
m1069382.2,1.003327408077515,1.0116080515046242
m1069382.3,1.0139427905743708,1.0204160935015778
n1147866.1,0.998022267332687,1.0111389813302607
l2710537.2,0.9926916501233338,1.001182560957863
m1026935.2,1.0126380222459705,1.0209479229941711
m1108364.3,1.0179443486538515,1.02296394105124
l2897789.2,1.019740062342294,1.027106314207363
m1026466.2,1.0142201833410902,1.0225260432600516
l3160878.3,1.027921265705191,1.03289144535371
l2917336.3,1.0278865155907984,1.0328568613628886
m1026977.1,0.9980563836421568,1.0107522011750227
m1026977.2,1.0122744267753672,1.0205896632891767
m1026977.3,1.0193755625865693,1.0259350243665115
p895082.2,1.0419359174106766,1.0486622575137001
l3214112.2,0.9919997660886201,1.000375599743089
l3160104.2,0.9917974512476598,1.0001749898231769
l2973144.3,1.038103698650485,1.0434536552518392
l2748152.2,1.0121498901358132,1.0204664524525346
m1108387.1,0.9777965970423594,0.9886184329577179
m1108387.2,1.0027999945321204,1.0117150267714077
m1108387.3,1.0322197674042741,1.0380215827826902
l2955055.2,1.0179586297565337,1.0251247365268275
l2991907.1,1.0257592586588062,1.0394455895137975
m1047812.2,0.9947992370303373,1.0031524093603188
m4350438.2,0.9947110210130151,1.0030649377442566
n1142103.1,0.9712563797002893,0.9825314173013802
n1142103.2,1.0016978976770996,1.0108619812929522
n1142103.3,1.0330687202060702,1.0389044265709768
l3104830.1,0.9711202213259857,0.9824050837688089
l3104830.2,1.001630665175869,1.010801447957714
l3104830.3,1.033064427736834,1.0389032568745311
l3197626.3,1.01638550227908,1.0214128641079088
m1047483.1,1.013792532954304,1.026560471685274
m1047483.2,1.0147942076957945,1.0229682733295116
m1047483.3,1.0180026107111262,1.02445629123265
m4277837.1,1.0113189987915885,1.0241297712716046
m4277837.2,1.0054842440713143,1.013744968885519
m4277837.3,1.014671522508508,1.0211413198158341
l3160102.1,1.003931217341388,1.0164389217130685
l3160102.2,1.013197135882148,1.0214977815931723
l3160102.3,1.0227171031674678,1.0292576417780959
p827514.1,1.0036351617323596,1.0161184579221638
p827514.2,1.0126586735148977,1.0209641187934917
p827514.3,1.022586439765569,1.0291275818521821
l3160793.3,1.0335070484902393,1.0389956192410317
n1147860.3,1.0219147128613746,1.0284589295776243
l3177881.3,1.0219107641548566,1.0284550059580446
d5835167-6_int.1,0.9977620173184318,1.01088394361525
d5835167-6_int.2,1.0204269158704222,1.028565423125789
d5835167-6_int.3,1.0099195437678603,1.0164860627260237
q14414.1,0.9977613806639596,1.0108833152488401
q14414.2,1.0204269187867374,1.0285654260633974
q14414.3,1.0099180822915408,1.0164846109806278
l3048221.1,0.9977770479647107,1.0108984763746935
l3048221.2,1.0204299813309197,1.0285683908169327
l3048221.3,1.0100318274508133,1.0165976194722721
l2748128.3,1.0148579542608474,1.0198929262578598
l2913406.2,0.9928031941758604,1.001172270359106
m1069563.1,1.0138404980911968,1.028751146239689
n1136360.1,1.013836154551996,1.0287468647216087
m1166366.1,1.0232559516432274,1.0298809130664737
m1166366.2,1.03141156692927,1.0371168415672651
m1166366.3,1.040875076889307,1.0448549846590622
196-29518.1,1.0037484461308548,1.016364991886632
196-29518.2,1.0146798386488105,1.0229683934399751
196-29518.3,1.0226099850223673,1.0291514695059971
l2805035.1,1.0205103904045218,1.0274628522742741
m1026713.1,0.9979888149963623,1.0111059597332526
l2991922.1,1.013409911822258,1.0273687802170173
l2991922.2,1.0180557055848998,1.0263338665799553
l2991922.3,1.0393271135627342,1.0447296801481896
l3104145.2,1.022445252024183,1.0297920002979373
m1027013.1,0.9953153007701092,1.0080517300897238
m1027013.2,1.0110827369751003,1.019411842463509
m1027013.3,1.0169136759244932,1.02348754329437
l3649298.1,1.015186098143738,1.027976939808456
m1047388.2,1.0161510179020123,1.024441163009733
l3048211.1,1.0114217119450133,1.0254057668045762
l2766725.3,1.018794573703402,1.0253093375079947
l2673311.1,1.0063916300076807,1.0190350542515205
l3008279.1,1.0025819926027766,1.017991351557816
l2785537.1,1.0025671839600954,1.0179767642345774
p827498.1,1.0272291051745521,1.0414939613464194
n1136032.1,1.0272106908465577,1.0414757974441833
m1009834.2,1.0045703087976816,1.0129447805174556
221-240991.1,0.9976845603832971,1.0108062277599186
l3066817.1,0.9976223209102534,1.0107448015868576
l2673319.1,0.9976797244998048,1.0108038720025865
l2673319.2,1.0204081298124452,1.0285470318330818
l2673319.3,1.0093962171829998,1.0159661517451861
n1136993.1,1.02043621323338,1.033299418307027
l3104121.1,1.024251661768939,1.03795782245124
l3104113.1,1.0242455698134725,1.0379518095776803
l3104856.1,1.020532019897023,1.0274843339975481
l2785518.3,1.0379068093304844,1.0432577753500158
m1108393.1,0.9778103825472263,0.9885946063395235
m1069494.3,1.0157185936107183,1.022186117898651
l2745806.3,1.0157055360773268,1.0221731426982628
193-48013.1,1.0111485730965715,1.0239720246772324
l3157710.2,0.9971726544187633,1.0055058279647764
m1089176.3,1.0130731899940613,1.018117058455853
m1089179.3,1.0129974597686917,1.0180417046692556
m1108257.2,1.0382090150121135,1.046236076252789
m1108340.3,1.0225984900498142,1.0275949938796338
l2916605.3,1.0225961068038425,1.027592622127935
196-29521.2,1.0284552435365162,1.0357588056006815
l2804245.2,1.0041863451951818,1.012564006664201
n1140527.3,1.0272324019904564,1.0337578953447661
l3254915.2,1.020332010340219,1.0273723197043287
l3727708.1,1.014022462225236,1.0268478154224583
l3160105.3,1.0361261952409926,1.041486367465563
l3235251.3,1.0361156008677894,1.0414758277999687
m1142798.2,1.0186315413493918,1.026310599459112
m1142801.2,1.0186152584493435,1.026294440214287
m1010016.1,0.9898701841300871,1.0026779626707079
l3251807.1,0.9898430587778306,1.0026511821673647
l2992657.1,1.010369403341448,1.0189907850235564
m1069597.2,1.0193384343478273,1.026707645846621
l3197653.2,1.0193177153493131,1.0266870740451455
l2991929.2,1.021079749418361,1.0284363402231211
m3949154.1,1.0136755779002233,1.0265052484580028
l2895449.1,1.01656453138912,1.0294679792389059
l2895449.2,1.012878074889103,1.0210767981475712
l2895449.3,1.029692958148309,1.0362013687445442
m1069463.2,1.0106433806422435,1.0188560730397256
l3086074.3,1.0342974006738903,1.0390160640052013
n1138595.2,1.002740219566193,1.0110258865235224
m3036167.2,1.0015290465268647,1.0098248535975063
l3143999.1,1.0111781254438266,1.023998767557506
l3143999.2,1.0027024006484955,1.0109888892445467
l3143999.3,1.0125995657743547,1.0190813922319173
m1069451.3,1.0128695945285082,1.0179144747341726
l3160115.2,1.0250397207306572,1.0323677886581433
l2935567.2,1.0250259213157398,1.0323540863398282
l3253570.3,1.0401558327287077,1.0431383401074998
n1137989.3,1.0308961431173778,1.0373949249877505
l3122814.3,1.0308897268634076,1.0373885486118553
l2935556.2,1.0126190842295304,1.0209291406348737
m1009651.1,0.9976786196868799,1.010803112851204
m1009651.2,1.0203971217002314,1.0285361599070986
m1009651.3,1.009246988474581,1.0158179139353636
n1141474.1,0.9976731160922658,1.0107976365898597
m1047737.3,1.030898242305004,1.037397011120489
m1047737.1,1.0148352562339624,1.027754490807507
m1047737.2,1.0071589024082548,1.0154069857088561
m1026387.1,1.0002673528111157,1.0143876118782966
m1166361.1,1.0205405981034241,1.0274928558541754
l2692661.1,1.0205228028803102,1.027475181895839
m1047522.1,1.0275166560645104,1.0403916357224106
m1047522.2,1.0307520107775887,1.0387599722771412
m1047522.3,1.0315311923288568,1.0380463708848902
n1136664.1,1.0275143683287769,1.0403893760327059
m1026320.2,0.9988748672174367,1.007313021100688
l2879079.2,0.9988633400148039,1.007301589722719
m1047649.1,1.0189677491899782,1.031847114514628
m1047649.2,1.0193497915373477,1.0274921171269857
m1047649.3,1.0287713104026186,1.0352880339949333
l3216361.2,1.0116588124928803,1.0199808042471328
m1125913.2,1.0184176896055266,1.0255805954767991
l3048209.2,0.9910998359634302,0.999483253124473
l2896685.1,0.9777066762339985,0.9885296116513057
l2896685.2,1.0026863618476276,1.011602346430732
l2896685.3,1.0321316686724709,1.0379338962494438
l2748135.1,1.002037580994447,1.0161332507027367
l2767409.2,1.0186903217476009,1.0263689316792188
m1166400.3,1.0348296878883443,1.037827663782667
m1047435.1,0.9940655765482661,1.0072313240881905
l2970841.1,0.9940655788631558,1.0072313264337396
l3091052.1,0.9916295315695565,1.004827354011836
n1137960.1,1.0089030366963032,1.0229190395579715
n1137960.2,1.0133833011498896,1.0216998553064849
n1137960.3,1.0381244532813276,1.0435394820844734
m1047309.1,1.0087637300970405,1.0227814537214543
m1047309.2,1.0131640875721453,1.0214824581334296
m1047309.3,1.0380753703966843,1.0434909132975223
l3215340.1,0.9930790347800906,1.0058459760311065
193-51796.1,0.9778103825555791,0.9885946063479681
m1069607.2,1.0211176527936985,1.0284739733125259
m1166398.3,1.0355685528582452,1.038564384415005
l3142050.3,1.0355560450377765,1.038551912671906
e184626.1,1.0171167095528837,1.0245251551122403
e184626.2,1.0273664103026297,1.03367265014726
e184626.3,1.0376827807081719,1.0420107427167342
m1166377.1,1.0169811963412236,1.0244073502433417
m1166377.2,1.0272740552341155,1.0335938353741847
m1166377.3,1.037612091714208,1.04194785269914
l2989432.2,0.9950632141820824,1.0034141559269318
l3066830.2,0.9950146565837159,1.003366005277586
m1209774.1,1.0310511076984703,1.0366819190778958
m1209774.2,1.036280809713913,1.0412210512716529
m1209774.3,1.0450704091144836,1.0486084093831753
m1026693.2,0.9913146762908037,0.9996962841474072
l2991916.2,0.9912931800665925,0.9996749699304749
m1069365.3,1.0122917102179165,1.018775527315528
l3235243.3,1.0122740391193192,1.0187579694969227
p827502.1,1.014014678655577,1.0267770822047375
m1026970.1,0.9982295467567667,1.0109227666088785
m1026970.2,1.0123862050153414,1.0207002277685466
m1026970.3,1.0195548854285035,1.0261132938688033
l3727712.1,1.0139868511906232,1.0268126449846076
l3236011.2,1.0164803058810288,1.0237643335693412
l3198358.2,1.01639129891359,1.0236759638718165
m1108316.3,1.030363558715169,1.035321701539937
l2860486.3,1.0351963466838183,1.040561320051344
m1027000.1,0.9969028973280845,1.0096161114926616
m1027000.2,1.011588043876995,1.0199109051303525
m1027000.3,1.0181520885077417,1.0247187605837682
l2916608.1,0.9967216459896362,1.0094376245364063
l2916608.2,1.0114987290898554,1.019822642294867
l2916608.3,1.0179506286264755,1.0245184958330658
m1108514.3,1.0435557858606173,1.0500586908593121
l2673300.2,0.9930042398076768,1.001492484447128
n1139255.1,1.0117845203714662,1.024587409212125
d6108141-1_int.1,1.024849289528222,1.0377165481365358
d6108141-1_int.2,1.0286744464488828,1.036711779434928
d6108141-1_int.3,1.029867467058401,1.0363803403880847
e206209.1,1.0248324977389283,1.0376996973685875
e206209.2,1.0286612489468632,1.0366986912270926
e206209.3,1.0298524150889006,1.0363652482997034
m1047521.1,1.0253033634855127,1.0381714152181347
m1047521.2,1.0290157765832533,1.0370497163707144
m1047521.3,1.0302778643132489,1.0367918319532017
l3030126.3,1.033576144161478,1.0389654652207327
l3254870.3,1.0335403933846137,1.0389299016821865
l2915542.1,0.9777686318622834,0.9885908139797885
l2915542.2,1.0027650191602855,1.0116803549746238
l2915542.3,1.032191371025568,1.0379933068397558
l3085401.1,1.0275123014691818,1.0403873345078496
l3010557.1,1.0271524174070115,1.041418315346048
l3254213.1,0.9947475347476551,1.0074924035705461
l3254213.2,1.0110145372367858,1.01934493929998
l3254213.3,1.0164471031333944,1.0230237217948648
m1069738.2,0.9914813655319827,0.999862578524051
l2690941.2,0.991452169292693,0.999833625933292
l2748839.2,1.0180877101613741,1.0252529208714607
d5712486-1_int.3,1.0351708214172681,1.0405359242541965
e206210.3,1.0351702146474748,1.0405353205987178
l2876812.1,0.9906627613113359,1.0034604670931435
m1069497.1,1.0170099039613352,1.0317930258133066
m1069497.2,1.0315383543992214,1.0387719388170626
m1069497.3,1.044390163398384,1.0508993747163882
n1144664.3,1.0289914961602313,1.0355059226637935
l3178972.3,1.0289527521910895,1.0354674269415698
n1147864.1,1.0060905750730413,1.018717227382279
m3327097.2,0.9926177733220855,1.000989349158948
l3448661.2,0.9926123750229414,1.0009839956733388
m1009828.2,1.0052944656704812,1.0136629334516942
l2766715.2,1.0052825262604037,1.0136510918236639
p827561.3,1.0107250256665714,1.0172864632186565
m1026705.3,1.0107229931726616,1.0172844437818656
p827573.2,1.009150337462047,1.0174868587228283
l2972930.1,1.0204306853545004,1.0332939592390942
l2879067.1,1.0124323200328833,1.0253740546313757
l3235252.2,1.0002274454623195,1.0085341459541255
p827527.1,1.0363657466249696,1.0492661904188298
p827527.2,1.03768001084638,1.0455124351185514
p827527.3,1.0366076206700747,1.0431267752098934
l2785517.3,1.0166842158866045,1.0231455924264539
221-559682.3,1.0273215680973276,1.0338468904881253
l3082993.1,0.9893279438087083,1.002142600331416
m3016088.1,0.9893162760927353,1.0021310801170833
l3122821.1,1.014242135925772,1.027019364492451
l3122821.2,1.0170936612299706,1.0252462326502594
l3122821.3,1.0192760714627147,1.0257318975513812
d5867591-1_int.1,0.98079164478404,0.9913634428052359
d5867591-1_int.2,1.006257243834231,1.0149351332663032
d5867591-1_int.3,1.0335252867469507,1.0391274704958382
l2730108.3,1.0473835086463785,1.050345085694117
m1008733.2,0.992104064672125,1.0005999907649177
m1026354.1,1.0032562927983046,1.0173382576838395
m1026354.2,1.005155825254459,1.0135408152670018
m1026354.3,1.0378976599030498,1.043323796407333
m1026309.2,0.9960580938460744,1.0045202728899492
l2804260.2,0.995993738492881,1.0044564585237175
l3085395.1,1.0217113100794633,1.0354998232963086
m1026767.1,0.9976074522602,1.0098161390094007
l3141401.1,1.0363448480918915,1.04924554544282
l3104120.2,1.0260581235241242,1.0342466263304655
m1026896.1,1.0066457876154649,1.0192860701557476
m1026896.2,1.0172259195364777,1.0254881548194261
m1026896.3,1.0237530665013836,1.030289799515006
p860847.1,1.0066215923871935,1.0192621740448535
m1108344.3,1.021970006356798,1.026969622109709
m1108353.3,1.0210136297991954,1.026017990990925
l2763811.3,1.011091255097705,1.0175829960429823
l3235256.1,1.0180161904279301,1.031895668708404
l3235256.2,1.0224755745307859,1.030708548599275
l3235256.3,1.0400905581579034,1.0454785836890874
m3019248.2,1.004963848107102,1.0133350531494498
m3021569.2,1.0049525577076086,1.0133238554991115
l3254230.1,1.008543362508623,1.0237382091406253
l2814529.1,0.9984375168444025,1.011547973729655
l2814529.2,1.020191666620685,1.0283306756511457
l2814529.3,1.0109583217152154,1.0175183344478826
l2689727.1,0.9928239741062109,1.005594162453471
l2860484.2,0.9993580213101678,1.0076727939967702
221-703009.3,1.0333873710735937,1.038777684951258
l3150961.3,1.0333786118539274,1.0387689717512436
l2711225.3,1.0349128885933592,1.0396784712196627
l3030200.3,1.0348953378205792,1.0396610001718598
m1186063.1,1.0310614896907402,1.036692174570323
m1186063.2,1.0363124432986437,1.0412525477858603
m1186063.3,1.0451011141396176,1.0486390500074627
l2879054.1,0.9969594862345303,1.0059266957753565
n1136661.3,1.0335035520889275,1.0400206163550212
l2689691.1,0.9990934454096626,1.0112841572084166
l2689691.2,1.0090083637820042,1.0173493416836263
l2689691.3,1.0209608500133547,1.0275097258349384
n1136353.2,1.0293939707803923,1.0366909558225086
l2820535.2,1.0293918294444102,1.0366888293736731
l2727795.3,1.0385771105567132,1.0439246578133026
m1166368.1,1.022677986382838,1.0293747855110937
m1166368.2,1.031053216951477,1.0368135073123355
m1166368.3,1.0405815822615698,1.0445932290070492
l3086098.1,1.0226595727904866,1.0293564910887254
l3030197.1,1.0052973942158892,1.0138816668374022
l3030197.2,1.0195557573702116,1.0267554386252356
l3030197.3,1.0347724412195818,1.0396002364621328
l2822867.2,0.9991863094445709,1.0075017551544312
d6049822-1_int.1,1.0107960795750153,1.0236160432007841
m1047323.1,1.0085228917740665,1.0225441861621014
m1089174.3,1.0133384655278281,1.0183810146284005
p827501.3,1.0132193577407371,1.0182624993967189
l3104859.2,1.0163544810009741,1.0236394074332773
l3101194.3,1.0104183501787214,1.0169145892268594
l2862616.3,1.0103007972178537,1.0167977988234989
m1069205.3,1.0368617405894558,1.0422181217859243
e182746.1,1.0138546191704154,1.0287650635526713
e182746.2,1.0287116112013919,1.0360132378732951
e182746.3,1.045615536216612,1.0521184049489323
m1010015.1,0.9897955464266799,1.0026042721056423
l3066813.2,0.9986827854743546,1.0070024579002201
l2991910.2,0.9980366264165964,1.0063617255050223
m1108331.3,1.026193652411501,1.0311723764782192
l2785531.1,1.0086093588236498,1.0213157221829745
l3179646.1,0.9681902610661943,0.9796910178585931
l3179646.2,1.0000890152807163,1.0094079327195296
l3179646.3,1.033001185928371,1.03890870546968
l3066818.2,1.0207776469452199,1.0290301370424724
l2954345.3,1.0296719269901808,1.0361804785650521
l2804255.2,1.0113939737985456,1.0196054894425015
m1108356.3,1.021506122208498,1.026508004398789
l2842390.3,1.0214972533553697,1.0264991786201727
p829975.3,1.0365975999816135,1.0410451010341744
l3160871.3,1.036587990168554,1.0410355322985825
m1047338.1,1.0114314348050086,1.0254153612233052
l2691953.1,1.0114144074634974,1.0253985648968262
l2767408.3,1.0343411286912185,1.0390595947646266
l3728037.1,1.0138313517279514,1.026659084018882
p895113.3,1.0349373199331715,1.039702791530066
m1166396.3,1.034838483918933,1.0378364344920854
m1166399.3,1.034692807632616,1.0376911802491275
m1108507.1,0.9688512621405361,0.9802694352358179
l3108449.1,0.9688439333987336,0.9802621919855126
l3160109.1,1.0161454012859645,1.0289868644390767
l3160109.2,1.0216575334255067,1.0297649811128962
l3160109.3,1.0220455550132086,1.0285316890223062
p901936.3,1.033903046439636,1.0391114307461768
m1108267.2,1.038967981023789,1.0469891819042472
n1145956.1,1.002375015917373,1.0164667665468043
l2729412.1,1.0023675985502385,1.0164594505690043
l3160107.1,0.9940736161535542,1.0030940582406904
l3160107.2,0.9975687900122016,1.0051230695182887
l3160107.3,1.0163730376014806,1.0214901775797303
l2897766.3,1.0179238284640293,1.0229435209781221
m1026798.1,1.0070782335500024,1.0198035677194899
l2952014.1,1.0070743264968642,1.0197997087702886
l2748125.3,1.0159792311126539,1.0224450917725516
l2673303.3,1.0159694778874693,1.022435399772188
l2879753.2,1.017955597636199,1.0251217257973795
l2914324.1,1.0073271362485385,1.0200493819939918
l2876847.2,1.0202060928606054,1.028344965562167
m1047787.2,0.9976512196389075,1.0059803698226815
l2691942.2,1.0154344548563219,1.0237304371422093
m1026393.1,1.0000694398076682,1.0141924553057338
n1140821.3,1.011332727615406,1.0178904853539363
l3189188.3,1.0113231290724722,1.01788094892914
n1136365.1,1.0115588275312355,1.0266304081445696
n1136365.2,1.029123364979418,1.0364860669441014
n1136365.3,1.0442785202100433,1.0507938457101575
m1069517.1,1.0112914817338887,1.0263778702340665
m1069517.2,1.0290357227963407,1.036404779218759
m1069517.3,1.0442498796686588,1.0507656739974318
l3254228.2,1.0195595186955402,1.0269271121663959
n1137956.3,1.0172233453100261,1.0236811120993672
m1142814.1,1.0102958207295865,1.0190506650656332
m1142814.2,1.0194893996944128,1.026896469040273
m1142814.3,1.0328971466863164,1.0380553443938225
l3217053.3,1.0343142439143185,1.0390328314057906
m1026357.3,1.037794637548477,1.043220682857968
m1026357.1,1.0036382712164187,1.0177160139646486
m1026357.2,1.0056598675950226,1.0140406451780812
l3178997.3,1.0377462662747488,1.0431725618008914
m1125903.1,1.0115852179847613,1.02018183670194
m1069488.3,1.0160067302034745,1.0224724179077522
l2764412.1,0.9926594384601566,1.0054317215036714
n1136030.2,1.0000095480608546,1.0083188739771116
l2785513.1,1.0101727197614245,1.0230004829730077
m1209782.1,1.0397863624427996,1.0443592360469856
l3217056.1,1.0397593531917642,1.0443323442236565
m1009827.2,1.004982624506695,1.0133536746243224
m1069201.3,1.037626899812115,1.0429793381743389
m1047406.1,0.9920036954071499,1.0051965661757651
l2691947.1,0.9919966230340946,1.0051895854405866
m1047766.2,0.9997686197130664,1.008079970687184
l3216344.2,0.9997194453360002,1.0080312107140859
p830058.3,1.0408643159367692,1.0448442646985616
m1089199.1,1.0280783763951769,1.0423006429511497
m1089199.2,1.0380809872789978,1.0450081398651276
m1089199.3,1.0436319585628393,1.0501354031924897
m1089197.1,1.02723601617888,1.0415007783476138
m1089197.2,1.037589692230875,1.0445425242262958
m1089197.3,1.0436735653697202,1.0501775602832795
n1140526.3,1.0273330864531376,1.0338583345335723
m3763620.3,1.027209018135021,1.033735071373183
l2729207.3,1.0284285531174218,1.0349481544044508
228-961799-3_int.3,1.0284285535218094,1.0349481548114015
m1108335.3,1.0245682370250369,1.0295550008936056
m1027036.2,1.010880420118334,1.0192122479338994
l3010580.2,1.0108777745004387,1.0192096237121349
m1010003.1,0.9895045649445197,1.0023169821729736
p901933.1,1.0138483683771726,1.028758902733311
l3141394.2,1.041896730958198,1.0486233203190998
m1069465.1,1.0128111235336563,1.0255964938022402
l3104154.3,1.012571112715116,1.0176174748377391
l3104155.3,1.0125515117962098,1.0175979710575964
d6047588-1_int.2,1.0139440421146335,1.022252146377039
f739844.2,1.0139439278718336,1.0222520330482596
l3104130.2,0.9984242254104047,1.0068662187854682
l2841625.3,1.0357334225879444,1.0410956179218775
l3010566.3,1.0357179530722038,1.0410802276360023
m1027038.2,1.0109147104499685,1.0192462575768222
l2935568.2,0.9943286337196181,1.002685776828414
m1047293.1,1.0050282145988279,1.0190902562138784
m1047293.2,1.0076449605145776,1.016009181725821
m1047293.3,1.037613871161837,1.0430384480612527
p901905.2,1.0110769259082386,1.0194060791068578
l2897777.1,1.0220474438060903,1.0349097749137732
l2897777.2,1.0265676732038391,1.0346259275544722
l2897777.3,1.027335223707349,1.033841344341579
l2860488.2,0.9940495534644125,1.0025288786719178
l3122811.1,1.011520724392283,1.02432796625613
l2897774.2,0.999817981917049,1.008128126690195
l3254211.2,1.0166044656441515,1.0248909155930077
m1069513.1,1.0128110206374954,1.0278132062898242
m1069513.2,1.0295350090027955,1.036867901575325
m1069513.3,1.044412882342975,1.05092599866363
l2691938.2,1.0037618716584307,1.012143070721215
l2804256.1,0.9987335919029346,1.0114195359492313
l2804256.2,1.0126094627619893,1.0209209348331787
l2804256.3,1.019944246404414,1.026500410013143
m1047688.3,1.0290005828163926,1.035514951080563
m1047688.1,1.0179957022998467,1.0308851606666307
m1047688.2,1.017015412510205,1.0251781593318916
l2822863.3,1.0129740487400547,1.018018419918671
m1069505.1,1.0141966821034274,1.0291216996017378
m1069505.2,1.0299974068868536,1.037297079408417
m1069505.3,1.0445694880813412,1.0510800828601996
m1047311.1,1.0089678637778774,1.0229830902524797
l2748158.1,1.0089661890008605,1.0229814381993312
l3254234.2,1.0067961345487184,1.015152156003032
p903360.1,0.993815295653583,1.0069843343056148
l3214064.2,1.0108712799168247,1.0190873463690822
n1140523.3,1.018082105357523,1.0246009257575452
l2766724.3,1.0180781354211308,1.0245969812093492
m1069554.2,1.0250641003358996,1.0323919928857965
m1108526.1,1.02911961013244,1.0432893127166194
m1108526.2,1.0386898421206854,1.045585171466857
m1108526.3,1.043580985743993,1.0500837355716974
n1139251.3,1.0119640865912383,1.018450008344737
l3011229.1,0.9680722044093923,0.9794994965048773
m1166362.1,1.0205103318026383,1.0274627932731517
l3197639.1,0.9955343466816621,1.0086807835089957
l3085391.2,1.0014983520911216,1.0097944140313588
l2691952.1,0.9977275362622177,1.010850305281245
l2691952.2,1.020421926174957,1.0285605627221581
l2691952.3,1.009738854585234,1.0163065449214574
l2897781.1,1.0126306518399162,1.0265994900219397
d6049825-1_int.1,1.0087384123988565,1.0227564487547158
d6049825-1_int.2,1.0131242477059486,1.0214429483752263
d6049825-1_int.3,1.0380664499665042,1.0434820862984004
e182748.1,1.008734876443403,1.0227529615649615
e182748.2,1.0131179616976538,1.0214367155303883
e182748.3,1.038063941391563,1.0434795907447363
l2691950.3,1.0381956311045533,1.0435451435611018
l2916609.3,1.03818670099273,1.0435362590987676
m1069498.1,1.0167411048775217,1.0315376511173102
m1069498.2,1.0313850567332559,1.038624931180132
m1069498.3,1.0444161452986325,1.0509254351881618
m1069499.1,1.0157452213076972,1.030591478158935
m1069499.2,1.0308182347049923,1.038081361974849
m1069499.3,1.044512724658408,1.0510222962963984
l3104132.1,1.0002560008905872,1.014376415969831
l2805034.1,1.0155733246686163,1.02318245404668
l2822866.1,1.018156325424269,1.0310441464172384
l2822866.2,1.017427958268746,1.025587139958226
l2822866.3,1.0289826552349317,1.0354972684186015
p827563.2,1.0028092160078645,1.0110943052547656
l3160100.2,0.9945185712861643,1.002873903170388
l3085390.2,0.9945101865270021,1.0028655878158081
l2954361.2,1.0196525454547425,1.0270194638579317
e182744.2,0.9921434114340857,1.0006389912570464
l2801895.2,0.9921258591159101,1.0006215872679693
l2691973.1,1.0101184274609183,1.022876654104677
m1047671.1,1.0183523395652105,1.0312381612207635
m1026984.1,0.9976833989074186,1.0103848244942564
m1026984.2,1.0120416390737093,1.0203594268899332
m1026984.3,1.0189853415115921,1.025547098681762
m1209751.2,1.0357842122032483,1.040726835572286
p827505.3,1.0179962289466713,1.0244499497162212
l3066829.3,1.0138079581852657,1.020401592889835
l2879063.2,1.0106172842253194,1.0188301861625646
n1140528.1,1.0154251220778285,1.028212983968297
l3649297.1,1.0153130353479873,1.0281022938571651
n1140817.1,1.0042057584324071,1.0172344406280944
n1140817.2,1.0209953710498558,1.0291210261017387
n1140817.3,1.014958794335427,1.021495459098031
n1136029.2,1.000074816767377,1.008383591594713
n1136028.1,1.0134220017171487,1.0263531378730608
n1136028.2,1.0018876844224751,1.0101809857063002
n1136028.3,1.032198453185944,1.0386872377960534
n1139258.3,1.0155726885465675,1.0220384064708945
m1142875.1,1.001603724868476,1.0104937166175794
m1142875.2,1.017408705751153,1.024839697158629
m1142875.3,1.0344675614763372,1.0394146044959556
m1026895.3,1.0239074692448058,1.030443849309127
l2820528.3,1.023881606193163,1.0304181490161417
n1138608.3,1.0119082999348834,1.0183946233272856
l3048230.3,1.037136143133681,1.0425596059584887
n1139260.1,1.0123684622425038,1.0251618164579646
n1139260.2,1.009281818390596,1.0175071952143373
n1139260.3,1.015892897712157,1.022356991668462
l2925506.1,1.0122295817365585,1.0250255092502907
l2925506.2,1.0086968732544985,1.0169276823602533
l2925506.3,1.0156641302496572,1.0221293635867437
l2729434.2,1.0116424973761076,1.019964622180673
m1069549.1,1.0138948282366902,1.0288046467815342
m1069549.2,1.0286790436503197,1.035980954059051
m1069549.3,1.045631402647187,1.0521342331611758
l2970811.1,0.99055374385449,1.003352834983464
n1137988.1,1.0148271604098373,1.027746495921103
p829798.1,0.9732746145040899,0.9844036598518254
l2841621.1,1.015509146117964,1.028422336915821
l2841621.2,1.0093957237408904,1.0176245154943737
l2841621.3,1.0303888541160668,1.0368916310399432
n1137986.1,1.0153679079133504,1.0282823683381168
n1137986.2,1.008924938656132,1.017157791042036
n1137986.3,1.0304938198845628,1.0369957674447028
n1141479.1,1.007978670120373,1.016340445221902
l3198348.1,1.0079750758302741,1.0163368803308068
l2876813.1,1.0089005000145936,1.0216032513293403
l3104118.3,1.0140531719374366,1.0206452253532425
l2748126.3,1.0140359639987573,1.020628129489367
m1166394.3,1.0355802958613505,1.0385760934868327
l0247171.2,1.0139401854334742,1.0222483206116066
l3179607.2,1.0091409731653715,1.017455692522957
l2861197.3,1.0338119600583138,1.0390563457146893
l3160896.3,1.033799230027252,1.0390436793659346
l3067506.3,1.0406277232483907,1.0446085733979993
l3029497.3,1.0142207732919473,1.019258920577266
l3047073.3,1.011733989019368,1.018221400134478
221-559681.3,1.0273364521099941,1.033861678116911
l3104133.1,1.0087174293428032,1.0227360709983262
l3122819.3,1.0351457227530445,1.0405109548482085
l3048889.3,1.0342073025315999,1.0372070814674477
m1027068.3,1.0138755707739957,1.0204687696420263
l3235268.3,1.013856091104489,1.0204494149919132
l3008232.2,1.0127332072489783,1.0210423179500017
m1149249.3,1.0331018866486261,1.0361048746920642
m1142808.2,1.0188280656376207,1.026505639590153
m1027100.1,0.9915266851743381,1.0043133980644792
l3140238.1,0.9915131478950184,1.0043000347442488
l3235257.1,1.0091335861108774,1.0218280536056161
l3235257.2,1.0198244322731511,1.0280591802667576
l3235257.3,1.0246621445441846,1.0311959260114976
l3010564.3,1.0155471856130727,1.0221294943342563
l2691946.2,1.0406919030381772,1.0486997541578922
l3139103.1,0.9907296144313102,1.0035264705882505
m1026732.1,0.997244335247258,1.0094574195788915
e182723.3,1.0132086507988323,1.0182518492866368
l3119793.2,1.0164860089769225,1.024773419476453
m1047371.2,1.0164596144646685,1.0247472393084545
m1026807.1,1.0127967877517279,1.025705325370265
m1026807.2,1.0221149971432344,1.0302212827037456
m1026807.3,1.0200515300761257,1.026559142640174
n1140521.1,1.0126496522972819,1.0255603055518903
n1140521.2,1.0221041900207108,1.03021079283544
n1140521.3,1.0199560344012168,1.0264641885652834
l3066807.3,1.016344401668324,1.0213719647595505
n1138606.3,1.0123796129223634,1.0188628636640038
m1069335.3,1.012372678684849,1.018855974277451
n1142102.1,0.9732677219603756,0.9843968445083852
l2804956.1,0.9732532813731989,0.9843825659421507
m1047777.2,0.997636518208178,1.0059657100260375
l3254212.2,1.0190163353041013,1.0272831491113295
l2820533.1,1.00853263041074,1.0237276338426893
l2879055.3,1.0382113889146123,1.0435607930749506
m1047434.1,0.9940655604445996,1.0072313077712411
m1026665.1,0.9980844155462952,1.011197386905459
l3232933.1,0.9980844390393405,1.011197410707159
l3104115.2,0.9922253345399225,1.0007202199560834
l3086075.2,1.0357693963211367,1.0407120894329538
m1108484.1,0.9754226777672691,0.9863974771382777
m1108484.2,1.003747338273713,1.0127061655307192
m1108484.3,1.0332220544772506,1.0389622631296411
l2822857.2,1.0059021531823187,1.0142655799294935
l3104126.3,1.0376372829460367,1.0429896683344022
p827542.2,1.013951868436081,1.0222599096577494
m1209807.1,1.0457210497722818,1.0495259475423506
m1209807.2,1.0465309063215942,1.0500462153754768
m1209807.3,1.0532625519577252,1.0559766417938645
m1209805.1,1.045195652945437,1.049080268952132
m1209805.2,1.046131230068034,1.049710047637115
m1209805.3,1.0529289552317667,1.0556817363466262
l2989565.1,1.01158230037547,1.0201789434004098
e182733.1,0.9990882993252134,1.0112790215290828
e182733.2,1.0089599633780557,1.0173013363421806
e182733.3,1.0209730288496686,1.0275218174410237
l2806553.3,1.0383225423066955,1.0413103733582063
l3122813.1,1.0167980658028961,1.0307053414250986
l2729411.1,1.0126297540681028,1.026598605237701
l2935555.1,1.0170264990016005,1.0299256241271908
m3037453.1,1.00766745477724,1.0203854902161802
l3215203.1,0.9777929692684055,0.9886148493029027
l3215203.2,1.002795662936608,1.011710739019632
l3215203.3,1.0322154462026634,1.038017279126337
m1026812.1,1.0076666846590818,1.020384729554933
l3122847.1,1.0076569142051424,1.0203750788562995
n1138594.1,0.9995449429754681,1.0126387755318442
m1026679.1,0.9988526001817414,1.0119555031215466
l3141396.3,1.0172103456814556,1.0236681941810404
l3066808.3,1.0171898000742432,1.0236477778980804
m3036170.1,0.9977269504236544,1.0108497379288686
m3036170.2,1.0204217042796748,1.0285603446819311
m3036170.3,1.009733973384533,1.0163016955003967
n1136362.1,1.0138253078719786,1.028736175993907
m1026773.1,1.0066985879189443,1.0194286318161063
l3195751.1,1.006668083315115,1.0193985044545786
m1026660.1,0.9977014611969244,1.0108194554149905
l3085410.2,1.025164561412217,1.0324917331007024
m1026670.1,0.9977218842944954,1.010844812104288
m1026670.2,1.0204204492123183,1.028559115086159
m1026670.3,1.0097004472752662,1.0162683878266463
l3178982.1,0.9981482070117464,1.0103503628192207
m1125988.1,0.9844223138869839,0.9947032597637072
m1125988.2,1.0080194238383229,1.0164850277656732
m1125988.3,1.0335835582590094,1.0390717398393252
l3197636.2,1.0000662315537028,1.0083742730811904
m1089132.3,1.0382084180366633,1.0435578648910853
l2876798.1,1.0125155550831462,1.0253061833079982
l2876798.2,1.0099014996803057,1.0181211196359055
l2876798.3,1.0161353114366007,1.0225981959096355
n1136660.1,1.031025960669701,1.043911428248998
l3104136.1,1.01576598930993,1.028599922189065
l3104136.2,1.0210615424241622,1.0291751875947062
l3104136.3,1.021650338349086,1.0281322533423491
l3048888.3,1.0332696365224243,1.0362721372634949
d5587291-3_int.1,1.0354135121833161,1.0492614234979332
d5587291-3_int.2,1.0425069613135864,1.0492055846745876
d5587291-3_int.3,1.043415333670178,1.0499127528326047
190-8581.1,1.0354975494400782,1.0493410110669652
190-8581.2,1.042562456577625,1.0492583401604598
190-8581.3,1.0434158329029184,1.0499131575772187
l3197644.1,1.0126367345617975,1.026605491299468
m1009843.2,1.0040498176431614,1.012428613120616
l3251806.2,1.0040437085151,1.0124225548823047
m1069516.1,1.0120200643222745,1.0270660909992453
m1069516.2,1.0292747718372754,1.0366265025976298
m1069516.3,1.0443279702675643,1.0508424845745483
l3251830.1,0.9940579158432111,1.0072237607010268
l2804249.1,1.004128659435072,1.0129828462282253
l2804249.2,1.0086351907458393,1.0160662663003386
l2804249.3,1.0246722941244077,1.0297372721601552
l2935557.1,1.006398897046683,1.0190422324051696
m1069250.3,1.0116598805543426,1.0181477681332525
l2690868.3,1.0116527007024962,1.018140634277752
l3030204.1,1.0335181656043944,1.038863462699522
l3030204.2,1.0380847073314652,1.0428037772109109
l3030204.3,1.046353115577455,1.0497647220639084
l3179637.3,1.0348063678968265,1.0378044111336329
m1108262.2,1.0382811568959238,1.0463076651556875
m1108261.2,1.0382791504639426,1.0463056741054528
d5513564-1_int.1,1.0430183260533232,1.0472247393615615
d5513564-1_int.2,1.044536715181944,1.0483687995405133
d5513564-1_int.3,1.051499712715169,1.054400223991619
e192201.1,1.0429492189071117,1.047162106467959
e192201.2,1.0444692234366277,1.0483073477835567
e192201.3,1.0514336432573885,1.0543393919974007
r20185.1,1.0433211072775932,1.0474887883666393
r20185.2,1.0447670104508073,1.0485687540356672
r20185.3,1.0517096585640044,1.0545926692314675
l3181545.1,1.0109306730611114,1.0237508023221789
l3181545.2,1.0028514411673501,1.0111363104377933
l3181545.3,1.0134921557081542,1.0199682200393727
n1138603.1,1.011014888671716,1.0238351772163177
n1138603.2,1.0028008616254491,1.0110862769810052
n1138603.3,1.013192437959649,1.0196704366709652
l3178976.1,0.9975041628257896,1.009714089281485
l3065665.1,0.9687560098403691,0.9801752994774712
l2785514.1,1.0102965396719952,1.0231227514225587
l2710536.1,1.0060775797857062,1.0187043924847796
l2936216.3,1.0459991622836349,1.0489647479093518
m1026969.2,0.9965572993581413,1.0048955303176998
l3048231.2,1.0139112939439303,1.02221967612461
m1069328.3,1.01160125784606,1.0180896165769546
d6198039-1_int.1,0.9894107385708606,0.9992956047352727
d6198039-1_int.2,1.0105614373090894,1.0187358783549603
d6198039-1_int.3,1.0337600160630769,1.0390933009188357
e206217.1,0.9893589384041177,0.9992482107652708
e206217.2,1.0105106844044742,1.018689214245854
e206217.3,1.0337277379443126,1.0390644443155108
l2879071.2,0.9935574810595115,1.0019202239147658
l3029504.2,0.9932370971367039,1.001602528734283
m1026796.1,1.0111453174658989,1.024077264778179
m1026796.2,1.0219605814322,1.0300704029330008
m1026796.3,1.0190267314364307,1.0255401607315116
p827553.2,0.9921803675057626,1.0005556690216533
l2804251.1,1.0207595023263683,1.0345711864182296
m1069133.1,1.016862804598082,1.0307692172270593
l2764399.2,1.012731942621057,1.0210410636948994
p895117.2,1.028659512257641,1.0359616075685385
l2842383.1,1.017874761876099,1.0251859825809144
l2842383.2,1.0279031477262888,1.0341339714684927
l2842383.3,1.0381024504120429,1.0423852621498273
l2745811.3,1.0349662434444493,1.037963823743021
l2804252.1,1.000055078848721,1.0141782946097864
l3066815.1,1.0222566021018418,1.0351081647560547
l3066815.2,1.0263891688922029,1.034465888721115
l3066815.3,1.0292635870020848,1.035780519361832
p895075.3,1.0435769933472898,1.0500797677237192
l2710544.1,0.9921224056890431,1.0053137086633621
n1140519.1,1.0160329777114863,1.0288959225689793
n1140519.2,1.0225159069921284,1.0306151229224938
n1140519.3,1.0221777182376628,1.028673106956172
l3160117.2,0.9965041594088694,1.0048429581315932
l3029510.2,1.0039502626882855,1.0123298811837094
e182731.2,1.0013216857989538,1.0097390151051522
n1136658.1,1.0363641551035514,1.0492646182198022
n1136658.2,1.037680396242888,1.045512819237505
n1136658.3,1.036607480125411,1.0431266348705905
l2730149.1,0.9808183958683089,0.9913873592025998
l2730149.2,1.0062848645936167,1.0149600721501864
l2730149.3,1.0335270868864317,1.039126982227488
l2860500.2,0.9967923222940757,1.005128689316284
l3216347.3,1.0392805806917835,1.0446245024612837
l2767341.1,0.9881173874561813,0.9981059951551245
l2767341.2,1.009850898249034,1.0181026919181349
l2767341.3,1.0336896767389117,1.039064764755828
e206211.1,1.0144082286269829,1.0293158700063576
e206211.2,1.0298506109474912,1.0371444179988145
e206211.3,1.044789951934119,1.0512986905801909
n1134480.1,1.0142374885121286,1.0291456524355738
n1134480.2,1.0294499121065035,1.0367465081738878
n1134480.3,1.0450907379149272,1.0515973986230975
l3030203.3,1.036545608951556,1.0409933313376005
l2879773.1,1.0115629747030301,1.020220946097239
l2879773.2,1.0167509889827928,1.0240239525093968
l2879773.3,1.0307421709188584,1.035707644621264
l2804282.3,1.0126455826092673,1.017691575154258
n1137005.1,1.0161801007491487,1.0290871085535191
n1137005.2,1.0116403210328797,1.0198497380967535
n1137005.3,1.0299413127510475,1.036447709654126
m1047574.1,0.9977217984568256,1.013291689852365
m1047574.2,1.0196906377817943,1.027346403117255
m1047574.3,1.0374491945391358,1.0439687212230542
l3225319.2,0.9920941366639984,1.000590147591921
l3048201.2,0.9920793126797909,1.0005754511499205
m1126025.1,0.9675077517932452,0.9789416714347284
l2823545.1,0.9674923949443867,0.9789264946648208
l3160108.2,1.0039880090834756,1.0123673158212005
n1134478.1,1.014297436720527,1.0292168278038474
n1134478.2,1.0300313092825202,1.0373285567862855
n1134478.3,1.04458119918705,1.0510916074557897
l3029055.2,1.009984220210889,1.018213369846719
m1047577.1,1.0195362557383056,1.0323626819613265
m1047577.2,1.0249557846445407,1.0330658951073532
m1047577.3,1.0280222485021027,1.0345444039881986
m1209797.1,1.0409929833901084,1.0454442145065352
m1209797.2,1.043106225595944,1.04713048500825
m1209797.3,1.0502752363735468,1.0532880444393025
l3645811.3,1.0269790833415475,1.0335066511425868
l3254229.2,1.0249628270545272,1.0322914340959268
l2710521.1,1.0168579792386125,1.0307644571456627
m1009807.1,1.0005681595890885,1.0127685099022294
m1009807.2,1.0090009909890276,1.0173404263359616
m1009807.3,1.0210645269278884,1.0276133550182336
n1136672.3,1.0288446405628162,1.0353626721836127
l3253995.3,1.0288430913644844,1.0353611327649754
l2841638.3,1.0401095194638608,1.0454988578529991
l2860492.3,1.0400980789166279,1.0454874759786121
l2691959.2,1.0138457244813572,1.0221546182721544
l2973159.1,0.9961527561815853,1.0092910710662186
l2822859.2,0.993024183261636,1.0015122569825359
l2973158.3,1.0426260503113551,1.047942712507125
l2674052.3,1.0214981680890098,1.0265000887926443
m1125990.1,0.9833399210920581,0.9937075793582868
m1125990.2,1.0075041220594199,1.0160329064584468
m1125990.3,1.0335735770532444,1.0390953569872505
n1136366.1,1.0112909189065977,1.026377324544883
n1136366.2,1.0290349356656328,1.0364039963940717
n1136366.3,1.0442493717184567,1.0507651674068852
l2916620.1,1.0112908535894225,1.0263772612078557
l2916620.2,1.0290348443888884,1.0364039056142513
l2916620.3,1.0442493127607293,1.050765108605269
m1026472.2,1.0141444436661162,1.0224509189351427
m1026939.2,1.0126503492726695,1.0209601465805216
l3104124.2,1.0126460795816066,1.0209559113122642
l3233412.1,0.9786601305158754,0.9894348399888763
l3235266.3,1.0355926157099593,1.0409555434469469
l3235267.3,1.013916675374093,1.0205096092915171
l3235248.3,1.0160502860919647,1.022629316115711
l3217064.2,1.0185946419510685,1.026273979974398
l3200222.2,1.018594700921399,1.0262740393893146
l3729297.1,1.0145354810658396,1.0273544545104194
l3197625.3,1.0435581567257493,1.0500610468936873
l2917333.1,1.019138538025769,1.0262830710244037
n1140516.3,1.0132145278505957,1.0182576935290821
m1209748.2,1.0358175203704894,1.0407599881450087
l3142099.2,1.0358012831673786,1.0407438284899309
l2898457.1,0.9844173582526797,0.9946983548562599
m1166376.1,1.01653819921066,1.0240222533690517
m1166376.2,1.0269722591528767,1.0333362961011399
m1166376.3,1.0373810019670697,1.041742256469036
l2842384.1,1.0164694035532669,1.0239624509117813
l2842384.2,1.0269254073678347,1.0332963162719624
l2842384.3,1.037345113954148,1.0417103272766874
l2763407.3,1.0400133267840768,1.0429962396191577
d6023352-1_int.1,1.017178223177359,1.0245804368481812
d6023352-1_int.2,1.0274281613974698,1.0337285972671797
d6023352-1_int.3,1.037739113628581,1.0420620161350789
m1047750.1,1.0124655328618692,1.0254068474159934
l2708293.1,1.0124655732879793,1.0254068883588292
l3176656.1,1.0158717358150253,1.0287818470892838
m1047548.1,1.0217050446792058,1.0345536255171848
m1047548.2,1.0259167135678229,1.0340011264705997
m1047548.3,1.0290867364350882,1.0356041658213786
m1089185.1,0.9777009300713422,0.9885239364678967
m1089185.2,1.0026800254629282,1.0115960629105945
m1089185.3,1.0321256249755082,1.0379278826902403
l2748781.1,0.9674980260301262,0.9789320634944704
m1026695.1,0.9996383277076862,1.0127309366808943
m1026695.2,1.0205643134139568,1.0286987573257564
m1026695.3,1.012231248168123,1.0187835569883652
n1140818.1,0.9993317304415134,1.0124288983605356
n1140818.2,1.0204575965204592,1.0285932998203027
n1140818.3,1.0119008513032552,1.018455161497519
l2860501.2,0.9997129440054493,1.0080247632392112
m1209800.3,1.0508851353667767,1.0538365921864439
m1209800.1,1.0421582962623386,1.0464724132406646
m1209800.2,1.0438677388404036,1.0477851260856936
l2839332.3,1.0508851388799176,1.0538365957094513
l2954353.1,1.0253002366351922,1.0381683272651687
l2726974.2,1.0197714956873791,1.0271375483252145
l2785527.1,1.0098315694007436,1.0238358367237863
l2766729.1,1.009812377021559,1.0238169048054335
m1069376.2,1.0029081090291612,1.0111923702284742
m1069376.1,1.010836058809456,1.0236560257319023
m1069376.3,1.013824483590515,1.0202984032968574
m1027005.2,0.9945282991298156,1.0028835505657876
l3176660.2,1.0244504947230741,1.031782813969331
m1125943.3,1.033388711339624,1.0387790181698855
m1026874.1,1.0065142703721968,1.0191561791552823
m1125969.2,1.0100573815711518,1.018285930237997
m1125969.1,0.9885109798932834,0.9984680242972394
m1125969.3,1.0337043008399183,1.0390671690166504
l2673343.2,0.9957065454140022,1.0040519164776425
l2764436.2,0.9957065584034848,1.0040519295759947
d5565090-1_int.2,0.992143606189561,1.0006391843750908
l3029495.2,0.9921584424281794,1.000653895132113
n1134479.1,1.0144814943652831,1.02938890027431
n1134479.2,1.0300282692138332,1.0373208364948285
n1134479.3,1.0446632878520776,1.0511729019029543
l2823592.1,1.0439246432392175,1.0480031512972168
l2823592.2,1.0452175646339368,1.0489484554588977
l2823592.3,1.0521157007719002,1.054956130215082
l2933164.1,0.9997872265207749,1.008711681965951
l2933164.2,1.0039940605139306,1.011476289437033
l2933164.3,1.0211415659342877,1.026228406744059
l2992624.1,1.011292430377934,1.0197732830015382
l2992624.2,1.0190922581041404,1.0262215461036457
l2992624.3,1.0324060837784397,1.037281183259285
l3232301.3,1.0116404604118499,1.0181285590449347
m1010017.1,0.9900706389706763,1.0028758708008705
l2858175.1,0.9900608435000731,1.0028661989057646
m1009820.2,1.007354698944341,1.0157060935064357
l3045895.3,1.0261926800715153,1.0311714088334438
l2841618.1,1.010543079238816,1.0233662050546948
m1209817.1,1.0496130543857134,1.0528297677876073
m1209817.2,1.0494954974930273,1.0525414054989677
m1209817.3,1.055735203287328,1.0581630293768791
l2785547.2,0.9925947769131749,1.000965603672715
221-311595.3,1.0119671217347346,1.0184530237732374
f739841.2,1.014219301159969,1.02252516820553
l0247160.2,1.0142155455872746,1.022521442960716
l3122823.2,1.0009797513389298,1.0093999845792632
l3048966.3,1.0405725168722384,1.0445535773410213
m1142810.2,1.0188417875048803,1.0265192584737044
m1142810.1,1.0099185114183273,1.0189476954775327
m1142810.3,1.03265622621932,1.0380701505957075
m1027109.1,0.9909378112221431,1.003732016694606
l3101788.1,0.9908907537824955,1.003685554789317
p903490.3,1.0338442512080865,1.0390884750970288
l2916603.2,0.9939172925309226,1.0022776788936647
l3160106.1,0.9976102129716263,1.0107293880258539
d5563942-4_int.1,1.0146279147785342,1.022361157918435
d5563942-4_int.2,1.0256789091570238,1.0322331190017393
d5563942-4_int.3,1.0363973876701893,1.0408681968869375
q16483.1,1.0145667378799608,1.0223061877837674
q16483.2,1.025617414212896,1.032177402751964
q16483.3,1.0363418020454658,1.040817651385724
m1069514.1,1.0088810860768298,1.0240709422236718
m1069514.2,1.0275846351719267,1.0350107503532469
m1069514.3,1.0432530924180508,1.0497732003170623
p850083.1,0.9777003376665321,0.9885233514599474
p850083.2,1.0026793442095776,1.011595388291865
p850083.3,1.0321249323476125,1.0379271928269318
l3178988.2,1.0249162167742876,1.0322451539511812
l3010568.1,1.0310186120088398,1.043904170374743
m1026356.1,1.003472853186573,1.0175524243687855
m1026356.2,1.005441586483029,1.0138241883641492
m1026356.3,1.0378392527392524,1.0432653375579817
l2989600.1,1.0205363192283392,1.027488605806565
m1026487.2,1.0139314770195982,1.022239682771153
m1069348.3,1.0123569147566163,1.0188403121999374
l2804248.2,0.9945431715076185,1.0028982998438798
l2729413.1,1.0109251659368548,1.0236733688472066
l2673314.3,1.022886021772287,1.0294258142189958
l2785528.2,1.0190865584824353,1.027352801752076
l2897773.1,1.0170053541455375,1.0299047415106006
l3010567.3,1.0366870990509822,1.0420443787467188
l2991917.2,0.999613081070996,1.0080449478084734
l2766730.2,1.008955602838632,1.0172970113352993
m1166407.3,1.0340546158259518,1.037054836973729
m1008753.2,0.9929846009483081,1.0014730122732758
m1047419.1,0.9926765041243233,1.0058605254423143
m1089207.1,1.0221333803605035,1.0366577724286143
m1089207.2,1.0345358021077684,1.0416456329340655
m1089207.3,1.0439575414816067,1.0504646742709354
m1047572.1,1.0209741212231414,1.0338311362297872
m1047572.2,1.0241524609304493,1.0322524543712976
m1047572.3,1.0288987639830773,1.035416656976289
m1108329.3,1.0261766499969713,1.0311554561214307
n1138599.1,1.0108604892382957,1.0236804981029215
n1138599.2,1.002893477160996,1.0111778954023296
n1138599.3,1.0137386735645817,1.0202131471206681
l3217057.1,1.0397823777180657,1.044355268468247
193-103041.3,1.0269790834301933,1.0335066512317959
l2785515.3,1.0123705723171372,1.0174179574305473
m1069206.3,1.0357783803981748,1.0411403456214152
l2729424.1,1.0138311432287244,1.0287419248340453
l2917359.1,1.0104785590804588,1.019099014254481
m3037538.1,1.0077695887217617,1.0204863598570317
l3027133.1,1.0077650322248037,1.0204818597187701
l3197627.3,1.0149893119736595,1.0200236271330936
m1069187.1,1.0246832452103973,1.0383837532427393
l2748129.1,1.0246589221903848,1.038359755183734
d6290228-6_int.1,1.00753148115278,1.02278054478364
d6290228-6_int.2,1.0267231519611137,1.0341824763783143
d6290228-6_int.3,1.0426831300294006,1.04920571378457
q16642.1,1.0074985919415889,1.0227489830706917
q16642.2,1.0266947959234696,1.0341551403020368
q16642.3,1.0426620960829411,1.0491847823064293
n1136657.1,1.0086286294160842,1.0238295621979137
n1136657.2,1.0274234553384411,1.0348557839282209
n1136657.3,1.0431464809386206,1.0496670525779301
l3027671.1,0.9779782791895216,0.9887606148706212
m1108423.1,0.9778716592968295,0.9886551942238687
n1136665.1,1.0253025531811157,1.0381706146982441
l2710532.3,1.0107199880599054,1.0172814578265983
l2785526.2,1.0018813049503394,1.010293876260187
l2857591.1,1.007761422800868,1.0204782946790445
l2841630.3,1.0393793398742948,1.044722756087469
l3312692.1,0.9893073447785351,1.0021222615714027
m1069495.1,1.016854904163968,1.0316457673908097
m1069495.2,1.0314499412377411,1.0386871534431963
m1069495.3,1.0444051411041646,1.050914397860362
l3179678.1,1.0059528613472084,1.0147774992854492
l3179678.2,1.0106025445033726,1.0180120004346174
l3179678.3,1.0261907440299451,1.0312464172801246
m1149225.2,1.0187181311911984,1.0263965313972823
r42246.1,1.0073721485869678,1.0226279707734836
r42246.2,1.0266067387193119,1.0340704044262563
r42246.3,1.0426015502403663,1.0491245102357851
l3632979.1,0.9984427551188989,1.0111327581979843
p841985.2,1.016458392210592,1.0247460269929067
l3104796.3,1.0338107276136326,1.0390551198224482
n1141476.1,1.0113056429780034,1.0197975754626714
l2785519.1,1.0245905961733701,1.0382923237879187
l3104122.1,1.0245392735596206,1.0382416754270454
l3197618.1,1.0090428436689907,1.0218144433468477
e192258.1,1.031053143484181,1.036683948741251
e192258.2,1.03627988921821,1.0412201359122644
e192258.3,1.0450678730857077,1.0486058822590736
d5534970-1_int.1,1.0055443983093566,1.018554380962651
d5534970-1_int.2,1.0212136152201106,1.0293359637329027
d5534970-1_int.3,1.0157682072988141,1.0223002439642255
l2841633.1,1.006682343182359,1.0196764159482752
l2841633.2,1.021391104993131,1.0295107000631607
l2841633.3,1.0164574093463195,1.0229855060065385
l3254206.2,1.0051478581350186,1.0135175395745522
n1145954.1,1.0071005599692053,1.021138713580239
n1145954.2,1.01060589047308,1.0189454624089636
n1145954.3,1.0375531236710935,1.0429744166922048
p827580.1,1.0070992392501141,1.021137411882404
p827580.2,1.0106043687816657,1.0189439528155926
p827580.3,1.0375516925134365,1.0429729948713962
l2955074.1,1.0111776780097907,1.0196009961880192
l2955074.2,1.019933477616971,1.0270145254319865
l2955074.3,1.0330151482458987,1.0378591332731788
l2970845.2,1.0163406560492423,1.0236256804254553
l3010585.1,1.0070874647389652,1.0198126851192237
l2861219.2,1.0204535954525245,1.0274930734759444
l3104135.1,1.0018042456065661,1.0158992663150654
l3254203.2,0.9930132191281137,1.0013811950057017
l2954352.3,1.0393733967970074,1.0447168432317748
m1047400.1,0.9916712086820694,1.0048684847575486
l2842379.1,1.0112288782442738,1.0197214499361895
l2916617.2,1.0211104295956461,1.028466802367287
n1136670.1,1.0215982445550713,1.034448057757495
n1136670.2,1.0256589253187747,1.0337456149652533
n1136670.3,1.0290592720401772,1.035576769180902
l2766727.2,1.0007641109659557,1.009186151893793
l2727019.1,1.0205447906893415,1.0274970196553723
l2801909.1,1.0493078481376015,1.0525705897681705
l2801909.2,1.049262286067924,1.0523449794494382
l2801909.3,1.0555404841192157,1.0579907627588432
m1047831.2,0.9926959771066395,1.0010668996176106
l2748131.2,0.9970879587157871,1.0054217453252452
l2729427.2,0.9968173148004627,1.0051533685502927
l2766717.3,1.037897800603982,1.0432488123820274
l2879064.1,1.0261157608173008,1.0397974018224454
l3195318.2,1.0382157124325186,1.0462427215450092
l3254204.1,1.0138805960828836,1.0266446577991117
l2973148.1,1.0226319062083649,1.0371284610207918
l2801902.2,1.0218742898685995,1.0292251547626825
l2748146.1,1.025019237834332,1.0387153111236607
n1139549.1,0.9950063431885183,1.0081597125559107
n1138593.1,1.0115070870822929,1.0242480602490927
l3197624.2,0.9930597754934762,1.001427368228117
m1069558.2,1.0250126925093834,1.0323409458197774
l3197654.1,1.0052333495663575,1.0205582522928798
l2710505.2,0.9926776129336634,1.0010486902256102
l2879065.2,1.0151837382026552,1.023481762265922
m1166358.3,1.040828151578705,1.0448082374545036
l2898522.1,1.0204922480775303,1.0274448304747015
l2992556.3,1.0420412516832633,1.0450183033226497
196-35813.1,1.0161225570754697,1.0289842394846147
196-35813.2,1.0225267291793476,1.0306257518775943
196-35813.3,1.0222370251305481,1.0287320727892646
l3064514.3,1.0333723751523294,1.0363745777434021
l3141402.3,1.0095557173823393,1.0161246016080343
l2859391.2,1.0089366964956932,1.0172782585577356
l2860489.1,1.0010803835120825,1.0151893397403615
m1026989.2,0.9957409343168643,1.004086016482605
m1209752.2,1.0358220236761917,1.0407644681583466
l2710514.2,0.9986454412931243,1.0069662314865386
l2726975.2,0.9920220323532648,1.0003986729636687
l3649306.1,1.015048715063365,1.0278412689305747
l2767407.2,1.0184605626867318,1.0256231683585502
l2730107.3,1.0423911643184756,1.0488955231531039
m4113347.3,1.0123828423572876,1.0188660722005944
m4113347.1,1.011245226506082,1.0240659109253647
m4113347.2,1.002662848637603,1.0109497436538635
l3216339.2,0.9920793618305515,1.0005754994189706
d5472341-1_int.2,1.0141436698685578,1.0224501513426418
f739842.2,1.0141435556467044,1.0224500380342856
l2897792.1,1.0088486830262364,1.0240390185999608
m1026800.1,1.0118615757409453,1.0247835150443825
m1026800.2,1.022048774874157,1.030157049821084
m1026800.3,1.0194604759655896,1.0259714303850527
m1026797.1,1.0111753084931154,1.0241068367696828
m1026797.2,1.0219642744231923,1.0300740311676937
m1026797.3,1.0190448932960283,1.0255582189605044
l2729407.2,1.0161424297188448,1.0244326446877405
l3342743.3,1.027164973896176,1.033690894883907
l3122818.3,1.0220508586443322,1.0285945070822489
m1047430.1,0.9937919303010638,1.0069612763483815
l3048203.2,0.9966152880002895,1.0049531233439812
l2936276.2,1.0362713726705644,1.0412116721009663
l2860499.2,1.0251326976589352,1.032460094588454
p827564.3,1.0123701389729063,1.0188534509850058
l3030205.3,1.0408153076785283,1.0447954420564882
l3008248.1,0.9904669687695645,1.0032671617360664
l2804250.3,1.0219238749126094,1.0269237160930809
l2954354.1,1.0083742492214964,1.0223975706804491
l2673321.1,1.0083593461786435,1.0223828698771311
l3197634.2,1.0150706071819122,1.0233549469173187
l3141389.1,1.0090483379398687,1.021819871526851
l2935559.1,1.000034649088353,1.014158148755626
p895087.1,1.0226904099850316,1.0371861555221513
l3254217.1,1.012361606717412,1.0252764013861284
l3254217.2,1.0220830303983153,1.0301902542999815
l3254217.3,1.019769076858471,1.0262782913405462
l3101782.1,0.9675206346969549,0.9789544012839567
l2745799.3,1.023875136467334,1.030411720032782
l3082983.2,1.0225953722431487,1.029941041728534
l2691966.2,1.0238353101569664,1.031172057307899
n1136368.1,1.0088590911044018,1.0240492726865853
l3197642.3,1.0097245485077362,1.0162923314091157
l2973157.1,0.9926672701026165,1.005851412872855
l2935550.3,1.018004975618877,1.0230242707559998
d5865224-1_int.2,1.0142194158183349,1.0225252819395614
l3066821.1,0.9976950432565919,1.0099026658054386
m1009691.1,0.9976757533671259,1.0098836066651278
l3178975.2,0.9975214921538523,1.0058516547086676
m1069518.1,1.0112911451976379,1.0263775439616623
m1069518.2,1.029035252007743,1.036404311010105
m1069518.3,1.0442495759625614,1.0507653711074503
l2916618.2,1.019732935917047,1.0270992643171624
l2710515.3,1.0150773107205742,1.0216626837650464
l3235258.1,1.0042039297236096,1.0172326343358091
l3235258.2,1.0209906942914229,1.0291163895475348
l3235258.3,1.014958148221953,1.0214948151616854
l3141395.3,1.015382455688758,1.0218493813769547
n1136997.3,1.0287697424262112,1.0352864758241682
l3104123.3,1.0287632589984146,1.035280032930089
190-7361.1,1.0354580962484536,1.0489273488833915
190-7361.2,1.0420258669726268,1.0500200168573532
190-7361.3,1.044253349088016,1.0495558784843284
l3645812.3,1.0271975788852215,1.0337237055323585
228-1353934-4_int.3,1.0271978183372403,1.033723946505695
l3254214.2,0.9921735186292918,1.000547889249497
d5686080-1_int.1,1.0070973986968048,1.0211355978340986
d5686080-1_int.2,1.0106022481692785,1.0189418490613738
d5686080-1_int.3,1.0375496980900245,1.0429710134581387
l2766749.1,1.0120666501793698,1.0248651683238845
l2766749.2,1.008144341982355,1.0163802930654855
l2766749.3,1.015503948804259,1.0219698965193302
l2692660.1,1.0114026702157637,1.0194770773576816
l2955076.1,1.0113859261836615,1.0194604652784158
m1125979.3,1.0338024421297332,1.039046875875029
l3160114.1,1.013846606019583,1.0287571645523308
l3235245.3,1.0178959681889563,1.0243503208017957
m1026876.1,1.0036057188780036,1.0160865876890324
m1026876.2,1.012605123745676,1.0209110463221467
m1026876.3,1.0225734450688317,1.0291146471697512
l2785535.2,1.0193277490388075,1.0266970391873598
l2973150.1,1.008347462695011,1.0235451943342047
l3160113.2,1.019860441135128,1.0272258347893346
l2710518.1,0.9976686072613222,1.0107931856936567
l3195310.1,1.0000382524613527,1.0141617018342597
l3142098.2,1.0180901214157272,1.0252553165896419
m1026784.3,1.018084957776752,1.0246037599266555
l2897771.2,1.0163298781697172,1.023614978621984
l2917255.3,1.0337833462564818,1.0390278755975155
l3254215.3,1.0351297871429876,1.0404951017062303
l2989571.1,0.9894977521522516,1.0023102551252285
l3179699.2,1.0386195453940386,1.0466434057689842
l3029507.2,1.0007585563029986,1.0091806422185712
l2748124.2,0.9915606103888008,0.999941153655224
d5958866-1_int.1,1.0115505661944981,1.0201272996643753
d5958866-1_int.2,1.0178046201875446,1.0250139940749436
d5958866-1_int.3,1.0313716461611184,1.0362990422239706
l2861218.1,1.0114502483738774,1.019992984290699
l2861218.2,1.0182223841849904,1.0254035742712313
l2861218.3,1.0317580854353117,1.0366667690144697
l0247162.2,1.0141398138976738,1.0224463262697765
l2935552.3,1.0261493031411713,1.0311282408347255
l3216350.1,0.9976920380155027,1.010815574442744
l3197660.2,0.99497528420483,1.003326959154775
m1026880.1,1.0065628638837765,1.0192041713464786
l2822860.2,0.9929222892731339,1.0012910388022211
l3101787.1,0.9908670679566374,1.0036621678404072
l3027132.1,0.9908607773061169,1.0036559564028793
l3179673.3,1.0365359758413737,1.0409837392975199
l2879092.3,1.0092355759201204,1.0158065756172145
l2803199.1,0.9780571537680154,0.988875803955619
l2803199.2,1.003048255138207,1.0119612413228662
l2803199.3,1.032419249290401,1.0382201752943705
l3254208.3,1.0160987399877996,1.0225638457161437
m1027014.3,1.0146132317237693,1.021201636176179
m1047433.1,0.9940655253831635,1.0072312722454397
l2991905.1,1.0109505616921195,1.0237676531815392
l2935560.3,1.0110064921703377,1.0175662305811293
l3085400.3,1.035081167472071,1.0404467376271942
l2764403.1,1.002624431036333,1.0180331525383992
m1108535.1,1.0335946525079809,1.0475359842071132
m1108535.2,1.0413624118898674,1.0481188375304746
m1108535.3,1.0434295987508244,1.0499287825684502
l2785521.3,1.0275196370559219,1.0340440556967336
l3216988.2,1.0091374094104746,1.0174521575689681
l3649305.1,1.0148600222410242,1.0276549315219987
l2983432.1,1.017555947274018,1.0304500291085623
l3315860.2,1.0049329441098633,1.0133044023006397
m1125966.2,1.0092307896446948,1.01754477697226
l2729423.3,1.0456208209838485,1.0521237161347459
d6140776-1_int.1,1.0067441754301505,1.0197373632471032
l2673307.3,1.0133567194953181,1.0183991779299189
l2685809.1,1.0253003918332706,1.038168479413874
l3254209.3,1.0179103700423566,1.02436463188565
l2860477.1,1.0090398067446686,1.021811445187539
p827548.1,1.0088704064206973,1.0240604205845314
l3048946.3,1.040417916374618,1.0443995636530274
l2839331.1,0.9933990127696322,1.0061618839488689
l2973180.2,0.9915865669362547,0.9999658843106228
l3066806.3,1.0179381568925951,1.0229577790737079
l2785529.3,1.0251662751491224,1.0316984680477275
l3177894.1,0.9893632213178128,1.0021774307779603
l2731712.2,1.0109024604242238,1.019234107180653
l2917310.2,1.0180747499804594,1.0252400518084002
d5682346-3_int.1,1.0144092017255035,1.0293168290440455
d5682346-3_int.2,1.0298585361135641,1.0371522863765024
d5682346-3_int.3,1.0447906457222231,1.0512993801040094
l3085394.3,1.0225800276078563,1.0275766212857858
l3236004.3,1.0338650286439586,1.0390736021485194
l2879066.2,0.9965411379176914,1.0048795038638512
l3048214.1,1.0000244363917878,1.0141480790645132
l3120504.1,0.9896645695315726,1.0024749559481205
p827537.1,0.9988087375671342,1.0119122150851487
228-979371-2_int.3,1.0116527010539418,1.0181406346314512
l2785543.2,1.0108637954468622,1.0191957600164432
m1047837.2,0.9930252223034827,1.001393099048584
l2916602.1,1.0226634207389365,1.037159539144697
d6140778-1_int.2,1.0013267362600737,1.0097440227754777
l2766748.1,1.006558961832507,1.0192003169755284
regxfmr_190-8581.1,0.966106761392978,0.9777671557215677
regxfmr_190-8581.2,0.9988999349119534,1.0083292169699585
regxfmr_190-8581.3,1.03296300280146,1.0389216254105504
l3104129.1,1.034347789991807,1.0472433256129576
m1027110.1,0.9900608435232952,1.002866198929287
l3047058.1,0.99721246853697,1.0094259362627833
l2801949.2,1.0109146364818877,1.0192451349789167
l2710525.3,1.0209568385268302,1.0275063566955045
l3197640.3,1.0239806052972407,1.0304775175222542
l3010561.1,1.0128025676872636,1.0255880438012988
l3141390.2,0.9929597819084958,1.0014484026349675
d5746546-1_int.3,1.0132097509310338,1.0182529439345047
d5956499-2_int.1,1.0119967622307802,1.024796354187286
d5956499-2_int.2,1.0079253762312284,1.016163373479205
d5956499-2_int.3,1.015444555231991,1.0219107577506197
l2823592_cap.1,1.043861466158862,1.0479464803843708
l2823592_cap.2,1.0451560241926303,1.048892984998167
l2823592_cap.3,1.0520556405769412,1.054901330569872
q16642_cap.1,1.0074657036474481,1.0227174222317021
q16642_cap.2,1.0266664406419423,1.0341278049542093
q16642_cap.3,1.0426410627114397,1.0491638514005068
q16483_cap.1,1.0145055645716927,1.0222512209483583
q16483_cap.2,1.0255559226627144,1.0321216896352807
q16483_cap.3,1.03628621895625,1.0407671081938725
hvmv_sub_hsb.1,1.0493481303838492,1.0498519474031847
hvmv_sub_hsb.2,1.0492780950491791,1.049710637179488
hvmv_sub_hsb.3,1.0495904917473298,1.0500053706924766
regxfmr_hvmv_sub_lsb.1,1.0436268877633819,1.0467416151000186
regxfmr_hvmv_sub_lsb.2,1.043397917438637,1.0463578191756002
regxfmr_hvmv_sub_lsb.3,1.043061217962455,1.0454161286813417
x2804253a.1,1.0191044122740915,1.0328540626458047
x2804253a.2,1.0200236546988546,1.0337624645898358
x3254213b.1,1.0034341203117059,1.0118128456346103
x3254213b.2,1.0065732017369131,1.0149262097162814
x3216339b.1,0.9843487410099585,0.9928968287272021
x3216339b.2,0.9876181287637948,0.9961382799113149
x2954355a.1,0.994261629121006,1.0074008171015054
x2954355a.2,0.9909323821636299,1.0041174693985622
x2861197c.1,1.0274974816512221,1.0327644160831069
x2861197c.2,1.0279239284813098,1.0331892612927605
x2842379a.1,1.0068593845468636,1.015373347082466
x2842379a.2,1.0044765270874236,1.0130123126025536
x2841636b.1,0.9947225275643777,1.0031800803698885
x2841636b.2,0.9938370125941046,1.0023031751318674
x3047289a.1,0.9927957554331616,1.0017844918006127
x3047289a.2,0.9905704096717562,0.9995812916374127
x3047289b.1,0.9949937629152525,1.0025394776579544
x3047289b.2,0.9956553373389708,1.0031966856728975
x3047289c.1,1.0141810756359402,1.0192962221323338
x3047289c.2,1.01162464802242,1.0167540287743255
x3085399c.1,1.0282544983180004,1.0336458619889113
x3085399c.2,1.0297953166560512,1.0351791266487382
x3085391b.1,0.9942996485101449,1.00264174931456
x3085391b.2,0.9965650434307498,1.0048882364615856
x2897778a.1,0.9952846241694969,1.0094487781829788
x2897778a.2,0.9945151777374931,1.0086919250342856
x3197647a.1,1.0018367561788875,1.014869008173793
x3197647a.2,1.0004845629779735,1.0135359468721088
x2936275b.1,1.0300525884632354,1.0350135360602668
x2936275b.2,1.030317872379352,1.03527810900951
x2729408b.1,1.0110420954177988,1.0193450726296767
x2729408b.2,1.006825075432247,1.0151645688117032
x2673310a.1,1.0177171656226167,1.031486051827431
x2673310a.2,1.0198595724016764,1.033600770469687
x3048212a.1,1.0038500049562469,1.0166638033761608
x3048212a.2,1.0055120523381318,1.0183061452065436
x3104133a.1,1.0023038383526122,1.0163861514655506
x3104133a.2,1.0040417507950692,1.0181010139080444
x2879087a.1,1.0034507609844217,1.01619846846741
x2879087a.2,1.001452653486637,1.0142274106788312
x2710510c.1,1.035451996116276,1.0408331406977
x2710510c.2,1.0315044928277852,1.0369070523060695
x3122810b.1,0.9855552943461628,0.993972402526822
x3122810b.2,0.9894598204618547,0.9978439408930911
x2954352c.1,1.0322389038863011,1.0376097359078955
x2954352c.2,1.0343060947156684,1.0396665588006169
x2729411a.1,1.0087834451522122,1.0227795820438976
x2729411a.2,1.0054053574489645,1.0194501144097934
x3178971a.1,1.0086340666167375,1.0216006947257197
x3178971a.2,1.0051595877268928,1.0181727694092884
x3254234b.1,0.9996772785400209,1.0080778020978014
x3254234b.2,1.0018916353277154,1.0102741714353882
x_293471a.1,1.0012078548513674,1.015302253163037
x_293471a.2,1.0018881917210936,1.01597453975019
x_293471b.1,1.006412596395016,1.0147719828072121
x_293471b.2,1.002716918084107,1.0111087742083174
x_293471c.1,1.0312701323155988,1.0367145391226935
x_293471c.2,1.0316236573138873,1.0370667918636858
x2860482a.1,1.0078464362111315,1.0206631530843444
x2860482a.2,1.0090695008420936,1.0218719606181035
x2763811c.1,1.0040809619019269,1.010607302319443
x2763811c.2,1.0055603002259716,1.0120770406470603
x3251799a.1,0.9925724599782685,1.0018151320465465
x3251799a.2,0.9915619840773059,1.0008154527516306
x2898526c.1,1.023335390875331,1.028322740567249
x2898526c.2,1.0257768080309722,1.0307526913041836
x2897780b.1,1.0105636436300633,1.018888144090491
x2897780b.2,1.0079695749503228,1.0163169378863812
x3027124c.1,1.0274240922178792,1.0304384537264708
x3027124c.2,1.0301328830027952,1.0331394553827051
x2954361b.1,1.0149043160687121,1.0222922217075292
x2954361b.2,1.0124739877130806,1.0198808897243583
x2745811c.1,1.027438459243952,1.0304527913960095
x2745811c.2,1.030231701838117,1.0332379917705299
x2841633a.1,1.002274021350519,1.0153011172427542
x2841633a.2,0.9999659846030056,1.0130251017924166
x2917359a.1,1.0033574269220273,1.0120233956142553
x2917359a.2,1.00651345201178,1.0151530018397141
x2748158a.1,1.0022670569207908,1.0163497406165367
x2748158a.2,1.004589215049555,1.0186408561919633
x2955047a.1,0.9624202661955761,0.9739337607782017
x2955047a.2,0.9636422557927605,0.9751422413208274
x3122837c.1,1.0145416187497334,1.0211211443522636
x3122837c.2,1.015366326282405,1.0219410839514425
x2804269b.1,1.0132073978432554,1.0206077123195736
x2804269b.2,1.0144965868529978,1.0218881569799414
x3157708c.1,1.0168157749323958,1.0233466174922554
x3157708c.2,1.0188749414536924,1.0253931666698974
x3179682c.1,1.0232537064417158,1.0282373159691165
x3179682c.2,1.0257303760521435,1.030702353257034
x2822877b.1,0.9991885233429038,1.0074886450292266
x2822877b.2,0.9949398654257512,1.0032768222292958
x3141393c.1,1.0370086779020804,1.0435489121797747
x3141393c.2,1.0387547242329411,1.04528447792841
x2897801a.1,1.0047207412974009,1.0175943257219524
x2897801a.2,1.0051536725069847,1.0180230814784539
x3217056a.1,1.0336511365214391,1.0382430436554304
x3217056a.2,1.034974050460324,1.0395603732789611
x2936270a.1,1.0342744900625094,1.0388633142333779
x2936270a.2,1.03470596346836,1.0392933710979124
x3235249a.1,1.0043739007506207,1.0171807864531301
x3235249a.2,1.0037095018127056,1.0165263554572719
x3217052c.1,1.0276001468348723,1.0323410206837904
x3217052c.2,1.02875864426725,1.0334946003073475
x2916598a.1,1.0041445570185217,1.01695452757565
x2916598a.2,1.0052177366742927,1.0180155099542816
x3048206a.1,1.0165401380780863,1.0303545398443559
x3048206a.2,1.019419756136196,1.0331962433821982
x3141402c.1,1.001580041989024,1.0081899673893469
x3141402c.2,1.0050202511160848,1.0116077563954116
x3235256a.1,1.0117392984172182,1.0256787114177184
x3235256a.2,1.0132976675687457,1.0272171815583182
x3178973a.1,1.00958006923001,1.0225422277614995
x3178973a.2,1.0089756531958596,1.02194719855418
x3197654a.1,1.0012212815207135,1.0165794295344355
x3197654a.2,0.9980765603914936,1.0134854776232927
x3066809c.1,1.010217984878163,1.016708848454372
x3066809c.2,1.0101983888058799,1.0166901435314475
x2766742b.1,1.0017446812979305,1.010127300061838
x2766742b.2,1.0021736346978702,1.0105536024250108
x2991908a.1,1.0078395831689648,1.0208245502093443
x2991908a.2,1.010734527733812,1.023683630596669
x3065750b.1,0.9844911901108586,0.9929167285231022
x3065750b.2,0.9861564574967053,0.9945684349883234
x3085401a.1,1.021265208507003,1.0341954347190412
x3085401a.2,1.0227955096918016,1.0357074283768646
x2729413a.1,1.0053996277110038,1.0181937741818592
x2729413a.2,1.0054136771428999,1.018209131690333
x3254915b.1,1.0138509933226763,1.020923134364614
x3254915b.2,1.0149412009601415,1.0220065477902205
x2748131b.1,0.9929672746845555,1.0013205628877044
x2748131b.2,0.9890700674659745,0.9974576405499892
x3066810c.1,1.0105329065679123,1.0170190896913325
x3066810c.2,1.0081219884577144,1.0146248308377945
x2973146b.1,0.9959292518114139,1.0043617717713722
x2973146b.2,0.999242983670328,1.007647907853178
x2973180b.1,0.9874361433700236,0.9958358096569477
x2973180b.2,0.9834994979784268,0.9919345482968706
x2973167b.1,1.0151361262804788,1.0232993877350736
x2973167b.2,1.013868887627821,1.022043419649852
x2841621c.1,1.0251732847241264,1.031697208559263
x2841621c.2,1.023329645732662,1.0298663701699489
x3123509c.1,1.0402880127864076,1.0438358033842627
x3123509c.2,1.0377056122235757,1.0412627885811545
x2841627a.1,0.9860788364707794,0.999325977753732
x2841627a.2,0.9863118276618085,0.9995573643071349
x3235250b.1,0.9917116207192358,1.0000746843082842
x3235250b.2,0.9878194566102161,0.9962166670214685
x3728037a.1,1.0097980651355656,1.0226534953917588
x3728037a.2,1.0067658426479402,1.0196620491996893
x3142078b.1,1.0325346469572696,1.0405907751688304
x3142078b.2,1.0319254412769554,1.0399872915281339
x2879066b.1,0.9925025615363949,1.0008598149356345
x2879066b.2,0.9884293936591926,0.9968224767251596
x3235254c.1,1.0208735500208916,1.0274250412650034
x3235254c.2,1.0196243811109065,1.0261848608602557
x2917330a.1,1.0031116522029815,1.0117802353993925
x2917330a.2,1.0064086310564766,1.015049294817406
x2914323b.1,1.002026998396416,1.0104106086193896
x2914323b.2,1.0040698233159757,1.0124372441994496
x3197640c.1,1.015893829160648,1.0224307600598554
x3197640c.2,1.0197299843595409,1.026242873142577
x3179673c.1,1.031916176675428,1.0363757374520937
x3179673c.2,1.028932757869922,1.033405970901026
x3048228c.1,1.013574765352283,1.0186067934363938
x3048228c.2,1.0118500207094019,1.0168914414484331
x3104126c.1,1.0299015201495387,1.035284411288695
x3104126c.2,1.0331653019883777,1.038531655505886
x2990098a.1,0.971975168862363,0.9828046728604071
x2990098a.2,0.9729749007109888,0.9837940798719812
x2879067a.1,1.008724937681248,1.0216908469153245
x2879067a.2,1.0049966133091088,1.018012833507828
x3176656a.1,1.0119832127049118,1.0249193724444434
x3176656a.2,1.0086636027972873,1.0216444545654046
x2710532c.1,1.0039921015335806,1.0105853818515533
x2710532c.2,1.005043632902042,1.0116307225762544
x3160115b.1,1.017558259161679,1.024928222407514
x3160115b.2,1.0205435866894377,1.0278918253956615
x3103822c.1,1.022672191347147,1.029217615598932
x3103822c.2,1.0221634265560264,1.0287130029037264
x2805034a.1,1.0096286060218065,1.0172683025033846
x2805034a.2,1.0105103696213455,1.0181442507373335
x3157167a.1,1.0212464551806992,1.0355678070428325
x3157167a.2,1.0221012109584775,1.0364122117664563
x2916620a.1,1.005506916076244,1.0206513100807055
x2916620a.2,1.006037182679246,1.0211753637789505
x2916620b.1,1.021560429166012,1.028969919212271
x2916620b.2,1.0246947201668115,1.032082251413973
x2916620c.1,1.03972728293575,1.0462594243811345
x2916620c.2,1.0366182132514221,1.0431708665423087
x3027132a.1,0.9853590630237347,0.9982014786189307
x3027132a.2,0.985172262683147,0.9980186203710307
x2822862c.1,1.0118046931017972,1.01684548036455
x2822862c.2,1.0117511904069727,1.0167928375292856
x2937757c.1,1.032749222331335,1.0357478849097352
x2937757c.2,1.0352424674750575,1.0382340651152253
x2860483b.1,0.9917533926571502,1.0001167955439414
x2860483b.2,0.9891481773477926,0.9975350858271693
x3048210a.1,0.9942688036371538,1.0084485668378809
x3048210a.2,0.9959161670515015,1.0100735493403745
x3312692a.1,0.983953646376571,0.9968141994289742
x3312692a.2,0.9834397257447818,0.9963086037935756
x3251854a.1,1.0065208840986148,1.0215131485325708
x3251854a.2,1.009927649099912,1.0248704723268054
x3085398b.1,1.0084770065314912,1.016800117941477
x3085398b.2,1.0091389536153172,1.0174574643977354
x3254207a.1,1.0052604301232277,1.0181267103219702
x3254207a.2,1.0051149191416238,1.0179845673918149
x2729424a.1,1.007600384098132,1.0225751484305652
x2729424a.2,1.0090374037774728,1.0239925208459049
x3066816a.1,0.9902695380177355,1.0034655329910374
x3066816a.2,0.9940380719650852,1.007185315060445
x2785518c.1,1.0311023452737558,1.0364788131874978
x2785518c.2,1.0325346514352551,1.037904181984691
x3029503c.1,1.0318104944310253,1.0371832134439822
x3029503c.2,1.0319508155521708,1.0373234211658127
x2748140a.1,0.9928783274228222,1.0051223578568222
x2748140a.2,0.9912738350158294,1.003539421425616
x2891575c.1,1.0265800182253675,1.029596563430457
x2891575c.2,1.026672921306441,1.0296895417780043
x2842329c.1,1.0275382041454106,1.032769234121133
x2842329c.2,1.0279698503195476,1.0331992627805449
x3254212b.1,1.0142656580041383,1.0225562192954172
x3254212b.2,1.0118009491952753,1.0201133794098463
x3198348a.1,1.0019691752292035,1.0103660432949437
x3198348a.2,1.0028654058252762,1.0112554425129066
x3178979c.1,1.0294379763262014,1.0359825972886632
x3178979c.2,1.0292205282959965,1.0357673554862892
x2879054a.1,0.9909248239709058,0.9999300713448721
x2879054a.2,0.9918299707009548,1.00082789937923
x3085388b.1,0.9886325513085448,0.99714275605704
x3085388b.2,0.9851077236347505,0.9936495707057652
x2991914c.1,1.0150562457261751,1.0215849567909776
x2991914c.2,1.0160992696510358,1.0226219492884572
x2785534b.1,1.0211628027477127,1.0285056786870108
x2785534b.2,1.0242561956660026,1.031577268790362
x3122835b.1,1.017636087846574,1.025004160895315
x3122835b.2,1.0141787819653216,1.0215731389221288
x3085395a.1,1.0145098035954083,1.028370758083609
x3085395a.2,1.017902269048545,1.0317184572359108
x2879064a.1,1.020206414970098,1.0339416341927314
x2879064a.2,1.0210789834905447,1.034803919591083
x3066814b.1,1.0265088031637706,1.0338035894749367
x3066814b.2,1.0224489152057554,1.0297737217815561
x2821087a.1,0.9714079369212382,0.9822457761064214
x2821087a.2,0.973693560215225,0.9845054622775564
x2860479b.1,0.9982222847375319,1.0066343618920242
x2860479b.2,0.9989601930687251,1.0073669957009241
x3728042a.1,1.0086195377799985,1.0214895622982065
x3728042a.2,1.0075928757308943,1.0204778627130717
x2935557a.1,0.9998179950731505,1.0125217800573754
x2935557a.2,1.001842341730137,1.014521269866421
x2822864c.1,1.0142298191939196,1.019258854474457
x2822864c.2,1.0184276535239059,1.023436226582578
x3235247a.1,0.9940685416237545,1.0067907684012618
x3235247a.2,0.991242325101024,1.0040025058522422
x3251807a.1,0.9853179167830652,0.9981610718075223
x3251807a.2,0.9831165129776683,0.9959903661632435
x2804282c.1,1.0080579225843112,1.0131177159692115
x2804282c.2,1.0047967760569683,1.0098738416570134
x2935560c.1,1.0039831362184417,1.010576754113501
x2935560c.2,1.0056203811923454,1.0122038831120055
x3104145b.1,1.0171750143280325,1.0245461646416922
x3104145b.2,1.0158570946473053,1.0232387830306036
x3086078a.1,1.0356367567431901,1.040219589848329
x3086078a.2,1.033194598000014,1.037789035138377
x2860477a.1,1.00384724453001,1.0166607992308752
x2860477a.2,1.003178707684371,1.016002335038663
x3645811c.1,1.022482778207063,1.029028324934799
x3645811c.2,1.0188675452851983,1.0254390158667828
x3102793b.1,1.0165383146862554,1.0239143974409342
x3102793b.2,1.013658990576811,1.0210573587863572
x2991910b.1,0.9926164060279842,1.0009714631299145
x2991910b.2,0.9913951270091005,0.9997615725769186
x2710511a.1,1.0120820753859314,1.025023768386105
x2710511a.2,1.0135650484411638,1.0264890555059263
x2860486c.1,1.0300489905463706,1.0354308780169974
x2860486c.2,1.0281348306823477,1.033527512359436
x2935551c.1,1.0054442967047112,1.0105174799125796
x2935551c.2,1.0086542242460852,1.013711602673546
x2729409b.1,0.9990929000032513,1.0074979157772455
x2729409b.2,0.9966462169029069,1.0050733077994534
x2973833b.1,1.0220862437343101,1.0280226533196806
x2973833b.2,1.026308989702112,1.0322213387403836
x2897769c.1,1.0111156219347701,1.0175983667327138
x2897769c.2,1.0072358488116313,1.0137449555675406
x3216368c.1,1.0038396339851878,1.0104342199614307
x3216368c.2,1.005729776045289,1.0123125640114539
x2860490a.1,1.0116816661806278,1.0256409973163976
x2860490a.2,1.0080025921647262,1.02201518018831
x2861158c.1,1.027664792810144,1.0306782088699866
x2861158c.2,1.027970512464016,1.0309833621983373
x3141399c.1,1.0278988237544182,1.0332925735124987
x3141399c.2,1.0300683700350346,1.035450964684976
x3122816b.1,1.0093914044030865,1.0177086742815646
x3122816b.2,1.0075521988655838,1.015885953359899
x2992556c.1,1.036500484191961,1.039487967927542
x2992556c.2,1.035442162000459,1.038433099529657
x2897779c.1,1.0310321831747173,1.0364839475566157
x2897779c.2,1.0321058870958257,1.0375524809074443
x2970811a.1,0.9860504462463268,0.9988842294336442
x2970811a.2,0.9838096794584953,0.996674638705983
x2991933c.1,1.014442175858325,1.0210226300399843
x2991933c.2,1.0155914263506773,1.0221648339203602
x2729428a.1,0.9905893958996801,1.0037766792928722
x2729428a.2,0.9911915041282846,1.0043722702139517
x3254216a.1,0.9842431876085425,0.9975167404181525
x3254216a.2,0.9878639390173429,1.001089664031628
x2897807b.1,0.9997701948420706,1.0080609737813497
x2897807b.2,1.003491609161911,1.0117522493324442
x2898522a.1,1.0149657890122095,1.0219433366489463
x2898522a.2,1.0150363980445056,1.0220142680330966
x3048230c.1,1.0302282236076843,1.035678277184664
x3048230c.2,1.0318348646963331,1.037276863227202
x3195327a.1,0.9860485659852305,0.9988821367114467
x3195327a.2,0.9842288617093637,0.9970877839207206
x3047058a.1,0.9913742451690692,1.0036370183279566
x3047058a.2,0.9918788423974718,1.004136648251141
x2673313b.1,1.0068791546776572,1.0152271283216556
x2673313b.2,1.0036214609564267,1.0119981046305109
x3649302a.1,1.0073590259893013,1.0202277674509939
x3649302a.2,1.0112461648935218,1.0240656433924165
x3729297a.1,1.0107419253371703,1.0235857338345056
x3729297a.2,1.0072120805346678,1.020103051946826
x2858163a.1,0.9930142417847593,1.0052565791385775
x2858163a.2,0.9906493074613361,1.0029224704937294
x3214112b.1,0.9862721124614174,0.9946809748390361
x3214112b.2,0.9856187620613989,0.9940342460266414
x2685805a.1,0.9967688697162547,1.0092637749252733
x2685805a.2,0.9982620088945602,1.0107394059438808
x2991912a.1,0.991975549082838,1.0009710432547254
x2991912a.2,0.9914973217527159,1.0004982432894016
x3140238a.1,0.9878100358889033,1.0006219093502766
x3140238a.2,0.9839010573824494,0.9967661219167503
x3066830b.1,0.9909752550600966,0.9993458970238785
x3066830b.2,0.98683505050238,0.9952426012952666
x3160878c.1,1.022085622216629,1.0270749910293122
x3160878c.2,1.0215034871843178,1.026496325414781
x2916609c.1,1.033766245996934,1.0391289471136145
x2916609c.2,1.030385756815575,1.035766934664964
x2876814a.1,0.998165705933443,1.0105797049485514
x2876814a.2,0.9956466442743391,1.0080935262298927
x3197646b.1,1.0151251090529558,1.023380568376535
x3197646b.2,1.0139113568627733,1.0221778762769516
x2973151a.1,1.0184671016960725,1.032225490497879
x2973151a.2,1.0202921509565106,1.034027433751907
x3197627c.1,1.0088084277405946,1.0138643797867195
x3197627c.2,1.0087878370678658,1.0138444891410994
x2764412a.1,0.9876506492045767,1.0004637482471115
x2764412a.2,0.9864644256924363,0.9992946615570372
x2766716c.1,1.010067569808208,1.0165604230379266
x2766716c.2,1.013355109161449,1.0198273605325718
x2991917b.1,0.9954924255881453,1.0039437836736993
x2991917b.2,0.9916531591237315,1.000138435190183
x3254229b.1,1.0175021956283687,1.0248716486581058
x3254229b.2,1.020522795214764,1.0278708173825502
x2935556b.1,1.008504458828302,1.016833583105365
x2935556b.2,1.0046858008419606,1.0130482564457015
x3197660b.1,0.9890191172521104,0.9974056439299996
x3197660b.2,0.9888386876419043,0.9972277624431231
x2989565a.1,1.005146400179966,1.013782396649018
x2989565a.2,1.0069488811434388,1.015570141993739
x3645809c.1,1.0205083170999263,1.027065725266255
x3645809c.2,1.0215911446229249,1.0281420292732306
x3086075b.1,1.031031687922493,1.0359879927336482
x3086075b.2,1.028738119087181,1.0337062088134124
x3122824a.1,0.9947887387825972,1.0089602938455904
x3122824a.2,0.9962507635525736,1.0104030871278589
x3216338b.1,0.9957671207708303,1.0042011808790112
x3216338b.2,0.9994134407240309,1.0078170337089372
x2729405b.1,1.0313132778160132,1.0393798259267835
x2729405b.2,1.0344204898594302,1.0424632503854436
x2823545a.1,0.9631319770269638,0.9745968716590657
x2823545a.2,0.9603990993076781,0.9718985433770635
x2916610b.1,1.0161852606661703,1.0243418569733445
x2916610b.2,1.01219466660497,1.02038507932215
x3177665a.1,1.0101327011779924,1.0229212890971677
x3177665a.2,1.006734849411499,1.0195692460132377
x2803199a.1,0.9729347100267396,0.9837904423804452
x2803199a.2,0.9718176198176507,0.9826876571270832
x2803199b.1,0.9948301119894797,1.00380346354928
x2803199b.2,0.9989940471278453,1.0079291995826944
x2803199c.1,1.0265749076052513,1.0323983718292742
x2803199c.2,1.0259870779243228,1.0318147414521075
x2691952a.1,0.992087666953937,1.0052601934611547
x2691952a.2,0.9922306701240908,1.005402820425467
x2748144a.1,1.0071588569273677,1.0221421426790749
x2748144a.2,1.0098319695272062,1.0247768628320173
x3029504b.1,0.9876880094472057,0.9960849652421678
x3029504b.2,0.9866702063543271,0.9950770038286956
x3197635b.1,0.9913194805364649,0.9996856986014434
x3197635b.2,0.9887628790701901,0.9971519631450017
x2724120c.1,1.0318109125031265,1.0371836763336497
x2724120c.2,1.0319123376028148,1.0372851912215795
x3235244a.1,1.0039847875101966,1.0168677780165782
x3235244a.2,1.0054120530893775,1.018277999867083
x2804254a.1,1.0059691805592927,1.0189702125226696
x2804254a.2,1.0079664101508738,1.0209428373544507
x2820531b.1,1.0178879966094019,1.0260090981249788
x2820531b.2,1.0148643833246196,1.0230111535377524
x3254214b.1,0.9862227034740112,0.9946321195131913
x3254214b.2,0.9860068605428994,0.9944191452551252
x2691966b.1,1.0167878525091134,1.0241629273900275
x2691966b.2,1.0189472838535019,1.0263068551463363
x3122822a.1,0.9931937760172923,1.006349714808756
x3122822a.2,0.9913538595049594,1.004536106798871
x3197639a.1,0.9917430283711419,1.004915967801656
x3197639a.2,0.9880545360910133,1.0012789259025114
x3120503a.1,0.9834079061334192,0.9962757166015906
x3120503a.2,0.9848106816870165,0.9976615587781931
x3216349b.1,0.9837781484167164,0.9922089800153784
x3216349b.2,0.987255764044164,0.9956575236901811
x3027670b.1,0.9948507223148939,1.003826022975653
x3027670b.2,0.9988416288063889,1.007779296481392
x3085392c.1,1.0087818898141965,1.0138379122848413
x3085392c.2,1.0072577703688839,1.0123221534077045
x3010556a.1,1.019662145114901,1.03341227280482
x3010556a.2,1.0202369177962545,1.033980867587158
x3232902a.1,0.969556511140283,0.9804912608519682
x3232902a.2,0.972778566716177,0.9836777236465347
x3101782a.1,0.9625429286583788,0.974014692667991
x3101782a.2,0.9610638366662668,0.9725551467045614
x2766715b.1,0.9987285410242214,1.0071365058616009
x2766715b.2,0.9998395721274334,1.0082390675331334
x2970804c.1,1.024803927103654,1.027826024345776
x2970804c.2,1.0277084348782997,1.0307221110368927
x3178975b.1,0.989323558641585,0.9977087454667569
x3178975b.2,0.993526436448943,1.001876327089789
x2841648a.1,0.9877695995598272,1.0009944012274712
x2841648a.2,0.9852843572322764,0.9985442258112643
x3029497c.1,1.0084585797543897,1.0135161777835604
x3029497c.2,1.007609891766152,1.012672383028271
x3029520b.1,0.9871551423981882,0.9955565249767143
x3029520b.2,0.9856348542644439,0.9940503303491092
x2766744b.1,1.0055129450861569,1.0138738218005028
x2766744b.2,1.0044085306726225,1.0127797795050957
x3029518b.1,1.002646334034716,1.0109128258358042
x3029518b.2,1.0006616117051874,1.0089458288598268
x2936214a.1,0.9670679293035312,0.9782477766477731
x2936214a.2,0.9681059166036082,0.9792748735981602
x2954346b.1,0.9844842296668552,0.9929110691638902
x2954346b.2,0.9889082395114707,0.9972974994963468
x2879061b.1,0.9933618616360594,1.0017105013414078
x2879061b.2,0.9929041881506093,1.0012576728302558
x3141394b.1,1.0354675922558458,1.0422236398098879
x3141394b.2,1.0366126720232092,1.0433618869449472
x3142098b.1,1.0139835430363835,1.0211649723114884
x3142098b.2,1.0101965335348932,1.0174063441532117
x3645812c.1,1.0201272138320683,1.026687094073296
x3645812c.2,1.0219384464754415,1.0284870410436446
x2916627a.1,1.0179335614690286,1.031699389231965
x2916627a.2,1.0197388157198508,1.0334815687377024
x3066815c.1,1.023366034726098,1.0299085131878136
x3066815c.2,1.022900153717904,1.029446450953261
x3179678b.1,1.003740782666129,1.011187272130024
x3179678b.2,1.0055035893731101,1.012937732063598
x3254237a.1,0.974212415562858,0.9850545946038045
x3254237a.2,0.9702249006549606,0.9811137269445097
x2710512b.1,0.9872275416812585,0.9956293776641921
x2710512b.2,0.987331579454899,0.9957334957176591
x3104125b.1,0.9916123835822077,0.9992048377101584
x3104125b.2,0.9879458494357952,0.9955680393381502
x3010559a.1,1.0064487321571438,1.0193004062431472
x3010559a.2,1.0027898600543115,1.0156901644296406
x2897790c.1,1.0403198974202896,1.046843949143615
x2897790c.2,1.0387411253046115,1.0452760873947011
x2711225c.1,1.0286893178966834,1.0334749391554847
x2711225c.2,1.0289435645530234,1.0337285447598297
x2766729a.1,1.005007945008087,1.0190531198214596
x2766729a.2,1.0035389518115259,1.0176065942539358
x3235275b.1,0.9990224542688413,1.0074433855593652
x3235275b.2,0.9982151027870453,1.0066439810451828
x3728038a.1,1.0086471919019455,1.0215167121240762
x3728038a.2,1.0076565340742414,1.020540388056691
x3048222c.1,1.0133532568470567,1.0199412853656282
x3048222c.2,1.0163388997288867,1.0229076146891132
x2841630c.1,1.0318445494458282,1.0372176161440598
x2841630c.2,1.034686923001246,1.0400454953420317
x2991907a.1,1.0196481507491066,1.033390930433049
x2991907a.2,1.0209161509259608,1.034643248905159
x2973144c.1,1.0306593200400893,1.0360384951883153
x2973144c.2,1.033317043207482,1.0386826720191435
x3178976a.1,0.9927613907305975,1.0050067098054463
x3178976a.2,0.9910938486132127,1.0033613183421912
x3159448a.1,1.004989894147063,1.0178678850073812
x3159448a.2,1.0066202568528373,1.019478598023916
x3231255c.1,1.0388222566082448,1.045352072360663
x3231255c.2,1.0373256941072257,1.0438659148547165
x3197626c.1,1.0082298565502748,1.0132890823320815
x3197626c.2,1.012120644263733,1.0171607086478398
x2802480b.1,0.9981802704055878,1.007122397070286
x2802480b.2,0.9948498275471809,1.0038253306560878
x2823544a.1,0.9628358549713509,0.9743039813318516
x2823544a.2,0.9612249184607685,0.9727139464728062
x2841624b.1,0.9983421972629526,1.0067532554182907
x2841624b.2,0.997418319237503,1.005838239298027
x3101194c.1,1.0016753175322721,1.0082208433121655
x3101194c.2,1.0062702935641576,1.0127841315200456
x2841619c.1,1.0049791824970884,1.0100550686377878
x2841619c.2,1.0073488632408287,1.0124129275228422
x2861218c.1,1.0274826008870894,1.0324029870505715
x2861218c.2,1.023692650509233,1.028632303182545
x2710513b.1,0.9866211673176233,0.9950279799666152
x2710513b.2,0.9865116252670457,0.994920355936571
x2879062c.1,1.0056207291077846,1.0106930991145169
x2879062c.2,1.0092569680703898,1.0143113689802747
x2879767b.1,1.011502287132028,1.0187009261906987
x2879767b.2,1.0135548708013662,1.0207396628142693
x2766725c.1,1.0111146860411941,1.017667229953796
x2766725c.2,1.0141041144052676,1.0206378384982877
x3141396c.1,1.0099938970530336,1.016486122358347
x3141396c.2,1.0120643132874036,1.018543829715596
x2879752b.1,1.0305966024995714,1.0386684037793352
x2879752b.2,1.033758954001596,1.0418067338265697
x2991940c.1,1.0130523579743862,1.0180868892962365
x2991940c.2,1.0123885743677137,1.017427045882581
x2673321a.1,1.0025731393683521,1.0166512099780254
x2673321a.2,1.0030720729843996,1.017144693531288
x2673326b.1,0.998440773335734,1.0068510272474556
x2673326b.2,0.9972217456974551,1.0056433802374998
x2925506c.1,1.010439235334763,1.0169260636322666
x2925506c.2,1.0084839080044898,1.0149843870941295
x2730106c.1,1.0288672240259782,1.0346505203849539
x2730106c.2,1.0251404728152085,1.0309459964831025
x2820556a.1,0.9878875919328394,1.0011109658035386
x2820556a.2,0.9856972912722528,0.9989520265530568
x3235248c.1,1.0110808677219907,1.0176801341174144
x3235248c.2,1.0086360694334195,1.015252325791981
x2822871b.1,1.013833197873789,1.0221028752772408
x2822871b.2,1.0126775847660718,1.0209578692093457
x2955076a.1,1.0041512587363863,1.012269384329062
x2955076a.2,1.007534153483866,1.015625696327199
x2955005b.1,1.0049998876172377,1.0133337477517221
x2955005b.2,1.0013324948988374,1.009698205212664
x3254208c.1,1.0077868205531837,1.0142944274999286
x3254208c.2,1.0119214913449377,1.018402604948075
x3178978a.1,0.9904374883660697,1.0036271218537431
x3178978a.2,0.987335349264693,1.000568171567829
x3235253a.1,1.0191711494761055,1.032920503401155
x3235253a.2,1.0209640696893953,1.0346905750362303
x3235241c.1,1.0093113352919623,1.0159224784172043
x3235241c.2,1.006159052328416,1.0127922019203208
x3197636b.1,0.9921280402263802,1.000488317932074
x3197636b.2,0.9958600847510343,1.0041893058941378
x3066811b.1,0.9928731790131713,1.0012271470558807
x3066811b.2,0.9901864617354216,0.9985645876226537
x3632979a.1,0.9923818446420825,1.0051254215859635
x3632979a.2,0.9933683248010823,1.006100660175053
x3086074c.1,1.027843150197114,1.0325827608509157
x3086074c.2,1.0285518648946064,1.0332887142227645
x2674051a.1,1.0071478300039558,1.0157663497715483
x2674051a.2,1.0049531438742256,1.0135916659574464
x3178981b.1,1.0132001783782996,1.0214996406598853
x3178981b.2,1.0156823649454352,1.023962085381453
x3046854b.1,0.9864110097756273,0.9948192760145974
x3046854b.2,0.9874782304639587,0.9958780752216115
x2860506b.1,1.003123057481271,1.0115033662961463
x2860506b.2,1.0068029586586842,1.0151532622919548
x3048966c.1,1.032502539154646,1.0365077407835306
x3048966c.2,1.0364270141151017,1.040417277637519
x2822872b.1,1.014838266404217,1.0229888191327376
x2822872b.2,1.0136304504345899,1.0217918779782067
x3214071c.1,1.0290684526255722,1.034266485009847
x3214071c.2,1.0265791489934128,1.0317907141912794
x2786273b.1,1.0340292077380435,1.0420739580513712
x2786273b.2,1.0316243078191052,1.0396891427197605
x3104853c.1,1.0262471269323528,1.0309948615918827
x3104853c.2,1.030190292356487,1.034919942185413
x2973158c.1,1.038233671893427,1.0435631535003338
x2973158c.2,1.0348330743141734,1.0401809450295543
x3216123a.1,1.012371903528776,1.0253130940780268
x3216123a.2,1.0159757248580197,1.0288722903507534
x2860485b.1,1.0049475436194295,1.013311971110489
x2860485b.2,1.0051793482335116,1.013542800641188
x3235946a.1,0.9608251504537325,0.9723188938552714
x3235946a.2,0.9646410823260644,0.9760898845656684
x2973148a.1,1.016757432804851,1.0313104709684977
x2973148a.2,1.0175360792838686,1.03207954578993
x3066829c.1,1.0079254185354931,1.0145453988616604
x3066829c.2,1.0072943780159982,1.013919385026554
x3085393c.1,1.0106217467021124,1.0156690442865528
x3085393c.2,1.0062180587877958,1.0112886341337417
x2673322b.1,1.0033197025568596,1.01169235044204
x2673322b.2,1.0026273769230996,1.0110068169387378
x3263051c.1,1.0310839290061544,1.0364609213657772
x3263051c.2,1.0337625505427301,1.0391258970212494
x2860500b.1,0.9924034841745223,1.0007614960264275
x2860500b.2,0.989059956411069,0.9974475360718613
x3048211a.1,1.0056283219237847,1.0196666305788433
x3048211a.2,1.0061643254363564,1.0201966977526817
x3728041a.1,1.0078841393815112,1.02076341536924
x3728041a.2,1.0082361593464768,1.0211123798547244
x3048199b.1,0.9870837039698469,0.9954863516442476
x3048199b.2,0.9868691946824178,0.9952746708734271
x3104136b.1,1.0140615285174808,1.0222162813284894
x3104136b.2,1.0161809865472562,1.0243194899513843
x2916599a.1,1.0037576054493966,1.0165727615450144
x2916599a.2,1.004712405365373,1.0175167060641463
x3104134c.1,1.0320644210463585,1.0374938116079493
x3104134c.2,1.035032284040453,1.0404463596429132
x2954344c.1,1.011935238305008,1.0184155109091586
x2954344c.2,1.007913782959633,1.014421324125935
x3142099b.1,1.0280003507470081,1.0329719659115755
x3142099b.2,1.0317553627820404,1.0367090299719022
x2710515c.1,1.0088028493811452,1.0154172340509886
x2710515c.2,1.008946266817537,1.0155604572610222
x3011298c.1,1.024275866728653,1.0293002147125854
x3011298c.2,1.022868042223365,1.0278999597210605
x3066812a.1,1.0055867296155678,1.0185933898325337
x3066812a.2,1.0087956246592045,1.0217618412879
x3141403a.1,1.0009917124419254,1.0137715216768481
x3141403a.2,1.0036529543065968,1.0163998758414767
x3120484c.1,1.0177597924296393,1.0243235283448868
x3120484c.2,1.0178020934019014,1.02436631932782
x2860504a.1,0.9917743285375736,1.0049489428259049
x2860504a.2,0.9930482967971852,1.00620745713025
x2766750c.1,1.030796740645594,1.0362477440911133
x2766750c.2,1.0321652592685697,1.037609407641481
x2879077b.1,0.9850946544275931,0.9935136151082938
x2879077b.2,0.9857294239847831,0.9941438810031803
x3159037b.1,0.9836210254810781,0.992055494077411
x3159037b.2,0.9871678980780886,0.9955719418283752
x3160793c.1,1.028844348205187,1.0343477546231346
x3160793c.2,1.0259231757758485,1.0314431231114327
x3233412a.1,0.9716233298654031,0.9824579457771735
x3233412a.2,0.9742700703149585,0.9850752467798037
x2841620b.1,1.010770003456566,1.0190894033419364
x2841620b.2,1.0142105678932611,1.022502396522659
x3253995c.1,1.024808024874146,1.031340021070374
x3253995c.2,1.0205457573612744,1.0271061732789055
x2936279c.1,1.0226859054688597,1.0277481981305827
x2936279c.2,1.01998425455275,1.0250608958792353
x2804277c.1,1.0370812343071527,1.0436128309186847
x2804277c.2,1.0378805000424434,1.0444077168177797
x2860489a.1,0.993599370655107,1.0077887280185158
x2860489a.2,0.9973832028802564,1.0115201587243723
x2690868c.1,1.005038470754899,1.0115576280612526
x2690868c.2,1.0058073870696274,1.0123220748842692
x3176661c.1,1.024267079753043,1.027290640873222
x3176661c.2,1.0282950734585175,1.0313070020803752
x2766746c.1,1.009310726351735,1.0159217356325283
x2766746c.2,1.0069298442017054,1.0135576493125056
x3189189b.1,1.0134362768876395,1.0216140411138177
x3189189b.2,1.0152487984937006,1.0234127521446066
x3048196b.1,1.0342475801165423,1.0422903883063432
x3048196b.2,1.0334289495783604,1.041479135751943
x2879074a.1,0.9881128496254975,1.0013335084813033
x2879074a.2,0.9906745739596404,1.0038624096283022
x3067478a.1,0.9782780214879822,0.9887470981690231
x3067478a.2,0.9750892923052605,0.9855949048942381
x2766726b.1,0.9971484818012808,1.0055854622339833
x2766726b.2,0.9945878701473331,1.0030478093279336
x2936271a.1,1.0048852519804539,1.0134113639949616
x2936271a.2,1.0058025732043505,1.0143218295667247
x2917328b.1,1.0138638710179546,1.02105262410532
x2917328b.2,1.010968392781065,1.0181790454680213
x3160103c.1,1.0130855737555247,1.0196752832501068
x3160103c.2,1.0163911270112216,1.022959877853796
x3448661b.1,0.9875652011472866,0.9959640956583417
x3448661b.2,0.9855372738068654,0.9939546371889452
x2991901b.1,0.9966015275753478,1.0050278510993604
x2991901b.2,0.9986617863907482,1.0070713323095608
x2860499b.1,1.0191409382575471,1.0264981499514751
x2860499b.2,1.0192549302606266,1.0266121537202761
x2726975b.1,0.9862599182577629,0.9946698832030837
x2726975b.2,0.9856761518326723,0.9940921381184108
x2673300b.1,0.9889431469340548,0.9974512481274411
x2673300b.2,0.9848300902513725,0.9933755392029068
x2730107c.1,1.0373323997731898,1.0438565480531177
x2730107c.2,1.0352694787387768,1.0418076961285112
x2916619b.1,1.0158120824767551,1.0231932419530634
x2916619b.2,1.0143947075341087,1.0217872742675518
x2710525c.1,1.015804784324259,1.0223755324679766
x2710525c.2,1.013747088480292,1.0203322711290905
x2804260b.1,0.9905140878252909,0.9990079675721096
x2804260b.2,0.9893796398618917,0.9978844717751674
x3197631a.1,1.0125627911158257,1.025494600068264
x3197631a.2,1.0103540370986255,1.0233157572162002
x2973153a.1,1.0147741528742293,1.0276825059906354
x2973153a.2,1.0118716980839264,1.0248187591645481
x3122813a.1,1.0115351863545319,1.025488445361354
x3122813a.2,1.0110658573842133,1.0250272392574973
x2935567b.1,1.0183792873175206,1.0257417524948969
x2935567b.2,1.0198350627874744,1.0271877518217383
x2917336c.1,1.022169489438281,1.0271584463362968
x2917336c.2,1.0213480791612253,1.0263416921129151
x2954350c.1,1.0287440781801416,1.034132935850355
x2954350c.2,1.0306788838618905,1.0360581086381848
x3234185b.1,0.9834174270219722,0.9918530667285441
x3234185b.2,0.987207711964334,0.9956112098080282
x3160107a.1,0.9880061821759841,0.9970653595443756
x3160107a.2,0.9889539087107364,0.99800530098332
x3141401a.1,1.0307197581826146,1.043666611597339
x3141401a.2,1.0311002642540392,1.0440437889605974
x2972704c.1,1.0339457376431485,1.0393074612362478
x2972704c.2,1.0309674831454012,1.0363455468827427
x3197644a.1,1.0085974665520032,1.0225961985326764
x3197644a.2,1.0056067675770821,1.0196489222453473
x2897805a.1,1.0083595020050837,1.0211788617343027
x2897805a.2,1.0056354247993762,1.0184915070734502
x2766499c.1,1.0205932676642802,1.0271523585115019
x2766499c.2,1.023555399423108,1.0300953123180456
x3104132a.1,0.9945644447601565,1.0087388701280902
x3104132a.2,0.9948300168462592,1.0090022909057352
x2989564b.1,1.0141337289766137,1.021526985842331
x2989564b.2,1.0135251474633926,1.0209237599635508
x2991923a.1,1.0066857992507712,1.0207133347157344
x2991923a.2,1.0099133394635134,1.0238970924876791
x3217053c.1,1.0266731856565516,1.031418341865676
x3217053c.2,1.0297246233038586,1.0344561286758809
x3216345b.1,1.017758799876207,1.0259375834832978
x3216345b.2,1.0177088584839529,1.0258890216468806
x2766721a.1,0.9894014894836294,0.9984218142082985
x2766721a.2,0.9933777196725938,1.002362297677111
x3119793b.1,1.0104511771203117,1.0187726289025834
x3119793b.2,1.0106227750876504,1.0189437687227525
x2821010a.1,1.0006439058841163,1.013427560011452
x2821010a.2,1.0017386838754223,1.0145095030097462
x3104118c.1,1.0063670171449708,1.0129983150369597
x3104118c.2,1.0092464353679071,1.01585886590126
x3160101a.1,1.005610121474906,1.0184721660501461
x3160101a.2,1.0036337449925103,1.0165229831999676
x2692633c.1,1.0248447873549655,1.0308294818738368
x2692633c.2,1.0287643813004501,1.0347264144357264
x2691950c.1,1.03363321012324,1.0389966875734478
x2691950c.2,1.0305037170044495,1.0358845186004872
x3160108b.1,0.9986123885145939,1.0070214361048944
x3160108b.2,0.9973150147048557,1.0057363786082543
x2822873b.1,1.0177244327471096,1.0250916546934006
x2822873b.2,1.0202335813091543,1.0275834143238463
x3048887b.1,1.0016260713297447,1.0099892035530755
x3048887b.2,1.0047992812879536,1.0131360577954929
x3254227b.1,1.0208370085611205,1.0281815867463362
x3254227b.2,1.0191375000952985,1.0264952669469858
x2992624a.1,1.006815900510777,1.0153186936633445
x2992624a.2,1.0047120049648106,1.013233763001566
x3226771a.1,0.9927047857487145,1.0058656081372062
x3226771a.2,0.9934065311227162,1.0065595407697108
x3086002c.1,1.03585555503717,1.0423890951079362
x3086002c.2,1.0369762693013784,1.0435033511704943
x3045895c.1,1.0188897617478319,1.0238953600535379
x3045895c.2,1.0211760504878464,1.026170741354845
x2973160b.1,1.0209747987364202,1.0290849179017594
x2973160b.2,1.0187667560209328,1.0268955960200363
x2764403a.1,0.9979297524095592,1.0133820210433324
x2764403a.2,0.9961801152552978,1.011661649551332
x3122812b.1,0.9991198991133808,1.0074191665126668
x3122812b.2,0.9977190277874225,1.0060313386541293
x3176660b.1,1.0180459677096305,1.0254108248671876
x3176660b.2,1.0190181399033544,1.0263767461775888
x2991943c.1,1.030299972906084,1.0357495953741396
x2991943c.2,1.0316043652120281,1.0370475674324349
x2691941c.1,1.0054455683826808,1.012083170688999
x2691941c.2,1.0098951219204868,1.0165035221940717
x2983432a.1,1.0137083701888052,1.0266278975868526
x2983432a.2,1.0103159023155681,1.023280937131395
x3215549b.1,0.9882518176375155,0.9966457798134333
x3215549b.2,0.99155666295166,0.9999229993550612
x2955077c.1,1.0271311955445235,1.0318234309710037
x2955077c.2,1.0311154162667673,1.0357896028322988
x2973157a.1,0.9887232010378465,1.0019359469883617
x2973157a.2,0.9853330306344242,0.9985934610992857
x2691951c.1,1.0330225183734156,1.038389045209748
x2691951c.2,1.033469066593374,1.0388338478696784
x3030199c.1,1.0265058239830727,1.0313811873071324
x3030199c.2,1.0268735382914496,1.0317476841562476
x2692655c.1,1.02777215839676,1.0325727031696301
x2692655c.2,1.0275519485212699,1.032354112110093
x2785546a.1,1.0005226304207133,1.0133086574568828
x2785546a.2,1.0036577877466177,1.016404782168436
x2935559a.1,0.9936937706479676,1.0078810961259104
x2935559a.2,0.9952247614539933,1.009391628310135
x2972930a.1,1.0133799536716195,1.0263095305621073
x2972930a.2,1.0164361057171627,1.029327773008608
x2822866b.1,1.0129075850238045,1.0210883391385648
x2822866b.2,1.009984120899776,1.018190027978621
x2748781a.1,0.963214545056037,0.9746788503879587
x2748781a.2,0.960278452355962,0.9717802501938688
x3645810c.1,1.0207969901571887,1.0273526139181601
x3645810c.2,1.0209615187459895,1.0275167932575953
x2879076c.1,1.0320676120976808,1.0374390119062835
x2879076c.2,1.0333615017514077,1.038726739033639
x2841616a.1,1.0049842212352837,1.0178502959163434
x2841616a.2,1.0073463871659116,1.020183363389307
x2935554a.1,1.0133138235322936,1.0262368051481616
x2935554a.2,1.0101356590093526,1.0231008150706684
x2879075a.1,0.9890529806203359,1.0022605863310738
x2879075a.2,0.9878904281384594,1.0011151907411002
x2839305a.1,1.0145952567739653,1.0215753393026377
x2839305a.2,1.0156188157589028,1.0225926021793323
x2879753b.1,1.0129886114660767,1.0201767087675748
x2879753b.2,1.01099572968753,1.0181991590692077
x2748129a.1,1.0208830792014596,1.034610077998979
x2748129a.2,1.017344688115351,1.0311222289595563
x2991906a.1,0.9893998105362843,0.9984192087157499
x2991906a.2,0.9933524257155951,1.0023368142253897
x2804247b.1,0.9846732401844491,0.9932182695020605
x2804247b.2,0.9874380009661187,0.9959595667519454
x3195318b.1,1.0330765686106973,1.0411285538612753
x3195318b.2,1.0316203643984707,1.0396847782292775
x3048888c.1,1.0270132473845377,1.0300285282348636
x3048888c.2,1.0273193241052203,1.0303340440926623
x2935552c.1,1.0188709771545408,1.0238764714044242
x2935552c.2,1.021138234201555,1.0261330305876701
x2876797a.1,1.0073090996396366,1.0202941967875752
x2876797a.2,1.0084565059557766,1.0214282672761792
x3085389b.1,0.9842644375844672,0.9928137681172705
x3085389b.2,0.9884425956360705,0.9969559639748323
x2916603b.1,0.9897272198955049,0.9981078438081342
x2916603b.2,0.9859454301298941,0.9943595661969733
x2710518a.1,0.992875394166652,1.006038762881045
x2710518a.2,0.9912887069428105,1.004474988535764
x3160896c.1,1.0273818699759967,1.0326494082877236
x3160896c.2,1.0280130867372201,1.0332779588475987
x2897776c.1,1.029469252887854,1.034854201281947
x2897776c.2,1.028611709638933,1.0340018908980095
x2913406b.1,0.9879106582581284,0.9963060580208487
x2913406b.2,0.9855066445279508,0.9939242611811896
x2991915b.1,0.9839543071998331,0.9923835964600691
x2991915b.2,0.9861641507367277,0.9945751117459822
x2711224b.1,1.0132152256507245,1.02040157954218
x2711224b.2,1.0112783389787496,1.0184793945666355
x2897766c.1,1.011055872643843,1.016100621589822
x2897766c.2,1.012423255462809,1.0174616060132666
x2897775c.1,1.0312480401309774,1.0366237812471704
x2897775c.2,1.0316372345007918,1.037011528878908
x3029495b.1,0.9854594608574325,0.9939969459541023
x3029495b.2,0.9867453917693988,0.9952726158884666
x2911069b.1,0.9953019296355633,1.0037396064657154
x2911069b.2,0.9995646166351169,1.0079668721653516
x3197633a.1,1.0080710486265063,1.0210446331621164
x3197633a.2,1.0061893032598497,1.0191890080256822
x3066817a.1,0.9912111967425179,1.0043950981235763
x3066817a.2,0.9928160435604062,1.0059793658317842
x2879089c.1,1.0055908609143698,1.012228190456244
x2879089c.2,1.0099746619743952,1.0165828323821908
x3195315a.1,1.019188998417901,1.0329378529938809
x3195315a.2,1.0203789798117382,1.0341132011539296
x2785529c.1,1.0202334798818813,1.0267853492099759
x2785529c.2,1.017760149722108,1.0243290970135257
x2992656a.1,1.0149233998866862,1.0219013796210719
x2992656a.2,1.0152362974861115,1.0222128811299533
x2692661a.1,1.0131041049107385,1.0200953825935577
x2692661a.2,1.0168639713744323,1.0238296943403067
x3160114a.1,1.0093380708884896,1.0242871485263523
x3160114a.2,1.0073188655027392,1.022299731506554
x3082992a.1,0.9873815879025193,1.0006114208284582
x3082992a.2,0.9855798553526651,0.9988355351828182
x2710537b.1,0.987439661946481,0.9959600713330503
x2710537b.2,0.9858106507467503,0.9943464552855197
x3254238b.1,1.0068761522244094,1.0152314205753732
x3254238b.2,1.0039894736163413,1.0123702692098389
x2862616c.1,1.0041811913145997,1.0107063526183773
x2862616c.2,1.0039071069976504,1.010434983007325
x2785526b.1,0.9955049794060377,1.0039557955943672
x2785526b.2,0.9962348855650072,1.0046804245921084
x2915542a.1,0.971945421757253,0.9828126894511465
x2915542a.2,0.9722449640914372,0.9831100269673566
x2915542b.1,0.9965247414403622,1.0054798382958976
x2915542b.2,0.9969451975957889,1.0058974000177137
x2915542c.1,1.0254999802458344,1.0313295687045478
x2915542c.2,1.026596257806446,1.0324199966636831
x3122820a.1,0.9874790420513767,1.0007094762007434
x3122820a.2,0.9911816210600394,1.004363442737221
x3029505c.1,1.0289090516320867,1.0354434426801573
x3029505c.2,1.0257812605365093,1.032336820819713
x2785522b.1,1.006843456708885,1.0151928180721213
x2785522b.2,1.0028906779570947,1.011274654383471
x2710543c.1,1.008266345370568,1.0147674053183355
x2710543c.2,1.0104546498725078,1.016942045402455
x2917310b.1,1.0105608661047012,1.0177665308280455
x2917310b.2,1.0136597609677669,1.0208439642091645
x3082993a.1,0.9827115222662783,0.9955888936417804
x3082993a.2,0.9846988840415544,0.9975513759928065
x3729298a.1,1.0076280280847036,1.0205119126044486
x3729298a.2,1.0099603158853545,1.0228151917858737
x2990826a.1,0.969979943134103,0.9808705001767201
x2990826a.2,0.9739835074003821,0.9848297558495346
x2990826b.1,0.9977496507082145,1.0066933674895004
x2990826b.2,0.9955327266791987,1.0044978376387697
x2990826c.1,1.0242361232234791,1.0300730763094341
x2990826c.2,1.0276858100493462,1.0335033702258956
x2897792a.1,1.0017152818001638,1.0169855593089734
x2897792a.2,1.0048832627508415,1.0201070403513215
x2804261c.1,1.0303173704107589,1.0357729558480864
x2804261c.2,1.032751301742268,1.0381944822678528
x3189190a.1,0.9920484857520692,1.0052186198506734
x3189190a.2,0.9939621423828202,1.007108092078891
x2689691a.1,0.9929498907043534,1.0051933447451642
x2689691a.2,0.9940861455870936,1.006316821491847
x3195751a.1,1.0008105604893323,1.0135916391327524
x3195751a.2,1.0014384671616101,1.014212909551366
x2785517c.1,1.0125399148082639,1.0190160119249512
x2785517c.2,1.0084153569388206,1.0149189322578074
x2916606c.1,1.0175865852818933,1.0225985337429635
x2916606c.2,1.0151445182113261,1.0201692947738428
x3254217c.1,1.0113179837649768,1.0178708145821902
x3254217c.2,1.0157461190421029,1.0222704399606113
x2841641b.1,1.0196772097876965,1.027030169941714
x2841641b.2,1.0190772075650887,1.026435406553756
x2804256b.1,1.0057189525833479,1.0140719302266157
x2804256b.2,1.0075742329786304,1.0159127052769201
x3122818c.1,1.0171780068821676,1.0237411037732635
x3122818c.2,1.0145522705583363,1.0211335394386842
x2691953a.1,1.0075152583067277,1.0215276541245677
x2691953a.2,1.0042260058202823,1.0182861081962435
x2692654a.1,1.004621319931436,1.0131541062500524
x2692654a.2,1.0068716335783259,1.0153861635869819
x3235246b.1,0.9876029440766569,0.9960014350130112
x3235246b.2,0.9875395828548003,0.9959395989522569
x2955078a.1,1.0069129778837969,1.0150084773134138
x2955078a.2,1.0048884845420187,1.0130015555797502
x3139598b.1,1.009450862104021,1.017781341434764
x3139598b.2,1.0113055172693373,1.0196211775549666
x2763812c.1,1.0055374138244424,1.012053687535176
x2763812c.2,1.0036387066696968,1.0101691131048431
x2767414c.1,1.0221239638377302,1.0271131776775198
x2767414c.2,1.0210582663526984,1.0260533494339712
x2991918b.1,0.9865141450229914,0.9950431089258535
x2991918b.2,0.9889132139056065,0.9974220227136752
x3008248a.1,0.9849442937064071,0.9977920438496166
x3008248a.2,0.9847964242974653,0.9976476084385552
x3160865a.1,1.006860726300036,1.015128560293868
x3160865a.2,1.0046640775849147,1.0129513022985281
x3029510b.1,0.998669459873497,1.0070777934042288
x3029510b.2,0.9972168970073214,1.0056386005627935
x2748126c.1,1.0095535679075969,1.0161632107661744
x2748126c.2,1.0060372092367873,1.0126713098271158
x3216358a.1,1.0019297084810916,1.0146971736486952
x3216358a.2,1.0035614765410423,1.016309373786933
x2936276b.1,1.0319065988592808,1.036858714298649
x2936276b.2,1.0288781372672338,1.033845540847912
x2729207c.1,1.023156245779775,1.0296977040367512
x2729207c.2,1.0213516891423229,1.0279060725687452
x2897768c.1,1.0085960797011233,1.013653388067563
x2897768c.2,1.0049089627055676,1.0099859190495621
x2917255c.1,1.0281667721599188,1.0334303109074985
x2917255c.2,1.0271712565853006,1.0324406421759451
x2933120c.1,1.0104111482260871,1.0169008757193394
x2933120c.2,1.0089273912031291,1.0154277961851206
x2684420b.1,0.9861913575852096,0.9946021271574303
x2684420b.2,0.9891813672564791,0.9975673908332021
x2766723a.1,0.9915646456746804,1.0047423689067512
x2766723a.2,0.9930257902973995,1.0061853832611778
x3104120b.1,1.0194286466646216,1.0276552393418794
x3104120b.2,1.0208587739077255,1.029074674104553
x3066813b.1,0.9924930118850975,1.000849081834276
x3066813b.2,0.9928241629850147,1.0011783880336451
x2822860b.1,0.984958486503144,0.9933805817150181
x2822860b.2,0.9886793936812627,0.9970700551453978
x2933135a.1,0.9716774998144506,0.9826179223311062
x2933135a.2,0.9696809293163455,0.9806455615521729
x3649298a.1,1.011088219042982,1.0239076847033837
x3649298a.2,1.0081629098944909,1.0210220523016658
x3104130b.1,0.9926094116527048,1.0010852274706947
x3104130b.2,0.9921749421346393,1.0006555454519535
x2785538a.1,1.0012377422234846,1.0165165263530596
x2785538a.2,1.0050425375995218,1.020264557507839
x3122849b.1,1.0011317675656117,1.0095348717634713
x3122849b.2,0.9994459408802887,1.0078643622086123
x2879794a.1,1.0050588052143667,1.0137098012190369
x2879794a.2,1.0046917073181647,1.0133469788534728
x2879069a.1,1.0056367122641,1.0186417180026057
x2879069a.2,1.008695732412955,1.0216627916086034
x3104113a.1,1.0185938691304997,1.0323503524136048
x3104113a.2,1.018941643950653,1.0326949780825618
x2861222a.1,1.002728923850445,1.0114018505428473
x2861222a.2,1.0066344671440264,1.0152737140307422
x3141411c.1,1.0009369465837925,1.0075538228693772
x3141411c.2,1.0047318085936525,1.0113223651740018
x3178982a.1,0.9941307769717375,1.006359973959782
x3178982a.2,0.990939953379627,1.0032105769260662
x3029498c.1,1.0153175978199558,1.0204252853615083
x3029498c.2,1.0129333636149709,1.0180537904259213
x2952013a.1,1.001941437462184,1.0147082018087692
x2952013a.2,1.003261124147164,1.0160125659303882
x2860488b.1,0.986138242074055,0.9946710235736077
x2860488b.2,0.9897688670107471,0.9982706401971261
x2691945c.1,1.0305970072007364,1.0359761128255487
x2691945c.2,1.030606108457382,1.0359857970241675
x3214549a.1,0.9737599102525343,0.9845702074790997
x3214549a.2,0.9703571572709764,0.9812083386212308
x2710536a.1,1.0018264617056563,1.0144835419506295
x2710536a.2,0.9991875079545504,1.011879991022141
x2804956a.1,0.9675866565504714,0.9787603224641438
x2804956a.2,0.967571586252037,0.9787467367422169
x3160105c.1,1.0307611795062597,1.0361393411302435
x3160105c.2,1.0292975220951386,1.0346840704647826
x3010563a.1,0.9918888942515286,1.0041450919491852
x3010563a.2,0.9931168415006644,1.0053592208762485
x3649297a.1,1.010654754873321,1.023479237114768
x3649297a.2,1.0089068041041769,1.0217555842909978
x2823611a.1,1.0306358000791445,1.0358427685702427
x2823611a.2,1.0279880715700176,1.0332092227803964
x2860487c.1,1.031486661672483,1.0368658743625498
x2860487c.2,1.0356381117736793,1.0409960764565251
x3197629b.1,1.007608671398421,1.0159540858694402
x3197629b.2,1.010777213261624,1.0190971431094238
x2691943b.1,0.9878473074914171,0.9962438892049509
x2691943b.2,0.9852002141494383,0.9936206068196463
x2673311a.1,0.9996786762422931,1.0123838651673105
x2673311a.2,1.0019820482255943,1.0146590861319855
x2767343c.1,1.0257131608975971,1.028732483828778
x2767343c.2,1.027060570808948,1.0300761290269413
x2879063b.1,1.0057476956651104,1.0139852891748349
x2879063b.2,1.0034904963630287,1.0117479904802325
x3254219c.1,1.0349909300186768,1.0404052121102665
x3254219c.2,1.0318032613961081,1.0372353214840933
x3197653b.1,1.0131305590816084,1.020531353763911
x3197653b.2,1.0136177184423072,1.0210157454376605
x3251806b.1,0.9958175349339631,1.0042508753759432
x3251806b.2,1.0001782767045855,1.0085753999207867
x2673308b.1,1.0055514648526933,1.0137889385000127
x2673308b.2,1.007667703706471,1.0158882478161606
x3254203b.1,0.9866328362738532,0.99503937733909
x3254203b.2,0.9872946131815055,0.995696433406856
x2814529a.1,0.9938331882001048,1.006980393772701
x2814529a.2,0.9918053366230846,1.0049820267905039
x2814529b.1,1.015323296457642,1.0234866952040411
x2814529b.2,1.0130827517254155,1.0212660346533635
x2814529c.1,1.0049701876400736,1.0115574599099435
x2814529c.2,1.0044832025422321,1.0110746202805339
x2823592a.1,1.03780380612245,1.041898777263772
x2823592a.2,1.0392669636556733,1.0433566208067462
x2766718c.1,1.0343872539754935,1.039767867426344
x2766718c.2,1.032455669970258,1.0378473655614608
x2727795c.1,1.0321169060231574,1.0374880652047689
x2727795c.2,1.0328727327521232,1.038240532500641
x2955055b.1,1.0116026653779415,1.0188006550097373
x2955055b.2,1.0124135841896547,1.019606523449037
x2766722b.1,0.9891389832118623,0.9975239048011035
x2766722b.2,0.9862550917713393,0.9946660729731936
x2804957c.1,1.028067745689391,1.0310799647476223
x2804957c.2,1.0246209784383364,1.0276438031336386
x3010570a.1,0.9945120907827356,1.0086885911356196
x3010570a.2,0.9982642362131932,1.0123888825550171
x3649299a.1,1.0083484898662813,1.0212026500063547
x3649299a.2,1.0107422341224404,1.0235670217278816
x2766717c.1,1.0311673364169278,1.036543386670894
x2766717c.2,1.0324540127667308,1.0378239269954015
x3254870c.1,1.0267343330401324,1.032149823397038
x3254870c.2,1.0281116455328412,1.0335203368722041
x2801895b.1,0.9861430979557385,0.9946746571132414
x2801895b.2,0.9859909545340285,0.9945248602479643
x2673320b.1,0.984577870322327,0.9930014636516417
x2673320b.2,0.9855178250687858,0.9939341911003579
x3198358b.1,1.0118078754269917,1.0191124772120261
x3198358b.2,1.0089665338999756,1.01629330588086
x3064514c.1,1.029270038077611,1.0322788268633003
x3064514c.2,1.0251879457423838,1.0282092730257564
x2729429a.1,1.002624572014461,1.0156472788004982
x2729429a.2,0.9996427128413212,1.0127063489514596
x2785525c.1,1.0335519317998687,1.0389157201024484
x2785525c.2,1.0312423614495048,1.036619089845359
x2860492c.1,1.0324784123865673,1.0378979177677738
x2860492c.2,1.0355263705766127,1.040930328071403
x2973154a.1,1.0059371053670803,1.0189383383705608
x2973154a.2,1.0084497384293283,1.0214199306282523
x2691973a.1,1.0036960748881016,1.0165120063079378
x2691973a.2,1.005483525155691,1.0182780477004911
x3085394c.1,1.0147372940369916,1.0197636366740346
x3085394c.2,1.0180749220423877,1.023085120255975
x2897791b.1,1.0113229472397567,1.018738786428967
x2897791b.2,1.0154404326144282,1.0228259968246018
x2726983a.1,0.9872007813912084,1.0000199625875494
x2726983a.2,0.9873843194063847,1.0002025602958249
x2711234b.1,1.0122205519466436,1.0195220993935072
x2711234b.2,1.0089341100061824,1.0162608388580026
x3178980c.1,1.0311521460544626,1.0366031273168657
x3178980c.2,1.0319059934298243,1.0373535723269942
x3728039a.1,1.0060299459992215,1.0189357015471365
x3728039a.2,1.009999536342534,1.0228547385963562
x2786266a.1,1.015570186732485,1.0226701125803526
x2786266a.2,1.0126473201373765,1.0197687871837227
x2954338b.1,1.0004297086079028,1.0088234123679412
x2954338b.2,0.9990693648594816,1.0074757315842062
x3254869b.1,1.0042800011588315,1.0125405314390235
x3254869b.2,1.0037991309941439,1.0120646275379894
x3198356c.1,1.0155134845374603,1.0205356504364993
x3198356c.2,1.0153820935934523,1.020405506284345
x2730163c.1,1.0243974435202017,1.0292934756668521
x2730163c.2,1.0284472983167627,1.0333241276435807
x3048965b.1,1.0179225654571769,1.0246960120457875
x3048965b.2,1.0177923922980279,1.0245675352171386
x3010561a.1,1.005637055482179,1.0184900920548916
x3010561a.2,1.0088960807585239,1.021708880484827
x3160102b.1,1.006520068754578,1.014860633162912
x3160102b.2,1.0079248943421972,1.0162545617475132
x3066806c.1,1.0108333987857139,1.0158791762249257
x3066806c.2,1.0126906356341507,1.0177276062318052
x3216361b.1,1.0057581038903234,1.0141135087311135
x3216361b.2,1.0056096898437719,1.0139673339299224
x2879092c.1,1.0013432906058302,1.0079547485799099
x2879092c.2,1.0046214111398784,1.0112115285701944
x3104117c.1,1.0078326873780352,1.0143401529854006
x3104117c.2,1.0111540836506916,1.017640112658083
x2935568b.1,0.9862126254263177,0.9946237843954799
x2935568b.2,0.9902804175924528,0.9986575909100145
x2710530b.1,1.0170518712079948,1.0244244052870624
x2710530b.2,1.0207715086993296,1.028117712751421
x2841618a.1,1.0062549573573258,1.0191089968073228
x2841618a.2,1.0037280027617543,1.0166163708985703
x3728043a.1,1.008565744833609,1.0214364435777012
x3728043a.2,1.0076108507488417,1.0204955720963076
x2897765b.1,0.9898271945026409,0.9982068870647245
x2897765b.2,0.9864134227774725,0.9948234427062659
x2804283a.1,1.0175497498682244,1.0313212621964785
x2804283a.2,1.0202938162126198,1.0340294193734871
x3150961c.1,1.0257197571830698,1.0311413089606487
x3150961c.2,1.0287076379341533,1.0341134788096826
x2859391b.1,1.0031875347255805,1.0115614439617233
x2859391b.2,1.002711377811263,1.011090331440554
x3254206b.1,0.9995027915909902,1.007904236885184
x3254206b.2,0.9987840219507704,1.0071926303935788
x3104122a.1,1.0172593192666726,1.0310352982932778
x3104122a.2,1.0207829976226779,1.03451240993249
x3254218a.1,1.0112519686980197,1.0252168540889548
x3254218a.2,1.0099579127740161,1.0239425518514638
x2804255b.1,1.0039058337598332,1.0121641304740077
x2804255b.2,1.006870921074796,1.01510533434677
x2766748a.1,1.001851840343845,1.0145288163360293
x2766748a.2,1.0001818779228262,1.0128816069115516
x2691938b.1,0.9985778731944583,1.0069871149798282
x2691938b.2,0.9969080851577095,1.0053327078324523
x3027671a.1,0.9737716734457821,0.9845812167679747
x3027671a.2,0.9707653400407956,0.9816106712429357
x2860501b.1,0.9919999560291387,1.0003619424318795
x2860501b.2,0.9952998510616775,1.0036344713118448
x2897764b.1,0.9895394737819805,0.9980423223764723
x2897764b.2,0.9857692496156266,0.9943063588189871
x3068944b.1,1.0126913873740053,1.0198816562943773
x3068944b.2,1.0120824548403686,1.0192780510692367
x2897781a.1,1.0078504255546712,1.0218590681557786
x2897781a.2,1.0063751680242425,1.0204059562315464
x2748132a.1,0.9876833908507695,1.0009095639750596
x2748132a.2,0.9844207359556584,0.9976925109356168
x2766727b.1,0.9966082426858853,1.005050124926219
x2766727b.2,0.9928173866408553,1.0012928677694697
x2954339b.1,0.9846439767341526,0.9931893845880064
x2954339b.2,0.9876661289938391,0.99618579955518
x2673316a.1,0.9881211325153573,0.9971675219420861
x2673316a.2,0.9917035746697583,1.000718183029241
x3649304a.1,1.0079130472857643,1.0207736337972673
x3649304a.2,1.0107127153410014,1.0235382625116556
x2710508b.1,0.986346743757233,0.9947557817401818
x2710508b.2,0.9874533358323935,0.9958538194575177
x2710520a.1,1.01108896322345,1.025048444772786
x2710520a.2,1.011729762325434,1.025681991334835
x3010567c.1,1.0306314385305633,1.036010282359072
x3010567c.2,1.0305646737982703,1.0359444995116176
x2876798b.1,1.0058756388466712,1.0141135674760942
x2876798b.2,1.0018443484183146,1.0101171311484767
x3253570c.1,1.035896356108688,1.038885834486225
x3253570c.2,1.032147511112631,1.0351484969354259
x3216350a.1,0.9900906419053707,1.0032919712072967
x3216350a.2,0.9940323588605826,1.0071821044278395
x2804257b.1,1.006197335181957,1.0145514573847176
x2804257b.2,1.0039581286156067,1.012332071042656
x3048937c.1,1.0246363560660778,1.0276588511840314
x3048937c.2,1.0279964033752247,1.03100920415707
x2748157a.1,0.9967103007947785,1.0121816553691858
x2748157a.2,0.9972906445220864,1.0127545995659133
x3008237c.1,1.0401263328041157,1.0466515569548693
x3008237c.2,1.0389619438366986,1.045495415173086
x3235258a.1,0.999938516262439,1.0129984964687904
x3235258a.2,0.997347766459972,1.0104433611091086
x3235258b.1,1.016874124972033,1.0250184901272057
x3235258b.2,1.0130739809559397,1.0212509273196406
x3235258c.1,1.0076480742831913,1.014220281174007
x3235258c.2,1.0098827831953618,1.0164410109662287
x2766738c.1,1.0395847855712983,1.0461156928999111
x2766738c.2,1.0371738729842954,1.043721080949176
x2691948b.1,0.9869365048066935,0.9953397274581289
x2691948b.2,0.9866053205754011,0.9950123780044992
x2674052c.1,1.016526136505836,1.0215433467278263
x2674052c.2,1.0141351529343814,1.019164960641981
x3160868b.1,1.0139944792848614,1.0216945875267356
x3160868b.2,1.0115934586971413,1.0193131490936578
x3048889c.1,1.0266338087870945,1.0296505160123548
x3048889c.2,1.0295089378649793,1.0325173436601602
x3236004c.1,1.0283025506194252,1.0335296638583085
x3236004c.2,1.0272197954087543,1.0324531100220937
x3235255b.1,1.009999991254684,1.0183288265432884
x3235255b.2,1.0078541722864247,1.0162017303216118
x3067447a.1,0.9704766373694236,0.9814869233348886
x3067447a.2,0.9689913182426975,0.980020070166205
x2989432b.1,0.9907616176927095,0.9991338604954422
x2989432b.2,0.9871776229066483,0.9955819384484367
x2973164a.1,0.9957847763396687,1.0099419526562285
x2973164a.2,0.993982494378128,1.008166964422869
x3010565c.1,1.0315877568071872,1.0369615812081023
x3010565c.2,1.0313746905621248,1.036750261741966
x2689678b.1,1.0110509538695245,1.0193676168201269
x2689678b.2,1.0070259423615437,1.0153768567622536
x2748840b.1,1.0309333379612222,1.0358901035516204
x2748840b.2,1.0288170205509117,1.0337847051302138
x2989566b.1,0.9977993319681994,1.0066477928258526
x2989566b.2,1.0001117429718647,1.0089405498784905
x3141388c.1,1.0328701432378156,1.0382372949418235
x3141388c.2,1.0328629621935446,1.0382307770111443
x2673317a.1,0.98832356618744,1.00154170664446
x2673317a.2,0.9915496787104158,1.0047261285595122
x2822870c.1,1.0109497864419854,1.0175034769003735
x2822870c.2,1.0142754683889759,1.020808135482795
x2745799c.1,1.0170576507115383,1.0236261958794175
x2745799c.2,1.01837658905254,1.0249371927219035
x2786274c.1,1.02455428367605,1.0295314146764012
x2786274c.2,1.0244214605904503,1.029399837930935
x2897772a.1,1.0034707585572582,1.017536087220357
x2897772a.2,1.0020902818483357,1.0161766960398275
x2935566c.1,1.0377695556921211,1.0443098872658705
x2935566c.2,1.0412029379713366,1.0477212570840566
x3091052a.1,0.9873460740251262,1.0005771178575018
x3091052a.2,0.9846210522874578,0.9978912669578337
x3010566c.1,1.0306391996453133,1.0360180157313508
x3010566c.2,1.028589566444726,1.0339798847427932
x3104131a.1,0.996492397882027,1.0106400659590924
x3104131a.2,0.9940545573097045,1.008239039701766
x3216336a.1,1.0046575107325606,1.0174611071188466
x3216336a.2,1.002597075401085,1.0154288602019916
x2858166a.1,1.0183452984766974,1.031257221564249
x2858166a.2,1.0191360170779407,1.0320394174513492
x2748128c.1,1.0095970710672761,1.0146490889918867
x2748128c.2,1.0077084865371002,1.0127708158845616
x2673318c.1,1.026601210991055,1.0331502887545763
x2673318c.2,1.028103319771125,1.0346433712078769
x2973169a.1,0.9917230164983516,1.0039810620640761
x2973169a.2,0.992104909001645,1.0043596341561543
x3160106a.1,0.9910714212346227,1.004252946011991
x3160106a.2,0.99297081217041,1.0061282973517534
x2842384c.1,1.0322201122224748,1.0365989351154161
x2842384c.2,1.030282068816992,1.0346697247965921
x2767341c.1,1.0292613251259848,1.0346500955594038
x2767341c.2,1.0257498352526206,1.0311584062712125
x3189188c.1,1.0048509355492021,1.011439320016231
x3189188c.2,1.0053368969362158,1.0119227138814224
x2710544a.1,0.9881102665238733,1.0013307387848003
x2710544a.2,0.9849018955475094,0.9981671955947689
x3160123a.1,1.0064859089009368,1.0193286613354398
x3160123a.2,1.0076089639491719,1.0204388240809064
x2991927b.1,0.9961390495487779,1.004569920724834
x2991927b.2,0.9997116515216017,1.0081127129371197
x3122847a.1,1.002310034688084,1.0150719885084647
x3122847a.2,1.0019414855533255,1.0147096420130886
x3008232b.1,1.0083289491218586,1.0166590271318068
x3008232b.2,1.005186449373993,1.0135437044152869
x3179607b.1,1.0038644879080398,1.0122075371154549
x3179607b.2,1.0024308775211022,1.0107870960080074
x2673346c.1,1.0304807331819474,1.0359273591296736
x2673346c.2,1.0331641800414408,1.0385969494817102
x3104127b.1,0.995515967937087,1.0038469599675566
x3104127b.2,0.9923593027506191,1.0007183695326818
x3195321a.1,0.9623207114627105,0.9737947390693684
x3195321a.2,0.9616810270548557,0.9731640801499413
x2673303c.1,1.0093000943304904,1.0157968276593026
x2673303c.2,1.0102807918689476,1.0167718893436237
x2895461a.1,1.0006906985933244,1.0134735203935719
x2895461a.2,1.0019696197184997,1.0147373829441022
x3027116a.1,1.0026254209094005,1.0166991723011087
x3027116a.2,0.9996405959530001,1.0137581726886191
x2992657a.1,1.004851514640455,1.013504192726231
x2992657a.2,1.0048301709921816,1.0134840492318282
x3104154c.1,1.0057611855413369,1.010832770727817
x3104154c.2,1.0069409973668437,1.0120070020482725
x3010580b.1,1.0039843555303396,1.0123580618548271
x3010580b.2,1.0058117076849988,1.0141710045159835
x3727710a.1,1.0069684714912934,1.0198611341843749
x3727710a.2,1.0098195224748363,1.0226763513693142
x2692664c.1,1.0212665758605808,1.026260189715531
x2692664c.2,1.018773845071827,1.0237804474815801
x3215385a.1,0.9930843373367253,1.0020704478196725
x3215385a.2,0.9903176864158969,0.9993307506373362
x3215385b.1,0.9972935633391509,1.0048226880903874
x3215385b.2,0.9931595356124455,1.0007225237988886
x3215385c.1,1.0115983121672483,1.0167269306798539
x3215385c.2,1.014278764768266,1.0193938967835436
x2860493a.1,0.9924181608746466,1.0055842320796833
x2860493a.2,0.9922353539211549,1.0054054238437535
x3177881c.1,1.0169290537913735,1.023493419292235
x3177881c.2,1.0145279228939748,1.0211089749406228
x3727709a.1,1.0091894189132051,1.022052326376564
x3727709a.2,1.0076922400376078,1.0205762620604493
x2785528b.1,1.012197200498402,1.020504478743382
x2785528b.2,1.014083477391375,1.0223760994638944
x2973171b.1,1.016782642507317,1.0241567578188708
x2973171b.2,1.0171185311906372,1.0244910225483777
x2785523c.1,1.0333744013947284,1.038738962922706
x2785523c.2,1.0327007501496,1.0380694880440082
x3649300a.1,1.0103777066097888,1.023205690540459
x3649300a.2,1.0085397737741317,1.021393245537694
x2748133c.1,1.028840186321501,1.0342283901180385
x2748133c.2,1.0292488589320596,1.0346355218665735
x3233353a.1,1.0018796845235074,1.0146469753277958
x3233353a.2,1.0004166648078747,1.0132042086307733
x2785547b.1,0.9866710444079858,0.9950766459165312
x2785547b.2,0.9864045200754559,0.9948134297438287
x2897800b.1,0.9880969618909053,0.9964913362568741
x2897800b.2,0.9903426465850607,0.9987188368480632
x2991939b.1,1.0053637637774018,1.0136030148153883
x2991939b.2,1.0064989334310142,1.0147296567380495
x2948732b.1,0.999525085843992,1.0079267260051303
x2948732b.2,0.9952812744282192,1.0037201421240451
x0247162b.1,1.0082340938896512,1.0165737627422577
x0247162b.2,1.0081279784343988,1.016469507781744
x2879065b.1,1.0085350872470509,1.016872350221264
x2879065b.2,1.0099331904977844,1.018259809878379
x3104121a.1,1.0178323715304838,1.031599565241925
x3104121a.2,1.0196934650912053,1.0334368169304742
x2763153a.1,1.0004359126670133,1.0145367689393963
x2763153a.2,0.9990264148851352,1.0131490740510694
x2766724c.1,1.0138987209054295,1.02043270067811
x2766724c.2,1.0098403413184036,1.0164017143120758
x2805031c.1,1.027557954645598,1.0324570479753485
x2805031c.2,1.0244721262878913,1.0293871350111632
x2805036b.1,1.0328639432413733,1.0409174827977927
x2805036b.2,1.0327249644510168,1.0407805313177856
x3197625c.1,1.0365918265555079,1.0431264924468726
x3197625c.2,1.038389035374389,1.044913006379633
x3142049c.1,1.0266226749229206,1.0324502491605185
x3142049c.2,1.0273986017976602,1.0332224141689657
x3342743c.1,1.0190004617377661,1.025566946469798
x3342743c.2,1.023014343018888,1.0295556086396545
x2785524c.1,1.032860897939235,1.038228217784134
x2785524c.2,1.0302051810905066,1.0355871649435653
x2973166c.1,1.0034455332548702,1.0100428613248311
x2973166c.2,1.0055022910251419,1.0120865626410813
x3225319b.1,0.9854166605811067,0.993955006384068
x3225319b.2,0.9866243184412241,0.9951528455855506
x3270814a.1,1.0017612719015259,1.014602955068851
x3270814a.2,1.0051752561322291,1.0179741862021627
x3122814c.1,1.0240254567531304,1.0305559006189233
x3122814c.2,1.0255180410456741,1.0320396147888957
x2897770c.1,1.0073683201275263,1.01243182394306
x2897770c.2,1.0095922447394958,1.0146448959474133
x3197634b.1,1.008128269824031,1.0164550122596754
x3197634b.2,1.010042972253844,1.0183543687134935
x3030204a.1,1.029072813086583,1.0344313669400744
x3030204a.2,1.0270443781311376,1.0324143662685186
x3102286b.1,0.9972342904644899,1.0061841090028052
x3102286b.2,0.9953126943877203,1.0042822000241989
x2801909c.1,1.0477679977883554,1.0502306833696475
x2801909c.2,1.0512398327963648,1.0536925758400066
x3122811a.1,1.0045661877720335,1.0174388901468867
x3122811a.2,1.0073737057705838,1.020211520650347
x2822869a.1,1.0066134865074385,1.0195768069928017
x2822869a.2,1.0101472515359007,1.0230660877186712
x3086098a.1,1.0177589226214143,1.024475840038462
x3086098a.2,1.0165428650190185,1.0232689634247762
x3120504a.1,0.9844983173813453,0.997351725920833
x3120504a.2,0.9836272251556483,0.9964935741783878
x3727712a.1,1.0086796488989542,1.0215487929332576
x3727712a.2,1.0082622848249183,1.0211383339080868
x3101789a.1,0.9931528303836157,1.005393512290891
x3101789a.2,0.9927658818208417,1.0050128386377977
x3254210c.1,1.0313663501295456,1.0367743481927674
x3254210c.2,1.0357427784938207,1.041128225365381
x2730187a.1,1.016396561550807,1.0233646397170604
x2730187a.2,1.013577463354736,1.0205663635663311
x3216367b.1,1.0037907160925297,1.0120442271462822
x3216367b.2,1.0068711564414234,1.0150998308894552
x2710509c.1,1.0096256723264696,1.0146779134172494
x2710509c.2,1.0138861798899987,1.0189174494034956
x3066805a.1,1.0044374708563253,1.0173145119433806
x3066805a.2,1.0052624008774966,1.0181302292289527
x3197661c.1,1.0225438303024021,1.0290873446364561
x3197661c.2,1.0192243743536666,1.0257902567315897
x3179608c.1,1.0349289271178495,1.0414690565548683
x3179608c.2,1.0376624020814127,1.0441854481495478
x2916234a.1,0.9876457776726711,1.0008720050502904
x2916234a.2,0.987962817644285,1.0011863336255162
x3085402a.1,0.9938497589875984,1.008035243670082
x3085402a.2,0.9952479370785855,1.0094146572496239
x2875754c.1,1.0203700937275615,1.0253689914657946
x2875754c.2,1.0231980637212155,1.0281830064180246
x2860478b.1,1.0017725293820285,1.0101552898582098
x2860478b.2,0.9978252580981637,1.0062425464034184
x2766732b.1,1.0069619935687326,1.01531230896871
x2766732b.2,1.009087806485938,1.0174213919002517
x3198355b.1,1.0101367951383287,1.0174530003259332
x3198355b.2,1.0110945225252193,1.0184045992662825
x3065665a.1,0.9612057284782356,0.9726947979314305
x3065665a.2,0.9648273116136274,0.9762738256166377
x2897771b.1,1.0114685404043282,1.0187751859225964
x2897771b.2,1.0092672532152478,1.0165908843187064
x2785516b.1,1.0344342851630917,1.0424758096362616
x2785516b.2,1.0317274740947404,1.039791264754428
x2729206c.1,1.0226984857249253,1.0292427012295016
x2729206c.2,1.0220671936983063,1.028616374573186
x3195310a.1,0.9932796216275878,1.0074732406701559
x3195310a.2,0.9956243698776246,1.0097857717611636
x3232301c.1,1.0065680380026527,1.0130776428266526
x3232301c.2,1.0040951700868443,1.010622925886376
x3048946c.1,1.0338025834966047,1.0378024139815454
x3048946c.2,1.0348812613563059,1.0388773249223542
x2861157c.1,1.0348157336484294,1.0378082079504485
x2861157c.2,1.0328380863435684,1.0358367975850462
x3029183b.1,0.987026597767001,0.9954294503240257
x3029183b.2,0.9831386314513213,0.9915760993637255
x3085396a.1,1.0115281796471371,1.0254816882677775
x3085396a.2,1.0111308553355236,1.025091546037485
x2748146a.1,1.0210086440927457,1.034733046576144
x2748146a.2,1.018052294121975,1.0318183030940171
x2691954b.1,1.0005411354846685,1.0089493302995263
x2691954b.2,1.0010254308076676,1.009430455282225
x2895449c.1,1.0220348633833884,1.028580658372853
x2895449c.2,1.025035851645063,1.031562789695093
x2991911c.1,1.0361798568549423,1.041526352178242
x2991911c.2,1.0332230124782222,1.0385856539838592
x2785515c.1,1.006727144556659,1.0117935762726773
x2785515c.2,1.0055985444506887,1.01067140782216
x2804262a.1,1.0057964316623325,1.0185856108854308
x2804262a.2,1.0058766749246244,1.0186663159249636
x0247160b.1,1.0096876170986955,1.0180154853850747
x0247160b.2,1.00678432243626,1.0151374513903828
x2785537a.1,0.9970378857033845,1.012503581995459
x2785537a.2,0.9969966647188363,1.0124647982074804
x3122819c.1,1.0297997808297013,1.0351831067010644
x3122819c.2,1.0282338789294578,1.0336263508786772
x2804245b.1,0.9981945632281338,1.0066070145847794
x2804245b.2,0.9981653183903515,1.0065790080263814
x2879068b.1,0.9917831144650077,1.0001463691644523
x2879068b.2,0.9935462878864645,1.001895351204309
x2767409b.1,1.011778204630189,1.0194954012541695
x2767409b.2,1.0136875082206762,1.0213907556762247
x2685809a.1,1.0202319362808563,1.0331396232327783
x2685809a.2,1.0194331447350602,1.0323524932345531
x3197637c.1,1.0347549819984505,1.0401201116634289
x3197637c.2,1.0323154709648787,1.037694023322337
x3066818b.1,1.012681100762584,1.0209855884378483
x3066818b.2,1.0168806171804825,1.0251510406898219
x2763407c.1,1.0343676876304633,1.0373614245515017
x2763407c.2,1.0334837902437752,1.036480508569209
x2711226b.1,1.0145396455352726,1.0215829869431725
x2711226b.2,1.0150483512849982,1.0220889098058472
x3160109b.1,1.015985293412572,1.0241229730819013
x3160109b.2,1.0154606297964022,1.0236035572428297
x2710516a.1,0.9934557020398953,1.006185615153226
x2710516a.2,0.9920983243724395,1.004847401345531
x3197641a.1,1.0052694689295598,1.018254666911372
x3197641a.2,1.0025598087787926,1.0155817876820312
x2954351c.1,1.02948385057229,1.03486865871896
x2954351c.2,1.0286892939127084,1.0340789505726522
x2804272b.1,1.0204970725263085,1.0278442151795915
x2804272b.2,1.0182534656380977,1.0256178486887049
x2785519a.1,1.0173588928637451,1.031133470336771
x2785519a.2,1.020790805123092,1.0345200763875673
x2955006c.1,1.0382185176941927,1.0447372833459985
x2955006c.2,1.0350096137797122,1.041549830301101
x3104123c.1,1.0228092053489815,1.0293518206367753
x3104123c.2,1.022472237703081,1.0290178023100622
x2729414a.1,0.9953878095141045,1.008510467566399
x2729414a.2,0.99568111524212,1.0088013853668387
x2729414b.1,1.0135432120193086,1.021717675906468
x2729414b.2,1.015775860303898,1.023932931033106
x2729414c.1,1.0056029642769748,1.0121874998700242
x2729414c.2,1.0080812510288828,1.0146499698359857
x2692660a.1,1.0071641715305224,1.0152581404341356
x2692660a.2,1.0044634638282206,1.0125811074182114
x2897793a.1,1.0036000558546005,1.0188408568857839
x2897793a.2,1.0026499038647796,1.0179068866552137
x3235266c.1,1.0274523045636552,1.0328486679875695
x3235266c.2,1.0314220285405957,1.0367977341224746
x2915534a.1,1.0063398680751519,1.0192007380664392
x2915534a.2,1.0048705810019625,1.0177522545992632
x2804259a.1,0.9969129420444484,1.0110526896685028
x2804259a.2,0.9958302272032338,1.0099872027359358
x2764399b.1,1.004954359211705,1.0133128953907964
x2764399b.2,1.008521539056071,1.0168511469355734
x2822863c.1,1.0081783217819307,1.013237429243635
x2822863c.2,1.0053580925018755,1.0104321285372495
x3217057a.1,1.0341732079912045,1.0387623865175992
x3217057a.2,1.0345581750082242,1.039146166320923
x3215203a.1,0.9726468577237084,0.9835061065144918
x3215203a.2,0.9715763374057733,0.9824493561064251
x3215203b.1,0.9986399740972032,1.0075770351805693
x3215203b.2,0.9946858884754096,1.0036613142007396
x3215203c.1,1.0272304979749127,1.0330501495429507
x3215203c.2,1.024853068272842,1.0306876101470792
x3048221a.1,0.9938909615714189,1.0070398557187006
x3048221a.2,0.9904209973690402,1.003618178472795
x2767408c.1,1.0303323620628997,1.035060731638938
x2767408c.2,1.0260638377936209,1.0308127342509712
x3122848c.1,1.0226211005609025,1.0291641480251372
x3122848c.2,1.0191238793562616,1.025690452809551
x2841635a.1,1.0096681289329053,1.022589777620948
x2841635a.2,1.0086053067870617,1.0215421403246834
x2973162b.1,0.9972842756888285,1.0057198371329563
x2973162b.2,0.9969258532424375,1.0053654664901732
x3122821b.1,1.0128457377842524,1.0210178354780586
x3122821b.2,1.0093481632448682,1.017550156084062
x3123452c.1,1.0277540012452215,1.0330775263104022
x3123452c.2,1.0276010818492267,1.0329260439726906
x3029500a.1,0.9904730438533117,1.002747699759297
x3029500a.2,0.9934048472991809,1.0056441466443355
x3216344b.1,0.9952694541542971,1.003603945776874
x3216344b.2,0.9919358080658709,1.0003007143517773
x2748125c.1,1.0095334872867263,1.0160288031673754
x2748125c.2,1.0100499204945752,1.0165425962577697
x2785520b.1,1.0120735149183893,1.0203815976522663
x2785520b.2,1.0105832297717647,1.0189046071538361
x3104119a.1,1.0061627398989808,1.0190060898367201
x3104119a.2,1.0100410976388023,1.022835915186994
x2710517a.1,0.990656591080383,1.0038430726181542
x2710517a.2,0.9885444576370164,1.0017607899994652
x3048227a.1,1.0087328444509993,1.0215464088888042
x3048227a.2,1.0057933638385257,1.0186464137190403
x3048209b.1,0.9828486795868281,0.9912884427108181
x3048209b.2,0.9870981305835742,0.99550171148724
x3216370a.1,1.0025828599662774,1.0166620164659195
x3216370a.2,1.0058269919252605,1.0198623993332772
x3216370b.1,1.009901927214867,1.01823176361634
x3216370b.2,1.0068548153090553,1.015210989378101
x3216370c.1,1.0313698719538185,1.0368091600303964
x3216370c.2,1.0331946580978721,1.0386248840326162
x3066819a.1,1.0015052158830144,1.0155990196792406
x3066819a.2,1.0040006058446025,1.018060563892557
x2673314c.1,1.0159681850172646,1.0225404144065582
x2673314c.2,1.0175010058215483,1.0240640156740821
x3197643b.1,0.9929087765052221,1.0013829585109975
x3197643b.2,0.9965500465626776,1.0049935662393237
x2803194c.1,1.0033072847008369,1.0098391292488387
x2803194c.2,1.0076377795941576,1.014141211304007
x2916617b.1,1.0130143240037874,1.0204170744844465
x2916617b.2,1.0172156242246206,1.024587978626277
x3778577c.1,1.0099073820889535,1.0163974849191084
x3778577c.2,1.0084907744318325,1.0149909814482025
x2991916b.1,0.9869734182749521,0.9953768878698398
x2991916b.2,0.9833924474235084,0.9918282085539993
x2897554c.1,1.0220990098636111,1.0286472404709233
x2897554c.2,1.0220254318751552,1.0285749364929984
x3141397b.1,0.9889531430892491,0.9973408325009945
x3141397b.2,0.9919075565574087,1.0002706836272108
x2916608c.1,1.013894019414901,1.0204762704493495
x2916608c.2,1.00959981060547,1.0162110707181782
x3082983b.1,1.014936384224291,1.0223247139137934
x3082983b.2,1.018318440520125,1.0256825513376178
x2804248b.1,0.9865242776106021,0.9949322072183958
x2804248b.2,0.9904393240687153,0.9988147738754714
x2841639a.1,1.003701985020479,1.016519394785058
x2841639a.2,1.0073285497292706,1.0201006377333643
x3197645a.1,1.009425939978079,1.023414454519957
x3197645a.2,1.0071759767044497,1.0211977815187845
x2730108c.1,1.040615201463336,1.043590644956066
x2730108c.2,1.0420526309646914,1.0450242503829703
x2897806c.1,1.0063993676818876,1.011467363311481
x2897806c.2,1.0062733200825122,1.0113425528428481
x3178977c.1,1.0303908776984507,1.0357709603110064
x3178977c.2,1.0297189029242155,1.035103175726979
x2841631c.1,1.0054407734384008,1.012025008478235
x2841631c.2,1.001185456892239,1.0077991653078395
x3235945c.1,1.0367194684676497,1.0432474171701935
x3235945c.2,1.0363225328368955,1.0428538057645378
x2748839b.1,1.0120723916499437,1.0192668122000317
x2748839b.2,1.0122341202166678,1.0194282204244427
x2989571a.1,0.9837072243256125,0.9965709246373797
x2989571a.2,0.9840872072981736,0.9969474094926319
x3552667c.1,1.0287664144854154,1.033705581129206
x3552667c.2,1.0278630368936212,1.0328072343195862
x3216347c.1,1.0320114270209082,1.0373833005257938
x3216347c.2,1.0343686397305367,1.0397287226105882
x2897789b.1,1.0127418551319125,1.0201455139292974
x2897789b.2,1.0148471587511398,1.022236136708652
x3160100b.1,0.987677232673211,0.9960750297646682
x3160100b.2,0.989264459871713,0.9976496032155726
x2973156b.1,0.9953401802526458,1.0036721228120822
x2973156b.2,0.9956333791001182,1.0039638114766056
x3048214a.1,0.9960963078866764,1.010249875634029
x3048214a.2,0.9927332489491205,1.0069370716532549
x2766719a.1,1.0121982479481926,1.0251383724864191
x2766719a.2,1.0134282994494146,1.026354012065174
x2729401b.1,0.9976099844612899,1.0060274718352655
x2729401b.2,0.9994898198145596,1.007892275116729
x2991640c.1,1.0112514944593012,1.016295102031942
x2991640c.2,1.0091352789565657,1.0141901596932152
x3139366a.1,1.025634409118901,1.031284737373258
x3139366a.2,1.024679224717163,1.030335591764093
x2728247a.1,0.9721323699339148,0.9829968912411688
x2728247a.2,0.9720371407326065,0.9829039917309332
x2728247b.1,0.9983581748107939,1.0072967731106452
x2728247b.2,0.9949333979145742,1.0039044834000916
x2728247c.1,1.024282375233905,1.0301185886999966
x2728247c.2,1.0277882507232357,1.0336050548892588
x2673306c.1,1.0045085335802946,1.0095868320164838
x2673306c.2,1.0079972064263298,1.0130580568898113
x2954357a.1,1.0049724680281815,1.0177721937540611
x2954357a.2,1.0041166414218807,1.0169290638581958
x3141395c.1,1.010367036930939,1.0168542795225775
x3141395c.2,1.0079765596742722,1.0144803317749054
x2876796a.1,1.0063296345371906,1.019325678318422
x2876796a.2,1.008342338627456,1.0213138262873547
x3197642c.1,1.0021716228739455,1.0087770545384875
x3197642c.2,1.0048360088463555,1.0114244491875615
x3254873c.1,1.0268290550561676,1.0298452250010817
x3254873c.2,1.0312003122090991,1.0342038308764119
x2822858b.1,0.998941671056269,1.007348201100733
x2822858b.2,1.00066645837764,1.009059167807569
x3728040a.1,1.0088455180680465,1.0217127532625794
x3728040a.2,1.0072505700554732,1.0201402175312573
x3157710b.1,0.9925974072219867,1.0009536938504753
x3157710b.2,0.9896422108344392,0.9980247228766751
x2710514b.1,0.9911047007050796,0.9994741744029566
x2710514b.2,0.9940656684936322,1.002410634464973
x2763072b.1,0.9933454313859883,1.001815264871253
x2763072b.2,0.9904812175825367,0.9989770862463049
x2710519a.1,1.0020512506092591,1.0161364318821529
x2710519a.2,1.0035851037959589,1.0176504057560174
x3727711a.1,1.0102534688253673,1.0231030839637867
x3727711a.2,1.006657486180269,1.0195547315619053
x2691936a.1,1.004708240481673,1.0175110592316075
x2691936a.2,1.002446735885333,1.0152800754366518
x2841638c.1,1.0355109291157345,1.040914348145055
x2841638c.2,1.032514360716601,1.0379343189960895
x3254209c.1,1.0121452789115652,1.0186245300766201
x3254209c.2,1.0112866536457181,1.0177723814632254
x3010557a.1,1.0220985503564577,1.0364079389564538
x3010557a.2,1.0212836926853908,1.0356061973835944
x2820528c.1,1.0176492661792125,1.024213833214099
x2820528c.2,1.0178088821180666,1.0243731654661006
x3251808a.1,0.9876548855240073,1.0004680786614113
x3251808a.2,0.984611858552269,0.9974663647525986
x3649305a.1,1.0097459811226723,1.022581506941065
x3649305a.2,1.0089626658293296,1.021809698258142
x3157718a.1,1.0235662354043076,1.037736829036149
x3157718a.2,1.0263607068332161,1.0404942339092222
x3010569a.1,1.0026789333588022,1.016755802581895
x3010569a.2,1.0031592159015696,1.0172308322294934
x2785527a.1,1.0044838462616288,1.0185361009990783
x2785527a.2,1.0041333034084245,1.0181921155099003
x3047073c.1,1.0061628384996655,1.0126742468794114
x3047073c.2,1.0048812971193535,1.0114019811529806
x3649306a.1,1.0082021244792303,1.0210588751512357
x3649306a.2,1.010797953761037,1.0236223412604142
x2973161a.1,1.0045399168851308,1.017534548238329
x2973161a.2,1.0032051164849658,1.0162190119473555
x2688692b.1,0.9995149844860388,1.0070118040495348
x2688692b.2,0.9992585147755265,1.0067581573059932
x3254220c.1,1.0345893963908506,1.0400056685372254
x3254220c.2,1.0322094337116057,1.0376391381994052
x3141389a.1,1.00188212486131,1.0147214939322484
x3141389a.2,1.0051152621188633,1.0179146087910398
x3197618a.1,1.0033545265277939,1.0161743784568753
x3197618a.2,1.0036798107251086,1.0164969775235004
x3143999a.1,1.0064490754377973,1.0193059666059772
x3143999a.2,1.0048362938346544,1.017715616436032
x2691949b.1,0.9923178691509276,1.0006762961262896
x2691949b.2,0.9955491623230078,1.0038808314936964
x3066807c.1,1.0111386301966272,1.0161827919679043
x3066807c.2,1.0091836377198249,1.014238259228932
x2876812a.1,0.9833960804591879,0.996264849993709
x2876812a.2,0.9866869067811527,0.9995140114874009
x2841634b.1,0.984418814884561,0.992844115426271
x2841634b.2,0.9856680917035526,0.9940833225037135
x3235245c.1,1.0102001244102177,1.0166920625767375
x3235245c.2,1.0132129822484675,1.01968610359474
x3104135a.1,0.9967235361561996,1.010863704607155
x3104135a.2,0.995774389027749,1.0099297314303104
x2952014a.1,1.0019245260787029,1.0146912659752712
x2952014a.2,1.0011549878015469,1.01393307635038
x3048205c.1,1.0132397363595786,1.0182735922955723
x3048205c.2,1.015117689684771,1.0201425823815526
x2861223b.1,1.030354539763975,1.0353140239753653
x2861223b.2,1.0300662978240773,1.035027784957282
x2936268c.1,1.0426483830856852,1.0458205527396784
x2936268c.2,1.0428793213568026,1.0460511480908723
x2879055c.1,1.0300740176843077,1.0354561045365003
x2879055c.2,1.0341254647128915,1.0394868936535029
x2690941b.1,0.9852899577445398,0.993708369800917
x2690941b.2,0.9854909766278684,0.9939086202884524
x2897773a.1,1.0104638491230125,1.0234224068738906
x2897773a.2,1.012537377565494,1.025470892376286
x3104850c.1,1.0268886377979702,1.0318372346240425
x3104850c.2,1.0295116067820198,1.034447856630504
x3139086b.1,0.9857630624879697,0.9941766301085379
x3139086b.2,0.9870334364864518,0.9954369183840684
x3727707a.1,1.008508653495446,1.021380067784476
x3727707a.2,1.0088007900975902,1.0216699281573314
x3030126c.1,1.0255752458995802,1.030997423326811
x3030126c.2,1.0292636736440581,1.0346665683235727
x2879079b.1,0.9923837023769878,1.0008613828218893
x2879079b.2,0.9932930149669263,1.001763833458428
x3066821a.1,0.990598968740624,1.0028721120736357
x3066821a.2,0.9935769179670777,1.005814136410473
x3254204a.1,1.007962030313886,1.0207769377909186
x3254204a.2,1.0087813117092048,1.0215872498314074
x2748135a.1,0.996745034162718,1.010888960394846
x2748135a.2,0.9962074943799135,1.0103608046257604
x2841623a.1,0.9918646085753604,1.0041211098747909
x2841623a.2,0.9931266866591598,1.00536894570965
x2954349b.1,0.9880724095541754,0.9964661996646403
x2954349b.2,0.9885903593773158,0.9969806377741888
x2801902b.1,1.015359777045786,1.022744572406635
x2801902b.2,1.0164977767017211,1.023874888418306
x2729434b.1,1.0072146793071728,1.015558128990783
x2729434b.2,1.0040828741806143,1.0124536199853154
x3048962a.1,1.0019996776945956,1.0105281090908844
x3048962a.2,0.9992320075065357,1.0077858058698521
x2857591a.1,1.0008294977514447,1.013610872283818
x2857591a.2,1.003597539256646,1.0163449622078677
x3048890c.1,1.0296508850867125,1.0326585131705321
x3048890c.2,1.0271109423175637,1.0301265659670538
x2936211c.1,1.0269277650024546,1.0321620079785545
x2936211c.2,1.0285969241547068,1.0338231601006738
x2820535b.1,1.023671011773229,1.0309952838950436
x2820535b.2,1.0233073175767677,1.030635108052838
x3097861c.1,1.0376185324310745,1.0441465230399025
x3097861c.2,1.0373385454173452,1.0438690724884425
x3141390b.1,0.9869022107047757,0.9954272466193212
x3141390b.2,0.9869073311198314,0.9954333216791266
x3141412a.1,0.9927351640093409,1.0049807782758553
x3141412a.2,0.9914187967253948,1.0036821916015395
x2991920a.1,0.9961301220600074,1.010282492500318
x2991920a.2,0.995296016588978,1.009461938354232
x3160861c.1,1.0285822036461614,1.0335039572529099
x3160861c.2,1.0283531661657024,1.033276600494841
x2876813a.1,1.0040259536220326,1.0167665614039016
x2876813a.2,1.0026931599742166,1.0154524356287566
x2729410c.1,1.01460236076117,1.0211329771585786
x2729410c.2,1.0131881048445546,1.0197288264958684
x2841637c.1,1.032805492289793,1.0382421044228958
x2841637c.2,1.0287199944026577,1.0341793795416838
x3122817c.1,1.0170129236248369,1.0235783488725054
x3122817c.2,1.0164764942148432,1.023046198391204
x3086079b.1,1.029358624297972,1.0343230232501415
x3086079b.2,1.0314624805476462,1.0364172392415403
x3179699b.1,1.0342351217635621,1.0422786180768762
x3179699b.2,1.0311645718056384,1.0392337689078066
x3085390b.1,0.9895589087856392,0.9979406570423425
x3085390b.2,0.9873519602642775,0.9957536448876994
x2897767c.1,1.0099047715805685,1.0163976600080926
x2897767c.2,1.0099997467974426,1.0164927720225125
x3104124b.1,1.0062100229517539,1.0145575722097313
x3104124b.2,1.0071486690901466,1.015489324297839
x2804251a.1,1.014854265109095,1.0287200528251244
x2804251a.2,1.015695097029438,1.0295510212673342
x3066808c.1,1.0095236443127795,1.016019059584987
x3066808c.2,1.0124727434643537,1.0189497320108105
x2897774b.1,0.9932164767980483,1.0015664619951372
x2897774b.2,0.9943753867938088,1.0027165005509342
x3104115b.1,0.9844429961128738,0.9929895512242088
x3104115b.2,0.9878776776408144,0.9963953165842934
x0247171b.1,1.007985955052136,1.01632766795385
x0247171b.2,1.007975320258977,1.0163180951785067
x3214055c.1,1.0330095965750556,1.0384545778619598
x3214055c.2,1.0318221358079986,1.0372741091798279
x3104830c.1,1.0259257541163758,1.0317944742073366
x3104830c.2,1.0279798504064572,1.0338374219200928
x3254211b.1,1.0090391934856069,1.0173732293954063
x3254211b.2,1.0121943040694044,1.0205027785603902
x2729407b.1,1.0079927892678473,1.0163354144216363
x2729407b.2,1.0123049112986429,1.0206125653465095
x3027133a.1,1.0022914848730369,1.0150538485119258
x3027133a.2,1.0021616980677668,1.0149272292862537
x2691944a.1,0.9910384654425675,1.0038006224686271
x2691944a.2,0.9943381384854402,1.0070587949169785
x2745806c.1,1.0104340880725693,1.0169235858516856
x2745806c.2,1.0085749013751775,1.0150774202314674
x2878848c.1,1.0219408457505526,1.028490052843579
x2878848c.2,1.0225265783764819,1.0290726684151024
x2991909a.1,0.9997886768872164,1.0124531306097189
x2991909a.2,1.0003200041462752,1.012979112566256
x2726973a.1,1.0095070832360817,1.0223565051958516
x2726973a.2,1.0088744244189662,1.0217335181301954
x2691947a.1,0.9866865143235021,0.9999254363645668
x2691947a.2,0.9861218428977038,0.9993698842832937
x2952007c.1,1.0290344018606719,1.0320438207702682
x2952007c.2,1.0266346553118342,1.0296516558752484
x3198347c.1,1.0357752943796754,1.0397675226477134
x3198347c.2,1.032860386441154,1.036864526508012
x2916625b.1,1.0102471495034215,1.0185705971606076
x2916625b.2,1.0106096515905216,1.0189309936435778
x2820533a.1,1.0027844708882434,1.018037884517366
x2820533a.2,1.003209031115633,1.018457693074775
x2785531a.1,1.0037898772975744,1.0165333079956929
x2785531a.2,1.0023638224458724,1.0151269591294085
x3120502a.1,1.0014590678328061,1.014231716788594
x3120502a.2,1.0015177111904388,1.0142910937304233
x3252336b.1,0.9974882651618299,1.0064352475610752
x3252336b.2,0.9955995420769863,1.0045651446499289
x2954353a.1,1.0215025192329432,1.0343950137234372
x2954353a.2,1.0180651186649796,1.0310032560825608
x2673312a.1,0.9939098012800294,1.0066341718127743
x2673312a.2,0.9914166873070388,1.0041750245203924
x2766720a.1,0.9965710591893754,1.0092558608073208
x2766720a.2,0.999919256920964,1.0125624292906776
x2879070b.1,1.019471166521576,1.0276290093930351
x2879070b.2,1.0166433478660775,1.0248250893574795
x3179674b.1,1.0286027002247033,1.0335711709956161
x3179674b.2,1.0315203640733395,1.0364750271700836
x3029506b.1,1.0180484754885442,1.0261822133820813
x3029506b.2,1.0217373886725638,1.0298425210937088
x3216348a.1,0.9868802511431359,1.000116675879169
x3216348a.2,0.9858739831113583,0.9991255255449019
x3048231b.1,1.0061017515371748,1.0144615197732327
x3048231b.2,1.0096071632876613,1.0179374841365023
x3065696a.1,0.9896972489230855,1.0019820610434236
x3065696a.2,0.9934835061912846,1.0057221959170117
x3178974b.1,0.9872108266700441,0.9956126724753896
x3178974b.2,0.9859871156599749,0.9944004934930464
x2916607c.1,1.0106544576832155,1.0172565872910444
x2916607c.2,1.008550553765982,1.015167571131962
x3197652a.1,1.0096082645907936,1.0245537799889373
x3197652a.2,1.0069136779646242,1.021901418157763
x2691939b.1,1.0006435526890294,1.0090354817890679
x2691939b.2,0.9990581962608808,1.0074647174464186
x2858175a.1,0.9835596769156846,0.9964256718244241
x2858175a.2,0.9853512045098998,0.9981951742321933
x3085400c.1,1.0303883414083645,1.0357686372294548
x3085400c.2,1.027503885103785,1.0329002947809798
x3178969b.1,0.9969326484356388,1.005356185052862
x3178969b.2,1.0001615837065545,1.0085585924065912
x2748139b.1,0.9962715292482656,1.0047006922815254
x2748139b.2,0.9996774016903428,1.0080784956769757
x3235242c.1,1.0372811976059924,1.0438196318033672
x3235242c.2,1.0385954937172661,1.0451262297687596
x2729412a.1,0.9971105062850864,1.0112500762065466
x2729412a.2,0.9965039532186365,1.010653894074892
x3082981c.1,1.0099678974083472,1.0150180491137262
x3082981c.2,1.0072326790953503,1.0122973496740877
x2766747a.1,0.9929829838237636,1.005225964547124
x2766747a.2,0.9903431948358281,1.002620750896602
x3179646b.1,0.9931790066952946,1.0025461928681176
x3179646b.2,0.9949073379489429,1.004258796063672
x3235251c.1,1.032105430697396,1.0374768636564906
x3235251c.2,1.0278553728368924,1.0332499706809393
x2766749b.1,1.0010488452072186,1.0093283777900999
x2766749b.2,1.0032289884408903,1.0114911051930822
x3010568a.1,1.0272964202978871,1.0402052472485277
x3010568a.2,1.0237436529535218,1.036699400630793
x2991902b.1,0.9886955976938918,0.9972053978498752
x2991902b.2,0.9859168741997761,0.9944521991188744
x2954348a.1,1.0034544608133535,1.0162733796932193
x2954348a.2,1.0042838045287592,1.0170934837318704
x2860484b.1,0.9915865607447959,0.9999515948631692
x2860484b.2,0.9950316085956329,1.0033683131754976
x2879078a.1,0.9928578457513196,1.006018968189802
x2879078a.2,0.9916549538164644,1.0048336511025153
x3649301a.1,1.0080862567381734,1.0209444761522772
x3649301a.2,1.0106854883886862,1.023511292530192
x2804252a.1,0.9961187870920879,1.010272031425045
x2804252a.2,0.9927731424740691,1.0069763867744221
x2783231b.1,1.0194377044739285,1.0267936032460308
x2783231b.2,1.0236971156163468,1.0310225885274429
x2710504b.1,0.9836412153884637,0.9920759513839371
x2710504b.2,0.9877192278339261,0.9961188442764201
x2935547b.1,1.0122462164752848,1.0196536983726032
x2935547b.2,1.0152902408264255,1.022676107978778
x3048201b.1,0.9878379094538802,0.9963553685230472
x3048201b.2,0.9840987311735863,0.9926502937344961
x2804250c.1,1.0161729349445474,1.0211918988345035
x2804250c.2,1.0153473866078075,1.0203711265285051
x3081380a.1,1.004662117131252,1.012822565302638
x3081380a.2,1.007122412090239,1.0152636800727082
x3172805a.1,0.9936215222055075,1.0067753566756952
x3172805a.2,0.9904530624098239,1.0036511340135577
x2822867b.1,0.9949577587051542,1.003293430778238
x2822867b.2,0.9913036559818902,0.9996713944645976
x2991922a.1,1.0071789517010254,1.021197826355737
x2991922a.2,1.0086132963733463,1.0226137882363853
x3010560b.1,1.0096567286588956,1.0178569801163695
x3010560b.2,1.0084456935719754,1.0166569663876288
x2785536b.1,1.018976264872601,1.0263342748103033
x2785536b.2,1.0189673368824117,1.0263262706162386
x3160872c.1,1.0279621736145712,1.0326993126880675
x3160872c.2,1.0299634499270498,1.0346915882818493
x2973178b.1,1.0014482765705424,1.009724501894135
x2973178b.2,1.0019064072616828,1.010179770079506
x2731712b.1,1.0039064066922836,1.0122810809889533
x2731712b.2,1.00591590594375,1.0142744701033575
x2841628a.1,0.9881618091796769,0.9972085372211064
x2841628a.2,0.9915568711415317,1.0005730877289116
x2748152b.1,1.0072787717943557,1.0156201491197046
x2748152b.2,1.0050619582139346,1.0134229164713107
x2916602a.1,1.0173166152887219,1.0318615363573003
x2916602a.2,1.0170429033759636,1.031593482891602
x2929261a.1,1.012781942057781,1.0257124966074567
x2929261a.2,1.0114327904344709,1.0243821791932382
x2710521a.1,1.0129402108173415,1.0268750176973547
x2710521a.2,1.0096896834446347,1.023671568587327
x3142079b.1,1.0110284875500406,1.0182305776551075
x3142079b.2,1.0130051668285633,1.0201938703717925
x2879072b.1,0.9914621773298947,0.999827003028212
x2879072b.2,0.9918910926464762,1.0002532346454776
x2729427b.1,0.988995804459212,0.9973828704005377
x2729427b.2,0.9925163566405687,1.000874296382343
x2954347b.1,1.0074019218334798,1.015739625655978
x2954347b.2,1.0061289603339667,1.0144784178146573
x2767340a.1,0.9772985680474021,0.9876385285178975
x2767340a.2,0.9799966458558989,0.9903073651439721
x2767340b.1,1.0007335420493633,1.0092473289326351
x2767340b.2,1.003042055598966,1.0115357706260535
x2767340c.1,1.0292551006318316,1.0347576073948963
x2767340c.2,1.0251606806533575,1.0306876568451044
x3104157c.1,1.0309794707213766,1.0364274427028997
x3104157c.2,1.0319193912852709,1.037362918865462
x3122815b.1,1.0056617587511718,1.0140207469927034
x3122815b.2,1.004424253434271,1.012794632518704
x2916605c.1,1.016965187855655,1.0219801384990934
x2916605c.2,1.0159243825624207,1.0209451356620947
x3234149a.1,1.0248077034026881,1.0304628898532016
x3234149a.2,1.024863919971417,1.0305194526513446
x3234149b.1,1.0307587539595606,1.0357163528699653
x3234149b.2,1.0283966155743727,1.0333665435162918
x3234149c.1,1.0362171829286944,1.039779327325646
x3234149c.2,1.0399628770086844,1.0435121717102263
x3160862c.1,1.0298714455731373,1.0348053867453733
x3160862c.2,1.026595946059225,1.031546444264183
x3233413b.1,0.9950659590806225,1.0040362116620316
x3233413b.2,0.9976698450281403,1.0066166106692178
x2822865c.1,1.0179822459931738,1.0229922589847584
x2822865c.2,1.0147954192371238,1.0198219097407049
x2879081a.1,0.9926788542653489,1.0058418874824469
x2879081a.2,0.9918386330942596,1.0050144034020039
x2691946b.1,1.035351391645732,1.0433856042796026
x2691946b.2,1.0343224825315767,1.0423657106245814
x2806553c.1,1.0311099087960183,1.0341133629401773
x2806553c.2,1.0333205438597037,1.0363177512844066
x3254215c.1,1.0269616437136686,1.032360223932011
x3254215c.2,1.0310317032171166,1.0364092905920506
x2951995c.1,1.00562246792472,1.0121385546330435
x2951995c.2,1.00288395240425,1.0094201088559416
x3197628c.1,1.0340313845228626,1.0394198278030242
x3197628c.2,1.032920186023318,1.0383152010136996
x2673343b.1,0.9875290204091739,0.9959288037163513
x2673343b.2,0.9917267709561788,1.0000915521229157
x3160864b.1,1.0148743025862221,1.0219393764966387
x3160864b.2,1.0140496321324093,1.0211213473887946
x2730149c.1,1.026961949124359,1.0325873283550528
x2730149c.2,1.0278845055797332,1.0335054209334749
x3160113b.1,1.0153546886798739,1.0227393906445936
x3160113b.2,1.0124217791319645,1.019829219802241
x3010585a.1,1.0007883094740622,1.0135703839539698
x3010585a.2,1.002272555417373,1.0150367062645704
x2766730b.1,1.0015170668716473,1.009905291927478
x2766730b.2,1.0043953326787445,1.0127602222791212
x3160871c.1,1.032171973091979,1.0366305851403732
x3160871c.2,1.0287213224636613,1.0331958033533393
x3104129a.1,1.0303885367344763,1.0433102555031362
x3104129a.2,1.0273180400085122,1.040280858697017
x3254205c.1,1.030944156287346,1.036390211432646
x3254205c.2,1.0305807935512552,1.0360294555173648
x2785511a.1,1.0202262362530867,1.0345629234594054
x2785511a.2,1.022992546686563,1.0372916638021286
x2822857b.1,0.999707552997746,1.0081072273147211
x2822857b.2,1.0001097976758357,1.0085070348048073
x3067448c.1,1.03501207397491,1.038003975356841
x3067448c.2,1.0329202600623208,1.0359187364280644
x2955081a.1,1.0065022771225833,1.0151493144869728
x2955081a.2,1.0058403577981847,1.0144941459162302
x3235268c.1,1.008056437183171,1.0146755576132498
x3235268c.2,1.0072582114092175,1.0138834837750113
x2842330c.1,1.0376367011163001,1.0441589742251212
x2842330c.2,1.0352811925222727,1.041819417421075
x2821770a.1,1.0068258019938057,1.0196807105874575
x2821770a.2,1.0045582230168706,1.0174444181344564
x2691959b.1,1.0083312001015416,1.0166700510435893
x2691959b.2,1.0074434879817715,1.015790726113623
x3011229a.1,0.9630082390405121,0.9744741500577145
x3011229a.2,0.9617540695300211,0.9732363802109751
x2936216c.1,1.0378300930567645,1.0408137662635566
x2936216c.2,1.0420054092691493,1.0449773357103733
x2879073c.1,1.0294819801151822,1.0348671663733864
x2879073c.2,1.0325448449770611,1.0379144544092738
x2935553b.1,0.9902429540583662,0.9986189306414511
x2935553b.2,0.9899947656818238,0.998373871329253
x2748130b.1,1.0147741706811015,1.0230606430783238
x2748130b.2,1.0113476820374163,1.0196638079957314
x3085410b.1,1.0212393359824032,1.0285814310746408
x3085410b.2,1.0171817319319012,1.024554329088659
x2916618b.1,1.0140378790651607,1.0214320637169183
x2916618b.2,1.0135273821469757,1.0209262937686368
x3010564c.1,1.0097234466136475,1.0163315127638493
x3010564c.2,1.0090102447574045,1.015623818366435
x3217064b.1,1.0144364809494455,1.022133544639778
x3217064b.2,1.0107628889592366,1.0184894547745023
x3048968c.1,1.0161978150109852,1.0212167752455856
x3048968c.2,1.0144085457312833,1.019437302771842
x2673319c.1,1.0038056475706973,1.0104000068927381
x2673319c.2,1.0025667279220052,1.0091701216532132
x2897777c.1,1.0213122782722706,1.0278447877868413
x2897777c.2,1.0210821326929411,1.027616916659696
x3784018a.1,1.0093800418835797,1.0223395192948452
x3784018a.2,1.0067522502532884,1.0197470704058027
x3141400a.1,0.9900469726667463,0.9990603838929194
x3141400a.2,0.9935006479750297,1.0024836271335444
x3235252b.1,0.9921327518414848,1.0004931513121345
x3235252b.2,0.9961629344789038,1.0044897258668293
x2764411c.1,1.0277105086234593,1.0307237586173432
x2764411c.2,1.0252180294702593,1.0282390826783039
x3030200c.1,1.0288332710695476,1.0336182099577467
x3030200c.2,1.0287644359006014,1.0335502589722034
x2746587c.1,1.014522965965207,1.0211025079286131
x2746587c.2,1.0157853924013038,1.0223573312208643
x3010562b.1,0.9914209034585719,0.9997869170183002
x3010562b.2,0.9901316339719608,0.9985096458352525
x2896685a.1,0.9735530463890071,0.984402194089158
x2896685a.2,0.9705179712195485,0.9814025834450048
x2896685b.1,0.9971379246335518,1.0060868746222142
x2896685b.2,0.9962163205973364,1.0051746840940718
x2896685c.1,1.0259503117472726,1.03177675943237
x2896685c.2,1.0260970389709851,1.0319233223277278
x2748143a.1,1.0092347800971455,1.02418553542319
x2748143a.2,1.0072892884757778,1.0222710113957618
x3216351a.1,0.9923854599257305,1.005552517005271
x3216351a.2,0.9921737517511918,1.0053451970700324
x3156034a.1,0.9926953412187918,1.0049413781588359
x3156034a.2,0.991609483466758,1.0038703689128627
x3104128a.1,0.9910268937513518,1.0000311039051037
x3104128a.2,0.9922347415860076,1.0012289381786617
x2673309c.1,1.029832074140455,1.035215906298308
x2673309c.2,1.0336503211987578,1.0390144009880704
x3104155c.1,1.0074383779298686,1.0125012687138069
x3104155c.2,1.0052241656033387,1.0102990993267384
x2729430b.1,1.002974699663393,1.0113471026083805
x2729430b.2,1.0024952194166963,1.0108726951368807
x3197630a.1,1.0135524497702268,1.0274545823619676
x3197630a.2,1.013657508453853,1.0275598046087515
x2860481c.1,1.0259537228361186,1.032472262215609
x2860481c.2,1.0229933115295209,1.029531633518047
x2973152b.1,0.9926842846533729,1.0010397112377862
x2973152b.2,0.9906843331452772,0.9990579852472882
x3160117b.1,0.9903721408270868,0.9987471767769188
x3160117b.2,0.9905570738700452,0.9989314936321837
x3197624b.1,0.9882863162288147,0.9966787477634023
x3197624b.2,0.9857160977350942,0.9941314189198661
x2708744b.1,0.9993015652803384,1.0082337905994643
x2708744b.2,0.995556061247513,1.0045256425767164
x3067506c.1,1.0365470923432973,1.0405363960424232
x3067506c.2,1.0325010183724712,1.0365065892885428
x2841625c.1,1.029798667013411,1.0351818025631565
x2841625c.2,1.0294807841422446,1.0348662248452325
x2785512b.1,0.9882112626295141,0.9966044516285525
x2785512b.2,0.9870504235460547,0.9954546899501269
x2673305b.1,1.0352457855390573,1.0432809137220094
x2673305b.2,1.0326431050005553,1.0406995431030934
x2860480b.1,0.9880485148940105,0.9964432357218281
x2860480b.2,0.9856337054786963,0.9940504449707044
x2914324a.1,1.0012088386239075,1.0139846016941483
x2914324a.2,1.0024082383711468,1.0151702541864849
x2766741a.1,1.0071518905716477,1.0199946928980383
x2766741a.2,1.003448916173463,1.0163413061917486
x3178988b.1,1.0200541968800925,1.027404446485716
x3178988b.2,1.017947480180289,1.0253139044519781
x2729423c.1,1.0406574214162652,1.0471793225224189
x2729423c.2,1.0384554394832426,1.0449921119109107
x2991929b.1,1.0156757793120819,1.0230579049564672
x2991929b.2,1.0146032226965385,1.0219941902670135
x2767342a.1,0.962615440967733,0.9740861183396994
x2767342a.2,0.9618569449749894,0.9733381692428688
x2936212a.1,0.9703096529173424,0.9813217924472437
x2936212a.2,0.9691601536343372,0.980186875067829
x2861219b.1,1.016289553157848,1.023345271888896
x2861219b.2,1.0126446854134012,1.0197272094077787
x3120376a.1,1.0060754191690973,1.0188616451605412
x3120376a.2,1.0027063536713212,1.0155376649187942
x2991919a.1,0.9962452895987953,1.0103960644603982
x2991919a.2,0.9957776412133771,1.0099367321044688
x3066804a.1,1.0026478049199636,1.0179034306705517
x3066804a.2,1.0028500266084994,1.0181042943095535
x2935550c.1,1.0121093668255396,1.0171486964459278
x2935550c.2,1.011541873283884,1.0165846958655749
x2691942b.1,1.0102287588941479,1.0185520477608379
x2691942b.2,1.0087215661598021,1.0170584024743463
x2842383a.1,1.010645729878818,1.0179960701224786
x2842383a.2,1.014064331077335,1.0213904871082018
x3160863c.1,1.0453204290719356,1.0482815520940647
x3160863c.2,1.0417530915322497,1.0447253443523705
x2935549b.1,0.9999392046670329,1.0082296496076677
x2935549b.2,1.0016755460454523,1.0099520940853528
x3027122a.1,0.9620578880839992,0.9735364066286406
x3027122a.2,0.9650737342864345,0.976517087108556
x2673331b.1,1.0208216689654876,1.0281672224694896
x2673331b.2,1.0175746883516887,1.0249456948794258
x3254231a.1,1.0011453440543907,1.016424118499879
x3254231a.2,1.0049945731242622,1.0202167024793114
x2785543b.1,1.0030630404341925,1.0114453874835876
x2785543b.2,1.0066220154091776,1.0149750597482334
x2970258c.1,1.0054894178548996,1.0120054302206984
x2970258c.2,1.0059593458943665,1.0124729674701243
x2748124b.1,0.9855181485737153,0.9939345909818107
x2748124b.2,0.9854806881042408,0.9938984448675172
x2879773a.1,1.0057159078989015,1.014408166086234
x2879773a.2,1.0063595213578571,1.0150471352605333
x2841626c.1,1.029056712819919,1.0344438053123512
x2841626c.2,1.0304365890492946,1.035817027572829
x2991905a.1,1.0058088210052474,1.018667494598454
x2991905a.2,1.0050203027653066,1.0178908365085921
x2822861a.1,1.0076435697495703,1.0204755193430304
x2822861a.2,1.0047398858066088,1.0176109543085539
x3216337a.1,1.0017388564377345,1.0145803731383614
x3216337a.2,1.0055970239104244,1.0183905052264577
x2674047c.1,1.026349762952067,1.0311433458335422
x2674047c.2,1.0292435630418308,1.034024023761134
x2691967b.1,1.0197263826378673,1.0272414811937978
x2691967b.2,1.0202185484565491,1.0277308558602296
x3626914c.1,1.0316762052868036,1.0370497990847634
x3626914c.2,1.0339100210088052,1.0392724654228624
x3177894a.1,0.9830956625875297,0.9959677467511844
x3177894a.2,0.9844011648198899,0.99725742439269
x2690187b.1,0.9963969720550703,1.0053551829093725
x2690187b.2,0.9981696830277146,1.007111847395526
x3122827a.1,0.9929573536238895,1.006113378228923
x3122827a.2,0.9928242469849536,1.0059835977020923
x3315860b.1,0.999213158316503,1.0076169189110857
x3315860b.2,0.9986562204063968,1.0070657018720577
x2973165a.1,1.0069430575390934,1.0197179947218444
x2973165a.2,1.0051459642433627,1.0179455614680595
x2691965b.1,1.0211810398804846,1.0285230689321798
x2691965b.2,1.0243020509371632,1.0316225131003423
x3216346a.1,0.9906070423695894,1.0028794051307652
x3216346a.2,0.9933342411846879,1.0055741351740597
x3235267c.1,1.0086926882755787,1.015307697424766
x3235267c.2,1.0067196240045246,1.0133486957007543
x3066801c.1,1.031404779259236,1.0367796233848023
x3066801c.2,1.032990988544598,1.0383581284337113
x2898515c.1,1.0350306791582577,1.0390257566871666
x2898515c.2,1.0336986904925012,1.0376995189197495
x2804258b.1,0.9878279580053481,0.9962252322869359
x2804258b.2,0.9921335500464974,1.0004945336541078
x2954354a.1,1.001561962808608,1.015654992668653
x2954354a.2,1.0040721607903957,1.0181311386856482
x2802481a.1,0.9709105605522044,0.9817541704534347
x2802481a.2,0.973287221704078,0.9841037788273832
x2710505b.1,0.984429162186096,0.992855691260966
x2710505b.2,0.9887375552973855,0.9971279042151157
x3104114b.1,1.0020903597236972,1.0104706784512505
x3104114b.2,0.9983208775810478,1.0067345268828387
x2798067b.1,1.0029524852872613,1.0112240813656146
x2798067b.2,1.0051162471299098,1.0133708845685458
x3122825a.1,0.9956522637256651,1.009811814654439
x3122825a.2,0.9957627876471565,1.0099223905358572
x2710546b.1,0.9884176781461359,0.9968091731273022
x2710546b.2,0.9840940415863414,0.9925242445814766
x2879071b.1,0.988092632454871,0.9964861654991912
x2879071b.2,0.9869063382721001,0.99531117210676
x2785514a.1,1.0029311341895735,1.0158287976990805
x2785514a.2,1.00651674123958,1.0193692964088117
x2898457a.1,0.9797234625504456,0.9900344514834982
x2898457a.2,0.9778540789785699,0.9881860467693838
x3727708a.1,1.007384704418281,1.0202706095679681
x3727708a.2,1.0096235220795298,1.0224822092699832
x3216988b.1,1.0025634001224717,1.010917452600825
x3216988b.2,1.003732063125477,1.0120771574806902
x3197632b.1,0.9928173971570491,1.0011715472586837
x3197632b.2,0.9937908693595032,1.0021377148749473
x3178997c.1,1.0322286653811228,1.0376739210915393
x3178997c.2,1.0310877647656596,1.0365397681779924
x2785535b.1,1.015378604625318,1.0227638503182894
x2785535b.2,1.0111994698522435,1.0186172140096459
x3216343c.1,1.0106653241091397,1.0157123311740432
x3216343c.2,1.0065481418593971,1.0116169405957183
x2748127a.1,1.0105686828821618,1.023526001162587
x2748127a.2,1.0123422565361238,1.0252782716175322
x2673323c.1,1.0168412527052082,1.0234057194892026
x2673323c.2,1.012717257017647,1.0193098916286323
x3104859b.1,1.0090196463270167,1.0163443145207278
x3104859b.2,1.0117561031166449,1.0190615711048985
x2859403a.1,0.9734486249090187,0.9842237805172124
x2859403a.2,0.9726500171656051,0.9834354385891465
x2954345c.1,1.023333671308061,1.0298704833908932
x2954345c.2,1.0237729040789911,1.030307637178498
x3160098a.1,1.0155224357345365,1.0301228156576474
x3160098a.2,1.0172978417487255,1.0318743589256678
x3254228b.1,1.013327479425018,1.0207268297001988
x3254228b.2,1.013905796152561,1.0213017003776939
x3101788a.1,0.9863069824155596,0.9991374396676036
x3101788a.2,0.9842352334291924,0.9970946079299529
x2785513a.1,1.0061673971602183,1.0190227326315862
x2785513a.2,1.0030478762582522,1.015945275131397
x3231269b.1,0.9952807176655062,1.003718574299362
x3231269b.2,0.9995444414427311,1.0079468664105198
x2991921c.1,1.0307498908484607,1.0361970114485692
x2991921c.2,1.031011123233505,1.0364574693476307
x3122826a.1,1.006075892655507,1.020109982407581
x3122826a.2,1.0082088068286874,1.0222144586874093
x2842390c.1,1.016827454806109,1.0218432323181328
x2842390c.2,1.0138155989354982,1.0188470939873893
x2991913a.1,1.0208502528858696,1.0345765296913174
x2991913a.2,1.0193100265021189,1.0330587191184897
x3104144a.1,1.009704141588026,1.0246478980141158
x3104144a.2,1.0069521205108993,1.0219383850665609
x2804270b.1,1.014519343416989,1.021910462356064
x2804270b.2,1.0184804873514486,1.0258433724314855
x2917333a.1,1.012930459218692,1.0201057009604755
x2917333a.2,1.0143417322233423,1.0215076342061298
x2673315a.1,0.9917933942836311,1.000790476985602
x2673315a.2,0.9912945730004854,1.000297249887564
x2688693c.1,1.0183772425919284,1.0234667752851287
x2688693c.2,1.0146388865046065,1.0197480551421978
x2841645c.1,1.0061146046482738,1.0127471526516156
x2841645c.2,1.009062855699749,1.0156763222409035
x3048200b.1,0.9856182074329739,0.9941541887937053
x3048200b.2,0.9866347045093954,0.9951628276178532
x3048208a.1,1.0291929703567806,1.042737774294987
x3048208a.2,1.0275307583900863,1.0410991319997458
x3067507c.1,1.029898552341422,1.0346104839580987
x3067507c.2,1.0269755549376063,1.0317019806190886
x2804249c.1,1.0178318643951751,1.0229216152302634
x2804249c.2,1.019225349700449,1.0243086313332126
x2936213b.1,1.0369140747383878,1.0436606904421908
x2936213b.2,1.035165181959277,1.0419243807770069
x3215340a.1,0.9866647414600044,0.9994910518059856
x3215340a.2,0.9882865741589016,1.0010930182854467
x3118855c.1,1.0392151921134796,1.0457422868222943
x3118855c.2,1.0367761715642958,1.0433199496763088
x3085397b.1,0.9922197291969153,1.0005796709188715
x3085397b.2,0.9881222193616737,0.9965186039537842
x3104796c.1,1.0266933975863108,1.0319647736718758
x3104796c.2,1.0286818579010553,1.0339434085040684
x3108449a.1,0.961140163414326,0.9726294292325429
x3108449a.2,0.9651043220902616,0.9765473694001915
x2673307c.1,1.009217616129256,1.014271726871847
x2673307c.2,1.0050319331861182,1.010108017325692
x2973159a.1,0.9888309601321141,1.0020424495627136
x2973159a.2,0.9922701733587319,1.0054371719971884
x3101787a.1,0.9851201387089057,0.9979658723730024
x3101787a.2,0.9854070084978941,0.9982504475152031
x2785521c.1,1.020199603157135,1.0267595372548148
x2785521c.2,1.0224942109071036,1.0290396474442614
x3235273b.1,1.015476522553522,1.0228606890476628
x3235273b.2,1.0182730706851848,1.0256373737877598
x2692600c.1,1.0356084771560572,1.0421437663086552
x2692600c.2,1.037641559451167,1.0441645129832717
x3179637c.1,1.0277572000842883,1.0307705911617653
x3179637c.2,1.0295903130322914,1.0325984780912518
x2729406c.1,1.0078482945526275,1.0129090434238184
x2729406c.2,1.0058752560060267,1.0109466783522014
x3029499a.1,1.0041920639982367,1.0182475259850188
x3029499a.2,1.001351864318283,1.0154487968358628
x3179650b.1,0.999487949290974,1.0083801845369562
x3179650b.2,0.9978695146800581,1.0067773683004189
x2748780a.1,0.9629367358704095,0.9744036663182695
x2748780a.2,0.9613405012675529,0.9728281502536026
x3141398a.1,0.9908454965308447,1.0040296832761622
x3141398a.2,0.9878678318114359,1.0010934965989235
x3085403a.1,0.9939054195162622,1.0070524926779532
x3085403a.2,0.9906353698134394,1.0038280185018047
x3236011b.1,1.0103129909741284,1.0176279506953538
x3236011b.2,1.0107489105090837,1.0180615304585694
x2710542b.1,1.0015069105908538,1.0098923527702848
x2710542b.2,1.004437003971309,1.0127984327205501
x2801896b.1,0.9989263940754317,1.00733259385239
x2801896b.2,0.9972598388504402,1.0056812294713708
x3029501b.1,0.9935011224483196,1.0018487128431974
x3029501b.2,0.994941742744862,1.0032780786071764
x3159645a.1,1.0126905765180798,1.025622406172344
x3159645a.2,1.0114412776569488,1.0243908122538377
x3125349c.1,1.0073054476200705,1.0138093896906397
x3125349c.2,1.0065067888700066,1.0130167835464492
x2973149b.1,0.9861384619760962,0.9945496491367289
x2973149b.2,0.9890408757952567,0.9974280660541709
x3030205c.1,1.0340893440108094,1.0380881822482397
x3030205c.2,1.0353688202783282,1.0393630588085003
x2841615a.1,1.0041619896275331,1.0169715891206699
x2841615a.2,1.0033599062081213,1.0161812873260028
x2767407b.1,1.0141756775897535,1.0213553850934662
x2767407b.2,1.0108370201346273,1.0180414529049016
x3139103a.1,0.9864873961103819,0.9993157284094433
x3139103a.2,0.9837057872690778,0.9965724494370454
x3011293a.1,1.0251875162247879,1.0308404012784478
x3011293a.2,1.0259539251479988,1.0316030727295165
x3011293b.1,1.032353667643173,1.0373044095167114
x3011293b.2,1.0281833106257001,1.0331557450593798
x3011293c.1,1.0372912662368585,1.0408501819445857
x3011293c.2,1.040536199409857,1.044083851251506
x3181545c.1,1.008930064184185,1.0154236223003223
x3181545c.2,1.0056238016953878,1.0121397718075578
x2935555a.1,1.01045473932634,1.023413626719084
x2935555a.2,1.0125858712675446,1.0255188599239358
x3048207b.1,0.9901474689380128,0.9985241566383929
x3048207b.2,0.9904533561996245,0.99882840374065
x3160104b.1,0.9869522988734429,0.9953556561271684
x3160104b.2,0.984475865380542,0.9929018280532497
x2851933a.1,0.9924678558733837,1.005632221930011
x2851933a.2,0.9937905379932128,1.0069386684916846
x2851933b.1,1.0156369871341093,1.0237973167614076
x2851933b.2,1.012816287834992,1.0210007909082661
x2851933c.1,1.0042751646408412,1.0108673531847168
x2851933c.2,1.0057703638952176,1.0123531534771089
x2897784b.1,1.0093491673887813,1.0176801814064358
x2897784b.2,1.0064604320575137,1.0148171764707994
x3207907a.1,0.9923537789328535,1.005520533183411
x3207907a.2,0.9938273436833254,1.0069753771934535
x3207907b.1,1.0155545480834014,1.0237164026517926
x3207907b.2,1.0127085555429243,1.0208960744378537
x3207907c.1,1.0064790739485858,1.0130569319729064
x3207907c.2,1.0034316026053667,1.0100312932189972
x2726974b.1,1.0158201446884185,1.0232018001762742
x2726974b.2,1.0117190484849896,1.0191321716746857
x3029502a.1,0.9847517777018759,0.9938683192054479
x3029502a.2,0.9859433744209654,0.9950494949047823
x3178972c.1,1.0213724020234185,1.027924738316232
x3178972c.2,1.0241404651049462,1.0306749632940906
x3029055b.1,1.005593229750087,1.0138437149873478
x3029055b.2,1.002283500109356,1.0105631720986608
x3029507b.1,0.9954032067683775,1.003855031668544
x3029507b.2,0.994057561643059,1.0025220711942635
x3254230a.1,1.0022609915566187,1.017521963026979
x3254230a.2,1.00379535032643,1.0190349082416936
x3030203c.1,1.030266768123907,1.034733474019006
x3030203c.2,1.0306260920221617,1.0350917254819114
x3048203b.1,0.9903015970210496,0.9986772430528171
x3048203b.2,0.990849266218079,0.9992211619329464
x3048963b.1,1.0130912404292793,1.0201690731758315
x3048963b.2,1.0156846726249769,1.0227450340811028
x2674027b.1,0.995422343433397,1.0048099737134226
x2674027b.2,0.9915920252178819,1.0010178012687043
x2973163b.1,0.99062289364079,0.9991156472849527
x2973163b.2,0.9903752334554505,0.9988711128177772
x2955074a.1,1.0045432391655125,1.0130072777005246
x2955074a.2,1.006705429073699,1.015151726384693
x3216342b.1,1.005360254357089,1.013600919238131
x3216342b.2,1.003925800861987,1.0121794629259215
x3235243c.1,1.0042911867135553,1.0108155432687072
x3235243c.2,1.0077683421453976,1.01427038731235
x3214069c.1,1.0266127857939007,1.031854927933709
x3214069c.2,1.0289237472221056,1.034154435879199
x2841632b.1,1.0116918286176562,1.0193990788893696
x2841632b.2,1.0153043084137825,1.0229844317932004
x2822859b.1,0.9882586394921496,0.9967721627789417
x2822859b.2,0.9856280250331438,0.9941657828889856
x3142050c.1,1.027721999617618,1.0307354233184722
x3142050c.2,1.03114966913465,1.0341532581952897
x2973155a.1,1.0084814484266784,1.0214532584362523
x2973155a.2,1.0081383234268873,1.021116077952673
x2973791a.1,0.9735677211344016,0.9843760227688008
x2973791a.2,0.9714547925913891,0.9822889116656411
x2841629c.1,1.032973088596389,1.0383400116495425
x2841629c.2,1.033641565154437,1.0390055213705953
x2822868a.1,0.9936972805791677,1.0068466368825637
x2822868a.2,0.9909293427752184,1.0041171452099293
x3122823b.1,0.9965834490602049,1.0050256489929712
x3122823b.2,0.9932535340747397,1.001725660699063
x2952003b.1,0.9988532977527494,1.0077876815433138
x2952003b.2,0.9956306002810807,1.0045955788486076
x3104856a.1,1.0150027440863432,1.0219799577451079
x3104856a.2,1.0150947865139024,1.0220721743764645
x2786204c.1,1.0413946612002694,1.0443679322657327
x2786204c.2,1.0400421027525548,1.0430197452186598
x2841622a.1,1.0082007155545754,1.0211725312659592
x2841622a.2,1.006127218095704,1.0191274061956719
x2973150a.1,1.0035956324637667,1.0188365713695828
x2973150a.2,1.0020302139676138,1.0172967965664104
x3066826b.1,1.018361485614539,1.0257243741340354
x3066826b.2,1.0194377520635256,1.0267934672732801
x3197638a.1,0.9994333676800714,1.0121419962968285
x3197638a.2,1.002314607106188,1.0149876492151966
x2785530a.1,0.9929887640874859,1.0061471171129623
x2785530a.2,0.9917831564801807,1.004959036904973
x3082988b.1,1.011651374381047,1.0193693651604352
x3082988b.2,1.0139384096059585,1.0216396863833075
x2860491a.1,1.0079013448160636,1.021908736577226
x2860491a.2,1.005108570979669,1.0191564825640829
x2860491b.1,1.0119835885001989,1.02029649982535
x2860491b.2,1.0094473878258199,1.017782888764511
sx2673305b.1,1.0356967138286435,1.0437282236006276
sx2673305b.2,1.0290334620605084,1.0371180722649418
sx3048196b.1,1.0328830192982126,1.0409363140370842
sx3048196b.2,1.0300545493588797,1.038131034954335
sx2991911c.1,1.0371507588696336,1.0424920422431676
sx2991911c.2,1.0272926324789646,1.032686293753885
sx2973158c.1,1.039714370715333,1.045036025370101
sx2973158c.2,1.0283971327913977,1.0337785421208767
sx3048208a.1,1.0289909932482328,1.042538166483402
sx3048208a.2,1.0233899501808863,1.0370128196037292
sx3029502a.1,0.9728246699392165,0.9820538934297814
sx3029502a.2,0.9826679035909233,0.9918031665601301
sx3104125b.1,0.994552895487349,1.0021219213696446
sx3104125b.2,0.9766876806979128,0.9843981673361095
sx3160107a.1,0.9825382466043768,0.9916477890728729
sx3160107a.2,0.9868808340063786,0.9959508986640457
sx2785516b.1,1.0352221269150443,1.0432572763065449
sx2785516b.2,1.0261862417827567,1.034293532987307
sx3141400a.1,0.9859525630385374,0.9950032388793565
sx3141400a.2,0.9945854056862184,1.0035584382928793
sx2897775c.1,1.0264778504236867,1.031878594786173
sx2897775c.2,1.0281228624633514,1.0335154537747533
sx3010565c.1,1.0301422718655888,1.0355236012063271
sx3010565c.2,1.0295130393936665,1.0348983043588085
sx2916609c.1,1.0352130118921778,1.040567978396202
sx2916609c.2,1.0239624668521776,1.0293774718192714
sx2879073c.1,1.0235583740418412,1.0289747885446692
sx2879073c.2,1.0334909741664575,1.0388554587825123
sx3104126c.1,1.0258007883941787,1.0312051927068475
sx3104126c.2,1.033950650494693,1.039312818145808
sx3029503c.1,1.02923912402236,1.0346252333450694
sx3029503c.2,1.0295635292152452,1.0349485528197655
sx2691950c.1,1.0355538296868165,1.0409067935457856
sx2691950c.2,1.0202640070416424,1.025699177435916
sx2691951c.1,1.028150393346711,1.0335423799006294
sx2691951c.2,1.0300710378883629,1.0354534350092346
sx2879076c.1,1.029474482266013,1.034859397112711
sx2879076c.2,1.032650229168379,1.0380191074020106
sx2841630c.1,1.0223899905041434,1.027813065645145
sx2841630c.2,1.035841226372725,1.041193342157976
sx2841629c.1,1.0250147592622683,1.0304235875018033
sx2841629c.2,1.0291637934924132,1.0345508998229418
sx2785523c.1,1.0317365029764138,1.0371095101791554
sx2785523c.2,1.0293847606919075,1.03477078765581
sx3216347c.1,1.0269033676728465,1.0323020074855476
sx3216347c.2,1.0345157930229238,1.0398749534749017
sx3141388c.1,1.0312699803548455,1.0366454281168052
sx3141388c.2,1.0311604889532562,1.0365371364742642
sx3066801c.1,1.0285875674492169,1.0339771204855563
sx3066801c.2,1.0325014720703791,1.0378710950851655
sx2879055c.1,1.0253713031928378,1.0307780673129001
sx2879055c.2,1.0355099823077667,1.040864105355682
sx2973144c.1,1.0215534312630423,1.0269808576792299
sx2973144c.2,1.034116269794477,1.0394772989176349
sx2785518c.1,1.0270515253097596,1.0324492163532664
sx2785518c.2,1.0316234351475266,1.0369976033305253
sx2766717c.1,1.028578221977968,1.0339677896504038
sx2766717c.2,1.0317358353397572,1.0371094329044044
sx2673309c.1,1.0184980639110544,1.02394223104483
sx2673309c.2,1.0366463156498293,1.041994210585362
sx3104113a.1,1.0143873947097295,1.0282004612662836
sx3104113a.2,1.0158358524021749,1.0296307181469124
sx3104121a.1,1.010734528725989,1.0245980213877894
sx3104121a.2,1.0194661868027082,1.033211871785206
sx2673310a.1,1.0100809274150735,1.0239535319427502
sx2673310a.2,1.0201664654896998,1.033902747941286
sx2916627a.1,1.010942842112191,1.0248034792929526
sx2916627a.2,1.0194057441414557,1.0331522665208377
sx2804283a.1,1.0087612468169067,1.0226523674019887
sx2804283a.2,1.0217423828220609,1.035457608746918
sx3104122a.1,1.0069753134713058,1.020891598049288
sx3104122a.2,1.0237084936443823,1.0373975823083579
sx2785519a.1,1.0072512904221191,1.0211637109457836
sx2785519a.2,1.0235428125491133,1.0372341049543223
sx2748129a.1,1.025626212728413,1.039287025209213
sx2748129a.2,1.0015123601695544,1.015508313744201
sx2973151a.1,1.0142564574227615,1.0280715330383667
sx2973151a.2,1.0201211510736528,1.0338584321474513
sx2748146a.1,1.0222624535927296,1.0359696945222463
sx2748146a.2,1.0124080311077879,1.0262502469541073
sx2991913a.1,1.0204908264647843,1.0342216351771774
sx2991913a.2,1.0152919106884108,1.0290945979885506
sx3235253a.1,1.0122086201265426,1.0260521697619436
sx3235253a.2,1.0206118875128398,1.034342414718954
sx2991907a.1,1.013690225422069,1.0275133786421724
sx2991907a.2,1.019567145538798,1.0333117755530452
sx2879064a.1,1.0150052847088407,1.0288104665099325
sx2879064a.2,1.018979018361974,1.032731664716625
sx3197637c.1,1.0350080962519896,1.0403718267520783
sx3197637c.2,1.0287568730360737,1.0341540237499742
sx2860487c.1,1.0243180680139223,1.0297350075794705
sx2860487c.2,1.037829130863036,1.0431754950020307
sx2841638c.1,1.0365253696927592,1.0419232883221154
sx2841638c.2,1.0265367381947066,1.0319883195594353
sx3235256a.1,1.0078190265121123,1.0218122293987772
sx3235256a.2,1.0128079096202283,1.0267338379172792
sx3197630a.1,1.0097895254076652,1.0237429605923638
sx3197630a.2,1.0100709969327237,1.0240221448463678
sx3104120b.1,1.01545816974711,1.0237168607415963
sx3104120b.2,1.0200244595106356,1.0282469031197898
sx2804251a.1,1.0127926979337636,1.0266864193347884
sx2804251a.2,1.014826001670015,1.0286935898886256
sx3254210c.1,1.0239388881028961,1.0293861979691101
sx3254210c.2,1.0381895846078608,1.043562030464064
sx3048206a.1,1.007488193649837,1.0214263345012047
sx3048206a.2,1.0211219147844552,1.0348744986089036
sx2710510c.1,1.0368509108676045,1.0422246574190275
sx2710510c.2,1.0267919879002774,1.0322193350261921
sx3197628c.1,1.0321275368617298,1.037525715120486
sx3197628c.2,1.0265510296288693,1.0319796501506586
sx2766718c.1,1.0338502585293736,1.0392329481539277
sx2766718c.2,1.0205281875536245,1.0259835789778025
sx3010556a.1,1.0168851510434276,1.0306724752504626
sx3010556a.2,1.0186394203684401,1.0324046082037683
sx2710520a.1,1.0082172711832331,1.0222161354703274
sx2710520a.2,1.0101897405457867,1.0241629073563743
sx2710521a.1,1.015543656904327,1.0294416532733968
sx2710521a.2,0.9996760689051868,1.0137975959340926
sx3085396a.1,1.008714007864364,1.0227058813491698
sx3085396a.2,1.0065781440571024,1.0206015026933941
sx3122813a.1,1.0099330651672,1.0239081253375135
sx3122813a.2,1.0082559424645336,1.022255858135736
sx3254219c.1,1.0370272518445545,1.0424303221714712
sx3254219c.2,1.0214571532425014,1.0269446034921121
sx3254220c.1,1.0350949808937355,1.0405081819077422
sx3254220c.2,1.0234121992807201,1.0288888612064966
sx3104134c.1,1.0223703871436085,1.0278515932888128
sx3104134c.2,1.03642551376936,1.0418317980068876
sx2860490a.1,1.0150903842121097,1.029001630185519
sx2860490a.2,0.9971606315951184,1.0113251440611728
sx3254218a.1,1.0101413171851756,1.0241208684328422
sx3254218a.2,1.0036898766573483,1.0177614242829045
sx3066818b.1,1.0007249282174486,1.0091290312669536
sx3066818b.2,1.020711877650635,1.028950170860738
sx2785528b.1,1.0076866276105132,1.0160310281813065
sx2785528b.2,1.0137534754371484,1.0220485855511356
sx2748130b.1,1.0173594232694687,1.0256239287578646
sx2748130b.2,1.0006444394116878,1.009049854334808
sx3254212b.1,1.0153928117538342,1.0236727373046828
sx3254212b.2,0.9984951908657912,1.0069193541775707
sx2785520b.1,1.0116417354126694,1.019953257470555
sx2785520b.2,1.0077892874934968,1.0161336461072406
sx2729411a.1,1.0099219232134982,1.0239021427225885
sx2729411a.2,1.0013031483329313,1.0154049031122743
sx2897781a.1,1.0075419267827943,1.021554678089626
sx2897781a.2,1.0037278104867253,1.017795243837752
sx3197644a.1,1.0098623677196603,1.0238432158126898
sx3197644a.2,0.9998966555268635,1.014018414096473
sx3010566c.1,1.030563518338464,1.0359425791806898
sx3010566c.2,1.0236885853454998,1.0291047508819344
sx3236011b.1,1.0074575213842591,1.0147931454252668
sx3236011b.2,1.0087565607980382,1.0160835212916959
sx3198358b.1,1.0139868111000485,1.021274224709199
sx3198358b.2,0.994559272593688,1.0019932765542037
sx3104859b.1,1.0035266777655596,1.0108914324320537
sx3104859b.2,1.0123889219255235,1.0196895760475657
sx2936275b.1,1.0283135541000068,1.033282869494359
sx2936275b.2,1.0288922777733753,1.0338593590605842
sx3179674b.1,1.0191705709915548,1.024185324678999
sx3179674b.2,1.032984817651017,1.037932007685512
sx2748840b.1,1.031040472246536,1.035996587032759
sx2748840b.2,1.0239462957058831,1.028937653312402
sx3142099b.1,1.016960246394346,1.0219862109248514
sx3142099b.2,1.0348044982811104,1.0397429686008022
sx3011298c.1,1.0237273946420373,1.0287543775824168
sx3011298c.2,1.0200820746517432,1.025127727645486
sx2711234b.1,1.0145304250227947,1.0218145557757843
sx2711234b.2,0.9984899968324371,1.0058937276197382
sx3198355b.1,1.0078378335098335,1.0151706686435695
sx3198355b.2,1.0101667196906272,1.017483432258944
sx2879773a.1,1.0008969004245565,1.0096309353111965
sx2879773a.2,1.0037719720256564,1.0124817290679893
sx2786274c.1,1.0207503100404027,1.0257459463105003
sx2786274c.2,1.0198844994494287,1.0248850344354006
sx3179682c.1,1.0179868099217129,1.0229962609448653
sx3179682c.2,1.0259931211764295,1.0309636647143658
sx2936270a.1,1.02996604655201,1.034574090236938
sx2936270a.2,1.0318138416516653,1.0364140519992295
sx3086078a.1,1.0367942495263796,1.0413716413552654
sx3086078a.2,1.0248120755266834,1.0294443095810888
sx3217056a.1,1.0215971168391587,1.026243874435298
sx3217056a.2,1.0325512734985323,1.0371478127092317
sx3217057a.1,1.032487418467482,1.0370840743381446
sx3217057a.2,1.0333679711255774,1.0379612232057362
sx2936268c.1,1.040000068190718,1.0431803161968554
sx2936268c.2,1.0406209394562214,1.0437996390806827
sx2823592a.1,1.0365551018930388,1.0406549974805013
sx2823592a.2,1.0390879688307297,1.0431783172716034
sx3160863c.1,1.047008074147204,1.0499634640417148
sx3160863c.2,1.0351417476413627,1.0381333381134745
sx2730108c.1,1.036581924465465,1.0395689814667757
sx2730108c.2,1.0411694100548463,1.0441434990551859
sx2786204c.1,1.0392553777112918,1.0422345163636488
sx2786204c.2,1.0298216624629395,1.0328291961905351
sx2936216c.1,1.033045382809226,1.0360429030716143
sx2936216c.2,1.0434961355479149,1.0464637292083858
sx3029498c.1,1.015496085906594,1.020602788880706
sx3029498c.2,1.0093861439258305,1.0145245642692773
sx2991912a.1,0.9903385870385651,0.9993487940259409
sx2991912a.2,0.9886348017477564,0.9976616597346396
sx3104128a.1,0.9874602751146939,0.9964968926379907
sx3104128a.2,0.9912995807677724,1.0003020801803764
sx2673315a.1,0.9907172435169642,0.9997239967970926
sx2673315a.2,0.9893700111256363,0.9983900948645362
sx2766721a.1,0.9781413861519479,0.9872658112474323
sx2766721a.2,0.9970587910566883,1.0060091511681633
sx2991906a.1,0.9849227842359773,0.9939829964051831
sx2991906a.2,0.9948154906984386,1.0037864998970105
sx2879054a.1,0.9855496425388964,0.9946039509774259
sx2879054a.2,0.9896866604387292,0.9987037481148857
sx3254211b.1,0.9990720661389336,1.0074895442231453
sx3254211b.2,1.0140334480587476,1.0223260388525406
sx2729407b.1,1.0006880055600877,1.0090914724024302
sx2729407b.2,1.0147303977724844,1.0230177755901761
sx2691942b.1,1.009591332714855,1.0179196787695375
sx2691942b.2,1.0045023869026752,1.0128741714864327
sx3197629b.1,1.001616454293365,1.0100117437853293
sx3197629b.2,1.0118993700996897,1.0202097609432457
sx2879065b.1,1.0058976408062392,1.0142566758411384
sx2879065b.2,1.0093386057446663,1.01767002632468
sx0247160b.1,1.0106387961414476,1.018958525336223
sx0247160b.2,1.0009602245390048,1.0093619037986328
sx0247162b.1,1.0059928721558906,1.0143509962287804
sx0247162b.2,1.0055102432354073,1.01387337792886
sx2766732b.1,1.003766618679829,1.0121434215800995
sx2766732b.2,1.0090451699774543,1.0173789880017503
sx2897784b.1,1.0116468049228957,1.0199571769581506
sx2897784b.2,0.991901611721469,1.0003821632633465
sx0247171b.1,1.0056350410189363,1.013996134175841
sx0247171b.2,1.005466338473209,1.0138298166522555
sx2936279c.1,1.0237507277790179,1.0288072824378152
sx2936279c.2,1.0105223628320612,1.015646868073292
sx3179678b.1,0.9993506049115505,1.006829777386712
sx3179678b.2,1.0050126716508212,1.0124502608484431
sx3179650b.1,0.99895037119729,1.007847162436714
sx3179650b.2,0.9934971340150446,1.002444097525435
sx2730107c.1,1.037248438470004,1.0437726758096448
sx2730107c.2,1.027090875344258,1.0336813936183822
sx3048888c.1,1.0242404919493466,1.0272639401131995
sx3048888c.2,1.0251104568168268,1.0281316608265518
sx3064514c.1,1.0315029017016946,1.034504993837701
sx3064514c.2,1.0179464189219318,1.0209893375004533
sx2861158c.1,1.0230387075161143,1.0260657874075274
sx2861158c.2,1.0242827759031956,1.0273064632152225
sx2952007c.1,1.0295542736956653,1.032561925599349
sx2952007c.2,1.017777493255833,1.0208209752724844
sx3254873c.1,1.0193961963079423,1.0224344583805196
sx3254873c.2,1.0336305023707475,1.0366267678034253
sx2745811c.1,1.0180595867770057,1.0211019346411472
sx2745811c.2,1.0312753575325844,1.0342783260287138
sx3142050c.1,1.0213753164717299,1.0244075488164726
sx3142050c.2,1.0325074505485734,1.0355069475157264
sx2861157c.1,1.0345596686891925,1.0375526895083493
sx2861157c.2,1.024813051645829,1.0278354331838218
sx3086079b.1,1.0262163080811513,1.0311959039936065
sx3086079b.2,1.0314374291466897,1.0363922426559247
sx2936276b.1,1.0326755799014913,1.0376239134466063
sx2936276b.2,1.024937538104752,1.029924038812924
sx2861223b.1,1.0270507994842386,1.0320261730879559
sx2861223b.2,1.0254357351683068,1.0304196531981633
sx3086075b.1,1.031340941506719,1.0362956139968844
sx3086075b.2,1.0236640379502908,1.028656800396982
sx2730187a.1,1.0190790515742538,1.0260275177855727
sx2730187a.2,0.9997997519308063,1.0068858528229538
sx3104856a.1,1.0127671818430388,1.0197597271201346
sx3104856a.2,1.0129351009147987,1.0199272932065093
sx2861222a.1,0.9860932470692299,0.9949137394504733
sx2861222a.2,1.0120028996799206,1.0205941477136584
sx2917330a.1,0.9932087002723361,1.0019639287295783
sx2917330a.2,1.008854031550409,1.0174729512398981
sx2879794a.1,1.0007058757393468,1.009394168951841
sx2879794a.2,0.9979058540376209,1.0066200132787724
sx2936271a.1,1.0016831737833496,1.0102364442243097
sx2936271a.2,1.004565531312996,1.013095130023008
sx2955074a.1,0.9929432265361982,1.0015068190503
sx2955074a.2,1.0071382526963562,1.0155797961184827
sx3030199c.1,1.0217567518042516,1.0266548041552692
sx3030199c.2,1.0232994372662207,1.0281905508846014
sx2730163c.1,1.012595925422488,1.0175494608840892
sx2730163c.2,1.0318600543816954,1.0367200705526762
sx2992624a.1,1.0070672188479834,1.0155676750256135
sx2992624a.2,1.0000170992505955,1.0085787812877614
sx2692654a.1,0.9998921314026351,1.008465190535641
sx2692654a.2,1.0071567235113716,1.0156686261818453
sx2842379a.1,1.0082507994133214,1.0167516995313801
sx2842379a.2,0.9919058179926525,1.0005505681365896
sx2805031c.1,1.030250135692096,1.0351352974855739
sx2805031c.2,1.0091745364748699,1.0141650467697
sx3068944b.1,1.008532639971439,1.0157522158400665
sx3068944b.2,1.0041050875329403,1.011358084328021
sx2767407b.1,1.0151514699355157,1.0223241327904125
sx2767407b.2,1.0066317490862884,1.0138662126780646
sx2879767b.1,1.008370299604109,1.0155912425813736
sx2879767b.2,1.0134635456115695,1.020648885566315
sx2711224b.1,1.0131248426022073,1.0203117379505384
sx2711224b.2,1.0081446378463559,1.0153680220164352
sx3142098b.1,1.017246733694807,1.0244042205880826
sx3142098b.2,0.9987968504305057,1.0060893672925424
sx2748839b.1,1.0103832568033089,1.0175896430157856
sx2748839b.2,1.0107020970525091,1.0179070379962472
sx2917310b.1,1.0046559116908336,1.0119039313189946
sx2917310b.2,1.0147094670862526,1.021885967112078
sx2861218c.1,1.0306258659640684,1.0355305834268949
sx2861218c.2,1.0121588085695765,1.017155180875886
sx2955081a.1,1.0051086084835674,1.0137674897222155
sx2955081a.2,1.0027990135172307,1.0114789430332694
sx3160878c.1,1.0203150160158174,1.0253129829468748
sx3160878c.2,1.0182656285051264,1.0232743406348443
sx2917336c.1,1.0206721839538926,1.0256683871045431
sx2917336c.2,1.0178361651066572,1.0228470150882194
sx2674047c.1,1.0206122874105004,1.0254328871284129
sx2674047c.2,1.02998950500162,1.0347663240123912
sx3160865a.1,1.0074457476366,1.0157082333124592
sx3160865a.2,0.9966514219429885,1.0050054172208434
sx2767408c.1,1.0327796320215124,1.0374965134935132
sx2767408c.2,1.0186101132064533,1.023393858136031
sx3104853c.1,1.0146582691748889,1.0194606535091524
sx3104853c.2,1.033408519570288,1.038122799165691
sx3254915b.1,1.0126527031052024,1.019733173217464
sx3254915b.2,1.0145293231425703,1.0215975054182669
sx3048963b.1,1.007772371045352,1.0148875596991995
sx3048963b.2,1.0161638764407348,1.0232206819130314
sx2711226b.1,1.0096539628206824,1.0167313760437717
sx2711226b.2,1.0118778370019443,1.0189402966385577
sx3217052c.1,1.021347526537612,1.02611755342469
sx3217052c.2,1.0266957559165872,1.0314410615233778
sx3217053c.1,1.0227293666961375,1.027492827844735
sx3217053c.2,1.0303433532099955,1.0350719237366426
sx3086074c.1,1.024612140544885,1.029366698720714
sx3086074c.2,1.0268056712377274,1.0315505215170049
sx3067507c.1,1.0321446829284706,1.0368453440098728
sx3067507c.2,1.0121624400985232,1.0169589582113925
sx2955078a.1,1.0071718466023927,1.0152647645437498
sx2955078a.2,0.9972060307433485,1.0053817400138028
sx2955077c.1,1.015467242866931,1.0202137987411235
sx2955077c.2,1.0344148804075566,1.0390735170073713
sx3160872c.1,1.0161506973595869,1.020943529928102
sx3160872c.2,1.0292569191909366,1.0339876826331307
sx3198348a.1,0.9913079383420732,0.9997957355419863
sx3198348a.2,0.9985956529071796,1.0070207855420439
sx2711225c.1,1.0259799889785735,1.0307782303524864
sx2711225c.2,1.026679339534506,1.0314748382057364
sx3030200c.1,1.0264934606156855,1.0312892750734237
sx3030200c.2,1.0261306577061158,1.0309287444082291
sx3048962a.1,1.004453453152357,1.0129594973239722
sx3048962a.2,0.9855244055167589,0.9941981152789015
sx3160861c.1,1.0271438994575426,1.032072514891719
sx3160861c.2,1.0264746056763834,1.0314070299186884
sx3104850c.1,1.0178335096927342,1.0228264295205396
sx3104850c.2,1.0302299309964005,1.0351623219370572
sx3251799a.1,0.9899804177358721,0.9992465768707524
sx3251799a.2,0.982861502326265,0.992197160796327
sx2936211c.1,1.0225953501092808,1.0278517974701773
sx2936211c.2,1.02794647246055,1.0331758988166315
sx2842329c.1,1.0246232285488668,1.0298691229554322
sx2842329c.2,1.025905934463459,1.0311458165328609
sx3104796c.1,1.018851441667374,1.024163620870281
sx3104796c.2,1.0281942189322386,1.0334579355378566
sx3236004c.1,1.0271188448262631,1.0323518917818428
sx3236004c.2,1.0234228406696475,1.0286755837212784
sx3160896c.1,1.0242383297114375,1.029522025021085
sx3160896c.2,1.0261771465426275,1.0314513766690208
sx3123452c.1,1.02400172656169,1.029344703565469
sx3123452c.2,1.0230384919827527,1.0283872091378046
sx3254869b.1,1.0024568666163465,1.0107322790531255
sx3254869b.2,1.0007427521045267,1.009033397202182
sx3030126c.1,1.0144724674561616,1.0199544050239968
sx3030126c.2,1.0319968973020277,1.0373848145611042
sx2767341c.1,1.033168281502906,1.0385352499523441
sx2767341c.2,1.0092319607757898,1.0147302291630498
sx3254870c.1,1.0200603321410378,1.0255114094235358
sx3254870c.2,1.0264618409492672,1.0318789922023026
sx3048887b.1,0.9865534826208118,0.9950456245200399
sx3048887b.2,1.0075430759359594,1.0158552953954907
sx2955005b.1,1.0068081269991784,1.0151266433684543
sx2955005b.2,0.9946181903921703,1.0030403220130986
sx3216988b.1,0.9963690086514896,1.004775040471587
sx3216988b.2,1.0017717012541465,1.0101327638803521
sx3179607b.1,1.0026291482372576,1.010982032435511
sx3179607b.2,0.9955076363565736,1.0039220680762575
sx2898457a.1,0.9796707624639854,0.9899821674577294
sx2898457a.2,0.9748639686679731,0.9852274369064417
sx2767340a.1,0.9505644844719622,0.9612021302309128
sx2767340a.2,0.9834810693146282,0.9937478734687116
sx2767340b.1,0.9754388679731205,0.9841790465327194
sx2767340b.2,1.0034939551079125,1.0119786296815474
sx2767340c.1,1.0401576656042297,1.0455955425705634
sx2767340c.2,0.9885377638010929,0.9942765843655149
sx3067478a.1,0.9817812383705663,0.9922106603221286
sx3067478a.2,0.9600306948002776,0.9707022115699409
sx2730149c.1,1.0234841476097891,1.0291286369214656
sx2730149c.2,1.026380802212007,1.0320098682394228
sx2989566b.1,0.9927644127172268,1.0016576664942043
sx2989566b.2,1.0002341026394375,1.0090615615529104
sx2973791a.1,0.9741106211517685,0.9849100676110448
sx2973791a.2,0.9554535636132041,0.9664710197444754
sx3029055b.1,1.0090582148912868,1.0172783731453365
sx3029055b.2,0.9864854361335714,0.9948990329432708
sx3067506c.1,1.0380225710012267,1.0420060915895382
sx3067506c.2,1.0277146638863013,1.0317389093190854
sx2898515c.1,1.0335503156515302,1.0375509445546647
sx2898515c.2,1.026910997298147,1.030938425515536
sx3198347c.1,1.0366974809770726,1.0406860002988547
sx3198347c.2,1.0269772741130778,1.031004428741845
sx3048946c.1,1.0301631753103753,1.0341771593296867
sx3048946c.2,1.0335721701354048,1.0375732381277538
sx3048966c.1,1.025597250815532,1.0296295133818223
sx3048966c.2,1.0383619950561214,1.042344610942077
sx2992656a.1,1.0086846457307752,1.0157058230059752
sx2992656a.2,1.0104503958260862,1.0174598747065131
sx2973833b.1,1.0149188704990322,1.0208972600361956
sx2973833b.2,1.0286655446049242,1.0345640377642065
sx2786266a.1,1.0167737184846195,1.0238650086600976
sx2786266a.2,1.0070300875225524,1.0141912600957097
sx2917333a.1,1.0066737868923343,1.0138937097640794
sx2917333a.2,1.013241718390558,1.020415097225824
sx2842383a.1,1.0045899589101766,1.0119845798863352
sx2842383a.2,1.0156944774961945,1.0230086088985584
sx2842384c.1,1.0320879903776417,1.0364673141148963
sx2842384c.2,1.0271031820868832,1.0315044236957216
sx3160871c.1,1.0346938119947051,1.0391410198847273
sx3160871c.2,1.0178586784930945,1.0223812877939693
sx3030203c.1,1.0255494141821009,1.0300366989705467
sx3030203c.2,1.02705088656012,1.0315320211096355
sx3179673c.1,1.0329067223542783,1.037361825947298
sx3179673c.2,1.022961792644243,1.0274611920695764
sx3048965b.1,1.0124303165941002,1.019240402161759
sx3048965b.2,1.0112179656898879,1.0180372054084805
sx2692660a.1,1.010193992494963,1.018261165349942
sx2692660a.2,0.9864521263984218,0.9947200121888281
sx2805034a.1,1.0075279961341357,1.0151835543260241
sx2805034a.2,1.0096651137667467,1.0173053115330906
sx2898522a.1,1.0112737898027058,1.018276730986565
sx2898522a.2,1.0113891554922991,1.018392105172787
sx2692661a.1,1.002351221639295,1.0094178150212205
sx2692661a.2,1.0202220192097498,1.027164058074079
sx3067448c.1,1.0349732915060146,1.0379650981997142
sx3067448c.2,1.0246771844680116,1.0276999792393409
sx2935552c.1,1.0138330334081864,1.0188634531522143
sx2935552c.2,1.0211514841894684,1.0261460659188262
sx2822864c.1,1.006964283436919,1.0120297014976685
sx2822864c.2,1.0206301538929,1.0256276261531083
sx2822865c.1,1.018774708262751,1.0237807138146253
sx2822865c.2,1.010638005235217,1.0156851765645016
sx2916605c.1,1.015704964938681,1.020726051842809
sx2916605c.2,1.01214837028931,1.017187869904827
sx3085394c.1,1.0084610757287409,1.0135187805242487
sx3085394c.2,1.0192989380523767,1.0243028940651777
sx2804250c.1,1.0136510040543933,1.0186823044075843
sx2804250c.2,1.0094531709634613,1.0145063517323925
sx3048205c.1,1.0055518388300266,1.0106244086224405
sx3048205c.2,1.0143657811660738,1.0193940910931074
sx3048228c.1,1.0127491503973765,1.0177849776558685
sx3048228c.2,1.0042243298621878,1.0093042578553533
sx2935550c.1,1.0090793223731156,1.0141336720956986
sx2935550c.2,1.0061243237100725,1.0111943730506276
sx2710509c.1,1.0022762132332912,1.0073656010423033
sx2710509c.2,1.016148741934369,1.0211685060139568
sx2822862c.1,1.009404175197296,1.0144569137782118
sx2822862c.2,1.0090940361224074,1.0141489330394045
sx3066806c.1,1.0062446656805866,1.0113134939760582
sx3066806c.2,1.0122162425007801,1.0172554449009221
sx2916606c.1,1.0179248319833585,1.022934943793267
sx2916606c.2,1.0097614868469589,1.0148131116554568
sx3235243c.1,0.9935020624490469,1.0000977093646743
sx3235243c.2,1.0100144877610349,1.016501290296385
sx2786273b.1,1.034759345705906,1.042797825959404
sx2786273b.2,1.0229567272480475,1.0310901074893304
sx2805036b.1,1.0314372947367194,1.039501895520431
sx2805036b.2,1.030995019518979,1.0390640272727931
sx3178997c.1,1.0311210678482003,1.036572075219112
sx3178997c.2,1.0272333912220264,1.0327058619972234
sx3122849b.1,1.000675159904673,1.0090818803211652
sx3122849b.2,0.9950001535874593,1.0034561206804886
sx2766750c.1,1.0208193479690173,1.0263240995880403
sx2766750c.2,1.0296729149031159,1.0351297824068375
sx2763153a.1,0.9995030537764434,1.0136163282679491
sx2763153a.2,0.9924984107275038,1.0067135160429124
sx3104157c.1,1.0251580640988527,1.0306370678269707
sx3104157c.2,1.02945360278028,1.034910007722846
sx_293471a.1,0.9963015229913216,1.0104648430309446
sx_293471a.2,0.9993543303375999,1.0134757828355754
sx_293471b.1,1.0094715439216206,1.0178045816620418
sx_293471b.2,0.9914628533303981,0.9999503411856681
sx_293471c.1,1.026568005764723,1.0320373652645876
sx_293471c.2,1.0280413477588193,1.0335033789139627
sx2748158a.1,0.9974501162041863,1.0116002921911256
sx2748158a.2,1.004951210705206,1.0189974544070817
sx3104133a.1,0.9953826180139708,1.0095624208452052
sx3104133a.2,1.003524909520792,1.0175906457110184
sx2673346c.1,1.0213248463831976,1.026820605886421
sx2673346c.2,1.03401152469132,1.0394393789170326
sx3254238b.1,1.0084074782563552,1.0167492666840054
sx3254238b.2,0.9942921485750355,1.0027549690422781
sx3048230c.1,1.0231308068968308,1.028618848246981
sx3048230c.2,1.0306352230517202,1.0360832846905954
sx2841637c.1,1.0365293064958576,1.0419456117927477
sx2841637c.2,1.0166387159583332,1.0221634407973486
sx2897780b.1,1.0115564998324953,1.0198721241232063
sx2897780b.2,0.9988486040862633,1.0072724396218335
sx3235255b.1,1.010030416205489,1.0183589582195764
sx3235255b.2,1.0062038076960511,1.0145649810557447
sx3216370a.1,0.9986680477879961,1.0128018737618782
sx3216370a.2,1.006770683900692,1.0207927912746968
sx3216370b.1,1.0106493860465051,1.0189729128612264
sx3216370b.2,1.002866184603597,1.0112554820898443
sx3216370c.1,1.0283705591973828,1.0338256997275634
sx3216370c.2,1.0328868668252675,1.0383186426734266
sx2785527a.1,1.002730059300551,1.0168065424363948
sx2785527a.2,1.0014443788806964,1.015540557278384
sx2766729a.1,1.0042056435916566,1.0182613021550888
sx2766729a.2,0.9969136661725295,1.01107436735217
sx3197641a.1,1.006206967548556,1.0191797333922439
sx3197641a.2,0.9971656057599377,1.01025757948589
sx2973161a.1,1.0029410247156272,1.015955107801098
sx2973161a.2,0.9936389518490493,1.0067781996583391
sx2673306c.1,0.993698271961333,0.9988322403260732
sx2673306c.2,1.0102660783297193,1.015314933365364
sx2785515c.1,1.0047401538702672,1.0098163979830213
sx2785515c.2,0.9990859020486301,1.004191985964965
sx2729429a.1,1.0046802388710778,1.0176752833610185
sx2729429a.2,0.990107903890143,1.0032970837832413
sx2841633a.1,1.0030524859310568,1.0160686170579478
sx2841633a.2,0.9917230939231918,1.0048904801563903
sx3235258a.1,1.0007283768648974,1.0137777119276528
sx3235258a.2,0.9920786335352543,1.0052433315361495
sx3235258b.1,1.021796147530886,1.029899059400077
sx3235258b.2,0.9959244525763619,1.0042436518748377
sx3235258c.1,1.0026185910327376,1.0092237856426234
sx3235258c.2,1.0098315387784458,1.016389898758624
sx2729414a.1,0.991196693843668,1.0043744027336903
sx2729414a.2,0.9923881485187511,1.005551460738584
sx2729414b.1,1.0053612775619023,1.0136024592706565
sx2729414b.2,1.0158821413951415,1.0240377906124203
sx2729414c.1,0.9967335555300456,1.0033769927523373
sx2729414c.2,1.0084384275122396,1.0150042705065723
sx2973167b.1,1.0142372273116866,1.0224075479588486
sx2973167b.2,1.0099364841671685,1.0181427783165453
sx3189189b.1,1.0090132445295414,1.0172267980344345
sx3189189b.2,1.0148374561443592,1.0230045166460726
sx3189188c.1,0.9946788155966526,1.0013350421471872
sx3189188c.2,0.9984263584421589,1.0050575123993852
sx2935560c.1,0.9996285554365117,1.006250896955894
sx2935560c.2,1.0048778189918948,1.0114660248023275
sx2916610b.1,1.0198420491195799,1.027968347178997
sx2916610b.2,1.000411900567767,1.0086991752871455
sx3216368c.1,0.9991950289866564,1.0058202778485053
sx3216368c.2,1.005275715621975,1.011861298197356
sx3207907a.1,0.9794079934645532,0.9927496575844345
sx3207907a.2,0.9916801087892491,1.0048544006975015
sx3207907b.1,1.0198499052447165,1.0279708671419547
sx3207907b.2,0.9837705624540272,0.9922055670210065
sx3207907c.1,1.0097095808597654,1.0162636585988052
sx3207907c.2,0.9829760383099014,0.9897156189717875
sx2973166c.1,0.9953731566855667,1.0020242421658563
sx2973166c.2,1.0050498166508497,1.0116365925157167
sx2710532c.1,1.001536217518824,1.0081456237548885
sx2710532c.2,1.0041025055423525,1.010695695975921
sx2860504a.1,0.9881337807467963,1.0013565633017631
sx2860504a.2,0.9921903574879343,1.0053605812690178
sx3085403a.1,0.9964720973571691,1.009584172007338
sx3085403a.2,0.980514703837142,0.9938432522546545
sx2954355a.1,0.9958783679183875,1.0089958422783534
sx2954355a.2,0.984801565062335,0.9980682073203768
sx3122827a.1,0.9895688664226715,1.002769445410722
sx3122827a.2,0.9887086870764433,1.0019223669333521
sx3195751a.1,0.9960026774636224,1.0088450880367563
sx3195751a.2,0.998803245306891,1.0116108852673693
sx2766724c.1,1.0160654148148809,1.0225850993980037
sx2766724c.2,1.0025889002071864,1.0091977851888503
sx3197647a.1,1.0014254952462343,1.0144629278658297
sx3197647a.2,0.9979226420183002,1.0110072330336757
sx2821010a.1,0.9920851596171018,1.0049790474903666
sx2821010a.2,0.9991092960264522,1.011912676885956
sx2895461a.1,0.9946401238242488,1.0075003999660932
sx2895461a.2,1.0005738153977257,1.0133587792782048
sx2952014a.1,1.0006432077122855,1.0134260051514765
sx2952014a.2,0.9979804222918879,1.0107988387095364
sx3010585a.1,0.9911136099489932,1.0040205626693053
sx3010585a.2,1.0007546273099739,1.0135368721699458
sx3120502a.1,0.9992309197322239,1.0120317525923546
sx3120502a.2,0.9992908364999136,1.012092386596957
sx3101789a.1,0.9902482093261347,1.002524335736461
sx3101789a.2,0.9881663353108568,1.000469959284132
sx3178982a.1,0.9965485343156127,1.0087469977581334
sx3178982a.2,0.9809723794214189,0.9933675482544412
sx2841623a.1,0.9882378824796615,1.0005390611009883
sx2841623a.2,0.99225535830328,1.0045080839057667
sx3010563a.1,0.9883012917615763,1.0006016787166399
sx3010563a.2,0.9922065593938002,1.0044598871911015
sx2766727b.1,0.998535419597996,1.0069606062601966
sx2766727b.2,0.9859406951366093,0.9944752326901436
sx3029507b.1,0.9939649613837062,1.002428572801077
sx3029507b.2,0.9872686569041657,0.9957914592417074
sx3197643b.1,0.9819408884375612,0.9905100966698869
sx3197643b.2,0.9992456255635097,1.0076653599441665
sx3122823b.1,0.9989093577345752,1.0073309501893337
sx3122823b.2,0.9826631099599679,0.9912268937215725
sx2766726b.1,0.9976780659406083,1.006110279635138
sx2766726b.2,0.9891277171781273,0.9976342982742915
sx2785526b.1,0.9922761511733056,1.0007543668280516
sx2785526b.2,0.9945436423703363,1.0030033857794556
sx2973162b.1,0.9953036699755405,1.0037558742773698
sx2973162b.2,0.9939930303684492,1.0024574374635513
sx3010570a.1,0.9880361606106339,1.002304889308184
sx3010570a.2,1.0002393650260595,1.0143357232659076
sx2991919a.1,0.9946062198131588,1.0087799549521048
sx2991919a.2,0.9929366472363368,1.0071358468925704
sx3122824a.1,0.9909399433579922,1.0051660794012258
sx3122824a.2,0.9956143534074554,1.0097753784104868
sx2860489a.1,0.9870849042123765,1.0013672110747465
sx2860489a.2,0.999392401193684,1.0135005356999627
sx3104131a.1,0.9974942985466184,1.0116267949293876
sx3104131a.2,0.9855414716898219,0.9998480473247917
sx3048210a.1,0.9840877849507691,0.9984142378452783
sx3048210a.2,0.9948270112159902,1.0089983338360473
sx2897778a.1,0.994419897372345,1.0085961453048233
sx2897778a.2,0.9923890373958658,1.0065958326041777
sx3104132a.1,0.9920838468304444,1.0062933240276097
sx3104132a.2,0.9928249553181788,1.0070254785935435
sx3085402a.1,0.9843813196610666,0.9987031441567252
sx3085402a.2,0.9934463463861675,1.0076373450677523
sx2804252a.1,0.998837096950392,1.0129506309324376
sx2804252a.2,0.9825154093320969,0.9968664915991959
sx3048214a.1,0.998847449962133,1.0129608366773826
sx3048214a.2,0.9824419582026086,0.9967941205483365
sx3235275b.1,0.9965770625619645,1.0050183372430148
sx3235275b.2,0.9924706029467184,1.0009482694683491
sx2897779c.1,1.0249557223518155,1.0304399203065635
sx2897779c.2,1.0298951053563206,1.0353532081509484
sx2804261c.1,1.025117159972352,1.0306004667435913
sx2804261c.2,1.0329820246838097,1.0384238212382333
sx3178980c.1,1.0278777626690478,1.0333461000579862
sx3178980c.2,1.0302192275301205,1.0356756549619093
sx2973164a.1,0.995706412676923,1.0098645225119927
sx2973164a.2,0.991067634216604,1.0052934129529607
sx2748132a.1,0.989208857317184,1.0024142435874157
sx2748132a.2,0.9783518394321475,0.9917054045863962
sx3254205c.1,1.0276056978099395,1.033069355662888
sx3254205c.2,1.0256289625749475,1.0311039643208233
sx3010569a.1,0.9958913970807741,1.0100637334548728
sx3010569a.2,0.9987859136239368,1.0129182742050908
sx2673321a.1,0.9980179358161887,1.012159764481081
sx2673321a.2,1.0001974125059703,1.0143098935420456
sx2954354a.1,0.993160571491353,1.0073723997299557
sx2954354a.2,1.0050197586147094,1.0190645593142817
sx2710519a.1,0.9994417772272883,1.0135633702951294
sx2710519a.2,1.0032260689327899,1.0172962177791607
sx3066819a.1,0.9931319549870543,1.0073441677813169
sx3066819a.2,1.0049198891521587,1.0189660668643639
sx3029499a.1,1.0049152218236082,1.0189604203363027
sx3029499a.2,0.9976549979176242,1.0118036728639916
sx2897772a.1,1.0028899420242043,1.016963083613397
sx2897772a.2,0.9982184969929854,1.012359098797404
sx3122826a.1,0.9984138371283549,1.0125552152321016
sx3122826a.2,1.0084562870931697,1.0224576746429646
sx2691953a.1,1.0091172601424316,1.0231070473409365
sx2691953a.2,0.9981701982267098,1.0123149789346564
sx2860491a.1,1.0085941478335498,1.0225917711981538
sx2860491a.2,1.0014533465486246,1.0155520498277855
sx2860491b.1,1.013299117815443,1.0215997479204355
sx2860491b.2,0.9959218643222134,1.004371569096732
sx2991922a.1,1.0033903665982589,1.0174617391196266
sx2991922a.2,1.0079721281486946,1.021981200554722
sx2991923a.1,0.9969297142645924,1.011094109137994
sx2991923a.2,1.0122400616556289,1.0261906059325248
sx3085400c.1,1.0318317368589733,1.0372039818707521
sx3085400c.2,1.0177219060426472,1.0231705280616683
sx3141399c.1,1.015603392598774,1.021063170134172
sx3141399c.2,1.029840297130598,1.0352233071923242
sx2954351c.1,1.0279742733436434,1.0333669109397503
sx2954351c.2,1.0252255683751168,1.030633433031103
sx3235266c.1,1.0158175359448782,1.021276148768685
sx3235266c.2,1.0346953329975423,1.0400533120484607
sx2841626c.1,1.026393017350722,1.0317940760939794
sx2841626c.2,1.0297861450657477,1.0351699248127915
sx2954350c.1,1.02411193799394,1.0295252037640341
sx2954350c.2,1.0303361333362901,1.0357170118936532
sx3178977c.1,1.0287436591263392,1.0341322848164132
sx3178977c.2,1.0263978231494282,1.0317995120066799
sx3160105c.1,1.0300179982245785,1.0353999257203756
sx3160105c.2,1.0250694497831156,1.0304782386453426
sx2691945c.1,1.0265481498283167,1.0319484386445215
sx2691945c.2,1.0263640404435523,1.0317659456732327
sx3010567c.1,1.02829374216616,1.0336847721133868
sx3010567c.2,1.027937507385379,1.033331052008479
sx2841625c.1,1.0284300312579593,1.0338202929485283
sx2841625c.2,1.027536297767953,1.0329319042600307
sx2897776c.1,1.0270644188410585,1.0324618102131016
sx2897776c.2,1.0227096766029107,1.0281310663214631
sx3254215c.1,1.019875271455557,1.0253114439680473
sx3254215c.2,1.0331193699276782,1.0384858032874404
sx3122819c.1,1.0281948386403184,1.0335859871913202
sx3122819c.2,1.0173314100434823,1.0227822467199752
sx2748133c.1,1.025954724456023,1.0313580611038573
sx2748133c.2,1.027161731659736,1.0325592871471552
sx3085399c.1,1.0240723567432641,1.0294857592883504
sx3085399c.2,1.0290013806900473,1.0343892319821426
sx2879074a.1,0.9829882542960819,0.9962773775635354
sx2879074a.2,0.9912788122580611,1.0044582625802374
sx3122820a.1,0.9767367294555237,0.9901123978529572
sx3122820a.2,0.9943375787511659,1.0074763206555357
sx2710517a.1,0.9908797840046374,1.00406295992079
sx2710517a.2,0.9838047122033419,0.997084284528449
sx3197639a.1,0.9950919460380915,1.008219283866705
sx3197639a.2,0.9771212036150049,0.9904932889753154
sx3160106a.1,0.9837978102397914,0.9970764797730646
sx3160106a.2,0.992719742595407,1.0058797804599127
sx3008248a.1,0.9829134600411542,0.995787442608522
sx3008248a.2,0.9822966572230937,0.9951802257256874
sx3235247a.1,0.9951126796266365,1.007821205945821
sx3235247a.2,0.9856896128685997,0.9985212392833896
sx2673312a.1,0.9950062664242616,1.0077157071694127
sx2673312a.2,0.9827879927729029,0.9956581205783323
sx2691944a.1,0.9810832872859744,0.9939747370055965
sx2691944a.2,0.9967442918616775,1.0094331527267733
sx2710516a.1,0.9923966970561218,1.0051395328618655
sx2710516a.2,0.9856444232477535,0.9984766903321975
sx2804256b.1,1.0027280164349792,1.0111058170231462
sx2804256b.2,1.0073235910264404,1.0156640241168353
sx2954347b.1,1.005876411882483,1.0142263561463454
sx2954347b.2,0.9995272750604612,1.0079319535541826
sx3178975b.1,0.9772617584152875,0.9857508835799815
sx3178975b.2,0.9972701505876698,1.0055875150983062
sx3160100b.1,0.9834472038346938,0.9918810491105371
sx3160100b.2,0.9885341929604262,0.9969253191736905
sx3085390b.1,0.9896663466870074,0.9980469198468046
sx3085390b.2,0.9822796697349592,0.9907246804172479
sx2748152b.1,1.0074425427689488,1.0157823147326404
sx2748152b.2,1.000021101067934,1.008424146837326
sx2729434b.1,1.008419605261032,1.0167527617012002
sx2729434b.2,0.9979901281447898,1.0064119250742163
sx2916608c.1,1.0155194490413944,1.0220909798026445
sx2916608c.2,1.0045869905253375,1.0112311927006412
sx2673313b.1,1.009112304133673,1.0174409125088704
sx2673313b.2,0.9932113947929376,1.0016761652389983
sx2804257b.1,1.0063838993878769,1.0147362205791166
sx2804257b.2,0.9988889829377664,1.0073053630436666
sx2860485b.1,1.002312022389712,1.0106983314519615
sx2860485b.2,1.0029407446987841,1.0113227379406302
sx2860506b.1,0.996532519317019,1.0049681975840303
sx2860506b.2,1.0084971345094922,1.0168330461146737
sx3122815b.1,1.0047054434184264,1.0130722029611734
sx3122815b.2,1.0005037005157218,1.008906803170421
sx3254213b.1,0.9934742352821931,1.0019372633939734
sx3254213b.2,1.0083597310944596,1.0166971110404575
sx2785543b.1,0.9922963484774828,1.000769996092966
sx2785543b.2,1.0092027419958511,1.0175334817812582
sx3235248c.1,1.0114054646228794,1.0180023871070434
sx3235248c.2,1.0032339965623394,1.0098859054962521
sx2764412a.1,0.9862437322389197,0.9990744624352168
sx2764412a.2,0.9803164395465783,0.9932268255856955
sx3027132a.1,0.9833736834635213,0.9962417155019463
sx3027132a.2,0.9826288402784963,0.9955081295174107
sx3101787a.1,0.980900850704488,0.9938014164659209
sx3101787a.2,0.9820636040798985,0.9949502833459735
sx3101788a.1,0.9865749580711891,0.9994010930746846
sx3101788a.2,0.9763862315396865,0.989348724866466
sx2876812a.1,0.9774236908454405,0.9903706114211491
sx2876812a.2,0.9881118008288627,1.0009200246374046
sx2970811a.1,0.9866377285520804,0.9994629946502316
sx2970811a.2,0.9756356334523825,0.9886081301844387
sx2916607c.1,1.0105351908084679,1.0171376097093108
sx2916607c.2,1.0001862300073974,1.006858854416757
sx3010564c.1,1.0080707940816176,1.014689584956565
sx3010564c.2,1.005592158674853,1.0122281809877647
sx2710515c.1,1.0021910886688576,1.0088491388669372
sx2710515c.2,1.002820104996366,1.009474655008544
sx2766746c.1,1.0097104654738203,1.016318302599539
sx2766746c.2,0.9980287844702631,1.004716010173553
sx2691941c.1,0.9927943908928489,0.999517120111989
sx2691941c.2,1.0139864213673027,1.0205671113804933
sx3235241c.1,1.0111711799308643,1.0177694249019422
sx3235241c.2,0.995776973990516,1.0024796902232405
sx3104118c.1,0.9918895890251586,0.998618804985145
sx3104118c.2,1.010903632027972,1.0175038303433521
sx2748126c.1,1.0121027511856815,1.0186949170927075
sx2748126c.2,0.9949563028815928,1.0016647401641279
sx3235267c.1,1.008316839235573,1.0149338492365052
sx3235267c.2,0.998598000160216,1.0052812405497125
sx2841645c.1,0.9963474292031356,1.0030453649809858
sx2841645c.2,1.0103139850476273,1.016918600691162
sx3066829c.1,1.0049980666271847,1.0116371380087035
sx3066829c.2,1.0017381576210418,1.0083999620024886
sx3254203b.1,0.9834591045665583,0.9918926729056715
sx3254203b.2,0.9855037992831742,0.9939207303418248
sx2860480b.1,0.9886059554300929,0.9969952272217936
sx2860480b.2,0.9767656966787556,0.9852591037919484
sx3197624b.1,0.9884597406172919,0.9968506521081174
sx3197624b.2,0.983886096431554,0.9923169809178762
sx2822860b.1,0.9738032420553305,0.9823222160163803
sx2822860b.2,0.991493037608766,0.9998588350711961
sx3048199b.1,0.9849125612939894,0.9933335924388903
sx3048199b.2,0.9840763900508479,0.9925056063029948
sx2710508b.1,0.9826634419313577,0.9911039128481702
sx2710508b.2,0.9861705122555999,0.9945817411624945
sx3122810b.1,0.9740501429520728,0.9825670912584115
sx3122810b.2,0.9926235073850453,1.0009797997880703
sx2897765b.1,0.9913083452826672,0.9996751455043342
sx2897765b.2,0.9799541803977484,0.9884195834574592
sx2804248b.1,0.98192707159536,0.9903742327811452
sx2804248b.2,0.9917252123708892,1.0000896120041656
sx2785512b.1,0.9863910990689787,0.9947993690785953
sx2785512b.2,0.9805857900835775,0.9890455273990364
sx2935553b.1,0.986696515821176,0.9951023882811992
sx2935553b.2,0.9852830720226645,0.9937021544189776
sx3048207b.1,0.9873896915322455,0.9957896616680092
sx3048207b.2,0.9882639262114209,0.9966573921452757
sx2729427b.1,0.9825522366310782,0.9909942551560776
sx2729427b.2,0.9939948858843509,1.0023400263567195
sx2748131b.1,0.9950058913816006,1.003341648846653
sx2748131b.2,0.9820620124759621,0.990509388248344
sx2879066b.1,0.9947398252607419,1.0030778467025139
sx2879066b.2,0.9812175334938407,0.9896722519079408
sx2973152b.1,0.9924756911370488,1.0008322774074963
sx2973152b.2,0.9826310056031685,0.9910734764097155
sx2879068b.1,0.9844072826127582,0.9928333397110297
sx2879068b.2,0.9926735681018439,1.0010294622633276
sx2860484b.1,0.9852363721593748,0.9936552727815011
sx2860484b.2,0.9964304522108193,1.0047550971707093
sx3085397b.1,0.995976558408709,1.0043037766071774
sx3085397b.2,0.9760370534439615,0.9845378487748199
sx3066812a.1,0.9958621857478387,1.0089956013075307
sx3066812a.2,1.0110830470296406,1.024018909277228
sx3216344b.1,0.9998559130187398,1.0081484526123272
sx3216344b.2,0.9706588410829481,0.9792101655546377
sx2860501b.1,0.9816830257092652,0.9901332339274
sx2860501b.2,0.9973450335264089,1.005661659489642
sx3197632b.1,0.9893030945236804,0.9976868334170432
sx3197632b.2,0.9923716699415558,1.000730283350736
sx2710514b.1,0.9814336166411042,0.989885866018905
sx2710514b.2,0.9954646719974176,1.0037970970572743
sx3048203b.1,0.9852395658087074,0.9936581857166862
sx3048203b.2,0.9876563298166092,0.9960550443235363
sx2860500b.1,0.9938114570932459,1.0021572666260854
sx2860500b.2,0.9826878826275355,0.9911298003938365
sx3197660b.1,0.9853384348923019,0.9937560918061351
sx3197660b.2,0.9842513637726741,0.9926794318097492
sx2897800b.1,0.9847782476361254,0.9932008106461693
sx2897800b.2,0.9903611493662297,0.9987370514676017
sx3235246b.1,0.9852605073253782,0.9936788338418693
sx3235246b.2,0.984921169133459,0.9933433959462421
sx2710512b.1,0.9829975027562748,0.9914353504710111
sx2710512b.2,0.9832798834199437,0.9917162593536252
sx2897791b.1,0.9935853564742133,1.0011350764672775
sx2897791b.2,1.020916562373933,1.0282603326196702
sx2916618b.1,1.0096068307009256,1.017033155709331
sx2916618b.2,1.0058402531384725,1.013295896296042
sx3160113b.1,1.0170088425810557,1.0243808282386018
sx3160113b.2,1.0026691691561753,1.0101489778762136
sx2804269b.1,1.0068272527505844,1.0142745564094964
sx2804269b.2,1.0128076318900372,1.0202112065968152
sx2989564b.1,1.01248086729016,1.0198860754521333
sx2989564b.2,1.0103455959933498,1.0177674320537182
sx2897789b.1,1.007981676708783,1.0154202780387533
sx2897789b.2,1.014768503454752,1.022157853121954
sx2690941b.1,0.9808667757625007,0.9893230245175113
sx2690941b.2,0.9816163260912822,0.9900670140982158
sx3234185b.1,0.9721222493427303,0.9806563146639697
sx3234185b.2,0.99014628648661,0.998523763474372
sx3065750b.1,0.97727087527065,0.985758791166293
sx3065750b.2,0.9850675940056106,0.993488367738484
sx3159037b.1,0.9673530332029642,0.9759308319173206
sx3159037b.2,0.9908595066312987,0.9992300053942768
sx2748124b.1,0.9815501141991967,0.9900004090631636
sx2748124b.2,0.9811518840991327,0.9896066444605812
sx2710504b.1,0.9658386239011011,0.9744305343702677
sx2710504b.2,0.9929140250731633,1.0012670796807652
sx2954346b.1,0.9719763067226721,0.9805120636752129
sx2954346b.2,0.9930500337488428,1.0014030289388025
sx2710505b.1,0.9770685092308686,0.9855584636728523
sx2710505b.2,0.9911018119386976,0.9994716898951973
sx3178974b.1,0.9861917309665478,0.9946020620431243
sx3178974b.2,0.9820377743577896,0.9904849073225135
sx2691943b.1,0.9884513416101045,0.9968424884599743
sx2691943b.2,0.9796179058179288,0.9880862277152733
sx2916603b.1,0.9916263217485652,0.9999904861649639
sx2916603b.2,0.9790623039612456,0.9875355425122194
sx2804254a.1,0.9985662344070878,1.0116633660053174
sx2804254a.2,1.007955708028072,1.020931528424209
sx2710513b.1,0.985095834506495,0.9935155670628495
sx2710513b.2,0.9847319740344254,0.993155806385027
sx2973149b.1,0.9803969896852959,0.9888573825472319
sx2973149b.2,0.9898078822647154,0.9981882586065608
sx3010562b.1,0.9904874530076558,0.9988611535093311
sx3010562b.2,0.9861174157499767,0.994529455922028
sx3254228b.1,1.0083041047393762,1.0157403058626802
sx3254228b.2,1.0108632622853266,1.0182812388401572
sx2936213b.1,1.036147645292117,1.0428984755506647
sx2936213b.2,1.0240523930737995,1.0308855586308858
sx2692633c.1,1.0132952588577506,1.019348615593288
sx2692633c.2,1.031932382758726,1.0378753310407518
sx3179646b.1,0.9822094741805593,0.991681919005754
sx3179646b.2,0.9934932702227588,1.0028568916679104
sx3104830c.1,1.0227423877244093,1.0286293562521602
sx3104830c.2,1.027838180817311,1.0336964780105267
sx3142078b.1,1.0314655005297546,1.0395298964617843
sx3142078b.2,1.029835946792704,1.0379140792841801
sx2879752b.1,1.0246675208937759,1.032785986810094
sx2879752b.2,1.0349270073444947,1.0429654223426388
sx2952003b.1,1.000986228994828,1.009900619678724
sx2952003b.2,0.9852554926463056,0.9943151815083565
sx2990826a.1,0.9585888046098437,0.9696088819033942
sx2990826a.2,0.9776421308981208,0.9884465138605639
sx2990826b.1,0.9979740319511172,1.0069150544027217
sx2990826b.2,0.9870840155655612,0.9961260451578332
sx2990826c.1,1.0135856683514335,1.0194843546107704
sx2990826c.2,1.0299614145614004,1.0357654584379217
sx3197626c.1,1.001301618744374,1.0063959444591786
sx3197626c.2,1.01395887516119,1.0189895279528167
sx3066807c.1,1.0109837985719752,1.0160286586001914
sx3066807c.2,1.005958049516532,1.0110288762969781
sx3197627c.1,1.0047234066159902,1.0097998866367515
sx3197627c.2,1.0044012153995732,1.0094799469438998
sx3216343c.1,1.014354047476629,1.0193819177765042
sx3216343c.2,0.9943157695966525,0.9994474231988235
sx3085393c.1,1.0148508381144612,1.019876254679187
sx3085393c.2,0.9934337012908236,0.998570054793478
sx2897770c.1,0.9989933632942243,1.0040995922234393
sx2897770c.2,1.0094736714657586,1.0145265388832272
sx2748128c.1,1.0090649724890488,1.0141193172064604
sx2748128c.2,0.9997525112957208,1.0048553751491869
sx3085392c.1,1.0080517153638813,1.0131112826149618
sx3085392c.2,1.0029072984117737,1.0079936839239356
sx3029497c.1,1.0074578348467877,1.0125204101068868
sx3029497c.2,1.0052257158348101,1.0103002001374994
sx2673307c.1,1.0115166980437793,1.0165590094900536
sx2673307c.2,0.9976222837279214,1.0027361720056585
sx2729406c.1,1.0076272535946753,1.0126889662524152
sx2729406c.2,1.0010071299045524,1.0061032649306092
sx2897768c.1,1.0114636947173883,1.0165059700931764
sx2897768c.2,0.9934956443625794,0.9986313816434401
sx2822863c.1,1.0086756267263712,1.0137321378363138
sx2822863c.2,1.001465434236711,1.0065591955042024
sx2841619c.1,0.9919598950021006,0.9971032310940016
sx2841619c.2,1.0075492863223015,1.012611477219158
sx2804282c.1,1.009303435235129,1.01435674682571
sx2804282c.2,0.9984486043392634,1.0035580347663735
sx3104154c.1,0.9961635347828575,1.0012844204185103
sx3104154c.2,1.0037574844734574,1.0088391778413388
sx2897806c.1,1.0040677054919944,1.0091474291279814
sx2897806c.2,1.0035197905037565,1.0086029093191318
sx3216342b.1,1.0041328023895584,1.0123831043717204
sx3216342b.2,0.9970069044821741,1.005317948158088
sx2879063b.1,1.0060822777708984,1.0143165057969545
sx2879063b.2,0.9949966798288749,1.0033248811237883
sx3048227a.1,1.0107318319794496,1.0235190803436616
sx3048227a.2,0.9963621166301977,1.0093365958196434
sx3216367b.1,0.9939447332182245,1.0022803056046796
sx3216367b.2,1.0085479282057177,1.0167621197338377
sx3010561a.1,0.9997530981320049,1.0126813174552247
sx3010561a.2,1.0103336834545449,1.0231279041726198
sx2991939b.1,0.9992450598173258,1.0075348039455922
sx2991939b.2,1.004485937257661,1.012732809424639
sx2673308b.1,0.9935467529971346,1.0018845582908442
sx2673308b.2,1.007432878742139,1.0156541610261693
sx3066808c.1,1.0036798515897236,1.010213124347643
sx3066808c.2,1.0132411181461474,1.0197129430224559
sx3141396c.1,1.0051587666575776,1.0116822379436303
sx3141396c.2,1.0118312861653593,1.0183121099611046
sx3066810c.1,1.0109948673652744,1.0174775370566767
sx3066810c.2,0.9991683651561185,1.0057297935490714
sx2897769c.1,1.014358133609181,1.0208192506035367
sx2897769c.2,0.9954623388479058,1.0020489216699244
sx2766749b.1,0.9929152020131287,1.0012627510503802
sx2766749b.2,1.0031861660311308,1.0114480495604532
sx2973178b.1,0.9985452693137639,1.0068454544334073
sx2973178b.2,0.9999185055503098,1.0082081808402086
sx3029518b.1,1.0024513808090163,1.0107189120459592
sx3029518b.2,0.9926778075598551,1.0010288348385383
sx2935549b.1,0.988990162798859,0.9973730493147298
sx2935549b.2,1.0003255144567493,1.0086122434300613
sx3122811a.1,0.9956069611554111,1.0085952615284013
sx3122811a.2,1.0088963697764117,1.0217138908495484
sx3254207a.1,1.0032742400099182,1.0161656960978371
sx3254207a.2,1.0026624970396056,1.0155633197138207
sx2822877b.1,1.001642257670294,1.009921603490911
sx2822877b.2,0.9875421650482035,0.9959415209840294
sx2841618a.1,1.0074634732733259,1.0203012098529711
sx2841618a.2,0.9950796376027481,1.0080797739792904
sx3066805a.1,0.9992677581646457,1.012211066803361
sx3066805a.2,1.0030157235674526,1.0159118384434342
sx2785514a.1,0.992473824134449,1.0055071507340683
sx2785514a.2,1.0095082587019426,1.0223216017712096
sx3235244a.1,0.9976635758804431,1.0106278889286027
sx3235244a.2,1.004310463029367,1.017189886182474
sx2785513a.1,1.0084971693222176,1.0213217755941562
sx2785513a.2,0.9932615448884552,1.0062857821644897
sx3160101a.1,1.0057727626743689,1.018631963450334
sx3160101a.2,0.9960388013421692,1.0090260552463717
sx3010559a.1,1.0084684861560178,1.0212940383948397
sx3010559a.2,0.9963064429159978,1.0092901798746134
sx3159448a.1,0.9982845187811195,1.0112487195599107
sx3159448a.2,1.0059086145773286,1.0187753827222192
sx2973156b.1,0.9926102173308322,1.0009649639874814
sx2973156b.2,0.9934420492457713,1.0017907250043057
sx3029501b.1,0.9894539420967112,0.9978356029059244
sx3029501b.2,0.994058182457014,1.0024017314894764
sx2691949b.1,0.9821338527962976,0.9905792842859373
sx2691949b.2,0.9974656294528123,1.005780407916992
sx3104127b.1,0.9975097215702907,1.0058231681451777
sx3104127b.2,0.9820975049172213,0.9905442527607927
sx2897774b.1,0.9894910152780719,0.9978723566503785
sx2897774b.2,0.9931691669768594,1.0015202317062604
sx2879061b.1,0.9921131410694792,1.0004721912209866
sx2879061b.2,0.9908696612582726,0.9992402074671166
sx3066813b.1,0.9897123888009025,0.9980918241398979
sx3066813b.2,0.9906693673076976,0.9990416280099681
sx2991910b.1,0.9916084986953186,0.9999718563128834
sx2991910b.2,0.987461823274941,0.9958615168894028
sx2879072b.1,0.9885671562414396,0.996956370498629
sx2879072b.2,0.989845672978998,0.9982249535155676
sx3197635b.1,0.9918295301790958,1.0001911543003679
sx3197635b.2,0.9832931315309986,0.9917288276928624
sx2804258b.1,0.9755622727071838,0.9840655832674612
sx2804258b.2,0.9960653350889209,1.0043920949454073
sx3235250b.1,0.9930695328660932,1.0014209675624288
sx3235250b.2,0.9831541904616317,0.9915911128368695
sx2954349b.1,0.9830573952052816,0.9914939405079896
sx2954349b.2,0.9853316229094216,0.9937494073408705
sx2766722b.1,0.9905891680806914,0.9989609745773617
sx2766722b.2,0.976491118657819,0.9849865146573069
sx2879071b.1,0.9863202977327541,0.9947285005565261
sx2879071b.2,0.9803925070487367,0.988853252423208
sx3029504b.1,0.9855938739276404,0.9940082957145825
sx3029504b.2,0.9804770693817235,0.9889370092052517
sx2691948b.1,0.9848982190459026,0.9933186871821101
sx2691948b.2,0.9836784963814681,0.9921104580808489
sx2710546b.1,0.9925845081644298,1.0009394943442813
sx2710546b.2,0.9715575444797522,0.9800970050990659
sx2785547b.1,0.9831440278388038,0.9915795675762752
sx2785547b.2,0.9816431271709868,0.9900927324400566
sx3254214b.1,0.9825972886961387,0.9910375253689043
sx3254214b.2,0.9813404014393304,0.9897925872320416
sx3160104b.1,0.9876216679405927,0.9960185945042056
sx3160104b.2,0.9754850701120716,0.9839889546485686
sx3216349b.1,0.9773703229087146,0.985856377627746
sx3216349b.2,0.9886725177289587,0.9970618667528023
sx2879077b.1,0.981947809184394,0.9903936466960532
sx2879077b.2,0.9839039212222591,0.99233383386394
sx2991916b.1,0.9897320518409901,0.99811104668354
sx2991916b.2,0.972279635128361,0.9808122144999687
sx3235245c.1,1.004284931668838,1.010815147073785
sx3235245c.2,1.0140557153148375,1.0205232007073282
sx2766716c.1,1.0038368132765427,1.010370012649121
sx2766716c.2,1.0145106344656631,1.0209752345988863
sx3254209c.1,1.0084142081848957,1.0149170223730177
sx3254209c.2,1.0023090254157352,1.008853222457529
sx3254204a.1,1.0048791163769024,1.0177330251257788
sx3254204a.2,1.007438759856618,1.0202614783113857
sx2841627a.1,0.9836155263706043,0.9968955022631062
sx2841627a.2,0.9842506516396984,0.9975235940078547
sx3216348a.1,0.9858339223495112,0.9990840715658664
sx3216348a.2,0.9823948790761412,0.9956929773300419
sx2691947a.1,0.9856524739751891,0.9989050732879311
sx2691947a.2,0.9841394231631106,0.9974138793745253
sx2841648a.1,0.9884108111146669,1.001626680672511
sx2841648a.2,0.9801095248391574,0.9934389357286875
sx2973157a.1,0.9914964100734985,1.0046710053836805
sx2973157a.2,0.9749620454868119,0.9883632525216293
sx3178978a.1,0.9917869535666575,1.0049582638942434
sx3178978a.2,0.9814572693980274,0.9947688295120725
sx2879075a.1,0.9881900673410942,1.0014088849486869
sx2879075a.2,0.9842369520551271,0.9975104271237117
sx3082992a.1,0.9872434114701332,1.0004747632107365
sx3082992a.2,0.9811892137105157,0.9945037917763798
sx2728247a.1,0.9707176059522863,0.9815978011736624
sx2728247a.2,0.9703911681417995,0.9812762852814436
sx2728247b.1,1.0008710031257282,1.0097861428551402
sx2728247b.2,0.9841678278613399,0.9932373744097684
sx2728247c.1,1.0199872242963093,1.0258479975842052
sx2728247c.2,1.0287488671130693,1.0345601120625745
sx3197633a.1,1.0080636451839147,1.0210365807571098
sx3197633a.2,0.9987845694749913,1.0118803664637686
sx2879069a.1,1.0018680420340793,1.0149215585526872
sx2879069a.2,1.0095030057200707,1.0224595510433956
sx3178971a.1,1.0104492300202625,1.0233921971266349
sx3178971a.2,0.9988930910282421,1.0119873995166957
sx2973154a.1,1.000910176421841,1.0139762860791512
sx2973154a.2,1.0090369651686075,1.0219992918906944
sx2973155a.1,1.0067283010803267,1.0197224055827494
sx2973155a.2,1.0054664770858897,1.018478405222904
sx3122814c.1,1.019887938672264,1.0264448704753493
sx3122814c.2,1.0246589563246347,1.031185857330398
sx2991908a.1,1.002378471506239,1.0154337366121446
sx2991908a.2,1.0117618507870754,1.024697476606532
sx2860481c.1,1.0265877941761234,1.0331021834095344
sx2860481c.2,1.019022084953796,1.0255858524380346
sx2841621c.1,1.024622722350849,1.0311497417918258
sx2841621c.2,1.0155231575575048,1.0221103522461388
sx2804255b.1,0.9942813977901566,1.0026199217082996
sx2804255b.2,1.0083294095369018,1.0165511397741285
sx2954345c.1,1.020399467128302,1.026955030612579
sx2954345c.2,1.0217076724870378,1.0282555330946366
sx2935555a.1,1.0058754131883156,1.018892909465075
sx2935555a.2,1.0127474181469132,1.0256780436493262
sx2897773a.1,1.0074552444091158,1.0204521735659609
sx2897773a.2,1.0126014492784903,1.0255339950085067
sx2748127a.1,1.0063992947101954,1.0194099277331838
sx2748127a.2,1.012095815966134,1.0250346878983394
sx3197631a.1,1.0129466051453437,1.025873208722341
sx3197631a.2,1.005551006894172,1.0185742383474532
sx2935554a.1,1.0143074145276174,1.0272175961168326
sx2935554a.2,1.0061930405762383,1.0192085760607585
sx2822866b.1,1.0145337235420668,1.0227005924877401
sx2822866b.2,1.0002400415796489,1.008526179082806
sx3178972c.1,1.0025996770163679,1.009276803188821
sx3178972c.2,1.0260257706553582,1.0325460596703893
sx3104123c.1,1.0207605176254357,1.0273161813415757
sx3104123c.2,1.019517024946279,1.0260815177165765
sx2973153a.1,1.0159526661903548,1.028845717241687
sx2973153a.2,1.0062762435014612,1.0192948481007844
sx3216123a.1,1.0061073415097412,1.0191286124391565
sx3216123a.2,1.017820537625699,1.0306933707570443
sx2972930a.1,1.0039778443415397,1.0170282564221524
sx2972930a.2,1.018461864598893,1.0313269386608808
sx3029506b.1,1.013676961049629,1.021845665637499
sx3029506b.2,1.022901307809111,1.0309970591044058
sx2785521c.1,1.0074955186055201,1.0141390302211934
sx2785521c.2,1.0225753427472148,1.0291192333906443
sx3197661c.1,1.0238929773862377,1.0304275832339107
sx3197661c.2,1.0128445525918353,1.0194518348256778
sx3216345b.1,1.0120364436899218,1.0202613206212716
sx3216345b.2,1.01136324855249,1.0195946842052683
sx2879070b.1,1.0203606359679895,1.0285110866635374
sx2879070b.2,1.0109289062487952,1.0191568509920745
sx2973160b.1,1.0211623855636809,1.029270783402766
sx2973160b.2,1.0137679741331336,1.021936848228893
sx3066815c.1,1.020190820737353,1.0267535106483177
sx3066815c.2,1.0177223696431725,1.0243019949687011
sx2897777c.1,1.0176798367117523,1.0242355526350888
sx2897777c.2,1.0163463595838993,1.0229115792508725
sx2991914c.1,1.0114104848948726,1.0179627090256027
sx2991914c.2,1.0147047617679623,1.0212362886829494
sx2822869a.1,0.9962697947664333,1.0093674583231391
sx2822869a.2,1.0130539062465524,1.025934576035901
sx2729410c.1,1.0131919573396118,1.019731329595108
sx2729410c.2,1.0061611995789075,1.0127477713225423
sx3197640c.1,1.0113319635274987,1.0178983415230631
sx3197640c.2,1.0209283024082407,1.0274333912385951
sx2954353a.1,1.0244915869019564,1.0373454061153724
sx2954353a.2,1.007722780755206,1.0207934512210737
sx3160109b.1,1.0130731979611012,1.0212340342085877
sx3160109b.2,1.0103234863577337,1.0185077837717094
sx3104136b.1,1.0092883788297407,1.0174816453284203
sx3104136b.2,1.0161215620890252,1.0242603199891946
sx2822872b.1,1.0132198880965038,1.0213830882424295
sx2822872b.2,1.0071826412096523,1.0153963862915671
sx3122821b.1,1.015557337485013,1.023706690385842
sx3122821b.2,0.9985006595084377,1.0067921102225295
sx2860482a.1,1.0019299227624776,1.0148220128056784
sx2860482a.2,1.0075932071843179,1.0204138357046726
sx3010560b.1,1.0080230173168712,1.0162361784702463
sx3010560b.2,1.0019714168917504,1.010235817553918
sx3104119a.1,0.9951559480860949,1.008141119971038
sx3104119a.2,1.0135985594999992,1.0263472784339225
sx2785517c.1,1.0140343928759226,1.0205007694900903
sx2785517c.2,1.003530417563731,1.0100656092432456
sx3066809c.1,1.0061371863933524,1.0126543022351409
sx3066809c.2,1.0058194703418917,1.0123394403569277
sx2954344c.1,1.015448828228751,1.0219057386306944
sx2954344c.2,0.9958709807527139,1.0024577216401136
sx2897767c.1,1.0056044494338692,1.0121250494465706
sx2897767c.2,1.0058381997438048,1.012358022236384
sx3254208c.1,0.9957509378732832,1.0023377094471784
sx3254208c.2,1.0154270027290224,1.0218848029962313
sx2748125c.1,1.0044285594238278,1.010956903822006
sx2748125c.2,1.0066907423631726,1.0132049413835156
sx2673303c.1,1.0057108189301807,1.0122307164210667
sx2673303c.2,1.0088009628265238,1.0153014679222767
sx3104117c.1,0.9920908812589958,0.9987028762688008
sx3104117c.2,1.0140742464675299,1.0205399958141517
sx3010568a.1,1.0305251258022892,1.0433924391781535
sx3010568a.2,1.0131998400962348,1.026290151152335
sx3029505c.1,1.0308066546477213,1.0373283334579506
sx3029505c.2,1.0155260527099064,1.022148188333928
sx2673318c.1,1.0196883110189248,1.0262819439679136
sx2673318c.2,1.0266904541409936,1.0332391888038424
sx3178979c.1,1.023989466454274,1.0305687861603696
sx3178979c.2,1.0221868620275576,1.0287788391126842
sx3104129a.1,1.0338614514303588,1.0467375702990278
sx3104129a.2,1.012888388907472,1.0260364528482255
sx3141401a.1,1.0264955602824717,1.0394953132506162
sx3141401a.2,1.028098856535809,1.0410797235665827
sx2841632b.1,1.0008585905924947,1.0086496334226516
sx2841632b.2,1.018020546600736,1.0256793052632431
sx2748157a.1,0.9896017112433843,1.0051835677755119
sx2748157a.2,0.9931705485192748,1.0086975385824841
sx2785537a.1,0.9949136237780383,1.01041189114734
sx2785537a.2,0.9946458236621801,1.0101500522126823
sx2691967b.1,1.016829712819674,1.024366148573668
sx2691967b.2,1.0183124118386753,1.0258386734237344
sx2916620a.1,1.003668017329161,1.0188398212681433
sx2916620a.2,1.004917983090473,1.0200727589702887
sx2916620b.1,1.0176185844549797,1.0250567060701992
sx2916620b.2,1.025442214274817,1.0328242307160962
sx2916620c.1,1.040497026681766,1.0470242120223505
sx2916620c.2,1.0325547499804866,1.0391331536582913
sx2766738c.1,1.040169660477631,1.046696388266309
sx2766738c.2,1.028336834581668,1.0349405835294911
sx3066814b.1,1.0280517826591817,1.0353354540556725
sx3066814b.2,1.0177098950034085,1.0250687275678614
sx2820535b.1,1.020484000356626,1.0278309830459804
sx2820535b.2,1.0185072853277788,1.0258695841868612
sx2785534b.1,1.0113638943462449,1.0187782262789626
sx2785534b.2,1.0260255316998674,1.0333332889412707
sx2691965b.1,1.0192140919355053,1.0265702253808855
sx2691965b.2,1.0246696148013907,1.0319874110402858
sx2748144a.1,0.9984669884354533,1.0135801455524984
sx2748144a.2,1.0111089733072225,1.026034013501522
sx2897792a.1,0.9959268384609378,1.0112851112569619
sx2897792a.2,1.0062086415136846,1.0214120027472595
sx2785538a.1,0.9903532016199555,1.0057992252353158
sx2785538a.2,1.0084428906089928,1.023612297856102
sx2897793a.1,1.0028856432888442,1.0181370660603737
sx2897793a.2,1.0003977742595251,1.0156887104830086
sx3254231a.1,0.9967656290988554,1.0121108192206945
sx3254231a.2,1.0063962413812366,1.0215970423688034
sx3254230a.1,1.0009590178938987,1.016239586860716
sx3254230a.2,1.0036189495660552,1.018861101537013
sx2673331b.1,1.025300382025314,1.0326108633427367
sx2673331b.2,0.9968399200476531,1.0043667994326912
sx2935567b.1,1.0143768917225349,1.021768371202533
sx2935567b.2,1.0190276399129934,1.026385999475128
sx2804272b.1,1.02072399848593,1.028069293757822
sx2804272b.2,1.013212732622175,1.0206137378670874
sx3160115b.1,0.9982876179324857,1.0058021262910144
sx3160115b.2,1.0235893718402567,1.0309131464749655
sx3254227b.1,1.0205785984178959,1.0279249426712365
sx3254227b.2,1.0161970957012088,1.0235760940444996
sx2860499b.1,1.0108833003116937,1.0183006982894558
sx2860499b.2,1.011415810650807,1.0188300548955977
sx3254229b.1,1.0078278397987461,1.0152683426954152
sx3254229b.2,1.022139967377815,1.0294756799296059
sx2822873b.1,1.0142539891919524,1.0216463570056928
sx2822873b.2,1.0204994949391775,1.0278473009861369
sx3178988b.1,1.02010403770456,1.0274538241619118
sx3178988b.2,1.0146944152122181,1.0220843954440153
sx2785536b.1,1.0166504640246041,1.0240252198508462
sx2785536b.2,1.016485914947605,1.0238627318474844
sx3066826b.1,1.0094212441093315,1.0168497064660094
sx3066826b.2,1.0163151779675696,1.023692983364482
sx3197653b.1,1.0082801445058795,1.0157165140612188
sx3197653b.2,1.0104006351796422,1.0178220452491875
sx2785535b.1,1.0213608093567963,1.0287005076285325
sx2785535b.2,0.9929430313263078,1.0004987133412155
sx2916619b.1,1.0145956321009246,1.0219852726338514
sx2916619b.2,1.00754963256588,1.014992551175594
sx2916617b.1,1.001056106883816,1.0085477228080693
sx2916617b.2,1.0210515661116988,1.0283952285277171
sx3122835b.1,1.0192370148854446,1.0265932015303076
sx3122835b.2,1.0077360834700861,1.0151777116401886
sx2691966b.1,1.0006871350471498,1.0081825503858914
sx2691966b.2,1.0188649323431913,1.0262232958043822
sx3104145b.1,1.016338914049713,1.0237159723775922
sx3104145b.2,1.0118712874020153,1.019282015924308
sx2973171b.1,1.012235526125356,1.019642716451162
sx2973171b.2,1.0136271920958309,1.0210249343908537
sx2804270b.1,1.007634090272644,1.0150757118045617
sx2804270b.2,1.0205217631859698,1.0278695736540793
sx3235273b.1,1.0062230961937149,1.0136754551448954
sx3235273b.2,1.0194573919694692,1.0268125024524164
sx2729423c.1,1.040780033760381,1.047300979635083
sx2729423c.2,1.033402933118852,1.039971580417513
sx2729424a.1,1.003809694242139,1.0188404908778632
sx2729424a.2,1.008400193719607,1.0233644060212093
sx3160114a.1,1.00949865976945,1.0244450144388517
sx3160114a.2,1.002726625722435,1.017775512657485
sx3104144a.1,1.010368731947079,1.0253025125703485
sx3104144a.2,1.003330671455857,1.0183704699017657
sx3197652a.1,1.0111470512719558,1.0260688137871208
sx3197652a.2,0.9979557304436356,1.0130774380037264
sx3141394b.1,1.0294523902340127,1.036247997125411
sx3141394b.2,1.0347342734431826,1.0414954966462935
sx2804277c.1,1.0315533796226146,1.0381200293629118
sx2804277c.2,1.035170638475369,1.0417147606508952
sx3197625c.1,1.0321367285228549,1.0386996032510034
sx3197625c.2,1.0379075264127735,1.0444343702588834
sx2785511a.1,1.0114051138558162,1.0258663833065091
sx2785511a.2,1.0244927039484224,1.0387699591685535
sx2973148a.1,1.0117226189698743,1.0263475673552584
sx2973148a.2,1.0152451063315437,1.0298207629557776
sx3160098a.1,1.0113620874621985,1.026022022530874
sx3160098a.2,1.0170639722131403,1.0316435129113388
sx2916602a.1,1.0142889688064478,1.0288767184493857
sx2916602a.2,1.0127467275460695,1.027358497418497
sx3231255c.1,1.037669983531773,1.044206722471714
sx3231255c.2,1.0302377921911674,1.0368231729649535
sx3118855c.1,1.0401484160045882,1.0466685534773823
sx3118855c.2,1.0234151366650566,1.0300452432440115
sx3085410b.1,1.023531265956414,1.0308565569932904
sx3085410b.2,1.0100563786206767,1.0174809834394898
sx2992556c.1,1.0353092494652871,1.0383001281648594
sx2992556c.2,1.0316924853157436,1.0346943234083594
sx3198356c.1,1.013211465725425,1.0182450024791354
sx3198356c.2,1.012644776072674,1.0176817458400556
sx3048968c.1,1.0151405812035121,1.0201641206361645
sx3048968c.2,1.0027807304984673,1.0078684535539928
sx2767414c.1,1.020905256092586,1.0259003403392732
sx2767414c.2,1.0172661461124402,1.0222798660354921
sx3045895c.1,1.0104451591530912,1.0154928610678753
sx3045895c.2,1.0212230327581573,1.0262171224066379
sx2692664c.1,1.021671887090069,1.0266633477922147
sx2692664c.2,1.0133415000468555,1.0183750036838661
sx2991901b.1,0.988678321501361,0.9971723475655815
sx2991901b.2,0.9983733123722938,1.006784712459128
sx2673322b.1,1.0022663798033054,1.0106477289352833
sx2673322b.2,1.0004295299811292,1.0088272899519093
sx2766730b.1,0.9958426576710826,1.0042786255314904
sx2766730b.2,1.0051721041768218,1.0135302338184666
sx2689691a.1,0.9871416035620711,0.9994568295711957
sx2689691a.2,0.9923904137118729,1.0046414234610115
sx2914323b.1,0.9988867645571523,1.0072966348085541
sx2914323b.2,1.003956212028244,1.01232445963825
sx3048222c.1,0.9986156731128952,1.0053020629070473
sx3048222c.2,1.0183411174510268,1.0248955056410396
sx3122837c.1,1.0060186620831857,1.012654239866486
sx3122837c.2,1.0112236052446626,1.017824952430273
sx2991933c.1,1.0018204660712626,1.0084847866218747
sx2991933c.2,1.0112854352414693,1.0178860334611077
sx2710525c.1,1.0156201951243762,1.0221916673558409
sx2710525c.2,1.0054924927464444,1.0121319953683288
sx2673323c.1,1.0205697203016793,1.0271092422473567
sx2673323c.2,1.000497313190479,1.0071709754282727
sx2710542b.1,0.991939410385676,1.000406014208757
sx2710542b.2,1.0058195450348772,1.0141687011703169
sx2766742b.1,0.9988757759694529,1.0072823646862972
sx2766742b.2,1.0001530521748045,1.0085498122410805
sx3254234b.1,0.9914723792516544,0.9999426146241217
sx3254234b.2,1.0019083086517844,1.0102901000889661
sx3104114b.1,1.0052703880192995,1.013623141211099
sx3104114b.2,0.9869074410272813,0.9954187840551785
sx2822857b.1,0.9968640389061758,1.0052875647708972
sx2822857b.2,0.9980537804457372,1.0064681785089082
sx2691939b.1,0.999682611325123,1.0080821206707156
sx2691939b.2,0.991831500281845,1.000299395414864
sx2860478b.1,1.0038905824267101,1.012255246707289
sx2860478b.2,0.9907809643715892,0.9992580414719642
sx2822858b.1,0.9916697792740102,1.0001380799387765
sx2822858b.2,0.9997497287405938,1.0081496419694749
sx3254206b.1,0.996891047369574,1.0053142036127731
sx3254206b.2,0.9932107987186832,1.0016665780357912
sx2766715b.1,0.9950719053045685,1.0035106823000624
sx2766715b.2,0.9985919207092064,1.0070017352073186
sx2860479b.1,0.9960710626031348,1.0045012166608849
sx2860479b.2,0.9978459672997348,1.0062620581365618
sx3178969b.1,0.9908442326382931,0.9993194751580106
sx3178969b.2,1.0013271229149623,1.0097140258069355
sx2729401b.1,0.9930702846235636,1.0015261842522785
sx2729401b.2,0.9991179022363278,1.0075232605893383
sx2804245b.1,0.9942654120208787,1.00271094226139
sx2804245b.2,0.9939039196149565,1.0023535499943628
sx3216338b.1,0.9848018162633354,0.9933301557686868
sx3216338b.2,1.0021302140836386,1.0105100285385653
sx2691938b.1,0.9977683606778922,1.006183914717711
sx2691938b.2,0.9895113596224719,0.997999092775469
sx2673326b.1,0.9974451756892558,1.00586363442808
sx2673326b.2,0.9933051323131185,1.001759893874638
sx3251806b.1,0.988426121577467,0.996922465943533
sx3251806b.2,1.0026299889975145,1.0110061346221477
sx3160108b.1,0.9963252523471423,1.0047527720849065
sx3160108b.2,0.9872764737680145,0.9957839865286869
sx2841624b.1,0.9970096810031899,1.0054318082876084
sx2841624b.2,0.9938399588239997,1.0022901074341786
sx2729409b.1,0.9997582904298743,1.0081570125292045
sx2729409b.2,0.9877622207587116,0.9962653469547675
sx3029510b.1,0.9979407270988113,1.0063549962477405
sx3029510b.2,0.9930329034275539,1.0014900166519232
sx2991927b.1,0.9853167921632036,0.9938406256690561
sx2991927b.2,1.0022903245215158,1.0106687980696454
sx2954338b.1,0.9990407740983085,1.0074457113942403
sx2954338b.2,0.9922726257877845,1.0007366622841602
sx3197634b.1,0.9967189147615392,1.0051416823137416
sx3197634b.2,1.0092499860946644,1.0175668449942512
sx2729408b.1,1.0151048216764413,1.0233734172598938
sx2729408b.2,0.9945860726154547,1.0030286087655242
sx2991909a.1,0.9951609891899645,1.0078839697549384
sx2991909a.2,0.9974969816409102,1.0101914314262477
sx3085398b.1,1.0032740919911265,1.0116403280678152
sx3085398b.2,1.0062368104456343,1.0145790598524302
sx2673314c.1,1.0131658336119904,1.0197562044956425
sx2673314c.2,1.0169463038686766,1.0235128123219277
sx3122817c.1,1.0151772507856869,1.0217544524364357
sx3122817c.2,1.0132787927122686,1.0198691920816272
sx3160102b.1,0.9998913540201417,1.0082872885280654
sx3160102b.2,1.0064297418115362,1.014771377088739
sx2822871b.1,1.0121115242117358,1.0203949005643225
sx2822871b.2,1.00632573360726,1.0146583395991742
sx2876813a.1,1.0029613006895555,1.0157147979355945
sx2876813a.2,0.9963250180964003,1.0091655562657307
sx2952013a.1,0.9994951843194627,1.0122929214737768
sx2952013a.2,1.0027387230746456,1.0154966391232094
sx2916598a.1,1.0018896793793752,1.0147282197752223
sx2916598a.2,1.004510601475862,1.0173172088016609
sx3048212a.1,1.001145458877993,1.0139935774796511
sx3048212a.2,1.0052532766429667,1.0180505022651072
sx2691973a.1,0.9994951598475023,1.012364597339423
sx2691973a.2,1.0052382165754297,1.018035564121195
sx2954357a.1,1.0020124631728005,1.0148490262801901
sx2954357a.2,0.9959285867649379,1.0088462389962842
sx2841639a.1,0.9931690510761115,1.0061221715908852
sx2841639a.2,1.0104004269688043,1.023132554479737
sx2804262a.1,1.0035535379368978,1.0163710053573778
sx2804262a.2,1.0036838887881079,1.016501177586759
sx2973165a.1,1.0067707769535477,1.0195471812764596
sx2973165a.2,0.9978993482106145,1.0107916292854748
sx2785529c.1,1.0208554792447468,1.0274028038268201
sx2785529c.2,1.008726487309945,1.0153545711269825
sx3197646b.1,1.0135191861119788,1.0217873481134931
sx3197646b.2,1.0074533070823573,1.015772882659508
sx3141389a.1,0.9960192764493366,1.0089337602634585
sx3141389a.2,1.0065152579239014,1.0192964498517931
sx3197618a.1,1.0008259927529424,1.0136779296533696
sx3197618a.2,1.001762237470034,1.014603645063617
sx2691936a.1,1.005134243887807,1.0179313220825914
sx2691936a.2,0.9975662636814329,1.0104619915269406
sx3216336a.1,1.004975872913567,1.0177746322756778
sx3216336a.2,0.9948375755101917,1.007769189434459
sx3216337a.1,0.9951578888329767,1.0080838096786222
sx3216337a.2,1.0077086705333727,1.0204749535745934
sx2841615a.1,1.002922950299256,1.015748085397023
sx2841615a.2,1.0001528769100998,1.0130150488285221
sx2954348a.1,0.9982725608879243,1.0111576744701092
sx2954348a.2,1.0020419858564382,1.0148797888214358
sx3235249a.1,1.0034432010635577,1.016261780690621
sx3235249a.2,1.001676779901893,1.0145193973945645
sx2916599a.1,0.998337511171977,1.0112219075705005
sx2916599a.2,1.002710643858876,1.0155399531446612
sx3122816b.1,1.0089488129873612,1.0172692052731405
sx3122816b.2,0.9998740882832073,1.0082719925299366
sx3160103c.1,1.006841929083881,1.0134725440488166
sx3160103c.2,1.0175745666519034,1.0241353964908526
sx2935556b.1,1.011804504864053,1.020105419538418
sx2935556b.2,0.9932034973067893,1.0016630161508666
sx3104124b.1,1.0027694327312524,1.0111455364709006
sx3104124b.2,1.0057217352192995,1.0140740642864943
sx2970804c.1,1.0152008475386747,1.0182517889485219
sx2970804c.2,1.028952692140368,1.0319624286681177
sx3176661c.1,1.0195726275652344,1.022610139144836
sx3176661c.2,1.0296526061339055,1.0326604760310176
sx3048937c.1,1.018359555106578,1.021400763239078
sx3048937c.2,1.029269794185207,1.032278727009141
sx2804957c.1,1.0290745105575696,1.0320837069971982
sx2804957c.2,1.0202805797558017,1.023316290995256
sx2767343c.1,1.015764182749755,1.0188134135244749
sx2767343c.2,1.0244776133259188,1.0275005381187805
sx3179608c.1,1.0210554735611785,1.0276854276322365
sx3179608c.2,1.0390792308305004,1.045592191614795
sx3086002c.1,1.0297093536905746,1.0362819896222957
sx3086002c.2,1.034873910707653,1.0414140140978696
sx2842330c.1,1.0381085703433892,1.044627380682644
sx2842330c.2,1.026542811866309,1.033136966132086
sx3235945c.1,1.0334688063350623,1.0400171537641603
sx3235945c.2,1.031329221220608,1.0378921265587302
sx2955006c.1,1.0403083976105365,1.0468133863923132
sx2955006c.2,1.0246353971476778,1.0312422013484224
sx2692600c.1,1.0277183077200887,1.0343039896069082
sx2692600c.2,1.037273847588538,1.0437987046788701
sx3235946a.1,0.9497562988711165,0.9613840261016408
sx3235946a.2,0.9679086728959119,0.9793175262523719
sx3011229a.1,0.9621866824228866,0.9736620928172497
sx3011229a.2,0.9579358170187545,0.969463626806056
sx2767342a.1,0.9602940087720891,0.9717918993619702
sx2767342a.2,0.9564307346891072,0.9679768575549719
sx2748780a.1,0.9622075999589709,0.9736825193383508
sx2748780a.2,0.954312488021043,0.9658846033896077
sx2823544a.1,0.9621341918180463,0.9736099773752126
sx2823544a.2,0.9541683464282931,0.9657422091634713
sx3195321a.1,0.9607964134853713,0.9722883715024871
sx3195321a.2,0.9585657639928274,0.9700858746557154
sx2823545a.1,0.9645574871886159,0.9760044374395128
sx2823545a.2,0.9511920314767907,0.9628027556019594
sx3101782a.1,0.9611007652953698,0.9725884010129394
sx3101782a.2,0.9508429563175562,0.9624581615827861
sx2936214a.1,0.9613431696751976,0.9725894041987814
sx2936214a.2,0.9661248012347226,0.9773161408614864
sx3142049c.1,1.0244154589191048,1.0302555611336297
sx3142049c.2,1.0262838466141488,1.0321139339617684
sx2804956a.1,0.9638714764231469,0.9750878618624395
sx2804956a.2,0.9635849720910953,0.9748060325302625
sx2730106c.1,1.0318969509923863,1.0376625226285556
sx2730106c.2,1.0137337507287458,1.0196050386177724
sx2936212a.1,0.9687629976937479,0.9797921655644969
sx2936212a.2,0.9630162588702117,0.9741131832968418
sx3029495b.1,0.9815686130334971,0.990139853014866
sx3029495b.2,0.9856653810665641,0.9942017507123029
sx2804247b.1,0.9753501412054989,0.9839771287329272
sx2804247b.2,0.988438353012525,0.9969505033954204
sx3104115b.1,0.980209547260929,0.988792885450842
sx3104115b.2,0.9887949636596192,0.9973045268618227
sx2954339b.1,0.9748275784076347,0.9834593492322821
sx2954339b.2,0.9891545452511912,0.9976605335527654
sx3048200b.1,0.9832330993255104,0.9917896896826907
sx3048200b.2,0.9857125508997914,0.9942485426017876
sx3216339b.1,0.9740570804398359,0.9826958278383902
sx3216339b.2,0.9895739844104373,0.9980763619159063
sx3048201b.1,0.990899156918923,0.9993891930388458
sx3048201b.2,0.9726851463825557,0.9813374640423665
sx3141390b.1,0.9828591240554716,0.9914190594163999
sx3141390b.2,0.9826655170964793,0.9912281623844171
sx2710537b.1,0.9865048553032011,0.9950328123868426
sx2710537b.2,0.9784465431332602,0.9870467239018716
sx2673300b.1,0.9927150164921043,1.0011895672852356
sx2673300b.2,0.9727013987516626,0.9813538501614206
sx3085388b.1,0.9897065422604452,0.9982073305017619
sx3085388b.2,0.9807189856187484,0.9892989242339515
sx2822859b.1,0.9892256375386855,0.9977300558179603
sx2822859b.2,0.976346727172015,0.9849659212740348
sx2991902b.1,0.9899448427503886,0.9984430818231367
sx2991902b.2,0.9763530321478139,0.9849722584995473
sx2991918b.1,0.9778992763298884,0.9865036045010722
sx2991918b.2,0.9892271103467067,0.9977325309918861
sx2897764b.1,0.992666790345552,1.0011417398634028
sx2897764b.2,0.9743029959102494,0.9829409863490046
sx2860488b.1,0.9751614291089377,0.983790641212364
sx2860488b.2,0.9924164576414695,1.00089451682127
sx2804260b.1,0.9886537699952529,0.9971632281173224
sx2804260b.2,0.982974967363462,0.991535267580478
sx2973163b.1,0.9892096089147719,0.9977143967001982
sx2973163b.2,0.9884966496555165,0.9970085793016639
sx3104130b.1,0.9894275909292256,0.9979304122149236
sx3104130b.2,0.9871171104686741,0.9956411028205748
sx2879079b.1,0.988941687090303,0.997448779314972
sx2879079b.2,0.9917993945512031,1.000282800246371
sx2991917b.1,0.9968167015021149,1.0052566425746567
sx2991917b.2,0.9870345933897978,0.995559436378393
sx2841636b.1,0.9933370186255503,1.0018061944607497
sx2841636b.2,0.990293894178999,0.9987902560804536
sx3085389b.1,0.9722280437606179,0.9808836614574439
sx3085389b.2,0.9921186084867558,1.0005992226852805
sx2673319c.1,1.0027373133558455,1.0093385552019667
sx2673319c.2,0.9985311531843508,1.0051612247775379
sx2841631c.1,1.0093671476800024,1.0159247349409017
sx2841631c.2,0.9886652005433322,0.9953632093041214
sx3216350a.1,0.9788995529830458,0.9922515280008847
sx3216350a.2,0.9976507027258118,1.0107514556011095
sx3141402c.1,0.9908498361132835,0.9975317802228618
sx3141402c.2,1.007185059141442,1.0137576163490871
sx3197642c.1,0.9966352296975894,1.0032773861387922
sx3197642c.2,1.0052614808706264,1.0118468941938061
sx2691952a.1,0.9897413619582771,1.0029447869237835
sx2691952a.2,0.990079854448624,1.0032802947405546
sx2879081a.1,0.9914567342107558,1.0046356779017607
sx2879081a.2,0.9885628025656782,1.0017818777841063
sx2785530a.1,0.9924523234026859,1.0056176050952113
sx2785530a.2,0.9893203738199066,1.0025287512244565
sx2766723a.1,0.985130525106256,0.9983939773640407
sx2766723a.2,0.9919432226731758,1.0051164891267794
sx3122822a.1,0.9930494256758301,1.0062064910839326
sx3122822a.2,0.9839749194084241,0.9972557131801502
sx2766747a.1,0.9943535501052596,1.0065787346872537
sx2766747a.2,0.9814295833481389,0.9938184914012114
sx2858163a.1,0.9935308710997506,1.005766519769649
sx2858163a.2,0.9856244066251552,0.9979597821198711
sx3216346a.1,0.9852985327837274,0.9976366427386393
sx3216346a.2,0.9941327539308676,1.0063624821178134
sx3029500a.1,0.9812208602304865,0.9936111086735323
sx3029500a.2,0.995111564399073,1.0073289065316773
sx3156034a.1,0.9920673462122183,1.0043209674666085
sx3156034a.2,0.9892377868590115,1.0015278198800475
sx3066821a.1,0.981258848465824,0.993648667370015
sx3066821a.2,0.9953716078649615,1.007585785107491
sx2748140a.1,0.9922861091813976,1.0045367651742358
sx2748140a.2,0.9843446857567396,0.9966963951763365
sx3141412a.1,0.9920563341265709,1.0043100400287737
sx3141412a.2,0.9875970666385595,0.9999076082899936
sx2991915b.1,0.9756903756662939,0.9841912689296429
sx2991915b.2,0.9861080969608989,0.994518898527897
sx2673320b.1,0.978742875611481,0.9872166965942517
sx2673320b.2,0.9830488616653035,0.9914860293040813
sx2841634b.1,0.9747665105292181,0.9832757140599463
sx2841634b.2,0.9828342991035581,0.9912730232626198
sx2766720a.1,0.9865445223540287,0.9993580445237165
sx2766720a.2,1.0024378182138798,1.015048149984356
sx3235254c.1,1.019176526555611,1.0257386287303056
sx3235254c.2,1.0129389043242587,1.0195428254907355
sx2935566c.1,1.027206855915696,1.033815496124871
sx2935566c.2,1.043501095612375,1.050002330020966
sx3141393c.1,1.0296729732492997,1.0362599833212185
sx3141393c.2,1.0378467912945744,1.0443819050325973
sx3030204a.1,1.029422163664606,1.0347785823999296
sx3030204a.2,1.0194325206741874,1.0248427931505961
sx3160868b.1,1.0146359479741596,1.0223305823143556
sx3160868b.2,1.002856380878843,1.010643573998545
sx2785524c.1,1.033480891356115,1.0388448025837345
sx2785524c.2,1.0246131605049897,1.0300245736595204
sx3235268c.1,1.0054474969368958,1.0120835691652506
sx3235268c.2,1.0013829462450934,1.0080471683276353
sx3122825a.1,0.9898808355773675,1.00412228000354
sx3122825a.2,0.9902931874313335,1.0045302831068506
sx2991920a.1,0.9949090819419741,1.009078470124815
sx2991920a.2,0.992034799023241,1.0062468645125602
sx2973146b.1,0.9856026587530958,0.9941238630590813
sx2973146b.2,1.00133037657099,1.0097168780081454
sx2935568b.1,0.9791331808013994,0.987605102552779
sx2935568b.2,0.9923752639901909,1.0007343267872175
sx2814529a.1,0.9942193559451655,1.0073583797053232
sx2814529a.2,0.9762873747556087,0.9896750129744043
sx2814529b.1,1.0159639107779534,1.0241199363953717
sx2814529b.2,0.9961875140879928,1.0045115195991559
sx2814529c.1,0.9985041250887596,1.0051337078402043
sx2814529c.2,0.9938587196307948,1.0005211625238568
sx3122818c.1,1.018075543360338,1.0246322610778664
sx3122818c.2,1.0052137343789571,1.0118564753393522
sx3048209b.1,0.9706690731097078,0.97921519711707
sx3048209b.2,0.9909030692331174,0.9992731546522887
sx2841628a.1,0.9780122927515331,0.9871531221709716
sx2841628a.2,0.994133016177467,1.0031249751281397
sx2673316a.1,0.9839252356982988,0.9930100304368723
sx2673316a.2,0.9928833819455496,1.0018871240513352
sx2748143a.1,1.0093527088255931,1.0243008560088236
sx2748143a.2,0.999766590519195,1.0148604946396076
sx2860477a.1,1.0024550607799563,1.0152861203613794
sx2860477a.2,1.0001240622444454,1.012986539254023
sx3066811b.1,0.9939663961154226,1.0023104025191605
sx3066811b.2,0.9808164728948928,0.9892749207546855
sx2954352c.1,1.0242695593384903,1.0296824136975993
sx2954352c.2,1.0339900041221521,1.039351762855053
sx3160864b.1,1.013469887865291,1.0205446317081934
sx3160864b.2,1.0106241248886354,1.0177197674781215
sx3085401a.1,1.0115751690514154,1.024629333309396
sx3085401a.2,1.021518792838807,1.0344456219622296
sx2766744b.1,1.0036594110086268,1.0120353562482431
sx2766744b.2,0.9981218528099838,1.0065458769242943
sx2804259a.1,0.9953458040958881,1.0095071143212657
sx2804259a.2,0.9899146251503863,1.0041557358090052
sx2860486c.1,1.0298174944839997,1.0352004496898974
sx2860486c.2,1.0233880091301417,1.0288057407620899
sx2785522b.1,1.0103897620594025,1.0187087275375741
sx2785522b.2,0.9911436336938767,0.9996273785506736
sx2897766c.1,1.0043340478554985,1.0094127256044885
sx2897766c.2,1.0106912561682377,1.0157380180416786
sx3048889c.1,1.0170947132644603,1.0201399666260849
sx3048889c.2,1.030704757691094,1.0337093833822217
sx3048890c.1,1.0304389140855712,1.0334439786000988
sx3048890c.2,1.0179872788702218,1.0210301663256496
sx2991921c.1,1.0262214478480283,1.0316926070045191
sx2991921c.2,1.027250730461621,1.0327169567778336
sx3011293a.1,1.0151989514175457,1.0209079254870579
sx3011293a.2,1.0213564983192138,1.0270307206498863
sx3011293b.1,1.0403942056846316,1.0453039833075535
sx3011293b.2,1.0039635973728176,1.0090583802866917
sx3011293c.1,1.0168171035747544,1.0204491563733609
sx3011293c.2,1.044349562862159,1.0478828383541907
sx3123509c.1,1.0408428938171328,1.0443886704581047
sx3123509c.2,1.032215213565925,1.0357913790270443
sx2841620b.1,1.0044733892581692,1.012844888916943
sx2841620b.2,1.0156501574239993,1.0239299013169623
sx2991929b.1,1.0138039159588113,1.0211993711767506
sx2991929b.2,1.008417443814824,1.0158538282875282
sx3160793c.1,1.0297563924384208,1.0352547101992349
sx3160793c.2,1.0200165019769556,1.0255684748159761
sx2691946b.1,1.0342293811643852,1.0422721610840149
sx2691946b.2,1.0307094748470889,1.0387808305918669
sx2991940c.1,1.011351900484826,1.016394829815376
sx2991940c.2,1.009035287864913,1.014090504320097
sx3197636b.1,0.9809825702503001,0.9894382240496745
sx3197636b.2,0.9987243527933307,1.0070286601211276
sx2991905a.1,1.002661860342752,1.0155599502735702
sx2991905a.2,0.9970299687455471,1.010003505575864
sx3141395c.1,1.0107895547842984,1.0172735402479767
sx3141395c.2,0.9990614645738166,1.0056235839406389
sx2748135a.1,0.9941409128763494,1.0083212665820052
sx2748135a.2,0.9913335043049225,1.0055559004417247
sx2729412a.1,0.9946390623084158,1.0088131355332521
sx2729412a.2,0.9914994368274588,1.0057203040432494
sx2839305a.1,1.0112935967084244,1.0182964259160643
sx2839305a.2,1.0145239181502672,1.021505120527242
sx3160123a.1,1.0030520710215551,1.0159384607285442
sx3160123a.2,1.0066105634930156,1.0194528610812397
sx2822861a.1,1.0095706444344925,1.022377130795645
sx2822861a.2,0.9953734432835886,1.0083653921819589
sx2841616a.1,0.9968793413777243,1.0098497676090117
sx2841616a.2,1.0080253397331744,1.0208528539435626
sx3122812b.1,0.9971304083772056,1.0054453594288495
sx3122812b.2,0.9873860271690934,0.9957858951586362
sx2897771b.1,1.0116250657934063,1.0189303646586532
sx2897771b.2,1.0042541154234332,1.0116142920150688
sx3178973a.1,1.0071524612676956,1.020145342850751
sx3178973a.2,1.00402037127605,1.0170555699062667
sx3141411c.1,0.9664325743784844,0.9732937260094637
sx3141411c.2,1.0129792931691035,1.0195084107870764
sx2710518a.1,0.9922493765040009,1.0054203148542882
sx2710518a.2,0.9843936438224546,0.9976719638033005
sx3085391b.1,0.9776009114659793,0.9860875181851647
sx3085391b.2,0.9967028938084076,1.0050226399724664
sx2955076a.1,0.9981216968490935,1.0062887962792368
sx2955076a.2,1.0091097007392904,1.0171883224892984
sx2729430b.1,0.9999225810466732,1.0083202920012588
sx2729430b.2,0.9973931917218332,1.0058134697069219
sx3142079b.1,1.006411459167009,1.0136465733049882
sx3142079b.2,1.012775661334292,1.0199658059972478
sx2955055b.1,1.006128611792342,1.0133657947339811
sx2955055b.2,1.009807589507491,1.017018869737484
sx2879753b.1,1.0128523910081628,1.020040974763307
sx2879753b.2,1.003037283925062,1.0102980813292057
sx2842390c.1,1.017812169158993,1.0228228824697418
sx2842390c.2,1.0077757345037774,1.0128374606218133
sx2710511a.1,1.0056852482915954,1.0187089544120358
sx2710511a.2,1.0125984340736403,1.0255341464186063
sx2766719a.1,1.0062848792349417,1.0193007244054857
sx2766719a.2,1.0119808219450277,1.0249244332169434
sx3160117b.1,0.9860016312481149,0.9944136645045328
sx3160117b.2,0.986672640804421,0.9950798556111439
sx2897790c.1,1.0393298132543234,1.045859738410682
sx2897790c.2,1.0315016452695442,1.0380826461754715
sx3066817a.1,0.9777533186105131,0.9911196863201284
sx3066817a.2,0.9911583930139759,1.0043413442685998
sx2841641b.1,1.0180281238589923,1.0253928802610688
sx2841641b.2,1.01592032313532,1.0233013287227577
sx2674027b.1,0.9986886733863354,1.0080444057753462
sx2674027b.2,0.9800343879082587,0.9895716669559989
sx3010557a.1,1.0209144728593194,1.0352401292185456
sx3010557a.2,1.018100030706651,1.0324669122108447
sx3235242c.1,1.0307713301256864,1.0373511818339036
sx3235242c.2,1.0368672160387198,1.0434085654931067
sx2973150a.1,1.003225959937601,1.0184721492417768
sx2973150a.2,0.9979465038057331,1.0132749839678514
sx3066804a.1,0.9966551497734769,1.0120017469629912
sx3066804a.2,0.9976813197285719,1.0130137277101152
sx2879067a.1,1.0122153851207536,1.0251353881708387
sx2879067a.2,0.994049251700051,1.0072085611174306
sx2710530b.1,1.0104502633703147,1.0178709626697156
sx2710530b.2,1.0225436430493826,1.029876793456252
sx2748781a.1,0.9659091084258076,0.9773390380199941
sx2748781a.2,0.9458610046234445,0.9575391315131278
sx3197654a.1,1.0035795950202901,1.0189004885614092
sx3197654a.2,0.9882237694933802,1.0037856468615465
sx2954361b.1,1.0156050664433949,1.0229872863882856
sx2954361b.2,1.0036842516644648,1.0111562796446496
sx2935547b.1,1.0064083944512054,1.0138588378104743
sx2935547b.2,1.0162813370362727,1.0236597301458428
sx3215385a.1,0.9954826104421947,1.004445401829601
sx3215385a.2,0.9765633175457077,0.9857042889018799
sx3215385b.1,1.0049008188741526,1.0123686155110427
sx3215385b.2,0.9687985649982823,0.9765552657634566
sx3215385c.1,0.9977282858706282,1.0029291120697004
sx3215385c.2,1.015403637744654,1.0205121128687271
sx2841622a.1,1.0084205660198278,1.0213892460807281
sx2841622a.2,1.0014701972841609,1.014530440763027
sx2879062c.1,0.9989780673328454,1.0040842558221579
sx2879062c.2,1.0107988407989035,1.0158452747803859
sx2917255c.1,1.026018692962904,1.0312930683916857
sx2917255c.2,1.0210002206607927,1.0263015768032007
sx3160862c.1,1.0311891009403982,1.03611651856353
sx3160862c.2,1.0202842216587986,1.025265422894252
sx3067447a.1,0.9695682505141493,0.9805882251794338
sx3067447a.2,0.9622052844426423,0.9733117125284293
sx3179637c.1,1.0164274371699078,1.0194748471526622
sx3179637c.2,1.0284037827304509,1.0314150667298885
sx2822867b.1,0.9967253119777508,1.0050458140775023
sx2822867b.2,0.9845803824071424,0.9930052108629287
sx2766741a.1,1.010588400078027,1.0233863411764461
sx2766741a.2,0.992544609185347,1.0055784025808334
sx2897807b.1,0.9931235140571301,1.001469733566287
sx2897807b.2,1.005225054114828,1.0134710794906816
sx2823611a.1,1.0315596211217521,1.0367617688645205
sx2823611a.2,1.0227185197060598,1.0279666071510407
sx3141398a.1,0.9920543444575274,1.0052220962805996
sx3141398a.2,0.9821338159297466,0.9954361934145607
sx3235251c.1,1.0345361758990403,1.0398946774220081
sx3235251c.2,1.0204271335408288,1.0258610866963882
sx2935551c.1,0.9992905999464898,1.0043951046957262
sx2935551c.2,1.0097098907873312,1.0147617570775165
sx3235252b.1,0.980414868452339,0.9888756130835471
sx3235252b.2,0.999591497735262,1.007888613554408
sx2917328b.1,1.01544101885036,1.0226179233211614
sx2917328b.2,1.0012818153891074,1.008562547186686
sx2989565a.1,0.9981126643250611,1.0068095914202002
sx2989565a.2,1.006565067477172,1.0151891540873745
sx2692655c.1,1.0241480380040828,1.0289655201470052
sx2692655c.2,1.0228609518167513,1.0276851647011789
sx2861219b.1,1.0192937901096177,1.0263278631066297
sx2861219b.2,1.0015274884045593,1.008689032264268
sx2674051a.1,1.0075033195040592,1.0161185752436666
sx2674051a.2,1.0001546829477455,1.0088345601217394
sx2804249c.1,1.013792113978783,1.018902169336957
sx2804249c.2,1.0182381678157302,1.0233262775267227
sx3030205c.1,1.0276327921303978,1.0316568918545912
sx3030205c.2,1.0335618111958345,1.0375628850757608
sx3085395a.1,1.0084927505868826,1.0224358177728419
sx3085395a.2,1.019510830782274,1.0333048738673893
sx2767409b.1,1.0042073739054975,1.011982921091082
sx2767409b.2,1.013172479554857,1.0208791734633886
sx3217064b.1,1.017487303802531,1.0251603643088731
sx3217064b.2,0.9995831643103426,1.0073965357349997
sx2729405b.1,1.0215287938824955,1.0296728788130827
sx2729405b.2,1.0362546637553556,1.0442824606910157
sx3179699b.1,1.0372010457335556,1.0452198901245375
sx3179699b.2,1.0162260853331844,1.0244150020994487
sx2898526c.1,1.0181091148993935,1.0231221223242128
sx2898526c.2,1.0259995224287128,1.030974167352842
sx2674052c.1,1.0168035075868456,1.021819180657521
sx2674052c.2,1.008808239773831,1.0138646669100337
sx2851933a.1,0.9863017370343354,0.9995480575909825
sx2851933a.2,0.9924478626149105,1.005613120690892
sx2851933b.1,1.0170799468626668,1.025227960698715
sx2851933b.2,1.0032802434150794,1.0115428150612877
sx2851933c.1,0.9937633035529256,1.0004258233487555
sx2851933c.2,1.0034769577703562,1.0100741148642185
sx2860492c.1,1.0265793581715348,1.0320300665016076
sx2860492c.2,1.0364625513325614,1.0418614204292542
sx3197645a.1,1.0101218045608944,1.024099812839243
sx3197645a.2,0.9990703336112317,1.013205491977206
sx3048211a.1,1.0010141559295145,1.015116686569203
sx3048211a.2,1.0033713596668556,1.0174422108143233
sx2804253a.1,1.0159321723824106,1.029724384574004
sx2804253a.2,1.0188189549048183,1.0325737009194584
sx3178981b.1,1.0045393024890066,1.012910537632645
sx3178981b.2,1.016261188761771,1.0245355579874913
sx2785525c.1,1.0339198217460914,1.0392812914950496
sx2785525c.2,1.0225760426856971,1.0279986154706562
sx2860483b.1,0.9926874770751019,1.001042255181336
sx2860483b.2,0.9799300426745409,0.9883961204625356
sx3141397b.1,0.9792853151561152,0.987756114903951
sx3141397b.2,0.9932853090075061,1.0016360173432741
sx3253995c.1,1.0272342408880335,1.0337504402563091
sx3253995c.2,1.0130860141083984,1.0196947888409436
sx2710536a.1,1.0032299985151343,1.0158684568337757
sx2710536a.2,0.9903081192137676,1.0031141917253357
sx3197638a.1,0.9903131105540813,1.0031385652050555
sx3197638a.2,1.0039584621564008,1.0166098085600908
sx2935557a.1,0.9885867440714422,1.0014351801207375
sx2935557a.2,1.0018571545811417,1.0145343095589052
sx2673311a.1,0.9916658890535546,1.0044735034407737
sx2673311a.2,1.0025301180198558,1.0151994160901407
sx2729413a.1,1.003231464442626,1.01605296693402
sx2729413a.2,1.003144256354173,1.0159683620826678
sx3122848c.1,1.0241725481914465,1.0307053824628913
sx3122848c.2,1.0125397076247398,1.0191490255905826
sx2973169a.1,0.989102811963751,1.0013930474447292
sx2973169a.2,0.9902267005010907,1.0025043924470876
sx2822868a.1,0.9946742334543429,1.0078103198754094
sx2822868a.2,0.9854428065952164,0.9987035545998696
sx2860493a.1,0.9891221679601164,1.0023316088970464
sx2860493a.2,0.988022917651289,1.0012486948750379
sx3178976a.1,0.9924829781187399,1.0047314355328238
sx3178976a.2,0.9868692212750568,0.9991888826661824
sx2673317a.1,0.9824371678936737,0.9957339928281826
sx2673317a.2,0.9929118713368411,1.0060698686381562
sx2729428a.1,0.9877147453392806,1.0009400647506652
sx2729428a.2,0.9895627427450681,1.0027648843106385
sx2973159a.1,0.9827010986470276,0.9959944660948624
sx2973159a.2,0.9938763018152641,1.0070216358649597
sx3254216a.1,0.9736450220683459,0.9870627776203152
sx3254216a.2,0.9908527905074115,1.0040373867135473
sx2973180b.1,0.9908684643089305,0.9992378735700859
sx2973180b.2,0.9717041892086776,0.980242070335708
sx3066816a.1,0.9837648275507543,0.9970475140005343
sx3066816a.2,0.9960224782181849,1.0091431234651425
sx3216351a.1,0.9891443495968648,1.0023540440842738
sx3216351a.2,0.9879060151267101,1.0011339206748557
sx2841635a.1,1.008739149659578,1.0216724092508107
sx2841635a.2,1.0051111719128485,1.0180926427208155
sx3254217c.1,0.9987336495593815,1.0053695766268398
sx3254217c.2,1.0198212744881994,1.0263185133645156
sx2822870c.1,1.004677529771061,1.0112721789341643
sx2822870c.2,1.0154766270480522,1.0220012830365617
sx2766725c.1,1.0052287385616063,1.0118196870412612
sx2766725c.2,1.014922374955374,1.0214505755417989
sx2879078a.1,0.992049892111234,1.005221417665487
sx2879078a.2,0.9879636581650221,1.0011912214636254
sx3048221a.1,0.9968354857197346,1.0099443472501521
sx3048221a.2,0.9799159762483723,0.9932543628732261
sx2879092c.1,0.9909228779415846,0.9976042795632237
sx2879092c.2,1.0064780691061777,1.0130552802980672
sx2691954b.1,0.9956436239141225,1.0040931060236478
sx2691954b.2,0.9977531200477265,1.006185481510804
sx3104135a.1,0.9956351461888835,1.0097904240136528
sx3104135a.2,0.9923825859753623,1.006585877710921
sx2991943c.1,1.023780117439232,1.0292645883107632
sx2991943c.2,1.0298298918136122,1.0352822524523515
sx3233353a.1,1.0013893250981405,1.0141625712699844
sx3233353a.2,0.996446730734497,1.0092848722153074
sx3141403a.1,0.9922989023855836,1.0051904359249317
sx3141403a.2,1.004885136505031,1.0176155370657471
sx2785546a.1,0.9909199518123121,1.0038296643973867
sx2785546a.2,1.005787074852604,1.018506074155764
sx2879087a.1,1.0035738551571276,1.016319692576179
sx2879087a.2,0.9968719565273483,1.0097050384517967
sx2785531a.1,1.0032617634562795,1.0160116090899092
sx2785531a.2,0.9984404385050921,1.0112533839983766
sx3216358a.1,0.9952099033902366,1.0080632978329132
sx3216358a.2,1.0028414438222746,1.0155978234987824
sx2748139b.1,0.989978314567968,0.9984610070387917
sx2748139b.2,1.0010429765536286,1.0094322615017512
sx2935559a.1,0.9871345633605828,1.0014157049760977
sx2935559a.2,0.994282932129965,1.0084624571052778
sx3048231b.1,0.9847291603767677,0.9932733141562441
sx3048231b.2,1.0145224526922536,1.0228087865145692
sx2691959b.1,1.0076152633609918,1.0159599189910848
sx2691959b.2,1.00476691055136,1.0131363170633791
sx2731712b.1,0.996111182562935,1.0045515570427963
sx2731712b.2,1.005560253384217,1.0139212266555873
sx3010580b.1,0.9995208566664131,1.0079318906116952
sx3010580b.2,1.0053950846773012,1.013757630265123
sx3216361b.1,1.0020877077694688,1.0104735345045488
sx3216361b.2,1.001151020395301,1.009545778191081
sx2879089c.1,0.9867648006867383,0.9935304355616282
sx2879089c.2,1.0158876361997276,1.022455074402989
sx3232301c.1,1.0080765110430514,1.0145716005070289
sx3232301c.2,0.9766443561842473,0.9833610727838613
sx2763811c.1,0.9830447661497608,0.9897140988238694
sx2763811c.2,1.0007824504476974,1.007327947090917
sx2970258c.1,0.9979224627629334,1.004488058400038
sx2970258c.2,1.0007465266401248,1.0072938904799085
sx2763812c.1,1.0037931759350722,1.0103172627480295
sx2763812c.2,0.9795046755253506,0.9862003641787851
sx3101194c.1,0.9625014664438937,0.9693229993448601
sx3101194c.2,1.0190017972721441,1.0254245154348332
sx2916625b.1,1.0032995714932569,1.0116806877870514
sx2916625b.2,1.0054002048990844,1.0137644069889806
sx2955047a.1,0.9563249965556637,0.9679116792771305
sx2955047a.2,0.9619932042192307,0.9735123125438766
sx3066830b.1,0.9948072296312791,1.0031444187179683
sx3066830b.2,0.9746625170707593,0.9831755240710445
sx2673343b.1,0.9803036302323003,0.9887652713887232
sx2673343b.2,0.9939727766585494,1.002318218272272
sx2766748a.1,1.0015973242512817,1.0142772234364255
sx2766748a.2,0.9959744109717428,1.0087274370561126
sx2897801a.1,0.9980804499034255,1.011039334839982
sx2897801a.2,1.0006561228670299,1.0135826728865003
sx2897805a.1,1.009949351893761,1.0227476094000298
sx2897805a.2,0.9966163765047833,1.0095885642439009
sx3086098a.1,1.0152585013253437,1.0219910854082142
sx3086098a.2,1.0043186354079374,1.011127471263016
sx3104155c.1,1.007514150285613,1.0125762598538113
sx3104155c.2,0.9966350112405471,1.001753972698573
sx2710543c.1,0.9999634403420625,1.0065187479827986
sx2710543c.2,1.010272118977216,1.0167602119108614
sx2861197c.1,1.024588347896869,1.0298702185201023
sx2861197c.2,1.0258539663282866,1.0311298721095912
sx2992657a.1,1.0012962986720977,1.009979529769728
sx2992657a.2,1.0009713661187194,1.0096584605799344
sx3254237a.1,0.9780550780534932,0.9888533532432776
sx3254237a.2,0.9586490464715856,0.9696694669198687
sx2710544a.1,0.9895750228060026,1.0027755395156657
sx2710544a.2,0.9788964071970093,0.9922425584704321
sx2917359a.1,0.9975864793064445,1.0063024826230442
sx2917359a.2,1.0078287577554355,1.0164567495180439
sx3122847a.1,1.0005718261755256,1.0133556593448405
sx3122847a.2,0.9992272382837594,1.0120297716444107
sx3029520b.1,0.9864740348866661,0.994881001396213
sx3029520b.2,0.9813450829851829,0.9897972734507023
sx3150961c.1,1.01105545465234,1.0165566276929
sx3150961c.2,1.0307917562512323,1.036185531035266
sx2684420b.1,0.9803495183144337,0.9888103552112837
sx2684420b.2,0.9900483766328843,0.9984267340887808
sx2685809a.1,1.019025384834778,1.0319480764176214
sx2685809a.2,1.0162640068511317,1.0292233272477203
sx3097861c.1,1.0362339139778476,1.0427705737732431
sx3097861c.2,1.0354351754853295,1.04197766290622
sx2798067b.1,0.9997214737705777,1.0080197101754662
sx2798067b.2,1.0050962014727018,1.0133508825273119
sx2929261a.1,1.0121865907104444,1.0251244625961684
sx2929261a.2,1.0076168964616736,1.0206149769103363
sx2891575c.1,1.0240497898133645,1.0270737858510446
sx2891575c.2,1.0242190017826853,1.027242845044704
sx2685805a.1,0.9902939683113774,1.002870309394878
sx2685805a.2,0.9972594864306286,1.0097487875301725
sx3225319b.1,0.9758902373078774,0.9845123811273104
sx3225319b.2,0.9836780389409637,0.9922313536030772
sx2925506c.1,1.0100373601759116,1.01652631993973
sx2925506c.2,1.0004035013224857,1.006956737675338
sx2983432a.1,1.0165831227135633,1.0294650366595284
sx2983432a.2,1.0000322595881928,1.0131303674271612
sx2948732b.1,1.0019741777588498,1.010354836933573
sx2948732b.2,0.9878899740612287,0.9963919201057718
sx2911069b.1,0.9880219224071242,0.9965217109870115
sx2911069b.2,1.0019035029243355,1.0102857091134345
sx2724120c.1,1.0275912901051871,1.032986096938926
sx2724120c.2,1.027851237163286,1.033245287933681
sx2858175a.1,0.9793070637888988,0.992228550774641
sx2858175a.2,0.9850662099159164,0.9979135734461119
sx3251807a.1,0.9858276824399349,0.9986633249605028
sx3251807a.2,0.9750151881978018,0.9879957589234912
sx3231269b.1,0.9879994643994473,0.9964994461460198
sx3231269b.2,1.0018844561887459,1.0102668214365418
sx3081380a.1,0.999692290470839,1.0078932411542314
sx3081380a.2,1.007647188577886,1.0157839946083236
sx3139103a.1,0.988100651736972,1.0009070264906985
sx3139103a.2,0.9744955733385119,0.98748361552091
sx2876814a.1,0.9986356973361559,1.0110437030189001
sx2876814a.2,0.9921868652798549,1.0046768076899522
sx3120503a.1,0.9796001334452612,0.992517602730329
sx3120503a.2,0.9840812780239463,0.9969413649103566
sx3120504a.1,0.9832921008474839,0.9961609654340464
sx3120504a.2,0.9802977628727858,0.9932074689192115
sx2875754c.1,1.0013581356026044,1.006453742154726
sx2875754c.2,1.0253014528570672,1.030274419092626
sx3195327a.1,0.9859277019380609,0.9987625212898593
sx3195327a.2,0.9798145979693346,0.9927310673863352
sx2763407c.1,1.0320333203999503,1.0350337508711673
sx2763407c.2,1.027550665658521,1.0305647855005333
sx2688692b.1,0.9974236133407044,1.004936044274115
sx2688692b.2,0.9964478490613812,1.0039685670064593
sx2688693c.1,1.0201919153123005,1.0252721264843803
sx2688693c.2,1.007766896718278,1.012910994363012
sx2913406b.1,0.9886967656242317,0.997083958077141
sx2913406b.2,0.9722155737856562,0.9807493114887724
sx2989571a.1,0.9810702610084953,0.9939682131578422
sx2989571a.2,0.982188936395366,0.9950736803378164
sx2764411c.1,1.0281318135438233,1.0311437240365677
sx2764411c.2,1.0198014058165614,1.022838572899496
sx3119793b.1,1.007898162886907,1.0162405813684452
sx3119793b.2,1.008328224900303,1.0166680329151643
sx3251808a.1,0.9889305174988887,1.0017268087638465
sx3251808a.2,0.9787955299496781,0.9917259538303549
sx3027133a.1,0.9989329165442824,1.0117377386975832
sx3027133a.2,0.9980866522222449,1.0109038991356476
sx2857591a.1,0.995497928452855,1.008347335881225
sx2857591a.2,1.0044650526673096,1.0172011359005813
sx2726983a.1,0.981170632430374,0.994068126609976
sx2726983a.2,0.9820763897267297,0.9949633106237467
sx3157167a.1,1.0181527408921573,1.032517203620201
sx3157167a.2,1.02082723974355,1.0351557696294484
sx3082993a.1,0.9752365280369261,0.9882123328575816
sx3082993a.2,0.9845836974995589,0.9974368947351347
sx3120376a.1,1.0088767388692748,1.0216263657100315
sx3120376a.2,0.9924401660275337,1.005403985055718
sx2989432b.1,0.993542509979059,1.0018902819079178
sx2989432b.2,0.97607471741138,0.9845750271775003
sx3120484c.1,1.015265091040627,1.0218448901749206
sx3120484c.2,1.015269118105519,1.021849657460253
sx2820528c.1,1.0132591541529896,1.0198521175351816
sx2820528c.2,1.0138022875981936,1.0203924335224224
sx2745799c.1,1.0104541346004143,1.0170657426584118
sx2745799c.2,1.0165768593456184,1.023148786599394
sx3270814a.1,0.9916287047648291,1.0046013800995697
sx3270814a.2,1.0078374433241313,1.020601484455531
sx2801895b.1,0.9823960993656823,0.9909599980875115
sx2801895b.2,0.9814457963873914,0.9900191038851329
sx2801896b.1,0.9984422350652287,1.0068522926437546
sx2801896b.2,0.9928308748271075,1.0012897634907834
sx3214055c.1,1.031957043215296,1.0374074783480152
sx3214055c.2,1.0279161965188603,1.0333888985978568
sx3195310a.1,0.9851627313196827,0.9994728588580505
sx3195310a.2,0.9962275183307926,1.0103794272795188
sx3008232b.1,1.009146204390979,1.0174693832044037
sx3008232b.2,1.0011222892771328,1.0095133583150981
sx2764399b.1,0.9984978716129913,1.0069104035587226
sx2764399b.2,1.0100916687330677,1.0184079776747605
sx3027116a.1,1.0038699301205019,1.0179258747362998
sx3027116a.2,0.9939243139010216,1.0081224832027584
sx2689678b.1,1.0117962338753916,1.0201067189817041
sx2689678b.2,1.0046575590192277,1.0130280460227632
sx2951995c.1,1.0086129245838107,1.015104287257706
sx2951995c.2,0.973876513394239,0.9806133852858225
sx3139086b.1,0.9793025868060494,0.9877717230429187
sx3139086b.2,0.9851985185407048,0.993617243986734
sx2933120c.1,1.0084478759695108,1.0149495293735953
sx2933120c.2,0.9981427722784463,1.0047140410692785
sx2726973a.1,1.007132909655927,1.0200121054334985
sx2726973a.2,1.0038649136497784,1.0167878229036202
sx2820531b.1,1.0197242244359455,1.0278299207467028
sx2820531b.2,1.0049474709870416,1.0131749312688116
sx3157708c.1,1.0120110602004946,1.018572922700283
sx3157708c.2,1.0186456852260475,1.025165196177687
sx2858166a.1,1.0163271283637536,1.0292644498509078
sx2858166a.2,1.0182335886671052,1.0311482469861437
sx2764403a.1,0.997632675726233,1.0130886541316857
sx2764403a.2,0.9889916135055296,1.0045850464587673
sx2895449c.1,1.0122352249973727,1.0188447432270926
sx2895449c.2,1.026452020173889,1.0329693191517209
sx3176656a.1,1.014713653391494,1.0276139372373683
sx3176656a.2,0.9985138050129584,1.0116263543591584
sx2820533a.1,0.9983718454392815,1.0136920522677202
sx2820533a.2,1.0001933432150234,1.0154873042305148
sx2876796a.1,1.0018766625530873,1.0149300828421786
sx2876796a.2,1.0083598877121975,1.0213308465112498
sx2876797a.1,1.0038492662230407,1.016878778566743
sx2876797a.2,1.0074877036859398,1.0204716467894177
sx3157710b.1,0.9935642845794189,1.0019121146742755
sx3157710b.2,0.9837173305410976,0.9921502794852646
sx2726974b.1,1.0196840243103205,1.0270367035743437
sx2726974b.2,0.9997221436118807,1.0072246651349503
sx2726975b.1,0.9845082369096971,0.9929330059169688
sx2726975b.2,0.9824582353776817,0.990901686358714
sx3195315a.1,1.0133783213813987,1.027205607498566
sx3195315a.2,1.01887986867302,1.032633677037018
sx3143999a.1,1.0059252040660984,1.0187881021908303
sx3143999a.2,0.9979409088231207,1.0109089380947514
sx3125349c.1,1.0046940568171547,1.011214685582002
sx3125349c.2,1.000627587701395,1.0071759136607032
sx3181545c.1,1.0102291516778426,1.0167140635793805
sx3181545c.2,0.9992258867753866,1.0057836265778455
sx3082981c.1,1.010620152343816,1.0156668475655288
sx3082981c.2,1.0014940695843404,1.006587832028543
sx2876798b.1,1.0095660698080633,1.0177727783417956
sx2876798b.2,0.9899422990825222,0.9983149624101083
sx3008237c.1,1.038348645765502,1.0448847759356727
sx3008237c.2,1.0325148097499093,1.0390891957944302
sx2783231b.1,1.0073943218402637,1.0148385892177436
sx2783231b.2,1.0276680028326641,1.0349641842557886
sx3176660b.1,1.0145962281356444,1.0219860765942264
sx3176660b.2,1.017657173184133,1.0250254921280242
sx3082983b.1,1.0045585688636687,1.0120235763314778
sx3082983b.2,1.0206108434127008,1.0279576356893427
sx2801902b.1,1.0062240918449987,1.0136763261932547
sx2801902b.2,1.0135338319858875,1.0209319718538141
sx3157718a.1,1.0182556019535196,1.0324995488845619
sx3157718a.2,1.027306574590977,1.041426772327287
sx2745806c.1,1.0098498785729353,1.0163427014534467
sx2745806c.2,1.0006787170470757,1.0072327846420805
sx3195318b.1,1.0324365109847,1.0404933142422197
sx3195318b.2,1.0275121734032744,1.0356087721224954
sx3214071c.1,1.0297581218214675,1.0349522370178506
sx3214071c.2,1.017550324018922,1.0228084322523168
sx3214069c.1,1.0181536565448794,1.0234396193189952
sx3214069c.2,1.0290485467278463,1.034278216690905
sx3232902a.1,0.9596636145694754,0.9707111413318091
sx3232902a.2,0.9749558922255135,0.9858296697049053
sx3027122a.1,0.9525292572399607,0.9641225855011413
sx3027122a.2,0.966830798696198,0.978252312363286
sx3082988b.1,1.0066802275097344,1.0144363008264679
sx3082988b.2,1.014064643581038,1.0217647386508872
sx3027124c.1,1.0182068883093658,1.021248776830009
sx3027124c.2,1.0310162227219368,1.0340199501681822
sx2801909c.1,1.0435364111163603,1.0460098697081996
sx2801909c.2,1.0522100092683255,1.0546581439697165
sx2914324a.1,1.0000337668302908,1.0128243847475578
sx2914324a.2,1.0021033909946877,1.014869213926821
sx2820556a.1,0.9883865576752107,1.0016023731186998
sx2820556a.2,0.9776269366715897,0.9909907886045927
sx2933135a.1,0.971743787202422,0.9826827219625555
sx2933135a.2,0.9619200728961188,0.9729731248974572
sx3139366a.1,1.0239336753358916,1.0295932147370281
sx3139366a.2,1.0191099314618757,1.0247972889548673
sx2708744b.1,1.0084269024954475,1.0172680506426073
sx2708744b.2,0.9611674066357673,0.9704676368954145
sx2690187b.1,0.9741418122307858,0.9833092770388228
sx2690187b.2,0.9955341519115822,1.0044959240522418
sx3233412a.1,0.9540046057719049,0.9650416043194879
sx3233412a.2,0.976405977743792,0.9871841341579219
sx3027670b.1,0.9596948837382155,0.9690090644215903
sx3027670b.2,1.0086840822598993,1.0175238428962798
sx2821087a.1,0.9469902388739366,0.9581136293122651
sx2821087a.2,0.9747797327440835,0.9855730758639005
sx2990098a.1,0.9606776281515659,0.9716351883764759
sx2990098a.2,0.968871512713286,0.9797351832404061
sx3252336b.1,0.9968746822216235,1.0058259190049172
sx3252336b.2,0.9838527885811468,0.9929262110238155
sx2802480b.1,1.0049679923487902,1.0138407564937943
sx2802480b.2,0.9628728749011001,0.9721551752778855
sx3233413b.1,0.9770725188287853,0.9862103241756297
sx3233413b.2,0.9990940569925078,1.0080252068725355
sx3027671a.1,0.9767311251632402,0.9875056604510709
sx3027671a.2,0.9562076200576582,0.9672191102944018
sx3102286b.1,0.9960834071439747,1.0050387519872936
sx3102286b.2,0.9715158913651566,0.9807103585333212
sx2802481a.1,0.9459594095724347,0.9570953946989555
sx2802481a.2,0.974881794359289,0.9856738407402601
sx3214549a.1,0.9791618246359679,0.9899078588564956
sx3214549a.2,0.9493784394066882,0.9604725023638184
sx3139598b.1,0.9982222885583312,1.0066471549578022
sx3139598b.2,1.0103494391995582,1.0186719375222486
sx3214112b.1,0.9845998847101254,0.9930228653913182
sx3214112b.2,0.9823211229896424,0.9907647593718574
sx3251854a.1,0.9964204663014308,1.0115641058238896
sx3251854a.2,1.0125933939153184,1.027495730842774
sx2763072b.1,0.9947766166194305,1.003233434259998
sx2763072b.2,0.9807723530502493,0.9893526234593952
sx3172805a.1,0.995994979211341,1.0091163603022157
sx3172805a.2,0.98052656447705,0.9938579753917536
sx3226771a.1,0.989721146788443,1.0029212998059025
sx3226771a.2,0.9918964197389012,1.0050691392090259
sx3189190a.1,0.9847514374023455,0.9980188534091937
sx3189190a.2,0.9937418077088038,1.0068898975951863
sx2896685a.1,0.9747856173965831,0.9856206817706744
sx2896685a.2,0.9646786238794041,0.9756288527612541
sx2896685b.1,0.9957997527366896,1.0047605382595548
sx2896685b.2,0.992637665572221,1.0016282146943545
sx2896685c.1,1.0233570020239746,1.029198172818403
sx2896685c.2,1.0237032449471464,1.0295431023678838
sx2937757c.1,1.0239668928610233,1.026991492843409
sx2937757c.2,1.0357376846396906,1.0387276131536944
sx2806553c.1,1.0228615187756782,1.025889391226196
sx2806553c.2,1.0332725661202526,1.036269704647639
sx2862616c.1,0.9931962835529372,0.9997935015719022
sx2862616c.2,0.9891201234366962,0.9957468025619487
sx2746587c.1,1.0080164846290747,1.0146386249614605
sx2746587c.2,1.0138677986819076,1.0204518844591803
sx2727795c.1,1.0288426521520497,1.0342308979569472
sx2727795c.2,1.0311904958936817,1.0365669834938174
sx3177665a.1,1.0144170699597461,1.0271490792674662
sx3177665a.2,0.9912510269671504,1.0042866781593307
sx3046854b.1,0.9772936132173577,0.9857807064217815
sx3046854b.2,0.9841374332007224,0.9925651315851644
sx3102793b.1,1.0180959505044958,1.0254600591862897
sx3102793b.2,1.0040139082286292,1.0114836600074464
sx2803199a.1,0.9697046157739495,0.9805949015942759
sx2803199a.2,0.9596380827706209,0.9706470099145155
sx2803199b.1,0.9708147384152833,0.9800138143957899
sx2803199b.2,1.0062937515464936,1.015159206516084
sx2803199c.1,1.0206797514459585,1.0265365081069855
sx2803199c.2,1.0151549303983483,1.0210453489286426
sx3215203a.1,0.969237813113657,0.9801337027400432
sx3215203a.2,0.9595731246643031,0.9705830369099194
sx3215203b.1,1.0055846880689634,1.014455273276652
sx3215203b.2,0.97103409131535,0.9802318011659364
sx3215203c.1,1.0281174473667434,1.0339303507235529
sx3215203c.2,1.0071548945333637,1.0130937216025204
sx3065665a.1,0.9505116046535131,0.9621299578815644
sx3065665a.2,0.9677285547679975,0.979139519249687
sx3177881c.1,1.0174001326855666,1.023960915600777
sx3177881c.2,1.0056193357954908,1.01225899116757
sx3047058a.1,0.9844509210230518,0.9967996826981246
sx3047058a.2,0.9875125733930196,0.9998238802709666
sx3177894a.1,0.976925260829598,0.9898783279974692
sx3177894a.2,0.9829907895438061,0.9958648366576717
sx3140238a.1,0.991559656544445,1.0043217422242812
sx3140238a.2,0.9725286437299697,0.9855439364364691
sx2821770a.1,1.0078900472168733,1.0207295731545993
sx2821770a.2,0.9923196608363857,1.0053652017402661
sx2915534a.1,1.0051339000999553,1.0180088809469865
sx2915534a.2,0.9949275873884195,1.0079381242981642
sx2690868c.1,0.9937878762246033,1.000381528265681
sx2690868c.2,0.9999761798182732,1.0065283761536465
sx2803194c.1,0.984620216529424,0.9912776862224196
sx2803194c.2,1.0133856464197186,1.0198499703024797
sx3047073c.1,1.0044638343728824,1.0109859414870508
sx3047073c.2,0.998073645379452,1.0046389629930703
sx3065696a.1,0.9788031060291487,0.9912245231405026
sx3065696a.2,0.996806171094538,1.00900285727532
sx2915542a.1,0.9633211172868297,0.9742856525704369
sx2915542a.2,0.965475086133419,0.9764157866441909
sx2915542b.1,0.9869081180481508,0.995950784019024
sx2915542b.2,0.9900942600861542,0.9991079855680256
sx2915542c.1,1.0131760863407522,1.0190774199871098
sx2915542c.2,1.0221791662644806,1.0280274404036212
sx3234149a.1,1.0210056368064644,1.0266818594249156
sx3234149a.2,1.0210452939349484,1.0267219564945376
sx3234149b.1,1.0328501027859505,1.0377969865944459
sx3234149b.2,1.0179462331168943,1.0229677049760224
sx3234149c.1,1.0223161689392244,1.0259273762180552
sx3234149c.2,1.045147225331572,1.0486780823360695
sx2859391b.1,1.0001299904154204,1.0085292530981362
sx2859391b.2,0.9976165482961981,1.006038241051154
sx2859403a.1,0.9712481053476549,0.9820472145886798
sx2859403a.2,0.9671894007559136,0.9780355427683376
sx3215340a.1,0.9799042709089668,0.9928187837040128
sx3215340a.2,0.9874913944446927,1.0003074427365257
sx3047289a.1,0.9939194846050418,1.002895697285359
sx3047289a.2,0.974284352947218,0.9834476903520897
sx3047289b.1,0.984443756370114,0.9920709174733966
sx3047289b.2,0.9897105162124047,0.9972966576074178
sx3047289c.1,1.0156302170714473,1.0207363444834978
sx3047289c.2,0.9931292352726377,0.9983559385671351
sx3215549b.1,0.9779091776493821,0.9863922645254366
sx3215549b.2,0.9935958515077514,1.0019440990025248
sx3253570c.1,1.0389972904719402,1.04197744041246
sx3253570c.2,1.020726232392775,1.0237611142272778
sx2972704c.1,1.0349354599183924,1.0402918456280692
sx2972704c.2,1.02500724120677,1.030416640570244
sx3159645a.1,1.011500365460971,1.0244467977418896
sx3159645a.2,1.0052640078120505,1.018292803219462
sx3091052a.1,0.9895920820014191,1.002790785913885
sx3091052a.2,0.9709543772093453,0.9844119670133622
sx2916234a.1,0.9859417544127793,0.999190590876538
sx2916234a.2,0.9866549112618818,0.9998957311452984
sx3029183b.1,0.989039269558656,0.9974245972466685
sx3029183b.2,0.9761265478917813,0.9846245741506977
sx3108449a.1,0.9543399993485155,0.9659107526732359
sx3108449a.2,0.9672446775288881,0.9786619438407509
sx3103822c.1,1.0180118936561091,1.024587031447775
sx3103822c.2,1.0142540726271427,1.0208549465985792
sx2991640c.1,1.0112193746159863,1.0162630635249013
sx2991640c.2,1.0057865311566818,1.0108582409287503
sx2729206c.1,1.0183877175208282,1.02495933050508
sx2729206c.2,1.013806585415296,1.0204094013387077
sx2897554c.1,1.0142097592483015,1.0208089239273272
sx2897554c.2,1.0131229470421632,1.0197302086532607
sx2729207c.1,1.0218441521200516,1.0283925686236763
sx2729207c.2,1.0058250949921625,1.012482157580697
sx2766499c.1,1.0010666620955135,1.0077559412702228
sx2766499c.2,1.0261671877634013,1.0326880640269183
sx2878848c.1,1.0141495019775297,1.0207492305572499
sx2878848c.2,1.017746224867004,1.0243228293813706
sx3263051c.1,1.0219397961873242,1.0273652052204583
sx3263051c.2,1.0346031168258447,1.0399616498904876
sx3312692a.1,0.9812541940909979,0.9941495863693718
sx3312692a.2,0.9785632771508862,0.991495898335779
sx3315860b.1,0.997464090871853,1.0058824359237528
sx3315860b.2,0.9955005737044799,1.003936613538147
sx3342743c.1,1.0143079340959786,1.0209047553397819
sx3342743c.2,1.0243527494235318,1.0308853068013597
sx3448661b.1,0.9874635845165453,0.9958630898592467
sx3448661b.2,0.9806657054336437,0.9891248210242152
sx3552667c.1,1.0264457541371004,1.0313959332766687
sx3552667c.2,1.0218705805940307,1.0268438839241656
sx3626914c.1,1.0267087469279725,1.0321083815115493
sx3626914c.2,1.0339155486189706,1.0392778119557942
sx3632979a.1,0.989071728218499,1.001857627186919
sx3632979a.2,0.9921831083409531,1.0049303555454312
sx3645809c.1,1.008193130340784,1.0148315258684553
sx3645809c.2,1.0170824139215178,1.023661611934257
sx3645810c.1,1.0075281104727083,1.0141707778229856
sx3645810c.2,1.00889755607105,1.0155315237482794
sx3645811c.1,1.0306176856239326,1.0371043858335374
sx3645811c.2,0.984963502050229,0.9917685596441467
sx3645812c.1,1.0088116436486037,1.0154457868769051
sx3645812c.2,1.0206435273839112,1.0271996381636712
sx3649297a.1,1.0102657165848108,1.0230936764208416
sx3649297a.2,0.9981855802752585,1.0111725935656102
sx3649298a.1,1.0140411254203445,1.026821039909511
sx3649298a.2,0.9940499001611925,1.007092232406277
sx3649299a.1,1.000196014928134,1.0131546967026335
sx3649299a.2,1.0114932370052252,1.0243076903785315
sx3649300a.1,1.0102427250050756,1.0230709061532752
sx3649300a.2,0.9975580693025295,1.0105533001321911
sx3649301a.1,0.9952493982823831,1.008273946129643
sx3649301a.2,1.0123798187024684,1.0251822344675379
sx3649302a.1,0.9908034634390377,1.0038881059592377
sx3649302a.2,1.0165878817674585,1.0293371530507418
sx3649304a.1,0.9944980370576468,1.0075326495642762
sx3649304a.2,1.0129752944493287,1.0257701374038384
sx3649305a.1,1.0084982444480408,1.0213493652352064
sx3649305a.2,1.0057891321512258,1.01867638204077
sx3649306a.1,0.9953757264190369,1.008398629123849
sx3649306a.2,1.0124832465350746,1.0252843678348753
sx3729297a.1,1.0138650609986535,1.0266681802188502
sx3729297a.2,0.9966536989795649,1.0096809980158064
sx3729298a.1,0.9955566646927134,1.0085971597022432
sx3729298a.2,1.0108935819092932,1.023734832723523
sx3727707a.1,1.004370259393779,1.0172943072944212
sx3727707a.2,1.0055531834435723,1.0184634280063478
sx3727708a.1,1.0026749937761676,1.0156210360418845
sx3727708a.2,1.009901424041222,1.0227562677051423
sx3727709a.1,1.008079161471292,1.0209549113958332
sx3727709a.2,0.9976845006652783,1.010697895614698
sx3727710a.1,0.9934000055215558,1.0064693261874431
sx3727710a.2,1.0122228351936395,1.0250470358429329
sx3727711a.1,1.0122104489048005,1.0250348485296172
sx3727711a.2,1.0002546548676934,1.013233951267495
sx3727712a.1,1.0058928098761803,1.0187971191526557
sx3727712a.2,1.0036611306925638,1.016595831492481
sx3728037a.1,1.0119766063050184,1.0248033662020404
sx3728037a.2,0.9971603254986545,1.0101805204317456
sx3728038a.1,1.0069503024630015,1.0198409351542206
sx3728038a.2,1.0019595783232058,1.0149163608002119
sx3728039a.1,0.9892283905796879,1.0023542429623238
sx3728039a.2,1.0155672710220205,1.028349067014167
sx3728040a.1,1.0080112578841822,1.0208877590477168
sx3728040a.2,0.9969597765290162,1.009982643440268
sx3728041a.1,1.003629258604209,1.0165627398640593
sx3728041a.2,1.0051005174628678,1.0180164426964533
sx3728042a.1,1.0061671181991751,1.019067449167201
sx3728042a.2,0.998934156092774,1.0119307809546474
sx3728043a.1,1.0059086286514463,1.0188123012610362
sx3728043a.2,0.999157909733289,1.0121515591276395
sx3778577c.1,1.0084811360138195,1.0149800798178454
sx3778577c.2,1.0014400908121015,1.0079862380635147
sx3784018a.1,1.0099497922686012,1.0229018134631582
sx3784018a.2,1.003225435044938,1.0162655558840537
