candidate_id,candidate_bus,connection_mode,AIDC_role_eligible,STA_role_eligible,phase_nodes,source_or_proxy_x,source_or_proxy_y,coordinate_authority,upstream_primary_bus,ABC_region_anchor_bus,electrical_region,primary_proxy_path_weight_ohm,continuous_ABC_path,source_proximity_guard_PASS,nominal_connection_kv_LL,original_lateral_group,original_service_primary_phase,customer_terminal_240v,original_service_transformer,original_transformer_kva,support_triplex_lines,original_triplex_normal_amps,engineered_port_Pmax_kw,engineered_port_Qmax_at_Pmax_kvar,engineered_port_Smax_kva,engineered_port_current_limit_A,new_dedicated_MV_transformer_kva,simultaneous_vehicles_per_port,field_GIS_protection_access,host_eligibility_does_not_certify_installation,interface_status,selected_ac_voltage_thermal_and_PQ_gate
LV:sx0247160b,sx0247160b,LV_SPLIT_240,False,True,"1,2",1668577.95015546,12267578.7785928,upstream_primary_proxy_NOT_surveyed_customer_geography,l0247160,m1069135,R08,13.045291282338434,NOT_REQUIRED_FOR_SPLIT_PHASE,SOURCE_CUSTOMER_SERVICE_PATH,0.24,PRIMARY_PHASE_2,2,sx0247160b.1.2,transformer.t5247160b,15.0,line.tpx247160b0,156.0,5,3,6,27,0,1,UNVERIFIED,True,ENGINEERING_SCENARIO_NOT_FIELD_VERIFIED,PENDING
LV:sx0247162b,sx0247162b,LV_SPLIT_240,False,True,"1,2",1668209.15860312,12267645.6089289,upstream_primary_proxy_NOT_surveyed_customer_geography,l0247162,m1069135,R08,13.093862409901673,NOT_REQUIRED_FOR_SPLIT_PHASE,SOURCE_CUSTOMER_SERVICE_PATH,0.24,PRIMARY_PHASE_2,2,sx0247162b.1.2,transformer.t5247162b,15.0,line.tpx247162b0,156.0,5,3,6,27,0,1,UNVERIFIED,True,ENGINEERING_SCENARIO_NOT_FIELD_VERIFIED,PENDING
LV:sx0247171b,sx0247171b,LV_SPLIT_240,False,True,"1,2",1668011.24807493,12267910.6979532,upstream_primary_proxy_NOT_surveyed_customer_geography,l0247171,m1069135,R08,13.236487107883418,NOT_REQUIRED_FOR_SPLIT_PHASE,SOURCE_CUSTOMER_SERVICE_PATH,0.24,PRIMARY_PHASE_2,2,sx0247171b.1.2,transformer.t5247171b,15.0,line.tpx247171b0,156.0,5,3,6,27,0,1,UNVERIFIED,True,ENGINEERING_SCENARIO_NOT_FIELD_VERIFIED,PENDING
LV:sx2673300b,sx2673300b,LV_SPLIT_240,False,True,"1,2",1662629.75942992,12257194.3202792,upstream_primary_proxy_NOT_surveyed_customer_geography,l2673300,m1026328,R08,17.5049009487451,NOT_REQUIRED_FOR_SPLIT_PHASE,SOURCE_CUSTOMER_SERVICE_PATH,0.24,PRIMARY_PHASE_2,2,sx2673300b.1.2,transformer.t5391745b,25.0,line.tpx391745b0,156.0,5,3,6,27,0,1,UNVERIFIED,True,ENGINEERING_SCENARIO_NOT_FIELD_VERIFIED,PENDING
LV:sx2673303c,sx2673303c,LV_SPLIT_240,False,True,"1,2",1674031.51201654,12281160.3808455,upstream_primary_proxy_NOT_surveyed_customer_geography,l2673303,m1069483,R06,10.95832044160315,NOT_REQUIRED_FOR_SPLIT_PHASE,SOURCE_CUSTOMER_SERVICE_PATH,0.24,PRIMARY_PHASE_3,3,sx2673303c.1.2,transformer.t5338963c,15.0,line.tpx338963c0,156.0,5,3,6,27,0,1,UNVERIFIED,True,ENGINEERING_SCENARIO_NOT_FIELD_VERIFIED,PENDING
LV:sx2673305b,sx2673305b,LV_SPLIT_240,False,True,"1,2",1678256.26158847,12267274.9817926,upstream_primary_proxy_NOT_surveyed_customer_geography,l2673305,m1089119,R01,8.058434748056118,NOT_REQUIRED_FOR_SPLIT_PHASE,SOURCE_CUSTOMER_SERVICE_PATH,0.24,PRIMARY_PHASE_2,2,sx2673305b.1.2,transformer.t5138236b,10.0,line.tpx138236b0,156.0,5,3,6,27,0,1,UNVERIFIED,True,ENGINEERING_SCENARIO_NOT_FIELD_VERIFIED,PENDING
LV:sx2673306c,sx2673306c,LV_SPLIT_240,False,True,"1,2",1677113.94862741,12280080.3393725,upstream_primary_proxy_NOT_surveyed_customer_geography,l2673306,m1108315,R01,9.522801734623961,NOT_REQUIRED_FOR_SPLIT_PHASE,SOURCE_CUSTOMER_SERVICE_PATH,0.24,PRIMARY_PHASE_3,3,sx2673306c.1.2,transformer.t5293608c,25.0,line.tpx293608c0,156.0,5,3,6,27,0,1,UNVERIFIED,True,ENGINEERING_SCENARIO_NOT_FIELD_VERIFIED,PENDING
LV:sx2673307c,sx2673307c,LV_SPLIT_240,False,True,"1,2",1677027.62133133,12277198.9794978,upstream_primary_proxy_NOT_surveyed_customer_geography,l2673307,m1108315,R01,8.22537605157178,NOT_REQUIRED_FOR_SPLIT_PHASE,SOURCE_CUSTOMER_SERVICE_PATH,0.24,PRIMARY_PHASE_3,3,sx2673307c.1.2,transformer.t5337632c,15.0,line.tpx337632c0,156.0,5,3,6,27,0,1,UNVERIFIED,True,ENGINEERING_SCENARIO_NOT_FIELD_VERIFIED,PENDING
LV:sx2673308b,sx2673308b,LV_SPLIT_240,False,True,"1,2",1673143.28212771,12279476.6995639,upstream_primary_proxy_NOT_surveyed_customer_geography,l2673308,l2673308,R06,9.919370837031229,NOT_REQUIRED_FOR_SPLIT_PHASE,SOURCE_CUSTOMER_SERVICE_PATH,0.24,PRIMARY_PHASE_2,2,sx2673308b.1.2,transformer.t5337653b,37.5,line.tpx337653b0,156.0,5,3,6,27,0,1,UNVERIFIED,True,ENGINEERING_SCENARIO_NOT_FIELD_VERIFIED,PENDING
LV:sx2673309c,sx2673309c,LV_SPLIT_240,False,True,"1,2",1673916.32020843,12266089.1693115,upstream_primary_proxy_NOT_surveyed_customer_geography,l2673309,m1089112,R01,9.853997161779203,NOT_REQUIRED_FOR_SPLIT_PHASE,SOURCE_CUSTOMER_SERVICE_PATH,0.24,PRIMARY_PHASE_3,3,sx2673309c.1.2,transformer.t5138472c,25.0,line.tpx138472c0,156.0,5,3,6,27,0,1,UNVERIFIED,True,ENGINEERING_SCENARIO_NOT_FIELD_VERIFIED,PENDING
LV:sx2673310a,sx2673310a,LV_SPLIT_240,False,True,"1,2",1672257.19035089,12267838.2186571,upstream_primary_proxy_NOT_surveyed_customer_geography,l2673310,m1069169,R08,9.574329061933495,NOT_REQUIRED_FOR_SPLIT_PHASE,SOURCE_CUSTOMER_SERVICE_PATH,0.24,PRIMARY_PHASE_1,1,sx2673310a.1.2,transformer.t5138562a,25.0,line.tpx138562a0,156.0,5,3,6,27,0,1,UNVERIFIED,True,ENGINEERING_SCENARIO_NOT_FIELD_VERIFIED,PENDING
LV:sx2673311a,sx2673311a,LV_SPLIT_240,False,True,"1,2",1664163.52711135,12284342.1659365,upstream_primary_proxy_NOT_surveyed_customer_geography,l2673311,m1026896,R04,10.622344429090118,NOT_REQUIRED_FOR_SPLIT_PHASE,SOURCE_CUSTOMER_SERVICE_PATH,0.24,PRIMARY_PHASE_1,1,sx2673311a.1.2,transformer.t21397029a,25.0,line.tpx21397029a0,156.0,5,3,6,27,0,1,UNVERIFIED,True,ENGINEERING_SCENARIO_NOT_FIELD_VERIFIED,PENDING
LV:sx2673312a,sx2673312a,LV_SPLIT_240,False,True,"1,2",1663803.61978301,12289424.9292052,upstream_primary_proxy_NOT_surveyed_customer_geography,l2673312,m1026960,R04,12.799709120695836,NOT_REQUIRED_FOR_SPLIT_PHASE,SOURCE_CUSTOMER_SERVICE_PATH,0.24,PRIMARY_PHASE_1,1,sx2673312a.1.2,transformer.t5321837a,25.0,line.tpx321837a0,156.0,5,3,6,27,0,1,UNVERIFIED,True,ENGINEERING_SCENARIO_NOT_FIELD_VERIFIED,PENDING
LV:sx2673313b,sx2673313b,LV_SPLIT_240,False,True,"1,2",1664911.34202404,12291753.5297834,upstream_primary_proxy_NOT_surveyed_customer_geography,l2673313,l2673313,R04,13.47714059893943,NOT_REQUIRED_FOR_SPLIT_PHASE,SOURCE_CUSTOMER_SERVICE_PATH,0.24,PRIMARY_PHASE_2,2,sx2673313b.1.2,transformer.t5321853b,25.0,line.tpx321853b0,156.0,5,3,6,27,0,1,UNVERIFIED,True,ENGINEERING_SCENARIO_NOT_FIELD_VERIFIED,PENDING
LV:sx2673314c,sx2673314c,LV_SPLIT_240,False,True,"1,2",1663087.74138235,12285378.3597294,upstream_primary_proxy_NOT_surveyed_customer_geography,l2673314,m1026891,R04,10.715538123884583,NOT_REQUIRED_FOR_SPLIT_PHASE,SOURCE_CUSTOMER_SERVICE_PATH,0.24,PRIMARY_PHASE_3,3,sx2673314c.1.2,transformer.t5355778c,10.0,line.tpx355778c0,156.0,5,3,6,27,0,1,UNVERIFIED,True,ENGINEERING_SCENARIO_NOT_FIELD_VERIFIED,PENDING
LV:sx2673315a,sx2673315a,LV_SPLIT_240,False,True,"1,2",1677718.71073997,12270263.7510753,upstream_primary_proxy_NOT_surveyed_customer_geography,l2673315,m1089143,R01,6.009453917425641,NOT_REQUIRED_FOR_SPLIT_PHASE,SOURCE_CUSTOMER_SERVICE_PATH,0.24,PRIMARY_PHASE_1,1,sx2673315a.1.2,transformer.t5247058a,10.0,line.tpx247058a0,156.0,5,3,6,27,0,1,UNVERIFIED,True,ENGINEERING_SCENARIO_NOT_FIELD_VERIFIED,PENDING
LV:sx2673316a,sx2673316a,LV_SPLIT_240,False,True,"1,2",1678272.53909249,12269589.0006107,upstream_primary_proxy_NOT_surveyed_customer_geography,l2673316,m1089141,R01,5.74044565836473,NOT_REQUIRED_FOR_SPLIT_PHASE,SOURCE_CUSTOMER_SERVICE_PATH,0.24,PRIMARY_PHASE_1,1,sx2673316a.1.2,transformer.t28120855a,10.0,line.tpx28120855a0,156.0,5,3,6,27,0,1,UNVERIFIED,True,ENGINEERING_SCENARIO_NOT_FIELD_VERIFIED,PENDING
LV:sx2673317a,sx2673317a,LV_SPLIT_240,False,True,"1,2",1667537.48833049,12275364.8398481,upstream_primary_proxy_NOT_surveyed_customer_geography,l2673317,m1026695,R03,13.045396250209961,NOT_REQUIRED_FOR_SPLIT_PHASE,SOURCE_CUSTOMER_SERVICE_PATH,0.24,PRIMARY_PHASE_1,1,sx2673317a.1.2,transformer.t21397771a,15.0,line.tpx21397771a0,156.0,5,3,6,27,0,1,UNVERIFIED,True,ENGINEERING_SCENARIO_NOT_FIELD_VERIFIED,PENDING
LV:sx2673318c,sx2673318c,LV_SPLIT_240,False,True,"1,2",1671664.49915033,12282532.3606228,upstream_primary_proxy_NOT_surveyed_customer_geography,l2673318,m1047534,R03,7.460435550694725,NOT_REQUIRED_FOR_SPLIT_PHASE,SOURCE_CUSTOMER_SERVICE_PATH,0.24,PRIMARY_PHASE_3,3,sx2673318c.1.2,transformer.t5338967c,25.0,line.tpx338967c0,156.0,5,3,6,27,0,1,UNVERIFIED,True,ENGINEERING_SCENARIO_NOT_FIELD_VERIFIED,PENDING
LV:sx2673319c,sx2673319c,LV_SPLIT_240,False,True,"1,2",1663309.19981455,12276624.3106973,upstream_primary_proxy_NOT_surveyed_customer_geography,l2673319,l2673319,R03,13.15624439497676,NOT_REQUIRED_FOR_SPLIT_PHASE,SOURCE_CUSTOMER_SERVICE_PATH,0.24,PRIMARY_PHASE_3,3,sx2673319c.1.2,transformer.t5391973c,15.0,line.tpx391973c0,156.0,5,3,6,27,0,1,UNVERIFIED,True,ENGINEERING_SCENARIO_NOT_FIELD_VERIFIED,PENDING
LV:sx2673320b,sx2673320b,LV_SPLIT_240,False,True,"1,2",1667906.89837883,12278571.4098351,upstream_primary_proxy_NOT_surveyed_customer_geography,l2673320,m1069376,R06,15.949387231345229,NOT_REQUIRED_FOR_SPLIT_PHASE,SOURCE_CUSTOMER_SERVICE_PATH,0.24,PRIMARY_PHASE_2,2,sx2673320b.1.2,transformer.t5392037b,25.0,line.tpx392037b0,156.0,5,3,6,27,0,1,UNVERIFIED,True,ENGINEERING_SCENARIO_NOT_FIELD_VERIFIED,PENDING
LV:sx2673321a,sx2673321a,LV_SPLIT_240,False,True,"1,2",1669792.88929259,12264550.28163,upstream_primary_proxy_NOT_surveyed_customer_geography,l2673321,m1047312,R08,12.500737045710828,NOT_REQUIRED_FOR_SPLIT_PHASE,SOURCE_CUSTOMER_SERVICE_PATH,0.24,PRIMARY_PHASE_1,1,sx2673321a.1.2,transformer.t5302674a,25.0,line.tpx302674a0,156.0,5,3,6,27,0,1,UNVERIFIED,True,ENGINEERING_SCENARIO_NOT_FIELD_VERIFIED,PENDING
LV:sx2673322b,sx2673322b,LV_SPLIT_240,False,True,"1,2",1662466.18157377,12281293.8203336,upstream_primary_proxy_NOT_surveyed_customer_geography,l2673322,m1009763,R04,13.256489527657868,NOT_REQUIRED_FOR_SPLIT_PHASE,SOURCE_CUSTOMER_SERVICE_PATH,0.24,PRIMARY_PHASE_2,2,sx2673322b.1.2,transformer.t5355358b,10.0,line.tpx355358b0,156.0,5,3,6,27,0,1,UNVERIFIED,True,ENGINEERING_SCENARIO_NOT_FIELD_VERIFIED,PENDING
LV:sx2673323c,sx2673323c,LV_SPLIT_240,False,True,"1,2",1662704.22061399,12282531.1318228,upstream_primary_proxy_NOT_surveyed_customer_geography,l2673323,m1009807,R04,12.407475004980034,NOT_REQUIRED_FOR_SPLIT_PHASE,SOURCE_CUSTOMER_SERVICE_PATH,0.24,PRIMARY_PHASE_3,3,sx2673323c.1.2,transformer.t5355438c,25.0,line.tpx355438c0,156.0,5,3,6,27,0,1,UNVERIFIED,True,ENGINEERING_SCENARIO_NOT_FIELD_VERIFIED,PENDING
LV:sx2673326b,sx2673326b,LV_SPLIT_240,False,True,"1,2",1659845.83110733,12284240.2001124,upstream_primary_proxy_NOT_surveyed_customer_geography,l2673326,m1026829,R04,13.587655443763206,NOT_REQUIRED_FOR_SPLIT_PHASE,SOURCE_CUSTOMER_SERVICE_PATH,0.24,PRIMARY_PHASE_2,2,sx2673326b.1.2,transformer.t5355601b,15.0,line.tpx355601b0,156.0,5,3,6,27,0,1,UNVERIFIED,True,ENGINEERING_SCENARIO_NOT_FIELD_VERIFIED,PENDING
LV:sx2673331b,sx2673331b,LV_SPLIT_240,False,True,"1,2",1674113.10843261,12285095.2360172,upstream_primary_proxy_NOT_surveyed_customer_geography,l2673331,m1069533,R03,7.509701057310167,NOT_REQUIRED_FOR_SPLIT_PHASE,SOURCE_CUSTOMER_SERVICE_PATH,0.24,PRIMARY_PHASE_2,2,sx2673331b.1.2,transformer.t5338990b,50.0,line.tpx338990b0,156.0,5,3,6,27,0,1,UNVERIFIED,True,ENGINEERING_SCENARIO_NOT_FIELD_VERIFIED,PENDING
LV:sx2673343b,sx2673343b,LV_SPLIT_240,False,True,"1,2",1667428.14151439,12290612.5603103,upstream_primary_proxy_NOT_surveyed_customer_geography,l2673343,m1047763,R05,13.58496834194724,NOT_REQUIRED_FOR_SPLIT_PHASE,SOURCE_CUSTOMER_SERVICE_PATH,0.24,PRIMARY_PHASE_2,2,sx2673343b.1.2,transformer.t21470122b,15.0,line.tpx21470122b0,156.0,5,3,6,27,0,1,UNVERIFIED,True,ENGINEERING_SCENARIO_NOT_FIELD_VERIFIED,PENDING
LV:sx2673346c,sx2673346c,LV_SPLIT_240,False,True,"1,2",1670200.46996497,12263062.3399966,upstream_primary_proxy_NOT_surveyed_customer_geography,l2673346,l2673346,R08,11.806422552544294,NOT_REQUIRED_FOR_SPLIT_PHASE,SOURCE_CUSTOMER_SERVICE_PATH,0.24,PRIMARY_PHASE_3,3,sx2673346c.1.2,transformer.t5293486c,25.0,line.tpx293486c0,156.0,5,3,6,27,0,1,UNVERIFIED,True,ENGINEERING_SCENARIO_NOT_FIELD_VERIFIED,PENDING
LV:sx2674027b,sx2674027b,LV_SPLIT_240,False,True,"1,2",1680654.82184671,12282665.0587349,upstream_primary_proxy_NOT_surveyed_customer_geography,l2674027,l2674027,R02,4.400276848667025,NOT_REQUIRED_FOR_SPLIT_PHASE,SOURCE_CUSTOMER_SERVICE_PATH,0.24,PRIMARY_PHASE_2,2,sx2674027b.1.2,transformer.t21380325b,25.0,line.tpx21380325b0,156.0,5,3,6,27,0,1,UNVERIFIED,True,ENGINEERING_SCENARIO_NOT_FIELD_VERIFIED,PENDING
LV:sx2674047c,sx2674047c,LV_SPLIT_240,False,True,"1,2",1684897.52009066,12274658.9679754,upstream_primary_proxy_NOT_surveyed_customer_geography,l2674047,l2674047,R07,2.4554383491548517,NOT_REQUIRED_FOR_SPLIT_PHASE,SOURCE_CUSTOMER_SERVICE_PATH,0.24,PRIMARY_PHASE_3,3,sx2674047c.1.2,transformer.t5260514c,15.0,line.tpx260514c0,156.0,5,3,6,27,0,1,UNVERIFIED,True,ENGINEERING_SCENARIO_NOT_FIELD_VERIFIED,PENDING
LV:sx2674051a,sx2674051a,LV_SPLIT_240,False,True,"1,2",1681885.21519185,12272620.3560055,upstream_primary_proxy_NOT_surveyed_customer_geography,l2674051,m1125902,R01,3.5031863669900276,NOT_REQUIRED_FOR_SPLIT_PHASE,SOURCE_CUSTOMER_SERVICE_PATH,0.24,PRIMARY_PHASE_1,1,sx2674051a.1.2,transformer.t21389831a,15.0,line.tpx21389831a0,156.0,5,3,6,27,0,1,UNVERIFIED,True,ENGINEERING_SCENARIO_NOT_FIELD_VERIFIED,PENDING
LV:sx2674052c,sx2674052c,LV_SPLIT_240,False,True,"1,2",1681649.23234363,12273664.6967425,upstream_primary_proxy_NOT_surveyed_customer_geography,l2674052,m1108315,R01,6.459378041561289,NOT_REQUIRED_FOR_SPLIT_PHASE,SOURCE_CUSTOMER_SERVICE_PATH,0.24,PRIMARY_PHASE_3,3,sx2674052c.1.2,transformer.t21393570c,15.0,line.tpx21393570c0,156.0,5,3,6,27,0,1,UNVERIFIED,True,ENGINEERING_SCENARIO_NOT_FIELD_VERIFIED,PENDING
LV:sx2684420b,sx2684420b,LV_SPLIT_240,False,True,"1,2",1668900.35860376,12292486.619576,upstream_primary_proxy_NOT_surveyed_customer_geography,l2684420,m1047763,R05,14.563311680375971,NOT_REQUIRED_FOR_SPLIT_PHASE,SOURCE_CUSTOMER_SERVICE_PATH,0.24,PRIMARY_PHASE_2,2,sx2684420b.1.2,transformer.t225498968b,15.0,line.tpx225498968b0,156.0,5,3,6,27,0,1,UNVERIFIED,True,ENGINEERING_SCENARIO_NOT_FIELD_VERIFIED,PENDING
LV:sx2685805a,sx2685805a,LV_SPLIT_240,False,True,"1,2",1663421.52442266,12284365.7220325,upstream_primary_proxy_NOT_surveyed_customer_geography,l2685805,m1026866,R04,11.225584712792541,NOT_REQUIRED_FOR_SPLIT_PHASE,SOURCE_CUSTOMER_SERVICE_PATH,0.24,PRIMARY_PHASE_1,1,sx2685805a.1.2,transformer.t225533531a,25.0,line.tpx225533531a0,156.0,5,3,6,27,0,1,UNVERIFIED,True,ENGINEERING_SCENARIO_NOT_FIELD_VERIFIED,PENDING
LV:sx2685809a,sx2685809a,LV_SPLIT_240,False,True,"1,2",1670621.32167736,12282377.8390226,upstream_primary_proxy_NOT_surveyed_customer_geography,l2685809,m1047521,R03,7.601913992947126,NOT_REQUIRED_FOR_SPLIT_PHASE,SOURCE_CUSTOMER_SERVICE_PATH,0.24,PRIMARY_PHASE_1,1,sx2685809a.1.2,transformer.t225533162a,15.0,line.tpx225533162a0,156.0,5,3,6,27,0,1,UNVERIFIED,True,ENGINEERING_SCENARIO_NOT_FIELD_VERIFIED,PENDING
LV:sx2688692b,sx2688692b,LV_SPLIT_240,False,True,"1,2",1679300.36885344,12270099.6038752,upstream_primary_proxy_NOT_surveyed_customer_geography,l2688692,l2688692,R01,4.979223195389352,NOT_REQUIRED_FOR_SPLIT_PHASE,SOURCE_CUSTOMER_SERVICE_PATH,0.24,PRIMARY_PHASE_2,2,sx2688692b.1.2,transformer.t225918926b,15.0,line.tpx225918926b0,156.0,5,3,6,27,0,1,UNVERIFIED,True,ENGINEERING_SCENARIO_NOT_FIELD_VERIFIED,PENDING
LV:sx2688693c,sx2688693c,LV_SPLIT_240,False,True,"1,2",1679428.32789356,12270111.8058592,upstream_primary_proxy_NOT_surveyed_customer_geography,l2688693,l2688693,R01,4.903899887231937,NOT_REQUIRED_FOR_SPLIT_PHASE,SOURCE_CUSTOMER_SERVICE_PATH,0.24,PRIMARY_PHASE_3,3,sx2688693c.1.2,transformer.t225918936c,15.0,line.tpx225918936c0,156.0,5,3,6,27,0,1,UNVERIFIED,True,ENGINEERING_SCENARIO_NOT_FIELD_VERIFIED,PENDING
LV:sx2689678b,sx2689678b,LV_SPLIT_240,False,True,"1,2",1668863.56013972,12266355.1103037,upstream_primary_proxy_NOT_surveyed_customer_geography,l2689678,m1069135,R08,12.367272186031615,NOT_REQUIRED_FOR_SPLIT_PHASE,SOURCE_CUSTOMER_SERVICE_PATH,0.24,PRIMARY_PHASE_2,2,sx2689678b.1.2,transformer.t226192762b,5.0,line.tpx226192762b0,156.0,5,3,6,27,0,1,UNVERIFIED,True,ENGINEERING_SCENARIO_NOT_FIELD_VERIFIED,PENDING
LV:sx2689691a,sx2689691a,LV_SPLIT_240,False,True,"1,2",1662702.32826199,12281241.0392776,upstream_primary_proxy_NOT_surveyed_customer_geography,l2689691,l2689691,R04,13.034973493465914,NOT_REQUIRED_FOR_SPLIT_PHASE,SOURCE_CUSTOMER_SERVICE_PATH,0.24,PRIMARY_PHASE_1,1,sx2689691a.1.2,transformer.t5355375a,25.0,line.tpx355375a0,156.0,5,3,6,27,0,1,UNVERIFIED,True,ENGINEERING_SCENARIO_NOT_FIELD_VERIFIED,PENDING
LV:sx2690187b,sx2690187b,LV_SPLIT_240,False,True,"1,2",1680652.7902307,12279603.171756,upstream_primary_proxy_NOT_surveyed_customer_geography,l2690187,m1108380,R02,4.329622716288636,NOT_REQUIRED_FOR_SPLIT_PHASE,SOURCE_CUSTOMER_SERVICE_PATH,0.24,PRIMARY_PHASE_2,2,sx2690187b.1.2,transformer.t226308716b,75.0,line.tpx226308716b0,156.0,5,3,6,27,0,1,UNVERIFIED,True,ENGINEERING_SCENARIO_NOT_FIELD_VERIFIED,PENDING
LV:sx2690868c,sx2690868c,LV_SPLIT_240,False,True,"1,2",1675277.1301937,12272246.0348532,upstream_primary_proxy_NOT_surveyed_customer_geography,l2690868,m1069311,R06,13.146850651302724,NOT_REQUIRED_FOR_SPLIT_PHASE,SOURCE_CUSTOMER_SERVICE_PATH,0.24,PRIMARY_PHASE_3,3,sx2690868c.1.2,transformer.t227917127c,50.0,line.tpx227917127c0,156.0,5,3,6,27,0,1,UNVERIFIED,True,ENGINEERING_SCENARIO_NOT_FIELD_VERIFIED,PENDING
LV:sx2690941b,sx2690941b,LV_SPLIT_240,False,True,"1,2",1673571.79745611,12293136.9578806,upstream_primary_proxy_NOT_surveyed_customer_geography,l2690941,m1047763,R05,15.706072813802377,NOT_REQUIRED_FOR_SPLIT_PHASE,SOURCE_CUSTOMER_SERVICE_PATH,0.24,PRIMARY_PHASE_2,2,sx2690941b.1.2,transformer.t5323387b,25.0,line.tpx323387b0,156.0,5,3,6,27,0,1,UNVERIFIED,True,ENGINEERING_SCENARIO_NOT_FIELD_VERIFIED,PENDING
LV:sx2691936a,sx2691936a,LV_SPLIT_240,False,True,"1,2",1666498.21844152,12286840.2180348,upstream_primary_proxy_NOT_surveyed_customer_geography,l2691936,m1026854,R05,11.062058503319054,NOT_REQUIRED_FOR_SPLIT_PHASE,SOURCE_CUSTOMER_SERVICE_PATH,0.24,PRIMARY_PHASE_1,1,sx2691936a.1.2,transformer.t5356009a,15.0,line.tpx356009a0,156.0,5,3,6,27,0,1,UNVERIFIED,True,ENGINEERING_SCENARIO_NOT_FIELD_VERIFIED,PENDING
LV:sx2691938b,sx2691938b,LV_SPLIT_240,False,True,"1,2",1659700.57875519,12284240.2492644,upstream_primary_proxy_NOT_surveyed_customer_geography,l2691938,m1026829,R04,13.672561259100469,NOT_REQUIRED_FOR_SPLIT_PHASE,SOURCE_CUSTOMER_SERVICE_PATH,0.24,PRIMARY_PHASE_2,2,sx2691938b.1.2,transformer.t5355600b,25.0,line.tpx355600b0,156.0,5,3,6,27,0,1,UNVERIFIED,True,ENGINEERING_SCENARIO_NOT_FIELD_VERIFIED,PENDING
LV:sx2691939b,sx2691939b,LV_SPLIT_240,False,True,"1,2",1661559.19200492,12283932.6683361,upstream_primary_proxy_NOT_surveyed_customer_geography,l2691939,m1026829,R04,12.646414614491158,NOT_REQUIRED_FOR_SPLIT_PHASE,SOURCE_CUSTOMER_SERVICE_PATH,0.24,PRIMARY_PHASE_2,2,sx2691939b.1.2,transformer.t5355589b,25.0,line.tpx355589b0,156.0,5,3,6,27,0,1,UNVERIFIED,True,ENGINEERING_SCENARIO_NOT_FIELD_VERIFIED,PENDING
LV:sx2691941c,sx2691941c,LV_SPLIT_240,False,True,"1,2",1666622.58119364,12293144.9286967,upstream_primary_proxy_NOT_surveyed_customer_geography,l2691941,m1027043,R04,15.606394841109598,NOT_REQUIRED_FOR_SPLIT_PHASE,SOURCE_CUSTOMER_SERVICE_PATH,0.24,PRIMARY_PHASE_3,3,sx2691941c.1.2,transformer.t5321887c,25.0,line.tpx321887c0,156.0,5,3,6,27,0,1,UNVERIFIED,True,ENGINEERING_SCENARIO_NOT_FIELD_VERIFIED,PENDING
LV:sx2691942b,sx2691942b,LV_SPLIT_240,False,True,"1,2",1669352.18017218,12266578.5184319,upstream_primary_proxy_NOT_surveyed_customer_geography,l2691942,m1069135,R08,12.09576930271489,NOT_REQUIRED_FOR_SPLIT_PHASE,SOURCE_CUSTOMER_SERVICE_PATH,0.24,PRIMARY_PHASE_2,2,sx2691942b.1.2,transformer.t5247105b,15.0,line.tpx247105b0,156.0,5,3,6,27,0,1,UNVERIFIED,True,ENGINEERING_SCENARIO_NOT_FIELD_VERIFIED,PENDING
LV:sx2691943b,sx2691943b,LV_SPLIT_240,False,True,"1,2",1671146.39201385,12294235.5910977,upstream_primary_proxy_NOT_surveyed_customer_geography,l2691943,m1047763,R05,15.234755530354498,NOT_REQUIRED_FOR_SPLIT_PHASE,SOURCE_CUSTOMER_SERVICE_PATH,0.24,PRIMARY_PHASE_2,2,sx2691943b.1.2,transformer.t5323400b,15.0,line.tpx323400b0,156.0,5,3,6,27,0,1,UNVERIFIED,True,ENGINEERING_SCENARIO_NOT_FIELD_VERIFIED,PENDING
LV:sx2691944a,sx2691944a,LV_SPLIT_240,False,True,"1,2",1664094.72659928,12289364.0585491,upstream_primary_proxy_NOT_surveyed_customer_geography,l2691944,m1026960,R04,12.625865295443829,NOT_REQUIRED_FOR_SPLIT_PHASE,SOURCE_CUSTOMER_SERVICE_PATH,0.24,PRIMARY_PHASE_1,1,sx2691944a.1.2,transformer.t5321838a,25.0,line.tpx321838a0,156.0,5,3,6,27,0,1,UNVERIFIED,True,ENGINEERING_SCENARIO_NOT_FIELD_VERIFIED,PENDING
LV:sx2691945c,sx2691945c,LV_SPLIT_240,False,True,"1,2",1675222.16187365,12270097.1585632,upstream_primary_proxy_NOT_surveyed_customer_geography,l2691945,m1089112,R01,8.434580484379278,NOT_REQUIRED_FOR_SPLIT_PHASE,SOURCE_CUSTOMER_SERVICE_PATH,0.24,PRIMARY_PHASE_3,3,sx2691945c.1.2,transformer.t5302812c,25.0,line.tpx302812c0,156.0,5,3,6,27,0,1,UNVERIFIED,True,ENGINEERING_SCENARIO_NOT_FIELD_VERIFIED,PENDING
LV:sx2691946b,sx2691946b,LV_SPLIT_240,False,True,"1,2",1676878.93243519,12268204.0774734,upstream_primary_proxy_NOT_surveyed_customer_geography,l2691946,m1089119,R01,7.11768265351854,NOT_REQUIRED_FOR_SPLIT_PHASE,SOURCE_CUSTOMER_SERVICE_PATH,0.24,PRIMARY_PHASE_2,2,sx2691946b.1.2,transformer.t28147974b,15.0,line.tpx28147974b0,156.0,5,3,6,27,0,1,UNVERIFIED,True,ENGINEERING_SCENARIO_NOT_FIELD_VERIFIED,PENDING
LV:sx2691947a,sx2691947a,LV_SPLIT_240,False,True,"1,2",1671454.16955014,12272253.5592052,upstream_primary_proxy_NOT_surveyed_customer_geography,l2691947,m1026695,R03,16.036453058707092,NOT_REQUIRED_FOR_SPLIT_PHASE,SOURCE_CUSTOMER_SERVICE_PATH,0.24,PRIMARY_PHASE_1,1,sx2691947a.1.2,transformer.t5337718a,10.0,line.tpx337718a0,156.0,5,3,6,27,0,1,UNVERIFIED,True,ENGINEERING_SCENARIO_NOT_FIELD_VERIFIED,PENDING
LV:sx2691948b,sx2691948b,LV_SPLIT_240,False,True,"1,2",1669586.9833724,12275837.2479125,upstream_primary_proxy_NOT_surveyed_customer_geography,l2691948,m1069376,R06,14.593072698625148,NOT_REQUIRED_FOR_SPLIT_PHASE,SOURCE_CUSTOMER_SERVICE_PATH,0.24,PRIMARY_PHASE_2,2,sx2691948b.1.2,transformer.t5337703b,15.0,line.tpx337703b0,156.0,5,3,6,27,0,1,UNVERIFIED,True,ENGINEERING_SCENARIO_NOT_FIELD_VERIFIED,PENDING
LV:sx2691949b,sx2691949b,LV_SPLIT_240,False,True,"1,2",1672360.33991898,12273461.0518143,upstream_primary_proxy_NOT_surveyed_customer_geography,l2691949,m1069376,R06,13.25328649769766,NOT_REQUIRED_FOR_SPLIT_PHASE,SOURCE_CUSTOMER_SERVICE_PATH,0.24,PRIMARY_PHASE_2,2,sx2691949b.1.2,transformer.t5337689b,25.0,line.tpx337689b0,156.0,5,3,6,27,0,1,UNVERIFIED,True,ENGINEERING_SCENARIO_NOT_FIELD_VERIFIED,PENDING
LV:sx2691950c,sx2691950c,LV_SPLIT_240,False,True,"1,2",1675749.62837014,12269288.3910744,upstream_primary_proxy_NOT_surveyed_customer_geography,l2691950,m1089112,R01,7.826462141205755,NOT_REQUIRED_FOR_SPLIT_PHASE,SOURCE_CUSTOMER_SERVICE_PATH,0.24,PRIMARY_PHASE_3,3,sx2691950c.1.2,transformer.t5138374c,25.0,line.tpx138374c0,156.0,5,3,6,27,0,1,UNVERIFIED,True,ENGINEERING_SCENARIO_NOT_FIELD_VERIFIED,PENDING
LV:sx2691951c,sx2691951c,LV_SPLIT_240,False,True,"1,2",1675749.12046614,12268574.1920338,upstream_primary_proxy_NOT_surveyed_customer_geography,l2691951,m1089112,R01,7.435655185958626,NOT_REQUIRED_FOR_SPLIT_PHASE,SOURCE_CUSTOMER_SERVICE_PATH,0.24,PRIMARY_PHASE_3,3,sx2691951c.1.2,transformer.t5138379c,25.0,line.tpx138379c0,156.0,5,3,6,27,0,1,UNVERIFIED,True,ENGINEERING_SCENARIO_NOT_FIELD_VERIFIED,PENDING
LV:sx2691952a,sx2691952a,LV_SPLIT_240,False,True,"1,2",1663798.46291901,12277096.9440417,upstream_primary_proxy_NOT_surveyed_customer_geography,l2691952,l2691952,R03,12.766007255733584,NOT_REQUIRED_FOR_SPLIT_PHASE,SOURCE_CUSTOMER_SERVICE_PATH,0.24,PRIMARY_PHASE_1,1,sx2691952a.1.2,transformer.t5391980a,15.0,line.tpx391980a0,156.0,5,3,6,27,0,1,UNVERIFIED,True,ENGINEERING_SCENARIO_NOT_FIELD_VERIFIED,PENDING
LV:sx2691953a,sx2691953a,LV_SPLIT_240,False,True,"1,2",1670769.8590215,12264800.3915823,upstream_primary_proxy_NOT_surveyed_customer_geography,l2691953,m1047325,R08,11.384060198078492,NOT_REQUIRED_FOR_SPLIT_PHASE,SOURCE_CUSTOMER_SERVICE_PATH,0.24,PRIMARY_PHASE_1,1,sx2691953a.1.2,transformer.t5302732a,15.0,line.tpx302732a0,156.0,5,3,6,27,0,1,UNVERIFIED,True,ENGINEERING_SCENARIO_NOT_FIELD_VERIFIED,PENDING
LV:sx2691954b,sx2691954b,LV_SPLIT_240,False,True,"1,2",1668463.13108335,12261521.4288912,upstream_primary_proxy_NOT_surveyed_customer_geography,l2691954,l2691954,R08,13.169781712102855,NOT_REQUIRED_FOR_SPLIT_PHASE,SOURCE_CUSTOMER_SERVICE_PATH,0.24,PRIMARY_PHASE_2,2,sx2691954b.1.2,transformer.t21399361b,25.0,line.tpx21399361b0,156.0,5,3,6,27,0,1,UNVERIFIED,True,ENGINEERING_SCENARIO_NOT_FIELD_VERIFIED,PENDING
LV:sx2691959b,sx2691959b,LV_SPLIT_240,False,True,"1,2",1667982.6948589,12268211.9499854,upstream_primary_proxy_NOT_surveyed_customer_geography,l2691959,m1069135,R08,13.331811831019575,NOT_REQUIRED_FOR_SPLIT_PHASE,SOURCE_CUSTOMER_SERVICE_PATH,0.24,PRIMARY_PHASE_2,2,sx2691959b.1.2,transformer.t21400253b,100.0,line.tpx21400253b0,580.0,5,3,6,27,0,1,UNVERIFIED,True,ENGINEERING_SCENARIO_NOT_FIELD_VERIFIED,PENDING
LV:sx2691965b,sx2691965b,LV_SPLIT_240,False,True,"1,2",1675528.82120193,12285635.8998257,upstream_primary_proxy_NOT_surveyed_customer_geography,l2691965,m1069533,R03,6.575519078424094,NOT_REQUIRED_FOR_SPLIT_PHASE,SOURCE_CUSTOMER_SERVICE_PATH,0.24,PRIMARY_PHASE_2,2,sx2691965b.1.2,transformer.t5338983b,5.0,line.tpx338983b0,156.0,5,3,6,27,0,1,UNVERIFIED,True,ENGINEERING_SCENARIO_NOT_FIELD_VERIFIED,PENDING
LV:sx2691966b,sx2691966b,LV_SPLIT_240,False,True,"1,2",1674685.15988915,12286696.0019707,upstream_primary_proxy_NOT_surveyed_customer_geography,l2691966,m1069533,R03,7.5392012979180025,NOT_REQUIRED_FOR_SPLIT_PHASE,SOURCE_CUSTOMER_SERVICE_PATH,0.24,PRIMARY_PHASE_2,2,sx2691966b.1.2,transformer.t5339010b,50.0,line.tpx339010b0,156.0,5,3,6,27,0,1,UNVERIFIED,True,ENGINEERING_SCENARIO_NOT_FIELD_VERIFIED,PENDING
LV:sx2691967b,sx2691967b,LV_SPLIT_240,False,True,"1,2",1672969.05057555,12284112.0895202,upstream_primary_proxy_NOT_surveyed_customer_geography,l2691967,l2691967,R03,6.535708793929302,NOT_REQUIRED_FOR_SPLIT_PHASE,SOURCE_CUSTOMER_SERVICE_PATH,0.24,PRIMARY_PHASE_2,2,sx2691967b.1.2,transformer.t5338976b,15.0,line.tpx338976b0,156.0,5,3,6,27,0,1,UNVERIFIED,True,ENGINEERING_SCENARIO_NOT_FIELD_VERIFIED,PENDING
LV:sx2691973a,sx2691973a,LV_SPLIT_240,False,True,"1,2",1667634.58810658,12285338.5302254,upstream_primary_proxy_NOT_surveyed_customer_geography,l2691973,m1026854,R05,10.187690220544475,NOT_REQUIRED_FOR_SPLIT_PHASE,SOURCE_CUSTOMER_SERVICE_PATH,0.24,PRIMARY_PHASE_1,1,sx2691973a.1.2,transformer.t5355935a,15.0,line.tpx355935a0,156.0,5,3,6,27,0,1,UNVERIFIED,True,ENGINEERING_SCENARIO_NOT_FIELD_VERIFIED,PENDING
LV:sx2692600c,sx2692600c,LV_SPLIT_240,False,True,"1,2",1681230.03951124,12283434.9510876,upstream_primary_proxy_NOT_surveyed_customer_geography,l2692600,m1108529,R02,5.216788637073863,NOT_REQUIRED_FOR_SPLIT_PHASE,SOURCE_CUSTOMER_SERVICE_PATH,0.24,PRIMARY_PHASE_3,3,sx2692600c.1.2,transformer.t5356798c,25.0,line.tpx356798c0,156.0,5,3,6,27,0,1,UNVERIFIED,True,ENGINEERING_SCENARIO_NOT_FIELD_VERIFIED,PENDING
LV:sx2692633c,sx2692633c,LV_SPLIT_240,False,True,"1,2",1680603.55221466,12282881.7862871,upstream_primary_proxy_NOT_surveyed_customer_geography,l2692633,l2692633,R02,4.451108733520525,NOT_REQUIRED_FOR_SPLIT_PHASE,SOURCE_CUSTOMER_SERVICE_PATH,0.24,PRIMARY_PHASE_3,3,sx2692633c.1.2,transformer.t5328364c,25.0,line.tpx328364c0,156.0,5,3,6,27,0,1,UNVERIFIED,True,ENGINEERING_SCENARIO_NOT_FIELD_VERIFIED,PENDING
LV:sx2692654a,sx2692654a,LV_SPLIT_240,False,True,"1,2",1683215.62876109,12273383.6906623,upstream_primary_proxy_NOT_surveyed_customer_geography,l2692654,m1125919,R07,3.1079510838904048,NOT_REQUIRED_FOR_SPLIT_PHASE,SOURCE_CUSTOMER_SERVICE_PATH,0.24,PRIMARY_PHASE_1,1,sx2692654a.1.2,transformer.t5260487a,15.0,line.tpx260487a0,156.0,5,3,6,27,0,1,UNVERIFIED,True,ENGINEERING_SCENARIO_NOT_FIELD_VERIFIED,PENDING
LV:sx2692655c,sx2692655c,LV_SPLIT_240,False,True,"1,2",1684774.16905054,12274502.0543113,upstream_primary_proxy_NOT_surveyed_customer_geography,l2692655,l2692655,R07,2.5010053200765108,NOT_REQUIRED_FOR_SPLIT_PHASE,SOURCE_CUSTOMER_SERVICE_PATH,0.24,PRIMARY_PHASE_3,3,sx2692655c.1.2,transformer.t21389307c,25.0,line.tpx21389307c0,156.0,5,3,6,27,0,1,UNVERIFIED,True,ENGINEERING_SCENARIO_NOT_FIELD_VERIFIED,PENDING
LV:sx2692660a,sx2692660a,LV_SPLIT_240,False,True,"1,2",1686531.82818818,12275536.0116883,upstream_primary_proxy_NOT_surveyed_customer_geography,l2692660,m1142843,R07,2.204791923964921,NOT_REQUIRED_FOR_SPLIT_PHASE,SOURCE_CUSTOMER_SERVICE_PATH,0.24,PRIMARY_PHASE_1,1,sx2692660a.1.2,transformer.t5260643a,50.0,line.tpx260643a0,156.0,5,3,6,27,0,1,UNVERIFIED,True,ENGINEERING_SCENARIO_NOT_FIELD_VERIFIED,PENDING
LV:sx2692661a,sx2692661a,LV_SPLIT_240,False,True,"1,2",1687977.94146953,12275309.629864,upstream_primary_proxy_NOT_surveyed_customer_geography,l2692661,m1166373,R07,2.0071031537711566,NOT_REQUIRED_FOR_SPLIT_PHASE,SOURCE_CUSTOMER_SERVICE_PATH,0.24,PRIMARY_PHASE_1,1,sx2692661a.1.2,transformer.t5260650a,25.0,line.tpx260650a0,156.0,5,3,6,27,0,1,UNVERIFIED,True,ENGINEERING_SCENARIO_NOT_FIELD_VERIFIED,PENDING
LV:sx2692664c,sx2692664c,LV_SPLIT_240,False,True,"1,2",1680809.22056685,12272574.7306615,upstream_primary_proxy_NOT_surveyed_customer_geography,l2692664,m1108315,R01,4.524124867332029,NOT_REQUIRED_FOR_SPLIT_PHASE,SOURCE_CUSTOMER_SERVICE_PATH,0.24,PRIMARY_PHASE_3,3,sx2692664c.1.2,transformer.t5351021c,15.0,line.tpx351021c0,156.0,5,3,6,27,0,1,UNVERIFIED,True,ENGINEERING_SCENARIO_NOT_FIELD_VERIFIED,PENDING
LV:sx2708744b,sx2708744b,LV_SPLIT_240,False,True,"1,2",1680782.09275882,12279458.4068279,upstream_primary_proxy_NOT_surveyed_customer_geography,l2708744,m1108380,R02,4.224674527296026,NOT_REQUIRED_FOR_SPLIT_PHASE,SOURCE_CUSTOMER_SERVICE_PATH,0.24,PRIMARY_PHASE_2,2,sx2708744b.1.2,transformer.t226308710b,75.0,line.tpx226308710b0,156.0,5,3,6,27,0,1,UNVERIFIED,True,ENGINEERING_SCENARIO_NOT_FIELD_VERIFIED,PENDING
LV:sx2710504b,sx2710504b,LV_SPLIT_240,False,True,"1,2",1672846.49825543,12292906.2302004,upstream_primary_proxy_NOT_surveyed_customer_geography,l2710504,m1047763,R05,15.129847235320728,NOT_REQUIRED_FOR_SPLIT_PHASE,SOURCE_CUSTOMER_SERVICE_PATH,0.24,PRIMARY_PHASE_2,2,sx2710504b.1.2,transformer.t5323394b,37.5,line.tpx323394b0,156.0,5,3,6,27,0,1,UNVERIFIED,True,ENGINEERING_SCENARIO_NOT_FIELD_VERIFIED,PENDING
LV:sx2710505b,sx2710505b,LV_SPLIT_240,False,True,"1,2",1671865.96091052,12293311.3696568,upstream_primary_proxy_NOT_surveyed_customer_geography,l2710505,m1047763,R05,14.756906497493807,NOT_REQUIRED_FOR_SPLIT_PHASE,SOURCE_CUSTOMER_SERVICE_PATH,0.24,PRIMARY_PHASE_2,2,sx2710505b.1.2,transformer.t5323398b,15.0,line.tpx323398b0,156.0,5,3,6,27,0,1,UNVERIFIED,True,ENGINEERING_SCENARIO_NOT_FIELD_VERIFIED,PENDING
LV:sx2710508b,sx2710508b,LV_SPLIT_240,False,True,"1,2",1668373.33857127,12294740.7794501,upstream_primary_proxy_NOT_surveyed_customer_geography,l2710508,m1047763,R05,15.972516419181877,NOT_REQUIRED_FOR_SPLIT_PHASE,SOURCE_CUSTOMER_SERVICE_PATH,0.24,PRIMARY_PHASE_2,2,sx2710508b.1.2,transformer.t5323241b,15.0,line.tpx323241b0,156.0,5,3,6,27,0,1,UNVERIFIED,True,ENGINEERING_SCENARIO_NOT_FIELD_VERIFIED,PENDING
LV:sx2710509c,sx2710509c,LV_SPLIT_240,False,True,"1,2",1678923.98741309,12274859.9300236,upstream_primary_proxy_NOT_surveyed_customer_geography,l2710509,m1108315,R01,6.262686772445213,NOT_REQUIRED_FOR_SPLIT_PHASE,SOURCE_CUSTOMER_SERVICE_PATH,0.24,PRIMARY_PHASE_3,3,sx2710509c.1.2,transformer.t5275000c,15.0,line.tpx275000c0,156.0,5,3,6,27,0,1,UNVERIFIED,True,ENGINEERING_SCENARIO_NOT_FIELD_VERIFIED,PENDING
LV:sx2710510c,sx2710510c,LV_SPLIT_240,False,True,"1,2",1673946.15956846,12267047.7807684,upstream_primary_proxy_NOT_surveyed_customer_geography,l2710510,m1069156,R08,8.659793463578334,NOT_REQUIRED_FOR_SPLIT_PHASE,SOURCE_CUSTOMER_SERVICE_PATH,0.24,PRIMARY_PHASE_3,3,sx2710510c.1.2,transformer.t5138650c,10.0,line.tpx138650c0,156.0,5,3,6,27,0,1,UNVERIFIED,True,ENGINEERING_SCENARIO_NOT_FIELD_VERIFIED,PENDING
LV:sx2710511a,sx2710511a,LV_SPLIT_240,False,True,"1,2",1670579.80871732,12284555.3750247,upstream_primary_proxy_NOT_surveyed_customer_geography,l2710511,m1047672,R05,9.085330188028763,NOT_REQUIRED_FOR_SPLIT_PHASE,SOURCE_CUSTOMER_SERVICE_PATH,0.24,PRIMARY_PHASE_1,1,sx2710511a.1.2,transformer.t21357515a,25.0,line.tpx21357515a0,156.0,5,3,6,27,0,1,UNVERIFIED,True,ENGINEERING_SCENARIO_NOT_FIELD_VERIFIED,PENDING
LV:sx2710512b,sx2710512b,LV_SPLIT_240,False,True,"1,2",1671150.27092585,12292514.5010481,upstream_primary_proxy_NOT_surveyed_customer_geography,l2710512,m1047763,R05,13.905660956281015,NOT_REQUIRED_FOR_SPLIT_PHASE,SOURCE_CUSTOMER_SERVICE_PATH,0.24,PRIMARY_PHASE_2,2,sx2710512b.1.2,transformer.t5323280b,25.0,line.tpx323280b0,156.0,5,3,6,27,0,1,UNVERIFIED,True,ENGINEERING_SCENARIO_NOT_FIELD_VERIFIED,PENDING
LV:sx2710513b,sx2710513b,LV_SPLIT_240,False,True,"1,2",1671641.81140631,12292806.5089843,upstream_primary_proxy_NOT_surveyed_customer_geography,l2710513,m1047763,R05,14.371473579660881,NOT_REQUIRED_FOR_SPLIT_PHASE,SOURCE_CUSTOMER_SERVICE_PATH,0.24,PRIMARY_PHASE_2,2,sx2710513b.1.2,transformer.t5325245b,10.0,line.tpx325245b0,156.0,5,3,6,27,0,1,UNVERIFIED,True,ENGINEERING_SCENARIO_NOT_FIELD_VERIFIED,PENDING
LV:sx2710514b,sx2710514b,LV_SPLIT_240,False,True,"1,2",1670479.08807723,12289152.8114449,upstream_primary_proxy_NOT_surveyed_customer_geography,l2710514,m1047763,R05,11.858064794938993,NOT_REQUIRED_FOR_SPLIT_PHASE,SOURCE_CUSTOMER_SERVICE_PATH,0.24,PRIMARY_PHASE_2,2,sx2710514b.1.2,transformer.t5323267b,25.0,line.tpx323267b0,156.0,5,3,6,27,0,1,UNVERIFIED,True,ENGINEERING_SCENARIO_NOT_FIELD_VERIFIED,PENDING
LV:sx2710515c,sx2710515c,LV_SPLIT_240,False,True,"1,2",1665722.9930968,12292820.7016244,upstream_primary_proxy_NOT_surveyed_customer_geography,l2710515,m1027043,R04,14.633229057446478,NOT_REQUIRED_FOR_SPLIT_PHASE,SOURCE_CUSTOMER_SERVICE_PATH,0.24,PRIMARY_PHASE_3,3,sx2710515c.1.2,transformer.t5321884c,37.5,line.tpx321884c0,156.0,5,3,6,27,0,1,UNVERIFIED,True,ENGINEERING_SCENARIO_NOT_FIELD_VERIFIED,PENDING
LV:sx2710516a,sx2710516a,LV_SPLIT_240,False,True,"1,2",1664363.24807153,12289282.6710291,upstream_primary_proxy_NOT_surveyed_customer_geography,l2710516,m1026960,R04,12.46647085592935,NOT_REQUIRED_FOR_SPLIT_PHASE,SOURCE_CUSTOMER_SERVICE_PATH,0.24,PRIMARY_PHASE_1,1,sx2710516a.1.2,transformer.t5321839a,25.0,line.tpx321839a0,156.0,5,3,6,27,0,1,UNVERIFIED,True,ENGINEERING_SCENARIO_NOT_FIELD_VERIFIED,PENDING
LV:sx2710517a,sx2710517a,LV_SPLIT_240,False,True,"1,2",1667793.57844273,12275161.3587599,upstream_primary_proxy_NOT_surveyed_customer_geography,l2710517,m1026695,R03,13.236711983820738,NOT_REQUIRED_FOR_SPLIT_PHASE,SOURCE_CUSTOMER_SERVICE_PATH,0.24,PRIMARY_PHASE_1,1,sx2710517a.1.2,transformer.t5310568a,15.0,line.tpx310568a0,156.0,5,3,6,27,0,1,UNVERIFIED,True,ENGINEERING_SCENARIO_NOT_FIELD_VERIFIED,PENDING
LV:sx2710518a,sx2710518a,LV_SPLIT_240,False,True,"1,2",1663138.08531839,12276338.229673,upstream_primary_proxy_NOT_surveyed_customer_geography,l2710518,m1026655,R03,13.392815863437907,NOT_REQUIRED_FOR_SPLIT_PHASE,SOURCE_CUSTOMER_SERVICE_PATH,0.24,PRIMARY_PHASE_1,1,sx2710518a.1.2,transformer.t21209868a,25.0,line.tpx21209868a0,156.0,5,3,6,27,0,1,UNVERIFIED,True,ENGINEERING_SCENARIO_NOT_FIELD_VERIFIED,PENDING
LV:sx2710519a,sx2710519a,LV_SPLIT_240,False,True,"1,2",1669529.93018835,12264479.191454,upstream_primary_proxy_NOT_surveyed_customer_geography,l2710519,m1047312,R08,12.442873054194685,NOT_REQUIRED_FOR_SPLIT_PHASE,SOURCE_CUSTOMER_SERVICE_PATH,0.24,PRIMARY_PHASE_1,1,sx2710519a.1.2,transformer.t5302676a,10.0,line.tpx302676a0,156.0,5,3,6,27,0,1,UNVERIFIED,True,ENGINEERING_SCENARIO_NOT_FIELD_VERIFIED,PENDING
LV:sx2710520a,sx2710520a,LV_SPLIT_240,False,True,"1,2",1673005.32065558,12265145.0904626,upstream_primary_proxy_NOT_surveyed_customer_geography,l2710520,m1069135,R08,10.117872258634112,NOT_REQUIRED_FOR_SPLIT_PHASE,SOURCE_CUSTOMER_SERVICE_PATH,0.24,PRIMARY_PHASE_1,1,sx2710520a.1.2,transformer.t5138679a,15.0,line.tpx138679a0,156.0,5,3,6,27,0,1,UNVERIFIED,True,ENGINEERING_SCENARIO_NOT_FIELD_VERIFIED,PENDING
LV:sx2710521a,sx2710521a,LV_SPLIT_240,False,True,"1,2",1673164.22907173,12265260.1102387,upstream_primary_proxy_NOT_surveyed_customer_geography,l2710521,m1069135,R08,10.298483077596755,NOT_REQUIRED_FOR_SPLIT_PHASE,SOURCE_CUSTOMER_SERVICE_PATH,0.24,PRIMARY_PHASE_1,1,sx2710521a.1.2,transformer.t5138680a,25.0,line.tpx138680a0,156.0,5,3,6,27,0,1,UNVERIFIED,True,ENGINEERING_SCENARIO_NOT_FIELD_VERIFIED,PENDING
LV:sx2710525c,sx2710525c,LV_SPLIT_240,False,True,"1,2",1662192.01990951,12282667.3320149,upstream_primary_proxy_NOT_surveyed_customer_geography,l2710525,m1009807,R04,12.718080023496896,NOT_REQUIRED_FOR_SPLIT_PHASE,SOURCE_CUSTOMER_SERVICE_PATH,0.24,PRIMARY_PHASE_3,3,sx2710525c.1.2,transformer.t5355437c,25.0,line.tpx355437c0,156.0,5,3,6,27,0,1,UNVERIFIED,True,ENGINEERING_SCENARIO_NOT_FIELD_VERIFIED,PENDING
LV:sx2710530b,sx2710530b,LV_SPLIT_240,False,True,"1,2",1673475.22196802,12286561.2517625,upstream_primary_proxy_NOT_surveyed_customer_geography,l2710530,m1069533,R03,7.760735289586098,NOT_REQUIRED_FOR_SPLIT_PHASE,SOURCE_CUSTOMER_SERVICE_PATH,0.24,PRIMARY_PHASE_2,2,sx2710530b.1.2,transformer.t21381118b,15.0,line.tpx21381118b0,156.0,5,3,6,27,0,1,UNVERIFIED,True,ENGINEERING_SCENARIO_NOT_FIELD_VERIFIED,PENDING
LV:sx2710532c,sx2710532c,LV_SPLIT_240,False,True,"1,2",1665215.56013633,12278312.9112748,upstream_primary_proxy_NOT_surveyed_customer_geography,l2710532,m1026709,R03,12.009137854574462,NOT_REQUIRED_FOR_SPLIT_PHASE,SOURCE_CUSTOMER_SERVICE_PATH,0.24,PRIMARY_PHASE_3,3,sx2710532c.1.2,transformer.t5293666c,10.0,line.tpx293666c0,156.0,5,3,6,27,0,1,UNVERIFIED,True,ENGINEERING_SCENARIO_NOT_FIELD_VERIFIED,PENDING
LV:sx2710536a,sx2710536a,LV_SPLIT_240,False,True,"1,2",1664238.00877542,12285211.0954733,upstream_primary_proxy_NOT_surveyed_customer_geography,l2710536,m1026902,R04,10.176872340591594,NOT_REQUIRED_FOR_SPLIT_PHASE,SOURCE_CUSTOMER_SERVICE_PATH,0.24,PRIMARY_PHASE_1,1,sx2710536a.1.2,transformer.t21396867a,25.0,line.tpx21396867a0,156.0,5,3,6,27,0,1,UNVERIFIED,True,ENGINEERING_SCENARIO_NOT_FIELD_VERIFIED,PENDING
LV:sx2710537b,sx2710537b,LV_SPLIT_240,False,True,"1,2",1662355.74931766,12257085.5305191,upstream_primary_proxy_NOT_surveyed_customer_geography,l2710537,m1026328,R08,17.648763452124967,NOT_REQUIRED_FOR_SPLIT_PHASE,SOURCE_CUSTOMER_SERVICE_PATH,0.24,PRIMARY_PHASE_2,2,sx2710537b.1.2,transformer.t5391744b,25.0,line.tpx391744b0,156.0,5,3,6,27,0,1,UNVERIFIED,True,ENGINEERING_SCENARIO_NOT_FIELD_VERIFIED,PENDING
LV:sx2710542b,sx2710542b,LV_SPLIT_240,False,True,"1,2",1663022.61907828,12283531.3422557,upstream_primary_proxy_NOT_surveyed_customer_geography,l2710542,m1026829,R04,11.67577027424239,NOT_REQUIRED_FOR_SPLIT_PHASE,SOURCE_CUSTOMER_SERVICE_PATH,0.24,PRIMARY_PHASE_2,2,sx2710542b.1.2,transformer.t5355584b,25.0,line.tpx355584b0,156.0,5,3,6,27,0,1,UNVERIFIED,True,ENGINEERING_SCENARIO_NOT_FIELD_VERIFIED,PENDING
LV:sx2710543c,sx2710543c,LV_SPLIT_240,False,True,"1,2",1674320.31278481,12277718.8028583,upstream_primary_proxy_NOT_surveyed_customer_geography,l2710543,m1069438,R06,10.813769989355626,NOT_REQUIRED_FOR_SPLIT_PHASE,SOURCE_CUSTOMER_SERVICE_PATH,0.24,PRIMARY_PHASE_3,3,sx2710543c.1.2,transformer.t21474614c,25.0,line.tpx21474614c0,156.0,5,3,6,27,0,1,UNVERIFIED,True,ENGINEERING_SCENARIO_NOT_FIELD_VERIFIED,PENDING
LV:sx2710544a,sx2710544a,LV_SPLIT_240,False,True,"1,2",1671448.14843013,12273172.9842301,upstream_primary_proxy_NOT_surveyed_customer_geography,l2710544,m1026695,R03,16.04569164412172,NOT_REQUIRED_FOR_SPLIT_PHASE,SOURCE_CUSTOMER_SERVICE_PATH,0.24,PRIMARY_PHASE_1,1,sx2710544a.1.2,transformer.t21482279a,15.0,line.tpx21482279a0,156.0,5,3,6,27,0,1,UNVERIFIED,True,ENGINEERING_SCENARIO_NOT_FIELD_VERIFIED,PENDING
LV:sx2710546b,sx2710546b,LV_SPLIT_240,False,True,"1,2",1669268.7692281,12276376.129961,upstream_primary_proxy_NOT_surveyed_customer_geography,l2710546,m1069376,R06,14.717906835306534,NOT_REQUIRED_FOR_SPLIT_PHASE,SOURCE_CUSTOMER_SERVICE_PATH,0.24,PRIMARY_PHASE_2,2,sx2710546b.1.2,transformer.t5337704b,25.0,line.tpx337704b0,156.0,5,3,6,27,0,1,UNVERIFIED,True,ENGINEERING_SCENARIO_NOT_FIELD_VERIFIED,PENDING
LV:sx2711224b,sx2711224b,LV_SPLIT_240,False,True,"1,2",1683114.568153,12272389.0507893,upstream_primary_proxy_NOT_surveyed_customer_geography,l2711224,m1125914,R01,3.435839218687505,NOT_REQUIRED_FOR_SPLIT_PHASE,SOURCE_CUSTOMER_SERVICE_PATH,0.24,PRIMARY_PHASE_2,2,sx2711224b.1.2,transformer.t5260500b,10.0,line.tpx260500b0,156.0,5,3,6,27,0,1,UNVERIFIED,True,ENGINEERING_SCENARIO_NOT_FIELD_VERIFIED,PENDING
LV:sx2711225c,sx2711225c,LV_SPLIT_240,False,True,"1,2",1685494.56124321,12275693.1588244,upstream_primary_proxy_NOT_surveyed_customer_geography,l2711225,m1142863,R07,2.4147925196729623,NOT_REQUIRED_FOR_SPLIT_PHASE,SOURCE_CUSTOMER_SERVICE_PATH,0.24,PRIMARY_PHASE_3,3,sx2711225c.1.2,transformer.t5260553c,15.0,line.tpx260553c0,156.0,5,3,6,27,0,1,UNVERIFIED,True,ENGINEERING_SCENARIO_NOT_FIELD_VERIFIED,PENDING
LV:sx2711226b,sx2711226b,LV_SPLIT_240,False,True,"1,2",1684660.78357844,12274361.0249352,upstream_primary_proxy_NOT_surveyed_customer_geography,l2711226,l2711226,R07,2.5442236071725524,NOT_REQUIRED_FOR_SPLIT_PHASE,SOURCE_CUSTOMER_SERVICE_PATH,0.24,PRIMARY_PHASE_2,2,sx2711226b.1.2,transformer.t5260527b,25.0,line.tpx260527b0,156.0,5,3,6,27,0,1,UNVERIFIED,True,ENGINEERING_SCENARIO_NOT_FIELD_VERIFIED,PENDING
LV:sx2711234b,sx2711234b,LV_SPLIT_240,False,True,"1,2",1681587.91931957,12271013.061028,upstream_primary_proxy_NOT_surveyed_customer_geography,l2711234,m1108298,R01,3.8509448353231166,NOT_REQUIRED_FOR_SPLIT_PHASE,SOURCE_CUSTOMER_SERVICE_PATH,0.24,PRIMARY_PHASE_2,2,sx2711234b.1.2,transformer.t5207287b,25.0,line.tpx207287b0,156.0,5,3,6,27,0,1,UNVERIFIED,True,ENGINEERING_SCENARIO_NOT_FIELD_VERIFIED,PENDING
LV:sx2724120c,sx2724120c,LV_SPLIT_240,False,True,"1,2",1674487.99073696,12266092.4993595,upstream_primary_proxy_NOT_surveyed_customer_geography,l2724120,m1089112,R01,9.519826678736711,NOT_REQUIRED_FOR_SPLIT_PHASE,SOURCE_CUSTOMER_SERVICE_PATH,0.24,PRIMARY_PHASE_3,3,sx2724120c.1.2,transformer.t225577437c,25.0,line.tpx225577437c0,156.0,5,3,6,27,0,1,UNVERIFIED,True,ENGINEERING_SCENARIO_NOT_FIELD_VERIFIED,PENDING
LV:sx2726973a,sx2726973a,LV_SPLIT_240,False,True,"1,2",1670468.38113322,12280560.0506049,upstream_primary_proxy_NOT_surveyed_customer_geography,l2726973,l2726973,R06,8.89210715350254,NOT_REQUIRED_FOR_SPLIT_PHASE,SOURCE_CUSTOMER_SERVICE_PATH,0.24,PRIMARY_PHASE_1,1,sx2726973a.1.2,transformer.t226192926a,25.0,line.tpx226192926a0,156.0,5,3,6,27,0,1,UNVERIFIED,True,ENGINEERING_SCENARIO_NOT_FIELD_VERIFIED,PENDING
LV:sx2726974b,sx2726974b,LV_SPLIT_240,False,True,"1,2",1673629.96884816,12288932.4302607,upstream_primary_proxy_NOT_surveyed_customer_geography,l2726974,m1069533,R03,9.181919826168459,NOT_REQUIRED_FOR_SPLIT_PHASE,SOURCE_CUSTOMER_SERVICE_PATH,0.24,PRIMARY_PHASE_2,2,sx2726974b.1.2,transformer.t226193395b,25.0,line.tpx226193395b0,156.0,5,3,6,27,0,1,UNVERIFIED,True,ENGINEERING_SCENARIO_NOT_FIELD_VERIFIED,PENDING
LV:sx2726975b,sx2726975b,LV_SPLIT_240,False,True,"1,2",1672472.72187109,12292533.2279601,upstream_primary_proxy_NOT_surveyed_customer_geography,l2726975,m1047763,R05,14.992490010100651,NOT_REQUIRED_FOR_SPLIT_PHASE,SOURCE_CUSTOMER_SERVICE_PATH,0.24,PRIMARY_PHASE_2,2,sx2726975b.1.2,transformer.t226193422b,15.0,line.tpx226193422b0,156.0,5,3,6,27,0,1,UNVERIFIED,True,ENGINEERING_SCENARIO_NOT_FIELD_VERIFIED,PENDING
LV:sx2726983a,sx2726983a,LV_SPLIT_240,False,True,"1,2",1665133.88589625,12294121.9885376,upstream_primary_proxy_NOT_surveyed_customer_geography,l2726983,m1027055,R04,14.829436480729443,NOT_REQUIRED_FOR_SPLIT_PHASE,SOURCE_CUSTOMER_SERVICE_PATH,0.24,PRIMARY_PHASE_1,1,sx2726983a.1.2,transformer.t226109079a,37.5,line.tpx226109079a0,156.0,5,3,6,27,0,1,UNVERIFIED,True,ENGINEERING_SCENARIO_NOT_FIELD_VERIFIED,PENDING
LV:sx2727795c,sx2727795c,LV_SPLIT_240,False,True,"1,2",1675431.38964984,12268915.3683541,upstream_primary_proxy_NOT_surveyed_customer_geography,l2727795,m1089112,R01,7.7617668763720875,NOT_REQUIRED_FOR_SPLIT_PHASE,SOURCE_CUSTOMER_SERVICE_PATH,0.24,PRIMARY_PHASE_3,3,sx2727795c.1.2,transformer.t227678342c,15.0,line.tpx227678342c0,156.0,5,3,6,27,0,1,UNVERIFIED,True,ENGINEERING_SCENARIO_NOT_FIELD_VERIFIED,PENDING
LV:sx2728247a,sx2728247a,LV_SPLIT_240,False,True,"1,2",1678903.34357307,12279275.3197237,upstream_primary_proxy_NOT_surveyed_customer_geography,l2728247,l2728247,R02,5.428287812543354,NOT_REQUIRED_FOR_SPLIT_PHASE,SOURCE_CUSTOMER_SERVICE_PATH,0.24,PRIMARY_PHASE_1,1,sx2728247a.1.2,transformer.t5337729a,10.0,line.tpx337729a0,156.0,5,3,6,27,0,1,UNVERIFIED,True,ENGINEERING_SCENARIO_NOT_FIELD_VERIFIED,PENDING
LV:sx2728247b,sx2728247b,LV_SPLIT_240,False,True,"1,2",1678903.34357307,12279275.3197237,upstream_primary_proxy_NOT_surveyed_customer_geography,l2728247,l2728247,R02,5.428287812543354,NOT_REQUIRED_FOR_SPLIT_PHASE,SOURCE_CUSTOMER_SERVICE_PATH,0.24,PRIMARY_PHASE_2,2,sx2728247b.1.2,transformer.t5337729b,25.0,line.tpx337729b0,156.0,5,3,6,27,0,1,UNVERIFIED,True,ENGINEERING_SCENARIO_NOT_FIELD_VERIFIED,PENDING
LV:sx2728247c,sx2728247c,LV_SPLIT_240,False,True,"1,2",1678903.34357307,12279275.3197237,upstream_primary_proxy_NOT_surveyed_customer_geography,l2728247,l2728247,R02,5.428287812543354,NOT_REQUIRED_FOR_SPLIT_PHASE,SOURCE_CUSTOMER_SERVICE_PATH,0.24,PRIMARY_PHASE_3,3,sx2728247c.1.2,transformer.t5337729c,10.0,line.tpx337729c0,156.0,5,3,6,27,0,1,UNVERIFIED,True,ENGINEERING_SCENARIO_NOT_FIELD_VERIFIED,PENDING
LV:sx2729206c,sx2729206c,LV_SPLIT_240,False,True,"1,2",1669887.39630068,12283914.4124641,upstream_primary_proxy_NOT_surveyed_customer_geography,l2729206,m1047615,R05,8.618063672371497,NOT_REQUIRED_FOR_SPLIT_PHASE,SOURCE_CUSTOMER_SERVICE_PATH,0.24,PRIMARY_PHASE_3,3,sx2729206c.1.2,transformer.t22112168866c,37.5,line.tpx2212168866c0,156.0,5,3,6,27,0,1,UNVERIFIED,True,ENGINEERING_SCENARIO_NOT_FIELD_VERIFIED,PENDING
LV:sx2729207c,sx2729207c,LV_SPLIT_240,False,True,"1,2",1669604.87470041,12284625.7893607,upstream_primary_proxy_NOT_surveyed_customer_geography,l2729207,m1047615,R05,8.940799900580576,NOT_REQUIRED_FOR_SPLIT_PHASE,SOURCE_CUSTOMER_SERVICE_PATH,0.24,PRIMARY_PHASE_3,3,sx2729207c.1.2,transformer.t22112168874c,50.0,line.tpx2212168874c0,156.0,5,3,6,27,0,1,UNVERIFIED,True,ENGINEERING_SCENARIO_NOT_FIELD_VERIFIED,PENDING
LV:sx2729401b,sx2729401b,LV_SPLIT_240,False,True,"1,2",1660205.48038766,12283938.9311201,upstream_primary_proxy_NOT_surveyed_customer_geography,l2729401,m1026829,R04,13.282433384180305,NOT_REQUIRED_FOR_SPLIT_PHASE,SOURCE_CUSTOMER_SERVICE_PATH,0.24,PRIMARY_PHASE_2,2,sx2729401b.1.2,transformer.t5355597b,15.0,line.tpx355597b0,156.0,5,3,6,27,0,1,UNVERIFIED,True,ENGINEERING_SCENARIO_NOT_FIELD_VERIFIED,PENDING
LV:sx2729405b,sx2729405b,LV_SPLIT_240,False,True,"1,2",1679922.17442202,12266170.1062715,upstream_primary_proxy_NOT_surveyed_customer_geography,l2729405,m1089119,R01,9.383811307603741,NOT_REQUIRED_FOR_SPLIT_PHASE,SOURCE_CUSTOMER_SERVICE_PATH,0.24,PRIMARY_PHASE_2,2,sx2729405b.1.2,transformer.t21393412b,25.0,line.tpx21393412b0,156.0,5,3,6,27,0,1,UNVERIFIED,True,ENGINEERING_SCENARIO_NOT_FIELD_VERIFIED,PENDING
LV:sx2729406c,sx2729406c,LV_SPLIT_240,False,True,"1,2",1677474.04027574,12277937.7504425,upstream_primary_proxy_NOT_surveyed_customer_geography,l2729406,m1108315,R01,8.59915819039962,NOT_REQUIRED_FOR_SPLIT_PHASE,SOURCE_CUSTOMER_SERVICE_PATH,0.24,PRIMARY_PHASE_3,3,sx2729406c.1.2,transformer.t5337633c,15.0,line.tpx337633c0,156.0,5,3,6,27,0,1,UNVERIFIED,True,ENGINEERING_SCENARIO_NOT_FIELD_VERIFIED,PENDING
LV:sx2729407b,sx2729407b,LV_SPLIT_240,False,True,"1,2",1670067.87015685,12267015.9016003,upstream_primary_proxy_NOT_surveyed_customer_geography,l2729407,m1069135,R08,11.778352491965057,NOT_REQUIRED_FOR_SPLIT_PHASE,SOURCE_CUSTOMER_SERVICE_PATH,0.24,PRIMARY_PHASE_2,2,sx2729407b.1.2,transformer.t5247100b,15.0,line.tpx247100b0,156.0,5,3,6,27,0,1,UNVERIFIED,True,ENGINEERING_SCENARIO_NOT_FIELD_VERIFIED,PENDING
LV:sx2729408b,sx2729408b,LV_SPLIT_240,False,True,"1,2",1663502.78906273,12286023.078322,upstream_primary_proxy_NOT_surveyed_customer_geography,l2729408,m1026920,R04,10.530335560565028,NOT_REQUIRED_FOR_SPLIT_PHASE,SOURCE_CUSTOMER_SERVICE_PATH,0.24,PRIMARY_PHASE_2,2,sx2729408b.1.2,transformer.t5355768b,25.0,line.tpx355768b0,156.0,5,3,6,27,0,1,UNVERIFIED,True,ENGINEERING_SCENARIO_NOT_FIELD_VERIFIED,PENDING
LV:sx2729409b,sx2729409b,LV_SPLIT_240,False,True,"1,2",1660862.01184427,12284383.7280485,upstream_primary_proxy_NOT_surveyed_customer_geography,l2729409,m1026829,R04,13.821201606219136,NOT_REQUIRED_FOR_SPLIT_PHASE,SOURCE_CUSTOMER_SERVICE_PATH,0.24,PRIMARY_PHASE_2,2,sx2729409b.1.2,transformer.t5355605b,25.0,line.tpx355605b0,156.0,5,3,6,27,0,1,UNVERIFIED,True,ENGINEERING_SCENARIO_NOT_FIELD_VERIFIED,PENDING
LV:sx2729410c,sx2729410c,LV_SPLIT_240,False,True,"1,2",1668574.25556345,12281312.3465416,upstream_primary_proxy_NOT_surveyed_customer_geography,l2729410,m1026808,R03,8.96162861944977,NOT_REQUIRED_FOR_SPLIT_PHASE,SOURCE_CUSTOMER_SERVICE_PATH,0.24,PRIMARY_PHASE_3,3,sx2729410c.1.2,transformer.t5338943c,25.0,line.tpx338943c0,156.0,5,3,6,27,0,1,UNVERIFIED,True,ENGINEERING_SCENARIO_NOT_FIELD_VERIFIED,PENDING
LV:sx2729411a,sx2729411a,LV_SPLIT_240,False,True,"1,2",1671619.57012629,12265378.9106228,upstream_primary_proxy_NOT_surveyed_customer_geography,l2729411,m1047339,R08,11.316213019397956,NOT_REQUIRED_FOR_SPLIT_PHASE,SOURCE_CUSTOMER_SERVICE_PATH,0.24,PRIMARY_PHASE_1,1,sx2729411a.1.2,transformer.t5138769a,10.0,line.tpx138769a0,156.0,5,3,6,27,0,1,UNVERIFIED,True,ENGINEERING_SCENARIO_NOT_FIELD_VERIFIED,PENDING
LV:sx2729412a,sx2729412a,LV_SPLIT_240,False,True,"1,2",1667628.53421857,12260693.2258824,upstream_primary_proxy_NOT_surveyed_customer_geography,l2729412,m1026347,R08,13.95985797207263,NOT_REQUIRED_FOR_SPLIT_PHASE,SOURCE_CUSTOMER_SERVICE_PATH,0.24,PRIMARY_PHASE_1,1,sx2729412a.1.2,transformer.t28150189a,25.0,line.tpx28150189a0,156.0,5,3,6,27,0,1,UNVERIFIED,True,ENGINEERING_SCENARIO_NOT_FIELD_VERIFIED,PENDING
LV:sx2729413a,sx2729413a,LV_SPLIT_240,False,True,"1,2",1666586.5363936,12285087.2774892,upstream_primary_proxy_NOT_surveyed_customer_geography,l2729413,m1026854,R05,9.583071343007484,NOT_REQUIRED_FOR_SPLIT_PHASE,SOURCE_CUSTOMER_SERVICE_PATH,0.24,PRIMARY_PHASE_1,1,sx2729413a.1.2,transformer.t21397067a,15.0,line.tpx21397067a0,156.0,5,3,6,27,0,1,UNVERIFIED,True,ENGINEERING_SCENARIO_NOT_FIELD_VERIFIED,PENDING
LV:sx2729414a,sx2729414a,LV_SPLIT_240,False,True,"1,2",1666900.0114659,12278019.0683306,upstream_primary_proxy_NOT_surveyed_customer_geography,l2729414,l2729414,R03,11.040839965230083,NOT_REQUIRED_FOR_SPLIT_PHASE,SOURCE_CUSTOMER_SERVICE_PATH,0.24,PRIMARY_PHASE_1,1,sx2729414a.1.2,transformer.t5293655a,25.0,line.tpx293655a0,156.0,5,3,6,27,0,1,UNVERIFIED,True,ENGINEERING_SCENARIO_NOT_FIELD_VERIFIED,PENDING
LV:sx2729414b,sx2729414b,LV_SPLIT_240,False,True,"1,2",1666900.0114659,12278019.0683306,upstream_primary_proxy_NOT_surveyed_customer_geography,l2729414,l2729414,R03,11.040839965230083,NOT_REQUIRED_FOR_SPLIT_PHASE,SOURCE_CUSTOMER_SERVICE_PATH,0.24,PRIMARY_PHASE_2,2,sx2729414b.1.2,transformer.t5293655b,25.0,line.tpx293655b0,156.0,5,3,6,27,0,1,UNVERIFIED,True,ENGINEERING_SCENARIO_NOT_FIELD_VERIFIED,PENDING
LV:sx2729414c,sx2729414c,LV_SPLIT_240,False,True,"1,2",1666900.0114659,12278019.0683306,upstream_primary_proxy_NOT_surveyed_customer_geography,l2729414,l2729414,R03,11.040839965230083,NOT_REQUIRED_FOR_SPLIT_PHASE,SOURCE_CUSTOMER_SERVICE_PATH,0.24,PRIMARY_PHASE_3,3,sx2729414c.1.2,transformer.t5293655c,25.0,line.tpx293655c0,156.0,5,3,6,27,0,1,UNVERIFIED,True,ENGINEERING_SCENARIO_NOT_FIELD_VERIFIED,PENDING
LV:sx2729423c,sx2729423c,LV_SPLIT_240,False,True,"1,2",1675517.83982592,12285905.8712819,upstream_primary_proxy_NOT_surveyed_customer_geography,l2729423,m1069549,R03,6.604006293668605,NOT_REQUIRED_FOR_SPLIT_PHASE,SOURCE_CUSTOMER_SERVICE_PATH,0.24,PRIMARY_PHASE_3,3,sx2729423c.1.2,transformer.t5339017c,15.0,line.tpx339017c0,156.0,5,3,6,27,0,1,UNVERIFIED,True,ENGINEERING_SCENARIO_NOT_FIELD_VERIFIED,PENDING
LV:sx2729424a,sx2729424a,LV_SPLIT_240,False,True,"1,2",1675430.45166584,12286508.4911865,upstream_primary_proxy_NOT_surveyed_customer_geography,l2729424,m1069564,R03,6.792597442320771,NOT_REQUIRED_FOR_SPLIT_PHASE,SOURCE_CUSTOMER_SERVICE_PATH,0.24,PRIMARY_PHASE_1,1,sx2729424a.1.2,transformer.t5339018a,15.0,line.tpx339018a0,156.0,5,3,6,27,0,1,UNVERIFIED,True,ENGINEERING_SCENARIO_NOT_FIELD_VERIFIED,PENDING
LV:sx2729427b,sx2729427b,LV_SPLIT_240,False,True,"1,2",1668721.58868359,12289506.3085333,upstream_primary_proxy_NOT_surveyed_customer_geography,l2729427,m1047763,R05,12.553274022514502,NOT_REQUIRED_FOR_SPLIT_PHASE,SOURCE_CUSTOMER_SERVICE_PATH,0.24,PRIMARY_PHASE_2,2,sx2729427b.1.2,transformer.t5323249b,15.0,line.tpx323249b0,156.0,5,3,6,27,0,1,UNVERIFIED,True,ENGINEERING_SCENARIO_NOT_FIELD_VERIFIED,PENDING
LV:sx2729428a,sx2729428a,LV_SPLIT_240,False,True,"1,2",1667050.19130604,12275943.0598806,upstream_primary_proxy_NOT_surveyed_customer_geography,l2729428,m1026695,R03,12.597030090241486,NOT_REQUIRED_FOR_SPLIT_PHASE,SOURCE_CUSTOMER_SERVICE_PATH,0.24,PRIMARY_PHASE_1,1,sx2729428a.1.2,transformer.t21398402a,15.0,line.tpx21398402a0,156.0,5,3,6,27,0,1,UNVERIFIED,True,ENGINEERING_SCENARIO_NOT_FIELD_VERIFIED,PENDING
LV:sx2729429a,sx2729429a,LV_SPLIT_240,False,True,"1,2",1667404.80250637,12279825.1258043,upstream_primary_proxy_NOT_surveyed_customer_geography,l2729429,m1026769,R03,10.142769558565206,NOT_REQUIRED_FOR_SPLIT_PHASE,SOURCE_CUSTOMER_SERVICE_PATH,0.24,PRIMARY_PHASE_1,1,sx2729429a.1.2,transformer.t5293644a,25.0,line.tpx293644a0,156.0,5,3,6,27,0,1,UNVERIFIED,True,ENGINEERING_SCENARIO_NOT_FIELD_VERIFIED,PENDING
LV:sx2729430b,sx2729430b,LV_SPLIT_240,False,True,"1,2",1662906.80877418,12283538.3996637,upstream_primary_proxy_NOT_surveyed_customer_geography,l2729430,m1026829,R04,11.743601677805461,NOT_REQUIRED_FOR_SPLIT_PHASE,SOURCE_CUSTOMER_SERVICE_PATH,0.24,PRIMARY_PHASE_2,2,sx2729430b.1.2,transformer.t21248901b,25.0,line.tpx21248901b0,156.0,5,3,6,27,0,1,UNVERIFIED,True,ENGINEERING_SCENARIO_NOT_FIELD_VERIFIED,PENDING
LV:sx2729434b,sx2729434b,LV_SPLIT_240,False,True,"1,2",1664658.18874381,12290520.5600542,upstream_primary_proxy_NOT_surveyed_customer_geography,l2729434,m1026997,R04,13.225855685235171,NOT_REQUIRED_FOR_SPLIT_PHASE,SOURCE_CUSTOMER_SERVICE_PATH,0.24,PRIMARY_PHASE_2,2,sx2729434b.1.2,transformer.t5321851b,15.0,line.tpx321851b0,156.0,5,3,6,27,0,1,UNVERIFIED,True,ENGINEERING_SCENARIO_NOT_FIELD_VERIFIED,PENDING
LV:sx2730106c,sx2730106c,LV_SPLIT_240,False,True,"1,2",1681252.82146326,12280907.3791173,upstream_primary_proxy_NOT_surveyed_customer_geography,l2730106,l2730106,R02,3.9714396904082516,NOT_REQUIRED_FOR_SPLIT_PHASE,SOURCE_CUSTOMER_SERVICE_PATH,0.24,PRIMARY_PHASE_3,3,sx2730106c.1.2,transformer.t5356814c,25.0,line.tpx356814c0,156.0,5,3,6,27,0,1,UNVERIFIED,True,ENGINEERING_SCENARIO_NOT_FIELD_VERIFIED,PENDING
LV:sx2730107c,sx2730107c,LV_SPLIT_240,False,True,"1,2",1682208.68860015,12284132.8316643,upstream_primary_proxy_NOT_surveyed_customer_geography,l2730107,m1108529,R02,5.850204207563969,NOT_REQUIRED_FOR_SPLIT_PHASE,SOURCE_CUSTOMER_SERVICE_PATH,0.24,PRIMARY_PHASE_3,3,sx2730107c.1.2,transformer.t5251855c,25.0,line.tpx251855c0,156.0,5,3,6,27,0,1,UNVERIFIED,True,ENGINEERING_SCENARIO_NOT_FIELD_VERIFIED,PENDING
LV:sx2730108c,sx2730108c,LV_SPLIT_240,False,True,"1,2",1692377.15196962,12277568.0209062,upstream_primary_proxy_NOT_surveyed_customer_geography,l2730108,m1209800,R07,1.3807655528942977,NOT_REQUIRED_FOR_SPLIT_PHASE,SOURCE_CUSTOMER_SERVICE_PATH,0.24,PRIMARY_PHASE_3,3,sx2730108c.1.2,transformer.t5223661c,15.0,line.tpx223661c0,156.0,5,3,6,27,0,1,UNVERIFIED,True,ENGINEERING_SCENARIO_NOT_FIELD_VERIFIED,PENDING
LV:sx2730149c,sx2730149c,LV_SPLIT_240,False,True,"1,2",1681765.89051974,12279249.3101237,upstream_primary_proxy_NOT_surveyed_customer_geography,l2730149,l2730149,R02,3.6204491380258843,NOT_REQUIRED_FOR_SPLIT_PHASE,SOURCE_CUSTOMER_SERVICE_PATH,0.24,PRIMARY_PHASE_3,3,sx2730149c.1.2,transformer.t5260601c,15.0,line.tpx260601c0,156.0,5,3,6,27,0,1,UNVERIFIED,True,ENGINEERING_SCENARIO_NOT_FIELD_VERIFIED,PENDING
LV:sx2730163c,sx2730163c,LV_SPLIT_240,False,True,"1,2",1683710.26991355,12273327.1208062,upstream_primary_proxy_NOT_surveyed_customer_geography,l2730163,l2730163,R07,2.864824420107514,NOT_REQUIRED_FOR_SPLIT_PHASE,SOURCE_CUSTOMER_SERVICE_PATH,0.24,PRIMARY_PHASE_3,3,sx2730163c.1.2,transformer.t5260481c,25.0,line.tpx260481c0,156.0,5,3,6,27,0,1,UNVERIFIED,True,ENGINEERING_SCENARIO_NOT_FIELD_VERIFIED,PENDING
LV:sx2730187a,sx2730187a,LV_SPLIT_240,False,True,"1,2",1688764.52092626,12274943.9512717,upstream_primary_proxy_NOT_surveyed_customer_geography,l2730187,m1166373,R07,1.8989231141811196,NOT_REQUIRED_FOR_SPLIT_PHASE,SOURCE_CUSTOMER_SERVICE_PATH,0.24,PRIMARY_PHASE_1,1,sx2730187a.1.2,transformer.t5260464a,37.5,line.tpx260464a0,156.0,5,3,6,27,0,1,UNVERIFIED,True,ENGINEERING_SCENARIO_NOT_FIELD_VERIFIED,PENDING
LV:sx2731712b,sx2731712b,LV_SPLIT_240,False,True,"1,2",1664457.12839162,12292771.2219443,upstream_primary_proxy_NOT_surveyed_customer_geography,l2731712,m1027039,R04,14.359109578942244,NOT_REQUIRED_FOR_SPLIT_PHASE,SOURCE_CUSTOMER_SERVICE_PATH,0.24,PRIMARY_PHASE_2,2,sx2731712b.1.2,transformer.t21426205b,25.0,line.tpx21426205b0,156.0,5,3,6,27,0,1,UNVERIFIED,True,ENGINEERING_SCENARIO_NOT_FIELD_VERIFIED,PENDING
LV:sx2745799c,sx2745799c,LV_SPLIT_240,False,True,"1,2",1665036.76564016,12285371.1712494,upstream_primary_proxy_NOT_surveyed_customer_geography,l2745799,m1026886,R04,10.020649664356583,NOT_REQUIRED_FOR_SPLIT_PHASE,SOURCE_CUSTOMER_SERVICE_PATH,0.24,PRIMARY_PHASE_3,3,sx2745799c.1.2,transformer.t226191779c,25.0,line.tpx226191779c0,156.0,5,3,6,27,0,1,UNVERIFIED,True,ENGINEERING_SCENARIO_NOT_FIELD_VERIFIED,PENDING
LV:sx2745806c,sx2745806c,LV_SPLIT_240,False,True,"1,2",1674499.23425697,12282281.6649425,upstream_primary_proxy_NOT_surveyed_customer_geography,l2745806,m1069483,R06,11.584980794709423,NOT_REQUIRED_FOR_SPLIT_PHASE,SOURCE_CUSTOMER_SERVICE_PATH,0.24,PRIMARY_PHASE_3,3,sx2745806c.1.2,transformer.t226194262c,25.0,line.tpx226194262c0,156.0,5,3,6,27,0,1,UNVERIFIED,True,ENGINEERING_SCENARIO_NOT_FIELD_VERIFIED,PENDING
LV:sx2745811c,sx2745811c,LV_SPLIT_240,False,True,"1,2",1688327.92828585,12283187.0202074,upstream_primary_proxy_NOT_surveyed_customer_geography,l2745811,m1209800,R07,5.928980714972343,NOT_REQUIRED_FOR_SPLIT_PHASE,SOURCE_CUSTOMER_SERVICE_PATH,0.24,PRIMARY_PHASE_3,3,sx2745811c.1.2,transformer.t5251863c,25.0,line.tpx251863c0,156.0,5,3,6,27,0,1,UNVERIFIED,True,ENGINEERING_SCENARIO_NOT_FIELD_VERIFIED,PENDING
LV:sx2746587c,sx2746587c,LV_SPLIT_240,False,True,"1,2",1663029.62323829,12283098.8783833,upstream_primary_proxy_NOT_surveyed_customer_geography,l2746587,m1026824,R04,11.90916888189993,NOT_REQUIRED_FOR_SPLIT_PHASE,SOURCE_CUSTOMER_SERVICE_PATH,0.24,PRIMARY_PHASE_3,3,sx2746587c.1.2,transformer.t227653310c,25.0,line.tpx227653310c0,156.0,5,3,6,27,0,1,UNVERIFIED,True,ENGINEERING_SCENARIO_NOT_FIELD_VERIFIED,PENDING
LV:sx2748124b,sx2748124b,LV_SPLIT_240,False,True,"1,2",1673313.60199987,12292567.3517361,upstream_primary_proxy_NOT_surveyed_customer_geography,l2748124,m1047763,R05,15.435284007481354,NOT_REQUIRED_FOR_SPLIT_PHASE,SOURCE_CUSTOMER_SERVICE_PATH,0.24,PRIMARY_PHASE_2,2,sx2748124b.1.2,transformer.t5323392b,25.0,line.tpx323392b0,156.0,5,3,6,27,0,1,UNVERIFIED,True,ENGINEERING_SCENARIO_NOT_FIELD_VERIFIED,PENDING
LV:sx2748125c,sx2748125c,LV_SPLIT_240,False,True,"1,2",1673854.54024037,12281160.6184135,upstream_primary_proxy_NOT_surveyed_customer_geography,l2748125,m1069483,R06,10.854873264542725,NOT_REQUIRED_FOR_SPLIT_PHASE,SOURCE_CUSTOMER_SERVICE_PATH,0.24,PRIMARY_PHASE_3,3,sx2748125c.1.2,transformer.t5338962c,25.0,line.tpx338962c0,156.0,5,3,6,27,0,1,UNVERIFIED,True,ENGINEERING_SCENARIO_NOT_FIELD_VERIFIED,PENDING
LV:sx2748126c,sx2748126c,LV_SPLIT_240,False,True,"1,2",1666184.55904923,12294083.0110015,upstream_primary_proxy_NOT_surveyed_customer_geography,l2748126,m1027043,R04,15.458042057390204,NOT_REQUIRED_FOR_SPLIT_PHASE,SOURCE_CUSTOMER_SERVICE_PATH,0.24,PRIMARY_PHASE_3,3,sx2748126c.1.2,transformer.t5321891c,25.0,line.tpx321891c0,156.0,5,3,6,27,0,1,UNVERIFIED,True,ENGINEERING_SCENARIO_NOT_FIELD_VERIFIED,PENDING
LV:sx2748127a,sx2748127a,LV_SPLIT_240,False,True,"1,2",1671071.66868578,12285417.9311855,upstream_primary_proxy_NOT_surveyed_customer_geography,l2748127,m1047713,R05,9.911190465423909,NOT_REQUIRED_FOR_SPLIT_PHASE,SOURCE_CUSTOMER_SERVICE_PATH,0.24,PRIMARY_PHASE_1,1,sx2748127a.1.2,transformer.t5338919a,15.0,line.tpx338919a0,156.0,5,3,6,27,0,1,UNVERIFIED,True,ENGINEERING_SCENARIO_NOT_FIELD_VERIFIED,PENDING
LV:sx2748128c,sx2748128c,LV_SPLIT_240,False,True,"1,2",1678081.57947631,12276612.3094173,upstream_primary_proxy_NOT_surveyed_customer_geography,l2748128,m1108315,R01,7.235763943430038,NOT_REQUIRED_FOR_SPLIT_PHASE,SOURCE_CUSTOMER_SERVICE_PATH,0.24,PRIMARY_PHASE_3,3,sx2748128c.1.2,transformer.t5337629c,25.0,line.tpx337629c0,156.0,5,3,6,27,0,1,UNVERIFIED,True,ENGINEERING_SCENARIO_NOT_FIELD_VERIFIED,PENDING
LV:sx2748129a,sx2748129a,LV_SPLIT_240,False,True,"1,2",1673406.81057596,12267874.5583691,upstream_primary_proxy_NOT_surveyed_customer_geography,l2748129,m1069169,R08,9.065955220253494,NOT_REQUIRED_FOR_SPLIT_PHASE,SOURCE_CUSTOMER_SERVICE_PATH,0.24,PRIMARY_PHASE_1,1,sx2748129a.1.2,transformer.t5138567a,37.5,line.tpx138567a0,156.0,5,3,6,27,0,1,UNVERIFIED,True,ENGINEERING_SCENARIO_NOT_FIELD_VERIFIED,PENDING
LV:sx2748130b,sx2748130b,LV_SPLIT_240,False,True,"1,2",1671885.85108654,12266354.2706237,upstream_primary_proxy_NOT_surveyed_customer_geography,l2748130,m1069135,R08,10.594412563561983,NOT_REQUIRED_FOR_SPLIT_PHASE,SOURCE_CUSTOMER_SERVICE_PATH,0.24,PRIMARY_PHASE_2,2,sx2748130b.1.2,transformer.t5138753b,25.0,line.tpx138753b0,156.0,5,3,6,27,0,1,UNVERIFIED,True,ENGINEERING_SCENARIO_NOT_FIELD_VERIFIED,PENDING
LV:sx2748131b,sx2748131b,LV_SPLIT_240,False,True,"1,2",1668845.05031571,12289370.9480211,upstream_primary_proxy_NOT_surveyed_customer_geography,l2748131,m1047763,R05,12.446181502063396,NOT_REQUIRED_FOR_SPLIT_PHASE,SOURCE_CUSTOMER_SERVICE_PATH,0.24,PRIMARY_PHASE_2,2,sx2748131b.1.2,transformer.t5323250b,15.0,line.tpx323250b0,156.0,5,3,6,27,0,1,UNVERIFIED,True,ENGINEERING_SCENARIO_NOT_FIELD_VERIFIED,PENDING
LV:sx2748132a,sx2748132a,LV_SPLIT_240,False,True,"1,2",1670146.82874892,12271940.8214129,upstream_primary_proxy_NOT_surveyed_customer_geography,l2748132,m1026695,R03,16.68706294098915,NOT_REQUIRED_FOR_SPLIT_PHASE,SOURCE_CUSTOMER_SERVICE_PATH,0.24,PRIMARY_PHASE_1,1,sx2748132a.1.2,transformer.t5302637a,15.0,line.tpx302637a0,156.0,5,3,6,27,0,1,UNVERIFIED,True,ENGINEERING_SCENARIO_NOT_FIELD_VERIFIED,PENDING
LV:sx2748133c,sx2748133c,LV_SPLIT_240,False,True,"1,2",1674496.10900897,12271739.5603567,upstream_primary_proxy_NOT_surveyed_customer_geography,l2748133,m1089112,R01,9.679093013382333,NOT_REQUIRED_FOR_SPLIT_PHASE,SOURCE_CUSTOMER_SERVICE_PATH,0.24,PRIMARY_PHASE_3,3,sx2748133c.1.2,transformer.t5302861c,15.0,line.tpx302861c0,156.0,5,3,6,27,0,1,UNVERIFIED,True,ENGINEERING_SCENARIO_NOT_FIELD_VERIFIED,PENDING
LV:sx2748135a,sx2748135a,LV_SPLIT_240,False,True,"1,2",1667372.99706634,12260581.4870023,upstream_primary_proxy_NOT_surveyed_customer_geography,l2748135,m1026341,R08,14.092084242567092,NOT_REQUIRED_FOR_SPLIT_PHASE,SOURCE_CUSTOMER_SERVICE_PATH,0.24,PRIMARY_PHASE_1,1,sx2748135a.1.2,transformer.t28150172a,25.0,line.tpx28150172a0,156.0,5,3,6,27,0,1,UNVERIFIED,True,ENGINEERING_SCENARIO_NOT_FIELD_VERIFIED,PENDING
LV:sx2748139b,sx2748139b,LV_SPLIT_240,False,True,"1,2",1660219.52147567,12284565.3405927,upstream_primary_proxy_NOT_surveyed_customer_geography,l2748139,m1026829,R04,13.644719181502982,NOT_REQUIRED_FOR_SPLIT_PHASE,SOURCE_CUSTOMER_SERVICE_PATH,0.24,PRIMARY_PHASE_2,2,sx2748139b.1.2,transformer.t21400108b,15.0,line.tpx21400108b0,156.0,5,3,6,27,0,1,UNVERIFIED,True,ENGINEERING_SCENARIO_NOT_FIELD_VERIFIED,PENDING
LV:sx2748140a,sx2748140a,LV_SPLIT_240,False,True,"1,2",1662511.86016581,12279773.1311802,upstream_primary_proxy_NOT_surveyed_customer_geography,l2748140,m1009770,R04,14.05675825464959,NOT_REQUIRED_FOR_SPLIT_PHASE,SOURCE_CUSTOMER_SERVICE_PATH,0.24,PRIMARY_PHASE_1,1,sx2748140a.1.2,transformer.t5391995a,25.0,line.tpx391995a0,156.0,5,3,6,27,0,1,UNVERIFIED,True,ENGINEERING_SCENARIO_NOT_FIELD_VERIFIED,PENDING
LV:sx2748143a,sx2748143a,LV_SPLIT_240,False,True,"1,2",1675902.33953828,12286396.3713784,upstream_primary_proxy_NOT_surveyed_customer_geography,l2748143,m1069564,R03,6.805576403708068,NOT_REQUIRED_FOR_SPLIT_PHASE,SOURCE_CUSTOMER_SERVICE_PATH,0.24,PRIMARY_PHASE_1,1,sx2748143a.1.2,transformer.t28121368a,25.0,line.tpx28121368a0,156.0,5,3,6,27,0,1,UNVERIFIED,True,ENGINEERING_SCENARIO_NOT_FIELD_VERIFIED,PENDING
LV:sx2748144a,sx2748144a,LV_SPLIT_240,False,True,"1,2",1675263.35124968,12285129.8308332,upstream_primary_proxy_NOT_surveyed_customer_geography,l2748144,l2748144,R03,6.33545603415553,NOT_REQUIRED_FOR_SPLIT_PHASE,SOURCE_CUSTOMER_SERVICE_PATH,0.24,PRIMARY_PHASE_1,1,sx2748144a.1.2,transformer.t5338984a,25.0,line.tpx338984a0,156.0,5,3,6,27,0,1,UNVERIFIED,True,ENGINEERING_SCENARIO_NOT_FIELD_VERIFIED,PENDING
LV:sx2748146a,sx2748146a,LV_SPLIT_240,False,True,"1,2",1673880.4187684,12268381.5080016,upstream_primary_proxy_NOT_surveyed_customer_geography,l2748146,m1069169,R08,8.840168146837303,NOT_REQUIRED_FOR_SPLIT_PHASE,SOURCE_CUSTOMER_SERVICE_PATH,0.24,PRIMARY_PHASE_1,1,sx2748146a.1.2,transformer.t5138570a,15.0,line.tpx138570a0,156.0,5,3,6,27,0,1,UNVERIFIED,True,ENGINEERING_SCENARIO_NOT_FIELD_VERIFIED,PENDING
LV:sx2748152b,sx2748152b,LV_SPLIT_240,False,True,"1,2",1665051.63821617,12289739.5020055,upstream_primary_proxy_NOT_surveyed_customer_geography,l2748152,m1026979,R04,12.693244969379561,NOT_REQUIRED_FOR_SPLIT_PHASE,SOURCE_CUSTOMER_SERVICE_PATH,0.24,PRIMARY_PHASE_2,2,sx2748152b.1.2,transformer.t5321849b,15.0,line.tpx321849b0,156.0,5,3,6,27,0,1,UNVERIFIED,True,ENGINEERING_SCENARIO_NOT_FIELD_VERIFIED,PENDING
LV:sx2748157a,sx2748157a,LV_SPLIT_240,False,True,"1,2",1672043.35047869,12283984.0895201,upstream_primary_proxy_NOT_surveyed_customer_geography,l2748157,m1069500,R03,7.0647087710802365,NOT_REQUIRED_FOR_SPLIT_PHASE,SOURCE_CUSTOMER_SERVICE_PATH,0.24,PRIMARY_PHASE_1,1,sx2748157a.1.2,transformer.t5338973a,37.5,line.tpx338973a0,156.0,5,3,6,27,0,1,UNVERIFIED,True,ENGINEERING_SCENARIO_NOT_FIELD_VERIFIED,PENDING
LV:sx2748158a,sx2748158a,LV_SPLIT_240,False,True,"1,2",1670499.76878125,12263273.7591328,upstream_primary_proxy_NOT_surveyed_customer_geography,l2748158,m1047312,R08,11.673736213667057,NOT_REQUIRED_FOR_SPLIT_PHASE,SOURCE_CUSTOMER_SERVICE_PATH,0.24,PRIMARY_PHASE_1,1,sx2748158a.1.2,transformer.t5293480a,15.0,line.tpx293480a0,156.0,5,3,6,27,0,1,UNVERIFIED,True,ENGINEERING_SCENARIO_NOT_FIELD_VERIFIED,PENDING
LV:sx2748780a,sx2748780a,LV_SPLIT_240,False,True,"1,2",1682470.3206004,12282099.6591824,upstream_primary_proxy_NOT_surveyed_customer_geography,l2748780,m1108505,R02,5.417288223891387,NOT_REQUIRED_FOR_SPLIT_PHASE,SOURCE_CUSTOMER_SERVICE_PATH,0.24,PRIMARY_PHASE_1,1,sx2748780a.1.2,transformer.t5356803a,25.0,line.tpx356803a0,156.0,5,3,6,27,0,1,UNVERIFIED,True,ENGINEERING_SCENARIO_NOT_FIELD_VERIFIED,PENDING
LV:sx2748781a,sx2748781a,LV_SPLIT_240,False,True,"1,2",1683616.19298546,12282264.4699345,upstream_primary_proxy_NOT_surveyed_customer_geography,l2748781,m1108505,R02,6.094577462273997,NOT_REQUIRED_FOR_SPLIT_PHASE,SOURCE_CUSTOMER_SERVICE_PATH,0.24,PRIMARY_PHASE_1,1,sx2748781a.1.2,transformer.t21382813a,37.5,line.tpx21382813a0,156.0,5,3,6,27,0,1,UNVERIFIED,True,ENGINEERING_SCENARIO_NOT_FIELD_VERIFIED,PENDING
LV:sx2748839b,sx2748839b,LV_SPLIT_240,False,True,"1,2",1683601.00092145,12272521.8308215,upstream_primary_proxy_NOT_surveyed_customer_geography,l2748839,m1125914,R01,3.730805428716444,NOT_REQUIRED_FOR_SPLIT_PHASE,SOURCE_CUSTOMER_SERVICE_PATH,0.24,PRIMARY_PHASE_2,2,sx2748839b.1.2,transformer.t5260502b,10.0,line.tpx260502b0,156.0,5,3,6,27,0,1,UNVERIFIED,True,ENGINEERING_SCENARIO_NOT_FIELD_VERIFIED,PENDING
LV:sx2748840b,sx2748840b,LV_SPLIT_240,False,True,"1,2",1692304.77974556,12272449.8804854,upstream_primary_proxy_NOT_surveyed_customer_geography,l2748840,m1186063,R07,2.939439565051626,NOT_REQUIRED_FOR_SPLIT_PHASE,SOURCE_CUSTOMER_SERVICE_PATH,0.24,PRIMARY_PHASE_2,2,sx2748840b.1.2,transformer.t5157717b,15.0,line.tpx157717b0,156.0,5,3,6,27,0,1,UNVERIFIED,True,ENGINEERING_SCENARIO_NOT_FIELD_VERIFIED,PENDING
LV:sx2763072b,sx2763072b,LV_SPLIT_240,False,True,"1,2",1665426.63111252,12258785.6080887,upstream_primary_proxy_NOT_surveyed_customer_geography,l2763072,m1026328,R08,15.55168037244567,NOT_REQUIRED_FOR_SPLIT_PHASE,SOURCE_CUSTOMER_SERVICE_PATH,0.24,PRIMARY_PHASE_2,2,sx2763072b.1.2,transformer.t226924200b,25.0,line.tpx226924200b0,156.0,5,3,6,27,0,1,UNVERIFIED,True,ENGINEERING_SCENARIO_NOT_FIELD_VERIFIED,PENDING
LV:sx2763153a,sx2763153a,LV_SPLIT_240,False,True,"1,2",1668869.35597973,12261838.0414995,upstream_primary_proxy_NOT_surveyed_customer_geography,l2763153,l2763153,R08,12.867945310527144,NOT_REQUIRED_FOR_SPLIT_PHASE,SOURCE_CUSTOMER_SERVICE_PATH,0.24,PRIMARY_PHASE_1,1,sx2763153a.1.2,transformer.t5293425a,25.0,line.tpx293425a0,156.0,5,3,6,27,0,1,UNVERIFIED,True,ENGINEERING_SCENARIO_NOT_FIELD_VERIFIED,PENDING
LV:sx2763407c,sx2763407c,LV_SPLIT_240,False,True,"1,2",1693116.35299431,12282162.5778384,upstream_primary_proxy_NOT_surveyed_customer_geography,l2763407,m1209800,R07,4.224569897459496,NOT_REQUIRED_FOR_SPLIT_PHASE,SOURCE_CUSTOMER_SERVICE_PATH,0.24,PRIMARY_PHASE_3,3,sx2763407c.1.2,transformer.t225906836c,25.0,line.tpx225906836c0,156.0,5,3,6,27,0,1,UNVERIFIED,True,ENGINEERING_SCENARIO_NOT_FIELD_VERIFIED,PENDING
LV:sx2763811c,sx2763811c,LV_SPLIT_240,False,True,"1,2",1673874.28296039,12273326.6497662,upstream_primary_proxy_NOT_surveyed_customer_geography,l2763811,m1069311,R06,12.76673771704621,NOT_REQUIRED_FOR_SPLIT_PHASE,SOURCE_CUSTOMER_SERVICE_PATH,0.24,PRIMARY_PHASE_3,3,sx2763811c.1.2,transformer.t21459629c,75.0,line.tpx21459629c0,156.0,5,3,6,27,0,1,UNVERIFIED,True,ENGINEERING_SCENARIO_NOT_FIELD_VERIFIED,PENDING
LV:sx2763812c,sx2763812c,LV_SPLIT_240,False,True,"1,2",1673563.8635041,12273399.6937343,upstream_primary_proxy_NOT_surveyed_customer_geography,l2763812,m1069311,R06,12.877747091786315,NOT_REQUIRED_FOR_SPLIT_PHASE,SOURCE_CUSTOMER_SERVICE_PATH,0.24,PRIMARY_PHASE_3,3,sx2763812c.1.2,transformer.t21459651c,75.0,line.tpx21459651c0,156.0,5,3,6,27,0,1,UNVERIFIED,True,ENGINEERING_SCENARIO_NOT_FIELD_VERIFIED,PENDING
LV:sx2764399b,sx2764399b,LV_SPLIT_240,False,True,"1,2",1665190.2018003,12288270.9590281,upstream_primary_proxy_NOT_surveyed_customer_geography,l2764399,m1026954,R04,12.428027943176318,NOT_REQUIRED_FOR_SPLIT_PHASE,SOURCE_CUSTOMER_SERVICE_PATH,0.24,PRIMARY_PHASE_2,2,sx2764399b.1.2,transformer.t226192493b,15.0,line.tpx226192493b0,156.0,5,3,6,27,0,1,UNVERIFIED,True,ENGINEERING_SCENARIO_NOT_FIELD_VERIFIED,PENDING
LV:sx2764403a,sx2764403a,LV_SPLIT_240,False,True,"1,2",1672416.66401503,12283881.988528,upstream_primary_proxy_NOT_surveyed_customer_geography,l2764403,m1069500,R03,6.830505183302372,NOT_REQUIRED_FOR_SPLIT_PHASE,SOURCE_CUSTOMER_SERVICE_PATH,0.24,PRIMARY_PHASE_1,1,sx2764403a.1.2,transformer.t226193078a,25.0,line.tpx226193078a0,156.0,5,3,6,27,0,1,UNVERIFIED,True,ENGINEERING_SCENARIO_NOT_FIELD_VERIFIED,PENDING
LV:sx2764411c,sx2764411c,LV_SPLIT_240,False,True,"1,2",1686056.12284374,12286737.0889467,upstream_primary_proxy_NOT_surveyed_customer_geography,l2764411,m1209800,R07,8.12777759595111,NOT_REQUIRED_FOR_SPLIT_PHASE,SOURCE_CUSTOMER_SERVICE_PATH,0.24,PRIMARY_PHASE_3,3,sx2764411c.1.2,transformer.t226010605c,15.0,line.tpx226010605c0,156.0,5,3,6,27,0,1,UNVERIFIED,True,ENGINEERING_SCENARIO_NOT_FIELD_VERIFIED,PENDING
LV:sx2764412a,sx2764412a,LV_SPLIT_240,False,True,"1,2",1664842.41863198,12294274.3105857,upstream_primary_proxy_NOT_surveyed_customer_geography,l2764412,m1027055,R04,14.819641551845741,NOT_REQUIRED_FOR_SPLIT_PHASE,SOURCE_CUSTOMER_SERVICE_PATH,0.24,PRIMARY_PHASE_1,1,sx2764412a.1.2,transformer.t5321874a,25.0,line.tpx321874a0,156.0,5,3,6,27,0,1,UNVERIFIED,True,ENGINEERING_SCENARIO_NOT_FIELD_VERIFIED,PENDING
LV:sx2766499c,sx2766499c,LV_SPLIT_240,False,True,"1,2",1669554.78471637,12284084.9412322,upstream_primary_proxy_NOT_surveyed_customer_geography,l2766499,m1047615,R05,8.936480954308722,NOT_REQUIRED_FOR_SPLIT_PHASE,SOURCE_CUSTOMER_SERVICE_PATH,0.24,PRIMARY_PHASE_3,3,sx2766499c.1.2,transformer.t22112168880c,50.0,line.tpx2212168880c0,156.0,5,3,6,27,0,1,UNVERIFIED,True,ENGINEERING_SCENARIO_NOT_FIELD_VERIFIED,PENDING
LV:sx2766715b,sx2766715b,LV_SPLIT_240,False,True,"1,2",1661098.24864449,12283944.9317601,upstream_primary_proxy_NOT_surveyed_customer_geography,l2766715,m1026829,R04,12.877606526735708,NOT_REQUIRED_FOR_SPLIT_PHASE,SOURCE_CUSTOMER_SERVICE_PATH,0.24,PRIMARY_PHASE_2,2,sx2766715b.1.2,transformer.t5355593b,15.0,line.tpx355593b0,156.0,5,3,6,27,0,1,UNVERIFIED,True,ENGINEERING_SCENARIO_NOT_FIELD_VERIFIED,PENDING
LV:sx2766716c,sx2766716c,LV_SPLIT_240,False,True,"1,2",1672238.20129487,12279690.2691001,upstream_primary_proxy_NOT_surveyed_customer_geography,l2766716,m1047483,R06,9.835255276132276,NOT_REQUIRED_FOR_SPLIT_PHASE,SOURCE_CUSTOMER_SERVICE_PATH,0.24,PRIMARY_PHASE_3,3,sx2766716c.1.2,transformer.t5337713c,15.0,line.tpx337713c0,156.0,5,3,6,27,0,1,UNVERIFIED,True,ENGINEERING_SCENARIO_NOT_FIELD_VERIFIED,PENDING
LV:sx2766717c,sx2766717c,LV_SPLIT_240,False,True,"1,2",1674323.63054481,12266416.0915518,upstream_primary_proxy_NOT_surveyed_customer_geography,l2766717,m1089112,R01,9.847554320748493,NOT_REQUIRED_FOR_SPLIT_PHASE,SOURCE_CUSTOMER_SERVICE_PATH,0.24,PRIMARY_PHASE_3,3,sx2766717c.1.2,transformer.t5138470c,10.0,line.tpx138470c0,156.0,5,3,6,27,0,1,UNVERIFIED,True,ENGINEERING_SCENARIO_NOT_FIELD_VERIFIED,PENDING
LV:sx2766718c,sx2766718c,LV_SPLIT_240,False,True,"1,2",1674340.44872083,12267337.6383046,upstream_primary_proxy_NOT_surveyed_customer_geography,l2766718,l2766718,R08,8.328042786885273,NOT_REQUIRED_FOR_SPLIT_PHASE,SOURCE_CUSTOMER_SERVICE_PATH,0.24,PRIMARY_PHASE_3,3,sx2766718c.1.2,transformer.t5138652c,37.5,line.tpx138652c0,156.0,5,3,6,27,0,1,UNVERIFIED,True,ENGINEERING_SCENARIO_NOT_FIELD_VERIFIED,PENDING
LV:sx2766719a,sx2766719a,LV_SPLIT_240,False,True,"1,2",1670529.50574128,12284340.4415205,upstream_primary_proxy_NOT_surveyed_customer_geography,l2766719,m1047672,R05,9.181968964088354,NOT_REQUIRED_FOR_SPLIT_PHASE,SOURCE_CUSTOMER_SERVICE_PATH,0.24,PRIMARY_PHASE_1,1,sx2766719a.1.2,transformer.t21357865a,25.0,line.tpx21357865a0,156.0,5,3,6,27,0,1,UNVERIFIED,True,ENGINEERING_SCENARIO_NOT_FIELD_VERIFIED,PENDING
LV:sx2766720a,sx2766720a,LV_SPLIT_240,False,True,"1,2",1663496.32147873,12286330.4093943,upstream_primary_proxy_NOT_surveyed_customer_geography,l2766720,m1026926,R04,10.754510982236512,NOT_REQUIRED_FOR_SPLIT_PHASE,SOURCE_CUSTOMER_SERVICE_PATH,0.24,PRIMARY_PHASE_1,1,sx2766720a.1.2,transformer.t5441311a,25.0,line.tpx441311a0,156.0,5,3,6,27,0,1,UNVERIFIED,True,ENGINEERING_SCENARIO_NOT_FIELD_VERIFIED,PENDING
LV:sx2766721a,sx2766721a,LV_SPLIT_240,False,True,"1,2",1677417.74075569,12270583.4889316,upstream_primary_proxy_NOT_surveyed_customer_geography,l2766721,m1089143,R01,6.333983948123484,NOT_REQUIRED_FOR_SPLIT_PHASE,SOURCE_CUSTOMER_SERVICE_PATH,0.24,PRIMARY_PHASE_1,1,sx2766721a.1.2,transformer.t5247059a,25.0,line.tpx247059a0,156.0,5,3,6,27,0,1,UNVERIFIED,True,ENGINEERING_SCENARIO_NOT_FIELD_VERIFIED,PENDING
LV:sx2766722b,sx2766722b,LV_SPLIT_240,False,True,"1,2",1670433.77812519,12275861.0989206,upstream_primary_proxy_NOT_surveyed_customer_geography,l2766722,m1069376,R06,14.142546012361558,NOT_REQUIRED_FOR_SPLIT_PHASE,SOURCE_CUSTOMER_SERVICE_PATH,0.24,PRIMARY_PHASE_2,2,sx2766722b.1.2,transformer.t5337700b,25.0,line.tpx337700b0,156.0,5,3,6,27,0,1,UNVERIFIED,True,ENGINEERING_SCENARIO_NOT_FIELD_VERIFIED,PENDING
LV:sx2766723a,sx2766723a,LV_SPLIT_240,False,True,"1,2",1664187.95155937,12278339.5803309,upstream_primary_proxy_NOT_surveyed_customer_geography,l2766723,m1026701,R03,12.4263167307754,NOT_REQUIRED_FOR_SPLIT_PHASE,SOURCE_CUSTOMER_SERVICE_PATH,0.24,PRIMARY_PHASE_1,1,sx2766723a.1.2,transformer.t5391986a,25.0,line.tpx391986a0,156.0,5,3,6,27,0,1,UNVERIFIED,True,ENGINEERING_SCENARIO_NOT_FIELD_VERIFIED,PENDING
LV:sx2766724c,sx2766724c,LV_SPLIT_240,False,True,"1,2",1667878.25914681,12280454.9103808,upstream_primary_proxy_NOT_surveyed_customer_geography,l2766724,m1026783,R03,9.565862471564616,NOT_REQUIRED_FOR_SPLIT_PHASE,SOURCE_CUSTOMER_SERVICE_PATH,0.24,PRIMARY_PHASE_3,3,sx2766724c.1.2,transformer.t5294786c,15.0,line.tpx294786c0,156.0,5,3,6,27,0,1,UNVERIFIED,True,ENGINEERING_SCENARIO_NOT_FIELD_VERIFIED,PENDING
LV:sx2766725c,sx2766725c,LV_SPLIT_240,False,True,"1,2",1667910.43732284,12280654.864813,upstream_primary_proxy_NOT_surveyed_customer_geography,l2766725,m1026795,R03,9.405387087613898,NOT_REQUIRED_FOR_SPLIT_PHASE,SOURCE_CUSTOMER_SERVICE_PATH,0.24,PRIMARY_PHASE_3,3,sx2766725c.1.2,transformer.t21399220c,15.0,line.tpx21399220c0,156.0,5,3,6,27,0,1,UNVERIFIED,True,ENGINEERING_SCENARIO_NOT_FIELD_VERIFIED,PENDING
LV:sx2766726b,sx2766726b,LV_SPLIT_240,False,True,"1,2",1666934.97082593,12260163.1420419,upstream_primary_proxy_NOT_surveyed_customer_geography,l2766726,m1026330,R08,14.462194630182225,NOT_REQUIRED_FOR_SPLIT_PHASE,SOURCE_CUSTOMER_SERVICE_PATH,0.24,PRIMARY_PHASE_2,2,sx2766726b.1.2,transformer.t5302373b,15.0,line.tpx302373b0,156.0,5,3,6,27,0,1,UNVERIFIED,True,ENGINEERING_SCENARIO_NOT_FIELD_VERIFIED,PENDING
LV:sx2766727b,sx2766727b,LV_SPLIT_240,False,True,"1,2",1665771.48973684,12260757.7993225,upstream_primary_proxy_NOT_surveyed_customer_geography,l2766727,m1026328,R08,15.339214742467702,NOT_REQUIRED_FOR_SPLIT_PHASE,SOURCE_CUSTOMER_SERVICE_PATH,0.24,PRIMARY_PHASE_2,2,sx2766727b.1.2,transformer.t5302367b,15.0,line.tpx302367b0,156.0,5,3,6,27,0,1,UNVERIFIED,True,ENGINEERING_SCENARIO_NOT_FIELD_VERIFIED,PENDING
LV:sx2766729a,sx2766729a,LV_SPLIT_240,False,True,"1,2",1671014.50900573,12263207.0803488,upstream_primary_proxy_NOT_surveyed_customer_geography,l2766729,m1047316,R08,11.640003116440363,NOT_REQUIRED_FOR_SPLIT_PHASE,SOURCE_CUSTOMER_SERVICE_PATH,0.24,PRIMARY_PHASE_1,1,sx2766729a.1.2,transformer.t5293523a,25.0,line.tpx293523a0,156.0,5,3,6,27,0,1,UNVERIFIED,True,ENGINEERING_SCENARIO_NOT_FIELD_VERIFIED,PENDING
LV:sx2766730b,sx2766730b,LV_SPLIT_240,False,True,"1,2",1662431.46797373,12281111.5892935,upstream_primary_proxy_NOT_surveyed_customer_geography,l2766730,m1009763,R04,13.242525952283788,NOT_REQUIRED_FOR_SPLIT_PHASE,SOURCE_CUSTOMER_SERVICE_PATH,0.24,PRIMARY_PHASE_2,2,sx2766730b.1.2,transformer.t5355359b,15.0,line.tpx355359b0,156.0,5,3,6,27,0,1,UNVERIFIED,True,ENGINEERING_SCENARIO_NOT_FIELD_VERIFIED,PENDING
LV:sx2766732b,sx2766732b,LV_SPLIT_240,False,True,"1,2",1668123.29825103,12267833.5492171,upstream_primary_proxy_NOT_surveyed_customer_geography,l2766732,m1069135,R08,13.130928362877617,NOT_REQUIRED_FOR_SPLIT_PHASE,SOURCE_CUSTOMER_SERVICE_PATH,0.24,PRIMARY_PHASE_2,2,sx2766732b.1.2,transformer.t5247164b,10.0,line.tpx247164b0,156.0,5,3,6,27,0,1,UNVERIFIED,True,ENGINEERING_SCENARIO_NOT_FIELD_VERIFIED,PENDING
LV:sx2766738c,sx2766738c,LV_SPLIT_240,False,True,"1,2",1674181.85160068,12284222.0097763,upstream_primary_proxy_NOT_surveyed_customer_geography,l2766738,l2766738,R03,6.118139185474977,NOT_REQUIRED_FOR_SPLIT_PHASE,SOURCE_CUSTOMER_SERVICE_PATH,0.24,PRIMARY_PHASE_3,3,sx2766738c.1.2,transformer.t5338978c,25.0,line.tpx338978c0,156.0,5,3,6,27,0,1,UNVERIFIED,True,ENGINEERING_SCENARIO_NOT_FIELD_VERIFIED,PENDING
LV:sx2766741a,sx2766741a,LV_SPLIT_240,False,True,"1,2",1673829.86184035,12274652.9919114,upstream_primary_proxy_NOT_surveyed_customer_geography,l2766741,l2766741,R06,11.724281221714206,NOT_REQUIRED_FOR_SPLIT_PHASE,SOURCE_CUSTOMER_SERVICE_PATH,0.24,PRIMARY_PHASE_1,1,sx2766741a.1.2,transformer.t21386754a,25.0,line.tpx21386754a0,156.0,5,3,6,27,0,1,UNVERIFIED,True,ENGINEERING_SCENARIO_NOT_FIELD_VERIFIED,PENDING
LV:sx2766742b,sx2766742b,LV_SPLIT_240,False,True,"1,2",1662560.90976585,12283624.4197598,upstream_primary_proxy_NOT_surveyed_customer_geography,l2766742,m1026829,R04,11.95195193161433,NOT_REQUIRED_FOR_SPLIT_PHASE,SOURCE_CUSTOMER_SERVICE_PATH,0.24,PRIMARY_PHASE_2,2,sx2766742b.1.2,transformer.t5355585b,15.0,line.tpx355585b0,156.0,5,3,6,27,0,1,UNVERIFIED,True,ENGINEERING_SCENARIO_NOT_FIELD_VERIFIED,PENDING
LV:sx2766744b,sx2766744b,LV_SPLIT_240,False,True,"1,2",1664634.91936779,12292966.5397045,upstream_primary_proxy_NOT_surveyed_customer_geography,l2766744,m1027039,R04,14.196988177527917,NOT_REQUIRED_FOR_SPLIT_PHASE,SOURCE_CUSTOMER_SERVICE_PATH,0.24,PRIMARY_PHASE_2,2,sx2766744b.1.2,transformer.t28127319b,25.0,line.tpx28127319b0,156.0,5,3,6,27,0,1,UNVERIFIED,True,ENGINEERING_SCENARIO_NOT_FIELD_VERIFIED,PENDING
LV:sx2766746c,sx2766746c,LV_SPLIT_240,False,True,"1,2",1666196.35962524,12293191.2094007,upstream_primary_proxy_NOT_surveyed_customer_geography,l2766746,m1027043,R04,15.067440816099854,NOT_REQUIRED_FOR_SPLIT_PHASE,SOURCE_CUSTOMER_SERVICE_PATH,0.24,PRIMARY_PHASE_3,3,sx2766746c.1.2,transformer.t5321886c,25.0,line.tpx321886c0,156.0,5,3,6,27,0,1,UNVERIFIED,True,ENGINEERING_SCENARIO_NOT_FIELD_VERIFIED,PENDING
LV:sx2766747a,sx2766747a,LV_SPLIT_240,False,True,"1,2",1663543.40909477,12278693.7614512,upstream_primary_proxy_NOT_surveyed_customer_geography,l2766747,m1009770,R04,14.521925992452669,NOT_REQUIRED_FOR_SPLIT_PHASE,SOURCE_CUSTOMER_SERVICE_PATH,0.24,PRIMARY_PHASE_1,1,sx2766747a.1.2,transformer.t5391989a,25.0,line.tpx391989a0,156.0,5,3,6,27,0,1,UNVERIFIED,True,ENGINEERING_SCENARIO_NOT_FIELD_VERIFIED,PENDING
LV:sx2766748a,sx2766748a,LV_SPLIT_240,False,True,"1,2",1664530.64749569,12284925.428145,upstream_primary_proxy_NOT_surveyed_customer_geography,l2766748,m1026896,R04,10.142481776967225,NOT_REQUIRED_FOR_SPLIT_PHASE,SOURCE_CUSTOMER_SERVICE_PATH,0.24,PRIMARY_PHASE_1,1,sx2766748a.1.2,transformer.t21470326a,15.0,line.tpx21470326a0,156.0,5,3,6,27,0,1,UNVERIFIED,True,ENGINEERING_SCENARIO_NOT_FIELD_VERIFIED,PENDING
LV:sx2766749b,sx2766749b,LV_SPLIT_240,False,True,"1,2",1674082.99054459,12277507.6417701,upstream_primary_proxy_NOT_surveyed_customer_geography,l2766749,l2766749,R06,10.750077490675693,NOT_REQUIRED_FOR_SPLIT_PHASE,SOURCE_CUSTOMER_SERVICE_PATH,0.24,PRIMARY_PHASE_2,2,sx2766749b.1.2,transformer.t5337661b,25.0,line.tpx337661b0,156.0,5,3,6,27,0,1,UNVERIFIED,True,ENGINEERING_SCENARIO_NOT_FIELD_VERIFIED,PENDING
LV:sx2766750c,sx2766750c,LV_SPLIT_240,False,True,"1,2",1668543.26113143,12261808.2881555,upstream_primary_proxy_NOT_surveyed_customer_geography,l2766750,m1047292,R08,13.111102316529575,NOT_REQUIRED_FOR_SPLIT_PHASE,SOURCE_CUSTOMER_SERVICE_PATH,0.24,PRIMARY_PHASE_3,3,sx2766750c.1.2,transformer.t5293424c,37.5,line.tpx293424c0,156.0,5,3,6,27,0,1,UNVERIFIED,True,ENGINEERING_SCENARIO_NOT_FIELD_VERIFIED,PENDING
LV:sx2767340a,sx2767340a,LV_SPLIT_240,False,True,"1,2",1681592.51093558,12278552.9696431,upstream_primary_proxy_NOT_surveyed_customer_geography,l2767340,l2767340,R02,3.552252951571483,NOT_REQUIRED_FOR_SPLIT_PHASE,SOURCE_CUSTOMER_SERVICE_PATH,0.24,PRIMARY_PHASE_1,1,sx2767340a.1.2,transformer.t5260595a,75.0,line.tpx260595a0,156.0,5,3,6,27,0,1,UNVERIFIED,True,ENGINEERING_SCENARIO_NOT_FIELD_VERIFIED,PENDING
LV:sx2767340b,sx2767340b,LV_SPLIT_240,False,True,"1,2",1681592.51093558,12278552.9696431,upstream_primary_proxy_NOT_surveyed_customer_geography,l2767340,l2767340,R02,3.552252951571483,NOT_REQUIRED_FOR_SPLIT_PHASE,SOURCE_CUSTOMER_SERVICE_PATH,0.24,PRIMARY_PHASE_2,2,sx2767340b.1.2,transformer.t5260595b,75.0,line.tpx260595b0,156.0,5,3,6,27,0,1,UNVERIFIED,True,ENGINEERING_SCENARIO_NOT_FIELD_VERIFIED,PENDING
LV:sx2767340c,sx2767340c,LV_SPLIT_240,False,True,"1,2",1681592.51093558,12278552.9696431,upstream_primary_proxy_NOT_surveyed_customer_geography,l2767340,l2767340,R02,3.552252951571483,NOT_REQUIRED_FOR_SPLIT_PHASE,SOURCE_CUSTOMER_SERVICE_PATH,0.24,PRIMARY_PHASE_3,3,sx2767340c.1.2,transformer.t5260595c,75.0,line.tpx260595c0,156.0,5,3,6,27,0,1,UNVERIFIED,True,ENGINEERING_SCENARIO_NOT_FIELD_VERIFIED,PENDING
LV:sx2767341c,sx2767341c,LV_SPLIT_240,False,True,"1,2",1682254.8177522,12277926.4290985,upstream_primary_proxy_NOT_surveyed_customer_geography,l2767341,l2767341,R02,3.216223451717589,NOT_REQUIRED_FOR_SPLIT_PHASE,SOURCE_CUSTOMER_SERVICE_PATH,0.24,PRIMARY_PHASE_3,3,sx2767341c.1.2,transformer.t5260577c,37.5,line.tpx260577c0,156.0,5,3,6,27,0,1,UNVERIFIED,True,ENGINEERING_SCENARIO_NOT_FIELD_VERIFIED,PENDING
LV:sx2767342a,sx2767342a,LV_SPLIT_240,False,True,"1,2",1682333.23157627,12282016.3915983,upstream_primary_proxy_NOT_surveyed_customer_geography,l2767342,m1108505,R02,5.323530319133396,NOT_REQUIRED_FOR_SPLIT_PHASE,SOURCE_CUSTOMER_SERVICE_PATH,0.24,PRIMARY_PHASE_1,1,sx2767342a.1.2,transformer.t5356802a,25.0,line.tpx356802a0,156.0,5,3,6,27,0,1,UNVERIFIED,True,ENGINEERING_SCENARIO_NOT_FIELD_VERIFIED,PENDING
LV:sx2767343c,sx2767343c,LV_SPLIT_240,False,True,"1,2",1685987.74831567,12286903.8084348,upstream_primary_proxy_NOT_surveyed_customer_geography,l2767343,m1209800,R07,8.23310914934868,NOT_REQUIRED_FOR_SPLIT_PHASE,SOURCE_CUSTOMER_SERVICE_PATH,0.24,PRIMARY_PHASE_3,3,sx2767343c.1.2,transformer.t5356791c,37.5,line.tpx356791c0,156.0,5,3,6,27,0,1,UNVERIFIED,True,ENGINEERING_SCENARIO_NOT_FIELD_VERIFIED,PENDING
LV:sx2767407b,sx2767407b,LV_SPLIT_240,False,True,"1,2",1682663.34050458,12273255.4981501,upstream_primary_proxy_NOT_surveyed_customer_geography,l2767407,m1125914,R01,3.353241608972231,NOT_REQUIRED_FOR_SPLIT_PHASE,SOURCE_CUSTOMER_SERVICE_PATH,0.24,PRIMARY_PHASE_2,2,sx2767407b.1.2,transformer.t5260495b,10.0,line.tpx260495b0,156.0,5,3,6,27,0,1,UNVERIFIED,True,ENGINEERING_SCENARIO_NOT_FIELD_VERIFIED,PENDING
LV:sx2767408c,sx2767408c,LV_SPLIT_240,False,True,"1,2",1685156.9115789,12275131.1016079,upstream_primary_proxy_NOT_surveyed_customer_geography,l2767408,m1142832,R07,2.448611606972037,NOT_REQUIRED_FOR_SPLIT_PHASE,SOURCE_CUSTOMER_SERVICE_PATH,0.24,PRIMARY_PHASE_3,3,sx2767408c.1.2,transformer.t5260517c,15.0,line.tpx260517c0,156.0,5,3,6,27,0,1,UNVERIFIED,True,ENGINEERING_SCENARIO_NOT_FIELD_VERIFIED,PENDING
LV:sx2767409b,sx2767409b,LV_SPLIT_240,False,True,"1,2",1686634.91631628,12272454.1403254,upstream_primary_proxy_NOT_surveyed_customer_geography,l2767409,m1142810,R07,4.366060197354437,NOT_REQUIRED_FOR_SPLIT_PHASE,SOURCE_CUSTOMER_SERVICE_PATH,0.24,PRIMARY_PHASE_2,2,sx2767409b.1.2,transformer.t21391242b,25.0,line.tpx21391242b0,156.0,5,3,6,27,0,1,UNVERIFIED,True,ENGINEERING_SCENARIO_NOT_FIELD_VERIFIED,PENDING
LV:sx2767414c,sx2767414c,LV_SPLIT_240,False,True,"1,2",1680868.5716069,12272156.5495411,upstream_primary_proxy_NOT_surveyed_customer_geography,l2767414,m1108315,R01,3.98017207649634,NOT_REQUIRED_FOR_SPLIT_PHASE,SOURCE_CUSTOMER_SERVICE_PATH,0.24,PRIMARY_PHASE_3,3,sx2767414c.1.2,transformer.t5351019c,15.0,line.tpx351019c0,156.0,5,3,6,27,0,1,UNVERIFIED,True,ENGINEERING_SCENARIO_NOT_FIELD_VERIFIED,PENDING
LV:sx2783231b,sx2783231b,LV_SPLIT_240,False,True,"1,2",1675138.93115357,12285645.6196337,upstream_primary_proxy_NOT_surveyed_customer_geography,l2783231,m1069533,R03,6.612715817738171,NOT_REQUIRED_FOR_SPLIT_PHASE,SOURCE_CUSTOMER_SERVICE_PATH,0.24,PRIMARY_PHASE_2,2,sx2783231b.1.2,transformer.t226193886b,25.0,line.tpx226193886b0,156.0,5,3,6,27,0,1,UNVERIFIED,True,ENGINEERING_SCENARIO_NOT_FIELD_VERIFIED,PENDING
LV:sx2785511a,sx2785511a,LV_SPLIT_240,False,True,"1,2",1678304.59848452,12283921.9491041,upstream_primary_proxy_NOT_surveyed_customer_geography,l2785511,m1089197,R02,5.685624320531318,NOT_REQUIRED_FOR_SPLIT_PHASE,SOURCE_CUSTOMER_SERVICE_PATH,0.24,PRIMARY_PHASE_1,1,sx2785511a.1.2,transformer.t5339046a,25.0,line.tpx339046a0,156.0,5,3,6,27,0,1,UNVERIFIED,True,ENGINEERING_SCENARIO_NOT_FIELD_VERIFIED,PENDING
LV:sx2785512b,sx2785512b,LV_SPLIT_240,False,True,"1,2",1668867.65204373,12291762.2911274,upstream_primary_proxy_NOT_surveyed_customer_geography,l2785512,m1047763,R05,14.920855518108631,NOT_REQUIRED_FOR_SPLIT_PHASE,SOURCE_CUSTOMER_SERVICE_PATH,0.24,PRIMARY_PHASE_2,2,sx2785512b.1.2,transformer.t5323245b,25.0,line.tpx323245b0,156.0,5,3,6,27,0,1,UNVERIFIED,True,ENGINEERING_SCENARIO_NOT_FIELD_VERIFIED,PENDING
LV:sx2785513a,sx2785513a,LV_SPLIT_240,False,True,"1,2",1675283.8517297,12274619.8716554,upstream_primary_proxy_NOT_surveyed_customer_geography,l2785513,m1069382,R06,12.732965174073428,NOT_REQUIRED_FOR_SPLIT_PHASE,SOURCE_CUSTOMER_SERVICE_PATH,0.24,PRIMARY_PHASE_1,1,sx2785513a.1.2,transformer.t5337677a,25.0,line.tpx337677a0,156.0,5,3,6,27,0,1,UNVERIFIED,True,ENGINEERING_SCENARIO_NOT_FIELD_VERIFIED,PENDING
LV:sx2785514a,sx2785514a,LV_SPLIT_240,False,True,"1,2",1674672.54011313,12274707.5301515,upstream_primary_proxy_NOT_surveyed_customer_geography,l2785514,m1069382,R06,12.35895871701516,NOT_REQUIRED_FOR_SPLIT_PHASE,SOURCE_CUSTOMER_SERVICE_PATH,0.24,PRIMARY_PHASE_1,1,sx2785514a.1.2,transformer.t5337675a,25.0,line.tpx337675a0,156.0,5,3,6,27,0,1,UNVERIFIED,True,ENGINEERING_SCENARIO_NOT_FIELD_VERIFIED,PENDING
LV:sx2785515c,sx2785515c,LV_SPLIT_240,False,True,"1,2",1677454.85870773,12280283.1200447,upstream_primary_proxy_NOT_surveyed_customer_geography,l2785515,m1108315,R01,9.902608319046,NOT_REQUIRED_FOR_SPLIT_PHASE,SOURCE_CUSTOMER_SERVICE_PATH,0.24,PRIMARY_PHASE_3,3,sx2785515c.1.2,transformer.t5293609c,25.0,line.tpx293609c0,156.0,5,3,6,27,0,1,UNVERIFIED,True,ENGINEERING_SCENARIO_NOT_FIELD_VERIFIED,PENDING
LV:sx2785516b,sx2785516b,LV_SPLIT_240,False,True,"1,2",1679341.16091748,12266512.3311679,upstream_primary_proxy_NOT_surveyed_customer_geography,l2785516,m1089119,R01,8.901741497464403,NOT_REQUIRED_FOR_SPLIT_PHASE,SOURCE_CUSTOMER_SERVICE_PATH,0.24,PRIMARY_PHASE_2,2,sx2785516b.1.2,transformer.t5138294b,15.0,line.tpx138294b0,156.0,5,3,6,27,0,1,UNVERIFIED,True,ENGINEERING_SCENARIO_NOT_FIELD_VERIFIED,PENDING
LV:sx2785517c,sx2785517c,LV_SPLIT_240,False,True,"1,2",1673342.0487199,12280286.5320127,upstream_primary_proxy_NOT_surveyed_customer_geography,l2785517,m1069483,R06,10.181338237167168,NOT_REQUIRED_FOR_SPLIT_PHASE,SOURCE_CUSTOMER_SERVICE_PATH,0.24,PRIMARY_PHASE_3,3,sx2785517c.1.2,transformer.t5338957c,10.0,line.tpx338957c0,156.0,5,3,6,27,0,1,UNVERIFIED,True,ENGINEERING_SCENARIO_NOT_FIELD_VERIFIED,PENDING
LV:sx2785518c,sx2785518c,LV_SPLIT_240,False,True,"1,2",1674319.82945681,12266165.6211515,upstream_primary_proxy_NOT_surveyed_customer_geography,l2785518,m1089112,R01,9.70112749125226,NOT_REQUIRED_FOR_SPLIT_PHASE,SOURCE_CUSTOMER_SERVICE_PATH,0.24,PRIMARY_PHASE_3,3,sx2785518c.1.2,transformer.t5138469c,15.0,line.tpx138469c0,156.0,5,3,6,27,0,1,UNVERIFIED,True,ENGINEERING_SCENARIO_NOT_FIELD_VERIFIED,PENDING
LV:sx2785519a,sx2785519a,LV_SPLIT_240,False,True,"1,2",1673302.21921586,12268144.0301134,upstream_primary_proxy_NOT_surveyed_customer_geography,l2785519,m1069169,R08,9.037617565510978,NOT_REQUIRED_FOR_SPLIT_PHASE,SOURCE_CUSTOMER_SERVICE_PATH,0.24,PRIMARY_PHASE_1,1,sx2785519a.1.2,transformer.t5138566a,25.0,line.tpx138566a0,156.0,5,3,6,27,0,1,UNVERIFIED,True,ENGINEERING_SCENARIO_NOT_FIELD_VERIFIED,PENDING
LV:sx2785520b,sx2785520b,LV_SPLIT_240,False,True,"1,2",1670862.35079759,12266836.3411522,upstream_primary_proxy_NOT_surveyed_customer_geography,l2785520,m1069135,R08,11.169780870393542,NOT_REQUIRED_FOR_SPLIT_PHASE,SOURCE_CUSTOMER_SERVICE_PATH,0.24,PRIMARY_PHASE_2,2,sx2785520b.1.2,transformer.t5138755b,10.0,line.tpx138755b0,156.0,5,3,6,27,0,1,UNVERIFIED,True,ENGINEERING_SCENARIO_NOT_FIELD_VERIFIED,PENDING
LV:sx2785521c,sx2785521c,LV_SPLIT_240,False,True,"1,2",1668900.80097176,12283695.7393119,upstream_primary_proxy_NOT_surveyed_customer_geography,l2785521,m1047592,R05,8.346384325171647,NOT_REQUIRED_FOR_SPLIT_PHASE,SOURCE_CUSTOMER_SERVICE_PATH,0.24,PRIMARY_PHASE_3,3,sx2785521c.1.2,transformer.t5338931c,37.5,line.tpx338931c0,156.0,5,3,6,27,0,1,UNVERIFIED,True,ENGINEERING_SCENARIO_NOT_FIELD_VERIFIED,PENDING
LV:sx2785522b,sx2785522b,LV_SPLIT_240,False,True,"1,2",1663557.67955878,12292571.0299441,upstream_primary_proxy_NOT_surveyed_customer_geography,l2785522,m1027013,R04,14.629213057125941,NOT_REQUIRED_FOR_SPLIT_PHASE,SOURCE_CUSTOMER_SERVICE_PATH,0.24,PRIMARY_PHASE_2,2,sx2785522b.1.2,transformer.t28127681b,25.0,line.tpx28127681b0,156.0,5,3,6,27,0,1,UNVERIFIED,True,ENGINEERING_SCENARIO_NOT_FIELD_VERIFIED,PENDING
LV:sx2785523c,sx2785523c,LV_SPLIT_240,False,True,"1,2",1675742.50133013,12267466.1503047,upstream_primary_proxy_NOT_surveyed_customer_geography,l2785523,m1089112,R01,7.839689182916378,NOT_REQUIRED_FOR_SPLIT_PHASE,SOURCE_CUSTOMER_SERVICE_PATH,0.24,PRIMARY_PHASE_3,3,sx2785523c.1.2,transformer.t5138412c,15.0,line.tpx138412c0,156.0,5,3,6,27,0,1,UNVERIFIED,True,ENGINEERING_SCENARIO_NOT_FIELD_VERIFIED,PENDING
LV:sx2785524c,sx2785524c,LV_SPLIT_240,False,True,"1,2",1675646.82696204,12269487.1126106,upstream_primary_proxy_NOT_surveyed_customer_geography,l2785524,m1089112,R01,8.017408873478633,NOT_REQUIRED_FOR_SPLIT_PHASE,SOURCE_CUSTOMER_SERVICE_PATH,0.24,PRIMARY_PHASE_3,3,sx2785524c.1.2,transformer.t28044328c,15.0,line.tpx28044328c0,156.0,5,3,6,27,0,1,UNVERIFIED,True,ENGINEERING_SCENARIO_NOT_FIELD_VERIFIED,PENDING
LV:sx2785525c,sx2785525c,LV_SPLIT_240,False,True,"1,2",1674740.9064492,12269044.5480022,upstream_primary_proxy_NOT_surveyed_customer_geography,l2785525,m1089112,R01,8.089921406460778,NOT_REQUIRED_FOR_SPLIT_PHASE,SOURCE_CUSTOMER_SERVICE_PATH,0.24,PRIMARY_PHASE_3,3,sx2785525c.1.2,transformer.t21396606c,25.0,line.tpx21396606c0,156.0,5,3,6,27,0,1,UNVERIFIED,True,ENGINEERING_SCENARIO_NOT_FIELD_VERIFIED,PENDING
LV:sx2785526b,sx2785526b,LV_SPLIT_240,False,True,"1,2",1666655.97997767,12260455.3383942,upstream_primary_proxy_NOT_surveyed_customer_geography,l2785526,m1026330,R08,14.61432358702446,NOT_REQUIRED_FOR_SPLIT_PHASE,SOURCE_CUSTOMER_SERVICE_PATH,0.24,PRIMARY_PHASE_2,2,sx2785526b.1.2,transformer.t5302374b,15.0,line.tpx302374b0,156.0,5,3,6,27,0,1,UNVERIFIED,True,ENGINEERING_SCENARIO_NOT_FIELD_VERIFIED,PENDING
LV:sx2785527a,sx2785527a,LV_SPLIT_240,False,True,"1,2",1670868.46202959,12263394.0381729,upstream_primary_proxy_NOT_surveyed_customer_geography,l2785527,m1047316,R08,11.501326685293067,NOT_REQUIRED_FOR_SPLIT_PHASE,SOURCE_CUSTOMER_SERVICE_PATH,0.24,PRIMARY_PHASE_1,1,sx2785527a.1.2,transformer.t5293522a,15.0,line.tpx293522a0,156.0,5,3,6,27,0,1,UNVERIFIED,True,ENGINEERING_SCENARIO_NOT_FIELD_VERIFIED,PENDING
LV:sx2785528b,sx2785528b,LV_SPLIT_240,False,True,"1,2",1671701.30990237,12266075.7098554,upstream_primary_proxy_NOT_surveyed_customer_geography,l2785528,m1069135,R08,10.553474363413184,NOT_REQUIRED_FOR_SPLIT_PHASE,SOURCE_CUSTOMER_SERVICE_PATH,0.24,PRIMARY_PHASE_2,2,sx2785528b.1.2,transformer.t5138752b,15.0,line.tpx138752b0,156.0,5,3,6,27,0,1,UNVERIFIED,True,ENGINEERING_SCENARIO_NOT_FIELD_VERIFIED,PENDING
LV:sx2785529c,sx2785529c,LV_SPLIT_240,False,True,"1,2",1666311.35072935,12284236.6284004,upstream_primary_proxy_NOT_surveyed_customer_geography,l2785529,m1026852,R05,9.180263029846376,NOT_REQUIRED_FOR_SPLIT_PHASE,SOURCE_CUSTOMER_SERVICE_PATH,0.24,PRIMARY_PHASE_3,3,sx2785529c.1.2,transformer.t5355943c,25.0,line.tpx355943c0,156.0,5,3,6,27,0,1,UNVERIFIED,True,ENGINEERING_SCENARIO_NOT_FIELD_VERIFIED,PENDING
LV:sx2785530a,sx2785530a,LV_SPLIT_240,False,True,"1,2",1664759.5401679,12278321.8897069,upstream_primary_proxy_NOT_surveyed_customer_geography,l2785530,m1026701,R03,12.175958030683445,NOT_REQUIRED_FOR_SPLIT_PHASE,SOURCE_CUSTOMER_SERVICE_PATH,0.24,PRIMARY_PHASE_1,1,sx2785530a.1.2,transformer.t5391985a,10.0,line.tpx391985a0,156.0,5,3,6,27,0,1,UNVERIFIED,True,ENGINEERING_SCENARIO_NOT_FIELD_VERIFIED,PENDING
LV:sx2785531a,sx2785531a,LV_SPLIT_240,False,True,"1,2",1665653.22183273,12283620.3114718,upstream_primary_proxy_NOT_surveyed_customer_geography,l2785531,m1026851,R04,9.73058705538729,NOT_REQUIRED_FOR_SPLIT_PHASE,SOURCE_CUSTOMER_SERVICE_PATH,0.24,PRIMARY_PHASE_1,1,sx2785531a.1.2,transformer.t21399809a,15.0,line.tpx21399809a0,156.0,5,3,6,27,0,1,UNVERIFIED,True,ENGINEERING_SCENARIO_NOT_FIELD_VERIFIED,PENDING
LV:sx2785534b,sx2785534b,LV_SPLIT_240,False,True,"1,2",1675592.28872199,12285432.0910575,upstream_primary_proxy_NOT_surveyed_customer_geography,l2785534,m1069533,R03,6.527790534175489,NOT_REQUIRED_FOR_SPLIT_PHASE,SOURCE_CUSTOMER_SERVICE_PATH,0.24,PRIMARY_PHASE_2,2,sx2785534b.1.2,transformer.t5338982b,25.0,line.tpx338982b0,156.0,5,3,6,27,0,1,UNVERIFIED,True,ENGINEERING_SCENARIO_NOT_FIELD_VERIFIED,PENDING
LV:sx2785535b,sx2785535b,LV_SPLIT_240,False,True,"1,2",1673622.85819216,12287570.7887875,upstream_primary_proxy_NOT_surveyed_customer_geography,l2785535,m1069533,R03,9.885906793610893,NOT_REQUIRED_FOR_SPLIT_PHASE,SOURCE_CUSTOMER_SERVICE_PATH,0.24,PRIMARY_PHASE_2,2,sx2785535b.1.2,transformer.t5339005b,37.5,line.tpx339005b0,156.0,5,3,6,27,0,1,UNVERIFIED,True,ENGINEERING_SCENARIO_NOT_FIELD_VERIFIED,PENDING
LV:sx2785536b,sx2785536b,LV_SPLIT_240,False,True,"1,2",1674126.15828863,12286985.6219389,upstream_primary_proxy_NOT_surveyed_customer_geography,l2785536,m1069533,R03,7.830284152670276,NOT_REQUIRED_FOR_SPLIT_PHASE,SOURCE_CUSTOMER_SERVICE_PATH,0.24,PRIMARY_PHASE_2,2,sx2785536b.1.2,transformer.t5339002b,15.0,line.tpx339002b0,156.0,5,3,6,27,0,1,UNVERIFIED,True,ENGINEERING_SCENARIO_NOT_FIELD_VERIFIED,PENDING
LV:sx2785537a,sx2785537a,LV_SPLIT_240,False,True,"1,2",1672254.22075088,12284478.8699366,upstream_primary_proxy_NOT_surveyed_customer_geography,l2785537,m1069500,R03,7.2346070874273085,NOT_REQUIRED_FOR_SPLIT_PHASE,SOURCE_CUSTOMER_SERVICE_PATH,0.24,PRIMARY_PHASE_1,1,sx2785537a.1.2,transformer.t5338975a,15.0,line.tpx338975a0,156.0,5,3,6,27,0,1,UNVERIFIED,True,ENGINEERING_SCENARIO_NOT_FIELD_VERIFIED,PENDING
LV:sx2785538a,sx2785538a,LV_SPLIT_240,False,True,"1,2",1673033.03009561,12284691.9315688,upstream_primary_proxy_NOT_surveyed_customer_geography,l2785538,m1069514,R03,6.62669332713848,NOT_REQUIRED_FOR_SPLIT_PHASE,SOURCE_CUSTOMER_SERVICE_PATH,0.24,PRIMARY_PHASE_1,1,sx2785538a.1.2,transformer.t5338986a,25.0,line.tpx338986a0,156.0,5,3,6,27,0,1,UNVERIFIED,True,ENGINEERING_SCENARIO_NOT_FIELD_VERIFIED,PENDING
LV:sx2785543b,sx2785543b,LV_SPLIT_240,False,True,"1,2",1663855.83149506,12292947.6981045,upstream_primary_proxy_NOT_surveyed_customer_geography,l2785543,m1027039,R04,14.538196647682827,NOT_REQUIRED_FOR_SPLIT_PHASE,SOURCE_CUSTOMER_SERVICE_PATH,0.24,PRIMARY_PHASE_2,2,sx2785543b.1.2,transformer.t5321860b,25.0,line.tpx321860b0,156.0,5,3,6,27,0,1,UNVERIFIED,True,ENGINEERING_SCENARIO_NOT_FIELD_VERIFIED,PENDING
LV:sx2785546a,sx2785546a,LV_SPLIT_240,False,True,"1,2",1665553.13607264,12282373.6938706,upstream_primary_proxy_NOT_surveyed_customer_geography,l2785546,m1026851,R04,10.343670672984375,NOT_REQUIRED_FOR_SPLIT_PHASE,SOURCE_CUSTOMER_SERVICE_PATH,0.24,PRIMARY_PHASE_1,1,sx2785546a.1.2,transformer.t21399752a,25.0,line.tpx21399752a0,156.0,5,3,6,27,0,1,UNVERIFIED,True,ENGINEERING_SCENARIO_NOT_FIELD_VERIFIED,PENDING
LV:sx2785547b,sx2785547b,LV_SPLIT_240,False,True,"1,2",1669452.67962827,12276195.2260249,upstream_primary_proxy_NOT_surveyed_customer_geography,l2785547,m1069376,R06,14.603764726899067,NOT_REQUIRED_FOR_SPLIT_PHASE,SOURCE_CUSTOMER_SERVICE_PATH,0.24,PRIMARY_PHASE_2,2,sx2785547b.1.2,transformer.t5337705b,25.0,line.tpx337705b0,156.0,5,3,6,27,0,1,UNVERIFIED,True,ENGINEERING_SCENARIO_NOT_FIELD_VERIFIED,PENDING
LV:sx2786204c,sx2786204c,LV_SPLIT_240,False,True,"1,2",1692261.57104152,12277819.4989224,upstream_primary_proxy_NOT_surveyed_customer_geography,l2786204,m1209800,R07,1.54254711887941,NOT_REQUIRED_FOR_SPLIT_PHASE,SOURCE_CUSTOMER_SERVICE_PATH,0.24,PRIMARY_PHASE_3,3,sx2786204c.1.2,transformer.t5223662c,37.5,line.tpx223662c0,156.0,5,3,6,27,0,1,UNVERIFIED,True,ENGINEERING_SCENARIO_NOT_FIELD_VERIFIED,PENDING
LV:sx2786266a,sx2786266a,LV_SPLIT_240,False,True,"1,2",1688275.9582378,12275362.9515921,upstream_primary_proxy_NOT_surveyed_customer_geography,l2786266,l2786266,R07,1.6177652251789991,NOT_REQUIRED_FOR_SPLIT_PHASE,SOURCE_CUSTOMER_SERVICE_PATH,0.24,PRIMARY_PHASE_1,1,sx2786266a.1.2,transformer.t5260631a,15.0,line.tpx260631a0,156.0,5,3,6,27,0,1,UNVERIFIED,True,ENGINEERING_SCENARIO_NOT_FIELD_VERIFIED,PENDING
LV:sx2786273b,sx2786273b,LV_SPLIT_240,False,True,"1,2",1680133.60994222,12266654.319008,upstream_primary_proxy_NOT_surveyed_customer_geography,l2786273,m1089119,R01,9.372337107969367,NOT_REQUIRED_FOR_SPLIT_PHASE,SOURCE_CUSTOMER_SERVICE_PATH,0.24,PRIMARY_PHASE_2,2,sx2786273b.1.2,transformer.t5275247b,25.0,line.tpx275247b0,156.0,5,3,6,27,0,1,UNVERIFIED,True,ENGINEERING_SCENARIO_NOT_FIELD_VERIFIED,PENDING
LV:sx2786274c,sx2786274c,LV_SPLIT_240,False,True,"1,2",1681741.04827972,12271928.6603889,upstream_primary_proxy_NOT_surveyed_customer_geography,l2786274,m1108315,R01,3.6426751963315556,NOT_REQUIRED_FOR_SPLIT_PHASE,SOURCE_CUSTOMER_SERVICE_PATH,0.24,PRIMARY_PHASE_3,3,sx2786274c.1.2,transformer.t5207291c,25.0,line.tpx207291c0,156.0,5,3,6,27,0,1,UNVERIFIED,True,ENGINEERING_SCENARIO_NOT_FIELD_VERIFIED,PENDING
LV:sx2798067b,sx2798067b,LV_SPLIT_240,False,True,"1,2",1682276.29308022,12277412.606378,upstream_primary_proxy_NOT_surveyed_customer_geography,l2798067,m1125969,R02,3.5239339776322507,NOT_REQUIRED_FOR_SPLIT_PHASE,SOURCE_CUSTOMER_SERVICE_PATH,0.24,PRIMARY_PHASE_2,2,sx2798067b.1.2,transformer.t225533237b,10.0,line.tpx225533237b0,156.0,5,3,6,27,0,1,UNVERIFIED,True,ENGINEERING_SCENARIO_NOT_FIELD_VERIFIED,PENDING
LV:sx2801895b,sx2801895b,LV_SPLIT_240,False,True,"1,2",1661004.79430841,12256840.7003108,upstream_primary_proxy_NOT_surveyed_customer_geography,l2801895,m1026328,R08,18.510261518873573,NOT_REQUIRED_FOR_SPLIT_PHASE,SOURCE_CUSTOMER_SERVICE_PATH,0.24,PRIMARY_PHASE_2,2,sx2801895b.1.2,transformer.t226191951b,25.0,line.tpx226191951b0,156.0,5,3,6,27,0,1,UNVERIFIED,True,ENGINEERING_SCENARIO_NOT_FIELD_VERIFIED,PENDING
LV:sx2801896b,sx2801896b,LV_SPLIT_240,False,True,"1,2",1660233.57075569,12284095.1116002,upstream_primary_proxy_NOT_surveyed_customer_geography,l2801896,m1026829,R04,13.317967230022711,NOT_REQUIRED_FOR_SPLIT_PHASE,SOURCE_CUSTOMER_SERVICE_PATH,0.24,PRIMARY_PHASE_2,2,sx2801896b.1.2,transformer.t226191995b,15.0,line.tpx226191995b0,156.0,5,3,6,27,0,1,UNVERIFIED,True,ENGINEERING_SCENARIO_NOT_FIELD_VERIFIED,PENDING
LV:sx2801902b,sx2801902b,LV_SPLIT_240,False,True,"1,2",1674735.74139319,12287378.1989633,upstream_primary_proxy_NOT_surveyed_customer_geography,l2801902,m1069533,R03,8.038663202229069,NOT_REQUIRED_FOR_SPLIT_PHASE,SOURCE_CUSTOMER_SERVICE_PATH,0.24,PRIMARY_PHASE_2,2,sx2801902b.1.2,transformer.t226194002b,37.5,line.tpx226194002b0,156.0,5,3,6,27,0,1,UNVERIFIED,True,ENGINEERING_SCENARIO_NOT_FIELD_VERIFIED,PENDING
LV:sx2801909c,sx2801909c,LV_SPLIT_240,False,True,"1,2",1694004.90237114,12277496.0009381,upstream_primary_proxy_NOT_surveyed_customer_geography,l2801909,l2801909,R07,0.04473466478436686,NOT_REQUIRED_FOR_SPLIT_PHASE,SOURCE_CUSTOMER_SERVICE_PATH,0.24,PRIMARY_PHASE_3,3,sx2801909c.1.2,transformer.t226195333c,10.0,line.tpx226195333c0,156.0,5,3,6,27,0,1,UNVERIFIED,True,ENGINEERING_SCENARIO_NOT_FIELD_VERIFIED,PENDING
LV:sx2802480b,sx2802480b,LV_SPLIT_240,False,True,"1,2",1680498.74376656,12279933.5387324,upstream_primary_proxy_NOT_surveyed_customer_geography,l2802480,m1108380,R02,4.743761004638993,NOT_REQUIRED_FOR_SPLIT_PHASE,SOURCE_CUSTOMER_SERVICE_PATH,0.24,PRIMARY_PHASE_2,2,sx2802480b.1.2,transformer.t226308725b,75.0,line.tpx226308725b0,156.0,5,3,6,27,0,1,UNVERIFIED,True,ENGINEERING_SCENARIO_NOT_FIELD_VERIFIED,PENDING
LV:sx2802481a,sx2802481a,LV_SPLIT_240,False,True,"1,2",1680117.33243821,12279690.5599161,upstream_primary_proxy_NOT_surveyed_customer_geography,l2802481,m1108378,R02,4.919288370163213,NOT_REQUIRED_FOR_SPLIT_PHASE,SOURCE_CUSTOMER_SERVICE_PATH,0.24,PRIMARY_PHASE_1,1,sx2802481a.1.2,transformer.t226308730a,75.0,line.tpx226308730a0,156.0,5,3,6,27,0,1,UNVERIFIED,True,ENGINEERING_SCENARIO_NOT_FIELD_VERIFIED,PENDING
LV:sx2803194c,sx2803194c,LV_SPLIT_240,False,True,"1,2",1674884.64328133,12272339.4850933,upstream_primary_proxy_NOT_surveyed_customer_geography,l2803194,m1069311,R06,12.792896945552748,NOT_REQUIRED_FOR_SPLIT_PHASE,SOURCE_CUSTOMER_SERVICE_PATH,0.24,PRIMARY_PHASE_3,3,sx2803194c.1.2,transformer.t227917130c,37.5,line.tpx227917130c0,156.0,5,3,6,27,0,1,UNVERIFIED,True,ENGINEERING_SCENARIO_NOT_FIELD_VERIFIED,PENDING
LV:sx2803199a,sx2803199a,LV_SPLIT_240,False,True,"1,2",1679631.80898175,12279453.9176119,upstream_primary_proxy_NOT_surveyed_customer_geography,l2803199,l2803199,R02,4.804098208922911,NOT_REQUIRED_FOR_SPLIT_PHASE,SOURCE_CUSTOMER_SERVICE_PATH,0.24,PRIMARY_PHASE_1,1,sx2803199a.1.2,transformer.t227760021a,50.0,line.tpx227760021a0,156.0,5,3,6,27,0,1,UNVERIFIED,True,ENGINEERING_SCENARIO_NOT_FIELD_VERIFIED,PENDING
LV:sx2803199b,sx2803199b,LV_SPLIT_240,False,True,"1,2",1679631.80898175,12279453.9176119,upstream_primary_proxy_NOT_surveyed_customer_geography,l2803199,l2803199,R02,4.804098208922911,NOT_REQUIRED_FOR_SPLIT_PHASE,SOURCE_CUSTOMER_SERVICE_PATH,0.24,PRIMARY_PHASE_2,2,sx2803199b.1.2,transformer.t227760021b,50.0,line.tpx227760021b0,156.0,5,3,6,27,0,1,UNVERIFIED,True,ENGINEERING_SCENARIO_NOT_FIELD_VERIFIED,PENDING
LV:sx2803199c,sx2803199c,LV_SPLIT_240,False,True,"1,2",1679631.80898175,12279453.9176119,upstream_primary_proxy_NOT_surveyed_customer_geography,l2803199,l2803199,R02,4.804098208922911,NOT_REQUIRED_FOR_SPLIT_PHASE,SOURCE_CUSTOMER_SERVICE_PATH,0.24,PRIMARY_PHASE_3,3,sx2803199c.1.2,transformer.t227760021c,50.0,line.tpx227760021c0,156.0,5,3,6,27,0,1,UNVERIFIED,True,ENGINEERING_SCENARIO_NOT_FIELD_VERIFIED,PENDING
LV:sx2804245b,sx2804245b,LV_SPLIT_240,False,True,"1,2",1660510.14905994,12284049.7484002,upstream_primary_proxy_NOT_surveyed_customer_geography,l2804245,m1026829,R04,13.30559428812406,NOT_REQUIRED_FOR_SPLIT_PHASE,SOURCE_CUSTOMER_SERVICE_PATH,0.24,PRIMARY_PHASE_2,2,sx2804245b.1.2,transformer.t5355598b,25.0,line.tpx355598b0,156.0,5,3,6,27,0,1,UNVERIFIED,True,ENGINEERING_SCENARIO_NOT_FIELD_VERIFIED,PENDING
LV:sx2804247b,sx2804247b,LV_SPLIT_240,False,True,"1,2",1661320.6000047,12257105.8589671,upstream_primary_proxy_NOT_surveyed_customer_geography,l2804247,m1026328,R08,18.44557968567149,NOT_REQUIRED_FOR_SPLIT_PHASE,SOURCE_CUSTOMER_SERVICE_PATH,0.24,PRIMARY_PHASE_2,2,sx2804247b.1.2,transformer.t5391737b,25.0,line.tpx391737b0,156.0,5,3,6,27,0,1,UNVERIFIED,True,ENGINEERING_SCENARIO_NOT_FIELD_VERIFIED,PENDING
LV:sx2804248b,sx2804248b,LV_SPLIT_240,False,True,"1,2",1668194.4908271,12291710.7020073,upstream_primary_proxy_NOT_surveyed_customer_geography,l2804248,m1047763,R05,13.951135495607291,NOT_REQUIRED_FOR_SPLIT_PHASE,SOURCE_CUSTOMER_SERVICE_PATH,0.24,PRIMARY_PHASE_2,2,sx2804248b.1.2,transformer.t5323244b,10.0,line.tpx323244b0,156.0,5,3,6,27,0,1,UNVERIFIED,True,ENGINEERING_SCENARIO_NOT_FIELD_VERIFIED,PENDING
LV:sx2804249c,sx2804249c,LV_SPLIT_240,False,True,"1,2",1679930.25583003,12270197.5842913,upstream_primary_proxy_NOT_surveyed_customer_geography,l2804249,l2804249,R01,4.603917726516275,NOT_REQUIRED_FOR_SPLIT_PHASE,SOURCE_CUSTOMER_SERVICE_PATH,0.24,PRIMARY_PHASE_3,3,sx2804249c.1.2,transformer.t21389962c,15.0,line.tpx21389962c0,156.0,5,3,6,27,0,1,UNVERIFIED,True,ENGINEERING_SCENARIO_NOT_FIELD_VERIFIED,PENDING
LV:sx2804250c,sx2804250c,LV_SPLIT_240,False,True,"1,2",1679564.15125369,12273412.0185983,upstream_primary_proxy_NOT_surveyed_customer_geography,l2804250,m1108315,R01,5.1635375299707915,NOT_REQUIRED_FOR_SPLIT_PHASE,SOURCE_CUSTOMER_SERVICE_PATH,0.24,PRIMARY_PHASE_3,3,sx2804250c.1.2,transformer.t5274992c,25.0,line.tpx274992c0,156.0,5,3,6,27,0,1,UNVERIFIED,True,ENGINEERING_SCENARIO_NOT_FIELD_VERIFIED,PENDING
LV:sx2804251a,sx2804251a,LV_SPLIT_240,False,True,"1,2",1673615.46900815,12266421.3180478,upstream_primary_proxy_NOT_surveyed_customer_geography,l2804251,m1069154,R08,9.125978597093324,NOT_REQUIRED_FOR_SPLIT_PHASE,SOURCE_CUSTOMER_SERVICE_PATH,0.24,PRIMARY_PHASE_1,1,sx2804251a.1.2,transformer.t5138646a,10.0,line.tpx138646a0,156.0,5,3,6,27,0,1,UNVERIFIED,True,ENGINEERING_SCENARIO_NOT_FIELD_VERIFIED,PENDING
LV:sx2804252a,sx2804252a,LV_SPLIT_240,False,True,"1,2",1667522.43143448,12263268.5899808,upstream_primary_proxy_NOT_surveyed_customer_geography,l2804252,m1026341,R08,15.689603325515158,NOT_REQUIRED_FOR_SPLIT_PHASE,SOURCE_CUSTOMER_SERVICE_PATH,0.24,PRIMARY_PHASE_1,1,sx2804252a.1.2,transformer.t5302473a,25.0,line.tpx302473a0,156.0,5,3,6,27,0,1,UNVERIFIED,True,ENGINEERING_SCENARIO_NOT_FIELD_VERIFIED,PENDING
LV:sx2804253a,sx2804253a,LV_SPLIT_240,False,True,"1,2",1674007.17768051,12268019.9172173,upstream_primary_proxy_NOT_surveyed_customer_geography,l2804253,m1069169,R08,8.67626791756693,NOT_REQUIRED_FOR_SPLIT_PHASE,SOURCE_CUSTOMER_SERVICE_PATH,0.24,PRIMARY_PHASE_1,1,sx2804253a.1.2,transformer.t21396254a,15.0,line.tpx21396254a0,156.0,5,3,6,27,0,1,UNVERIFIED,True,ENGINEERING_SCENARIO_NOT_FIELD_VERIFIED,PENDING
LV:sx2804254a,sx2804254a,LV_SPLIT_240,False,True,"1,2",1671689.93121436,12288039.9814919,upstream_primary_proxy_NOT_surveyed_customer_geography,l2804254,m1047763,R05,12.39620644493568,NOT_REQUIRED_FOR_SPLIT_PHASE,SOURCE_CUSTOMER_SERVICE_PATH,0.24,PRIMARY_PHASE_1,1,sx2804254a.1.2,transformer.t5323418a,25.0,line.tpx323418a0,156.0,5,3,6,27,0,1,UNVERIFIED,True,ENGINEERING_SCENARIO_NOT_FIELD_VERIFIED,PENDING
LV:sx2804255b,sx2804255b,LV_SPLIT_240,False,True,"1,2",1670629.73076537,12286195.4912502,upstream_primary_proxy_NOT_surveyed_customer_geography,l2804255,m1047724,R05,10.219495468411415,NOT_REQUIRED_FOR_SPLIT_PHASE,SOURCE_CUSTOMER_SERVICE_PATH,0.24,PRIMARY_PHASE_2,2,sx2804255b.1.2,transformer.t5338913b,25.0,line.tpx338913b0,156.0,5,3,6,27,0,1,UNVERIFIED,True,ENGINEERING_SCENARIO_NOT_FIELD_VERIFIED,PENDING
LV:sx2804256b,sx2804256b,LV_SPLIT_240,False,True,"1,2",1664557.15680771,12289003.6597008,upstream_primary_proxy_NOT_surveyed_customer_geography,l2804256,l2804256,R04,12.198922690513387,NOT_REQUIRED_FOR_SPLIT_PHASE,SOURCE_CUSTOMER_SERVICE_PATH,0.24,PRIMARY_PHASE_2,2,sx2804256b.1.2,transformer.t5321840b,10.0,line.tpx321840b0,156.0,5,3,6,27,0,1,UNVERIFIED,True,ENGINEERING_SCENARIO_NOT_FIELD_VERIFIED,PENDING
LV:sx2804257b,sx2804257b,LV_SPLIT_240,False,True,"1,2",1664772.59821591,12292311.0486319,upstream_primary_proxy_NOT_surveyed_customer_geography,l2804257,m1027013,R04,13.798282693150359,NOT_REQUIRED_FOR_SPLIT_PHASE,SOURCE_CUSTOMER_SERVICE_PATH,0.24,PRIMARY_PHASE_2,2,sx2804257b.1.2,transformer.t5321854b,15.0,line.tpx321854b0,156.0,5,3,6,27,0,1,UNVERIFIED,True,ENGINEERING_SCENARIO_NOT_FIELD_VERIFIED,PENDING
LV:sx2804258b,sx2804258b,LV_SPLIT_240,False,True,"1,2",1671424.72750211,12275265.880488,upstream_primary_proxy_NOT_surveyed_customer_geography,l2804258,m1069376,R06,13.567172312059093,NOT_REQUIRED_FOR_SPLIT_PHASE,SOURCE_CUSTOMER_SERVICE_PATH,0.24,PRIMARY_PHASE_2,2,sx2804258b.1.2,transformer.t5337697b,25.0,line.tpx337697b0,156.0,5,3,6,27,0,1,UNVERIFIED,True,ENGINEERING_SCENARIO_NOT_FIELD_VERIFIED,PENDING
LV:sx2804259a,sx2804259a,LV_SPLIT_240,False,True,"1,2",1667324.38983429,12260220.371354,upstream_primary_proxy_NOT_surveyed_customer_geography,l2804259,m1026333,R08,14.35387091796509,NOT_REQUIRED_FOR_SPLIT_PHASE,SOURCE_CUSTOMER_SERVICE_PATH,0.24,PRIMARY_PHASE_1,1,sx2804259a.1.2,transformer.t28127372a,25.0,line.tpx28127372a0,156.0,5,3,6,27,0,1,UNVERIFIED,True,ENGINEERING_SCENARIO_NOT_FIELD_VERIFIED,PENDING
LV:sx2804260b,sx2804260b,LV_SPLIT_240,False,True,"1,2",1664209.86925539,12258553.9588084,upstream_primary_proxy_NOT_surveyed_customer_geography,l2804260,m1026328,R08,16.637477550530086,NOT_REQUIRED_FOR_SPLIT_PHASE,SOURCE_CUSTOMER_SERVICE_PATH,0.24,PRIMARY_PHASE_2,2,sx2804260b.1.2,transformer.t5391752b,25.0,line.tpx391752b0,156.0,5,3,6,27,0,1,UNVERIFIED,True,ENGINEERING_SCENARIO_NOT_FIELD_VERIFIED,PENDING
LV:sx2804261c,sx2804261c,LV_SPLIT_240,False,True,"1,2",1667811.58036274,12262088.4299797,upstream_primary_proxy_NOT_surveyed_customer_geography,l2804261,m1026357,R08,13.98653778663543,NOT_REQUIRED_FOR_SPLIT_PHASE,SOURCE_CUSTOMER_SERVICE_PATH,0.24,PRIMARY_PHASE_3,3,sx2804261c.1.2,transformer.t5302509c,15.0,line.tpx302509c0,156.0,5,3,6,27,0,1,UNVERIFIED,True,ENGINEERING_SCENARIO_NOT_FIELD_VERIFIED,PENDING
LV:sx2804262a,sx2804262a,LV_SPLIT_240,False,True,"1,2",1666833.95936983,12284485.0917606,upstream_primary_proxy_NOT_surveyed_customer_geography,l2804262,m1026854,R05,9.17877342405263,NOT_REQUIRED_FOR_SPLIT_PHASE,SOURCE_CUSTOMER_SERVICE_PATH,0.24,PRIMARY_PHASE_1,1,sx2804262a.1.2,transformer.t5355938a,15.0,line.tpx355938a0,156.0,5,3,6,27,0,1,UNVERIFIED,True,ENGINEERING_SCENARIO_NOT_FIELD_VERIFIED,PENDING
LV:sx2804269b,sx2804269b,LV_SPLIT_240,False,True,"1,2",1674078.03028858,12289268.351413,upstream_primary_proxy_NOT_surveyed_customer_geography,l2804269,m1069533,R03,9.397440924549947,NOT_REQUIRED_FOR_SPLIT_PHASE,SOURCE_CUSTOMER_SERVICE_PATH,0.24,PRIMARY_PHASE_2,2,sx2804269b.1.2,transformer.t5323285b,25.0,line.tpx323285b0,156.0,5,3,6,27,0,1,UNVERIFIED,True,ENGINEERING_SCENARIO_NOT_FIELD_VERIFIED,PENDING
LV:sx2804270b,sx2804270b,LV_SPLIT_240,False,True,"1,2",1674953.4315054,12287092.199859,upstream_primary_proxy_NOT_surveyed_customer_geography,l2804270,m1069533,R03,7.834798634616966,NOT_REQUIRED_FOR_SPLIT_PHASE,SOURCE_CUSTOMER_SERVICE_PATH,0.24,PRIMARY_PHASE_2,2,sx2804270b.1.2,transformer.t5339013b,15.0,line.tpx339013b0,156.0,5,3,6,27,0,1,UNVERIFIED,True,ENGINEERING_SCENARIO_NOT_FIELD_VERIFIED,PENDING
LV:sx2804272b,sx2804272b,LV_SPLIT_240,False,True,"1,2",1674436.47124891,12285662.4705777,upstream_primary_proxy_NOT_surveyed_customer_geography,l2804272,m1069533,R03,7.178236112432822,NOT_REQUIRED_FOR_SPLIT_PHASE,SOURCE_CUSTOMER_SERVICE_PATH,0.24,PRIMARY_PHASE_2,2,sx2804272b.1.2,transformer.t5338993b,15.0,line.tpx338993b0,156.0,5,3,6,27,0,1,UNVERIFIED,True,ENGINEERING_SCENARIO_NOT_FIELD_VERIFIED,PENDING
LV:sx2804277c,sx2804277c,LV_SPLIT_240,False,True,"1,2",1679127.37838928,12283014.5171672,upstream_primary_proxy_NOT_surveyed_customer_geography,l2804277,m1108526,R02,5.095683447097239,NOT_REQUIRED_FOR_SPLIT_PHASE,SOURCE_CUSTOMER_SERVICE_PATH,0.24,PRIMARY_PHASE_3,3,sx2804277c.1.2,transformer.t5339043c,25.0,line.tpx339043c0,156.0,5,3,6,27,0,1,UNVERIFIED,True,ENGINEERING_SCENARIO_NOT_FIELD_VERIFIED,PENDING
LV:sx2804282c,sx2804282c,LV_SPLIT_240,False,True,"1,2",1674999.74907344,12278102.9912746,upstream_primary_proxy_NOT_surveyed_customer_geography,l2804282,m1108315,R01,9.308637716215074,NOT_REQUIRED_FOR_SPLIT_PHASE,SOURCE_CUSTOMER_SERVICE_PATH,0.24,PRIMARY_PHASE_3,3,sx2804282c.1.2,transformer.t5337641c,15.0,line.tpx337641c0,156.0,5,3,6,27,0,1,UNVERIFIED,True,ENGINEERING_SCENARIO_NOT_FIELD_VERIFIED,PENDING
LV:sx2804283a,sx2804283a,LV_SPLIT_240,False,True,"1,2",1672912.18171149,12268072.8293453,upstream_primary_proxy_NOT_surveyed_customer_geography,l2804283,m1069169,R08,9.26957687252238,NOT_REQUIRED_FOR_SPLIT_PHASE,SOURCE_CUSTOMER_SERVICE_PATH,0.24,PRIMARY_PHASE_1,1,sx2804283a.1.2,transformer.t5138564a,25.0,line.tpx138564a0,156.0,5,3,6,27,0,1,UNVERIFIED,True,ENGINEERING_SCENARIO_NOT_FIELD_VERIFIED,PENDING
LV:sx2804956a,sx2804956a,LV_SPLIT_240,False,True,"1,2",1681314.15906332,12281246.1510856,upstream_primary_proxy_NOT_surveyed_customer_geography,l2804956,m1108490,R02,4.187916304214702,NOT_REQUIRED_FOR_SPLIT_PHASE,SOURCE_CUSTOMER_SERVICE_PATH,0.24,PRIMARY_PHASE_1,1,sx2804956a.1.2,transformer.t5356811a,25.0,line.tpx356811a0,156.0,5,3,6,27,0,1,UNVERIFIED,True,ENGINEERING_SCENARIO_NOT_FIELD_VERIFIED,PENDING
LV:sx2804957c,sx2804957c,LV_SPLIT_240,False,True,"1,2",1685878.25813957,12287096.291763,upstream_primary_proxy_NOT_surveyed_customer_geography,l2804957,m1209800,R07,8.362552667477857,NOT_REQUIRED_FOR_SPLIT_PHASE,SOURCE_CUSTOMER_SERVICE_PATH,0.24,PRIMARY_PHASE_3,3,sx2804957c.1.2,transformer.t5356790c,10.0,line.tpx356790c0,156.0,5,3,6,27,0,1,UNVERIFIED,True,ENGINEERING_SCENARIO_NOT_FIELD_VERIFIED,PENDING
LV:sx2805031c,sx2805031c,LV_SPLIT_240,False,True,"1,2",1683081.71004097,12273149.260198,upstream_primary_proxy_NOT_surveyed_customer_geography,l2805031,m1125917,R07,3.070006557172734,NOT_REQUIRED_FOR_SPLIT_PHASE,SOURCE_CUSTOMER_SERVICE_PATH,0.24,PRIMARY_PHASE_3,3,sx2805031c.1.2,transformer.t5260491c,37.5,line.tpx260491c0,156.0,5,3,6,27,0,1,UNVERIFIED,True,ENGINEERING_SCENARIO_NOT_FIELD_VERIFIED,PENDING
LV:sx2805034a,sx2805034a,LV_SPLIT_240,False,True,"1,2",1687346.64956494,12275199.6481679,upstream_primary_proxy_NOT_surveyed_customer_geography,l2805034,m1149236,R07,1.9800206063733286,NOT_REQUIRED_FOR_SPLIT_PHASE,SOURCE_CUSTOMER_SERVICE_PATH,0.24,PRIMARY_PHASE_1,1,sx2805034a.1.2,transformer.t5260647a,10.0,line.tpx260647a0,156.0,5,3,6,27,0,1,UNVERIFIED,True,ENGINEERING_SCENARIO_NOT_FIELD_VERIFIED,PENDING
LV:sx2805036b,sx2805036b,LV_SPLIT_240,False,True,"1,2",1680695.42139874,12266761.2491841,upstream_primary_proxy_NOT_surveyed_customer_geography,l2805036,m1089119,R01,9.7066501474328,NOT_REQUIRED_FOR_SPLIT_PHASE,SOURCE_CUSTOMER_SERVICE_PATH,0.24,PRIMARY_PHASE_2,2,sx2805036b.1.2,transformer.t5275248b,10.0,line.tpx275248b0,156.0,5,3,6,27,0,1,UNVERIFIED,True,ENGINEERING_SCENARIO_NOT_FIELD_VERIFIED,PENDING
LV:sx2806553c,sx2806553c,LV_SPLIT_240,False,True,"1,2",1690960.6404803,12282521.2195028,upstream_primary_proxy_NOT_surveyed_customer_geography,l2806553,m1209800,R07,4.319199679440395,NOT_REQUIRED_FOR_SPLIT_PHASE,SOURCE_CUSTOMER_SERVICE_PATH,0.24,PRIMARY_PHASE_3,3,sx2806553c.1.2,transformer.t227411655c,25.0,line.tpx227411655c0,156.0,5,3,6,27,0,1,UNVERIFIED,True,ENGINEERING_SCENARIO_NOT_FIELD_VERIFIED,PENDING
LV:sx2814529a,sx2814529a,LV_SPLIT_240,False,True,"1,2",1665706.94087278,12278603.6330671,upstream_primary_proxy_NOT_surveyed_customer_geography,l2814529,l2814529,R03,11.96245056788623,NOT_REQUIRED_FOR_SPLIT_PHASE,SOURCE_CUSTOMER_SERVICE_PATH,0.24,PRIMARY_PHASE_1,1,sx2814529a.1.2,transformer.t28120126a,50.0,line.tpx28120126a0,156.0,5,3,6,27,0,1,UNVERIFIED,True,ENGINEERING_SCENARIO_NOT_FIELD_VERIFIED,PENDING
LV:sx2814529b,sx2814529b,LV_SPLIT_240,False,True,"1,2",1665706.94087278,12278603.6330671,upstream_primary_proxy_NOT_surveyed_customer_geography,l2814529,l2814529,R03,11.96245056788623,NOT_REQUIRED_FOR_SPLIT_PHASE,SOURCE_CUSTOMER_SERVICE_PATH,0.24,PRIMARY_PHASE_2,2,sx2814529b.1.2,transformer.t28120126b,50.0,line.tpx28120126b0,156.0,5,3,6,27,0,1,UNVERIFIED,True,ENGINEERING_SCENARIO_NOT_FIELD_VERIFIED,PENDING
LV:sx2814529c,sx2814529c,LV_SPLIT_240,False,True,"1,2",1665706.94087278,12278603.6330671,upstream_primary_proxy_NOT_surveyed_customer_geography,l2814529,l2814529,R03,11.96245056788623,NOT_REQUIRED_FOR_SPLIT_PHASE,SOURCE_CUSTOMER_SERVICE_PATH,0.24,PRIMARY_PHASE_3,3,sx2814529c.1.2,transformer.t28120126c,50.0,line.tpx28120126c0,156.0,5,3,6,27,0,1,UNVERIFIED,True,ENGINEERING_SCENARIO_NOT_FIELD_VERIFIED,PENDING
LV:sx2820528c,sx2820528c,LV_SPLIT_240,False,True,"1,2",1665036.21268016,12285271.1756013,upstream_primary_proxy_NOT_surveyed_customer_geography,l2820528,m1026886,R04,9.976871734841778,NOT_REQUIRED_FOR_SPLIT_PHASE,SOURCE_CUSTOMER_SERVICE_PATH,0.24,PRIMARY_PHASE_3,3,sx2820528c.1.2,transformer.t226191778c,25.0,line.tpx226191778c0,156.0,5,3,6,27,0,1,UNVERIFIED,True,ENGINEERING_SCENARIO_NOT_FIELD_VERIFIED,PENDING
LV:sx2820531b,sx2820531b,LV_SPLIT_240,False,True,"1,2",1669502.31905232,12281883.2593102,upstream_primary_proxy_NOT_surveyed_customer_geography,l2820531,l2820531,R06,8.335160796053977,NOT_REQUIRED_FOR_SPLIT_PHASE,SOURCE_CUSTOMER_SERVICE_PATH,0.24,PRIMARY_PHASE_2,2,sx2820531b.1.2,transformer.t226192936b,25.0,line.tpx226192936b0,156.0,5,3,6,27,0,1,UNVERIFIED,True,ENGINEERING_SCENARIO_NOT_FIELD_VERIFIED,PENDING
LV:sx2820533a,sx2820533a,LV_SPLIT_240,False,True,"1,2",1672785.00091138,12285304.3777774,upstream_primary_proxy_NOT_surveyed_customer_geography,l2820533,m1069514,R03,7.073660293102625,NOT_REQUIRED_FOR_SPLIT_PHASE,SOURCE_CUSTOMER_SERVICE_PATH,0.24,PRIMARY_PHASE_1,1,sx2820533a.1.2,transformer.t226193298a,25.0,line.tpx226193298a0,156.0,5,3,6,27,0,1,UNVERIFIED,True,ENGINEERING_SCENARIO_NOT_FIELD_VERIFIED,PENDING
LV:sx2820535b,sx2820535b,LV_SPLIT_240,False,True,"1,2",1675150.89966558,12284683.2398568,upstream_primary_proxy_NOT_surveyed_customer_geography,l2820535,m1069519,R03,6.26438015366842,NOT_REQUIRED_FOR_SPLIT_PHASE,SOURCE_CUSTOMER_SERVICE_PATH,0.24,PRIMARY_PHASE_2,2,sx2820535b.1.2,transformer.t5338981b,25.0,line.tpx338981b0,156.0,5,3,6,27,0,1,UNVERIFIED,True,ENGINEERING_SCENARIO_NOT_FIELD_VERIFIED,PENDING
LV:sx2820556a,sx2820556a,LV_SPLIT_240,False,True,"1,2",1670877.7271816,12273126.470054,upstream_primary_proxy_NOT_surveyed_customer_geography,l2820556,m1026695,R03,15.414316072139362,NOT_REQUIRED_FOR_SPLIT_PHASE,SOURCE_CUSTOMER_SERVICE_PATH,0.24,PRIMARY_PHASE_1,1,sx2820556a.1.2,transformer.t226196648a,25.0,line.tpx226196648a0,156.0,5,3,6,27,0,1,UNVERIFIED,True,ENGINEERING_SCENARIO_NOT_FIELD_VERIFIED,PENDING
LV:sx2821010a,sx2821010a,LV_SPLIT_240,False,True,"1,2",1666356.05037739,12280400.2861248,upstream_primary_proxy_NOT_surveyed_customer_geography,l2821010,m1026851,R04,11.653444149909012,NOT_REQUIRED_FOR_SPLIT_PHASE,SOURCE_CUSTOMER_SERVICE_PATH,0.24,PRIMARY_PHASE_1,1,sx2821010a.1.2,transformer.t5294788a,37.5,line.tpx294788a0,156.0,5,3,6,27,0,1,UNVERIFIED,True,ENGINEERING_SCENARIO_NOT_FIELD_VERIFIED,PENDING
LV:sx2821087a,sx2821087a,LV_SPLIT_240,False,True,"1,2",1680893.04520693,12280180.7978686,upstream_primary_proxy_NOT_surveyed_customer_geography,l2821087,m1108378,R02,4.433191939421845,NOT_REQUIRED_FOR_SPLIT_PHASE,SOURCE_CUSTOMER_SERVICE_PATH,0.24,PRIMARY_PHASE_1,1,sx2821087a.1.2,transformer.t226308720a,75.0,line.tpx226308720a0,156.0,5,3,6,27,0,1,UNVERIFIED,True,ENGINEERING_SCENARIO_NOT_FIELD_VERIFIED,PENDING
LV:sx2821770a,sx2821770a,LV_SPLIT_240,False,True,"1,2",1674617.44891308,12272258.4948852,upstream_primary_proxy_NOT_surveyed_customer_geography,l2821770,m1069311,R06,12.680340952078627,NOT_REQUIRED_FOR_SPLIT_PHASE,SOURCE_CUSTOMER_SERVICE_PATH,0.24,PRIMARY_PHASE_1,1,sx2821770a.1.2,transformer.t227917119a,37.5,line.tpx227917119a0,156.0,5,3,6,27,0,1,UNVERIFIED,True,ENGINEERING_SCENARIO_NOT_FIELD_VERIFIED,PENDING
LV:sx2822857b,sx2822857b,LV_SPLIT_240,False,True,"1,2",1661621.05798898,12283552.9896157,upstream_primary_proxy_NOT_surveyed_customer_geography,l2822857,m1026829,R04,12.600054245606344,NOT_REQUIRED_FOR_SPLIT_PHASE,SOURCE_CUSTOMER_SERVICE_PATH,0.24,PRIMARY_PHASE_2,2,sx2822857b.1.2,transformer.t5355588b,15.0,line.tpx355588b0,156.0,5,3,6,27,0,1,UNVERIFIED,True,ENGINEERING_SCENARIO_NOT_FIELD_VERIFIED,PENDING
LV:sx2822858b,sx2822858b,LV_SPLIT_240,False,True,"1,2",1661554.83795692,12284345.0413285,upstream_primary_proxy_NOT_surveyed_customer_geography,l2822858,m1026829,R04,12.881067973164258,NOT_REQUIRED_FOR_SPLIT_PHASE,SOURCE_CUSTOMER_SERVICE_PATH,0.24,PRIMARY_PHASE_2,2,sx2822858b.1.2,transformer.t5355591b,25.0,line.tpx355591b0,156.0,5,3,6,27,0,1,UNVERIFIED,True,ENGINEERING_SCENARIO_NOT_FIELD_VERIFIED,PENDING
LV:sx2822859b,sx2822859b,LV_SPLIT_240,False,True,"1,2",1662736.28819802,12257433.3915114,upstream_primary_proxy_NOT_surveyed_customer_geography,l2822859,m1026328,R08,17.489917857251164,NOT_REQUIRED_FOR_SPLIT_PHASE,SOURCE_CUSTOMER_SERVICE_PATH,0.24,PRIMARY_PHASE_2,2,sx2822859b.1.2,transformer.t5391747b,25.0,line.tpx391747b0,156.0,5,3,6,27,0,1,UNVERIFIED,True,ENGINEERING_SCENARIO_NOT_FIELD_VERIFIED,PENDING
LV:sx2822860b,sx2822860b,LV_SPLIT_240,False,True,"1,2",1668040.32967496,12294429.4097219,upstream_primary_proxy_NOT_surveyed_customer_geography,l2822860,m1047763,R05,16.172109236468025,NOT_REQUIRED_FOR_SPLIT_PHASE,SOURCE_CUSTOMER_SERVICE_PATH,0.24,PRIMARY_PHASE_2,2,sx2822860b.1.2,transformer.t5323236b,25.0,line.tpx323236b0,156.0,5,3,6,27,0,1,UNVERIFIED,True,ENGINEERING_SCENARIO_NOT_FIELD_VERIFIED,PENDING
LV:sx2822861a,sx2822861a,LV_SPLIT_240,False,True,"1,2",1673577.52776011,12276992.8810656,upstream_primary_proxy_NOT_surveyed_customer_geography,l2822861,m1069424,R06,11.091158597589594,NOT_REQUIRED_FOR_SPLIT_PHASE,SOURCE_CUSTOMER_SERVICE_PATH,0.24,PRIMARY_PHASE_1,1,sx2822861a.1.2,transformer.t21015829a,25.0,line.tpx21015829a0,156.0,5,3,6,27,0,1,UNVERIFIED,True,ENGINEERING_SCENARIO_NOT_FIELD_VERIFIED,PENDING
LV:sx2822862c,sx2822862c,LV_SPLIT_240,False,True,"1,2",1678869.06824504,12275043.4308238,upstream_primary_proxy_NOT_surveyed_customer_geography,l2822862,m1108315,R01,6.369812880639063,NOT_REQUIRED_FOR_SPLIT_PHASE,SOURCE_CUSTOMER_SERVICE_PATH,0.24,PRIMARY_PHASE_3,3,sx2822862c.1.2,transformer.t5275001c,15.0,line.tpx275001c0,156.0,5,3,6,27,0,1,UNVERIFIED,True,ENGINEERING_SCENARIO_NOT_FIELD_VERIFIED,PENDING
LV:sx2822863c,sx2822863c,LV_SPLIT_240,False,True,"1,2",1677032.90926733,12278380.1716909,upstream_primary_proxy_NOT_surveyed_customer_geography,l2822863,m1108315,R01,8.584533722593791,NOT_REQUIRED_FOR_SPLIT_PHASE,SOURCE_CUSTOMER_SERVICE_PATH,0.24,PRIMARY_PHASE_3,3,sx2822863c.1.2,transformer.t5337635c,10.0,line.tpx337635c0,156.0,5,3,6,27,0,1,UNVERIFIED,True,ENGINEERING_SCENARIO_NOT_FIELD_VERIFIED,PENDING
LV:sx2822864c,sx2822864c,LV_SPLIT_240,False,True,"1,2",1679085.97192524,12272763.3883257,upstream_primary_proxy_NOT_surveyed_customer_geography,l2822864,m1108315,R01,5.393184420689799,NOT_REQUIRED_FOR_SPLIT_PHASE,SOURCE_CUSTOMER_SERVICE_PATH,0.24,PRIMARY_PHASE_3,3,sx2822864c.1.2,transformer.t5274985c,15.0,line.tpx274985c0,156.0,5,3,6,27,0,1,UNVERIFIED,True,ENGINEERING_SCENARIO_NOT_FIELD_VERIFIED,PENDING
LV:sx2822865c,sx2822865c,LV_SPLIT_240,False,True,"1,2",1679501.83061363,12272883.7083258,upstream_primary_proxy_NOT_surveyed_customer_geography,l2822865,m1108315,R01,5.12650740305821,NOT_REQUIRED_FOR_SPLIT_PHASE,SOURCE_CUSTOMER_SERVICE_PATH,0.24,PRIMARY_PHASE_3,3,sx2822865c.1.2,transformer.t5274986c,10.0,line.tpx274986c0,156.0,5,3,6,27,0,1,UNVERIFIED,True,ENGINEERING_SCENARIO_NOT_FIELD_VERIFIED,PENDING
LV:sx2822866b,sx2822866b,LV_SPLIT_240,False,True,"1,2",1670299.17946906,12284684.8086248,upstream_primary_proxy_NOT_surveyed_customer_geography,l2822866,l2822866,R05,9.034159120811273,NOT_REQUIRED_FOR_SPLIT_PHASE,SOURCE_CUSTOMER_SERVICE_PATH,0.24,PRIMARY_PHASE_2,2,sx2822866b.1.2,transformer.t5338922b,25.0,line.tpx338922b0,156.0,5,3,6,27,0,1,UNVERIFIED,True,ENGINEERING_SCENARIO_NOT_FIELD_VERIFIED,PENDING
LV:sx2822867b,sx2822867b,LV_SPLIT_240,False,True,"1,2",1672662.78036726,12274962.3095437,upstream_primary_proxy_NOT_surveyed_customer_geography,l2822867,m1069376,R06,12.649037879358596,NOT_REQUIRED_FOR_SPLIT_PHASE,SOURCE_CUSTOMER_SERVICE_PATH,0.24,PRIMARY_PHASE_2,2,sx2822867b.1.2,transformer.t21386552b,15.0,line.tpx21386552b0,156.0,5,3,6,27,0,1,UNVERIFIED,True,ENGINEERING_SCENARIO_NOT_FIELD_VERIFIED,PENDING
LV:sx2822868a,sx2822868a,LV_SPLIT_240,False,True,"1,2",1664380.88954355,12278334.3292589,upstream_primary_proxy_NOT_surveyed_customer_geography,l2822868,m1026701,R03,12.3418188148047,NOT_REQUIRED_FOR_SPLIT_PHASE,SOURCE_CUSTOMER_SERVICE_PATH,0.24,PRIMARY_PHASE_1,1,sx2822868a.1.2,transformer.t21397544a,15.0,line.tpx21397544a0,156.0,5,3,6,27,0,1,UNVERIFIED,True,ENGINEERING_SCENARIO_NOT_FIELD_VERIFIED,PENDING
LV:sx2822869a,sx2822869a,LV_SPLIT_240,False,True,"1,2",1668726.1434356,12281507.6888778,upstream_primary_proxy_NOT_surveyed_customer_geography,l2822869,l2822869,R03,8.740127408595312,NOT_REQUIRED_FOR_SPLIT_PHASE,SOURCE_CUSTOMER_SERVICE_PATH,0.24,PRIMARY_PHASE_1,1,sx2822869a.1.2,transformer.t5338942a,25.0,line.tpx338942a0,156.0,5,3,6,27,0,1,UNVERIFIED,True,ENGINEERING_SCENARIO_NOT_FIELD_VERIFIED,PENDING
LV:sx2822870c,sx2822870c,LV_SPLIT_240,False,True,"1,2",1668093.85620301,12280755.2536771,upstream_primary_proxy_NOT_surveyed_customer_geography,l2822870,m1026795,R03,9.313847366245104,NOT_REQUIRED_FOR_SPLIT_PHASE,SOURCE_CUSTOMER_SERVICE_PATH,0.24,PRIMARY_PHASE_3,3,sx2822870c.1.2,transformer.t21399171c,15.0,line.tpx21399171c0,156.0,5,3,6,27,0,1,UNVERIFIED,True,ENGINEERING_SCENARIO_NOT_FIELD_VERIFIED,PENDING
LV:sx2822871b,sx2822871b,LV_SPLIT_240,False,True,"1,2",1665333.16039244,12284492.3416806,upstream_primary_proxy_NOT_surveyed_customer_geography,l2822871,l2822871,R04,9.54300774023163,NOT_REQUIRED_FOR_SPLIT_PHASE,SOURCE_CUSTOMER_SERVICE_PATH,0.24,PRIMARY_PHASE_2,2,sx2822871b.1.2,transformer.t5355840b,25.0,line.tpx355840b0,156.0,5,3,6,27,0,1,UNVERIFIED,True,ENGINEERING_SCENARIO_NOT_FIELD_VERIFIED,PENDING
LV:sx2822872b,sx2822872b,LV_SPLIT_240,False,True,"1,2",1670240.48378901,12281029.3088454,upstream_primary_proxy_NOT_surveyed_customer_geography,l2822872,l2822872,R06,8.711436046384271,NOT_REQUIRED_FOR_SPLIT_PHASE,SOURCE_CUSTOMER_SERVICE_PATH,0.24,PRIMARY_PHASE_2,2,sx2822872b.1.2,transformer.t5338950b,25.0,line.tpx338950b0,156.0,5,3,6,27,0,1,UNVERIFIED,True,ENGINEERING_SCENARIO_NOT_FIELD_VERIFIED,PENDING
LV:sx2822873b,sx2822873b,LV_SPLIT_240,False,True,"1,2",1673476.56136002,12286162.9198582,upstream_primary_proxy_NOT_surveyed_customer_geography,l2822873,m1069533,R03,7.8381361096729005,NOT_REQUIRED_FOR_SPLIT_PHASE,SOURCE_CUSTOMER_SERVICE_PATH,0.24,PRIMARY_PHASE_2,2,sx2822873b.1.2,transformer.t5338999b,10.0,line.tpx338999b0,156.0,5,3,6,27,0,1,UNVERIFIED,True,ENGINEERING_SCENARIO_NOT_FIELD_VERIFIED,PENDING
LV:sx2822877b,sx2822877b,LV_SPLIT_240,False,True,"1,2",1673774.5289763,12274330.1083271,upstream_primary_proxy_NOT_surveyed_customer_geography,l2822877,l2822877,R06,11.833451605490355,NOT_REQUIRED_FOR_SPLIT_PHASE,SOURCE_CUSTOMER_SERVICE_PATH,0.24,PRIMARY_PHASE_2,2,sx2822877b.1.2,transformer.t5337672b,15.0,line.tpx337672b0,156.0,5,3,6,27,0,1,UNVERIFIED,True,ENGINEERING_SCENARIO_NOT_FIELD_VERIFIED,PENDING
LV:sx2823544a,sx2823544a,LV_SPLIT_240,False,True,"1,2",1682615.54837653,12282274.2388945,upstream_primary_proxy_NOT_surveyed_customer_geography,l2823544,m1108505,R02,5.550030532581501,NOT_REQUIRED_FOR_SPLIT_PHASE,SOURCE_CUSTOMER_SERVICE_PATH,0.24,PRIMARY_PHASE_1,1,sx2823544a.1.2,transformer.t5356804a,25.0,line.tpx356804a0,156.0,5,3,6,27,0,1,UNVERIFIED,True,ENGINEERING_SCENARIO_NOT_FIELD_VERIFIED,PENDING
LV:sx2823545a,sx2823545a,LV_SPLIT_240,False,True,"1,2",1682879.96975278,12282841.1785431,upstream_primary_proxy_NOT_surveyed_customer_geography,l2823545,m1108505,R02,6.225479252052113,NOT_REQUIRED_FOR_SPLIT_PHASE,SOURCE_CUSTOMER_SERVICE_PATH,0.24,PRIMARY_PHASE_1,1,sx2823545a.1.2,transformer.t5356807a,25.0,line.tpx356807a0,156.0,5,3,6,27,0,1,UNVERIFIED,True,ENGINEERING_SCENARIO_NOT_FIELD_VERIFIED,PENDING
LV:sx2823592a,sx2823592a,LV_SPLIT_240,False,True,"1,2",1693402.24969858,12276340.998569,upstream_primary_proxy_NOT_surveyed_customer_geography,l2823592,l2823592,R07,0.3548712827105084,NOT_REQUIRED_FOR_SPLIT_PHASE,SOURCE_CUSTOMER_SERVICE_PATH,0.24,PRIMARY_PHASE_1,1,sx2823592a.1.2,transformer.t5223658a,5.0,line.tpx223658a0,156.0,5,3,6,27,0,1,UNVERIFIED,True,ENGINEERING_SCENARIO_NOT_FIELD_VERIFIED,PENDING
LV:sx2823611a,sx2823611a,LV_SPLIT_240,False,True,"1,2",1691626.08892892,12275427.8895762,upstream_primary_proxy_NOT_surveyed_customer_geography,l2823611,l2823611,R07,0.8144844825089801,NOT_REQUIRED_FOR_SPLIT_PHASE,SOURCE_CUSTOMER_SERVICE_PATH,0.24,PRIMARY_PHASE_1,1,sx2823611a.1.2,transformer.t21386877a,15.0,line.tpx21386877a0,156.0,5,3,6,27,0,1,UNVERIFIED,True,ENGINEERING_SCENARIO_NOT_FIELD_VERIFIED,PENDING
LV:sx2839305a,sx2839305a,LV_SPLIT_240,False,True,"1,2",1688395.69250992,12275172.7947919,upstream_primary_proxy_NOT_surveyed_customer_geography,l2839305,m1166373,R07,1.6902829993195807,NOT_REQUIRED_FOR_SPLIT_PHASE,SOURCE_CUSTOMER_SERVICE_PATH,0.24,PRIMARY_PHASE_1,1,sx2839305a.1.2,transformer.t28150292a,15.0,line.tpx28150292a0,156.0,5,3,6,27,0,1,UNVERIFIED,True,ENGINEERING_SCENARIO_NOT_FIELD_VERIFIED,PENDING
LV:sx2841615a,sx2841615a,LV_SPLIT_240,False,True,"1,2",1666334.41120937,12286366.1879543,upstream_primary_proxy_NOT_surveyed_customer_geography,l2841615,m1026854,R05,10.761960891979292,NOT_REQUIRED_FOR_SPLIT_PHASE,SOURCE_CUSTOMER_SERVICE_PATH,0.24,PRIMARY_PHASE_1,1,sx2841615a.1.2,transformer.t5356012a,15.0,line.tpx356012a0,156.0,5,3,6,27,0,1,UNVERIFIED,True,ENGINEERING_SCENARIO_NOT_FIELD_VERIFIED,PENDING
LV:sx2841616a,sx2841616a,LV_SPLIT_240,False,True,"1,2",1672901.31911948,12277017.9731616,upstream_primary_proxy_NOT_surveyed_customer_geography,l2841616,m1069424,R06,11.387402294840232,NOT_REQUIRED_FOR_SPLIT_PHASE,SOURCE_CUSTOMER_SERVICE_PATH,0.24,PRIMARY_PHASE_1,1,sx2841616a.1.2,transformer.t21031684a,25.0,line.tpx21031684a0,156.0,5,3,6,27,0,1,UNVERIFIED,True,ENGINEERING_SCENARIO_NOT_FIELD_VERIFIED,PENDING
LV:sx2841618a,sx2841618a,LV_SPLIT_240,False,True,"1,2",1674140.35092864,12274464.3506313,upstream_primary_proxy_NOT_surveyed_customer_geography,l2841618,m1069382,R06,12.104442388006182,NOT_REQUIRED_FOR_SPLIT_PHASE,SOURCE_CUSTOMER_SERVICE_PATH,0.24,PRIMARY_PHASE_1,1,sx2841618a.1.2,transformer.t5337673a,25.0,line.tpx337673a0,156.0,5,3,6,27,0,1,UNVERIFIED,True,ENGINEERING_SCENARIO_NOT_FIELD_VERIFIED,PENDING
LV:sx2841619c,sx2841619c,LV_SPLIT_240,False,True,"1,2",1677511.39989178,12279905.7309883,upstream_primary_proxy_NOT_surveyed_customer_geography,l2841619,m1108315,R01,9.685530074964548,NOT_REQUIRED_FOR_SPLIT_PHASE,SOURCE_CUSTOMER_SERVICE_PATH,0.24,PRIMARY_PHASE_3,3,sx2841619c.1.2,transformer.t5337636c,37.5,line.tpx337636c0,156.0,5,3,6,27,0,1,UNVERIFIED,True,ENGINEERING_SCENARIO_NOT_FIELD_VERIFIED,PENDING
LV:sx2841620b,sx2841620b,LV_SPLIT_240,False,True,"1,2",1671528.18017421,12266449.6787518,upstream_primary_proxy_NOT_surveyed_customer_geography,l2841620,m1069135,R08,10.710045848345029,NOT_REQUIRED_FOR_SPLIT_PHASE,SOURCE_CUSTOMER_SERVICE_PATH,0.24,PRIMARY_PHASE_2,2,sx2841620b.1.2,transformer.t28147018b,15.0,line.tpx28147018b0,156.0,5,3,6,27,0,1,UNVERIFIED,True,ENGINEERING_SCENARIO_NOT_FIELD_VERIFIED,PENDING
LV:sx2841621c,sx2841621c,LV_SPLIT_240,False,True,"1,2",1669900.97044469,12286402.7898104,upstream_primary_proxy_NOT_surveyed_customer_geography,l2841621,l2841621,R05,10.15160278185529,NOT_REQUIRED_FOR_SPLIT_PHASE,SOURCE_CUSTOMER_SERVICE_PATH,0.24,PRIMARY_PHASE_3,3,sx2841621c.1.2,transformer.t5338910c,25.0,line.tpx338910c0,156.0,5,3,6,27,0,1,UNVERIFIED,True,ENGINEERING_SCENARIO_NOT_FIELD_VERIFIED,PENDING
LV:sx2841622a,sx2841622a,LV_SPLIT_240,False,True,"1,2",1670903.38862162,12288268.8987401,upstream_primary_proxy_NOT_surveyed_customer_geography,l2841622,m1047763,R05,11.880885177477978,NOT_REQUIRED_FOR_SPLIT_PHASE,SOURCE_CUSTOMER_SERVICE_PATH,0.24,PRIMARY_PHASE_1,1,sx2841622a.1.2,transformer.t21384215a,15.0,line.tpx21384215a0,156.0,5,3,6,27,0,1,UNVERIFIED,True,ENGINEERING_SCENARIO_NOT_FIELD_VERIFIED,PENDING
LV:sx2841623a,sx2841623a,LV_SPLIT_240,False,True,"1,2",1662643.25165393,12280100.1189565,upstream_primary_proxy_NOT_surveyed_customer_geography,l2841623,m1009770,R04,13.667881141494044,NOT_REQUIRED_FOR_SPLIT_PHASE,SOURCE_CUSTOMER_SERVICE_PATH,0.24,PRIMARY_PHASE_1,1,sx2841623a.1.2,transformer.t5294844a,15.0,line.tpx294844a0,156.0,5,3,6,27,0,1,UNVERIFIED,True,ENGINEERING_SCENARIO_NOT_FIELD_VERIFIED,PENDING
LV:sx2841624b,sx2841624b,LV_SPLIT_240,False,True,"1,2",1661137.79142853,12284313.1908324,upstream_primary_proxy_NOT_surveyed_customer_geography,l2841624,m1026829,R04,13.987595288772223,NOT_REQUIRED_FOR_SPLIT_PHASE,SOURCE_CUSTOMER_SERVICE_PATH,0.24,PRIMARY_PHASE_2,2,sx2841624b.1.2,transformer.t5355604b,15.0,line.tpx355604b0,156.0,5,3,6,27,0,1,UNVERIFIED,True,ENGINEERING_SCENARIO_NOT_FIELD_VERIFIED,PENDING
LV:sx2841625c,sx2841625c,LV_SPLIT_240,False,True,"1,2",1674152.88059265,12269812.3882589,upstream_primary_proxy_NOT_surveyed_customer_geography,l2841625,m1089112,R01,9.52766459958698,NOT_REQUIRED_FOR_SPLIT_PHASE,SOURCE_CUSTOMER_SERVICE_PATH,0.24,PRIMARY_PHASE_3,3,sx2841625c.1.2,transformer.t5302834c,10.0,line.tpx302834c0,156.0,5,3,6,27,0,1,UNVERIFIED,True,ENGINEERING_SCENARIO_NOT_FIELD_VERIFIED,PENDING
LV:sx2841626c,sx2841626c,LV_SPLIT_240,False,True,"1,2",1674657.26203312,12270642.9096037,upstream_primary_proxy_NOT_surveyed_customer_geography,l2841626,m1089112,R01,8.854105846799913,NOT_REQUIRED_FOR_SPLIT_PHASE,SOURCE_CUSTOMER_SERVICE_PATH,0.24,PRIMARY_PHASE_3,3,sx2841626c.1.2,transformer.t5302808c,10.0,line.tpx302808c0,156.0,5,3,6,27,0,1,UNVERIFIED,True,ENGINEERING_SCENARIO_NOT_FIELD_VERIFIED,PENDING
LV:sx2841627a,sx2841627a,LV_SPLIT_240,False,True,"1,2",1670741.13377347,12272190.3661171,upstream_primary_proxy_NOT_surveyed_customer_geography,l2841627,m1026695,R03,16.31602136881883,NOT_REQUIRED_FOR_SPLIT_PHASE,SOURCE_CUSTOMER_SERVICE_PATH,0.24,PRIMARY_PHASE_1,1,sx2841627a.1.2,transformer.t5337716a,15.0,line.tpx337716a0,156.0,5,3,6,27,0,1,UNVERIFIED,True,ENGINEERING_SCENARIO_NOT_FIELD_VERIFIED,PENDING
LV:sx2841628a,sx2841628a,LV_SPLIT_240,False,True,"1,2",1678277.88437249,12269110.7598423,upstream_primary_proxy_NOT_surveyed_customer_geography,l2841628,m1089141,R01,5.958715645471656,NOT_REQUIRED_FOR_SPLIT_PHASE,SOURCE_CUSTOMER_SERVICE_PATH,0.24,PRIMARY_PHASE_1,1,sx2841628a.1.2,transformer.t28120786a,25.0,line.tpx28120786a0,156.0,5,3,6,27,0,1,UNVERIFIED,True,ENGINEERING_SCENARIO_NOT_FIELD_VERIFIED,PENDING
LV:sx2841629c,sx2841629c,LV_SPLIT_240,False,True,"1,2",1675529.52161793,12267938.2880332,upstream_primary_proxy_NOT_surveyed_customer_geography,l2841629,m1089112,R01,7.645078136803881,NOT_REQUIRED_FOR_SPLIT_PHASE,SOURCE_CUSTOMER_SERVICE_PATH,0.24,PRIMARY_PHASE_3,3,sx2841629c.1.2,transformer.t5138405c,37.5,line.tpx138405c0,156.0,5,3,6,27,0,1,UNVERIFIED,True,ENGINEERING_SCENARIO_NOT_FIELD_VERIFIED,PENDING
LV:sx2841630c,sx2841630c,LV_SPLIT_240,False,True,"1,2",1675977.02190635,12268144.8001614,upstream_primary_proxy_NOT_surveyed_customer_geography,l2841630,m1089112,R01,7.70722377785439,NOT_REQUIRED_FOR_SPLIT_PHASE,SOURCE_CUSTOMER_SERVICE_PATH,0.24,PRIMARY_PHASE_3,3,sx2841630c.1.2,transformer.t5138404c,25.0,line.tpx138404c0,156.0,5,3,6,27,0,1,UNVERIFIED,True,ENGINEERING_SCENARIO_NOT_FIELD_VERIFIED,PENDING
LV:sx2841631c,sx2841631c,LV_SPLIT_240,False,True,"1,2",1663588.59616681,12277002.2404256,upstream_primary_proxy_NOT_surveyed_customer_geography,l2841631,m1026662,R03,12.939952851209467,NOT_REQUIRED_FOR_SPLIT_PHASE,SOURCE_CUSTOMER_SERVICE_PATH,0.24,PRIMARY_PHASE_3,3,sx2841631c.1.2,transformer.t5391976c,25.0,line.tpx391976c0,156.0,5,3,6,27,0,1,UNVERIFIED,True,ENGINEERING_SCENARIO_NOT_FIELD_VERIFIED,PENDING
LV:sx2841632b,sx2841632b,LV_SPLIT_240,False,True,"1,2",1672089.61070273,12283254.8499674,upstream_primary_proxy_NOT_surveyed_customer_geography,l2841632,l2841632,R03,6.9450153540755775,NOT_REQUIRED_FOR_SPLIT_PHASE,SOURCE_CUSTOMER_SERVICE_PATH,0.24,PRIMARY_PHASE_2,2,sx2841632b.1.2,transformer.t5338972b,25.0,line.tpx338972b0,156.0,5,3,6,27,0,1,UNVERIFIED,True,ENGINEERING_SCENARIO_NOT_FIELD_VERIFIED,PENDING
LV:sx2841633a,sx2841633a,LV_SPLIT_240,False,True,"1,2",1667692.41133863,12279664.6486201,upstream_primary_proxy_NOT_surveyed_customer_geography,l2841633,l2841633,R03,9.960091834204746,NOT_REQUIRED_FOR_SPLIT_PHASE,SOURCE_CUSTOMER_SERVICE_PATH,0.24,PRIMARY_PHASE_1,1,sx2841633a.1.2,transformer.t5293645a,25.0,line.tpx293645a0,156.0,5,3,6,27,0,1,UNVERIFIED,True,ENGINEERING_SCENARIO_NOT_FIELD_VERIFIED,PENDING
LV:sx2841634b,sx2841634b,LV_SPLIT_240,False,True,"1,2",1667855.96052279,12277659.4886822,upstream_primary_proxy_NOT_surveyed_customer_geography,l2841634,m1069376,R06,16.020296597289885,NOT_REQUIRED_FOR_SPLIT_PHASE,SOURCE_CUSTOMER_SERVICE_PATH,0.24,PRIMARY_PHASE_2,2,sx2841634b.1.2,transformer.t5392038b,37.5,line.tpx392038b0,156.0,5,3,6,27,0,1,UNVERIFIED,True,ENGINEERING_SCENARIO_NOT_FIELD_VERIFIED,PENDING
LV:sx2841635a,sx2841635a,LV_SPLIT_240,False,True,"1,2",1668890.13089175,12281613.3902539,upstream_primary_proxy_NOT_surveyed_customer_geography,l2841635,l2841635,R03,8.625879408116777,NOT_REQUIRED_FOR_SPLIT_PHASE,SOURCE_CUSTOMER_SERVICE_PATH,0.24,PRIMARY_PHASE_1,1,sx2841635a.1.2,transformer.t21399099a,15.0,line.tpx21399099a0,156.0,5,3,6,27,0,1,UNVERIFIED,True,ENGINEERING_SCENARIO_NOT_FIELD_VERIFIED,PENDING
LV:sx2841636b,sx2841636b,LV_SPLIT_240,False,True,"1,2",1666311.51047335,12259640.7300095,upstream_primary_proxy_NOT_surveyed_customer_geography,l2841636,m1026328,R08,14.835167587167879,NOT_REQUIRED_FOR_SPLIT_PHASE,SOURCE_CUSTOMER_SERVICE_PATH,0.24,PRIMARY_PHASE_2,2,sx2841636b.1.2,transformer.t5391758b,15.0,line.tpx391758b0,156.0,5,3,6,27,0,1,UNVERIFIED,True,ENGINEERING_SCENARIO_NOT_FIELD_VERIFIED,PENDING
LV:sx2841637c,sx2841637c,LV_SPLIT_240,False,True,"1,2",1668397.68929129,12263650.3986212,upstream_primary_proxy_NOT_surveyed_customer_geography,l2841637,m1047303,R08,13.350585027983074,NOT_REQUIRED_FOR_SPLIT_PHASE,SOURCE_CUSTOMER_SERVICE_PATH,0.24,PRIMARY_PHASE_3,3,sx2841637c.1.2,transformer.t5293492c,25.0,line.tpx293492c0,156.0,5,3,6,27,0,1,UNVERIFIED,True,ENGINEERING_SCENARIO_NOT_FIELD_VERIFIED,PENDING
LV:sx2841638c,sx2841638c,LV_SPLIT_240,False,True,"1,2",1672682.71150328,12265745.3101111,upstream_primary_proxy_NOT_surveyed_customer_geography,l2841638,m1069136,R08,9.784540733539467,NOT_REQUIRED_FOR_SPLIT_PHASE,SOURCE_CUSTOMER_SERVICE_PATH,0.24,PRIMARY_PHASE_3,3,sx2841638c.1.2,transformer.t5138641c,15.0,line.tpx138641c0,156.0,5,3,6,27,0,1,UNVERIFIED,True,ENGINEERING_SCENARIO_NOT_FIELD_VERIFIED,PENDING
LV:sx2841639a,sx2841639a,LV_SPLIT_240,False,True,"1,2",1666891.38938589,12284723.2700648,upstream_primary_proxy_NOT_surveyed_customer_geography,l2841639,m1026854,R05,9.321988244549582,NOT_REQUIRED_FOR_SPLIT_PHASE,SOURCE_CUSTOMER_SERVICE_PATH,0.24,PRIMARY_PHASE_1,1,sx2841639a.1.2,transformer.t5355937a,25.0,line.tpx355937a0,156.0,5,3,6,27,0,1,UNVERIFIED,True,ENGINEERING_SCENARIO_NOT_FIELD_VERIFIED,PENDING
LV:sx2841641b,sx2841641b,LV_SPLIT_240,False,True,"1,2",1674662.30830512,12285532.2218736,upstream_primary_proxy_NOT_surveyed_customer_geography,l2841641,m1069533,R03,7.292370586776619,NOT_REQUIRED_FOR_SPLIT_PHASE,SOURCE_CUSTOMER_SERVICE_PATH,0.24,PRIMARY_PHASE_2,2,sx2841641b.1.2,transformer.t21380156b,15.0,line.tpx21380156b0,156.0,5,3,6,27,0,1,UNVERIFIED,True,ENGINEERING_SCENARIO_NOT_FIELD_VERIFIED,PENDING
LV:sx2841645c,sx2841645c,LV_SPLIT_240,False,True,"1,2",1667343.78849031,12293415.3916729,upstream_primary_proxy_NOT_surveyed_customer_geography,l2841645,m1027043,R04,15.75568243639307,NOT_REQUIRED_FOR_SPLIT_PHASE,SOURCE_CUSTOMER_SERVICE_PATH,0.24,PRIMARY_PHASE_3,3,sx2841645c.1.2,transformer.t5321893c,25.0,line.tpx321893c0,156.0,5,3,6,27,0,1,UNVERIFIED,True,ENGINEERING_SCENARIO_NOT_FIELD_VERIFIED,PENDING
LV:sx2841648a,sx2841648a,LV_SPLIT_240,False,True,"1,2",1671570.81953425,12272898.4703098,upstream_primary_proxy_NOT_surveyed_customer_geography,l2841648,m1026695,R03,15.914058176565765,NOT_REQUIRED_FOR_SPLIT_PHASE,SOURCE_CUSTOMER_SERVICE_PATH,0.24,PRIMARY_PHASE_1,1,sx2841648a.1.2,transformer.t5337720a,15.0,line.tpx337720a0,156.0,5,3,6,27,0,1,UNVERIFIED,True,ENGINEERING_SCENARIO_NOT_FIELD_VERIFIED,PENDING
LV:sx2842329c,sx2842329c,LV_SPLIT_240,False,True,"1,2",1683567.45877742,12277930.5087145,upstream_primary_proxy_NOT_surveyed_customer_geography,l2842329,m1125952,R07,3.264914441835944,NOT_REQUIRED_FOR_SPLIT_PHASE,SOURCE_CUSTOMER_SERVICE_PATH,0.24,PRIMARY_PHASE_3,3,sx2842329c.1.2,transformer.t5260568c,15.0,line.tpx260568c0,156.0,5,3,6,27,0,1,UNVERIFIED,True,ENGINEERING_SCENARIO_NOT_FIELD_VERIFIED,PENDING
LV:sx2842330c,sx2842330c,LV_SPLIT_240,False,True,"1,2",1681417.14888742,12283859.182,upstream_primary_proxy_NOT_surveyed_customer_geography,l2842330,m1108529,R02,5.320808382677139,NOT_REQUIRED_FOR_SPLIT_PHASE,SOURCE_CUSTOMER_SERVICE_PATH,0.24,PRIMARY_PHASE_3,3,sx2842330c.1.2,transformer.t5356795c,25.0,line.tpx356795c0,156.0,5,3,6,27,0,1,UNVERIFIED,True,ENGINEERING_SCENARIO_NOT_FIELD_VERIFIED,PENDING
LV:sx2842379a,sx2842379a,LV_SPLIT_240,False,True,"1,2",1682835.42165674,12273715.5199106,upstream_primary_proxy_NOT_surveyed_customer_geography,l2842379,m1125919,R07,3.342797262126932,NOT_REQUIRED_FOR_SPLIT_PHASE,SOURCE_CUSTOMER_SERVICE_PATH,0.24,PRIMARY_PHASE_1,1,sx2842379a.1.2,transformer.t5260488a,37.5,line.tpx260488a0,156.0,5,3,6,27,0,1,UNVERIFIED,True,ENGINEERING_SCENARIO_NOT_FIELD_VERIFIED,PENDING
LV:sx2842383a,sx2842383a,LV_SPLIT_240,False,True,"1,2",1687854.07842941,12275449.4714002,upstream_primary_proxy_NOT_surveyed_customer_geography,l2842383,l2842383,R07,1.7161601169916982,NOT_REQUIRED_FOR_SPLIT_PHASE,SOURCE_CUSTOMER_SERVICE_PATH,0.24,PRIMARY_PHASE_1,1,sx2842383a.1.2,transformer.t5260634a,15.0,line.tpx260634a0,156.0,5,3,6,27,0,1,UNVERIFIED,True,ENGINEERING_SCENARIO_NOT_FIELD_VERIFIED,PENDING
LV:sx2842384c,sx2842384c,LV_SPLIT_240,False,True,"1,2",1687518.7307171,12275440.5585042,upstream_primary_proxy_NOT_surveyed_customer_geography,l2842384,l2842384,R07,1.7941669088793049,NOT_REQUIRED_FOR_SPLIT_PHASE,SOURCE_CUSTOMER_SERVICE_PATH,0.24,PRIMARY_PHASE_3,3,sx2842384c.1.2,transformer.t5260637c,10.0,line.tpx260637c0,156.0,5,3,6,27,0,1,UNVERIFIED,True,ENGINEERING_SCENARIO_NOT_FIELD_VERIFIED,PENDING
LV:sx2842390c,sx2842390c,LV_SPLIT_240,False,True,"1,2",1681437.42818343,12273947.3289348,upstream_primary_proxy_NOT_surveyed_customer_geography,l2842390,m1108315,R01,6.46954363399699,NOT_REQUIRED_FOR_SPLIT_PHASE,SOURCE_CUSTOMER_SERVICE_PATH,0.24,PRIMARY_PHASE_3,3,sx2842390c.1.2,transformer.t21325725c,15.0,line.tpx21325725c0,156.0,5,3,6,27,0,1,UNVERIFIED,True,ENGINEERING_SCENARIO_NOT_FIELD_VERIFIED,PENDING
LV:sx2851933a,sx2851933a,LV_SPLIT_240,False,True,"1,2",1665852.21780092,12278449.914283,upstream_primary_proxy_NOT_surveyed_customer_geography,l2851933,l2851933,R03,11.773832661259434,NOT_REQUIRED_FOR_SPLIT_PHASE,SOURCE_CUSTOMER_SERVICE_PATH,0.24,PRIMARY_PHASE_1,1,sx2851933a.1.2,transformer.t21393643a,25.0,line.tpx21393643a0,156.0,5,3,6,27,0,1,UNVERIFIED,True,ENGINEERING_SCENARIO_NOT_FIELD_VERIFIED,PENDING
LV:sx2851933b,sx2851933b,LV_SPLIT_240,False,True,"1,2",1665852.21780092,12278449.914283,upstream_primary_proxy_NOT_surveyed_customer_geography,l2851933,l2851933,R03,11.773832661259434,NOT_REQUIRED_FOR_SPLIT_PHASE,SOURCE_CUSTOMER_SERVICE_PATH,0.24,PRIMARY_PHASE_2,2,sx2851933b.1.2,transformer.t21393643b,25.0,line.tpx21393643b0,156.0,5,3,6,27,0,1,UNVERIFIED,True,ENGINEERING_SCENARIO_NOT_FIELD_VERIFIED,PENDING
LV:sx2851933c,sx2851933c,LV_SPLIT_240,False,True,"1,2",1665852.21780092,12278449.914283,upstream_primary_proxy_NOT_surveyed_customer_geography,l2851933,l2851933,R03,11.773832661259434,NOT_REQUIRED_FOR_SPLIT_PHASE,SOURCE_CUSTOMER_SERVICE_PATH,0.24,PRIMARY_PHASE_3,3,sx2851933c.1.2,transformer.t21393643c,37.5,line.tpx21393643c0,156.0,5,3,6,27,0,1,UNVERIFIED,True,ENGINEERING_SCENARIO_NOT_FIELD_VERIFIED,PENDING
LV:sx2857591a,sx2857591a,LV_SPLIT_240,False,True,"1,2",1665826.1467609,12282552.0582868,upstream_primary_proxy_NOT_surveyed_customer_geography,l2857591,m1026851,R04,10.35234754400656,NOT_REQUIRED_FOR_SPLIT_PHASE,SOURCE_CUSTOMER_SERVICE_PATH,0.24,PRIMARY_PHASE_1,1,sx2857591a.1.2,transformer.t226101460a,15.0,line.tpx226101460a0,156.0,5,3,6,27,0,1,UNVERIFIED,True,ENGINEERING_SCENARIO_NOT_FIELD_VERIFIED,PENDING
LV:sx2858163a,sx2858163a,LV_SPLIT_240,False,True,"1,2",1663378.61472662,12279196.7994037,upstream_primary_proxy_NOT_surveyed_customer_geography,l2858163,m1009770,R04,14.221216726874552,NOT_REQUIRED_FOR_SPLIT_PHASE,SOURCE_CUSTOMER_SERVICE_PATH,0.24,PRIMARY_PHASE_1,1,sx2858163a.1.2,transformer.t5391990a,15.0,line.tpx391990a0,156.0,5,3,6,27,0,1,UNVERIFIED,True,ENGINEERING_SCENARIO_NOT_FIELD_VERIFIED,PENDING
LV:sx2858166a,sx2858166a,LV_SPLIT_240,False,True,"1,2",1670253.61966102,12282586.8619988,upstream_primary_proxy_NOT_surveyed_customer_geography,l2858166,l2858166,R05,7.652908798239668,NOT_REQUIRED_FOR_SPLIT_PHASE,SOURCE_CUSTOMER_SERVICE_PATH,0.24,PRIMARY_PHASE_1,1,sx2858166a.1.2,transformer.t226192994a,10.0,line.tpx226192994a0,156.0,5,3,6,27,0,1,UNVERIFIED,True,ENGINEERING_SCENARIO_NOT_FIELD_VERIFIED,PENDING
LV:sx2858175a,sx2858175a,LV_SPLIT_240,False,True,"1,2",1663085.28787834,12295128.5764425,upstream_primary_proxy_NOT_surveyed_customer_geography,l2858175,m1027055,R04,16.70311980984763,NOT_REQUIRED_FOR_SPLIT_PHASE,SOURCE_CUSTOMER_SERVICE_PATH,0.24,PRIMARY_PHASE_1,1,sx2858175a.1.2,transformer.t225668688a,15.0,line.tpx225668688a0,156.0,5,3,6,27,0,1,UNVERIFIED,True,ENGINEERING_SCENARIO_NOT_FIELD_VERIFIED,PENDING
LV:sx2859391b,sx2859391b,LV_SPLIT_240,False,True,"1,2",1662332.48813364,12281385.3126857,upstream_primary_proxy_NOT_surveyed_customer_geography,l2859391,m1009763,R04,13.327412837438855,NOT_REQUIRED_FOR_SPLIT_PHASE,SOURCE_CUSTOMER_SERVICE_PATH,0.24,PRIMARY_PHASE_2,2,sx2859391b.1.2,transformer.t227989724b,25.0,line.tpx227989724b0,156.0,5,3,6,27,0,1,UNVERIFIED,True,ENGINEERING_SCENARIO_NOT_FIELD_VERIFIED,PENDING
LV:sx2859403a,sx2859403a,LV_SPLIT_240,False,True,"1,2",1681580.12463157,12279757.8080442,upstream_primary_proxy_NOT_surveyed_customer_geography,l2859403,l2859403,R02,3.6983363521064985,NOT_REQUIRED_FOR_SPLIT_PHASE,SOURCE_CUSTOMER_SERVICE_PATH,0.24,PRIMARY_PHASE_1,1,sx2859403a.1.2,transformer.t228001810a,25.0,line.tpx228001810a0,156.0,5,3,6,27,0,1,UNVERIFIED,True,ENGINEERING_SCENARIO_NOT_FIELD_VERIFIED,PENDING
LV:sx2860477a,sx2860477a,LV_SPLIT_240,False,True,"1,2",1666589.98522561,12287350.2355713,upstream_primary_proxy_NOT_surveyed_customer_geography,l2860477,m1026854,R05,11.35703138196451,NOT_REQUIRED_FOR_SPLIT_PHASE,SOURCE_CUSTOMER_SERVICE_PATH,0.24,PRIMARY_PHASE_1,1,sx2860477a.1.2,transformer.t28121587a,15.0,line.tpx28121587a0,156.0,5,3,6,27,0,1,UNVERIFIED,True,ENGINEERING_SCENARIO_NOT_FIELD_VERIFIED,PENDING
LV:sx2860478b,sx2860478b,LV_SPLIT_240,False,True,"1,2",1661545.29837291,12284136.4689123,upstream_primary_proxy_NOT_surveyed_customer_geography,l2860478,m1026829,R04,12.762458328064046,NOT_REQUIRED_FOR_SPLIT_PHASE,SOURCE_CUSTOMER_SERVICE_PATH,0.24,PRIMARY_PHASE_2,2,sx2860478b.1.2,transformer.t5355590b,15.0,line.tpx355590b0,156.0,5,3,6,27,0,1,UNVERIFIED,True,ENGINEERING_SCENARIO_NOT_FIELD_VERIFIED,PENDING
LV:sx2860479b,sx2860479b,LV_SPLIT_240,False,True,"1,2",1660685.33907611,12283874.288048,upstream_primary_proxy_NOT_surveyed_customer_geography,l2860479,m1026829,R04,13.11352388399896,NOT_REQUIRED_FOR_SPLIT_PHASE,SOURCE_CUSTOMER_SERVICE_PATH,0.24,PRIMARY_PHASE_2,2,sx2860479b.1.2,transformer.t5355595b,10.0,line.tpx355595b0,156.0,5,3,6,27,0,1,UNVERIFIED,True,ENGINEERING_SCENARIO_NOT_FIELD_VERIFIED,PENDING
LV:sx2860480b,sx2860480b,LV_SPLIT_240,False,True,"1,2",1668162.21025107,12295141.7286985,upstream_primary_proxy_NOT_surveyed_customer_geography,l2860480,m1047763,R05,16.20273584312887,NOT_REQUIRED_FOR_SPLIT_PHASE,SOURCE_CUSTOMER_SERVICE_PATH,0.24,PRIMARY_PHASE_2,2,sx2860480b.1.2,transformer.t5323234b,25.0,line.tpx323234b0,156.0,5,3,6,27,0,1,UNVERIFIED,True,ENGINEERING_SCENARIO_NOT_FIELD_VERIFIED,PENDING
LV:sx2860481c,sx2860481c,LV_SPLIT_240,False,True,"1,2",1669480.6389243,12286631.2196346,upstream_primary_proxy_NOT_surveyed_customer_geography,l2860481,m1047732,R05,10.616898163880675,NOT_REQUIRED_FOR_SPLIT_PHASE,SOURCE_CUSTOMER_SERVICE_PATH,0.24,PRIMARY_PHASE_3,3,sx2860481c.1.2,transformer.t5338908c,10.0,line.tpx338908c0,156.0,5,3,6,27,0,1,UNVERIFIED,True,ENGINEERING_SCENARIO_NOT_FIELD_VERIFIED,PENDING
LV:sx2860482a,sx2860482a,LV_SPLIT_240,False,True,"1,2",1671744.12948641,12280088.3019965,upstream_primary_proxy_NOT_surveyed_customer_geography,l2860482,m1047486,R06,9.53818154579508,NOT_REQUIRED_FOR_SPLIT_PHASE,SOURCE_CUSTOMER_SERVICE_PATH,0.24,PRIMARY_PHASE_1,1,sx2860482a.1.2,transformer.t5338954a,25.0,line.tpx338954a0,156.0,5,3,6,27,0,1,UNVERIFIED,True,ENGINEERING_SCENARIO_NOT_FIELD_VERIFIED,PENDING
LV:sx2860483b,sx2860483b,LV_SPLIT_240,False,True,"1,2",1668221.44250713,12289426.6986772,upstream_primary_proxy_NOT_surveyed_customer_geography,l2860483,m1047763,R05,12.903609478754916,NOT_REQUIRED_FOR_SPLIT_PHASE,SOURCE_CUSTOMER_SERVICE_PATH,0.24,PRIMARY_PHASE_2,2,sx2860483b.1.2,transformer.t21396699b,25.0,line.tpx21396699b0,156.0,5,3,6,27,0,1,UNVERIFIED,True,ENGINEERING_SCENARIO_NOT_FIELD_VERIFIED,PENDING
LV:sx2860484b,sx2860484b,LV_SPLIT_240,False,True,"1,2",1670121.7817089,12289005.5192848,upstream_primary_proxy_NOT_surveyed_customer_geography,l2860484,m1047763,R05,11.890104339997832,NOT_REQUIRED_FOR_SPLIT_PHASE,SOURCE_CUSTOMER_SERVICE_PATH,0.24,PRIMARY_PHASE_2,2,sx2860484b.1.2,transformer.t5323255b,15.0,line.tpx323255b0,156.0,5,3,6,27,0,1,UNVERIFIED,True,ENGINEERING_SCENARIO_NOT_FIELD_VERIFIED,PENDING
LV:sx2860485b,sx2860485b,LV_SPLIT_240,False,True,"1,2",1664577.64090373,12292312.4617519,upstream_primary_proxy_NOT_surveyed_customer_geography,l2860485,m1027013,R04,13.883635618506817,NOT_REQUIRED_FOR_SPLIT_PHASE,SOURCE_CUSTOMER_SERVICE_PATH,0.24,PRIMARY_PHASE_2,2,sx2860485b.1.2,transformer.t5321855b,15.0,line.tpx321855b0,156.0,5,3,6,27,0,1,UNVERIFIED,True,ENGINEERING_SCENARIO_NOT_FIELD_VERIFIED,PENDING
LV:sx2860486c,sx2860486c,LV_SPLIT_240,False,True,"1,2",1673871.71886439,12270757.1716198,upstream_primary_proxy_NOT_surveyed_customer_geography,l2860486,m1089112,R01,9.480282711317782,NOT_REQUIRED_FOR_SPLIT_PHASE,SOURCE_CUSTOMER_SERVICE_PATH,0.24,PRIMARY_PHASE_3,3,sx2860486c.1.2,transformer.t28127390c,15.0,line.tpx28127390c0,156.0,5,3,6,27,0,1,UNVERIFIED,True,ENGINEERING_SCENARIO_NOT_FIELD_VERIFIED,PENDING
LV:sx2860487c,sx2860487c,LV_SPLIT_240,False,True,"1,2",1675290.42990571,12268398.2401616,upstream_primary_proxy_NOT_surveyed_customer_geography,l2860487,m1069189,R01,7.684915738868456,NOT_REQUIRED_FOR_SPLIT_PHASE,SOURCE_CUSTOMER_SERVICE_PATH,0.24,PRIMARY_PHASE_3,3,sx2860487c.1.2,transformer.t5138586c,15.0,line.tpx138586c0,156.0,5,3,6,27,0,1,UNVERIFIED,True,ENGINEERING_SCENARIO_NOT_FIELD_VERIFIED,PENDING
LV:sx2860488b,sx2860488b,LV_SPLIT_240,False,True,"1,2",1663444.20807068,12257487.1187434,upstream_primary_proxy_NOT_surveyed_customer_geography,l2860488,m1026328,R08,16.96897182031349,NOT_REQUIRED_FOR_SPLIT_PHASE,SOURCE_CUSTOMER_SERVICE_PATH,0.24,PRIMARY_PHASE_2,2,sx2860488b.1.2,transformer.t5391751b,25.0,line.tpx391751b0,156.0,5,3,6,27,0,1,UNVERIFIED,True,ENGINEERING_SCENARIO_NOT_FIELD_VERIFIED,PENDING
LV:sx2860489a,sx2860489a,LV_SPLIT_240,False,True,"1,2",1667537.04186649,12261657.7110033,upstream_primary_proxy_NOT_surveyed_customer_geography,l2860489,m1026341,R08,14.678014803817911,NOT_REQUIRED_FOR_SPLIT_PHASE,SOURCE_CUSTOMER_SERVICE_PATH,0.24,PRIMARY_PHASE_1,1,sx2860489a.1.2,transformer.t5302405a,15.0,line.tpx302405a0,156.0,5,3,6,27,0,1,UNVERIFIED,True,ENGINEERING_SCENARIO_NOT_FIELD_VERIFIED,PENDING
LV:sx2860490a,sx2860490a,LV_SPLIT_240,False,True,"1,2",1672218.17185485,12264992.4202544,upstream_primary_proxy_NOT_surveyed_customer_geography,l2860490,l2860490,R08,10.178202024445302,NOT_REQUIRED_FOR_SPLIT_PHASE,SOURCE_CUSTOMER_SERVICE_PATH,0.24,PRIMARY_PHASE_1,1,sx2860490a.1.2,transformer.t5138719a,25.0,line.tpx138719a0,156.0,5,3,6,27,0,1,UNVERIFIED,True,ENGINEERING_SCENARIO_NOT_FIELD_VERIFIED,PENDING
LV:sx2860491a,sx2860491a,LV_SPLIT_240,False,True,"1,2",1671346.44065404,12264185.5287337,upstream_primary_proxy_NOT_surveyed_customer_geography,l2860491,l2860491,R08,10.86309270628168,NOT_REQUIRED_FOR_SPLIT_PHASE,SOURCE_CUSTOMER_SERVICE_PATH,0.24,PRIMARY_PHASE_1,1,sx2860491a.1.2,transformer.t5302733a,10.0,line.tpx302733a0,156.0,5,3,6,27,0,1,UNVERIFIED,True,ENGINEERING_SCENARIO_NOT_FIELD_VERIFIED,PENDING
LV:sx2860491b,sx2860491b,LV_SPLIT_240,False,True,"1,2",1671346.44065404,12264185.5287337,upstream_primary_proxy_NOT_surveyed_customer_geography,l2860491,l2860491,R08,10.86309270628168,NOT_REQUIRED_FOR_SPLIT_PHASE,SOURCE_CUSTOMER_SERVICE_PATH,0.24,PRIMARY_PHASE_2,2,sx2860491b.1.2,transformer.t5302733b,37.5,line.tpx302733b0,156.0,5,3,6,27,0,1,UNVERIFIED,True,ENGINEERING_SCENARIO_NOT_FIELD_VERIFIED,PENDING
LV:sx2860492c,sx2860492c,LV_SPLIT_240,False,True,"1,2",1672549.25972716,12266013.1844154,upstream_primary_proxy_NOT_surveyed_customer_geography,l2860492,m1069136,R08,9.91556118937352,NOT_REQUIRED_FOR_SPLIT_PHASE,SOURCE_CUSTOMER_SERVICE_PATH,0.24,PRIMARY_PHASE_3,3,sx2860492c.1.2,transformer.t21395720c,15.0,line.tpx21395720c0,156.0,5,3,6,27,0,1,UNVERIFIED,True,ENGINEERING_SCENARIO_NOT_FIELD_VERIFIED,PENDING
LV:sx2860493a,sx2860493a,LV_SPLIT_240,False,True,"1,2",1664964.77024809,12279012.3483315,upstream_primary_proxy_NOT_surveyed_customer_geography,l2860493,m1026701,R03,12.41586793971321,NOT_REQUIRED_FOR_SPLIT_PHASE,SOURCE_CUSTOMER_SERVICE_PATH,0.24,PRIMARY_PHASE_1,1,sx2860493a.1.2,transformer.t21397645a,25.0,line.tpx21397645a0,156.0,5,3,6,27,0,1,UNVERIFIED,True,ENGINEERING_SCENARIO_NOT_FIELD_VERIFIED,PENDING
LV:sx2860499b,sx2860499b,LV_SPLIT_240,False,True,"1,2",1674304.25236879,12286384.7059704,upstream_primary_proxy_NOT_surveyed_customer_geography,l2860499,m1069533,R03,7.282333285627113,NOT_REQUIRED_FOR_SPLIT_PHASE,SOURCE_CUSTOMER_SERVICE_PATH,0.24,PRIMARY_PHASE_2,2,sx2860499b.1.2,transformer.t5338997b,50.0,line.tpx338997b0,156.0,5,3,6,27,0,1,UNVERIFIED,True,ENGINEERING_SCENARIO_NOT_FIELD_VERIFIED,PENDING
LV:sx2860500b,sx2860500b,LV_SPLIT_240,False,True,"1,2",1671019.78874973,12290279.031222,upstream_primary_proxy_NOT_surveyed_customer_geography,l2860500,m1047763,R05,12.714989470369682,NOT_REQUIRED_FOR_SPLIT_PHASE,SOURCE_CUSTOMER_SERVICE_PATH,0.24,PRIMARY_PHASE_2,2,sx2860500b.1.2,transformer.t5323274b,15.0,line.tpx323274b0,156.0,5,3,6,27,0,1,UNVERIFIED,True,ENGINEERING_SCENARIO_NOT_FIELD_VERIFIED,PENDING
LV:sx2860501b,sx2860501b,LV_SPLIT_240,False,True,"1,2",1670555.7692933,12288681.5379725,upstream_primary_proxy_NOT_surveyed_customer_geography,l2860501,m1047763,R05,11.692529990379747,NOT_REQUIRED_FOR_SPLIT_PHASE,SOURCE_CUSTOMER_SERVICE_PATH,0.24,PRIMARY_PHASE_2,2,sx2860501b.1.2,transformer.t5323265b,25.0,line.tpx323265b0,156.0,5,3,6,27,0,1,UNVERIFIED,True,ENGINEERING_SCENARIO_NOT_FIELD_VERIFIED,PENDING
LV:sx2860504a,sx2860504a,LV_SPLIT_240,False,True,"1,2",1664980.35143211,12278329.3198509,upstream_primary_proxy_NOT_surveyed_customer_geography,l2860504,m1026701,R03,12.116564886060548,NOT_REQUIRED_FOR_SPLIT_PHASE,SOURCE_CUSTOMER_SERVICE_PATH,0.24,PRIMARY_PHASE_1,1,sx2860504a.1.2,transformer.t5293667a,15.0,line.tpx293667a0,156.0,5,3,6,27,0,1,UNVERIFIED,True,ENGINEERING_SCENARIO_NOT_FIELD_VERIFIED,PENDING
LV:sx2860506b,sx2860506b,LV_SPLIT_240,False,True,"1,2",1663902.0917191,12292287.3000239,upstream_primary_proxy_NOT_surveyed_customer_geography,l2860506,m1027013,R04,14.182923949835375,NOT_REQUIRED_FOR_SPLIT_PHASE,SOURCE_CUSTOMER_SERVICE_PATH,0.24,PRIMARY_PHASE_2,2,sx2860506b.1.2,transformer.t5321856b,15.0,line.tpx321856b0,156.0,5,3,6,27,0,1,UNVERIFIED,True,ENGINEERING_SCENARIO_NOT_FIELD_VERIFIED,PENDING
LV:sx2861157c,sx2861157c,LV_SPLIT_240,False,True,"1,2",1691680.49200097,12281568.2318539,upstream_primary_proxy_NOT_surveyed_customer_geography,l2861157,m1209800,R07,3.663610179052574,NOT_REQUIRED_FOR_SPLIT_PHASE,SOURCE_CUSTOMER_SERVICE_PATH,0.24,PRIMARY_PHASE_3,3,sx2861157c.1.2,transformer.t5251867c,25.0,line.tpx251867c0,156.0,5,3,6,27,0,1,UNVERIFIED,True,ENGINEERING_SCENARIO_NOT_FIELD_VERIFIED,PENDING
LV:sx2861158c,sx2861158c,LV_SPLIT_240,False,True,"1,2",1686796.48303643,12284325.7737444,upstream_primary_proxy_NOT_surveyed_customer_geography,l2861158,m1209800,R07,6.953922151152572,NOT_REQUIRED_FOR_SPLIT_PHASE,SOURCE_CUSTOMER_SERVICE_PATH,0.24,PRIMARY_PHASE_3,3,sx2861158c.1.2,transformer.t5251858c,25.0,line.tpx251858c0,156.0,5,3,6,27,0,1,UNVERIFIED,True,ENGINEERING_SCENARIO_NOT_FIELD_VERIFIED,PENDING
LV:sx2861197c,sx2861197c,LV_SPLIT_240,False,True,"1,2",1683049.99880894,12277521.1380901,upstream_primary_proxy_NOT_surveyed_customer_geography,l2861197,m1125962,R07,3.1674339829792078,NOT_REQUIRED_FOR_SPLIT_PHASE,SOURCE_CUSTOMER_SERVICE_PATH,0.24,PRIMARY_PHASE_3,3,sx2861197c.1.2,transformer.t21474711c,15.0,line.tpx21474711c0,156.0,5,3,6,27,0,1,UNVERIFIED,True,ENGINEERING_SCENARIO_NOT_FIELD_VERIFIED,PENDING
LV:sx2861218c,sx2861218c,LV_SPLIT_240,False,True,"1,2",1682656.66812057,12272704.4100216,upstream_primary_proxy_NOT_surveyed_customer_geography,l2861218,l2861218,R01,3.1442392680601685,NOT_REQUIRED_FOR_SPLIT_PHASE,SOURCE_CUSTOMER_SERVICE_PATH,0.24,PRIMARY_PHASE_3,3,sx2861218c.1.2,transformer.t5260505c,25.0,line.tpx260505c0,156.0,5,3,6,27,0,1,UNVERIFIED,True,ENGINEERING_SCENARIO_NOT_FIELD_VERIFIED,PENDING
LV:sx2861219b,sx2861219b,LV_SPLIT_240,False,True,"1,2",1684644.84194642,12274039.3005189,upstream_primary_proxy_NOT_surveyed_customer_geography,l2861219,m1142819,R07,2.6900831491711577,NOT_REQUIRED_FOR_SPLIT_PHASE,SOURCE_CUSTOMER_SERVICE_PATH,0.24,PRIMARY_PHASE_2,2,sx2861219b.1.2,transformer.t21389761b,25.0,line.tpx21389761b0,156.0,5,3,6,27,0,1,UNVERIFIED,True,ENGINEERING_SCENARIO_NOT_FIELD_VERIFIED,PENDING
LV:sx2861222a,sx2861222a,LV_SPLIT_240,False,True,"1,2",1684198.23049001,12272877.8920058,upstream_primary_proxy_NOT_surveyed_customer_geography,l2861222,m1142815,R07,3.6004226749955226,NOT_REQUIRED_FOR_SPLIT_PHASE,SOURCE_CUSTOMER_SERVICE_PATH,0.24,PRIMARY_PHASE_1,1,sx2861222a.1.2,transformer.t5260473a,37.5,line.tpx260473a0,156.0,5,3,6,27,0,1,UNVERIFIED,True,ENGINEERING_SCENARIO_NOT_FIELD_VERIFIED,PENDING
LV:sx2861223b,sx2861223b,LV_SPLIT_240,False,True,"1,2",1690968.05014431,12274277.5402631,upstream_primary_proxy_NOT_surveyed_customer_geography,l2861223,m1186061,R07,1.4117395064473495,NOT_REQUIRED_FOR_SPLIT_PHASE,SOURCE_CUSTOMER_SERVICE_PATH,0.24,PRIMARY_PHASE_2,2,sx2861223b.1.2,transformer.t5260461b,25.0,line.tpx260461b0,156.0,5,3,6,27,0,1,UNVERIFIED,True,ENGINEERING_SCENARIO_NOT_FIELD_VERIFIED,PENDING
LV:sx2862616c,sx2862616c,LV_SPLIT_240,False,True,"1,2",1673272.08494383,12272661.8443896,upstream_primary_proxy_NOT_surveyed_customer_geography,l2862616,m1069311,R06,13.494279308527473,NOT_REQUIRED_FOR_SPLIT_PHASE,SOURCE_CUSTOMER_SERVICE_PATH,0.24,PRIMARY_PHASE_3,3,sx2862616c.1.2,transformer.t227447984c,75.0,line.tpx227447984c0,156.0,5,3,6,27,0,1,UNVERIFIED,True,ENGINEERING_SCENARIO_NOT_FIELD_VERIFIED,PENDING
LV:sx2875754c,sx2875754c,LV_SPLIT_240,False,True,"1,2",1681057.91739908,12272155.8081651,upstream_primary_proxy_NOT_surveyed_customer_geography,l2875754,m1108315,R01,3.9583664214211565,NOT_REQUIRED_FOR_SPLIT_PHASE,SOURCE_CUSTOMER_SERVICE_PATH,0.24,PRIMARY_PHASE_3,3,sx2875754c.1.2,transformer.t225897943c,50.0,line.tpx225897943c0,156.0,5,3,6,27,0,1,UNVERIFIED,True,ENGINEERING_SCENARIO_NOT_FIELD_VERIFIED,PENDING
LV:sx2876796a,sx2876796a,LV_SPLIT_240,False,True,"1,2",1670502.11988525,12288298.0540681,upstream_primary_proxy_NOT_surveyed_customer_geography,l2876796,m1047763,R05,11.609085481716205,NOT_REQUIRED_FOR_SPLIT_PHASE,SOURCE_CUSTOMER_SERVICE_PATH,0.24,PRIMARY_PHASE_1,1,sx2876796a.1.2,transformer.t226193338a,15.0,line.tpx226193338a0,156.0,5,3,6,27,0,1,UNVERIFIED,True,ENGINEERING_SCENARIO_NOT_FIELD_VERIFIED,PENDING
LV:sx2876797a,sx2876797a,LV_SPLIT_240,False,True,"1,2",1670275.23015704,12288092.352948,upstream_primary_proxy_NOT_surveyed_customer_geography,l2876797,l2876797,R05,11.221794425441301,NOT_REQUIRED_FOR_SPLIT_PHASE,SOURCE_CUSTOMER_SERVICE_PATH,0.24,PRIMARY_PHASE_1,1,sx2876797a.1.2,transformer.t226193345a,15.0,line.tpx226193345a0,156.0,5,3,6,27,0,1,UNVERIFIED,True,ENGINEERING_SCENARIO_NOT_FIELD_VERIFIED,PENDING
LV:sx2876798b,sx2876798b,LV_SPLIT_240,False,True,"1,2",1674023.65998453,12278355.8906029,upstream_primary_proxy_NOT_surveyed_customer_geography,l2876798,l2876798,R06,10.411488521969877,NOT_REQUIRED_FOR_SPLIT_PHASE,SOURCE_CUSTOMER_SERVICE_PATH,0.24,PRIMARY_PHASE_2,2,sx2876798b.1.2,transformer.t226193745b,25.0,line.tpx226193745b0,156.0,5,3,6,27,0,1,UNVERIFIED,True,ENGINEERING_SCENARIO_NOT_FIELD_VERIFIED,PENDING
LV:sx2876812a,sx2876812a,LV_SPLIT_240,False,True,"1,2",1663772.82195898,12295511.6384589,upstream_primary_proxy_NOT_surveyed_customer_geography,l2876812,m1027055,R04,15.918581531580594,NOT_REQUIRED_FOR_SPLIT_PHASE,SOURCE_CUSTOMER_SERVICE_PATH,0.24,PRIMARY_PHASE_1,1,sx2876812a.1.2,transformer.t5321880a,15.0,line.tpx321880a0,156.0,5,3,6,27,0,1,UNVERIFIED,True,ENGINEERING_SCENARIO_NOT_FIELD_VERIFIED,PENDING
LV:sx2876813a,sx2876813a,LV_SPLIT_240,False,True,"1,2",1665645.05850473,12283882.320304,upstream_primary_proxy_NOT_surveyed_customer_geography,l2876813,m1026851,R04,9.579020453148816,NOT_REQUIRED_FOR_SPLIT_PHASE,SOURCE_CUSTOMER_SERVICE_PATH,0.24,PRIMARY_PHASE_1,1,sx2876813a.1.2,transformer.t5355842a,25.0,line.tpx355842a0,156.0,5,3,6,27,0,1,UNVERIFIED,True,ENGINEERING_SCENARIO_NOT_FIELD_VERIFIED,PENDING
LV:sx2876814a,sx2876814a,LV_SPLIT_240,False,True,"1,2",1663141.6979904,12283965.1946721,upstream_primary_proxy_NOT_surveyed_customer_geography,l2876814,l2876814,R04,11.345238750320707,NOT_REQUIRED_FOR_SPLIT_PHASE,SOURCE_CUSTOMER_SERVICE_PATH,0.24,PRIMARY_PHASE_1,1,sx2876814a.1.2,transformer.t225806974a,10.0,line.tpx225806974a0,156.0,5,3,6,27,0,1,UNVERIFIED,True,ENGINEERING_SCENARIO_NOT_FIELD_VERIFIED,PENDING
LV:sx2878848c,sx2878848c,LV_SPLIT_240,False,True,"1,2",1669576.16993239,12283750.6379999,upstream_primary_proxy_NOT_surveyed_customer_geography,l2878848,m1047615,R05,8.77736118211769,NOT_REQUIRED_FOR_SPLIT_PHASE,SOURCE_CUSTOMER_SERVICE_PATH,0.24,PRIMARY_PHASE_3,3,sx2878848c.1.2,transformer.t22112168887c,37.5,line.tpx2212168887c0,156.0,5,3,6,27,0,1,UNVERIFIED,True,ENGINEERING_SCENARIO_NOT_FIELD_VERIFIED,PENDING
LV:sx2879054a,sx2879054a,LV_SPLIT_240,False,True,"1,2",1678099.52814833,12270924.919204,upstream_primary_proxy_NOT_surveyed_customer_geography,l2879054,m1089143,R01,6.673517834174886,NOT_REQUIRED_FOR_SPLIT_PHASE,SOURCE_CUSTOMER_SERVICE_PATH,0.24,PRIMARY_PHASE_1,1,sx2879054a.1.2,transformer.t5247061a,25.0,line.tpx247061a0,156.0,5,3,6,27,0,1,UNVERIFIED,True,ENGINEERING_SCENARIO_NOT_FIELD_VERIFIED,PENDING
LV:sx2879055c,sx2879055c,LV_SPLIT_240,False,True,"1,2",1675336.84987375,12266088.6982715,upstream_primary_proxy_NOT_surveyed_customer_geography,l2879055,m1089112,R01,9.023556066910356,NOT_REQUIRED_FOR_SPLIT_PHASE,SOURCE_CUSTOMER_SERVICE_PATH,0.24,PRIMARY_PHASE_3,3,sx2879055c.1.2,transformer.t5138465c,10.0,line.tpx138465c0,156.0,5,3,6,27,0,1,UNVERIFIED,True,ENGINEERING_SCENARIO_NOT_FIELD_VERIFIED,PENDING
LV:sx2879061b,sx2879061b,LV_SPLIT_240,False,True,"1,2",1672845.51111943,12275161.2317839,upstream_primary_proxy_NOT_surveyed_customer_geography,l2879061,m1069376,R06,12.81411284118336,NOT_REQUIRED_FOR_SPLIT_PHASE,SOURCE_CUSTOMER_SERVICE_PATH,0.24,PRIMARY_PHASE_2,2,sx2879061b.1.2,transformer.t5337692b,10.0,line.tpx337692b0,156.0,5,3,6,27,0,1,UNVERIFIED,True,ENGINEERING_SCENARIO_NOT_FIELD_VERIFIED,PENDING
LV:sx2879062c,sx2879062c,LV_SPLIT_240,False,True,"1,2",1677286.25096357,12277347.3202339,upstream_primary_proxy_NOT_surveyed_customer_geography,l2879062,m1108315,R01,7.895610380056016,NOT_REQUIRED_FOR_SPLIT_PHASE,SOURCE_CUSTOMER_SERVICE_PATH,0.24,PRIMARY_PHASE_3,3,sx2879062c.1.2,transformer.t21385192c,15.0,line.tpx21385192c0,156.0,5,3,6,27,0,1,UNVERIFIED,True,ENGINEERING_SCENARIO_NOT_FIELD_VERIFIED,PENDING
LV:sx2879063b,sx2879063b,LV_SPLIT_240,False,True,"1,2",1673462.83156801,12278386.5000109,upstream_primary_proxy_NOT_surveyed_customer_geography,l2879063,m1069464,R06,10.435629553019563,NOT_REQUIRED_FOR_SPLIT_PHASE,SOURCE_CUSTOMER_SERVICE_PATH,0.24,PRIMARY_PHASE_2,2,sx2879063b.1.2,transformer.t5337646b,25.0,line.tpx337646b0,156.0,5,3,6,27,0,1,UNVERIFIED,True,ENGINEERING_SCENARIO_NOT_FIELD_VERIFIED,PENDING
LV:sx2879064a,sx2879064a,LV_SPLIT_240,False,True,"1,2",1675046.05844948,12267632.9394249,upstream_primary_proxy_NOT_surveyed_customer_geography,l2879064,m1069169,R08,8.14390174450144,NOT_REQUIRED_FOR_SPLIT_PHASE,SOURCE_CUSTOMER_SERVICE_PATH,0.24,PRIMARY_PHASE_1,1,sx2879064a.1.2,transformer.t5138581a,25.0,line.tpx138581a0,156.0,5,3,6,27,0,1,UNVERIFIED,True,ENGINEERING_SCENARIO_NOT_FIELD_VERIFIED,PENDING
LV:sx2879065b,sx2879065b,LV_SPLIT_240,False,True,"1,2",1669145.70900399,12266863.0020162,upstream_primary_proxy_NOT_surveyed_customer_geography,l2879065,m1069135,R08,12.469058654987405,NOT_REQUIRED_FOR_SPLIT_PHASE,SOURCE_CUSTOMER_SERVICE_PATH,0.24,PRIMARY_PHASE_2,2,sx2879065b.1.2,transformer.t5247126b,10.0,line.tpx247126b0,156.0,5,3,6,27,0,1,UNVERIFIED,True,ENGINEERING_SCENARIO_NOT_FIELD_VERIFIED,PENDING
LV:sx2879066b,sx2879066b,LV_SPLIT_240,False,True,"1,2",1668457.69159535,12289125.7000209,upstream_primary_proxy_NOT_surveyed_customer_geography,l2879066,m1047763,R05,12.935715238494435,NOT_REQUIRED_FOR_SPLIT_PHASE,SOURCE_CUSTOMER_SERVICE_PATH,0.24,PRIMARY_PHASE_2,2,sx2879066b.1.2,transformer.t5323252b,15.0,line.tpx323252b0,156.0,5,3,6,27,0,1,UNVERIFIED,True,ENGINEERING_SCENARIO_NOT_FIELD_VERIFIED,PENDING
LV:sx2879067a,sx2879067a,LV_SPLIT_240,False,True,"1,2",1671245.34318194,12287707.8614276,upstream_primary_proxy_NOT_surveyed_customer_geography,l2879067,m1047763,R05,12.73803813550174,NOT_REQUIRED_FOR_SPLIT_PHASE,SOURCE_CUSTOMER_SERVICE_PATH,0.24,PRIMARY_PHASE_1,1,sx2879067a.1.2,transformer.t21380616a,25.0,line.tpx21380616a0,156.0,5,3,6,27,0,1,UNVERIFIED,True,ENGINEERING_SCENARIO_NOT_FIELD_VERIFIED,PENDING
LV:sx2879068b,sx2879068b,LV_SPLIT_240,False,True,"1,2",1669658.36846046,12288873.0382607,upstream_primary_proxy_NOT_surveyed_customer_geography,l2879068,m1047763,R05,11.888504430209974,NOT_REQUIRED_FOR_SPLIT_PHASE,SOURCE_CUSTOMER_SERVICE_PATH,0.24,PRIMARY_PHASE_2,2,sx2879068b.1.2,transformer.t5323254b,25.0,line.tpx323254b0,156.0,5,3,6,27,0,1,UNVERIFIED,True,ENGINEERING_SCENARIO_NOT_FIELD_VERIFIED,PENDING
LV:sx2879069a,sx2879069a,LV_SPLIT_240,False,True,"1,2",1670824.51194955,12287767.7408517,upstream_primary_proxy_NOT_surveyed_customer_geography,l2879069,m1047763,R05,11.999001806083541,NOT_REQUIRED_FOR_SPLIT_PHASE,SOURCE_CUSTOMER_SERVICE_PATH,0.24,PRIMARY_PHASE_1,1,sx2879069a.1.2,transformer.t5338894a,10.0,line.tpx338894a0,156.0,5,3,6,27,0,1,UNVERIFIED,True,ENGINEERING_SCENARIO_NOT_FIELD_VERIFIED,PENDING
LV:sx2879070b,sx2879070b,LV_SPLIT_240,False,True,"1,2",1668406.4055793,12283697.1892959,upstream_primary_proxy_NOT_surveyed_customer_geography,l2879070,l2879070,R05,8.380887669992207,NOT_REQUIRED_FOR_SPLIT_PHASE,SOURCE_CUSTOMER_SERVICE_PATH,0.24,PRIMARY_PHASE_2,2,sx2879070b.1.2,transformer.t5338934b,15.0,line.tpx338934b0,156.0,5,3,6,27,0,1,UNVERIFIED,True,ENGINEERING_SCENARIO_NOT_FIELD_VERIFIED,PENDING
LV:sx2879071b,sx2879071b,LV_SPLIT_240,False,True,"1,2",1670261.61914903,12275875.0580886,upstream_primary_proxy_NOT_surveyed_customer_geography,l2879071,m1069376,R06,14.21816312511289,NOT_REQUIRED_FOR_SPLIT_PHASE,SOURCE_CUSTOMER_SERVICE_PATH,0.24,PRIMARY_PHASE_2,2,sx2879071b.1.2,transformer.t5337701b,25.0,line.tpx337701b0,156.0,5,3,6,27,0,1,UNVERIFIED,True,ENGINEERING_SCENARIO_NOT_FIELD_VERIFIED,PENDING
LV:sx2879072b,sx2879072b,LV_SPLIT_240,False,True,"1,2",1672205.94119884,12275412.6401681,upstream_primary_proxy_NOT_surveyed_customer_geography,l2879072,m1069376,R06,13.026699573645839,NOT_REQUIRED_FOR_SPLIT_PHASE,SOURCE_CUSTOMER_SERVICE_PATH,0.24,PRIMARY_PHASE_2,2,sx2879072b.1.2,transformer.t5337695b,15.0,line.tpx337695b0,156.0,5,3,6,27,0,1,UNVERIFIED,True,ENGINEERING_SCENARIO_NOT_FIELD_VERIFIED,PENDING
LV:sx2879073c,sx2879073c,LV_SPLIT_240,False,True,"1,2",1675411.13902582,12269853.839779,upstream_primary_proxy_NOT_surveyed_customer_geography,l2879073,m1089112,R01,8.20348557312732,NOT_REQUIRED_FOR_SPLIT_PHASE,SOURCE_CUSTOMER_SERVICE_PATH,0.24,PRIMARY_PHASE_3,3,sx2879073c.1.2,transformer.t5138371c,15.0,line.tpx138371c0,156.0,5,3,6,27,0,1,UNVERIFIED,True,ENGINEERING_SCENARIO_NOT_FIELD_VERIFIED,PENDING
LV:sx2879074a,sx2879074a,LV_SPLIT_240,False,True,"1,2",1667786.57018672,12274887.1110797,upstream_primary_proxy_NOT_surveyed_customer_geography,l2879074,m1026695,R03,13.467900924108172,NOT_REQUIRED_FOR_SPLIT_PHASE,SOURCE_CUSTOMER_SERVICE_PATH,0.24,PRIMARY_PHASE_1,1,sx2879074a.1.2,transformer.t5310560a,15.0,line.tpx310560a0,156.0,5,3,6,27,0,1,UNVERIFIED,True,ENGINEERING_SCENARIO_NOT_FIELD_VERIFIED,PENDING
LV:sx2879075a,sx2879075a,LV_SPLIT_240,False,True,"1,2",1668824.91847569,12274227.208615,upstream_primary_proxy_NOT_surveyed_customer_geography,l2879075,m1026695,R03,14.116280920888444,NOT_REQUIRED_FOR_SPLIT_PHASE,SOURCE_CUSTOMER_SERVICE_PATH,0.24,PRIMARY_PHASE_1,1,sx2879075a.1.2,transformer.t5337724a,15.0,line.tpx337724a0,156.0,5,3,6,27,0,1,UNVERIFIED,True,ENGINEERING_SCENARIO_NOT_FIELD_VERIFIED,PENDING
LV:sx2879076c,sx2879076c,LV_SPLIT_240,False,True,"1,2",1675732.62997012,12268835.82813,upstream_primary_proxy_NOT_surveyed_customer_geography,l2879076,m1089112,R01,7.584850343247325,NOT_REQUIRED_FOR_SPLIT_PHASE,SOURCE_CUSTOMER_SERVICE_PATH,0.24,PRIMARY_PHASE_3,3,sx2879076c.1.2,transformer.t5138380c,10.0,line.tpx138380c0,156.0,5,3,6,27,0,1,UNVERIFIED,True,ENGINEERING_SCENARIO_NOT_FIELD_VERIFIED,PENDING
LV:sx2879077b,sx2879077b,LV_SPLIT_240,False,True,"1,2",1668498.43041138,12277645.5213222,upstream_primary_proxy_NOT_surveyed_customer_geography,l2879077,m1069376,R06,15.415007817369874,NOT_REQUIRED_FOR_SPLIT_PHASE,SOURCE_CUSTOMER_SERVICE_PATH,0.24,PRIMARY_PHASE_2,2,sx2879077b.1.2,transformer.t5337709b,15.0,line.tpx337709b0,156.0,5,3,6,27,0,1,UNVERIFIED,True,ENGINEERING_SCENARIO_NOT_FIELD_VERIFIED,PENDING
LV:sx2879078a,sx2879078a,LV_SPLIT_240,False,True,"1,2",1664462.25248763,12277691.2285863,upstream_primary_proxy_NOT_surveyed_customer_geography,l2879078,l2879078,R03,12.340129044040447,NOT_REQUIRED_FOR_SPLIT_PHASE,SOURCE_CUSTOMER_SERVICE_PATH,0.24,PRIMARY_PHASE_1,1,sx2879078a.1.2,transformer.t21399229a,15.0,line.tpx21399229a0,156.0,5,3,6,27,0,1,UNVERIFIED,True,ENGINEERING_SCENARIO_NOT_FIELD_VERIFIED,PENDING
LV:sx2879079b,sx2879079b,LV_SPLIT_240,False,True,"1,2",1665728.0516568,12259341.7998332,upstream_primary_proxy_NOT_surveyed_customer_geography,l2879079,m1026328,R08,15.389372921173756,NOT_REQUIRED_FOR_SPLIT_PHASE,SOURCE_CUSTOMER_SERVICE_PATH,0.24,PRIMARY_PHASE_2,2,sx2879079b.1.2,transformer.t5391756b,15.0,line.tpx391756b0,156.0,5,3,6,27,0,1,UNVERIFIED,True,ENGINEERING_SCENARIO_NOT_FIELD_VERIFIED,PENDING
LV:sx2879081a,sx2879081a,LV_SPLIT_240,False,True,"1,2",1664801.13914394,12277776.1591463,upstream_primary_proxy_NOT_surveyed_customer_geography,l2879081,m1026690,R03,12.301817244341002,NOT_REQUIRED_FOR_SPLIT_PHASE,SOURCE_CUSTOMER_SERVICE_PATH,0.24,PRIMARY_PHASE_1,1,sx2879081a.1.2,transformer.t5391981a,15.0,line.tpx391981a0,156.0,5,3,6,27,0,1,UNVERIFIED,True,ENGINEERING_SCENARIO_NOT_FIELD_VERIFIED,PENDING
LV:sx2879087a,sx2879087a,LV_SPLIT_240,False,True,"1,2",1665152.89543227,12283005.3380312,upstream_primary_proxy_NOT_surveyed_customer_geography,l2879087,m1026851,R04,10.300408381021676,NOT_REQUIRED_FOR_SPLIT_PHASE,SOURCE_CUSTOMER_SERVICE_PATH,0.24,PRIMARY_PHASE_1,1,sx2879087a.1.2,transformer.t21399762a,15.0,line.tpx21399762a0,156.0,5,3,6,27,0,1,UNVERIFIED,True,ENGINEERING_SCENARIO_NOT_FIELD_VERIFIED,PENDING
LV:sx2879089c,sx2879089c,LV_SPLIT_240,False,True,"1,2",1666029.64423309,12293551.669689,upstream_primary_proxy_NOT_surveyed_customer_geography,l2879089,m1027043,R04,15.29260137514637,NOT_REQUIRED_FOR_SPLIT_PHASE,SOURCE_CUSTOMER_SERVICE_PATH,0.24,PRIMARY_PHASE_3,3,sx2879089c.1.2,transformer.t21455388c,37.5,line.tpx21455388c0,156.0,5,3,6,27,0,1,UNVERIFIED,True,ENGINEERING_SCENARIO_NOT_FIELD_VERIFIED,PENDING
LV:sx2879092c,sx2879092c,LV_SPLIT_240,False,True,"1,2",1662843.14874212,12276407.7592731,upstream_primary_proxy_NOT_surveyed_customer_geography,l2879092,m1009651,R03,13.545063355688617,NOT_REQUIRED_FOR_SPLIT_PHASE,SOURCE_CUSTOMER_SERVICE_PATH,0.24,PRIMARY_PHASE_3,3,sx2879092c.1.2,transformer.t21399326c,25.0,line.tpx21399326c0,156.0,5,3,6,27,0,1,UNVERIFIED,True,ENGINEERING_SCENARIO_NOT_FIELD_VERIFIED,PENDING
LV:sx2879752b,sx2879752b,LV_SPLIT_240,False,True,"1,2",1680008.6614621,12257374.1797353,upstream_primary_proxy_NOT_surveyed_customer_geography,l2879752,m1089119,R01,13.963675043317815,NOT_REQUIRED_FOR_SPLIT_PHASE,SOURCE_CUSTOMER_SERVICE_PATH,0.24,PRIMARY_PHASE_2,2,sx2879752b.1.2,transformer.t5330122b,15.0,line.tpx330122b0,156.0,5,3,6,27,0,1,UNVERIFIED,True,ENGINEERING_SCENARIO_NOT_FIELD_VERIFIED,PENDING
LV:sx2879753b,sx2879753b,LV_SPLIT_240,False,True,"1,2",1683340.56904921,12271609.5123566,upstream_primary_proxy_NOT_surveyed_customer_geography,l2879753,m1125914,R01,4.002508107252366,NOT_REQUIRED_FOR_SPLIT_PHASE,SOURCE_CUSTOMER_SERVICE_PATH,0.24,PRIMARY_PHASE_2,2,sx2879753b.1.2,transformer.t21249674b,25.0,line.tpx21249674b0,156.0,5,3,6,27,0,1,UNVERIFIED,True,ENGINEERING_SCENARIO_NOT_FIELD_VERIFIED,PENDING
LV:sx2879767b,sx2879767b,LV_SPLIT_240,False,True,"1,2",1682759.19100067,12273046.0491899,upstream_primary_proxy_NOT_surveyed_customer_geography,l2879767,m1125914,R01,3.218599083064125,NOT_REQUIRED_FOR_SPLIT_PHASE,SOURCE_CUSTOMER_SERVICE_PATH,0.24,PRIMARY_PHASE_2,2,sx2879767b.1.2,transformer.t5260496b,10.0,line.tpx260496b0,156.0,5,3,6,27,0,1,UNVERIFIED,True,ENGINEERING_SCENARIO_NOT_FIELD_VERIFIED,PENDING
LV:sx2879773a,sx2879773a,LV_SPLIT_240,False,True,"1,2",1681411.68072741,12271272.5385323,upstream_primary_proxy_NOT_surveyed_customer_geography,l2879773,l2879773,R01,3.61151494459708,NOT_REQUIRED_FOR_SPLIT_PHASE,SOURCE_CUSTOMER_SERVICE_PATH,0.24,PRIMARY_PHASE_1,1,sx2879773a.1.2,transformer.t5207290a,25.0,line.tpx207290a0,156.0,5,3,6,27,0,1,UNVERIFIED,True,ENGINEERING_SCENARIO_NOT_FIELD_VERIFIED,PENDING
LV:sx2879794a,sx2879794a,LV_SPLIT_240,False,True,"1,2",1684632.14844241,12273382.6379903,upstream_primary_proxy_NOT_surveyed_customer_geography,l2879794,m1142815,R07,3.2113382979645255,NOT_REQUIRED_FOR_SPLIT_PHASE,SOURCE_CUSTOMER_SERVICE_PATH,0.24,PRIMARY_PHASE_1,1,sx2879794a.1.2,transformer.t5260475a,37.5,line.tpx260475a0,156.0,5,3,6,27,0,1,UNVERIFIED,True,ENGINEERING_SCENARIO_NOT_FIELD_VERIFIED,PENDING
LV:sx2891575c,sx2891575c,LV_SPLIT_240,False,True,"1,2",1686093.82652377,12286266.9172983,upstream_primary_proxy_NOT_surveyed_customer_geography,l2891575,m1209800,R07,8.083231616011288,NOT_REQUIRED_FOR_SPLIT_PHASE,SOURCE_CUSTOMER_SERVICE_PATH,0.24,PRIMARY_PHASE_3,3,sx2891575c.1.2,transformer.t225533423c,15.0,line.tpx225533423c0,156.0,5,3,6,27,0,1,UNVERIFIED,True,ENGINEERING_SCENARIO_NOT_FIELD_VERIFIED,PENDING
LV:sx2895449c,sx2895449c,LV_SPLIT_240,False,True,"1,2",1670155.48769293,12285766.2918898,upstream_primary_proxy_NOT_surveyed_customer_geography,l2895449,l2895449,R05,9.664998867487942,NOT_REQUIRED_FOR_SPLIT_PHASE,SOURCE_CUSTOMER_SERVICE_PATH,0.24,PRIMARY_PHASE_3,3,sx2895449c.1.2,transformer.t226193134c,25.0,line.tpx226193134c0,156.0,5,3,6,27,0,1,UNVERIFIED,True,ENGINEERING_SCENARIO_NOT_FIELD_VERIFIED,PENDING
LV:sx2895461a,sx2895461a,LV_SPLIT_240,False,True,"1,2",1665725.5981528,12280658.928045,upstream_primary_proxy_NOT_surveyed_customer_geography,l2895461,m1026851,R04,11.400604712786103,NOT_REQUIRED_FOR_SPLIT_PHASE,SOURCE_CUSTOMER_SERVICE_PATH,0.24,PRIMARY_PHASE_1,1,sx2895461a.1.2,transformer.t5294789a,25.0,line.tpx294789a0,156.0,5,3,6,27,0,1,UNVERIFIED,True,ENGINEERING_SCENARIO_NOT_FIELD_VERIFIED,PENDING
LV:sx2896685a,sx2896685a,LV_SPLIT_240,False,True,"1,2",1678739.54862892,12279617.0981561,upstream_primary_proxy_NOT_surveyed_customer_geography,l2896685,l2896685,R02,5.444894135137138,NOT_REQUIRED_FOR_SPLIT_PHASE,SOURCE_CUSTOMER_SERVICE_PATH,0.24,PRIMARY_PHASE_1,1,sx2896685a.1.2,transformer.t227187012a,15.0,line.tpx227187012a0,156.0,5,3,6,27,0,1,UNVERIFIED,True,ENGINEERING_SCENARIO_NOT_FIELD_VERIFIED,PENDING
LV:sx2896685b,sx2896685b,LV_SPLIT_240,False,True,"1,2",1678739.54862892,12279617.0981561,upstream_primary_proxy_NOT_surveyed_customer_geography,l2896685,l2896685,R02,5.444894135137138,NOT_REQUIRED_FOR_SPLIT_PHASE,SOURCE_CUSTOMER_SERVICE_PATH,0.24,PRIMARY_PHASE_2,2,sx2896685b.1.2,transformer.t227187012b,15.0,line.tpx227187012b0,156.0,5,3,6,27,0,1,UNVERIFIED,True,ENGINEERING_SCENARIO_NOT_FIELD_VERIFIED,PENDING
LV:sx2896685c,sx2896685c,LV_SPLIT_240,False,True,"1,2",1678739.54862892,12279617.0981561,upstream_primary_proxy_NOT_surveyed_customer_geography,l2896685,l2896685,R02,5.444894135137138,NOT_REQUIRED_FOR_SPLIT_PHASE,SOURCE_CUSTOMER_SERVICE_PATH,0.24,PRIMARY_PHASE_3,3,sx2896685c.1.2,transformer.t227187012c,15.0,line.tpx227187012c0,156.0,5,3,6,27,0,1,UNVERIFIED,True,ENGINEERING_SCENARIO_NOT_FIELD_VERIFIED,PENDING
LV:sx2897554c,sx2897554c,LV_SPLIT_240,False,True,"1,2",1669859.82202865,12284332.0078564,upstream_primary_proxy_NOT_surveyed_customer_geography,l2897554,m1047615,R05,9.14361295193859,NOT_REQUIRED_FOR_SPLIT_PHASE,SOURCE_CUSTOMER_SERVICE_PATH,0.24,PRIMARY_PHASE_3,3,sx2897554c.1.2,transformer.t22112168870c,50.0,line.tpx2212168870c0,156.0,5,3,6,27,0,1,UNVERIFIED,True,ENGINEERING_SCENARIO_NOT_FIELD_VERIFIED,PENDING
LV:sx2897764b,sx2897764b,LV_SPLIT_240,False,True,"1,2",1663358.5811906,12257094.6318311,upstream_primary_proxy_NOT_surveyed_customer_geography,l2897764,m1026328,R08,17.274645059979427,NOT_REQUIRED_FOR_SPLIT_PHASE,SOURCE_CUSTOMER_SERVICE_PATH,0.24,PRIMARY_PHASE_2,2,sx2897764b.1.2,transformer.t5391750b,25.0,line.tpx391750b0,156.0,5,3,6,27,0,1,UNVERIFIED,True,ENGINEERING_SCENARIO_NOT_FIELD_VERIFIED,PENDING
LV:sx2897765b,sx2897765b,LV_SPLIT_240,False,True,"1,2",1668492.15943538,12291965.6780076,upstream_primary_proxy_NOT_surveyed_customer_geography,l2897765,m1047763,R05,14.176217592096949,NOT_REQUIRED_FOR_SPLIT_PHASE,SOURCE_CUSTOMER_SERVICE_PATH,0.24,PRIMARY_PHASE_2,2,sx2897765b.1.2,transformer.t5323243b,15.0,line.tpx323243b0,156.0,5,3,6,27,0,1,UNVERIFIED,True,ENGINEERING_SCENARIO_NOT_FIELD_VERIFIED,PENDING
LV:sx2897766c,sx2897766c,LV_SPLIT_240,False,True,"1,2",1679556.00840568,12275027.4564238,upstream_primary_proxy_NOT_surveyed_customer_geography,l2897766,m1108315,R01,6.548936482106243,NOT_REQUIRED_FOR_SPLIT_PHASE,SOURCE_CUSTOMER_SERVICE_PATH,0.24,PRIMARY_PHASE_3,3,sx2897766c.1.2,transformer.t28128007c,25.0,line.tpx28128007c0,156.0,5,3,6,27,0,1,UNVERIFIED,True,ENGINEERING_SCENARIO_NOT_FIELD_VERIFIED,PENDING
LV:sx2897767c,sx2897767c,LV_SPLIT_240,False,True,"1,2",1674064.21038457,12280658.768301,upstream_primary_proxy_NOT_surveyed_customer_geography,l2897767,m1069483,R06,10.720890398737417,NOT_REQUIRED_FOR_SPLIT_PHASE,SOURCE_CUSTOMER_SERVICE_PATH,0.24,PRIMARY_PHASE_3,3,sx2897767c.1.2,transformer.t5338960c,25.0,line.tpx338960c0,156.0,5,3,6,27,0,1,UNVERIFIED,True,ENGINEERING_SCENARIO_NOT_FIELD_VERIFIED,PENDING
LV:sx2897768c,sx2897768c,LV_SPLIT_240,False,True,"1,2",1678112.75822834,12277952.0618665,upstream_primary_proxy_NOT_surveyed_customer_geography,l2897768,m1108315,R01,8.97268963198848,NOT_REQUIRED_FOR_SPLIT_PHASE,SOURCE_CUSTOMER_SERVICE_PATH,0.24,PRIMARY_PHASE_3,3,sx2897768c.1.2,transformer.t5337634c,25.0,line.tpx337634c0,156.0,5,3,6,27,0,1,UNVERIFIED,True,ENGINEERING_SCENARIO_NOT_FIELD_VERIFIED,PENDING
LV:sx2897769c,sx2897769c,LV_SPLIT_240,False,True,"1,2",1673493.65806404,12277690.0284583,upstream_primary_proxy_NOT_surveyed_customer_geography,l2897769,m1069438,R06,11.020662612165891,NOT_REQUIRED_FOR_SPLIT_PHASE,SOURCE_CUSTOMER_SERVICE_PATH,0.24,PRIMARY_PHASE_3,3,sx2897769c.1.2,transformer.t5337660c,25.0,line.tpx337660c0,156.0,5,3,6,27,0,1,UNVERIFIED,True,ENGINEERING_SCENARIO_NOT_FIELD_VERIFIED,PENDING
LV:sx2897770c,sx2897770c,LV_SPLIT_240,False,True,"1,2",1679404.80866154,12276647.2892573,upstream_primary_proxy_NOT_surveyed_customer_geography,l2897770,m1108315,R01,7.996294006601128,NOT_REQUIRED_FOR_SPLIT_PHASE,SOURCE_CUSTOMER_SERVICE_PATH,0.24,PRIMARY_PHASE_3,3,sx2897770c.1.2,transformer.t5337628c,25.0,line.tpx337628c0,156.0,5,3,6,27,0,1,UNVERIFIED,True,ENGINEERING_SCENARIO_NOT_FIELD_VERIFIED,PENDING
LV:sx2897771b,sx2897771b,LV_SPLIT_240,False,True,"1,2",1679976.39727007,12271675.2695407,upstream_primary_proxy_NOT_surveyed_customer_geography,l2897771,m1108298,R01,4.645066606958433,NOT_REQUIRED_FOR_SPLIT_PHASE,SOURCE_CUSTOMER_SERVICE_PATH,0.24,PRIMARY_PHASE_2,2,sx2897771b.1.2,transformer.t21148701b,15.0,line.tpx21148701b0,156.0,5,3,6,27,0,1,UNVERIFIED,True,ENGINEERING_SCENARIO_NOT_FIELD_VERIFIED,PENDING
LV:sx2897772a,sx2897772a,LV_SPLIT_240,False,True,"1,2",1669385.57895621,12264828.1993263,upstream_primary_proxy_NOT_surveyed_customer_geography,l2897772,m1047312,R08,12.674294367687507,NOT_REQUIRED_FOR_SPLIT_PHASE,SOURCE_CUSTOMER_SERVICE_PATH,0.24,PRIMARY_PHASE_1,1,sx2897772a.1.2,transformer.t5302679a,15.0,line.tpx302679a0,156.0,5,3,6,27,0,1,UNVERIFIED,True,ENGINEERING_SCENARIO_NOT_FIELD_VERIFIED,PENDING
LV:sx2897773a,sx2897773a,LV_SPLIT_240,False,True,"1,2",1670506.12167725,12285411.0785775,upstream_primary_proxy_NOT_surveyed_customer_geography,l2897773,m1047713,R05,9.576955531475525,NOT_REQUIRED_FOR_SPLIT_PHASE,SOURCE_CUSTOMER_SERVICE_PATH,0.24,PRIMARY_PHASE_1,1,sx2897773a.1.2,transformer.t5338918a,10.0,line.tpx338918a0,156.0,5,3,6,27,0,1,UNVERIFIED,True,ENGINEERING_SCENARIO_NOT_FIELD_VERIFIED,PENDING
LV:sx2897774b,sx2897774b,LV_SPLIT_240,False,True,"1,2",1672772.81940737,12274685.2888715,upstream_primary_proxy_NOT_surveyed_customer_geography,l2897774,m1069376,R06,12.56680811426893,NOT_REQUIRED_FOR_SPLIT_PHASE,SOURCE_CUSTOMER_SERVICE_PATH,0.24,PRIMARY_PHASE_2,2,sx2897774b.1.2,transformer.t5337691b,15.0,line.tpx337691b0,156.0,5,3,6,27,0,1,UNVERIFIED,True,ENGINEERING_SCENARIO_NOT_FIELD_VERIFIED,PENDING
LV:sx2897775c,sx2897775c,LV_SPLIT_240,False,True,"1,2",1676578.54817891,12269464.5805146,upstream_primary_proxy_NOT_surveyed_customer_geography,l2897775,m1089112,R01,8.536748239445945,NOT_REQUIRED_FOR_SPLIT_PHASE,SOURCE_CUSTOMER_SERVICE_PATH,0.24,PRIMARY_PHASE_3,3,sx2897775c.1.2,transformer.t5138342c,25.0,line.tpx138342c0,156.0,5,3,6,27,0,1,UNVERIFIED,True,ENGINEERING_SCENARIO_NOT_FIELD_VERIFIED,PENDING
LV:sx2897776c,sx2897776c,LV_SPLIT_240,False,True,"1,2",1674459.49076894,12271330.1405803,upstream_primary_proxy_NOT_surveyed_customer_geography,l2897776,m1089112,R01,9.571442148222296,NOT_REQUIRED_FOR_SPLIT_PHASE,SOURCE_CUSTOMER_SERVICE_PATH,0.24,PRIMARY_PHASE_3,3,sx2897776c.1.2,transformer.t5302858c,25.0,line.tpx302858c0,156.0,5,3,6,27,0,1,UNVERIFIED,True,ENGINEERING_SCENARIO_NOT_FIELD_VERIFIED,PENDING
LV:sx2897777c,sx2897777c,LV_SPLIT_240,False,True,"1,2",1670054.27962883,12282289.4391505,upstream_primary_proxy_NOT_surveyed_customer_geography,l2897777,l2897777,R03,7.8367343146079715,NOT_REQUIRED_FOR_SPLIT_PHASE,SOURCE_CUSTOMER_SERVICE_PATH,0.24,PRIMARY_PHASE_3,3,sx2897777c.1.2,transformer.t5338937c,25.0,line.tpx338937c0,156.0,5,3,6,27,0,1,UNVERIFIED,True,ENGINEERING_SCENARIO_NOT_FIELD_VERIFIED,PENDING
LV:sx2897778a,sx2897778a,LV_SPLIT_240,False,True,"1,2",1667363.98586633,12262660.0308763,upstream_primary_proxy_NOT_surveyed_customer_geography,l2897778,m1026341,R08,15.126646145908266,NOT_REQUIRED_FOR_SPLIT_PHASE,SOURCE_CUSTOMER_SERVICE_PATH,0.24,PRIMARY_PHASE_1,1,sx2897778a.1.2,transformer.t5302468a,10.0,line.tpx302468a0,156.0,5,3,6,27,0,1,UNVERIFIED,True,ENGINEERING_SCENARIO_NOT_FIELD_VERIFIED,PENDING
LV:sx2897779c,sx2897779c,LV_SPLIT_240,False,True,"1,2",1667872.7295468,12261777.6009234,upstream_primary_proxy_NOT_surveyed_customer_geography,l2897779,m1026357,R08,13.80136318259754,NOT_REQUIRED_FOR_SPLIT_PHASE,SOURCE_CUSTOMER_SERVICE_PATH,0.24,PRIMARY_PHASE_3,3,sx2897779c.1.2,transformer.t5302508c,25.0,line.tpx302508c0,156.0,5,3,6,27,0,1,UNVERIFIED,True,ENGINEERING_SCENARIO_NOT_FIELD_VERIFIED,PENDING
LV:sx2897780b,sx2897780b,LV_SPLIT_240,False,True,"1,2",1670954.62958167,12263788.5198373,upstream_primary_proxy_NOT_surveyed_customer_geography,l2897780,l2897780,R08,11.191369971207843,NOT_REQUIRED_FOR_SPLIT_PHASE,SOURCE_CUSTOMER_SERVICE_PATH,0.24,PRIMARY_PHASE_2,2,sx2897780b.1.2,transformer.t5293518b,25.0,line.tpx293518b0,156.0,5,3,6,27,0,1,UNVERIFIED,True,ENGINEERING_SCENARIO_NOT_FIELD_VERIFIED,PENDING
LV:sx2897781a,sx2897781a,LV_SPLIT_240,False,True,"1,2",1671430.67899012,12265414.3615028,upstream_primary_proxy_NOT_surveyed_customer_geography,l2897781,m1047339,R08,11.300204454127433,NOT_REQUIRED_FOR_SPLIT_PHASE,SOURCE_CUSTOMER_SERVICE_PATH,0.24,PRIMARY_PHASE_1,1,sx2897781a.1.2,transformer.t5138770a,10.0,line.tpx138770a0,156.0,5,3,6,27,0,1,UNVERIFIED,True,ENGINEERING_SCENARIO_NOT_FIELD_VERIFIED,PENDING
LV:sx2897784b,sx2897784b,LV_SPLIT_240,False,True,"1,2",1668087.699915,12267930.2393932,upstream_primary_proxy_NOT_surveyed_customer_geography,l2897784,m1069135,R08,13.200190013490042,NOT_REQUIRED_FOR_SPLIT_PHASE,SOURCE_CUSTOMER_SERVICE_PATH,0.24,PRIMARY_PHASE_2,2,sx2897784b.1.2,transformer.t5247170b,37.5,line.tpx247170b0,156.0,5,3,6,27,0,1,UNVERIFIED,True,ENGINEERING_SCENARIO_NOT_FIELD_VERIFIED,PENDING
LV:sx2897789b,sx2897789b,LV_SPLIT_240,False,True,"1,2",1674050.89019256,12289744.8186135,upstream_primary_proxy_NOT_surveyed_customer_geography,l2897789,m1069533,R03,9.669251599362994,NOT_REQUIRED_FOR_SPLIT_PHASE,SOURCE_CUSTOMER_SERVICE_PATH,0.24,PRIMARY_PHASE_2,2,sx2897789b.1.2,transformer.t5323287b,15.0,line.tpx323287b0,156.0,5,3,6,27,0,1,UNVERIFIED,True,ENGINEERING_SCENARIO_NOT_FIELD_VERIFIED,PENDING
LV:sx2897790c,sx2897790c,LV_SPLIT_240,False,True,"1,2",1675743.33281813,12285735.7398258,upstream_primary_proxy_NOT_surveyed_customer_geography,l2897790,m1069549,R03,6.63135391126929,NOT_REQUIRED_FOR_SPLIT_PHASE,SOURCE_CUSTOMER_SERVICE_PATH,0.24,PRIMARY_PHASE_3,3,sx2897790c.1.2,transformer.t21357984c,25.0,line.tpx21357984c0,156.0,5,3,6,27,0,1,UNVERIFIED,True,ENGINEERING_SCENARIO_NOT_FIELD_VERIFIED,PENDING
LV:sx2897791b,sx2897791b,LV_SPLIT_240,False,True,"1,2",1673685.78094422,12288009.2983559,upstream_primary_proxy_NOT_surveyed_customer_geography,l2897791,m1069533,R03,9.64100931314458,NOT_REQUIRED_FOR_SPLIT_PHASE,SOURCE_CUSTOMER_SERVICE_PATH,0.24,PRIMARY_PHASE_2,2,sx2897791b.1.2,transformer.t5323282b,37.5,line.tpx323282b0,156.0,5,3,6,27,0,1,UNVERIFIED,True,ENGINEERING_SCENARIO_NOT_FIELD_VERIFIED,PENDING
LV:sx2897792a,sx2897792a,LV_SPLIT_240,False,True,"1,2",1673198.97134376,12284430.7706085,upstream_primary_proxy_NOT_surveyed_customer_geography,l2897792,m1069514,R03,6.450917329593938,NOT_REQUIRED_FOR_SPLIT_PHASE,SOURCE_CUSTOMER_SERVICE_PATH,0.24,PRIMARY_PHASE_1,1,sx2897792a.1.2,transformer.t5338985a,15.0,line.tpx338985a0,156.0,5,3,6,27,0,1,UNVERIFIED,True,ENGINEERING_SCENARIO_NOT_FIELD_VERIFIED,PENDING
LV:sx2897793a,sx2897793a,LV_SPLIT_240,False,True,"1,2",1672926.52180751,12284878.328241,upstream_primary_proxy_NOT_surveyed_customer_geography,l2897793,m1069514,R03,6.748649008932156,NOT_REQUIRED_FOR_SPLIT_PHASE,SOURCE_CUSTOMER_SERVICE_PATH,0.24,PRIMARY_PHASE_1,1,sx2897793a.1.2,transformer.t5338987a,10.0,line.tpx338987a0,156.0,5,3,6,27,0,1,UNVERIFIED,True,ENGINEERING_SCENARIO_NOT_FIELD_VERIFIED,PENDING
LV:sx2897800b,sx2897800b,LV_SPLIT_240,False,True,"1,2",1670770.9977095,12291030.7291427,upstream_primary_proxy_NOT_surveyed_customer_geography,l2897800,m1047763,R05,12.973560108094729,NOT_REQUIRED_FOR_SPLIT_PHASE,SOURCE_CUSTOMER_SERVICE_PATH,0.24,PRIMARY_PHASE_2,2,sx2897800b.1.2,transformer.t5323277b,10.0,line.tpx323277b0,156.0,5,3,6,27,0,1,UNVERIFIED,True,ENGINEERING_SCENARIO_NOT_FIELD_VERIFIED,PENDING
LV:sx2897801a,sx2897801a,LV_SPLIT_240,False,True,"1,2",1674297.32193679,12274578.3709834,upstream_primary_proxy_NOT_surveyed_customer_geography,l2897801,m1069382,R06,12.106470230607954,NOT_REQUIRED_FOR_SPLIT_PHASE,SOURCE_CUSTOMER_SERVICE_PATH,0.24,PRIMARY_PHASE_1,1,sx2897801a.1.2,transformer.t21470405a,37.5,line.tpx21470405a0,156.0,5,3,6,27,0,1,UNVERIFIED,True,ENGINEERING_SCENARIO_NOT_FIELD_VERIFIED,PENDING
LV:sx2897805a,sx2897805a,LV_SPLIT_240,False,True,"1,2",1673543.21147208,12277959.9466665,upstream_primary_proxy_NOT_surveyed_customer_geography,l2897805,m1069461,R06,10.589710932058216,NOT_REQUIRED_FOR_SPLIT_PHASE,SOURCE_CUSTOMER_SERVICE_PATH,0.24,PRIMARY_PHASE_1,1,sx2897805a.1.2,transformer.t21471907a,25.0,line.tpx21471907a0,156.0,5,3,6,27,0,1,UNVERIFIED,True,ENGINEERING_SCENARIO_NOT_FIELD_VERIFIED,PENDING
LV:sx2897806c,sx2897806c,LV_SPLIT_240,False,True,"1,2",1674353.65012884,12278347.1005869,upstream_primary_proxy_NOT_surveyed_customer_geography,l2897806,m1108315,R01,9.780963906731499,NOT_REQUIRED_FOR_SPLIT_PHASE,SOURCE_CUSTOMER_SERVICE_PATH,0.24,PRIMARY_PHASE_3,3,sx2897806c.1.2,transformer.t5337643c,15.0,line.tpx337643c0,156.0,5,3,6,27,0,1,UNVERIFIED,True,ENGINEERING_SCENARIO_NOT_FIELD_VERIFIED,PENDING
LV:sx2897807b,sx2897807b,LV_SPLIT_240,False,True,"1,2",1673609.14068814,12277432.820138,upstream_primary_proxy_NOT_surveyed_customer_geography,l2897807,m1069428,R06,11.03536649889403,NOT_REQUIRED_FOR_SPLIT_PHASE,SOURCE_CUSTOMER_SERVICE_PATH,0.24,PRIMARY_PHASE_2,2,sx2897807b.1.2,transformer.t21386771b,15.0,line.tpx21386771b0,156.0,5,3,6,27,0,1,UNVERIFIED,True,ENGINEERING_SCENARIO_NOT_FIELD_VERIFIED,PENDING
LV:sx2898457a,sx2898457a,LV_SPLIT_240,False,True,"1,2",1681713.71157569,12278406.7506349,upstream_primary_proxy_NOT_surveyed_customer_geography,l2898457,m1125988,R02,3.504385932559914,NOT_REQUIRED_FOR_SPLIT_PHASE,SOURCE_CUSTOMER_SERVICE_PATH,0.24,PRIMARY_PHASE_1,1,sx2898457a.1.2,transformer.t5260594a,10.0,line.tpx260594a0,156.0,5,3,6,27,0,1,UNVERIFIED,True,ENGINEERING_SCENARIO_NOT_FIELD_VERIFIED,PENDING
LV:sx2898515c,sx2898515c,LV_SPLIT_240,False,True,"1,2",1688920.1894064,12276646.6707613,upstream_primary_proxy_NOT_surveyed_customer_geography,l2898515,m1166366,R07,2.396963462558751,NOT_REQUIRED_FOR_SPLIT_PHASE,SOURCE_CUSTOMER_SERVICE_PATH,0.24,PRIMARY_PHASE_3,3,sx2898515c.1.2,transformer.t5260621c,25.0,line.tpx260621c0,156.0,5,3,6,27,0,1,UNVERIFIED,True,ENGINEERING_SCENARIO_NOT_FIELD_VERIFIED,PENDING
LV:sx2898522a,sx2898522a,LV_SPLIT_240,False,True,"1,2",1687545.05161312,12275309.978024,upstream_primary_proxy_NOT_surveyed_customer_geography,l2898522,m1166373,R07,2.232571861418773,NOT_REQUIRED_FOR_SPLIT_PHASE,SOURCE_CUSTOMER_SERVICE_PATH,0.24,PRIMARY_PHASE_1,1,sx2898522a.1.2,transformer.t5260648a,25.0,line.tpx260648a0,156.0,5,3,6,27,0,1,UNVERIFIED,True,ENGINEERING_SCENARIO_NOT_FIELD_VERIFIED,PENDING
LV:sx2898526c,sx2898526c,LV_SPLIT_240,False,True,"1,2",1681401.6291434,12271531.6842605,upstream_primary_proxy_NOT_surveyed_customer_geography,l2898526,m1108311,R01,3.580439001882248,NOT_REQUIRED_FOR_SPLIT_PHASE,SOURCE_CUSTOMER_SERVICE_PATH,0.24,PRIMARY_PHASE_3,3,sx2898526c.1.2,transformer.t21393486c,15.0,line.tpx21393486c0,156.0,5,3,6,27,0,1,UNVERIFIED,True,ENGINEERING_SCENARIO_NOT_FIELD_VERIFIED,PENDING
LV:sx2911069b,sx2911069b,LV_SPLIT_240,False,True,"1,2",1657953.22105756,12284279.9886564,upstream_primary_proxy_NOT_surveyed_customer_geography,l2911069,m1026829,R04,14.536562623006409,NOT_REQUIRED_FOR_SPLIT_PHASE,SOURCE_CUSTOMER_SERVICE_PATH,0.24,PRIMARY_PHASE_2,2,sx2911069b.1.2,transformer.t225571871b,15.0,line.tpx225571871b0,156.0,5,3,6,27,0,1,UNVERIFIED,True,ENGINEERING_SCENARIO_NOT_FIELD_VERIFIED,PENDING
LV:sx2913406b,sx2913406b,LV_SPLIT_240,False,True,"1,2",1669788.17889259,12276294.963625,upstream_primary_proxy_NOT_surveyed_customer_geography,l2913406,m1069376,R06,14.61261751892188,NOT_REQUIRED_FOR_SPLIT_PHASE,SOURCE_CUSTOMER_SERVICE_PATH,0.24,PRIMARY_PHASE_2,2,sx2913406b.1.2,transformer.t225940756b,37.5,line.tpx225940756b0,156.0,5,3,6,27,0,1,UNVERIFIED,True,ENGINEERING_SCENARIO_NOT_FIELD_VERIFIED,PENDING
LV:sx2914323b,sx2914323b,LV_SPLIT_240,False,True,"1,2",1663157.76250241,12281256.1248456,upstream_primary_proxy_NOT_surveyed_customer_geography,l2914323,m1009770,R04,13.087568909685954,NOT_REQUIRED_FOR_SPLIT_PHASE,SOURCE_CUSTOMER_SERVICE_PATH,0.24,PRIMARY_PHASE_2,2,sx2914323b.1.2,transformer.t5355376b,10.0,line.tpx355376b0,156.0,5,3,6,27,0,1,UNVERIFIED,True,ENGINEERING_SCENARIO_NOT_FIELD_VERIFIED,PENDING
LV:sx2914324a,sx2914324a,LV_SPLIT_240,False,True,"1,2",1665316.56340042,12281577.2840139,upstream_primary_proxy_NOT_surveyed_customer_geography,l2914324,m1026851,R04,10.709369024052998,NOT_REQUIRED_FOR_SPLIT_PHASE,SOURCE_CUSTOMER_SERVICE_PATH,0.24,PRIMARY_PHASE_1,1,sx2914324a.1.2,transformer.t226196642a,5.0,line.tpx226196642a0,156.0,5,3,6,27,0,1,UNVERIFIED,True,ENGINEERING_SCENARIO_NOT_FIELD_VERIFIED,PENDING
LV:sx2915534a,sx2915534a,LV_SPLIT_240,False,True,"1,2",1675717.38056211,12272482.7754614,upstream_primary_proxy_NOT_surveyed_customer_geography,l2915534,m1069311,R06,13.1745873104861,NOT_REQUIRED_FOR_SPLIT_PHASE,SOURCE_CUSTOMER_SERVICE_PATH,0.24,PRIMARY_PHASE_1,1,sx2915534a.1.2,transformer.t227917122a,37.5,line.tpx227917122a0,156.0,5,3,6,27,0,1,UNVERIFIED,True,ENGINEERING_SCENARIO_NOT_FIELD_VERIFIED,PENDING
LV:sx2915542a,sx2915542a,LV_SPLIT_240,False,True,"1,2",1679416.79765355,12279562.265004,upstream_primary_proxy_NOT_surveyed_customer_geography,l2915542,l2915542,R02,5.1742651678006535,NOT_REQUIRED_FOR_SPLIT_PHASE,SOURCE_CUSTOMER_SERVICE_PATH,0.24,PRIMARY_PHASE_1,1,sx2915542a.1.2,transformer.t227921427a,50.0,line.tpx227921427a0,156.0,5,3,6,27,0,1,UNVERIFIED,True,ENGINEERING_SCENARIO_NOT_FIELD_VERIFIED,PENDING
LV:sx2915542b,sx2915542b,LV_SPLIT_240,False,True,"1,2",1679416.79765355,12279562.265004,upstream_primary_proxy_NOT_surveyed_customer_geography,l2915542,l2915542,R02,5.1742651678006535,NOT_REQUIRED_FOR_SPLIT_PHASE,SOURCE_CUSTOMER_SERVICE_PATH,0.24,PRIMARY_PHASE_2,2,sx2915542b.1.2,transformer.t227921427b,50.0,line.tpx227921427b0,156.0,5,3,6,27,0,1,UNVERIFIED,True,ENGINEERING_SCENARIO_NOT_FIELD_VERIFIED,PENDING
LV:sx2915542c,sx2915542c,LV_SPLIT_240,False,True,"1,2",1679416.79765355,12279562.265004,upstream_primary_proxy_NOT_surveyed_customer_geography,l2915542,l2915542,R02,5.1742651678006535,NOT_REQUIRED_FOR_SPLIT_PHASE,SOURCE_CUSTOMER_SERVICE_PATH,0.24,PRIMARY_PHASE_3,3,sx2915542c.1.2,transformer.t227921427c,50.0,line.tpx227921427c0,156.0,5,3,6,27,0,1,UNVERIFIED,True,ENGINEERING_SCENARIO_NOT_FIELD_VERIFIED,PENDING
LV:sx2916234a,sx2916234a,LV_SPLIT_240,False,True,"1,2",1669693.9913725,12273931.0514308,upstream_primary_proxy_NOT_surveyed_customer_geography,l2916234,m1026695,R03,14.56413081324542,NOT_REQUIRED_FOR_SPLIT_PHASE,SOURCE_CUSTOMER_SERVICE_PATH,0.24,PRIMARY_PHASE_1,1,sx2916234a.1.2,transformer.t228549643a,10.0,line.tpx228549643a0,156.0,5,3,6,27,0,1,UNVERIFIED,True,ENGINEERING_SCENARIO_NOT_FIELD_VERIFIED,PENDING
LV:sx2916598a,sx2916598a,LV_SPLIT_240,False,True,"1,2",1667485.39130644,12285684.3514097,upstream_primary_proxy_NOT_surveyed_customer_geography,l2916598,m1026854,R05,10.075890790049007,NOT_REQUIRED_FOR_SPLIT_PHASE,SOURCE_CUSTOMER_SERVICE_PATH,0.24,PRIMARY_PHASE_1,1,sx2916598a.1.2,transformer.t5355933a,10.0,line.tpx355933a0,156.0,5,3,6,27,0,1,UNVERIFIED,True,ENGINEERING_SCENARIO_NOT_FIELD_VERIFIED,PENDING
LV:sx2916599a,sx2916599a,LV_SPLIT_240,False,True,"1,2",1667296.50836227,12286221.1813622,upstream_primary_proxy_NOT_surveyed_customer_geography,l2916599,m1026854,R05,10.250978944478597,NOT_REQUIRED_FOR_SPLIT_PHASE,SOURCE_CUSTOMER_SERVICE_PATH,0.24,PRIMARY_PHASE_1,1,sx2916599a.1.2,transformer.t5356015a,25.0,line.tpx356015a0,156.0,5,3,6,27,0,1,UNVERIFIED,True,ENGINEERING_SCENARIO_NOT_FIELD_VERIFIED,PENDING
LV:sx2916602a,sx2916602a,LV_SPLIT_240,False,True,"1,2",1676810.45960313,12283160.5887194,upstream_primary_proxy_NOT_surveyed_customer_geography,l2916602,m1089203,R02,5.60614368348226,NOT_REQUIRED_FOR_SPLIT_PHASE,SOURCE_CUSTOMER_SERVICE_PATH,0.24,PRIMARY_PHASE_1,1,sx2916602a.1.2,transformer.t5339049a,25.0,line.tpx339049a0,156.0,5,3,6,27,0,1,UNVERIFIED,True,ENGINEERING_SCENARIO_NOT_FIELD_VERIFIED,PENDING
LV:sx2916603b,sx2916603b,LV_SPLIT_240,False,True,"1,2",1668560.75924344,12292430.840248,upstream_primary_proxy_NOT_surveyed_customer_geography,l2916603,m1047763,R05,14.532124295135803,NOT_REQUIRED_FOR_SPLIT_PHASE,SOURCE_CUSTOMER_SERVICE_PATH,0.24,PRIMARY_PHASE_2,2,sx2916603b.1.2,transformer.t5323403b,15.0,line.tpx323403b0,156.0,5,3,6,27,0,1,UNVERIFIED,True,ENGINEERING_SCENARIO_NOT_FIELD_VERIFIED,PENDING
LV:sx2916605c,sx2916605c,LV_SPLIT_240,False,True,"1,2",1679681.8784858,12273072.050598,upstream_primary_proxy_NOT_surveyed_customer_geography,l2916605,m1108315,R01,4.9869992930640805,NOT_REQUIRED_FOR_SPLIT_PHASE,SOURCE_CUSTOMER_SERVICE_PATH,0.24,PRIMARY_PHASE_3,3,sx2916605c.1.2,transformer.t5274987c,15.0,line.tpx274987c0,156.0,5,3,6,27,0,1,UNVERIFIED,True,ENGINEERING_SCENARIO_NOT_FIELD_VERIFIED,PENDING
LV:sx2916606c,sx2916606c,LV_SPLIT_240,False,True,"1,2",1679248.0383574,12272884.6708858,upstream_primary_proxy_NOT_surveyed_customer_geography,l2916606,m1108315,R01,5.274860197916052,NOT_REQUIRED_FOR_SPLIT_PHASE,SOURCE_CUSTOMER_SERVICE_PATH,0.24,PRIMARY_PHASE_3,3,sx2916606c.1.2,transformer.t5275007c,15.0,line.tpx275007c0,156.0,5,3,6,27,0,1,UNVERIFIED,True,ENGINEERING_SCENARIO_NOT_FIELD_VERIFIED,PENDING
LV:sx2916607c,sx2916607c,LV_SPLIT_240,False,True,"1,2",1665193.33933631,12293229.6913207,upstream_primary_proxy_NOT_surveyed_customer_geography,l2916607,m1027043,R04,14.395099660222282,NOT_REQUIRED_FOR_SPLIT_PHASE,SOURCE_CUSTOMER_SERVICE_PATH,0.24,PRIMARY_PHASE_3,3,sx2916607c.1.2,transformer.t5321882c,25.0,line.tpx321882c0,156.0,5,3,6,27,0,1,UNVERIFIED,True,ENGINEERING_SCENARIO_NOT_FIELD_VERIFIED,PENDING
LV:sx2916608c,sx2916608c,LV_SPLIT_240,False,True,"1,2",1664935.55348007,12291169.2722468,upstream_primary_proxy_NOT_surveyed_customer_geography,l2916608,l2916608,R04,13.188704448692965,NOT_REQUIRED_FOR_SPLIT_PHASE,SOURCE_CUSTOMER_SERVICE_PATH,0.24,PRIMARY_PHASE_3,3,sx2916608c.1.2,transformer.t5321852c,10.0,line.tpx321852c0,156.0,5,3,6,27,0,1,UNVERIFIED,True,ENGINEERING_SCENARIO_NOT_FIELD_VERIFIED,PENDING
LV:sx2916609c,sx2916609c,LV_SPLIT_240,False,True,"1,2",1675979.15182635,12269249.1513944,upstream_primary_proxy_NOT_surveyed_customer_geography,l2916609,m1089112,R01,7.928403474692358,NOT_REQUIRED_FOR_SPLIT_PHASE,SOURCE_CUSTOMER_SERVICE_PATH,0.24,PRIMARY_PHASE_3,3,sx2916609c.1.2,transformer.t5138346c,15.0,line.tpx138346c0,156.0,5,3,6,27,0,1,UNVERIFIED,True,ENGINEERING_SCENARIO_NOT_FIELD_VERIFIED,PENDING
LV:sx2916610b,sx2916610b,LV_SPLIT_240,False,True,"1,2",1665617.5702487,12278727.8114992,upstream_primary_proxy_NOT_surveyed_customer_geography,l2916610,m1026726,R03,12.031880657949882,NOT_REQUIRED_FOR_SPLIT_PHASE,SOURCE_CUSTOMER_SERVICE_PATH,0.24,PRIMARY_PHASE_2,2,sx2916610b.1.2,transformer.t5293660b,25.0,line.tpx293660b0,156.0,5,3,6,27,0,1,UNVERIFIED,True,ENGINEERING_SCENARIO_NOT_FIELD_VERIFIED,PENDING
LV:sx2916617b,sx2916617b,LV_SPLIT_240,False,True,"1,2",1674624.89953709,12287875.1011078,upstream_primary_proxy_NOT_surveyed_customer_geography,l2916617,m1069533,R03,8.604135065204783,NOT_REQUIRED_FOR_SPLIT_PHASE,SOURCE_CUSTOMER_SERVICE_PATH,0.24,PRIMARY_PHASE_2,2,sx2916617b.1.2,transformer.t5339007b,25.0,line.tpx339007b0,156.0,5,3,6,27,0,1,UNVERIFIED,True,ENGINEERING_SCENARIO_NOT_FIELD_VERIFIED,PENDING
LV:sx2916618b,sx2916618b,LV_SPLIT_240,False,True,"1,2",1673383.11111993,12289089.3398289,upstream_primary_proxy_NOT_surveyed_customer_geography,l2916618,m1069533,R03,9.352900876310423,NOT_REQUIRED_FOR_SPLIT_PHASE,SOURCE_CUSTOMER_SERVICE_PATH,0.24,PRIMARY_PHASE_2,2,sx2916618b.1.2,transformer.t5323283b,37.5,line.tpx323283b0,156.0,5,3,6,27,0,1,UNVERIFIED,True,ENGINEERING_SCENARIO_NOT_FIELD_VERIFIED,PENDING
LV:sx2916619b,sx2916619b,LV_SPLIT_240,False,True,"1,2",1674347.48974483,12287817.3802757,upstream_primary_proxy_NOT_surveyed_customer_geography,l2916619,m1069533,R03,8.380200674272057,NOT_REQUIRED_FOR_SPLIT_PHASE,SOURCE_CUSTOMER_SERVICE_PATH,0.24,PRIMARY_PHASE_2,2,sx2916619b.1.2,transformer.t5339006b,25.0,line.tpx339006b0,156.0,5,3,6,27,0,1,UNVERIFIED,True,ENGINEERING_SCENARIO_NOT_FIELD_VERIFIED,PENDING
LV:sx2916620a,sx2916620a,LV_SPLIT_240,False,True,"1,2",1673633.22926417,12284690.9812968,upstream_primary_proxy_NOT_surveyed_customer_geography,l2916620,l2916620,R03,6.320699653036978,NOT_REQUIRED_FOR_SPLIT_PHASE,SOURCE_CUSTOMER_SERVICE_PATH,0.24,PRIMARY_PHASE_1,1,sx2916620a.1.2,transformer.t5338977a,10.0,line.tpx338977a0,156.0,5,3,6,27,0,1,UNVERIFIED,True,ENGINEERING_SCENARIO_NOT_FIELD_VERIFIED,PENDING
LV:sx2916620b,sx2916620b,LV_SPLIT_240,False,True,"1,2",1673633.22926417,12284690.9812968,upstream_primary_proxy_NOT_surveyed_customer_geography,l2916620,l2916620,R03,6.320699653036978,NOT_REQUIRED_FOR_SPLIT_PHASE,SOURCE_CUSTOMER_SERVICE_PATH,0.24,PRIMARY_PHASE_2,2,sx2916620b.1.2,transformer.t5338977b,10.0,line.tpx338977b0,156.0,5,3,6,27,0,1,UNVERIFIED,True,ENGINEERING_SCENARIO_NOT_FIELD_VERIFIED,PENDING
LV:sx2916620c,sx2916620c,LV_SPLIT_240,False,True,"1,2",1673633.22926417,12284690.9812968,upstream_primary_proxy_NOT_surveyed_customer_geography,l2916620,l2916620,R03,6.320699653036978,NOT_REQUIRED_FOR_SPLIT_PHASE,SOURCE_CUSTOMER_SERVICE_PATH,0.24,PRIMARY_PHASE_3,3,sx2916620c.1.2,transformer.t5338977c,10.0,line.tpx338977c0,156.0,5,3,6,27,0,1,UNVERIFIED,True,ENGINEERING_SCENARIO_NOT_FIELD_VERIFIED,PENDING
LV:sx2916625b,sx2916625b,LV_SPLIT_240,False,True,"1,2",1669873.75662067,12266154.2711355,upstream_primary_proxy_NOT_surveyed_customer_geography,l2916625,m1069135,R08,11.892273165085582,NOT_REQUIRED_FOR_SPLIT_PHASE,SOURCE_CUSTOMER_SERVICE_PATH,0.24,PRIMARY_PHASE_2,2,sx2916625b.1.2,transformer.t21467859b,37.5,line.tpx21467859b0,156.0,5,3,6,27,0,1,UNVERIFIED,True,ENGINEERING_SCENARIO_NOT_FIELD_VERIFIED,PENDING
LV:sx2916627a,sx2916627a,LV_SPLIT_240,False,True,"1,2",1672497.51905511,12267923.0304332,upstream_primary_proxy_NOT_surveyed_customer_geography,l2916627,m1069169,R08,9.462755797996977,NOT_REQUIRED_FOR_SPLIT_PHASE,SOURCE_CUSTOMER_SERVICE_PATH,0.24,PRIMARY_PHASE_1,1,sx2916627a.1.2,transformer.t5138563a,25.0,line.tpx138563a0,156.0,5,3,6,27,0,1,UNVERIFIED,True,ENGINEERING_SCENARIO_NOT_FIELD_VERIFIED,PENDING
LV:sx2917255c,sx2917255c,LV_SPLIT_240,False,True,"1,2",1683121.387993,12278254.8095148,upstream_primary_proxy_NOT_surveyed_customer_geography,l2917255,m1125962,R07,3.311774053565045,NOT_REQUIRED_FOR_SPLIT_PHASE,SOURCE_CUSTOMER_SERVICE_PATH,0.24,PRIMARY_PHASE_3,3,sx2917255c.1.2,transformer.t21386065c,25.0,line.tpx21386065c0,156.0,5,3,6,27,0,1,UNVERIFIED,True,ENGINEERING_SCENARIO_NOT_FIELD_VERIFIED,PENDING
LV:sx2917310b,sx2917310b,LV_SPLIT_240,False,True,"1,2",1683759.4301056,12272392.0900213,upstream_primary_proxy_NOT_surveyed_customer_geography,l2917310,m1125914,R01,3.818860475227898,NOT_REQUIRED_FOR_SPLIT_PHASE,SOURCE_CUSTOMER_SERVICE_PATH,0.24,PRIMARY_PHASE_2,2,sx2917310b.1.2,transformer.t5260503b,15.0,line.tpx260503b0,156.0,5,3,6,27,0,1,UNVERIFIED,True,ENGINEERING_SCENARIO_NOT_FIELD_VERIFIED,PENDING
LV:sx2917328b,sx2917328b,LV_SPLIT_240,False,True,"1,2",1682841.20930474,12272808.6491257,upstream_primary_proxy_NOT_surveyed_customer_geography,l2917328,l2917328,R01,3.0958639494566826,NOT_REQUIRED_FOR_SPLIT_PHASE,SOURCE_CUSTOMER_SERVICE_PATH,0.24,PRIMARY_PHASE_2,2,sx2917328b.1.2,transformer.t21389092b,25.0,line.tpx21389092b0,156.0,5,3,6,27,0,1,UNVERIFIED,True,ENGINEERING_SCENARIO_NOT_FIELD_VERIFIED,PENDING
LV:sx2917330a,sx2917330a,LV_SPLIT_240,False,True,"1,2",1684389.05084218,12273101.218214,upstream_primary_proxy_NOT_surveyed_customer_geography,l2917330,m1142815,R07,3.428716097168448,NOT_REQUIRED_FOR_SPLIT_PHASE,SOURCE_CUSTOMER_SERVICE_PATH,0.24,PRIMARY_PHASE_1,1,sx2917330a.1.2,transformer.t5260474a,25.0,line.tpx260474a0,156.0,5,3,6,27,0,1,UNVERIFIED,True,ENGINEERING_SCENARIO_NOT_FIELD_VERIFIED,PENDING
LV:sx2917333a,sx2917333a,LV_SPLIT_240,False,True,"1,2",1688155.15900569,12275684.0902804,upstream_primary_proxy_NOT_surveyed_customer_geography,l2917333,m1166375,R07,1.778004173644335,NOT_REQUIRED_FOR_SPLIT_PHASE,SOURCE_CUSTOMER_SERVICE_PATH,0.24,PRIMARY_PHASE_1,1,sx2917333a.1.2,transformer.t5260632a,25.0,line.tpx260632a0,156.0,5,3,6,27,0,1,UNVERIFIED,True,ENGINEERING_SCENARIO_NOT_FIELD_VERIFIED,PENDING
LV:sx2917336c,sx2917336c,LV_SPLIT_240,False,True,"1,2",1681026.79189505,12273476.8500863,upstream_primary_proxy_NOT_surveyed_customer_geography,l2917336,m1108315,R01,4.701352855683349,NOT_REQUIRED_FOR_SPLIT_PHASE,SOURCE_CUSTOMER_SERVICE_PATH,0.24,PRIMARY_PHASE_3,3,sx2917336c.1.2,transformer.t5260513c,15.0,line.tpx260513c0,156.0,5,3,6,27,0,1,UNVERIFIED,True,ENGINEERING_SCENARIO_NOT_FIELD_VERIFIED,PENDING
LV:sx2917359a,sx2917359a,LV_SPLIT_240,False,True,"1,2",1684788.74671456,12273513.1611264,upstream_primary_proxy_NOT_surveyed_customer_geography,l2917359,m1142815,R07,3.1366929081369013,NOT_REQUIRED_FOR_SPLIT_PHASE,SOURCE_CUSTOMER_SERVICE_PATH,0.24,PRIMARY_PHASE_1,1,sx2917359a.1.2,transformer.t21482431a,15.0,line.tpx21482431a0,156.0,5,3,6,27,0,1,UNVERIFIED,True,ENGINEERING_SCENARIO_NOT_FIELD_VERIFIED,PENDING
LV:sx2925506c,sx2925506c,LV_SPLIT_240,False,True,"1,2",1674162.85025666,12277823.3819304,upstream_primary_proxy_NOT_surveyed_customer_geography,l2925506,l2925506,R06,10.64156316458048,NOT_REQUIRED_FOR_SPLIT_PHASE,SOURCE_CUSTOMER_SERVICE_PATH,0.24,PRIMARY_PHASE_3,3,sx2925506c.1.2,transformer.t225533703c,25.0,line.tpx225533703c0,156.0,5,3,6,27,0,1,UNVERIFIED,True,ENGINEERING_SCENARIO_NOT_FIELD_VERIFIED,PENDING
LV:sx2929261a,sx2929261a,LV_SPLIT_240,False,True,"1,2",1670531.19329328,12284987.9412971,upstream_primary_proxy_NOT_surveyed_customer_geography,l2929261,m1047699,R05,9.370432588514173,NOT_REQUIRED_FOR_SPLIT_PHASE,SOURCE_CUSTOMER_SERVICE_PATH,0.24,PRIMARY_PHASE_1,1,sx2929261a.1.2,transformer.t225533337a,15.0,line.tpx225533337a0,156.0,5,3,6,27,0,1,UNVERIFIED,True,ENGINEERING_SCENARIO_NOT_FIELD_VERIFIED,PENDING
LV:sx2933120c,sx2933120c,LV_SPLIT_240,False,True,"1,2",1673662.01595219,12281635.7380299,upstream_primary_proxy_NOT_surveyed_customer_geography,l2933120,m1069483,R06,10.957007681140285,NOT_REQUIRED_FOR_SPLIT_PHASE,SOURCE_CUSTOMER_SERVICE_PATH,0.24,PRIMARY_PHASE_3,3,sx2933120c.1.2,transformer.t226192890c,37.5,line.tpx226192890c0,156.0,5,3,6,27,0,1,UNVERIFIED,True,ENGINEERING_SCENARIO_NOT_FIELD_VERIFIED,PENDING
LV:sx2933135a,sx2933135a,LV_SPLIT_240,False,True,"1,2",1681436.43285543,12280349.9176127,upstream_primary_proxy_NOT_surveyed_customer_geography,l2933135,l2933135,R02,3.8374149052290267,NOT_REQUIRED_FOR_SPLIT_PHASE,SOURCE_CUSTOMER_SERVICE_PATH,0.24,PRIMARY_PHASE_1,1,sx2933135a.1.2,transformer.t226197070a,25.0,line.tpx226197070a0,156.0,5,3,6,27,0,1,UNVERIFIED,True,ENGINEERING_SCENARIO_NOT_FIELD_VERIFIED,PENDING
LV:sx2935547b,sx2935547b,LV_SPLIT_240,False,True,"1,2",1673990.2120485,12290079.4208538,upstream_primary_proxy_NOT_surveyed_customer_geography,l2935547,m1069533,R03,9.844998923961727,NOT_REQUIRED_FOR_SPLIT_PHASE,SOURCE_CUSTOMER_SERVICE_PATH,0.24,PRIMARY_PHASE_2,2,sx2935547b.1.2,transformer.t21383553b,15.0,line.tpx21383553b0,156.0,5,3,6,27,0,1,UNVERIFIED,True,ENGINEERING_SCENARIO_NOT_FIELD_VERIFIED,PENDING
LV:sx2935549b,sx2935549b,LV_SPLIT_240,False,True,"1,2",1673877.42868839,12276709.0610333,upstream_primary_proxy_NOT_surveyed_customer_geography,l2935549,l2935549,R06,11.026257245222505,NOT_REQUIRED_FOR_SPLIT_PHASE,SOURCE_CUSTOMER_SERVICE_PATH,0.24,PRIMARY_PHASE_2,2,sx2935549b.1.2,transformer.t5337668b,37.5,line.tpx337668b0,156.0,5,3,6,27,0,1,UNVERIFIED,True,ENGINEERING_SCENARIO_NOT_FIELD_VERIFIED,PENDING
LV:sx2935550c,sx2935550c,LV_SPLIT_240,False,True,"1,2",1678457.71106066,12274937.8318477,upstream_primary_proxy_NOT_surveyed_customer_geography,l2935550,m1108315,R01,6.27108819618249,NOT_REQUIRED_FOR_SPLIT_PHASE,SOURCE_CUSTOMER_SERVICE_PATH,0.24,PRIMARY_PHASE_3,3,sx2935550c.1.2,transformer.t5274999c,25.0,line.tpx274999c0,156.0,5,3,6,27,0,1,UNVERIFIED,True,ENGINEERING_SCENARIO_NOT_FIELD_VERIFIED,PENDING
LV:sx2935551c,sx2935551c,LV_SPLIT_240,False,True,"1,2",1677018.75349132,12277674.3940262,upstream_primary_proxy_NOT_surveyed_customer_geography,l2935551,m1108315,R01,8.182080407752224,NOT_REQUIRED_FOR_SPLIT_PHASE,SOURCE_CUSTOMER_SERVICE_PATH,0.24,PRIMARY_PHASE_3,3,sx2935551c.1.2,transformer.t21387929c,15.0,line.tpx21387929c0,156.0,5,3,6,27,0,1,UNVERIFIED,True,ENGINEERING_SCENARIO_NOT_FIELD_VERIFIED,PENDING
LV:sx2935552c,sx2935552c,LV_SPLIT_240,False,True,"1,2",1679769.45915788,12272277.7583732,upstream_primary_proxy_NOT_surveyed_customer_geography,l2935552,m1108315,R01,4.727963256636645,NOT_REQUIRED_FOR_SPLIT_PHASE,SOURCE_CUSTOMER_SERVICE_PATH,0.24,PRIMARY_PHASE_3,3,sx2935552c.1.2,transformer.t5274903c,15.0,line.tpx274903c0,156.0,5,3,6,27,0,1,UNVERIFIED,True,ENGINEERING_SCENARIO_NOT_FIELD_VERIFIED,PENDING
LV:sx2935553b,sx2935553b,LV_SPLIT_240,False,True,"1,2",1668339.05914724,12289885.9790616,upstream_primary_proxy_NOT_surveyed_customer_geography,l2935553,m1047763,R05,12.870607988909507,NOT_REQUIRED_FOR_SPLIT_PHASE,SOURCE_CUSTOMER_SERVICE_PATH,0.24,PRIMARY_PHASE_2,2,sx2935553b.1.2,transformer.t5323247b,25.0,line.tpx323247b0,156.0,5,3,6,27,0,1,UNVERIFIED,True,ENGINEERING_SCENARIO_NOT_FIELD_VERIFIED,PENDING
LV:sx2935554a,sx2935554a,LV_SPLIT_240,False,True,"1,2",1670295.66919706,12285279.5683053,upstream_primary_proxy_NOT_surveyed_customer_geography,l2935554,l2935554,R05,9.36764128489076,NOT_REQUIRED_FOR_SPLIT_PHASE,SOURCE_CUSTOMER_SERVICE_PATH,0.24,PRIMARY_PHASE_1,1,sx2935554a.1.2,transformer.t5338921a,10.0,line.tpx338921a0,156.0,5,3,6,27,0,1,UNVERIFIED,True,ENGINEERING_SCENARIO_NOT_FIELD_VERIFIED,PENDING
LV:sx2935555a,sx2935555a,LV_SPLIT_240,False,True,"1,2",1670341.4993411,12285420.4010735,upstream_primary_proxy_NOT_surveyed_customer_geography,l2935555,m1047713,R05,9.480573015223701,NOT_REQUIRED_FOR_SPLIT_PHASE,SOURCE_CUSTOMER_SERVICE_PATH,0.24,PRIMARY_PHASE_1,1,sx2935555a.1.2,transformer.t5338917a,15.0,line.tpx338917a0,156.0,5,3,6,27,0,1,UNVERIFIED,True,ENGINEERING_SCENARIO_NOT_FIELD_VERIFIED,PENDING
LV:sx2935556b,sx2935556b,LV_SPLIT_240,False,True,"1,2",1664509.97907967,12286399.0419704,upstream_primary_proxy_NOT_surveyed_customer_geography,l2935556,m1026954,R04,13.009242848927133,NOT_REQUIRED_FOR_SPLIT_PHASE,SOURCE_CUSTOMER_SERVICE_PATH,0.24,PRIMARY_PHASE_2,2,sx2935556b.1.2,transformer.t5356064b,25.0,line.tpx356064b0,156.0,5,3,6,27,0,1,UNVERIFIED,True,ENGINEERING_SCENARIO_NOT_FIELD_VERIFIED,PENDING
LV:sx2935557a,sx2935557a,LV_SPLIT_240,False,True,"1,2",1664467.84762363,12283957.4982881,upstream_primary_proxy_NOT_surveyed_customer_geography,l2935557,m1026896,R04,10.523694076535282,NOT_REQUIRED_FOR_SPLIT_PHASE,SOURCE_CUSTOMER_SERVICE_PATH,0.24,PRIMARY_PHASE_1,1,sx2935557a.1.2,transformer.t21397005a,37.5,line.tpx21397005a0,156.0,5,3,6,27,0,1,UNVERIFIED,True,ENGINEERING_SCENARIO_NOT_FIELD_VERIFIED,PENDING
LV:sx2935559a,sx2935559a,LV_SPLIT_240,False,True,"1,2",1667622.79162657,12263480.537501,upstream_primary_proxy_NOT_surveyed_customer_geography,l2935559,m1026341,R08,15.762550350712466,NOT_REQUIRED_FOR_SPLIT_PHASE,SOURCE_CUSTOMER_SERVICE_PATH,0.24,PRIMARY_PHASE_1,1,sx2935559a.1.2,transformer.t21400185a,25.0,line.tpx21400185a0,156.0,5,3,6,27,0,1,UNVERIFIED,True,ENGINEERING_SCENARIO_NOT_FIELD_VERIFIED,PENDING
LV:sx2935560c,sx2935560c,LV_SPLIT_240,False,True,"1,2",1665680.03015276,12278080.4796586,upstream_primary_proxy_NOT_surveyed_customer_geography,l2935560,m1026706,R03,11.831416063300376,NOT_REQUIRED_FOR_SPLIT_PHASE,SOURCE_CUSTOMER_SERVICE_PATH,0.24,PRIMARY_PHASE_3,3,sx2935560c.1.2,transformer.t5293659c,15.0,line.tpx293659c0,156.0,5,3,6,27,0,1,UNVERIFIED,True,ENGINEERING_SCENARIO_NOT_FIELD_VERIFIED,PENDING
LV:sx2935566c,sx2935566c,LV_SPLIT_240,False,True,"1,2",1675895.26984227,12285561.6311536,upstream_primary_proxy_NOT_surveyed_customer_geography,l2935566,m1069549,R03,6.732519490308846,NOT_REQUIRED_FOR_SPLIT_PHASE,SOURCE_CUSTOMER_SERVICE_PATH,0.24,PRIMARY_PHASE_3,3,sx2935566c.1.2,transformer.t5441854c,25.0,line.tpx441854c0,156.0,5,3,6,27,0,1,UNVERIFIED,True,ENGINEERING_SCENARIO_NOT_FIELD_VERIFIED,PENDING
LV:sx2935567b,sx2935567b,LV_SPLIT_240,False,True,"1,2",1674172.81992067,12285639.5288817,upstream_primary_proxy_NOT_surveyed_customer_geography,l2935567,m1069533,R03,7.498067350942958,NOT_REQUIRED_FOR_SPLIT_PHASE,SOURCE_CUSTOMER_SERVICE_PATH,0.24,PRIMARY_PHASE_2,2,sx2935567b.1.2,transformer.t5338992b,15.0,line.tpx338992b0,156.0,5,3,6,27,0,1,UNVERIFIED,True,ENGINEERING_SCENARIO_NOT_FIELD_VERIFIED,PENDING
LV:sx2935568b,sx2935568b,LV_SPLIT_240,False,True,"1,2",1670885.59559761,12291702.9810473,upstream_primary_proxy_NOT_surveyed_customer_geography,l2935568,m1047763,R05,13.40420284336884,NOT_REQUIRED_FOR_SPLIT_PHASE,SOURCE_CUSTOMER_SERVICE_PATH,0.24,PRIMARY_PHASE_2,2,sx2935568b.1.2,transformer.t28119958b,15.0,line.tpx28119958b0,156.0,5,3,6,27,0,1,UNVERIFIED,True,ENGINEERING_SCENARIO_NOT_FIELD_VERIFIED,PENDING
LV:sx2936211c,sx2936211c,LV_SPLIT_240,False,True,"1,2",1683404.97864927,12277720.9286823,upstream_primary_proxy_NOT_surveyed_customer_geography,l2936211,m1125952,R07,3.114251543742022,NOT_REQUIRED_FOR_SPLIT_PHASE,SOURCE_CUSTOMER_SERVICE_PATH,0.24,PRIMARY_PHASE_3,3,sx2936211c.1.2,transformer.t5260567c,15.0,line.tpx260567c0,156.0,5,3,6,27,0,1,UNVERIFIED,True,ENGINEERING_SCENARIO_NOT_FIELD_VERIFIED,PENDING
LV:sx2936212a,sx2936212a,LV_SPLIT_240,False,True,"1,2",1681589.68059958,12280554.2998209,upstream_primary_proxy_NOT_surveyed_customer_geography,l2936212,m1108484,R02,3.9988493201809066,NOT_REQUIRED_FOR_SPLIT_PHASE,SOURCE_CUSTOMER_SERVICE_PATH,0.24,PRIMARY_PHASE_1,1,sx2936212a.1.2,transformer.t5356815a,25.0,line.tpx356815a0,156.0,5,3,6,27,0,1,UNVERIFIED,True,ENGINEERING_SCENARIO_NOT_FIELD_VERIFIED,PENDING
LV:sx2936213b,sx2936213b,LV_SPLIT_240,False,True,"1,2",1680270.35080635,12283251.1185114,upstream_primary_proxy_NOT_surveyed_customer_geography,l2936213,m1108532,R02,4.624054620656193,NOT_REQUIRED_FOR_SPLIT_PHASE,SOURCE_CUSTOMER_SERVICE_PATH,0.24,PRIMARY_PHASE_2,2,sx2936213b.1.2,transformer.t5328363b,37.5,line.tpx328363b0,156.0,5,3,6,27,0,1,UNVERIFIED,True,ENGINEERING_SCENARIO_NOT_FIELD_VERIFIED,PENDING
LV:sx2936214a,sx2936214a,LV_SPLIT_240,False,True,"1,2",1680942.32827897,12281116.7092935,upstream_primary_proxy_NOT_surveyed_customer_geography,l2936214,m1108490,R02,4.111616910409045,NOT_REQUIRED_FOR_SPLIT_PHASE,SOURCE_CUSTOMER_SERVICE_PATH,0.24,PRIMARY_PHASE_1,1,sx2936214a.1.2,transformer.t5356809a,25.0,line.tpx356809a0,156.0,5,3,6,27,0,1,UNVERIFIED,True,ENGINEERING_SCENARIO_NOT_FIELD_VERIFIED,PENDING
LV:sx2936216c,sx2936216c,LV_SPLIT_240,False,True,"1,2",1692152.35939341,12278197.8914987,upstream_primary_proxy_NOT_surveyed_customer_geography,l2936216,m1209800,R07,1.7765535605664364,NOT_REQUIRED_FOR_SPLIT_PHASE,SOURCE_CUSTOMER_SERVICE_PATH,0.24,PRIMARY_PHASE_3,3,sx2936216c.1.2,transformer.t5223663c,10.0,line.tpx223663c0,156.0,5,3,6,27,0,1,UNVERIFIED,True,ENGINEERING_SCENARIO_NOT_FIELD_VERIFIED,PENDING
LV:sx2936268c,sx2936268c,LV_SPLIT_240,False,True,"1,2",1692121.20112138,12276137.8410648,upstream_primary_proxy_NOT_surveyed_customer_geography,l2936268,m1209788,R07,0.9054552912803872,NOT_REQUIRED_FOR_SPLIT_PHASE,SOURCE_CUSTOMER_SERVICE_PATH,0.24,PRIMARY_PHASE_3,3,sx2936268c.1.2,transformer.t5223655c,15.0,line.tpx223655c0,156.0,5,3,6,27,0,1,UNVERIFIED,True,ENGINEERING_SCENARIO_NOT_FIELD_VERIFIED,PENDING
LV:sx2936270a,sx2936270a,LV_SPLIT_240,False,True,"1,2",1692720.81865794,12275752.3992725,upstream_primary_proxy_NOT_surveyed_customer_geography,l2936270,m1209791,R07,0.6453840950499281,NOT_REQUIRED_FOR_SPLIT_PHASE,SOURCE_CUSTOMER_SERVICE_PATH,0.24,PRIMARY_PHASE_1,1,sx2936270a.1.2,transformer.t5218472a,25.0,line.tpx218472a0,156.0,5,3,6,27,0,1,UNVERIFIED,True,ENGINEERING_SCENARIO_NOT_FIELD_VERIFIED,PENDING
LV:sx2936271a,sx2936271a,LV_SPLIT_240,False,True,"1,2",1684406.7291782,12273686.1393025,upstream_primary_proxy_NOT_surveyed_customer_geography,l2936271,l2936271,R07,2.842307816064613,NOT_REQUIRED_FOR_SPLIT_PHASE,SOURCE_CUSTOMER_SERVICE_PATH,0.24,PRIMARY_PHASE_1,1,sx2936271a.1.2,transformer.t5260476a,15.0,line.tpx260476a0,156.0,5,3,6,27,0,1,UNVERIFIED,True,ENGINEERING_SCENARIO_NOT_FIELD_VERIFIED,PENDING
LV:sx2936275b,sx2936275b,LV_SPLIT_240,False,True,"1,2",1692308.56854556,12274176.098727,upstream_primary_proxy_NOT_surveyed_customer_geography,l2936275,m1186063,R07,1.6611535809976155,NOT_REQUIRED_FOR_SPLIT_PHASE,SOURCE_CUSTOMER_SERVICE_PATH,0.24,PRIMARY_PHASE_2,2,sx2936275b.1.2,transformer.t5157715b,10.0,line.tpx157715b0,156.0,5,3,6,27,0,1,UNVERIFIED,True,ENGINEERING_SCENARIO_NOT_FIELD_VERIFIED,PENDING
LV:sx2936276b,sx2936276b,LV_SPLIT_240,False,True,"1,2",1691418.95011273,12274415.1208072,upstream_primary_proxy_NOT_surveyed_customer_geography,l2936276,m1186063,R07,1.3699497018009468,NOT_REQUIRED_FOR_SPLIT_PHASE,SOURCE_CUSTOMER_SERVICE_PATH,0.24,PRIMARY_PHASE_2,2,sx2936276b.1.2,transformer.t5260458b,10.0,line.tpx260458b0,156.0,5,3,6,27,0,1,UNVERIFIED,True,ENGINEERING_SCENARIO_NOT_FIELD_VERIFIED,PENDING
LV:sx2936279c,sx2936279c,LV_SPLIT_240,False,True,"1,2",1680562.39970262,12270541.4107236,upstream_primary_proxy_NOT_surveyed_customer_geography,l2936279,l2936279,R01,4.18197510160719,NOT_REQUIRED_FOR_SPLIT_PHASE,SOURCE_CUSTOMER_SERVICE_PATH,0.24,PRIMARY_PHASE_3,3,sx2936279c.1.2,transformer.t5247184c,25.0,line.tpx247184c0,156.0,5,3,6,27,0,1,UNVERIFIED,True,ENGINEERING_SCENARIO_NOT_FIELD_VERIFIED,PENDING
LV:sx2937757c,sx2937757c,LV_SPLIT_240,False,True,"1,2",1692230.47011349,12281776.1284301,upstream_primary_proxy_NOT_surveyed_customer_geography,l2937757,m1209800,R07,3.742882494416089,NOT_REQUIRED_FOR_SPLIT_PHASE,SOURCE_CUSTOMER_SERVICE_PATH,0.24,PRIMARY_PHASE_3,3,sx2937757c.1.2,transformer.t227411650c,25.0,line.tpx227411650c0,156.0,5,3,6,27,0,1,UNVERIFIED,True,ENGINEERING_SCENARIO_NOT_FIELD_VERIFIED,PENDING
LV:sx2948732b,sx2948732b,LV_SPLIT_240,False,True,"1,2",1657764.13740939,12283586.0975838,upstream_primary_proxy_NOT_surveyed_customer_geography,l2948732,m1026829,R04,14.854173008771413,NOT_REQUIRED_FOR_SPLIT_PHASE,SOURCE_CUSTOMER_SERVICE_PATH,0.24,PRIMARY_PHASE_2,2,sx2948732b.1.2,transformer.t225571845b,15.0,line.tpx225571845b0,156.0,5,3,6,27,0,1,UNVERIFIED,True,ENGINEERING_SCENARIO_NOT_FIELD_VERIFIED,PENDING
LV:sx2951995c,sx2951995c,LV_SPLIT_240,False,True,"1,2",1673335.24526389,12273784.1442946,upstream_primary_proxy_NOT_surveyed_customer_geography,l2951995,m1069311,R06,13.081708003046348,NOT_REQUIRED_FOR_SPLIT_PHASE,SOURCE_CUSTOMER_SERVICE_PATH,0.24,PRIMARY_PHASE_3,3,sx2951995c.1.2,transformer.t226192801c,75.0,line.tpx226192801c0,156.0,5,3,6,27,0,1,UNVERIFIED,True,ENGINEERING_SCENARIO_NOT_FIELD_VERIFIED,PENDING
LV:sx2952003b,sx2952003b,LV_SPLIT_240,False,True,"1,2",1679983.17205408,12279289.5205558,upstream_primary_proxy_NOT_surveyed_customer_geography,l2952003,l2952003,R02,4.564038848684896,NOT_REQUIRED_FOR_SPLIT_PHASE,SOURCE_CUSTOMER_SERVICE_PATH,0.24,PRIMARY_PHASE_2,2,sx2952003b.1.2,transformer.t5337614b,25.0,line.tpx337614b0,156.0,5,3,6,27,0,1,UNVERIFIED,True,ENGINEERING_SCENARIO_NOT_FIELD_VERIFIED,PENDING
LV:sx2952007c,sx2952007c,LV_SPLIT_240,False,True,"1,2",1687211.45289281,12284312.6051044,upstream_primary_proxy_NOT_surveyed_customer_geography,l2952007,m1209800,R07,6.711233566230925,NOT_REQUIRED_FOR_SPLIT_PHASE,SOURCE_CUSTOMER_SERVICE_PATH,0.24,PRIMARY_PHASE_3,3,sx2952007c.1.2,transformer.t5251859c,25.0,line.tpx251859c0,156.0,5,3,6,27,0,1,UNVERIFIED,True,ENGINEERING_SCENARIO_NOT_FIELD_VERIFIED,PENDING
LV:sx2952013a,sx2952013a,LV_SPLIT_240,False,True,"1,2",1665885.60839295,12283009.6715992,upstream_primary_proxy_NOT_surveyed_customer_geography,l2952013,m1026851,R04,10.149455411399318,NOT_REQUIRED_FOR_SPLIT_PHASE,SOURCE_CUSTOMER_SERVICE_PATH,0.24,PRIMARY_PHASE_1,1,sx2952013a.1.2,transformer.t5355843a,10.0,line.tpx355843a0,156.0,5,3,6,27,0,1,UNVERIFIED,True,ENGINEERING_SCENARIO_NOT_FIELD_VERIFIED,PENDING
LV:sx2952014a,sx2952014a,LV_SPLIT_240,False,True,"1,2",1665035.13133616,12280902.1894853,upstream_primary_proxy_NOT_surveyed_customer_geography,l2952014,m1026851,R04,11.23256025569665,NOT_REQUIRED_FOR_SPLIT_PHASE,SOURCE_CUSTOMER_SERVICE_PATH,0.24,PRIMARY_PHASE_1,1,sx2952014a.1.2,transformer.t5294809a,15.0,line.tpx294809a0,156.0,5,3,6,27,0,1,UNVERIFIED,True,ENGINEERING_SCENARIO_NOT_FIELD_VERIFIED,PENDING
LV:sx2954338b,sx2954338b,LV_SPLIT_240,False,True,"1,2",1661452.79840482,12283717.3989599,upstream_primary_proxy_NOT_surveyed_customer_geography,l2954338,m1026829,R04,12.57579126528862,NOT_REQUIRED_FOR_SPLIT_PHASE,SOURCE_CUSTOMER_SERVICE_PATH,0.24,PRIMARY_PHASE_2,2,sx2954338b.1.2,transformer.t5355618b,25.0,line.tpx355618b0,156.0,5,3,6,27,0,1,UNVERIFIED,True,ENGINEERING_SCENARIO_NOT_FIELD_VERIFIED,PENDING
LV:sx2954339b,sx2954339b,LV_SPLIT_240,False,True,"1,2",1661965.6585653,12256750.5883108,upstream_primary_proxy_NOT_surveyed_customer_geography,l2954339,m1026328,R08,18.021421869367693,NOT_REQUIRED_FOR_SPLIT_PHASE,SOURCE_CUSTOMER_SERVICE_PATH,0.24,PRIMARY_PHASE_2,2,sx2954339b.1.2,transformer.t5391739b,25.0,line.tpx391739b0,156.0,5,3,6,27,0,1,UNVERIFIED,True,ENGINEERING_SCENARIO_NOT_FIELD_VERIFIED,PENDING
LV:sx2954344c,sx2954344c,LV_SPLIT_240,False,True,"1,2",1673898.13806441,12280676.938157,upstream_primary_proxy_NOT_surveyed_customer_geography,l2954344,m1069483,R06,10.623235192365275,NOT_REQUIRED_FOR_SPLIT_PHASE,SOURCE_CUSTOMER_SERVICE_PATH,0.24,PRIMARY_PHASE_3,3,sx2954344c.1.2,transformer.t5338959c,25.0,line.tpx338959c0,156.0,5,3,6,27,0,1,UNVERIFIED,True,ENGINEERING_SCENARIO_NOT_FIELD_VERIFIED,PENDING
LV:sx2954345c,sx2954345c,LV_SPLIT_240,False,True,"1,2",1669959.35073274,12285536.3506416,upstream_primary_proxy_NOT_surveyed_customer_geography,l2954345,m1047720,R05,9.836151804996454,NOT_REQUIRED_FOR_SPLIT_PHASE,SOURCE_CUSTOMER_SERVICE_PATH,0.24,PRIMARY_PHASE_3,3,sx2954345c.1.2,transformer.t5338915c,15.0,line.tpx338915c0,156.0,5,3,6,27,0,1,UNVERIFIED,True,ENGINEERING_SCENARIO_NOT_FIELD_VERIFIED,PENDING
LV:sx2954346b,sx2954346b,LV_SPLIT_240,False,True,"1,2",1671333.48910202,12293006.7501365,upstream_primary_proxy_NOT_surveyed_customer_geography,l2954346,m1047763,R05,14.223290450992948,NOT_REQUIRED_FOR_SPLIT_PHASE,SOURCE_CUSTOMER_SERVICE_PATH,0.24,PRIMARY_PHASE_2,2,sx2954346b.1.2,transformer.t5323397b,25.0,line.tpx323397b0,156.0,5,3,6,27,0,1,UNVERIFIED,True,ENGINEERING_SCENARIO_NOT_FIELD_VERIFIED,PENDING
LV:sx2954347b,sx2954347b,LV_SPLIT_240,False,True,"1,2",1665090.37818421,12288171.131316,upstream_primary_proxy_NOT_surveyed_customer_geography,l2954347,m1026954,R04,12.34046970559366,NOT_REQUIRED_FOR_SPLIT_PHASE,SOURCE_CUSTOMER_SERVICE_PATH,0.24,PRIMARY_PHASE_2,2,sx2954347b.1.2,transformer.t5321841b,25.0,line.tpx321841b0,156.0,5,3,6,27,0,1,UNVERIFIED,True,ENGINEERING_SCENARIO_NOT_FIELD_VERIFIED,PENDING
LV:sx2954348a,sx2954348a,LV_SPLIT_240,False,True,"1,2",1666582.1004256,12286302.2289143,upstream_primary_proxy_NOT_surveyed_customer_geography,l2954348,m1026854,R05,10.612427483559399,NOT_REQUIRED_FOR_SPLIT_PHASE,SOURCE_CUSTOMER_SERVICE_PATH,0.24,PRIMARY_PHASE_1,1,sx2954348a.1.2,transformer.t5356013a,25.0,line.tpx356013a0,156.0,5,3,6,27,0,1,UNVERIFIED,True,ENGINEERING_SCENARIO_NOT_FIELD_VERIFIED,PENDING
LV:sx2954349b,sx2954349b,LV_SPLIT_240,False,True,"1,2",1670646.29908538,12275985.9286167,upstream_primary_proxy_NOT_surveyed_customer_geography,l2954349,m1069376,R06,14.053288532839415,NOT_REQUIRED_FOR_SPLIT_PHASE,SOURCE_CUSTOMER_SERVICE_PATH,0.24,PRIMARY_PHASE_2,2,sx2954349b.1.2,transformer.t5337699b,25.0,line.tpx337699b0,156.0,5,3,6,27,0,1,UNVERIFIED,True,ENGINEERING_SCENARIO_NOT_FIELD_VERIFIED,PENDING
LV:sx2954350c,sx2954350c,LV_SPLIT_240,False,True,"1,2",1674465.15963294,12270427.3985635,upstream_primary_proxy_NOT_surveyed_customer_geography,l2954350,m1089112,R01,9.015773170500264,NOT_REQUIRED_FOR_SPLIT_PHASE,SOURCE_CUSTOMER_SERVICE_PATH,0.24,PRIMARY_PHASE_3,3,sx2954350c.1.2,transformer.t5302809c,15.0,line.tpx302809c0,156.0,5,3,6,27,0,1,UNVERIFIED,True,ENGINEERING_SCENARIO_NOT_FIELD_VERIFIED,PENDING
LV:sx2954351c,sx2954351c,LV_SPLIT_240,False,True,"1,2",1674035.96846454,12270514.2091876,upstream_primary_proxy_NOT_surveyed_customer_geography,l2954351,m1089112,R01,9.64665086243664,NOT_REQUIRED_FOR_SPLIT_PHASE,SOURCE_CUSTOMER_SERVICE_PATH,0.24,PRIMARY_PHASE_3,3,sx2954351c.1.2,transformer.t5302805c,15.0,line.tpx302805c0,156.0,5,3,6,27,0,1,UNVERIFIED,True,ENGINEERING_SCENARIO_NOT_FIELD_VERIFIED,PENDING
LV:sx2954352c,sx2954352c,LV_SPLIT_240,False,True,"1,2",1676066.50721843,12268170.4779854,upstream_primary_proxy_NOT_surveyed_customer_geography,l2954352,m1089112,R01,7.747980679281193,NOT_REQUIRED_FOR_SPLIT_PHASE,SOURCE_CUSTOMER_SERVICE_PATH,0.24,PRIMARY_PHASE_3,3,sx2954352c.1.2,transformer.t28127090c,25.0,line.tpx28127090c0,156.0,5,3,6,27,0,1,UNVERIFIED,True,ENGINEERING_SCENARIO_NOT_FIELD_VERIFIED,PENDING
LV:sx2954353a,sx2954353a,LV_SPLIT_240,False,True,"1,2",1670500.73953325,12282482.7211987,upstream_primary_proxy_NOT_surveyed_customer_geography,l2954353,m1047521,R03,7.579589957380211,NOT_REQUIRED_FOR_SPLIT_PHASE,SOURCE_CUSTOMER_SERVICE_PATH,0.24,PRIMARY_PHASE_1,1,sx2954353a.1.2,transformer.t5338945a,25.0,line.tpx338945a0,156.0,5,3,6,27,0,1,UNVERIFIED,True,ENGINEERING_SCENARIO_NOT_FIELD_VERIFIED,PENDING
LV:sx2954354a,sx2954354a,LV_SPLIT_240,False,True,"1,2",1669819.75905261,12264362.7790379,upstream_primary_proxy_NOT_surveyed_customer_geography,l2954354,m1047312,R08,12.393203186845206,NOT_REQUIRED_FOR_SPLIT_PHASE,SOURCE_CUSTOMER_SERVICE_PATH,0.24,PRIMARY_PHASE_1,1,sx2954354a.1.2,transformer.t5302675a,25.0,line.tpx302675a0,156.0,5,3,6,27,0,1,UNVERIFIED,True,ENGINEERING_SCENARIO_NOT_FIELD_VERIFIED,PENDING
LV:sx2954355a,sx2954355a,LV_SPLIT_240,False,True,"1,2",1666397.94016943,12277044.4619937,upstream_primary_proxy_NOT_surveyed_customer_geography,l2954355,m1026695,R03,11.828453768152709,NOT_REQUIRED_FOR_SPLIT_PHASE,SOURCE_CUSTOMER_SERVICE_PATH,0.24,PRIMARY_PHASE_1,1,sx2954355a.1.2,transformer.t5293672a,15.0,line.tpx293672a0,156.0,5,3,6,27,0,1,UNVERIFIED,True,ENGINEERING_SCENARIO_NOT_FIELD_VERIFIED,PENDING
LV:sx2954357a,sx2954357a,LV_SPLIT_240,False,True,"1,2",1667608.82017056,12285059.4615531,upstream_primary_proxy_NOT_surveyed_customer_geography,l2954357,m1026854,R05,10.351510945149103,NOT_REQUIRED_FOR_SPLIT_PHASE,SOURCE_CUSTOMER_SERVICE_PATH,0.24,PRIMARY_PHASE_1,1,sx2954357a.1.2,transformer.t5355936a,37.5,line.tpx355936a0,156.0,5,3,6,27,0,1,UNVERIFIED,True,ENGINEERING_SCENARIO_NOT_FIELD_VERIFIED,PENDING
LV:sx2954361b,sx2954361b,LV_SPLIT_240,False,True,"1,2",1673496.63995204,12288562.7212044,upstream_primary_proxy_NOT_surveyed_customer_geography,l2954361,m1069533,R03,9.271368029431232,NOT_REQUIRED_FOR_SPLIT_PHASE,SOURCE_CUSTOMER_SERVICE_PATH,0.24,PRIMARY_PHASE_2,2,sx2954361b.1.2,transformer.t21383494b,25.0,line.tpx21383494b0,156.0,5,3,6,27,0,1,UNVERIFIED,True,ENGINEERING_SCENARIO_NOT_FIELD_VERIFIED,PENDING
LV:sx2955005b,sx2955005b,LV_SPLIT_240,False,True,"1,2",1681613.5479916,12277926.1587625,upstream_primary_proxy_NOT_surveyed_customer_geography,l2955005,m1125976,R02,3.547304363039059,NOT_REQUIRED_FOR_SPLIT_PHASE,SOURCE_CUSTOMER_SERVICE_PATH,0.24,PRIMARY_PHASE_2,2,sx2955005b.1.2,transformer.t5260589b,15.0,line.tpx260589b0,156.0,5,3,6,27,0,1,UNVERIFIED,True,ENGINEERING_SCENARIO_NOT_FIELD_VERIFIED,PENDING
LV:sx2955006c,sx2955006c,LV_SPLIT_240,False,True,"1,2",1681124.10056714,12283565.0810077,upstream_primary_proxy_NOT_surveyed_customer_geography,l2955006,m1108529,R02,5.130742060440164,NOT_REQUIRED_FOR_SPLIT_PHASE,SOURCE_CUSTOMER_SERVICE_PATH,0.24,PRIMARY_PHASE_3,3,sx2955006c.1.2,transformer.t5356797c,25.0,line.tpx356797c0,156.0,5,3,6,27,0,1,UNVERIFIED,True,ENGINEERING_SCENARIO_NOT_FIELD_VERIFIED,PENDING
LV:sx2955047a,sx2955047a,LV_SPLIT_240,False,True,"1,2",1680741.10818279,12282264.0808145,upstream_primary_proxy_NOT_surveyed_customer_geography,l2955047,l2955047,R02,4.306660447543308,NOT_REQUIRED_FOR_SPLIT_PHASE,SOURCE_CUSTOMER_SERVICE_PATH,0.24,PRIMARY_PHASE_1,1,sx2955047a.1.2,transformer.t21469911a,25.0,line.tpx21469911a0,156.0,5,3,6,27,0,1,UNVERIFIED,True,ENGINEERING_SCENARIO_NOT_FIELD_VERIFIED,PENDING
LV:sx2955055b,sx2955055b,LV_SPLIT_240,False,True,"1,2",1683555.22812141,12271843.5987568,upstream_primary_proxy_NOT_surveyed_customer_geography,l2955055,m1125914,R01,3.9813611892832683,NOT_REQUIRED_FOR_SPLIT_PHASE,SOURCE_CUSTOMER_SERVICE_PATH,0.24,PRIMARY_PHASE_2,2,sx2955055b.1.2,transformer.t21249647b,25.0,line.tpx21249647b0,156.0,5,3,6,27,0,1,UNVERIFIED,True,ENGINEERING_SCENARIO_NOT_FIELD_VERIFIED,PENDING
LV:sx2955074a,sx2955074a,LV_SPLIT_240,False,True,"1,2",1684121.84008993,12273758.9497986,upstream_primary_proxy_NOT_surveyed_customer_geography,l2955074,l2955074,R07,2.728664276145787,NOT_REQUIRED_FOR_SPLIT_PHASE,SOURCE_CUSTOMER_SERVICE_PATH,0.24,PRIMARY_PHASE_1,1,sx2955074a.1.2,transformer.t5260479a,37.5,line.tpx260479a0,156.0,5,3,6,27,0,1,UNVERIFIED,True,ENGINEERING_SCENARIO_NOT_FIELD_VERIFIED,PENDING
LV:sx2955076a,sx2955076a,LV_SPLIT_240,False,True,"1,2",1686425.77455608,12276011.9218327,upstream_primary_proxy_NOT_surveyed_customer_geography,l2955076,m1142843,R07,2.418264833511474,NOT_REQUIRED_FOR_SPLIT_PHASE,SOURCE_CUSTOMER_SERVICE_PATH,0.24,PRIMARY_PHASE_1,1,sx2955076a.1.2,transformer.t21243817a,15.0,line.tpx21243817a0,156.0,5,3,6,27,0,1,UNVERIFIED,True,ENGINEERING_SCENARIO_NOT_FIELD_VERIFIED,PENDING
LV:sx2955077c,sx2955077c,LV_SPLIT_240,False,True,"1,2",1686223.89909989,12275501.1506322,upstream_primary_proxy_NOT_surveyed_customer_geography,l2955077,l2955077,R07,2.1085121179739055,NOT_REQUIRED_FOR_SPLIT_PHASE,SOURCE_CUSTOMER_SERVICE_PATH,0.24,PRIMARY_PHASE_3,3,sx2955077c.1.2,transformer.t5260543c,25.0,line.tpx260543c0,156.0,5,3,6,27,0,1,UNVERIFIED,True,ENGINEERING_SCENARIO_NOT_FIELD_VERIFIED,PENDING
LV:sx2955078a,sx2955078a,LV_SPLIT_240,False,True,"1,2",1686308.01865197,12275184.8779919,upstream_primary_proxy_NOT_surveyed_customer_geography,l2955078,m1142843,R07,2.1766362138537323,NOT_REQUIRED_FOR_SPLIT_PHASE,SOURCE_CUSTOMER_SERVICE_PATH,0.24,PRIMARY_PHASE_1,1,sx2955078a.1.2,transformer.t5260542a,25.0,line.tpx260542a0,156.0,5,3,6,27,0,1,UNVERIFIED,True,ENGINEERING_SCENARIO_NOT_FIELD_VERIFIED,PENDING
LV:sx2955081a,sx2955081a,LV_SPLIT_240,False,True,"1,2",1681629.19061561,12272081.019301,upstream_primary_proxy_NOT_surveyed_customer_geography,l2955081,l2955081,R01,3.4200285355413156,NOT_REQUIRED_FOR_SPLIT_PHASE,SOURCE_CUSTOMER_SERVICE_PATH,0.24,PRIMARY_PHASE_1,1,sx2955081a.1.2,transformer.t5260508a,15.0,line.tpx260508a0,156.0,5,3,6,27,0,1,UNVERIFIED,True,ENGINEERING_SCENARIO_NOT_FIELD_VERIFIED,PENDING
LV:sx2970258c,sx2970258c,LV_SPLIT_240,False,True,"1,2",1674352.58926484,12272802.6566777,upstream_primary_proxy_NOT_surveyed_customer_geography,l2970258,m1069311,R06,12.482042437669945,NOT_REQUIRED_FOR_SPLIT_PHASE,SOURCE_CUSTOMER_SERVICE_PATH,0.24,PRIMARY_PHASE_3,3,sx2970258c.1.2,transformer.t21459640c,37.5,line.tpx21459640c0,156.0,5,3,6,27,0,1,UNVERIFIED,True,ENGINEERING_SCENARIO_NOT_FIELD_VERIFIED,PENDING
LV:sx2970804c,sx2970804c,LV_SPLIT_240,False,True,"1,2",1685410.22050713,12287738.8271876,upstream_primary_proxy_NOT_surveyed_customer_geography,l2970804,m1209800,R07,8.71425249991097,NOT_REQUIRED_FOR_SPLIT_PHASE,SOURCE_CUSTOMER_SERVICE_PATH,0.24,PRIMARY_PHASE_3,3,sx2970804c.1.2,transformer.t5356787c,25.0,line.tpx356787c0,156.0,5,3,6,27,0,1,UNVERIFIED,True,ENGINEERING_SCENARIO_NOT_FIELD_VERIFIED,PENDING
LV:sx2970811a,sx2970811a,LV_SPLIT_240,False,True,"1,2",1663792.789959,12295744.7500111,upstream_primary_proxy_NOT_surveyed_customer_geography,l2970811,m1027055,R04,16.02100954344871,NOT_REQUIRED_FOR_SPLIT_PHASE,SOURCE_CUSTOMER_SERVICE_PATH,0.24,PRIMARY_PHASE_1,1,sx2970811a.1.2,transformer.t5321881a,25.0,line.tpx321881a0,156.0,5,3,6,27,0,1,UNVERIFIED,True,ENGINEERING_SCENARIO_NOT_FIELD_VERIFIED,PENDING
LV:sx2972704c,sx2972704c,LV_SPLIT_240,False,True,"1,2",1675326.21665774,12268914.2255701,upstream_primary_proxy_NOT_surveyed_customer_geography,l2972704,m1089112,R01,7.807813451396905,NOT_REQUIRED_FOR_SPLIT_PHASE,SOURCE_CUSTOMER_SERVICE_PATH,0.24,PRIMARY_PHASE_3,3,sx2972704c.1.2,transformer.t228445756c,15.0,line.tpx228445756c0,156.0,5,3,6,27,0,1,UNVERIFIED,True,ENGINEERING_SCENARIO_NOT_FIELD_VERIFIED,PENDING
LV:sx2972930a,sx2972930a,LV_SPLIT_240,False,True,"1,2",1669899.20097269,12283493.3354717,upstream_primary_proxy_NOT_surveyed_customer_geography,l2972930,m1047593,R05,8.346973548011185,NOT_REQUIRED_FOR_SPLIT_PHASE,SOURCE_CUSTOMER_SERVICE_PATH,0.24,PRIMARY_PHASE_1,1,sx2972930a.1.2,transformer.t5338927a,25.0,line.tpx338927a0,156.0,5,3,6,27,0,1,UNVERIFIED,True,ENGINEERING_SCENARIO_NOT_FIELD_VERIFIED,PENDING
LV:sx2973144c,sx2973144c,LV_SPLIT_240,False,True,"1,2",1675038.62011348,12266095.4116155,upstream_primary_proxy_NOT_surveyed_customer_geography,l2973144,m1089112,R01,9.197927456781423,NOT_REQUIRED_FOR_SPLIT_PHASE,SOURCE_CUSTOMER_SERVICE_PATH,0.24,PRIMARY_PHASE_3,3,sx2973144c.1.2,transformer.t5138466c,25.0,line.tpx138466c0,156.0,5,3,6,27,0,1,UNVERIFIED,True,ENGINEERING_SCENARIO_NOT_FIELD_VERIFIED,PENDING
LV:sx2973146b,sx2973146b,LV_SPLIT_240,False,True,"1,2",1659688.01222718,12283623.7889758,upstream_primary_proxy_NOT_surveyed_customer_geography,l2973146,m1026829,R04,14.020134444091433,NOT_REQUIRED_FOR_SPLIT_PHASE,SOURCE_CUSTOMER_SERVICE_PATH,0.24,PRIMARY_PHASE_2,2,sx2973146b.1.2,transformer.t28118903b,25.0,line.tpx28118903b0,156.0,5,3,6,27,0,1,UNVERIFIED,True,ENGINEERING_SCENARIO_NOT_FIELD_VERIFIED,PENDING
LV:sx2973148a,sx2973148a,LV_SPLIT_240,False,True,"1,2",1677305.03931559,12283638.2888158,upstream_primary_proxy_NOT_surveyed_customer_geography,l2973148,m1089203,R02,5.837382131897639,NOT_REQUIRED_FOR_SPLIT_PHASE,SOURCE_CUSTOMER_SERVICE_PATH,0.24,PRIMARY_PHASE_1,1,sx2973148a.1.2,transformer.t5339047a,25.0,line.tpx339047a0,156.0,5,3,6,27,0,1,UNVERIFIED,True,ENGINEERING_SCENARIO_NOT_FIELD_VERIFIED,PENDING
LV:sx2973149b,sx2973149b,LV_SPLIT_240,False,True,"1,2",1668991.60929184,12291180.5485348,upstream_primary_proxy_NOT_surveyed_customer_geography,l2973149,m1047763,R05,15.275805244001592,NOT_REQUIRED_FOR_SPLIT_PHASE,SOURCE_CUSTOMER_SERVICE_PATH,0.24,PRIMARY_PHASE_2,2,sx2973149b.1.2,transformer.t5325472b,15.0,line.tpx325472b0,156.0,5,3,6,27,0,1,UNVERIFIED,True,ENGINEERING_SCENARIO_NOT_FIELD_VERIFIED,PENDING
LV:sx2973150a,sx2973150a,LV_SPLIT_240,False,True,"1,2",1671837.56334249,12286491.8204665,upstream_primary_proxy_NOT_surveyed_customer_geography,l2973150,m1069514,R03,7.7023666437623115,NOT_REQUIRED_FOR_SPLIT_PHASE,SOURCE_CUSTOMER_SERVICE_PATH,0.24,PRIMARY_PHASE_1,1,sx2973150a.1.2,transformer.t21380528a,15.0,line.tpx21380528a0,156.0,5,3,6,27,0,1,UNVERIFIED,True,ENGINEERING_SCENARIO_NOT_FIELD_VERIFIED,PENDING
LV:sx2973151a,sx2973151a,LV_SPLIT_240,False,True,"1,2",1673727.53966425,12268104.8805453,upstream_primary_proxy_NOT_surveyed_customer_geography,l2973151,m1069169,R08,8.794527049983019,NOT_REQUIRED_FOR_SPLIT_PHASE,SOURCE_CUSTOMER_SERVICE_PATH,0.24,PRIMARY_PHASE_1,1,sx2973151a.1.2,transformer.t5138569a,15.0,line.tpx138569a0,156.0,5,3,6,27,0,1,UNVERIFIED,True,ENGINEERING_SCENARIO_NOT_FIELD_VERIFIED,PENDING
LV:sx2973152b,sx2973152b,LV_SPLIT_240,False,True,"1,2",1669197.74049204,12289153.2087569,upstream_primary_proxy_NOT_surveyed_customer_geography,l2973152,m1047763,R05,12.203673841879514,NOT_REQUIRED_FOR_SPLIT_PHASE,SOURCE_CUSTOMER_SERVICE_PATH,0.24,PRIMARY_PHASE_2,2,sx2973152b.1.2,transformer.t5323253b,25.0,line.tpx323253b0,156.0,5,3,6,27,0,1,UNVERIFIED,True,ENGINEERING_SCENARIO_NOT_FIELD_VERIFIED,PENDING
LV:sx2973153a,sx2973153a,LV_SPLIT_240,False,True,"1,2",1670296.77102106,12284293.5013604,upstream_primary_proxy_NOT_surveyed_customer_geography,l2973153,l2973153,R05,8.811429426118673,NOT_REQUIRED_FOR_SPLIT_PHASE,SOURCE_CUSTOMER_SERVICE_PATH,0.24,PRIMARY_PHASE_1,1,sx2973153a.1.2,transformer.t5338925a,15.0,line.tpx338925a0,156.0,5,3,6,27,0,1,UNVERIFIED,True,ENGINEERING_SCENARIO_NOT_FIELD_VERIFIED,PENDING
LV:sx2973154a,sx2973154a,LV_SPLIT_240,False,True,"1,2",1670826.33057355,12287978.0008198,upstream_primary_proxy_NOT_surveyed_customer_geography,l2973154,m1047763,R05,11.876091843917992,NOT_REQUIRED_FOR_SPLIT_PHASE,SOURCE_CUSTOMER_SERVICE_PATH,0.24,PRIMARY_PHASE_1,1,sx2973154a.1.2,transformer.t5338897a,15.0,line.tpx338897a0,156.0,5,3,6,27,0,1,UNVERIFIED,True,ENGINEERING_SCENARIO_NOT_FIELD_VERIFIED,PENDING
LV:sx2973155a,sx2973155a,LV_SPLIT_240,False,True,"1,2",1670269.04929303,12287698.2808836,upstream_primary_proxy_NOT_surveyed_customer_geography,l2973155,l2973155,R05,10.99100200616754,NOT_REQUIRED_FOR_SPLIT_PHASE,SOURCE_CUSTOMER_SERVICE_PATH,0.24,PRIMARY_PHASE_1,1,sx2973155a.1.2,transformer.t5338898a,15.0,line.tpx338898a0,156.0,5,3,6,27,0,1,UNVERIFIED,True,ENGINEERING_SCENARIO_NOT_FIELD_VERIFIED,PENDING
LV:sx2973156b,sx2973156b,LV_SPLIT_240,False,True,"1,2",1673317.46043187,12274385.0315912,upstream_primary_proxy_NOT_surveyed_customer_geography,l2973156,m1069376,R06,12.138544279515337,NOT_REQUIRED_FOR_SPLIT_PHASE,SOURCE_CUSTOMER_SERVICE_PATH,0.24,PRIMARY_PHASE_2,2,sx2973156b.1.2,transformer.t5337687b,15.0,line.tpx337687b0,156.0,5,3,6,27,0,1,UNVERIFIED,True,ENGINEERING_SCENARIO_NOT_FIELD_VERIFIED,PENDING
LV:sx2973157a,sx2973157a,LV_SPLIT_240,False,True,"1,2",1670514.44065326,12273264.4110461,upstream_primary_proxy_NOT_surveyed_customer_geography,l2973157,m1026695,R03,15.24505637753801,NOT_REQUIRED_FOR_SPLIT_PHASE,SOURCE_CUSTOMER_SERVICE_PATH,0.24,PRIMARY_PHASE_1,1,sx2973157a.1.2,transformer.t5337722a,25.0,line.tpx337722a0,156.0,5,3,6,27,0,1,UNVERIFIED,True,ENGINEERING_SCENARIO_NOT_FIELD_VERIFIED,PENDING
LV:sx2973158c,sx2973158c,LV_SPLIT_240,False,True,"1,2",1676386.45806673,12268986.3888982,upstream_primary_proxy_NOT_surveyed_customer_geography,l2973158,m1089118,R01,6.993136496423488,NOT_REQUIRED_FOR_SPLIT_PHASE,SOURCE_CUSTOMER_SERVICE_PATH,0.24,PRIMARY_PHASE_3,3,sx2973158c.1.2,transformer.t5138259c,15.0,line.tpx138259c0,156.0,5,3,6,27,0,1,UNVERIFIED,True,ENGINEERING_SCENARIO_NOT_FIELD_VERIFIED,PENDING
LV:sx2973159a,sx2973159a,LV_SPLIT_240,False,True,"1,2",1667443.8250984,12275951.5795606,upstream_primary_proxy_NOT_surveyed_customer_geography,l2973159,m1026695,R03,12.877568091237189,NOT_REQUIRED_FOR_SPLIT_PHASE,SOURCE_CUSTOMER_SERVICE_PATH,0.24,PRIMARY_PHASE_1,1,sx2973159a.1.2,transformer.t21398536a,15.0,line.tpx21398536a0,156.0,5,3,6,27,0,1,UNVERIFIED,True,ENGINEERING_SCENARIO_NOT_FIELD_VERIFIED,PENDING
LV:sx2973160b,sx2973160b,LV_SPLIT_240,False,True,"1,2",1669182.90887602,12282460.4594387,upstream_primary_proxy_NOT_surveyed_customer_geography,l2973160,m1047552,R05,8.27213814498206,NOT_REQUIRED_FOR_SPLIT_PHASE,SOURCE_CUSTOMER_SERVICE_PATH,0.24,PRIMARY_PHASE_2,2,sx2973160b.1.2,transformer.t5338935b,15.0,line.tpx338935b0,156.0,5,3,6,27,0,1,UNVERIFIED,True,ENGINEERING_SCENARIO_NOT_FIELD_VERIFIED,PENDING
LV:sx2973161a,sx2973161a,LV_SPLIT_240,False,True,"1,2",1668264.59796317,12280087.0609085,upstream_primary_proxy_NOT_surveyed_customer_geography,l2973161,m1026783,R03,9.876415389084423,NOT_REQUIRED_FOR_SPLIT_PHASE,SOURCE_CUSTOMER_SERVICE_PATH,0.24,PRIMARY_PHASE_1,1,sx2973161a.1.2,transformer.t5293592a,37.5,line.tpx293592a0,156.0,5,3,6,27,0,1,UNVERIFIED,True,ENGINEERING_SCENARIO_NOT_FIELD_VERIFIED,PENDING
LV:sx2973162b,sx2973162b,LV_SPLIT_240,False,True,"1,2",1667209.50932218,12260500.2387463,upstream_primary_proxy_NOT_surveyed_customer_geography,l2973162,l2973162,R08,14.114950717020594,NOT_REQUIRED_FOR_SPLIT_PHASE,SOURCE_CUSTOMER_SERVICE_PATH,0.24,PRIMARY_PHASE_2,2,sx2973162b.1.2,transformer.t5302375b,15.0,line.tpx302375b0,156.0,5,3,6,27,0,1,UNVERIFIED,True,ENGINEERING_SCENARIO_NOT_FIELD_VERIFIED,PENDING
LV:sx2973163b,sx2973163b,LV_SPLIT_240,False,True,"1,2",1664810.08890395,12258187.8091761,upstream_primary_proxy_NOT_surveyed_customer_geography,l2973163,m1026328,R08,16.053961964161964,NOT_REQUIRED_FOR_SPLIT_PHASE,SOURCE_CUSTOMER_SERVICE_PATH,0.24,PRIMARY_PHASE_2,2,sx2973163b.1.2,transformer.t5391753b,10.0,line.tpx391753b0,156.0,5,3,6,27,0,1,UNVERIFIED,True,ENGINEERING_SCENARIO_NOT_FIELD_VERIFIED,PENDING
LV:sx2973164a,sx2973164a,LV_SPLIT_240,False,True,"1,2",1667597.83060255,12262647.3087003,upstream_primary_proxy_NOT_surveyed_customer_geography,l2973164,m1026341,R08,15.267372028176307,NOT_REQUIRED_FOR_SPLIT_PHASE,SOURCE_CUSTOMER_SERVICE_PATH,0.24,PRIMARY_PHASE_1,1,sx2973164a.1.2,transformer.t5302514a,10.0,line.tpx302514a0,156.0,5,3,6,27,0,1,UNVERIFIED,True,ENGINEERING_SCENARIO_NOT_FIELD_VERIFIED,PENDING
LV:sx2973165a,sx2973165a,LV_SPLIT_240,False,True,"1,2",1666694.1506017,12284031.2017122,upstream_primary_proxy_NOT_surveyed_customer_geography,l2973165,m1026854,R05,9.210947750843431,NOT_REQUIRED_FOR_SPLIT_PHASE,SOURCE_CUSTOMER_SERVICE_PATH,0.24,PRIMARY_PHASE_1,1,sx2973165a.1.2,transformer.t5355942a,25.0,line.tpx355942a0,156.0,5,3,6,27,0,1,UNVERIFIED,True,ENGINEERING_SCENARIO_NOT_FIELD_VERIFIED,PENDING
LV:sx2973166c,sx2973166c,LV_SPLIT_240,False,True,"1,2",1665185.7617363,12277941.0190505,upstream_primary_proxy_NOT_surveyed_customer_geography,l2973166,m1026709,R03,12.116964952002617,NOT_REQUIRED_FOR_SPLIT_PHASE,SOURCE_CUSTOMER_SERVICE_PATH,0.24,PRIMARY_PHASE_3,3,sx2973166c.1.2,transformer.t5293665c,25.0,line.tpx293665c0,156.0,5,3,6,27,0,1,UNVERIFIED,True,ENGINEERING_SCENARIO_NOT_FIELD_VERIFIED,PENDING
LV:sx2973167b,sx2973167b,LV_SPLIT_240,False,True,"1,2",1666159.20890521,12278035.1901866,upstream_primary_proxy_NOT_surveyed_customer_geography,l2973167,l2973167,R03,11.402174112728693,NOT_REQUIRED_FOR_SPLIT_PHASE,SOURCE_CUSTOMER_SERVICE_PATH,0.24,PRIMARY_PHASE_2,2,sx2973167b.1.2,transformer.t5293656b,15.0,line.tpx293656b0,156.0,5,3,6,27,0,1,UNVERIFIED,True,ENGINEERING_SCENARIO_NOT_FIELD_VERIFIED,PENDING
LV:sx2973169a,sx2973169a,LV_SPLIT_240,False,True,"1,2",1663562.76679079,12280407.8719168,upstream_primary_proxy_NOT_surveyed_customer_geography,l2973169,m1009770,R04,14.636824665145708,NOT_REQUIRED_FOR_SPLIT_PHASE,SOURCE_CUSTOMER_SERVICE_PATH,0.24,PRIMARY_PHASE_1,1,sx2973169a.1.2,transformer.t21397304a,15.0,line.tpx21397304a0,156.0,5,3,6,27,0,1,UNVERIFIED,True,ENGINEERING_SCENARIO_NOT_FIELD_VERIFIED,PENDING
LV:sx2973171b,sx2973171b,LV_SPLIT_240,False,True,"1,2",1675053.05851349,12286954.2015229,upstream_primary_proxy_NOT_surveyed_customer_geography,l2973171,m1069533,R03,7.712856713102762,NOT_REQUIRED_FOR_SPLIT_PHASE,SOURCE_CUSTOMER_SERVICE_PATH,0.24,PRIMARY_PHASE_2,2,sx2973171b.1.2,transformer.t5339012b,25.0,line.tpx339012b0,156.0,5,3,6,27,0,1,UNVERIFIED,True,ENGINEERING_SCENARIO_NOT_FIELD_VERIFIED,PENDING
LV:sx2973178b,sx2973178b,LV_SPLIT_240,False,True,"1,2",1673755.56859228,12277242.6920098,upstream_primary_proxy_NOT_surveyed_customer_geography,l2973178,m1069428,R06,10.964500776763693,NOT_REQUIRED_FOR_SPLIT_PHASE,SOURCE_CUSTOMER_SERVICE_PATH,0.24,PRIMARY_PHASE_2,2,sx2973178b.1.2,transformer.t5337665b,15.0,line.tpx337665b0,156.0,5,3,6,27,0,1,UNVERIFIED,True,ENGINEERING_SCENARIO_NOT_FIELD_VERIFIED,PENDING
LV:sx2973180b,sx2973180b,LV_SPLIT_240,False,True,"1,2",1668487.94465137,12277459.8291621,upstream_primary_proxy_NOT_surveyed_customer_geography,l2973180,m1069376,R06,15.3872597094638,NOT_REQUIRED_FOR_SPLIT_PHASE,SOURCE_CUSTOMER_SERVICE_PATH,0.24,PRIMARY_PHASE_2,2,sx2973180b.1.2,transformer.t21398646b,25.0,line.tpx21398646b0,156.0,5,3,6,27,0,1,UNVERIFIED,True,ENGINEERING_SCENARIO_NOT_FIELD_VERIFIED,PENDING
LV:sx2973791a,sx2973791a,LV_SPLIT_240,False,True,"1,2",1681551.85813554,12279879.0906043,upstream_primary_proxy_NOT_surveyed_customer_geography,l2973791,l2973791,R02,3.7267601577564666,NOT_REQUIRED_FOR_SPLIT_PHASE,SOURCE_CUSTOMER_SERVICE_PATH,0.24,PRIMARY_PHASE_1,1,sx2973791a.1.2,transformer.t5260605a,50.0,line.tpx260605a0,156.0,5,3,6,27,0,1,UNVERIFIED,True,ENGINEERING_SCENARIO_NOT_FIELD_VERIFIED,PENDING
LV:sx2973833b,sx2973833b,LV_SPLIT_240,False,True,"1,2",1688662.14140616,12275322.6305681,upstream_primary_proxy_NOT_surveyed_customer_geography,l2973833,l2973833,R07,1.5291072480168404,NOT_REQUIRED_FOR_SPLIT_PHASE,SOURCE_CUSTOMER_SERVICE_PATH,0.24,PRIMARY_PHASE_2,2,sx2973833b.1.2,transformer.t5260630b,15.0,line.tpx260630b0,156.0,5,3,6,27,0,1,UNVERIFIED,True,ENGINEERING_SCENARIO_NOT_FIELD_VERIFIED,PENDING
LV:sx2983432a,sx2983432a,LV_SPLIT_240,False,True,"1,2",1669626.09607643,12285173.3057772,upstream_primary_proxy_NOT_surveyed_customer_geography,l2983432,m1047699,R05,9.53799357269401,NOT_REQUIRED_FOR_SPLIT_PHASE,SOURCE_CUSTOMER_SERVICE_PATH,0.24,PRIMARY_PHASE_1,1,sx2983432a.1.2,transformer.t225534325a,25.0,line.tpx225534325a0,156.0,5,3,6,27,0,1,UNVERIFIED,True,ENGINEERING_SCENARIO_NOT_FIELD_VERIFIED,PENDING
LV:sx2989432b,sx2989432b,LV_SPLIT_240,False,True,"1,2",1670981.5812617,12291021.1240227,upstream_primary_proxy_NOT_surveyed_customer_geography,l2989432,m1047763,R05,13.165121342286842,NOT_REQUIRED_FOR_SPLIT_PHASE,SOURCE_CUSTOMER_SERVICE_PATH,0.24,PRIMARY_PHASE_2,2,sx2989432b.1.2,transformer.t226163575b,25.0,line.tpx226163575b0,156.0,5,3,6,27,0,1,UNVERIFIED,True,ENGINEERING_SCENARIO_NOT_FIELD_VERIFIED,PENDING
LV:sx2989564b,sx2989564b,LV_SPLIT_240,False,True,"1,2",1673941.77275245,12289419.7027092,upstream_primary_proxy_NOT_surveyed_customer_geography,l2989564,m1069533,R03,9.51648250909226,NOT_REQUIRED_FOR_SPLIT_PHASE,SOURCE_CUSTOMER_SERVICE_PATH,0.24,PRIMARY_PHASE_2,2,sx2989564b.1.2,transformer.t5323286b,15.0,line.tpx323286b0,156.0,5,3,6,27,0,1,UNVERIFIED,True,ENGINEERING_SCENARIO_NOT_FIELD_VERIFIED,PENDING
LV:sx2989565a,sx2989565a,LV_SPLIT_240,False,True,"1,2",1682055.58012001,12272283.4067572,upstream_primary_proxy_NOT_surveyed_customer_geography,l2989565,m1125902,R01,3.4259959965220075,NOT_REQUIRED_FOR_SPLIT_PHASE,SOURCE_CUSTOMER_SERVICE_PATH,0.24,PRIMARY_PHASE_1,1,sx2989565a.1.2,transformer.t21389237a,25.0,line.tpx21389237a0,156.0,5,3,6,27,0,1,UNVERIFIED,True,ENGINEERING_SCENARIO_NOT_FIELD_VERIFIED,PENDING
LV:sx2989566b,sx2989566b,LV_SPLIT_240,False,True,"1,2",1681174.62472719,12279294.0179638,upstream_primary_proxy_NOT_surveyed_customer_geography,l2989566,l2989566,R02,3.8857916100279204,NOT_REQUIRED_FOR_SPLIT_PHASE,SOURCE_CUSTOMER_SERVICE_PATH,0.24,PRIMARY_PHASE_2,2,sx2989566b.1.2,transformer.t5260602b,15.0,line.tpx260602b0,156.0,5,3,6,27,0,1,UNVERIFIED,True,ENGINEERING_SCENARIO_NOT_FIELD_VERIFIED,PENDING
LV:sx2989571a,sx2989571a,LV_SPLIT_240,False,True,"1,2",1661645.232581,12293553.963449,upstream_primary_proxy_NOT_surveyed_customer_geography,l2989571,m1027055,R04,17.616654162622325,NOT_REQUIRED_FOR_SPLIT_PHASE,SOURCE_CUSTOMER_SERVICE_PATH,0.24,PRIMARY_PHASE_1,1,sx2989571a.1.2,transformer.t225991691a,15.0,line.tpx225991691a0,156.0,5,3,6,27,0,1,UNVERIFIED,True,ENGINEERING_SCENARIO_NOT_FIELD_VERIFIED,PENDING
LV:sx2990098a,sx2990098a,LV_SPLIT_240,False,True,"1,2",1680674.69154272,12280145.9654846,upstream_primary_proxy_NOT_surveyed_customer_geography,l2990098,m1108378,R02,4.541352424080866,NOT_REQUIRED_FOR_SPLIT_PHASE,SOURCE_CUSTOMER_SERVICE_PATH,0.24,PRIMARY_PHASE_1,1,sx2990098a.1.2,transformer.t226308721a,50.0,line.tpx226308721a0,156.0,5,3,6,27,0,1,UNVERIFIED,True,ENGINEERING_SCENARIO_NOT_FIELD_VERIFIED,PENDING
LV:sx2990826a,sx2990826a,LV_SPLIT_240,False,True,"1,2",1678542.04770074,12279603.163564,upstream_primary_proxy_NOT_surveyed_customer_geography,l2990826,l2990826,R02,5.558983840773196,NOT_REQUIRED_FOR_SPLIT_PHASE,SOURCE_CUSTOMER_SERVICE_PATH,0.24,PRIMARY_PHASE_1,1,sx2990826a.1.2,transformer.t5337619a,25.0,line.tpx337619a0,156.0,5,3,6,27,0,1,UNVERIFIED,True,ENGINEERING_SCENARIO_NOT_FIELD_VERIFIED,PENDING
LV:sx2990826b,sx2990826b,LV_SPLIT_240,False,True,"1,2",1678542.04770074,12279603.163564,upstream_primary_proxy_NOT_surveyed_customer_geography,l2990826,l2990826,R02,5.558983840773196,NOT_REQUIRED_FOR_SPLIT_PHASE,SOURCE_CUSTOMER_SERVICE_PATH,0.24,PRIMARY_PHASE_2,2,sx2990826b.1.2,transformer.t5337619b,25.0,line.tpx337619b0,156.0,5,3,6,27,0,1,UNVERIFIED,True,ENGINEERING_SCENARIO_NOT_FIELD_VERIFIED,PENDING
LV:sx2990826c,sx2990826c,LV_SPLIT_240,False,True,"1,2",1678542.04770074,12279603.163564,upstream_primary_proxy_NOT_surveyed_customer_geography,l2990826,l2990826,R02,5.558983840773196,NOT_REQUIRED_FOR_SPLIT_PHASE,SOURCE_CUSTOMER_SERVICE_PATH,0.24,PRIMARY_PHASE_3,3,sx2990826c.1.2,transformer.t5337619c,25.0,line.tpx337619c0,156.0,5,3,6,27,0,1,UNVERIFIED,True,ENGINEERING_SCENARIO_NOT_FIELD_VERIFIED,PENDING
LV:sx2991640c,sx2991640c,LV_SPLIT_240,False,True,"1,2",1678042.12680427,12275646.7511444,upstream_primary_proxy_NOT_surveyed_customer_geography,l2991640,m1108315,R01,6.876743912792015,NOT_REQUIRED_FOR_SPLIT_PHASE,SOURCE_CUSTOMER_SERVICE_PATH,0.24,PRIMARY_PHASE_3,3,sx2991640c.1.2,transformer.t229106135c,10.0,line.tpx229106135c0,156.0,5,3,6,27,0,1,UNVERIFIED,True,ENGINEERING_SCENARIO_NOT_FIELD_VERIFIED,PENDING
LV:sx2991901b,sx2991901b,LV_SPLIT_240,False,True,"1,2",1659446.58989095,12284113.2896482,upstream_primary_proxy_NOT_surveyed_customer_geography,l2991901,m1026829,R04,13.862575559082668,NOT_REQUIRED_FOR_SPLIT_PHASE,SOURCE_CUSTOMER_SERVICE_PATH,0.24,PRIMARY_PHASE_2,2,sx2991901b.1.2,transformer.t5354851b,25.0,line.tpx354851b0,156.0,5,3,6,27,0,1,UNVERIFIED,True,ENGINEERING_SCENARIO_NOT_FIELD_VERIFIED,PENDING
LV:sx2991902b,sx2991902b,LV_SPLIT_240,False,True,"1,2",1662976.92819824,12257352.6101993,upstream_primary_proxy_NOT_surveyed_customer_geography,l2991902,m1026328,R08,17.25338864607237,NOT_REQUIRED_FOR_SPLIT_PHASE,SOURCE_CUSTOMER_SERVICE_PATH,0.24,PRIMARY_PHASE_2,2,sx2991902b.1.2,transformer.t5391748b,25.0,line.tpx391748b0,156.0,5,3,6,27,0,1,UNVERIFIED,True,ENGINEERING_SCENARIO_NOT_FIELD_VERIFIED,PENDING
LV:sx2991905a,sx2991905a,LV_SPLIT_240,False,True,"1,2",1673674.84872021,12274910.5156237,upstream_primary_proxy_NOT_surveyed_customer_geography,l2991905,m1069411,R06,11.709928676534703,NOT_REQUIRED_FOR_SPLIT_PHASE,SOURCE_CUSTOMER_SERVICE_PATH,0.24,PRIMARY_PHASE_1,1,sx2991905a.1.2,transformer.t28148633a,37.5,line.tpx28148633a0,156.0,5,3,6,27,0,1,UNVERIFIED,True,ENGINEERING_SCENARIO_NOT_FIELD_VERIFIED,PENDING
LV:sx2991906a,sx2991906a,LV_SPLIT_240,False,True,"1,2",1677904.07931614,12270845.2683879,upstream_primary_proxy_NOT_surveyed_customer_geography,l2991906,m1089143,R01,6.550147347302118,NOT_REQUIRED_FOR_SPLIT_PHASE,SOURCE_CUSTOMER_SERVICE_PATH,0.24,PRIMARY_PHASE_1,1,sx2991906a.1.2,transformer.t5247060a,10.0,line.tpx247060a0,156.0,5,3,6,27,0,1,UNVERIFIED,True,ENGINEERING_SCENARIO_NOT_FIELD_VERIFIED,PENDING
LV:sx2991907a,sx2991907a,LV_SPLIT_240,False,True,"1,2",1674645.60072111,12268033.6183373,upstream_primary_proxy_NOT_surveyed_customer_geography,l2991907,m1069169,R08,8.182244521801262,NOT_REQUIRED_FOR_SPLIT_PHASE,SOURCE_CUSTOMER_SERVICE_PATH,0.24,PRIMARY_PHASE_1,1,sx2991907a.1.2,transformer.t5138574a,25.0,line.tpx138574a0,156.0,5,3,6,27,0,1,UNVERIFIED,True,ENGINEERING_SCENARIO_NOT_FIELD_VERIFIED,PENDING
LV:sx2991908a,sx2991908a,LV_SPLIT_240,False,True,"1,2",1670441.72846119,12286783.2508667,upstream_primary_proxy_NOT_surveyed_customer_geography,l2991908,m1047737,R05,10.580248705165259,NOT_REQUIRED_FOR_SPLIT_PHASE,SOURCE_CUSTOMER_SERVICE_PATH,0.24,PRIMARY_PHASE_1,1,sx2991908a.1.2,transformer.t5338900a,15.0,line.tpx338900a0,156.0,5,3,6,27,0,1,UNVERIFIED,True,ENGINEERING_SCENARIO_NOT_FIELD_VERIFIED,PENDING
LV:sx2991909a,sx2991909a,LV_SPLIT_240,False,True,"1,2",1663922.46112712,12285358.5105134,upstream_primary_proxy_NOT_surveyed_customer_geography,l2991909,m1026905,R04,10.308064654999203,NOT_REQUIRED_FOR_SPLIT_PHASE,SOURCE_CUSTOMER_SERVICE_PATH,0.24,PRIMARY_PHASE_1,1,sx2991909a.1.2,transformer.t5355773a,25.0,line.tpx355773a0,156.0,5,3,6,27,0,1,UNVERIFIED,True,ENGINEERING_SCENARIO_NOT_FIELD_VERIFIED,PENDING
LV:sx2991910b,sx2991910b,LV_SPLIT_240,False,True,"1,2",1672297.38849492,12275295.691176,upstream_primary_proxy_NOT_surveyed_customer_geography,l2991910,m1069376,R06,12.939920134976143,NOT_REQUIRED_FOR_SPLIT_PHASE,SOURCE_CUSTOMER_SERVICE_PATH,0.24,PRIMARY_PHASE_2,2,sx2991910b.1.2,transformer.t5337694b,15.0,line.tpx337694b0,156.0,5,3,6,27,0,1,UNVERIFIED,True,ENGINEERING_SCENARIO_NOT_FIELD_VERIFIED,PENDING
LV:sx2991911c,sx2991911c,LV_SPLIT_240,False,True,"1,2",1675969.41153834,12268742.3615059,upstream_primary_proxy_NOT_surveyed_customer_geography,l2991911,m1089115,R01,7.276331246697437,NOT_REQUIRED_FOR_SPLIT_PHASE,SOURCE_CUSTOMER_SERVICE_PATH,0.24,PRIMARY_PHASE_3,3,sx2991911c.1.2,transformer.t5138258c,15.0,line.tpx138258c0,156.0,5,3,6,27,0,1,UNVERIFIED,True,ENGINEERING_SCENARIO_NOT_FIELD_VERIFIED,PENDING
LV:sx2991912a,sx2991912a,LV_SPLIT_240,False,True,"1,2",1678450.26862865,12270101.4716512,upstream_primary_proxy_NOT_surveyed_customer_geography,l2991912,m1089143,R01,5.570402336958762,NOT_REQUIRED_FOR_SPLIT_PHASE,SOURCE_CUSTOMER_SERVICE_PATH,0.24,PRIMARY_PHASE_1,1,sx2991912a.1.2,transformer.t5247056a,15.0,line.tpx247056a0,156.0,5,3,6,27,0,1,UNVERIFIED,True,ENGINEERING_SCENARIO_NOT_FIELD_VERIFIED,PENDING
LV:sx2991913a,sx2991913a,LV_SPLIT_240,False,True,"1,2",1674770.58196923,12268432.4704336,upstream_primary_proxy_NOT_surveyed_customer_geography,l2991913,m1069169,R08,8.469343815896313,NOT_REQUIRED_FOR_SPLIT_PHASE,SOURCE_CUSTOMER_SERVICE_PATH,0.24,PRIMARY_PHASE_1,1,sx2991913a.1.2,transformer.t5138571a,15.0,line.tpx138571a0,156.0,5,3,6,27,0,1,UNVERIFIED,True,ENGINEERING_SCENARIO_NOT_FIELD_VERIFIED,PENDING
LV:sx2991914c,sx2991914c,LV_SPLIT_240,False,True,"1,2",1669053.9790839,12281719.001518,upstream_primary_proxy_NOT_surveyed_customer_geography,l2991914,l2991914,R03,8.511728539679343,NOT_REQUIRED_FOR_SPLIT_PHASE,SOURCE_CUSTOMER_SERVICE_PATH,0.24,PRIMARY_PHASE_3,3,sx2991914c.1.2,transformer.t5338941c,15.0,line.tpx338941c0,156.0,5,3,6,27,0,1,UNVERIFIED,True,ENGINEERING_SCENARIO_NOT_FIELD_VERIFIED,PENDING
LV:sx2991915b,sx2991915b,LV_SPLIT_240,False,True,"1,2",1667888.15917882,12278376.7187629,upstream_primary_proxy_NOT_surveyed_customer_geography,l2991915,m1069376,R06,15.863759201049731,NOT_REQUIRED_FOR_SPLIT_PHASE,SOURCE_CUSTOMER_SERVICE_PATH,0.24,PRIMARY_PHASE_2,2,sx2991915b.1.2,transformer.t5392036b,25.0,line.tpx392036b0,156.0,5,3,6,27,0,1,UNVERIFIED,True,ENGINEERING_SCENARIO_NOT_FIELD_VERIFIED,PENDING
LV:sx2991916b,sx2991916b,LV_SPLIT_240,False,True,"1,2",1668592.54829947,12277959.7705385,upstream_primary_proxy_NOT_surveyed_customer_geography,l2991916,m1069376,R06,15.733105820872485,NOT_REQUIRED_FOR_SPLIT_PHASE,SOURCE_CUSTOMER_SERVICE_PATH,0.24,PRIMARY_PHASE_2,2,sx2991916b.1.2,transformer.t5337710b,25.0,line.tpx337710b0,156.0,5,3,6,27,0,1,UNVERIFIED,True,ENGINEERING_SCENARIO_NOT_FIELD_VERIFIED,PENDING
LV:sx2991917b,sx2991917b,LV_SPLIT_240,False,True,"1,2",1666122.95930517,12259270.2386171,upstream_primary_proxy_NOT_surveyed_customer_geography,l2991917,m1026328,R08,15.119571596078428,NOT_REQUIRED_FOR_SPLIT_PHASE,SOURCE_CUSTOMER_SERVICE_PATH,0.24,PRIMARY_PHASE_2,2,sx2991917b.1.2,transformer.t5391757b,10.0,line.tpx391757b0,156.0,5,3,6,27,0,1,UNVERIFIED,True,ENGINEERING_SCENARIO_NOT_FIELD_VERIFIED,PENDING
LV:sx2991918b,sx2991918b,LV_SPLIT_240,False,True,"1,2",1663254.6083265,12257489.3182955,upstream_primary_proxy_NOT_surveyed_customer_geography,l2991918,m1026328,R08,17.10774323802303,NOT_REQUIRED_FOR_SPLIT_PHASE,SOURCE_CUSTOMER_SERVICE_PATH,0.24,PRIMARY_PHASE_2,2,sx2991918b.1.2,transformer.t5391749b,25.0,line.tpx391749b0,156.0,5,3,6,27,0,1,UNVERIFIED,True,ENGINEERING_SCENARIO_NOT_FIELD_VERIFIED,PENDING
LV:sx2991919a,sx2991919a,LV_SPLIT_240,False,True,"1,2",1667350.28884232,12261158.4700429,upstream_primary_proxy_NOT_surveyed_customer_geography,l2991919,m1026341,R08,14.27394803934302,NOT_REQUIRED_FOR_SPLIT_PHASE,SOURCE_CUSTOMER_SERVICE_PATH,0.24,PRIMARY_PHASE_1,1,sx2991919a.1.2,transformer.t5302400a,15.0,line.tpx302400a0,156.0,5,3,6,27,0,1,UNVERIFIED,True,ENGINEERING_SCENARIO_NOT_FIELD_VERIFIED,PENDING
LV:sx2991920a,sx2991920a,LV_SPLIT_240,False,True,"1,2",1667594.68897054,12261426.3197711,upstream_primary_proxy_NOT_surveyed_customer_geography,l2991920,m1026341,R08,14.544362923550024,NOT_REQUIRED_FOR_SPLIT_PHASE,SOURCE_CUSTOMER_SERVICE_PATH,0.24,PRIMARY_PHASE_1,1,sx2991920a.1.2,transformer.t28118822a,15.0,line.tpx28118822a0,156.0,5,3,6,27,0,1,UNVERIFIED,True,ENGINEERING_SCENARIO_NOT_FIELD_VERIFIED,PENDING
LV:sx2991921c,sx2991921c,LV_SPLIT_240,False,True,"1,2",1668948.3309558,12263759.5734053,upstream_primary_proxy_NOT_surveyed_customer_geography,l2991921,m1047303,R08,13.120169455450384,NOT_REQUIRED_FOR_SPLIT_PHASE,SOURCE_CUSTOMER_SERVICE_PATH,0.24,PRIMARY_PHASE_3,3,sx2991921c.1.2,transformer.t28129399c,25.0,line.tpx28129399c0,156.0,5,3,6,27,0,1,UNVERIFIED,True,ENGINEERING_SCENARIO_NOT_FIELD_VERIFIED,PENDING
LV:sx2991922a,sx2991922a,LV_SPLIT_240,False,True,"1,2",1671718.18132638,12264532.099486,upstream_primary_proxy_NOT_surveyed_customer_geography,l2991922,l2991922,R08,10.569125990801115,NOT_REQUIRED_FOR_SPLIT_PHASE,SOURCE_CUSTOMER_SERVICE_PATH,0.24,PRIMARY_PHASE_1,1,sx2991922a.1.2,transformer.t5302734a,15.0,line.tpx302734a0,156.0,5,3,6,27,0,1,UNVERIFIED,True,ENGINEERING_SCENARIO_NOT_FIELD_VERIFIED,PENDING
LV:sx2991923a,sx2991923a,LV_SPLIT_240,False,True,"1,2",1672146.04948678,12264242.4385577,upstream_primary_proxy_NOT_surveyed_customer_geography,l2991923,m1047345,R08,10.758407898569597,NOT_REQUIRED_FOR_SPLIT_PHASE,SOURCE_CUSTOMER_SERVICE_PATH,0.24,PRIMARY_PHASE_1,1,sx2991923a.1.2,transformer.t5302735a,25.0,line.tpx302735a0,156.0,5,3,6,27,0,1,UNVERIFIED,True,ENGINEERING_SCENARIO_NOT_FIELD_VERIFIED,PENDING
LV:sx2991927b,sx2991927b,LV_SPLIT_240,False,True,"1,2",1660084.32070755,12284845.4783209,upstream_primary_proxy_NOT_surveyed_customer_geography,l2991927,m1026829,R04,13.77517401680332,NOT_REQUIRED_FOR_SPLIT_PHASE,SOURCE_CUSTOMER_SERVICE_PATH,0.24,PRIMARY_PHASE_2,2,sx2991927b.1.2,transformer.t5355607b,25.0,line.tpx355607b0,156.0,5,3,6,27,0,1,UNVERIFIED,True,ENGINEERING_SCENARIO_NOT_FIELD_VERIFIED,PENDING
LV:sx2991929b,sx2991929b,LV_SPLIT_240,False,True,"1,2",1674949.07745739,12288032.4694279,upstream_primary_proxy_NOT_surveyed_customer_geography,l2991929,m1069533,R03,8.71644944784616,NOT_REQUIRED_FOR_SPLIT_PHASE,SOURCE_CUSTOMER_SERVICE_PATH,0.24,PRIMARY_PHASE_2,2,sx2991929b.1.2,transformer.t28147708b,25.0,line.tpx28147708b0,156.0,5,3,6,27,0,1,UNVERIFIED,True,ENGINEERING_SCENARIO_NOT_FIELD_VERIFIED,PENDING
LV:sx2991933c,sx2991933c,LV_SPLIT_240,False,True,"1,2",1662789.47066207,12283162.3213274,upstream_primary_proxy_NOT_surveyed_customer_geography,l2991933,m1026824,R04,12.054363568944582,NOT_REQUIRED_FOR_SPLIT_PHASE,SOURCE_CUSTOMER_SERVICE_PATH,0.24,PRIMARY_PHASE_3,3,sx2991933c.1.2,transformer.t5355433c,50.0,line.tpx355433c0,156.0,5,3,6,27,0,1,UNVERIFIED,True,ENGINEERING_SCENARIO_NOT_FIELD_VERIFIED,PENDING
LV:sx2991939b,sx2991939b,LV_SPLIT_240,False,True,"1,2",1673359.78849591,12279177.3311156,upstream_primary_proxy_NOT_surveyed_customer_geography,l2991939,l2991939,R06,10.042468947617351,NOT_REQUIRED_FOR_SPLIT_PHASE,SOURCE_CUSTOMER_SERVICE_PATH,0.24,PRIMARY_PHASE_2,2,sx2991939b.1.2,transformer.t5337652b,25.0,line.tpx337652b0,156.0,5,3,6,27,0,1,UNVERIFIED,True,ENGINEERING_SCENARIO_NOT_FIELD_VERIFIED,PENDING
LV:sx2991940c,sx2991940c,LV_SPLIT_240,False,True,"1,2",1679157.03752531,12274546.0535433,upstream_primary_proxy_NOT_surveyed_customer_geography,l2991940,m1108315,R01,6.05128137294382,NOT_REQUIRED_FOR_SPLIT_PHASE,SOURCE_CUSTOMER_SERVICE_PATH,0.24,PRIMARY_PHASE_3,3,sx2991940c.1.2,transformer.t28148060c,15.0,line.tpx28148060c0,156.0,5,3,6,27,0,1,UNVERIFIED,True,ENGINEERING_SCENARIO_NOT_FIELD_VERIFIED,PENDING
LV:sx2991943c,sx2991943c,LV_SPLIT_240,False,True,"1,2",1669106.83796395,12263545.0904611,upstream_primary_proxy_NOT_surveyed_customer_geography,l2991943,m1047303,R08,12.919470876032513,NOT_REQUIRED_FOR_SPLIT_PHASE,SOURCE_CUSTOMER_SERVICE_PATH,0.24,PRIMARY_PHASE_3,3,sx2991943c.1.2,transformer.t21399619c,25.0,line.tpx21399619c0,156.0,5,3,6,27,0,1,UNVERIFIED,True,ENGINEERING_SCENARIO_NOT_FIELD_VERIFIED,PENDING
LV:sx2992556c,sx2992556c,LV_SPLIT_240,False,True,"1,2",1692134.9718734,12280489.4396609,upstream_primary_proxy_NOT_surveyed_customer_geography,l2992556,m1209800,R07,3.153139542692347,NOT_REQUIRED_FOR_SPLIT_PHASE,SOURCE_CUSTOMER_SERVICE_PATH,0.24,PRIMARY_PHASE_3,3,sx2992556c.1.2,transformer.t5346639c,15.0,line.tpx346639c0,156.0,5,3,6,27,0,1,UNVERIFIED,True,ENGINEERING_SCENARIO_NOT_FIELD_VERIFIED,PENDING
LV:sx2992624a,sx2992624a,LV_SPLIT_240,False,True,"1,2",1683476.04834533,12273178.6080381,upstream_primary_proxy_NOT_surveyed_customer_geography,l2992624,l2992624,R07,2.928124711914801,NOT_REQUIRED_FOR_SPLIT_PHASE,SOURCE_CUSTOMER_SERVICE_PATH,0.24,PRIMARY_PHASE_1,1,sx2992624a.1.2,transformer.t5260484a,15.0,line.tpx260484a0,156.0,5,3,6,27,0,1,UNVERIFIED,True,ENGINEERING_SCENARIO_NOT_FIELD_VERIFIED,PENDING
LV:sx2992656a,sx2992656a,LV_SPLIT_240,False,True,"1,2",1688551.84022206,12275120.2390159,upstream_primary_proxy_NOT_surveyed_customer_geography,l2992656,m1166373,R07,1.6903510719806458,NOT_REQUIRED_FOR_SPLIT_PHASE,SOURCE_CUSTOMER_SERVICE_PATH,0.24,PRIMARY_PHASE_1,1,sx2992656a.1.2,transformer.t5260627a,37.5,line.tpx260627a0,156.0,5,3,6,27,0,1,UNVERIFIED,True,ENGINEERING_SCENARIO_NOT_FIELD_VERIFIED,PENDING
LV:sx2992657a,sx2992657a,LV_SPLIT_240,False,True,"1,2",1684536.50684232,12273131.336102,upstream_primary_proxy_NOT_surveyed_customer_geography,l2992657,m1142815,R07,3.3501050230535294,NOT_REQUIRED_FOR_SPLIT_PHASE,SOURCE_CUSTOMER_SERVICE_PATH,0.24,PRIMARY_PHASE_1,1,sx2992657a.1.2,transformer.t21475841a,25.0,line.tpx21475841a0,156.0,5,3,6,27,0,1,UNVERIFIED,True,ENGINEERING_SCENARIO_NOT_FIELD_VERIFIED,PENDING
LV:sx3008232b,sx3008232b,LV_SPLIT_240,False,True,"1,2",1665289.1939284,12288155.627956,upstream_primary_proxy_NOT_surveyed_customer_geography,l3008232,m1026954,R04,12.428027225014166,NOT_REQUIRED_FOR_SPLIT_PHASE,SOURCE_CUSTOMER_SERVICE_PATH,0.24,PRIMARY_PHASE_2,2,sx3008232b.1.2,transformer.t226192492b,10.0,line.tpx226192492b0,156.0,5,3,6,27,0,1,UNVERIFIED,True,ENGINEERING_SCENARIO_NOT_FIELD_VERIFIED,PENDING
LV:sx3008237c,sx3008237c,LV_SPLIT_240,False,True,"1,2",1675480.11976189,12286113.1043061,upstream_primary_proxy_NOT_surveyed_customer_geography,l3008237,m1069556,R03,6.6536243744138295,NOT_REQUIRED_FOR_SPLIT_PHASE,SOURCE_CUSTOMER_SERVICE_PATH,0.24,PRIMARY_PHASE_3,3,sx3008237c.1.2,transformer.t226193838c,25.0,line.tpx226193838c0,156.0,5,3,6,27,0,1,UNVERIFIED,True,ENGINEERING_SCENARIO_NOT_FIELD_VERIFIED,PENDING
LV:sx3008248a,sx3008248a,LV_SPLIT_240,False,True,"1,2",1663968.54931917,12296076.4113234,upstream_primary_proxy_NOT_surveyed_customer_geography,l3008248,m1027055,R04,16.1878221725039,NOT_REQUIRED_FOR_SPLIT_PHASE,SOURCE_CUSTOMER_SERVICE_PATH,0.24,PRIMARY_PHASE_1,1,sx3008248a.1.2,transformer.t5321159a,15.0,line.tpx321159a0,156.0,5,3,6,27,0,1,UNVERIFIED,True,ENGINEERING_SCENARIO_NOT_FIELD_VERIFIED,PENDING
LV:sx3010556a,sx3010556a,LV_SPLIT_240,False,True,"1,2",1674600.99937707,12267568.9394248,upstream_primary_proxy_NOT_surveyed_customer_geography,l3010556,l3010556,R08,8.12402246568932,NOT_REQUIRED_FOR_SPLIT_PHASE,SOURCE_CUSTOMER_SERVICE_PATH,0.24,PRIMARY_PHASE_1,1,sx3010556a.1.2,transformer.t5138655a,15.0,line.tpx138655a0,156.0,5,3,6,27,0,1,UNVERIFIED,True,ENGINEERING_SCENARIO_NOT_FIELD_VERIFIED,PENDING
LV:sx3010557a,sx3010557a,LV_SPLIT_240,False,True,"1,2",1678457.91176466,12283332.8705755,upstream_primary_proxy_NOT_surveyed_customer_geography,l3010557,m1089197,R02,5.405082603829649,NOT_REQUIRED_FOR_SPLIT_PHASE,SOURCE_CUSTOMER_SERVICE_PATH,0.24,PRIMARY_PHASE_1,1,sx3010557a.1.2,transformer.t21380453a,15.0,line.tpx21380453a0,156.0,5,3,6,27,0,1,UNVERIFIED,True,ENGINEERING_SCENARIO_NOT_FIELD_VERIFIED,PENDING
LV:sx3010559a,sx3010559a,LV_SPLIT_240,False,True,"1,2",1675048.33992148,12274323.4195591,upstream_primary_proxy_NOT_surveyed_customer_geography,l3010559,m1069382,R06,12.80335657329517,NOT_REQUIRED_FOR_SPLIT_PHASE,SOURCE_CUSTOMER_SERVICE_PATH,0.24,PRIMARY_PHASE_1,1,sx3010559a.1.2,transformer.t5337679a,15.0,line.tpx337679a0,156.0,5,3,6,27,0,1,UNVERIFIED,True,ENGINEERING_SCENARIO_NOT_FIELD_VERIFIED,PENDING
LV:sx3010560b,sx3010560b,LV_SPLIT_240,False,True,"1,2",1672215.70196685,12280209.9982526,upstream_primary_proxy_NOT_surveyed_customer_geography,l3010560,l3010560,R06,9.524135164560745,NOT_REQUIRED_FOR_SPLIT_PHASE,SOURCE_CUSTOMER_SERVICE_PATH,0.24,PRIMARY_PHASE_2,2,sx3010560b.1.2,transformer.t5338955b,25.0,line.tpx338955b0,156.0,5,3,6,27,0,1,UNVERIFIED,True,ENGINEERING_SCENARIO_NOT_FIELD_VERIFIED,PENDING
LV:sx3010561a,sx3010561a,LV_SPLIT_240,False,True,"1,2",1673088.73569566,12278665.7366192,upstream_primary_proxy_NOT_surveyed_customer_geography,l3010561,m1069468,R06,10.486478514388939,NOT_REQUIRED_FOR_SPLIT_PHASE,SOURCE_CUSTOMER_SERVICE_PATH,0.24,PRIMARY_PHASE_1,1,sx3010561a.1.2,transformer.t5337650a,15.0,line.tpx337650a0,156.0,5,3,6,27,0,1,UNVERIFIED,True,ENGINEERING_SCENARIO_NOT_FIELD_VERIFIED,PENDING
LV:sx3010562b,sx3010562b,LV_SPLIT_240,False,True,"1,2",1669857.56103665,12289896.0797976,upstream_primary_proxy_NOT_surveyed_customer_geography,l3010562,m1047763,R05,12.77951474114042,NOT_REQUIRED_FOR_SPLIT_PHASE,SOURCE_CUSTOMER_SERVICE_PATH,0.24,PRIMARY_PHASE_2,2,sx3010562b.1.2,transformer.t5325473b,15.0,line.tpx325473b0,156.0,5,3,6,27,0,1,UNVERIFIED,True,ENGINEERING_SCENARIO_NOT_FIELD_VERIFIED,PENDING
LV:sx3010563a,sx3010563a,LV_SPLIT_240,False,True,"1,2",1662845.11891812,12280100.1681085,upstream_primary_proxy_NOT_surveyed_customer_geography,l3010563,m1009770,R04,13.579505336627559,NOT_REQUIRED_FOR_SPLIT_PHASE,SOURCE_CUSTOMER_SERVICE_PATH,0.24,PRIMARY_PHASE_1,1,sx3010563a.1.2,transformer.t5294845a,15.0,line.tpx294845a0,156.0,5,3,6,27,0,1,UNVERIFIED,True,ENGINEERING_SCENARIO_NOT_FIELD_VERIFIED,PENDING
LV:sx3010564c,sx3010564c,LV_SPLIT_240,False,True,"1,2",1665334.45882444,12292936.6880565,upstream_primary_proxy_NOT_surveyed_customer_geography,l3010564,m1027043,R04,14.396211431157237,NOT_REQUIRED_FOR_SPLIT_PHASE,SOURCE_CUSTOMER_SERVICE_PATH,0.24,PRIMARY_PHASE_3,3,sx3010564c.1.2,transformer.t5321883c,15.0,line.tpx321883c0,156.0,5,3,6,27,0,1,UNVERIFIED,True,ENGINEERING_SCENARIO_NOT_FIELD_VERIFIED,PENDING
LV:sx3010565c,sx3010565c,LV_SPLIT_240,False,True,"1,2",1676182.30933054,12269540.1803867,upstream_primary_proxy_NOT_surveyed_customer_geography,l3010565,m1089112,R01,8.334476490612651,NOT_REQUIRED_FOR_SPLIT_PHASE,SOURCE_CUSTOMER_SERVICE_PATH,0.24,PRIMARY_PHASE_3,3,sx3010565c.1.2,transformer.t5138343c,10.0,line.tpx138343c0,156.0,5,3,6,27,0,1,UNVERIFIED,True,ENGINEERING_SCENARIO_NOT_FIELD_VERIFIED,PENDING
LV:sx3010566c,sx3010566c,LV_SPLIT_240,False,True,"1,2",1674207.7014567,12269531.9392347,upstream_primary_proxy_NOT_surveyed_customer_geography,l3010566,m1089112,R01,9.694700917525795,NOT_REQUIRED_FOR_SPLIT_PHASE,SOURCE_CUSTOMER_SERVICE_PATH,0.24,PRIMARY_PHASE_3,3,sx3010566c.1.2,transformer.t5138776c,15.0,line.tpx138776c0,156.0,5,3,6,27,0,1,UNVERIFIED,True,ENGINEERING_SCENARIO_NOT_FIELD_VERIFIED,PENDING
LV:sx3010567c,sx3010567c,LV_SPLIT_240,False,True,"1,2",1675570.58811397,12270365.8192994,upstream_primary_proxy_NOT_surveyed_customer_geography,l3010567,m1089112,R01,8.602264280784361,NOT_REQUIRED_FOR_SPLIT_PHASE,SOURCE_CUSTOMER_SERVICE_PATH,0.24,PRIMARY_PHASE_3,3,sx3010567c.1.2,transformer.t5302813c,15.0,line.tpx302813c0,156.0,5,3,6,27,0,1,UNVERIFIED,True,ENGINEERING_SCENARIO_NOT_FIELD_VERIFIED,PENDING
LV:sx3010568a,sx3010568a,LV_SPLIT_240,False,True,"1,2",1671220.39034992,12282835.8906071,upstream_primary_proxy_NOT_surveyed_customer_geography,l3010568,m1047534,R03,7.338165313219712,NOT_REQUIRED_FOR_SPLIT_PHASE,SOURCE_CUSTOMER_SERVICE_PATH,0.24,PRIMARY_PHASE_1,1,sx3010568a.1.2,transformer.t5338965a,25.0,line.tpx338965a0,156.0,5,3,6,27,0,1,UNVERIFIED,True,ENGINEERING_SCENARIO_NOT_FIELD_VERIFIED,PENDING
LV:sx3010569a,sx3010569a,LV_SPLIT_240,False,True,"1,2",1669775.76801257,12264099.6601896,upstream_primary_proxy_NOT_surveyed_customer_geography,l3010569,m1047312,R08,12.18857540067473,NOT_REQUIRED_FOR_SPLIT_PHASE,SOURCE_CUSTOMER_SERVICE_PATH,0.24,PRIMARY_PHASE_1,1,sx3010569a.1.2,transformer.t5302673a,37.5,line.tpx302673a0,156.0,5,3,6,27,0,1,UNVERIFIED,True,ENGINEERING_SCENARIO_NOT_FIELD_VERIFIED,PENDING
LV:sx3010570a,sx3010570a,LV_SPLIT_240,False,True,"1,2",1666792.8519138,12261651.3908753,upstream_primary_proxy_NOT_surveyed_customer_geography,l3010570,m1026341,R08,14.542430708813356,NOT_REQUIRED_FOR_SPLIT_PHASE,SOURCE_CUSTOMER_SERVICE_PATH,0.24,PRIMARY_PHASE_1,1,sx3010570a.1.2,transformer.t5302392a,15.0,line.tpx302392a0,156.0,5,3,6,27,0,1,UNVERIFIED,True,ENGINEERING_SCENARIO_NOT_FIELD_VERIFIED,PENDING
LV:sx3010580b,sx3010580b,LV_SPLIT_240,False,True,"1,2",1664167.11111135,12292903.6087604,upstream_primary_proxy_NOT_surveyed_customer_geography,l3010580,m1027039,R04,14.453680771913046,NOT_REQUIRED_FOR_SPLIT_PHASE,SOURCE_CUSTOMER_SERVICE_PATH,0.24,PRIMARY_PHASE_2,2,sx3010580b.1.2,transformer.t21451973b,15.0,line.tpx21451973b0,156.0,5,3,6,27,0,1,UNVERIFIED,True,ENGINEERING_SCENARIO_NOT_FIELD_VERIFIED,PENDING
LV:sx3010585a,sx3010585a,LV_SPLIT_240,False,True,"1,2",1665258.13805637,12281055.8918854,upstream_primary_proxy_NOT_surveyed_customer_geography,l3010585,m1026851,R04,11.074241151475274,NOT_REQUIRED_FOR_SPLIT_PHASE,SOURCE_CUSTOMER_SERVICE_PATH,0.24,PRIMARY_PHASE_1,1,sx3010585a.1.2,transformer.t5294810a,37.5,line.tpx294810a0,156.0,5,3,6,27,0,1,UNVERIFIED,True,ENGINEERING_SCENARIO_NOT_FIELD_VERIFIED,PENDING
LV:sx3011229a,sx3011229a,LV_SPLIT_240,False,True,"1,2",1682174.74095212,12281551.7413579,upstream_primary_proxy_NOT_surveyed_customer_geography,l3011229,m1108505,R02,5.305626421752245,NOT_REQUIRED_FOR_SPLIT_PHASE,SOURCE_CUSTOMER_SERVICE_PATH,0.24,PRIMARY_PHASE_1,1,sx3011229a.1.2,transformer.t5356801a,15.0,line.tpx356801a0,156.0,5,3,6,27,0,1,UNVERIFIED,True,ENGINEERING_SCENARIO_NOT_FIELD_VERIFIED,PENDING
LV:sx3011293a,sx3011293a,LV_SPLIT_240,False,True,"1,2",1692623.11267385,12274654.8883594,upstream_primary_proxy_NOT_surveyed_customer_geography,l3011293,l3011293,R07,1.4417479981343873,NOT_REQUIRED_FOR_SPLIT_PHASE,SOURCE_CUSTOMER_SERVICE_PATH,0.24,PRIMARY_PHASE_1,1,sx3011293a.1.2,transformer.t28129466a,50.0,line.tpx28129466a0,156.0,5,3,6,27,0,1,UNVERIFIED,True,ENGINEERING_SCENARIO_NOT_FIELD_VERIFIED,PENDING
LV:sx3011293b,sx3011293b,LV_SPLIT_240,False,True,"1,2",1692623.11267385,12274654.8883594,upstream_primary_proxy_NOT_surveyed_customer_geography,l3011293,l3011293,R07,1.4417479981343873,NOT_REQUIRED_FOR_SPLIT_PHASE,SOURCE_CUSTOMER_SERVICE_PATH,0.24,PRIMARY_PHASE_2,2,sx3011293b.1.2,transformer.t28129466b,50.0,line.tpx28129466b0,156.0,5,3,6,27,0,1,UNVERIFIED,True,ENGINEERING_SCENARIO_NOT_FIELD_VERIFIED,PENDING
LV:sx3011293c,sx3011293c,LV_SPLIT_240,False,True,"1,2",1692623.11267385,12274654.8883594,upstream_primary_proxy_NOT_surveyed_customer_geography,l3011293,l3011293,R07,1.4417479981343873,NOT_REQUIRED_FOR_SPLIT_PHASE,SOURCE_CUSTOMER_SERVICE_PATH,0.24,PRIMARY_PHASE_3,3,sx3011293c.1.2,transformer.t28129466c,50.0,line.tpx28129466c0,156.0,5,3,6,27,0,1,UNVERIFIED,True,ENGINEERING_SCENARIO_NOT_FIELD_VERIFIED,PENDING
LV:sx3011298c,sx3011298c,LV_SPLIT_240,False,True,"1,2",1681079.8883431,12270659.5393637,upstream_primary_proxy_NOT_surveyed_customer_geography,l3011298,l3011298,R01,3.866992798665299,NOT_REQUIRED_FOR_SPLIT_PHASE,SOURCE_CUSTOMER_SERVICE_PATH,0.24,PRIMARY_PHASE_3,3,sx3011298c.1.2,transformer.t5207286c,10.0,line.tpx207286c0,156.0,5,3,6,27,0,1,UNVERIFIED,True,ENGINEERING_SCENARIO_NOT_FIELD_VERIFIED,PENDING
LV:sx3027116a,sx3027116a,LV_SPLIT_240,False,True,"1,2",1669497.05978831,12262370.689436,upstream_primary_proxy_NOT_surveyed_customer_geography,l3027116,l3027116,R08,12.38430222885873,NOT_REQUIRED_FOR_SPLIT_PHASE,SOURCE_CUSTOMER_SERVICE_PATH,0.24,PRIMARY_PHASE_1,1,sx3027116a.1.2,transformer.t226192684a,15.0,line.tpx226192684a0,156.0,5,3,6,27,0,1,UNVERIFIED,True,ENGINEERING_SCENARIO_NOT_FIELD_VERIFIED,PENDING
LV:sx3027122a,sx3027122a,LV_SPLIT_240,False,True,"1,2",1680843.69250288,12282101.5146704,upstream_primary_proxy_NOT_surveyed_customer_geography,l3027122,m1108505,R02,4.301853068814409,NOT_REQUIRED_FOR_SPLIT_PHASE,SOURCE_CUSTOMER_SERVICE_PATH,0.24,PRIMARY_PHASE_1,1,sx3027122a.1.2,transformer.t226194865a,25.0,line.tpx226194865a0,156.0,5,3,6,27,0,1,UNVERIFIED,True,ENGINEERING_SCENARIO_NOT_FIELD_VERIFIED,PENDING
LV:sx3027124c,sx3027124c,LV_SPLIT_240,False,True,"1,2",1687747.34895731,12282739.970479,upstream_primary_proxy_NOT_surveyed_customer_geography,l3027124,m1209800,R07,6.324283503893677,NOT_REQUIRED_FOR_SPLIT_PHASE,SOURCE_CUSTOMER_SERVICE_PATH,0.24,PRIMARY_PHASE_3,3,sx3027124c.1.2,transformer.t226195194c,25.0,line.tpx226195194c0,156.0,5,3,6,27,0,1,UNVERIFIED,True,ENGINEERING_SCENARIO_NOT_FIELD_VERIFIED,PENDING
LV:sx3027132a,sx3027132a,LV_SPLIT_240,False,True,"1,2",1664254.24941543,12294927.9215943,upstream_primary_proxy_NOT_surveyed_customer_geography,l3027132,m1027055,R04,16.017219404701184,NOT_REQUIRED_FOR_SPLIT_PHASE,SOURCE_CUSTOMER_SERVICE_PATH,0.24,PRIMARY_PHASE_1,1,sx3027132a.1.2,transformer.t5321876a,15.0,line.tpx321876a0,156.0,5,3,6,27,0,1,UNVERIFIED,True,ENGINEERING_SCENARIO_NOT_FIELD_VERIFIED,PENDING
LV:sx3027133a,sx3027133a,LV_SPLIT_240,False,True,"1,2",1665589.97140068,12282579.5260628,upstream_primary_proxy_NOT_surveyed_customer_geography,l3027133,m1026851,R04,10.252127474274443,NOT_REQUIRED_FOR_SPLIT_PHASE,SOURCE_CUSTOMER_SERVICE_PATH,0.24,PRIMARY_PHASE_1,1,sx3027133a.1.2,transformer.t226101449a,25.0,line.tpx226101449a0,156.0,5,3,6,27,0,1,UNVERIFIED,True,ENGINEERING_SCENARIO_NOT_FIELD_VERIFIED,PENDING
LV:sx3027670b,sx3027670b,LV_SPLIT_240,False,True,"1,2",1680892.21371893,12279854.3507643,upstream_primary_proxy_NOT_surveyed_customer_geography,l3027670,m1108380,R02,4.49416790385505,NOT_REQUIRED_FOR_SPLIT_PHASE,SOURCE_CUSTOMER_SERVICE_PATH,0.24,PRIMARY_PHASE_2,2,sx3027670b.1.2,transformer.t226308719b,75.0,line.tpx226308719b0,156.0,5,3,6,27,0,1,UNVERIFIED,True,ENGINEERING_SCENARIO_NOT_FIELD_VERIFIED,PENDING
LV:sx3027671a,sx3027671a,LV_SPLIT_240,False,True,"1,2",1680204.84757429,12280197.7921726,upstream_primary_proxy_NOT_surveyed_customer_geography,l3027671,m1108378,R02,4.726666685283294,NOT_REQUIRED_FOR_SPLIT_PHASE,SOURCE_CUSTOMER_SERVICE_PATH,0.24,PRIMARY_PHASE_1,1,sx3027671a.1.2,transformer.t226308728a,37.5,line.tpx226308728a0,156.0,5,3,6,27,0,1,UNVERIFIED,True,ENGINEERING_SCENARIO_NOT_FIELD_VERIFIED,PENDING
LV:sx3029055b,sx3029055b,LV_SPLIT_240,False,True,"1,2",1682694.57250461,12278265.2911788,upstream_primary_proxy_NOT_surveyed_customer_geography,l3029055,m1125969,R02,3.4942136261535874,NOT_REQUIRED_FOR_SPLIT_PHASE,SOURCE_CUSTOMER_SERVICE_PATH,0.24,PRIMARY_PHASE_2,2,sx3029055b.1.2,transformer.t5260607b,37.5,line.tpx260607b0,156.0,5,3,6,27,0,1,UNVERIFIED,True,ENGINEERING_SCENARIO_NOT_FIELD_VERIFIED,PENDING
LV:sx3029183b,sx3029183b,LV_SPLIT_240,False,True,"1,2",1668273.70337118,12279283.9704757,upstream_primary_proxy_NOT_surveyed_customer_geography,l3029183,m1069376,R06,16.22895867934351,NOT_REQUIRED_FOR_SPLIT_PHASE,SOURCE_CUSTOMER_SERVICE_PATH,0.24,PRIMARY_PHASE_2,2,sx3029183b.1.2,transformer.t228580047b,15.0,line.tpx228580047b0,156.0,5,3,6,27,0,1,UNVERIFIED,True,ENGINEERING_SCENARIO_NOT_FIELD_VERIFIED,PENDING
LV:sx3029495b,sx3029495b,LV_SPLIT_240,False,True,"1,2",1661272.57850065,12256762.2414308,upstream_primary_proxy_NOT_surveyed_customer_geography,l3029495,m1026328,R08,18.29915802764563,NOT_REQUIRED_FOR_SPLIT_PHASE,SOURCE_CUSTOMER_SERVICE_PATH,0.24,PRIMARY_PHASE_2,2,sx3029495b.1.2,transformer.t5391736b,15.0,line.tpx391736b0,156.0,5,3,6,27,0,1,UNVERIFIED,True,ENGINEERING_SCENARIO_NOT_FIELD_VERIFIED,PENDING
LV:sx3029497c,sx3029497c,LV_SPLIT_240,False,True,"1,2",1677909.48194015,12277195.8091938,upstream_primary_proxy_NOT_surveyed_customer_geography,l3029497,m1108315,R01,7.637360881667792,NOT_REQUIRED_FOR_SPLIT_PHASE,SOURCE_CUSTOMER_SERVICE_PATH,0.24,PRIMARY_PHASE_3,3,sx3029497c.1.2,transformer.t5337631c,10.0,line.tpx337631c0,156.0,5,3,6,27,0,1,UNVERIFIED,True,ENGINEERING_SCENARIO_NOT_FIELD_VERIFIED,PENDING
LV:sx3029498c,sx3029498c,LV_SPLIT_240,False,True,"1,2",1678821.829077,12269978.7104351,upstream_primary_proxy_NOT_surveyed_customer_geography,l3029498,l3029498,R01,5.27111375152571,NOT_REQUIRED_FOR_SPLIT_PHASE,SOURCE_CUSTOMER_SERVICE_PATH,0.24,PRIMARY_PHASE_3,3,sx3029498c.1.2,transformer.t5247036c,10.0,line.tpx247036c0,156.0,5,3,6,27,0,1,UNVERIFIED,True,ENGINEERING_SCENARIO_NOT_FIELD_VERIFIED,PENDING
LV:sx3029499a,sx3029499a,LV_SPLIT_240,False,True,"1,2",1669233.74842807,12264762.0694062,upstream_primary_proxy_NOT_surveyed_customer_geography,l3029499,m1047312,R08,12.682478136865704,NOT_REQUIRED_FOR_SPLIT_PHASE,SOURCE_CUSTOMER_SERVICE_PATH,0.24,PRIMARY_PHASE_1,1,sx3029499a.1.2,transformer.t5302678a,10.0,line.tpx302678a0,156.0,5,3,6,27,0,1,UNVERIFIED,True,ENGINEERING_SCENARIO_NOT_FIELD_VERIFIED,PENDING
LV:sx3029500a,sx3029500a,LV_SPLIT_240,False,True,"1,2",1663555.04173478,12279638.4383161,upstream_primary_proxy_NOT_surveyed_customer_geography,l3029500,m1009770,R04,14.11298905795783,NOT_REQUIRED_FOR_SPLIT_PHASE,SOURCE_CUSTOMER_SERVICE_PATH,0.24,PRIMARY_PHASE_1,1,sx3029500a.1.2,transformer.t5391992a,25.0,line.tpx391992a0,156.0,5,3,6,27,0,1,UNVERIFIED,True,ENGINEERING_SCENARIO_NOT_FIELD_VERIFIED,PENDING
LV:sx3029501b,sx3029501b,LV_SPLIT_240,False,True,"1,2",1672780.59361537,12274370.3269512,upstream_primary_proxy_NOT_surveyed_customer_geography,l3029501,m1069376,R06,12.573343300347416,NOT_REQUIRED_FOR_SPLIT_PHASE,SOURCE_CUSTOMER_SERVICE_PATH,0.24,PRIMARY_PHASE_2,2,sx3029501b.1.2,transformer.t5337688b,15.0,line.tpx337688b0,156.0,5,3,6,27,0,1,UNVERIFIED,True,ENGINEERING_SCENARIO_NOT_FIELD_VERIFIED,PENDING
LV:sx3029502a,sx3029502a,LV_SPLIT_240,False,True,"1,2",1677199.84174749,12269021.5981142,upstream_primary_proxy_NOT_surveyed_customer_geography,l3029502,l3029502,R01,6.378727760564399,NOT_REQUIRED_FOR_SPLIT_PHASE,SOURCE_CUSTOMER_SERVICE_PATH,0.24,PRIMARY_PHASE_1,1,sx3029502a.1.2,transformer.t5138262a,50.0,line.tpx138262a0,156.0,5,3,6,27,0,1,UNVERIFIED,True,ENGINEERING_SCENARIO_NOT_FIELD_VERIFIED,PENDING
LV:sx3029503c,sx3029503c,LV_SPLIT_240,False,True,"1,2",1675660.08981005,12269301.8013785,upstream_primary_proxy_NOT_surveyed_customer_geography,l3029503,m1089112,R01,7.859434538929075,NOT_REQUIRED_FOR_SPLIT_PHASE,SOURCE_CUSTOMER_SERVICE_PATH,0.24,PRIMARY_PHASE_3,3,sx3029503c.1.2,transformer.t5138373c,15.0,line.tpx138373c0,156.0,5,3,6,27,0,1,UNVERIFIED,True,ENGINEERING_SCENARIO_NOT_FIELD_VERIFIED,PENDING
LV:sx3029504b,sx3029504b,LV_SPLIT_240,False,True,"1,2",1670004.25108479,12275924.2510486,upstream_primary_proxy_NOT_surveyed_customer_geography,l3029504,m1069376,R06,14.332876456822989,NOT_REQUIRED_FOR_SPLIT_PHASE,SOURCE_CUSTOMER_SERVICE_PATH,0.24,PRIMARY_PHASE_2,2,sx3029504b.1.2,transformer.t5337702b,25.0,line.tpx337702b0,156.0,5,3,6,27,0,1,UNVERIFIED,True,ENGINEERING_SCENARIO_NOT_FIELD_VERIFIED,PENDING
LV:sx3029505c,sx3029505c,LV_SPLIT_240,False,True,"1,2",1671386.72891007,12282614.3297748,upstream_primary_proxy_NOT_surveyed_customer_geography,l3029505,m1047534,R03,7.317409035243935,NOT_REQUIRED_FOR_SPLIT_PHASE,SOURCE_CUSTOMER_SERVICE_PATH,0.24,PRIMARY_PHASE_3,3,sx3029505c.1.2,transformer.t5338966c,25.0,line.tpx338966c0,156.0,5,3,6,27,0,1,UNVERIFIED,True,ENGINEERING_SCENARIO_NOT_FIELD_VERIFIED,PENDING
LV:sx3029506b,sx3029506b,LV_SPLIT_240,False,True,"1,2",1669560.90414037,12282691.2895189,upstream_primary_proxy_NOT_surveyed_customer_geography,l3029506,m1047552,R05,7.978167454394064,NOT_REQUIRED_FOR_SPLIT_PHASE,SOURCE_CUSTOMER_SERVICE_PATH,0.24,PRIMARY_PHASE_2,2,sx3029506b.1.2,transformer.t5338930b,10.0,line.tpx338930b0,156.0,5,3,6,27,0,1,UNVERIFIED,True,ENGINEERING_SCENARIO_NOT_FIELD_VERIFIED,PENDING
LV:sx3029507b,sx3029507b,LV_SPLIT_240,False,True,"1,2",1666090.99821714,12260675.3714184,upstream_primary_proxy_NOT_surveyed_customer_geography,l3029507,m1026328,R08,15.327226202410339,NOT_REQUIRED_FOR_SPLIT_PHASE,SOURCE_CUSTOMER_SERVICE_PATH,0.24,PRIMARY_PHASE_2,2,sx3029507b.1.2,transformer.t5302368b,25.0,line.tpx302368b0,156.0,5,3,6,27,0,1,UNVERIFIED,True,ENGINEERING_SCENARIO_NOT_FIELD_VERIFIED,PENDING
LV:sx3029510b,sx3029510b,LV_SPLIT_240,False,True,"1,2",1660512.57798795,12284445.2499686,upstream_primary_proxy_NOT_surveyed_customer_geography,l3029510,m1026829,R04,13.613801920328097,NOT_REQUIRED_FOR_SPLIT_PHASE,SOURCE_CUSTOMER_SERVICE_PATH,0.24,PRIMARY_PHASE_2,2,sx3029510b.1.2,transformer.t5355606b,15.0,line.tpx355606b0,156.0,5,3,6,27,0,1,UNVERIFIED,True,ENGINEERING_SCENARIO_NOT_FIELD_VERIFIED,PENDING
LV:sx3029518b,sx3029518b,LV_SPLIT_240,False,True,"1,2",1673877.43278439,12277292.2085539,upstream_primary_proxy_NOT_surveyed_customer_geography,l3029518,m1069428,R06,10.902756622385906,NOT_REQUIRED_FOR_SPLIT_PHASE,SOURCE_CUSTOMER_SERVICE_PATH,0.24,PRIMARY_PHASE_2,2,sx3029518b.1.2,transformer.t5337666b,25.0,line.tpx337666b0,156.0,5,3,6,27,0,1,UNVERIFIED,True,ENGINEERING_SCENARIO_NOT_FIELD_VERIFIED,PENDING
LV:sx3029520b,sx3029520b,LV_SPLIT_240,False,True,"1,2",1669060.51220391,12275937.8415766,upstream_primary_proxy_NOT_surveyed_customer_geography,l3029520,m1069376,R06,14.85316417349633,NOT_REQUIRED_FOR_SPLIT_PHASE,SOURCE_CUSTOMER_SERVICE_PATH,0.24,PRIMARY_PHASE_2,2,sx3029520b.1.2,transformer.t21486213b,15.0,line.tpx21486213b0,156.0,5,3,6,27,0,1,UNVERIFIED,True,ENGINEERING_SCENARIO_NOT_FIELD_VERIFIED,PENDING
LV:sx3030126c,sx3030126c,LV_SPLIT_240,False,True,"1,2",1682167.92930412,12277599.6092582,upstream_primary_proxy_NOT_surveyed_customer_geography,l3030126,m1125968,R02,3.4224256281228187,NOT_REQUIRED_FOR_SPLIT_PHASE,SOURCE_CUSTOMER_SERVICE_PATH,0.24,PRIMARY_PHASE_3,3,sx3030126c.1.2,transformer.t5260576c,25.0,line.tpx260576c0,156.0,5,3,6,27,0,1,UNVERIFIED,True,ENGINEERING_SCENARIO_NOT_FIELD_VERIFIED,PENDING
LV:sx3030199c,sx3030199c,LV_SPLIT_240,False,True,"1,2",1683921.11151375,12273546.1707904,upstream_primary_proxy_NOT_surveyed_customer_geography,l3030199,l3030199,R07,2.7954295740580077,NOT_REQUIRED_FOR_SPLIT_PHASE,SOURCE_CUSTOMER_SERVICE_PATH,0.24,PRIMARY_PHASE_3,3,sx3030199c.1.2,transformer.t5260480c,25.0,line.tpx260480c0,156.0,5,3,6,27,0,1,UNVERIFIED,True,ENGINEERING_SCENARIO_NOT_FIELD_VERIFIED,PENDING
LV:sx3030200c,sx3030200c,LV_SPLIT_240,False,True,"1,2",1685199.82127494,12275828.8593045,upstream_primary_proxy_NOT_surveyed_customer_geography,l3030200,m1142863,R07,2.604498672331453,NOT_REQUIRED_FOR_SPLIT_PHASE,SOURCE_CUSTOMER_SERVICE_PATH,0.24,PRIMARY_PHASE_3,3,sx3030200c.1.2,transformer.t5260554c,15.0,line.tpx260554c0,156.0,5,3,6,27,0,1,UNVERIFIED,True,ENGINEERING_SCENARIO_NOT_FIELD_VERIFIED,PENDING
LV:sx3030203c,sx3030203c,LV_SPLIT_240,False,True,"1,2",1687124.13026873,12275755.7989525,upstream_primary_proxy_NOT_surveyed_customer_geography,l3030203,m1149235,R07,2.0834935160887214,NOT_REQUIRED_FOR_SPLIT_PHASE,SOURCE_CUSTOMER_SERVICE_PATH,0.24,PRIMARY_PHASE_3,3,sx3030203c.1.2,transformer.t5260639c,25.0,line.tpx260639c0,156.0,5,3,6,27,0,1,UNVERIFIED,True,ENGINEERING_SCENARIO_NOT_FIELD_VERIFIED,PENDING
LV:sx3030204a,sx3030204a,LV_SPLIT_240,False,True,"1,2",1691395.86096071,12275279.479208,upstream_primary_proxy_NOT_surveyed_customer_geography,l3030204,l3030204,R07,0.877004206308138,NOT_REQUIRED_FOR_SPLIT_PHASE,SOURCE_CUSTOMER_SERVICE_PATH,0.24,PRIMARY_PHASE_1,1,sx3030204a.1.2,transformer.t0107636a,25.0,line.tpx52107636a0,156.0,5,3,6,27,0,1,UNVERIFIED,True,ENGINEERING_SCENARIO_NOT_FIELD_VERIFIED,PENDING
LV:sx3030205c,sx3030205c,LV_SPLIT_240,False,True,"1,2",1688940.49327842,12274847.0644876,upstream_primary_proxy_NOT_surveyed_customer_geography,l3030205,m1166366,R07,1.7165543171164102,NOT_REQUIRED_FOR_SPLIT_PHASE,SOURCE_CUSTOMER_SERVICE_PATH,0.24,PRIMARY_PHASE_3,3,sx3030205c.1.2,transformer.t21390038c,25.0,line.tpx21390038c0,156.0,5,3,6,27,0,1,UNVERIFIED,True,ENGINEERING_SCENARIO_NOT_FIELD_VERIFIED,PENDING
LV:sx3045895c,sx3045895c,LV_SPLIT_240,False,True,"1,2",1680562.70280662,12272323.0969973,upstream_primary_proxy_NOT_surveyed_customer_geography,l3045895,m1108315,R01,4.263492539971719,NOT_REQUIRED_FOR_SPLIT_PHASE,SOURCE_CUSTOMER_SERVICE_PATH,0.24,PRIMARY_PHASE_3,3,sx3045895c.1.2,transformer.t5351020c,25.0,line.tpx351020c0,156.0,5,3,6,27,0,1,UNVERIFIED,True,ENGINEERING_SCENARIO_NOT_FIELD_VERIFIED,PENDING
LV:sx3046854b,sx3046854b,LV_SPLIT_240,False,True,"1,2",1669822.98260462,12275992.4002967,upstream_primary_proxy_NOT_surveyed_customer_geography,l3046854,m1069376,R06,14.41765736315315,NOT_REQUIRED_FOR_SPLIT_PHASE,SOURCE_CUSTOMER_SERVICE_PATH,0.24,PRIMARY_PHASE_2,2,sx3046854b.1.2,transformer.t227732939b,37.5,line.tpx227732939b0,156.0,5,3,6,27,0,1,UNVERIFIED,True,ENGINEERING_SCENARIO_NOT_FIELD_VERIFIED,PENDING
LV:sx3047058a,sx3047058a,LV_SPLIT_240,False,True,"1,2",1663660.10413488,12278329.1560109,upstream_primary_proxy_NOT_surveyed_customer_geography,l3047058,m1009770,R04,14.739401057430316,NOT_REQUIRED_FOR_SPLIT_PHASE,SOURCE_CUSTOMER_SERVICE_PATH,0.24,PRIMARY_PHASE_1,1,sx3047058a.1.2,transformer.t227902981a,37.5,line.tpx227902981a0,156.0,5,3,6,27,0,1,UNVERIFIED,True,ENGINEERING_SCENARIO_NOT_FIELD_VERIFIED,PENDING
LV:sx3047073c,sx3047073c,LV_SPLIT_240,False,True,"1,2",1674772.50299323,12272535.3844855,upstream_primary_proxy_NOT_surveyed_customer_geography,l3047073,m1069311,R06,12.890169162792224,NOT_REQUIRED_FOR_SPLIT_PHASE,SOURCE_CUSTOMER_SERVICE_PATH,0.24,PRIMARY_PHASE_3,3,sx3047073c.1.2,transformer.t227917133c,25.0,line.tpx227917133c0,156.0,5,3,6,27,0,1,UNVERIFIED,True,ENGINEERING_SCENARIO_NOT_FIELD_VERIFIED,PENDING
LV:sx3047289a,sx3047289a,LV_SPLIT_240,False,True,"1,2",1678503.9589967,12270356.2305634,upstream_primary_proxy_NOT_surveyed_customer_geography,l3047289,l3047289,R01,5.652406711130303,NOT_REQUIRED_FOR_SPLIT_PHASE,SOURCE_CUSTOMER_SERVICE_PATH,0.24,PRIMARY_PHASE_1,1,sx3047289a.1.2,transformer.t228091193a,50.0,line.tpx228091193a0,156.0,5,3,6,27,0,1,UNVERIFIED,True,ENGINEERING_SCENARIO_NOT_FIELD_VERIFIED,PENDING
LV:sx3047289b,sx3047289b,LV_SPLIT_240,False,True,"1,2",1678503.9589967,12270356.2305634,upstream_primary_proxy_NOT_surveyed_customer_geography,l3047289,l3047289,R01,5.652406711130303,NOT_REQUIRED_FOR_SPLIT_PHASE,SOURCE_CUSTOMER_SERVICE_PATH,0.24,PRIMARY_PHASE_2,2,sx3047289b.1.2,transformer.t228091193b,50.0,line.tpx228091193b0,156.0,5,3,6,27,0,1,UNVERIFIED,True,ENGINEERING_SCENARIO_NOT_FIELD_VERIFIED,PENDING
LV:sx3047289c,sx3047289c,LV_SPLIT_240,False,True,"1,2",1678503.9589967,12270356.2305634,upstream_primary_proxy_NOT_surveyed_customer_geography,l3047289,l3047289,R01,5.652406711130303,NOT_REQUIRED_FOR_SPLIT_PHASE,SOURCE_CUSTOMER_SERVICE_PATH,0.24,PRIMARY_PHASE_3,3,sx3047289c.1.2,transformer.t228091193c,50.0,line.tpx228091193c0,156.0,5,3,6,27,0,1,UNVERIFIED,True,ENGINEERING_SCENARIO_NOT_FIELD_VERIFIED,PENDING
LV:sx3048196b,sx3048196b,LV_SPLIT_240,False,True,"1,2",1678047.70146028,12267075.6991044,upstream_primary_proxy_NOT_surveyed_customer_geography,l3048196,m1089119,R01,7.977298636990932,NOT_REQUIRED_FOR_SPLIT_PHASE,SOURCE_CUSTOMER_SERVICE_PATH,0.24,PRIMARY_PHASE_2,2,sx3048196b.1.2,transformer.t5138237b,15.0,line.tpx138237b0,156.0,5,3,6,27,0,1,UNVERIFIED,True,ENGINEERING_SCENARIO_NOT_FIELD_VERIFIED,PENDING
LV:sx3048199b,sx3048199b,LV_SPLIT_240,False,True,"1,2",1669215.29185205,12294857.1590983,upstream_primary_proxy_NOT_surveyed_customer_geography,l3048199,m1047763,R05,16.267732648109956,NOT_REQUIRED_FOR_SPLIT_PHASE,SOURCE_CUSTOMER_SERVICE_PATH,0.24,PRIMARY_PHASE_2,2,sx3048199b.1.2,transformer.t5323237b,15.0,line.tpx323237b0,156.0,5,3,6,27,0,1,UNVERIFIED,True,ENGINEERING_SCENARIO_NOT_FIELD_VERIFIED,PENDING
LV:sx3048200b,sx3048200b,LV_SPLIT_240,False,True,"1,2",1662171.49075749,12256746.6315748,upstream_primary_proxy_NOT_surveyed_customer_geography,l3048200,m1026328,R08,18.14176124971691,NOT_REQUIRED_FOR_SPLIT_PHASE,SOURCE_CUSTOMER_SERVICE_PATH,0.24,PRIMARY_PHASE_2,2,sx3048200b.1.2,transformer.t5391740b,10.0,line.tpx391740b0,156.0,5,3,6,27,0,1,UNVERIFIED,True,ENGINEERING_SCENARIO_NOT_FIELD_VERIFIED,PENDING
LV:sx3048201b,sx3048201b,LV_SPLIT_240,False,True,"1,2",1662225.79142954,12256329.6915424,upstream_primary_proxy_NOT_surveyed_customer_geography,l3048201,m1026328,R08,18.387528622124243,NOT_REQUIRED_FOR_SPLIT_PHASE,SOURCE_CUSTOMER_SERVICE_PATH,0.24,PRIMARY_PHASE_2,2,sx3048201b.1.2,transformer.t5391742b,25.0,line.tpx391742b0,156.0,5,3,6,27,0,1,UNVERIFIED,True,ENGINEERING_SCENARIO_NOT_FIELD_VERIFIED,PENDING
LV:sx3048203b,sx3048203b,LV_SPLIT_240,False,True,"1,2",1673072.92103964,12289959.4981657,upstream_primary_proxy_NOT_surveyed_customer_geography,l3048203,m1047763,R05,13.809362800633131,NOT_REQUIRED_FOR_SPLIT_PHASE,SOURCE_CUSTOMER_SERVICE_PATH,0.24,PRIMARY_PHASE_2,2,sx3048203b.1.2,transformer.t5323273b,25.0,line.tpx323273b0,156.0,5,3,6,27,0,1,UNVERIFIED,True,ENGINEERING_SCENARIO_NOT_FIELD_VERIFIED,PENDING
LV:sx3048205c,sx3048205c,LV_SPLIT_240,False,True,"1,2",1679132.33045329,12273857.2783747,upstream_primary_proxy_NOT_surveyed_customer_geography,l3048205,m1108315,R01,5.497766016393722,NOT_REQUIRED_FOR_SPLIT_PHASE,SOURCE_CUSTOMER_SERVICE_PATH,0.24,PRIMARY_PHASE_3,3,sx3048205c.1.2,transformer.t5274994c,25.0,line.tpx274994c0,156.0,5,3,6,27,0,1,UNVERIFIED,True,ENGINEERING_SCENARIO_NOT_FIELD_VERIFIED,PENDING
LV:sx3048206a,sx3048206a,LV_SPLIT_240,False,True,"1,2",1674122.95112062,12267129.3116484,upstream_primary_proxy_NOT_surveyed_customer_geography,l3048206,l3048206,R08,8.504404247378025,NOT_REQUIRED_FOR_SPLIT_PHASE,SOURCE_CUSTOMER_SERVICE_PATH,0.24,PRIMARY_PHASE_1,1,sx3048206a.1.2,transformer.t5138649a,25.0,line.tpx138649a0,156.0,5,3,6,27,0,1,UNVERIFIED,True,ENGINEERING_SCENARIO_NOT_FIELD_VERIFIED,PENDING
LV:sx3048207b,sx3048207b,LV_SPLIT_240,False,True,"1,2",1668435.52404333,12289751.0199575,upstream_primary_proxy_NOT_surveyed_customer_geography,l3048207,m1047763,R05,12.773428072249626,NOT_REQUIRED_FOR_SPLIT_PHASE,SOURCE_CUSTOMER_SERVICE_PATH,0.24,PRIMARY_PHASE_2,2,sx3048207b.1.2,transformer.t5323248b,15.0,line.tpx323248b0,156.0,5,3,6,27,0,1,UNVERIFIED,True,ENGINEERING_SCENARIO_NOT_FIELD_VERIFIED,PENDING
LV:sx3048208a,sx3048208a,LV_SPLIT_240,False,True,"1,2",1676550.56840288,12268587.2418898,upstream_primary_proxy_NOT_surveyed_customer_geography,l3048208,m1089118,R01,6.914545059740577,NOT_REQUIRED_FOR_SPLIT_PHASE,SOURCE_CUSTOMER_SERVICE_PATH,0.24,PRIMARY_PHASE_1,1,sx3048208a.1.2,transformer.t5138260a,15.0,line.tpx138260a0,156.0,5,3,6,27,0,1,UNVERIFIED,True,ENGINEERING_SCENARIO_NOT_FIELD_VERIFIED,PENDING
LV:sx3048209b,sx3048209b,LV_SPLIT_240,False,True,"1,2",1667928.16890685,12278785.7985713,upstream_primary_proxy_NOT_surveyed_customer_geography,l3048209,m1069376,R06,16.043705645601957,NOT_REQUIRED_FOR_SPLIT_PHASE,SOURCE_CUSTOMER_SERVICE_PATH,0.24,PRIMARY_PHASE_2,2,sx3048209b.1.2,transformer.t28120195b,25.0,line.tpx28120195b0,156.0,5,3,6,27,0,1,UNVERIFIED,True,ENGINEERING_SCENARIO_NOT_FIELD_VERIFIED,PENDING
LV:sx3048210a,sx3048210a,LV_SPLIT_240,False,True,"1,2",1667054.34874604,12262471.5206681,upstream_primary_proxy_NOT_surveyed_customer_geography,l3048210,m1026341,R08,15.088410740873467,NOT_REQUIRED_FOR_SPLIT_PHASE,SOURCE_CUSTOMER_SERVICE_PATH,0.24,PRIMARY_PHASE_1,1,sx3048210a.1.2,transformer.t5302412a,37.5,line.tpx302412a0,156.0,5,3,6,27,0,1,UNVERIFIED,True,ENGINEERING_SCENARIO_NOT_FIELD_VERIFIED,PENDING
LV:sx3048211a,sx3048211a,LV_SPLIT_240,False,True,"1,2",1671220.89825392,12263724.9335333,upstream_primary_proxy_NOT_surveyed_customer_geography,l3048211,m1047325,R08,11.182762211051676,NOT_REQUIRED_FOR_SPLIT_PHASE,SOURCE_CUSTOMER_SERVICE_PATH,0.24,PRIMARY_PHASE_1,1,sx3048211a.1.2,transformer.t21396015a,25.0,line.tpx21396015a0,156.0,5,3,6,27,0,1,UNVERIFIED,True,ENGINEERING_SCENARIO_NOT_FIELD_VERIFIED,PENDING
LV:sx3048212a,sx3048212a,LV_SPLIT_240,False,True,"1,2",1667296.70087427,12285351.4817774,upstream_primary_proxy_NOT_surveyed_customer_geography,l3048212,m1026854,R05,10.027002443336677,NOT_REQUIRED_FOR_SPLIT_PHASE,SOURCE_CUSTOMER_SERVICE_PATH,0.24,PRIMARY_PHASE_1,1,sx3048212a.1.2,transformer.t5355934a,10.0,line.tpx355934a0,156.0,5,3,6,27,0,1,UNVERIFIED,True,ENGINEERING_SCENARIO_NOT_FIELD_VERIFIED,PENDING
LV:sx3048214a,sx3048214a,LV_SPLIT_240,False,True,"1,2",1667533.56026649,12263563.9402531,upstream_primary_proxy_NOT_surveyed_customer_geography,l3048214,m1026341,R08,15.835175810839406,NOT_REQUIRED_FOR_SPLIT_PHASE,SOURCE_CUSTOMER_SERVICE_PATH,0.24,PRIMARY_PHASE_1,1,sx3048214a.1.2,transformer.t5302474a,25.0,line.tpx302474a0,156.0,5,3,6,27,0,1,UNVERIFIED,True,ENGINEERING_SCENARIO_NOT_FIELD_VERIFIED,PENDING
LV:sx3048221a,sx3048221a,LV_SPLIT_240,False,True,"1,2",1664158.84128734,12277419.78257,upstream_primary_proxy_NOT_surveyed_customer_geography,l3048221,l3048221,R03,12.518369359479653,NOT_REQUIRED_FOR_SPLIT_PHASE,SOURCE_CUSTOMER_SERVICE_PATH,0.24,PRIMARY_PHASE_1,1,sx3048221a.1.2,transformer.t21399305a,25.0,line.tpx21399305a0,156.0,5,3,6,27,0,1,UNVERIFIED,True,ENGINEERING_SCENARIO_NOT_FIELD_VERIFIED,PENDING
LV:sx3048222c,sx3048222c,LV_SPLIT_240,False,True,"1,2",1662044.74822937,12283349.4798555,upstream_primary_proxy_NOT_surveyed_customer_geography,l3048222,m1026824,R04,12.503223561636789,NOT_REQUIRED_FOR_SPLIT_PHASE,SOURCE_CUSTOMER_SERVICE_PATH,0.24,PRIMARY_PHASE_3,3,sx3048222c.1.2,transformer.t5355431c,37.5,line.tpx355431c0,156.0,5,3,6,27,0,1,UNVERIFIED,True,ENGINEERING_SCENARIO_NOT_FIELD_VERIFIED,PENDING
LV:sx3048227a,sx3048227a,LV_SPLIT_240,False,True,"1,2",1673739.92187227,12278812.2587313,upstream_primary_proxy_NOT_surveyed_customer_geography,l3048227,m1069468,R06,10.285703508140498,NOT_REQUIRED_FOR_SPLIT_PHASE,SOURCE_CUSTOMER_SERVICE_PATH,0.24,PRIMARY_PHASE_1,1,sx3048227a.1.2,transformer.t5337647a,25.0,line.tpx337647a0,156.0,5,3,6,27,0,1,UNVERIFIED,True,ENGINEERING_SCENARIO_NOT_FIELD_VERIFIED,PENDING
LV:sx3048228c,sx3048228c,LV_SPLIT_240,False,True,"1,2",1678880.88930105,12274434.7201672,upstream_primary_proxy_NOT_surveyed_customer_geography,l3048228,m1108315,R01,5.920930453938286,NOT_REQUIRED_FOR_SPLIT_PHASE,SOURCE_CUSTOMER_SERVICE_PATH,0.24,PRIMARY_PHASE_3,3,sx3048228c.1.2,transformer.t5274997c,25.0,line.tpx274997c0,156.0,5,3,6,27,0,1,UNVERIFIED,True,ENGINEERING_SCENARIO_NOT_FIELD_VERIFIED,PENDING
LV:sx3048230c,sx3048230c,LV_SPLIT_240,False,True,"1,2",1669209.04135605,12263342.6210849,upstream_primary_proxy_NOT_surveyed_customer_geography,l3048230,m1047303,R08,12.786895730826556,NOT_REQUIRED_FOR_SPLIT_PHASE,SOURCE_CUSTOMER_SERVICE_PATH,0.24,PRIMARY_PHASE_3,3,sx3048230c.1.2,transformer.t5293490c,25.0,line.tpx293490c0,156.0,5,3,6,27,0,1,UNVERIFIED,True,ENGINEERING_SCENARIO_NOT_FIELD_VERIFIED,PENDING
LV:sx3048231b,sx3048231b,LV_SPLIT_240,False,True,"1,2",1668275.98893918,12268196.0165454,upstream_primary_proxy_NOT_surveyed_customer_geography,l3048231,m1069135,R08,13.322307367169923,NOT_REQUIRED_FOR_SPLIT_PHASE,SOURCE_CUSTOMER_SERVICE_PATH,0.24,PRIMARY_PHASE_2,2,sx3048231b.1.2,transformer.t21400215b,50.0,line.tpx21400215b0,156.0,5,3,6,27,0,1,UNVERIFIED,True,ENGINEERING_SCENARIO_NOT_FIELD_VERIFIED,PENDING
LV:sx3048887b,sx3048887b,LV_SPLIT_240,False,True,"1,2",1681875.42165584,12277965.1199145,upstream_primary_proxy_NOT_surveyed_customer_geography,l3048887,m1125976,R02,3.3603159643052147,NOT_REQUIRED_FOR_SPLIT_PHASE,SOURCE_CUSTOMER_SERVICE_PATH,0.24,PRIMARY_PHASE_2,2,sx3048887b.1.2,transformer.t5260586b,37.5,line.tpx260586b0,156.0,5,3,6,27,0,1,UNVERIFIED,True,ENGINEERING_SCENARIO_NOT_FIELD_VERIFIED,PENDING
LV:sx3048888c,sx3048888c,LV_SPLIT_240,False,True,"1,2",1686927.08809255,12285507.0683375,upstream_primary_proxy_NOT_surveyed_customer_geography,l3048888,m1209800,R07,7.236199066373685,NOT_REQUIRED_FOR_SPLIT_PHASE,SOURCE_CUSTOMER_SERVICE_PATH,0.24,PRIMARY_PHASE_3,3,sx3048888c.1.2,transformer.t5251856c,15.0,line.tpx251856c0,156.0,5,3,6,27,0,1,UNVERIFIED,True,ENGINEERING_SCENARIO_NOT_FIELD_VERIFIED,PENDING
LV:sx3048889c,sx3048889c,LV_SPLIT_240,False,True,"1,2",1687967.68098952,12284190.9539043,upstream_primary_proxy_NOT_surveyed_customer_geography,l3048889,m1209800,R07,6.296978552306411,NOT_REQUIRED_FOR_SPLIT_PHASE,SOURCE_CUSTOMER_SERVICE_PATH,0.24,PRIMARY_PHASE_3,3,sx3048889c.1.2,transformer.t28128464c,25.0,line.tpx28128464c0,156.0,5,3,6,27,0,1,UNVERIFIED,True,ENGINEERING_SCENARIO_NOT_FIELD_VERIFIED,PENDING
LV:sx3048890c,sx3048890c,LV_SPLIT_240,False,True,"1,2",1688350.54639787,12283854.033328,upstream_primary_proxy_NOT_surveyed_customer_geography,l3048890,m1209800,R07,6.073456050747511,NOT_REQUIRED_FOR_SPLIT_PHASE,SOURCE_CUSTOMER_SERVICE_PATH,0.24,PRIMARY_PHASE_3,3,sx3048890c.1.2,transformer.t28128517c,25.0,line.tpx28128517c0,156.0,5,3,6,27,0,1,UNVERIFIED,True,ENGINEERING_SCENARIO_NOT_FIELD_VERIFIED,PENDING
LV:sx3048937c,sx3048937c,LV_SPLIT_240,False,True,"1,2",1685785.59023548,12287268.6309632,upstream_primary_proxy_NOT_surveyed_customer_geography,l3048937,m1209800,R07,8.448216916126977,NOT_REQUIRED_FOR_SPLIT_PHASE,SOURCE_CUSTOMER_SERVICE_PATH,0.24,PRIMARY_PHASE_3,3,sx3048937c.1.2,transformer.t5356789c,15.0,line.tpx356789c0,156.0,5,3,6,27,0,1,UNVERIFIED,True,ENGINEERING_SCENARIO_NOT_FIELD_VERIFIED,PENDING
LV:sx3048946c,sx3048946c,LV_SPLIT_240,False,True,"1,2",1688896.37935838,12277121.9214497,upstream_primary_proxy_NOT_surveyed_customer_geography,l3048946,m1166366,R07,2.675116534812302,NOT_REQUIRED_FOR_SPLIT_PHASE,SOURCE_CUSTOMER_SERVICE_PATH,0.24,PRIMARY_PHASE_3,3,sx3048946c.1.2,transformer.t5260624c,15.0,line.tpx260624c0,156.0,5,3,6,27,0,1,UNVERIFIED,True,ENGINEERING_SCENARIO_NOT_FIELD_VERIFIED,PENDING
LV:sx3048962a,sx3048962a,LV_SPLIT_240,False,True,"1,2",1685564.43900328,12276088.1688728,upstream_primary_proxy_NOT_surveyed_customer_geography,l3048962,m1142865,R07,2.362466417376575,NOT_REQUIRED_FOR_SPLIT_PHASE,SOURCE_CUSTOMER_SERVICE_PATH,0.24,PRIMARY_PHASE_1,1,sx3048962a.1.2,transformer.t5260555a,37.5,line.tpx260555a0,156.0,5,3,6,27,0,1,UNVERIFIED,True,ENGINEERING_SCENARIO_NOT_FIELD_VERIFIED,PENDING
LV:sx3048963b,sx3048963b,LV_SPLIT_240,False,True,"1,2",1683196.41032907,12274599.2605834,upstream_primary_proxy_NOT_surveyed_customer_geography,l3048963,m1142819,R07,3.4944815249085335,NOT_REQUIRED_FOR_SPLIT_PHASE,SOURCE_CUSTOMER_SERVICE_PATH,0.24,PRIMARY_PHASE_2,2,sx3048963b.1.2,transformer.t5260521b,15.0,line.tpx260521b0,156.0,5,3,6,27,0,1,UNVERIFIED,True,ENGINEERING_SCENARIO_NOT_FIELD_VERIFIED,PENDING
LV:sx3048965b,sx3048965b,LV_SPLIT_240,False,True,"1,2",1686592.60873224,12275382.0307601,upstream_primary_proxy_NOT_surveyed_customer_geography,l3048965,l3048965,R07,2.0088157983703607,NOT_REQUIRED_FOR_SPLIT_PHASE,SOURCE_CUSTOMER_SERVICE_PATH,0.24,PRIMARY_PHASE_2,2,sx3048965b.1.2,transformer.t5260641b,37.5,line.tpx260641b0,156.0,5,3,6,27,0,1,UNVERIFIED,True,ENGINEERING_SCENARIO_NOT_FIELD_VERIFIED,PENDING
LV:sx3048966c,sx3048966c,LV_SPLIT_240,False,True,"1,2",1688845.46198233,12275885.3185686,upstream_primary_proxy_NOT_surveyed_customer_geography,l3048966,m1166366,R07,2.1344293837547,NOT_REQUIRED_FOR_SPLIT_PHASE,SOURCE_CUSTOMER_SERVICE_PATH,0.24,PRIMARY_PHASE_3,3,sx3048966c.1.2,transformer.t5260625c,15.0,line.tpx260625c0,156.0,5,3,6,27,0,1,UNVERIFIED,True,ENGINEERING_SCENARIO_NOT_FIELD_VERIFIED,PENDING
LV:sx3048968c,sx3048968c,LV_SPLIT_240,False,True,"1,2",1680113.0807902,12274442.9817992,upstream_primary_proxy_NOT_surveyed_customer_geography,l3048968,m1108315,R01,6.299228432328151,NOT_REQUIRED_FOR_SPLIT_PHASE,SOURCE_CUSTOMER_SERVICE_PATH,0.24,PRIMARY_PHASE_3,3,sx3048968c.1.2,transformer.t5350994c,37.5,line.tpx350994c0,156.0,5,3,6,27,0,1,UNVERIFIED,True,ENGINEERING_SCENARIO_NOT_FIELD_VERIFIED,PENDING
LV:sx3064514c,sx3064514c,LV_SPLIT_240,False,True,"1,2",1687040.71522865,12285337.0351854,upstream_primary_proxy_NOT_surveyed_customer_geography,l3064514,m1209800,R07,7.120100117247756,NOT_REQUIRED_FOR_SPLIT_PHASE,SOURCE_CUSTOMER_SERVICE_PATH,0.24,PRIMARY_PHASE_3,3,sx3064514c.1.2,transformer.t5251857c,15.0,line.tpx251857c0,156.0,5,3,6,27,0,1,UNVERIFIED,True,ENGINEERING_SCENARIO_NOT_FIELD_VERIFIED,PENDING
LV:sx3065665a,sx3065665a,LV_SPLIT_240,False,True,"1,2",1681313.24975132,12281877.6887502,upstream_primary_proxy_NOT_surveyed_customer_geography,l3065665,m1108505,R02,4.646537033244554,NOT_REQUIRED_FOR_SPLIT_PHASE,SOURCE_CUSTOMER_SERVICE_PATH,0.24,PRIMARY_PHASE_1,1,sx3065665a.1.2,transformer.t227895952a,25.0,line.tpx227895952a0,156.0,5,3,6,27,0,1,UNVERIFIED,True,ENGINEERING_SCENARIO_NOT_FIELD_VERIFIED,PENDING
LV:sx3065696a,sx3065696a,LV_SPLIT_240,False,True,"1,2",1663146.2732224,12278537.9455151,upstream_primary_proxy_NOT_surveyed_customer_geography,l3065696,m1009770,R04,14.781346907914168,NOT_REQUIRED_FOR_SPLIT_PHASE,SOURCE_CUSTOMER_SERVICE_PATH,0.24,PRIMARY_PHASE_1,1,sx3065696a.1.2,transformer.t227921416a,25.0,line.tpx227921416a0,156.0,5,3,6,27,0,1,UNVERIFIED,True,ENGINEERING_SCENARIO_NOT_FIELD_VERIFIED,PENDING
LV:sx3065750b,sx3065750b,LV_SPLIT_240,False,True,"1,2",1673580.98888012,12292173.0912558,upstream_primary_proxy_NOT_surveyed_customer_geography,l3065750,m1047763,R05,15.891119691628964,NOT_REQUIRED_FOR_SPLIT_PHASE,SOURCE_CUSTOMER_SERVICE_PATH,0.24,PRIMARY_PHASE_2,2,sx3065750b.1.2,transformer.t5323389b,25.0,line.tpx323389b0,156.0,5,3,6,27,0,1,UNVERIFIED,True,ENGINEERING_SCENARIO_NOT_FIELD_VERIFIED,PENDING
LV:sx3066801c,sx3066801c,LV_SPLIT_240,False,True,"1,2",1675531.90139393,12265966.0886073,upstream_primary_proxy_NOT_surveyed_customer_geography,l3066801,m1089112,R01,8.97884849272584,NOT_REQUIRED_FOR_SPLIT_PHASE,SOURCE_CUSTOMER_SERVICE_PATH,0.24,PRIMARY_PHASE_3,3,sx3066801c.1.2,transformer.t5138464c,10.0,line.tpx138464c0,156.0,5,3,6,27,0,1,UNVERIFIED,True,ENGINEERING_SCENARIO_NOT_FIELD_VERIFIED,PENDING
LV:sx3066804a,sx3066804a,LV_SPLIT_240,False,True,"1,2",1671571.99508625,12287047.823795,upstream_primary_proxy_NOT_surveyed_customer_geography,l3066804,m1069514,R03,7.987503115909103,NOT_REQUIRED_FOR_SPLIT_PHASE,SOURCE_CUSTOMER_SERVICE_PATH,0.24,PRIMARY_PHASE_1,1,sx3066804a.1.2,transformer.t21380599a,37.5,line.tpx21380599a0,156.0,5,3,6,27,0,1,UNVERIFIED,True,ENGINEERING_SCENARIO_NOT_FIELD_VERIFIED,PENDING
LV:sx3066805a,sx3066805a,LV_SPLIT_240,False,True,"1,2",1674596.05140906,12274500.4486793,upstream_primary_proxy_NOT_surveyed_customer_geography,l3066805,m1069382,R06,12.285996074283128,NOT_REQUIRED_FOR_SPLIT_PHASE,SOURCE_CUSTOMER_SERVICE_PATH,0.24,PRIMARY_PHASE_1,1,sx3066805a.1.2,transformer.t5337674a,25.0,line.tpx337674a0,156.0,5,3,6,27,0,1,UNVERIFIED,True,ENGINEERING_SCENARIO_NOT_FIELD_VERIFIED,PENDING
LV:sx3066806c,sx3066806c,LV_SPLIT_240,False,True,"1,2",1679076.28078924,12275088.3885198,upstream_primary_proxy_NOT_surveyed_customer_geography,l3066806,m1108315,R01,6.462639404950862,NOT_REQUIRED_FOR_SPLIT_PHASE,SOURCE_CUSTOMER_SERVICE_PATH,0.24,PRIMARY_PHASE_3,3,sx3066806c.1.2,transformer.t5275002c,15.0,line.tpx275002c0,156.0,5,3,6,27,0,1,UNVERIFIED,True,ENGINEERING_SCENARIO_NOT_FIELD_VERIFIED,PENDING
LV:sx3066807c,sx3066807c,LV_SPLIT_240,False,True,"1,2",1677482.04795575,12276119.4705048,upstream_primary_proxy_NOT_surveyed_customer_geography,l3066807,m1108315,R01,7.40833527417551,NOT_REQUIRED_FOR_SPLIT_PHASE,SOURCE_CUSTOMER_SERVICE_PATH,0.24,PRIMARY_PHASE_3,3,sx3066807c.1.2,transformer.t5337624c,10.0,line.tpx337624c0,156.0,5,3,6,27,0,1,UNVERIFIED,True,ENGINEERING_SCENARIO_NOT_FIELD_VERIFIED,PENDING
LV:sx3066808c,sx3066808c,LV_SPLIT_240,False,True,"1,2",1672482.58913509,12279063.6384435,upstream_primary_proxy_NOT_surveyed_customer_geography,l3066808,m1069481,R06,10.160617288997559,NOT_REQUIRED_FOR_SPLIT_PHASE,SOURCE_CUSTOMER_SERVICE_PATH,0.24,PRIMARY_PHASE_3,3,sx3066808c.1.2,transformer.t5337654c,15.0,line.tpx337654c0,156.0,5,3,6,27,0,1,UNVERIFIED,True,ENGINEERING_SCENARIO_NOT_FIELD_VERIFIED,PENDING
LV:sx3066809c,sx3066809c,LV_SPLIT_240,False,True,"1,2",1673559.6405281,12280532.2305729,upstream_primary_proxy_NOT_surveyed_customer_geography,l3066809,m1069483,R06,10.37318313695626,NOT_REQUIRED_FOR_SPLIT_PHASE,SOURCE_CUSTOMER_SERVICE_PATH,0.24,PRIMARY_PHASE_3,3,sx3066809c.1.2,transformer.t5338958c,25.0,line.tpx338958c0,156.0,5,3,6,27,0,1,UNVERIFIED,True,ENGINEERING_SCENARIO_NOT_FIELD_VERIFIED,PENDING
LV:sx3066810c,sx3066810c,LV_SPLIT_240,False,True,"1,2",1673918.31905643,12277713.1708583,upstream_primary_proxy_NOT_surveyed_customer_geography,l3066810,m1069438,R06,10.772044820062803,NOT_REQUIRED_FOR_SPLIT_PHASE,SOURCE_CUSTOMER_SERVICE_PATH,0.24,PRIMARY_PHASE_3,3,sx3066810c.1.2,transformer.t5337659c,25.0,line.tpx337659c0,156.0,5,3,6,27,0,1,UNVERIFIED,True,ENGINEERING_SCENARIO_NOT_FIELD_VERIFIED,PENDING
LV:sx3066811b,sx3066811b,LV_SPLIT_240,False,True,"1,2",1669590.0922364,12289720.8693015,upstream_primary_proxy_NOT_surveyed_customer_geography,l3066811,m1047763,R05,12.544832633584232,NOT_REQUIRED_FOR_SPLIT_PHASE,SOURCE_CUSTOMER_SERVICE_PATH,0.24,PRIMARY_PHASE_2,2,sx3066811b.1.2,transformer.t28126875b,25.0,line.tpx28126875b0,156.0,5,3,6,27,0,1,UNVERIFIED,True,ENGINEERING_SCENARIO_NOT_FIELD_VERIFIED,PENDING
LV:sx3066812a,sx3066812a,LV_SPLIT_240,False,True,"1,2",1670691.31002943,12288187.478452,upstream_primary_proxy_NOT_surveyed_customer_geography,l3066812,m1047763,R05,11.748094730537238,NOT_REQUIRED_FOR_SPLIT_PHASE,SOURCE_CUSTOMER_SERVICE_PATH,0.24,PRIMARY_PHASE_1,1,sx3066812a.1.2,transformer.t5323263a,25.0,line.tpx323263a0,156.0,5,3,6,27,0,1,UNVERIFIED,True,ENGINEERING_SCENARIO_NOT_FIELD_VERIFIED,PENDING
LV:sx3066813b,sx3066813b,LV_SPLIT_240,False,True,"1,2",1672523.27879913,12275125.8300559,upstream_primary_proxy_NOT_surveyed_customer_geography,l3066813,m1069376,R06,12.774712096327779,NOT_REQUIRED_FOR_SPLIT_PHASE,SOURCE_CUSTOMER_SERVICE_PATH,0.24,PRIMARY_PHASE_2,2,sx3066813b.1.2,transformer.t5337693b,15.0,line.tpx337693b0,156.0,5,3,6,27,0,1,UNVERIFIED,True,ENGINEERING_SCENARIO_NOT_FIELD_VERIFIED,PENDING
LV:sx3066814b,sx3066814b,LV_SPLIT_240,False,True,"1,2",1674640.4069931,12283872.67832,upstream_primary_proxy_NOT_surveyed_customer_geography,l3066814,l3066814,R02,5.982730507593271,NOT_REQUIRED_FOR_SPLIT_PHASE,SOURCE_CUSTOMER_SERVICE_PATH,0.24,PRIMARY_PHASE_2,2,sx3066814b.1.2,transformer.t5338979b,10.0,line.tpx338979b0,156.0,5,3,6,27,0,1,UNVERIFIED,True,ENGINEERING_SCENARIO_NOT_FIELD_VERIFIED,PENDING
LV:sx3066815c,sx3066815c,LV_SPLIT_240,False,True,"1,2",1669782.91143658,12282802.008495,upstream_primary_proxy_NOT_surveyed_customer_geography,l3066815,l3066815,R05,7.825883860203585,NOT_REQUIRED_FOR_SPLIT_PHASE,SOURCE_CUSTOMER_SERVICE_PATH,0.24,PRIMARY_PHASE_3,3,sx3066815c.1.2,transformer.t5338936c,25.0,line.tpx338936c0,156.0,5,3,6,27,0,1,UNVERIFIED,True,ENGINEERING_SCENARIO_NOT_FIELD_VERIFIED,PENDING
LV:sx3066816a,sx3066816a,LV_SPLIT_240,False,True,"1,2",1664599.95591175,12277333.7378979,upstream_primary_proxy_NOT_surveyed_customer_geography,l3066816,m1026690,R03,12.514598246308017,NOT_REQUIRED_FOR_SPLIT_PHASE,SOURCE_CUSTOMER_SERVICE_PATH,0.24,PRIMARY_PHASE_1,1,sx3066816a.1.2,transformer.t21398676a,15.0,line.tpx21398676a0,156.0,5,3,6,27,0,1,UNVERIFIED,True,ENGINEERING_SCENARIO_NOT_FIELD_VERIFIED,PENDING
LV:sx3066817a,sx3066817a,LV_SPLIT_240,False,True,"1,2",1663734.54483895,12276569.2358812,upstream_primary_proxy_NOT_surveyed_customer_geography,l3066817,m1026690,R03,13.003223887965495,NOT_REQUIRED_FOR_SPLIT_PHASE,SOURCE_CUSTOMER_SERVICE_PATH,0.24,PRIMARY_PHASE_1,1,sx3066817a.1.2,transformer.t21373784a,50.0,line.tpx21373784a0,156.0,5,3,6,27,0,1,UNVERIFIED,True,ENGINEERING_SCENARIO_NOT_FIELD_VERIFIED,PENDING
LV:sx3066818b,sx3066818b,LV_SPLIT_240,False,True,"1,2",1672490.0684311,12265559.740831,upstream_primary_proxy_NOT_surveyed_customer_geography,l3066818,m1069135,R08,9.9419879852455,NOT_REQUIRED_FOR_SPLIT_PHASE,SOURCE_CUSTOMER_SERVICE_PATH,0.24,PRIMARY_PHASE_2,2,sx3066818b.1.2,transformer.t5138751b,25.0,line.tpx138751b0,156.0,5,3,6,27,0,1,UNVERIFIED,True,ENGINEERING_SCENARIO_NOT_FIELD_VERIFIED,PENDING
LV:sx3066819a,sx3066819a,LV_SPLIT_240,False,True,"1,2",1669252.06983609,12264515.760542,upstream_primary_proxy_NOT_surveyed_customer_geography,l3066819,m1047312,R08,12.646168956617059,NOT_REQUIRED_FOR_SPLIT_PHASE,SOURCE_CUSTOMER_SERVICE_PATH,0.24,PRIMARY_PHASE_1,1,sx3066819a.1.2,transformer.t5302677a,25.0,line.tpx302677a0,156.0,5,3,6,27,0,1,UNVERIFIED,True,ENGINEERING_SCENARIO_NOT_FIELD_VERIFIED,PENDING
LV:sx3066821a,sx3066821a,LV_SPLIT_240,False,True,"1,2",1662744.13203803,12279671.2513721,upstream_primary_proxy_NOT_surveyed_customer_geography,l3066821,m1009770,R04,13.908043388338761,NOT_REQUIRED_FOR_SPLIT_PHASE,SOURCE_CUSTOMER_SERVICE_PATH,0.24,PRIMARY_PHASE_1,1,sx3066821a.1.2,transformer.t5391994a,25.0,line.tpx391994a0,156.0,5,3,6,27,0,1,UNVERIFIED,True,ENGINEERING_SCENARIO_NOT_FIELD_VERIFIED,PENDING
LV:sx3066826b,sx3066826b,LV_SPLIT_240,False,True,"1,2",1673671.9200802,12286930.2481149,upstream_primary_proxy_NOT_surveyed_customer_geography,l3066826,m1069533,R03,7.795622899639837,NOT_REQUIRED_FOR_SPLIT_PHASE,SOURCE_CUSTOMER_SERVICE_PATH,0.24,PRIMARY_PHASE_2,2,sx3066826b.1.2,transformer.t5339003b,37.5,line.tpx339003b0,156.0,5,3,6,27,0,1,UNVERIFIED,True,ENGINEERING_SCENARIO_NOT_FIELD_VERIFIED,PENDING
LV:sx3066829c,sx3066829c,LV_SPLIT_240,False,True,"1,2",1667373.36980234,12293321.4581048,upstream_primary_proxy_NOT_surveyed_customer_geography,l3066829,m1027043,R04,15.798796733808565,NOT_REQUIRED_FOR_SPLIT_PHASE,SOURCE_CUSTOMER_SERVICE_PATH,0.24,PRIMARY_PHASE_3,3,sx3066829c.1.2,transformer.t5321894c,25.0,line.tpx321894c0,156.0,5,3,6,27,0,1,UNVERIFIED,True,ENGINEERING_SCENARIO_NOT_FIELD_VERIFIED,PENDING
LV:sx3066830b,sx3066830b,LV_SPLIT_240,False,True,"1,2",1671228.11130993,12290914.0381986,upstream_primary_proxy_NOT_surveyed_customer_geography,l3066830,m1047763,R05,13.322235908613408,NOT_REQUIRED_FOR_SPLIT_PHASE,SOURCE_CUSTOMER_SERVICE_PATH,0.24,PRIMARY_PHASE_2,2,sx3066830b.1.2,transformer.t21469960b,25.0,line.tpx21469960b0,156.0,5,3,6,27,0,1,UNVERIFIED,True,ENGINEERING_SCENARIO_NOT_FIELD_VERIFIED,PENDING
LV:sx3067447a,sx3067447a,LV_SPLIT_240,False,True,"1,2",1681282.23074329,12280617.136557,upstream_primary_proxy_NOT_surveyed_customer_geography,l3067447,m1108484,R02,3.9806356981750626,NOT_REQUIRED_FOR_SPLIT_PHASE,SOURCE_CUSTOMER_SERVICE_PATH,0.24,PRIMARY_PHASE_1,1,sx3067447a.1.2,transformer.t21386157a,25.0,line.tpx21386157a0,156.0,5,3,6,27,0,1,UNVERIFIED,True,ENGINEERING_SCENARIO_NOT_FIELD_VERIFIED,PENDING
LV:sx3067448c,sx3067448c,LV_SPLIT_240,False,True,"1,2",1692404.55011365,12281976.2794703,upstream_primary_proxy_NOT_surveyed_customer_geography,l3067448,m1209800,R07,3.859012277446076,NOT_REQUIRED_FOR_SPLIT_PHASE,SOURCE_CUSTOMER_SERVICE_PATH,0.24,PRIMARY_PHASE_3,3,sx3067448c.1.2,transformer.t5262075c,25.0,line.tpx262075c0,156.0,5,3,6,27,0,1,UNVERIFIED,True,ENGINEERING_SCENARIO_NOT_FIELD_VERIFIED,PENDING
LV:sx3067478a,sx3067478a,LV_SPLIT_240,False,True,"1,2",1681762.31880774,12278912.1396914,upstream_primary_proxy_NOT_surveyed_customer_geography,l3067478,l3067478,R02,3.4994658022099334,NOT_REQUIRED_FOR_SPLIT_PHASE,SOURCE_CUSTOMER_SERVICE_PATH,0.24,PRIMARY_PHASE_1,1,sx3067478a.1.2,transformer.t5260598a,37.5,line.tpx260598a0,156.0,5,3,6,27,0,1,UNVERIFIED,True,ENGINEERING_SCENARIO_NOT_FIELD_VERIFIED,PENDING
LV:sx3067506c,sx3067506c,LV_SPLIT_240,False,True,"1,2",1689145.49807861,12276120.6706328,upstream_primary_proxy_NOT_surveyed_customer_geography,l3067506,m1166366,R07,1.911172164912641,NOT_REQUIRED_FOR_SPLIT_PHASE,SOURCE_CUSTOMER_SERVICE_PATH,0.24,PRIMARY_PHASE_3,3,sx3067506c.1.2,transformer.t5260620c,10.0,line.tpx260620c0,156.0,5,3,6,27,0,1,UNVERIFIED,True,ENGINEERING_SCENARIO_NOT_FIELD_VERIFIED,PENDING
LV:sx3067507c,sx3067507c,LV_SPLIT_240,False,True,"1,2",1685567.28162728,12275262.128552,upstream_primary_proxy_NOT_surveyed_customer_geography,l3067507,m1142839,R07,2.293158070616995,NOT_REQUIRED_FOR_SPLIT_PHASE,SOURCE_CUSTOMER_SERVICE_PATH,0.24,PRIMARY_PHASE_3,3,sx3067507c.1.2,transformer.t5260535c,37.5,line.tpx260535c0,156.0,5,3,6,27,0,1,UNVERIFIED,True,ENGINEERING_SCENARIO_NOT_FIELD_VERIFIED,PENDING
LV:sx3068944b,sx3068944b,LV_SPLIT_240,False,True,"1,2",1683008.9323129,12272726.0532856,upstream_primary_proxy_NOT_surveyed_customer_geography,l3068944,m1125914,R01,3.229412190015139,NOT_REQUIRED_FOR_SPLIT_PHASE,SOURCE_CUSTOMER_SERVICE_PATH,0.24,PRIMARY_PHASE_2,2,sx3068944b.1.2,transformer.t5260494b,37.5,line.tpx260494b0,156.0,5,3,6,27,0,1,UNVERIFIED,True,ENGINEERING_SCENARIO_NOT_FIELD_VERIFIED,PENDING
LV:sx3081380a,sx3081380a,LV_SPLIT_240,False,True,"1,2",1686081.98089176,12275244.626344,upstream_primary_proxy_NOT_surveyed_customer_geography,l3081380,l3081380,R07,2.13539197774023,NOT_REQUIRED_FOR_SPLIT_PHASE,SOURCE_CUSTOMER_SERVICE_PATH,0.24,PRIMARY_PHASE_1,1,sx3081380a.1.2,transformer.t225700953a,15.0,line.tpx225700953a0,156.0,5,3,6,27,0,1,UNVERIFIED,True,ENGINEERING_SCENARIO_NOT_FIELD_VERIFIED,PENDING
LV:sx3082981c,sx3082981c,LV_SPLIT_240,False,True,"1,2",1678712.9041489,12276757.5249054,upstream_primary_proxy_NOT_surveyed_customer_geography,l3082981,m1108315,R01,7.589485623254165,NOT_REQUIRED_FOR_SPLIT_PHASE,SOURCE_CUSTOMER_SERVICE_PATH,0.24,PRIMARY_PHASE_3,3,sx3082981c.1.2,transformer.t226193737c,15.0,line.tpx226193737c0,156.0,5,3,6,27,0,1,UNVERIFIED,True,ENGINEERING_SCENARIO_NOT_FIELD_VERIFIED,PENDING
LV:sx3082983b,sx3082983b,LV_SPLIT_240,False,True,"1,2",1675027.33972946,12287050.355123,upstream_primary_proxy_NOT_surveyed_customer_geography,l3082983,m1069533,R03,7.768522130493869,NOT_REQUIRED_FOR_SPLIT_PHASE,SOURCE_CUSTOMER_SERVICE_PATH,0.24,PRIMARY_PHASE_2,2,sx3082983b.1.2,transformer.t226193899b,25.0,line.tpx226193899b0,156.0,5,3,6,27,0,1,UNVERIFIED,True,ENGINEERING_SCENARIO_NOT_FIELD_VERIFIED,PENDING
LV:sx3082988b,sx3082988b,LV_SPLIT_240,False,True,"1,2",1686580.58287622,12272900.9688698,upstream_primary_proxy_NOT_surveyed_customer_geography,l3082988,m1142810,R07,4.1689873694044,NOT_REQUIRED_FOR_SPLIT_PHASE,SOURCE_CUSTOMER_SERVICE_PATH,0.24,PRIMARY_PHASE_2,2,sx3082988b.1.2,transformer.t226195153b,15.0,line.tpx226195153b0,156.0,5,3,6,27,0,1,UNVERIFIED,True,ENGINEERING_SCENARIO_NOT_FIELD_VERIFIED,PENDING
LV:sx3082992a,sx3082992a,LV_SPLIT_240,False,True,"1,2",1671303.21147,12272631.4684536,upstream_primary_proxy_NOT_surveyed_customer_geography,l3082992,m1026695,R03,15.796255523423968,NOT_REQUIRED_FOR_SPLIT_PHASE,SOURCE_CUSTOMER_SERVICE_PATH,0.24,PRIMARY_PHASE_1,1,sx3082992a.1.2,transformer.t5337728a,15.0,line.tpx337728a0,156.0,5,3,6,27,0,1,UNVERIFIED,True,ENGINEERING_SCENARIO_NOT_FIELD_VERIFIED,PENDING
LV:sx3082993a,sx3082993a,LV_SPLIT_240,False,True,"1,2",1661332.89619671,12292865.1882804,upstream_primary_proxy_NOT_surveyed_customer_geography,l3082993,m1027055,R04,17.997532315704547,NOT_REQUIRED_FOR_SPLIT_PHASE,SOURCE_CUSTOMER_SERVICE_PATH,0.24,PRIMARY_PHASE_1,1,sx3082993a.1.2,transformer.t226159329a,25.0,line.tpx226159329a0,156.0,5,3,6,27,0,1,UNVERIFIED,True,ENGINEERING_SCENARIO_NOT_FIELD_VERIFIED,PENDING
LV:sx3085388b,sx3085388b,LV_SPLIT_240,False,True,"1,2",1663614.61805484,12256335.7208544,upstream_primary_proxy_NOT_surveyed_customer_geography,l3085388,m1026328,R08,18.402642066335847,NOT_REQUIRED_FOR_SPLIT_PHASE,SOURCE_CUSTOMER_SERVICE_PATH,0.24,PRIMARY_PHASE_2,2,sx3085388b.1.2,transformer.t5391746b,10.0,line.tpx391746b0,156.0,5,3,6,27,0,1,UNVERIFIED,True,ENGINEERING_SCENARIO_NOT_FIELD_VERIFIED,PENDING
LV:sx3085389b,sx3085389b,LV_SPLIT_240,False,True,"1,2",1662216.12896553,12256929.5302629,upstream_primary_proxy_NOT_surveyed_customer_geography,l3085389,m1026328,R08,17.859538262552167,NOT_REQUIRED_FOR_SPLIT_PHASE,SOURCE_CUSTOMER_SERVICE_PATH,0.24,PRIMARY_PHASE_2,2,sx3085389b.1.2,transformer.t5391765b,25.0,line.tpx391765b0,156.0,5,3,6,27,0,1,UNVERIFIED,True,ENGINEERING_SCENARIO_NOT_FIELD_VERIFIED,PENDING
LV:sx3085390b,sx3085390b,LV_SPLIT_240,False,True,"1,2",1667854.24839478,12291911.0496555,upstream_primary_proxy_NOT_surveyed_customer_geography,l3085390,m1047763,R05,14.188224505359482,NOT_REQUIRED_FOR_SPLIT_PHASE,SOURCE_CUSTOMER_SERVICE_PATH,0.24,PRIMARY_PHASE_2,2,sx3085390b.1.2,transformer.t5321848b,15.0,line.tpx321848b0,156.0,5,3,6,27,0,1,UNVERIFIED,True,ENGINEERING_SCENARIO_NOT_FIELD_VERIFIED,PENDING
LV:sx3085391b,sx3085391b,LV_SPLIT_240,False,True,"1,2",1673463.21659201,12274578.5143434,upstream_primary_proxy_NOT_surveyed_customer_geography,l3085391,m1069376,R06,12.237893786602674,NOT_REQUIRED_FOR_SPLIT_PHASE,SOURCE_CUSTOMER_SERVICE_PATH,0.24,PRIMARY_PHASE_2,2,sx3085391b.1.2,transformer.t21236413b,50.0,line.tpx21236413b0,156.0,5,3,6,27,0,1,UNVERIFIED,True,ENGINEERING_SCENARIO_NOT_FIELD_VERIFIED,PENDING
LV:sx3085392c,sx3085392c,LV_SPLIT_240,False,True,"1,2",1677610.78113987,12276913.4391455,upstream_primary_proxy_NOT_surveyed_customer_geography,l3085392,m1108315,R01,7.719486048069833,NOT_REQUIRED_FOR_SPLIT_PHASE,SOURCE_CUSTOMER_SERVICE_PATH,0.24,PRIMARY_PHASE_3,3,sx3085392c.1.2,transformer.t5337630c,15.0,line.tpx337630c0,156.0,5,3,6,27,0,1,UNVERIFIED,True,ENGINEERING_SCENARIO_NOT_FIELD_VERIFIED,PENDING
LV:sx3085393c,sx3085393c,LV_SPLIT_240,False,True,"1,2",1679174.40046933,12276906.3694495,upstream_primary_proxy_NOT_surveyed_customer_geography,l3085393,m1108315,R01,8.030120058294363,NOT_REQUIRED_FOR_SPLIT_PHASE,SOURCE_CUSTOMER_SERVICE_PATH,0.24,PRIMARY_PHASE_3,3,sx3085393c.1.2,transformer.t5337627c,25.0,line.tpx337627c0,156.0,5,3,6,27,0,1,UNVERIFIED,True,ENGINEERING_SCENARIO_NOT_FIELD_VERIFIED,PENDING
LV:sx3085394c,sx3085394c,LV_SPLIT_240,False,True,"1,2",1679334.70971748,12273164.980646,upstream_primary_proxy_NOT_surveyed_customer_geography,l3085394,m1108315,R01,5.157949372941539,NOT_REQUIRED_FOR_SPLIT_PHASE,SOURCE_CUSTOMER_SERVICE_PATH,0.24,PRIMARY_PHASE_3,3,sx3085394c.1.2,transformer.t5274988c,15.0,line.tpx274988c0,156.0,5,3,6,27,0,1,UNVERIFIED,True,ENGINEERING_SCENARIO_NOT_FIELD_VERIFIED,PENDING
LV:sx3085395a,sx3085395a,LV_SPLIT_240,False,True,"1,2",1673886.0425764,12266705.662368,upstream_primary_proxy_NOT_surveyed_customer_geography,l3085395,m1069155,R08,8.938732147057689,NOT_REQUIRED_FOR_SPLIT_PHASE,SOURCE_CUSTOMER_SERVICE_PATH,0.24,PRIMARY_PHASE_1,1,sx3085395a.1.2,transformer.t21391094a,15.0,line.tpx21391094a0,156.0,5,3,6,27,0,1,UNVERIFIED,True,ENGINEERING_SCENARIO_NOT_FIELD_VERIFIED,PENDING
LV:sx3085396a,sx3085396a,LV_SPLIT_240,False,True,"1,2",1673424.98043197,12265072.4315185,upstream_primary_proxy_NOT_surveyed_customer_geography,l3085396,m1069135,R08,10.37754829737376,NOT_REQUIRED_FOR_SPLIT_PHASE,SOURCE_CUSTOMER_SERVICE_PATH,0.24,PRIMARY_PHASE_1,1,sx3085396a.1.2,transformer.t5138684a,25.0,line.tpx138684a0,156.0,5,3,6,27,0,1,UNVERIFIED,True,ENGINEERING_SCENARIO_NOT_FIELD_VERIFIED,PENDING
LV:sx3085397b,sx3085397b,LV_SPLIT_240,False,True,"1,2",1668881.32858774,12290075.4600218,upstream_primary_proxy_NOT_surveyed_customer_geography,l3085397,m1047763,R05,13.102803536001591,NOT_REQUIRED_FOR_SPLIT_PHASE,SOURCE_CUSTOMER_SERVICE_PATH,0.24,PRIMARY_PHASE_2,2,sx3085397b.1.2,transformer.t5323261b,25.0,line.tpx323261b0,156.0,5,3,6,27,0,1,UNVERIFIED,True,ENGINEERING_SCENARIO_NOT_FIELD_VERIFIED,PENDING
LV:sx3085398b,sx3085398b,LV_SPLIT_240,False,True,"1,2",1663360.6087106,12285489.5210735,upstream_primary_proxy_NOT_surveyed_customer_geography,l3085398,l3085398,R04,10.417391010228977,NOT_REQUIRED_FOR_SPLIT_PHASE,SOURCE_CUSTOMER_SERVICE_PATH,0.24,PRIMARY_PHASE_2,2,sx3085398b.1.2,transformer.t5355777b,25.0,line.tpx355777b0,156.0,5,3,6,27,0,1,UNVERIFIED,True,ENGINEERING_SCENARIO_NOT_FIELD_VERIFIED,PENDING
LV:sx3085399c,sx3085399c,LV_SPLIT_240,False,True,"1,2",1674636.0488491,12271981.9616369,upstream_primary_proxy_NOT_surveyed_customer_geography,l3085399,m1089112,R01,9.837991541073015,NOT_REQUIRED_FOR_SPLIT_PHASE,SOURCE_CUSTOMER_SERVICE_PATH,0.24,PRIMARY_PHASE_3,3,sx3085399c.1.2,transformer.t5302862c,15.0,line.tpx302862c0,156.0,5,3,6,27,0,1,UNVERIFIED,True,ENGINEERING_SCENARIO_NOT_FIELD_VERIFIED,PENDING
LV:sx3085400c,sx3085400c,LV_SPLIT_240,False,True,"1,2",1673321.18779188,12270112.3260512,upstream_primary_proxy_NOT_surveyed_customer_geography,l3085400,m1089112,R01,9.937961187199305,NOT_REQUIRED_FOR_SPLIT_PHASE,SOURCE_CUSTOMER_SERVICE_PATH,0.24,PRIMARY_PHASE_3,3,sx3085400c.1.2,transformer.t5302803c,25.0,line.tpx302803c0,156.0,5,3,6,27,0,1,UNVERIFIED,True,ENGINEERING_SCENARIO_NOT_FIELD_VERIFIED,PENDING
LV:sx3085401a,sx3085401a,LV_SPLIT_240,False,True,"1,2",1670835.09191756,12282505.0362067,upstream_primary_proxy_NOT_surveyed_customer_geography,l3085401,m1047522,R03,7.466527074841155,NOT_REQUIRED_FOR_SPLIT_PHASE,SOURCE_CUSTOMER_SERVICE_PATH,0.24,PRIMARY_PHASE_1,1,sx3085401a.1.2,transformer.t28127253a,37.5,line.tpx28127253a0,156.0,5,3,6,27,0,1,UNVERIFIED,True,ENGINEERING_SCENARIO_NOT_FIELD_VERIFIED,PENDING
LV:sx3085402a,sx3085402a,LV_SPLIT_240,False,True,"1,2",1667718.99028266,12263233.5487008,upstream_primary_proxy_NOT_surveyed_customer_geography,l3085402,m1026341,R08,15.528046081198628,NOT_REQUIRED_FOR_SPLIT_PHASE,SOURCE_CUSTOMER_SERVICE_PATH,0.24,PRIMARY_PHASE_1,1,sx3085402a.1.2,transformer.t5302471a,37.5,line.tpx302471a0,156.0,5,3,6,27,0,1,UNVERIFIED,True,ENGINEERING_SCENARIO_NOT_FIELD_VERIFIED,PENDING
LV:sx3085403a,sx3085403a,LV_SPLIT_240,False,True,"1,2",1664964.36884009,12279299.7810358,upstream_primary_proxy_NOT_surveyed_customer_geography,l3085403,m1026701,R03,12.541703700019903,NOT_REQUIRED_FOR_SPLIT_PHASE,SOURCE_CUSTOMER_SERVICE_PATH,0.24,PRIMARY_PHASE_1,1,sx3085403a.1.2,transformer.t5293668a,25.0,line.tpx293668a0,156.0,5,3,6,27,0,1,UNVERIFIED,True,ENGINEERING_SCENARIO_NOT_FIELD_VERIFIED,PENDING
LV:sx3085410b,sx3085410b,LV_SPLIT_240,False,True,"1,2",1674478.11937695,12286195.3683702,upstream_primary_proxy_NOT_surveyed_customer_geography,l3085410,m1069533,R03,7.169795739624516,NOT_REQUIRED_FOR_SPLIT_PHASE,SOURCE_CUSTOMER_SERVICE_PATH,0.24,PRIMARY_PHASE_2,2,sx3085410b.1.2,transformer.t5339097b,15.0,line.tpx339097b0,156.0,5,3,6,27,0,1,UNVERIFIED,True,ENGINEERING_SCENARIO_NOT_FIELD_VERIFIED,PENDING
LV:sx3086002c,sx3086002c,LV_SPLIT_240,False,True,"1,2",1681600.44079159,12283898.569136,upstream_primary_proxy_NOT_surveyed_customer_geography,l3086002,m1108529,R02,5.430395632823596,NOT_REQUIRED_FOR_SPLIT_PHASE,SOURCE_CUSTOMER_SERVICE_PATH,0.24,PRIMARY_PHASE_3,3,sx3086002c.1.2,transformer.t5356794c,25.0,line.tpx356794c0,156.0,5,3,6,27,0,1,UNVERIFIED,True,ENGINEERING_SCENARIO_NOT_FIELD_VERIFIED,PENDING
LV:sx3086074c,sx3086074c,LV_SPLIT_240,False,True,"1,2",1684848.45820261,12275424.1089682,upstream_primary_proxy_NOT_surveyed_customer_geography,l3086074,m1142832,R07,2.708996363994518,NOT_REQUIRED_FOR_SPLIT_PHASE,SOURCE_CUSTOMER_SERVICE_PATH,0.24,PRIMARY_PHASE_3,3,sx3086074c.1.2,transformer.t5260532c,15.0,line.tpx260532c0,156.0,5,3,6,27,0,1,UNVERIFIED,True,ENGINEERING_SCENARIO_NOT_FIELD_VERIFIED,PENDING
LV:sx3086075b,sx3086075b,LV_SPLIT_240,False,True,"1,2",1691850.88150513,12273420.1819263,upstream_primary_proxy_NOT_surveyed_customer_geography,l3086075,m1186063,R07,2.801037651902589,NOT_REQUIRED_FOR_SPLIT_PHASE,SOURCE_CUSTOMER_SERVICE_PATH,0.24,PRIMARY_PHASE_2,2,sx3086075b.1.2,transformer.t5260463b,15.0,line.tpx260463b0,156.0,5,3,6,27,0,1,UNVERIFIED,True,ENGINEERING_SCENARIO_NOT_FIELD_VERIFIED,PENDING
LV:sx3086078a,sx3086078a,LV_SPLIT_240,False,True,"1,2",1692795.46006601,12275568.1284243,upstream_primary_proxy_NOT_surveyed_customer_geography,l3086078,m1209791,R07,0.7615989491983658,NOT_REQUIRED_FOR_SPLIT_PHASE,SOURCE_CUSTOMER_SERVICE_PATH,0.24,PRIMARY_PHASE_1,1,sx3086078a.1.2,transformer.t5218473a,25.0,line.tpx218473a0,156.0,5,3,6,27,0,1,UNVERIFIED,True,ENGINEERING_SCENARIO_NOT_FIELD_VERIFIED,PENDING
LV:sx3086079b,sx3086079b,LV_SPLIT_240,False,True,"1,2",1691636.95971293,12274515.1123593,upstream_primary_proxy_NOT_surveyed_customer_geography,l3086079,m1186063,R07,1.2297496406522028,NOT_REQUIRED_FOR_SPLIT_PHASE,SOURCE_CUSTOMER_SERVICE_PATH,0.24,PRIMARY_PHASE_2,2,sx3086079b.1.2,transformer.t5260457b,10.0,line.tpx260457b0,156.0,5,3,6,27,0,1,UNVERIFIED,True,ENGINEERING_SCENARIO_NOT_FIELD_VERIFIED,PENDING
LV:sx3086098a,sx3086098a,LV_SPLIT_240,False,True,"1,2",1689003.51843048,12275113.8287759,upstream_primary_proxy_NOT_surveyed_customer_geography,l3086098,m1166368,R07,1.521376217016752,NOT_REQUIRED_FOR_SPLIT_PHASE,SOURCE_CUSTOMER_SERVICE_PATH,0.24,PRIMARY_PHASE_1,1,sx3086098a.1.2,transformer.t21474556a,50.0,line.tpx21474556a0,156.0,5,3,6,27,0,1,UNVERIFIED,True,ENGINEERING_SCENARIO_NOT_FIELD_VERIFIED,PENDING
LV:sx3091052a,sx3091052a,LV_SPLIT_240,False,True,"1,2",1669875.85786867,12272140.2597491,upstream_primary_proxy_NOT_surveyed_customer_geography,l3091052,m1026695,R03,16.83085045302112,NOT_REQUIRED_FOR_SPLIT_PHASE,SOURCE_CUSTOMER_SERVICE_PATH,0.24,PRIMARY_PHASE_1,1,sx3091052a.1.2,transformer.t228532641a,37.5,line.tpx228532641a0,156.0,5,3,6,27,0,1,UNVERIFIED,True,ENGINEERING_SCENARIO_NOT_FIELD_VERIFIED,PENDING
LV:sx3097861c,sx3097861c,LV_SPLIT_240,False,True,"1,2",1678951.57397312,12282075.0995663,upstream_primary_proxy_NOT_surveyed_customer_geography,l3097861,m1108526,R02,5.429798682826065,NOT_REQUIRED_FOR_SPLIT_PHASE,SOURCE_CUSTOMER_SERVICE_PATH,0.24,PRIMARY_PHASE_3,3,sx3097861c.1.2,transformer.t225533215c,10.0,line.tpx225533215c0,156.0,5,3,6,27,0,1,UNVERIFIED,True,ENGINEERING_SCENARIO_NOT_FIELD_VERIFIED,PENDING
LV:sx3101194c,sx3101194c,LV_SPLIT_240,False,True,"1,2",1673233.33268779,12273315.2424062,upstream_primary_proxy_NOT_surveyed_customer_geography,l3101194,m1069311,R06,13.248383293790194,NOT_REQUIRED_FOR_SPLIT_PHASE,SOURCE_CUSTOMER_SERVICE_PATH,0.24,PRIMARY_PHASE_3,3,sx3101194c.1.2,transformer.t21459660c,75.0,line.tpx21459660c0,156.0,5,3,6,27,0,1,UNVERIFIED,True,ENGINEERING_SCENARIO_NOT_FIELD_VERIFIED,PENDING
LV:sx3101782a,sx3101782a,LV_SPLIT_240,False,True,"1,2",1683370.78524124,12282182.8817104,upstream_primary_proxy_NOT_surveyed_customer_geography,l3101782,m1108505,R02,5.985723749135913,NOT_REQUIRED_FOR_SPLIT_PHASE,SOURCE_CUSTOMER_SERVICE_PATH,0.24,PRIMARY_PHASE_1,1,sx3101782a.1.2,transformer.t5356808a,37.5,line.tpx356808a0,156.0,5,3,6,27,0,1,UNVERIFIED,True,ENGINEERING_SCENARIO_NOT_FIELD_VERIFIED,PENDING
LV:sx3101787a,sx3101787a,LV_SPLIT_240,False,True,"1,2",1664142.92832733,12294990.3200584,upstream_primary_proxy_NOT_surveyed_customer_geography,l3101787,m1027055,R04,15.942622495172554,NOT_REQUIRED_FOR_SPLIT_PHASE,SOURCE_CUSTOMER_SERVICE_PATH,0.24,PRIMARY_PHASE_1,1,sx3101787a.1.2,transformer.t5321877a,25.0,line.tpx321877a0,156.0,5,3,6,27,0,1,UNVERIFIED,True,ENGINEERING_SCENARIO_NOT_FIELD_VERIFIED,PENDING
LV:sx3101788a,sx3101788a,LV_SPLIT_240,False,True,"1,2",1663985.30195918,12295077.2207945,upstream_primary_proxy_NOT_surveyed_customer_geography,l3101788,m1027055,R04,15.837408848941502,NOT_REQUIRED_FOR_SPLIT_PHASE,SOURCE_CUSTOMER_SERVICE_PATH,0.24,PRIMARY_PHASE_1,1,sx3101788a.1.2,transformer.t5321878a,25.0,line.tpx321878a0,156.0,5,3,6,27,0,1,UNVERIFIED,True,ENGINEERING_SCENARIO_NOT_FIELD_VERIFIED,PENDING
LV:sx3101789a,sx3101789a,LV_SPLIT_240,False,True,"1,2",1663000.15251826,12280793.6331972,upstream_primary_proxy_NOT_surveyed_customer_geography,l3101789,m1009770,R04,13.296044609621577,NOT_REQUIRED_FOR_SPLIT_PHASE,SOURCE_CUSTOMER_SERVICE_PATH,0.24,PRIMARY_PHASE_1,1,sx3101789a.1.2,transformer.t5294842a,25.0,line.tpx294842a0,156.0,5,3,6,27,0,1,UNVERIFIED,True,ENGINEERING_SCENARIO_NOT_FIELD_VERIFIED,PENDING
LV:sx3102286b,sx3102286b,LV_SPLIT_240,False,True,"1,2",1680128.16635822,12279984.8902844,upstream_primary_proxy_NOT_surveyed_customer_geography,l3102286,m1108380,R02,5.1885354136520085,NOT_REQUIRED_FOR_SPLIT_PHASE,SOURCE_CUSTOMER_SERVICE_PATH,0.24,PRIMARY_PHASE_2,2,sx3102286b.1.2,transformer.t226308729b,75.0,line.tpx226308729b0,156.0,5,3,6,27,0,1,UNVERIFIED,True,ENGINEERING_SCENARIO_NOT_FIELD_VERIFIED,PENDING
LV:sx3102793b,sx3102793b,LV_SPLIT_240,False,True,"1,2",1675086.02312152,12288002.4948999,upstream_primary_proxy_NOT_surveyed_customer_geography,l3102793,m1069533,R03,8.821387784024148,NOT_REQUIRED_FOR_SPLIT_PHASE,SOURCE_CUSTOMER_SERVICE_PATH,0.24,PRIMARY_PHASE_2,2,sx3102793b.1.2,transformer.t227734175b,25.0,line.tpx227734175b0,156.0,5,3,6,27,0,1,UNVERIFIED,True,ENGINEERING_SCENARIO_NOT_FIELD_VERIFIED,PENDING
LV:sx3103822c,sx3103822c,LV_SPLIT_240,False,True,"1,2",1669343.59905217,12283037.0984152,upstream_primary_proxy_NOT_surveyed_customer_geography,l3103822,l3103822,R05,7.993116362629792,NOT_REQUIRED_FOR_SPLIT_PHASE,SOURCE_CUSTOMER_SERVICE_PATH,0.24,PRIMARY_PHASE_3,3,sx3103822c.1.2,transformer.t228665517c,37.5,line.tpx228665517c0,156.0,5,3,6,27,0,1,UNVERIFIED,True,ENGINEERING_SCENARIO_NOT_FIELD_VERIFIED,PENDING
LV:sx3104113a,sx3104113a,LV_SPLIT_240,False,True,"1,2",1671938.73863859,12267667.1696969,upstream_primary_proxy_NOT_surveyed_customer_geography,l3104113,m1069169,R08,9.73459546056484,NOT_REQUIRED_FOR_SPLIT_PHASE,SOURCE_CUSTOMER_SERVICE_PATH,0.24,PRIMARY_PHASE_1,1,sx3104113a.1.2,transformer.t5138560a,25.0,line.tpx138560a0,156.0,5,3,6,27,0,1,UNVERIFIED,True,ENGINEERING_SCENARIO_NOT_FIELD_VERIFIED,PENDING
LV:sx3104114b,sx3104114b,LV_SPLIT_240,False,True,"1,2",1661735.66816509,12283708.9489119,upstream_primary_proxy_NOT_surveyed_customer_geography,l3104114,m1026829,R04,12.419486388309146,NOT_REQUIRED_FOR_SPLIT_PHASE,SOURCE_CUSTOMER_SERVICE_PATH,0.24,PRIMARY_PHASE_2,2,sx3104114b.1.2,transformer.t5355587b,25.0,line.tpx355587b0,156.0,5,3,6,27,0,1,UNVERIFIED,True,ENGINEERING_SCENARIO_NOT_FIELD_VERIFIED,PENDING
LV:sx3104115b,sx3104115b,LV_SPLIT_240,False,True,"1,2",1661651.31923701,12256585.6915426,upstream_primary_proxy_NOT_surveyed_customer_geography,l3104115,m1026328,R08,18.216844613971304,NOT_REQUIRED_FOR_SPLIT_PHASE,SOURCE_CUSTOMER_SERVICE_PATH,0.24,PRIMARY_PHASE_2,2,sx3104115b.1.2,transformer.t5391738b,10.0,line.tpx391738b0,156.0,5,3,6,27,0,1,UNVERIFIED,True,ENGINEERING_SCENARIO_NOT_FIELD_VERIFIED,PENDING
LV:sx3104117c,sx3104117c,LV_SPLIT_240,False,True,"1,2",1674260.46203275,12281870.4715982,upstream_primary_proxy_NOT_surveyed_customer_geography,l3104117,m1069483,R06,11.316780160305768,NOT_REQUIRED_FOR_SPLIT_PHASE,SOURCE_CUSTOMER_SERVICE_PATH,0.24,PRIMARY_PHASE_3,3,sx3104117c.1.2,transformer.t5338964c,37.5,line.tpx338964c0,156.0,5,3,6,27,0,1,UNVERIFIED,True,ENGINEERING_SCENARIO_NOT_FIELD_VERIFIED,PENDING
LV:sx3104118c,sx3104118c,LV_SPLIT_240,False,True,"1,2",1666187.97101723,12293821.3011773,upstream_primary_proxy_NOT_surveyed_customer_geography,l3104118,m1027043,R04,15.343457946032343,NOT_REQUIRED_FOR_SPLIT_PHASE,SOURCE_CUSTOMER_SERVICE_PATH,0.24,PRIMARY_PHASE_3,3,sx3104118c.1.2,transformer.t5321890c,37.5,line.tpx321890c0,156.0,5,3,6,27,0,1,UNVERIFIED,True,ENGINEERING_SCENARIO_NOT_FIELD_VERIFIED,PENDING
LV:sx3104119a,sx3104119a,LV_SPLIT_240,False,True,"1,2",1672616.63892722,12280200.5897406,upstream_primary_proxy_NOT_surveyed_customer_geography,l3104119,m1047480,R06,9.76950271997124,NOT_REQUIRED_FOR_SPLIT_PHASE,SOURCE_CUSTOMER_SERVICE_PATH,0.24,PRIMARY_PHASE_1,1,sx3104119a.1.2,transformer.t5338956a,25.0,line.tpx338956a0,156.0,5,3,6,27,0,1,UNVERIFIED,True,ENGINEERING_SCENARIO_NOT_FIELD_VERIFIED,PENDING
LV:sx3104120b,sx3104120b,LV_SPLIT_240,False,True,"1,2",1673288.60820785,12266509.3492799,upstream_primary_proxy_NOT_surveyed_customer_geography,l3104120,m1069154,R08,9.171123446309064,NOT_REQUIRED_FOR_SPLIT_PHASE,SOURCE_CUSTOMER_SERVICE_PATH,0.24,PRIMARY_PHASE_2,2,sx3104120b.1.2,transformer.t5138645b,15.0,line.tpx138645b0,156.0,5,3,6,27,0,1,UNVERIFIED,True,ENGINEERING_SCENARIO_NOT_FIELD_VERIFIED,PENDING
LV:sx3104121a,sx3104121a,LV_SPLIT_240,False,True,"1,2",1672018.56967866,12267739.910561,upstream_primary_proxy_NOT_surveyed_customer_geography,l3104121,m1069169,R08,9.687313500134412,NOT_REQUIRED_FOR_SPLIT_PHASE,SOURCE_CUSTOMER_SERVICE_PATH,0.24,PRIMARY_PHASE_1,1,sx3104121a.1.2,transformer.t5138561a,25.0,line.tpx138561a0,156.0,5,3,6,27,0,1,UNVERIFIED,True,ENGINEERING_SCENARIO_NOT_FIELD_VERIFIED,PENDING
LV:sx3104122a,sx3104122a,LV_SPLIT_240,False,True,"1,2",1673195.80923176,12268132.0206414,upstream_primary_proxy_NOT_surveyed_customer_geography,l3104122,m1069169,R08,9.100213346997643,NOT_REQUIRED_FOR_SPLIT_PHASE,SOURCE_CUSTOMER_SERVICE_PATH,0.24,PRIMARY_PHASE_1,1,sx3104122a.1.2,transformer.t5138565a,25.0,line.tpx138565a0,156.0,5,3,6,27,0,1,UNVERIFIED,True,ENGINEERING_SCENARIO_NOT_FIELD_VERIFIED,PENDING
LV:sx3104123c,sx3104123c,LV_SPLIT_240,False,True,"1,2",1670182.05025295,12284223.5007203,upstream_primary_proxy_NOT_surveyed_customer_geography,l3104123,m1047649,R05,8.854534564850077,NOT_REQUIRED_FOR_SPLIT_PHASE,SOURCE_CUSTOMER_SERVICE_PATH,0.24,PRIMARY_PHASE_3,3,sx3104123c.1.2,transformer.t5338924c,15.0,line.tpx338924c0,156.0,5,3,6,27,0,1,UNVERIFIED,True,ENGINEERING_SCENARIO_NOT_FIELD_VERIFIED,PENDING
LV:sx3104124b,sx3104124b,LV_SPLIT_240,False,True,"1,2",1664983.62823211,12286874.0796668,upstream_primary_proxy_NOT_surveyed_customer_geography,l3104124,m1026954,R04,12.886240545483268,NOT_REQUIRED_FOR_SPLIT_PHASE,SOURCE_CUSTOMER_SERVICE_PATH,0.24,PRIMARY_PHASE_2,2,sx3104124b.1.2,transformer.t5356065b,15.0,line.tpx356065b0,156.0,5,3,6,27,0,1,UNVERIFIED,True,ENGINEERING_SCENARIO_NOT_FIELD_VERIFIED,PENDING
LV:sx3104125b,sx3104125b,LV_SPLIT_240,False,True,"1,2",1677603.35099586,12269196.2105944,upstream_primary_proxy_NOT_surveyed_customer_geography,l3104125,l3104125,R01,6.1210735372897584,NOT_REQUIRED_FOR_SPLIT_PHASE,SOURCE_CUSTOMER_SERVICE_PATH,0.24,PRIMARY_PHASE_2,2,sx3104125b.1.2,transformer.t5138264b,25.0,line.tpx138264b0,156.0,5,3,6,27,0,1,UNVERIFIED,True,ENGINEERING_SCENARIO_NOT_FIELD_VERIFIED,PENDING
LV:sx3104126c,sx3104126c,LV_SPLIT_240,False,True,"1,2",1675281.4719537,12269517.8203227,upstream_primary_proxy_NOT_surveyed_customer_geography,l3104126,m1089112,R01,8.150728948572064,NOT_REQUIRED_FOR_SPLIT_PHASE,SOURCE_CUSTOMER_SERVICE_PATH,0.24,PRIMARY_PHASE_3,3,sx3104126c.1.2,transformer.t5138372c,10.0,line.tpx138372c0,156.0,5,3,6,27,0,1,UNVERIFIED,True,ENGINEERING_SCENARIO_NOT_FIELD_VERIFIED,PENDING
LV:sx3104127b,sx3104127b,LV_SPLIT_240,False,True,"1,2",1672219.31054285,12273627.2019585,upstream_primary_proxy_NOT_surveyed_customer_geography,l3104127,m1069376,R06,13.2188119119962,NOT_REQUIRED_FOR_SPLIT_PHASE,SOURCE_CUSTOMER_SERVICE_PATH,0.24,PRIMARY_PHASE_2,2,sx3104127b.1.2,transformer.t5337690b,25.0,line.tpx337690b0,156.0,5,3,6,27,0,1,UNVERIFIED,True,ENGINEERING_SCENARIO_NOT_FIELD_VERIFIED,PENDING
LV:sx3104128a,sx3104128a,LV_SPLIT_240,False,True,"1,2",1678085.83931631,12270157.8080352,upstream_primary_proxy_NOT_surveyed_customer_geography,l3104128,m1089143,R01,5.785956183388843,NOT_REQUIRED_FOR_SPLIT_PHASE,SOURCE_CUSTOMER_SERVICE_PATH,0.24,PRIMARY_PHASE_1,1,sx3104128a.1.2,transformer.t5247057a,15.0,line.tpx247057a0,156.0,5,3,6,27,0,1,UNVERIFIED,True,ENGINEERING_SCENARIO_NOT_FIELD_VERIFIED,PENDING
LV:sx3104129a,sx3104129a,LV_SPLIT_240,False,True,"1,2",1671564.51988624,12283260.1993435,upstream_primary_proxy_NOT_surveyed_customer_geography,l3104129,m1047558,R03,7.307375580971742,NOT_REQUIRED_FOR_SPLIT_PHASE,SOURCE_CUSTOMER_SERVICE_PATH,0.24,PRIMARY_PHASE_1,1,sx3104129a.1.2,transformer.t5338969a,37.5,line.tpx338969a0,156.0,5,3,6,27,0,1,UNVERIFIED,True,ENGINEERING_SCENARIO_NOT_FIELD_VERIFIED,PENDING
LV:sx3104130b,sx3104130b,LV_SPLIT_240,False,True,"1,2",1665606.01952869,12258961.3387768,upstream_primary_proxy_NOT_surveyed_customer_geography,l3104130,m1026328,R08,15.404890424317179,NOT_REQUIRED_FOR_SPLIT_PHASE,SOURCE_CUSTOMER_SERVICE_PATH,0.24,PRIMARY_PHASE_2,2,sx3104130b.1.2,transformer.t5391755b,25.0,line.tpx391755b0,156.0,5,3,6,27,0,1,UNVERIFIED,True,ENGINEERING_SCENARIO_NOT_FIELD_VERIFIED,PENDING
LV:sx3104131a,sx3104131a,LV_SPLIT_240,False,True,"1,2",1667348.31866631,12261974.9093396,upstream_primary_proxy_NOT_surveyed_customer_geography,l3104131,m1026341,R08,14.737560622602123,NOT_REQUIRED_FOR_SPLIT_PHASE,SOURCE_CUSTOMER_SERVICE_PATH,0.24,PRIMARY_PHASE_1,1,sx3104131a.1.2,transformer.t5302410a,25.0,line.tpx302410a0,156.0,5,3,6,27,0,1,UNVERIFIED,True,ENGINEERING_SCENARIO_NOT_FIELD_VERIFIED,PENDING
LV:sx3104132a,sx3104132a,LV_SPLIT_240,False,True,"1,2",1667715.00897065,12263080.5508127,upstream_primary_proxy_NOT_surveyed_customer_geography,l3104132,m1026341,R08,15.48785595773655,NOT_REQUIRED_FOR_SPLIT_PHASE,SOURCE_CUSTOMER_SERVICE_PATH,0.24,PRIMARY_PHASE_1,1,sx3104132a.1.2,transformer.t5302469a,15.0,line.tpx302469a0,156.0,5,3,6,27,0,1,UNVERIFIED,True,ENGINEERING_SCENARIO_NOT_FIELD_VERIFIED,PENDING
LV:sx3104133a,sx3104133a,LV_SPLIT_240,False,True,"1,2",1670135.15924491,12263682.8880932,upstream_primary_proxy_NOT_surveyed_customer_geography,l3104133,m1047312,R08,11.876150572949832,NOT_REQUIRED_FOR_SPLIT_PHASE,SOURCE_CUSTOMER_SERVICE_PATH,0.24,PRIMARY_PHASE_1,1,sx3104133a.1.2,transformer.t5293483a,25.0,line.tpx293483a0,156.0,5,3,6,27,0,1,UNVERIFIED,True,ENGINEERING_SCENARIO_NOT_FIELD_VERIFIED,PENDING
LV:sx3104134c,sx3104134c,LV_SPLIT_240,False,True,"1,2",1672079.87860672,12264837.2310063,upstream_primary_proxy_NOT_surveyed_customer_geography,l3104134,l3104134,R08,10.299925213282895,NOT_REQUIRED_FOR_SPLIT_PHASE,SOURCE_CUSTOMER_SERVICE_PATH,0.24,PRIMARY_PHASE_3,3,sx3104134c.1.2,transformer.t5138718c,25.0,line.tpx138718c0,156.0,5,3,6,27,0,1,UNVERIFIED,True,ENGINEERING_SCENARIO_NOT_FIELD_VERIFIED,PENDING
LV:sx3104135a,sx3104135a,LV_SPLIT_240,False,True,"1,2",1666975.35738597,12259867.3207297,upstream_primary_proxy_NOT_surveyed_customer_geography,l3104135,m1026329,R08,14.606387348476844,NOT_REQUIRED_FOR_SPLIT_PHASE,SOURCE_CUSTOMER_SERVICE_PATH,0.24,PRIMARY_PHASE_1,1,sx3104135a.1.2,transformer.t21399508a,15.0,line.tpx21399508a0,156.0,5,3,6,27,0,1,UNVERIFIED,True,ENGINEERING_SCENARIO_NOT_FIELD_VERIFIED,PENDING
LV:sx3104136b,sx3104136b,LV_SPLIT_240,False,True,"1,2",1669925.09998071,12281374.5320137,upstream_primary_proxy_NOT_surveyed_customer_geography,l3104136,l3104136,R06,8.555622874601733,NOT_REQUIRED_FOR_SPLIT_PHASE,SOURCE_CUSTOMER_SERVICE_PATH,0.24,PRIMARY_PHASE_2,2,sx3104136b.1.2,transformer.t5338949b,15.0,line.tpx338949b0,156.0,5,3,6,27,0,1,UNVERIFIED,True,ENGINEERING_SCENARIO_NOT_FIELD_VERIFIED,PENDING
LV:sx3104144a,sx3104144a,LV_SPLIT_240,False,True,"1,2",1675583.08910598,12286288.2205943,upstream_primary_proxy_NOT_surveyed_customer_geography,l3104144,m1069564,R03,6.699389715057107,NOT_REQUIRED_FOR_SPLIT_PHASE,SOURCE_CUSTOMER_SERVICE_PATH,0.24,PRIMARY_PHASE_1,1,sx3104144a.1.2,transformer.t5339020a,10.0,line.tpx339020a0,156.0,5,3,6,27,0,1,UNVERIFIED,True,ENGINEERING_SCENARIO_NOT_FIELD_VERIFIED,PENDING
LV:sx3104145b,sx3104145b,LV_SPLIT_240,False,True,"1,2",1674706.07816117,12286937.6086269,upstream_primary_proxy_NOT_surveyed_customer_geography,l3104145,m1069533,R03,8.005302178090464,NOT_REQUIRED_FOR_SPLIT_PHASE,SOURCE_CUSTOMER_SERVICE_PATH,0.24,PRIMARY_PHASE_2,2,sx3104145b.1.2,transformer.t5339011b,15.0,line.tpx339011b0,156.0,5,3,6,27,0,1,UNVERIFIED,True,ENGINEERING_SCENARIO_NOT_FIELD_VERIFIED,PENDING
LV:sx3104154c,sx3104154c,LV_SPLIT_240,False,True,"1,2",1674732.82094519,12278111.4618027,upstream_primary_proxy_NOT_surveyed_customer_geography,l3104154,m1108315,R01,9.460250813879826,NOT_REQUIRED_FOR_SPLIT_PHASE,SOURCE_CUSTOMER_SERVICE_PATH,0.24,PRIMARY_PHASE_3,3,sx3104154c.1.2,transformer.t5337642c,37.5,line.tpx337642c0,156.0,5,3,6,27,0,1,UNVERIFIED,True,ENGINEERING_SCENARIO_NOT_FIELD_VERIFIED,PENDING
LV:sx3104155c,sx3104155c,LV_SPLIT_240,False,True,"1,2",1674600.83963307,12278118.3717547,upstream_primary_proxy_NOT_surveyed_customer_geography,l3104155,m1108315,R01,9.5377736568392,NOT_REQUIRED_FOR_SPLIT_PHASE,SOURCE_CUSTOMER_SERVICE_PATH,0.24,PRIMARY_PHASE_3,3,sx3104155c.1.2,transformer.t21474587c,25.0,line.tpx21474587c0,156.0,5,3,6,27,0,1,UNVERIFIED,True,ENGINEERING_SCENARIO_NOT_FIELD_VERIFIED,PENDING
LV:sx3104157c,sx3104157c,LV_SPLIT_240,False,True,"1,2",1669184.55956402,12262249.4601239,upstream_primary_proxy_NOT_surveyed_customer_geography,l3104157,m1047299,R08,12.716468491344743,NOT_REQUIRED_FOR_SPLIT_PHASE,SOURCE_CUSTOMER_SERVICE_PATH,0.24,PRIMARY_PHASE_3,3,sx3104157c.1.2,transformer.t5293427c,25.0,line.tpx293427c0,156.0,5,3,6,27,0,1,UNVERIFIED,True,ENGINEERING_SCENARIO_NOT_FIELD_VERIFIED,PENDING
LV:sx3104796c,sx3104796c,LV_SPLIT_240,False,True,"1,2",1683152.39880903,12277932.8802985,upstream_primary_proxy_NOT_surveyed_customer_geography,l3104796,m1125962,R07,3.1245604712583703,NOT_REQUIRED_FOR_SPLIT_PHASE,SOURCE_CUSTOMER_SERVICE_PATH,0.24,PRIMARY_PHASE_3,3,sx3104796c.1.2,transformer.t5260569c,25.0,line.tpx260569c0,156.0,5,3,6,27,0,1,UNVERIFIED,True,ENGINEERING_SCENARIO_NOT_FIELD_VERIFIED,PENDING
LV:sx3104830c,sx3104830c,LV_SPLIT_240,False,True,"1,2",1680861.7312869,12281619.6489419,upstream_primary_proxy_NOT_surveyed_customer_geography,l3104830,l3104830,R02,4.156935848949869,NOT_REQUIRED_FOR_SPLIT_PHASE,SOURCE_CUSTOMER_SERVICE_PATH,0.24,PRIMARY_PHASE_3,3,sx3104830c.1.2,transformer.t5328367c,10.0,line.tpx328367c0,156.0,5,3,6,27,0,1,UNVERIFIED,True,ENGINEERING_SCENARIO_NOT_FIELD_VERIFIED,PENDING
LV:sx3104850c,sx3104850c,LV_SPLIT_240,False,True,"1,2",1683099.62184898,12276443.1405211,upstream_primary_proxy_NOT_surveyed_customer_geography,l3104850,m1142874,R07,3.242283811879834,NOT_REQUIRED_FOR_SPLIT_PHASE,SOURCE_CUSTOMER_SERVICE_PATH,0.24,PRIMARY_PHASE_3,3,sx3104850c.1.2,transformer.t5260561c,25.0,line.tpx260561c0,156.0,5,3,6,27,0,1,UNVERIFIED,True,ENGINEERING_SCENARIO_NOT_FIELD_VERIFIED,PENDING
LV:sx3104853c,sx3104853c,LV_SPLIT_240,False,True,"1,2",1685288.36860302,12275209.310632,upstream_primary_proxy_NOT_surveyed_customer_geography,l3104853,m1142832,R07,2.399377859710386,NOT_REQUIRED_FOR_SPLIT_PHASE,SOURCE_CUSTOMER_SERVICE_PATH,0.24,PRIMARY_PHASE_3,3,sx3104853c.1.2,transformer.t5260518c,25.0,line.tpx260518c0,156.0,5,3,6,27,0,1,UNVERIFIED,True,ENGINEERING_SCENARIO_NOT_FIELD_VERIFIED,PENDING
LV:sx3104856a,sx3104856a,LV_SPLIT_240,False,True,"1,2",1688400.32098992,12274751.4105995,upstream_primary_proxy_NOT_surveyed_customer_geography,l3104856,m1166373,R07,1.9571292399154907,NOT_REQUIRED_FOR_SPLIT_PHASE,SOURCE_CUSTOMER_SERVICE_PATH,0.24,PRIMARY_PHASE_1,1,sx3104856a.1.2,transformer.t5260467a,15.0,line.tpx260467a0,156.0,5,3,6,27,0,1,UNVERIFIED,True,ENGINEERING_SCENARIO_NOT_FIELD_VERIFIED,PENDING
LV:sx3104859b,sx3104859b,LV_SPLIT_240,False,True,"1,2",1680608.45103066,12271640.6009966,upstream_primary_proxy_NOT_surveyed_customer_geography,l3104859,m1108298,R01,4.356780937760791,NOT_REQUIRED_FOR_SPLIT_PHASE,SOURCE_CUSTOMER_SERVICE_PATH,0.24,PRIMARY_PHASE_2,2,sx3104859b.1.2,transformer.t5138798b,15.0,line.tpx138798b0,156.0,5,3,6,27,0,1,UNVERIFIED,True,ENGINEERING_SCENARIO_NOT_FIELD_VERIFIED,PENDING
LV:sx3108449a,sx3108449a,LV_SPLIT_240,False,True,"1,2",1681267.90703128,12282402.6034387,upstream_primary_proxy_NOT_surveyed_customer_geography,l3108449,m1108505,R02,4.755650256177589,NOT_REQUIRED_FOR_SPLIT_PHASE,SOURCE_CUSTOMER_SERVICE_PATH,0.24,PRIMARY_PHASE_1,1,sx3108449a.1.2,transformer.t228622562a,15.0,line.tpx228622562a0,156.0,5,3,6,27,0,1,UNVERIFIED,True,ENGINEERING_SCENARIO_NOT_FIELD_VERIFIED,PENDING
LV:sx3118855c,sx3118855c,LV_SPLIT_240,False,True,"1,2",1676101.55669047,12283415.4377436,upstream_primary_proxy_NOT_surveyed_customer_geography,l3118855,l3118855,R02,5.611714776105673,NOT_REQUIRED_FOR_SPLIT_PHASE,SOURCE_CUSTOMER_SERVICE_PATH,0.24,PRIMARY_PHASE_3,3,sx3118855c.1.2,transformer.t5339052c,37.5,line.tpx339052c0,156.0,5,3,6,27,0,1,UNVERIFIED,True,ENGINEERING_SCENARIO_NOT_FIELD_VERIFIED,PENDING
LV:sx3119793b,sx3119793b,LV_SPLIT_240,False,True,"1,2",1670354.00442911,12266463.9737918,upstream_primary_proxy_NOT_surveyed_customer_geography,l3119793,m1069135,R08,11.679354046092119,NOT_REQUIRED_FOR_SPLIT_PHASE,SOURCE_CUSTOMER_SERVICE_PATH,0.24,PRIMARY_PHASE_2,2,sx3119793b.1.2,transformer.t226024307b,15.0,line.tpx226024307b0,156.0,5,3,6,27,0,1,UNVERIFIED,True,ENGINEERING_SCENARIO_NOT_FIELD_VERIFIED,PENDING
LV:sx3120376a,sx3120376a,LV_SPLIT_240,False,True,"1,2",1667170.01978615,12285936.3004659,upstream_primary_proxy_NOT_surveyed_customer_geography,l3120376,m1026854,R05,10.049678980414056,NOT_REQUIRED_FOR_SPLIT_PHASE,SOURCE_CUSTOMER_SERVICE_PATH,0.24,PRIMARY_PHASE_1,1,sx3120376a.1.2,transformer.t226163467a,25.0,line.tpx226163467a0,156.0,5,3,6,27,0,1,UNVERIFIED,True,ENGINEERING_SCENARIO_NOT_FIELD_VERIFIED,PENDING
LV:sx3120484c,sx3120484c,LV_SPLIT_240,False,True,"1,2",1664783.47309592,12285132.6980332,upstream_primary_proxy_NOT_surveyed_customer_geography,l3120484,l3120484,R04,9.825831233290183,NOT_REQUIRED_FOR_SPLIT_PHASE,SOURCE_CUSTOMER_SERVICE_PATH,0.24,PRIMARY_PHASE_3,3,sx3120484c.1.2,transformer.t226191772c,15.0,line.tpx226191772c0,156.0,5,3,6,27,0,1,UNVERIFIED,True,ENGINEERING_SCENARIO_NOT_FIELD_VERIFIED,PENDING
LV:sx3120502a,sx3120502a,LV_SPLIT_240,False,True,"1,2",1665561.31988065,12280976.4212933,upstream_primary_proxy_NOT_surveyed_customer_geography,l3120502,m1026851,R04,11.086403419247553,NOT_REQUIRED_FOR_SPLIT_PHASE,SOURCE_CUSTOMER_SERVICE_PATH,0.24,PRIMARY_PHASE_1,1,sx3120502a.1.2,transformer.t5294812a,15.0,line.tpx294812a0,156.0,5,3,6,27,0,1,UNVERIFIED,True,ENGINEERING_SCENARIO_NOT_FIELD_VERIFIED,PENDING
LV:sx3120503a,sx3120503a,LV_SPLIT_240,False,True,"1,2",1662404.34016571,12294317.9166017,upstream_primary_proxy_NOT_surveyed_customer_geography,l3120503,m1027055,R04,17.171098033168416,NOT_REQUIRED_FOR_SPLIT_PHASE,SOURCE_CUSTOMER_SERVICE_PATH,0.24,PRIMARY_PHASE_1,1,sx3120503a.1.2,transformer.t225869139a,15.0,line.tpx225869139a0,156.0,5,3,6,27,0,1,UNVERIFIED,True,ENGINEERING_SCENARIO_NOT_FIELD_VERIFIED,PENDING
LV:sx3120504a,sx3120504a,LV_SPLIT_240,False,True,"1,2",1662161.57024548,12294162.3832896,upstream_primary_proxy_NOT_surveyed_customer_geography,l3120504,m1027055,R04,17.27563195213037,NOT_REQUIRED_FOR_SPLIT_PHASE,SOURCE_CUSTOMER_SERVICE_PATH,0.24,PRIMARY_PHASE_1,1,sx3120504a.1.2,transformer.t225897846a,15.0,line.tpx225897846a0,156.0,5,3,6,27,0,1,UNVERIFIED,True,ENGINEERING_SCENARIO_NOT_FIELD_VERIFIED,PENDING
LV:sx3122810b,sx3122810b,LV_SPLIT_240,False,True,"1,2",1668632.02964351,12292729.5820083,upstream_primary_proxy_NOT_surveyed_customer_geography,l3122810,m1047763,R05,14.835534298826616,NOT_REQUIRED_FOR_SPLIT_PHASE,SOURCE_CUSTOMER_SERVICE_PATH,0.24,PRIMARY_PHASE_2,2,sx3122810b.1.2,transformer.t5323242b,25.0,line.tpx323242b0,156.0,5,3,6,27,0,1,UNVERIFIED,True,ENGINEERING_SCENARIO_NOT_FIELD_VERIFIED,PENDING
LV:sx3122811a,sx3122811a,LV_SPLIT_240,False,True,"1,2",1673701.77992023,12276507.8818972,upstream_primary_proxy_NOT_surveyed_customer_geography,l3122811,m1069420,R06,11.21113730027815,NOT_REQUIRED_FOR_SPLIT_PHASE,SOURCE_CUSTOMER_SERVICE_PATH,0.24,PRIMARY_PHASE_1,1,sx3122811a.1.2,transformer.t5337669a,25.0,line.tpx337669a0,156.0,5,3,6,27,0,1,UNVERIFIED,True,ENGINEERING_SCENARIO_NOT_FIELD_VERIFIED,PENDING
LV:sx3122812b,sx3122812b,LV_SPLIT_240,False,True,"1,2",1673799.75214432,12275194.1472399,upstream_primary_proxy_NOT_surveyed_customer_geography,l3122812,m1069417,R06,11.564571580092217,NOT_REQUIRED_FOR_SPLIT_PHASE,SOURCE_CUSTOMER_SERVICE_PATH,0.24,PRIMARY_PHASE_2,2,sx3122812b.1.2,transformer.t21031694b,37.5,line.tpx21031694b0,156.0,5,3,6,27,0,1,UNVERIFIED,True,ENGINEERING_SCENARIO_NOT_FIELD_VERIFIED,PENDING
LV:sx3122813a,sx3122813a,LV_SPLIT_240,False,True,"1,2",1674108.81172861,12264780.1983022,upstream_primary_proxy_NOT_surveyed_customer_geography,l3122813,m1069135,R08,10.825195480776593,NOT_REQUIRED_FOR_SPLIT_PHASE,SOURCE_CUSTOMER_SERVICE_PATH,0.24,PRIMARY_PHASE_1,1,sx3122813a.1.2,transformer.t5138685a,15.0,line.tpx138685a0,156.0,5,3,6,27,0,1,UNVERIFIED,True,ENGINEERING_SCENARIO_NOT_FIELD_VERIFIED,PENDING
LV:sx3122814c,sx3122814c,LV_SPLIT_240,False,True,"1,2",1670200.17095697,12286954.7299069,upstream_primary_proxy_NOT_surveyed_customer_geography,l3122814,m1047737,R05,10.558885395930872,NOT_REQUIRED_FOR_SPLIT_PHASE,SOURCE_CUSTOMER_SERVICE_PATH,0.24,PRIMARY_PHASE_3,3,sx3122814c.1.2,transformer.t5338899c,15.0,line.tpx338899c0,156.0,5,3,6,27,0,1,UNVERIFIED,True,ENGINEERING_SCENARIO_NOT_FIELD_VERIFIED,PENDING
LV:sx3122815b,sx3122815b,LV_SPLIT_240,False,True,"1,2",1664631.67943178,12292589.6995121,upstream_primary_proxy_NOT_surveyed_customer_geography,l3122815,m1027023,R04,14.050632798544905,NOT_REQUIRED_FOR_SPLIT_PHASE,SOURCE_CUSTOMER_SERVICE_PATH,0.24,PRIMARY_PHASE_2,2,sx3122815b.1.2,transformer.t5321858b,15.0,line.tpx321858b0,156.0,5,3,6,27,0,1,UNVERIFIED,True,ENGINEERING_SCENARIO_NOT_FIELD_VERIFIED,PENDING
LV:sx3122816b,sx3122816b,LV_SPLIT_240,False,True,"1,2",1663977.92915917,12286492.8690425,upstream_primary_proxy_NOT_surveyed_customer_geography,l3122816,l3122816,R04,10.82493338687941,NOT_REQUIRED_FOR_SPLIT_PHASE,SOURCE_CUSTOMER_SERVICE_PATH,0.24,PRIMARY_PHASE_2,2,sx3122816b.1.2,transformer.t5356062b,25.0,line.tpx356062b0,156.0,5,3,6,27,0,1,UNVERIFIED,True,ENGINEERING_SCENARIO_NOT_FIELD_VERIFIED,PENDING
LV:sx3122817c,sx3122817c,LV_SPLIT_240,False,True,"1,2",1663226.94803847,12285259.5880173,upstream_primary_proxy_NOT_surveyed_customer_geography,l3122817,m1026891,R04,10.608573350740386,NOT_REQUIRED_FOR_SPLIT_PHASE,SOURCE_CUSTOMER_SERVICE_PATH,0.24,PRIMARY_PHASE_3,3,sx3122817c.1.2,transformer.t5355779c,15.0,line.tpx355779c0,156.0,5,3,6,27,0,1,UNVERIFIED,True,ENGINEERING_SCENARIO_NOT_FIELD_VERIFIED,PENDING
LV:sx3122818c,sx3122818c,LV_SPLIT_240,False,True,"1,2",1662920.78023019,12284021.6498402,upstream_primary_proxy_NOT_surveyed_customer_geography,l3122818,m1026844,R04,11.43834446085729,NOT_REQUIRED_FOR_SPLIT_PHASE,SOURCE_CUSTOMER_SERVICE_PATH,0.24,PRIMARY_PHASE_3,3,sx3122818c.1.2,transformer.t28120183c,25.0,line.tpx28120183c0,156.0,5,3,6,27,0,1,UNVERIFIED,True,ENGINEERING_SCENARIO_NOT_FIELD_VERIFIED,PENDING
LV:sx3122819c,sx3122819c,LV_SPLIT_240,False,True,"1,2",1674284.89057677,12271581.0410606,upstream_primary_proxy_NOT_surveyed_customer_geography,l3122819,m1089112,R01,9.591633738824319,NOT_REQUIRED_FOR_SPLIT_PHASE,SOURCE_CUSTOMER_SERVICE_PATH,0.24,PRIMARY_PHASE_3,3,sx3122819c.1.2,transformer.t5302860c,37.5,line.tpx302860c0,156.0,5,3,6,27,0,1,UNVERIFIED,True,ENGINEERING_SCENARIO_NOT_FIELD_VERIFIED,PENDING
LV:sx3122820a,sx3122820a,LV_SPLIT_240,False,True,"1,2",1667666.90964261,12274675.6509835,upstream_primary_proxy_NOT_surveyed_customer_geography,l3122820,m1026695,R03,13.574270797320201,NOT_REQUIRED_FOR_SPLIT_PHASE,SOURCE_CUSTOMER_SERVICE_PATH,0.24,PRIMARY_PHASE_1,1,sx3122820a.1.2,transformer.t5310561a,25.0,line.tpx310561a0,156.0,5,3,6,27,0,1,UNVERIFIED,True,ENGINEERING_SCENARIO_NOT_FIELD_VERIFIED,PENDING
LV:sx3122821b,sx3122821b,LV_SPLIT_240,False,True,"1,2",1671320.97991801,12280228.0288446,upstream_primary_proxy_NOT_surveyed_customer_geography,l3122821,l3122821,R06,9.199768234155234,NOT_REQUIRED_FOR_SPLIT_PHASE,SOURCE_CUSTOMER_SERVICE_PATH,0.24,PRIMARY_PHASE_2,2,sx3122821b.1.2,transformer.t5338953b,25.0,line.tpx338953b0,156.0,5,3,6,27,0,1,UNVERIFIED,True,ENGINEERING_SCENARIO_NOT_FIELD_VERIFIED,PENDING
LV:sx3122822a,sx3122822a,LV_SPLIT_240,False,True,"1,2",1664285.66163946,12278499.639723,upstream_primary_proxy_NOT_surveyed_customer_geography,l3122822,m1026701,R03,12.53593359914992,NOT_REQUIRED_FOR_SPLIT_PHASE,SOURCE_CUSTOMER_SERVICE_PATH,0.24,PRIMARY_PHASE_1,1,sx3122822a.1.2,transformer.t5391987a,25.0,line.tpx391987a0,156.0,5,3,6,27,0,1,UNVERIFIED,True,ENGINEERING_SCENARIO_NOT_FIELD_VERIFIED,PENDING
LV:sx3122823b,sx3122823b,LV_SPLIT_240,False,True,"1,2",1666661.98061767,12259812.5981696,upstream_primary_proxy_NOT_surveyed_customer_geography,l3122823,m1026328,R08,14.705732139013387,NOT_REQUIRED_FOR_SPLIT_PHASE,SOURCE_CUSTOMER_SERVICE_PATH,0.24,PRIMARY_PHASE_2,2,sx3122823b.1.2,transformer.t5302370b,25.0,line.tpx302370b0,156.0,5,3,6,27,0,1,UNVERIFIED,True,ENGINEERING_SCENARIO_NOT_FIELD_VERIFIED,PENDING
LV:sx3122824a,sx3122824a,LV_SPLIT_240,False,True,"1,2",1667138.05050612,12261699.6990994,upstream_primary_proxy_NOT_surveyed_customer_geography,l3122824,m1026341,R08,14.683065193066412,NOT_REQUIRED_FOR_SPLIT_PHASE,SOURCE_CUSTOMER_SERVICE_PATH,0.24,PRIMARY_PHASE_1,1,sx3122824a.1.2,transformer.t5302402a,15.0,line.tpx302402a0,156.0,5,3,6,27,0,1,UNVERIFIED,True,ENGINEERING_SCENARIO_NOT_FIELD_VERIFIED,PENDING
LV:sx3122825a,sx3122825a,LV_SPLIT_240,False,True,"1,2",1667399.57191436,12261468.8198672,upstream_primary_proxy_NOT_surveyed_customer_geography,l3122825,m1026341,R08,14.456939401696388,NOT_REQUIRED_FOR_SPLIT_PHASE,SOURCE_CUSTOMER_SERVICE_PATH,0.24,PRIMARY_PHASE_1,1,sx3122825a.1.2,transformer.t28118808a,37.5,line.tpx28118808a0,156.0,5,3,6,27,0,1,UNVERIFIED,True,ENGINEERING_SCENARIO_NOT_FIELD_VERIFIED,PENDING
LV:sx3122826a,sx3122826a,LV_SPLIT_240,False,True,"1,2",1671415.5196941,12264777.0198062,upstream_primary_proxy_NOT_surveyed_customer_geography,l3122826,m1047339,R08,10.937464852129908,NOT_REQUIRED_FOR_SPLIT_PHASE,SOURCE_CUSTOMER_SERVICE_PATH,0.24,PRIMARY_PHASE_1,1,sx3122826a.1.2,transformer.t5302731a,25.0,line.tpx302731a0,156.0,5,3,6,27,0,1,UNVERIFIED,True,ENGINEERING_SCENARIO_NOT_FIELD_VERIFIED,PENDING
LV:sx3122827a,sx3122827a,LV_SPLIT_240,False,True,"1,2",1666495.24064952,12277209.9199138,upstream_primary_proxy_NOT_surveyed_customer_geography,l3122827,m1026695,R03,11.716252981704539,NOT_REQUIRED_FOR_SPLIT_PHASE,SOURCE_CUSTOMER_SERVICE_PATH,0.24,PRIMARY_PHASE_1,1,sx3122827a.1.2,transformer.t5293673a,25.0,line.tpx293673a0,156.0,5,3,6,27,0,1,UNVERIFIED,True,ENGINEERING_SCENARIO_NOT_FIELD_VERIFIED,PENDING
LV:sx3122835b,sx3122835b,LV_SPLIT_240,False,True,"1,2",1674360.38804884,12287325.3114112,upstream_primary_proxy_NOT_surveyed_customer_geography,l3122835,m1069533,R03,8.180140063080442,NOT_REQUIRED_FOR_SPLIT_PHASE,SOURCE_CUSTOMER_SERVICE_PATH,0.24,PRIMARY_PHASE_2,2,sx3122835b.1.2,transformer.t5339008b,15.0,line.tpx339008b0,156.0,5,3,6,27,0,1,UNVERIFIED,True,ENGINEERING_SCENARIO_NOT_FIELD_VERIFIED,PENDING
LV:sx3122837c,sx3122837c,LV_SPLIT_240,False,True,"1,2",1662524.16045382,12283227.5296474,upstream_primary_proxy_NOT_surveyed_customer_geography,l3122837,m1026824,R04,12.214063528119295,NOT_REQUIRED_FOR_SPLIT_PHASE,SOURCE_CUSTOMER_SERVICE_PATH,0.24,PRIMARY_PHASE_3,3,sx3122837c.1.2,transformer.t5355432c,37.5,line.tpx355432c0,156.0,5,3,6,27,0,1,UNVERIFIED,True,ENGINEERING_SCENARIO_NOT_FIELD_VERIFIED,PENDING
LV:sx3122847a,sx3122847a,LV_SPLIT_240,False,True,"1,2",1665247.88167236,12282384.0936146,upstream_primary_proxy_NOT_surveyed_customer_geography,l3122847,m1026851,R04,10.47326143889744,NOT_REQUIRED_FOR_SPLIT_PHASE,SOURCE_CUSTOMER_SERVICE_PATH,0.24,PRIMARY_PHASE_1,1,sx3122847a.1.2,transformer.t21483138a,15.0,line.tpx21483138a0,156.0,5,3,6,27,0,1,UNVERIFIED,True,ENGINEERING_SCENARIO_NOT_FIELD_VERIFIED,PENDING
LV:sx3122848c,sx3122848c,LV_SPLIT_240,False,True,"1,2",1668559.03892344,12285496.5620975,upstream_primary_proxy_NOT_surveyed_customer_geography,l3122848,m1026830,R05,9.3836353713226,NOT_REQUIRED_FOR_SPLIT_PHASE,SOURCE_CUSTOMER_SERVICE_PATH,0.24,PRIMARY_PHASE_3,3,sx3122848c.1.2,transformer.t21397121c,15.0,line.tpx21397121c0,156.0,5,3,6,27,0,1,UNVERIFIED,True,ENGINEERING_SCENARIO_NOT_FIELD_VERIFIED,PENDING
LV:sx3122849b,sx3122849b,LV_SPLIT_240,False,True,"1,2",1668291.75853919,12261398.9298191,upstream_primary_proxy_NOT_surveyed_customer_geography,l3122849,l3122849,R08,13.293136120969185,NOT_REQUIRED_FOR_SPLIT_PHASE,SOURCE_CUSTOMER_SERVICE_PATH,0.24,PRIMARY_PHASE_2,2,sx3122849b.1.2,transformer.t5293423b,15.0,line.tpx293423b0,156.0,5,3,6,27,0,1,UNVERIFIED,True,ENGINEERING_SCENARIO_NOT_FIELD_VERIFIED,PENDING
LV:sx3123452c,sx3123452c,LV_SPLIT_240,False,True,"1,2",1682734.34056864,12277838.7910824,upstream_primary_proxy_NOT_surveyed_customer_geography,l3123452,l3123452,R02,3.1035384674985402,NOT_REQUIRED_FOR_SPLIT_PHASE,SOURCE_CUSTOMER_SERVICE_PATH,0.24,PRIMARY_PHASE_3,3,sx3123452c.1.2,transformer.t5260574c,25.0,line.tpx260574c0,156.0,5,3,6,27,0,1,UNVERIFIED,True,ENGINEERING_SCENARIO_NOT_FIELD_VERIFIED,PENDING
LV:sx3123509c,sx3123509c,LV_SPLIT_240,False,True,"1,2",1692774.79574599,12274449.1421832,upstream_primary_proxy_NOT_surveyed_customer_geography,l3123509,l3123509,R07,1.4358668664418748,NOT_REQUIRED_FOR_SPLIT_PHASE,SOURCE_CUSTOMER_SERVICE_PATH,0.24,PRIMARY_PHASE_3,3,sx3123509c.1.2,transformer.t28129923c,15.0,line.tpx28129923c0,156.0,5,3,6,27,0,1,UNVERIFIED,True,ENGINEERING_SCENARIO_NOT_FIELD_VERIFIED,PENDING
LV:sx3125349c,sx3125349c,LV_SPLIT_240,False,True,"1,2",1674190.89147269,12273824.6701187,upstream_primary_proxy_NOT_surveyed_customer_geography,l3125349,l3125349,R06,12.078214747731405,NOT_REQUIRED_FOR_SPLIT_PHASE,SOURCE_CUSTOMER_SERVICE_PATH,0.24,PRIMARY_PHASE_3,3,sx3125349c.1.2,transformer.t226193698c,25.0,line.tpx226193698c0,156.0,5,3,6,27,0,1,UNVERIFIED,True,ENGINEERING_SCENARIO_NOT_FIELD_VERIFIED,PENDING
LV:sx3139086b,sx3139086b,LV_SPLIT_240,False,True,"1,2",1669206.74350004,12276103.0619288,upstream_primary_proxy_NOT_surveyed_customer_geography,l3139086,m1069376,R06,14.756570472166013,NOT_REQUIRED_FOR_SPLIT_PHASE,SOURCE_CUSTOMER_SERVICE_PATH,0.24,PRIMARY_PHASE_2,2,sx3139086b.1.2,transformer.t226192846b,25.0,line.tpx226192846b0,156.0,5,3,6,27,0,1,UNVERIFIED,True,ENGINEERING_SCENARIO_NOT_FIELD_VERIFIED,PENDING
LV:sx3139103a,sx3139103a,LV_SPLIT_240,False,True,"1,2",1663358.3354306,12295145.5707465,upstream_primary_proxy_NOT_surveyed_customer_geography,l3139103,m1027055,R04,16.033033157821077,NOT_REQUIRED_FOR_SPLIT_PHASE,SOURCE_CUSTOMER_SERVICE_PATH,0.24,PRIMARY_PHASE_1,1,sx3139103a.1.2,transformer.t225767272a,25.0,line.tpx225767272a0,156.0,5,3,6,27,0,1,UNVERIFIED,True,ENGINEERING_SCENARIO_NOT_FIELD_VERIFIED,PENDING
LV:sx3139366a,sx3139366a,LV_SPLIT_240,False,True,"1,2",1691229.42000055,12273921.8804868,upstream_primary_proxy_NOT_surveyed_customer_geography,l3139366,l3139366,R07,1.5438324964008332,NOT_REQUIRED_FOR_SPLIT_PHASE,SOURCE_CUSTOMER_SERVICE_PATH,0.24,PRIMARY_PHASE_1,1,sx3139366a.1.2,transformer.t226264795a,25.0,line.tpx226264795a0,156.0,5,3,6,27,0,1,UNVERIFIED,True,ENGINEERING_SCENARIO_NOT_FIELD_VERIFIED,PENDING
LV:sx3139598b,sx3139598b,LV_SPLIT_240,False,True,"1,2",1669417.16321224,12266173.5018555,upstream_primary_proxy_NOT_surveyed_customer_geography,l3139598,m1069135,R08,12.045659280811572,NOT_REQUIRED_FOR_SPLIT_PHASE,SOURCE_CUSTOMER_SERVICE_PATH,0.24,PRIMARY_PHASE_2,2,sx3139598b.1.2,transformer.t226311345b,37.5,line.tpx226311345b0,156.0,5,3,6,27,0,1,UNVERIFIED,True,ENGINEERING_SCENARIO_NOT_FIELD_VERIFIED,PENDING
LV:sx3140238a,sx3140238a,LV_SPLIT_240,False,True,"1,2",1664062.78189525,12294755.8936902,upstream_primary_proxy_NOT_surveyed_customer_geography,l3140238,m1027055,R04,15.483098487033718,NOT_REQUIRED_FOR_SPLIT_PHASE,SOURCE_CUSTOMER_SERVICE_PATH,0.24,PRIMARY_PHASE_1,1,sx3140238a.1.2,transformer.t227905262a,25.0,line.tpx227905262a0,156.0,5,3,6,27,0,1,UNVERIFIED,True,ENGINEERING_SCENARIO_NOT_FIELD_VERIFIED,PENDING
LV:sx3141388c,sx3141388c,LV_SPLIT_240,False,True,"1,2",1675866.34798625,12267163.4477125,upstream_primary_proxy_NOT_surveyed_customer_geography,l3141388,m1089112,R01,8.030987171703423,NOT_REQUIRED_FOR_SPLIT_PHASE,SOURCE_CUSTOMER_SERVICE_PATH,0.24,PRIMARY_PHASE_3,3,sx3141388c.1.2,transformer.t5138416c,10.0,line.tpx138416c0,156.0,5,3,6,27,0,1,UNVERIFIED,True,ENGINEERING_SCENARIO_NOT_FIELD_VERIFIED,PENDING
LV:sx3141389a,sx3141389a,LV_SPLIT_240,False,True,"1,2",1666579.6592096,12287101.530547,upstream_primary_proxy_NOT_surveyed_customer_geography,l3141389,m1026854,R05,11.248056593869311,NOT_REQUIRED_FOR_SPLIT_PHASE,SOURCE_CUSTOMER_SERVICE_PATH,0.24,PRIMARY_PHASE_1,1,sx3141389a.1.2,transformer.t5356007a,15.0,line.tpx356007a0,156.0,5,3,6,27,0,1,UNVERIFIED,True,ENGINEERING_SCENARIO_NOT_FIELD_VERIFIED,PENDING
LV:sx3141390b,sx3141390b,LV_SPLIT_240,False,True,"1,2",1662711.970246,12256762.1390308,upstream_primary_proxy_NOT_surveyed_customer_geography,l3141390,m1026328,R08,17.756791190867606,NOT_REQUIRED_FOR_SPLIT_PHASE,SOURCE_CUSTOMER_SERVICE_PATH,0.24,PRIMARY_PHASE_2,2,sx3141390b.1.2,transformer.t5391743b,25.0,line.tpx391743b0,156.0,5,3,6,27,0,1,UNVERIFIED,True,ENGINEERING_SCENARIO_NOT_FIELD_VERIFIED,PENDING
LV:sx3141393c,sx3141393c,LV_SPLIT_240,False,True,"1,2",1675928.5580343,12282735.399343,upstream_primary_proxy_NOT_surveyed_customer_geography,l3141393,m1089213,R02,6.011332193549323,NOT_REQUIRED_FOR_SPLIT_PHASE,SOURCE_CUSTOMER_SERVICE_PATH,0.24,PRIMARY_PHASE_3,3,sx3141393c.1.2,transformer.t5442373c,25.0,line.tpx442373c0,156.0,5,3,6,27,0,1,UNVERIFIED,True,ENGINEERING_SCENARIO_NOT_FIELD_VERIFIED,PENDING
LV:sx3141394b,sx3141394b,LV_SPLIT_240,False,True,"1,2",1679987.98075808,12283156.5500634,upstream_primary_proxy_NOT_surveyed_customer_geography,l3141394,m1108532,R02,4.75442250121542,NOT_REQUIRED_FOR_SPLIT_PHASE,SOURCE_CUSTOMER_SERVICE_PATH,0.24,PRIMARY_PHASE_2,2,sx3141394b.1.2,transformer.t5339042b,25.0,line.tpx339042b0,156.0,5,3,6,27,0,1,UNVERIFIED,True,ENGINEERING_SCENARIO_NOT_FIELD_VERIFIED,PENDING
LV:sx3141395c,sx3141395c,LV_SPLIT_240,False,True,"1,2",1673109.80961568,12277712.0239783,upstream_primary_proxy_NOT_surveyed_customer_geography,l3141395,m1069438,R06,11.191664653058613,NOT_REQUIRED_FOR_SPLIT_PHASE,SOURCE_CUSTOMER_SERVICE_PATH,0.24,PRIMARY_PHASE_3,3,sx3141395c.1.2,transformer.t28149184c,25.0,line.tpx28149184c0,156.0,5,3,6,27,0,1,UNVERIFIED,True,ENGINEERING_SCENARIO_NOT_FIELD_VERIFIED,PENDING
LV:sx3141396c,sx3141396c,LV_SPLIT_240,False,True,"1,2",1672815.54887941,12279471.0880439,upstream_primary_proxy_NOT_surveyed_customer_geography,l3141396,m1069481,R06,9.930255087233231,NOT_REQUIRED_FOR_SPLIT_PHASE,SOURCE_CUSTOMER_SERVICE_PATH,0.24,PRIMARY_PHASE_3,3,sx3141396c.1.2,transformer.t5337655c,15.0,line.tpx337655c0,156.0,5,3,6,27,0,1,UNVERIFIED,True,ENGINEERING_SCENARIO_NOT_FIELD_VERIFIED,PENDING
LV:sx3141397b,sx3141397b,LV_SPLIT_240,False,True,"1,2",1667974.5479149,12289462.7311892,upstream_primary_proxy_NOT_surveyed_customer_geography,l3141397,m1047763,R05,13.012842908639994,NOT_REQUIRED_FOR_SPLIT_PHASE,SOURCE_CUSTOMER_SERVICE_PATH,0.24,PRIMARY_PHASE_2,2,sx3141397b.1.2,transformer.t21396796b,25.0,line.tpx21396796b0,156.0,5,3,6,27,0,1,UNVERIFIED,True,ENGINEERING_SCENARIO_NOT_FIELD_VERIFIED,PENDING
LV:sx3141398a,sx3141398a,LV_SPLIT_240,False,True,"1,2",1667627.36685857,12274484.7937673,upstream_primary_proxy_NOT_surveyed_customer_geography,l3141398,m1026695,R03,13.659600992844565,NOT_REQUIRED_FOR_SPLIT_PHASE,SOURCE_CUSTOMER_SERVICE_PATH,0.24,PRIMARY_PHASE_1,1,sx3141398a.1.2,transformer.t21386976a,15.0,line.tpx21386976a0,156.0,5,3,6,27,0,1,UNVERIFIED,True,ENGINEERING_SCENARIO_NOT_FIELD_VERIFIED,PENDING
LV:sx3141399c,sx3141399c,LV_SPLIT_240,False,True,"1,2",1673647.20072018,12270513.6808036,upstream_primary_proxy_NOT_surveyed_customer_geography,l3141399,m1089112,R01,9.673884779033905,NOT_REQUIRED_FOR_SPLIT_PHASE,SOURCE_CUSTOMER_SERVICE_PATH,0.24,PRIMARY_PHASE_3,3,sx3141399c.1.2,transformer.t5302804c,37.5,line.tpx302804c0,156.0,5,3,6,27,0,1,UNVERIFIED,True,ENGINEERING_SCENARIO_NOT_FIELD_VERIFIED,PENDING
LV:sx3141400a,sx3141400a,LV_SPLIT_240,False,True,"1,2",1678773.45941295,12269650.5880668,upstream_primary_proxy_NOT_surveyed_customer_geography,l3141400,m1089143,R01,5.622120815754748,NOT_REQUIRED_FOR_SPLIT_PHASE,SOURCE_CUSTOMER_SERVICE_PATH,0.24,PRIMARY_PHASE_1,1,sx3141400a.1.2,transformer.t5138313a,10.0,line.tpx138313a0,156.0,5,3,6,27,0,1,UNVERIFIED,True,ENGINEERING_SCENARIO_NOT_FIELD_VERIFIED,PENDING
LV:sx3141401a,sx3141401a,LV_SPLIT_240,False,True,"1,2",1672192.35886282,12282978.2716632,upstream_primary_proxy_NOT_surveyed_customer_geography,l3141401,m1047566,R03,7.184644581179178,NOT_REQUIRED_FOR_SPLIT_PHASE,SOURCE_CUSTOMER_SERVICE_PATH,0.24,PRIMARY_PHASE_1,1,sx3141401a.1.2,transformer.t5338970a,25.0,line.tpx338970a0,156.0,5,3,6,27,0,1,UNVERIFIED,True,ENGINEERING_SCENARIO_NOT_FIELD_VERIFIED,PENDING
LV:sx3141402c,sx3141402c,LV_SPLIT_240,False,True,"1,2",1663669.50445489,12277430.940074,upstream_primary_proxy_NOT_surveyed_customer_geography,l3141402,m1026662,R03,13.178656068603624,NOT_REQUIRED_FOR_SPLIT_PHASE,SOURCE_CUSTOMER_SERVICE_PATH,0.24,PRIMARY_PHASE_3,3,sx3141402c.1.2,transformer.t5391978c,25.0,line.tpx391978c0,156.0,5,3,6,27,0,1,UNVERIFIED,True,ENGINEERING_SCENARIO_NOT_FIELD_VERIFIED,PENDING
LV:sx3141403a,sx3141403a,LV_SPLIT_240,False,True,"1,2",1665633.02445672,12282778.968495,upstream_primary_proxy_NOT_surveyed_customer_geography,l3141403,m1026851,R04,10.162801823837448,NOT_REQUIRED_FOR_SPLIT_PHASE,SOURCE_CUSTOMER_SERVICE_PATH,0.24,PRIMARY_PHASE_1,1,sx3141403a.1.2,transformer.t21399707a,25.0,line.tpx21399707a0,156.0,5,3,6,27,0,1,UNVERIFIED,True,ENGINEERING_SCENARIO_NOT_FIELD_VERIFIED,PENDING
LV:sx3141411c,sx3141411c,LV_SPLIT_240,False,True,"1,2",1662922.46778219,12276584.6491292,upstream_primary_proxy_NOT_surveyed_customer_geography,l3141411,m1026655,R03,13.437970149485189,NOT_REQUIRED_FOR_SPLIT_PHASE,SOURCE_CUSTOMER_SERVICE_PATH,0.24,PRIMARY_PHASE_3,3,sx3141411c.1.2,transformer.t21197413c,75.0,line.tpx21197413c0,156.0,5,3,6,27,0,1,UNVERIFIED,True,ENGINEERING_SCENARIO_NOT_FIELD_VERIFIED,PENDING
LV:sx3141412a,sx3141412a,LV_SPLIT_240,False,True,"1,2",1662265.57997358,12279700.4886201,upstream_primary_proxy_NOT_surveyed_customer_geography,l3141412,m1009770,R04,14.206850640960736,NOT_REQUIRED_FOR_SPLIT_PHASE,SOURCE_CUSTOMER_SERVICE_PATH,0.24,PRIMARY_PHASE_1,1,sx3141412a.1.2,transformer.t5391996a,15.0,line.tpx391996a0,156.0,5,3,6,27,0,1,UNVERIFIED,True,ENGINEERING_SCENARIO_NOT_FIELD_VERIFIED,PENDING
LV:sx3142049c,sx3142049c,LV_SPLIT_240,False,True,"1,2",1681066.65826309,12281234.1702856,upstream_primary_proxy_NOT_surveyed_customer_geography,l3142049,l3142049,R02,4.0572928640991455,NOT_REQUIRED_FOR_SPLIT_PHASE,SOURCE_CUSTOMER_SERVICE_PATH,0.24,PRIMARY_PHASE_3,3,sx3142049c.1.2,transformer.t5356810c,10.0,line.tpx356810c0,156.0,5,3,6,27,0,1,UNVERIFIED,True,ENGINEERING_SCENARIO_NOT_FIELD_VERIFIED,PENDING
LV:sx3142050c,sx3142050c,LV_SPLIT_240,False,True,"1,2",1689208.69526267,12283860.652464,upstream_primary_proxy_NOT_surveyed_customer_geography,l3142050,m1209800,R07,5.917347634124855,NOT_REQUIRED_FOR_SPLIT_PHASE,SOURCE_CUSTOMER_SERVICE_PATH,0.24,PRIMARY_PHASE_3,3,sx3142050c.1.2,transformer.t5251865c,15.0,line.tpx251865c0,156.0,5,3,6,27,0,1,UNVERIFIED,True,ENGINEERING_SCENARIO_NOT_FIELD_VERIFIED,PENDING
LV:sx3142078b,sx3142078b,LV_SPLIT_240,False,True,"1,2",1680082.43042217,12257810.0391917,upstream_primary_proxy_NOT_surveyed_customer_geography,l3142078,m1089119,R01,13.70527441415505,NOT_REQUIRED_FOR_SPLIT_PHASE,SOURCE_CUSTOMER_SERVICE_PATH,0.24,PRIMARY_PHASE_2,2,sx3142078b.1.2,transformer.t5330121b,10.0,line.tpx330121b0,156.0,5,3,6,27,0,1,UNVERIFIED,True,ENGINEERING_SCENARIO_NOT_FIELD_VERIFIED,PENDING
LV:sx3142079b,sx3142079b,LV_SPLIT_240,False,True,"1,2",1683425.79042529,12271782.3307888,upstream_primary_proxy_NOT_surveyed_customer_geography,l3142079,m1125914,R01,3.9159041980083678,NOT_REQUIRED_FOR_SPLIT_PHASE,SOURCE_CUSTOMER_SERVICE_PATH,0.24,PRIMARY_PHASE_2,2,sx3142079b.1.2,transformer.t21249626b,15.0,line.tpx21249626b0,156.0,5,3,6,27,0,1,UNVERIFIED,True,ENGINEERING_SCENARIO_NOT_FIELD_VERIFIED,PENDING
LV:sx3142098b,sx3142098b,LV_SPLIT_240,False,True,"1,2",1683368.81096923,12272369.1114613,upstream_primary_proxy_NOT_surveyed_customer_geography,l3142098,m1125914,R01,3.615600573533381,NOT_REQUIRED_FOR_SPLIT_PHASE,SOURCE_CUSTOMER_SERVICE_PATH,0.24,PRIMARY_PHASE_2,2,sx3142098b.1.2,transformer.t5260501b,25.0,line.tpx260501b0,156.0,5,3,6,27,0,1,UNVERIFIED,True,ENGINEERING_SCENARIO_NOT_FIELD_VERIFIED,PENDING
LV:sx3142099b,sx3142099b,LV_SPLIT_240,False,True,"1,2",1692606.51977784,12272774.8079737,upstream_primary_proxy_NOT_surveyed_customer_geography,l3142099,m1186063,R07,2.5926031396351967,NOT_REQUIRED_FOR_SPLIT_PHASE,SOURCE_CUSTOMER_SERVICE_PATH,0.24,PRIMARY_PHASE_2,2,sx3142099b.1.2,transformer.t5157718b,25.0,line.tpx157718b0,156.0,5,3,6,27,0,1,UNVERIFIED,True,ENGINEERING_SCENARIO_NOT_FIELD_VERIFIED,PENDING
LV:sx3143999a,sx3143999a,LV_SPLIT_240,False,True,"1,2",1674362.22305685,12273404.0723583,upstream_primary_proxy_NOT_surveyed_customer_geography,l3143999,l3143999,R06,12.229534283113347,NOT_REQUIRED_FOR_SPLIT_PHASE,SOURCE_CUSTOMER_SERVICE_PATH,0.24,PRIMARY_PHASE_1,1,sx3143999a.1.2,transformer.t226193696a,25.0,line.tpx226193696a0,156.0,5,3,6,27,0,1,UNVERIFIED,True,ENGINEERING_SCENARIO_NOT_FIELD_VERIFIED,PENDING
LV:sx3150961c,sx3150961c,LV_SPLIT_240,False,True,"1,2",1682009.76635997,12275979.1005847,upstream_primary_proxy_NOT_surveyed_customer_geography,l3150961,m1125968,R02,4.244139979549781,NOT_REQUIRED_FOR_SPLIT_PHASE,SOURCE_CUSTOMER_SERVICE_PATH,0.24,PRIMARY_PHASE_3,3,sx3150961c.1.2,transformer.t223400157c,37.5,line.tpx223400157c0,156.0,5,3,6,27,0,1,UNVERIFIED,True,ENGINEERING_SCENARIO_NOT_FIELD_VERIFIED,PENDING
LV:sx3156034a,sx3156034a,LV_SPLIT_240,False,True,"1,2",1662937.80320621,12279694.8893881,upstream_primary_proxy_NOT_surveyed_customer_geography,l3156034,m1009770,R04,13.82262657240466,NOT_REQUIRED_FOR_SPLIT_PHASE,SOURCE_CUSTOMER_SERVICE_PATH,0.24,PRIMARY_PHASE_1,1,sx3156034a.1.2,transformer.t5391993a,10.0,line.tpx391993a0,156.0,5,3,6,27,0,1,UNVERIFIED,True,ENGINEERING_SCENARIO_NOT_FIELD_VERIFIED,PENDING
LV:sx3157167a,sx3157167a,LV_SPLIT_240,False,True,"1,2",1678310.35746052,12283510.5591517,upstream_primary_proxy_NOT_surveyed_customer_geography,l3157167,m1089197,R02,5.4451241935722905,NOT_REQUIRED_FOR_SPLIT_PHASE,SOURCE_CUSTOMER_SERVICE_PATH,0.24,PRIMARY_PHASE_1,1,sx3157167a.1.2,transformer.t226115278a,15.0,line.tpx226115278a0,156.0,5,3,6,27,0,1,UNVERIFIED,True,ENGINEERING_SCENARIO_NOT_FIELD_VERIFIED,PENDING
LV:sx3157708c,sx3157708c,LV_SPLIT_240,False,True,"1,2",1669663.69735647,12282007.3681103,upstream_primary_proxy_NOT_surveyed_customer_geography,l3157708,m1047513,R03,8.214330498316347,NOT_REQUIRED_FOR_SPLIT_PHASE,SOURCE_CUSTOMER_SERVICE_PATH,0.24,PRIMARY_PHASE_3,3,sx3157708c.1.2,transformer.t226192954c,15.0,line.tpx226192954c0,156.0,5,3,6,27,0,1,UNVERIFIED,True,ENGINEERING_SCENARIO_NOT_FIELD_VERIFIED,PENDING
LV:sx3157710b,sx3157710b,LV_SPLIT_240,False,True,"1,2",1670660.4589574,12289877.7461016,upstream_primary_proxy_NOT_surveyed_customer_geography,l3157710,m1047763,R05,12.295153942188021,NOT_REQUIRED_FOR_SPLIT_PHASE,SOURCE_CUSTOMER_SERVICE_PATH,0.24,PRIMARY_PHASE_2,2,sx3157710b.1.2,transformer.t226193361b,15.0,line.tpx226193361b0,156.0,5,3,6,27,0,1,UNVERIFIED,True,ENGINEERING_SCENARIO_NOT_FIELD_VERIFIED,PENDING
LV:sx3157718a,sx3157718a,LV_SPLIT_240,False,True,"1,2",1679336.33992548,12282953.1836632,upstream_primary_proxy_NOT_surveyed_customer_geography,l3157718,m1108534,R02,5.021607503300921,NOT_REQUIRED_FOR_SPLIT_PHASE,SOURCE_CUSTOMER_SERVICE_PATH,0.24,PRIMARY_PHASE_1,1,sx3157718a.1.2,transformer.t226194093a,15.0,line.tpx226194093a0,156.0,5,3,6,27,0,1,UNVERIFIED,True,ENGINEERING_SCENARIO_NOT_FIELD_VERIFIED,PENDING
LV:sx3159037b,sx3159037b,LV_SPLIT_240,False,True,"1,2",1673436.40417598,12292721.1688243,upstream_primary_proxy_NOT_surveyed_customer_geography,l3159037,m1047763,R05,15.422069326448456,NOT_REQUIRED_FOR_SPLIT_PHASE,SOURCE_CUSTOMER_SERVICE_PATH,0.24,PRIMARY_PHASE_2,2,sx3159037b.1.2,transformer.t5323391b,37.5,line.tpx323391b0,156.0,5,3,6,27,0,1,UNVERIFIED,True,ENGINEERING_SCENARIO_NOT_FIELD_VERIFIED,PENDING
LV:sx3159448a,sx3159448a,LV_SPLIT_240,False,True,"1,2",1674410.79752089,12272924.9919098,upstream_primary_proxy_NOT_surveyed_customer_geography,l3159448,l3159448,R06,12.390055105110681,NOT_REQUIRED_FOR_SPLIT_PHASE,SOURCE_CUSTOMER_SERVICE_PATH,0.24,PRIMARY_PHASE_1,1,sx3159448a.1.2,transformer.t5337684a,25.0,line.tpx337684a0,156.0,5,3,6,27,0,1,UNVERIFIED,True,ENGINEERING_SCENARIO_NOT_FIELD_VERIFIED,PENDING
LV:sx3159645a,sx3159645a,LV_SPLIT_240,False,True,"1,2",1669937.74433272,12285152.9036012,upstream_primary_proxy_NOT_surveyed_customer_geography,l3159645,m1047699,R05,9.4012645162978,NOT_REQUIRED_FOR_SPLIT_PHASE,SOURCE_CUSTOMER_SERVICE_PATH,0.24,PRIMARY_PHASE_1,1,sx3159645a.1.2,transformer.t228446184a,25.0,line.tpx228446184a0,156.0,5,3,6,27,0,1,UNVERIFIED,True,ENGINEERING_SCENARIO_NOT_FIELD_VERIFIED,PENDING
LV:sx3160098a,sx3160098a,LV_SPLIT_240,False,True,"1,2",1676712.58977903,12283381.4982876,upstream_primary_proxy_NOT_surveyed_customer_geography,l3160098,l3160098,R02,5.471746183573778,NOT_REQUIRED_FOR_SPLIT_PHASE,SOURCE_CUSTOMER_SERVICE_PATH,0.24,PRIMARY_PHASE_1,1,sx3160098a.1.2,transformer.t5339048a,15.0,line.tpx339048a0,156.0,5,3,6,27,0,1,UNVERIFIED,True,ENGINEERING_SCENARIO_NOT_FIELD_VERIFIED,PENDING
LV:sx3160100b,sx3160100b,LV_SPLIT_240,False,True,"1,2",1667872.8401388,12291692.4502313,upstream_primary_proxy_NOT_surveyed_customer_geography,l3160100,m1047763,R05,14.092178004807831,NOT_REQUIRED_FOR_SPLIT_PHASE,SOURCE_CUSTOMER_SERVICE_PATH,0.24,PRIMARY_PHASE_2,2,sx3160100b.1.2,transformer.t5321847b,15.0,line.tpx321847b0,156.0,5,3,6,27,0,1,UNVERIFIED,True,ENGINEERING_SCENARIO_NOT_FIELD_VERIFIED,PENDING
LV:sx3160101a,sx3160101a,LV_SPLIT_240,False,True,"1,2",1675089.04187352,12274965.3119117,upstream_primary_proxy_NOT_surveyed_customer_geography,l3160101,m1069382,R06,12.782417581106468,NOT_REQUIRED_FOR_SPLIT_PHASE,SOURCE_CUSTOMER_SERVICE_PATH,0.24,PRIMARY_PHASE_1,1,sx3160101a.1.2,transformer.t5337678a,25.0,line.tpx337678a0,156.0,5,3,6,27,0,1,UNVERIFIED,True,ENGINEERING_SCENARIO_NOT_FIELD_VERIFIED,PENDING
LV:sx3160102b,sx3160102b,LV_SPLIT_240,False,True,"1,2",1663129.50829438,12284971.938225,upstream_primary_proxy_NOT_surveyed_customer_geography,l3160102,l3160102,R04,10.749722665500958,NOT_REQUIRED_FOR_SPLIT_PHASE,SOURCE_CUSTOMER_SERVICE_PATH,0.24,PRIMARY_PHASE_2,2,sx3160102b.1.2,transformer.t5355780b,25.0,line.tpx355780b0,156.0,5,3,6,27,0,1,UNVERIFIED,True,ENGINEERING_SCENARIO_NOT_FIELD_VERIFIED,PENDING
LV:sx3160103c,sx3160103c,LV_SPLIT_240,False,True,"1,2",1664258.12832744,12287931.3719558,upstream_primary_proxy_NOT_surveyed_customer_geography,l3160103,l3160103,R04,11.648441363435857,NOT_REQUIRED_FOR_SPLIT_PHASE,SOURCE_CUSTOMER_SERVICE_PATH,0.24,PRIMARY_PHASE_3,3,sx3160103c.1.2,transformer.t5356063c,15.0,line.tpx356063c0,156.0,5,3,6,27,0,1,UNVERIFIED,True,ENGINEERING_SCENARIO_NOT_FIELD_VERIFIED,PENDING
LV:sx3160104b,sx3160104b,LV_SPLIT_240,False,True,"1,2",1668968.92973982,12277159.8504098,upstream_primary_proxy_NOT_surveyed_customer_geography,l3160104,m1069376,R06,15.117607114930838,NOT_REQUIRED_FOR_SPLIT_PHASE,SOURCE_CUSTOMER_SERVICE_PATH,0.24,PRIMARY_PHASE_2,2,sx3160104b.1.2,transformer.t5337707b,25.0,line.tpx337707b0,156.0,5,3,6,27,0,1,UNVERIFIED,True,ENGINEERING_SCENARIO_NOT_FIELD_VERIFIED,PENDING
LV:sx3160105c,sx3160105c,LV_SPLIT_240,False,True,"1,2",1674842.17185729,12270119.1008352,upstream_primary_proxy_NOT_surveyed_customer_geography,l3160105,m1089112,R01,8.853986673897154,NOT_REQUIRED_FOR_SPLIT_PHASE,SOURCE_CUSTOMER_SERVICE_PATH,0.24,PRIMARY_PHASE_3,3,sx3160105c.1.2,transformer.t5302811c,15.0,line.tpx302811c0,156.0,5,3,6,27,0,1,UNVERIFIED,True,ENGINEERING_SCENARIO_NOT_FIELD_VERIFIED,PENDING
LV:sx3160106a,sx3160106a,LV_SPLIT_240,False,True,"1,2",1667635.87834658,12276594.7007132,upstream_primary_proxy_NOT_surveyed_customer_geography,l3160106,m1026695,R03,12.688833968648938,NOT_REQUIRED_FOR_SPLIT_PHASE,SOURCE_CUSTOMER_SERVICE_PATH,0.24,PRIMARY_PHASE_1,1,sx3160106a.1.2,transformer.t5310570a,25.0,line.tpx310570a0,156.0,5,3,6,27,0,1,UNVERIFIED,True,ENGINEERING_SCENARIO_NOT_FIELD_VERIFIED,PENDING
LV:sx3160107a,sx3160107a,LV_SPLIT_240,False,True,"1,2",1677893.94171613,12269397.9713625,upstream_primary_proxy_NOT_surveyed_customer_geography,l3160107,l3160107,R01,5.91376899043071,NOT_REQUIRED_FOR_SPLIT_PHASE,SOURCE_CUSTOMER_SERVICE_PATH,0.24,PRIMARY_PHASE_1,1,sx3160107a.1.2,transformer.t5138265a,25.0,line.tpx138265a0,156.0,5,3,6,27,0,1,UNVERIFIED,True,ENGINEERING_SCENARIO_NOT_FIELD_VERIFIED,PENDING
LV:sx3160108b,sx3160108b,LV_SPLIT_240,False,True,"1,2",1660347.21837179,12284346.8681445,upstream_primary_proxy_NOT_surveyed_customer_geography,l3160108,m1026829,R04,13.50132878771405,NOT_REQUIRED_FOR_SPLIT_PHASE,SOURCE_CUSTOMER_SERVICE_PATH,0.24,PRIMARY_PHASE_2,2,sx3160108b.1.2,transformer.t5355603b,37.5,line.tpx355603b0,156.0,5,3,6,27,0,1,UNVERIFIED,True,ENGINEERING_SCENARIO_NOT_FIELD_VERIFIED,PENDING
LV:sx3160109b,sx3160109b,LV_SPLIT_240,False,True,"1,2",1669732.03092453,12281619.5014859,upstream_primary_proxy_NOT_surveyed_customer_geography,l3160109,l3160109,R06,8.45169873757187,NOT_REQUIRED_FOR_SPLIT_PHASE,SOURCE_CUSTOMER_SERVICE_PATH,0.24,PRIMARY_PHASE_2,2,sx3160109b.1.2,transformer.t5338947b,25.0,line.tpx338947b0,156.0,5,3,6,27,0,1,UNVERIFIED,True,ENGINEERING_SCENARIO_NOT_FIELD_VERIFIED,PENDING
LV:sx3160113b,sx3160113b,LV_SPLIT_240,False,True,"1,2",1674280.79867277,12288864.4489487,upstream_primary_proxy_NOT_surveyed_customer_geography,l3160113,m1069533,R03,9.338686349336411,NOT_REQUIRED_FOR_SPLIT_PHASE,SOURCE_CUSTOMER_SERVICE_PATH,0.24,PRIMARY_PHASE_2,2,sx3160113b.1.2,transformer.t5323284b,25.0,line.tpx323284b0,156.0,5,3,6,27,0,1,UNVERIFIED,True,ENGINEERING_SCENARIO_NOT_FIELD_VERIFIED,PENDING
LV:sx3160114a,sx3160114a,LV_SPLIT_240,False,True,"1,2",1675402.04180981,12286314.6397943,upstream_primary_proxy_NOT_surveyed_customer_geography,l3160114,m1069564,R03,6.746724407261668,NOT_REQUIRED_FOR_SPLIT_PHASE,SOURCE_CUSTOMER_SERVICE_PATH,0.24,PRIMARY_PHASE_1,1,sx3160114a.1.2,transformer.t5339019a,15.0,line.tpx339019a0,156.0,5,3,6,27,0,1,UNVERIFIED,True,ENGINEERING_SCENARIO_NOT_FIELD_VERIFIED,PENDING
LV:sx3160115b,sx3160115b,LV_SPLIT_240,False,True,"1,2",1674318.4081448,12285859.4185459,upstream_primary_proxy_NOT_surveyed_customer_geography,l3160115,m1069533,R03,7.3439133934668215,NOT_REQUIRED_FOR_SPLIT_PHASE,SOURCE_CUSTOMER_SERVICE_PATH,0.24,PRIMARY_PHASE_2,2,sx3160115b.1.2,transformer.t5338994b,50.0,line.tpx338994b0,156.0,5,3,6,27,0,1,UNVERIFIED,True,ENGINEERING_SCENARIO_NOT_FIELD_VERIFIED,PENDING
LV:sx3160117b,sx3160117b,LV_SPLIT_240,False,True,"1,2",1670717.44250945,12290241.774006,upstream_primary_proxy_NOT_surveyed_customer_geography,l3160117,m1047763,R05,12.511318981984727,NOT_REQUIRED_FOR_SPLIT_PHASE,SOURCE_CUSTOMER_SERVICE_PATH,0.24,PRIMARY_PHASE_2,2,sx3160117b.1.2,transformer.t21357901b,25.0,line.tpx21357901b0,156.0,5,3,6,27,0,1,UNVERIFIED,True,ENGINEERING_SCENARIO_NOT_FIELD_VERIFIED,PENDING
LV:sx3160123a,sx3160123a,LV_SPLIT_240,False,True,"1,2",1673728.18273626,12278197.5105707,upstream_primary_proxy_NOT_surveyed_customer_geography,l3160123,m1069461,R06,10.457899305708372,NOT_REQUIRED_FOR_SPLIT_PHASE,SOURCE_CUSTOMER_SERVICE_PATH,0.24,PRIMARY_PHASE_1,1,sx3160123a.1.2,transformer.t21015706a,15.0,line.tpx21015706a0,156.0,5,3,6,27,0,1,UNVERIFIED,True,ENGINEERING_SCENARIO_NOT_FIELD_VERIFIED,PENDING
LV:sx3160793c,sx3160793c,LV_SPLIT_240,False,True,"1,2",1681393.70338339,12278491.726251,upstream_primary_proxy_NOT_surveyed_customer_geography,l3160793,m3037449,R02,3.6595911182392125,NOT_REQUIRED_FOR_SPLIT_PHASE,SOURCE_CUSTOMER_SERVICE_PATH,0.24,PRIMARY_PHASE_3,3,sx3160793c.1.2,transformer.t28147899c,15.0,line.tpx28147899c0,156.0,5,3,6,27,0,1,UNVERIFIED,True,ENGINEERING_SCENARIO_NOT_FIELD_VERIFIED,PENDING
LV:sx3160861c,sx3160861c,LV_SPLIT_240,False,True,"1,2",1685011.02844276,12276592.1284252,upstream_primary_proxy_NOT_surveyed_customer_geography,l3160861,m1142871,R07,2.5994592159561907,NOT_REQUIRED_FOR_SPLIT_PHASE,SOURCE_CUSTOMER_SERVICE_PATH,0.24,PRIMARY_PHASE_3,3,sx3160861c.1.2,transformer.t5260558c,10.0,line.tpx260558c0,156.0,5,3,6,27,0,1,UNVERIFIED,True,ENGINEERING_SCENARIO_NOT_FIELD_VERIFIED,PENDING
LV:sx3160862c,sx3160862c,LV_SPLIT_240,False,True,"1,2",1683533.19983339,12276438.0983451,upstream_primary_proxy_NOT_surveyed_customer_geography,l3160862,m1142874,R07,3.0524520247446016,NOT_REQUIRED_FOR_SPLIT_PHASE,SOURCE_CUSTOMER_SERVICE_PATH,0.24,PRIMARY_PHASE_3,3,sx3160862c.1.2,transformer.t21386143c,15.0,line.tpx21386143c0,156.0,5,3,6,27,0,1,UNVERIFIED,True,ENGINEERING_SCENARIO_NOT_FIELD_VERIFIED,PENDING
LV:sx3160863c,sx3160863c,LV_SPLIT_240,False,True,"1,2",1692815.30109003,12276647.4285213,upstream_primary_proxy_NOT_surveyed_customer_geography,l3160863,m1209800,R07,0.7847949665633915,NOT_REQUIRED_FOR_SPLIT_PHASE,SOURCE_CUSTOMER_SERVICE_PATH,0.24,PRIMARY_PHASE_3,3,sx3160863c.1.2,transformer.t5223660c,15.0,line.tpx223660c0,156.0,5,3,6,27,0,1,UNVERIFIED,True,ENGINEERING_SCENARIO_NOT_FIELD_VERIFIED,PENDING
LV:sx3160864b,sx3160864b,LV_SPLIT_240,False,True,"1,2",1684442.97058623,12274704.7448715,upstream_primary_proxy_NOT_surveyed_customer_geography,l3160864,m1142819,R07,3.011660612012124,NOT_REQUIRED_FOR_SPLIT_PHASE,SOURCE_CUSTOMER_SERVICE_PATH,0.24,PRIMARY_PHASE_2,2,sx3160864b.1.2,transformer.t28127146b,15.0,line.tpx28127146b0,156.0,5,3,6,27,0,1,UNVERIFIED,True,ENGINEERING_SCENARIO_NOT_FIELD_VERIFIED,PENDING
LV:sx3160865a,sx3160865a,LV_SPLIT_240,False,True,"1,2",1685145.19292289,12275007.4556558,upstream_primary_proxy_NOT_surveyed_customer_geography,l3160865,l3160865,R07,2.3574119998272107,NOT_REQUIRED_FOR_SPLIT_PHASE,SOURCE_CUSTOMER_SERVICE_PATH,0.24,PRIMARY_PHASE_1,1,sx3160865a.1.2,transformer.t5260515a,25.0,line.tpx260515a0,156.0,5,3,6,27,0,1,UNVERIFIED,True,ENGINEERING_SCENARIO_NOT_FIELD_VERIFIED,PENDING
LV:sx3160868b,sx3160868b,LV_SPLIT_240,False,True,"1,2",1686514.70690816,12272958.6487419,upstream_primary_proxy_NOT_surveyed_customer_geography,l3160868,m1142810,R07,4.130654690390807,NOT_REQUIRED_FOR_SPLIT_PHASE,SOURCE_CUSTOMER_SERVICE_PATH,0.24,PRIMARY_PHASE_2,2,sx3160868b.1.2,transformer.t0107693b,25.0,line.tpx52107693b0,156.0,5,3,6,27,0,1,UNVERIFIED,True,ENGINEERING_SCENARIO_NOT_FIELD_VERIFIED,PENDING
LV:sx3160871c,sx3160871c,LV_SPLIT_240,False,True,"1,2",1687194.5200288,12275470.8197522,upstream_primary_proxy_NOT_surveyed_customer_geography,l3160871,m1149235,R07,1.9119055185697111,NOT_REQUIRED_FOR_SPLIT_PHASE,SOURCE_CUSTOMER_SERVICE_PATH,0.24,PRIMARY_PHASE_3,3,sx3160871c.1.2,transformer.t5260638c,25.0,line.tpx260638c0,156.0,5,3,6,27,0,1,UNVERIFIED,True,ENGINEERING_SCENARIO_NOT_FIELD_VERIFIED,PENDING
LV:sx3160872c,sx3160872c,LV_SPLIT_240,False,True,"1,2",1685969.20162766,12275677.2786324,upstream_primary_proxy_NOT_surveyed_customer_geography,l3160872,l3160872,R07,2.18060855123003,NOT_REQUIRED_FOR_SPLIT_PHASE,SOURCE_CUSTOMER_SERVICE_PATH,0.24,PRIMARY_PHASE_3,3,sx3160872c.1.2,transformer.t5260551c,37.5,line.tpx260551c0,156.0,5,3,6,27,0,1,UNVERIFIED,True,ENGINEERING_SCENARIO_NOT_FIELD_VERIFIED,PENDING
LV:sx3160878c,sx3160878c,LV_SPLIT_240,False,True,"1,2",1681028.90952705,12272838.7383417,upstream_primary_proxy_NOT_surveyed_customer_geography,l3160878,m1108315,R01,4.328144963126925,NOT_REQUIRED_FOR_SPLIT_PHASE,SOURCE_CUSTOMER_SERVICE_PATH,0.24,PRIMARY_PHASE_3,3,sx3160878c.1.2,transformer.t5260511c,15.0,line.tpx260511c0,156.0,5,3,6,27,0,1,UNVERIFIED,True,ENGINEERING_SCENARIO_NOT_FIELD_VERIFIED,PENDING
LV:sx3160896c,sx3160896c,LV_SPLIT_240,False,True,"1,2",1682953.89845685,12277299.6100259,upstream_primary_proxy_NOT_surveyed_customer_geography,l3160896,m1125962,R07,3.304610802366677,NOT_REQUIRED_FOR_SPLIT_PHASE,SOURCE_CUSTOMER_SERVICE_PATH,0.24,PRIMARY_PHASE_3,3,sx3160896c.1.2,transformer.t5260573c,15.0,line.tpx260573c0,156.0,5,3,6,27,0,1,UNVERIFIED,True,ENGINEERING_SCENARIO_NOT_FIELD_VERIFIED,PENDING
LV:sx3172805a,sx3172805a,LV_SPLIT_240,False,True,"1,2",1663438.05997467,12276268.3723929,upstream_primary_proxy_NOT_surveyed_customer_geography,l3172805,m1026658,R03,13.371586211471579,NOT_REQUIRED_FOR_SPLIT_PHASE,SOURCE_CUSTOMER_SERVICE_PATH,0.24,PRIMARY_PHASE_1,1,sx3172805a.1.2,transformer.t226964880a,25.0,line.tpx226964880a0,156.0,5,3,6,27,0,1,UNVERIFIED,True,ENGINEERING_SCENARIO_NOT_FIELD_VERIFIED,PENDING
LV:sx3176656a,sx3176656a,LV_SPLIT_240,False,True,"1,2",1669080.57441193,12285948.678578,upstream_primary_proxy_NOT_surveyed_customer_geography,l3176656,m1047722,R05,10.437287403102282,NOT_REQUIRED_FOR_SPLIT_PHASE,SOURCE_CUSTOMER_SERVICE_PATH,0.24,PRIMARY_PHASE_1,1,sx3176656a.1.2,transformer.t226193170a,25.0,line.tpx226193170a0,156.0,5,3,6,27,0,1,UNVERIFIED,True,ENGINEERING_SCENARIO_NOT_FIELD_VERIFIED,PENDING
LV:sx3176660b,sx3176660b,LV_SPLIT_240,False,True,"1,2",1674988.01812943,12286178.9024502,upstream_primary_proxy_NOT_surveyed_customer_geography,l3176660,m1069533,R03,7.352250128585712,NOT_REQUIRED_FOR_SPLIT_PHASE,SOURCE_CUSTOMER_SERVICE_PATH,0.24,PRIMARY_PHASE_2,2,sx3176660b.1.2,transformer.t226193892b,15.0,line.tpx226193892b0,156.0,5,3,6,27,0,1,UNVERIFIED,True,ENGINEERING_SCENARIO_NOT_FIELD_VERIFIED,PENDING
LV:sx3176661c,sx3176661c,LV_SPLIT_240,False,True,"1,2",1685532.85474725,12287517.8152194,upstream_primary_proxy_NOT_surveyed_customer_geography,l3176661,m1209800,R07,8.603598163228016,NOT_REQUIRED_FOR_SPLIT_PHASE,SOURCE_CUSTOMER_SERVICE_PATH,0.24,PRIMARY_PHASE_3,3,sx3176661c.1.2,transformer.t5356788c,10.0,line.tpx356788c0,156.0,5,3,6,27,0,1,UNVERIFIED,True,ENGINEERING_SCENARIO_NOT_FIELD_VERIFIED,PENDING
LV:sx3177665a,sx3177665a,LV_SPLIT_240,False,True,"1,2",1671675.58292634,12280408.9778368,upstream_primary_proxy_NOT_surveyed_customer_geography,l3177665,m1047486,R06,9.37728748223082,NOT_REQUIRED_FOR_SPLIT_PHASE,SOURCE_CUSTOMER_SERVICE_PATH,0.24,PRIMARY_PHASE_1,1,sx3177665a.1.2,transformer.t227731863a,37.5,line.tpx227731863a0,156.0,5,3,6,27,0,1,UNVERIFIED,True,ENGINEERING_SCENARIO_NOT_FIELD_VERIFIED,PENDING
LV:sx3177881c,sx3177881c,LV_SPLIT_240,False,True,"1,2",1663055.43623032,12283703.2267999,upstream_primary_proxy_NOT_surveyed_customer_geography,l3177881,m1026834,R04,11.538062268296452,NOT_REQUIRED_FOR_SPLIT_PHASE,SOURCE_CUSTOMER_SERVICE_PATH,0.24,PRIMARY_PHASE_3,3,sx3177881c.1.2,transformer.t227896008c,25.0,line.tpx227896008c0,156.0,5,3,6,27,0,1,UNVERIFIED,True,ENGINEERING_SCENARIO_NOT_FIELD_VERIFIED,PENDING
LV:sx3177894a,sx3177894a,LV_SPLIT_240,False,True,"1,2",1661491.53018086,12293122.1672246,upstream_primary_proxy_NOT_surveyed_customer_geography,l3177894,m1027055,R04,17.865320022381425,NOT_REQUIRED_FOR_SPLIT_PHASE,SOURCE_CUSTOMER_SERVICE_PATH,0.24,PRIMARY_PHASE_1,1,sx3177894a.1.2,transformer.t227903012a,25.0,line.tpx227903012a0,156.0,5,3,6,27,0,1,UNVERIFIED,True,ENGINEERING_SCENARIO_NOT_FIELD_VERIFIED,PENDING
LV:sx3178969b,sx3178969b,LV_SPLIT_240,False,True,"1,2",1660445.51008388,12283864.351152,upstream_primary_proxy_NOT_surveyed_customer_geography,l3178969,m1026829,R04,13.135509712935615,NOT_REQUIRED_FOR_SPLIT_PHASE,SOURCE_CUSTOMER_SERVICE_PATH,0.24,PRIMARY_PHASE_2,2,sx3178969b.1.2,transformer.t5355596b,15.0,line.tpx355596b0,156.0,5,3,6,27,0,1,UNVERIFIED,True,ENGINEERING_SCENARIO_NOT_FIELD_VERIFIED,PENDING
LV:sx3178971a,sx3178971a,LV_SPLIT_240,False,True,"1,2",1671348.25108604,12287627.4282755,upstream_primary_proxy_NOT_surveyed_customer_geography,l3178971,m1047763,R05,12.680857236242451,NOT_REQUIRED_FOR_SPLIT_PHASE,SOURCE_CUSTOMER_SERVICE_PATH,0.24,PRIMARY_PHASE_1,1,sx3178971a.1.2,transformer.t5338896a,15.0,line.tpx338896a0,156.0,5,3,6,27,0,1,UNVERIFIED,True,ENGINEERING_SCENARIO_NOT_FIELD_VERIFIED,PENDING
LV:sx3178972c,sx3178972c,LV_SPLIT_240,False,True,"1,2",1670040.14842882,12284867.0519529,upstream_primary_proxy_NOT_surveyed_customer_geography,l3178972,m1047688,R05,9.241751155935601,NOT_REQUIRED_FOR_SPLIT_PHASE,SOURCE_CUSTOMER_SERVICE_PATH,0.24,PRIMARY_PHASE_3,3,sx3178972c.1.2,transformer.t5338923c,50.0,line.tpx338923c0,156.0,5,3,6,27,0,1,UNVERIFIED,True,ENGINEERING_SCENARIO_NOT_FIELD_VERIFIED,PENDING
LV:sx3178973a,sx3178973a,LV_SPLIT_240,False,True,"1,2",1670761.56871749,12286867.6980988,upstream_primary_proxy_NOT_surveyed_customer_geography,l3178973,m1047737,R05,10.725070498161864,NOT_REQUIRED_FOR_SPLIT_PHASE,SOURCE_CUSTOMER_SERVICE_PATH,0.24,PRIMARY_PHASE_1,1,sx3178973a.1.2,transformer.t21149420a,25.0,line.tpx21149420a0,156.0,5,3,6,27,0,1,UNVERIFIED,True,ENGINEERING_SCENARIO_NOT_FIELD_VERIFIED,PENDING
LV:sx3178974b,sx3178974b,LV_SPLIT_240,False,True,"1,2",1671539.46875022,12293668.1517371,upstream_primary_proxy_NOT_surveyed_customer_geography,l3178974,m1047763,R05,14.713611809060684,NOT_REQUIRED_FOR_SPLIT_PHASE,SOURCE_CUSTOMER_SERVICE_PATH,0.24,PRIMARY_PHASE_2,2,sx3178974b.1.2,transformer.t5323399b,15.0,line.tpx323399b0,156.0,5,3,6,27,0,1,UNVERIFIED,True,ENGINEERING_SCENARIO_NOT_FIELD_VERIFIED,PENDING
LV:sx3178975b,sx3178975b,LV_SPLIT_240,False,True,"1,2",1667933.07181886,12288464.6383883,upstream_primary_proxy_NOT_surveyed_customer_geography,l3178975,m1047763,R05,13.023877454139624,NOT_REQUIRED_FOR_SPLIT_PHASE,SOURCE_CUSTOMER_SERVICE_PATH,0.24,PRIMARY_PHASE_2,2,sx3178975b.1.2,transformer.t5321845b,25.0,line.tpx321845b0,156.0,5,3,6,27,0,1,UNVERIFIED,True,ENGINEERING_SCENARIO_NOT_FIELD_VERIFIED,PENDING
LV:sx3178976a,sx3178976a,LV_SPLIT_240,False,True,"1,2",1663833.88922304,12279948.8905404,upstream_primary_proxy_NOT_surveyed_customer_geography,l3178976,m1009770,R04,14.375491799597008,NOT_REQUIRED_FOR_SPLIT_PHASE,SOURCE_CUSTOMER_SERVICE_PATH,0.24,PRIMARY_PHASE_1,1,sx3178976a.1.2,transformer.t21397721a,15.0,line.tpx21397721a0,156.0,5,3,6,27,0,1,UNVERIFIED,True,ENGINEERING_SCENARIO_NOT_FIELD_VERIFIED,PENDING
LV:sx3178977c,sx3178977c,LV_SPLIT_240,False,True,"1,2",1674887.80129733,12270309.3682274,upstream_primary_proxy_NOT_surveyed_customer_geography,l3178977,m1089112,R01,8.739614244600563,NOT_REQUIRED_FOR_SPLIT_PHASE,SOURCE_CUSTOMER_SERVICE_PATH,0.24,PRIMARY_PHASE_3,3,sx3178977c.1.2,transformer.t5302810c,15.0,line.tpx302810c0,156.0,5,3,6,27,0,1,UNVERIFIED,True,ENGINEERING_SCENARIO_NOT_FIELD_VERIFIED,PENDING
LV:sx3178978a,sx3178978a,LV_SPLIT_240,False,True,"1,2",1668441.02087533,12274683.3391755,upstream_primary_proxy_NOT_surveyed_customer_geography,l3178978,m1026695,R03,13.707478464882822,NOT_REQUIRED_FOR_SPLIT_PHASE,SOURCE_CUSTOMER_SERVICE_PATH,0.24,PRIMARY_PHASE_1,1,sx3178978a.1.2,transformer.t5337723a,15.0,line.tpx337723a0,156.0,5,3,6,27,0,1,UNVERIFIED,True,ENGINEERING_SCENARIO_NOT_FIELD_VERIFIED,PENDING
LV:sx3178979c,sx3178979c,LV_SPLIT_240,False,True,"1,2",1671786.51899045,12282929.9593431,upstream_primary_proxy_NOT_surveyed_customer_geography,l3178979,m1047558,R03,7.117217934238436,NOT_REQUIRED_FOR_SPLIT_PHASE,SOURCE_CUSTOMER_SERVICE_PATH,0.24,PRIMARY_PHASE_3,3,sx3178979c.1.2,transformer.t5338968c,37.5,line.tpx338968c0,156.0,5,3,6,27,0,1,UNVERIFIED,True,ENGINEERING_SCENARIO_NOT_FIELD_VERIFIED,PENDING
LV:sx3178980c,sx3178980c,LV_SPLIT_240,False,True,"1,2",1667819.30132275,12262407.418268,upstream_primary_proxy_NOT_surveyed_customer_geography,l3178980,m1026357,R08,14.173053816024934,NOT_REQUIRED_FOR_SPLIT_PHASE,SOURCE_CUSTOMER_SERVICE_PATH,0.24,PRIMARY_PHASE_3,3,sx3178980c.1.2,transformer.t5302510c,15.0,line.tpx302510c0,156.0,5,3,6,27,0,1,UNVERIFIED,True,ENGINEERING_SCENARIO_NOT_FIELD_VERIFIED,PENDING
LV:sx3178981b,sx3178981b,LV_SPLIT_240,False,True,"1,2",1672330.52923095,12265673.7611831,upstream_primary_proxy_NOT_surveyed_customer_geography,l3178981,m1069135,R08,10.056613579050554,NOT_REQUIRED_FOR_SPLIT_PHASE,SOURCE_CUSTOMER_SERVICE_PATH,0.24,PRIMARY_PHASE_2,2,sx3178981b.1.2,transformer.t21396331b,25.0,line.tpx21396331b0,156.0,5,3,6,27,0,1,UNVERIFIED,True,ENGINEERING_SCENARIO_NOT_FIELD_VERIFIED,PENDING
LV:sx3178982a,sx3178982a,LV_SPLIT_240,False,True,"1,2",1662575.11059787,12280373.4819008,upstream_primary_proxy_NOT_surveyed_customer_geography,l3178982,m1009770,R04,13.598790515230677,NOT_REQUIRED_FOR_SPLIT_PHASE,SOURCE_CUSTOMER_SERVICE_PATH,0.24,PRIMARY_PHASE_1,1,sx3178982a.1.2,transformer.t5294843a,25.0,line.tpx294843a0,156.0,5,3,6,27,0,1,UNVERIFIED,True,ENGINEERING_SCENARIO_NOT_FIELD_VERIFIED,PENDING
LV:sx3178988b,sx3178988b,LV_SPLIT_240,False,True,"1,2",1673806.58836833,12286446.1213944,upstream_primary_proxy_NOT_surveyed_customer_geography,l3178988,m1069533,R03,7.509933589691733,NOT_REQUIRED_FOR_SPLIT_PHASE,SOURCE_CUSTOMER_SERVICE_PATH,0.24,PRIMARY_PHASE_2,2,sx3178988b.1.2,transformer.t5339001b,10.0,line.tpx339001b0,156.0,5,3,6,27,0,1,UNVERIFIED,True,ENGINEERING_SCENARIO_NOT_FIELD_VERIFIED,PENDING
LV:sx3178997c,sx3178997c,LV_SPLIT_240,False,True,"1,2",1668046.94881096,12261415.8913551,upstream_primary_proxy_NOT_surveyed_customer_geography,l3178997,m1026357,R08,13.566682070891167,NOT_REQUIRED_FOR_SPLIT_PHASE,SOURCE_CUSTOMER_SERVICE_PATH,0.24,PRIMARY_PHASE_3,3,sx3178997c.1.2,transformer.t5293422c,15.0,line.tpx293422c0,156.0,5,3,6,27,0,1,UNVERIFIED,True,ENGINEERING_SCENARIO_NOT_FIELD_VERIFIED,PENDING
LV:sx3179607b,sx3179607b,LV_SPLIT_240,False,True,"1,2",1681586.41199157,12278164.1117867,upstream_primary_proxy_NOT_surveyed_customer_geography,l3179607,m1125976,R02,3.737922181403756,NOT_REQUIRED_FOR_SPLIT_PHASE,SOURCE_CUSTOMER_SERVICE_PATH,0.24,PRIMARY_PHASE_2,2,sx3179607b.1.2,transformer.t5260591b,25.0,line.tpx260591b0,156.0,5,3,6,27,0,1,UNVERIFIED,True,ENGINEERING_SCENARIO_NOT_FIELD_VERIFIED,PENDING
LV:sx3179608c,sx3179608c,LV_SPLIT_240,False,True,"1,2",1681987.45135195,12283849.920944,upstream_primary_proxy_NOT_surveyed_customer_geography,l3179608,m1108529,R02,5.659239939929765,NOT_REQUIRED_FOR_SPLIT_PHASE,SOURCE_CUSTOMER_SERVICE_PATH,0.24,PRIMARY_PHASE_3,3,sx3179608c.1.2,transformer.t5356793c,37.5,line.tpx356793c0,156.0,5,3,6,27,0,1,UNVERIFIED,True,ENGINEERING_SCENARIO_NOT_FIELD_VERIFIED,PENDING
LV:sx3179637c,sx3179637c,LV_SPLIT_240,False,True,"1,2",1689073.65833455,12284006.4168161,upstream_primary_proxy_NOT_surveyed_customer_geography,l3179637,m1209800,R07,6.067818614309268,NOT_REQUIRED_FOR_SPLIT_PHASE,SOURCE_CUSTOMER_SERVICE_PATH,0.24,PRIMARY_PHASE_3,3,sx3179637c.1.2,transformer.t21386442c,37.5,line.tpx21386442c0,156.0,5,3,6,27,0,1,UNVERIFIED,True,ENGINEERING_SCENARIO_NOT_FIELD_VERIFIED,PENDING
LV:sx3179646b,sx3179646b,LV_SPLIT_240,False,True,"1,2",1680709.05698276,12282417.0991827,upstream_primary_proxy_NOT_surveyed_customer_geography,l3179646,l3179646,R02,4.34234378413054,NOT_REQUIRED_FOR_SPLIT_PHASE,SOURCE_CUSTOMER_SERVICE_PATH,0.24,PRIMARY_PHASE_2,2,sx3179646b.1.2,transformer.t5328365b,37.5,line.tpx328365b0,156.0,5,3,6,27,0,1,UNVERIFIED,True,ENGINEERING_SCENARIO_NOT_FIELD_VERIFIED,PENDING
LV:sx3179650b,sx3179650b,LV_SPLIT_240,False,True,"1,2",1681500.40008749,12280084.7179965,upstream_primary_proxy_NOT_surveyed_customer_geography,l3179650,l3179650,R02,3.7751404920207055,NOT_REQUIRED_FOR_SPLIT_PHASE,SOURCE_CUSTOMER_SERVICE_PATH,0.24,PRIMARY_PHASE_2,2,sx3179650b.1.2,transformer.t5251828b,15.0,line.tpx251828b0,156.0,5,3,6,27,0,1,UNVERIFIED,True,ENGINEERING_SCENARIO_NOT_FIELD_VERIFIED,PENDING
LV:sx3179673c,sx3179673c,LV_SPLIT_240,False,True,"1,2",1687076.12105269,12275926.9011606,upstream_primary_proxy_NOT_surveyed_customer_geography,l3179673,m1149235,R07,2.1873721308539644,NOT_REQUIRED_FOR_SPLIT_PHASE,SOURCE_CUSTOMER_SERVICE_PATH,0.24,PRIMARY_PHASE_3,3,sx3179673c.1.2,transformer.t5260640c,15.0,line.tpx260640c0,156.0,5,3,6,27,0,1,UNVERIFIED,True,ENGINEERING_SCENARIO_NOT_FIELD_VERIFIED,PENDING
LV:sx3179674b,sx3179674b,LV_SPLIT_240,False,True,"1,2",1692575.20995381,12274043.3186949,upstream_primary_proxy_NOT_surveyed_customer_geography,l3179674,m1186063,R07,1.8352721227942814,NOT_REQUIRED_FOR_SPLIT_PHASE,SOURCE_CUSTOMER_SERVICE_PATH,0.24,PRIMARY_PHASE_2,2,sx3179674b.1.2,transformer.t5157716b,25.0,line.tpx157716b0,156.0,5,3,6,27,0,1,UNVERIFIED,True,ENGINEERING_SCENARIO_NOT_FIELD_VERIFIED,PENDING
LV:sx3179678b,sx3179678b,LV_SPLIT_240,False,True,"1,2",1680264.34197434,12270391.3906275,upstream_primary_proxy_NOT_surveyed_customer_geography,l3179678,l3179678,R01,4.377511234998913,NOT_REQUIRED_FOR_SPLIT_PHASE,SOURCE_CUSTOMER_SERVICE_PATH,0.24,PRIMARY_PHASE_2,2,sx3179678b.1.2,transformer.t5247185b,15.0,line.tpx247185b0,156.0,5,3,6,27,0,1,UNVERIFIED,True,ENGINEERING_SCENARIO_NOT_FIELD_VERIFIED,PENDING
LV:sx3179682c,sx3179682c,LV_SPLIT_240,False,True,"1,2",1681672.94818365,12271868.3385968,upstream_primary_proxy_NOT_surveyed_customer_geography,l3179682,m1108315,R01,3.5894970198763385,NOT_REQUIRED_FOR_SPLIT_PHASE,SOURCE_CUSTOMER_SERVICE_PATH,0.24,PRIMARY_PHASE_3,3,sx3179682c.1.2,transformer.t5207292c,15.0,line.tpx207292c0,156.0,5,3,6,27,0,1,UNVERIFIED,True,ENGINEERING_SCENARIO_NOT_FIELD_VERIFIED,PENDING
LV:sx3179699b,sx3179699b,LV_SPLIT_240,False,True,"1,2",1680608.49199066,12266361.8605117,upstream_primary_proxy_NOT_surveyed_customer_geography,l3179699,m1089119,R01,9.744823447499737,NOT_REQUIRED_FOR_SPLIT_PHASE,SOURCE_CUSTOMER_SERVICE_PATH,0.24,PRIMARY_PHASE_2,2,sx3179699b.1.2,transformer.t21393454b,37.5,line.tpx21393454b0,156.0,5,3,6,27,0,1,UNVERIFIED,True,ENGINEERING_SCENARIO_NOT_FIELD_VERIFIED,PENDING
LV:sx3181545c,sx3181545c,LV_SPLIT_240,False,True,"1,2",1673976.93691249,12274076.0907909,upstream_primary_proxy_NOT_surveyed_customer_geography,l3181545,l3181545,R06,11.968217500996447,NOT_REQUIRED_FOR_SPLIT_PHASE,SOURCE_CUSTOMER_SERVICE_PATH,0.24,PRIMARY_PHASE_3,3,sx3181545c.1.2,transformer.t226193702c,15.0,line.tpx226193702c0,156.0,5,3,6,27,0,1,UNVERIFIED,True,ENGINEERING_SCENARIO_NOT_FIELD_VERIFIED,PENDING
LV:sx3189188c,sx3189188c,LV_SPLIT_240,False,True,"1,2",1665770.67872884,12278133.8259627,upstream_primary_proxy_NOT_surveyed_customer_geography,l3189188,m1026700,R03,11.637812447453106,NOT_REQUIRED_FOR_SPLIT_PHASE,SOURCE_CUSTOMER_SERVICE_PATH,0.24,PRIMARY_PHASE_3,3,sx3189188c.1.2,transformer.t5293658c,50.0,line.tpx293658c0,156.0,5,3,6,27,0,1,UNVERIFIED,True,ENGINEERING_SCENARIO_NOT_FIELD_VERIFIED,PENDING
LV:sx3189189b,sx3189189b,LV_SPLIT_240,False,True,"1,2",1665803.95872888,12277929.4068905,upstream_primary_proxy_NOT_surveyed_customer_geography,l3189189,m1026700,R03,11.708331762464546,NOT_REQUIRED_FOR_SPLIT_PHASE,SOURCE_CUSTOMER_SERVICE_PATH,0.24,PRIMARY_PHASE_2,2,sx3189189b.1.2,transformer.t5293657b,15.0,line.tpx293657b0,156.0,5,3,6,27,0,1,UNVERIFIED,True,ENGINEERING_SCENARIO_NOT_FIELD_VERIFIED,PENDING
LV:sx3189190a,sx3189190a,LV_SPLIT_240,False,True,"1,2",1666040.28154509,12279158.8212916,upstream_primary_proxy_NOT_surveyed_customer_geography,l3189190,m3037441,R03,12.376482698977481,NOT_REQUIRED_FOR_SPLIT_PHASE,SOURCE_CUSTOMER_SERVICE_PATH,0.24,PRIMARY_PHASE_1,1,sx3189190a.1.2,transformer.t227100753a,25.0,line.tpx227100753a0,156.0,5,3,6,27,0,1,UNVERIFIED,True,ENGINEERING_SCENARIO_NOT_FIELD_VERIFIED,PENDING
LV:sx3195310a,sx3195310a,LV_SPLIT_240,False,True,"1,2",1667317.04161028,12263268.8398368,upstream_primary_proxy_NOT_surveyed_customer_geography,l3195310,m1026341,R08,15.809737077505952,NOT_REQUIRED_FOR_SPLIT_PHASE,SOURCE_CUSTOMER_SERVICE_PATH,0.24,PRIMARY_PHASE_1,1,sx3195310a.1.2,transformer.t226192185a,25.0,line.tpx226192185a0,156.0,5,3,6,27,0,1,UNVERIFIED,True,ENGINEERING_SCENARIO_NOT_FIELD_VERIFIED,PENDING
LV:sx3195315a,sx3195315a,LV_SPLIT_240,False,True,"1,2",1674241.57947273,12268131.0785614,upstream_primary_proxy_NOT_surveyed_customer_geography,l3195315,m1069169,R08,8.488438831747379,NOT_REQUIRED_FOR_SPLIT_PHASE,SOURCE_CUSTOMER_SERVICE_PATH,0.24,PRIMARY_PHASE_1,1,sx3195315a.1.2,transformer.t226193662a,25.0,line.tpx226193662a0,156.0,5,3,6,27,0,1,UNVERIFIED,True,ENGINEERING_SCENARIO_NOT_FIELD_VERIFIED,PENDING
LV:sx3195318b,sx3195318b,LV_SPLIT_240,False,True,"1,2",1680280.53755836,12259421.2294652,upstream_primary_proxy_NOT_surveyed_customer_geography,l3195318,m1089119,R01,12.848517363869332,NOT_REQUIRED_FOR_SPLIT_PHASE,SOURCE_CUSTOMER_SERVICE_PATH,0.24,PRIMARY_PHASE_2,2,sx3195318b.1.2,transformer.t226194280b,15.0,line.tpx226194280b0,156.0,5,3,6,27,0,1,UNVERIFIED,True,ENGINEERING_SCENARIO_NOT_FIELD_VERIFIED,PENDING
LV:sx3195321a,sx3195321a,LV_SPLIT_240,False,True,"1,2",1682823.03125673,12282062.2340303,upstream_primary_proxy_NOT_surveyed_customer_geography,l3195321,m1108505,R02,5.705223532394745,NOT_REQUIRED_FOR_SPLIT_PHASE,SOURCE_CUSTOMER_SERVICE_PATH,0.24,PRIMARY_PHASE_1,1,sx3195321a.1.2,transformer.t5356805a,15.0,line.tpx356805a0,156.0,5,3,6,27,0,1,UNVERIFIED,True,ENGINEERING_SCENARIO_NOT_FIELD_VERIFIED,PENDING
LV:sx3195327a,sx3195327a,LV_SPLIT_240,False,True,"1,2",1663584.44691881,12295145.8410825,upstream_primary_proxy_NOT_surveyed_customer_geography,l3195327,m1027055,R04,15.934043365925348,NOT_REQUIRED_FOR_SPLIT_PHASE,SOURCE_CUSTOMER_SERVICE_PATH,0.24,PRIMARY_PHASE_1,1,sx3195327a.1.2,transformer.t225901711a,15.0,line.tpx225901711a0,156.0,5,3,6,27,0,1,UNVERIFIED,True,ENGINEERING_SCENARIO_NOT_FIELD_VERIFIED,PENDING
LV:sx3195751a,sx3195751a,LV_SPLIT_240,False,True,"1,2",1666319.62874536,12279656.9850041,upstream_primary_proxy_NOT_surveyed_customer_geography,l3195751,m1026851,R04,12.082162165096369,NOT_REQUIRED_FOR_SPLIT_PHASE,SOURCE_CUSTOMER_SERVICE_PATH,0.24,PRIMARY_PHASE_1,1,sx3195751a.1.2,transformer.t5293681a,25.0,line.tpx293681a0,156.0,5,3,6,27,0,1,UNVERIFIED,True,ENGINEERING_SCENARIO_NOT_FIELD_VERIFIED,PENDING
LV:sx3197618a,sx3197618a,LV_SPLIT_240,False,True,"1,2",1666131.88858518,12287015.1213309,upstream_primary_proxy_NOT_surveyed_customer_geography,l3197618,m1026854,R05,11.426016583360745,NOT_REQUIRED_FOR_SPLIT_PHASE,SOURCE_CUSTOMER_SERVICE_PATH,0.24,PRIMARY_PHASE_1,1,sx3197618a.1.2,transformer.t5356008a,15.0,line.tpx356008a0,156.0,5,3,6,27,0,1,UNVERIFIED,True,ENGINEERING_SCENARIO_NOT_FIELD_VERIFIED,PENDING
LV:sx3197624b,sx3197624b,LV_SPLIT_240,False,True,"1,2",1668694.17825157,12294417.8385218,upstream_primary_proxy_NOT_surveyed_customer_geography,l3197624,m1047763,R05,15.70124047585216,NOT_REQUIRED_FOR_SPLIT_PHASE,SOURCE_CUSTOMER_SERVICE_PATH,0.24,PRIMARY_PHASE_2,2,sx3197624b.1.2,transformer.t5323235b,5.0,line.tpx323235b0,156.0,5,3,6,27,0,1,UNVERIFIED,True,ENGINEERING_SCENARIO_NOT_FIELD_VERIFIED,PENDING
LV:sx3197625c,sx3197625c,LV_SPLIT_240,False,True,"1,2",1678952.86830912,12283386.0694236,upstream_primary_proxy_NOT_surveyed_customer_geography,l3197625,m1108526,R02,5.144929272486282,NOT_REQUIRED_FOR_SPLIT_PHASE,SOURCE_CUSTOMER_SERVICE_PATH,0.24,PRIMARY_PHASE_3,3,sx3197625c.1.2,transformer.t5339044c,15.0,line.tpx339044c0,156.0,5,3,6,27,0,1,UNVERIFIED,True,ENGINEERING_SCENARIO_NOT_FIELD_VERIFIED,PENDING
LV:sx3197626c,sx3197626c,LV_SPLIT_240,False,True,"1,2",1678767.61032495,12275665.1217044,upstream_primary_proxy_NOT_surveyed_customer_geography,l3197626,m1108315,R01,6.865747886722092,NOT_REQUIRED_FOR_SPLIT_PHASE,SOURCE_CUSTOMER_SERVICE_PATH,0.24,PRIMARY_PHASE_3,3,sx3197626c.1.2,transformer.t5337623c,15.0,line.tpx337623c0,156.0,5,3,6,27,0,1,UNVERIFIED,True,ENGINEERING_SCENARIO_NOT_FIELD_VERIFIED,PENDING
LV:sx3197627c,sx3197627c,LV_SPLIT_240,False,True,"1,2",1677744.880084,12276407.3005211,upstream_primary_proxy_NOT_surveyed_customer_geography,l3197627,m1108315,R01,7.39634346463718,NOT_REQUIRED_FOR_SPLIT_PHASE,SOURCE_CUSTOMER_SERVICE_PATH,0.24,PRIMARY_PHASE_3,3,sx3197627c.1.2,transformer.t5337625c,25.0,line.tpx337625c0,156.0,5,3,6,27,0,1,UNVERIFIED,True,ENGINEERING_SCENARIO_NOT_FIELD_VERIFIED,PENDING
LV:sx3197628c,sx3197628c,LV_SPLIT_240,False,True,"1,2",1673854.06100837,12267224.0193605,upstream_primary_proxy_NOT_surveyed_customer_geography,l3197628,m1069156,R08,8.77603051413778,NOT_REQUIRED_FOR_SPLIT_PHASE,SOURCE_CUSTOMER_SERVICE_PATH,0.24,PRIMARY_PHASE_3,3,sx3197628c.1.2,transformer.t5138651c,25.0,line.tpx138651c0,156.0,5,3,6,27,0,1,UNVERIFIED,True,ENGINEERING_SCENARIO_NOT_FIELD_VERIFIED,PENDING
LV:sx3197629b,sx3197629b,LV_SPLIT_240,False,True,"1,2",1669423.79054025,12267110.7485764,upstream_primary_proxy_NOT_surveyed_customer_geography,l3197629,m1069135,R08,12.55607673987922,NOT_REQUIRED_FOR_SPLIT_PHASE,SOURCE_CUSTOMER_SERVICE_PATH,0.24,PRIMARY_PHASE_2,2,sx3197629b.1.2,transformer.t5247122b,15.0,line.tpx247122b0,156.0,5,3,6,27,0,1,UNVERIFIED,True,ENGINEERING_SCENARIO_NOT_FIELD_VERIFIED,PENDING
LV:sx3197630a,sx3197630a,LV_SPLIT_240,False,True,"1,2",1673104.07931167,12266003.7718074,upstream_primary_proxy_NOT_surveyed_customer_geography,l3197630,l3197630,R08,9.394218658659106,NOT_REQUIRED_FOR_SPLIT_PHASE,SOURCE_CUSTOMER_SERVICE_PATH,0.24,PRIMARY_PHASE_1,1,sx3197630a.1.2,transformer.t5138644a,25.0,line.tpx138644a0,156.0,5,3,6,27,0,1,UNVERIFIED,True,ENGINEERING_SCENARIO_NOT_FIELD_VERIFIED,PENDING
LV:sx3197631a,sx3197631a,LV_SPLIT_240,False,True,"1,2",1670902.00826962,12285454.4183535,upstream_primary_proxy_NOT_surveyed_customer_geography,l3197631,m1047713,R05,9.809749664414328,NOT_REQUIRED_FOR_SPLIT_PHASE,SOURCE_CUSTOMER_SERVICE_PATH,0.24,PRIMARY_PHASE_1,1,sx3197631a.1.2,transformer.t5338920a,15.0,line.tpx338920a0,156.0,5,3,6,27,0,1,UNVERIFIED,True,ENGINEERING_SCENARIO_NOT_FIELD_VERIFIED,PENDING
LV:sx3197632b,sx3197632b,LV_SPLIT_240,False,True,"1,2",1670869.73178959,12288748.3805966,upstream_primary_proxy_NOT_surveyed_customer_geography,l3197632,m1047763,R05,11.96996475807362,NOT_REQUIRED_FOR_SPLIT_PHASE,SOURCE_CUSTOMER_SERVICE_PATH,0.24,PRIMARY_PHASE_2,2,sx3197632b.1.2,transformer.t5323266b,15.0,line.tpx323266b0,156.0,5,3,6,27,0,1,UNVERIFIED,True,ENGINEERING_SCENARIO_NOT_FIELD_VERIFIED,PENDING
LV:sx3197633a,sx3197633a,LV_SPLIT_240,False,True,"1,2",1670838.16801356,12287366.9185793,upstream_primary_proxy_NOT_surveyed_customer_geography,l3197633,m1047763,R05,12.23343439623212,NOT_REQUIRED_FOR_SPLIT_PHASE,SOURCE_CUSTOMER_SERVICE_PATH,0.24,PRIMARY_PHASE_1,1,sx3197633a.1.2,transformer.t5338893a,25.0,line.tpx338893a0,156.0,5,3,6,27,0,1,UNVERIFIED,True,ENGINEERING_SCENARIO_NOT_FIELD_VERIFIED,PENDING
LV:sx3197634b,sx3197634b,LV_SPLIT_240,False,True,"1,2",1663495.19917472,12285885.2684019,upstream_primary_proxy_NOT_surveyed_customer_geography,l3197634,m1026915,R04,10.449321339912657,NOT_REQUIRED_FOR_SPLIT_PHASE,SOURCE_CUSTOMER_SERVICE_PATH,0.24,PRIMARY_PHASE_2,2,sx3197634b.1.2,transformer.t5355767b,37.5,line.tpx355767b0,156.0,5,3,6,27,0,1,UNVERIFIED,True,ENGINEERING_SCENARIO_NOT_FIELD_VERIFIED,PENDING
LV:sx3197635b,sx3197635b,LV_SPLIT_240,False,True,"1,2",1671634.0617743,12275365.9293841,upstream_primary_proxy_NOT_surveyed_customer_geography,l3197635,m1069376,R06,13.572303597195724,NOT_REQUIRED_FOR_SPLIT_PHASE,SOURCE_CUSTOMER_SERVICE_PATH,0.24,PRIMARY_PHASE_2,2,sx3197635b.1.2,transformer.t5337696b,15.0,line.tpx337696b0,156.0,5,3,6,27,0,1,UNVERIFIED,True,ENGINEERING_SCENARIO_NOT_FIELD_VERIFIED,PENDING
LV:sx3197636b,sx3197636b,LV_SPLIT_240,False,True,"1,2",1672361.20007898,12273970.2091908,upstream_primary_proxy_NOT_surveyed_customer_geography,l3197636,m1069376,R06,12.95559538464826,NOT_REQUIRED_FOR_SPLIT_PHASE,SOURCE_CUSTOMER_SERVICE_PATH,0.24,PRIMARY_PHASE_2,2,sx3197636b.1.2,transformer.t28148580b,25.0,line.tpx28148580b0,156.0,5,3,6,27,0,1,UNVERIFIED,True,ENGINEERING_SCENARIO_NOT_FIELD_VERIFIED,PENDING
LV:sx3197637c,sx3197637c,LV_SPLIT_240,False,True,"1,2",1675069.0615855,12268213.6416334,upstream_primary_proxy_NOT_surveyed_customer_geography,l3197637,m1069175,R01,7.832817154580708,NOT_REQUIRED_FOR_SPLIT_PHASE,SOURCE_CUSTOMER_SERVICE_PATH,0.24,PRIMARY_PHASE_3,3,sx3197637c.1.2,transformer.t5138585c,10.0,line.tpx138585c0,156.0,5,3,6,27,0,1,UNVERIFIED,True,ENGINEERING_SCENARIO_NOT_FIELD_VERIFIED,PENDING
LV:sx3197638a,sx3197638a,LV_SPLIT_240,False,True,"1,2",1664414.61600758,12284352.2093285,upstream_primary_proxy_NOT_surveyed_customer_geography,l3197638,m1026896,R04,10.347865366928897,NOT_REQUIRED_FOR_SPLIT_PHASE,SOURCE_CUSTOMER_SERVICE_PATH,0.24,PRIMARY_PHASE_1,1,sx3197638a.1.2,transformer.t21396959a,25.0,line.tpx21396959a0,156.0,5,3,6,27,0,1,UNVERIFIED,True,ENGINEERING_SCENARIO_NOT_FIELD_VERIFIED,PENDING
LV:sx3197639a,sx3197639a,LV_SPLIT_240,False,True,"1,2",1667471.73114643,12275225.330088,upstream_primary_proxy_NOT_surveyed_customer_geography,l3197639,m1026695,R03,13.131834833756306,NOT_REQUIRED_FOR_SPLIT_PHASE,SOURCE_CUSTOMER_SERVICE_PATH,0.24,PRIMARY_PHASE_1,1,sx3197639a.1.2,transformer.t5310569a,25.0,line.tpx310569a0,156.0,5,3,6,27,0,1,UNVERIFIED,True,ENGINEERING_SCENARIO_NOT_FIELD_VERIFIED,PENDING
LV:sx3197640c,sx3197640c,LV_SPLIT_240,False,True,"1,2",1670101.89153288,12281891.3284302,upstream_primary_proxy_NOT_surveyed_customer_geography,l3197640,m1047513,R03,8.479301487600651,NOT_REQUIRED_FOR_SPLIT_PHASE,SOURCE_CUSTOMER_SERVICE_PATH,0.24,PRIMARY_PHASE_3,3,sx3197640c.1.2,transformer.t5338944c,10.0,line.tpx338944c0,156.0,5,3,6,27,0,1,UNVERIFIED,True,ENGINEERING_SCENARIO_NOT_FIELD_VERIFIED,PENDING
LV:sx3197641a,sx3197641a,LV_SPLIT_240,False,True,"1,2",1668491.07809138,12280304.0301247,upstream_primary_proxy_NOT_surveyed_customer_geography,l3197641,m1026783,R03,9.689147584462374,NOT_REQUIRED_FOR_SPLIT_PHASE,SOURCE_CUSTOMER_SERVICE_PATH,0.24,PRIMARY_PHASE_1,1,sx3197641a.1.2,transformer.t5293591a,15.0,line.tpx293591a0,156.0,5,3,6,27,0,1,UNVERIFIED,True,ENGINEERING_SCENARIO_NOT_FIELD_VERIFIED,PENDING
LV:sx3197642c,sx3197642c,LV_SPLIT_240,False,True,"1,2",1663873.44019908,12276942.4879776,upstream_primary_proxy_NOT_surveyed_customer_geography,l3197642,m3036170,R03,12.869196614948363,NOT_REQUIRED_FOR_SPLIT_PHASE,SOURCE_CUSTOMER_SERVICE_PATH,0.24,PRIMARY_PHASE_3,3,sx3197642c.1.2,transformer.t5391979c,15.0,line.tpx391979c0,156.0,5,3,6,27,0,1,UNVERIFIED,True,ENGINEERING_SCENARIO_NOT_FIELD_VERIFIED,PENDING
LV:sx3197643b,sx3197643b,LV_SPLIT_240,False,True,"1,2",1665925.52800899,12260427.6781062,upstream_primary_proxy_NOT_surveyed_customer_geography,l3197643,m1026328,R08,15.122278259464633,NOT_REQUIRED_FOR_SPLIT_PHASE,SOURCE_CUSTOMER_SERVICE_PATH,0.24,PRIMARY_PHASE_2,2,sx3197643b.1.2,transformer.t5302369b,25.0,line.tpx302369b0,156.0,5,3,6,27,0,1,UNVERIFIED,True,ENGINEERING_SCENARIO_NOT_FIELD_VERIFIED,PENDING
LV:sx3197644a,sx3197644a,LV_SPLIT_240,False,True,"1,2",1671477.65191816,12265059.2915505,upstream_primary_proxy_NOT_surveyed_customer_geography,l3197644,m1047339,R08,11.170067536219396,NOT_REQUIRED_FOR_SPLIT_PHASE,SOURCE_CUSTOMER_SERVICE_PATH,0.24,PRIMARY_PHASE_1,1,sx3197644a.1.2,transformer.t5138771a,15.0,line.tpx138771a0,156.0,5,3,6,27,0,1,UNVERIFIED,True,ENGINEERING_SCENARIO_NOT_FIELD_VERIFIED,PENDING
LV:sx3197645a,sx3197645a,LV_SPLIT_240,False,True,"1,2",1672415.26727903,12264275.9847978,upstream_primary_proxy_NOT_surveyed_customer_geography,l3197645,m1047345,R08,10.880293686796955,NOT_REQUIRED_FOR_SPLIT_PHASE,SOURCE_CUSTOMER_SERVICE_PATH,0.24,PRIMARY_PHASE_1,1,sx3197645a.1.2,transformer.t21395962a,25.0,line.tpx21395962a0,156.0,5,3,6,27,0,1,UNVERIFIED,True,ENGINEERING_SCENARIO_NOT_FIELD_VERIFIED,PENDING
LV:sx3197646b,sx3197646b,LV_SPLIT_240,False,True,"1,2",1665980.95917704,12284206.5719523,upstream_primary_proxy_NOT_surveyed_customer_geography,l3197646,l3197646,R05,9.281505693876907,NOT_REQUIRED_FOR_SPLIT_PHASE,SOURCE_CUSTOMER_SERVICE_PATH,0.24,PRIMARY_PHASE_2,2,sx3197646b.1.2,transformer.t5355944b,25.0,line.tpx355944b0,156.0,5,3,6,27,0,1,UNVERIFIED,True,ENGINEERING_SCENARIO_NOT_FIELD_VERIFIED,PENDING
LV:sx3197647a,sx3197647a,LV_SPLIT_240,False,True,"1,2",1667269.68775424,12280185.7294526,upstream_primary_proxy_NOT_surveyed_customer_geography,l3197647,m1026769,R03,10.31285743074678,NOT_REQUIRED_FOR_SPLIT_PHASE,SOURCE_CUSTOMER_SERVICE_PATH,0.24,PRIMARY_PHASE_1,1,sx3197647a.1.2,transformer.t5294787a,10.0,line.tpx294787a0,156.0,5,3,6,27,0,1,UNVERIFIED,True,ENGINEERING_SCENARIO_NOT_FIELD_VERIFIED,PENDING
LV:sx3197652a,sx3197652a,LV_SPLIT_240,False,True,"1,2",1675809.97883419,12286357.6396023,upstream_primary_proxy_NOT_surveyed_customer_geography,l3197652,m1069564,R03,6.761730198517522,NOT_REQUIRED_FOR_SPLIT_PHASE,SOURCE_CUSTOMER_SERVICE_PATH,0.24,PRIMARY_PHASE_1,1,sx3197652a.1.2,transformer.t5339021a,25.0,line.tpx339021a0,156.0,5,3,6,27,0,1,UNVERIFIED,True,ENGINEERING_SCENARIO_NOT_FIELD_VERIFIED,PENDING
LV:sx3197653b,sx3197653b,LV_SPLIT_240,False,True,"1,2",1673289.28814385,12287630.7009795,upstream_primary_proxy_NOT_surveyed_customer_geography,l3197653,m1069533,R03,9.982186222567693,NOT_REQUIRED_FOR_SPLIT_PHASE,SOURCE_CUSTOMER_SERVICE_PATH,0.24,PRIMARY_PHASE_2,2,sx3197653b.1.2,transformer.t5339004b,25.0,line.tpx339004b0,156.0,5,3,6,27,0,1,UNVERIFIED,True,ENGINEERING_SCENARIO_NOT_FIELD_VERIFIED,PENDING
LV:sx3197654a,sx3197654a,LV_SPLIT_240,False,True,"1,2",1672755.58753535,12284118.6103523,upstream_primary_proxy_NOT_surveyed_customer_geography,l3197654,m1069504,R03,6.650834678467043,NOT_REQUIRED_FOR_SPLIT_PHASE,SOURCE_CUSTOMER_SERVICE_PATH,0.24,PRIMARY_PHASE_1,1,sx3197654a.1.2,transformer.t21382992a,25.0,line.tpx21382992a0,156.0,5,3,6,27,0,1,UNVERIFIED,True,ENGINEERING_SCENARIO_NOT_FIELD_VERIFIED,PENDING
LV:sx3197660b,sx3197660b,LV_SPLIT_240,False,True,"1,2",1671626.5988623,12290731.9587104,upstream_primary_proxy_NOT_surveyed_customer_geography,l3197660,m1047763,R05,13.578331996457893,NOT_REQUIRED_FOR_SPLIT_PHASE,SOURCE_CUSTOMER_SERVICE_PATH,0.24,PRIMARY_PHASE_2,2,sx3197660b.1.2,transformer.t5323275b,25.0,line.tpx323275b0,156.0,5,3,6,27,0,1,UNVERIFIED,True,ENGINEERING_SCENARIO_NOT_FIELD_VERIFIED,PENDING
LV:sx3197661c,sx3197661c,LV_SPLIT_240,False,True,"1,2",1668559.69428344,12285273.6250093,upstream_primary_proxy_NOT_surveyed_customer_geography,l3197661,m1026830,R05,9.286034954597323,NOT_REQUIRED_FOR_SPLIT_PHASE,SOURCE_CUSTOMER_SERVICE_PATH,0.24,PRIMARY_PHASE_3,3,sx3197661c.1.2,transformer.t5338932c,15.0,line.tpx338932c0,156.0,5,3,6,27,0,1,UNVERIFIED,True,ENGINEERING_SCENARIO_NOT_FIELD_VERIFIED,PENDING
LV:sx3198347c,sx3198347c,LV_SPLIT_240,False,True,"1,2",1688541.39951805,12276943.1310496,upstream_primary_proxy_NOT_surveyed_customer_geography,l3198347,m1166366,R07,2.735371199038856,NOT_REQUIRED_FOR_SPLIT_PHASE,SOURCE_CUSTOMER_SERVICE_PATH,0.24,PRIMARY_PHASE_3,3,sx3198347c.1.2,transformer.t5260622c,15.0,line.tpx260622c0,156.0,5,3,6,27,0,1,UNVERIFIED,True,ENGINEERING_SCENARIO_NOT_FIELD_VERIFIED,PENDING
LV:sx3198348a,sx3198348a,LV_SPLIT_240,False,True,"1,2",1685872.53602757,12275830.0799125,upstream_primary_proxy_NOT_surveyed_customer_geography,l3198348,m1142860,R07,2.2542331994420124,NOT_REQUIRED_FOR_SPLIT_PHASE,SOURCE_CUSTOMER_SERVICE_PATH,0.24,PRIMARY_PHASE_1,1,sx3198348a.1.2,transformer.t5260552a,50.0,line.tpx260552a0,156.0,5,3,6,27,0,1,UNVERIFIED,True,ENGINEERING_SCENARIO_NOT_FIELD_VERIFIED,PENDING
LV:sx3198355b,sx3198355b,LV_SPLIT_240,False,True,"1,2",1681976.74031194,12271041.8886761,upstream_primary_proxy_NOT_surveyed_customer_geography,l3198355,m1108298,R01,4.07243244483554,NOT_REQUIRED_FOR_SPLIT_PHASE,SOURCE_CUSTOMER_SERVICE_PATH,0.24,PRIMARY_PHASE_2,2,sx3198355b.1.2,transformer.t5207288b,10.0,line.tpx207288b0,156.0,5,3,6,27,0,1,UNVERIFIED,True,ENGINEERING_SCENARIO_NOT_FIELD_VERIFIED,PENDING
LV:sx3198356c,sx3198356c,LV_SPLIT_240,False,True,"1,2",1680570.44834263,12273443.5496063,upstream_primary_proxy_NOT_surveyed_customer_geography,l3198356,m1108315,R01,5.837360139691823,NOT_REQUIRED_FOR_SPLIT_PHASE,SOURCE_CUSTOMER_SERVICE_PATH,0.24,PRIMARY_PHASE_3,3,sx3198356c.1.2,transformer.t5350993c,15.0,line.tpx350993c0,156.0,5,3,6,27,0,1,UNVERIFIED,True,ENGINEERING_SCENARIO_NOT_FIELD_VERIFIED,PENDING
LV:sx3198358b,sx3198358b,LV_SPLIT_240,False,True,"1,2",1680619.44879067,12271292.1092203,upstream_primary_proxy_NOT_surveyed_customer_geography,l3198358,m1108298,R01,4.152972145588637,NOT_REQUIRED_FOR_SPLIT_PHASE,SOURCE_CUSTOMER_SERVICE_PATH,0.24,PRIMARY_PHASE_2,2,sx3198358b.1.2,transformer.t5138797b,37.5,line.tpx138797b0,156.0,5,3,6,27,0,1,UNVERIFIED,True,ENGINEERING_SCENARIO_NOT_FIELD_VERIFIED,PENDING
LV:sx3207907a,sx3207907a,LV_SPLIT_240,False,True,"1,2",1665832.9911769,12278524.985771,upstream_primary_proxy_NOT_surveyed_customer_geography,l3207907,l3207907,R03,11.807760894471157,NOT_REQUIRED_FOR_SPLIT_PHASE,SOURCE_CUSTOMER_SERVICE_PATH,0.24,PRIMARY_PHASE_1,1,sx3207907a.1.2,transformer.t5293664a,50.0,line.tpx293664a0,156.0,5,3,6,27,0,1,UNVERIFIED,True,ENGINEERING_SCENARIO_NOT_FIELD_VERIFIED,PENDING
LV:sx3207907b,sx3207907b,LV_SPLIT_240,False,True,"1,2",1665832.9911769,12278524.985771,upstream_primary_proxy_NOT_surveyed_customer_geography,l3207907,l3207907,R03,11.807760894471157,NOT_REQUIRED_FOR_SPLIT_PHASE,SOURCE_CUSTOMER_SERVICE_PATH,0.24,PRIMARY_PHASE_2,2,sx3207907b.1.2,transformer.t5293664b,75.0,line.tpx293664b0,156.0,5,3,6,27,0,1,UNVERIFIED,True,ENGINEERING_SCENARIO_NOT_FIELD_VERIFIED,PENDING
LV:sx3207907c,sx3207907c,LV_SPLIT_240,False,True,"1,2",1665832.9911769,12278524.985771,upstream_primary_proxy_NOT_surveyed_customer_geography,l3207907,l3207907,R03,11.807760894471157,NOT_REQUIRED_FOR_SPLIT_PHASE,SOURCE_CUSTOMER_SERVICE_PATH,0.24,PRIMARY_PHASE_3,3,sx3207907c.1.2,transformer.t5293664c,50.0,line.tpx293664c0,156.0,5,3,6,27,0,1,UNVERIFIED,True,ENGINEERING_SCENARIO_NOT_FIELD_VERIFIED,PENDING
LV:sx3214055c,sx3214055c,LV_SPLIT_240,False,True,"1,2",1666869.95092187,12260448.5308422,upstream_primary_proxy_NOT_surveyed_customer_geography,l3214055,m1026331,R08,14.417100654541644,NOT_REQUIRED_FOR_SPLIT_PHASE,SOURCE_CUSTOMER_SERVICE_PATH,0.24,PRIMARY_PHASE_3,3,sx3214055c.1.2,transformer.t226192175c,15.0,line.tpx226192175c0,156.0,5,3,6,27,0,1,UNVERIFIED,True,ENGINEERING_SCENARIO_NOT_FIELD_VERIFIED,PENDING
LV:sx3214069c,sx3214069c,LV_SPLIT_240,False,True,"1,2",1683180.27208906,12277580.5792422,upstream_primary_proxy_NOT_surveyed_customer_geography,l3214069,l3214069,R07,2.963832022991348,NOT_REQUIRED_FOR_SPLIT_PHASE,SOURCE_CUSTOMER_SERVICE_PATH,0.24,PRIMARY_PHASE_3,3,sx3214069c.1.2,transformer.t226194421c,25.0,line.tpx226194421c0,156.0,5,3,6,27,0,1,UNVERIFIED,True,ENGINEERING_SCENARIO_NOT_FIELD_VERIFIED,PENDING
LV:sx3214071c,sx3214071c,LV_SPLIT_240,False,True,"1,2",1683294.64469716,12277397.451178,upstream_primary_proxy_NOT_surveyed_customer_geography,l3214071,l3214071,R07,2.9138876682191794,NOT_REQUIRED_FOR_SPLIT_PHASE,SOURCE_CUSTOMER_SERVICE_PATH,0.24,PRIMARY_PHASE_3,3,sx3214071c.1.2,transformer.t226194419c,25.0,line.tpx226194419c0,156.0,5,3,6,27,0,1,UNVERIFIED,True,ENGINEERING_SCENARIO_NOT_FIELD_VERIFIED,PENDING
LV:sx3214112b,sx3214112b,LV_SPLIT_240,False,True,"1,2",1668968.36039582,12276820.4681375,upstream_primary_proxy_NOT_surveyed_customer_geography,l3214112,m1069376,R06,14.969028184822594,NOT_REQUIRED_FOR_SPLIT_PHASE,SOURCE_CUSTOMER_SERVICE_PATH,0.24,PRIMARY_PHASE_2,2,sx3214112b.1.2,transformer.t226881057b,15.0,line.tpx226881057b0,156.0,5,3,6,27,0,1,UNVERIFIED,True,ENGINEERING_SCENARIO_NOT_FIELD_VERIFIED,PENDING
LV:sx3214549a,sx3214549a,LV_SPLIT_240,False,True,"1,2",1680164.06370225,12279489.2005559,upstream_primary_proxy_NOT_surveyed_customer_geography,l3214549,m1108378,R02,5.017307350775059,NOT_REQUIRED_FOR_SPLIT_PHASE,SOURCE_CUSTOMER_SERVICE_PATH,0.24,PRIMARY_PHASE_1,1,sx3214549a.1.2,transformer.t226308731a,50.0,line.tpx226308731a0,156.0,5,3,6,27,0,1,UNVERIFIED,True,ENGINEERING_SCENARIO_NOT_FIELD_VERIFIED,PENDING
LV:sx3215203a,sx3215203a,LV_SPLIT_240,False,True,"1,2",1679305.50114145,12279452.3488439,upstream_primary_proxy_NOT_surveyed_customer_geography,l3215203,l3215203,R02,5.107686513052252,NOT_REQUIRED_FOR_SPLIT_PHASE,SOURCE_CUSTOMER_SERVICE_PATH,0.24,PRIMARY_PHASE_1,1,sx3215203a.1.2,transformer.t227760024a,50.0,line.tpx227760024a0,156.0,5,3,6,27,0,1,UNVERIFIED,True,ENGINEERING_SCENARIO_NOT_FIELD_VERIFIED,PENDING
LV:sx3215203b,sx3215203b,LV_SPLIT_240,False,True,"1,2",1679305.50114145,12279452.3488439,upstream_primary_proxy_NOT_surveyed_customer_geography,l3215203,l3215203,R02,5.107686513052252,NOT_REQUIRED_FOR_SPLIT_PHASE,SOURCE_CUSTOMER_SERVICE_PATH,0.24,PRIMARY_PHASE_2,2,sx3215203b.1.2,transformer.t227760024b,50.0,line.tpx227760024b0,156.0,5,3,6,27,0,1,UNVERIFIED,True,ENGINEERING_SCENARIO_NOT_FIELD_VERIFIED,PENDING
LV:sx3215203c,sx3215203c,LV_SPLIT_240,False,True,"1,2",1679305.50114145,12279452.3488439,upstream_primary_proxy_NOT_surveyed_customer_geography,l3215203,l3215203,R02,5.107686513052252,NOT_REQUIRED_FOR_SPLIT_PHASE,SOURCE_CUSTOMER_SERVICE_PATH,0.24,PRIMARY_PHASE_3,3,sx3215203c.1.2,transformer.t227760024c,50.0,line.tpx227760024c0,156.0,5,3,6,27,0,1,UNVERIFIED,True,ENGINEERING_SCENARIO_NOT_FIELD_VERIFIED,PENDING
LV:sx3215340a,sx3215340a,LV_SPLIT_240,False,True,"1,2",1664844.14714398,12293954.7038014,upstream_primary_proxy_NOT_surveyed_customer_geography,l3215340,m1027055,R04,14.632802769303408,NOT_REQUIRED_FOR_SPLIT_PHASE,SOURCE_CUSTOMER_SERVICE_PATH,0.24,PRIMARY_PHASE_1,1,sx3215340a.1.2,transformer.t228057846a,25.0,line.tpx228057846a0,156.0,5,3,6,27,0,1,UNVERIFIED,True,ENGINEERING_SCENARIO_NOT_FIELD_VERIFIED,PENDING
LV:sx3215385a,sx3215385a,LV_SPLIT_240,False,True,"1,2",1678635.00232482,12270171.4313313,upstream_primary_proxy_NOT_surveyed_customer_geography,l3215385,l3215385,R01,5.597679699980325,NOT_REQUIRED_FOR_SPLIT_PHASE,SOURCE_CUSTOMER_SERVICE_PATH,0.24,PRIMARY_PHASE_1,1,sx3215385a.1.2,transformer.t21384099a,37.5,line.tpx21384099a0,156.0,5,3,6,27,0,1,UNVERIFIED,True,ENGINEERING_SCENARIO_NOT_FIELD_VERIFIED,PENDING
LV:sx3215385b,sx3215385b,LV_SPLIT_240,False,True,"1,2",1678635.00232482,12270171.4313313,upstream_primary_proxy_NOT_surveyed_customer_geography,l3215385,l3215385,R01,5.597679699980325,NOT_REQUIRED_FOR_SPLIT_PHASE,SOURCE_CUSTOMER_SERVICE_PATH,0.24,PRIMARY_PHASE_2,2,sx3215385b.1.2,transformer.t21384099b,50.0,line.tpx21384099b0,156.0,5,3,6,27,0,1,UNVERIFIED,True,ENGINEERING_SCENARIO_NOT_FIELD_VERIFIED,PENDING
LV:sx3215385c,sx3215385c,LV_SPLIT_240,False,True,"1,2",1678635.00232482,12270171.4313313,upstream_primary_proxy_NOT_surveyed_customer_geography,l3215385,l3215385,R01,5.597679699980325,NOT_REQUIRED_FOR_SPLIT_PHASE,SOURCE_CUSTOMER_SERVICE_PATH,0.24,PRIMARY_PHASE_3,3,sx3215385c.1.2,transformer.t21384099c,37.5,line.tpx21384099c0,156.0,5,3,6,27,0,1,UNVERIFIED,True,ENGINEERING_SCENARIO_NOT_FIELD_VERIFIED,PENDING
LV:sx3215549b,sx3215549b,LV_SPLIT_240,False,True,"1,2",1670740.69959747,12290560.5615903,upstream_primary_proxy_NOT_surveyed_customer_geography,l3215549,m1047763,R05,12.698158320683893,NOT_REQUIRED_FOR_SPLIT_PHASE,SOURCE_CUSTOMER_SERVICE_PATH,0.24,PRIMARY_PHASE_2,2,sx3215549b.1.2,transformer.t228219458b,25.0,line.tpx228219458b0,156.0,5,3,6,27,0,1,UNVERIFIED,True,ENGINEERING_SCENARIO_NOT_FIELD_VERIFIED,PENDING
LV:sx3216123a,sx3216123a,LV_SPLIT_240,False,True,"1,2",1670054.32058883,12283903.6727521,upstream_primary_proxy_NOT_surveyed_customer_geography,l3216123,l3216123,R05,8.543205774798057,NOT_REQUIRED_FOR_SPLIT_PHASE,SOURCE_CUSTOMER_SERVICE_PATH,0.24,PRIMARY_PHASE_1,1,sx3216123a.1.2,transformer.t5338926a,15.0,line.tpx338926a0,156.0,5,3,6,27,0,1,UNVERIFIED,True,ENGINEERING_SCENARIO_NOT_FIELD_VERIFIED,PENDING
LV:sx3216336a,sx3216336a,LV_SPLIT_240,False,True,"1,2",1666420.80813745,12286634.6602746,upstream_primary_proxy_NOT_surveyed_customer_geography,l3216336,m1026854,R05,10.933663990949483,NOT_REQUIRED_FOR_SPLIT_PHASE,SOURCE_CUSTOMER_SERVICE_PATH,0.24,PRIMARY_PHASE_1,1,sx3216336a.1.2,transformer.t5356010a,25.0,line.tpx356010a0,156.0,5,3,6,27,0,1,UNVERIFIED,True,ENGINEERING_SCENARIO_NOT_FIELD_VERIFIED,PENDING
LV:sx3216337a,sx3216337a,LV_SPLIT_240,False,True,"1,2",1666187.02074523,12286529.7494265,upstream_primary_proxy_NOT_surveyed_customer_geography,l3216337,m1026854,R05,10.920245400376297,NOT_REQUIRED_FOR_SPLIT_PHASE,SOURCE_CUSTOMER_SERVICE_PATH,0.24,PRIMARY_PHASE_1,1,sx3216337a.1.2,transformer.t5356011a,15.0,line.tpx356011a0,156.0,5,3,6,27,0,1,UNVERIFIED,True,ENGINEERING_SCENARIO_NOT_FIELD_VERIFIED,PENDING
LV:sx3216338b,sx3216338b,LV_SPLIT_240,False,True,"1,2",1659686.97184318,12283815.981488,upstream_primary_proxy_NOT_surveyed_customer_geography,l3216338,m1026829,R04,13.935992934760618,NOT_REQUIRED_FOR_SPLIT_PHASE,SOURCE_CUSTOMER_SERVICE_PATH,0.24,PRIMARY_PHASE_2,2,sx3216338b.1.2,transformer.t5355599b,25.0,line.tpx355599b0,156.0,5,3,6,27,0,1,UNVERIFIED,True,ENGINEERING_SCENARIO_NOT_FIELD_VERIFIED,PENDING
LV:sx3216339b,sx3216339b,LV_SPLIT_240,False,True,"1,2",1662493.66163779,12256617.7099746,upstream_primary_proxy_NOT_surveyed_customer_geography,l3216339,m1026328,R08,18.42603280518976,NOT_REQUIRED_FOR_SPLIT_PHASE,SOURCE_CUSTOMER_SERVICE_PATH,0.24,PRIMARY_PHASE_2,2,sx3216339b.1.2,transformer.t5391741b,25.0,line.tpx391741b0,156.0,5,3,6,27,0,1,UNVERIFIED,True,ENGINEERING_SCENARIO_NOT_FIELD_VERIFIED,PENDING
LV:sx3216342b,sx3216342b,LV_SPLIT_240,False,True,"1,2",1673637.14094417,12278490.587563,upstream_primary_proxy_NOT_surveyed_customer_geography,l3216342,m1069464,R06,10.346748169180062,NOT_REQUIRED_FOR_SPLIT_PHASE,SOURCE_CUSTOMER_SERVICE_PATH,0.24,PRIMARY_PHASE_2,2,sx3216342b.1.2,transformer.t5337645b,25.0,line.tpx337645b0,156.0,5,3,6,27,0,1,UNVERIFIED,True,ENGINEERING_SCENARIO_NOT_FIELD_VERIFIED,PENDING
LV:sx3216343c,sx3216343c,LV_SPLIT_240,False,True,"1,2",1678491.38018069,12276860.4901535,upstream_primary_proxy_NOT_surveyed_customer_geography,l3216343,m1108315,R01,7.446691805809165,NOT_REQUIRED_FOR_SPLIT_PHASE,SOURCE_CUSTOMER_SERVICE_PATH,0.24,PRIMARY_PHASE_3,3,sx3216343c.1.2,transformer.t5337626c,25.0,line.tpx337626c0,156.0,5,3,6,27,0,1,UNVERIFIED,True,ENGINEERING_SCENARIO_NOT_FIELD_VERIFIED,PENDING
LV:sx3216344b,sx3216344b,LV_SPLIT_240,False,True,"1,2",1670505.02804525,12288593.0807564,upstream_primary_proxy_NOT_surveyed_customer_geography,l3216344,m1047763,R05,11.647885214730602,NOT_REQUIRED_FOR_SPLIT_PHASE,SOURCE_CUSTOMER_SERVICE_PATH,0.24,PRIMARY_PHASE_2,2,sx3216344b.1.2,transformer.t5323264b,50.0,line.tpx323264b0,156.0,5,3,6,27,0,1,UNVERIFIED,True,ENGINEERING_SCENARIO_NOT_FIELD_VERIFIED,PENDING
LV:sx3216345b,sx3216345b,LV_SPLIT_240,False,True,"1,2",1668136.74132305,12283811.72984,upstream_primary_proxy_NOT_surveyed_customer_geography,l3216345,l3216345,R05,8.478505991905571,NOT_REQUIRED_FOR_SPLIT_PHASE,SOURCE_CUSTOMER_SERVICE_PATH,0.24,PRIMARY_PHASE_2,2,sx3216345b.1.2,transformer.t5338933b,37.5,line.tpx338933b0,156.0,5,3,6,27,0,1,UNVERIFIED,True,ENGINEERING_SCENARIO_NOT_FIELD_VERIFIED,PENDING
LV:sx3216346a,sx3216346a,LV_SPLIT_240,False,True,"1,2",1663109.56896637,12279533.478316,upstream_primary_proxy_NOT_surveyed_customer_geography,l3216346,m1009770,R04,13.976389274947698,NOT_REQUIRED_FOR_SPLIT_PHASE,SOURCE_CUSTOMER_SERVICE_PATH,0.24,PRIMARY_PHASE_1,1,sx3216346a.1.2,transformer.t5391991a,15.0,line.tpx391991a0,156.0,5,3,6,27,0,1,UNVERIFIED,True,ENGINEERING_SCENARIO_NOT_FIELD_VERIFIED,PENDING
LV:sx3216347c,sx3216347c,LV_SPLIT_240,False,True,"1,2",1675742.50133013,12267748.180385,upstream_primary_proxy_NOT_surveyed_customer_geography,l3216347,m1089112,R01,7.674728204671146,NOT_REQUIRED_FOR_SPLIT_PHASE,SOURCE_CUSTOMER_SERVICE_PATH,0.24,PRIMARY_PHASE_3,3,sx3216347c.1.2,transformer.t5138413c,15.0,line.tpx138413c0,156.0,5,3,6,27,0,1,UNVERIFIED,True,ENGINEERING_SCENARIO_NOT_FIELD_VERIFIED,PENDING
LV:sx3216348a,sx3216348a,LV_SPLIT_240,False,True,"1,2",1671313.50881401,12272422.7813494,upstream_primary_proxy_NOT_surveyed_customer_geography,l3216348,m1026695,R03,15.965037263437369,NOT_REQUIRED_FOR_SPLIT_PHASE,SOURCE_CUSTOMER_SERVICE_PATH,0.24,PRIMARY_PHASE_1,1,sx3216348a.1.2,transformer.t5337717a,15.0,line.tpx337717a0,156.0,5,3,6,27,0,1,UNVERIFIED,True,ENGINEERING_SCENARIO_NOT_FIELD_VERIFIED,PENDING
LV:sx3216349b,sx3216349b,LV_SPLIT_240,False,True,"1,2",1668791.46644366,12277469.8725541,upstream_primary_proxy_NOT_surveyed_customer_geography,l3216349,m1069376,R06,15.3042959803161,NOT_REQUIRED_FOR_SPLIT_PHASE,SOURCE_CUSTOMER_SERVICE_PATH,0.24,PRIMARY_PHASE_2,2,sx3216349b.1.2,transformer.t5337708b,15.0,line.tpx337708b0,156.0,5,3,6,27,0,1,UNVERIFIED,True,ENGINEERING_SCENARIO_NOT_FIELD_VERIFIED,PENDING
LV:sx3216350a,sx3216350a,LV_SPLIT_240,False,True,"1,2",1663676.83219889,12276741.3170334,upstream_primary_proxy_NOT_surveyed_customer_geography,l3216350,m1026662,R03,12.995490709707001,NOT_REQUIRED_FOR_SPLIT_PHASE,SOURCE_CUSTOMER_SERVICE_PATH,0.24,PRIMARY_PHASE_1,1,sx3216350a.1.2,transformer.t5391977a,25.0,line.tpx391977a0,156.0,5,3,6,27,0,1,UNVERIFIED,True,ENGINEERING_SCENARIO_NOT_FIELD_VERIFIED,PENDING
LV:sx3216351a,sx3216351a,LV_SPLIT_240,False,True,"1,2",1664756.5992399,12277870.1336744,upstream_primary_proxy_NOT_surveyed_customer_geography,l3216351,m1026690,R03,12.241027850661144,NOT_REQUIRED_FOR_SPLIT_PHASE,SOURCE_CUSTOMER_SERVICE_PATH,0.24,PRIMARY_PHASE_1,1,sx3216351a.1.2,transformer.t21398815a,25.0,line.tpx21398815a0,156.0,5,3,6,27,0,1,UNVERIFIED,True,ENGINEERING_SCENARIO_NOT_FIELD_VERIFIED,PENDING
LV:sx3216358a,sx3216358a,LV_SPLIT_240,False,True,"1,2",1665653.09076073,12283320.3204315,upstream_primary_proxy_NOT_surveyed_customer_geography,l3216358,m1026851,R04,9.904041415421869,NOT_REQUIRED_FOR_SPLIT_PHASE,SOURCE_CUSTOMER_SERVICE_PATH,0.24,PRIMARY_PHASE_1,1,sx3216358a.1.2,transformer.t21399826a,25.0,line.tpx21399826a0,156.0,5,3,6,27,0,1,UNVERIFIED,True,ENGINEERING_SCENARIO_NOT_FIELD_VERIFIED,PENDING
LV:sx3216361b,sx3216361b,LV_SPLIT_240,False,True,"1,2",1664838.87968798,12290768.4417824,upstream_primary_proxy_NOT_surveyed_customer_geography,l3216361,m1026997,R04,13.046548984553397,NOT_REQUIRED_FOR_SPLIT_PHASE,SOURCE_CUSTOMER_SERVICE_PATH,0.24,PRIMARY_PHASE_2,2,sx3216361b.1.2,transformer.t21452406b,25.0,line.tpx21452406b0,156.0,5,3,6,27,0,1,UNVERIFIED,True,ENGINEERING_SCENARIO_NOT_FIELD_VERIFIED,PENDING
LV:sx3216367b,sx3216367b,LV_SPLIT_240,False,True,"1,2",1673511.27086405,12278909.6206514,upstream_primary_proxy_NOT_surveyed_customer_geography,l3216367,l3216367,R06,10.144956824679243,NOT_REQUIRED_FOR_SPLIT_PHASE,SOURCE_CUSTOMER_SERVICE_PATH,0.24,PRIMARY_PHASE_2,2,sx3216367b.1.2,transformer.t5337648b,25.0,line.tpx337648b0,156.0,5,3,6,27,0,1,UNVERIFIED,True,ENGINEERING_SCENARIO_NOT_FIELD_VERIFIED,PENDING
LV:sx3216368c,sx3216368c,LV_SPLIT_240,False,True,"1,2",1665611.3811927,12278364.4389549,upstream_primary_proxy_NOT_surveyed_customer_geography,l3216368,l3216368,R03,11.819214370869389,NOT_REQUIRED_FOR_SPLIT_PHASE,SOURCE_CUSTOMER_SERVICE_PATH,0.24,PRIMARY_PHASE_3,3,sx3216368c.1.2,transformer.t5293663c,15.0,line.tpx293663c0,156.0,5,3,6,27,0,1,UNVERIFIED,True,ENGINEERING_SCENARIO_NOT_FIELD_VERIFIED,PENDING
LV:sx3216370a,sx3216370a,LV_SPLIT_240,False,True,"1,2",1670702.20129344,12263533.0400291,upstream_primary_proxy_NOT_surveyed_customer_geography,l3216370,l3216370,R08,11.40178621121458,NOT_REQUIRED_FOR_SPLIT_PHASE,SOURCE_CUSTOMER_SERVICE_PATH,0.24,PRIMARY_PHASE_1,1,sx3216370a.1.2,transformer.t5293521a,10.0,line.tpx293521a0,156.0,5,3,6,27,0,1,UNVERIFIED,True,ENGINEERING_SCENARIO_NOT_FIELD_VERIFIED,PENDING
LV:sx3216370b,sx3216370b,LV_SPLIT_240,False,True,"1,2",1670702.20129344,12263533.0400291,upstream_primary_proxy_NOT_surveyed_customer_geography,l3216370,l3216370,R08,11.40178621121458,NOT_REQUIRED_FOR_SPLIT_PHASE,SOURCE_CUSTOMER_SERVICE_PATH,0.24,PRIMARY_PHASE_2,2,sx3216370b.1.2,transformer.t5293521b,10.0,line.tpx293521b0,156.0,5,3,6,27,0,1,UNVERIFIED,True,ENGINEERING_SCENARIO_NOT_FIELD_VERIFIED,PENDING
LV:sx3216370c,sx3216370c,LV_SPLIT_240,False,True,"1,2",1670702.20129344,12263533.0400291,upstream_primary_proxy_NOT_surveyed_customer_geography,l3216370,l3216370,R08,11.40178621121458,NOT_REQUIRED_FOR_SPLIT_PHASE,SOURCE_CUSTOMER_SERVICE_PATH,0.24,PRIMARY_PHASE_3,3,sx3216370c.1.2,transformer.t5293521c,10.0,line.tpx293521c0,156.0,5,3,6,27,0,1,UNVERIFIED,True,ENGINEERING_SCENARIO_NOT_FIELD_VERIFIED,PENDING
LV:sx3216988b,sx3216988b,LV_SPLIT_240,False,True,"1,2",1681260.34991127,12278023.6312746,upstream_primary_proxy_NOT_surveyed_customer_geography,l3216988,m1125976,R02,3.7614931071786715,NOT_REQUIRED_FOR_SPLIT_PHASE,SOURCE_CUSTOMER_SERVICE_PATH,0.24,PRIMARY_PHASE_2,2,sx3216988b.1.2,transformer.t5260590b,25.0,line.tpx260590b0,156.0,5,3,6,27,0,1,UNVERIFIED,True,ENGINEERING_SCENARIO_NOT_FIELD_VERIFIED,PENDING
LV:sx3217052c,sx3217052c,LV_SPLIT_240,False,True,"1,2",1684775.18076254,12275194.8394639,upstream_primary_proxy_NOT_surveyed_customer_geography,l3217052,m1142832,R07,2.6774301294967278,NOT_REQUIRED_FOR_SPLIT_PHASE,SOURCE_CUSTOMER_SERVICE_PATH,0.24,PRIMARY_PHASE_3,3,sx3217052c.1.2,transformer.t5260528c,25.0,line.tpx260528c0,156.0,5,3,6,27,0,1,UNVERIFIED,True,ENGINEERING_SCENARIO_NOT_FIELD_VERIFIED,PENDING
LV:sx3217053c,sx3217053c,LV_SPLIT_240,False,True,"1,2",1685017.11100277,12275182.0271759,upstream_primary_proxy_NOT_surveyed_customer_geography,l3217053,m1142832,R07,2.535583646588793,NOT_REQUIRED_FOR_SPLIT_PHASE,SOURCE_CUSTOMER_SERVICE_PATH,0.24,PRIMARY_PHASE_3,3,sx3217053c.1.2,transformer.t5260529c,10.0,line.tpx260529c0,156.0,5,3,6,27,0,1,UNVERIFIED,True,ENGINEERING_SCENARIO_NOT_FIELD_VERIFIED,PENDING
LV:sx3217056a,sx3217056a,LV_SPLIT_240,False,True,"1,2",1693138.86870633,12275135.0501519,upstream_primary_proxy_NOT_surveyed_customer_geography,l3217056,m1209791,R07,1.0935182948408466,NOT_REQUIRED_FOR_SPLIT_PHASE,SOURCE_CUSTOMER_SERVICE_PATH,0.24,PRIMARY_PHASE_1,1,sx3217056a.1.2,transformer.t5218474a,50.0,line.tpx218474a0,156.0,5,3,6,27,0,1,UNVERIFIED,True,ENGINEERING_SCENARIO_NOT_FIELD_VERIFIED,PENDING
LV:sx3217057a,sx3217057a,LV_SPLIT_240,False,True,"1,2",1692912.53193812,12275073.4299278,upstream_primary_proxy_NOT_surveyed_customer_geography,l3217057,m1209791,R07,1.0620128526827761,NOT_REQUIRED_FOR_SPLIT_PHASE,SOURCE_CUSTOMER_SERVICE_PATH,0.24,PRIMARY_PHASE_1,1,sx3217057a.1.2,transformer.t5218475a,10.0,line.tpx218475a0,156.0,5,3,6,27,0,1,UNVERIFIED,True,ENGINEERING_SCENARIO_NOT_FIELD_VERIFIED,PENDING
LV:sx3217064b,sx3217064b,LV_SPLIT_240,False,True,"1,2",1685779.41346748,12272646.0502136,upstream_primary_proxy_NOT_surveyed_customer_geography,l3217064,m1142810,R07,5.037197266379197,NOT_REQUIRED_FOR_SPLIT_PHASE,SOURCE_CUSTOMER_SERVICE_PATH,0.24,PRIMARY_PHASE_2,2,sx3217064b.1.2,transformer.t21391390b,25.0,line.tpx21391390b0,156.0,5,3,6,27,0,1,UNVERIFIED,True,ENGINEERING_SCENARIO_NOT_FIELD_VERIFIED,PENDING
LV:sx3225319b,sx3225319b,LV_SPLIT_240,False,True,"1,2",1662230.70662955,12256497.0663905,upstream_primary_proxy_NOT_surveyed_customer_geography,l3225319,m1026328,R08,18.292405359055596,NOT_REQUIRED_FOR_SPLIT_PHASE,SOURCE_CUSTOMER_SERVICE_PATH,0.24,PRIMARY_PHASE_2,2,sx3225319b.1.2,transformer.t225533675b,37.5,line.tpx225533675b0,156.0,5,3,6,27,0,1,UNVERIFIED,True,ENGINEERING_SCENARIO_NOT_FIELD_VERIFIED,PENDING
LV:sx3226771a,sx3226771a,LV_SPLIT_240,False,True,"1,2",1666269.19469731,12278819.6888753,upstream_primary_proxy_NOT_surveyed_customer_geography,l3226771,m3037441,R03,12.143973623277546,NOT_REQUIRED_FOR_SPLIT_PHASE,SOURCE_CUSTOMER_SERVICE_PATH,0.24,PRIMARY_PHASE_1,1,sx3226771a.1.2,transformer.t227100746a,15.0,line.tpx227100746a0,156.0,5,3,6,27,0,1,UNVERIFIED,True,ENGINEERING_SCENARIO_NOT_FIELD_VERIFIED,PENDING
LV:sx3231255c,sx3231255c,LV_SPLIT_240,False,True,"1,2",1675935.97179431,12283419.4559196,upstream_primary_proxy_NOT_surveyed_customer_geography,l3231255,l3231255,R02,5.649519539500442,NOT_REQUIRED_FOR_SPLIT_PHASE,SOURCE_CUSTOMER_SERVICE_PATH,0.24,PRIMARY_PHASE_3,3,sx3231255c.1.2,transformer.t5339051c,25.0,line.tpx339051c0,156.0,5,3,6,27,0,1,UNVERIFIED,True,ENGINEERING_SCENARIO_NOT_FIELD_VERIFIED,PENDING
LV:sx3231269b,sx3231269b,LV_SPLIT_240,False,True,"1,2",1657863.03532948,12284720.2513128,upstream_primary_proxy_NOT_surveyed_customer_geography,l3231269,m1026829,R04,14.777559973165934,NOT_REQUIRED_FOR_SPLIT_PHASE,SOURCE_CUSTOMER_SERVICE_PATH,0.24,PRIMARY_PHASE_2,2,sx3231269b.1.2,transformer.t225684682b,15.0,line.tpx225684682b0,156.0,5,3,6,27,0,1,UNVERIFIED,True,ENGINEERING_SCENARIO_NOT_FIELD_VERIFIED,PENDING
LV:sx3232301c,sx3232301c,LV_SPLIT_240,False,True,"1,2",1674368.16225685,12273205.4163581,upstream_primary_proxy_NOT_surveyed_customer_geography,l3232301,m1069311,R06,12.539119183227825,NOT_REQUIRED_FOR_SPLIT_PHASE,SOURCE_CUSTOMER_SERVICE_PATH,0.24,PRIMARY_PHASE_3,3,sx3232301c.1.2,transformer.t21458756c,75.0,line.tpx21458756c0,156.0,5,3,6,27,0,1,UNVERIFIED,True,ENGINEERING_SCENARIO_NOT_FIELD_VERIFIED,PENDING
LV:sx3232902a,sx3232902a,LV_SPLIT_240,False,True,"1,2",1681467.98843946,12280220.6642366,upstream_primary_proxy_NOT_surveyed_customer_geography,l3232902,l3232902,R02,3.807038984644855,NOT_REQUIRED_FOR_SPLIT_PHASE,SOURCE_CUSTOMER_SERVICE_PATH,0.24,PRIMARY_PHASE_1,1,sx3232902a.1.2,transformer.t226194826a,25.0,line.tpx226194826a0,156.0,5,3,6,27,0,1,UNVERIFIED,True,ENGINEERING_SCENARIO_NOT_FIELD_VERIFIED,PENDING
LV:sx3233353a,sx3233353a,LV_SPLIT_240,False,True,"1,2",1666085.32935314,12279964.6068924,upstream_primary_proxy_NOT_surveyed_customer_geography,l3233353,m1026851,R04,11.99530283453955,NOT_REQUIRED_FOR_SPLIT_PHASE,SOURCE_CUSTOMER_SERVICE_PATH,0.24,PRIMARY_PHASE_1,1,sx3233353a.1.2,transformer.t21399630a,15.0,line.tpx21399630a0,156.0,5,3,6,27,0,1,UNVERIFIED,True,ENGINEERING_SCENARIO_NOT_FIELD_VERIFIED,PENDING
LV:sx3233412a,sx3233412a,LV_SPLIT_240,False,True,"1,2",1680848.28821489,12279673.0822841,upstream_primary_proxy_NOT_surveyed_customer_geography,l3233412,m1108378,R02,4.206901537967003,NOT_REQUIRED_FOR_SPLIT_PHASE,SOURCE_CUSTOMER_SERVICE_PATH,0.24,PRIMARY_PHASE_1,1,sx3233412a.1.2,transformer.t226308717a,50.0,line.tpx226308717a0,156.0,5,3,6,27,0,1,UNVERIFIED,True,ENGINEERING_SCENARIO_NOT_FIELD_VERIFIED,PENDING
LV:sx3233413b,sx3233413b,LV_SPLIT_240,False,True,"1,2",1680405.94479047,12280172.9622206,upstream_primary_proxy_NOT_surveyed_customer_geography,l3233413,m1108380,R02,5.019200805722158,NOT_REQUIRED_FOR_SPLIT_PHASE,SOURCE_CUSTOMER_SERVICE_PATH,0.24,PRIMARY_PHASE_2,2,sx3233413b.1.2,transformer.t226308727b,50.0,line.tpx226308727b0,156.0,5,3,6,27,0,1,UNVERIFIED,True,ENGINEERING_SCENARIO_NOT_FIELD_VERIFIED,PENDING
LV:sx3234149a,sx3234149a,LV_SPLIT_240,False,True,"1,2",1691184.30665651,12273169.7074301,upstream_primary_proxy_NOT_surveyed_customer_geography,l3234149,l3234149,R07,1.8539536148852374,NOT_REQUIRED_FOR_SPLIT_PHASE,SOURCE_CUSTOMER_SERVICE_PATH,0.24,PRIMARY_PHASE_1,1,sx3234149a.1.2,transformer.t227944551a,250.0,line.tpx227944551a0,580.0,5,3,6,27,0,1,UNVERIFIED,True,ENGINEERING_SCENARIO_NOT_FIELD_VERIFIED,PENDING
LV:sx3234149b,sx3234149b,LV_SPLIT_240,False,True,"1,2",1691184.30665651,12273169.7074301,upstream_primary_proxy_NOT_surveyed_customer_geography,l3234149,l3234149,R07,1.8539536148852374,NOT_REQUIRED_FOR_SPLIT_PHASE,SOURCE_CUSTOMER_SERVICE_PATH,0.24,PRIMARY_PHASE_2,2,sx3234149b.1.2,transformer.t227944551b,250.0,line.tpx227944551b0,580.0,5,3,6,27,0,1,UNVERIFIED,True,ENGINEERING_SCENARIO_NOT_FIELD_VERIFIED,PENDING
LV:sx3234149c,sx3234149c,LV_SPLIT_240,False,True,"1,2",1691184.30665651,12273169.7074301,upstream_primary_proxy_NOT_surveyed_customer_geography,l3234149,l3234149,R07,1.8539536148852374,NOT_REQUIRED_FOR_SPLIT_PHASE,SOURCE_CUSTOMER_SERVICE_PATH,0.24,PRIMARY_PHASE_3,3,sx3234149c.1.2,transformer.t227944551c,250.0,line.tpx227944551c0,580.0,5,3,6,27,0,1,UNVERIFIED,True,ENGINEERING_SCENARIO_NOT_FIELD_VERIFIED,PENDING
LV:sx3234185b,sx3234185b,LV_SPLIT_240,False,True,"1,2",1673575.53710411,12292499.2475441,upstream_primary_proxy_NOT_surveyed_customer_geography,l3234185,m1047763,R05,15.700441658739221,NOT_REQUIRED_FOR_SPLIT_PHASE,SOURCE_CUSTOMER_SERVICE_PATH,0.24,PRIMARY_PHASE_2,2,sx3234185b.1.2,transformer.t5323388b,25.0,line.tpx323388b0,156.0,5,3,6,27,0,1,UNVERIFIED,True,ENGINEERING_SCENARIO_NOT_FIELD_VERIFIED,PENDING
LV:sx3235241c,sx3235241c,LV_SPLIT_240,False,True,"1,2",1666454.98106548,12293488.251321,upstream_primary_proxy_NOT_surveyed_customer_geography,l3235241,m1027043,R04,15.38492591416856,NOT_REQUIRED_FOR_SPLIT_PHASE,SOURCE_CUSTOMER_SERVICE_PATH,0.24,PRIMARY_PHASE_3,3,sx3235241c.1.2,transformer.t5321888c,25.0,line.tpx321888c0,156.0,5,3,6,27,0,1,UNVERIFIED,True,ENGINEERING_SCENARIO_NOT_FIELD_VERIFIED,PENDING
LV:sx3235242c,sx3235242c,LV_SPLIT_240,False,True,"1,2",1676340.52961869,12283192.5088474,upstream_primary_proxy_NOT_surveyed_customer_geography,l3235242,m1089213,R02,5.651744052244878,NOT_REQUIRED_FOR_SPLIT_PHASE,SOURCE_CUSTOMER_SERVICE_PATH,0.24,PRIMARY_PHASE_3,3,sx3235242c.1.2,transformer.t21380500c,25.0,line.tpx21380500c0,156.0,5,3,6,27,0,1,UNVERIFIED,True,ENGINEERING_SCENARIO_NOT_FIELD_VERIFIED,PENDING
LV:sx3235243c,sx3235243c,LV_SPLIT_240,False,True,"1,2",1675984.64046636,12273547.6658304,upstream_primary_proxy_NOT_surveyed_customer_geography,l3235243,m4113347,R06,13.019691740104243,NOT_REQUIRED_FOR_SPLIT_PHASE,SOURCE_CUSTOMER_SERVICE_PATH,0.24,PRIMARY_PHASE_3,3,sx3235243c.1.2,transformer.t5275008c,25.0,line.tpx275008c0,156.0,5,3,6,27,0,1,UNVERIFIED,True,ENGINEERING_SCENARIO_NOT_FIELD_VERIFIED,PENDING
LV:sx3235244a,sx3235244a,LV_SPLIT_240,False,True,"1,2",1674866.87892932,12274704.2615435,upstream_primary_proxy_NOT_surveyed_customer_geography,l3235244,m1069382,R06,12.484283140102704,NOT_REQUIRED_FOR_SPLIT_PHASE,SOURCE_CUSTOMER_SERVICE_PATH,0.24,PRIMARY_PHASE_1,1,sx3235244a.1.2,transformer.t5337676a,25.0,line.tpx337676a0,156.0,5,3,6,27,0,1,UNVERIFIED,True,ENGINEERING_SCENARIO_NOT_FIELD_VERIFIED,PENDING
LV:sx3235245c,sx3235245c,LV_SPLIT_240,False,True,"1,2",1672012.90081466,12279688.1309881,upstream_primary_proxy_NOT_surveyed_customer_geography,l3235245,m1047483,R06,9.933894386576792,NOT_REQUIRED_FOR_SPLIT_PHASE,SOURCE_CUSTOMER_SERVICE_PATH,0.24,PRIMARY_PHASE_3,3,sx3235245c.1.2,transformer.t5337712c,15.0,line.tpx337712c0,156.0,5,3,6,27,0,1,UNVERIFIED,True,ENGINEERING_SCENARIO_NOT_FIELD_VERIFIED,PENDING
LV:sx3235246b,sx3235246b,LV_SPLIT_240,False,True,"1,2",1671107.91009381,12292264.7802158,upstream_primary_proxy_NOT_surveyed_customer_geography,l3235246,m1047763,R05,13.757603843162679,NOT_REQUIRED_FOR_SPLIT_PHASE,SOURCE_CUSTOMER_SERVICE_PATH,0.24,PRIMARY_PHASE_2,2,sx3235246b.1.2,transformer.t5323279b,15.0,line.tpx323279b0,156.0,5,3,6,27,0,1,UNVERIFIED,True,ENGINEERING_SCENARIO_NOT_FIELD_VERIFIED,PENDING
LV:sx3235247a,sx3235247a,LV_SPLIT_240,False,True,"1,2",1663595.39143082,12289860.7190296,upstream_primary_proxy_NOT_surveyed_customer_geography,l3235247,m1026960,R04,13.038502732840598,NOT_REQUIRED_FOR_SPLIT_PHASE,SOURCE_CUSTOMER_SERVICE_PATH,0.24,PRIMARY_PHASE_1,1,sx3235247a.1.2,transformer.t5321836a,15.0,line.tpx321836a0,156.0,5,3,6,27,0,1,UNVERIFIED,True,ENGINEERING_SCENARIO_NOT_FIELD_VERIFIED,PENDING
LV:sx3235248c,sx3235248c,LV_SPLIT_240,False,True,"1,2",1664736.50016788,12293100.7205686,upstream_primary_proxy_NOT_surveyed_customer_geography,l3235248,m1027043,R04,14.288571360367035,NOT_REQUIRED_FOR_SPLIT_PHASE,SOURCE_CUSTOMER_SERVICE_PATH,0.24,PRIMARY_PHASE_3,3,sx3235248c.1.2,transformer.t5321861c,15.0,line.tpx321861c0,156.0,5,3,6,27,0,1,UNVERIFIED,True,ENGINEERING_SCENARIO_NOT_FIELD_VERIFIED,PENDING
LV:sx3235249a,sx3235249a,LV_SPLIT_240,False,True,"1,2",1666884.67194588,12286248.5180662,upstream_primary_proxy_NOT_surveyed_customer_geography,l3235249,m1026854,R05,10.432797300967565,NOT_REQUIRED_FOR_SPLIT_PHASE,SOURCE_CUSTOMER_SERVICE_PATH,0.24,PRIMARY_PHASE_1,1,sx3235249a.1.2,transformer.t5356014a,10.0,line.tpx356014a0,156.0,5,3,6,27,0,1,UNVERIFIED,True,ENGINEERING_SCENARIO_NOT_FIELD_VERIFIED,PENDING
LV:sx3235250b,sx3235250b,LV_SPLIT_240,False,True,"1,2",1671154.10068586,12275606.7496083,upstream_primary_proxy_NOT_surveyed_customer_geography,l3235250,m1069376,R06,13.65446017717839,NOT_REQUIRED_FOR_SPLIT_PHASE,SOURCE_CUSTOMER_SERVICE_PATH,0.24,PRIMARY_PHASE_2,2,sx3235250b.1.2,transformer.t5337698b,10.0,line.tpx337698b0,156.0,5,3,6,27,0,1,UNVERIFIED,True,ENGINEERING_SCENARIO_NOT_FIELD_VERIFIED,PENDING
LV:sx3235251c,sx3235251c,LV_SPLIT_240,False,True,"1,2",1674584.51297705,12270202.1677153,upstream_primary_proxy_NOT_surveyed_customer_geography,l3235251,m1089112,R01,8.974369489313343,NOT_REQUIRED_FOR_SPLIT_PHASE,SOURCE_CUSTOMER_SERVICE_PATH,0.24,PRIMARY_PHASE_3,3,sx3235251c.1.2,transformer.t21387206c,15.0,line.tpx21387206c0,156.0,5,3,6,27,0,1,UNVERIFIED,True,ENGINEERING_SCENARIO_NOT_FIELD_VERIFIED,PENDING
LV:sx3235252b,sx3235252b,LV_SPLIT_240,False,True,"1,2",1672817.76481541,12274156.192167,upstream_primary_proxy_NOT_surveyed_customer_geography,l3235252,m1069376,R06,12.670730928435546,NOT_REQUIRED_FOR_SPLIT_PHASE,SOURCE_CUSTOMER_SERVICE_PATH,0.24,PRIMARY_PHASE_2,2,sx3235252b.1.2,transformer.t21388572b,25.0,line.tpx21388572b0,156.0,5,3,6,27,0,1,UNVERIFIED,True,ENGINEERING_SCENARIO_NOT_FIELD_VERIFIED,PENDING
LV:sx3235253a,sx3235253a,LV_SPLIT_240,False,True,"1,2",1674836.69140929,12268191.9819854,upstream_primary_proxy_NOT_surveyed_customer_geography,l3235253,m1069169,R08,8.409037664261211,NOT_REQUIRED_FOR_SPLIT_PHASE,SOURCE_CUSTOMER_SERVICE_PATH,0.24,PRIMARY_PHASE_1,1,sx3235253a.1.2,transformer.t5138573a,25.0,line.tpx138573a0,156.0,5,3,6,27,0,1,UNVERIFIED,True,ENGINEERING_SCENARIO_NOT_FIELD_VERIFIED,PENDING
LV:sx3235254c,sx3235254c,LV_SPLIT_240,False,True,"1,2",1667678.82900262,12283986.2481121,upstream_primary_proxy_NOT_surveyed_customer_geography,l3235254,l3235254,R05,8.642614412323121,NOT_REQUIRED_FOR_SPLIT_PHASE,SOURCE_CUSTOMER_SERVICE_PATH,0.24,PRIMARY_PHASE_3,3,sx3235254c.1.2,transformer.t5441331c,25.0,line.tpx441331c0,156.0,5,3,6,27,0,1,UNVERIFIED,True,ENGINEERING_SCENARIO_NOT_FIELD_VERIFIED,PENDING
LV:sx3235255b,sx3235255b,LV_SPLIT_240,False,True,"1,2",1670855.26062158,12263685.7511972,upstream_primary_proxy_NOT_surveyed_customer_geography,l3235255,l3235255,R08,11.275080697717971,NOT_REQUIRED_FOR_SPLIT_PHASE,SOURCE_CUSTOMER_SERVICE_PATH,0.24,PRIMARY_PHASE_2,2,sx3235255b.1.2,transformer.t5293519b,5.0,line.tpx293519b0,156.0,5,3,6,27,0,1,UNVERIFIED,True,ENGINEERING_SCENARIO_NOT_FIELD_VERIFIED,PENDING
LV:sx3235256a,sx3235256a,LV_SPLIT_240,False,True,"1,2",1672847.37889543,12265706.5619511,upstream_primary_proxy_NOT_surveyed_customer_geography,l3235256,l3235256,R08,9.624357032564143,NOT_REQUIRED_FOR_SPLIT_PHASE,SOURCE_CUSTOMER_SERVICE_PATH,0.24,PRIMARY_PHASE_1,1,sx3235256a.1.2,transformer.t5138642a,15.0,line.tpx138642a0,156.0,5,3,6,27,0,1,UNVERIFIED,True,ENGINEERING_SCENARIO_NOT_FIELD_VERIFIED,PENDING
LV:sx3235258a,sx3235258a,LV_SPLIT_240,False,True,"1,2",1667504.81044246,12278933.5371954,upstream_primary_proxy_NOT_surveyed_customer_geography,l3235258,l3235258,R03,10.470174092889398,NOT_REQUIRED_FOR_SPLIT_PHASE,SOURCE_CUSTOMER_SERVICE_PATH,0.24,PRIMARY_PHASE_1,1,sx3235258a.1.2,transformer.t5293652a,15.0,line.tpx293652a0,156.0,5,3,6,27,0,1,UNVERIFIED,True,ENGINEERING_SCENARIO_NOT_FIELD_VERIFIED,PENDING
LV:sx3235258b,sx3235258b,LV_SPLIT_240,False,True,"1,2",1667504.81044246,12278933.5371954,upstream_primary_proxy_NOT_surveyed_customer_geography,l3235258,l3235258,R03,10.470174092889398,NOT_REQUIRED_FOR_SPLIT_PHASE,SOURCE_CUSTOMER_SERVICE_PATH,0.24,PRIMARY_PHASE_2,2,sx3235258b.1.2,transformer.t5293652b,37.5,line.tpx293652b0,156.0,5,3,6,27,0,1,UNVERIFIED,True,ENGINEERING_SCENARIO_NOT_FIELD_VERIFIED,PENDING
LV:sx3235258c,sx3235258c,LV_SPLIT_240,False,True,"1,2",1667504.81044246,12278933.5371954,upstream_primary_proxy_NOT_surveyed_customer_geography,l3235258,l3235258,R03,10.470174092889398,NOT_REQUIRED_FOR_SPLIT_PHASE,SOURCE_CUSTOMER_SERVICE_PATH,0.24,PRIMARY_PHASE_3,3,sx3235258c.1.2,transformer.t5293652c,15.0,line.tpx293652c0,156.0,5,3,6,27,0,1,UNVERIFIED,True,ENGINEERING_SCENARIO_NOT_FIELD_VERIFIED,PENDING
LV:sx3235266c,sx3235266c,LV_SPLIT_240,False,True,"1,2",1674402.29832088,12270813.7619559,upstream_primary_proxy_NOT_surveyed_customer_geography,l3235266,m1089112,R01,9.033510137663736,NOT_REQUIRED_FOR_SPLIT_PHASE,SOURCE_CUSTOMER_SERVICE_PATH,0.24,PRIMARY_PHASE_3,3,sx3235266c.1.2,transformer.t5302807c,25.0,line.tpx302807c0,156.0,5,3,6,27,0,1,UNVERIFIED,True,ENGINEERING_SCENARIO_NOT_FIELD_VERIFIED,PENDING
LV:sx3235267c,sx3235267c,LV_SPLIT_240,False,True,"1,2",1666711.30055372,12293500.604857,upstream_primary_proxy_NOT_surveyed_customer_geography,l3235267,m1027043,R04,15.459269182494747,NOT_REQUIRED_FOR_SPLIT_PHASE,SOURCE_CUSTOMER_SERVICE_PATH,0.24,PRIMARY_PHASE_3,3,sx3235267c.1.2,transformer.t5321892c,25.0,line.tpx321892c0,156.0,5,3,6,27,0,1,UNVERIFIED,True,ENGINEERING_SCENARIO_NOT_FIELD_VERIFIED,PENDING
LV:sx3235268c,sx3235268c,LV_SPLIT_240,False,True,"1,2",1666941.20493793,12293781.0784572,upstream_primary_proxy_NOT_surveyed_customer_geography,l3235268,m1027043,R04,15.681707665684703,NOT_REQUIRED_FOR_SPLIT_PHASE,SOURCE_CUSTOMER_SERVICE_PATH,0.24,PRIMARY_PHASE_3,3,sx3235268c.1.2,transformer.t28099529c,25.0,line.tpx28099529c0,156.0,5,3,6,27,0,1,UNVERIFIED,True,ENGINEERING_SCENARIO_NOT_FIELD_VERIFIED,PENDING
LV:sx3235273b,sx3235273b,LV_SPLIT_240,False,True,"1,2",1675307.89934573,12287508.4394754,upstream_primary_proxy_NOT_surveyed_customer_geography,l3235273,m1069533,R03,8.042098997862933,NOT_REQUIRED_FOR_SPLIT_PHASE,SOURCE_CUSTOMER_SERVICE_PATH,0.24,PRIMARY_PHASE_2,2,sx3235273b.1.2,transformer.t5339016b,25.0,line.tpx339016b0,156.0,5,3,6,27,0,1,UNVERIFIED,True,ENGINEERING_SCENARIO_NOT_FIELD_VERIFIED,PENDING
LV:sx3235275b,sx3235275b,LV_SPLIT_240,False,True,"1,2",1667712.50221865,12260947.0140427,upstream_primary_proxy_NOT_surveyed_customer_geography,l3235275,l3235275,R08,13.723787660860618,NOT_REQUIRED_FOR_SPLIT_PHASE,SOURCE_CUSTOMER_SERVICE_PATH,0.24,PRIMARY_PHASE_2,2,sx3235275b.1.2,transformer.t5302507b,25.0,line.tpx302507b0,156.0,5,3,6,27,0,1,UNVERIFIED,True,ENGINEERING_SCENARIO_NOT_FIELD_VERIFIED,PENDING
LV:sx3235945c,sx3235945c,LV_SPLIT_240,False,True,"1,2",1681312.75003932,12283848.602032,upstream_primary_proxy_NOT_surveyed_customer_geography,l3235945,m1108529,R02,5.259470509045711,NOT_REQUIRED_FOR_SPLIT_PHASE,SOURCE_CUSTOMER_SERVICE_PATH,0.24,PRIMARY_PHASE_3,3,sx3235945c.1.2,transformer.t5356796c,25.0,line.tpx356796c0,156.0,5,3,6,27,0,1,UNVERIFIED,True,ENGINEERING_SCENARIO_NOT_FIELD_VERIFIED,PENDING
LV:sx3235946a,sx3235946a,LV_SPLIT_240,False,True,"1,2",1681668.25826365,12281849.4099661,upstream_primary_proxy_NOT_surveyed_customer_geography,l3235946,m1108505,R02,4.854711042870618,NOT_REQUIRED_FOR_SPLIT_PHASE,SOURCE_CUSTOMER_SERVICE_PATH,0.24,PRIMARY_PHASE_1,1,sx3235946a.1.2,transformer.t5356800a,25.0,line.tpx356800a0,156.0,5,3,6,27,0,1,UNVERIFIED,True,ENGINEERING_SCENARIO_NOT_FIELD_VERIFIED,PENDING
LV:sx3236004c,sx3236004c,LV_SPLIT_240,False,True,"1,2",1683587.45135344,12277404.631466,upstream_primary_proxy_NOT_surveyed_customer_geography,l3236004,m1125952,R07,3.241313010595779,NOT_REQUIRED_FOR_SPLIT_PHASE,SOURCE_CUSTOMER_SERVICE_PATH,0.24,PRIMARY_PHASE_3,3,sx3236004c.1.2,transformer.t5260572c,15.0,line.tpx260572c0,156.0,5,3,6,27,0,1,UNVERIFIED,True,ENGINEERING_SCENARIO_NOT_FIELD_VERIFIED,PENDING
LV:sx3236011b,sx3236011b,LV_SPLIT_240,False,True,"1,2",1680888.60104692,12271034.0694121,upstream_primary_proxy_NOT_surveyed_customer_geography,l3236011,m1108298,R01,3.9350182906431055,NOT_REQUIRED_FOR_SPLIT_PHASE,SOURCE_CUSTOMER_SERVICE_PATH,0.24,PRIMARY_PHASE_2,2,sx3236011b.1.2,transformer.t5138796b,15.0,line.tpx138796b0,156.0,5,3,6,27,0,1,UNVERIFIED,True,ENGINEERING_SCENARIO_NOT_FIELD_VERIFIED,PENDING
LV:sx3251799a,sx3251799a,LV_SPLIT_240,False,True,"1,2",1684075.39964189,12277146.9684898,upstream_primary_proxy_NOT_surveyed_customer_geography,l3251799,m1125944,R07,2.823056708491909,NOT_REQUIRED_FOR_SPLIT_PHASE,SOURCE_CUSTOMER_SERVICE_PATH,0.24,PRIMARY_PHASE_1,1,sx3251799a.1.2,transformer.t5260562a,37.5,line.tpx260562a0,156.0,5,3,6,27,0,1,UNVERIFIED,True,ENGINEERING_SCENARIO_NOT_FIELD_VERIFIED,PENDING
LV:sx3251806b,sx3251806b,LV_SPLIT_240,False,True,"1,2",1660103.78899557,12284166.9390563,upstream_primary_proxy_NOT_surveyed_customer_geography,l3251806,m1026829,R04,13.458196298982987,NOT_REQUIRED_FOR_SPLIT_PHASE,SOURCE_CUSTOMER_SERVICE_PATH,0.24,PRIMARY_PHASE_2,2,sx3251806b.1.2,transformer.t5355602b,15.0,line.tpx355602b0,156.0,5,3,6,27,0,1,UNVERIFIED,True,ENGINEERING_SCENARIO_NOT_FIELD_VERIFIED,PENDING
LV:sx3251807a,sx3251807a,LV_SPLIT_240,False,True,"1,2",1662651.44774994,12294426.0960579,upstream_primary_proxy_NOT_surveyed_customer_geography,l3251807,m1027055,R04,17.043109218422636,NOT_REQUIRED_FOR_SPLIT_PHASE,SOURCE_CUSTOMER_SERVICE_PATH,0.24,PRIMARY_PHASE_1,1,sx3251807a.1.2,transformer.t225673440a,25.0,line.tpx225673440a0,156.0,5,3,6,27,0,1,UNVERIFIED,True,ENGINEERING_SCENARIO_NOT_FIELD_VERIFIED,PENDING
LV:sx3251808a,sx3251808a,LV_SPLIT_240,False,True,"1,2",1664109.8285513,12294496.7766339,upstream_primary_proxy_NOT_surveyed_customer_geography,l3251808,m1027055,R04,15.26834982111816,NOT_REQUIRED_FOR_SPLIT_PHASE,SOURCE_CUSTOMER_SERVICE_PATH,0.24,PRIMARY_PHASE_1,1,sx3251808a.1.2,transformer.t226029836a,15.0,line.tpx226029836a0,156.0,5,3,6,27,0,1,UNVERIFIED,True,ENGINEERING_SCENARIO_NOT_FIELD_VERIFIED,PENDING
LV:sx3251854a,sx3251854a,LV_SPLIT_240,False,True,"1,2",1675902.33953828,12286616.3716346,upstream_primary_proxy_NOT_surveyed_customer_geography,l3251854,m1069564,R03,6.901890678199517,NOT_REQUIRED_FOR_SPLIT_PHASE,SOURCE_CUSTOMER_SERVICE_PATH,0.24,PRIMARY_PHASE_1,1,sx3251854a.1.2,transformer.t226881700a,25.0,line.tpx226881700a0,156.0,5,3,6,27,0,1,UNVERIFIED,True,ENGINEERING_SCENARIO_NOT_FIELD_VERIFIED,PENDING
LV:sx3252336b,sx3252336b,LV_SPLIT_240,False,True,"1,2",1680441.82575051,12279705.8707641,upstream_primary_proxy_NOT_surveyed_customer_geography,l3252336,m1108380,R02,4.83229542057659,NOT_REQUIRED_FOR_SPLIT_PHASE,SOURCE_CUSTOMER_SERVICE_PATH,0.24,PRIMARY_PHASE_2,2,sx3252336b.1.2,transformer.t226308723b,37.5,line.tpx226308723b0,156.0,5,3,6,27,0,1,UNVERIFIED,True,ENGINEERING_SCENARIO_NOT_FIELD_VERIFIED,PENDING
LV:sx3253570c,sx3253570c,LV_SPLIT_240,False,True,"1,2",1692035.79952131,12281559.7818059,upstream_primary_proxy_NOT_surveyed_customer_geography,l3253570,m1209800,R07,3.6154689519711534,NOT_REQUIRED_FOR_SPLIT_PHASE,SOURCE_CUSTOMER_SERVICE_PATH,0.24,PRIMARY_PHASE_3,3,sx3253570c.1.2,transformer.t228314460c,25.0,line.tpx228314460c0,156.0,5,3,6,27,0,1,UNVERIFIED,True,ENGINEERING_SCENARIO_NOT_FIELD_VERIFIED,PENDING
LV:sx3253995c,sx3253995c,LV_SPLIT_240,False,True,"1,2",1669701.5607805,12283386.7411676,upstream_primary_proxy_NOT_surveyed_customer_geography,l3253995,m1047580,R05,8.213827098699898,NOT_REQUIRED_FOR_SPLIT_PHASE,SOURCE_CUSTOMER_SERVICE_PATH,0.24,PRIMARY_PHASE_3,3,sx3253995c.1.2,transformer.t21396815c,15.0,line.tpx21396815c0,156.0,5,3,6,27,0,1,UNVERIFIED,True,ENGINEERING_SCENARIO_NOT_FIELD_VERIFIED,PENDING
LV:sx3254203b,sx3254203b,LV_SPLIT_240,False,True,"1,2",1668960.49197981,12295553.1800909,upstream_primary_proxy_NOT_surveyed_customer_geography,l3254203,m1047763,R05,16.42125606543708,NOT_REQUIRED_FOR_SPLIT_PHASE,SOURCE_CUSTOMER_SERVICE_PATH,0.24,PRIMARY_PHASE_2,2,sx3254203b.1.2,transformer.t5323233b,15.0,line.tpx323233b0,156.0,5,3,6,27,0,1,UNVERIFIED,True,ENGINEERING_SCENARIO_NOT_FIELD_VERIFIED,PENDING
LV:sx3254204a,sx3254204a,LV_SPLIT_240,False,True,"1,2",1671893.87105455,12278069.1787946,upstream_primary_proxy_NOT_surveyed_customer_geography,l3254204,m1047486,R06,10.721790204174642,NOT_REQUIRED_FOR_SPLIT_PHASE,SOURCE_CUSTOMER_SERVICE_PATH,0.24,PRIMARY_PHASE_1,1,sx3254204a.1.2,transformer.t5337715a,15.0,line.tpx337715a0,156.0,5,3,6,27,0,1,UNVERIFIED,True,ENGINEERING_SCENARIO_NOT_FIELD_VERIFIED,PENDING
LV:sx3254205c,sx3254205c,LV_SPLIT_240,False,True,"1,2",1668451.49844334,12264857.1580463,upstream_primary_proxy_NOT_surveyed_customer_geography,l3254205,m1047303,R08,13.764365340818747,NOT_REQUIRED_FOR_SPLIT_PHASE,SOURCE_CUSTOMER_SERVICE_PATH,0.24,PRIMARY_PHASE_3,3,sx3254205c.1.2,transformer.t5302672c,25.0,line.tpx302672c0,156.0,5,3,6,27,0,1,UNVERIFIED,True,ENGINEERING_SCENARIO_NOT_FIELD_VERIFIED,PENDING
LV:sx3254206b,sx3254206b,LV_SPLIT_240,False,True,"1,2",1661025.61018042,12283715.9817439,upstream_primary_proxy_NOT_surveyed_customer_geography,l3254206,m1026829,R04,12.806158890819866,NOT_REQUIRED_FOR_SPLIT_PHASE,SOURCE_CUSTOMER_SERVICE_PATH,0.24,PRIMARY_PHASE_2,2,sx3254206b.1.2,transformer.t5355592b,25.0,line.tpx355592b0,156.0,5,3,6,27,0,1,UNVERIFIED,True,ENGINEERING_SCENARIO_NOT_FIELD_VERIFIED,PENDING
LV:sx3254207a,sx3254207a,LV_SPLIT_240,False,True,"1,2",1673949.12097646,12274513.4985353,upstream_primary_proxy_NOT_surveyed_customer_geography,l3254207,m1069382,R06,11.886717334879165,NOT_REQUIRED_FOR_SPLIT_PHASE,SOURCE_CUSTOMER_SERVICE_PATH,0.24,PRIMARY_PHASE_1,1,sx3254207a.1.2,transformer.t5337671a,15.0,line.tpx337671a0,156.0,5,3,6,27,0,1,UNVERIFIED,True,ENGINEERING_SCENARIO_NOT_FIELD_VERIFIED,PENDING
LV:sx3254208c,sx3254208c,LV_SPLIT_240,False,True,"1,2",1674489.89947296,12280689.9306691,upstream_primary_proxy_NOT_surveyed_customer_geography,l3254208,m1069483,R06,10.970388548752542,NOT_REQUIRED_FOR_SPLIT_PHASE,SOURCE_CUSTOMER_SERVICE_PATH,0.24,PRIMARY_PHASE_3,3,sx3254208c.1.2,transformer.t5338961c,25.0,line.tpx338961c0,156.0,5,3,6,27,0,1,UNVERIFIED,True,ENGINEERING_SCENARIO_NOT_FIELD_VERIFIED,PENDING
LV:sx3254209c,sx3254209c,LV_SPLIT_240,False,True,"1,2",1672165.8003988,12279878.3615163,upstream_primary_proxy_NOT_surveyed_customer_geography,l3254209,m1047483,R06,9.797925133243494,NOT_REQUIRED_FOR_SPLIT_PHASE,SOURCE_CUSTOMER_SERVICE_PATH,0.24,PRIMARY_PHASE_3,3,sx3254209c.1.2,transformer.t5337714c,37.5,line.tpx337714c0,156.0,5,3,6,27,0,1,UNVERIFIED,True,ENGINEERING_SCENARIO_NOT_FIELD_VERIFIED,PENDING
LV:sx3254210c,sx3254210c,LV_SPLIT_240,False,True,"1,2",1673509.59150405,12266982.7280963,upstream_primary_proxy_NOT_surveyed_customer_geography,l3254210,m1069155,R08,9.066094536800765,NOT_REQUIRED_FOR_SPLIT_PHASE,SOURCE_CUSTOMER_SERVICE_PATH,0.24,PRIMARY_PHASE_3,3,sx3254210c.1.2,transformer.t5138647c,15.0,line.tpx138647c0,156.0,5,3,6,27,0,1,UNVERIFIED,True,ENGINEERING_SCENARIO_NOT_FIELD_VERIFIED,PENDING
LV:sx3254211b,sx3254211b,LV_SPLIT_240,False,True,"1,2",1670420.53166117,12266981.8105923,upstream_primary_proxy_NOT_surveyed_customer_geography,l3254211,m1069135,R08,11.532930127831147,NOT_REQUIRED_FOR_SPLIT_PHASE,SOURCE_CUSTOMER_SERVICE_PATH,0.24,PRIMARY_PHASE_2,2,sx3254211b.1.2,transformer.t5247084b,25.0,line.tpx247084b0,156.0,5,3,6,27,0,1,UNVERIFIED,True,ENGINEERING_SCENARIO_NOT_FIELD_VERIFIED,PENDING
LV:sx3254212b,sx3254212b,LV_SPLIT_240,False,True,"1,2",1672092.78100673,12266469.3518398,upstream_primary_proxy_NOT_surveyed_customer_geography,l3254212,m1069135,R08,10.732818600845667,NOT_REQUIRED_FOR_SPLIT_PHASE,SOURCE_CUSTOMER_SERVICE_PATH,0.24,PRIMARY_PHASE_2,2,sx3254212b.1.2,transformer.t5138754b,37.5,line.tpx138754b0,156.0,5,3,6,27,0,1,UNVERIFIED,True,ENGINEERING_SCENARIO_NOT_FIELD_VERIFIED,PENDING
LV:sx3254213b,sx3254213b,LV_SPLIT_240,False,True,"1,2",1664871.59853601,12292768.5103923,upstream_primary_proxy_NOT_surveyed_customer_geography,l3254213,l3254213,R04,13.978141384547804,NOT_REQUIRED_FOR_SPLIT_PHASE,SOURCE_CUSTOMER_SERVICE_PATH,0.24,PRIMARY_PHASE_2,2,sx3254213b.1.2,transformer.t5321859b,25.0,line.tpx321859b0,156.0,5,3,6,27,0,1,UNVERIFIED,True,ENGINEERING_SCENARIO_NOT_FIELD_VERIFIED,PENDING
LV:sx3254214b,sx3254214b,LV_SPLIT_240,False,True,"1,2",1669026.71201188,12276552.8477852,upstream_primary_proxy_NOT_surveyed_customer_geography,l3254214,m1069376,R06,14.849113572348408,NOT_REQUIRED_FOR_SPLIT_PHASE,SOURCE_CUSTOMER_SERVICE_PATH,0.24,PRIMARY_PHASE_2,2,sx3254214b.1.2,transformer.t5337706b,25.0,line.tpx337706b0,156.0,5,3,6,27,0,1,UNVERIFIED,True,ENGINEERING_SCENARIO_NOT_FIELD_VERIFIED,PENDING
LV:sx3254215c,sx3254215c,LV_SPLIT_240,False,True,"1,2",1674907.83073735,12271214.6210922,upstream_primary_proxy_NOT_surveyed_customer_geography,l3254215,m1089112,R01,9.780171295130275,NOT_REQUIRED_FOR_SPLIT_PHASE,SOURCE_CUSTOMER_SERVICE_PATH,0.24,PRIMARY_PHASE_3,3,sx3254215c.1.2,transformer.t5302859c,15.0,line.tpx302859c0,156.0,5,3,6,27,0,1,UNVERIFIED,True,ENGINEERING_SCENARIO_NOT_FIELD_VERIFIED,PENDING
LV:sx3254216a,sx3254216a,LV_SPLIT_240,False,True,"1,2",1670419.51175717,12272050.459045,upstream_primary_proxy_NOT_surveyed_customer_geography,l3254216,m1026695,R03,16.51526740491764,NOT_REQUIRED_FOR_SPLIT_PHASE,SOURCE_CUSTOMER_SERVICE_PATH,0.24,PRIMARY_PHASE_1,1,sx3254216a.1.2,transformer.t21398563a,25.0,line.tpx21398563a0,156.0,5,3,6,27,0,1,UNVERIFIED,True,ENGINEERING_SCENARIO_NOT_FIELD_VERIFIED,PENDING
LV:sx3254217c,sx3254217c,LV_SPLIT_240,False,True,"1,2",1668312.96762721,12281220.0267976,upstream_primary_proxy_NOT_surveyed_customer_geography,l3254217,l3254217,R03,9.007397950602472,NOT_REQUIRED_FOR_SPLIT_PHASE,SOURCE_CUSTOMER_SERVICE_PATH,0.24,PRIMARY_PHASE_3,3,sx3254217c.1.2,transformer.t21399112c,25.0,line.tpx21399112c0,156.0,5,3,6,27,0,1,UNVERIFIED,True,ENGINEERING_SCENARIO_NOT_FIELD_VERIFIED,PENDING
LV:sx3254218a,sx3254218a,LV_SPLIT_240,False,True,"1,2",1672374.68820699,12265166.1111346,upstream_primary_proxy_NOT_surveyed_customer_geography,l3254218,l3254218,R08,10.041288671967996,NOT_REQUIRED_FOR_SPLIT_PHASE,SOURCE_CUSTOMER_SERVICE_PATH,0.24,PRIMARY_PHASE_1,1,sx3254218a.1.2,transformer.t5138720a,25.0,line.tpx138720a0,156.0,5,3,6,27,0,1,UNVERIFIED,True,ENGINEERING_SCENARIO_NOT_FIELD_VERIFIED,PENDING
LV:sx3254219c,sx3254219c,LV_SPLIT_240,False,True,"1,2",1671880.14945453,12264838.7219503,upstream_primary_proxy_NOT_surveyed_customer_geography,l3254219,m1047346,R08,10.44016239018671,NOT_REQUIRED_FOR_SPLIT_PHASE,SOURCE_CUSTOMER_SERVICE_PATH,0.24,PRIMARY_PHASE_3,3,sx3254219c.1.2,transformer.t5138716c,25.0,line.tpx138716c0,156.0,5,3,6,27,0,1,UNVERIFIED,True,ENGINEERING_SCENARIO_NOT_FIELD_VERIFIED,PENDING
LV:sx3254220c,sx3254220c,LV_SPLIT_240,False,True,"1,2",1671856.96199851,12265047.9702065,upstream_primary_proxy_NOT_surveyed_customer_geography,l3254220,m1047346,R08,10.532330260699235,NOT_REQUIRED_FOR_SPLIT_PHASE,SOURCE_CUSTOMER_SERVICE_PATH,0.24,PRIMARY_PHASE_3,3,sx3254220c.1.2,transformer.t5138717c,25.0,line.tpx138717c0,156.0,5,3,6,27,0,1,UNVERIFIED,True,ENGINEERING_SCENARIO_NOT_FIELD_VERIFIED,PENDING
LV:sx3254227b,sx3254227b,LV_SPLIT_240,False,True,"1,2",1674699.34024116,12285880.6604019,upstream_primary_proxy_NOT_surveyed_customer_geography,l3254227,m1069533,R03,6.895897565910551,NOT_REQUIRED_FOR_SPLIT_PHASE,SOURCE_CUSTOMER_SERVICE_PATH,0.24,PRIMARY_PHASE_2,2,sx3254227b.1.2,transformer.t5338995b,10.0,line.tpx338995b0,156.0,5,3,6,27,0,1,UNVERIFIED,True,ENGINEERING_SCENARIO_NOT_FIELD_VERIFIED,PENDING
LV:sx3254228b,sx3254228b,LV_SPLIT_240,False,True,"1,2",1673361.11150391,12288255.7792521,upstream_primary_proxy_NOT_surveyed_customer_geography,l3254228,m1069533,R03,9.4705543931206,NOT_REQUIRED_FOR_SPLIT_PHASE,SOURCE_CUSTOMER_SERVICE_PATH,0.24,PRIMARY_PHASE_2,2,sx3254228b.1.2,transformer.t5325474b,25.0,line.tpx325474b0,156.0,5,3,6,27,0,1,UNVERIFIED,True,ENGINEERING_SCENARIO_NOT_FIELD_VERIFIED,PENDING
LV:sx3254229b,sx3254229b,LV_SPLIT_240,False,True,"1,2",1673983.26932849,12286352.4786423,upstream_primary_proxy_NOT_surveyed_customer_geography,l3254229,m1069533,R03,7.390224223803683,NOT_REQUIRED_FOR_SPLIT_PHASE,SOURCE_CUSTOMER_SERVICE_PATH,0.24,PRIMARY_PHASE_2,2,sx3254229b.1.2,transformer.t5338998b,25.0,line.tpx338998b0,156.0,5,3,6,27,0,1,UNVERIFIED,True,ENGINEERING_SCENARIO_NOT_FIELD_VERIFIED,PENDING
LV:sx3254230a,sx3254230a,LV_SPLIT_240,False,True,"1,2",1672640.55956724,12285165.5807212,upstream_primary_proxy_NOT_surveyed_customer_geography,l3254230,m1069514,R03,6.9883699907649675,NOT_REQUIRED_FOR_SPLIT_PHASE,SOURCE_CUSTOMER_SERVICE_PATH,0.24,PRIMARY_PHASE_1,1,sx3254230a.1.2,transformer.t5338989a,5.0,line.tpx338989a0,156.0,5,3,6,27,0,1,UNVERIFIED,True,ENGINEERING_SCENARIO_NOT_FIELD_VERIFIED,PENDING
LV:sx3254231a,sx3254231a,LV_SPLIT_240,False,True,"1,2",1672724.87163132,12284974.571953,upstream_primary_proxy_NOT_surveyed_customer_geography,l3254231,m1069514,R03,6.893456954817077,NOT_REQUIRED_FOR_SPLIT_PHASE,SOURCE_CUSTOMER_SERVICE_PATH,0.24,PRIMARY_PHASE_1,1,sx3254231a.1.2,transformer.t5338988a,10.0,line.tpx338988a0,156.0,5,3,6,27,0,1,UNVERIFIED,True,ENGINEERING_SCENARIO_NOT_FIELD_VERIFIED,PENDING
LV:sx3254234b,sx3254234b,LV_SPLIT_240,False,True,"1,2",1662006.81926934,12283689.6813279,upstream_primary_proxy_NOT_surveyed_customer_geography,l3254234,m1026829,R04,12.265062522285854,NOT_REQUIRED_FOR_SPLIT_PHASE,SOURCE_CUSTOMER_SERVICE_PATH,0.24,PRIMARY_PHASE_2,2,sx3254234b.1.2,transformer.t5355586b,25.0,line.tpx355586b0,156.0,5,3,6,27,0,1,UNVERIFIED,True,ENGINEERING_SCENARIO_NOT_FIELD_VERIFIED,PENDING
LV:sx3254237a,sx3254237a,LV_SPLIT_240,False,True,"1,2",1679418.22715755,12279173.2596916,upstream_primary_proxy_NOT_surveyed_customer_geography,l3254237,l3254237,R02,4.887004787590537,NOT_REQUIRED_FOR_SPLIT_PHASE,SOURCE_CUSTOMER_SERVICE_PATH,0.24,PRIMARY_PHASE_1,1,sx3254237a.1.2,transformer.t21482181a,25.0,line.tpx21482181a0,156.0,5,3,6,27,0,1,UNVERIFIED,True,ENGINEERING_SCENARIO_NOT_FIELD_VERIFIED,PENDING
LV:sx3254238b,sx3254238b,LV_SPLIT_240,False,True,"1,2",1669897.25946869,12262766.2196764,upstream_primary_proxy_NOT_surveyed_customer_geography,l3254238,l3254238,R08,12.054778824619644,NOT_REQUIRED_FOR_SPLIT_PHASE,SOURCE_CUSTOMER_SERVICE_PATH,0.24,PRIMARY_PHASE_2,2,sx3254238b.1.2,transformer.t5293487b,25.0,line.tpx293487b0,156.0,5,3,6,27,0,1,UNVERIFIED,True,ENGINEERING_SCENARIO_NOT_FIELD_VERIFIED,PENDING
LV:sx3254869b,sx3254869b,LV_SPLIT_240,False,True,"1,2",1682307.68072825,12277646.4388262,upstream_primary_proxy_NOT_surveyed_customer_geography,l3254869,m1125969,R02,3.420645949351857,NOT_REQUIRED_FOR_SPLIT_PHASE,SOURCE_CUSTOMER_SERVICE_PATH,0.24,PRIMARY_PHASE_2,2,sx3254869b.1.2,transformer.t5260575b,15.0,line.tpx260575b0,156.0,5,3,6,27,0,1,UNVERIFIED,True,ENGINEERING_SCENARIO_NOT_FIELD_VERIFIED,PENDING
LV:sx3254870c,sx3254870c,LV_SPLIT_240,False,True,"1,2",1682029.86133599,12277523.9602341,upstream_primary_proxy_NOT_surveyed_customer_geography,l3254870,m1125968,R02,3.5144522377532392,NOT_REQUIRED_FOR_SPLIT_PHASE,SOURCE_CUSTOMER_SERVICE_PATH,0.24,PRIMARY_PHASE_3,3,sx3254870c.1.2,transformer.t5260581c,25.0,line.tpx260581c0,156.0,5,3,6,27,0,1,UNVERIFIED,True,ENGINEERING_SCENARIO_NOT_FIELD_VERIFIED,PENDING
LV:sx3254873c,sx3254873c,LV_SPLIT_240,False,True,"1,2",1688723.45033422,12283409.8180316,upstream_primary_proxy_NOT_surveyed_customer_geography,l3254873,m1209800,R07,5.6883039075203286,NOT_REQUIRED_FOR_SPLIT_PHASE,SOURCE_CUSTOMER_SERVICE_PATH,0.24,PRIMARY_PHASE_3,3,sx3254873c.1.2,transformer.t5251862c,15.0,line.tpx251862c0,156.0,5,3,6,27,0,1,UNVERIFIED,True,ENGINEERING_SCENARIO_NOT_FIELD_VERIFIED,PENDING
LV:sx3254915b,sx3254915b,LV_SPLIT_240,False,True,"1,2",1682928.65071282,12275160.1381519,upstream_primary_proxy_NOT_surveyed_customer_geography,l3254915,m1142819,R07,3.7705731366535398,NOT_REQUIRED_FOR_SPLIT_PHASE,SOURCE_CUSTOMER_SERVICE_PATH,0.24,PRIMARY_PHASE_2,2,sx3254915b.1.2,transformer.t5260520b,5.0,line.tpx260520b0,156.0,5,3,6,27,0,1,UNVERIFIED,True,ENGINEERING_SCENARIO_NOT_FIELD_VERIFIED,PENDING
LV:sx3263051c,sx3263051c,LV_SPLIT_240,False,True,"1,2",1675210.75451364,12269045.1173462,upstream_primary_proxy_NOT_surveyed_customer_geography,l3263051,m1089112,R01,7.884225545232402,NOT_REQUIRED_FOR_SPLIT_PHASE,SOURCE_CUSTOMER_SERVICE_PATH,0.24,PRIMARY_PHASE_3,3,sx3263051c.1.2,transformer.t22112371533c,25.0,line.tpx2212371533c0,156.0,5,3,6,27,0,1,UNVERIFIED,True,ENGINEERING_SCENARIO_NOT_FIELD_VERIFIED,PENDING
LV:sx3270814a,sx3270814a,LV_SPLIT_240,False,True,"1,2",1666508.30688953,12287158.2478591,upstream_primary_proxy_NOT_surveyed_customer_geography,l3270814,m1026854,R05,11.298975800841301,NOT_REQUIRED_FOR_SPLIT_PHASE,SOURCE_CUSTOMER_SERVICE_PATH,0.24,PRIMARY_PHASE_1,1,sx3270814a.1.2,transformer.t226191850a,25.0,line.tpx226191850a0,156.0,5,3,6,27,0,1,UNVERIFIED,True,ENGINEERING_SCENARIO_NOT_FIELD_VERIFIED,PENDING
LV:sx3312692a,sx3312692a,LV_SPLIT_240,False,True,"1,2",1661279.24269266,12292537.7663281,upstream_primary_proxy_NOT_surveyed_customer_geography,l3312692,m1027055,R04,18.152072158283623,NOT_REQUIRED_FOR_SPLIT_PHASE,SOURCE_CUSTOMER_SERVICE_PATH,0.24,PRIMARY_PHASE_1,1,sx3312692a.1.2,transformer.t2223661373a,25.0,line.tpx2223661373a0,156.0,5,3,6,27,0,1,UNVERIFIED,True,ENGINEERING_SCENARIO_NOT_FIELD_VERIFIED,PENDING
LV:sx3315860b,sx3315860b,LV_SPLIT_240,False,True,"1,2",1660730.75142815,12282591.2774868,upstream_primary_proxy_NOT_surveyed_customer_geography,l3315860,m1026829,R04,13.455157850273636,NOT_REQUIRED_FOR_SPLIT_PHASE,SOURCE_CUSTOMER_SERVICE_PATH,0.24,PRIMARY_PHASE_2,2,sx3315860b.1.2,transformer.t2223664050b,15.0,line.tpx2223664050b0,156.0,5,3,6,27,0,1,UNVERIFIED,True,ENGINEERING_SCENARIO_NOT_FIELD_VERIFIED,PENDING
LV:sx3342743c,sx3342743c,LV_SPLIT_240,False,True,"1,2",1668572.36321145,12284135.4572003,upstream_primary_proxy_NOT_surveyed_customer_geography,l3342743,m1026830,R05,8.622048920278726,NOT_REQUIRED_FOR_SPLIT_PHASE,SOURCE_CUSTOMER_SERVICE_PATH,0.24,PRIMARY_PHASE_3,3,sx3342743c.1.2,transformer.t2223703238c,10.0,line.tpx2223703238c0,156.0,5,3,6,27,0,1,UNVERIFIED,True,ENGINEERING_SCENARIO_NOT_FIELD_VERIFIED,PENDING
LV:sx3448661b,sx3448661b,LV_SPLIT_240,False,True,"1,2",1671136.95892584,12293927.6333374,upstream_primary_proxy_NOT_surveyed_customer_geography,l3448661,m1047763,R05,15.027566039722945,NOT_REQUIRED_FOR_SPLIT_PHASE,SOURCE_CUSTOMER_SERVICE_PATH,0.24,PRIMARY_PHASE_2,2,sx3448661b.1.2,transformer.t2223878647b,15.0,line.tpx2223878647b0,156.0,5,3,6,27,0,1,UNVERIFIED,True,ENGINEERING_SCENARIO_NOT_FIELD_VERIFIED,PENDING
LV:sx3552667c,sx3552667c,LV_SPLIT_240,False,True,"1,2",1684186.40943399,12276441.9035291,upstream_primary_proxy_NOT_surveyed_customer_geography,l3552667,m1142874,R07,2.7664774717302865,NOT_REQUIRED_FOR_SPLIT_PHASE,SOURCE_CUSTOMER_SERVICE_PATH,0.24,PRIMARY_PHASE_3,3,sx3552667c.1.2,transformer.t2224061203c,25.0,line.tpx2224061203c0,156.0,5,3,6,27,0,1,UNVERIFIED,True,ENGINEERING_SCENARIO_NOT_FIELD_VERIFIED,PENDING
LV:sx3626914c,sx3626914c,LV_SPLIT_240,False,True,"1,2",1675889.43304227,12267036.8444483,upstream_primary_proxy_NOT_surveyed_customer_geography,l3626914,m1089112,R01,8.106259107794727,NOT_REQUIRED_FOR_SPLIT_PHASE,SOURCE_CUSTOMER_SERVICE_PATH,0.24,PRIMARY_PHASE_3,3,sx3626914c.1.2,transformer.t2224179616c,15.0,line.tpx2224179616c0,156.0,5,3,6,27,0,1,UNVERIFIED,True,ENGINEERING_SCENARIO_NOT_FIELD_VERIFIED,PENDING
LV:sx3632979a,sx3632979a,LV_SPLIT_240,False,True,"1,2",1664792.27130393,12289137.2261649,upstream_primary_proxy_NOT_surveyed_customer_geography,l3632979,m1026960,R04,12.371614384602761,NOT_REQUIRED_FOR_SPLIT_PHASE,SOURCE_CUSTOMER_SERVICE_PATH,0.24,PRIMARY_PHASE_1,1,sx3632979a.1.2,transformer.t2224192013a,15.0,line.tpx2224192013a0,156.0,5,3,6,27,0,1,UNVERIFIED,True,ENGINEERING_SCENARIO_NOT_FIELD_VERIFIED,PENDING
LV:sx3645809c,sx3645809c,LV_SPLIT_240,False,True,"1,2",1668875.09857174,12283806.359984,upstream_primary_proxy_NOT_surveyed_customer_geography,l3645809,m3763624,R05,8.397782280222662,NOT_REQUIRED_FOR_SPLIT_PHASE,SOURCE_CUSTOMER_SERVICE_PATH,0.24,PRIMARY_PHASE_3,3,sx3645809c.1.2,transformer.t2224230615c,50.0,line.tpx2224230615c0,156.0,5,3,6,27,0,1,UNVERIFIED,True,ENGINEERING_SCENARIO_NOT_FIELD_VERIFIED,PENDING
LV:sx3645810c,sx3645810c,LV_SPLIT_240,False,True,"1,2",1668929.15757979,12284243.5014884,upstream_primary_proxy_NOT_surveyed_customer_geography,l3645810,m3763624,R05,8.560360151408888,NOT_REQUIRED_FOR_SPLIT_PHASE,SOURCE_CUSTOMER_SERVICE_PATH,0.24,PRIMARY_PHASE_3,3,sx3645810c.1.2,transformer.t2224230651c,75.0,line.tpx2224230651c0,156.0,5,3,6,27,0,1,UNVERIFIED,True,ENGINEERING_SCENARIO_NOT_FIELD_VERIFIED,PENDING
LV:sx3645811c,sx3645811c,LV_SPLIT_240,False,True,"1,2",1668920.78945178,12284702.2207208,upstream_primary_proxy_NOT_surveyed_customer_geography,l3645811,m3763624,R05,8.72868382062294,NOT_REQUIRED_FOR_SPLIT_PHASE,SOURCE_CUSTOMER_SERVICE_PATH,0.24,PRIMARY_PHASE_3,3,sx3645811c.1.2,transformer.t2224230689c,75.0,line.tpx2224230689c0,156.0,5,3,6,27,0,1,UNVERIFIED,True,ENGINEERING_SCENARIO_NOT_FIELD_VERIFIED,PENDING
LV:sx3645812c,sx3645812c,LV_SPLIT_240,False,True,"1,2",1668769.46273164,12285267.8496493,upstream_primary_proxy_NOT_surveyed_customer_geography,l3645812,m3763618,R05,8.913159208288715,NOT_REQUIRED_FOR_SPLIT_PHASE,SOURCE_CUSTOMER_SERVICE_PATH,0.24,PRIMARY_PHASE_3,3,sx3645812c.1.2,transformer.t2224230754c,37.5,line.tpx2224230754c0,156.0,5,3,6,27,0,1,UNVERIFIED,True,ENGINEERING_SCENARIO_NOT_FIELD_VERIFIED,PENDING
LV:sx3649297a,sx3649297a,LV_SPLIT_240,False,True,"1,2",1667953.07668288,12284065.4442722,upstream_primary_proxy_NOT_surveyed_customer_geography,l3649297,m3768670,R05,8.647621336420995,NOT_REQUIRED_FOR_SPLIT_PHASE,SOURCE_CUSTOMER_SERVICE_PATH,0.24,PRIMARY_PHASE_1,1,sx3649297a.1.2,transformer.t2224237380a,37.5,line.tpx2224237380a0,156.0,5,3,6,27,0,1,UNVERIFIED,True,ENGINEERING_SCENARIO_NOT_FIELD_VERIFIED,PENDING
LV:sx3649298a,sx3649298a,LV_SPLIT_240,False,True,"1,2",1668005.92737093,12284267.4835684,upstream_primary_proxy_NOT_surveyed_customer_geography,l3649298,m3768670,R05,8.739048619450704,NOT_REQUIRED_FOR_SPLIT_PHASE,SOURCE_CUSTOMER_SERVICE_PATH,0.24,PRIMARY_PHASE_1,1,sx3649298a.1.2,transformer.t2224237384a,37.5,line.tpx2224237384a0,156.0,5,3,6,27,0,1,UNVERIFIED,True,ENGINEERING_SCENARIO_NOT_FIELD_VERIFIED,PENDING
LV:sx3649299a,sx3649299a,LV_SPLIT_240,False,True,"1,2",1668007.93441093,12284479.5580646,upstream_primary_proxy_NOT_surveyed_customer_geography,l3649299,m3768670,R05,8.83189722006704,NOT_REQUIRED_FOR_SPLIT_PHASE,SOURCE_CUSTOMER_SERVICE_PATH,0.24,PRIMARY_PHASE_1,1,sx3649299a.1.2,transformer.t2224237391a,25.0,line.tpx2224237391a0,156.0,5,3,6,27,0,1,UNVERIFIED,True,ENGINEERING_SCENARIO_NOT_FIELD_VERIFIED,PENDING
LV:sx3649300a,sx3649300a,LV_SPLIT_240,False,True,"1,2",1668008.60615493,12284692.3002088,upstream_primary_proxy_NOT_surveyed_customer_geography,l3649300,m3768670,R05,8.925034418452917,NOT_REQUIRED_FOR_SPLIT_PHASE,SOURCE_CUSTOMER_SERVICE_PATH,0.24,PRIMARY_PHASE_1,1,sx3649300a.1.2,transformer.t2224237546a,37.5,line.tpx2224237546a0,156.0,5,3,6,27,0,1,UNVERIFIED,True,ENGINEERING_SCENARIO_NOT_FIELD_VERIFIED,PENDING
LV:sx3649301a,sx3649301a,LV_SPLIT_240,False,True,"1,2",1668008.60615493,12284893.004209,upstream_primary_proxy_NOT_surveyed_customer_geography,l3649301,m3768670,R05,9.01290095299293,NOT_REQUIRED_FOR_SPLIT_PHASE,SOURCE_CUSTOMER_SERVICE_PATH,0.24,PRIMARY_PHASE_1,1,sx3649301a.1.2,transformer.t2224237643a,37.5,line.tpx2224237643a0,156.0,5,3,6,27,0,1,UNVERIFIED,True,ENGINEERING_SCENARIO_NOT_FIELD_VERIFIED,PENDING
LV:sx3649302a,sx3649302a,LV_SPLIT_240,False,True,"1,2",1668009.60967493,12285099.8931692,upstream_primary_proxy_NOT_surveyed_customer_geography,l3649302,m3768670,R05,9.1034762773897,NOT_REQUIRED_FOR_SPLIT_PHASE,SOURCE_CUSTOMER_SERVICE_PATH,0.24,PRIMARY_PHASE_1,1,sx3649302a.1.2,transformer.t2224237653a,37.5,line.tpx2224237653a0,156.0,5,3,6,27,0,1,UNVERIFIED,True,ENGINEERING_SCENARIO_NOT_FIELD_VERIFIED,PENDING
LV:sx3649304a,sx3649304a,LV_SPLIT_240,False,True,"1,2",1668012.62023493,12285305.7786094,upstream_primary_proxy_NOT_surveyed_customer_geography,l3649304,m3768670,R05,9.193620839510071,NOT_REQUIRED_FOR_SPLIT_PHASE,SOURCE_CUSTOMER_SERVICE_PATH,0.24,PRIMARY_PHASE_1,1,sx3649304a.1.2,transformer.t2224237713a,37.5,line.tpx2224237713a0,156.0,5,3,6,27,0,1,UNVERIFIED,True,ENGINEERING_SCENARIO_NOT_FIELD_VERIFIED,PENDING
LV:sx3649305a,sx3649305a,LV_SPLIT_240,False,True,"1,2",1668011.94849093,12285525.8812656,upstream_primary_proxy_NOT_surveyed_customer_geography,l3649305,m3768670,R05,9.289980392688847,NOT_REQUIRED_FOR_SPLIT_PHASE,SOURCE_CUSTOMER_SERVICE_PATH,0.24,PRIMARY_PHASE_1,1,sx3649305a.1.2,transformer.t2224237718a,15.0,line.tpx2224237718a0,156.0,5,3,6,27,0,1,UNVERIFIED,True,ENGINEERING_SCENARIO_NOT_FIELD_VERIFIED,PENDING
LV:sx3649306a,sx3649306a,LV_SPLIT_240,False,True,"1,2",1667765.6560107,12284493.7752806,upstream_primary_proxy_NOT_surveyed_customer_geography,l3649306,m3768670,R05,8.94355610473158,NOT_REQUIRED_FOR_SPLIT_PHASE,SOURCE_CUSTOMER_SERVICE_PATH,0.24,PRIMARY_PHASE_1,1,sx3649306a.1.2,transformer.t2224238167a,37.5,line.tpx2224238167a0,156.0,5,3,6,27,0,1,UNVERIFIED,True,ENGINEERING_SCENARIO_NOT_FIELD_VERIFIED,PENDING
LV:sx3727707a,sx3727707a,LV_SPLIT_240,False,True,"1,2",1669785.06183658,12280469.3610689,upstream_primary_proxy_NOT_surveyed_customer_geography,l3727707,m1047490,R06,9.116917226513532,NOT_REQUIRED_FOR_SPLIT_PHASE,SOURCE_CUSTOMER_SERVICE_PATH,0.24,PRIMARY_PHASE_1,1,sx3727707a.1.2,transformer.t2224386750a,25.0,line.tpx2224386750a0,156.0,5,3,6,27,0,1,UNVERIFIED,True,ENGINEERING_SCENARIO_NOT_FIELD_VERIFIED,PENDING
LV:sx3727708a,sx3727708a,LV_SPLIT_240,False,True,"1,2",1669741.09127654,12280294.0891327,upstream_primary_proxy_NOT_surveyed_customer_geography,l3727708,m1047490,R06,9.19602759631189,NOT_REQUIRED_FOR_SPLIT_PHASE,SOURCE_CUSTOMER_SERVICE_PATH,0.24,PRIMARY_PHASE_1,1,sx3727708a.1.2,transformer.t2224386815a,15.0,line.tpx2224386815a0,156.0,5,3,6,27,0,1,UNVERIFIED,True,ENGINEERING_SCENARIO_NOT_FIELD_VERIFIED,PENDING
LV:sx3727709a,sx3727709a,LV_SPLIT_240,False,True,"1,2",1669540.75182036,12280349.6349887,upstream_primary_proxy_NOT_surveyed_customer_geography,l3727709,m1047490,R06,9.293903630743982,NOT_REQUIRED_FOR_SPLIT_PHASE,SOURCE_CUSTOMER_SERVICE_PATH,0.24,PRIMARY_PHASE_1,1,sx3727709a.1.2,transformer.t2224386842a,37.5,line.tpx2224386842a0,156.0,5,3,6,27,0,1,UNVERIFIED,True,ENGINEERING_SCENARIO_NOT_FIELD_VERIFIED,PENDING
LV:sx3727710a,sx3727710a,LV_SPLIT_240,False,True,"1,2",1669322.02132415,12280441.3853888,upstream_primary_proxy_NOT_surveyed_customer_geography,l3727710,m1047490,R06,9.39774534193462,NOT_REQUIRED_FOR_SPLIT_PHASE,SOURCE_CUSTOMER_SERVICE_PATH,0.24,PRIMARY_PHASE_1,1,sx3727710a.1.2,transformer.t2224386863a,37.5,line.tpx2224386863a0,156.0,5,3,6,27,0,1,UNVERIFIED,True,ENGINEERING_SCENARIO_NOT_FIELD_VERIFIED,PENDING
LV:sx3727711a,sx3727711a,LV_SPLIT_240,False,True,"1,2",1669833.94759663,12280151.5155646,upstream_primary_proxy_NOT_surveyed_customer_geography,l3727711,m1047490,R06,9.273794757275539,NOT_REQUIRED_FOR_SPLIT_PHASE,SOURCE_CUSTOMER_SERVICE_PATH,0.24,PRIMARY_PHASE_1,1,sx3727711a.1.2,transformer.t2224386874a,15.0,line.tpx2224386874a0,156.0,5,3,6,27,0,1,UNVERIFIED,True,ENGINEERING_SCENARIO_NOT_FIELD_VERIFIED,PENDING
LV:sx3727712a,sx3727712a,LV_SPLIT_240,False,True,"1,2",1669973.56385276,12280154.1738686,upstream_primary_proxy_NOT_surveyed_customer_geography,l3727712,m1047490,R06,9.334928666627983,NOT_REQUIRED_FOR_SPLIT_PHASE,SOURCE_CUSTOMER_SERVICE_PATH,0.24,PRIMARY_PHASE_1,1,sx3727712a.1.2,transformer.t2224386889a,25.0,line.tpx2224386889a0,156.0,5,3,6,27,0,1,UNVERIFIED,True,ENGINEERING_SCENARIO_NOT_FIELD_VERIFIED,PENDING
LV:sx3728037a,sx3728037a,LV_SPLIT_240,False,True,"1,2",1669631.96564444,12279948.5178044,upstream_primary_proxy_NOT_surveyed_customer_geography,l3728037,m1047490,R06,9.354695216616332,NOT_REQUIRED_FOR_SPLIT_PHASE,SOURCE_CUSTOMER_SERVICE_PATH,0.24,PRIMARY_PHASE_1,1,sx3728037a.1.2,transformer.t2224386946a,25.0,line.tpx2224386946a0,156.0,5,3,6,27,0,1,UNVERIFIED,True,ENGINEERING_SCENARIO_NOT_FIELD_VERIFIED,PENDING
LV:sx3728038a,sx3728038a,LV_SPLIT_240,False,True,"1,2",1669619.09601243,12279615.9922361,upstream_primary_proxy_NOT_surveyed_customer_geography,l3728038,m1047490,R06,9.509063007652456,NOT_REQUIRED_FOR_SPLIT_PHASE,SOURCE_CUSTOMER_SERVICE_PATH,0.24,PRIMARY_PHASE_1,1,sx3728038a.1.2,transformer.t2224387019a,25.0,line.tpx2224387019a0,156.0,5,3,6,27,0,1,UNVERIFIED,True,ENGINEERING_SCENARIO_NOT_FIELD_VERIFIED,PENDING
LV:sx3728039a,sx3728039a,LV_SPLIT_240,False,True,"1,2",1669413.10407624,12279773.8848442,upstream_primary_proxy_NOT_surveyed_customer_geography,l3728039,m1047490,R06,9.622688921213985,NOT_REQUIRED_FOR_SPLIT_PHASE,SOURCE_CUSTOMER_SERVICE_PATH,0.24,PRIMARY_PHASE_1,1,sx3728039a.1.2,transformer.t2224387053a,37.5,line.tpx2224387053a0,156.0,5,3,6,27,0,1,UNVERIFIED,True,ENGINEERING_SCENARIO_NOT_FIELD_VERIFIED,PENDING
LV:sx3728040a,sx3728040a,LV_SPLIT_240,False,True,"1,2",1669262.2197241,12279902.0814523,upstream_primary_proxy_NOT_surveyed_customer_geography,l3728040,m1047490,R06,9.709367752006273,NOT_REQUIRED_FOR_SPLIT_PHASE,SOURCE_CUSTOMER_SERVICE_PATH,0.24,PRIMARY_PHASE_1,1,sx3728040a.1.2,transformer.t2224387062a,37.5,line.tpx2224387062a0,156.0,5,3,6,27,0,1,UNVERIFIED,True,ENGINEERING_SCENARIO_NOT_FIELD_VERIFIED,PENDING
LV:sx3728041a,sx3728041a,LV_SPLIT_240,False,True,"1,2",1669156.477388,12279968.6824124,upstream_primary_proxy_NOT_surveyed_customer_geography,l3728041,m1047490,R06,9.76407792354407,NOT_REQUIRED_FOR_SPLIT_PHASE,SOURCE_CUSTOMER_SERVICE_PATH,0.24,PRIMARY_PHASE_1,1,sx3728041a.1.2,transformer.t2224387074a,25.0,line.tpx2224387074a0,156.0,5,3,6,27,0,1,UNVERIFIED,True,ENGINEERING_SCENARIO_NOT_FIELD_VERIFIED,PENDING
LV:sx3728042a,sx3728042a,LV_SPLIT_240,False,True,"1,2",1669862.72609265,12279663.1453881,upstream_primary_proxy_NOT_surveyed_customer_geography,l3728042,m1047490,R06,9.608769229492548,NOT_REQUIRED_FOR_SPLIT_PHASE,SOURCE_CUSTOMER_SERVICE_PATH,0.24,PRIMARY_PHASE_1,1,sx3728042a.1.2,transformer.t2224387113a,37.5,line.tpx2224387113a0,156.0,5,3,6,27,0,1,UNVERIFIED,True,ENGINEERING_SCENARIO_NOT_FIELD_VERIFIED,PENDING
LV:sx3728043a,sx3728043a,LV_SPLIT_240,False,True,"1,2",1670076.61102085,12279626.9572281,upstream_primary_proxy_NOT_surveyed_customer_geography,l3728043,m1047490,R06,9.703737072037553,NOT_REQUIRED_FOR_SPLIT_PHASE,SOURCE_CUSTOMER_SERVICE_PATH,0.24,PRIMARY_PHASE_1,1,sx3728043a.1.2,transformer.t2224387138a,37.5,line.tpx2224387138a0,156.0,5,3,6,27,0,1,UNVERIFIED,True,ENGINEERING_SCENARIO_NOT_FIELD_VERIFIED,PENDING
LV:sx3729297a,sx3729297a,LV_SPLIT_240,False,True,"1,2",1670178.88404495,12280526.0087489,upstream_primary_proxy_NOT_surveyed_customer_geography,l3729297,m1047490,R06,8.941433761870872,NOT_REQUIRED_FOR_SPLIT_PHASE,SOURCE_CUSTOMER_SERVICE_PATH,0.24,PRIMARY_PHASE_1,1,sx3729297a.1.2,transformer.t2224386592a,25.0,line.tpx2224386592a0,156.0,5,3,6,27,0,1,UNVERIFIED,True,ENGINEERING_SCENARIO_NOT_FIELD_VERIFIED,PENDING
LV:sx3729298a,sx3729298a,LV_SPLIT_240,False,True,"1,2",1669980.52295676,12280472.9123009,upstream_primary_proxy_NOT_surveyed_customer_geography,l3729298,m1047490,R06,9.031331857922481,NOT_REQUIRED_FOR_SPLIT_PHASE,SOURCE_CUSTOMER_SERVICE_PATH,0.24,PRIMARY_PHASE_1,1,sx3729298a.1.2,transformer.t2224386617a,37.5,line.tpx2224386617a0,156.0,5,3,6,27,0,1,UNVERIFIED,True,ENGINEERING_SCENARIO_NOT_FIELD_VERIFIED,PENDING
LV:sx3778577c,sx3778577c,LV_SPLIT_240,False,True,"1,2",1673318.35745587,12277734.4782503,upstream_primary_proxy_NOT_surveyed_customer_geography,l3778577,m1069438,R06,11.099836463189465,NOT_REQUIRED_FOR_SPLIT_PHASE,SOURCE_CUSTOMER_SERVICE_PATH,0.24,PRIMARY_PHASE_3,3,sx3778577c.1.2,transformer.t2224490448c,25.0,line.tpx2224490448c0,156.0,5,3,6,27,0,1,UNVERIFIED,True,ENGINEERING_SCENARIO_NOT_FIELD_VERIFIED,PENDING
LV:sx3784018a,sx3784018a,LV_SPLIT_240,False,True,"1,2",1670271.79361304,12287908.2623238,upstream_primary_proxy_NOT_surveyed_customer_geography,l3784018,l3784018,R05,11.11397382337817,NOT_REQUIRED_FOR_SPLIT_PHASE,SOURCE_CUSTOMER_SERVICE_PATH,0.24,PRIMARY_PHASE_1,1,sx3784018a.1.2,transformer.t2224500658a,10.0,line.tpx2224500658a0,156.0,5,3,6,27,0,1,UNVERIFIED,True,ENGINEERING_SCENARIO_NOT_FIELD_VERIFIED,PENDING
LV:sx_293471a,sx_293471a,LV_SPLIT_240,False,True,"1,2",1669719.14900452,12262515.7088921,upstream_primary_proxy_NOT_surveyed_customer_geography,293471,293471,R08,12.340011563546057,NOT_REQUIRED_FOR_SPLIT_PHASE,SOURCE_CUSTOMER_SERVICE_PATH,0.24,PRIMARY_PHASE_1,1,sx_293471a.1.2,transformer.t5293471a,25.0,line.tpx293471a0,156.0,5,3,6,27,0,1,UNVERIFIED,True,ENGINEERING_SCENARIO_NOT_FIELD_VERIFIED,PENDING
LV:sx_293471b,sx_293471b,LV_SPLIT_240,False,True,"1,2",1669719.14900452,12262515.7088921,upstream_primary_proxy_NOT_surveyed_customer_geography,293471,293471,R08,12.340011563546057,NOT_REQUIRED_FOR_SPLIT_PHASE,SOURCE_CUSTOMER_SERVICE_PATH,0.24,PRIMARY_PHASE_2,2,sx_293471b.1.2,transformer.t5293471b,25.0,line.tpx293471b0,156.0,5,3,6,27,0,1,UNVERIFIED,True,ENGINEERING_SCENARIO_NOT_FIELD_VERIFIED,PENDING
LV:sx_293471c,sx_293471c,LV_SPLIT_240,False,True,"1,2",1669719.14900452,12262515.7088921,upstream_primary_proxy_NOT_surveyed_customer_geography,293471,293471,R08,12.340011563546057,NOT_REQUIRED_FOR_SPLIT_PHASE,SOURCE_CUSTOMER_SERVICE_PATH,0.24,PRIMARY_PHASE_3,3,sx_293471c.1.2,transformer.t5293471c,25.0,line.tpx293471c0,156.0,5,3,6,27,0,1,UNVERIFIED,True,ENGINEERING_SCENARIO_NOT_FIELD_VERIFIED,PENDING
MV:196-29518,196-29518,MV_3PH,True,True,"1,2,3",1663726.13984694,12286335.8939383,original_DSS_layout_unknown_CRS,196-29518,196-29518,R04,10.67858674229983,True,True,12.47,MAJOR:m1047526,,,,0,,0,450,396.8626966596886,600,721.6878364870323,750,1,UNVERIFIED,True,ENGINEERING_SCENARIO_NOT_FIELD_VERIFIED,PENDING
MV:196-29519,196-29519,MV_3PH,True,True,"1,2,3",1669890.45191668,12282769.850799,original_DSS_layout_unknown_CRS,196-29519,196-29519,R05,7.788484863366894,True,True,12.47,MAJOR:m1047526,,,,0,,0,450,396.8626966596886,600,721.6878364870323,750,1,UNVERIFIED,True,ENGINEERING_SCENARIO_NOT_FIELD_VERIFIED,PENDING
MV:196-29520,196-29520,MV_3PH,True,True,"1,2,3",1669592.7300604,12281779.4461901,original_DSS_layout_unknown_CRS,196-29520,196-29520,R06,8.3810288540311,True,True,12.47,MAJOR:l2820531,,,,0,,0,450,396.8626966596886,600,721.6878364870323,750,1,UNVERIFIED,True,ENGINEERING_SCENARIO_NOT_FIELD_VERIFIED,PENDING
MV:196-31070,196-31070,MV_3PH,True,True,"1,2,3",1686023.26473171,12275638.5591444,original_DSS_layout_unknown_CRS,196-31070,196-31070,R07,2.1640165580885853,True,True,12.47,TRUNK_OR_MINOR_LATERAL,,,,0,,0,450,396.8626966596886,600,721.6878364870323,750,1,UNVERIFIED,True,ENGINEERING_SCENARIO_NOT_FIELD_VERIFIED,PENDING
MV:196-35813,196-35813,MV_3PH,True,True,"1,2,3",1669232.17146807,12281827.3038541,original_DSS_layout_unknown_CRS,196-35813,196-35813,R03,8.389621145377859,True,True,12.47,TRUNK_OR_MINOR_LATERAL,,,,0,,0,450,396.8626966596886,600,721.6878364870323,750,1,UNVERIFIED,True,ENGINEERING_SCENARIO_NOT_FIELD_VERIFIED,PENDING
MV:196-36167,196-36167,MV_3PH,True,True,"1,2,3",1681227.04533524,12270882.9966439,original_DSS_layout_unknown_CRS,196-36167,196-36167,R01,3.7103145436210343,True,True,12.47,MAJOR:l3081380,,,,0,,0,450,396.8626966596886,600,721.6878364870323,750,1,UNVERIFIED,True,ENGINEERING_SCENARIO_NOT_FIELD_VERIFIED,PENDING
MV:198-5320,198-5320,MV_3PH,True,True,"1,2,3",1691275.1436486,12273314.3986302,original_DSS_layout_unknown_CRS,198-5320,198-5320,R07,1.8090185760218842,True,True,12.47,TRUNK_OR_MINOR_LATERAL,,,,0,,0,450,396.8626966596886,600,721.6878364870323,750,1,UNVERIFIED,True,ENGINEERING_SCENARIO_NOT_FIELD_VERIFIED,PENDING
MV:221-242079,221-242079,MV_3PH,True,True,"1,2,3",1692572.33046581,12274487.2308873,original_DSS_layout_unknown_CRS,221-242079,221-242079,R07,1.3927822570147979,True,True,12.47,TRUNK_OR_MINOR_LATERAL,,,,0,,0,450,396.8626966596886,600,721.6878364870323,750,1,UNVERIFIED,True,ENGINEERING_SCENARIO_NOT_FIELD_VERIFIED,PENDING
MV:221-308718,221-308718,MV_3PH,True,True,"1,2,3",1679631.67381375,12279343.4280118,original_DSS_layout_unknown_CRS,221-308718,221-308718,R02,4.775037056236538,True,True,12.47,TRUNK_OR_MINOR_LATERAL,,,,0,,0,450,396.8626966596886,600,721.6878364870323,750,1,UNVERIFIED,True,ENGINEERING_SCENARIO_NOT_FIELD_VERIFIED,PENDING
MV:221-311359,221-311359,MV_3PH,True,True,"1,2,3",1691268.35248059,12273303.5851902,original_DSS_layout_unknown_CRS,221-311359,221-311359,R07,1.8123771282544707,True,True,12.47,TRUNK_OR_MINOR_LATERAL,,,,0,,0,450,396.8626966596886,600,721.6878364870323,750,1,UNVERIFIED,True,ENGINEERING_SCENARIO_NOT_FIELD_VERIFIED,PENDING
MV:221-311609,221-311609,MV_3PH,True,True,"1,2,3",1679280.25339743,12279559.274924,original_DSS_layout_unknown_CRS,221-311609,221-311609,R02,5.138342493942075,True,True,12.47,TRUNK_OR_MINOR_LATERAL,,,,0,,0,450,396.8626966596886,600,721.6878364870323,750,1,UNVERIFIED,True,ENGINEERING_SCENARIO_NOT_FIELD_VERIFIED,PENDING
MV:221-311905,221-311905,MV_3PH,True,True,"1,2,3",1679259.94952541,12279457.7596599,original_DSS_layout_unknown_CRS,221-311905,221-311905,R02,5.095621233950343,True,True,12.47,TRUNK_OR_MINOR_LATERAL,,,,0,,0,450,396.8626966596886,600,721.6878364870323,750,1,UNVERIFIED,True,ENGINEERING_SCENARIO_NOT_FIELD_VERIFIED,PENDING
MV:221-312488,221-312488,MV_3PH,True,True,"1,2,3",1678663.47771685,12279597.547948,original_DSS_layout_unknown_CRS,221-312488,221-312488,R02,5.502379793740078,True,True,12.47,TRUNK_OR_MINOR_LATERAL,,,,0,,0,450,396.8626966596886,600,721.6878364870323,750,1,UNVERIFIED,True,ENGINEERING_SCENARIO_NOT_FIELD_VERIFIED,PENDING
MV:226-23751,226-23751,MV_3PH,True,True,"1,2,3",1681744.61589572,12272155.9187571,original_DSS_layout_unknown_CRS,226-23751,226-23751,R01,3.3886229555174583,True,True,12.47,MAJOR:l3081380,,,,0,,0,450,396.8626966596886,600,721.6878364870323,750,1,UNVERIFIED,True,ENGINEERING_SCENARIO_NOT_FIELD_VERIFIED,PENDING
MV:293471,293471,MV_3PH,True,True,"1,2,3",1669719.14900452,12262515.7088921,original_DSS_layout_unknown_CRS,293471,293471,R08,12.340011563546057,True,True,12.47,MAJOR:l3081380,,,,0,,0,450,396.8626966596886,600,721.6878364870323,750,1,UNVERIFIED,True,ENGINEERING_SCENARIO_NOT_FIELD_VERIFIED,PENDING
MV:d5502543-2_int,d5502543-2_int,MV_3PH,True,True,"1,2,3",1664788.85114393,12285131.1216492,original_DSS_layout_unknown_CRS,d5502543-2_int,d5502543-2_int,R04,9.708461321626789,True,True,12.47,MAJOR:m1047526,,,,0,,0,450,396.8626966596886,600,721.6878364870323,750,1,UNVERIFIED,True,ENGINEERING_SCENARIO_NOT_FIELD_VERIFIED,PENDING
MV:d5534969-2_int,d5534969-2_int,MV_3PH,True,True,"1,2,3",1674554.09198502,12283958.4696161,original_DSS_layout_unknown_CRS,d5534969-2_int,d5534969-2_int,R02,6.010346853266021,True,True,12.47,TRUNK_OR_MINOR_LATERAL,,,,0,,0,450,396.8626966596886,600,721.6878364870323,750,1,UNVERIFIED,True,ENGINEERING_SCENARIO_NOT_FIELD_VERIFIED,PENDING
MV:d5534970-1_int,d5534970-1_int,MV_3PH,True,True,"1,2,3",1667533.41281049,12279354.2829878,original_DSS_layout_unknown_CRS,d5534970-1_int,d5534970-1_int,R03,10.164818715208357,True,True,12.47,TRUNK_OR_MINOR_LATERAL,,,,0,,0,450,396.8626966596886,600,721.6878364870323,750,1,UNVERIFIED,True,ENGINEERING_SCENARIO_NOT_FIELD_VERIFIED,PENDING
MV:d5535139-1_int,d5535139-1_int,MV_3PH,True,True,"1,2,3",1681616.7715436,12279601.578988,original_DSS_layout_unknown_CRS,d5535139-1_int,d5535139-1_int,R02,3.6600737690996294,True,True,12.47,TRUNK_OR_MINOR_LATERAL,,,,0,,0,450,396.8626966596886,600,721.6878364870323,750,1,UNVERIFIED,True,ENGINEERING_SCENARIO_NOT_FIELD_VERIFIED,PENDING
MV:d5563942-4_int,d5563942-4_int,MV_3PH,True,True,"1,2,3",1687041.43612465,12275414.3733521,original_DSS_layout_unknown_CRS,d5563942-4_int,d5563942-4_int,R07,1.899351369907808,True,True,12.47,TRUNK_OR_MINOR_LATERAL,,,,0,,0,450,396.8626966596886,600,721.6878364870323,750,1,UNVERIFIED,True,ENGINEERING_SCENARIO_NOT_FIELD_VERIFIED,PENDING
MV:d5587291-3_int,d5587291-3_int,MV_3PH,True,True,"1,2,3",1680506.51797457,12283209.2292954,original_DSS_layout_unknown_CRS,d5587291-3_int,d5587291-3_int,R02,4.487293507384372,True,True,12.47,TRUNK_OR_MINOR_LATERAL,,,,0,,0,450,396.8626966596886,600,721.6878364870323,750,1,UNVERIFIED,True,ENGINEERING_SCENARIO_NOT_FIELD_VERIFIED,PENDING
MV:d5682346-3_int,d5682346-3_int,MV_3PH,True,True,"1,2,3",1674728.38497719,12284208.4034403,original_DSS_layout_unknown_CRS,d5682346-3_int,d5682346-3_int,R03,6.086116146011805,True,True,12.47,TRUNK_OR_MINOR_LATERAL,,,,0,,0,450,396.8626966596886,600,721.6878364870323,750,1,UNVERIFIED,True,ENGINEERING_SCENARIO_NOT_FIELD_VERIFIED,PENDING
MV:d5686080-1_int,d5686080-1_int,MV_3PH,True,True,"1,2,3",1669719.14900452,12262516.7088921,original_DSS_layout_unknown_CRS,d5686080-1_int,d5686080-1_int,R08,12.28003916705041,True,True,12.47,MAJOR:l3081380,,,,0,,0,450,396.8626966596886,600,721.6878364870323,750,1,UNVERIFIED,True,ENGINEERING_SCENARIO_NOT_FIELD_VERIFIED,PENDING
MV:d5799561-2_int,d5799561-2_int,MV_3PH,True,True,"1,2,3",1685787.16719549,12275179.0704399,original_DSS_layout_unknown_CRS,d5799561-2_int,d5799561-2_int,R07,2.2043746312776618,True,True,12.47,MAJOR:l3081380,,,,0,,0,450,396.8626966596886,600,721.6878364870323,750,1,UNVERIFIED,True,ENGINEERING_SCENARIO_NOT_FIELD_VERIFIED,PENDING
MV:d5835167-6_int,d5835167-6_int,MV_3PH,True,True,"1,2,3",1663798.46291901,12277097.9440417,original_DSS_layout_unknown_CRS,d5835167-6_int,d5835167-6_int,R03,12.616165888200863,True,True,12.47,TRUNK_OR_MINOR_LATERAL,,,,0,,0,450,396.8626966596886,600,721.6878364870323,750,1,UNVERIFIED,True,ENGINEERING_SCENARIO_NOT_FIELD_VERIFIED,PENDING
MV:d5860423-3_int,d5860423-3_int,MV_3PH,True,True,"1,2,3",1671979.51841463,12283142.7102553,original_DSS_layout_unknown_CRS,d5860423-3_int,d5860423-3_int,R03,6.9812570438206345,True,True,12.47,TRUNK_OR_MINOR_LATERAL,,,,0,,0,450,396.8626966596886,600,721.6878364870323,750,1,UNVERIFIED,True,ENGINEERING_SCENARIO_NOT_FIELD_VERIFIED,PENDING
MV:d5861005-2_int,d5861005-2_int,MV_3PH,True,True,"1,2,3",1685969.20162766,12275678.2786324,original_DSS_layout_unknown_CRS,d5861005-2_int,d5861005-2_int,R07,2.1686150585939403,True,True,12.47,TRUNK_OR_MINOR_LATERAL,,,,0,,0,450,396.8626966596886,600,721.6878364870323,750,1,UNVERIFIED,True,ENGINEERING_SCENARIO_NOT_FIELD_VERIFIED,PENDING
MV:d5867591-1_int,d5867591-1_int,MV_3PH,True,True,"1,2,3",1681682.00034366,12279249.9414837,original_DSS_layout_unknown_CRS,d5867591-1_int,d5867591-1_int,R02,3.584402557000604,True,True,12.47,TRUNK_OR_MINOR_LATERAL,,,,0,,0,450,396.8626966596886,600,721.6878364870323,750,1,UNVERIFIED,True,ENGINEERING_SCENARIO_NOT_FIELD_VERIFIED,PENDING
MV:d5926308-3_int,d5926308-3_int,MV_3PH,True,True,"1,2,3",1671194.02849389,12264022.3119015,original_DSS_layout_unknown_CRS,d5926308-3_int,d5926308-3_int,R08,10.929074896799955,True,True,12.47,MAJOR:l3081380,,,,0,,0,450,396.8626966596886,600,721.6878364870323,750,1,UNVERIFIED,True,ENGINEERING_SCENARIO_NOT_FIELD_VERIFIED,PENDING
MV:d5956499-2_int,d5956499-2_int,MV_3PH,True,True,"1,2,3",1674009.03316852,12277236.0242978,original_DSS_layout_unknown_CRS,d5956499-2_int,d5956499-2_int,R06,10.79461095396438,True,True,12.47,MAJOR:l2820531,,,,0,,0,450,396.8626966596886,600,721.6878364870323,750,1,UNVERIFIED,True,ENGINEERING_SCENARIO_NOT_FIELD_VERIFIED,PENDING
MV:d5958866-1_int,d5958866-1_int,MV_3PH,True,True,"1,2,3",1682204.12975215,12272443.7493494,original_DSS_layout_unknown_CRS,d5958866-1_int,d5958866-1_int,R01,3.2635561238061683,True,True,12.47,MAJOR:l3081380,,,,0,,0,450,396.8626966596886,600,721.6878364870323,750,1,UNVERIFIED,True,ENGINEERING_SCENARIO_NOT_FIELD_VERIFIED,PENDING
MV:d6023352-1_int,d6023352-1_int,MV_3PH,True,True,"1,2,3",1687680.33020525,12275450.1109522,original_DSS_layout_unknown_CRS,d6023352-1_int,d6023352-1_int,R07,1.7558170647575422,True,True,12.47,TRUNK_OR_MINOR_LATERAL,,,,0,,0,450,396.8626966596886,600,721.6878364870323,750,1,UNVERIFIED,True,ENGINEERING_SCENARIO_NOT_FIELD_VERIFIED,PENDING
MV:d6049825-1_int,d6049825-1_int,MV_3PH,True,True,"1,2,3",1670349.38823711,12263211.1810208,original_DSS_layout_unknown_CRS,d6049825-1_int,d6049825-1_int,R08,11.682042363469874,True,True,12.47,MAJOR:l3081380,,,,0,,0,450,396.8626966596886,600,721.6878364870323,750,1,UNVERIFIED,True,ENGINEERING_SCENARIO_NOT_FIELD_VERIFIED,PENDING
MV:d6108141-1_int,d6108141-1_int,MV_3PH,True,True,"1,2,3",1670440.92154919,12282422.1501267,original_DSS_layout_unknown_CRS,d6108141-1_int,d6108141-1_int,R03,7.59585110795979,True,True,12.47,TRUNK_OR_MINOR_LATERAL,,,,0,,0,450,396.8626966596886,600,721.6878364870323,750,1,UNVERIFIED,True,ENGINEERING_SCENARIO_NOT_FIELD_VERIFIED,PENDING
MV:d6138608-3_int,d6138608-3_int,MV_3PH,True,True,"1,2,3",1677199.84174749,12269022.5981142,original_DSS_layout_unknown_CRS,d6138608-3_int,d6138608-3_int,R01,6.543138324915371,True,True,12.47,MAJOR:l3081380,,,,0,,0,450,396.8626966596886,600,721.6878364870323,750,1,UNVERIFIED,True,ENGINEERING_SCENARIO_NOT_FIELD_VERIFIED,PENDING
MV:d6198039-1_int,d6198039-1_int,MV_3PH,True,True,"1,2,3",1682519.83304844,12277880.3742504,original_DSS_layout_unknown_CRS,d6198039-1_int,d6198039-1_int,R02,3.1533668892187334,True,True,12.47,TRUNK_OR_MINOR_LATERAL,,,,0,,0,450,396.8626966596886,600,721.6878364870323,750,1,UNVERIFIED,True,ENGINEERING_SCENARIO_NOT_FIELD_VERIFIED,PENDING
MV:d6290228-6_int,d6290228-6_int,MV_3PH,True,True,"1,2,3",1673069.33294364,12284209.7264483,original_DSS_layout_unknown_CRS,d6290228-6_int,d6290228-6_int,R03,6.481514254051978,True,True,12.47,TRUNK_OR_MINOR_LATERAL,,,,0,,0,450,396.8626966596886,600,721.6878364870323,750,1,UNVERIFIED,True,ENGINEERING_SCENARIO_NOT_FIELD_VERIFIED,PENDING
MV:d6413567-3_int,d6413567-3_int,MV_3PH,True,True,"1,2,3",1675034.79854547,12267900.4579531,original_DSS_layout_unknown_CRS,d6413567-3_int,d6413567-3_int,R01,7.802789455538585,True,True,12.47,MAJOR:l3081380,,,,0,,0,450,396.8626966596886,600,721.6878364870323,750,1,UNVERIFIED,True,ENGINEERING_SCENARIO_NOT_FIELD_VERIFIED,PENDING
MV:e182724,e182724,MV_3PH,True,True,"1,2,3",1675034.79854547,12267899.4579531,original_DSS_layout_unknown_CRS,e182724,e182724,R01,7.804203669100958,True,True,12.47,MAJOR:l3081380,,,,0,,0,450,396.8626966596886,600,721.6878364870323,750,1,UNVERIFIED,True,ENGINEERING_SCENARIO_NOT_FIELD_VERIFIED,PENDING
MV:e182729,e182729,MV_3PH,True,True,"1,2,3",1674554.09198502,12283957.4696161,original_DSS_layout_unknown_CRS,e182729,e182729,R02,6.011761066828393,True,True,12.47,TRUNK_OR_MINOR_LATERAL,,,,0,,0,450,396.8626966596886,600,721.6878364870323,750,1,UNVERIFIED,True,ENGINEERING_SCENARIO_NOT_FIELD_VERIFIED,PENDING
MV:e182732,e182732,MV_3PH,True,True,"1,2,3",1667533.41281049,12279353.2829878,original_DSS_layout_unknown_CRS,e182732,e182732,R03,10.16623292877073,True,True,12.47,TRUNK_OR_MINOR_LATERAL,,,,0,,0,450,396.8626966596886,600,721.6878364870323,750,1,UNVERIFIED,True,ENGINEERING_SCENARIO_NOT_FIELD_VERIFIED,PENDING
MV:e182733,e182733,MV_3PH,True,True,"1,2,3",1662211.05811753,12281038.9385414,original_DSS_layout_unknown_CRS,e182733,e182733,R04,13.353642250903814,True,True,12.47,MAJOR:m1047526,,,,0,,0,450,396.8626966596886,600,721.6878364870323,750,1,UNVERIFIED,True,ENGINEERING_SCENARIO_NOT_FIELD_VERIFIED,PENDING
MV:e182746,e182746,MV_3PH,True,True,"1,2,3",1675618.33928202,12286817.0019068,original_DSS_layout_unknown_CRS,e182746,e182746,R03,6.737183426979956,True,True,12.47,TRUNK_OR_MINOR_LATERAL,,,,0,,0,450,396.8626966596886,600,721.6878364870323,750,1,UNVERIFIED,True,ENGINEERING_SCENARIO_NOT_FIELD_VERIFIED,PENDING
MV:e182748,e182748,MV_3PH,True,True,"1,2,3",1670349.38823711,12263210.1810208,original_DSS_layout_unknown_CRS,e182748,e182748,R08,11.683456577032247,True,True,12.47,MAJOR:l3081380,,,,0,,0,450,396.8626966596886,600,721.6878364870323,750,1,UNVERIFIED,True,ENGINEERING_SCENARIO_NOT_FIELD_VERIFIED,PENDING
MV:e183472,e183472,MV_3PH,True,True,"1,2,3",1681682.00034366,12279248.9414837,original_DSS_layout_unknown_CRS,e183472,e183472,R02,3.5858167705629773,True,True,12.47,TRUNK_OR_MINOR_LATERAL,,,,0,,0,450,396.8626966596886,600,721.6878364870323,750,1,UNVERIFIED,True,ENGINEERING_SCENARIO_NOT_FIELD_VERIFIED,PENDING
MV:e183473,e183473,MV_3PH,True,True,"1,2,3",1681616.7715436,12279600.578988,original_DSS_layout_unknown_CRS,e183473,e183473,R02,3.6614879826620026,True,True,12.47,TRUNK_OR_MINOR_LATERAL,,,,0,,0,450,396.8626966596886,600,721.6878364870323,750,1,UNVERIFIED,True,ENGINEERING_SCENARIO_NOT_FIELD_VERIFIED,PENDING
MV:e183493,e183493,MV_3PH,True,True,"1,2,3",1682204.12975215,12272442.7493494,original_DSS_layout_unknown_CRS,e183493,e183493,R01,3.2649703373685415,True,True,12.47,MAJOR:l3081380,,,,0,,0,450,396.8626966596886,600,721.6878364870323,750,1,UNVERIFIED,True,ENGINEERING_SCENARIO_NOT_FIELD_VERIFIED,PENDING
MV:e184626,e184626,MV_3PH,True,True,"1,2,3",1687680.33020525,12275449.1109522,original_DSS_layout_unknown_CRS,e184626,e184626,R07,1.7572312783199153,True,True,12.47,TRUNK_OR_MINOR_LATERAL,,,,0,,0,450,396.8626966596886,600,721.6878364870323,750,1,UNVERIFIED,True,ENGINEERING_SCENARIO_NOT_FIELD_VERIFIED,PENDING
MV:e192258,e192258,MV_3PH,True,True,"1,2,3",1693643.1682268,12274381.6441992,original_DSS_layout_unknown_CRS,e192258,e192258,R07,1.6346783177936635,True,True,12.47,TRUNK_OR_MINOR_LATERAL,,,,0,,0,450,396.8626966596886,600,721.6878364870323,750,1,UNVERIFIED,True,ENGINEERING_SCENARIO_NOT_FIELD_VERIFIED,PENDING
MV:e193509,e193509,MV_3PH,True,True,"1,2,3",1685787.16719549,12275178.0704399,original_DSS_layout_unknown_CRS,e193509,e193509,R07,2.205788844840035,True,True,12.47,MAJOR:l3081380,,,,0,,0,450,396.8626966596886,600,721.6878364870323,750,1,UNVERIFIED,True,ENGINEERING_SCENARIO_NOT_FIELD_VERIFIED,PENDING
MV:e203026,e203026,MV_3PH,True,True,"1,2,3",1662334.47059764,12275527.7746322,original_DSS_layout_unknown_CRS,e203026,e203026,R03,14.000190112261656,True,True,12.47,TRUNK_OR_MINOR_LATERAL,,,,0,,0,450,396.8626966596886,600,721.6878364870323,750,1,UNVERIFIED,True,ENGINEERING_SCENARIO_NOT_FIELD_VERIFIED,PENDING
MV:e206209,e206209,MV_3PH,True,True,"1,2,3",1670440.92154919,12282421.1501267,original_DSS_layout_unknown_CRS,e206209,e206209,R03,7.597265321522163,True,True,12.47,TRUNK_OR_MINOR_LATERAL,,,,0,,0,450,396.8626966596886,600,721.6878364870323,750,1,UNVERIFIED,True,ENGINEERING_SCENARIO_NOT_FIELD_VERIFIED,PENDING
MV:e206211,e206211,MV_3PH,True,True,"1,2,3",1674728.38497719,12284207.4034403,original_DSS_layout_unknown_CRS,e206211,e206211,R03,6.087530359574178,True,True,12.47,TRUNK_OR_MINOR_LATERAL,,,,0,,0,450,396.8626966596886,600,721.6878364870323,750,1,UNVERIFIED,True,ENGINEERING_SCENARIO_NOT_FIELD_VERIFIED,PENDING
MV:e206217,e206217,MV_3PH,True,True,"1,2,3",1682519.83304844,12277879.3742504,original_DSS_layout_unknown_CRS,e206217,e206217,R02,3.1547811027811066,True,True,12.47,TRUNK_OR_MINOR_LATERAL,,,,0,,0,450,396.8626966596886,600,721.6878364870323,750,1,UNVERIFIED,True,ENGINEERING_SCENARIO_NOT_FIELD_VERIFIED,PENDING
MV:f739845,f739845,MV_3PH,True,True,"1,2,3",1669719.14900452,12262514.7088921,original_DSS_layout_unknown_CRS,f739845,f739845,R08,12.281453380612783,True,True,12.47,MAJOR:l3081380,,,,0,,0,450,396.8626966596886,600,721.6878364870323,750,1,UNVERIFIED,True,ENGINEERING_SCENARIO_NOT_FIELD_VERIFIED,PENDING
MV:l2673308,l2673308,MV_3PH,True,True,"1,2,3",1673143.28212771,12279476.6995639,original_DSS_layout_unknown_CRS,l2673308,l2673308,R06,9.919370837031229,True,True,12.47,MAJOR:l2820531,,,,0,,0,450,396.8626966596886,600,721.6878364870323,750,1,UNVERIFIED,True,ENGINEERING_SCENARIO_NOT_FIELD_VERIFIED,PENDING
MV:l2673313,l2673313,MV_3PH,True,True,"1,2,3",1664911.34202404,12291753.5297834,original_DSS_layout_unknown_CRS,l2673313,l2673313,R04,13.47714059893943,True,True,12.47,MAJOR:m1047526,,,,0,,0,450,396.8626966596886,600,721.6878364870323,750,1,UNVERIFIED,True,ENGINEERING_SCENARIO_NOT_FIELD_VERIFIED,PENDING
MV:l2673319,l2673319,MV_3PH,True,True,"1,2,3",1663309.19981455,12276624.3106973,original_DSS_layout_unknown_CRS,l2673319,l2673319,R03,13.15624439497676,True,True,12.47,TRUNK_OR_MINOR_LATERAL,,,,0,,0,450,396.8626966596886,600,721.6878364870323,750,1,UNVERIFIED,True,ENGINEERING_SCENARIO_NOT_FIELD_VERIFIED,PENDING
MV:l2673346,l2673346,MV_3PH,True,True,"1,2,3",1670200.46996497,12263062.3399966,original_DSS_layout_unknown_CRS,l2673346,l2673346,R08,11.806422552544294,True,True,12.47,MAJOR:l3081380,,,,0,,0,450,396.8626966596886,600,721.6878364870323,750,1,UNVERIFIED,True,ENGINEERING_SCENARIO_NOT_FIELD_VERIFIED,PENDING
MV:l2674027,l2674027,MV_3PH,True,True,"1,2,3",1680654.82184671,12282665.0587349,original_DSS_layout_unknown_CRS,l2674027,l2674027,R02,4.400276848667025,True,True,12.47,TRUNK_OR_MINOR_LATERAL,,,,0,,0,450,396.8626966596886,600,721.6878364870323,750,1,UNVERIFIED,True,ENGINEERING_SCENARIO_NOT_FIELD_VERIFIED,PENDING
MV:l2674047,l2674047,MV_3PH,True,True,"1,2,3",1684897.52009066,12274658.9679754,original_DSS_layout_unknown_CRS,l2674047,l2674047,R07,2.4554383491548517,True,True,12.47,MAJOR:l3081380,,,,0,,0,450,396.8626966596886,600,721.6878364870323,750,1,UNVERIFIED,True,ENGINEERING_SCENARIO_NOT_FIELD_VERIFIED,PENDING
MV:l2688692,l2688692,MV_3PH,True,True,"1,2,3",1679300.36885344,12270099.6038752,original_DSS_layout_unknown_CRS,l2688692,l2688692,R01,4.979223195389352,True,True,12.47,MAJOR:l3081380,,,,0,,0,450,396.8626966596886,600,721.6878364870323,750,1,UNVERIFIED,True,ENGINEERING_SCENARIO_NOT_FIELD_VERIFIED,PENDING
MV:l2688693,l2688693,MV_3PH,True,True,"1,2,3",1679428.32789356,12270111.8058592,original_DSS_layout_unknown_CRS,l2688693,l2688693,R01,4.903899887231937,True,True,12.47,MAJOR:l3081380,,,,0,,0,450,396.8626966596886,600,721.6878364870323,750,1,UNVERIFIED,True,ENGINEERING_SCENARIO_NOT_FIELD_VERIFIED,PENDING
MV:l2689691,l2689691,MV_3PH,True,True,"1,2,3",1662702.32826199,12281241.0392776,original_DSS_layout_unknown_CRS,l2689691,l2689691,R04,13.034973493465914,True,True,12.47,MAJOR:m1047526,,,,0,,0,450,396.8626966596886,600,721.6878364870323,750,1,UNVERIFIED,True,ENGINEERING_SCENARIO_NOT_FIELD_VERIFIED,PENDING
MV:l2691952,l2691952,MV_3PH,True,True,"1,2,3",1663798.46291901,12277096.9440417,original_DSS_layout_unknown_CRS,l2691952,l2691952,R03,12.766007255733584,True,True,12.47,TRUNK_OR_MINOR_LATERAL,,,,0,,0,450,396.8626966596886,600,721.6878364870323,750,1,UNVERIFIED,True,ENGINEERING_SCENARIO_NOT_FIELD_VERIFIED,PENDING
MV:l2691954,l2691954,MV_3PH,True,True,"1,2,3",1668463.13108335,12261521.4288912,original_DSS_layout_unknown_CRS,l2691954,l2691954,R08,13.169781712102855,True,True,12.47,MAJOR:l3081380,,,,0,,0,450,396.8626966596886,600,721.6878364870323,750,1,UNVERIFIED,True,ENGINEERING_SCENARIO_NOT_FIELD_VERIFIED,PENDING
MV:l2691967,l2691967,MV_3PH,True,True,"1,2,3",1672969.05057555,12284112.0895202,original_DSS_layout_unknown_CRS,l2691967,l2691967,R03,6.535708793929302,True,True,12.47,TRUNK_OR_MINOR_LATERAL,,,,0,,0,450,396.8626966596886,600,721.6878364870323,750,1,UNVERIFIED,True,ENGINEERING_SCENARIO_NOT_FIELD_VERIFIED,PENDING
MV:l2692633,l2692633,MV_3PH,True,True,"1,2,3",1680603.55221466,12282881.7862871,original_DSS_layout_unknown_CRS,l2692633,l2692633,R02,4.451108733520525,True,True,12.47,TRUNK_OR_MINOR_LATERAL,,,,0,,0,450,396.8626966596886,600,721.6878364870323,750,1,UNVERIFIED,True,ENGINEERING_SCENARIO_NOT_FIELD_VERIFIED,PENDING
MV:l2692655,l2692655,MV_3PH,True,True,"1,2,3",1684774.16905054,12274502.0543113,original_DSS_layout_unknown_CRS,l2692655,l2692655,R07,2.5010053200765108,True,True,12.47,MAJOR:l3081380,,,,0,,0,450,396.8626966596886,600,721.6878364870323,750,1,UNVERIFIED,True,ENGINEERING_SCENARIO_NOT_FIELD_VERIFIED,PENDING
MV:l2711226,l2711226,MV_3PH,True,True,"1,2,3",1684660.78357844,12274361.0249352,original_DSS_layout_unknown_CRS,l2711226,l2711226,R07,2.5442236071725524,True,True,12.47,MAJOR:l3081380,,,,0,,0,450,396.8626966596886,600,721.6878364870323,750,1,UNVERIFIED,True,ENGINEERING_SCENARIO_NOT_FIELD_VERIFIED,PENDING
MV:l2726973,l2726973,MV_3PH,True,True,"1,2,3",1670468.38113322,12280560.0506049,original_DSS_layout_unknown_CRS,l2726973,l2726973,R06,8.89210715350254,True,True,12.47,MAJOR:l2820531,,,,0,,0,450,396.8626966596886,600,721.6878364870323,750,1,UNVERIFIED,True,ENGINEERING_SCENARIO_NOT_FIELD_VERIFIED,PENDING
MV:l2728247,l2728247,MV_3PH,True,True,"1,2,3",1678903.34357307,12279275.3197237,original_DSS_layout_unknown_CRS,l2728247,l2728247,R02,5.428287812543354,True,True,12.47,TRUNK_OR_MINOR_LATERAL,,,,0,,0,450,396.8626966596886,600,721.6878364870323,750,1,UNVERIFIED,True,ENGINEERING_SCENARIO_NOT_FIELD_VERIFIED,PENDING
MV:l2729414,l2729414,MV_3PH,True,True,"1,2,3",1666900.0114659,12278019.0683306,original_DSS_layout_unknown_CRS,l2729414,l2729414,R03,11.040839965230083,True,True,12.47,TRUNK_OR_MINOR_LATERAL,,,,0,,0,450,396.8626966596886,600,721.6878364870323,750,1,UNVERIFIED,True,ENGINEERING_SCENARIO_NOT_FIELD_VERIFIED,PENDING
MV:l2730106,l2730106,MV_3PH,True,True,"1,2,3",1681252.82146326,12280907.3791173,original_DSS_layout_unknown_CRS,l2730106,l2730106,R02,3.9714396904082516,True,True,12.47,TRUNK_OR_MINOR_LATERAL,,,,0,,0,450,396.8626966596886,600,721.6878364870323,750,1,UNVERIFIED,True,ENGINEERING_SCENARIO_NOT_FIELD_VERIFIED,PENDING
MV:l2730149,l2730149,MV_3PH,True,True,"1,2,3",1681765.89051974,12279249.3101237,original_DSS_layout_unknown_CRS,l2730149,l2730149,R02,3.6204491380258843,True,True,12.47,TRUNK_OR_MINOR_LATERAL,,,,0,,0,450,396.8626966596886,600,721.6878364870323,750,1,UNVERIFIED,True,ENGINEERING_SCENARIO_NOT_FIELD_VERIFIED,PENDING
MV:l2730163,l2730163,MV_3PH,True,True,"1,2,3",1683710.26991355,12273327.1208062,original_DSS_layout_unknown_CRS,l2730163,l2730163,R07,2.864824420107514,True,True,12.47,MAJOR:l3081380,,,,0,,0,450,396.8626966596886,600,721.6878364870323,750,1,UNVERIFIED,True,ENGINEERING_SCENARIO_NOT_FIELD_VERIFIED,PENDING
MV:l2745848,l2745848,MV_3PH,True,True,"1,2,3",1673008.00353558,12279608.4392121,original_DSS_layout_unknown_CRS,l2745848,l2745848,R06,9.856455759280879,True,True,12.47,MAJOR:l2820531,,,,0,,0,450,396.8626966596886,600,721.6878364870323,750,1,UNVERIFIED,True,ENGINEERING_SCENARIO_NOT_FIELD_VERIFIED,PENDING
MV:l2748144,l2748144,MV_3PH,True,True,"1,2,3",1675263.35124968,12285129.8308332,original_DSS_layout_unknown_CRS,l2748144,l2748144,R03,6.33545603415553,True,True,12.47,TRUNK_OR_MINOR_LATERAL,,,,0,,0,450,396.8626966596886,600,721.6878364870323,750,1,UNVERIFIED,True,ENGINEERING_SCENARIO_NOT_FIELD_VERIFIED,PENDING
MV:l2763153,l2763153,MV_3PH,True,True,"1,2,3",1668869.35597973,12261838.0414995,original_DSS_layout_unknown_CRS,l2763153,l2763153,R08,12.867945310527144,True,True,12.47,MAJOR:l3081380,,,,0,,0,450,396.8626966596886,600,721.6878364870323,750,1,UNVERIFIED,True,ENGINEERING_SCENARIO_NOT_FIELD_VERIFIED,PENDING
MV:l2766718,l2766718,MV_3PH,True,True,"1,2,3",1674340.44872083,12267337.6383046,original_DSS_layout_unknown_CRS,l2766718,l2766718,R08,8.328042786885273,True,True,12.47,MAJOR:l3081380,,,,0,,0,450,396.8626966596886,600,721.6878364870323,750,1,UNVERIFIED,True,ENGINEERING_SCENARIO_NOT_FIELD_VERIFIED,PENDING
MV:l2766738,l2766738,MV_3PH,True,True,"1,2,3",1674181.85160068,12284222.0097763,original_DSS_layout_unknown_CRS,l2766738,l2766738,R03,6.118139185474977,True,True,12.47,TRUNK_OR_MINOR_LATERAL,,,,0,,0,450,396.8626966596886,600,721.6878364870323,750,1,UNVERIFIED,True,ENGINEERING_SCENARIO_NOT_FIELD_VERIFIED,PENDING
MV:l2766741,l2766741,MV_3PH,True,True,"1,2,3",1673829.86184035,12274652.9919114,original_DSS_layout_unknown_CRS,l2766741,l2766741,R06,11.724281221714206,True,True,12.47,MAJOR:l2820531,,,,0,,0,450,396.8626966596886,600,721.6878364870323,750,1,UNVERIFIED,True,ENGINEERING_SCENARIO_NOT_FIELD_VERIFIED,PENDING
MV:l2766749,l2766749,MV_3PH,True,True,"1,2,3",1674082.99054459,12277507.6417701,original_DSS_layout_unknown_CRS,l2766749,l2766749,R06,10.750077490675693,True,True,12.47,MAJOR:l2820531,,,,0,,0,450,396.8626966596886,600,721.6878364870323,750,1,UNVERIFIED,True,ENGINEERING_SCENARIO_NOT_FIELD_VERIFIED,PENDING
MV:l2767340,l2767340,MV_3PH,True,True,"1,2,3",1681592.51093558,12278552.9696431,original_DSS_layout_unknown_CRS,l2767340,l2767340,R02,3.552252951571483,True,True,12.47,TRUNK_OR_MINOR_LATERAL,,,,0,,0,450,396.8626966596886,600,721.6878364870323,750,1,UNVERIFIED,True,ENGINEERING_SCENARIO_NOT_FIELD_VERIFIED,PENDING
MV:l2767341,l2767341,MV_3PH,True,True,"1,2,3",1682254.8177522,12277926.4290985,original_DSS_layout_unknown_CRS,l2767341,l2767341,R02,3.216223451717589,True,True,12.47,TRUNK_OR_MINOR_LATERAL,,,,0,,0,450,396.8626966596886,600,721.6878364870323,750,1,UNVERIFIED,True,ENGINEERING_SCENARIO_NOT_FIELD_VERIFIED,PENDING
MV:l2786266,l2786266,MV_3PH,True,True,"1,2,3",1688275.9582378,12275362.9515921,original_DSS_layout_unknown_CRS,l2786266,l2786266,R07,1.6177652251789991,True,True,12.47,TRUNK_OR_MINOR_LATERAL,,,,0,,0,450,396.8626966596886,600,721.6878364870323,750,1,UNVERIFIED,True,ENGINEERING_SCENARIO_NOT_FIELD_VERIFIED,PENDING
MV:l2803199,l2803199,MV_3PH,True,True,"1,2,3",1679631.80898175,12279453.9176119,original_DSS_layout_unknown_CRS,l2803199,l2803199,R02,4.804098208922911,True,True,12.47,TRUNK_OR_MINOR_LATERAL,,,,0,,0,450,396.8626966596886,600,721.6878364870323,750,1,UNVERIFIED,True,ENGINEERING_SCENARIO_NOT_FIELD_VERIFIED,PENDING
MV:l2804249,l2804249,MV_3PH,True,True,"1,2,3",1679930.25583003,12270197.5842913,original_DSS_layout_unknown_CRS,l2804249,l2804249,R01,4.603917726516275,True,True,12.47,MAJOR:l3081380,,,,0,,0,450,396.8626966596886,600,721.6878364870323,750,1,UNVERIFIED,True,ENGINEERING_SCENARIO_NOT_FIELD_VERIFIED,PENDING
MV:l2804256,l2804256,MV_3PH,True,True,"1,2,3",1664557.15680771,12289003.6597008,original_DSS_layout_unknown_CRS,l2804256,l2804256,R04,12.198922690513387,True,True,12.47,MAJOR:m1047526,,,,0,,0,450,396.8626966596886,600,721.6878364870323,750,1,UNVERIFIED,True,ENGINEERING_SCENARIO_NOT_FIELD_VERIFIED,PENDING
MV:l2814529,l2814529,MV_3PH,True,True,"1,2,3",1665706.94087278,12278603.6330671,original_DSS_layout_unknown_CRS,l2814529,l2814529,R03,11.96245056788623,True,True,12.47,TRUNK_OR_MINOR_LATERAL,,,,0,,0,450,396.8626966596886,600,721.6878364870323,750,1,UNVERIFIED,True,ENGINEERING_SCENARIO_NOT_FIELD_VERIFIED,PENDING
MV:l2820531,l2820531,MV_3PH,True,True,"1,2,3",1669502.31905232,12281883.2593102,original_DSS_layout_unknown_CRS,l2820531,l2820531,R06,8.335160796053977,True,True,12.47,MAJOR:l2820531,,,,0,,0,450,396.8626966596886,600,721.6878364870323,750,1,UNVERIFIED,True,ENGINEERING_SCENARIO_NOT_FIELD_VERIFIED,PENDING
MV:l2822866,l2822866,MV_3PH,True,True,"1,2,3",1670299.17946906,12284684.8086248,original_DSS_layout_unknown_CRS,l2822866,l2822866,R05,9.034159120811273,True,True,12.47,MAJOR:m1047526,,,,0,,0,450,396.8626966596886,600,721.6878364870323,750,1,UNVERIFIED,True,ENGINEERING_SCENARIO_NOT_FIELD_VERIFIED,PENDING
MV:l2822869,l2822869,MV_3PH,True,True,"1,2,3",1668726.1434356,12281507.6888778,original_DSS_layout_unknown_CRS,l2822869,l2822869,R03,8.740127408595312,True,True,12.47,TRUNK_OR_MINOR_LATERAL,,,,0,,0,450,396.8626966596886,600,721.6878364870323,750,1,UNVERIFIED,True,ENGINEERING_SCENARIO_NOT_FIELD_VERIFIED,PENDING
MV:l2822871,l2822871,MV_3PH,True,True,"1,2,3",1665333.16039244,12284492.3416806,original_DSS_layout_unknown_CRS,l2822871,l2822871,R04,9.54300774023163,True,True,12.47,MAJOR:m1047526,,,,0,,0,450,396.8626966596886,600,721.6878364870323,750,1,UNVERIFIED,True,ENGINEERING_SCENARIO_NOT_FIELD_VERIFIED,PENDING
MV:l2822872,l2822872,MV_3PH,True,True,"1,2,3",1670240.48378901,12281029.3088454,original_DSS_layout_unknown_CRS,l2822872,l2822872,R06,8.711436046384271,True,True,12.47,MAJOR:l2820531,,,,0,,0,450,396.8626966596886,600,721.6878364870323,750,1,UNVERIFIED,True,ENGINEERING_SCENARIO_NOT_FIELD_VERIFIED,PENDING
MV:l2822877,l2822877,MV_3PH,True,True,"1,2,3",1673774.5289763,12274330.1083271,original_DSS_layout_unknown_CRS,l2822877,l2822877,R06,11.833451605490355,True,True,12.47,MAJOR:l2820531,,,,0,,0,450,396.8626966596886,600,721.6878364870323,750,1,UNVERIFIED,True,ENGINEERING_SCENARIO_NOT_FIELD_VERIFIED,PENDING
MV:l2841621,l2841621,MV_3PH,True,True,"1,2,3",1669900.97044469,12286402.7898104,original_DSS_layout_unknown_CRS,l2841621,l2841621,R05,10.15160278185529,True,True,12.47,MAJOR:m1047526,,,,0,,0,450,396.8626966596886,600,721.6878364870323,750,1,UNVERIFIED,True,ENGINEERING_SCENARIO_NOT_FIELD_VERIFIED,PENDING
MV:l2841632,l2841632,MV_3PH,True,True,"1,2,3",1672089.61070273,12283254.8499674,original_DSS_layout_unknown_CRS,l2841632,l2841632,R03,6.9450153540755775,True,True,12.47,TRUNK_OR_MINOR_LATERAL,,,,0,,0,450,396.8626966596886,600,721.6878364870323,750,1,UNVERIFIED,True,ENGINEERING_SCENARIO_NOT_FIELD_VERIFIED,PENDING
MV:l2841633,l2841633,MV_3PH,True,True,"1,2,3",1667692.41133863,12279664.6486201,original_DSS_layout_unknown_CRS,l2841633,l2841633,R03,9.960091834204746,True,True,12.47,TRUNK_OR_MINOR_LATERAL,,,,0,,0,450,396.8626966596886,600,721.6878364870323,750,1,UNVERIFIED,True,ENGINEERING_SCENARIO_NOT_FIELD_VERIFIED,PENDING
MV:l2841635,l2841635,MV_3PH,True,True,"1,2,3",1668890.13089175,12281613.3902539,original_DSS_layout_unknown_CRS,l2841635,l2841635,R03,8.625879408116777,True,True,12.47,TRUNK_OR_MINOR_LATERAL,,,,0,,0,450,396.8626966596886,600,721.6878364870323,750,1,UNVERIFIED,True,ENGINEERING_SCENARIO_NOT_FIELD_VERIFIED,PENDING
MV:l2842383,l2842383,MV_3PH,True,True,"1,2,3",1687854.07842941,12275449.4714002,original_DSS_layout_unknown_CRS,l2842383,l2842383,R07,1.7161601169916982,True,True,12.47,TRUNK_OR_MINOR_LATERAL,,,,0,,0,450,396.8626966596886,600,721.6878364870323,750,1,UNVERIFIED,True,ENGINEERING_SCENARIO_NOT_FIELD_VERIFIED,PENDING
MV:l2842384,l2842384,MV_3PH,True,True,"1,2,3",1687518.7307171,12275440.5585042,original_DSS_layout_unknown_CRS,l2842384,l2842384,R07,1.7941669088793049,True,True,12.47,TRUNK_OR_MINOR_LATERAL,,,,0,,0,450,396.8626966596886,600,721.6878364870323,750,1,UNVERIFIED,True,ENGINEERING_SCENARIO_NOT_FIELD_VERIFIED,PENDING
MV:l2851933,l2851933,MV_3PH,True,True,"1,2,3",1665852.21780092,12278449.914283,original_DSS_layout_unknown_CRS,l2851933,l2851933,R03,11.773832661259434,True,True,12.47,TRUNK_OR_MINOR_LATERAL,,,,0,,0,450,396.8626966596886,600,721.6878364870323,750,1,UNVERIFIED,True,ENGINEERING_SCENARIO_NOT_FIELD_VERIFIED,PENDING
MV:l2858166,l2858166,MV_3PH,True,True,"1,2,3",1670253.61966102,12282586.8619988,original_DSS_layout_unknown_CRS,l2858166,l2858166,R05,7.652908798239668,True,True,12.47,MAJOR:m1047526,,,,0,,0,450,396.8626966596886,600,721.6878364870323,750,1,UNVERIFIED,True,ENGINEERING_SCENARIO_NOT_FIELD_VERIFIED,PENDING
MV:l2859403,l2859403,MV_3PH,True,True,"1,2,3",1681580.12463157,12279757.8080442,original_DSS_layout_unknown_CRS,l2859403,l2859403,R02,3.6983363521064985,True,True,12.47,TRUNK_OR_MINOR_LATERAL,,,,0,,0,450,396.8626966596886,600,721.6878364870323,750,1,UNVERIFIED,True,ENGINEERING_SCENARIO_NOT_FIELD_VERIFIED,PENDING
MV:l2860490,l2860490,MV_3PH,True,True,"1,2,3",1672218.17185485,12264992.4202544,original_DSS_layout_unknown_CRS,l2860490,l2860490,R08,10.178202024445302,True,True,12.47,MAJOR:l3081380,,,,0,,0,450,396.8626966596886,600,721.6878364870323,750,1,UNVERIFIED,True,ENGINEERING_SCENARIO_NOT_FIELD_VERIFIED,PENDING
MV:l2860491,l2860491,MV_3PH,True,True,"1,2,3",1671346.44065404,12264185.5287337,original_DSS_layout_unknown_CRS,l2860491,l2860491,R08,10.86309270628168,True,True,12.47,MAJOR:l3081380,,,,0,,0,450,396.8626966596886,600,721.6878364870323,750,1,UNVERIFIED,True,ENGINEERING_SCENARIO_NOT_FIELD_VERIFIED,PENDING
MV:l2861218,l2861218,MV_3PH,True,True,"1,2,3",1682656.66812057,12272704.4100216,original_DSS_layout_unknown_CRS,l2861218,l2861218,R01,3.1442392680601685,True,True,12.47,MAJOR:l3081380,,,,0,,0,450,396.8626966596886,600,721.6878364870323,750,1,UNVERIFIED,True,ENGINEERING_SCENARIO_NOT_FIELD_VERIFIED,PENDING
MV:l2876797,l2876797,MV_3PH,True,True,"1,2,3",1670275.23015704,12288092.352948,original_DSS_layout_unknown_CRS,l2876797,l2876797,R05,11.221794425441301,True,True,12.47,MAJOR:m1047526,,,,0,,0,450,396.8626966596886,600,721.6878364870323,750,1,UNVERIFIED,True,ENGINEERING_SCENARIO_NOT_FIELD_VERIFIED,PENDING
MV:l2876798,l2876798,MV_3PH,True,True,"1,2,3",1674023.65998453,12278355.8906029,original_DSS_layout_unknown_CRS,l2876798,l2876798,R06,10.411488521969877,True,True,12.47,MAJOR:l2820531,,,,0,,0,450,396.8626966596886,600,721.6878364870323,750,1,UNVERIFIED,True,ENGINEERING_SCENARIO_NOT_FIELD_VERIFIED,PENDING
MV:l2876814,l2876814,MV_3PH,True,True,"1,2,3",1663141.6979904,12283965.1946721,original_DSS_layout_unknown_CRS,l2876814,l2876814,R04,11.345238750320707,True,True,12.47,MAJOR:m1047526,,,,0,,0,450,396.8626966596886,600,721.6878364870323,750,1,UNVERIFIED,True,ENGINEERING_SCENARIO_NOT_FIELD_VERIFIED,PENDING
MV:l2879070,l2879070,MV_3PH,True,True,"1,2,3",1668406.4055793,12283697.1892959,original_DSS_layout_unknown_CRS,l2879070,l2879070,R05,8.380887669992207,True,True,12.47,MAJOR:m1047526,,,,0,,0,450,396.8626966596886,600,721.6878364870323,750,1,UNVERIFIED,True,ENGINEERING_SCENARIO_NOT_FIELD_VERIFIED,PENDING
MV:l2879078,l2879078,MV_3PH,True,True,"1,2,3",1664462.25248763,12277691.2285863,original_DSS_layout_unknown_CRS,l2879078,l2879078,R03,12.340129044040447,True,True,12.47,TRUNK_OR_MINOR_LATERAL,,,,0,,0,450,396.8626966596886,600,721.6878364870323,750,1,UNVERIFIED,True,ENGINEERING_SCENARIO_NOT_FIELD_VERIFIED,PENDING
MV:l2879773,l2879773,MV_3PH,True,True,"1,2,3",1681411.68072741,12271272.5385323,original_DSS_layout_unknown_CRS,l2879773,l2879773,R01,3.61151494459708,True,True,12.47,MAJOR:l3081380,,,,0,,0,450,396.8626966596886,600,721.6878364870323,750,1,UNVERIFIED,True,ENGINEERING_SCENARIO_NOT_FIELD_VERIFIED,PENDING
MV:l2895449,l2895449,MV_3PH,True,True,"1,2,3",1670155.48769293,12285766.2918898,original_DSS_layout_unknown_CRS,l2895449,l2895449,R05,9.664998867487942,True,True,12.47,MAJOR:m1047526,,,,0,,0,450,396.8626966596886,600,721.6878364870323,750,1,UNVERIFIED,True,ENGINEERING_SCENARIO_NOT_FIELD_VERIFIED,PENDING
MV:l2896685,l2896685,MV_3PH,True,True,"1,2,3",1678739.54862892,12279617.0981561,original_DSS_layout_unknown_CRS,l2896685,l2896685,R02,5.444894135137138,True,True,12.47,TRUNK_OR_MINOR_LATERAL,,,,0,,0,450,396.8626966596886,600,721.6878364870323,750,1,UNVERIFIED,True,ENGINEERING_SCENARIO_NOT_FIELD_VERIFIED,PENDING
MV:l2897777,l2897777,MV_3PH,True,True,"1,2,3",1670054.27962883,12282289.4391505,original_DSS_layout_unknown_CRS,l2897777,l2897777,R03,7.8367343146079715,True,True,12.47,TRUNK_OR_MINOR_LATERAL,,,,0,,0,450,396.8626966596886,600,721.6878364870323,750,1,UNVERIFIED,True,ENGINEERING_SCENARIO_NOT_FIELD_VERIFIED,PENDING
MV:l2897780,l2897780,MV_3PH,True,True,"1,2,3",1670954.62958167,12263788.5198373,original_DSS_layout_unknown_CRS,l2897780,l2897780,R08,11.191369971207843,True,True,12.47,MAJOR:l3081380,,,,0,,0,450,396.8626966596886,600,721.6878364870323,750,1,UNVERIFIED,True,ENGINEERING_SCENARIO_NOT_FIELD_VERIFIED,PENDING
MV:l2898495,l2898495,MV_3PH,True,True,"1,2,3",1680444.59874251,12279294.2391478,original_DSS_layout_unknown_CRS,l2898495,l2898495,R02,4.301559843800726,True,True,12.47,TRUNK_OR_MINOR_LATERAL,,,,0,,0,450,396.8626966596886,600,721.6878364870323,750,1,UNVERIFIED,True,ENGINEERING_SCENARIO_NOT_FIELD_VERIFIED,PENDING
MV:l2915542,l2915542,MV_3PH,True,True,"1,2,3",1679416.79765355,12279562.265004,original_DSS_layout_unknown_CRS,l2915542,l2915542,R02,5.1742651678006535,True,True,12.47,TRUNK_OR_MINOR_LATERAL,,,,0,,0,450,396.8626966596886,600,721.6878364870323,750,1,UNVERIFIED,True,ENGINEERING_SCENARIO_NOT_FIELD_VERIFIED,PENDING
MV:l2916608,l2916608,MV_3PH,True,True,"1,2,3",1664935.55348007,12291169.2722468,original_DSS_layout_unknown_CRS,l2916608,l2916608,R04,13.188704448692965,True,True,12.47,MAJOR:m1047526,,,,0,,0,450,396.8626966596886,600,721.6878364870323,750,1,UNVERIFIED,True,ENGINEERING_SCENARIO_NOT_FIELD_VERIFIED,PENDING
MV:l2916620,l2916620,MV_3PH,True,True,"1,2,3",1673633.22926417,12284690.9812968,original_DSS_layout_unknown_CRS,l2916620,l2916620,R03,6.320699653036978,True,True,12.47,TRUNK_OR_MINOR_LATERAL,,,,0,,0,450,396.8626966596886,600,721.6878364870323,750,1,UNVERIFIED,True,ENGINEERING_SCENARIO_NOT_FIELD_VERIFIED,PENDING
MV:l2917328,l2917328,MV_3PH,True,True,"1,2,3",1682841.20930474,12272808.6491257,original_DSS_layout_unknown_CRS,l2917328,l2917328,R01,3.0958639494566826,True,True,12.47,MAJOR:l3081380,,,,0,,0,450,396.8626966596886,600,721.6878364870323,750,1,UNVERIFIED,True,ENGINEERING_SCENARIO_NOT_FIELD_VERIFIED,PENDING
MV:l2925506,l2925506,MV_3PH,True,True,"1,2,3",1674162.85025666,12277823.3819304,original_DSS_layout_unknown_CRS,l2925506,l2925506,R06,10.64156316458048,True,True,12.47,MAJOR:l2820531,,,,0,,0,450,396.8626966596886,600,721.6878364870323,750,1,UNVERIFIED,True,ENGINEERING_SCENARIO_NOT_FIELD_VERIFIED,PENDING
MV:l2933135,l2933135,MV_3PH,True,True,"1,2,3",1681436.43285543,12280349.9176127,original_DSS_layout_unknown_CRS,l2933135,l2933135,R02,3.8374149052290267,True,True,12.47,TRUNK_OR_MINOR_LATERAL,,,,0,,0,450,396.8626966596886,600,721.6878364870323,750,1,UNVERIFIED,True,ENGINEERING_SCENARIO_NOT_FIELD_VERIFIED,PENDING
MV:l2933164,l2933164,MV_3PH,True,True,"1,2,3",1679025.65013319,12270065.2384352,original_DSS_layout_unknown_CRS,l2933164,l2933164,R01,5.14135871310323,True,True,12.47,MAJOR:l3081380,,,,0,,0,450,396.8626966596886,600,721.6878364870323,750,1,UNVERIFIED,True,ENGINEERING_SCENARIO_NOT_FIELD_VERIFIED,PENDING
MV:l2935549,l2935549,MV_3PH,True,True,"1,2,3",1673877.42868839,12276709.0610333,original_DSS_layout_unknown_CRS,l2935549,l2935549,R06,11.026257245222505,True,True,12.47,MAJOR:l2820531,,,,0,,0,450,396.8626966596886,600,721.6878364870323,750,1,UNVERIFIED,True,ENGINEERING_SCENARIO_NOT_FIELD_VERIFIED,PENDING
MV:l2935554,l2935554,MV_3PH,True,True,"1,2,3",1670295.66919706,12285279.5683053,original_DSS_layout_unknown_CRS,l2935554,l2935554,R05,9.36764128489076,True,True,12.47,MAJOR:m1047526,,,,0,,0,450,396.8626966596886,600,721.6878364870323,750,1,UNVERIFIED,True,ENGINEERING_SCENARIO_NOT_FIELD_VERIFIED,PENDING
MV:l2936271,l2936271,MV_3PH,True,True,"1,2,3",1684406.7291782,12273686.1393025,original_DSS_layout_unknown_CRS,l2936271,l2936271,R07,2.842307816064613,True,True,12.47,MAJOR:l3081380,,,,0,,0,450,396.8626966596886,600,721.6878364870323,750,1,UNVERIFIED,True,ENGINEERING_SCENARIO_NOT_FIELD_VERIFIED,PENDING
MV:l2936279,l2936279,MV_3PH,True,True,"1,2,3",1680562.39970262,12270541.4107236,original_DSS_layout_unknown_CRS,l2936279,l2936279,R01,4.18197510160719,True,True,12.47,MAJOR:l3081380,,,,0,,0,450,396.8626966596886,600,721.6878364870323,750,1,UNVERIFIED,True,ENGINEERING_SCENARIO_NOT_FIELD_VERIFIED,PENDING
MV:l2952003,l2952003,MV_3PH,True,True,"1,2,3",1679983.17205408,12279289.5205558,original_DSS_layout_unknown_CRS,l2952003,l2952003,R02,4.564038848684896,True,True,12.47,TRUNK_OR_MINOR_LATERAL,,,,0,,0,450,396.8626966596886,600,721.6878364870323,750,1,UNVERIFIED,True,ENGINEERING_SCENARIO_NOT_FIELD_VERIFIED,PENDING
MV:l2955047,l2955047,MV_3PH,True,True,"1,2,3",1680741.10818279,12282264.0808145,original_DSS_layout_unknown_CRS,l2955047,l2955047,R02,4.306660447543308,True,True,12.47,TRUNK_OR_MINOR_LATERAL,,,,0,,0,450,396.8626966596886,600,721.6878364870323,750,1,UNVERIFIED,True,ENGINEERING_SCENARIO_NOT_FIELD_VERIFIED,PENDING
MV:l2955074,l2955074,MV_3PH,True,True,"1,2,3",1684121.84008993,12273758.9497986,original_DSS_layout_unknown_CRS,l2955074,l2955074,R07,2.728664276145787,True,True,12.47,MAJOR:l3081380,,,,0,,0,450,396.8626966596886,600,721.6878364870323,750,1,UNVERIFIED,True,ENGINEERING_SCENARIO_NOT_FIELD_VERIFIED,PENDING
MV:l2955077,l2955077,MV_3PH,True,True,"1,2,3",1686223.89909989,12275501.1506322,original_DSS_layout_unknown_CRS,l2955077,l2955077,R07,2.1085121179739055,True,True,12.47,TRUNK_OR_MINOR_LATERAL,,,,0,,0,450,396.8626966596886,600,721.6878364870323,750,1,UNVERIFIED,True,ENGINEERING_SCENARIO_NOT_FIELD_VERIFIED,PENDING
MV:l2955081,l2955081,MV_3PH,True,True,"1,2,3",1681629.19061561,12272081.019301,original_DSS_layout_unknown_CRS,l2955081,l2955081,R01,3.4200285355413156,True,True,12.47,MAJOR:l3081380,,,,0,,0,450,396.8626966596886,600,721.6878364870323,750,1,UNVERIFIED,True,ENGINEERING_SCENARIO_NOT_FIELD_VERIFIED,PENDING
MV:l2973153,l2973153,MV_3PH,True,True,"1,2,3",1670296.77102106,12284293.5013604,original_DSS_layout_unknown_CRS,l2973153,l2973153,R05,8.811429426118673,True,True,12.47,MAJOR:m1047526,,,,0,,0,450,396.8626966596886,600,721.6878364870323,750,1,UNVERIFIED,True,ENGINEERING_SCENARIO_NOT_FIELD_VERIFIED,PENDING
MV:l2973155,l2973155,MV_3PH,True,True,"1,2,3",1670269.04929303,12287698.2808836,original_DSS_layout_unknown_CRS,l2973155,l2973155,R05,10.99100200616754,True,True,12.47,MAJOR:m1047526,,,,0,,0,450,396.8626966596886,600,721.6878364870323,750,1,UNVERIFIED,True,ENGINEERING_SCENARIO_NOT_FIELD_VERIFIED,PENDING
MV:l2973162,l2973162,MV_3PH,True,True,"1,2,3",1667209.50932218,12260500.2387463,original_DSS_layout_unknown_CRS,l2973162,l2973162,R08,14.114950717020594,True,True,12.47,MAJOR:l3081380,,,,0,,0,450,396.8626966596886,600,721.6878364870323,750,1,UNVERIFIED,True,ENGINEERING_SCENARIO_NOT_FIELD_VERIFIED,PENDING
MV:l2973167,l2973167,MV_3PH,True,True,"1,2,3",1666159.20890521,12278035.1901866,original_DSS_layout_unknown_CRS,l2973167,l2973167,R03,11.402174112728693,True,True,12.47,TRUNK_OR_MINOR_LATERAL,,,,0,,0,450,396.8626966596886,600,721.6878364870323,750,1,UNVERIFIED,True,ENGINEERING_SCENARIO_NOT_FIELD_VERIFIED,PENDING
MV:l2973791,l2973791,MV_3PH,True,True,"1,2,3",1681551.85813554,12279879.0906043,original_DSS_layout_unknown_CRS,l2973791,l2973791,R02,3.7267601577564666,True,True,12.47,TRUNK_OR_MINOR_LATERAL,,,,0,,0,450,396.8626966596886,600,721.6878364870323,750,1,UNVERIFIED,True,ENGINEERING_SCENARIO_NOT_FIELD_VERIFIED,PENDING
MV:l2973833,l2973833,MV_3PH,True,True,"1,2,3",1688662.14140616,12275322.6305681,original_DSS_layout_unknown_CRS,l2973833,l2973833,R07,1.5291072480168404,True,True,12.47,TRUNK_OR_MINOR_LATERAL,,,,0,,0,450,396.8626966596886,600,721.6878364870323,750,1,UNVERIFIED,True,ENGINEERING_SCENARIO_NOT_FIELD_VERIFIED,PENDING
MV:l2989566,l2989566,MV_3PH,True,True,"1,2,3",1681174.62472719,12279294.0179638,original_DSS_layout_unknown_CRS,l2989566,l2989566,R02,3.8857916100279204,True,True,12.47,TRUNK_OR_MINOR_LATERAL,,,,0,,0,450,396.8626966596886,600,721.6878364870323,750,1,UNVERIFIED,True,ENGINEERING_SCENARIO_NOT_FIELD_VERIFIED,PENDING
MV:l2990826,l2990826,MV_3PH,True,True,"1,2,3",1678542.04770074,12279603.163564,original_DSS_layout_unknown_CRS,l2990826,l2990826,R02,5.558983840773196,True,True,12.47,TRUNK_OR_MINOR_LATERAL,,,,0,,0,450,396.8626966596886,600,721.6878364870323,750,1,UNVERIFIED,True,ENGINEERING_SCENARIO_NOT_FIELD_VERIFIED,PENDING
MV:l2991914,l2991914,MV_3PH,True,True,"1,2,3",1669053.9790839,12281719.001518,original_DSS_layout_unknown_CRS,l2991914,l2991914,R03,8.511728539679343,True,True,12.47,TRUNK_OR_MINOR_LATERAL,,,,0,,0,450,396.8626966596886,600,721.6878364870323,750,1,UNVERIFIED,True,ENGINEERING_SCENARIO_NOT_FIELD_VERIFIED,PENDING
MV:l2991922,l2991922,MV_3PH,True,True,"1,2,3",1671718.18132638,12264532.099486,original_DSS_layout_unknown_CRS,l2991922,l2991922,R08,10.569125990801115,True,True,12.47,MAJOR:l3081380,,,,0,,0,450,396.8626966596886,600,721.6878364870323,750,1,UNVERIFIED,True,ENGINEERING_SCENARIO_NOT_FIELD_VERIFIED,PENDING
MV:l2991939,l2991939,MV_3PH,True,True,"1,2,3",1673359.78849591,12279177.3311156,original_DSS_layout_unknown_CRS,l2991939,l2991939,R06,10.042468947617351,True,True,12.47,MAJOR:l2820531,,,,0,,0,450,396.8626966596886,600,721.6878364870323,750,1,UNVERIFIED,True,ENGINEERING_SCENARIO_NOT_FIELD_VERIFIED,PENDING
MV:l2992624,l2992624,MV_3PH,True,True,"1,2,3",1683476.04834533,12273178.6080381,original_DSS_layout_unknown_CRS,l2992624,l2992624,R07,2.928124711914801,True,True,12.47,MAJOR:l3081380,,,,0,,0,450,396.8626966596886,600,721.6878364870323,750,1,UNVERIFIED,True,ENGINEERING_SCENARIO_NOT_FIELD_VERIFIED,PENDING
MV:l3010556,l3010556,MV_3PH,True,True,"1,2,3",1674600.99937707,12267568.9394248,original_DSS_layout_unknown_CRS,l3010556,l3010556,R08,8.12402246568932,True,True,12.47,MAJOR:l3081380,,,,0,,0,450,396.8626966596886,600,721.6878364870323,750,1,UNVERIFIED,True,ENGINEERING_SCENARIO_NOT_FIELD_VERIFIED,PENDING
MV:l3010560,l3010560,MV_3PH,True,True,"1,2,3",1672215.70196685,12280209.9982526,original_DSS_layout_unknown_CRS,l3010560,l3010560,R06,9.524135164560745,True,True,12.47,MAJOR:l2820531,,,,0,,0,450,396.8626966596886,600,721.6878364870323,750,1,UNVERIFIED,True,ENGINEERING_SCENARIO_NOT_FIELD_VERIFIED,PENDING
MV:l3011293,l3011293,MV_3PH,True,True,"1,2,3",1692623.11267385,12274654.8883594,original_DSS_layout_unknown_CRS,l3011293,l3011293,R07,1.4417479981343873,True,True,12.47,TRUNK_OR_MINOR_LATERAL,,,,0,,0,450,396.8626966596886,600,721.6878364870323,750,1,UNVERIFIED,True,ENGINEERING_SCENARIO_NOT_FIELD_VERIFIED,PENDING
MV:l3011298,l3011298,MV_3PH,True,True,"1,2,3",1681079.8883431,12270659.5393637,original_DSS_layout_unknown_CRS,l3011298,l3011298,R01,3.866992798665299,True,True,12.47,MAJOR:l3081380,,,,0,,0,450,396.8626966596886,600,721.6878364870323,750,1,UNVERIFIED,True,ENGINEERING_SCENARIO_NOT_FIELD_VERIFIED,PENDING
MV:l3027116,l3027116,MV_3PH,True,True,"1,2,3",1669497.05978831,12262370.689436,original_DSS_layout_unknown_CRS,l3027116,l3027116,R08,12.38430222885873,True,True,12.47,MAJOR:l3081380,,,,0,,0,450,396.8626966596886,600,721.6878364870323,750,1,UNVERIFIED,True,ENGINEERING_SCENARIO_NOT_FIELD_VERIFIED,PENDING
MV:l3027157,l3027157,MV_3PH,True,True,"1,2,3",1670257.12993302,12287336.0634112,original_DSS_layout_unknown_CRS,l3027157,l3027157,R05,10.778779216660416,True,True,12.47,MAJOR:m1047526,,,,0,,0,450,396.8626966596886,600,721.6878364870323,750,1,UNVERIFIED,True,ENGINEERING_SCENARIO_NOT_FIELD_VERIFIED,PENDING
MV:l3029498,l3029498,MV_3PH,True,True,"1,2,3",1678821.829077,12269978.7104351,original_DSS_layout_unknown_CRS,l3029498,l3029498,R01,5.27111375152571,True,True,12.47,MAJOR:l3081380,,,,0,,0,450,396.8626966596886,600,721.6878364870323,750,1,UNVERIFIED,True,ENGINEERING_SCENARIO_NOT_FIELD_VERIFIED,PENDING
MV:l3029502,l3029502,MV_3PH,True,True,"1,2,3",1677199.84174749,12269021.5981142,original_DSS_layout_unknown_CRS,l3029502,l3029502,R01,6.378727760564399,True,True,12.47,MAJOR:l3081380,,,,0,,0,450,396.8626966596886,600,721.6878364870323,750,1,UNVERIFIED,True,ENGINEERING_SCENARIO_NOT_FIELD_VERIFIED,PENDING
MV:l3030197,l3030197,MV_3PH,True,True,"1,2,3",1685325.72002706,12276115.4810008,original_DSS_layout_unknown_CRS,l3030197,l3030197,R07,2.35831355174306,True,True,12.47,TRUNK_OR_MINOR_LATERAL,,,,0,,0,450,396.8626966596886,600,721.6878364870323,750,1,UNVERIFIED,True,ENGINEERING_SCENARIO_NOT_FIELD_VERIFIED,PENDING
MV:l3030199,l3030199,MV_3PH,True,True,"1,2,3",1683921.11151375,12273546.1707904,original_DSS_layout_unknown_CRS,l3030199,l3030199,R07,2.7954295740580077,True,True,12.47,MAJOR:l3081380,,,,0,,0,450,396.8626966596886,600,721.6878364870323,750,1,UNVERIFIED,True,ENGINEERING_SCENARIO_NOT_FIELD_VERIFIED,PENDING
MV:l3047289,l3047289,MV_3PH,True,True,"1,2,3",1678503.9589967,12270356.2305634,original_DSS_layout_unknown_CRS,l3047289,l3047289,R01,5.652406711130303,True,True,12.47,MAJOR:l3081380,,,,0,,0,450,396.8626966596886,600,721.6878364870323,750,1,UNVERIFIED,True,ENGINEERING_SCENARIO_NOT_FIELD_VERIFIED,PENDING
MV:l3048206,l3048206,MV_3PH,True,True,"1,2,3",1674122.95112062,12267129.3116484,original_DSS_layout_unknown_CRS,l3048206,l3048206,R08,8.504404247378025,True,True,12.47,MAJOR:l3081380,,,,0,,0,450,396.8626966596886,600,721.6878364870323,750,1,UNVERIFIED,True,ENGINEERING_SCENARIO_NOT_FIELD_VERIFIED,PENDING
MV:l3048221,l3048221,MV_3PH,True,True,"1,2,3",1664158.84128734,12277419.78257,original_DSS_layout_unknown_CRS,l3048221,l3048221,R03,12.518369359479653,True,True,12.47,TRUNK_OR_MINOR_LATERAL,,,,0,,0,450,396.8626966596886,600,721.6878364870323,750,1,UNVERIFIED,True,ENGINEERING_SCENARIO_NOT_FIELD_VERIFIED,PENDING
MV:l3048965,l3048965,MV_3PH,True,True,"1,2,3",1686592.60873224,12275382.0307601,original_DSS_layout_unknown_CRS,l3048965,l3048965,R07,2.0088157983703607,True,True,12.47,TRUNK_OR_MINOR_LATERAL,,,,0,,0,450,396.8626966596886,600,721.6878364870323,750,1,UNVERIFIED,True,ENGINEERING_SCENARIO_NOT_FIELD_VERIFIED,PENDING
MV:l3066814,l3066814,MV_3PH,True,True,"1,2,3",1674640.4069931,12283872.67832,original_DSS_layout_unknown_CRS,l3066814,l3066814,R02,5.982730507593271,True,True,12.47,TRUNK_OR_MINOR_LATERAL,,,,0,,0,450,396.8626966596886,600,721.6878364870323,750,1,UNVERIFIED,True,ENGINEERING_SCENARIO_NOT_FIELD_VERIFIED,PENDING
MV:l3066815,l3066815,MV_3PH,True,True,"1,2,3",1669782.91143658,12282802.008495,original_DSS_layout_unknown_CRS,l3066815,l3066815,R05,7.825883860203585,True,True,12.47,MAJOR:m1047526,,,,0,,0,450,396.8626966596886,600,721.6878364870323,750,1,UNVERIFIED,True,ENGINEERING_SCENARIO_NOT_FIELD_VERIFIED,PENDING
MV:l3067478,l3067478,MV_3PH,True,True,"1,2,3",1681762.31880774,12278912.1396914,original_DSS_layout_unknown_CRS,l3067478,l3067478,R02,3.4994658022099334,True,True,12.47,TRUNK_OR_MINOR_LATERAL,,,,0,,0,450,396.8626966596886,600,721.6878364870323,750,1,UNVERIFIED,True,ENGINEERING_SCENARIO_NOT_FIELD_VERIFIED,PENDING
MV:l3081380,l3081380,MV_3PH,True,True,"1,2,3",1686081.98089176,12275244.626344,original_DSS_layout_unknown_CRS,l3081380,l3081380,R07,2.13539197774023,True,True,12.47,MAJOR:l3081380,,,,0,,0,450,396.8626966596886,600,721.6878364870323,750,1,UNVERIFIED,True,ENGINEERING_SCENARIO_NOT_FIELD_VERIFIED,PENDING
MV:l3085398,l3085398,MV_3PH,True,True,"1,2,3",1663360.6087106,12285489.5210735,original_DSS_layout_unknown_CRS,l3085398,l3085398,R04,10.417391010228977,True,True,12.47,MAJOR:m1047526,,,,0,,0,450,396.8626966596886,600,721.6878364870323,750,1,UNVERIFIED,True,ENGINEERING_SCENARIO_NOT_FIELD_VERIFIED,PENDING
MV:l3103822,l3103822,MV_3PH,True,True,"1,2,3",1669343.59905217,12283037.0984152,original_DSS_layout_unknown_CRS,l3103822,l3103822,R05,7.993116362629792,True,True,12.47,MAJOR:m1047526,,,,0,,0,450,396.8626966596886,600,721.6878364870323,750,1,UNVERIFIED,True,ENGINEERING_SCENARIO_NOT_FIELD_VERIFIED,PENDING
MV:l3104125,l3104125,MV_3PH,True,True,"1,2,3",1677603.35099586,12269196.2105944,original_DSS_layout_unknown_CRS,l3104125,l3104125,R01,6.1210735372897584,True,True,12.47,MAJOR:l3081380,,,,0,,0,450,396.8626966596886,600,721.6878364870323,750,1,UNVERIFIED,True,ENGINEERING_SCENARIO_NOT_FIELD_VERIFIED,PENDING
MV:l3104134,l3104134,MV_3PH,True,True,"1,2,3",1672079.87860672,12264837.2310063,original_DSS_layout_unknown_CRS,l3104134,l3104134,R08,10.299925213282895,True,True,12.47,MAJOR:l3081380,,,,0,,0,450,396.8626966596886,600,721.6878364870323,750,1,UNVERIFIED,True,ENGINEERING_SCENARIO_NOT_FIELD_VERIFIED,PENDING
MV:l3104136,l3104136,MV_3PH,True,True,"1,2,3",1669925.09998071,12281374.5320137,original_DSS_layout_unknown_CRS,l3104136,l3104136,R06,8.555622874601733,True,True,12.47,MAJOR:l2820531,,,,0,,0,450,396.8626966596886,600,721.6878364870323,750,1,UNVERIFIED,True,ENGINEERING_SCENARIO_NOT_FIELD_VERIFIED,PENDING
MV:l3104830,l3104830,MV_3PH,True,True,"1,2,3",1680861.7312869,12281619.6489419,original_DSS_layout_unknown_CRS,l3104830,l3104830,R02,4.156935848949869,True,True,12.47,TRUNK_OR_MINOR_LATERAL,,,,0,,0,450,396.8626966596886,600,721.6878364870323,750,1,UNVERIFIED,True,ENGINEERING_SCENARIO_NOT_FIELD_VERIFIED,PENDING
MV:l3118855,l3118855,MV_3PH,True,True,"1,2,3",1676101.55669047,12283415.4377436,original_DSS_layout_unknown_CRS,l3118855,l3118855,R02,5.611714776105673,True,True,12.47,TRUNK_OR_MINOR_LATERAL,,,,0,,0,450,396.8626966596886,600,721.6878364870323,750,1,UNVERIFIED,True,ENGINEERING_SCENARIO_NOT_FIELD_VERIFIED,PENDING
MV:l3120484,l3120484,MV_3PH,True,True,"1,2,3",1664783.47309592,12285132.6980332,original_DSS_layout_unknown_CRS,l3120484,l3120484,R04,9.825831233290183,True,True,12.47,MAJOR:m1047526,,,,0,,0,450,396.8626966596886,600,721.6878364870323,750,1,UNVERIFIED,True,ENGINEERING_SCENARIO_NOT_FIELD_VERIFIED,PENDING
MV:l3122816,l3122816,MV_3PH,True,True,"1,2,3",1663977.92915917,12286492.8690425,original_DSS_layout_unknown_CRS,l3122816,l3122816,R04,10.82493338687941,True,True,12.47,MAJOR:m1047526,,,,0,,0,450,396.8626966596886,600,721.6878364870323,750,1,UNVERIFIED,True,ENGINEERING_SCENARIO_NOT_FIELD_VERIFIED,PENDING
MV:l3122821,l3122821,MV_3PH,True,True,"1,2,3",1671320.97991801,12280228.0288446,original_DSS_layout_unknown_CRS,l3122821,l3122821,R06,9.199768234155234,True,True,12.47,MAJOR:l2820531,,,,0,,0,450,396.8626966596886,600,721.6878364870323,750,1,UNVERIFIED,True,ENGINEERING_SCENARIO_NOT_FIELD_VERIFIED,PENDING
MV:l3122849,l3122849,MV_3PH,True,True,"1,2,3",1668291.75853919,12261398.9298191,original_DSS_layout_unknown_CRS,l3122849,l3122849,R08,13.293136120969185,True,True,12.47,MAJOR:l3081380,,,,0,,0,450,396.8626966596886,600,721.6878364870323,750,1,UNVERIFIED,True,ENGINEERING_SCENARIO_NOT_FIELD_VERIFIED,PENDING
MV:l3123452,l3123452,MV_3PH,True,True,"1,2,3",1682734.34056864,12277838.7910824,original_DSS_layout_unknown_CRS,l3123452,l3123452,R02,3.1035384674985402,True,True,12.47,TRUNK_OR_MINOR_LATERAL,,,,0,,0,450,396.8626966596886,600,721.6878364870323,750,1,UNVERIFIED,True,ENGINEERING_SCENARIO_NOT_FIELD_VERIFIED,PENDING
MV:l3123509,l3123509,MV_3PH,True,True,"1,2,3",1692774.79574599,12274449.1421832,original_DSS_layout_unknown_CRS,l3123509,l3123509,R07,1.4358668664418748,True,True,12.47,TRUNK_OR_MINOR_LATERAL,,,,0,,0,450,396.8626966596886,600,721.6878364870323,750,1,UNVERIFIED,True,ENGINEERING_SCENARIO_NOT_FIELD_VERIFIED,PENDING
MV:l3125349,l3125349,MV_3PH,True,True,"1,2,3",1674190.89147269,12273824.6701187,original_DSS_layout_unknown_CRS,l3125349,l3125349,R06,12.078214747731405,True,True,12.47,MAJOR:l2820531,,,,0,,0,450,396.8626966596886,600,721.6878364870323,750,1,UNVERIFIED,True,ENGINEERING_SCENARIO_NOT_FIELD_VERIFIED,PENDING
MV:l3139121,l3139121,MV_3PH,True,True,"1,2,3",1669073.71770792,12261975.1591956,original_DSS_layout_unknown_CRS,l3139121,l3139121,R08,12.72383389705999,True,True,12.47,MAJOR:l3081380,,,,0,,0,450,396.8626966596886,600,721.6878364870323,750,1,UNVERIFIED,True,ENGINEERING_SCENARIO_NOT_FIELD_VERIFIED,PENDING
MV:l3139366,l3139366,MV_3PH,True,True,"1,2,3",1691229.42000055,12273921.8804868,original_DSS_layout_unknown_CRS,l3139366,l3139366,R07,1.5438324964008332,True,True,12.47,TRUNK_OR_MINOR_LATERAL,,,,0,,0,450,396.8626966596886,600,721.6878364870323,750,1,UNVERIFIED,True,ENGINEERING_SCENARIO_NOT_FIELD_VERIFIED,PENDING
MV:l3142049,l3142049,MV_3PH,True,True,"1,2,3",1681066.65826309,12281234.1702856,original_DSS_layout_unknown_CRS,l3142049,l3142049,R02,4.0572928640991455,True,True,12.47,TRUNK_OR_MINOR_LATERAL,,,,0,,0,450,396.8626966596886,600,721.6878364870323,750,1,UNVERIFIED,True,ENGINEERING_SCENARIO_NOT_FIELD_VERIFIED,PENDING
MV:l3143999,l3143999,MV_3PH,True,True,"1,2,3",1674362.22305685,12273404.0723583,original_DSS_layout_unknown_CRS,l3143999,l3143999,R06,12.229534283113347,True,True,12.47,MAJOR:l2820531,,,,0,,0,450,396.8626966596886,600,721.6878364870323,750,1,UNVERIFIED,True,ENGINEERING_SCENARIO_NOT_FIELD_VERIFIED,PENDING
MV:l3159448,l3159448,MV_3PH,True,True,"1,2,3",1674410.79752089,12272924.9919098,original_DSS_layout_unknown_CRS,l3159448,l3159448,R06,12.390055105110681,True,True,12.47,MAJOR:l2820531,,,,0,,0,450,396.8626966596886,600,721.6878364870323,750,1,UNVERIFIED,True,ENGINEERING_SCENARIO_NOT_FIELD_VERIFIED,PENDING
MV:l3160098,l3160098,MV_3PH,True,True,"1,2,3",1676712.58977903,12283381.4982876,original_DSS_layout_unknown_CRS,l3160098,l3160098,R02,5.471746183573778,True,True,12.47,TRUNK_OR_MINOR_LATERAL,,,,0,,0,450,396.8626966596886,600,721.6878364870323,750,1,UNVERIFIED,True,ENGINEERING_SCENARIO_NOT_FIELD_VERIFIED,PENDING
MV:l3160102,l3160102,MV_3PH,True,True,"1,2,3",1663129.50829438,12284971.938225,original_DSS_layout_unknown_CRS,l3160102,l3160102,R04,10.749722665500958,True,True,12.47,MAJOR:m1047526,,,,0,,0,450,396.8626966596886,600,721.6878364870323,750,1,UNVERIFIED,True,ENGINEERING_SCENARIO_NOT_FIELD_VERIFIED,PENDING
MV:l3160103,l3160103,MV_3PH,True,True,"1,2,3",1664258.12832744,12287931.3719558,original_DSS_layout_unknown_CRS,l3160103,l3160103,R04,11.648441363435857,True,True,12.47,MAJOR:m1047526,,,,0,,0,450,396.8626966596886,600,721.6878364870323,750,1,UNVERIFIED,True,ENGINEERING_SCENARIO_NOT_FIELD_VERIFIED,PENDING
MV:l3160107,l3160107,MV_3PH,True,True,"1,2,3",1677893.94171613,12269397.9713625,original_DSS_layout_unknown_CRS,l3160107,l3160107,R01,5.91376899043071,True,True,12.47,MAJOR:l3081380,,,,0,,0,450,396.8626966596886,600,721.6878364870323,750,1,UNVERIFIED,True,ENGINEERING_SCENARIO_NOT_FIELD_VERIFIED,PENDING
MV:l3160109,l3160109,MV_3PH,True,True,"1,2,3",1669732.03092453,12281619.5014859,original_DSS_layout_unknown_CRS,l3160109,l3160109,R06,8.45169873757187,True,True,12.47,MAJOR:l2820531,,,,0,,0,450,396.8626966596886,600,721.6878364870323,750,1,UNVERIFIED,True,ENGINEERING_SCENARIO_NOT_FIELD_VERIFIED,PENDING
MV:l3160865,l3160865,MV_3PH,True,True,"1,2,3",1685145.19292289,12275007.4556558,original_DSS_layout_unknown_CRS,l3160865,l3160865,R07,2.3574119998272107,True,True,12.47,MAJOR:l3081380,,,,0,,0,450,396.8626966596886,600,721.6878364870323,750,1,UNVERIFIED,True,ENGINEERING_SCENARIO_NOT_FIELD_VERIFIED,PENDING
MV:l3160872,l3160872,MV_3PH,True,True,"1,2,3",1685969.20162766,12275677.2786324,original_DSS_layout_unknown_CRS,l3160872,l3160872,R07,2.18060855123003,True,True,12.47,TRUNK_OR_MINOR_LATERAL,,,,0,,0,450,396.8626966596886,600,721.6878364870323,750,1,UNVERIFIED,True,ENGINEERING_SCENARIO_NOT_FIELD_VERIFIED,PENDING
MV:l3179646,l3179646,MV_3PH,True,True,"1,2,3",1680709.05698276,12282417.0991827,original_DSS_layout_unknown_CRS,l3179646,l3179646,R02,4.34234378413054,True,True,12.47,TRUNK_OR_MINOR_LATERAL,,,,0,,0,450,396.8626966596886,600,721.6878364870323,750,1,UNVERIFIED,True,ENGINEERING_SCENARIO_NOT_FIELD_VERIFIED,PENDING
MV:l3179650,l3179650,MV_3PH,True,True,"1,2,3",1681500.40008749,12280084.7179965,original_DSS_layout_unknown_CRS,l3179650,l3179650,R02,3.7751404920207055,True,True,12.47,TRUNK_OR_MINOR_LATERAL,,,,0,,0,450,396.8626966596886,600,721.6878364870323,750,1,UNVERIFIED,True,ENGINEERING_SCENARIO_NOT_FIELD_VERIFIED,PENDING
MV:l3179678,l3179678,MV_3PH,True,True,"1,2,3",1680264.34197434,12270391.3906275,original_DSS_layout_unknown_CRS,l3179678,l3179678,R01,4.377511234998913,True,True,12.47,MAJOR:l3081380,,,,0,,0,450,396.8626966596886,600,721.6878364870323,750,1,UNVERIFIED,True,ENGINEERING_SCENARIO_NOT_FIELD_VERIFIED,PENDING
MV:l3181545,l3181545,MV_3PH,True,True,"1,2,3",1673976.93691249,12274076.0907909,original_DSS_layout_unknown_CRS,l3181545,l3181545,R06,11.968217500996447,True,True,12.47,MAJOR:l2820531,,,,0,,0,450,396.8626966596886,600,721.6878364870323,750,1,UNVERIFIED,True,ENGINEERING_SCENARIO_NOT_FIELD_VERIFIED,PENDING
MV:l3195356,l3195356,MV_3PH,True,True,"1,2,3",1675648.94869004,12268281.8850895,original_DSS_layout_unknown_CRS,l3195356,l3195356,R01,7.387805478081382,True,True,12.47,MAJOR:l3081380,,,,0,,0,450,396.8626966596886,600,721.6878364870323,750,1,UNVERIFIED,True,ENGINEERING_SCENARIO_NOT_FIELD_VERIFIED,PENDING
MV:l3197630,l3197630,MV_3PH,True,True,"1,2,3",1673104.07931167,12266003.7718074,original_DSS_layout_unknown_CRS,l3197630,l3197630,R08,9.394218658659106,True,True,12.47,MAJOR:l3081380,,,,0,,0,450,396.8626966596886,600,721.6878364870323,750,1,UNVERIFIED,True,ENGINEERING_SCENARIO_NOT_FIELD_VERIFIED,PENDING
MV:l3197646,l3197646,MV_3PH,True,True,"1,2,3",1665980.95917704,12284206.5719523,original_DSS_layout_unknown_CRS,l3197646,l3197646,R05,9.281505693876907,True,True,12.47,MAJOR:m1047526,,,,0,,0,450,396.8626966596886,600,721.6878364870323,750,1,UNVERIFIED,True,ENGINEERING_SCENARIO_NOT_FIELD_VERIFIED,PENDING
MV:l3207907,l3207907,MV_3PH,True,True,"1,2,3",1665832.9911769,12278524.985771,original_DSS_layout_unknown_CRS,l3207907,l3207907,R03,11.807760894471157,True,True,12.47,TRUNK_OR_MINOR_LATERAL,,,,0,,0,450,396.8626966596886,600,721.6878364870323,750,1,UNVERIFIED,True,ENGINEERING_SCENARIO_NOT_FIELD_VERIFIED,PENDING
MV:l3214069,l3214069,MV_3PH,True,True,"1,2,3",1683180.27208906,12277580.5792422,original_DSS_layout_unknown_CRS,l3214069,l3214069,R07,2.963832022991348,True,True,12.47,TRUNK_OR_MINOR_LATERAL,,,,0,,0,450,396.8626966596886,600,721.6878364870323,750,1,UNVERIFIED,True,ENGINEERING_SCENARIO_NOT_FIELD_VERIFIED,PENDING
MV:l3214071,l3214071,MV_3PH,True,True,"1,2,3",1683294.64469716,12277397.451178,original_DSS_layout_unknown_CRS,l3214071,l3214071,R07,2.9138876682191794,True,True,12.47,TRUNK_OR_MINOR_LATERAL,,,,0,,0,450,396.8626966596886,600,721.6878364870323,750,1,UNVERIFIED,True,ENGINEERING_SCENARIO_NOT_FIELD_VERIFIED,PENDING
MV:l3215203,l3215203,MV_3PH,True,True,"1,2,3",1679305.50114145,12279452.3488439,original_DSS_layout_unknown_CRS,l3215203,l3215203,R02,5.107686513052252,True,True,12.47,TRUNK_OR_MINOR_LATERAL,,,,0,,0,450,396.8626966596886,600,721.6878364870323,750,1,UNVERIFIED,True,ENGINEERING_SCENARIO_NOT_FIELD_VERIFIED,PENDING
MV:l3215385,l3215385,MV_3PH,True,True,"1,2,3",1678635.00232482,12270171.4313313,original_DSS_layout_unknown_CRS,l3215385,l3215385,R01,5.597679699980325,True,True,12.47,MAJOR:l3081380,,,,0,,0,450,396.8626966596886,600,721.6878364870323,750,1,UNVERIFIED,True,ENGINEERING_SCENARIO_NOT_FIELD_VERIFIED,PENDING
MV:l3216123,l3216123,MV_3PH,True,True,"1,2,3",1670054.32058883,12283903.6727521,original_DSS_layout_unknown_CRS,l3216123,l3216123,R05,8.543205774798057,True,True,12.47,MAJOR:m1047526,,,,0,,0,450,396.8626966596886,600,721.6878364870323,750,1,UNVERIFIED,True,ENGINEERING_SCENARIO_NOT_FIELD_VERIFIED,PENDING
MV:l3216345,l3216345,MV_3PH,True,True,"1,2,3",1668136.74132305,12283811.72984,original_DSS_layout_unknown_CRS,l3216345,l3216345,R05,8.478505991905571,True,True,12.47,MAJOR:m1047526,,,,0,,0,450,396.8626966596886,600,721.6878364870323,750,1,UNVERIFIED,True,ENGINEERING_SCENARIO_NOT_FIELD_VERIFIED,PENDING
MV:l3216367,l3216367,MV_3PH,True,True,"1,2,3",1673511.27086405,12278909.6206514,original_DSS_layout_unknown_CRS,l3216367,l3216367,R06,10.144956824679243,True,True,12.47,MAJOR:l2820531,,,,0,,0,450,396.8626966596886,600,721.6878364870323,750,1,UNVERIFIED,True,ENGINEERING_SCENARIO_NOT_FIELD_VERIFIED,PENDING
MV:l3216368,l3216368,MV_3PH,True,True,"1,2,3",1665611.3811927,12278364.4389549,original_DSS_layout_unknown_CRS,l3216368,l3216368,R03,11.819214370869389,True,True,12.47,TRUNK_OR_MINOR_LATERAL,,,,0,,0,450,396.8626966596886,600,721.6878364870323,750,1,UNVERIFIED,True,ENGINEERING_SCENARIO_NOT_FIELD_VERIFIED,PENDING
MV:l3216370,l3216370,MV_3PH,True,True,"1,2,3",1670702.20129344,12263533.0400291,original_DSS_layout_unknown_CRS,l3216370,l3216370,R08,11.40178621121458,True,True,12.47,MAJOR:l3081380,,,,0,,0,450,396.8626966596886,600,721.6878364870323,750,1,UNVERIFIED,True,ENGINEERING_SCENARIO_NOT_FIELD_VERIFIED,PENDING
MV:l3231255,l3231255,MV_3PH,True,True,"1,2,3",1675935.97179431,12283419.4559196,original_DSS_layout_unknown_CRS,l3231255,l3231255,R02,5.649519539500442,True,True,12.47,TRUNK_OR_MINOR_LATERAL,,,,0,,0,450,396.8626966596886,600,721.6878364870323,750,1,UNVERIFIED,True,ENGINEERING_SCENARIO_NOT_FIELD_VERIFIED,PENDING
MV:l3232902,l3232902,MV_3PH,True,True,"1,2,3",1681467.98843946,12280220.6642366,original_DSS_layout_unknown_CRS,l3232902,l3232902,R02,3.807038984644855,True,True,12.47,TRUNK_OR_MINOR_LATERAL,,,,0,,0,450,396.8626966596886,600,721.6878364870323,750,1,UNVERIFIED,True,ENGINEERING_SCENARIO_NOT_FIELD_VERIFIED,PENDING
MV:l3234149,l3234149,MV_3PH,True,True,"1,2,3",1691184.30665651,12273169.7074301,original_DSS_layout_unknown_CRS,l3234149,l3234149,R07,1.8539536148852374,True,True,12.47,TRUNK_OR_MINOR_LATERAL,,,,0,,0,450,396.8626966596886,600,721.6878364870323,750,1,UNVERIFIED,True,ENGINEERING_SCENARIO_NOT_FIELD_VERIFIED,PENDING
MV:l3235254,l3235254,MV_3PH,True,True,"1,2,3",1667678.82900262,12283986.2481121,original_DSS_layout_unknown_CRS,l3235254,l3235254,R05,8.642614412323121,True,True,12.47,MAJOR:m1047526,,,,0,,0,450,396.8626966596886,600,721.6878364870323,750,1,UNVERIFIED,True,ENGINEERING_SCENARIO_NOT_FIELD_VERIFIED,PENDING
MV:l3235255,l3235255,MV_3PH,True,True,"1,2,3",1670855.26062158,12263685.7511972,original_DSS_layout_unknown_CRS,l3235255,l3235255,R08,11.275080697717971,True,True,12.47,MAJOR:l3081380,,,,0,,0,450,396.8626966596886,600,721.6878364870323,750,1,UNVERIFIED,True,ENGINEERING_SCENARIO_NOT_FIELD_VERIFIED,PENDING
MV:l3235256,l3235256,MV_3PH,True,True,"1,2,3",1672847.37889543,12265706.5619511,original_DSS_layout_unknown_CRS,l3235256,l3235256,R08,9.624357032564143,True,True,12.47,MAJOR:l3081380,,,,0,,0,450,396.8626966596886,600,721.6878364870323,750,1,UNVERIFIED,True,ENGINEERING_SCENARIO_NOT_FIELD_VERIFIED,PENDING
MV:l3235257,l3235257,MV_3PH,True,True,"1,2,3",1665558.60832865,12284208.5216483,original_DSS_layout_unknown_CRS,l3235257,l3235257,R04,9.422238520234384,True,True,12.47,MAJOR:m1047526,,,,0,,0,450,396.8626966596886,600,721.6878364870323,750,1,UNVERIFIED,True,ENGINEERING_SCENARIO_NOT_FIELD_VERIFIED,PENDING
MV:l3235258,l3235258,MV_3PH,True,True,"1,2,3",1667504.81044246,12278933.5371954,original_DSS_layout_unknown_CRS,l3235258,l3235258,R03,10.470174092889398,True,True,12.47,TRUNK_OR_MINOR_LATERAL,,,,0,,0,450,396.8626966596886,600,721.6878364870323,750,1,UNVERIFIED,True,ENGINEERING_SCENARIO_NOT_FIELD_VERIFIED,PENDING
MV:l3235275,l3235275,MV_3PH,True,True,"1,2,3",1667712.50221865,12260947.0140427,original_DSS_layout_unknown_CRS,l3235275,l3235275,R08,13.723787660860618,True,True,12.47,MAJOR:l3081380,,,,0,,0,450,396.8626966596886,600,721.6878364870323,750,1,UNVERIFIED,True,ENGINEERING_SCENARIO_NOT_FIELD_VERIFIED,PENDING
MV:l3254213,l3254213,MV_3PH,True,True,"1,2,3",1664871.59853601,12292768.5103923,original_DSS_layout_unknown_CRS,l3254213,l3254213,R04,13.978141384547804,True,True,12.47,MAJOR:m1047526,,,,0,,0,450,396.8626966596886,600,721.6878364870323,750,1,UNVERIFIED,True,ENGINEERING_SCENARIO_NOT_FIELD_VERIFIED,PENDING
MV:l3254217,l3254217,MV_3PH,True,True,"1,2,3",1668312.96762721,12281220.0267976,original_DSS_layout_unknown_CRS,l3254217,l3254217,R03,9.007397950602472,True,True,12.47,TRUNK_OR_MINOR_LATERAL,,,,0,,0,450,396.8626966596886,600,721.6878364870323,750,1,UNVERIFIED,True,ENGINEERING_SCENARIO_NOT_FIELD_VERIFIED,PENDING
MV:l3254218,l3254218,MV_3PH,True,True,"1,2,3",1672374.68820699,12265166.1111346,original_DSS_layout_unknown_CRS,l3254218,l3254218,R08,10.041288671967996,True,True,12.47,MAJOR:l3081380,,,,0,,0,450,396.8626966596886,600,721.6878364870323,750,1,UNVERIFIED,True,ENGINEERING_SCENARIO_NOT_FIELD_VERIFIED,PENDING
MV:l3254237,l3254237,MV_3PH,True,True,"1,2,3",1679418.22715755,12279173.2596916,original_DSS_layout_unknown_CRS,l3254237,l3254237,R02,4.887004787590537,True,True,12.47,TRUNK_OR_MINOR_LATERAL,,,,0,,0,450,396.8626966596886,600,721.6878364870323,750,1,UNVERIFIED,True,ENGINEERING_SCENARIO_NOT_FIELD_VERIFIED,PENDING
MV:l3254238,l3254238,MV_3PH,True,True,"1,2,3",1669897.25946869,12262766.2196764,original_DSS_layout_unknown_CRS,l3254238,l3254238,R08,12.054778824619644,True,True,12.47,MAJOR:l3081380,,,,0,,0,450,396.8626966596886,600,721.6878364870323,750,1,UNVERIFIED,True,ENGINEERING_SCENARIO_NOT_FIELD_VERIFIED,PENDING
MV:l3784018,l3784018,MV_3PH,True,True,"1,2,3",1670271.79361304,12287908.2623238,original_DSS_layout_unknown_CRS,l3784018,l3784018,R05,11.11397382337817,True,True,12.47,MAJOR:m1047526,,,,0,,0,450,396.8626966596886,600,721.6878364870323,750,1,UNVERIFIED,True,ENGINEERING_SCENARIO_NOT_FIELD_VERIFIED,PENDING
MV:m1009650,m1009650,MV_3PH,True,True,"1,2,3",1662888.25389416,12276225.3316249,original_DSS_layout_unknown_CRS,m1009650,m1009650,R03,13.478640253490287,True,True,12.47,TRUNK_OR_MINOR_LATERAL,,,,0,,0,450,396.8626966596886,600,721.6878364870323,750,1,UNVERIFIED,True,ENGINEERING_SCENARIO_NOT_FIELD_VERIFIED,PENDING
MV:m1009651,m1009651,MV_3PH,True,True,"1,2,3",1662908.03347818,12276247.3885849,original_DSS_layout_unknown_CRS,m1009651,m1009651,R03,13.469325670693674,True,True,12.47,TRUNK_OR_MINOR_LATERAL,,,,0,,0,450,396.8626966596886,600,721.6878364870323,750,1,UNVERIFIED,True,ENGINEERING_SCENARIO_NOT_FIELD_VERIFIED,PENDING
MV:m1009763,m1009763,MV_3PH,True,True,"1,2,3",1662434.20000574,12281193.2184775,original_DSS_layout_unknown_CRS,m1009763,m1009763,R04,13.194783710254203,True,True,12.47,MAJOR:m1047526,,,,0,,0,450,396.8626966596886,600,721.6878364870323,750,1,UNVERIFIED,True,ENGINEERING_SCENARIO_NOT_FIELD_VERIFIED,PENDING
MV:m1009770,m1009770,MV_3PH,True,True,"1,2,3",1662884.66170216,12281252.6432456,original_DSS_layout_unknown_CRS,m1009770,m1009770,R04,12.927917593138583,True,True,12.47,MAJOR:m1047526,,,,0,,0,450,396.8626966596886,600,721.6878364870323,750,1,UNVERIFIED,True,ENGINEERING_SCENARIO_NOT_FIELD_VERIFIED,PENDING
MV:m1009784,m1009784,MV_3PH,True,True,"1,2,3",1662898.36691817,12281451.6719818,original_DSS_layout_unknown_CRS,m1009784,m1009784,R04,12.814449065351969,True,True,12.47,MAJOR:m1047526,,,,0,,0,450,396.8626966596886,600,721.6878364870323,750,1,UNVERIFIED,True,ENGINEERING_SCENARIO_NOT_FIELD_VERIFIED,PENDING
MV:m1009805,m1009805,MV_3PH,True,True,"1,2,3",1662996.67911026,12282262.7619025,original_DSS_layout_unknown_CRS,m1009805,m1009805,R04,12.33581198971096,True,True,12.47,MAJOR:m1047526,,,,0,,0,450,396.8626966596886,600,721.6878364870323,750,1,UNVERIFIED,True,ENGINEERING_SCENARIO_NOT_FIELD_VERIFIED,PENDING
MV:m1009807,m1009807,MV_3PH,True,True,"1,2,3",1663025.94093429,12282462.9006547,original_DSS_layout_unknown_CRS,m1009807,m1009807,R04,12.220769953190846,True,True,12.47,MAJOR:m1047526,,,,0,,0,450,396.8626966596886,600,721.6878364870323,750,1,UNVERIFIED,True,ENGINEERING_SCENARIO_NOT_FIELD_VERIFIED,PENDING
MV:m1026328,m1026328,MV_3PH,True,True,"1,2,3",1666671.36045768,12259988.9309698,original_DSS_layout_unknown_CRS,m1026328,m1026328,R08,14.541036790012498,True,True,12.47,MAJOR:l3081380,,,,0,,0,450,396.8626966596886,600,721.6878364870323,750,1,UNVERIFIED,True,ENGINEERING_SCENARIO_NOT_FIELD_VERIFIED,PENDING
MV:m1026329,m1026329,MV_3PH,True,True,"1,2,3",1666752.17453776,12260066.6157059,original_DSS_layout_unknown_CRS,m1026329,m1026329,R08,14.475393919957199,True,True,12.47,MAJOR:l3081380,,,,0,,0,450,396.8626966596886,600,721.6878364870323,750,1,UNVERIFIED,True,ENGINEERING_SCENARIO_NOT_FIELD_VERIFIED,PENDING
MV:m1026330,m1026330,MV_3PH,True,True,"1,2,3",1666837.30989784,12260148.7609859,original_DSS_layout_unknown_CRS,m1026330,m1026330,R08,14.406117147701647,True,True,12.47,MAJOR:l3081380,,,,0,,0,450,396.8626966596886,600,721.6878364870323,750,1,UNVERIFIED,True,ENGINEERING_SCENARIO_NOT_FIELD_VERIFIED,PENDING
MV:m1026331,m1026331,MV_3PH,True,True,"1,2,3",1666972.51066596,12260276.83881,original_DSS_layout_unknown_CRS,m1026331,m1026331,R08,14.300193764856175,True,True,12.47,MAJOR:l3081380,,,,0,,0,450,396.8626966596886,600,721.6878364870323,750,1,UNVERIFIED,True,ENGINEERING_SCENARIO_NOT_FIELD_VERIFIED,PENDING
MV:m1026333,m1026333,MV_3PH,True,True,"1,2,3",1667082.36129007,12260380.9017861,original_DSS_layout_unknown_CRS,m1026333,m1026333,R08,14.214131116126563,True,True,12.47,MAJOR:l3081380,,,,0,,0,450,396.8626966596886,600,721.6878364870323,750,1,UNVERIFIED,True,ENGINEERING_SCENARIO_NOT_FIELD_VERIFIED,PENDING
MV:m1026341,m1026341,MV_3PH,True,True,"1,2,3",1667373.95143434,12260653.7486344,original_DSS_layout_unknown_CRS,m1026341,m1026341,R08,13.986908044946174,True,True,12.47,MAJOR:l3081380,,,,0,,0,450,396.8626966596886,600,721.6878364870323,750,1,UNVERIFIED,True,ENGINEERING_SCENARIO_NOT_FIELD_VERIFIED,PENDING
MV:m1026347,m1026347,MV_3PH,True,True,"1,2,3",1667488.84013844,12260775.1581705,original_DSS_layout_unknown_CRS,m1026347,m1026347,R08,13.888958245300373,True,True,12.47,MAJOR:l3081380,,,,0,,0,450,396.8626966596886,600,721.6878364870323,750,1,UNVERIFIED,True,ENGINEERING_SCENARIO_NOT_FIELD_VERIFIED,PENDING
MV:m1026354,m1026354,MV_3PH,True,True,"1,2,3",1667896.40033082,12261094.4290828,original_DSS_layout_unknown_CRS,m1026354,m1026354,R08,13.585771962116794,True,True,12.47,MAJOR:l3081380,,,,0,,0,450,396.8626966596886,600,721.6878364870323,750,1,UNVERIFIED,True,ENGINEERING_SCENARIO_NOT_FIELD_VERIFIED,PENDING
MV:m1026356,m1026356,MV_3PH,True,True,"1,2,3",1668000.00045892,12261168.0792589,original_DSS_layout_unknown_CRS,m1026356,m1026356,R08,13.511337773959406,True,True,12.47,MAJOR:l3081380,,,,0,,0,450,396.8626966596886,600,721.6878364870323,750,1,UNVERIFIED,True,ENGINEERING_SCENARIO_NOT_FIELD_VERIFIED,PENDING
MV:m1026357,m1026357,MV_3PH,True,True,"1,2,3",1668077.61965899,12261226.4103949,original_DSS_layout_unknown_CRS,m1026357,m1026357,R08,13.454481240334006,True,True,12.47,MAJOR:l3081380,,,,0,,0,450,396.8626966596886,600,721.6878364870323,750,1,UNVERIFIED,True,ENGINEERING_SCENARIO_NOT_FIELD_VERIFIED,PENDING
MV:m1026655,m1026655,MV_3PH,True,True,"1,2,3",1663058.88096632,12276389.1183771,original_DSS_layout_unknown_CRS,m1026655,m1026655,R03,13.3516006467256,True,True,12.47,TRUNK_OR_MINOR_LATERAL,,,,0,,0,450,396.8626966596886,600,721.6878364870323,750,1,UNVERIFIED,True,ENGINEERING_SCENARIO_NOT_FIELD_VERIFIED,PENDING
MV:m1026658,m1026658,MV_3PH,True,True,"1,2,3",1663229.61043848,12276549.5300252,original_DSS_layout_unknown_CRS,m1026658,m1026658,R03,13.21835861775686,True,True,12.47,TRUNK_OR_MINOR_LATERAL,,,,0,,0,450,396.8626966596886,600,721.6878364870323,750,1,UNVERIFIED,True,ENGINEERING_SCENARIO_NOT_FIELD_VERIFIED,PENDING
MV:m1026662,m1026662,MV_3PH,True,True,"1,2,3",1663670.99539889,12276922.2455455,original_DSS_layout_unknown_CRS,m1026662,m1026662,R03,12.889675735200706,True,True,12.47,TRUNK_OR_MINOR_LATERAL,,,,0,,0,450,396.8626966596886,600,721.6878364870323,750,1,UNVERIFIED,True,ENGINEERING_SCENARIO_NOT_FIELD_VERIFIED,PENDING
MV:m1026670,m1026670,MV_3PH,True,True,"1,2,3",1663755.13133497,12277054.7019937,original_DSS_layout_unknown_CRS,m1026670,m1026670,R03,12.80042580578404,True,True,12.47,TRUNK_OR_MINOR_LATERAL,,,,0,,0,450,396.8626966596886,600,721.6878364870323,750,1,UNVERIFIED,True,ENGINEERING_SCENARIO_NOT_FIELD_VERIFIED,PENDING
MV:m1026681,m1026681,MV_3PH,True,True,"1,2,3",1664316.53728749,12277560.8692901,original_DSS_layout_unknown_CRS,m1026681,m1026681,R03,12.42572882418744,True,True,12.47,TRUNK_OR_MINOR_LATERAL,,,,0,,0,450,396.8626966596886,600,721.6878364870323,750,1,UNVERIFIED,True,ENGINEERING_SCENARIO_NOT_FIELD_VERIFIED,PENDING
MV:m1026690,m1026690,MV_3PH,True,True,"1,2,3",1664697.56768784,12277902.3691945,original_DSS_layout_unknown_CRS,m1026690,m1026690,R03,12.201711927393825,True,True,12.47,TRUNK_OR_MINOR_LATERAL,,,,0,,0,450,396.8626966596886,600,721.6878364870323,750,1,UNVERIFIED,True,ENGINEERING_SCENARIO_NOT_FIELD_VERIFIED,PENDING
MV:m1026695,m1026695,MV_3PH,True,True,"1,2,3",1666395.69965743,12277981.7210025,original_DSS_layout_unknown_CRS,m1026695,m1026695,R03,11.260094165081156,True,True,12.47,TRUNK_OR_MINOR_LATERAL,,,,0,,0,450,396.8626966596886,600,721.6878364870323,750,1,UNVERIFIED,True,ENGINEERING_SCENARIO_NOT_FIELD_VERIFIED,PENDING
MV:m1026697,m1026697,MV_3PH,True,True,"1,2,3",1664850.22560799,12278036.0093866,original_DSS_layout_unknown_CRS,m1026697,m1026697,R03,12.11288388115246,True,True,12.47,TRUNK_OR_MINOR_LATERAL,,,,0,,0,450,396.8626966596886,600,721.6878364870323,750,1,UNVERIFIED,True,ENGINEERING_SCENARIO_NOT_FIELD_VERIFIED,PENDING
MV:m1026700,m1026700,MV_3PH,True,True,"1,2,3",1665859.20557693,12278130.2255787,original_DSS_layout_unknown_CRS,m1026700,m1026700,R03,11.586584049178846,True,True,12.47,TRUNK_OR_MINOR_LATERAL,,,,0,,0,450,396.8626966596886,600,721.6878364870323,750,1,UNVERIFIED,True,ENGINEERING_SCENARIO_NOT_FIELD_VERIFIED,PENDING
MV:m1026701,m1026701,MV_3PH,True,True,"1,2,3",1665004.39085613,12278164.4353707,original_DSS_layout_unknown_CRS,m1026701,m1026701,R03,12.025036603578503,True,True,12.47,TRUNK_OR_MINOR_LATERAL,,,,0,,0,450,396.8626966596886,600,721.6878364870323,750,1,UNVERIFIED,True,ENGINEERING_SCENARIO_NOT_FIELD_VERIFIED,PENDING
MV:m1026702,m1026702,MV_3PH,True,True,"1,2,3",1666852.66989785,12278175.7812907,original_DSS_layout_unknown_CRS,m1026702,m1026702,R03,10.969166335707838,True,True,12.47,TRUNK_OR_MINOR_LATERAL,,,,0,,0,450,396.8626966596886,600,721.6878364870323,750,1,UNVERIFIED,True,ENGINEERING_SCENARIO_NOT_FIELD_VERIFIED,PENDING
MV:m1026706,m1026706,MV_3PH,True,True,"1,2,3",1665604.65146469,12278248.0797868,original_DSS_layout_unknown_CRS,m1026706,m1026706,R03,11.750962691498009,True,True,12.47,TRUNK_OR_MINOR_LATERAL,,,,0,,0,450,396.8626966596886,600,721.6878364870323,750,1,UNVERIFIED,True,ENGINEERING_SCENARIO_NOT_FIELD_VERIFIED,PENDING
MV:m1026708,m1026708,MV_3PH,True,True,"1,2,3",1665173.51469629,12278260.1834668,original_DSS_layout_unknown_CRS,m1026708,m1026708,R03,11.939795186738452,True,True,12.47,TRUNK_OR_MINOR_LATERAL,,,,0,,0,450,396.8626966596886,600,721.6878364870323,750,1,UNVERIFIED,True,ENGINEERING_SCENARIO_NOT_FIELD_VERIFIED,PENDING
MV:m1026709,m1026709,MV_3PH,True,True,"1,2,3",1665171.11444029,12278260.2530988,original_DSS_layout_unknown_CRS,m1026709,m1026709,R03,11.940846497045321,True,True,12.47,TRUNK_OR_MINOR_LATERAL,,,,0,,0,450,396.8626966596886,600,721.6878364870323,750,1,UNVERIFIED,True,ENGINEERING_SCENARIO_NOT_FIELD_VERIFIED,PENDING
MV:m1026724,m1026724,MV_3PH,True,True,"1,2,3",1667122.8994021,12278485.229995,original_DSS_layout_unknown_CRS,m1026724,m1026724,R03,10.728587520358968,True,True,12.47,TRUNK_OR_MINOR_LATERAL,,,,0,,0,450,396.8626966596886,600,721.6878364870323,750,1,UNVERIFIED,True,ENGINEERING_SCENARIO_NOT_FIELD_VERIFIED,PENDING
MV:m1026726,m1026726,MV_3PH,True,True,"1,2,3",1665615.0266327,12278511.919531,original_DSS_layout_unknown_CRS,m1026726,m1026726,R03,11.905602695269744,True,True,12.47,TRUNK_OR_MINOR_LATERAL,,,,0,,0,450,396.8626966596886,600,721.6878364870323,750,1,UNVERIFIED,True,ENGINEERING_SCENARIO_NOT_FIELD_VERIFIED,PENDING
MV:m1026744,m1026744,MV_3PH,True,True,"1,2,3",1667364.42004233,12278982.1198515,original_DSS_layout_unknown_CRS,m1026744,m1026744,R03,10.405066546966168,True,True,12.47,TRUNK_OR_MINOR_LATERAL,,,,0,,0,450,396.8626966596886,600,721.6878364870323,750,1,UNVERIFIED,True,ENGINEERING_SCENARIO_NOT_FIELD_VERIFIED,PENDING
MV:m1026760,m1026760,MV_3PH,True,True,"1,2,3",1667519.71578647,12279326.4582838,original_DSS_layout_unknown_CRS,m1026760,m1026760,R03,10.183870253860585,True,True,12.47,TRUNK_OR_MINOR_LATERAL,,,,0,,0,450,396.8626966596886,600,721.6878364870323,750,1,UNVERIFIED,True,ENGINEERING_SCENARIO_NOT_FIELD_VERIFIED,PENDING
MV:m1026769,m1026769,MV_3PH,True,True,"1,2,3",1667706.53434665,12279688.8887481,original_DSS_layout_unknown_CRS,m1026769,m1026769,R03,9.94780924775978,True,True,12.47,TRUNK_OR_MINOR_LATERAL,,,,0,,0,450,396.8626966596886,600,721.6878364870323,750,1,UNVERIFIED,True,ENGINEERING_SCENARIO_NOT_FIELD_VERIFIED,PENDING
MV:m1026774,m1026774,MV_3PH,True,True,"1,2,3",1667857.88973879,12280049.7791165,original_DSS_layout_unknown_CRS,m1026774,m1026774,R03,9.718484093574986,True,True,12.47,TRUNK_OR_MINOR_LATERAL,,,,0,,0,450,396.8626966596886,600,721.6878364870323,750,1,UNVERIFIED,True,ENGINEERING_SCENARIO_NOT_FIELD_VERIFIED,PENDING
MV:m1026780,m1026780,MV_3PH,True,True,"1,2,3",1667999.91034692,12280371.0816448,original_DSS_layout_unknown_CRS,m1026780,m1026780,R03,9.512630034316437,True,True,12.47,TRUNK_OR_MINOR_LATERAL,,,,0,,0,450,396.8626966596886,600,721.6878364870323,750,1,UNVERIFIED,True,ENGINEERING_SCENARIO_NOT_FIELD_VERIFIED,PENDING
MV:m1026783,m1026783,MV_3PH,True,True,"1,2,3",1668025.07617094,12280424.2026688,original_DSS_layout_unknown_CRS,m1026783,m1026783,R03,9.478184971935534,True,True,12.47,TRUNK_OR_MINOR_LATERAL,,,,0,,0,450,396.8626966596886,600,721.6878364870323,750,1,UNVERIFIED,True,ENGINEERING_SCENARIO_NOT_FIELD_VERIFIED,PENDING
MV:m1026785,m1026785,MV_3PH,True,True,"1,2,3",1668061.77223498,12280514.6177729,original_DSS_layout_unknown_CRS,m1026785,m1026785,R03,9.42100482471255,True,True,12.47,TRUNK_OR_MINOR_LATERAL,,,,0,,0,450,396.8626966596886,600,721.6878364870323,750,1,UNVERIFIED,True,ENGINEERING_SCENARIO_NOT_FIELD_VERIFIED,PENDING
MV:m1026786,m1026786,MV_3PH,True,True,"1,2,3",1668066.54817098,12280526.3814849,original_DSS_layout_unknown_CRS,m1026786,m1026786,R03,9.413564911101174,True,True,12.47,TRUNK_OR_MINOR_LATERAL,,,,0,,0,450,396.8626966596886,600,721.6878364870323,750,1,UNVERIFIED,True,ENGINEERING_SCENARIO_NOT_FIELD_VERIFIED,PENDING
MV:m1026795,m1026795,MV_3PH,True,True,"1,2,3",1668183.45210709,12280738.2839491,original_DSS_layout_unknown_CRS,m1026795,m1026795,R03,9.271748218320877,True,True,12.47,TRUNK_OR_MINOR_LATERAL,,,,0,,0,450,396.8626966596886,600,721.6878364870323,750,1,UNVERIFIED,True,ENGINEERING_SCENARIO_NOT_FIELD_VERIFIED,PENDING
MV:m1026796,m1026796,MV_3PH,True,True,"1,2,3",1668185.20929109,12280838.0461252,original_DSS_layout_unknown_CRS,m1026796,m1026796,R03,9.21332023896942,True,True,12.47,TRUNK_OR_MINOR_LATERAL,,,,0,,0,450,396.8626966596886,600,721.6878364870323,750,1,UNVERIFIED,True,ENGINEERING_SCENARIO_NOT_FIELD_VERIFIED,PENDING
MV:m1026797,m1026797,MV_3PH,True,True,"1,2,3",1668187.35969109,12280846.1357252,original_DSS_layout_unknown_CRS,m1026797,m1026797,R03,9.208418605902267,True,True,12.47,TRUNK_OR_MINOR_LATERAL,,,,0,,0,450,396.8626966596886,600,721.6878364870323,750,1,UNVERIFIED,True,ENGINEERING_SCENARIO_NOT_FIELD_VERIFIED,PENDING
MV:m1026800,m1026800,MV_3PH,True,True,"1,2,3",1668244.72826715,12281028.8787654,original_DSS_layout_unknown_CRS,m1026800,m1026800,R03,9.096258400607727,True,True,12.47,TRUNK_OR_MINOR_LATERAL,,,,0,,0,450,396.8626966596886,600,721.6878364870323,750,1,UNVERIFIED,True,ENGINEERING_SCENARIO_NOT_FIELD_VERIFIED,PENDING
MV:m1026807,m1026807,MV_3PH,True,True,"1,2,3",1668469.72154736,12281304.4453576,original_DSS_layout_unknown_CRS,m1026807,m1026807,R03,8.929449325523937,True,True,12.47,TRUNK_OR_MINOR_LATERAL,,,,0,,0,450,396.8626966596886,600,721.6878364870323,750,1,UNVERIFIED,True,ENGINEERING_SCENARIO_NOT_FIELD_VERIFIED,PENDING
MV:m1026808,m1026808,MV_3PH,True,True,"1,2,3",1668484.25005937,12281312.2687176,original_DSS_layout_unknown_CRS,m1026808,m1026808,R03,8.922224946656012,True,True,12.47,TRUNK_OR_MINOR_LATERAL,,,,0,,0,450,396.8626966596886,600,721.6878364870323,750,1,UNVERIFIED,True,ENGINEERING_SCENARIO_NOT_FIELD_VERIFIED,PENDING
MV:m1026824,m1026824,MV_3PH,True,True,"1,2,3",1663101.80704636,12283078.7875033,original_DSS_layout_unknown_CRS,m1026824,m1026824,R04,11.865719831957133,True,True,12.47,MAJOR:m1047526,,,,0,,0,450,396.8626966596886,600,721.6878364870323,750,1,UNVERIFIED,True,ENGINEERING_SCENARIO_NOT_FIELD_VERIFIED,PENDING
MV:m1026829,m1026829,MV_3PH,True,True,"1,2,3",1663147.9648704,12283526.0666077,original_DSS_layout_unknown_CRS,m1026829,m1026829,R04,11.602410349565359,True,True,12.47,MAJOR:m1047526,,,,0,,0,450,396.8626966596886,600,721.6878364870323,750,1,UNVERIFIED,True,ENGINEERING_SCENARIO_NOT_FIELD_VERIFIED,PENDING
MV:m1026830,m1026830,MV_3PH,True,True,"1,2,3",1668562.63930744,12283624.8621278,original_DSS_layout_unknown_CRS,m1026830,m1026830,R05,8.323524755250448,True,True,12.47,MAJOR:m1047526,,,,0,,0,450,396.8626966596886,600,721.6878364870323,750,1,UNVERIFIED,True,ENGINEERING_SCENARIO_NOT_FIELD_VERIFIED,PENDING
MV:m1026834,m1026834,MV_3PH,True,True,"1,2,3",1663145.4376384,12283703.2227039,original_DSS_layout_unknown_CRS,m1026834,m1026834,R04,11.498660403834991,True,True,12.47,MAJOR:m1047526,,,,0,,0,450,396.8626966596886,600,721.6878364870323,750,1,UNVERIFIED,True,ENGINEERING_SCENARIO_NOT_FIELD_VERIFIED,PENDING
MV:m1026844,m1026844,MV_3PH,True,True,"1,2,3",1663141.5996864,12283974.9390561,original_DSS_layout_unknown_CRS,m1026844,m1026844,R04,11.339532326478269,True,True,12.47,MAJOR:m1047526,,,,0,,0,450,396.8626966596886,600,721.6878364870323,750,1,UNVERIFIED,True,ENGINEERING_SCENARIO_NOT_FIELD_VERIFIED,PENDING
MV:m1026851,m1026851,MV_3PH,True,True,"1,2,3",1665657.15808874,12284210.0494563,original_DSS_layout_unknown_CRS,m1026851,m1026851,R04,9.389398878269095,True,True,12.47,MAJOR:m1047526,,,,0,,0,450,396.8626966596886,600,721.6878364870323,750,1,UNVERIFIED,True,ENGINEERING_SCENARIO_NOT_FIELD_VERIFIED,PENDING
MV:m1026852,m1026852,MV_3PH,True,True,"1,2,3",1666319.62055336,12284211.4380003,original_DSS_layout_unknown_CRS,m1026852,m1026852,R05,9.16865580158046,True,True,12.47,MAJOR:m1047526,,,,0,,0,450,396.8626966596886,600,721.6878364870323,750,1,UNVERIFIED,True,ENGINEERING_SCENARIO_NOT_FIELD_VERIFIED,PENDING
MV:m1026854,m1026854,MV_3PH,True,True,"1,2,3",1666749.15168976,12284240.8513764,original_DSS_layout_unknown_CRS,m1026854,m1026854,R05,9.025205592592357,True,True,12.47,MAJOR:m1047526,,,,0,,0,450,396.8626966596886,600,721.6878364870323,750,1,UNVERIFIED,True,ENGINEERING_SCENARIO_NOT_FIELD_VERIFIED,PENDING
MV:m1026855,m1026855,MV_3PH,True,True,"1,2,3",1667474.09863443,12284247.7695204,original_DSS_layout_unknown_CRS,m1026855,m1026855,R05,8.753275292197735,True,True,12.47,MAJOR:m1047526,,,,0,,0,450,396.8626966596886,600,721.6878364870323,750,1,UNVERIFIED,True,ENGINEERING_SCENARIO_NOT_FIELD_VERIFIED,PENDING
MV:m1026858,m1026858,MV_3PH,True,True,"1,2,3",1666903.8780899,12284281.9219684,original_DSS_layout_unknown_CRS,m1026858,m1026858,R05,8.971867191125673,True,True,12.47,MAJOR:m1047526,,,,0,,0,450,396.8626966596886,600,721.6878364870323,750,1,UNVERIFIED,True,ENGINEERING_SCENARIO_NOT_FIELD_VERIFIED,PENDING
MV:m1026861,m1026861,MV_3PH,True,True,"1,2,3",1667392.10900235,12284337.3900005,original_DSS_layout_unknown_CRS,m1026861,m1026861,R05,8.793746621805605,True,True,12.47,MAJOR:m1047526,,,,0,,0,450,396.8626966596886,600,721.6878364870323,750,1,UNVERIFIED,True,ENGINEERING_SCENARIO_NOT_FIELD_VERIFIED,PENDING
MV:m1026866,m1026866,MV_3PH,True,True,"1,2,3",1663095.04045435,12284413.7804005,original_DSS_layout_unknown_CRS,m1026866,m1026866,R04,11.081112548421434,True,True,12.47,MAJOR:m1047526,,,,0,,0,450,396.8626966596886,600,721.6878364870323,750,1,UNVERIFIED,True,ENGINEERING_SCENARIO_NOT_FIELD_VERIFIED,PENDING
MV:m1026872,m1026872,MV_3PH,True,True,"1,2,3",1665207.33946432,12284644.3483367,original_DSS_layout_unknown_CRS,m1026872,m1026872,R04,9.608754069704714,True,True,12.47,MAJOR:m1047526,,,,0,,0,450,396.8626966596886,600,721.6878364870323,750,1,UNVERIFIED,True,ENGINEERING_SCENARIO_NOT_FIELD_VERIFIED,PENDING
MV:m1026876,m1026876,MV_3PH,True,True,"1,2,3",1663073.92147833,12284758.0205288,original_DSS_layout_unknown_CRS,m1026876,m1026876,R04,10.879149083401012,True,True,12.47,MAJOR:m1047526,,,,0,,0,450,396.8626966596886,600,721.6878364870323,750,1,UNVERIFIED,True,ENGINEERING_SCENARIO_NOT_FIELD_VERIFIED,PENDING
MV:m1026886,m1026886,MV_3PH,True,True,"1,2,3",1664788.85114393,12285130.1216492,original_DSS_layout_unknown_CRS,m1026886,m1026886,R04,9.823844321645158,True,True,12.47,MAJOR:m1047526,,,,0,,0,450,396.8626966596886,600,721.6878364870323,750,1,UNVERIFIED,True,ENGINEERING_SCENARIO_NOT_FIELD_VERIFIED,PENDING
MV:m1026891,m1026891,MV_3PH,True,True,"1,2,3",1663258.8886465,12285227.3688813,original_DSS_layout_unknown_CRS,m1026891,m1026891,R04,10.58205381184261,True,True,12.47,MAJOR:m1047526,,,,0,,0,450,396.8626966596886,600,721.6878364870323,750,1,UNVERIFIED,True,ENGINEERING_SCENARIO_NOT_FIELD_VERIFIED,PENDING
MV:m1026896,m1026896,MV_3PH,True,True,"1,2,3",1664477.26023164,12285279.3962733,original_DSS_layout_unknown_CRS,m1026896,m1026896,R04,9.938961876677915,True,True,12.47,MAJOR:m1047526,,,,0,,0,450,396.8626966596886,600,721.6878364870323,750,1,UNVERIFIED,True,ENGINEERING_SCENARIO_NOT_FIELD_VERIFIED,PENDING
MV:m1026902,m1026902,MV_3PH,True,True,"1,2,3",1664149.01907933,12285455.3727215,original_DSS_layout_unknown_CRS,m1026902,m1026902,R04,10.063054476650217,True,True,12.47,MAJOR:m1047526,,,,0,,0,450,396.8626966596886,600,721.6878364870323,750,1,UNVERIFIED,True,ENGINEERING_SCENARIO_NOT_FIELD_VERIFIED,PENDING
MV:m1026905,m1026905,MV_3PH,True,True,"1,2,3",1663847.40192705,12285579.3709296,original_DSS_layout_unknown_CRS,m1026905,m1026905,R04,10.171711116427915,True,True,12.47,MAJOR:m1047526,,,,0,,0,450,396.8626966596886,600,721.6878364870323,750,1,UNVERIFIED,True,ENGINEERING_SCENARIO_NOT_FIELD_VERIFIED,PENDING
MV:m1026907,m1026907,MV_3PH,True,True,"1,2,3",1663440.45203867,12285655.2984817,original_DSS_layout_unknown_CRS,m1026907,m1026907,R04,10.309642193812346,True,True,12.47,MAJOR:m1047526,,,,0,,0,450,396.8626966596886,600,721.6878364870323,750,1,UNVERIFIED,True,ENGINEERING_SCENARIO_NOT_FIELD_VERIFIED,PENDING
MV:m1026915,m1026915,MV_3PH,True,True,"1,2,3",1663539.86195877,12285876.8797939,original_DSS_layout_unknown_CRS,m1026915,m1026915,R04,10.429426451475193,True,True,12.47,MAJOR:m1047526,,,,0,,0,450,396.8626966596886,600,721.6878364870323,750,1,UNVERIFIED,True,ENGINEERING_SCENARIO_NOT_FIELD_VERIFIED,PENDING
MV:m1026920,m1026920,MV_3PH,True,True,"1,2,3",1663580.1502148,12286004.691378,original_DSS_layout_unknown_CRS,m1026920,m1026920,R04,10.495524027707452,True,True,12.47,MAJOR:m1047526,,,,0,,0,450,396.8626966596886,600,721.6878364870323,750,1,UNVERIFIED,True,ENGINEERING_SCENARIO_NOT_FIELD_VERIFIED,PENDING
MV:m1026926,m1026926,MV_3PH,True,True,"1,2,3",1663676.38163889,12286297.4202103,original_DSS_layout_unknown_CRS,m1026926,m1026926,R04,10.64750670853265,True,True,12.47,MAJOR:m1047526,,,,0,,0,450,396.8626966596886,600,721.6878364870323,750,1,UNVERIFIED,True,ENGINEERING_SCENARIO_NOT_FIELD_VERIFIED,PENDING
MV:m1026927,m1026927,MV_3PH,True,True,"1,2,3",1663711.82842293,12286326.9687543,original_DSS_layout_unknown_CRS,m1026927,m1026927,R04,10.670267806186596,True,True,12.47,MAJOR:m1047526,,,,0,,0,450,396.8626966596886,600,721.6878364870323,750,1,UNVERIFIED,True,ENGINEERING_SCENARIO_NOT_FIELD_VERIFIED,PENDING
MV:m1026950,m1026950,MV_3PH,True,True,"1,2,3",1664282.24147946,12288006.4803079,original_DSS_layout_unknown_CRS,m1026950,m1026950,R04,11.687348999943712,True,True,12.47,MAJOR:m1047526,,,,0,,0,450,396.8626966596886,600,721.6878364870323,750,1,UNVERIFIED,True,ENGINEERING_SCENARIO_NOT_FIELD_VERIFIED,PENDING
MV:m1026954,m1026954,MV_3PH,True,True,"1,2,3",1664388.45895156,12288335.5406602,original_DSS_layout_unknown_CRS,m1026954,m1026954,R04,11.857902917476832,True,True,12.47,MAJOR:m1047526,,,,0,,0,450,396.8626966596886,600,721.6878364870323,750,1,UNVERIFIED,True,ENGINEERING_SCENARIO_NOT_FIELD_VERIFIED,PENDING
MV:m1026960,m1026960,MV_3PH,True,True,"1,2,3",1664652.5608398,12289152.7991569,original_DSS_layout_unknown_CRS,m1026960,m1026960,R04,12.286245125366332,True,True,12.47,MAJOR:m1047526,,,,0,,0,450,396.8626966596886,600,721.6878364870323,750,1,UNVERIFIED,True,ENGINEERING_SCENARIO_NOT_FIELD_VERIFIED,PENDING
MV:m1026970,m1026970,MV_3PH,True,True,"1,2,3",1664637.81523979,12289412.9975572,original_DSS_layout_unknown_CRS,m1026970,m1026970,R04,12.40034665380328,True,True,12.47,MAJOR:m1047526,,,,0,,0,450,396.8626966596886,600,721.6878364870323,750,1,UNVERIFIED,True,ENGINEERING_SCENARIO_NOT_FIELD_VERIFIED,PENDING
MV:m1026977,m1026977,MV_3PH,True,True,"1,2,3",1664706.35360785,12289606.3697174,original_DSS_layout_unknown_CRS,m1026977,m1026977,R04,12.490168419300966,True,True,12.47,MAJOR:m1047526,,,,0,,0,450,396.8626966596886,600,721.6878364870323,750,1,UNVERIFIED,True,ENGINEERING_SCENARIO_NOT_FIELD_VERIFIED,PENDING
MV:m1026978,m1026978,MV_3PH,True,True,"1,2,3",1664802.43347994,12289777.4104855,original_DSS_layout_unknown_CRS,m1026978,m1026978,R04,12.576058612382342,True,True,12.47,MAJOR:m1047526,,,,0,,0,450,396.8626966596886,600,721.6878364870323,750,1,UNVERIFIED,True,ENGINEERING_SCENARIO_NOT_FIELD_VERIFIED,PENDING
MV:m1026979,m1026979,MV_3PH,True,True,"1,2,3",1664804.48557594,12289792.2298135,original_DSS_layout_unknown_CRS,m1026979,m1026979,R04,12.58260864563969,True,True,12.47,MAJOR:m1047526,,,,0,,0,450,396.8626966596886,600,721.6878364870323,750,1,UNVERIFIED,True,ENGINEERING_SCENARIO_NOT_FIELD_VERIFIED,PENDING
MV:m1026984,m1026984,MV_3PH,True,True,"1,2,3",1664836.36064797,12290022.1055257,original_DSS_layout_unknown_CRS,m1026984,m1026984,R04,12.68421460244181,True,True,12.47,MAJOR:m1047526,,,,0,,0,450,396.8626966596886,600,721.6878364870323,750,1,UNVERIFIED,True,ENGINEERING_SCENARIO_NOT_FIELD_VERIFIED,PENDING
MV:m1026986,m1026986,MV_3PH,True,True,"1,2,3",1664843.90957598,12290258.223542,original_DSS_layout_unknown_CRS,m1026986,m1026986,R04,12.787643416398236,True,True,12.47,MAJOR:m1047526,,,,0,,0,450,396.8626966596886,600,721.6878364870323,750,1,UNVERIFIED,True,ENGINEERING_SCENARIO_NOT_FIELD_VERIFIED,PENDING
MV:m1026997,m1026997,MV_3PH,True,True,"1,2,3",1664906.44320804,12290753.1022624,original_DSS_layout_unknown_CRS,m1026997,m1026997,R04,13.006050315150237,True,True,12.47,MAJOR:m1047526,,,,0,,0,450,396.8626966596886,600,721.6878364870323,750,1,UNVERIFIED,True,ENGINEERING_SCENARIO_NOT_FIELD_VERIFIED,PENDING
MV:m1027000,m1027000,MV_3PH,True,True,"1,2,3",1664921.53696805,12290950.4065826,original_DSS_layout_unknown_CRS,m1027000,m1027000,R04,13.092685491720498,True,True,12.47,MAJOR:m1047526,,,,0,,0,450,396.8626966596886,600,721.6878364870323,750,1,UNVERIFIED,True,ENGINEERING_SCENARIO_NOT_FIELD_VERIFIED,PENDING
MV:m1027002,m1027002,MV_3PH,True,True,"1,2,3",1664920.50068005,12291452.8792871,original_DSS_layout_unknown_CRS,m1027002,m1027002,R04,13.328783434465402,True,True,12.47,MAJOR:m1047526,,,,0,,0,450,396.8626966596886,600,721.6878364870323,750,1,UNVERIFIED,True,ENGINEERING_SCENARIO_NOT_FIELD_VERIFIED,PENDING
MV:m1027011,m1027011,MV_3PH,True,True,"1,2,3",1664903.58829604,12291968.2830636,original_DSS_layout_unknown_CRS,m1027011,m1027011,R04,13.583131310261342,True,True,12.47,MAJOR:m1047526,,,,0,,0,450,396.8626966596886,600,721.6878364870323,750,1,UNVERIFIED,True,ENGINEERING_SCENARIO_NOT_FIELD_VERIFIED,PENDING
MV:m1027013,m1027013,MV_3PH,True,True,"1,2,3",1664889.78068002,12292299.7109039,original_DSS_layout_unknown_CRS,m1027013,m1027013,R04,13.7467416289909,True,True,12.47,MAJOR:m1047526,,,,0,,0,450,396.8626966596886,600,721.6878364870323,750,1,UNVERIFIED,True,ENGINEERING_SCENARIO_NOT_FIELD_VERIFIED,PENDING
MV:m1027023,m1027023,MV_3PH,True,True,"1,2,3",1664876.28026401,12292622.9999922,original_DSS_layout_unknown_CRS,m1027023,m1027023,R04,13.9063348741211,True,True,12.47,MAJOR:m1047526,,,,0,,0,450,396.8626966596886,600,721.6878364870323,750,1,UNVERIFIED,True,ENGINEERING_SCENARIO_NOT_FIELD_VERIFIED,PENDING
MV:m1027039,m1027039,MV_3PH,True,True,"1,2,3",1664895.33076003,12292976.6814005,original_DSS_layout_unknown_CRS,m1027039,m1027039,R04,14.081481608395604,True,True,12.47,MAJOR:m1047526,,,,0,,0,450,396.8626966596886,600,721.6878364870323,750,1,UNVERIFIED,True,ENGINEERING_SCENARIO_NOT_FIELD_VERIFIED,PENDING
MV:m1027043,m1027043,MV_3PH,True,True,"1,2,3",1664892.57005603,12293065.3802806,original_DSS_layout_unknown_CRS,m1027043,m1027043,R04,14.12525130296691,True,True,12.47,MAJOR:m1047526,,,,0,,0,450,396.8626966596886,600,721.6878364870323,750,1,UNVERIFIED,True,ENGINEERING_SCENARIO_NOT_FIELD_VERIFIED,PENDING
MV:m1027055,m1027055,MV_3PH,True,True,"1,2,3",1664887.74906402,12293210.2394167,original_DSS_layout_unknown_CRS,m1027055,m1027055,R04,14.196739013311515,True,True,12.47,MAJOR:m1047526,,,,0,,0,450,396.8626966596886,600,721.6878364870323,750,1,UNVERIFIED,True,ENGINEERING_SCENARIO_NOT_FIELD_VERIFIED,PENDING
MV:m1047292,m1047292,MV_3PH,True,True,"1,2,3",1668696.70138757,12261694.4889874,original_DSS_layout_unknown_CRS,m1047292,m1047292,R08,12.999435034071894,True,True,12.47,MAJOR:l3081380,,,,0,,0,450,396.8626966596886,600,721.6878364870323,750,1,UNVERIFIED,True,ENGINEERING_SCENARIO_NOT_FIELD_VERIFIED,PENDING
MV:m1047293,m1047293,MV_3PH,True,True,"1,2,3",1668746.82823562,12261737.3085714,original_DSS_layout_unknown_CRS,m1047293,m1047293,R08,12.960830054382274,True,True,12.47,MAJOR:l3081380,,,,0,,0,450,396.8626966596886,600,721.6878364870323,750,1,UNVERIFIED,True,ENGINEERING_SCENARIO_NOT_FIELD_VERIFIED,PENDING
MV:m1047299,m1047299,MV_3PH,True,True,"1,2,3",1669187.75034803,12262068.8797717,original_DSS_layout_unknown_CRS,m1047299,m1047299,R08,12.63739958104739,True,True,12.47,MAJOR:l3081380,,,,0,,0,450,396.8626966596886,600,721.6878364870323,750,1,UNVERIFIED,True,ENGINEERING_SCENARIO_NOT_FIELD_VERIFIED,PENDING
MV:m1047300,m1047300,MV_3PH,True,True,"1,2,3",1669332.88801216,12262215.3609239,original_DSS_layout_unknown_CRS,m1047300,m1047300,R08,12.516648021934037,True,True,12.47,MAJOR:l3081380,,,,0,,0,450,396.8626966596886,600,721.6878364870323,750,1,UNVERIFIED,True,ENGINEERING_SCENARIO_NOT_FIELD_VERIFIED,PENDING
MV:m1047303,m1047303,MV_3PH,True,True,"1,2,3",1669665.00807647,12262537.7611802,original_DSS_layout_unknown_CRS,m1047303,m1047303,R08,12.245580383365299,True,True,12.47,MAJOR:l3081380,,,,0,,0,450,396.8626966596886,600,721.6878364870323,750,1,UNVERIFIED,True,ENGINEERING_SCENARIO_NOT_FIELD_VERIFIED,PENDING
MV:m1047309,m1047309,MV_3PH,True,True,"1,2,3",1670360.02964512,12263220.7487008,original_DSS_layout_unknown_CRS,m1047309,m1047309,R08,11.673254113144296,True,True,12.47,MAJOR:l3081380,,,,0,,0,450,396.8626966596886,600,721.6878364870323,750,1,UNVERIFIED,True,ENGINEERING_SCENARIO_NOT_FIELD_VERIFIED,PENDING
MV:m1047312,m1047312,MV_3PH,True,True,"1,2,3",1670458.30087721,12263309.3083169,original_DSS_layout_unknown_CRS,m1047312,m1047312,R08,11.595734375405305,True,True,12.47,MAJOR:l3081380,,,,0,,0,450,396.8626966596886,600,721.6878364870323,750,1,UNVERIFIED,True,ENGINEERING_SCENARIO_NOT_FIELD_VERIFIED,PENDING
MV:m1047316,m1047316,MV_3PH,True,True,"1,2,3",1670735.69018947,12263567.7290531,original_DSS_layout_unknown_CRS,m1047316,m1047316,R08,11.373531635196674,True,True,12.47,MAJOR:l3081380,,,,0,,0,450,396.8626966596886,600,721.6878364870323,750,1,UNVERIFIED,True,ENGINEERING_SCENARIO_NOT_FIELD_VERIFIED,PENDING
MV:m1047324,m1047324,MV_3PH,True,True,"1,2,3",1671172.72929387,12264000.0004135,original_DSS_layout_unknown_CRS,m1047324,m1047324,R08,11.013347978612796,True,True,12.47,MAJOR:l3081380,,,,0,,0,450,396.8626966596886,600,721.6878364870323,750,1,UNVERIFIED,True,ENGINEERING_SCENARIO_NOT_FIELD_VERIFIED,PENDING
MV:m1047325,m1047325,MV_3PH,True,True,"1,2,3",1671194.02849389,12264021.3119015,original_DSS_layout_unknown_CRS,m1047325,m1047325,R08,10.99570421750218,True,True,12.47,MAJOR:l3081380,,,,0,,0,450,396.8626966596886,600,721.6878364870323,750,1,UNVERIFIED,True,ENGINEERING_SCENARIO_NOT_FIELD_VERIFIED,PENDING
MV:m1047339,m1047339,MV_3PH,True,True,"1,2,3",1671536.88827021,12264379.6013099,original_DSS_layout_unknown_CRS,m1047339,m1047339,R08,10.70386778506389,True,True,12.47,MAJOR:l3081380,,,,0,,0,450,396.8626966596886,600,721.6878364870323,750,1,UNVERIFIED,True,ENGINEERING_SCENARIO_NOT_FIELD_VERIFIED,PENDING
MV:m1047345,m1047345,MV_3PH,True,True,"1,2,3",1671856.24110251,12264646.3819821,original_DSS_layout_unknown_CRS,m1047345,m1047345,R08,10.467190159561076,True,True,12.47,MAJOR:l3081380,,,,0,,0,450,396.8626966596886,600,721.6878364870323,750,1,UNVERIFIED,True,ENGINEERING_SCENARIO_NOT_FIELD_VERIFIED,PENDING
MV:m1047346,m1047346,MV_3PH,True,True,"1,2,3",1671966.14907061,12264735.5887662,original_DSS_layout_unknown_CRS,m1047346,m1047346,R08,10.386679129084218,True,True,12.47,MAJOR:l3081380,,,,0,,0,450,396.8626966596886,600,721.6878364870323,750,1,UNVERIFIED,True,ENGINEERING_SCENARIO_NOT_FIELD_VERIFIED,PENDING
MV:m1047480,m1047480,MV_3PH,True,True,"1,2,3",1672522.05819113,12280006.3738044,original_DSS_layout_unknown_CRS,m1047480,m1047480,R06,9.64678519058967,True,True,12.47,MAJOR:l2820531,,,,0,,0,450,396.8626966596886,600,721.6878364870323,750,1,UNVERIFIED,True,ENGINEERING_SCENARIO_NOT_FIELD_VERIFIED,PENDING
MV:m1047483,m1047483,MV_3PH,True,True,"1,2,3",1672308.09953493,12280156.0498366,original_DSS_layout_unknown_CRS,m1047483,m1047483,R06,9.559784429384958,True,True,12.47,MAJOR:l2820531,,,,0,,0,450,396.8626966596886,600,721.6878364870323,750,1,UNVERIFIED,True,ENGINEERING_SCENARIO_NOT_FIELD_VERIFIED,PENDING
MV:m1047484,m1047484,MV_3PH,True,True,"1,2,3",1672044.01812669,12280300.0406207,original_DSS_layout_unknown_CRS,m1047484,m1047484,R06,9.459542052743354,True,True,12.47,MAJOR:l2820531,,,,0,,0,450,396.8626966596886,600,721.6878364870323,750,1,UNVERIFIED,True,ENGINEERING_SCENARIO_NOT_FIELD_VERIFIED,PENDING
MV:m1047485,m1047485,MV_3PH,True,True,"1,2,3",1670700.99706944,12280408.4043968,original_DSS_layout_unknown_CRS,m1047485,m1047485,R06,8.984627414699032,True,True,12.47,MAJOR:l2820531,,,,0,,0,450,396.8626966596886,600,721.6878364870323,750,1,UNVERIFIED,True,ENGINEERING_SCENARIO_NOT_FIELD_VERIFIED,PENDING
MV:m1047486,m1047486,MV_3PH,True,True,"1,2,3",1671735.5811344,12280409.2195008,original_DSS_layout_unknown_CRS,m1047486,m1047486,R06,9.35052588584882,True,True,12.47,MAJOR:l2820531,,,,0,,0,450,396.8626966596886,600,721.6878364870323,750,1,UNVERIFIED,True,ENGINEERING_SCENARIO_NOT_FIELD_VERIFIED,PENDING
MV:m1047490,m1047490,MV_3PH,True,True,"1,2,3",1670303.60724507,12280731.3821891,original_DSS_layout_unknown_CRS,m1047490,m1047490,R06,8.81290556425961,True,True,12.47,MAJOR:l2820531,,,,0,,0,450,396.8626966596886,600,721.6878364870323,750,1,UNVERIFIED,True,ENGINEERING_SCENARIO_NOT_FIELD_VERIFIED,PENDING
MV:m1047497,m1047497,MV_3PH,True,True,"1,2,3",1669877.86900467,12281433.9403978,original_DSS_layout_unknown_CRS,m1047497,m1047497,R06,8.53033534079573,True,True,12.47,MAJOR:l2820531,,,,0,,0,450,396.8626966596886,600,721.6878364870323,750,1,UNVERIFIED,True,ENGINEERING_SCENARIO_NOT_FIELD_VERIFIED,PENDING
MV:m1047503,m1047503,MV_3PH,True,True,"1,2,3",1668955.67098781,12281655.632302,original_DSS_layout_unknown_CRS,m1047503,m1047503,R03,8.580219437297048,True,True,12.47,TRUNK_OR_MINOR_LATERAL,,,,0,,0,450,396.8626966596886,600,721.6878364870323,750,1,UNVERIFIED,True,ENGINEERING_SCENARIO_NOT_FIELD_VERIFIED,PENDING
MV:m1047507,m1047507,MV_3PH,True,True,"1,2,3",1669375.2447482,12281914.2619342,original_DSS_layout_unknown_CRS,m1047507,m1047507,R03,8.291579162371313,True,True,12.47,TRUNK_OR_MINOR_LATERAL,,,,0,,0,450,396.8626966596886,600,721.6878364870323,750,1,UNVERIFIED,True,ENGINEERING_SCENARIO_NOT_FIELD_VERIFIED,PENDING
MV:m1047513,m1047513,MV_3PH,True,True,"1,2,3",1669570.57070038,12282032.0301263,original_DSS_layout_unknown_CRS,m1047513,m1047513,R03,8.158017752906478,True,True,12.47,TRUNK_OR_MINOR_LATERAL,,,,0,,0,450,396.8626966596886,600,721.6878364870323,750,1,UNVERIFIED,True,ENGINEERING_SCENARIO_NOT_FIELD_VERIFIED,PENDING
MV:m1047515,m1047515,MV_3PH,True,True,"1,2,3",1669891.14823668,12282216.1903825,original_DSS_layout_unknown_CRS,m1047515,m1047515,R03,7.941522713605521,True,True,12.47,TRUNK_OR_MINOR_LATERAL,,,,0,,0,450,396.8626966596886,600,721.6878364870323,750,1,UNVERIFIED,True,ENGINEERING_SCENARIO_NOT_FIELD_VERIFIED,PENDING
MV:m1047521,m1047521,MV_3PH,True,True,"1,2,3",1670503.56167725,12282443.8501587,original_DSS_layout_unknown_CRS,m1047521,m1047521,R03,7.556808473217286,True,True,12.47,TRUNK_OR_MINOR_LATERAL,,,,0,,0,450,396.8626966596886,600,721.6878364870323,750,1,UNVERIFIED,True,ENGINEERING_SCENARIO_NOT_FIELD_VERIFIED,PENDING
MV:m1047522,m1047522,MV_3PH,True,True,"1,2,3",1670841.69057357,12282449.1995347,original_DSS_layout_unknown_CRS,m1047522,m1047522,R03,7.4441335488750155,True,True,12.47,TRUNK_OR_MINOR_LATERAL,,,,0,,0,450,396.8626966596886,600,721.6878364870323,750,1,UNVERIFIED,True,ENGINEERING_SCENARIO_NOT_FIELD_VERIFIED,PENDING
MV:m1047526,m1047526,MV_3PH,True,True,"1,2,3",1670383.99124514,12282512.2615508,original_DSS_layout_unknown_CRS,m1047526,m1047526,R05,7.602861661394261,True,True,12.47,MAJOR:m1047526,,,,0,,0,450,396.8626966596886,600,721.6878364870323,750,1,UNVERIFIED,True,ENGINEERING_SCENARIO_NOT_FIELD_VERIFIED,PENDING
MV:m1047528,m1047528,MV_3PH,True,True,"1,2,3",1670267.38222103,12282578.9853908,original_DSS_layout_unknown_CRS,m1047528,m1047528,R05,7.647625372716113,True,True,12.47,MAJOR:m1047526,,,,0,,0,450,396.8626966596886,600,721.6878364870323,750,1,UNVERIFIED,True,ENGINEERING_SCENARIO_NOT_FIELD_VERIFIED,PENDING
MV:m1047534,m1047534,MV_3PH,True,True,"1,2,3",1671310.240206,12282700.4113109,original_DSS_layout_unknown_CRS,m1047534,m1047534,R03,7.266995367883694,True,True,12.47,TRUNK_OR_MINOR_LATERAL,,,,0,,0,450,396.8626966596886,600,721.6878364870323,750,1,UNVERIFIED,True,ENGINEERING_SCENARIO_NOT_FIELD_VERIFIED,PENDING
MV:m1047548,m1047548,MV_3PH,True,True,"1,2,3",1669648.84116446,12282858.9183191,original_DSS_layout_unknown_CRS,m1047548,m1047548,R05,7.8744124313071,True,True,12.47,MAJOR:m1047526,,,,0,,0,450,396.8626966596886,600,721.6878364870323,750,1,UNVERIFIED,True,ENGINEERING_SCENARIO_NOT_FIELD_VERIFIED,PENDING
MV:m1047550,m1047550,MV_3PH,True,True,"1,2,3",1671591.56987026,12282867.5608791,original_DSS_layout_unknown_CRS,m1047550,m1047550,R03,7.157962932882861,True,True,12.47,TRUNK_OR_MINOR_LATERAL,,,,0,,0,450,396.8626966596886,600,721.6878364870323,750,1,UNVERIFIED,True,ENGINEERING_SCENARIO_NOT_FIELD_VERIFIED,PENDING
MV:m1047552,m1047552,MV_3PH,True,True,"1,2,3",1669587.4093564,12282875.0483671,original_DSS_layout_unknown_CRS,m1047552,m1047552,R05,7.895574643580085,True,True,12.47,MAJOR:m1047526,,,,0,,0,450,396.8626966596886,600,721.6878364870323,750,1,UNVERIFIED,True,ENGINEERING_SCENARIO_NOT_FIELD_VERIFIED,PENDING
MV:m1047558,m1047558,MV_3PH,True,True,"1,2,3",1671749.56897441,12282953.5604952,original_DSS_layout_unknown_CRS,m1047558,m1047558,R03,7.098023289806763,True,True,12.47,TRUNK_OR_MINOR_LATERAL,,,,0,,0,450,396.8626966596886,600,721.6878364870323,750,1,UNVERIFIED,True,ENGINEERING_SCENARIO_NOT_FIELD_VERIFIED,PENDING
MV:m1047566,m1047566,MV_3PH,True,True,"1,2,3",1672170.9982228,12283080.0408793,original_DSS_layout_unknown_CRS,m1047566,m1047566,R03,7.123860146884051,True,True,12.47,TRUNK_OR_MINOR_LATERAL,,,,0,,0,450,396.8626966596886,600,721.6878364870323,750,1,UNVERIFIED,True,ENGINEERING_SCENARIO_NOT_FIELD_VERIFIED,PENDING
MV:m1047568,m1047568,MV_3PH,True,True,"1,2,3",1671979.51841463,12283141.7102553,original_DSS_layout_unknown_CRS,m1047568,m1047568,R03,6.999027975778355,True,True,12.47,TRUNK_OR_MINOR_LATERAL,,,,0,,0,450,396.8626966596886,600,721.6878364870323,750,1,UNVERIFIED,True,ENGINEERING_SCENARIO_NOT_FIELD_VERIFIED,PENDING
MV:m1047572,m1047572,MV_3PH,True,True,"1,2,3",1669769.62810857,12283249.6685274,original_DSS_layout_unknown_CRS,m1047572,m1047572,R05,8.113911257396499,True,True,12.47,MAJOR:m1047526,,,,0,,0,450,396.8626966596886,600,721.6878364870323,750,1,UNVERIFIED,True,ENGINEERING_SCENARIO_NOT_FIELD_VERIFIED,PENDING
MV:m1047574,m1047574,MV_3PH,True,True,"1,2,3",1672117.41844675,12283282.8297435,original_DSS_layout_unknown_CRS,m1047574,m1047574,R03,6.931871740806795,True,True,12.47,TRUNK_OR_MINOR_LATERAL,,,,0,,0,450,396.8626966596886,600,721.6878364870323,750,1,UNVERIFIED,True,ENGINEERING_SCENARIO_NOT_FIELD_VERIFIED,PENDING
MV:m1047577,m1047577,MV_3PH,True,True,"1,2,3",1669075.98279592,12283312.3619035,original_DSS_layout_unknown_CRS,m1047577,m1047577,R05,8.12109798775951,True,True,12.47,MAJOR:m1047526,,,,0,,0,450,396.8626966596886,600,721.6878364870323,750,1,UNVERIFIED,True,ENGINEERING_SCENARIO_NOT_FIELD_VERIFIED,PENDING
MV:m1047580,m1047580,MV_3PH,True,True,"1,2,3",1669772.79431657,12283364.4343515,original_DSS_layout_unknown_CRS,m1047580,m1047580,R05,8.181148333636951,True,True,12.47,MAJOR:m1047526,,,,0,,0,450,396.8626966596886,600,721.6878364870323,750,1,UNVERIFIED,True,ENGINEERING_SCENARIO_NOT_FIELD_VERIFIED,PENDING
MV:m1047592,m1047592,MV_3PH,True,True,"1,2,3",1668812.72058768,12283524.2602717,original_DSS_layout_unknown_CRS,m1047592,m1047592,R05,8.233698086683416,True,True,12.47,MAJOR:m1047526,,,,0,,0,450,396.8626966596886,600,721.6878364870323,750,1,UNVERIFIED,True,ENGINEERING_SCENARIO_NOT_FIELD_VERIFIED,PENDING
MV:m1047593,m1047593,MV_3PH,True,True,"1,2,3",1669809.80986861,12283544.1094877,original_DSS_layout_unknown_CRS,m1047593,m1047593,R05,8.28857237307633,True,True,12.47,MAJOR:m1047526,,,,0,,0,450,396.8626966596886,600,721.6878364870323,750,1,UNVERIFIED,True,ENGINEERING_SCENARIO_NOT_FIELD_VERIFIED,PENDING
MV:m1047615,m1047615,MV_3PH,True,True,"1,2,3",1670051.03559683,12283898.061232,original_DSS_layout_unknown_CRS,m1047615,m1047615,R05,8.539398126934033,True,True,12.47,MAJOR:m1047526,,,,0,,0,450,396.8626966596886,600,721.6878364870323,750,1,UNVERIFIED,True,ENGINEERING_SCENARIO_NOT_FIELD_VERIFIED,PENDING
MV:m1047649,m1047649,MV_3PH,True,True,"1,2,3",1670284.76154905,12284215.3210083,original_DSS_layout_unknown_CRS,m1047649,m1047649,R05,8.770172690572881,True,True,12.47,MAJOR:m1047526,,,,0,,0,450,396.8626966596886,600,721.6878364870323,750,1,UNVERIFIED,True,ENGINEERING_SCENARIO_NOT_FIELD_VERIFIED,PENDING
MV:m1047669,m1047669,MV_3PH,True,True,"1,2,3",1670298.58145306,12284547.2895206,original_DSS_layout_unknown_CRS,m1047669,m1047669,R05,8.955884901948277,True,True,12.47,MAJOR:m1047526,,,,0,,0,450,396.8626966596886,600,721.6878364870323,750,1,UNVERIFIED,True,ENGINEERING_SCENARIO_NOT_FIELD_VERIFIED,PENDING
MV:m1047672,m1047672,MV_3PH,True,True,"1,2,3",1670298.63060506,12284558.4265447,original_DSS_layout_unknown_CRS,m1047672,m1047672,R05,8.962223963847059,True,True,12.47,MAJOR:m1047526,,,,0,,0,450,396.8626966596886,600,721.6878364870323,750,1,UNVERIFIED,True,ENGINEERING_SCENARIO_NOT_FIELD_VERIFIED,PENDING
MV:m1047688,m1047688,MV_3PH,True,True,"1,2,3",1670296.55802906,12284791.7019369,original_DSS_layout_unknown_CRS,m1047688,m1047688,R05,9.08993082131545,True,True,12.47,MAJOR:m1047526,,,,0,,0,450,396.8626966596886,600,721.6878364870323,750,1,UNVERIFIED,True,ENGINEERING_SCENARIO_NOT_FIELD_VERIFIED,PENDING
MV:m1047699,m1047699,MV_3PH,True,True,"1,2,3",1670292.88801306,12285016.4207851,original_DSS_layout_unknown_CRS,m1047699,m1047699,R05,9.217853933301143,True,True,12.47,MAJOR:m1047526,,,,0,,0,450,396.8626966596886,600,721.6878364870323,750,1,UNVERIFIED,True,ENGINEERING_SCENARIO_NOT_FIELD_VERIFIED,PENDING
MV:m1047713,m1047713,MV_3PH,True,True,"1,2,3",1670288.59950105,12285423.3911535,original_DSS_layout_unknown_CRS,m1047713,m1047713,R05,9.44960158470616,True,True,12.47,MAJOR:m1047526,,,,0,,0,450,396.8626966596886,600,721.6878364870323,750,1,UNVERIFIED,True,ENGINEERING_SCENARIO_NOT_FIELD_VERIFIED,PENDING
MV:m1047720,m1047720,MV_3PH,True,True,"1,2,3",1670157.56846093,12285760.3485938,original_DSS_layout_unknown_CRS,m1047720,m1047720,R05,9.661311452176554,True,True,12.47,MAJOR:m1047526,,,,0,,0,450,396.8626966596886,600,721.6878364870323,750,1,UNVERIFIED,True,ENGINEERING_SCENARIO_NOT_FIELD_VERIFIED,PENDING
MV:m1047722,m1047722,MV_3PH,True,True,"1,2,3",1669909.7113087,12286048.989618,original_DSS_layout_unknown_CRS,m1047722,m1047722,R05,9.944214930874447,True,True,12.47,MAJOR:m1047526,,,,0,,0,450,396.8626966596886,600,721.6878364870323,750,1,UNVERIFIED,True,ENGINEERING_SCENARIO_NOT_FIELD_VERIFIED,PENDING
MV:m1047724,m1047724,MV_3PH,True,True,"1,2,3",1670043.96999682,12286085.0508021,original_DSS_layout_unknown_CRS,m1047724,m1047724,R05,9.862751714817827,True,True,12.47,MAJOR:m1047526,,,,0,,0,450,396.8626966596886,600,721.6878364870323,750,1,UNVERIFIED,True,ENGINEERING_SCENARIO_NOT_FIELD_VERIFIED,PENDING
MV:m1047732,m1047732,MV_3PH,True,True,"1,2,3",1670021.4911488,12286627.1400186,original_DSS_layout_unknown_CRS,m1047732,m1047732,R05,10.300734570090855,True,True,12.47,MAJOR:m1047526,,,,0,,0,450,396.8626966596886,600,721.6878364870323,750,1,UNVERIFIED,True,ENGINEERING_SCENARIO_NOT_FIELD_VERIFIED,PENDING
MV:m1047737,m1047737,MV_3PH,True,True,"1,2,3",1670244.01863701,12286804.3084028,original_DSS_layout_unknown_CRS,m1047737,m1047737,R05,10.46729850115318,True,True,12.47,MAJOR:m1047526,,,,0,,0,450,396.8626966596886,600,721.6878364870323,750,1,UNVERIFIED,True,ENGINEERING_SCENARIO_NOT_FIELD_VERIFIED,PENDING
MV:m1047763,m1047763,MV_3PH,True,True,"1,2,3",1670298.08174106,12288479.5109643,original_DSS_layout_unknown_CRS,m1047763,m1047763,R05,11.449474833657849,True,True,12.47,MAJOR:m1047526,,,,0,,0,450,396.8626966596886,600,721.6878364870323,750,1,UNVERIFIED,True,ENGINEERING_SCENARIO_NOT_FIELD_VERIFIED,PENDING
MV:m1069135,m1069135,MV_3PH,True,True,"1,2,3",1672616.09006322,12265429.3119028,original_DSS_layout_unknown_CRS,m1069135,m1069135,R08,9.835973057015249,True,True,12.47,MAJOR:l3081380,,,,0,,0,450,396.8626966596886,600,721.6878364870323,750,1,UNVERIFIED,True,ENGINEERING_SCENARIO_NOT_FIELD_VERIFIED,PENDING
MV:m1069136,m1069136,MV_3PH,True,True,"1,2,3",1672776.55086337,12265616.621983,original_DSS_layout_unknown_CRS,m1069136,m1069136,R08,9.691441914902786,True,True,12.47,MAJOR:l3081380,,,,0,,0,450,396.8626966596886,600,721.6878364870323,750,1,UNVERIFIED,True,ENGINEERING_SCENARIO_NOT_FIELD_VERIFIED,PENDING
MV:m1069154,m1069154,MV_3PH,True,True,"1,2,3",1673488.37012803,12266442.2117438,original_DSS_layout_unknown_CRS,m1069154,m1069154,R08,9.052807199780078,True,True,12.47,MAJOR:l3081380,,,,0,,0,450,396.8626966596886,600,721.6878364870323,750,1,UNVERIFIED,True,ENGINEERING_SCENARIO_NOT_FIELD_VERIFIED,PENDING
MV:m1069155,m1069155,MV_3PH,True,True,"1,2,3",1673706.03156823,12266690.101664,original_DSS_layout_unknown_CRS,m1069155,m1069155,R08,8.859630939572058,True,True,12.47,MAJOR:l3081380,,,,0,,0,450,396.8626966596886,600,721.6878364870323,750,1,UNVERIFIED,True,ENGINEERING_SCENARIO_NOT_FIELD_VERIFIED,PENDING
MV:m1069156,m1069156,MV_3PH,True,True,"1,2,3",1673984.05985649,12266990.3097923,original_DSS_layout_unknown_CRS,m1069156,m1069156,R08,8.619552033970779,True,True,12.47,MAJOR:l3081380,,,,0,,0,450,396.8626966596886,600,721.6878364870323,750,1,UNVERIFIED,True,ENGINEERING_SCENARIO_NOT_FIELD_VERIFIED,PENDING
MV:m1069169,m1069169,MV_3PH,True,True,"1,2,3",1674785.92148924,12267722.969505,original_DSS_layout_unknown_CRS,m1069169,m1069169,R08,7.982992146131303,True,True,12.47,MAJOR:l3081380,,,,0,,0,450,396.8626966596886,600,721.6878364870323,750,1,UNVERIFIED,True,ENGINEERING_SCENARIO_NOT_FIELD_VERIFIED,PENDING
MV:m1069175,m1069175,MV_3PH,True,True,"1,2,3",1675199.13006562,12267998.9497932,original_DSS_layout_unknown_CRS,m1069175,m1069175,R01,7.690218488641095,True,True,12.47,MAJOR:l3081380,,,,0,,0,450,396.8626966596886,600,721.6878364870323,750,1,UNVERIFIED,True,ENGINEERING_SCENARIO_NOT_FIELD_VERIFIED,PENDING
MV:m1069184,m1069184,MV_3PH,True,True,"1,2,3",1675374.97953779,12268112.9496653,original_DSS_layout_unknown_CRS,m1069184,m1069184,R01,7.571023316926781,True,True,12.47,MAJOR:l3081380,,,,0,,0,450,396.8626966596886,600,721.6878364870323,750,1,UNVERIFIED,True,ENGINEERING_SCENARIO_NOT_FIELD_VERIFIED,PENDING
MV:m1069189,m1069189,MV_3PH,True,True,"1,2,3",1675446.08200185,12268159.0501454,original_DSS_layout_unknown_CRS,m1069189,m1069189,R01,7.522790962024846,True,True,12.47,MAJOR:l3081380,,,,0,,0,450,396.8626966596886,600,721.6878364870323,750,1,UNVERIFIED,True,ENGINEERING_SCENARIO_NOT_FIELD_VERIFIED,PENDING
MV:m1069310,m1069310,MV_3PH,True,True,"1,2,3",1674411.76008089,12272915.0345338,original_DSS_layout_unknown_CRS,m1069310,m1069310,R06,12.393388258848564,True,True,12.47,MAJOR:l2820531,,,,0,,0,450,396.8626966596886,600,721.6878364870323,750,1,UNVERIFIED,True,ENGINEERING_SCENARIO_NOT_FIELD_VERIFIED,PENDING
MV:m1069311,m1069311,MV_3PH,True,True,"1,2,3",1674411.58395289,12272916.8654458,original_DSS_layout_unknown_CRS,m1069311,m1069311,R06,12.392775403145118,True,True,12.47,MAJOR:l2820531,,,,0,,0,450,396.8626966596886,600,721.6878364870323,750,1,UNVERIFIED,True,ENGINEERING_SCENARIO_NOT_FIELD_VERIFIED,PENDING
MV:m1069350,m1069350,MV_3PH,True,True,"1,2,3",1674365.26228885,12273394.8809343,original_DSS_layout_unknown_CRS,m1069350,m1069350,R06,12.232759842381496,True,True,12.47,MAJOR:l2820531,,,,0,,0,450,396.8626966596886,600,721.6878364870323,750,1,UNVERIFIED,True,ENGINEERING_SCENARIO_NOT_FIELD_VERIFIED,PENDING
MV:m1069376,m1069376,MV_3PH,True,True,"1,2,3",1673732.86856026,12274212.274599,original_DSS_layout_unknown_CRS,m1069376,m1069376,R06,11.875094070408155,True,True,12.47,MAJOR:l2820531,,,,0,,0,450,396.8626966596886,600,721.6878364870323,750,1,UNVERIFIED,True,ENGINEERING_SCENARIO_NOT_FIELD_VERIFIED,PENDING
MV:m1069382,m1069382,MV_3PH,True,True,"1,2,3",1673799.05992032,12274454.7905673,original_DSS_layout_unknown_CRS,m1069382,m1069382,R06,11.791112434488669,True,True,12.47,MAJOR:l2820531,,,,0,,0,450,396.8626966596886,600,721.6878364870323,750,1,UNVERIFIED,True,ENGINEERING_SCENARIO_NOT_FIELD_VERIFIED,PENDING
MV:m1069411,m1069411,MV_3PH,True,True,"1,2,3",1673857.69825638,12274937.5819917,original_DSS_layout_unknown_CRS,m1069411,m1069411,R06,11.629006420972615,True,True,12.47,MAJOR:l2820531,,,,0,,0,450,396.8626966596886,600,721.6878364870323,750,1,UNVERIFIED,True,ENGINEERING_SCENARIO_NOT_FIELD_VERIFIED,PENDING
MV:m1069417,m1069417,MV_3PH,True,True,"1,2,3",1673856.39163237,12275198.9108879,original_DSS_layout_unknown_CRS,m1069417,m1069417,R06,11.541933417438855,True,True,12.47,MAJOR:l2820531,,,,0,,0,450,396.8626966596886,600,721.6878364870323,750,1,UNVERIFIED,True,ENGINEERING_SCENARIO_NOT_FIELD_VERIFIED,PENDING
MV:m1069418,m1069418,MV_3PH,True,True,"1,2,3",1673805.72820833,12275482.3786642,original_DSS_layout_unknown_CRS,m1069418,m1069418,R06,11.445988425812033,True,True,12.47,MAJOR:l2820531,,,,0,,0,450,396.8626966596886,600,721.6878364870323,750,1,UNVERIFIED,True,ENGINEERING_SCENARIO_NOT_FIELD_VERIFIED,PENDING
MV:m1069419,m1069419,MV_3PH,True,True,"1,2,3",1673756.98171228,12275633.8200723,original_DSS_layout_unknown_CRS,m1069419,m1069419,R06,11.392980242198238,True,True,12.47,MAJOR:l2820531,,,,0,,0,450,396.8626966596886,600,721.6878364870323,750,1,UNVERIFIED,True,ENGINEERING_SCENARIO_NOT_FIELD_VERIFIED,PENDING
MV:m1069420,m1069420,MV_3PH,True,True,"1,2,3",1673792.57185632,12276405.6703131,original_DSS_layout_unknown_CRS,m1069420,m1069420,R06,11.131223211150129,True,True,12.47,MAJOR:l2820531,,,,0,,0,450,396.8626966596886,600,721.6878364870323,750,1,UNVERIFIED,True,ENGINEERING_SCENARIO_NOT_FIELD_VERIFIED,PENDING
MV:m1069424,m1069424,MV_3PH,True,True,"1,2,3",1673946.92961646,12276991.3000096,original_DSS_layout_unknown_CRS,m1069424,m1069424,R06,10.929409099318056,True,True,12.47,MAJOR:l2820531,,,,0,,0,450,396.8626966596886,600,721.6878364870323,750,1,UNVERIFIED,True,ENGINEERING_SCENARIO_NOT_FIELD_VERIFIED,PENDING
MV:m1069428,m1069428,MV_3PH,True,True,"1,2,3",1674009.03316852,12277235.0242978,original_DSS_layout_unknown_CRS,m1069428,m1069428,R06,10.845608004179377,True,True,12.47,MAJOR:l2820531,,,,0,,0,450,396.8626966596886,600,721.6878364870323,750,1,UNVERIFIED,True,ENGINEERING_SCENARIO_NOT_FIELD_VERIFIED,PENDING
MV:m1069438,m1069438,MV_3PH,True,True,"1,2,3",1674138.06945664,12277723.8900903,original_DSS_layout_unknown_CRS,m1069438,m1069438,R06,10.675725542853806,True,True,12.47,MAJOR:l2820531,,,,0,,0,450,396.8626966596886,600,721.6878364870323,750,1,UNVERIFIED,True,ENGINEERING_SCENARIO_NOT_FIELD_VERIFIED,PENDING
MV:m1069457,m1069457,MV_3PH,True,True,"1,2,3",1674265.50830476,12278166.0901547,original_DSS_layout_unknown_CRS,m1069457,m1069457,R06,10.52236361351699,True,True,12.47,MAJOR:l2820531,,,,0,,0,450,396.8626966596886,600,721.6878364870323,750,1,UNVERIFIED,True,ENGINEERING_SCENARIO_NOT_FIELD_VERIFIED,PENDING
MV:m1069461,m1069461,MV_3PH,True,True,"1,2,3",1673864.75156838,12278380.5812909,original_DSS_layout_unknown_CRS,m1069461,m1069461,R06,10.35790667936595,True,True,12.47,MAJOR:l2820531,,,,0,,0,450,396.8626966596886,600,721.6878364870323,750,1,UNVERIFIED,True,ENGINEERING_SCENARIO_NOT_FIELD_VERIFIED,PENDING
MV:m1069464,m1069464,MV_3PH,True,True,"1,2,3",1673734.40046426,12278609.6623791,original_DSS_layout_unknown_CRS,m1069464,m1069464,R06,10.270087793761881,True,True,12.47,MAJOR:l2820531,,,,0,,0,450,396.8626966596886,600,721.6878364870323,750,1,UNVERIFIED,True,ENGINEERING_SCENARIO_NOT_FIELD_VERIFIED,PENDING
MV:m1069468,m1069468,MV_3PH,True,True,"1,2,3",1673577.79809611,12278791.4018993,original_DSS_layout_unknown_CRS,m1069468,m1069468,R06,10.190154678653457,True,True,12.47,MAJOR:l2820531,,,,0,,0,450,396.8626966596886,600,721.6878364870323,750,1,UNVERIFIED,True,ENGINEERING_SCENARIO_NOT_FIELD_VERIFIED,PENDING
MV:m1069481,m1069481,MV_3PH,True,True,"1,2,3",1672943.77006352,12279668.8183481,original_DSS_layout_unknown_CRS,m1069481,m1069481,R06,9.827082963142463,True,True,12.47,MAJOR:l2820531,,,,0,,0,450,396.8626966596886,600,721.6878364870323,750,1,UNVERIFIED,True,ENGINEERING_SCENARIO_NOT_FIELD_VERIFIED,PENDING
MV:m1069483,m1069483,MV_3PH,True,True,"1,2,3",1672823.06094341,12279784.4689082,original_DSS_layout_unknown_CRS,m1069483,m1069483,R06,9.771383821366094,True,True,12.47,MAJOR:l2820531,,,,0,,0,450,396.8626966596886,600,721.6878364870323,750,1,UNVERIFIED,True,ENGINEERING_SCENARIO_NOT_FIELD_VERIFIED,PENDING
MV:m1069495,m1069495,MV_3PH,True,True,"1,2,3",1675081.82062552,12283466.1707996,original_DSS_layout_unknown_CRS,m1069495,m1069495,R02,5.845570841588494,True,True,12.47,TRUNK_OR_MINOR_LATERAL,,,,0,,0,450,396.8626966596886,600,721.6878364870323,750,1,UNVERIFIED,True,ENGINEERING_SCENARIO_NOT_FIELD_VERIFIED,PENDING
MV:m1069496,m1069496,MV_3PH,True,True,"1,2,3",1675435.03918584,12283475.9889117,original_DSS_layout_unknown_CRS,m1069496,m1069496,R02,5.764583405473714,True,True,12.47,TRUNK_OR_MINOR_LATERAL,,,,0,,0,450,396.8626966596886,600,721.6878364870323,750,1,UNVERIFIED,True,ENGINEERING_SCENARIO_NOT_FIELD_VERIFIED,PENDING
MV:m1069497,m1069497,MV_3PH,True,True,"1,2,3",1675130.35003356,12283478.7291357,original_DSS_layout_unknown_CRS,m1069497,m1069497,R02,5.834129465682449,True,True,12.47,TRUNK_OR_MINOR_LATERAL,,,,0,,0,450,396.8626966596886,600,721.6878364870323,750,1,UNVERIFIED,True,ENGINEERING_SCENARIO_NOT_FIELD_VERIFIED,PENDING
MV:m1069498,m1069498,MV_3PH,True,True,"1,2,3",1675060.0094255,12283495.8217437,original_DSS_layout_unknown_CRS,m1069498,m1069498,R02,5.853972262054978,True,True,12.47,TRUNK_OR_MINOR_LATERAL,,,,0,,0,450,396.8626966596886,600,721.6878364870323,750,1,UNVERIFIED,True,ENGINEERING_SCENARIO_NOT_FIELD_VERIFIED,PENDING
MV:m1069499,m1069499,MV_3PH,True,True,"1,2,3",1674816.16225727,12283706.6141919,original_DSS_layout_unknown_CRS,m1069499,m1069499,R02,5.927541300783444,True,True,12.47,TRUNK_OR_MINOR_LATERAL,,,,0,,0,450,396.8626966596886,600,721.6878364870323,750,1,UNVERIFIED,True,ENGINEERING_SCENARIO_NOT_FIELD_VERIFIED,PENDING
MV:m1069500,m1069500,MV_3PH,True,True,"1,2,3",1672604.92027121,12283769.5410399,original_DSS_layout_unknown_CRS,m1069500,m1069500,R03,6.702325732944812,True,True,12.47,TRUNK_OR_MINOR_LATERAL,,,,0,,0,450,396.8626966596886,600,721.6878364870323,750,1,UNVERIFIED,True,ENGINEERING_SCENARIO_NOT_FIELD_VERIFIED,PENDING
MV:m1069503,m1069503,MV_3PH,True,True,"1,2,3",1674536.81096101,12283975.5411681,original_DSS_layout_unknown_CRS,m1069503,m1069503,R03,6.017468130201008,True,True,12.47,TRUNK_OR_MINOR_LATERAL,,,,0,,0,450,396.8626966596886,600,721.6878364870323,750,1,UNVERIFIED,True,ENGINEERING_SCENARIO_NOT_FIELD_VERIFIED,PENDING
MV:m1069504,m1069504,MV_3PH,True,True,"1,2,3",1672858.27015944,12284010.9265122,original_DSS_layout_unknown_CRS,m1069504,m1069504,R03,6.585694090763865,True,True,12.47,TRUNK_OR_MINOR_LATERAL,,,,0,,0,450,396.8626966596886,600,721.6878364870323,750,1,UNVERIFIED,True,ENGINEERING_SCENARIO_NOT_FIELD_VERIFIED,PENDING
MV:m1069505,m1069505,MV_3PH,True,True,"1,2,3",1674456.63995293,12284059.4804962,original_DSS_layout_unknown_CRS,m1069505,m1069505,R03,6.043961266648082,True,True,12.47,TRUNK_OR_MINOR_LATERAL,,,,0,,0,450,396.8626966596886,600,721.6878364870323,750,1,UNVERIFIED,True,ENGINEERING_SCENARIO_NOT_FIELD_VERIFIED,PENDING
MV:m1069509,m1069509,MV_3PH,True,True,"1,2,3",1674385.91841687,12284134.0686563,original_DSS_layout_unknown_CRS,m1069509,m1069509,R03,6.067421443221846,True,True,12.47,TRUNK_OR_MINOR_LATERAL,,,,0,,0,450,396.8626966596886,600,721.6878364870323,750,1,UNVERIFIED,True,ENGINEERING_SCENARIO_NOT_FIELD_VERIFIED,PENDING
MV:m1069513,m1069513,MV_3PH,True,True,"1,2,3",1674021.75944053,12284308.4886244,original_DSS_layout_unknown_CRS,m1069513,m1069513,R03,6.159669483280929,True,True,12.47,TRUNK_OR_MINOR_LATERAL,,,,0,,0,450,396.8626966596886,600,721.6878364870323,750,1,UNVERIFIED,True,ENGINEERING_SCENARIO_NOT_FIELD_VERIFIED,PENDING
MV:m1069514,m1069514,MV_3PH,True,True,"1,2,3",1673234.7499038,12284368.1304805,original_DSS_layout_unknown_CRS,m1069514,m1069514,R03,6.409937186920331,True,True,12.47,TRUNK_OR_MINOR_LATERAL,,,,0,,0,450,396.8626966596886,600,721.6878364870323,750,1,UNVERIFIED,True,ENGINEERING_SCENARIO_NOT_FIELD_VERIFIED,PENDING
MV:m1069515,m1069515,MV_3PH,True,True,"1,2,3",1673371.94132792,12284429.2714725,original_DSS_layout_unknown_CRS,m1069515,m1069515,R03,6.359892566482712,True,True,12.47,TRUNK_OR_MINOR_LATERAL,,,,0,,0,450,396.8626966596886,600,721.6878364870323,750,1,UNVERIFIED,True,ENGINEERING_SCENARIO_NOT_FIELD_VERIFIED,PENDING
MV:m1069516,m1069516,MV_3PH,True,True,"1,2,3",1673769.24923229,12284448.8708326,original_DSS_layout_unknown_CRS,m1069516,m1069516,R03,6.225611079850438,True,True,12.47,TRUNK_OR_MINOR_LATERAL,,,,0,,0,450,396.8626966596886,600,721.6878364870323,750,1,UNVERIFIED,True,ENGINEERING_SCENARIO_NOT_FIELD_VERIFIED,PENDING
MV:m1069517,m1069517,MV_3PH,True,True,"1,2,3",1673535.56014408,12284577.0100967,original_DSS_layout_unknown_CRS,m1069517,m1069517,R03,6.286441340702425,True,True,12.47,TRUNK_OR_MINOR_LATERAL,,,,0,,0,450,396.8626966596886,600,721.6878364870323,750,1,UNVERIFIED,True,ENGINEERING_SCENARIO_NOT_FIELD_VERIFIED,PENDING
MV:m1069518,m1069518,MV_3PH,True,True,"1,2,3",1673587.96027212,12284638.1510887,original_DSS_layout_unknown_CRS,m1069518,m1069518,R03,6.30482023134224,True,True,12.47,TRUNK_OR_MINOR_LATERAL,,,,0,,0,450,396.8626966596886,600,721.6878364870323,750,1,UNVERIFIED,True,ENGINEERING_SCENARIO_NOT_FIELD_VERIFIED,PENDING
MV:m1069519,m1069519,MV_3PH,True,True,"1,2,3",1675041.54056148,12284646.2980327,original_DSS_layout_unknown_CRS,m1069519,m1069519,R03,6.213845812085543,True,True,12.47,TRUNK_OR_MINOR_LATERAL,,,,0,,0,450,396.8626966596886,600,721.6878364870323,750,1,UNVERIFIED,True,ENGINEERING_SCENARIO_NOT_FIELD_VERIFIED,PENDING
MV:m1069533,m1069533,MV_3PH,True,True,"1,2,3",1675427.55988984,12285480.8006895,original_DSS_layout_unknown_CRS,m1069533,m1069533,R03,6.423896787828005,True,True,12.47,TRUNK_OR_MINOR_LATERAL,,,,0,,0,450,396.8626966596886,600,721.6878364870323,750,1,UNVERIFIED,True,ENGINEERING_SCENARIO_NOT_FIELD_VERIFIED,PENDING
MV:m1069549,m1069549,MV_3PH,True,True,"1,2,3",1675609.65166601,12285918.7204339,original_DSS_layout_unknown_CRS,m1069549,m1069549,R03,6.532145499324058,True,True,12.47,TRUNK_OR_MINOR_LATERAL,,,,0,,0,450,396.8626966596886,600,721.6878364870323,750,1,UNVERIFIED,True,ENGINEERING_SCENARIO_NOT_FIELD_VERIFIED,PENDING
MV:m1069556,m1069556,MV_3PH,True,True,"1,2,3",1675612.11745801,12286112.8872181,original_DSS_layout_unknown_CRS,m1069556,m1069556,R03,6.576466333899473,True,True,12.47,TRUNK_OR_MINOR_LATERAL,,,,0,,0,450,396.8626966596886,600,721.6878364870323,750,1,UNVERIFIED,True,ENGINEERING_SCENARIO_NOT_FIELD_VERIFIED,PENDING
MV:m1069564,m1069564,MV_3PH,True,True,"1,2,3",1675615.88987401,12286409.8308344,original_DSS_layout_unknown_CRS,m1069564,m1069564,R03,6.644247184050286,True,True,12.47,TRUNK_OR_MINOR_LATERAL,,,,0,,0,450,396.8626966596886,600,721.6878364870323,750,1,UNVERIFIED,True,ENGINEERING_SCENARIO_NOT_FIELD_VERIFIED,PENDING
MV:m1089112,m1089112,MV_3PH,True,True,"1,2,3",1675750.86945814,12268360.8109136,original_DSS_layout_unknown_CRS,m1089112,m1089112,R01,7.314433607539926,True,True,12.47,MAJOR:l3081380,,,,0,,0,450,396.8626966596886,600,721.6878364870323,750,1,UNVERIFIED,True,ENGINEERING_SCENARIO_NOT_FIELD_VERIFIED,PENDING
MV:m1089115,m1089115,MV_3PH,True,True,"1,2,3",1676011.12110638,12268510.4582737,original_DSS_layout_unknown_CRS,m1089115,m1089115,R01,7.138513285847595,True,True,12.47,MAJOR:l3081380,,,,0,,0,450,396.8626966596886,600,721.6878364870323,750,1,UNVERIFIED,True,ENGINEERING_SCENARIO_NOT_FIELD_VERIFIED,PENDING
MV:m1089118,m1089118,MV_3PH,True,True,"1,2,3",1676496.02197083,12268725.4818899,original_DSS_layout_unknown_CRS,m1089118,m1089118,R01,6.827620899845706,True,True,12.47,MAJOR:l3081380,,,,0,,0,450,396.8626966596886,600,721.6878364870323,750,1,UNVERIFIED,True,ENGINEERING_SCENARIO_NOT_FIELD_VERIFIED,PENDING
MV:m1089119,m1089119,MV_3PH,True,True,"1,2,3",1676733.56129905,12268828.221858,original_DSS_layout_unknown_CRS,m1089119,m1089119,R01,6.675962404724335,True,True,12.47,MAJOR:l3081380,,,,0,,0,450,396.8626966596886,600,721.6878364870323,750,1,UNVERIFIED,True,ENGINEERING_SCENARIO_NOT_FIELD_VERIFIED,PENDING
MV:m1089120,m1089120,MV_3PH,True,True,"1,2,3",1676908.10005122,12268903.4817621,original_DSS_layout_unknown_CRS,m1089120,m1089120,R01,6.56458074114721,True,True,12.47,MAJOR:l3081380,,,,0,,0,450,396.8626966596886,600,721.6878364870323,750,1,UNVERIFIED,True,ENGINEERING_SCENARIO_NOT_FIELD_VERIFIED,PENDING
MV:m1089131,m1089131,MV_3PH,True,True,"1,2,3",1677487.47925176,12269148.0498263,original_DSS_layout_unknown_CRS,m1089131,m1089131,R01,6.194605139703483,True,True,12.47,MAJOR:l3081380,,,,0,,0,450,396.8626966596886,600,721.6878364870323,750,1,UNVERIFIED,True,ENGINEERING_SCENARIO_NOT_FIELD_VERIFIED,PENDING
MV:m1089141,m1089141,MV_3PH,True,True,"1,2,3",1678190.18901241,12269607.2319067,original_DSS_layout_unknown_CRS,m1089141,m1089141,R01,5.703520544132562,True,True,12.47,MAJOR:l3081380,,,,0,,0,450,396.8626966596886,600,721.6878364870323,750,1,UNVERIFIED,True,ENGINEERING_SCENARIO_NOT_FIELD_VERIFIED,PENDING
MV:m1089143,m1089143,MV_3PH,True,True,"1,2,3",1678554.22920475,12269872.861603,original_DSS_layout_unknown_CRS,m1089143,m1089143,R01,5.439628765163844,True,True,12.47,MAJOR:l3081380,,,,0,,0,450,396.8626966596886,600,721.6878364870323,750,1,UNVERIFIED,True,ENGINEERING_SCENARIO_NOT_FIELD_VERIFIED,PENDING
MV:m1089145,m1089145,MV_3PH,True,True,"1,2,3",1678531.48411673,12270114.7959392,original_DSS_layout_unknown_CRS,m1089145,m1089145,R01,5.546018302652557,True,True,12.47,MAJOR:l3081380,,,,0,,0,450,396.8626966596886,600,721.6878364870323,750,1,UNVERIFIED,True,ENGINEERING_SCENARIO_NOT_FIELD_VERIFIED,PENDING
MV:m1089183,m1089183,MV_3PH,True,True,"1,2,3",1678662.94933285,12279553.204652,original_DSS_layout_unknown_CRS,m1089183,m1089183,R02,5.514043858177234,True,True,12.47,TRUNK_OR_MINOR_LATERAL,,,,0,,0,450,396.8626966596886,600,721.6878364870323,750,1,UNVERIFIED,True,ENGINEERING_SCENARIO_NOT_FIELD_VERIFIED,PENDING
MV:m1089185,m1089185,MV_3PH,True,True,"1,2,3",1678664.28462885,12279640.5723321,original_DSS_layout_unknown_CRS,m1089185,m1089185,R02,5.491061262471714,True,True,12.47,TRUNK_OR_MINOR_LATERAL,,,,0,,0,450,396.8626966596886,600,721.6878364870323,750,1,UNVERIFIED,True,ENGINEERING_SCENARIO_NOT_FIELD_VERIFIED,PENDING
MV:m1089196,m1089196,MV_3PH,True,True,"1,2,3",1677997.98830823,12282799.751599,original_DSS_layout_unknown_CRS,m1089196,m1089196,R02,5.1494365901340995,True,True,12.47,TRUNK_OR_MINOR_LATERAL,,,,0,,0,450,396.8626966596886,600,721.6878364870323,750,1,UNVERIFIED,True,ENGINEERING_SCENARIO_NOT_FIELD_VERIFIED,PENDING
MV:m1089197,m1089197,MV_3PH,True,True,"1,2,3",1678293.37954051,12282893.0379991,original_DSS_layout_unknown_CRS,m1089197,m1089197,R02,5.07873334929543,True,True,12.47,TRUNK_OR_MINOR_LATERAL,,,,0,,0,450,396.8626966596886,600,721.6878364870323,750,1,UNVERIFIED,True,ENGINEERING_SCENARIO_NOT_FIELD_VERIFIED,PENDING
MV:m1089198,m1089198,MV_3PH,True,True,"1,2,3",1677674.10120393,12282933.9611351,original_DSS_layout_unknown_CRS,m1089198,m1089198,R02,5.2294569494953365,True,True,12.47,TRUNK_OR_MINOR_LATERAL,,,,0,,0,450,396.8626966596886,600,721.6878364870323,750,1,UNVERIFIED,True,ENGINEERING_SCENARIO_NOT_FIELD_VERIFIED,PENDING
MV:m1089199,m1089199,MV_3PH,True,True,"1,2,3",1678534.15061273,12283007.4802392,original_DSS_layout_unknown_CRS,m1089199,m1089199,R02,5.017887044020138,True,True,12.47,TRUNK_OR_MINOR_LATERAL,,,,0,,0,450,396.8626966596886,600,721.6878364870323,750,1,UNVERIFIED,True,ENGINEERING_SCENARIO_NOT_FIELD_VERIFIED,PENDING
MV:m1089201,m1089201,MV_3PH,True,True,"1,2,3",1677152.93025944,12283190.4280794,original_DSS_layout_unknown_CRS,m1089201,m1089201,R02,5.36203569751409,True,True,12.47,TRUNK_OR_MINOR_LATERAL,,,,0,,0,450,396.8626966596886,600,721.6878364870323,750,1,UNVERIFIED,True,ENGINEERING_SCENARIO_NOT_FIELD_VERIFIED,PENDING
MV:m1089202,m1089202,MV_3PH,True,True,"1,2,3",1677141.17473943,12283196.3508954,original_DSS_layout_unknown_CRS,m1089202,m1089202,R02,5.365040127727943,True,True,12.47,TRUNK_OR_MINOR_LATERAL,,,,0,,0,450,396.8626966596886,600,721.6878364870323,750,1,UNVERIFIED,True,ENGINEERING_SCENARIO_NOT_FIELD_VERIFIED,PENDING
MV:m1089203,m1089203,MV_3PH,True,True,"1,2,3",1676956.55163526,12283289.3710555,original_DSS_layout_unknown_CRS,m1089203,m1089203,R02,5.412225491675788,True,True,12.47,TRUNK_OR_MINOR_LATERAL,,,,0,,0,450,396.8626966596886,600,721.6878364870323,750,1,UNVERIFIED,True,ENGINEERING_SCENARIO_NOT_FIELD_VERIFIED,PENDING
MV:m1089207,m1089207,MV_3PH,True,True,"1,2,3",1676785.3019711,12283353.9281115,original_DSS_layout_unknown_CRS,m1089207,m1089207,R02,5.453997165721786,True,True,12.47,TRUNK_OR_MINOR_LATERAL,,,,0,,0,450,396.8626966596886,600,721.6878364870323,750,1,UNVERIFIED,True,ENGINEERING_SCENARIO_NOT_FIELD_VERIFIED,PENDING
MV:m1089213,m1089213,MV_3PH,True,True,"1,2,3",1676365.74869071,12283420.3119836,original_DSS_layout_unknown_CRS,m1089213,m1089213,R02,5.551404468840161,True,True,12.47,TRUNK_OR_MINOR_LATERAL,,,,0,,0,450,396.8626966596886,600,721.6878364870323,750,1,UNVERIFIED,True,ENGINEERING_SCENARIO_NOT_FIELD_VERIFIED,PENDING
MV:m1089215,m1089215,MV_3PH,True,True,"1,2,3",1675769.30965016,12283440.1489116,original_DSS_layout_unknown_CRS,m1089215,m1089215,R02,5.6878511389746675,True,True,12.47,TRUNK_OR_MINOR_LATERAL,,,,0,,0,450,396.8626966596886,600,721.6878364870323,750,1,UNVERIFIED,True,ENGINEERING_SCENARIO_NOT_FIELD_VERIFIED,PENDING
MV:m1108286,m1108286,MV_3PH,True,True,"1,2,3",1679283.72270943,12270098.0187232,original_DSS_layout_unknown_CRS,m1108286,m1108286,R01,4.989021853770185,True,True,12.47,MAJOR:l3081380,,,,0,,0,450,396.8626966596886,600,721.6878364870323,750,1,UNVERIFIED,True,ENGINEERING_SCENARIO_NOT_FIELD_VERIFIED,PENDING
MV:m1108295,m1108295,MV_3PH,True,True,"1,2,3",1680836.50811888,12270559.9205476,original_DSS_layout_unknown_CRS,m1108295,m1108295,R01,4.021096645620022,True,True,12.47,MAJOR:l3081380,,,,0,,0,450,396.8626966596886,600,721.6878364870323,750,1,UNVERIFIED,True,ENGINEERING_SCENARIO_NOT_FIELD_VERIFIED,PENDING
MV:m1108298,m1108298,MV_3PH,True,True,"1,2,3",1681297.9020393,12270990.590372,original_DSS_layout_unknown_CRS,m1108298,m1108298,R01,3.6809100400068475,True,True,12.47,MAJOR:l3081380,,,,0,,0,450,396.8626966596886,600,721.6878364870323,750,1,UNVERIFIED,True,ENGINEERING_SCENARIO_NOT_FIELD_VERIFIED,PENDING
MV:m1108311,m1108311,MV_3PH,True,True,"1,2,3",1681478.80187947,12271556.1291886,original_DSS_layout_unknown_CRS,m1108311,m1108311,R01,3.5449990024532694,True,True,12.47,MAJOR:l3081380,,,,0,,0,450,396.8626966596886,600,721.6878364870323,750,1,UNVERIFIED,True,ENGINEERING_SCENARIO_NOT_FIELD_VERIFIED,PENDING
MV:m1108315,m1108315,MV_3PH,True,True,"1,2,3",1681524.37807152,12271788.5894768,original_DSS_layout_unknown_CRS,m1108315,m1108315,R01,3.4909313694252417,True,True,12.47,MAJOR:l3081380,,,,0,,0,450,396.8626966596886,600,721.6878364870323,750,1,UNVERIFIED,True,ENGINEERING_SCENARIO_NOT_FIELD_VERIFIED,PENDING
MV:m1108378,m1108378,MV_3PH,True,True,"1,2,3",1680891.45186293,12279281.7586357,original_DSS_layout_unknown_CRS,m1108378,m1108378,R02,4.047119646472759,True,True,12.47,TRUNK_OR_MINOR_LATERAL,,,,0,,0,450,396.8626966596886,600,721.6878364870323,750,1,UNVERIFIED,True,ENGINEERING_SCENARIO_NOT_FIELD_VERIFIED,PENDING
MV:m1108379,m1108379,MV_3PH,True,True,"1,2,3",1680856.69320689,12279282.7293877,original_DSS_layout_unknown_CRS,m1108379,m1108379,R02,4.066911381732577,True,True,12.47,TRUNK_OR_MINOR_LATERAL,,,,0,,0,450,396.8626966596886,600,721.6878364870323,750,1,UNVERIFIED,True,ENGINEERING_SCENARIO_NOT_FIELD_VERIFIED,PENDING
MV:m1108380,m1108380,MV_3PH,True,True,"1,2,3",1680725.01909477,12279286.4075957,original_DSS_layout_unknown_CRS,m1108380,m1108380,R02,4.141887228594691,True,True,12.47,TRUNK_OR_MINOR_LATERAL,,,,0,,0,450,396.8626966596886,600,721.6878364870323,750,1,UNVERIFIED,True,ENGINEERING_SCENARIO_NOT_FIELD_VERIFIED,PENDING
MV:m1108381,m1108381,MV_3PH,True,True,"1,2,3",1679631.53454975,12279302.0952758,original_DSS_layout_unknown_CRS,m1108381,m1108381,R02,4.764165581987813,True,True,12.47,TRUNK_OR_MINOR_LATERAL,,,,0,,0,450,396.8626966596886,600,721.6878364870323,750,1,UNVERIFIED,True,ENGINEERING_SCENARIO_NOT_FIELD_VERIFIED,PENDING
MV:m1108387,m1108387,MV_3PH,True,True,"1,2,3",1679232.79304538,12279461.6959159,original_DSS_layout_unknown_CRS,m1108387,m1108387,R02,5.08840019149526,True,True,12.47,TRUNK_OR_MINOR_LATERAL,,,,0,,0,450,396.8626966596886,600,721.6878364870323,750,1,UNVERIFIED,True,ENGINEERING_SCENARIO_NOT_FIELD_VERIFIED,PENDING
MV:m1108395,m1108395,MV_3PH,True,True,"1,2,3",1679036.2915412,12279524.557228,original_DSS_layout_unknown_CRS,m1108395,m1108395,R02,5.262873128087498,True,True,12.47,TRUNK_OR_MINOR_LATERAL,,,,0,,0,450,396.8626966596886,600,721.6878364870323,750,1,UNVERIFIED,True,ENGINEERING_SCENARIO_NOT_FIELD_VERIFIED,PENDING
MV:m1108398,m1108398,MV_3PH,True,True,"1,2,3",1679256.8365654,12279558.762924,original_DSS_layout_unknown_CRS,m1108398,m1108398,R02,5.13218189378129,True,True,12.47,TRUNK_OR_MINOR_LATERAL,,,,0,,0,450,396.8626966596886,600,721.6878364870323,750,1,UNVERIFIED,True,ENGINEERING_SCENARIO_NOT_FIELD_VERIFIED,PENDING
MV:m1108484,m1108484,MV_3PH,True,True,"1,2,3",1681350.89199135,12280581.009837,original_DSS_layout_unknown_CRS,m1108484,m1108484,R02,3.8936577025753363,True,True,12.47,TRUNK_OR_MINOR_LATERAL,,,,0,,0,450,396.8626966596886,600,721.6878364870323,750,1,UNVERIFIED,True,ENGINEERING_SCENARIO_NOT_FIELD_VERIFIED,PENDING
MV:m1108490,m1108490,MV_3PH,True,True,"1,2,3",1681135.67995915,12281106.9608134,original_DSS_layout_unknown_CRS,m1108490,m1108490,R02,4.024259633268587,True,True,12.47,TRUNK_OR_MINOR_LATERAL,,,,0,,0,450,396.8626966596886,600,721.6878364870323,750,1,UNVERIFIED,True,ENGINEERING_SCENARIO_NOT_FIELD_VERIFIED,PENDING
MV:m1108493,m1108493,MV_3PH,True,True,"1,2,3",1680936.25800697,12281479.4510538,original_DSS_layout_unknown_CRS,m1108493,m1108493,R02,4.120696395547625,True,True,12.47,TRUNK_OR_MINOR_LATERAL,,,,0,,0,450,396.8626966596886,600,721.6878364870323,750,1,UNVERIFIED,True,ENGINEERING_SCENARIO_NOT_FIELD_VERIFIED,PENDING
MV:m1108500,m1108500,MV_3PH,True,True,"1,2,3",1680795.95771884,12282007.6384463,original_DSS_layout_unknown_CRS,m1108500,m1108500,R02,4.246761787641912,True,True,12.47,TRUNK_OR_MINOR_LATERAL,,,,0,,0,450,396.8626966596886,600,721.6878364870323,750,1,UNVERIFIED,True,ENGINEERING_SCENARIO_NOT_FIELD_VERIFIED,PENDING
MV:m1108505,m1108505,MV_3PH,True,True,"1,2,3",1680783.09218283,12282090.0663504,original_DSS_layout_unknown_CRS,m1108505,m1108505,R02,4.265803188059436,True,True,12.47,TRUNK_OR_MINOR_LATERAL,,,,0,,0,450,396.8626966596886,600,721.6878364870323,750,1,UNVERIFIED,True,ENGINEERING_SCENARIO_NOT_FIELD_VERIFIED,PENDING
MV:m1108526,m1108526,MV_3PH,True,True,"1,2,3",1678834.33006901,12283142.5581273,original_DSS_layout_unknown_CRS,m1108526,m1108526,R02,4.942755913019998,True,True,12.47,TRUNK_OR_MINOR_LATERAL,,,,0,,0,450,396.8626966596886,600,721.6878364870323,750,1,UNVERIFIED,True,ENGINEERING_SCENARIO_NOT_FIELD_VERIFIED,PENDING
MV:m1108529,m1108529,MV_3PH,True,True,"1,2,3",1680506.51797457,12283208.2292954,original_DSS_layout_unknown_CRS,m1108529,m1108529,R02,4.530254631537678,True,True,12.47,TRUNK_OR_MINOR_LATERAL,,,,0,,0,450,396.8626966596886,600,721.6878364870323,750,1,UNVERIFIED,True,ENGINEERING_SCENARIO_NOT_FIELD_VERIFIED,PENDING
MV:m1108532,m1108532,MV_3PH,True,True,"1,2,3",1680446.60168651,12283263.3204955,original_DSS_layout_unknown_CRS,m1108532,m1108532,R02,4.548832290012514,True,True,12.47,TRUNK_OR_MINOR_LATERAL,,,,0,,0,450,396.8626966596886,600,721.6878364870323,750,1,UNVERIFIED,True,ENGINEERING_SCENARIO_NOT_FIELD_VERIFIED,PENDING
MV:m1108534,m1108534,MV_3PH,True,True,"1,2,3",1679221.61915737,12283309.4414555,original_DSS_layout_unknown_CRS,m1108534,m1108534,R02,4.84649081843226,True,True,12.47,TRUNK_OR_MINOR_LATERAL,,,,0,,0,450,396.8626966596886,600,721.6878364870323,750,1,UNVERIFIED,True,ENGINEERING_SCENARIO_NOT_FIELD_VERIFIED,PENDING
MV:m1108535,m1108535,MV_3PH,True,True,"1,2,3",1680184.17096627,12283418.8701916,original_DSS_layout_unknown_CRS,m1108535,m1108535,R02,4.618461672492375,True,True,12.47,TRUNK_OR_MINOR_LATERAL,,,,0,,0,450,396.8626966596886,600,721.6878364870323,750,1,UNVERIFIED,True,ENGINEERING_SCENARIO_NOT_FIELD_VERIFIED,PENDING
MV:m1125902,m1125902,MV_3PH,True,True,"1,2,3",1681953.42178392,12272291.4103412,original_DSS_layout_unknown_CRS,m1125902,m1125902,R01,3.331810153562118,True,True,12.47,MAJOR:l3081380,,,,0,,0,450,396.8626966596886,600,721.6878364870323,750,1,UNVERIFIED,True,ENGINEERING_SCENARIO_NOT_FIELD_VERIFIED,PENDING
MV:m1125914,m1125914,MV_3PH,True,True,"1,2,3",1682961.18933685,12272876.4215418,original_DSS_layout_unknown_CRS,m1125914,m1125914,R01,3.06441246767516,True,True,12.47,MAJOR:l3081380,,,,0,,0,450,396.8626966596886,600,721.6878364870323,750,1,UNVERIFIED,True,ENGINEERING_SCENARIO_NOT_FIELD_VERIFIED,PENDING
MV:m1125917,m1125917,MV_3PH,True,True,"1,2,3",1683219.52815309,12273025.7698939,original_DSS_layout_unknown_CRS,m1125917,m1125917,R07,2.996304174552642,True,True,12.47,MAJOR:l3081380,,,,0,,0,450,396.8626966596886,600,721.6878364870323,750,1,UNVERIFIED,True,ENGINEERING_SCENARIO_NOT_FIELD_VERIFIED,PENDING
MV:m1125919,m1125919,MV_3PH,True,True,"1,2,3",1683334.2980732,12273089.388966,original_DSS_layout_unknown_CRS,m1125919,m1125919,R07,2.96635336903319,True,True,12.47,MAJOR:l3081380,,,,0,,0,450,396.8626966596886,600,721.6878364870323,750,1,UNVERIFIED,True,ENGINEERING_SCENARIO_NOT_FIELD_VERIFIED,PENDING
MV:m1125934,m1125934,MV_3PH,True,True,"1,2,3",1683853.92072969,12273477.4481023,original_DSS_layout_unknown_CRS,m1125934,m1125934,R07,2.8173663638651747,True,True,12.47,MAJOR:l3081380,,,,0,,0,450,396.8626966596886,600,721.6878364870323,750,1,UNVERIFIED,True,ENGINEERING_SCENARIO_NOT_FIELD_VERIFIED,PENDING
MV:m1125944,m1125944,MV_3PH,True,True,"1,2,3",1683929.87695376,12277025.2681376,original_DSS_layout_unknown_CRS,m1125944,m1125944,R07,2.7400056278454024,True,True,12.47,TRUNK_OR_MINOR_LATERAL,,,,0,,0,450,396.8626966596886,600,721.6878364870323,750,1,UNVERIFIED,True,ENGINEERING_SCENARIO_NOT_FIELD_VERIFIED,PENDING
MV:m1125947,m1125947,MV_3PH,True,True,"1,2,3",1683409.18114527,12277242.5814178,original_DSS_layout_unknown_CRS,m1125947,m1125947,R07,2.8699229904870105,True,True,12.47,TRUNK_OR_MINOR_LATERAL,,,,0,,0,450,396.8626966596886,600,721.6878364870323,750,1,UNVERIFIED,True,ENGINEERING_SCENARIO_NOT_FIELD_VERIFIED,PENDING
MV:m1125952,m1125952,MV_3PH,True,True,"1,2,3",1683189.43893707,12277539.7011621,original_DSS_layout_unknown_CRS,m1125952,m1125952,R07,2.954270159244302,True,True,12.47,TRUNK_OR_MINOR_LATERAL,,,,0,,0,450,396.8626966596886,600,721.6878364870323,750,1,UNVERIFIED,True,ENGINEERING_SCENARIO_NOT_FIELD_VERIFIED,PENDING
MV:m1125960,m1125960,MV_3PH,True,True,"1,2,3",1683143.94056902,12277742.5596583,original_DSS_layout_unknown_CRS,m1125960,m1125960,R07,3.00172152918702,True,True,12.47,TRUNK_OR_MINOR_LATERAL,,,,0,,0,450,396.8626966596886,600,721.6878364870323,750,1,UNVERIFIED,True,ENGINEERING_SCENARIO_NOT_FIELD_VERIFIED,PENDING
MV:m1125962,m1125962,MV_3PH,True,True,"1,2,3",1683134.90888902,12277782.8315303,original_DSS_layout_unknown_CRS,m1125962,m1125962,R07,3.0111416319998816,True,True,12.47,TRUNK_OR_MINOR_LATERAL,,,,0,,0,450,396.8626966596886,600,721.6878364870323,750,1,UNVERIFIED,True,ENGINEERING_SCENARIO_NOT_FIELD_VERIFIED,PENDING
MV:m1125968,m1125968,MV_3PH,True,True,"1,2,3",1682159.56117611,12277912.9204905,original_DSS_layout_unknown_CRS,m1125968,m1125968,R02,3.2381826577392445,True,True,12.47,TRUNK_OR_MINOR_LATERAL,,,,0,,0,450,396.8626966596886,600,721.6878364870323,750,1,UNVERIFIED,True,ENGINEERING_SCENARIO_NOT_FIELD_VERIFIED,PENDING
MV:m1125969,m1125969,MV_3PH,True,True,"1,2,3",1682339.44930427,12277913.4980265,original_DSS_layout_unknown_CRS,m1125969,m1125969,R02,3.1966826920256284,True,True,12.47,TRUNK_OR_MINOR_LATERAL,,,,0,,0,450,396.8626966596886,600,721.6878364870323,750,1,UNVERIFIED,True,ENGINEERING_SCENARIO_NOT_FIELD_VERIFIED,PENDING
MV:m1125976,m1125976,MV_3PH,True,True,"1,2,3",1682030.50031199,12277936.3782825,original_DSS_layout_unknown_CRS,m1125976,m1125976,R02,3.268122549815905,True,True,12.47,TRUNK_OR_MINOR_LATERAL,,,,0,,0,450,396.8626966596886,600,721.6878364870323,750,1,UNVERIFIED,True,ENGINEERING_SCENARIO_NOT_FIELD_VERIFIED,PENDING
MV:m1125987,m1125987,MV_3PH,True,True,"1,2,3",1681852.81992782,12278475.170219,original_DSS_layout_unknown_CRS,m1125987,m1125987,R02,3.3976137610126083,True,True,12.47,TRUNK_OR_MINOR_LATERAL,,,,0,,0,450,396.8626966596886,600,721.6878364870323,750,1,UNVERIFIED,True,ENGINEERING_SCENARIO_NOT_FIELD_VERIFIED,PENDING
MV:m1125988,m1125988,MV_3PH,True,True,"1,2,3",1681819.52354379,12278485.123499,original_DSS_layout_unknown_CRS,m1125988,m1125988,R02,3.417394120090302,True,True,12.47,TRUNK_OR_MINOR_LATERAL,,,,0,,0,450,396.8626966596886,600,721.6878364870323,750,1,UNVERIFIED,True,ENGINEERING_SCENARIO_NOT_FIELD_VERIFIED,PENDING
MV:m1125989,m1125989,MV_3PH,True,True,"1,2,3",1681808.23087178,12278691.8895792,original_DSS_layout_unknown_CRS,m1125989,m1125989,R02,3.4481145965309823,True,True,12.47,TRUNK_OR_MINOR_LATERAL,,,,0,,0,450,396.8626966596886,600,721.6878364870323,750,1,UNVERIFIED,True,ENGINEERING_SCENARIO_NOT_FIELD_VERIFIED,PENDING
MV:m1125990,m1125990,MV_3PH,True,True,"1,2,3",1681804.92130378,12278707.6305072,original_DSS_layout_unknown_CRS,m1125990,m1125990,R02,3.45178590968749,True,True,12.47,TRUNK_OR_MINOR_LATERAL,,,,0,,0,450,396.8626966596886,600,721.6878364870323,750,1,UNVERIFIED,True,ENGINEERING_SCENARIO_NOT_FIELD_VERIFIED,PENDING
MV:m1125994,m1125994,MV_3PH,True,True,"1,2,3",1681693.19061567,12279248.5114037,original_DSS_layout_unknown_CRS,m1125994,m1125994,R02,3.5778448992885794,True,True,12.47,TRUNK_OR_MINOR_LATERAL,,,,0,,0,450,396.8626966596886,600,721.6878364870323,750,1,UNVERIFIED,True,ENGINEERING_SCENARIO_NOT_FIELD_VERIFIED,PENDING
MV:m1125997,m1125997,MV_3PH,True,True,"1,2,3",1681619.3315436,12279589.921196,original_DSS_layout_unknown_CRS,m1125997,m1125997,R02,3.6575720094847646,True,True,12.47,TRUNK_OR_MINOR_LATERAL,,,,0,,0,450,396.8626966596886,600,721.6878364870323,750,1,UNVERIFIED,True,ENGINEERING_SCENARIO_NOT_FIELD_VERIFIED,PENDING
MV:m1142810,m1142810,MV_3PH,True,True,"1,2,3",1686201.78889187,12273141.309862,original_DSS_layout_unknown_CRS,m1142810,m1142810,R07,3.9719841328031658,True,True,12.47,MAJOR:l3081380,,,,0,,0,450,396.8626966596886,600,721.6878364870323,750,1,UNVERIFIED,True,ENGINEERING_SCENARIO_NOT_FIELD_VERIFIED,PENDING
MV:m1142814,m1142814,MV_3PH,True,True,"1,2,3",1685271.46031501,12273423.8396543,original_DSS_layout_unknown_CRS,m1142814,m1142814,R07,3.3938524874085285,True,True,12.47,MAJOR:l3081380,,,,0,,0,450,396.8626966596886,600,721.6878364870323,750,1,UNVERIFIED,True,ENGINEERING_SCENARIO_NOT_FIELD_VERIFIED,PENDING
MV:m1142815,m1142815,MV_3PH,True,True,"1,2,3",1684789.18089056,12273453.5889023,original_DSS_layout_unknown_CRS,m1142815,m1142815,R07,3.1106119935569274,True,True,12.47,MAJOR:l3081380,,,,0,,0,450,396.8626966596886,600,721.6878364870323,750,1,UNVERIFIED,True,ENGINEERING_SCENARIO_NOT_FIELD_VERIFIED,PENDING
MV:m1142818,m1142818,MV_3PH,True,True,"1,2,3",1684327.31183413,12273985.1882628,original_DSS_layout_unknown_CRS,m1142818,m1142818,R07,2.6589089817105176,True,True,12.47,MAJOR:l3081380,,,,0,,0,450,396.8626966596886,600,721.6878364870323,750,1,UNVERIFIED,True,ENGINEERING_SCENARIO_NOT_FIELD_VERIFIED,PENDING
MV:m1142819,m1142819,MV_3PH,True,True,"1,2,3",1684492.22908228,12274167.738791,original_DSS_layout_unknown_CRS,m1142819,m1142819,R07,2.6027581720916237,True,True,12.47,MAJOR:l3081380,,,,0,,0,450,396.8626966596886,600,721.6878364870323,750,1,UNVERIFIED,True,ENGINEERING_SCENARIO_NOT_FIELD_VERIFIED,PENDING
MV:m1142821,m1142821,MV_3PH,True,True,"1,2,3",1684664.30613844,12274365.0635912,original_DSS_layout_unknown_CRS,m1142821,m1142821,R07,2.5410854591637966,True,True,12.47,MAJOR:l3081380,,,,0,,0,450,396.8626966596886,600,721.6878364870323,750,1,UNVERIFIED,True,ENGINEERING_SCENARIO_NOT_FIELD_VERIFIED,PENDING
MV:m1142828,m1142828,MV_3PH,True,True,"1,2,3",1684897.57333866,12274659.0335114,original_DSS_layout_unknown_CRS,m1142828,m1142828,R07,2.4552101058885722,True,True,12.47,MAJOR:l3081380,,,,0,,0,450,396.8626966596886,600,721.6878364870323,750,1,UNVERIFIED,True,ENGINEERING_SCENARIO_NOT_FIELD_VERIFIED,PENDING
MV:m1142832,m1142832,MV_3PH,True,True,"1,2,3",1685356.98069909,12275067.2900238,original_DSS_layout_unknown_CRS,m1142832,m1142832,R07,2.3071807362303303,True,True,12.47,MAJOR:l3081380,,,,0,,0,450,396.8626966596886,600,721.6878364870323,750,1,UNVERIFIED,True,ENGINEERING_SCENARIO_NOT_FIELD_VERIFIED,PENDING
MV:m1142839,m1142839,MV_3PH,True,True,"1,2,3",1685589.1706513,12275125.9119759,original_DSS_layout_unknown_CRS,m1142839,m1142839,R07,2.2525219741098677,True,True,12.47,MAJOR:l3081380,,,,0,,0,450,396.8626966596886,600,721.6878364870323,750,1,UNVERIFIED,True,ENGINEERING_SCENARIO_NOT_FIELD_VERIFIED,PENDING
MV:m1142843,m1142843,MV_3PH,True,True,"1,2,3",1686425.40182008,12275361.6900241,original_DSS_layout_unknown_CRS,m1142843,m1142843,R07,2.052579659582093,True,True,12.47,TRUNK_OR_MINOR_LATERAL,,,,0,,0,450,396.8626966596886,600,721.6878364870323,750,1,UNVERIFIED,True,ENGINEERING_SCENARIO_NOT_FIELD_VERIFIED,PENDING
MV:m1142851,m1142851,MV_3PH,True,True,"1,2,3",1686060.60796374,12275612.6396563,original_DSS_layout_unknown_CRS,m1142851,m1142851,R07,2.1536407225419993,True,True,12.47,TRUNK_OR_MINOR_LATERAL,,,,0,,0,450,396.8626966596886,600,721.6878364870323,750,1,UNVERIFIED,True,ENGINEERING_SCENARIO_NOT_FIELD_VERIFIED,PENDING
MV:m1142860,m1142860,MV_3PH,True,True,"1,2,3",1685812.30844351,12275785.1181205,original_DSS_layout_unknown_CRS,m1142860,m1142860,R07,2.2240616734998424,True,True,12.47,TRUNK_OR_MINOR_LATERAL,,,,0,,0,450,396.8626966596886,600,721.6878364870323,750,1,UNVERIFIED,True,ENGINEERING_SCENARIO_NOT_FIELD_VERIFIED,PENDING
MV:m1142863,m1142863,MV_3PH,True,True,"1,2,3",1685676.71036338,12275880.7802006,original_DSS_layout_unknown_CRS,m1142863,m1142863,R07,2.261937729217992,True,True,12.47,TRUNK_OR_MINOR_LATERAL,,,,0,,0,450,396.8626966596886,600,721.6878364870323,750,1,UNVERIFIED,True,ENGINEERING_SCENARIO_NOT_FIELD_VERIFIED,PENDING
MV:m1142865,m1142865,MV_3PH,True,True,"1,2,3",1685492.43951521,12276001.5384727,original_DSS_layout_unknown_CRS,m1142865,m1142865,R07,2.3122229407467376,True,True,12.47,TRUNK_OR_MINOR_LATERAL,,,,0,,0,450,396.8626966596886,600,721.6878364870323,750,1,UNVERIFIED,True,ENGINEERING_SCENARIO_NOT_FIELD_VERIFIED,PENDING
MV:m1142868,m1142868,MV_3PH,True,True,"1,2,3",1685132.31100288,12276242.5594009,original_DSS_layout_unknown_CRS,m1142868,m1142868,R07,2.4111339805938146,True,True,12.47,TRUNK_OR_MINOR_LATERAL,,,,0,,0,450,396.8626966596886,600,721.6878364870323,750,1,UNVERIFIED,True,ENGINEERING_SCENARIO_NOT_FIELD_VERIFIED,PENDING
MV:m1142869,m1142869,MV_3PH,True,True,"1,2,3",1684985.46121074,12276341.428649,original_DSS_layout_unknown_CRS,m1142869,m1142869,R07,2.4515418861471994,True,True,12.47,TRUNK_OR_MINOR_LATERAL,,,,0,,0,450,396.8626966596886,600,721.6878364870323,750,1,UNVERIFIED,True,ENGINEERING_SCENARIO_NOT_FIELD_VERIFIED,PENDING
MV:m1142871,m1142871,MV_3PH,True,True,"1,2,3",1684905.47042666,12276397.9288731,original_DSS_layout_unknown_CRS,m1142871,m1142871,R07,2.4738943505241453,True,True,12.47,TRUNK_OR_MINOR_LATERAL,,,,0,,0,450,396.8626966596886,600,721.6878364870323,750,1,UNVERIFIED,True,ENGINEERING_SCENARIO_NOT_FIELD_VERIFIED,PENDING
MV:m1142874,m1142874,MV_3PH,True,True,"1,2,3",1684789.44713056,12276444.9058971,original_DSS_layout_unknown_CRS,m1142874,m1142874,R07,2.5024642138926216,True,True,12.47,TRUNK_OR_MINOR_LATERAL,,,,0,,0,450,396.8626966596886,600,721.6878364870323,750,1,UNVERIFIED,True,ENGINEERING_SCENARIO_NOT_FIELD_VERIFIED,PENDING
MV:m1142875,m1142875,MV_3PH,True,True,"1,2,3",1684642.21231442,12276548.9934492,original_DSS_layout_unknown_CRS,m1142875,m1142875,R07,2.5436191458780746,True,True,12.47,TRUNK_OR_MINOR_LATERAL,,,,0,,0,450,396.8626966596886,600,721.6878364870323,750,1,UNVERIFIED,True,ENGINEERING_SCENARIO_NOT_FIELD_VERIFIED,PENDING
MV:m1149233,m1149233,MV_3PH,True,True,"1,2,3",1686911.20790053,12275406.5248401,original_DSS_layout_unknown_CRS,m1149233,m1149233,R07,1.9358830671225888,True,True,12.47,TRUNK_OR_MINOR_LATERAL,,,,0,,0,450,396.8626966596886,600,721.6878364870323,750,1,UNVERIFIED,True,ENGINEERING_SCENARIO_NOT_FIELD_VERIFIED,PENDING
MV:m1149235,m1149235,MV_3PH,True,True,"1,2,3",1687160.67068476,12275419.6402321,original_DSS_layout_unknown_CRS,m1149235,m1149235,R07,1.8760378021911475,True,True,12.47,TRUNK_OR_MINOR_LATERAL,,,,0,,0,450,396.8626966596886,600,721.6878364870323,750,1,UNVERIFIED,True,ENGINEERING_SCENARIO_NOT_FIELD_VERIFIED,PENDING
MV:m1149236,m1149236,MV_3PH,True,True,"1,2,3",1687296.89954889,12275425.3582482,original_DSS_layout_unknown_CRS,m1149236,m1149236,R07,1.844917103161408,True,True,12.47,TRUNK_OR_MINOR_LATERAL,,,,0,,0,450,396.8626966596886,600,721.6878364870323,750,1,UNVERIFIED,True,ENGINEERING_SCENARIO_NOT_FIELD_VERIFIED,PENDING
MV:m1166366,m1166366,MV_3PH,True,True,"1,2,3",1689137.26102261,12275255.550376,original_DSS_layout_unknown_CRS,m1166366,m1166366,R07,1.4195861102644622,True,True,12.47,TRUNK_OR_MINOR_LATERAL,,,,0,,0,450,396.8626966596886,600,721.6878364870323,750,1,UNVERIFIED,True,ENGINEERING_SCENARIO_NOT_FIELD_VERIFIED,PENDING
MV:m1166368,m1166368,MV_3PH,True,True,"1,2,3",1689003.73961448,12275275.919784,original_DSS_layout_unknown_CRS,m1166368,m1166368,R07,1.4504140618449912,True,True,12.47,TRUNK_OR_MINOR_LATERAL,,,,0,,0,450,396.8626966596886,600,721.6878364870323,750,1,UNVERIFIED,True,ENGINEERING_SCENARIO_NOT_FIELD_VERIFIED,PENDING
MV:m1166373,m1166373,MV_3PH,True,True,"1,2,3",1688526.65801404,12275332.3380881,original_DSS_layout_unknown_CRS,m1166373,m1166373,R07,1.5601096963669498,True,True,12.47,TRUNK_OR_MINOR_LATERAL,,,,0,,0,450,396.8626966596886,600,721.6878364870323,750,1,UNVERIFIED,True,ENGINEERING_SCENARIO_NOT_FIELD_VERIFIED,PENDING
MV:m1166374,m1166374,MV_3PH,True,True,"1,2,3",1688496.06908601,12275334.5294481,original_DSS_layout_unknown_CRS,m1166374,m1166374,R07,1.5671093055499523,True,True,12.47,TRUNK_OR_MINOR_LATERAL,,,,0,,0,450,396.8626966596886,600,721.6878364870323,750,1,UNVERIFIED,True,ENGINEERING_SCENARIO_NOT_FIELD_VERIFIED,PENDING
MV:m1166375,m1166375,MV_3PH,True,True,"1,2,3",1688163.4697897,12275377.3080721,original_DSS_layout_unknown_CRS,m1166375,m1166375,R07,1.6436482122614477,True,True,12.47,TRUNK_OR_MINOR_LATERAL,,,,0,,0,450,396.8626966596886,600,721.6878364870323,750,1,UNVERIFIED,True,ENGINEERING_SCENARIO_NOT_FIELD_VERIFIED,PENDING
MV:m1166376,m1166376,MV_3PH,True,True,"1,2,3",1687535.92162911,12275441.4596242,original_DSS_layout_unknown_CRS,m1166376,m1166376,R07,1.7902378118770836,True,True,12.47,TRUNK_OR_MINOR_LATERAL,,,,0,,0,450,396.8626966596886,600,721.6878364870323,750,1,UNVERIFIED,True,ENGINEERING_SCENARIO_NOT_FIELD_VERIFIED,PENDING
MV:m1166377,m1166377,MV_3PH,True,True,"1,2,3",1687646.53001322,12275447.2595602,original_DSS_layout_unknown_CRS,m1166377,m1166377,R07,1.7649575090768403,True,True,12.47,TRUNK_OR_MINOR_LATERAL,,,,0,,0,450,396.8626966596886,600,721.6878364870323,750,1,UNVERIFIED,True,ENGINEERING_SCENARIO_NOT_FIELD_VERIFIED,PENDING
MV:m1186052,m1186052,MV_3PH,True,True,"1,2,3",1691285.33040061,12273330.6228862,original_DSS_layout_unknown_CRS,m1186052,m1186052,R07,1.8039798355547694,True,True,12.47,TRUNK_OR_MINOR_LATERAL,,,,0,,0,450,396.8626966596886,600,721.6878364870323,750,1,UNVERIFIED,True,ENGINEERING_SCENARIO_NOT_FIELD_VERIFIED,PENDING
MV:m1209772,m1209772,MV_3PH,True,True,"1,2,3",1693072.88214627,12274424.7464072,original_DSS_layout_unknown_CRS,m1209772,m1209772,R07,1.5041305529416962,True,True,12.47,TRUNK_OR_MINOR_LATERAL,,,,0,,0,450,396.8626966596886,600,721.6878364870323,750,1,UNVERIFIED,True,ENGINEERING_SCENARIO_NOT_FIELD_VERIFIED,PENDING
MV:m1209774,m1209774,MV_3PH,True,True,"1,2,3",1692571.0443218,12274473.0669193,original_DSS_layout_unknown_CRS,m1209774,m1209774,R07,1.3890415030796832,True,True,12.47,TRUNK_OR_MINOR_LATERAL,,,,0,,0,450,396.8626966596886,600,721.6878364870323,750,1,UNVERIFIED,True,ENGINEERING_SCENARIO_NOT_FIELD_VERIFIED,PENDING
MV:m3036170,m3036170,MV_3PH,True,True,"1,2,3",1663793.342919,12277091.9510177,original_DSS_layout_unknown_CRS,m3036170,m3036170,R03,12.770074803828045,True,True,12.47,TRUNK_OR_MINOR_LATERAL,,,,0,,0,450,396.8626966596886,600,721.6878364870323,750,1,UNVERIFIED,True,ENGINEERING_SCENARIO_NOT_FIELD_VERIFIED,PENDING
MV:m3037441,m3037441,MV_3PH,True,True,"1,2,3",1665831.0169049,12278532.690347,original_DSS_layout_unknown_CRS,m3037441,m3037441,R03,11.811243057320757,True,True,12.47,TRUNK_OR_MINOR_LATERAL,,,,0,,0,450,396.8626966596886,600,721.6878364870323,750,1,UNVERIFIED,True,ENGINEERING_SCENARIO_NOT_FIELD_VERIFIED,PENDING
MV:m3037449,m3037449,MV_3PH,True,True,"1,2,3",1681586.42018357,12278554.7882671,original_DSS_layout_unknown_CRS,m3037449,m3037449,R02,3.5558709416294683,True,True,12.47,TRUNK_OR_MINOR_LATERAL,,,,0,,0,450,396.8626966596886,600,721.6878364870323,750,1,UNVERIFIED,True,ENGINEERING_SCENARIO_NOT_FIELD_VERIFIED,PENDING
MV:m3763618,m3763618,MV_3PH,True,True,"1,2,3",1668719.22938759,12283634.3976158,original_DSS_layout_unknown_CRS,m3763618,m3763618,R05,8.306025062177543,True,True,12.47,MAJOR:m1047526,,,,0,,0,450,396.8626966596886,600,721.6878364870323,750,1,UNVERIFIED,True,ENGINEERING_SCENARIO_NOT_FIELD_VERIFIED,PENDING
MV:m3763619,m3763619,MV_3PH,True,True,"1,2,3",1668691.56500356,12283575.4684637,original_DSS_layout_unknown_CRS,m3763619,m3763619,R05,8.277523467582464,True,True,12.47,MAJOR:m1047526,,,,0,,0,450,396.8626966596886,600,721.6878364870323,750,1,UNVERIFIED,True,ENGINEERING_SCENARIO_NOT_FIELD_VERIFIED,PENDING
MV:m3763624,m3763624,MV_3PH,True,True,"1,2,3",1668711.62311558,12283618.1938398,original_DSS_layout_unknown_CRS,m3763624,m3763624,R05,8.298188079947677,True,True,12.47,MAJOR:m1047526,,,,0,,0,450,396.8626966596886,600,721.6878364870323,750,1,UNVERIFIED,True,ENGINEERING_SCENARIO_NOT_FIELD_VERIFIED,PENDING
MV:m3768670,m3768670,MV_3PH,True,True,"1,2,3",1667896.67885882,12283876.716976,original_DSS_layout_unknown_CRS,m3768670,m3768670,R05,8.56137118667119,True,True,12.47,MAJOR:m1047526,,,,0,,0,450,396.8626966596886,600,721.6878364870323,750,1,UNVERIFIED,True,ENGINEERING_SCENARIO_NOT_FIELD_VERIFIED,PENDING
MV:m4113347,m4113347,MV_3PH,True,True,"1,2,3",1674383.09627286,12273210.8394621,original_DSS_layout_unknown_CRS,m4113347,m4113347,R06,12.294367664869462,True,True,12.47,MAJOR:l2820531,,,,0,,0,450,396.8626966596886,600,721.6878364870323,750,1,UNVERIFIED,True,ENGINEERING_SCENARIO_NOT_FIELD_VERIFIED,PENDING
MV:m4122658,m4122658,MV_3PH,True,True,"1,2,3",1681438.32111144,12280344.7771327,original_DSS_layout_unknown_CRS,m4122658,m4122658,R02,3.8361649730654706,True,True,12.47,TRUNK_OR_MINOR_LATERAL,,,,0,,0,450,396.8626966596886,600,721.6878364870323,750,1,UNVERIFIED,True,ENGINEERING_SCENARIO_NOT_FIELD_VERIFIED,PENDING
MV:m4277837,m4277837,MV_3PH,True,True,"1,2,3",1673715.50971224,12275856.2615446,original_DSS_layout_unknown_CRS,m4277837,m4277837,R06,11.317588076766635,True,True,12.47,MAJOR:l2820531,,,,0,,0,450,396.8626966596886,600,721.6878364870323,750,1,UNVERIFIED,True,ENGINEERING_SCENARIO_NOT_FIELD_VERIFIED,PENDING
MV:m4362177,m4362177,MV_3PH,True,True,"1,2,3",1691274.1401286,12273545.2409984,original_DSS_layout_unknown_CRS,m4362177,m4362177,R07,1.7098891819136153,True,True,12.47,TRUNK_OR_MINOR_LATERAL,,,,0,,0,450,396.8626966596886,600,721.6878364870323,750,1,UNVERIFIED,True,ENGINEERING_SCENARIO_NOT_FIELD_VERIFIED,PENDING
MV:n1134474,n1134474,MV_3PH,True,True,"1,2,3",1675620.34222602,12283456.1192156,original_DSS_layout_unknown_CRS,n1134474,n1134474,R02,5.722046782507672,True,True,12.47,TRUNK_OR_MINOR_LATERAL,,,,0,,0,450,396.8626966596886,600,721.6878364870323,750,1,UNVERIFIED,True,ENGINEERING_SCENARIO_NOT_FIELD_VERIFIED,PENDING
MV:n1134475,n1134475,MV_3PH,True,True,"1,2,3",1675239.68046566,12283477.7460957,original_DSS_layout_unknown_CRS,n1134475,n1134475,R02,5.809174521861096,True,True,12.47,TRUNK_OR_MINOR_LATERAL,,,,0,,0,450,396.8626966596886,600,721.6878364870323,750,1,UNVERIFIED,True,ENGINEERING_SCENARIO_NOT_FIELD_VERIFIED,PENDING
MV:n1134476,n1134476,MV_3PH,True,True,"1,2,3",1674735.56116919,12283782.7711199,original_DSS_layout_unknown_CRS,n1134476,n1134476,R02,5.952851012369109,True,True,12.47,TRUNK_OR_MINOR_LATERAL,,,,0,,0,450,396.8626966596886,600,721.6878364870323,750,1,UNVERIFIED,True,ENGINEERING_SCENARIO_NOT_FIELD_VERIFIED,PENDING
MV:n1134477,n1134477,MV_3PH,True,True,"1,2,3",1674607.01230507,12283905.4831841,original_DSS_layout_unknown_CRS,n1134477,n1134477,R02,5.993415033920375,True,True,12.47,TRUNK_OR_MINOR_LATERAL,,,,0,,0,450,396.8626966596886,600,721.6878364870323,750,1,UNVERIFIED,True,ENGINEERING_SCENARIO_NOT_FIELD_VERIFIED,PENDING
MV:n1134478,n1134478,MV_3PH,True,True,"1,2,3",1674482.11707296,12284032.8073442,original_DSS_layout_unknown_CRS,n1134478,n1134478,R03,6.035542397702767,True,True,12.47,TRUNK_OR_MINOR_LATERAL,,,,0,,0,450,396.8626966596886,600,721.6878364870323,750,1,UNVERIFIED,True,ENGINEERING_SCENARIO_NOT_FIELD_VERIFIED,PENDING
MV:n1134479,n1134479,MV_3PH,True,True,"1,2,3",1674595.98996906,12284047.1679202,original_DSS_layout_unknown_CRS,n1134479,n1134479,R03,6.0386745542861835,True,True,12.47,TRUNK_OR_MINOR_LATERAL,,,,0,,0,450,396.8626966596886,600,721.6878364870323,750,1,UNVERIFIED,True,ENGINEERING_SCENARIO_NOT_FIELD_VERIFIED,PENDING
MV:n1134480,n1134480,MV_3PH,True,True,"1,2,3",1675016.94817746,12284588.8557287,original_DSS_layout_unknown_CRS,n1134480,n1134480,R03,6.199583979922815,True,True,12.47,TRUNK_OR_MINOR_LATERAL,,,,0,,0,450,396.8626966596886,600,721.6878364870323,750,1,UNVERIFIED,True,ENGINEERING_SCENARIO_NOT_FIELD_VERIFIED,PENDING
MV:n1136028,n1136028,MV_3PH,True,True,"1,2,3",1670274.61166104,12288066.7611399,original_DSS_layout_unknown_CRS,n1136028,n1136028,R05,11.206803951353233,True,True,12.47,MAJOR:m1047526,,,,0,,0,450,396.8626966596886,600,721.6878364870323,750,1,UNVERIFIED,True,ENGINEERING_SCENARIO_NOT_FIELD_VERIFIED,PENDING
MV:n1136354,n1136354,MV_3PH,True,True,"1,2,3",1675244.71035367,12285098.3899372,original_DSS_layout_unknown_CRS,n1136354,n1136354,R03,6.327113397562557,True,True,12.47,TRUNK_OR_MINOR_LATERAL,,,,0,,0,450,396.8626966596886,600,721.6878364870323,750,1,UNVERIFIED,True,ENGINEERING_SCENARIO_NOT_FIELD_VERIFIED,PENDING
MV:n1136356,n1136356,MV_3PH,True,True,"1,2,3",1675577.14171398,12285840.5359859,original_DSS_layout_unknown_CRS,n1136356,n1136356,R03,6.512819203684654,True,True,12.47,TRUNK_OR_MINOR_LATERAL,,,,0,,0,450,396.8626966596886,600,721.6878364870323,750,1,UNVERIFIED,True,ENGINEERING_SCENARIO_NOT_FIELD_VERIFIED,PENDING
MV:n1136363,n1136363,MV_3PH,True,True,"1,2,3",1675616.36910601,12286527.6973305,original_DSS_layout_unknown_CRS,n1136363,n1136363,R03,6.671149640499036,True,True,12.47,TRUNK_OR_MINOR_LATERAL,,,,0,,0,450,396.8626966596886,600,721.6878364870323,750,1,UNVERIFIED,True,ENGINEERING_SCENARIO_NOT_FIELD_VERIFIED,PENDING
MV:n1136365,n1136365,MV_3PH,True,True,"1,2,3",1673621.34676816,12284529.9675366,original_DSS_layout_unknown_CRS,n1136365,n1136365,R03,6.264110390949113,True,True,12.47,TRUNK_OR_MINOR_LATERAL,,,,0,,0,450,396.8626966596886,600,721.6878364870323,750,1,UNVERIFIED,True,ENGINEERING_SCENARIO_NOT_FIELD_VERIFIED,PENDING
MV:n1136366,n1136366,MV_3PH,True,True,"1,2,3",1673623.09985616,12284679.1602408,original_DSS_layout_unknown_CRS,n1136366,n1136366,R03,6.317146511184161,True,True,12.47,TRUNK_OR_MINOR_LATERAL,,,,0,,0,450,396.8626966596886,600,721.6878364870323,750,1,UNVERIFIED,True,ENGINEERING_SCENARIO_NOT_FIELD_VERIFIED,PENDING
MV:n1136367,n1136367,MV_3PH,True,True,"1,2,3",1673465.68648001,12284513.9194086,original_DSS_layout_unknown_CRS,n1136367,n1136367,R03,6.317808504792348,True,True,12.47,TRUNK_OR_MINOR_LATERAL,,,,0,,0,450,396.8626966596886,600,721.6878364870323,750,1,UNVERIFIED,True,ENGINEERING_SCENARIO_NOT_FIELD_VERIFIED,PENDING
MV:n1136657,n1136657,MV_3PH,True,True,"1,2,3",1673205.82395177,12284340.2531045,original_DSS_layout_unknown_CRS,n1136657,n1136657,R03,6.423322342542549,True,True,12.47,TRUNK_OR_MINOR_LATERAL,,,,0,,0,450,396.8626966596886,600,721.6878364870323,750,1,UNVERIFIED,True,ENGINEERING_SCENARIO_NOT_FIELD_VERIFIED,PENDING
MV:n1136658,n1136658,MV_3PH,True,True,"1,2,3",1672032.19297468,12283103.2570073,original_DSS_layout_unknown_CRS,n1136658,n1136658,R03,7.04144923336342,True,True,12.47,TRUNK_OR_MINOR_LATERAL,,,,0,,0,450,396.8626966596886,600,721.6878364870323,750,1,UNVERIFIED,True,ENGINEERING_SCENARIO_NOT_FIELD_VERIFIED,PENDING
MV:n1136663,n1136663,MV_3PH,True,True,"1,2,3",1670978.48468569,12282522.5425108,original_DSS_layout_unknown_CRS,n1136663,n1136663,R03,7.392417482723847,True,True,12.47,TRUNK_OR_MINOR_LATERAL,,,,0,,0,450,396.8626966596886,600,721.6878364870323,750,1,UNVERIFIED,True,ENGINEERING_SCENARIO_NOT_FIELD_VERIFIED,PENDING
MV:n1136666,n1136666,MV_3PH,True,True,"1,2,3",1670352.16532511,12282530.4723668,original_DSS_layout_unknown_CRS,n1136666,n1136666,R05,7.61507894910137,True,True,12.47,MAJOR:m1047526,,,,0,,0,450,396.8626966596886,600,721.6878364870323,750,1,UNVERIFIED,True,ENGINEERING_SCENARIO_NOT_FIELD_VERIFIED,PENDING
MV:n1136667,n1136667,MV_3PH,True,True,"1,2,3",1669994.15444478,12282719.7853909,original_DSS_layout_unknown_CRS,n1136667,n1136667,R05,7.750044010303947,True,True,12.47,MAJOR:m1047526,,,,0,,0,450,396.8626966596886,600,721.6878364870323,750,1,UNVERIFIED,True,ENGINEERING_SCENARIO_NOT_FIELD_VERIFIED,PENDING
MV:n1136669,n1136669,MV_3PH,True,True,"1,2,3",1669509.10202833,12282927.0962391,original_DSS_layout_unknown_CRS,n1136669,n1136669,R05,7.926903302914178,True,True,12.47,MAJOR:m1047526,,,,0,,0,450,396.8626966596886,600,721.6878364870323,750,1,UNVERIFIED,True,ENGINEERING_SCENARIO_NOT_FIELD_VERIFIED,PENDING
MV:n1136670,n1136670,MV_3PH,True,True,"1,2,3",1669666.49082847,12282916.0124631,original_DSS_layout_unknown_CRS,n1136670,n1136670,R05,7.909406774531221,True,True,12.47,MAJOR:m1047526,,,,0,,0,450,396.8626966596886,600,721.6878364870323,750,1,UNVERIFIED,True,ENGINEERING_SCENARIO_NOT_FIELD_VERIFIED,PENDING
MV:n1136671,n1136671,MV_3PH,True,True,"1,2,3",1669781.54746858,12283406.8238556,original_DSS_layout_unknown_CRS,n1136671,n1136671,R05,8.206494545723936,True,True,12.47,MAJOR:m1047526,,,,0,,0,450,396.8626966596886,600,721.6878364870323,750,1,UNVERIFIED,True,ENGINEERING_SCENARIO_NOT_FIELD_VERIFIED,PENDING
MV:n1136996,n1136996,MV_3PH,True,True,"1,2,3",1670257.68698902,12284178.6986723,original_DSS_layout_unknown_CRS,n1136996,n1136996,R05,8.743503136557212,True,True,12.47,MAJOR:m1047526,,,,0,,0,450,396.8626966596886,600,721.6878364870323,750,1,UNVERIFIED,True,ENGINEERING_SCENARIO_NOT_FIELD_VERIFIED,PENDING
MV:n1136998,n1136998,MV_3PH,True,True,"1,2,3",1670297.01678106,12284328.0429284,original_DSS_layout_unknown_CRS,n1136998,n1136998,R05,8.831090381968982,True,True,12.47,MAJOR:m1047526,,,,0,,0,450,396.8626966596886,600,721.6878364870323,750,1,UNVERIFIED,True,ENGINEERING_SCENARIO_NOT_FIELD_VERIFIED,PENDING
MV:n1137005,n1137005,MV_3PH,True,True,"1,2,3",1670058.95316484,12286042.21893,original_DSS_layout_unknown_CRS,n1137005,n1137005,R05,9.836179817330923,True,True,12.47,MAJOR:m1047526,,,,0,,0,450,396.8626966596886,600,721.6878364870323,750,1,UNVERIFIED,True,ENGINEERING_SCENARIO_NOT_FIELD_VERIFIED,PENDING
MV:n1137960,n1137960,MV_3PH,True,True,"1,2,3",1670421.33038118,12263275.9914528,original_DSS_layout_unknown_CRS,n1137960,n1137960,R08,11.624897964154592,True,True,12.47,MAJOR:l3081380,,,,0,,0,450,396.8626966596886,600,721.6878364870323,750,1,UNVERIFIED,True,ENGINEERING_SCENARIO_NOT_FIELD_VERIFIED,PENDING
MV:n1137986,n1137986,MV_3PH,True,True,"1,2,3",1669954.63214074,12286502.6789625,original_DSS_layout_unknown_CRS,n1137986,n1137986,R05,10.218002235929768,True,True,12.47,MAJOR:m1047526,,,,0,,0,450,396.8626966596886,600,721.6878364870323,750,1,UNVERIFIED,True,ENGINEERING_SCENARIO_NOT_FIELD_VERIFIED,PENDING
MV:n1137992,n1137992,MV_3PH,True,True,"1,2,3",1669582.94881239,12281790.6774221,original_DSS_layout_unknown_CRS,n1137992,n1137992,R06,8.376066536133457,True,True,12.47,MAJOR:l2820531,,,,0,,0,450,396.8626966596886,600,721.6878364870323,750,1,UNVERIFIED,True,ENGINEERING_SCENARIO_NOT_FIELD_VERIFIED,PENDING
MV:n1138597,n1138597,MV_3PH,True,True,"1,2,3",1673856.91182437,12275094.6676878,original_DSS_layout_unknown_CRS,n1138597,n1138597,R06,11.576666538205364,True,True,12.47,MAJOR:l2820531,,,,0,,0,450,396.8626966596886,600,721.6878364870323,750,1,UNVERIFIED,True,ENGINEERING_SCENARIO_NOT_FIELD_VERIFIED,PENDING
MV:n1138598,n1138598,MV_3PH,True,True,"1,2,3",1673749.07643227,12274258.1211271,original_DSS_layout_unknown_CRS,n1138598,n1138598,R06,11.85889204003767,True,True,12.47,MAJOR:l2820531,,,,0,,0,450,396.8626966596886,600,721.6878364870323,750,1,UNVERIFIED,True,ENGINEERING_SCENARIO_NOT_FIELD_VERIFIED,PENDING
MV:n1138599,n1138599,MV_3PH,True,True,"1,2,3",1673795.88552032,12274177.110439,original_DSS_layout_unknown_CRS,n1138599,n1138599,R06,11.899138351193114,True,True,12.47,MAJOR:l2820531,,,,0,,0,450,396.8626966596886,600,721.6878364870323,750,1,UNVERIFIED,True,ENGINEERING_SCENARIO_NOT_FIELD_VERIFIED,PENDING
MV:n1138603,n1138603,MV_3PH,True,True,"1,2,3",1674143.94312064,12273879.8391427,original_DSS_layout_unknown_CRS,n1138603,n1138603,R06,12.054078040884383,True,True,12.47,MAJOR:l2820531,,,,0,,0,450,396.8626966596886,600,721.6878364870323,750,1,UNVERIFIED,True,ENGINEERING_SCENARIO_NOT_FIELD_VERIFIED,PENDING
MV:n1138604,n1138604,MV_3PH,True,True,"1,2,3",1674265.52468876,12273641.4519425,original_DSS_layout_unknown_CRS,n1138604,n1138604,R06,12.14413147255494,True,True,12.47,MAJOR:l2820531,,,,0,,0,450,396.8626966596886,600,721.6878364870323,750,1,UNVERIFIED,True,ENGINEERING_SCENARIO_NOT_FIELD_VERIFIED,PENDING
MV:n1138607,n1138607,MV_3PH,True,True,"1,2,3",1674390.44449687,12273135.010214,original_DSS_layout_unknown_CRS,n1138607,n1138607,R06,12.31975148789353,True,True,12.47,MAJOR:l2820531,,,,0,,0,450,396.8626966596886,600,721.6878364870323,750,1,UNVERIFIED,True,ENGINEERING_SCENARIO_NOT_FIELD_VERIFIED,PENDING
MV:n1139260,n1139260,MV_3PH,True,True,"1,2,3",1674259.07348875,12278144.5984427,original_DSS_layout_unknown_CRS,n1139260,n1139260,R06,10.529838495722942,True,True,12.47,MAJOR:l2820531,,,,0,,0,450,396.8626966596886,600,721.6878364870323,750,1,UNVERIFIED,True,ENGINEERING_SCENARIO_NOT_FIELD_VERIFIED,PENDING
MV:n1139541,n1139541,MV_3PH,True,True,"1,2,3",1675076.80302551,12267924.8900172,original_DSS_layout_unknown_CRS,n1139541,n1139541,R01,7.774015050649883,True,True,12.47,MAJOR:l3081380,,,,0,,0,450,396.8626966596886,600,721.6878364870323,750,1,UNVERIFIED,True,ENGINEERING_SCENARIO_NOT_FIELD_VERIFIED,PENDING
MV:n1139547,n1139547,MV_3PH,True,True,"1,2,3",1679706.02440582,12270138.2864992,original_DSS_layout_unknown_CRS,n1139547,n1139547,R01,4.740433364486085,True,True,12.47,MAJOR:l3081380,,,,0,,0,450,396.8626966596886,600,721.6878364870323,750,1,UNVERIFIED,True,ENGINEERING_SCENARIO_NOT_FIELD_VERIFIED,PENDING
MV:n1139551,n1139551,MV_3PH,True,True,"1,2,3",1666463.86528949,12278010.8066986,original_DSS_layout_unknown_CRS,n1139551,n1139551,R03,11.21666524629889,True,True,12.47,TRUNK_OR_MINOR_LATERAL,,,,0,,0,450,396.8626966596886,600,721.6878364870323,750,1,UNVERIFIED,True,ENGINEERING_SCENARIO_NOT_FIELD_VERIFIED,PENDING
MV:n1139552,n1139552,MV_3PH,True,True,"1,2,3",1667041.60609003,12278392.6849709,original_DSS_layout_unknown_CRS,n1139552,n1139552,R03,10.800722125982887,True,True,12.47,TRUNK_OR_MINOR_LATERAL,,,,0,,0,450,396.8626966596886,600,721.6878364870323,750,1,UNVERIFIED,True,ENGINEERING_SCENARIO_NOT_FIELD_VERIFIED,PENDING
MV:n1140519,n1140519,MV_3PH,True,True,"1,2,3",1669211.24090805,12281814.5816781,original_DSS_layout_unknown_CRS,n1140519,n1140519,R03,8.403964221098075,True,True,12.47,TRUNK_OR_MINOR_LATERAL,,,,0,,0,450,396.8626966596886,600,721.6878364870323,750,1,UNVERIFIED,True,ENGINEERING_SCENARIO_NOT_FIELD_VERIFIED,PENDING
MV:n1140521,n1140521,MV_3PH,True,True,"1,2,3",1668416.72340331,12281275.9044296,original_DSS_layout_unknown_CRS,n1140521,n1140521,R03,8.955803413419115,True,True,12.47,TRUNK_OR_MINOR_LATERAL,,,,0,,0,450,396.8626966596886,600,721.6878364870323,750,1,UNVERIFIED,True,ENGINEERING_SCENARIO_NOT_FIELD_VERIFIED,PENDING
MV:n1140817,n1140817,MV_3PH,True,True,"1,2,3",1667456.45716241,12278952.1330354,original_DSS_layout_unknown_CRS,n1140817,n1140817,R03,10.447492722200007,True,True,12.47,TRUNK_OR_MINOR_LATERAL,,,,0,,0,450,396.8626966596886,600,721.6878364870323,750,1,UNVERIFIED,True,ENGINEERING_SCENARIO_NOT_FIELD_VERIFIED,PENDING
MV:n1140818,n1140818,MV_3PH,True,True,"1,2,3",1666193.41460124,12278027.4569386,original_DSS_layout_unknown_CRS,n1140818,n1140818,R03,11.381623924086545,True,True,12.47,TRUNK_OR_MINOR_LATERAL,,,,0,,0,450,396.8626966596886,600,721.6878364870323,750,1,UNVERIFIED,True,ENGINEERING_SCENARIO_NOT_FIELD_VERIFIED,PENDING
MV:n1140819,n1140819,MV_3PH,True,True,"1,2,3",1665943.435721,12278103.5442346,original_DSS_layout_unknown_CRS,n1140819,n1140819,R03,11.534808580326485,True,True,12.47,TRUNK_OR_MINOR_LATERAL,,,,0,,0,450,396.8626966596886,600,721.6878364870323,750,1,UNVERIFIED,True,ENGINEERING_SCENARIO_NOT_FIELD_VERIFIED,PENDING
MV:n1140823,n1140823,MV_3PH,True,True,"1,2,3",1665856.55136892,12278251.6146348,original_DSS_layout_unknown_CRS,n1140823,n1140823,R03,11.657684265230694,True,True,12.47,TRUNK_OR_MINOR_LATERAL,,,,0,,0,450,396.8626966596886,600,721.6878364870323,750,1,UNVERIFIED,True,ENGINEERING_SCENARIO_NOT_FIELD_VERIFIED,PENDING
MV:n1140825,n1140825,MV_3PH,True,True,"1,2,3",1665607.51456869,12278297.6086188,original_DSS_layout_unknown_CRS,n1140825,n1140825,R03,11.78001429364571,True,True,12.47,TRUNK_OR_MINOR_LATERAL,,,,0,,0,450,396.8626966596886,600,721.6878364870323,750,1,UNVERIFIED,True,ENGINEERING_SCENARIO_NOT_FIELD_VERIFIED,PENDING
MV:n1140827,n1140827,MV_3PH,True,True,"1,2,3",1665613.6258007,12278455.280043,original_DSS_layout_unknown_CRS,n1140827,n1140827,R03,11.872425498147573,True,True,12.47,TRUNK_OR_MINOR_LATERAL,,,,0,,0,450,396.8626966596886,600,721.6878364870323,750,1,UNVERIFIED,True,ENGINEERING_SCENARIO_NOT_FIELD_VERIFIED,PENDING
MV:n1140828,n1140828,MV_3PH,True,True,"1,2,3",1665213.43431232,12278259.0611628,original_DSS_layout_unknown_CRS,n1140828,n1140828,R03,11.922310876174702,True,True,12.47,TRUNK_OR_MINOR_LATERAL,,,,0,,0,450,396.8626966596886,600,721.6878364870323,750,1,UNVERIFIED,True,ENGINEERING_SCENARIO_NOT_FIELD_VERIFIED,PENDING
MV:n1142099,n1142099,MV_3PH,True,True,"1,2,3",1681215.67074323,12280970.6705093,original_DSS_layout_unknown_CRS,n1142099,n1142099,R02,3.9881902840014076,True,True,12.47,TRUNK_OR_MINOR_LATERAL,,,,0,,0,450,396.8626966596886,600,721.6878364870323,750,1,UNVERIFIED,True,ENGINEERING_SCENARIO_NOT_FIELD_VERIFIED,PENDING
MV:n1142100,n1142100,MV_3PH,True,True,"1,2,3",1681157.75330317,12281069.3472454,original_DSS_layout_unknown_CRS,n1142100,n1142100,R02,4.014305471165815,True,True,12.47,TRUNK_OR_MINOR_LATERAL,,,,0,,0,450,396.8626966596886,600,721.6878364870323,750,1,UNVERIFIED,True,ENGINEERING_SCENARIO_NOT_FIELD_VERIFIED,PENDING
MV:n1142103,n1142103,MV_3PH,True,True,"1,2,3",1680878.96315891,12281587.2372939,original_DSS_layout_unknown_CRS,n1142103,n1142103,R02,4.148557572560258,True,True,12.47,TRUNK_OR_MINOR_LATERAL,,,,0,,0,450,396.8626966596886,600,721.6878364870323,750,1,UNVERIFIED,True,ENGINEERING_SCENARIO_NOT_FIELD_VERIFIED,PENDING
MV:n1142104,n1142104,MV_3PH,True,True,"1,2,3",1680818.96904686,12281860.2029261,original_DSS_layout_unknown_CRS,n1142104,n1142104,R02,4.21270321587205,True,True,12.47,TRUNK_OR_MINOR_LATERAL,,,,0,,0,450,396.8626966596886,600,721.6878364870323,750,1,UNVERIFIED,True,ENGINEERING_SCENARIO_NOT_FIELD_VERIFIED,PENDING
MV:n1144663,n1144663,MV_3PH,True,True,"1,2,3",1675852.22088223,12283429.8515676,original_DSS_layout_unknown_CRS,n1144663,n1144663,R02,5.668781816947335,True,True,12.47,TRUNK_OR_MINOR_LATERAL,,,,0,,0,450,396.8626966596886,600,721.6878364870323,750,1,UNVERIFIED,True,ENGINEERING_SCENARIO_NOT_FIELD_VERIFIED,PENDING
MV:n1144665,n1144665,MV_3PH,True,True,"1,2,3",1669973.12148476,12282252.9970385,original_DSS_layout_unknown_CRS,n1144665,n1144665,R03,7.888866895330153,True,True,12.47,TRUNK_OR_MINOR_LATERAL,,,,0,,0,450,396.8626966596886,600,721.6878364870323,750,1,UNVERIFIED,True,ENGINEERING_SCENARIO_NOT_FIELD_VERIFIED,PENDING
MV:n1144668,n1144668,MV_3PH,True,True,"1,2,3",1674373.72462486,12273307.5337342,original_DSS_layout_unknown_CRS,n1144668,n1144668,R06,12.261999231740406,True,True,12.47,MAJOR:l2820531,,,,0,,0,450,396.8626966596886,600,721.6878364870323,750,1,UNVERIFIED,True,ENGINEERING_SCENARIO_NOT_FIELD_VERIFIED,PENDING
MV:n1145954,n1145954,MV_3PH,True,True,"1,2,3",1669677.59098848,12262532.3216921,original_DSS_layout_unknown_CRS,n1145954,n1145954,R08,12.253607718906133,True,True,12.47,MAJOR:l3081380,,,,0,,0,450,396.8626966596886,600,721.6878364870323,750,1,UNVERIFIED,True,ENGINEERING_SCENARIO_NOT_FIELD_VERIFIED,PENDING
MV:p827514,p827514,MV_3PH,True,True,"1,2,3",1663078.91859834,12284777.3782249,original_DSS_layout_unknown_CRS,p827514,p827514,R04,10.867441961634892,True,True,12.47,MAJOR:m1047526,,,,0,,0,450,396.8626966596886,600,721.6878364870323,750,1,UNVERIFIED,True,ENGINEERING_SCENARIO_NOT_FIELD_VERIFIED,PENDING
MV:p827525,p827525,MV_3PH,True,True,"1,2,3",1664435.6981196,12285302.0348654,original_DSS_layout_unknown_CRS,p827525,p827525,R04,9.954730959197823,True,True,12.47,MAJOR:m1047526,,,,0,,0,450,396.8626966596886,600,721.6878364870323,750,1,UNVERIFIED,True,ENGINEERING_SCENARIO_NOT_FIELD_VERIFIED,PENDING
MV:p827527,p827527,MV_3PH,True,True,"1,2,3",1672012.31918266,12283106.5788633,original_DSS_layout_unknown_CRS,p827527,p827527,R03,7.029650053446001,True,True,12.47,TRUNK_OR_MINOR_LATERAL,,,,0,,0,450,396.8626966596886,600,721.6878364870323,750,1,UNVERIFIED,True,ENGINEERING_SCENARIO_NOT_FIELD_VERIFIED,PENDING
MV:p827580,p827580,MV_3PH,True,True,"1,2,3",1669694.9006845,12262524.8383001,original_DSS_layout_unknown_CRS,p827580,p827580,R08,12.264650660620415,True,True,12.47,MAJOR:l3081380,,,,0,,0,450,396.8626966596886,600,721.6878364870323,750,1,UNVERIFIED,True,ENGINEERING_SCENARIO_NOT_FIELD_VERIFIED,PENDING
MV:p828362,p828362,MV_3PH,True,True,"1,2,3",1669777.42279658,12283386.7985116,original_DSS_layout_unknown_CRS,p828362,p828362,R05,8.19452190640158,True,True,12.47,MAJOR:m1047526,,,,0,,0,450,396.8626966596886,600,721.6878364870323,750,1,UNVERIFIED,True,ENGINEERING_SCENARIO_NOT_FIELD_VERIFIED,PENDING
MV:p829965,p829965,MV_3PH,True,True,"1,2,3",1684366.57199416,12273768.4689026,original_DSS_layout_unknown_CRS,p829965,p829965,R07,2.788630167860286,True,True,12.47,MAJOR:l3081380,,,,0,,0,450,396.8626966596886,600,721.6878364870323,750,1,UNVERIFIED,True,ENGINEERING_SCENARIO_NOT_FIELD_VERIFIED,PENDING
MV:p850072,p850072,MV_3PH,True,True,"1,2,3",1679266.92910941,12279558.984108,original_DSS_layout_unknown_CRS,p850072,p850072,R02,5.134837086359002,True,True,12.47,TRUNK_OR_MINOR_LATERAL,,,,0,,0,450,396.8626966596886,600,721.6878364870323,750,1,UNVERIFIED,True,ENGINEERING_SCENARIO_NOT_FIELD_VERIFIED,PENDING
MV:p850080,p850080,MV_3PH,True,True,"1,2,3",1679243.38120539,12279459.7298359,original_DSS_layout_unknown_CRS,p850080,p850080,R02,5.091232708659749,True,True,12.47,TRUNK_OR_MINOR_LATERAL,,,,0,,0,450,396.8626966596886,600,721.6878364870323,750,1,UNVERIFIED,True,ENGINEERING_SCENARIO_NOT_FIELD_VERIFIED,PENDING
MV:p850083,p850083,MV_3PH,True,True,"1,2,3",1678663.71118885,12279616.8974521,original_DSS_layout_unknown_CRS,p850083,p850083,R02,5.497290089421648,True,True,12.47,TRUNK_OR_MINOR_LATERAL,,,,0,,0,450,396.8626966596886,600,721.6878364870323,750,1,UNVERIFIED,True,ENGINEERING_SCENARIO_NOT_FIELD_VERIFIED,PENDING
MV:p862322,p862322,MV_3PH,True,True,"1,2,3",1679631.65333375,12279326.3558838,original_DSS_layout_unknown_CRS,p862322,p862322,R02,4.7705467180131595,True,True,12.47,TRUNK_OR_MINOR_LATERAL,,,,0,,0,450,396.8626966596886,600,721.6878364870323,750,1,UNVERIFIED,True,ENGINEERING_SCENARIO_NOT_FIELD_VERIFIED,PENDING
MV:p901945,p901945,MV_3PH,True,True,"1,2,3",1681837.67701581,12278479.696299,original_DSS_layout_unknown_CRS,p901945,p901945,R02,3.4066096040105283,True,True,12.47,TRUNK_OR_MINOR_LATERAL,,,,0,,0,450,396.8626966596886,600,721.6878364870323,750,1,UNVERIFIED,True,ENGINEERING_SCENARIO_NOT_FIELD_VERIFIED,PENDING
MV:q1301,q1301,MV_3PH,True,True,"1,2,3",1685969.20162766,12275679.2786324,original_DSS_layout_unknown_CRS,q1301,q1301,R07,2.1700292721563135,True,True,12.47,TRUNK_OR_MINOR_LATERAL,,,,0,,0,450,396.8626966596886,600,721.6878364870323,750,1,UNVERIFIED,True,ENGINEERING_SCENARIO_NOT_FIELD_VERIFIED,PENDING
MV:q14404,q14404,MV_3PH,True,True,"1,2,3",1677199.84174749,12269024.5981142,original_DSS_layout_unknown_CRS,q14404,q14404,R01,6.544552538477744,True,True,12.47,MAJOR:l3081380,,,,0,,0,450,396.8626966596886,600,721.6878364870323,750,1,UNVERIFIED,True,ENGINEERING_SCENARIO_NOT_FIELD_VERIFIED,PENDING
MV:q14411,q14411,MV_3PH,True,True,"1,2,3",1674009.03316852,12277237.0242978,original_DSS_layout_unknown_CRS,q14411,q14411,R06,10.796025167526754,True,True,12.47,MAJOR:l2820531,,,,0,,0,450,396.8626966596886,600,721.6878364870323,750,1,UNVERIFIED,True,ENGINEERING_SCENARIO_NOT_FIELD_VERIFIED,PENDING
MV:q14412,q14412,MV_3PH,True,True,"1,2,3",1671194.02849389,12264023.3119015,original_DSS_layout_unknown_CRS,q14412,q14412,R08,10.930489110362329,True,True,12.47,MAJOR:l3081380,,,,0,,0,450,396.8626966596886,600,721.6878364870323,750,1,UNVERIFIED,True,ENGINEERING_SCENARIO_NOT_FIELD_VERIFIED,PENDING
MV:q14413,q14413,MV_3PH,True,True,"1,2,3",1664788.85114393,12285132.1216492,original_DSS_layout_unknown_CRS,q14413,q14413,R04,9.709875535189163,True,True,12.47,MAJOR:m1047526,,,,0,,0,450,396.8626966596886,600,721.6878364870323,750,1,UNVERIFIED,True,ENGINEERING_SCENARIO_NOT_FIELD_VERIFIED,PENDING
MV:q14414,q14414,MV_3PH,True,True,"1,2,3",1663798.46291901,12277098.9440417,original_DSS_layout_unknown_CRS,q14414,q14414,R03,12.617580101763236,True,True,12.47,TRUNK_OR_MINOR_LATERAL,,,,0,,0,450,396.8626966596886,600,721.6878364870323,750,1,UNVERIFIED,True,ENGINEERING_SCENARIO_NOT_FIELD_VERIFIED,PENDING
MV:q14733,q14733,MV_3PH,True,True,"1,2,3",1671979.51841463,12283143.7102553,original_DSS_layout_unknown_CRS,q14733,q14733,R03,6.982671257383007,True,True,12.47,TRUNK_OR_MINOR_LATERAL,,,,0,,0,450,396.8626966596886,600,721.6878364870323,750,1,UNVERIFIED,True,ENGINEERING_SCENARIO_NOT_FIELD_VERIFIED,PENDING
MV:q14734,q14734,MV_3PH,True,True,"1,2,3",1680506.51797457,12283210.2292954,original_DSS_layout_unknown_CRS,q14734,q14734,R02,4.488707720946745,True,True,12.47,TRUNK_OR_MINOR_LATERAL,,,,0,,0,450,396.8626966596886,600,721.6878364870323,750,1,UNVERIFIED,True,ENGINEERING_SCENARIO_NOT_FIELD_VERIFIED,PENDING
MV:q16483,q16483,MV_3PH,True,True,"1,2,3",1687041.43612465,12275415.3733521,original_DSS_layout_unknown_CRS,q16483,q16483,R07,1.900765583470181,True,True,12.47,TRUNK_OR_MINOR_LATERAL,,,,0,,0,450,396.8626966596886,600,721.6878364870323,750,1,UNVERIFIED,True,ENGINEERING_SCENARIO_NOT_FIELD_VERIFIED,PENDING
MV:q16483_cap,q16483_cap,MV_3PH,True,True,"1,2,3",1687041.43612465,12275416.3733521,original_DSS_layout_unknown_CRS,q16483_cap,q16483_cap,R07,1.9021797970325542,True,True,12.47,TRUNK_OR_MINOR_LATERAL,,,,0,,0,450,396.8626966596886,600,721.6878364870323,750,1,UNVERIFIED,True,ENGINEERING_SCENARIO_NOT_FIELD_VERIFIED,PENDING
MV:q16642,q16642,MV_3PH,True,True,"1,2,3",1673069.33294364,12284210.7264483,original_DSS_layout_unknown_CRS,q16642,q16642,R03,6.482928467614351,True,True,12.47,TRUNK_OR_MINOR_LATERAL,,,,0,,0,450,396.8626966596886,600,721.6878364870323,750,1,UNVERIFIED,True,ENGINEERING_SCENARIO_NOT_FIELD_VERIFIED,PENDING
MV:q16642_cap,q16642_cap,MV_3PH,True,True,"1,2,3",1673069.33294364,12284211.7264483,original_DSS_layout_unknown_CRS,q16642_cap,q16642_cap,R03,6.484342681176724,True,True,12.47,TRUNK_OR_MINOR_LATERAL,,,,0,,0,450,396.8626966596886,600,721.6878364870323,750,1,UNVERIFIED,True,ENGINEERING_SCENARIO_NOT_FIELD_VERIFIED,PENDING
MV:r18241,r18241,MV_3PH,True,True,"1,2,3",1670273.23130904,12288254.3374601,original_DSS_layout_unknown_CRS,r18241,r18241,R05,11.31672351535111,True,True,12.47,MAJOR:m1047526,,,,0,,0,450,396.8626966596886,600,721.6878364870323,750,1,UNVERIFIED,True,ENGINEERING_SCENARIO_NOT_FIELD_VERIFIED,PENDING
MV:r18242,r18242,MV_3PH,True,True,"1,2,3",1672458.68078307,12265257.6485427,original_DSS_layout_unknown_CRS,r18242,r18242,R08,9.968540056514978,True,True,12.47,MAJOR:l3081380,,,,0,,0,450,396.8626966596886,600,721.6878364870323,750,1,UNVERIFIED,True,ENGINEERING_SCENARIO_NOT_FIELD_VERIFIED,PENDING
MV:r18243,r18243,MV_3PH,True,True,"1,2,3",1667108.32583409,12278469.280171,original_DSS_layout_unknown_CRS,r18243,r18243,R03,10.741239148344517,True,True,12.47,TRUNK_OR_MINOR_LATERAL,,,,0,,0,450,396.8626966596886,600,721.6878364870323,750,1,UNVERIFIED,True,ENGINEERING_SCENARIO_NOT_FIELD_VERIFIED,PENDING
MV:r18245,r18245,MV_3PH,True,True,"1,2,3",1675617.11867401,12286711.8493947,original_DSS_layout_unknown_CRS,r18245,r18245,R03,6.713181457204031,True,True,12.47,TRUNK_OR_MINOR_LATERAL,,,,0,,0,450,396.8626966596886,600,721.6878364870323,750,1,UNVERIFIED,True,ENGINEERING_SCENARIO_NOT_FIELD_VERIFIED,PENDING
MV:r20703,r20703,MV_3PH,True,True,"1,2,3",1681611.9710316,12279621.1654841,original_DSS_layout_unknown_CRS,r20703,r20703,R02,3.666312770490686,True,True,12.47,TRUNK_OR_MINOR_LATERAL,,,,0,,0,450,396.8626966596886,600,721.6878364870323,750,1,UNVERIFIED,True,ENGINEERING_SCENARIO_NOT_FIELD_VERIFIED,PENDING
MV:r42246,r42246,MV_3PH,True,True,"1,2,3",1673069.33294364,12284208.7264483,original_DSS_layout_unknown_CRS,r42246,r42246,R03,6.48930661801439,True,True,12.47,TRUNK_OR_MINOR_LATERAL,,,,0,,0,450,396.8626966596886,600,721.6878364870323,750,1,UNVERIFIED,True,ENGINEERING_SCENARIO_NOT_FIELD_VERIFIED,PENDING
MV:r42247,r42247,MV_3PH,True,True,"1,2,3",1687041.43612465,12275413.3733521,original_DSS_layout_unknown_CRS,r42247,r42247,R07,1.9061182791163251,True,True,12.47,TRUNK_OR_MINOR_LATERAL,,,,0,,0,450,396.8626966596886,600,721.6878364870323,750,1,UNVERIFIED,True,ENGINEERING_SCENARIO_NOT_FIELD_VERIFIED,PENDING
