departure_slot,vehicle_id,initial_traffic_service,destination_STA,origin_road_node,destination_road_node,source_safe_ETA_seconds,source_Q50_ETA_seconds,source_Q90_ETA_seconds,source_route_distance_km,distance_scope,source_travel_slots,source_ready_offset_slots,connection_delay_seconds,effective_ready_slot,earliest_day0_ready_slot,reachable_from_initial_before_sample_slot,source_safe_energy_kwh,initial_SOC_kwh,after_single_move_SOC_kwh,original_Emin_kwh,single_move_SOC_margin_kwh,single_abstract_move_ready_within_day,single_abstract_move_SOC_PASS,station_simultaneous_vehicle_capacity,connector_capacity_authority,original_stay_offset_preserved,initial600s_full_slot_block_assumption,new_electrical_PCC_bus,new_PCC_physical_access,field_GIS_direction_status,strict_552_direction_scope,full_dynamic_dispatch_or_Actual_SUMO_PASS,route_links,route_forecast_sha,route_graph_sha,physics_sha
0,MESS01,STA01,STA01,TN_43,TN_43,0.0,0.0,0.0,0.0,ORIGINAL_ABSTRACT_ROAD_SERVICE_ROUTE_NOT_NEW_PCC_GIS,0,0,600,1,1,False,0.0,1140.0,1140.0,660.0,480.0,True,True,1,PREREGISTERED_RESEARCH_DESIGN_NOT_FIELD,True,True,UNSELECTED_MAPPING_BOUND_SEPARATELY,UNVERIFIED,UNVERIFIED,COMMON_PROPER_TRANSFORM_SCHEMATIC_PROXY_REQUIRED_SEPARATELY,False,,f4386303c6ece2455d663b5996e900edd4062358f58dcd2a4234273a45f8aaa2,658fb2e56867a50597e9a21899748d8171439deda852e7db4f3339a99f71dd3d,c58710f5ca3f5fe0bd6bbced65293e0b5548e882a816a3e0d3648166569a42e0
0,MESS01,STA01,STA02,TN_43,TN_14,485.6932449340821,388.15185546875,408.39031982421875,5.094550000000002,ORIGINAL_ABSTRACT_ROAD_SERVICE_ROUTE_NOT_NEW_PCC_GIS,1,2,600,2,2,False,3.4484671081041807,1140.0,1136.551532891896,660.0,476.55153289189593,True,True,1,PREREGISTERED_RESEARCH_DESIGN_NOT_FIELD,True,False,UNSELECTED_MAPPING_BOUND_SEPARATELY,UNVERIFIED,UNVERIFIED,COMMON_PROPER_TRANSFORM_SCHEMATIC_PROXY_REQUIRED_SEPARATELY,False,RL_43_14_01,f4386303c6ece2455d663b5996e900edd4062358f58dcd2a4234273a45f8aaa2,658fb2e56867a50597e9a21899748d8171439deda852e7db4f3339a99f71dd3d,c58710f5ca3f5fe0bd6bbced65293e0b5548e882a816a3e0d3648166569a42e0
0,MESS01,STA01,STA03,TN_43,TN_35,997.2993087768556,899.7579193115234,946.6718215942383,11.285460000000002,ORIGINAL_ABSTRACT_ROAD_SERVICE_ROUTE_NOT_NEW_PCC_GIS,2,2,600,2,2,False,7.907951943033408,1140.0,1132.0920480569666,660.0,472.09204805696663,True,True,1,PREREGISTERED_RESEARCH_DESIGN_NOT_FIELD,True,False,UNSELECTED_MAPPING_BOUND_SEPARATELY,UNVERIFIED,UNVERIFIED,COMMON_PROPER_TRANSFORM_SCHEMATIC_PROXY_REQUIRED_SEPARATELY,False,RL_43_14_01|RL_14_23_01|RL_23_27_01|RL_27_35_01,f4386303c6ece2455d663b5996e900edd4062358f58dcd2a4234273a45f8aaa2,658fb2e56867a50597e9a21899748d8171439deda852e7db4f3339a99f71dd3d,c58710f5ca3f5fe0bd6bbced65293e0b5548e882a816a3e0d3648166569a42e0
0,MESS01,STA01,STA04,TN_43,TN_28,607.8209609985353,510.2795715332031,536.8858642578125,10.002019999999998,ORIGINAL_ABSTRACT_ROAD_SERVICE_ROUTE_NOT_NEW_PCC_GIS,1,2,600,2,2,False,15.74151660721405,1140.0,1124.258483392786,660.0,464.25848339278605,True,True,1,PREREGISTERED_RESEARCH_DESIGN_NOT_FIELD,True,False,UNSELECTED_MAPPING_BOUND_SEPARATELY,UNVERIFIED,UNVERIFIED,COMMON_PROPER_TRANSFORM_SCHEMATIC_PROXY_REQUIRED_SEPARATELY,False,RL_43_28_01,f4386303c6ece2455d663b5996e900edd4062358f58dcd2a4234273a45f8aaa2,658fb2e56867a50597e9a21899748d8171439deda852e7db4f3339a99f71dd3d,c58710f5ca3f5fe0bd6bbced65293e0b5548e882a816a3e0d3648166569a42e0
0,MESS01,STA01,STA05,TN_43,TN_37,1269.1226272583008,1171.5812377929688,1232.6681518554688,17.76019,ORIGINAL_ABSTRACT_ROAD_SERVICE_ROUTE_NOT_NEW_PCC_GIS,2,3,600,3,3,False,14.713895637813284,1140.0,1125.2861043621867,660.0,465.28610436218673,True,True,1,PREREGISTERED_RESEARCH_DESIGN_NOT_FIELD,True,False,UNSELECTED_MAPPING_BOUND_SEPARATELY,UNVERIFIED,UNVERIFIED,COMMON_PROPER_TRANSFORM_SCHEMATIC_PROXY_REQUIRED_SEPARATELY,False,RL_43_14_01|RL_14_37_01,f4386303c6ece2455d663b5996e900edd4062358f58dcd2a4234273a45f8aaa2,658fb2e56867a50597e9a21899748d8171439deda852e7db4f3339a99f71dd3d,c58710f5ca3f5fe0bd6bbced65293e0b5548e882a816a3e0d3648166569a42e0
0,MESS01,STA01,STA06,TN_43,TN_41,1448.0742416381836,1350.5328521728516,1420.9505004882812,20.023230000000005,ORIGINAL_ABSTRACT_ROAD_SERVICE_ROUTE_NOT_NEW_PCC_GIS,2,3,600,3,3,False,26.06873846125962,1140.0,1113.9312615387403,660.0,453.9312615387403,True,True,1,PREREGISTERED_RESEARCH_DESIGN_NOT_FIELD,True,False,UNSELECTED_MAPPING_BOUND_SEPARATELY,UNVERIFIED,UNVERIFIED,COMMON_PROPER_TRANSFORM_SCHEMATIC_PROXY_REQUIRED_SEPARATELY,False,RL_43_19_01|RL_19_05_01|RL_05_41_01,f4386303c6ece2455d663b5996e900edd4062358f58dcd2a4234273a45f8aaa2,658fb2e56867a50597e9a21899748d8171439deda852e7db4f3339a99f71dd3d,c58710f5ca3f5fe0bd6bbced65293e0b5548e882a816a3e0d3648166569a42e0
0,MESS01,STA01,STA07,TN_43,TN_32,2398.1616592407227,2300.6202697753906,2420.575958251953,37.692899999999995,ORIGINAL_ABSTRACT_ROAD_SERVICE_ROUTE_NOT_NEW_PCC_GIS,3,4,600,4,4,False,57.853503245946,1140.0,1082.146496754054,660.0,422.14649675405394,True,True,1,PREREGISTERED_RESEARCH_DESIGN_NOT_FIELD,True,False,UNSELECTED_MAPPING_BOUND_SEPARATELY,UNVERIFIED,UNVERIFIED,COMMON_PROPER_TRANSFORM_SCHEMATIC_PROXY_REQUIRED_SEPARATELY,False,RL_43_28_01|RL_28_07_01|RL_07_32_01,f4386303c6ece2455d663b5996e900edd4062358f58dcd2a4234273a45f8aaa2,658fb2e56867a50597e9a21899748d8171439deda852e7db4f3339a99f71dd3d,c58710f5ca3f5fe0bd6bbced65293e0b5548e882a816a3e0d3648166569a42e0
0,MESS01,STA01,STA08,TN_43,TN_47,2500.67520904541,2403.133819580078,2528.4346618652344,39.75587999999999,ORIGINAL_ABSTRACT_ROAD_SERVICE_ROUTE_NOT_NEW_PCC_GIS,3,4,600,4,4,False,60.70363821576497,1140.0,1079.296361784235,660.0,419.29636178423493,True,True,1,PREREGISTERED_RESEARCH_DESIGN_NOT_FIELD,True,False,UNSELECTED_MAPPING_BOUND_SEPARATELY,UNVERIFIED,UNVERIFIED,COMMON_PROPER_TRANSFORM_SCHEMATIC_PROXY_REQUIRED_SEPARATELY,False,RL_43_28_01|RL_28_07_01|RL_07_47_01,f4386303c6ece2455d663b5996e900edd4062358f58dcd2a4234273a45f8aaa2,658fb2e56867a50597e9a21899748d8171439deda852e7db4f3339a99f71dd3d,c58710f5ca3f5fe0bd6bbced65293e0b5548e882a816a3e0d3648166569a42e0
0,MESS01,STA01,STA09,TN_43,TN_42,2647.56241607666,2550.021026611328,2682.9805908203125,40.27642999999999,ORIGINAL_ABSTRACT_ROAD_SERVICE_ROUTE_NOT_NEW_PCC_GIS,3,4,600,4,4,False,59.73732950606336,1140.0,1080.2626704939366,660.0,420.26267049393664,True,True,1,PREREGISTERED_RESEARCH_DESIGN_NOT_FIELD,True,False,UNSELECTED_MAPPING_BOUND_SEPARATELY,UNVERIFIED,UNVERIFIED,COMMON_PROPER_TRANSFORM_SCHEMATIC_PROXY_REQUIRED_SEPARATELY,False,RL_43_28_01|RL_28_07_01|RL_07_42_01,f4386303c6ece2455d663b5996e900edd4062358f58dcd2a4234273a45f8aaa2,658fb2e56867a50597e9a21899748d8171439deda852e7db4f3339a99f71dd3d,c58710f5ca3f5fe0bd6bbced65293e0b5548e882a816a3e0d3648166569a42e0
0,MESS01,STA01,STA10,TN_43,TN_24,1900.5132217407227,1802.9718322753906,1896.9798583984375,31.376750000000015,ORIGINAL_ABSTRACT_ROAD_SERVICE_ROUTE_NOT_NEW_PCC_GIS,3,3,600,3,3,False,40.54185740942877,1140.0,1099.4581425905712,660.0,439.45814259057124,True,True,1,PREREGISTERED_RESEARCH_DESIGN_NOT_FIELD,True,False,UNSELECTED_MAPPING_BOUND_SEPARATELY,UNVERIFIED,UNVERIFIED,COMMON_PROPER_TRANSFORM_SCHEMATIC_PROXY_REQUIRED_SEPARATELY,False,RL_43_28_01|RL_28_21_01|RL_21_24_01,f4386303c6ece2455d663b5996e900edd4062358f58dcd2a4234273a45f8aaa2,658fb2e56867a50597e9a21899748d8171439deda852e7db4f3339a99f71dd3d,c58710f5ca3f5fe0bd6bbced65293e0b5548e882a816a3e0d3648166569a42e0
0,MESS01,STA01,STA11,TN_43,TN_44,2101.62393951416,2004.0825500488281,2108.5765991210938,35.03566000000001,ORIGINAL_ABSTRACT_ROAD_SERVICE_ROUTE_NOT_NEW_PCC_GIS,3,4,600,4,4,False,47.83298087995451,1140.0,1092.1670191200456,660.0,432.16701912004555,True,True,1,PREREGISTERED_RESEARCH_DESIGN_NOT_FIELD,True,False,UNSELECTED_MAPPING_BOUND_SEPARATELY,UNVERIFIED,UNVERIFIED,COMMON_PROPER_TRANSFORM_SCHEMATIC_PROXY_REQUIRED_SEPARATELY,False,RL_43_28_01|RL_28_21_01|RL_21_44_01,f4386303c6ece2455d663b5996e900edd4062358f58dcd2a4234273a45f8aaa2,658fb2e56867a50597e9a21899748d8171439deda852e7db4f3339a99f71dd3d,c58710f5ca3f5fe0bd6bbced65293e0b5548e882a816a3e0d3648166569a42e0
0,MESS01,STA01,STA12,TN_43,TN_17,2627.79239654541,2530.251007080078,2662.1797485351562,46.87866000000001,ORIGINAL_ABSTRACT_ROAD_SERVICE_ROUTE_NOT_NEW_PCC_GIS,3,4,600,4,4,False,69.2291453985101,1140.0,1070.7708546014899,660.0,410.7708546014899,True,True,1,PREREGISTERED_RESEARCH_DESIGN_NOT_FIELD,True,False,UNSELECTED_MAPPING_BOUND_SEPARATELY,UNVERIFIED,UNVERIFIED,COMMON_PROPER_TRANSFORM_SCHEMATIC_PROXY_REQUIRED_SEPARATELY,False,RL_43_28_01|RL_28_16_01|RL_16_17_01,f4386303c6ece2455d663b5996e900edd4062358f58dcd2a4234273a45f8aaa2,658fb2e56867a50597e9a21899748d8171439deda852e7db4f3339a99f71dd3d,c58710f5ca3f5fe0bd6bbced65293e0b5548e882a816a3e0d3648166569a42e0
0,MESS02,STA12,STA01,TN_17,TN_43,2815.663932800293,2718.122543334961,2859.8470153808594,52.074160000000006,ORIGINAL_ABSTRACT_ROAD_SERVICE_ROUTE_NOT_NEW_PCC_GIS,4,4,600,4,4,False,78.33678214042042,1140.0,1061.6632178595796,660.0,401.6632178595796,True,True,1,PREREGISTERED_RESEARCH_DESIGN_NOT_FIELD,True,False,UNSELECTED_MAPPING_BOUND_SEPARATELY,UNVERIFIED,UNVERIFIED,COMMON_PROPER_TRANSFORM_SCHEMATIC_PROXY_REQUIRED_SEPARATELY,False,RL_17_36_01|RL_36_09_01|RL_09_19_01|RL_19_43_01,f4386303c6ece2455d663b5996e900edd4062358f58dcd2a4234273a45f8aaa2,658fb2e56867a50597e9a21899748d8171439deda852e7db4f3339a99f71dd3d,c58710f5ca3f5fe0bd6bbced65293e0b5548e882a816a3e0d3648166569a42e0
0,MESS02,STA12,STA02,TN_17,TN_14,2504.59041595459,2407.049026489258,2532.5540466308594,44.044219999999996,ORIGINAL_ABSTRACT_ROAD_SERVICE_ROUTE_NOT_NEW_PCC_GIS,3,4,600,4,4,False,58.733826873023396,1140.0,1081.2661731269766,660.0,421.2661731269766,True,True,1,PREREGISTERED_RESEARCH_DESIGN_NOT_FIELD,True,False,UNSELECTED_MAPPING_BOUND_SEPARATELY,UNVERIFIED,UNVERIFIED,COMMON_PROPER_TRANSFORM_SCHEMATIC_PROXY_REQUIRED_SEPARATELY,False,RL_17_36_01|RL_36_09_01|RL_09_14_01,f4386303c6ece2455d663b5996e900edd4062358f58dcd2a4234273a45f8aaa2,658fb2e56867a50597e9a21899748d8171439deda852e7db4f3339a99f71dd3d,c58710f5ca3f5fe0bd6bbced65293e0b5548e882a816a3e0d3648166569a42e0
0,MESS02,STA12,STA03,TN_17,TN_35,2132.85977935791,2035.3183898925781,2141.4410705566406,39.779639999999986,ORIGINAL_ABSTRACT_ROAD_SERVICE_ROUTE_NOT_NEW_PCC_GIS,3,4,600,4,4,False,53.29523343167913,1140.0,1086.7047665683208,660.0,426.7047665683208,True,True,1,PREREGISTERED_RESEARCH_DESIGN_NOT_FIELD,True,False,UNSELECTED_MAPPING_BOUND_SEPARATELY,UNVERIFIED,UNVERIFIED,COMMON_PROPER_TRANSFORM_SCHEMATIC_PROXY_REQUIRED_SEPARATELY,False,RL_17_13_01|RL_13_35_01,f4386303c6ece2455d663b5996e900edd4062358f58dcd2a4234273a45f8aaa2,658fb2e56867a50597e9a21899748d8171439deda852e7db4f3339a99f71dd3d,c58710f5ca3f5fe0bd6bbced65293e0b5548e882a816a3e0d3648166569a42e0
0,MESS02,STA12,STA04,TN_17,TN_28,2065.886360168457,1968.344970703125,2070.9755859375,40.07149999999996,ORIGINAL_ABSTRACT_ROAD_SERVICE_ROUTE_NOT_NEW_PCC_GIS,3,3,600,3,3,False,58.58847195902655,1140.0,1081.4115280409735,660.0,421.4115280409735,True,True,1,PREREGISTERED_RESEARCH_DESIGN_NOT_FIELD,True,False,UNSELECTED_MAPPING_BOUND_SEPARATELY,UNVERIFIED,UNVERIFIED,COMMON_PROPER_TRANSFORM_SCHEMATIC_PROXY_REQUIRED_SEPARATELY,False,RL_17_28_01,f4386303c6ece2455d663b5996e900edd4062358f58dcd2a4234273a45f8aaa2,658fb2e56867a50597e9a21899748d8171439deda852e7db4f3339a99f71dd3d,c58710f5ca3f5fe0bd6bbced65293e0b5548e882a816a3e0d3648166569a42e0
0,MESS02,STA12,STA05,TN_17,TN_37,1791.1930770874023,1693.6516876220703,1781.959716796875,31.267570000000006,ORIGINAL_ABSTRACT_ROAD_SERVICE_ROUTE_NOT_NEW_PCC_GIS,2,3,600,3,3,False,40.19425048384446,1140.0,1099.8057495161556,660.0,439.80574951615563,True,True,1,PREREGISTERED_RESEARCH_DESIGN_NOT_FIELD,True,False,UNSELECTED_MAPPING_BOUND_SEPARATELY,UNVERIFIED,UNVERIFIED,COMMON_PROPER_TRANSFORM_SCHEMATIC_PROXY_REQUIRED_SEPARATELY,False,RL_17_36_01|RL_36_09_01|RL_09_37_01,f4386303c6ece2455d663b5996e900edd4062358f58dcd2a4234273a45f8aaa2,658fb2e56867a50597e9a21899748d8171439deda852e7db4f3339a99f71dd3d,c58710f5ca3f5fe0bd6bbced65293e0b5548e882a816a3e0d3648166569a42e0
0,MESS02,STA12,STA06,TN_17,TN_41,2214.685432434082,2117.14404296875,2227.533203125,32.13718000000001,ORIGINAL_ABSTRACT_ROAD_SERVICE_ROUTE_NOT_NEW_PCC_GIS,3,4,600,4,4,False,47.59283784972172,1140.0,1092.4071621502783,660.0,432.4071621502783,True,True,1,PREREGISTERED_RESEARCH_DESIGN_NOT_FIELD,True,False,UNSELECTED_MAPPING_BOUND_SEPARATELY,UNVERIFIED,UNVERIFIED,COMMON_PROPER_TRANSFORM_SCHEMATIC_PROXY_REQUIRED_SEPARATELY,False,RL_17_18_01|RL_18_07_01|RL_07_45_01|RL_45_41_01,f4386303c6ece2455d663b5996e900edd4062358f58dcd2a4234273a45f8aaa2,658fb2e56867a50597e9a21899748d8171439deda852e7db4f3339a99f71dd3d,c58710f5ca3f5fe0bd6bbced65293e0b5548e882a816a3e0d3648166569a42e0
0,MESS02,STA12,STA07,TN_17,TN_32,1026.8512649536133,929.3098754882812,977.7645874023438,19.993750000000002,ORIGINAL_ABSTRACT_ROAD_SERVICE_ROUTE_NOT_NEW_PCC_GIS,2,2,600,2,2,False,38.93136887639893,1140.0,1101.068631123601,660.0,441.0686311236011,True,True,1,PREREGISTERED_RESEARCH_DESIGN_NOT_FIELD,True,False,UNSELECTED_MAPPING_BOUND_SEPARATELY,UNVERIFIED,UNVERIFIED,COMMON_PROPER_TRANSFORM_SCHEMATIC_PROXY_REQUIRED_SEPARATELY,False,RL_17_32_01,f4386303c6ece2455d663b5996e900edd4062358f58dcd2a4234273a45f8aaa2,658fb2e56867a50597e9a21899748d8171439deda852e7db4f3339a99f71dd3d,c58710f5ca3f5fe0bd6bbced65293e0b5548e882a816a3e0d3648166569a42e0
0,MESS02,STA12,STA08,TN_17,TN_47,1581.9926528930664,1484.4512634277344,1561.8514709472656,24.752180000000006,ORIGINAL_ABSTRACT_ROAD_SERVICE_ROUTE_NOT_NEW_PCC_GIS,2,3,600,3,3,False,41.20089114313931,1140.0,1098.7991088568606,660.0,438.7991088568606,True,True,1,PREREGISTERED_RESEARCH_DESIGN_NOT_FIELD,True,False,UNSELECTED_MAPPING_BOUND_SEPARATELY,UNVERIFIED,UNVERIFIED,COMMON_PROPER_TRANSFORM_SCHEMATIC_PROXY_REQUIRED_SEPARATELY,False,RL_17_18_01|RL_18_07_01|RL_07_47_01,f4386303c6ece2455d663b5996e900edd4062358f58dcd2a4234273a45f8aaa2,658fb2e56867a50597e9a21899748d8171439deda852e7db4f3339a99f71dd3d,c58710f5ca3f5fe0bd6bbced65293e0b5548e882a816a3e0d3648166569a42e0
0,MESS02,STA12,STA09,TN_17,TN_42,1187.7874221801758,1090.2460327148438,1147.0921325683594,17.943490000000008,ORIGINAL_ABSTRACT_ROAD_SERVICE_ROUTE_NOT_NEW_PCC_GIS,2,2,600,2,2,False,27.423748490431898,1140.0,1112.576251509568,660.0,452.576251509568,True,True,1,PREREGISTERED_RESEARCH_DESIGN_NOT_FIELD,True,False,UNSELECTED_MAPPING_BOUND_SEPARATELY,UNVERIFIED,UNVERIFIED,COMMON_PROPER_TRANSFORM_SCHEMATIC_PROXY_REQUIRED_SEPARATELY,False,RL_17_18_01|RL_18_42_01,f4386303c6ece2455d663b5996e900edd4062358f58dcd2a4234273a45f8aaa2,658fb2e56867a50597e9a21899748d8171439deda852e7db4f3339a99f71dd3d,c58710f5ca3f5fe0bd6bbced65293e0b5548e882a816a3e0d3648166569a42e0
0,MESS02,STA12,STA10,TN_17,TN_24,1108.1740188598633,1010.6326293945312,1063.32763671875,17.01105000000001,ORIGINAL_ABSTRACT_ROAD_SERVICE_ROUTE_NOT_NEW_PCC_GIS,2,2,600,2,2,False,16.75786573476176,1140.0,1123.2421342652383,660.0,463.2421342652383,True,True,1,PREREGISTERED_RESEARCH_DESIGN_NOT_FIELD,True,False,UNSELECTED_MAPPING_BOUND_SEPARATELY,UNVERIFIED,UNVERIFIED,COMMON_PROPER_TRANSFORM_SCHEMATIC_PROXY_REQUIRED_SEPARATELY,False,RL_17_24_01,f4386303c6ece2455d663b5996e900edd4062358f58dcd2a4234273a45f8aaa2,658fb2e56867a50597e9a21899748d8171439deda852e7db4f3339a99f71dd3d,c58710f5ca3f5fe0bd6bbced65293e0b5548e882a816a3e0d3648166569a42e0
0,MESS02,STA12,STA11,TN_17,TN_44,800.6504592895509,703.1090698242188,739.7695693969727,12.138799999999998,ORIGINAL_ABSTRACT_ROAD_SERVICE_ROUTE_NOT_NEW_PCC_GIS,1,2,600,2,2,False,15.260456678453524,1140.0,1124.7395433215465,660.0,464.73954332154653,True,True,1,PREREGISTERED_RESEARCH_DESIGN_NOT_FIELD,True,False,UNSELECTED_MAPPING_BOUND_SEPARATELY,UNVERIFIED,UNVERIFIED,COMMON_PROPER_TRANSFORM_SCHEMATIC_PROXY_REQUIRED_SEPARATELY,False,RL_17_11_01|RL_11_22_01|RL_22_44_01,f4386303c6ece2455d663b5996e900edd4062358f58dcd2a4234273a45f8aaa2,658fb2e56867a50597e9a21899748d8171439deda852e7db4f3339a99f71dd3d,c58710f5ca3f5fe0bd6bbced65293e0b5548e882a816a3e0d3648166569a42e0
0,MESS02,STA12,STA12,TN_17,TN_17,0.0,0.0,0.0,0.0,ORIGINAL_ABSTRACT_ROAD_SERVICE_ROUTE_NOT_NEW_PCC_GIS,0,0,600,1,1,False,0.0,1140.0,1140.0,660.0,480.0,True,True,1,PREREGISTERED_RESEARCH_DESIGN_NOT_FIELD,True,True,UNSELECTED_MAPPING_BOUND_SEPARATELY,UNVERIFIED,UNVERIFIED,COMMON_PROPER_TRANSFORM_SCHEMATIC_PROXY_REQUIRED_SEPARATELY,False,,f4386303c6ece2455d663b5996e900edd4062358f58dcd2a4234273a45f8aaa2,658fb2e56867a50597e9a21899748d8171439deda852e7db4f3339a99f71dd3d,c58710f5ca3f5fe0bd6bbced65293e0b5548e882a816a3e0d3648166569a42e0
0,MESS03,STA08,STA01,TN_47,TN_43,2291.474609375,2193.933219909668,2308.326171875,33.865320000000004,ORIGINAL_ABSTRACT_ROAD_SERVICE_ROUTE_NOT_NEW_PCC_GIS,3,4,600,4,4,False,49.10813107860272,1140.0,1090.8918689213972,660.0,430.8918689213972,True,True,1,PREREGISTERED_RESEARCH_DESIGN_NOT_FIELD,True,False,UNSELECTED_MAPPING_BOUND_SEPARATELY,UNVERIFIED,UNVERIFIED,COMMON_PROPER_TRANSFORM_SCHEMATIC_PROXY_REQUIRED_SEPARATELY,False,RL_47_20_01|RL_20_04_01|RL_04_05_01|RL_05_19_01|RL_19_43_01,f4386303c6ece2455d663b5996e900edd4062358f58dcd2a4234273a45f8aaa2,658fb2e56867a50597e9a21899748d8171439deda852e7db4f3339a99f71dd3d,c58710f5ca3f5fe0bd6bbced65293e0b5548e882a816a3e0d3648166569a42e0
0,MESS03,STA08,STA02,TN_47,TN_14,1968.861915588379,1871.3205261230469,1968.8923034667969,25.866629999999994,ORIGINAL_ABSTRACT_ROAD_SERVICE_ROUTE_NOT_NEW_PCC_GIS,3,3,600,3,3,False,31.56445286499172,1140.0,1108.4355471350084,660.0,448.4355471350084,True,True,1,PREREGISTERED_RESEARCH_DESIGN_NOT_FIELD,True,False,UNSELECTED_MAPPING_BOUND_SEPARATELY,UNVERIFIED,UNVERIFIED,COMMON_PROPER_TRANSFORM_SCHEMATIC_PROXY_REQUIRED_SEPARATELY,False,RL_47_20_01|RL_20_16_01|RL_16_37_01|RL_37_14_01,f4386303c6ece2455d663b5996e900edd4062358f58dcd2a4234273a45f8aaa2,658fb2e56867a50597e9a21899748d8171439deda852e7db4f3339a99f71dd3d,c58710f5ca3f5fe0bd6bbced65293e0b5548e882a816a3e0d3648166569a42e0
0,MESS03,STA08,STA03,TN_47,TN_35,1712.4477615356445,1614.9063720703125,1699.1085815429688,22.99601,ORIGINAL_ABSTRACT_ROAD_SERVICE_ROUTE_NOT_NEW_PCC_GIS,2,3,600,3,3,False,27.87048873059721,1140.0,1112.1295112694029,660.0,452.1295112694029,True,True,1,PREREGISTERED_RESEARCH_DESIGN_NOT_FIELD,True,False,UNSELECTED_MAPPING_BOUND_SEPARATELY,UNVERIFIED,UNVERIFIED,COMMON_PROPER_TRANSFORM_SCHEMATIC_PROXY_REQUIRED_SEPARATELY,False,RL_47_20_01|RL_20_36_01|RL_36_13_01|RL_13_35_01,f4386303c6ece2455d663b5996e900edd4062358f58dcd2a4234273a45f8aaa2,658fb2e56867a50597e9a21899748d8171439deda852e7db4f3339a99f71dd3d,c58710f5ca3f5fe0bd6bbced65293e0b5548e882a816a3e0d3648166569a42e0
0,MESS03,STA08,STA04,TN_47,TN_28,1460.287208557129,1362.7458190917969,1433.8002319335938,18.276300000000003,ORIGINAL_ABSTRACT_ROAD_SERVICE_ROUTE_NOT_NEW_PCC_GIS,2,3,600,3,3,False,24.463178151367742,1140.0,1115.5368218486324,660.0,455.53682184863237,True,True,1,PREREGISTERED_RESEARCH_DESIGN_NOT_FIELD,True,False,UNSELECTED_MAPPING_BOUND_SEPARATELY,UNVERIFIED,UNVERIFIED,COMMON_PROPER_TRANSFORM_SCHEMATIC_PROXY_REQUIRED_SEPARATELY,False,RL_47_20_01|RL_20_16_01|RL_16_28_01,f4386303c6ece2455d663b5996e900edd4062358f58dcd2a4234273a45f8aaa2,658fb2e56867a50597e9a21899748d8171439deda852e7db4f3339a99f71dd3d,c58710f5ca3f5fe0bd6bbced65293e0b5548e882a816a3e0d3648166569a42e0
0,MESS03,STA08,STA05,TN_47,TN_37,1189.1086807250977,1091.5672912597656,1148.4822692871094,13.430529999999996,ORIGINAL_ABSTRACT_ROAD_SERVICE_ROUTE_NOT_NEW_PCC_GIS,2,2,600,2,2,False,14.147771166844784,1140.0,1125.8522288331553,660.0,465.8522288331553,True,True,1,PREREGISTERED_RESEARCH_DESIGN_NOT_FIELD,True,False,UNSELECTED_MAPPING_BOUND_SEPARATELY,UNVERIFIED,UNVERIFIED,COMMON_PROPER_TRANSFORM_SCHEMATIC_PROXY_REQUIRED_SEPARATELY,False,RL_47_20_01|RL_20_16_01|RL_16_37_01,f4386303c6ece2455d663b5996e900edd4062358f58dcd2a4234273a45f8aaa2,658fb2e56867a50597e9a21899748d8171439deda852e7db4f3339a99f71dd3d,c58710f5ca3f5fe0bd6bbced65293e0b5548e882a816a3e0d3648166569a42e0
0,MESS03,STA08,STA06,TN_47,TN_41,2022.221046447754,1924.6796569824219,2025.0335998535156,27.54529,ORIGINAL_ABSTRACT_ROAD_SERVICE_ROUTE_NOT_NEW_PCC_GIS,3,3,600,3,3,False,39.183427727480556,1140.0,1100.8165722725194,660.0,440.81657227251935,True,True,1,PREREGISTERED_RESEARCH_DESIGN_NOT_FIELD,True,False,UNSELECTED_MAPPING_BOUND_SEPARATELY,UNVERIFIED,UNVERIFIED,COMMON_PROPER_TRANSFORM_SCHEMATIC_PROXY_REQUIRED_SEPARATELY,False,RL_47_25_01|RL_25_07_01|RL_07_45_01|RL_45_41_01,f4386303c6ece2455d663b5996e900edd4062358f58dcd2a4234273a45f8aaa2,658fb2e56867a50597e9a21899748d8171439deda852e7db4f3339a99f71dd3d,c58710f5ca3f5fe0bd6bbced65293e0b5548e882a816a3e0d3648166569a42e0
0,MESS03,STA08,STA07,TN_47,TN_32,1287.0147171020508,1189.4733276367188,1251.4931640625,18.097310000000004,ORIGINAL_ABSTRACT_ROAD_SERVICE_ROUTE_NOT_NEW_PCC_GIS,2,3,600,3,3,False,29.74802670870312,1140.0,1110.251973291297,660.0,450.25197329129696,True,True,1,PREREGISTERED_RESEARCH_DESIGN_NOT_FIELD,True,False,UNSELECTED_MAPPING_BOUND_SEPARATELY,UNVERIFIED,UNVERIFIED,COMMON_PROPER_TRANSFORM_SCHEMATIC_PROXY_REQUIRED_SEPARATELY,False,RL_47_25_01|RL_25_07_01|RL_07_32_01,f4386303c6ece2455d663b5996e900edd4062358f58dcd2a4234273a45f8aaa2,658fb2e56867a50597e9a21899748d8171439deda852e7db4f3339a99f71dd3d,c58710f5ca3f5fe0bd6bbced65293e0b5548e882a816a3e0d3648166569a42e0
0,MESS03,STA08,STA08,TN_47,TN_47,0.0,0.0,0.0,0.0,ORIGINAL_ABSTRACT_ROAD_SERVICE_ROUTE_NOT_NEW_PCC_GIS,0,0,600,1,1,False,0.0,1140.0,1140.0,660.0,480.0,True,True,1,PREREGISTERED_RESEARCH_DESIGN_NOT_FIELD,True,True,UNSELECTED_MAPPING_BOUND_SEPARATELY,UNVERIFIED,UNVERIFIED,COMMON_PROPER_TRANSFORM_SCHEMATIC_PROXY_REQUIRED_SEPARATELY,False,,f4386303c6ece2455d663b5996e900edd4062358f58dcd2a4234273a45f8aaa2,658fb2e56867a50597e9a21899748d8171439deda852e7db4f3339a99f71dd3d,c58710f5ca3f5fe0bd6bbced65293e0b5548e882a816a3e0d3648166569a42e0
0,MESS03,STA08,STA09,TN_47,TN_42,1536.4154739379883,1438.8740844726562,1513.8977966308594,20.680840000000003,ORIGINAL_ABSTRACT_ROAD_SERVICE_ROUTE_NOT_NEW_PCC_GIS,2,3,600,3,3,False,31.809247914273328,1140.0,1108.1907520857267,660.0,448.1907520857267,True,True,1,PREREGISTERED_RESEARCH_DESIGN_NOT_FIELD,True,False,UNSELECTED_MAPPING_BOUND_SEPARATELY,UNVERIFIED,UNVERIFIED,COMMON_PROPER_TRANSFORM_SCHEMATIC_PROXY_REQUIRED_SEPARATELY,False,RL_47_25_01|RL_25_07_01|RL_07_42_01,f4386303c6ece2455d663b5996e900edd4062358f58dcd2a4234273a45f8aaa2,658fb2e56867a50597e9a21899748d8171439deda852e7db4f3339a99f71dd3d,c58710f5ca3f5fe0bd6bbced65293e0b5548e882a816a3e0d3648166569a42e0
0,MESS03,STA08,STA10,TN_47,TN_24,1492.973648071289,1395.432258605957,1468.1909484863281,18.031730000000003,ORIGINAL_ABSTRACT_ROAD_SERVICE_ROUTE_NOT_NEW_PCC_GIS,2,3,600,3,3,False,18.23760584774655,1140.0,1121.7623941522534,660.0,461.76239415225336,True,True,1,PREREGISTERED_RESEARCH_DESIGN_NOT_FIELD,True,False,UNSELECTED_MAPPING_BOUND_SEPARATELY,UNVERIFIED,UNVERIFIED,COMMON_PROPER_TRANSFORM_SCHEMATIC_PROXY_REQUIRED_SEPARATELY,False,RL_47_20_01|RL_20_04_01|RL_04_39_02|RL_39_24_01,f4386303c6ece2455d663b5996e900edd4062358f58dcd2a4234273a45f8aaa2,658fb2e56867a50597e9a21899748d8171439deda852e7db4f3339a99f71dd3d,c58710f5ca3f5fe0bd6bbced65293e0b5548e882a816a3e0d3648166569a42e0
0,MESS03,STA08,STA11,TN_47,TN_44,1190.0035705566406,1092.4621810913086,1149.423828125,15.617740000000001,ORIGINAL_ABSTRACT_ROAD_SERVICE_ROUTE_NOT_NEW_PCC_GIS,2,2,600,2,2,False,19.452452931637367,1140.0,1120.5475470683627,660.0,460.54754706836275,True,True,1,PREREGISTERED_RESEARCH_DESIGN_NOT_FIELD,True,False,UNSELECTED_MAPPING_BOUND_SEPARATELY,UNVERIFIED,UNVERIFIED,COMMON_PROPER_TRANSFORM_SCHEMATIC_PROXY_REQUIRED_SEPARATELY,False,RL_47_20_01|RL_20_04_01|RL_04_30_02|RL_30_44_01,f4386303c6ece2455d663b5996e900edd4062358f58dcd2a4234273a45f8aaa2,658fb2e56867a50597e9a21899748d8171439deda852e7db4f3339a99f71dd3d,c58710f5ca3f5fe0bd6bbced65293e0b5548e882a816a3e0d3648166569a42e0
0,MESS03,STA08,STA12,TN_47,TN_17,1690.0846710205078,1592.5432815551758,1675.5794677734375,28.637830000000015,ORIGINAL_ABSTRACT_ROAD_SERVICE_ROUTE_NOT_NEW_PCC_GIS,2,3,600,3,3,False,44.59436212312158,1140.0,1095.4056378768785,660.0,435.4056378768785,True,True,1,PREREGISTERED_RESEARCH_DESIGN_NOT_FIELD,True,False,UNSELECTED_MAPPING_BOUND_SEPARATELY,UNVERIFIED,UNVERIFIED,COMMON_PROPER_TRANSFORM_SCHEMATIC_PROXY_REQUIRED_SEPARATELY,False,RL_47_20_01|RL_20_04_01|RL_04_17_01,f4386303c6ece2455d663b5996e900edd4062358f58dcd2a4234273a45f8aaa2,658fb2e56867a50597e9a21899748d8171439deda852e7db4f3339a99f71dd3d,c58710f5ca3f5fe0bd6bbced65293e0b5548e882a816a3e0d3648166569a42e0
0,MESS04,STA06,STA01,TN_41,TN_43,1438.932975769043,1341.391586303711,1411.33251953125,20.485349999999997,ORIGINAL_ABSTRACT_ROAD_SERVICE_ROUTE_NOT_NEW_PCC_GIS,2,3,600,3,3,False,32.935189299681994,1140.0,1107.064810700318,660.0,447.06481070031805,True,True,1,PREREGISTERED_RESEARCH_DESIGN_NOT_FIELD,True,False,UNSELECTED_MAPPING_BOUND_SEPARATELY,UNVERIFIED,UNVERIFIED,COMMON_PROPER_TRANSFORM_SCHEMATIC_PROXY_REQUIRED_SEPARATELY,False,RL_41_05_01|RL_05_19_01|RL_19_43_01,f4386303c6ece2455d663b5996e900edd4062358f58dcd2a4234273a45f8aaa2,658fb2e56867a50597e9a21899748d8171439deda852e7db4f3339a99f71dd3d,c58710f5ca3f5fe0bd6bbced65293e0b5548e882a816a3e0d3648166569a42e0
0,MESS04,STA06,STA02,TN_41,TN_14,1074.1879959106445,976.6466064453125,1027.569580078125,20.145829999999997,ORIGINAL_ABSTRACT_ROAD_SERVICE_ROUTE_NOT_NEW_PCC_GIS,2,2,600,2,2,False,31.463472122675764,1140.0,1108.5365278773243,660.0,448.53652787732426,True,True,1,PREREGISTERED_RESEARCH_DESIGN_NOT_FIELD,True,False,UNSELECTED_MAPPING_BOUND_SEPARATELY,UNVERIFIED,UNVERIFIED,COMMON_PROPER_TRANSFORM_SCHEMATIC_PROXY_REQUIRED_SEPARATELY,False,RL_41_14_01,f4386303c6ece2455d663b5996e900edd4062358f58dcd2a4234273a45f8aaa2,658fb2e56867a50597e9a21899748d8171439deda852e7db4f3339a99f71dd3d,c58710f5ca3f5fe0bd6bbced65293e0b5548e882a816a3e0d3648166569a42e0
0,MESS04,STA06,STA03,TN_41,TN_35,1585.794059753418,1488.252670288086,1565.8510818481445,26.336739999999995,ORIGINAL_ABSTRACT_ROAD_SERVICE_ROUTE_NOT_NEW_PCC_GIS,2,3,600,3,3,False,34.508331431701144,1140.0,1105.4916685682988,660.0,445.4916685682988,True,True,1,PREREGISTERED_RESEARCH_DESIGN_NOT_FIELD,True,False,UNSELECTED_MAPPING_BOUND_SEPARATELY,UNVERIFIED,UNVERIFIED,COMMON_PROPER_TRANSFORM_SCHEMATIC_PROXY_REQUIRED_SEPARATELY,False,RL_41_14_01|RL_14_23_01|RL_23_27_01|RL_27_35_01,f4386303c6ece2455d663b5996e900edd4062358f58dcd2a4234273a45f8aaa2,658fb2e56867a50597e9a21899748d8171439deda852e7db4f3339a99f71dd3d,c58710f5ca3f5fe0bd6bbced65293e0b5548e882a816a3e0d3648166569a42e0
0,MESS04,STA06,STA04,TN_41,TN_28,1084.8547744750977,987.3133850097656,1038.79248046875,14.889309999999995,ORIGINAL_ABSTRACT_ROAD_SERVICE_ROUTE_NOT_NEW_PCC_GIS,2,2,600,2,2,False,22.468441167540227,1140.0,1117.5315588324597,660.0,457.5315588324597,True,True,1,PREREGISTERED_RESEARCH_DESIGN_NOT_FIELD,True,False,UNSELECTED_MAPPING_BOUND_SEPARATELY,UNVERIFIED,UNVERIFIED,COMMON_PROPER_TRANSFORM_SCHEMATIC_PROXY_REQUIRED_SEPARATELY,False,RL_41_05_01|RL_05_28_01,f4386303c6ece2455d663b5996e900edd4062358f58dcd2a4234273a45f8aaa2,658fb2e56867a50597e9a21899748d8171439deda852e7db4f3339a99f71dd3d,c58710f5ca3f5fe0bd6bbced65293e0b5548e882a816a3e0d3648166569a42e0
0,MESS04,STA06,STA05,TN_41,TN_37,1787.7028274536133,1690.1614379882812,1778.2874450683594,23.946509999999996,ORIGINAL_ABSTRACT_ROAD_SERVICE_ROUTE_NOT_NEW_PCC_GIS,2,3,600,3,3,False,28.776621251124794,1140.0,1111.2233787488751,660.0,451.2233787488751,True,True,1,PREREGISTERED_RESEARCH_DESIGN_NOT_FIELD,True,False,UNSELECTED_MAPPING_BOUND_SEPARATELY,UNVERIFIED,UNVERIFIED,COMMON_PROPER_TRANSFORM_SCHEMATIC_PROXY_REQUIRED_SEPARATELY,False,RL_41_05_01|RL_05_09_01|RL_09_37_01,f4386303c6ece2455d663b5996e900edd4062358f58dcd2a4234273a45f8aaa2,658fb2e56867a50597e9a21899748d8171439deda852e7db4f3339a99f71dd3d,c58710f5ca3f5fe0bd6bbced65293e0b5548e882a816a3e0d3648166569a42e0
0,MESS04,STA06,STA06,TN_41,TN_41,0.0,0.0,0.0,0.0,ORIGINAL_ABSTRACT_ROAD_SERVICE_ROUTE_NOT_NEW_PCC_GIS,0,0,600,1,1,False,0.0,1140.0,1140.0,660.0,480.0,True,True,1,PREREGISTERED_RESEARCH_DESIGN_NOT_FIELD,True,True,UNSELECTED_MAPPING_BOUND_SEPARATELY,UNVERIFIED,UNVERIFIED,COMMON_PROPER_TRANSFORM_SCHEMATIC_PROXY_REQUIRED_SEPARATELY,False,,f4386303c6ece2455d663b5996e900edd4062358f58dcd2a4234273a45f8aaa2,658fb2e56867a50597e9a21899748d8171439deda852e7db4f3339a99f71dd3d,c58710f5ca3f5fe0bd6bbced65293e0b5548e882a816a3e0d3648166569a42e0
0,MESS04,STA06,STA07,TN_41,TN_32,1385.9611587524414,1288.4197692871094,1355.5987548828125,16.555399999999995,ORIGINAL_ABSTRACT_ROAD_SERVICE_ROUTE_NOT_NEW_PCC_GIS,2,3,600,3,3,False,29.595587892156434,1140.0,1110.4044121078437,660.0,450.40441210784365,True,True,1,PREREGISTERED_RESEARCH_DESIGN_NOT_FIELD,True,False,UNSELECTED_MAPPING_BOUND_SEPARATELY,UNVERIFIED,UNVERIFIED,COMMON_PROPER_TRANSFORM_SCHEMATIC_PROXY_REQUIRED_SEPARATELY,False,RL_41_45_01|RL_45_07_01|RL_07_32_01,f4386303c6ece2455d663b5996e900edd4062358f58dcd2a4234273a45f8aaa2,658fb2e56867a50597e9a21899748d8171439deda852e7db4f3339a99f71dd3d,c58710f5ca3f5fe0bd6bbced65293e0b5548e882a816a3e0d3648166569a42e0
0,MESS04,STA06,STA08,TN_41,TN_47,1488.474708557129,1390.9333190917969,1463.4574584960938,18.618379999999995,ORIGINAL_ABSTRACT_ROAD_SERVICE_ROUTE_NOT_NEW_PCC_GIS,2,3,600,3,3,False,32.26036589668416,1140.0,1107.739634103316,660.0,447.7396341033159,True,True,1,PREREGISTERED_RESEARCH_DESIGN_NOT_FIELD,True,False,UNSELECTED_MAPPING_BOUND_SEPARATELY,UNVERIFIED,UNVERIFIED,COMMON_PROPER_TRANSFORM_SCHEMATIC_PROXY_REQUIRED_SEPARATELY,False,RL_41_45_01|RL_45_07_01|RL_07_47_01,f4386303c6ece2455d663b5996e900edd4062358f58dcd2a4234273a45f8aaa2,658fb2e56867a50597e9a21899748d8171439deda852e7db4f3339a99f71dd3d,c58710f5ca3f5fe0bd6bbced65293e0b5548e882a816a3e0d3648166569a42e0
0,MESS04,STA06,STA09,TN_41,TN_42,1635.361915588379,1537.8205261230469,1618.0033874511719,19.138929999999995,ORIGINAL_ABSTRACT_ROAD_SERVICE_ROUTE_NOT_NEW_PCC_GIS,2,3,600,3,3,False,31.828091639054524,1140.0,1108.1719083609455,660.0,448.1719083609455,True,True,1,PREREGISTERED_RESEARCH_DESIGN_NOT_FIELD,True,False,UNSELECTED_MAPPING_BOUND_SEPARATELY,UNVERIFIED,UNVERIFIED,COMMON_PROPER_TRANSFORM_SCHEMATIC_PROXY_REQUIRED_SEPARATELY,False,RL_41_45_01|RL_45_07_01|RL_07_42_01,f4386303c6ece2455d663b5996e900edd4062358f58dcd2a4234273a45f8aaa2,658fb2e56867a50597e9a21899748d8171439deda852e7db4f3339a99f71dd3d,c58710f5ca3f5fe0bd6bbced65293e0b5548e882a816a3e0d3648166569a42e0
0,MESS04,STA06,STA10,TN_41,TN_24,2199.7690505981445,2102.2276611328125,2211.8389892578125,30.94163,ORIGINAL_ABSTRACT_ROAD_SERVICE_ROUTE_NOT_NEW_PCC_GIS,3,4,600,4,4,False,38.17205171450467,1140.0,1101.8279482854953,660.0,441.82794828549527,True,True,1,PREREGISTERED_RESEARCH_DESIGN_NOT_FIELD,True,False,UNSELECTED_MAPPING_BOUND_SEPARATELY,UNVERIFIED,UNVERIFIED,COMMON_PROPER_TRANSFORM_SCHEMATIC_PROXY_REQUIRED_SEPARATELY,False,RL_41_05_01|RL_05_09_01|RL_09_24_01,f4386303c6ece2455d663b5996e900edd4062358f58dcd2a4234273a45f8aaa2,658fb2e56867a50597e9a21899748d8171439deda852e7db4f3339a99f71dd3d,c58710f5ca3f5fe0bd6bbced65293e0b5548e882a816a3e0d3648166569a42e0
0,MESS04,STA06,STA11,TN_41,TN_44,2332.1443786621094,2234.6029891967773,2351.1165466308594,32.13365999999999,ORIGINAL_ABSTRACT_ROAD_SERVICE_ROUTE_NOT_NEW_PCC_GIS,3,4,600,4,4,False,48.47010288347097,1140.0,1091.5298971165291,660.0,431.5298971165291,True,True,1,PREREGISTERED_RESEARCH_DESIGN_NOT_FIELD,True,False,UNSELECTED_MAPPING_BOUND_SEPARATELY,UNVERIFIED,UNVERIFIED,COMMON_PROPER_TRANSFORM_SCHEMATIC_PROXY_REQUIRED_SEPARATELY,False,RL_41_45_01|RL_45_07_01|RL_07_20_01|RL_20_04_01|RL_04_30_02|RL_30_44_01,f4386303c6ece2455d663b5996e900edd4062358f58dcd2a4234273a45f8aaa2,658fb2e56867a50597e9a21899748d8171439deda852e7db4f3339a99f71dd3d,c58710f5ca3f5fe0bd6bbced65293e0b5548e882a816a3e0d3648166569a42e0
0,MESS04,STA06,STA12,TN_41,TN_17,2191.8185806274414,2094.2771911621094,2203.47412109375,32.43063,ORIGINAL_ABSTRACT_ROAD_SERVICE_ROUTE_NOT_NEW_PCC_GIS,3,4,600,4,4,False,51.59236750103254,1140.0,1088.4076324989674,660.0,428.40763249896736,True,True,1,PREREGISTERED_RESEARCH_DESIGN_NOT_FIELD,True,False,UNSELECTED_MAPPING_BOUND_SEPARATELY,UNVERIFIED,UNVERIFIED,COMMON_PROPER_TRANSFORM_SCHEMATIC_PROXY_REQUIRED_SEPARATELY,False,RL_41_45_01|RL_45_07_01|RL_07_18_01|RL_18_17_01,f4386303c6ece2455d663b5996e900edd4062358f58dcd2a4234273a45f8aaa2,658fb2e56867a50597e9a21899748d8171439deda852e7db4f3339a99f71dd3d,c58710f5ca3f5fe0bd6bbced65293e0b5548e882a816a3e0d3648166569a42e0
0,MESS05,STA03,STA01,TN_35,TN_43,983.7602005004884,886.2188110351562,932.4267578125,14.441180000000001,ORIGINAL_ABSTRACT_ROAD_SERVICE_ROUTE_NOT_NEW_PCC_GIS,2,2,600,2,2,False,19.920040071513963,1140.0,1120.079959928486,660.0,460.079959928486,True,True,1,PREREGISTERED_RESEARCH_DESIGN_NOT_FIELD,True,False,UNSELECTED_MAPPING_BOUND_SEPARATELY,UNVERIFIED,UNVERIFIED,COMMON_PROPER_TRANSFORM_SCHEMATIC_PROXY_REQUIRED_SEPARATELY,False,RL_35_14_01|RL_14_43_01,f4386303c6ece2455d663b5996e900edd4062358f58dcd2a4234273a45f8aaa2,658fb2e56867a50597e9a21899748d8171439deda852e7db4f3339a99f71dd3d,c58710f5ca3f5fe0bd6bbced65293e0b5548e882a816a3e0d3648166569a42e0
0,MESS05,STA03,STA02,TN_35,TN_14,555.084083557129,457.5426940917969,481.39923095703125,9.11638,ORIGINAL_ABSTRACT_ROAD_SERVICE_ROUTE_NOT_NEW_PCC_GIS,1,2,600,2,2,False,12.654164325192312,1140.0,1127.3458356748076,660.0,467.34583567480763,True,True,1,PREREGISTERED_RESEARCH_DESIGN_NOT_FIELD,True,False,UNSELECTED_MAPPING_BOUND_SEPARATELY,UNVERIFIED,UNVERIFIED,COMMON_PROPER_TRANSFORM_SCHEMATIC_PROXY_REQUIRED_SEPARATELY,False,RL_35_14_01,f4386303c6ece2455d663b5996e900edd4062358f58dcd2a4234273a45f8aaa2,658fb2e56867a50597e9a21899748d8171439deda852e7db4f3339a99f71dd3d,c58710f5ca3f5fe0bd6bbced65293e0b5548e882a816a3e0d3648166569a42e0
0,MESS05,STA03,STA03,TN_35,TN_35,0.0,0.0,0.0,0.0,ORIGINAL_ABSTRACT_ROAD_SERVICE_ROUTE_NOT_NEW_PCC_GIS,0,0,600,1,1,False,0.0,1140.0,1140.0,660.0,480.0,True,True,1,PREREGISTERED_RESEARCH_DESIGN_NOT_FIELD,True,True,UNSELECTED_MAPPING_BOUND_SEPARATELY,UNVERIFIED,UNVERIFIED,COMMON_PROPER_TRANSFORM_SCHEMATIC_PROXY_REQUIRED_SEPARATELY,False,,f4386303c6ece2455d663b5996e900edd4062358f58dcd2a4234273a45f8aaa2,658fb2e56867a50597e9a21899748d8171439deda852e7db4f3339a99f71dd3d,c58710f5ca3f5fe0bd6bbced65293e0b5548e882a816a3e0d3648166569a42e0
0,MESS05,STA03,STA04,TN_35,TN_28,1299.0243606567383,1201.4829711914062,1264.1289978027344,20.076919999999998,ORIGINAL_ABSTRACT_ROAD_SERVICE_ROUTE_NOT_NEW_PCC_GIS,2,3,600,3,3,False,30.377424521275742,1140.0,1109.6225754787242,660.0,449.62257547872423,True,True,1,PREREGISTERED_RESEARCH_DESIGN_NOT_FIELD,True,False,UNSELECTED_MAPPING_BOUND_SEPARATELY,UNVERIFIED,UNVERIFIED,COMMON_PROPER_TRANSFORM_SCHEMATIC_PROXY_REQUIRED_SEPARATELY,False,RL_35_46_01|RL_46_05_01|RL_05_28_01,f4386303c6ece2455d663b5996e900edd4062358f58dcd2a4234273a45f8aaa2,658fb2e56867a50597e9a21899748d8171439deda852e7db4f3339a99f71dd3d,c58710f5ca3f5fe0bd6bbced65293e0b5548e882a816a3e0d3648166569a42e0
0,MESS05,STA03,STA05,TN_35,TN_37,650.7438430786134,553.2024536132812,582.0467681884766,9.49954,ORIGINAL_ABSTRACT_ROAD_SERVICE_ROUTE_NOT_NEW_PCC_GIS,1,2,600,2,2,False,10.222045789724268,1140.0,1129.7779542102758,660.0,469.77795421027577,True,True,1,PREREGISTERED_RESEARCH_DESIGN_NOT_FIELD,True,False,UNSELECTED_MAPPING_BOUND_SEPARATELY,UNVERIFIED,UNVERIFIED,COMMON_PROPER_TRANSFORM_SCHEMATIC_PROXY_REQUIRED_SEPARATELY,False,RL_35_13_01|RL_13_37_01,f4386303c6ece2455d663b5996e900edd4062358f58dcd2a4234273a45f8aaa2,658fb2e56867a50597e9a21899748d8171439deda852e7db4f3339a99f71dd3d,c58710f5ca3f5fe0bd6bbced65293e0b5548e882a816a3e0d3648166569a42e0
0,MESS05,STA03,STA06,TN_35,TN_41,1520.5770645141602,1423.0356750488281,1497.233642578125,29.741700000000005,ORIGINAL_ABSTRACT_ROAD_SERVICE_ROUTE_NOT_NEW_PCC_GIS,2,3,600,3,3,False,44.25140878951624,1140.0,1095.7485912104837,660.0,435.7485912104837,True,True,1,PREREGISTERED_RESEARCH_DESIGN_NOT_FIELD,True,False,UNSELECTED_MAPPING_BOUND_SEPARATELY,UNVERIFIED,UNVERIFIED,COMMON_PROPER_TRANSFORM_SCHEMATIC_PROXY_REQUIRED_SEPARATELY,False,RL_35_14_01|RL_14_41_01,f4386303c6ece2455d663b5996e900edd4062358f58dcd2a4234273a45f8aaa2,658fb2e56867a50597e9a21899748d8171439deda852e7db4f3339a99f71dd3d,c58710f5ca3f5fe0bd6bbced65293e0b5548e882a816a3e0d3648166569a42e0
0,MESS05,STA03,STA07,TN_35,TN_32,2129.984443664551,2032.4430541992188,2138.415817260742,31.60127,ORIGINAL_ABSTRACT_ROAD_SERVICE_ROUTE_NOT_NEW_PCC_GIS,3,4,600,4,4,False,49.16985767237771,1140.0,1090.8301423276223,660.0,430.8301423276223,True,True,1,PREREGISTERED_RESEARCH_DESIGN_NOT_FIELD,True,False,UNSELECTED_MAPPING_BOUND_SEPARATELY,UNVERIFIED,UNVERIFIED,COMMON_PROPER_TRANSFORM_SCHEMATIC_PROXY_REQUIRED_SEPARATELY,False,RL_35_13_01|RL_13_37_01|RL_37_07_01|RL_07_32_01,f4386303c6ece2455d663b5996e900edd4062358f58dcd2a4234273a45f8aaa2,658fb2e56867a50597e9a21899748d8171439deda852e7db4f3339a99f71dd3d,c58710f5ca3f5fe0bd6bbced65293e0b5548e882a816a3e0d3648166569a42e0
0,MESS05,STA03,STA08,TN_35,TN_47,2232.4979934692383,2134.9566040039062,2246.2745208740234,33.664249999999996,ORIGINAL_ABSTRACT_ROAD_SERVICE_ROUTE_NOT_NEW_PCC_GIS,3,4,600,4,4,False,51.98264111847096,1140.0,1088.017358881529,660.0,428.01735888152893,True,True,1,PREREGISTERED_RESEARCH_DESIGN_NOT_FIELD,True,False,UNSELECTED_MAPPING_BOUND_SEPARATELY,UNVERIFIED,UNVERIFIED,COMMON_PROPER_TRANSFORM_SCHEMATIC_PROXY_REQUIRED_SEPARATELY,False,RL_35_13_01|RL_13_37_01|RL_37_07_01|RL_07_47_01,f4386303c6ece2455d663b5996e900edd4062358f58dcd2a4234273a45f8aaa2,658fb2e56867a50597e9a21899748d8171439deda852e7db4f3339a99f71dd3d,c58710f5ca3f5fe0bd6bbced65293e0b5548e882a816a3e0d3648166569a42e0
0,MESS05,STA03,STA09,TN_35,TN_42,2379.3852005004883,2281.8438110351562,2400.8204498291016,34.184799999999996,ORIGINAL_ABSTRACT_ROAD_SERVICE_ROUTE_NOT_NEW_PCC_GIS,3,4,600,4,4,False,51.17269608530248,1140.0,1088.8273039146975,660.0,428.8273039146975,True,True,1,PREREGISTERED_RESEARCH_DESIGN_NOT_FIELD,True,False,UNSELECTED_MAPPING_BOUND_SEPARATELY,UNVERIFIED,UNVERIFIED,COMMON_PROPER_TRANSFORM_SCHEMATIC_PROXY_REQUIRED_SEPARATELY,False,RL_35_13_01|RL_13_37_01|RL_37_07_01|RL_07_42_01,f4386303c6ece2455d663b5996e900edd4062358f58dcd2a4234273a45f8aaa2,658fb2e56867a50597e9a21899748d8171439deda852e7db4f3339a99f71dd3d,c58710f5ca3f5fe0bd6bbced65293e0b5548e882a816a3e0d3648166569a42e0
0,MESS05,STA03,STA10,TN_35,TN_24,1454.2437210083008,1356.7023315429688,1427.4415893554688,22.319130000000012,ORIGINAL_ABSTRACT_ROAD_SERVICE_ROUTE_NOT_NEW_PCC_GIS,2,3,600,3,3,False,24.606515461338187,1140.0,1115.3934845386618,660.0,455.3934845386618,True,True,1,PREREGISTERED_RESEARCH_DESIGN_NOT_FIELD,True,False,UNSELECTED_MAPPING_BOUND_SEPARATELY,UNVERIFIED,UNVERIFIED,COMMON_PROPER_TRANSFORM_SCHEMATIC_PROXY_REQUIRED_SEPARATELY,False,RL_35_08_01|RL_08_24_01,f4386303c6ece2455d663b5996e900edd4062358f58dcd2a4234273a45f8aaa2,658fb2e56867a50597e9a21899748d8171439deda852e7db4f3339a99f71dd3d,c58710f5ca3f5fe0bd6bbced65293e0b5548e882a816a3e0d3648166569a42e0
0,MESS05,STA03,STA11,TN_35,TN_44,1634.259895324707,1536.718505859375,1616.8438720703125,25.214509999999994,ORIGINAL_ABSTRACT_ROAD_SERVICE_ROUTE_NOT_NEW_PCC_GIS,2,3,600,3,3,False,31.52622823726993,1140.0,1108.4737717627302,660.0,448.47377176273017,True,True,1,PREREGISTERED_RESEARCH_DESIGN_NOT_FIELD,True,False,UNSELECTED_MAPPING_BOUND_SEPARATELY,UNVERIFIED,UNVERIFIED,COMMON_PROPER_TRANSFORM_SCHEMATIC_PROXY_REQUIRED_SEPARATELY,False,RL_35_44_01,f4386303c6ece2455d663b5996e900edd4062358f58dcd2a4234273a45f8aaa2,658fb2e56867a50597e9a21899748d8171439deda852e7db4f3339a99f71dd3d,c58710f5ca3f5fe0bd6bbced65293e0b5548e882a816a3e0d3648166569a42e0
0,MESS05,STA03,STA12,TN_35,TN_17,2076.767463684082,1979.22607421875,2082.424072265625,40.051710000000014,ORIGINAL_ABSTRACT_ROAD_SERVICE_ROUTE_NOT_NEW_PCC_GIS,3,3,600,3,3,False,61.049657294651425,1140.0,1078.9503427053485,660.0,418.9503427053485,True,True,1,PREREGISTERED_RESEARCH_DESIGN_NOT_FIELD,True,False,UNSELECTED_MAPPING_BOUND_SEPARATELY,UNVERIFIED,UNVERIFIED,COMMON_PROPER_TRANSFORM_SCHEMATIC_PROXY_REQUIRED_SEPARATELY,False,RL_35_13_01|RL_13_17_01,f4386303c6ece2455d663b5996e900edd4062358f58dcd2a4234273a45f8aaa2,658fb2e56867a50597e9a21899748d8171439deda852e7db4f3339a99f71dd3d,c58710f5ca3f5fe0bd6bbced65293e0b5548e882a816a3e0d3648166569a42e0
0,MESS06,STA10,STA01,TN_24,TN_43,2123.4854888916016,2025.9440994262695,2131.5779876708984,33.38856,ORIGINAL_ABSTRACT_ROAD_SERVICE_ROUTE_NOT_NEW_PCC_GIS,3,4,600,4,4,False,50.990047972208416,1140.0,1089.0099520277915,660.0,429.00995202779154,True,True,1,PREREGISTERED_RESEARCH_DESIGN_NOT_FIELD,True,False,UNSELECTED_MAPPING_BOUND_SEPARATELY,UNVERIFIED,UNVERIFIED,COMMON_PROPER_TRANSFORM_SCHEMATIC_PROXY_REQUIRED_SEPARATELY,False,RL_24_39_01|RL_39_21_02|RL_21_09_02|RL_09_19_01|RL_19_43_01,f4386303c6ece2455d663b5996e900edd4062358f58dcd2a4234273a45f8aaa2,658fb2e56867a50597e9a21899748d8171439deda852e7db4f3339a99f71dd3d,c58710f5ca3f5fe0bd6bbced65293e0b5548e882a816a3e0d3648166569a42e0
0,MESS06,STA10,STA02,TN_24,TN_14,1720.8752517700195,1623.3338623046875,1707.9754333496094,28.949340000000007,ORIGINAL_ABSTRACT_ROAD_SERVICE_ROUTE_NOT_NEW_PCC_GIS,2,3,600,3,3,False,37.66361138191554,1140.0,1102.3363886180844,660.0,442.33638861808436,True,True,1,PREREGISTERED_RESEARCH_DESIGN_NOT_FIELD,True,False,UNSELECTED_MAPPING_BOUND_SEPARATELY,UNVERIFIED,UNVERIFIED,COMMON_PROPER_TRANSFORM_SCHEMATIC_PROXY_REQUIRED_SEPARATELY,False,RL_24_39_01|RL_39_35_01|RL_35_14_01,f4386303c6ece2455d663b5996e900edd4062358f58dcd2a4234273a45f8aaa2,658fb2e56867a50597e9a21899748d8171439deda852e7db4f3339a99f71dd3d,c58710f5ca3f5fe0bd6bbced65293e0b5548e882a816a3e0d3648166569a42e0
0,MESS06,STA10,STA03,TN_24,TN_35,1263.3325576782227,1165.7911682128906,1226.5762023925781,19.832960000000007,ORIGINAL_ABSTRACT_ROAD_SERVICE_ROUTE_NOT_NEW_PCC_GIS,2,3,600,3,3,False,25.186122987143765,1140.0,1114.8138770128562,660.0,454.8138770128562,True,True,1,PREREGISTERED_RESEARCH_DESIGN_NOT_FIELD,True,False,UNSELECTED_MAPPING_BOUND_SEPARATELY,UNVERIFIED,UNVERIFIED,COMMON_PROPER_TRANSFORM_SCHEMATIC_PROXY_REQUIRED_SEPARATELY,False,RL_24_39_01|RL_39_35_01,f4386303c6ece2455d663b5996e900edd4062358f58dcd2a4234273a45f8aaa2,658fb2e56867a50597e9a21899748d8171439deda852e7db4f3339a99f71dd3d,c58710f5ca3f5fe0bd6bbced65293e0b5548e882a816a3e0d3648166569a42e0
0,MESS06,STA10,STA04,TN_24,TN_28,1359.2209548950195,1261.6795654296875,1327.4642333984375,19.793140000000015,ORIGINAL_ABSTRACT_ROAD_SERVICE_ROUTE_NOT_NEW_PCC_GIS,2,3,600,3,3,False,28.36677110018378,1140.0,1111.6332288998162,660.0,451.63322889981623,True,True,1,PREREGISTERED_RESEARCH_DESIGN_NOT_FIELD,True,False,UNSELECTED_MAPPING_BOUND_SEPARATELY,UNVERIFIED,UNVERIFIED,COMMON_PROPER_TRANSFORM_SCHEMATIC_PROXY_REQUIRED_SEPARATELY,False,RL_24_28_01,f4386303c6ece2455d663b5996e900edd4062358f58dcd2a4234273a45f8aaa2,658fb2e56867a50597e9a21899748d8171439deda852e7db4f3339a99f71dd3d,c58710f5ca3f5fe0bd6bbced65293e0b5548e882a816a3e0d3648166569a42e0
0,MESS06,STA10,STA05,TN_24,TN_37,1099.014633178711,1001.4732437133789,1053.690689086914,12.581970000000002,ORIGINAL_ABSTRACT_ROAD_SERVICE_ROUTE_NOT_NEW_PCC_GIS,2,2,600,2,2,False,14.43730884243183,1140.0,1125.5626911575682,660.0,465.5626911575682,True,True,1,PREREGISTERED_RESEARCH_DESIGN_NOT_FIELD,True,False,UNSELECTED_MAPPING_BOUND_SEPARATELY,UNVERIFIED,UNVERIFIED,COMMON_PROPER_TRANSFORM_SCHEMATIC_PROXY_REQUIRED_SEPARATELY,False,RL_24_39_01|RL_39_21_02|RL_21_09_02|RL_09_37_01,f4386303c6ece2455d663b5996e900edd4062358f58dcd2a4234273a45f8aaa2,658fb2e56867a50597e9a21899748d8171439deda852e7db4f3339a99f71dd3d,c58710f5ca3f5fe0bd6bbced65293e0b5548e882a816a3e0d3648166569a42e0
0,MESS06,STA10,STA06,TN_24,TN_41,2235.115768432617,2137.574378967285,2249.028854370117,31.346990000000005,ORIGINAL_ABSTRACT_ROAD_SERVICE_ROUTE_NOT_NEW_PCC_GIS,3,4,600,4,4,False,42.47889344825043,1140.0,1097.5211065517497,660.0,437.52110655174965,True,True,1,PREREGISTERED_RESEARCH_DESIGN_NOT_FIELD,True,False,UNSELECTED_MAPPING_BOUND_SEPARATELY,UNVERIFIED,UNVERIFIED,COMMON_PROPER_TRANSFORM_SCHEMATIC_PROXY_REQUIRED_SEPARATELY,False,RL_24_39_01|RL_39_21_02|RL_21_09_02|RL_09_05_01|RL_05_41_01,f4386303c6ece2455d663b5996e900edd4062358f58dcd2a4234273a45f8aaa2,658fb2e56867a50597e9a21899748d8171439deda852e7db4f3339a99f71dd3d,c58710f5ca3f5fe0bd6bbced65293e0b5548e882a816a3e0d3648166569a42e0
0,MESS06,STA10,STA07,TN_24,TN_32,1900.7463989257812,1803.2050094604492,1897.2251663208008,25.28667,ORIGINAL_ABSTRACT_ROAD_SERVICE_ROUTE_NOT_NEW_PCC_GIS,3,3,600,3,3,False,43.26765924005723,1140.0,1096.7323407599429,660.0,436.7323407599429,True,True,1,PREREGISTERED_RESEARCH_DESIGN_NOT_FIELD,True,False,UNSELECTED_MAPPING_BOUND_SEPARATELY,UNVERIFIED,UNVERIFIED,COMMON_PROPER_TRANSFORM_SCHEMATIC_PROXY_REQUIRED_SEPARATELY,False,RL_24_39_01|RL_39_04_01|RL_04_20_01|RL_20_07_01|RL_07_32_01,f4386303c6ece2455d663b5996e900edd4062358f58dcd2a4234273a45f8aaa2,658fb2e56867a50597e9a21899748d8171439deda852e7db4f3339a99f71dd3d,c58710f5ca3f5fe0bd6bbced65293e0b5548e882a816a3e0d3648166569a42e0
0,MESS06,STA10,STA08,TN_24,TN_47,2003.2599487304688,1905.7185592651367,2005.083869934082,27.34965,ORIGINAL_ABSTRACT_ROAD_SERVICE_ROUTE_NOT_NEW_PCC_GIS,3,3,600,3,3,False,45.99942231746562,1140.0,1094.0005776825344,660.0,434.0005776825344,True,True,1,PREREGISTERED_RESEARCH_DESIGN_NOT_FIELD,True,False,UNSELECTED_MAPPING_BOUND_SEPARATELY,UNVERIFIED,UNVERIFIED,COMMON_PROPER_TRANSFORM_SCHEMATIC_PROXY_REQUIRED_SEPARATELY,False,RL_24_39_01|RL_39_04_01|RL_04_20_01|RL_20_07_01|RL_07_47_01,f4386303c6ece2455d663b5996e900edd4062358f58dcd2a4234273a45f8aaa2,658fb2e56867a50597e9a21899748d8171439deda852e7db4f3339a99f71dd3d,c58710f5ca3f5fe0bd6bbced65293e0b5548e882a816a3e0d3648166569a42e0
0,MESS06,STA10,STA09,TN_24,TN_42,2065.732551574707,1968.191162109375,2070.8138122558594,29.600020000000008,ORIGINAL_ABSTRACT_ROAD_SERVICE_ROUTE_NOT_NEW_PCC_GIS,3,3,600,3,3,False,45.980893774670264,1140.0,1094.0191062253298,660.0,434.0191062253298,True,True,1,PREREGISTERED_RESEARCH_DESIGN_NOT_FIELD,True,False,UNSELECTED_MAPPING_BOUND_SEPARATELY,UNVERIFIED,UNVERIFIED,COMMON_PROPER_TRANSFORM_SCHEMATIC_PROXY_REQUIRED_SEPARATELY,False,RL_24_11_01|RL_11_18_01|RL_18_42_01,f4386303c6ece2455d663b5996e900edd4062358f58dcd2a4234273a45f8aaa2,658fb2e56867a50597e9a21899748d8171439deda852e7db4f3339a99f71dd3d,c58710f5ca3f5fe0bd6bbced65293e0b5548e882a816a3e0d3648166569a42e0
0,MESS06,STA10,STA10,TN_24,TN_24,0.0,0.0,0.0,0.0,ORIGINAL_ABSTRACT_ROAD_SERVICE_ROUTE_NOT_NEW_PCC_GIS,0,0,600,1,1,False,0.0,1140.0,1140.0,660.0,480.0,True,True,1,PREREGISTERED_RESEARCH_DESIGN_NOT_FIELD,True,True,UNSELECTED_MAPPING_BOUND_SEPARATELY,UNVERIFIED,UNVERIFIED,COMMON_PROPER_TRANSFORM_SCHEMATIC_PROXY_REQUIRED_SEPARATELY,False,,f4386303c6ece2455d663b5996e900edd4062358f58dcd2a4234273a45f8aaa2,658fb2e56867a50597e9a21899748d8171439deda852e7db4f3339a99f71dd3d,c58710f5ca3f5fe0bd6bbced65293e0b5548e882a816a3e0d3648166569a42e0
0,MESS06,STA10,STA11,TN_24,TN_44,1264.5646438598633,1167.0232543945312,1227.8725357055664,18.85883,ORIGINAL_ABSTRACT_ROAD_SERVICE_ROUTE_NOT_NEW_PCC_GIS,2,3,600,3,3,False,27.488653000314045,1140.0,1112.5113469996859,660.0,452.5113469996859,True,True,1,PREREGISTERED_RESEARCH_DESIGN_NOT_FIELD,True,False,UNSELECTED_MAPPING_BOUND_SEPARATELY,UNVERIFIED,UNVERIFIED,COMMON_PROPER_TRANSFORM_SCHEMATIC_PROXY_REQUIRED_SEPARATELY,False,RL_24_11_01|RL_11_22_01|RL_22_44_01,f4386303c6ece2455d663b5996e900edd4062358f58dcd2a4234273a45f8aaa2,658fb2e56867a50597e9a21899748d8171439deda852e7db4f3339a99f71dd3d,c58710f5ca3f5fe0bd6bbced65293e0b5548e882a816a3e0d3648166569a42e0
0,MESS06,STA10,STA12,TN_24,TN_17,1102.7609329223633,1005.2195434570312,1057.63232421875,16.96551000000002,ORIGINAL_ABSTRACT_ROAD_SERVICE_ROUTE_NOT_NEW_PCC_GIS,2,2,600,2,2,False,25.695788162689002,1140.0,1114.304211837311,660.0,454.30421183731096,True,True,1,PREREGISTERED_RESEARCH_DESIGN_NOT_FIELD,True,False,UNSELECTED_MAPPING_BOUND_SEPARATELY,UNVERIFIED,UNVERIFIED,COMMON_PROPER_TRANSFORM_SCHEMATIC_PROXY_REQUIRED_SEPARATELY,False,RL_24_17_01,f4386303c6ece2455d663b5996e900edd4062358f58dcd2a4234273a45f8aaa2,658fb2e56867a50597e9a21899748d8171439deda852e7db4f3339a99f71dd3d,c58710f5ca3f5fe0bd6bbced65293e0b5548e882a816a3e0d3648166569a42e0
9,MESS01,STA01,STA01,TN_43,TN_43,0.0,0.0,0.0,0.0,ORIGINAL_ABSTRACT_ROAD_SERVICE_ROUTE_NOT_NEW_PCC_GIS,0,0,600,9,1,True,0.0,1140.0,1140.0,660.0,480.0,True,True,1,PREREGISTERED_RESEARCH_DESIGN_NOT_FIELD,True,False,UNSELECTED_MAPPING_BOUND_SEPARATELY,UNVERIFIED,UNVERIFIED,COMMON_PROPER_TRANSFORM_SCHEMATIC_PROXY_REQUIRED_SEPARATELY,False,,f4386303c6ece2455d663b5996e900edd4062358f58dcd2a4234273a45f8aaa2,658fb2e56867a50597e9a21899748d8171439deda852e7db4f3339a99f71dd3d,c58710f5ca3f5fe0bd6bbced65293e0b5548e882a816a3e0d3648166569a42e0
9,MESS01,STA01,STA02,TN_43,TN_14,485.1419754028321,387.6005859375,407.810302734375,5.094550000000002,ORIGINAL_ABSTRACT_ROAD_SERVICE_ROUTE_NOT_NEW_PCC_GIS,1,2,600,11,2,True,3.450620293480984,1140.0,1136.549379706519,660.0,476.54937970651895,True,True,1,PREREGISTERED_RESEARCH_DESIGN_NOT_FIELD,True,False,UNSELECTED_MAPPING_BOUND_SEPARATELY,UNVERIFIED,UNVERIFIED,COMMON_PROPER_TRANSFORM_SCHEMATIC_PROXY_REQUIRED_SEPARATELY,False,RL_43_14_01,f4386303c6ece2455d663b5996e900edd4062358f58dcd2a4234273a45f8aaa2,658fb2e56867a50597e9a21899748d8171439deda852e7db4f3339a99f71dd3d,c58710f5ca3f5fe0bd6bbced65293e0b5548e882a816a3e0d3648166569a42e0
9,MESS01,STA01,STA03,TN_43,TN_35,1001.5260391235353,903.9846496582031,951.1189270019531,11.285460000000002,ORIGINAL_ABSTRACT_ROAD_SERVICE_ROUTE_NOT_NEW_PCC_GIS,2,2,600,11,2,True,7.894442254915551,1140.0,1132.1055577450845,660.0,472.1055577450845,True,True,1,PREREGISTERED_RESEARCH_DESIGN_NOT_FIELD,True,False,UNSELECTED_MAPPING_BOUND_SEPARATELY,UNVERIFIED,UNVERIFIED,COMMON_PROPER_TRANSFORM_SCHEMATIC_PROXY_REQUIRED_SEPARATELY,False,RL_43_14_01|RL_14_23_01|RL_23_27_01|RL_27_35_01,f4386303c6ece2455d663b5996e900edd4062358f58dcd2a4234273a45f8aaa2,658fb2e56867a50597e9a21899748d8171439deda852e7db4f3339a99f71dd3d,c58710f5ca3f5fe0bd6bbced65293e0b5548e882a816a3e0d3648166569a42e0
9,MESS01,STA01,STA04,TN_43,TN_28,598.1418533325196,500.6004638671875,526.7020874023438,10.002019999999998,ORIGINAL_ABSTRACT_ROAD_SERVICE_ROUTE_NOT_NEW_PCC_GIS,1,2,600,11,2,True,15.90222280874905,1140.0,1124.097777191251,660.0,464.097777191251,True,True,1,PREREGISTERED_RESEARCH_DESIGN_NOT_FIELD,True,False,UNSELECTED_MAPPING_BOUND_SEPARATELY,UNVERIFIED,UNVERIFIED,COMMON_PROPER_TRANSFORM_SCHEMATIC_PROXY_REQUIRED_SEPARATELY,False,RL_43_28_01,f4386303c6ece2455d663b5996e900edd4062358f58dcd2a4234273a45f8aaa2,658fb2e56867a50597e9a21899748d8171439deda852e7db4f3339a99f71dd3d,c58710f5ca3f5fe0bd6bbced65293e0b5548e882a816a3e0d3648166569a42e0
9,MESS01,STA01,STA05,TN_43,TN_37,1322.4121170043945,1224.8707275390625,1288.7362060546875,17.76019,ORIGINAL_ABSTRACT_ROAD_SERVICE_ROUTE_NOT_NEW_PCC_GIS,2,3,600,12,3,True,14.383171623235935,1140.0,1125.616828376764,660.0,465.61682837676403,True,True,1,PREREGISTERED_RESEARCH_DESIGN_NOT_FIELD,True,False,UNSELECTED_MAPPING_BOUND_SEPARATELY,UNVERIFIED,UNVERIFIED,COMMON_PROPER_TRANSFORM_SCHEMATIC_PROXY_REQUIRED_SEPARATELY,False,RL_43_14_01|RL_14_37_01,f4386303c6ece2455d663b5996e900edd4062358f58dcd2a4234273a45f8aaa2,658fb2e56867a50597e9a21899748d8171439deda852e7db4f3339a99f71dd3d,c58710f5ca3f5fe0bd6bbced65293e0b5548e882a816a3e0d3648166569a42e0
9,MESS01,STA01,STA06,TN_43,TN_41,1423.9128952026367,1326.3715057373047,1395.5292358398438,20.023230000000005,ORIGINAL_ABSTRACT_ROAD_SERVICE_ROUTE_NOT_NEW_PCC_GIS,2,3,600,12,3,True,26.22367090127943,1140.0,1113.7763290987207,660.0,453.7763290987207,True,True,1,PREREGISTERED_RESEARCH_DESIGN_NOT_FIELD,True,False,UNSELECTED_MAPPING_BOUND_SEPARATELY,UNVERIFIED,UNVERIFIED,COMMON_PROPER_TRANSFORM_SCHEMATIC_PROXY_REQUIRED_SEPARATELY,False,RL_43_19_01|RL_19_05_01|RL_05_41_01,f4386303c6ece2455d663b5996e900edd4062358f58dcd2a4234273a45f8aaa2,658fb2e56867a50597e9a21899748d8171439deda852e7db4f3339a99f71dd3d,c58710f5ca3f5fe0bd6bbced65293e0b5548e882a816a3e0d3648166569a42e0
9,MESS01,STA01,STA07,TN_43,TN_32,2421.8058853149414,2324.2644958496094,2445.453094482422,37.692899999999995,ORIGINAL_ABSTRACT_ROAD_SERVICE_ROUTE_NOT_NEW_PCC_GIS,3,4,600,13,4,True,57.64811070796898,1140.0,1082.351889292031,660.0,422.35188929203105,True,True,1,PREREGISTERED_RESEARCH_DESIGN_NOT_FIELD,True,False,UNSELECTED_MAPPING_BOUND_SEPARATELY,UNVERIFIED,UNVERIFIED,COMMON_PROPER_TRANSFORM_SCHEMATIC_PROXY_REQUIRED_SEPARATELY,False,RL_43_28_01|RL_28_07_01|RL_07_32_01,f4386303c6ece2455d663b5996e900edd4062358f58dcd2a4234273a45f8aaa2,658fb2e56867a50597e9a21899748d8171439deda852e7db4f3339a99f71dd3d,c58710f5ca3f5fe0bd6bbced65293e0b5548e882a816a3e0d3648166569a42e0
9,MESS01,STA01,STA08,TN_43,TN_47,2509.208625793457,2411.667236328125,2537.413055419922,39.75587999999999,ORIGINAL_ABSTRACT_ROAD_SERVICE_ROUTE_NOT_NEW_PCC_GIS,3,4,600,13,4,True,60.62609936249197,1140.0,1079.373900637508,660.0,419.3739006375081,True,True,1,PREREGISTERED_RESEARCH_DESIGN_NOT_FIELD,True,False,UNSELECTED_MAPPING_BOUND_SEPARATELY,UNVERIFIED,UNVERIFIED,COMMON_PROPER_TRANSFORM_SCHEMATIC_PROXY_REQUIRED_SEPARATELY,False,RL_43_28_01|RL_28_07_01|RL_07_47_01,f4386303c6ece2455d663b5996e900edd4062358f58dcd2a4234273a45f8aaa2,658fb2e56867a50597e9a21899748d8171439deda852e7db4f3339a99f71dd3d,c58710f5ca3f5fe0bd6bbced65293e0b5548e882a816a3e0d3648166569a42e0
9,MESS01,STA01,STA09,TN_43,TN_42,2659.799690246582,2562.25830078125,2695.8560180664062,40.27642999999999,ORIGINAL_ABSTRACT_ROAD_SERVICE_ROUTE_NOT_NEW_PCC_GIS,3,4,600,13,4,True,59.64289572941395,1140.0,1080.357104270586,660.0,420.357104270586,True,True,1,PREREGISTERED_RESEARCH_DESIGN_NOT_FIELD,True,False,UNSELECTED_MAPPING_BOUND_SEPARATELY,UNVERIFIED,UNVERIFIED,COMMON_PROPER_TRANSFORM_SCHEMATIC_PROXY_REQUIRED_SEPARATELY,False,RL_43_28_01|RL_28_07_01|RL_07_42_01,f4386303c6ece2455d663b5996e900edd4062358f58dcd2a4234273a45f8aaa2,658fb2e56867a50597e9a21899748d8171439deda852e7db4f3339a99f71dd3d,c58710f5ca3f5fe0bd6bbced65293e0b5548e882a816a3e0d3648166569a42e0
9,MESS01,STA01,STA10,TN_43,TN_24,1852.576545715332,1755.03515625,1846.5437622070312,31.376750000000015,ORIGINAL_ABSTRACT_ROAD_SERVICE_ROUTE_NOT_NEW_PCC_GIS,3,3,600,12,3,True,41.08672442993411,1140.0,1098.913275570066,660.0,438.91327557006593,True,True,1,PREREGISTERED_RESEARCH_DESIGN_NOT_FIELD,True,False,UNSELECTED_MAPPING_BOUND_SEPARATELY,UNVERIFIED,UNVERIFIED,COMMON_PROPER_TRANSFORM_SCHEMATIC_PROXY_REQUIRED_SEPARATELY,False,RL_43_28_01|RL_28_21_01|RL_21_24_01,f4386303c6ece2455d663b5996e900edd4062358f58dcd2a4234273a45f8aaa2,658fb2e56867a50597e9a21899748d8171439deda852e7db4f3339a99f71dd3d,c58710f5ca3f5fe0bd6bbced65293e0b5548e882a816a3e0d3648166569a42e0
9,MESS01,STA01,STA11,TN_43,TN_44,2017.4783401489258,1919.9369506835938,2020.0435791015625,35.03566000000001,ORIGINAL_ABSTRACT_ROAD_SERVICE_ROUTE_NOT_NEW_PCC_GIS,3,3,600,12,4,True,48.83049898507271,1140.0,1091.1695010149274,660.0,431.1695010149274,True,True,1,PREREGISTERED_RESEARCH_DESIGN_NOT_FIELD,True,False,UNSELECTED_MAPPING_BOUND_SEPARATELY,UNVERIFIED,UNVERIFIED,COMMON_PROPER_TRANSFORM_SCHEMATIC_PROXY_REQUIRED_SEPARATELY,False,RL_43_28_01|RL_28_21_01|RL_21_44_01,f4386303c6ece2455d663b5996e900edd4062358f58dcd2a4234273a45f8aaa2,658fb2e56867a50597e9a21899748d8171439deda852e7db4f3339a99f71dd3d,c58710f5ca3f5fe0bd6bbced65293e0b5548e882a816a3e0d3648166569a42e0
9,MESS01,STA01,STA12,TN_43,TN_17,2561.2716751098633,2463.7302856445312,2592.1907348632812,46.87866000000001,ORIGINAL_ABSTRACT_ROAD_SERVICE_ROUTE_NOT_NEW_PCC_GIS,3,4,600,13,4,True,70.15943578979761,1140.0,1069.8405642102025,660.0,409.8405642102025,True,True,1,PREREGISTERED_RESEARCH_DESIGN_NOT_FIELD,True,False,UNSELECTED_MAPPING_BOUND_SEPARATELY,UNVERIFIED,UNVERIFIED,COMMON_PROPER_TRANSFORM_SCHEMATIC_PROXY_REQUIRED_SEPARATELY,False,RL_43_28_01|RL_28_16_01|RL_16_17_01,f4386303c6ece2455d663b5996e900edd4062358f58dcd2a4234273a45f8aaa2,658fb2e56867a50597e9a21899748d8171439deda852e7db4f3339a99f71dd3d,c58710f5ca3f5fe0bd6bbced65293e0b5548e882a816a3e0d3648166569a42e0
9,MESS02,STA12,STA01,TN_17,TN_43,2871.268280029297,2773.726890563965,2918.3506622314453,48.67353,ORIGINAL_ABSTRACT_ROAD_SERVICE_ROUTE_NOT_NEW_PCC_GIS,4,4,600,13,4,True,71.00292557251633,1140.0,1068.9970744274838,660.0,408.99707442748377,True,True,1,PREREGISTERED_RESEARCH_DESIGN_NOT_FIELD,True,False,UNSELECTED_MAPPING_BOUND_SEPARATELY,UNVERIFIED,UNVERIFIED,COMMON_PROPER_TRANSFORM_SCHEMATIC_PROXY_REQUIRED_SEPARATELY,False,RL_17_11_01|RL_11_22_01|RL_22_44_01|RL_44_38_01|RL_38_05_01|RL_05_19_01|RL_19_43_01,f4386303c6ece2455d663b5996e900edd4062358f58dcd2a4234273a45f8aaa2,658fb2e56867a50597e9a21899748d8171439deda852e7db4f3339a99f71dd3d,c58710f5ca3f5fe0bd6bbced65293e0b5548e882a816a3e0d3648166569a42e0
9,MESS02,STA12,STA02,TN_17,TN_14,2555.152557373047,2457.611167907715,2585.752410888672,40.21012999999999,ORIGINAL_ABSTRACT_ROAD_SERVICE_ROUTE_NOT_NEW_PCC_GIS,3,4,600,13,4,True,49.556889643030786,1140.0,1090.443110356969,660.0,430.4431103569691,True,True,1,PREREGISTERED_RESEARCH_DESIGN_NOT_FIELD,True,False,UNSELECTED_MAPPING_BOUND_SEPARATELY,UNVERIFIED,UNVERIFIED,COMMON_PROPER_TRANSFORM_SCHEMATIC_PROXY_REQUIRED_SEPARATELY,False,RL_17_11_01|RL_11_22_01|RL_22_44_01|RL_44_21_01|RL_21_14_01,f4386303c6ece2455d663b5996e900edd4062358f58dcd2a4234273a45f8aaa2,658fb2e56867a50597e9a21899748d8171439deda852e7db4f3339a99f71dd3d,c58710f5ca3f5fe0bd6bbced65293e0b5548e882a816a3e0d3648166569a42e0
9,MESS02,STA12,STA03,TN_17,TN_35,2120.749298095703,2023.207908630371,2128.699249267578,37.255939999999995,ORIGINAL_ABSTRACT_ROAD_SERVICE_ROUTE_NOT_NEW_PCC_GIS,3,4,600,13,4,True,46.94182928809206,1140.0,1093.058170711908,660.0,433.0581707119079,True,True,1,PREREGISTERED_RESEARCH_DESIGN_NOT_FIELD,True,False,UNSELECTED_MAPPING_BOUND_SEPARATELY,UNVERIFIED,UNVERIFIED,COMMON_PROPER_TRANSFORM_SCHEMATIC_PROXY_REQUIRED_SEPARATELY,False,RL_17_11_01|RL_11_22_01|RL_22_44_01|RL_44_35_01,f4386303c6ece2455d663b5996e900edd4062358f58dcd2a4234273a45f8aaa2,658fb2e56867a50597e9a21899748d8171439deda852e7db4f3339a99f71dd3d,c58710f5ca3f5fe0bd6bbced65293e0b5548e882a816a3e0d3648166569a42e0
9,MESS02,STA12,STA04,TN_17,TN_28,2101.872444152832,2004.3310546875,2108.838134765625,40.07149999999996,ORIGINAL_ABSTRACT_ROAD_SERVICE_ROUTE_NOT_NEW_PCC_GIS,3,4,600,13,3,True,57.952583338384464,1140.0,1082.0474166616154,660.0,422.04741666161544,True,True,1,PREREGISTERED_RESEARCH_DESIGN_NOT_FIELD,True,False,UNSELECTED_MAPPING_BOUND_SEPARATELY,UNVERIFIED,UNVERIFIED,COMMON_PROPER_TRANSFORM_SCHEMATIC_PROXY_REQUIRED_SEPARATELY,False,RL_17_28_01,f4386303c6ece2455d663b5996e900edd4062358f58dcd2a4234273a45f8aaa2,658fb2e56867a50597e9a21899748d8171439deda852e7db4f3339a99f71dd3d,c58710f5ca3f5fe0bd6bbced65293e0b5548e882a816a3e0d3648166569a42e0
9,MESS02,STA12,STA05,TN_17,TN_37,1880.1028060913086,1782.5614166259766,1875.5052795410156,30.973299999999988,ORIGINAL_ABSTRACT_ROAD_SERVICE_ROUTE_NOT_NEW_PCC_GIS,3,3,600,12,3,True,38.101287240272924,1140.0,1101.898712759727,660.0,441.898712759727,True,True,1,PREREGISTERED_RESEARCH_DESIGN_NOT_FIELD,True,False,UNSELECTED_MAPPING_BOUND_SEPARATELY,UNVERIFIED,UNVERIFIED,COMMON_PROPER_TRANSFORM_SCHEMATIC_PROXY_REQUIRED_SEPARATELY,False,RL_17_04_01|RL_04_16_01|RL_16_37_01,f4386303c6ece2455d663b5996e900edd4062358f58dcd2a4234273a45f8aaa2,658fb2e56867a50597e9a21899748d8171439deda852e7db4f3339a99f71dd3d,c58710f5ca3f5fe0bd6bbced65293e0b5548e882a816a3e0d3648166569a42e0
9,MESS02,STA12,STA06,TN_17,TN_41,2170.518196105957,2072.976806640625,2181.0630798339844,32.13718000000001,ORIGINAL_ABSTRACT_ROAD_SERVICE_ROUTE_NOT_NEW_PCC_GIS,3,4,600,13,4,True,47.90280226407614,1140.0,1092.0971977359238,660.0,432.0971977359238,True,True,1,PREREGISTERED_RESEARCH_DESIGN_NOT_FIELD,True,False,UNSELECTED_MAPPING_BOUND_SEPARATELY,UNVERIFIED,UNVERIFIED,COMMON_PROPER_TRANSFORM_SCHEMATIC_PROXY_REQUIRED_SEPARATELY,False,RL_17_18_01|RL_18_07_01|RL_07_45_01|RL_45_41_01,f4386303c6ece2455d663b5996e900edd4062358f58dcd2a4234273a45f8aaa2,658fb2e56867a50597e9a21899748d8171439deda852e7db4f3339a99f71dd3d,c58710f5ca3f5fe0bd6bbced65293e0b5548e882a816a3e0d3648166569a42e0
9,MESS02,STA12,STA07,TN_17,TN_32,1010.2135696411134,912.6721801757812,960.2594604492188,19.993750000000002,ORIGINAL_ABSTRACT_ROAD_SERVICE_ROUTE_NOT_NEW_PCC_GIS,2,2,600,11,2,True,39.303214028175816,1140.0,1100.6967859718243,660.0,440.6967859718243,True,True,1,PREREGISTERED_RESEARCH_DESIGN_NOT_FIELD,True,False,UNSELECTED_MAPPING_BOUND_SEPARATELY,UNVERIFIED,UNVERIFIED,COMMON_PROPER_TRANSFORM_SCHEMATIC_PROXY_REQUIRED_SEPARATELY,False,RL_17_32_01,f4386303c6ece2455d663b5996e900edd4062358f58dcd2a4234273a45f8aaa2,658fb2e56867a50597e9a21899748d8171439deda852e7db4f3339a99f71dd3d,c58710f5ca3f5fe0bd6bbced65293e0b5548e882a816a3e0d3648166569a42e0
9,MESS02,STA12,STA08,TN_17,TN_47,1537.501106262207,1439.959716796875,1515.0400695800781,24.752180000000006,ORIGINAL_ABSTRACT_ROAD_SERVICE_ROUTE_NOT_NEW_PCC_GIS,2,3,600,12,3,True,41.64115167374182,1140.0,1098.358848326258,660.0,438.3588483262581,True,True,1,PREREGISTERED_RESEARCH_DESIGN_NOT_FIELD,True,False,UNSELECTED_MAPPING_BOUND_SEPARATELY,UNVERIFIED,UNVERIFIED,COMMON_PROPER_TRANSFORM_SCHEMATIC_PROXY_REQUIRED_SEPARATELY,False,RL_17_18_01|RL_18_07_01|RL_07_47_01,f4386303c6ece2455d663b5996e900edd4062358f58dcd2a4234273a45f8aaa2,658fb2e56867a50597e9a21899748d8171439deda852e7db4f3339a99f71dd3d,c58710f5ca3f5fe0bd6bbced65293e0b5548e882a816a3e0d3648166569a42e0
9,MESS02,STA12,STA09,TN_17,TN_42,1159.0623245239258,1061.5209350585938,1116.8692626953125,17.943490000000008,ORIGINAL_ABSTRACT_ROAD_SERVICE_ROUTE_NOT_NEW_PCC_GIS,2,2,600,11,2,True,27.6938688835226,1140.0,1112.3061311164774,660.0,452.30613111647745,True,True,1,PREREGISTERED_RESEARCH_DESIGN_NOT_FIELD,True,False,UNSELECTED_MAPPING_BOUND_SEPARATELY,UNVERIFIED,UNVERIFIED,COMMON_PROPER_TRANSFORM_SCHEMATIC_PROXY_REQUIRED_SEPARATELY,False,RL_17_18_01|RL_18_42_01,f4386303c6ece2455d663b5996e900edd4062358f58dcd2a4234273a45f8aaa2,658fb2e56867a50597e9a21899748d8171439deda852e7db4f3339a99f71dd3d,c58710f5ca3f5fe0bd6bbced65293e0b5548e882a816a3e0d3648166569a42e0
9,MESS02,STA12,STA10,TN_17,TN_24,1078.0900955200195,980.5487060546875,1031.6751708984375,17.01105000000001,ORIGINAL_ABSTRACT_ROAD_SERVICE_ROUTE_NOT_NEW_PCC_GIS,2,2,600,11,2,True,17.0651337763234,1140.0,1122.9348662236766,660.0,462.93486622367664,True,True,1,PREREGISTERED_RESEARCH_DESIGN_NOT_FIELD,True,False,UNSELECTED_MAPPING_BOUND_SEPARATELY,UNVERIFIED,UNVERIFIED,COMMON_PROPER_TRANSFORM_SCHEMATIC_PROXY_REQUIRED_SEPARATELY,False,RL_17_24_01,f4386303c6ece2455d663b5996e900edd4062358f58dcd2a4234273a45f8aaa2,658fb2e56867a50597e9a21899748d8171439deda852e7db4f3339a99f71dd3d,c58710f5ca3f5fe0bd6bbced65293e0b5548e882a816a3e0d3648166569a42e0
9,MESS02,STA12,STA11,TN_17,TN_44,763.7561340332032,666.2147445678711,700.9515686035156,12.138799999999998,ORIGINAL_ABSTRACT_ROAD_SERVICE_ROUTE_NOT_NEW_PCC_GIS,1,2,600,11,2,True,15.687735275256593,1140.0,1124.3122647247435,660.0,464.3122647247435,True,True,1,PREREGISTERED_RESEARCH_DESIGN_NOT_FIELD,True,False,UNSELECTED_MAPPING_BOUND_SEPARATELY,UNVERIFIED,UNVERIFIED,COMMON_PROPER_TRANSFORM_SCHEMATIC_PROXY_REQUIRED_SEPARATELY,False,RL_17_11_01|RL_11_22_01|RL_22_44_01,f4386303c6ece2455d663b5996e900edd4062358f58dcd2a4234273a45f8aaa2,658fb2e56867a50597e9a21899748d8171439deda852e7db4f3339a99f71dd3d,c58710f5ca3f5fe0bd6bbced65293e0b5548e882a816a3e0d3648166569a42e0
9,MESS02,STA12,STA12,TN_17,TN_17,0.0,0.0,0.0,0.0,ORIGINAL_ABSTRACT_ROAD_SERVICE_ROUTE_NOT_NEW_PCC_GIS,0,0,600,9,1,True,0.0,1140.0,1140.0,660.0,480.0,True,True,1,PREREGISTERED_RESEARCH_DESIGN_NOT_FIELD,True,False,UNSELECTED_MAPPING_BOUND_SEPARATELY,UNVERIFIED,UNVERIFIED,COMMON_PROPER_TRANSFORM_SCHEMATIC_PROXY_REQUIRED_SEPARATELY,False,,f4386303c6ece2455d663b5996e900edd4062358f58dcd2a4234273a45f8aaa2,658fb2e56867a50597e9a21899748d8171439deda852e7db4f3339a99f71dd3d,c58710f5ca3f5fe0bd6bbced65293e0b5548e882a816a3e0d3648166569a42e0
9,MESS03,STA08,STA01,TN_47,TN_43,2203.8086471557617,2106.2672576904297,2216.0892791748047,36.47428999999999,ORIGINAL_ABSTRACT_ROAD_SERVICE_ROUTE_NOT_NEW_PCC_GIS,3,4,600,13,4,True,55.50953459863647,1140.0,1084.4904654013635,660.0,424.4904654013635,True,True,1,PREREGISTERED_RESEARCH_DESIGN_NOT_FIELD,True,False,UNSELECTED_MAPPING_BOUND_SEPARATELY,UNVERIFIED,UNVERIFIED,COMMON_PROPER_TRANSFORM_SCHEMATIC_PROXY_REQUIRED_SEPARATELY,False,RL_47_25_01|RL_25_16_01|RL_16_09_01|RL_09_19_01|RL_19_43_01,f4386303c6ece2455d663b5996e900edd4062358f58dcd2a4234273a45f8aaa2,658fb2e56867a50597e9a21899748d8171439deda852e7db4f3339a99f71dd3d,c58710f5ca3f5fe0bd6bbced65293e0b5548e882a816a3e0d3648166569a42e0
9,MESS03,STA08,STA02,TN_47,TN_14,1896.3133010864258,1798.7719116210938,1892.5609436035156,28.006609999999988,ORIGINAL_ABSTRACT_ROAD_SERVICE_ROUTE_NOT_NEW_PCC_GIS,3,3,600,12,3,True,36.16644577101733,1140.0,1103.8335542289826,660.0,443.8335542289826,True,True,1,PREREGISTERED_RESEARCH_DESIGN_NOT_FIELD,True,False,UNSELECTED_MAPPING_BOUND_SEPARATELY,UNVERIFIED,UNVERIFIED,COMMON_PROPER_TRANSFORM_SCHEMATIC_PROXY_REQUIRED_SEPARATELY,False,RL_47_25_01|RL_25_16_01|RL_16_37_01|RL_37_14_01,f4386303c6ece2455d663b5996e900edd4062358f58dcd2a4234273a45f8aaa2,658fb2e56867a50597e9a21899748d8171439deda852e7db4f3339a99f71dd3d,c58710f5ca3f5fe0bd6bbced65293e0b5548e882a816a3e0d3648166569a42e0
9,MESS03,STA08,STA03,TN_47,TN_35,1629.104606628418,1531.563217163086,1611.4198303222656,24.84127999999999,ORIGINAL_ABSTRACT_ROAD_SERVICE_ROUTE_NOT_NEW_PCC_GIS,2,3,600,12,3,True,32.14047497865003,1140.0,1107.85952502135,660.0,447.85952502135,True,True,1,PREREGISTERED_RESEARCH_DESIGN_NOT_FIELD,True,False,UNSELECTED_MAPPING_BOUND_SEPARATELY,UNVERIFIED,UNVERIFIED,COMMON_PROPER_TRANSFORM_SCHEMATIC_PROXY_REQUIRED_SEPARATELY,False,RL_47_25_01|RL_25_16_01|RL_16_37_01|RL_37_13_01|RL_13_35_01,f4386303c6ece2455d663b5996e900edd4062358f58dcd2a4234273a45f8aaa2,658fb2e56867a50597e9a21899748d8171439deda852e7db4f3339a99f71dd3d,c58710f5ca3f5fe0bd6bbced65293e0b5548e882a816a3e0d3648166569a42e0
9,MESS03,STA08,STA04,TN_47,TN_28,1378.1930313110352,1280.6516418457031,1347.4255676269531,20.41628,ORIGINAL_ABSTRACT_ROAD_SERVICE_ROUTE_NOT_NEW_PCC_GIS,2,3,600,12,3,True,29.115357647299483,1140.0,1110.8846423527004,660.0,450.88464235270044,True,True,1,PREREGISTERED_RESEARCH_DESIGN_NOT_FIELD,True,False,UNSELECTED_MAPPING_BOUND_SEPARATELY,UNVERIFIED,UNVERIFIED,COMMON_PROPER_TRANSFORM_SCHEMATIC_PROXY_REQUIRED_SEPARATELY,False,RL_47_25_01|RL_25_16_01|RL_16_28_01,f4386303c6ece2455d663b5996e900edd4062358f58dcd2a4234273a45f8aaa2,658fb2e56867a50597e9a21899748d8171439deda852e7db4f3339a99f71dd3d,c58710f5ca3f5fe0bd6bbced65293e0b5548e882a816a3e0d3648166569a42e0
9,MESS03,STA08,STA05,TN_47,TN_37,1113.9135208129883,1016.3721313476562,1069.3663635253906,15.570509999999992,ORIGINAL_ABSTRACT_ROAD_SERVICE_ROUTE_NOT_NEW_PCC_GIS,2,2,600,11,2,True,18.48456451253378,1140.0,1121.5154354874662,660.0,461.5154354874662,True,True,1,PREREGISTERED_RESEARCH_DESIGN_NOT_FIELD,True,False,UNSELECTED_MAPPING_BOUND_SEPARATELY,UNVERIFIED,UNVERIFIED,COMMON_PROPER_TRANSFORM_SCHEMATIC_PROXY_REQUIRED_SEPARATELY,False,RL_47_25_01|RL_25_16_01|RL_16_37_01,f4386303c6ece2455d663b5996e900edd4062358f58dcd2a4234273a45f8aaa2,658fb2e56867a50597e9a21899748d8171439deda852e7db4f3339a99f71dd3d,c58710f5ca3f5fe0bd6bbced65293e0b5548e882a816a3e0d3648166569a42e0
9,MESS03,STA08,STA06,TN_47,TN_41,1988.0758438110352,1890.5344543457031,1989.1080627441406,26.132559999999998,ORIGINAL_ABSTRACT_ROAD_SERVICE_ROUTE_NOT_NEW_PCC_GIS,3,3,600,12,3,True,39.5511741692681,1140.0,1100.448825830732,660.0,440.44882583073195,True,True,1,PREREGISTERED_RESEARCH_DESIGN_NOT_FIELD,True,False,UNSELECTED_MAPPING_BOUND_SEPARATELY,UNVERIFIED,UNVERIFIED,COMMON_PROPER_TRANSFORM_SCHEMATIC_PROXY_REQUIRED_SEPARATELY,False,RL_47_20_01|RL_20_07_01|RL_07_45_01|RL_45_41_01,f4386303c6ece2455d663b5996e900edd4062358f58dcd2a4234273a45f8aaa2,658fb2e56867a50597e9a21899748d8171439deda852e7db4f3339a99f71dd3d,c58710f5ca3f5fe0bd6bbced65293e0b5548e882a816a3e0d3648166569a42e0
9,MESS03,STA08,STA07,TN_47,TN_32,1267.6560134887695,1170.1146240234375,1231.1250915527344,16.684579999999997,ORIGINAL_ABSTRACT_ROAD_SERVICE_ROUTE_NOT_NEW_PCC_GIS,2,3,600,12,3,True,29.96399934525838,1140.0,1110.0360006547417,660.0,450.03600065474166,True,True,1,PREREGISTERED_RESEARCH_DESIGN_NOT_FIELD,True,False,UNSELECTED_MAPPING_BOUND_SEPARATELY,UNVERIFIED,UNVERIFIED,COMMON_PROPER_TRANSFORM_SCHEMATIC_PROXY_REQUIRED_SEPARATELY,False,RL_47_20_01|RL_20_07_01|RL_07_32_01,f4386303c6ece2455d663b5996e900edd4062358f58dcd2a4234273a45f8aaa2,658fb2e56867a50597e9a21899748d8171439deda852e7db4f3339a99f71dd3d,c58710f5ca3f5fe0bd6bbced65293e0b5548e882a816a3e0d3648166569a42e0
9,MESS03,STA08,STA08,TN_47,TN_47,0.0,0.0,0.0,0.0,ORIGINAL_ABSTRACT_ROAD_SERVICE_ROUTE_NOT_NEW_PCC_GIS,0,0,600,9,1,True,0.0,1140.0,1140.0,660.0,480.0,True,True,1,PREREGISTERED_RESEARCH_DESIGN_NOT_FIELD,True,False,UNSELECTED_MAPPING_BOUND_SEPARATELY,UNVERIFIED,UNVERIFIED,COMMON_PROPER_TRANSFORM_SCHEMATIC_PROXY_REQUIRED_SEPARATELY,False,,f4386303c6ece2455d663b5996e900edd4062358f58dcd2a4234273a45f8aaa2,658fb2e56867a50597e9a21899748d8171439deda852e7db4f3339a99f71dd3d,c58710f5ca3f5fe0bd6bbced65293e0b5548e882a816a3e0d3648166569a42e0
9,MESS03,STA08,STA09,TN_47,TN_42,1505.6498184204102,1408.1084289550781,1481.5280151367188,19.268109999999997,ORIGINAL_ABSTRACT_ROAD_SERVICE_ROUTE_NOT_NEW_PCC_GIS,2,3,600,12,3,True,32.16331818395883,1140.0,1107.8366818160412,660.0,447.83668181604116,True,True,1,PREREGISTERED_RESEARCH_DESIGN_NOT_FIELD,True,False,UNSELECTED_MAPPING_BOUND_SEPARATELY,UNVERIFIED,UNVERIFIED,COMMON_PROPER_TRANSFORM_SCHEMATIC_PROXY_REQUIRED_SEPARATELY,False,RL_47_20_01|RL_20_07_01|RL_07_42_01,f4386303c6ece2455d663b5996e900edd4062358f58dcd2a4234273a45f8aaa2,658fb2e56867a50597e9a21899748d8171439deda852e7db4f3339a99f71dd3d,c58710f5ca3f5fe0bd6bbced65293e0b5548e882a816a3e0d3648166569a42e0
9,MESS03,STA08,STA10,TN_47,TN_24,1466.7544021606445,1369.2130126953125,1440.6045532226562,18.03884,ORIGINAL_ABSTRACT_ROAD_SERVICE_ROUTE_NOT_NEW_PCC_GIS,2,3,600,12,3,True,18.563742488304324,1140.0,1121.4362575116957,660.0,461.43625751169566,True,True,1,PREREGISTERED_RESEARCH_DESIGN_NOT_FIELD,True,False,UNSELECTED_MAPPING_BOUND_SEPARATELY,UNVERIFIED,UNVERIFIED,COMMON_PROPER_TRANSFORM_SCHEMATIC_PROXY_REQUIRED_SEPARATELY,False,RL_47_20_01|RL_20_39_01|RL_39_24_01,f4386303c6ece2455d663b5996e900edd4062358f58dcd2a4234273a45f8aaa2,658fb2e56867a50597e9a21899748d8171439deda852e7db4f3339a99f71dd3d,c58710f5ca3f5fe0bd6bbced65293e0b5548e882a816a3e0d3648166569a42e0
9,MESS03,STA08,STA11,TN_47,TN_44,1188.7914657592773,1091.2500762939453,1148.1484832763672,15.617740000000001,ORIGINAL_ABSTRACT_ROAD_SERVICE_ROUTE_NOT_NEW_PCC_GIS,2,2,600,11,2,True,19.459041180829153,1140.0,1120.5409588191708,660.0,460.5409588191708,True,True,1,PREREGISTERED_RESEARCH_DESIGN_NOT_FIELD,True,False,UNSELECTED_MAPPING_BOUND_SEPARATELY,UNVERIFIED,UNVERIFIED,COMMON_PROPER_TRANSFORM_SCHEMATIC_PROXY_REQUIRED_SEPARATELY,False,RL_47_20_01|RL_20_04_01|RL_04_30_02|RL_30_44_01,f4386303c6ece2455d663b5996e900edd4062358f58dcd2a4234273a45f8aaa2,658fb2e56867a50597e9a21899748d8171439deda852e7db4f3339a99f71dd3d,c58710f5ca3f5fe0bd6bbced65293e0b5548e882a816a3e0d3648166569a42e0
9,MESS03,STA08,STA12,TN_47,TN_17,1726.0461044311523,1628.5047149658203,1713.4159698486328,28.637830000000015,ORIGINAL_ABSTRACT_ROAD_SERVICE_ROUTE_NOT_NEW_PCC_GIS,2,3,600,12,3,True,44.17434676060526,1140.0,1095.8256532393948,660.0,435.8256532393948,True,True,1,PREREGISTERED_RESEARCH_DESIGN_NOT_FIELD,True,False,UNSELECTED_MAPPING_BOUND_SEPARATELY,UNVERIFIED,UNVERIFIED,COMMON_PROPER_TRANSFORM_SCHEMATIC_PROXY_REQUIRED_SEPARATELY,False,RL_47_20_01|RL_20_04_01|RL_04_17_01,f4386303c6ece2455d663b5996e900edd4062358f58dcd2a4234273a45f8aaa2,658fb2e56867a50597e9a21899748d8171439deda852e7db4f3339a99f71dd3d,c58710f5ca3f5fe0bd6bbced65293e0b5548e882a816a3e0d3648166569a42e0
9,MESS04,STA06,STA01,TN_41,TN_43,1375.635108947754,1278.0937194824219,1344.7342987060547,20.485349999999997,ORIGINAL_ABSTRACT_ROAD_SERVICE_ROUTE_NOT_NEW_PCC_GIS,2,3,600,12,3,True,33.4117278325589,1140.0,1106.5882721674411,660.0,446.5882721674411,True,True,1,PREREGISTERED_RESEARCH_DESIGN_NOT_FIELD,True,False,UNSELECTED_MAPPING_BOUND_SEPARATELY,UNVERIFIED,UNVERIFIED,COMMON_PROPER_TRANSFORM_SCHEMATIC_PROXY_REQUIRED_SEPARATELY,False,RL_41_05_01|RL_05_19_01|RL_19_43_01,f4386303c6ece2455d663b5996e900edd4062358f58dcd2a4234273a45f8aaa2,658fb2e56867a50597e9a21899748d8171439deda852e7db4f3339a99f71dd3d,c58710f5ca3f5fe0bd6bbced65293e0b5548e882a816a3e0d3648166569a42e0
9,MESS04,STA06,STA02,TN_41,TN_14,1031.4143753051758,933.8729858398438,982.565673828125,20.145829999999997,ORIGINAL_ABSTRACT_ROAD_SERVICE_ROUTE_NOT_NEW_PCC_GIS,2,2,600,11,2,True,32.335922228236704,1140.0,1107.6640777717632,660.0,447.66407777176323,True,True,1,PREREGISTERED_RESEARCH_DESIGN_NOT_FIELD,True,False,UNSELECTED_MAPPING_BOUND_SEPARATELY,UNVERIFIED,UNVERIFIED,COMMON_PROPER_TRANSFORM_SCHEMATIC_PROXY_REQUIRED_SEPARATELY,False,RL_41_14_01,f4386303c6ece2455d663b5996e900edd4062358f58dcd2a4234273a45f8aaa2,658fb2e56867a50597e9a21899748d8171439deda852e7db4f3339a99f71dd3d,c58710f5ca3f5fe0bd6bbced65293e0b5548e882a816a3e0d3648166569a42e0
9,MESS04,STA06,STA03,TN_41,TN_35,1547.798439025879,1450.2570495605469,1525.8742980957031,26.336739999999995,ORIGINAL_ABSTRACT_ROAD_SERVICE_ROUTE_NOT_NEW_PCC_GIS,2,3,600,12,3,True,34.964226651091366,1140.0,1105.0357733489086,660.0,445.0357733489086,True,True,1,PREREGISTERED_RESEARCH_DESIGN_NOT_FIELD,True,False,UNSELECTED_MAPPING_BOUND_SEPARATELY,UNVERIFIED,UNVERIFIED,COMMON_PROPER_TRANSFORM_SCHEMATIC_PROXY_REQUIRED_SEPARATELY,False,RL_41_14_01|RL_14_23_01|RL_23_27_01|RL_27_35_01,f4386303c6ece2455d663b5996e900edd4062358f58dcd2a4234273a45f8aaa2,658fb2e56867a50597e9a21899748d8171439deda852e7db4f3339a99f71dd3d,c58710f5ca3f5fe0bd6bbced65293e0b5548e882a816a3e0d3648166569a42e0
9,MESS04,STA06,STA04,TN_41,TN_28,1048.5099868774414,950.9685974121094,1000.5526733398438,14.889309999999995,ORIGINAL_ABSTRACT_ROAD_SERVICE_ROUTE_NOT_NEW_PCC_GIS,2,2,600,11,2,True,22.725077294438904,1140.0,1117.274922705561,660.0,457.27492270556104,True,True,1,PREREGISTERED_RESEARCH_DESIGN_NOT_FIELD,True,False,UNSELECTED_MAPPING_BOUND_SEPARATELY,UNVERIFIED,UNVERIFIED,COMMON_PROPER_TRANSFORM_SCHEMATIC_PROXY_REQUIRED_SEPARATELY,False,RL_41_05_01|RL_05_28_01,f4386303c6ece2455d663b5996e900edd4062358f58dcd2a4234273a45f8aaa2,658fb2e56867a50597e9a21899748d8171439deda852e7db4f3339a99f71dd3d,c58710f5ca3f5fe0bd6bbced65293e0b5548e882a816a3e0d3648166569a42e0
9,MESS04,STA06,STA05,TN_41,TN_37,1717.0427169799805,1619.5013275146484,1703.9430847167969,23.946509999999996,ORIGINAL_ABSTRACT_ROAD_SERVICE_ROUTE_NOT_NEW_PCC_GIS,2,3,600,12,3,True,29.1780790897878,1140.0,1110.8219209102122,660.0,450.82192091021216,True,True,1,PREREGISTERED_RESEARCH_DESIGN_NOT_FIELD,True,False,UNSELECTED_MAPPING_BOUND_SEPARATELY,UNVERIFIED,UNVERIFIED,COMMON_PROPER_TRANSFORM_SCHEMATIC_PROXY_REQUIRED_SEPARATELY,False,RL_41_05_01|RL_05_09_01|RL_09_37_01,f4386303c6ece2455d663b5996e900edd4062358f58dcd2a4234273a45f8aaa2,658fb2e56867a50597e9a21899748d8171439deda852e7db4f3339a99f71dd3d,c58710f5ca3f5fe0bd6bbced65293e0b5548e882a816a3e0d3648166569a42e0
9,MESS04,STA06,STA06,TN_41,TN_41,0.0,0.0,0.0,0.0,ORIGINAL_ABSTRACT_ROAD_SERVICE_ROUTE_NOT_NEW_PCC_GIS,0,0,600,9,1,True,0.0,1140.0,1140.0,660.0,480.0,True,True,1,PREREGISTERED_RESEARCH_DESIGN_NOT_FIELD,True,False,UNSELECTED_MAPPING_BOUND_SEPARATELY,UNVERIFIED,UNVERIFIED,COMMON_PROPER_TRANSFORM_SCHEMATIC_PROXY_REQUIRED_SEPARATELY,False,,f4386303c6ece2455d663b5996e900edd4062358f58dcd2a4234273a45f8aaa2,658fb2e56867a50597e9a21899748d8171439deda852e7db4f3339a99f71dd3d,c58710f5ca3f5fe0bd6bbced65293e0b5548e882a816a3e0d3648166569a42e0
9,MESS04,STA06,STA07,TN_41,TN_32,1354.1196060180664,1256.5782165527344,1322.0968933105469,16.555399999999995,ORIGINAL_ABSTRACT_ROAD_SERVICE_ROUTE_NOT_NEW_PCC_GIS,2,3,600,12,3,True,29.715305705544438,1140.0,1110.2846942944557,660.0,450.2846942944557,True,True,1,PREREGISTERED_RESEARCH_DESIGN_NOT_FIELD,True,False,UNSELECTED_MAPPING_BOUND_SEPARATELY,UNVERIFIED,UNVERIFIED,COMMON_PROPER_TRANSFORM_SCHEMATIC_PROXY_REQUIRED_SEPARATELY,False,RL_41_45_01|RL_45_07_01|RL_07_32_01,f4386303c6ece2455d663b5996e900edd4062358f58dcd2a4234273a45f8aaa2,658fb2e56867a50597e9a21899748d8171439deda852e7db4f3339a99f71dd3d,c58710f5ca3f5fe0bd6bbced65293e0b5548e882a816a3e0d3648166569a42e0
9,MESS04,STA06,STA08,TN_41,TN_47,1441.522346496582,1343.98095703125,1414.0568542480469,18.618379999999995,ORIGINAL_ABSTRACT_ROAD_SERVICE_ROUTE_NOT_NEW_PCC_GIS,2,3,600,12,3,True,32.47196639228743,1140.0,1107.5280336077126,660.0,447.5280336077126,True,True,1,PREREGISTERED_RESEARCH_DESIGN_NOT_FIELD,True,False,UNSELECTED_MAPPING_BOUND_SEPARATELY,UNVERIFIED,UNVERIFIED,COMMON_PROPER_TRANSFORM_SCHEMATIC_PROXY_REQUIRED_SEPARATELY,False,RL_41_45_01|RL_45_07_01|RL_07_47_01,f4386303c6ece2455d663b5996e900edd4062358f58dcd2a4234273a45f8aaa2,658fb2e56867a50597e9a21899748d8171439deda852e7db4f3339a99f71dd3d,c58710f5ca3f5fe0bd6bbced65293e0b5548e882a816a3e0d3648166569a42e0
9,MESS04,STA06,STA09,TN_41,TN_42,1592.113410949707,1494.572021484375,1572.4998168945312,19.138929999999995,ORIGINAL_ABSTRACT_ROAD_SERVICE_ROUTE_NOT_NEW_PCC_GIS,2,3,600,12,3,True,31.971605921252372,1140.0,1108.0283940787476,660.0,448.0283940787476,True,True,1,PREREGISTERED_RESEARCH_DESIGN_NOT_FIELD,True,False,UNSELECTED_MAPPING_BOUND_SEPARATELY,UNVERIFIED,UNVERIFIED,COMMON_PROPER_TRANSFORM_SCHEMATIC_PROXY_REQUIRED_SEPARATELY,False,RL_41_45_01|RL_45_07_01|RL_07_42_01,f4386303c6ece2455d663b5996e900edd4062358f58dcd2a4234273a45f8aaa2,658fb2e56867a50597e9a21899748d8171439deda852e7db4f3339a99f71dd3d,c58710f5ca3f5fe0bd6bbced65293e0b5548e882a816a3e0d3648166569a42e0
9,MESS04,STA06,STA10,TN_41,TN_24,2085.9169387817383,1988.3755493164062,2092.0505981445312,30.94163,ORIGINAL_ABSTRACT_ROAD_SERVICE_ROUTE_NOT_NEW_PCC_GIS,3,3,600,12,4,True,38.93348219764461,1140.0,1101.0665178023553,660.0,441.0665178023553,True,True,1,PREREGISTERED_RESEARCH_DESIGN_NOT_FIELD,True,False,UNSELECTED_MAPPING_BOUND_SEPARATELY,UNVERIFIED,UNVERIFIED,COMMON_PROPER_TRANSFORM_SCHEMATIC_PROXY_REQUIRED_SEPARATELY,False,RL_41_05_01|RL_05_09_01|RL_09_24_01,f4386303c6ece2455d663b5996e900edd4062358f58dcd2a4234273a45f8aaa2,658fb2e56867a50597e9a21899748d8171439deda852e7db4f3339a99f71dd3d,c58710f5ca3f5fe0bd6bbced65293e0b5548e882a816a3e0d3648166569a42e0
9,MESS04,STA06,STA11,TN_41,TN_44,2276.3297805786133,2178.7883911132812,2292.391632080078,31.01764999999999,ORIGINAL_ABSTRACT_ROAD_SERVICE_ROUTE_NOT_NEW_PCC_GIS,3,4,600,13,4,True,49.057316773732865,1140.0,1090.942683226267,660.0,430.94268322626704,True,True,1,PREREGISTERED_RESEARCH_DESIGN_NOT_FIELD,True,False,UNSELECTED_MAPPING_BOUND_SEPARATELY,UNVERIFIED,UNVERIFIED,COMMON_PROPER_TRANSFORM_SCHEMATIC_PROXY_REQUIRED_SEPARATELY,False,RL_41_45_01|RL_45_07_01|RL_07_42_01|RL_42_22_01|RL_22_44_01,f4386303c6ece2455d663b5996e900edd4062358f58dcd2a4234273a45f8aaa2,658fb2e56867a50597e9a21899748d8171439deda852e7db4f3339a99f71dd3d,c58710f5ca3f5fe0bd6bbced65293e0b5548e882a816a3e0d3648166569a42e0
9,MESS04,STA06,STA12,TN_41,TN_17,2127.7284622192383,2030.1870727539062,2136.0421447753906,32.43063,ORIGINAL_ABSTRACT_ROAD_SERVICE_ROUTE_NOT_NEW_PCC_GIS,3,4,600,13,4,True,52.08381896736262,1140.0,1087.9161810326373,660.0,427.91618103263727,True,True,1,PREREGISTERED_RESEARCH_DESIGN_NOT_FIELD,True,False,UNSELECTED_MAPPING_BOUND_SEPARATELY,UNVERIFIED,UNVERIFIED,COMMON_PROPER_TRANSFORM_SCHEMATIC_PROXY_REQUIRED_SEPARATELY,False,RL_41_45_01|RL_45_07_01|RL_07_18_01|RL_18_17_01,f4386303c6ece2455d663b5996e900edd4062358f58dcd2a4234273a45f8aaa2,658fb2e56867a50597e9a21899748d8171439deda852e7db4f3339a99f71dd3d,c58710f5ca3f5fe0bd6bbced65293e0b5548e882a816a3e0d3648166569a42e0
9,MESS05,STA03,STA01,TN_35,TN_43,968.2565994262696,870.7152099609375,916.1148071289062,14.441180000000001,ORIGINAL_ABSTRACT_ROAD_SERVICE_ROUTE_NOT_NEW_PCC_GIS,2,2,600,11,2,True,20.05874400058612,1140.0,1119.941255999414,660.0,459.9412559994139,True,True,1,PREREGISTERED_RESEARCH_DESIGN_NOT_FIELD,True,False,UNSELECTED_MAPPING_BOUND_SEPARATELY,UNVERIFIED,UNVERIFIED,COMMON_PROPER_TRANSFORM_SCHEMATIC_PROXY_REQUIRED_SEPARATELY,False,RL_35_14_01|RL_14_43_01,f4386303c6ece2455d663b5996e900edd4062358f58dcd2a4234273a45f8aaa2,658fb2e56867a50597e9a21899748d8171439deda852e7db4f3339a99f71dd3d,c58710f5ca3f5fe0bd6bbced65293e0b5548e882a816a3e0d3648166569a42e0
9,MESS05,STA03,STA02,TN_35,TN_14,540.244483947754,442.7030944824219,465.785888671875,9.11638,ORIGINAL_ABSTRACT_ROAD_SERVICE_ROUTE_NOT_NEW_PCC_GIS,1,2,600,11,2,True,12.919843744567041,1140.0,1127.080156255433,660.0,467.08015625543294,True,True,1,PREREGISTERED_RESEARCH_DESIGN_NOT_FIELD,True,False,UNSELECTED_MAPPING_BOUND_SEPARATELY,UNVERIFIED,UNVERIFIED,COMMON_PROPER_TRANSFORM_SCHEMATIC_PROXY_REQUIRED_SEPARATELY,False,RL_35_14_01,f4386303c6ece2455d663b5996e900edd4062358f58dcd2a4234273a45f8aaa2,658fb2e56867a50597e9a21899748d8171439deda852e7db4f3339a99f71dd3d,c58710f5ca3f5fe0bd6bbced65293e0b5548e882a816a3e0d3648166569a42e0
9,MESS05,STA03,STA03,TN_35,TN_35,0.0,0.0,0.0,0.0,ORIGINAL_ABSTRACT_ROAD_SERVICE_ROUTE_NOT_NEW_PCC_GIS,0,0,600,9,1,True,0.0,1140.0,1140.0,660.0,480.0,True,True,1,PREREGISTERED_RESEARCH_DESIGN_NOT_FIELD,True,False,UNSELECTED_MAPPING_BOUND_SEPARATELY,UNVERIFIED,UNVERIFIED,COMMON_PROPER_TRANSFORM_SCHEMATIC_PROXY_REQUIRED_SEPARATELY,False,,f4386303c6ece2455d663b5996e900edd4062358f58dcd2a4234273a45f8aaa2,658fb2e56867a50597e9a21899748d8171439deda852e7db4f3339a99f71dd3d,c58710f5ca3f5fe0bd6bbced65293e0b5548e882a816a3e0d3648166569a42e0
9,MESS05,STA03,STA04,TN_35,TN_28,1289.5995254516602,1192.0581359863281,1254.2127990722656,20.076919999999998,ORIGINAL_ABSTRACT_ROAD_SERVICE_ROUTE_NOT_NEW_PCC_GIS,2,3,600,12,3,True,30.467813995860226,1140.0,1109.5321860041397,660.0,449.5321860041397,True,True,1,PREREGISTERED_RESEARCH_DESIGN_NOT_FIELD,True,False,UNSELECTED_MAPPING_BOUND_SEPARATELY,UNVERIFIED,UNVERIFIED,COMMON_PROPER_TRANSFORM_SCHEMATIC_PROXY_REQUIRED_SEPARATELY,False,RL_35_46_01|RL_46_05_01|RL_05_28_01,f4386303c6ece2455d663b5996e900edd4062358f58dcd2a4234273a45f8aaa2,658fb2e56867a50597e9a21899748d8171439deda852e7db4f3339a99f71dd3d,c58710f5ca3f5fe0bd6bbced65293e0b5548e882a816a3e0d3648166569a42e0
9,MESS05,STA03,STA05,TN_35,TN_37,638.81551361084,541.2741241455078,569.4964904785156,9.49954,ORIGINAL_ABSTRACT_ROAD_SERVICE_ROUTE_NOT_NEW_PCC_GIS,1,2,600,11,2,True,10.350549977446509,1140.0,1129.6494500225535,660.0,469.64945002255354,True,True,1,PREREGISTERED_RESEARCH_DESIGN_NOT_FIELD,True,False,UNSELECTED_MAPPING_BOUND_SEPARATELY,UNVERIFIED,UNVERIFIED,COMMON_PROPER_TRANSFORM_SCHEMATIC_PROXY_REQUIRED_SEPARATELY,False,RL_35_13_01|RL_13_37_01,f4386303c6ece2455d663b5996e900edd4062358f58dcd2a4234273a45f8aaa2,658fb2e56867a50597e9a21899748d8171439deda852e7db4f3339a99f71dd3d,c58710f5ca3f5fe0bd6bbced65293e0b5548e882a816a3e0d3648166569a42e0
9,MESS05,STA03,STA06,TN_35,TN_41,1486.9059829711914,1389.3645935058594,1461.806884765625,29.741700000000005,ORIGINAL_ABSTRACT_ROAD_SERVICE_ROUTE_NOT_NEW_PCC_GIS,2,3,600,12,3,True,44.94403987644815,1140.0,1095.0559601235518,660.0,435.0559601235518,True,True,1,PREREGISTERED_RESEARCH_DESIGN_NOT_FIELD,True,False,UNSELECTED_MAPPING_BOUND_SEPARATELY,UNVERIFIED,UNVERIFIED,COMMON_PROPER_TRANSFORM_SCHEMATIC_PROXY_REQUIRED_SEPARATELY,False,RL_35_14_01|RL_14_41_01,f4386303c6ece2455d663b5996e900edd4062358f58dcd2a4234273a45f8aaa2,658fb2e56867a50597e9a21899748d8171439deda852e7db4f3339a99f71dd3d,c58710f5ca3f5fe0bd6bbced65293e0b5548e882a816a3e0d3648166569a42e0
9,MESS05,STA03,STA07,TN_35,TN_32,2167.268730163574,2069.727340698242,2177.6441040039062,31.60127,ORIGINAL_ABSTRACT_ROAD_SERVICE_ROUTE_NOT_NEW_PCC_GIS,3,4,600,13,4,True,48.904077426618976,1140.0,1091.0959225733811,660.0,431.09592257338113,True,True,1,PREREGISTERED_RESEARCH_DESIGN_NOT_FIELD,True,False,UNSELECTED_MAPPING_BOUND_SEPARATELY,UNVERIFIED,UNVERIFIED,COMMON_PROPER_TRANSFORM_SCHEMATIC_PROXY_REQUIRED_SEPARATELY,False,RL_35_13_01|RL_13_37_01|RL_37_07_01|RL_07_32_01,f4386303c6ece2455d663b5996e900edd4062358f58dcd2a4234273a45f8aaa2,658fb2e56867a50597e9a21899748d8171439deda852e7db4f3339a99f71dd3d,c58710f5ca3f5fe0bd6bbced65293e0b5548e882a816a3e0d3648166569a42e0
9,MESS05,STA03,STA08,TN_35,TN_47,2254.67147064209,2157.130081176758,2269.6040649414062,33.664249999999996,ORIGINAL_ABSTRACT_ROAD_SERVICE_ROUTE_NOT_NEW_PCC_GIS,3,4,600,13,4,True,51.8141920935595,1140.0,1088.1858079064405,660.0,428.18580790644046,True,True,1,PREREGISTERED_RESEARCH_DESIGN_NOT_FIELD,True,False,UNSELECTED_MAPPING_BOUND_SEPARATELY,UNVERIFIED,UNVERIFIED,COMMON_PROPER_TRANSFORM_SCHEMATIC_PROXY_REQUIRED_SEPARATELY,False,RL_35_13_01|RL_13_37_01|RL_37_07_01|RL_07_47_01,f4386303c6ece2455d663b5996e900edd4062358f58dcd2a4234273a45f8aaa2,658fb2e56867a50597e9a21899748d8171439deda852e7db4f3339a99f71dd3d,c58710f5ca3f5fe0bd6bbced65293e0b5548e882a816a3e0d3648166569a42e0
9,MESS05,STA03,STA09,TN_35,TN_42,2405.262535095215,2307.721145629883,2428.0470275878906,34.184799999999996,ORIGINAL_ABSTRACT_ROAD_SERVICE_ROUTE_NOT_NEW_PCC_GIS,3,4,600,13,4,True,51.00931359382099,1140.0,1088.990686406179,660.0,428.99068640617907,True,True,1,PREREGISTERED_RESEARCH_DESIGN_NOT_FIELD,True,False,UNSELECTED_MAPPING_BOUND_SEPARATELY,UNVERIFIED,UNVERIFIED,COMMON_PROPER_TRANSFORM_SCHEMATIC_PROXY_REQUIRED_SEPARATELY,False,RL_35_13_01|RL_13_37_01|RL_37_07_01|RL_07_42_01,f4386303c6ece2455d663b5996e900edd4062358f58dcd2a4234273a45f8aaa2,658fb2e56867a50597e9a21899748d8171439deda852e7db4f3339a99f71dd3d,c58710f5ca3f5fe0bd6bbced65293e0b5548e882a816a3e0d3648166569a42e0
9,MESS05,STA03,STA10,TN_35,TN_24,1454.263557434082,1356.72216796875,1427.4624633789062,22.319130000000012,ORIGINAL_ABSTRACT_ROAD_SERVICE_ROUTE_NOT_NEW_PCC_GIS,2,3,600,12,3,True,24.606337906155964,1140.0,1115.3936620938441,660.0,455.3936620938441,True,True,1,PREREGISTERED_RESEARCH_DESIGN_NOT_FIELD,True,False,UNSELECTED_MAPPING_BOUND_SEPARATELY,UNVERIFIED,UNVERIFIED,COMMON_PROPER_TRANSFORM_SCHEMATIC_PROXY_REQUIRED_SEPARATELY,False,RL_35_08_01|RL_08_24_01,f4386303c6ece2455d663b5996e900edd4062358f58dcd2a4234273a45f8aaa2,658fb2e56867a50597e9a21899748d8171439deda852e7db4f3339a99f71dd3d,c58710f5ca3f5fe0bd6bbced65293e0b5548e882a816a3e0d3648166569a42e0
9,MESS05,STA03,STA11,TN_35,TN_44,1557.006965637207,1459.465576171875,1535.56298828125,25.214509999999994,ORIGINAL_ABSTRACT_ROAD_SERVICE_ROUTE_NOT_NEW_PCC_GIS,2,3,600,12,3,True,32.27659441825075,1140.0,1107.7234055817491,660.0,447.72340558174915,True,True,1,PREREGISTERED_RESEARCH_DESIGN_NOT_FIELD,True,False,UNSELECTED_MAPPING_BOUND_SEPARATELY,UNVERIFIED,UNVERIFIED,COMMON_PROPER_TRANSFORM_SCHEMATIC_PROXY_REQUIRED_SEPARATELY,False,RL_35_44_01,f4386303c6ece2455d663b5996e900edd4062358f58dcd2a4234273a45f8aaa2,658fb2e56867a50597e9a21899748d8171439deda852e7db4f3339a99f71dd3d,c58710f5ca3f5fe0bd6bbced65293e0b5548e882a816a3e0d3648166569a42e0
9,MESS05,STA03,STA12,TN_35,TN_17,2127.4895095825195,2029.9481201171875,2135.7908630371094,40.051710000000014,ORIGINAL_ABSTRACT_ROAD_SERVICE_ROUTE_NOT_NEW_PCC_GIS,3,4,600,13,3,True,60.18071927397821,1140.0,1079.8192807260218,660.0,419.8192807260218,True,True,1,PREREGISTERED_RESEARCH_DESIGN_NOT_FIELD,True,False,UNSELECTED_MAPPING_BOUND_SEPARATELY,UNVERIFIED,UNVERIFIED,COMMON_PROPER_TRANSFORM_SCHEMATIC_PROXY_REQUIRED_SEPARATELY,False,RL_35_13_01|RL_13_17_01,f4386303c6ece2455d663b5996e900edd4062358f58dcd2a4234273a45f8aaa2,658fb2e56867a50597e9a21899748d8171439deda852e7db4f3339a99f71dd3d,c58710f5ca3f5fe0bd6bbced65293e0b5548e882a816a3e0d3648166569a42e0
9,MESS06,STA10,STA01,TN_24,TN_43,1982.509994506836,1884.968605041504,1983.2519989013672,33.30401,ORIGINAL_ABSTRACT_ROAD_SERVICE_ROUTE_NOT_NEW_PCC_GIS,3,3,600,12,4,True,52.21091904077069,1140.0,1087.7890809592293,660.0,427.7890809592293,True,True,1,PREREGISTERED_RESEARCH_DESIGN_NOT_FIELD,True,False,UNSELECTED_MAPPING_BOUND_SEPARATELY,UNVERIFIED,UNVERIFIED,COMMON_PROPER_TRANSFORM_SCHEMATIC_PROXY_REQUIRED_SEPARATELY,False,RL_24_39_01|RL_39_21_01|RL_21_09_02|RL_09_19_01|RL_19_43_01,f4386303c6ece2455d663b5996e900edd4062358f58dcd2a4234273a45f8aaa2,658fb2e56867a50597e9a21899748d8171439deda852e7db4f3339a99f71dd3d,c58710f5ca3f5fe0bd6bbced65293e0b5548e882a816a3e0d3648166569a42e0
9,MESS06,STA10,STA02,TN_24,TN_14,1650.6081771850586,1553.0667877197266,1634.0445709228516,24.346969999999995,ORIGINAL_ABSTRACT_ROAD_SERVICE_ROUTE_NOT_NEW_PCC_GIS,2,3,600,12,3,True,31.16276965993347,1140.0,1108.8372303400665,660.0,448.8372303400665,True,True,1,PREREGISTERED_RESEARCH_DESIGN_NOT_FIELD,True,False,UNSELECTED_MAPPING_BOUND_SEPARATELY,UNVERIFIED,UNVERIFIED,COMMON_PROPER_TRANSFORM_SCHEMATIC_PROXY_REQUIRED_SEPARATELY,False,RL_24_39_01|RL_39_21_01|RL_21_14_01,f4386303c6ece2455d663b5996e900edd4062358f58dcd2a4234273a45f8aaa2,658fb2e56867a50597e9a21899748d8171439deda852e7db4f3339a99f71dd3d,c58710f5ca3f5fe0bd6bbced65293e0b5548e882a816a3e0d3648166569a42e0
9,MESS06,STA10,STA03,TN_24,TN_35,1251.2307815551758,1153.6893920898438,1213.8434448242188,19.832960000000007,ORIGINAL_ABSTRACT_ROAD_SERVICE_ROUTE_NOT_NEW_PCC_GIS,2,3,600,12,3,True,25.310034208156214,1140.0,1114.6899657918439,660.0,454.68996579184386,True,True,1,PREREGISTERED_RESEARCH_DESIGN_NOT_FIELD,True,False,UNSELECTED_MAPPING_BOUND_SEPARATELY,UNVERIFIED,UNVERIFIED,COMMON_PROPER_TRANSFORM_SCHEMATIC_PROXY_REQUIRED_SEPARATELY,False,RL_24_39_01|RL_39_35_01,f4386303c6ece2455d663b5996e900edd4062358f58dcd2a4234273a45f8aaa2,658fb2e56867a50597e9a21899748d8171439deda852e7db4f3339a99f71dd3d,c58710f5ca3f5fe0bd6bbced65293e0b5548e882a816a3e0d3648166569a42e0
9,MESS06,STA10,STA04,TN_24,TN_28,1347.335823059082,1249.79443359375,1314.95947265625,19.793140000000015,ORIGINAL_ABSTRACT_ROAD_SERVICE_ROUTE_NOT_NEW_PCC_GIS,2,3,600,12,3,True,28.45860138935123,1140.0,1111.5413986106487,660.0,451.5413986106487,True,True,1,PREREGISTERED_RESEARCH_DESIGN_NOT_FIELD,True,False,UNSELECTED_MAPPING_BOUND_SEPARATELY,UNVERIFIED,UNVERIFIED,COMMON_PROPER_TRANSFORM_SCHEMATIC_PROXY_REQUIRED_SEPARATELY,False,RL_24_28_01,f4386303c6ece2455d663b5996e900edd4062358f58dcd2a4234273a45f8aaa2,658fb2e56867a50597e9a21899748d8171439deda852e7db4f3339a99f71dd3d,c58710f5ca3f5fe0bd6bbced65293e0b5548e882a816a3e0d3648166569a42e0
9,MESS06,STA10,STA05,TN_24,TN_37,1015.9302368164064,918.3888473510742,966.2741851806641,12.497420000000002,ORIGINAL_ABSTRACT_ROAD_SERVICE_ROUTE_NOT_NEW_PCC_GIS,2,2,600,11,2,True,14.578762871719173,1140.0,1125.4212371282808,660.0,465.42123712828084,True,True,1,PREREGISTERED_RESEARCH_DESIGN_NOT_FIELD,True,False,UNSELECTED_MAPPING_BOUND_SEPARATELY,UNVERIFIED,UNVERIFIED,COMMON_PROPER_TRANSFORM_SCHEMATIC_PROXY_REQUIRED_SEPARATELY,False,RL_24_39_01|RL_39_21_01|RL_21_09_02|RL_09_37_01,f4386303c6ece2455d663b5996e900edd4062358f58dcd2a4234273a45f8aaa2,658fb2e56867a50597e9a21899748d8171439deda852e7db4f3339a99f71dd3d,c58710f5ca3f5fe0bd6bbced65293e0b5548e882a816a3e0d3648166569a42e0
9,MESS06,STA10,STA06,TN_24,TN_41,2113.687026977539,2016.145637512207,2121.2686614990234,31.262440000000005,ORIGINAL_ABSTRACT_ROAD_SERVICE_ROUTE_NOT_NEW_PCC_GIS,3,4,600,13,4,True,43.086445021229025,1140.0,1096.913554978771,660.0,436.9135549787709,True,True,1,PREREGISTERED_RESEARCH_DESIGN_NOT_FIELD,True,False,UNSELECTED_MAPPING_BOUND_SEPARATELY,UNVERIFIED,UNVERIFIED,COMMON_PROPER_TRANSFORM_SCHEMATIC_PROXY_REQUIRED_SEPARATELY,False,RL_24_39_01|RL_39_21_01|RL_21_09_02|RL_09_05_01|RL_05_41_01,f4386303c6ece2455d663b5996e900edd4062358f58dcd2a4234273a45f8aaa2,658fb2e56867a50597e9a21899748d8171439deda852e7db4f3339a99f71dd3d,c58710f5ca3f5fe0bd6bbced65293e0b5548e882a816a3e0d3648166569a42e0
9,MESS06,STA10,STA07,TN_24,TN_32,1868.6751556396484,1771.1337661743164,1863.4817504882812,25.28667,ORIGINAL_ABSTRACT_ROAD_SERVICE_ROUTE_NOT_NEW_PCC_GIS,3,3,600,12,3,True,43.43502926632394,1140.0,1096.564970733676,660.0,436.5649707336761,True,True,1,PREREGISTERED_RESEARCH_DESIGN_NOT_FIELD,True,False,UNSELECTED_MAPPING_BOUND_SEPARATELY,UNVERIFIED,UNVERIFIED,COMMON_PROPER_TRANSFORM_SCHEMATIC_PROXY_REQUIRED_SEPARATELY,False,RL_24_39_01|RL_39_04_01|RL_04_20_01|RL_20_07_01|RL_07_32_01,f4386303c6ece2455d663b5996e900edd4062358f58dcd2a4234273a45f8aaa2,658fb2e56867a50597e9a21899748d8171439deda852e7db4f3339a99f71dd3d,c58710f5ca3f5fe0bd6bbced65293e0b5548e882a816a3e0d3648166569a42e0
9,MESS06,STA10,STA08,TN_24,TN_47,1956.077896118164,1858.536506652832,1955.4417114257812,27.34965,ORIGINAL_ABSTRACT_ROAD_SERVICE_ROUTE_NOT_NEW_PCC_GIS,3,3,600,12,3,True,46.27146611628888,1140.0,1093.7285338837112,660.0,433.7285338837112,True,True,1,PREREGISTERED_RESEARCH_DESIGN_NOT_FIELD,True,False,UNSELECTED_MAPPING_BOUND_SEPARATELY,UNVERIFIED,UNVERIFIED,COMMON_PROPER_TRANSFORM_SCHEMATIC_PROXY_REQUIRED_SEPARATELY,False,RL_24_39_01|RL_39_04_01|RL_04_20_01|RL_20_07_01|RL_07_47_01,f4386303c6ece2455d663b5996e900edd4062358f58dcd2a4234273a45f8aaa2,658fb2e56867a50597e9a21899748d8171439deda852e7db4f3339a99f71dd3d,c58710f5ca3f5fe0bd6bbced65293e0b5548e882a816a3e0d3648166569a42e0
9,MESS06,STA10,STA09,TN_24,TN_42,2011.6173782348633,1914.0759887695312,2013.8770141601562,29.600020000000008,ORIGINAL_ABSTRACT_ROAD_SERVICE_ROUTE_NOT_NEW_PCC_GIS,3,3,600,12,3,True,46.35277390103759,1140.0,1093.6472260989624,660.0,433.6472260989624,True,True,1,PREREGISTERED_RESEARCH_DESIGN_NOT_FIELD,True,False,UNSELECTED_MAPPING_BOUND_SEPARATELY,UNVERIFIED,UNVERIFIED,COMMON_PROPER_TRANSFORM_SCHEMATIC_PROXY_REQUIRED_SEPARATELY,False,RL_24_11_01|RL_11_18_01|RL_18_42_01,f4386303c6ece2455d663b5996e900edd4062358f58dcd2a4234273a45f8aaa2,658fb2e56867a50597e9a21899748d8171439deda852e7db4f3339a99f71dd3d,c58710f5ca3f5fe0bd6bbced65293e0b5548e882a816a3e0d3648166569a42e0
9,MESS06,STA10,STA10,TN_24,TN_24,0.0,0.0,0.0,0.0,ORIGINAL_ABSTRACT_ROAD_SERVICE_ROUTE_NOT_NEW_PCC_GIS,0,0,600,9,1,True,0.0,1140.0,1140.0,660.0,480.0,True,True,1,PREREGISTERED_RESEARCH_DESIGN_NOT_FIELD,True,False,UNSELECTED_MAPPING_BOUND_SEPARATELY,UNVERIFIED,UNVERIFIED,COMMON_PROPER_TRANSFORM_SCHEMATIC_PROXY_REQUIRED_SEPARATELY,False,,f4386303c6ece2455d663b5996e900edd4062358f58dcd2a4234273a45f8aaa2,658fb2e56867a50597e9a21899748d8171439deda852e7db4f3339a99f71dd3d,c58710f5ca3f5fe0bd6bbced65293e0b5548e882a816a3e0d3648166569a42e0
9,MESS06,STA10,STA11,TN_24,TN_44,1233.1100463867188,1135.5686569213867,1194.7778625488281,18.85883,ORIGINAL_ABSTRACT_ROAD_SERVICE_ROUTE_NOT_NEW_PCC_GIS,2,3,600,12,3,True,27.76668850174045,1140.0,1112.2333114982596,660.0,452.2333114982596,True,True,1,PREREGISTERED_RESEARCH_DESIGN_NOT_FIELD,True,False,UNSELECTED_MAPPING_BOUND_SEPARATELY,UNVERIFIED,UNVERIFIED,COMMON_PROPER_TRANSFORM_SCHEMATIC_PROXY_REQUIRED_SEPARATELY,False,RL_24_11_01|RL_11_22_01|RL_22_44_01,f4386303c6ece2455d663b5996e900edd4062358f58dcd2a4234273a45f8aaa2,658fb2e56867a50597e9a21899748d8171439deda852e7db4f3339a99f71dd3d,c58710f5ca3f5fe0bd6bbced65293e0b5548e882a816a3e0d3648166569a42e0
9,MESS06,STA10,STA12,TN_24,TN_17,1090.4492263793945,992.9078369140625,1044.6785888671875,16.96551000000002,ORIGINAL_ABSTRACT_ROAD_SERVICE_ROUTE_NOT_NEW_PCC_GIS,2,2,600,11,2,True,25.818877176001333,1140.0,1114.1811228239987,660.0,454.18112282399875,True,True,1,PREREGISTERED_RESEARCH_DESIGN_NOT_FIELD,True,False,UNSELECTED_MAPPING_BOUND_SEPARATELY,UNVERIFIED,UNVERIFIED,COMMON_PROPER_TRANSFORM_SCHEMATIC_PROXY_REQUIRED_SEPARATELY,False,RL_24_17_01,f4386303c6ece2455d663b5996e900edd4062358f58dcd2a4234273a45f8aaa2,658fb2e56867a50597e9a21899748d8171439deda852e7db4f3339a99f71dd3d,c58710f5ca3f5fe0bd6bbced65293e0b5548e882a816a3e0d3648166569a42e0
48,MESS01,STA01,STA01,TN_43,TN_43,0.0,0.0,0.0,0.0,ORIGINAL_ABSTRACT_ROAD_SERVICE_ROUTE_NOT_NEW_PCC_GIS,0,0,600,48,1,True,0.0,1140.0,1140.0,660.0,480.0,True,True,1,PREREGISTERED_RESEARCH_DESIGN_NOT_FIELD,True,False,UNSELECTED_MAPPING_BOUND_SEPARATELY,UNVERIFIED,UNVERIFIED,COMMON_PROPER_TRANSFORM_SCHEMATIC_PROXY_REQUIRED_SEPARATELY,False,,f4386303c6ece2455d663b5996e900edd4062358f58dcd2a4234273a45f8aaa2,658fb2e56867a50597e9a21899748d8171439deda852e7db4f3339a99f71dd3d,c58710f5ca3f5fe0bd6bbced65293e0b5548e882a816a3e0d3648166569a42e0
48,MESS01,STA01,STA02,TN_43,TN_14,674.9026359558106,486.5921630859375,512.4362182617188,5.094550000000002,ORIGINAL_ABSTRACT_ROAD_SERVICE_ROUTE_NOT_NEW_PCC_GIS,1,2,600,50,2,True,3.237857562423152,1140.0,1136.7621424375768,660.0,476.7621424375768,True,True,1,PREREGISTERED_RESEARCH_DESIGN_NOT_FIELD,True,False,UNSELECTED_MAPPING_BOUND_SEPARATELY,UNVERIFIED,UNVERIFIED,COMMON_PROPER_TRANSFORM_SCHEMATIC_PROXY_REQUIRED_SEPARATELY,False,RL_43_14_01,f4386303c6ece2455d663b5996e900edd4062358f58dcd2a4234273a45f8aaa2,658fb2e56867a50597e9a21899748d8171439deda852e7db4f3339a99f71dd3d,c58710f5ca3f5fe0bd6bbced65293e0b5548e882a816a3e0d3648166569a42e0
48,MESS01,STA01,STA03,TN_43,TN_35,1274.9835914611817,1086.6731185913086,1144.3888854980469,11.285460000000002,ORIGINAL_ABSTRACT_ROAD_SERVICE_ROUTE_NOT_NEW_PCC_GIS,2,3,600,51,2,True,7.569643074664671,1140.0,1132.4303569253352,660.0,472.4303569253352,True,True,1,PREREGISTERED_RESEARCH_DESIGN_NOT_FIELD,True,False,UNSELECTED_MAPPING_BOUND_SEPARATELY,UNVERIFIED,UNVERIFIED,COMMON_PROPER_TRANSFORM_SCHEMATIC_PROXY_REQUIRED_SEPARATELY,False,RL_43_14_01|RL_14_23_01|RL_23_27_01|RL_27_35_01,f4386303c6ece2455d663b5996e900edd4062358f58dcd2a4234273a45f8aaa2,658fb2e56867a50597e9a21899748d8171439deda852e7db4f3339a99f71dd3d,c58710f5ca3f5fe0bd6bbced65293e0b5548e882a816a3e0d3648166569a42e0
48,MESS01,STA01,STA04,TN_43,TN_28,749.9428581237794,561.6323852539062,591.4620361328125,10.002019999999998,ORIGINAL_ABSTRACT_ROAD_SERVICE_ROUTE_NOT_NEW_PCC_GIS,1,2,600,50,2,True,15.29798911818537,1140.0,1124.7020108818147,660.0,464.70201088181466,True,True,1,PREREGISTERED_RESEARCH_DESIGN_NOT_FIELD,True,False,UNSELECTED_MAPPING_BOUND_SEPARATELY,UNVERIFIED,UNVERIFIED,COMMON_PROPER_TRANSFORM_SCHEMATIC_PROXY_REQUIRED_SEPARATELY,False,RL_43_28_01,f4386303c6ece2455d663b5996e900edd4062358f58dcd2a4234273a45f8aaa2,658fb2e56867a50597e9a21899748d8171439deda852e7db4f3339a99f71dd3d,c58710f5ca3f5fe0bd6bbced65293e0b5548e882a816a3e0d3648166569a42e0
48,MESS01,STA01,STA05,TN_43,TN_37,1539.0842155456544,1350.7737426757812,1422.5165405273438,17.76019,ORIGINAL_ABSTRACT_ROAD_SERVICE_ROUTE_NOT_NEW_PCC_GIS,2,3,600,51,3,True,13.998523865015459,1140.0,1126.0014761349846,660.0,466.0014761349846,True,True,1,PREREGISTERED_RESEARCH_DESIGN_NOT_FIELD,True,False,UNSELECTED_MAPPING_BOUND_SEPARATELY,UNVERIFIED,UNVERIFIED,COMMON_PROPER_TRANSFORM_SCHEMATIC_PROXY_REQUIRED_SEPARATELY,False,RL_43_14_01|RL_14_37_01,f4386303c6ece2455d663b5996e900edd4062358f58dcd2a4234273a45f8aaa2,658fb2e56867a50597e9a21899748d8171439deda852e7db4f3339a99f71dd3d,c58710f5ca3f5fe0bd6bbced65293e0b5548e882a816a3e0d3648166569a42e0
48,MESS01,STA01,STA06,TN_43,TN_41,1768.4817070007325,1580.1712341308594,1664.0979614257812,20.023230000000005,ORIGINAL_ABSTRACT_ROAD_SERVICE_ROUTE_NOT_NEW_PCC_GIS,2,3,600,51,3,True,25.219842809884987,1140.0,1114.780157190115,660.0,454.780157190115,True,True,1,PREREGISTERED_RESEARCH_DESIGN_NOT_FIELD,True,False,UNSELECTED_MAPPING_BOUND_SEPARATELY,UNVERIFIED,UNVERIFIED,COMMON_PROPER_TRANSFORM_SCHEMATIC_PROXY_REQUIRED_SEPARATELY,False,RL_43_19_01|RL_19_05_01|RL_05_41_01,f4386303c6ece2455d663b5996e900edd4062358f58dcd2a4234273a45f8aaa2,658fb2e56867a50597e9a21899748d8171439deda852e7db4f3339a99f71dd3d,c58710f5ca3f5fe0bd6bbced65293e0b5548e882a816a3e0d3648166569a42e0
48,MESS01,STA01,STA07,TN_43,TN_32,2638.2734245300294,2449.9629516601562,2580.0862426757812,37.692899999999995,ORIGINAL_ABSTRACT_ROAD_SERVICE_ROUTE_NOT_NEW_PCC_GIS,3,4,600,52,4,True,57.367771565518126,1140.0,1082.632228434482,660.0,422.63222843448193,True,True,1,PREREGISTERED_RESEARCH_DESIGN_NOT_FIELD,True,False,UNSELECTED_MAPPING_BOUND_SEPARATELY,UNVERIFIED,UNVERIFIED,COMMON_PROPER_TRANSFORM_SCHEMATIC_PROXY_REQUIRED_SEPARATELY,False,RL_43_28_01|RL_28_07_01|RL_07_32_01,f4386303c6ece2455d663b5996e900edd4062358f58dcd2a4234273a45f8aaa2,658fb2e56867a50597e9a21899748d8171439deda852e7db4f3339a99f71dd3d,c58710f5ca3f5fe0bd6bbced65293e0b5548e882a816a3e0d3648166569a42e0
48,MESS01,STA01,STA08,TN_43,TN_47,2808.8372367858888,2620.5267639160156,2759.7091369628906,39.75587999999999,ORIGINAL_ABSTRACT_ROAD_SERVICE_ROUTE_NOT_NEW_PCC_GIS,4,4,600,52,4,True,59.70287766804532,1140.0,1080.2971223319546,660.0,420.2971223319546,True,True,1,PREREGISTERED_RESEARCH_DESIGN_NOT_FIELD,True,False,UNSELECTED_MAPPING_BOUND_SEPARATELY,UNVERIFIED,UNVERIFIED,COMMON_PROPER_TRANSFORM_SCHEMATIC_PROXY_REQUIRED_SEPARATELY,False,RL_43_28_01|RL_28_07_01|RL_07_47_01,f4386303c6ece2455d663b5996e900edd4062358f58dcd2a4234273a45f8aaa2,658fb2e56867a50597e9a21899748d8171439deda852e7db4f3339a99f71dd3d,c58710f5ca3f5fe0bd6bbced65293e0b5548e882a816a3e0d3648166569a42e0
48,MESS01,STA01,STA09,TN_43,TN_42,2982.8220695495606,2794.5115966796875,2942.9346923828125,40.27642999999999,ORIGINAL_ABSTRACT_ROAD_SERVICE_ROUTE_NOT_NEW_PCC_GIS,4,4,600,52,4,True,58.74881998131187,1140.0,1081.251180018688,660.0,421.25118001868805,True,True,1,PREREGISTERED_RESEARCH_DESIGN_NOT_FIELD,True,False,UNSELECTED_MAPPING_BOUND_SEPARATELY,UNVERIFIED,UNVERIFIED,COMMON_PROPER_TRANSFORM_SCHEMATIC_PROXY_REQUIRED_SEPARATELY,False,RL_43_28_01|RL_28_07_01|RL_07_42_01,f4386303c6ece2455d663b5996e900edd4062358f58dcd2a4234273a45f8aaa2,658fb2e56867a50597e9a21899748d8171439deda852e7db4f3339a99f71dd3d,c58710f5ca3f5fe0bd6bbced65293e0b5548e882a816a3e0d3648166569a42e0
48,MESS01,STA01,STA10,TN_43,TN_24,2251.7133659362794,2063.4028930664062,2172.9951171875,31.32964000000001,ORIGINAL_ABSTRACT_ROAD_SERVICE_ROUTE_NOT_NEW_PCC_GIS,3,4,600,52,3,True,38.896369860037765,1140.0,1101.1036301399622,660.0,441.1036301399622,True,True,1,PREREGISTERED_RESEARCH_DESIGN_NOT_FIELD,True,False,UNSELECTED_MAPPING_BOUND_SEPARATELY,UNVERIFIED,UNVERIFIED,COMMON_PROPER_TRANSFORM_SCHEMATIC_PROXY_REQUIRED_SEPARATELY,False,RL_43_28_01|RL_28_09_01|RL_09_24_01,f4386303c6ece2455d663b5996e900edd4062358f58dcd2a4234273a45f8aaa2,658fb2e56867a50597e9a21899748d8171439deda852e7db4f3339a99f71dd3d,c58710f5ca3f5fe0bd6bbced65293e0b5548e882a816a3e0d3648166569a42e0
48,MESS01,STA01,STA11,TN_43,TN_44,2469.393968963623,2281.08349609375,2402.2372436523438,35.03566000000001,ORIGINAL_ABSTRACT_ROAD_SERVICE_ROUTE_NOT_NEW_PCC_GIS,3,4,600,52,4,True,46.023115848612726,1140.0,1093.9768841513874,660.0,433.97688415138737,True,True,1,PREREGISTERED_RESEARCH_DESIGN_NOT_FIELD,True,False,UNSELECTED_MAPPING_BOUND_SEPARATELY,UNVERIFIED,UNVERIFIED,COMMON_PROPER_TRANSFORM_SCHEMATIC_PROXY_REQUIRED_SEPARATELY,False,RL_43_28_01|RL_28_21_01|RL_21_44_01,f4386303c6ece2455d663b5996e900edd4062358f58dcd2a4234273a45f8aaa2,658fb2e56867a50597e9a21899748d8171439deda852e7db4f3339a99f71dd3d,c58710f5ca3f5fe0bd6bbced65293e0b5548e882a816a3e0d3648166569a42e0
48,MESS01,STA01,STA12,TN_43,TN_17,3108.5991081237794,2920.2886352539062,3075.3922119140625,46.87866000000001,ORIGINAL_ABSTRACT_ROAD_SERVICE_ROUTE_NOT_NEW_PCC_GIS,4,5,600,53,4,True,66.07413303452331,1140.0,1073.9258669654766,660.0,413.92586696547664,True,True,1,PREREGISTERED_RESEARCH_DESIGN_NOT_FIELD,True,False,UNSELECTED_MAPPING_BOUND_SEPARATELY,UNVERIFIED,UNVERIFIED,COMMON_PROPER_TRANSFORM_SCHEMATIC_PROXY_REQUIRED_SEPARATELY,False,RL_43_28_01|RL_28_16_01|RL_16_17_01,f4386303c6ece2455d663b5996e900edd4062358f58dcd2a4234273a45f8aaa2,658fb2e56867a50597e9a21899748d8171439deda852e7db4f3339a99f71dd3d,c58710f5ca3f5fe0bd6bbced65293e0b5548e882a816a3e0d3648166569a42e0
48,MESS02,STA12,STA01,TN_17,TN_43,3416.884188079834,3228.573715209961,3400.051010131836,52.074160000000006,ORIGINAL_ABSTRACT_ROAD_SERVICE_ROUTE_NOT_NEW_PCC_GIS,4,5,600,53,4,True,73.6632415302894,1140.0,1066.3367584697105,660.0,406.3367584697105,True,True,1,PREREGISTERED_RESEARCH_DESIGN_NOT_FIELD,True,False,UNSELECTED_MAPPING_BOUND_SEPARATELY,UNVERIFIED,UNVERIFIED,COMMON_PROPER_TRANSFORM_SCHEMATIC_PROXY_REQUIRED_SEPARATELY,False,RL_17_36_01|RL_36_09_01|RL_09_19_01|RL_19_43_01,f4386303c6ece2455d663b5996e900edd4062358f58dcd2a4234273a45f8aaa2,658fb2e56867a50597e9a21899748d8171439deda852e7db4f3339a99f71dd3d,c58710f5ca3f5fe0bd6bbced65293e0b5548e882a816a3e0d3648166569a42e0
48,MESS02,STA12,STA02,TN_17,TN_14,3098.856859588623,2910.54638671875,3065.1324462890625,46.091419999999985,ORIGINAL_ABSTRACT_ROAD_SERVICE_ROUTE_NOT_NEW_PCC_GIS,4,5,600,53,4,True,57.42967215078992,1140.0,1082.5703278492101,660.0,422.5703278492101,True,True,1,PREREGISTERED_RESEARCH_DESIGN_NOT_FIELD,True,False,UNSELECTED_MAPPING_BOUND_SEPARATELY,UNVERIFIED,UNVERIFIED,COMMON_PROPER_TRANSFORM_SCHEMATIC_PROXY_REQUIRED_SEPARATELY,False,RL_17_13_01|RL_13_06_02|RL_06_14_01,f4386303c6ece2455d663b5996e900edd4062358f58dcd2a4234273a45f8aaa2,658fb2e56867a50597e9a21899748d8171439deda852e7db4f3339a99f71dd3d,c58710f5ca3f5fe0bd6bbced65293e0b5548e882a816a3e0d3648166569a42e0
48,MESS02,STA12,STA03,TN_17,TN_35,2581.6812004089356,2393.3707275390625,2520.4883422851562,39.779639999999986,ORIGINAL_ABSTRACT_ROAD_SERVICE_ROUTE_NOT_NEW_PCC_GIS,3,4,600,52,4,True,49.79752329173074,1140.0,1090.2024767082692,660.0,430.20247670826916,True,True,1,PREREGISTERED_RESEARCH_DESIGN_NOT_FIELD,True,False,UNSELECTED_MAPPING_BOUND_SEPARATELY,UNVERIFIED,UNVERIFIED,COMMON_PROPER_TRANSFORM_SCHEMATIC_PROXY_REQUIRED_SEPARATELY,False,RL_17_13_01|RL_13_35_01,f4386303c6ece2455d663b5996e900edd4062358f58dcd2a4234273a45f8aaa2,658fb2e56867a50597e9a21899748d8171439deda852e7db4f3339a99f71dd3d,c58710f5ca3f5fe0bd6bbced65293e0b5548e882a816a3e0d3648166569a42e0
48,MESS02,STA12,STA04,TN_17,TN_28,2531.930834197998,2343.620361328125,2468.095458984375,40.07149999999996,ORIGINAL_ABSTRACT_ROAD_SERVICE_ROUTE_NOT_NEW_PCC_GIS,3,4,600,52,3,True,54.388766066994336,1140.0,1085.6112339330057,660.0,425.6112339330057,True,True,1,PREREGISTERED_RESEARCH_DESIGN_NOT_FIELD,True,False,UNSELECTED_MAPPING_BOUND_SEPARATELY,UNVERIFIED,UNVERIFIED,COMMON_PROPER_TRANSFORM_SCHEMATIC_PROXY_REQUIRED_SEPARATELY,False,RL_17_28_01,f4386303c6ece2455d663b5996e900edd4062358f58dcd2a4234273a45f8aaa2,658fb2e56867a50597e9a21899748d8171439deda852e7db4f3339a99f71dd3d,c58710f5ca3f5fe0bd6bbced65293e0b5548e882a816a3e0d3648166569a42e0
48,MESS02,STA12,STA05,TN_17,TN_37,2272.577059173584,2084.266586303711,2194.9669342041016,31.267570000000006,ORIGINAL_ABSTRACT_ROAD_SERVICE_ROUTE_NOT_NEW_PCC_GIS,3,4,600,52,3,True,37.070386076912456,1140.0,1102.9296139230876,660.0,442.9296139230876,True,True,1,PREREGISTERED_RESEARCH_DESIGN_NOT_FIELD,True,False,UNSELECTED_MAPPING_BOUND_SEPARATELY,UNVERIFIED,UNVERIFIED,COMMON_PROPER_TRANSFORM_SCHEMATIC_PROXY_REQUIRED_SEPARATELY,False,RL_17_36_01|RL_36_09_01|RL_09_37_01,f4386303c6ece2455d663b5996e900edd4062358f58dcd2a4234273a45f8aaa2,658fb2e56867a50597e9a21899748d8171439deda852e7db4f3339a99f71dd3d,c58710f5ca3f5fe0bd6bbced65293e0b5548e882a816a3e0d3648166569a42e0
48,MESS02,STA12,STA06,TN_17,TN_41,2608.5979789733888,2420.2875061035156,2548.8347778320312,32.13718000000001,ORIGINAL_ABSTRACT_ROAD_SERVICE_ROUTE_NOT_NEW_PCC_GIS,3,4,600,52,4,True,46.386404380441775,1140.0,1093.6135956195583,660.0,433.6135956195583,True,True,1,PREREGISTERED_RESEARCH_DESIGN_NOT_FIELD,True,False,UNSELECTED_MAPPING_BOUND_SEPARATELY,UNVERIFIED,UNVERIFIED,COMMON_PROPER_TRANSFORM_SCHEMATIC_PROXY_REQUIRED_SEPARATELY,False,RL_17_18_01|RL_18_07_01|RL_07_45_01|RL_45_41_01,f4386303c6ece2455d663b5996e900edd4062358f58dcd2a4234273a45f8aaa2,658fb2e56867a50597e9a21899748d8171439deda852e7db4f3339a99f71dd3d,c58710f5ca3f5fe0bd6bbced65293e0b5548e882a816a3e0d3648166569a42e0
48,MESS02,STA12,STA07,TN_17,TN_32,1334.6764396667481,1146.365966796875,1207.252197265625,19.993750000000002,ORIGINAL_ABSTRACT_ROAD_SERVICE_ROUTE_NOT_NEW_PCC_GIS,2,3,600,51,2,True,36.051998015998336,1140.0,1103.9480019840016,660.0,443.9480019840016,True,True,1,PREREGISTERED_RESEARCH_DESIGN_NOT_FIELD,True,False,UNSELECTED_MAPPING_BOUND_SEPARATELY,UNVERIFIED,UNVERIFIED,COMMON_PROPER_TRANSFORM_SCHEMATIC_PROXY_REQUIRED_SEPARATELY,False,RL_17_32_01,f4386303c6ece2455d663b5996e900edd4062358f58dcd2a4234273a45f8aaa2,658fb2e56867a50597e9a21899748d8171439deda852e7db4f3339a99f71dd3d,c58710f5ca3f5fe0bd6bbced65293e0b5548e882a816a3e0d3648166569a42e0
48,MESS02,STA12,STA08,TN_17,TN_47,1942.3804191589356,1754.0699462890625,1847.2327270507812,21.87781000000001,ORIGINAL_ABSTRACT_ROAD_SERVICE_ROUTE_NOT_NEW_PCC_GIS,3,3,600,51,3,True,30.393006560148923,1140.0,1109.606993439851,660.0,449.60699343985107,True,True,1,PREREGISTERED_RESEARCH_DESIGN_NOT_FIELD,True,False,UNSELECTED_MAPPING_BOUND_SEPARATELY,UNVERIFIED,UNVERIFIED,COMMON_PROPER_TRANSFORM_SCHEMATIC_PROXY_REQUIRED_SEPARATELY,False,RL_17_18_01|RL_18_02_01|RL_02_47_01,f4386303c6ece2455d663b5996e900edd4062358f58dcd2a4234273a45f8aaa2,658fb2e56867a50597e9a21899748d8171439deda852e7db4f3339a99f71dd3d,c58710f5ca3f5fe0bd6bbced65293e0b5548e882a816a3e0d3648166569a42e0
48,MESS02,STA12,STA09,TN_17,TN_42,1485.4648307800294,1297.1543579101562,1366.04931640625,17.943490000000008,ORIGINAL_ABSTRACT_ROAD_SERVICE_ROUTE_NOT_NEW_PCC_GIS,2,3,600,51,2,True,26.300272366814085,1140.0,1113.6997276331858,660.0,453.69972763318583,True,True,1,PREREGISTERED_RESEARCH_DESIGN_NOT_FIELD,True,False,UNSELECTED_MAPPING_BOUND_SEPARATELY,UNVERIFIED,UNVERIFIED,COMMON_PROPER_TRANSFORM_SCHEMATIC_PROXY_REQUIRED_SEPARATELY,False,RL_17_18_01|RL_18_42_01,f4386303c6ece2455d663b5996e900edd4062358f58dcd2a4234273a45f8aaa2,658fb2e56867a50597e9a21899748d8171439deda852e7db4f3339a99f71dd3d,c58710f5ca3f5fe0bd6bbced65293e0b5548e882a816a3e0d3648166569a42e0
48,MESS02,STA12,STA10,TN_17,TN_24,1374.8392814636231,1186.52880859375,1249.5482177734375,17.01105000000001,ORIGINAL_ABSTRACT_ROAD_SERVICE_ROUTE_NOT_NEW_PCC_GIS,2,3,600,51,2,True,15.72443701717257,1140.0,1124.2755629828275,660.0,464.2755629828275,True,True,1,PREREGISTERED_RESEARCH_DESIGN_NOT_FIELD,True,False,UNSELECTED_MAPPING_BOUND_SEPARATELY,UNVERIFIED,UNVERIFIED,COMMON_PROPER_TRANSFORM_SCHEMATIC_PROXY_REQUIRED_SEPARATELY,False,RL_17_24_01,f4386303c6ece2455d663b5996e900edd4062358f58dcd2a4234273a45f8aaa2,658fb2e56867a50597e9a21899748d8171439deda852e7db4f3339a99f71dd3d,c58710f5ca3f5fe0bd6bbced65293e0b5548e882a816a3e0d3648166569a42e0
48,MESS02,STA12,STA11,TN_17,TN_44,1025.9203285217286,837.6098556518555,882.0973434448242,12.138799999999998,ORIGINAL_ABSTRACT_ROAD_SERVICE_ROUTE_NOT_NEW_PCC_GIS,2,2,600,50,2,True,14.3963057750298,1140.0,1125.6036942249702,660.0,465.60369422497024,True,True,1,PREREGISTERED_RESEARCH_DESIGN_NOT_FIELD,True,False,UNSELECTED_MAPPING_BOUND_SEPARATELY,UNVERIFIED,UNVERIFIED,COMMON_PROPER_TRANSFORM_SCHEMATIC_PROXY_REQUIRED_SEPARATELY,False,RL_17_11_01|RL_11_22_01|RL_22_44_01,f4386303c6ece2455d663b5996e900edd4062358f58dcd2a4234273a45f8aaa2,658fb2e56867a50597e9a21899748d8171439deda852e7db4f3339a99f71dd3d,c58710f5ca3f5fe0bd6bbced65293e0b5548e882a816a3e0d3648166569a42e0
48,MESS02,STA12,STA12,TN_17,TN_17,0.0,0.0,0.0,0.0,ORIGINAL_ABSTRACT_ROAD_SERVICE_ROUTE_NOT_NEW_PCC_GIS,0,0,600,48,1,True,0.0,1140.0,1140.0,660.0,480.0,True,True,1,PREREGISTERED_RESEARCH_DESIGN_NOT_FIELD,True,False,UNSELECTED_MAPPING_BOUND_SEPARATELY,UNVERIFIED,UNVERIFIED,COMMON_PROPER_TRANSFORM_SCHEMATIC_PROXY_REQUIRED_SEPARATELY,False,,f4386303c6ece2455d663b5996e900edd4062358f58dcd2a4234273a45f8aaa2,658fb2e56867a50597e9a21899748d8171439deda852e7db4f3339a99f71dd3d,c58710f5ca3f5fe0bd6bbced65293e0b5548e882a816a3e0d3648166569a42e0
48,MESS03,STA08,STA01,TN_47,TN_43,2774.5230278015138,2586.2125549316406,2723.572494506836,33.865320000000004,ORIGINAL_ABSTRACT_ROAD_SERVICE_ROUTE_NOT_NEW_PCC_GIS,4,4,600,52,4,True,47.419891420409414,1140.0,1092.5801085795906,660.0,432.5801085795906,True,True,1,PREREGISTERED_RESEARCH_DESIGN_NOT_FIELD,True,False,UNSELECTED_MAPPING_BOUND_SEPARATELY,UNVERIFIED,UNVERIFIED,COMMON_PROPER_TRANSFORM_SCHEMATIC_PROXY_REQUIRED_SEPARATELY,False,RL_47_20_01|RL_20_04_01|RL_04_05_01|RL_05_19_01|RL_19_43_01,f4386303c6ece2455d663b5996e900edd4062358f58dcd2a4234273a45f8aaa2,658fb2e56867a50597e9a21899748d8171439deda852e7db4f3339a99f71dd3d,c58710f5ca3f5fe0bd6bbced65293e0b5548e882a816a3e0d3648166569a42e0
48,MESS03,STA08,STA02,TN_47,TN_14,2539.4147819519044,2351.1043090820312,2475.977020263672,27.799519999999994,ORIGINAL_ABSTRACT_ROAD_SERVICE_ROUTE_NOT_NEW_PCC_GIS,3,4,600,52,3,True,32.760149926177306,1140.0,1107.2398500738227,660.0,447.2398500738227,True,True,1,PREREGISTERED_RESEARCH_DESIGN_NOT_FIELD,True,False,UNSELECTED_MAPPING_BOUND_SEPARATELY,UNVERIFIED,UNVERIFIED,COMMON_PROPER_TRANSFORM_SCHEMATIC_PROXY_REQUIRED_SEPARATELY,False,RL_47_25_01|RL_25_09_02|RL_09_14_01,f4386303c6ece2455d663b5996e900edd4062358f58dcd2a4234273a45f8aaa2,658fb2e56867a50597e9a21899748d8171439deda852e7db4f3339a99f71dd3d,c58710f5ca3f5fe0bd6bbced65293e0b5548e882a816a3e0d3648166569a42e0
48,MESS03,STA08,STA03,TN_47,TN_35,2079.9353813171388,1891.6249084472656,1992.0936584472656,24.85218,ORIGINAL_ABSTRACT_ROAD_SERVICE_ROUTE_NOT_NEW_PCC_GIS,3,3,600,51,3,True,27.514447614916936,1140.0,1112.485552385083,660.0,452.4855523850831,True,True,1,PREREGISTERED_RESEARCH_DESIGN_NOT_FIELD,True,False,UNSELECTED_MAPPING_BOUND_SEPARATELY,UNVERIFIED,UNVERIFIED,COMMON_PROPER_TRANSFORM_SCHEMATIC_PROXY_REQUIRED_SEPARATELY,False,RL_47_20_01|RL_20_39_01|RL_39_35_01,f4386303c6ece2455d663b5996e900edd4062358f58dcd2a4234273a45f8aaa2,658fb2e56867a50597e9a21899748d8171439deda852e7db4f3339a99f71dd3d,c58710f5ca3f5fe0bd6bbced65293e0b5548e882a816a3e0d3648166569a42e0
48,MESS03,STA08,STA04,TN_47,TN_28,1748.8936027526856,1560.5831298828125,1643.4693908691406,19.316660000000006,ORIGINAL_ABSTRACT_ROAD_SERVICE_ROUTE_NOT_NEW_PCC_GIS,2,3,600,51,3,True,25.620516643756105,1140.0,1114.3794833562438,660.0,454.3794833562438,True,True,1,PREREGISTERED_RESEARCH_DESIGN_NOT_FIELD,True,False,UNSELECTED_MAPPING_BOUND_SEPARATELY,UNVERIFIED,UNVERIFIED,COMMON_PROPER_TRANSFORM_SCHEMATIC_PROXY_REQUIRED_SEPARATELY,False,RL_47_25_01|RL_25_28_01,f4386303c6ece2455d663b5996e900edd4062358f58dcd2a4234273a45f8aaa2,658fb2e56867a50597e9a21899748d8171439deda852e7db4f3339a99f71dd3d,c58710f5ca3f5fe0bd6bbced65293e0b5548e882a816a3e0d3648166569a42e0
48,MESS03,STA08,STA05,TN_47,TN_37,1598.0212577819825,1409.7107849121094,1484.5838623046875,13.430529999999996,ORIGINAL_ABSTRACT_ROAD_SERVICE_ROUTE_NOT_NEW_PCC_GIS,2,3,600,51,2,True,13.673004344719619,1140.0,1126.3269956552804,660.0,466.32699565528037,True,True,1,PREREGISTERED_RESEARCH_DESIGN_NOT_FIELD,True,False,UNSELECTED_MAPPING_BOUND_SEPARATELY,UNVERIFIED,UNVERIFIED,COMMON_PROPER_TRANSFORM_SCHEMATIC_PROXY_REQUIRED_SEPARATELY,False,RL_47_20_01|RL_20_16_01|RL_16_37_01,f4386303c6ece2455d663b5996e900edd4062358f58dcd2a4234273a45f8aaa2,658fb2e56867a50597e9a21899748d8171439deda852e7db4f3339a99f71dd3d,c58710f5ca3f5fe0bd6bbced65293e0b5548e882a816a3e0d3648166569a42e0
48,MESS03,STA08,STA06,TN_47,TN_41,2403.9029106140138,2215.5924377441406,2333.267852783203,27.54529,ORIGINAL_ABSTRACT_ROAD_SERVICE_ROUTE_NOT_NEW_PCC_GIS,3,4,600,52,3,True,38.25147857718127,1140.0,1101.7485214228188,660.0,441.74852142281884,True,True,1,PREREGISTERED_RESEARCH_DESIGN_NOT_FIELD,True,False,UNSELECTED_MAPPING_BOUND_SEPARATELY,UNVERIFIED,UNVERIFIED,COMMON_PROPER_TRANSFORM_SCHEMATIC_PROXY_REQUIRED_SEPARATELY,False,RL_47_25_01|RL_25_07_01|RL_07_45_01|RL_45_41_01,f4386303c6ece2455d663b5996e900edd4062358f58dcd2a4234273a45f8aaa2,658fb2e56867a50597e9a21899748d8171439deda852e7db4f3339a99f71dd3d,c58710f5ca3f5fe0bd6bbced65293e0b5548e882a816a3e0d3648166569a42e0
48,MESS03,STA08,STA07,TN_47,TN_32,1578.534044647217,1390.2235717773438,1464.0616149902344,18.097310000000004,ORIGINAL_ABSTRACT_ROAD_SERVICE_ROUTE_NOT_NEW_PCC_GIS,2,3,600,51,3,True,28.930176710550445,1140.0,1111.0698232894495,660.0,451.06982328944946,True,True,1,PREREGISTERED_RESEARCH_DESIGN_NOT_FIELD,True,False,UNSELECTED_MAPPING_BOUND_SEPARATELY,UNVERIFIED,UNVERIFIED,COMMON_PROPER_TRANSFORM_SCHEMATIC_PROXY_REQUIRED_SEPARATELY,False,RL_47_25_01|RL_25_07_01|RL_07_32_01,f4386303c6ece2455d663b5996e900edd4062358f58dcd2a4234273a45f8aaa2,658fb2e56867a50597e9a21899748d8171439deda852e7db4f3339a99f71dd3d,c58710f5ca3f5fe0bd6bbced65293e0b5548e882a816a3e0d3648166569a42e0
48,MESS03,STA08,STA08,TN_47,TN_47,0.0,0.0,0.0,0.0,ORIGINAL_ABSTRACT_ROAD_SERVICE_ROUTE_NOT_NEW_PCC_GIS,0,0,600,48,1,True,0.0,1140.0,1140.0,660.0,480.0,True,True,1,PREREGISTERED_RESEARCH_DESIGN_NOT_FIELD,True,False,UNSELECTED_MAPPING_BOUND_SEPARATELY,UNVERIFIED,UNVERIFIED,COMMON_PROPER_TRANSFORM_SCHEMATIC_PROXY_REQUIRED_SEPARATELY,False,,f4386303c6ece2455d663b5996e900edd4062358f58dcd2a4234273a45f8aaa2,658fb2e56867a50597e9a21899748d8171439deda852e7db4f3339a99f71dd3d,c58710f5ca3f5fe0bd6bbced65293e0b5548e882a816a3e0d3648166569a42e0
48,MESS03,STA08,STA09,TN_47,TN_42,1923.0826896667481,1734.772216796875,1826.9100646972656,20.680840000000003,ORIGINAL_ABSTRACT_ROAD_SERVICE_ROUTE_NOT_NEW_PCC_GIS,3,3,600,51,3,True,30.84598793250755,1140.0,1109.1540120674924,660.0,449.15401206749243,True,True,1,PREREGISTERED_RESEARCH_DESIGN_NOT_FIELD,True,False,UNSELECTED_MAPPING_BOUND_SEPARATELY,UNVERIFIED,UNVERIFIED,COMMON_PROPER_TRANSFORM_SCHEMATIC_PROXY_REQUIRED_SEPARATELY,False,RL_47_25_01|RL_25_07_01|RL_07_42_01,f4386303c6ece2455d663b5996e900edd4062358f58dcd2a4234273a45f8aaa2,658fb2e56867a50597e9a21899748d8171439deda852e7db4f3339a99f71dd3d,c58710f5ca3f5fe0bd6bbced65293e0b5548e882a816a3e0d3648166569a42e0
48,MESS03,STA08,STA10,TN_47,TN_24,1866.7403129577638,1678.4298400878906,1767.5752868652344,18.03884,ORIGINAL_ABSTRACT_ROAD_SERVICE_ROUTE_NOT_NEW_PCC_GIS,3,3,600,51,3,True,17.873144685286807,1140.0,1122.126855314713,660.0,462.1268553147131,True,True,1,PREREGISTERED_RESEARCH_DESIGN_NOT_FIELD,True,False,UNSELECTED_MAPPING_BOUND_SEPARATELY,UNVERIFIED,UNVERIFIED,COMMON_PROPER_TRANSFORM_SCHEMATIC_PROXY_REQUIRED_SEPARATELY,False,RL_47_20_01|RL_20_39_01|RL_39_24_01,f4386303c6ece2455d663b5996e900edd4062358f58dcd2a4234273a45f8aaa2,658fb2e56867a50597e9a21899748d8171439deda852e7db4f3339a99f71dd3d,c58710f5ca3f5fe0bd6bbced65293e0b5548e882a816a3e0d3648166569a42e0
48,MESS03,STA08,STA11,TN_47,TN_44,1478.9992851257325,1290.6888122558594,1359.2403717041016,15.617740000000001,ORIGINAL_ABSTRACT_ROAD_SERVICE_ROUTE_NOT_NEW_PCC_GIS,2,3,600,51,2,True,18.816006675633272,1140.0,1121.1839933243668,660.0,461.18399332436684,True,True,1,PREREGISTERED_RESEARCH_DESIGN_NOT_FIELD,True,False,UNSELECTED_MAPPING_BOUND_SEPARATELY,UNVERIFIED,UNVERIFIED,COMMON_PROPER_TRANSFORM_SCHEMATIC_PROXY_REQUIRED_SEPARATELY,False,RL_47_20_01|RL_20_04_01|RL_04_30_02|RL_30_44_01,f4386303c6ece2455d663b5996e900edd4062358f58dcd2a4234273a45f8aaa2,658fb2e56867a50597e9a21899748d8171439deda852e7db4f3339a99f71dd3d,c58710f5ca3f5fe0bd6bbced65293e0b5548e882a816a3e0d3648166569a42e0
48,MESS03,STA08,STA12,TN_47,TN_17,2176.5863822937013,1988.2759094238281,2093.8780059814453,28.637830000000015,ORIGINAL_ABSTRACT_ROAD_SERVICE_ROUTE_NOT_NEW_PCC_GIS,3,4,600,52,3,True,41.72933962602586,1140.0,1098.2706603739741,660.0,438.2706603739741,True,True,1,PREREGISTERED_RESEARCH_DESIGN_NOT_FIELD,True,False,UNSELECTED_MAPPING_BOUND_SEPARATELY,UNVERIFIED,UNVERIFIED,COMMON_PROPER_TRANSFORM_SCHEMATIC_PROXY_REQUIRED_SEPARATELY,False,RL_47_20_01|RL_20_04_01|RL_04_17_01,f4386303c6ece2455d663b5996e900edd4062358f58dcd2a4234273a45f8aaa2,658fb2e56867a50597e9a21899748d8171439deda852e7db4f3339a99f71dd3d,c58710f5ca3f5fe0bd6bbced65293e0b5548e882a816a3e0d3648166569a42e0
48,MESS04,STA06,STA01,TN_41,TN_43,1810.6837638854981,1622.373291015625,1708.5414733886719,20.485349999999997,ORIGINAL_ABSTRACT_ROAD_SERVICE_ROUTE_NOT_NEW_PCC_GIS,3,3,600,51,3,True,31.78112333392992,1140.0,1108.2188766660702,660.0,448.2188766660702,True,True,1,PREREGISTERED_RESEARCH_DESIGN_NOT_FIELD,True,False,UNSELECTED_MAPPING_BOUND_SEPARATELY,UNVERIFIED,UNVERIFIED,COMMON_PROPER_TRANSFORM_SCHEMATIC_PROXY_REQUIRED_SEPARATELY,False,RL_41_05_01|RL_05_19_01|RL_19_43_01,f4386303c6ece2455d663b5996e900edd4062358f58dcd2a4234273a45f8aaa2,658fb2e56867a50597e9a21899748d8171439deda852e7db4f3339a99f71dd3d,c58710f5ca3f5fe0bd6bbced65293e0b5548e882a816a3e0d3648166569a42e0
48,MESS04,STA06,STA02,TN_41,TN_14,1308.4825920104981,1120.172119140625,1179.667236328125,20.145829999999997,ORIGINAL_ABSTRACT_ROAD_SERVICE_ROUTE_NOT_NEW_PCC_GIS,2,3,600,51,2,True,29.81979541626066,1140.0,1110.1802045837394,660.0,450.1802045837394,True,True,1,PREREGISTERED_RESEARCH_DESIGN_NOT_FIELD,True,False,UNSELECTED_MAPPING_BOUND_SEPARATELY,UNVERIFIED,UNVERIFIED,COMMON_PROPER_TRANSFORM_SCHEMATIC_PROXY_REQUIRED_SEPARATELY,False,RL_41_14_01,f4386303c6ece2455d663b5996e900edd4062358f58dcd2a4234273a45f8aaa2,658fb2e56867a50597e9a21899748d8171439deda852e7db4f3339a99f71dd3d,c58710f5ca3f5fe0bd6bbced65293e0b5548e882a816a3e0d3648166569a42e0
48,MESS04,STA06,STA03,TN_41,TN_35,1908.5635475158692,1720.253074645996,1811.6199035644531,26.336739999999995,ORIGINAL_ABSTRACT_ROAD_SERVICE_ROUTE_NOT_NEW_PCC_GIS,3,3,600,51,3,True,32.89973812348148,1140.0,1107.1002618765185,660.0,447.1002618765185,True,True,1,PREREGISTERED_RESEARCH_DESIGN_NOT_FIELD,True,False,UNSELECTED_MAPPING_BOUND_SEPARATELY,UNVERIFIED,UNVERIFIED,COMMON_PROPER_TRANSFORM_SCHEMATIC_PROXY_REQUIRED_SEPARATELY,False,RL_41_14_01|RL_14_23_01|RL_23_27_01|RL_27_35_01,f4386303c6ece2455d663b5996e900edd4062358f58dcd2a4234273a45f8aaa2,658fb2e56867a50597e9a21899748d8171439deda852e7db4f3339a99f71dd3d,c58710f5ca3f5fe0bd6bbced65293e0b5548e882a816a3e0d3648166569a42e0
48,MESS04,STA06,STA04,TN_41,TN_28,1367.4362968444825,1179.1258239746094,1241.7520446777344,14.889309999999995,ORIGINAL_ABSTRACT_ROAD_SERVICE_ROUTE_NOT_NEW_PCC_GIS,2,3,600,51,2,True,21.7132633779787,1140.0,1118.2867366220214,660.0,458.2867366220214,True,True,1,PREREGISTERED_RESEARCH_DESIGN_NOT_FIELD,True,False,UNSELECTED_MAPPING_BOUND_SEPARATELY,UNVERIFIED,UNVERIFIED,COMMON_PROPER_TRANSFORM_SCHEMATIC_PROXY_REQUIRED_SEPARATELY,False,RL_41_05_01|RL_05_28_01,f4386303c6ece2455d663b5996e900edd4062358f58dcd2a4234273a45f8aaa2,658fb2e56867a50597e9a21899748d8171439deda852e7db4f3339a99f71dd3d,c58710f5ca3f5fe0bd6bbced65293e0b5548e882a816a3e0d3648166569a42e0
48,MESS04,STA06,STA05,TN_41,TN_37,2088.659075164795,1900.3486022949219,2001.2806701660156,25.297389999999996,ORIGINAL_ABSTRACT_ROAD_SERVICE_ROUTE_NOT_NEW_PCC_GIS,3,3,600,51,3,True,30.220251054943233,1140.0,1109.7797489450568,660.0,449.7797489450568,True,True,1,PREREGISTERED_RESEARCH_DESIGN_NOT_FIELD,True,False,UNSELECTED_MAPPING_BOUND_SEPARATELY,UNVERIFIED,UNVERIFIED,COMMON_PROPER_TRANSFORM_SCHEMATIC_PROXY_REQUIRED_SEPARATELY,False,RL_41_05_01|RL_05_13_01|RL_13_37_01,f4386303c6ece2455d663b5996e900edd4062358f58dcd2a4234273a45f8aaa2,658fb2e56867a50597e9a21899748d8171439deda852e7db4f3339a99f71dd3d,c58710f5ca3f5fe0bd6bbced65293e0b5548e882a816a3e0d3648166569a42e0
48,MESS04,STA06,STA06,TN_41,TN_41,0.0,0.0,0.0,0.0,ORIGINAL_ABSTRACT_ROAD_SERVICE_ROUTE_NOT_NEW_PCC_GIS,0,0,600,48,1,True,0.0,1140.0,1140.0,660.0,480.0,True,True,1,PREREGISTERED_RESEARCH_DESIGN_NOT_FIELD,True,False,UNSELECTED_MAPPING_BOUND_SEPARATELY,UNVERIFIED,UNVERIFIED,COMMON_PROPER_TRANSFORM_SCHEMATIC_PROXY_REQUIRED_SEPARATELY,False,,f4386303c6ece2455d663b5996e900edd4062358f58dcd2a4234273a45f8aaa2,658fb2e56867a50597e9a21899748d8171439deda852e7db4f3339a99f71dd3d,c58710f5ca3f5fe0bd6bbced65293e0b5548e882a816a3e0d3648166569a42e0
48,MESS04,STA06,STA07,TN_41,TN_32,1663.3837150573731,1475.0732421875,1553.4179077148438,16.555399999999995,ORIGINAL_ABSTRACT_ROAD_SERVICE_ROUTE_NOT_NEW_PCC_GIS,2,3,600,51,3,True,29.21346303661784,1140.0,1110.786536963382,660.0,450.7865369633821,True,True,1,PREREGISTERED_RESEARCH_DESIGN_NOT_FIELD,True,False,UNSELECTED_MAPPING_BOUND_SEPARATELY,UNVERIFIED,UNVERIFIED,COMMON_PROPER_TRANSFORM_SCHEMATIC_PROXY_REQUIRED_SEPARATELY,False,RL_41_45_01|RL_45_07_01|RL_07_32_01,f4386303c6ece2455d663b5996e900edd4062358f58dcd2a4234273a45f8aaa2,658fb2e56867a50597e9a21899748d8171439deda852e7db4f3339a99f71dd3d,c58710f5ca3f5fe0bd6bbced65293e0b5548e882a816a3e0d3648166569a42e0
48,MESS04,STA06,STA08,TN_41,TN_47,1833.9475273132325,1645.6370544433594,1733.0408020019531,18.618379999999995,ORIGINAL_ABSTRACT_ROAD_SERVICE_ROUTE_NOT_NEW_PCC_GIS,3,3,600,51,3,True,31.635540990813276,1140.0,1108.3644590091867,660.0,448.3644590091867,True,True,1,PREREGISTERED_RESEARCH_DESIGN_NOT_FIELD,True,False,UNSELECTED_MAPPING_BOUND_SEPARATELY,UNVERIFIED,UNVERIFIED,COMMON_PROPER_TRANSFORM_SCHEMATIC_PROXY_REQUIRED_SEPARATELY,False,RL_41_45_01|RL_45_07_01|RL_07_47_01,f4386303c6ece2455d663b5996e900edd4062358f58dcd2a4234273a45f8aaa2,658fb2e56867a50597e9a21899748d8171439deda852e7db4f3339a99f71dd3d,c58710f5ca3f5fe0bd6bbced65293e0b5548e882a816a3e0d3648166569a42e0
48,MESS04,STA06,STA09,TN_41,TN_42,2007.9323600769044,1819.6218872070312,1916.266357421875,19.138929999999995,ORIGINAL_ABSTRACT_ROAD_SERVICE_ROUTE_NOT_NEW_PCC_GIS,3,3,600,51,3,True,31.32860022058687,1140.0,1108.6713997794132,660.0,448.67139977941315,True,True,1,PREREGISTERED_RESEARCH_DESIGN_NOT_FIELD,True,False,UNSELECTED_MAPPING_BOUND_SEPARATELY,UNVERIFIED,UNVERIFIED,COMMON_PROPER_TRANSFORM_SCHEMATIC_PROXY_REQUIRED_SEPARATELY,False,RL_41_45_01|RL_45_07_01|RL_07_42_01,f4386303c6ece2455d663b5996e900edd4062358f58dcd2a4234273a45f8aaa2,658fb2e56867a50597e9a21899748d8171439deda852e7db4f3339a99f71dd3d,c58710f5ca3f5fe0bd6bbced65293e0b5548e882a816a3e0d3648166569a42e0
48,MESS04,STA06,STA10,TN_41,TN_24,2654.5212882995606,2466.2108154296875,2597.1970825195312,30.94163,ORIGINAL_ABSTRACT_ROAD_SERVICE_ROUTE_NOT_NEW_PCC_GIS,3,4,600,52,4,True,36.862993354984674,1140.0,1103.1370066450154,660.0,443.1370066450154,True,True,1,PREREGISTERED_RESEARCH_DESIGN_NOT_FIELD,True,False,UNSELECTED_MAPPING_BOUND_SEPARATELY,UNVERIFIED,UNVERIFIED,COMMON_PROPER_TRANSFORM_SCHEMATIC_PROXY_REQUIRED_SEPARATELY,False,RL_41_05_01|RL_05_09_01|RL_09_24_01,f4386303c6ece2455d663b5996e900edd4062358f58dcd2a4234273a45f8aaa2,658fb2e56867a50597e9a21899748d8171439deda852e7db4f3339a99f71dd3d,c58710f5ca3f5fe0bd6bbced65293e0b5548e882a816a3e0d3648166569a42e0
48,MESS04,STA06,STA11,TN_41,TN_44,2887.9219230651856,2699.6114501953125,2842.9942321777344,34.61006999999999,ORIGINAL_ABSTRACT_ROAD_SERVICE_ROUTE_NOT_NEW_PCC_GIS,4,4,600,52,4,True,43.75829986995336,1140.0,1096.2417001300466,660.0,436.24170013004664,True,True,1,PREREGISTERED_RESEARCH_DESIGN_NOT_FIELD,True,False,UNSELECTED_MAPPING_BOUND_SEPARATELY,UNVERIFIED,UNVERIFIED,COMMON_PROPER_TRANSFORM_SCHEMATIC_PROXY_REQUIRED_SEPARATELY,False,RL_41_05_01|RL_05_09_01|RL_09_21_02|RL_21_44_01,f4386303c6ece2455d663b5996e900edd4062358f58dcd2a4234273a45f8aaa2,658fb2e56867a50597e9a21899748d8171439deda852e7db4f3339a99f71dd3d,c58710f5ca3f5fe0bd6bbced65293e0b5548e882a816a3e0d3648166569a42e0
48,MESS04,STA06,STA12,TN_41,TN_17,2597.6187004089356,2409.3082275390625,2537.2723388671875,32.43063,ORIGINAL_ABSTRACT_ROAD_SERVICE_ROUTE_NOT_NEW_PCC_GIS,3,4,600,52,4,True,50.234264930743215,1140.0,1089.7657350692568,660.0,429.76573506925683,True,True,1,PREREGISTERED_RESEARCH_DESIGN_NOT_FIELD,True,False,UNSELECTED_MAPPING_BOUND_SEPARATELY,UNVERIFIED,UNVERIFIED,COMMON_PROPER_TRANSFORM_SCHEMATIC_PROXY_REQUIRED_SEPARATELY,False,RL_41_45_01|RL_45_07_01|RL_07_18_01|RL_18_17_01,f4386303c6ece2455d663b5996e900edd4062358f58dcd2a4234273a45f8aaa2,658fb2e56867a50597e9a21899748d8171439deda852e7db4f3339a99f71dd3d,c58710f5ca3f5fe0bd6bbced65293e0b5548e882a816a3e0d3648166569a42e0
48,MESS05,STA03,STA01,TN_35,TN_43,1265.6063713073731,1077.2958984375,1134.513671875,14.441180000000001,ORIGINAL_ABSTRACT_ROAD_SERVICE_ROUTE_NOT_NEW_PCC_GIS,2,3,600,51,2,True,18.925927246499043,1140.0,1121.074072753501,660.0,461.074072753501,True,True,1,PREREGISTERED_RESEARCH_DESIGN_NOT_FIELD,True,False,UNSELECTED_MAPPING_BOUND_SEPARATELY,UNVERIFIED,UNVERIFIED,COMMON_PROPER_TRANSFORM_SCHEMATIC_PROXY_REQUIRED_SEPARATELY,False,RL_35_14_01|RL_14_43_01,f4386303c6ece2455d663b5996e900edd4062358f58dcd2a4234273a45f8aaa2,658fb2e56867a50597e9a21899748d8171439deda852e7db4f3339a99f71dd3d,c58710f5ca3f5fe0bd6bbced65293e0b5548e882a816a3e0d3648166569a42e0
48,MESS05,STA03,STA02,TN_35,TN_14,718.2510856628419,529.9406127929688,558.0870361328125,9.11638,ORIGINAL_ABSTRACT_ROAD_SERVICE_ROUTE_NOT_NEW_PCC_GIS,1,2,600,50,2,True,11.906533201331087,1140.0,1128.093466798669,660.0,468.09346679866894,True,True,1,PREREGISTERED_RESEARCH_DESIGN_NOT_FIELD,True,False,UNSELECTED_MAPPING_BOUND_SEPARATELY,UNVERIFIED,UNVERIFIED,COMMON_PROPER_TRANSFORM_SCHEMATIC_PROXY_REQUIRED_SEPARATELY,False,RL_35_14_01,f4386303c6ece2455d663b5996e900edd4062358f58dcd2a4234273a45f8aaa2,658fb2e56867a50597e9a21899748d8171439deda852e7db4f3339a99f71dd3d,c58710f5ca3f5fe0bd6bbced65293e0b5548e882a816a3e0d3648166569a42e0
48,MESS05,STA03,STA03,TN_35,TN_35,0.0,0.0,0.0,0.0,ORIGINAL_ABSTRACT_ROAD_SERVICE_ROUTE_NOT_NEW_PCC_GIS,0,0,600,48,1,True,0.0,1140.0,1140.0,660.0,480.0,True,True,1,PREREGISTERED_RESEARCH_DESIGN_NOT_FIELD,True,False,UNSELECTED_MAPPING_BOUND_SEPARATELY,UNVERIFIED,UNVERIFIED,COMMON_PROPER_TRANSFORM_SCHEMATIC_PROXY_REQUIRED_SEPARATELY,False,,f4386303c6ece2455d663b5996e900edd4062358f58dcd2a4234273a45f8aaa2,658fb2e56867a50597e9a21899748d8171439deda852e7db4f3339a99f71dd3d,c58710f5ca3f5fe0bd6bbced65293e0b5548e882a816a3e0d3648166569a42e0
48,MESS05,STA03,STA04,TN_35,TN_28,1657.652941131592,1469.3424682617188,1547.3827514648438,20.076919999999998,ORIGINAL_ABSTRACT_ROAD_SERVICE_ROUTE_NOT_NEW_PCC_GIS,2,3,600,51,3,True,28.857344535311466,1140.0,1111.1426554646885,660.0,451.14265546468846,True,True,1,PREREGISTERED_RESEARCH_DESIGN_NOT_FIELD,True,False,UNSELECTED_MAPPING_BOUND_SEPARATELY,UNVERIFIED,UNVERIFIED,COMMON_PROPER_TRANSFORM_SCHEMATIC_PROXY_REQUIRED_SEPARATELY,False,RL_35_46_01|RL_46_05_01|RL_05_28_01,f4386303c6ece2455d663b5996e900edd4062358f58dcd2a4234273a45f8aaa2,658fb2e56867a50597e9a21899748d8171439deda852e7db4f3339a99f71dd3d,c58710f5ca3f5fe0bd6bbced65293e0b5548e882a816a3e0d3648166569a42e0
48,MESS05,STA03,STA05,TN_35,TN_37,763.9940055847169,575.6835327148438,606.2594604492188,9.49954,ORIGINAL_ABSTRACT_ROAD_SERVICE_ROUTE_NOT_NEW_PCC_GIS,1,2,600,50,2,True,10.213149662508679,1140.0,1129.7868503374914,660.0,469.7868503374914,True,True,1,PREREGISTERED_RESEARCH_DESIGN_NOT_FIELD,True,False,UNSELECTED_MAPPING_BOUND_SEPARATELY,UNVERIFIED,UNVERIFIED,COMMON_PROPER_TRANSFORM_SCHEMATIC_PROXY_REQUIRED_SEPARATELY,False,RL_35_13_01|RL_13_37_01,f4386303c6ece2455d663b5996e900edd4062358f58dcd2a4234273a45f8aaa2,658fb2e56867a50597e9a21899748d8171439deda852e7db4f3339a99f71dd3d,c58710f5ca3f5fe0bd6bbced65293e0b5548e882a816a3e0d3648166569a42e0
48,MESS05,STA03,STA06,TN_35,TN_41,1911.762316131592,1723.4518432617188,1814.988525390625,29.741700000000005,ORIGINAL_ABSTRACT_ROAD_SERVICE_ROUTE_NOT_NEW_PCC_GIS,3,3,600,51,3,True,40.597215536392284,1140.0,1099.4027844636078,660.0,439.40278446360776,True,True,1,PREREGISTERED_RESEARCH_DESIGN_NOT_FIELD,True,False,UNSELECTED_MAPPING_BOUND_SEPARATELY,UNVERIFIED,UNVERIFIED,COMMON_PROPER_TRANSFORM_SCHEMATIC_PROXY_REQUIRED_SEPARATELY,False,RL_35_14_01|RL_14_41_01,f4386303c6ece2455d663b5996e900edd4062358f58dcd2a4234273a45f8aaa2,658fb2e56867a50597e9a21899748d8171439deda852e7db4f3339a99f71dd3d,c58710f5ca3f5fe0bd6bbced65293e0b5548e882a816a3e0d3648166569a42e0
48,MESS05,STA03,STA07,TN_35,TN_32,2254.1193717956544,2065.8088989257812,2175.5289306640625,31.60127,ORIGINAL_ABSTRACT_ROAD_SERVICE_ROUTE_NOT_NEW_PCC_GIS,3,4,600,52,4,True,49.508374956821946,1140.0,1090.4916250431781,660.0,430.49162504317815,True,True,1,PREREGISTERED_RESEARCH_DESIGN_NOT_FIELD,True,False,UNSELECTED_MAPPING_BOUND_SEPARATELY,UNVERIFIED,UNVERIFIED,COMMON_PROPER_TRANSFORM_SCHEMATIC_PROXY_REQUIRED_SEPARATELY,False,RL_35_13_01|RL_13_37_01|RL_37_07_01|RL_07_32_01,f4386303c6ece2455d663b5996e900edd4062358f58dcd2a4234273a45f8aaa2,658fb2e56867a50597e9a21899748d8171439deda852e7db4f3339a99f71dd3d,c58710f5ca3f5fe0bd6bbced65293e0b5548e882a816a3e0d3648166569a42e0
48,MESS05,STA03,STA08,TN_35,TN_47,2424.6831840515138,2236.3727111816406,2355.151824951172,33.664249999999996,ORIGINAL_ABSTRACT_ROAD_SERVICE_ROUTE_NOT_NEW_PCC_GIS,3,4,600,52,4,True,51.8497835837316,1140.0,1088.1502164162684,660.0,428.15021641626845,True,True,1,PREREGISTERED_RESEARCH_DESIGN_NOT_FIELD,True,False,UNSELECTED_MAPPING_BOUND_SEPARATELY,UNVERIFIED,UNVERIFIED,COMMON_PROPER_TRANSFORM_SCHEMATIC_PROXY_REQUIRED_SEPARATELY,False,RL_35_13_01|RL_13_37_01|RL_37_07_01|RL_07_47_01,f4386303c6ece2455d663b5996e900edd4062358f58dcd2a4234273a45f8aaa2,658fb2e56867a50597e9a21899748d8171439deda852e7db4f3339a99f71dd3d,c58710f5ca3f5fe0bd6bbced65293e0b5548e882a816a3e0d3648166569a42e0
48,MESS05,STA03,STA09,TN_35,TN_42,2598.6680168151856,2410.3575439453125,2538.3773803710938,34.184799999999996,ORIGINAL_ABSTRACT_ROAD_SERVICE_ROUTE_NOT_NEW_PCC_GIS,3,4,600,52,4,True,50.93514538349606,1140.0,1089.064854616504,660.0,429.0648546165039,True,True,1,PREREGISTERED_RESEARCH_DESIGN_NOT_FIELD,True,False,UNSELECTED_MAPPING_BOUND_SEPARATELY,UNVERIFIED,UNVERIFIED,COMMON_PROPER_TRANSFORM_SCHEMATIC_PROXY_REQUIRED_SEPARATELY,False,RL_35_13_01|RL_13_37_01|RL_37_07_01|RL_07_42_01,f4386303c6ece2455d663b5996e900edd4062358f58dcd2a4234273a45f8aaa2,658fb2e56867a50597e9a21899748d8171439deda852e7db4f3339a99f71dd3d,c58710f5ca3f5fe0bd6bbced65293e0b5548e882a816a3e0d3648166569a42e0
48,MESS05,STA03,STA10,TN_35,TN_24,1752.1510490417481,1563.840576171875,1646.89990234375,21.105490000000003,ORIGINAL_ABSTRACT_ROAD_SERVICE_ROUTE_NOT_NEW_PCC_GIS,2,3,600,51,3,True,23.649826125020688,1140.0,1116.3501738749794,660.0,456.3501738749794,True,True,1,PREREGISTERED_RESEARCH_DESIGN_NOT_FIELD,True,False,UNSELECTED_MAPPING_BOUND_SEPARATELY,UNVERIFIED,UNVERIFIED,COMMON_PROPER_TRANSFORM_SCHEMATIC_PROXY_REQUIRED_SEPARATELY,False,RL_35_13_01|RL_13_21_02|RL_21_24_01,f4386303c6ece2455d663b5996e900edd4062358f58dcd2a4234273a45f8aaa2,658fb2e56867a50597e9a21899748d8171439deda852e7db4f3339a99f71dd3d,c58710f5ca3f5fe0bd6bbced65293e0b5548e882a816a3e0d3648166569a42e0
48,MESS05,STA03,STA11,TN_35,TN_44,1906.5487541198731,1718.23828125,1809.498046875,25.214509999999994,ORIGINAL_ABSTRACT_ROAD_SERVICE_ROUTE_NOT_NEW_PCC_GIS,3,3,600,51,3,True,30.610564381274557,1140.0,1109.3894356187254,660.0,449.38943561872543,True,True,1,PREREGISTERED_RESEARCH_DESIGN_NOT_FIELD,True,False,UNSELECTED_MAPPING_BOUND_SEPARATELY,UNVERIFIED,UNVERIFIED,COMMON_PROPER_TRANSFORM_SCHEMATIC_PROXY_REQUIRED_SEPARATELY,False,RL_35_44_01,f4386303c6ece2455d663b5996e900edd4062358f58dcd2a4234273a45f8aaa2,658fb2e56867a50597e9a21899748d8171439deda852e7db4f3339a99f71dd3d,c58710f5ca3f5fe0bd6bbced65293e0b5548e882a816a3e0d3648166569a42e0
48,MESS05,STA03,STA12,TN_35,TN_17,2632.8784965515138,2444.5680236816406,2574.4049377441406,40.051710000000014,ORIGINAL_ABSTRACT_ROAD_SERVICE_ROUTE_NOT_NEW_PCC_GIS,3,4,600,52,3,True,56.000482741175034,1140.0,1083.9995172588249,660.0,423.9995172588249,True,True,1,PREREGISTERED_RESEARCH_DESIGN_NOT_FIELD,True,False,UNSELECTED_MAPPING_BOUND_SEPARATELY,UNVERIFIED,UNVERIFIED,COMMON_PROPER_TRANSFORM_SCHEMATIC_PROXY_REQUIRED_SEPARATELY,False,RL_35_13_01|RL_13_17_01,f4386303c6ece2455d663b5996e900edd4062358f58dcd2a4234273a45f8aaa2,658fb2e56867a50597e9a21899748d8171439deda852e7db4f3339a99f71dd3d,c58710f5ca3f5fe0bd6bbced65293e0b5548e882a816a3e0d3648166569a42e0
48,MESS06,STA10,STA01,TN_24,TN_43,2533.188097381592,2344.8776245117188,2469.419746398926,33.20938,ORIGINAL_ABSTRACT_ROAD_SERVICE_ROUTE_NOT_NEW_PCC_GIS,3,4,600,52,4,True,48.98403555684618,1140.0,1091.0159644431537,660.0,431.01596444315373,True,True,1,PREREGISTERED_RESEARCH_DESIGN_NOT_FIELD,True,False,UNSELECTED_MAPPING_BOUND_SEPARATELY,UNVERIFIED,UNVERIFIED,COMMON_PROPER_TRANSFORM_SCHEMATIC_PROXY_REQUIRED_SEPARATELY,False,RL_24_39_01|RL_39_21_03|RL_21_09_02|RL_09_19_01|RL_19_43_01,f4386303c6ece2455d663b5996e900edd4062358f58dcd2a4234273a45f8aaa2,658fb2e56867a50597e9a21899748d8171439deda852e7db4f3339a99f71dd3d,c58710f5ca3f5fe0bd6bbced65293e0b5548e882a816a3e0d3648166569a42e0
48,MESS06,STA10,STA02,TN_24,TN_14,2052.702074432373,1864.3916015625,1963.4139404296875,28.949340000000007,ORIGINAL_ABSTRACT_ROAD_SERVICE_ROUTE_NOT_NEW_PCC_GIS,3,3,600,51,3,True,35.95800560607775,1140.0,1104.0419943939223,660.0,444.0419943939223,True,True,1,PREREGISTERED_RESEARCH_DESIGN_NOT_FIELD,True,False,UNSELECTED_MAPPING_BOUND_SEPARATELY,UNVERIFIED,UNVERIFIED,COMMON_PROPER_TRANSFORM_SCHEMATIC_PROXY_REQUIRED_SEPARATELY,False,RL_24_39_01|RL_39_35_01|RL_35_14_01,f4386303c6ece2455d663b5996e900edd4062358f58dcd2a4234273a45f8aaa2,658fb2e56867a50597e9a21899748d8171439deda852e7db4f3339a99f71dd3d,c58710f5ca3f5fe0bd6bbced65293e0b5548e882a816a3e0d3648166569a42e0
48,MESS06,STA10,STA03,TN_24,TN_35,1522.7614616394044,1334.4509887695312,1405.326904296875,19.832960000000007,ORIGINAL_ABSTRACT_ROAD_SERVICE_ROUTE_NOT_NEW_PCC_GIS,2,3,600,51,3,True,24.17503813664179,1140.0,1115.824961863358,660.0,455.8249618633581,True,True,1,PREREGISTERED_RESEARCH_DESIGN_NOT_FIELD,True,False,UNSELECTED_MAPPING_BOUND_SEPARATELY,UNVERIFIED,UNVERIFIED,COMMON_PROPER_TRANSFORM_SCHEMATIC_PROXY_REQUIRED_SEPARATELY,False,RL_24_39_01|RL_39_35_01,f4386303c6ece2455d663b5996e900edd4062358f58dcd2a4234273a45f8aaa2,658fb2e56867a50597e9a21899748d8171439deda852e7db4f3339a99f71dd3d,c58710f5ca3f5fe0bd6bbced65293e0b5548e882a816a3e0d3648166569a42e0
48,MESS06,STA10,STA04,TN_24,TN_28,1707.7130607604981,1519.402587890625,1600.1016845703125,19.793140000000015,ORIGINAL_ABSTRACT_ROAD_SERVICE_ROUTE_NOT_NEW_PCC_GIS,2,3,600,51,3,True,27.194350857426034,1140.0,1112.8056491425739,660.0,452.8056491425739,True,True,1,PREREGISTERED_RESEARCH_DESIGN_NOT_FIELD,True,False,UNSELECTED_MAPPING_BOUND_SEPARATELY,UNVERIFIED,UNVERIFIED,COMMON_PROPER_TRANSFORM_SCHEMATIC_PROXY_REQUIRED_SEPARATELY,False,RL_24_28_01,f4386303c6ece2455d663b5996e900edd4062358f58dcd2a4234273a45f8aaa2,658fb2e56867a50597e9a21899748d8171439deda852e7db4f3339a99f71dd3d,c58710f5ca3f5fe0bd6bbced65293e0b5548e882a816a3e0d3648166569a42e0
48,MESS06,STA10,STA05,TN_24,TN_37,1388.880968475342,1200.5704956054688,1264.3356704711914,12.402790000000001,ORIGINAL_ABSTRACT_ROAD_SERVICE_ROUTE_NOT_NEW_PCC_GIS,2,3,600,51,2,True,13.85691514244361,1140.0,1126.1430848575565,660.0,466.14308485755646,True,True,1,PREREGISTERED_RESEARCH_DESIGN_NOT_FIELD,True,False,UNSELECTED_MAPPING_BOUND_SEPARATELY,UNVERIFIED,UNVERIFIED,COMMON_PROPER_TRANSFORM_SCHEMATIC_PROXY_REQUIRED_SEPARATELY,False,RL_24_39_01|RL_39_21_03|RL_21_09_02|RL_09_37_01,f4386303c6ece2455d663b5996e900edd4062358f58dcd2a4234273a45f8aaa2,658fb2e56867a50597e9a21899748d8171439deda852e7db4f3339a99f71dd3d,c58710f5ca3f5fe0bd6bbced65293e0b5548e882a816a3e0d3648166569a42e0
48,MESS06,STA10,STA06,TN_24,TN_41,2631.300157928467,2442.9896850585938,2572.742744445801,31.167810000000003,ORIGINAL_ABSTRACT_ROAD_SERVICE_ROUTE_NOT_NEW_PCC_GIS,3,4,600,52,4,True,41.1593743445424,1140.0,1098.8406256554576,660.0,438.84062565545764,True,True,1,PREREGISTERED_RESEARCH_DESIGN_NOT_FIELD,True,False,UNSELECTED_MAPPING_BOUND_SEPARATELY,UNVERIFIED,UNVERIFIED,COMMON_PROPER_TRANSFORM_SCHEMATIC_PROXY_REQUIRED_SEPARATELY,False,RL_24_39_01|RL_39_21_03|RL_21_09_02|RL_09_05_01|RL_05_41_01,f4386303c6ece2455d663b5996e900edd4062358f58dcd2a4234273a45f8aaa2,658fb2e56867a50597e9a21899748d8171439deda852e7db4f3339a99f71dd3d,c58710f5ca3f5fe0bd6bbced65293e0b5548e882a816a3e0d3648166569a42e0
48,MESS06,STA10,STA07,TN_24,TN_32,2337.955431365967,2149.6449584960938,2263.817695617676,29.63554,ORIGINAL_ABSTRACT_ROAD_SERVICE_ROUTE_NOT_NEW_PCC_GIS,3,4,600,52,3,True,46.954528989285365,1140.0,1093.0454710107147,660.0,433.04547101071466,True,True,1,PREREGISTERED_RESEARCH_DESIGN_NOT_FIELD,True,False,UNSELECTED_MAPPING_BOUND_SEPARATELY,UNVERIFIED,UNVERIFIED,COMMON_PROPER_TRANSFORM_SCHEMATIC_PROXY_REQUIRED_SEPARATELY,False,RL_24_39_01|RL_39_21_03|RL_21_09_02|RL_09_07_01|RL_07_32_01,f4386303c6ece2455d663b5996e900edd4062358f58dcd2a4234273a45f8aaa2,658fb2e56867a50597e9a21899748d8171439deda852e7db4f3339a99f71dd3d,c58710f5ca3f5fe0bd6bbced65293e0b5548e882a816a3e0d3648166569a42e0
48,MESS06,STA10,STA08,TN_24,TN_47,2508.5192436218263,2320.208770751953,2443.440589904785,31.69852,ORIGINAL_ABSTRACT_ROAD_SERVICE_ROUTE_NOT_NEW_PCC_GIS,3,4,600,52,3,True,49.35929925735256,1140.0,1090.6407007426474,660.0,430.64070074264737,True,True,1,PREREGISTERED_RESEARCH_DESIGN_NOT_FIELD,True,False,UNSELECTED_MAPPING_BOUND_SEPARATELY,UNVERIFIED,UNVERIFIED,COMMON_PROPER_TRANSFORM_SCHEMATIC_PROXY_REQUIRED_SEPARATELY,False,RL_24_39_01|RL_39_21_03|RL_21_09_02|RL_09_07_01|RL_07_47_01,f4386303c6ece2455d663b5996e900edd4062358f58dcd2a4234273a45f8aaa2,658fb2e56867a50597e9a21899748d8171439deda852e7db4f3339a99f71dd3d,c58710f5ca3f5fe0bd6bbced65293e0b5548e882a816a3e0d3648166569a42e0
48,MESS06,STA10,STA09,TN_24,TN_42,2572.044298553467,2383.7338256835938,2510.3396606445312,29.600020000000008,ORIGINAL_ABSTRACT_ROAD_SERVICE_ROUTE_NOT_NEW_PCC_GIS,3,4,600,52,3,True,44.37174993633692,1140.0,1095.628250063663,660.0,435.628250063663,True,True,1,PREREGISTERED_RESEARCH_DESIGN_NOT_FIELD,True,False,UNSELECTED_MAPPING_BOUND_SEPARATELY,UNVERIFIED,UNVERIFIED,COMMON_PROPER_TRANSFORM_SCHEMATIC_PROXY_REQUIRED_SEPARATELY,False,RL_24_11_01|RL_11_18_01|RL_18_42_01,f4386303c6ece2455d663b5996e900edd4062358f58dcd2a4234273a45f8aaa2,658fb2e56867a50597e9a21899748d8171439deda852e7db4f3339a99f71dd3d,c58710f5ca3f5fe0bd6bbced65293e0b5548e882a816a3e0d3648166569a42e0
48,MESS06,STA10,STA10,TN_24,TN_24,0.0,0.0,0.0,0.0,ORIGINAL_ABSTRACT_ROAD_SERVICE_ROUTE_NOT_NEW_PCC_GIS,0,0,600,48,1,True,0.0,1140.0,1140.0,660.0,480.0,True,True,1,PREREGISTERED_RESEARCH_DESIGN_NOT_FIELD,True,False,UNSELECTED_MAPPING_BOUND_SEPARATELY,UNVERIFIED,UNVERIFIED,COMMON_PROPER_TRANSFORM_SCHEMATIC_PROXY_REQUIRED_SEPARATELY,False,,f4386303c6ece2455d663b5996e900edd4062358f58dcd2a4234273a45f8aaa2,658fb2e56867a50597e9a21899748d8171439deda852e7db4f3339a99f71dd3d,c58710f5ca3f5fe0bd6bbced65293e0b5548e882a816a3e0d3648166569a42e0
48,MESS06,STA10,STA11,TN_24,TN_44,1593.433603668213,1405.1231307983398,1479.7526168823242,18.85883,ORIGINAL_ABSTRACT_ROAD_SERVICE_ROUTE_NOT_NEW_PCC_GIS,2,3,600,51,3,True,26.281612096407713,1140.0,1113.7183879035922,660.0,453.7183879035922,True,True,1,PREREGISTERED_RESEARCH_DESIGN_NOT_FIELD,True,False,UNSELECTED_MAPPING_BOUND_SEPARATELY,UNVERIFIED,UNVERIFIED,COMMON_PROPER_TRANSFORM_SCHEMATIC_PROXY_REQUIRED_SEPARATELY,False,RL_24_11_01|RL_11_22_01|RL_22_44_01,f4386303c6ece2455d663b5996e900edd4062358f58dcd2a4234273a45f8aaa2,658fb2e56867a50597e9a21899748d8171439deda852e7db4f3339a99f71dd3d,c58710f5ca3f5fe0bd6bbced65293e0b5548e882a816a3e0d3648166569a42e0
48,MESS06,STA10,STA12,TN_24,TN_17,1400.8724845886231,1212.56201171875,1276.964111328125,16.96551000000002,ORIGINAL_ABSTRACT_ROAD_SERVICE_ROUTE_NOT_NEW_PCC_GIS,2,3,600,51,2,True,24.468989711994453,1140.0,1115.5310102880055,660.0,455.5310102880055,True,True,1,PREREGISTERED_RESEARCH_DESIGN_NOT_FIELD,True,False,UNSELECTED_MAPPING_BOUND_SEPARATELY,UNVERIFIED,UNVERIFIED,COMMON_PROPER_TRANSFORM_SCHEMATIC_PROXY_REQUIRED_SEPARATELY,False,RL_24_17_01,f4386303c6ece2455d663b5996e900edd4062358f58dcd2a4234273a45f8aaa2,658fb2e56867a50597e9a21899748d8171439deda852e7db4f3339a99f71dd3d,c58710f5ca3f5fe0bd6bbced65293e0b5548e882a816a3e0d3648166569a42e0
68,MESS01,STA01,STA01,TN_43,TN_43,0.0,0.0,0.0,0.0,ORIGINAL_ABSTRACT_ROAD_SERVICE_ROUTE_NOT_NEW_PCC_GIS,0,0,600,68,1,True,0.0,1140.0,1140.0,660.0,480.0,True,True,1,PREREGISTERED_RESEARCH_DESIGN_NOT_FIELD,True,False,UNSELECTED_MAPPING_BOUND_SEPARATELY,UNVERIFIED,UNVERIFIED,COMMON_PROPER_TRANSFORM_SCHEMATIC_PROXY_REQUIRED_SEPARATELY,False,,f4386303c6ece2455d663b5996e900edd4062358f58dcd2a4234273a45f8aaa2,658fb2e56867a50597e9a21899748d8171439deda852e7db4f3339a99f71dd3d,c58710f5ca3f5fe0bd6bbced65293e0b5548e882a816a3e0d3648166569a42e0
68,MESS01,STA01,STA02,TN_43,TN_14,692.4814628601075,504.1709899902344,530.94873046875,5.094550000000002,ORIGINAL_ABSTRACT_ROAD_SERVICE_ROUTE_NOT_NEW_PCC_GIS,1,2,600,70,2,True,3.21271165600288,1140.0,1136.787288343997,660.0,476.78728834399703,True,True,1,PREREGISTERED_RESEARCH_DESIGN_NOT_FIELD,True,False,UNSELECTED_MAPPING_BOUND_SEPARATELY,UNVERIFIED,UNVERIFIED,COMMON_PROPER_TRANSFORM_SCHEMATIC_PROXY_REQUIRED_SEPARATELY,False,RL_43_14_01,f4386303c6ece2455d663b5996e900edd4062358f58dcd2a4234273a45f8aaa2,658fb2e56867a50597e9a21899748d8171439deda852e7db4f3339a99f71dd3d,c58710f5ca3f5fe0bd6bbced65293e0b5548e882a816a3e0d3648166569a42e0
68,MESS01,STA01,STA03,TN_43,TN_35,1226.6054710388185,1038.2949981689453,1093.4413681030273,11.285460000000002,ORIGINAL_ABSTRACT_ROAD_SERVICE_ROUTE_NOT_NEW_PCC_GIS,2,3,600,71,2,True,7.6522985094301,1140.0,1132.34770149057,660.0,472.34770149057,True,True,1,PREREGISTERED_RESEARCH_DESIGN_NOT_FIELD,True,False,UNSELECTED_MAPPING_BOUND_SEPARATELY,UNVERIFIED,UNVERIFIED,COMMON_PROPER_TRANSFORM_SCHEMATIC_PROXY_REQUIRED_SEPARATELY,False,RL_43_14_01|RL_14_23_01|RL_23_27_01|RL_27_35_01,f4386303c6ece2455d663b5996e900edd4062358f58dcd2a4234273a45f8aaa2,658fb2e56867a50597e9a21899748d8171439deda852e7db4f3339a99f71dd3d,c58710f5ca3f5fe0bd6bbced65293e0b5548e882a816a3e0d3648166569a42e0
68,MESS01,STA01,STA04,TN_43,TN_28,776.0070060729981,587.696533203125,618.9105224609375,10.002019999999998,ORIGINAL_ABSTRACT_ROAD_SERVICE_ROUTE_NOT_NEW_PCC_GIS,1,2,600,70,2,True,14.987781156422539,1140.0,1125.0122188435776,660.0,465.01221884357756,True,True,1,PREREGISTERED_RESEARCH_DESIGN_NOT_FIELD,True,False,UNSELECTED_MAPPING_BOUND_SEPARATELY,UNVERIFIED,UNVERIFIED,COMMON_PROPER_TRANSFORM_SCHEMATIC_PROXY_REQUIRED_SEPARATELY,False,RL_43_28_01,f4386303c6ece2455d663b5996e900edd4062358f58dcd2a4234273a45f8aaa2,658fb2e56867a50597e9a21899748d8171439deda852e7db4f3339a99f71dd3d,c58710f5ca3f5fe0bd6bbced65293e0b5548e882a816a3e0d3648166569a42e0
68,MESS01,STA01,STA05,TN_43,TN_37,1552.3307670593263,1364.0202941894531,1436.4666748046875,17.76019,ORIGINAL_ABSTRACT_ROAD_SERVICE_ROUTE_NOT_NEW_PCC_GIS,2,3,600,71,3,True,13.941448050489761,1140.0,1126.0585519495103,660.0,466.0585519495103,True,True,1,PREREGISTERED_RESEARCH_DESIGN_NOT_FIELD,True,False,UNSELECTED_MAPPING_BOUND_SEPARATELY,UNVERIFIED,UNVERIFIED,COMMON_PROPER_TRANSFORM_SCHEMATIC_PROXY_REQUIRED_SEPARATELY,False,RL_43_14_01|RL_14_37_01,f4386303c6ece2455d663b5996e900edd4062358f58dcd2a4234273a45f8aaa2,658fb2e56867a50597e9a21899748d8171439deda852e7db4f3339a99f71dd3d,c58710f5ca3f5fe0bd6bbced65293e0b5548e882a816a3e0d3648166569a42e0
68,MESS01,STA01,STA06,TN_43,TN_41,1707.2226585388185,1518.9121856689453,1599.5852966308594,20.023230000000005,ORIGINAL_ABSTRACT_ROAD_SERVICE_ROUTE_NOT_NEW_PCC_GIS,2,3,600,71,3,True,25.471454753473566,1140.0,1114.5285452465264,660.0,454.5285452465264,True,True,1,PREREGISTERED_RESEARCH_DESIGN_NOT_FIELD,True,False,UNSELECTED_MAPPING_BOUND_SEPARATELY,UNVERIFIED,UNVERIFIED,COMMON_PROPER_TRANSFORM_SCHEMATIC_PROXY_REQUIRED_SEPARATELY,False,RL_43_19_01|RL_19_05_01|RL_05_41_01,f4386303c6ece2455d663b5996e900edd4062358f58dcd2a4234273a45f8aaa2,658fb2e56867a50597e9a21899748d8171439deda852e7db4f3339a99f71dd3d,c58710f5ca3f5fe0bd6bbced65293e0b5548e882a816a3e0d3648166569a42e0
68,MESS01,STA01,STA07,TN_43,TN_32,2792.5168327331544,2604.2063598632812,2742.5220336914062,37.692899999999995,ORIGINAL_ABSTRACT_ROAD_SERVICE_ROUTE_NOT_NEW_PCC_GIS,4,4,600,72,4,True,56.2850792145722,1140.0,1083.7149207854277,660.0,423.7149207854277,True,True,1,PREREGISTERED_RESEARCH_DESIGN_NOT_FIELD,True,False,UNSELECTED_MAPPING_BOUND_SEPARATELY,UNVERIFIED,UNVERIFIED,COMMON_PROPER_TRANSFORM_SCHEMATIC_PROXY_REQUIRED_SEPARATELY,False,RL_43_28_01|RL_28_07_01|RL_07_32_01,f4386303c6ece2455d663b5996e900edd4062358f58dcd2a4234273a45f8aaa2,658fb2e56867a50597e9a21899748d8171439deda852e7db4f3339a99f71dd3d,c58710f5ca3f5fe0bd6bbced65293e0b5548e882a816a3e0d3648166569a42e0
68,MESS01,STA01,STA08,TN_43,TN_47,2892.1179069519044,2703.8074340820312,2847.4131469726562,39.75587999999999,ORIGINAL_ABSTRACT_ROAD_SERVICE_ROUTE_NOT_NEW_PCC_GIS,4,4,600,72,4,True,59.11673298737551,1140.0,1080.8832670126244,660.0,420.8832670126244,True,True,1,PREREGISTERED_RESEARCH_DESIGN_NOT_FIELD,True,False,UNSELECTED_MAPPING_BOUND_SEPARATELY,UNVERIFIED,UNVERIFIED,COMMON_PROPER_TRANSFORM_SCHEMATIC_PROXY_REQUIRED_SEPARATELY,False,RL_43_28_01|RL_28_07_01|RL_07_47_01,f4386303c6ece2455d663b5996e900edd4062358f58dcd2a4234273a45f8aaa2,658fb2e56867a50597e9a21899748d8171439deda852e7db4f3339a99f71dd3d,c58710f5ca3f5fe0bd6bbced65293e0b5548e882a816a3e0d3648166569a42e0
68,MESS01,STA01,STA09,TN_43,TN_42,3056.845079803467,2868.5346069335938,3020.8893432617188,41.11776999999999,ORIGINAL_ABSTRACT_ROAD_SERVICE_ROUTE_NOT_NEW_PCC_GIS,4,5,600,73,4,True,60.209574063541,1140.0,1079.790425936459,660.0,419.7904259364591,True,True,1,PREREGISTERED_RESEARCH_DESIGN_NOT_FIELD,True,False,UNSELECTED_MAPPING_BOUND_SEPARATELY,UNVERIFIED,UNVERIFIED,COMMON_PROPER_TRANSFORM_SCHEMATIC_PROXY_REQUIRED_SEPARATELY,False,RL_43_28_01|RL_28_07_01|RL_07_42_02,f4386303c6ece2455d663b5996e900edd4062358f58dcd2a4234273a45f8aaa2,658fb2e56867a50597e9a21899748d8171439deda852e7db4f3339a99f71dd3d,c58710f5ca3f5fe0bd6bbced65293e0b5548e882a816a3e0d3648166569a42e0
68,MESS01,STA01,STA10,TN_43,TN_24,2270.8827995300294,2082.5723266601562,2193.1827392578125,31.376750000000015,ORIGINAL_ABSTRACT_ROAD_SERVICE_ROUTE_NOT_NEW_PCC_GIS,3,4,600,72,3,True,38.71239010405716,1140.0,1101.2876098959428,660.0,441.28760989594275,True,True,1,PREREGISTERED_RESEARCH_DESIGN_NOT_FIELD,True,False,UNSELECTED_MAPPING_BOUND_SEPARATELY,UNVERIFIED,UNVERIFIED,COMMON_PROPER_TRANSFORM_SCHEMATIC_PROXY_REQUIRED_SEPARATELY,False,RL_43_28_01|RL_28_21_01|RL_21_24_01,f4386303c6ece2455d663b5996e900edd4062358f58dcd2a4234273a45f8aaa2,658fb2e56867a50597e9a21899748d8171439deda852e7db4f3339a99f71dd3d,c58710f5ca3f5fe0bd6bbced65293e0b5548e882a816a3e0d3648166569a42e0
68,MESS01,STA01,STA11,TN_43,TN_44,2558.3132194519044,2370.0027465820312,2495.8792724609375,35.03566000000001,ORIGINAL_ABSTRACT_ROAD_SERVICE_ROUTE_NOT_NEW_PCC_GIS,3,4,600,72,4,True,45.3773016063255,1140.0,1094.6226983936745,660.0,434.62269839367445,True,True,1,PREREGISTERED_RESEARCH_DESIGN_NOT_FIELD,True,False,UNSELECTED_MAPPING_BOUND_SEPARATELY,UNVERIFIED,UNVERIFIED,COMMON_PROPER_TRANSFORM_SCHEMATIC_PROXY_REQUIRED_SEPARATELY,False,RL_43_28_01|RL_28_21_01|RL_21_44_01,f4386303c6ece2455d663b5996e900edd4062358f58dcd2a4234273a45f8aaa2,658fb2e56867a50597e9a21899748d8171439deda852e7db4f3339a99f71dd3d,c58710f5ca3f5fe0bd6bbced65293e0b5548e882a816a3e0d3648166569a42e0
68,MESS01,STA01,STA12,TN_43,TN_17,3151.625902557373,2963.3154296875,3120.7042236328125,46.87866000000001,ORIGINAL_ABSTRACT_ROAD_SERVICE_ROUTE_NOT_NEW_PCC_GIS,4,5,600,73,4,True,65.69441765344455,1140.0,1074.3055823465554,660.0,414.3055823465554,True,True,1,PREREGISTERED_RESEARCH_DESIGN_NOT_FIELD,True,False,UNSELECTED_MAPPING_BOUND_SEPARATELY,UNVERIFIED,UNVERIFIED,COMMON_PROPER_TRANSFORM_SCHEMATIC_PROXY_REQUIRED_SEPARATELY,False,RL_43_28_01|RL_28_16_01|RL_16_17_01,f4386303c6ece2455d663b5996e900edd4062358f58dcd2a4234273a45f8aaa2,658fb2e56867a50597e9a21899748d8171439deda852e7db4f3339a99f71dd3d,c58710f5ca3f5fe0bd6bbced65293e0b5548e882a816a3e0d3648166569a42e0
68,MESS02,STA12,STA01,TN_17,TN_43,3606.150598907471,3417.8401260375977,3599.3697814941406,49.16717,ORIGINAL_ABSTRACT_ROAD_SERVICE_ROUTE_NOT_NEW_PCC_GIS,5,5,600,73,4,True,66.42171090777506,1140.0,1073.5782890922248,660.0,413.57828909222485,True,True,1,PREREGISTERED_RESEARCH_DESIGN_NOT_FIELD,True,False,UNSELECTED_MAPPING_BOUND_SEPARATELY,UNVERIFIED,UNVERIFIED,COMMON_PROPER_TRANSFORM_SCHEMATIC_PROXY_REQUIRED_SEPARATELY,False,RL_17_11_01|RL_11_22_01|RL_22_44_01|RL_44_21_01|RL_21_09_02|RL_09_19_01|RL_19_43_01,f4386303c6ece2455d663b5996e900edd4062358f58dcd2a4234273a45f8aaa2,658fb2e56867a50597e9a21899748d8171439deda852e7db4f3339a99f71dd3d,c58710f5ca3f5fe0bd6bbced65293e0b5548e882a816a3e0d3648166569a42e0
68,MESS02,STA12,STA02,TN_17,TN_14,3185.963144683838,2997.652671813965,3156.8651962280273,46.372319999999995,ORIGINAL_ABSTRACT_ROAD_SERVICE_ROUTE_NOT_NEW_PCC_GIS,4,5,600,73,4,True,55.19286131394848,1140.0,1084.8071386860515,660.0,424.80713868605153,True,True,1,PREREGISTERED_RESEARCH_DESIGN_NOT_FIELD,True,False,UNSELECTED_MAPPING_BOUND_SEPARATELY,UNVERIFIED,UNVERIFIED,COMMON_PROPER_TRANSFORM_SCHEMATIC_PROXY_REQUIRED_SEPARATELY,False,RL_17_11_01|RL_11_22_01|RL_22_44_01|RL_44_35_01|RL_35_14_01,f4386303c6ece2455d663b5996e900edd4062358f58dcd2a4234273a45f8aaa2,658fb2e56867a50597e9a21899748d8171439deda852e7db4f3339a99f71dd3d,c58710f5ca3f5fe0bd6bbced65293e0b5548e882a816a3e0d3648166569a42e0
68,MESS02,STA12,STA03,TN_17,TN_35,2648.4223121643067,2460.1118392944336,2590.774253845215,37.255939999999995,ORIGINAL_ABSTRACT_ROAD_SERVICE_ROUTE_NOT_NEW_PCC_GIS,3,4,600,72,4,True,43.45762230739041,1140.0,1096.5423776926095,660.0,436.54237769260953,True,True,1,PREREGISTERED_RESEARCH_DESIGN_NOT_FIELD,True,False,UNSELECTED_MAPPING_BOUND_SEPARATELY,UNVERIFIED,UNVERIFIED,COMMON_PROPER_TRANSFORM_SCHEMATIC_PROXY_REQUIRED_SEPARATELY,False,RL_17_11_01|RL_11_22_01|RL_22_44_01|RL_44_35_01,f4386303c6ece2455d663b5996e900edd4062358f58dcd2a4234273a45f8aaa2,658fb2e56867a50597e9a21899748d8171439deda852e7db4f3339a99f71dd3d,c58710f5ca3f5fe0bd6bbced65293e0b5548e882a816a3e0d3648166569a42e0
68,MESS02,STA12,STA04,TN_17,TN_28,2549.083910369873,2360.7734375,2486.159912109375,40.07149999999996,ORIGINAL_ABSTRACT_ROAD_SERVICE_ROUTE_NOT_NEW_PCC_GIS,3,4,600,72,3,True,54.1989218582332,1140.0,1085.8010781417668,660.0,425.80107814176677,True,True,1,PREREGISTERED_RESEARCH_DESIGN_NOT_FIELD,True,False,UNSELECTED_MAPPING_BOUND_SEPARATELY,UNVERIFIED,UNVERIFIED,COMMON_PROPER_TRANSFORM_SCHEMATIC_PROXY_REQUIRED_SEPARATELY,False,RL_17_28_01,f4386303c6ece2455d663b5996e900edd4062358f58dcd2a4234273a45f8aaa2,658fb2e56867a50597e9a21899748d8171439deda852e7db4f3339a99f71dd3d,c58710f5ca3f5fe0bd6bbced65293e0b5548e882a816a3e0d3648166569a42e0
68,MESS02,STA12,STA05,TN_17,TN_37,2404.3893379211427,2216.0788650512695,2333.7801208496094,28.360580000000006,ORIGINAL_ABSTRACT_ROAD_SERVICE_ROUTE_NOT_NEW_PCC_GIS,3,4,600,72,3,True,30.97996927353062,1140.0,1109.0200307264695,660.0,449.0200307264695,True,True,1,PREREGISTERED_RESEARCH_DESIGN_NOT_FIELD,True,False,UNSELECTED_MAPPING_BOUND_SEPARATELY,UNVERIFIED,UNVERIFIED,COMMON_PROPER_TRANSFORM_SCHEMATIC_PROXY_REQUIRED_SEPARATELY,False,RL_17_11_01|RL_11_22_01|RL_22_44_01|RL_44_21_01|RL_21_09_02|RL_09_37_01,f4386303c6ece2455d663b5996e900edd4062358f58dcd2a4234273a45f8aaa2,658fb2e56867a50597e9a21899748d8171439deda852e7db4f3339a99f71dd3d,c58710f5ca3f5fe0bd6bbced65293e0b5548e882a816a3e0d3648166569a42e0
68,MESS02,STA12,STA06,TN_17,TN_41,2628.8777641296388,2440.5672912597656,2570.1915893554688,32.72202000000001,ORIGINAL_ABSTRACT_ROAD_SERVICE_ROUTE_NOT_NEW_PCC_GIS,3,4,600,72,4,True,48.23065171595088,1140.0,1091.769348284049,660.0,431.7693482840491,True,True,1,PREREGISTERED_RESEARCH_DESIGN_NOT_FIELD,True,False,UNSELECTED_MAPPING_BOUND_SEPARATELY,UNVERIFIED,UNVERIFIED,COMMON_PROPER_TRANSFORM_SCHEMATIC_PROXY_REQUIRED_SEPARATELY,False,RL_17_18_01|RL_18_07_01|RL_07_45_03|RL_45_41_01,f4386303c6ece2455d663b5996e900edd4062358f58dcd2a4234273a45f8aaa2,658fb2e56867a50597e9a21899748d8171439deda852e7db4f3339a99f71dd3d,c58710f5ca3f5fe0bd6bbced65293e0b5548e882a816a3e0d3648166569a42e0
68,MESS02,STA12,STA07,TN_17,TN_32,1342.5514396667481,1154.240966796875,1215.54541015625,19.993750000000002,ORIGINAL_ABSTRACT_ROAD_SERVICE_ROUTE_NOT_NEW_PCC_GIS,2,3,600,71,2,True,35.95879933868543,1140.0,1104.0412006613146,660.0,444.04120066131463,True,True,1,PREREGISTERED_RESEARCH_DESIGN_NOT_FIELD,True,False,UNSELECTED_MAPPING_BOUND_SEPARATELY,UNVERIFIED,UNVERIFIED,COMMON_PROPER_TRANSFORM_SCHEMATIC_PROXY_REQUIRED_SEPARATELY,False,RL_17_32_01,f4386303c6ece2455d663b5996e900edd4062358f58dcd2a4234273a45f8aaa2,658fb2e56867a50597e9a21899748d8171439deda852e7db4f3339a99f71dd3d,c58710f5ca3f5fe0bd6bbced65293e0b5548e882a816a3e0d3648166569a42e0
68,MESS02,STA12,STA08,TN_17,TN_47,1919.975939178467,1731.6654663085938,1823.6383056640625,24.752180000000006,ORIGINAL_ABSTRACT_ROAD_SERVICE_ROUTE_NOT_NEW_PCC_GIS,3,3,600,71,3,True,39.798661523545704,1140.0,1100.2013384764543,660.0,440.20133847645434,True,True,1,PREREGISTERED_RESEARCH_DESIGN_NOT_FIELD,True,False,UNSELECTED_MAPPING_BOUND_SEPARATELY,UNVERIFIED,UNVERIFIED,COMMON_PROPER_TRANSFORM_SCHEMATIC_PROXY_REQUIRED_SEPARATELY,False,RL_17_18_01|RL_18_07_01|RL_07_47_01,f4386303c6ece2455d663b5996e900edd4062358f58dcd2a4234273a45f8aaa2,658fb2e56867a50597e9a21899748d8171439deda852e7db4f3339a99f71dd3d,c58710f5ca3f5fe0bd6bbced65293e0b5548e882a816a3e0d3648166569a42e0
68,MESS02,STA12,STA09,TN_17,TN_42,1501.7532218933106,1313.4427490234375,1383.2027587890625,17.943490000000008,ORIGINAL_ABSTRACT_ROAD_SERVICE_ROUTE_NOT_NEW_PCC_GIS,2,3,600,71,2,True,26.215518304814474,1140.0,1113.7844816951856,660.0,453.7844816951856,True,True,1,PREREGISTERED_RESEARCH_DESIGN_NOT_FIELD,True,False,UNSELECTED_MAPPING_BOUND_SEPARATELY,UNVERIFIED,UNVERIFIED,COMMON_PROPER_TRANSFORM_SCHEMATIC_PROXY_REQUIRED_SEPARATELY,False,RL_17_18_01|RL_18_42_01,f4386303c6ece2455d663b5996e900edd4062358f58dcd2a4234273a45f8aaa2,658fb2e56867a50597e9a21899748d8171439deda852e7db4f3339a99f71dd3d,c58710f5ca3f5fe0bd6bbced65293e0b5548e882a816a3e0d3648166569a42e0
68,MESS02,STA12,STA10,TN_17,TN_24,1443.4474357604981,1255.136962890625,1321.80029296875,17.01105000000001,ORIGINAL_ABSTRACT_ROAD_SERVICE_ROUTE_NOT_NEW_PCC_GIS,2,3,600,71,2,True,15.348287627559838,1140.0,1124.6517123724402,660.0,464.6517123724402,True,True,1,PREREGISTERED_RESEARCH_DESIGN_NOT_FIELD,True,False,UNSELECTED_MAPPING_BOUND_SEPARATELY,UNVERIFIED,UNVERIFIED,COMMON_PROPER_TRANSFORM_SCHEMATIC_PROXY_REQUIRED_SEPARATELY,False,RL_17_24_01,f4386303c6ece2455d663b5996e900edd4062358f58dcd2a4234273a45f8aaa2,658fb2e56867a50597e9a21899748d8171439deda852e7db4f3339a99f71dd3d,c58710f5ca3f5fe0bd6bbced65293e0b5548e882a816a3e0d3648166569a42e0
68,MESS02,STA12,STA11,TN_17,TN_44,1035.7483619689942,847.4378890991211,892.4473495483398,12.138799999999998,ORIGINAL_ABSTRACT_ROAD_SERVICE_ROUTE_NOT_NEW_PCC_GIS,2,2,600,70,2,True,14.335512738475186,1140.0,1125.6644872615248,660.0,465.66448726152476,True,True,1,PREREGISTERED_RESEARCH_DESIGN_NOT_FIELD,True,False,UNSELECTED_MAPPING_BOUND_SEPARATELY,UNVERIFIED,UNVERIFIED,COMMON_PROPER_TRANSFORM_SCHEMATIC_PROXY_REQUIRED_SEPARATELY,False,RL_17_11_01|RL_11_22_01|RL_22_44_01,f4386303c6ece2455d663b5996e900edd4062358f58dcd2a4234273a45f8aaa2,658fb2e56867a50597e9a21899748d8171439deda852e7db4f3339a99f71dd3d,c58710f5ca3f5fe0bd6bbced65293e0b5548e882a816a3e0d3648166569a42e0
68,MESS02,STA12,STA12,TN_17,TN_17,0.0,0.0,0.0,0.0,ORIGINAL_ABSTRACT_ROAD_SERVICE_ROUTE_NOT_NEW_PCC_GIS,0,0,600,68,1,True,0.0,1140.0,1140.0,660.0,480.0,True,True,1,PREREGISTERED_RESEARCH_DESIGN_NOT_FIELD,True,False,UNSELECTED_MAPPING_BOUND_SEPARATELY,UNVERIFIED,UNVERIFIED,COMMON_PROPER_TRANSFORM_SCHEMATIC_PROXY_REQUIRED_SEPARATELY,False,,f4386303c6ece2455d663b5996e900edd4062358f58dcd2a4234273a45f8aaa2,658fb2e56867a50597e9a21899748d8171439deda852e7db4f3339a99f71dd3d,c58710f5ca3f5fe0bd6bbced65293e0b5548e882a816a3e0d3648166569a42e0
68,MESS03,STA08,STA01,TN_47,TN_43,2884.3134788513185,2696.0030059814453,2839.1942138671875,36.01693,ORIGINAL_ABSTRACT_ROAD_SERVICE_ROUTE_NOT_NEW_PCC_GIS,4,4,600,72,4,True,48.979942592788845,1140.0,1091.0200574072112,660.0,431.0200574072112,True,True,1,PREREGISTERED_RESEARCH_DESIGN_NOT_FIELD,True,False,UNSELECTED_MAPPING_BOUND_SEPARATELY,UNVERIFIED,UNVERIFIED,COMMON_PROPER_TRANSFORM_SCHEMATIC_PROXY_REQUIRED_SEPARATELY,False,RL_47_20_01|RL_20_04_01|RL_04_19_01|RL_19_43_01,f4386303c6ece2455d663b5996e900edd4062358f58dcd2a4234273a45f8aaa2,658fb2e56867a50597e9a21899748d8171439deda852e7db4f3339a99f71dd3d,c58710f5ca3f5fe0bd6bbced65293e0b5548e882a816a3e0d3648166569a42e0
68,MESS03,STA08,STA02,TN_47,TN_14,2588.051454925537,2399.740982055664,2527.1968994140625,29.956630000000004,ORIGINAL_ABSTRACT_ROAD_SERVICE_ROUTE_NOT_NEW_PCC_GIS,3,4,600,72,3,True,34.4813833798966,1140.0,1105.5186166201033,660.0,445.51861662010333,True,True,1,PREREGISTERED_RESEARCH_DESIGN_NOT_FIELD,True,False,UNSELECTED_MAPPING_BOUND_SEPARATELY,UNVERIFIED,UNVERIFIED,COMMON_PROPER_TRANSFORM_SCHEMATIC_PROXY_REQUIRED_SEPARATELY,False,RL_47_20_01|RL_20_04_01|RL_04_14_01,f4386303c6ece2455d663b5996e900edd4062358f58dcd2a4234273a45f8aaa2,658fb2e56867a50597e9a21899748d8171439deda852e7db4f3339a99f71dd3d,c58710f5ca3f5fe0bd6bbced65293e0b5548e882a816a3e0d3648166569a42e0
68,MESS03,STA08,STA03,TN_47,TN_35,2133.804308319092,1945.4938354492188,2048.8236083984375,24.85218,ORIGINAL_ABSTRACT_ROAD_SERVICE_ROUTE_NOT_NEW_PCC_GIS,3,4,600,72,3,True,27.291169668327516,1140.0,1112.7088303316725,660.0,452.7088303316725,True,True,1,PREREGISTERED_RESEARCH_DESIGN_NOT_FIELD,True,False,UNSELECTED_MAPPING_BOUND_SEPARATELY,UNVERIFIED,UNVERIFIED,COMMON_PROPER_TRANSFORM_SCHEMATIC_PROXY_REQUIRED_SEPARATELY,False,RL_47_20_01|RL_20_39_01|RL_39_35_01,f4386303c6ece2455d663b5996e900edd4062358f58dcd2a4234273a45f8aaa2,658fb2e56867a50597e9a21899748d8171439deda852e7db4f3339a99f71dd3d,c58710f5ca3f5fe0bd6bbced65293e0b5548e882a816a3e0d3648166569a42e0
68,MESS03,STA08,STA04,TN_47,TN_28,1906.0549797058106,1717.7445068359375,1808.9780578613281,19.316660000000006,ORIGINAL_ABSTRACT_ROAD_SERVICE_ROUTE_NOT_NEW_PCC_GIS,3,3,600,71,3,True,25.177408536419712,1140.0,1114.8225914635802,660.0,454.82259146358024,True,True,1,PREREGISTERED_RESEARCH_DESIGN_NOT_FIELD,True,False,UNSELECTED_MAPPING_BOUND_SEPARATELY,UNVERIFIED,UNVERIFIED,COMMON_PROPER_TRANSFORM_SCHEMATIC_PROXY_REQUIRED_SEPARATELY,False,RL_47_25_01|RL_25_28_01,f4386303c6ece2455d663b5996e900edd4062358f58dcd2a4234273a45f8aaa2,658fb2e56867a50597e9a21899748d8171439deda852e7db4f3339a99f71dd3d,c58710f5ca3f5fe0bd6bbced65293e0b5548e882a816a3e0d3648166569a42e0
68,MESS03,STA08,STA05,TN_47,TN_37,1637.347521209717,1449.0370483398438,1525.9989318847656,14.470889999999995,ORIGINAL_ABSTRACT_ROAD_SERVICE_ROUTE_NOT_NEW_PCC_GIS,2,3,600,71,2,True,15.068689780832775,1140.0,1124.9313102191672,660.0,464.93131021916724,True,True,1,PREREGISTERED_RESEARCH_DESIGN_NOT_FIELD,True,False,UNSELECTED_MAPPING_BOUND_SEPARATELY,UNVERIFIED,UNVERIFIED,COMMON_PROPER_TRANSFORM_SCHEMATIC_PROXY_REQUIRED_SEPARATELY,False,RL_47_25_01|RL_25_37_01,f4386303c6ece2455d663b5996e900edd4062358f58dcd2a4234273a45f8aaa2,658fb2e56867a50597e9a21899748d8171439deda852e7db4f3339a99f71dd3d,c58710f5ca3f5fe0bd6bbced65293e0b5548e882a816a3e0d3648166569a42e0
68,MESS03,STA08,STA06,TN_47,TN_41,2433.4773735046388,2245.1669006347656,2364.413116455078,28.130130000000005,ORIGINAL_ABSTRACT_ROAD_SERVICE_ROUTE_NOT_NEW_PCC_GIS,3,4,600,72,3,True,40.035598718076706,1140.0,1099.9644012819233,660.0,439.9644012819233,True,True,1,PREREGISTERED_RESEARCH_DESIGN_NOT_FIELD,True,False,UNSELECTED_MAPPING_BOUND_SEPARATELY,UNVERIFIED,UNVERIFIED,COMMON_PROPER_TRANSFORM_SCHEMATIC_PROXY_REQUIRED_SEPARATELY,False,RL_47_25_01|RL_25_07_01|RL_07_45_03|RL_45_41_01,f4386303c6ece2455d663b5996e900edd4062358f58dcd2a4234273a45f8aaa2,658fb2e56867a50597e9a21899748d8171439deda852e7db4f3339a99f71dd3d,c58710f5ca3f5fe0bd6bbced65293e0b5548e882a816a3e0d3648166569a42e0
68,MESS03,STA08,STA07,TN_47,TN_32,1624.974474334717,1436.6640014648438,1512.9687194824219,18.097310000000004,ORIGINAL_ABSTRACT_ROAD_SERVICE_ROUTE_NOT_NEW_PCC_GIS,2,3,600,71,3,True,28.74631133867926,1140.0,1111.2536886613207,660.0,451.25368866132067,True,True,1,PREREGISTERED_RESEARCH_DESIGN_NOT_FIELD,True,False,UNSELECTED_MAPPING_BOUND_SEPARATELY,UNVERIFIED,UNVERIFIED,COMMON_PROPER_TRANSFORM_SCHEMATIC_PROXY_REQUIRED_SEPARATELY,False,RL_47_25_01|RL_25_07_01|RL_07_32_01,f4386303c6ece2455d663b5996e900edd4062358f58dcd2a4234273a45f8aaa2,658fb2e56867a50597e9a21899748d8171439deda852e7db4f3339a99f71dd3d,c58710f5ca3f5fe0bd6bbced65293e0b5548e882a816a3e0d3648166569a42e0
68,MESS03,STA08,STA08,TN_47,TN_47,0.0,0.0,0.0,0.0,ORIGINAL_ABSTRACT_ROAD_SERVICE_ROUTE_NOT_NEW_PCC_GIS,0,0,600,68,1,True,0.0,1140.0,1140.0,660.0,480.0,True,True,1,PREREGISTERED_RESEARCH_DESIGN_NOT_FIELD,True,False,UNSELECTED_MAPPING_BOUND_SEPARATELY,UNVERIFIED,UNVERIFIED,COMMON_PROPER_TRANSFORM_SCHEMATIC_PROXY_REQUIRED_SEPARATELY,False,,f4386303c6ece2455d663b5996e900edd4062358f58dcd2a4234273a45f8aaa2,658fb2e56867a50597e9a21899748d8171439deda852e7db4f3339a99f71dd3d,c58710f5ca3f5fe0bd6bbced65293e0b5548e882a816a3e0d3648166569a42e0
68,MESS03,STA08,STA09,TN_47,TN_42,1889.3027214050294,1700.9922485351562,1791.3360290527344,21.522180000000002,ORIGINAL_ABSTRACT_ROAD_SERVICE_ROUTE_NOT_NEW_PCC_GIS,3,3,600,71,3,True,32.69824534183985,1140.0,1107.3017546581602,660.0,447.30175465816023,True,True,1,PREREGISTERED_RESEARCH_DESIGN_NOT_FIELD,True,False,UNSELECTED_MAPPING_BOUND_SEPARATELY,UNVERIFIED,UNVERIFIED,COMMON_PROPER_TRANSFORM_SCHEMATIC_PROXY_REQUIRED_SEPARATELY,False,RL_47_25_01|RL_25_07_01|RL_07_42_02,f4386303c6ece2455d663b5996e900edd4062358f58dcd2a4234273a45f8aaa2,658fb2e56867a50597e9a21899748d8171439deda852e7db4f3339a99f71dd3d,c58710f5ca3f5fe0bd6bbced65293e0b5548e882a816a3e0d3648166569a42e0
68,MESS03,STA08,STA10,TN_47,TN_24,1910.2360099792481,1721.925537109375,1813.3811645507812,18.03884,ORIGINAL_ABSTRACT_ROAD_SERVICE_ROUTE_NOT_NEW_PCC_GIS,3,3,600,71,3,True,17.7993571260897,1140.0,1122.2006428739103,660.0,462.2006428739103,True,True,1,PREREGISTERED_RESEARCH_DESIGN_NOT_FIELD,True,False,UNSELECTED_MAPPING_BOUND_SEPARATELY,UNVERIFIED,UNVERIFIED,COMMON_PROPER_TRANSFORM_SCHEMATIC_PROXY_REQUIRED_SEPARATELY,False,RL_47_20_01|RL_20_39_01|RL_39_24_01,f4386303c6ece2455d663b5996e900edd4062358f58dcd2a4234273a45f8aaa2,658fb2e56867a50597e9a21899748d8171439deda852e7db4f3339a99f71dd3d,c58710f5ca3f5fe0bd6bbced65293e0b5548e882a816a3e0d3648166569a42e0
68,MESS03,STA08,STA11,TN_47,TN_44,1502.4796775817872,1314.169204711914,1383.9678802490234,15.617740000000001,ORIGINAL_ABSTRACT_ROAD_SERVICE_ROUTE_NOT_NEW_PCC_GIS,2,3,600,71,2,True,18.745086593752042,1140.0,1121.2549134062479,660.0,461.25491340624785,True,True,1,PREREGISTERED_RESEARCH_DESIGN_NOT_FIELD,True,False,UNSELECTED_MAPPING_BOUND_SEPARATELY,UNVERIFIED,UNVERIFIED,COMMON_PROPER_TRANSFORM_SCHEMATIC_PROXY_REQUIRED_SEPARATELY,False,RL_47_20_01|RL_20_04_01|RL_04_30_02|RL_30_44_01,f4386303c6ece2455d663b5996e900edd4062358f58dcd2a4234273a45f8aaa2,658fb2e56867a50597e9a21899748d8171439deda852e7db4f3339a99f71dd3d,c58710f5ca3f5fe0bd6bbced65293e0b5548e882a816a3e0d3648166569a42e0
68,MESS03,STA08,STA12,TN_47,TN_17,2214.4321922302247,2026.1217193603516,2133.73388671875,28.637830000000015,ORIGINAL_ABSTRACT_ROAD_SERVICE_ROUTE_NOT_NEW_PCC_GIS,3,4,600,72,3,True,41.503379910182936,1140.0,1098.496620089817,660.0,438.49662008981704,True,True,1,PREREGISTERED_RESEARCH_DESIGN_NOT_FIELD,True,False,UNSELECTED_MAPPING_BOUND_SEPARATELY,UNVERIFIED,UNVERIFIED,COMMON_PROPER_TRANSFORM_SCHEMATIC_PROXY_REQUIRED_SEPARATELY,False,RL_47_20_01|RL_20_04_01|RL_04_17_01,f4386303c6ece2455d663b5996e900edd4062358f58dcd2a4234273a45f8aaa2,658fb2e56867a50597e9a21899748d8171439deda852e7db4f3339a99f71dd3d,c58710f5ca3f5fe0bd6bbced65293e0b5548e882a816a3e0d3648166569a42e0
68,MESS04,STA06,STA01,TN_41,TN_43,1860.4249748229981,1672.114501953125,1760.9244689941406,20.485349999999997,ORIGINAL_ABSTRACT_ROAD_SERVICE_ROUTE_NOT_NEW_PCC_GIS,3,3,600,71,3,True,31.606056155793745,1140.0,1108.3939438442062,660.0,448.3939438442062,True,True,1,PREREGISTERED_RESEARCH_DESIGN_NOT_FIELD,True,False,UNSELECTED_MAPPING_BOUND_SEPARATELY,UNVERIFIED,UNVERIFIED,COMMON_PROPER_TRANSFORM_SCHEMATIC_PROXY_REQUIRED_SEPARATELY,False,RL_41_05_01|RL_05_19_01|RL_19_43_01,f4386303c6ece2455d663b5996e900edd4062358f58dcd2a4234273a45f8aaa2,658fb2e56867a50597e9a21899748d8171439deda852e7db4f3339a99f71dd3d,c58710f5ca3f5fe0bd6bbced65293e0b5548e882a816a3e0d3648166569a42e0
68,MESS04,STA06,STA02,TN_41,TN_14,1391.9021476745606,1203.5916748046875,1267.517333984375,20.145829999999997,ORIGINAL_ABSTRACT_ROAD_SERVICE_ROUTE_NOT_NEW_PCC_GIS,2,3,600,71,2,True,28.83774526457463,1140.0,1111.1622547354254,660.0,451.16225473542545,True,True,1,PREREGISTERED_RESEARCH_DESIGN_NOT_FIELD,True,False,UNSELECTED_MAPPING_BOUND_SEPARATELY,UNVERIFIED,UNVERIFIED,COMMON_PROPER_TRANSFORM_SCHEMATIC_PROXY_REQUIRED_SEPARATELY,False,RL_41_14_01,f4386303c6ece2455d663b5996e900edd4062358f58dcd2a4234273a45f8aaa2,658fb2e56867a50597e9a21899748d8171439deda852e7db4f3339a99f71dd3d,c58710f5ca3f5fe0bd6bbced65293e0b5548e882a816a3e0d3648166569a42e0
68,MESS04,STA06,STA03,TN_41,TN_35,1926.0261558532716,1737.7156829833984,1830.0099716186523,26.336739999999995,ORIGINAL_ABSTRACT_ROAD_SERVICE_ROUTE_NOT_NEW_PCC_GIS,3,3,600,71,3,True,32.76799399452042,1140.0,1107.2320060054797,660.0,447.23200600547966,True,True,1,PREREGISTERED_RESEARCH_DESIGN_NOT_FIELD,True,False,UNSELECTED_MAPPING_BOUND_SEPARATELY,UNVERIFIED,UNVERIFIED,COMMON_PROPER_TRANSFORM_SCHEMATIC_PROXY_REQUIRED_SEPARATELY,False,RL_41_14_01|RL_14_23_01|RL_23_27_01|RL_27_35_01,f4386303c6ece2455d663b5996e900edd4062358f58dcd2a4234273a45f8aaa2,658fb2e56867a50597e9a21899748d8171439deda852e7db4f3339a99f71dd3d,c58710f5ca3f5fe0bd6bbced65293e0b5548e882a816a3e0d3648166569a42e0
68,MESS04,STA06,STA04,TN_41,TN_28,1390.726946258545,1202.4164733886719,1266.2796630859375,14.889309999999995,ORIGINAL_ABSTRACT_ROAD_SERVICE_ROUTE_NOT_NEW_PCC_GIS,2,3,600,71,2,True,21.629478951033132,1140.0,1118.3705210489668,660.0,458.3705210489668,True,True,1,PREREGISTERED_RESEARCH_DESIGN_NOT_FIELD,True,False,UNSELECTED_MAPPING_BOUND_SEPARATELY,UNVERIFIED,UNVERIFIED,COMMON_PROPER_TRANSFORM_SCHEMATIC_PROXY_REQUIRED_SEPARATELY,False,RL_41_05_01|RL_05_28_01,f4386303c6ece2455d663b5996e900edd4062358f58dcd2a4234273a45f8aaa2,658fb2e56867a50597e9a21899748d8171439deda852e7db4f3339a99f71dd3d,c58710f5ca3f5fe0bd6bbced65293e0b5548e882a816a3e0d3648166569a42e0
68,MESS04,STA06,STA05,TN_41,TN_37,2209.013079071045,2020.7026062011719,2128.0269470214844,25.297389999999996,ORIGINAL_ABSTRACT_ROAD_SERVICE_ROUTE_NOT_NEW_PCC_GIS,3,4,600,72,3,True,29.72801159818073,1140.0,1110.2719884018193,660.0,450.27198840181927,True,True,1,PREREGISTERED_RESEARCH_DESIGN_NOT_FIELD,True,False,UNSELECTED_MAPPING_BOUND_SEPARATELY,UNVERIFIED,UNVERIFIED,COMMON_PROPER_TRANSFORM_SCHEMATIC_PROXY_REQUIRED_SEPARATELY,False,RL_41_05_01|RL_05_13_01|RL_13_37_01,f4386303c6ece2455d663b5996e900edd4062358f58dcd2a4234273a45f8aaa2,658fb2e56867a50597e9a21899748d8171439deda852e7db4f3339a99f71dd3d,c58710f5ca3f5fe0bd6bbced65293e0b5548e882a816a3e0d3648166569a42e0
68,MESS04,STA06,STA06,TN_41,TN_41,0.0,0.0,0.0,0.0,ORIGINAL_ABSTRACT_ROAD_SERVICE_ROUTE_NOT_NEW_PCC_GIS,0,0,600,68,1,True,0.0,1140.0,1140.0,660.0,480.0,True,True,1,PREREGISTERED_RESEARCH_DESIGN_NOT_FIELD,True,False,UNSELECTED_MAPPING_BOUND_SEPARATELY,UNVERIFIED,UNVERIFIED,COMMON_PROPER_TRANSFORM_SCHEMATIC_PROXY_REQUIRED_SEPARATELY,False,,f4386303c6ece2455d663b5996e900edd4062358f58dcd2a4234273a45f8aaa2,658fb2e56867a50597e9a21899748d8171439deda852e7db4f3339a99f71dd3d,c58710f5ca3f5fe0bd6bbced65293e0b5548e882a816a3e0d3648166569a42e0
68,MESS04,STA06,STA07,TN_41,TN_32,1790.7119010925294,1602.4014282226562,1687.5087890625,16.555399999999995,ORIGINAL_ABSTRACT_ROAD_SERVICE_ROUTE_NOT_NEW_PCC_GIS,2,3,600,71,3,True,28.97997195951762,1140.0,1111.0200280404824,660.0,451.02002804048243,True,True,1,PREREGISTERED_RESEARCH_DESIGN_NOT_FIELD,True,False,UNSELECTED_MAPPING_BOUND_SEPARATELY,UNVERIFIED,UNVERIFIED,COMMON_PROPER_TRANSFORM_SCHEMATIC_PROXY_REQUIRED_SEPARATELY,False,RL_41_45_01|RL_45_07_01|RL_07_32_01,f4386303c6ece2455d663b5996e900edd4062358f58dcd2a4234273a45f8aaa2,658fb2e56867a50597e9a21899748d8171439deda852e7db4f3339a99f71dd3d,c58710f5ca3f5fe0bd6bbced65293e0b5548e882a816a3e0d3648166569a42e0
68,MESS04,STA06,STA08,TN_41,TN_47,1890.3129753112794,1702.0025024414062,1792.39990234375,18.618379999999995,ORIGINAL_ABSTRACT_ROAD_SERVICE_ROUTE_NOT_NEW_PCC_GIS,3,3,600,71,3,True,31.514243919616277,1140.0,1108.4857560803837,660.0,448.4857560803837,True,True,1,PREREGISTERED_RESEARCH_DESIGN_NOT_FIELD,True,False,UNSELECTED_MAPPING_BOUND_SEPARATELY,UNVERIFIED,UNVERIFIED,COMMON_PROPER_TRANSFORM_SCHEMATIC_PROXY_REQUIRED_SEPARATELY,False,RL_41_45_01|RL_45_07_01|RL_07_47_01,f4386303c6ece2455d663b5996e900edd4062358f58dcd2a4234273a45f8aaa2,658fb2e56867a50597e9a21899748d8171439deda852e7db4f3339a99f71dd3d,c58710f5ca3f5fe0bd6bbced65293e0b5548e882a816a3e0d3648166569a42e0
68,MESS04,STA06,STA09,TN_41,TN_42,2055.040148162842,1866.7296752929688,1965.8760986328125,19.980269999999997,ORIGINAL_ABSTRACT_ROAD_SERVICE_ROUTE_NOT_NEW_PCC_GIS,3,3,600,71,3,True,32.86686074888756,1140.0,1107.1331392511124,660.0,447.1331392511124,True,True,1,PREREGISTERED_RESEARCH_DESIGN_NOT_FIELD,True,False,UNSELECTED_MAPPING_BOUND_SEPARATELY,UNVERIFIED,UNVERIFIED,COMMON_PROPER_TRANSFORM_SCHEMATIC_PROXY_REQUIRED_SEPARATELY,False,RL_41_45_01|RL_45_07_01|RL_07_42_02,f4386303c6ece2455d663b5996e900edd4062358f58dcd2a4234273a45f8aaa2,658fb2e56867a50597e9a21899748d8171439deda852e7db4f3339a99f71dd3d,c58710f5ca3f5fe0bd6bbced65293e0b5548e882a816a3e0d3648166569a42e0
68,MESS04,STA06,STA10,TN_41,TN_24,2677.487902069092,2489.1774291992188,2621.3836059570312,30.94163,ORIGINAL_ABSTRACT_ROAD_SERVICE_ROUTE_NOT_NEW_PCC_GIS,3,4,600,72,4,True,36.780817190899285,1140.0,1103.2191828091006,660.0,443.21918280910063,True,True,1,PREREGISTERED_RESEARCH_DESIGN_NOT_FIELD,True,False,UNSELECTED_MAPPING_BOUND_SEPARATELY,UNVERIFIED,UNVERIFIED,COMMON_PROPER_TRANSFORM_SCHEMATIC_PROXY_REQUIRED_SEPARATELY,False,RL_41_05_01|RL_05_09_01|RL_09_24_01,f4386303c6ece2455d663b5996e900edd4062358f58dcd2a4234273a45f8aaa2,658fb2e56867a50597e9a21899748d8171439deda852e7db4f3339a99f71dd3d,c58710f5ca3f5fe0bd6bbced65293e0b5548e882a816a3e0d3648166569a42e0
68,MESS04,STA06,STA11,TN_41,TN_44,2965.5256523132325,2777.2151794433594,2924.7196655273438,31.85898999999999,ORIGINAL_ABSTRACT_ROAD_SERVICE_ROUTE_NOT_NEW_PCC_GIS,4,4,600,72,4,True,48.944964121284784,1140.0,1091.0550358787152,660.0,431.0550358787152,True,True,1,PREREGISTERED_RESEARCH_DESIGN_NOT_FIELD,True,False,UNSELECTED_MAPPING_BOUND_SEPARATELY,UNVERIFIED,UNVERIFIED,COMMON_PROPER_TRANSFORM_SCHEMATIC_PROXY_REQUIRED_SEPARATELY,False,RL_41_45_01|RL_45_07_01|RL_07_42_02|RL_42_22_01|RL_22_44_01,f4386303c6ece2455d663b5996e900edd4062358f58dcd2a4234273a45f8aaa2,658fb2e56867a50597e9a21899748d8171439deda852e7db4f3339a99f71dd3d,c58710f5ca3f5fe0bd6bbced65293e0b5548e882a816a3e0d3648166569a42e0
68,MESS04,STA06,STA12,TN_41,TN_17,2713.9038566589356,2525.5933837890625,2659.7337036132812,32.79382,ORIGINAL_ABSTRACT_ROAD_SERVICE_ROUTE_NOT_NEW_PCC_GIS,4,4,600,72,4,True,50.32119010856998,1140.0,1089.67880989143,660.0,429.6788098914301,True,True,1,PREREGISTERED_RESEARCH_DESIGN_NOT_FIELD,True,False,UNSELECTED_MAPPING_BOUND_SEPARATELY,UNVERIFIED,UNVERIFIED,COMMON_PROPER_TRANSFORM_SCHEMATIC_PROXY_REQUIRED_SEPARATELY,False,RL_41_45_01|RL_45_07_01|RL_07_18_02|RL_18_17_01,f4386303c6ece2455d663b5996e900edd4062358f58dcd2a4234273a45f8aaa2,658fb2e56867a50597e9a21899748d8171439deda852e7db4f3339a99f71dd3d,c58710f5ca3f5fe0bd6bbced65293e0b5548e882a816a3e0d3648166569a42e0
68,MESS05,STA03,STA01,TN_35,TN_43,1252.0497917175294,1063.7393188476562,1120.237060546875,14.441180000000001,ORIGINAL_ABSTRACT_ROAD_SERVICE_ROUTE_NOT_NEW_PCC_GIS,2,3,600,71,2,True,18.99162665122679,1140.0,1121.0083733487731,660.0,461.00837334877315,True,True,1,PREREGISTERED_RESEARCH_DESIGN_NOT_FIELD,True,False,UNSELECTED_MAPPING_BOUND_SEPARATELY,UNVERIFIED,UNVERIFIED,COMMON_PROPER_TRANSFORM_SCHEMATIC_PROXY_REQUIRED_SEPARATELY,False,RL_35_14_01|RL_14_43_01,f4386303c6ece2455d663b5996e900edd4062358f58dcd2a4234273a45f8aaa2,658fb2e56867a50597e9a21899748d8171439deda852e7db4f3339a99f71dd3d,c58710f5ca3f5fe0bd6bbced65293e0b5548e882a816a3e0d3648166569a42e0
68,MESS05,STA03,STA02,TN_35,TN_14,725.8513053894044,537.5408325195312,566.0909423828125,9.11638,ORIGINAL_ABSTRACT_ROAD_SERVICE_ROUTE_NOT_NEW_PCC_GIS,1,2,600,70,2,True,11.821674400557345,1140.0,1128.1783255994426,660.0,468.1783255994426,True,True,1,PREREGISTERED_RESEARCH_DESIGN_NOT_FIELD,True,False,UNSELECTED_MAPPING_BOUND_SEPARATELY,UNVERIFIED,UNVERIFIED,COMMON_PROPER_TRANSFORM_SCHEMATIC_PROXY_REQUIRED_SEPARATELY,False,RL_35_14_01,f4386303c6ece2455d663b5996e900edd4062358f58dcd2a4234273a45f8aaa2,658fb2e56867a50597e9a21899748d8171439deda852e7db4f3339a99f71dd3d,c58710f5ca3f5fe0bd6bbced65293e0b5548e882a816a3e0d3648166569a42e0
68,MESS05,STA03,STA03,TN_35,TN_35,0.0,0.0,0.0,0.0,ORIGINAL_ABSTRACT_ROAD_SERVICE_ROUTE_NOT_NEW_PCC_GIS,0,0,600,68,1,True,0.0,1140.0,1140.0,660.0,480.0,True,True,1,PREREGISTERED_RESEARCH_DESIGN_NOT_FIELD,True,False,UNSELECTED_MAPPING_BOUND_SEPARATELY,UNVERIFIED,UNVERIFIED,COMMON_PROPER_TRANSFORM_SCHEMATIC_PROXY_REQUIRED_SEPARATELY,False,,f4386303c6ece2455d663b5996e900edd4062358f58dcd2a4234273a45f8aaa2,658fb2e56867a50597e9a21899748d8171439deda852e7db4f3339a99f71dd3d,c58710f5ca3f5fe0bd6bbced65293e0b5548e882a816a3e0d3648166569a42e0
68,MESS05,STA03,STA04,TN_35,TN_28,1639.9663871765138,1451.6559143066406,1528.7568664550781,20.076919999999998,ORIGINAL_ABSTRACT_ROAD_SERVICE_ROUTE_NOT_NEW_PCC_GIS,2,3,600,71,3,True,28.949372165011177,1140.0,1111.0506278349887,660.0,451.05062783498875,True,True,1,PREREGISTERED_RESEARCH_DESIGN_NOT_FIELD,True,False,UNSELECTED_MAPPING_BOUND_SEPARATELY,UNVERIFIED,UNVERIFIED,COMMON_PROPER_TRANSFORM_SCHEMATIC_PROXY_REQUIRED_SEPARATELY,False,RL_35_46_01|RL_46_05_01|RL_05_28_01,f4386303c6ece2455d663b5996e900edd4062358f58dcd2a4234273a45f8aaa2,658fb2e56867a50597e9a21899748d8171439deda852e7db4f3339a99f71dd3d,c58710f5ca3f5fe0bd6bbced65293e0b5548e882a816a3e0d3648166569a42e0
68,MESS05,STA03,STA05,TN_35,TN_37,822.8986686706544,634.5881958007812,668.2926940917969,9.49954,ORIGINAL_ABSTRACT_ROAD_SERVICE_ROUTE_NOT_NEW_PCC_GIS,1,2,600,70,2,True,9.716873224060848,1140.0,1130.283126775939,660.0,470.2831267759391,True,True,1,PREREGISTERED_RESEARCH_DESIGN_NOT_FIELD,True,False,UNSELECTED_MAPPING_BOUND_SEPARATELY,UNVERIFIED,UNVERIFIED,COMMON_PROPER_TRANSFORM_SCHEMATIC_PROXY_REQUIRED_SEPARATELY,False,RL_35_13_01|RL_13_37_01,f4386303c6ece2455d663b5996e900edd4062358f58dcd2a4234273a45f8aaa2,658fb2e56867a50597e9a21899748d8171439deda852e7db4f3339a99f71dd3d,c58710f5ca3f5fe0bd6bbced65293e0b5548e882a816a3e0d3648166569a42e0
68,MESS05,STA03,STA06,TN_35,TN_41,1792.7827018737794,1604.4722290039062,1689.689697265625,29.741700000000005,ORIGINAL_ABSTRACT_ROAD_SERVICE_ROUTE_NOT_NEW_PCC_GIS,2,3,600,71,3,True,42.14621899189014,1140.0,1097.8537810081098,660.0,437.85378100810976,True,True,1,PREREGISTERED_RESEARCH_DESIGN_NOT_FIELD,True,False,UNSELECTED_MAPPING_BOUND_SEPARATELY,UNVERIFIED,UNVERIFIED,COMMON_PROPER_TRANSFORM_SCHEMATIC_PROXY_REQUIRED_SEPARATELY,False,RL_35_14_01|RL_14_41_01,f4386303c6ece2455d663b5996e900edd4062358f58dcd2a4234273a45f8aaa2,658fb2e56867a50597e9a21899748d8171439deda852e7db4f3339a99f71dd3d,c58710f5ca3f5fe0bd6bbced65293e0b5548e882a816a3e0d3648166569a42e0
68,MESS05,STA03,STA07,TN_35,TN_32,2461.999193572998,2273.688720703125,2394.449737548828,31.60127,ORIGINAL_ABSTRACT_ROAD_SERVICE_ROUTE_NOT_NEW_PCC_GIS,3,4,600,72,4,True,48.1639135046366,1140.0,1091.8360864953634,660.0,431.83608649536336,True,True,1,PREREGISTERED_RESEARCH_DESIGN_NOT_FIELD,True,False,UNSELECTED_MAPPING_BOUND_SEPARATELY,UNVERIFIED,UNVERIFIED,COMMON_PROPER_TRANSFORM_SCHEMATIC_PROXY_REQUIRED_SEPARATELY,False,RL_35_13_01|RL_13_37_01|RL_37_07_01|RL_07_32_01,f4386303c6ece2455d663b5996e900edd4062358f58dcd2a4234273a45f8aaa2,658fb2e56867a50597e9a21899748d8171439deda852e7db4f3339a99f71dd3d,c58710f5ca3f5fe0bd6bbced65293e0b5548e882a816a3e0d3648166569a42e0
68,MESS05,STA03,STA08,TN_35,TN_47,2561.600267791748,2373.289794921875,2499.340850830078,33.664249999999996,ORIGINAL_ABSTRACT_ROAD_SERVICE_ROUTE_NOT_NEW_PCC_GIS,3,4,600,72,4,True,50.958202876882005,1140.0,1089.041797123118,660.0,429.04179712311793,True,True,1,PREREGISTERED_RESEARCH_DESIGN_NOT_FIELD,True,False,UNSELECTED_MAPPING_BOUND_SEPARATELY,UNVERIFIED,UNVERIFIED,COMMON_PROPER_TRANSFORM_SCHEMATIC_PROXY_REQUIRED_SEPARATELY,False,RL_35_13_01|RL_13_37_01|RL_37_07_01|RL_07_47_01,f4386303c6ece2455d663b5996e900edd4062358f58dcd2a4234273a45f8aaa2,658fb2e56867a50597e9a21899748d8171439deda852e7db4f3339a99f71dd3d,c58710f5ca3f5fe0bd6bbced65293e0b5548e882a816a3e0d3648166569a42e0
68,MESS05,STA03,STA09,TN_35,TN_42,2726.3274406433106,2538.0169677734375,2672.8170471191406,35.02614,ORIGINAL_ABSTRACT_ROAD_SERVICE_ROUTE_NOT_NEW_PCC_GIS,4,4,600,72,4,True,52.10655866962717,1140.0,1087.8934413303728,660.0,427.89344133037275,True,True,1,PREREGISTERED_RESEARCH_DESIGN_NOT_FIELD,True,False,UNSELECTED_MAPPING_BOUND_SEPARATELY,UNVERIFIED,UNVERIFIED,COMMON_PROPER_TRANSFORM_SCHEMATIC_PROXY_REQUIRED_SEPARATELY,False,RL_35_13_01|RL_13_37_01|RL_37_07_01|RL_07_42_02,f4386303c6ece2455d663b5996e900edd4062358f58dcd2a4234273a45f8aaa2,658fb2e56867a50597e9a21899748d8171439deda852e7db4f3339a99f71dd3d,c58710f5ca3f5fe0bd6bbced65293e0b5548e882a816a3e0d3648166569a42e0
68,MESS05,STA03,STA10,TN_35,TN_24,1751.8365959167481,1563.526123046875,1646.5687866210938,22.319130000000012,ORIGINAL_ABSTRACT_ROAD_SERVICE_ROUTE_NOT_NEW_PCC_GIS,2,3,600,71,3,True,23.49641041010314,1140.0,1116.5035895898968,660.0,456.5035895898968,True,True,1,PREREGISTERED_RESEARCH_DESIGN_NOT_FIELD,True,False,UNSELECTED_MAPPING_BOUND_SEPARATELY,UNVERIFIED,UNVERIFIED,COMMON_PROPER_TRANSFORM_SCHEMATIC_PROXY_REQUIRED_SEPARATELY,False,RL_35_08_01|RL_08_24_01,f4386303c6ece2455d663b5996e900edd4062358f58dcd2a4234273a45f8aaa2,658fb2e56867a50597e9a21899748d8171439deda852e7db4f3339a99f71dd3d,c58710f5ca3f5fe0bd6bbced65293e0b5548e882a816a3e0d3648166569a42e0
68,MESS05,STA03,STA11,TN_35,TN_44,2004.2075675964356,1815.8970947265625,1912.34375,25.214509999999994,ORIGINAL_ABSTRACT_ROAD_SERVICE_ROUTE_NOT_NEW_PCC_GIS,3,3,600,71,3,True,30.02629750262106,1140.0,1109.973702497379,660.0,449.973702497379,True,True,1,PREREGISTERED_RESEARCH_DESIGN_NOT_FIELD,True,False,UNSELECTED_MAPPING_BOUND_SEPARATELY,UNVERIFIED,UNVERIFIED,COMMON_PROPER_TRANSFORM_SCHEMATIC_PROXY_REQUIRED_SEPARATELY,False,RL_35_44_01,f4386303c6ece2455d663b5996e900edd4062358f58dcd2a4234273a45f8aaa2,658fb2e56867a50597e9a21899748d8171439deda852e7db4f3339a99f71dd3d,c58710f5ca3f5fe0bd6bbced65293e0b5548e882a816a3e0d3648166569a42e0
68,MESS05,STA03,STA12,TN_35,TN_17,2746.30385055542,2557.993377685547,2693.8545532226562,40.051710000000014,ORIGINAL_ABSTRACT_ROAD_SERVICE_ROUTE_NOT_NEW_PCC_GIS,4,4,600,72,3,True,54.981685382371424,1140.0,1085.0183146176287,660.0,425.0183146176287,True,True,1,PREREGISTERED_RESEARCH_DESIGN_NOT_FIELD,True,False,UNSELECTED_MAPPING_BOUND_SEPARATELY,UNVERIFIED,UNVERIFIED,COMMON_PROPER_TRANSFORM_SCHEMATIC_PROXY_REQUIRED_SEPARATELY,False,RL_35_13_01|RL_13_17_01,f4386303c6ece2455d663b5996e900edd4062358f58dcd2a4234273a45f8aaa2,658fb2e56867a50597e9a21899748d8171439deda852e7db4f3339a99f71dd3d,c58710f5ca3f5fe0bd6bbced65293e0b5548e882a816a3e0d3648166569a42e0
68,MESS06,STA10,STA01,TN_24,TN_43,2583.2309288024903,2394.920455932617,2522.1203842163086,33.20938,ORIGINAL_ABSTRACT_ROAD_SERVICE_ROUTE_NOT_NEW_PCC_GIS,3,4,600,72,4,True,48.70434072799668,1140.0,1091.2956592720034,660.0,431.2956592720034,True,True,1,PREREGISTERED_RESEARCH_DESIGN_NOT_FIELD,True,False,UNSELECTED_MAPPING_BOUND_SEPARATELY,UNVERIFIED,UNVERIFIED,COMMON_PROPER_TRANSFORM_SCHEMATIC_PROXY_REQUIRED_SEPARATELY,False,RL_24_39_01|RL_39_21_03|RL_21_09_02|RL_09_19_01|RL_19_43_01,f4386303c6ece2455d663b5996e900edd4062358f58dcd2a4234273a45f8aaa2,658fb2e56867a50597e9a21899748d8171439deda852e7db4f3339a99f71dd3d,c58710f5ca3f5fe0bd6bbced65293e0b5548e882a816a3e0d3648166569a42e0
68,MESS06,STA10,STA02,TN_24,TN_14,2089.773607635498,1901.463134765625,2002.454345703125,28.949340000000007,ORIGINAL_ABSTRACT_ROAD_SERVICE_ROUTE_NOT_NEW_PCC_GIS,3,3,600,71,3,True,35.669023503405725,1140.0,1104.3309764965943,660.0,444.3309764965943,True,True,1,PREREGISTERED_RESEARCH_DESIGN_NOT_FIELD,True,False,UNSELECTED_MAPPING_BOUND_SEPARATELY,UNVERIFIED,UNVERIFIED,COMMON_PROPER_TRANSFORM_SCHEMATIC_PROXY_REQUIRED_SEPARATELY,False,RL_24_39_01|RL_39_35_01|RL_35_14_01,f4386303c6ece2455d663b5996e900edd4062358f58dcd2a4234273a45f8aaa2,658fb2e56867a50597e9a21899748d8171439deda852e7db4f3339a99f71dd3d,c58710f5ca3f5fe0bd6bbced65293e0b5548e882a816a3e0d3648166569a42e0
68,MESS06,STA10,STA03,TN_24,TN_35,1552.232775115967,1363.9223022460938,1436.3634033203125,19.832960000000007,ORIGINAL_ABSTRACT_ROAD_SERVICE_ROUTE_NOT_NEW_PCC_GIS,2,3,600,71,3,True,23.979016549772282,1140.0,1116.0209834502277,660.0,456.02098345022773,True,True,1,PREREGISTERED_RESEARCH_DESIGN_NOT_FIELD,True,False,UNSELECTED_MAPPING_BOUND_SEPARATELY,UNVERIFIED,UNVERIFIED,COMMON_PROPER_TRANSFORM_SCHEMATIC_PROXY_REQUIRED_SEPARATELY,False,RL_24_39_01|RL_39_35_01,f4386303c6ece2455d663b5996e900edd4062358f58dcd2a4234273a45f8aaa2,658fb2e56867a50597e9a21899748d8171439deda852e7db4f3339a99f71dd3d,c58710f5ca3f5fe0bd6bbced65293e0b5548e882a816a3e0d3648166569a42e0
68,MESS06,STA10,STA04,TN_24,TN_28,1689.2767814636231,1500.96630859375,1580.6861572265625,19.793140000000015,ORIGINAL_ABSTRACT_ROAD_SERVICE_ROUTE_NOT_NEW_PCC_GIS,2,3,600,71,3,True,27.274322573887165,1140.0,1112.7256774261127,660.0,452.7256774261127,True,True,1,PREREGISTERED_RESEARCH_DESIGN_NOT_FIELD,True,False,UNSELECTED_MAPPING_BOUND_SEPARATELY,UNVERIFIED,UNVERIFIED,COMMON_PROPER_TRANSFORM_SCHEMATIC_PROXY_REQUIRED_SEPARATELY,False,RL_24_28_01,f4386303c6ece2455d663b5996e900edd4062358f58dcd2a4234273a45f8aaa2,658fb2e56867a50597e9a21899748d8171439deda852e7db4f3339a99f71dd3d,c58710f5ca3f5fe0bd6bbced65293e0b5548e882a816a3e0d3648166569a42e0
68,MESS06,STA10,STA05,TN_24,TN_37,1381.4696678161622,1193.159194946289,1256.5307235717773,12.402790000000001,ORIGINAL_ABSTRACT_ROAD_SERVICE_ROUTE_NOT_NEW_PCC_GIS,2,3,600,71,2,True,13.86797016754217,1140.0,1126.1320298324579,660.0,466.1320298324579,True,True,1,PREREGISTERED_RESEARCH_DESIGN_NOT_FIELD,True,False,UNSELECTED_MAPPING_BOUND_SEPARATELY,UNVERIFIED,UNVERIFIED,COMMON_PROPER_TRANSFORM_SCHEMATIC_PROXY_REQUIRED_SEPARATELY,False,RL_24_39_01|RL_39_21_03|RL_21_09_02|RL_09_37_01,f4386303c6ece2455d663b5996e900edd4062358f58dcd2a4234273a45f8aaa2,658fb2e56867a50597e9a21899748d8171439deda852e7db4f3339a99f71dd3d,c58710f5ca3f5fe0bd6bbced65293e0b5548e882a816a3e0d3648166569a42e0
68,MESS06,STA10,STA06,TN_24,TN_41,2691.3739799499513,2503.063507080078,2636.0071716308594,33.29452000000002,ORIGINAL_ABSTRACT_ROAD_SERVICE_ROUTE_NOT_NEW_PCC_GIS,3,4,600,72,4,True,43.711171800529016,1140.0,1096.288828199471,660.0,436.288828199471,True,True,1,PREREGISTERED_RESEARCH_DESIGN_NOT_FIELD,True,False,UNSELECTED_MAPPING_BOUND_SEPARATELY,UNVERIFIED,UNVERIFIED,COMMON_PROPER_TRANSFORM_SCHEMATIC_PROXY_REQUIRED_SEPARATELY,False,RL_24_28_01|RL_28_05_01|RL_05_41_01,f4386303c6ece2455d663b5996e900edd4062358f58dcd2a4234273a45f8aaa2,658fb2e56867a50597e9a21899748d8171439deda852e7db4f3339a99f71dd3d,c58710f5ca3f5fe0bd6bbced65293e0b5548e882a816a3e0d3648166569a42e0
68,MESS06,STA10,STA07,TN_24,TN_32,2411.080492401123,2222.77001953125,2340.826614379883,25.28667,ORIGINAL_ABSTRACT_ROAD_SERVICE_ROUTE_NOT_NEW_PCC_GIS,3,4,600,72,3,True,42.051523449619495,1140.0,1097.9484765503805,660.0,437.9484765503805,True,True,1,PREREGISTERED_RESEARCH_DESIGN_NOT_FIELD,True,False,UNSELECTED_MAPPING_BOUND_SEPARATELY,UNVERIFIED,UNVERIFIED,COMMON_PROPER_TRANSFORM_SCHEMATIC_PROXY_REQUIRED_SEPARATELY,False,RL_24_39_01|RL_39_04_01|RL_04_20_01|RL_20_07_01|RL_07_32_01,f4386303c6ece2455d663b5996e900edd4062358f58dcd2a4234273a45f8aaa2,658fb2e56867a50597e9a21899748d8171439deda852e7db4f3339a99f71dd3d,c58710f5ca3f5fe0bd6bbced65293e0b5548e882a816a3e0d3648166569a42e0
68,MESS06,STA10,STA08,TN_24,TN_47,2510.681566619873,2322.37109375,2445.717727661133,27.34965,ORIGINAL_ABSTRACT_ROAD_SERVICE_ROUTE_NOT_NEW_PCC_GIS,3,4,600,72,3,True,44.660459059397276,1140.0,1095.3395409406028,660.0,435.3395409406028,True,True,1,PREREGISTERED_RESEARCH_DESIGN_NOT_FIELD,True,False,UNSELECTED_MAPPING_BOUND_SEPARATELY,UNVERIFIED,UNVERIFIED,COMMON_PROPER_TRANSFORM_SCHEMATIC_PROXY_REQUIRED_SEPARATELY,False,RL_24_39_01|RL_39_04_01|RL_04_20_01|RL_20_07_01|RL_07_47_01,f4386303c6ece2455d663b5996e900edd4062358f58dcd2a4234273a45f8aaa2,658fb2e56867a50597e9a21899748d8171439deda852e7db4f3339a99f71dd3d,c58710f5ca3f5fe0bd6bbced65293e0b5548e882a816a3e0d3648166569a42e0
68,MESS06,STA10,STA09,TN_24,TN_42,2631.8254264831544,2443.5149536132812,2573.2958374023438,29.600020000000008,ORIGINAL_ABSTRACT_ROAD_SERVICE_ROUTE_NOT_NEW_PCC_GIS,3,4,600,72,3,True,44.17318066442152,1140.0,1095.8268193355784,660.0,435.8268193355784,True,True,1,PREREGISTERED_RESEARCH_DESIGN_NOT_FIELD,True,False,UNSELECTED_MAPPING_BOUND_SEPARATELY,UNVERIFIED,UNVERIFIED,COMMON_PROPER_TRANSFORM_SCHEMATIC_PROXY_REQUIRED_SEPARATELY,False,RL_24_11_01|RL_11_18_01|RL_18_42_01,f4386303c6ece2455d663b5996e900edd4062358f58dcd2a4234273a45f8aaa2,658fb2e56867a50597e9a21899748d8171439deda852e7db4f3339a99f71dd3d,c58710f5ca3f5fe0bd6bbced65293e0b5548e882a816a3e0d3648166569a42e0
68,MESS06,STA10,STA10,TN_24,TN_24,0.0,0.0,0.0,0.0,ORIGINAL_ABSTRACT_ROAD_SERVICE_ROUTE_NOT_NEW_PCC_GIS,0,0,600,68,1,True,0.0,1140.0,1140.0,660.0,480.0,True,True,1,PREREGISTERED_RESEARCH_DESIGN_NOT_FIELD,True,False,UNSELECTED_MAPPING_BOUND_SEPARATELY,UNVERIFIED,UNVERIFIED,COMMON_PROPER_TRANSFORM_SCHEMATIC_PROXY_REQUIRED_SEPARATELY,False,,f4386303c6ece2455d663b5996e900edd4062358f58dcd2a4234273a45f8aaa2,658fb2e56867a50597e9a21899748d8171439deda852e7db4f3339a99f71dd3d,c58710f5ca3f5fe0bd6bbced65293e0b5548e882a816a3e0d3648166569a42e0
68,MESS06,STA10,STA11,TN_24,TN_44,1634.5297645568849,1446.2192916870117,1523.0314559936523,18.85883,ORIGINAL_ABSTRACT_ROAD_SERVICE_ROUTE_NOT_NEW_PCC_GIS,2,3,600,71,3,True,26.09677015607688,1140.0,1113.903229843923,660.0,453.9032298439231,True,True,1,PREREGISTERED_RESEARCH_DESIGN_NOT_FIELD,True,False,UNSELECTED_MAPPING_BOUND_SEPARATELY,UNVERIFIED,UNVERIFIED,COMMON_PROPER_TRANSFORM_SCHEMATIC_PROXY_REQUIRED_SEPARATELY,False,RL_24_11_01|RL_11_22_01|RL_22_44_01,f4386303c6ece2455d663b5996e900edd4062358f58dcd2a4234273a45f8aaa2,658fb2e56867a50597e9a21899748d8171439deda852e7db4f3339a99f71dd3d,c58710f5ca3f5fe0bd6bbced65293e0b5548e882a816a3e0d3648166569a42e0
68,MESS06,STA10,STA12,TN_24,TN_17,1430.7593254089356,1242.4488525390625,1308.4383544921875,16.96551000000002,ORIGINAL_ABSTRACT_ROAD_SERVICE_ROUTE_NOT_NEW_PCC_GIS,2,3,600,71,2,True,24.31026367825728,1140.0,1115.6897363217427,660.0,455.68973632174266,True,True,1,PREREGISTERED_RESEARCH_DESIGN_NOT_FIELD,True,False,UNSELECTED_MAPPING_BOUND_SEPARATELY,UNVERIFIED,UNVERIFIED,COMMON_PROPER_TRANSFORM_SCHEMATIC_PROXY_REQUIRED_SEPARATELY,False,RL_24_17_01,f4386303c6ece2455d663b5996e900edd4062358f58dcd2a4234273a45f8aaa2,658fb2e56867a50597e9a21899748d8171439deda852e7db4f3339a99f71dd3d,c58710f5ca3f5fe0bd6bbced65293e0b5548e882a816a3e0d3648166569a42e0
72,MESS01,STA01,STA01,TN_43,TN_43,0.0,0.0,0.0,0.0,ORIGINAL_ABSTRACT_ROAD_SERVICE_ROUTE_NOT_NEW_PCC_GIS,0,0,600,72,1,True,0.0,1140.0,1140.0,660.0,480.0,True,True,1,PREREGISTERED_RESEARCH_DESIGN_NOT_FIELD,True,False,UNSELECTED_MAPPING_BOUND_SEPARATELY,UNVERIFIED,UNVERIFIED,COMMON_PROPER_TRANSFORM_SCHEMATIC_PROXY_REQUIRED_SEPARATELY,False,,f4386303c6ece2455d663b5996e900edd4062358f58dcd2a4234273a45f8aaa2,658fb2e56867a50597e9a21899748d8171439deda852e7db4f3339a99f71dd3d,c58710f5ca3f5fe0bd6bbced65293e0b5548e882a816a3e0d3648166569a42e0
72,MESS01,STA01,STA02,TN_43,TN_14,651.6809570312503,481.6532287597656,508.19476318359375,5.094550000000002,ORIGINAL_ABSTRACT_ROAD_SERVICE_ROUTE_NOT_NEW_PCC_GIS,1,2,600,74,2,True,3.2388992956783595,1140.0,1136.7611007043217,660.0,476.76110070432173,True,True,1,PREREGISTERED_RESEARCH_DESIGN_NOT_FIELD,True,False,UNSELECTED_MAPPING_BOUND_SEPARATELY,UNVERIFIED,UNVERIFIED,COMMON_PROPER_TRANSFORM_SCHEMATIC_PROXY_REQUIRED_SEPARATELY,False,RL_43_14_01,f4386303c6ece2455d663b5996e900edd4062358f58dcd2a4234273a45f8aaa2,658fb2e56867a50597e9a21899748d8171439deda852e7db4f3339a99f71dd3d,c58710f5ca3f5fe0bd6bbced65293e0b5548e882a816a3e0d3648166569a42e0
72,MESS01,STA01,STA03,TN_43,TN_35,1186.2475082397464,1016.2197799682617,1072.218650817871,11.285460000000002,ORIGINAL_ABSTRACT_ROAD_SERVICE_ROUTE_NOT_NEW_PCC_GIS,2,2,600,74,2,True,7.678136520287505,1140.0,1132.3218634797124,660.0,472.3218634797124,True,True,1,PREREGISTERED_RESEARCH_DESIGN_NOT_FIELD,True,False,UNSELECTED_MAPPING_BOUND_SEPARATELY,UNVERIFIED,UNVERIFIED,COMMON_PROPER_TRANSFORM_SCHEMATIC_PROXY_REQUIRED_SEPARATELY,False,RL_43_14_01|RL_14_23_01|RL_23_27_01|RL_27_35_01,f4386303c6ece2455d663b5996e900edd4062358f58dcd2a4234273a45f8aaa2,658fb2e56867a50597e9a21899748d8171439deda852e7db4f3339a99f71dd3d,c58710f5ca3f5fe0bd6bbced65293e0b5548e882a816a3e0d3648166569a42e0
72,MESS01,STA01,STA04,TN_43,TN_28,719.9347106933596,549.906982421875,580.2096557617188,10.002019999999998,ORIGINAL_ABSTRACT_ROAD_SERVICE_ROUTE_NOT_NEW_PCC_GIS,1,2,600,74,2,True,15.38748038157563,1140.0,1124.6125196184244,660.0,464.61251961842436,True,True,1,PREREGISTERED_RESEARCH_DESIGN_NOT_FIELD,True,False,UNSELECTED_MAPPING_BOUND_SEPARATELY,UNVERIFIED,UNVERIFIED,COMMON_PROPER_TRANSFORM_SCHEMATIC_PROXY_REQUIRED_SEPARATELY,False,RL_43_28_01,f4386303c6ece2455d663b5996e900edd4062358f58dcd2a4234273a45f8aaa2,658fb2e56867a50597e9a21899748d8171439deda852e7db4f3339a99f71dd3d,c58710f5ca3f5fe0bd6bbced65293e0b5548e882a816a3e0d3648166569a42e0
72,MESS01,STA01,STA05,TN_43,TN_37,1657.239245605469,1487.2115173339844,1569.1643676757812,17.76019,ORIGINAL_ABSTRACT_ROAD_SERVICE_ROUTE_NOT_NEW_PCC_GIS,2,3,600,75,3,True,13.464315085602212,1140.0,1126.5356849143977,660.0,466.53568491439773,True,True,1,PREREGISTERED_RESEARCH_DESIGN_NOT_FIELD,True,False,UNSELECTED_MAPPING_BOUND_SEPARATELY,UNVERIFIED,UNVERIFIED,COMMON_PROPER_TRANSFORM_SCHEMATIC_PROXY_REQUIRED_SEPARATELY,False,RL_43_14_01|RL_14_37_01,f4386303c6ece2455d663b5996e900edd4062358f58dcd2a4234273a45f8aaa2,658fb2e56867a50597e9a21899748d8171439deda852e7db4f3339a99f71dd3d,c58710f5ca3f5fe0bd6bbced65293e0b5548e882a816a3e0d3648166569a42e0
72,MESS01,STA01,STA06,TN_43,TN_41,1741.318316650391,1571.2905883789062,1657.8766784667969,20.023230000000005,ORIGINAL_ABSTRACT_ROAD_SERVICE_ROUTE_NOT_NEW_PCC_GIS,2,3,600,75,3,True,25.200659478812874,1140.0,1114.799340521187,660.0,454.7993405211871,True,True,1,PREREGISTERED_RESEARCH_DESIGN_NOT_FIELD,True,False,UNSELECTED_MAPPING_BOUND_SEPARATELY,UNVERIFIED,UNVERIFIED,COMMON_PROPER_TRANSFORM_SCHEMATIC_PROXY_REQUIRED_SEPARATELY,False,RL_43_19_01|RL_19_05_01|RL_05_41_01,f4386303c6ece2455d663b5996e900edd4062358f58dcd2a4234273a45f8aaa2,658fb2e56867a50597e9a21899748d8171439deda852e7db4f3339a99f71dd3d,c58710f5ca3f5fe0bd6bbced65293e0b5548e882a816a3e0d3648166569a42e0
72,MESS01,STA01,STA07,TN_43,TN_32,2942.4766571044925,2772.448928833008,2925.2249298095703,44.29982999999998,ORIGINAL_ABSTRACT_ROAD_SERVICE_ROUTE_NOT_NEW_PCC_GIS,4,4,600,76,4,True,68.05493169996274,1140.0,1071.9450683000373,660.0,411.9450683000373,True,True,1,PREREGISTERED_RESEARCH_DESIGN_NOT_FIELD,True,False,UNSELECTED_MAPPING_BOUND_SEPARATELY,UNVERIFIED,UNVERIFIED,COMMON_PROPER_TRANSFORM_SCHEMATIC_PROXY_REQUIRED_SEPARATELY,False,RL_43_19_01|RL_19_04_01|RL_04_20_01|RL_20_07_01|RL_07_32_01,f4386303c6ece2455d663b5996e900edd4062358f58dcd2a4234273a45f8aaa2,658fb2e56867a50597e9a21899748d8171439deda852e7db4f3339a99f71dd3d,c58710f5ca3f5fe0bd6bbced65293e0b5548e882a816a3e0d3648166569a42e0
72,MESS01,STA01,STA08,TN_43,TN_47,3028.6070892333987,2858.579360961914,3016.101577758789,46.362809999999975,ORIGINAL_ABSTRACT_ROAD_SERVICE_ROUTE_NOT_NEW_PCC_GIS,4,5,600,77,4,True,71.08394183902554,1140.0,1068.9160581609744,660.0,408.91605816097444,True,True,1,PREREGISTERED_RESEARCH_DESIGN_NOT_FIELD,True,False,UNSELECTED_MAPPING_BOUND_SEPARATELY,UNVERIFIED,UNVERIFIED,COMMON_PROPER_TRANSFORM_SCHEMATIC_PROXY_REQUIRED_SEPARATELY,False,RL_43_19_01|RL_19_04_01|RL_04_20_01|RL_20_07_01|RL_07_47_01,f4386303c6ece2455d663b5996e900edd4062358f58dcd2a4234273a45f8aaa2,658fb2e56867a50597e9a21899748d8171439deda852e7db4f3339a99f71dd3d,c58710f5ca3f5fe0bd6bbced65293e0b5548e882a816a3e0d3648166569a42e0
72,MESS01,STA01,STA09,TN_43,TN_42,3151.0753509521487,2981.047622680664,3145.3184967041016,46.88335999999998,ORIGINAL_ABSTRACT_ROAD_SERVICE_ROUTE_NOT_NEW_PCC_GIS,4,5,600,77,4,True,70.30816617079763,1140.0,1069.6918338292023,660.0,409.6918338292023,True,True,1,PREREGISTERED_RESEARCH_DESIGN_NOT_FIELD,True,False,UNSELECTED_MAPPING_BOUND_SEPARATELY,UNVERIFIED,UNVERIFIED,COMMON_PROPER_TRANSFORM_SCHEMATIC_PROXY_REQUIRED_SEPARATELY,False,RL_43_19_01|RL_19_04_01|RL_04_20_01|RL_20_07_01|RL_07_42_01,f4386303c6ece2455d663b5996e900edd4062358f58dcd2a4234273a45f8aaa2,658fb2e56867a50597e9a21899748d8171439deda852e7db4f3339a99f71dd3d,c58710f5ca3f5fe0bd6bbced65293e0b5548e882a816a3e0d3648166569a42e0
72,MESS01,STA01,STA10,TN_43,TN_24,2194.921649169922,2024.8939208984375,2136.475830078125,31.376750000000015,ORIGINAL_ABSTRACT_ROAD_SERVICE_ROUTE_NOT_NEW_PCC_GIS,3,4,600,76,3,True,39.01032181279724,1140.0,1100.9896781872028,660.0,440.9896781872028,True,True,1,PREREGISTERED_RESEARCH_DESIGN_NOT_FIELD,True,False,UNSELECTED_MAPPING_BOUND_SEPARATELY,UNVERIFIED,UNVERIFIED,COMMON_PROPER_TRANSFORM_SCHEMATIC_PROXY_REQUIRED_SEPARATELY,False,RL_43_28_01|RL_28_21_01|RL_21_24_01,f4386303c6ece2455d663b5996e900edd4062358f58dcd2a4234273a45f8aaa2,658fb2e56867a50597e9a21899748d8171439deda852e7db4f3339a99f71dd3d,c58710f5ca3f5fe0bd6bbced65293e0b5548e882a816a3e0d3648166569a42e0
72,MESS01,STA01,STA11,TN_43,TN_44,2440.006365966797,2269.9786376953125,2395.0660400390625,35.03566000000001,ORIGINAL_ABSTRACT_ROAD_SERVICE_ROUTE_NOT_NEW_PCC_GIS,3,4,600,76,4,True,45.95313615633264,1140.0,1094.0468638436673,660.0,434.0468638436673,True,True,1,PREREGISTERED_RESEARCH_DESIGN_NOT_FIELD,True,False,UNSELECTED_MAPPING_BOUND_SEPARATELY,UNVERIFIED,UNVERIFIED,COMMON_PROPER_TRANSFORM_SCHEMATIC_PROXY_REQUIRED_SEPARATELY,False,RL_43_28_01|RL_28_21_01|RL_21_44_01,f4386303c6ece2455d663b5996e900edd4062358f58dcd2a4234273a45f8aaa2,658fb2e56867a50597e9a21899748d8171439deda852e7db4f3339a99f71dd3d,c58710f5ca3f5fe0bd6bbced65293e0b5548e882a816a3e0d3648166569a42e0
72,MESS01,STA01,STA12,TN_43,TN_17,3021.4846679687503,2851.4569396972656,3008.5868530273438,48.42613999999999,ORIGINAL_ABSTRACT_ROAD_SERVICE_ROUTE_NOT_NEW_PCC_GIS,4,5,600,77,4,True,62.880949086565636,1140.0,1077.1190509134344,660.0,417.1190509134344,True,True,1,PREREGISTERED_RESEARCH_DESIGN_NOT_FIELD,True,False,UNSELECTED_MAPPING_BOUND_SEPARATELY,UNVERIFIED,UNVERIFIED,COMMON_PROPER_TRANSFORM_SCHEMATIC_PROXY_REQUIRED_SEPARATELY,False,RL_43_14_01|RL_14_17_01,f4386303c6ece2455d663b5996e900edd4062358f58dcd2a4234273a45f8aaa2,658fb2e56867a50597e9a21899748d8171439deda852e7db4f3339a99f71dd3d,c58710f5ca3f5fe0bd6bbced65293e0b5548e882a816a3e0d3648166569a42e0
72,MESS02,STA12,STA01,TN_17,TN_43,3535.516864013672,3365.4891357421875,3550.9446716308594,50.31120999999999,ORIGINAL_ABSTRACT_ROAD_SERVICE_ROUTE_NOT_NEW_PCC_GIS,4,5,600,77,4,True,68.83728754289967,1140.0,1071.1627124571003,660.0,411.16271245710027,True,True,1,PREREGISTERED_RESEARCH_DESIGN_NOT_FIELD,True,False,UNSELECTED_MAPPING_BOUND_SEPARATELY,UNVERIFIED,UNVERIFIED,COMMON_PROPER_TRANSFORM_SCHEMATIC_PROXY_REQUIRED_SEPARATELY,False,RL_17_04_01|RL_04_05_01|RL_05_19_01|RL_19_43_01,f4386303c6ece2455d663b5996e900edd4062358f58dcd2a4234273a45f8aaa2,658fb2e56867a50597e9a21899748d8171439deda852e7db4f3339a99f71dd3d,c58710f5ca3f5fe0bd6bbced65293e0b5548e882a816a3e0d3648166569a42e0
72,MESS02,STA12,STA02,TN_17,TN_14,3169.5765106201175,2999.548782348633,3164.8392181396484,40.21012999999999,ORIGINAL_ABSTRACT_ROAD_SERVICE_ROUTE_NOT_NEW_PCC_GIS,4,5,600,77,4,True,46.577987420394386,1140.0,1093.4220125796055,660.0,433.4220125796055,True,True,1,PREREGISTERED_RESEARCH_DESIGN_NOT_FIELD,True,False,UNSELECTED_MAPPING_BOUND_SEPARATELY,UNVERIFIED,UNVERIFIED,COMMON_PROPER_TRANSFORM_SCHEMATIC_PROXY_REQUIRED_SEPARATELY,False,RL_17_11_01|RL_11_22_01|RL_22_44_01|RL_44_21_01|RL_21_14_01,f4386303c6ece2455d663b5996e900edd4062358f58dcd2a4234273a45f8aaa2,658fb2e56867a50597e9a21899748d8171439deda852e7db4f3339a99f71dd3d,c58710f5ca3f5fe0bd6bbced65293e0b5548e882a816a3e0d3648166569a42e0
72,MESS02,STA12,STA03,TN_17,TN_35,2656.628695678711,2486.6009674072266,2623.6254119873047,37.255939999999995,ORIGINAL_ABSTRACT_ROAD_SERVICE_ROUTE_NOT_NEW_PCC_GIS,3,4,600,76,4,True,43.11065524444326,1140.0,1096.8893447555567,660.0,436.88934475555675,True,True,1,PREREGISTERED_RESEARCH_DESIGN_NOT_FIELD,True,False,UNSELECTED_MAPPING_BOUND_SEPARATELY,UNVERIFIED,UNVERIFIED,COMMON_PROPER_TRANSFORM_SCHEMATIC_PROXY_REQUIRED_SEPARATELY,False,RL_17_11_01|RL_11_22_01|RL_22_44_01|RL_44_35_01,f4386303c6ece2455d663b5996e900edd4062358f58dcd2a4234273a45f8aaa2,658fb2e56867a50597e9a21899748d8171439deda852e7db4f3339a99f71dd3d,c58710f5ca3f5fe0bd6bbced65293e0b5548e882a816a3e0d3648166569a42e0
72,MESS02,STA12,STA04,TN_17,TN_28,2495.1339294433596,2325.106201171875,2453.2314453125,40.07149999999996,ORIGINAL_ABSTRACT_ROAD_SERVICE_ROUTE_NOT_NEW_PCC_GIS,3,4,600,76,3,True,54.36466722301352,1140.0,1085.6353327769864,660.0,425.6353327769864,True,True,1,PREREGISTERED_RESEARCH_DESIGN_NOT_FIELD,True,False,UNSELECTED_MAPPING_BOUND_SEPARATELY,UNVERIFIED,UNVERIFIED,COMMON_PROPER_TRANSFORM_SCHEMATIC_PROXY_REQUIRED_SEPARATELY,False,RL_17_28_01,f4386303c6ece2455d663b5996e900edd4062358f58dcd2a4234273a45f8aaa2,658fb2e56867a50597e9a21899748d8171439deda852e7db4f3339a99f71dd3d,c58710f5ca3f5fe0bd6bbced65293e0b5548e882a816a3e0d3648166569a42e0
72,MESS02,STA12,STA05,TN_17,TN_37,2390.1162902832034,2220.0885620117188,2342.4266967773438,31.267570000000006,ORIGINAL_ABSTRACT_ROAD_SERVICE_ROUTE_NOT_NEW_PCC_GIS,3,4,600,76,3,True,36.09197387364125,1140.0,1103.9080261263587,660.0,443.90802612635866,True,True,1,PREREGISTERED_RESEARCH_DESIGN_NOT_FIELD,True,False,UNSELECTED_MAPPING_BOUND_SEPARATELY,UNVERIFIED,UNVERIFIED,COMMON_PROPER_TRANSFORM_SCHEMATIC_PROXY_REQUIRED_SEPARATELY,False,RL_17_36_01|RL_36_09_01|RL_09_37_01,f4386303c6ece2455d663b5996e900edd4062358f58dcd2a4234273a45f8aaa2,658fb2e56867a50597e9a21899748d8171439deda852e7db4f3339a99f71dd3d,c58710f5ca3f5fe0bd6bbced65293e0b5548e882a816a3e0d3648166569a42e0
72,MESS02,STA12,STA06,TN_17,TN_41,2623.1223632812503,2453.0946350097656,2588.2726440429688,32.41559000000001,ORIGINAL_ABSTRACT_ROAD_SERVICE_ROUTE_NOT_NEW_PCC_GIS,3,4,600,76,4,True,46.910218445267795,1140.0,1093.089781554732,660.0,433.0897815547321,True,True,1,PREREGISTERED_RESEARCH_DESIGN_NOT_FIELD,True,False,UNSELECTED_MAPPING_BOUND_SEPARATELY,UNVERIFIED,UNVERIFIED,COMMON_PROPER_TRANSFORM_SCHEMATIC_PROXY_REQUIRED_SEPARATELY,False,RL_17_18_01|RL_18_07_01|RL_07_45_02|RL_45_41_01,f4386303c6ece2455d663b5996e900edd4062358f58dcd2a4234273a45f8aaa2,658fb2e56867a50597e9a21899748d8171439deda852e7db4f3339a99f71dd3d,c58710f5ca3f5fe0bd6bbced65293e0b5548e882a816a3e0d3648166569a42e0
72,MESS02,STA12,STA07,TN_17,TN_32,1321.6659118652346,1151.63818359375,1215.0992431640625,19.993750000000002,ORIGINAL_ABSTRACT_ROAD_SERVICE_ROUTE_NOT_NEW_PCC_GIS,2,3,600,75,2,True,35.870447320623384,1140.0,1104.1295526793765,660.0,444.1295526793765,True,True,1,PREREGISTERED_RESEARCH_DESIGN_NOT_FIELD,True,False,UNSELECTED_MAPPING_BOUND_SEPARATELY,UNVERIFIED,UNVERIFIED,COMMON_PROPER_TRANSFORM_SCHEMATIC_PROXY_REQUIRED_SEPARATELY,False,RL_17_32_01,f4386303c6ece2455d663b5996e900edd4062358f58dcd2a4234273a45f8aaa2,658fb2e56867a50597e9a21899748d8171439deda852e7db4f3339a99f71dd3d,c58710f5ca3f5fe0bd6bbced65293e0b5548e882a816a3e0d3648166569a42e0
72,MESS02,STA12,STA08,TN_17,TN_47,1956.2535583496096,1786.225830078125,1884.6559448242188,24.752180000000006,ORIGINAL_ABSTRACT_ROAD_SERVICE_ROUTE_NOT_NEW_PCC_GIS,3,3,600,75,3,True,39.405115690413794,1140.0,1100.5948843095862,660.0,440.5948843095862,True,True,1,PREREGISTERED_RESEARCH_DESIGN_NOT_FIELD,True,False,UNSELECTED_MAPPING_BOUND_SEPARATELY,UNVERIFIED,UNVERIFIED,COMMON_PROPER_TRANSFORM_SCHEMATIC_PROXY_REQUIRED_SEPARATELY,False,RL_17_18_01|RL_18_07_01|RL_07_47_01,f4386303c6ece2455d663b5996e900edd4062358f58dcd2a4234273a45f8aaa2,658fb2e56867a50597e9a21899748d8171439deda852e7db4f3339a99f71dd3d,c58710f5ca3f5fe0bd6bbced65293e0b5548e882a816a3e0d3648166569a42e0
72,MESS02,STA12,STA09,TN_17,TN_42,1495.7559997558596,1325.728271484375,1398.7826538085938,17.943490000000008,ORIGINAL_ABSTRACT_ROAD_SERVICE_ROUTE_NOT_NEW_PCC_GIS,2,3,600,75,2,True,26.097289004138627,1140.0,1113.9027109958613,660.0,453.9027109958613,True,True,1,PREREGISTERED_RESEARCH_DESIGN_NOT_FIELD,True,False,UNSELECTED_MAPPING_BOUND_SEPARATELY,UNVERIFIED,UNVERIFIED,COMMON_PROPER_TRANSFORM_SCHEMATIC_PROXY_REQUIRED_SEPARATELY,False,RL_17_18_01|RL_18_42_01,f4386303c6ece2455d663b5996e900edd4062358f58dcd2a4234273a45f8aaa2,658fb2e56867a50597e9a21899748d8171439deda852e7db4f3339a99f71dd3d,c58710f5ca3f5fe0bd6bbced65293e0b5548e882a816a3e0d3648166569a42e0
72,MESS02,STA12,STA10,TN_17,TN_24,1418.1154968261721,1248.0877685546875,1316.86376953125,17.01105000000001,ORIGINAL_ABSTRACT_ROAD_SERVICE_ROUTE_NOT_NEW_PCC_GIS,2,3,600,75,2,True,15.328455617278141,1140.0,1124.6715443827218,660.0,464.6715443827218,True,True,1,PREREGISTERED_RESEARCH_DESIGN_NOT_FIELD,True,False,UNSELECTED_MAPPING_BOUND_SEPARATELY,UNVERIFIED,UNVERIFIED,COMMON_PROPER_TRANSFORM_SCHEMATIC_PROXY_REQUIRED_SEPARATELY,False,RL_17_24_01,f4386303c6ece2455d663b5996e900edd4062358f58dcd2a4234273a45f8aaa2,658fb2e56867a50597e9a21899748d8171439deda852e7db4f3339a99f71dd3d,c58710f5ca3f5fe0bd6bbced65293e0b5548e882a816a3e0d3648166569a42e0
72,MESS02,STA12,STA11,TN_17,TN_44,1009.0565521240237,839.0288238525391,885.2635955810547,12.138799999999998,ORIGINAL_ABSTRACT_ROAD_SERVICE_ROUTE_NOT_NEW_PCC_GIS,2,2,600,74,2,True,14.341281861790362,1140.0,1125.6587181382097,660.0,465.6587181382097,True,True,1,PREREGISTERED_RESEARCH_DESIGN_NOT_FIELD,True,False,UNSELECTED_MAPPING_BOUND_SEPARATELY,UNVERIFIED,UNVERIFIED,COMMON_PROPER_TRANSFORM_SCHEMATIC_PROXY_REQUIRED_SEPARATELY,False,RL_17_11_01|RL_11_22_01|RL_22_44_01,f4386303c6ece2455d663b5996e900edd4062358f58dcd2a4234273a45f8aaa2,658fb2e56867a50597e9a21899748d8171439deda852e7db4f3339a99f71dd3d,c58710f5ca3f5fe0bd6bbced65293e0b5548e882a816a3e0d3648166569a42e0
72,MESS02,STA12,STA12,TN_17,TN_17,0.0,0.0,0.0,0.0,ORIGINAL_ABSTRACT_ROAD_SERVICE_ROUTE_NOT_NEW_PCC_GIS,0,0,600,72,1,True,0.0,1140.0,1140.0,660.0,480.0,True,True,1,PREREGISTERED_RESEARCH_DESIGN_NOT_FIELD,True,False,UNSELECTED_MAPPING_BOUND_SEPARATELY,UNVERIFIED,UNVERIFIED,COMMON_PROPER_TRANSFORM_SCHEMATIC_PROXY_REQUIRED_SEPARATELY,False,,f4386303c6ece2455d663b5996e900edd4062358f58dcd2a4234273a45f8aaa2,658fb2e56867a50597e9a21899748d8171439deda852e7db4f3339a99f71dd3d,c58710f5ca3f5fe0bd6bbced65293e0b5548e882a816a3e0d3648166569a42e0
72,MESS03,STA08,STA01,TN_47,TN_43,2799.638110351563,2629.610382080078,2774.5152282714844,33.865320000000004,ORIGINAL_ABSTRACT_ROAD_SERVICE_ROUTE_NOT_NEW_PCC_GIS,4,4,600,76,4,True,47.1453241515657,1140.0,1092.8546758484342,660.0,432.8546758484342,True,True,1,PREREGISTERED_RESEARCH_DESIGN_NOT_FIELD,True,False,UNSELECTED_MAPPING_BOUND_SEPARATELY,UNVERIFIED,UNVERIFIED,COMMON_PROPER_TRANSFORM_SCHEMATIC_PROXY_REQUIRED_SEPARATELY,False,RL_47_20_01|RL_20_04_01|RL_04_05_01|RL_05_19_01|RL_19_43_01,f4386303c6ece2455d663b5996e900edd4062358f58dcd2a4234273a45f8aaa2,658fb2e56867a50597e9a21899748d8171439deda852e7db4f3339a99f71dd3d,c58710f5ca3f5fe0bd6bbced65293e0b5548e882a816a3e0d3648166569a42e0
72,MESS03,STA08,STA02,TN_47,TN_14,2563.331469726563,2393.303741455078,2525.1868896484375,25.866629999999994,ORIGINAL_ABSTRACT_ROAD_SERVICE_ROUTE_NOT_NEW_PCC_GIS,3,4,600,76,3,True,30.159625510886542,1140.0,1109.8403744891134,660.0,449.8403744891134,True,True,1,PREREGISTERED_RESEARCH_DESIGN_NOT_FIELD,True,False,UNSELECTED_MAPPING_BOUND_SEPARATELY,UNVERIFIED,UNVERIFIED,COMMON_PROPER_TRANSFORM_SCHEMATIC_PROXY_REQUIRED_SEPARATELY,False,RL_47_20_01|RL_20_16_01|RL_16_37_01|RL_37_14_01,f4386303c6ece2455d663b5996e900edd4062358f58dcd2a4234273a45f8aaa2,658fb2e56867a50597e9a21899748d8171439deda852e7db4f3339a99f71dd3d,c58710f5ca3f5fe0bd6bbced65293e0b5548e882a816a3e0d3648166569a42e0
72,MESS03,STA08,STA03,TN_47,TN_35,2087.2464477539065,1917.2187194824219,2022.8671875,24.845070000000003,ORIGINAL_ABSTRACT_ROAD_SERVICE_ROUTE_NOT_NEW_PCC_GIS,3,3,600,75,3,True,27.109085321449175,1140.0,1112.8909146785509,660.0,452.89091467855087,True,True,1,PREREGISTERED_RESEARCH_DESIGN_NOT_FIELD,True,False,UNSELECTED_MAPPING_BOUND_SEPARATELY,UNVERIFIED,UNVERIFIED,COMMON_PROPER_TRANSFORM_SCHEMATIC_PROXY_REQUIRED_SEPARATELY,False,RL_47_20_01|RL_20_04_01|RL_04_39_02|RL_39_35_01,f4386303c6ece2455d663b5996e900edd4062358f58dcd2a4234273a45f8aaa2,658fb2e56867a50597e9a21899748d8171439deda852e7db4f3339a99f71dd3d,c58710f5ca3f5fe0bd6bbced65293e0b5548e882a816a3e0d3648166569a42e0
72,MESS03,STA08,STA04,TN_47,TN_28,1775.7025024414065,1605.6747741699219,1694.1556396484375,18.276300000000003,ORIGINAL_ABSTRACT_ROAD_SERVICE_ROUTE_NOT_NEW_PCC_GIS,2,3,600,75,3,True,23.828182815918424,1140.0,1116.1718171840816,660.0,456.17181718408165,True,True,1,PREREGISTERED_RESEARCH_DESIGN_NOT_FIELD,True,False,UNSELECTED_MAPPING_BOUND_SEPARATELY,UNVERIFIED,UNVERIFIED,COMMON_PROPER_TRANSFORM_SCHEMATIC_PROXY_REQUIRED_SEPARATELY,False,RL_47_20_01|RL_20_16_01|RL_16_28_01,f4386303c6ece2455d663b5996e900edd4062358f58dcd2a4234273a45f8aaa2,658fb2e56867a50597e9a21899748d8171439deda852e7db4f3339a99f71dd3d,c58710f5ca3f5fe0bd6bbced65293e0b5548e882a816a3e0d3648166569a42e0
72,MESS03,STA08,STA05,TN_47,TN_37,1587.0264160156253,1416.9986877441406,1495.08251953125,13.430529999999996,ORIGINAL_ABSTRACT_ROAD_SERVICE_ROUTE_NOT_NEW_PCC_GIS,2,3,600,75,2,True,13.656566150071162,1140.0,1126.343433849929,660.0,466.34343384992894,True,True,1,PREREGISTERED_RESEARCH_DESIGN_NOT_FIELD,True,False,UNSELECTED_MAPPING_BOUND_SEPARATELY,UNVERIFIED,UNVERIFIED,COMMON_PROPER_TRANSFORM_SCHEMATIC_PROXY_REQUIRED_SEPARATELY,False,RL_47_20_01|RL_20_16_01|RL_16_37_01,f4386303c6ece2455d663b5996e900edd4062358f58dcd2a4234273a45f8aaa2,658fb2e56867a50597e9a21899748d8171439deda852e7db4f3339a99f71dd3d,c58710f5ca3f5fe0bd6bbced65293e0b5548e882a816a3e0d3648166569a42e0
72,MESS03,STA08,STA06,TN_47,TN_41,2373.9991027832034,2203.9713745117188,2325.421417236328,27.823700000000002,ORIGINAL_ABSTRACT_ROAD_SERVICE_ROUTE_NOT_NEW_PCC_GIS,3,4,600,76,3,True,38.97039244727152,1140.0,1101.0296075527285,660.0,441.0296075527285,True,True,1,PREREGISTERED_RESEARCH_DESIGN_NOT_FIELD,True,False,UNSELECTED_MAPPING_BOUND_SEPARATELY,UNVERIFIED,UNVERIFIED,COMMON_PROPER_TRANSFORM_SCHEMATIC_PROXY_REQUIRED_SEPARATELY,False,RL_47_25_01|RL_25_07_01|RL_07_45_02|RL_45_41_01,f4386303c6ece2455d663b5996e900edd4062358f58dcd2a4234273a45f8aaa2,658fb2e56867a50597e9a21899748d8171439deda852e7db4f3339a99f71dd3d,c58710f5ca3f5fe0bd6bbced65293e0b5548e882a816a3e0d3648166569a42e0
72,MESS03,STA08,STA07,TN_47,TN_32,1620.9998657226565,1450.9721374511719,1530.9280700683594,18.097310000000004,ORIGINAL_ABSTRACT_ROAD_SERVICE_ROUTE_NOT_NEW_PCC_GIS,2,3,600,75,3,True,28.649249565593962,1140.0,1111.350750434406,660.0,451.3507504344061,True,True,1,PREREGISTERED_RESEARCH_DESIGN_NOT_FIELD,True,False,UNSELECTED_MAPPING_BOUND_SEPARATELY,UNVERIFIED,UNVERIFIED,COMMON_PROPER_TRANSFORM_SCHEMATIC_PROXY_REQUIRED_SEPARATELY,False,RL_47_25_01|RL_25_07_01|RL_07_32_01,f4386303c6ece2455d663b5996e900edd4062358f58dcd2a4234273a45f8aaa2,658fb2e56867a50597e9a21899748d8171439deda852e7db4f3339a99f71dd3d,c58710f5ca3f5fe0bd6bbced65293e0b5548e882a816a3e0d3648166569a42e0
72,MESS03,STA08,STA08,TN_47,TN_47,0.0,0.0,0.0,0.0,ORIGINAL_ABSTRACT_ROAD_SERVICE_ROUTE_NOT_NEW_PCC_GIS,0,0,600,72,1,True,0.0,1140.0,1140.0,660.0,480.0,True,True,1,PREREGISTERED_RESEARCH_DESIGN_NOT_FIELD,True,False,UNSELECTED_MAPPING_BOUND_SEPARATELY,UNVERIFIED,UNVERIFIED,COMMON_PROPER_TRANSFORM_SCHEMATIC_PROXY_REQUIRED_SEPARATELY,False,,f4386303c6ece2455d663b5996e900edd4062358f58dcd2a4234273a45f8aaa2,658fb2e56867a50597e9a21899748d8171439deda852e7db4f3339a99f71dd3d,c58710f5ca3f5fe0bd6bbced65293e0b5548e882a816a3e0d3648166569a42e0
72,MESS03,STA08,STA09,TN_47,TN_42,1829.5985595703128,1659.5708312988281,1751.0216369628906,20.680840000000003,ORIGINAL_ABSTRACT_ROAD_SERVICE_ROUTE_NOT_NEW_PCC_GIS,3,3,600,75,3,True,31.038026550014557,1140.0,1108.9619734499854,660.0,448.9619734499854,True,True,1,PREREGISTERED_RESEARCH_DESIGN_NOT_FIELD,True,False,UNSELECTED_MAPPING_BOUND_SEPARATELY,UNVERIFIED,UNVERIFIED,COMMON_PROPER_TRANSFORM_SCHEMATIC_PROXY_REQUIRED_SEPARATELY,False,RL_47_25_01|RL_25_07_01|RL_07_42_01,f4386303c6ece2455d663b5996e900edd4062358f58dcd2a4234273a45f8aaa2,658fb2e56867a50597e9a21899748d8171439deda852e7db4f3339a99f71dd3d,c58710f5ca3f5fe0bd6bbced65293e0b5548e882a816a3e0d3648166569a42e0
72,MESS03,STA08,STA10,TN_47,TN_24,1890.9561645507815,1720.9284362792969,1815.76025390625,18.031730000000003,ORIGINAL_ABSTRACT_ROAD_SERVICE_ROUTE_NOT_NEW_PCC_GIS,3,3,600,75,3,True,17.55210916344294,1140.0,1122.447890836557,660.0,462.447890836557,True,True,1,PREREGISTERED_RESEARCH_DESIGN_NOT_FIELD,True,False,UNSELECTED_MAPPING_BOUND_SEPARATELY,UNVERIFIED,UNVERIFIED,COMMON_PROPER_TRANSFORM_SCHEMATIC_PROXY_REQUIRED_SEPARATELY,False,RL_47_20_01|RL_20_04_01|RL_04_39_02|RL_39_24_01,f4386303c6ece2455d663b5996e900edd4062358f58dcd2a4234273a45f8aaa2,658fb2e56867a50597e9a21899748d8171439deda852e7db4f3339a99f71dd3d,c58710f5ca3f5fe0bd6bbced65293e0b5548e882a816a3e0d3648166569a42e0
72,MESS03,STA08,STA11,TN_47,TN_44,1488.6223480224612,1318.5946197509766,1391.2558898925781,15.617740000000001,ORIGINAL_ABSTRACT_ROAD_SERVICE_ROUTE_NOT_NEW_PCC_GIS,2,3,600,75,2,True,18.699404874435608,1140.0,1121.3005951255643,660.0,461.3005951255643,True,True,1,PREREGISTERED_RESEARCH_DESIGN_NOT_FIELD,True,False,UNSELECTED_MAPPING_BOUND_SEPARATELY,UNVERIFIED,UNVERIFIED,COMMON_PROPER_TRANSFORM_SCHEMATIC_PROXY_REQUIRED_SEPARATELY,False,RL_47_20_01|RL_20_04_01|RL_04_30_02|RL_30_44_01,f4386303c6ece2455d663b5996e900edd4062358f58dcd2a4234273a45f8aaa2,658fb2e56867a50597e9a21899748d8171439deda852e7db4f3339a99f71dd3d,c58710f5ca3f5fe0bd6bbced65293e0b5548e882a816a3e0d3648166569a42e0
72,MESS03,STA08,STA12,TN_47,TN_17,2191.6250488281253,2021.5973205566406,2132.99755859375,28.637830000000015,ORIGINAL_ABSTRACT_ROAD_SERVICE_ROUTE_NOT_NEW_PCC_GIS,3,4,600,76,3,True,41.42676295667529,1140.0,1098.5732370433248,660.0,438.57323704332475,True,True,1,PREREGISTERED_RESEARCH_DESIGN_NOT_FIELD,True,False,UNSELECTED_MAPPING_BOUND_SEPARATELY,UNVERIFIED,UNVERIFIED,COMMON_PROPER_TRANSFORM_SCHEMATIC_PROXY_REQUIRED_SEPARATELY,False,RL_47_20_01|RL_20_04_01|RL_04_17_01,f4386303c6ece2455d663b5996e900edd4062358f58dcd2a4234273a45f8aaa2,658fb2e56867a50597e9a21899748d8171439deda852e7db4f3339a99f71dd3d,c58710f5ca3f5fe0bd6bbced65293e0b5548e882a816a3e0d3648166569a42e0
72,MESS04,STA06,STA01,TN_41,TN_43,1820.7688781738284,1650.7411499023438,1741.7053527832031,20.485349999999997,ORIGINAL_ABSTRACT_ROAD_SERVICE_ROUTE_NOT_NEW_PCC_GIS,3,3,600,75,3,True,31.628390980291243,1140.0,1108.3716090197088,660.0,448.3716090197088,True,True,1,PREREGISTERED_RESEARCH_DESIGN_NOT_FIELD,True,False,UNSELECTED_MAPPING_BOUND_SEPARATELY,UNVERIFIED,UNVERIFIED,COMMON_PROPER_TRANSFORM_SCHEMATIC_PROXY_REQUIRED_SEPARATELY,False,RL_41_05_01|RL_05_19_01|RL_19_43_01,f4386303c6ece2455d663b5996e900edd4062358f58dcd2a4234273a45f8aaa2,658fb2e56867a50597e9a21899748d8171439deda852e7db4f3339a99f71dd3d,c58710f5ca3f5fe0bd6bbced65293e0b5548e882a816a3e0d3648166569a42e0
72,MESS04,STA06,STA02,TN_41,TN_14,1375.6992370605471,1205.6715087890625,1272.110107421875,20.145829999999997,ORIGINAL_ABSTRACT_ROAD_SERVICE_ROUTE_NOT_NEW_PCC_GIS,2,3,600,75,2,True,28.706619972434307,1140.0,1111.2933800275657,660.0,451.2933800275657,True,True,1,PREREGISTERED_RESEARCH_DESIGN_NOT_FIELD,True,False,UNSELECTED_MAPPING_BOUND_SEPARATELY,UNVERIFIED,UNVERIFIED,COMMON_PROPER_TRANSFORM_SCHEMATIC_PROXY_REQUIRED_SEPARATELY,False,RL_41_14_01,f4386303c6ece2455d663b5996e900edd4062358f58dcd2a4234273a45f8aaa2,658fb2e56867a50597e9a21899748d8171439deda852e7db4f3339a99f71dd3d,c58710f5ca3f5fe0bd6bbced65293e0b5548e882a816a3e0d3648166569a42e0
72,MESS04,STA06,STA03,TN_41,TN_35,1910.2657882690432,1740.2380599975586,1836.1339950561523,26.336739999999995,ORIGINAL_ABSTRACT_ROAD_SERVICE_ROUTE_NOT_NEW_PCC_GIS,3,3,600,75,3,True,32.63704888156398,1140.0,1107.362951118436,660.0,447.36295111843606,True,True,1,PREREGISTERED_RESEARCH_DESIGN_NOT_FIELD,True,False,UNSELECTED_MAPPING_BOUND_SEPARATELY,UNVERIFIED,UNVERIFIED,COMMON_PROPER_TRANSFORM_SCHEMATIC_PROXY_REQUIRED_SEPARATELY,False,RL_41_14_01|RL_14_23_01|RL_23_27_01|RL_27_35_01,f4386303c6ece2455d663b5996e900edd4062358f58dcd2a4234273a45f8aaa2,658fb2e56867a50597e9a21899748d8171439deda852e7db4f3339a99f71dd3d,c58710f5ca3f5fe0bd6bbced65293e0b5548e882a816a3e0d3648166569a42e0
72,MESS04,STA06,STA04,TN_41,TN_28,1360.1520263671878,1190.1242980957031,1255.7061767578125,14.889309999999995,ORIGINAL_ABSTRACT_ROAD_SERVICE_ROUTE_NOT_NEW_PCC_GIS,2,3,600,75,2,True,21.63541560513569,1140.0,1118.3645843948643,660.0,458.3645843948643,True,True,1,PREREGISTERED_RESEARCH_DESIGN_NOT_FIELD,True,False,UNSELECTED_MAPPING_BOUND_SEPARATELY,UNVERIFIED,UNVERIFIED,COMMON_PROPER_TRANSFORM_SCHEMATIC_PROXY_REQUIRED_SEPARATELY,False,RL_41_05_01|RL_05_28_01,f4386303c6ece2455d663b5996e900edd4062358f58dcd2a4234273a45f8aaa2,658fb2e56867a50597e9a21899748d8171439deda852e7db4f3339a99f71dd3d,c58710f5ca3f5fe0bd6bbced65293e0b5548e882a816a3e0d3648166569a42e0
72,MESS04,STA06,STA05,TN_41,TN_37,2190.365496826172,2020.3377685546875,2131.668670654297,25.297389999999996,ORIGINAL_ABSTRACT_ROAD_SERVICE_ROUTE_NOT_NEW_PCC_GIS,3,4,600,76,3,True,29.665535083551937,1140.0,1110.334464916448,660.0,450.33446491644804,True,True,1,PREREGISTERED_RESEARCH_DESIGN_NOT_FIELD,True,False,UNSELECTED_MAPPING_BOUND_SEPARATELY,UNVERIFIED,UNVERIFIED,COMMON_PROPER_TRANSFORM_SCHEMATIC_PROXY_REQUIRED_SEPARATELY,False,RL_41_05_01|RL_05_13_01|RL_13_37_01,f4386303c6ece2455d663b5996e900edd4062358f58dcd2a4234273a45f8aaa2,658fb2e56867a50597e9a21899748d8171439deda852e7db4f3339a99f71dd3d,c58710f5ca3f5fe0bd6bbced65293e0b5548e882a816a3e0d3648166569a42e0
72,MESS04,STA06,STA06,TN_41,TN_41,0.0,0.0,0.0,0.0,ORIGINAL_ABSTRACT_ROAD_SERVICE_ROUTE_NOT_NEW_PCC_GIS,0,0,600,72,1,True,0.0,1140.0,1140.0,660.0,480.0,True,True,1,PREREGISTERED_RESEARCH_DESIGN_NOT_FIELD,True,False,UNSELECTED_MAPPING_BOUND_SEPARATELY,UNVERIFIED,UNVERIFIED,COMMON_PROPER_TRANSFORM_SCHEMATIC_PROXY_REQUIRED_SEPARATELY,False,,f4386303c6ece2455d663b5996e900edd4062358f58dcd2a4234273a45f8aaa2,658fb2e56867a50597e9a21899748d8171439deda852e7db4f3339a99f71dd3d,c58710f5ca3f5fe0bd6bbced65293e0b5548e882a816a3e0d3648166569a42e0
72,MESS04,STA06,STA07,TN_41,TN_32,1794.016802978516,1623.9890747070312,1713.4791259765625,16.555399999999995,ORIGINAL_ABSTRACT_ROAD_SERVICE_ROUTE_NOT_NEW_PCC_GIS,2,3,600,75,3,True,28.930389716471907,1140.0,1111.0696102835282,660.0,451.06961028352816,True,True,1,PREREGISTERED_RESEARCH_DESIGN_NOT_FIELD,True,False,UNSELECTED_MAPPING_BOUND_SEPARATELY,UNVERIFIED,UNVERIFIED,COMMON_PROPER_TRANSFORM_SCHEMATIC_PROXY_REQUIRED_SEPARATELY,False,RL_41_45_01|RL_45_07_01|RL_07_32_01,f4386303c6ece2455d663b5996e900edd4062358f58dcd2a4234273a45f8aaa2,658fb2e56867a50597e9a21899748d8171439deda852e7db4f3339a99f71dd3d,c58710f5ca3f5fe0bd6bbced65293e0b5548e882a816a3e0d3648166569a42e0
72,MESS04,STA06,STA08,TN_41,TN_47,1880.1472351074221,1710.1195068359375,1804.3557739257812,18.618379999999995,ORIGINAL_ABSTRACT_ROAD_SERVICE_ROUTE_NOT_NEW_PCC_GIS,3,3,600,75,3,True,31.469566800318056,1140.0,1108.530433199682,660.0,448.53043319968197,True,True,1,PREREGISTERED_RESEARCH_DESIGN_NOT_FIELD,True,False,UNSELECTED_MAPPING_BOUND_SEPARATELY,UNVERIFIED,UNVERIFIED,COMMON_PROPER_TRANSFORM_SCHEMATIC_PROXY_REQUIRED_SEPARATELY,False,RL_41_45_01|RL_45_07_01|RL_07_47_01,f4386303c6ece2455d663b5996e900edd4062358f58dcd2a4234273a45f8aaa2,658fb2e56867a50597e9a21899748d8171439deda852e7db4f3339a99f71dd3d,c58710f5ca3f5fe0bd6bbced65293e0b5548e882a816a3e0d3648166569a42e0
72,MESS04,STA06,STA09,TN_41,TN_42,2002.6154968261721,1832.5877685546875,1933.5726928710938,19.138929999999995,ORIGINAL_ABSTRACT_ROAD_SERVICE_ROUTE_NOT_NEW_PCC_GIS,3,3,600,75,3,True,31.283256049348417,1140.0,1108.7167439506516,660.0,448.71674395065156,True,True,1,PREREGISTERED_RESEARCH_DESIGN_NOT_FIELD,True,False,UNSELECTED_MAPPING_BOUND_SEPARATELY,UNVERIFIED,UNVERIFIED,COMMON_PROPER_TRANSFORM_SCHEMATIC_PROXY_REQUIRED_SEPARATELY,False,RL_41_45_01|RL_45_07_01|RL_07_42_01,f4386303c6ece2455d663b5996e900edd4062358f58dcd2a4234273a45f8aaa2,658fb2e56867a50597e9a21899748d8171439deda852e7db4f3339a99f71dd3d,c58710f5ca3f5fe0bd6bbced65293e0b5548e882a816a3e0d3648166569a42e0
72,MESS04,STA06,STA10,TN_41,TN_24,2661.3021423339846,2491.2744140625,2628.5562744140625,30.94163,ORIGINAL_ABSTRACT_ROAD_SERVICE_ROUTE_NOT_NEW_PCC_GIS,3,4,600,76,4,True,36.697384865597506,1140.0,1103.3026151344025,660.0,443.30261513440246,True,True,1,PREREGISTERED_RESEARCH_DESIGN_NOT_FIELD,True,False,UNSELECTED_MAPPING_BOUND_SEPARATELY,UNVERIFIED,UNVERIFIED,COMMON_PROPER_TRANSFORM_SCHEMATIC_PROXY_REQUIRED_SEPARATELY,False,RL_41_05_01|RL_05_09_01|RL_09_24_01,f4386303c6ece2455d663b5996e900edd4062358f58dcd2a4234273a45f8aaa2,658fb2e56867a50597e9a21899748d8171439deda852e7db4f3339a99f71dd3d,c58710f5ca3f5fe0bd6bbced65293e0b5548e882a816a3e0d3648166569a42e0
72,MESS04,STA06,STA11,TN_41,TN_44,2899.460375976563,2729.432647705078,2879.838348388672,31.01764999999999,ORIGINAL_ABSTRACT_ROAD_SERVICE_ROUTE_NOT_NEW_PCC_GIS,4,4,600,76,4,True,47.330344213658876,1140.0,1092.669655786341,660.0,432.6696557863411,True,True,1,PREREGISTERED_RESEARCH_DESIGN_NOT_FIELD,True,False,UNSELECTED_MAPPING_BOUND_SEPARATELY,UNVERIFIED,UNVERIFIED,COMMON_PROPER_TRANSFORM_SCHEMATIC_PROXY_REQUIRED_SEPARATELY,False,RL_41_45_01|RL_45_07_01|RL_07_42_01|RL_42_22_01|RL_22_44_01,f4386303c6ece2455d663b5996e900edd4062358f58dcd2a4234273a45f8aaa2,658fb2e56867a50597e9a21899748d8171439deda852e7db4f3339a99f71dd3d,c58710f5ca3f5fe0bd6bbced65293e0b5548e882a816a3e0d3648166569a42e0
72,MESS04,STA06,STA12,TN_41,TN_17,2664.622088623047,2494.5943603515625,2632.0592041015625,32.43063,ORIGINAL_ABSTRACT_ROAD_SERVICE_ROUTE_NOT_NEW_PCC_GIS,3,4,600,76,4,True,49.75917815403899,1140.0,1090.240821845961,660.0,430.2408218459609,True,True,1,PREREGISTERED_RESEARCH_DESIGN_NOT_FIELD,True,False,UNSELECTED_MAPPING_BOUND_SEPARATELY,UNVERIFIED,UNVERIFIED,COMMON_PROPER_TRANSFORM_SCHEMATIC_PROXY_REQUIRED_SEPARATELY,False,RL_41_45_01|RL_45_07_01|RL_07_18_01|RL_18_17_01,f4386303c6ece2455d663b5996e900edd4062358f58dcd2a4234273a45f8aaa2,658fb2e56867a50597e9a21899748d8171439deda852e7db4f3339a99f71dd3d,c58710f5ca3f5fe0bd6bbced65293e0b5548e882a816a3e0d3648166569a42e0
72,MESS05,STA03,STA01,TN_35,TN_43,1225.759478759766,1055.7317504882812,1113.907958984375,14.441180000000001,ORIGINAL_ABSTRACT_ROAD_SERVICE_ROUTE_NOT_NEW_PCC_GIS,2,3,600,75,2,True,18.984807493119117,1140.0,1121.0151925068808,660.0,461.0151925068808,True,True,1,PREREGISTERED_RESEARCH_DESIGN_NOT_FIELD,True,False,UNSELECTED_MAPPING_BOUND_SEPARATELY,UNVERIFIED,UNVERIFIED,COMMON_PROPER_TRANSFORM_SCHEMATIC_PROXY_REQUIRED_SEPARATELY,False,RL_35_14_01|RL_14_43_01,f4386303c6ece2455d663b5996e900edd4062358f58dcd2a4234273a45f8aaa2,658fb2e56867a50597e9a21899748d8171439deda852e7db4f3339a99f71dd3d,c58710f5ca3f5fe0bd6bbced65293e0b5548e882a816a3e0d3648166569a42e0
72,MESS05,STA03,STA02,TN_35,TN_14,707.3745910644534,537.3468627929688,566.9573974609375,9.11638,ORIGINAL_ABSTRACT_ROAD_SERVICE_ROUTE_NOT_NEW_PCC_GIS,1,2,600,74,2,True,11.77242208071221,1140.0,1128.2275779192878,660.0,468.2275779192878,True,True,1,PREREGISTERED_RESEARCH_DESIGN_NOT_FIELD,True,False,UNSELECTED_MAPPING_BOUND_SEPARATELY,UNVERIFIED,UNVERIFIED,COMMON_PROPER_TRANSFORM_SCHEMATIC_PROXY_REQUIRED_SEPARATELY,False,RL_35_14_01,f4386303c6ece2455d663b5996e900edd4062358f58dcd2a4234273a45f8aaa2,658fb2e56867a50597e9a21899748d8171439deda852e7db4f3339a99f71dd3d,c58710f5ca3f5fe0bd6bbced65293e0b5548e882a816a3e0d3648166569a42e0
72,MESS05,STA03,STA03,TN_35,TN_35,0.0,0.0,0.0,0.0,ORIGINAL_ABSTRACT_ROAD_SERVICE_ROUTE_NOT_NEW_PCC_GIS,0,0,600,72,1,True,0.0,1140.0,1140.0,660.0,480.0,True,True,1,PREREGISTERED_RESEARCH_DESIGN_NOT_FIELD,True,False,UNSELECTED_MAPPING_BOUND_SEPARATELY,UNVERIFIED,UNVERIFIED,COMMON_PROPER_TRANSFORM_SCHEMATIC_PROXY_REQUIRED_SEPARATELY,False,,f4386303c6ece2455d663b5996e900edd4062358f58dcd2a4234273a45f8aaa2,658fb2e56867a50597e9a21899748d8171439deda852e7db4f3339a99f71dd3d,c58710f5ca3f5fe0bd6bbced65293e0b5548e882a816a3e0d3648166569a42e0
72,MESS05,STA03,STA04,TN_35,TN_28,1600.7688781738284,1430.7411499023438,1509.5823059082031,20.076919999999998,ORIGINAL_ABSTRACT_ROAD_SERVICE_ROUTE_NOT_NEW_PCC_GIS,2,3,600,75,3,True,28.99345821475457,1140.0,1111.0065417852454,660.0,451.0065417852454,True,True,1,PREREGISTERED_RESEARCH_DESIGN_NOT_FIELD,True,False,UNSELECTED_MAPPING_BOUND_SEPARATELY,UNVERIFIED,UNVERIFIED,COMMON_PROPER_TRANSFORM_SCHEMATIC_PROXY_REQUIRED_SEPARATELY,False,RL_35_46_01|RL_46_05_01|RL_05_28_01,f4386303c6ece2455d663b5996e900edd4062358f58dcd2a4234273a45f8aaa2,658fb2e56867a50597e9a21899748d8171439deda852e7db4f3339a99f71dd3d,c58710f5ca3f5fe0bd6bbced65293e0b5548e882a816a3e0d3648166569a42e0
72,MESS05,STA03,STA05,TN_35,TN_37,810.4131042480471,640.3853759765625,675.6738586425781,9.49954,ORIGINAL_ABSTRACT_ROAD_SERVICE_ROUTE_NOT_NEW_PCC_GIS,1,2,600,74,2,True,9.637914969414513,1140.0,1130.3620850305854,660.0,470.3620850305854,True,True,1,PREREGISTERED_RESEARCH_DESIGN_NOT_FIELD,True,False,UNSELECTED_MAPPING_BOUND_SEPARATELY,UNVERIFIED,UNVERIFIED,COMMON_PROPER_TRANSFORM_SCHEMATIC_PROXY_REQUIRED_SEPARATELY,False,RL_35_13_01|RL_13_37_01,f4386303c6ece2455d663b5996e900edd4062358f58dcd2a4234273a45f8aaa2,658fb2e56867a50597e9a21899748d8171439deda852e7db4f3339a99f71dd3d,c58710f5ca3f5fe0bd6bbced65293e0b5548e882a816a3e0d3648166569a42e0
72,MESS05,STA03,STA06,TN_35,TN_41,1946.424273681641,1776.3965454101562,1874.2850341796875,29.741700000000005,ORIGINAL_ABSTRACT_ROAD_SERVICE_ROUTE_NOT_NEW_PCC_GIS,3,3,600,75,3,True,39.85312040358217,1140.0,1100.1468795964179,660.0,440.1468795964179,True,True,1,PREREGISTERED_RESEARCH_DESIGN_NOT_FIELD,True,False,UNSELECTED_MAPPING_BOUND_SEPARATELY,UNVERIFIED,UNVERIFIED,COMMON_PROPER_TRANSFORM_SCHEMATIC_PROXY_REQUIRED_SEPARATELY,False,RL_35_14_01|RL_14_41_01,f4386303c6ece2455d663b5996e900edd4062358f58dcd2a4234273a45f8aaa2,658fb2e56867a50597e9a21899748d8171439deda852e7db4f3339a99f71dd3d,c58710f5ca3f5fe0bd6bbced65293e0b5548e882a816a3e0d3648166569a42e0
72,MESS05,STA03,STA07,TN_35,TN_32,2618.090533447266,2448.0628051757812,2582.9635314941406,31.60127,ORIGINAL_ABSTRACT_ROAD_SERVICE_ROUTE_NOT_NEW_PCC_GIS,3,4,600,76,4,True,47.2533597196601,1140.0,1092.74664028034,660.0,432.74664028034,True,True,1,PREREGISTERED_RESEARCH_DESIGN_NOT_FIELD,True,False,UNSELECTED_MAPPING_BOUND_SEPARATELY,UNVERIFIED,UNVERIFIED,COMMON_PROPER_TRANSFORM_SCHEMATIC_PROXY_REQUIRED_SEPARATELY,False,RL_35_13_01|RL_13_37_01|RL_37_07_01|RL_07_32_01,f4386303c6ece2455d663b5996e900edd4062358f58dcd2a4234273a45f8aaa2,658fb2e56867a50597e9a21899748d8171439deda852e7db4f3339a99f71dd3d,c58710f5ca3f5fe0bd6bbced65293e0b5548e882a816a3e0d3648166569a42e0
72,MESS05,STA03,STA08,TN_35,TN_47,2704.220965576172,2534.1932373046875,2673.8401794433594,33.664249999999996,ORIGINAL_ABSTRACT_ROAD_SERVICE_ROUTE_NOT_NEW_PCC_GIS,4,4,600,76,4,True,50.02378528532991,1140.0,1089.97621471467,660.0,429.97621471467005,True,True,1,PREREGISTERED_RESEARCH_DESIGN_NOT_FIELD,True,False,UNSELECTED_MAPPING_BOUND_SEPARATELY,UNVERIFIED,UNVERIFIED,COMMON_PROPER_TRANSFORM_SCHEMATIC_PROXY_REQUIRED_SEPARATELY,False,RL_35_13_01|RL_13_37_01|RL_37_07_01|RL_07_47_01,f4386303c6ece2455d663b5996e900edd4062358f58dcd2a4234273a45f8aaa2,658fb2e56867a50597e9a21899748d8171439deda852e7db4f3339a99f71dd3d,c58710f5ca3f5fe0bd6bbced65293e0b5548e882a816a3e0d3648166569a42e0
72,MESS05,STA03,STA09,TN_35,TN_42,2826.689227294922,2656.6614990234375,2803.057098388672,34.184799999999996,ORIGINAL_ABSTRACT_ROAD_SERVICE_ROUTE_NOT_NEW_PCC_GIS,4,4,600,76,4,True,49.639732218909565,1140.0,1090.3602677810904,660.0,430.36026778109044,True,True,1,PREREGISTERED_RESEARCH_DESIGN_NOT_FIELD,True,False,UNSELECTED_MAPPING_BOUND_SEPARATELY,UNVERIFIED,UNVERIFIED,COMMON_PROPER_TRANSFORM_SCHEMATIC_PROXY_REQUIRED_SEPARATELY,False,RL_35_13_01|RL_13_37_01|RL_37_07_01|RL_07_42_01,f4386303c6ece2455d663b5996e900edd4062358f58dcd2a4234273a45f8aaa2,658fb2e56867a50597e9a21899748d8171439deda852e7db4f3339a99f71dd3d,c58710f5ca3f5fe0bd6bbced65293e0b5548e882a816a3e0d3648166569a42e0
72,MESS05,STA03,STA10,TN_35,TN_24,1757.5854675292971,1587.5577392578125,1675.0402221679688,22.319130000000012,ORIGINAL_ABSTRACT_ROAD_SERVICE_ROUTE_NOT_NEW_PCC_GIS,2,3,600,75,3,True,23.27812291259592,1140.0,1116.721877087404,660.0,456.721877087404,True,True,1,PREREGISTERED_RESEARCH_DESIGN_NOT_FIELD,True,False,UNSELECTED_MAPPING_BOUND_SEPARATELY,UNVERIFIED,UNVERIFIED,COMMON_PROPER_TRANSFORM_SCHEMATIC_PROXY_REQUIRED_SEPARATELY,False,RL_35_08_01|RL_08_24_01,f4386303c6ece2455d663b5996e900edd4062358f58dcd2a4234273a45f8aaa2,658fb2e56867a50597e9a21899748d8171439deda852e7db4f3339a99f71dd3d,c58710f5ca3f5fe0bd6bbced65293e0b5548e882a816a3e0d3648166569a42e0
72,MESS05,STA03,STA11,TN_35,TN_44,1949.8463317871096,1779.818603515625,1877.8956298828125,25.214509999999994,ORIGINAL_ABSTRACT_ROAD_SERVICE_ROUTE_NOT_NEW_PCC_GIS,3,3,600,75,3,True,30.138018685179574,1140.0,1109.8619813148205,660.0,449.86198131482047,True,True,1,PREREGISTERED_RESEARCH_DESIGN_NOT_FIELD,True,False,UNSELECTED_MAPPING_BOUND_SEPARATELY,UNVERIFIED,UNVERIFIED,COMMON_PROPER_TRANSFORM_SCHEMATIC_PROXY_REQUIRED_SEPARATELY,False,RL_35_44_01,f4386303c6ece2455d663b5996e900edd4062358f58dcd2a4234273a45f8aaa2,658fb2e56867a50597e9a21899748d8171439deda852e7db4f3339a99f71dd3d,c58710f5ca3f5fe0bd6bbced65293e0b5548e882a816a3e0d3648166569a42e0
72,MESS05,STA03,STA12,TN_35,TN_17,2362.6975891113284,2192.6698608398438,2313.4971923828125,40.051710000000014,ORIGINAL_ABSTRACT_ROAD_SERVICE_ROUTE_NOT_NEW_PCC_GIS,3,4,600,76,3,True,58.67206961130071,1140.0,1081.3279303886993,660.0,421.3279303886993,True,True,1,PREREGISTERED_RESEARCH_DESIGN_NOT_FIELD,True,False,UNSELECTED_MAPPING_BOUND_SEPARATELY,UNVERIFIED,UNVERIFIED,COMMON_PROPER_TRANSFORM_SCHEMATIC_PROXY_REQUIRED_SEPARATELY,False,RL_35_13_01|RL_13_17_01,f4386303c6ece2455d663b5996e900edd4062358f58dcd2a4234273a45f8aaa2,658fb2e56867a50597e9a21899748d8171439deda852e7db4f3339a99f71dd3d,c58710f5ca3f5fe0bd6bbced65293e0b5548e882a816a3e0d3648166569a42e0
72,MESS06,STA10,STA01,TN_24,TN_43,2497.127963256836,2327.1002349853516,2455.3352966308594,33.38856,ORIGINAL_ABSTRACT_ROAD_SERVICE_ROUTE_NOT_NEW_PCC_GIS,3,4,600,76,4,True,49.24438158813826,1140.0,1090.7556184118616,660.0,430.75561841186163,True,True,1,PREREGISTERED_RESEARCH_DESIGN_NOT_FIELD,True,False,UNSELECTED_MAPPING_BOUND_SEPARATELY,UNVERIFIED,UNVERIFIED,COMMON_PROPER_TRANSFORM_SCHEMATIC_PROXY_REQUIRED_SEPARATELY,False,RL_24_39_01|RL_39_21_02|RL_21_09_02|RL_09_19_01|RL_19_43_01,f4386303c6ece2455d663b5996e900edd4062358f58dcd2a4234273a45f8aaa2,658fb2e56867a50597e9a21899748d8171439deda852e7db4f3339a99f71dd3d,c58710f5ca3f5fe0bd6bbced65293e0b5548e882a816a3e0d3648166569a42e0
72,MESS06,STA10,STA02,TN_24,TN_14,2045.297320556641,1875.2695922851562,1978.6065063476562,28.949340000000007,ORIGINAL_ABSTRACT_ROAD_SERVICE_ROUTE_NOT_NEW_PCC_GIS,3,3,600,75,3,True,35.74137704114086,1140.0,1104.2586229588592,660.0,444.2586229588592,True,True,1,PREREGISTERED_RESEARCH_DESIGN_NOT_FIELD,True,False,UNSELECTED_MAPPING_BOUND_SEPARATELY,UNVERIFIED,UNVERIFIED,COMMON_PROPER_TRANSFORM_SCHEMATIC_PROXY_REQUIRED_SEPARATELY,False,RL_24_39_01|RL_39_35_01|RL_35_14_01,f4386303c6ece2455d663b5996e900edd4062358f58dcd2a4234273a45f8aaa2,658fb2e56867a50597e9a21899748d8171439deda852e7db4f3339a99f71dd3d,c58710f5ca3f5fe0bd6bbced65293e0b5548e882a816a3e0d3648166569a42e0
72,MESS06,STA10,STA03,TN_24,TN_35,1507.9504577636721,1337.9227294921875,1411.6491088867188,19.832960000000007,ORIGINAL_ABSTRACT_ROAD_SERVICE_ROUTE_NOT_NEW_PCC_GIS,2,3,600,75,3,True,24.070929684439257,1140.0,1115.9290703155607,660.0,455.9290703155607,True,True,1,PREREGISTERED_RESEARCH_DESIGN_NOT_FIELD,True,False,UNSELECTED_MAPPING_BOUND_SEPARATELY,UNVERIFIED,UNVERIFIED,COMMON_PROPER_TRANSFORM_SCHEMATIC_PROXY_REQUIRED_SEPARATELY,False,RL_24_39_01|RL_39_35_01,f4386303c6ece2455d663b5996e900edd4062358f58dcd2a4234273a45f8aaa2,658fb2e56867a50597e9a21899748d8171439deda852e7db4f3339a99f71dd3d,c58710f5ca3f5fe0bd6bbced65293e0b5548e882a816a3e0d3648166569a42e0
72,MESS06,STA10,STA04,TN_24,TN_28,1652.4095642089846,1482.3818359375,1564.068603515625,19.793140000000015,ORIGINAL_ABSTRACT_ROAD_SERVICE_ROUTE_NOT_NEW_PCC_GIS,2,3,600,75,3,True,27.298508013223255,1140.0,1112.7014919867768,660.0,452.7014919867768,True,True,1,PREREGISTERED_RESEARCH_DESIGN_NOT_FIELD,True,False,UNSELECTED_MAPPING_BOUND_SEPARATELY,UNVERIFIED,UNVERIFIED,COMMON_PROPER_TRANSFORM_SCHEMATIC_PROXY_REQUIRED_SEPARATELY,False,RL_24_28_01,f4386303c6ece2455d663b5996e900edd4062358f58dcd2a4234273a45f8aaa2,658fb2e56867a50597e9a21899748d8171439deda852e7db4f3339a99f71dd3d,c58710f5ca3f5fe0bd6bbced65293e0b5548e882a816a3e0d3648166569a42e0
72,MESS06,STA10,STA05,TN_24,TN_37,1335.18649597168,1165.1587677001953,1229.3649291992188,12.581970000000002,ORIGINAL_ABSTRACT_ROAD_SERVICE_ROUTE_NOT_NEW_PCC_GIS,2,3,600,75,2,True,14.113809373315126,1140.0,1125.8861906266848,660.0,465.88619062668477,True,True,1,PREREGISTERED_RESEARCH_DESIGN_NOT_FIELD,True,False,UNSELECTED_MAPPING_BOUND_SEPARATELY,UNVERIFIED,UNVERIFIED,COMMON_PROPER_TRANSFORM_SCHEMATIC_PROXY_REQUIRED_SEPARATELY,False,RL_24_39_01|RL_39_21_02|RL_21_09_02|RL_09_37_01,f4386303c6ece2455d663b5996e900edd4062358f58dcd2a4234273a45f8aaa2,658fb2e56867a50597e9a21899748d8171439deda852e7db4f3339a99f71dd3d,c58710f5ca3f5fe0bd6bbced65293e0b5548e882a816a3e0d3648166569a42e0
72,MESS06,STA10,STA06,TN_24,TN_41,2691.853793334961,2521.8260650634766,2660.791534423828,31.346990000000005,ORIGINAL_ABSTRACT_ROAD_SERVICE_ROUTE_NOT_NEW_PCC_GIS,3,4,600,76,4,True,41.03886528462681,1140.0,1098.9611347153732,660.0,438.9611347153732,True,True,1,PREREGISTERED_RESEARCH_DESIGN_NOT_FIELD,True,False,UNSELECTED_MAPPING_BOUND_SEPARATELY,UNVERIFIED,UNVERIFIED,COMMON_PROPER_TRANSFORM_SCHEMATIC_PROXY_REQUIRED_SEPARATELY,False,RL_24_39_01|RL_39_21_02|RL_21_09_02|RL_09_05_01|RL_05_41_01,f4386303c6ece2455d663b5996e900edd4062358f58dcd2a4234273a45f8aaa2,658fb2e56867a50597e9a21899748d8171439deda852e7db4f3339a99f71dd3d,c58710f5ca3f5fe0bd6bbced65293e0b5548e882a816a3e0d3648166569a42e0
72,MESS06,STA10,STA07,TN_24,TN_32,2384.195101928711,2214.1673736572266,2336.1792755126953,25.28667,ORIGINAL_ABSTRACT_ROAD_SERVICE_ROUTE_NOT_NEW_PCC_GIS,3,4,600,76,3,True,42.025345404844565,1140.0,1097.9746545951555,660.0,437.97465459515547,True,True,1,PREREGISTERED_RESEARCH_DESIGN_NOT_FIELD,True,False,UNSELECTED_MAPPING_BOUND_SEPARATELY,UNVERIFIED,UNVERIFIED,COMMON_PROPER_TRANSFORM_SCHEMATIC_PROXY_REQUIRED_SEPARATELY,False,RL_24_39_01|RL_39_04_01|RL_04_20_01|RL_20_07_01|RL_07_32_01,f4386303c6ece2455d663b5996e900edd4062358f58dcd2a4234273a45f8aaa2,658fb2e56867a50597e9a21899748d8171439deda852e7db4f3339a99f71dd3d,c58710f5ca3f5fe0bd6bbced65293e0b5548e882a816a3e0d3648166569a42e0
72,MESS06,STA10,STA08,TN_24,TN_47,2470.3255340576175,2300.297805786133,2427.055923461914,27.34965,ORIGINAL_ABSTRACT_ROAD_SERVICE_ROUTE_NOT_NEW_PCC_GIS,3,4,600,76,3,True,44.66500445487252,1140.0,1095.3349955451274,660.0,435.3349955451274,True,True,1,PREREGISTERED_RESEARCH_DESIGN_NOT_FIELD,True,False,UNSELECTED_MAPPING_BOUND_SEPARATELY,UNVERIFIED,UNVERIFIED,COMMON_PROPER_TRANSFORM_SCHEMATIC_PROXY_REQUIRED_SEPARATELY,False,RL_24_39_01|RL_39_04_01|RL_04_20_01|RL_20_07_01|RL_07_47_01,f4386303c6ece2455d663b5996e900edd4062358f58dcd2a4234273a45f8aaa2,658fb2e56867a50597e9a21899748d8171439deda852e7db4f3339a99f71dd3d,c58710f5ca3f5fe0bd6bbced65293e0b5548e882a816a3e0d3648166569a42e0
72,MESS06,STA10,STA09,TN_24,TN_42,2591.8968078613284,2421.8690795898438,2555.3264770507812,29.600020000000008,ORIGINAL_ABSTRACT_ROAD_SERVICE_ROUTE_NOT_NEW_PCC_GIS,3,4,600,76,3,True,44.17355012498496,1140.0,1095.826449875015,660.0,435.826449875015,True,True,1,PREREGISTERED_RESEARCH_DESIGN_NOT_FIELD,True,False,UNSELECTED_MAPPING_BOUND_SEPARATELY,UNVERIFIED,UNVERIFIED,COMMON_PROPER_TRANSFORM_SCHEMATIC_PROXY_REQUIRED_SEPARATELY,False,RL_24_11_01|RL_11_18_01|RL_18_42_01,f4386303c6ece2455d663b5996e900edd4062358f58dcd2a4234273a45f8aaa2,658fb2e56867a50597e9a21899748d8171439deda852e7db4f3339a99f71dd3d,c58710f5ca3f5fe0bd6bbced65293e0b5548e882a816a3e0d3648166569a42e0
72,MESS06,STA10,STA10,TN_24,TN_24,0.0,0.0,0.0,0.0,ORIGINAL_ABSTRACT_ROAD_SERVICE_ROUTE_NOT_NEW_PCC_GIS,0,0,600,72,1,True,0.0,1140.0,1140.0,660.0,480.0,True,True,1,PREREGISTERED_RESEARCH_DESIGN_NOT_FIELD,True,False,UNSELECTED_MAPPING_BOUND_SEPARATELY,UNVERIFIED,UNVERIFIED,COMMON_PROPER_TRANSFORM_SCHEMATIC_PROXY_REQUIRED_SEPARATELY,False,,f4386303c6ece2455d663b5996e900edd4062358f58dcd2a4234273a45f8aaa2,658fb2e56867a50597e9a21899748d8171439deda852e7db4f3339a99f71dd3d,c58710f5ca3f5fe0bd6bbced65293e0b5548e882a816a3e0d3648166569a42e0
72,MESS06,STA10,STA11,TN_24,TN_44,1581.4762603759768,1411.4485321044922,1489.2266082763672,18.85883,ORIGINAL_ABSTRACT_ROAD_SERVICE_ROUTE_NOT_NEW_PCC_GIS,2,3,600,75,3,True,26.194171369601627,1140.0,1113.8058286303983,660.0,453.8058286303983,True,True,1,PREREGISTERED_RESEARCH_DESIGN_NOT_FIELD,True,False,UNSELECTED_MAPPING_BOUND_SEPARATELY,UNVERIFIED,UNVERIFIED,COMMON_PROPER_TRANSFORM_SCHEMATIC_PROXY_REQUIRED_SEPARATELY,False,RL_24_11_01|RL_11_22_01|RL_22_44_01,f4386303c6ece2455d663b5996e900edd4062358f58dcd2a4234273a45f8aaa2,658fb2e56867a50597e9a21899748d8171439deda852e7db4f3339a99f71dd3d,c58710f5ca3f5fe0bd6bbced65293e0b5548e882a816a3e0d3648166569a42e0
72,MESS06,STA10,STA12,TN_24,TN_17,1400.9793884277346,1230.95166015625,1298.7833251953125,16.96551000000002,ORIGINAL_ABSTRACT_ROAD_SERVICE_ROUTE_NOT_NEW_PCC_GIS,2,3,600,75,2,True,24.313082042742852,1140.0,1115.686917957257,660.0,455.68691795725704,True,True,1,PREREGISTERED_RESEARCH_DESIGN_NOT_FIELD,True,False,UNSELECTED_MAPPING_BOUND_SEPARATELY,UNVERIFIED,UNVERIFIED,COMMON_PROPER_TRANSFORM_SCHEMATIC_PROXY_REQUIRED_SEPARATELY,False,RL_24_17_01,f4386303c6ece2455d663b5996e900edd4062358f58dcd2a4234273a45f8aaa2,658fb2e56867a50597e9a21899748d8171439deda852e7db4f3339a99f71dd3d,c58710f5ca3f5fe0bd6bbced65293e0b5548e882a816a3e0d3648166569a42e0
75,MESS01,STA01,STA01,TN_43,TN_43,0.0,0.0,0.0,0.0,ORIGINAL_ABSTRACT_ROAD_SERVICE_ROUTE_NOT_NEW_PCC_GIS,0,0,600,75,1,True,0.0,1140.0,1140.0,660.0,480.0,True,True,1,PREREGISTERED_RESEARCH_DESIGN_NOT_FIELD,True,False,UNSELECTED_MAPPING_BOUND_SEPARATELY,UNVERIFIED,UNVERIFIED,COMMON_PROPER_TRANSFORM_SCHEMATIC_PROXY_REQUIRED_SEPARATELY,False,,f4386303c6ece2455d663b5996e900edd4062358f58dcd2a4234273a45f8aaa2,658fb2e56867a50597e9a21899748d8171439deda852e7db4f3339a99f71dd3d,c58710f5ca3f5fe0bd6bbced65293e0b5548e882a816a3e0d3648166569a42e0
75,MESS01,STA01,STA02,TN_43,TN_14,653.6374694824221,483.6097412109375,510.25909423828125,5.094550000000002,ORIGINAL_ABSTRACT_ROAD_SERVICE_ROUTE_NOT_NEW_PCC_GIS,1,2,600,77,2,True,3.235794429199658,1140.0,1136.7642055708004,660.0,476.7642055708004,True,True,1,PREREGISTERED_RESEARCH_DESIGN_NOT_FIELD,True,False,UNSELECTED_MAPPING_BOUND_SEPARATELY,UNVERIFIED,UNVERIFIED,COMMON_PROPER_TRANSFORM_SCHEMATIC_PROXY_REQUIRED_SEPARATELY,False,RL_43_14_01,f4386303c6ece2455d663b5996e900edd4062358f58dcd2a4234273a45f8aaa2,658fb2e56867a50597e9a21899748d8171439deda852e7db4f3339a99f71dd3d,c58710f5ca3f5fe0bd6bbced65293e0b5548e882a816a3e0d3648166569a42e0
75,MESS01,STA01,STA03,TN_43,TN_35,1196.7784988403323,1026.7507705688477,1083.3299865722656,11.285460000000002,ORIGINAL_ABSTRACT_ROAD_SERVICE_ROUTE_NOT_NEW_PCC_GIS,2,2,600,77,2,True,7.656965882407679,1140.0,1132.3430341175924,660.0,472.3430341175924,True,True,1,PREREGISTERED_RESEARCH_DESIGN_NOT_FIELD,True,False,UNSELECTED_MAPPING_BOUND_SEPARATELY,UNVERIFIED,UNVERIFIED,COMMON_PROPER_TRANSFORM_SCHEMATIC_PROXY_REQUIRED_SEPARATELY,False,RL_43_14_01|RL_14_23_01|RL_23_27_01|RL_27_35_01,f4386303c6ece2455d663b5996e900edd4062358f58dcd2a4234273a45f8aaa2,658fb2e56867a50597e9a21899748d8171439deda852e7db4f3339a99f71dd3d,c58710f5ca3f5fe0bd6bbced65293e0b5548e882a816a3e0d3648166569a42e0
75,MESS01,STA01,STA04,TN_43,TN_28,801.6032897949221,631.5755615234375,666.3785400390625,10.002019999999998,ORIGINAL_ABSTRACT_ROAD_SERVICE_ROUTE_NOT_NEW_PCC_GIS,1,2,600,77,2,True,14.511039316057808,1140.0,1125.4889606839422,660.0,465.4889606839422,True,True,1,PREREGISTERED_RESEARCH_DESIGN_NOT_FIELD,True,False,UNSELECTED_MAPPING_BOUND_SEPARATELY,UNVERIFIED,UNVERIFIED,COMMON_PROPER_TRANSFORM_SCHEMATIC_PROXY_REQUIRED_SEPARATELY,False,RL_43_28_01,f4386303c6ece2455d663b5996e900edd4062358f58dcd2a4234273a45f8aaa2,658fb2e56867a50597e9a21899748d8171439deda852e7db4f3339a99f71dd3d,c58710f5ca3f5fe0bd6bbced65293e0b5548e882a816a3e0d3648166569a42e0
75,MESS01,STA01,STA05,TN_43,TN_37,1584.1770202636721,1414.1492919921875,1492.0761108398438,17.76019,ORIGINAL_ABSTRACT_ROAD_SERVICE_ROUTE_NOT_NEW_PCC_GIS,2,3,600,78,3,True,13.698865058904344,1140.0,1126.3011349410956,660.0,466.3011349410956,True,True,1,PREREGISTERED_RESEARCH_DESIGN_NOT_FIELD,True,False,UNSELECTED_MAPPING_BOUND_SEPARATELY,UNVERIFIED,UNVERIFIED,COMMON_PROPER_TRANSFORM_SCHEMATIC_PROXY_REQUIRED_SEPARATELY,False,RL_43_14_01|RL_14_37_01,f4386303c6ece2455d663b5996e900edd4062358f58dcd2a4234273a45f8aaa2,658fb2e56867a50597e9a21899748d8171439deda852e7db4f3339a99f71dd3d,c58710f5ca3f5fe0bd6bbced65293e0b5548e882a816a3e0d3648166569a42e0
75,MESS01,STA01,STA06,TN_43,TN_41,1797.3966247558596,1627.368896484375,1717.0451049804688,25.719870000000007,ORIGINAL_ABSTRACT_ROAD_SERVICE_ROUTE_NOT_NEW_PCC_GIS,2,3,600,78,3,True,31.371604977878658,1140.0,1108.6283950221214,660.0,448.62839502212137,True,True,1,PREREGISTERED_RESEARCH_DESIGN_NOT_FIELD,True,False,UNSELECTED_MAPPING_BOUND_SEPARATELY,UNVERIFIED,UNVERIFIED,COMMON_PROPER_TRANSFORM_SCHEMATIC_PROXY_REQUIRED_SEPARATELY,False,RL_43_14_01|RL_14_41_01,f4386303c6ece2455d663b5996e900edd4062358f58dcd2a4234273a45f8aaa2,658fb2e56867a50597e9a21899748d8171439deda852e7db4f3339a99f71dd3d,c58710f5ca3f5fe0bd6bbced65293e0b5548e882a816a3e0d3648166569a42e0
75,MESS01,STA01,STA07,TN_43,TN_32,2815.413333129883,2645.3856048583984,2791.159698486328,37.692899999999995,ORIGINAL_ABSTRACT_ROAD_SERVICE_ROUTE_NOT_NEW_PCC_GIS,4,4,600,79,4,True,55.895917695134514,1140.0,1084.1040823048654,660.0,424.1040823048654,True,True,1,PREREGISTERED_RESEARCH_DESIGN_NOT_FIELD,True,False,UNSELECTED_MAPPING_BOUND_SEPARATELY,UNVERIFIED,UNVERIFIED,COMMON_PROPER_TRANSFORM_SCHEMATIC_PROXY_REQUIRED_SEPARATELY,False,RL_43_28_01|RL_28_07_01|RL_07_32_01,f4386303c6ece2455d663b5996e900edd4062358f58dcd2a4234273a45f8aaa2,658fb2e56867a50597e9a21899748d8171439deda852e7db4f3339a99f71dd3d,c58710f5ca3f5fe0bd6bbced65293e0b5548e882a816a3e0d3648166569a42e0
75,MESS01,STA01,STA08,TN_43,TN_47,3074.9082824707034,2904.8805541992188,3064.954132080078,39.75587999999999,ORIGINAL_ABSTRACT_ROAD_SERVICE_ROUTE_NOT_NEW_PCC_GIS,4,5,600,80,4,True,57.8105945090904,1140.0,1082.1894054909096,660.0,422.1894054909096,True,True,1,PREREGISTERED_RESEARCH_DESIGN_NOT_FIELD,True,False,UNSELECTED_MAPPING_BOUND_SEPARATELY,UNVERIFIED,UNVERIFIED,COMMON_PROPER_TRANSFORM_SCHEMATIC_PROXY_REQUIRED_SEPARATELY,False,RL_43_28_01|RL_28_07_01|RL_07_47_01,f4386303c6ece2455d663b5996e900edd4062358f58dcd2a4234273a45f8aaa2,658fb2e56867a50597e9a21899748d8171439deda852e7db4f3339a99f71dd3d,c58710f5ca3f5fe0bd6bbced65293e0b5548e882a816a3e0d3648166569a42e0
75,MESS01,STA01,STA09,TN_43,TN_42,3267.5699035644534,3097.5421752929688,3268.2323608398438,40.27642999999999,ORIGINAL_ABSTRACT_ROAD_SERVICE_ROUTE_NOT_NEW_PCC_GIS,4,5,600,80,4,True,57.08025404675008,1140.0,1082.91974595325,660.0,422.91974595324996,True,True,1,PREREGISTERED_RESEARCH_DESIGN_NOT_FIELD,True,False,UNSELECTED_MAPPING_BOUND_SEPARATELY,UNVERIFIED,UNVERIFIED,COMMON_PROPER_TRANSFORM_SCHEMATIC_PROXY_REQUIRED_SEPARATELY,False,RL_43_28_01|RL_28_07_01|RL_07_42_01,f4386303c6ece2455d663b5996e900edd4062358f58dcd2a4234273a45f8aaa2,658fb2e56867a50597e9a21899748d8171439deda852e7db4f3339a99f71dd3d,c58710f5ca3f5fe0bd6bbced65293e0b5548e882a816a3e0d3648166569a42e0
75,MESS01,STA01,STA10,TN_43,TN_24,2310.380877685547,2140.3531494140625,2258.2974853515625,31.376750000000015,ORIGINAL_ABSTRACT_ROAD_SERVICE_ROUTE_NOT_NEW_PCC_GIS,3,4,600,79,3,True,38.189540199570956,1140.0,1101.810459800429,660.0,441.81045980042904,True,True,1,PREREGISTERED_RESEARCH_DESIGN_NOT_FIELD,True,False,UNSELECTED_MAPPING_BOUND_SEPARATELY,UNVERIFIED,UNVERIFIED,COMMON_PROPER_TRANSFORM_SCHEMATIC_PROXY_REQUIRED_SEPARATELY,False,RL_43_28_01|RL_28_21_01|RL_21_24_01,f4386303c6ece2455d663b5996e900edd4062358f58dcd2a4234273a45f8aaa2,658fb2e56867a50597e9a21899748d8171439deda852e7db4f3339a99f71dd3d,c58710f5ca3f5fe0bd6bbced65293e0b5548e882a816a3e0d3648166569a42e0
75,MESS01,STA01,STA11,TN_43,TN_44,2567.048602294922,2397.0208740234375,2529.1088256835938,35.03566000000001,ORIGINAL_ABSTRACT_ROAD_SERVICE_ROUTE_NOT_NEW_PCC_GIS,3,4,600,79,4,True,45.06104565824714,1140.0,1094.9389543417528,660.0,434.93895434175283,True,True,1,PREREGISTERED_RESEARCH_DESIGN_NOT_FIELD,True,False,UNSELECTED_MAPPING_BOUND_SEPARATELY,UNVERIFIED,UNVERIFIED,COMMON_PROPER_TRANSFORM_SCHEMATIC_PROXY_REQUIRED_SEPARATELY,False,RL_43_28_01|RL_28_21_01|RL_21_44_01,f4386303c6ece2455d663b5996e900edd4062358f58dcd2a4234273a45f8aaa2,658fb2e56867a50597e9a21899748d8171439deda852e7db4f3339a99f71dd3d,c58710f5ca3f5fe0bd6bbced65293e0b5548e882a816a3e0d3648166569a42e0
75,MESS01,STA01,STA12,TN_43,TN_17,3196.3153259277346,3026.28759765625,3193.0513916015625,46.87866000000001,ORIGINAL_ABSTRACT_ROAD_SERVICE_ROUTE_NOT_NEW_PCC_GIS,4,5,600,80,4,True,64.95991055477822,1140.0,1075.0400894452218,660.0,415.04008944522184,True,True,1,PREREGISTERED_RESEARCH_DESIGN_NOT_FIELD,True,False,UNSELECTED_MAPPING_BOUND_SEPARATELY,UNVERIFIED,UNVERIFIED,COMMON_PROPER_TRANSFORM_SCHEMATIC_PROXY_REQUIRED_SEPARATELY,False,RL_43_28_01|RL_28_16_01|RL_16_17_01,f4386303c6ece2455d663b5996e900edd4062358f58dcd2a4234273a45f8aaa2,658fb2e56867a50597e9a21899748d8171439deda852e7db4f3339a99f71dd3d,c58710f5ca3f5fe0bd6bbced65293e0b5548e882a816a3e0d3648166569a42e0
75,MESS02,STA12,STA01,TN_17,TN_43,3490.1502258300784,3320.1224975585938,3503.0782470703125,50.31120999999999,ORIGINAL_ABSTRACT_ROAD_SERVICE_ROUTE_NOT_NEW_PCC_GIS,4,5,600,80,4,True,69.15807530894926,1140.0,1070.8419246910507,660.0,410.84192469105074,True,True,1,PREREGISTERED_RESEARCH_DESIGN_NOT_FIELD,True,False,UNSELECTED_MAPPING_BOUND_SEPARATELY,UNVERIFIED,UNVERIFIED,COMMON_PROPER_TRANSFORM_SCHEMATIC_PROXY_REQUIRED_SEPARATELY,False,RL_17_04_01|RL_04_05_01|RL_05_19_01|RL_19_43_01,f4386303c6ece2455d663b5996e900edd4062358f58dcd2a4234273a45f8aaa2,658fb2e56867a50597e9a21899748d8171439deda852e7db4f3339a99f71dd3d,c58710f5ca3f5fe0bd6bbced65293e0b5548e882a816a3e0d3648166569a42e0
75,MESS02,STA12,STA02,TN_17,TN_14,3081.8209411621096,2911.793212890625,3072.247833251953,48.896019999999986,ORIGINAL_ABSTRACT_ROAD_SERVICE_ROUTE_NOT_NEW_PCC_GIS,4,5,600,80,4,True,61.54652210875943,1140.0,1078.4534778912405,660.0,418.4534778912405,True,True,1,PREREGISTERED_RESEARCH_DESIGN_NOT_FIELD,True,False,UNSELECTED_MAPPING_BOUND_SEPARATELY,UNVERIFIED,UNVERIFIED,COMMON_PROPER_TRANSFORM_SCHEMATIC_PROXY_REQUIRED_SEPARATELY,False,RL_17_13_01|RL_13_35_01|RL_35_14_01,f4386303c6ece2455d663b5996e900edd4062358f58dcd2a4234273a45f8aaa2,658fb2e56867a50597e9a21899748d8171439deda852e7db4f3339a99f71dd3d,c58710f5ca3f5fe0bd6bbced65293e0b5548e882a816a3e0d3648166569a42e0
75,MESS02,STA12,STA03,TN_17,TN_35,2554.606890869141,2384.5791625976562,2515.9815979003906,39.779639999999986,ORIGINAL_ABSTRACT_ROAD_SERVICE_ROUTE_NOT_NEW_PCC_GIS,3,4,600,79,4,True,49.672260743868584,1140.0,1090.3277392561315,660.0,430.3277392561315,True,True,1,PREREGISTERED_RESEARCH_DESIGN_NOT_FIELD,True,False,UNSELECTED_MAPPING_BOUND_SEPARATELY,UNVERIFIED,UNVERIFIED,COMMON_PROPER_TRANSFORM_SCHEMATIC_PROXY_REQUIRED_SEPARATELY,False,RL_17_13_01|RL_13_35_01,f4386303c6ece2455d663b5996e900edd4062358f58dcd2a4234273a45f8aaa2,658fb2e56867a50597e9a21899748d8171439deda852e7db4f3339a99f71dd3d,c58710f5ca3f5fe0bd6bbced65293e0b5548e882a816a3e0d3648166569a42e0
75,MESS02,STA12,STA04,TN_17,TN_28,2488.0421325683596,2318.014404296875,2445.748779296875,40.07149999999996,ORIGINAL_ABSTRACT_ROAD_SERVICE_ROUTE_NOT_NEW_PCC_GIS,3,4,600,79,3,True,54.4449881559438,1140.0,1085.5550118440563,660.0,425.55501184405625,True,True,1,PREREGISTERED_RESEARCH_DESIGN_NOT_FIELD,True,False,UNSELECTED_MAPPING_BOUND_SEPARATELY,UNVERIFIED,UNVERIFIED,COMMON_PROPER_TRANSFORM_SCHEMATIC_PROXY_REQUIRED_SEPARATELY,False,RL_17_28_01,f4386303c6ece2455d663b5996e900edd4062358f58dcd2a4234273a45f8aaa2,658fb2e56867a50597e9a21899748d8171439deda852e7db4f3339a99f71dd3d,c58710f5ca3f5fe0bd6bbced65293e0b5548e882a816a3e0d3648166569a42e0
75,MESS02,STA12,STA05,TN_17,TN_37,2332.6184570312503,2162.5907287597656,2281.760498046875,30.973299999999988,ORIGINAL_ABSTRACT_ROAD_SERVICE_ROUTE_NOT_NEW_PCC_GIS,3,4,600,79,3,True,35.50225871497703,1140.0,1104.497741285023,660.0,444.49774128502304,True,True,1,PREREGISTERED_RESEARCH_DESIGN_NOT_FIELD,True,False,UNSELECTED_MAPPING_BOUND_SEPARATELY,UNVERIFIED,UNVERIFIED,COMMON_PROPER_TRANSFORM_SCHEMATIC_PROXY_REQUIRED_SEPARATELY,False,RL_17_04_01|RL_04_16_01|RL_16_37_01,f4386303c6ece2455d663b5996e900edd4062358f58dcd2a4234273a45f8aaa2,658fb2e56867a50597e9a21899748d8171439deda852e7db4f3339a99f71dd3d,c58710f5ca3f5fe0bd6bbced65293e0b5548e882a816a3e0d3648166569a42e0
75,MESS02,STA12,STA06,TN_17,TN_41,2807.4334594726565,2637.405731201172,2782.7401733398438,32.13718000000001,ORIGINAL_ABSTRACT_ROAD_SERVICE_ROUTE_NOT_NEW_PCC_GIS,4,4,600,79,4,True,45.47420606229757,1140.0,1094.5257939377025,660.0,434.5257939377025,True,True,1,PREREGISTERED_RESEARCH_DESIGN_NOT_FIELD,True,False,UNSELECTED_MAPPING_BOUND_SEPARATELY,UNVERIFIED,UNVERIFIED,COMMON_PROPER_TRANSFORM_SCHEMATIC_PROXY_REQUIRED_SEPARATELY,False,RL_17_18_01|RL_18_07_01|RL_07_45_01|RL_45_41_01,f4386303c6ece2455d663b5996e900edd4062358f58dcd2a4234273a45f8aaa2,658fb2e56867a50597e9a21899748d8171439deda852e7db4f3339a99f71dd3d,c58710f5ca3f5fe0bd6bbced65293e0b5548e882a816a3e0d3648166569a42e0
75,MESS02,STA12,STA07,TN_17,TN_32,1322.5855285644534,1152.5578002929688,1216.069580078125,15.498900000000006,ORIGINAL_ABSTRACT_ROAD_SERVICE_ROUTE_NOT_NEW_PCC_GIS,2,3,600,78,2,True,25.483817660363673,1140.0,1114.5161823396363,660.0,454.5161823396363,True,True,1,PREREGISTERED_RESEARCH_DESIGN_NOT_FIELD,True,False,UNSELECTED_MAPPING_BOUND_SEPARATELY,UNVERIFIED,UNVERIFIED,COMMON_PROPER_TRANSFORM_SCHEMATIC_PROXY_REQUIRED_SEPARATELY,False,RL_17_18_01|RL_18_32_01,f4386303c6ece2455d663b5996e900edd4062358f58dcd2a4234273a45f8aaa2,658fb2e56867a50597e9a21899748d8171439deda852e7db4f3339a99f71dd3d,c58710f5ca3f5fe0bd6bbced65293e0b5548e882a816a3e0d3648166569a42e0
75,MESS02,STA12,STA08,TN_17,TN_47,1966.7152282714846,1796.6875,1895.6940612792969,24.752180000000006,ORIGINAL_ABSTRACT_ROAD_SERVICE_ROUTE_NOT_NEW_PCC_GIS,3,3,600,78,3,True,39.35096930540236,1140.0,1100.6490306945977,660.0,440.64903069459774,True,True,1,PREREGISTERED_RESEARCH_DESIGN_NOT_FIELD,True,False,UNSELECTED_MAPPING_BOUND_SEPARATELY,UNVERIFIED,UNVERIFIED,COMMON_PROPER_TRANSFORM_SCHEMATIC_PROXY_REQUIRED_SEPARATELY,False,RL_17_18_01|RL_18_07_01|RL_07_47_01,f4386303c6ece2455d663b5996e900edd4062358f58dcd2a4234273a45f8aaa2,658fb2e56867a50597e9a21899748d8171439deda852e7db4f3339a99f71dd3d,c58710f5ca3f5fe0bd6bbced65293e0b5548e882a816a3e0d3648166569a42e0
75,MESS02,STA12,STA09,TN_17,TN_42,1485.7964660644534,1315.7687377929688,1388.2742919921875,17.943490000000008,ORIGINAL_ABSTRACT_ROAD_SERVICE_ROUTE_NOT_NEW_PCC_GIS,2,3,600,78,2,True,26.14565679347983,1140.0,1113.85434320652,660.0,453.85434320652007,True,True,1,PREREGISTERED_RESEARCH_DESIGN_NOT_FIELD,True,False,UNSELECTED_MAPPING_BOUND_SEPARATELY,UNVERIFIED,UNVERIFIED,COMMON_PROPER_TRANSFORM_SCHEMATIC_PROXY_REQUIRED_SEPARATELY,False,RL_17_18_01|RL_18_42_01,f4386303c6ece2455d663b5996e900edd4062358f58dcd2a4234273a45f8aaa2,658fb2e56867a50597e9a21899748d8171439deda852e7db4f3339a99f71dd3d,c58710f5ca3f5fe0bd6bbced65293e0b5548e882a816a3e0d3648166569a42e0
75,MESS02,STA12,STA10,TN_17,TN_24,1411.7664978027346,1241.73876953125,1310.1649169921875,17.01105000000001,ORIGINAL_ABSTRACT_ROAD_SERVICE_ROUTE_NOT_NEW_PCC_GIS,2,3,600,78,2,True,15.359970230687384,1140.0,1124.6400297693126,660.0,464.6400297693126,True,True,1,PREREGISTERED_RESEARCH_DESIGN_NOT_FIELD,True,False,UNSELECTED_MAPPING_BOUND_SEPARATELY,UNVERIFIED,UNVERIFIED,COMMON_PROPER_TRANSFORM_SCHEMATIC_PROXY_REQUIRED_SEPARATELY,False,RL_17_24_01,f4386303c6ece2455d663b5996e900edd4062358f58dcd2a4234273a45f8aaa2,658fb2e56867a50597e9a21899748d8171439deda852e7db4f3339a99f71dd3d,c58710f5ca3f5fe0bd6bbced65293e0b5548e882a816a3e0d3648166569a42e0
75,MESS02,STA12,STA11,TN_17,TN_44,1015.3077270507815,845.2799987792969,891.8592300415039,12.138799999999998,ORIGINAL_ABSTRACT_ROAD_SERVICE_ROUTE_NOT_NEW_PCC_GIS,2,2,600,77,2,True,14.30344705734419,1140.0,1125.696552942656,660.0,465.6965529426559,True,True,1,PREREGISTERED_RESEARCH_DESIGN_NOT_FIELD,True,False,UNSELECTED_MAPPING_BOUND_SEPARATELY,UNVERIFIED,UNVERIFIED,COMMON_PROPER_TRANSFORM_SCHEMATIC_PROXY_REQUIRED_SEPARATELY,False,RL_17_11_01|RL_11_22_01|RL_22_44_01,f4386303c6ece2455d663b5996e900edd4062358f58dcd2a4234273a45f8aaa2,658fb2e56867a50597e9a21899748d8171439deda852e7db4f3339a99f71dd3d,c58710f5ca3f5fe0bd6bbced65293e0b5548e882a816a3e0d3648166569a42e0
75,MESS02,STA12,STA12,TN_17,TN_17,0.0,0.0,0.0,0.0,ORIGINAL_ABSTRACT_ROAD_SERVICE_ROUTE_NOT_NEW_PCC_GIS,0,0,600,75,1,True,0.0,1140.0,1140.0,660.0,480.0,True,True,1,PREREGISTERED_RESEARCH_DESIGN_NOT_FIELD,True,False,UNSELECTED_MAPPING_BOUND_SEPARATELY,UNVERIFIED,UNVERIFIED,COMMON_PROPER_TRANSFORM_SCHEMATIC_PROXY_REQUIRED_SEPARATELY,False,,f4386303c6ece2455d663b5996e900edd4062358f58dcd2a4234273a45f8aaa2,658fb2e56867a50597e9a21899748d8171439deda852e7db4f3339a99f71dd3d,c58710f5ca3f5fe0bd6bbced65293e0b5548e882a816a3e0d3648166569a42e0
75,MESS03,STA08,STA01,TN_47,TN_43,2768.2374603271487,2598.209732055664,2741.3844146728516,33.865320000000004,ORIGINAL_ABSTRACT_ROAD_SERVICE_ROUTE_NOT_NEW_PCC_GIS,4,4,600,79,4,True,47.27215404228577,1140.0,1092.7278459577142,660.0,432.7278459577142,True,True,1,PREREGISTERED_RESEARCH_DESIGN_NOT_FIELD,True,False,UNSELECTED_MAPPING_BOUND_SEPARATELY,UNVERIFIED,UNVERIFIED,COMMON_PROPER_TRANSFORM_SCHEMATIC_PROXY_REQUIRED_SEPARATELY,False,RL_47_20_01|RL_20_04_01|RL_04_05_01|RL_05_19_01|RL_19_43_01,f4386303c6ece2455d663b5996e900edd4062358f58dcd2a4234273a45f8aaa2,658fb2e56867a50597e9a21899748d8171439deda852e7db4f3339a99f71dd3d,c58710f5ca3f5fe0bd6bbced65293e0b5548e882a816a3e0d3648166569a42e0
75,MESS03,STA08,STA02,TN_47,TN_14,2492.5806457519534,2322.5529174804688,2450.5374145507812,25.866629999999994,ORIGINAL_ABSTRACT_ROAD_SERVICE_ROUTE_NOT_NEW_PCC_GIS,3,4,600,79,3,True,30.29701919370852,1140.0,1109.7029808062914,660.0,449.7029808062914,True,True,1,PREREGISTERED_RESEARCH_DESIGN_NOT_FIELD,True,False,UNSELECTED_MAPPING_BOUND_SEPARATELY,UNVERIFIED,UNVERIFIED,COMMON_PROPER_TRANSFORM_SCHEMATIC_PROXY_REQUIRED_SEPARATELY,False,RL_47_20_01|RL_20_16_01|RL_16_37_01|RL_37_14_01,f4386303c6ece2455d663b5996e900edd4062358f58dcd2a4234273a45f8aaa2,658fb2e56867a50597e9a21899748d8171439deda852e7db4f3339a99f71dd3d,c58710f5ca3f5fe0bd6bbced65293e0b5548e882a816a3e0d3648166569a42e0
75,MESS03,STA08,STA03,TN_47,TN_35,2103.857104492188,1933.8293762207031,2040.3932495117188,22.701299999999996,ORIGINAL_ABSTRACT_ROAD_SERVICE_ROUTE_NOT_NEW_PCC_GIS,3,4,600,79,3,True,26.319383293281064,1140.0,1113.6806167067189,660.0,453.68061670671887,True,True,1,PREREGISTERED_RESEARCH_DESIGN_NOT_FIELD,True,False,UNSELECTED_MAPPING_BOUND_SEPARATELY,UNVERIFIED,UNVERIFIED,COMMON_PROPER_TRANSFORM_SCHEMATIC_PROXY_REQUIRED_SEPARATELY,False,RL_47_20_01|RL_20_16_01|RL_16_37_01|RL_37_13_01|RL_13_35_01,f4386303c6ece2455d663b5996e900edd4062358f58dcd2a4234273a45f8aaa2,658fb2e56867a50597e9a21899748d8171439deda852e7db4f3339a99f71dd3d,c58710f5ca3f5fe0bd6bbced65293e0b5548e882a816a3e0d3648166569a42e0
75,MESS03,STA08,STA04,TN_47,TN_28,1745.0030700683596,1574.975341796875,1661.7645263671875,18.276300000000003,ORIGINAL_ABSTRACT_ROAD_SERVICE_ROUTE_NOT_NEW_PCC_GIS,2,3,600,78,3,True,23.902671957628616,1140.0,1116.0973280423714,660.0,456.0973280423714,True,True,1,PREREGISTERED_RESEARCH_DESIGN_NOT_FIELD,True,False,UNSELECTED_MAPPING_BOUND_SEPARATELY,UNVERIFIED,UNVERIFIED,COMMON_PROPER_TRANSFORM_SCHEMATIC_PROXY_REQUIRED_SEPARATELY,False,RL_47_20_01|RL_20_16_01|RL_16_28_01,f4386303c6ece2455d663b5996e900edd4062358f58dcd2a4234273a45f8aaa2,658fb2e56867a50597e9a21899748d8171439deda852e7db4f3339a99f71dd3d,c58710f5ca3f5fe0bd6bbced65293e0b5548e882a816a3e0d3648166569a42e0
75,MESS03,STA08,STA05,TN_47,TN_37,1509.313922119141,1339.2861938476562,1413.0877075195312,13.430529999999996,ORIGINAL_ABSTRACT_ROAD_SERVICE_ROUTE_NOT_NEW_PCC_GIS,2,3,600,78,2,True,13.732344558837157,1140.0,1126.2676554411628,660.0,466.2676554411628,True,True,1,PREREGISTERED_RESEARCH_DESIGN_NOT_FIELD,True,False,UNSELECTED_MAPPING_BOUND_SEPARATELY,UNVERIFIED,UNVERIFIED,COMMON_PROPER_TRANSFORM_SCHEMATIC_PROXY_REQUIRED_SEPARATELY,False,RL_47_20_01|RL_20_16_01|RL_16_37_01,f4386303c6ece2455d663b5996e900edd4062358f58dcd2a4234273a45f8aaa2,658fb2e56867a50597e9a21899748d8171439deda852e7db4f3339a99f71dd3d,c58710f5ca3f5fe0bd6bbced65293e0b5548e882a816a3e0d3648166569a42e0
75,MESS03,STA08,STA06,TN_47,TN_41,2579.4991027832034,2409.4713745117188,2542.2454833984375,27.54529,ORIGINAL_ABSTRACT_ROAD_SERVICE_ROUTE_NOT_NEW_PCC_GIS,3,4,600,79,3,True,37.62842970200643,1140.0,1102.3715702979935,660.0,442.37157029799346,True,True,1,PREREGISTERED_RESEARCH_DESIGN_NOT_FIELD,True,False,UNSELECTED_MAPPING_BOUND_SEPARATELY,UNVERIFIED,UNVERIFIED,COMMON_PROPER_TRANSFORM_SCHEMATIC_PROXY_REQUIRED_SEPARATELY,False,RL_47_25_01|RL_25_07_01|RL_07_45_01|RL_45_41_01,f4386303c6ece2455d663b5996e900edd4062358f58dcd2a4234273a45f8aaa2,658fb2e56867a50597e9a21899748d8171439deda852e7db4f3339a99f71dd3d,c58710f5ca3f5fe0bd6bbced65293e0b5548e882a816a3e0d3648166569a42e0
75,MESS03,STA08,STA07,TN_47,TN_32,1479.2859222412112,1309.2581939697266,1381.4049377441406,18.097310000000004,ORIGINAL_ABSTRACT_ROAD_SERVICE_ROUTE_NOT_NEW_PCC_GIS,2,3,600,78,3,True,29.253604517932434,1140.0,1110.7463954820676,660.0,450.74639548206756,True,True,1,PREREGISTERED_RESEARCH_DESIGN_NOT_FIELD,True,False,UNSELECTED_MAPPING_BOUND_SEPARATELY,UNVERIFIED,UNVERIFIED,COMMON_PROPER_TRANSFORM_SCHEMATIC_PROXY_REQUIRED_SEPARATELY,False,RL_47_25_01|RL_25_07_01|RL_07_32_01,f4386303c6ece2455d663b5996e900edd4062358f58dcd2a4234273a45f8aaa2,658fb2e56867a50597e9a21899748d8171439deda852e7db4f3339a99f71dd3d,c58710f5ca3f5fe0bd6bbced65293e0b5548e882a816a3e0d3648166569a42e0
75,MESS03,STA08,STA08,TN_47,TN_47,0.0,0.0,0.0,0.0,ORIGINAL_ABSTRACT_ROAD_SERVICE_ROUTE_NOT_NEW_PCC_GIS,0,0,600,75,1,True,0.0,1140.0,1140.0,660.0,480.0,True,True,1,PREREGISTERED_RESEARCH_DESIGN_NOT_FIELD,True,False,UNSELECTED_MAPPING_BOUND_SEPARATELY,UNVERIFIED,UNVERIFIED,COMMON_PROPER_TRANSFORM_SCHEMATIC_PROXY_REQUIRED_SEPARATELY,False,,f4386303c6ece2455d663b5996e900edd4062358f58dcd2a4234273a45f8aaa2,658fb2e56867a50597e9a21899748d8171439deda852e7db4f3339a99f71dd3d,c58710f5ca3f5fe0bd6bbced65293e0b5548e882a816a3e0d3648166569a42e0
75,MESS03,STA08,STA09,TN_47,TN_42,1931.4424926757815,1761.4147644042969,1858.4776000976562,20.680840000000003,ORIGINAL_ABSTRACT_ROAD_SERVICE_ROUTE_NOT_NEW_PCC_GIS,3,3,600,78,3,True,30.727767490250702,1140.0,1109.2722325097493,660.0,449.2722325097493,True,True,1,PREREGISTERED_RESEARCH_DESIGN_NOT_FIELD,True,False,UNSELECTED_MAPPING_BOUND_SEPARATELY,UNVERIFIED,UNVERIFIED,COMMON_PROPER_TRANSFORM_SCHEMATIC_PROXY_REQUIRED_SEPARATELY,False,RL_47_25_01|RL_25_07_01|RL_07_42_01,f4386303c6ece2455d663b5996e900edd4062358f58dcd2a4234273a45f8aaa2,658fb2e56867a50597e9a21899748d8171439deda852e7db4f3339a99f71dd3d,c58710f5ca3f5fe0bd6bbced65293e0b5548e882a816a3e0d3648166569a42e0
75,MESS03,STA08,STA10,TN_47,TN_24,1925.58883972168,1755.5611114501953,1852.301528930664,18.031730000000003,ORIGINAL_ABSTRACT_ROAD_SERVICE_ROUTE_NOT_NEW_PCC_GIS,3,3,600,78,3,True,17.50222319015352,1140.0,1122.4977768098465,660.0,462.4977768098465,True,True,1,PREREGISTERED_RESEARCH_DESIGN_NOT_FIELD,True,False,UNSELECTED_MAPPING_BOUND_SEPARATELY,UNVERIFIED,UNVERIFIED,COMMON_PROPER_TRANSFORM_SCHEMATIC_PROXY_REQUIRED_SEPARATELY,False,RL_47_20_01|RL_20_04_01|RL_04_39_02|RL_39_24_01,f4386303c6ece2455d663b5996e900edd4062358f58dcd2a4234273a45f8aaa2,658fb2e56867a50597e9a21899748d8171439deda852e7db4f3339a99f71dd3d,c58710f5ca3f5fe0bd6bbced65293e0b5548e882a816a3e0d3648166569a42e0
75,MESS03,STA08,STA11,TN_47,TN_44,1470.1548034667971,1300.1270751953125,1371.770736694336,15.617740000000001,ORIGINAL_ABSTRACT_ROAD_SERVICE_ROUTE_NOT_NEW_PCC_GIS,2,3,600,78,2,True,18.752335624532577,1140.0,1121.2476643754674,660.0,461.24766437546737,True,True,1,PREREGISTERED_RESEARCH_DESIGN_NOT_FIELD,True,False,UNSELECTED_MAPPING_BOUND_SEPARATELY,UNVERIFIED,UNVERIFIED,COMMON_PROPER_TRANSFORM_SCHEMATIC_PROXY_REQUIRED_SEPARATELY,False,RL_47_20_01|RL_20_04_01|RL_04_30_02|RL_30_44_01,f4386303c6ece2455d663b5996e900edd4062358f58dcd2a4234273a45f8aaa2,658fb2e56867a50597e9a21899748d8171439deda852e7db4f3339a99f71dd3d,c58710f5ca3f5fe0bd6bbced65293e0b5548e882a816a3e0d3648166569a42e0
75,MESS03,STA08,STA12,TN_47,TN_17,2193.3836395263675,2023.3559112548828,2134.853042602539,28.637830000000015,ORIGINAL_ABSTRACT_ROAD_SERVICE_ROUTE_NOT_NEW_PCC_GIS,3,4,600,79,3,True,41.4167916074322,1140.0,1098.5832083925677,660.0,438.5832083925677,True,True,1,PREREGISTERED_RESEARCH_DESIGN_NOT_FIELD,True,False,UNSELECTED_MAPPING_BOUND_SEPARATELY,UNVERIFIED,UNVERIFIED,COMMON_PROPER_TRANSFORM_SCHEMATIC_PROXY_REQUIRED_SEPARATELY,False,RL_47_20_01|RL_20_04_01|RL_04_17_01,f4386303c6ece2455d663b5996e900edd4062358f58dcd2a4234273a45f8aaa2,658fb2e56867a50597e9a21899748d8171439deda852e7db4f3339a99f71dd3d,c58710f5ca3f5fe0bd6bbced65293e0b5548e882a816a3e0d3648166569a42e0
75,MESS04,STA06,STA01,TN_41,TN_43,1767.1702453613284,1597.1425170898438,1685.1532592773438,20.485349999999997,ORIGINAL_ABSTRACT_ROAD_SERVICE_ROUTE_NOT_NEW_PCC_GIS,2,3,600,78,3,True,31.822980185264207,1140.0,1108.1770198147358,660.0,448.1770198147358,True,True,1,PREREGISTERED_RESEARCH_DESIGN_NOT_FIELD,True,False,UNSELECTED_MAPPING_BOUND_SEPARATELY,UNVERIFIED,UNVERIFIED,COMMON_PROPER_TRANSFORM_SCHEMATIC_PROXY_REQUIRED_SEPARATELY,False,RL_41_05_01|RL_05_19_01|RL_19_43_01,f4386303c6ece2455d663b5996e900edd4062358f58dcd2a4234273a45f8aaa2,658fb2e56867a50597e9a21899748d8171439deda852e7db4f3339a99f71dd3d,c58710f5ca3f5fe0bd6bbced65293e0b5548e882a816a3e0d3648166569a42e0
75,MESS04,STA06,STA02,TN_41,TN_14,1400.8197204589846,1230.7919921875,1298.6148681640625,20.145829999999997,ORIGINAL_ABSTRACT_ROAD_SERVICE_ROUTE_NOT_NEW_PCC_GIS,2,3,600,78,2,True,28.460292465093456,1140.0,1111.5397075349065,660.0,451.5397075349065,True,True,1,PREREGISTERED_RESEARCH_DESIGN_NOT_FIELD,True,False,UNSELECTED_MAPPING_BOUND_SEPARATELY,UNVERIFIED,UNVERIFIED,COMMON_PROPER_TRANSFORM_SCHEMATIC_PROXY_REQUIRED_SEPARATELY,False,RL_41_14_01,f4386303c6ece2455d663b5996e900edd4062358f58dcd2a4234273a45f8aaa2,658fb2e56867a50597e9a21899748d8171439deda852e7db4f3339a99f71dd3d,c58710f5ca3f5fe0bd6bbced65293e0b5548e882a816a3e0d3648166569a42e0
75,MESS04,STA06,STA03,TN_41,TN_35,1943.9607498168948,1773.9330215454102,1871.6857604980469,26.336739999999995,ORIGINAL_ABSTRACT_ROAD_SERVICE_ROUTE_NOT_NEW_PCC_GIS,3,3,600,78,3,True,32.402221214780255,1140.0,1107.5977787852198,660.0,447.5977787852198,True,True,1,PREREGISTERED_RESEARCH_DESIGN_NOT_FIELD,True,False,UNSELECTED_MAPPING_BOUND_SEPARATELY,UNVERIFIED,UNVERIFIED,COMMON_PROPER_TRANSFORM_SCHEMATIC_PROXY_REQUIRED_SEPARATELY,False,RL_41_14_01|RL_14_23_01|RL_23_27_01|RL_27_35_01,f4386303c6ece2455d663b5996e900edd4062358f58dcd2a4234273a45f8aaa2,658fb2e56867a50597e9a21899748d8171439deda852e7db4f3339a99f71dd3d,c58710f5ca3f5fe0bd6bbced65293e0b5548e882a816a3e0d3648166569a42e0
75,MESS04,STA06,STA04,TN_41,TN_28,1356.5518066406253,1186.5240783691406,1251.9075927734375,14.889309999999995,ORIGINAL_ABSTRACT_ROAD_SERVICE_ROUTE_NOT_NEW_PCC_GIS,2,3,600,78,2,True,21.648120778958347,1140.0,1118.3518792210416,660.0,458.3518792210416,True,True,1,PREREGISTERED_RESEARCH_DESIGN_NOT_FIELD,True,False,UNSELECTED_MAPPING_BOUND_SEPARATELY,UNVERIFIED,UNVERIFIED,COMMON_PROPER_TRANSFORM_SCHEMATIC_PROXY_REQUIRED_SEPARATELY,False,RL_41_05_01|RL_05_28_01,f4386303c6ece2455d663b5996e900edd4062358f58dcd2a4234273a45f8aaa2,658fb2e56867a50597e9a21899748d8171439deda852e7db4f3339a99f71dd3d,c58710f5ca3f5fe0bd6bbced65293e0b5548e882a816a3e0d3648166569a42e0
75,MESS04,STA06,STA05,TN_41,TN_37,2167.8839141845706,1997.856185913086,2107.9483184814453,25.297389999999996,ORIGINAL_ABSTRACT_ROAD_SERVICE_ROUTE_NOT_NEW_PCC_GIS,3,4,600,79,3,True,29.74649164815071,1140.0,1110.2535083518492,660.0,450.2535083518492,True,True,1,PREREGISTERED_RESEARCH_DESIGN_NOT_FIELD,True,False,UNSELECTED_MAPPING_BOUND_SEPARATELY,UNVERIFIED,UNVERIFIED,COMMON_PROPER_TRANSFORM_SCHEMATIC_PROXY_REQUIRED_SEPARATELY,False,RL_41_05_01|RL_05_13_01|RL_13_37_01,f4386303c6ece2455d663b5996e900edd4062358f58dcd2a4234273a45f8aaa2,658fb2e56867a50597e9a21899748d8171439deda852e7db4f3339a99f71dd3d,c58710f5ca3f5fe0bd6bbced65293e0b5548e882a816a3e0d3648166569a42e0
75,MESS04,STA06,STA06,TN_41,TN_41,0.0,0.0,0.0,0.0,ORIGINAL_ABSTRACT_ROAD_SERVICE_ROUTE_NOT_NEW_PCC_GIS,0,0,600,75,1,True,0.0,1140.0,1140.0,660.0,480.0,True,True,1,PREREGISTERED_RESEARCH_DESIGN_NOT_FIELD,True,False,UNSELECTED_MAPPING_BOUND_SEPARATELY,UNVERIFIED,UNVERIFIED,COMMON_PROPER_TRANSFORM_SCHEMATIC_PROXY_REQUIRED_SEPARATELY,False,,f4386303c6ece2455d663b5996e900edd4062358f58dcd2a4234273a45f8aaa2,658fb2e56867a50597e9a21899748d8171439deda852e7db4f3339a99f71dd3d,c58710f5ca3f5fe0bd6bbced65293e0b5548e882a816a3e0d3648166569a42e0
75,MESS04,STA06,STA07,TN_41,TN_32,1614.688204956055,1444.6604766845703,1524.2686462402344,16.555399999999995,ORIGINAL_ABSTRACT_ROAD_SERVICE_ROUTE_NOT_NEW_PCC_GIS,2,3,600,78,3,True,29.254015406684456,1140.0,1110.7459845933156,660.0,450.7459845933156,True,True,1,PREREGISTERED_RESEARCH_DESIGN_NOT_FIELD,True,False,UNSELECTED_MAPPING_BOUND_SEPARATELY,UNVERIFIED,UNVERIFIED,COMMON_PROPER_TRANSFORM_SCHEMATIC_PROXY_REQUIRED_SEPARATELY,False,RL_41_45_01|RL_45_07_01|RL_07_32_01,f4386303c6ece2455d663b5996e900edd4062358f58dcd2a4234273a45f8aaa2,658fb2e56867a50597e9a21899748d8171439deda852e7db4f3339a99f71dd3d,c58710f5ca3f5fe0bd6bbced65293e0b5548e882a816a3e0d3648166569a42e0
75,MESS04,STA06,STA08,TN_41,TN_47,1874.1831542968753,1704.1554260253906,1798.0630798339844,18.618379999999995,ORIGINAL_ABSTRACT_ROAD_SERVICE_ROUTE_NOT_NEW_PCC_GIS,3,3,600,78,3,True,31.48080447033754,1140.0,1108.5191955296625,660.0,448.5191955296625,True,True,1,PREREGISTERED_RESEARCH_DESIGN_NOT_FIELD,True,False,UNSELECTED_MAPPING_BOUND_SEPARATELY,UNVERIFIED,UNVERIFIED,COMMON_PROPER_TRANSFORM_SCHEMATIC_PROXY_REQUIRED_SEPARATELY,False,RL_41_45_01|RL_45_07_01|RL_07_47_01,f4386303c6ece2455d663b5996e900edd4062358f58dcd2a4234273a45f8aaa2,658fb2e56867a50597e9a21899748d8171439deda852e7db4f3339a99f71dd3d,c58710f5ca3f5fe0bd6bbced65293e0b5548e882a816a3e0d3648166569a42e0
75,MESS04,STA06,STA09,TN_41,TN_42,2066.8447753906253,1896.8170471191406,2001.34130859375,19.138929999999995,ORIGINAL_ABSTRACT_ROAD_SERVICE_ROUTE_NOT_NEW_PCC_GIS,3,3,600,78,3,True,31.196200369652114,1140.0,1108.8037996303478,660.0,448.80379963034784,True,True,1,PREREGISTERED_RESEARCH_DESIGN_NOT_FIELD,True,False,UNSELECTED_MAPPING_BOUND_SEPARATELY,UNVERIFIED,UNVERIFIED,COMMON_PROPER_TRANSFORM_SCHEMATIC_PROXY_REQUIRED_SEPARATELY,False,RL_41_45_01|RL_45_07_01|RL_07_42_01,f4386303c6ece2455d663b5996e900edd4062358f58dcd2a4234273a45f8aaa2,658fb2e56867a50597e9a21899748d8171439deda852e7db4f3339a99f71dd3d,c58710f5ca3f5fe0bd6bbced65293e0b5548e882a816a3e0d3648166569a42e0
75,MESS04,STA06,STA10,TN_41,TN_24,2656.8646423339846,2486.8369140625,2623.874267578125,31.12584000000001,ORIGINAL_ABSTRACT_ROAD_SERVICE_ROUTE_NOT_NEW_PCC_GIS,3,4,600,79,4,True,37.312893841791556,1140.0,1102.6871061582085,660.0,442.6871061582085,True,True,1,PREREGISTERED_RESEARCH_DESIGN_NOT_FIELD,True,False,UNSELECTED_MAPPING_BOUND_SEPARATELY,UNVERIFIED,UNVERIFIED,COMMON_PROPER_TRANSFORM_SCHEMATIC_PROXY_REQUIRED_SEPARATELY,False,RL_41_05_01|RL_05_21_01|RL_21_24_01,f4386303c6ece2455d663b5996e900edd4062358f58dcd2a4234273a45f8aaa2,658fb2e56867a50597e9a21899748d8171439deda852e7db4f3339a99f71dd3d,c58710f5ca3f5fe0bd6bbced65293e0b5548e882a816a3e0d3648166569a42e0
75,MESS04,STA06,STA11,TN_41,TN_44,2880.3184082031253,2710.2906799316406,2859.641586303711,32.13365999999999,ORIGINAL_ABSTRACT_ROAD_SERVICE_ROUTE_NOT_NEW_PCC_GIS,4,4,600,79,4,True,46.85619692547017,1140.0,1093.1438030745298,660.0,433.14380307452984,True,True,1,PREREGISTERED_RESEARCH_DESIGN_NOT_FIELD,True,False,UNSELECTED_MAPPING_BOUND_SEPARATELY,UNVERIFIED,UNVERIFIED,COMMON_PROPER_TRANSFORM_SCHEMATIC_PROXY_REQUIRED_SEPARATELY,False,RL_41_45_01|RL_45_07_01|RL_07_20_01|RL_20_04_01|RL_04_30_02|RL_30_44_01,f4386303c6ece2455d663b5996e900edd4062358f58dcd2a4234273a45f8aaa2,658fb2e56867a50597e9a21899748d8171439deda852e7db4f3339a99f71dd3d,c58710f5ca3f5fe0bd6bbced65293e0b5548e882a816a3e0d3648166569a42e0
75,MESS04,STA06,STA12,TN_41,TN_17,2663.0273925781253,2492.9996643066406,2630.3766479492188,32.43063,ORIGINAL_ABSTRACT_ROAD_SERVICE_ROUTE_NOT_NEW_PCC_GIS,3,4,600,79,4,True,49.76571554376019,1140.0,1090.2342844562397,660.0,430.2342844562397,True,True,1,PREREGISTERED_RESEARCH_DESIGN_NOT_FIELD,True,False,UNSELECTED_MAPPING_BOUND_SEPARATELY,UNVERIFIED,UNVERIFIED,COMMON_PROPER_TRANSFORM_SCHEMATIC_PROXY_REQUIRED_SEPARATELY,False,RL_41_45_01|RL_45_07_01|RL_07_18_01|RL_18_17_01,f4386303c6ece2455d663b5996e900edd4062358f58dcd2a4234273a45f8aaa2,658fb2e56867a50597e9a21899748d8171439deda852e7db4f3339a99f71dd3d,c58710f5ca3f5fe0bd6bbced65293e0b5548e882a816a3e0d3648166569a42e0
75,MESS05,STA03,STA01,TN_35,TN_43,1214.3384582519534,1044.3107299804688,1101.8575439453125,14.441180000000001,ORIGINAL_ABSTRACT_ROAD_SERVICE_ROUTE_NOT_NEW_PCC_GIS,2,3,600,78,2,True,19.042906306866573,1140.0,1120.9570936931334,660.0,460.9570936931334,True,True,1,PREREGISTERED_RESEARCH_DESIGN_NOT_FIELD,True,False,UNSELECTED_MAPPING_BOUND_SEPARATELY,UNVERIFIED,UNVERIFIED,COMMON_PROPER_TRANSFORM_SCHEMATIC_PROXY_REQUIRED_SEPARATELY,False,RL_35_14_01|RL_14_43_01,f4386303c6ece2455d663b5996e900edd4062358f58dcd2a4234273a45f8aaa2,658fb2e56867a50597e9a21899748d8171439deda852e7db4f3339a99f71dd3d,c58710f5ca3f5fe0bd6bbced65293e0b5548e882a816a3e0d3648166569a42e0
75,MESS05,STA03,STA02,TN_35,TN_14,697.2417785644534,527.2140502929688,556.2662353515625,9.11638,ORIGINAL_ABSTRACT_ROAD_SERVICE_ROUTE_NOT_NEW_PCC_GIS,1,2,600,77,2,True,11.88426064883539,1140.0,1128.1157393511646,660.0,468.1157393511646,True,True,1,PREREGISTERED_RESEARCH_DESIGN_NOT_FIELD,True,False,UNSELECTED_MAPPING_BOUND_SEPARATELY,UNVERIFIED,UNVERIFIED,COMMON_PROPER_TRANSFORM_SCHEMATIC_PROXY_REQUIRED_SEPARATELY,False,RL_35_14_01,f4386303c6ece2455d663b5996e900edd4062358f58dcd2a4234273a45f8aaa2,658fb2e56867a50597e9a21899748d8171439deda852e7db4f3339a99f71dd3d,c58710f5ca3f5fe0bd6bbced65293e0b5548e882a816a3e0d3648166569a42e0
75,MESS05,STA03,STA03,TN_35,TN_35,0.0,0.0,0.0,0.0,ORIGINAL_ABSTRACT_ROAD_SERVICE_ROUTE_NOT_NEW_PCC_GIS,0,0,600,75,1,True,0.0,1140.0,1140.0,660.0,480.0,True,True,1,PREREGISTERED_RESEARCH_DESIGN_NOT_FIELD,True,False,UNSELECTED_MAPPING_BOUND_SEPARATELY,UNVERIFIED,UNVERIFIED,COMMON_PROPER_TRANSFORM_SCHEMATIC_PROXY_REQUIRED_SEPARATELY,False,,f4386303c6ece2455d663b5996e900edd4062358f58dcd2a4234273a45f8aaa2,658fb2e56867a50597e9a21899748d8171439deda852e7db4f3339a99f71dd3d,c58710f5ca3f5fe0bd6bbced65293e0b5548e882a816a3e0d3648166569a42e0
75,MESS05,STA03,STA04,TN_35,TN_28,1587.3775817871096,1417.349853515625,1495.4530334472656,20.076919999999998,ORIGINAL_ABSTRACT_ROAD_SERVICE_ROUTE_NOT_NEW_PCC_GIS,2,3,600,78,3,True,29.06818478351801,1140.0,1110.931815216482,660.0,450.93181521648194,True,True,1,PREREGISTERED_RESEARCH_DESIGN_NOT_FIELD,True,False,UNSELECTED_MAPPING_BOUND_SEPARATELY,UNVERIFIED,UNVERIFIED,COMMON_PROPER_TRANSFORM_SCHEMATIC_PROXY_REQUIRED_SEPARATELY,False,RL_35_46_01|RL_46_05_01|RL_05_28_01,f4386303c6ece2455d663b5996e900edd4062358f58dcd2a4234273a45f8aaa2,658fb2e56867a50597e9a21899748d8171439deda852e7db4f3339a99f71dd3d,c58710f5ca3f5fe0bd6bbced65293e0b5548e882a816a3e0d3648166569a42e0
75,MESS05,STA03,STA05,TN_35,TN_37,833.1345550537112,663.1068267822266,699.6473846435547,9.49954,ORIGINAL_ABSTRACT_ROAD_SERVICE_ROUTE_NOT_NEW_PCC_GIS,1,2,600,77,2,True,9.494613362317311,1140.0,1130.5053866376827,660.0,470.5053866376827,True,True,1,PREREGISTERED_RESEARCH_DESIGN_NOT_FIELD,True,False,UNSELECTED_MAPPING_BOUND_SEPARATELY,UNVERIFIED,UNVERIFIED,COMMON_PROPER_TRANSFORM_SCHEMATIC_PROXY_REQUIRED_SEPARATELY,False,RL_35_13_01|RL_13_37_01,f4386303c6ece2455d663b5996e900edd4062358f58dcd2a4234273a45f8aaa2,658fb2e56867a50597e9a21899748d8171439deda852e7db4f3339a99f71dd3d,c58710f5ca3f5fe0bd6bbced65293e0b5548e882a816a3e0d3648166569a42e0
75,MESS05,STA03,STA06,TN_35,TN_41,1841.000933837891,1670.9732055664062,1763.05224609375,29.741700000000005,ORIGINAL_ABSTRACT_ROAD_SERVICE_ROUTE_NOT_NEW_PCC_GIS,3,3,600,78,3,True,41.0482730839236,1140.0,1098.9517269160765,660.0,438.9517269160765,True,True,1,PREREGISTERED_RESEARCH_DESIGN_NOT_FIELD,True,False,UNSELECTED_MAPPING_BOUND_SEPARATELY,UNVERIFIED,UNVERIFIED,COMMON_PROPER_TRANSFORM_SCHEMATIC_PROXY_REQUIRED_SEPARATELY,False,RL_35_14_01|RL_14_41_01,f4386303c6ece2455d663b5996e900edd4062358f58dcd2a4234273a45f8aaa2,658fb2e56867a50597e9a21899748d8171439deda852e7db4f3339a99f71dd3d,c58710f5ca3f5fe0bd6bbced65293e0b5548e882a816a3e0d3648166569a42e0
75,MESS05,STA03,STA07,TN_35,TN_32,2485.504656982422,2315.4769287109375,2443.071487426758,31.60127,ORIGINAL_ABSTRACT_ROAD_SERVICE_ROUTE_NOT_NEW_PCC_GIS,3,4,600,79,4,True,47.842434444676805,1140.0,1092.1575655553231,660.0,432.1575655553231,True,True,1,PREREGISTERED_RESEARCH_DESIGN_NOT_FIELD,True,False,UNSELECTED_MAPPING_BOUND_SEPARATELY,UNVERIFIED,UNVERIFIED,COMMON_PROPER_TRANSFORM_SCHEMATIC_PROXY_REQUIRED_SEPARATELY,False,RL_35_13_01|RL_13_37_01|RL_37_07_01|RL_07_32_01,f4386303c6ece2455d663b5996e900edd4062358f58dcd2a4234273a45f8aaa2,658fb2e56867a50597e9a21899748d8171439deda852e7db4f3339a99f71dd3d,c58710f5ca3f5fe0bd6bbced65293e0b5548e882a816a3e0d3648166569a42e0
75,MESS05,STA03,STA08,TN_35,TN_47,2744.9996063232425,2574.971878051758,2716.865921020508,33.664249999999996,ORIGINAL_ABSTRACT_ROAD_SERVICE_ROUTE_NOT_NEW_PCC_GIS,4,4,600,79,4,True,49.847667286520824,1140.0,1090.1523327134792,660.0,430.15233271347915,True,True,1,PREREGISTERED_RESEARCH_DESIGN_NOT_FIELD,True,False,UNSELECTED_MAPPING_BOUND_SEPARATELY,UNVERIFIED,UNVERIFIED,COMMON_PROPER_TRANSFORM_SCHEMATIC_PROXY_REQUIRED_SEPARATELY,False,RL_35_13_01|RL_13_37_01|RL_37_07_01|RL_07_47_01,f4386303c6ece2455d663b5996e900edd4062358f58dcd2a4234273a45f8aaa2,658fb2e56867a50597e9a21899748d8171439deda852e7db4f3339a99f71dd3d,c58710f5ca3f5fe0bd6bbced65293e0b5548e882a816a3e0d3648166569a42e0
75,MESS05,STA03,STA09,TN_35,TN_42,2937.6612274169925,2767.633499145508,2920.1441497802734,34.184799999999996,ORIGINAL_ABSTRACT_ROAD_SERVICE_ROUTE_NOT_NEW_PCC_GIS,4,4,600,79,4,True,49.23802386584932,1140.0,1090.7619761341507,660.0,430.7619761341507,True,True,1,PREREGISTERED_RESEARCH_DESIGN_NOT_FIELD,True,False,UNSELECTED_MAPPING_BOUND_SEPARATELY,UNVERIFIED,UNVERIFIED,COMMON_PROPER_TRANSFORM_SCHEMATIC_PROXY_REQUIRED_SEPARATELY,False,RL_35_13_01|RL_13_37_01|RL_37_07_01|RL_07_42_01,f4386303c6ece2455d663b5996e900edd4062358f58dcd2a4234273a45f8aaa2,658fb2e56867a50597e9a21899748d8171439deda852e7db4f3339a99f71dd3d,c58710f5ca3f5fe0bd6bbced65293e0b5548e882a816a3e0d3648166569a42e0
75,MESS05,STA03,STA10,TN_35,TN_24,1767.4639465332034,1597.4362182617188,1685.4630737304688,22.319130000000012,ORIGINAL_ABSTRACT_ROAD_SERVICE_ROUTE_NOT_NEW_PCC_GIS,2,3,600,78,3,True,23.224198834993643,1140.0,1116.7758011650064,660.0,456.77580116500644,True,True,1,PREREGISTERED_RESEARCH_DESIGN_NOT_FIELD,True,False,UNSELECTED_MAPPING_BOUND_SEPARATELY,UNVERIFIED,UNVERIFIED,COMMON_PROPER_TRANSFORM_SCHEMATIC_PROXY_REQUIRED_SEPARATELY,False,RL_35_08_01|RL_08_24_01,f4386303c6ece2455d663b5996e900edd4062358f58dcd2a4234273a45f8aaa2,658fb2e56867a50597e9a21899748d8171439deda852e7db4f3339a99f71dd3d,c58710f5ca3f5fe0bd6bbced65293e0b5548e882a816a3e0d3648166569a42e0
75,MESS05,STA03,STA11,TN_35,TN_44,2003.9760925292971,1833.9483642578125,1935.0081787109375,25.214509999999994,ORIGINAL_ABSTRACT_ROAD_SERVICE_ROUTE_NOT_NEW_PCC_GIS,3,3,600,78,3,True,29.84710012067639,1140.0,1110.1528998793235,660.0,450.1528998793235,True,True,1,PREREGISTERED_RESEARCH_DESIGN_NOT_FIELD,True,False,UNSELECTED_MAPPING_BOUND_SEPARATELY,UNVERIFIED,UNVERIFIED,COMMON_PROPER_TRANSFORM_SCHEMATIC_PROXY_REQUIRED_SEPARATELY,False,RL_35_44_01,f4386303c6ece2455d663b5996e900edd4062358f58dcd2a4234273a45f8aaa2,658fb2e56867a50597e9a21899748d8171439deda852e7db4f3339a99f71dd3d,c58710f5ca3f5fe0bd6bbced65293e0b5548e882a816a3e0d3648166569a42e0
75,MESS05,STA03,STA12,TN_35,TN_17,2625.868334960938,2455.840606689453,2591.1698303222656,40.051710000000014,ORIGINAL_ABSTRACT_ROAD_SERVICE_ROUTE_NOT_NEW_PCC_GIS,3,4,600,79,3,True,55.68656304414855,1140.0,1084.3134369558516,660.0,424.31343695585156,True,True,1,PREREGISTERED_RESEARCH_DESIGN_NOT_FIELD,True,False,UNSELECTED_MAPPING_BOUND_SEPARATELY,UNVERIFIED,UNVERIFIED,COMMON_PROPER_TRANSFORM_SCHEMATIC_PROXY_REQUIRED_SEPARATELY,False,RL_35_13_01|RL_13_17_01,f4386303c6ece2455d663b5996e900edd4062358f58dcd2a4234273a45f8aaa2,658fb2e56867a50597e9a21899748d8171439deda852e7db4f3339a99f71dd3d,c58710f5ca3f5fe0bd6bbced65293e0b5548e882a816a3e0d3648166569a42e0
75,MESS06,STA10,STA01,TN_24,TN_43,2538.578540039063,2368.550811767578,2499.070037841797,33.20938,ORIGINAL_ABSTRACT_ROAD_SERVICE_ROUTE_NOT_NEW_PCC_GIS,3,4,600,79,4,True,48.73302334327005,1140.0,1091.2669766567299,660.0,431.26697665672987,True,True,1,PREREGISTERED_RESEARCH_DESIGN_NOT_FIELD,True,False,UNSELECTED_MAPPING_BOUND_SEPARATELY,UNVERIFIED,UNVERIFIED,COMMON_PROPER_TRANSFORM_SCHEMATIC_PROXY_REQUIRED_SEPARATELY,False,RL_24_39_01|RL_39_21_03|RL_21_09_02|RL_09_19_01|RL_19_43_01,f4386303c6ece2455d663b5996e900edd4062358f58dcd2a4234273a45f8aaa2,658fb2e56867a50597e9a21899748d8171439deda852e7db4f3339a99f71dd3d,c58710f5ca3f5fe0bd6bbced65293e0b5548e882a816a3e0d3648166569a42e0
75,MESS06,STA10,STA02,TN_24,TN_14,2067.099627685547,1897.0718994140625,2001.6102294921875,28.949340000000007,ORIGINAL_ABSTRACT_ROAD_SERVICE_ROUTE_NOT_NEW_PCC_GIS,3,3,600,78,3,True,35.57617361029905,1140.0,1104.423826389701,660.0,444.42382638970093,True,True,1,PREREGISTERED_RESEARCH_DESIGN_NOT_FIELD,True,False,UNSELECTED_MAPPING_BOUND_SEPARATELY,UNVERIFIED,UNVERIFIED,COMMON_PROPER_TRANSFORM_SCHEMATIC_PROXY_REQUIRED_SEPARATELY,False,RL_24_39_01|RL_39_35_01|RL_35_14_01,f4386303c6ece2455d663b5996e900edd4062358f58dcd2a4234273a45f8aaa2,658fb2e56867a50597e9a21899748d8171439deda852e7db4f3339a99f71dd3d,c58710f5ca3f5fe0bd6bbced65293e0b5548e882a816a3e0d3648166569a42e0
75,MESS06,STA10,STA03,TN_24,TN_35,1539.8855773925784,1369.8578491210938,1445.343994140625,19.832960000000007,ORIGINAL_ABSTRACT_ROAD_SERVICE_ROUTE_NOT_NEW_PCC_GIS,2,3,600,78,3,True,23.86591345871216,1140.0,1116.1340865412878,660.0,456.13408654128784,True,True,1,PREREGISTERED_RESEARCH_DESIGN_NOT_FIELD,True,False,UNSELECTED_MAPPING_BOUND_SEPARATELY,UNVERIFIED,UNVERIFIED,COMMON_PROPER_TRANSFORM_SCHEMATIC_PROXY_REQUIRED_SEPARATELY,False,RL_24_39_01|RL_39_35_01,f4386303c6ece2455d663b5996e900edd4062358f58dcd2a4234273a45f8aaa2,658fb2e56867a50597e9a21899748d8171439deda852e7db4f3339a99f71dd3d,c58710f5ca3f5fe0bd6bbced65293e0b5548e882a816a3e0d3648166569a42e0
75,MESS06,STA10,STA04,TN_24,TN_28,1663.6530944824221,1493.6253662109375,1575.931640625,19.793140000000015,ORIGINAL_ABSTRACT_ROAD_SERVICE_ROUTE_NOT_NEW_PCC_GIS,2,3,600,78,3,True,27.248157191167774,1140.0,1112.7518428088322,660.0,452.7518428088322,True,True,1,PREREGISTERED_RESEARCH_DESIGN_NOT_FIELD,True,False,UNSELECTED_MAPPING_BOUND_SEPARATELY,UNVERIFIED,UNVERIFIED,COMMON_PROPER_TRANSFORM_SCHEMATIC_PROXY_REQUIRED_SEPARATELY,False,RL_24_28_01,f4386303c6ece2455d663b5996e900edd4062358f58dcd2a4234273a45f8aaa2,658fb2e56867a50597e9a21899748d8171439deda852e7db4f3339a99f71dd3d,c58710f5ca3f5fe0bd6bbced65293e0b5548e882a816a3e0d3648166569a42e0
75,MESS06,STA10,STA05,TN_24,TN_37,1361.7416259765628,1191.7138977050781,1257.3834228515625,12.402790000000001,ORIGINAL_ABSTRACT_ROAD_SERVICE_ROUTE_NOT_NEW_PCC_GIS,2,3,600,78,2,True,13.854379392854373,1140.0,1126.1456206071457,660.0,466.1456206071457,True,True,1,PREREGISTERED_RESEARCH_DESIGN_NOT_FIELD,True,False,UNSELECTED_MAPPING_BOUND_SEPARATELY,UNVERIFIED,UNVERIFIED,COMMON_PROPER_TRANSFORM_SCHEMATIC_PROXY_REQUIRED_SEPARATELY,False,RL_24_39_01|RL_39_21_03|RL_21_09_02|RL_09_37_01,f4386303c6ece2455d663b5996e900edd4062358f58dcd2a4234273a45f8aaa2,658fb2e56867a50597e9a21899748d8171439deda852e7db4f3339a99f71dd3d,c58710f5ca3f5fe0bd6bbced65293e0b5548e882a816a3e0d3648166569a42e0
75,MESS06,STA10,STA06,TN_24,TN_41,2718.594897460938,2548.567169189453,2689.0061950683594,31.167810000000003,ORIGINAL_ABSTRACT_ROAD_SERVICE_ROUTE_NOT_NEW_PCC_GIS,4,4,600,79,4,True,40.70817373496235,1140.0,1099.2918262650376,660.0,439.29182626503757,True,True,1,PREREGISTERED_RESEARCH_DESIGN_NOT_FIELD,True,False,UNSELECTED_MAPPING_BOUND_SEPARATELY,UNVERIFIED,UNVERIFIED,COMMON_PROPER_TRANSFORM_SCHEMATIC_PROXY_REQUIRED_SEPARATELY,False,RL_24_39_01|RL_39_21_03|RL_21_09_02|RL_09_05_01|RL_05_41_01,f4386303c6ece2455d663b5996e900edd4062358f58dcd2a4234273a45f8aaa2,658fb2e56867a50597e9a21899748d8171439deda852e7db4f3339a99f71dd3d,c58710f5ca3f5fe0bd6bbced65293e0b5548e882a816a3e0d3648166569a42e0
75,MESS06,STA10,STA07,TN_24,TN_32,2256.2620880126956,2086.234359741211,2201.196487426758,25.28667,ORIGINAL_ABSTRACT_ROAD_SERVICE_ROUTE_NOT_NEW_PCC_GIS,3,4,600,79,3,True,42.37071479994605,1140.0,1097.629285200054,660.0,437.629285200054,True,True,1,PREREGISTERED_RESEARCH_DESIGN_NOT_FIELD,True,False,UNSELECTED_MAPPING_BOUND_SEPARATELY,UNVERIFIED,UNVERIFIED,COMMON_PROPER_TRANSFORM_SCHEMATIC_PROXY_REQUIRED_SEPARATELY,False,RL_24_39_01|RL_39_04_01|RL_04_20_01|RL_20_07_01|RL_07_32_01,f4386303c6ece2455d663b5996e900edd4062358f58dcd2a4234273a45f8aaa2,658fb2e56867a50597e9a21899748d8171439deda852e7db4f3339a99f71dd3d,c58710f5ca3f5fe0bd6bbced65293e0b5548e882a816a3e0d3648166569a42e0
75,MESS06,STA10,STA08,TN_24,TN_47,2515.757037353516,2345.7293090820312,2474.990921020508,27.34965,ORIGINAL_ABSTRACT_ROAD_SERVICE_ROUTE_NOT_NEW_PCC_GIS,3,4,600,79,3,True,44.54203226463568,1140.0,1095.4579677353643,660.0,435.45796773536426,True,True,1,PREREGISTERED_RESEARCH_DESIGN_NOT_FIELD,True,False,UNSELECTED_MAPPING_BOUND_SEPARATELY,UNVERIFIED,UNVERIFIED,COMMON_PROPER_TRANSFORM_SCHEMATIC_PROXY_REQUIRED_SEPARATELY,False,RL_24_39_01|RL_39_04_01|RL_04_20_01|RL_20_07_01|RL_07_47_01,f4386303c6ece2455d663b5996e900edd4062358f58dcd2a4234273a45f8aaa2,658fb2e56867a50597e9a21899748d8171439deda852e7db4f3339a99f71dd3d,c58710f5ca3f5fe0bd6bbced65293e0b5548e882a816a3e0d3648166569a42e0
75,MESS06,STA10,STA09,TN_24,TN_42,2618.3805114746096,2448.352783203125,2583.2694702148438,29.600020000000008,ORIGINAL_ABSTRACT_ROAD_SERVICE_ROUTE_NOT_NEW_PCC_GIS,3,4,600,79,3,True,44.091205109507996,1140.0,1095.9087948904921,660.0,435.9087948904921,True,True,1,PREREGISTERED_RESEARCH_DESIGN_NOT_FIELD,True,False,UNSELECTED_MAPPING_BOUND_SEPARATELY,UNVERIFIED,UNVERIFIED,COMMON_PROPER_TRANSFORM_SCHEMATIC_PROXY_REQUIRED_SEPARATELY,False,RL_24_11_01|RL_11_18_01|RL_18_42_01,f4386303c6ece2455d663b5996e900edd4062358f58dcd2a4234273a45f8aaa2,658fb2e56867a50597e9a21899748d8171439deda852e7db4f3339a99f71dd3d,c58710f5ca3f5fe0bd6bbced65293e0b5548e882a816a3e0d3648166569a42e0
75,MESS06,STA10,STA10,TN_24,TN_24,0.0,0.0,0.0,0.0,ORIGINAL_ABSTRACT_ROAD_SERVICE_ROUTE_NOT_NEW_PCC_GIS,0,0,600,75,1,True,0.0,1140.0,1140.0,660.0,480.0,True,True,1,PREREGISTERED_RESEARCH_DESIGN_NOT_FIELD,True,False,UNSELECTED_MAPPING_BOUND_SEPARATELY,UNVERIFIED,UNVERIFIED,COMMON_PROPER_TRANSFORM_SCHEMATIC_PROXY_REQUIRED_SEPARATELY,False,,f4386303c6ece2455d663b5996e900edd4062358f58dcd2a4234273a45f8aaa2,658fb2e56867a50597e9a21899748d8171439deda852e7db4f3339a99f71dd3d,c58710f5ca3f5fe0bd6bbced65293e0b5548e882a816a3e0d3648166569a42e0
75,MESS06,STA10,STA11,TN_24,TN_44,1593.9963562011721,1423.9686279296875,1502.4365310668945,18.85883,ORIGINAL_ABSTRACT_ROAD_SERVICE_ROUTE_NOT_NEW_PCC_GIS,2,3,600,78,3,True,26.1380947685031,1140.0,1113.8619052314968,660.0,453.86190523149685,True,True,1,PREREGISTERED_RESEARCH_DESIGN_NOT_FIELD,True,False,UNSELECTED_MAPPING_BOUND_SEPARATELY,UNVERIFIED,UNVERIFIED,COMMON_PROPER_TRANSFORM_SCHEMATIC_PROXY_REQUIRED_SEPARATELY,False,RL_24_11_01|RL_11_22_01|RL_22_44_01,f4386303c6ece2455d663b5996e900edd4062358f58dcd2a4234273a45f8aaa2,658fb2e56867a50597e9a21899748d8171439deda852e7db4f3339a99f71dd3d,c58710f5ca3f5fe0bd6bbced65293e0b5548e882a816a3e0d3648166569a42e0
75,MESS06,STA10,STA12,TN_24,TN_17,1405.2955505371096,1235.267822265625,1303.33740234375,16.96551000000002,ORIGINAL_ABSTRACT_ROAD_SERVICE_ROUTE_NOT_NEW_PCC_GIS,2,3,600,78,2,True,24.291096365945283,1140.0,1115.7089036340546,660.0,455.70890363405465,True,True,1,PREREGISTERED_RESEARCH_DESIGN_NOT_FIELD,True,False,UNSELECTED_MAPPING_BOUND_SEPARATELY,UNVERIFIED,UNVERIFIED,COMMON_PROPER_TRANSFORM_SCHEMATIC_PROXY_REQUIRED_SEPARATELY,False,RL_24_17_01,f4386303c6ece2455d663b5996e900edd4062358f58dcd2a4234273a45f8aaa2,658fb2e56867a50597e9a21899748d8171439deda852e7db4f3339a99f71dd3d,c58710f5ca3f5fe0bd6bbced65293e0b5548e882a816a3e0d3648166569a42e0
