UTC,wall_seconds,phase,PID,RSS,VMS,peak_wset,system_available,system_memory_percent,swap_used,process_page_faults
2026-10-07T15:09:49.668172+00:00,0.45104270000592805,BUILD,62704,453795840,437198848,564359168,16163041280,52.5,921878528,230870
2026-10-07T15:09:51.718305+00:00,2.50048109999625,BUILD,62704,784834560,778493952,914341888,15767293952,53.7,921796608,500034
2026-10-07T15:09:53.953993+00:00,4.736717499996303,BUILD,62704,1164722176,1171832832,1210281984,15408254976,54.7,921796608,685474
2026-10-07T15:09:55.969642+00:00,6.752044099994237,NATIVE_OPTIMIZE,62704,1221918720,1461424128,1341632512,15363780608,54.9,921796608,905115
2026-10-07T15:09:57.987122+00:00,8.77002190001076,NATIVE_OPTIMIZE,62704,1439100928,1491595264,1439100928,15148191744,55.5,921796608,959499
2026-10-07T15:09:59.996213+00:00,10.77934519998962,NATIVE_OPTIMIZE,62704,1456619520,1492451328,1584128000,14970122240,56.0,921796608,1007584
2026-10-07T15:10:02.012832+00:00,12.795100799994543,NATIVE_OPTIMIZE,62704,1469030400,1502023680,1588822016,15072350208,55.7,921796608,1055150
2026-10-07T15:10:04.023002+00:00,14.805888700007927,NATIVE_OPTIMIZE,62704,1584218112,1633239040,1588822016,14969200640,56.0,921796608,1132752
2026-10-07T15:10:06.034636+00:00,16.817692300013732,NATIVE_OPTIMIZE,62704,1579466752,1621585920,1588822016,14990610432,56.0,921796608,1165769
2026-10-07T15:10:08.042848+00:00,18.82574920001207,NATIVE_OPTIMIZE,62704,1627348992,1732857856,1627348992,14943363072,56.1,921796608,1252417
2026-10-07T15:10:10.048366+00:00,20.830701200000476,NATIVE_OPTIMIZE,62704,1480785920,1507794944,1730224128,15067299840,55.7,921796608,1396960
2026-10-07T15:10:12.062818+00:00,22.84581560001243,ROOT_SETUP,62704,1613176832,1743069184,1730224128,14993399808,56.0,921796608,1603347
2026-10-07T15:10:14.078519+00:00,24.861673200008227,ROOT_SETUP,62704,1912549376,2059751424,1915486208,14714085376,56.8,921796608,1738563
2026-10-07T15:10:16.082968+00:00,26.86577619999298,ROOT_SETUP,62704,1912549376,2059751424,1915486208,14681423872,56.9,921796608,1738563
2026-10-07T15:10:18.093353+00:00,28.876364399999147,ROOT_SETUP,62704,1912909824,2059206656,2093142016,14677377024,56.9,921796608,1830206
2026-10-07T15:10:20.107760+00:00,30.890689299994847,ROOT_SETUP,62704,1912958976,2059280384,2093142016,14680760320,56.9,921796608,1830220
2026-10-07T15:10:22.113663+00:00,32.89642209999147,ROOT_SETUP,62704,1842257920,1981562880,2093142016,14739644416,56.7,921796608,1964553
2026-10-07T15:10:24.120241+00:00,34.90286959998775,ROOT_BARRIER,62704,2061934592,2533052416,2108706816,14521901056,57.4,921796608,2324926
2026-10-07T15:10:26.124455+00:00,36.90680530000827,ROOT_BARRIER,62704,2273026048,2582155264,2556407808,14478270464,57.5,921997312,2767299
2026-10-07T15:10:28.131418+00:00,38.91422030000831,ROOT_BARRIER,62704,2277298176,2586226688,2556407808,14459940864,57.5,921997312,3048243
2026-10-07T15:10:30.148106+00:00,40.93118029998732,ROOT_BARRIER,62704,1750568960,2044473344,2558169088,14993293312,56.0,921997312,3258358
2026-10-07T15:10:32.154003+00:00,42.93668549999711,ROOT_BARRIER,62704,2291806208,2505826304,2558169088,14460874752,57.5,921997312,3392751
2026-10-07T15:10:34.168901+00:00,44.95183919998817,ROOT_BARRIER,62704,2336722944,2505977856,2558169088,14421389312,57.6,921997312,3404048
2026-10-07T15:10:36.181116+00:00,46.96395969999139,ROOT_BARRIER,62704,2336645120,2505977856,2558169088,14412390400,57.7,921997312,3404663
2026-10-07T15:10:38.189269+00:00,48.972063599998364,ROOT_BARRIER,62704,2336772096,2505977856,2558169088,14411157504,57.7,921997312,3405021
2026-10-07T15:10:40.197616+00:00,50.980203199986136,ROOT_BARRIER,62704,2336722944,2505977856,2558169088,14344658944,57.9,921997312,3405335
2026-10-07T15:10:42.202128+00:00,52.98499110000557,ROOT_BARRIER,62704,2336763904,2505977856,2558169088,14387146752,57.7,921997312,3405659
2026-10-07T15:10:44.211425+00:00,54.994403499993496,ROOT_BARRIER,62704,2336800768,2505977856,2558169088,14378487808,57.8,921997312,3405992
2026-10-07T15:10:46.220756+00:00,57.003473799995845,ROOT_BARRIER,62704,2335522816,2496421888,2558169088,14386216960,57.7,921997312,3406336
2026-10-07T15:10:48.234587+00:00,59.01731980001205,ROOT_BARRIER,62704,2335457280,2496307200,2558169088,14367850496,57.8,921997312,3406657
2026-10-07T15:10:50.252038+00:00,61.03455640000175,ROOT_BARRIER,62704,2335457280,2496307200,2558169088,14382075904,57.8,921997312,3406970
2026-10-07T15:10:52.258232+00:00,63.04122039998765,ROOT_BARRIER,62704,2335457280,2496307200,2558169088,14423064576,57.6,921997312,3407284
2026-10-07T15:10:54.262831+00:00,65.04516639999929,ROOT_BARRIER,62704,2335461376,2496307200,2558169088,14416896000,57.7,921997312,3407606
2026-10-07T15:10:56.267186+00:00,67.05003969999962,ROOT_BARRIER,62704,2336694272,2505863168,2558169088,14438084608,57.6,921997312,3408236
2026-10-07T15:10:58.273743+00:00,69.05662019999,ROOT_BARRIER,62704,2336677888,2505863168,2558169088,14434119680,57.6,921997312,3408554
2026-10-07T15:11:00.283061+00:00,71.06581150001148,ROOT_BARRIER,62704,2336710656,2505863168,2558169088,14389395456,57.7,921997312,3408880
2026-10-07T15:11:02.298780+00:00,73.08200890000444,ROOT_BARRIER,62704,2336706560,2505863168,2558169088,14123294720,58.5,921997312,3409205
2026-10-07T15:11:04.308688+00:00,75.0914586999861,ROOT_BARRIER,62704,2335461376,2496307200,2558169088,14074638336,58.7,921997312,3409221
2026-10-07T15:11:06.316603+00:00,77.09969900001306,ROOT_BARRIER,62704,2335461376,2496307200,2558169088,14071103488,58.7,921997312,3409540
2026-10-07T15:11:08.328433+00:00,79.11121100001037,ROOT_BARRIER,62704,2336731136,2505863168,2558169088,14000791552,58.9,921997312,3409855
2026-10-07T15:11:10.332462+00:00,81.1150040999928,ROOT_BARRIER,62704,2336706560,2505863168,2558169088,14056026112,58.7,921997312,3410180
2026-10-07T15:11:12.347525+00:00,83.13030650001019,ROOT_BARRIER,62704,2335461376,2496307200,2558169088,14037467136,58.8,921997312,3410538
2026-10-07T15:11:14.362557+00:00,85.14545949999592,ROOT_BARRIER,62704,2336710656,2505863168,2558169088,14035828736,58.8,921997312,3410848
2026-10-07T15:11:16.374014+00:00,87.15660519999801,ROOT_BARRIER,62704,2335461376,2496307200,2558169088,14019317760,58.8,921997312,3410864
2026-10-07T15:11:18.389798+00:00,89.17233520001173,ROOT_BARRIER,62704,2335461376,2496307200,2558169088,14014193664,58.8,921997312,3411189
2026-10-07T15:11:20.396083+00:00,91.17861329999869,ROOT_BARRIER,62704,2335461376,2496307200,2558169088,14008606720,58.9,921997312,3411514
2026-10-07T15:11:22.401137+00:00,93.18402179999975,ROOT_BARRIER,62704,2336526336,2505863168,2558169088,14549327872,57.3,921997312,3412092
2026-10-07T15:11:24.416098+00:00,95.19899740000255,ROOT_BARRIER,62704,2335461376,2496307200,2558169088,14327443456,57.9,921997312,3412140
2026-10-07T15:11:26.431077+00:00,97.21373789999052,ROOT_BARRIER,62704,2335461376,2496307200,2558169088,13974249472,59.0,921997312,3412470
2026-10-07T15:11:28.448306+00:00,99.2312549999915,ROOT_BARRIER,62704,2335469568,2496315392,2558169088,14070697984,58.7,921997312,3412790
2026-10-07T15:11:30.455374+00:00,101.23786240001209,ROOT_BARRIER,62704,2335469568,2496315392,2558169088,14073036800,58.7,921997312,3412790
2026-10-07T15:11:32.472173+00:00,103.25506930000847,ROOT_BARRIER,62704,2336067584,2505871360,2558169088,14073057280,58.7,921997312,3413264
2026-10-07T15:11:34.486444+00:00,105.26934619998792,ROOT_BARRIER,62704,2335469568,2496315392,2558169088,14088081408,58.6,921997312,3413441
2026-10-07T15:11:36.489563+00:00,107.2718554000021,ROOT_BARRIER,62704,2335469568,2496315392,2558169088,14094413824,58.6,921997312,3413783
2026-10-07T15:11:38.496894+00:00,109.27980519999983,ROOT_BARRIER,62704,2335469568,2496315392,2558169088,14096502784,58.6,921997312,3414105
2026-10-07T15:11:40.513692+00:00,111.29667030001292,ROOT_BARRIER,62704,2335469568,2496315392,2558169088,14100692992,58.6,921997312,3414427
2026-10-07T15:11:42.520716+00:00,113.30373509999481,ROOT_BARRIER,62704,2335469568,2496315392,2558169088,14102290432,58.6,921997312,3414740
2026-10-07T15:11:44.532206+00:00,115.3153147000121,ROOT_BARRIER,62704,2335469568,2496315392,2558169088,14101913600,58.6,921997312,3415074
2026-10-07T15:11:46.545652+00:00,117.32787599999574,ROOT_BARRIER,62704,2336690176,2505871360,2558169088,14102540288,58.6,921997312,3415377
2026-10-07T15:11:48.551662+00:00,119.3346651000029,ROOT_BARRIER,62704,2336722944,2505871360,2558169088,14117298176,58.5,921997312,3415704
2026-10-07T15:11:50.567605+00:00,121.35056059999624,ROOT_BARRIER,62704,2336755712,2505871360,2558169088,14100099072,58.6,921997312,3416038
2026-10-07T15:11:52.579585+00:00,123.3623663999897,ROOT_BARRIER,62704,2336727040,2505871360,2558169088,14062497792,58.7,921997312,3416365
2026-10-07T15:11:54.584554+00:00,125.36742090000189,ROOT_BARRIER,62704,2336706560,2505871360,2558169088,14115487744,58.5,921997312,3416687
2026-10-07T15:11:56.596411+00:00,127.37950619999901,ROOT_BARRIER,62704,2336727040,2505871360,2558169088,14106308608,58.6,921997312,3417014
2026-10-07T15:11:58.611504+00:00,129.39452619999065,ROOT_BARRIER,62704,2336694272,2505871360,2558169088,14121431040,58.5,921997312,3417333
2026-10-07T15:12:00.623586+00:00,131.4065879000118,ROOT_BARRIER,62704,2335473664,2496315392,2558169088,14117593088,58.5,921997312,3417666
2026-10-07T15:12:02.631789+00:00,133.41463489999296,ROOT_BARRIER,62704,2335449088,2496241664,2558169088,14085787648,58.6,921997312,3417999
2026-10-07T15:12:04.636534+00:00,135.41937990000588,ROOT_BARRIER,62704,2335449088,2496241664,2558169088,16183562240,52.5,921997312,3418330
2026-10-07T15:12:06.638964+00:00,137.42195739998715,ROOT_BARRIER,62704,2336739328,2505797632,2558169088,16213737472,52.4,921997312,3418974
2026-10-07T15:12:08.656134+00:00,139.43882509999094,ROOT_BARRIER,62704,2336669696,2505797632,2558169088,16203481088,52.4,921997312,3419293
2026-10-07T15:12:10.662145+00:00,141.4449583000096,ROOT_BARRIER,62704,2336645120,2505797632,2558169088,16093184000,52.7,921997312,3419606
2026-10-07T15:12:12.680302+00:00,143.46252979998826,ROOT_BARRIER,62704,2336681984,2505797632,2558169088,16212455424,52.4,921997312,3419928
2026-10-07T15:12:14.689268+00:00,145.47201170001063,ROOT_BARRIER,62704,2336694272,2505797632,2558169088,16219095040,52.4,921997312,3420253
2026-10-07T15:12:16.699797+00:00,147.48250089999055,ROOT_BARRIER,62704,2336690176,2505797632,2558169088,16114630656,52.7,921997312,3420577
2026-10-07T15:12:18.705153+00:00,149.48800419998588,ROOT_BARRIER,62704,2336702464,2505797632,2558169088,15773020160,53.7,921997312,3420904
2026-10-07T15:12:20.708786+00:00,151.49156799999764,ROOT_BARRIER,62704,2336665600,2505797632,2558169088,15846236160,53.5,921997312,3421222
2026-10-07T15:12:22.716962+00:00,153.49971080000978,ROOT_BARRIER,62704,2336698368,2505797632,2558169088,15801585664,53.6,921997312,3421548
2026-10-07T15:12:24.732835+00:00,155.51553589999094,CROSSOVER,62704,2116640768,2999713792,2558169088,16058003456,52.8,921997312,3544368
2026-10-07T15:12:26.747916+00:00,157.5301061999926,CROSSOVER,62704,2174930944,3018145792,2558169088,15904702464,53.3,921997312,3558667
2026-10-07T15:12:28.757930+00:00,159.5402378999861,CROSSOVER,62704,2179440640,3018145792,2558169088,15975452672,53.1,921997312,3559770
2026-10-07T15:12:30.770124+00:00,161.55295079998905,CROSSOVER,62704,2179493888,3018145792,2558169088,15904690176,53.3,921997312,3559783
2026-10-07T15:12:32.773576+00:00,163.55647050001426,CROSSOVER,62704,2185060352,3018145792,2558169088,15974875136,53.1,921997312,3561144
2026-10-07T15:12:34.785642+00:00,165.56859599999734,CROSSOVER,62704,2269302784,3018145792,2558169088,15859908608,53.4,921997312,3581746
2026-10-07T15:12:36.791397+00:00,167.57427469998947,CROSSOVER,62704,2306551808,3018145792,2558169088,15843237888,53.5,921997312,3590855
2026-10-07T15:12:38.805759+00:00,169.58871760001057,CROSSOVER,62704,2352029696,3018145792,2558169088,15823544320,53.5,921997312,3601978
2026-10-07T15:12:40.812511+00:00,171.59558829999878,CROSSOVER,62704,2375409664,3018145792,2558169088,15800688640,53.6,921997312,3607698
2026-10-07T15:12:42.827729+00:00,173.6106415000104,CROSSOVER,62704,2375729152,3018145792,2558169088,15611666432,54.1,921997312,3607776
2026-10-07T15:12:44.838174+00:00,175.6210759000096,CROSSOVER,62704,2376032256,3018145792,2558169088,15603113984,54.2,921997312,3607850
2026-10-07T15:12:46.841296+00:00,177.62419579998823,CROSSOVER,62704,2376101888,3018145792,2558169088,15572422656,54.3,921997312,3607867
2026-10-07T15:12:48.848865+00:00,179.63180540001485,CROSSOVER,62704,2376245248,3018145792,2558169088,15533690880,54.4,921997312,3607902
2026-10-07T15:12:50.857669+00:00,181.64059150000685,CROSSOVER,62704,2376339456,3018145792,2558169088,15481311232,54.5,921997312,3607925
2026-10-07T15:12:52.874457+00:00,183.65672550001182,CROSSOVER,62704,2376400896,3018145792,2558169088,15458152448,54.6,921997312,3607940
2026-10-07T15:12:54.889162+00:00,185.67207470000722,CROSSOVER,62704,2376429568,3018145792,2558169088,15375732736,54.8,921997312,3607947
2026-10-07T15:12:56.903461+00:00,187.68628640001407,CROSSOVER,62704,2376441856,3018145792,2558169088,15391617024,54.8,921997312,3607950
2026-10-07T15:12:58.917655+00:00,189.70038230001228,CROSSOVER,62704,2376474624,3018145792,2558169088,15335092224,55.0,921997312,3607958
2026-10-07T15:13:00.931491+00:00,191.71392209999613,CROSSOVER,62704,2376507392,3018145792,2558169088,15253053440,55.2,921997312,3607966
2026-10-07T15:13:02.940048+00:00,193.72289730000193,CROSSOVER,62704,2377162752,3018145792,2558169088,15196377088,55.4,921997312,3608126
2026-10-07T15:13:04.951169+00:00,195.7333832999866,CROSSOVER,62704,2579910656,3219402752,2579910656,14939246592,56.1,921997312,3661481
2026-10-07T15:13:06.954884+00:00,197.73763449999387,CROSSOVER,62704,2375725056,3017981952,2602344448,15503233024,54.5,921997312,3669479
2026-10-07T15:13:08.960943+00:00,199.74335599999176,CROSSOVER,62704,2378514432,3018141696,2602344448,15450279936,54.6,921997312,3670160
2026-10-07T15:13:10.973245+00:00,201.75609129999066,CROSSOVER,62704,2378514432,3018141696,2602344448,15138709504,55.5,921997312,3670160
2026-10-07T15:13:12.982949+00:00,203.76584109998657,CROSSOVER,62704,2378514432,3018141696,2602344448,15128674304,55.6,921997312,3670160
2026-10-07T15:13:14.990496+00:00,205.77345310000237,CROSSOVER,62704,2378514432,3018141696,2602344448,14994305024,56.0,921997312,3670160
2026-10-07T15:13:17.007672+00:00,207.7904811000044,CROSSOVER,62704,2378514432,3018141696,2602344448,15326269440,55.0,921997312,3670160
2026-10-07T15:13:19.011806+00:00,209.79424720001407,CROSSOVER,62704,2378575872,3018141696,2602344448,14488289280,57.4,921997312,3670175
2026-10-07T15:13:21.019889+00:00,211.80266650000704,CROSSOVER,62704,2378575872,3018141696,2602344448,14444273664,57.6,921997312,3670175
2026-10-07T15:13:23.023583+00:00,213.80649489999632,CROSSOVER,62704,2378579968,3018141696,2602344448,14479024128,57.5,921997312,3670176
2026-10-07T15:13:25.029063+00:00,215.8120040000067,CROSSOVER,62704,2378625024,3018141696,2602344448,14456356864,57.5,921997312,3670187
2026-10-07T15:13:27.039914+00:00,217.82285699999193,CROSSOVER,62704,2378706944,3018141696,2602344448,14406242304,57.7,921997312,3670207
2026-10-07T15:13:29.051816+00:00,219.83472089999123,CROSSOVER,62704,2378719232,3018141696,2602344448,13400276992,60.6,921997312,3670210
2026-10-07T15:13:31.062346+00:00,221.84461969998665,CROSSOVER,62704,2378719232,3018141696,2602344448,13969883136,59.0,921997312,3670210
2026-10-07T15:13:33.079912+00:00,223.86215999998967,CROSSOVER,62704,2378719232,3018141696,2602344448,13813768192,59.4,921997312,3670210
2026-10-07T15:13:35.097021+00:00,225.87983339998755,CROSSOVER,62704,2378719232,3018141696,2602344448,13735727104,59.7,921997312,3670210
2026-10-07T15:13:37.107789+00:00,227.890413599991,CROSSOVER,62704,2378719232,3018141696,2602344448,13665644544,59.9,921997312,3670210
2026-10-07T15:13:39.122773+00:00,229.90588820000994,CROSSOVER,62704,2378727424,3018141696,2602344448,13665746944,59.9,921997312,3670212
2026-10-07T15:13:41.141749+00:00,231.9242968999897,CROSSOVER,62704,2378727424,3018141696,2602344448,13666328576,59.9,921997312,3670212
2026-10-07T15:13:43.147394+00:00,233.93051810000907,CROSSOVER,62704,2378727424,3018141696,2602344448,13671964672,59.8,921997312,3670212
2026-10-07T15:13:45.156627+00:00,235.93972339999164,CROSSOVER,62704,2378792960,3018141696,2602344448,13665107968,59.9,921997312,3670228
2026-10-07T15:13:47.166719+00:00,237.94980490001035,CROSSOVER,62704,2399866880,3130392576,2602344448,13655101440,59.9,921997312,3679727
2026-10-07T15:13:49.180251+00:00,239.96330470000976,ROOT_MIP_PROCESSING,62704,1982316544,2884231168,2602344448,14079029248,58.7,921997312,3801884
2026-10-07T15:13:51.188254+00:00,241.97116769998684,ROOT_MIP_PROCESSING,62704,1913262080,2792411136,2602344448,14133067776,58.5,921997312,3919289
2026-10-07T15:13:53.203628+00:00,243.98647259999416,ROOT_MIP_PROCESSING,62704,1960861696,2844483584,2602344448,14091268096,58.6,921997312,3933863
2026-10-07T15:13:55.209213+00:00,245.99145249999128,ROOT_MIP_PROCESSING,62704,1961172992,2844483584,2602344448,14106730496,58.6,921997312,3933940
2026-10-07T15:13:57.223765+00:00,248.00672470001155,ROOT_MIP_PROCESSING,62704,1963966464,2844483584,2602344448,14092591104,58.6,921997312,3968628
2026-10-07T15:13:59.238137+00:00,250.02096049999818,ROOT_MIP_PROCESSING,62704,2106822656,3077255168,2602344448,13963878400,59.0,921997312,4310708
2026-10-07T15:14:01.245341+00:00,252.02815009999904,ROOT_MIP_PROCESSING,62704,2115342336,3077890048,2602344448,13908246528,59.2,921997312,4440800
2026-10-07T15:14:03.256403+00:00,254.03918429999612,ROOT_MIP_PROCESSING,62704,2115457024,3078025216,2602344448,13905301504,59.2,921997312,4440828
2026-10-07T15:14:05.262369+00:00,256.04542260000017,ROOT_MIP_PROCESSING,62704,2115588096,3078025216,2602344448,13916262400,59.1,921997312,4440860
2026-10-07T15:14:07.272173+00:00,258.05517740000505,ROOT_MIP_PROCESSING,62704,2115719168,3078025216,2602344448,13910339584,59.1,921997312,4440892
2026-10-07T15:14:09.283285+00:00,260.06628890000866,ROOT_MIP_PROCESSING,62704,2115784704,3078025216,2602344448,13909032960,59.2,921997312,4440908
2026-10-07T15:14:11.300058+00:00,262.08304840000346,ROOT_MIP_PROCESSING,62704,2115915776,3078025216,2602344448,13926649856,59.1,921997312,4440940
2026-10-07T15:14:13.313787+00:00,264.09652389999246,ROOT_MIP_PROCESSING,62704,2116046848,3078025216,2602344448,13923135488,59.1,921997312,4440972
2026-10-07T15:14:15.332304+00:00,266.1149415000109,ROOT_MIP_PROCESSING,62704,2116112384,3078025216,2602344448,13927931904,59.1,921997312,4440988
2026-10-07T15:14:17.343938+00:00,268.1268051000079,ROOT_MIP_PROCESSING,62704,2116177920,3078025216,2602344448,13896122368,59.2,921997312,4441004
2026-10-07T15:14:19.361427+00:00,270.144409200002,ROOT_MIP_PROCESSING,62704,1947230208,2841899008,2602344448,14067122176,58.7,921997312,4466066
2026-10-07T15:14:21.376433+00:00,272.1593426000036,ROOT_MIP_PROCESSING,62704,1947242496,2842259456,2602344448,13816680448,59.4,921997312,4466069
2026-10-07T15:14:23.387843+00:00,274.1707791000081,ROOT_MIP_PROCESSING,62704,1947246592,2842750976,2602344448,13795815424,59.5,921997312,4491442
2026-10-07T15:14:25.393615+00:00,276.1760958000086,ROOT_MIP_PROCESSING,62704,1947574272,2842595328,2602344448,13768220672,59.6,921997312,4495285
2026-10-07T15:14:27.410747+00:00,278.1930530999962,ROOT_MIP_PROCESSING,62704,1942941696,2887995392,2602344448,13772058624,59.6,921997312,4512776
2026-10-07T15:14:29.422594+00:00,280.20562289998634,ROOT_MIP_PROCESSING,62704,2026803200,2915971072,2602344448,13630078976,60.0,921997312,4559168
2026-10-07T15:14:31.426581+00:00,282.20969029999105,ROOT_MIP_PROCESSING,62704,2026803200,2915971072,2602344448,13697978368,59.8,921997312,4559168
2026-10-07T15:14:33.441526+00:00,284.22444749998976,ROOT_MIP_PROCESSING,62704,2026803200,2915971072,2602344448,13693333504,59.8,921997312,4559168
2026-10-07T15:14:35.460304+00:00,286.2424899000034,ROOT_MIP_PROCESSING,62704,2026803200,2915971072,2602344448,13699760128,59.8,921997312,4559168
2026-10-07T15:14:37.478298+00:00,288.26137140000355,ROOT_MIP_PROCESSING,62704,2026803200,2915971072,2602344448,13690302464,59.8,921997312,4559168
2026-10-07T15:14:39.490674+00:00,290.2737175000075,ROOT_MIP_PROCESSING,62704,2035453952,2915971072,2602344448,13666054144,59.9,921997312,4561526
2026-10-07T15:14:41.507616+00:00,292.289789500006,ROOT_MIP_PROCESSING,62704,1938731008,2805293056,2602344448,13764952064,59.6,921997312,4562196
2026-10-07T15:14:43.524351+00:00,294.3075787000125,ROOT_MIP_PROCESSING,62704,1938735104,2805293056,2602344448,13769396224,59.6,921997312,4562197
2026-10-07T15:14:45.539537+00:00,296.32250089998706,ROOT_MIP_PROCESSING,62704,1938735104,2805293056,2602344448,14723977216,56.8,921997312,4562197
2026-10-07T15:14:47.556650+00:00,298.3397397999943,ROOT_MIP_PROCESSING,62704,1938857984,2805366784,2602344448,14442754048,57.6,921997312,4562229
2026-10-07T15:14:49.567585+00:00,300.35048009999446,ROOT_MIP_PROCESSING,62704,1938857984,2805366784,2602344448,13930885120,59.1,921997312,4562229
2026-10-07T15:14:51.587067+00:00,302.3702028999978,ROOT_MIP_PROCESSING,62704,1938857984,2805366784,2602344448,13836922880,59.4,921997312,4562229
2026-10-07T15:14:53.596573+00:00,304.37971050001215,ROOT_MIP_PROCESSING,62704,2444300288,3375681536,2602344448,13340561408,60.8,921997312,4764189
2026-10-07T15:14:55.603994+00:00,306.3870106000104,ROOT_MIP_PROCESSING,62704,2664677376,3616104448,2732593152,13112205312,61.5,921997312,4941155
2026-10-07T15:14:57.623364+00:00,308.40577929999563,ROOT_MIP_PROCESSING,62704,2026749952,2909401088,2732593152,13762990080,59.6,921997312,5022613
2026-10-07T15:14:59.634913+00:00,310.41750139999203,ROOT_MIP_PROCESSING,62704,2026762240,2909614080,2732593152,13764489216,59.6,921997312,5022616
2026-10-07T15:15:01.650979+00:00,312.4331661000033,ROOT_MIP_PROCESSING,62704,2026762240,2909614080,2732593152,13700030464,59.8,921997312,5022616
2026-10-07T15:15:03.665962+00:00,314.44897329999367,ROOT_MIP_PROCESSING,62704,2026770432,2909614080,2732593152,13715206144,59.7,921997312,5022618
2026-10-07T15:15:05.682342+00:00,316.46542910000426,ROOT_MIP_PROCESSING,62704,2026774528,2909614080,2732593152,13712044032,59.7,921997312,5022619
2026-10-07T15:15:07.699791+00:00,318.4820868000097,ROOT_MIP_PROCESSING,62704,2026921984,2909614080,2732593152,13715533824,59.7,921997312,5022655
2026-10-07T15:15:09.706548+00:00,320.4887999999919,ROOT_MIP_PROCESSING,62704,2026930176,2909614080,2732593152,13716439040,59.7,921997312,5022657
2026-10-07T15:15:11.723611+00:00,322.50579900000594,ROOT_MIP_PROCESSING,62704,2026934272,2909614080,2732593152,13712142336,59.7,921997312,5022658
2026-10-07T15:15:13.736231+00:00,324.5192629999947,ROOT_MIP_PROCESSING,62704,2026934272,2909614080,2732593152,13721346048,59.7,921997312,5022658
2026-10-07T15:15:15.753135+00:00,326.53630669999984,ROOT_MIP_PROCESSING,62704,2026950656,2909614080,2732593152,13721452544,59.7,921997312,5022662
2026-10-07T15:15:17.757318+00:00,328.539989300014,ROOT_MIP_PROCESSING,62704,2026954752,2909614080,2732593152,13701177344,59.8,921997312,5022663
2026-10-07T15:15:19.762262+00:00,330.54484310001135,ROOT_MIP_PROCESSING,62704,2026954752,2909614080,2732593152,13701853184,59.8,921997312,5022663
2026-10-07T15:15:21.765529+00:00,332.5487194999878,ROOT_MIP_PROCESSING,62704,2026967040,2909618176,2732593152,13700603904,59.8,921997312,5022666
2026-10-07T15:15:23.781567+00:00,334.5646368000016,ROOT_MIP_PROCESSING,62704,2026971136,2909618176,2732593152,13702230016,59.8,921997312,5022667
2026-10-07T15:15:25.800246+00:00,336.583329599991,ROOT_MIP_PROCESSING,62704,2026979328,2909618176,2732593152,13711613952,59.7,921997312,5022669
2026-10-07T15:15:27.804865+00:00,338.58783020000556,ROOT_MIP_PROCESSING,62704,2026979328,2909618176,2732593152,13694689280,59.8,921997312,5022669
2026-10-07T15:15:29.809013+00:00,340.5916222000087,ROOT_MIP_PROCESSING,62704,2026983424,2909618176,2732593152,13625106432,60.0,921997312,5022670
2026-10-07T15:15:31.823441+00:00,342.606452100008,ROOT_MIP_PROCESSING,62704,2026991616,2909618176,2732593152,13731328000,59.7,921997312,5022672
2026-10-07T15:15:33.828447+00:00,344.61063929999364,ROOT_MIP_PROCESSING,62704,2026991616,2909618176,2732593152,13722996736,59.7,921997312,5022672
2026-10-07T15:15:35.838624+00:00,346.62158750000526,ROOT_MIP_PROCESSING,62704,1964670976,2930769920,2732593152,13822554112,59.4,921997312,5250689
2026-10-07T15:15:37.857163+00:00,348.6402967000031,ROOT_MIP_PROCESSING,62704,1982595072,2930769920,2732593152,15866081280,53.4,921997312,5255067
2026-10-07T15:15:39.868746+00:00,350.65169759999844,ROOT_MIP_PROCESSING,62704,2004242432,2930769920,2732593152,15854977024,53.4,921997312,5260362
2026-10-07T15:15:41.879768+00:00,352.66236200000276,ROOT_MIP_PROCESSING,62704,2005680128,2930769920,2732593152,15843495936,53.5,921997312,5260714
2026-10-07T15:15:43.895731+00:00,354.6786272999889,ROOT_MIP_PROCESSING,62704,2006761472,2930769920,2732593152,15741771776,53.8,921997312,5260978
2026-10-07T15:15:45.905216+00:00,356.68809800001327,ROOT_MIP_PROCESSING,62704,2006958080,2930769920,2732593152,15844257792,53.5,921997312,5261026
2026-10-07T15:15:47.918393+00:00,358.700662999996,ROOT_MIP_PROCESSING,62704,2007056384,2930769920,2732593152,15851290624,53.4,921997312,5261051
2026-10-07T15:15:49.937496+00:00,360.72030350001296,ROOT_MIP_PROCESSING,62704,2007162880,2930769920,2732593152,15837294592,53.5,921997312,5261077
2026-10-07T15:15:51.956322+00:00,362.7387676000071,ROOT_MIP_PROCESSING,62704,2007261184,2930769920,2732593152,15767154688,53.7,921997312,5261101
2026-10-07T15:15:53.967775+00:00,364.7506105999928,ROOT_MIP_PROCESSING,62704,2007404544,2930769920,2732593152,15799885824,53.6,921997312,5261136
2026-10-07T15:15:55.983673+00:00,366.7667337000021,ROOT_MIP_PROCESSING,62704,2007478272,2930769920,2732593152,15776612352,53.7,921997312,5261154
2026-10-07T15:15:58.001906+00:00,368.78479259999585,ROOT_MIP_PROCESSING,62704,2007584768,2930769920,2732593152,15837208576,53.5,921997312,5261180
2026-10-07T15:16:00.015015+00:00,370.7978771000053,ROOT_MIP_PROCESSING,62704,2007736320,2930769920,2732593152,15763423232,53.7,921997312,5261217
2026-10-07T15:16:02.025736+00:00,372.8086881999916,ROOT_MIP_PROCESSING,62704,2007777280,2930769920,2732593152,15773548544,53.7,921997312,5261227
2026-10-07T15:16:04.032182+00:00,374.8145466000133,ROOT_MIP_PROCESSING,62704,2007810048,2930769920,2732593152,15721279488,53.8,921997312,5261235
2026-10-07T15:16:06.037706+00:00,376.82058070000494,ROOT_MIP_PROCESSING,62704,2007842816,2930769920,2732593152,15775690752,53.7,921997312,5261243
2026-10-07T15:16:08.048296+00:00,378.83127560000867,ROOT_MIP_PROCESSING,62704,2007949312,2930769920,2732593152,15741292544,53.8,921997312,5261269
2026-10-07T15:16:10.065286+00:00,380.84825249999994,ROOT_MIP_PROCESSING,62704,2007990272,2930769920,2732593152,15725879296,53.8,921997312,5261279
2026-10-07T15:16:12.081460+00:00,382.86431080001057,ROOT_MIP_PROCESSING,62704,2008023040,2930769920,2732593152,15791521792,53.6,921997312,5261287
2026-10-07T15:16:14.088111+00:00,384.8706785000104,ROOT_MIP_PROCESSING,62704,2008068096,2930769920,2732593152,15822364672,53.5,921997312,5261298
2026-10-07T15:16:16.103985+00:00,386.8868422000087,ROOT_MIP_PROCESSING,62704,2008100864,2930769920,2732593152,15645437952,54.1,921997312,5261306
2026-10-07T15:16:18.113304+00:00,388.89559969998663,ROOT_MIP_PROCESSING,62704,2008125440,2930769920,2732593152,15613124608,54.1,921997312,5261312
2026-10-07T15:16:20.120142+00:00,390.90302900000825,ROOT_MIP_PROCESSING,62704,2008182784,2930769920,2732593152,15598546944,54.2,921997312,5261326
2026-10-07T15:16:22.127038+00:00,392.9093205000099,ROOT_MIP_PROCESSING,62704,2008330240,2930769920,2732593152,15567237120,54.3,921997312,5261362
2026-10-07T15:16:24.138888+00:00,394.9219149000128,ROOT_MIP_PROCESSING,62704,2008412160,2930769920,2732593152,15518212096,54.4,921997312,5261382
2026-10-07T15:16:26.152076+00:00,396.93424770000274,ROOT_MIP_PROCESSING,62704,2008514560,2930769920,2732593152,15498649600,54.5,921997312,5261407
2026-10-07T15:16:28.158423+00:00,398.9413152000052,ROOT_MIP_PROCESSING,62704,2008563712,2930769920,2732593152,15445405696,54.6,921997312,5261422
2026-10-07T15:16:30.170640+00:00,400.95374810000067,ROOT_MIP_PROCESSING,62704,2008489984,2930634752,2732593152,15337156608,55.0,921997312,5261428
2026-10-07T15:16:32.184578+00:00,402.9674689999956,ROOT_MIP_PROCESSING,62704,2008522752,2930634752,2732593152,15444615168,54.6,921997312,5261436
2026-10-07T15:16:34.202907+00:00,404.98603299999377,ROOT_MIP_PROCESSING,62704,2008551424,2930634752,2732593152,15408611328,54.7,921997312,5261443
2026-10-07T15:16:36.212385+00:00,406.99523259999114,ROOT_MIP_PROCESSING,62704,2008576000,2930634752,2732593152,15355449344,54.9,921997312,5261449
2026-10-07T15:16:38.227688+00:00,409.00985599998967,ROOT_MIP_PROCESSING,62704,2008592384,2930634752,2732593152,15273865216,55.1,921997312,5261453
2026-10-07T15:16:40.233568+00:00,411.01645130000543,ROOT_MIP_PROCESSING,62704,2008600576,2930667520,2732593152,15594942464,54.2,921997312,5261455
2026-10-07T15:16:42.245415+00:00,413.02824939999846,ROOT_MIP_PROCESSING,62704,2008633344,2930667520,2732593152,15566667776,54.3,921997312,5261463
2026-10-07T15:16:44.253406+00:00,415.03627770001185,ROOT_MIP_PROCESSING,62704,2008678400,2930667520,2732593152,15240085504,55.2,921997312,5261474
2026-10-07T15:16:46.257406+00:00,417.0404611999984,ROOT_MIP_PROCESSING,62704,2008678400,2930667520,2732593152,15229702144,55.3,921997312,5261474
2026-10-07T15:16:48.269082+00:00,419.05199509998783,ROOT_MIP_PROCESSING,62704,2008694784,2930667520,2732593152,15088951296,55.7,921997312,5261478
2026-10-07T15:16:50.285875+00:00,421.06874190000235,ROOT_MIP_PROCESSING,62704,2008727552,2930667520,2732593152,15742623744,53.8,921997312,5261486
2026-10-07T15:16:52.300231+00:00,423.0832367000112,ROOT_MIP_PROCESSING,62704,2008764416,2930667520,2732593152,14829731840,56.4,921997312,5261495
2026-10-07T15:16:54.317857+00:00,425.10066019999795,ROOT_MIP_PROCESSING,62704,2008768512,2930667520,2732593152,14744842240,56.7,921997312,5261496
2026-10-07T15:16:56.328325+00:00,427.1113361000025,ROOT_MIP_PROCESSING,62704,2008809472,2930667520,2732593152,14745354240,56.7,921997312,5261506
2026-10-07T15:16:58.345847+00:00,429.12868460000027,ROOT_MIP_PROCESSING,62704,2008809472,2930667520,2732593152,14752976896,56.7,921997312,5261506
2026-10-07T15:17:00.361200+00:00,431.14417799998773,ROOT_MIP_PROCESSING,62704,2008813568,2930667520,2732593152,14702862336,56.8,921997312,5261507
2026-10-07T15:17:02.371835+00:00,433.15469490000396,ROOT_MIP_PROCESSING,62704,2008821760,2930667520,2732593152,13984583680,58.9,923262976,5261509
2026-10-07T15:17:04.380498+00:00,435.16329679999035,ROOT_MIP_PROCESSING,62704,2008838144,2930667520,2732593152,14661345280,56.9,928731136,5261513
2026-10-07T15:17:06.386274+00:00,437.16920510001364,ROOT_MIP_PROCESSING,62704,2008842240,2930667520,2732593152,13936762880,59.1,928731136,5261514
2026-10-07T15:17:08.403123+00:00,439.18591880000895,ROOT_MIP_PROCESSING,62704,2008842240,2930667520,2732593152,14278410240,58.1,928731136,5261514
2026-10-07T15:17:10.422762+00:00,441.205095399986,ROOT_MIP_PROCESSING,62704,2008850432,2930667520,2732593152,14159667200,58.4,928731136,5261516
2026-10-07T15:17:12.427209+00:00,443.2096961000061,ROOT_MIP_PROCESSING,62704,2008850432,2930667520,2732593152,14182772736,58.3,928731136,5261516
2026-10-07T15:17:14.440395+00:00,445.22258830000646,ROOT_MIP_PROCESSING,62704,2008858624,2930667520,2732593152,14175686656,58.4,928731136,5261518
2026-10-07T15:17:16.448599+00:00,447.23108570001204,ROOT_MIP_PROCESSING,62704,2008870912,2930667520,2732593152,14171660288,58.4,928731136,5261521
2026-10-07T15:17:18.452523+00:00,449.23550989999785,ROOT_MIP_PROCESSING,62704,2008899584,2930667520,2732593152,14143770624,58.5,928731136,5261528
2026-10-07T15:17:20.464580+00:00,451.2470820999879,ROOT_MIP_PROCESSING,62704,2008899584,2930667520,2732593152,14150774784,58.4,928731136,5261528
2026-10-07T15:17:22.482828+00:00,453.2655287999951,ROOT_MIP_PROCESSING,62704,2008911872,2930667520,2732593152,14145970176,58.5,928731136,5261531
2026-10-07T15:17:24.496209+00:00,455.27839039999526,ROOT_MIP_PROCESSING,62704,2008915968,2930667520,2732593152,14100836352,58.6,928731136,5261532
2026-10-07T15:17:26.508268+00:00,457.2905805000046,ROOT_MIP_PROCESSING,62704,2008915968,2930667520,2732593152,14055694336,58.7,928731136,5261532
2026-10-07T15:17:28.516144+00:00,459.29884040000616,ROOT_MIP_PROCESSING,62704,2008920064,2930667520,2732593152,14075887616,58.7,928731136,5261533
2026-10-07T15:17:30.529304+00:00,461.31245299999136,ROOT_MIP_PROCESSING,62704,2008936448,2930667520,2732593152,14098276352,58.6,928731136,5261537
2026-10-07T15:17:32.542570+00:00,463.3249872000015,ROOT_MIP_PROCESSING,62704,2008936448,2930667520,2732593152,14085009408,58.6,928731136,5261537
2026-10-07T15:17:34.562369+00:00,465.34465959999943,ROOT_MIP_PROCESSING,62704,2008940544,2930667520,2732593152,14097620992,58.6,928731136,5261538
2026-10-07T15:17:36.583543+00:00,467.36648799999966,ROOT_MIP_PROCESSING,62704,2008944640,2930667520,2732593152,14129676288,58.5,928731136,5261539
2026-10-07T15:17:38.588601+00:00,469.3714617000078,ROOT_MIP_PROCESSING,62704,2008952832,2930667520,2732593152,14119120896,58.5,928731136,5261541
2026-10-07T15:17:40.607859+00:00,471.39011979999486,ROOT_MIP_PROCESSING,62704,2008952832,2930667520,2732593152,14116753408,58.5,928731136,5261541
2026-10-07T15:17:42.612730+00:00,473.3957938000094,ROOT_MIP_PROCESSING,62704,2008952832,2930667520,2732593152,14106423296,58.6,928731136,5261541
2026-10-07T15:17:44.629801+00:00,475.41236099999514,ROOT_MIP_PROCESSING,62704,2008965120,2930667520,2732593152,14102593536,58.6,928731136,5261544
2026-10-07T15:17:46.640111+00:00,477.42315839999355,ROOT_MIP_PROCESSING,62704,2008977408,2930667520,2732593152,14081085440,58.6,928731136,5261547
2026-10-07T15:17:48.647021+00:00,479.42967879999196,ROOT_MIP_PROCESSING,62704,2008989696,2930667520,2732593152,14079070208,58.7,928731136,5261550
2026-10-07T15:17:50.657952+00:00,481.4409028000082,ROOT_MIP_PROCESSING,62704,2008997888,2930667520,2732593152,14091956224,58.6,928731136,5261552
2026-10-07T15:17:52.671422+00:00,483.45439239998814,ROOT_MIP_PROCESSING,62704,2009006080,2930667520,2732593152,14100660224,58.6,928731136,5261554
2026-10-07T15:17:54.684907+00:00,485.46738799999,ROOT_MIP_PROCESSING,62704,2009010176,2930667520,2732593152,14124347392,58.5,928731136,5261555
2026-10-07T15:17:56.694001+00:00,487.4769401999947,ROOT_MIP_PROCESSING,62704,2009010176,2930667520,2732593152,14121594880,58.5,928731136,5261555
2026-10-07T15:17:58.702466+00:00,489.48489600000903,ROOT_MIP_PROCESSING,62704,2009022464,2930667520,2732593152,14109691904,58.6,928731136,5261558
2026-10-07T15:18:00.717929+00:00,491.50014270000975,ROOT_MIP_PROCESSING,62704,2009772032,2930667520,2732593152,14110482432,58.6,928731136,5261745
2026-10-07T15:18:02.729454+00:00,493.5117135999899,ROOT_MIP_PROCESSING,62704,2009780224,2930667520,2732593152,14074232832,58.7,928731136,5261747
2026-10-07T15:18:04.735902+00:00,495.5188721999875,ROOT_MIP_PROCESSING,62704,2009788416,2930667520,2732593152,14065926144,58.7,928731136,5261749
2026-10-07T15:18:06.745323+00:00,497.5283974999911,ROOT_MIP_PROCESSING,62704,2010591232,2930667520,2732593152,14065750016,58.7,928731136,5261946
2026-10-07T15:18:08.758130+00:00,499.54071490000933,ROOT_MIP_PROCESSING,62704,2010591232,2930667520,2732593152,14051979264,58.7,928731136,5261946
2026-10-07T15:18:10.774580+00:00,501.55762390000746,ROOT_MIP_PROCESSING,62704,2010591232,2930667520,2732593152,14041550848,58.8,928731136,5261946
2026-10-07T15:18:12.780052+00:00,503.56307110001217,ROOT_MIP_PROCESSING,62704,2010591232,2930667520,2732593152,14035795968,58.8,928731136,5261946
2026-10-07T15:18:14.785531+00:00,505.5685865000123,ROOT_MIP_PROCESSING,62704,2010595328,2930667520,2732593152,14039621632,58.8,928731136,5261947
2026-10-07T15:18:16.795746+00:00,507.57861359999515,ROOT_MIP_PROCESSING,62704,2010619904,2930667520,2732593152,14069743616,58.7,928731136,5261953
2026-10-07T15:18:18.804210+00:00,509.5871998000075,ROOT_MIP_PROCESSING,62704,2010624000,2930667520,2732593152,14054150144,58.7,928731136,5261954
2026-10-07T15:18:20.808647+00:00,511.5916567000095,ROOT_MIP_PROCESSING,62704,2010628096,2930667520,2732593152,14051475456,58.7,928731136,5261955
2026-10-07T15:18:22.820741+00:00,513.6036572000012,ROOT_MIP_PROCESSING,62704,2011348992,2930667520,2732593152,14052024320,58.7,928731136,5262131
2026-10-07T15:18:24.831040+00:00,515.6141170999908,ROOT_MIP_PROCESSING,62704,2011348992,2930667520,2732593152,14045626368,58.7,928731136,5262131
2026-10-07T15:18:26.837065+00:00,517.6200106999895,ROOT_MIP_PROCESSING,62704,2011365376,2930667520,2732593152,14054109184,58.7,928731136,5262135
2026-10-07T15:18:28.850960+00:00,519.6340480000072,ROOT_MIP_PROCESSING,62704,2011377664,2930667520,2732593152,14061711360,58.7,928731136,5262138
2026-10-07T15:18:30.866005+00:00,521.6487871000136,ROOT_MIP_PROCESSING,62704,2011389952,2930667520,2732593152,14057107456,58.7,928731136,5262141
2026-10-07T15:18:32.882976+00:00,523.6659667000058,ROOT_MIP_PROCESSING,62704,2011394048,2930667520,2732593152,14089461760,58.6,928731136,5262142
2026-10-07T15:18:34.901726+00:00,525.6848253000062,ROOT_MIP_PROCESSING,62704,2011394048,2930667520,2732593152,14105767936,58.6,928731136,5262142
2026-10-07T15:18:36.919139+00:00,527.7016357000102,ROOT_MIP_PROCESSING,62704,2011394048,2930667520,2732593152,14106939392,58.6,928731136,5262142
2026-10-07T15:18:38.929767+00:00,529.712683699996,ROOT_MIP_PROCESSING,62704,2011394048,2930667520,2732593152,14095204352,58.6,928731136,5262142
2026-10-07T15:18:40.942951+00:00,531.7253158999956,ROOT_MIP_PROCESSING,62704,2011402240,2930667520,2732593152,14085701632,58.6,928731136,5262144
2026-10-07T15:18:42.955372+00:00,533.7383463000006,ROOT_MIP_PROCESSING,62704,2011402240,2930667520,2732593152,14080798720,58.6,928731136,5262144
2026-10-07T15:18:44.964281+00:00,535.7473754000093,ROOT_MIP_PROCESSING,62704,2011406336,2930667520,2732593152,14083612672,58.6,928731136,5262145
2026-10-07T15:18:46.979222+00:00,537.762329899997,ROOT_MIP_PROCESSING,62704,2011418624,2930667520,2732593152,14047272960,58.7,928731136,5262148
2026-10-07T15:18:48.984573+00:00,539.7671241000062,ROOT_MIP_PROCESSING,62704,2011418624,2930667520,2732593152,14086565888,58.6,928731136,5262148
2026-10-07T15:18:50.999886+00:00,541.7824556000123,ROOT_MIP_PROCESSING,62704,2011426816,2930667520,2732593152,14076096512,58.7,928731136,5262150
2026-10-07T15:18:53.021246+00:00,543.8042270999867,ROOT_MIP_PROCESSING,62704,2011435008,2930667520,2732593152,14071910400,58.7,928731136,5262152
2026-10-07T15:18:55.037847+00:00,545.820704200014,ROOT_MIP_PROCESSING,62704,2011447296,2930667520,2732593152,14065971200,58.7,928731136,5262155
2026-10-07T15:18:57.054286+00:00,547.8367389999912,ROOT_MIP_PROCESSING,62704,2011455488,2930667520,2732593152,13939331072,59.1,928731136,5262157
2026-10-07T15:18:59.063326+00:00,549.846429199999,ROOT_MIP_PROCESSING,62704,2011480064,2930667520,2732593152,14096916480,58.6,928731136,5262163
2026-10-07T15:19:01.074233+00:00,551.8571079999965,ROOT_MIP_PROCESSING,62704,2011484160,2930667520,2732593152,14107459584,58.6,928731136,5262164
2026-10-07T15:19:03.083241+00:00,553.8655891999952,ROOT_MIP_PROCESSING,62704,2011484160,2930667520,2732593152,14075760640,58.7,928731136,5262164
2026-10-07T15:19:05.102179+00:00,555.8852787000069,ROOT_MIP_PROCESSING,62704,2011484160,2930667520,2732593152,14012289024,58.8,928731136,5262164
2026-10-07T15:19:07.117528+00:00,557.9001638999907,ROOT_MIP_PROCESSING,62704,2011488256,2930667520,2732593152,14095998976,58.6,928731136,5262165
2026-10-07T15:19:09.133284+00:00,559.9158221000107,ROOT_MIP_PROCESSING,62704,2011500544,2930667520,2732593152,14099849216,58.6,928731136,5262168
2026-10-07T15:19:11.152020+00:00,561.934792199987,ROOT_MIP_PROCESSING,62704,2011500544,2930667520,2732593152,14131474432,58.5,928731136,5262168
2026-10-07T15:19:13.161896+00:00,563.9447916999925,ROOT_MIP_PROCESSING,62704,2011508736,2930667520,2732593152,14116438016,58.5,928731136,5262170
2026-10-07T15:19:15.171656+00:00,565.954728200013,ROOT_MIP_PROCESSING,62704,2011508736,2930667520,2732593152,14116433920,58.5,928731136,5262170
2026-10-07T15:19:17.188008+00:00,567.9706264999986,ROOT_MIP_PROCESSING,62704,2011521024,2930667520,2732593152,14123610112,58.5,928731136,5262173
2026-10-07T15:19:19.203985+00:00,569.9870533999929,ROOT_MIP_PROCESSING,62704,2011525120,2930667520,2732593152,14122917888,58.5,928731136,5262174
2026-10-07T15:19:21.220396+00:00,572.0034542999929,ROOT_MIP_PROCESSING,62704,2011529216,2930667520,2732593152,14120689664,58.5,928731136,5262175
2026-10-07T15:19:23.236490+00:00,574.0188709000067,ROOT_MIP_PROCESSING,62704,2011529216,2930667520,2732593152,14121910272,58.5,928731136,5262175
2026-10-07T15:19:25.244642+00:00,576.0276964000077,ROOT_MIP_PROCESSING,62704,2011533312,2930667520,2732593152,14123196416,58.5,928731136,5262176
2026-10-07T15:19:27.256482+00:00,578.0388693000132,ROOT_MIP_PROCESSING,62704,2011533312,2930667520,2732593152,14129569792,58.5,928731136,5262176
2026-10-07T15:19:29.274139+00:00,580.0571135999926,ROOT_MIP_PROCESSING,62704,2011533312,2930667520,2732593152,14129106944,58.5,928731136,5262176
2026-10-07T15:19:31.279743+00:00,582.0628574000148,ROOT_MIP_PROCESSING,62704,2011533312,2930667520,2732593152,14126256128,58.5,928731136,5262176
2026-10-07T15:19:33.296116+00:00,584.0786044000124,ROOT_MIP_PROCESSING,62704,2011537408,2930667520,2732593152,14153564160,58.4,928731136,5262177
2026-10-07T15:19:35.304517+00:00,586.0875226999924,ROOT_MIP_PROCESSING,62704,2011545600,2930667520,2732593152,14156087296,58.4,928731136,5262179
2026-10-07T15:19:37.318831+00:00,588.101496999996,ROOT_MIP_PROCESSING,62704,2011553792,2930667520,2732593152,14155948032,58.4,928731136,5262181
2026-10-07T15:19:39.339691+00:00,590.1227137999958,ROOT_MIP_PROCESSING,62704,2011553792,2930667520,2732593152,14159056896,58.4,928731136,5262181
2026-10-07T15:19:41.357776+00:00,592.1408817000047,ROOT_MIP_PROCESSING,62704,2011553792,2930667520,2732593152,14119714816,58.5,928731136,5262181
2026-10-07T15:19:43.365720+00:00,594.1479275999882,ROOT_MIP_PROCESSING,62704,2011553792,2930667520,2732593152,13868421120,59.3,928731136,5262181
2026-10-07T15:19:45.378875+00:00,596.1619733000116,ROOT_MIP_PROCESSING,62704,2011553792,2930667520,2732593152,13861867520,59.3,928731136,5262181
2026-10-07T15:19:47.385737+00:00,598.1682443000027,ROOT_MIP_PROCESSING,62704,2011594752,2930741248,2732593152,13832171520,59.4,928731136,5262193
2026-10-07T15:19:49.403265+00:00,600.1854368000058,ROOT_MIP_PROCESSING,62704,2011594752,2930741248,2732593152,13817716736,59.4,928731136,5262193
2026-10-07T15:19:51.411770+00:00,602.1940684999863,ROOT_MIP_PROCESSING,62704,2011594752,2930741248,2732593152,13815218176,59.4,928731136,5262193
2026-10-07T15:19:53.418360+00:00,604.2006293000013,ROOT_MIP_PROCESSING,62704,2011602944,2930741248,2732593152,13814509568,59.4,928731136,5262195
2026-10-07T15:19:55.430903+00:00,606.2140201999864,ROOT_MIP_PROCESSING,62704,2011602944,2930741248,2732593152,13820563456,59.4,928731136,5262195
2026-10-07T15:19:57.438436+00:00,608.2210806999938,ROOT_MIP_PROCESSING,62704,2011602944,2930741248,2732593152,13753626624,59.6,928731136,5262195
2026-10-07T15:19:59.453960+00:00,610.237074100005,ROOT_MIP_PROCESSING,62704,2011611136,2930741248,2732593152,13843963904,59.3,928731136,5262197
2026-10-07T15:20:01.469365+00:00,612.2515999999887,ROOT_MIP_PROCESSING,62704,2011611136,2930741248,2732593152,13823148032,59.4,928731136,5262197
2026-10-07T15:20:03.488950+00:00,614.2719253000105,ROOT_MIP_PROCESSING,62704,2011623424,2930741248,2732593152,14331793408,57.9,928731136,5262200
2026-10-07T15:20:05.505797+00:00,616.288856500003,ROOT_MIP_PROCESSING,62704,2011623424,2930741248,2732593152,14456360960,57.5,928731136,5262200
2026-10-07T15:20:07.521029+00:00,618.3039241000079,ROOT_MIP_PROCESSING,62704,2011623424,2930741248,2732593152,14012862464,58.8,928731136,5262200
2026-10-07T15:20:09.540886+00:00,620.3232974999992,ROOT_MIP_PROCESSING,62704,2011643904,2930741248,2732593152,13825859584,59.4,928731136,5262205
2026-10-07T15:20:11.560212+00:00,622.3432815000124,ROOT_MIP_PROCESSING,62704,2011643904,2930741248,2732593152,13856747520,59.3,928731136,5262205
2026-10-07T15:20:13.570798+00:00,624.3538693999872,ROOT_MIP_PROCESSING,62704,2011643904,2930741248,2732593152,13867433984,59.3,928731136,5262205
2026-10-07T15:20:15.589455+00:00,626.3725764999981,ROOT_MIP_PROCESSING,62704,2011713536,2930741248,2732593152,13861064704,59.3,928731136,5262222
2026-10-07T15:20:17.610379+00:00,628.3931137000036,ROOT_MIP_PROCESSING,62704,2011713536,2930741248,2732593152,13844213760,59.3,928731136,5262222
2026-10-07T15:20:19.619082+00:00,630.4012475000054,ROOT_MIP_PROCESSING,62704,2011713536,2930741248,2732593152,13831741440,59.4,928731136,5262222
2026-10-07T15:20:21.628775+00:00,632.4118342000002,ROOT_MIP_PROCESSING,62704,2011734016,2930741248,2732593152,13764399104,59.6,877535232,5262227
2026-10-07T15:20:23.635035+00:00,634.4176869000075,ROOT_MIP_PROCESSING,62704,2011746304,2930741248,2732593152,13750947840,59.6,877535232,5262230
2026-10-07T15:20:25.655442+00:00,636.4385358,ROOT_MIP_PROCESSING,62704,2011758592,2930741248,2732593152,13801709568,59.5,877535232,5262233
2026-10-07T15:20:27.672371+00:00,638.4546285000106,ROOT_MIP_PROCESSING,62704,2011758592,2930741248,2732593152,13795901440,59.5,877535232,5262233
2026-10-07T15:20:29.688329+00:00,640.4705003999989,ROOT_MIP_PROCESSING,62704,2011758592,2930741248,2732593152,13799747584,59.5,877535232,5262233
2026-10-07T15:20:31.699879+00:00,642.4820570999873,ROOT_MIP_PROCESSING,62704,2011779072,2930741248,2732593152,13847445504,59.3,877535232,5262238
2026-10-07T15:20:33.706692+00:00,644.4891023999953,ROOT_MIP_PROCESSING,62704,2011779072,2930741248,2732593152,15936282624,53.2,877535232,5262238
2026-10-07T15:20:35.721470+00:00,646.5038916000049,ROOT_MIP_PROCESSING,62704,2011779072,2930741248,2732593152,15956307968,53.1,877535232,5262238
2026-10-07T15:20:37.730124+00:00,648.5131117000128,ROOT_MIP_PROCESSING,62704,2011779072,2930741248,2732593152,15934894080,53.2,877535232,5262238
2026-10-07T15:20:39.750465+00:00,650.5334258000075,ROOT_MIP_PROCESSING,62704,2011779072,2930741248,2732593152,15930748928,53.2,877535232,5262238
2026-10-07T15:20:41.760159+00:00,652.5427139000094,ROOT_MIP_PROCESSING,62704,2011783168,2930741248,2732593152,15825674240,53.5,877535232,5262239
2026-10-07T15:20:43.776877+00:00,654.5593647999922,ROOT_MIP_PROCESSING,62704,2011799552,2930741248,2732593152,15949471744,53.2,877535232,5262243
2026-10-07T15:20:45.796481+00:00,656.5795222999877,ROOT_MIP_PROCESSING,62704,2011820032,2930741248,2732593152,15952363520,53.1,877535232,5262248
2026-10-07T15:20:47.813799+00:00,658.5968790999905,ROOT_MIP_PROCESSING,62704,2011820032,2930741248,2732593152,15906934784,53.3,877535232,5262248
2026-10-07T15:20:49.823679+00:00,660.6067767000059,ROOT_MIP_PROCESSING,62704,2011828224,2930741248,2732593152,15909548032,53.3,877535232,5262250
2026-10-07T15:20:51.844409+00:00,662.6275618000072,ROOT_MIP_PROCESSING,62704,2011836416,2930741248,2732593152,15928004608,53.2,877535232,5262252
2026-10-07T15:20:53.865167+00:00,664.6474783000012,ROOT_MIP_PROCESSING,62704,2011836416,2930741248,2732593152,15919722496,53.2,877535232,5262252
2026-10-07T15:20:55.884838+00:00,666.6674102999968,ROOT_MIP_PROCESSING,62704,2011840512,2930741248,2732593152,15941677056,53.2,877535232,5262253
2026-10-07T15:20:57.905813+00:00,668.6888788999931,ROOT_MIP_PROCESSING,62704,2011799552,2930667520,2732593152,15924072448,53.2,877535232,5262253
2026-10-07T15:20:59.921077+00:00,670.7040904999885,ROOT_MIP_PROCESSING,62704,2011799552,2930667520,2732593152,15932940288,53.2,877535232,5262253
2026-10-07T15:21:01.932869+00:00,672.7159937999968,ROOT_MIP_PROCESSING,62704,2011799552,2930667520,2732593152,15879376896,53.4,877535232,5262253
2026-10-07T15:21:03.952154+00:00,674.7345367000089,ROOT_MIP_PROCESSING,62704,2011799552,2930667520,2732593152,15904206848,53.3,877535232,5262253
2026-10-07T15:21:05.966545+00:00,676.7487762999954,ROOT_MIP_PROCESSING,62704,2011807744,2930667520,2732593152,15906562048,53.3,877535232,5262255
2026-10-07T15:21:07.986539+00:00,678.7694899000053,ROOT_MIP_PROCESSING,62704,2011807744,2930667520,2732593152,15889522688,53.3,877535232,5262255
2026-10-07T15:21:09.994071+00:00,680.7770211999887,ROOT_MIP_PROCESSING,62704,2011807744,2930667520,2732593152,15886938112,53.3,877535232,5262255
2026-10-07T15:21:12.010522+00:00,682.7934956999961,ROOT_MIP_PROCESSING,62704,2011824128,2930667520,2732593152,15930544128,53.2,877535232,5262259
2026-10-07T15:21:14.020585+00:00,684.803058599995,ROOT_MIP_PROCESSING,62704,2011824128,2930667520,2732593152,15976173568,53.1,877535232,5262259
2026-10-07T15:21:16.033893+00:00,686.8163987000007,ROOT_MIP_PROCESSING,62704,2011824128,2930667520,2732593152,15977152512,53.1,877535232,5262259
2026-10-07T15:21:18.052257+00:00,688.8351368999865,ROOT_MIP_PROCESSING,62704,2011824128,2930667520,2732593152,15796092928,53.6,877535232,5262259
2026-10-07T15:21:20.067938+00:00,690.8508355999948,ROOT_MIP_PROCESSING,62704,2011828224,2930667520,2732593152,15786340352,53.6,877535232,5262260
2026-10-07T15:21:22.074909+00:00,692.8579481999914,ROOT_MIP_PROCESSING,62704,2011828224,2930667520,2732593152,15771209728,53.7,877535232,5262260
2026-10-07T15:21:24.084588+00:00,694.8676418999967,ROOT_MIP_PROCESSING,62704,2011828224,2930667520,2732593152,15727403008,53.8,877535232,5262260
2026-10-07T15:21:26.096923+00:00,696.8799430000072,ROOT_MIP_PROCESSING,62704,2011897856,2930667520,2732593152,15698604032,53.9,877535232,5262277
2026-10-07T15:21:28.113184+00:00,698.8962326000037,ROOT_MIP_PROCESSING,62704,2011906048,2930667520,2732593152,15656685568,54.0,877535232,5262279
2026-10-07T15:21:30.129782+00:00,700.9126808999863,ROOT_MIP_PROCESSING,62704,2011955200,2930667520,2732593152,15627370496,54.1,877535232,5262291
2026-10-07T15:21:32.139472+00:00,702.9220440000063,ROOT_MIP_PROCESSING,62704,2011955200,2930667520,2732593152,15583645696,54.2,877535232,5262291
2026-10-07T15:21:34.157214+00:00,704.9401027999993,ROOT_MIP_PROCESSING,62704,2011955200,2930667520,2732593152,15588966400,54.2,877535232,5262291
2026-10-07T15:21:36.172308+00:00,706.9552278000046,ROOT_MIP_PROCESSING,62704,2011971584,2930667520,2732593152,15564304384,54.3,877535232,5262295
2026-10-07T15:21:38.190033+00:00,708.9730365999858,ROOT_MIP_PROCESSING,62704,2011983872,2930667520,2732593152,15551254528,54.3,877535232,5262298
2026-10-07T15:21:40.207326+00:00,710.9902621000074,ROOT_MIP_PROCESSING,62704,2011983872,2930667520,2732593152,15521349632,54.4,877535232,5262298
2026-10-07T15:21:42.222140+00:00,713.0051001000102,ROOT_MIP_PROCESSING,62704,2012000256,2930667520,2732593152,15466807296,54.6,877535232,5262302
2026-10-07T15:21:44.243572+00:00,715.0261513000005,ROOT_MIP_PROCESSING,62704,2012008448,2930667520,2732593152,15214329856,55.3,877535232,5262304
2026-10-07T15:21:46.253312+00:00,717.0354719999887,ROOT_MIP_PROCESSING,62704,2012008448,2930667520,2732593152,15789940736,53.6,877535232,5262304
2026-10-07T15:21:48.259635+00:00,719.042062499997,ROOT_MIP_PROCESSING,62704,2012008448,2930667520,2732593152,15767629824,53.7,877535232,5262304
2026-10-07T15:21:50.273991+00:00,721.0569456999947,ROOT_MIP_PROCESSING,62704,2012012544,2930667520,2732593152,15429947392,54.7,877535232,5262305
2026-10-07T15:21:52.281472+00:00,723.064369300002,ROOT_MIP_PROCESSING,62704,2012012544,2930667520,2732593152,15401033728,54.8,877535232,5262305
2026-10-07T15:21:54.290913+00:00,725.0731853999896,ROOT_MIP_PROCESSING,62704,2012012544,2930667520,2732593152,15980175360,53.1,877535232,5262305
2026-10-07T15:21:56.307762+00:00,727.0907809000055,ROOT_MIP_PROCESSING,62704,2012012544,2930667520,2732593152,15867858944,53.4,877535232,5262305
2026-10-07T15:21:58.314291+00:00,729.0973802999943,ROOT_MIP_PROCESSING,62704,2012012544,2930667520,2732593152,15056240640,55.8,877535232,5262305
2026-10-07T15:22:00.330856+00:00,731.1138643999875,ROOT_MIP_PROCESSING,62704,2012016640,2930667520,2732593152,14990729216,56.0,877535232,5262306
2026-10-07T15:22:02.349824+00:00,733.1327034000133,ROOT_MIP_PROCESSING,62704,2012016640,2930667520,2732593152,14995582976,56.0,877535232,5262306
2026-10-07T15:22:04.357837+00:00,735.140888599999,ROOT_MIP_PROCESSING,62704,2012020736,2930667520,2732593152,14967017472,56.0,877535232,5262307
2026-10-07T15:22:06.373113+00:00,737.1560184000118,ROOT_MIP_PROCESSING,62704,2012024832,2930667520,2732593152,14968504320,56.0,877535232,5262308
2026-10-07T15:22:08.383503+00:00,739.1665918999934,ROOT_MIP_PROCESSING,62704,2012041216,2930667520,2732593152,17775730688,47.8,877535232,5262312
2026-10-07T15:22:10.399388+00:00,741.1822333000018,ROOT_MIP_PROCESSING,62704,2012057600,2930667520,2732593152,18923102208,44.4,877535232,5262316
2026-10-07T15:22:12.418196+00:00,743.20126110001,ROOT_MIP_PROCESSING,62704,2012057600,2930667520,2732593152,18906255360,44.5,877535232,5262316
2026-10-07T15:22:14.426823+00:00,745.2097743999911,ROOT_MIP_PROCESSING,62704,2012057600,2930667520,2732593152,18918432768,44.4,877535232,5262316
2026-10-07T15:22:16.445837+00:00,747.2286098999903,ROOT_MIP_PROCESSING,62704,2012057600,2930667520,2732593152,18922717184,44.4,877535232,5262316
2026-10-07T15:22:18.451458+00:00,749.234448800009,ROOT_MIP_PROCESSING,62704,2012057600,2930667520,2732593152,18919239680,44.4,877535232,5262316
2026-10-07T15:22:20.470567+00:00,751.2527593999985,ROOT_MIP_PROCESSING,62704,2012057600,2930667520,2732593152,18915819520,44.4,877535232,5262316
2026-10-07T15:22:22.489367+00:00,753.2723312999879,ROOT_MIP_PROCESSING,62704,2012069888,2930667520,2732593152,18921590784,44.4,877535232,5262319
2026-10-07T15:22:24.509244+00:00,755.2922662000055,ROOT_MIP_PROCESSING,62704,2012073984,2930667520,2732593152,18915954688,44.4,877535232,5262320
2026-10-07T15:22:26.516163+00:00,757.2990109999955,ROOT_MIP_PROCESSING,62704,2012078080,2930667520,2732593152,18922745856,44.4,877535232,5262321
2026-10-07T15:22:28.528447+00:00,759.3113500000036,ROOT_MIP_PROCESSING,62704,2012078080,2930667520,2732593152,18926555136,44.4,877535232,5262321
2026-10-07T15:22:30.546909+00:00,761.3297388000065,ROOT_MIP_PROCESSING,62704,2012094464,2930667520,2732593152,18923380736,44.4,877535232,5262325
2026-10-07T15:22:32.564337+00:00,763.347165299987,ROOT_MIP_PROCESSING,62704,2012094464,2930667520,2732593152,18945622016,44.4,877535232,5262325
2026-10-07T15:22:34.576034+00:00,765.3588965999952,ROOT_MIP_PROCESSING,62704,2012114944,2930667520,2732593152,18943934464,44.4,877535232,5262330
2026-10-07T15:22:36.589400+00:00,767.3722773999907,ROOT_MIP_PROCESSING,62704,2012114944,2930667520,2732593152,18940121088,44.4,877535232,5262330
2026-10-07T15:22:38.609181+00:00,769.3922543000081,ROOT_MIP_PROCESSING,62704,2012119040,2930667520,2732593152,18940964864,44.4,877535232,5262331
2026-10-07T15:22:40.621545+00:00,771.4043535999954,ROOT_MIP_PROCESSING,62704,2012131328,2930667520,2732593152,18937483264,44.4,877535232,5262334
2026-10-07T15:22:42.641192+00:00,773.4240355000074,ROOT_MIP_PROCESSING,62704,2012131328,2930667520,2732593152,18936946688,44.4,877535232,5262334
2026-10-07T15:22:44.648962+00:00,775.4318824000075,ROOT_MIP_PROCESSING,62704,2012160000,2930667520,2732593152,18937499648,44.4,877535232,5262341
2026-10-07T15:22:46.654741+00:00,777.4375697000069,ROOT_MIP_PROCESSING,62704,2012168192,2930667520,2732593152,18939822080,44.4,877535232,5262343
2026-10-07T15:22:48.663811+00:00,779.446687299991,ROOT_MIP_PROCESSING,62704,2012172288,2930667520,2732593152,18939248640,44.4,877535232,5262344
2026-10-07T15:22:50.678467+00:00,781.4612211000058,ROOT_MIP_PROCESSING,62704,2012176384,2930667520,2732593152,18934853632,44.4,877535232,5262345
2026-10-07T15:22:52.697087+00:00,783.4799845000089,ROOT_MIP_PROCESSING,62704,2012209152,2930667520,2732593152,18921422848,44.4,877535232,5262353
2026-10-07T15:22:54.711272+00:00,785.4941960000142,ROOT_MIP_PROCESSING,62704,2012209152,2930667520,2732593152,18874294272,44.6,877535232,5262353
2026-10-07T15:22:56.728960+00:00,787.5119496000116,ROOT_MIP_PROCESSING,62704,2012217344,2930667520,2732593152,18774593536,44.9,877535232,5262355
2026-10-07T15:22:58.734727+00:00,789.5175624999974,ROOT_MIP_PROCESSING,62704,2012221440,2930667520,2732593152,18422910976,45.9,877535232,5262356
2026-10-07T15:23:00.748522+00:00,791.5314691000094,ROOT_MIP_PROCESSING,62704,2012225536,2930667520,2732593152,18431447040,45.9,877535232,5262357
2026-10-07T15:23:02.761296+00:00,793.5441369999899,ROOT_MIP_PROCESSING,62704,2012225536,2930667520,2732593152,18397761536,46.0,877535232,5262357
2026-10-07T15:23:04.770823+00:00,795.5538755999878,ROOT_MIP_PROCESSING,62704,2012225536,2930667520,2732593152,18294681600,46.3,877535232,5262357
2026-10-07T15:23:06.786331+00:00,797.5691670000087,ROOT_MIP_PROCESSING,62704,2012225536,2930667520,2732593152,18420154368,45.9,877535232,5262357
2026-10-07T15:23:08.805594+00:00,799.5885896999971,ROOT_MIP_PROCESSING,62704,2012233728,2930667520,2732593152,18366177280,46.1,877535232,5262359
2026-10-07T15:23:10.823976+00:00,801.606869100011,ROOT_MIP_PROCESSING,62704,2012241920,2930667520,2732593152,17410813952,48.9,877535232,5262361
2026-10-07T15:23:12.837561+00:00,803.6199708000058,ROOT_MIP_PROCESSING,62704,2012250112,2930667520,2732593152,16795144192,50.7,877535232,5262363
2026-10-07T15:23:14.850451+00:00,805.633321900008,ROOT_MIP_PROCESSING,62704,2012250112,2930667520,2732593152,16763588608,50.8,877535232,5262363
2026-10-07T15:23:16.866818+00:00,807.6490572000039,ROOT_MIP_PROCESSING,62704,2012258304,2930667520,2732593152,16433430528,51.7,877535232,5262365
2026-10-07T15:23:18.882709+00:00,809.665633800003,ROOT_MIP_PROCESSING,62704,2012258304,2930667520,2732593152,16435699712,51.7,877535232,5262365
2026-10-07T15:23:20.897894+00:00,811.6800760999904,ROOT_MIP_PROCESSING,62704,2012258304,2930667520,2732593152,16509394944,51.5,877535232,5262365
2026-10-07T15:23:22.913216+00:00,813.6961135999882,ROOT_MIP_PROCESSING,62704,2012295168,2930667520,2732593152,16473280512,51.6,877535232,5262374
2026-10-07T15:23:24.919425+00:00,815.7017913000018,ROOT_MIP_PROCESSING,62704,2012303360,2930667520,2732593152,16166813696,52.5,877535232,5262376
2026-10-07T15:23:26.937385+00:00,817.7203747000021,ROOT_MIP_PROCESSING,62704,2012315648,2930667520,2732593152,16147742720,52.6,877535232,5262379
2026-10-07T15:23:28.951709+00:00,819.7347222999961,ROOT_MIP_PROCESSING,62704,2012315648,2930667520,2732593152,15963254784,53.1,877535232,5262379
2026-10-07T15:23:30.964744+00:00,821.74765450001,ROOT_MIP_PROCESSING,62704,2012319744,2930667520,2732593152,15981948928,53.1,877535232,5262380
2026-10-07T15:23:32.981577+00:00,823.7644949000096,ROOT_MIP_PROCESSING,62704,2012323840,2930667520,2732593152,16009457664,53.0,877535232,5262381
2026-10-07T15:23:34.992890+00:00,825.7750789000129,ROOT_MIP_PROCESSING,62704,2012336128,2930667520,2732593152,15881027584,53.4,877535232,5262384
2026-10-07T15:23:37.007251+00:00,827.7902717000106,ROOT_MIP_PROCESSING,62704,2012344320,2930667520,2732593152,16014667776,53.0,877535232,5262386
2026-10-07T15:23:39.023392+00:00,829.8064346000028,ROOT_MIP_PROCESSING,62704,2012348416,2930667520,2732593152,16015233024,53.0,877535232,5262387
2026-10-07T15:23:41.041448+00:00,831.8236091000144,ROOT_MIP_PROCESSING,62704,2012356608,2930667520,2732593152,15965519872,53.1,877535232,5262389
2026-10-07T15:23:43.048400+00:00,833.8315208000131,ROOT_MIP_PROCESSING,62704,2012368896,2930667520,2732593152,15956942848,53.1,877535232,5262392
2026-10-07T15:23:45.067881+00:00,835.8506934999896,ROOT_MIP_PROCESSING,62704,2012381184,2930667520,2732593152,15740489728,53.8,877535232,5262395
2026-10-07T15:23:47.085692+00:00,837.8678681000019,ROOT_MIP_PROCESSING,62704,2012389376,2930667520,2732593152,15715815424,53.8,877535232,5262397
2026-10-07T15:23:49.100789+00:00,839.8839085999934,ROOT_MIP_PROCESSING,62704,2012389376,2930667520,2732593152,15662125056,54.0,877535232,5262397
2026-10-07T15:23:51.118694+00:00,841.9014936999884,ROOT_MIP_PROCESSING,62704,2012389376,2930667520,2732593152,15581036544,54.2,877535232,5262397
2026-10-07T15:23:53.138495+00:00,843.9213809999928,ROOT_MIP_PROCESSING,62704,2012405760,2930667520,2732593152,15577403392,54.3,877535232,5262401
2026-10-07T15:23:55.153165+00:00,845.9360455000133,ROOT_MIP_PROCESSING,62704,2012413952,2930667520,2732593152,15549849600,54.3,877535232,5262403
2026-10-07T15:23:57.160561+00:00,847.9428679000121,ROOT_MIP_PROCESSING,62704,2012422144,2930667520,2732593152,15526014976,54.4,877535232,5262405
2026-10-07T15:23:59.178929+00:00,849.9617346999876,ROOT_MIP_PROCESSING,62704,2012422144,2930667520,2732593152,15463755776,54.6,877535232,5262405
2026-10-07T15:24:01.199108+00:00,851.9818626999913,ROOT_MIP_PROCESSING,62704,2012426240,2930667520,2732593152,15385055232,54.8,877535232,5262406
2026-10-07T15:24:03.213137+00:00,853.9959337000037,ROOT_MIP_PROCESSING,62704,2012426240,2930667520,2732593152,15388057600,54.8,877535232,5262406
2026-10-07T15:24:05.230557+00:00,856.0134194999991,ROOT_MIP_PROCESSING,62704,2012434432,2930667520,2732593152,15296118784,55.1,877535232,5262408
2026-10-07T15:24:07.249496+00:00,858.0326164000144,ROOT_MIP_PROCESSING,62704,2012454912,2930667520,2732593152,15652118528,54.0,877535232,5262413
2026-10-07T15:24:09.267735+00:00,860.0506227999867,ROOT_MIP_PROCESSING,62704,2012463104,2930667520,2732593152,15617564672,54.1,877535232,5262415
2026-10-07T15:24:11.277128+00:00,862.0601747999899,ROOT_MIP_PROCESSING,62704,2012463104,2930667520,2732593152,15289765888,55.1,877535232,5262415
2026-10-07T15:24:13.292819+00:00,864.0752633000084,ROOT_MIP_PROCESSING,62704,2012471296,2930667520,2732593152,15248244736,55.2,877535232,5262417
2026-10-07T15:24:15.312502+00:00,866.0954373000131,ROOT_MIP_PROCESSING,62704,2012471296,2930667520,2732593152,15593263104,54.2,877535232,5262417
2026-10-07T15:24:17.328892+00:00,868.1117302000057,ROOT_MIP_PROCESSING,62704,2012491776,2930667520,2732593152,15590080512,54.2,877535232,5262422
2026-10-07T15:24:19.348391+00:00,870.131197300012,ROOT_MIP_PROCESSING,62704,2012491776,2930667520,2732593152,15584899072,54.2,877535232,5262422
2026-10-07T15:24:21.358330+00:00,872.1410767000052,ROOT_MIP_PROCESSING,62704,2012491776,2930667520,2732593152,15547002880,54.3,877535232,5262422
2026-10-07T15:24:23.368684+00:00,874.1515558999963,ROOT_MIP_PROCESSING,62704,2012491776,2930667520,2732593152,15563517952,54.3,877535232,5262422
2026-10-07T15:24:25.380494+00:00,876.1634570999886,ROOT_MIP_PROCESSING,62704,2012491776,2930667520,2732593152,15564697600,54.3,877535232,5262422
2026-10-07T15:24:27.392744+00:00,878.1758422999992,ROOT_MIP_PROCESSING,62704,2012495872,2930667520,2732593152,15584296960,54.2,877535232,5262423
2026-10-07T15:24:29.401999+00:00,880.1848377000133,ROOT_MIP_PROCESSING,62704,2012495872,2930667520,2732593152,15624015872,54.1,877535232,5262423
2026-10-07T15:24:31.416255+00:00,882.1989959999919,ROOT_MIP_PROCESSING,62704,2012495872,2930667520,2732593152,15447498752,54.6,877535232,5262423
2026-10-07T15:24:33.425117+00:00,884.2081615999923,ROOT_MIP_PROCESSING,62704,2012512256,2930667520,2732593152,15459287040,54.6,877535232,5262427
2026-10-07T15:24:35.435497+00:00,886.2183932999906,ROOT_MIP_PROCESSING,62704,2012512256,2930667520,2732593152,15424323584,54.7,877535232,5262427
2026-10-07T15:24:37.448232+00:00,888.2306920000119,ROOT_MIP_PROCESSING,62704,2012512256,2930667520,2732593152,15385280512,54.8,877535232,5262427
2026-10-07T15:24:39.469422+00:00,890.2516016000009,ROOT_MIP_PROCESSING,62704,2012516352,2930667520,2732593152,15341060096,54.9,877535232,5262428
2026-10-07T15:24:41.476874+00:00,892.2597247000085,ROOT_MIP_PROCESSING,62704,2012516352,2930667520,2732593152,15295983616,55.1,877535232,5262428
2026-10-07T15:24:43.497032+00:00,894.2794141999912,ROOT_MIP_PROCESSING,62704,2012524544,2930667520,2732593152,15267045376,55.2,877535232,5262430
2026-10-07T15:24:45.505358+00:00,896.287836500007,ROOT_MIP_PROCESSING,62704,2012536832,2930667520,2732593152,15243776000,55.2,877535232,5262433
2026-10-07T15:24:47.525099+00:00,898.3081387999991,ROOT_MIP_PROCESSING,62704,2012536832,2930667520,2732593152,15207653376,55.3,877535232,5262433
2026-10-07T15:24:49.536344+00:00,900.3193499000045,ROOT_MIP_PROCESSING,62704,2012536832,2930667520,2732593152,15179657216,55.4,877535232,5262433
2026-10-07T15:24:51.552537+00:00,902.335196,ROOT_MIP_PROCESSING,62704,2012536832,2930667520,2732593152,15079034880,55.7,877535232,5262433
2026-10-07T15:24:53.558801+00:00,904.3419548000093,ROOT_MIP_PROCESSING,62704,2012536832,2930667520,2732593152,14848761856,56.4,877535232,5262433
2026-10-07T15:24:55.576162+00:00,906.3589416999894,ROOT_MIP_PROCESSING,62704,2012540928,2930667520,2732593152,15384121344,54.8,877535232,5262434
2026-10-07T15:24:57.592092+00:00,908.3742790000106,ROOT_MIP_PROCESSING,62704,2012540928,2930667520,2732593152,15112306688,55.6,877535232,5262434
2026-10-07T15:24:59.599437+00:00,910.3819405999966,ROOT_MIP_PROCESSING,62704,2012540928,2930667520,2732593152,15090003968,55.7,877535232,5262434
2026-10-07T15:25:01.615747+00:00,912.398726799991,ROOT_MIP_PROCESSING,62704,2012540928,2930667520,2732593152,14847504384,56.4,877535232,5262434
2026-10-07T15:25:03.622956+00:00,914.4058296000003,ROOT_MIP_PROCESSING,62704,2012540928,2930667520,2732593152,15557345280,54.3,877535232,5262434
2026-10-07T15:25:05.643732+00:00,916.4266397999891,ROOT_MIP_PROCESSING,62704,2012549120,2930667520,2732593152,15570464768,54.3,877535232,5262436
2026-10-07T15:25:07.653792+00:00,918.4359777999925,ROOT_MIP_PROCESSING,62704,2012561408,2930667520,2732593152,15274704896,55.1,877535232,5262439
2026-10-07T15:25:09.673057+00:00,920.4559282000118,ROOT_MIP_PROCESSING,62704,2012561408,2930667520,2732593152,15442255872,54.6,877535232,5262439
2026-10-07T15:25:11.681909+00:00,922.4647519999999,ROOT_MIP_PROCESSING,62704,2012561408,2930667520,2732593152,15556214784,54.3,877535232,5262439
2026-10-07T15:25:13.688080+00:00,924.4710267999908,ROOT_MIP_PROCESSING,62704,2012561408,2930667520,2732593152,15529238528,54.4,877535232,5262439
2026-10-07T15:25:15.705366+00:00,926.4876468000002,ROOT_MIP_PROCESSING,62704,2012573696,2930667520,2732593152,15616671744,54.1,877535232,5262442
2026-10-07T15:25:17.716741+00:00,928.499539100012,ROOT_MIP_PROCESSING,62704,2012573696,2930667520,2732593152,15429976064,54.7,877535232,5262442
2026-10-07T15:25:19.730717+00:00,930.513615600008,ROOT_MIP_PROCESSING,62704,2012573696,2930667520,2732593152,15410913280,54.7,877535232,5262442
2026-10-07T15:25:21.746566+00:00,932.5293892000045,ROOT_MIP_PROCESSING,62704,2012581888,2930667520,2732593152,15382908928,54.8,877535232,5262444
2026-10-07T15:25:23.754157+00:00,934.5370579999872,ROOT_MIP_PROCESSING,62704,2012581888,2930667520,2732593152,15330148352,55.0,877535232,5262444
2026-10-07T15:25:25.762769+00:00,936.5457197999931,ROOT_MIP_PROCESSING,62704,2012581888,2930667520,2732593152,15275216896,55.1,877535232,5262444
2026-10-07T15:25:27.782814+00:00,938.565529399988,ROOT_MIP_PROCESSING,62704,2012585984,2930667520,2732593152,15274004480,55.1,877535232,5262445
2026-10-07T15:25:29.794703+00:00,940.5775088999944,ROOT_MIP_PROCESSING,62704,2012590080,2930667520,2732593152,15229075456,55.3,877535232,5262446
2026-10-07T15:25:31.803635+00:00,942.5867588999972,ROOT_MIP_PROCESSING,62704,2012594176,2930667520,2732593152,15201898496,55.4,877535232,5262447
2026-10-07T15:25:33.821969+00:00,944.6048886000062,ROOT_MIP_PROCESSING,62704,2012594176,2930667520,2732593152,15189159936,55.4,877535232,5262447
2026-10-07T15:25:35.843191+00:00,946.626064000011,ROOT_MIP_PROCESSING,62704,2012598272,2930667520,2732593152,15157358592,55.5,877535232,5262448
2026-10-07T15:25:37.854406+00:00,948.6371819000051,ROOT_MIP_PROCESSING,62704,2012598272,2930667520,2732593152,15119011840,55.6,877535232,5262448
2026-10-07T15:25:39.867646+00:00,950.6505380999879,ROOT_MIP_PROCESSING,62704,2012602368,2930667520,2732593152,15040057344,55.8,877535232,5262449
2026-10-07T15:25:41.886316+00:00,952.6691038999998,ROOT_MIP_PROCESSING,62704,2012614656,2930667520,2732593152,15390253056,54.8,877535232,5262452
2026-10-07T15:25:43.903476+00:00,954.6863408999925,ROOT_MIP_PROCESSING,62704,2012614656,2930667520,2732593152,15362977792,54.9,877535232,5262452
2026-10-07T15:25:45.914242+00:00,956.697110899986,ROOT_MIP_PROCESSING,62704,2012614656,2930667520,2732593152,15045947392,55.8,877535232,5262452
2026-10-07T15:25:47.933228+00:00,958.7155568999879,ROOT_MIP_PROCESSING,62704,2012614656,2930667520,2732593152,15012626432,55.9,877535232,5262452
2026-10-07T15:25:49.953476+00:00,960.736241400009,ROOT_MIP_PROCESSING,62704,2012618752,2930667520,2732593152,15566295040,54.3,877535232,5262453
2026-10-07T15:25:51.972897+00:00,962.7557246999932,ROOT_MIP_PROCESSING,62704,2012618752,2930667520,2732593152,15594897408,54.2,877535232,5262453
2026-10-07T15:25:53.989096+00:00,964.7720161000034,ROOT_MIP_PROCESSING,62704,2012618752,2930667520,2732593152,15566315520,54.3,877535232,5262453
2026-10-07T15:25:56.004561+00:00,966.7874832999951,ROOT_MIP_PROCESSING,62704,2012618752,2930667520,2732593152,15586025472,54.2,877535232,5262453
2026-10-07T15:25:58.025470+00:00,968.808357700007,ROOT_MIP_PROCESSING,62704,2012618752,2930667520,2732593152,15582855168,54.2,877535232,5262453
2026-10-07T15:26:00.043827+00:00,970.826877799991,ROOT_MIP_PROCESSING,62704,2012618752,2930667520,2732593152,15578607616,54.2,877535232,5262453
2026-10-07T15:26:02.061985+00:00,972.8447959999903,ROOT_MIP_PROCESSING,62704,2013351936,2930667520,2732593152,15493124096,54.5,877535232,5262632
2026-10-07T15:26:04.084946+00:00,974.8679828000022,ROOT_MIP_PROCESSING,62704,2013351936,2930667520,2732593152,15869693952,53.4,877535232,5262632
2026-10-07T15:26:06.103220+00:00,976.8862175999966,ROOT_MIP_PROCESSING,62704,2013351936,2930667520,2732593152,18951618560,44.3,877535232,5262632
2026-10-07T15:26:08.114729+00:00,978.8976325000112,ROOT_MIP_PROCESSING,62704,2013351936,2930667520,2732593152,18945359872,44.4,877535232,5262632
2026-10-07T15:26:10.128424+00:00,980.911326100002,ROOT_MIP_PROCESSING,62704,2013380608,2930667520,2732593152,18951847936,44.3,877535232,5262640
2026-10-07T15:26:12.146212+00:00,982.9293523000088,ROOT_MIP_PROCESSING,62704,2013388800,2930667520,2732593152,18951049216,44.3,877535232,5262642
2026-10-07T15:26:14.160502+00:00,984.9433647000114,ROOT_MIP_PROCESSING,62704,2013392896,2930667520,2732593152,18914758656,44.4,877535232,5262643
2026-10-07T15:26:16.175976+00:00,986.9589056000113,ROOT_MIP_PROCESSING,62704,2013392896,2930667520,2732593152,18917404672,44.4,877535232,5262643
2026-10-07T15:26:18.183632+00:00,988.9664447999967,ROOT_MIP_PROCESSING,62704,2013401088,2930667520,2732593152,18941059072,44.4,877535232,5262645
2026-10-07T15:26:20.198010+00:00,990.9803319000057,ROOT_MIP_PROCESSING,62704,2013417472,2930667520,2732593152,18921586688,44.4,877535232,5262649
2026-10-07T15:26:22.218642+00:00,993.0016150999872,ROOT_MIP_PROCESSING,62704,2013421568,2930667520,2732593152,18922749952,44.4,877535232,5262650
2026-10-07T15:26:24.234885+00:00,995.0177988999931,ROOT_MIP_PROCESSING,62704,2013421568,2930667520,2732593152,18920017920,44.4,877535232,5262650
2026-10-07T15:26:26.255449+00:00,997.0383555000008,ROOT_MIP_PROCESSING,62704,2013425664,2930667520,2732593152,18900340736,44.5,877535232,5262651
2026-10-07T15:26:28.270579+00:00,999.0534515999898,ROOT_MIP_PROCESSING,62704,2013425664,2930667520,2732593152,18908631040,44.5,877535232,5262651
2026-10-07T15:26:30.282021+00:00,1001.0648670000082,ROOT_MIP_PROCESSING,62704,2013425664,2930667520,2732593152,18916941824,44.4,877535232,5262651
2026-10-07T15:26:32.296669+00:00,1003.0789844999963,ROOT_MIP_PROCESSING,62704,2013425664,2930667520,2732593152,18947534848,44.4,877535232,5262651
2026-10-07T15:26:34.302719+00:00,1005.0856940000085,ROOT_MIP_PROCESSING,62704,2013437952,2930667520,2732593152,18944643072,44.4,877535232,5262654
2026-10-07T15:26:36.312375+00:00,1007.0952195000136,ROOT_MIP_PROCESSING,62704,2013437952,2930667520,2732593152,18948546560,44.3,877535232,5262654
2026-10-07T15:26:38.318793+00:00,1009.1017388000037,ROOT_MIP_PROCESSING,62704,2013446144,2930667520,2732593152,18955608064,44.3,877535232,5262656
2026-10-07T15:26:40.339585+00:00,1011.1219067999918,ROOT_MIP_PROCESSING,62704,2013511680,2930667520,2732593152,18958098432,44.3,877535232,5262672
2026-10-07T15:26:42.357124+00:00,1013.1401962999953,ROOT_MIP_PROCESSING,62704,2013515776,2930667520,2732593152,18954932224,44.3,877535232,5262673
2026-10-07T15:26:44.375851+00:00,1015.158801499987,ROOT_MIP_PROCESSING,62704,2013515776,2930667520,2732593152,18820939776,44.7,877535232,5262673
2026-10-07T15:26:46.383045+00:00,1017.1653628000058,ROOT_MIP_PROCESSING,62704,2013523968,2930667520,2732593152,18864484352,44.6,877535232,5262675
2026-10-07T15:26:48.402789+00:00,1019.1856881999993,ROOT_MIP_PROCESSING,62704,2013528064,2930667520,2732593152,18823868416,44.7,877535232,5262676
2026-10-07T15:26:50.410437+00:00,1021.19270829999,ROOT_MIP_PROCESSING,62704,2013528064,2930667520,2732593152,18757509120,44.9,877535232,5262676
2026-10-07T15:26:52.418117+00:00,1023.2012325999967,ROOT_MIP_PROCESSING,62704,2013528064,2930667520,2732593152,18947215360,44.4,877535232,5262676
2026-10-07T15:26:54.429941+00:00,1025.212858999992,ROOT_MIP_PROCESSING,62704,2013528064,2930667520,2732593152,18944655360,44.4,877535232,5262676
2026-10-07T15:26:56.446961+00:00,1027.2297978000133,ROOT_MIP_PROCESSING,62704,2013495296,2930741248,2732593152,18818408448,44.7,877531136,5262691
2026-10-07T15:26:58.453993+00:00,1029.2370584000018,ROOT_MIP_PROCESSING,62704,2013495296,2930741248,2732593152,18780651520,44.8,877531136,5262691
2026-10-07T15:27:00.472366+00:00,1031.2553535999905,ROOT_MIP_PROCESSING,62704,2013495296,2930741248,2732593152,19269189632,43.4,877531136,5262691
2026-10-07T15:27:02.481159+00:00,1033.2633217000111,ROOT_MIP_PROCESSING,62704,2013495296,2930741248,2732593152,19185106944,43.7,877531136,5262691
2026-10-07T15:27:04.492788+00:00,1035.2758310000063,ROOT_MIP_PROCESSING,62704,2013495296,2930741248,2732593152,18674491392,45.2,877531136,5262691
2026-10-07T15:27:06.502769+00:00,1037.2858232000144,ROOT_MIP_PROCESSING,62704,2013495296,2930741248,2732593152,18578989056,45.4,877531136,5262691
2026-10-07T15:27:08.519489+00:00,1039.3023325999966,ROOT_MIP_PROCESSING,62704,2013495296,2930741248,2732593152,18691682304,45.1,877531136,5262691
2026-10-07T15:27:10.534471+00:00,1041.3174469000078,ROOT_MIP_PROCESSING,62704,2013499392,2930741248,2732593152,18686906368,45.1,877531136,5262692
2026-10-07T15:27:12.550046+00:00,1043.333100799995,ROOT_MIP_PROCESSING,62704,2013499392,2930741248,2732593152,18688032768,45.1,877531136,5262692
2026-10-07T15:27:14.570988+00:00,1045.3538403999992,ROOT_MIP_PROCESSING,62704,2013499392,2930741248,2732593152,18691469312,45.1,877531136,5262692
2026-10-07T15:27:16.579495+00:00,1047.3623312000127,ROOT_MIP_PROCESSING,62704,2013499392,2930741248,2732593152,18708668416,45.1,877531136,5262692
2026-10-07T15:27:18.591437+00:00,1049.3742289000074,ROOT_MIP_PROCESSING,62704,2013499392,2930741248,2732593152,18583138304,45.4,877531136,5262692
2026-10-07T15:27:20.611073+00:00,1051.3939840999956,ROOT_MIP_PROCESSING,62704,2013499392,2930741248,2732593152,18625228800,45.3,877531136,5262692
2026-10-07T15:27:22.619844+00:00,1053.4028073000081,ROOT_MIP_PROCESSING,62704,2013503488,2930741248,2732593152,18669961216,45.2,877531136,5262693
2026-10-07T15:27:24.628627+00:00,1055.4109233999916,ROOT_MIP_PROCESSING,62704,2013503488,2930741248,2732593152,18663743488,45.2,877531136,5262693
2026-10-07T15:27:26.647933+00:00,1057.4301402000128,ROOT_MIP_PROCESSING,62704,2013507584,2930741248,2732593152,18667925504,45.2,877531136,5262694
2026-10-07T15:27:28.657679+00:00,1059.4408377000073,ROOT_MIP_PROCESSING,62704,2013507584,2930741248,2732593152,18672406528,45.2,877531136,5262694
2026-10-07T15:27:30.679238+00:00,1061.4621621000115,ROOT_MIP_PROCESSING,62704,2013507584,2930741248,2732593152,18673631232,45.2,877531136,5262694
2026-10-07T15:27:32.687616+00:00,1063.4704097000067,ROOT_MIP_PROCESSING,62704,2013507584,2930741248,2732593152,18709028864,45.1,877531136,5262694
2026-10-07T15:27:34.702968+00:00,1065.485961600003,ROOT_MIP_PROCESSING,62704,2013507584,2930741248,2732593152,18704846848,45.1,877531136,5262694
2026-10-07T15:27:36.710755+00:00,1067.4936272999912,ROOT_MIP_PROCESSING,62704,2013507584,2930741248,2732593152,18707972096,45.1,877531136,5262694
2026-10-07T15:27:38.727120+00:00,1069.5101115000143,ROOT_MIP_PROCESSING,62704,2014363648,2930741248,2732593152,18720604160,45.0,877531136,5262908
2026-10-07T15:27:40.748706+00:00,1071.531744500011,ROOT_MIP_PROCESSING,62704,2014363648,2930741248,2732593152,18718765056,45.0,877531136,5262908
2026-10-07T15:27:42.767541+00:00,1073.5504848000128,ROOT_MIP_PROCESSING,62704,2014363648,2930741248,2732593152,18646683648,45.2,877531136,5262908
2026-10-07T15:27:44.790131+00:00,1075.5726447000052,ROOT_MIP_PROCESSING,62704,2014367744,2930741248,2732593152,18691891200,45.1,877531136,5262909
2026-10-07T15:27:46.818878+00:00,1077.6010715999873,ROOT_MIP_PROCESSING,62704,2014367744,2930741248,2732593152,18696355840,45.1,877531136,5262909
2026-10-07T15:27:48.835472+00:00,1079.6179911000072,ROOT_MIP_PROCESSING,62704,2014367744,2930741248,2732593152,18705682432,45.1,877531136,5262909
2026-10-07T15:27:50.861014+00:00,1081.6435267000052,ROOT_MIP_PROCESSING,62704,2014371840,2930741248,2732593152,18587942912,45.4,877531136,5262910
2026-10-07T15:27:52.886774+00:00,1083.669668699993,ROOT_MIP_PROCESSING,62704,2014380032,2930741248,2732593152,18528288768,45.6,877531136,5262912
2026-10-07T15:27:54.912678+00:00,1085.6957672999997,ROOT_MIP_PROCESSING,62704,2014388224,2930741248,2732593152,18613841920,45.3,877531136,5262914
2026-10-07T15:27:56.925057+00:00,1087.7076115999953,ROOT_MIP_PROCESSING,62704,2014388224,2930741248,2732593152,18691448832,45.1,877531136,5262914
2026-10-07T15:27:58.946404+00:00,1089.728955700004,ROOT_MIP_PROCESSING,62704,2014388224,2930741248,2732593152,18695221248,45.1,877531136,5262914
2026-10-07T15:28:00.966390+00:00,1091.7492642000143,ROOT_MIP_PROCESSING,62704,2014392320,2930741248,2732593152,18693484544,45.1,877531136,5262915
2026-10-07T15:28:02.979981+00:00,1093.7623839000007,ROOT_MIP_PROCESSING,62704,2014396416,2930741248,2732593152,18594041856,45.4,877531136,5262916
2026-10-07T15:28:05.000897+00:00,1095.7837732000044,ROOT_MIP_PROCESSING,62704,2014408704,2930741248,2732593152,18550390784,45.5,874864640,5262919
2026-10-07T15:28:07.016132+00:00,1097.7989981000137,ROOT_MIP_PROCESSING,62704,2014412800,2930741248,2732593152,18542538752,45.5,874864640,5262920
2026-10-07T15:28:09.029306+00:00,1099.8122547999956,ROOT_MIP_PROCESSING,62704,2014412800,2930741248,2732593152,18545803264,45.5,874864640,5262920
2026-10-07T15:28:11.049435+00:00,1101.8321633999876,ROOT_MIP_PROCESSING,62704,2014412800,2930741248,2732593152,18548670464,45.5,874864640,5262920
2026-10-07T15:28:13.076194+00:00,1103.858603200002,ROOT_MIP_PROCESSING,62704,2014416896,2930741248,2732593152,18545549312,45.5,874864640,5262921
2026-10-07T15:28:15.097160+00:00,1105.8796656999912,ROOT_MIP_PROCESSING,62704,2014416896,2930741248,2732593152,18551746560,45.5,873947136,5262921
2026-10-07T15:28:17.111074+00:00,1107.893621299998,ROOT_MIP_PROCESSING,62704,2014416896,2930741248,2732593152,18463866880,45.8,865325056,5262921
2026-10-07T15:28:19.130156+00:00,1109.9126832000038,ROOT_MIP_PROCESSING,62704,2014416896,2930741248,2732593152,18311544832,46.2,865325056,5262921
2026-10-07T15:28:21.145388+00:00,1111.9281038999907,ROOT_MIP_PROCESSING,62704,2014416896,2930741248,2732593152,18465779712,45.8,865325056,5262921
2026-10-07T15:28:23.166268+00:00,1113.9493236000126,ROOT_MIP_PROCESSING,62704,2014416896,2930741248,2732593152,18537115648,45.6,865325056,5262921
2026-10-07T15:28:25.185490+00:00,1115.9680724999926,ROOT_MIP_PROCESSING,62704,2014416896,2930741248,2732593152,18419597312,45.9,865325056,5262921
2026-10-07T15:28:27.198651+00:00,1117.9811260999995,ROOT_MIP_PROCESSING,62704,2014416896,2930741248,2732593152,18418487296,45.9,865325056,5262921
2026-10-07T15:28:29.217465+00:00,1120.0001954000036,ROOT_MIP_PROCESSING,62704,2014420992,2930741248,2732593152,18425110528,45.9,865325056,5262922
2026-10-07T15:28:31.241389+00:00,1122.0238947999896,ROOT_MIP_PROCESSING,62704,2014425088,2930741248,2732593152,18421698560,45.9,865325056,5262923
2026-10-07T15:28:33.266499+00:00,1124.0492666999926,ROOT_MIP_PROCESSING,62704,2014425088,2930741248,2732593152,18511806464,45.6,865325056,5262923
2026-10-07T15:28:35.282050+00:00,1126.0648144999868,ROOT_MIP_PROCESSING,62704,2014425088,2930741248,2732593152,18456309760,45.8,865325056,5262923
2026-10-07T15:28:37.297096+00:00,1128.0795120999974,ROOT_MIP_PROCESSING,62704,2014425088,2930741248,2732593152,18473283584,45.7,865325056,5262923
2026-10-07T15:28:39.312568+00:00,1130.0953590999998,ROOT_MIP_PROCESSING,62704,2014425088,2930741248,2732593152,18477248512,45.7,865325056,5262923
2026-10-07T15:28:41.330641+00:00,1132.11336019999,ROOT_MIP_PROCESSING,62704,2014425088,2930741248,2732593152,18479169536,45.7,865325056,5262923
2026-10-07T15:28:43.355694+00:00,1134.1384991999948,ROOT_MIP_PROCESSING,62704,2014466048,2930741248,2732593152,18478870528,45.7,865325056,5262933
2026-10-07T15:28:45.372372+00:00,1136.1549429000006,ROOT_MIP_PROCESSING,62704,2014502912,2930741248,2732593152,18491133952,45.7,865325056,5262942
2026-10-07T15:28:47.389900+00:00,1138.1721899000113,ROOT_MIP_PROCESSING,62704,2014461952,2930667520,2732593152,18483105792,45.7,865193984,5262942
2026-10-07T15:28:49.420378+00:00,1140.202820400009,ROOT_MIP_PROCESSING,62704,2014466048,2930667520,2732593152,18492436480,45.7,864931840,5262943
2026-10-07T15:28:51.438194+00:00,1142.2205987999914,ROOT_MIP_PROCESSING,62704,2014466048,2930667520,2732593152,18455269376,45.8,864931840,5262943
2026-10-07T15:28:53.458741+00:00,1144.241405800014,ROOT_MIP_PROCESSING,62704,2014466048,2930667520,2732593152,18403151872,46.0,864931840,5262943
2026-10-07T15:28:55.473955+00:00,1146.2563688000082,ROOT_MIP_PROCESSING,62704,2014466048,2930667520,2732593152,18334285824,46.2,864931840,5262943
2026-10-07T15:28:57.490166+00:00,1148.2725150999904,ROOT_MIP_PROCESSING,62704,2014466048,2930667520,2732593152,18345914368,46.1,864931840,5262943
2026-10-07T15:28:59.524783+00:00,1150.3069988999923,ROOT_MIP_PROCESSING,62704,2014466048,2930667520,2732593152,18332233728,46.2,864669696,5262943
2026-10-07T15:29:01.545093+00:00,1152.3274802000087,ROOT_MIP_PROCESSING,62704,2014466048,2930667520,2732593152,18349248512,46.1,864669696,5262943
2026-10-07T15:29:03.568826+00:00,1154.3515628000023,ROOT_MIP_PROCESSING,62704,2014466048,2930667520,2732593152,18316079104,46.2,864669696,5262943
2026-10-07T15:29:05.589768+00:00,1156.3726037000015,ROOT_MIP_PROCESSING,62704,2014466048,2930667520,2732593152,18331738112,46.2,864669696,5262943
2026-10-07T15:29:07.610615+00:00,1158.392960199999,ROOT_MIP_PROCESSING,62704,2014470144,2930667520,2732593152,18346127360,46.1,864669696,5262944
2026-10-07T15:29:09.638238+00:00,1160.4213066000084,ROOT_MIP_PROCESSING,62704,2014470144,2930667520,2732593152,18361917440,46.1,864669696,5262944
2026-10-07T15:29:11.652168+00:00,1162.4347957000136,ROOT_MIP_PROCESSING,62704,2014470144,2930667520,2732593152,18373931008,46.0,864669696,5262944
2026-10-07T15:29:13.675562+00:00,1164.4580773999915,ROOT_MIP_PROCESSING,62704,2014482432,2930667520,2732593152,18411655168,45.9,864669696,5262947
2026-10-07T15:29:15.699048+00:00,1166.481811900012,ROOT_MIP_PROCESSING,62704,2014482432,2930667520,2732593152,18365276160,46.1,864669696,5262947
2026-10-07T15:29:17.719416+00:00,1168.5022615999915,ROOT_MIP_PROCESSING,62704,2014482432,2930667520,2732593152,18241826816,46.4,864669696,5262947
2026-10-07T15:29:19.751661+00:00,1170.5346940000018,ROOT_MIP_PROCESSING,62704,2014482432,2930667520,2732593152,18199760896,46.5,864669696,5262947
2026-10-07T15:29:21.794243+00:00,1172.5770704000024,ROOT_MIP_PROCESSING,62704,2014486528,2930667520,2732593152,18187079680,46.6,864669696,5262948
2026-10-07T15:29:23.812289+00:00,1174.5948586000013,ROOT_MIP_PROCESSING,62704,2014486528,2930667520,2732593152,17862627328,47.5,851566592,5262948
2026-10-07T15:29:25.825365+00:00,1176.6082657999941,ROOT_MIP_PROCESSING,62704,2014486528,2930667520,2732593152,17829801984,47.6,851566592,5262948
2026-10-07T15:29:27.851876+00:00,1178.6343960000086,ROOT_MIP_PROCESSING,62704,2014486528,2930667520,2732593152,17872687104,47.5,851566592,5262948
2026-10-07T15:29:29.872316+00:00,1180.6550540000026,ROOT_MIP_PROCESSING,62704,2014486528,2930667520,2732593152,17896751104,47.4,851566592,5262948
2026-10-07T15:29:31.897621+00:00,1182.679976799991,ROOT_MIP_PROCESSING,62704,2014486528,2930667520,2732593152,17974964224,47.2,851566592,5262948
2026-10-07T15:29:33.920112+00:00,1184.7032251000055,ROOT_MIP_PROCESSING,62704,2014486528,2930667520,2732593152,18004127744,47.1,851566592,5262948
2026-10-07T15:29:35.934892+00:00,1186.717862999998,ROOT_MIP_PROCESSING,62704,2014494720,2930667520,2732593152,18008838144,47.1,851566592,5262950
2026-10-07T15:29:37.953010+00:00,1188.7354796,ROOT_MIP_PROCESSING,62704,2014498816,2930667520,2732593152,18007031808,47.1,851566592,5262951
2026-10-07T15:29:39.979714+00:00,1190.7622007000027,ROOT_MIP_PROCESSING,62704,2014498816,2930667520,2732593152,18009460736,47.1,851566592,5262951
2026-10-07T15:29:41.998591+00:00,1192.7810783000023,ROOT_MIP_PROCESSING,62704,2014498816,2930667520,2732593152,18023596032,47.1,851566592,5262951
2026-10-07T15:29:44.021996+00:00,1194.8045059000142,ROOT_MIP_PROCESSING,62704,2014498816,2930667520,2732593152,18006892544,47.1,851566592,5262951
2026-10-07T15:29:46.046245+00:00,1196.828874400002,ROOT_MIP_PROCESSING,62704,2014498816,2930667520,2732593152,17948606464,47.3,851566592,5262951
2026-10-07T15:29:48.074851+00:00,1198.8571025000128,ROOT_MIP_PROCESSING,62704,2014498816,2930667520,2732593152,17965023232,47.2,851566592,5262951
2026-10-07T15:29:50.097092+00:00,1200.8800540000084,ROOT_MIP_PROCESSING,62704,2014498816,2930667520,2732593152,17995759616,47.1,851566592,5262951
2026-10-07T15:29:52.119638+00:00,1202.9023085999943,ROOT_MIP_PROCESSING,62704,2014498816,2930667520,2732593152,18004201472,47.1,851566592,5262951
2026-10-07T15:29:54.146578+00:00,1204.9293946000107,ROOT_MIP_PROCESSING,62704,2014498816,2930667520,2732593152,18008223744,47.1,851566592,5262951
2026-10-07T15:29:56.160911+00:00,1206.9435501999978,ROOT_MIP_PROCESSING,62704,2014502912,2930667520,2732593152,18000998400,47.1,851566592,5262952
2026-10-07T15:29:58.180359+00:00,1208.963536700001,ROOT_MIP_PROCESSING,62704,2014507008,2930667520,2732593152,17994727424,47.2,851566592,5262953
2026-10-07T15:30:00.207128+00:00,1210.9899496000144,ROOT_MIP_PROCESSING,62704,2014507008,2930667520,2732593152,17960017920,47.3,851566592,5262953
2026-10-07T15:30:02.227009+00:00,1213.0096638000105,ROOT_MIP_PROCESSING,62704,2014515200,2930667520,2732593152,17913978880,47.4,851566592,5262955
2026-10-07T15:30:04.252771+00:00,1215.0356835999992,ROOT_MIP_PROCESSING,62704,2014519296,2930667520,2732593152,17958379520,47.3,851566592,5262956
2026-10-07T15:30:06.266512+00:00,1217.0493238999916,ROOT_MIP_PROCESSING,62704,2014519296,2930667520,2732593152,17980112896,47.2,851566592,5262956
2026-10-07T15:30:08.294209+00:00,1219.0769452000095,ROOT_MIP_PROCESSING,62704,2014519296,2930667520,2732593152,17891319808,47.5,851566592,5262956
2026-10-07T15:30:10.319234+00:00,1221.1020773999917,ROOT_MIP_PROCESSING,62704,2014519296,2930667520,2732593152,17904312320,47.4,851566592,5262956
2026-10-07T15:30:12.333299+00:00,1223.115710699989,ROOT_MIP_PROCESSING,62704,2014523392,2930667520,2732593152,17886543872,47.5,851566592,5262957
2026-10-07T15:30:14.354480+00:00,1225.1368673999968,ROOT_MIP_PROCESSING,62704,2014564352,2930667520,2732593152,17886392320,47.5,851566592,5262967
2026-10-07T15:30:16.378743+00:00,1227.1613768000097,ROOT_MIP_PROCESSING,62704,2014564352,2930667520,2732593152,17879396352,47.5,851566592,5262967
2026-10-07T15:30:18.400988+00:00,1229.183382599993,ROOT_MIP_PROCESSING,62704,2014564352,2930667520,2732593152,17872572416,47.5,851566592,5262967
2026-10-07T15:30:20.422125+00:00,1231.2047912999988,ROOT_MIP_PROCESSING,62704,2014564352,2930667520,2732593152,17890574336,47.5,851566592,5262967
2026-10-07T15:30:22.443296+00:00,1233.2258510999964,ROOT_MIP_PROCESSING,62704,2014564352,2930667520,2732593152,17851383808,47.6,851566592,5262967
2026-10-07T15:30:24.462459+00:00,1235.24505279999,ROOT_MIP_PROCESSING,62704,2014568448,2930667520,2732593152,17914830848,47.4,851566592,5262968
2026-10-07T15:30:26.482588+00:00,1237.2652625000046,ROOT_MIP_PROCESSING,62704,2014568448,2930667520,2732593152,17869537280,47.5,851566592,5262968
2026-10-07T15:30:28.499669+00:00,1239.282296999998,ROOT_MIP_PROCESSING,62704,2014568448,2930667520,2732593152,17974775808,47.2,851566592,5262968
2026-10-07T15:30:30.523938+00:00,1241.3065727000067,ROOT_MIP_PROCESSING,62704,2014572544,2930667520,2732593152,17967525888,47.2,851566592,5262969
2026-10-07T15:30:32.540448+00:00,1243.3229584000073,ROOT_MIP_PROCESSING,62704,2014572544,2930667520,2732593152,18048102400,47.0,851566592,5262969
2026-10-07T15:30:34.560521+00:00,1245.3431570999965,ROOT_MIP_PROCESSING,62704,2014572544,2930667520,2732593152,18026819584,47.1,851566592,5262969
2026-10-07T15:30:36.580675+00:00,1247.3628733000078,ROOT_MIP_PROCESSING,62704,2014572544,2930667520,2732593152,17893154816,47.4,851566592,5262969
2026-10-07T15:30:38.602302+00:00,1249.3844969999918,ROOT_MIP_PROCESSING,62704,2014572544,2930667520,2732593152,17992744960,47.2,851566592,5262969
2026-10-07T15:30:40.612959+00:00,1251.3954423000105,ROOT_MIP_PROCESSING,62704,2014572544,2930667520,2732593152,17850114048,47.6,851566592,5262969
2026-10-07T15:30:42.627492+00:00,1253.4096927999926,ROOT_MIP_PROCESSING,62704,2014572544,2930667520,2732593152,17862180864,47.5,851566592,5262969
2026-10-07T15:30:44.639778+00:00,1255.4228918000008,ROOT_MIP_PROCESSING,62704,2014572544,2930667520,2732593152,17870372864,47.5,851566592,5262969
2026-10-07T15:30:46.659124+00:00,1257.4421481000027,ROOT_MIP_PROCESSING,62704,2014572544,2930667520,2732593152,17849901056,47.6,851566592,5262969
2026-10-07T15:30:48.676744+00:00,1259.4596947999962,ROOT_MIP_PROCESSING,62704,2014572544,2930667520,2732593152,17867513856,47.5,851566592,5262969
2026-10-07T15:30:50.697025+00:00,1261.4800190000096,ROOT_MIP_PROCESSING,62704,2014580736,2930667520,2732593152,17884200960,47.5,851566592,5262971
2026-10-07T15:30:52.712448+00:00,1263.4946307000064,ROOT_MIP_PROCESSING,62704,2014580736,2930667520,2732593152,17848111104,47.6,851566592,5262971
2026-10-07T15:30:54.725422+00:00,1265.5077294000075,ROOT_MIP_PROCESSING,62704,2014580736,2930667520,2732593152,17811415040,47.7,851566592,5262971
2026-10-07T15:30:56.750910+00:00,1267.534017500002,ROOT_MIP_PROCESSING,62704,2014580736,2930667520,2732593152,17814773760,47.7,851566592,5262971
2026-10-07T15:30:58.761311+00:00,1269.5444065000047,ROOT_MIP_PROCESSING,62704,2014580736,2930667520,2732593152,17783869440,47.8,851566592,5262971
2026-10-07T15:31:00.785386+00:00,1271.567978200008,ROOT_MIP_PROCESSING,62704,2014580736,2930667520,2732593152,17749622784,47.9,851566592,5262971
2026-10-07T15:31:02.810078+00:00,1273.5926963000093,ROOT_MIP_PROCESSING,62704,2014580736,2930667520,2732593152,17684475904,48.1,851566592,5262971
2026-10-07T15:31:04.826675+00:00,1275.6097602999944,ROOT_MIP_PROCESSING,62704,2014584832,2930667520,2732593152,17715826688,48.0,851566592,5262972
2026-10-07T15:31:06.838736+00:00,1277.6217906000093,ROOT_MIP_PROCESSING,62704,2014593024,2930667520,2732593152,17719095296,48.0,851566592,5262974
2026-10-07T15:31:08.860398+00:00,1279.643472900003,ROOT_MIP_PROCESSING,62704,2014593024,2930667520,2732593152,17734651904,47.9,851566592,5262974
2026-10-07T15:31:10.879268+00:00,1281.6620649000106,ROOT_MIP_PROCESSING,62704,2014593024,2930667520,2732593152,17706233856,48.0,851566592,5262974
2026-10-07T15:31:12.898949+00:00,1283.6818095000053,ROOT_MIP_PROCESSING,62704,2014593024,2930667520,2732593152,17708654592,48.0,851566592,5262974
2026-10-07T15:31:14.920821+00:00,1285.7034907999914,ROOT_MIP_PROCESSING,62704,2014593024,2930667520,2732593152,17727471616,47.9,851566592,5262974
2026-10-07T15:31:16.940278+00:00,1287.7231983999955,ROOT_MIP_PROCESSING,62704,2014593024,2930667520,2732593152,17706586112,48.0,851566592,5262974
2026-10-07T15:31:18.964765+00:00,1289.7469788999879,ROOT_MIP_PROCESSING,62704,2014593024,2930667520,2732593152,17685659648,48.1,851566592,5262974
2026-10-07T15:31:20.974764+00:00,1291.7572377999895,ROOT_MIP_PROCESSING,62704,2014593024,2930667520,2732593152,17672282112,48.1,851566592,5262974
2026-10-07T15:31:22.992459+00:00,1293.775520700001,ROOT_MIP_PROCESSING,62704,2014593024,2930667520,2732593152,17702473728,48.0,851566592,5262974
2026-10-07T15:31:25.016317+00:00,1295.7987245999975,ROOT_MIP_PROCESSING,62704,2014593024,2930667520,2732593152,17695637504,48.0,851566592,5262974
2026-10-07T15:31:27.032620+00:00,1297.8157506000134,ROOT_MIP_PROCESSING,62704,2014593024,2930667520,2732593152,17705979904,48.0,851566592,5262974
2026-10-07T15:31:29.055710+00:00,1299.8386744000018,ROOT_MIP_PROCESSING,62704,2014593024,2930667520,2732593152,17708863488,48.0,851566592,5262974
2026-10-07T15:31:31.068724+00:00,1301.8516107999894,ROOT_MIP_PROCESSING,62704,2014593024,2930667520,2732593152,17700929536,48.0,851566592,5262974
2026-10-07T15:31:33.087792+00:00,1303.8706526999886,ROOT_MIP_PROCESSING,62704,2014593024,2930667520,2732593152,17725313024,47.9,851566592,5262974
2026-10-07T15:31:35.104225+00:00,1305.8871284000052,ROOT_MIP_PROCESSING,62704,2014597120,2930667520,2732593152,17727279104,47.9,851566592,5262975
2026-10-07T15:31:37.119256+00:00,1307.9021068000002,ROOT_MIP_PROCESSING,62704,2014601216,2930667520,2732593152,17699225600,48.0,851566592,5262976
2026-10-07T15:31:39.137409+00:00,1309.9203467000043,ROOT_MIP_PROCESSING,62704,2014601216,2930667520,2732593152,17722720256,47.9,851566592,5262976
2026-10-07T15:31:41.148337+00:00,1311.9314147999976,ROOT_MIP_PROCESSING,62704,2014605312,2930667520,2732593152,17736310784,47.9,851566592,5262977
2026-10-07T15:31:43.159951+00:00,1313.9430355000077,ROOT_MIP_PROCESSING,62704,2014605312,2930667520,2732593152,17727361024,47.9,851566592,5262977
2026-10-07T15:31:45.168663+00:00,1315.9513831000077,ROOT_MIP_PROCESSING,62704,2014605312,2930667520,2732593152,17713147904,48.0,851566592,5262977
2026-10-07T15:31:47.183155+00:00,1317.9662841999962,ROOT_MIP_PROCESSING,62704,2014605312,2930667520,2732593152,17714561024,48.0,851566592,5262977
2026-10-07T15:31:49.199632+00:00,1319.9825463999878,ROOT_MIP_PROCESSING,62704,2014605312,2930667520,2732593152,17709199360,48.0,851566592,5262977
2026-10-07T15:31:51.211273+00:00,1321.9941656999872,ROOT_MIP_PROCESSING,62704,2014605312,2930667520,2732593152,17704513536,48.0,851566592,5262977
2026-10-07T15:31:53.232013+00:00,1324.0148610000033,ROOT_MIP_PROCESSING,62704,2014605312,2930667520,2732593152,17702567936,48.0,851566592,5262977
2026-10-07T15:31:55.245143+00:00,1326.0281265999947,ROOT_MIP_PROCESSING,62704,2014605312,2930667520,2732593152,17704431616,48.0,851566592,5262977
2026-10-07T15:31:57.258679+00:00,1328.0415697999997,ROOT_MIP_PROCESSING,62704,2014605312,2930667520,2732593152,17719169024,48.0,851566592,5262977
2026-10-07T15:31:59.266919+00:00,1330.0492941999983,ROOT_MIP_PROCESSING,62704,2014605312,2930667520,2732593152,17720893440,48.0,851566592,5262977
2026-10-07T15:32:01.283017+00:00,1332.0658121999877,ROOT_MIP_PROCESSING,62704,2014613504,2930667520,2732593152,17730834432,47.9,851566592,5262979
2026-10-07T15:32:03.303191+00:00,1334.0861303000129,ROOT_MIP_PROCESSING,62704,2014621696,2930667520,2732593152,17697009664,48.0,851566592,5262981
2026-10-07T15:32:05.318569+00:00,1336.1016409999866,ROOT_MIP_PROCESSING,62704,2014629888,2930667520,2732593152,17693253632,48.0,851566592,5262983
2026-10-07T15:32:07.339544+00:00,1338.1217139000073,ROOT_MIP_PROCESSING,62704,2014629888,2930667520,2732593152,17689006080,48.0,851566592,5262983
2026-10-07T15:32:09.356949+00:00,1340.1399626999919,ROOT_MIP_PROCESSING,62704,2014629888,2930667520,2732593152,17702756352,48.0,851566592,5262983
2026-10-07T15:32:11.366276+00:00,1342.1490951000014,ROOT_MIP_PROCESSING,62704,2014629888,2930667520,2732593152,17602224128,48.3,851566592,5262983
2026-10-07T15:32:13.380926+00:00,1344.1639237999916,ROOT_MIP_PROCESSING,62704,2014629888,2930667520,2732593152,17685995520,48.1,851566592,5262983
2026-10-07T15:32:15.400940+00:00,1346.1837670000095,ROOT_MIP_PROCESSING,62704,2014633984,2930667520,2732593152,17679396864,48.1,851566592,5262984
2026-10-07T15:32:17.410029+00:00,1348.1927399999986,ROOT_MIP_PROCESSING,62704,2014633984,2930667520,2732593152,17657569280,48.1,851566592,5262984
2026-10-07T15:32:19.424877+00:00,1350.207842200005,ROOT_MIP_PROCESSING,62704,2014638080,2930667520,2732593152,17638924288,48.2,851566592,5262985
2026-10-07T15:32:21.440033+00:00,1352.2227506999916,ROOT_MIP_PROCESSING,62704,2014638080,2930667520,2732593152,17657688064,48.1,851566592,5262985
2026-10-07T15:32:23.454517+00:00,1354.2374322999967,ROOT_MIP_PROCESSING,62704,2014642176,2930667520,2732593152,17659949056,48.1,851566592,5262986
2026-10-07T15:32:25.469460+00:00,1356.2524368999875,ROOT_MIP_PROCESSING,62704,2014642176,2930667520,2732593152,17653911552,48.2,851566592,5262986
2026-10-07T15:32:27.484855+00:00,1358.2678336999961,ROOT_MIP_PROCESSING,62704,2014642176,2930667520,2732593152,17645035520,48.2,851566592,5262986
2026-10-07T15:32:29.502290+00:00,1360.2853385999915,ROOT_MIP_PROCESSING,62704,2014642176,2930667520,2732593152,17655115776,48.1,851566592,5262986
2026-10-07T15:32:31.518922+00:00,1362.3018746000016,ROOT_MIP_PROCESSING,62704,2014646272,2930667520,2732593152,17634119680,48.2,851566592,5262987
2026-10-07T15:32:33.535587+00:00,1364.3184553000028,ROOT_MIP_PROCESSING,62704,2014650368,2930667520,2732593152,17666138112,48.1,851566592,5262988
2026-10-07T15:32:35.555558+00:00,1366.3386990000145,ROOT_MIP_PROCESSING,62704,2014650368,2930667520,2732593152,17648381952,48.2,851566592,5262988
2026-10-07T15:32:37.571424+00:00,1368.3539830000082,ROOT_MIP_PROCESSING,62704,2014650368,2930667520,2732593152,17611730944,48.3,851566592,5262988
2026-10-07T15:32:39.582738+00:00,1370.3658990999975,ROOT_MIP_PROCESSING,62704,2014650368,2930667520,2732593152,17510096896,48.6,851566592,5262988
2026-10-07T15:32:41.596016+00:00,1372.3784716000082,ROOT_MIP_PROCESSING,62704,2014650368,2930667520,2732593152,17538846720,48.5,851435520,5262988
2026-10-07T15:32:43.614965+00:00,1374.3978310000093,ROOT_MIP_PROCESSING,62704,2014650368,2930667520,2732593152,17557291008,48.4,849833984,5262988
2026-10-07T15:32:45.634106+00:00,1376.416720600013,ROOT_MIP_PROCESSING,62704,2014650368,2930667520,2732593152,17534955520,48.5,844189696,5262988
2026-10-07T15:32:47.648279+00:00,1378.4311447000073,ROOT_MIP_PROCESSING,62704,2014654464,2930667520,2732593152,17559126016,48.4,843976704,5262989
2026-10-07T15:32:49.657389+00:00,1380.4404170000053,ROOT_MIP_PROCESSING,62704,2014654464,2930667520,2732593152,17542254592,48.5,843976704,5262989
2026-10-07T15:32:51.669428+00:00,1382.4522884000035,ROOT_MIP_PROCESSING,62704,2014683136,2930667520,2732593152,17532678144,48.5,838074368,5262998
2026-10-07T15:32:53.683957+00:00,1384.4669292999897,ROOT_MIP_PROCESSING,62704,2014683136,2930667520,2732593152,17457979392,48.7,838074368,5262998
2026-10-07T15:32:55.699209+00:00,1386.482060200011,ROOT_MIP_PROCESSING,62704,2014695424,2930667520,2732593152,17477509120,48.7,838074368,5263001
2026-10-07T15:32:57.718106+00:00,1388.5009597000026,ROOT_MIP_PROCESSING,62704,2014699520,2930667520,2732593152,17458749440,48.7,838074368,5263002
2026-10-07T15:32:59.734946+00:00,1390.5177645999938,ROOT_MIP_PROCESSING,62704,2014703616,2930667520,2732593152,17487736832,48.6,838074368,5263003
2026-10-07T15:33:01.757441+00:00,1392.5402385999914,ROOT_MIP_PROCESSING,62704,2014703616,2930667520,2732593152,17478742016,48.7,838074368,5263003
2026-10-07T15:33:03.771469+00:00,1394.5537877999886,ROOT_MIP_PROCESSING,62704,2014707712,2930667520,2732593152,17422307328,48.8,838074368,5263004
2026-10-07T15:33:05.785480+00:00,1396.5685143999872,ROOT_MIP_PROCESSING,62704,2014720000,2930667520,2732593152,17409691648,48.9,838074368,5263007
2026-10-07T15:33:07.794981+00:00,1398.5773319999862,ROOT_MIP_PROCESSING,62704,2014724096,2930667520,2732593152,17364144128,49.0,838074368,5263008
2026-10-07T15:33:09.811044+00:00,1400.59388890001,ROOT_MIP_PROCESSING,62704,2014724096,2930667520,2732593152,17359048704,49.0,838074368,5263008
2026-10-07T15:33:11.825679+00:00,1402.6083734999993,ROOT_MIP_PROCESSING,62704,2014724096,2930667520,2732593152,17322954752,49.1,838074368,5263008
2026-10-07T15:33:13.844160+00:00,1404.6265604000073,ROOT_MIP_PROCESSING,62704,2014728192,2930667520,2732593152,17331130368,49.1,838074368,5263009
2026-10-07T15:33:15.869476+00:00,1406.6524795999867,ROOT_MIP_PROCESSING,62704,2014728192,2930667520,2732593152,17340145664,49.1,838074368,5263009
2026-10-07T15:33:17.878447+00:00,1408.6613388000114,ROOT_MIP_PROCESSING,62704,2014728192,2930667520,2732593152,17350135808,49.0,838074368,5263009
2026-10-07T15:33:19.898470+00:00,1410.68142790001,ROOT_MIP_PROCESSING,62704,2014732288,2930667520,2732593152,17325027328,49.1,838074368,5263010
2026-10-07T15:33:21.917812+00:00,1412.7005476999911,ROOT_MIP_PROCESSING,62704,2014732288,2930667520,2732593152,17312612352,49.2,838074368,5263010
2026-10-07T15:33:23.936442+00:00,1414.7194131000142,ROOT_MIP_PROCESSING,62704,2014736384,2930667520,2732593152,17328091136,49.1,838074368,5263011
2026-10-07T15:33:25.954991+00:00,1416.7381233999913,ROOT_MIP_PROCESSING,62704,2014736384,2930667520,2732593152,17334251520,49.1,838074368,5263011
2026-10-07T15:33:27.970666+00:00,1418.7535030999861,ROOT_MIP_PROCESSING,62704,2014740480,2930667520,2732593152,17241280512,49.4,838074368,5263012
2026-10-07T15:33:29.990374+00:00,1420.772788000002,ROOT_MIP_PROCESSING,62704,2014740480,2930667520,2732593152,17330876416,49.1,838074368,5263012
2026-10-07T15:33:32.013189+00:00,1422.7961325999931,ROOT_MIP_PROCESSING,62704,2014740480,2930667520,2732593152,17322467328,49.1,838074368,5263012
2026-10-07T15:33:34.022576+00:00,1424.8056409000128,ROOT_MIP_PROCESSING,62704,2014740480,2930667520,2732593152,17365057536,49.0,838074368,5263012
2026-10-07T15:33:36.039463+00:00,1426.8216327000118,ROOT_MIP_PROCESSING,62704,2014744576,2930667520,2732593152,17365790720,49.0,838074368,5263013
2026-10-07T15:33:38.052984+00:00,1428.835168599995,ROOT_MIP_PROCESSING,62704,2014756864,2930667520,2732593152,17335369728,49.1,838074368,5263016
2026-10-07T15:33:40.076419+00:00,1430.8592929999868,ROOT_MIP_PROCESSING,62704,2014777344,2930667520,2732593152,17385467904,48.9,838074368,5263021
2026-10-07T15:33:42.094654+00:00,1432.8776267000067,ROOT_MIP_PROCESSING,62704,2014777344,2930667520,2732593152,17400102912,48.9,838074368,5263021
2026-10-07T15:33:44.110571+00:00,1434.8936777999916,ROOT_MIP_PROCESSING,62704,2014777344,2930667520,2732593152,17404481536,48.9,838074368,5263021
2026-10-07T15:33:46.126514+00:00,1436.90961219999,ROOT_MIP_PROCESSING,62704,2014785536,2930667520,2732593152,17404985344,48.9,838074368,5263023
2026-10-07T15:33:48.144608+00:00,1438.927488299989,ROOT_MIP_PROCESSING,62704,2014801920,2930667520,2732593152,17405124608,48.9,838074368,5263027
2026-10-07T15:33:50.154178+00:00,1440.937243399996,ROOT_MIP_PROCESSING,62704,2014801920,2930667520,2732593152,17394708480,48.9,838074368,5263027
2026-10-07T15:33:52.174436+00:00,1442.9573100999987,ROOT_MIP_PROCESSING,62704,2014801920,2930667520,2732593152,17408593920,48.9,838074368,5263027
2026-10-07T15:33:54.187652+00:00,1444.9706977999886,ROOT_MIP_PROCESSING,62704,2014801920,2930667520,2732593152,17398759424,48.9,838074368,5263027
2026-10-07T15:33:56.202235+00:00,1446.9851935000042,ROOT_MIP_PROCESSING,62704,2014810112,2930667520,2732593152,17397366784,48.9,838074368,5263029
2026-10-07T15:33:58.217799+00:00,1449.0007676999958,ROOT_MIP_PROCESSING,62704,2014818304,2930667520,2732593152,17348210688,49.0,838074368,5263031
2026-10-07T15:34:00.237207+00:00,1451.0203193000052,ROOT_MIP_PROCESSING,62704,2014822400,2930667520,2732593152,17384636416,48.9,838074368,5263032
2026-10-07T15:34:02.257885+00:00,1453.0408588999999,ROOT_MIP_PROCESSING,62704,2014830592,2930667520,2732593152,17367003136,49.0,838074368,5263034
2026-10-07T15:34:04.278637+00:00,1455.0616367000039,ROOT_MIP_PROCESSING,62704,2014830592,2930667520,2732593152,17347317760,49.1,838074368,5263034
2026-10-07T15:34:06.291542+00:00,1457.0744209999975,ROOT_MIP_PROCESSING,62704,2014830592,2930667520,2732593152,17353904128,49.0,838074368,5263034
2026-10-07T15:34:08.313799+00:00,1459.0968403999868,ROOT_MIP_PROCESSING,62704,2014830592,2930667520,2732593152,17350864896,49.0,838074368,5263034
2026-10-07T15:34:10.333298+00:00,1461.1162481000065,ROOT_MIP_PROCESSING,62704,2014830592,2930667520,2732593152,17343594496,49.1,838074368,5263034
2026-10-07T15:34:12.348039+00:00,1463.1311661000072,ROOT_MIP_PROCESSING,62704,2014830592,2930667520,2732593152,17357066240,49.0,838074368,5263034
2026-10-07T15:34:14.359334+00:00,1465.142302799999,ROOT_MIP_PROCESSING,62704,2014830592,2930667520,2732593152,17332793344,49.1,838074368,5263034
2026-10-07T15:34:16.378878+00:00,1467.1618431000097,ROOT_MIP_PROCESSING,62704,2014830592,2930667520,2732593152,17338503168,49.1,838074368,5263034
2026-10-07T15:34:18.387943+00:00,1469.170737700013,ROOT_MIP_PROCESSING,62704,2014830592,2930667520,2732593152,17330880512,49.1,838074368,5263034
2026-10-07T15:34:20.396567+00:00,1471.1789722999965,ROOT_MIP_PROCESSING,62704,2014830592,2930667520,2732593152,17310224384,49.2,838074368,5263034
2026-10-07T15:34:22.414699+00:00,1473.1976947000076,ROOT_MIP_PROCESSING,62704,2014838784,2930667520,2732593152,17308971008,49.2,838074368,5263036
2026-10-07T15:34:24.430291+00:00,1475.2132417999965,ROOT_MIP_PROCESSING,62704,2014842880,2930667520,2732593152,17355644928,49.0,838074368,5263037
2026-10-07T15:34:26.445807+00:00,1477.2287249999936,ROOT_MIP_PROCESSING,62704,2014855168,2930667520,2732593152,17357058048,49.0,838074368,5263040
2026-10-07T15:34:28.465860+00:00,1479.248975800001,ROOT_MIP_PROCESSING,62704,2014859264,2930667520,2732593152,17359351808,49.0,838074368,5263041
2026-10-07T15:34:30.481952+00:00,1481.2650080999883,ROOT_MIP_PROCESSING,62704,2014859264,2930667520,2732593152,17348857856,49.0,837943296,5263041
2026-10-07T15:34:32.504004+00:00,1483.2868678999948,ROOT_MIP_PROCESSING,62704,2014859264,2930667520,2732593152,17416900608,48.8,837943296,5263041
2026-10-07T15:34:34.526562+00:00,1485.3094774000056,ROOT_MIP_PROCESSING,62704,2014863360,2930667520,2732593152,17443000320,48.8,837943296,5263042
2026-10-07T15:34:36.546736+00:00,1487.3296411999909,ROOT_MIP_PROCESSING,62704,2014863360,2930667520,2732593152,17438326784,48.8,837943296,5263042
2026-10-07T15:34:38.559687+00:00,1489.3425764999993,ROOT_MIP_PROCESSING,62704,2014863360,2930667520,2732593152,17408741376,48.9,837943296,5263042
2026-10-07T15:34:40.570129+00:00,1491.353212899994,ROOT_MIP_PROCESSING,62704,2014863360,2930667520,2732593152,17494384640,48.6,837943296,5263042
2026-10-07T15:34:42.585091+00:00,1493.3681732999976,ROOT_MIP_PROCESSING,62704,2014863360,2930667520,2732593152,17483415552,48.7,837943296,5263042
2026-10-07T15:34:44.603491+00:00,1495.3866103999899,ROOT_MIP_PROCESSING,62704,2014867456,2930667520,2732593152,17508564992,48.6,837943296,5263043
2026-10-07T15:34:46.615585+00:00,1497.3978667999909,ROOT_MIP_PROCESSING,62704,2014871552,2930667520,2732593152,17515061248,48.6,837943296,5263044
2026-10-07T15:34:48.635001+00:00,1499.4178033999924,ROOT_MIP_PROCESSING,62704,2014879744,2930667520,2732593152,17503657984,48.6,837943296,5263046
2026-10-07T15:34:50.650362+00:00,1501.4333245999878,ROOT_MIP_PROCESSING,62704,2014883840,2930667520,2732593152,17497112576,48.6,837943296,5263047
2026-10-07T15:34:52.665744+00:00,1503.448762199987,ROOT_MIP_PROCESSING,62704,2014883840,2930667520,2732593152,17495597056,48.6,837943296,5263047
2026-10-07T15:34:54.680637+00:00,1505.4634723000054,ROOT_MIP_PROCESSING,62704,2014883840,2930667520,2732593152,17498685440,48.6,837943296,5263047
2026-10-07T15:34:56.693071+00:00,1507.4758983000065,ROOT_MIP_PROCESSING,62704,2014883840,2930667520,2732593152,17488887808,48.6,837943296,5263047
2026-10-07T15:34:58.713929+00:00,1509.496631099988,ROOT_MIP_PROCESSING,62704,2014904320,2930667520,2732593152,17479766016,48.7,837943296,5263052
2026-10-07T15:35:00.728376+00:00,1511.511297399993,ROOT_MIP_PROCESSING,62704,2014904320,2930667520,2732593152,17490513920,48.6,801136640,5263052
2026-10-07T15:35:02.746700+00:00,1513.5297131999978,ROOT_MIP_PROCESSING,62704,2014904320,2930667520,2732593152,17425416192,48.8,801136640,5263052
2026-10-07T15:35:04.756922+00:00,1515.5397790000134,ROOT_MIP_PROCESSING,62704,2014904320,2930667520,2732593152,17439965184,48.8,801136640,5263052
2026-10-07T15:35:06.780819+00:00,1517.5636902000115,ROOT_MIP_PROCESSING,62704,2014904320,2930667520,2732593152,17429635072,48.8,801136640,5263052
2026-10-07T15:35:08.796661+00:00,1519.5796053000086,ROOT_MIP_PROCESSING,62704,2014904320,2930667520,2732593152,17434042368,48.8,801136640,5263052
2026-10-07T15:35:10.811969+00:00,1521.5948070999875,ROOT_MIP_PROCESSING,62704,2014908416,2930667520,2732593152,17431040000,48.8,801136640,5263053
2026-10-07T15:35:12.830766+00:00,1523.6137736999954,ROOT_MIP_PROCESSING,62704,2014912512,2930667520,2732593152,17426100224,48.8,801136640,5263054
2026-10-07T15:35:14.839701+00:00,1525.6227765000076,ROOT_MIP_PROCESSING,62704,2014912512,2930667520,2732593152,17428185088,48.8,801136640,5263054
2026-10-07T15:35:16.848666+00:00,1527.6315278999973,ROOT_MIP_PROCESSING,62704,2014912512,2930667520,2732593152,17440419840,48.8,801136640,5263054
2026-10-07T15:35:18.866697+00:00,1529.649488199997,ROOT_MIP_PROCESSING,62704,2014912512,2930667520,2732593152,17454714880,48.7,801136640,5263054
2026-10-07T15:35:20.885794+00:00,1531.6687135999964,ROOT_MIP_PROCESSING,62704,2014916608,2930667520,2732593152,17434845184,48.8,801136640,5263055
2026-10-07T15:35:22.898767+00:00,1533.6814214999904,ROOT_MIP_PROCESSING,62704,2014916608,2930667520,2732593152,17427025920,48.8,801136640,5263055
2026-10-07T15:35:24.914710+00:00,1535.697791899991,ROOT_MIP_PROCESSING,62704,2014916608,2930667520,2732593152,17377587200,49.0,801136640,5263055
2026-10-07T15:35:26.930579+00:00,1537.7135210999986,ROOT_MIP_PROCESSING,62704,2014916608,2930667520,2732593152,17378529280,49.0,801136640,5263055
2026-10-07T15:35:28.945396+00:00,1539.728212899994,ROOT_MIP_PROCESSING,62704,2014916608,2930667520,2732593152,17392562176,48.9,801136640,5263055
2026-10-07T15:35:30.956342+00:00,1541.7385773000133,ROOT_MIP_PROCESSING,62704,2014916608,2930667520,2732593152,17377091584,49.0,801136640,5263055
2026-10-07T15:35:32.965454+00:00,1543.7479133000015,ROOT_MIP_PROCESSING,62704,2014916608,2930667520,2732593152,17402957824,48.9,801136640,5263055
2026-10-07T15:35:34.975130+00:00,1545.7573145999922,ROOT_MIP_PROCESSING,62704,2014916608,2930667520,2732593152,17409175552,48.9,801136640,5263055
2026-10-07T15:35:36.988683+00:00,1547.7717907000042,ROOT_MIP_PROCESSING,62704,2014916608,2930667520,2732593152,17396768768,48.9,801136640,5263055
2026-10-07T15:35:39.005571+00:00,1549.7879075999954,ROOT_MIP_PROCESSING,62704,2014916608,2930667520,2732593152,17380020224,49.0,801136640,5263055
2026-10-07T15:35:41.024416+00:00,1551.8073060000024,ROOT_MIP_PROCESSING,62704,2014916608,2930667520,2732593152,17444999168,48.8,801136640,5263055
2026-10-07T15:35:43.035548+00:00,1553.8184168000007,ROOT_MIP_PROCESSING,62704,2014916608,2930667520,2732593152,17438851072,48.8,801136640,5263055
2026-10-07T15:35:45.050797+00:00,1555.8338673000108,ROOT_MIP_PROCESSING,62704,2014916608,2930667520,2732593152,17419051008,48.8,801136640,5263055
2026-10-07T15:35:47.075162+00:00,1557.8582400000014,ROOT_MIP_PROCESSING,62704,2014916608,2930667520,2732593152,17419997184,48.8,801136640,5263055
2026-10-07T15:35:49.088982+00:00,1559.872121399996,ROOT_MIP_PROCESSING,62704,2014920704,2930667520,2732593152,17424396288,48.8,801136640,5263056
2026-10-07T15:35:51.106990+00:00,1561.8898641999986,ROOT_MIP_PROCESSING,62704,2014920704,2930667520,2732593152,17419370496,48.8,801136640,5263056
2026-10-07T15:35:53.121762+00:00,1563.904683300003,ROOT_MIP_PROCESSING,62704,2014920704,2930667520,2732593152,17403195392,48.9,801136640,5263056
2026-10-07T15:35:55.131274+00:00,1565.913818800007,ROOT_MIP_PROCESSING,62704,2014920704,2930667520,2732593152,17430323200,48.8,801136640,5263056
2026-10-07T15:35:57.143784+00:00,1567.9260053999897,ROOT_MIP_PROCESSING,62704,2014920704,2930667520,2732593152,17407565824,48.9,801136640,5263056
2026-10-07T15:35:59.159947+00:00,1569.9428961999947,ROOT_MIP_PROCESSING,62704,2014920704,2930667520,2732593152,17385521152,48.9,801136640,5263056
2026-10-07T15:36:01.178347+00:00,1571.961414099991,ROOT_MIP_PROCESSING,62704,2014924800,2930667520,2732593152,17382047744,49.0,801136640,5263057
2026-10-07T15:36:03.203108+00:00,1573.9862656999903,ROOT_MIP_PROCESSING,62704,2014928896,2930667520,2732593152,17370882048,49.0,801136640,5263058
2026-10-07T15:36:05.223788+00:00,1576.006149199995,ROOT_MIP_PROCESSING,62704,2014928896,2930667520,2732593152,17374187520,49.0,801136640,5263058
2026-10-07T15:36:07.247275+00:00,1578.029879300011,ROOT_MIP_PROCESSING,62704,2014928896,2930667520,2732593152,17375719424,49.0,801136640,5263058
2026-10-07T15:36:09.269106+00:00,1580.05168959999,ROOT_MIP_PROCESSING,62704,2014928896,2930667520,2732593152,17379147776,49.0,801136640,5263058
2026-10-07T15:36:11.298756+00:00,1582.0813635000086,ROOT_MIP_PROCESSING,62704,2014932992,2930667520,2732593152,17348694016,49.0,801136640,5263059
2026-10-07T15:36:13.329273+00:00,1584.111783100001,ROOT_MIP_PROCESSING,62704,2014932992,2930667520,2732593152,17349885952,49.0,801136640,5263059
2026-10-07T15:36:15.358202+00:00,1586.1412203999935,ROOT_MIP_PROCESSING,62704,2014932992,2930667520,2732593152,17341153280,49.1,801136640,5263059
2026-10-07T15:36:17.381040+00:00,1588.1641820000077,ROOT_MIP_PROCESSING,62704,2014932992,2930667520,2732593152,17344819200,49.1,801136640,5263059
2026-10-07T15:36:19.407529+00:00,1590.1900042000052,ROOT_MIP_PROCESSING,62704,2014932992,2930667520,2732593152,17341067264,49.1,801136640,5263059
2026-10-07T15:36:21.428374+00:00,1592.21154389999,ROOT_MIP_PROCESSING,62704,2014932992,2930667520,2732593152,17350918144,49.0,801136640,5263059
2026-10-07T15:36:23.449370+00:00,1594.2318953000067,ROOT_MIP_PROCESSING,62704,2014932992,2930667520,2732593152,17349566464,49.0,801136640,5263059
2026-10-07T15:36:25.481177+00:00,1596.263955900009,ROOT_MIP_PROCESSING,62704,2014932992,2930667520,2732593152,17358647296,49.0,801136640,5263059
2026-10-07T15:36:27.512263+00:00,1598.2952073999913,ROOT_MIP_PROCESSING,62704,2014932992,2930667520,2732593152,17348423680,49.0,801136640,5263059
2026-10-07T15:36:29.537305+00:00,1600.3202866000065,ROOT_MIP_PROCESSING,62704,2014932992,2930667520,2732593152,17398927360,48.9,801136640,5263059
2026-10-07T15:36:31.566177+00:00,1602.3489685000095,ROOT_MIP_PROCESSING,62704,2014932992,2930667520,2732593152,17389768704,48.9,801136640,5263059
2026-10-07T15:36:33.587593+00:00,1604.3702482999943,ROOT_MIP_PROCESSING,62704,2014932992,2930667520,2732593152,17384222720,48.9,801136640,5263059
2026-10-07T15:36:35.608666+00:00,1606.391311399988,ROOT_MIP_PROCESSING,62704,2014932992,2930667520,2732593152,17381056512,49.0,801136640,5263059
2026-10-07T15:36:37.626583+00:00,1608.4093644999957,ROOT_MIP_PROCESSING,62704,2014932992,2930667520,2732593152,17439313920,48.8,801136640,5263059
2026-10-07T15:36:39.646967+00:00,1610.4299382999889,ROOT_MIP_PROCESSING,62704,2014937088,2930667520,2732593152,17410121728,48.9,801136640,5263060
2026-10-07T15:36:41.677247+00:00,1612.4599103000073,ROOT_MIP_PROCESSING,62704,2014937088,2930667520,2732593152,17405763584,48.9,801136640,5263060
2026-10-07T15:36:43.702303+00:00,1614.4848098999937,ROOT_MIP_PROCESSING,62704,2014941184,2930667520,2732593152,17419718656,48.8,801136640,5263061
2026-10-07T15:36:45.728908+00:00,1616.5115187999909,ROOT_MIP_PROCESSING,62704,2014941184,2930667520,2732593152,17399746560,48.9,801136640,5263061
2026-10-07T15:36:47.755715+00:00,1618.5385748000117,ROOT_MIP_PROCESSING,62704,2014965760,2930667520,2732593152,17410297856,48.9,801136640,5263067
2026-10-07T15:36:49.780822+00:00,1620.5633543999866,ROOT_MIP_PROCESSING,62704,2014969856,2930667520,2732593152,17414729728,48.9,801136640,5263068
2026-10-07T15:36:51.808606+00:00,1622.591445500002,ROOT_MIP_PROCESSING,62704,2014973952,2930667520,2732593152,17420173312,48.8,801136640,5263069
2026-10-07T15:36:53.835602+00:00,1624.6187961999967,ROOT_MIP_PROCESSING,62704,2014973952,2930667520,2732593152,17446838272,48.8,801136640,5263069
2026-10-07T15:36:55.856398+00:00,1626.6388906000066,ROOT_MIP_PROCESSING,62704,2014973952,2930667520,2732593152,17414545408,48.9,801136640,5263069
2026-10-07T15:36:57.882367+00:00,1628.6648810000042,ROOT_MIP_PROCESSING,62704,2014973952,2930667520,2732593152,17426378752,48.8,801136640,5263069
2026-10-07T15:36:59.906620+00:00,1630.689052200003,ROOT_MIP_PROCESSING,62704,2014973952,2930667520,2732593152,17381216256,49.0,801136640,5263069
2026-10-07T15:37:01.925432+00:00,1632.707942100009,ROOT_MIP_PROCESSING,62704,2014973952,2930667520,2732593152,17342812160,49.1,801136640,5263069
2026-10-07T15:37:03.950669+00:00,1634.733059399994,ROOT_MIP_PROCESSING,62704,2014978048,2930667520,2732593152,17316954112,49.1,801136640,5263070
2026-10-07T15:37:05.979672+00:00,1636.7622820000106,ROOT_MIP_PROCESSING,62704,2014978048,2930667520,2732593152,17317367808,49.1,801136640,5263070
2026-10-07T15:37:08.011933+00:00,1638.7943015999917,ROOT_MIP_PROCESSING,62704,2014986240,2930667520,2732593152,17328513024,49.1,801136640,5263072
2026-10-07T15:37:10.035092+00:00,1640.8178608999879,ROOT_MIP_PROCESSING,62704,2014986240,2930667520,2732593152,17327001600,49.1,801136640,5263072
2026-10-07T15:37:12.057220+00:00,1642.8400721999933,ROOT_MIP_PROCESSING,62704,2014986240,2930667520,2732593152,17340784640,49.1,801136640,5263072
2026-10-07T15:37:14.086915+00:00,1644.8693770999962,ROOT_MIP_PROCESSING,62704,2014986240,2930667520,2732593152,17321115648,49.1,801136640,5263072
2026-10-07T15:37:16.118506+00:00,1646.9012014000036,ROOT_MIP_PROCESSING,62704,2014986240,2930667520,2732593152,17326936064,49.1,801136640,5263072
2026-10-07T15:37:18.140764+00:00,1648.923917600012,ROOT_MIP_PROCESSING,62704,2014986240,2930667520,2732593152,17297207296,49.2,801136640,5263072
2026-10-07T15:37:20.161673+00:00,1650.9447715000133,ROOT_MIP_PROCESSING,62704,2014986240,2930667520,2732593152,17109671936,49.8,801136640,5263072
2026-10-07T15:37:22.184975+00:00,1652.9677123999863,ROOT_MIP_PROCESSING,62704,2014994432,2930667520,2732593152,17209061376,49.5,801136640,5263074
2026-10-07T15:37:24.197209+00:00,1654.9802396000014,ROOT_MIP_PROCESSING,62704,2014994432,2930667520,2732593152,17223098368,49.4,801136640,5263074
2026-10-07T15:37:26.213684+00:00,1656.9962226999924,ROOT_MIP_PROCESSING,62704,2014994432,2930667520,2732593152,17206988800,49.5,801136640,5263074
2026-10-07T15:37:28.230702+00:00,1659.0132468999946,ROOT_MIP_PROCESSING,62704,2014994432,2930667520,2732593152,17268494336,49.3,801136640,5263074
2026-10-07T15:37:30.260164+00:00,1661.0430803000054,ROOT_MIP_PROCESSING,62704,2014994432,2930667520,2732593152,17288978432,49.2,801136640,5263074
2026-10-07T15:37:32.291331+00:00,1663.074052400014,ROOT_MIP_PROCESSING,62704,2014994432,2930667520,2732593152,17288798208,49.2,801136640,5263074
2026-10-07T15:37:34.317896+00:00,1665.100547500013,ROOT_MIP_PROCESSING,62704,2014994432,2930667520,2732593152,17202204672,49.5,801136640,5263074
2026-10-07T15:37:36.337387+00:00,1667.120129499992,ROOT_MIP_PROCESSING,62704,2014994432,2930667520,2732593152,17137926144,49.7,801136640,5263074
2026-10-07T15:37:38.357808+00:00,1669.1411107000022,ROOT_MIP_PROCESSING,62704,2014998528,2930667520,2732593152,17157804032,49.6,801136640,5263075
2026-10-07T15:37:40.378528+00:00,1671.161137499992,ROOT_MIP_PROCESSING,62704,2014998528,2930667520,2732593152,17142923264,49.7,801136640,5263075
2026-10-07T15:37:42.402525+00:00,1673.1848908000102,ROOT_MIP_PROCESSING,62704,2014998528,2930667520,2732593152,17146859520,49.6,801136640,5263075
2026-10-07T15:37:44.432935+00:00,1675.2157323000138,ROOT_MIP_PROCESSING,62704,2014998528,2930667520,2732593152,17151238144,49.6,801136640,5263075
2026-10-07T15:37:46.461500+00:00,1677.24392790001,ROOT_MIP_PROCESSING,62704,2015006720,2930667520,2732593152,17176387584,49.6,801136640,5263077
2026-10-07T15:37:48.482656+00:00,1679.264914600004,ROOT_MIP_PROCESSING,62704,2015014912,2930667520,2732593152,17163845632,49.6,801136640,5263079
2026-10-07T15:37:50.503805+00:00,1681.2869572000054,ROOT_MIP_PROCESSING,62704,2015014912,2930667520,2732593152,17193848832,49.5,801136640,5263079
2026-10-07T15:37:52.530175+00:00,1683.3125642999948,ROOT_MIP_PROCESSING,62704,2015014912,2930667520,2732593152,17194049536,49.5,801136640,5263079
2026-10-07T15:37:54.558117+00:00,1685.3411057000048,ROOT_MIP_PROCESSING,62704,2015019008,2930667520,2732593152,17179234304,49.5,801136640,5263080
2026-10-07T15:37:56.583516+00:00,1687.3663649999944,ROOT_MIP_PROCESSING,62704,2015019008,2930667520,2732593152,17168195584,49.6,801136640,5263080
2026-10-07T15:37:58.601138+00:00,1689.3837454000022,ROOT_MIP_PROCESSING,62704,2015019008,2930667520,2732593152,17122627584,49.7,801136640,5263080
2026-10-07T15:38:00.619323+00:00,1691.4020451999968,ROOT_MIP_PROCESSING,62704,2015031296,2930667520,2732593152,17031159808,50.0,801136640,5263083
2026-10-07T15:38:02.648389+00:00,1693.4312060000084,ROOT_MIP_PROCESSING,62704,2015031296,2930667520,2732593152,17040199680,50.0,801136640,5263083
2026-10-07T15:38:04.672131+00:00,1695.4552851000044,ROOT_MIP_PROCESSING,62704,2015035392,2930667520,2732593152,17058361344,49.9,801136640,5263084
2026-10-07T15:38:06.707376+00:00,1697.4895982999878,ROOT_MIP_PROCESSING,62704,2015035392,2930667520,2732593152,17022349312,50.0,801136640,5263084
2026-10-07T15:38:08.741355+00:00,1699.5237175000075,ROOT_MIP_PROCESSING,62704,2015035392,2930667520,2732593152,17075429376,49.9,801136640,5263084
2026-10-07T15:38:10.763852+00:00,1701.5463566000108,ROOT_MIP_PROCESSING,62704,2015035392,2930667520,2732593152,17097236480,49.8,801136640,5263084
2026-10-07T15:38:12.790017+00:00,1703.5728318000038,ROOT_MIP_PROCESSING,62704,2015035392,2930667520,2732593152,17101025280,49.8,801136640,5263084
2026-10-07T15:38:14.812951+00:00,1705.5955891000049,ROOT_MIP_PROCESSING,62704,2015039488,2930667520,2732593152,17124777984,49.7,801136640,5263085
2026-10-07T15:38:16.839052+00:00,1707.6215505999862,ROOT_MIP_PROCESSING,62704,2015039488,2930667520,2732593152,17119977472,49.7,801136640,5263085
2026-10-07T15:38:18.865678+00:00,1709.6478761000035,ROOT_MIP_PROCESSING,62704,2015039488,2930667520,2732593152,17136095232,49.7,801136640,5263085
2026-10-07T15:38:20.897195+00:00,1711.6798191000125,ROOT_MIP_PROCESSING,62704,2015043584,2930667520,2732593152,17116241920,49.7,801136640,5263086
2026-10-07T15:38:22.925017+00:00,1713.7076118999976,ROOT_MIP_PROCESSING,62704,2015043584,2930667520,2732593152,17131356160,49.7,801136640,5263086
2026-10-07T15:38:24.942526+00:00,1715.725093999994,ROOT_MIP_PROCESSING,62704,2015043584,2930667520,2732593152,17131925504,49.7,801136640,5263086
2026-10-07T15:38:26.964033+00:00,1717.7470395000128,ROOT_MIP_PROCESSING,62704,2015043584,2930667520,2732593152,17115918336,49.7,801136640,5263086
2026-10-07T15:38:28.989953+00:00,1719.7722795000009,ROOT_MIP_PROCESSING,62704,2015043584,2930667520,2732593152,17149276160,49.6,801136640,5263086
2026-10-07T15:38:31.016651+00:00,1721.7989880999958,ROOT_MIP_PROCESSING,62704,2015043584,2930667520,2732593152,17155203072,49.6,801136640,5263086
2026-10-07T15:38:33.038271+00:00,1723.8209821000055,ROOT_MIP_PROCESSING,62704,2015043584,2930667520,2732593152,17168031744,49.6,801136640,5263086
2026-10-07T15:38:35.055733+00:00,1725.8384700999886,ROOT_MIP_PROCESSING,62704,2015047680,2930667520,2732593152,17149779968,49.6,801136640,5263087
2026-10-07T15:38:37.081412+00:00,1727.8636444000003,ROOT_MIP_PROCESSING,62704,2015051776,2930667520,2732593152,17141133312,49.7,801136640,5263088
2026-10-07T15:38:39.102135+00:00,1729.8847649999952,ROOT_MIP_PROCESSING,62704,2015055872,2930667520,2732593152,17139232768,49.7,801136640,5263089
2026-10-07T15:38:41.131833+00:00,1731.9140856000013,ROOT_MIP_PROCESSING,62704,2015055872,2930667520,2732593152,17121812480,49.7,801136640,5263089
2026-10-07T15:38:43.155763+00:00,1733.9387320000096,ROOT_MIP_PROCESSING,62704,2015055872,2930667520,2732593152,17119125504,49.7,801136640,5263089
2026-10-07T15:38:45.175981+00:00,1735.9588204000029,ROOT_MIP_PROCESSING,62704,2015059968,2930667520,2732593152,17113796608,49.7,801136640,5263090
2026-10-07T15:38:47.205249+00:00,1737.9880532000097,ROOT_MIP_PROCESSING,62704,2015059968,2930667520,2732593152,17163665408,49.6,801136640,5263090
2026-10-07T15:38:49.233680+00:00,1740.0165030999924,ROOT_MIP_PROCESSING,62704,2015059968,2930667520,2732593152,17134907392,49.7,801136640,5263090
2026-10-07T15:38:51.254368+00:00,1742.0370994000114,ROOT_MIP_PROCESSING,62704,2015059968,2930667520,2732593152,17149779968,49.6,801136640,5263090
2026-10-07T15:38:53.279739+00:00,1744.062637199997,ROOT_MIP_PROCESSING,62704,2015059968,2930667520,2732593152,17149726720,49.6,801136640,5263090
2026-10-07T15:38:55.307134+00:00,1746.0897492000076,ROOT_MIP_PROCESSING,62704,2015059968,2930667520,2732593152,17135837184,49.7,801136640,5263090
2026-10-07T15:38:57.341530+00:00,1748.1237584000046,ROOT_MIP_PROCESSING,62704,2015059968,2930667520,2732593152,17082097664,49.8,801136640,5263090
2026-10-07T15:38:59.358879+00:00,1750.1417814999877,ROOT_MIP_PROCESSING,62704,2015748096,2930667520,2732593152,17053691904,49.9,801136640,5263258
2026-10-07T15:39:01.379323+00:00,1752.162519800011,ROOT_MIP_PROCESSING,62704,2015748096,2930667520,2732593152,17072996352,49.9,801136640,5263258
2026-10-07T15:39:03.393814+00:00,1754.1766061999951,ROOT_MIP_PROCESSING,62704,2015748096,2930667520,2732593152,17033187328,50.0,801136640,5263258
2026-10-07T15:39:05.406169+00:00,1756.1884229000134,ROOT_MIP_PROCESSING,62704,2015748096,2930667520,2732593152,17000280064,50.1,801136640,5263258
2026-10-07T15:39:07.419327+00:00,1758.2021675999858,ROOT_MIP_PROCESSING,62704,2015752192,2930667520,2732593152,16974757888,50.1,801136640,5263259
2026-10-07T15:39:09.441493+00:00,1760.2245247999963,ROOT_MIP_PROCESSING,62704,2015752192,2930667520,2732593152,16976523264,50.1,801136640,5263259
2026-10-07T15:39:11.475449+00:00,1762.2577526000096,ROOT_MIP_PROCESSING,62704,2015752192,2930667520,2732593152,16988364800,50.1,801136640,5263259
2026-10-07T15:39:13.505560+00:00,1764.2881046000111,ROOT_MIP_PROCESSING,62704,2015752192,2930667520,2732593152,16989605888,50.1,801136640,5263259
2026-10-07T15:39:15.532969+00:00,1766.3154441000079,ROOT_MIP_PROCESSING,62704,2015756288,2930667520,2732593152,16973848576,50.1,801136640,5263260
2026-10-07T15:39:17.564506+00:00,1768.3470428000146,ROOT_MIP_PROCESSING,62704,2015764480,2930667520,2732593152,16974880768,50.1,801136640,5263262
2026-10-07T15:39:19.586538+00:00,1770.3690458000056,ROOT_MIP_PROCESSING,62704,2015764480,2930667520,2732593152,16987209728,50.1,801136640,5263262
2026-10-07T15:39:21.618035+00:00,1772.400963299995,ROOT_MIP_PROCESSING,62704,2015768576,2930667520,2732593152,16997306368,50.1,801136640,5263263
2026-10-07T15:39:23.642252+00:00,1774.4245792999864,ROOT_MIP_PROCESSING,62704,2015772672,2930667520,2732593152,16998260736,50.1,801136640,5263264
2026-10-07T15:39:25.667579+00:00,1776.450398099987,ROOT_MIP_PROCESSING,62704,2015772672,2930667520,2732593152,17004531712,50.1,801136640,5263264
2026-10-07T15:39:27.693396+00:00,1778.4755820000137,ROOT_MIP_PROCESSING,62704,2015772672,2930667520,2732593152,17004212224,50.1,801136640,5263264
2026-10-07T15:39:29.724699+00:00,1780.5073203000065,ROOT_MIP_PROCESSING,62704,2015772672,2930667520,2732593152,17036259328,50.0,801136640,5263264
2026-10-07T15:39:31.755967+00:00,1782.5384992999898,ROOT_MIP_PROCESSING,62704,2015772672,2930667520,2732593152,17017163776,50.0,801136640,5263264
2026-10-07T15:39:33.777894+00:00,1784.5602412000007,ROOT_MIP_PROCESSING,62704,2015772672,2930667520,2732593152,17024811008,50.0,801136640,5263264
2026-10-07T15:39:35.810269+00:00,1786.592690999998,ROOT_MIP_PROCESSING,62704,2015772672,2930667520,2732593152,17021202432,50.0,801136640,5263264
2026-10-07T15:39:37.831512+00:00,1788.6139344999974,ROOT_MIP_PROCESSING,62704,2015772672,2930667520,2732593152,17003339776,50.1,801136640,5263264
2026-10-07T15:39:39.858846+00:00,1790.6416008000087,ROOT_MIP_PROCESSING,62704,2015772672,2930667520,2732593152,16999272448,50.1,801136640,5263264
2026-10-07T15:39:41.880918+00:00,1792.66345990001,ROOT_MIP_PROCESSING,62704,2015772672,2930667520,2732593152,16999284736,50.1,801136640,5263264
2026-10-07T15:39:43.906811+00:00,1794.6897857000004,ROOT_MIP_PROCESSING,62704,2015776768,2930667520,2732593152,17009311744,50.0,801136640,5263265
2026-10-07T15:39:45.929343+00:00,1796.711824900005,ROOT_MIP_PROCESSING,62704,2015776768,2930667520,2732593152,16996876288,50.1,801136640,5263265
2026-10-07T15:39:47.955106+00:00,1798.7373515999934,ROOT_MIP_PROCESSING,62704,2015780864,2930667520,2732593152,17084067840,49.8,801136640,5263266
2026-10-07T15:39:50.050392+00:00,1800.8334970000142,ROOT_MIP_PROCESSING,62704,2015797248,2930667520,2732593152,17088147456,49.8,801136640,5263270
2026-10-07T15:39:52.081293+00:00,1802.8639572999964,ROOT_MIP_PROCESSING,62704,2015805440,2930667520,2732593152,17055248384,49.9,801136640,5263272
2026-10-07T15:39:54.114148+00:00,1804.8968481000047,ROOT_MIP_PROCESSING,62704,2015805440,2930667520,2732593152,17040236544,50.0,801136640,5263272
2026-10-07T15:39:56.132184+00:00,1806.914674300002,REPLAY,62704,753987584,730992640,2732593152,18293968896,46.3,801136640,5264036
2026-10-07T15:39:56.885308+00:00,1807.667736400006,REPLAY,62704,754257920,731656192,2732593152,18267795456,46.3,801136640,5264103
