stage,source,slot,rank,line,group,parent_terminal,local_node,primary_phase,I_A,NormalAmps,rho
POLICY_P1,PLANNING,0,1,Line.tpx21459660c0,Triplex,1,1,C,143.3376987560018,156.0,0.9188314022820628
POLICY_P1,PLANNING,0,2,Line.tpx260595c0,Triplex,1,2,C,135.7877372511951,156.0,0.8704342131486865
POLICY_P1,PLANNING,0,3,Line.tpx21197413c0,Triplex,1,1,C,129.99673005931623,156.0,0.8333123721751041
POLICY_P1,PLANNING,0,4,Line.tpx2224230689c0,Triplex,1,2,C,129.1011831181219,156.0,0.8275716866546275
POLICY_P1,PLANNING,0,5,Line.tpx226308719b0,Triplex,1,1,B,128.66866296526632,156.0,0.82479912157222
POLICY_P1,PLANNING,0,6,Line.tpx226308710b0,Triplex,1,2,B,126.6074107215632,156.0,0.8115859661638667
POLICY_P1,PLANNING,0,7,Line.tpx226308725b0,Triplex,1,2,B,120.06126000411895,156.0,0.769623461564865
POLICY_P1,PLANNING,0,8,Line.tpx227944551c0,Triplex,1,1,C,429.3878192830777,580.0,0.7403238263501339
POLICY_P1,PLANNING,0,9,Line.tpx226192801c0,Triplex,1,2,C,115.33950928383585,156.0,0.7393558287425375
POLICY_P1,PLANNING,0,10,Line.tpx293664b0,Triplex,1,2,B,113.8055159791079,156.0,0.7295225383276147
POLICY_P1,PLANNING,0,11,Line.tpx21458756c0,Triplex,1,2,C,111.06406306085748,156.0,0.7119491221849839
POLICY_P1,PLANNING,0,12,Line.tpx260595b0,Triplex,1,1,B,102.18042800672295,156.0,0.6550027436328394
POLICY_P1,PLANNING,0,13,Line.tpx21459651c0,Triplex,1,2,C,101.94551499673288,156.0,0.653496891004698
POLICY_P1,PLANNING,0,14,Line.tpx260595a0,Triplex,1,1,A,101.46660548342568,156.0,0.6504269582270877
POLICY_P1,PLANNING,0,15,Line.tpx226308729b0,Triplex,1,2,B,97.97058086190621,156.0,0.6280165439865782
POLICY_P1,PLANNING,0,16,Line.tpx226308730a0,Triplex,1,1,A,96.46786765725003,156.0,0.618383767033654
POLICY_P1,PLANNING,0,17,Line.tpx226308720a0,Triplex,1,1,A,95.07543089308663,156.0,0.609457890340299
POLICY_P1,PLANNING,0,18,Line.tpx227944551b0,Triplex,1,2,B,350.87427047114886,580.0,0.6049556387433601
POLICY_P1,PLANNING,0,19,Line.tpx226308716b0,Triplex,1,1,B,93.82738114972713,156.0,0.6014575714726098
POLICY_P1,PLANNING,0,20,Line.tpx21459629c0,Triplex,1,1,C,93.44219787787335,156.0,0.5989884479350857
POLICY_P1,PLANNING,1,1,Line.tpx21459660c0,Triplex,1,1,C,143.17661007093935,156.0,0.9177987825060214
POLICY_P1,PLANNING,1,2,Line.tpx260595c0,Triplex,1,2,C,135.71830046230627,156.0,0.8699891055276043
POLICY_P1,PLANNING,1,3,Line.tpx21197413c0,Triplex,1,1,C,129.8639534770153,156.0,0.8324612402372775
POLICY_P1,PLANNING,1,4,Line.tpx2224230689c0,Triplex,1,2,C,128.97368189205218,156.0,0.8267543711028986
POLICY_P1,PLANNING,1,5,Line.tpx226308719b0,Triplex,1,1,B,128.5855074436595,156.0,0.8242660733567917
POLICY_P1,PLANNING,1,6,Line.tpx226308710b0,Triplex,1,2,B,126.52572987853019,156.0,0.8110623710162191
POLICY_P1,PLANNING,1,7,Line.tpx226308725b0,Triplex,1,2,B,119.98399017965741,156.0,0.7691281421772911
POLICY_P1,PLANNING,1,8,Line.tpx227944551c0,Triplex,1,1,C,429.26732088034277,580.0,0.7401160704833496
POLICY_P1,PLANNING,1,9,Line.tpx226192801c0,Triplex,1,2,C,115.21184321066544,156.0,0.7385374564786246
POLICY_P1,PLANNING,1,10,Line.tpx293664b0,Triplex,1,2,B,113.66849758188125,156.0,0.7286442152684696
POLICY_P1,PLANNING,1,11,Line.tpx21458756c0,Triplex,1,2,C,110.94158270862843,156.0,0.7111639917219771
POLICY_P1,PLANNING,1,12,Line.tpx260595b0,Triplex,1,1,B,102.11746643600345,156.0,0.654599143820535
POLICY_P1,PLANNING,1,13,Line.tpx21459651c0,Triplex,1,2,C,101.83352179753302,156.0,0.652778985881622
POLICY_P1,PLANNING,1,14,Line.tpx260595a0,Triplex,1,1,A,101.40073092240596,156.0,0.6500046854000382
POLICY_P1,PLANNING,1,15,Line.tpx226308729b0,Triplex,1,2,B,97.90823888173979,156.0,0.6276169159085884
POLICY_P1,PLANNING,1,16,Line.tpx226308730a0,Triplex,1,1,A,96.40320103327616,156.0,0.6179692373927959
POLICY_P1,PLANNING,1,17,Line.tpx226308720a0,Triplex,1,1,A,95.01177070938957,156.0,0.6090498122396767
POLICY_P1,PLANNING,1,18,Line.tpx227944551b0,Triplex,1,2,B,350.76111599163943,580.0,0.6047605448131714
POLICY_P1,PLANNING,1,19,Line.tpx226308716b0,Triplex,1,1,B,93.76786977809581,156.0,0.601076088321127
POLICY_P1,PLANNING,1,20,Line.tpx21459629c0,Triplex,1,1,C,93.3400385970721,156.0,0.5983335807504622
POLICY_P1,PLANNING,2,1,Line.tpx21459660c0,Triplex,1,1,C,143.04304449982072,156.0,0.9169425929475687
POLICY_P1,PLANNING,2,2,Line.tpx260595c0,Triplex,1,2,C,135.6321426576606,156.0,0.8694368119080809
POLICY_P1,PLANNING,2,3,Line.tpx21197413c0,Triplex,1,1,C,129.72949250855635,156.0,0.8315993109522842
POLICY_P1,PLANNING,2,4,Line.tpx2224230689c0,Triplex,1,2,C,128.86011682152258,156.0,0.826026389881555
POLICY_P1,PLANNING,2,5,Line.tpx226308719b0,Triplex,1,1,B,128.45059799183758,156.0,0.823401269178446
POLICY_P1,PLANNING,2,6,Line.tpx226308710b0,Triplex,1,2,B,126.39341093477218,156.0,0.810214172658796
POLICY_P1,PLANNING,2,7,Line.tpx226308725b0,Triplex,1,2,B,119.85845422637341,156.0,0.7683234245280347
POLICY_P1,PLANNING,2,8,Line.tpx227944551c0,Triplex,1,1,C,429.0855914774287,580.0,0.7398027439266012
POLICY_P1,PLANNING,2,9,Line.tpx226192801c0,Triplex,1,2,C,115.10598466182101,156.0,0.7378588760373141
POLICY_P1,PLANNING,2,10,Line.tpx293664b0,Triplex,1,2,B,113.48282568698038,156.0,0.7274540108139768
POLICY_P1,PLANNING,2,11,Line.tpx21458756c0,Triplex,1,2,C,110.840022897899,156.0,0.7105129672942244
POLICY_P1,PLANNING,2,12,Line.tpx260595b0,Triplex,1,1,B,102.01572089332217,156.0,0.6539469288033473
POLICY_P1,PLANNING,2,13,Line.tpx21459651c0,Triplex,1,2,C,101.74065674363159,156.0,0.6521836970745615
POLICY_P1,PLANNING,2,14,Line.tpx260595a0,Triplex,1,1,A,101.26500133173684,156.0,0.64913462392139
POLICY_P1,PLANNING,2,15,Line.tpx226308729b0,Triplex,1,2,B,97.806842486702,156.0,0.6269669390173205
POLICY_P1,PLANNING,2,16,Line.tpx226308730a0,Triplex,1,1,A,96.26773373485142,156.0,0.6171008572746886
POLICY_P1,PLANNING,2,17,Line.tpx226308720a0,Triplex,1,1,A,94.87864333402885,156.0,0.6081964316283901
POLICY_P1,PLANNING,2,18,Line.tpx227944551b0,Triplex,1,2,B,350.5638860236233,580.0,0.6044204931441781
POLICY_P1,PLANNING,2,19,Line.tpx226308716b0,Triplex,1,1,B,93.67140366260297,156.0,0.6004577157859164
POLICY_P1,PLANNING,2,20,Line.tpx21459629c0,Triplex,1,1,C,93.25532659092617,156.0,0.5977905550700395
POLICY_P1,PLANNING,3,1,Line.tpx21459660c0,Triplex,1,1,C,143.03650384031707,156.0,0.9169006656430582
POLICY_P1,PLANNING,3,2,Line.tpx260595c0,Triplex,1,2,C,135.6290795112721,156.0,0.8694171763543083
POLICY_P1,PLANNING,3,3,Line.tpx21197413c0,Triplex,1,1,C,129.72363078054585,156.0,0.8315617357727297
POLICY_P1,PLANNING,3,4,Line.tpx2224230689c0,Triplex,1,2,C,128.85371063759345,156.0,0.825985324599958
POLICY_P1,PLANNING,3,5,Line.tpx226308719b0,Triplex,1,1,B,128.44687534096602,156.0,0.8233774060318334
POLICY_P1,PLANNING,3,6,Line.tpx226308710b0,Triplex,1,2,B,126.38975425662439,156.0,0.8101907324142589
POLICY_P1,PLANNING,3,7,Line.tpx226308725b0,Triplex,1,2,B,119.85499501579628,156.0,0.7683012501012582
POLICY_P1,PLANNING,3,8,Line.tpx227944551c0,Triplex,1,1,C,429.0805176721402,580.0,0.7397939959864487
POLICY_P1,PLANNING,3,9,Line.tpx226192801c0,Triplex,1,2,C,115.10080068688329,156.0,0.7378256454287391
POLICY_P1,PLANNING,3,10,Line.tpx293664b0,Triplex,1,2,B,113.47669398744111,156.0,0.7274147050476995
POLICY_P1,PLANNING,3,11,Line.tpx21458756c0,Triplex,1,2,C,110.83504940820218,156.0,0.710481085950014
POLICY_P1,PLANNING,3,12,Line.tpx260595b0,Triplex,1,1,B,102.01291477146583,156.0,0.6539289408427297
POLICY_P1,PLANNING,3,13,Line.tpx21459651c0,Triplex,1,2,C,101.7361090193459,156.0,0.652154544995807
POLICY_P1,PLANNING,3,14,Line.tpx260595a0,Triplex,1,1,A,101.26203617818368,156.0,0.6491156165268185
POLICY_P1,PLANNING,3,15,Line.tpx226308729b0,Triplex,1,2,B,97.80405144005852,156.0,0.6269490476926828
POLICY_P1,PLANNING,3,16,Line.tpx226308730a0,Triplex,1,1,A,96.26480990186158,156.0,0.617082114755523
POLICY_P1,PLANNING,3,17,Line.tpx226308720a0,Triplex,1,1,A,94.87576496707793,156.0,0.6081779805581918
POLICY_P1,PLANNING,3,18,Line.tpx227944551b0,Triplex,1,2,B,350.55906899418835,580.0,0.6044121879210144
POLICY_P1,PLANNING,3,19,Line.tpx226308716b0,Triplex,1,1,B,93.6687392774828,156.0,0.6004406363941205
POLICY_P1,PLANNING,3,20,Line.tpx21459629c0,Triplex,1,1,C,93.25117810279272,156.0,0.5977639621973893
POLICY_P1,PLANNING,4,1,Line.tpx21459660c0,Triplex,1,1,C,143.1308306927946,156.0,0.9175053249538115
POLICY_P1,PLANNING,4,2,Line.tpx260595c0,Triplex,1,2,C,135.65480395471934,156.0,0.8695820766328163
POLICY_P1,PLANNING,4,3,Line.tpx21197413c0,Triplex,1,1,C,129.78309961486124,156.0,0.8319429462491106
POLICY_P1,PLANNING,4,4,Line.tpx2224230689c0,Triplex,1,2,C,128.92960915258556,156.0,0.8264718535422151
POLICY_P1,PLANNING,4,5,Line.tpx226308719b0,Triplex,1,1,B,128.4472552042837,156.0,0.8233798410531006
POLICY_P1,PLANNING,4,6,Line.tpx226308710b0,Triplex,1,2,B,126.39030911898081,156.0,0.810194289224236
POLICY_P1,PLANNING,4,7,Line.tpx226308725b0,Triplex,1,2,B,119.85518885822367,156.0,0.768302492680921
POLICY_P1,PLANNING,4,8,Line.tpx227944551c0,Triplex,1,1,C,429.1026106282948,580.0,0.7398320872901635
POLICY_P1,PLANNING,4,9,Line.tpx226192801c0,Triplex,1,2,C,115.17556088919173,156.0,0.7383048774948188
POLICY_P1,PLANNING,4,10,Line.tpx293664b0,Triplex,1,2,B,113.49522270016213,156.0,0.7275334788471931
POLICY_P1,PLANNING,4,11,Line.tpx21458756c0,Triplex,1,2,C,110.9067738711136,156.0,0.7109408581481641
POLICY_P1,PLANNING,4,12,Line.tpx260595b0,Triplex,1,1,B,102.01396796784795,156.0,0.6539356921015894
POLICY_P1,PLANNING,4,13,Line.tpx21459651c0,Triplex,1,2,C,101.80169313407299,156.0,0.6525749559876474
POLICY_P1,PLANNING,4,14,Line.tpx260595a0,Triplex,1,1,A,101.2360895632628,156.0,0.6489492920721974
POLICY_P1,PLANNING,4,15,Line.tpx226308729b0,Triplex,1,2,B,97.80410730107697,156.0,0.6269494057761344
POLICY_P1,PLANNING,4,16,Line.tpx226308730a0,Triplex,1,1,A,96.23690101488165,156.0,0.6169032116338568
POLICY_P1,PLANNING,4,17,Line.tpx226308720a0,Triplex,1,1,A,94.84850216394082,156.0,0.6080032189996206
POLICY_P1,PLANNING,4,18,Line.tpx227944551b0,Triplex,1,2,B,350.55447171515107,580.0,0.6044042615778467
POLICY_P1,PLANNING,4,19,Line.tpx226308716b0,Triplex,1,1,B,93.66909199308691,156.0,0.6004428973915827
POLICY_P1,PLANNING,4,20,Line.tpx21459629c0,Triplex,1,1,C,93.31100444635942,156.0,0.5981474643997399
POLICY_P1,PLANNING,5,1,Line.tpx21459660c0,Triplex,1,1,C,143.13083069229663,156.0,0.9175053249506194
POLICY_P1,PLANNING,5,2,Line.tpx260595c0,Triplex,1,2,C,135.65480395417924,156.0,0.8695820766293542
POLICY_P1,PLANNING,5,3,Line.tpx21197413c0,Triplex,1,1,C,129.78309961442343,156.0,0.831942946246304
POLICY_P1,PLANNING,5,4,Line.tpx2224230689c0,Triplex,1,2,C,128.92960915215355,156.0,0.8264718535394459
POLICY_P1,PLANNING,5,5,Line.tpx226308719b0,Triplex,1,1,B,128.44725520460378,156.0,0.8233798410551524
POLICY_P1,PLANNING,5,6,Line.tpx226308710b0,Triplex,1,2,B,126.39030911929378,156.0,0.8101942892262421
POLICY_P1,PLANNING,5,7,Line.tpx226308725b0,Triplex,1,2,B,119.85518885852261,156.0,0.7683024926828372
POLICY_P1,PLANNING,5,8,Line.tpx227944551c0,Triplex,1,1,C,429.1026106271147,580.0,0.7398320872881288
POLICY_P1,PLANNING,5,9,Line.tpx226192801c0,Triplex,1,2,C,115.17556088879017,156.0,0.7383048774922447
POLICY_P1,PLANNING,5,10,Line.tpx293664b0,Triplex,1,2,B,113.49522270063133,156.0,0.7275334788502008
POLICY_P1,PLANNING,5,11,Line.tpx21458756c0,Triplex,1,2,C,110.90677387072878,156.0,0.7109408581456973
POLICY_P1,PLANNING,5,12,Line.tpx260595b0,Triplex,1,1,B,102.01396796809247,156.0,0.6539356921031568
POLICY_P1,PLANNING,5,13,Line.tpx21459651c0,Triplex,1,2,C,101.80169313371911,156.0,0.652574955985379
POLICY_P1,PLANNING,5,14,Line.tpx260595a0,Triplex,1,1,A,101.23608956340726,156.0,0.6489492920731235
POLICY_P1,PLANNING,5,15,Line.tpx226308729b0,Triplex,1,2,B,97.8041073013202,156.0,0.6269494057776936
POLICY_P1,PLANNING,5,16,Line.tpx226308730a0,Triplex,1,1,A,96.2369010150156,156.0,0.6169032116347154
POLICY_P1,PLANNING,5,17,Line.tpx226308720a0,Triplex,1,1,A,94.8485021640744,156.0,0.6080032190004769
POLICY_P1,PLANNING,5,18,Line.tpx227944551b0,Triplex,1,2,B,350.55447171552595,580.0,0.604404261578493
POLICY_P1,PLANNING,5,19,Line.tpx226308716b0,Triplex,1,1,B,93.66909199332144,156.0,0.6004428973930862
POLICY_P1,PLANNING,5,20,Line.tpx21459629c0,Triplex,1,1,C,93.31100444603568,156.0,0.5981474643976646
POLICY_P1,PLANNING,6,1,Line.tpx21459660c0,Triplex,1,1,C,143.0025171591131,156.0,0.916682802302007
POLICY_P1,PLANNING,6,2,Line.tpx260595c0,Triplex,1,2,C,135.58214827901082,156.0,0.8691163351218643
POLICY_P1,PLANNING,6,3,Line.tpx21197413c0,Triplex,1,1,C,129.65806220127877,156.0,0.8311414243671715
POLICY_P1,PLANNING,6,4,Line.tpx2224230689c0,Triplex,1,2,C,128.82366091377585,156.0,0.8257926981652298
POLICY_P1,PLANNING,6,5,Line.tpx226308719b0,Triplex,1,1,B,128.4040760430185,156.0,0.8231030515578109
POLICY_P1,PLANNING,6,6,Line.tpx226308710b0,Triplex,1,2,B,126.34806605293707,156.0,0.8099235003393402
POLICY_P1,PLANNING,6,7,Line.tpx226308725b0,Triplex,1,2,B,119.81491558871862,156.0,0.7680443306969142
POLICY_P1,PLANNING,6,8,Line.tpx227944551c0,Triplex,1,1,C,428.9542268158677,580.0,0.7395762531308063
POLICY_P1,PLANNING,6,9,Line.tpx226192801c0,Triplex,1,2,C,115.07386345353362,156.0,0.7376529708559847
POLICY_P1,PLANNING,6,10,Line.tpx293664b0,Triplex,1,2,B,114.19971635282282,156.0,0.7320494638001462
POLICY_P1,PLANNING,6,11,Line.tpx21458756c0,Triplex,1,2,C,110.80920586786493,156.0,0.7103154222299034
POLICY_P1,PLANNING,6,12,Line.tpx260595b0,Triplex,1,1,B,101.9811321744773,156.0,0.6537252062466493
POLICY_P1,PLANNING,6,13,Line.tpx21459651c0,Triplex,1,2,C,101.71247782739256,156.0,0.6520030629961061
POLICY_P1,PLANNING,6,14,Line.tpx260595a0,Triplex,1,1,A,101.10942080979021,156.0,0.6481373128832706
POLICY_P1,PLANNING,6,15,Line.tpx226308729b0,Triplex,1,2,B,97.77151825599303,156.0,0.6267405016409809
POLICY_P1,PLANNING,6,16,Line.tpx226308730a0,Triplex,1,1,A,96.11043759834392,156.0,0.6160925487073329
POLICY_P1,PLANNING,6,17,Line.tpx226308720a0,Triplex,1,1,A,94.72420311172164,156.0,0.6072064302033439
POLICY_P1,PLANNING,6,18,Line.tpx227944551b0,Triplex,1,2,B,350.4703186658414,580.0,0.6042591701135196
POLICY_P1,PLANNING,6,19,Line.tpx226308716b0,Triplex,1,1,B,93.63826340688227,156.0,0.6002452782492453
POLICY_P1,PLANNING,6,20,Line.tpx21459629c0,Triplex,1,1,C,93.22962140450095,156.0,0.5976257782339804
POLICY_P1,PLANNING,7,1,Line.tpx21459660c0,Triplex,1,1,C,143.0025171582787,156.0,0.9166828022966583
POLICY_P1,PLANNING,7,2,Line.tpx260595c0,Triplex,1,2,C,135.58214827857407,156.0,0.8691163351190645
POLICY_P1,PLANNING,7,3,Line.tpx21197413c0,Triplex,1,1,C,129.6580622006603,156.0,0.8311414243632071
POLICY_P1,PLANNING,7,4,Line.tpx2224230689c0,Triplex,1,2,C,128.82366091318144,156.0,0.8257926981614195
POLICY_P1,PLANNING,7,5,Line.tpx226308719b0,Triplex,1,1,B,128.4040760426138,156.0,0.8231030515552167
POLICY_P1,PLANNING,7,6,Line.tpx226308710b0,Triplex,1,2,B,126.34806605253989,156.0,0.8099235003367942
POLICY_P1,PLANNING,7,7,Line.tpx226308725b0,Triplex,1,2,B,119.81491558834394,156.0,0.7680443306945124
POLICY_P1,PLANNING,7,8,Line.tpx227944551c0,Triplex,1,1,C,428.9542268153181,580.0,0.7395762531298589
POLICY_P1,PLANNING,7,9,Line.tpx226192801c0,Triplex,1,2,C,115.07386345288879,156.0,0.7376529708518512
POLICY_P1,PLANNING,7,10,Line.tpx293664b0,Triplex,1,2,B,114.19971635235561,156.0,0.7320494637971513
POLICY_P1,PLANNING,7,11,Line.tpx21458756c0,Triplex,1,2,C,110.80920586724963,156.0,0.7103154222259592
POLICY_P1,PLANNING,7,12,Line.tpx260595b0,Triplex,1,1,B,101.98113217416578,156.0,0.6537252062446525
POLICY_P1,PLANNING,7,13,Line.tpx21459651c0,Triplex,1,2,C,101.71247782683308,156.0,0.6520030629925198
POLICY_P1,PLANNING,7,14,Line.tpx260595a0,Triplex,1,1,A,101.10942080997899,156.0,0.6481373128844806
POLICY_P1,PLANNING,7,15,Line.tpx226308729b0,Triplex,1,2,B,97.77151825568986,156.0,0.6267405016390375
POLICY_P1,PLANNING,7,16,Line.tpx226308730a0,Triplex,1,1,A,96.11043759852735,156.0,0.6160925487085087
POLICY_P1,PLANNING,7,17,Line.tpx226308720a0,Triplex,1,1,A,94.72420311190079,156.0,0.6072064302044923
POLICY_P1,PLANNING,7,18,Line.tpx227944551b0,Triplex,1,2,B,350.47031866538333,580.0,0.6042591701127299
POLICY_P1,PLANNING,7,19,Line.tpx226308716b0,Triplex,1,1,B,93.63826340658814,156.0,0.6002452782473598
POLICY_P1,PLANNING,7,20,Line.tpx21459629c0,Triplex,1,1,C,93.22962140399436,156.0,0.597625778230733
POLICY_P1,PLANNING,8,1,Line.tpx21459660c0,Triplex,1,1,C,142.90092503796964,156.0,0.9160315707562157
POLICY_P1,PLANNING,8,2,Line.tpx260595c0,Triplex,1,2,C,135.51336984875013,156.0,0.8686754477483982
POLICY_P1,PLANNING,8,3,Line.tpx21197413c0,Triplex,1,1,C,129.55778340818972,156.0,0.8304986115909597
POLICY_P1,PLANNING,8,4,Line.tpx2224230689c0,Triplex,1,2,C,128.7373511262386,156.0,0.8252394302964012
POLICY_P1,PLANNING,8,5,Line.tpx226308719b0,Triplex,1,1,B,128.32032556043978,156.0,0.8225661894899986
POLICY_P1,PLANNING,8,6,Line.tpx226308710b0,Triplex,1,2,B,126.26592486267973,156.0,0.809396954247947
POLICY_P1,PLANNING,8,7,Line.tpx226308725b0,Triplex,1,2,B,119.73698140703596,156.0,0.7675447526092049
POLICY_P1,PLANNING,8,8,Line.tpx227944551c0,Triplex,1,1,C,428.82910515375346,580.0,0.7393605261271612
POLICY_P1,PLANNING,8,9,Line.tpx226192801c0,Triplex,1,2,C,114.99334157962966,156.0,0.737136804997626
POLICY_P1,PLANNING,8,10,Line.tpx293664b0,Triplex,1,2,B,114.07072695019473,156.0,0.7312226086550944
POLICY_P1,PLANNING,8,11,Line.tpx21458756c0,Triplex,1,2,C,110.73195289567184,156.0,0.7098202108696913
POLICY_P1,PLANNING,8,12,Line.tpx260595b0,Triplex,1,1,B,101.91808697643827,156.0,0.6533210703617838
POLICY_P1,PLANNING,8,13,Line.tpx21459651c0,Triplex,1,2,C,101.64183774320979,156.0,0.6515502419436525
POLICY_P1,PLANNING,8,14,Line.tpx260595a0,Triplex,1,1,A,101.07505256094986,156.0,0.6479170035958324
POLICY_P1,PLANNING,8,15,Line.tpx226308729b0,Triplex,1,2,B,97.7085666211279,156.0,0.6263369655200507
POLICY_P1,PLANNING,8,16,Line.tpx226308730a0,Triplex,1,1,A,96.07566313307095,156.0,0.6158696354684035
POLICY_P1,PLANNING,8,17,Line.tpx226308720a0,Triplex,1,1,A,94.69011553928563,156.0,0.6069879201236258
POLICY_P1,PLANNING,8,18,Line.tpx227944551b0,Triplex,1,2,B,350.3520704468342,580.0,0.604055293873852
POLICY_P1,PLANNING,8,19,Line.tpx226308716b0,Triplex,1,1,B,93.57837475981549,156.0,0.5998613766654839
POLICY_P1,PLANNING,8,20,Line.tpx21459629c0,Triplex,1,1,C,93.16518210710578,156.0,0.5972127058147806
POLICY_P1,PLANNING,9,1,Line.tpx21459660c0,Triplex,1,1,C,142.9009250386037,156.0,0.9160315707602802
POLICY_P1,PLANNING,9,2,Line.tpx260595c0,Triplex,1,2,C,135.5133698491645,156.0,0.8686754477510544
POLICY_P1,PLANNING,9,3,Line.tpx21197413c0,Triplex,1,1,C,129.557783408835,156.0,0.8304986115950962
POLICY_P1,PLANNING,9,4,Line.tpx2224230689c0,Triplex,1,2,C,128.73735112687152,156.0,0.8252394303004584
POLICY_P1,PLANNING,9,5,Line.tpx226308719b0,Triplex,1,1,B,128.3203255602747,156.0,0.8225661894889404
POLICY_P1,PLANNING,9,6,Line.tpx226308710b0,Triplex,1,2,B,126.26592486251846,156.0,0.8093969542469132
POLICY_P1,PLANNING,9,7,Line.tpx226308725b0,Triplex,1,2,B,119.73698140688262,156.0,0.767544752608222
POLICY_P1,PLANNING,9,8,Line.tpx227944551c0,Triplex,1,1,C,428.8291051541803,580.0,0.739360526127897
POLICY_P1,PLANNING,9,9,Line.tpx226192801c0,Triplex,1,2,C,114.99334158011504,156.0,0.7371368050007374
POLICY_P1,PLANNING,9,10,Line.tpx293664b0,Triplex,1,2,B,114.07072695010726,156.0,0.7312226086545337
POLICY_P1,PLANNING,9,11,Line.tpx21458756c0,Triplex,1,2,C,110.7319528961295,156.0,0.709820210872625
POLICY_P1,PLANNING,9,12,Line.tpx260595b0,Triplex,1,1,B,101.91808697631782,156.0,0.6533210703610117
POLICY_P1,PLANNING,9,13,Line.tpx21459651c0,Triplex,1,2,C,101.64183774362654,156.0,0.6515502419463239
POLICY_P1,PLANNING,9,14,Line.tpx260595a0,Triplex,1,1,A,101.0750525610195,156.0,0.6479170035962789
POLICY_P1,PLANNING,9,15,Line.tpx226308729b0,Triplex,1,2,B,97.70856662100802,156.0,0.6263369655192822
POLICY_P1,PLANNING,9,16,Line.tpx226308730a0,Triplex,1,1,A,96.07566313313099,156.0,0.6158696354687884
POLICY_P1,PLANNING,9,17,Line.tpx226308720a0,Triplex,1,1,A,94.69011553934726,156.0,0.6069879201240209
POLICY_P1,PLANNING,9,18,Line.tpx227944551b0,Triplex,1,2,B,350.35207044667015,580.0,0.6040552938735693
POLICY_P1,PLANNING,9,19,Line.tpx226308716b0,Triplex,1,1,B,93.57837475970067,156.0,0.5998613766647478
POLICY_P1,PLANNING,9,20,Line.tpx21459629c0,Triplex,1,1,C,93.1651821074794,156.0,0.5972127058171756
POLICY_P1,PLANNING,10,1,Line.tpx21459660c0,Triplex,1,1,C,142.85729120845807,156.0,0.915751866720885
POLICY_P1,PLANNING,10,2,Line.tpx260595c0,Triplex,1,2,C,135.4843078312576,156.0,0.8684891527644718
POLICY_P1,PLANNING,10,3,Line.tpx21197413c0,Triplex,1,1,C,129.51328040544706,156.0,0.8302133359323529
POLICY_P1,PLANNING,10,4,Line.tpx2224230689c0,Triplex,1,2,C,128.70095432632561,156.0,0.8250061174764463
POLICY_P1,PLANNING,10,5,Line.tpx226308719b0,Triplex,1,1,B,128.27451725548596,156.0,0.8222725465095254
POLICY_P1,PLANNING,10,6,Line.tpx226308710b0,Triplex,1,2,B,126.2210007840114,156.0,0.8091089793846884
POLICY_P1,PLANNING,10,7,Line.tpx226308725b0,Triplex,1,2,B,119.69435050565968,156.0,0.7672714776003826
POLICY_P1,PLANNING,10,8,Line.tpx227944551c0,Triplex,1,1,C,428.766862425455,580.0,0.7392532110783706
POLICY_P1,PLANNING,10,9,Line.tpx226192801c0,Triplex,1,2,C,114.95875660427572,156.0,0.7369151064376649
POLICY_P1,PLANNING,10,10,Line.tpx293664b0,Triplex,1,2,B,114.00781776789181,156.0,0.7308193446659731
POLICY_P1,PLANNING,10,11,Line.tpx21458756c0,Triplex,1,2,C,110.69877175877244,156.0,0.7096075112741823
POLICY_P1,PLANNING,10,12,Line.tpx260595b0,Triplex,1,1,B,101.88353906865164,156.0,0.6530996094144336
POLICY_P1,PLANNING,10,13,Line.tpx21459651c0,Triplex,1,2,C,101.61149674720744,156.0,0.6513557483795349
POLICY_P1,PLANNING,10,14,Line.tpx260595a0,Triplex,1,1,A,101.02837941175451,156.0,0.6476178167420161
POLICY_P1,PLANNING,10,15,Line.tpx226308729b0,Triplex,1,2,B,97.67412846563299,156.0,0.626116208113032
POLICY_P1,PLANNING,10,16,Line.tpx226308730a0,Triplex,1,1,A,96.02905527396001,156.0,0.6155708671407693
POLICY_P1,PLANNING,10,17,Line.tpx226308720a0,Triplex,1,1,A,94.64431649290975,156.0,0.6066943364930112
POLICY_P1,PLANNING,10,18,Line.tpx227944551b0,Triplex,1,2,B,350.28463662225954,580.0,0.6039390286590681
POLICY_P1,PLANNING,10,19,Line.tpx226308716b0,Triplex,1,1,B,93.54561885531228,156.0,0.5996514029186685
POLICY_P1,PLANNING,10,20,Line.tpx21459629c0,Triplex,1,1,C,93.13750424093477,156.0,0.5970352835957358
POLICY_P1,PLANNING,11,1,Line.tpx21459660c0,Triplex,1,1,C,142.85729120864053,156.0,0.9157518667220547
POLICY_P1,PLANNING,11,2,Line.tpx260595c0,Triplex,1,2,C,135.48430783121674,156.0,0.8684891527642099
POLICY_P1,PLANNING,11,3,Line.tpx21197413c0,Triplex,1,1,C,129.51328040542498,156.0,0.8302133359322114
POLICY_P1,PLANNING,11,4,Line.tpx2224230689c0,Triplex,1,2,C,128.7009543262563,156.0,0.8250061174760018
POLICY_P1,PLANNING,11,5,Line.tpx226308719b0,Triplex,1,1,B,128.27451725564865,156.0,0.8222725465105682
POLICY_P1,PLANNING,11,6,Line.tpx226308710b0,Triplex,1,2,B,126.22100078416508,156.0,0.8091089793856736
POLICY_P1,PLANNING,11,7,Line.tpx226308725b0,Triplex,1,2,B,119.69435050580392,156.0,0.7672714776013072
POLICY_P1,PLANNING,11,8,Line.tpx227944551c0,Triplex,1,1,C,428.76686242544207,580.0,0.7392532110783484
POLICY_P1,PLANNING,11,9,Line.tpx226192801c0,Triplex,1,2,C,114.95875660441968,156.0,0.7369151064385877
POLICY_P1,PLANNING,11,10,Line.tpx293664b0,Triplex,1,2,B,114.00781776771869,156.0,0.7308193446648634
POLICY_P1,PLANNING,11,11,Line.tpx21458756c0,Triplex,1,2,C,110.69877175891031,156.0,0.709607511275066
POLICY_P1,PLANNING,11,12,Line.tpx260595b0,Triplex,1,1,B,101.88353906875527,156.0,0.6530996094150979
POLICY_P1,PLANNING,11,13,Line.tpx21459651c0,Triplex,1,2,C,101.6114967473311,156.0,0.6513557483803276
POLICY_P1,PLANNING,11,14,Line.tpx260595a0,Triplex,1,1,A,101.02837941168578,156.0,0.6476178167415755
POLICY_P1,PLANNING,11,15,Line.tpx226308729b0,Triplex,1,2,B,97.67412846573748,156.0,0.6261162081137018
POLICY_P1,PLANNING,11,16,Line.tpx226308730a0,Triplex,1,1,A,96.02905527389956,156.0,0.6155708671403818
POLICY_P1,PLANNING,11,17,Line.tpx226308720a0,Triplex,1,1,A,94.64431649285076,156.0,0.606694336492633
POLICY_P1,PLANNING,11,18,Line.tpx227944551b0,Triplex,1,2,B,350.28463662233736,580.0,0.6039390286592023
POLICY_P1,PLANNING,11,19,Line.tpx226308716b0,Triplex,1,1,B,93.54561885540757,156.0,0.5996514029192793
POLICY_P1,PLANNING,11,20,Line.tpx21459629c0,Triplex,1,1,C,93.1375042410467,156.0,0.5970352835964532
POLICY_P1,PLANNING,12,1,Line.tpx21459660c0,Triplex,1,1,C,142.83768179568665,156.0,0.9156261653569657
POLICY_P1,PLANNING,12,2,Line.tpx260595c0,Triplex,1,2,C,135.47125324981147,156.0,0.8684054695500735
POLICY_P1,PLANNING,12,3,Line.tpx21197413c0,Triplex,1,1,C,129.4932835737894,156.0,0.8300851511140346
POLICY_P1,PLANNING,12,4,Line.tpx2224230689c0,Triplex,1,2,C,128.68459728406015,156.0,0.8249012646414112
POLICY_P1,PLANNING,12,5,Line.tpx226308719b0,Triplex,1,1,B,128.25397297518666,156.0,0.8221408524050426
POLICY_P1,PLANNING,12,6,Line.tpx226308710b0,Triplex,1,2,B,126.20085306916108,156.0,0.8089798273664172
POLICY_P1,PLANNING,12,7,Line.tpx226308725b0,Triplex,1,2,B,119.67523114749538,156.0,0.7671489176121499
POLICY_P1,PLANNING,12,8,Line.tpx227944551c0,Triplex,1,1,C,428.7389140436144,580.0,0.7392050242131283
POLICY_P1,PLANNING,12,9,Line.tpx226192801c0,Triplex,1,2,C,114.94321366290926,156.0,0.7368154721981363
POLICY_P1,PLANNING,12,10,Line.tpx293664b0,Triplex,1,2,B,113.97960247643095,156.0,0.7306384774130189
POLICY_P1,PLANNING,12,11,Line.tpx21458756c0,Triplex,1,2,C,110.68385968394364,156.0,0.7095119210509208
POLICY_P1,PLANNING,12,12,Line.tpx260595b0,Triplex,1,1,B,101.86804485376243,156.0,0.6530002875241181
POLICY_P1,PLANNING,12,13,Line.tpx21459651c0,Triplex,1,2,C,101.59786103710145,156.0,0.6512683399814195
POLICY_P1,PLANNING,12,14,Line.tpx260595a0,Triplex,1,1,A,101.00744921683369,156.0,0.647483648825857
POLICY_P1,PLANNING,12,15,Line.tpx226308729b0,Triplex,1,2,B,97.65868328258888,156.0,0.6260172005294159
POLICY_P1,PLANNING,12,16,Line.tpx226308730a0,Triplex,1,1,A,96.00815449598487,156.0,0.6154368877947748
POLICY_P1,PLANNING,12,17,Line.tpx226308720a0,Triplex,1,1,A,94.62377841204682,156.0,0.6065626821285053
POLICY_P1,PLANNING,12,18,Line.tpx227944551b0,Triplex,1,2,B,350.25439450627647,580.0,0.603886887079787
POLICY_P1,PLANNING,12,19,Line.tpx226308716b0,Triplex,1,1,B,93.53092816185843,156.0,0.5995572318067848
POLICY_P1,PLANNING,12,20,Line.tpx21459629c0,Triplex,1,1,C,93.12506534264159,156.0,0.5969555470682153
POLICY_P1,PLANNING,13,1,Line.tpx21459660c0,Triplex,1,1,C,142.83768179502297,156.0,0.9156261653527114
POLICY_P1,PLANNING,13,2,Line.tpx260595c0,Triplex,1,2,C,135.4712532493778,156.0,0.8684054695472937
POLICY_P1,PLANNING,13,3,Line.tpx21197413c0,Triplex,1,1,C,129.4932835733073,156.0,0.8300851511109443
POLICY_P1,PLANNING,13,4,Line.tpx2224230689c0,Triplex,1,2,C,128.6845972836186,156.0,0.8249012646385807
POLICY_P1,PLANNING,13,5,Line.tpx226308719b0,Triplex,1,1,B,128.2539729755302,156.0,0.8221408524072448
POLICY_P1,PLANNING,13,6,Line.tpx226308710b0,Triplex,1,2,B,126.20085306949903,156.0,0.8089798273685835
POLICY_P1,PLANNING,13,7,Line.tpx226308725b0,Triplex,1,2,B,119.67523114781197,156.0,0.7671489176141792
POLICY_P1,PLANNING,13,8,Line.tpx227944551c0,Triplex,1,1,C,428.73891404262616,580.0,0.7392050242114244
POLICY_P1,PLANNING,13,9,Line.tpx226192801c0,Triplex,1,2,C,114.94321366240212,156.0,0.7368154721948853
POLICY_P1,PLANNING,13,10,Line.tpx293664b0,Triplex,1,2,B,113.97960247676343,156.0,0.7306384774151502
POLICY_P1,PLANNING,13,11,Line.tpx21458756c0,Triplex,1,2,C,110.68385968345758,156.0,0.709511921047805
POLICY_P1,PLANNING,13,12,Line.tpx260595b0,Triplex,1,1,B,101.86804485403131,156.0,0.6530002875258417
POLICY_P1,PLANNING,13,13,Line.tpx21459651c0,Triplex,1,2,C,101.59786103666521,156.0,0.6512683399786231
POLICY_P1,PLANNING,13,14,Line.tpx260595a0,Triplex,1,1,A,101.00744921667342,156.0,0.6474836488248297
POLICY_P1,PLANNING,13,15,Line.tpx226308729b0,Triplex,1,2,B,97.65868328284688,156.0,0.6260172005310698
POLICY_P1,PLANNING,13,16,Line.tpx226308730a0,Triplex,1,1,A,96.00815449583202,156.0,0.615436887793795
POLICY_P1,PLANNING,13,17,Line.tpx226308720a0,Triplex,1,1,A,94.62377841189736,156.0,0.6065626821275472
POLICY_P1,PLANNING,13,18,Line.tpx227944551b0,Triplex,1,2,B,350.2543945067651,580.0,0.6038868870806294
POLICY_P1,PLANNING,13,19,Line.tpx226308716b0,Triplex,1,1,B,93.53092816210324,156.0,0.5995572318083541
POLICY_P1,PLANNING,13,20,Line.tpx21459629c0,Triplex,1,1,C,93.12506534224781,156.0,0.5969555470656911
POLICY_P1,PLANNING,14,1,Line.tpx21459660c0,Triplex,1,1,C,142.8373499900772,156.0,0.9156240383979307
POLICY_P1,PLANNING,14,2,Line.tpx260595c0,Triplex,1,2,C,135.47103238902707,156.0,0.8684040537758145
POLICY_P1,PLANNING,14,3,Line.tpx21197413c0,Triplex,1,1,C,129.49294523234104,156.0,0.8300829822585964
POLICY_P1,PLANNING,14,4,Line.tpx2224230689c0,Triplex,1,2,C,128.68432051088172,156.0,0.8248994904543699
POLICY_P1,PLANNING,14,5,Line.tpx226308719b0,Triplex,1,1,B,128.25362558286525,156.0,0.8221386255311876
POLICY_P1,PLANNING,14,6,Line.tpx226308710b0,Triplex,1,2,B,126.20051238254635,156.0,0.8089776434778612
POLICY_P1,PLANNING,14,7,Line.tpx226308725b0,Triplex,1,2,B,119.67490784933426,156.0,0.7671468451880401
POLICY_P1,PLANNING,14,8,Line.tpx227944551c0,Triplex,1,1,C,428.7384412675993,580.0,0.7392042090820677
POLICY_P1,PLANNING,14,9,Line.tpx226192801c0,Triplex,1,2,C,114.94295066414506,156.0,0.7368137863086222
POLICY_P1,PLANNING,14,10,Line.tpx293664b0,Triplex,1,2,B,113.97912536711765,156.0,0.730635419019985
POLICY_P1,PLANNING,14,11,Line.tpx21458756c0,Triplex,1,2,C,110.68360735974369,156.0,0.7095103035881005
POLICY_P1,PLANNING,14,12,Line.tpx260595b0,Triplex,1,1,B,101.86778285493644,156.0,0.6529986080444643
POLICY_P1,PLANNING,14,13,Line.tpx21459651c0,Triplex,1,2,C,101.59763030983346,156.0,0.6512668609604709
POLICY_P1,PLANNING,14,14,Line.tpx260595a0,Triplex,1,1,A,101.0070953336624,156.0,0.6474813803439898
POLICY_P1,PLANNING,14,15,Line.tpx226308729b0,Triplex,1,2,B,97.6584221119503,156.0,0.6260155263586558
POLICY_P1,PLANNING,14,16,Line.tpx226308730a0,Triplex,1,1,A,96.007801110515,156.0,0.6154346225033013
POLICY_P1,PLANNING,14,17,Line.tpx226308720a0,Triplex,1,1,A,94.62343115896948,156.0,0.6065604561472403
POLICY_P1,PLANNING,14,18,Line.tpx227944551b0,Triplex,1,2,B,350.2538831373195,580.0,0.6038860054091716
POLICY_P1,PLANNING,14,19,Line.tpx226308716b0,Triplex,1,1,B,93.53067974933747,156.0,0.5995556394188299
POLICY_P1,PLANNING,14,20,Line.tpx21459629c0,Triplex,1,1,C,93.1248548661935,156.0,0.5969541978602148
POLICY_P1,PLANNING,15,1,Line.tpx21459660c0,Triplex,1,1,C,142.83734999103493,156.0,0.91562403840407
POLICY_P1,PLANNING,15,2,Line.tpx260595c0,Triplex,1,2,C,135.4710323895199,156.0,0.8684040537789738
POLICY_P1,PLANNING,15,3,Line.tpx21197413c0,Triplex,1,1,C,129.49294523311406,156.0,0.8300829822635516
POLICY_P1,PLANNING,15,4,Line.tpx2224230689c0,Triplex,1,2,C,128.68432051164103,156.0,0.8248994904592374
POLICY_P1,PLANNING,15,5,Line.tpx226308719b0,Triplex,1,1,B,128.25362558347626,156.0,0.8221386255351043
POLICY_P1,PLANNING,15,6,Line.tpx226308710b0,Triplex,1,2,B,126.20051238314791,156.0,0.8089776434817174
POLICY_P1,PLANNING,15,7,Line.tpx226308725b0,Triplex,1,2,B,119.67490784990164,156.0,0.7671468451916772
POLICY_P1,PLANNING,15,8,Line.tpx227944551c0,Triplex,1,1,C,428.73844126861,580.0,0.7392042090838103
POLICY_P1,PLANNING,15,9,Line.tpx226192801c0,Triplex,1,2,C,114.94295066486464,156.0,0.7368137863132349
POLICY_P1,PLANNING,15,10,Line.tpx293664b0,Triplex,1,2,B,113.97912536780457,156.0,0.7306354190243882
POLICY_P1,PLANNING,15,11,Line.tpx21458756c0,Triplex,1,2,C,110.68360736042179,156.0,0.7095103035924474
POLICY_P1,PLANNING,15,12,Line.tpx260595b0,Triplex,1,1,B,101.8677828554053,156.0,0.6529986080474698
POLICY_P1,PLANNING,15,13,Line.tpx21459651c0,Triplex,1,2,C,101.59763031044443,156.0,0.6512668609643874
POLICY_P1,PLANNING,15,14,Line.tpx260595a0,Triplex,1,1,A,101.00709533333702,156.0,0.647481380341904
POLICY_P1,PLANNING,15,15,Line.tpx226308729b0,Triplex,1,2,B,97.65842211240582,156.0,0.6260155263615758
POLICY_P1,PLANNING,15,16,Line.tpx226308730a0,Triplex,1,1,A,96.00780111019671,156.0,0.6154346225012609
POLICY_P1,PLANNING,15,17,Line.tpx226308720a0,Triplex,1,1,A,94.62343115865816,156.0,0.6065604561452447
POLICY_P1,PLANNING,15,18,Line.tpx227944551b0,Triplex,1,2,B,350.2538831381555,580.0,0.603886005410613
POLICY_P1,PLANNING,15,19,Line.tpx226308716b0,Triplex,1,1,B,93.53067974977282,156.0,0.5995556394216206
POLICY_P1,PLANNING,15,20,Line.tpx21459629c0,Triplex,1,1,C,93.12485486674106,156.0,0.5969541978637247
POLICY_P1,PLANNING,16,1,Line.tpx21459660c0,Triplex,1,1,C,142.87427391460528,156.0,0.9158607302218288
POLICY_P1,PLANNING,16,2,Line.tpx260595c0,Triplex,1,2,C,135.4956168750807,156.0,0.8685616466351328
POLICY_P1,PLANNING,16,3,Line.tpx21197413c0,Triplex,1,1,C,129.53060026822433,156.0,0.8303243606937457
POLICY_P1,PLANNING,16,4,Line.tpx2224230689c0,Triplex,1,2,C,128.71512030308523,156.0,0.8250969250197772
POLICY_P1,PLANNING,16,5,Line.tpx226308719b0,Triplex,1,1,B,128.29233108434886,156.0,0.822386737720185
POLICY_P1,PLANNING,16,6,Line.tpx226308710b0,Triplex,1,2,B,126.2384707554104,156.0,0.809220966380836
POLICY_P1,PLANNING,16,7,Line.tpx226308725b0,Triplex,1,2,B,119.71092874663447,156.0,0.7673777483758619
POLICY_P1,PLANNING,16,8,Line.tpx227944551c0,Triplex,1,1,C,428.7910790016171,580.0,0.7392949637958915
POLICY_P1,PLANNING,16,9,Line.tpx226192801c0,Triplex,1,2,C,114.97221746789396,156.0,0.7370013940249612
POLICY_P1,PLANNING,16,10,Line.tpx293664b0,Triplex,1,2,B,114.03228228616572,156.0,0.7309761685010623
POLICY_P1,PLANNING,16,11,Line.tpx21458756c0,Triplex,1,2,C,110.71168624604994,156.0,0.709690296449038
POLICY_P1,PLANNING,16,12,Line.tpx260595b0,Triplex,1,1,B,101.89697400725156,156.0,0.6531857308157151
POLICY_P1,PLANNING,16,13,Line.tpx21459651c0,Triplex,1,2,C,101.62330583114127,156.0,0.651431447635521
POLICY_P1,PLANNING,16,14,Line.tpx260595a0,Triplex,1,1,A,101.04652885466616,156.0,0.6477341593247831
POLICY_P1,PLANNING,16,15,Line.tpx226308729b0,Triplex,1,2,B,97.68752078089358,156.0,0.6262020562877794
POLICY_P1,PLANNING,16,16,Line.tpx226308730a0,Triplex,1,1,A,96.0471792978828,156.0,0.6156870467813
POLICY_P1,PLANNING,16,17,Line.tpx226308720a0,Triplex,1,1,A,94.66212600258204,156.0,0.6068085000165515
POLICY_P1,PLANNING,16,18,Line.tpx227944551b0,Triplex,1,2,B,350.3108597727081,580.0,0.6039842409874278
POLICY_P1,PLANNING,16,19,Line.tpx226308716b0,Triplex,1,1,B,93.55835697067135,156.0,0.5997330575043035
POLICY_P1,PLANNING,16,20,Line.tpx21459629c0,Triplex,1,1,C,93.14827681690173,156.0,0.5971043385698829
POLICY_P1,PLANNING,17,1,Line.tpx21459660c0,Triplex,1,1,C,142.87427391340637,156.0,0.9158607302141434
POLICY_P1,PLANNING,17,2,Line.tpx260595c0,Triplex,1,2,C,135.4956168747377,156.0,0.8685616466329339
POLICY_P1,PLANNING,17,3,Line.tpx21197413c0,Triplex,1,1,C,129.530600267472,156.0,0.8303243606889231
POLICY_P1,PLANNING,17,4,Line.tpx2224230689c0,Triplex,1,2,C,128.71512030237398,156.0,0.8250969250152178
POLICY_P1,PLANNING,17,5,Line.tpx226308719b0,Triplex,1,1,B,128.292331084652,156.0,0.8223867377221282
POLICY_P1,PLANNING,17,6,Line.tpx226308710b0,Triplex,1,2,B,126.23847075571021,156.0,0.8092209663827578
POLICY_P1,PLANNING,17,7,Line.tpx226308725b0,Triplex,1,2,B,119.71092874691878,156.0,0.7673777483776845
POLICY_P1,PLANNING,17,8,Line.tpx227944551c0,Triplex,1,1,C,428.7910790014679,580.0,0.7392949637956343
POLICY_P1,PLANNING,17,9,Line.tpx226192801c0,Triplex,1,2,C,114.97221746692938,156.0,0.7370013940187781
POLICY_P1,PLANNING,17,10,Line.tpx293664b0,Triplex,1,2,B,114.0322822867441,156.0,0.7309761685047699
POLICY_P1,PLANNING,17,11,Line.tpx21458756c0,Triplex,1,2,C,110.71168624511692,156.0,0.7096902964430571
POLICY_P1,PLANNING,17,12,Line.tpx260595b0,Triplex,1,1,B,101.89697400748872,156.0,0.6531857308172354
POLICY_P1,PLANNING,17,13,Line.tpx21459651c0,Triplex,1,2,C,101.62330583028445,156.0,0.6514314476300286
POLICY_P1,PLANNING,17,14,Line.tpx260595a0,Triplex,1,1,A,101.04652885512651,156.0,0.647734159327734
POLICY_P1,PLANNING,17,15,Line.tpx226308729b0,Triplex,1,2,B,97.68752078112864,156.0,0.6262020562892862
POLICY_P1,PLANNING,17,16,Line.tpx226308730a0,Triplex,1,1,A,96.04717929834241,156.0,0.6156870467842462
POLICY_P1,PLANNING,17,17,Line.tpx226308720a0,Triplex,1,1,A,94.66212600303197,156.0,0.6068085000194358
POLICY_P1,PLANNING,17,18,Line.tpx227944551b0,Triplex,1,2,B,350.3108597730666,580.0,0.6039842409880459
POLICY_P1,PLANNING,17,19,Line.tpx226308716b0,Triplex,1,1,B,93.55835697089262,156.0,0.5997330575057219
POLICY_P1,PLANNING,17,20,Line.tpx21459629c0,Triplex,1,1,C,93.14827681611784,156.0,0.597104338564858
POLICY_P1,PLANNING,18,1,Line.tpx21459660c0,Triplex,1,1,C,142.94660172564616,156.0,0.9163243700361934
POLICY_P1,PLANNING,18,2,Line.tpx260595c0,Triplex,1,2,C,135.54381351345506,156.0,0.8688705994452247
POLICY_P1,PLANNING,18,3,Line.tpx21197413c0,Triplex,1,1,C,129.6043798322158,156.0,0.830797306616768
POLICY_P1,PLANNING,18,4,Line.tpx2224230689c0,Triplex,1,2,C,128.7754521590689,156.0,0.8254836676863391
POLICY_P1,PLANNING,18,5,Line.tpx226308719b0,Triplex,1,1,B,128.368413939066,156.0,0.8228744483273461
POLICY_P1,PLANNING,18,6,Line.tpx226308710b0,Triplex,1,2,B,126.31308501893395,156.0,0.8096992629418843
POLICY_P1,PLANNING,18,7,Line.tpx226308725b0,Triplex,1,2,B,119.7817339241976,156.0,0.7678316277192153
POLICY_P1,PLANNING,18,8,Line.tpx227944551c0,Triplex,1,1,C,428.8943422437945,580.0,0.7394730038686111
POLICY_P1,PLANNING,18,9,Line.tpx226192801c0,Triplex,1,2,C,115.02954523417745,156.0,0.7373688797062657
POLICY_P1,PLANNING,18,10,Line.tpx293664b0,Triplex,1,2,B,114.13676192789939,156.0,0.7316459097942268
POLICY_P1,PLANNING,18,11,Line.tpx21458756c0,Triplex,1,2,C,110.76668688659855,156.0,0.710042864657683
POLICY_P1,PLANNING,18,12,Line.tpx260595b0,Triplex,1,1,B,101.95435438499777,156.0,0.6535535537499857
POLICY_P1,PLANNING,18,13,Line.tpx21459651c0,Triplex,1,2,C,101.67359856150475,156.0,0.6517538369327227
POLICY_P1,PLANNING,18,14,Line.tpx260595a0,Triplex,1,1,A,101.12405199371115,156.0,0.6482311025237895
POLICY_P1,PLANNING,18,15,Line.tpx226308729b0,Triplex,1,2,B,97.74471814613027,156.0,0.6265687060649376
POLICY_P1,PLANNING,18,16,Line.tpx226308730a0,Triplex,1,1,A,96.1245946040529,156.0,0.6161832987439289
POLICY_P1,PLANNING,18,17,Line.tpx226308720a0,Triplex,1,1,A,94.73819785048605,156.0,0.6072961400672182
POLICY_P1,PLANNING,18,18,Line.tpx227944551b0,Triplex,1,2,B,350.42286322796855,580.0,0.6041773503930492
POLICY_P1,PLANNING,18,19,Line.tpx226308716b0,Triplex,1,1,B,93.61276039387658,156.0,0.6000817973966448
POLICY_P1,PLANNING,18,20,Line.tpx21459629c0,Triplex,1,1,C,93.19415504245683,156.0,0.5973984297593387
POLICY_P1,PLANNING,19,1,Line.tpx21459660c0,Triplex,1,1,C,142.9466017272729,156.0,0.9163243700466212
POLICY_P1,PLANNING,19,2,Line.tpx260595c0,Triplex,1,2,C,135.54381351403057,156.0,0.868870599448914
POLICY_P1,PLANNING,19,3,Line.tpx21197413c0,Triplex,1,1,C,129.60437983341853,156.0,0.8307973066244778
POLICY_P1,PLANNING,19,4,Line.tpx2224230689c0,Triplex,1,2,C,128.77545216016262,156.0,0.8254836676933501
POLICY_P1,PLANNING,19,5,Line.tpx226308719b0,Triplex,1,1,B,128.36841393889972,156.0,0.8228744483262803
POLICY_P1,PLANNING,19,6,Line.tpx226308710b0,Triplex,1,2,B,126.31308501877287,156.0,0.8096992629408517
POLICY_P1,PLANNING,19,7,Line.tpx226308725b0,Triplex,1,2,B,119.7817339240491,156.0,0.7678316277182635
POLICY_P1,PLANNING,19,8,Line.tpx227944551c0,Triplex,1,1,C,428.89434224438133,580.0,0.739473003869623
POLICY_P1,PLANNING,19,9,Line.tpx226192801c0,Triplex,1,2,C,115.02954523543367,156.0,0.7373688797143184
POLICY_P1,PLANNING,19,10,Line.tpx293664b0,Triplex,1,2,B,114.1367619277526,156.0,0.7316459097932859
POLICY_P1,PLANNING,19,11,Line.tpx21458756c0,Triplex,1,2,C,110.7666868877956,156.0,0.7100428646653564
POLICY_P1,PLANNING,19,12,Line.tpx260595b0,Triplex,1,1,B,101.95435438488194,156.0,0.6535535537492432
POLICY_P1,PLANNING,19,13,Line.tpx21459651c0,Triplex,1,2,C,101.67359856258902,156.0,0.6517538369396733
POLICY_P1,PLANNING,19,14,Line.tpx260595a0,Triplex,1,1,A,101.12405199316947,156.0,0.6482311025203171
POLICY_P1,PLANNING,19,15,Line.tpx226308729b0,Triplex,1,2,B,97.74471814602504,156.0,0.6265687060642631
POLICY_P1,PLANNING,19,16,Line.tpx226308730a0,Triplex,1,1,A,96.12459460350777,156.0,0.6161832987404344
POLICY_P1,PLANNING,19,17,Line.tpx226308720a0,Triplex,1,1,A,94.73819784994545,156.0,0.6072961400637529
POLICY_P1,PLANNING,19,18,Line.tpx227944551b0,Triplex,1,2,B,350.42286322762243,580.0,0.6041773503924525
POLICY_P1,PLANNING,19,19,Line.tpx226308716b0,Triplex,1,1,B,93.61276039377996,156.0,0.6000817973960254
POLICY_P1,PLANNING,19,20,Line.tpx21459629c0,Triplex,1,1,C,93.1941550434376,156.0,0.5973984297656256
POLICY_P1,PLANNING,20,1,Line.tpx21459660c0,Triplex,1,1,C,143.09463293320113,156.0,0.9172732880333405
POLICY_P1,PLANNING,20,2,Line.tpx260595c0,Triplex,1,2,C,135.64262859090687,156.0,0.8695040294288902
POLICY_P1,PLANNING,20,3,Line.tpx21197413c0,Triplex,1,1,C,129.75546406444298,156.0,0.8317657952848909
POLICY_P1,PLANNING,20,4,Line.tpx2224230689c0,Triplex,1,2,C,128.89893271323868,156.0,0.8262752097002479
POLICY_P1,PLANNING,20,5,Line.tpx226308719b0,Triplex,1,1,B,128.5252424324948,156.0,0.8238797591826589
POLICY_P1,PLANNING,20,6,Line.tpx226308710b0,Triplex,1,2,B,126.46688644494404,156.0,0.810685169518872
POLICY_P1,PLANNING,20,7,Line.tpx226308725b0,Triplex,1,2,B,119.92768115529522,156.0,0.7687671868929181
POLICY_P1,PLANNING,20,8,Line.tpx227944551c0,Triplex,1,1,C,429.1063380314676,580.0,0.7398385138473579
POLICY_P1,PLANNING,20,9,Line.tpx226192801c0,Triplex,1,2,C,115.14687206887811,156.0,0.7381209748005008
POLICY_P1,PLANNING,20,10,Line.tpx293664b0,Triplex,1,2,B,114.3520770391781,156.0,0.7330261348665262
POLICY_P1,PLANNING,20,11,Line.tpx21458756c0,Triplex,1,2,C,110.87925006192489,156.0,0.7107644234738775
POLICY_P1,PLANNING,20,12,Line.tpx260595b0,Triplex,1,1,B,102.07263018839886,156.0,0.6543117319769157
POLICY_P1,PLANNING,20,13,Line.tpx21459651c0,Triplex,1,2,C,101.77652570413079,156.0,0.6524136263085307
POLICY_P1,PLANNING,20,14,Line.tpx260595a0,Triplex,1,1,A,101.28387753361945,156.0,0.6492556252155093
POLICY_P1,PLANNING,20,15,Line.tpx226308729b0,Triplex,1,2,B,97.86261208078531,156.0,0.6273244364152905
POLICY_P1,PLANNING,20,16,Line.tpx226308730a0,Triplex,1,1,A,96.28420144973096,156.0,0.6172064195495575
POLICY_P1,PLANNING,20,17,Line.tpx226308720a0,Triplex,1,1,A,94.89503469389541,156.0,0.6083015044480475
POLICY_P1,PLANNING,20,18,Line.tpx227944551b0,Triplex,1,2,B,350.653749484843,580.0,0.604575430146281
POLICY_P1,PLANNING,20,19,Line.tpx226308716b0,Triplex,1,1,B,93.72489595403287,156.0,0.6008006150899543
POLICY_P1,PLANNING,20,20,Line.tpx21459629c0,Triplex,1,1,C,93.2880465869181,156.0,0.5980002986340904
POLICY_P1,PLANNING,21,1,Line.tpx21459660c0,Triplex,1,1,C,143.0946329332128,156.0,0.9172732880334155
POLICY_P1,PLANNING,21,2,Line.tpx260595c0,Triplex,1,2,C,135.64262859051652,156.0,0.8695040294263879
POLICY_P1,PLANNING,21,3,Line.tpx21197413c0,Triplex,1,1,C,129.7554640641989,156.0,0.8317657952833262
POLICY_P1,PLANNING,21,4,Line.tpx2224230689c0,Triplex,1,2,C,128.89893271296035,156.0,0.8262752096984638
POLICY_P1,PLANNING,21,5,Line.tpx226308719b0,Triplex,1,1,B,128.52524243232398,156.0,0.823879759181564
POLICY_P1,PLANNING,21,6,Line.tpx226308710b0,Triplex,1,2,B,126.46688644477402,156.0,0.8106851695177821
POLICY_P1,PLANNING,21,7,Line.tpx226308725b0,Triplex,1,2,B,119.92768115513334,156.0,0.7687671868918804
POLICY_P1,PLANNING,21,8,Line.tpx227944551c0,Triplex,1,1,C,429.10633803072415,580.0,0.7398385138460761
POLICY_P1,PLANNING,21,9,Line.tpx226192801c0,Triplex,1,2,C,115.14687206889788,156.0,0.7381209748006274
POLICY_P1,PLANNING,21,10,Line.tpx293664b0,Triplex,1,2,B,114.35207703888693,156.0,0.7330261348646598
POLICY_P1,PLANNING,21,11,Line.tpx21458756c0,Triplex,1,2,C,110.87925006194966,156.0,0.7107644234740363
POLICY_P1,PLANNING,21,12,Line.tpx260595b0,Triplex,1,1,B,102.07263018826568,156.0,0.6543117319760621
POLICY_P1,PLANNING,21,13,Line.tpx21459651c0,Triplex,1,2,C,101.77652570415835,156.0,0.6524136263087074
POLICY_P1,PLANNING,21,14,Line.tpx260595a0,Triplex,1,1,A,101.28387753451953,156.0,0.6492556252212791
POLICY_P1,PLANNING,21,15,Line.tpx226308729b0,Triplex,1,2,B,97.8626120806484,156.0,0.6273244364144128
POLICY_P1,PLANNING,21,16,Line.tpx226308730a0,Triplex,1,1,A,96.28420145059928,156.0,0.6172064195551236
POLICY_P1,PLANNING,21,17,Line.tpx226308720a0,Triplex,1,1,A,94.89503469475028,156.0,0.6083015044535275
POLICY_P1,PLANNING,21,18,Line.tpx227944551b0,Triplex,1,2,B,350.6537494847067,580.0,0.604575430146046
POLICY_P1,PLANNING,21,19,Line.tpx226308716b0,Triplex,1,1,B,93.72489595390336,156.0,0.6008006150891241
POLICY_P1,PLANNING,21,20,Line.tpx21459629c0,Triplex,1,1,C,93.28804658694268,156.0,0.598000298634248
POLICY_P1,PLANNING,22,1,Line.tpx21459660c0,Triplex,1,1,C,143.27055432263845,156.0,0.9184009892476823
POLICY_P1,PLANNING,22,2,Line.tpx260595c0,Triplex,1,2,C,135.76194211647208,156.0,0.8702688597209749
POLICY_P1,PLANNING,22,3,Line.tpx21197413c0,Triplex,1,1,C,129.93554438595254,156.0,0.8329201563202085
POLICY_P1,PLANNING,22,4,Line.tpx2224230689c0,Triplex,1,2,C,129.04600514717092,156.0,0.827217981712634
POLICY_P1,PLANNING,22,5,Line.tpx226308719b0,Triplex,1,1,B,128.7170444864602,156.0,0.825109259528591
POLICY_P1,PLANNING,22,6,Line.tpx226308710b0,Triplex,1,2,B,126.65498611930384,156.0,0.8118909366622041
POLICY_P1,PLANNING,22,7,Line.tpx226308725b0,Triplex,1,2,B,120.10617127435692,156.0,0.7699113543228008
POLICY_P1,PLANNING,22,8,Line.tpx227944551c0,Triplex,1,1,C,429.36364007610445,580.0,0.7402821380622491
POLICY_P1,PLANNING,22,9,Line.tpx226192801c0,Triplex,1,2,C,115.28629676985774,156.0,0.7390147228837035
POLICY_P1,PLANNING,22,10,Line.tpx293664b0,Triplex,1,2,B,114.61892322885949,156.0,0.7347366873644839
POLICY_P1,PLANNING,22,11,Line.tpx21458756c0,Triplex,1,2,C,111.0130121966762,156.0,0.7116218730556166
POLICY_P1,PLANNING,22,12,Line.tpx260595b0,Triplex,1,1,B,102.21728628004283,156.0,0.6552390146156591
POLICY_P1,PLANNING,22,13,Line.tpx21459651c0,Triplex,1,2,C,101.89883544714219,156.0,0.6531976631227063
POLICY_P1,PLANNING,22,14,Line.tpx260595a0,Triplex,1,1,A,101.48150765875701,156.0,0.6505224849920321
POLICY_P1,PLANNING,22,15,Line.tpx226308729b0,Triplex,1,2,B,98.00678626030846,156.0,0.6282486298737722
POLICY_P1,PLANNING,22,16,Line.tpx226308730a0,Triplex,1,1,A,96.48155236103031,156.0,0.618471489493784
POLICY_P1,PLANNING,22,17,Line.tpx226308720a0,Triplex,1,1,A,95.0889633819396,156.0,0.6095446370637154
POLICY_P1,PLANNING,22,18,Line.tpx227944551b0,Triplex,1,2,B,350.9364759636455,580.0,0.6050628895924922
POLICY_P1,PLANNING,22,19,Line.tpx226308716b0,Triplex,1,1,B,93.8620281505301,156.0,0.6016796676316032
POLICY_P1,PLANNING,22,20,Line.tpx21459629c0,Triplex,1,1,C,93.39961737735187,156.0,0.5987154960086658
POLICY_P1,PLANNING,23,1,Line.tpx21459660c0,Triplex,1,1,C,143.27055432132644,156.0,0.918400989239272
POLICY_P1,PLANNING,23,2,Line.tpx260595c0,Triplex,1,2,C,135.76194211601418,156.0,0.8702688597180396
POLICY_P1,PLANNING,23,3,Line.tpx21197413c0,Triplex,1,1,C,129.9355443851613,156.0,0.8329201563151366
POLICY_P1,PLANNING,23,4,Line.tpx2224230689c0,Triplex,1,2,C,129.04600514646563,156.0,0.827217981708113
POLICY_P1,PLANNING,23,5,Line.tpx226308719b0,Triplex,1,1,B,128.7170444864169,156.0,0.8251092595283135
POLICY_P1,PLANNING,23,6,Line.tpx226308710b0,Triplex,1,2,B,126.65498611926235,156.0,0.8118909366619381
POLICY_P1,PLANNING,23,7,Line.tpx226308725b0,Triplex,1,2,B,120.10617127432123,156.0,0.769911354322572
POLICY_P1,PLANNING,23,8,Line.tpx227944551c0,Triplex,1,1,C,429.36364007538793,580.0,0.7402821380610137
POLICY_P1,PLANNING,23,9,Line.tpx226192801c0,Triplex,1,2,C,115.28629676880016,156.0,0.739014722876924
POLICY_P1,PLANNING,23,10,Line.tpx293664b0,Triplex,1,2,B,114.61892322864652,156.0,0.7347366873631187
POLICY_P1,PLANNING,23,11,Line.tpx21458756c0,Triplex,1,2,C,111.01301219565772,156.0,0.711621873049088
POLICY_P1,PLANNING,23,12,Line.tpx260595b0,Triplex,1,1,B,102.21728628002309,156.0,0.6552390146155326
POLICY_P1,PLANNING,23,13,Line.tpx21459651c0,Triplex,1,2,C,101.89883544620562,156.0,0.6531976631167027
POLICY_P1,PLANNING,23,14,Line.tpx260595a0,Triplex,1,1,A,101.48150765900297,156.0,0.6505224849936088
POLICY_P1,PLANNING,23,15,Line.tpx226308729b0,Triplex,1,2,B,98.00678626028932,156.0,0.6282486298736495
POLICY_P1,PLANNING,23,16,Line.tpx226308730a0,Triplex,1,1,A,96.48155236125652,156.0,0.6184714894952341
POLICY_P1,PLANNING,23,17,Line.tpx226308720a0,Triplex,1,1,A,95.08896338216229,156.0,0.6095446370651428
POLICY_P1,PLANNING,23,18,Line.tpx227944551b0,Triplex,1,2,B,350.93647596355373,580.0,0.605062889592334
POLICY_P1,PLANNING,23,19,Line.tpx226308716b0,Triplex,1,1,B,93.86202815051283,156.0,0.6016796676314925
POLICY_P1,PLANNING,23,20,Line.tpx21459629c0,Triplex,1,1,C,93.39961737649358,156.0,0.598715496003164
POLICY_P1,PLANNING,24,1,Line.tpx21459660c0,Triplex,1,1,C,143.54911193914597,156.0,0.9201866149945255
POLICY_P1,PLANNING,24,2,Line.tpx260595c0,Triplex,1,2,C,135.9461490034153,156.0,0.8714496730988159
POLICY_P1,PLANNING,24,3,Line.tpx21197413c0,Triplex,1,1,C,130.21746203333691,156.0,0.8347273207265187
POLICY_P1,PLANNING,24,4,Line.tpx2224230689c0,Triplex,1,2,C,129.2763214664201,156.0,0.8286943683744877
POLICY_P1,PLANNING,24,5,Line.tpx226308719b0,Triplex,1,1,B,129.01845893910485,156.0,0.8270414034558004
POLICY_P1,PLANNING,24,6,Line.tpx226308710b0,Triplex,1,2,B,126.95058502519151,156.0,0.8137858014435354
POLICY_P1,PLANNING,24,7,Line.tpx226308725b0,Triplex,1,2,B,120.38665420294312,156.0,0.771709321813738
POLICY_P1,PLANNING,24,8,Line.tpx227944551c0,Triplex,1,1,C,429.76199061034816,580.0,0.7409689493281865
POLICY_P1,PLANNING,24,9,Line.tpx226192801c0,Triplex,1,2,C,115.50704833854446,156.0,0.7404297970419517
POLICY_P1,PLANNING,24,10,Line.tpx293664b0,Triplex,1,2,B,114.27327840742613,156.0,0.7325210154322188
POLICY_P1,PLANNING,24,11,Line.tpx21458756c0,Triplex,1,2,C,111.22479442969,156.0,0.7129794514723717
POLICY_P1,PLANNING,24,12,Line.tpx260595b0,Triplex,1,1,B,102.44459078110965,156.0,0.6566960947507029
POLICY_P1,PLANNING,24,13,Line.tpx21459651c0,Triplex,1,2,C,102.09248181315132,156.0,0.6544389859817392
POLICY_P1,PLANNING,24,14,Line.tpx260595a0,Triplex,1,1,A,101.7892556796981,156.0,0.6524952287160135
POLICY_P1,PLANNING,24,15,Line.tpx226308729b0,Triplex,1,2,B,98.23332614555446,156.0,0.629700808625349
POLICY_P1,PLANNING,24,16,Line.tpx226308730a0,Triplex,1,1,A,96.78888935962028,156.0,0.6204415984591044
POLICY_P1,PLANNING,24,17,Line.tpx226308720a0,Triplex,1,1,A,95.39096744993421,156.0,0.6114805605765014
POLICY_P1,PLANNING,24,18,Line.tpx227944551b0,Triplex,1,2,B,351.3800997243538,580.0,0.6058277581454375
POLICY_P1,PLANNING,24,19,Line.tpx226308716b0,Triplex,1,1,B,94.07750843341695,156.0,0.6030609514962625
POLICY_P1,PLANNING,24,20,Line.tpx21459629c0,Triplex,1,1,C,93.5762572804905,156.0,0.5998478030800672
POLICY_P1,PLANNING,25,1,Line.tpx21459660c0,Triplex,1,1,C,143.54911193923658,156.0,0.9201866149951063
POLICY_P1,PLANNING,25,2,Line.tpx260595c0,Triplex,1,2,C,135.94614900364473,156.0,0.8714496731002868
POLICY_P1,PLANNING,25,3,Line.tpx21197413c0,Triplex,1,1,C,130.21746203355534,156.0,0.8347273207279188
POLICY_P1,PLANNING,25,4,Line.tpx2224230689c0,Triplex,1,2,C,129.27632146664638,156.0,0.8286943683759384
POLICY_P1,PLANNING,25,5,Line.tpx226308719b0,Triplex,1,1,B,129.01845893940094,156.0,0.8270414034576984
POLICY_P1,PLANNING,25,6,Line.tpx226308710b0,Triplex,1,2,B,126.95058502547919,156.0,0.8137858014453794
POLICY_P1,PLANNING,25,7,Line.tpx226308725b0,Triplex,1,2,B,120.38665420321504,156.0,0.771709321815481
POLICY_P1,PLANNING,25,8,Line.tpx227944551c0,Triplex,1,1,C,429.76199061090887,580.0,0.7409689493291532
POLICY_P1,PLANNING,25,9,Line.tpx226192801c0,Triplex,1,2,C,115.50704833861097,156.0,0.740429797042378
POLICY_P1,PLANNING,25,10,Line.tpx293664b0,Triplex,1,2,B,114.27327840777437,156.0,0.7325210154344511
POLICY_P1,PLANNING,25,11,Line.tpx21458756c0,Triplex,1,2,C,111.2247944297547,156.0,0.7129794514727865
POLICY_P1,PLANNING,25,12,Line.tpx260595b0,Triplex,1,1,B,102.44459078131773,156.0,0.6566960947520367
POLICY_P1,PLANNING,25,13,Line.tpx21459651c0,Triplex,1,2,C,102.0924818132052,156.0,0.6544389859820846
POLICY_P1,PLANNING,25,14,Line.tpx260595a0,Triplex,1,1,A,101.78925567964465,156.0,0.6524952287156709
POLICY_P1,PLANNING,25,15,Line.tpx226308729b0,Triplex,1,2,B,98.23332614576876,156.0,0.6297008086267228
POLICY_P1,PLANNING,25,16,Line.tpx226308730a0,Triplex,1,1,A,96.78888935958008,156.0,0.6204415984588467
POLICY_P1,PLANNING,25,17,Line.tpx226308720a0,Triplex,1,1,A,95.39096744989355,156.0,0.6114805605762407
POLICY_P1,PLANNING,25,18,Line.tpx227944551b0,Triplex,1,2,B,351.38009972453006,580.0,0.6058277581457415
POLICY_P1,PLANNING,25,19,Line.tpx226308716b0,Triplex,1,1,B,94.07750843362373,156.0,0.6030609514975881
POLICY_P1,PLANNING,25,20,Line.tpx21459629c0,Triplex,1,1,C,93.57625728054141,156.0,0.5998478030803936
POLICY_P1,PLANNING,26,1,Line.tpx21459660c0,Triplex,1,1,C,143.82482685076556,156.0,0.9219540182741383
POLICY_P1,PLANNING,26,2,Line.tpx260595c0,Triplex,1,2,C,136.13357455535782,156.0,0.8726511189446015
POLICY_P1,PLANNING,26,3,Line.tpx21197413c0,Triplex,1,1,C,130.49648618839194,156.0,0.8365159371050765
POLICY_P1,PLANNING,26,4,Line.tpx2224230689c0,Triplex,1,2,C,129.5077598295241,156.0,0.8301779476251545
POLICY_P1,PLANNING,26,5,Line.tpx226308719b0,Triplex,1,1,B,129.30226085788348,156.0,0.8288606465248941
POLICY_P1,PLANNING,26,6,Line.tpx226308710b0,Triplex,1,2,B,127.22891794909147,156.0,0.8155699868531504
POLICY_P1,PLANNING,26,7,Line.tpx226308725b0,Triplex,1,2,B,120.65073100924711,156.0,0.7734021218541481
POLICY_P1,PLANNING,26,8,Line.tpx226192801c0,Triplex,1,2,C,115.72552725276827,156.0,0.7418303029023607
POLICY_P1,PLANNING,26,9,Line.tpx227944551c0,Triplex,1,1,C,430.14532712707404,580.0,0.7416298743570242
POLICY_P1,PLANNING,26,10,Line.tpx293664b0,Triplex,1,2,B,114.67751933266476,156.0,0.7351123034145177
POLICY_P1,PLANNING,26,11,Line.tpx21458756c0,Triplex,1,2,C,111.4343917813424,156.0,0.7143230242393743
POLICY_P1,PLANNING,26,12,Line.tpx260595b0,Triplex,1,1,B,102.65846233913996,156.0,0.6580670662765382
POLICY_P1,PLANNING,26,13,Line.tpx21459651c0,Triplex,1,2,C,102.2841260672969,156.0,0.6556674747903647
POLICY_P1,PLANNING,26,14,Line.tpx260595a0,Triplex,1,1,A,102.02511573577814,156.0,0.654007152152424
POLICY_P1,PLANNING,26,15,Line.tpx226308729b0,Triplex,1,2,B,98.44659263524096,156.0,0.6310679015079549
POLICY_P1,PLANNING,26,16,Line.tpx226308730a0,Triplex,1,1,A,97.02489182361889,156.0,0.6219544347667877
POLICY_P1,PLANNING,26,17,Line.tpx226308720a0,Triplex,1,1,A,95.6227883374033,156.0,0.6129665919064314
POLICY_P1,PLANNING,26,18,Line.tpx227944551b0,Triplex,1,2,B,351.79209778351577,580.0,0.6065380996267513
POLICY_P1,PLANNING,26,19,Line.tpx226308716b0,Triplex,1,1,B,94.28037549191774,156.0,0.6043613813584471
POLICY_P1,PLANNING,26,20,Line.tpx21459629c0,Triplex,1,1,C,93.75106598907009,156.0,0.6009683717248082
POLICY_P1,PLANNING,27,1,Line.tpx21459660c0,Triplex,1,1,C,143.82482685278578,156.0,0.9219540182870883
POLICY_P1,PLANNING,27,2,Line.tpx260595c0,Triplex,1,2,C,136.13357455664558,156.0,0.8726511189528563
POLICY_P1,PLANNING,27,3,Line.tpx21197413c0,Triplex,1,1,C,130.49648619005444,156.0,0.8365159371157336
POLICY_P1,PLANNING,27,4,Line.tpx2224230689c0,Triplex,1,2,C,129.5077598311229,156.0,0.8301779476354033
POLICY_P1,PLANNING,27,5,Line.tpx226308719b0,Triplex,1,1,B,129.30226085890845,156.0,0.8288606465314644
POLICY_P1,PLANNING,27,6,Line.tpx226308710b0,Triplex,1,2,B,127.2289179500985,156.0,0.8155699868596058
POLICY_P1,PLANNING,27,7,Line.tpx226308725b0,Triplex,1,2,B,120.6507310101991,156.0,0.7734021218602506
POLICY_P1,PLANNING,27,8,Line.tpx226192801c0,Triplex,1,2,C,115.72552725438247,156.0,0.7418303029127081
POLICY_P1,PLANNING,27,9,Line.tpx227944551c0,Triplex,1,1,C,430.1453271292074,580.0,0.7416298743607024
POLICY_P1,PLANNING,27,10,Line.tpx293664b0,Triplex,1,2,B,114.67751933386536,156.0,0.7351123034222139
POLICY_P1,PLANNING,27,11,Line.tpx21458756c0,Triplex,1,2,C,111.43439178289304,156.0,0.7143230242493144
POLICY_P1,PLANNING,27,12,Line.tpx260595b0,Triplex,1,1,B,102.65846233991893,156.0,0.6580670662815316
POLICY_P1,PLANNING,27,13,Line.tpx21459651c0,Triplex,1,2,C,102.28412606871758,156.0,0.6556674747994717
POLICY_P1,PLANNING,27,14,Line.tpx260595a0,Triplex,1,1,A,102.02511573449385,156.0,0.6540071521441914
POLICY_P1,PLANNING,27,15,Line.tpx226308729b0,Triplex,1,2,B,98.44659263601079,156.0,0.6310679015128897
POLICY_P1,PLANNING,27,16,Line.tpx226308730a0,Triplex,1,1,A,97.02489182236815,156.0,0.6219544347587702
POLICY_P1,PLANNING,27,17,Line.tpx226308720a0,Triplex,1,1,A,95.62278833617478,156.0,0.6129665918985563
POLICY_P1,PLANNING,27,18,Line.tpx227944551b0,Triplex,1,2,B,351.79209778474706,580.0,0.6065380996288743
POLICY_P1,PLANNING,27,19,Line.tpx226308716b0,Triplex,1,1,B,94.2803754926516,156.0,0.6043613813631513
POLICY_P1,PLANNING,27,20,Line.tpx21459629c0,Triplex,1,1,C,93.75106599037069,156.0,0.6009683717331454
POLICY_P1,PLANNING,28,1,Line.tpx21459660c0,Triplex,1,1,C,143.7485740911197,156.0,0.9214652185328186
POLICY_P1,PLANNING,28,2,Line.tpx260595c0,Triplex,1,2,C,136.01895471618147,156.0,0.8719163763857787
POLICY_P1,PLANNING,28,3,Line.tpx21197413c0,Triplex,1,1,C,130.4490245246866,156.0,0.8362116956710679
POLICY_P1,PLANNING,28,4,Line.tpx2224230689c0,Triplex,1,2,C,129.4301909314718,156.0,0.8296807110991782
POLICY_P1,PLANNING,28,5,Line.tpx226308719b0,Triplex,1,1,B,129.2771934012288,156.0,0.8286999577001846
POLICY_P1,PLANNING,28,6,Line.tpx226308710b0,Triplex,1,2,B,127.20379495363115,156.0,0.8154089420104561
POLICY_P1,PLANNING,28,7,Line.tpx226308725b0,Triplex,1,2,B,120.627257598264,156.0,0.773251651270923
POLICY_P1,PLANNING,28,8,Line.tpx226192801c0,Triplex,1,2,C,115.66355502065348,156.0,0.7414330450041889
POLICY_P1,PLANNING,28,9,Line.tpx227944551c0,Triplex,1,1,C,429.6795802878871,580.0,0.7408268625653226
POLICY_P1,PLANNING,28,10,Line.tpx293664b0,Triplex,1,2,B,114.74890467787361,156.0,0.735569901781241
POLICY_P1,PLANNING,28,11,Line.tpx21458756c0,Triplex,1,2,C,111.37457431274245,156.0,0.7139395789278362
POLICY_P1,PLANNING,28,12,Line.tpx260595b0,Triplex,1,1,B,102.63218938539006,156.0,0.6578986499063466
POLICY_P1,PLANNING,28,13,Line.tpx21459651c0,Triplex,1,2,C,102.2290845149014,156.0,0.655314644326291
POLICY_P1,PLANNING,28,14,Line.tpx260595a0,Triplex,1,1,A,102.05242786794875,156.0,0.6541822299227484
POLICY_P1,PLANNING,28,15,Line.tpx226308729b0,Triplex,1,2,B,98.42683686336805,156.0,0.630941261944667
POLICY_P1,PLANNING,28,16,Line.tpx226308730a0,Triplex,1,1,A,97.06041999739327,156.0,0.6221821794704697
POLICY_P1,PLANNING,28,17,Line.tpx226308720a0,Triplex,1,1,A,95.65730672694434,156.0,0.6131878636342586
POLICY_P1,PLANNING,28,18,Line.tpx227944551b0,Triplex,1,2,B,351.49192675324446,580.0,0.6060205633676629
POLICY_P1,PLANNING,28,19,Line.tpx226308716b0,Triplex,1,1,B,94.26074509417201,156.0,0.6042355454754615
POLICY_P1,PLANNING,28,20,Line.tpx21459629c0,Triplex,1,1,C,93.70046089150807,156.0,0.6006439800737697
POLICY_P1,PLANNING,29,1,Line.tpx21459660c0,Triplex,1,1,C,143.74857409165847,156.0,0.9214652185362723
POLICY_P1,PLANNING,29,2,Line.tpx260595c0,Triplex,1,2,C,136.01895471703276,156.0,0.8719163763912356
POLICY_P1,PLANNING,29,3,Line.tpx21197413c0,Triplex,1,1,C,130.44902452528845,156.0,0.8362116956749259
POLICY_P1,PLANNING,29,4,Line.tpx2224230689c0,Triplex,1,2,C,129.4301909320775,156.0,0.8296807111030609
POLICY_P1,PLANNING,29,5,Line.tpx226308719b0,Triplex,1,1,B,129.27719340129934,156.0,0.8286999577006368
POLICY_P1,PLANNING,29,6,Line.tpx226308710b0,Triplex,1,2,B,127.2037949537009,156.0,0.8154089420109033
POLICY_P1,PLANNING,29,7,Line.tpx226308725b0,Triplex,1,2,B,120.6272575983274,156.0,0.7732516512713296
POLICY_P1,PLANNING,29,8,Line.tpx226192801c0,Triplex,1,2,C,115.6635550210816,156.0,0.7414330450069334
POLICY_P1,PLANNING,29,9,Line.tpx227944551c0,Triplex,1,1,C,429.67958028997685,580.0,0.7408268625689256
POLICY_P1,PLANNING,29,10,Line.tpx293664b0,Triplex,1,2,B,114.74890467794367,156.0,0.7355699017816902
POLICY_P1,PLANNING,29,11,Line.tpx21458756c0,Triplex,1,2,C,111.37457431315171,156.0,0.7139395789304597
POLICY_P1,PLANNING,29,12,Line.tpx260595b0,Triplex,1,1,B,102.63218938543356,156.0,0.6578986499066254
POLICY_P1,PLANNING,29,13,Line.tpx21459651c0,Triplex,1,2,C,102.22908451527525,156.0,0.6553146443286875
POLICY_P1,PLANNING,29,14,Line.tpx260595a0,Triplex,1,1,A,102.05242786788779,156.0,0.6541822299223576
POLICY_P1,PLANNING,29,15,Line.tpx226308729b0,Triplex,1,2,B,98.4268368634152,156.0,0.6309412619449692
POLICY_P1,PLANNING,29,16,Line.tpx226308730a0,Triplex,1,1,A,97.06041999733321,156.0,0.6221821794700847
POLICY_P1,PLANNING,29,17,Line.tpx226308720a0,Triplex,1,1,A,95.65730672689065,156.0,0.6131878636339144
POLICY_P1,PLANNING,29,18,Line.tpx227944551b0,Triplex,1,2,B,351.491926753258,580.0,0.6060205633676862
POLICY_P1,PLANNING,29,19,Line.tpx226308716b0,Triplex,1,1,B,94.26074509421325,156.0,0.604235545475726
POLICY_P1,PLANNING,29,20,Line.tpx21459629c0,Triplex,1,1,C,93.70046089184828,156.0,0.6006439800759505
POLICY_P1,PLANNING,30,1,Line.tpx21459660c0,Triplex,1,1,C,142.3413545328702,156.0,0.9124445803389116
POLICY_P1,PLANNING,30,2,Line.tpx260595c0,Triplex,1,2,C,134.7114116477376,156.0,0.8635346900496
POLICY_P1,PLANNING,30,3,Line.tpx21197413c0,Triplex,1,1,C,129.17873759920548,156.0,0.8280688307641376
POLICY_P1,PLANNING,30,4,Line.tpx2224230689c0,Triplex,1,2,C,128.17812251407665,156.0,0.8216546315004913
POLICY_P1,PLANNING,30,5,Line.tpx226308719b0,Triplex,1,1,B,128.0267016502749,156.0,0.8206839849376596
POLICY_P1,PLANNING,30,6,Line.tpx226308710b0,Triplex,1,2,B,125.974384714507,156.0,0.8075281071442756
POLICY_P1,PLANNING,30,7,Line.tpx226308725b0,Triplex,1,2,B,119.4628207622993,156.0,0.7657873125788417
POLICY_P1,PLANNING,30,8,Line.tpx226192801c0,Triplex,1,2,C,114.53968577407416,156.0,0.7342287549620138
POLICY_P1,PLANNING,30,9,Line.tpx227944551c0,Triplex,1,1,C,425.6144159316262,580.0,0.7338179585028037
POLICY_P1,PLANNING,30,10,Line.tpx293664b0,Triplex,1,2,B,113.63649870668128,156.0,0.728439094273598
POLICY_P1,PLANNING,30,11,Line.tpx21458756c0,Triplex,1,2,C,110.2943270907589,156.0,0.7070149172484544
POLICY_P1,PLANNING,30,12,Line.tpx260595b0,Triplex,1,1,B,101.64761440541072,156.0,0.6515872718295559
POLICY_P1,PLANNING,30,13,Line.tpx21459651c0,Triplex,1,2,C,101.239395717163,156.0,0.6489704853664295
POLICY_P1,PLANNING,30,14,Line.tpx260595a0,Triplex,1,1,A,101.07364771970299,156.0,0.6479079982032243
POLICY_P1,PLANNING,30,15,Line.tpx226308729b0,Triplex,1,2,B,97.48192328210195,156.0,0.6248841236032175
POLICY_P1,PLANNING,30,16,Line.tpx226308730a0,Triplex,1,1,A,96.1293567006611,156.0,0.6162138250042378
POLICY_P1,PLANNING,30,17,Line.tpx226308720a0,Triplex,1,1,A,94.74018971441458,156.0,0.6073089084257345
POLICY_P1,PLANNING,30,18,Line.tpx227944551b0,Triplex,1,2,B,348.16567972926015,580.0,0.6002856547056209
POLICY_P1,PLANNING,30,19,Line.tpx226308716b0,Triplex,1,1,B,93.35721716154458,156.0,0.5984436997534909
POLICY_P1,PLANNING,30,20,Line.tpx21459629c0,Triplex,1,1,C,92.79545455284139,156.0,0.594842657390009
POLICY_P1,PLANNING,31,1,Line.tpx21459660c0,Triplex,1,1,C,142.34135453176432,156.0,0.9124445803318226
POLICY_P1,PLANNING,31,2,Line.tpx260595c0,Triplex,1,2,C,134.71141164721803,156.0,0.8635346900462694
POLICY_P1,PLANNING,31,3,Line.tpx21197413c0,Triplex,1,1,C,129.1787375983323,156.0,0.8280688307585404
POLICY_P1,PLANNING,31,4,Line.tpx2224230689c0,Triplex,1,2,C,128.17812251325617,156.0,0.8216546314952319
POLICY_P1,PLANNING,31,5,Line.tpx226308719b0,Triplex,1,1,B,128.02670165033953,156.0,0.8206839849380739
POLICY_P1,PLANNING,31,6,Line.tpx226308710b0,Triplex,1,2,B,125.97438471457113,156.0,0.8075281071446867
POLICY_P1,PLANNING,31,7,Line.tpx226308725b0,Triplex,1,2,B,119.46282076235728,156.0,0.7657873125792134
POLICY_P1,PLANNING,31,8,Line.tpx226192801c0,Triplex,1,2,C,114.53968577320269,156.0,0.7342287549564275
POLICY_P1,PLANNING,31,9,Line.tpx227944551c0,Triplex,1,1,C,425.61441593060533,580.0,0.7338179585010437
POLICY_P1,PLANNING,31,10,Line.tpx293664b0,Triplex,1,2,B,113.63649870683618,156.0,0.7284390942745909
POLICY_P1,PLANNING,31,11,Line.tpx21458756c0,Triplex,1,2,C,110.2943270899252,156.0,0.7070149172431103
POLICY_P1,PLANNING,31,12,Line.tpx260595b0,Triplex,1,1,B,101.64761440544936,156.0,0.6515872718298036
POLICY_P1,PLANNING,31,13,Line.tpx21459651c0,Triplex,1,2,C,101.23939571640344,156.0,0.6489704853615604
POLICY_P1,PLANNING,31,14,Line.tpx260595a0,Triplex,1,1,A,101.07364771910994,156.0,0.6479079981994227
POLICY_P1,PLANNING,31,15,Line.tpx226308729b0,Triplex,1,2,B,97.48192328214026,156.0,0.6248841236034632
POLICY_P1,PLANNING,31,16,Line.tpx226308730a0,Triplex,1,1,A,96.12935670009036,156.0,0.6162138250005792
POLICY_P1,PLANNING,31,17,Line.tpx226308720a0,Triplex,1,1,A,94.74018971385372,156.0,0.6073089084221392
POLICY_P1,PLANNING,31,18,Line.tpx227944551b0,Triplex,1,2,B,348.1656797292689,580.0,0.600285654705636
POLICY_P1,PLANNING,31,19,Line.tpx226308716b0,Triplex,1,1,B,93.35721716158149,156.0,0.5984436997537275
POLICY_P1,PLANNING,31,20,Line.tpx21459629c0,Triplex,1,1,C,92.79545455214713,156.0,0.5948426573855585
POLICY_P1,PLANNING,32,1,Line.tpx21459660c0,Triplex,1,1,C,140.03531074845992,156.0,0.8976622483875636
POLICY_P1,PLANNING,32,2,Line.tpx260595c0,Triplex,1,2,C,132.6037851916396,156.0,0.8500242640489717
POLICY_P1,PLANNING,32,3,Line.tpx21197413c0,Triplex,1,1,C,127.07916335657487,156.0,0.8146100215165055
POLICY_P1,PLANNING,32,4,Line.tpx2224230689c0,Triplex,1,2,C,126.13366075762387,156.0,0.8085491074206659
POLICY_P1,PLANNING,32,5,Line.tpx226308719b0,Triplex,1,1,B,125.94210018327963,156.0,0.8073211550210233
POLICY_P1,PLANNING,32,6,Line.tpx226308710b0,Triplex,1,2,B,123.92527120826739,156.0,0.7943927641555601
POLICY_P1,PLANNING,32,7,Line.tpx226308725b0,Triplex,1,2,B,117.52166716862538,156.0,0.7533440203117012
POLICY_P1,PLANNING,32,8,Line.tpx227944551c0,Triplex,1,1,C,419.14945468764165,580.0,0.7226714735993821
POLICY_P1,PLANNING,32,9,Line.tpx226192801c0,Triplex,1,2,C,112.69846765577711,156.0,0.7224260747165199
POLICY_P1,PLANNING,32,10,Line.tpx293664b0,Triplex,1,2,B,111.70503148112053,156.0,0.716057894109747
POLICY_P1,PLANNING,32,11,Line.tpx21458756c0,Triplex,1,2,C,108.52469109634713,156.0,0.6956710967714559
POLICY_P1,PLANNING,32,12,Line.tpx260595b0,Triplex,1,1,B,100.0112967941649,156.0,0.641098056372852
POLICY_P1,PLANNING,32,13,Line.tpx21459651c0,Triplex,1,2,C,99.6182219340863,156.0,0.6385783457313224
POLICY_P1,PLANNING,32,14,Line.tpx260595a0,Triplex,1,1,A,99.40281143537167,156.0,0.6371975092011005
POLICY_P1,PLANNING,32,15,Line.tpx226308729b0,Triplex,1,2,B,95.90705501469338,156.0,0.6147888141967525
POLICY_P1,PLANNING,32,16,Line.tpx226308730a0,Triplex,1,1,A,94.53210911120533,156.0,0.6059750584051624
POLICY_P1,PLANNING,32,17,Line.tpx226308720a0,Triplex,1,1,A,93.16723637790065,156.0,0.5972258742173119
POLICY_P1,PLANNING,32,18,Line.tpx227944551b0,Triplex,1,2,B,342.8096556823079,580.0,0.5910511304867377
POLICY_P1,PLANNING,32,19,Line.tpx226308716b0,Triplex,1,1,B,91.8518698988848,156.0,0.5887940378133641
POLICY_P1,PLANNING,32,20,Line.tpx21459629c0,Triplex,1,1,C,91.31312460384241,156.0,0.5853405423323231
POLICY_P1,PLANNING,33,1,Line.tpx21459660c0,Triplex,1,1,C,140.03531074692341,156.0,0.8976622483777142
POLICY_P1,PLANNING,33,2,Line.tpx260595c0,Triplex,1,2,C,132.60378519116318,156.0,0.8500242640459178
POLICY_P1,PLANNING,33,3,Line.tpx21197413c0,Triplex,1,1,C,127.07916335549763,156.0,0.8146100215096002
POLICY_P1,PLANNING,33,4,Line.tpx2224230689c0,Triplex,1,2,C,126.13366075667483,156.0,0.8085491074145822
POLICY_P1,PLANNING,33,5,Line.tpx226308719b0,Triplex,1,1,B,125.94210018233916,156.0,0.8073211550149946
POLICY_P1,PLANNING,33,6,Line.tpx226308710b0,Triplex,1,2,B,123.92527120734401,156.0,0.7943927641496411
POLICY_P1,PLANNING,33,7,Line.tpx226308725b0,Triplex,1,2,B,117.52166716775103,156.0,0.7533440203060964
POLICY_P1,PLANNING,33,8,Line.tpx227944551c0,Triplex,1,1,C,419.14945468690746,580.0,0.7226714735981163
POLICY_P1,PLANNING,33,9,Line.tpx226192801c0,Triplex,1,2,C,112.69846765456626,156.0,0.7224260747087581
POLICY_P1,PLANNING,33,10,Line.tpx293664b0,Triplex,1,2,B,111.7050314799538,156.0,0.7160578941022679
POLICY_P1,PLANNING,33,11,Line.tpx21458756c0,Triplex,1,2,C,108.52469109518779,156.0,0.6956710967640243
POLICY_P1,PLANNING,33,12,Line.tpx260595b0,Triplex,1,1,B,100.01129679344808,156.0,0.6410980563682569
POLICY_P1,PLANNING,33,13,Line.tpx21459651c0,Triplex,1,2,C,99.61822193302956,156.0,0.6385783457245484
POLICY_P1,PLANNING,33,14,Line.tpx260595a0,Triplex,1,1,A,99.40281143529444,156.0,0.6371975092006054
POLICY_P1,PLANNING,33,15,Line.tpx226308729b0,Triplex,1,2,B,95.90705501398439,156.0,0.6147888141922077
POLICY_P1,PLANNING,33,16,Line.tpx226308730a0,Triplex,1,1,A,94.53210911113602,156.0,0.6059750584047181
POLICY_P1,PLANNING,33,17,Line.tpx226308720a0,Triplex,1,1,A,93.16723637783356,156.0,0.5972258742168818
POLICY_P1,PLANNING,33,18,Line.tpx227944551b0,Triplex,1,2,B,342.80965568090227,580.0,0.5910511304843142
POLICY_P1,PLANNING,33,19,Line.tpx226308716b0,Triplex,1,1,B,91.85186989820421,156.0,0.5887940378090014
POLICY_P1,PLANNING,33,20,Line.tpx21459629c0,Triplex,1,1,C,91.31312460288102,156.0,0.5853405423261604
POLICY_P1,PLANNING,34,1,Line.tpx21459660c0,Triplex,1,1,C,137.43424346806927,156.0,0.8809887401799312
POLICY_P1,PLANNING,34,2,Line.tpx260595c0,Triplex,1,2,C,130.25042682168834,156.0,0.8349386334723611
POLICY_P1,PLANNING,34,3,Line.tpx21197413c0,Triplex,1,1,C,124.69887503062654,156.0,0.7993517630168367
POLICY_P1,PLANNING,34,4,Line.tpx2224230689c0,Triplex,1,2,C,123.83208143432864,156.0,0.793795393809799
POLICY_P1,PLANNING,34,5,Line.tpx226308719b0,Triplex,1,1,B,123.57221042180583,156.0,0.7921295539859349
POLICY_P1,PLANNING,34,6,Line.tpx226308710b0,Triplex,1,2,B,121.59590244012331,156.0,0.7794609130777135
POLICY_P1,PLANNING,34,7,Line.tpx226308725b0,Triplex,1,2,B,115.31473597451611,156.0,0.7391970254776674
POLICY_P1,PLANNING,34,8,Line.tpx227944551c0,Triplex,1,1,C,411.99119959969005,580.0,0.7103296544822242
POLICY_P1,PLANNING,34,9,Line.tpx226192801c0,Triplex,1,2,C,110.62168423963372,156.0,0.7091133605104726
POLICY_P1,PLANNING,34,10,Line.tpx293664b0,Triplex,1,2,B,109.45970806950957,156.0,0.701664795317369
POLICY_P1,PLANNING,34,11,Line.tpx21458756c0,Triplex,1,2,C,106.52864855826546,156.0,0.6828759522965735
POLICY_P1,PLANNING,34,12,Line.tpx260595b0,Triplex,1,1,B,98.15388648395839,156.0,0.6291915800253742
POLICY_P1,PLANNING,34,13,Line.tpx21459651c0,Triplex,1,2,C,97.78963674128246,156.0,0.6268566457774517
POLICY_P1,PLANNING,34,14,Line.tpx260595a0,Triplex,1,1,A,97.4782580838392,156.0,0.624860628742559
POLICY_P1,PLANNING,34,15,Line.tpx226308729b0,Triplex,1,2,B,94.11652791882268,156.0,0.6033110764027095
POLICY_P1,PLANNING,34,16,Line.tpx226308730a0,Triplex,1,1,A,92.6874151912355,156.0,0.5941500973797148
POLICY_P1,PLANNING,34,17,Line.tpx226308720a0,Triplex,1,1,A,91.35080594288138,156.0,0.5855820893774447
POLICY_P1,PLANNING,34,18,Line.tpx227944551b0,Triplex,1,2,B,336.83914306607886,580.0,0.5807571432173774
POLICY_P1,PLANNING,34,19,Line.tpx226308716b0,Triplex,1,1,B,90.14067541799902,156.0,0.5778248424230706
POLICY_P1,PLANNING,34,20,Line.tpx21459629c0,Triplex,1,1,C,89.64114928741658,156.0,0.574622751842414
POLICY_P1,PLANNING,35,1,Line.tpx21459660c0,Triplex,1,1,C,137.4342434669741,156.0,0.8809887401729108
POLICY_P1,PLANNING,35,2,Line.tpx260595c0,Triplex,1,2,C,130.2504268209312,156.0,0.8349386334675077
POLICY_P1,PLANNING,35,3,Line.tpx21197413c0,Triplex,1,1,C,124.69887502970023,156.0,0.7993517630108989
POLICY_P1,PLANNING,35,4,Line.tpx2224230689c0,Triplex,1,2,C,123.83208143339287,156.0,0.7937953938038005
POLICY_P1,PLANNING,35,5,Line.tpx226308719b0,Triplex,1,1,B,123.57221042235126,156.0,0.7921295539894312
POLICY_P1,PLANNING,35,6,Line.tpx226308710b0,Triplex,1,2,B,121.59590244065893,156.0,0.779460913081147
POLICY_P1,PLANNING,35,7,Line.tpx226308725b0,Triplex,1,2,B,115.3147359750244,156.0,0.7391970254809257
POLICY_P1,PLANNING,35,8,Line.tpx227944551c0,Triplex,1,1,C,411.99119959865527,580.0,0.7103296544804402
POLICY_P1,PLANNING,35,9,Line.tpx226192801c0,Triplex,1,2,C,110.62168423875379,156.0,0.709113360504832
POLICY_P1,PLANNING,35,10,Line.tpx293664b0,Triplex,1,2,B,109.45970807033689,156.0,0.7016647953226723
POLICY_P1,PLANNING,35,11,Line.tpx21458756c0,Triplex,1,2,C,106.5286485574183,156.0,0.682875952291143
POLICY_P1,PLANNING,35,12,Line.tpx260595b0,Triplex,1,1,B,98.15388648438078,156.0,0.629191580028082
POLICY_P1,PLANNING,35,13,Line.tpx21459651c0,Triplex,1,2,C,97.78963674050462,156.0,0.6268566457724655
POLICY_P1,PLANNING,35,14,Line.tpx260595a0,Triplex,1,1,A,97.4782580844755,156.0,0.6248606287466378
POLICY_P1,PLANNING,35,15,Line.tpx226308729b0,Triplex,1,2,B,94.11652791923179,156.0,0.603311076405332
POLICY_P1,PLANNING,35,16,Line.tpx226308730a0,Triplex,1,1,A,92.68741519184117,156.0,0.5941500973835973
POLICY_P1,PLANNING,35,17,Line.tpx226308720a0,Triplex,1,1,A,91.35080594347414,156.0,0.5855820893812445
POLICY_P1,PLANNING,35,18,Line.tpx227944551b0,Triplex,1,2,B,336.83914306684125,580.0,0.5807571432186918
POLICY_P1,PLANNING,35,19,Line.tpx226308716b0,Triplex,1,1,B,90.14067541839229,156.0,0.5778248424255916
POLICY_P1,PLANNING,35,20,Line.tpx21459629c0,Triplex,1,1,C,89.64114928670118,156.0,0.5746227518378281
POLICY_P1,PLANNING,36,1,Line.tpx21459660c0,Triplex,1,1,C,134.91988625639516,156.0,0.8648710657461228
POLICY_P1,PLANNING,36,2,Line.tpx260595c0,Triplex,1,2,C,127.96976905026506,156.0,0.8203190323734939
POLICY_P1,PLANNING,36,3,Line.tpx21197413c0,Triplex,1,1,C,122.39932971627276,156.0,0.7846110879248254
POLICY_P1,PLANNING,36,4,Line.tpx2224230689c0,Triplex,1,2,C,121.60511656594737,156.0,0.7795199779868421
POLICY_P1,PLANNING,36,5,Line.tpx226308719b0,Triplex,1,1,B,121.28746424749549,156.0,0.7774837451762532
POLICY_P1,PLANNING,36,6,Line.tpx226308710b0,Triplex,1,2,B,119.35010285292951,156.0,0.7650647618777533
POLICY_P1,PLANNING,36,7,Line.tpx226308725b0,Triplex,1,2,B,113.18689422183789,156.0,0.7255570142425506
POLICY_P1,PLANNING,36,8,Line.tpx227944551c0,Triplex,1,1,C,405.0428562854247,580.0,0.6983497522162495
POLICY_P1,PLANNING,36,9,Line.tpx226192801c0,Triplex,1,2,C,108.61343554300454,156.0,0.6962399714295163
POLICY_P1,PLANNING,36,10,Line.tpx293664b0,Triplex,1,2,B,107.30063604849612,156.0,0.6878245900544623
POLICY_P1,PLANNING,36,11,Line.tpx21458756c0,Triplex,1,2,C,104.59831579507505,156.0,0.6705020243274041
POLICY_P1,PLANNING,36,12,Line.tpx260595b0,Triplex,1,1,B,96.36199599938178,156.0,0.6177051025601396
POLICY_P1,PLANNING,36,13,Line.tpx21459651c0,Triplex,1,2,C,96.02109618570638,156.0,0.6155198473442717
POLICY_P1,PLANNING,36,14,Line.tpx260595a0,Triplex,1,1,A,95.62483772900922,156.0,0.6129797290321104
POLICY_P1,PLANNING,36,15,Line.tpx226308729b0,Triplex,1,2,B,92.38970248626416,156.0,0.5922416826042574
POLICY_P1,PLANNING,36,16,Line.tpx226308730a0,Triplex,1,1,A,90.91171698068433,156.0,0.5827674165428482
POLICY_P1,PLANNING,36,17,Line.tpx226308720a0,Triplex,1,1,A,89.60223353590875,156.0,0.5743732918968509
POLICY_P1,PLANNING,36,18,Line.tpx227944551b0,Triplex,1,2,B,331.05625597867123,580.0,0.5707866482390883
POLICY_P1,PLANNING,36,19,Line.tpx226308716b0,Triplex,1,1,B,88.49019449387814,156.0,0.5672448364992189
POLICY_P1,PLANNING,36,20,Line.tpx21459629c0,Triplex,1,1,C,88.02390289386003,156.0,0.564255787781154
POLICY_P1,PLANNING,37,1,Line.tpx21459660c0,Triplex,1,1,C,134.9198862555891,156.0,0.8648710657409557
POLICY_P1,PLANNING,37,2,Line.tpx260595c0,Triplex,1,2,C,127.96976905001293,156.0,0.8203190323718778
POLICY_P1,PLANNING,37,3,Line.tpx21197413c0,Triplex,1,1,C,122.39932971569455,156.0,0.7846110879211189
POLICY_P1,PLANNING,37,4,Line.tpx2224230689c0,Triplex,1,2,C,121.6051165654518,156.0,0.7795199779836653
POLICY_P1,PLANNING,37,5,Line.tpx226308719b0,Triplex,1,1,B,121.28746424730774,156.0,0.7774837451750496
POLICY_P1,PLANNING,37,6,Line.tpx226308710b0,Triplex,1,2,B,119.35010285274355,156.0,0.7650647618765613
POLICY_P1,PLANNING,37,7,Line.tpx226308725b0,Triplex,1,2,B,113.18689422166129,156.0,0.7255570142414185
POLICY_P1,PLANNING,37,8,Line.tpx227944551c0,Triplex,1,1,C,405.0428562850789,580.0,0.6983497522156533
POLICY_P1,PLANNING,37,9,Line.tpx226192801c0,Triplex,1,2,C,108.6134355423791,156.0,0.696239971425507
POLICY_P1,PLANNING,37,10,Line.tpx293664b0,Triplex,1,2,B,107.30063604813385,156.0,0.6878245900521401
POLICY_P1,PLANNING,37,11,Line.tpx21458756c0,Triplex,1,2,C,104.5983157944777,156.0,0.670502024323575
POLICY_P1,PLANNING,37,12,Line.tpx260595b0,Triplex,1,1,B,96.36199599923371,156.0,0.6177051025591904
POLICY_P1,PLANNING,37,13,Line.tpx21459651c0,Triplex,1,2,C,96.02109618516259,156.0,0.6155198473407858
POLICY_P1,PLANNING,37,14,Line.tpx260595a0,Triplex,1,1,A,95.62483772872407,156.0,0.6129797290302825
POLICY_P1,PLANNING,37,15,Line.tpx226308729b0,Triplex,1,2,B,92.38970248611703,156.0,0.5922416826033143
POLICY_P1,PLANNING,37,16,Line.tpx226308730a0,Triplex,1,1,A,90.9117169804198,156.0,0.5827674165411525
POLICY_P1,PLANNING,37,17,Line.tpx226308720a0,Triplex,1,1,A,89.60223353565,156.0,0.5743732918951923
POLICY_P1,PLANNING,37,18,Line.tpx227944551b0,Triplex,1,2,B,331.05625597849763,580.0,0.570786648238789
POLICY_P1,PLANNING,37,19,Line.tpx226308716b0,Triplex,1,1,B,88.49019449373445,156.0,0.5672448364982977
POLICY_P1,PLANNING,37,20,Line.tpx21459629c0,Triplex,1,1,C,88.02390289336631,156.0,0.5642557877779891
POLICY_P1,PLANNING,38,1,Line.tpx21459660c0,Triplex,1,1,C,132.83917699285402,156.0,0.8515331858516283
POLICY_P1,PLANNING,38,2,Line.tpx260595c0,Triplex,1,2,C,126.09295391098111,156.0,0.8082881660960327
POLICY_P1,PLANNING,38,3,Line.tpx21197413c0,Triplex,1,1,C,120.49138025622364,156.0,0.7723806426681002
POLICY_P1,PLANNING,38,4,Line.tpx2224230689c0,Triplex,1,2,C,119.76382447123075,156.0,0.7677168235335304
POLICY_P1,PLANNING,38,5,Line.tpx226308719b0,Triplex,1,1,B,119.39395448568935,156.0,0.7653458620877522
POLICY_P1,PLANNING,38,6,Line.tpx226308710b0,Triplex,1,2,B,117.48891127233959,156.0,0.7531340466175614
POLICY_P1,PLANNING,38,7,Line.tpx226308725b0,Triplex,1,2,B,111.42329836462953,156.0,0.7142519125937791
POLICY_P1,PLANNING,38,8,Line.tpx227944551c0,Triplex,1,1,C,399.35093334244465,580.0,0.6885360919697322
POLICY_P1,PLANNING,38,9,Line.tpx226192801c0,Triplex,1,2,C,106.95133289467195,156.0,0.6855854672735381
POLICY_P1,PLANNING,38,10,Line.tpx293664b0,Triplex,1,2,B,105.49230428826155,156.0,0.6762327197965484
POLICY_P1,PLANNING,38,11,Line.tpx21458756c0,Triplex,1,2,C,103.00065126530738,156.0,0.6602605850340216
POLICY_P1,PLANNING,38,12,Line.tpx260595b0,Triplex,1,1,B,94.87781273180416,156.0,0.6081911072551548
POLICY_P1,PLANNING,38,13,Line.tpx21459651c0,Triplex,1,2,C,94.55729556233145,156.0,0.6061365100149452
POLICY_P1,PLANNING,38,14,Line.tpx260595a0,Triplex,1,1,A,94.07843378714732,156.0,0.6030668832509444
POLICY_P1,PLANNING,38,15,Line.tpx226308729b0,Triplex,1,2,B,90.95830497807624,156.0,0.5830660575517708
POLICY_P1,PLANNING,38,16,Line.tpx226308730a0,Triplex,1,1,A,89.4282899430551,156.0,0.5732582688657378
POLICY_P1,PLANNING,38,17,Line.tpx226308720a0,Triplex,1,1,A,88.14153061103555,156.0,0.5650098116092023
POLICY_P1,PLANNING,38,18,Line.tpx227944551b0,Triplex,1,2,B,326.3073424531212,580.0,0.5625988662984848
POLICY_P1,PLANNING,38,19,Line.tpx226308716b0,Triplex,1,1,B,87.12215795432655,156.0,0.5584753715020933
POLICY_P1,PLANNING,38,20,Line.tpx21459629c0,Triplex,1,1,C,86.68527566916904,156.0,0.5556748440331349
POLICY_P1,PLANNING,39,1,Line.tpx21459660c0,Triplex,1,1,C,132.83917699218972,156.0,0.85153318584737
POLICY_P1,PLANNING,39,2,Line.tpx260595c0,Triplex,1,2,C,126.09295391074671,156.0,0.8082881660945302
POLICY_P1,PLANNING,39,3,Line.tpx21197413c0,Triplex,1,1,C,120.49138025574317,156.0,0.7723806426650203
POLICY_P1,PLANNING,39,4,Line.tpx2224230689c0,Triplex,1,2,C,119.76382447076313,156.0,0.7677168235305328
POLICY_P1,PLANNING,39,5,Line.tpx226308719b0,Triplex,1,1,B,119.39395448529433,156.0,0.76534586208522
POLICY_P1,PLANNING,39,6,Line.tpx226308710b0,Triplex,1,2,B,117.48891127195172,156.0,0.7531340466150751
POLICY_P1,PLANNING,39,7,Line.tpx226308725b0,Triplex,1,2,B,111.42329836426269,156.0,0.7142519125914275
POLICY_P1,PLANNING,39,8,Line.tpx227944551c0,Triplex,1,1,C,399.35093334196,580.0,0.6885360919688965
POLICY_P1,PLANNING,39,9,Line.tpx226192801c0,Triplex,1,2,C,106.95133289418536,156.0,0.6855854672704189
POLICY_P1,PLANNING,39,10,Line.tpx293664b0,Triplex,1,2,B,105.49230428781904,156.0,0.6762327197937118
POLICY_P1,PLANNING,39,11,Line.tpx21458756c0,Triplex,1,2,C,103.00065126484718,156.0,0.6602605850310717
POLICY_P1,PLANNING,39,12,Line.tpx260595b0,Triplex,1,1,B,94.87781273151535,156.0,0.6081911072533035
POLICY_P1,PLANNING,39,13,Line.tpx21459651c0,Triplex,1,2,C,94.55729556191976,156.0,0.6061365100123062
POLICY_P1,PLANNING,39,14,Line.tpx260595a0,Triplex,1,1,A,94.07843378716433,156.0,0.6030668832510534
POLICY_P1,PLANNING,39,15,Line.tpx226308729b0,Triplex,1,2,B,90.95830497778518,156.0,0.5830660575499049
POLICY_P1,PLANNING,39,16,Line.tpx226308730a0,Triplex,1,1,A,89.42828994306696,156.0,0.5732582688658139
POLICY_P1,PLANNING,39,17,Line.tpx226308720a0,Triplex,1,1,A,88.14153061104737,156.0,0.565009811609278
POLICY_P1,PLANNING,39,18,Line.tpx227944551b0,Triplex,1,2,B,326.30734245258765,580.0,0.562598866297565
POLICY_P1,PLANNING,39,19,Line.tpx226308716b0,Triplex,1,1,B,87.12215795404838,156.0,0.5584753715003101
POLICY_P1,PLANNING,39,20,Line.tpx21459629c0,Triplex,1,1,C,86.68527566880192,156.0,0.5556748440307816
POLICY_P1,PLANNING,40,1,Line.tpx21459660c0,Triplex,1,1,C,131.16071454372235,156.0,0.8407738111777073
POLICY_P1,PLANNING,40,2,Line.tpx260595c0,Triplex,1,2,C,124.58655012110833,156.0,0.7986317315455662
POLICY_P1,PLANNING,40,3,Line.tpx21197413c0,Triplex,1,1,C,118.9529690305347,156.0,0.7625190322470173
POLICY_P1,PLANNING,40,4,Line.tpx2224230689c0,Triplex,1,2,C,118.27823648774117,156.0,0.7581938236393665
POLICY_P1,PLANNING,40,5,Line.tpx226308719b0,Triplex,1,1,B,117.92166486472414,156.0,0.755908108107206
POLICY_P1,PLANNING,40,6,Line.tpx226308710b0,Triplex,1,2,B,116.04169769196443,156.0,0.7438570364869515
POLICY_P1,PLANNING,40,7,Line.tpx226308725b0,Triplex,1,2,B,110.05188717563054,156.0,0.7054608152284009
POLICY_P1,PLANNING,40,8,Line.tpx227944551c0,Triplex,1,1,C,394.8210946709712,580.0,0.680726025294778
POLICY_P1,PLANNING,40,9,Line.tpx226192801c0,Triplex,1,2,C,105.6103935627761,156.0,0.6769897023254878
POLICY_P1,PLANNING,40,10,Line.tpx293664b0,Triplex,1,2,B,104.07639439207533,156.0,0.6671563743081752
POLICY_P1,PLANNING,40,11,Line.tpx21458756c0,Triplex,1,2,C,101.71166330756787,156.0,0.6519978417151787
POLICY_P1,PLANNING,40,12,Line.tpx260595b0,Triplex,1,1,B,93.72351679658748,156.0,0.6007917743370992
POLICY_P1,PLANNING,40,13,Line.tpx21459651c0,Triplex,1,2,C,93.37627468253005,156.0,0.5985658633495516
POLICY_P1,PLANNING,40,14,Line.tpx260595a0,Triplex,1,1,A,92.89308836912524,156.0,0.5954685151867002
POLICY_P1,PLANNING,40,15,Line.tpx226308729b0,Triplex,1,2,B,89.8449287371269,156.0,0.5759290303661981
POLICY_P1,PLANNING,40,16,Line.tpx226308730a0,Triplex,1,1,A,88.29266107994259,156.0,0.5659785966662987
POLICY_P1,PLANNING,40,17,Line.tpx226308720a0,Triplex,1,1,A,87.02327010632361,156.0,0.5578414750405359
POLICY_P1,PLANNING,40,18,Line.tpx227944551b0,Triplex,1,2,B,322.59428542399974,580.0,0.5561970438344823
POLICY_P1,PLANNING,40,19,Line.tpx226308716b0,Triplex,1,1,B,86.05799564808802,156.0,0.5516538182569745
POLICY_P1,PLANNING,40,20,Line.tpx21459629c0,Triplex,1,1,C,85.6052090884139,156.0,0.5487513403103456
POLICY_P1,PLANNING,41,1,Line.tpx21459660c0,Triplex,1,1,C,131.16071454273126,156.0,0.8407738111713542
POLICY_P1,PLANNING,41,2,Line.tpx260595c0,Triplex,1,2,C,124.58655012046384,156.0,0.7986317315414349
POLICY_P1,PLANNING,41,3,Line.tpx21197413c0,Triplex,1,1,C,118.95296902945972,156.0,0.7625190322401264
POLICY_P1,PLANNING,41,4,Line.tpx2224230689c0,Triplex,1,2,C,118.27823648674925,156.0,0.758193823633008
POLICY_P1,PLANNING,41,5,Line.tpx226308719b0,Triplex,1,1,B,117.92166486475365,156.0,0.7559081081073952
POLICY_P1,PLANNING,41,6,Line.tpx226308710b0,Triplex,1,2,B,116.04169769199288,156.0,0.7438570364871339
POLICY_P1,PLANNING,41,7,Line.tpx226308725b0,Triplex,1,2,B,110.05188717565376,156.0,0.7054608152285498
POLICY_P1,PLANNING,41,8,Line.tpx227944551c0,Triplex,1,1,C,394.8210946701207,580.0,0.6807260252933116
POLICY_P1,PLANNING,41,9,Line.tpx226192801c0,Triplex,1,2,C,105.61039356201651,156.0,0.6769897023206186
POLICY_P1,PLANNING,41,10,Line.tpx293664b0,Triplex,1,2,B,104.07639439213487,156.0,0.6671563743085569
POLICY_P1,PLANNING,41,11,Line.tpx21458756c0,Triplex,1,2,C,101.711663306844,156.0,0.6519978417105384
POLICY_P1,PLANNING,41,12,Line.tpx260595b0,Triplex,1,1,B,93.72351679660129,156.0,0.6007917743371878
POLICY_P1,PLANNING,41,13,Line.tpx21459651c0,Triplex,1,2,C,93.37627468187252,156.0,0.5985658633453367
POLICY_P1,PLANNING,41,14,Line.tpx260595a0,Triplex,1,1,A,92.89308836932183,156.0,0.5954685151879604
POLICY_P1,PLANNING,41,15,Line.tpx226308729b0,Triplex,1,2,B,89.8449287371425,156.0,0.5759290303662981
POLICY_P1,PLANNING,41,16,Line.tpx226308730a0,Triplex,1,1,A,88.29266108012584,156.0,0.5659785966674733
POLICY_P1,PLANNING,41,17,Line.tpx226308720a0,Triplex,1,1,A,87.02327010650606,156.0,0.5578414750417056
POLICY_P1,PLANNING,41,18,Line.tpx227944551b0,Triplex,1,2,B,322.59428542397154,580.0,0.5561970438344337
POLICY_P1,PLANNING,41,19,Line.tpx226308716b0,Triplex,1,1,B,86.05799564810226,156.0,0.5516538182570658
POLICY_P1,PLANNING,41,20,Line.tpx21459629c0,Triplex,1,1,C,85.60520908782141,156.0,0.5487513403065475
POLICY_P1,PLANNING,42,1,Line.tpx21459660c0,Triplex,1,1,C,131.8227039914717,156.0,0.8450173332786648
POLICY_P1,PLANNING,42,2,Line.tpx260595c0,Triplex,1,2,C,123.54116124100446,156.0,0.7919305207756696
POLICY_P1,PLANNING,42,3,Line.tpx21197413c0,Triplex,1,1,C,119.51184463578056,156.0,0.7661015681780805
POLICY_P1,PLANNING,42,4,Line.tpx2224230689c0,Triplex,1,2,C,118.8532188077236,156.0,0.761879607741818
POLICY_P1,PLANNING,42,5,Line.tpx226308719b0,Triplex,1,1,B,116.7838606284898,156.0,0.748614491208268
POLICY_P1,PLANNING,42,6,Line.tpx226308710b0,Triplex,1,2,B,114.92337136171749,156.0,0.7366882779597275
POLICY_P1,PLANNING,42,7,Line.tpx226308725b0,Triplex,1,2,B,108.99207731842375,156.0,0.6986671622975882
POLICY_P1,PLANNING,42,8,Line.tpx226192801c0,Triplex,1,2,C,106.13005769367471,156.0,0.6803208826517609
POLICY_P1,PLANNING,42,9,Line.tpx227944551c0,Triplex,1,1,C,391.60122202434184,580.0,0.6751745207316239
POLICY_P1,PLANNING,42,10,Line.tpx293664b0,Triplex,1,2,B,103.65170353888006,156.0,0.6644339970441029
POLICY_P1,PLANNING,42,11,Line.tpx21458756c0,Triplex,1,2,C,102.20903906912373,156.0,0.6551861478789983
POLICY_P1,PLANNING,42,12,Line.tpx21459651c0,Triplex,1,2,C,93.82993618417295,156.0,0.6014739498985445
POLICY_P1,PLANNING,42,13,Line.tpx260595b0,Triplex,1,1,B,92.83340279565192,156.0,0.595085915356743
POLICY_P1,PLANNING,42,14,Line.tpx260595a0,Triplex,1,1,A,91.99258468773915,156.0,0.5896960556906355
POLICY_P1,PLANNING,42,15,Line.tpx226308729b0,Triplex,1,2,B,88.98468598506831,156.0,0.5704146537504379
POLICY_P1,PLANNING,42,16,Line.tpx226308730a0,Triplex,1,1,A,87.42677018971906,156.0,0.5604280140366606
POLICY_P1,PLANNING,42,17,Line.tpx226308720a0,Triplex,1,1,A,86.17070895135674,156.0,0.552376339431774
POLICY_P1,PLANNING,42,18,Line.tpx227944551b0,Triplex,1,2,B,319.8219224505343,580.0,0.5514171076733351
POLICY_P1,PLANNING,42,19,Line.tpx21459629c0,Triplex,1,1,C,86.0177378118525,156.0,0.5513957552041827
POLICY_P1,PLANNING,42,20,Line.tpx226308716b0,Triplex,1,1,B,85.23593169832345,156.0,0.5463841775533554
POLICY_P1,PLANNING,43,1,Line.tpx21459660c0,Triplex,1,1,C,131.49864355394692,156.0,0.842940022781711
POLICY_P1,PLANNING,43,2,Line.tpx260595c0,Triplex,1,2,C,123.35027813236263,156.0,0.7907069111048887
POLICY_P1,PLANNING,43,3,Line.tpx21197413c0,Triplex,1,1,C,119.25013120302678,156.0,0.7644239179681204
POLICY_P1,PLANNING,43,4,Line.tpx2224230689c0,Triplex,1,2,C,118.5999609549087,156.0,0.7602561599673634
POLICY_P1,PLANNING,43,5,Line.tpx226308719b0,Triplex,1,1,B,116.5553700534722,156.0,0.7471498080350782
POLICY_P1,PLANNING,43,6,Line.tpx226308710b0,Triplex,1,2,B,114.6988652607418,156.0,0.7352491362868064
POLICY_P1,PLANNING,43,7,Line.tpx226308725b0,Triplex,1,2,B,108.7797262219378,156.0,0.6973059373201141
POLICY_P1,PLANNING,43,8,Line.tpx226192801c0,Triplex,1,2,C,105.87280230669847,156.0,0.6786718096583235
POLICY_P1,PLANNING,43,9,Line.tpx227944551c0,Triplex,1,1,C,391.26852077838004,580.0,0.6746008978937587
POLICY_P1,PLANNING,43,10,Line.tpx293664b0,Triplex,1,2,B,103.3875320455075,156.0,0.6627405900353045
POLICY_P1,PLANNING,43,11,Line.tpx21458756c0,Triplex,1,2,C,101.96213407328608,156.0,0.6536034235467056
POLICY_P1,PLANNING,43,12,Line.tpx21459651c0,Triplex,1,2,C,93.60407772759532,156.0,0.6000261392794572
POLICY_P1,PLANNING,43,13,Line.tpx260595b0,Triplex,1,1,B,92.66509964649518,156.0,0.5940070490159948
POLICY_P1,PLANNING,43,14,Line.tpx260595a0,Triplex,1,1,A,91.81983958290125,156.0,0.588588715275008
POLICY_P1,PLANNING,43,15,Line.tpx226308729b0,Triplex,1,2,B,88.81307807003674,156.0,0.569314603013056
POLICY_P1,PLANNING,43,16,Line.tpx226308730a0,Triplex,1,1,A,87.25363483589413,156.0,0.5593181720249624
POLICY_P1,PLANNING,43,17,Line.tpx226308720a0,Triplex,1,1,A,86.00023227854753,156.0,0.5512835402470996
POLICY_P1,PLANNING,43,18,Line.tpx227944551b0,Triplex,1,2,B,319.5168678677624,580.0,0.5508911514961421
POLICY_P1,PLANNING,43,19,Line.tpx21459629c0,Triplex,1,1,C,85.81160466283261,156.0,0.5500743888643116
POLICY_P1,PLANNING,43,20,Line.tpx226308716b0,Triplex,1,1,B,85.07202882290609,156.0,0.5453335180955519
POLICY_P1,PLANNING,44,1,Line.tpx21459660c0,Triplex,1,1,C,129.50411318147266,156.0,0.8301545716761068
POLICY_P1,PLANNING,44,2,Line.tpx260595c0,Triplex,1,2,C,125.55400735884979,156.0,0.8048333805054474
POLICY_P1,PLANNING,44,3,Line.tpx226308719b0,Triplex,1,1,B,117.84295095526083,156.0,0.7554035317644925
POLICY_P1,PLANNING,44,4,Line.tpx21197413c0,Triplex,1,1,C,117.39983254856463,156.0,0.7525630291574655
POLICY_P1,PLANNING,44,5,Line.tpx2224230689c0,Triplex,1,2,C,116.87224513409603,156.0,0.7491810585518976
POLICY_P1,PLANNING,44,6,Line.tpx226308710b0,Triplex,1,2,B,115.96370436688954,156.0,0.743357079274933
POLICY_P1,PLANNING,44,7,Line.tpx226308725b0,Triplex,1,2,B,109.9754762317093,156.0,0.704971001485316
POLICY_P1,PLANNING,44,8,Line.tpx227944551c0,Triplex,1,1,C,392.2056305923106,580.0,0.676216604469501
POLICY_P1,PLANNING,44,9,Line.tpx226192801c0,Triplex,1,2,C,104.28531542602579,156.0,0.6684956117052935
POLICY_P1,PLANNING,44,10,Line.tpx293664b0,Triplex,1,2,B,103.04102374546653,156.0,0.6605193829837598
POLICY_P1,PLANNING,44,11,Line.tpx21458756c0,Triplex,1,2,C,100.43754747514816,156.0,0.6438304325330011
POLICY_P1,PLANNING,44,12,Line.tpx260595b0,Triplex,1,1,B,93.59955292524415,156.0,0.5999971341361805
POLICY_P1,PLANNING,44,13,Line.tpx21459651c0,Triplex,1,2,C,92.20852345134351,156.0,0.5910802785342533
POLICY_P1,PLANNING,44,14,Line.tpx260595a0,Triplex,1,1,A,90.14192762812938,156.0,0.5778328694110858
POLICY_P1,PLANNING,44,15,Line.tpx226308729b0,Triplex,1,2,B,89.7768093046653,156.0,0.5754923673375981
POLICY_P1,PLANNING,44,16,Line.tpx226308716b0,Triplex,1,1,B,85.99217543026651,156.0,0.5512318937837597
POLICY_P1,PLANNING,44,17,Line.tpx227944551b0,Triplex,1,2,B,319.5061825971349,580.0,0.5508727286157499
POLICY_P1,PLANNING,44,18,Line.tpx226308730a0,Triplex,1,1,A,85.59717372716096,156.0,0.5486998315843652
POLICY_P1,PLANNING,44,19,Line.tpx21459629c0,Triplex,1,1,C,84.5368694651151,156.0,0.5419030093917635
POLICY_P1,PLANNING,44,20,Line.tpx226308720a0,Triplex,1,1,A,84.36899359722304,156.0,0.5408268820334811
POLICY_P1,PLANNING,45,1,Line.tpx21459660c0,Triplex,1,1,C,129.47175677120097,156.0,0.8299471587897498
POLICY_P1,PLANNING,45,2,Line.tpx260595c0,Triplex,1,2,C,125.53877210049262,156.0,0.8047357185929014
POLICY_P1,PLANNING,45,3,Line.tpx226308719b0,Triplex,1,1,B,117.8258319851446,156.0,0.755293794776568
POLICY_P1,PLANNING,45,4,Line.tpx21197413c0,Triplex,1,1,C,117.37087957968323,156.0,0.7523774332030977
POLICY_P1,PLANNING,45,5,Line.tpx2224230689c0,Triplex,1,2,C,116.8404241051508,156.0,0.7489770775971205
POLICY_P1,PLANNING,45,6,Line.tpx226308710b0,Triplex,1,2,B,115.94688516784882,156.0,0.7432492638964668
POLICY_P1,PLANNING,45,7,Line.tpx226308725b0,Triplex,1,2,B,109.95956190761004,156.0,0.7048689865872438
POLICY_P1,PLANNING,45,8,Line.tpx227944551c0,Triplex,1,1,C,392.18118995688263,580.0,0.676174465442901
POLICY_P1,PLANNING,45,9,Line.tpx226192801c0,Triplex,1,2,C,104.25961378644782,156.0,0.6683308576054348
POLICY_P1,PLANNING,45,10,Line.tpx293664b0,Triplex,1,2,B,103.01246686921614,156.0,0.6603363260847188
POLICY_P1,PLANNING,45,11,Line.tpx21458756c0,Triplex,1,2,C,100.41287633700148,156.0,0.643672284211548
POLICY_P1,PLANNING,45,12,Line.tpx260595b0,Triplex,1,1,B,93.5866636170738,156.0,0.5999145103658576
POLICY_P1,PLANNING,45,13,Line.tpx21459651c0,Triplex,1,2,C,92.18595192057603,156.0,0.5909355892344618
POLICY_P1,PLANNING,45,14,Line.tpx260595a0,Triplex,1,1,A,90.12916766232107,156.0,0.5777510747584683
POLICY_P1,PLANNING,45,15,Line.tpx226308729b0,Triplex,1,2,B,89.76395352464782,156.0,0.5754099584913321
POLICY_P1,PLANNING,45,16,Line.tpx226308716b0,Triplex,1,1,B,85.97989810624765,156.0,0.551153192988767
POLICY_P1,PLANNING,45,17,Line.tpx227944551b0,Triplex,1,2,B,319.4851367273406,580.0,0.5508364426333459
POLICY_P1,PLANNING,45,18,Line.tpx226308730a0,Triplex,1,1,A,85.58461823820465,156.0,0.5486193476807991
POLICY_P1,PLANNING,45,19,Line.tpx21459629c0,Triplex,1,1,C,84.51626535592203,156.0,0.5417709317687309
POLICY_P1,PLANNING,45,20,Line.tpx226308720a0,Triplex,1,1,A,84.35662708760027,156.0,0.5407476095358992
POLICY_P1,PLANNING,46,1,Line.tpx21459660c0,Triplex,1,1,C,129.13138342918901,156.0,0.8277652783922372
POLICY_P1,PLANNING,46,2,Line.tpx260595c0,Triplex,1,2,C,123.92626503101285,156.0,0.7943991348141849
POLICY_P1,PLANNING,46,3,Line.tpx226308719b0,Triplex,1,1,B,117.15455447374168,156.0,0.7509907338060364
POLICY_P1,PLANNING,46,4,Line.tpx21197413c0,Triplex,1,1,C,117.05079784246351,156.0,0.750325627195279
POLICY_P1,PLANNING,46,5,Line.tpx2224230689c0,Triplex,1,2,C,116.54057390385208,156.0,0.7470549609221288
POLICY_P1,PLANNING,46,6,Line.tpx226308710b0,Triplex,1,2,B,115.28728300660029,156.0,0.7390210449141045
POLICY_P1,PLANNING,46,7,Line.tpx226308725b0,Triplex,1,2,B,109.33475856156677,156.0,0.7008638369331204
POLICY_P1,PLANNING,46,8,Line.tpx227944551c0,Triplex,1,1,C,389.93700502780354,580.0,0.6723051810824199
POLICY_P1,PLANNING,46,9,Line.tpx226192801c0,Triplex,1,2,C,103.98727256893731,156.0,0.666585080570111
POLICY_P1,PLANNING,46,10,Line.tpx293664b0,Triplex,1,2,B,103.52352919443393,156.0,0.6636123666309868
POLICY_P1,PLANNING,46,11,Line.tpx21458756c0,Triplex,1,2,C,100.15098972529377,156.0,0.6419935238800882
POLICY_P1,PLANNING,46,12,Line.tpx260595b0,Triplex,1,1,B,93.075697871137,156.0,0.5966390889175448
POLICY_P1,PLANNING,46,13,Line.tpx260595a0,Triplex,1,1,A,92.22126177375713,156.0,0.5911619344471611
POLICY_P1,PLANNING,46,14,Line.tpx21459651c0,Triplex,1,2,C,91.94590923934756,156.0,0.5893968540983818
POLICY_P1,PLANNING,46,15,Line.tpx226308729b0,Triplex,1,2,B,89.25779864291856,156.0,0.5721653759161446
POLICY_P1,PLANNING,46,16,Line.tpx226308730a0,Triplex,1,1,A,87.68155239381623,156.0,0.5620612332936938
POLICY_P1,PLANNING,46,17,Line.tpx226308720a0,Triplex,1,1,A,86.421698637609,156.0,0.5539852476769808
POLICY_P1,PLANNING,46,18,Line.tpx227944551b0,Triplex,1,2,B,318.4151584384924,580.0,0.5489916524801594
POLICY_P1,PLANNING,46,19,Line.tpx226308716b0,Triplex,1,1,B,85.49645716159564,156.0,0.5480542125743311
POLICY_P1,PLANNING,46,20,Line.tpx21459629c0,Triplex,1,1,C,84.29663638561608,156.0,0.5403630537539492
POLICY_P1,PLANNING,47,1,Line.tpx21459660c0,Triplex,1,1,C,129.1240228869986,156.0,0.8277180954294783
POLICY_P1,PLANNING,47,2,Line.tpx260595c0,Triplex,1,2,C,123.92284277942576,156.0,0.7943771973040114
POLICY_P1,PLANNING,47,3,Line.tpx226308719b0,Triplex,1,1,B,117.15061208736508,156.0,0.7509654620984941
POLICY_P1,PLANNING,47,4,Line.tpx21197413c0,Triplex,1,1,C,117.04421323829106,156.0,0.7502834181941734
POLICY_P1,PLANNING,47,5,Line.tpx2224230689c0,Triplex,1,2,C,116.53331517497475,156.0,0.7470084306088125
POLICY_P1,PLANNING,47,6,Line.tpx226308710b0,Triplex,1,2,B,115.28340955329143,156.0,0.7389962150852015
POLICY_P1,PLANNING,47,7,Line.tpx226308725b0,Triplex,1,2,B,109.33109342030866,156.0,0.7008403424378761
POLICY_P1,PLANNING,47,8,Line.tpx227944551c0,Triplex,1,1,C,389.9315419221436,580.0,0.6722957619347303
POLICY_P1,PLANNING,47,9,Line.tpx226192801c0,Triplex,1,2,C,103.98142553167202,156.0,0.6665475995620002
POLICY_P1,PLANNING,47,10,Line.tpx293664b0,Triplex,1,2,B,103.5168466442226,156.0,0.6635695297706576
POLICY_P1,PLANNING,47,11,Line.tpx21458756c0,Triplex,1,2,C,100.14537704444898,156.0,0.6419575451567242
POLICY_P1,PLANNING,47,12,Line.tpx260595b0,Triplex,1,1,B,93.07272516721241,156.0,0.5966200331231565
POLICY_P1,PLANNING,47,13,Line.tpx260595a0,Triplex,1,1,A,92.21817247300595,156.0,0.5911421312372176
POLICY_P1,PLANNING,47,14,Line.tpx21459651c0,Triplex,1,2,C,91.94077414365039,156.0,0.5893639368182717
POLICY_P1,PLANNING,47,15,Line.tpx226308729b0,Triplex,1,2,B,89.25483748958162,156.0,0.5721463941639847
POLICY_P1,PLANNING,47,16,Line.tpx226308730a0,Triplex,1,1,A,87.67850272408529,156.0,0.5620416841287519
POLICY_P1,PLANNING,47,17,Line.tpx226308720a0,Triplex,1,1,A,86.41869582262684,156.0,0.5539659988629926
POLICY_P1,PLANNING,47,18,Line.tpx227944551b0,Triplex,1,2,B,318.41020969338547,580.0,0.5489831201610095
POLICY_P1,PLANNING,47,19,Line.tpx226308716b0,Triplex,1,1,B,85.49362910561186,156.0,0.5480360840103324
POLICY_P1,PLANNING,47,20,Line.tpx21459629c0,Triplex,1,1,C,84.29194879918258,156.0,0.5403330051229652
POLICY_P1,PLANNING,48,1,Line.tpx21459660c0,Triplex,1,1,C,129.0030830070256,156.0,0.8269428397886256
POLICY_P1,PLANNING,48,2,Line.tpx260595c0,Triplex,1,2,C,123.79960213957256,156.0,0.7935871932023881
POLICY_P1,PLANNING,48,3,Line.tpx226308719b0,Triplex,1,1,B,117.02629972368514,156.0,0.7501685879723407
POLICY_P1,PLANNING,48,4,Line.tpx21197413c0,Triplex,1,1,C,116.93082723664322,156.0,0.7495565848502771
POLICY_P1,PLANNING,48,5,Line.tpx2224230689c0,Triplex,1,2,C,116.43053496217303,156.0,0.7463495830908528
POLICY_P1,PLANNING,48,6,Line.tpx226308710b0,Triplex,1,2,B,115.1612411821147,156.0,0.7382130845007352
POLICY_P1,PLANNING,48,7,Line.tpx226308725b0,Triplex,1,2,B,109.21526479980677,156.0,0.7000978512808127
POLICY_P1,PLANNING,48,8,Line.tpx227944551c0,Triplex,1,1,C,389.5473495195229,580.0,0.6716333612405567
POLICY_P1,PLANNING,48,9,Line.tpx226192801c0,Triplex,1,2,C,103.8846608884711,156.0,0.6659273133876352
POLICY_P1,PLANNING,48,10,Line.tpx293664b0,Triplex,1,2,B,103.40483074486156,156.0,0.6628514791337279
POLICY_P1,PLANNING,48,11,Line.tpx21458756c0,Triplex,1,2,C,100.05232755674302,156.0,0.6413610740816861
POLICY_P1,PLANNING,48,12,Line.tpx260595b0,Triplex,1,1,B,92.9751359146246,156.0,0.5959944609911834
POLICY_P1,PLANNING,48,13,Line.tpx260595a0,Triplex,1,1,A,92.11087645366813,156.0,0.5904543362414624
POLICY_P1,PLANNING,48,14,Line.tpx21459651c0,Triplex,1,2,C,91.85548644129136,156.0,0.5888172207775088
POLICY_P1,PLANNING,48,15,Line.tpx226308729b0,Triplex,1,2,B,89.1607691211864,156.0,0.5715433918024769
POLICY_P1,PLANNING,48,16,Line.tpx226308730a0,Triplex,1,1,A,87.57525490546725,156.0,0.5613798391376106
POLICY_P1,PLANNING,48,17,Line.tpx226308720a0,Triplex,1,1,A,86.3170605454743,156.0,0.5533144906761174
POLICY_P1,PLANNING,48,18,Line.tpx227944551b0,Triplex,1,2,B,318.0902291966874,580.0,0.548431429649461
POLICY_P1,PLANNING,48,19,Line.tpx226308716b0,Triplex,1,1,B,85.40376387228912,156.0,0.5474600248223661
POLICY_P1,PLANNING,48,20,Line.tpx21459629c0,Triplex,1,1,C,84.21391475626069,156.0,0.539832786899107
POLICY_P1,PLANNING,49,1,Line.tpx21459660c0,Triplex,1,1,C,128.9648947448017,156.0,0.8266980432359085
POLICY_P1,PLANNING,49,2,Line.tpx260595c0,Triplex,1,2,C,123.7818534668686,156.0,0.7934734196594141
POLICY_P1,PLANNING,49,3,Line.tpx226308719b0,Triplex,1,1,B,117.00588721907559,156.0,0.7500377385838178
POLICY_P1,PLANNING,49,4,Line.tpx21197413c0,Triplex,1,1,C,116.8966680790607,156.0,0.7493376158914148
POLICY_P1,PLANNING,49,5,Line.tpx2224230689c0,Triplex,1,2,C,116.39286503754035,156.0,0.7461081092150023
POLICY_P1,PLANNING,49,6,Line.tpx226308710b0,Triplex,1,2,B,115.14118549545601,156.0,0.7380845224067694
POLICY_P1,PLANNING,49,7,Line.tpx226308725b0,Triplex,1,2,B,109.19628766354805,156.0,0.6999762029714619
POLICY_P1,PLANNING,49,8,Line.tpx227944551c0,Triplex,1,1,C,389.51902902179853,580.0,0.6715845327962043
POLICY_P1,PLANNING,49,9,Line.tpx226192801c0,Triplex,1,2,C,103.85432424476251,156.0,0.6657328477228366
POLICY_P1,PLANNING,49,10,Line.tpx293664b0,Triplex,1,2,B,103.37023575826466,156.0,0.6626297163991324
POLICY_P1,PLANNING,49,11,Line.tpx21458756c0,Triplex,1,2,C,100.02320665685355,156.0,0.6411744016464971
POLICY_P1,PLANNING,49,12,Line.tpx260595b0,Triplex,1,1,B,92.95974369936256,156.0,0.5958957929446318
POLICY_P1,PLANNING,49,13,Line.tpx260595a0,Triplex,1,1,A,92.09487921250715,156.0,0.5903517898237638
POLICY_P1,PLANNING,49,14,Line.tpx21459651c0,Triplex,1,2,C,91.82884327313234,156.0,0.5886464312380278
POLICY_P1,PLANNING,49,15,Line.tpx226308729b0,Triplex,1,2,B,89.14543673696559,156.0,0.5714451072882409
POLICY_P1,PLANNING,49,16,Line.tpx226308730a0,Triplex,1,1,A,87.55946330878602,156.0,0.5612786109537565
POLICY_P1,PLANNING,49,17,Line.tpx226308720a0,Triplex,1,1,A,86.30151149312975,156.0,0.5532148172636523
POLICY_P1,PLANNING,49,18,Line.tpx227944551b0,Triplex,1,2,B,318.06460988562736,580.0,0.5483872584234954
POLICY_P1,PLANNING,49,19,Line.tpx226308716b0,Triplex,1,1,B,85.38912050642166,156.0,0.5473661570924465
POLICY_P1,PLANNING,49,20,Line.tpx21459629c0,Triplex,1,1,C,84.1895932653137,156.0,0.5396768799058571
POLICY_P1,PLANNING,50,1,Line.tpx21459660c0,Triplex,1,1,C,129.09141768245172,156.0,0.8275090877080239
POLICY_P1,PLANNING,50,2,Line.tpx260595c0,Triplex,1,2,C,123.90652633936327,156.0,0.7942726047395081
POLICY_P1,PLANNING,50,3,Line.tpx226308719b0,Triplex,1,1,B,117.12217992269674,156.0,0.7507832046326715
POLICY_P1,PLANNING,50,4,Line.tpx21197413c0,Triplex,1,1,C,117.01045046638325,156.0,0.7500669901691234
POLICY_P1,PLANNING,50,5,Line.tpx2224230689c0,Triplex,1,2,C,116.50525370178684,156.0,0.7468285493704284
POLICY_P1,PLANNING,50,6,Line.tpx226308710b0,Triplex,1,2,B,115.25555115292704,156.0,0.7388176355956861
POLICY_P1,PLANNING,50,7,Line.tpx226308725b0,Triplex,1,2,B,109.30462669156329,156.0,0.7006706839202774
POLICY_P1,PLANNING,50,8,Line.tpx227944551c0,Triplex,1,1,C,389.91413364045565,580.0,0.672265747655958
POLICY_P1,PLANNING,50,9,Line.tpx226192801c0,Triplex,1,2,C,103.9556053681528,156.0,0.6663820856932872
POLICY_P1,PLANNING,50,10,Line.tpx293664b0,Triplex,1,2,B,103.46763586633891,156.0,0.6632540760662751
POLICY_P1,PLANNING,50,11,Line.tpx21458756c0,Triplex,1,2,C,100.12061078551031,156.0,0.6417987870866045
POLICY_P1,PLANNING,50,12,Line.tpx260595b0,Triplex,1,1,B,93.05172743093544,156.0,0.5964854322495862
POLICY_P1,PLANNING,50,13,Line.tpx260595a0,Triplex,1,1,A,92.18488230548343,156.0,0.5909287327274578
POLICY_P1,PLANNING,50,14,Line.tpx21459651c0,Triplex,1,2,C,91.91813338818092,156.0,0.5892188037703905
POLICY_P1,PLANNING,50,15,Line.tpx226308729b0,Triplex,1,2,B,89.23347060630267,156.0,0.5720094269634787
POLICY_P1,PLANNING,50,16,Line.tpx226308730a0,Triplex,1,1,A,87.64473456930412,156.0,0.5618252215981033
POLICY_P1,PLANNING,50,17,Line.tpx226308720a0,Triplex,1,1,A,86.3855284441239,156.0,0.5537533874623327
POLICY_P1,PLANNING,50,18,Line.tpx227944551b0,Triplex,1,2,B,318.3854760289786,580.0,0.5489404759120321
POLICY_P1,PLANNING,50,19,Line.tpx226308716b0,Triplex,1,1,B,85.47334633133768,156.0,0.5479060662265236
POLICY_P1,PLANNING,50,20,Line.tpx21459629c0,Triplex,1,1,C,84.27130194347647,156.0,0.5402006534838235
POLICY_P1,PLANNING,51,1,Line.tpx21459660c0,Triplex,1,1,C,129.08523333928102,156.0,0.8274694444825706
POLICY_P1,PLANNING,51,2,Line.tpx260595c0,Triplex,1,2,C,123.90365233528063,156.0,0.7942541816364143
POLICY_P1,PLANNING,51,3,Line.tpx226308719b0,Triplex,1,1,B,117.11887440817837,156.0,0.7507620154370408
POLICY_P1,PLANNING,51,4,Line.tpx21197413c0,Triplex,1,1,C,117.00491871016501,156.0,0.7500315301933654
POLICY_P1,PLANNING,51,5,Line.tpx2224230689c0,Triplex,1,2,C,116.49915342638832,156.0,0.7467894450409508
POLICY_P1,PLANNING,51,6,Line.tpx226308710b0,Triplex,1,2,B,115.25230342511735,156.0,0.7387968168276753
POLICY_P1,PLANNING,51,7,Line.tpx226308725b0,Triplex,1,2,B,109.30155362816528,156.0,0.7006509847959312
POLICY_P1,PLANNING,51,8,Line.tpx227944551c0,Triplex,1,1,C,389.90954859479035,580.0,0.6722578424048109
POLICY_P1,PLANNING,51,9,Line.tpx226192801c0,Triplex,1,2,C,103.95069260166021,156.0,0.666350593600386
POLICY_P1,PLANNING,51,10,Line.tpx293664b0,Triplex,1,2,B,103.46203397366402,156.0,0.6632181664978463
POLICY_P1,PLANNING,51,11,Line.tpx21458756c0,Triplex,1,2,C,100.11589491168222,156.0,0.6417685571261681
POLICY_P1,PLANNING,51,12,Line.tpx260595b0,Triplex,1,1,B,93.04923492745556,156.0,0.5964694546631767
POLICY_P1,PLANNING,51,13,Line.tpx260595a0,Triplex,1,1,A,92.18229293375391,156.0,0.5909121341907302
POLICY_P1,PLANNING,51,14,Line.tpx21459651c0,Triplex,1,2,C,91.91381877364641,156.0,0.5891911459849128
POLICY_P1,PLANNING,51,15,Line.tpx226308729b0,Triplex,1,2,B,89.2309877846973,156.0,0.5719935114403674
POLICY_P1,PLANNING,51,16,Line.tpx226308730a0,Triplex,1,1,A,87.64217850789623,156.0,0.5618088365890784
POLICY_P1,PLANNING,51,17,Line.tpx226308720a0,Triplex,1,1,A,86.38301164320848,156.0,0.5537372541231312
POLICY_P1,PLANNING,51,18,Line.tpx227944551b0,Triplex,1,2,B,318.3813281587345,580.0,0.5489333244116112
POLICY_P1,PLANNING,51,19,Line.tpx226308716b0,Triplex,1,1,B,85.47097509129595,156.0,0.5478908659698458
POLICY_P1,PLANNING,51,20,Line.tpx21459629c0,Triplex,1,1,C,84.26736331710113,156.0,0.5401754058788534
POLICY_P1,PLANNING,52,1,Line.tpx21459660c0,Triplex,1,1,C,129.73709415298737,156.0,0.8316480394422268
POLICY_P1,PLANNING,52,2,Line.tpx260595c0,Triplex,1,2,C,124.44646622197638,156.0,0.7977337578331819
POLICY_P1,PLANNING,52,3,Line.tpx226308719b0,Triplex,1,1,B,117.65929455607414,156.0,0.7542262471543214
POLICY_P1,PLANNING,52,4,Line.tpx21197413c0,Triplex,1,1,C,117.59314887502323,156.0,0.7538022363783541
POLICY_P1,PLANNING,52,5,Line.tpx2224230689c0,Triplex,1,2,C,117.07905343704965,156.0,0.7505067528016003
POLICY_P1,PLANNING,52,6,Line.tpx226308710b0,Triplex,1,2,B,115.7835398613522,156.0,0.7422021785984115
POLICY_P1,PLANNING,52,7,Line.tpx226308725b0,Triplex,1,2,B,109.80483956349418,156.0,0.7038771766890652
POLICY_P1,PLANNING,52,8,Line.tpx227944551c0,Triplex,1,1,C,391.48017843221595,580.0,0.674965824883131
POLICY_P1,PLANNING,52,9,Line.tpx226192801c0,Triplex,1,2,C,104.47119983658732,156.0,0.6696871784396623
POLICY_P1,PLANNING,52,10,Line.tpx293664b0,Triplex,1,2,B,104.0227343837452,156.0,0.6668123998958025
POLICY_P1,PLANNING,52,11,Line.tpx21458756c0,Triplex,1,2,C,100.61617234018769,156.0,0.6449754637191518
POLICY_P1,PLANNING,52,12,Line.tpx260595b0,Triplex,1,1,B,93.47173539873327,156.0,0.599177791017521
POLICY_P1,PLANNING,52,13,Line.tpx260595a0,Triplex,1,1,A,92.61704560483672,156.0,0.5936990102874149
POLICY_P1,PLANNING,52,14,Line.tpx21459651c0,Triplex,1,2,C,92.37213127647361,156.0,0.5921290466440616
POLICY_P1,PLANNING,52,15,Line.tpx226308729b0,Triplex,1,2,B,89.63941273758962,156.0,0.574611620112754
POLICY_P1,PLANNING,52,16,Line.tpx226308730a0,Triplex,1,1,A,88.0596840690808,156.0,0.5644851542889795
POLICY_P1,PLANNING,52,17,Line.tpx226308720a0,Triplex,1,1,A,86.79417593062259,156.0,0.5563729226321961
POLICY_P1,PLANNING,52,18,Line.tpx227944551b0,Triplex,1,2,B,319.6823916217519,580.0,0.5511765372788826
POLICY_P1,PLANNING,52,19,Line.tpx226308716b0,Triplex,1,1,B,85.86138818435803,156.0,0.5503935140022951
POLICY_P1,PLANNING,52,20,Line.tpx21459629c0,Triplex,1,1,C,84.68642858061303,156.0,0.5428617216705963
POLICY_P1,PLANNING,53,1,Line.tpx21459660c0,Triplex,1,1,C,129.63976160780416,156.0,0.8310241128705395
POLICY_P1,PLANNING,53,2,Line.tpx260595c0,Triplex,1,2,C,124.40530131653168,156.0,0.7974698802341774
POLICY_P1,PLANNING,53,3,Line.tpx226308719b0,Triplex,1,1,B,117.61200116972593,156.0,0.7539230844213201
POLICY_P1,PLANNING,53,4,Line.tpx21197413c0,Triplex,1,1,C,117.5104794854658,156.0,0.7532723043940115
POLICY_P1,PLANNING,53,5,Line.tpx2224230689c0,Triplex,1,2,C,116.99415544849275,156.0,0.7499625349262355
POLICY_P1,PLANNING,53,6,Line.tpx226308710b0,Triplex,1,2,B,115.73707390989804,156.0,0.7419043199352439
POLICY_P1,PLANNING,53,7,Line.tpx226308725b0,Triplex,1,2,B,109.76087315869682,156.0,0.703595340760877
POLICY_P1,PLANNING,53,8,Line.tpx227944551c0,Triplex,1,1,C,391.4144778239878,580.0,0.6748525479723928
POLICY_P1,PLANNING,53,9,Line.tpx226192801c0,Triplex,1,2,C,104.3938889030895,156.0,0.669191595532625
POLICY_P1,PLANNING,53,10,Line.tpx293664b0,Triplex,1,2,B,103.93915356167842,156.0,0.6662766253953745
POLICY_P1,PLANNING,53,11,Line.tpx21458756c0,Triplex,1,2,C,100.54196189607472,156.0,0.6444997557440687
POLICY_P1,PLANNING,53,12,Line.tpx260595b0,Triplex,1,1,B,93.43607863167523,156.0,0.5989492219979181
POLICY_P1,PLANNING,53,13,Line.tpx260595a0,Triplex,1,1,A,92.5801327563695,156.0,0.5934623894639071
POLICY_P1,PLANNING,53,14,Line.tpx21459651c0,Triplex,1,2,C,92.30423711130773,156.0,0.591693827636588
POLICY_P1,PLANNING,53,15,Line.tpx226308729b0,Triplex,1,2,B,89.60389368436807,156.0,0.5743839338741543
POLICY_P1,PLANNING,53,16,Line.tpx226308730a0,Triplex,1,1,A,88.023245064839,156.0,0.5642515709284551
POLICY_P1,PLANNING,53,17,Line.tpx226308720a0,Triplex,1,1,A,86.75829702906962,156.0,0.5561429296735232
POLICY_P1,PLANNING,53,18,Line.tpx227944551b0,Triplex,1,2,B,319.62305889208227,580.0,0.5510742394691074
POLICY_P1,PLANNING,53,19,Line.tpx226308716b0,Triplex,1,1,B,85.82746631407305,156.0,0.5501760661158529
POLICY_P1,PLANNING,53,20,Line.tpx21459629c0,Triplex,1,1,C,84.62445311508063,156.0,0.5424644430453887
POLICY_P1,PLANNING,54,1,Line.tpx21459660c0,Triplex,1,1,C,130.48189446902342,156.0,0.8364224004424577
POLICY_P1,PLANNING,54,2,Line.tpx260595c0,Triplex,1,2,C,125.19253391485364,156.0,0.8025162430439335
POLICY_P1,PLANNING,54,3,Line.tpx226308719b0,Triplex,1,1,B,118.37262312702696,156.0,0.7587988661988907
POLICY_P1,PLANNING,54,4,Line.tpx21197413c0,Triplex,1,1,C,118.27564745081142,156.0,0.7581772272487911
POLICY_P1,PLANNING,54,5,Line.tpx2224230689c0,Triplex,1,2,C,117.74225747582808,156.0,0.7547580607424877
POLICY_P1,PLANNING,54,6,Line.tpx226308710b0,Triplex,1,2,B,116.4848865764325,156.0,0.7466979908745673
POLICY_P1,PLANNING,54,7,Line.tpx226308725b0,Triplex,1,2,B,110.46938848731962,156.0,0.7081371056879463
POLICY_P1,PLANNING,54,8,Line.tpx227944551c0,Triplex,1,1,C,393.8292625582925,580.0,0.6790159699280905
POLICY_P1,PLANNING,54,9,Line.tpx226192801c0,Triplex,1,2,C,105.06727749976501,156.0,0.6735081891010578
POLICY_P1,PLANNING,54,10,Line.tpx293664b0,Triplex,1,2,B,104.62952604881919,156.0,0.6707020900565333
POLICY_P1,PLANNING,54,11,Line.tpx21458756c0,Triplex,1,2,C,101.18940180273371,156.0,0.6486500115559853
POLICY_P1,PLANNING,54,12,Line.tpx260595b0,Triplex,1,1,B,94.03446549144932,156.0,0.6027850352015982
POLICY_P1,PLANNING,54,13,Line.tpx260595a0,Triplex,1,1,A,93.18465655775377,156.0,0.5973375420368832
POLICY_P1,PLANNING,54,14,Line.tpx21459651c0,Triplex,1,2,C,92.89758012132909,156.0,0.5954973084700582
POLICY_P1,PLANNING,54,15,Line.tpx226308729b0,Triplex,1,2,B,90.1792627537437,156.0,0.5780721971393827
POLICY_P1,PLANNING,54,16,Line.tpx226308730a0,Triplex,1,1,A,88.600198008577,156.0,0.5679499872344679
POLICY_P1,PLANNING,54,17,Line.tpx226308720a0,Triplex,1,1,A,87.32656835983651,156.0,0.5597856946143366
POLICY_P1,PLANNING,54,18,Line.tpx227944551b0,Triplex,1,2,B,321.6047045506246,580.0,0.55449086991487
POLICY_P1,PLANNING,54,19,Line.tpx226308716b0,Triplex,1,1,B,86.37763133804249,156.0,0.5537027649874519
POLICY_P1,PLANNING,54,20,Line.tpx21459629c0,Triplex,1,1,C,85.16722942318252,156.0,0.5459437783537341
POLICY_P1,PLANNING,55,1,Line.tpx21459660c0,Triplex,1,1,C,130.4740889730804,156.0,0.8363723652120538
POLICY_P1,PLANNING,55,2,Line.tpx260595c0,Triplex,1,2,C,125.1889007697013,156.0,0.8024929536519314
POLICY_P1,PLANNING,55,3,Line.tpx226308719b0,Triplex,1,1,B,118.36842749206296,156.0,0.7587719711029677
POLICY_P1,PLANNING,55,4,Line.tpx21197413c0,Triplex,1,1,C,118.2686645758385,156.0,0.758132465229734
POLICY_P1,PLANNING,55,5,Line.tpx2224230689c0,Triplex,1,2,C,117.7345637028517,156.0,0.7547087416849468
POLICY_P1,PLANNING,55,6,Line.tpx226308710b0,Triplex,1,2,B,116.48076441760459,156.0,0.7466715667795166
POLICY_P1,PLANNING,55,7,Line.tpx226308725b0,Triplex,1,2,B,110.4654881413712,156.0,0.7081121034703282
POLICY_P1,PLANNING,55,8,Line.tpx227944551c0,Triplex,1,1,C,393.8234588037825,580.0,0.6790059634547975
POLICY_P1,PLANNING,55,9,Line.tpx226192801c0,Triplex,1,2,C,105.0610783810111,156.0,0.6734684511603276
POLICY_P1,PLANNING,55,10,Line.tpx293664b0,Triplex,1,2,B,104.62240502150092,156.0,0.6706564424455187
POLICY_P1,PLANNING,55,11,Line.tpx21458756c0,Triplex,1,2,C,101.18345147000859,156.0,0.648611868397491
POLICY_P1,PLANNING,55,12,Line.tpx260595b0,Triplex,1,1,B,94.03130253552182,156.0,0.6027647598430885
POLICY_P1,PLANNING,55,13,Line.tpx260595a0,Triplex,1,1,A,93.18136897145796,156.0,0.5973164677657561
POLICY_P1,PLANNING,55,14,Line.tpx21459651c0,Triplex,1,2,C,92.89213640665315,156.0,0.5954624128631613
POLICY_P1,PLANNING,55,15,Line.tpx226308729b0,Triplex,1,2,B,90.17611209422743,156.0,0.5780520006040221
POLICY_P1,PLANNING,55,16,Line.tpx226308730a0,Triplex,1,1,A,88.59695250645787,156.0,0.5679291827337043
POLICY_P1,PLANNING,55,17,Line.tpx226308720a0,Triplex,1,1,A,87.32337278567863,156.0,0.5597652101646066
POLICY_P1,PLANNING,55,18,Line.tpx227944551b0,Triplex,1,2,B,321.5994367574882,580.0,0.5544817875129107
POLICY_P1,PLANNING,55,19,Line.tpx226308716b0,Triplex,1,1,B,86.37462245027363,156.0,0.5536834772453438
POLICY_P1,PLANNING,55,20,Line.tpx21459629c0,Triplex,1,1,C,85.16226045600693,156.0,0.5459119260000445
POLICY_P1,PLANNING,56,1,Line.tpx21459660c0,Triplex,1,1,C,131.91293255182237,156.0,0.8455957214860408
POLICY_P1,PLANNING,56,2,Line.tpx260595c0,Triplex,1,2,C,126.43241239768369,156.0,0.8104641820364339
POLICY_P1,PLANNING,56,3,Line.tpx226308719b0,Triplex,1,1,B,119.61372326822534,156.0,0.7667546363347778
POLICY_P1,PLANNING,56,4,Line.tpx21197413c0,Triplex,1,1,C,119.57948803564477,156.0,0.7665351797156716
POLICY_P1,PLANNING,56,5,Line.tpx2224230689c0,Triplex,1,2,C,119.00818822916561,156.0,0.7628730014690104
POLICY_P1,PLANNING,56,6,Line.tpx226308710b0,Triplex,1,2,B,117.70478538394259,156.0,0.754517855025273
POLICY_P1,PLANNING,56,7,Line.tpx226308725b0,Triplex,1,2,B,111.62526551973056,156.0,0.7155465738444267
POLICY_P1,PLANNING,56,8,Line.tpx227944551c0,Triplex,1,1,C,397.4762069593612,580.0,0.6853038051023469
POLICY_P1,PLANNING,56,9,Line.tpx226192801c0,Triplex,1,2,C,106.21011428626238,156.0,0.6808340659375793
POLICY_P1,PLANNING,56,10,Line.tpx293664b0,Triplex,1,2,B,105.86038246244226,156.0,0.6785921952720658
POLICY_P1,PLANNING,56,11,Line.tpx21458756c0,Triplex,1,2,C,102.28786042026053,156.0,0.655691412950388
POLICY_P1,PLANNING,56,12,Line.tpx260595b0,Triplex,1,1,B,95.00528740068464,156.0,0.6090082525684912
POLICY_P1,PLANNING,56,13,Line.tpx260595a0,Triplex,1,1,A,94.19135065204716,156.0,0.6037907093079946
POLICY_P1,PLANNING,56,14,Line.tpx21459651c0,Triplex,1,2,C,93.9039335690537,156.0,0.6019482921093187
POLICY_P1,PLANNING,56,15,Line.tpx226308729b0,Triplex,1,2,B,91.11726948614755,156.0,0.5840850608086381
POLICY_P1,PLANNING,56,16,Line.tpx226308730a0,Triplex,1,1,A,89.5673475108894,156.0,0.5741496635313423
POLICY_P1,PLANNING,56,17,Line.tpx226308720a0,Triplex,1,1,A,88.27890460174586,156.0,0.5658904141137555
POLICY_P1,PLANNING,56,18,Line.tpx227944551b0,Triplex,1,2,B,324.6324788208701,580.0,0.5597111703808105
POLICY_P1,PLANNING,56,19,Line.tpx226308716b0,Triplex,1,1,B,87.2740935258222,156.0,0.5594493174732192
POLICY_P1,PLANNING,56,20,Line.tpx21459629c0,Triplex,1,1,C,86.08744778612913,156.0,0.5518426140136483
POLICY_P1,PLANNING,57,1,Line.tpx21459660c0,Triplex,1,1,C,131.8092485763633,156.0,0.8449310806177135
POLICY_P1,PLANNING,57,2,Line.tpx260595c0,Triplex,1,2,C,126.38908983694957,156.0,0.8101864733137792
POLICY_P1,PLANNING,57,3,Line.tpx226308719b0,Triplex,1,1,B,119.56351431512624,156.0,0.7664327840713221
POLICY_P1,PLANNING,57,4,Line.tpx21197413c0,Triplex,1,1,C,119.491988751672,156.0,0.7659742868696923
POLICY_P1,PLANNING,57,5,Line.tpx2224230689c0,Triplex,1,2,C,118.91937049657852,156.0,0.7623036570293495
POLICY_P1,PLANNING,57,6,Line.tpx226308710b0,Triplex,1,2,B,117.65545748536063,156.0,0.7542016505471835
POLICY_P1,PLANNING,57,7,Line.tpx226308725b0,Triplex,1,2,B,111.5785932302615,156.0,0.7152473925016763
POLICY_P1,PLANNING,57,8,Line.tpx227944551c0,Triplex,1,1,C,397.40688205757965,580.0,0.6851842794096201
POLICY_P1,PLANNING,57,9,Line.tpx226192801c0,Triplex,1,2,C,106.12779001066735,156.0,0.6803063462222266
POLICY_P1,PLANNING,57,10,Line.tpx293664b0,Triplex,1,2,B,105.77131698161335,156.0,0.6780212627026497
POLICY_P1,PLANNING,57,11,Line.tpx21458756c0,Triplex,1,2,C,102.20884496725078,156.0,0.655184903636223
POLICY_P1,PLANNING,57,12,Line.tpx260595b0,Triplex,1,1,B,94.96744649403857,156.0,0.6087656826540934
POLICY_P1,PLANNING,57,13,Line.tpx260595a0,Triplex,1,1,A,94.15198404417576,156.0,0.603538359257537
POLICY_P1,PLANNING,57,14,Line.tpx21459651c0,Triplex,1,2,C,93.83165027926607,156.0,0.601484937687603
POLICY_P1,PLANNING,57,15,Line.tpx226308729b0,Triplex,1,2,B,91.07957497164222,156.0,0.5838434293053988
POLICY_P1,PLANNING,57,16,Line.tpx226308730a0,Triplex,1,1,A,89.52848066003068,156.0,0.5739005170514787
POLICY_P1,PLANNING,57,17,Line.tpx226308720a0,Triplex,1,1,A,88.24063684876668,156.0,0.5656451080049146
POLICY_P1,PLANNING,57,18,Line.tpx227944551b0,Triplex,1,2,B,324.5693916789524,580.0,0.5596023994464696
POLICY_P1,PLANNING,57,19,Line.tpx226308716b0,Triplex,1,1,B,87.2380976362547,156.0,0.5592185745913762
POLICY_P1,PLANNING,57,20,Line.tpx21459629c0,Triplex,1,1,C,86.02147367327822,156.0,0.5514197030338348
POLICY_P1,PLANNING,58,1,Line.tpx21459660c0,Triplex,1,1,C,133.47005631740126,156.0,0.8555772840859055
POLICY_P1,PLANNING,58,2,Line.tpx260595c0,Triplex,1,2,C,127.90834854740923,156.0,0.8199253112013413
POLICY_P1,PLANNING,58,3,Line.tpx226308719b0,Triplex,1,1,B,121.063566658231,156.0,0.7760485042194295
POLICY_P1,PLANNING,58,4,Line.tpx21197413c0,Triplex,1,1,C,121.00810433997728,156.0,0.7756929765383159
POLICY_P1,PLANNING,58,5,Line.tpx2224230689c0,Triplex,1,2,C,120.38913082246142,156.0,0.7717251975798809
POLICY_P1,PLANNING,58,6,Line.tpx226308710b0,Triplex,1,2,B,119.12999104386105,156.0,0.7636537887426991
POLICY_P1,PLANNING,58,7,Line.tpx226308725b0,Triplex,1,2,B,112.97572227729752,156.0,0.7242033479313944
POLICY_P1,PLANNING,58,8,Line.tpx227944551c0,Triplex,1,1,C,402.0004793073376,580.0,0.6931042746678235
POLICY_P1,PLANNING,58,9,Line.tpx226192801c0,Triplex,1,2,C,107.45486212975358,156.0,0.6888132187804716
POLICY_P1,PLANNING,58,10,Line.tpx293664b0,Triplex,1,2,B,106.47320047817284,156.0,0.6825205158857234
POLICY_P1,PLANNING,58,11,Line.tpx21458756c0,Triplex,1,2,C,103.48455903368915,156.0,0.6633625579082638
POLICY_P1,PLANNING,58,12,Line.tpx260595b0,Triplex,1,1,B,96.14416719953044,156.0,0.6163087640995542
POLICY_P1,PLANNING,58,13,Line.tpx260595a0,Triplex,1,1,A,95.36021449977008,156.0,0.6112834262805774
POLICY_P1,PLANNING,58,14,Line.tpx21459651c0,Triplex,1,2,C,95.00056260990141,156.0,0.6089779654480859
POLICY_P1,PLANNING,58,15,Line.tpx226308729b0,Triplex,1,2,B,92.21361225514389,156.0,0.5911128990714352
POLICY_P1,PLANNING,58,16,Line.tpx226308730a0,Triplex,1,1,A,90.68571006460279,156.0,0.5813186542602743
POLICY_P1,PLANNING,58,17,Line.tpx226308720a0,Triplex,1,1,A,89.38022669898797,156.0,0.5729501711473588
POLICY_P1,PLANNING,58,18,Line.tpx226308716b0,Triplex,1,1,B,88.3220697988709,156.0,0.5661671140953263
POLICY_P1,PLANNING,58,19,Line.tpx227944551b0,Triplex,1,2,B,328.36688160703625,580.0,0.5661497958742004
POLICY_P1,PLANNING,58,20,Line.tpx21459629c0,Triplex,1,1,C,87.09052834457668,156.0,0.5582726175934403
POLICY_P1,PLANNING,59,1,Line.tpx21459660c0,Triplex,1,1,C,133.4611524040072,156.0,0.855520207717995
POLICY_P1,PLANNING,59,2,Line.tpx260595c0,Triplex,1,2,C,127.90420105858327,156.0,0.8198987247345081
POLICY_P1,PLANNING,59,3,Line.tpx226308719b0,Triplex,1,1,B,121.0587107384179,156.0,0.7760173765283199
POLICY_P1,PLANNING,59,4,Line.tpx21197413c0,Triplex,1,1,C,121.0001335855666,156.0,0.7756418819587603
POLICY_P1,PLANNING,59,5,Line.tpx2224230689c0,Triplex,1,2,C,120.38036549964369,156.0,0.7716690096131006
POLICY_P1,PLANNING,59,6,Line.tpx226308710b0,Triplex,1,2,B,119.12522052169044,156.0,0.7636232084723746
POLICY_P1,PLANNING,59,7,Line.tpx226308725b0,Triplex,1,2,B,112.9712087257274,156.0,0.724174414908509
POLICY_P1,PLANNING,59,8,Line.tpx227944551c0,Triplex,1,1,C,401.9938269250019,580.0,0.6930928050431067
POLICY_P1,PLANNING,59,9,Line.tpx226192801c0,Triplex,1,2,C,107.44779442529507,156.0,0.6887679129826607
POLICY_P1,PLANNING,59,10,Line.tpx293664b0,Triplex,1,2,B,106.46505022137615,156.0,0.682468270649847
POLICY_P1,PLANNING,59,11,Line.tpx21458756c0,Triplex,1,2,C,103.47777584465594,156.0,0.6633190759272817
POLICY_P1,PLANNING,59,12,Line.tpx260595b0,Triplex,1,1,B,96.14050832689811,156.0,0.6162853097878084
POLICY_P1,PLANNING,59,13,Line.tpx260595a0,Triplex,1,1,A,95.35637414223076,156.0,0.6112588086040434
POLICY_P1,PLANNING,59,14,Line.tpx21459651c0,Triplex,1,2,C,94.9943577769486,156.0,0.6089381908778757
POLICY_P1,PLANNING,59,15,Line.tpx226308729b0,Triplex,1,2,B,92.20996766655733,156.0,0.5910895363240855
POLICY_P1,PLANNING,59,16,Line.tpx226308730a0,Triplex,1,1,A,90.68191798180658,156.0,0.5812943460372216
POLICY_P1,PLANNING,59,17,Line.tpx226308720a0,Triplex,1,1,A,89.3764931911478,156.0,0.5729262384047936
POLICY_P1,PLANNING,59,18,Line.tpx226308716b0,Triplex,1,1,B,88.31858970648805,156.0,0.5661448058108208
POLICY_P1,PLANNING,59,19,Line.tpx227944551b0,Triplex,1,2,B,328.3607685309404,580.0,0.5661392560878282
POLICY_P1,PLANNING,59,20,Line.tpx21459629c0,Triplex,1,1,C,87.08486557655057,156.0,0.5582363177984011
POLICY_P1,PLANNING,60,1,Line.tpx21459660c0,Triplex,1,1,C,135.54013343700458,156.0,0.8688470092115679
POLICY_P1,PLANNING,60,2,Line.tpx260595c0,Triplex,1,2,C,129.79117742761647,156.0,0.8319947271001056
POLICY_P1,PLANNING,60,3,Line.tpx226308719b0,Triplex,1,1,B,122.92441324763405,156.0,0.7879770079976541
POLICY_P1,PLANNING,60,4,Line.tpx21197413c0,Triplex,1,1,C,122.89802712969615,156.0,0.787807866216001
POLICY_P1,PLANNING,60,5,Line.tpx2224230689c0,Triplex,1,2,C,122.22786953348573,156.0,0.7835119841890111
POLICY_P1,PLANNING,60,6,Line.tpx226308710b0,Triplex,1,2,B,120.95913712122541,156.0,0.7753790841104193
POLICY_P1,PLANNING,60,7,Line.tpx226308725b0,Triplex,1,2,B,114.708738361725,156.0,0.7353124253956731
POLICY_P1,PLANNING,60,8,Line.tpx227944551c0,Triplex,1,1,C,407.6655799703077,580.0,0.7028716896039788
POLICY_P1,PLANNING,60,9,Line.tpx226192801c0,Triplex,1,2,C,109.1084411109893,156.0,0.6994130840448032
POLICY_P1,PLANNING,60,10,Line.tpx293664b0,Triplex,1,2,B,108.23242178676877,156.0,0.69379757555621
POLICY_P1,PLANNING,60,11,Line.tpx21458756c0,Triplex,1,2,C,105.07402380977713,156.0,0.6735514346780586
POLICY_P1,PLANNING,60,12,Line.tpx260595b0,Triplex,1,1,B,97.60302598209927,156.0,0.6256604229621748
POLICY_P1,PLANNING,60,13,Line.tpx260595a0,Triplex,1,1,A,96.86076278330387,156.0,0.6209023255339992
POLICY_P1,PLANNING,60,14,Line.tpx21459651c0,Triplex,1,2,C,96.45684437904735,156.0,0.6183131049938932
POLICY_P1,PLANNING,60,15,Line.tpx226308729b0,Triplex,1,2,B,93.61997687339569,156.0,0.6001280568807416
POLICY_P1,PLANNING,60,16,Line.tpx226308730a0,Triplex,1,1,A,92.12333697694551,156.0,0.5905342113906763
POLICY_P1,PLANNING,60,17,Line.tpx226308720a0,Triplex,1,1,A,90.79592608542443,156.0,0.5820251672142591
POLICY_P1,PLANNING,60,18,Line.tpx226308716b0,Triplex,1,1,B,89.6662928113633,156.0,0.5747839282779699
POLICY_P1,PLANNING,60,19,Line.tpx227944551b0,Triplex,1,2,B,333.0517556331338,580.0,0.5742271648847134
POLICY_P1,PLANNING,60,20,Line.tpx21459629c0,Triplex,1,1,C,88.42227296285535,156.0,0.5668094420695855
POLICY_P1,PLANNING,61,1,Line.tpx21459660c0,Triplex,1,1,C,135.49889799222166,156.0,0.8685826794373183
POLICY_P1,PLANNING,61,2,Line.tpx260595c0,Triplex,1,2,C,129.77193779442274,156.0,0.8318713961180945
POLICY_P1,PLANNING,61,3,Line.tpx226308719b0,Triplex,1,1,B,122.90167543011471,156.0,0.7878312527571456
POLICY_P1,PLANNING,61,4,Line.tpx21197413c0,Triplex,1,1,C,122.86109912495088,156.0,0.7875711482368646
POLICY_P1,PLANNING,61,5,Line.tpx2224230689c0,Triplex,1,2,C,122.18731956624063,156.0,0.7832520485015425
POLICY_P1,PLANNING,61,6,Line.tpx226308710b0,Triplex,1,2,B,120.93680030633016,156.0,0.7752358993995523
POLICY_P1,PLANNING,61,7,Line.tpx226308725b0,Triplex,1,2,B,114.68760569716801,156.0,0.7351769595972308
POLICY_P1,PLANNING,61,8,Line.tpx227944551c0,Triplex,1,1,C,407.63464439200214,580.0,0.7028183524000037
POLICY_P1,PLANNING,61,9,Line.tpx226192801c0,Triplex,1,2,C,109.07572140612203,156.0,0.699203342346936
POLICY_P1,PLANNING,61,10,Line.tpx293664b0,Triplex,1,2,B,108.19422269851852,156.0,0.6935527096058879
POLICY_P1,PLANNING,61,11,Line.tpx21458756c0,Triplex,1,2,C,105.04262400970373,156.0,0.6733501539083573
POLICY_P1,PLANNING,61,12,Line.tpx260595b0,Triplex,1,1,B,97.58589962735374,156.0,0.625550638636883
POLICY_P1,PLANNING,61,13,Line.tpx260595a0,Triplex,1,1,A,96.84272975492021,156.0,0.6207867291982065
POLICY_P1,PLANNING,61,14,Line.tpx21459651c0,Triplex,1,2,C,96.42812443604252,156.0,0.6181290027951444
POLICY_P1,PLANNING,61,15,Line.tpx226308729b0,Triplex,1,2,B,93.60291734214188,156.0,0.6000187009111659
POLICY_P1,PLANNING,61,16,Line.tpx226308730a0,Triplex,1,1,A,92.10552820509453,156.0,0.5904200525967598
POLICY_P1,PLANNING,61,17,Line.tpx226308720a0,Triplex,1,1,A,90.77839312443265,156.0,0.5819127764386709
POLICY_P1,PLANNING,61,18,Line.tpx226308716b0,Triplex,1,1,B,89.65000480713626,156.0,0.5746795179944632
POLICY_P1,PLANNING,61,19,Line.tpx227944551b0,Triplex,1,2,B,333.0230968189572,580.0,0.5741777531361331
POLICY_P1,PLANNING,61,20,Line.tpx21459629c0,Triplex,1,1,C,88.3960650060732,156.0,0.5666414423466231
POLICY_P1,PLANNING,62,1,Line.tpx21459660c0,Triplex,1,1,C,137.86716496624666,156.0,0.8837638779887607
POLICY_P1,PLANNING,62,2,Line.tpx260595c0,Triplex,1,2,C,131.92886324669354,156.0,0.8456978413249586
POLICY_P1,PLANNING,62,3,Line.tpx226308719b0,Triplex,1,1,B,125.04186899133161,156.0,0.8015504422521257
POLICY_P1,PLANNING,62,4,Line.tpx21197413c0,Triplex,1,1,C,125.02832760890837,156.0,0.8014636385186434
POLICY_P1,PLANNING,62,5,Line.tpx2224230689c0,Triplex,1,2,C,124.28315700173411,156.0,0.7966869038572699
POLICY_P1,PLANNING,62,6,Line.tpx226308710b0,Triplex,1,2,B,123.0403784218673,156.0,0.7887203744991493
POLICY_P1,PLANNING,62,7,Line.tpx226308725b0,Triplex,1,2,B,116.68065345801348,156.0,0.7479529067821377
POLICY_P1,PLANNING,62,8,Line.tpx227944551c0,Triplex,1,1,C,414.1098192003544,580.0,0.7139824468971628
POLICY_P1,PLANNING,62,9,Line.tpx226192801c0,Triplex,1,2,C,110.96692227045595,156.0,0.711326424810615
POLICY_P1,PLANNING,62,10,Line.tpx293664b0,Triplex,1,2,B,110.20989814613094,156.0,0.7064737060649419
POLICY_P1,PLANNING,62,11,Line.tpx21458756c0,Triplex,1,2,C,106.86036563396202,156.0,0.6850023438074488
POLICY_P1,PLANNING,62,12,Line.tpx260595b0,Triplex,1,1,B,99.26252572493858,156.0,0.6362982418265294
POLICY_P1,PLANNING,62,13,Line.tpx260595a0,Triplex,1,1,A,98.55302154330009,156.0,0.6317501380980775
POLICY_P1,PLANNING,62,14,Line.tpx21459651c0,Triplex,1,2,C,98.0934303316658,156.0,0.6288040405876013
POLICY_P1,PLANNING,62,15,Line.tpx226308729b0,Triplex,1,2,B,95.21992782617886,156.0,0.6103841527319158
POLICY_P1,PLANNING,62,16,Line.tpx226308730a0,Triplex,1,1,A,93.7456957137735,156.0,0.6009339468831635
POLICY_P1,PLANNING,62,17,Line.tpx226308720a0,Triplex,1,1,A,92.39341731935895,156.0,0.5922654956369163
POLICY_P1,PLANNING,62,18,Line.tpx226308716b0,Triplex,1,1,B,91.19533425715241,156.0,0.5845854760073872
POLICY_P1,PLANNING,62,19,Line.tpx227944551b0,Triplex,1,2,B,338.3834810023421,580.0,0.5834197948316243
POLICY_P1,PLANNING,62,20,Line.tpx21459629c0,Triplex,1,1,C,89.91881636481331,156.0,0.5764026690052135
POLICY_P1,PLANNING,63,1,Line.tpx21459660c0,Triplex,1,1,C,137.86030269620753,156.0,0.8837198890782534
POLICY_P1,PLANNING,63,2,Line.tpx260595c0,Triplex,1,2,C,131.92565844368553,156.0,0.8456772977159329
POLICY_P1,PLANNING,63,3,Line.tpx226308719b0,Triplex,1,1,B,125.03803578341314,156.0,0.8015258704064945
POLICY_P1,PLANNING,63,4,Line.tpx21197413c0,Triplex,1,1,C,125.0221787468024,156.0,0.8014242227359129
POLICY_P1,PLANNING,63,5,Line.tpx2224230689c0,Triplex,1,2,C,124.27641704086395,156.0,0.7966436989798971
POLICY_P1,PLANNING,63,6,Line.tpx226308710b0,Triplex,1,2,B,123.03661303935709,156.0,0.7886962374317762
POLICY_P1,PLANNING,63,7,Line.tpx226308725b0,Triplex,1,2,B,116.67709123416725,156.0,0.7479300720138926
POLICY_P1,PLANNING,63,8,Line.tpx227944551c0,Triplex,1,1,C,414.1046501398593,580.0,0.7139735347238954
POLICY_P1,PLANNING,63,9,Line.tpx226192801c0,Triplex,1,2,C,110.9614794375241,156.0,0.7112915348559238
POLICY_P1,PLANNING,63,10,Line.tpx293664b0,Triplex,1,2,B,110.20347043171748,156.0,0.7064325027674198
POLICY_P1,PLANNING,63,11,Line.tpx21458756c0,Triplex,1,2,C,106.85514288728332,156.0,0.6849688646620725
POLICY_P1,PLANNING,63,12,Line.tpx260595b0,Triplex,1,1,B,99.2596397189317,156.0,0.6362797417880237
POLICY_P1,PLANNING,63,13,Line.tpx260595a0,Triplex,1,1,A,98.54996417039528,156.0,0.631730539553816
POLICY_P1,PLANNING,63,14,Line.tpx21459651c0,Triplex,1,2,C,98.0886538246214,156.0,0.6287734219527013
POLICY_P1,PLANNING,63,15,Line.tpx226308729b0,Triplex,1,2,B,95.2170530735279,156.0,0.610365724830307
POLICY_P1,PLANNING,63,16,Line.tpx226308730a0,Triplex,1,1,A,93.74267581860703,156.0,0.6009145885808143
POLICY_P1,PLANNING,63,17,Line.tpx226308720a0,Triplex,1,1,A,92.39044434208562,156.0,0.5922464380902924
POLICY_P1,PLANNING,63,18,Line.tpx226308716b0,Triplex,1,1,B,91.19258982626526,156.0,0.5845678835017004
POLICY_P1,PLANNING,63,19,Line.tpx227944551b0,Triplex,1,2,B,338.37864217934043,580.0,0.5834114520333455
POLICY_P1,PLANNING,63,20,Line.tpx21459629c0,Triplex,1,1,C,89.9144581989127,156.0,0.5763747320443121
POLICY_P1,PLANNING,64,1,Line.tpx21459660c0,Triplex,1,1,C,140.32679203746864,156.0,0.8995307181889015
POLICY_P1,PLANNING,64,2,Line.tpx260595c0,Triplex,1,2,C,134.1502125512409,156.0,0.859937259943852
POLICY_P1,PLANNING,64,3,Line.tpx21197413c0,Triplex,1,1,C,127.27516671734715,156.0,0.8158664533163279
POLICY_P1,PLANNING,64,4,Line.tpx226308719b0,Triplex,1,1,B,127.26171307940939,156.0,0.8157802120474961
POLICY_P1,PLANNING,64,5,Line.tpx2224230689c0,Triplex,1,2,C,126.46192429137137,156.0,0.8106533608421242
POLICY_P1,PLANNING,64,6,Line.tpx226308710b0,Triplex,1,2,B,125.22216796517834,156.0,0.8027062049049893
POLICY_P1,PLANNING,64,7,Line.tpx226308725b0,Triplex,1,2,B,118.74765116865035,156.0,0.761202892106733
POLICY_P1,PLANNING,64,8,Line.tpx227944551c0,Triplex,1,1,C,420.7644195003074,580.0,0.7254558956901851
POLICY_P1,PLANNING,64,9,Line.tpx226192801c0,Triplex,1,2,C,112.93034966412041,156.0,0.7239124978469257
POLICY_P1,PLANNING,64,10,Line.tpx293664b0,Triplex,1,2,B,111.59337067017313,156.0,0.715342119680597
POLICY_P1,PLANNING,64,11,Line.tpx21458756c0,Triplex,1,2,C,108.74736024697535,156.0,0.6970984631216368
POLICY_P1,PLANNING,64,12,Line.tpx260595b0,Triplex,1,1,B,101.00027871752091,156.0,0.6474376840866726
POLICY_P1,PLANNING,64,13,Line.tpx260595a0,Triplex,1,1,A,100.34854549892347,156.0,0.6432599070443812
POLICY_P1,PLANNING,64,14,Line.tpx21459651c0,Triplex,1,2,C,99.82202197990003,156.0,0.6398847562814104
POLICY_P1,PLANNING,64,15,Line.tpx226308729b0,Triplex,1,2,B,96.89646881951158,156.0,0.6211312103814846
POLICY_P1,PLANNING,64,16,Line.tpx226308730a0,Triplex,1,1,A,95.46792996920954,156.0,0.6119739100590355
POLICY_P1,PLANNING,64,17,Line.tpx226308720a0,Triplex,1,1,A,94.08921449543887,156.0,0.6031359903553773
POLICY_P1,PLANNING,64,18,Line.tpx226308716b0,Triplex,1,1,B,92.79745810153999,156.0,0.5948555006508973
POLICY_P1,PLANNING,64,19,Line.tpx227944551b0,Triplex,1,2,B,343.9105501882888,580.0,0.5929492244625669
POLICY_P1,PLANNING,64,20,Line.tpx21459629c0,Triplex,1,1,C,91.49925453716247,156.0,0.5865336829305287
POLICY_P1,PLANNING,65,1,Line.tpx21459660c0,Triplex,1,1,C,140.28001516150255,156.0,0.8992308664198881
POLICY_P1,PLANNING,65,2,Line.tpx260595c0,Triplex,1,2,C,134.12833846137042,156.0,0.8597970414190411
POLICY_P1,PLANNING,65,3,Line.tpx226308719b0,Triplex,1,1,B,127.23524627862041,156.0,0.8156105530680795
POLICY_P1,PLANNING,65,4,Line.tpx21197413c0,Triplex,1,1,C,127.23323325278318,156.0,0.8155976490563024
POLICY_P1,PLANNING,65,5,Line.tpx2224230689c0,Triplex,1,2,C,126.41602404829946,156.0,0.8103591285147401
POLICY_P1,PLANNING,65,6,Line.tpx226308710b0,Triplex,1,2,B,125.19617108255626,156.0,0.8025395582215145
POLICY_P1,PLANNING,65,7,Line.tpx226308725b0,Triplex,1,2,B,118.72305823663659,156.0,0.7610452451066448
POLICY_P1,PLANNING,65,8,Line.tpx227944551c0,Triplex,1,1,C,420.729030968295,580.0,0.725394880979819
POLICY_P1,PLANNING,65,9,Line.tpx226192801c0,Triplex,1,2,C,112.8932648044484,156.0,0.7236747743874898
POLICY_P1,PLANNING,65,10,Line.tpx293664b0,Triplex,1,2,B,111.54934236004942,156.0,0.7150598869233937
POLICY_P1,PLANNING,65,11,Line.tpx21458756c0,Triplex,1,2,C,108.71177871385763,156.0,0.6968703763708822
POLICY_P1,PLANNING,65,12,Line.tpx260595b0,Triplex,1,1,B,100.98036095854616,156.0,0.6473100061445266
POLICY_P1,PLANNING,65,13,Line.tpx260595a0,Triplex,1,1,A,100.32733423763874,156.0,0.6431239374207611
POLICY_P1,PLANNING,65,14,Line.tpx21459651c0,Triplex,1,2,C,99.78948416210429,156.0,0.6396761805263095
POLICY_P1,PLANNING,65,15,Line.tpx226308729b0,Triplex,1,2,B,96.87662855175444,156.0,0.6210040291779131
POLICY_P1,PLANNING,65,16,Line.tpx226308730a0,Triplex,1,1,A,95.44697471460697,156.0,0.6118395815038908
POLICY_P1,PLANNING,65,17,Line.tpx226308720a0,Triplex,1,1,A,94.0685858691119,156.0,0.6030037555712301
POLICY_P1,PLANNING,65,18,Line.tpx226308716b0,Triplex,1,1,B,92.77851947852757,156.0,0.5947340992213306
POLICY_P1,PLANNING,65,19,Line.tpx227944551b0,Triplex,1,2,B,343.87709224434707,580.0,0.5928915383523226
POLICY_P1,PLANNING,65,20,Line.tpx21459629c0,Triplex,1,1,C,91.46957053365303,156.0,0.5863434008567502
POLICY_P1,PLANNING,66,1,Line.tpx21459660c0,Triplex,1,1,C,142.56950230852954,156.0,0.9139070660803176
POLICY_P1,PLANNING,66,2,Line.tpx260595c0,Triplex,1,2,C,136.20082591217937,156.0,0.8730822173857652
POLICY_P1,PLANNING,66,3,Line.tpx21197413c0,Triplex,1,1,C,129.33340411229062,156.0,0.8290602827710938
POLICY_P1,PLANNING,66,4,Line.tpx226308719b0,Triplex,1,1,B,129.3198113138295,156.0,0.8289731494476249
POLICY_P1,PLANNING,66,5,Line.tpx2224230689c0,Triplex,1,2,C,128.4373801031479,156.0,0.8233165391227428
POLICY_P1,PLANNING,66,6,Line.tpx226308710b0,Triplex,1,2,B,127.24480433958371,156.0,0.8156718226896391
POLICY_P1,PLANNING,66,7,Line.tpx226308725b0,Triplex,1,2,B,120.66394822775803,156.0,0.7734868476138335
POLICY_P1,PLANNING,66,8,Line.tpx227944551c0,Triplex,1,1,C,426.9152512103722,580.0,0.7360607779489177
POLICY_P1,PLANNING,66,9,Line.tpx226192801c0,Triplex,1,2,C,114.72022775339326,156.0,0.7353860753422645
POLICY_P1,PLANNING,66,10,Line.tpx293664b0,Triplex,1,2,B,113.52516746779278,156.0,0.7277254324858512
POLICY_P1,PLANNING,66,11,Line.tpx21458756c0,Triplex,1,2,C,110.46747206565696,156.0,0.7081248209336984
POLICY_P1,PLANNING,66,12,Line.tpx260595b0,Triplex,1,1,B,102.61053719398139,156.0,0.657759853807573
POLICY_P1,PLANNING,66,13,Line.tpx260595a0,Triplex,1,1,A,102.0027688583905,156.0,0.6538639029384006
POLICY_P1,PLANNING,66,14,Line.tpx21459651c0,Triplex,1,2,C,101.39765491221245,156.0,0.6499849673859772
POLICY_P1,PLANNING,66,15,Line.tpx226308729b0,Triplex,1,2,B,98.45044019432265,156.0,0.6310925653482221
POLICY_P1,PLANNING,66,16,Line.tpx226308730a0,Triplex,1,1,A,97.05634622031114,156.0,0.6221560655148151
POLICY_P1,PLANNING,66,17,Line.tpx226308720a0,Triplex,1,1,A,95.65308768769674,156.0,0.6131608185108766
POLICY_P1,PLANNING,66,18,Line.tpx226308716b0,Triplex,1,1,B,94.28218103182428,156.0,0.6043729553322069
POLICY_P1,PLANNING,66,19,Line.tpx227944551b0,Triplex,1,2,B,349.02560611225874,580.0,0.6017682864004461
POLICY_P1,PLANNING,66,20,Line.tpx21459629c0,Triplex,1,1,C,92.93974783498588,156.0,0.5957676143268326
POLICY_P1,PLANNING,67,1,Line.tpx21459660c0,Triplex,1,1,C,142.56360219357694,156.0,0.9138692448306214
POLICY_P1,PLANNING,67,2,Line.tpx260595c0,Triplex,1,2,C,136.19806365187503,156.0,0.8730645105889425
POLICY_P1,PLANNING,67,3,Line.tpx21197413c0,Triplex,1,1,C,129.3281113670028,156.0,0.8290263549166846
POLICY_P1,PLANNING,67,4,Line.tpx226308719b0,Triplex,1,1,B,129.31640669272136,156.0,0.828951324953342
POLICY_P1,PLANNING,67,5,Line.tpx2224230689c0,Triplex,1,2,C,128.4315968488151,156.0,0.823279466979584
POLICY_P1,PLANNING,67,6,Line.tpx226308710b0,Triplex,1,2,B,127.24146036951747,156.0,0.8156503869840863
POLICY_P1,PLANNING,67,7,Line.tpx226308725b0,Triplex,1,2,B,120.66078499417773,156.0,0.7734665704754983
POLICY_P1,PLANNING,67,8,Line.tpx227944551c0,Triplex,1,1,C,426.9107633754532,580.0,0.7360530403025055
POLICY_P1,PLANNING,67,9,Line.tpx226192801c0,Triplex,1,2,C,114.71555206631945,156.0,0.7353561029892273
POLICY_P1,PLANNING,67,10,Line.tpx293664b0,Triplex,1,2,B,113.51951407016597,156.0,0.7276891927574741
POLICY_P1,PLANNING,67,11,Line.tpx21458756c0,Triplex,1,2,C,110.4629863655625,156.0,0.7080960664459135
POLICY_P1,PLANNING,67,12,Line.tpx260595b0,Triplex,1,1,B,102.60797616085053,156.0,0.657743436928529
POLICY_P1,PLANNING,67,13,Line.tpx260595a0,Triplex,1,1,A,102.00003201107891,156.0,0.6538463590453777
POLICY_P1,PLANNING,67,14,Line.tpx21459651c0,Triplex,1,2,C,101.39355335165392,156.0,0.6499586753311148
POLICY_P1,PLANNING,67,15,Line.tpx226308729b0,Triplex,1,2,B,98.44788905024599,156.0,0.6310762118605512
POLICY_P1,PLANNING,67,16,Line.tpx226308730a0,Triplex,1,1,A,97.0536418075716,156.0,0.6221387295357154
POLICY_P1,PLANNING,67,17,Line.tpx226308720a0,Triplex,1,1,A,95.65042556580998,156.0,0.613143753626987
POLICY_P1,PLANNING,67,18,Line.tpx226308716b0,Triplex,1,1,B,94.27974610506031,156.0,0.6043573468273097
POLICY_P1,PLANNING,67,19,Line.tpx227944551b0,Triplex,1,2,B,349.0212981167769,580.0,0.6017608588220291
POLICY_P1,PLANNING,67,20,Line.tpx21459629c0,Triplex,1,1,C,92.93600649294204,156.0,0.5957436313650131
POLICY_P1,PLANNING,68,1,Line.tpx21459660c0,Triplex,1,1,C,144.33000391258437,156.0,0.9251923327729767
POLICY_P1,PLANNING,68,2,Line.tpx260595c0,Triplex,1,2,C,137.7380730400361,156.0,0.8829363656412571
POLICY_P1,PLANNING,68,3,Line.tpx21197413c0,Triplex,1,1,C,130.95349344401205,156.0,0.839445470794949
POLICY_P1,PLANNING,68,4,Line.tpx226308719b0,Triplex,1,1,B,130.88763663232848,156.0,0.8390233117456953
POLICY_P1,PLANNING,68,5,Line.tpx2224230689c0,Triplex,1,2,C,129.98242879539137,156.0,0.833220697406355
POLICY_P1,PLANNING,68,6,Line.tpx226308710b0,Triplex,1,2,B,128.78529536736528,156.0,0.8255467651754185
POLICY_P1,PLANNING,68,7,Line.tpx226308725b0,Triplex,1,2,B,122.12357639070741,156.0,0.7828434384019706
POLICY_P1,PLANNING,68,8,Line.tpx226192801c0,Triplex,1,2,C,116.12386074527745,156.0,0.7443837227261375
POLICY_P1,PLANNING,68,9,Line.tpx227944551c0,Triplex,1,1,C,431.42332340529146,580.0,0.7438333162160198
POLICY_P1,PLANNING,68,10,Line.tpx293664b0,Triplex,1,2,B,113.5637549577614,156.0,0.7279727881907783
POLICY_P1,PLANNING,68,11,Line.tpx21458756c0,Triplex,1,2,C,111.81606833012881,156.0,0.7167696687828771
POLICY_P1,PLANNING,68,12,Line.tpx260595b0,Triplex,1,1,B,103.83233224438737,156.0,0.6655918733614575
POLICY_P1,PLANNING,68,13,Line.tpx260595a0,Triplex,1,1,A,103.33997240399565,156.0,0.6624357205384336
POLICY_P1,PLANNING,68,14,Line.tpx21459651c0,Triplex,1,2,C,102.6326675155677,156.0,0.6579017148433827
POLICY_P1,PLANNING,68,15,Line.tpx226308729b0,Triplex,1,2,B,99.63346302952269,156.0,0.6386760450610429
POLICY_P1,PLANNING,68,16,Line.tpx226308730a0,Triplex,1,1,A,98.34621611946537,156.0,0.6304244623042652
POLICY_P1,PLANNING,68,17,Line.tpx226308720a0,Triplex,1,1,A,96.92272828337288,156.0,0.6212995402780312
POLICY_P1,PLANNING,68,18,Line.tpx226308716b0,Triplex,1,1,B,95.41200036733774,156.0,0.6116153869701138
POLICY_P1,PLANNING,68,19,Line.tpx227944551b0,Triplex,1,2,B,352.7775301630243,580.0,0.6082371209707316
POLICY_P1,PLANNING,68,20,Line.tpx21459629c0,Triplex,1,1,C,94.06848149984502,156.0,0.603003086537468
POLICY_P1,PLANNING,69,1,Line.tpx21459660c0,Triplex,1,1,C,144.30054641635942,156.0,0.9250035026689707
POLICY_P1,PLANNING,69,2,Line.tpx260595c0,Triplex,1,2,C,137.72430251396372,156.0,0.882848093038229
POLICY_P1,PLANNING,69,3,Line.tpx21197413c0,Triplex,1,1,C,130.9270527282346,156.0,0.8392759790271449
POLICY_P1,PLANNING,69,4,Line.tpx226308719b0,Triplex,1,1,B,130.8705147065524,156.0,0.8389135558112333
POLICY_P1,PLANNING,69,5,Line.tpx2224230689c0,Triplex,1,2,C,129.95358281681789,156.0,0.8330357872872941
POLICY_P1,PLANNING,69,6,Line.tpx226308710b0,Triplex,1,2,B,128.76847933281948,156.0,0.8254389700821761
POLICY_P1,PLANNING,69,7,Line.tpx226308725b0,Triplex,1,2,B,122.10766972913441,156.0,0.7827414726226565
POLICY_P1,PLANNING,69,8,Line.tpx226192801c0,Triplex,1,2,C,116.1005243831447,156.0,0.7442341306611839
POLICY_P1,PLANNING,69,9,Line.tpx227944551c0,Triplex,1,1,C,431.40088565217013,580.0,0.7437946304347761
POLICY_P1,PLANNING,69,10,Line.tpx293664b0,Triplex,1,2,B,113.53591581460367,156.0,0.7277943321448953
POLICY_P1,PLANNING,69,11,Line.tpx21458756c0,Triplex,1,2,C,111.79368201623139,156.0,0.716626166770714
POLICY_P1,PLANNING,69,12,Line.tpx260595b0,Triplex,1,1,B,103.81945695323843,156.0,0.6655093394438361
POLICY_P1,PLANNING,69,13,Line.tpx260595a0,Triplex,1,1,A,103.32607369509451,156.0,0.6623466262506058
POLICY_P1,PLANNING,69,14,Line.tpx21459651c0,Triplex,1,2,C,102.61220001662183,156.0,0.657770512927063
POLICY_P1,PLANNING,69,15,Line.tpx226308729b0,Triplex,1,2,B,99.62063747109137,156.0,0.6385938299428934
POLICY_P1,PLANNING,69,16,Line.tpx226308730a0,Triplex,1,1,A,98.3324786191825,156.0,0.630336401405016
POLICY_P1,PLANNING,69,17,Line.tpx226308720a0,Triplex,1,1,A,96.90920627962129,156.0,0.6212128607668032
POLICY_P1,PLANNING,69,18,Line.tpx226308716b0,Triplex,1,1,B,95.39976030219378,156.0,0.6115369250140628
POLICY_P1,PLANNING,69,19,Line.tpx227944551b0,Triplex,1,2,B,352.75581716596633,580.0,0.6081996847689075
POLICY_P1,PLANNING,69,20,Line.tpx21459629c0,Triplex,1,1,C,94.04981351493487,156.0,0.6028834199675313
POLICY_P1,PLANNING,70,1,Line.tpx21459660c0,Triplex,1,1,C,143.27542052946046,156.0,0.9184321828811568
POLICY_P1,PLANNING,70,2,Line.tpx260595c0,Triplex,1,2,C,138.2675993901849,156.0,0.8863307653216981
POLICY_P1,PLANNING,70,3,Line.tpx226308719b0,Triplex,1,1,B,130.59259984305376,156.0,0.8371320502759857
POLICY_P1,PLANNING,70,4,Line.tpx21197413c0,Triplex,1,1,C,130.05067479802798,156.0,0.8336581717822307
POLICY_P1,PLANNING,70,5,Line.tpx2224230689c0,Triplex,1,2,C,129.05054103770087,156.0,0.8272470579339799
POLICY_P1,PLANNING,70,6,Line.tpx226308710b0,Triplex,1,2,B,128.4952646967432,156.0,0.8236875942098922
POLICY_P1,PLANNING,70,7,Line.tpx226308725b0,Triplex,1,2,B,121.85049023069561,156.0,0.7810928860942027
POLICY_P1,PLANNING,70,8,Line.tpx227944551c0,Triplex,1,1,C,430.17366825266646,580.0,0.7416787383666663
POLICY_P1,PLANNING,70,9,Line.tpx226192801c0,Triplex,1,2,C,115.29015330830022,156.0,0.7390394442839757
POLICY_P1,PLANNING,70,10,Line.tpx293664b0,Triplex,1,2,B,113.58846034395543,156.0,0.7281311560509963
POLICY_P1,PLANNING,70,11,Line.tpx21458756c0,Triplex,1,2,C,111.0167120780132,156.0,0.7116455902436744
POLICY_P1,PLANNING,70,12,Line.tpx260595b0,Triplex,1,1,B,103.58192295348258,156.0,0.6639866855992472
POLICY_P1,PLANNING,70,13,Line.tpx21459651c0,Triplex,1,2,C,101.90221852657454,156.0,0.653219349529324
POLICY_P1,PLANNING,70,14,Line.tpx260595a0,Triplex,1,1,A,100.4771635876688,156.0,0.6440843819722358
POLICY_P1,PLANNING,70,15,Line.tpx226308729b0,Triplex,1,2,B,99.41479605642903,156.0,0.6372743336950578
POLICY_P1,PLANNING,70,16,Line.tpx226308730a0,Triplex,1,1,A,95.50229259458335,156.0,0.6121941832986112
POLICY_P1,PLANNING,70,17,Line.tpx226308716b0,Triplex,1,1,B,95.20281445920108,156.0,0.6102744516615454
POLICY_P1,PLANNING,70,18,Line.tpx227944551b0,Triplex,1,2,B,351.11688195677044,580.0,0.6053739344082248
POLICY_P1,PLANNING,70,19,Line.tpx226308720a0,Triplex,1,1,A,94.12282372999793,156.0,0.6033514341666534
POLICY_P1,PLANNING,70,20,Line.tpx21459629c0,Triplex,1,1,C,93.40270338750523,156.0,0.5987352781250335
POLICY_P1,PLANNING,71,1,Line.tpx21459660c0,Triplex,1,1,C,143.27084848070717,156.0,0.918402874876328
POLICY_P1,PLANNING,71,2,Line.tpx260595c0,Triplex,1,2,C,138.26540470468683,156.0,0.8863166968249155
POLICY_P1,PLANNING,71,3,Line.tpx226308719b0,Triplex,1,1,B,130.58989965759943,156.0,0.8371147413948682
POLICY_P1,PLANNING,71,4,Line.tpx21197413c0,Triplex,1,1,C,130.0465655247037,156.0,0.8336318302865623
POLICY_P1,PLANNING,71,5,Line.tpx2224230689c0,Triplex,1,2,C,129.0460723275579,156.0,0.8272184123561405
POLICY_P1,PLANNING,71,6,Line.tpx226308710b0,Triplex,1,2,B,128.49261273422923,156.0,0.8236705944501873
POLICY_P1,PLANNING,71,7,Line.tpx226308725b0,Triplex,1,2,B,121.84798155814232,156.0,0.7810768048598867
POLICY_P1,PLANNING,71,8,Line.tpx227944551c0,Triplex,1,1,C,430.17005408223315,580.0,0.741672507038333
POLICY_P1,PLANNING,71,9,Line.tpx226192801c0,Triplex,1,2,C,115.28652989512669,156.0,0.7390162172764532
POLICY_P1,PLANNING,71,10,Line.tpx293664b0,Triplex,1,2,B,113.58409851592552,156.0,0.7281031956149072
POLICY_P1,PLANNING,71,11,Line.tpx21458756c0,Triplex,1,2,C,111.01323585230688,156.0,0.711623306745557
POLICY_P1,PLANNING,71,12,Line.tpx260595b0,Triplex,1,1,B,103.5798939031854,156.0,0.663973678866573
POLICY_P1,PLANNING,71,13,Line.tpx21459651c0,Triplex,1,2,C,101.89903995245318,156.0,0.653198974054187
POLICY_P1,PLANNING,71,14,Line.tpx260595a0,Triplex,1,1,A,100.4750307151407,156.0,0.6440707097124404
POLICY_P1,PLANNING,71,15,Line.tpx226308729b0,Triplex,1,2,B,99.41277305433816,156.0,0.6372613657329369
POLICY_P1,PLANNING,71,16,Line.tpx226308730a0,Triplex,1,1,A,95.50019414554583,156.0,0.6121807317022169
POLICY_P1,PLANNING,71,17,Line.tpx226308716b0,Triplex,1,1,B,95.20088379467202,156.0,0.610262075606872
POLICY_P1,PLANNING,71,18,Line.tpx227944551b0,Triplex,1,2,B,351.1134959757428,580.0,0.6053680965099014
POLICY_P1,PLANNING,71,19,Line.tpx226308720a0,Triplex,1,1,A,94.12075800606429,156.0,0.6033381923465659
POLICY_P1,PLANNING,71,20,Line.tpx21459629c0,Triplex,1,1,C,93.39980392517882,156.0,0.5987166918280693
POLICY_P1,PLANNING,72,1,Line.tpx21459660c0,Triplex,1,1,C,143.41006845048025,156.0,0.9192953105800016
POLICY_P1,PLANNING,72,2,Line.tpx260595c0,Triplex,1,2,C,138.3611583639936,156.0,0.8869305023332924
POLICY_P1,PLANNING,72,3,Line.tpx226308719b0,Triplex,1,1,B,130.74248182446038,156.0,0.8380928322080794
POLICY_P1,PLANNING,72,4,Line.tpx21197413c0,Triplex,1,1,C,130.1890259406211,156.0,0.8345450380809044
POLICY_P1,PLANNING,72,5,Line.tpx2224230689c0,Triplex,1,2,C,129.1621473260765,156.0,0.8279624828594648
POLICY_P1,PLANNING,72,6,Line.tpx226308710b0,Triplex,1,2,B,128.64222732440436,156.0,0.8246296623359254
POLICY_P1,PLANNING,72,7,Line.tpx226308725b0,Triplex,1,2,B,121.98995257771324,156.0,0.7819868754981618
POLICY_P1,PLANNING,72,8,Line.tpx227944551c0,Triplex,1,1,C,430.3739287387508,580.0,0.7420240150668117
POLICY_P1,PLANNING,72,9,Line.tpx226192801c0,Triplex,1,2,C,115.3968615594188,156.0,0.7397234715347358
POLICY_P1,PLANNING,72,10,Line.tpx293664b0,Triplex,1,2,B,113.78747051221245,156.0,0.7294068622577721
POLICY_P1,PLANNING,72,11,Line.tpx21458756c0,Triplex,1,2,C,111.11908521810663,156.0,0.7123018283211964
POLICY_P1,PLANNING,72,12,Line.tpx260595b0,Triplex,1,1,B,103.69460552422636,156.0,0.6647090097706818
POLICY_P1,PLANNING,72,13,Line.tpx21459651c0,Triplex,1,2,C,101.99582550708337,156.0,0.6538193942761754
POLICY_P1,PLANNING,72,14,Line.tpx260595a0,Triplex,1,1,A,100.62736898622012,156.0,0.6450472370911546
POLICY_P1,PLANNING,72,15,Line.tpx226308729b0,Triplex,1,2,B,99.52739044123672,156.0,0.6379960925720303
POLICY_P1,PLANNING,72,16,Line.tpx226308730a0,Triplex,1,1,A,95.65213249291226,156.0,0.6131546954673863
POLICY_P1,PLANNING,72,17,Line.tpx226308716b0,Triplex,1,1,B,95.30987044293306,156.0,0.6109607079675197
POLICY_P1,PLANNING,72,18,Line.tpx227944551b0,Triplex,1,2,B,351.33202633284054,580.0,0.6057448729876561
POLICY_P1,PLANNING,72,19,Line.tpx226308720a0,Triplex,1,1,A,94.27006333543504,156.0,0.6042952777912503
POLICY_P1,PLANNING,72,20,Line.tpx21459629c0,Triplex,1,1,C,93.4880901734112,156.0,0.5992826293167385
POLICY_P1,PLANNING,73,1,Line.tpx21459660c0,Triplex,1,1,C,143.40344118046718,156.0,0.9192528280799178
POLICY_P1,PLANNING,73,2,Line.tpx260595c0,Triplex,1,2,C,138.35797495455927,156.0,0.8869100958625594
POLICY_P1,PLANNING,73,3,Line.tpx226308719b0,Triplex,1,1,B,130.73853748342557,156.0,0.8380675479706767
POLICY_P1,PLANNING,73,4,Line.tpx21197413c0,Triplex,1,1,C,130.18306685352988,156.0,0.8345068388046787
POLICY_P1,PLANNING,73,5,Line.tpx2224230689c0,Triplex,1,2,C,129.15567128052163,156.0,0.8279209697469335
POLICY_P1,PLANNING,73,6,Line.tpx226308710b0,Triplex,1,2,B,128.63835347340267,156.0,0.8246048299577095
POLICY_P1,PLANNING,73,7,Line.tpx226308725b0,Triplex,1,2,B,121.9862880293553,156.0,0.7819633848035595
POLICY_P1,PLANNING,73,8,Line.tpx227944551c0,Triplex,1,1,C,430.368676994237,580.0,0.7420149603348913
POLICY_P1,PLANNING,73,9,Line.tpx226192801c0,Triplex,1,2,C,115.39160956968398,156.0,0.7396898049338717
POLICY_P1,PLANNING,73,10,Line.tpx293664b0,Triplex,1,2,B,113.78110225275863,156.0,0.7293660400817861
POLICY_P1,PLANNING,73,11,Line.tpx21458756c0,Triplex,1,2,C,111.1140466202304,156.0,0.7122695296168615
POLICY_P1,PLANNING,73,12,Line.tpx260595b0,Triplex,1,1,B,103.69164175711893,156.0,0.6646900112635828
POLICY_P1,PLANNING,73,13,Line.tpx21459651c0,Triplex,1,2,C,101.99121838588245,156.0,0.6537898614479644
POLICY_P1,PLANNING,73,14,Line.tpx260595a0,Triplex,1,1,A,100.62424617066848,156.0,0.6450272190427467
POLICY_P1,PLANNING,73,15,Line.tpx226308729b0,Triplex,1,2,B,99.52443544752535,156.0,0.6379771503046496
POLICY_P1,PLANNING,73,16,Line.tpx226308730a0,Triplex,1,1,A,95.64905397626788,156.0,0.6131349613863326
POLICY_P1,PLANNING,73,17,Line.tpx226308716b0,Triplex,1,1,B,95.30705039618508,156.0,0.6109426307447762
POLICY_P1,PLANNING,73,18,Line.tpx227944551b0,Triplex,1,2,B,351.32707530819465,580.0,0.6057363367382667
POLICY_P1,PLANNING,73,19,Line.tpx226308720a0,Triplex,1,1,A,94.26703287097806,156.0,0.6042758517370388
POLICY_P1,PLANNING,73,20,Line.tpx21459629c0,Triplex,1,1,C,93.48388765871512,156.0,0.5992556901199687
POLICY_P1,PLANNING,74,1,Line.tpx21459660c0,Triplex,1,1,C,143.40368450586323,156.0,0.9192543878580975
POLICY_P1,PLANNING,74,2,Line.tpx260595c0,Triplex,1,2,C,138.35890715524974,156.0,0.8869160715080111
POLICY_P1,PLANNING,74,3,Line.tpx226308719b0,Triplex,1,1,B,130.74066670975742,156.0,0.8380811968574193
POLICY_P1,PLANNING,74,4,Line.tpx21197413c0,Triplex,1,1,C,130.18377373247534,156.0,0.8345113700799701
POLICY_P1,PLANNING,74,5,Line.tpx2224230689c0,Triplex,1,2,C,129.15534711931417,156.0,0.8279188917904755
POLICY_P1,PLANNING,74,6,Line.tpx226308710b0,Triplex,1,2,B,128.64043783643464,156.0,0.8246181912591964
POLICY_P1,PLANNING,74,7,Line.tpx226308725b0,Triplex,1,2,B,121.98827218307096,156.0,0.7819761037376344
POLICY_P1,PLANNING,74,8,Line.tpx227944551c0,Triplex,1,1,C,430.3715143415344,580.0,0.7420198523129904
POLICY_P1,PLANNING,74,9,Line.tpx226192801c0,Triplex,1,2,C,115.39180240079709,156.0,0.7396910410307506
POLICY_P1,PLANNING,74,10,Line.tpx293664b0,Triplex,1,2,B,113.7833238095388,156.0,0.7293802808303769
POLICY_P1,PLANNING,74,11,Line.tpx21458756c0,Triplex,1,2,C,111.11423161653539,156.0,0.7122707154906115
POLICY_P1,PLANNING,74,12,Line.tpx260595b0,Triplex,1,1,B,103.6932433570622,156.0,0.664700277929886
POLICY_P1,PLANNING,74,13,Line.tpx21459651c0,Triplex,1,2,C,101.99138754020767,156.0,0.653790945770562
POLICY_P1,PLANNING,74,14,Line.tpx260595a0,Triplex,1,1,A,100.62682714355333,156.0,0.6450437637407265
POLICY_P1,PLANNING,74,15,Line.tpx226308729b0,Triplex,1,2,B,99.52603918356176,156.0,0.6379874306638574
POLICY_P1,PLANNING,74,16,Line.tpx226308730a0,Triplex,1,1,A,95.65164937321356,156.0,0.6131515985462408
POLICY_P1,PLANNING,74,17,Line.tpx226308716b0,Triplex,1,1,B,95.30856968166562,156.0,0.6109523697542668
POLICY_P1,PLANNING,74,18,Line.tpx227944551b0,Triplex,1,2,B,351.33051303417506,580.0,0.605742263852026
POLICY_P1,PLANNING,74,19,Line.tpx226308720a0,Triplex,1,1,A,94.26958035307841,156.0,0.6042921817505026
POLICY_P1,PLANNING,74,20,Line.tpx21459629c0,Triplex,1,1,C,93.48404195762461,156.0,0.5992566792155424
POLICY_P1,PLANNING,75,1,Line.tpx21459660c0,Triplex,1,1,C,143.40026451927562,156.0,0.9192324648671514
POLICY_P1,PLANNING,75,2,Line.tpx260595c0,Triplex,1,2,C,138.35726432387764,156.0,0.8869055405376772
POLICY_P1,PLANNING,75,3,Line.tpx226308719b0,Triplex,1,1,B,130.7386309045531,156.0,0.8380681468240584
POLICY_P1,PLANNING,75,4,Line.tpx21197413c0,Triplex,1,1,C,130.1806985182735,156.0,0.8344916571684198
POLICY_P1,PLANNING,75,5,Line.tpx2224230689c0,Triplex,1,2,C,129.1520051960961,156.0,0.8278974692057443
POLICY_P1,PLANNING,75,6,Line.tpx226308710b0,Triplex,1,2,B,128.63843841372542,156.0,0.8246053744469578
POLICY_P1,PLANNING,75,7,Line.tpx226308725b0,Triplex,1,2,B,121.98638078770591,156.0,0.7819639794083713
POLICY_P1,PLANNING,75,8,Line.tpx227944551c0,Triplex,1,1,C,430.36880404648105,580.0,0.7420151793904846
POLICY_P1,PLANNING,75,9,Line.tpx226192801c0,Triplex,1,2,C,115.38909212000004,156.0,0.7396736674358977
POLICY_P1,PLANNING,75,10,Line.tpx293664b0,Triplex,1,2,B,113.78003705585829,156.0,0.7293592118965275
POLICY_P1,PLANNING,75,11,Line.tpx21458756c0,Triplex,1,2,C,111.11163145528108,156.0,0.7122540477902634
POLICY_P1,PLANNING,75,12,Line.tpx260595b0,Triplex,1,1,B,103.69171365753552,156.0,0.6646904721636891
POLICY_P1,PLANNING,75,13,Line.tpx21459651c0,Triplex,1,2,C,101.98901004095025,156.0,0.6537757053907067
POLICY_P1,PLANNING,75,14,Line.tpx260595a0,Triplex,1,1,A,100.62521530124522,156.0,0.6450334314182385
POLICY_P1,PLANNING,75,15,Line.tpx226308729b0,Triplex,1,2,B,99.5245140124383,156.0,0.6379776539258866
POLICY_P1,PLANNING,75,16,Line.tpx226308730a0,Triplex,1,1,A,95.6500603926001,156.0,0.6131414127730775
POLICY_P1,PLANNING,75,17,Line.tpx226308716b0,Triplex,1,1,B,95.30711416160824,156.0,0.6109430394974887
POLICY_P1,PLANNING,75,18,Line.tpx227944551b0,Triplex,1,2,B,351.32795762423086,580.0,0.6057378579728119
POLICY_P1,PLANNING,75,19,Line.tpx226308720a0,Triplex,1,1,A,94.26801617505434,156.0,0.6042821549682971
POLICY_P1,PLANNING,75,20,Line.tpx21459629c0,Triplex,1,1,C,93.48187325400511,156.0,0.5992427772692636
POLICY_P1,PLANNING,76,1,Line.tpx21459660c0,Triplex,1,1,C,143.3486988203962,156.0,0.9189019155153603
POLICY_P1,PLANNING,76,2,Line.tpx260595c0,Triplex,1,2,C,138.32192020516197,156.0,0.8866789756741152
POLICY_P1,PLANNING,76,3,Line.tpx226308719b0,Triplex,1,1,B,130.68228279179394,156.0,0.8377069409730381
POLICY_P1,PLANNING,76,4,Line.tpx21197413c0,Triplex,1,1,C,130.12800338165658,156.0,0.834153867831132
POLICY_P1,PLANNING,76,5,Line.tpx2224230689c0,Triplex,1,2,C,129.10891203436344,156.0,0.8276212309895092
POLICY_P1,PLANNING,76,6,Line.tpx226308710b0,Triplex,1,2,B,128.58318557437244,156.0,0.8242511895793105
POLICY_P1,PLANNING,76,7,Line.tpx226308725b0,Triplex,1,2,B,121.93395223014997,156.0,0.7816278989112178
POLICY_P1,PLANNING,76,8,Line.tpx227944551c0,Triplex,1,1,C,430.293659609772,580.0,0.7418856200168483
POLICY_P1,PLANNING,76,9,Line.tpx226192801c0,Triplex,1,2,C,115.34822681893932,156.0,0.7394117103778162
POLICY_P1,PLANNING,76,10,Line.tpx293664b0,Triplex,1,2,B,113.70482268080393,156.0,0.7288770684666919
POLICY_P1,PLANNING,76,11,Line.tpx21458756c0,Triplex,1,2,C,111.07242643942149,156.0,0.7120027335860352
POLICY_P1,PLANNING,76,12,Line.tpx260595b0,Triplex,1,1,B,103.64935145558944,156.0,0.6644189195871117
POLICY_P1,PLANNING,76,13,Line.tpx21459651c0,Triplex,1,2,C,101.95316222398141,156.0,0.6535459116921886
POLICY_P1,PLANNING,76,14,Line.tpx260595a0,Triplex,1,1,A,100.56902410714,156.0,0.6446732314560256
POLICY_P1,PLANNING,76,15,Line.tpx226308729b0,Triplex,1,2,B,99.4821878216263,156.0,0.6377063321899121
POLICY_P1,PLANNING,76,16,Line.tpx226308730a0,Triplex,1,1,A,95.5940051377051,156.0,0.6127820842160583
POLICY_P1,PLANNING,76,17,Line.tpx226308716b0,Triplex,1,1,B,95.26686621342368,156.0,0.610685039829639
POLICY_P1,PLANNING,76,18,Line.tpx227944551b0,Triplex,1,2,B,351.24731812143915,580.0,0.6055988243473088
POLICY_P1,PLANNING,76,19,Line.tpx226308720a0,Triplex,1,1,A,94.21293179335174,156.0,0.603929049957383
POLICY_P1,PLANNING,76,20,Line.tpx21459629c0,Triplex,1,1,C,93.4491735564444,156.0,0.5990331638233616
POLICY_P1,PLANNING,77,1,Line.tpx21459660c0,Triplex,1,1,C,143.33781418631523,156.0,0.9188321422199694
POLICY_P1,PLANNING,77,2,Line.tpx260595c0,Triplex,1,2,C,138.31669404116633,156.0,0.886645474622861
POLICY_P1,PLANNING,77,3,Line.tpx226308719b0,Triplex,1,1,B,130.67586674100008,156.0,0.8376658124423082
POLICY_P1,PLANNING,77,4,Line.tpx21197413c0,Triplex,1,1,C,130.11821789429993,156.0,0.8340911403480765
POLICY_P1,PLANNING,77,5,Line.tpx2224230689c0,Triplex,1,2,C,129.0982766649961,156.0,0.8275530555448467
POLICY_P1,PLANNING,77,6,Line.tpx226308710b0,Triplex,1,2,B,128.57688415701904,156.0,0.8242107958783271
POLICY_P1,PLANNING,77,7,Line.tpx226308725b0,Triplex,1,2,B,121.92799127671283,156.0,0.781589687671236
POLICY_P1,PLANNING,77,8,Line.tpx227944551c0,Triplex,1,1,C,430.2850537664141,580.0,0.7418707823558863
POLICY_P1,PLANNING,77,9,Line.tpx226192801c0,Triplex,1,2,C,115.33960076696467,156.0,0.7393564151728504
POLICY_P1,PLANNING,77,10,Line.tpx293664b0,Triplex,1,2,B,113.694463679681,156.0,0.7288106646133397
POLICY_P1,PLANNING,77,11,Line.tpx21458756c0,Triplex,1,2,C,111.06415082845996,156.0,0.7119496847978203
POLICY_P1,PLANNING,77,12,Line.tpx260595b0,Triplex,1,1,B,103.64453019746789,156.0,0.6643880140863326
POLICY_P1,PLANNING,77,13,Line.tpx21459651c0,Triplex,1,2,C,101.94559524983454,156.0,0.6534974054476573
POLICY_P1,PLANNING,77,14,Line.tpx260595a0,Triplex,1,1,A,100.56392733664339,156.0,0.6446405598502781
POLICY_P1,PLANNING,77,15,Line.tpx226308729b0,Triplex,1,2,B,99.4773809938831,156.0,0.6376755191915583
POLICY_P1,PLANNING,77,16,Line.tpx226308730a0,Triplex,1,1,A,95.58898092096409,156.0,0.6127498776984878
POLICY_P1,PLANNING,77,17,Line.tpx226308716b0,Triplex,1,1,B,95.26227885899813,156.0,0.6106556337115264
POLICY_P1,PLANNING,77,18,Line.tpx227944551b0,Triplex,1,2,B,351.2392608759824,580.0,0.6055849325447972
POLICY_P1,PLANNING,77,19,Line.tpx226308720a0,Triplex,1,1,A,94.20798597381693,156.0,0.603897345986006
POLICY_P1,PLANNING,77,20,Line.tpx21459629c0,Triplex,1,1,C,93.44227108456826,156.0,0.5989889172087709
POLICY_P1,PLANNING,78,1,Line.tpx21459660c0,Triplex,1,1,C,143.26275633273085,156.0,0.91835100213289
POLICY_P1,PLANNING,78,2,Line.tpx260595c0,Triplex,1,2,C,138.2663675773099,156.0,0.8863228690853199
POLICY_P1,PLANNING,78,3,Line.tpx226308719b0,Triplex,1,1,B,130.5968761555417,156.0,0.8371594625355238
POLICY_P1,PLANNING,78,4,Line.tpx21197413c0,Triplex,1,1,C,130.04219387502962,156.0,0.8336038068912155
POLICY_P1,PLANNING,78,5,Line.tpx2224230689c0,Triplex,1,2,C,129.03480597084464,156.0,0.827146192120799
POLICY_P1,PLANNING,78,6,Line.tpx226308710b0,Triplex,1,2,B,128.49942408268475,156.0,0.8237142569402869
POLICY_P1,PLANNING,78,7,Line.tpx226308725b0,Triplex,1,2,B,121.85449874921912,156.0,0.7811185817257635
POLICY_P1,PLANNING,78,8,Line.tpx227944551c0,Triplex,1,1,C,430.1793732683785,580.0,0.7416885746006526
POLICY_P1,PLANNING,78,9,Line.tpx226192801c0,Triplex,1,2,C,115.28011672254812,156.0,0.7389751071958213
POLICY_P1,PLANNING,78,10,Line.tpx293664b0,Triplex,1,2,B,113.58816068182962,156.0,0.7281292351399334
POLICY_P1,PLANNING,78,11,Line.tpx21458756c0,Triplex,1,2,C,111.00708318362702,156.0,0.7115838665617117
POLICY_P1,PLANNING,78,12,Line.tpx260595b0,Triplex,1,1,B,103.58514568918768,156.0,0.6640073441614595
POLICY_P1,PLANNING,78,13,Line.tpx21459651c0,Triplex,1,2,C,101.89341409897885,156.0,0.6531629108908901
POLICY_P1,PLANNING,78,14,Line.tpx260595a0,Triplex,1,1,A,100.48583408916821,156.0,0.6441399621100526
POLICY_P1,PLANNING,78,15,Line.tpx226308729b0,Triplex,1,2,B,99.41805096240668,156.0,0.6372951984769659
POLICY_P1,PLANNING,78,16,Line.tpx226308730a0,Triplex,1,1,A,95.51112710566507,156.0,0.6122508147799043
POLICY_P1,PLANNING,78,17,Line.tpx226308716b0,Triplex,1,1,B,95.20585404012482,156.0,0.6102939361546463
POLICY_P1,PLANNING,78,18,Line.tpx227944551b0,Triplex,1,2,B,351.12677503403546,580.0,0.6053909914379921
POLICY_P1,PLANNING,78,19,Line.tpx226308720a0,Triplex,1,1,A,94.13147643842443,156.0,0.6034069002463104
POLICY_P1,PLANNING,78,20,Line.tpx21459629c0,Triplex,1,1,C,93.39467207257263,156.0,0.598683795337004
POLICY_P1,PLANNING,79,1,Line.tpx21459660c0,Triplex,1,1,C,143.26008616233156,156.0,0.9183338856559715
POLICY_P1,PLANNING,79,2,Line.tpx260595c0,Triplex,1,2,C,138.26508566014996,156.0,0.886314651667628
POLICY_P1,PLANNING,79,3,Line.tpx226308719b0,Triplex,1,1,B,130.59529741352804,156.0,0.8371493423944105
POLICY_P1,PLANNING,79,4,Line.tpx21197413c0,Triplex,1,1,C,130.0397937769551,156.0,0.8335884216471481
POLICY_P1,PLANNING,79,5,Line.tpx2224230689c0,Triplex,1,2,C,129.0321962364506,156.0,0.8271294630541706
POLICY_P1,PLANNING,79,6,Line.tpx226308710b0,Triplex,1,2,B,128.49787353756338,156.0,0.8237043175484832
POLICY_P1,PLANNING,79,7,Line.tpx226308725b0,Triplex,1,2,B,121.85303198052614,156.0,0.781109179362347
POLICY_P1,PLANNING,79,8,Line.tpx227944551c0,Triplex,1,1,C,430.1772617584401,580.0,0.7416849340662761
POLICY_P1,PLANNING,79,9,Line.tpx226192801c0,Triplex,1,2,C,115.27800056084622,156.0,0.7389615420567066
POLICY_P1,PLANNING,79,10,Line.tpx293664b0,Triplex,1,2,B,113.58561085452754,156.0,0.7281128900931253
POLICY_P1,PLANNING,79,11,Line.tpx21458756c0,Triplex,1,2,C,111.00505297983408,156.0,0.7115708524348339
POLICY_P1,PLANNING,79,12,Line.tpx260595b0,Triplex,1,1,B,103.58395934734246,156.0,0.6639997394060414
POLICY_P1,PLANNING,79,13,Line.tpx21459651c0,Triplex,1,2,C,101.89155772825073,156.0,0.6531510110785304
POLICY_P1,PLANNING,79,14,Line.tpx260595a0,Triplex,1,1,A,100.48458653834595,156.0,0.6441319649893972
POLICY_P1,PLANNING,79,15,Line.tpx226308729b0,Triplex,1,2,B,99.41686815651342,156.0,0.6372876163879065
POLICY_P1,PLANNING,79,16,Line.tpx226308730a0,Triplex,1,1,A,95.50989967301958,156.0,0.6122429466219204
POLICY_P1,PLANNING,79,17,Line.tpx226308716b0,Triplex,1,1,B,95.20472522501095,156.0,0.6102867001603266
POLICY_P1,PLANNING,79,18,Line.tpx227944551b0,Triplex,1,2,B,351.1247951378712,580.0,0.605387577823916
POLICY_P1,PLANNING,79,19,Line.tpx226308720a0,Triplex,1,1,A,94.13026814973385,156.0,0.6033991548059863
POLICY_P1,PLANNING,79,20,Line.tpx21459629c0,Triplex,1,1,C,93.39297870708185,156.0,0.5986729404300118
POLICY_P1,PLANNING,80,1,Line.tpx21459660c0,Triplex,1,1,C,143.19774267555192,156.0,0.9179342479202046
POLICY_P1,PLANNING,80,2,Line.tpx260595c0,Triplex,1,2,C,138.22791382882477,156.0,0.8860763706975947
POLICY_P1,PLANNING,80,3,Line.tpx226308719b0,Triplex,1,1,B,130.50917022163674,156.0,0.8365972450104919
POLICY_P1,PLANNING,80,4,Line.tpx21197413c0,Triplex,1,1,C,129.97059100156787,156.0,0.8331448141126145
POLICY_P1,PLANNING,80,5,Line.tpx2224230689c0,Triplex,1,2,C,128.9830236003036,156.0,0.8268142538480999
POLICY_P1,PLANNING,80,6,Line.tpx226308710b0,Triplex,1,2,B,128.4134678711873,156.0,0.823163255584534
POLICY_P1,PLANNING,80,7,Line.tpx226308725b0,Triplex,1,2,B,121.77285245143038,156.0,0.7805952080219897
POLICY_P1,PLANNING,80,8,Line.tpx227944551c0,Triplex,1,1,C,430.09303546524137,580.0,0.7415397163193816
POLICY_P1,PLANNING,80,9,Line.tpx226192801c0,Triplex,1,2,C,115.22859161565503,156.0,0.7386448180490708
POLICY_P1,PLANNING,80,10,Line.tpx293664b0,Triplex,1,2,B,113.46283586953572,156.0,0.7273258709585624
POLICY_P1,PLANNING,80,11,Line.tpx21458756c0,Triplex,1,2,C,110.95765089157891,156.0,0.7112669928947366
POLICY_P1,PLANNING,80,12,Line.tpx260595b0,Triplex,1,1,B,103.51977733216768,156.0,0.6635883162318441
POLICY_P1,PLANNING,80,13,Line.tpx21459651c0,Triplex,1,2,C,101.84821425590634,156.0,0.652873168307092
POLICY_P1,PLANNING,80,14,Line.tpx260595a0,Triplex,1,1,A,100.36712834507097,156.0,0.643379027853019
POLICY_P1,PLANNING,80,15,Line.tpx226308729b0,Triplex,1,2,B,99.35210896328995,156.0,0.6368724933544228
POLICY_P1,PLANNING,80,16,Line.tpx226308730a0,Triplex,1,1,A,95.39319392092939,156.0,0.6114948328264704
POLICY_P1,PLANNING,80,17,Line.tpx226308716b0,Triplex,1,1,B,95.14322378461294,156.0,0.6098924601577753
POLICY_P1,PLANNING,80,18,Line.tpx227944551b0,Triplex,1,2,B,351.00941091089425,580.0,0.6051886395015418
POLICY_P1,PLANNING,80,19,Line.tpx226308720a0,Triplex,1,1,A,94.0155807112514,156.0,0.6026639789182783
POLICY_P1,PLANNING,80,20,Line.tpx21459629c0,Triplex,1,1,C,93.35344103252865,156.0,0.5984194937982605
POLICY_P1,PLANNING,81,1,Line.tpx21459660c0,Triplex,1,1,C,143.18557896412773,156.0,0.9178562754110752
POLICY_P1,PLANNING,81,2,Line.tpx260595c0,Triplex,1,2,C,138.2220778650595,156.0,0.8860389606734583
POLICY_P1,PLANNING,81,3,Line.tpx226308719b0,Triplex,1,1,B,130.50201747744742,156.0,0.8365513940862014
POLICY_P1,PLANNING,81,4,Line.tpx21197413c0,Triplex,1,1,C,129.95966123683513,156.0,0.8330747515181739
POLICY_P1,PLANNING,81,5,Line.tpx2224230689c0,Triplex,1,2,C,128.97113317335305,156.0,0.8267380331625196
POLICY_P1,PLANNING,81,6,Line.tpx226308710b0,Triplex,1,2,B,128.4064428195445,156.0,0.8231182232022084
POLICY_P1,PLANNING,81,7,Line.tpx226308725b0,Triplex,1,2,B,121.76620698598188,156.0,0.7805526088844993
POLICY_P1,PLANNING,81,8,Line.tpx227944551c0,Triplex,1,1,C,430.0834369156155,580.0,0.7415231670958888
POLICY_P1,PLANNING,81,9,Line.tpx226192801c0,Triplex,1,2,C,115.21895141885291,156.0,0.7385830219157238
POLICY_P1,PLANNING,81,10,Line.tpx293664b0,Triplex,1,2,B,113.45127899992745,156.0,0.7272517884610734
POLICY_P1,PLANNING,81,11,Line.tpx21458756c0,Triplex,1,2,C,110.94840222630684,156.0,0.71120770657889
POLICY_P1,PLANNING,81,12,Line.tpx260595b0,Triplex,1,1,B,103.51440227362666,156.0,0.663553860728376
POLICY_P1,PLANNING,81,13,Line.tpx21459651c0,Triplex,1,2,C,101.83975744528801,156.0,0.6528189579826155
POLICY_P1,PLANNING,81,14,Line.tpx260595a0,Triplex,1,1,A,100.36150402999006,156.0,0.6433429745512184
POLICY_P1,PLANNING,81,15,Line.tpx226308729b0,Triplex,1,2,B,99.34674992716957,156.0,0.6368381405587793
POLICY_P1,PLANNING,81,16,Line.tpx226308730a0,Triplex,1,1,A,95.38766081088495,156.0,0.6114593641723395
POLICY_P1,PLANNING,81,17,Line.tpx226308716b0,Triplex,1,1,B,95.13810928282494,156.0,0.6098596748899034
POLICY_P1,PLANNING,81,18,Line.tpx227944551b0,Triplex,1,2,B,351.000450927807,580.0,0.6051731912548396
POLICY_P1,PLANNING,81,19,Line.tpx226308720a0,Triplex,1,1,A,94.01013379463151,156.0,0.6026290627860994
POLICY_P1,PLANNING,81,20,Line.tpx21459629c0,Triplex,1,1,C,93.34572674779972,156.0,0.5983700432551264
POLICY_P1,PLANNING,82,1,Line.tpx21459660c0,Triplex,1,1,C,143.0753918654309,156.0,0.9171499478553263
POLICY_P1,PLANNING,82,2,Line.tpx260595c0,Triplex,1,2,C,138.14745160547977,156.0,0.885560587214614
POLICY_P1,PLANNING,82,3,Line.tpx226308719b0,Triplex,1,1,B,130.38520323880462,156.0,0.8358025848641322
POLICY_P1,PLANNING,82,4,Line.tpx21197413c0,Triplex,1,1,C,129.84761985862698,156.0,0.8323565375553011
POLICY_P1,PLANNING,82,5,Line.tpx2224230689c0,Triplex,1,2,C,128.87861280604977,156.0,0.8261449538849345
POLICY_P1,PLANNING,82,6,Line.tpx226308710b0,Triplex,1,2,B,128.29189609914627,156.0,0.8223839493535018
POLICY_P1,PLANNING,82,7,Line.tpx226308725b0,Triplex,1,2,B,121.65751689165731,156.0,0.7798558775106238
POLICY_P1,PLANNING,82,8,Line.tpx227944551c0,Triplex,1,1,C,429.926080327099,580.0,0.7412518626329293
POLICY_P1,PLANNING,82,9,Line.tpx226192801c0,Triplex,1,2,C,115.13162227042292,156.0,0.7380232196821982
POLICY_P1,PLANNING,82,10,Line.tpx293664b0,Triplex,1,2,B,113.29487046118888,156.0,0.7262491696230057
POLICY_P1,PLANNING,82,11,Line.tpx21458756c0,Triplex,1,2,C,110.86461950375346,156.0,0.7106706378445734
POLICY_P1,PLANNING,82,12,Line.tpx260595b0,Triplex,1,1,B,103.4265791046738,156.0,0.662990891696627
POLICY_P1,PLANNING,82,13,Line.tpx21459651c0,Triplex,1,2,C,101.76314767295463,156.0,0.6523278696984272
POLICY_P1,PLANNING,82,14,Line.tpx260595a0,Triplex,1,1,A,100.24605821940341,156.0,0.642602937303868
POLICY_P1,PLANNING,82,15,Line.tpx226308729b0,Triplex,1,2,B,99.25899767804727,156.0,0.6362756261413286
POLICY_P1,PLANNING,82,16,Line.tpx226308730a0,Triplex,1,1,A,95.27272680879312,156.0,0.6107226077486738
POLICY_P1,PLANNING,82,17,Line.tpx226308716b0,Triplex,1,1,B,95.05466110448246,156.0,0.6093247506697593
POLICY_P1,PLANNING,82,18,Line.tpx227944551b0,Triplex,1,2,B,350.8338458198768,580.0,0.604885941068753
POLICY_P1,PLANNING,82,19,Line.tpx226308720a0,Triplex,1,1,A,93.8971870252089,156.0,0.6019050450333904
POLICY_P1,PLANNING,82,20,Line.tpx21459629c0,Triplex,1,1,C,93.27584304365915,156.0,0.5979220707926869
POLICY_P1,PLANNING,83,1,Line.tpx21459660c0,Triplex,1,1,C,143.0731218483015,156.0,0.9171353964634711
POLICY_P1,PLANNING,83,2,Line.tpx260595c0,Triplex,1,2,C,138.1463631719491,156.0,0.8855536100765968
POLICY_P1,PLANNING,83,3,Line.tpx226308719b0,Triplex,1,1,B,130.38387451510005,156.0,0.8357940674044875
POLICY_P1,PLANNING,83,4,Line.tpx21197413c0,Triplex,1,1,C,129.84558077242608,156.0,0.8323434664899108
POLICY_P1,PLANNING,83,5,Line.tpx2224230689c0,Triplex,1,2,C,128.87639332985074,156.0,0.8261307264734022
POLICY_P1,PLANNING,83,6,Line.tpx226308710b0,Triplex,1,2,B,128.2905910836838,156.0,0.822375583869768
POLICY_P1,PLANNING,83,7,Line.tpx226308725b0,Triplex,1,2,B,121.65628239193957,156.0,0.7798479640508946
POLICY_P1,PLANNING,83,8,Line.tpx227944551c0,Triplex,1,1,C,429.9242922532065,580.0,0.7412487797469077
POLICY_P1,PLANNING,83,9,Line.tpx226192801c0,Triplex,1,2,C,115.12982312779604,156.0,0.7380116867166413
POLICY_P1,PLANNING,83,10,Line.tpx293664b0,Triplex,1,2,B,113.29272358851979,156.0,0.7262354076187166
POLICY_P1,PLANNING,83,11,Line.tpx21458756c0,Triplex,1,2,C,110.8628934164814,156.0,0.7106595731825731
POLICY_P1,PLANNING,83,12,Line.tpx260595b0,Triplex,1,1,B,103.42558057765342,156.0,0.6629844908823938
POLICY_P1,PLANNING,83,13,Line.tpx21459651c0,Triplex,1,2,C,101.76156935521647,156.0,0.6523177522770286
POLICY_P1,PLANNING,83,14,Line.tpx260595a0,Triplex,1,1,A,100.24501924469202,156.0,0.6425962772095642
POLICY_P1,PLANNING,83,15,Line.tpx226308729b0,Triplex,1,2,B,99.25800212285803,156.0,0.636269244377295
POLICY_P1,PLANNING,83,16,Line.tpx226308730a0,Triplex,1,1,A,95.27170480639023,156.0,0.6107160564512194
POLICY_P1,PLANNING,83,17,Line.tpx226308716b0,Triplex,1,1,B,95.05371095851166,156.0,0.6093186599904593
POLICY_P1,PLANNING,83,18,Line.tpx227944551b0,Triplex,1,2,B,350.832183272716,580.0,0.6048830746081311
POLICY_P1,PLANNING,83,19,Line.tpx226308720a0,Triplex,1,1,A,93.89618092677601,156.0,0.6018985956844616
POLICY_P1,PLANNING,83,20,Line.tpx21459629c0,Triplex,1,1,C,93.27440328847557,156.0,0.5979128415927921
POLICY_P1,PLANNING,84,1,Line.tpx21459660c0,Triplex,1,1,C,142.93267597549092,156.0,0.9162351024069931
POLICY_P1,PLANNING,84,2,Line.tpx260595c0,Triplex,1,2,C,138.0656900376802,156.0,0.8850364746005142
POLICY_P1,PLANNING,84,3,Line.tpx226308719b0,Triplex,1,1,B,130.25969645555634,156.0,0.8349980542022842
POLICY_P1,PLANNING,84,4,Line.tpx21197413c0,Triplex,1,1,C,129.70819405139812,156.0,0.8314627823807572
POLICY_P1,PLANNING,84,5,Line.tpx2224230689c0,Triplex,1,2,C,128.7610878715077,156.0,0.8253915889199211
POLICY_P1,PLANNING,84,6,Line.tpx226308710b0,Triplex,1,2,B,128.16882795882432,156.0,0.8215950510181046
POLICY_P1,PLANNING,84,7,Line.tpx226308725b0,Triplex,1,2,B,121.54073470555535,156.0,0.7791072737535599
POLICY_P1,PLANNING,84,8,Line.tpx227944551c0,Triplex,1,1,C,429.75442105676126,580.0,0.7409558983737263
POLICY_P1,PLANNING,84,9,Line.tpx226192801c0,Triplex,1,2,C,115.01850764673149,156.0,0.7372981259405865
POLICY_P1,PLANNING,84,10,Line.tpx293664b0,Triplex,1,2,B,113.8938143631938,156.0,0.7300885536102166
POLICY_P1,PLANNING,84,11,Line.tpx21458756c0,Triplex,1,2,C,110.75609737593761,156.0,0.7099749831790872
POLICY_P1,PLANNING,84,12,Line.tpx260595b0,Triplex,1,1,B,103.33222279568135,156.0,0.6623860435620599
POLICY_P1,PLANNING,84,13,Line.tpx21459651c0,Triplex,1,2,C,101.66391550806296,156.0,0.6516917660773266
POLICY_P1,PLANNING,84,14,Line.tpx260595a0,Triplex,1,1,A,100.12181022217379,156.0,0.6418064757831653
POLICY_P1,PLANNING,84,15,Line.tpx226308729b0,Triplex,1,2,B,99.16470737645925,156.0,0.635671201131149
POLICY_P1,PLANNING,84,16,Line.tpx226308730a0,Triplex,1,1,A,95.14884002710993,156.0,0.6099284617122431
POLICY_P1,PLANNING,84,17,Line.tpx226308716b0,Triplex,1,1,B,94.96499968439232,156.0,0.6087499979768739
POLICY_P1,PLANNING,84,18,Line.tpx227944551b0,Triplex,1,2,B,350.65473244164644,580.0,0.6045771248993904
POLICY_P1,PLANNING,84,19,Line.tpx226308720a0,Triplex,1,1,A,93.77545628868772,156.0,0.6011247197992803
POLICY_P1,PLANNING,84,20,Line.tpx21459629c0,Triplex,1,1,C,93.18532195670089,156.0,0.5973418074147493
POLICY_P1,PLANNING,85,1,Line.tpx21459660c0,Triplex,1,1,C,142.92815209088965,156.0,0.9162061031467286
POLICY_P1,PLANNING,85,2,Line.tpx260595c0,Triplex,1,2,C,138.06351565616893,156.0,0.8850225362574932
POLICY_P1,PLANNING,85,3,Line.tpx226308719b0,Triplex,1,1,B,130.2570422574119,156.0,0.8349810401116148
POLICY_P1,PLANNING,85,4,Line.tpx21197413c0,Triplex,1,1,C,129.70413125211354,156.0,0.8314367387955997
POLICY_P1,PLANNING,85,5,Line.tpx2224230689c0,Triplex,1,2,C,128.75666345846517,156.0,0.8253632272978536
POLICY_P1,PLANNING,85,6,Line.tpx226308710b0,Triplex,1,2,B,128.16622109268374,156.0,0.8215783403377163
POLICY_P1,PLANNING,85,7,Line.tpx226308725b0,Triplex,1,2,B,121.53826870418492,156.0,0.7790914660524674
POLICY_P1,PLANNING,85,8,Line.tpx227944551c0,Triplex,1,1,C,429.75085146577686,580.0,0.7409497439065118
POLICY_P1,PLANNING,85,9,Line.tpx226192801c0,Triplex,1,2,C,115.01492199268661,156.0,0.7372751409787603
POLICY_P1,PLANNING,85,10,Line.tpx293664b0,Triplex,1,2,B,113.88946872177563,156.0,0.7300606969344592
POLICY_P1,PLANNING,85,11,Line.tpx21458756c0,Triplex,1,2,C,110.75265728095636,156.0,0.7099529312881818
POLICY_P1,PLANNING,85,12,Line.tpx260595b0,Triplex,1,1,B,103.33022817994879,156.0,0.6623732575637743
POLICY_P1,PLANNING,85,13,Line.tpx21459651c0,Triplex,1,2,C,101.66076988126547,156.0,0.6516716018029838
POLICY_P1,PLANNING,85,14,Line.tpx260595a0,Triplex,1,1,A,100.11975449093306,156.0,0.6417932980188017
POLICY_P1,PLANNING,85,15,Line.tpx226308729b0,Triplex,1,2,B,99.16271862186213,156.0,0.6356584527042444
POLICY_P1,PLANNING,85,16,Line.tpx226308730a0,Triplex,1,1,A,95.14681384525755,156.0,0.6099154733670356
POLICY_P1,PLANNING,85,17,Line.tpx226308716b0,Triplex,1,1,B,94.96310160188962,156.0,0.6087378307813437
POLICY_P1,PLANNING,85,18,Line.tpx227944551b0,Triplex,1,2,B,350.6514166459143,580.0,0.604571408010197
POLICY_P1,PLANNING,85,19,Line.tpx226308720a0,Triplex,1,1,A,93.7734612786955,156.0,0.6011119312736891
POLICY_P1,PLANNING,85,20,Line.tpx21459629c0,Triplex,1,1,C,93.18245244685991,156.0,0.5973234131208969
POLICY_P1,PLANNING,86,1,Line.tpx21459660c0,Triplex,1,1,C,145.11382600474857,156.0,0.9302168333637729
POLICY_P1,PLANNING,86,2,Line.tpx260595c0,Triplex,1,2,C,139.17750003080138,156.0,0.8921634617359063
POLICY_P1,PLANNING,86,3,Line.tpx21197413c0,Triplex,1,1,C,131.6403825951868,156.0,0.8438486063794025
POLICY_P1,PLANNING,86,4,Line.tpx226308719b0,Triplex,1,1,B,131.2418752924666,156.0,0.8412940723876065
POLICY_P1,PLANNING,86,5,Line.tpx2224230689c0,Triplex,1,2,C,130.6750434272053,156.0,0.8376605347897776
POLICY_P1,PLANNING,86,6,Line.tpx226308710b0,Triplex,1,2,B,129.13376431311954,156.0,0.827780540468715
POLICY_P1,PLANNING,86,7,Line.tpx226308725b0,Triplex,1,2,B,122.4529695343866,156.0,0.7849549329127345
POLICY_P1,PLANNING,86,8,Line.tpx226192801c0,Triplex,1,2,C,116.74667806744372,156.0,0.7483761414579726
POLICY_P1,PLANNING,86,9,Line.tpx227944551c0,Triplex,1,1,C,433.1338512758382,580.0,0.746782502199721
POLICY_P1,PLANNING,86,10,Line.tpx293664b0,Triplex,1,2,B,114.73188920810382,156.0,0.7354608282570758
POLICY_P1,PLANNING,86,11,Line.tpx21458756c0,Triplex,1,2,C,112.41397043743545,156.0,0.7206023745989452
POLICY_P1,PLANNING,86,12,Line.tpx260595b0,Triplex,1,1,B,104.09932470512577,156.0,0.6673033634943959
POLICY_P1,PLANNING,86,13,Line.tpx21459651c0,Triplex,1,2,C,103.17974133518288,156.0,0.6614085983024544
POLICY_P1,PLANNING,86,14,Line.tpx226308729b0,Triplex,1,2,B,99.90013554691888,156.0,0.640385484275121
POLICY_P1,PLANNING,86,15,Line.tpx260595a0,Triplex,1,1,A,99.86631869754449,156.0,0.6401687095996441
POLICY_P1,PLANNING,86,16,Line.tpx226308716b0,Triplex,1,1,B,95.6673529395577,156.0,0.6132522624330622
POLICY_P1,PLANNING,86,17,Line.tpx227944551b0,Triplex,1,2,B,353.23752955835283,580.0,0.6090302233764704
POLICY_P1,PLANNING,86,18,Line.tpx226308730a0,Triplex,1,1,A,94.89733354327097,156.0,0.6083162406619934
POLICY_P1,PLANNING,86,19,Line.tpx21459629c0,Triplex,1,1,C,94.56793824076857,156.0,0.6062047323126191
POLICY_P1,PLANNING,86,20,Line.tpx226308720a0,Triplex,1,1,A,93.52812497747182,156.0,0.5995392626761014
POLICY_P1,PLANNING,87,1,Line.tpx21459660c0,Triplex,1,1,C,145.11147599029366,156.0,0.930201769168549
POLICY_P1,PLANNING,87,2,Line.tpx260595c0,Triplex,1,2,C,139.1763902132833,156.0,0.8921563475210468
POLICY_P1,PLANNING,87,3,Line.tpx21197413c0,Triplex,1,1,C,131.6382744838519,156.0,0.8438350928452044
POLICY_P1,PLANNING,87,4,Line.tpx226308719b0,Triplex,1,1,B,131.24051325814747,156.0,0.8412853413983813
POLICY_P1,PLANNING,87,5,Line.tpx2224230689c0,Triplex,1,2,C,130.6727457014299,156.0,0.8376458057783969
POLICY_P1,PLANNING,87,6,Line.tpx226308710b0,Triplex,1,2,B,129.13242661519877,156.0,0.8277719654820433
POLICY_P1,PLANNING,87,7,Line.tpx226308725b0,Triplex,1,2,B,122.45170420977017,156.0,0.7849468218575011
POLICY_P1,PLANNING,87,8,Line.tpx226192801c0,Triplex,1,2,C,116.74481678237048,156.0,0.7483642101434005
POLICY_P1,PLANNING,87,9,Line.tpx227944551c0,Triplex,1,1,C,433.1320365543858,580.0,0.7467793733696307
POLICY_P1,PLANNING,87,10,Line.tpx293664b0,Triplex,1,2,B,114.72965283106683,156.0,0.7354464925068387
POLICY_P1,PLANNING,87,11,Line.tpx21458756c0,Triplex,1,2,C,112.41218502063873,156.0,0.720590929619479
POLICY_P1,PLANNING,87,12,Line.tpx260595b0,Triplex,1,1,B,104.09830196608839,156.0,0.6672968074749256
POLICY_P1,PLANNING,87,13,Line.tpx21459651c0,Triplex,1,2,C,103.1781090417127,156.0,0.6613981348827738
POLICY_P1,PLANNING,87,14,Line.tpx226308729b0,Triplex,1,2,B,99.89911538067567,156.0,0.6403789447479209
POLICY_P1,PLANNING,87,15,Line.tpx260595a0,Triplex,1,1,A,99.86532463356461,156.0,0.6401623373946449
POLICY_P1,PLANNING,87,16,Line.tpx226308716b0,Triplex,1,1,B,95.66637934574969,156.0,0.6132460214471134
POLICY_P1,PLANNING,87,17,Line.tpx227944551b0,Triplex,1,2,B,353.23584674225776,580.0,0.6090273219694099
POLICY_P1,PLANNING,87,18,Line.tpx226308730a0,Triplex,1,1,A,94.89635414214379,156.0,0.6083099624496396
POLICY_P1,PLANNING,87,19,Line.tpx21459629c0,Triplex,1,1,C,94.5664495597816,156.0,0.6061951894857796
POLICY_P1,PLANNING,87,20,Line.tpx226308720a0,Triplex,1,1,A,93.52716061907118,156.0,0.5995330808914819
POLICY_P1,PLANNING,88,1,Line.tpx21459660c0,Triplex,1,1,C,144.97521426311056,156.0,0.929328296558401
POLICY_P1,PLANNING,88,2,Line.tpx260595c0,Triplex,1,2,C,139.07504660629542,156.0,0.8915067090147142
POLICY_P1,PLANNING,88,3,Line.tpx21197413c0,Triplex,1,1,C,131.4940222937441,156.0,0.8429103993188725
POLICY_P1,PLANNING,88,4,Line.tpx226308719b0,Triplex,1,1,B,131.07262206495838,156.0,0.8402091158010153
POLICY_P1,PLANNING,88,5,Line.tpx2224230689c0,Triplex,1,2,C,130.56450119133436,156.0,0.8369519307136818
POLICY_P1,PLANNING,88,6,Line.tpx226308710b0,Triplex,1,2,B,128.96783814790427,156.0,0.8267169112045146
POLICY_P1,PLANNING,88,7,Line.tpx226308725b0,Triplex,1,2,B,122.29546693022365,156.0,0.783945300834767
POLICY_P1,PLANNING,88,8,Line.tpx226192801c0,Triplex,1,2,C,116.63689014405661,156.0,0.7476723727183116
POLICY_P1,PLANNING,88,9,Line.tpx227944551c0,Triplex,1,1,C,432.90847505456946,580.0,0.7463939225078784
POLICY_P1,PLANNING,88,10,Line.tpx293664b0,Triplex,1,2,B,114.50482086877903,156.0,0.7340052619793528
POLICY_P1,PLANNING,88,11,Line.tpx21458756c0,Triplex,1,2,C,112.3086569038617,156.0,0.7199272878452673
POLICY_P1,PLANNING,88,12,Line.tpx260595b0,Triplex,1,1,B,103.97218736186053,156.0,0.666488380524747
POLICY_P1,PLANNING,88,13,Line.tpx21459651c0,Triplex,1,2,C,103.08345917849459,156.0,0.6607914049903499
POLICY_P1,PLANNING,88,14,Line.tpx226308729b0,Triplex,1,2,B,99.77297866333717,156.0,0.6395703760470332
POLICY_P1,PLANNING,88,15,Line.tpx260595a0,Triplex,1,1,A,99.70403495939145,156.0,0.6391284292268683
POLICY_P1,PLANNING,88,16,Line.tpx226308716b0,Triplex,1,1,B,95.5464996556171,156.0,0.6124775618949814
POLICY_P1,PLANNING,88,17,Line.tpx227944551b0,Triplex,1,2,B,352.9952634533449,580.0,0.6086125231954223
POLICY_P1,PLANNING,88,18,Line.tpx226308730a0,Triplex,1,1,A,94.73523997232667,156.0,0.6072771793097863
POLICY_P1,PLANNING,88,19,Line.tpx21459629c0,Triplex,1,1,C,94.48012643268257,156.0,0.6056418361069396
POLICY_P1,PLANNING,88,20,Line.tpx226308720a0,Triplex,1,1,A,93.36883853644925,156.0,0.5985181957464695
POLICY_P1,PLANNING,89,1,Line.tpx21459660c0,Triplex,1,1,C,144.94369999672273,156.0,0.9291262820302739
POLICY_P1,PLANNING,89,2,Line.tpx260595c0,Triplex,1,2,C,139.06018442724212,156.0,0.8914114386361675
POLICY_P1,PLANNING,89,3,Line.tpx21197413c0,Triplex,1,1,C,131.46576697189818,156.0,0.8427292754608857
POLICY_P1,PLANNING,89,4,Line.tpx226308719b0,Triplex,1,1,B,131.0544903657294,156.0,0.8400928869598039
POLICY_P1,PLANNING,89,5,Line.tpx2224230689c0,Triplex,1,2,C,130.5336720886396,156.0,0.8367543082605103
POLICY_P1,PLANNING,89,6,Line.tpx226308710b0,Triplex,1,2,B,128.9500301588239,156.0,0.8266027574283583
POLICY_P1,PLANNING,89,7,Line.tpx226308725b0,Triplex,1,2,B,122.27862246257477,156.0,0.7838373234780435
POLICY_P1,PLANNING,89,8,Line.tpx226192801c0,Triplex,1,2,C,116.61192845016693,156.0,0.7475123618600444
POLICY_P1,PLANNING,89,9,Line.tpx227944551c0,Triplex,1,1,C,432.8842141447392,580.0,0.7463520933529986
POLICY_P1,PLANNING,89,10,Line.tpx293664b0,Triplex,1,2,B,114.47507195782912,156.0,0.7338145638322379
POLICY_P1,PLANNING,89,11,Line.tpx21458756c0,Triplex,1,2,C,112.28471235753857,156.0,0.7197737971637087
POLICY_P1,PLANNING,89,12,Line.tpx260595b0,Triplex,1,1,B,103.95857277873645,156.0,0.6664011075560029
POLICY_P1,PLANNING,89,13,Line.tpx21459651c0,Triplex,1,2,C,103.0615678915811,156.0,0.660651076228084
POLICY_P1,PLANNING,89,14,Line.tpx226308729b0,Triplex,1,2,B,99.75939724906034,156.0,0.6394833156991048
POLICY_P1,PLANNING,89,15,Line.tpx260595a0,Triplex,1,1,A,99.69089890347658,156.0,0.6390442237402345
POLICY_P1,PLANNING,89,16,Line.tpx226308716b0,Triplex,1,1,B,95.53353787193795,156.0,0.6123944735380638
POLICY_P1,PLANNING,89,17,Line.tpx227944551b0,Triplex,1,2,B,352.9729023728741,580.0,0.6085739696084036
POLICY_P1,PLANNING,89,18,Line.tpx226308730a0,Triplex,1,1,A,94.72230380072783,156.0,0.6071942551328707
POLICY_P1,PLANNING,89,19,Line.tpx21459629c0,Triplex,1,1,C,94.4601608403071,156.0,0.6055138515404301
POLICY_P1,PLANNING,89,20,Line.tpx226308720a0,Triplex,1,1,A,93.35610070520286,156.0,0.5984365429820696
POLICY_P1,PLANNING,90,1,Line.tpx21459660c0,Triplex,1,1,C,144.79738769385438,156.0,0.9281883826529127
POLICY_P1,PLANNING,90,2,Line.tpx260595c0,Triplex,1,2,C,138.96297208778591,156.0,0.8907882826140122
POLICY_P1,PLANNING,90,3,Line.tpx21197413c0,Triplex,1,1,C,131.31724801785936,156.0,0.8417772308837138
POLICY_P1,PLANNING,90,4,Line.tpx226308719b0,Triplex,1,1,B,130.90252624541608,156.0,0.8391187579834364
POLICY_P1,PLANNING,90,5,Line.tpx2224230689c0,Triplex,1,2,C,130.41096528796007,156.0,0.8359677262048723
POLICY_P1,PLANNING,90,6,Line.tpx226308710b0,Triplex,1,2,B,128.80101722906588,156.0,0.8256475463401659
POLICY_P1,PLANNING,90,7,Line.tpx226308725b0,Triplex,1,2,B,122.13723658847931,156.0,0.7829310037723033
POLICY_P1,PLANNING,90,8,Line.tpx226192801c0,Triplex,1,2,C,116.49603456999368,156.0,0.7467694523717544
POLICY_P1,PLANNING,90,9,Line.tpx227944551c0,Triplex,1,1,C,432.6805058113148,580.0,0.7460008720884738
POLICY_P1,PLANNING,90,10,Line.tpx293664b0,Triplex,1,2,B,114.26850806023378,156.0,0.7324904362835499
POLICY_P1,PLANNING,90,11,Line.tpx21458756c0,Triplex,1,2,C,112.17354017533198,156.0,0.7190611549700768
POLICY_P1,PLANNING,90,12,Line.tpx260595b0,Triplex,1,1,B,103.84443964272441,156.0,0.665669484889259
POLICY_P1,PLANNING,90,13,Line.tpx21459651c0,Triplex,1,2,C,102.95992804705477,156.0,0.6599995387631716
POLICY_P1,PLANNING,90,14,Line.tpx226308729b0,Triplex,1,2,B,99.64526553591975,156.0,0.6387517021533318
POLICY_P1,PLANNING,90,15,Line.tpx260595a0,Triplex,1,1,A,99.55173140168269,156.0,0.6381521243697608
POLICY_P1,PLANNING,90,16,Line.tpx226308716b0,Triplex,1,1,B,95.42500533302528,156.0,0.6116987521347774
POLICY_P1,PLANNING,90,17,Line.tpx227944551b0,Triplex,1,2,B,352.75970263206534,580.0,0.6082063838483885
POLICY_P1,PLANNING,90,18,Line.tpx226308730a0,Triplex,1,1,A,94.58352803327514,156.0,0.6063046668799689
POLICY_P1,PLANNING,90,19,Line.tpx21459629c0,Triplex,1,1,C,94.3674610282285,156.0,0.6049196219758237
POLICY_P1,PLANNING,90,20,Line.tpx226308720a0,Triplex,1,1,A,93.219698872205,156.0,0.5975621722577243
POLICY_P1,PLANNING,91,1,Line.tpx21459660c0,Triplex,1,1,C,144.79410636292982,156.0,0.9281673484803193
POLICY_P1,PLANNING,91,2,Line.tpx260595c0,Triplex,1,2,C,138.96142560530492,156.0,0.8907783692647752
POLICY_P1,PLANNING,91,3,Line.tpx21197413c0,Triplex,1,1,C,131.31430722645754,156.0,0.8417583796567791
POLICY_P1,PLANNING,91,4,Line.tpx226308719b0,Triplex,1,1,B,130.90065201593342,156.0,0.8391067436918809
POLICY_P1,PLANNING,91,5,Line.tpx2224230689c0,Triplex,1,2,C,130.40775438737697,156.0,0.8359471435088267
POLICY_P1,PLANNING,91,6,Line.tpx226308710b0,Triplex,1,2,B,128.799176437524,156.0,0.8256357463943846
POLICY_P1,PLANNING,91,7,Line.tpx226308725b0,Triplex,1,2,B,122.13549539718109,156.0,0.7829198422896224
POLICY_P1,PLANNING,91,8,Line.tpx226192801c0,Triplex,1,2,C,116.49343536546226,156.0,0.7467527908042453
POLICY_P1,PLANNING,91,9,Line.tpx227944551c0,Triplex,1,1,C,432.6779856393072,580.0,0.7459965269643228
POLICY_P1,PLANNING,91,10,Line.tpx293664b0,Triplex,1,2,B,114.26543189775879,156.0,0.7324707172933256
POLICY_P1,PLANNING,91,11,Line.tpx21458756c0,Triplex,1,2,C,112.17104685165229,156.0,0.7190451721259762
POLICY_P1,PLANNING,91,12,Line.tpx260595b0,Triplex,1,1,B,103.84303228832843,156.0,0.6656604633867207
POLICY_P1,PLANNING,91,13,Line.tpx21459651c0,Triplex,1,2,C,102.95764849666182,156.0,0.6599849262606526
POLICY_P1,PLANNING,91,14,Line.tpx226308729b0,Triplex,1,2,B,99.64386158530097,156.0,0.638742702469878
POLICY_P1,PLANNING,91,15,Line.tpx260595a0,Triplex,1,1,A,99.55037741529746,156.0,0.6381434449698555
POLICY_P1,PLANNING,91,16,Line.tpx226308716b0,Triplex,1,1,B,95.4236654015759,156.0,0.6116901628306147
POLICY_P1,PLANNING,91,17,Line.tpx227944551b0,Triplex,1,2,B,352.7573936931703,580.0,0.6082024029192591
POLICY_P1,PLANNING,91,18,Line.tpx226308730a0,Triplex,1,1,A,94.58219508728104,156.0,0.6062961223543656
POLICY_P1,PLANNING,91,19,Line.tpx21459629c0,Triplex,1,1,C,94.36538196649975,156.0,0.6049062946570497
POLICY_P1,PLANNING,91,20,Line.tpx226308720a0,Triplex,1,1,A,93.21838630112931,156.0,0.5975537583405726
POLICY_P1,PLANNING,92,1,Line.tpx21459660c0,Triplex,1,1,C,144.8299519448304,156.0,0.928397127851477
POLICY_P1,PLANNING,92,2,Line.tpx260595c0,Triplex,1,2,C,138.97430252897098,156.0,0.8908609136472498
POLICY_P1,PLANNING,92,3,Line.tpx21197413c0,Triplex,1,1,C,131.3439613548713,156.0,0.841948470223534
POLICY_P1,PLANNING,92,4,Line.tpx226308719b0,Triplex,1,1,B,130.91147845393473,156.0,0.839176143935479
POLICY_P1,PLANNING,92,5,Line.tpx2224230689c0,Triplex,1,2,C,130.44574851235066,156.0,0.8361906955919914
POLICY_P1,PLANNING,92,6,Line.tpx226308710b0,Triplex,1,2,B,128.8098437631743,156.0,0.8257041266870149
POLICY_P1,PLANNING,92,7,Line.tpx226308725b0,Triplex,1,2,B,122.1455235321316,156.0,0.7829841252059718
POLICY_P1,PLANNING,92,8,Line.tpx226192801c0,Triplex,1,2,C,116.52182917839228,156.0,0.7469348024255915
POLICY_P1,PLANNING,92,9,Line.tpx227944551c0,Triplex,1,1,C,432.69254836089357,580.0,0.7460216351049889
POLICY_P1,PLANNING,92,10,Line.tpx293664b0,Triplex,1,2,B,114.28927805846418,156.0,0.7326235772978473
POLICY_P1,PLANNING,92,11,Line.tpx21458756c0,Triplex,1,2,C,112.1982839827712,156.0,0.7192197691203283
POLICY_P1,PLANNING,92,12,Line.tpx260595b0,Triplex,1,1,B,103.85115869431621,156.0,0.6657125557327962
POLICY_P1,PLANNING,92,13,Line.tpx21459651c0,Triplex,1,2,C,102.98255032963475,156.0,0.6601445533950946
POLICY_P1,PLANNING,92,14,Line.tpx226308729b0,Triplex,1,2,B,99.65192860107226,156.0,0.6387944141094375
POLICY_P1,PLANNING,92,15,Line.tpx260595a0,Triplex,1,1,A,99.5540254484567,156.0,0.6381668297977994
POLICY_P1,PLANNING,92,16,Line.tpx226308716b0,Triplex,1,1,B,95.43142059305,156.0,0.6117398755964744
POLICY_P1,PLANNING,92,17,Line.tpx227944551b0,Triplex,1,2,B,352.76705167063096,580.0,0.6082190546045362
POLICY_P1,PLANNING,92,18,Line.tpx226308730a0,Triplex,1,1,A,94.58553743672239,156.0,0.6063175476712974
POLICY_P1,PLANNING,92,19,Line.tpx21459629c0,Triplex,1,1,C,94.38809362131784,156.0,0.6050518821879348
POLICY_P1,PLANNING,92,20,Line.tpx226308720a0,Triplex,1,1,A,93.2217132042349,156.0,0.5975750846425314
POLICY_P1,PLANNING,93,1,Line.tpx21459660c0,Triplex,1,1,C,144.78636167858295,156.0,0.9281177030678395
POLICY_P1,PLANNING,93,2,Line.tpx260595c0,Triplex,1,2,C,138.95376059262622,156.0,0.8907292345681168
POLICY_P1,PLANNING,93,3,Line.tpx21197413c0,Triplex,1,1,C,131.3048975363482,156.0,0.8416980611304371
POLICY_P1,PLANNING,93,4,Line.tpx226308719b0,Triplex,1,1,B,130.88660469107214,156.0,0.8390166967376419
POLICY_P1,PLANNING,93,5,Line.tpx2224230689c0,Triplex,1,2,C,130.40309227469157,156.0,0.8359172581710999
POLICY_P1,PLANNING,93,6,Line.tpx226308710b0,Triplex,1,2,B,128.78541374841583,156.0,0.8255475240283067
POLICY_P1,PLANNING,93,7,Line.tpx226308725b0,Triplex,1,2,B,122.12241539136241,156.0,0.782835996098477
POLICY_P1,PLANNING,93,8,Line.tpx226192801c0,Triplex,1,2,C,116.48730064270323,156.0,0.7467134656583541
POLICY_P1,PLANNING,93,9,Line.tpx227944551c0,Triplex,1,1,C,432.6590788338043,580.0,0.7459639290238005
POLICY_P1,PLANNING,93,10,Line.tpx293664b0,Triplex,1,2,B,114.24844587893678,156.0,0.732361832557287
POLICY_P1,PLANNING,93,11,Line.tpx21458756c0,Triplex,1,2,C,112.1651620295752,156.0,0.7190074489075333
POLICY_P1,PLANNING,93,12,Line.tpx260595b0,Triplex,1,1,B,103.83248103474507,156.0,0.6655928271458017
POLICY_P1,PLANNING,93,13,Line.tpx21459651c0,Triplex,1,2,C,102.95226822666194,156.0,0.659950437350397
POLICY_P1,PLANNING,93,14,Line.tpx226308729b0,Triplex,1,2,B,99.63329613205104,156.0,0.6386749752054554
POLICY_P1,PLANNING,93,15,Line.tpx260595a0,Triplex,1,1,A,99.53605811768244,156.0,0.6380516546005285
POLICY_P1,PLANNING,93,16,Line.tpx226308716b0,Triplex,1,1,B,95.41363771639895,156.0,0.6116258827974291
POLICY_P1,PLANNING,93,17,Line.tpx227944551b0,Triplex,1,2,B,352.73641018461785,580.0,0.6081662244562377
POLICY_P1,PLANNING,93,18,Line.tpx226308730a0,Triplex,1,1,A,94.56784946403363,156.0,0.6062041632309848
POLICY_P1,PLANNING,93,19,Line.tpx21459629c0,Triplex,1,1,C,94.36047489368383,156.0,0.6048748390620758
POLICY_P1,PLANNING,93,20,Line.tpx226308720a0,Triplex,1,1,A,93.20429558587519,156.0,0.5974634332427896
POLICY_P1,PLANNING,94,1,Line.tpx21459660c0,Triplex,1,1,C,144.69685765630854,156.0,0.9275439593353111
POLICY_P1,PLANNING,94,2,Line.tpx260595c0,Triplex,1,2,C,138.89502684697257,156.0,0.8903527361985422
POLICY_P1,PLANNING,94,3,Line.tpx21197413c0,Triplex,1,1,C,131.21451478013105,156.0,0.8411186844880196
POLICY_P1,PLANNING,94,4,Line.tpx226308719b0,Triplex,1,1,B,130.79606702199942,156.0,0.8384363270640989
POLICY_P1,PLANNING,94,5,Line.tpx2224230689c0,Triplex,1,2,C,130.32754912623494,156.0,0.8354330072194548
POLICY_P1,PLANNING,94,6,Line.tpx226308710b0,Triplex,1,2,B,128.69663132013665,156.0,0.8249784058983118
POLICY_P1,PLANNING,94,7,Line.tpx226308725b0,Triplex,1,2,B,122.03818107555202,156.0,0.7822960325355899
POLICY_P1,PLANNING,94,8,Line.tpx226192801c0,Triplex,1,2,C,116.41640153556615,156.0,0.7462589842023472
POLICY_P1,PLANNING,94,9,Line.tpx227944551c0,Triplex,1,1,C,432.53697462431865,580.0,0.7457534045246873
POLICY_P1,PLANNING,94,10,Line.tpx293664b0,Triplex,1,2,B,114.1247991174588,156.0,0.7315692251119155
POLICY_P1,PLANNING,94,11,Line.tpx21458756c0,Triplex,1,2,C,112.097150766976,156.0,0.7185714792754871
POLICY_P1,PLANNING,94,12,Line.tpx260595b0,Triplex,1,1,B,103.76448357463332,156.0,0.6651569459912392
POLICY_P1,PLANNING,94,13,Line.tpx21459651c0,Triplex,1,2,C,102.89008785567802,156.0,0.6595518452287052
POLICY_P1,PLANNING,94,14,Line.tpx226308729b0,Triplex,1,2,B,99.56529800596253,156.0,0.6382390897818111
POLICY_P1,PLANNING,94,15,Line.tpx260595a0,Triplex,1,1,A,99.45349655091108,156.0,0.6375224137878915
POLICY_P1,PLANNING,94,16,Line.tpx226308716b0,Triplex,1,1,B,95.34897070023358,156.0,0.611211350642523
POLICY_P1,PLANNING,94,17,Line.tpx227944551b0,Triplex,1,2,B,352.6097622025811,580.0,0.6079478658665192
POLICY_P1,PLANNING,94,18,Line.tpx226308730a0,Triplex,1,1,A,94.48555080981333,156.0,0.6056766077552137
POLICY_P1,PLANNING,94,19,Line.tpx21459629c0,Triplex,1,1,C,94.30376303244006,156.0,0.6045113014900004
POLICY_P1,PLANNING,94,20,Line.tpx226308720a0,Triplex,1,1,A,93.1233999987152,156.0,0.5969448717866359
POLICY_P1,PLANNING,95,1,Line.tpx21459660c0,Triplex,1,1,C,144.6930454368333,156.0,0.9275195220309828
POLICY_P1,PLANNING,95,2,Line.tpx260595c0,Triplex,1,2,C,138.8932309134152,156.0,0.8903412238039436
POLICY_P1,PLANNING,95,3,Line.tpx21197413c0,Triplex,1,1,C,131.21109922133354,156.0,0.8410967898803432
POLICY_P1,PLANNING,95,4,Line.tpx226308719b0,Triplex,1,1,B,130.79389948745273,156.0,0.8384224326118765
POLICY_P1,PLANNING,95,5,Line.tpx2224230689c0,Triplex,1,2,C,130.32381787098404,156.0,0.8354090889165644
POLICY_P1,PLANNING,95,6,Line.tpx226308710b0,Triplex,1,2,B,128.69450243788071,156.0,0.824964759217184
POLICY_P1,PLANNING,95,7,Line.tpx226308725b0,Triplex,1,2,B,122.03616738451349,156.0,0.7822831242597018
POLICY_P1,PLANNING,95,8,Line.tpx226192801c0,Triplex,1,2,C,116.41338170327978,156.0,0.7462396263030755
POLICY_P1,PLANNING,95,9,Line.tpx227944551c0,Triplex,1,1,C,432.5340511000262,580.0,0.7457483639655624
POLICY_P1,PLANNING,95,10,Line.tpx293664b0,Triplex,1,2,B,114.12124018432199,156.0,0.7315464114379615
POLICY_P1,PLANNING,95,11,Line.tpx21458756c0,Triplex,1,2,C,112.09425392700899,156.0,0.7185529097885192
POLICY_P1,PLANNING,95,12,Line.tpx260595b0,Triplex,1,1,B,103.76285596307429,156.0,0.6651465125838095
POLICY_P1,PLANNING,95,13,Line.tpx21459651c0,Triplex,1,2,C,102.88743936381066,156.0,0.659534867716735
POLICY_P1,PLANNING,95,14,Line.tpx226308729b0,Triplex,1,2,B,99.56367429151884,156.0,0.63822868135589
POLICY_P1,PLANNING,95,15,Line.tpx260595a0,Triplex,1,1,A,99.45193542785272,156.0,0.6375124065887995
POLICY_P1,PLANNING,95,16,Line.tpx226308716b0,Triplex,1,1,B,95.34742099891785,156.0,0.6112014166597298
POLICY_P1,PLANNING,95,17,Line.tpx227944551b0,Triplex,1,2,B,352.60709459631937,580.0,0.6079432665453782
POLICY_P1,PLANNING,95,18,Line.tpx226308730a0,Triplex,1,1,A,94.48401440112137,156.0,0.6056667589815472
POLICY_P1,PLANNING,95,19,Line.tpx21459629c0,Triplex,1,1,C,94.30134745308318,156.0,0.6044958170069434
POLICY_P1,PLANNING,95,20,Line.tpx226308720a0,Triplex,1,1,A,93.12188694082298,156.0,0.5969351726975832
