
Gurobi 13.0.2 (win64) logging started Thu Oct  8 06:34:11 2026

Set parameter LogFile to value "C:\Users\kjw39\Documents\Codex\2026-10-07\a-stage-compact-rowgen\docs\v42_a_stage_compact_rowgen_20261008\M19\P2\DIRECT\SHIFT_MAGNITUDE\N0\NATIVE_SOLVER.log"
Set parameter TimeLimit to value 1.1765963357686996e+04
Gurobi Optimizer version 13.0.2 build v13.0.2rc1 (win64 - Windows 11+.0 (26200.2))

CPU model: 13th Gen Intel(R) Core(TM) i7-13620H, instruction set [SSE2|AVX|AVX2]
Thread count: 10 physical cores, 16 logical processors, using up to 1 threads

Non-default parameters:
TimeLimit  1.1765963357686996e+04
MIPGap  0.005
Method  2
MIPFocus  3
NodeMethod  1
LogToConsole  0
Seed  20260929
Threads  1

Optimize a model with 732644 rows, 255356 columns and 24176304 nonzeros (Min)
Model fingerprint: 0x0c155aff
Model has 195918 linear objective coefficients
Variable types: 38118 continuous, 217238 integer (70862 binary)
Coefficient statistics:
  Matrix range     [1e-13, 2e+02]
  Objective range  [1e+00, 2e+02]
  Bounds range     [1e+00, 1e+02]
  RHS range        [1e-07, 1e+06]
Warning: Model contains large matrix coefficient range
         Consider reformulating model or setting NumericFocus parameter
         to avoid numerical issues.

Using variable hints.
Presolve removed 703176 rows and 25551 columns
Presolve time: 2.69s
Presolved: 29468 rows, 229805 columns, 1188867 nonzeros
Variable types: 3552 continuous, 226253 integer (88936 binary)
Performing another presolve...
Presolve removed 6470 rows and 12908 columns (presolve time = 5s)...
Presolve removed 6470 rows and 12908 columns (presolve time = 10s)...
Presolve removed 6470 rows and 12908 columns (presolve time = 15s)...
Presolve removed 6470 rows and 12908 columns (presolve time = 20s)...
Presolve removed 6470 rows and 12908 columns (presolve time = 25s)...
Presolve removed 6470 rows and 12908 columns (presolve time = 30s)...
Presolve removed 6470 rows and 12908 columns (presolve time = 35s)...
Presolve removed 6470 rows and 15375 columns (presolve time = 40s)...
Presolve removed 6470 rows and 15375 columns (presolve time = 45s)...
Presolve removed 6470 rows and 15375 columns (presolve time = 50s)...
Presolve removed 6470 rows and 15375 columns (presolve time = 55s)...
Presolve removed 6470 rows and 15375 columns (presolve time = 60s)...
Presolve removed 6470 rows and 15375 columns (presolve time = 65s)...
Presolve removed 7948 rows and 17920 columns (presolve time = 70s)...
Presolve removed 7948 rows and 17920 columns (presolve time = 75s)...
Presolve removed 7948 rows and 17920 columns (presolve time = 80s)...
Presolve removed 7948 rows and 17920 columns (presolve time = 85s)...
Presolve removed 7948 rows and 17920 columns (presolve time = 90s)...
Presolve removed 7948 rows and 17920 columns (presolve time = 95s)...
Presolve removed 7948 rows and 17920 columns (presolve time = 100s)...
Presolve removed 7969 rows and 18938 columns
Presolve time: 103.13s
Root relaxation presolve removed 166 rows and 130 columns
Root relaxation presolved: 21333 rows, 210809 columns, 983408 nonzeros

Root barrier log...

Ordering time: 0.04s

Barrier statistics:
 AA' NZ     : 4.062e+05
 Factor NZ  : 1.031e+06 (roughly 100 MB of memory)
 Factor Ops : 2.077e+08 (less than 1 second per iteration)
 Threads    : 1

                  Objective                Residual
Iter       Primal          Dual         Primal    Dual     Compl     Time
   0   6.14688742e+08 -2.58436450e+07  4.80e+06 0.00e+00  4.70e+03   108s
   1   1.67206552e+08 -2.19076405e+07  1.31e+06 2.41e+01  1.30e+03   108s
   2   7.00086210e+07 -1.62013414e+07  5.59e+05 1.23e+01  5.85e+02   108s
   3   9.60225406e+06 -7.00453955e+06  7.62e+04 3.91e-13  8.94e+01   108s
   4   3.40630059e+06 -3.13883490e+06  2.70e+04 6.95e-03  3.22e+01   109s
   5   1.74794794e+06 -2.13795380e+06  1.38e+04 2.95e-02  1.76e+01   109s
   6   8.40686923e+05 -1.02047793e+06  6.63e+03 8.44e-03  8.38e+00   109s
   7   4.77819230e+05 -5.22020297e+05  3.76e+03 1.59e-03  4.62e+00   109s
   8   2.63964470e+05 -3.03517378e+05  2.07e+03 2.16e-04  2.58e+00   109s
   9   1.81145887e+05 -2.51925366e+05  1.42e+03 8.56e-07  1.87e+00   109s
  10   1.09593893e+05 -1.98907500e+05  8.55e+02 1.70e-13  1.24e+00   109s
  11   5.05516306e+04 -1.38816869e+05  3.90e+02 2.50e-13  6.85e-01   109s
  12   2.69169495e+04 -7.26381788e+04  2.04e+02 2.28e-13  3.64e-01   109s
  13   1.01173152e+04 -5.19057332e+04  7.19e+01 1.85e-13  1.93e-01   109s
  14   5.71541516e+03 -3.38434231e+04  3.73e+01 1.37e-13  1.19e-01   109s
  15   4.25254372e+03 -2.38586764e+04  2.59e+01 1.71e-13  8.59e-02   109s
  16   2.90217119e+03 -1.55244570e+04  1.53e+01 1.71e-13  5.60e-02   109s
  17   2.21504050e+03 -1.06032053e+04  9.90e+00 1.71e-13  3.90e-02   109s
  18   1.75095690e+03 -6.61640325e+03  6.27e+00 2.27e-13  2.57e-02   109s
  19   1.34048642e+03 -3.61308842e+03  3.06e+00 2.27e-13  1.46e-02   109s
  20   1.13782977e+03 -6.98853439e+02  1.48e+00 2.42e-13  5.76e-03   109s
  21   1.05102522e+03 -6.49915829e+01  7.98e-01 1.80e-13  3.32e-03   109s
  22   1.03794485e+03  1.40388252e+00  6.96e-01 1.98e-13  3.03e-03   109s
  23   9.67039330e+02  3.00043205e+02  1.42e-01 2.27e-13  1.66e-03   109s
  24   9.48811746e+02  8.14936337e+02  5.64e-10 1.59e-13  3.15e-04   110s
  25   9.09151613e+02  8.38364407e+02  7.44e-11 8.85e-14  1.67e-04   110s
  26   9.02930184e+02  8.78323535e+02  7.13e-10 6.87e-14  5.79e-05   110s
  27   9.01790723e+02  8.93862218e+02  1.68e-09 5.68e-14  1.87e-05   110s
  28   9.01095371e+02  9.00835181e+02  1.30e-09 5.68e-14  6.13e-07   110s
  29   9.01019391e+02  9.01019130e+02  1.46e-08 6.77e-14  6.15e-10   110s
  30   9.01019315e+02  9.01019314e+02  3.81e-10 8.53e-14  6.15e-13   110s

Barrier solved model in 30 iterations and 109.89 seconds (220.68 work units)
Optimal objective 9.01019315e+02


Root crossover log...

   17052 DPushes remaining with DInf 0.0000000e+00               110s
       0 DPushes remaining with DInf 0.0000000e+00               110s

    2235 PPushes remaining with PInf 0.0000000e+00               110s
       0 PPushes remaining with PInf 0.0000000e+00               110s

  Push phase complete: Pinf 0.0000000e+00, Dinf 7.1948003e-12    110s


Root simplex log...

Iteration    Objective       Primal Inf.    Dual Inf.      Time
   19287    9.0101931e+02   0.000000e+00   0.000000e+00    110s
Crossover time: 0.10 seconds (0.17 work units)
   19287    9.0101931e+02   0.000000e+00   0.000000e+00    110s

Root relaxation: objective 9.010193e+02, 19287 iterations, 2.36 seconds (3.52 work units)
Total elapsed time = 111.17s (DegenMoves)

    Nodes    |    Current Node    |     Objective Bounds      |     Work
 Expl Unexpl |  Obj  Depth IntInf | Incumbent    BestBd   Gap | It/Node Time

     0     0  901.01931    0  384          -  901.01931      -     -  111s
     0     0  916.66109    0  507          -  916.66109      -     -  114s
     0     0  916.66109    0  492          -  916.66109      -     -  115s
     0     0  918.98583    0  326          -  918.98583      -     -  119s
     0     0  929.87636    0  517          -  929.87636      -     -  119s
     0     0  929.87636    0  469          -  929.87636      -     -  123s
     0     0  930.28894    0  498          -  930.28894      -     -  124s
     0     0  930.28894    0  509          -  930.28894      -     -  125s
     0     0  932.00635    0  574          -  932.00635      -     -  126s
     0     0  932.00635    0  555          -  932.00635      -     -  127s
     0     0  932.17909    0  560          -  932.17909      -     -  128s
     0     0  932.17919    0  547          -  932.17919      -     -  128s
     0     0  933.88714    0  609          -  933.88714      -     -  129s
     0     0  933.88714    0  609          -  933.88714      -     -  130s
     0     0  933.93551    0  616          -  933.93551      -     -  132s
     0     0  933.93867    0  555          -  933.93867      -     -  132s
     0     0  933.95082    0  694          -  933.95082      -     -  133s
     0     0  933.95082    0  663          -  933.95082      -     -  134s
     0     0  933.95082    0  694          -  933.95082      -     -  137s
     0     0  934.02118    0  834          -  934.02118      -     -  137s
     0     0  934.02118    0  818          -  934.02118      -     -  138s
     0     0  934.03128    0  834          -  934.03128      -     -  139s
     0     0  934.03222    0  881          -  934.03222      -     -  140s
     0     0  934.03222    0  848          -  934.03222      -     -  141s
     0     0  934.03697    0  851          -  934.03697      -     -  142s
     0     0  934.30747    0  907          -  934.30747      -     -  143s
     0     0  934.30747    0  891          -  934.30747      -     -  144s
     0     0  934.31420    0  901          -  934.31420      -     -  152s
     0     0  934.36099    0  905          -  934.36099      -     -  153s
     0     0  934.36099    0  884          -  934.36099      -     -  154s
     0     0  934.36794    0  913          -  934.36794      -     -  157s
     0     0  934.41268    0  924          -  934.41268      -     -  158s
     0     0  934.41268    0  917          -  934.41268      -     -  159s
     0     0  934.42020    0  917          -  934.42020      -     -  159s
     0     0  934.42020    0  917          -  934.42020      -     -  160s
     0     2  939.32935    0  917          -  939.32935      -     -  179s
     1     4  939.32935    1  760          -  939.32935      -   460  181s
     3     5  939.32935    2  676          -  939.32935      -   352  186s
    21     9  939.32935   10  537          -  939.32935      -   229  190s
    50    16  939.47847   16  319          -  939.47847      -   180  195s
    87    23 infeasible   15               -  940.01573      -   145  200s
   122    30 infeasible    2               -  940.87876      -   143  205s
   159    33  941.50792   23  251          -  941.48956      -   141  210s
   185    41  941.95210   24  420          -  941.81169      -   138  215s
   220    48  944.02548   23  302          -  942.19214      -   134  220s
   251    51 infeasible   24               -  942.68335      -   136  225s
   275    55  944.41695   25  209          -  943.01270      -   134  230s
   303    61  943.34018   34  450          -  943.23929      -   129  235s
   336    72 infeasible   33               -  943.46270      -   130  240s
   361    77  948.19006   32  172          -  943.87201      -   131  245s
   399    81  944.23510   25  266          -  944.21099      -   128  250s
   436    88  945.30940   42  161          -  944.42860      -   126  255s
   446    96  946.26670   43  400          -  944.48287      -   125  264s
   449    97  945.00923   25  300          -  944.49928      -   124  265s
   480   104  944.71317   19  263          -  944.71317      -   123  270s
   515   115  945.02537   26  343          -  945.01903      -   121  275s
   541   125  945.70899   48   91          -  945.11365      -   119  280s
   580   152  947.02455   28  279          -  945.26619      -   116  285s
   614   176 infeasible   32               -  945.41595      -   115  290s
   648   186  947.28454   25  205          -  945.62283      -   112  295s
   685   199  948.28454   23  252          -  945.79110      -   112  300s
   714   210  946.08572   41  286          -  946.08173      -   112  305s
   753   213 infeasible   41               -  946.36076      -   111  310s
   795   251  947.44707   48  132          -  946.49290      -   109  315s
   832   276  947.83593   58   65          -  946.65809      -   107  320s
   876   313  948.76228   46 10739          -  946.73917      -   103  333s
   878   314  947.56773   53  386          -  946.73917      -   103  340s
   879   315  948.41137   60  815          -  946.73917      -   102  346s
   884   318  948.36572   39  757          -  946.73917      -   102  350s
   885   319  946.89513   53  658          -  946.73917      -   102  361s
   887   320  947.26629   47  236          -  946.73917      -   102  369s
   888   321  947.58794   23  238          -  946.73917      -   101  381s
   889   322  947.99470   50  283          -  946.73917      -   101  389s
   890   322  949.34778   24  246          -  946.73917      -   101  399s
   894   325  947.37205   51  406          -  946.73917      -   101  401s
   895   326  946.97228   39  432          -  946.73917      -   101  409s
   897   327  946.79548   25  470          -  946.73917      -   100  410s
   900   329  948.37566   62  301          -  946.73917      -   100  422s
   903   331  947.68593   49  338          -  946.73917      -   100  425s
   904   332  947.28882   26  292          -  946.73917      -   100  431s
   908   334  947.39051   48  362          -  946.73917      -  99.2  439s
   912   337  948.22576   59  398          -  946.73917      -  98.8  441s
   913   338  947.13756   46  266          -  946.73917      -  98.7  448s
   916   340  947.93259   52  287          -  946.73917      -  98.3  450s
   917   340  948.43943   21  322          -  946.73917      -  98.2  456s
   920   342  946.81605   24  384          -  946.73917      -  97.9  466s
   924   345  946.77154   55  343          -  946.73917      -  97.5  472s
   926   346  947.50260   53  400          -  946.73917      -  97.3  475s
   927   347  949.35725   27  301          -  946.73917      -  97.2  480s
   931   350  953.97416   38  389          -  946.73917      -  96.8  487s
   935   352  947.23531   22  195          -  946.73917      -  96.3  494s
   937   354  947.13756   48  373          -  946.73917      -  96.1  499s
   938   354  946.90223   52  378          -  946.73917      -  96.0  500s
   939   355  947.56121   24  426          -  946.73917      -  95.9  505s
   942   357  946.90223   52  354          -  946.73917      -  95.6  510s
   945   359  947.14287   59  200          -  946.73917      -  95.3  515s
   947   360  947.69965   45  200          -  946.73917      -  95.1  521s
   948   361  948.00000   38  200          -  948.00000      -  95.0  563s
   949   364  948.00000   11   24          -  948.00000      -   130  576s
   953   364  948.00000   14   21          -  948.00000      -   130  580s
   956   366  948.00000   17   18          -  948.00000      -   130  585s
   961   370  948.00000   15   24          -  948.00000      -   129  590s
   965   372  948.61880   14   17          -  948.00000      -   129  595s
   969   375  948.00000   21   21          -  948.00000      -   129  600s
   973   378  948.00000   24   26          -  948.00000      -   129  605s
   977   380  948.00000   27   26          -  948.00000      -   128  611s
   980   382  948.00000   30   26          -  948.00000      -   128  615s
   985   386  948.00000   35   26          -  948.00000      -   127  620s
   991   390  948.00000   41   26          -  948.00000      -   127  625s
   996   393  948.00000   46   26          -  948.00000      -   126  630s
  1001   396  948.00000   24   25          -  948.00000      -   125  635s
  1006   400  948.00000   29   25          -  948.00000      -   125  640s
  1011   403  948.00000   32   52          -  948.00000      -   124  645s
  1018   408  948.00000   28   34          -  948.00000      -   125  650s
  1025   410  948.00000   17   25          -  948.00000      -   126  655s
  1033   416  948.00000   51  106          -  948.00000      -   125  660s
  1045   424  948.00000   53   37          -  948.00000      -   124  666s
  1050   427  948.00000   55   17          -  948.00000      -   124  670s
  1059   433  948.00000   55   17          -  948.00000      -   123  675s
  1067   438  948.00000   59   19          -  948.00000      -   122  680s
  1074   443  948.00000   62   14          -  948.00000      -   122  685s
  1084   450  948.00000   64   15          -  948.00000      -   121  690s
  1096   458  948.00000   66   15          -  948.00000      -   120  695s
  1107   465  948.00000   62   14          -  948.00000      -   120  700s
  1111   468  948.00000   64   14          -  948.00000      -   120  714s
  1113   469  948.00000   65   21          -  948.00000      -   120  715s
  1119   473  948.00000   60   22          -  948.00000      -   120  962s
  1120   474  948.22456   60  227          -  948.00000      -   120  966s
  1121   474  948.00000   65   18          -  948.00000      -   120  983s
  1123   476  948.00000   65   16          -  948.00000      -   119  985s
  1127   478  948.00000   68   16          -  948.00000      -   119  990s
  1132   482  948.00000   64   18          -  948.00000      -   119  995s
  1137   485  948.00000   65   23          -  948.00000      -   119 1000s
  1141   488  948.00000   68   22          -  948.00000      -   119 1005s
  1145   490  948.00000   69   20          -  948.00000      -   119 1010s
  1150   494  948.00000   68   23          -  948.00000      -   119 1015s
  1155   497  948.00000   67   22          -  948.00000      -   119 1021s
  1157   498  948.00000   66   20          -  948.00000      -   118 1025s
  1162   502  948.00000   64   17          -  948.00000      -   118 1030s
  1167   505  948.00000   65   22          -  948.00000      -   119 1035s
  1172   508  948.00000   66   20          -  948.00000      -   119 1041s
  1176   511  948.00000   67   18          -  948.00000      -   118 1045s
  1180   514  948.00000   68   19          -  948.00000      -   118 1050s
  1185   517  948.00000   70   17          -  948.00000      -   118 1055s
  1191   521  948.00000   71   18          -  948.00000      -   117 1060s
  1195   524  948.00000   74   18          -  948.00000      -   117 1065s
  1204   530  948.22456   70  232          -  948.00000      -   117 1070s
  1210   534  948.00000   70   17          -  948.00000      -   117 1075s
  1219   540  948.00000   68   17          -  948.00000      -   117 1080s
  1227   545  948.00000   63   25          -  948.00000      -   117 1085s
  1236   551  948.00000   71   21          -  948.00000      -   116 1090s
  1244   556  948.22456   72  226          -  948.00000      -   116 1095s
  1248   559  948.22456   72  229          -  948.00000      -   117 1100s
  1253   562  948.00000   72   19          -  948.00000      -   117 1105s
  1261   568  948.00000   74   17          -  948.00000      -   117 1110s
  1269   573  948.22456   71  226          -  948.00000      -   117 1115s
  1275   577  948.00000   69   19          -  948.00000      -   117 1120s
  1288   586  948.00000   71   17          -  948.00000      -   117 1125s
  1297   592  948.00000   67   20          -  948.00000      -   118 1130s
  1308   599  948.00000   70   19          -  948.00000      -   118 1135s
  1317   605  948.00000   72   30          -  948.00000      -   118 1140s
  1326   611  948.22456   67  227          -  948.00000      -   118 1145s
  1335   617  948.00000   69   18          -  948.00000      -   118 1151s
  1343   622  948.22456   67  227          -  948.00000      -   118 1155s
  1350   627  948.00000   71   18          -  948.00000      -   119 1160s
  1363   636  948.00000   65   21          -  948.00000      -   119 1165s
  1372   642  948.00000   67   16          -  948.00000      -   119 1170s
  1382   648  948.22456   62  225          -  948.00000      -   119 1175s
  1388   652  948.00000   64   18          -  948.00000      -   119 1189s
  1390   654  948.00000   75   22          -  948.00000      -   119 1190s
  1396   658  948.22456   71  233          -  948.00000      -   119 1195s
  1404   663  948.00000   69   21          -  948.00000      -   119 1200s
  1414   670  948.00000   69   21          -  948.00000      -   119 1205s
  1424   676  948.00000   64   21          -  948.00000      -   119 1210s
  1434   683  948.00000   55   17          -  948.00000      -   119 1215s
  1444   690  948.00000   56   17          -  948.00000      -   119 1220s
  1456   698  948.00000   61   18          -  948.00000      -   119 1225s
  1467   705  948.00000   61   20          -  948.00000      -   119 1230s
  1478   712  948.00000   66   32          -  948.00000      -   119 1235s
  1487   718  948.00000   53   25          -  948.00000      -   119 1240s
  1496   724  948.00000   56   24          -  948.00000      -   119 1245s
  1507   732  948.00000   55   20          -  948.00000      -   118 1250s
  1515   737  948.00000   59   19          -  948.00000      -   118 1255s
  1527   745  948.00000   65   16          -  948.00000      -   118 1260s
  1539   753  948.00000   61   21          -  948.00000      -   118 1265s
  1551   761  948.00000   54   17          -  948.00000      -   118 1270s
  1563   769  948.16136   61   24          -  948.00000      -   118 1275s
  1574   776  948.00000   53   33          -  948.00000      -   117 1280s
  1583   782  948.00000   59   15          -  948.00000      -   117 1285s
  1595   790  948.00000   65   17          -  948.00000      -   117 1290s
  1602   795  948.00000   56   20          -  948.00000      -   117 1295s
  1613   802  948.00000   62   24          -  948.00000      -   118 1300s
  1625   810  948.00000   54   33          -  948.00000      -   118 1305s
  1636   818  948.00000   59   15          -  948.00000      -   117 1310s
  1647   825  948.00000   63   15          -  948.00000      -   117 1315s
  1659   833  948.00000   66   14          -  948.00000      -   117 1320s
  1671   841  948.00000   69   20          -  948.00000      -   117 1325s
  1682   848  948.16136   71   24          -  948.00000      -   117 1330s
  1691   854  948.00000   70   19          -  948.00000      -   117 1336s
  1697   858  948.00000   70   22          -  948.00000      -   118 1340s
  1706   864  948.00000   65   19          -  948.00000      -   118 1345s
  1717   872  948.00000   67   18          -  948.00000      -   118 1350s
  1728   879  948.22456   68  226          -  948.00000      -   118 1355s
  1739   886  948.00000   65   16          -  948.00000      -   118 1360s
  1742   888  948.00000   57   17          -  948.00000      -   118 1365s
  1755   897  948.00000   61   21          -  948.00000      -   118 1370s
  1769   906  948.00000   65   17          -  948.00000      -   118 1375s
  1780   914  948.16136   58   28          -  948.00000      -   118 1381s
  1789   920  948.16136   62   28          -  948.00000      -   118 1385s
  1802   928  948.00000   56   20          -  948.00000      -   118 1390s
  1815   937  948.00000   63   20          -  948.00000      -   118 1395s
  1826   944  948.00000   66   20          -  948.00000      -   117 1400s
  1840   954  948.00000   59   21          -  948.00000      -   117 1405s
  1852   962  948.00000   66   20          -  948.00000      -   117 1410s
  1863   969  948.00000   57   19          -  948.00000      -   116 1415s
  1870   974  948.16136   61   26          -  948.00000      -   117 1444s
  1872   975  948.00000   62   24          -  948.00000      -   117 1445s
  1880   980  948.00000   57   25          -  948.00000      -   116 1450s
  1888   986  948.00000   62   23          -  948.00000      -   116 1455s
  1896   991  948.00000   55   25          -  948.00000      -   116 1460s
  1911  1001  948.16136   60   27          -  948.00000      -   116 1465s
  1932  1015  948.00000   75   39          -  948.00000      -   116 1470s
  1952  1028  948.00000   72   18          -  948.00000      -   116 1475s
  1962  1035  948.00000   69  267          -  948.00000      -   117 1480s
  1973  1042  948.16136   56   24          -  948.00000      -   117 1485s
  1984  1050  948.00000   75   39          -  948.00000      -   118 1490s
  1997  1058  948.00000   76   27          -  948.00000      -   117 1495s
  2006  1064  948.00000   73   29          -  948.00000      -   117 1500s
  2016  1071  948.72456   74  226          -  948.00000      -   116 1505s
  2023  1076  948.00000   78   30          -  948.00000      -   116 1510s
  2033  1083  948.00000   70   98          -  948.00000      -   116 1515s
  2047  1097  948.00000   78   18          -  948.00000      -   115 1520s
  2065  1115  948.00000   69   98          -  948.00000      -   115 1525s
  2082  1132  948.00000   67   18          -  948.00000      -   115 1530s
  2090  1139  948.72456   73  224          -  948.00000      -   116 1535s
  2102  1151  948.00000   75   31          -  948.00000      -   116 1540s
  2114  1159  948.72456   71  231          -  948.00000      -   116 1545s
  2127  1171  948.72456   69  231          -  948.00000      -   117 1551s
  2136  1180  948.00000   72   81          -  948.00000      -   117 1556s
  2141  1185  948.72456   75  231          -  948.00000      -   118 1560s
  2146  1187  948.72456   77  229          -  948.00000      -   118 1565s
  2152  1193  948.00000   73   28          -  948.00000      -   119 1570s
  2161  1202  948.00000   79   17          -  948.00000      -   118 1575s
  2171  1212  948.00000   68   37          -  948.00000      -   118 1580s
  2184  1225  948.00000   77  116          -  948.00000      -   117 1585s
  2195  1236  948.00000   76   23          -  948.00000      -   118 1590s
  2208  1249  948.00000   76   19          -  948.00000      -   118 1595s
  2219  1259  948.00000   70   22          -  948.00000      -   118 1600s
  2232  1272  948.00000   79   50          -  948.00000      -   118 1605s
  2251  1291  948.00000   77   20          -  948.00000      -   119 1610s
  2266  1306  948.00000   69   49          -  948.00000      -   119 1615s
  2280  1320  948.00000   74   22          -  948.00000      -   119 1620s
  2293  1333  948.00000   77   15          -  948.00000      -   120 1625s
  2306  1345  948.72456   71  224          -  948.00000      -   120 1630s
  2315  1353  948.00000   77   31          -  948.00000      -   120 1635s
  2333  1371  948.00000   40   21          -  948.00000      -   120 1640s
  2350  1387  948.00000   68   73          -  948.00000      -   120 1645s
  2363  1398  948.00000   77   34          -  948.00000      -   120 1650s
  2378  1413  948.16136   82   26          -  948.00000      -   119 1655s
  2393  1428  948.00000   75   30          -  948.00000      -   119 1660s
  2403  1438  948.00000   77   26          -  948.00000      -   118 1665s
  2415  1450  948.00000   71   29          -  948.00000      -   118 1670s
  2430  1465  948.00000   82   21          -  948.00000      -   118 1675s
  2444  1479  948.00000   70   27          -  948.00000      -   118 1680s
  2459  1494  948.00000   85   28          -  948.00000      -   118 1685s
  2474  1509  948.16136   83   25          -  948.00000      -   118 1690s
  2488  1523  948.00000   79   35          -  948.00000      -   117 1695s
  2499  1534  948.00000   82   28          -  948.00000      -   117 1700s
  2510  1545  948.00000   78   34          -  948.00000      -   117 1705s
  2522  1556  948.16136   76   29          -  948.00000      -   117 1710s
  2535  1569  948.16136   76   21          -  948.00000      -   117 1715s
  2549  1583  948.00000   77   34          -  948.00000      -   117 1720s
  2562  1596  948.00000   68   17          -  948.00000      -   117 1725s
  2577  1611  948.16136   74   25          -  948.00000      -   117 1730s
  2586  1620  948.00000   71   31          -  948.00000      -   117 1735s
  2601  1635  948.00000   77   33          -  948.00000      -   117 1740s
  2614  1648  948.16136   75   29          -  948.00000      -   116 1745s
  2630  1664  948.16137   79   18          -  948.00000      -   116 1750s
  2645  1679  948.00000   80   31          -  948.00000      -   116 1755s
  2659  1693  948.16137   84   37          -  948.00000      -   116 1760s
  2670  1704  948.00000   76   30          -  948.00000      -   116 1765s
  2683  1717  948.00000   78   17          -  948.00000      -   115 1770s
  2699  1733  948.00000   80   32          -  948.00000      -   115 1775s
  2713  1747  948.00000   76   29          -  948.00000      -   115 1780s
  2716  1750  948.00000   82   57          -  948.00000      -   115 1807s
  2720  1754  948.00000   75   38          -  948.00000      -   115 1810s
  2728  1762  948.00000   76   78          -  948.00000      -   114 1815s
  2737  1771  948.00000   78   17          -  948.00000      -   114 1820s
  2745  1779  948.00000   75   38          -  948.00000      -   115 1825s
  2753  1787  948.00000   84  106          -  948.00000      -   114 1830s
  2762  1796  948.16136   82   23          -  948.00000      -   115 1835s
  2777  1811  948.16136   69   22          -  948.00000      -   115 1840s
  2788  1822  948.00000   83  121          -  948.00000      -   115 1845s
  2804  1835  948.00000   74   21          -  948.00000      -   115 1850s
  2822  1845 infeasible   79               -  948.00000      -   115 1855s
  2839  1860  948.16136   77   32          -  948.00000      -   116 1860s
  2848  1865  948.00000   85   44          -  948.00000      -   116 1865s
  2862  1875  948.00000   80   39          -  948.00000      -   115 1870s
  2876  1885  948.88497   86   36          -  948.00000      -   115 1875s
  2890  1893 infeasible   78               -  948.00000      -   115 1880s
  2905  1902  948.00000   84   41          -  948.00000      -   115 1885s
  2919  1916  948.00000   85   41          -  948.00000      -   114 1890s
  2933  1930  948.00000   88   40          -  948.00000      -   114 1895s
  2942  1931  948.00000   88   48          -  948.00000      -   114 1900s
  2956  1943  948.00000   89   49          -  948.00000      -   113 1905s
  2970  1957  948.00000   81   39          -  948.00000      -   113 1910s
  2999  1986  948.00000   87   40          -  948.00000      -   112 1915s
  3026  2008  948.00000   91   42          -  948.00000      -   112 1921s
  3039  2021  948.00000   87   34          -  948.00000      -   112 1925s
  3055  2036  948.00000   85   41          -  948.00000      -   111 1930s
  3074  2050  948.00000   87   41          -  948.00000      -   111 1935s
  3092  2067  948.71067   85   40          -  948.00000      -   111 1940s
  3112  2061 infeasible   86               -  948.00000      -   111 1945s
  3122  2067  948.00000   84   40          -  948.00000      -   111 1950s
  3140  2069  948.00000   85   55          -  948.00000      -   111 1955s
  3154  2067  948.00000   86   54          -  948.00000      -   111 1960s
  3173  2069  948.00000   90   52          -  948.00000      -   111 1965s
  3191  2081  948.00000   73   29          -  948.00000      -   111 1970s
  3208  2089  948.71067   79   42          -  948.00000      -   112 1975s
  3226  2103  948.00000   86   38          -  948.00000      -   112 1980s
  3246  2120 infeasible   83               -  948.00000      -   112 1985s
  3265  2136  948.00000   91   35          -  948.00000      -   112 1990s
  3288  2159  948.00000   89   33          -  948.00000      -   111 1995s
  3301  2170  948.00000   69  269          -  948.00000      -   111 2000s
  3313  2181  948.00000   66  270          -  948.00000      -   111 2005s
  3335  2199 infeasible   74               -  948.00000      -   111 2010s
  3360  2214  948.00000   69   18          -  948.00000      -   111 2015s
  3382  2230  948.00000   84   31          -  948.00000      -   111 2021s
  3399  2245  948.71067   90   39          -  948.00000      -   111 2025s
  3419  2255  948.71067   85   32          -  948.00000      -   112 2030s
  3439  2263 infeasible   88               -  948.00000      -   113 2035s
  3466  2271  948.27416   82   42          -  948.00000      -   113 2040s
  3478  2275  948.14808   88   24          -  948.00000      -   113 2045s
  3498  2269  948.00000   94   30          -  948.00000      -   114 2050s
  3518  2275  948.00000   96   31          -  948.00000      -   113 2055s
  3543  2274  948.00000   85   34          -  948.00000      -   114 2060s
  3560  2277  948.00000   96   38          -  948.00000      -   114 2065s
  3583  2278  948.00000   90   41          -  948.00000      -   114 2070s
  3605  2278  948.00000   85   34          -  948.00000      -   114 2075s
  3632  2279  948.00000   98   29          -  948.00000      -   114 2080s
  3650  2279 infeasible   96               -  948.00000      -   114 2085s
  3673  2280 infeasible   98               -  948.00000      -   115 2090s
  3697  2282  948.00000   84   33          -  948.00000      -   115 2095s
  3722  2283  948.00000   92   30          -  948.00000      -   115 2100s
  3747  2288  948.00000   93   30          -  948.00000      -   115 2105s
  3769  2290  948.00000   89   36          -  948.00000      -   115 2110s
  3796  2299  948.00000   83   34          -  948.00000      -   115 2115s
  3822  2312  948.00000   91   31          -  948.00000      -   114 2120s
  3837  2327  948.00000   70  164          -  948.00000      -   114 2125s
  3867  2339  948.00000   96   32          -  948.00000      -   114 2130s
  3879  2351  948.00000   89  103          -  948.00000      -   114 2135s
  3894  2366  948.00000   99   20          -  948.00000      -   114 2140s
  3907  2377 infeasible   85               -  948.00000      -   115 2145s
  3916  2384  948.00000   66  165          -  948.00000      -   115 2150s
  3925  2389 infeasible   84               -  948.00000      -   115 2155s
  3948  2372 infeasible   83               -  948.00000      -   116 2160s
  3961  2377  948.00000   69   18          -  948.00000      -   117 2165s
  3968  2384  948.00000   99   24          -  948.00000      -   117 2170s
  3977  2393  948.88575   77   28          -  948.00000      -   117 2175s
  3993  2399  948.00000   89   21          -  948.00000      -   117 2180s
  4012  2418  948.14808   87   21          -  948.00000      -   117 2185s
  4045  2423  948.00000   88   19          -  948.00000      -   117 2190s
  4069  2435  948.00000   81   33          -  948.00000      -   117 2195s
  4094  2446  948.00000   89   39          -  948.00000      -   117 2201s
  4110  2462  948.00000   96   42          -  948.00000      -   117 2205s
  4134  2478  948.00000   89   35          -  948.00000      -   117 2210s
  4161  2489  948.00000   90   40          -  948.00000      -   117 2215s
  4183  2497  948.00000   94   34          -  948.00000      -   117 2220s
  4207  2501 infeasible   88               -  948.00000      -   117 2225s
  4210  2502  948.00000   89   36          -  948.00000      -   117 2262s
  4219  2505  948.00000   89   30          -  948.00000      -   117 2265s
  4232  2518  948.00000   91   27          -  948.00000      -   117 2270s
  4245  2531  948.00000   88   34          -  948.00000      -   117 2275s
  4257  2542  948.00000   89   29          -  948.00000      -   117 2280s
  4266  2551  948.00000   94   28          -  948.00000      -   117 2285s
  4275  2560  948.00000   91   40          -  948.00000      -   118 2290s
  4296  2577  948.00000   96   22          -  948.00000      -   117 2295s
  4316  2597  948.00000   86   33          -  948.00000      -   118 2300s
  4326  2607  948.00000   87   18          -  948.00000      -   118 2305s
  4335  2616  948.00000   89   33          -  948.00000      -   119 2310s
  4347  2628  948.00000   90   23          -  948.00000      -   119 2315s
  4358  2639  948.00000   95   32          -  948.00000      -   119 2320s
  4373  2654  948.14808  103   21          -  948.00000      -   119 2325s
  4386  2667  948.00000   96   36          -  948.00000      -   119 2330s
  4401  2678  948.14808   98   29          -  948.00000      -   120 2335s
  4410  2687  948.00000   95   20          -  948.00000      -   120 2340s
  4422  2689  948.00000   95   20          -  948.00000      -   121 2345s
  4444  2695  948.00000   88   21          -  948.00000      -   121 2350s
  4458  2699 infeasible   93               -  948.00000      -   121 2355s
  4478  2713  948.00000   95   25          -  948.00000      -   121 2360s
  4492  2723  948.00000   83   19          -  948.00000      -   121 2365s
  4520  2749  948.00000   85   26          -  948.00000      -   121 2370s
  4539  2766  948.00000   40   27          -  948.00000      -   121 2376s
  4556  2783  948.00000   40   33          -  948.00000      -   120 2380s
  4580  2807  948.00000   38   27          -  948.00000      -   120 2385s
  4598  2825  948.00000   41   35          -  948.00000      -   119 2390s
  4623  2850  948.00000   37   73          -  948.00000      -   119 2395s
  4636  2856  948.06193   39  376          -  948.00000      -   119 2400s
  4644  2856  948.06193   43  359          -  948.00000      -   119 2405s
  4654  2856 infeasible   46               -  948.00000      -   120 2410s
  4666  2844 infeasible   41               -  948.00000      -   121 2415s
  4678  2832 infeasible   44               -  948.00000      -   122 2420s
  4688  2836  948.00000   97   23          -  948.00000      -   122 2425s
  4701  2849  948.00000   96   29          -  948.00000      -   122 2430s
  4717  2865  948.00000   95   24          -  948.00000      -   122 2436s
  4723  2871  948.00000   95   20          -  948.00000      -   122 2440s
  4736  2884  948.00000   87   21          -  948.00000      -   123 2445s
  4761  2909  948.14808   98   18          -  948.00000      -   122 2450s
  4770  2918  948.14808   86   22          -  948.00000      -   123 2455s
  4781  2929  948.00000   45   55          -  948.00000      -   123 2460s
  4791  2939  948.14808   92   25          -  948.00000      -   123 2465s
  4798  2946  948.14808   93   20          -  948.00000      -   124 2470s
  4806  2954  948.14808   96   23          -  948.00000      -   124 2476s
  4810  2958  948.14808   92   22          -  948.00000      -   125 2480s
  4822  2970  948.00000   58   17          -  948.00000      -   125 2485s
  4832  2980  948.14808   94   22          -  948.00000      -   126 2490s
  4849  2996  948.00000   70   19          -  948.00000      -   126 2495s
  4872  3019  948.00000   73   22          -  948.00000      -   126 2500s
  4885  3030  948.00000   47   28          -  948.00000      -   126 2505s
  4895  3040  948.00000   37   28          -  948.00000      -   126 2511s
  4904  3049  948.00000   43   28          -  948.00000      -   126 2515s
  4919  3064  948.00000   76   22          -  948.00000      -   126 2520s
  4936  3081  948.00000   80   37          -  948.00000      -   125 2525s
  4952  3091  948.49730   84  311          -  948.00000      -   125 2530s
  4970  3109  948.00000   71  313          -  948.00000      -   125 2535s
  4984  3123  948.00000   79   17          -  948.00000      -   125 2540s
  5005  3144  948.00000   78   27          -  948.00000      -   124 2545s
  5034  3173  948.00000   73  314          -  948.00000      -   124 2550s
  5062  3201  948.00000   78   19          -  948.00000      -   123 2555s
  5083  3222  948.00000   70   19          -  948.00000      -   123 2560s
  5101  3238  948.00000   77   23          -  948.00000      -   123 2573s
  5115  3248  948.16136   85   16          -  948.00000      -   123 2575s
  5130  3262  948.00000   70  313          -  948.00000      -   123 2580s
  5160  3280  948.00000   85   22          -  948.00000      -   122 2585s
  5175  3295  948.00000   69   26          -  948.00000      -   122 2590s
  5197  3316  948.00000   70  110          -  948.00000      -   122 2595s
  5223  3342  948.00000   68   19          -  948.00000      -   122 2600s
  5240  3358  948.00000   69   18          -  948.00000      -   121 2605s
  5253  3370  948.00000   81   21          -  948.00000      -   121 2610s
  5276  3393  948.00000   72   20          -  948.00000      -   121 2615s
  5290  3404  948.00000   71   20          -  948.00000      -   121 2620s
  5304  3415  948.00000   70   19          -  948.00000      -   121 2625s
  5321  3429  948.00000   74   35          -  948.00000      -   121 2630s
  5335  3442  948.00000   70  314          -  948.00000      -   122 2635s
  5345  3452  948.00000   58   32          -  948.00000      -   122 2640s
  5361  3467  948.00000   39  291          -  948.00000      -   122 2645s
  5371  3477  948.00000   31  291          -  948.00000      -   121 2650s
  5388  3491  948.00000   69   18          -  948.00000      -   122 2655s
  5408  3511  948.00000   83   37          -  948.00000      -   122 2660s
  5429  3532  948.00000   97   20          -  948.00000      -   122 2666s
  5440  3543  948.00000   98   22          -  948.00000      -   122 2670s
  5455  3558  948.00000   97   24          -  948.00000      -   122 2675s
  5473  3576  948.00000   78   19          -  948.00000      -   123 2680s
  5496  3595  948.00000   80   19          -  948.00000      -   123 2685s
  5510  3606  948.00000   78   32          -  948.00000      -   123 2690s
  5523  3619  948.00000   77   18          -  948.00000      -   123 2695s
  5545  3641  948.49730   83  319          -  948.00000      -   123 2700s
  5563  3655  948.27655   81  368          -  948.00000      -   123 2705s
  5579  3671  948.00000   83   36          -  948.00000      -   123 2710s
  5590  3682  948.28990   73  342          -  948.00000      -   124 2715s
  5603  3695  948.27655   77  370          -  948.00000      -   124 2726s
  5610  3700  948.49730   87  306          -  948.00000      -   124 2730s
  5622  3711  948.00000   89   23          -  948.00000      -   124 2735s
  5642  3725  948.00000   80   35          -  948.00000      -   124 2740s
  5660  3735  948.00000   67  159          -  948.00000      -   124 2745s
  5682  3749  948.00000   72   20          -  948.00000      -   124 2750s
  5696  3752  948.00000   73   21          -  948.00000      -   124 2755s
  5705  3756  948.25905   75  264          -  948.00000      -   125 2760s
  5719  3763  948.25905   76  265          -  948.00000      -   125 2765s
  5732  3769  948.25905   80  265          -  948.00000      -   125 2770s
  5751  3786  948.00000   71   18          -  948.00000      -   124 2775s
  5765  3793  948.25905   75  252          -  948.00000      -   125 2780s
  5783  3801  948.25905   69  266          -  948.00000      -   125 2785s
  5794  3807  948.00000   68   18          -  948.00000      -   125 2790s
  5808  3813  948.25905   75  267          -  948.00000      -   125 2795s
  5825  3820  948.25905   75  266          -  948.00000      -   125 2800s
  5850  3845  948.00000   67   19          -  948.00000      -   125 2805s
  5874  3869  948.00000   69   18          -  948.00000      -   125 2811s
  5894  3889  948.00000   70   18          -  948.00000      -   125 2815s
  5912  3907  948.00000   66   18          -  948.00000      -   125 2820s
  5938  3933  948.00711   73   25          -  948.00000      -   124 2825s
  5955  3950  948.00711   73   25          -  948.00000      -   124 2833s
  5962  3957  948.00000   74   19          -  948.00000      -   124 2835s
  5981  3976  948.00711   75   25          -  948.00000      -   124 2840s
  6009  4004  948.00000   69   23          -  948.00000      -   124 2845s
  6032  4027  948.00000   70   21          -  948.00000      -   123 2850s
  6053  4048  948.00000   70   18          -  948.00000      -   123 2855s
  6077  4068 infeasible   72               -  948.00000      -   123 2860s
  6095  4084 infeasible   69               -  948.00000      -   123 2865s
  6114  4101  948.00000   74  159          -  948.00000      -   123 2870s
  6132  4115 infeasible   71               -  948.00000      -   123 2875s
  6150  4131  948.32933   68  253          -  948.00000      -   123 2880s
  6160  4141  948.00000   30   17          -  948.00000      -   123 2885s
  6182  4163  948.00000   46   17          -  948.00000      -   123 2890s
  6206  4187  948.06854   67  300          -  948.00000      -   124 2895s
  6224  4203  948.04410   43   34          -  948.00000      -   124 2900s
  6230  4209  948.04677   43  179          -  948.00000      -   124 2905s
  6247  4226  948.00000   85   24          -  948.00000      -   124 2910s
  6265  4244  948.00000   94   23          -  948.00000      -   124 2962s
  6280  4259  948.00000   40   60          -  948.00000      -   124 2965s
  6294  4273  948.32933   68  253          -  948.00000      -   124 2970s
  6317  4296  948.00711   73   34          -  948.00000      -   124 2975s
  6333  4312  948.00711   71   34          -  948.00000      -   125 2980s
  6349  4328  948.27655   78  368          -  948.00000      -   125 2985s
  6371  4344 infeasible   48               -  948.00000      -   125 2990s
  6390  4353  948.00000   95   24          -  948.00000      -   125 2995s
  6408  4371  948.00000   97   22          -  948.00000      -   125 3000s
  6434  4397  948.00000  100   20          -  948.00000      -   125 3005s
  6456  4419  948.00000  103   24          -  948.00000      -   124 3010s
  6487  4450  948.00000   85   29          -  948.00000      -   124 3015s
  6502  4465  948.00000   94   19          -  948.00000      -   124 3020s
  6529  4490  948.00000   92   22          -  948.00000      -   123 3025s
  6552  4513  948.00000   90   16          -  948.00000      -   123 3030s
  6572  4523 infeasible  103               -  948.00000      -   123 3035s
  6592  4531 infeasible   93               -  948.00000      -   124 3040s
  6616  4548  948.00000   91   26          -  948.00000      -   123 3045s
  6645  4575  948.00000   99   24          -  948.00000      -   123 3050s
  6664  4587  948.00000   97   16          -  948.00000      -   123 3055s
  6678  4601  948.00000   94   19          -  948.00000      -   123 3060s
  6701  4624  948.00000  103   20          -  948.00000      -   123 3065s
  6724  4647  948.00000   99   20          -  948.00000      -   123 3070s
  6750  4673  948.00000  100   22          -  948.00000      -   122 3075s
  6766  4689  948.00000  100   18          -  948.00000      -   122 3080s
  6797  4720  948.00000  103   18          -  948.00000      -   122 3085s
  6822  4745  948.00000  102   25          -  948.00000      -   122 3090s
  6848  4771  948.00000  103   22          -  948.00000      -   121 3095s
  6866  4789  948.00000   95   24          -  948.00000      -   121 3100s
  6890  4813  948.00000   96   22          -  948.00000      -   120 3105s
  6919  4842  948.00000   97   22          -  948.00000      -   120 3110s
  6942  4865  948.00000   95   22          -  948.00000      -   120 3115s
  6964  4887  948.00000   92   27          -  948.00000      -   119 3120s
  6984  4907  948.00000   99   22          -  948.00000      -   119 3125s
  7013  4936  948.00000  103   21          -  948.00000      -   119 3130s
  7035  4958  948.00000  105   22          -  948.00000      -   119 3135s
  7063  4986  948.00000  105   22          -  948.00000      -   118 3140s
  7092  5015  948.00000   95   17          -  948.00000      -   118 3146s
  7107  5020 infeasible  105               -  948.00000      -   118 3150s
  7120  5025  948.25711   60   25          -  948.00000      -   119 3155s
  7131  5036  948.32933   69  259          -  948.00000      -   119 3160s
  7146  5047  948.17370   95   50          -  948.00000      -   119 3165s
  7160  5061  948.09740   72   36          -  948.00000      -   120 3170s
  7177  5062  948.00000   76   19          -  948.00000      -   120 3175s
  7199  5084  948.00000   78   19          -  948.00000      -   120 3180s
  7209  5094  948.09740   70   30          -  948.00000      -   120 3185s
  7239  5090  948.00000   92   19          -  948.00000      -   121 3190s
  7262  5113  948.00000  105   23          -  948.00000      -   120 3195s
  7288  5139  948.00000   94   20          -  948.00000      -   120 3200s
  7306  5157  948.00000   90   24          -  948.00000      -   120 3205s
  7331  5182  948.00000  100   25          -  948.00000      -   119 3210s
  7358  5209  948.00000   91   24          -  948.00000      -   119 3215s
  7375  5226  948.00000   97   25          -  948.00000      -   119 3220s
  7393  5244  948.00000  106   25          -  948.00000      -   119 3225s
  7418  5269  948.00000  108   25          -  948.00000      -   118 3230s
  7446  5297  948.00000  100   25          -  948.00000      -   118 3235s
  7470  5321  948.00000  100   27          -  948.00000      -   118 3241s
  7481  5332  948.00000  107   28          -  948.00000      -   118 3245s
  7512  5363  948.00000  105   28          -  948.00000      -   117 3250s
  7531  5382  948.00000   97   24          -  948.00000      -   117 3255s
  7558  5409  948.00000  101   23          -  948.00000      -   117 3260s
  7577  5428  948.00000  105   27          -  948.00000      -   116 3265s
  7602  5453  948.00000  106   27          -  948.00000      -   116 3270s
  7630  5481  948.00000  105   24          -  948.00000      -   116 3275s
  7654  5505  948.00000  106   22          -  948.00000      -   116 3281s
  7670  5521  948.00000  105   22          -  948.00000      -   115 3285s
  7699  5550  948.00000  112   26          -  948.00000      -   115 3290s
  7728  5579  948.00000   95   24          -  948.00000      -   115 3295s
  7743  5594  948.00000  101   18          -  948.00000      -   115 3300s
  7769  5620  948.00000  110   19          -  948.00000      -   114 3305s
  7796  5647  948.00000  103   26          -  948.00000      -   114 3310s
  7825  5676  948.00000  104   21          -  948.00000      -   114 3315s
  7842  5693  948.00000   94   19          -  948.00000      -   114 3320s
  7865  5716  948.00000  110   22          -  948.00000      -   113 3325s
  7893  5744  948.00000  103   22          -  948.00000      -   113 3330s
  7917  5768  948.00000   79   32          -  948.00000      -   113 3335s
  7931  5782  948.00000   73   29          -  948.00000      -   113 3340s
  7956  5807  948.00000   80   18          -  948.00000      -   113 3346s
  7981  5832  948.00000   77   20          -  948.00000      -   113 3350s
  7998  5833 infeasible   94               -  948.00000      -   113 3355s
  8010  5843  948.00000  111   19          -  948.00000      -   113 3361s
  8033  5866  948.00000   20   24          -  948.00000      -   113 3365s
  8059  5892  948.17397  104   87          -  948.00000      -   113 3370s
  8076  5909  948.00000   40  115          -  948.00000      -   113 3375s
  8099  5932  948.06854   64  300          -  948.00000      -   113 3381s
  8109  5942  948.00000   41   89          -  948.00000      -   113 3385s
  8128  5959  948.00000   49   86          -  948.00000      -   113 3390s
  8152  5983  948.00000   48  125          -  948.00000      -   113 3395s
  8173  6004  948.00000   50   84          -  948.00000      -   113 3400s
  8190  6020  948.00000   44   83          -  948.00000      -   113 3405s
  8218  6044  948.00000   50   83          -  948.00000      -   113 3410s
  8237  6045  948.00000   47  101          -  948.00000      -   112 3415s
  8250  6052  948.00000   45   23          -  948.00000      -   113 3420s
  8270  6066  948.00000   48  313          -  948.00000      -   113 3425s
  8280  6071  948.00000   41  302          -  948.00000      -   113 3431s
  8286  6076  948.00000   47   17          -  948.00000      -   113 3435s
  8297  6087  948.00000   50   18          -  948.00000      -   113 3440s
  8310  6100  948.00000   48   23          -  948.00000      -   114 3445s
  8325  6115  948.00000   52   19          -  948.00000      -   114 3450s
  8338  6128  948.00000   41   96          -  948.00000      -   114 3455s
  8365  6143  948.00000   46  101          -  948.00000      -   114 3460s
  8383  6150  948.00000   22   86          -  948.00000      -   114 3465s
  8409  6176  948.00000   82   18          -  948.00000      -   114 3470s
  8436  6203  948.00000   81   35          -  948.00000      -   114 3475s
  8463  6212 infeasible   74               -  948.00000      -   114 3480s
  8495  6180 infeasible   82               -  948.00000      -   115 3485s
  8527  6148 infeasible   83               -  948.00000      -   115 3490s
  8554  6133  948.00000   78   20          -  948.00000      -   116 3495s
  8588  6167  948.00000   79   45          -  948.00000      -   116 3500s
  8607  6186  948.00000   77   26          -  948.00000      -   116 3505s
  8629  6208  948.00000   78   21          -  948.00000      -   116 3510s
  8641  6206 infeasible  101               -  948.00000      -   117 3515s
  8652  6195 infeasible  104               -  948.00000      -   117 3520s
  8663  6184 infeasible   98               -  948.00000      -   118 3525s
  8673  6178  948.00000   74   36          -  948.00000      -   119 3530s
  8692  6195 infeasible   96               -  948.00000      -   119 3535s
  8706  6189  948.00000   74   21          -  948.00000      -   120 3540s
  8723  6206  948.00000  109   23          -  948.00000      -   120 3545s
  8752  6234  948.00000  101   27          -  948.00000      -   119 3550s
  8780  6261  948.00000  109   28          -  948.00000      -   119 3555s
  8806  6287  948.00000  110   28          -  948.00000      -   118 3560s
  8826  6307  948.00000  115   24          -  948.00000      -   118 3565s
  8857  6338  948.00000  112   25          -  948.00000      -   118 3570s
  8888  6369  948.00000  108   23          -  948.00000      -   117 3576s
  8901  6382  948.00000  114   26          -  948.00000      -   117 3580s
  8933  6414  948.00000  108   21          -  948.00000      -   117 3585s
  8955  6436  948.00000  116   24          -  948.00000      -   117 3590s
  8974  6449 infeasible   95               -  948.00000      -   117 3595s
  8989  6456  948.00000  111   21          -  948.00000      -   117 3600s
  9008  6464  948.00000   42  110          -  948.00000      -   117 3605s
  9032  6478  948.00000   35   25          -  948.00000      -   117 3610s
  9050  6495  948.00000   84   28          -  948.00000      -   117 3616s
  9065  6510  948.00000   44   24          -  948.00000      -   117 3620s
  9078  6523  948.00000   83   28          -  948.00000      -   117 3625s
  9096  6541  948.00000   45   16          -  948.00000      -   117 3630s
  9112  6557  948.00000   73   18          -  948.00000      -   117 3635s
  9131  6576  948.00000   85   16          -  948.00000      -   118 3640s
  9148  6593  948.00000   79   29          -  948.00000      -   118 3645s
  9166  6608  948.00000   75   29          -  948.00000      -   118 3650s
  9178  6619  948.00000   79  314          -  948.00000      -   118 3655s
  9201  6638  948.00000   75   18          -  948.00000      -   118 3660s
  9223  6660  948.00000   44   25          -  948.00000      -   118 3665s
  9244  6681  948.00000   82   26          -  948.00000      -   118 3670s
  9257  6694  948.00000   81  229          -  948.00000      -   118 3675s
  9271  6707  948.16137   68   17          -  948.00000      -   118 3680s
  9303  6733  948.80282   21   26          -  948.00000      -   118 3685s
  9337  6765  948.00000   50   99          -  948.00000      -   118 3690s
  9355  6783  948.00000   49   99          -  948.00000      -   117 3695s
  9374  6802  948.00000   51   99          -  948.00000      -   117 3700s
  9396  6812 infeasible   94               -  948.00000      -   118 3705s
  9412  6822  948.00000   81   36          -  948.00000      -   118 3710s
  9434  6843  948.00000   80   16          -  948.00000      -   118 3716s
  9459  6868  948.00000   80   36          -  948.00000      -   118 3720s
  9482  6890  948.20281   50   52          -  948.00000      -   117 3726s
  9493  6901  948.00000   53   99          -  948.00000      -   117 3730s
  9520  6926  948.00000   25   13          -  948.00000      -   117 3735s
  9544  6950  948.00000   28   12          -  948.00000      -   117 3740s
  9576  6982  948.00000   21   14          -  948.00000      -   117 3745s
  9596  7002  948.00000   28   12          -  948.00000      -   116 3750s
  9619  7025  948.00000   24   31          -  948.00000      -   116 3755s
  9648  7054  948.00000   44  107          -  948.00000      -   116 3760s
  9673  7077  948.00000   40   23          -  948.00000      -   115 3765s
  9698  7102  948.00000   55   99          -  948.00000      -   115 3771s
  9705  7109  948.00000   52   99          -  948.00000      -   115 3775s
  9733  7137  948.00000  101   21          -  948.00000      -   115 3780s
  9747  7141  948.00000   47  107          -  948.00000      -   115 3785s
  9770  7164  948.00000   51   99          -  948.00000      -   115 3790s
  9790  7184  948.00000   54   99          -  948.00000      -   115 3796s
  9807  7201  948.00000   50   99          -  948.00000      -   115 3800s
  9831  7224  948.32171   28   12          -  948.00000      -   115 3805s
  9849  7234  948.32162   21   87          -  948.00000      -   115 3815s
  9863  7248  948.00000  100   24          -  948.00000      -   115 3820s
  9879  7264  948.08453   39   37          -  948.00000      -   115 3826s
  9897  7282  948.00000   47   26          -  948.00000      -   115 3830s
  9916  7301  948.00000   54   26          -  948.00000      -   114 3835s
  9944  7329  948.00000  100   26          -  948.00000      -   114 3840s
  9968  7353  948.00000   96   24          -  948.00000      -   114 3845s
  9999  7381  948.00000   70   19          -  948.00000      -   114 3850s
 10023  7403  948.00000   75   21          -  948.00000      -   114 3855s
 10050  7430  948.00000   74   19          -  948.00000      -   113 3860s
 10066  7446  948.00000   75   19          -  948.00000      -   113 3865s
 10087  7467  948.00000   71   19          -  948.00000      -   113 3870s
 10112  7488  948.00000   67   23          -  948.00000      -   113 3875s
 10132  7508  948.00000   69   23          -  948.00000      -   113 3880s
 10150  7526  948.00000   80   24          -  948.00000      -   113 3885s
 10179  7555  948.00000   67   22          -  948.00000      -   112 3890s
 10202  7577  948.00000   76   18          -  948.00000      -   112 3903s
 10211  7586  948.00000   78   20          -  948.00000      -   112 3905s
 10235  7608  948.00000   78   22          -  948.00000      -   112 3912s
 10243  7616  948.00000   70   26          -  948.00000      -   112 3915s
 10270  7642  948.16136   70   20          -  948.00000      -   112 3920s
 10293  7658  948.00000   75   18          -  948.00000      -   112 3925s
 10315  7669  948.38475   57   45          -  948.00000      -   112 3930s
 10324  7664  948.00000   49   26          -  948.00000      -   113 3936s
 10344  7680  948.25711   79   18          -  948.00000      -   113 3940s
 10347  7681  948.00000   57   48          -  948.00000      -   113 3946s
 10362  7696  948.00000   55   15          -  948.00000      -   113 3950s
 10383  7717  948.00000   56   26          -  948.00000      -   113 3955s
 10401  7734  948.00000   56   26          -  948.00000      -   113 3960s
 10413  7746  948.00000   54   15          -  948.00000      -   113 3965s
 10431  7764  948.00000   52   26          -  948.00000      -   113 3970s
 10451  7784  948.00000   54   65          -  948.00000      -   113 3975s
 10471  7804  948.00000   51   26          -  948.00000      -   113 3980s
 10493  7826  948.00000   51   65          -  948.00000      -   113 3985s
 10505  7838  948.00000   60   64          -  948.00000      -   113 3990s
 10521  7854  948.00000   55   64          -  948.00000      -   113 3995s
 10541  7874  948.00000   57   26          -  948.00000      -   113 4000s
 10563  7893  948.00000   55   96          -  948.00000      -   113 4005s
 10586  7916  948.00000   54   96          -  948.00000      -   113 4010s
 10600  7930  948.00000   55   96          -  948.00000      -   113 4015s
 10619  7949  948.00000   49   15          -  948.00000      -   113 4020s
 10635  7961  948.03951   39   27          -  948.00000      -   113 4025s
 10651  7977  948.00000   74   39          -  948.00000      -   113 4107s
 10666  7992  948.00000   84   34          -  948.00000      -   113 4110s
 10680  8005  948.00000   81   35          -  948.00000      -   113 4115s
 10710  8035  948.00000   74   34          -  948.00000      -   113 4120s
 10727  8049  948.32171   30   12          -  948.00000      -   113 4125s
 10753  8075  948.00000   81   39          -  948.00000      -   113 4130s
 10769  8086  948.17782   25   44          -  948.00000      -   113 4136s
 10779  8096  948.28295   24   31          -  948.00000      -   113 4140s
 10801  8113  948.00000   67   17          -  948.00000      -   113 4145s
 10820  8122  948.57031   73  274          -  948.00000      -   113 4150s
 10833  8127  948.17571  106   18          -  948.00000      -   114 4155s
 10858  8152  948.17197   99   31          -  948.00000      -   113 4161s
 10870  8150  948.52863   70  256          -  948.00000      -   114 4165s
 10884  8163  948.00000  111   25          -  948.00000      -   114 4170s
 10892  8170  948.00000  110  194          -  948.00000      -   114 4175s
 10909  8187  948.07335   76   20          -  948.00000      -   114 4180s
 10923  8201  948.00000  104   26          -  948.00000      -   114 4185s
 10933  8208  948.26784  114   33          -  948.00000      -   114 4190s
 10943  8218  948.00000  112   27          -  948.00000      -   115 4195s
 10951  8224  948.26784  107   23          -  948.00000      -   115 4200s
 10967  8238  948.26784  119   21          -  948.00000      -   115 4205s
 10978  8246  948.26784  109   31          -  948.00000      -   115 4210s
 10993  8261  948.50711   75   23          -  948.00000      -   115 4215s
 11006  8274  948.26784  116   30          -  948.00000      -   116 4220s
 11018  8274 infeasible   48               -  948.00000      -   116 4225s
 11036  8288  948.07335   77   23          -  948.00000      -   116 4232s
 11052  8302  948.26784  117   20          -  948.00000      -   116 4235s
 11064  8304 infeasible  107               -  948.00000      -   116 4240s
 11074  8300  948.00000   75  289          -  948.00000      -   117 4245s
 11106  8269  948.93939   55  334          -  948.00000      -   117 4251s
 11116  8264 infeasible   96               -  948.00000      -   118 4255s
 11129  8253 infeasible  110               -  948.00000      -   118 4260s
 11150  8270  948.00000   76   21          -  948.00000      -   118 4265s
 11165  8285  948.00000   75   23          -  948.00000      -   118 4270s
 11187  8307  948.00000   80   20          -  948.00000      -   118 4275s
 11203  8323  948.00000   82   31          -  948.00000      -   118 4280s
 11214  8334  948.00000   81   16          -  948.00000      -   118 4287s
 11222  8342  948.00000   79  244          -  948.00000      -   118 4290s
 11239  8359  948.00000   80   14          -  948.00000      -   119 4295s
 11259  8379  948.00000   80   22          -  948.00000      -   119 4300s
 11280  8400  948.00000   77   22          -  948.00000      -   118 4305s
 11303  8423  948.00000   80   19          -  948.00000      -   118 4311s
 11320  8440  948.00000   83   16          -  948.00000      -   118 4315s
 11331  8451  948.00000   84   34          -  948.00000      -   118 4320s
 11348  8468  948.00000   74   29          -  948.00000      -   119 4325s
 11369  8489  948.00000   81   33          -  948.00000      -   119 4330s
 11384  8504  948.00000  113   26          -  948.00000      -   119 4335s
 11399  8517 infeasible   49               -  948.00000      -   119 4340s
 11412  8525  948.26784  111   18          -  948.00000      -   119 4345s
 11430  8541  948.00000   51   40          -  948.00000      -   119 4350s
 11452  8557  948.06888   67  371          -  948.00000      -   119 4355s
 11481  8585  948.00000   82   25          -  948.00000      -   119 4361s
 11505  8605 infeasible   47               -  948.00000      -   119 4365s
 11521  8608  948.42243   25   59          -  948.00000      -   119 4370s
 11534  8613 infeasible  108               -  948.00000      -   119 4375s
 11546  8619  948.00000   52   36          -  948.00000      -   119 4380s
 11567  8640  948.00000   55  101          -  948.00000      -   119 4385s
 11583  8656  948.00000   84   19          -  948.00000      -   119 4390s
 11612  8681  948.00000   82   23          -  948.00000      -   119 4395s
 11636  8691 infeasible   44               -  948.00000      -   119 4400s
 11649  8699  948.00000   51   38          -  948.00000      -   119 4405s
 11664  8712  948.00000   81   19          -  948.00000      -   119 4410s
 11692  8737  948.93939   56  330          -  948.00000      -   119 4415s
 11711  8744 infeasible   48               -  948.00000      -   119 4420s
 11729  8744 infeasible   49               -  948.00000      -   120 4425s
 11748  8745  948.00000   29   24          -  948.00000      -   120 4432s
 11756  8745  948.00000   33   46          -  948.00000      -   120 4436s
 11770  8747 infeasible   42               -  948.00000      -   120 4440s
 11786  8747 infeasible   44               -  948.00000      -   120 4445s
 11802  8747 infeasible   46               -  948.00000      -   120 4450s
 11818  8755 infeasible   32               -  948.00000      -   120 4455s
 11836  8761 infeasible   36               -  948.00000      -   120 4460s
 11846  8769  948.00000   48   39          -  948.00000      -   120 4465s
 11862  8773 infeasible   43               -  948.00000      -   121 4470s
 11876  8767 infeasible   45               -  948.00000      -   121 4475s
 11894  8773  948.00000   53   25          -  948.00000      -   121 4480s
 11917  8782  948.00000   78   28          -  948.00000      -   121 4485s
 11933  8786  948.00000   29   40          -  948.00000      -   121 4490s
 11952  8791 infeasible   42               -  948.00000      -   121 4495s
 11971  8798  948.00000   45   20          -  948.00000      -   121 4500s
 11982  8803  948.00000   46   21          -  948.00000      -   121 4505s
 11998  8807  948.00000   48   23          -  948.00000      -   122 4510s
 12026  8811  948.00000   84   27          -  948.00000      -   122 4515s
 12048  8823 infeasible   86               -  948.00000      -   122 4520s
 12076  8827  948.00000   79   27          -  948.00000      -   122 4525s
 12095  8832  948.00000   86   25          -  948.00000      -   122 4530s
 12110  8835 infeasible   89               -  948.00000      -   122 4535s
 12138  8843  948.00000   89   37          -  948.00000      -   122 4540s
 12159  8844 infeasible   88               -  948.00000      -   122 4545s
 12186  8851  948.00000   76   27          -  948.00000      -   122 4550s
 12211  8856  948.00000   91   18          -  948.00000      -   122 4555s
 12238  8859 infeasible   87               -  948.00000      -   122 4560s
 12264  8867  948.00000   84   26          -  948.00000      -   122 4565s
 12296  8867  948.00000   83   28          -  948.00000      -   122 4570s
 12319  8870  948.00000   75   27          -  948.00000      -   122 4575s
 12346  8875  948.00000   30   72          -  948.00000      -   122 4580s
 12358  8885  948.00000   70  159          -  948.00000      -   122 4585s
 12371  8898  948.03637   41   17          -  948.00000      -   122 4591s
 12386  8907  948.00000   86   39          -  948.00000      -   122 4595s
 12402  8923  948.00000   36   27          -  948.00000      -   122 4600s
 12416  8937  948.71300   25   17          -  948.00000      -   122 4605s
 12436  8957  948.00000   23   30          -  948.00000      -   122 4610s
 12449  8964  948.00000   76   32          -  948.00000      -   122 4615s
 12460  8970  948.03637   39   17          -  948.00000      -   122 4621s
 12469  8977  948.00000   80   64          -  948.00000      -   122 4625s
 12488  8988  948.00000   52   29          -  948.00000      -   122 4630s
 12514  9014  948.17571   95   19          -  948.00000      -   122 4635s
 12532  9031  948.00000   80   36          -  948.00000      -   122 4640s
 12549  9048  948.00000   54   28          -  948.00000      -   122 4646s
 12561  9060  948.00000   84   37          -  948.00000      -   122 4650s
 12572  9071  948.05282   31   27          -  948.00000      -   122 4655s
 12580  9079  948.00000   87   42          -  948.00000      -   123 4660s
 12601  9100  948.05282   45   24          -  948.00000      -   123 4665s
 12615  9113  948.99741   47  343          -  948.00000      -   123 4670s
 12632  9113 infeasible   72               -  948.00000      -   123 4675s
 12645  9124  948.00000   83   25          -  948.00000      -   123 4680s
 12676  9155  948.00000   53   34          -  948.00000      -   123 4685s
 12702  9181  948.00000   60  118          -  948.00000      -   123 4690s
 12726  9201  948.00000   52   25          -  948.00000      -   123 4695s
 12740  9215  948.00000   55   25          -  948.00000      -   123 4700s
 12755  9230  948.00000  119  184          -  948.00000      -   123 4705s
 12771  9245  948.00000   86  231          -  948.00000      -   123 4711s
 12784  9258  948.00000   84   25          -  948.00000      -   123 4715s
 12798  9272  948.09785   85   33          -  948.00000      -   123 4720s
 12812  9286  948.00000   86   37          -  948.00000      -   123 4725s
 12820  9290  948.00000   84  231          -  948.00000      -   123 4730s
 12831  9300  948.00000   93   22          -  948.00000      -   123 4735s
 12849  9318  948.00000  103   23          -  948.00000      -   123 4741s
 12863  9332  948.00000   89   16          -  948.00000      -   123 4745s
 12883  9352  948.00000   85   21          -  948.00000      -   123 4750s
 12905  9374  948.00000   91   19          -  948.00000      -   123 4757s
 12912  9381  948.00000   89   19          -  948.00000      -   123 4760s
 12929  9391  948.99741   45  328          -  948.00000      -   123 4765s
 12942  9402  948.13838   53   37          -  948.00000      -   124 4770s
 12957  9415  948.00000  118  239          -  948.00000      -   124 4775s
 12980  9423  948.75370  113   27          -  948.00000      -   124 4780s
 12994  9427  948.00000   79   39          -  948.00000      -   124 4785s
 13011  9442 infeasible   94               -  948.00000      -   124 4790s
 13037  9446 infeasible   94               -  948.00000      -   124 4795s
 13068  9457  948.00000   94   21          -  948.00000      -   124 4800s
 13084  9469  948.00000   69   42          -  948.00000      -   124 4805s
 13115  9500  948.00000   70   37          -  948.00000      -   123 4810s
 13141  9524  948.00000   72   23          -  948.00000      -   123 4815s
 13161  9542  948.00000  116  231          -  948.00000      -   123 4820s
 13172  9553  948.00000   71   18          -  948.00000      -   123 4825s
 13184  9557 infeasible  105               -  948.00000      -   124 4830s
 13202  9563 infeasible   52               -  948.00000      -   124 4835s
 13218  9575  948.99741   45  327          -  948.00000      -   124 4840s
 13236  9583  948.00000   74   38          -  948.00000      -   124 4845s
 13255  9598  948.00000   70   17          -  948.00000      -   124 4850s
 13266  9607  948.00102   82  312          -  948.00000      -   124 4855s
 13283  9622  948.00000  113   25          -  948.00000      -   124 4861s
 13302  9638  948.00000   69   18          -  948.00000      -   124 4865s
 13328  9654  948.00000   37   20          -  948.00000      -   124 4870s
 13350  9676  948.00000   49   20          -  948.00000      -   124 4877s
 13358  9684  948.00000   79   18          -  948.00000      -   124 4880s
 13371  9697  948.00000   83   17          -  948.00000      -   124 4885s
 13385  9711  948.00000   83   17          -  948.00000      -   124 4890s
 13393  9719  948.00000   86   18          -  948.00000      -   124 4895s
 13407  9733  948.00000   76   18          -  948.00000      -   125 4900s
 13420  9746  948.00000   77   32          -  948.00000      -   125 4905s
 13434  9760  948.00000   49   16          -  948.00000      -   125 4910s
 13441  9767  948.00000   89   30          -  948.00000      -   125 4915s
 13457  9781  948.00000   89   20          -  948.00000      -   125 4920s
 13486  9810  948.00000   29   45          -  948.00000      -   125 4925s
 13504  9826  948.00000   36   16          -  948.00000      -   125 4930s
 13527  9849  948.00000   83   19          -  948.00000      -   125 4935s
 13553  9875  948.00000   82   33          -  948.00000      -   125 4940s
 13570  9892  948.00000   36   16          -  948.00000      -   125 4945s
 13602  9924  948.00000   33   24          -  948.00000      -   125 4950s
 13617  9933  948.00000   85   21          -  948.00000      -   125 4955s
 13650  9960  948.00000   83   31          -  948.00000      -   124 4960s
 13675  9969  948.00000  123  229          -  948.00000      -   124 4965s
 13698  9982 infeasible   97               -  948.00000      -   124 4970s
 13706  9984  948.00000   73   34          -  948.00000      -   125 4975s
 13719  9997  948.00000   31   39          -  948.00000      -   124 4980s
 13748 10026  948.00000   37   21          -  948.00000      -   124 4985s
 13772 10049  948.00000   35   22          -  948.00000      -   124 4990s
 13795 10071  948.00000   31   21          -  948.00000      -   124 4997s
 13808 10084  948.00000   32   49          -  948.00000      -   124 5000s
 13819 10095  948.00000   34   40          -  948.00000      -   124 5062s
 13831 10107  948.17381   36   28          -  948.00000      -   124 5065s
 13861 10137  948.17381   35   45          -  948.00000      -   123 5070s
 13884 10160  948.00000   38   20          -  948.00000      -   123 5077s
 13900 10176  948.00000   38   20          -  948.00000      -   123 5080s
 13929 10205  948.00000   52   27          -  948.00000      -   123 5085s
 13954 10230  948.00000   56   27          -  948.00000      -   123 5090s
 13973 10249  948.00000   57   27          -  948.00000      -   122 5095s
 13994 10270  948.00000   57   27          -  948.00000      -   122 5100s
 14024 10300  948.00000   58   26          -  948.00000      -   122 5105s
 14051 10327  948.00000   55   27          -  948.00000      -   122 5110s
 14067 10343  948.00000   58   28          -  948.00000      -   122 5115s
 14096 10372  948.00000   54   35          -  948.00000      -   121 5122s
 14114 10390  948.00000   53   29          -  948.00000      -   121 5125s
 14145 10421  948.00000   53   43          -  948.00000      -   121 5130s
 14156 10432  948.00000   55   33          -  948.00000      -   121 5135s
 14186 10462  948.00000   55   28          -  948.00000      -   121 5140s
 14214 10490  948.00000   56   33          -  948.00000      -   121 5145s
 14240 10516  948.00000   57   27          -  948.00000      -   120 5151s
 14259 10535  948.00000   59   27          -  948.00000      -   120 5155s
 14289 10565  948.00000   55   27          -  948.00000      -   120 5160s
 14319 10595  948.00000   58   28          -  948.00000      -   120 5165s
 14335 10611  948.00000   36   26          -  948.00000      -   120 5170s
 14365 10641  948.00000   35   27          -  948.00000      -   119 5175s
 14384 10660  948.17381   34   34          -  948.00000      -   119 5180s
 14414 10690  948.00000   37   27          -  948.00000      -   119 5185s
 14430 10706  948.00000   40   27          -  948.00000      -   119 5190s
 14459 10735  948.00000   49   45          -  948.00000      -   119 5195s
 14480 10756  948.00000   53   28          -  948.00000      -   118 5200s
 14507 10783  948.00000   57   26          -  948.00000      -   118 5206s
 14523 10799  948.00000   40   27          -  948.00000      -   118 5210s
 14547 10823  948.00000   39   27          -  948.00000      -   118 5215s
 14577 10853  948.00000   41   27          -  948.00000      -   118 5220s
 14596 10872  948.00000   40   45          -  948.00000      -   118 5226s
 14617 10893  948.00000   43   45          -  948.00000      -   117 5230s
 14636 10912  948.00000   47   45          -  948.00000      -   117 5235s
 14659 10935  948.00000   39   26          -  948.00000      -   117 5240s
 14685 10961  948.00000   51   29          -  948.00000      -   117 5246s
 14702 10978  948.00000   48   39          -  948.00000      -   117 5250s
 14733 11009  948.00000   42   28          -  948.00000      -   117 5255s
 14763 11039  948.00000   34   27          -  948.00000      -   116 5260s
 14777 11053  948.00000   54   29          -  948.00000      -   116 5265s
 14798 11074  948.17381   55   28          -  948.00000      -   116 5270s
 14823 11099  948.00000   51   45          -  948.00000      -   116 5275s
 14851 11127  948.17381   52   28          -  948.00000      -   116 5280s
 14863 11139  948.17381   51   35          -  948.00000      -   116 5285s
 14887 11163  948.00000   40   27          -  948.00000      -   116 5290s
 14916 11192  948.00000   45   45          -  948.00000      -   115 5295s
 14944 11220  948.00000   50   26          -  948.00000      -   115 5300s
 14960 11236  948.00000   48   27          -  948.00000      -   115 5305s
 14989 11265  948.00000   49   27          -  948.00000      -   115 5310s
 15018 11294  948.17381   36   35          -  948.00000      -   115 5315s
 15041 11317  948.00000   49   33          -  948.00000      -   115 5321s
 15060 11336  948.00000   50   26          -  948.00000      -   115 5325s
 15088 11364  948.17381   47   35          -  948.00000      -   115 5330s
 15117 11393  948.17381   43   35          -  948.00000      -   114 5335s
 15134 11410  948.00000   54   26          -  948.00000      -   114 5340s
 15164 11440  948.00000   52   27          -  948.00000      -   114 5345s
 15194 11470  948.00000   45   39          -  948.00000      -   114 5350s
 15219 11495  948.00000   51   26          -  948.00000      -   114 5356s
 15238 11514  948.00000   42   43          -  948.00000      -   114 5360s
 15267 11543  948.00000   44   45          -  948.00000      -   113 5365s
 15295 11571  948.17381   46   35          -  948.00000      -   113 5370s
 15303 11579  948.00000   44   27          -  948.00000      -   113 5380s
 15318 11594  948.00000   42   27          -  948.00000      -   113 5385s
 15348 11624  948.00000   47   26          -  948.00000      -   113 5390s
 15377 11653  948.00000   48   28          -  948.00000      -   113 5395s
 15397 11673  948.17381   42   35          -  948.00000      -   113 5401s
 15419 11695  948.00000   46   26          -  948.00000      -   113 5405s
 15448 11724  948.00000   36   45          -  948.00000      -   112 5410s
 15478 11754  948.17381   39   29          -  948.00000      -   112 5415s
 15492 11768  948.00000   39   43          -  948.00000      -   112 5420s
 15509 11785  948.00000   37   27          -  948.00000      -   112 5425s
 15538 11814  948.00000   40   33          -  948.00000      -   112 5430s
 15565 11841  948.00000   39   39          -  948.00000      -   112 5435s
 15581 11857  948.00000   38   28          -  948.00000      -   112 5440s
 15608 11884  948.00000   47   26          -  948.00000      -   112 5445s
 15638 11914  948.00000   39   33          -  948.00000      -   111 5450s
 15664 11940  948.00000   47   26          -  948.00000      -   111 5456s
 15682 11958  948.00000   47   28          -  948.00000      -   111 5460s
 15712 11988  948.00000   53   27          -  948.00000      -   111 5465s
 15741 12017  948.00000   53   26          -  948.00000      -   111 5470s
 15756 12032  948.17381   52   29          -  948.00000      -   111 5475s
 15785 12061  948.00000   39   27          -  948.00000      -   111 5480s
 15815 12091  948.00000   43   27          -  948.00000      -   110 5485s
 15842 12118  948.00000   54   20          -  948.00000      -   110 5492s
 15858 12134  948.00000   49   20          -  948.00000      -   110 5495s
 15888 12164  948.00000   45   21          -  948.00000      -   110 5500s
 15918 12194  948.00000   46   39          -  948.00000      -   110 5505s
 15932 12208  948.00000   38   21          -  948.00000      -   110 5510s
 15962 12238  948.00000   47   39          -  948.00000      -   109 5515s
 15993 12269  948.00000   36   27          -  948.00000      -   109 5520s
 16020 12296  948.00000   41   22          -  948.00000      -   109 5526s
 16043 12319  948.00000   42   20          -  948.00000      -   109 5530s
 16073 12349  948.00000   44   22          -  948.00000      -   109 5535s
 16104 12380  948.00000   57   22          -  948.00000      -   108 5540s
 16119 12395  948.00000   49   21          -  948.00000      -   108 5545s
 16149 12425  948.00000   45   22          -  948.00000      -   108 5550s
 16180 12456  948.00000   41   27          -  948.00000      -   108 5555s
 16198 12474  948.00000   38   28          -  948.00000      -   108 5561s
 16221 12497  948.00000   38   28          -  948.00000      -   108 5565s
 16252 12528  948.00000   47   28          -  948.00000      -   107 5570s
 16282 12558  948.00000   40   27          -  948.00000      -   107 5575s
 16298 12574  948.00000   49   26          -  948.00000      -   107 5580s
 16328 12604  948.00000   38   27          -  948.00000      -   107 5585s
 16357 12633  948.00000   40   28          -  948.00000      -   107 5590s
 16376 12652  948.00000   41   28          -  948.00000      -   107 5595s
 16403 12679  948.17381   38   28          -  948.00000      -   107 5600s
 16421 12697  948.00000   39   27          -  948.00000      -   107 5605s
 16451 12727  948.00000   43   21          -  948.00000      -   106 5610s
 16466 12742  948.00000   46   21          -  948.00000      -   106 5615s
 16486 12762  948.00000   30   41          -  948.00000      -   106 5620s
 16515 12791  948.17381   34   33          -  948.00000      -   106 5625s
 16541 12817  948.00000   34   35          -  948.00000      -   106 5630s
 16554 12830  948.00000   37   35          -  948.00000      -   106 5635s
 16580 12856  948.00000   30   23          -  948.00000      -   106 5641s
 16601 12877  948.00000   33   42          -  948.00000      -   106 5645s
 16627 12903  948.17381   35   33          -  948.00000      -   105 5650s
 16643 12919  948.00000   37   21          -  948.00000      -   105 5655s
 16671 12947  948.00000   37   21          -  948.00000      -   105 5660s
 16693 12969  948.94142   27  107          -  948.00000      -   105 5665s
 16711 12986  948.00000   35   38          -  948.00000      -   105 5670s
 16732 13005  948.00000   35   43          -  948.00000      -   105 5676s
 16748 13021  948.00000   37   43          -  948.00000      -   105 5680s
 16778 13051  948.00000   35   41          -  948.00000      -   105 5685s
 16796 13069  948.00000   36   41          -  948.00000      -   105 5690s
 16821 13094  948.00000   41   21          -  948.00000      -   104 5698s
 16830 13103  948.00000   44   21          -  948.00000      -   104 5700s
 16850 13123  948.00000   27   22          -  948.00000      -   104 5705s
 16865 13137  948.00000   33   22          -  948.00000      -   104 5710s
 16892 13164  948.17381   35   53          -  948.00000      -   104 5715s
 16910 13182  948.00000   38   22          -  948.00000      -   104 5720s
 16933 13205  948.00000   42   21          -  948.00000      -   104 5725s
 16958 13226  948.00000   52  111          -  948.00000      -   104 5731s
 16978 13244  948.68490   35   73          -  948.00000      -   104 5735s
 16987 13249  948.55056   29   80          -  948.00000      -   104 5740s
 16997 13258  948.37401   38   65          -  948.00000      -   104 5745s
 17002 13261  948.37401   40   81          -  948.00000      -   104 5750s
 17015 13274  948.00426   77   84          -  948.00000      -   105 5755s
 17032 13291  948.00000   83   32          -  948.00000      -   105 5760s
 17065 13324  948.00000   71   18          -  948.00000      -   105 5765s
 17088 13347  948.00000   89   40          -  948.00000      -   104 5773s
 17098 13357  948.00000   88   34          -  948.00000      -   104 5775s
 17124 13383  948.55841   81  245          -  948.00000      -   104 5780s
 17152 13411  948.00000   70   18          -  948.00000      -   104 5785s
 17174 13433  948.00000   73   35          -  948.00000      -   104 5790s
 17200 13459  948.00000   79   30          -  948.00000      -   104 5795s
 17228 13487  948.00000   88   31          -  948.00000      -   104 5801s
 17250 13509  948.00000   89   30          -  948.00000      -   104 5805s
 17266 13525  948.00000   82   31          -  948.00000      -   104 5810s
 17288 13547  948.00000   81   30          -  948.00000      -   104 5815s
 17312 13571  948.13615   38   47          -  948.00000      -   104 5820s
 17324 13583  948.00000   82   21          -  948.00000      -   104 5825s
 17337 13596  948.10261   86   90          -  948.00000      -   104 5830s
 17355 13606  948.17381   39   36          -  948.00000      -   104 5837s
 17368 13619  948.17381   35   36          -  948.00000      -   104 5840s
 17391 13642  948.17381   34   50          -  948.00000      -   104 5845s
 17410 13661  948.17381   51   29          -  948.00000      -   104 5850s
 17429 13680  948.17381   41   45          -  948.00000      -   104 5855s
 17444 13695  948.17381   42   57          -  948.00000      -   104 5865s
 17462 13713  948.17381   49   34          -  948.00000      -   105 5870s
 17481 13732  948.13615   38   54          -  948.00000      -   105 5875s
 17490 13741  948.13615   40   70          -  948.00000      -   105 5880s
 17505 13746 infeasible   38               -  948.00000      -   105 5885s
 17533 13774  948.17381   31   33          -  948.00000      -   105 5892s
 17544 13785  948.09972   38   23          -  948.00000      -   105 5895s
 17565 13806  948.09972   35   22          -  948.00000      -   105 5900s
 17590 13831  948.10261   77   91          -  948.00000      -   105 5905s
 17606 13847  948.17381   42   38          -  948.00000      -   105 5911s
 17622 13857  948.00000  122  251          -  948.00000      -   105 5918s
 17629 13862  948.93939   56  333          -  948.00000      -   105 5920s
 17650 13883  948.17381   54   29          -  948.00000      -   105 5925s
 17670 13901 infeasible   50               -  948.00000      -   105 5930s
 17687 13916  948.00000   91   14          -  948.00000      -   106 5935s
 17707 13936  948.00000  124  246          -  948.00000      -   106 5940s
 17720 13944  948.09972   47   20          -  948.00000      -   106 5945s
 17746 13970  948.00000  109   21          -  948.00000      -   106 5950s
 17766 13987  948.23933  114   18          -  948.00000      -   106 5955s
 17769 13987  948.23933  121   22          -  948.00000      -   106 5960s
 17775 13987  948.23933  109   20          -  948.00000      -   106 5965s
 17782 13989  948.23933  115   20          -  948.00000      -   106 5970s
 17792 13994  948.00000  120   19          -  948.00000      -   107 5975s
 17802 14003  948.00000  115   20          -  948.00000      -   107 5980s
 17819 14015  948.00000   26   23          -  948.00000      -   107 5985s
 17845 14041  948.00000   28   40          -  948.00000      -   106 5990s
 17873 14069  948.00000   28   40          -  948.00000      -   106 5995s
 17886 14082  948.00000   33   22          -  948.00000      -   106 6000s
 17902 14098  948.00000   30   22          -  948.00000      -   106 6005s
 17929 14125  948.39379   32  265          -  948.00000      -   106 6010s
 17943 14139  948.00000   33   27          -  948.00000      -   106 6015s
 17971 14167  948.00000   34   28          -  948.00000      -   106 6020s
 17981 14177  948.00000   31   34          -  948.00000      -   106 6025s
 18009 14205  948.00000   32   44          -  948.00000      -   106 6030s
 18037 14233  948.00000   36   44          -  948.00000      -   105 6035s
 18056 14252  948.00000   40   28          -  948.00000      -   105 6040s
 18068 14264  948.00000   40   27          -  948.00000      -   105 6045s
 18097 14293  948.00000   37   27          -  948.00000      -   105 6050s
 18127 14323  948.00000   38   46          -  948.00000      -   105 6055s
 18154 14350  948.00000   49   27          -  948.00000      -   105 6060s
 18168 14364  948.00000   45   27          -  948.00000      -   105 6065s
 18197 14393  948.00000   47   30          -  948.00000      -   105 6070s
 18212 14408  948.00000   44   46          -  948.00000      -   104 6075s
 18242 14438  948.00000   38   27          -  948.00000      -   104 6080s
 18254 14450  948.00000   30   46          -  948.00000      -   104 6085s
 18279 14475  948.00000   45   46          -  948.00000      -   104 6090s
 18309 14505  948.00000   42   28          -  948.00000      -   104 6095s
 18334 14530  948.00000   32   44          -  948.00000      -   104 6102s
 18351 14547  948.00000   36   27          -  948.00000      -   104 6105s
 18380 14576  948.00000   45   28          -  948.00000      -   103 6110s
 18409 14605  948.00000   37   46          -  948.00000      -   103 6115s
 18423 14619  948.00000   50   27          -  948.00000      -   103 6120s
 18450 14646  948.00000   53   29          -  948.00000      -   103 6125s
 18478 14674  948.00000   33   46          -  948.00000      -   103 6130s
 18508 14704  948.00000   46   29          -  948.00000      -   103 6135s
 18518 14714  948.00000   32   28          -  948.00000      -   103 6140s
 18546 14742  948.00000   43   27          -  948.00000      -   103 6145s
 18574 14770  948.00000   35   28          -  948.00000      -   102 6150s
 18601 14797  948.00000   39   29          -  948.00000      -   102 6157s
 18614 14810  948.00000   42   28          -  948.00000      -   102 6160s
 18643 14839  948.00000   49   29          -  948.00000      -   102 6165s
 18672 14868  948.00000   42   28          -  948.00000      -   102 6170s
 18690 14886  948.00000   45   27          -  948.00000      -   102 6175s
 18715 14911  948.00000   48   27          -  948.00000      -   102 6180s
 18743 14939  948.00000   48   28          -  948.00000      -   102 6185s
 18773 14969  948.00000   40   27          -  948.00000      -   101 6190s
 18784 14980  948.00000   44   27          -  948.00000      -   101 6195s
 18814 15010  948.00000   47   27          -  948.00000      -   101 6200s
 18843 15039  948.00000   37   29          -  948.00000      -   101 6205s
 18868 15064  948.00000   45   28          -  948.00000      -   101 6212s
 18884 15080  948.00000   40   27          -  948.00000      -   101 6215s
 18913 15109  948.00000   46   44          -  948.00000      -   101 6220s
 18944 15140  948.00000   35   44          -  948.00000      -   100 6225s
 18957 15153  948.00000   39   29          -  948.00000      -   100 6230s
 18985 15181  948.00000   40   29          -  948.00000      -   100 6235s
 19015 15211  948.00000   47   28          -  948.00000      -   100 6240s
 19044 15240  948.00000   40   29          -  948.00000      -   100 6245s
 19057 15253  948.00000   51   27          -  948.00000      -   100 6250s
 19083 15279  948.00000   49   29          -  948.00000      -   100 6255s
 19113 15309  948.00000   47   28          -  948.00000      -   100 6260s
 19135 15331  948.00000   52   28          -  948.00000      -   100 6266s
 19154 15350  948.00000   35   28          -  948.00000      -  99.4 6270s
 19182 15378  948.00000   43   27          -  948.00000      -  99.3 6275s
 19212 15408  948.00000   47   28          -  948.00000      -  99.1 6280s
 19224 15420  948.00000   42   28          -  948.00000      -  99.0 6285s
 19250 15446  948.00000   40   27          -  948.00000      -  98.9 6290s
 19279 15475  948.00000   45   28          -  948.00000      -  98.8 6295s
 19309 15505  948.00000   44   28          -  948.00000      -  98.6 6300s
 19318 15514  948.00000   51   27          -  948.00000      -  98.6 6305s
 19348 15544  948.00000   36   27          -  948.00000      -  98.4 6310s
 19378 15574  948.00000   39   29          -  948.00000      -  98.3 6315s
 19402 15598  948.00000   53   29          -  948.00000      -  98.2 6322s
 19415 15611  948.00000   51   30          -  948.00000      -  98.1 6325s
 19444 15640  948.00000   50   28          -  948.00000      -  98.0 6330s
 19473 15669  948.00000   36   29          -  948.00000      -  97.8 6335s
 19491 15687  948.00000   48   27          -  948.00000      -  97.7 6340s
 19516 15712  948.00000   51   28          -  948.00000      -  97.6 6345s
 19545 15741  948.00000   51   28          -  948.00000      -  97.5 6350s
 19559 15755  948.00000   47   46          -  948.00000      -  97.4 6355s
 19580 15776  948.00000   50   44          -  948.00000      -  97.3 6361s
 19602 15798  948.00000   54   28          -  948.00000      -  97.2 6365s
 19626 15822  948.00000   52   28          -  948.00000      -  97.1 6370s
 19656 15852  948.00000   56   27          -  948.00000      -  96.9 6375s
 19669 15865  948.00000   50   28          -  948.00000      -  96.9 6380s
 19696 15892  948.00000   54   28          -  948.00000      -  96.8 6385s
 19724 15920  948.00000   53   44          -  948.00000      -  96.6 6390s
 19753 15949  948.00000   53   28          -  948.00000      -  96.5 6395s
 19764 15960  948.00000   53   28          -  948.00000      -  96.4 6400s
 19794 15990  948.00000   52   28          -  948.00000      -  96.3 6405s
 19823 16019  948.00000   56   29          -  948.00000      -  96.1 6410s
 19847 16043  948.00000   59   28          -  948.00000      -  96.0 6417s
 19863 16059  948.00000   28   23          -  948.00000      -  96.0 6420s
 19875 16071  948.00000   28   38          -  948.00000      -  95.9 6425s
 19904 16100  948.00000   34   22          -  948.00000      -  95.8 6430s
 19931 16127  948.00000   35   22          -  948.00000      -  95.7 6435s
 19946 16142  948.00000   27   22          -  948.00000      -  95.6 6440s
 19975 16171  948.00000   29   40          -  948.00000      -  95.5 6445s
 19989 16185  948.00000   28   22          -  948.00000      -  95.4 6450s
 20017 16213  948.00000   31   41          -  948.00000      -  95.3 6455s
 20029 16225  948.00000   33   41          -  948.00000      -  95.2 6460s
 20048 16244  948.00000   33   28          -  948.00000      -  95.1 6465s
 20078 16274  948.00000   36   21          -  948.00000      -  95.0 6470s
 20106 16302  948.00000   36   28          -  948.00000      -  94.9 6475s
 20118 16314  948.00000   34   21          -  948.00000      -  94.8 6480s
 20144 16340  948.00000   31   35          -  948.00000      -  94.7 6485s
 20170 16366  948.12419   34  288          -  948.00000      -  94.6 6490s
 20197 16393  948.00000   37   22          -  948.00000      -  94.5 6495s
 20203 16399  948.00000   38   21          -  948.00000      -  94.5 6500s
 20226 16422  948.00000   30   56          -  948.00000      -  94.4 6505s
 20253 16449  948.00000   32   56          -  948.00000      -  94.3 6510s
 20275 16471  948.00000   36  312          -  948.00000      -  94.3 6515s
 20292 16488  948.00000   34   21          -  948.00000      -  94.2 6520s
 20311 16507  948.00000   36   21          -  948.00000      -  94.1 6525s
 20337 16533  948.12419   36  289          -  948.00000      -  94.1 6530s
 20360 16556  948.12419   37  288          -  948.00000      -  94.0 6536s
 20380 16576  948.00000   37   21          -  948.00000      -  94.0 6540s
 20389 16585  948.00000   39   21          -  948.00000      -  93.9 6545s
 20404 16600  948.00000   40   39          -  948.00000      -  93.9 6556s
 20421 16617  948.15878   83   28          -  948.00000      -  93.8 6560s
 20429 16619  948.23933  115   18          -  948.00000      -  94.0 6565s
 20443 16627  948.00000   78   18          -  948.00000      -  94.1 6570s
 20464 16648  948.00000   78  238          -  948.00000      -  94.1 6575s
 20470 16654  948.00000   71  302          -  948.00000      -  94.0 6580s
 20490 16674  948.00000   79   20          -  948.00000      -  94.0 6585s
 20512 16696  948.00000   72  250          -  948.00000      -  94.0 6590s
 20533 16717  948.00000   63   17          -  948.00000      -  94.0 6595s
 20557 16741  948.00000   76   22          -  948.00000      -  93.9 6600s
 20570 16754  948.00000   75   22          -  948.00000      -  93.9 6605s
 20580 16764  948.00000   77   34          -  948.00000      -  93.9 6610s
 20599 16782  948.23933  114   20          -  948.00000      -  94.0 6615s
 20616 16798  948.12419   32  294          -  948.00000      -  94.0 6620s
 20630 16812  948.12419   35  294          -  948.00000      -  94.1 6626s
 20642 16823  948.00000   75   42          -  948.00000      -  94.2 6630s
 20649 16830  948.12419   41  287          -  948.00000      -  94.3 6635s
 20665 16840 infeasible   98               -  948.00000      -  94.4 6640s
 20683 16856  948.00000   40   29          -  948.00000      -  94.5 6645s
 20685 16857  948.23933  117   20          -  948.00000      -  94.5 6652s
 20690 16859  948.00000   60   40          -  948.00000      -  94.6 6655s
 20708 16877  948.00000   79   20          -  948.00000      -  94.7 6660s
 20723 16890  948.00000   46   30          -  948.00000      -  94.7 6665s
 20737 16902  948.00000   71   19          -  948.00000      -  94.8 6672s
 20744 16907  948.00000   33  329          -  948.00000      -  94.8 6675s
 20765 16926 infeasible   55               -  948.00000      -  94.9 6680s
 20782 16941  948.11229   35  359          -  948.00000      -  95.0 6685s
 20793 16952  948.12419   32  288          -  948.00000      -  95.1 6690s
 20806 16965  948.12419   31  288          -  948.00000      -  95.2 6695s
 20823 16980  948.12419   34  293          -  948.00000      -  95.3 6700s
 20831 16988  948.12419   33  288          -  948.00000      -  95.3 6705s
 20847 17004  948.17381   40   28          -  948.00000      -  95.4 6711s
 20859 17014  948.00000   94   18          -  948.00000      -  95.6 6715s
 20873 17025  948.23933  117   19          -  948.00000      -  95.6 6720s
 20880 17027  948.00000   98   33          -  948.00000      -  95.8 6725s
 20898 17045  948.00000   29   57          -  948.00000      -  95.9 6730s
 20902 17049  948.00000   33  309          -  948.00000      -  95.9 6843s
 20909 17056  948.00000   31   69          -  948.00000      -  95.9 6845s
 20917 17064  948.00000   31  314          -  948.00000      -  96.0 6850s
 20938 17080  948.09972   58   22          -  948.00000      -  96.0 6855s
 20955 17097  948.00000   37  309          -  948.00000      -  96.1 6861s
 20970 17112  948.00000   35   27          -  948.00000      -  96.1 6865s
 20994 17136  948.00000   31  108          -  948.00000      -  96.2 6870s
 21004 17146  948.00000   38   21          -  948.00000      -  96.3 6875s
 21026 17168  948.00000   36   21          -  948.00000      -  96.4 6880s
 21050 17192  948.17381   36   44          -  948.00000      -  96.5 6885s
 21071 17213  948.00000   34   19          -  948.00000      -  96.5 6890s
 21093 17235  948.00000   32   37          -  948.00000      -  96.5 6896s
 21109 17251  948.15878   84   26          -  948.00000      -  96.5 6900s
 21128 17262  948.09972   40   28          -  948.00000      -  96.6 6905s
 21151 17285  948.09972   59   30          -  948.00000      -  96.7 6910s
 21171 17305  948.09972   56   27          -  948.00000      -  96.7 6915s
 21182 17316  948.09972   51   26          -  948.00000      -  96.7 6920s
 21203 17337  948.09972   50   26          -  948.00000      -  96.8 6925s
 21227 17361  948.09972   50   28          -  948.00000      -  96.8 6930s
 21249 17383  948.09972   43   28          -  948.00000      -  96.9 6935s
 21270 17404  948.09972   54   26          -  948.00000      -  96.9 6940s
 21280 17414  948.09972   54   26          -  948.00000      -  96.9 6945s
 21302 17433  948.23007  119   16          -  948.00000      -  97.0 6950s
 21321 17448  948.00000  116   17          -  948.00000      -  97.0 6955s
 21336 17463  948.23007  124   18          -  948.00000      -  97.1 6960s
 21354 17475  948.23007  124   22          -  948.00000      -  97.2 6965s
 21361 17482  948.00000  125   18          -  948.00000      -  97.2 6970s
 21376 17493  948.00000  115   20          -  948.00000      -  97.3 6975s
 21387 17504  948.00000  115   22          -  948.00000      -  97.3 6981s
 21401 17517  948.00000  121   18          -  948.00000      -  97.3 6985s
 21421 17536  948.78446  115   28          -  948.00000      -  97.3 6990s
 21437 17551  948.23008  121   24          -  948.00000      -  97.4 6995s
 21449 17563  948.00000  116   18          -  948.00000      -  97.4 7001s
 21461 17575  948.00000  122   20          -  948.00000      -  97.4 7005s
 21481 17595  948.00000  115   18          -  948.00000      -  97.5 7010s
 21493 17606  948.00000  111   18          -  948.00000      -  97.5 7015s
 21495 17608  948.00000  108   19          -  948.00000      -  97.6 7020s
 21503 17616  948.00000  129   18          -  948.00000      -  97.7 7025s
 21510 17623  948.00000  123   19          -  948.00000      -  97.9 7030s
 21519 17632  948.00000   44   17          -  948.00000      -  98.0 7035s
 21528 17641  948.00000   32  127          -  948.00000      -  98.0 7040s
 21538 17651  948.00000   58   26          -  948.00000      -  98.0 7047s
 21548 17657 infeasible   50               -  948.00000      -  98.0 7050s
 21557 17664  948.00000   75   18          -  948.00000      -  98.1 7055s
 21579 17684  948.00000   83   38          -  948.00000      -  98.0 7060s
 21599 17702  948.00000   66   17          -  948.00000      -  98.0 7065s
 21619 17722  948.00000   64   19          -  948.00000      -  97.9 7070s
 21627 17729  948.00000   62   27          -  948.00000      -  97.9 7075s
 21650 17746 infeasible   64               -  948.00000      -  97.9 7080s
 21659 17755  948.55282   65   53          -  948.00000      -  97.9 7085s
 21685 17779  948.00000   87   22          -  948.00000      -  97.8 7090s
 21704 17798  948.00000   75   16          -  948.00000      -  97.8 7095s
 21716 17810  948.00000   73   18          -  948.00000      -  97.8 7102s
 21728 17822  948.00000   86   40          -  948.00000      -  97.7 7105s
 21748 17842  948.00000   82   23          -  948.00000      -  97.7 7110s
 21769 17861  948.55282   81   25          -  948.00000      -  97.7 7115s
 21786 17878  948.00000   74   18          -  948.00000      -  97.7 7120s
 21805 17896  948.00000   83   23          -  948.00000      -  97.7 7127s
 21816 17907  948.00000   75   18          -  948.00000      -  97.7 7130s
 21838 17928  948.00000   81   24          -  948.00000      -  97.7 7135s
 21860 17950  948.55282   87   50          -  948.00000      -  97.7 7140s
 21873 17960  948.00000   77   16          -  948.00000      -  97.6 7145s
 21893 17978  948.00000   79   38          -  948.00000      -  97.6 7150s
 21898 17983  948.00000   83   23          -  948.00000      -  97.6 7155s
 21919 18004  948.00000   75   18          -  948.00000      -  97.6 7160s
 21942 18024  948.00000   77   16          -  948.00000      -  97.5 7165s
 21959 18041  948.17381   54   29          -  948.00000      -  97.7 7170s
 21979 18061  948.17381   39   29          -  948.00000      -  97.9 7175s
 21983 18065  948.17381   49   29          -  948.00000      -  97.9 7182s
 21992 18074  948.17381   41   45          -  948.00000      -  98.0 7185s
 22007 18089  948.09972   38   26          -  948.00000      -  98.1 7190s
 22023 18105  948.09972   44   28          -  948.00000      -  98.2 7195s
 22035 18117  948.00000  118   20          -  948.00000      -  98.3 7200s
 22044 18122  948.17381   54   46          -  948.00000      -  98.4 7205s
 22062 18140  948.17381   49   29          -  948.00000      -  98.6 7210s
 22072 18148  948.58574   76   21          -  948.00000      -  98.6 7216s
 22087 18152 infeasible   51               -  948.00000      -  98.7 7220s
 22105 18151  948.00000   83   37          -  948.00000      -  98.8 7225s
 22132 18178  948.29795   87   19          -  948.00000      -  98.8 7230s
 22146 18191  948.58574   80   21          -  948.00000      -  98.9 7235s
 22161 18206  948.00000   47   11          -  948.00000      -  98.9 7243s
 22165 18208  948.00000   30   17          -  948.00000      -  98.9 7245s
 22190 18229  948.00000   35   96          -  948.00000      -  98.9 7250s
 22214 18250  948.00000   90   13          -  948.00000      -  98.9 7255s
 22239 18273  948.00000   32   21          -  948.00000      -  98.9 7260s
 22255 18289  948.00000   51   30          -  948.00000      -  98.9 7265s
 22268 18300  948.17381   53   34          -  948.00000      -  98.9 7270s
 22284 18296  948.13615   34   45          -  948.00000      -  99.1 7275s
 22293 18305  948.13615   29   67          -  948.00000      -  99.2 7280s
 22308 18310  948.55281   83   28          -  948.00000      -  99.4 7285s
 22316 18312  948.55282   75   36          -  948.00000      -  99.4 7290s
 22328 18323  948.00791   77   37          -  948.00000      -   100 7295s
 22339 18331  948.10558   62   18          -  948.00000      -   100 7301s
 22354 18343  948.09972   42   22          -  948.00000      -   100 7305s
 22374 18363  948.09972   50   20          -  948.00000      -   100 7310s
 22403 18392  948.09972   58   28          -  948.00000      -   100 7315s
 22428 18417  948.09972   44   21          -  948.00000      -   100 7322s
 22444 18433  948.09972   42   20          -  948.00000      -   100 7325s
 22474 18463  948.09972   49   20          -  948.00000      -   100 7330s
 22506 18495  948.09972   49   21          -  948.00000      -   100 7335s
 22517 18506  948.09972   47   20          -  948.00000      -   100 7340s
 22528 18517  948.09972   52   21          -  948.00000      -   100 7345s
 22558 18547  948.09972   40   21          -  948.00000      -   100 7350s
 22583 18572  948.09972   50   21          -  948.00000      -  99.5 7355s
 22606 18595  948.09972   55   21          -  948.00000      -  99.5 7362s
 22628 18617  948.09972   46   22          -  948.00000      -  99.4 7365s
 22636 18625  948.09972   45   20          -  948.00000      -  99.4 7370s
 22663 18652  948.09972   55   20          -  948.00000      -  99.5 7375s
 22691 18680  948.09972   48   21          -  948.00000      -   100 7380s
 22697 18686  948.09972   46   21          -  948.00000      -   100 7385s
 22724 18713  948.09972   50   29          -  948.00000      -   100 7390s
 22744 18733  948.09972   43   27          -  948.00000      -   100 7397s
 22757 18746  948.09972   47   27          -  948.00000      -   100 7400s
 22781 18770  948.09972   50   27          -  948.00000      -   100 7405s
 22792 18781  948.09972   46   21          -  948.00000      -   100 7410s
 22817 18806  948.09972   59   20          -  948.00000      -   100 7415s
 22847 18835  948.58574   75   21          -  948.00000      -   100 7420s
 22866 18851  948.00000   37   24          -  948.00000      -   100 7425s
 22873 18858  948.29795   76   20          -  948.00000      -   100 7430s
 22883 18856  948.12419   32  289          -  948.00000      -   100 7435s
 22896 18865  948.09972   36   46          -  948.00000      -   100 7440s
 22917 18886  948.09972   34   33          -  948.00000      -   100 7445s
 22938 18906  948.00000   58   88          -  948.00000      -   100 7450s
 22955 18921  948.00000   53   25          -  948.00000      -   100 7455s
 22962 18928  948.00000   60   27          -  948.00000      -   100 7460s
 22980 18946  948.12419   33  311          -  948.00000      -   100 7465s
 22995 18960  948.12419   30  288          -  948.00000      -   100 7470s
 23008 18971  948.12419   50  289          -  948.00000      -   100 7475s
 23014 18975  948.12419   50  314          -  948.00000      -   100 7482s
 23019 18980  948.12419   49  294          -  948.00000      -   100 7485s
 23035 18995  948.00000   55   97          -  948.00000      -   100 7490s
 23051 19011  948.00000   60   27          -  948.00000      -   100 7496s
 23064 19020 infeasible  119               -  948.00000      -   100 7500s
 23083 19038  948.12419   46  294          -  948.00000      -   101 7505s
 23101 19055  948.12419   46  294          -  948.00000      -   101 7510s
 23117 19069  948.12419   44  314          -  948.00000      -   101 7515s
 23122 19073  948.12419   36  294          -  948.00000      -   101 7520s
 23138 19087  948.00000   54   27          -  948.00000      -   101 7525s
 23146 19095  948.00000   60   27          -  948.00000      -   101 7530s
 23171 19116  948.00000   60   87          -  948.00000      -   101 7535s
 23183 19127  948.00000   62   85          -  948.00000      -   101 7540s
 23204 19147  948.12419   34  294          -  948.00000      -   101 7545s
 23221 19162  948.12419   42  294          -  948.00000      -   101 7550s
 23229 19169  948.12419   40  289          -  948.00000      -   101 7556s
 23241 19179  948.12419   48  294          -  948.00000      -   101 7560s
 23256 19191  948.12419   47  289          -  948.00000      -   101 7565s
 23273 19200  948.12419   33  313          -  948.00000      -   101 7570s
 23291 19218  948.17197  104   29          -  948.00000      -   101 7575s
 23310 19232  948.00000   61   27          -  948.00000      -   101 7580s
 23327 19225 infeasible   41               -  948.00000      -   101 7585s
 23338 19226  948.00000   54   25          -  948.00000      -   101 7591s
 23359 19242 infeasible  116               -  948.00000      -   102 7595s
 23377 19251  948.00000   35  108          -  948.00000      -   102 7600s
 23402 19274  948.00000   58   29          -  948.00000      -   102 7605s
 23414 19277  948.12419   52  294          -  948.00000      -   102 7610s
 23432 19285  948.00000   96   23          -  948.00000      -   102 7615s
 23451 19303  948.00000   92   24          -  948.00000      -   102 7620s
 23471 19323  948.00000  106   29          -  948.00000      -   102 7625s
 23493 19345  948.00000   97   21          -  948.00000      -   102 7630s
 23497 19349  948.00000   93   24          -  948.00000      -   102 7635s
 23503 19355  948.00000   99   25          -  948.00000      -   102 7640s
 23525 19377  948.00000  100   25          -  948.00000      -   101 7645s
 23546 19398  948.00000   94   23          -  948.00000      -   101 7650s
 23568 19420  948.00000  103   24          -  948.00000      -   101 7655s
 23585 19437  948.00000  100   26          -  948.00000      -   101 7662s
 23597 19449  948.00000  105   28          -  948.00000      -   101 7665s
 23608 19460  948.00000  100   21          -  948.00000      -   101 7670s
 23624 19476  948.00000  101   24          -  948.00000      -   101 7675s
 23646 19498  948.00000  102   21          -  948.00000      -   101 7680s
 23668 19520  948.00000  110   27          -  948.00000      -   101 7685s
 23674 19526  948.00000  104   27          -  948.00000      -   101 7690s
 23697 19549  948.00000   97   20          -  948.00000      -   101 7695s
 23716 19568  948.00000  103   25          -  948.00000      -   101 7702s
 23725 19577  948.00000  111   27          -  948.00000      -   101 7705s
 23747 19599  948.00000  101   25          -  948.00000      -   101 7710s
 23763 19615  948.00000  108   26          -  948.00000      -   101 7716s
 23770 19622  948.00000  104   24          -  948.00000      -   101 7720s
 23790 19642  948.00000   99   26          -  948.00000      -   101 7725s
 23814 19666  948.00000  104   25          -  948.00000      -   101 7730s
 23835 19687  948.00000   98   23          -  948.00000      -   101 7735s
 23852 19704  948.00000   99   24          -  948.00000      -   101 7742s
 23863 19715  948.00000   98   29          -  948.00000      -   101 7745s
 23878 19730  948.00000  100   26          -  948.00000      -   101 7750s
 23898 19750  948.00000   97   24          -  948.00000      -   100 7755s
 23921 19773  948.00000   94   24          -  948.00000      -   100 7760s
 23941 19793  948.00000  105   26          -  948.00000      -   100 7768s
 23947 19799  948.00000   97   23          -  948.00000      -   100 7770s
 23968 19820  948.00000  108   27          -  948.00000      -   100 7775s
 23986 19834  948.00000   57   25          -  948.00000      -   100 7782s
 23999 19844  948.00000   61   27          -  948.00000      -   100 7785s
 24023 19864  948.00000   59   27          -  948.00000      -   100 7790s
 24030 19870  948.58574   77   20          -  948.00000      -   100 7795s
 24042 19876  948.39593   35  369          -  948.00000      -   100 7800s
 24057 19886  948.11865   29   57          -  948.00000      -   101 7805s
 24071 19895  948.00000   73  170          -  948.00000      -   101 7810s
 24087 19911  948.00000   82   17          -  948.00000      -   101 7815s
 24101 19925  948.03636   84   24          -  948.00000      -   101 7820s
 24114 19937  948.00000   77  169          -  948.00000      -   101 7825s
 24119 19942  948.00000   85   24          -  948.00000      -   101 7830s
 24131 19954  948.00000   85  169          -  948.00000      -   101 7835s
 24144 19967  948.00000   82   19          -  948.00000      -   101 7840s
 24158 19981  948.00000   75   21          -  948.00000      -   101 7845s
 24172 19995  948.00000   82  169          -  948.00000      -   101 7850s
 24188 20011  948.00000   80   26          -  948.00000      -   101 7855s
 24202 20025  948.00000   73   17          -  948.00000      -   101 7862s
 24208 20031  948.00000   74   21          -  948.00000      -   101 7866s
 24221 20044  948.00000   77   15          -  948.00000      -   101 7870s
 24236 20059  948.00000   79   19          -  948.00000      -   101 7875s
 24254 20077  948.00000   83  168          -  948.00000      -   101 7880s
 24261 20084  948.03636   79   19          -  948.00000      -   101 7885s
 24278 20101  948.00000   76   20          -  948.00000      -   101 7890s
 24297 20120  948.00000   84   22          -  948.00000      -   101 7898s
 24302 20125  948.00000   85   32          -  948.00000      -   101 7900s
 24320 20143  948.00000   85   20          -  948.00000      -   101 7905s
 24337 20160  948.00000   86   20          -  948.00000      -   101 7910s
 24355 20178  948.00000   87  232          -  948.00000      -   101 7915s
 24364 20187  948.00000   79   18          -  948.00000      -   101 7920s
 24383 20206  948.00000   81   20          -  948.00000      -   101 7925s
 24386 20209  948.06693   81   19          -  948.00000      -   101 7930s
 24404 20227  948.00000   73   18          -  948.00000      -   101 7935s
 24420 20243  948.00000   83   20          -  948.00000      -   101 7940s
 24436 20259  948.00000   82   17          -  948.00000      -   101 7945s
 24455 20278  948.00000   83   32          -  948.00000      -   101 7950s
 24472 20295  948.00000   84   15          -  948.00000      -   101 7957s
 24475 20298  948.00000   79   16          -  948.00000      -   101 7960s
 24494 20317  948.06693   83   22          -  948.00000      -   101 7965s
 24513 20336  948.00000   71   15          -  948.00000      -   101 7970s
 24528 20351  948.00000   87  233          -  948.00000      -   101 7975s
 24543 20366  948.06188   78   24          -  948.00000      -   101 7980s
 24562 20385  948.00000   76   19          -  948.00000      -   101 7985s
 24568 20391  948.00000   77   15          -  948.00000      -   101 7990s
 24580 20403  948.00000   80   15          -  948.00000      -   101 7996s
 24593 20416  948.00000   76   17          -  948.00000      -   101 8000s
 24609 20431  948.03637   74   22          -  948.00000      -   101 8005s
 24626 20448  948.00000   77   18          -  948.00000      -   101 8010s
 24640 20462  948.00000   77   21          -  948.00000      -   101 8015s
 24653 20475  948.00000   76  246          -  948.00000      -   101 8023s
 24659 20481  948.00000   74  245          -  948.00000      -   101 8025s
 24673 20495  948.00000   73   18          -  948.00000      -   101 8030s
 24688 20510  948.00000   77   17          -  948.00000      -   101 8036s
 24696 20518  948.00000   76  233          -  948.00000      -   101 8040s
 24709 20531  948.00000   83  242          -  948.00000      -   101 8045s
 24721 20543  948.00000   74   17          -  948.00000      -   101 8050s
 24735 20557  948.00000   86   20          -  948.00000      -   101 8055s
 24742 20564  948.00000   81   18          -  948.00000      -   101 8062s
 24749 20571  948.00000   70   28          -  948.00000      -   102 8065s
 24765 20587  948.00000   73   38          -  948.00000      -   102 8070s
 24777 20597  948.00000   79  232          -  948.00000      -   102 8075s
 24795 20612  948.00000   68   17          -  948.00000      -   102 8080s
 24801 20618  948.09972   36   21          -  948.00000      -   102 8085s
 24830 20647  948.09972   36   21          -  948.00000      -   102 8090s
 24837 20654  948.09972   35   21          -  948.00000      -   102 8095s
 24854 20667  948.58574   76   25          -  948.00000      -   102 8100s
 24874 20685  948.00000   44   20          -  948.00000      -   102 8105s
 24891 20698  948.00000   93   17          -  948.00000      -   102 8110s
 24904 20711  948.00000   99   18          -  948.00000      -   102 8115s
 24920 20727  948.00000   99   19          -  948.00000      -   102 8122s
 24933 20740  948.00000   94   19          -  948.00000      -   102 8125s
 24960 20767  948.00000  100   23          -  948.00000      -   102 8130s
 24978 20782  948.18375   93   30          -  948.00000      -   102 8135s
 24996 20798  948.00000   61   27          -  948.00000      -   102 8140s
 25009 20809  948.29795   73   20          -  948.00000      -   102 8147s
 25012 20812  948.00000   91   18          -  948.00000      -   102 8150s
 25026 20819  948.17381   41   34          -  948.00000      -   102 8155s
 25044 20837  948.17381   37   45          -  948.00000      -   102 8160s
 25058 20846  948.06693   84   19          -  948.00000      -   102 8165s
 25069 20854  948.23058   78   24          -  948.00000      -   102 8170s
 25092 20867 infeasible   56               -  948.00000      -   102 8175s
 25103 20873  948.00000   43   12          -  948.00000      -   102 8180s
 25128 20898  948.00000   38   13          -  948.00000      -   102 8185s
 25154 20924  948.00000   44   13          -  948.00000      -   102 8190s
 25177 20947  948.00000   46   13          -  948.00000      -   102 8195s
 25187 20957  948.00000   57   14          -  948.00000      -   102 8200s
 25211 20981  948.00000   62   13          -  948.00000      -   102 8205s
 25228 20998  948.00000   65   13          -  948.00000      -   102 8211s
 25247 21017  948.00000   58   14          -  948.00000      -   102 8215s
 25272 21042  948.00000   64   32          -  948.00000      -   102 8220s
 25279 21049  948.00000   64   14          -  948.00000      -   102 8225s
 25294 21064  948.00000   63   20          -  948.00000      -   101 8230s
 25321 21091  948.00000   63   14          -  948.00000      -   101 8235s
 25346 21116  948.00000   67   13          -  948.00000      -   101 8240s
 25365 21135  948.00000   65   15          -  948.00000      -   101 8247s
 25376 21146  948.00000   61   14          -  948.00000      -   101 8250s
 25401 21171  948.00000   69   13          -  948.00000      -   101 8255s
 25428 21198  948.00000   58   14          -  948.00000      -   101 8260s
 25444 21214  948.00000   60   13          -  948.00000      -   101 8266s
 25455 21225  948.00000   60   13          -  948.00000      -   101 8270s
 25482 21252  948.00000   62   19          -  948.00000      -   101 8275s
 25505 21275  948.00000   67   12          -  948.00000      -   101 8288s
 25512 21282  948.00000   66   12          -  948.00000      -   101 8290s
 25540 21310  948.00000   61   12          -  948.00000      -   100 8295s
 25546 21316  948.00000   62   12          -  948.00000      -   100 8300s
 25556 21326  948.00000   63   13          -  948.00000      -   100 8305s
 25583 21353  948.00000   62   13          -  948.00000      -   100 8310s
 25608 21378  948.00000   65   12          -  948.00000      -   100 8315s
 25632 21402  948.00000   52   21          -  948.00000      -   100 8323s
 25643 21413  948.00000   43   21          -  948.00000      -   100 8325s
 25660 21430  948.00000   47   18          -  948.00000      -   100 8331s
 25681 21451  948.00000   52   18          -  948.00000      -   100 8335s
 25709 21479  948.00000   46   18          -  948.00000      -   100 8340s
 25721 21491  948.00000   49   21          -  948.00000      -   100 8348s
 25732 21502  948.00000   55   19          -  948.00000      -   100 8350s
 25759 21529  948.00000   39   18          -  948.00000      -   100 8355s
 25774 21544  948.00000   52   19          -  948.00000      -   100 8360s
 25801 21571  948.00000   42   17          -  948.00000      -   100 8365s
 25810 21580  948.00000   40   18          -  948.00000      -   100 8370s
 25832 21602  948.00000   36   35          -  948.00000      -   100 8375s
 25857 21627  948.00000   50   19          -  948.00000      -   100 8380s
 25876 21646  948.00000   42  112          -  948.00000      -   100 8386s
 25897 21667  948.00000   52  112          -  948.00000      -   100 8390s
 25899 21669  948.00000   56   17          -  948.00000      -   100 8395s
 25924 21694  948.00000   38  112          -  948.00000      -   100 8400s
 25949 21719  948.00000   49  111          -  948.00000      -   100 8405s
 25976 21746  948.00000   52   17          -  948.00000      -   100 8410s
 25988 21758  948.00000   47   18          -  948.00000      -   100 8416s
 26005 21775  948.00000   37  112          -  948.00000      -   100 8420s
 26030 21800  948.00000   34  112          -  948.00000      -   100 8425s
 26039 21809  948.00000   40  111          -  948.00000      -   100 8430s
 26061 21831  948.00000   44  112          -  948.00000      -   100 8435s
 26073 21843  948.00000   43   23          -  948.00000      -   100 8522s
 26077 21847  948.00000   38   21          -  948.00000      -   100 8526s
 26092 21862  948.00000   40   21          -  948.00000      -   100 8530s
 26119 21889  948.00000   43   21          -  948.00000      -   100 8535s
 26144 21914  948.00000   41   19          -  948.00000      -   100 8540s
 26152 21922  948.00000   40  137          -  948.00000      -   100 8545s
 26166 21936  948.00000   44  136          -  948.00000      -   100 8552s
 26178 21948  948.00000   37  136          -  948.00000      -   100 8555s
 26200 21970  948.00000   42   21          -  948.00000      -   100 8561s
 26217 21987  948.00000   41   17          -  948.00000      -   100 8565s
 26243 22013  948.00000   56   27          -  948.00000      -   100 8570s
 26255 22025  948.00000   54   33          -  948.00000      -   100 8576s
 26274 22044  948.00000   56   25          -  948.00000      -   100 8580s
 26298 22068  948.00000   59   33          -  948.00000      -   100 8585s
 26312 22082  948.00000   57   26          -  948.00000      -   100 8590s
 26339 22109  948.00000   57   31          -  948.00000      -   101 8595s
 26347 22117  948.00000   50  112          -  948.00000      -   101 8600s
 26372 22142  948.00000   53   28          -  948.00000      -   101 8605s
 26396 22166  948.00000   32   17          -  948.00000      -   100 8610s
 26416 22186  948.00000   33   35          -  948.00000      -   100 8615s
 26433 22203  948.00000   35   35          -  948.00000      -   100 8622s
 26445 22215  948.00000   35   23          -  948.00000      -   100 8625s
 26469 22239  948.00000   34   17          -  948.00000      -   100 8630s
 26476 22246  948.00000   38   35          -  948.00000      -   100 8635s
 26507 22277  948.11292   37   23          -  948.00000      -   100 8640s
 26522 22292  948.00000   51   31          -  948.00000      -   100 8645s
 26532 22302  948.00000   53   13          -  948.00000      -   100 8650s
 26558 22328  948.00000   60   12          -  948.00000      -   100 8655s
 26583 22353  948.00000   39   17          -  948.00000      -   100 8660s
 26606 22376  948.21240   35   44          -  948.00000      -   100 8665s
 26611 22381  948.00000   37   23          -  948.00000      -   100 8670s
 26632 22402  948.00000   39   23          -  948.00000      -   100 8675s
 26656 22426  948.11292   40   22          -  948.00000      -   100 8680s
 26686 22456  948.11292   40   18          -  948.00000      -   100 8687s
 26700 22470  948.00000   53   12          -  948.00000      -   100 8693s
 26710 22480  948.00000   52   13          -  948.00000      -   100 8695s
 26737 22507  948.00000   55   13          -  948.00000      -   100 8700s
 26750 22520  948.00000   54   13          -  948.00000      -   100 8705s
 26776 22546  948.00000   55   29          -  948.00000      -  99.5 8710s
 26789 22559  948.00000   58   13          -  948.00000      -  99.4 8716s
 26804 22574  948.00000   57   19          -  948.00000      -  99.4 8720s
 26830 22600  948.00000   59   33          -  948.00000      -  99.3 8725s
 26854 22624  948.00000   63   15          -  948.00000      -  99.2 8730s
 26878 22648  948.00000   43   12          -  948.00000      -  99.1 8739s
 26883 22653  948.00000   40   13          -  948.00000      -  99.1 8740s
 26902 22672  948.00000   54   13          -  948.00000      -  99.0 8747s
 26916 22686  948.00000   41   13          -  948.00000      -  99.0 8750s
 26943 22713  948.00000   47   13          -  948.00000      -  98.9 8755s
 26957 22727  948.00000   49   31          -  948.00000      -  98.8 8760s
 26967 22737  948.00000   44   13          -  948.00000      -  98.8 8766s
 26983 22753  948.00000   53   13          -  948.00000      -  98.7 8770s
 27009 22779  948.00000   47   14          -  948.00000      -  98.7 8775s
 27022 22792  948.00000   42   31          -  948.00000      -  98.6 8780s
 27048 22818  948.00000   41   14          -  948.00000      -  98.5 8785s
 27056 22826  948.00000   41   31          -  948.00000      -  98.5 8790s
 27077 22847  948.00000   54   13          -  948.00000      -  98.4 8795s
 27103 22873  948.00000   51   31          -  948.00000      -  98.3 8800s
 27128 22898  948.00000   40   13          -  948.00000      -  98.2 8805s
 27145 22915  948.00000   39   13          -  948.00000      -  98.2 8812s
 27160 22930  948.00000   50   13          -  948.00000      -  98.1 8815s
 27186 22956  948.00000   57   14          -  948.00000      -  98.0 8820s
 27212 22982  948.00000   46   19          -  948.00000      -  97.9 8825s
 27234 23004  948.00000   48   13          -  948.00000      -  97.9 8833s
 27244 23014  948.00000   47   13          -  948.00000      -  97.8 8835s
 27269 23039  948.00000   46   31          -  948.00000      -  97.7 8840s
 27295 23065  948.00000   41   31          -  948.00000      -  97.6 8845s
 27321 23091  948.00000   61   12          -  948.00000      -  97.5 8850s
 27323 23093  948.00000   55   31          -  948.00000      -  97.5 8855s
 27348 23118  948.00000   52   41          -  948.00000      -  97.5 8860s
 27375 23145  948.00000   47   13          -  948.00000      -  97.4 8865s
 27399 23169  948.00000   46   16          -  948.00000      -  97.3 8870s
 27412 23182  948.00000   51   31          -  948.00000      -  97.2 8877s
 27427 23197  948.00000   44   16          -  948.00000      -  97.2 8880s
 27450 23220  948.00000   57   31          -  948.00000      -  97.1 8885s
 27475 23245  948.00000   57   16          -  948.00000      -  97.0 8890s
 27498 23268  948.00000   54   31          -  948.00000      -  97.0 8895s
 27512 23282  948.00000   61   16          -  948.00000      -  96.9 8900s
 27537 23307  948.00000   61   14          -  948.00000      -  96.9 8905s
 27562 23332  948.00000   47   15          -  948.00000      -  96.8 8910s
 27587 23357  948.00000   47   14          -  948.00000      -  96.7 8915s
 27595 23365  948.00000   45   14          -  948.00000      -  96.7 8920s
 27621 23391  948.00000   52   13          -  948.00000      -  96.6 8925s
 27647 23417  948.00000   45   14          -  948.00000      -  96.5 8930s
 27673 23443  948.00000   53   14          -  948.00000      -  96.4 8935s
 27679 23449  948.00000   54   15          -  948.00000      -  96.4 8940s
 27705 23475  948.00000   52   14          -  948.00000      -  96.3 8945s
 27731 23501  948.00000   48   15          -  948.00000      -  96.2 8950s
 27758 23528  948.26787   58   26          -  948.00000      -  96.1 8955s
 27768 23538  948.00000   47   13          -  948.00000      -  96.1 8961s
 27787 23557  948.00000   59   14          -  948.00000      -  96.0 8965s
 27811 23581  948.00000   49   13          -  948.00000      -  96.0 8970s
 27835 23605  948.00000   58   13          -  948.00000      -  96.0 8975s
 27857 23627  948.00000   50   13          -  948.00000      -  95.9 8983s
 27863 23633  948.00000   48   13          -  948.00000      -  95.9 8985s
 27887 23657  948.00000   61   13          -  948.00000      -  95.9 8990s
 27912 23682  948.00000   54   14          -  948.00000      -  95.8 8995s
 27935 23705  948.00000   49   17          -  948.00000      -  95.8 9000s
 27946 23716  948.00000   50   17          -  948.00000      -  95.7 9006s
 27967 23737  948.00000   58   20          -  948.00000      -  95.7 9010s
 27992 23762  948.00000   45   16          -  948.00000      -  95.6 9015s
 28018 23788  948.00000   51   16          -  948.00000      -  95.5 9020s
 28035 23805  948.00000   48   16          -  948.00000      -  95.4 9027s
 28050 23820  948.00000   57   16          -  948.00000      -  95.4 9030s
 28077 23847  948.00000   58   16          -  948.00000      -  95.3 9035s
 28103 23873  948.00000   61   16          -  948.00000      -  95.2 9040s
 28124 23894  948.00000   50   16          -  948.00000      -  95.1 9047s
 28137 23907  948.00000   62   16          -  948.00000      -  95.1 9050s
 28163 23933  948.00000   54   16          -  948.00000      -  95.0 9055s
 28190 23960  948.00000   55   16          -  948.00000      -  94.9 9060s
 28213 23983  948.00000   61   16          -  948.00000      -  94.8 9068s
 28219 23989  948.00000   46   17          -  948.00000      -  94.8 9070s
 28242 24011  948.00000   81   24          -  948.00000      -  94.8 9075s
 28252 24020  948.00000   36   13          -  948.00000      -  94.8 9081s
 28271 24039  948.00000   41   13          -  948.00000      -  94.7 9085s
 28296 24064  948.00000   38   13          -  948.00000      -  94.6 9090s
 28302 24070  948.00000   42   13          -  948.00000      -  94.6 9095s
 28323 24091  948.00000   44   15          -  948.00000      -  94.6 9100s
 28346 24114  948.00000   42   17          -  948.00000      -  94.5 9105s
 28360 24128  948.00000   40   17          -  948.00000      -  94.5 9112s
 28374 24142  948.00000   42   18          -  948.00000      -  94.5 9115s
 28391 24159  948.00000   42   15          -  948.00000      -  94.4 9122s
 28401 24169  948.26787   40   28          -  948.00000      -  94.4 9125s
 28420 24186  948.78637   81   23          -  948.00000      -  94.4 9130s
 28446 24212  948.00000   36   13          -  948.00000      -  94.3 9135s
 28468 24234  948.00000   41   13          -  948.00000      -  94.3 9143s
 28478 24244  948.00000   40   13          -  948.00000      -  94.2 9145s
 28484 24250  948.00000   39   19          -  948.00000      -  94.2 9150s
 28508 24274  948.00000   41   16          -  948.00000      -  94.2 9155s
 28531 24297  948.00000   43   15          -  948.00000      -  94.2 9160s
 28548 24314  948.40286   91   26          -  948.00000      -  94.2 9165s
 28569 24335  948.00000   49   16          -  948.00000      -  94.2 9173s
 28574 24340  948.00000   81   15          -  948.00000      -  94.2 9175s
 28577 24343  948.26787   82   21          -  948.00000      -  94.2 9180s
 28595 24360  948.68411   89  175          -  948.00000      -  94.2 9185s
 28619 24384  948.00000   62   15          -  948.00000      -  94.1 9190s
 28632 24397  948.00000   50   14          -  948.00000      -  94.1 9195s
 28658 24423  948.00000   54   12          -  948.00000      -  94.0 9204s
 28661 24426  948.11292   56   13          -  948.00000      -  94.0 9205s
 28685 24450  948.00000   54   31          -  948.00000      -  93.9 9210s
 28711 24476  948.00000   56   13          -  948.00000      -  93.9 9215s
 28738 24503  948.11292   60   12          -  948.00000      -  93.8 9220s
 28747 24512  948.11292   63   14          -  948.00000      -  93.8 9226s
 28764 24528  948.75770   85  218          -  948.00000      -  93.8 9230s
 28781 24544  948.26788   87   21          -  948.00000      -  93.8 9235s
 28792 24553  948.00000   94   27          -  948.00000      -  93.9 9241s
 28806 24566  948.00000   87   18          -  948.00000      -  93.9 9245s
 28827 24585  948.26788   85   20          -  948.00000      -  93.9 9250s
 28836 24594  948.00000   91   24          -  948.00000      -  93.9 9257s
 28844 24602  948.75770   84  217          -  948.00000      -  93.9 9260s
 28861 24619  948.63734   84  194          -  948.00000      -  93.9 9265s
 28875 24632  948.00000   84   22          -  948.00000      -  93.9 9270s
 28894 24648  948.78637   80   23          -  948.00000      -  93.9 9275s
 28900 24654  948.00000   36   13          -  948.00000      -  93.9 9280s
 28925 24679  948.00000   43   13          -  948.00000      -  93.8 9290s
 28949 24703  948.00000   44   13          -  948.00000      -  93.8 9295s
 28973 24727  948.11292   43   15          -  948.00000      -  93.7 9300s
 28989 24743  948.75770   85  217          -  948.00000      -  93.8 9305s
 29006 24760  948.61292   91   19          -  948.00000      -  93.8 9310s
 29012 24766  948.00000   83   20          -  948.00000      -  93.8 9315s
 29014 24768  948.75770   84  217          -  948.00000      -  93.8 9320s
 29028 24780  948.00000   79   24          -  948.00000      -  93.8 9325s
 29043 24792  948.63734   82  195          -  948.00000      -  93.8 9330s
 29053 24802  948.63734   86  203          -  948.00000      -  93.9 9335s
 29064 24812  948.63734   85  217          -  948.00000      -  93.9 9340s
 29077 24824  948.75770   81  217          -  948.00000      -  94.0 9345s
 29087 24832  948.75770   83  221          -  948.00000      -  94.0 9350s
 29102 24838 infeasible   26               -  948.00000      -  94.0 9355s
 29110 24845  948.26788   86   21          -  948.00000      -  94.0 9360s
 29119 24854  948.00000   86   15          -  948.00000      -  94.0 9365s
 29131 24861  948.62651   91  196          -  948.00000      -  94.1 9370s
 29144 24869  948.68411   95  179          -  948.00000      -  94.2 9375s
 29156 24878  948.00000   93   25          -  948.00000      -  94.2 9380s
 29170 24892  948.00000   35   13          -  948.00000      -  94.2 9386s
 29187 24909  948.00000   39   12          -  948.00000      -  94.2 9390s
 29192 24914  948.00000   38   14          -  948.00000      -  94.2 9395s
 29215 24937  948.00000   41   14          -  948.00000      -  94.1 9400s
 29236 24958  948.00000   42   16          -  948.00000      -  94.0 9405s
 29260 24982  948.00000   37   19          -  948.00000      -  94.0 9410s
 29281 25003  948.00000   44   12          -  948.00000      -  93.9 9418s
 29288 25010  948.00000   43   12          -  948.00000      -  93.9 9420s
 29308 25028  948.61292   95   13          -  948.00000      -  93.9 9425s
 29322 25037  948.00000   83   23          -  948.00000      -  94.0 9430s
 29332 25044  948.00000   88   19          -  948.00000      -  94.0 9436s
 29345 25056  948.62651   79  211          -  948.00000      -  94.1 9440s
 29357 25064  948.75770   84  234          -  948.00000      -  94.1 9445s
 29370 25076  948.63734   81  194          -  948.00000      -  94.2 9455s
 29386 25090  948.00000   81   35          -  948.00000      -  94.2 9460s
 29405 25107  948.00000   79   37          -  948.00000      -  94.2 9465s
 29421 25118  948.00000   85   23          -  948.00000      -  94.2 9470s
 29435 25126  948.63734   89  194          -  948.00000      -  94.2 9475s
 29449 25137  948.00000   81   13          -  948.00000      -  94.3 9480s
 29459 25146  948.00000   84   24          -  948.00000      -  94.3 9490s
 29469 25155  948.75770   86  217          -  948.00000      -  94.3 9495s
 29485 25168  948.62651   93  199          -  948.00000      -  94.4 9500s
 29494 25174  948.00000   83   12          -  948.00000      -  94.4 9507s
 29501 25178  948.63734   86  191          -  948.00000      -  94.4 9510s
 29517 25188  948.68411   83  173          -  948.00000      -  94.5 9515s
 29532 25200  948.00000   83   19          -  948.00000      -  94.5 9520s
 29548 25214  948.62651   92  198          -  948.00000      -  94.6 9531s
 29557 25223  948.00000   58   95          -  948.00000      -  94.6 9535s
 29569 25232 infeasible   52               -  948.00000      -  94.7 9540s
 29578 25240  948.75770   83  217          -  948.00000      -  94.7 9545s
 29592 25254  948.17381   54   28          -  948.00000      -  94.8 9550s
 29608 25270  948.55282   84   24          -  948.00000      -  94.9 9555s
 29623 25281  948.26788   89   21          -  948.00000      -  95.0 9560s
 29642 25262 infeasible   67               -  948.00000      -  95.1 9565s
 29663 25241 infeasible   42               -  948.00000      -  95.4 9570s
 29682 25224  948.55282   84   24          -  948.00000      -  95.6 9577s
 29712 25200 infeasible   46               -  948.00000      -  95.8 9580s
 29747 25181  948.29795   79   20          -  948.00000      -  95.9 9585s
 29757 25191  948.29795   78   20          -  948.00000      -  96.0 9590s
 29773 25204  948.26787   56   26          -  948.00000      -  96.1 9595s
 29790 25219  948.17381   37   29          -  948.00000      -  96.2 9600s
 29794 25223  948.17381   47   29          -  948.00000      -  96.2 9605s
 29810 25239  948.17381   40   28          -  948.00000      -  96.3 9610s
 29815 25244  948.17381   43   34          -  948.00000      -  96.3 9615s
 29830 25258  948.78637   81   21          -  948.00000      -  96.4 9620s
 29846 25256 infeasible   40               -  948.00000      -  96.6 9625s
 29857 25245 infeasible   38               -  948.00000      -  96.8 9630s
 29870 25232 infeasible   28               -  948.00000      -  97.0 9635s
 29881 25221 infeasible   39               -  948.00000      -  97.2 9640s
 29893 25209 infeasible   35               -  948.00000      -  97.4 9645s
 29905 25197 infeasible   34               -  948.00000      -  97.6 9650s
 29916 25186 infeasible   35               -  948.00000      -  97.8 9655s
 29930 25190  948.11292   41   14          -  948.00000      -  97.9 9660s
 29953 25211  948.37438   63   26          -  948.00000      -  97.9 9665s
 29967 25224  948.78637   80   23          -  948.00000      -  98.0 9670s
 29974 25227  948.12419   45  314          -  948.00000      -  98.0 9676s
 29985 25227  948.12419   45  290          -  948.00000      -  98.1 9680s
 29993 25227  948.12419   41  290          -  948.00000      -  98.1 9687s
 30001 25229  948.26788   88   19          -  948.00000      -  98.1 9690s
 30013 25237  948.60269   42   22          -  948.00000      -  98.2 9695s
 30024 25248  948.60269   56   20          -  948.00000      -  98.3 9700s
 30029 25253  948.60269   45   20          -  948.00000      -  98.4 9705s
 30045 25265  948.62651   87  200          -  948.00000      -  98.5 9710s
 30052 25267  948.37438   64   40          -  948.00000      -  98.5 9715s
 30068 25283  948.35201   37   29          -  948.00000      -  98.6 9720s
 30082 25281  948.26788   86   20          -  948.00000      -  98.7 9727s
 30090 25289  948.37438   63   26          -  948.00000      -  98.7 9730s
 30107 25306  948.37438   43   26          -  948.00000      -  98.8 9735s
 30121 25302 infeasible   44               -  948.00000      -  99.1 9740s
 30136 25299  948.26787   81   21          -  948.00000      -  99.2 9748s
 30139 25302  948.63734   83  194          -  948.00000      -  99.3 9750s
 30155 25302  948.12419   46  290          -  948.00000      -  99.3 9755s
 30171 25302  948.12419   50  290          -  948.00000      -  99.3 9765s
 30190 25313  948.09972   34   23          -  948.00000      -  99.4 9771s
 30206 25323  948.12419   49  290          -  948.00000      -  99.4 9775s
 30223 25327  948.09972   49   45          -  948.00000      -  99.5 9780s
 30245 25349  948.09972   54   28          -  948.00000      -  99.5 9785s
 30260 25360  948.63734   86  194          -  948.00000      -   100 9791s
 30280 25378  948.00000   82   19          -  948.00000      -  99.5 9795s
 30290 25388  948.00000   81   19          -  948.00000      -  99.5 9893s
 30298 25396  948.00000   87   19          -  948.00000      -  99.5 9898s
 30310 25408  948.00000   80   19          -  948.00000      -  99.4 9900s
 30334 25406  948.00000   84   40          -  948.00000      -   100 9905s
 30349 25419  948.00000   85   19          -  948.00000      -   100 9915s
 30364 25429  948.00000   85   19          -  948.00000      -   100 9920s
 30379 25444  948.00000   87   20          -  948.00000      -   100 9925s
 30393 25457  948.37438   42   26          -  948.00000      -   100 9930s
 30406 25470  948.11292   47   14          -  948.00000      -   100 9937s
 30419 25482  948.11292   36   13          -  948.00000      -   100 9940s
 30438 25499  948.11292   39   39          -  948.00000      -   100 9945s
 30460 25521  948.00000   70   28          -  948.00000      -   100 9952s
 30466 25521 infeasible   37               -  948.00000      -   100 9955s
 30477 25510 infeasible   40               -  948.00000      -   100 9960s
 30488 25499 infeasible   37               -  948.00000      -   101 9965s
 30499 25488 infeasible   39               -  948.00000      -   101 9970s
 30510 25477 infeasible   41               -  948.00000      -   101 9975s
 30522 25465 infeasible   34               -  948.00000      -   101 9980s
 30527 25467  948.00000   83   36          -  948.00000      -   101 9987s
 30532 25464 infeasible   93               -  948.00000      -   101 9990s
 30547 25472  948.00000   72   21          -  948.00000      -   101 9995s
 30566 25472  948.12419   38  290          -  948.00000      -   101 10000s
 30578 25476  948.00000   70   23          -  948.00000      -   102 10006s
 30594 25492  948.17571   89   16          -  948.00000      -   102 10010s
 30606 25502  948.00000   84   18          -  948.00000      -   102 10022s
 30615 25502  948.12419   38  295          -  948.00000      -   102 10025s
 30616 25502  948.12419   50  295          -  948.00000      -   102 10030s
 30634 25510  948.26787   93   21          -  948.00000      -   102 10035s
 30652 25521  948.00000   75   19          -  948.00000      -   102 10040s
 30670 25533  948.55282   85   29          -  948.00000      -   102 10045s
 30686 25549  948.37438   56   26          -  948.00000      -   102 10052s
 30695 25558  948.37438   58   26          -  948.00000      -   102 10055s
 30705 25568  948.37438   56   26          -  948.00000      -   102 10063s
 30712 25567  948.11292   88   21          -  948.00000      -   102 10065s
 30728 25575  948.00000   56  101          -  948.00000      -   102 10070s
 30744 25581  948.29795   78   21          -  948.00000      -   102 10075s
 30763 25598  948.17381   33   34          -  948.00000      -   102 10080s
 30776 25601 infeasible   99               -  948.00000      -   102 10085s
 30788 25606 infeasible   52               -  948.00000      -   103 10090s
 30797 25602  948.00000   72   28          -  948.00000      -   103 10097s
 30814 25585 infeasible   30               -  948.00000      -   103 10100s
 30837 25576  948.09972   39   22          -  948.00000      -   103 10105s
 30861 25595  948.12419   45  290          -  948.00000      -   103 10110s
 30875 25598  948.37438   65   25          -  948.00000      -   103 10115s
 30883 25606  948.37438   62   27          -  948.00000      -   103 10121s
 30893 25616  948.37438   61   26          -  948.00000      -   103 10125s
 30906 25625  948.98579   62   32          -  948.00000      -   103 10131s
 30923 25640  948.00000   93   16          -  948.00000      -   103 10135s
 30936 25653  948.00000   97   21          -  948.00000      -   103 10140s
 30949 25666  948.00000   99   17          -  948.00000      -   103 10145s
 30963 25680  948.29913   96   17          -  948.00000      -   103 10150s
 30972 25689  948.00000   97   17          -  948.00000      -   103 10155s
 30985 25701  948.09972   55   27          -  948.00000      -   104 10160s
 31014 25730  948.09972   60   26          -  948.00000      -   104 10168s
 31023 25739  948.09972   56   27          -  948.00000      -   104 10170s
 31051 25767  948.09972   57   43          -  948.00000      -   104 10175s
 31061 25777  948.09972   56   30          -  948.00000      -   104 10181s
 31078 25794  948.09972   57   29          -  948.00000      -   104 10185s
 31106 25822  948.09972   56   28          -  948.00000      -   104 10190s
 31129 25845  948.09972   60   26          -  948.00000      -   104 10195s
 31150 25866  948.09972   49   29          -  948.00000      -   104 10205s
 31166 25878  948.00000   58  102          -  948.00000      -   104 10210s
 31180 25889 infeasible   81               -  948.00000      -   104 10215s
 31195 25900  948.00000   51  103          -  948.00000      -   104 10220s
 31207 25906  948.00000   75   17          -  948.00000      -   104 10225s
 31221 25912  948.35201   45   29          -  948.00000      -   104 10230s
 31233 25924  948.35201   49   29          -  948.00000      -   104 10235s
 31239 25930  948.35201   59   46          -  948.00000      -   104 10241s
 31247 25938  948.35201   47   35          -  948.00000      -   104 10245s
 31261 25952  948.35201   44   29          -  948.00000      -   104 10250s
 31275 25966  948.35201   50   29          -  948.00000      -   104 10255s
 31284 25975  948.35201   53   29          -  948.00000      -   104 10263s
 31290 25981  948.35201   51   29          -  948.00000      -   104 10265s
 31303 25994  948.35201   42   46          -  948.00000      -   105 10270s
 31317 26008  948.35201   53   29          -  948.00000      -   105 10275s
 31328 26019  948.35201   43   29          -  948.00000      -   105 10283s
 31334 26025  948.35201   50   35          -  948.00000      -   105 10285s
 31341 26032  948.35201   47   35          -  948.00000      -   105 10290s
 31357 26048  948.35201   49   35          -  948.00000      -   105 10295s
 31373 26064  948.35201   48   35          -  948.00000      -   105 10300s
 31390 26081  948.29795   84   20          -  948.00000      -   105 10305s
 31406 26097  948.28776   86   18          -  948.00000      -   105 10310s
 31417 26108  948.00000   98   18          -  948.00000      -   105 10315s
 31442 26131  948.29913   95   21          -  948.00000      -   105 10320s
 31456 26145  948.35201   38   31          -  948.00000      -   105 10325s
 31475 26161  948.00000   78   16          -  948.00000      -   105 10330s
 31495 26180  948.00000   84   20          -  948.00000      -   105 10335s
 31500 26185  948.00000   77   20          -  948.00000      -   105 10340s
 31506 26191  948.00000   78   17          -  948.00000      -   105 10345s
 31525 26210  948.00000   75   17          -  948.00000      -   105 10350s
 31546 26231  948.00000   77   16          -  948.00000      -   105 10355s
 31564 26249  948.36877   83  351          -  948.00000      -   105 10360s
 31584 26269  948.38123   74  324          -  948.00000      -   105 10365s
 31595 26280  948.36877   88  350          -  948.00000      -   105 10373s
 31604 26289  948.36877   83  348          -  948.00000      -   105 10375s
 31608 26293  948.29795   81   19          -  948.00000      -   105 10380s
 31626 26311  948.00000   77   20          -  948.00000      -   105 10385s
 31646 26331  948.29795   80   19          -  948.00000      -   105 10390s
 31666 26351  948.00000   76   17          -  948.00000      -   105 10395s
 31684 26369  948.00000   78   17          -  948.00000      -   105 10404s
 31687 26372  948.38123   79  324          -  948.00000      -   105 10405s
 31703 26388  948.29795   83   19          -  948.00000      -   105 10410s
 31715 26382 infeasible  106               -  948.00000      -   105 10415s
 31723 26374 infeasible  103               -  948.00000      -   105 10420s
 31732 26365 infeasible  107               -  948.00000      -   106 10425s
 31743 26356  948.22888   91   26          -  948.00000      -   106 10434s
 31747 26358  948.38123   74  324          -  948.00000      -   106 10435s
 31759 26370  948.29913   98   16          -  948.00000      -   106 10440s
 31774 26385  948.11292   50   13          -  948.00000      -   106 10445s
 31797 26408  948.11292   40   13          -  948.00000      -   106 10451s
 31817 26428  948.11292   45   15          -  948.00000      -   106 10455s
 31842 26453  948.11292   46   18          -  948.00000      -   106 10460s
 31862 26473  948.11292   50   15          -  948.00000      -   106 10466s
 31890 26501  948.11292   46   16          -  948.00000      -   106 10470s
 31922 26533  948.11292   61   12          -  948.00000      -   106 10475s
 31949 26560  948.11292   41   13          -  948.00000      -   106 10480s
 31951 26562  948.11292   58   12          -  948.00000      -   106 10485s
 31959 26570  948.11292   49   18          -  948.00000      -   106 10490s
 31978 26587  948.09972   46   21          -  948.00000      -   106 10495s
 31997 26606  948.09449   58   29          -  948.00000      -   106 10500s
 32009 26598 infeasible   36               -  948.00000      -   106 10505s
 32020 26587 infeasible   35               -  948.00000      -   107 10510s
 32030 26579  948.22888  102   34          -  948.00000      -   107 10518s
 32034 26583  948.22888   96   29          -  948.00000      -   107 10520s
 32040 26589  948.22888   92   31          -  948.00000      -   107 10527s
 32045 26594  948.22888  103   27          -  948.00000      -   107 10530s
 32054 26587 infeasible   96               -  948.00000      -   107 10535s
 32063 26578 infeasible  100               -  948.00000      -   107 10540s
 32071 26570 infeasible   96               -  948.00000      -   107 10545s
 32084 26573  948.29913   95   17          -  948.00000      -   108 10550s
 32100 26587  948.11290   66   60          -  948.00000      -   108 10555s
 32115 26594  948.11292   66   12          -  948.00000      -   108 10560s
 32129 26601  948.11292   63   26          -  948.00000      -   108 10566s
 32138 26610  948.11292   68   25          -  948.00000      -   108 10570s
 32164 26636  948.11292   70   25          -  948.00000      -   108 10575s
 32182 26649  948.11292   67   26          -  948.00000      -   108 10580s
 32192 26657  948.36877   85  350          -  948.00000      -   108 10586s
 32201 26666  948.22888  101   26          -  948.00000      -   108 10590s
 32215 26680  948.29795   78   19          -  948.00000      -   108 10595s
 32218 26683  948.00000   71  138          -  948.00000      -   108 10600s
 32232 26695  948.00000   69   32          -  948.00000      -   108 10605s
 32248 26709  948.00000  114   27          -  948.00000      -   108 10610s
 32269 26730  948.00000  110   24          -  948.00000      -   108 10615s
 32291 26752  948.00000  114   26          -  948.00000      -   108 10620s
 32300 26761  948.00000  111   27          -  948.00000      -   108 10625s
 32307 26768  948.00000  114   27          -  948.00000      -   108 10632s
 32317 26778  948.00000  112   26          -  948.00000      -   108 10635s
 32340 26801  948.00000  102   26          -  948.00000      -   108 10640s
 32357 26814 infeasible  128               -  948.00000      -   108 10645s
 32377 26832  948.00000   70   24          -  948.00000      -   108 10650s
 32395 26848  948.00000  102   19          -  948.00000      -   108 10655s
 32396 26849  948.00000  100   18          -  948.00000      -   108 10660s
 32409 26860  948.00000   86   21          -  948.00000      -   108 10668s
 32414 26865  948.00000  104   19          -  948.00000      -   108 10670s
 32432 26883  948.00000  110   18          -  948.00000      -   108 10675s
 32446 26897  948.00000   99   23          -  948.00000      -   108 10680s
 32465 26916  948.00000  113   21          -  948.00000      -   108 10685s
 32485 26936  948.00000  113   20          -  948.00000      -   108 10694s
 32489 26940  948.00000  112   21          -  948.00000      -   108 10695s
 32510 26961  948.00000  113   19          -  948.00000      -   108 10700s
 32517 26968  948.00000  120   20          -  948.00000      -   108 10705s
 32538 26989  948.00000  110   19          -  948.00000      -   108 10710s
 32561 27012  948.00000   94   23          -  948.00000      -   108 10715s
 32574 27025  948.00000  116   22          -  948.00000      -   108 10723s
 32581 27032  948.00000   80   37          -  948.00000      -   108 10725s
 32604 27055  948.29795   81   19          -  948.00000      -   108 10730s
 32623 27074  948.00000   88   25          -  948.00000      -   108 10735s
 32627 27077  948.00000   89   16          -  948.00000      -   108 10740s
 32645 27093  948.00000   90   16          -  948.00000      -   108 10745s
 32662 27106  948.36877   82  360          -  948.00000      -   108 10750s
 32663 27107  948.00000   70   39          -  948.00000      -   108 10755s
 32679 27123  948.35201   56   29          -  948.00000      -   108 10762s
 32686 27130  948.00000   58   40          -  948.00000      -   108 10765s
 32701 27145  948.00000   55   33          -  948.00000      -   108 10770s
 32718 27162  948.00000   54   33          -  948.00000      -   108 10775s
 32734 27178  948.00000   55   34          -  948.00000      -   108 10780s
 32750 27194  948.00000   55   41          -  948.00000      -   108 10785s
 32752 27196  948.00000   51   35          -  948.00000      -   108 10790s
 32769 27213  948.00000   90   29          -  948.00000      -   108 10795s
 32787 27231  948.00000   78  224          -  948.00000      -   108 10800s
 32803 27233 infeasible   39               -  948.00000      -   108 10805s
 32817 27239  948.00000  102   19          -  948.00000      -   108 10810s
 32831 27245  948.29913   96   18          -  948.00000      -   108 10815s
 32841 27251  948.29795   76   21          -  948.00000      -   108 10826s
 32853 27263  948.00000   80   36          -  948.00000      -   108 10830s
 32874 27284  948.00000   80   32          -  948.00000      -   108 10835s
 32895 27305  948.00000   59   32          -  948.00000      -   108 10842s
 32908 27316  948.00000   61   27          -  948.00000      -   108 10845s
 32928 27336  948.00000   52   27          -  948.00000      -   108 10850s
 32930 27338  948.00000   76   25          -  948.00000      -   108 10855s
 32949 27357  948.00000   51   27          -  948.00000      -   108 10860s
 32967 27375  948.00000   86   42          -  948.00000      -   108 10865s
 32986 27394  948.00000   94   26          -  948.00000      -   108 10870s
 33003 27411  948.00000  105   19          -  948.00000      -   108 10875s
 33019 27427  948.00000  107   19          -  948.00000      -   108 10883s
 33024 27432  948.00000  112   21          -  948.00000      -   108 10885s
 33046 27454  948.00000  103   21          -  948.00000      -   108 10890s
 33057 27465  948.00000  108   21          -  948.00000      -   108 10896s
 33072 27479  948.00000   96   28          -  948.00000      -   108 10900s
 33094 27501  948.00000  101   19          -  948.00000      -   108 10905s
 33108 27515  948.00000   95   22          -  948.00000      -   108 10914s
 33111 27518  948.00000   97   19          -  948.00000      -   108 10915s
 33132 27539  948.00000  103   22          -  948.00000      -   108 10920s
 33152 27559  948.00000   97   28          -  948.00000      -   107 10925s
 33165 27572  948.00000  104   18          -  948.00000      -   107 10932s
 33177 27584  948.00000   95   16          -  948.00000      -   107 10935s
 33196 27603  948.00000  104   19          -  948.00000      -   107 10940s
 33197 27604  948.00000  105   18          -  948.00000      -   107 10945s
 33216 27623  948.00000  106   19          -  948.00000      -   107 10950s
 33232 27639  948.00000  108   20          -  948.00000      -   107 10955s
 33253 27660  948.00000  104   31          -  948.00000      -   107 10960s
 33273 27680  948.00000  108   21          -  948.00000      -   107 10965s
 33286 27693  948.00000  104   17          -  948.00000      -   107 10973s
 33294 27701  948.00000  108   20          -  948.00000      -   107 10975s
 33316 27723  948.00000  103   19          -  948.00000      -   107 10980s
 33327 27734  948.00000  107   21          -  948.00000      -   107 10986s
 33344 27751  948.00000  112   21          -  948.00000      -   107 10990s
 33368 27775  948.00000  105   18          -  948.00000      -   107 10995s
 33375 27782  948.00000  110   18          -  948.00000      -   107 11001s
 33382 27789  948.00000  113   18          -  948.00000      -   107 11005s
 33404 27811  948.00000  115   18          -  948.00000      -   107 11010s
 33425 27832  948.80992  107   21          -  948.00000      -   107 11015s
 33444 27851  948.00000  102   20          -  948.00000      -   107 11020s
 33464 27871  948.00000  108   23          -  948.00000      -   107 11030s
 33485 27892  948.00000  109   23          -  948.00000      -   107 11035s
 33489 27896  948.00000  112   19          -  948.00000      -   107 11040s
 33510 27917  948.00000   97   39          -  948.00000      -   107 11045s
 33532 27939  948.00000  110   18          -  948.00000      -   107 11050s
 33551 27958  948.00000  105   18          -  948.00000      -   107 11055s
 33553 27960  948.00000  107   17          -  948.00000      -   107 11060s
 33573 27980  948.00000  107   27          -  948.00000      -   106 11065s
 33593 28000  948.00000  101   18          -  948.00000      -   106 11070s
 33599 28006  948.00000  107   19          -  948.00000      -   106 11075s
 33622 28029  948.00000  100   17          -  948.00000      -   106 11080s
 33642 28049  948.00000  105   19          -  948.00000      -   106 11090s
 33651 28058  948.00000  103   16          -  948.00000      -   106 11095s
 33670 28077  948.00000  104   16          -  948.00000      -   106 11100s
 33692 28099  948.00000  105   22          -  948.00000      -   106 11105s
 33713 28120  948.00000  109   20          -  948.00000      -   106 11110s
 33731 28138  948.00000  113   17          -  948.00000      -   106 11119s
 33732 28139  948.00000  114   18          -  948.00000      -   106 11120s
 33754 28161  948.00000   97   17          -  948.00000      -   106 11125s
 33773 28180  948.00000  104   19          -  948.00000      -   106 11130s
 33794 28201  948.00000   98   16          -  948.00000      -   106 11135s
 33813 28220  948.00000  108   18          -  948.00000      -   106 11143s
 33820 28227  948.00000   97   28          -  948.00000      -   106 11150s
 33841 28248  948.00000  101   18          -  948.00000      -   106 11155s
 33862 28269  948.00000  108   18          -  948.00000      -   106 11160s
 33880 28287  948.00000   99   18          -  948.00000      -   106 11165s
 33900 28307  948.00000  108   28          -  948.00000      -   106 11170s
 33909 28316  948.00000  111   18          -  948.00000      -   106 11177s
 33920 28327  948.00000   96   17          -  948.00000      -   106 11180s
 33926 28333  948.00000  102   18          -  948.00000      -   106 11185s
 33945 28352  948.00000   62   35          -  948.00000      -   106 11190s
 33963 28368  948.00000   83   31          -  948.00000      -   106 11195s
 33984 28389  948.00000   75   25          -  948.00000      -   106 11200s
 33998 28401  948.00000   59   35          -  948.00000      -   106 11207s
 34006 28407  948.00000   53   46          -  948.00000      -   106 11210s
 34025 28425  948.80992  114   38          -  948.00000      -   106 11215s
 34029 28429  948.35201   38   30          -  948.00000      -   106 11220s
 34044 28444  948.35201   43   32          -  948.00000      -   106 11225s
 34060 28460  948.00000   57   26          -  948.00000      -   106 11230s
 34079 28477  948.00000   54  111          -  948.00000      -   106 11235s
 34085 28483  948.00000   83   42          -  948.00000      -   106 11240s
 34096 28494  948.00000   61   19          -  948.00000      -   106 11245s
 34115 28513  948.00000   82   30          -  948.00000      -   106 11250s
 34133 28531  948.00000  116   20          -  948.00000      -   106 11255s
 34150 28548  948.26963   80   30          -  948.00000      -   106 11260s
 34166 28562 infeasible   71               -  948.00000      -   106 11265s
 34176 28570  948.61292   38   24          -  948.00000      -   106 11272s
 34187 28579  948.00000   55   35          -  948.00000      -   106 11275s
 34192 28584  948.00000   54   33          -  948.00000      -   106 11280s
 34210 28600  948.00000   56   32          -  948.00000      -   106 11285s
 34229 28609  948.00000   43   26          -  948.00000      -   106 11290s
 34245 28625  948.00000   85   31          -  948.00000      -   106 11295s
 34265 28643  948.11292   66   13          -  948.00000      -   106 11302s
 34285 28663  948.11292   63   13          -  948.00000      -   106 11305s
 34299 28675  948.00000   55   63          -  948.00000      -   106 11310s
 34318 28692  948.35201   63   30          -  948.00000      -   106 11315s
 34336 28710  948.00000   76   24          -  948.00000      -   106 11320s
 34354 28724  948.38123   79  324          -  948.00000      -   106 11330s
 34375 28731  948.00000   58   35          -  948.00000      -   106 11491s
 34390 28744  948.00000   57   82          -  948.00000      -   106 11495s
 34407 28761  948.00000   58   81          -  948.00000      -   106 11503s
 34411 28765  948.00000   56   35          -  948.00000      -   106 11505s
 34430 28784  948.00000   82   24          -  948.00000      -   106 11510s
 34443 28794  948.00000   79  103          -  948.00000      -   106 11519s
 34447 28798  948.00000   79  104          -  948.00000      -   106 11520s
 34461 28812  948.00000   59   27          -  948.00000      -   106 11525s
 34479 28830  948.36877   83  351          -  948.00000      -   106 11530s
 34495 28828 infeasible  101               -  948.00000      -   106 11535s
 34508 28823 infeasible  109               -  948.00000      -   107 11540s
 34522 28809 infeasible   39               -  948.00000      -   107 11545s
 34532 28809  948.38123   76  324          -  948.00000      -   107 11551s
 34539 28802 infeasible   36               -  948.00000      -   107 11555s
 34557 28810  948.00000  113   21          -  948.00000      -   107 11560s
 34570 28823  948.00000  118   16          -  948.00000      -   107 11565s
 34582 28835  948.00000  103  278          -  948.00000      -   107 11570s
 34592 28845  948.00000  111   16          -  948.00000      -   107 11575s
 34604 28857  948.00000  116   19          -  948.00000      -   107 11580s
 34616 28869  948.00000  117   19          -  948.00000      -   107 11585s
 34621 28872  948.00000   76   21          -  948.00000      -   107 11592s
 34631 28882  948.00000   81  173          -  948.00000      -   107 11595s
 34636 28887  948.00000   83   22          -  948.00000      -   107 11603s
 34639 28890  948.00000   79   22          -  948.00000      -   107 11605s
 34656 28907  948.02977   87  238          -  948.00000      -   107 11610s
 34669 28920  948.00000   78   34          -  948.00000      -   107 11615s
 34684 28935  948.00000   61   35          -  948.00000      -   107 11620s
 34690 28940  948.00000   56   27          -  948.00000      -   107 11626s
 34704 28954  948.00000   62   33          -  948.00000      -   107 11630s
 34710 28960  948.00000   58   35          -  948.00000      -   107 11637s
 34722 28972  948.00000   58   26          -  948.00000      -   107 11640s
 34744 28994  948.00000  118   17          -  948.00000      -   107 11646s
 34758 29008  948.10173   63  358          -  948.00000      -   107 11650s
 34776 29026  948.00000   55   25          -  948.00000      -   107 11655s
 34792 29042  948.00000   84   42          -  948.00000      -   107 11660s
 34799 29049  948.00000   62   27          -  948.00000      -   107 11670s
 34821 29071  948.00000   85   22          -  948.00000      -   107 11675s
 34843 29093  948.00000   65   86          -  948.00000      -   107 11680s
 34867 29117  948.63734   83  194          -  948.00000      -   107 11685s
 34882 29132  948.00000   83  233          -  948.00000      -   107 11690s
 34888 29138  948.00000   61   30          -  948.00000      -   107 11696s
 34906 29154  948.00000   58   30          -  948.00000      -   107 11700s
 34927 29175  948.00000   57   27          -  948.00000      -   107 11705s
 34950 29198  948.00000   58   25          -  948.00000      -   107 11710s
 34960 29208  948.00000  107   18          -  948.00000      -   107 11717s
 34973 29221  948.00000   57   25          -  948.00000      -   107 11720s
 34977 29225  948.00000   57   38          -  948.00000      -   107 11727s
 34988 29230  948.00000  112   16          -  948.00000      -   108 11730s
 35001 29243  948.00000   84   22          -  948.00000      -   108 11735s
 35018 29259  948.61292   37   23          -  948.00000      -   108 11740s
 35041 29282  948.00000   65   28          -  948.00000      -   108 11745s
 35053 29294  948.03239   87  252          -  948.00000      -   108 11750s
 35066 29307  948.00000   55   27          -  948.00000      -   108 11758s
 35068 29309  948.00000   60   25          -  948.00000      -   108 11762s
 35078 29319  948.60857   55   52          -  948.00000      -   108 11765s

Cutting planes:
  Gomory: 35
  Lift-and-project: 177
  Cover: 17
  Clique: 9
  MIR: 17
  StrongCG: 5
  Flow cover: 26
  GUB cover: 1
  Zero half: 24
  Mod-K: 2
  RLT: 4
  Relax-and-lift: 3

Explored 35082 nodes (3810360 simplex iterations) in 11765.70 seconds (19307.52 work units)
Thread count was 1 (of 16 available processors)

Solution count 0

Solve interrupted
Best objective -, best bound 9.480000000000e+02, gap -

User-callback calls 1455147, time in user-callback 190.97 sec
