
Gurobi 13.0.2 (win64) logging started Fri Oct  2 11:19:08 2026

Set parameter LogFile to value "C:\Users\kjw39\Documents\Codex\2026-10-02\m1-benders-x0-certificate-repair\worktree\docs\v42_m1_benders_x0_certificate_repair\FIXTURE_RAW\G\phase1\raw_solver.log"
Set parameter Threads to value 1
Set parameter Seed to value 20260929
Set parameter Method to value 1
Set parameter NodeMethod to value 1
Set parameter FeasibilityTol to value 1e-07
Set parameter OptimalityTol to value 1e-07
Set parameter IntFeasTol to value 1e-07
Set parameter NumericFocus to value 1
Set parameter InfUnbdInfo to value 1
Set parameter DualReductions to value 0
Set parameter SoftMemLimit to value 12
Set parameter MIPGap to value 0
Set parameter TimeLimit to value 60
Set parameter TimeLimit to value 30
Gurobi Optimizer version 13.0.2 build v13.0.2rc1 (win64 - Windows 11+.0 (26200.2))

CPU model: 13th Gen Intel(R) Core(TM) i7-13620H, instruction set [SSE2|AVX|AVX2]
Thread count: 10 physical cores, 16 logical processors, using up to 1 threads

Non-default parameters:
TimeLimit  30
SoftMemLimit  12
FeasibilityTol  1e-07
IntFeasTol  1e-07
MIPGap  0
OptimalityTol  1e-07
Method  1
NodeMethod  1
DualReductions  0
InfUnbdInfo  1
LogToConsole  0
NumericFocus  1
Seed  20260929
Threads  1

Optimize a model with 85 rows, 106 columns and 297 nonzeros (Min)
Model fingerprint: 0x6a30506b
Model has 93 linear objective coefficients
Coefficient statistics:
  Matrix range     [5e-04, 1e+00]
  Objective range  [6e-02, 1e+00]
  Bounds range     [2e+01, 2e+01]
  RHS range        [4e-02, 2e+01]

Presolve time: 0.00s
Presolved: 70 rows, 102 columns, 239 nonzeros

Iteration    Objective       Primal Inf.    Dual Inf.      Time
       0    2.0000000e+00   2.535523e+02   0.000000e+00      0s
      11    2.0500000e+00   0.000000e+00   0.000000e+00      0s

Solved in 11 iterations and 0.00 seconds (0.00 work units)
Optimal objective  2.050000000e+00

User-callback calls 71, time in user-callback 0.00 sec
Set parameter TimeLimit to value 30
Gurobi Optimizer version 13.0.2 build v13.0.2rc1 (win64 - Windows 11+.0 (26200.2))

CPU model: 13th Gen Intel(R) Core(TM) i7-13620H, instruction set [SSE2|AVX|AVX2]
Thread count: 10 physical cores, 16 logical processors, using up to 1 threads

Non-default parameters:
TimeLimit  30
SoftMemLimit  12
FeasibilityTol  1e-07
IntFeasTol  1e-07
MIPGap  0
OptimalityTol  1e-07
Method  1
NodeMethod  1
DualReductions  0
InfUnbdInfo  1
LogToConsole  0
NumericFocus  1
Seed  20260929
Threads  1

Optimize a model with 85 rows, 106 columns and 297 nonzeros (Min)
Model has 93 linear objective coefficients
Coefficient statistics:
  Matrix range     [5e-04, 1e+00]
  Objective range  [6e-02, 1e+00]
  Bounds range     [2e+01, 2e+01]
  RHS range        [4e-02, 2e+01]

LP warm-start: use basis

Iteration    Objective       Primal Inf.    Dual Inf.      Time
       0    2.0500000e+00   0.000000e+00   0.000000e+00      0s

Solved in 0 iterations and 0.00 seconds (0.00 work units)
Optimal objective  2.050000000e+00

User-callback calls 38, time in user-callback 0.00 sec
Set parameter TimeLimit to value 30
Gurobi Optimizer version 13.0.2 build v13.0.2rc1 (win64 - Windows 11+.0 (26200.2))

CPU model: 13th Gen Intel(R) Core(TM) i7-13620H, instruction set [SSE2|AVX|AVX2]
Thread count: 10 physical cores, 16 logical processors, using up to 1 threads

Non-default parameters:
TimeLimit  30
SoftMemLimit  12
FeasibilityTol  1e-07
IntFeasTol  1e-07
MIPGap  0
OptimalityTol  1e-07
Method  1
NodeMethod  1
DualReductions  0
InfUnbdInfo  1
LogToConsole  0
NumericFocus  1
Seed  20260929
Threads  1

Optimize a model with 85 rows, 106 columns and 297 nonzeros (Min)
Model has 93 linear objective coefficients
Coefficient statistics:
  Matrix range     [5e-04, 1e+00]
  Objective range  [6e-02, 1e+00]
  Bounds range     [2e+01, 2e+01]
  RHS range        [4e-02, 2e+01]

LP warm-start: use basis

Iteration    Objective       Primal Inf.    Dual Inf.      Time
       0    2.0500000e+00   0.000000e+00   0.000000e+00      0s

Solved in 0 iterations and 0.00 seconds (0.00 work units)
Optimal objective  2.050000000e+00

User-callback calls 38, time in user-callback 0.00 sec
Set parameter TimeLimit to value 30
Gurobi Optimizer version 13.0.2 build v13.0.2rc1 (win64 - Windows 11+.0 (26200.2))

CPU model: 13th Gen Intel(R) Core(TM) i7-13620H, instruction set [SSE2|AVX|AVX2]
Thread count: 10 physical cores, 16 logical processors, using up to 1 threads

Non-default parameters:
TimeLimit  30
SoftMemLimit  12
FeasibilityTol  1e-07
IntFeasTol  1e-07
MIPGap  0
OptimalityTol  1e-07
Method  1
NodeMethod  1
DualReductions  0
InfUnbdInfo  1
LogToConsole  0
NumericFocus  1
Seed  20260929
Threads  1

Optimize a model with 85 rows, 106 columns and 297 nonzeros (Min)
Model has 93 linear objective coefficients
Coefficient statistics:
  Matrix range     [5e-04, 1e+00]
  Objective range  [6e-02, 1e+00]
  Bounds range     [2e+01, 2e+01]
  RHS range        [4e-02, 2e+01]

LP warm-start: use basis

Iteration    Objective       Primal Inf.    Dual Inf.      Time
       0    2.0500000e+00   0.000000e+00   0.000000e+00      0s

Solved in 0 iterations and 0.00 seconds (0.00 work units)
Optimal objective  2.050000000e+00

User-callback calls 38, time in user-callback 0.00 sec
Set parameter TimeLimit to value 30
Gurobi Optimizer version 13.0.2 build v13.0.2rc1 (win64 - Windows 11+.0 (26200.2))

CPU model: 13th Gen Intel(R) Core(TM) i7-13620H, instruction set [SSE2|AVX|AVX2]
Thread count: 10 physical cores, 16 logical processors, using up to 1 threads

Non-default parameters:
TimeLimit  30
SoftMemLimit  12
FeasibilityTol  1e-07
IntFeasTol  1e-07
MIPGap  0
OptimalityTol  1e-07
Method  1
NodeMethod  1
DualReductions  0
InfUnbdInfo  1
LogToConsole  0
NumericFocus  1
Seed  20260929
Threads  1

Optimize a model with 85 rows, 106 columns and 297 nonzeros (Min)
Model has 93 linear objective coefficients
Coefficient statistics:
  Matrix range     [5e-04, 1e+00]
  Objective range  [6e-02, 1e+00]
  Bounds range     [2e+01, 2e+01]
  RHS range        [4e-02, 2e+01]

LP warm-start: use basis

Iteration    Objective       Primal Inf.    Dual Inf.      Time
       0    1.1891169e-01   8.655836e+01   0.000000e+00      0s
       4    2.3000000e+00   0.000000e+00   0.000000e+00      0s

Solved in 4 iterations and 0.00 seconds (0.00 work units)
Optimal objective  2.300000000e+00

User-callback calls 44, time in user-callback 0.00 sec
Set parameter TimeLimit to value 30
Gurobi Optimizer version 13.0.2 build v13.0.2rc1 (win64 - Windows 11+.0 (26200.2))

CPU model: 13th Gen Intel(R) Core(TM) i7-13620H, instruction set [SSE2|AVX|AVX2]
Thread count: 10 physical cores, 16 logical processors, using up to 1 threads

Non-default parameters:
TimeLimit  30
SoftMemLimit  12
FeasibilityTol  1e-07
IntFeasTol  1e-07
MIPGap  0
OptimalityTol  1e-07
Method  1
NodeMethod  1
DualReductions  0
InfUnbdInfo  1
LogToConsole  0
NumericFocus  1
Seed  20260929
Threads  1

Optimize a model with 85 rows, 106 columns and 297 nonzeros (Min)
Model has 93 linear objective coefficients
Coefficient statistics:
  Matrix range     [5e-04, 1e+00]
  Objective range  [6e-02, 1e+00]
  Bounds range     [2e+01, 2e+01]
  RHS range        [4e-02, 2e+01]

LP warm-start: use basis

Iteration    Objective       Primal Inf.    Dual Inf.      Time
       0    2.3000000e+00   0.000000e+00   0.000000e+00      0s

Solved in 0 iterations and 0.00 seconds (0.00 work units)
Optimal objective  2.300000000e+00

User-callback calls 38, time in user-callback 0.00 sec
Set parameter TimeLimit to value 30
Gurobi Optimizer version 13.0.2 build v13.0.2rc1 (win64 - Windows 11+.0 (26200.2))

CPU model: 13th Gen Intel(R) Core(TM) i7-13620H, instruction set [SSE2|AVX|AVX2]
Thread count: 10 physical cores, 16 logical processors, using up to 1 threads

Non-default parameters:
TimeLimit  30
SoftMemLimit  12
FeasibilityTol  1e-07
IntFeasTol  1e-07
MIPGap  0
OptimalityTol  1e-07
Method  1
NodeMethod  1
DualReductions  0
InfUnbdInfo  1
LogToConsole  0
NumericFocus  1
Seed  20260929
Threads  1

Optimize a model with 85 rows, 106 columns and 297 nonzeros (Min)
Model has 93 linear objective coefficients
Coefficient statistics:
  Matrix range     [5e-04, 1e+00]
  Objective range  [6e-02, 1e+00]
  Bounds range     [2e+01, 2e+01]
  RHS range        [4e-02, 2e+01]

LP warm-start: use basis

Iteration    Objective       Primal Inf.    Dual Inf.      Time
       0    2.3000000e+00   0.000000e+00   0.000000e+00      0s

Solved in 0 iterations and 0.00 seconds (0.00 work units)
Optimal objective  2.300000000e+00

User-callback calls 38, time in user-callback 0.00 sec
Set parameter TimeLimit to value 30
Gurobi Optimizer version 13.0.2 build v13.0.2rc1 (win64 - Windows 11+.0 (26200.2))

CPU model: 13th Gen Intel(R) Core(TM) i7-13620H, instruction set [SSE2|AVX|AVX2]
Thread count: 10 physical cores, 16 logical processors, using up to 1 threads

Non-default parameters:
TimeLimit  30
SoftMemLimit  12
FeasibilityTol  1e-07
IntFeasTol  1e-07
MIPGap  0
OptimalityTol  1e-07
Method  1
NodeMethod  1
DualReductions  0
InfUnbdInfo  1
LogToConsole  0
NumericFocus  1
Seed  20260929
Threads  1

Optimize a model with 85 rows, 106 columns and 297 nonzeros (Min)
Model has 93 linear objective coefficients
Coefficient statistics:
  Matrix range     [5e-04, 1e+00]
  Objective range  [6e-02, 1e+00]
  Bounds range     [2e+01, 2e+01]
  RHS range        [4e-02, 2e+01]

LP warm-start: use basis

Iteration    Objective       Primal Inf.    Dual Inf.      Time
       0    2.3000000e+00   0.000000e+00   0.000000e+00      0s

Solved in 0 iterations and 0.00 seconds (0.00 work units)
Optimal objective  2.300000000e+00

User-callback calls 38, time in user-callback 0.00 sec
Set parameter TimeLimit to value 30
Gurobi Optimizer version 13.0.2 build v13.0.2rc1 (win64 - Windows 11+.0 (26200.2))

CPU model: 13th Gen Intel(R) Core(TM) i7-13620H, instruction set [SSE2|AVX|AVX2]
Thread count: 10 physical cores, 16 logical processors, using up to 1 threads

Non-default parameters:
TimeLimit  30
SoftMemLimit  12
FeasibilityTol  1e-07
IntFeasTol  1e-07
MIPGap  0
OptimalityTol  1e-07
Method  1
NodeMethod  1
DualReductions  0
InfUnbdInfo  1
LogToConsole  0
NumericFocus  1
Seed  20260929
Threads  1

Optimize a model with 85 rows, 106 columns and 297 nonzeros (Min)
Model has 93 linear objective coefficients
Coefficient statistics:
  Matrix range     [5e-04, 1e+00]
  Objective range  [6e-02, 1e+00]
  Bounds range     [2e+01, 2e+01]
  RHS range        [4e-02, 2e+01]

LP warm-start: use basis

Iteration    Objective       Primal Inf.    Dual Inf.      Time
       0    2.0625000e+00   0.000000e+00   0.000000e+00      0s

Solved in 0 iterations and 0.00 seconds (0.00 work units)
Optimal objective  2.062500000e+00

User-callback calls 38, time in user-callback 0.00 sec
Set parameter TimeLimit to value 30
Gurobi Optimizer version 13.0.2 build v13.0.2rc1 (win64 - Windows 11+.0 (26200.2))

CPU model: 13th Gen Intel(R) Core(TM) i7-13620H, instruction set [SSE2|AVX|AVX2]
Thread count: 10 physical cores, 16 logical processors, using up to 1 threads

Non-default parameters:
TimeLimit  30
SoftMemLimit  12
FeasibilityTol  1e-07
IntFeasTol  1e-07
MIPGap  0
OptimalityTol  1e-07
Method  1
NodeMethod  1
DualReductions  0
InfUnbdInfo  1
LogToConsole  0
NumericFocus  1
Seed  20260929
Threads  1

Optimize a model with 85 rows, 106 columns and 297 nonzeros (Min)
Model has 93 linear objective coefficients
Coefficient statistics:
  Matrix range     [5e-04, 1e+00]
  Objective range  [6e-02, 1e+00]
  Bounds range     [2e+01, 2e+01]
  RHS range        [4e-02, 2e+01]

LP warm-start: use basis

Iteration    Objective       Primal Inf.    Dual Inf.      Time
       0    2.0625000e+00   0.000000e+00   0.000000e+00      0s

Solved in 0 iterations and 0.00 seconds (0.00 work units)
Optimal objective  2.062500000e+00

User-callback calls 38, time in user-callback 0.00 sec
Set parameter TimeLimit to value 30
Gurobi Optimizer version 13.0.2 build v13.0.2rc1 (win64 - Windows 11+.0 (26200.2))

CPU model: 13th Gen Intel(R) Core(TM) i7-13620H, instruction set [SSE2|AVX|AVX2]
Thread count: 10 physical cores, 16 logical processors, using up to 1 threads

Non-default parameters:
TimeLimit  30
SoftMemLimit  12
FeasibilityTol  1e-07
IntFeasTol  1e-07
MIPGap  0
OptimalityTol  1e-07
Method  1
NodeMethod  1
DualReductions  0
InfUnbdInfo  1
LogToConsole  0
NumericFocus  1
Seed  20260929
Threads  1

Optimize a model with 85 rows, 106 columns and 297 nonzeros (Min)
Model has 93 linear objective coefficients
Coefficient statistics:
  Matrix range     [5e-04, 1e+00]
  Objective range  [6e-02, 1e+00]
  Bounds range     [2e+01, 2e+01]
  RHS range        [4e-02, 2e+01]

LP warm-start: use basis

Iteration    Objective       Primal Inf.    Dual Inf.      Time
       0    2.0625000e+00   0.000000e+00   0.000000e+00      0s

Solved in 0 iterations and 0.00 seconds (0.00 work units)
Optimal objective  2.062500000e+00

User-callback calls 38, time in user-callback 0.00 sec
Set parameter TimeLimit to value 30
Gurobi Optimizer version 13.0.2 build v13.0.2rc1 (win64 - Windows 11+.0 (26200.2))

CPU model: 13th Gen Intel(R) Core(TM) i7-13620H, instruction set [SSE2|AVX|AVX2]
Thread count: 10 physical cores, 16 logical processors, using up to 1 threads

Non-default parameters:
TimeLimit  30
SoftMemLimit  12
FeasibilityTol  1e-07
IntFeasTol  1e-07
MIPGap  0
OptimalityTol  1e-07
Method  1
NodeMethod  1
DualReductions  0
InfUnbdInfo  1
LogToConsole  0
NumericFocus  1
Seed  20260929
Threads  1

Optimize a model with 85 rows, 106 columns and 297 nonzeros (Min)
Model has 93 linear objective coefficients
Coefficient statistics:
  Matrix range     [5e-04, 1e+00]
  Objective range  [6e-02, 1e+00]
  Bounds range     [2e+01, 2e+01]
  RHS range        [4e-02, 2e+01]

LP warm-start: use basis

Iteration    Objective       Primal Inf.    Dual Inf.      Time
       0    2.0625000e+00   0.000000e+00   0.000000e+00      0s

Solved in 0 iterations and 0.00 seconds (0.00 work units)
Optimal objective  2.062500000e+00

User-callback calls 38, time in user-callback 0.00 sec
Set parameter TimeLimit to value 30
Gurobi Optimizer version 13.0.2 build v13.0.2rc1 (win64 - Windows 11+.0 (26200.2))

CPU model: 13th Gen Intel(R) Core(TM) i7-13620H, instruction set [SSE2|AVX|AVX2]
Thread count: 10 physical cores, 16 logical processors, using up to 1 threads

Non-default parameters:
TimeLimit  30
SoftMemLimit  12
FeasibilityTol  1e-07
IntFeasTol  1e-07
MIPGap  0
OptimalityTol  1e-07
Method  1
NodeMethod  1
DualReductions  0
InfUnbdInfo  1
LogToConsole  0
NumericFocus  1
Seed  20260929
Threads  1

Optimize a model with 85 rows, 106 columns and 297 nonzeros (Min)
Model has 93 linear objective coefficients
Coefficient statistics:
  Matrix range     [5e-04, 1e+00]
  Objective range  [6e-02, 1e+00]
  Bounds range     [2e+01, 2e+01]
  RHS range        [4e-02, 2e+01]

LP warm-start: use basis

Iteration    Objective       Primal Inf.    Dual Inf.      Time
       0    2.3125000e+00   1.000000e+00   0.000000e+00      0s
       1    4.3125000e+00   0.000000e+00   0.000000e+00      0s

Solved in 1 iterations and 0.00 seconds (0.00 work units)
Optimal objective  4.312500000e+00

User-callback calls 41, time in user-callback 0.00 sec
Set parameter TimeLimit to value 30
Gurobi Optimizer version 13.0.2 build v13.0.2rc1 (win64 - Windows 11+.0 (26200.2))

CPU model: 13th Gen Intel(R) Core(TM) i7-13620H, instruction set [SSE2|AVX|AVX2]
Thread count: 10 physical cores, 16 logical processors, using up to 1 threads

Non-default parameters:
TimeLimit  30
SoftMemLimit  12
FeasibilityTol  1e-07
IntFeasTol  1e-07
MIPGap  0
OptimalityTol  1e-07
Method  1
NodeMethod  1
DualReductions  0
InfUnbdInfo  1
LogToConsole  0
NumericFocus  1
Seed  20260929
Threads  1

Optimize a model with 85 rows, 106 columns and 297 nonzeros (Min)
Model has 93 linear objective coefficients
Coefficient statistics:
  Matrix range     [5e-04, 1e+00]
  Objective range  [6e-02, 1e+00]
  Bounds range     [2e+01, 2e+01]
  RHS range        [4e-02, 2e+01]

LP warm-start: use basis

Iteration    Objective       Primal Inf.    Dual Inf.      Time
       0    4.3125000e+00   0.000000e+00   0.000000e+00      0s

Solved in 0 iterations and 0.00 seconds (0.00 work units)
Optimal objective  4.312500000e+00

User-callback calls 38, time in user-callback 0.00 sec
Set parameter TimeLimit to value 30
Gurobi Optimizer version 13.0.2 build v13.0.2rc1 (win64 - Windows 11+.0 (26200.2))

CPU model: 13th Gen Intel(R) Core(TM) i7-13620H, instruction set [SSE2|AVX|AVX2]
Thread count: 10 physical cores, 16 logical processors, using up to 1 threads

Non-default parameters:
TimeLimit  30
SoftMemLimit  12
FeasibilityTol  1e-07
IntFeasTol  1e-07
MIPGap  0
OptimalityTol  1e-07
Method  1
NodeMethod  1
DualReductions  0
InfUnbdInfo  1
LogToConsole  0
NumericFocus  1
Seed  20260929
Threads  1

Optimize a model with 85 rows, 106 columns and 297 nonzeros (Min)
Model has 93 linear objective coefficients
Coefficient statistics:
  Matrix range     [5e-04, 1e+00]
  Objective range  [6e-02, 1e+00]
  Bounds range     [2e+01, 2e+01]
  RHS range        [4e-02, 2e+01]

LP warm-start: use basis

Iteration    Objective       Primal Inf.    Dual Inf.      Time
       0    4.3125000e+00   0.000000e+00   0.000000e+00      0s

Solved in 0 iterations and 0.00 seconds (0.00 work units)
Optimal objective  4.312500000e+00

User-callback calls 38, time in user-callback 0.00 sec
Set parameter TimeLimit to value 30
Gurobi Optimizer version 13.0.2 build v13.0.2rc1 (win64 - Windows 11+.0 (26200.2))

CPU model: 13th Gen Intel(R) Core(TM) i7-13620H, instruction set [SSE2|AVX|AVX2]
Thread count: 10 physical cores, 16 logical processors, using up to 1 threads

Non-default parameters:
TimeLimit  30
SoftMemLimit  12
FeasibilityTol  1e-07
IntFeasTol  1e-07
MIPGap  0
OptimalityTol  1e-07
Method  1
NodeMethod  1
DualReductions  0
InfUnbdInfo  1
LogToConsole  0
NumericFocus  1
Seed  20260929
Threads  1

Optimize a model with 85 rows, 106 columns and 297 nonzeros (Min)
Model has 93 linear objective coefficients
Coefficient statistics:
  Matrix range     [5e-04, 1e+00]
  Objective range  [6e-02, 1e+00]
  Bounds range     [2e+01, 2e+01]
  RHS range        [4e-02, 2e+01]

LP warm-start: use basis

Iteration    Objective       Primal Inf.    Dual Inf.      Time
       0    4.3125000e+00   0.000000e+00   0.000000e+00      0s

Solved in 0 iterations and 0.00 seconds (0.00 work units)
Optimal objective  4.312500000e+00

User-callback calls 38, time in user-callback 0.00 sec
Set parameter TimeLimit to value 30
Gurobi Optimizer version 13.0.2 build v13.0.2rc1 (win64 - Windows 11+.0 (26200.2))

CPU model: 13th Gen Intel(R) Core(TM) i7-13620H, instruction set [SSE2|AVX|AVX2]
Thread count: 10 physical cores, 16 logical processors, using up to 1 threads

Non-default parameters:
TimeLimit  30
SoftMemLimit  12
FeasibilityTol  1e-07
IntFeasTol  1e-07
MIPGap  0
OptimalityTol  1e-07
Method  1
NodeMethod  1
DualReductions  0
InfUnbdInfo  1
LogToConsole  0
NumericFocus  1
Seed  20260929
Threads  1

Optimize a model with 85 rows, 106 columns and 297 nonzeros (Min)
Model has 93 linear objective coefficients
Coefficient statistics:
  Matrix range     [5e-04, 1e+00]
  Objective range  [6e-02, 1e+00]
  Bounds range     [2e+01, 2e+01]
  RHS range        [4e-02, 2e+01]

LP warm-start: use basis

Iteration    Objective       Primal Inf.    Dual Inf.      Time
       0   -2.0832649e+00   3.865147e+01   0.000000e+00      0s
       7    2.0500000e+00   0.000000e+00   0.000000e+00      0s

Solved in 7 iterations and 0.00 seconds (0.00 work units)
Optimal objective  2.050000000e+00

User-callback calls 47, time in user-callback 0.00 sec
Set parameter TimeLimit to value 30
Gurobi Optimizer version 13.0.2 build v13.0.2rc1 (win64 - Windows 11+.0 (26200.2))

CPU model: 13th Gen Intel(R) Core(TM) i7-13620H, instruction set [SSE2|AVX|AVX2]
Thread count: 10 physical cores, 16 logical processors, using up to 1 threads

Non-default parameters:
TimeLimit  30
SoftMemLimit  12
FeasibilityTol  1e-07
IntFeasTol  1e-07
MIPGap  0
OptimalityTol  1e-07
Method  1
NodeMethod  1
DualReductions  0
InfUnbdInfo  1
LogToConsole  0
NumericFocus  1
Seed  20260929
Threads  1

Optimize a model with 85 rows, 106 columns and 297 nonzeros (Min)
Model has 93 linear objective coefficients
Coefficient statistics:
  Matrix range     [5e-04, 1e+00]
  Objective range  [6e-02, 1e+00]
  Bounds range     [2e+01, 2e+01]
  RHS range        [4e-02, 2e+01]

LP warm-start: use basis

Iteration    Objective       Primal Inf.    Dual Inf.      Time
       0    1.8250000e+00   1.877592e+01   0.000000e+00      0s
       7    2.0500000e+00   0.000000e+00   0.000000e+00      0s

Solved in 7 iterations and 0.00 seconds (0.00 work units)
Optimal objective  2.050000000e+00

User-callback calls 47, time in user-callback 0.00 sec
Set parameter TimeLimit to value 30
Gurobi Optimizer version 13.0.2 build v13.0.2rc1 (win64 - Windows 11+.0 (26200.2))

CPU model: 13th Gen Intel(R) Core(TM) i7-13620H, instruction set [SSE2|AVX|AVX2]
Thread count: 10 physical cores, 16 logical processors, using up to 1 threads

Non-default parameters:
TimeLimit  30
SoftMemLimit  12
FeasibilityTol  1e-07
IntFeasTol  1e-07
MIPGap  0
OptimalityTol  1e-07
Method  1
NodeMethod  1
DualReductions  0
InfUnbdInfo  1
LogToConsole  0
NumericFocus  1
Seed  20260929
Threads  1

Optimize a model with 85 rows, 106 columns and 297 nonzeros (Min)
Model has 93 linear objective coefficients
Coefficient statistics:
  Matrix range     [5e-04, 1e+00]
  Objective range  [6e-02, 1e+00]
  Bounds range     [2e+01, 2e+01]
  RHS range        [4e-02, 2e+01]

LP warm-start: use basis

Iteration    Objective       Primal Inf.    Dual Inf.      Time
       0    2.0500000e+00   0.000000e+00   0.000000e+00      0s

Solved in 0 iterations and 0.00 seconds (0.00 work units)
Optimal objective  2.050000000e+00

User-callback calls 38, time in user-callback 0.00 sec
Set parameter TimeLimit to value 30
Gurobi Optimizer version 13.0.2 build v13.0.2rc1 (win64 - Windows 11+.0 (26200.2))

CPU model: 13th Gen Intel(R) Core(TM) i7-13620H, instruction set [SSE2|AVX|AVX2]
Thread count: 10 physical cores, 16 logical processors, using up to 1 threads

Non-default parameters:
TimeLimit  30
SoftMemLimit  12
FeasibilityTol  1e-07
IntFeasTol  1e-07
MIPGap  0
OptimalityTol  1e-07
Method  1
NodeMethod  1
DualReductions  0
InfUnbdInfo  1
LogToConsole  0
NumericFocus  1
Seed  20260929
Threads  1

Optimize a model with 85 rows, 106 columns and 297 nonzeros (Min)
Model has 93 linear objective coefficients
Coefficient statistics:
  Matrix range     [5e-04, 1e+00]
  Objective range  [6e-02, 1e+00]
  Bounds range     [2e+01, 2e+01]
  RHS range        [4e-02, 2e+01]

LP warm-start: use basis

Iteration    Objective       Primal Inf.    Dual Inf.      Time
       0    2.0500000e+00   0.000000e+00   0.000000e+00      0s

Solved in 0 iterations and 0.00 seconds (0.00 work units)
Optimal objective  2.050000000e+00

User-callback calls 38, time in user-callback 0.00 sec
Set parameter TimeLimit to value 30
Gurobi Optimizer version 13.0.2 build v13.0.2rc1 (win64 - Windows 11+.0 (26200.2))

CPU model: 13th Gen Intel(R) Core(TM) i7-13620H, instruction set [SSE2|AVX|AVX2]
Thread count: 10 physical cores, 16 logical processors, using up to 1 threads

Non-default parameters:
TimeLimit  30
SoftMemLimit  12
FeasibilityTol  1e-07
IntFeasTol  1e-07
MIPGap  0
OptimalityTol  1e-07
Method  1
NodeMethod  1
DualReductions  0
InfUnbdInfo  1
LogToConsole  0
NumericFocus  1
Seed  20260929
Threads  1

Optimize a model with 85 rows, 106 columns and 297 nonzeros (Min)
Model has 93 linear objective coefficients
Coefficient statistics:
  Matrix range     [5e-04, 1e+00]
  Objective range  [6e-02, 1e+00]
  Bounds range     [2e+01, 2e+01]
  RHS range        [4e-02, 2e+01]

LP warm-start: use basis

Iteration    Objective       Primal Inf.    Dual Inf.      Time
       0    5.0000000e-02   3.301800e+01   0.000000e+00      0s
       4    3.0000000e-01   0.000000e+00   0.000000e+00      0s

Solved in 4 iterations and 0.00 seconds (0.00 work units)
Optimal objective  3.000000000e-01

User-callback calls 44, time in user-callback 0.00 sec
Set parameter TimeLimit to value 30
Gurobi Optimizer version 13.0.2 build v13.0.2rc1 (win64 - Windows 11+.0 (26200.2))

CPU model: 13th Gen Intel(R) Core(TM) i7-13620H, instruction set [SSE2|AVX|AVX2]
Thread count: 10 physical cores, 16 logical processors, using up to 1 threads

Non-default parameters:
TimeLimit  30
SoftMemLimit  12
FeasibilityTol  1e-07
IntFeasTol  1e-07
MIPGap  0
OptimalityTol  1e-07
Method  1
NodeMethod  1
DualReductions  0
InfUnbdInfo  1
LogToConsole  0
NumericFocus  1
Seed  20260929
Threads  1

Optimize a model with 85 rows, 106 columns and 297 nonzeros (Min)
Model has 93 linear objective coefficients
Coefficient statistics:
  Matrix range     [5e-04, 1e+00]
  Objective range  [6e-02, 1e+00]
  Bounds range     [2e+01, 2e+01]
  RHS range        [4e-02, 2e+01]

LP warm-start: use basis

Iteration    Objective       Primal Inf.    Dual Inf.      Time
       0    7.5000000e-02   1.697592e+01   0.000000e+00      0s
       7    1.9737037e-01   0.000000e+00   0.000000e+00      0s

Solved in 7 iterations and 0.00 seconds (0.00 work units)
Optimal objective  1.973703659e-01

User-callback calls 47, time in user-callback 0.00 sec
Set parameter TimeLimit to value 30
Gurobi Optimizer version 13.0.2 build v13.0.2rc1 (win64 - Windows 11+.0 (26200.2))

CPU model: 13th Gen Intel(R) Core(TM) i7-13620H, instruction set [SSE2|AVX|AVX2]
Thread count: 10 physical cores, 16 logical processors, using up to 1 threads

Non-default parameters:
TimeLimit  30
SoftMemLimit  12
FeasibilityTol  1e-07
IntFeasTol  1e-07
MIPGap  0
OptimalityTol  1e-07
Method  1
NodeMethod  1
DualReductions  0
InfUnbdInfo  1
LogToConsole  0
NumericFocus  1
Seed  20260929
Threads  1

Optimize a model with 85 rows, 106 columns and 297 nonzeros (Min)
Model has 93 linear objective coefficients
Coefficient statistics:
  Matrix range     [5e-04, 1e+00]
  Objective range  [6e-02, 1e+00]
  Bounds range     [2e+01, 2e+01]
  RHS range        [4e-02, 2e+01]

LP warm-start: use basis

Iteration    Objective       Primal Inf.    Dual Inf.      Time
       0    1.9737037e-01   4.444562e+00   0.000000e+00      0s
       5    3.0000000e-01   0.000000e+00   0.000000e+00      0s

Solved in 5 iterations and 0.00 seconds (0.00 work units)
Optimal objective  3.000000000e-01

User-callback calls 45, time in user-callback 0.00 sec
Set parameter TimeLimit to value 30
Gurobi Optimizer version 13.0.2 build v13.0.2rc1 (win64 - Windows 11+.0 (26200.2))

CPU model: 13th Gen Intel(R) Core(TM) i7-13620H, instruction set [SSE2|AVX|AVX2]
Thread count: 10 physical cores, 16 logical processors, using up to 1 threads

Non-default parameters:
TimeLimit  30
SoftMemLimit  12
FeasibilityTol  1e-07
IntFeasTol  1e-07
MIPGap  0
OptimalityTol  1e-07
Method  1
NodeMethod  1
DualReductions  0
InfUnbdInfo  1
LogToConsole  0
NumericFocus  1
Seed  20260929
Threads  1

Optimize a model with 85 rows, 106 columns and 297 nonzeros (Min)
Model has 93 linear objective coefficients
Coefficient statistics:
  Matrix range     [5e-04, 1e+00]
  Objective range  [6e-02, 1e+00]
  Bounds range     [2e+01, 2e+01]
  RHS range        [4e-02, 2e+01]

LP warm-start: use basis

Iteration    Objective       Primal Inf.    Dual Inf.      Time
       0    7.5000000e-02   1.697592e+01   0.000000e+00      0s
       7    1.9737037e-01   0.000000e+00   0.000000e+00      0s

Solved in 7 iterations and 0.00 seconds (0.00 work units)
Optimal objective  1.973703659e-01

User-callback calls 47, time in user-callback 0.00 sec
Set parameter TimeLimit to value 30
Gurobi Optimizer version 13.0.2 build v13.0.2rc1 (win64 - Windows 11+.0 (26200.2))

CPU model: 13th Gen Intel(R) Core(TM) i7-13620H, instruction set [SSE2|AVX|AVX2]
Thread count: 10 physical cores, 16 logical processors, using up to 1 threads

Non-default parameters:
TimeLimit  30
SoftMemLimit  12
FeasibilityTol  1e-07
IntFeasTol  1e-07
MIPGap  0
OptimalityTol  1e-07
Method  1
NodeMethod  1
DualReductions  0
InfUnbdInfo  1
LogToConsole  0
NumericFocus  1
Seed  20260929
Threads  1

Optimize a model with 85 rows, 106 columns and 297 nonzeros (Min)
Model has 93 linear objective coefficients
Coefficient statistics:
  Matrix range     [5e-04, 1e+00]
  Objective range  [6e-02, 1e+00]
  Bounds range     [2e+01, 2e+01]
  RHS range        [4e-02, 2e+01]

LP warm-start: use basis

Iteration    Objective       Primal Inf.    Dual Inf.      Time
       0   -4.0129634e-02   5.344588e+00   0.000000e+00      0s
       5    6.2500000e-02   0.000000e+00   0.000000e+00      0s

Solved in 5 iterations and 0.00 seconds (0.00 work units)
Optimal objective  6.250000000e-02

User-callback calls 45, time in user-callback 0.00 sec
Set parameter TimeLimit to value 30
Gurobi Optimizer version 13.0.2 build v13.0.2rc1 (win64 - Windows 11+.0 (26200.2))

CPU model: 13th Gen Intel(R) Core(TM) i7-13620H, instruction set [SSE2|AVX|AVX2]
Thread count: 10 physical cores, 16 logical processors, using up to 1 threads

Non-default parameters:
TimeLimit  30
SoftMemLimit  12
FeasibilityTol  1e-07
IntFeasTol  1e-07
MIPGap  0
OptimalityTol  1e-07
Method  1
NodeMethod  1
DualReductions  0
InfUnbdInfo  1
LogToConsole  0
NumericFocus  1
Seed  20260929
Threads  1

Optimize a model with 85 rows, 106 columns and 297 nonzeros (Min)
Model has 93 linear objective coefficients
Coefficient statistics:
  Matrix range     [5e-04, 1e+00]
  Objective range  [6e-02, 1e+00]
  Bounds range     [2e+01, 2e+01]
  RHS range        [4e-02, 2e+01]

LP warm-start: use basis

Iteration    Objective       Primal Inf.    Dual Inf.      Time
       0   -1.6250000e-01   1.867592e+01   0.000000e+00      0s
       7    5.0000000e-02   0.000000e+00   0.000000e+00      0s

Solved in 7 iterations and 0.00 seconds (0.00 work units)
Optimal objective  5.000000000e-02

User-callback calls 47, time in user-callback 0.00 sec
Set parameter TimeLimit to value 30
Gurobi Optimizer version 13.0.2 build v13.0.2rc1 (win64 - Windows 11+.0 (26200.2))

CPU model: 13th Gen Intel(R) Core(TM) i7-13620H, instruction set [SSE2|AVX|AVX2]
Thread count: 10 physical cores, 16 logical processors, using up to 1 threads

Non-default parameters:
TimeLimit  30
SoftMemLimit  12
FeasibilityTol  1e-07
IntFeasTol  1e-07
MIPGap  0
OptimalityTol  1e-07
Method  1
NodeMethod  1
DualReductions  0
InfUnbdInfo  1
LogToConsole  0
NumericFocus  1
Seed  20260929
Threads  1

Optimize a model with 85 rows, 106 columns and 297 nonzeros (Min)
Model has 93 linear objective coefficients
Coefficient statistics:
  Matrix range     [5e-04, 1e+00]
  Objective range  [6e-02, 1e+00]
  Bounds range     [2e+01, 2e+01]
  RHS range        [4e-02, 2e+01]

LP warm-start: use basis

Iteration    Objective       Primal Inf.    Dual Inf.      Time
       0    5.0000000e-02   4.444444e-01   0.000000e+00      0s
       4    6.2500000e-02   0.000000e+00   0.000000e+00      0s

Solved in 4 iterations and 0.00 seconds (0.00 work units)
Optimal objective  6.250000000e-02

User-callback calls 44, time in user-callback 0.00 sec
Set parameter TimeLimit to value 30
Gurobi Optimizer version 13.0.2 build v13.0.2rc1 (win64 - Windows 11+.0 (26200.2))

CPU model: 13th Gen Intel(R) Core(TM) i7-13620H, instruction set [SSE2|AVX|AVX2]
Thread count: 10 physical cores, 16 logical processors, using up to 1 threads

Non-default parameters:
TimeLimit  30
SoftMemLimit  12
FeasibilityTol  1e-07
IntFeasTol  1e-07
MIPGap  0
OptimalityTol  1e-07
Method  1
NodeMethod  1
DualReductions  0
InfUnbdInfo  1
LogToConsole  0
NumericFocus  1
Seed  20260929
Threads  1

Optimize a model with 85 rows, 106 columns and 297 nonzeros (Min)
Model has 93 linear objective coefficients
Coefficient statistics:
  Matrix range     [5e-04, 1e+00]
  Objective range  [6e-02, 1e+00]
  Bounds range     [2e+01, 2e+01]
  RHS range        [4e-02, 2e+01]

LP warm-start: use basis

Iteration    Objective       Primal Inf.    Dual Inf.      Time
       0   -1.6250000e-01   1.867592e+01   0.000000e+00      0s
       7    5.0000000e-02   0.000000e+00   0.000000e+00      0s

Solved in 7 iterations and 0.00 seconds (0.00 work units)
Optimal objective  5.000000000e-02

User-callback calls 47, time in user-callback 0.00 sec
Set parameter TimeLimit to value 30
Gurobi Optimizer version 13.0.2 build v13.0.2rc1 (win64 - Windows 11+.0 (26200.2))

CPU model: 13th Gen Intel(R) Core(TM) i7-13620H, instruction set [SSE2|AVX|AVX2]
Thread count: 10 physical cores, 16 logical processors, using up to 1 threads

Non-default parameters:
TimeLimit  30
SoftMemLimit  12
FeasibilityTol  1e-07
IntFeasTol  1e-07
MIPGap  0
OptimalityTol  1e-07
Method  1
NodeMethod  1
DualReductions  0
InfUnbdInfo  1
LogToConsole  0
NumericFocus  1
Seed  20260929
Threads  1

Optimize a model with 85 rows, 106 columns and 297 nonzeros (Min)
Model has 93 linear objective coefficients
Coefficient statistics:
  Matrix range     [5e-04, 1e+00]
  Objective range  [6e-02, 1e+00]
  Bounds range     [2e+01, 2e+01]
  RHS range        [4e-02, 2e+01]

LP warm-start: use basis

Iteration    Objective       Primal Inf.    Dual Inf.      Time
       0   -1.9500000e+00   3.903904e+01   0.000000e+00      0s
       6    2.3125000e+00   0.000000e+00   0.000000e+00      0s

Solved in 6 iterations and 0.00 seconds (0.00 work units)
Optimal objective  2.312500000e+00

User-callback calls 46, time in user-callback 0.00 sec
Set parameter TimeLimit to value 30
Gurobi Optimizer version 13.0.2 build v13.0.2rc1 (win64 - Windows 11+.0 (26200.2))

CPU model: 13th Gen Intel(R) Core(TM) i7-13620H, instruction set [SSE2|AVX|AVX2]
Thread count: 10 physical cores, 16 logical processors, using up to 1 threads

Non-default parameters:
TimeLimit  30
SoftMemLimit  12
FeasibilityTol  1e-07
IntFeasTol  1e-07
MIPGap  0
OptimalityTol  1e-07
Method  1
NodeMethod  1
DualReductions  0
InfUnbdInfo  1
LogToConsole  0
NumericFocus  1
Seed  20260929
Threads  1

Optimize a model with 85 rows, 106 columns and 297 nonzeros (Min)
Model has 93 linear objective coefficients
Coefficient statistics:
  Matrix range     [5e-04, 1e+00]
  Objective range  [6e-02, 1e+00]
  Bounds range     [2e+01, 2e+01]
  RHS range        [4e-02, 2e+01]

LP warm-start: use basis

Iteration    Objective       Primal Inf.    Dual Inf.      Time
       0    2.0875000e+00   1.697592e+01   0.000000e+00      0s
       7    2.2098704e+00   0.000000e+00   0.000000e+00      0s

Solved in 7 iterations and 0.00 seconds (0.00 work units)
Optimal objective  2.209870366e+00

User-callback calls 47, time in user-callback 0.00 sec
Set parameter TimeLimit to value 30
Gurobi Optimizer version 13.0.2 build v13.0.2rc1 (win64 - Windows 11+.0 (26200.2))

CPU model: 13th Gen Intel(R) Core(TM) i7-13620H, instruction set [SSE2|AVX|AVX2]
Thread count: 10 physical cores, 16 logical processors, using up to 1 threads

Non-default parameters:
TimeLimit  30
SoftMemLimit  12
FeasibilityTol  1e-07
IntFeasTol  1e-07
MIPGap  0
OptimalityTol  1e-07
Method  1
NodeMethod  1
DualReductions  0
InfUnbdInfo  1
LogToConsole  0
NumericFocus  1
Seed  20260929
Threads  1

Optimize a model with 85 rows, 106 columns and 297 nonzeros (Min)
Model has 93 linear objective coefficients
Coefficient statistics:
  Matrix range     [5e-04, 1e+00]
  Objective range  [6e-02, 1e+00]
  Bounds range     [2e+01, 2e+01]
  RHS range        [4e-02, 2e+01]

LP warm-start: use basis

Iteration    Objective       Primal Inf.    Dual Inf.      Time
       0    2.2098704e+00   4.444562e+00   0.000000e+00      0s
       5    2.3125000e+00   0.000000e+00   0.000000e+00      0s

Solved in 5 iterations and 0.00 seconds (0.00 work units)
Optimal objective  2.312500000e+00

User-callback calls 45, time in user-callback 0.00 sec
Set parameter TimeLimit to value 30
Gurobi Optimizer version 13.0.2 build v13.0.2rc1 (win64 - Windows 11+.0 (26200.2))

CPU model: 13th Gen Intel(R) Core(TM) i7-13620H, instruction set [SSE2|AVX|AVX2]
Thread count: 10 physical cores, 16 logical processors, using up to 1 threads

Non-default parameters:
TimeLimit  30
SoftMemLimit  12
FeasibilityTol  1e-07
IntFeasTol  1e-07
MIPGap  0
OptimalityTol  1e-07
Method  1
NodeMethod  1
DualReductions  0
InfUnbdInfo  1
LogToConsole  0
NumericFocus  1
Seed  20260929
Threads  1

Optimize a model with 85 rows, 106 columns and 297 nonzeros (Min)
Model has 93 linear objective coefficients
Coefficient statistics:
  Matrix range     [5e-04, 1e+00]
  Objective range  [6e-02, 1e+00]
  Bounds range     [2e+01, 2e+01]
  RHS range        [4e-02, 2e+01]

LP warm-start: use basis

Iteration    Objective       Primal Inf.    Dual Inf.      Time
       0    2.0875000e+00   1.697592e+01   0.000000e+00      0s
       7    2.2098704e+00   0.000000e+00   0.000000e+00      0s

Solved in 7 iterations and 0.00 seconds (0.00 work units)
Optimal objective  2.209870366e+00

User-callback calls 47, time in user-callback 0.00 sec
Set parameter TimeLimit to value 30
Gurobi Optimizer version 13.0.2 build v13.0.2rc1 (win64 - Windows 11+.0 (26200.2))

CPU model: 13th Gen Intel(R) Core(TM) i7-13620H, instruction set [SSE2|AVX|AVX2]
Thread count: 10 physical cores, 16 logical processors, using up to 1 threads

Non-default parameters:
TimeLimit  30
SoftMemLimit  12
FeasibilityTol  1e-07
IntFeasTol  1e-07
MIPGap  0
OptimalityTol  1e-07
Method  1
NodeMethod  1
DualReductions  0
InfUnbdInfo  1
LogToConsole  0
NumericFocus  1
Seed  20260929
Threads  1

Optimize a model with 85 rows, 106 columns and 297 nonzeros (Min)
Model has 93 linear objective coefficients
Coefficient statistics:
  Matrix range     [5e-04, 1e+00]
  Objective range  [6e-02, 1e+00]
  Bounds range     [2e+01, 2e+01]
  RHS range        [4e-02, 2e+01]

LP warm-start: use basis

Iteration    Objective       Primal Inf.    Dual Inf.      Time
       0   -1.1503273e-01   3.116109e+01   0.000000e+00      0s
       8    2.0500000e+00   0.000000e+00   0.000000e+00      0s

Solved in 8 iterations and 0.00 seconds (0.00 work units)
Optimal objective  2.050000000e+00

User-callback calls 48, time in user-callback 0.00 sec
Set parameter TimeLimit to value 30
Gurobi Optimizer version 13.0.2 build v13.0.2rc1 (win64 - Windows 11+.0 (26200.2))

CPU model: 13th Gen Intel(R) Core(TM) i7-13620H, instruction set [SSE2|AVX|AVX2]
Thread count: 10 physical cores, 16 logical processors, using up to 1 threads

Non-default parameters:
TimeLimit  30
SoftMemLimit  12
FeasibilityTol  1e-07
IntFeasTol  1e-07
MIPGap  0
OptimalityTol  1e-07
Method  1
NodeMethod  1
DualReductions  0
InfUnbdInfo  1
LogToConsole  0
NumericFocus  1
Seed  20260929
Threads  1

Optimize a model with 85 rows, 106 columns and 297 nonzeros (Min)
Model has 93 linear objective coefficients
Coefficient statistics:
  Matrix range     [5e-04, 1e+00]
  Objective range  [6e-02, 1e+00]
  Bounds range     [2e+01, 2e+01]
  RHS range        [4e-02, 2e+01]

LP warm-start: use basis

Iteration    Objective       Primal Inf.    Dual Inf.      Time
       0    1.8250000e+00   1.877592e+01   0.000000e+00      0s
       7    2.0500000e+00   0.000000e+00   0.000000e+00      0s

Solved in 7 iterations and 0.00 seconds (0.00 work units)
Optimal objective  2.050000000e+00

User-callback calls 47, time in user-callback 0.00 sec
Set parameter TimeLimit to value 30
Gurobi Optimizer version 13.0.2 build v13.0.2rc1 (win64 - Windows 11+.0 (26200.2))

CPU model: 13th Gen Intel(R) Core(TM) i7-13620H, instruction set [SSE2|AVX|AVX2]
Thread count: 10 physical cores, 16 logical processors, using up to 1 threads

Non-default parameters:
TimeLimit  30
SoftMemLimit  12
FeasibilityTol  1e-07
IntFeasTol  1e-07
MIPGap  0
OptimalityTol  1e-07
Method  1
NodeMethod  1
DualReductions  0
InfUnbdInfo  1
LogToConsole  0
NumericFocus  1
Seed  20260929
Threads  1

Optimize a model with 85 rows, 106 columns and 297 nonzeros (Min)
Model has 93 linear objective coefficients
Coefficient statistics:
  Matrix range     [5e-04, 1e+00]
  Objective range  [6e-02, 1e+00]
  Bounds range     [2e+01, 2e+01]
  RHS range        [4e-02, 2e+01]

LP warm-start: use basis

Iteration    Objective       Primal Inf.    Dual Inf.      Time
       0    2.0500000e+00   0.000000e+00   0.000000e+00      0s

Solved in 0 iterations and 0.00 seconds (0.00 work units)
Optimal objective  2.050000000e+00

User-callback calls 38, time in user-callback 0.00 sec
Set parameter TimeLimit to value 30
Gurobi Optimizer version 13.0.2 build v13.0.2rc1 (win64 - Windows 11+.0 (26200.2))

CPU model: 13th Gen Intel(R) Core(TM) i7-13620H, instruction set [SSE2|AVX|AVX2]
Thread count: 10 physical cores, 16 logical processors, using up to 1 threads

Non-default parameters:
TimeLimit  30
SoftMemLimit  12
FeasibilityTol  1e-07
IntFeasTol  1e-07
MIPGap  0
OptimalityTol  1e-07
Method  1
NodeMethod  1
DualReductions  0
InfUnbdInfo  1
LogToConsole  0
NumericFocus  1
Seed  20260929
Threads  1

Optimize a model with 85 rows, 106 columns and 297 nonzeros (Min)
Model has 93 linear objective coefficients
Coefficient statistics:
  Matrix range     [5e-04, 1e+00]
  Objective range  [6e-02, 1e+00]
  Bounds range     [2e+01, 2e+01]
  RHS range        [4e-02, 2e+01]

LP warm-start: use basis

Iteration    Objective       Primal Inf.    Dual Inf.      Time
       0    2.0500000e+00   0.000000e+00   0.000000e+00      0s

Solved in 0 iterations and 0.00 seconds (0.00 work units)
Optimal objective  2.050000000e+00

User-callback calls 38, time in user-callback 0.00 sec
Set parameter TimeLimit to value 30
Gurobi Optimizer version 13.0.2 build v13.0.2rc1 (win64 - Windows 11+.0 (26200.2))

CPU model: 13th Gen Intel(R) Core(TM) i7-13620H, instruction set [SSE2|AVX|AVX2]
Thread count: 10 physical cores, 16 logical processors, using up to 1 threads

Non-default parameters:
TimeLimit  30
SoftMemLimit  12
FeasibilityTol  1e-07
IntFeasTol  1e-07
MIPGap  0
OptimalityTol  1e-07
Method  1
NodeMethod  1
DualReductions  0
InfUnbdInfo  1
LogToConsole  0
NumericFocus  1
Seed  20260929
Threads  1

Optimize a model with 85 rows, 106 columns and 297 nonzeros (Min)
Model has 93 linear objective coefficients
Coefficient statistics:
  Matrix range     [5e-04, 1e+00]
  Objective range  [6e-02, 1e+00]
  Bounds range     [2e+01, 2e+01]
  RHS range        [4e-02, 2e+01]

LP warm-start: use basis

Iteration    Objective       Primal Inf.    Dual Inf.      Time
       0    2.0500000e+00   3.301800e+01   0.000000e+00      0s
       4    2.3000000e+00   0.000000e+00   0.000000e+00      0s

Solved in 4 iterations and 0.00 seconds (0.00 work units)
Optimal objective  2.300000000e+00

User-callback calls 44, time in user-callback 0.00 sec
Set parameter TimeLimit to value 30
Gurobi Optimizer version 13.0.2 build v13.0.2rc1 (win64 - Windows 11+.0 (26200.2))

CPU model: 13th Gen Intel(R) Core(TM) i7-13620H, instruction set [SSE2|AVX|AVX2]
Thread count: 10 physical cores, 16 logical processors, using up to 1 threads

Non-default parameters:
TimeLimit  30
SoftMemLimit  12
FeasibilityTol  1e-07
IntFeasTol  1e-07
MIPGap  0
OptimalityTol  1e-07
Method  1
NodeMethod  1
DualReductions  0
InfUnbdInfo  1
LogToConsole  0
NumericFocus  1
Seed  20260929
Threads  1

Optimize a model with 85 rows, 106 columns and 297 nonzeros (Min)
Model has 93 linear objective coefficients
Coefficient statistics:
  Matrix range     [5e-04, 1e+00]
  Objective range  [6e-02, 1e+00]
  Bounds range     [2e+01, 2e+01]
  RHS range        [4e-02, 2e+01]

LP warm-start: use basis

Iteration    Objective       Primal Inf.    Dual Inf.      Time
       0    2.0750000e+00   1.697592e+01   0.000000e+00      0s
       7    2.1973704e+00   0.000000e+00   0.000000e+00      0s

Solved in 7 iterations and 0.00 seconds (0.00 work units)
Optimal objective  2.197370366e+00

User-callback calls 47, time in user-callback 0.00 sec
Set parameter TimeLimit to value 30
Gurobi Optimizer version 13.0.2 build v13.0.2rc1 (win64 - Windows 11+.0 (26200.2))

CPU model: 13th Gen Intel(R) Core(TM) i7-13620H, instruction set [SSE2|AVX|AVX2]
Thread count: 10 physical cores, 16 logical processors, using up to 1 threads

Non-default parameters:
TimeLimit  30
SoftMemLimit  12
FeasibilityTol  1e-07
IntFeasTol  1e-07
MIPGap  0
OptimalityTol  1e-07
Method  1
NodeMethod  1
DualReductions  0
InfUnbdInfo  1
LogToConsole  0
NumericFocus  1
Seed  20260929
Threads  1

Optimize a model with 85 rows, 106 columns and 297 nonzeros (Min)
Model has 93 linear objective coefficients
Coefficient statistics:
  Matrix range     [5e-04, 1e+00]
  Objective range  [6e-02, 1e+00]
  Bounds range     [2e+01, 2e+01]
  RHS range        [4e-02, 2e+01]

LP warm-start: use basis

Iteration    Objective       Primal Inf.    Dual Inf.      Time
       0    2.1973704e+00   4.444562e+00   0.000000e+00      0s
       5    2.3000000e+00   0.000000e+00   0.000000e+00      0s

Solved in 5 iterations and 0.00 seconds (0.00 work units)
Optimal objective  2.300000000e+00

User-callback calls 45, time in user-callback 0.00 sec
Set parameter TimeLimit to value 30
Gurobi Optimizer version 13.0.2 build v13.0.2rc1 (win64 - Windows 11+.0 (26200.2))

CPU model: 13th Gen Intel(R) Core(TM) i7-13620H, instruction set [SSE2|AVX|AVX2]
Thread count: 10 physical cores, 16 logical processors, using up to 1 threads

Non-default parameters:
TimeLimit  30
SoftMemLimit  12
FeasibilityTol  1e-07
IntFeasTol  1e-07
MIPGap  0
OptimalityTol  1e-07
Method  1
NodeMethod  1
DualReductions  0
InfUnbdInfo  1
LogToConsole  0
NumericFocus  1
Seed  20260929
Threads  1

Optimize a model with 85 rows, 106 columns and 297 nonzeros (Min)
Model has 93 linear objective coefficients
Coefficient statistics:
  Matrix range     [5e-04, 1e+00]
  Objective range  [6e-02, 1e+00]
  Bounds range     [2e+01, 2e+01]
  RHS range        [4e-02, 2e+01]

LP warm-start: use basis

Iteration    Objective       Primal Inf.    Dual Inf.      Time
       0    2.0750000e+00   1.697592e+01   0.000000e+00      0s
       7    2.1973704e+00   0.000000e+00   0.000000e+00      0s

Solved in 7 iterations and 0.00 seconds (0.00 work units)
Optimal objective  2.197370366e+00

User-callback calls 47, time in user-callback 0.00 sec
Set parameter TimeLimit to value 30
Gurobi Optimizer version 13.0.2 build v13.0.2rc1 (win64 - Windows 11+.0 (26200.2))

CPU model: 13th Gen Intel(R) Core(TM) i7-13620H, instruction set [SSE2|AVX|AVX2]
Thread count: 10 physical cores, 16 logical processors, using up to 1 threads

Non-default parameters:
TimeLimit  30
SoftMemLimit  12
FeasibilityTol  1e-07
IntFeasTol  1e-07
MIPGap  0
OptimalityTol  1e-07
Method  1
NodeMethod  1
DualReductions  0
InfUnbdInfo  1
LogToConsole  0
NumericFocus  1
Seed  20260929
Threads  1

Optimize a model with 85 rows, 106 columns and 297 nonzeros (Min)
Model has 93 linear objective coefficients
Coefficient statistics:
  Matrix range     [5e-04, 1e+00]
  Objective range  [6e-02, 1e+00]
  Bounds range     [2e+01, 2e+01]
  RHS range        [4e-02, 2e+01]

LP warm-start: use basis

Iteration    Objective       Primal Inf.    Dual Inf.      Time
       0    1.9598704e+00   5.344588e+00   0.000000e+00      0s
       5    2.0625000e+00   0.000000e+00   0.000000e+00      0s

Solved in 5 iterations and 0.00 seconds (0.00 work units)
Optimal objective  2.062500000e+00

User-callback calls 45, time in user-callback 0.00 sec
Set parameter TimeLimit to value 30
Gurobi Optimizer version 13.0.2 build v13.0.2rc1 (win64 - Windows 11+.0 (26200.2))

CPU model: 13th Gen Intel(R) Core(TM) i7-13620H, instruction set [SSE2|AVX|AVX2]
Thread count: 10 physical cores, 16 logical processors, using up to 1 threads

Non-default parameters:
TimeLimit  30
SoftMemLimit  12
FeasibilityTol  1e-07
IntFeasTol  1e-07
MIPGap  0
OptimalityTol  1e-07
Method  1
NodeMethod  1
DualReductions  0
InfUnbdInfo  1
LogToConsole  0
NumericFocus  1
Seed  20260929
Threads  1

Optimize a model with 85 rows, 106 columns and 297 nonzeros (Min)
Model has 93 linear objective coefficients
Coefficient statistics:
  Matrix range     [5e-04, 1e+00]
  Objective range  [6e-02, 1e+00]
  Bounds range     [2e+01, 2e+01]
  RHS range        [4e-02, 2e+01]

LP warm-start: use basis

Iteration    Objective       Primal Inf.    Dual Inf.      Time
       0    1.8375000e+00   1.867592e+01   0.000000e+00      0s
       7    2.0500000e+00   0.000000e+00   0.000000e+00      0s

Solved in 7 iterations and 0.00 seconds (0.00 work units)
Optimal objective  2.050000000e+00

User-callback calls 47, time in user-callback 0.00 sec
Set parameter TimeLimit to value 30
Gurobi Optimizer version 13.0.2 build v13.0.2rc1 (win64 - Windows 11+.0 (26200.2))

CPU model: 13th Gen Intel(R) Core(TM) i7-13620H, instruction set [SSE2|AVX|AVX2]
Thread count: 10 physical cores, 16 logical processors, using up to 1 threads

Non-default parameters:
TimeLimit  30
SoftMemLimit  12
FeasibilityTol  1e-07
IntFeasTol  1e-07
MIPGap  0
OptimalityTol  1e-07
Method  1
NodeMethod  1
DualReductions  0
InfUnbdInfo  1
LogToConsole  0
NumericFocus  1
Seed  20260929
Threads  1

Optimize a model with 85 rows, 106 columns and 297 nonzeros (Min)
Model has 93 linear objective coefficients
Coefficient statistics:
  Matrix range     [5e-04, 1e+00]
  Objective range  [6e-02, 1e+00]
  Bounds range     [2e+01, 2e+01]
  RHS range        [4e-02, 2e+01]

LP warm-start: use basis

Iteration    Objective       Primal Inf.    Dual Inf.      Time
       0    2.0500000e+00   4.444444e-01   0.000000e+00      0s
       4    2.0625000e+00   0.000000e+00   0.000000e+00      0s

Solved in 4 iterations and 0.00 seconds (0.00 work units)
Optimal objective  2.062500000e+00

User-callback calls 44, time in user-callback 0.00 sec
Set parameter TimeLimit to value 30
Gurobi Optimizer version 13.0.2 build v13.0.2rc1 (win64 - Windows 11+.0 (26200.2))

CPU model: 13th Gen Intel(R) Core(TM) i7-13620H, instruction set [SSE2|AVX|AVX2]
Thread count: 10 physical cores, 16 logical processors, using up to 1 threads

Non-default parameters:
TimeLimit  30
SoftMemLimit  12
FeasibilityTol  1e-07
IntFeasTol  1e-07
MIPGap  0
OptimalityTol  1e-07
Method  1
NodeMethod  1
DualReductions  0
InfUnbdInfo  1
LogToConsole  0
NumericFocus  1
Seed  20260929
Threads  1

Optimize a model with 85 rows, 106 columns and 297 nonzeros (Min)
Model has 93 linear objective coefficients
Coefficient statistics:
  Matrix range     [5e-04, 1e+00]
  Objective range  [6e-02, 1e+00]
  Bounds range     [2e+01, 2e+01]
  RHS range        [4e-02, 2e+01]

LP warm-start: use basis

Iteration    Objective       Primal Inf.    Dual Inf.      Time
       0    1.8375000e+00   1.867592e+01   0.000000e+00      0s
       7    2.0500000e+00   0.000000e+00   0.000000e+00      0s

Solved in 7 iterations and 0.00 seconds (0.00 work units)
Optimal objective  2.050000000e+00

User-callback calls 47, time in user-callback 0.00 sec
Set parameter TimeLimit to value 30
Gurobi Optimizer version 13.0.2 build v13.0.2rc1 (win64 - Windows 11+.0 (26200.2))

CPU model: 13th Gen Intel(R) Core(TM) i7-13620H, instruction set [SSE2|AVX|AVX2]
Thread count: 10 physical cores, 16 logical processors, using up to 1 threads

Non-default parameters:
TimeLimit  30
SoftMemLimit  12
FeasibilityTol  1e-07
IntFeasTol  1e-07
MIPGap  0
OptimalityTol  1e-07
Method  1
NodeMethod  1
DualReductions  0
InfUnbdInfo  1
LogToConsole  0
NumericFocus  1
Seed  20260929
Threads  1

Optimize a model with 85 rows, 106 columns and 297 nonzeros (Min)
Model has 93 linear objective coefficients
Coefficient statistics:
  Matrix range     [5e-04, 1e+00]
  Objective range  [6e-02, 1e+00]
  Bounds range     [2e+01, 2e+01]
  RHS range        [4e-02, 2e+01]

LP warm-start: use basis

Iteration    Objective       Primal Inf.    Dual Inf.      Time
       0    2.0500000e+00   3.803904e+01   0.000000e+00      0s
       5    4.3125000e+00   0.000000e+00   0.000000e+00      0s

Solved in 5 iterations and 0.00 seconds (0.00 work units)
Optimal objective  4.312500000e+00

User-callback calls 45, time in user-callback 0.00 sec
Set parameter TimeLimit to value 30
Gurobi Optimizer version 13.0.2 build v13.0.2rc1 (win64 - Windows 11+.0 (26200.2))

CPU model: 13th Gen Intel(R) Core(TM) i7-13620H, instruction set [SSE2|AVX|AVX2]
Thread count: 10 physical cores, 16 logical processors, using up to 1 threads

Non-default parameters:
TimeLimit  30
SoftMemLimit  12
FeasibilityTol  1e-07
IntFeasTol  1e-07
MIPGap  0
OptimalityTol  1e-07
Method  1
NodeMethod  1
DualReductions  0
InfUnbdInfo  1
LogToConsole  0
NumericFocus  1
Seed  20260929
Threads  1

Optimize a model with 85 rows, 106 columns and 297 nonzeros (Min)
Model has 93 linear objective coefficients
Coefficient statistics:
  Matrix range     [5e-04, 1e+00]
  Objective range  [6e-02, 1e+00]
  Bounds range     [2e+01, 2e+01]
  RHS range        [4e-02, 2e+01]

LP warm-start: use basis

Iteration    Objective       Primal Inf.    Dual Inf.      Time
       0    4.0875000e+00   1.697592e+01   0.000000e+00      0s
       7    4.2098704e+00   0.000000e+00   0.000000e+00      0s

Solved in 7 iterations and 0.00 seconds (0.00 work units)
Optimal objective  4.209870366e+00

User-callback calls 47, time in user-callback 0.00 sec
Set parameter TimeLimit to value 30
Gurobi Optimizer version 13.0.2 build v13.0.2rc1 (win64 - Windows 11+.0 (26200.2))

CPU model: 13th Gen Intel(R) Core(TM) i7-13620H, instruction set [SSE2|AVX|AVX2]
Thread count: 10 physical cores, 16 logical processors, using up to 1 threads

Non-default parameters:
TimeLimit  30
SoftMemLimit  12
FeasibilityTol  1e-07
IntFeasTol  1e-07
MIPGap  0
OptimalityTol  1e-07
Method  1
NodeMethod  1
DualReductions  0
InfUnbdInfo  1
LogToConsole  0
NumericFocus  1
Seed  20260929
Threads  1

Optimize a model with 85 rows, 106 columns and 297 nonzeros (Min)
Model has 93 linear objective coefficients
Coefficient statistics:
  Matrix range     [5e-04, 1e+00]
  Objective range  [6e-02, 1e+00]
  Bounds range     [2e+01, 2e+01]
  RHS range        [4e-02, 2e+01]

LP warm-start: use basis

Iteration    Objective       Primal Inf.    Dual Inf.      Time
       0    4.2098704e+00   4.444562e+00   0.000000e+00      0s
       5    4.3125000e+00   0.000000e+00   0.000000e+00      0s

Solved in 5 iterations and 0.00 seconds (0.00 work units)
Optimal objective  4.312500000e+00

User-callback calls 45, time in user-callback 0.00 sec
Set parameter TimeLimit to value 30
Gurobi Optimizer version 13.0.2 build v13.0.2rc1 (win64 - Windows 11+.0 (26200.2))

CPU model: 13th Gen Intel(R) Core(TM) i7-13620H, instruction set [SSE2|AVX|AVX2]
Thread count: 10 physical cores, 16 logical processors, using up to 1 threads

Non-default parameters:
TimeLimit  30
SoftMemLimit  12
FeasibilityTol  1e-07
IntFeasTol  1e-07
MIPGap  0
OptimalityTol  1e-07
Method  1
NodeMethod  1
DualReductions  0
InfUnbdInfo  1
LogToConsole  0
NumericFocus  1
Seed  20260929
Threads  1

Optimize a model with 85 rows, 106 columns and 297 nonzeros (Min)
Model has 93 linear objective coefficients
Coefficient statistics:
  Matrix range     [5e-04, 1e+00]
  Objective range  [6e-02, 1e+00]
  Bounds range     [2e+01, 2e+01]
  RHS range        [4e-02, 2e+01]

LP warm-start: use basis

Iteration    Objective       Primal Inf.    Dual Inf.      Time
       0    4.0875000e+00   1.697592e+01   0.000000e+00      0s
       7    4.2098704e+00   0.000000e+00   0.000000e+00      0s

Solved in 7 iterations and 0.00 seconds (0.00 work units)
Optimal objective  4.209870366e+00

User-callback calls 47, time in user-callback 0.00 sec
Set parameter TimeLimit to value 30
Gurobi Optimizer version 13.0.2 build v13.0.2rc1 (win64 - Windows 11+.0 (26200.2))

CPU model: 13th Gen Intel(R) Core(TM) i7-13620H, instruction set [SSE2|AVX|AVX2]
Thread count: 10 physical cores, 16 logical processors, using up to 1 threads

Non-default parameters:
TimeLimit  30
SoftMemLimit  12
FeasibilityTol  1e-07
IntFeasTol  1e-07
MIPGap  0
OptimalityTol  1e-07
Method  1
NodeMethod  1
DualReductions  0
InfUnbdInfo  1
LogToConsole  0
NumericFocus  1
Seed  20260929
Threads  1

Optimize a model with 85 rows, 106 columns and 297 nonzeros (Min)
Model has 93 linear objective coefficients
Coefficient statistics:
  Matrix range     [5e-04, 1e+00]
  Objective range  [6e-02, 1e+00]
  Bounds range     [2e+01, 2e+01]
  RHS range        [4e-02, 2e+01]

LP warm-start: use basis

Iteration    Objective       Primal Inf.    Dual Inf.      Time
       0   -2.1635928e+00   3.073228e+01   0.000000e+00      0s
      10    4.0500000e+00   0.000000e+00   0.000000e+00      0s

Solved in 10 iterations and 0.00 seconds (0.00 work units)
Optimal objective  4.050000000e+00

User-callback calls 50, time in user-callback 0.00 sec
Set parameter TimeLimit to value 30
Gurobi Optimizer version 13.0.2 build v13.0.2rc1 (win64 - Windows 11+.0 (26200.2))

CPU model: 13th Gen Intel(R) Core(TM) i7-13620H, instruction set [SSE2|AVX|AVX2]
Thread count: 10 physical cores, 16 logical processors, using up to 1 threads

Non-default parameters:
TimeLimit  30
SoftMemLimit  12
FeasibilityTol  1e-07
IntFeasTol  1e-07
MIPGap  0
OptimalityTol  1e-07
Method  1
NodeMethod  1
DualReductions  0
InfUnbdInfo  1
LogToConsole  0
NumericFocus  1
Seed  20260929
Threads  1

Optimize a model with 85 rows, 106 columns and 297 nonzeros (Min)
Model has 93 linear objective coefficients
Coefficient statistics:
  Matrix range     [5e-04, 1e+00]
  Objective range  [6e-02, 1e+00]
  Bounds range     [2e+01, 2e+01]
  RHS range        [4e-02, 2e+01]

LP warm-start: use basis

Iteration    Objective       Primal Inf.    Dual Inf.      Time
       0    3.6000000e+00   3.755184e+01   0.000000e+00      0s
      11    4.0500000e+00   0.000000e+00   0.000000e+00      0s

Solved in 11 iterations and 0.00 seconds (0.00 work units)
Optimal objective  4.050000000e+00

User-callback calls 51, time in user-callback 0.00 sec
Set parameter TimeLimit to value 30
Gurobi Optimizer version 13.0.2 build v13.0.2rc1 (win64 - Windows 11+.0 (26200.2))

CPU model: 13th Gen Intel(R) Core(TM) i7-13620H, instruction set [SSE2|AVX|AVX2]
Thread count: 10 physical cores, 16 logical processors, using up to 1 threads

Non-default parameters:
TimeLimit  30
SoftMemLimit  12
FeasibilityTol  1e-07
IntFeasTol  1e-07
MIPGap  0
OptimalityTol  1e-07
Method  1
NodeMethod  1
DualReductions  0
InfUnbdInfo  1
LogToConsole  0
NumericFocus  1
Seed  20260929
Threads  1

Optimize a model with 85 rows, 106 columns and 297 nonzeros (Min)
Model has 93 linear objective coefficients
Coefficient statistics:
  Matrix range     [5e-04, 1e+00]
  Objective range  [6e-02, 1e+00]
  Bounds range     [2e+01, 2e+01]
  RHS range        [4e-02, 2e+01]

LP warm-start: use basis

Iteration    Objective       Primal Inf.    Dual Inf.      Time
       0    4.0500000e+00   1.574789e+01   0.000000e+00      0s
       1    4.0500000e+00   0.000000e+00   0.000000e+00      0s

Solved in 1 iterations and 0.00 seconds (0.00 work units)
Optimal objective  4.050000000e+00

User-callback calls 41, time in user-callback 0.00 sec
Set parameter TimeLimit to value 30
Gurobi Optimizer version 13.0.2 build v13.0.2rc1 (win64 - Windows 11+.0 (26200.2))

CPU model: 13th Gen Intel(R) Core(TM) i7-13620H, instruction set [SSE2|AVX|AVX2]
Thread count: 10 physical cores, 16 logical processors, using up to 1 threads

Non-default parameters:
TimeLimit  30
SoftMemLimit  12
FeasibilityTol  1e-07
IntFeasTol  1e-07
MIPGap  0
OptimalityTol  1e-07
Method  1
NodeMethod  1
DualReductions  0
InfUnbdInfo  1
LogToConsole  0
NumericFocus  1
Seed  20260929
Threads  1

Optimize a model with 85 rows, 106 columns and 297 nonzeros (Min)
Model has 93 linear objective coefficients
Coefficient statistics:
  Matrix range     [5e-04, 1e+00]
  Objective range  [6e-02, 1e+00]
  Bounds range     [2e+01, 2e+01]
  RHS range        [4e-02, 2e+01]

LP warm-start: use basis

Iteration    Objective       Primal Inf.    Dual Inf.      Time
       0    4.0500000e+00   6.480000e+00   0.000000e+00      0s
       1    4.0500000e+00   0.000000e+00   0.000000e+00      0s

Solved in 1 iterations and 0.00 seconds (0.00 work units)
Optimal objective  4.050000000e+00

User-callback calls 41, time in user-callback 0.00 sec
Set parameter TimeLimit to value 30
Gurobi Optimizer version 13.0.2 build v13.0.2rc1 (win64 - Windows 11+.0 (26200.2))

CPU model: 13th Gen Intel(R) Core(TM) i7-13620H, instruction set [SSE2|AVX|AVX2]
Thread count: 10 physical cores, 16 logical processors, using up to 1 threads

Non-default parameters:
TimeLimit  30
SoftMemLimit  12
FeasibilityTol  1e-07
IntFeasTol  1e-07
MIPGap  0
OptimalityTol  1e-07
Method  1
NodeMethod  1
DualReductions  0
InfUnbdInfo  1
LogToConsole  0
NumericFocus  1
Seed  20260929
Threads  1

Optimize a model with 85 rows, 106 columns and 297 nonzeros (Min)
Model has 93 linear objective coefficients
Coefficient statistics:
  Matrix range     [5e-04, 1e+00]
  Objective range  [6e-02, 1e+00]
  Bounds range     [2e+01, 2e+01]
  RHS range        [4e-02, 2e+01]

LP warm-start: use basis

Iteration    Objective       Primal Inf.    Dual Inf.      Time
       0    2.0500000e+00   8.191726e+01   0.000000e+00      0s
       8    2.3000000e+00   0.000000e+00   0.000000e+00      0s

Solved in 8 iterations and 0.00 seconds (0.00 work units)
Optimal objective  2.300000000e+00

User-callback calls 48, time in user-callback 0.00 sec
Set parameter TimeLimit to value 30
Gurobi Optimizer version 13.0.2 build v13.0.2rc1 (win64 - Windows 11+.0 (26200.2))

CPU model: 13th Gen Intel(R) Core(TM) i7-13620H, instruction set [SSE2|AVX|AVX2]
Thread count: 10 physical cores, 16 logical processors, using up to 1 threads

Non-default parameters:
TimeLimit  30
SoftMemLimit  12
FeasibilityTol  1e-07
IntFeasTol  1e-07
MIPGap  0
OptimalityTol  1e-07
Method  1
NodeMethod  1
DualReductions  0
InfUnbdInfo  1
LogToConsole  0
NumericFocus  1
Seed  20260929
Threads  1

Optimize a model with 85 rows, 106 columns and 297 nonzeros (Min)
Model has 93 linear objective coefficients
Coefficient statistics:
  Matrix range     [5e-04, 1e+00]
  Objective range  [6e-02, 1e+00]
  Bounds range     [2e+01, 2e+01]
  RHS range        [4e-02, 2e+01]

LP warm-start: use basis

Iteration    Objective       Primal Inf.    Dual Inf.      Time
       0    1.8500000e+00   3.555184e+01   0.000000e+00      0s
      11    2.0947417e+00   0.000000e+00   0.000000e+00      0s

Solved in 11 iterations and 0.00 seconds (0.00 work units)
Optimal objective  2.094741667e+00

User-callback calls 51, time in user-callback 0.00 sec
Set parameter TimeLimit to value 30
Gurobi Optimizer version 13.0.2 build v13.0.2rc1 (win64 - Windows 11+.0 (26200.2))

CPU model: 13th Gen Intel(R) Core(TM) i7-13620H, instruction set [SSE2|AVX|AVX2]
Thread count: 10 physical cores, 16 logical processors, using up to 1 threads

Non-default parameters:
TimeLimit  30
SoftMemLimit  12
FeasibilityTol  1e-07
IntFeasTol  1e-07
MIPGap  0
OptimalityTol  1e-07
Method  1
NodeMethod  1
DualReductions  0
InfUnbdInfo  1
LogToConsole  0
NumericFocus  1
Seed  20260929
Threads  1

Optimize a model with 85 rows, 106 columns and 297 nonzeros (Min)
Model has 93 linear objective coefficients
Coefficient statistics:
  Matrix range     [5e-04, 1e+00]
  Objective range  [6e-02, 1e+00]
  Bounds range     [2e+01, 2e+01]
  RHS range        [4e-02, 2e+01]

LP warm-start: use basis

Iteration    Objective       Primal Inf.    Dual Inf.      Time
       0    2.0947417e+00   8.888889e+00   0.000000e+00      0s
       7    2.3000000e+00   0.000000e+00   0.000000e+00      0s

Solved in 7 iterations and 0.00 seconds (0.00 work units)
Optimal objective  2.300000000e+00

User-callback calls 47, time in user-callback 0.00 sec
Set parameter TimeLimit to value 30
Gurobi Optimizer version 13.0.2 build v13.0.2rc1 (win64 - Windows 11+.0 (26200.2))

CPU model: 13th Gen Intel(R) Core(TM) i7-13620H, instruction set [SSE2|AVX|AVX2]
Thread count: 10 physical cores, 16 logical processors, using up to 1 threads

Non-default parameters:
TimeLimit  30
SoftMemLimit  12
FeasibilityTol  1e-07
IntFeasTol  1e-07
MIPGap  0
OptimalityTol  1e-07
Method  1
NodeMethod  1
DualReductions  0
InfUnbdInfo  1
LogToConsole  0
NumericFocus  1
Seed  20260929
Threads  1

Optimize a model with 85 rows, 106 columns and 297 nonzeros (Min)
Model has 93 linear objective coefficients
Coefficient statistics:
  Matrix range     [5e-04, 1e+00]
  Objective range  [6e-02, 1e+00]
  Bounds range     [2e+01, 2e+01]
  RHS range        [4e-02, 2e+01]

LP warm-start: use basis

Iteration    Objective       Primal Inf.    Dual Inf.      Time
       0    1.8500000e+00   3.555184e+01   0.000000e+00      0s
      11    2.0947417e+00   0.000000e+00   0.000000e+00      0s

Solved in 11 iterations and 0.00 seconds (0.00 work units)
Optimal objective  2.094741667e+00

User-callback calls 51, time in user-callback 0.00 sec
Set parameter TimeLimit to value 30
Gurobi Optimizer version 13.0.2 build v13.0.2rc1 (win64 - Windows 11+.0 (26200.2))

CPU model: 13th Gen Intel(R) Core(TM) i7-13620H, instruction set [SSE2|AVX|AVX2]
Thread count: 10 physical cores, 16 logical processors, using up to 1 threads

Non-default parameters:
TimeLimit  30
SoftMemLimit  12
FeasibilityTol  1e-07
IntFeasTol  1e-07
MIPGap  0
OptimalityTol  1e-07
Method  1
NodeMethod  1
DualReductions  0
InfUnbdInfo  1
LogToConsole  0
NumericFocus  1
Seed  20260929
Threads  1

Optimize a model with 85 rows, 106 columns and 297 nonzeros (Min)
Model has 93 linear objective coefficients
Coefficient statistics:
  Matrix range     [5e-04, 1e+00]
  Objective range  [6e-02, 1e+00]
  Bounds range     [2e+01, 2e+01]
  RHS range        [4e-02, 2e+01]

LP warm-start: use basis

Iteration    Objective       Primal Inf.    Dual Inf.      Time
       0    1.8908747e+00   3.190675e+01   0.000000e+00      0s
       8    2.0625000e+00   0.000000e+00   0.000000e+00      0s

Solved in 8 iterations and 0.00 seconds (0.00 work units)
Optimal objective  2.062500000e+00

User-callback calls 47, time in user-callback 0.00 sec
Set parameter TimeLimit to value 30
Gurobi Optimizer version 13.0.2 build v13.0.2rc1 (win64 - Windows 11+.0 (26200.2))

CPU model: 13th Gen Intel(R) Core(TM) i7-13620H, instruction set [SSE2|AVX|AVX2]
Thread count: 10 physical cores, 16 logical processors, using up to 1 threads

Non-default parameters:
TimeLimit  30
SoftMemLimit  12
FeasibilityTol  1e-07
IntFeasTol  1e-07
MIPGap  0
OptimalityTol  1e-07
Method  1
NodeMethod  1
DualReductions  0
InfUnbdInfo  1
LogToConsole  0
NumericFocus  1
Seed  20260929
Threads  1

Optimize a model with 85 rows, 106 columns and 297 nonzeros (Min)
Model has 93 linear objective coefficients
Coefficient statistics:
  Matrix range     [5e-04, 1e+00]
  Objective range  [6e-02, 1e+00]
  Bounds range     [2e+01, 2e+01]
  RHS range        [4e-02, 2e+01]

LP warm-start: use basis

Iteration    Objective       Primal Inf.    Dual Inf.      Time
       0    1.6125000e+00   3.760877e+01   0.000000e+00      0s
      12    2.0500000e+00   0.000000e+00   0.000000e+00      0s

Solved in 12 iterations and 0.00 seconds (0.00 work units)
Optimal objective  2.050000000e+00

User-callback calls 52, time in user-callback 0.00 sec
Set parameter TimeLimit to value 30
Gurobi Optimizer version 13.0.2 build v13.0.2rc1 (win64 - Windows 11+.0 (26200.2))

CPU model: 13th Gen Intel(R) Core(TM) i7-13620H, instruction set [SSE2|AVX|AVX2]
Thread count: 10 physical cores, 16 logical processors, using up to 1 threads

Non-default parameters:
TimeLimit  30
SoftMemLimit  12
FeasibilityTol  1e-07
IntFeasTol  1e-07
MIPGap  0
OptimalityTol  1e-07
Method  1
NodeMethod  1
DualReductions  0
InfUnbdInfo  1
LogToConsole  0
NumericFocus  1
Seed  20260929
Threads  1

Optimize a model with 85 rows, 106 columns and 297 nonzeros (Min)
Model has 93 linear objective coefficients
Coefficient statistics:
  Matrix range     [5e-04, 1e+00]
  Objective range  [6e-02, 1e+00]
  Bounds range     [2e+01, 2e+01]
  RHS range        [4e-02, 2e+01]

LP warm-start: use basis

Iteration    Objective       Primal Inf.    Dual Inf.      Time
       0    2.0500000e+00   1.786583e+01   0.000000e+00      0s
       5    2.0625000e+00   0.000000e+00   0.000000e+00      0s

Solved in 5 iterations and 0.00 seconds (0.00 work units)
Optimal objective  2.062500000e+00

User-callback calls 45, time in user-callback 0.00 sec
Set parameter TimeLimit to value 30
Gurobi Optimizer version 13.0.2 build v13.0.2rc1 (win64 - Windows 11+.0 (26200.2))

CPU model: 13th Gen Intel(R) Core(TM) i7-13620H, instruction set [SSE2|AVX|AVX2]
Thread count: 10 physical cores, 16 logical processors, using up to 1 threads

Non-default parameters:
TimeLimit  30
SoftMemLimit  12
FeasibilityTol  1e-07
IntFeasTol  1e-07
MIPGap  0
OptimalityTol  1e-07
Method  1
NodeMethod  1
DualReductions  0
InfUnbdInfo  1
LogToConsole  0
NumericFocus  1
Seed  20260929
Threads  1

Optimize a model with 85 rows, 106 columns and 297 nonzeros (Min)
Model has 93 linear objective coefficients
Coefficient statistics:
  Matrix range     [5e-04, 1e+00]
  Objective range  [6e-02, 1e+00]
  Bounds range     [2e+01, 2e+01]
  RHS range        [4e-02, 2e+01]

LP warm-start: use basis

Iteration    Objective       Primal Inf.    Dual Inf.      Time
       0    1.6125000e+00   1.977799e+02   0.000000e+00      0s
      12    2.0500000e+00   0.000000e+00   0.000000e+00      0s

Solved in 12 iterations and 0.00 seconds (0.00 work units)
Optimal objective  2.050000000e+00

User-callback calls 52, time in user-callback 0.00 sec
Set parameter TimeLimit to value 30
Gurobi Optimizer version 13.0.2 build v13.0.2rc1 (win64 - Windows 11+.0 (26200.2))

CPU model: 13th Gen Intel(R) Core(TM) i7-13620H, instruction set [SSE2|AVX|AVX2]
Thread count: 10 physical cores, 16 logical processors, using up to 1 threads

Non-default parameters:
TimeLimit  30
SoftMemLimit  12
FeasibilityTol  1e-07
IntFeasTol  1e-07
MIPGap  0
OptimalityTol  1e-07
Method  1
NodeMethod  1
DualReductions  0
InfUnbdInfo  1
LogToConsole  0
NumericFocus  1
Seed  20260929
Threads  1

Optimize a model with 85 rows, 106 columns and 297 nonzeros (Min)
Model has 93 linear objective coefficients
Coefficient statistics:
  Matrix range     [5e-04, 1e+00]
  Objective range  [6e-02, 1e+00]
  Bounds range     [2e+01, 2e+01]
  RHS range        [4e-02, 2e+01]

LP warm-start: use basis

Iteration    Objective       Primal Inf.    Dual Inf.      Time
       0    5.0000000e-02   1.592268e+02   0.000000e+00      0s
       9    4.3125000e+00   0.000000e+00   0.000000e+00      0s

Solved in 9 iterations and 0.00 seconds (0.00 work units)
Optimal objective  4.312500000e+00

User-callback calls 49, time in user-callback 0.00 sec
Set parameter TimeLimit to value 30
Gurobi Optimizer version 13.0.2 build v13.0.2rc1 (win64 - Windows 11+.0 (26200.2))

CPU model: 13th Gen Intel(R) Core(TM) i7-13620H, instruction set [SSE2|AVX|AVX2]
Thread count: 10 physical cores, 16 logical processors, using up to 1 threads

Non-default parameters:
TimeLimit  30
SoftMemLimit  12
FeasibilityTol  1e-07
IntFeasTol  1e-07
MIPGap  0
OptimalityTol  1e-07
Method  1
NodeMethod  1
DualReductions  0
InfUnbdInfo  1
LogToConsole  0
NumericFocus  1
Seed  20260929
Threads  1

Optimize a model with 85 rows, 106 columns and 297 nonzeros (Min)
Model has 93 linear objective coefficients
Coefficient statistics:
  Matrix range     [5e-04, 1e+00]
  Objective range  [6e-02, 1e+00]
  Bounds range     [2e+01, 2e+01]
  RHS range        [4e-02, 2e+01]

LP warm-start: use basis

Iteration    Objective       Primal Inf.    Dual Inf.      Time
       0    3.8625000e+00   3.545184e+01   0.000000e+00      0s
      12    4.1072407e+00   0.000000e+00   0.000000e+00      0s

Solved in 12 iterations and 0.00 seconds (0.00 work units)
Optimal objective  4.107240732e+00

User-callback calls 52, time in user-callback 0.00 sec
Set parameter TimeLimit to value 30
Gurobi Optimizer version 13.0.2 build v13.0.2rc1 (win64 - Windows 11+.0 (26200.2))

CPU model: 13th Gen Intel(R) Core(TM) i7-13620H, instruction set [SSE2|AVX|AVX2]
Thread count: 10 physical cores, 16 logical processors, using up to 1 threads

Non-default parameters:
TimeLimit  30
SoftMemLimit  12
FeasibilityTol  1e-07
IntFeasTol  1e-07
MIPGap  0
OptimalityTol  1e-07
Method  1
NodeMethod  1
DualReductions  0
InfUnbdInfo  1
LogToConsole  0
NumericFocus  1
Seed  20260929
Threads  1

Optimize a model with 85 rows, 106 columns and 297 nonzeros (Min)
Model has 93 linear objective coefficients
Coefficient statistics:
  Matrix range     [5e-04, 1e+00]
  Objective range  [6e-02, 1e+00]
  Bounds range     [2e+01, 2e+01]
  RHS range        [4e-02, 2e+01]

LP warm-start: use basis

Iteration    Objective       Primal Inf.    Dual Inf.      Time
       0    4.1072407e+00   8.889124e+00   0.000000e+00      0s
       7    4.3125000e+00   0.000000e+00   0.000000e+00      0s

Solved in 7 iterations and 0.00 seconds (0.00 work units)
Optimal objective  4.312500000e+00

User-callback calls 47, time in user-callback 0.00 sec
Set parameter TimeLimit to value 30
Gurobi Optimizer version 13.0.2 build v13.0.2rc1 (win64 - Windows 11+.0 (26200.2))

CPU model: 13th Gen Intel(R) Core(TM) i7-13620H, instruction set [SSE2|AVX|AVX2]
Thread count: 10 physical cores, 16 logical processors, using up to 1 threads

Non-default parameters:
TimeLimit  30
SoftMemLimit  12
FeasibilityTol  1e-07
IntFeasTol  1e-07
MIPGap  0
OptimalityTol  1e-07
Method  1
NodeMethod  1
DualReductions  0
InfUnbdInfo  1
LogToConsole  0
NumericFocus  1
Seed  20260929
Threads  1

Optimize a model with 85 rows, 106 columns and 297 nonzeros (Min)
Model has 93 linear objective coefficients
Coefficient statistics:
  Matrix range     [5e-04, 1e+00]
  Objective range  [6e-02, 1e+00]
  Bounds range     [2e+01, 2e+01]
  RHS range        [4e-02, 2e+01]

LP warm-start: use basis

Iteration    Objective       Primal Inf.    Dual Inf.      Time
       0    3.8625000e+00   3.560877e+01   0.000000e+00      0s
      20    4.1072407e+00   0.000000e+00   0.000000e+00      0s

Solved in 20 iterations and 0.00 seconds (0.00 work units)
Optimal objective  4.107240732e+00

User-callback calls 60, time in user-callback 0.00 sec
Set parameter TimeLimit to value 30
Gurobi Optimizer version 13.0.2 build v13.0.2rc1 (win64 - Windows 11+.0 (26200.2))

CPU model: 13th Gen Intel(R) Core(TM) i7-13620H, instruction set [SSE2|AVX|AVX2]
Thread count: 10 physical cores, 16 logical processors, using up to 1 threads

Non-default parameters:
TimeLimit  30
SoftMemLimit  12
FeasibilityTol  1e-07
IntFeasTol  1e-07
MIPGap  0
OptimalityTol  1e-07
Method  1
NodeMethod  1
DualReductions  0
InfUnbdInfo  1
LogToConsole  0
NumericFocus  1
Seed  20260929
Threads  1

Optimize a model with 85 rows, 106 columns and 297 nonzeros (Min)
Model has 93 linear objective coefficients
Coefficient statistics:
  Matrix range     [5e-04, 1e+00]
  Objective range  [6e-02, 1e+00]
  Bounds range     [2e+01, 2e+01]
  RHS range        [4e-02, 2e+01]

LP warm-start: use basis

Iteration    Objective       Primal Inf.    Dual Inf.      Time
       0   -2.2383280e+00   3.519205e+01   0.000000e+00      0s
       5    2.0500000e+00   0.000000e+00   0.000000e+00      0s

Solved in 5 iterations and 0.00 seconds (0.00 work units)
Optimal objective  2.050000000e+00

User-callback calls 45, time in user-callback 0.00 sec
Set parameter TimeLimit to value 30
Gurobi Optimizer version 13.0.2 build v13.0.2rc1 (win64 - Windows 11+.0 (26200.2))

CPU model: 13th Gen Intel(R) Core(TM) i7-13620H, instruction set [SSE2|AVX|AVX2]
Thread count: 10 physical cores, 16 logical processors, using up to 1 threads

Non-default parameters:
TimeLimit  30
SoftMemLimit  12
FeasibilityTol  1e-07
IntFeasTol  1e-07
MIPGap  0
OptimalityTol  1e-07
Method  1
NodeMethod  1
DualReductions  0
InfUnbdInfo  1
LogToConsole  0
NumericFocus  1
Seed  20260929
Threads  1

Optimize a model with 85 rows, 106 columns and 297 nonzeros (Min)
Model has 93 linear objective coefficients
Coefficient statistics:
  Matrix range     [5e-04, 1e+00]
  Objective range  [6e-02, 1e+00]
  Bounds range     [2e+01, 2e+01]
  RHS range        [4e-02, 2e+01]

LP warm-start: use basis

Iteration    Objective       Primal Inf.    Dual Inf.      Time
       0    2.0500000e+00   0.000000e+00   0.000000e+00      0s

Solved in 0 iterations and 0.00 seconds (0.00 work units)
Optimal objective  2.050000000e+00

User-callback calls 38, time in user-callback 0.00 sec
Set parameter TimeLimit to value 30
Gurobi Optimizer version 13.0.2 build v13.0.2rc1 (win64 - Windows 11+.0 (26200.2))

CPU model: 13th Gen Intel(R) Core(TM) i7-13620H, instruction set [SSE2|AVX|AVX2]
Thread count: 10 physical cores, 16 logical processors, using up to 1 threads

Non-default parameters:
TimeLimit  30
SoftMemLimit  12
FeasibilityTol  1e-07
IntFeasTol  1e-07
MIPGap  0
OptimalityTol  1e-07
Method  1
NodeMethod  1
DualReductions  0
InfUnbdInfo  1
LogToConsole  0
NumericFocus  1
Seed  20260929
Threads  1

Optimize a model with 85 rows, 106 columns and 297 nonzeros (Min)
Model has 93 linear objective coefficients
Coefficient statistics:
  Matrix range     [5e-04, 1e+00]
  Objective range  [6e-02, 1e+00]
  Bounds range     [2e+01, 2e+01]
  RHS range        [4e-02, 2e+01]

LP warm-start: use basis

Iteration    Objective       Primal Inf.    Dual Inf.      Time
       0    1.8250000e+00   1.877592e+01   0.000000e+00      0s
       6    2.0500000e+00   0.000000e+00   0.000000e+00      0s

Solved in 6 iterations and 0.00 seconds (0.00 work units)
Optimal objective  2.050000000e+00

User-callback calls 46, time in user-callback 0.00 sec
Set parameter TimeLimit to value 30
Gurobi Optimizer version 13.0.2 build v13.0.2rc1 (win64 - Windows 11+.0 (26200.2))

CPU model: 13th Gen Intel(R) Core(TM) i7-13620H, instruction set [SSE2|AVX|AVX2]
Thread count: 10 physical cores, 16 logical processors, using up to 1 threads

Non-default parameters:
TimeLimit  30
SoftMemLimit  12
FeasibilityTol  1e-07
IntFeasTol  1e-07
MIPGap  0
OptimalityTol  1e-07
Method  1
NodeMethod  1
DualReductions  0
InfUnbdInfo  1
LogToConsole  0
NumericFocus  1
Seed  20260929
Threads  1

Optimize a model with 85 rows, 106 columns and 297 nonzeros (Min)
Model has 93 linear objective coefficients
Coefficient statistics:
  Matrix range     [5e-04, 1e+00]
  Objective range  [6e-02, 1e+00]
  Bounds range     [2e+01, 2e+01]
  RHS range        [4e-02, 2e+01]

LP warm-start: use basis

Iteration    Objective       Primal Inf.    Dual Inf.      Time
       0    2.0500000e+00   0.000000e+00   0.000000e+00      0s

Solved in 0 iterations and 0.00 seconds (0.00 work units)
Optimal objective  2.050000000e+00

User-callback calls 38, time in user-callback 0.00 sec
Set parameter TimeLimit to value 30
Gurobi Optimizer version 13.0.2 build v13.0.2rc1 (win64 - Windows 11+.0 (26200.2))

CPU model: 13th Gen Intel(R) Core(TM) i7-13620H, instruction set [SSE2|AVX|AVX2]
Thread count: 10 physical cores, 16 logical processors, using up to 1 threads

Non-default parameters:
TimeLimit  30
SoftMemLimit  12
FeasibilityTol  1e-07
IntFeasTol  1e-07
MIPGap  0
OptimalityTol  1e-07
Method  1
NodeMethod  1
DualReductions  0
InfUnbdInfo  1
LogToConsole  0
NumericFocus  1
Seed  20260929
Threads  1

Optimize a model with 85 rows, 106 columns and 297 nonzeros (Min)
Model has 93 linear objective coefficients
Coefficient statistics:
  Matrix range     [5e-04, 1e+00]
  Objective range  [6e-02, 1e+00]
  Bounds range     [2e+01, 2e+01]
  RHS range        [4e-02, 2e+01]

LP warm-start: use basis

Iteration    Objective       Primal Inf.    Dual Inf.      Time
       0    4.0500000e+00   3.301800e+01   0.000000e+00      0s
       3    4.3000000e+00   0.000000e+00   0.000000e+00      0s

Solved in 3 iterations and 0.00 seconds (0.00 work units)
Optimal objective  4.300000000e+00

User-callback calls 43, time in user-callback 0.00 sec
Set parameter TimeLimit to value 30
Gurobi Optimizer version 13.0.2 build v13.0.2rc1 (win64 - Windows 11+.0 (26200.2))

CPU model: 13th Gen Intel(R) Core(TM) i7-13620H, instruction set [SSE2|AVX|AVX2]
Thread count: 10 physical cores, 16 logical processors, using up to 1 threads

Non-default parameters:
TimeLimit  30
SoftMemLimit  12
FeasibilityTol  1e-07
IntFeasTol  1e-07
MIPGap  0
OptimalityTol  1e-07
Method  1
NodeMethod  1
DualReductions  0
InfUnbdInfo  1
LogToConsole  0
NumericFocus  1
Seed  20260929
Threads  1

Optimize a model with 85 rows, 106 columns and 297 nonzeros (Min)
Model has 93 linear objective coefficients
Coefficient statistics:
  Matrix range     [5e-04, 1e+00]
  Objective range  [6e-02, 1e+00]
  Bounds range     [2e+01, 2e+01]
  RHS range        [4e-02, 2e+01]

LP warm-start: use basis

Iteration    Objective       Primal Inf.    Dual Inf.      Time
       0    4.3000000e+00   0.000000e+00   0.000000e+00      0s

Solved in 0 iterations and 0.00 seconds (0.00 work units)
Optimal objective  4.300000000e+00

User-callback calls 38, time in user-callback 0.00 sec
Set parameter TimeLimit to value 30
Gurobi Optimizer version 13.0.2 build v13.0.2rc1 (win64 - Windows 11+.0 (26200.2))

CPU model: 13th Gen Intel(R) Core(TM) i7-13620H, instruction set [SSE2|AVX|AVX2]
Thread count: 10 physical cores, 16 logical processors, using up to 1 threads

Non-default parameters:
TimeLimit  30
SoftMemLimit  12
FeasibilityTol  1e-07
IntFeasTol  1e-07
MIPGap  0
OptimalityTol  1e-07
Method  1
NodeMethod  1
DualReductions  0
InfUnbdInfo  1
LogToConsole  0
NumericFocus  1
Seed  20260929
Threads  1

Optimize a model with 85 rows, 106 columns and 297 nonzeros (Min)
Model has 93 linear objective coefficients
Coefficient statistics:
  Matrix range     [5e-04, 1e+00]
  Objective range  [6e-02, 1e+00]
  Bounds range     [2e+01, 2e+01]
  RHS range        [4e-02, 2e+01]

LP warm-start: use basis

Iteration    Objective       Primal Inf.    Dual Inf.      Time
       0    4.0750000e+00   1.697592e+01   0.000000e+00      0s
       6    4.1973704e+00   0.000000e+00   0.000000e+00      0s

Solved in 6 iterations and 0.00 seconds (0.00 work units)
Optimal objective  4.197370366e+00

User-callback calls 46, time in user-callback 0.00 sec
Set parameter TimeLimit to value 30
Gurobi Optimizer version 13.0.2 build v13.0.2rc1 (win64 - Windows 11+.0 (26200.2))

CPU model: 13th Gen Intel(R) Core(TM) i7-13620H, instruction set [SSE2|AVX|AVX2]
Thread count: 10 physical cores, 16 logical processors, using up to 1 threads

Non-default parameters:
TimeLimit  30
SoftMemLimit  12
FeasibilityTol  1e-07
IntFeasTol  1e-07
MIPGap  0
OptimalityTol  1e-07
Method  1
NodeMethod  1
DualReductions  0
InfUnbdInfo  1
LogToConsole  0
NumericFocus  1
Seed  20260929
Threads  1

Optimize a model with 85 rows, 106 columns and 297 nonzeros (Min)
Model has 93 linear objective coefficients
Coefficient statistics:
  Matrix range     [5e-04, 1e+00]
  Objective range  [6e-02, 1e+00]
  Bounds range     [2e+01, 2e+01]
  RHS range        [4e-02, 2e+01]

LP warm-start: use basis

Iteration    Objective       Primal Inf.    Dual Inf.      Time
       0    4.1973704e+00   0.000000e+00   0.000000e+00      0s

Solved in 0 iterations and 0.00 seconds (0.00 work units)
Optimal objective  4.197370366e+00

User-callback calls 38, time in user-callback 0.00 sec
Set parameter TimeLimit to value 30
Gurobi Optimizer version 13.0.2 build v13.0.2rc1 (win64 - Windows 11+.0 (26200.2))

CPU model: 13th Gen Intel(R) Core(TM) i7-13620H, instruction set [SSE2|AVX|AVX2]
Thread count: 10 physical cores, 16 logical processors, using up to 1 threads

Non-default parameters:
TimeLimit  30
SoftMemLimit  12
FeasibilityTol  1e-07
IntFeasTol  1e-07
MIPGap  0
OptimalityTol  1e-07
Method  1
NodeMethod  1
DualReductions  0
InfUnbdInfo  1
LogToConsole  0
NumericFocus  1
Seed  20260929
Threads  1

Optimize a model with 85 rows, 106 columns and 297 nonzeros (Min)
Model has 93 linear objective coefficients
Coefficient statistics:
  Matrix range     [5e-04, 1e+00]
  Objective range  [6e-02, 1e+00]
  Bounds range     [2e+01, 2e+01]
  RHS range        [4e-02, 2e+01]

LP warm-start: use basis

Iteration    Objective       Primal Inf.    Dual Inf.      Time
       0    3.9598704e+00   5.344588e+00   0.000000e+00      0s
       4    4.0625000e+00   0.000000e+00   0.000000e+00      0s

Solved in 4 iterations and 0.00 seconds (0.00 work units)
Optimal objective  4.062500000e+00

User-callback calls 44, time in user-callback 0.00 sec
Set parameter TimeLimit to value 30
Gurobi Optimizer version 13.0.2 build v13.0.2rc1 (win64 - Windows 11+.0 (26200.2))

CPU model: 13th Gen Intel(R) Core(TM) i7-13620H, instruction set [SSE2|AVX|AVX2]
Thread count: 10 physical cores, 16 logical processors, using up to 1 threads

Non-default parameters:
TimeLimit  30
SoftMemLimit  12
FeasibilityTol  1e-07
IntFeasTol  1e-07
MIPGap  0
OptimalityTol  1e-07
Method  1
NodeMethod  1
DualReductions  0
InfUnbdInfo  1
LogToConsole  0
NumericFocus  1
Seed  20260929
Threads  1

Optimize a model with 85 rows, 106 columns and 297 nonzeros (Min)
Model has 93 linear objective coefficients
Coefficient statistics:
  Matrix range     [5e-04, 1e+00]
  Objective range  [6e-02, 1e+00]
  Bounds range     [2e+01, 2e+01]
  RHS range        [4e-02, 2e+01]

LP warm-start: use basis

Iteration    Objective       Primal Inf.    Dual Inf.      Time
       0    4.0625000e+00   0.000000e+00   0.000000e+00      0s

Solved in 0 iterations and 0.00 seconds (0.00 work units)
Optimal objective  4.062500000e+00

User-callback calls 38, time in user-callback 0.00 sec
Set parameter TimeLimit to value 30
Gurobi Optimizer version 13.0.2 build v13.0.2rc1 (win64 - Windows 11+.0 (26200.2))

CPU model: 13th Gen Intel(R) Core(TM) i7-13620H, instruction set [SSE2|AVX|AVX2]
Thread count: 10 physical cores, 16 logical processors, using up to 1 threads

Non-default parameters:
TimeLimit  30
SoftMemLimit  12
FeasibilityTol  1e-07
IntFeasTol  1e-07
MIPGap  0
OptimalityTol  1e-07
Method  1
NodeMethod  1
DualReductions  0
InfUnbdInfo  1
LogToConsole  0
NumericFocus  1
Seed  20260929
Threads  1

Optimize a model with 85 rows, 106 columns and 297 nonzeros (Min)
Model has 93 linear objective coefficients
Coefficient statistics:
  Matrix range     [5e-04, 1e+00]
  Objective range  [6e-02, 1e+00]
  Bounds range     [2e+01, 2e+01]
  RHS range        [4e-02, 2e+01]

LP warm-start: use basis

Iteration    Objective       Primal Inf.    Dual Inf.      Time
       0    3.8375000e+00   1.867592e+01   0.000000e+00      0s
       8    4.0500000e+00   0.000000e+00   0.000000e+00      0s

Solved in 8 iterations and 0.00 seconds (0.00 work units)
Optimal objective  4.050000000e+00

User-callback calls 47, time in user-callback 0.00 sec
Set parameter TimeLimit to value 30
Gurobi Optimizer version 13.0.2 build v13.0.2rc1 (win64 - Windows 11+.0 (26200.2))

CPU model: 13th Gen Intel(R) Core(TM) i7-13620H, instruction set [SSE2|AVX|AVX2]
Thread count: 10 physical cores, 16 logical processors, using up to 1 threads

Non-default parameters:
TimeLimit  30
SoftMemLimit  12
FeasibilityTol  1e-07
IntFeasTol  1e-07
MIPGap  0
OptimalityTol  1e-07
Method  1
NodeMethod  1
DualReductions  0
InfUnbdInfo  1
LogToConsole  0
NumericFocus  1
Seed  20260929
Threads  1

Optimize a model with 85 rows, 106 columns and 297 nonzeros (Min)
Model has 93 linear objective coefficients
Coefficient statistics:
  Matrix range     [5e-04, 1e+00]
  Objective range  [6e-02, 1e+00]
  Bounds range     [2e+01, 2e+01]
  RHS range        [4e-02, 2e+01]

LP warm-start: use basis

Iteration    Objective       Primal Inf.    Dual Inf.      Time
       0    4.0500000e+00   0.000000e+00   0.000000e+00      0s

Solved in 0 iterations and 0.00 seconds (0.00 work units)
Optimal objective  4.050000000e+00

User-callback calls 38, time in user-callback 0.00 sec
Set parameter TimeLimit to value 30
Gurobi Optimizer version 13.0.2 build v13.0.2rc1 (win64 - Windows 11+.0 (26200.2))

CPU model: 13th Gen Intel(R) Core(TM) i7-13620H, instruction set [SSE2|AVX|AVX2]
Thread count: 10 physical cores, 16 logical processors, using up to 1 threads

Non-default parameters:
TimeLimit  30
SoftMemLimit  12
FeasibilityTol  1e-07
IntFeasTol  1e-07
MIPGap  0
OptimalityTol  1e-07
Method  1
NodeMethod  1
DualReductions  0
InfUnbdInfo  1
LogToConsole  0
NumericFocus  1
Seed  20260929
Threads  1

Optimize a model with 85 rows, 106 columns and 297 nonzeros (Min)
Model has 93 linear objective coefficients
Coefficient statistics:
  Matrix range     [5e-04, 1e+00]
  Objective range  [6e-02, 1e+00]
  Bounds range     [2e+01, 2e+01]
  RHS range        [4e-02, 2e+01]

LP warm-start: use basis

Iteration    Objective       Primal Inf.    Dual Inf.      Time
       0    6.0500000e+00   3.703904e+01   0.000000e+00      0s
       5    6.3125000e+00   0.000000e+00   0.000000e+00      0s

Solved in 5 iterations and 0.00 seconds (0.00 work units)
Optimal objective  6.312500000e+00

User-callback calls 45, time in user-callback 0.00 sec
Set parameter TimeLimit to value 30
Gurobi Optimizer version 13.0.2 build v13.0.2rc1 (win64 - Windows 11+.0 (26200.2))

CPU model: 13th Gen Intel(R) Core(TM) i7-13620H, instruction set [SSE2|AVX|AVX2]
Thread count: 10 physical cores, 16 logical processors, using up to 1 threads

Non-default parameters:
TimeLimit  30
SoftMemLimit  12
FeasibilityTol  1e-07
IntFeasTol  1e-07
MIPGap  0
OptimalityTol  1e-07
Method  1
NodeMethod  1
DualReductions  0
InfUnbdInfo  1
LogToConsole  0
NumericFocus  1
Seed  20260929
Threads  1

Optimize a model with 85 rows, 106 columns and 297 nonzeros (Min)
Model has 93 linear objective coefficients
Coefficient statistics:
  Matrix range     [5e-04, 1e+00]
  Objective range  [6e-02, 1e+00]
  Bounds range     [2e+01, 2e+01]
  RHS range        [4e-02, 2e+01]

LP warm-start: use basis

Iteration    Objective       Primal Inf.    Dual Inf.      Time
       0    6.3125000e+00   0.000000e+00   0.000000e+00      0s

Solved in 0 iterations and 0.00 seconds (0.00 work units)
Optimal objective  6.312500000e+00

User-callback calls 38, time in user-callback 0.00 sec
Set parameter TimeLimit to value 30
Gurobi Optimizer version 13.0.2 build v13.0.2rc1 (win64 - Windows 11+.0 (26200.2))

CPU model: 13th Gen Intel(R) Core(TM) i7-13620H, instruction set [SSE2|AVX|AVX2]
Thread count: 10 physical cores, 16 logical processors, using up to 1 threads

Non-default parameters:
TimeLimit  30
SoftMemLimit  12
FeasibilityTol  1e-07
IntFeasTol  1e-07
MIPGap  0
OptimalityTol  1e-07
Method  1
NodeMethod  1
DualReductions  0
InfUnbdInfo  1
LogToConsole  0
NumericFocus  1
Seed  20260929
Threads  1

Optimize a model with 85 rows, 106 columns and 297 nonzeros (Min)
Model has 93 linear objective coefficients
Coefficient statistics:
  Matrix range     [5e-04, 1e+00]
  Objective range  [6e-02, 1e+00]
  Bounds range     [2e+01, 2e+01]
  RHS range        [4e-02, 2e+01]

LP warm-start: use basis

Iteration    Objective       Primal Inf.    Dual Inf.      Time
       0    6.0875000e+00   1.697592e+01   0.000000e+00      0s
       6    6.2098704e+00   0.000000e+00   0.000000e+00      0s

Solved in 6 iterations and 0.00 seconds (0.00 work units)
Optimal objective  6.209870366e+00

User-callback calls 46, time in user-callback 0.00 sec
Set parameter TimeLimit to value 30
Gurobi Optimizer version 13.0.2 build v13.0.2rc1 (win64 - Windows 11+.0 (26200.2))

CPU model: 13th Gen Intel(R) Core(TM) i7-13620H, instruction set [SSE2|AVX|AVX2]
Thread count: 10 physical cores, 16 logical processors, using up to 1 threads

Non-default parameters:
TimeLimit  30
SoftMemLimit  12
FeasibilityTol  1e-07
IntFeasTol  1e-07
MIPGap  0
OptimalityTol  1e-07
Method  1
NodeMethod  1
DualReductions  0
InfUnbdInfo  1
LogToConsole  0
NumericFocus  1
Seed  20260929
Threads  1

Optimize a model with 85 rows, 106 columns and 297 nonzeros (Min)
Model has 93 linear objective coefficients
Coefficient statistics:
  Matrix range     [5e-04, 1e+00]
  Objective range  [6e-02, 1e+00]
  Bounds range     [2e+01, 2e+01]
  RHS range        [4e-02, 2e+01]

LP warm-start: use basis

Iteration    Objective       Primal Inf.    Dual Inf.      Time
       0    6.2098704e+00   0.000000e+00   0.000000e+00      0s

Solved in 0 iterations and 0.00 seconds (0.00 work units)
Optimal objective  6.209870366e+00

User-callback calls 38, time in user-callback 0.00 sec
Set parameter TimeLimit to value 30
Gurobi Optimizer version 13.0.2 build v13.0.2rc1 (win64 - Windows 11+.0 (26200.2))

CPU model: 13th Gen Intel(R) Core(TM) i7-13620H, instruction set [SSE2|AVX|AVX2]
Thread count: 10 physical cores, 16 logical processors, using up to 1 threads

Non-default parameters:
TimeLimit  30
SoftMemLimit  12
FeasibilityTol  1e-07
IntFeasTol  1e-07
MIPGap  0
OptimalityTol  1e-07
Method  1
NodeMethod  1
DualReductions  0
InfUnbdInfo  1
LogToConsole  0
NumericFocus  1
Seed  20260929
Threads  1

Optimize a model with 85 rows, 106 columns and 297 nonzeros (Min)
Model has 93 linear objective coefficients
Coefficient statistics:
  Matrix range     [5e-04, 1e+00]
  Objective range  [6e-02, 1e+00]
  Bounds range     [2e+01, 2e+01]
  RHS range        [4e-02, 2e+01]

LP warm-start: use basis

Iteration    Objective       Primal Inf.    Dual Inf.      Time
       0   -3.4095762e-01   3.961427e+01   0.000000e+00      0s
       8    2.0000000e+00   0.000000e+00   0.000000e+00      0s

Solved in 8 iterations and 0.00 seconds (0.00 work units)
Optimal objective  2.000000000e+00

User-callback calls 48, time in user-callback 0.00 sec
Set parameter TimeLimit to value 30
Gurobi Optimizer version 13.0.2 build v13.0.2rc1 (win64 - Windows 11+.0 (26200.2))

CPU model: 13th Gen Intel(R) Core(TM) i7-13620H, instruction set [SSE2|AVX|AVX2]
Thread count: 10 physical cores, 16 logical processors, using up to 1 threads

Non-default parameters:
TimeLimit  30
SoftMemLimit  12
FeasibilityTol  1e-07
IntFeasTol  1e-07
MIPGap  0
OptimalityTol  1e-07
Method  1
NodeMethod  1
DualReductions  0
InfUnbdInfo  1
LogToConsole  0
NumericFocus  1
Seed  20260929
Threads  1

Optimize a model with 85 rows, 106 columns and 297 nonzeros (Min)
Model has 93 linear objective coefficients
Coefficient statistics:
  Matrix range     [5e-04, 1e+00]
  Objective range  [6e-02, 1e+00]
  Bounds range     [2e+01, 2e+01]
  RHS range        [4e-02, 2e+01]

LP warm-start: use basis

Iteration    Objective       Primal Inf.    Dual Inf.      Time
       0    1.7750000e+00   1.882592e+01   0.000000e+00      0s
       5    2.0000000e+00   0.000000e+00   0.000000e+00      0s

Solved in 5 iterations and 0.00 seconds (0.00 work units)
Optimal objective  2.000000000e+00

User-callback calls 45, time in user-callback 0.00 sec
Set parameter TimeLimit to value 30
Gurobi Optimizer version 13.0.2 build v13.0.2rc1 (win64 - Windows 11+.0 (26200.2))

CPU model: 13th Gen Intel(R) Core(TM) i7-13620H, instruction set [SSE2|AVX|AVX2]
Thread count: 10 physical cores, 16 logical processors, using up to 1 threads

Non-default parameters:
TimeLimit  30
SoftMemLimit  12
FeasibilityTol  1e-07
IntFeasTol  1e-07
MIPGap  0
OptimalityTol  1e-07
Method  1
NodeMethod  1
DualReductions  0
InfUnbdInfo  1
LogToConsole  0
NumericFocus  1
Seed  20260929
Threads  1

Optimize a model with 85 rows, 106 columns and 297 nonzeros (Min)
Model has 93 linear objective coefficients
Coefficient statistics:
  Matrix range     [5e-04, 1e+00]
  Objective range  [6e-02, 1e+00]
  Bounds range     [2e+01, 2e+01]
  RHS range        [4e-02, 2e+01]

LP warm-start: use basis

Iteration    Objective       Primal Inf.    Dual Inf.      Time
       0    2.0000000e+00   4.992030e+01   0.000000e+00      0s
       1    2.0000000e+00   0.000000e+00   0.000000e+00      0s

Solved in 1 iterations and 0.00 seconds (0.00 work units)
Optimal objective  2.000000000e+00

User-callback calls 41, time in user-callback 0.00 sec
Set parameter TimeLimit to value 30
Gurobi Optimizer version 13.0.2 build v13.0.2rc1 (win64 - Windows 11+.0 (26200.2))

CPU model: 13th Gen Intel(R) Core(TM) i7-13620H, instruction set [SSE2|AVX|AVX2]
Thread count: 10 physical cores, 16 logical processors, using up to 1 threads

Non-default parameters:
TimeLimit  30
SoftMemLimit  12
FeasibilityTol  1e-07
IntFeasTol  1e-07
MIPGap  0
OptimalityTol  1e-07
Method  1
NodeMethod  1
DualReductions  0
InfUnbdInfo  1
LogToConsole  0
NumericFocus  1
Seed  20260929
Threads  1

Optimize a model with 85 rows, 106 columns and 297 nonzeros (Min)
Model has 93 linear objective coefficients
Coefficient statistics:
  Matrix range     [5e-04, 1e+00]
  Objective range  [6e-02, 1e+00]
  Bounds range     [2e+01, 2e+01]
  RHS range        [4e-02, 2e+01]

LP warm-start: use basis

Iteration    Objective       Primal Inf.    Dual Inf.      Time
       0    2.0000000e+00   0.000000e+00   0.000000e+00      0s

Solved in 0 iterations and 0.00 seconds (0.00 work units)
Optimal objective  2.000000000e+00

User-callback calls 38, time in user-callback 0.00 sec
Set parameter TimeLimit to value 30
Gurobi Optimizer version 13.0.2 build v13.0.2rc1 (win64 - Windows 11+.0 (26200.2))

CPU model: 13th Gen Intel(R) Core(TM) i7-13620H, instruction set [SSE2|AVX|AVX2]
Thread count: 10 physical cores, 16 logical processors, using up to 1 threads

Non-default parameters:
TimeLimit  30
SoftMemLimit  12
FeasibilityTol  1e-07
IntFeasTol  1e-07
MIPGap  0
OptimalityTol  1e-07
Method  1
NodeMethod  1
DualReductions  0
InfUnbdInfo  1
LogToConsole  0
NumericFocus  1
Seed  20260929
Threads  1

Optimize a model with 85 rows, 106 columns and 297 nonzeros (Min)
Model has 93 linear objective coefficients
Coefficient statistics:
  Matrix range     [5e-04, 1e+00]
  Objective range  [6e-02, 1e+00]
  Bounds range     [2e+01, 2e+01]
  RHS range        [4e-02, 2e+01]

LP warm-start: use basis

Iteration    Objective       Primal Inf.    Dual Inf.      Time
       0    2.0000000e+00   3.306800e+01   0.000000e+00      0s
       3    2.2500000e+00   0.000000e+00   0.000000e+00      0s

Solved in 3 iterations and 0.00 seconds (0.00 work units)
Optimal objective  2.250000000e+00

User-callback calls 43, time in user-callback 0.00 sec
Set parameter TimeLimit to value 30
Gurobi Optimizer version 13.0.2 build v13.0.2rc1 (win64 - Windows 11+.0 (26200.2))

CPU model: 13th Gen Intel(R) Core(TM) i7-13620H, instruction set [SSE2|AVX|AVX2]
Thread count: 10 physical cores, 16 logical processors, using up to 1 threads

Non-default parameters:
TimeLimit  30
SoftMemLimit  12
FeasibilityTol  1e-07
IntFeasTol  1e-07
MIPGap  0
OptimalityTol  1e-07
Method  1
NodeMethod  1
DualReductions  0
InfUnbdInfo  1
LogToConsole  0
NumericFocus  1
Seed  20260929
Threads  1

Optimize a model with 85 rows, 106 columns and 297 nonzeros (Min)
Model has 93 linear objective coefficients
Coefficient statistics:
  Matrix range     [5e-04, 1e+00]
  Objective range  [6e-02, 1e+00]
  Bounds range     [2e+01, 2e+01]
  RHS range        [4e-02, 2e+01]

LP warm-start: use basis

Iteration    Objective       Primal Inf.    Dual Inf.      Time
       0    2.0250000e+00   1.702592e+01   0.000000e+00      0s
       5    2.1973704e+00   0.000000e+00   0.000000e+00      0s

Solved in 5 iterations and 0.00 seconds (0.00 work units)
Optimal objective  2.197370366e+00

User-callback calls 45, time in user-callback 0.00 sec
Set parameter TimeLimit to value 30
Gurobi Optimizer version 13.0.2 build v13.0.2rc1 (win64 - Windows 11+.0 (26200.2))

CPU model: 13th Gen Intel(R) Core(TM) i7-13620H, instruction set [SSE2|AVX|AVX2]
Thread count: 10 physical cores, 16 logical processors, using up to 1 threads

Non-default parameters:
TimeLimit  30
SoftMemLimit  12
FeasibilityTol  1e-07
IntFeasTol  1e-07
MIPGap  0
OptimalityTol  1e-07
Method  1
NodeMethod  1
DualReductions  0
InfUnbdInfo  1
LogToConsole  0
NumericFocus  1
Seed  20260929
Threads  1

Optimize a model with 85 rows, 106 columns and 297 nonzeros (Min)
Model has 93 linear objective coefficients
Coefficient statistics:
  Matrix range     [5e-04, 1e+00]
  Objective range  [6e-02, 1e+00]
  Bounds range     [2e+01, 2e+01]
  RHS range        [4e-02, 2e+01]

LP warm-start: use basis

Iteration    Objective       Primal Inf.    Dual Inf.      Time
       0    1.9723704e+00   2.227051e+01   0.000000e+00      0s
       9    2.1973704e+00   0.000000e+00   0.000000e+00      0s

Solved in 9 iterations and 0.00 seconds (0.00 work units)
Optimal objective  2.197370366e+00

User-callback calls 49, time in user-callback 0.00 sec
Set parameter TimeLimit to value 30
Gurobi Optimizer version 13.0.2 build v13.0.2rc1 (win64 - Windows 11+.0 (26200.2))

CPU model: 13th Gen Intel(R) Core(TM) i7-13620H, instruction set [SSE2|AVX|AVX2]
Thread count: 10 physical cores, 16 logical processors, using up to 1 threads

Non-default parameters:
TimeLimit  30
SoftMemLimit  12
FeasibilityTol  1e-07
IntFeasTol  1e-07
MIPGap  0
OptimalityTol  1e-07
Method  1
NodeMethod  1
DualReductions  0
InfUnbdInfo  1
LogToConsole  0
NumericFocus  1
Seed  20260929
Threads  1

Optimize a model with 85 rows, 106 columns and 297 nonzeros (Min)
Model has 93 linear objective coefficients
Coefficient statistics:
  Matrix range     [5e-04, 1e+00]
  Objective range  [6e-02, 1e+00]
  Bounds range     [2e+01, 2e+01]
  RHS range        [4e-02, 2e+01]

LP warm-start: use basis

Iteration    Objective       Primal Inf.    Dual Inf.      Time
       0    1.9723704e+00   1.775357e+01   0.000000e+00      0s
       6    2.0723708e+00   0.000000e+00   0.000000e+00      0s

Solved in 6 iterations and 0.00 seconds (0.00 work units)
Optimal objective  2.072370834e+00

User-callback calls 46, time in user-callback 0.00 sec
Set parameter TimeLimit to value 30
Gurobi Optimizer version 13.0.2 build v13.0.2rc1 (win64 - Windows 11+.0 (26200.2))

CPU model: 13th Gen Intel(R) Core(TM) i7-13620H, instruction set [SSE2|AVX|AVX2]
Thread count: 10 physical cores, 16 logical processors, using up to 1 threads

Non-default parameters:
TimeLimit  30
SoftMemLimit  12
FeasibilityTol  1e-07
IntFeasTol  1e-07
MIPGap  0
OptimalityTol  1e-07
Method  1
NodeMethod  1
DualReductions  0
InfUnbdInfo  1
LogToConsole  0
NumericFocus  1
Seed  20260929
Threads  1

Optimize a model with 85 rows, 106 columns and 297 nonzeros (Min)
Model has 93 linear objective coefficients
Coefficient statistics:
  Matrix range     [5e-04, 1e+00]
  Objective range  [6e-02, 1e+00]
  Bounds range     [2e+01, 2e+01]
  RHS range        [4e-02, 2e+01]

LP warm-start: use basis

Iteration    Objective       Primal Inf.    Dual Inf.      Time
       0    1.9704374e+00   3.987101e+00   0.000000e+00      0s
       8    2.0125000e+00   0.000000e+00   0.000000e+00      0s

Solved in 8 iterations and 0.00 seconds (0.00 work units)
Optimal objective  2.012500000e+00

User-callback calls 47, time in user-callback 0.00 sec
Set parameter TimeLimit to value 30
Gurobi Optimizer version 13.0.2 build v13.0.2rc1 (win64 - Windows 11+.0 (26200.2))

CPU model: 13th Gen Intel(R) Core(TM) i7-13620H, instruction set [SSE2|AVX|AVX2]
Thread count: 10 physical cores, 16 logical processors, using up to 1 threads

Non-default parameters:
TimeLimit  30
SoftMemLimit  12
FeasibilityTol  1e-07
IntFeasTol  1e-07
MIPGap  0
OptimalityTol  1e-07
Method  1
NodeMethod  1
DualReductions  0
InfUnbdInfo  1
LogToConsole  0
NumericFocus  1
Seed  20260929
Threads  1

Optimize a model with 85 rows, 106 columns and 297 nonzeros (Min)
Model has 93 linear objective coefficients
Coefficient statistics:
  Matrix range     [5e-04, 1e+00]
  Objective range  [6e-02, 1e+00]
  Bounds range     [2e+01, 2e+01]
  RHS range        [4e-02, 2e+01]

LP warm-start: use basis

Iteration    Objective       Primal Inf.    Dual Inf.      Time
       0    1.7875000e+00   1.872592e+01   0.000000e+00      0s
       5    2.0000000e+00   0.000000e+00   0.000000e+00      0s

Solved in 5 iterations and 0.00 seconds (0.00 work units)
Optimal objective  2.000000000e+00

User-callback calls 45, time in user-callback 0.00 sec
Set parameter TimeLimit to value 30
Gurobi Optimizer version 13.0.2 build v13.0.2rc1 (win64 - Windows 11+.0 (26200.2))

CPU model: 13th Gen Intel(R) Core(TM) i7-13620H, instruction set [SSE2|AVX|AVX2]
Thread count: 10 physical cores, 16 logical processors, using up to 1 threads

Non-default parameters:
TimeLimit  30
SoftMemLimit  12
FeasibilityTol  1e-07
IntFeasTol  1e-07
MIPGap  0
OptimalityTol  1e-07
Method  1
NodeMethod  1
DualReductions  0
InfUnbdInfo  1
LogToConsole  0
NumericFocus  1
Seed  20260929
Threads  1

Optimize a model with 85 rows, 106 columns and 297 nonzeros (Min)
Model has 93 linear objective coefficients
Coefficient statistics:
  Matrix range     [5e-04, 1e+00]
  Objective range  [6e-02, 1e+00]
  Bounds range     [2e+01, 2e+01]
  RHS range        [4e-02, 2e+01]

LP warm-start: use basis

Iteration    Objective       Primal Inf.    Dual Inf.      Time
       0    2.0000000e+00   4.726734e+01   0.000000e+00      0s
       2    2.0000000e+00   0.000000e+00   0.000000e+00      0s

Solved in 2 iterations and 0.00 seconds (0.00 work units)
Optimal objective  2.000000000e+00

User-callback calls 42, time in user-callback 0.00 sec
Set parameter TimeLimit to value 30
Gurobi Optimizer version 13.0.2 build v13.0.2rc1 (win64 - Windows 11+.0 (26200.2))

CPU model: 13th Gen Intel(R) Core(TM) i7-13620H, instruction set [SSE2|AVX|AVX2]
Thread count: 10 physical cores, 16 logical processors, using up to 1 threads

Non-default parameters:
TimeLimit  30
SoftMemLimit  12
FeasibilityTol  1e-07
IntFeasTol  1e-07
MIPGap  0
OptimalityTol  1e-07
Method  1
NodeMethod  1
DualReductions  0
InfUnbdInfo  1
LogToConsole  0
NumericFocus  1
Seed  20260929
Threads  1

Optimize a model with 85 rows, 106 columns and 297 nonzeros (Min)
Model has 93 linear objective coefficients
Coefficient statistics:
  Matrix range     [5e-04, 1e+00]
  Objective range  [6e-02, 1e+00]
  Bounds range     [2e+01, 2e+01]
  RHS range        [4e-02, 2e+01]

LP warm-start: use basis

Iteration    Objective       Primal Inf.    Dual Inf.      Time
       0    2.0000000e+00   0.000000e+00   0.000000e+00      0s

Solved in 0 iterations and 0.00 seconds (0.00 work units)
Optimal objective  2.000000000e+00

User-callback calls 38, time in user-callback 0.00 sec
Set parameter TimeLimit to value 30
Gurobi Optimizer version 13.0.2 build v13.0.2rc1 (win64 - Windows 11+.0 (26200.2))

CPU model: 13th Gen Intel(R) Core(TM) i7-13620H, instruction set [SSE2|AVX|AVX2]
Thread count: 10 physical cores, 16 logical processors, using up to 1 threads

Non-default parameters:
TimeLimit  30
SoftMemLimit  12
FeasibilityTol  1e-07
IntFeasTol  1e-07
MIPGap  0
OptimalityTol  1e-07
Method  1
NodeMethod  1
DualReductions  0
InfUnbdInfo  1
LogToConsole  0
NumericFocus  1
Seed  20260929
Threads  1

Optimize a model with 85 rows, 106 columns and 297 nonzeros (Min)
Model has 93 linear objective coefficients
Coefficient statistics:
  Matrix range     [5e-04, 1e+00]
  Objective range  [6e-02, 1e+00]
  Bounds range     [2e+01, 2e+01]
  RHS range        [4e-02, 2e+01]

LP warm-start: use basis

Iteration    Objective       Primal Inf.    Dual Inf.      Time
       0    2.0000000e+00   3.808904e+01   0.000000e+00      0s
       4    4.2625000e+00   0.000000e+00   0.000000e+00      0s

Solved in 4 iterations and 0.00 seconds (0.00 work units)
Optimal objective  4.262500000e+00

User-callback calls 44, time in user-callback 0.00 sec
Set parameter TimeLimit to value 30
Gurobi Optimizer version 13.0.2 build v13.0.2rc1 (win64 - Windows 11+.0 (26200.2))

CPU model: 13th Gen Intel(R) Core(TM) i7-13620H, instruction set [SSE2|AVX|AVX2]
Thread count: 10 physical cores, 16 logical processors, using up to 1 threads

Non-default parameters:
TimeLimit  30
SoftMemLimit  12
FeasibilityTol  1e-07
IntFeasTol  1e-07
MIPGap  0
OptimalityTol  1e-07
Method  1
NodeMethod  1
DualReductions  0
InfUnbdInfo  1
LogToConsole  0
NumericFocus  1
Seed  20260929
Threads  1

Optimize a model with 85 rows, 106 columns and 297 nonzeros (Min)
Model has 93 linear objective coefficients
Coefficient statistics:
  Matrix range     [5e-04, 1e+00]
  Objective range  [6e-02, 1e+00]
  Bounds range     [2e+01, 2e+01]
  RHS range        [4e-02, 2e+01]

LP warm-start: use basis

Iteration    Objective       Primal Inf.    Dual Inf.      Time
       0    4.0375000e+00   1.705438e+01   0.000000e+00      0s
       7    4.2098704e+00   0.000000e+00   0.000000e+00      0s

Solved in 7 iterations and 0.00 seconds (0.00 work units)
Optimal objective  4.209870366e+00

User-callback calls 47, time in user-callback 0.00 sec
Set parameter TimeLimit to value 30
Gurobi Optimizer version 13.0.2 build v13.0.2rc1 (win64 - Windows 11+.0 (26200.2))

CPU model: 13th Gen Intel(R) Core(TM) i7-13620H, instruction set [SSE2|AVX|AVX2]
Thread count: 10 physical cores, 16 logical processors, using up to 1 threads

Non-default parameters:
TimeLimit  30
SoftMemLimit  12
FeasibilityTol  1e-07
IntFeasTol  1e-07
MIPGap  0
OptimalityTol  1e-07
Method  1
NodeMethod  1
DualReductions  0
InfUnbdInfo  1
LogToConsole  0
NumericFocus  1
Seed  20260929
Threads  1

Optimize a model with 85 rows, 106 columns and 297 nonzeros (Min)
Model has 93 linear objective coefficients
Coefficient statistics:
  Matrix range     [5e-04, 1e+00]
  Objective range  [6e-02, 1e+00]
  Bounds range     [2e+01, 2e+01]
  RHS range        [4e-02, 2e+01]

LP warm-start: use basis

Iteration    Objective       Primal Inf.    Dual Inf.      Time
       0    3.9848704e+00   2.217051e+01   0.000000e+00      0s
       9    4.2098704e+00   0.000000e+00   0.000000e+00      0s

Solved in 9 iterations and 0.00 seconds (0.00 work units)
Optimal objective  4.209870366e+00

User-callback calls 49, time in user-callback 0.00 sec
Set parameter TimeLimit to value 30
Gurobi Optimizer version 13.0.2 build v13.0.2rc1 (win64 - Windows 11+.0 (26200.2))

CPU model: 13th Gen Intel(R) Core(TM) i7-13620H, instruction set [SSE2|AVX|AVX2]
Thread count: 10 physical cores, 16 logical processors, using up to 1 threads

Non-default parameters:
TimeLimit  30
SoftMemLimit  12
FeasibilityTol  1e-07
IntFeasTol  1e-07
MIPGap  0
OptimalityTol  1e-07
Method  1
NodeMethod  1
DualReductions  0
InfUnbdInfo  1
LogToConsole  0
NumericFocus  1
Seed  20260929
Threads  1

Optimize a model with 85 rows, 106 columns and 297 nonzeros (Min)
Model has 93 linear objective coefficients
Coefficient statistics:
  Matrix range     [5e-04, 1e+00]
  Objective range  [6e-02, 1e+00]
  Bounds range     [2e+01, 2e+01]
  RHS range        [4e-02, 2e+01]

LP warm-start: use basis

Iteration    Objective       Primal Inf.    Dual Inf.      Time
       0    3.9848704e+00   1.765357e+01   0.000000e+00      0s
       6    4.0790368e+00   0.000000e+00   0.000000e+00      0s

Solved in 6 iterations and 0.00 seconds (0.00 work units)
Optimal objective  4.079036812e+00

User-callback calls 46, time in user-callback 0.00 sec
Set parameter TimeLimit to value 30
Gurobi Optimizer version 13.0.2 build v13.0.2rc1 (win64 - Windows 11+.0 (26200.2))

CPU model: 13th Gen Intel(R) Core(TM) i7-13620H, instruction set [SSE2|AVX|AVX2]
Thread count: 10 physical cores, 16 logical processors, using up to 1 threads

Non-default parameters:
TimeLimit  30
SoftMemLimit  12
FeasibilityTol  1e-07
IntFeasTol  1e-07
MIPGap  0
OptimalityTol  1e-07
Method  1
NodeMethod  1
DualReductions  0
InfUnbdInfo  1
LogToConsole  0
NumericFocus  1
Seed  20260929
Threads  1

Optimize a model with 85 rows, 106 columns and 297 nonzeros (Min)
Model has 93 linear objective coefficients
Coefficient statistics:
  Matrix range     [5e-04, 1e+00]
  Objective range  [6e-02, 1e+00]
  Bounds range     [2e+01, 2e+01]
  RHS range        [4e-02, 2e+01]

LP warm-start: use basis

Iteration    Objective       Primal Inf.    Dual Inf.      Time
       0   -7.7971790e-02   2.108273e+02   0.000000e+00      0s
       7    0.0000000e+00   0.000000e+00   0.000000e+00      0s

Solved in 7 iterations and 0.00 seconds (0.00 work units)
Optimal objective  0.000000000e+00

User-callback calls 47, time in user-callback 0.00 sec
Set parameter TimeLimit to value 30
Gurobi Optimizer version 13.0.2 build v13.0.2rc1 (win64 - Windows 11+.0 (26200.2))

CPU model: 13th Gen Intel(R) Core(TM) i7-13620H, instruction set [SSE2|AVX|AVX2]
Thread count: 10 physical cores, 16 logical processors, using up to 1 threads

Non-default parameters:
TimeLimit  30
SoftMemLimit  12
FeasibilityTol  1e-07
IntFeasTol  1e-07
MIPGap  0
OptimalityTol  1e-07
Method  1
NodeMethod  1
DualReductions  0
InfUnbdInfo  1
LogToConsole  0
NumericFocus  1
Seed  20260929
Threads  1

Optimize a model with 85 rows, 106 columns and 297 nonzeros (Min)
Model has 93 linear objective coefficients
Coefficient statistics:
  Matrix range     [5e-04, 1e+00]
  Objective range  [6e-02, 1e+00]
  Bounds range     [2e+01, 2e+01]
  RHS range        [4e-02, 2e+01]

LP warm-start: use basis

Iteration    Objective       Primal Inf.    Dual Inf.      Time
       0    0.0000000e+00   0.000000e+00   0.000000e+00      0s

Solved in 0 iterations and 0.00 seconds (0.00 work units)
Optimal objective  0.000000000e+00

User-callback calls 38, time in user-callback 0.00 sec
Set parameter TimeLimit to value 30
Gurobi Optimizer version 13.0.2 build v13.0.2rc1 (win64 - Windows 11+.0 (26200.2))

CPU model: 13th Gen Intel(R) Core(TM) i7-13620H, instruction set [SSE2|AVX|AVX2]
Thread count: 10 physical cores, 16 logical processors, using up to 1 threads

Non-default parameters:
TimeLimit  30
SoftMemLimit  12
FeasibilityTol  1e-07
IntFeasTol  1e-07
MIPGap  0
OptimalityTol  1e-07
Method  1
NodeMethod  1
DualReductions  0
InfUnbdInfo  1
LogToConsole  0
NumericFocus  1
Seed  20260929
Threads  1

Optimize a model with 85 rows, 106 columns and 297 nonzeros (Min)
Model has 93 linear objective coefficients
Coefficient statistics:
  Matrix range     [5e-04, 1e+00]
  Objective range  [6e-02, 1e+00]
  Bounds range     [2e+01, 2e+01]
  RHS range        [4e-02, 2e+01]

LP warm-start: use basis

Iteration    Objective       Primal Inf.    Dual Inf.      Time
       0    0.0000000e+00   0.000000e+00   0.000000e+00      0s

Solved in 0 iterations and 0.00 seconds (0.00 work units)
Optimal objective  0.000000000e+00

User-callback calls 38, time in user-callback 0.00 sec
Set parameter TimeLimit to value 30
Gurobi Optimizer version 13.0.2 build v13.0.2rc1 (win64 - Windows 11+.0 (26200.2))

CPU model: 13th Gen Intel(R) Core(TM) i7-13620H, instruction set [SSE2|AVX|AVX2]
Thread count: 10 physical cores, 16 logical processors, using up to 1 threads

Non-default parameters:
TimeLimit  30
SoftMemLimit  12
FeasibilityTol  1e-07
IntFeasTol  1e-07
MIPGap  0
OptimalityTol  1e-07
Method  1
NodeMethod  1
DualReductions  0
InfUnbdInfo  1
LogToConsole  0
NumericFocus  1
Seed  20260929
Threads  1

Optimize a model with 85 rows, 106 columns and 297 nonzeros (Min)
Model has 93 linear objective coefficients
Coefficient statistics:
  Matrix range     [5e-04, 1e+00]
  Objective range  [6e-02, 1e+00]
  Bounds range     [2e+01, 2e+01]
  RHS range        [4e-02, 2e+01]

LP warm-start: use basis

Iteration    Objective       Primal Inf.    Dual Inf.      Time
       0    0.0000000e+00   0.000000e+00   0.000000e+00      0s

Solved in 0 iterations and 0.00 seconds (0.00 work units)
Optimal objective  0.000000000e+00

User-callback calls 38, time in user-callback 0.00 sec
Set parameter TimeLimit to value 30
Gurobi Optimizer version 13.0.2 build v13.0.2rc1 (win64 - Windows 11+.0 (26200.2))

CPU model: 13th Gen Intel(R) Core(TM) i7-13620H, instruction set [SSE2|AVX|AVX2]
Thread count: 10 physical cores, 16 logical processors, using up to 1 threads

Non-default parameters:
TimeLimit  30
SoftMemLimit  12
FeasibilityTol  1e-07
IntFeasTol  1e-07
MIPGap  0
OptimalityTol  1e-07
Method  1
NodeMethod  1
DualReductions  0
InfUnbdInfo  1
LogToConsole  0
NumericFocus  1
Seed  20260929
Threads  1

Optimize a model with 85 rows, 106 columns and 297 nonzeros (Min)
Model has 93 linear objective coefficients
Coefficient statistics:
  Matrix range     [5e-04, 1e+00]
  Objective range  [6e-02, 1e+00]
  Bounds range     [2e+01, 2e+01]
  RHS range        [4e-02, 2e+01]

LP warm-start: use basis

Iteration    Objective       Primal Inf.    Dual Inf.      Time
       0    2.0000000e+00   1.674182e+01   0.000000e+00      0s
       4    2.2500000e+00   0.000000e+00   0.000000e+00      0s

Solved in 4 iterations and 0.00 seconds (0.00 work units)
Optimal objective  2.250000000e+00

User-callback calls 44, time in user-callback 0.00 sec
Set parameter TimeLimit to value 30
Gurobi Optimizer version 13.0.2 build v13.0.2rc1 (win64 - Windows 11+.0 (26200.2))

CPU model: 13th Gen Intel(R) Core(TM) i7-13620H, instruction set [SSE2|AVX|AVX2]
Thread count: 10 physical cores, 16 logical processors, using up to 1 threads

Non-default parameters:
TimeLimit  30
SoftMemLimit  12
FeasibilityTol  1e-07
IntFeasTol  1e-07
MIPGap  0
OptimalityTol  1e-07
Method  1
NodeMethod  1
DualReductions  0
InfUnbdInfo  1
LogToConsole  0
NumericFocus  1
Seed  20260929
Threads  1

Optimize a model with 85 rows, 106 columns and 297 nonzeros (Min)
Model has 93 linear objective coefficients
Coefficient statistics:
  Matrix range     [5e-04, 1e+00]
  Objective range  [6e-02, 1e+00]
  Bounds range     [2e+01, 2e+01]
  RHS range        [4e-02, 2e+01]

LP warm-start: use basis

Iteration    Objective       Primal Inf.    Dual Inf.      Time
       0    2.0250000e+00   1.705438e+01   0.000000e+00      0s
       8    2.1973704e+00   0.000000e+00   0.000000e+00      0s

Solved in 8 iterations and 0.00 seconds (0.00 work units)
Optimal objective  2.197370366e+00

User-callback calls 48, time in user-callback 0.00 sec
Set parameter TimeLimit to value 30
Gurobi Optimizer version 13.0.2 build v13.0.2rc1 (win64 - Windows 11+.0 (26200.2))

CPU model: 13th Gen Intel(R) Core(TM) i7-13620H, instruction set [SSE2|AVX|AVX2]
Thread count: 10 physical cores, 16 logical processors, using up to 1 threads

Non-default parameters:
TimeLimit  30
SoftMemLimit  12
FeasibilityTol  1e-07
IntFeasTol  1e-07
MIPGap  0
OptimalityTol  1e-07
Method  1
NodeMethod  1
DualReductions  0
InfUnbdInfo  1
LogToConsole  0
NumericFocus  1
Seed  20260929
Threads  1

Optimize a model with 85 rows, 106 columns and 297 nonzeros (Min)
Model has 93 linear objective coefficients
Coefficient statistics:
  Matrix range     [5e-04, 1e+00]
  Objective range  [6e-02, 1e+00]
  Bounds range     [2e+01, 2e+01]
  RHS range        [4e-02, 2e+01]

LP warm-start: use basis

Iteration    Objective       Primal Inf.    Dual Inf.      Time
       0    1.9723704e+00   2.227051e+01   0.000000e+00      0s
      10    2.1973704e+00   0.000000e+00   0.000000e+00      0s

Solved in 10 iterations and 0.00 seconds (0.00 work units)
Optimal objective  2.197370366e+00

User-callback calls 50, time in user-callback 0.00 sec
Set parameter TimeLimit to value 30
Gurobi Optimizer version 13.0.2 build v13.0.2rc1 (win64 - Windows 11+.0 (26200.2))

CPU model: 13th Gen Intel(R) Core(TM) i7-13620H, instruction set [SSE2|AVX|AVX2]
Thread count: 10 physical cores, 16 logical processors, using up to 1 threads

Non-default parameters:
TimeLimit  30
SoftMemLimit  12
FeasibilityTol  1e-07
IntFeasTol  1e-07
MIPGap  0
OptimalityTol  1e-07
Method  1
NodeMethod  1
DualReductions  0
InfUnbdInfo  1
LogToConsole  0
NumericFocus  1
Seed  20260929
Threads  1

Optimize a model with 85 rows, 106 columns and 297 nonzeros (Min)
Model has 93 linear objective coefficients
Coefficient statistics:
  Matrix range     [5e-04, 1e+00]
  Objective range  [6e-02, 1e+00]
  Bounds range     [2e+01, 2e+01]
  RHS range        [4e-02, 2e+01]

LP warm-start: use basis

Iteration    Objective       Primal Inf.    Dual Inf.      Time
       0    1.9723704e+00   1.775357e+01   0.000000e+00      0s
       7    2.0723708e+00   0.000000e+00   0.000000e+00      0s

Solved in 7 iterations and 0.00 seconds (0.00 work units)
Optimal objective  2.072370834e+00

User-callback calls 47, time in user-callback 0.00 sec
Set parameter TimeLimit to value 30
Gurobi Optimizer version 13.0.2 build v13.0.2rc1 (win64 - Windows 11+.0 (26200.2))

CPU model: 13th Gen Intel(R) Core(TM) i7-13620H, instruction set [SSE2|AVX|AVX2]
Thread count: 10 physical cores, 16 logical processors, using up to 1 threads

Non-default parameters:
TimeLimit  30
SoftMemLimit  12
FeasibilityTol  1e-07
IntFeasTol  1e-07
MIPGap  0
OptimalityTol  1e-07
Method  1
NodeMethod  1
DualReductions  0
InfUnbdInfo  1
LogToConsole  0
NumericFocus  1
Seed  20260929
Threads  1

Optimize a model with 85 rows, 106 columns and 297 nonzeros (Min)
Model has 93 linear objective coefficients
Coefficient statistics:
  Matrix range     [5e-04, 1e+00]
  Objective range  [6e-02, 1e+00]
  Bounds range     [2e+01, 2e+01]
  RHS range        [4e-02, 2e+01]

LP warm-start: use basis

Iteration    Objective       Primal Inf.    Dual Inf.      Time
       0    1.9704374e+00   3.987101e+00   0.000000e+00      0s
       8    2.0125000e+00   0.000000e+00   0.000000e+00      0s

Solved in 8 iterations and 0.00 seconds (0.00 work units)
Optimal objective  2.012500000e+00

User-callback calls 47, time in user-callback 0.00 sec
Set parameter TimeLimit to value 30
Gurobi Optimizer version 13.0.2 build v13.0.2rc1 (win64 - Windows 11+.0 (26200.2))

CPU model: 13th Gen Intel(R) Core(TM) i7-13620H, instruction set [SSE2|AVX|AVX2]
Thread count: 10 physical cores, 16 logical processors, using up to 1 threads

Non-default parameters:
TimeLimit  30
SoftMemLimit  12
FeasibilityTol  1e-07
IntFeasTol  1e-07
MIPGap  0
OptimalityTol  1e-07
Method  1
NodeMethod  1
DualReductions  0
InfUnbdInfo  1
LogToConsole  0
NumericFocus  1
Seed  20260929
Threads  1

Optimize a model with 85 rows, 106 columns and 297 nonzeros (Min)
Model has 93 linear objective coefficients
Coefficient statistics:
  Matrix range     [5e-04, 1e+00]
  Objective range  [6e-02, 1e+00]
  Bounds range     [2e+01, 2e+01]
  RHS range        [4e-02, 2e+01]

LP warm-start: use basis

Iteration    Objective       Primal Inf.    Dual Inf.      Time
       0    1.7875000e+00   1.872592e+01   0.000000e+00      0s
       5    2.0000000e+00   0.000000e+00   0.000000e+00      0s

Solved in 5 iterations and 0.00 seconds (0.00 work units)
Optimal objective  2.000000000e+00

User-callback calls 45, time in user-callback 0.00 sec
Set parameter TimeLimit to value 30
Gurobi Optimizer version 13.0.2 build v13.0.2rc1 (win64 - Windows 11+.0 (26200.2))

CPU model: 13th Gen Intel(R) Core(TM) i7-13620H, instruction set [SSE2|AVX|AVX2]
Thread count: 10 physical cores, 16 logical processors, using up to 1 threads

Non-default parameters:
TimeLimit  30
SoftMemLimit  12
FeasibilityTol  1e-07
IntFeasTol  1e-07
MIPGap  0
OptimalityTol  1e-07
Method  1
NodeMethod  1
DualReductions  0
InfUnbdInfo  1
LogToConsole  0
NumericFocus  1
Seed  20260929
Threads  1

Optimize a model with 85 rows, 106 columns and 297 nonzeros (Min)
Model has 93 linear objective coefficients
Coefficient statistics:
  Matrix range     [5e-04, 1e+00]
  Objective range  [6e-02, 1e+00]
  Bounds range     [2e+01, 2e+01]
  RHS range        [4e-02, 2e+01]

LP warm-start: use basis

Iteration    Objective       Primal Inf.    Dual Inf.      Time
       0    2.0000000e+00   4.726734e+01   0.000000e+00      0s
       2    2.0000000e+00   0.000000e+00   0.000000e+00      0s

Solved in 2 iterations and 0.00 seconds (0.00 work units)
Optimal objective  2.000000000e+00

User-callback calls 42, time in user-callback 0.00 sec
Set parameter TimeLimit to value 30
Gurobi Optimizer version 13.0.2 build v13.0.2rc1 (win64 - Windows 11+.0 (26200.2))

CPU model: 13th Gen Intel(R) Core(TM) i7-13620H, instruction set [SSE2|AVX|AVX2]
Thread count: 10 physical cores, 16 logical processors, using up to 1 threads

Non-default parameters:
TimeLimit  30
SoftMemLimit  12
FeasibilityTol  1e-07
IntFeasTol  1e-07
MIPGap  0
OptimalityTol  1e-07
Method  1
NodeMethod  1
DualReductions  0
InfUnbdInfo  1
LogToConsole  0
NumericFocus  1
Seed  20260929
Threads  1

Optimize a model with 85 rows, 106 columns and 297 nonzeros (Min)
Model has 93 linear objective coefficients
Coefficient statistics:
  Matrix range     [5e-04, 1e+00]
  Objective range  [6e-02, 1e+00]
  Bounds range     [2e+01, 2e+01]
  RHS range        [4e-02, 2e+01]

LP warm-start: use basis

Iteration    Objective       Primal Inf.    Dual Inf.      Time
       0    2.0000000e+00   0.000000e+00   0.000000e+00      0s

Solved in 0 iterations and 0.00 seconds (0.00 work units)
Optimal objective  2.000000000e+00

User-callback calls 38, time in user-callback 0.00 sec
Set parameter TimeLimit to value 30
Gurobi Optimizer version 13.0.2 build v13.0.2rc1 (win64 - Windows 11+.0 (26200.2))

CPU model: 13th Gen Intel(R) Core(TM) i7-13620H, instruction set [SSE2|AVX|AVX2]
Thread count: 10 physical cores, 16 logical processors, using up to 1 threads

Non-default parameters:
TimeLimit  30
SoftMemLimit  12
FeasibilityTol  1e-07
IntFeasTol  1e-07
MIPGap  0
OptimalityTol  1e-07
Method  1
NodeMethod  1
DualReductions  0
InfUnbdInfo  1
LogToConsole  0
NumericFocus  1
Seed  20260929
Threads  1

Optimize a model with 85 rows, 106 columns and 297 nonzeros (Min)
Model has 93 linear objective coefficients
Coefficient statistics:
  Matrix range     [5e-04, 1e+00]
  Objective range  [6e-02, 1e+00]
  Bounds range     [2e+01, 2e+01]
  RHS range        [4e-02, 2e+01]

LP warm-start: use basis

Iteration    Objective       Primal Inf.    Dual Inf.      Time
       0    4.0000000e+00   3.708904e+01   0.000000e+00      0s
       3    4.2625000e+00   0.000000e+00   0.000000e+00      0s

Solved in 3 iterations and 0.00 seconds (0.00 work units)
Optimal objective  4.262500000e+00

User-callback calls 43, time in user-callback 0.00 sec
Set parameter TimeLimit to value 30
Gurobi Optimizer version 13.0.2 build v13.0.2rc1 (win64 - Windows 11+.0 (26200.2))

CPU model: 13th Gen Intel(R) Core(TM) i7-13620H, instruction set [SSE2|AVX|AVX2]
Thread count: 10 physical cores, 16 logical processors, using up to 1 threads

Non-default parameters:
TimeLimit  30
SoftMemLimit  12
FeasibilityTol  1e-07
IntFeasTol  1e-07
MIPGap  0
OptimalityTol  1e-07
Method  1
NodeMethod  1
DualReductions  0
InfUnbdInfo  1
LogToConsole  0
NumericFocus  1
Seed  20260929
Threads  1

Optimize a model with 85 rows, 106 columns and 297 nonzeros (Min)
Model has 93 linear objective coefficients
Coefficient statistics:
  Matrix range     [5e-04, 1e+00]
  Objective range  [6e-02, 1e+00]
  Bounds range     [2e+01, 2e+01]
  RHS range        [4e-02, 2e+01]

LP warm-start: use basis

Iteration    Objective       Primal Inf.    Dual Inf.      Time
       0    4.0375000e+00   1.705438e+01   0.000000e+00      0s
       8    4.2098704e+00   0.000000e+00   0.000000e+00      0s

Solved in 8 iterations and 0.00 seconds (0.00 work units)
Optimal objective  4.209870366e+00

User-callback calls 48, time in user-callback 0.00 sec
Set parameter TimeLimit to value 30
Gurobi Optimizer version 13.0.2 build v13.0.2rc1 (win64 - Windows 11+.0 (26200.2))

CPU model: 13th Gen Intel(R) Core(TM) i7-13620H, instruction set [SSE2|AVX|AVX2]
Thread count: 10 physical cores, 16 logical processors, using up to 1 threads

Non-default parameters:
TimeLimit  30
SoftMemLimit  12
FeasibilityTol  1e-07
IntFeasTol  1e-07
MIPGap  0
OptimalityTol  1e-07
Method  1
NodeMethod  1
DualReductions  0
InfUnbdInfo  1
LogToConsole  0
NumericFocus  1
Seed  20260929
Threads  1

Optimize a model with 85 rows, 106 columns and 297 nonzeros (Min)
Model has 93 linear objective coefficients
Coefficient statistics:
  Matrix range     [5e-04, 1e+00]
  Objective range  [6e-02, 1e+00]
  Bounds range     [2e+01, 2e+01]
  RHS range        [4e-02, 2e+01]

LP warm-start: use basis

Iteration    Objective       Primal Inf.    Dual Inf.      Time
       0    3.9848704e+00   2.217051e+01   0.000000e+00      0s
      10    4.2098704e+00   0.000000e+00   0.000000e+00      0s

Solved in 10 iterations and 0.00 seconds (0.00 work units)
Optimal objective  4.209870366e+00

User-callback calls 50, time in user-callback 0.00 sec
Set parameter TimeLimit to value 30
Gurobi Optimizer version 13.0.2 build v13.0.2rc1 (win64 - Windows 11+.0 (26200.2))

CPU model: 13th Gen Intel(R) Core(TM) i7-13620H, instruction set [SSE2|AVX|AVX2]
Thread count: 10 physical cores, 16 logical processors, using up to 1 threads

Non-default parameters:
TimeLimit  30
SoftMemLimit  12
FeasibilityTol  1e-07
IntFeasTol  1e-07
MIPGap  0
OptimalityTol  1e-07
Method  1
NodeMethod  1
DualReductions  0
InfUnbdInfo  1
LogToConsole  0
NumericFocus  1
Seed  20260929
Threads  1

Optimize a model with 85 rows, 106 columns and 297 nonzeros (Min)
Model has 93 linear objective coefficients
Coefficient statistics:
  Matrix range     [5e-04, 1e+00]
  Objective range  [6e-02, 1e+00]
  Bounds range     [2e+01, 2e+01]
  RHS range        [4e-02, 2e+01]

LP warm-start: use basis

Iteration    Objective       Primal Inf.    Dual Inf.      Time
       0    3.9848704e+00   1.765357e+01   0.000000e+00      0s
       6    4.0790368e+00   0.000000e+00   0.000000e+00      0s

Solved in 6 iterations and 0.00 seconds (0.00 work units)
Optimal objective  4.079036812e+00

User-callback calls 46, time in user-callback 0.00 sec
Set parameter TimeLimit to value 30
Gurobi Optimizer version 13.0.2 build v13.0.2rc1 (win64 - Windows 11+.0 (26200.2))

CPU model: 13th Gen Intel(R) Core(TM) i7-13620H, instruction set [SSE2|AVX|AVX2]
Thread count: 10 physical cores, 16 logical processors, using up to 1 threads

Non-default parameters:
TimeLimit  30
SoftMemLimit  12
FeasibilityTol  1e-07
IntFeasTol  1e-07
MIPGap  0
OptimalityTol  1e-07
Method  1
NodeMethod  1
DualReductions  0
InfUnbdInfo  1
LogToConsole  0
NumericFocus  1
Seed  20260929
Threads  1

Optimize a model with 85 rows, 106 columns and 297 nonzeros (Min)
Model has 93 linear objective coefficients
Coefficient statistics:
  Matrix range     [5e-04, 1e+00]
  Objective range  [6e-02, 1e+00]
  Bounds range     [2e+01, 2e+01]
  RHS range        [4e-02, 2e+01]

LP warm-start: use basis

Iteration    Objective       Primal Inf.    Dual Inf.      Time
       0   -2.1164448e+00   2.370282e+02   0.000000e+00      0s
      15    2.0000000e+00   0.000000e+00   0.000000e+00      0s

Solved in 15 iterations and 0.00 seconds (0.00 work units)
Optimal objective  2.000000000e+00

User-callback calls 55, time in user-callback 0.00 sec
Set parameter TimeLimit to value 30
Gurobi Optimizer version 13.0.2 build v13.0.2rc1 (win64 - Windows 11+.0 (26200.2))

CPU model: 13th Gen Intel(R) Core(TM) i7-13620H, instruction set [SSE2|AVX|AVX2]
Thread count: 10 physical cores, 16 logical processors, using up to 1 threads

Non-default parameters:
TimeLimit  30
SoftMemLimit  12
FeasibilityTol  1e-07
IntFeasTol  1e-07
MIPGap  0
OptimalityTol  1e-07
Method  1
NodeMethod  1
DualReductions  0
InfUnbdInfo  1
LogToConsole  0
NumericFocus  1
Seed  20260929
Threads  1

Optimize a model with 85 rows, 106 columns and 297 nonzeros (Min)
Model has 93 linear objective coefficients
Coefficient statistics:
  Matrix range     [5e-04, 1e+00]
  Objective range  [6e-02, 1e+00]
  Bounds range     [2e+01, 2e+01]
  RHS range        [4e-02, 2e+01]

LP warm-start: use basis

Iteration    Objective       Primal Inf.    Dual Inf.      Time
       0    2.0000000e+00   9.820860e+01   0.000000e+00      0s
       9    2.0000000e+00   0.000000e+00   0.000000e+00      0s

Solved in 9 iterations and 0.00 seconds (0.00 work units)
Optimal objective  2.000000000e+00

User-callback calls 49, time in user-callback 0.00 sec
Set parameter TimeLimit to value 30
Gurobi Optimizer version 13.0.2 build v13.0.2rc1 (win64 - Windows 11+.0 (26200.2))

CPU model: 13th Gen Intel(R) Core(TM) i7-13620H, instruction set [SSE2|AVX|AVX2]
Thread count: 10 physical cores, 16 logical processors, using up to 1 threads

Non-default parameters:
TimeLimit  30
SoftMemLimit  12
FeasibilityTol  1e-07
IntFeasTol  1e-07
MIPGap  0
OptimalityTol  1e-07
Method  1
NodeMethod  1
DualReductions  0
InfUnbdInfo  1
LogToConsole  0
NumericFocus  1
Seed  20260929
Threads  1

Optimize a model with 85 rows, 106 columns and 297 nonzeros (Min)
Model has 93 linear objective coefficients
Coefficient statistics:
  Matrix range     [5e-04, 1e+00]
  Objective range  [6e-02, 1e+00]
  Bounds range     [2e+01, 2e+01]
  RHS range        [4e-02, 2e+01]

LP warm-start: use basis

Iteration    Objective       Primal Inf.    Dual Inf.      Time
       0    2.0000000e+00   8.412036e+00   0.000000e+00      0s
       6    2.0000000e+00   0.000000e+00   0.000000e+00      0s

Solved in 6 iterations and 0.00 seconds (0.00 work units)
Optimal objective  2.000000000e+00

User-callback calls 46, time in user-callback 0.00 sec
Set parameter TimeLimit to value 30
Gurobi Optimizer version 13.0.2 build v13.0.2rc1 (win64 - Windows 11+.0 (26200.2))

CPU model: 13th Gen Intel(R) Core(TM) i7-13620H, instruction set [SSE2|AVX|AVX2]
Thread count: 10 physical cores, 16 logical processors, using up to 1 threads

Non-default parameters:
TimeLimit  30
SoftMemLimit  12
FeasibilityTol  1e-07
IntFeasTol  1e-07
MIPGap  0
OptimalityTol  1e-07
Method  1
NodeMethod  1
DualReductions  0
InfUnbdInfo  1
LogToConsole  0
NumericFocus  1
Seed  20260929
Threads  1

Optimize a model with 85 rows, 106 columns and 297 nonzeros (Min)
Model has 93 linear objective coefficients
Coefficient statistics:
  Matrix range     [5e-04, 1e+00]
  Objective range  [6e-02, 1e+00]
  Bounds range     [2e+01, 2e+01]
  RHS range        [4e-02, 2e+01]

LP warm-start: use basis

Iteration    Objective       Primal Inf.    Dual Inf.      Time
       0    2.0000000e+00   3.404657e+01   0.000000e+00      0s
       3    2.0000000e+00   0.000000e+00   0.000000e+00      0s

Solved in 3 iterations and 0.00 seconds (0.00 work units)
Optimal objective  2.000000000e+00

User-callback calls 43, time in user-callback 0.00 sec
Set parameter TimeLimit to value 30
Gurobi Optimizer version 13.0.2 build v13.0.2rc1 (win64 - Windows 11+.0 (26200.2))

CPU model: 13th Gen Intel(R) Core(TM) i7-13620H, instruction set [SSE2|AVX|AVX2]
Thread count: 10 physical cores, 16 logical processors, using up to 1 threads

Non-default parameters:
TimeLimit  30
SoftMemLimit  12
FeasibilityTol  1e-07
IntFeasTol  1e-07
MIPGap  0
OptimalityTol  1e-07
Method  1
NodeMethod  1
DualReductions  0
InfUnbdInfo  1
LogToConsole  0
NumericFocus  1
Seed  20260929
Threads  1

Optimize a model with 85 rows, 106 columns and 297 nonzeros (Min)
Model has 93 linear objective coefficients
Coefficient statistics:
  Matrix range     [5e-04, 1e+00]
  Objective range  [6e-02, 1e+00]
  Bounds range     [2e+01, 2e+01]
  RHS range        [4e-02, 2e+01]

LP warm-start: use basis

Iteration    Objective       Primal Inf.    Dual Inf.      Time
       0    2.0000000e+00   1.522165e+02   0.000000e+00      0s
       5    2.2500000e+00   0.000000e+00   0.000000e+00      0s

Solved in 5 iterations and 0.00 seconds (0.00 work units)
Optimal objective  2.250000000e+00

User-callback calls 45, time in user-callback 0.00 sec
Set parameter TimeLimit to value 30
Gurobi Optimizer version 13.0.2 build v13.0.2rc1 (win64 - Windows 11+.0 (26200.2))

CPU model: 13th Gen Intel(R) Core(TM) i7-13620H, instruction set [SSE2|AVX|AVX2]
Thread count: 10 physical cores, 16 logical processors, using up to 1 threads

Non-default parameters:
TimeLimit  30
SoftMemLimit  12
FeasibilityTol  1e-07
IntFeasTol  1e-07
MIPGap  0
OptimalityTol  1e-07
Method  1
NodeMethod  1
DualReductions  0
InfUnbdInfo  1
LogToConsole  0
NumericFocus  1
Seed  20260929
Threads  1

Optimize a model with 85 rows, 106 columns and 297 nonzeros (Min)
Model has 93 linear objective coefficients
Coefficient statistics:
  Matrix range     [5e-04, 1e+00]
  Objective range  [6e-02, 1e+00]
  Bounds range     [2e+01, 2e+01]
  RHS range        [4e-02, 2e+01]

LP warm-start: use basis

Iteration    Objective       Primal Inf.    Dual Inf.      Time
       0    1.8000000e+00   3.560184e+01   0.000000e+00      0s
       9    2.0947417e+00   0.000000e+00   0.000000e+00      0s

Solved in 9 iterations and 0.00 seconds (0.00 work units)
Optimal objective  2.094741667e+00

User-callback calls 49, time in user-callback 0.00 sec
Set parameter TimeLimit to value 30
Gurobi Optimizer version 13.0.2 build v13.0.2rc1 (win64 - Windows 11+.0 (26200.2))

CPU model: 13th Gen Intel(R) Core(TM) i7-13620H, instruction set [SSE2|AVX|AVX2]
Thread count: 10 physical cores, 16 logical processors, using up to 1 threads

Non-default parameters:
TimeLimit  30
SoftMemLimit  12
FeasibilityTol  1e-07
IntFeasTol  1e-07
MIPGap  0
OptimalityTol  1e-07
Method  1
NodeMethod  1
DualReductions  0
InfUnbdInfo  1
LogToConsole  0
NumericFocus  1
Seed  20260929
Threads  1

Optimize a model with 85 rows, 106 columns and 297 nonzeros (Min)
Model has 93 linear objective coefficients
Coefficient statistics:
  Matrix range     [5e-04, 1e+00]
  Objective range  [6e-02, 1e+00]
  Bounds range     [2e+01, 2e+01]
  RHS range        [4e-02, 2e+01]

LP warm-start: use basis

Iteration    Objective       Primal Inf.    Dual Inf.      Time
       0    1.9016046e+00   4.556833e+01   0.000000e+00      0s
      13    2.1973704e+00   0.000000e+00   0.000000e+00      0s

Solved in 13 iterations and 0.00 seconds (0.00 work units)
Optimal objective  2.197370366e+00

User-callback calls 53, time in user-callback 0.00 sec
Set parameter TimeLimit to value 30
Gurobi Optimizer version 13.0.2 build v13.0.2rc1 (win64 - Windows 11+.0 (26200.2))

CPU model: 13th Gen Intel(R) Core(TM) i7-13620H, instruction set [SSE2|AVX|AVX2]
Thread count: 10 physical cores, 16 logical processors, using up to 1 threads

Non-default parameters:
TimeLimit  30
SoftMemLimit  12
FeasibilityTol  1e-07
IntFeasTol  1e-07
MIPGap  0
OptimalityTol  1e-07
Method  1
NodeMethod  1
DualReductions  0
InfUnbdInfo  1
LogToConsole  0
NumericFocus  1
Seed  20260929
Threads  1

Optimize a model with 85 rows, 106 columns and 297 nonzeros (Min)
Model has 93 linear objective coefficients
Coefficient statistics:
  Matrix range     [5e-04, 1e+00]
  Objective range  [6e-02, 1e+00]
  Bounds range     [2e+01, 2e+01]
  RHS range        [4e-02, 2e+01]

LP warm-start: use basis

Iteration    Objective       Primal Inf.    Dual Inf.      Time
       0    1.7473704e+00   3.652949e+01   0.000000e+00      0s
      13    2.0299071e+00   0.000000e+00   0.000000e+00      0s

Solved in 13 iterations and 0.00 seconds (0.00 work units)
Optimal objective  2.029907060e+00

User-callback calls 53, time in user-callback 0.00 sec
Set parameter TimeLimit to value 30
Gurobi Optimizer version 13.0.2 build v13.0.2rc1 (win64 - Windows 11+.0 (26200.2))

CPU model: 13th Gen Intel(R) Core(TM) i7-13620H, instruction set [SSE2|AVX|AVX2]
Thread count: 10 physical cores, 16 logical processors, using up to 1 threads

Non-default parameters:
TimeLimit  30
SoftMemLimit  12
FeasibilityTol  1e-07
IntFeasTol  1e-07
MIPGap  0
OptimalityTol  1e-07
Method  1
NodeMethod  1
DualReductions  0
InfUnbdInfo  1
LogToConsole  0
NumericFocus  1
Seed  20260929
Threads  1

Optimize a model with 85 rows, 106 columns and 297 nonzeros (Min)
Model has 93 linear objective coefficients
Coefficient statistics:
  Matrix range     [5e-04, 1e+00]
  Objective range  [6e-02, 1e+00]
  Bounds range     [2e+01, 2e+01]
  RHS range        [4e-02, 2e+01]

LP warm-start: use basis

Iteration    Objective       Primal Inf.    Dual Inf.      Time
       0    1.9279736e+00   3.076189e+01   0.000000e+00      0s
      13    2.0125000e+00   0.000000e+00   0.000000e+00      0s

Solved in 13 iterations and 0.00 seconds (0.00 work units)
Optimal objective  2.012500000e+00

User-callback calls 53, time in user-callback 0.00 sec
Set parameter TimeLimit to value 30
Gurobi Optimizer version 13.0.2 build v13.0.2rc1 (win64 - Windows 11+.0 (26200.2))

CPU model: 13th Gen Intel(R) Core(TM) i7-13620H, instruction set [SSE2|AVX|AVX2]
Thread count: 10 physical cores, 16 logical processors, using up to 1 threads

Non-default parameters:
TimeLimit  30
SoftMemLimit  12
FeasibilityTol  1e-07
IntFeasTol  1e-07
MIPGap  0
OptimalityTol  1e-07
Method  1
NodeMethod  1
DualReductions  0
InfUnbdInfo  1
LogToConsole  0
NumericFocus  1
Seed  20260929
Threads  1

Optimize a model with 85 rows, 106 columns and 297 nonzeros (Min)
Model has 93 linear objective coefficients
Coefficient statistics:
  Matrix range     [5e-04, 1e+00]
  Objective range  [6e-02, 1e+00]
  Bounds range     [2e+01, 2e+01]
  RHS range        [4e-02, 2e+01]

LP warm-start: use basis

Iteration    Objective       Primal Inf.    Dual Inf.      Time
       0    1.5625000e+00   3.753030e+01   0.000000e+00      0s
      10    2.0000000e+00   0.000000e+00   0.000000e+00      0s

Solved in 10 iterations and 0.00 seconds (0.00 work units)
Optimal objective  2.000000000e+00

User-callback calls 50, time in user-callback 0.00 sec
Set parameter TimeLimit to value 30
Gurobi Optimizer version 13.0.2 build v13.0.2rc1 (win64 - Windows 11+.0 (26200.2))

CPU model: 13th Gen Intel(R) Core(TM) i7-13620H, instruction set [SSE2|AVX|AVX2]
Thread count: 10 physical cores, 16 logical processors, using up to 1 threads

Non-default parameters:
TimeLimit  30
SoftMemLimit  12
FeasibilityTol  1e-07
IntFeasTol  1e-07
MIPGap  0
OptimalityTol  1e-07
Method  1
NodeMethod  1
DualReductions  0
InfUnbdInfo  1
LogToConsole  0
NumericFocus  1
Seed  20260929
Threads  1

Optimize a model with 85 rows, 106 columns and 297 nonzeros (Min)
Model has 93 linear objective coefficients
Coefficient statistics:
  Matrix range     [5e-04, 1e+00]
  Objective range  [6e-02, 1e+00]
  Bounds range     [2e+01, 2e+01]
  RHS range        [4e-02, 2e+01]

LP warm-start: use basis

Iteration    Objective       Primal Inf.    Dual Inf.      Time
       0    2.0000000e+00   6.274111e+01   0.000000e+00      0s
       3    2.0000000e+00   0.000000e+00   0.000000e+00      0s

Solved in 3 iterations and 0.00 seconds (0.00 work units)
Optimal objective  2.000000000e+00

User-callback calls 43, time in user-callback 0.00 sec
Set parameter TimeLimit to value 30
Gurobi Optimizer version 13.0.2 build v13.0.2rc1 (win64 - Windows 11+.0 (26200.2))

CPU model: 13th Gen Intel(R) Core(TM) i7-13620H, instruction set [SSE2|AVX|AVX2]
Thread count: 10 physical cores, 16 logical processors, using up to 1 threads

Non-default parameters:
TimeLimit  30
SoftMemLimit  12
FeasibilityTol  1e-07
IntFeasTol  1e-07
MIPGap  0
OptimalityTol  1e-07
Method  1
NodeMethod  1
DualReductions  0
InfUnbdInfo  1
LogToConsole  0
NumericFocus  1
Seed  20260929
Threads  1

Optimize a model with 85 rows, 106 columns and 297 nonzeros (Min)
Model has 93 linear objective coefficients
Coefficient statistics:
  Matrix range     [5e-04, 1e+00]
  Objective range  [6e-02, 1e+00]
  Bounds range     [2e+01, 2e+01]
  RHS range        [4e-02, 2e+01]

LP warm-start: use basis

Iteration    Objective       Primal Inf.    Dual Inf.      Time
       0    2.0000000e+00   1.273763e+02   0.000000e+00      0s
       2    2.0000000e+00   0.000000e+00   0.000000e+00      0s

Solved in 2 iterations and 0.00 seconds (0.00 work units)
Optimal objective  2.000000000e+00

User-callback calls 42, time in user-callback 0.00 sec
Set parameter TimeLimit to value 30
Gurobi Optimizer version 13.0.2 build v13.0.2rc1 (win64 - Windows 11+.0 (26200.2))

CPU model: 13th Gen Intel(R) Core(TM) i7-13620H, instruction set [SSE2|AVX|AVX2]
Thread count: 10 physical cores, 16 logical processors, using up to 1 threads

Non-default parameters:
TimeLimit  30
SoftMemLimit  12
FeasibilityTol  1e-07
IntFeasTol  1e-07
MIPGap  0
OptimalityTol  1e-07
Method  1
NodeMethod  1
DualReductions  0
InfUnbdInfo  1
LogToConsole  0
NumericFocus  1
Seed  20260929
Threads  1

Optimize a model with 85 rows, 106 columns and 297 nonzeros (Min)
Model has 93 linear objective coefficients
Coefficient statistics:
  Matrix range     [5e-04, 1e+00]
  Objective range  [6e-02, 1e+00]
  Bounds range     [2e+01, 2e+01]
  RHS range        [4e-02, 2e+01]

LP warm-start: use basis

Iteration    Objective       Primal Inf.    Dual Inf.      Time
       0    2.0000000e+00   3.803904e+01   0.000000e+00      0s
       4    4.2625000e+00   0.000000e+00   0.000000e+00      0s

Solved in 4 iterations and 0.00 seconds (0.00 work units)
Optimal objective  4.262500000e+00

User-callback calls 44, time in user-callback 0.00 sec
Set parameter TimeLimit to value 30
Gurobi Optimizer version 13.0.2 build v13.0.2rc1 (win64 - Windows 11+.0 (26200.2))

CPU model: 13th Gen Intel(R) Core(TM) i7-13620H, instruction set [SSE2|AVX|AVX2]
Thread count: 10 physical cores, 16 logical processors, using up to 1 threads

Non-default parameters:
TimeLimit  30
SoftMemLimit  12
FeasibilityTol  1e-07
IntFeasTol  1e-07
MIPGap  0
OptimalityTol  1e-07
Method  1
NodeMethod  1
DualReductions  0
InfUnbdInfo  1
LogToConsole  0
NumericFocus  1
Seed  20260929
Threads  1

Optimize a model with 85 rows, 106 columns and 297 nonzeros (Min)
Model has 93 linear objective coefficients
Coefficient statistics:
  Matrix range     [5e-04, 1e+00]
  Objective range  [6e-02, 1e+00]
  Bounds range     [2e+01, 2e+01]
  RHS range        [4e-02, 2e+01]

LP warm-start: use basis

Iteration    Objective       Primal Inf.    Dual Inf.      Time
       0    3.8125000e+00   3.553030e+01   0.000000e+00      0s
      11    4.1072407e+00   0.000000e+00   0.000000e+00      0s

Solved in 11 iterations and 0.00 seconds (0.00 work units)
Optimal objective  4.107240732e+00

User-callback calls 51, time in user-callback 0.00 sec
Set parameter TimeLimit to value 30
Gurobi Optimizer version 13.0.2 build v13.0.2rc1 (win64 - Windows 11+.0 (26200.2))

CPU model: 13th Gen Intel(R) Core(TM) i7-13620H, instruction set [SSE2|AVX|AVX2]
Thread count: 10 physical cores, 16 logical processors, using up to 1 threads

Non-default parameters:
TimeLimit  30
SoftMemLimit  12
FeasibilityTol  1e-07
IntFeasTol  1e-07
MIPGap  0
OptimalityTol  1e-07
Method  1
NodeMethod  1
DualReductions  0
InfUnbdInfo  1
LogToConsole  0
NumericFocus  1
Seed  20260929
Threads  1

Optimize a model with 85 rows, 106 columns and 297 nonzeros (Min)
Model has 93 linear objective coefficients
Coefficient statistics:
  Matrix range     [5e-04, 1e+00]
  Objective range  [6e-02, 1e+00]
  Bounds range     [2e+01, 2e+01]
  RHS range        [4e-02, 2e+01]

LP warm-start: use basis

Iteration    Objective       Primal Inf.    Dual Inf.      Time
       0    3.8822407e+00   2.761510e+01   0.000000e+00      0s
      12    4.2098704e+00   0.000000e+00   0.000000e+00      0s

Solved in 12 iterations and 0.00 seconds (0.00 work units)
Optimal objective  4.209870366e+00

User-callback calls 52, time in user-callback 0.00 sec
Set parameter TimeLimit to value 30
Gurobi Optimizer version 13.0.2 build v13.0.2rc1 (win64 - Windows 11+.0 (26200.2))

CPU model: 13th Gen Intel(R) Core(TM) i7-13620H, instruction set [SSE2|AVX|AVX2]
Thread count: 10 physical cores, 16 logical processors, using up to 1 threads

Non-default parameters:
TimeLimit  30
SoftMemLimit  12
FeasibilityTol  1e-07
IntFeasTol  1e-07
MIPGap  0
OptimalityTol  1e-07
Method  1
NodeMethod  1
DualReductions  0
InfUnbdInfo  1
LogToConsole  0
NumericFocus  1
Seed  20260929
Threads  1

Optimize a model with 85 rows, 106 columns and 297 nonzeros (Min)
Model has 93 linear objective coefficients
Coefficient statistics:
  Matrix range     [5e-04, 1e+00]
  Objective range  [6e-02, 1e+00]
  Bounds range     [2e+01, 2e+01]
  RHS range        [4e-02, 2e+01]

LP warm-start: use basis

Iteration    Objective       Primal Inf.    Dual Inf.      Time
       0    3.7598704e+00   3.642949e+01   0.000000e+00      0s
      14    4.0352720e+00   0.000000e+00   0.000000e+00      0s

Solved in 14 iterations and 0.00 seconds (0.00 work units)
Optimal objective  4.035271979e+00

User-callback calls 54, time in user-callback 0.00 sec
