element,group,terminal,conductor,node,normal_amps,enabled,objective_included,maximum_96slot_rho
Line.hvmv_sub_connector,Primary,1,1,1,400.0,True,True,0.8068381339051942
Line.hvmv_sub_connector,Primary,1,2,2,400.0,True,True,0.7949563809649665
Line.hvmv_sub_connector,Primary,1,3,3,400.0,True,True,0.769985722953071
Line.hvmv_sub_connector,Primary,2,1,1,400.0,True,False,0.8068381339051942
Line.hvmv_sub_connector,Primary,2,2,2,400.0,True,False,0.7949563809649665
Line.hvmv_sub_connector,Primary,2,3,3,400.0,True,False,0.769985722953071
Line.ln5502549-1,Primary,1,1,2,400.0,True,True,0.0026944038764471732
Line.ln5502549-1,Primary,2,1,2,400.0,True,False,0.002694775391915387
Line.ln6259988-1,Primary,1,1,3,400.0,True,True,0.001997811733546645
Line.ln6259988-1,Primary,2,1,3,400.0,True,False,0.0019990683959870462
Line.ln6077796-1,Primary,1,1,2,400.0,True,True,0.0022921956483857586
Line.ln6077796-1,Primary,2,1,2,400.0,True,False,0.0022923291721289388
Line.ln5835135-2,Primary,1,1,2,400.0,True,True,0.022548581380384833
Line.ln5835135-2,Primary,2,1,2,400.0,True,False,0.02254911747349964
Line.ln5896826-1,Primary,1,1,2,400.0,True,True,0.0011332670023759888
Line.ln5896826-1,Primary,2,1,2,400.0,True,False,0.0011357048676291586
Line.ln5714038-1,Primary,1,1,2,400.0,True,True,0.003013144979559786
Line.ln5714038-1,Primary,2,1,2,400.0,True,False,0.003014270732319224
Line.ln5653457-1,Primary,1,1,1,400.0,True,True,0.03271791003973383
Line.ln5653457-1,Primary,1,2,2,400.0,True,True,0.06299865393409587
Line.ln5653457-1,Primary,1,3,3,400.0,True,True,0.0270868802409217
Line.ln5653457-1,Primary,2,1,1,400.0,True,False,0.032719592008399905
Line.ln5653457-1,Primary,2,2,2,400.0,True,False,0.06300046033901646
Line.ln5653457-1,Primary,2,3,3,400.0,True,False,0.027088062538193864
Line.ln5835173-1,Primary,1,1,1,400.0,True,True,0.04441789252904515
Line.ln5835173-1,Primary,1,2,2,400.0,True,True,0.09174132379795207
Line.ln5835173-1,Primary,1,3,3,400.0,True,True,0.07066684912880462
Line.ln5835173-1,Primary,2,1,1,400.0,True,False,0.0444187903769702
Line.ln5835173-1,Primary,2,2,2,400.0,True,False,0.09174230370914646
Line.ln5835173-1,Primary,2,3,3,400.0,True,False,0.07066746140202501
Line.ln6321415-1,Primary,1,1,2,400.0,True,True,0.0019154123052225148
Line.ln6321415-1,Primary,2,1,2,400.0,True,False,0.001916485949362861
Line.ln5565092-1,Primary,1,1,3,400.0,True,True,0.0029789124450150008
Line.ln5565092-1,Primary,2,1,3,400.0,True,False,0.0029789554705999055
Line.ln6073648-1,Primary,1,1,1,400.0,True,True,0.0041768406499944465
Line.ln6073648-1,Primary,2,1,1,400.0,True,False,0.004176930659077719
Line.ln5774457-1,Primary,1,1,1,400.0,True,True,0.0509236875441963
Line.ln5774457-1,Primary,1,2,2,400.0,True,True,0.043021596084061774
Line.ln5774457-1,Primary,1,3,3,400.0,True,True,0.0412625760799743
Line.ln5774457-1,Primary,2,1,1,400.0,True,False,0.050924503811480955
Line.ln5774457-1,Primary,2,2,2,400.0,True,False,0.043022528268927517
Line.ln5774457-1,Primary,2,3,3,400.0,True,False,0.041263144041884144
Line.ln5534966-3,Primary,1,1,1,400.0,True,True,0.015290494664288654
Line.ln5534966-3,Primary,2,1,1,400.0,True,False,0.015290779180303778
Line.ln5859996-1,Primary,1,1,2,400.0,True,True,0.003852366717584774
Line.ln5859996-1,Primary,2,1,2,400.0,True,False,0.00385244079696711
Line.ln6138610-2,Primary,1,1,1,400.0,True,True,0.1787528789814225
Line.ln6138610-2,Primary,1,2,2,400.0,True,True,0.14016417500498146
Line.ln6138610-2,Primary,1,3,3,400.0,True,True,0.1573812245009699
Line.ln6138610-2,Primary,2,1,1,400.0,True,False,0.17875341944109877
Line.ln6138610-2,Primary,2,2,2,400.0,True,False,0.14016475985059704
Line.ln6138610-2,Primary,2,3,3,400.0,True,False,0.15738160521261504
Line.ln6258435-3,Primary,1,1,1,400.0,True,True,0.003500931596321355
Line.ln6258435-3,Primary,2,1,1,400.0,True,False,0.0035020429944230863
Line.ln5804790-1,Primary,1,1,3,400.0,True,True,0.0020133675395818886
Line.ln5804790-1,Primary,2,1,3,400.0,True,False,0.002015621028752791
Line.ln6900591-14,Primary,1,1,1,400.0,True,True,0.006334585061712467
Line.ln6900591-14,Primary,2,1,1,400.0,True,False,0.00633534431473473
Line.ln6409873-1,Primary,1,1,2,400.0,True,True,0.014520608952064475
Line.ln6409873-1,Primary,2,1,2,400.0,True,False,0.014521420522905224
Line.ln6014135-1,Primary,1,1,1,400.0,True,True,0.01308952749013715
Line.ln6014135-1,Primary,2,1,1,400.0,True,False,0.013089575770443052
Line.ln6077784-1,Primary,1,1,1,400.0,True,True,0.09701315102693574
Line.ln6077784-1,Primary,1,2,2,400.0,True,True,0.1135666053911206
Line.ln6077784-1,Primary,1,3,3,400.0,True,True,0.07608354807282741
Line.ln6077784-1,Primary,2,1,1,400.0,True,False,0.09701448673770599
Line.ln6077784-1,Primary,2,2,2,400.0,True,False,0.1135680569370006
Line.ln6077784-1,Primary,2,3,3,400.0,True,False,0.07608446177701476
Line.ln5744338-1,Primary,1,1,2,400.0,True,True,0.03641255890830504
Line.ln5744338-1,Primary,2,1,2,400.0,True,False,0.036413169318489924
Line.ln6991381-4,Primary,1,1,1,400.0,True,True,0.007034092417522692
Line.ln6991381-4,Primary,2,1,1,400.0,True,False,0.007035043926415974
Line.ln5774480-1,Primary,1,1,2,400.0,True,True,0.0432752048609774
Line.ln5774480-1,Primary,2,1,2,400.0,True,False,0.043276985287236815
Line.ln5986938-3,Primary,1,1,1,400.0,True,True,0.007431840016304413
Line.ln5986938-3,Primary,2,1,1,400.0,True,False,0.007431938671357022
Line.ln5894230-1,Primary,1,1,3,400.0,True,True,0.0019879221815564197
Line.ln5894230-1,Primary,2,1,3,400.0,True,False,0.001989396618485572
Line.ln5683858-3,Primary,1,1,1,400.0,True,True,0.0035550750229242944
Line.ln5683858-3,Primary,1,2,2,400.0,True,True,0.00576732396826291
Line.ln5683858-3,Primary,1,3,3,400.0,True,True,0.004008889781804586
Line.ln5683858-3,Primary,2,1,1,400.0,True,False,0.0035554123485787626
Line.ln5683858-3,Primary,2,2,2,400.0,True,False,0.005767684097846838
Line.ln5683858-3,Primary,2,3,3,400.0,True,False,0.004009118553823648
Line.ln5920279-5,Primary,1,1,1,400.0,True,True,0.4714821918115645
Line.ln5920279-5,Primary,1,2,2,400.0,True,True,0.4528058387862026
Line.ln5920279-5,Primary,1,3,3,400.0,True,True,0.3413525366477705
Line.ln5920279-5,Primary,2,1,1,400.0,True,False,0.4714822432374994
Line.ln5920279-5,Primary,2,2,2,400.0,True,False,0.4528059169560551
Line.ln5920279-5,Primary,2,3,3,400.0,True,False,0.3413521380053469
Line.ln6439600-1,Primary,1,1,1,400.0,True,True,0.0017753155113416116
Line.ln6439600-1,Primary,2,1,1,400.0,True,False,0.0017765825639787392
Line.ln5589097-1,Primary,1,1,1,400.0,True,True,0.002644998150422951
Line.ln5589097-1,Primary,2,1,1,400.0,True,False,0.0026453063756772493
Line.ln5651975-1,Primary,1,1,1,400.0,True,True,0.08925493641958931
Line.ln5651975-1,Primary,1,2,2,400.0,True,True,0.025751047521932125
Line.ln5651975-1,Primary,1,3,3,400.0,True,True,0.05068782352297556
Line.ln5651975-1,Primary,2,1,1,400.0,True,False,0.08925563607670015
Line.ln5651975-1,Primary,2,2,2,400.0,True,False,0.025751797694779283
Line.ln5651975-1,Primary,2,3,3,400.0,True,False,0.05068830880597834
Line.ln5865236-1,Primary,1,1,1,400.0,True,True,0.003506062393298241
Line.ln5865236-1,Primary,2,1,1,400.0,True,False,0.0035061705726841096
Line.ln5593232-1,Primary,1,1,3,400.0,True,True,0.001987484863199461
Line.ln5593232-1,Primary,2,1,3,400.0,True,False,0.0019891696358929956
Line.ln5740283-1,Primary,1,1,3,400.0,True,True,0.0023706169169333564
Line.ln5740283-1,Primary,2,1,3,400.0,True,False,0.0023706967466169925
Line.ln6106559-1,Primary,1,1,2,400.0,True,True,0.005350608167888516
Line.ln6106559-1,Primary,2,1,2,400.0,True,False,0.005351779894095692
Line.ln5714056-3,Primary,1,1,1,400.0,True,True,0.0757743263801028
Line.ln5714056-3,Primary,1,2,2,400.0,True,True,0.020974991247079054
Line.ln5714056-3,Primary,1,3,3,400.0,True,True,0.03995307910355108
Line.ln5714056-3,Primary,2,1,1,400.0,True,False,0.07577683529150764
Line.ln5714056-3,Primary,2,2,2,400.0,True,False,0.02097773732548708
Line.ln5714056-3,Primary,2,3,3,400.0,True,False,0.03995483411188701
Line.ln5985355-3,Primary,1,1,2,400.0,True,True,0.07556366599858955
Line.ln5985355-3,Primary,2,1,2,400.0,True,False,0.07556451294554883
Line.ln5531956-1,Primary,1,1,1,400.0,True,True,0.0017484591912634959
Line.ln5531956-1,Primary,2,1,1,400.0,True,False,0.0017492717709337796
Line.ln5650048-1,Primary,1,1,2,400.0,True,True,0.0019148338857474653
Line.ln5650048-1,Primary,2,1,2,400.0,True,False,0.0019155634579349496
Line.ln6290203-1,Primary,1,1,1,400.0,True,True,0.03532998576838339
Line.ln6290203-1,Primary,1,2,2,400.0,True,True,0.07979378115345984
Line.ln6290203-1,Primary,1,3,3,400.0,True,True,0.058709686949100705
Line.ln6290203-1,Primary,2,1,1,400.0,True,False,0.035331914691550906
Line.ln6290203-1,Primary,2,2,2,400.0,True,False,0.07979587542925089
Line.ln6290203-1,Primary,2,3,3,400.0,True,False,0.05871099821283493
Line.ln6134414-1,Primary,1,1,3,400.0,True,True,0.003950260056478594
Line.ln6134414-1,Primary,2,1,3,400.0,True,False,0.003950985961593834
Line.ln6259998-2,Primary,1,1,3,400.0,True,True,0.0023876948007792867
Line.ln6259998-2,Primary,2,1,3,400.0,True,False,0.0023878574149501087
Line.ln6078767-1,Primary,1,1,1,400.0,True,True,0.17299361292742177
Line.ln6078767-1,Primary,1,2,2,400.0,True,True,0.19468137310387065
Line.ln6078767-1,Primary,1,3,3,400.0,True,True,0.23758978718487767
Line.ln6078767-1,Primary,2,1,1,400.0,True,False,0.1729928293337216
Line.ln6078767-1,Primary,2,2,2,400.0,True,False,0.19468074823266604
Line.ln6078767-1,Primary,2,3,3,400.0,True,False,0.23758917700351945
Line.ln6017300-1,Primary,1,1,3,400.0,True,True,0.0011940286744545967
Line.ln6017300-1,Primary,2,1,3,400.0,True,False,0.0011950476481071592
Line.ln8979257-2,Primary,1,1,1,190.0,True,True,0.003767725526241557
Line.ln8979257-2,Primary,1,2,2,190.0,True,True,0.004063061571516729
Line.ln8979257-2,Primary,1,3,3,190.0,True,True,0.004173657048336139
Line.ln8979257-2,Primary,2,1,1,190.0,True,False,0.003770152367558751
Line.ln8979257-2,Primary,2,2,2,190.0,True,False,0.0040655043456466235
Line.ln8979257-2,Primary,2,3,3,190.0,True,False,0.004176152706642737
Line.ln81048109-1,Primary,1,1,2,220.0,True,True,0.010604984594560274
Line.ln81048109-1,Primary,2,1,2,220.0,True,False,0.010614019551600818
Line.293471,Primary,1,1,1,400.0,True,True,0.001746235996651274
Line.293471,Primary,1,2,2,400.0,True,True,0.0019310788312954228
Line.293471,Primary,1,3,3,400.0,True,True,0.00198676090470985
Line.293471,Primary,2,1,1,400.0,True,False,0.0017468241431277329
Line.293471,Primary,2,2,2,400.0,True,False,0.001931711546213543
Line.293471,Primary,2,3,3,400.0,True,False,0.0019871930932702656
Line.ln5534965-2,Primary,1,1,1,400.0,True,True,0.0017588247752220445
Line.ln5534965-2,Primary,2,1,1,400.0,True,False,0.0017588992919982246
Line.ln5655683-1,Primary,1,1,1,400.0,True,True,0.027862220276109118
Line.ln5655683-1,Primary,2,1,1,400.0,True,False,0.027862288615525876
Line.ln5686247-1,Primary,1,1,2,400.0,True,True,0.0026831271957213974
Line.ln5686247-1,Primary,2,1,2,400.0,True,False,0.002683205364200293
Line.ln6048642-1,Primary,1,1,2,400.0,True,True,4.908334321869425e-06
Line.ln6048642-1,Primary,2,1,2,400.0,True,False,3.8853630691471744e-14
Line.ln5928544-3,Primary,1,1,3,400.0,True,True,0.01996983620817295
Line.ln5928544-3,Primary,2,1,3,400.0,True,False,0.019970489923722152
Line.ln6108172-1,Primary,1,1,1,400.0,True,True,0.0035420029195982732
Line.ln6108172-1,Primary,2,1,1,400.0,True,False,0.003544464797145309
Line.ln5532754-1,Primary,1,1,1,400.0,True,True,0.08278781563927586
Line.ln5532754-1,Primary,1,2,2,400.0,True,True,0.025762418660953877
Line.ln5532754-1,Primary,1,3,3,400.0,True,True,0.043133002459192306
Line.ln5532754-1,Primary,2,1,1,400.0,True,False,0.08278816621831421
Line.ln5532754-1,Primary,2,2,2,400.0,True,False,0.025762797125707428
Line.ln5532754-1,Primary,2,3,3,400.0,True,False,0.04313324626708145
Line.ln5591834-1,Primary,1,1,3,400.0,True,True,0.0051460198507583136
Line.ln5591834-1,Primary,2,1,3,400.0,True,False,0.0051468543792725875
Line.ln6347196-2,Primary,1,1,1,400.0,True,True,0.04341634275174778
Line.ln6347196-2,Primary,1,2,2,400.0,True,True,0.0198346169522163
Line.ln6347196-2,Primary,1,3,3,400.0,True,True,0.03995709055470737
Line.ln6347196-2,Primary,2,1,1,400.0,True,False,0.04341687208090237
Line.ln6347196-2,Primary,2,2,2,400.0,True,False,0.019835193302987896
Line.ln6347196-2,Primary,2,3,3,400.0,True,False,0.039957457849071336
Line.ln5532741-1,Primary,1,1,3,400.0,True,True,0.012253830122861624
Line.ln5532741-1,Primary,2,1,3,400.0,True,False,0.012254526133731508
Line.ln5804803-1,Primary,1,1,1,400.0,True,True,0.001049775509510923
Line.ln5804803-1,Primary,2,1,1,400.0,True,False,0.0010532203352819195
Line.ln6169248-1,Primary,1,1,1,400.0,True,True,0.17055225230090978
Line.ln6169248-1,Primary,1,2,2,400.0,True,True,0.12023121351698517
Line.ln6169248-1,Primary,1,3,3,400.0,True,True,0.08002697154666107
Line.ln6169248-1,Primary,2,1,1,400.0,True,False,0.17055424012915357
Line.ln6169248-1,Primary,2,2,2,400.0,True,False,0.12023338333349912
Line.ln6169248-1,Primary,2,3,3,400.0,True,False,0.08002833155855185
Line.ln5532786-2,Primary,1,1,2,400.0,True,True,0.0030893695644391324
Line.ln5532786-2,Primary,2,1,2,400.0,True,False,0.003089564645331082
Line.ln5744339-1,Primary,1,1,1,400.0,True,True,0.02229689541195294
Line.ln5744339-1,Primary,2,1,1,400.0,True,False,0.02229788539181703
Line.ln5531255-3,Primary,1,1,1,400.0,True,True,0.023210465376902623
Line.ln5531255-3,Primary,2,1,1,400.0,True,False,0.023211091393311026
Line.ln5926308-2,Primary,1,1,1,400.0,True,True,0.05456977398602121
Line.ln5926308-2,Primary,1,2,2,400.0,True,True,0.06573608068184367
Line.ln5926308-2,Primary,1,3,3,400.0,True,True,0.02641026885933939
Line.ln5926308-2,Primary,2,1,1,400.0,True,False,0.05457042222155693
Line.ln5926308-2,Primary,2,2,2,400.0,True,False,0.06573678093207022
Line.ln5926308-2,Primary,2,3,3,400.0,True,False,0.02641073505673546
Line.ln5683856-3,Primary,1,1,1,400.0,True,True,0.0017583742489074889
Line.ln5683856-3,Primary,2,1,1,400.0,True,False,0.0017586789769581277
Line.ln6171502-1,Primary,1,1,1,400.0,True,True,0.0028089128551169722
Line.ln6171502-1,Primary,2,1,1,400.0,True,False,0.0028089945817541795
Line.ln5593228-1,Primary,1,1,2,400.0,True,True,0.0019371706297309469
Line.ln5593228-1,Primary,2,1,2,400.0,True,False,0.0019378917545346142
Line.ln6380800-1,Primary,1,1,2,400.0,True,True,0.0019400550949220908
Line.ln6380800-1,Primary,2,1,2,400.0,True,False,0.0019407503265595
Line.ln6199525-2,Primary,1,1,1,400.0,True,True,0.000700670158464453
Line.ln6199525-2,Primary,2,1,1,400.0,True,False,0.0007014997293349046
Line.ln5772710-2,Primary,1,1,1,400.0,True,True,0.014055296155811416
Line.ln5772710-2,Primary,2,1,1,400.0,True,False,0.01405633069678547
Line.ln8961760-1,Primary,1,1,3,220.0,True,True,0.012595415629422319
Line.ln8961760-1,Primary,2,1,3,220.0,True,False,0.012595873241188745
Line.ln6047556-1,Primary,1,1,3,400.0,True,True,0.0019761407384679217
Line.ln6047556-1,Primary,2,1,3,400.0,True,False,0.001977502749922263
Line.ln6138603-1,Primary,1,1,2,400.0,True,True,0.0030820054511744893
Line.ln6138603-1,Primary,2,1,2,400.0,True,False,0.00308347611748064
Line.ln6108139-1,Primary,1,1,2,400.0,True,True,0.0011715229065638363
Line.ln6108139-1,Primary,2,1,2,400.0,True,False,0.0011717394483479575
Line.ln6388581-2,Primary,1,1,1,400.0,True,True,0.0010623266751023889
Line.ln6388581-2,Primary,2,1,1,400.0,True,False,0.0010629358554265181
Line.ln5774460-1,Primary,1,1,1,400.0,True,True,0.0010638075648443743
Line.ln5774460-1,Primary,2,1,1,400.0,True,False,0.001064511317691845
Line.ln5624387-1,Primary,1,1,3,400.0,True,True,0.003001208754806461
Line.ln5624387-1,Primary,2,1,3,400.0,True,False,0.0030018503308876553
Line.ln6137087-1,Primary,1,1,3,400.0,True,True,0.015951987681298158
Line.ln6137087-1,Primary,2,1,3,400.0,True,False,0.015952368857883946
Line.ln6077809-1,Primary,1,1,3,400.0,True,True,0.020069705538019775
Line.ln6077809-1,Primary,2,1,3,400.0,True,False,0.020071022516760455
Line.ln6440079-1,Primary,1,1,3,400.0,True,True,0.005146854379361021
Line.ln6440079-1,Primary,2,1,3,400.0,True,False,0.005147459527699163
Line.ln5804794-1,Primary,1,1,1,400.0,True,True,0.015774568113745023
Line.ln5804794-1,Primary,2,1,1,400.0,True,False,0.015775461231767974
Line.ln5654484-1,Primary,1,1,3,400.0,True,True,0.0019822393780764263
Line.ln5654484-1,Primary,2,1,3,400.0,True,False,0.001982564981704021
Line.ln5774465-1,Primary,1,1,1,400.0,True,True,0.0035412516901249815
Line.ln5774465-1,Primary,2,1,1,400.0,True,False,0.0035426345833835444
Line.ln5473349-1,Primary,1,1,1,400.0,True,True,0.42729260036469446
Line.ln5473349-1,Primary,1,2,2,400.0,True,True,0.43722033637521535
Line.ln5473349-1,Primary,1,3,3,400.0,True,True,0.32456643186120177
Line.ln5473349-1,Primary,2,1,1,400.0,True,False,0.4272926191110296
Line.ln5473349-1,Primary,2,2,2,400.0,True,False,0.4372203845604439
Line.ln5473349-1,Primary,2,3,3,400.0,True,False,0.3245659338086366
Line.ln6169253-1,Primary,1,1,1,400.0,True,True,0.001770712454178704
Line.ln6169253-1,Primary,2,1,1,400.0,True,False,0.0017713731816668334
Line.ln6350536-1,Primary,1,1,1,400.0,True,True,0.0010616315866042426
Line.ln6350536-1,Primary,2,1,1,400.0,True,False,0.001063586588713191
Line.ln6048523-1,Primary,1,1,3,400.0,True,True,0.028675186945144763
Line.ln6048523-1,Primary,2,1,3,400.0,True,False,0.028676416489188665
Line.ln5594152-1,Primary,1,1,3,400.0,True,True,0.03184189673752632
Line.ln5594152-1,Primary,2,1,3,400.0,True,False,0.031843341706583185
Line.ln5865248-1,Primary,1,1,1,400.0,True,True,0.06396590246040162
Line.ln5865248-1,Primary,1,2,2,400.0,True,True,0.06861402624841988
Line.ln5865248-1,Primary,1,3,3,400.0,True,True,0.0264063299520265
Line.ln5865248-1,Primary,2,1,1,400.0,True,False,0.063966728330265
Line.ln5865248-1,Primary,2,2,2,400.0,True,False,0.06861491706924049
Line.ln5865248-1,Primary,2,3,3,400.0,True,False,0.026406920520803463
Line.ln6046143-1,Primary,1,1,2,400.0,True,True,0.0007603834751188056
Line.ln6046143-1,Primary,2,1,2,400.0,True,False,0.0007614156488120929
Line.ln5803287-1,Primary,1,1,3,400.0,True,True,0.004002357483810274
Line.ln5803287-1,Primary,2,1,3,400.0,True,False,0.004002614484875623
Line.ln5589094-1,Primary,1,1,3,400.0,True,True,0.043726727808955736
Line.ln5589094-1,Primary,2,1,3,400.0,True,False,0.04372756901073064
Line.ln5954983-1,Primary,1,1,1,400.0,True,True,0.02321122820055828
Line.ln5954983-1,Primary,2,1,1,400.0,True,False,0.023212258356909855
Line.ln5924696-2,Primary,1,1,1,400.0,True,True,0.0010460612867434645
Line.ln5924696-2,Primary,2,1,1,400.0,True,False,0.0010465710241023408
Line.ln6506311-4,Primary,1,1,1,400.0,True,True,1.2705260470148e-07
Line.ln6506311-4,Primary,1,2,2,400.0,True,True,1.3559505648907556e-07
Line.ln6506311-4,Primary,1,3,3,400.0,True,True,0.0011872114455128502
Line.ln6506311-4,Primary,2,1,1,400.0,True,False,1.7294753814355809e-12
Line.ln6506311-4,Primary,2,2,2,400.0,True,False,2.9689116873637493e-12
Line.ln6506311-4,Primary,2,3,3,400.0,True,False,0.001187238213224176
Line.ln5653493-1,Primary,1,1,2,400.0,True,True,0.023236338460154403
Line.ln5653493-1,Primary,2,1,2,400.0,True,False,0.023236806444162875
Line.ln5684836-1,Primary,1,1,1,400.0,True,True,0.44598654056203996
Line.ln5684836-1,Primary,1,2,2,400.0,True,True,0.448150417290188
Line.ln5684836-1,Primary,1,3,3,400.0,True,True,0.33989647295276276
Line.ln5684836-1,Primary,2,1,1,400.0,True,False,0.4459865786034311
Line.ln5684836-1,Primary,2,2,2,400.0,True,False,0.4481506061185002
Line.ln5684836-1,Primary,2,3,3,400.0,True,False,0.3398952324122087
Line.ln5715016-3,Primary,1,1,1,400.0,True,True,0.001047183236789515
Line.ln5715016-3,Primary,2,1,1,400.0,True,False,0.001048068825349145
Line.ln6138614-1,Primary,1,1,1,400.0,True,True,0.11128917516667776
Line.ln6138614-1,Primary,1,2,2,400.0,True,True,0.11142946827959431
Line.ln6138614-1,Primary,1,3,3,400.0,True,True,0.10545432295927579
Line.ln6138614-1,Primary,2,1,1,400.0,True,False,0.1112854092485826
Line.ln6138614-1,Primary,2,2,2,400.0,True,False,0.11142551060405462
Line.ln6138614-1,Primary,2,3,3,400.0,True,False,0.1054495400621609
Line.ln6077781-2,Primary,1,1,1,400.0,True,True,0.3908912034526491
Line.ln6077781-2,Primary,1,2,2,400.0,True,True,0.36061540543588033
Line.ln6077781-2,Primary,1,3,3,400.0,True,True,0.30049490731815603
Line.ln6077781-2,Primary,2,1,1,400.0,True,False,0.39089378020294435
Line.ln6077781-2,Primary,2,2,2,400.0,True,False,0.36061819643414894
Line.ln6077781-2,Primary,2,3,3,400.0,True,False,0.30049663746919864
Line.ln5675121-1,Primary,1,1,3,400.0,True,True,0.0007887216836558515
Line.ln5675121-1,Primary,2,1,3,400.0,True,False,0.0007898201728872893
Line.ln5773046-1,Primary,1,1,2,400.0,True,True,0.04710601923608482
Line.ln5773046-1,Primary,2,1,2,400.0,True,False,0.04710696801002896
Line.ln6380809-2,Primary,1,1,1,400.0,True,True,0.03183405660789918
Line.ln6380809-2,Primary,1,2,2,400.0,True,True,0.09721342923391636
Line.ln6380809-2,Primary,1,3,3,400.0,True,True,0.011073356187371737
Line.ln6380809-2,Primary,2,1,1,400.0,True,False,0.03183425868019059
Line.ln6380809-2,Primary,2,2,2,400.0,True,False,0.09721364936947172
Line.ln6380809-2,Primary,2,3,3,400.0,True,False,0.011073493535011353
Line.ln6018326-1,Primary,1,1,3,400.0,True,True,0.0023664334999693505
Line.ln6018326-1,Primary,2,1,3,400.0,True,False,0.0023671276681607387
Line.ln5472356-1,Primary,1,1,2,400.0,True,True,0.0007772232659751069
Line.ln5472356-1,Primary,2,1,2,400.0,True,False,0.0007779612407126245
Line.ln6139641-1,Primary,1,1,1,400.0,True,True,0.5688486161120678
Line.ln6139641-1,Primary,1,2,2,400.0,True,True,0.560993253549952
Line.ln6139641-1,Primary,1,3,3,400.0,True,True,0.4273954180116645
Line.ln6139641-1,Primary,2,1,1,400.0,True,False,0.5688489204223992
Line.ln6139641-1,Primary,2,2,2,400.0,True,False,0.5609936340477
Line.ln6139641-1,Primary,2,3,3,400.0,True,False,0.4273950604173502
Line.ln6018341-1,Primary,1,1,1,400.0,True,True,0.15889227770200887
Line.ln6018341-1,Primary,1,2,2,400.0,True,True,0.17355529536270764
Line.ln6018341-1,Primary,1,3,3,400.0,True,True,0.2227937580096451
Line.ln6018341-1,Primary,2,1,1,400.0,True,False,0.15888921329627517
Line.ln6018341-1,Primary,2,2,2,400.0,True,False,0.17355261667723362
Line.ln6018341-1,Primary,2,3,3,400.0,True,False,0.22279149072152685
Line.ln6017302-1,Primary,1,1,1,400.0,True,True,0.0027971561900490606
Line.ln6017302-1,Primary,1,2,2,400.0,True,True,0.052671815046522276
Line.ln6017302-1,Primary,1,3,3,400.0,True,True,0.001186527444644803
Line.ln6017302-1,Primary,2,1,1,400.0,True,False,0.002798151769887477
Line.ln6017302-1,Primary,2,2,2,400.0,True,False,0.05267290755383299
Line.ln6017302-1,Primary,2,3,3,400.0,True,False,0.0011872365887122388
Line.ln6199505-1,Primary,1,1,2,400.0,True,True,0.0007707514215561988
Line.ln6199505-1,Primary,2,1,2,400.0,True,False,0.0007711665382304976
Line.ln5682327-1,Primary,1,1,1,400.0,True,True,0.026521950480780918
Line.ln5682327-1,Primary,2,1,1,400.0,True,False,0.02652201903164154
Line.ln6290243-1,Primary,1,1,2,400.0,True,True,0.003872672540787974
Line.ln6290243-1,Primary,2,1,2,400.0,True,False,0.003873462859994355
Line.x8223_48332_sw,Primary,1,1,1,400.0,True,True,0.1298939825349571
Line.x8223_48332_sw,Primary,1,2,2,400.0,True,True,0.13405924466634814
Line.x8223_48332_sw,Primary,1,3,3,400.0,True,True,0.10624862898680383
Line.x8223_48332_sw,Primary,2,1,1,400.0,True,False,0.12989397775441258
Line.x8223_48332_sw,Primary,2,2,2,400.0,True,False,0.1340592402790055
Line.x8223_48332_sw,Primary,2,3,3,400.0,True,False,0.1062486217788891
Line.ln6413567-3,Primary,1,1,1,400.0,True,True,0.1298945728841695
Line.ln6413567-3,Primary,1,2,2,400.0,True,True,0.13405981882060694
Line.ln6413567-3,Primary,1,3,3,400.0,True,True,0.10624961031203842
Line.ln6413567-3,Primary,2,1,1,400.0,True,False,0.12989398253541048
Line.ln6413567-3,Primary,2,2,2,400.0,True,False,0.13405924466809216
Line.ln6413567-3,Primary,2,3,3,400.0,True,False,0.1062486289876403
Line.ln5591731-3,Primary,1,1,1,400.0,True,True,0.4766446562976672
Line.ln5591731-3,Primary,1,2,2,400.0,True,True,0.4528051934856198
Line.ln5591731-3,Primary,1,3,3,400.0,True,True,0.343175039790128
Line.ln5591731-3,Primary,2,1,1,400.0,True,False,0.47664466078972495
Line.ln5591731-3,Primary,2,2,2,400.0,True,False,0.452805199563513
Line.ln5591731-3,Primary,2,3,3,400.0,True,False,0.34317501052298566
Line.ln5653470-1,Primary,1,1,1,400.0,True,True,0.001763903400274856
Line.ln5653470-1,Primary,1,2,2,400.0,True,True,0.0019135528963631074
Line.ln5653470-1,Primary,1,3,3,400.0,True,True,0.0019994392034021623
Line.ln5653470-1,Primary,2,1,1,400.0,True,False,0.0017649216101326027
Line.ln5653470-1,Primary,2,2,2,400.0,True,False,0.00191464550830256
Line.ln5653470-1,Primary,2,3,3,400.0,True,False,0.002000125203972499
Line.ln6017316-1,Primary,1,1,2,400.0,True,True,0.04736669238951448
Line.ln6017316-1,Primary,2,1,2,400.0,True,False,0.04736794011805148
Line.ln5926299-1,Primary,1,1,2,400.0,True,True,0.003891453955879251
Line.ln5926299-1,Primary,2,1,2,400.0,True,False,0.0038921687673097592
Line.ln5683831-1,Primary,1,1,1,400.0,True,True,0.06396379906177502
Line.ln5683831-1,Primary,1,2,2,400.0,True,True,0.0686117579208201
Line.ln5683831-1,Primary,1,3,3,400.0,True,True,0.03237498741029395
Line.ln5683831-1,Primary,2,1,1,400.0,True,False,0.06396501237292859
Line.ln5683831-1,Primary,2,2,2,400.0,True,False,0.06861306628570063
Line.ln5683831-1,Primary,2,3,3,400.0,True,False,0.032375860353580845
Line.ln6352700-1,Primary,1,1,1,400.0,True,True,0.007051617705990954
Line.ln6352700-1,Primary,2,1,1,400.0,True,False,0.007051648260873595
Line.ln6047570-1,Primary,1,1,1,400.0,True,True,0.0010307336344293396
Line.ln6047570-1,Primary,2,1,1,400.0,True,False,0.0010312742151746801
Line.ln5624342-1,Primary,1,1,1,400.0,True,True,0.44770200558169704
Line.ln5624342-1,Primary,1,2,2,400.0,True,True,0.4528071567789236
Line.ln5624342-1,Primary,1,3,3,400.0,True,True,0.3398997434229166
Line.ln5624342-1,Primary,2,1,1,400.0,True,False,0.4477020486634792
Line.ln5624342-1,Primary,2,2,2,400.0,True,False,0.4528073303750692
Line.ln5624342-1,Primary,2,3,3,400.0,True,False,0.3398987514914079
Line.ln6259992-1,Primary,1,1,1,400.0,True,True,0.001772823004808505
Line.ln6259992-1,Primary,2,1,1,400.0,True,False,0.0017733873158829482
Line.ln5841919-1,Primary,1,1,2,400.0,True,True,0.0011721484803715095
Line.ln5841919-1,Primary,2,1,2,400.0,True,False,0.0011732153856584206
Line.ln6380811-1,Primary,1,1,2,400.0,True,True,0.022247572197641494
Line.ln6380811-1,Primary,2,1,2,400.0,True,False,0.0222492191108942
Line.ln5683832-1,Primary,1,1,1,400.0,True,True,0.001741870779643097
Line.ln5683832-1,Primary,2,1,1,400.0,True,False,0.001742763274087734
Line.ln6077778-1,Primary,1,1,1,400.0,True,True,0.0017288549248153206
Line.ln6077778-1,Primary,2,1,1,400.0,True,False,0.0017298485627531854
Line.ln5561442-2,Primary,1,1,1,400.0,True,True,0.5566368336497787
Line.ln5561442-2,Primary,1,2,2,400.0,True,True,0.5514123770800495
Line.ln5561442-2,Primary,1,3,3,400.0,True,True,0.41154548792493595
Line.ln5561442-2,Primary,2,1,1,400.0,True,False,0.5566372102804606
Line.ln5561442-2,Primary,2,2,2,400.0,True,False,0.55141286445389
Line.ln5561442-2,Primary,2,3,3,400.0,True,False,0.41154490129295035
Line.ln6259983-1,Primary,1,1,2,400.0,True,True,0.0019480506135819773
Line.ln6259983-1,Primary,2,1,2,400.0,True,False,0.0019499709868422725
Line.ln5865244-1,Primary,1,1,1,400.0,True,True,0.02183592310289394
Line.ln5865244-1,Primary,2,1,1,400.0,True,False,0.021836475999547723
Line.ln6350555-1,Primary,1,1,2,400.0,True,True,0.0011480957503133226
Line.ln6350555-1,Primary,2,1,2,400.0,True,False,0.0011488289942760282
Line.ln5714039-1,Primary,1,1,1,400.0,True,True,0.007735646844350336
Line.ln5714039-1,Primary,2,1,1,400.0,True,False,0.007736217104866547
Line.ln5889821-1,Primary,1,1,1,400.0,True,True,0.46804280609214394
Line.ln5889821-1,Primary,1,2,2,400.0,True,True,0.4528062353918591
Line.ln5889821-1,Primary,1,3,3,400.0,True,True,0.34062758883985367
Line.ln5889821-1,Primary,2,1,1,400.0,True,False,0.46804297729311606
Line.ln5889821-1,Primary,2,2,2,400.0,True,False,0.4528065218388517
Line.ln5889821-1,Primary,2,3,3,400.0,True,False,0.3406260672628016
Line.ln5804791-1,Primary,1,1,1,400.0,True,True,0.11638562344159481
Line.ln5804791-1,Primary,1,2,2,400.0,True,True,0.13405567150550954
Line.ln5804791-1,Primary,1,3,3,400.0,True,True,0.10624252391548518
Line.ln5804791-1,Primary,2,1,1,400.0,True,False,0.11638207310422471
Line.ln5804791-1,Primary,2,2,2,400.0,True,False,0.13405285483092155
Line.ln5804791-1,Primary,2,3,3,400.0,True,False,0.10623771330677317
Line.ln5653486-1,Primary,1,1,3,400.0,True,True,0.0059833860812640504
Line.ln5653486-1,Primary,2,1,3,400.0,True,False,0.005984358686476584
Line.ln5926286-1,Primary,1,1,1,400.0,True,True,0.005976191370542505
Line.ln5926286-1,Primary,2,1,1,400.0,True,False,0.00597696688910052
Line.ln6318859-1,Primary,1,1,1,400.0,True,True,2.500376809509501e-06
Line.ln6318859-1,Primary,2,1,1,400.0,True,False,5.752149554916068e-14
Line.ln5926316-1,Primary,1,1,2,400.0,True,True,0.015569048153241859
Line.ln5926316-1,Primary,2,1,2,400.0,True,False,0.015569212600895312
Line.ln5591703-1,Primary,1,1,2,400.0,True,True,0.003439083382138896
Line.ln5591703-1,Primary,2,1,2,400.0,True,False,0.0034398013000754802
Line.ln5531333-1,Primary,1,1,1,400.0,True,True,0.007192776627316736
Line.ln5531333-1,Primary,2,1,1,400.0,True,False,0.007193177978094926
Line.ln6047581-1,Primary,1,1,2,400.0,True,True,0.0011603383871907579
Line.ln6047581-1,Primary,2,1,2,400.0,True,False,0.0011606857597432384
Line.ln6349077-1,Primary,1,1,2,400.0,True,True,1.7140603127376042e-06
Line.ln6349077-1,Primary,2,1,2,400.0,True,False,1.5541452276588698e-13
Line.ln6350574-1,Primary,1,1,1,400.0,True,True,0.022602992175969294
Line.ln6350574-1,Primary,1,2,2,400.0,True,True,0.022764246604809375
Line.ln6350574-1,Primary,1,3,3,400.0,True,True,0.02157439227798172
Line.ln6350574-1,Primary,2,1,1,400.0,True,False,0.022604535723584767
Line.ln6350574-1,Primary,2,2,2,400.0,True,False,0.02276604023042491
Line.ln6350574-1,Primary,2,3,3,400.0,True,False,0.021575549919114024
Line.ln6320343-1,Primary,1,1,1,400.0,True,True,0.023716207024910462
Line.ln6320343-1,Primary,2,1,1,400.0,True,False,0.023717070590678863
Line.ln81048100-5,Primary,1,1,2,220.0,True,True,0.06566586626647716
Line.ln81048100-5,Primary,2,1,2,220.0,True,False,0.06567061158449664
Line.ln6348946-1,Primary,1,1,2,400.0,True,True,0.001899370279132331
Line.ln6348946-1,Primary,2,1,2,400.0,True,False,0.0018994696718607094
Line.ln5744351-1,Primary,1,1,3,400.0,True,True,0.001980204540521682
Line.ln5744351-1,Primary,2,1,3,400.0,True,False,0.0019810606707982518
Line.ln5472342-1,Primary,1,1,1,400.0,True,True,0.0010562175126629409
Line.ln5472342-1,Primary,2,1,1,400.0,True,False,0.001056892408416951
Line.ln5621849-1,Primary,1,1,3,400.0,True,True,0.005137123781397583
Line.ln5621849-1,Primary,2,1,3,400.0,True,False,0.005137182561715211
Line.ln6379375-1,Primary,1,1,1,400.0,True,True,0.0010672408103036596
Line.ln6379375-1,Primary,2,1,1,400.0,True,False,0.0010678852999297225
Line.ln6028890-1,Primary,1,1,1,400.0,True,True,0.002656606809826772
Line.ln6028890-1,Primary,1,2,2,400.0,True,True,0.003919561638961405
Line.ln6028890-1,Primary,1,3,3,400.0,True,True,0.003011196634520337
Line.ln6028890-1,Primary,2,1,1,400.0,True,False,0.0026573265520589535
Line.ln6028890-1,Primary,2,2,2,400.0,True,False,0.003920341242760705
Line.ln6028890-1,Primary,2,3,3,400.0,True,False,0.0030117228376573264
Line.ln6380822-1,Primary,1,1,1,400.0,True,True,0.1229415936340479
Line.ln6380822-1,Primary,1,2,2,400.0,True,True,0.11738207609320891
Line.ln6380822-1,Primary,1,3,3,400.0,True,True,0.07805871788756939
Line.ln6380822-1,Primary,2,1,1,400.0,True,False,0.12294450505722745
Line.ln6380822-1,Primary,2,2,2,400.0,True,False,0.11738525210382836
Line.ln6380822-1,Primary,2,3,3,400.0,True,False,0.07806071294942568
Line.ln5835131-1,Primary,1,1,1,400.0,True,True,0.03533191469150912
Line.ln5835131-1,Primary,1,2,2,400.0,True,True,0.07689496688473114
Line.ln5835131-1,Primary,1,3,3,400.0,True,True,0.058710998212821115
Line.ln5835131-1,Primary,2,1,1,400.0,True,False,0.03533400589102306
Line.ln5835131-1,Primary,2,2,2,400.0,True,False,0.07689723636629792
Line.ln5835131-1,Primary,2,3,3,400.0,True,False,0.05871241933790755
Line.ln5803262-7,Primary,1,1,3,400.0,True,True,0.0007925249926554387
Line.ln5803262-7,Primary,2,1,3,400.0,True,False,0.0007926873532848872
Line.ln81048089-1,Primary,1,1,1,220.0,True,True,0.03753495276349629
Line.ln81048089-1,Primary,2,1,1,220.0,True,False,0.037547234789739606
Line.ln6201699-1,Primary,1,1,1,400.0,True,True,0.002784246102859882
Line.ln6201699-1,Primary,2,1,1,400.0,True,False,0.002784332639936899
Line.ln5746548-1,Primary,1,1,1,400.0,True,True,0.07857877643998344
Line.ln5746548-1,Primary,1,2,2,400.0,True,True,0.02577003066138518
Line.ln5746548-1,Primary,1,3,3,400.0,True,True,0.04313789876052996
Line.ln5746548-1,Primary,2,1,1,400.0,True,False,0.07857895574870159
Line.ln5746548-1,Primary,2,2,2,400.0,True,False,0.025770225090632027
Line.ln5746548-1,Primary,2,3,3,400.0,True,False,0.043138023694217396
Line.ln5835174-1,Primary,1,1,3,400.0,True,True,0.04890184885023366
Line.ln5835174-1,Primary,2,1,3,400.0,True,False,0.048904103882018136
Line.ln6505947-4,Primary,1,1,1,400.0,True,True,0.023962095085015386
Line.ln6505947-4,Primary,2,1,1,400.0,True,False,0.023962124565138573
Line.ln5683833-1,Primary,1,1,2,400.0,True,True,0.03987788493904572
Line.ln5683833-1,Primary,2,1,2,400.0,True,False,0.03988039350038648
Line.ln5561439-3,Primary,1,1,1,400.0,True,True,0.009750356519610199
Line.ln5561439-3,Primary,1,2,2,400.0,True,True,0.077830723627245
Line.ln5561439-3,Primary,1,3,3,400.0,True,True,0.0070994793648724176
Line.ln5561439-3,Primary,2,1,1,400.0,True,False,0.009753999431653426
Line.ln5561439-3,Primary,2,2,2,400.0,True,False,0.07783478033126537
Line.ln5561439-3,Primary,2,3,3,400.0,True,False,0.007101799479586545
Line.ln6109190-1,Primary,1,1,1,400.0,True,True,0.0061495181179446615
Line.ln6109190-1,Primary,2,1,1,400.0,True,False,0.006149913178434123
Line.ln6258435-2,Primary,1,1,1,400.0,True,True,0.0035007045556857924
Line.ln6258435-2,Primary,2,1,1,400.0,True,False,0.003500931596399857
Line.ln5804819-1,Primary,1,1,2,400.0,True,True,0.0011401911163175238
Line.ln5804819-1,Primary,2,1,2,400.0,True,False,0.0011423356043723611
Line.ln5593215-1,Primary,1,1,2,400.0,True,True,0.04234237847061308
Line.ln5593215-1,Primary,2,1,2,400.0,True,False,0.042343014500704816
Line.ln5833717-1,Primary,1,1,1,400.0,True,True,0.04441216232111657
Line.ln5833717-1,Primary,1,2,2,400.0,True,True,0.09847973818848171
Line.ln5833717-1,Primary,1,3,3,400.0,True,True,0.07066293927594511
Line.ln5833717-1,Primary,2,1,1,400.0,True,False,0.044413411820537416
Line.ln5833717-1,Primary,2,2,2,400.0,True,False,0.09848110375315659
Line.ln5833717-1,Primary,2,3,3,400.0,True,False,0.07066379216251302
Line.ln6199557-1,Primary,1,1,1,400.0,True,True,0.044413411820493603
Line.ln6199557-1,Primary,1,2,2,400.0,True,True,0.09558949770690023
Line.ln6199557-1,Primary,1,3,3,400.0,True,True,0.07066379216250235
Line.ln6199557-1,Primary,2,1,1,400.0,True,False,0.04441585675327127
Line.ln6199557-1,Primary,2,2,2,400.0,True,False,0.09559216863837733
Line.ln6199557-1,Primary,2,3,3,400.0,True,False,0.07066546051053003
Line.ln5744332-1,Primary,1,1,3,400.0,True,True,0.0011984521788734076
Line.ln5744332-1,Primary,2,1,3,400.0,True,False,0.0011991732618586172
Line.ln5558790-1,Primary,1,1,1,400.0,True,True,0.5748808839723099
Line.ln5558790-1,Primary,1,2,2,400.0,True,True,0.5609889124406682
Line.ln5558790-1,Primary,1,3,3,400.0,True,True,0.43323015423386535
Line.ln5558790-1,Primary,2,1,1,400.0,True,False,0.5748810026872934
Line.ln5558790-1,Primary,2,2,2,400.0,True,False,0.5609890564422725
Line.ln5558790-1,Primary,2,3,3,400.0,True,False,0.43323003326616166
Line.ln6078692-1,Primary,1,1,3,400.0,True,True,0.041759423153897704
Line.ln6078692-1,Primary,2,1,3,400.0,True,False,0.04176008612575798
Line.ln5956482-1,Primary,1,1,2,400.0,True,True,0.06676590274423436
Line.ln5956482-1,Primary,2,1,2,400.0,True,False,0.06676595109429233
Line.ln5593225-1,Primary,1,1,2,400.0,True,True,0.0019461158193364375
Line.ln5593225-1,Primary,2,1,2,400.0,True,False,0.0019470129118126602
Line.ln6900591-26,Primary,1,1,1,400.0,True,True,0.014238384270283552
Line.ln6900591-26,Primary,2,1,1,400.0,True,False,0.014238430916183799
Line.ln5952393-1,Primary,1,1,2,400.0,True,True,0.007905902420133153
Line.ln5952393-1,Primary,2,1,2,400.0,True,False,0.007906366903747809
Line.ln6350531-1,Primary,1,1,2,400.0,True,True,0.007774545158839456
Line.ln6350531-1,Primary,2,1,2,400.0,True,False,0.007779176746737551
Line.ln5965099-10,Primary,1,1,1,400.0,True,True,0.006995858457143813
Line.ln5965099-10,Primary,1,2,2,400.0,True,True,1.14375009901204e-05
Line.ln5965099-10,Primary,1,3,3,400.0,True,True,0.05040062320786109
Line.ln5965099-10,Primary,2,1,1,400.0,True,False,0.00699640112808279
Line.ln5965099-10,Primary,2,2,2,400.0,True,False,9.355493342168703e-06
Line.ln5965099-10,Primary,2,3,3,400.0,True,False,0.050401006716597835
Line.ln6047568-1,Primary,1,1,2,400.0,True,True,0.04700095943145606
Line.ln6047568-1,Primary,2,1,2,400.0,True,False,0.04700359033960071
Line.ln5926292-1,Primary,1,1,2,400.0,True,True,0.0018946943616395726
Line.ln5926292-1,Primary,2,1,2,400.0,True,False,0.001895435973886374
Line.ln6380806-1,Primary,1,1,1,400.0,True,True,0.0045730288043751045
Line.ln6380806-1,Primary,2,1,1,400.0,True,False,0.004573758174933726
Line.ln6341781-3,Primary,1,1,1,400.0,True,True,0.0017649126214421779
Line.ln6341781-3,Primary,2,1,1,400.0,True,False,0.0017659745853412106
Line.ln8979367-1,Primary,1,1,1,220.0,True,True,0.004750489835341371
Line.ln8979367-1,Primary,2,1,1,220.0,True,False,0.004759955200694403
Line.ln6018340-1,Primary,1,1,2,400.0,True,True,0.003603115182155116
Line.ln6018340-1,Primary,2,1,2,400.0,True,False,0.0036043855609232604
Line.ln6380847-1,Primary,1,1,1,400.0,True,True,0.035220754798901036
Line.ln6380847-1,Primary,1,2,2,400.0,True,True,0.06075054538067927
Line.ln6380847-1,Primary,1,3,3,400.0,True,True,0.023633153134939265
Line.ln6380847-1,Primary,2,1,1,400.0,True,False,0.03522264351871346
Line.ln6380847-1,Primary,2,2,2,400.0,True,False,0.06075259033467424
Line.ln6380847-1,Primary,2,3,3,400.0,True,False,0.023634522772031274
Line.ln8961797-1,Primary,1,1,3,220.0,True,True,0.007183238661232477
Line.ln8961797-1,Primary,2,1,3,220.0,True,False,0.007198489175857647
Line.ln6077797-1,Primary,1,1,2,400.0,True,True,0.0077020206755197985
Line.ln6077797-1,Primary,2,1,2,400.0,True,False,0.007703638853434546
Line.ln6077773-1,Primary,1,1,2,400.0,True,True,0.008521651606642321
Line.ln6077773-1,Primary,2,1,2,400.0,True,False,0.00852262446747904
Line.ln5837496-4,Primary,1,1,1,400.0,True,True,0.0017872184927418084
Line.ln5837496-4,Primary,2,1,1,400.0,True,False,0.0017876519896555718
Line.ln5623392-1,Primary,1,1,3,400.0,True,True,0.005995679358931907
Line.ln5623392-1,Primary,2,1,3,400.0,True,False,0.00599719015270623
Line.ln5624380-1,Primary,1,1,2,400.0,True,True,0.00416072619338475
Line.ln5624380-1,Primary,2,1,2,400.0,True,False,0.004162146342078657
Line.ln6422809-2,Primary,1,1,1,400.0,True,True,0.20677365738070452
Line.ln6422809-2,Primary,1,2,2,400.0,True,True,0.22046336019034865
Line.ln6422809-2,Primary,1,3,3,400.0,True,True,0.14114718942851762
Line.ln6422809-2,Primary,2,1,1,400.0,True,False,0.20677376547228524
Line.ln6422809-2,Primary,2,2,2,400.0,True,False,0.22046347694696167
Line.ln6422809-2,Primary,2,3,3,400.0,True,False,0.14114726118382578
Line.ln5799561-1,Primary,1,1,1,400.0,True,True,0.18634932375313618
Line.ln5799561-1,Primary,1,2,2,400.0,True,True,0.20626036088085611
Line.ln5799561-1,Primary,1,3,3,400.0,True,True,0.25151525244946293
Line.ln5799561-1,Primary,2,1,1,400.0,True,False,0.1863468379214257
Line.ln5799561-1,Primary,2,2,2,400.0,True,False,0.20625835051678304
Line.ln5799561-1,Primary,2,3,3,400.0,True,False,0.25151322388134806
Line.ln6229818-1,Primary,1,1,2,400.0,True,True,0.0011412078301982554
Line.ln6229818-1,Primary,2,1,2,400.0,True,False,0.0011421612230591133
Line.ln5593230-1,Primary,1,1,2,400.0,True,True,0.053588597713964646
Line.ln5593230-1,Primary,2,1,2,400.0,True,False,0.0535893975060496
Line.ln5563901-3,Primary,1,1,1,400.0,True,True,0.46804321584019315
Line.ln5563901-3,Primary,1,2,2,400.0,True,True,0.4528069277617841
Line.ln5563901-3,Primary,1,3,3,400.0,True,True,0.33990103032325014
Line.ln5563901-3,Primary,2,1,1,400.0,True,False,0.4680433011750711
Line.ln5563901-3,Primary,2,2,2,400.0,True,False,0.45280707509660106
Line.ln5563901-3,Primary,2,3,3,400.0,True,False,0.33990020519251857
Line.ln6320339-1,Primary,1,1,1,400.0,True,True,0.006583430163424911
Line.ln6320339-1,Primary,2,1,1,400.0,True,False,0.006585563790041433
Line.ln5986927-1,Primary,1,1,1,400.0,True,True,0.0017565005687105928
Line.ln5986927-1,Primary,2,1,1,400.0,True,False,0.0017566822560690456
Line.ln6047567-1,Primary,1,1,2,400.0,True,True,0.00194456240207296
Line.ln6047567-1,Primary,2,1,2,400.0,True,False,0.0019451736622033726
Line.ln5714047-1,Primary,1,1,2,400.0,True,True,0.024191712175787746
Line.ln5714047-1,Primary,2,1,2,400.0,True,False,0.024192588255680797
Line.ln5563934-1,Primary,1,1,2,400.0,True,True,0.009572255676976706
Line.ln5563934-1,Primary,2,1,2,400.0,True,False,0.009573475246000399
Line.ln6169249-3,Primary,1,1,3,400.0,True,True,0.001982368571013553
Line.ln6169249-3,Primary,2,1,3,400.0,True,False,0.0019824199649013875
Line.ln6230800-1,Primary,1,1,2,400.0,True,True,0.0018910850340641213
Line.ln6230800-1,Primary,2,1,2,400.0,True,False,0.001891515923281203
Line.ln5985339-2,Primary,1,1,1,400.0,True,True,0.0027724326754316867
Line.ln5985339-2,Primary,2,1,1,400.0,True,False,0.0027733507759007893
Line.ln5898059-3,Primary,1,1,1,400.0,True,True,0.002465863319753292
Line.ln5898059-3,Primary,2,1,1,400.0,True,False,0.0024661404422248747
Line.ln5956457-2,Primary,1,1,1,400.0,True,True,0.028426847407095224
Line.ln5956457-2,Primary,1,2,2,400.0,True,True,0.06872762286447875
Line.ln5956457-2,Primary,1,3,3,400.0,True,True,0.05358843461897788
Line.ln5956457-2,Primary,2,1,1,400.0,True,False,0.028427521777030663
Line.ln5956457-2,Primary,2,2,2,400.0,True,False,0.06872836442132249
Line.ln5956457-2,Primary,2,3,3,400.0,True,False,0.05358889090671952
Line.ln5865229-1,Primary,1,1,2,400.0,True,True,0.019443742915082114
Line.ln5865229-1,Primary,2,1,2,400.0,True,False,0.019444383175347853
Line.ln6018331-1,Primary,1,1,1,400.0,True,True,0.1854692720894838
Line.ln6018331-1,Primary,1,2,2,400.0,True,True,0.20625420047625986
Line.ln6018331-1,Primary,1,3,3,400.0,True,True,0.24227568950749734
Line.ln6018331-1,Primary,2,1,1,400.0,True,False,0.18546774189144252
Line.ln6018331-1,Primary,2,2,2,400.0,True,False,0.20625297437469128
Line.ln6018331-1,Primary,2,3,3,400.0,True,False,0.2422743573108171
Line.ln6199535-1,Primary,1,1,3,400.0,True,True,0.001988876308515023
Line.ln6199535-1,Primary,2,1,3,400.0,True,False,0.001989707885358633
Line.ln5502538-1,Primary,1,1,1,400.0,True,True,0.08645793677464547
Line.ln5502538-1,Primary,1,2,2,400.0,True,True,0.025753549919580662
Line.ln5502538-1,Primary,1,3,3,400.0,True,True,0.050689441651421724
Line.ln5502538-1,Primary,2,1,1,400.0,True,False,0.08645979503373959
Line.ln5502538-1,Primary,2,2,2,400.0,True,False,0.025755546593358988
Line.ln5502538-1,Primary,2,3,3,400.0,True,False,0.05069073142784993
Line.ln5742816-2,Primary,1,1,2,400.0,True,True,0.013683554142070307
Line.ln5742816-2,Primary,2,1,2,400.0,True,False,0.013684535032978338
Line.ln6229803-3,Primary,1,1,3,400.0,True,True,0.0019885154432408595
Line.ln6229803-3,Primary,2,1,3,400.0,True,False,0.0019887891207059803
Line.ln5986930-1,Primary,1,1,1,400.0,True,True,0.017929451687502516
Line.ln5986930-1,Primary,2,1,1,400.0,True,False,0.0179316741090061
Line.ln6350532-1,Primary,1,1,1,400.0,True,True,0.0017550450738315023
Line.ln6350532-1,Primary,2,1,1,400.0,True,False,0.0017555130278187462
Line.ln5588016-3,Primary,1,1,2,400.0,True,True,0.021275344077073863
Line.ln5588016-3,Primary,2,1,2,400.0,True,False,0.021275645795551114
Line.ln5623409-1,Primary,1,1,3,400.0,True,True,0.003982435168197091
Line.ln5623409-1,Primary,2,1,3,400.0,True,False,0.003983288635827254
Line.ln6350560-1,Primary,1,1,1,400.0,True,True,0.02145436560911266
Line.ln6350560-1,Primary,2,1,1,400.0,True,False,0.021454892453681457
Line.ln5472347-1,Primary,1,1,2,400.0,True,True,0.005496060011760316
Line.ln5472347-1,Primary,2,1,2,400.0,True,False,0.005496681538772106
Line.ln6290199-1,Primary,1,1,1,400.0,True,True,0.4226755241655173
Line.ln6290199-1,Primary,1,2,2,400.0,True,True,0.43268880697506823
Line.ln6290199-1,Primary,1,3,3,400.0,True,True,0.32097721754684483
Line.ln6290199-1,Primary,2,1,1,400.0,True,False,0.42267548403717514
Line.ln6290199-1,Primary,2,2,2,400.0,True,False,0.4326889722519159
Line.ln6290199-1,Primary,2,3,3,400.0,True,False,0.32097350277724135
Line.ln6409775-3,Primary,1,1,1,400.0,True,True,0.011928307525631551
Line.ln6409775-3,Primary,2,1,1,400.0,True,False,0.01192851725358804
Line.ln5591811-1,Primary,1,1,3,400.0,True,True,0.014867149404794302
Line.ln5591811-1,Primary,2,1,3,400.0,True,False,0.014868915638860109
Line.ln6229808-1,Primary,1,1,1,400.0,True,True,0.0017524510109840534
Line.ln6229808-1,Primary,2,1,1,400.0,True,False,0.0017532887087731795
Line.ln5651985-3,Primary,1,1,3,400.0,True,True,0.003954404744949449
Line.ln5651985-3,Primary,2,1,3,400.0,True,False,0.003954889706021732
Line.ln6047577-1,Primary,1,1,1,400.0,True,True,0.17875564057345347
Line.ln6047577-1,Primary,1,2,2,400.0,True,True,0.1401671642963632
Line.ln6047577-1,Primary,1,3,3,400.0,True,True,0.15540560353714863
Line.ln6047577-1,Primary,2,1,1,400.0,True,False,0.17875700880872586
Line.ln6047577-1,Primary,2,2,2,400.0,True,False,0.14016864618573371
Line.ln6047577-1,Primary,2,3,3,400.0,True,False,0.155406567680567
Line.ln5528574-2,Primary,1,1,3,400.0,True,True,0.0023687406614262647
Line.ln5528574-2,Primary,2,1,3,400.0,True,False,0.002368794321661231
Line.ln5896827-1,Primary,1,1,2,400.0,True,True,0.0015278853388149417
Line.ln5896827-1,Primary,2,1,2,400.0,True,False,0.001528688542970323
Line.ln5774451-1,Primary,1,1,3,400.0,True,True,0.017182003189133713
Line.ln5774451-1,Primary,2,1,3,400.0,True,False,0.017182741010472024
Line.ln5504876-1,Primary,1,1,1,400.0,True,True,0.010859448947931933
Line.ln5504876-1,Primary,1,2,2,400.0,True,True,0.006876580480061872
Line.ln5504876-1,Primary,1,3,3,400.0,True,True,4.738117698310582e-05
Line.ln5504876-1,Primary,2,1,1,400.0,True,False,0.010860736222415282
Line.ln5504876-1,Primary,2,2,2,400.0,True,False,0.006877930549273401
Line.ln5504876-1,Primary,2,3,3,400.0,True,False,4.2702364298010526e-05
Line.ln5860423-4,Primary,1,1,1,400.0,True,True,0.39693293608002583
Line.ln5860423-4,Primary,1,2,2,400.0,True,True,0.360607630959891
Line.ln5860423-4,Primary,1,3,3,400.0,True,True,0.3073786705913989
Line.ln5860423-4,Primary,2,1,1,400.0,True,False,0.3969332757591985
Line.ln5860423-4,Primary,2,2,2,400.0,True,False,0.3606079982266055
Line.ln5860423-4,Primary,2,3,3,400.0,True,False,0.3073788985555286
Line.ln6138613-1,Primary,1,1,1,400.0,True,True,0.0017404897507147937
Line.ln6138613-1,Primary,2,1,1,400.0,True,False,0.0017409573693624178
Line.ln6077771-1,Primary,1,1,2,400.0,True,True,0.03616201282181913
Line.ln6077771-1,Primary,2,1,2,400.0,True,False,0.03616236418404072
Line.ln6138636-1,Primary,1,1,1,400.0,True,True,0.002130053368009545
Line.ln6138636-1,Primary,2,1,1,400.0,True,False,0.002131510709629108
Line.ln6199512-1,Primary,1,1,3,400.0,True,True,0.003214515125731325
Line.ln6199512-1,Primary,2,1,3,400.0,True,False,0.0032160986742243436
Line.ln6047564-1,Primary,1,1,2,400.0,True,True,0.003847743581371749
Line.ln6047564-1,Primary,2,1,2,400.0,True,False,0.0038485351578287945
Line.ln6258460-3,Primary,1,1,3,400.0,True,True,0.0019905714693133204
Line.ln6258460-3,Primary,2,1,3,400.0,True,False,0.001993211793434826
Line.ln5683810-1,Primary,1,1,1,400.0,True,True,0.028423956687293046
Line.ln5683810-1,Primary,1,2,2,400.0,True,True,0.07162866752011673
Line.ln5683810-1,Primary,1,3,3,400.0,True,True,0.053586477964397916
Line.ln5683810-1,Primary,2,1,1,400.0,True,False,0.028424985166645652
Line.ln5683810-1,Primary,2,2,2,400.0,True,False,0.07162979993195293
Line.ln5683810-1,Primary,2,3,3,400.0,True,False,0.05358717425566006
Line.ln5852082-1,Primary,1,1,3,400.0,True,True,0.011959050990877525
Line.ln5852082-1,Primary,2,1,3,400.0,True,False,0.011959129817312215
Line.ln6380816-1,Primary,1,1,2,400.0,True,True,0.0011665532022506803
Line.ln6380816-1,Primary,2,1,2,400.0,True,False,0.0011673682237153277
Line.ln6108138-2,Primary,1,1,3,400.0,True,True,0.006366145909755847
Line.ln6108138-2,Primary,2,1,3,400.0,True,False,0.00636627447063523
Line.ln6167732-2,Primary,1,1,1,400.0,True,True,0.0017305891650614877
Line.ln6167732-2,Primary,2,1,1,400.0,True,False,0.0017307573968748774
Line.ln6229831-1,Primary,1,1,2,400.0,True,True,0.0492930957126862
Line.ln6229831-1,Primary,2,1,2,400.0,True,False,0.049293502238706266
Line.ln6504020-2,Primary,1,1,1,400.0,True,True,0.7747552553979385
Line.ln6504020-2,Primary,1,2,2,400.0,True,True,0.762946234515994
Line.ln6504020-2,Primary,1,3,3,400.0,True,True,0.6976048305283129
Line.ln6504020-2,Primary,2,1,1,400.0,True,False,0.774756146204961
Line.ln6504020-2,Primary,2,2,2,400.0,True,False,0.7629474251015228
Line.ln6504020-2,Primary,2,3,3,400.0,True,False,0.6976021650621266
Line.ln81354561-2,Primary,1,1,3,220.0,True,True,0.0053457948307928955
Line.ln81354561-2,Primary,2,1,3,220.0,True,False,0.0053460657451580565
Line.ln5654476-1,Primary,1,1,1,400.0,True,True,0.002646484238019156
Line.ln5654476-1,Primary,2,1,1,400.0,True,False,0.0026475384145889474
Line.ln6987572-4,Primary,1,1,1,400.0,True,True,0.031065868864145404
Line.ln6987572-4,Primary,2,1,1,400.0,True,False,0.031066306201129035
Line.ln6260025-1,Primary,1,1,3,400.0,True,True,0.0020029359041969256
Line.ln6260025-1,Primary,2,1,3,400.0,True,False,0.002003722824685555
Line.ln5926291-1,Primary,1,1,1,400.0,True,True,0.02842498516669753
Line.ln5926291-1,Primary,1,2,2,400.0,True,True,0.07162979993186594
Line.ln5926291-1,Primary,1,3,3,400.0,True,True,0.05358717425572077
Line.ln5926291-1,Primary,2,1,1,400.0,True,False,0.028426847407045222
Line.ln5926291-1,Primary,2,2,2,400.0,True,False,0.07163184911057621
Line.ln5926291-1,Primary,2,3,3,400.0,True,False,0.053588434618768235
Line.ln8961800-1,Primary,1,1,3,220.0,True,True,0.019803080854744602
Line.ln8961800-1,Primary,2,1,3,220.0,True,False,0.019818201665145575
Line.ln6437757-1,Primary,1,1,1,400.0,True,True,0.002646108555721416
Line.ln6437757-1,Primary,2,1,1,400.0,True,False,0.0026463297009790853
Line.ln5594245-1,Primary,1,1,2,400.0,True,True,0.0007535623253795897
Line.ln5594245-1,Primary,2,1,2,400.0,True,False,0.0007543431337969828
Line.ln5957492-1,Primary,1,1,1,400.0,True,True,0.0026305794315600655
Line.ln5957492-1,Primary,2,1,1,400.0,True,False,0.0026306078262329498
Line.ln5956464-1,Primary,1,1,1,400.0,True,True,0.031835541325787226
Line.ln5956464-1,Primary,1,2,2,400.0,True,True,0.09721504632320906
Line.ln5956464-1,Primary,1,3,3,400.0,True,True,0.0110743665655796
Line.ln5956464-1,Primary,2,1,1,400.0,True,False,0.03183560648063067
Line.ln5956464-1,Primary,2,2,2,400.0,True,False,0.09721511726851449
Line.ln5956464-1,Primary,2,3,3,400.0,True,False,0.011074410969428801
Line.ln6171683-1,Primary,1,1,1,400.0,True,True,0.0036779586236222236
Line.ln6171683-1,Primary,2,1,1,400.0,True,False,0.0036780835048555523
Line.ln5625715-1,Primary,1,1,2,400.0,True,True,0.0026678644848483323
Line.ln5625715-1,Primary,2,1,2,400.0,True,False,0.002667892610986941
Line.ln5746706-2,Primary,1,1,2,400.0,True,True,0.008318649095335431
Line.ln5746706-2,Primary,2,1,2,400.0,True,False,0.008319034152092846
Line.ln5653491-1,Primary,1,1,3,400.0,True,True,0.0023766051717385244
Line.ln5653491-1,Primary,2,1,3,400.0,True,False,0.0023773286735525715
Line.ln5472361-1,Primary,1,1,1,400.0,True,True,0.0007048011303654844
Line.ln5472361-1,Primary,2,1,1,400.0,True,False,0.0007058988265068912
Line.ln5683856-2,Primary,1,1,1,400.0,True,True,0.0017582774008357794
Line.ln5683856-2,Primary,2,1,1,400.0,True,False,0.0017583742492158607
Line.ln5565091-1,Primary,1,1,3,400.0,True,True,0.0023872313551833667
Line.ln5565091-1,Primary,2,1,3,400.0,True,False,0.0023873475920573625
Line.ln5653466-1,Primary,1,1,1,400.0,True,True,0.0026352056229226968
Line.ln5653466-1,Primary,2,1,1,400.0,True,False,0.002636688303703182
Line.ln5534966-2,Primary,1,1,1,400.0,True,True,0.015290339522249445
Line.ln5534966-2,Primary,2,1,1,400.0,True,False,0.015290494664303857
Line.ln6409762-1,Primary,1,1,3,400.0,True,True,0.001189621385777882
Line.ln6409762-1,Primary,2,1,3,400.0,True,False,0.0011903343805733631
Line.ln6109158-1,Primary,1,1,1,400.0,True,True,0.15756381880562814
Line.ln6109158-1,Primary,1,2,2,400.0,True,True,0.1663620043865017
Line.ln6109158-1,Primary,1,3,3,400.0,True,True,0.15468665226815562
Line.ln6109158-1,Primary,2,1,1,400.0,True,False,0.15756152837575674
Line.ln6109158-1,Primary,2,2,2,400.0,True,False,0.16635988526845213
Line.ln6109158-1,Primary,2,3,3,400.0,True,False,0.15468377842175735
Line.ln5835145-1,Primary,1,1,2,400.0,True,True,0.002927154778482025
Line.ln5835145-1,Primary,2,1,2,400.0,True,False,0.002929071552840253
Line.ln5774493-1,Primary,1,1,2,400.0,True,True,0.0068867333743071624
Line.ln5774493-1,Primary,2,1,2,400.0,True,False,0.006887811460716752
Line.ln5835143-1,Primary,1,1,1,400.0,True,True,0.129914187287416
Line.ln5835143-1,Primary,1,2,2,400.0,True,True,0.1340788951792249
Line.ln5835143-1,Primary,1,3,3,400.0,True,True,0.13557308516797256
Line.ln5835143-1,Primary,2,1,1,400.0,True,False,0.12990782563887637
Line.ln5835143-1,Primary,2,2,2,400.0,True,False,0.13407270844650085
Line.ln5835143-1,Primary,2,3,3,400.0,True,False,0.13556619561877434
Line.ln5926315-1,Primary,1,1,2,400.0,True,True,0.0011491254822056974
Line.ln5926315-1,Primary,2,1,2,400.0,True,False,0.0011492540673101645
Line.ln5895786-1,Primary,1,1,1,400.0,True,True,0.0010532203353041225
Line.ln5895786-1,Primary,2,1,1,400.0,True,False,0.0010539379739208184
Line.ln81048102-5,Primary,1,1,1,220.0,True,True,0.04404994140786348
Line.ln81048102-5,Primary,2,1,1,220.0,True,False,0.04405040279257261
Line.ln5861084-1,Primary,1,1,3,400.0,True,True,0.006945623578508234
Line.ln5861084-1,Primary,2,1,3,400.0,True,False,0.00694572165389171
Line.ln5774455-2,Primary,1,1,1,400.0,True,True,0.003492266581118009
Line.ln5774455-2,Primary,2,1,1,400.0,True,False,0.0034924588912482483
Line.ln6108132-1,Primary,1,1,2,400.0,True,True,0.0007729914404075086
Line.ln6108132-1,Primary,2,1,2,400.0,True,False,0.0007739310716120605
Line.ln6077775-1,Primary,1,1,2,400.0,True,True,0.0030804301387821033
Line.ln6077775-1,Primary,2,1,2,400.0,True,False,0.003082005451147305
Line.ln5591718-1,Primary,1,1,3,400.0,True,True,0.001191694241805994
Line.ln5591718-1,Primary,2,1,3,400.0,True,False,0.001192844599256299
Line.ln5653461-1,Primary,1,1,1,400.0,True,True,0.0017625004985174178
Line.ln5653461-1,Primary,2,1,1,400.0,True,False,0.0017633071657493313
Line.ln6290229-1,Primary,1,1,1,400.0,True,True,0.0064533207958596996
Line.ln6290229-1,Primary,2,1,1,400.0,True,False,0.006453614772516261
Line.ln5774463-1,Primary,1,1,3,400.0,True,True,0.0007935829497324111
Line.ln5774463-1,Primary,2,1,3,400.0,True,False,0.0007944755128906867
Line.ln6380814-1,Primary,1,1,2,400.0,True,True,0.0011661338082210968
Line.ln6380814-1,Primary,2,1,2,400.0,True,False,0.0011668299325178135
Line.ln5895776-1,Primary,1,1,2,400.0,True,True,0.004242163741043378
Line.ln5895776-1,Primary,2,1,2,400.0,True,False,0.004242853956765777
Line.ln6200439-1,Primary,1,1,3,400.0,True,True,0.008924732233490952
Line.ln6200439-1,Primary,2,1,3,400.0,True,False,0.008925107587710564
Line.ln6138601-1,Primary,1,1,1,400.0,True,True,0.0028120474988427785
Line.ln6138601-1,Primary,2,1,1,400.0,True,False,0.002812200509596982
Line.ln5927421-1,Primary,1,1,3,400.0,True,True,0.0019732696132383574
Line.ln5927421-1,Primary,2,1,3,400.0,True,False,0.0019738388668803977
Line.ln5532748-5,Primary,1,1,1,400.0,True,True,0.1705488370760768
Line.ln5532748-5,Primary,1,2,2,400.0,True,True,0.12137310654709582
Line.ln5532748-5,Primary,1,3,3,400.0,True,True,0.10204897747541124
Line.ln5532748-5,Primary,2,1,1,400.0,True,False,0.17054973159595282
Line.ln5532748-5,Primary,2,2,2,400.0,True,False,0.12137408162002428
Line.ln5532748-5,Primary,2,3,3,400.0,True,False,0.10204957776290971
Line.ln6506318-4,Primary,1,1,3,400.0,True,True,0.0032007374418036648
Line.ln6506318-4,Primary,2,1,3,400.0,True,False,0.003200777111583076
Line.ln6288856-3,Primary,1,1,2,400.0,True,True,0.03641018080821271
Line.ln6288856-3,Primary,2,1,2,400.0,True,False,0.036411012889801156
Line.ln5653452-1,Primary,1,1,1,400.0,True,True,0.4226755378755165
Line.ln5653452-1,Primary,1,2,2,400.0,True,True,0.4326886961323823
Line.ln5653452-1,Primary,1,3,3,400.0,True,True,0.32097945239772585
Line.ln5653452-1,Primary,2,1,1,400.0,True,False,0.4226755241654767
Line.ln5653452-1,Primary,2,2,2,400.0,True,False,0.43268880697509116
Line.ln5653452-1,Primary,2,3,3,400.0,True,False,0.32097721754678615
Line.ln6290205-1,Primary,1,1,1,400.0,True,True,0.05138973729682754
Line.ln6290205-1,Primary,1,2,2,400.0,True,True,0.10563680207330226
Line.ln6290205-1,Primary,1,3,3,400.0,True,True,0.10354914913962192
Line.ln6290205-1,Primary,2,1,1,400.0,True,False,0.05139104155704135
Line.ln6290205-1,Primary,2,2,2,400.0,True,False,0.10563821750542161
Line.ln6290205-1,Primary,2,3,3,400.0,True,False,0.10355003380809265
Line.ln6350547-1,Primary,1,1,3,400.0,True,True,0.001988097101395614
Line.ln6350547-1,Primary,2,1,3,400.0,True,False,0.0019888707970159274
Line.ln6229800-1,Primary,1,1,1,400.0,True,True,0.02574124975898473
Line.ln6229800-1,Primary,2,1,1,400.0,True,False,0.025741843021704597
Line.ln6138609-1,Primary,1,1,3,400.0,True,True,0.0481739129070097
Line.ln6138609-1,Primary,2,1,3,400.0,True,False,0.048174669094216964
Line.wd701_48332_sw,Primary,1,1,2,400.0,False,False,0.0
Line.wd701_48332_sw,Primary,2,1,2,400.0,False,False,0.0
Line.ln81048090-1,Primary,1,1,2,220.0,True,True,4.3763516640976976e-05
Line.ln81048090-1,Primary,2,1,2,220.0,True,False,7.395243557600604e-14
Line.ln5683828-1,Primary,1,1,2,400.0,True,True,0.043380363287417706
Line.ln5683828-1,Primary,2,1,2,400.0,True,False,0.043381562782338984
Line.ln8979256-1,Primary,1,1,1,190.0,True,True,0.0037701523676426586
Line.ln8979256-1,Primary,1,2,2,190.0,True,True,0.0040655043461369405
Line.ln8979256-1,Primary,1,3,3,190.0,True,True,0.004176152708355275
Line.ln8979256-1,Primary,2,1,1,190.0,True,False,0.00377970810095233
Line.ln8979256-1,Primary,2,2,2,190.0,True,False,0.004075111515842868
Line.ln8979256-1,Primary,2,3,3,190.0,True,False,0.004185966003723298
Line.ln6506317-2,Primary,1,1,2,400.0,True,True,0.0011620172959018655
Line.ln6506317-2,Primary,2,1,2,400.0,True,False,0.0011646122456740078
Line.ln6078744-1,Primary,1,1,2,400.0,True,True,0.003016409136004041
Line.ln6078744-1,Primary,2,1,2,400.0,True,False,0.0030168161527987895
Line.ln81018875-1,Primary,1,1,3,220.0,True,True,0.005456220836693955
Line.ln81018875-1,Primary,2,1,3,220.0,True,False,0.005456851608098762
Line.ln6078691-1,Primary,1,1,3,400.0,True,True,0.03184334170659751
Line.ln6078691-1,Primary,2,1,3,400.0,True,False,0.03184537497700448
Line.ln6258439-1,Primary,1,1,1,400.0,True,True,0.011926045892970773
Line.ln6258439-1,Primary,1,2,2,400.0,True,True,0.09339327498089087
Line.ln6258439-1,Primary,1,3,3,400.0,True,True,8.146338784637965e-06
Line.ln6258439-1,Primary,2,1,1,400.0,True,False,0.011926988434978808
Line.ln6258439-1,Primary,2,2,2,400.0,True,False,0.09339429908577568
Line.ln6258439-1,Primary,2,3,3,400.0,True,False,4.749776340312984e-06
Line.ln6108164-1,Primary,1,1,2,400.0,True,True,0.07289112017820557
Line.ln6108164-1,Primary,2,1,2,400.0,True,False,0.07289167331290297
Line.ln5927379-2,Primary,1,1,3,400.0,True,True,0.0019792054117784446
Line.ln5927379-2,Primary,2,1,3,400.0,True,False,0.0019800432327798205
Line.ln6110365-1,Primary,1,1,1,400.0,True,True,0.0035135460608166393
Line.ln6110365-1,Primary,2,1,1,400.0,True,False,0.0035147149897477446
Line.ln5773040-1,Primary,1,1,1,400.0,True,True,0.01926547085683985
Line.ln5773040-1,Primary,1,2,2,400.0,True,True,0.093378163277076
Line.ln5773040-1,Primary,1,3,3,400.0,True,True,0.0039366700021118
Line.ln5773040-1,Primary,2,1,1,400.0,True,False,0.019266279083774877
Line.ln5773040-1,Primary,2,2,2,400.0,True,False,0.0933790460171077
Line.ln5773040-1,Primary,2,3,3,400.0,True,False,0.0039372065478053666
Line.v7173_48332_sw,Primary,1,1,1,400.0,True,True,0.4183875357488451
Line.v7173_48332_sw,Primary,1,2,2,400.0,True,True,0.43196559342401125
Line.v7173_48332_sw,Primary,1,3,3,400.0,True,True,0.31296248563299117
Line.v7173_48332_sw,Primary,2,1,1,400.0,True,False,0.4183875353632372
Line.v7173_48332_sw,Primary,2,2,2,400.0,True,False,0.4319655931058037
Line.v7173_48332_sw,Primary,2,3,3,400.0,True,False,0.31296248417353917
Line.ln5534969-2,Primary,1,1,1,400.0,True,True,0.41838756154500145
Line.ln5534969-2,Primary,1,2,2,400.0,True,True,0.4319655889720716
Line.ln5534969-2,Primary,1,3,3,400.0,True,True,0.31296299258091725
Line.ln5534969-2,Primary,2,1,1,400.0,True,False,0.41838753574700915
Line.ln5534969-2,Primary,2,2,2,400.0,True,False,0.43196559341851426
Line.ln5534969-2,Primary,2,3,3,400.0,True,False,0.31296248563020795
Line.ln6015891-1,Primary,1,1,1,400.0,True,True,4.9752880027262045e-06
Line.ln6015891-1,Primary,2,1,1,400.0,True,False,3.7499427213494166e-14
Line.ln5683816-1,Primary,1,1,1,400.0,True,True,0.02379950179534935
Line.ln5683816-1,Primary,1,2,2,400.0,True,True,0.09529709763352155
Line.ln5683816-1,Primary,1,3,3,400.0,True,True,0.007095765081041419
Line.ln5683816-1,Primary,2,1,1,400.0,True,False,0.02380103509761769
Line.ln5683816-1,Primary,2,2,2,400.0,True,False,0.09529877198118777
Line.ln5683816-1,Primary,2,3,3,400.0,True,False,0.007096798164458466
Line.ln6199561-1,Primary,1,1,3,400.0,True,True,0.0029876828758324953
Line.ln6199561-1,Primary,2,1,3,400.0,True,False,0.0029883645723750925
Line.ln6900591-12,Primary,1,1,1,400.0,True,True,0.008970796588071789
Line.ln6900591-12,Primary,2,1,1,400.0,True,False,0.008971532903649722
Line.ln6411363-1,Primary,1,1,1,400.0,True,True,0.0026211437104098085
Line.ln6411363-1,Primary,2,1,1,400.0,True,False,0.0026223908193985664
Line.ln6108130-6,Primary,1,1,2,400.0,True,True,0.0011665938139649305
Line.ln6108130-6,Primary,2,1,2,400.0,True,False,0.0011688574458898963
Line.ln5837516-1,Primary,1,1,1,400.0,True,True,0.0027951428821917325
Line.ln5837516-1,Primary,2,1,1,400.0,True,False,0.0027954001883670004
Line.ln6017301-4,Primary,1,1,1,400.0,True,True,0.0017809664775842872
Line.ln6017301-4,Primary,2,1,1,400.0,True,False,0.0017812372530425877
Line.ln5981121-1,Primary,1,1,2,400.0,True,True,0.0007764388767387584
Line.ln5981121-1,Primary,2,1,2,400.0,True,False,0.0007778612682411964
Line.ln81048107-4,Primary,1,1,2,220.0,True,True,0.010601122854869654
Line.ln81048107-4,Primary,2,1,2,220.0,True,False,0.010604984594635339
Line.ln5472374-1,Primary,1,1,1,400.0,True,True,0.030687986886603572
Line.ln5472374-1,Primary,2,1,1,400.0,True,False,0.03068865174998715
Line.ln5746550-2,Primary,1,1,2,400.0,True,True,0.0011551292989854614
Line.ln5746550-2,Primary,2,1,2,400.0,True,False,0.0011552426451158697
Line.ln5561437-1,Primary,1,1,1,400.0,True,True,0.026175526556272356
Line.ln5561437-1,Primary,1,2,2,400.0,True,True,0.02667117351494521
Line.ln5561437-1,Primary,1,3,3,400.0,True,True,0.02551907720230974
Line.ln5561437-1,Primary,2,1,1,400.0,True,False,0.026177660036984816
Line.ln5561437-1,Primary,2,2,2,400.0,True,False,0.026673527982078008
Line.ln5561437-1,Primary,2,3,3,400.0,True,False,0.02552068229151795
Line.ln6439986-3,Primary,1,1,3,400.0,True,True,0.0019734649177687307
Line.ln6439986-3,Primary,2,1,3,400.0,True,False,0.0019738051836267296
Line.ln5744324-1,Primary,1,1,3,400.0,True,True,0.009547437775796485
Line.ln5744324-1,Primary,2,1,3,400.0,True,False,0.0095493995035583
Line.ln6376708-1,Primary,1,1,2,400.0,True,True,0.00482111851791552
Line.ln6376708-1,Primary,2,1,2,400.0,True,False,0.004821232945901323
Line.ln5895816-2,Primary,1,1,1,400.0,True,True,0.003553842852384636
Line.ln5895816-2,Primary,1,2,2,400.0,True,True,0.0057660074259975646
Line.ln5895816-2,Primary,1,3,3,400.0,True,True,0.005206574187047102
Line.ln5895816-2,Primary,2,1,1,400.0,True,False,0.003554137165058805
Line.ln5895816-2,Primary,2,2,2,400.0,True,False,0.005766322046085886
Line.ln5895816-2,Primary,2,3,3,400.0,True,False,0.005206774026910163
Line.ln5593235-1,Primary,1,1,3,400.0,True,True,0.001996867279433424
Line.ln5593235-1,Primary,2,1,3,400.0,True,False,0.0019977600862312074
Line.ln81354563-2,Primary,1,1,3,220.0,True,True,0.029032044085514554
Line.ln81354563-2,Primary,2,1,3,220.0,True,False,0.029032907457149103
Line.ln5866260-1,Primary,1,1,3,400.0,True,True,0.0029862272617153245
Line.ln5866260-1,Primary,2,1,3,400.0,True,False,0.002986758895206433
Line.ln6018243-1,Primary,1,1,3,400.0,True,True,0.010902440392055403
Line.ln6018243-1,Primary,2,1,3,400.0,True,False,0.010903444074563567
Line.ln5928743-3,Primary,1,1,2,400.0,True,True,0.0026680909063290163
Line.ln5928743-3,Primary,2,1,2,400.0,True,False,0.002669494016987571
Line.ln5957501-1,Primary,1,1,3,400.0,True,True,0.0011927357723000881
Line.ln5957501-1,Primary,2,1,3,400.0,True,False,0.0011931946319904674
Line.ln6379357-1,Primary,1,1,1,400.0,True,True,0.008265955812888888
Line.ln6379357-1,Primary,2,1,1,400.0,True,False,0.008266304780883795
Line.ln6291252-2,Primary,1,1,1,400.0,True,True,0.15968386285822234
Line.ln6291252-2,Primary,1,2,2,400.0,True,True,0.17355648113990157
Line.ln6291252-2,Primary,1,3,3,400.0,True,True,0.222794761304151
Line.ln6291252-2,Primary,2,1,1,400.0,True,False,0.15968251956879945
Line.ln6291252-2,Primary,2,2,2,400.0,True,False,0.1735552953629639
Line.ln6291252-2,Primary,2,3,3,400.0,True,False,0.2227937580094646
Line.ln6440002-3,Primary,1,1,1,400.0,True,True,0.026023478560242036
Line.ln6440002-3,Primary,2,1,1,400.0,True,False,0.026023623122857407
Line.ln6076346-1,Primary,1,1,1,400.0,True,True,0.014721587942551876
Line.ln6076346-1,Primary,1,2,2,400.0,True,True,0.09338848804954974
Line.ln6076346-1,Primary,1,3,3,400.0,True,True,2.400910676469619e-05
Line.ln6076346-1,Primary,2,1,1,400.0,True,False,0.014723698498597924
Line.ln6076346-1,Primary,2,2,2,400.0,True,False,0.09339078206426535
Line.ln6076346-1,Primary,2,3,3,400.0,True,False,1.6410063039991484e-05
Line.ln8978752-1,Primary,1,1,1,190.0,True,True,0.036386767003510484
Line.ln8978752-1,Primary,1,2,2,190.0,True,True,0.03992820421190381
Line.ln8978752-1,Primary,1,3,3,190.0,True,True,0.04179062861101775
Line.ln8978752-1,Primary,2,1,1,190.0,True,False,0.03638789279285083
Line.ln8978752-1,Primary,2,2,2,190.0,True,False,0.03992932789648927
Line.ln8978752-1,Primary,2,3,3,190.0,True,False,0.04179175487581894
Line.ln5621834-1,Primary,1,1,1,400.0,True,True,0.007274924087435629
Line.ln5621834-1,Primary,2,1,1,400.0,True,False,0.0072764297445582935
Line.ln6108123-1,Primary,1,1,2,400.0,True,True,0.0011675045244303659
Line.ln6108123-1,Primary,2,1,2,400.0,True,False,0.001168272362156957
Line.ln6505952-4,Primary,1,1,2,400.0,True,True,0.0015110154436156467
Line.ln6505952-4,Primary,2,1,2,400.0,True,False,0.0015110472516700422
Line.ln5835159-1,Primary,1,1,2,400.0,True,True,0.0011457195333732307
Line.ln5835159-1,Primary,2,1,2,400.0,True,False,0.0011463251422715395
Line.ln5698090-2,Primary,1,1,1,400.0,True,True,0.005243559346962253
Line.ln5698090-2,Primary,1,2,3,400.0,True,True,0.009013000704306474
Line.ln5698090-2,Primary,2,1,1,400.0,True,False,0.005243560404619782
Line.ln5698090-2,Primary,2,2,3,400.0,True,False,0.009013050514073327
Line.ln5714050-1,Primary,1,1,1,400.0,True,True,0.0028445705039043135
Line.ln5714050-1,Primary,2,1,1,400.0,True,False,0.0028454479337451754
Line.ln5502529-1,Primary,1,1,2,400.0,True,True,0.002886257400965705
Line.ln5502529-1,Primary,2,1,2,400.0,True,False,0.0028862938623824856
Line.ln5594236-1,Primary,1,1,1,400.0,True,True,0.18547235692262157
Line.ln5594236-1,Primary,1,2,2,400.0,True,True,0.20625667109315698
Line.ln5594236-1,Primary,1,3,3,400.0,True,True,0.25151152932634324
Line.ln5594236-1,Primary,2,1,1,400.0,True,False,0.1854709357184279
Line.ln5594236-1,Primary,2,2,2,400.0,True,False,0.2062555330556981
Line.ln5594236-1,Primary,2,3,3,400.0,True,False,0.2515103801577993
Line.ln5593248-1,Primary,1,1,2,400.0,True,True,0.0011610257570292485
Line.ln5593248-1,Primary,2,1,2,400.0,True,False,0.0011625531403170665
Line.ln5865272-1,Primary,1,1,1,400.0,True,True,0.033476764056353414
Line.ln5865272-1,Primary,1,2,2,400.0,True,True,0.058821886792371034
Line.ln5865272-1,Primary,1,3,3,400.0,True,True,0.011704874026411674
Line.ln5865272-1,Primary,2,1,1,400.0,True,False,0.033478136593015594
Line.ln5865272-1,Primary,2,2,2,400.0,True,False,0.058823373148710854
Line.ln5865272-1,Primary,2,3,3,400.0,True,False,0.011705858337016454
Line.ln5924696-3,Primary,1,1,1,400.0,True,True,0.0010465710240915133
Line.ln5924696-3,Primary,2,1,1,400.0,True,False,0.0010471682003309025
Line.ln5589096-1,Primary,1,1,1,400.0,True,True,0.0017411047151531494
Line.ln5589096-1,Primary,2,1,1,400.0,True,False,0.0017412220564218634
Line.ln6017295-1,Primary,1,1,2,400.0,True,True,0.06252958790590805
Line.ln6017295-1,Primary,2,1,2,400.0,True,False,0.06253092149202048
Line.ln5970852-1,Primary,1,1,3,400.0,True,True,0.0393919570761492
Line.ln5970852-1,Primary,2,1,3,400.0,True,False,0.0393922696796926
Line.ln5683820-1,Primary,1,1,3,400.0,True,True,0.001989921600965505
Line.ln5683820-1,Primary,2,1,3,400.0,True,False,0.0019901955862876796
Line.ln6286966-3,Primary,1,1,2,400.0,True,True,0.0011464975461665306
Line.ln6286966-3,Primary,2,1,2,400.0,True,False,0.0011467545634887381
Line.ln6167715-1,Primary,1,1,2,400.0,True,True,0.0011487402869739252
Line.ln6167715-1,Primary,2,1,2,400.0,True,False,0.0011488546806398099
Line.ln6108140-2,Primary,1,1,1,400.0,True,True,0.00177926781437919
Line.ln6108140-2,Primary,2,1,1,400.0,True,False,0.0017794291501701145
Line.ln6228279-1,Primary,1,1,1,400.0,True,True,0.0038721322127867053
Line.ln6228279-1,Primary,2,1,1,400.0,True,False,0.0038723825408519567
Line.ln5803264-2,Primary,1,1,1,400.0,True,True,0.0017538699760737068
Line.ln5803264-2,Primary,2,1,1,400.0,True,False,0.0017539809020755664
Line.ln6132680-1,Primary,1,1,1,400.0,True,True,0.01926137195819413
Line.ln6132680-1,Primary,1,2,2,400.0,True,True,0.09529968781042725
Line.ln6132680-1,Primary,1,3,3,400.0,True,True,0.007097365400906866
Line.ln6132680-1,Primary,2,1,1,400.0,True,False,0.019263471720946265
Line.ln6132680-1,Primary,2,2,2,400.0,True,False,0.09530198608132155
Line.ln6132680-1,Primary,2,3,3,400.0,True,False,0.007098795697000794
Line.ln5531195-1,Primary,1,1,1,400.0,True,True,0.15756953096368675
Line.ln5531195-1,Primary,1,2,2,400.0,True,True,0.16636730799539662
Line.ln5531195-1,Primary,1,3,3,400.0,True,True,0.1552838654227501
Line.ln5531195-1,Primary,2,1,1,400.0,True,False,0.15756823606799303
Line.ln5531195-1,Primary,2,2,2,400.0,True,False,0.16636609037406333
Line.ln5531195-1,Primary,2,3,3,400.0,True,False,0.15528217428557173
Line.ln5985361-1,Primary,1,1,1,400.0,True,True,0.050390073826319534
Line.ln5985361-1,Primary,1,2,2,400.0,True,True,0.0658684174423566
Line.ln5985361-1,Primary,1,3,3,400.0,True,True,0.025511327895811647
Line.ln5985361-1,Primary,2,1,1,400.0,True,False,0.05039308534781248
Line.ln5985361-1,Primary,2,2,2,400.0,True,False,0.06587172978003858
Line.ln5985361-1,Primary,2,3,3,400.0,True,False,0.02551365252925705
Line.ln6102293-1,Primary,1,1,1,400.0,True,True,0.006409056004258353
Line.ln6102293-1,Primary,2,1,1,400.0,True,False,0.006410914720321807
Line.ln8989758-1,Primary,1,1,1,190.0,True,True,0.00752725821669254
Line.ln8989758-1,Primary,1,2,2,190.0,True,True,0.008231480311200967
Line.ln8989758-1,Primary,1,3,3,190.0,True,True,0.00835158183407862
Line.ln8989758-1,Primary,2,1,1,190.0,True,False,0.007528612195063
Line.ln8989758-1,Primary,2,2,2,190.0,True,False,0.008232858659841705
Line.ln8989758-1,Primary,2,3,3,190.0,True,False,0.008352973091221577
Line.ln6229790-1,Primary,1,1,3,400.0,True,True,0.005027047011309715
Line.ln6229790-1,Primary,2,1,3,400.0,True,False,0.005027811650739796
Line.ln5956469-1,Primary,1,1,3,400.0,True,True,0.003982438410267512
Line.ln5956469-1,Primary,2,1,3,400.0,True,False,0.00398307593733606
Line.ln5803270-3,Primary,1,1,3,400.0,True,True,0.0031893337080206204
Line.ln5803270-3,Primary,2,1,3,400.0,True,False,0.0031896427611376402
Line.ln81048102-6,Primary,1,1,1,220.0,True,True,0.04405040279406
Line.ln81048102-6,Primary,2,1,1,220.0,True,False,0.0440508734690848
Line.ln6440070-1,Primary,1,1,1,400.0,True,True,1.7147288898648358e-05
Line.ln6440070-1,Primary,2,1,1,400.0,True,False,5.9473527396074105e-06
Line.ln6048626-1,Primary,1,1,1,400.0,True,True,0.5688479427769972
Line.ln6048626-1,Primary,1,2,2,400.0,True,True,0.560992412828401
Line.ln6048626-1,Primary,1,3,3,400.0,True,True,0.4281462501854712
Line.ln6048626-1,Primary,2,1,1,400.0,True,False,0.568848377063359
Line.ln6048626-1,Primary,2,2,2,400.0,True,False,0.5609929548894428
Line.ln6048626-1,Primary,2,3,3,400.0,True,False,0.4281457495740439
Line.ln6076248-1,Primary,1,1,3,400.0,True,True,0.07060613384552906
Line.ln6076248-1,Primary,2,1,3,400.0,True,False,0.07060656834239548
Line.ln6137083-1,Primary,1,1,3,400.0,True,True,1.9618310428266785e-06
Line.ln6137083-1,Primary,2,1,3,400.0,True,False,1.0289757937229988e-13
Line.ln6286261-1,Primary,1,1,2,400.0,True,True,0.002902384135920646
Line.ln6286261-1,Primary,2,1,2,400.0,True,False,0.0029032851089695914
Line.ln5653477-1,Primary,1,1,2,400.0,True,True,0.0028613745248714365
Line.ln5653477-1,Primary,2,1,2,400.0,True,False,0.0028623750651363285
Line.ln6078810-1,Primary,1,1,1,400.0,True,True,0.002623138804884237
Line.ln6078810-1,Primary,2,1,1,400.0,True,False,0.0026237413601596514
Line.ln6199526-1,Primary,1,1,1,400.0,True,True,0.0010499607544341625
Line.ln6199526-1,Primary,2,1,1,400.0,True,False,0.0010506890835593075
Line.ln6108125-2,Primary,1,1,1,400.0,True,True,0.4183879272342726
Line.ln6108125-2,Primary,1,2,2,400.0,True,True,0.43268930545274226
Line.ln6108125-2,Primary,1,3,3,400.0,True,True,0.3129710850804893
Line.ln6108125-2,Primary,2,1,1,400.0,True,False,0.4183878758565862
Line.ln6108125-2,Primary,2,2,2,400.0,True,False,0.43268933365312373
Line.ln6108125-2,Primary,2,3,3,400.0,True,False,0.31296982062990775
Line.ln6108149-1,Primary,1,1,1,400.0,True,True,0.0024350000548991877
Line.ln6108149-1,Primary,2,1,1,400.0,True,False,0.002436205598586009
Line.ln6230759-1,Primary,1,1,2,400.0,True,True,0.0011347540352505494
Line.ln6230759-1,Primary,2,1,2,400.0,True,False,0.0011363385993324383
Line.ln8979249-1,Primary,1,1,1,190.0,True,True,0.00752309051835421
Line.ln8979249-1,Primary,1,2,2,190.0,True,True,0.008143916445237504
Line.ln8979249-1,Primary,1,3,3,190.0,True,True,0.00835673786409573
Line.ln8979249-1,Primary,2,1,1,190.0,True,False,0.007523833062018227
Line.ln8979249-1,Primary,2,2,2,190.0,True,False,0.008144665595688124
Line.ln8979249-1,Primary,2,3,3,190.0,True,False,0.00835750197797616
Line.ln5865237-1,Primary,1,1,2,400.0,True,True,0.001154408569645086
Line.ln5865237-1,Primary,2,1,2,400.0,True,False,0.0011552768911104474
Line.ln5706733-2,Primary,1,1,3,400.0,True,True,0.003982597643299926
Line.ln5706733-2,Primary,2,1,3,400.0,True,False,0.003982656983123918
Line.ln5745348-1,Primary,1,1,1,400.0,True,True,0.18400896513385187
Line.ln5745348-1,Primary,1,2,2,400.0,True,True,0.2006134947768659
Line.ln5745348-1,Primary,1,3,3,400.0,True,True,0.2393958813679851
Line.ln5745348-1,Primary,2,1,1,400.0,True,False,0.18400721546123053
Line.ln5745348-1,Primary,2,2,2,400.0,True,False,0.20061201293846653
Line.ln5745348-1,Primary,2,3,3,400.0,True,False,0.2393943467822139
Line.ln5898059-2,Primary,1,1,1,400.0,True,True,0.002466140442302786
Line.ln5898059-2,Primary,2,1,1,400.0,True,False,0.002466950094477988
Line.ln5744367-1,Primary,1,1,2,400.0,True,True,0.03314508493376015
Line.ln5744367-1,Primary,2,1,2,400.0,True,False,0.033146718319829474
Line.ln5773136-1,Primary,1,1,3,400.0,True,True,0.0007887311226953511
Line.ln5773136-1,Primary,2,1,3,400.0,True,False,0.0007900636577038567
Line.ln5472403-2,Primary,1,1,1,400.0,True,True,0.031757336784994664
Line.ln5472403-2,Primary,1,2,2,400.0,True,True,0.005201940227927771
Line.ln5472403-2,Primary,1,3,3,400.0,True,True,0.022531679802489525
Line.ln5472403-2,Primary,2,1,1,400.0,True,False,0.03175758827538269
Line.ln5472403-2,Primary,2,2,2,400.0,True,False,0.005202235019589443
Line.ln5472403-2,Primary,2,3,3,400.0,True,False,0.0225318543384933
Line.ln5712496-1,Primary,1,1,1,400.0,True,True,0.002703399709942201
Line.ln5712496-1,Primary,2,1,1,400.0,True,False,0.0027037346449268478
Line.ln5772710-1,Primary,1,1,1,400.0,True,True,0.015818419138952808
Line.ln5772710-1,Primary,2,1,1,400.0,True,False,0.015819657176393886
Line.ln6139544-1,Primary,1,1,3,400.0,True,True,0.041761187029732125
Line.ln6139544-1,Primary,2,1,3,400.0,True,False,0.04176418690870516
Line.ln6015788-2,Primary,1,1,1,400.0,True,True,0.017846258525121343
Line.ln6015788-2,Primary,2,1,1,400.0,True,False,0.017847254330012496
Line.ln5591702-1,Primary,1,1,2,400.0,True,True,0.031237371869035756
Line.ln5591702-1,Primary,2,1,2,400.0,True,False,0.031238943935823844
Line.ln5986923-1,Primary,1,1,2,400.0,True,True,0.016340074525679153
Line.ln5986923-1,Primary,2,1,2,400.0,True,False,0.016341711460748358
Line.ln6301772-2,Primary,1,1,1,400.0,True,True,0.012043256277761347
Line.ln6301772-2,Primary,2,1,1,400.0,True,False,0.012043481244685688
Line.ln6001653-2,Primary,1,1,1,400.0,True,True,0.030256198410579735
Line.ln6001653-2,Primary,1,2,2,400.0,True,True,0.06108643718609495
Line.ln6001653-2,Primary,1,3,3,400.0,True,True,0.023120845642387547
Line.ln6001653-2,Primary,2,1,1,400.0,True,False,0.030257768784412026
Line.ln6001653-2,Primary,2,2,2,400.0,True,False,0.06108811858141479
Line.ln6001653-2,Primary,2,3,3,400.0,True,False,0.02312196013148879
Line.ln6017283-1,Primary,1,1,2,400.0,True,True,0.005058183409175288
Line.ln6017283-1,Primary,2,1,2,400.0,True,False,0.005059119756548856
Line.ln5686079-1,Primary,1,1,1,400.0,True,True,0.08704466283266797
Line.ln5686079-1,Primary,1,2,2,400.0,True,True,0.1108139751728171
Line.ln5686079-1,Primary,1,3,3,400.0,True,True,0.0683427330123833
Line.ln5686079-1,Primary,2,1,1,400.0,True,False,0.08704685212368196
Line.ln5686079-1,Primary,2,2,2,400.0,True,False,0.11081635174638184
Line.ln5686079-1,Primary,2,3,3,400.0,True,False,0.06834421979969757
Line.ln5527264-7,Primary,1,1,1,400.0,True,True,0.41838798845398417
Line.ln5527264-7,Primary,1,2,2,400.0,True,True,0.43268926681001196
Line.ln5527264-7,Primary,1,3,3,400.0,True,True,0.31297266632596576
Line.ln5527264-7,Primary,2,1,1,400.0,True,False,0.41838796693469477
Line.ln5527264-7,Primary,2,2,2,400.0,True,False,0.4326892810700174
Line.ln5527264-7,Primary,2,3,3,400.0,True,False,0.3129721004967195
Line.ln5683813-1,Primary,1,1,1,400.0,True,True,0.0010507331685130745
Line.ln5683813-1,Primary,2,1,1,400.0,True,False,0.0010509838122971056
Line.ln5986935-1,Primary,1,1,1,400.0,True,True,0.0517864660829815
Line.ln5986935-1,Primary,1,2,2,400.0,True,True,0.06573697037521374
Line.ln5986935-1,Primary,1,3,3,400.0,True,True,0.026410861217024517
Line.ln5986935-1,Primary,2,1,1,400.0,True,False,0.05178823414477013
Line.ln5986935-1,Primary,2,2,2,400.0,True,False,0.0657388802795487
Line.ln5986935-1,Primary,2,3,3,400.0,True,False,0.026412134017114043
Line.ln5956457-3,Primary,1,1,1,400.0,True,True,0.02842752177687253
Line.ln5956457-3,Primary,1,2,2,400.0,True,True,0.06872836442111097
Line.ln5956457-3,Primary,1,3,3,400.0,True,True,0.0535888909066588
Line.ln5956457-3,Primary,2,1,1,400.0,True,False,0.028428538215876632
Line.ln5956457-3,Primary,2,2,2,400.0,True,False,0.06872948174622766
Line.ln5956457-3,Primary,2,3,3,400.0,True,False,0.05358957851527856
Line.ln5654471-1,Primary,1,1,1,400.0,True,True,0.18401078740876142
Line.ln5654471-1,Primary,1,2,2,400.0,True,True,0.2045909113153035
Line.ln5654471-1,Primary,1,3,3,400.0,True,True,0.23939747890918117
Line.ln5654471-1,Primary,2,1,1,400.0,True,False,0.18400896513380363
Line.ln5654471-1,Primary,2,2,2,400.0,True,False,0.2045894437755673
Line.ln5654471-1,Primary,2,3,3,400.0,True,False,0.2393958813681002
Line.ln6409800-1,Primary,1,1,1,400.0,True,True,0.0017696419308799083
Line.ln6409800-1,Primary,2,1,1,400.0,True,False,0.0017701058250611144
Line.ln6411365-1,Primary,1,1,1,400.0,True,True,0.001754904059884689
Line.ln6411365-1,Primary,2,1,1,400.0,True,False,0.001757362706823311
Line.ln6320328-1,Primary,1,1,3,400.0,True,True,0.022083704489126426
Line.ln6320328-1,Primary,2,1,3,400.0,True,False,0.022085648172829434
Line.ln5712477-3,Primary,1,1,3,400.0,True,True,0.020876499392585842
Line.ln5712477-3,Primary,2,1,3,400.0,True,False,0.02087769680789434
Line.ln5621857-3,Primary,1,1,1,400.0,True,True,0.0010347193098958478
Line.ln5621857-3,Primary,2,1,1,400.0,True,False,0.0010359517158454374
Line.ln6440071-1,Primary,1,1,2,400.0,True,True,0.023584203468101955
Line.ln6440071-1,Primary,2,1,2,400.0,True,False,0.02358637772857646
Line.ln5472355-1,Primary,1,1,1,400.0,True,True,0.00283621906997122
Line.ln5472355-1,Primary,2,1,1,400.0,True,False,0.002837257186740212
Line.ln6351523-3,Primary,1,1,3,400.0,True,True,0.07698130183584796
Line.ln6351523-3,Primary,2,1,3,400.0,True,False,0.07698140787117802
Line.ln6047595-2,Primary,1,1,1,400.0,True,True,0.008011270171735146
Line.ln6047595-2,Primary,1,2,2,400.0,True,True,3.6910081321279684e-05
Line.ln6047595-2,Primary,1,3,3,400.0,True,True,0.007103799698107542
Line.ln6047595-2,Primary,2,1,1,400.0,True,False,0.008014140307546583
Line.ln6047595-2,Primary,2,2,2,400.0,True,False,2.6433636527888933e-05
Line.ln6047595-2,Primary,2,3,3,400.0,True,False,0.007105651827454512
Line.ln5800724-1,Primary,1,1,1,400.0,True,True,0.0026448931656489825
Line.ln5800724-1,Primary,2,1,1,400.0,True,False,0.002644998150553694
Line.ln6422809-3,Primary,1,1,1,400.0,True,True,0.2067727411904239
Line.ln6422809-3,Primary,1,2,2,400.0,True,True,0.22046237058339888
Line.ln6422809-3,Primary,1,3,3,400.0,True,True,0.14114658130343885
Line.ln6422809-3,Primary,2,1,1,400.0,True,False,0.2067729913133505
Line.ln6422809-3,Primary,2,2,2,400.0,True,False,0.22046264074490884
Line.ln6422809-3,Primary,2,3,3,400.0,True,False,0.14114674731028468
Line.ln5532744-1,Primary,1,1,1,400.0,True,True,0.0010355982797465404
Line.ln5532744-1,Primary,2,1,1,400.0,True,False,0.0010358226377387377
Line.ln5594242-1,Primary,1,1,1,400.0,True,True,0.7991562720040473
Line.ln5594242-1,Primary,1,2,2,400.0,True,True,0.7949621833618427
Line.ln5594242-1,Primary,1,3,3,400.0,True,True,0.7224072007510091
Line.ln5594242-1,Primary,2,1,1,400.0,True,False,0.7991565649562902
Line.ln5594242-1,Primary,2,2,2,400.0,True,False,0.7949625596569209
Line.ln5594242-1,Primary,2,3,3,400.0,True,False,0.7224066869665493
Line.ln8979343-3,Primary,1,1,3,220.0,True,True,0.016387441195296913
Line.ln8979343-3,Primary,2,1,3,220.0,True,False,0.016388133797774932
Line.ln5835137-1,Primary,1,1,1,400.0,True,True,0.002119141238005885
Line.ln5835137-1,Primary,2,1,1,400.0,True,False,0.0021201999580958445
Line.ln6170199-2,Primary,1,1,3,400.0,True,True,0.0011872382136687827
Line.ln6170199-2,Primary,2,1,3,400.0,True,False,0.0011874592649939693
Line.ln5683821-1,Primary,1,1,3,400.0,True,True,0.003179254973413368
Line.ln5683821-1,Primary,2,1,3,400.0,True,False,0.0031802697380059752
Line.ln81048110-2,Primary,1,1,1,220.0,True,True,0.006547525280594297
Line.ln81048110-2,Primary,2,1,1,220.0,True,False,0.006555109690164066
Line.ln6506306-2,Primary,1,1,1,400.0,True,True,0.006374104811326847
Line.ln6506306-2,Primary,1,2,2,400.0,True,True,0.005811510228703282
Line.ln6506306-2,Primary,1,3,3,400.0,True,True,0.004032207432814831
Line.ln6506306-2,Primary,2,1,1,400.0,True,False,0.0063745837110697505
Line.ln6506306-2,Primary,2,2,2,400.0,True,False,0.005812029689738013
Line.ln6506306-2,Primary,2,3,3,400.0,True,False,0.004032533398662263
Line.ln5593219-1,Primary,1,1,3,400.0,True,True,0.0050278116507025405
Line.ln5593219-1,Primary,2,1,3,400.0,True,False,0.00502872859057247
Line.ln81048087-1,Primary,1,1,2,220.0,True,True,0.06566421930818073
Line.ln81048087-1,Primary,2,1,2,220.0,True,False,0.06566477524805014
Line.ln6268990-4,Primary,1,1,3,400.0,True,True,0.01781880555691902
Line.ln6268990-4,Primary,2,1,3,400.0,True,False,0.017818953406266963
Line.ln8968082-2,Primary,1,1,2,220.0,True,True,0.010438864054665199
Line.ln8968082-2,Primary,2,1,2,220.0,True,False,0.01045017133507627
Line.ln5744344-1,Primary,1,1,1,400.0,True,True,0.021443452068550778
Line.ln5744344-1,Primary,2,1,1,400.0,True,False,0.021443972704938048
Line.ln5593220-2,Primary,1,1,3,400.0,True,True,0.0023948697787598517
Line.ln5593220-2,Primary,2,1,3,400.0,True,False,0.002395545788192031
Line.v9287_48332_sw,Primary,1,1,3,400.0,True,True,0.029458817013603363
Line.v9287_48332_sw,Primary,2,1,3,400.0,True,False,0.029458819029623842
Line.ln6019477-1,Primary,1,1,3,400.0,True,True,0.029458710999314672
Line.ln6019477-1,Primary,2,1,3,400.0,True,False,0.02945881701516904
Line.ln5593227-1,Primary,1,1,2,400.0,True,True,0.003846603636835571
Line.ln5593227-1,Primary,2,1,2,400.0,True,False,0.0038467104153882886
Line.ln6409869-1,Primary,1,1,1,400.0,True,True,2.211342701275541e-06
Line.ln6409869-1,Primary,2,1,1,400.0,True,False,5.456968210637569e-14
Line.ln6321419-2,Primary,1,1,2,400.0,True,True,0.0068080506465786035
Line.ln6321419-2,Primary,2,1,2,400.0,True,False,0.00680945628040071
Line.ln6348954-1,Primary,1,1,3,400.0,True,True,0.0019963719945669716
Line.ln6348954-1,Primary,2,1,3,400.0,True,False,0.001997297219427335
Line.ln6201695-2,Primary,1,1,1,400.0,True,True,0.0017610636003558503
Line.ln6201695-2,Primary,2,1,1,400.0,True,False,0.0017611716494200106
Line.ln6048635-1,Primary,1,1,2,400.0,True,True,0.006809456280434624
Line.ln6048635-1,Primary,2,1,2,400.0,True,False,0.006810665243082306
Line.ln6199519-1,Primary,1,1,2,400.0,True,True,0.04116346714954318
Line.ln6199519-1,Primary,2,1,2,400.0,True,False,0.041164589391844884
Line.ln6505938-4,Primary,1,1,2,400.0,True,True,0.0038294173912798474
Line.ln6505938-4,Primary,2,1,2,400.0,True,False,0.0038294474006971713
Line.ln5472375-1,Primary,1,1,1,400.0,True,True,0.07753093440115412
Line.ln5472375-1,Primary,1,2,2,400.0,True,True,0.022885832940012233
Line.ln5472375-1,Primary,1,3,3,400.0,True,True,0.041948286723273755
Line.ln5472375-1,Primary,2,1,1,400.0,True,False,0.07753106284794951
Line.ln5472375-1,Primary,2,2,2,400.0,True,False,0.022885972913685885
Line.ln5472375-1,Primary,2,3,3,400.0,True,False,0.0419483764013897
Line.ln5835124-1,Primary,1,1,2,400.0,True,True,0.002947231342282472
Line.ln5835124-1,Primary,2,1,2,400.0,True,False,0.0029478717826942197
Line.ln6103927-1,Primary,1,1,1,400.0,True,True,0.003514726924672122
Line.ln6103927-1,Primary,2,1,1,400.0,True,False,0.0035148059295367056
Line.ln6138622-1,Primary,1,1,1,400.0,True,True,0.0034922419775981163
Line.ln6138622-1,Primary,2,1,1,400.0,True,False,0.003492611209491554
Line.ln5776673-1,Primary,1,1,3,400.0,True,True,0.009989041493042632
Line.ln5776673-1,Primary,2,1,3,400.0,True,False,0.009989102280578328
Line.ln6074369-1,Primary,1,1,2,400.0,True,True,0.0038249775262980735
Line.ln6074369-1,Primary,2,1,2,400.0,True,False,0.003825215504518475
Line.ln5621826-1,Primary,1,1,1,400.0,True,True,0.0017647231455390191
Line.ln5621826-1,Primary,2,1,1,400.0,True,False,0.0017650795680611115
Line.ln6506312-2,Primary,1,1,1,400.0,True,True,0.012121959087788523
Line.ln6506312-2,Primary,2,1,1,400.0,True,False,0.01212300099062803
Line.ln6046046-1,Primary,1,1,2,400.0,True,True,0.0019065271366606607
Line.ln6046046-1,Primary,2,1,2,400.0,True,False,0.0019072356427619539
Line.ln6138589-1,Primary,1,1,3,400.0,True,True,0.000794249886276107
Line.ln6138589-1,Primary,2,1,3,400.0,True,False,0.0007946753130109502
Line.ln6258445-1,Primary,1,1,3,400.0,True,True,0.001973330047664901
Line.ln6258445-1,Primary,2,1,3,400.0,True,False,0.0019734061865937067
Line.ln5653480-1,Primary,1,1,1,400.0,True,True,0.4140382789673285
Line.ln5653480-1,Primary,1,2,2,400.0,True,True,0.3670254350326785
Line.ln5653480-1,Primary,1,3,3,400.0,True,True,0.30929362348399586
Line.ln5653480-1,Primary,2,1,1,400.0,True,False,0.41403930765014607
Line.ln5653480-1,Primary,2,2,2,400.0,True,False,0.36702656821431284
Line.ln5653480-1,Primary,2,3,3,400.0,True,False,0.30929431885676456
Line.ln5717630-1,Primary,1,1,3,400.0,True,True,0.023498376181303647
Line.ln5717630-1,Primary,2,1,3,400.0,True,False,0.023499156898990504
Line.ln5956463-1,Primary,1,1,1,400.0,True,True,0.1159227488990712
Line.ln5956463-1,Primary,1,2,2,400.0,True,True,0.13404877464430015
Line.ln5956463-1,Primary,1,3,3,400.0,True,True,0.10590982710779434
Line.ln5956463-1,Primary,2,1,1,400.0,True,False,0.11591826866953633
Line.ln5956463-1,Primary,2,2,2,400.0,True,False,0.13404524511840674
Line.ln5956463-1,Primary,2,3,3,400.0,True,False,0.10590375038367301
Line.ln5744328-1,Primary,1,1,2,400.0,True,True,0.010896076406087923
Line.ln5744328-1,Primary,2,1,2,400.0,True,False,0.010896297531802992
Line.ln8979254-1,Primary,1,1,1,190.0,True,True,0.0075341713980819625
Line.ln8979254-1,Primary,1,2,2,190.0,True,True,0.008234885432517254
Line.ln8979254-1,Primary,1,3,3,190.0,True,True,0.008387930845150831
Line.ln8979254-1,Primary,2,1,1,190.0,True,False,0.007535110131811918
Line.ln8979254-1,Primary,2,2,2,190.0,True,False,0.00823584039375792
Line.ln8979254-1,Primary,2,3,3,190.0,True,False,0.008388898336138456
Line.ln5620694-1,Primary,1,1,1,400.0,True,True,0.0027673237256963835
Line.ln5620694-1,Primary,2,1,1,400.0,True,False,0.002767958750295352
Line.ln6048634-1,Primary,1,1,1,400.0,True,True,0.7964815549631977
Line.ln6048634-1,Primary,1,2,2,400.0,True,True,0.7949648787865478
Line.ln6048634-1,Primary,1,3,3,400.0,True,True,0.7212823003953456
Line.ln6048634-1,Primary,2,1,1,400.0,True,False,0.7964817365466977
Line.ln6048634-1,Primary,2,2,2,400.0,True,False,0.7949651225521912
Line.ln6048634-1,Primary,2,3,3,400.0,True,False,0.7212819113681858
Line.ln5895779-1,Primary,1,1,1,400.0,True,True,0.0010616169334447358
Line.ln5895779-1,Primary,2,1,1,400.0,True,False,0.0010621688798441668
Line.ln5951197-2,Primary,1,1,2,400.0,True,True,0.0011623540470938804
Line.ln5951197-2,Primary,2,1,2,400.0,True,False,0.0011643629472097609
Line.ln5563942-3,Primary,1,1,1,400.0,True,True,0.7566475344041723
Line.ln5563942-3,Primary,1,2,2,400.0,True,True,0.7618463949307704
Line.ln5563942-3,Primary,1,3,3,400.0,True,True,0.6841929274693986
Line.ln5563942-3,Primary,2,1,1,400.0,True,False,0.7566475938734879
Line.ln5563942-3,Primary,2,2,2,400.0,True,False,0.7618465202659082
Line.ln5563942-3,Primary,2,3,3,400.0,True,False,0.6841924456264918
Line.ln5835123-1,Primary,1,1,2,400.0,True,True,0.003001092278399073
Line.ln5835123-1,Primary,2,1,2,400.0,True,False,0.0030025520841086783
Line.ln5956483-1,Primary,1,1,2,400.0,True,True,0.003842279338492002
Line.ln5956483-1,Primary,2,1,2,400.0,True,False,0.0038430673418257772
Line.ln6291153-1,Primary,1,1,1,400.0,True,True,0.0027037346448989534
Line.ln6291153-1,Primary,2,1,1,400.0,True,False,0.0027046324245616643
Line.ln5683841-1,Primary,1,1,1,400.0,True,True,0.0036626149310250134
Line.ln5683841-1,Primary,2,1,1,400.0,True,False,0.0036636395247628324
Line.ln5804802-1,Primary,1,1,1,400.0,True,True,0.11332946746520972
Line.ln5804802-1,Primary,1,2,2,400.0,True,True,0.13329404257958813
Line.ln5804802-1,Primary,1,3,3,400.0,True,True,0.10545938735094638
Line.ln5804802-1,Primary,2,1,1,400.0,True,False,0.11332562318529117
Line.ln5804802-1,Primary,2,2,2,400.0,True,False,0.13329110850864917
Line.ln5804802-1,Primary,2,3,3,400.0,True,False,0.10545432295928521
Line.ln6167753-1,Primary,1,1,2,400.0,True,True,0.0007685428446233615
Line.ln6167753-1,Primary,2,1,2,400.0,True,False,0.0007694027006957017
Line.ln6047569-1,Primary,1,1,3,400.0,True,True,0.0011927757809074143
Line.ln6047569-1,Primary,2,1,3,400.0,True,False,0.0011938254705165352
Line.ln6229809-1,Primary,1,1,1,400.0,True,True,0.0785789557489633
Line.ln6229809-1,Primary,1,2,2,400.0,True,True,0.025770225090544784
Line.ln6229809-1,Primary,1,3,3,400.0,True,True,0.04313802369425112
Line.ln6229809-1,Primary,2,1,1,400.0,True,False,0.0785812038406288
Line.ln6229809-1,Primary,2,2,2,400.0,True,False,0.025772664590352084
Line.ln6229809-1,Primary,2,3,3,400.0,True,False,0.04313959055494848
Line.ln5804781-1,Primary,1,1,2,400.0,True,True,0.01538829924933443
Line.ln5804781-1,Primary,2,1,2,400.0,True,False,0.015389202768089123
Line.ln6352701-1,Primary,1,1,1,400.0,True,True,4.844529106134094e-07
Line.ln6352701-1,Primary,2,1,1,400.0,True,False,3.637978807091713e-13
Line.ln5955074-2,Primary,1,1,2,400.0,True,True,0.014519643444165252
Line.ln5955074-2,Primary,2,1,2,400.0,True,False,0.014520608952122604
Line.ln6229805-1,Primary,1,1,3,400.0,True,True,0.004367376081897484
Line.ln6229805-1,Primary,2,1,3,400.0,True,False,0.004368416536678853
Line.ln6411376-1,Primary,1,1,3,400.0,True,True,0.01874873129985889
Line.ln6411376-1,Primary,2,1,3,400.0,True,False,0.018748778479740883
Line.ln5654485-1,Primary,1,1,2,400.0,True,True,0.0007616429570616552
Line.ln5654485-1,Primary,2,1,2,400.0,True,False,0.000762983022974239
Line.ln5746550-3,Primary,1,1,2,400.0,True,True,0.0011552426447518699
Line.ln5746550-3,Primary,2,1,2,400.0,True,False,0.0011559965672485492
Line.ln6232159-1,Primary,1,1,1,400.0,True,True,0.0006965756214921547
Line.ln6232159-1,Primary,2,1,1,400.0,True,False,0.0006966252710549174
Line.ln6412346-1,Primary,1,1,3,400.0,True,True,0.0019820860411399657
Line.ln6412346-1,Primary,2,1,3,400.0,True,False,0.001983680240981951
Line.ln6350548-1,Primary,1,1,2,400.0,True,True,0.004797517148792723
Line.ln6350548-1,Primary,2,1,2,400.0,True,False,0.004798260977237968
Line.ln6106658-1,Primary,1,1,1,400.0,True,True,0.03185551256286415
Line.ln6106658-1,Primary,2,1,1,400.0,True,False,0.03185583854513856
Line.ln6047554-1,Primary,1,1,2,400.0,True,True,0.0019564638784732654
Line.ln6047554-1,Primary,2,1,2,400.0,True,False,0.0019568110258359295
Line.ln5956458-1,Primary,1,1,2,400.0,True,True,0.001895435973854231
Line.ln5956458-1,Primary,2,1,2,400.0,True,False,0.0018963185579213857
Line.ln5752776-2,Primary,1,1,1,400.0,True,True,0.0356745111648895
Line.ln5752776-2,Primary,1,2,2,400.0,True,True,0.09720665302156681
Line.ln5752776-2,Primary,1,3,3,400.0,True,True,0.03007153817215083
Line.ln5752776-2,Primary,2,1,1,400.0,True,False,0.035674631099742435
Line.ln5752776-2,Primary,2,2,2,400.0,True,False,0.09720678360590845
Line.ln5752776-2,Primary,2,3,3,400.0,True,False,0.030071619157835055
Line.ln5651988-1,Primary,1,1,1,400.0,True,True,0.002647453154053667
Line.ln5651988-1,Primary,2,1,1,400.0,True,False,0.002648037906858846
Line.ln5562935-1,Primary,1,1,2,400.0,True,True,0.0019522669013043734
Line.ln5562935-1,Primary,2,1,2,400.0,True,False,0.001953481774023438
Line.ln5502521-1,Primary,1,1,2,400.0,True,True,0.005418542332981533
Line.ln5502521-1,Primary,2,1,2,400.0,True,False,0.005419160983615623
Line.ln6409797-3,Primary,1,1,1,400.0,True,True,0.02563569046063961
Line.ln6409797-3,Primary,2,1,1,400.0,True,False,0.025636710790249272
Line.ln5926332-1,Primary,1,1,2,400.0,True,True,0.003115335919771299
Line.ln5926332-1,Primary,2,1,2,400.0,True,False,0.003116120524489608
Line.ln5742811-4,Primary,1,1,1,400.0,True,True,0.08950604592122006
Line.ln5742811-4,Primary,1,2,2,400.0,True,True,0.11250651126159
Line.ln5742811-4,Primary,1,3,3,400.0,True,True,0.10353424094883376
Line.ln5742811-4,Primary,2,1,1,400.0,True,False,0.08950614605775435
Line.ln5742811-4,Primary,2,2,2,400.0,True,False,0.11250662073474926
Line.ln5742811-4,Primary,2,3,3,400.0,True,False,0.10353430952512163
Line.ln6505943-3,Primary,1,1,2,400.0,True,True,0.007781404445500244
Line.ln6505943-3,Primary,2,1,2,400.0,True,False,0.00778142581246148
Line.ln6228278-1,Primary,1,1,1,400.0,True,True,0.024766575811471694
Line.ln6228278-1,Primary,2,1,1,400.0,True,False,0.024766674597695923
Line.ln5896844-1,Primary,1,1,3,400.0,True,True,0.0011891211669190467
Line.ln5896844-1,Primary,2,1,3,400.0,True,False,0.0011894191893579175
Line.ln5805761-1,Primary,1,1,1,400.0,True,True,0.7566477311333185
Line.ln5805761-1,Primary,1,2,2,400.0,True,True,0.7590882684787235
Line.ln5805761-1,Primary,1,3,3,400.0,True,True,0.6841912577604896
Line.ln5805761-1,Primary,2,1,1,400.0,True,False,0.7566477986552258
Line.ln5805761-1,Primary,2,2,2,400.0,True,False,0.7590884162764656
Line.ln5805761-1,Primary,2,3,3,400.0,True,False,0.6841906274849124
Line.ln5867683-2,Primary,1,1,1,400.0,True,True,0.03287964116353917
Line.ln5867683-2,Primary,1,2,2,400.0,True,True,0.09721045369676741
Line.ln5867683-2,Primary,1,3,3,400.0,True,True,0.012255251877547179
Line.ln5867683-2,Primary,2,1,1,400.0,True,False,0.03288164373675703
Line.ln5867683-2,Primary,2,2,2,400.0,True,False,0.09721263480280187
Line.ln5867683-2,Primary,2,3,3,400.0,True,False,0.012256613268399512
Line.ln5956467-1,Primary,1,1,3,400.0,True,True,0.02988140010567196
Line.ln5956467-1,Primary,2,1,3,400.0,True,False,0.0298828092430513
Line.ln5683804-1,Primary,1,1,3,400.0,True,True,0.009549399503544677
Line.ln5683804-1,Primary,2,1,3,400.0,True,False,0.009550413324996673
Line.ln6505940-2,Primary,1,1,2,400.0,True,True,0.02566333370034754
Line.ln6505940-2,Primary,2,1,2,400.0,True,False,0.025664115728077728
Line.ln6139649-1,Primary,1,1,2,400.0,True,True,0.004975107133066067
Line.ln6139649-1,Primary,2,1,2,400.0,True,False,0.004975419683291578
Line.ln5982822-1,Primary,1,1,3,400.0,True,True,0.0023706967463500584
Line.ln5982822-1,Primary,2,1,3,400.0,True,False,0.0023711401631819505
Line.ln81354564-11,Primary,1,1,3,220.0,True,True,0.029034345289473337
Line.ln81354564-11,Primary,2,1,3,220.0,True,False,0.02903989313938559
Line.ln5807087-1,Primary,1,1,3,400.0,True,True,0.0071356860381021625
Line.ln5807087-1,Primary,2,1,3,400.0,True,False,0.007135757926860076
Line.ln5517002-3,Primary,1,1,1,400.0,True,True,0.008748841971382435
Line.ln5517002-3,Primary,1,2,2,400.0,True,True,2.2442165879935465e-05
Line.ln5517002-3,Primary,1,3,3,400.0,True,True,0.050398596189324074
Line.ln5517002-3,Primary,2,1,1,400.0,True,False,0.008750078966041207
Line.ln5517002-3,Primary,2,2,2,400.0,True,False,1.7748405762422e-05
Line.ln5517002-3,Primary,2,3,3,400.0,True,False,0.050399460751110195
Line.a8735_48332_sw,Primary,1,1,1,400.0,True,True,0.806838256655243
Line.a8735_48332_sw,Primary,1,2,2,400.0,True,True,0.7949565271362169
Line.a8735_48332_sw,Primary,1,3,3,400.0,True,True,0.7699856050825329
Line.a8735_48332_sw,Primary,2,1,1,400.0,True,False,0.8068382569680195
Line.a8735_48332_sw,Primary,2,2,2,400.0,True,False,0.7949565275295547
Line.a8735_48332_sw,Primary,2,3,3,400.0,True,False,0.7699856050812356
Line.ln5710794-3,Primary,1,1,1,400.0,True,True,0.8068381339615845
Line.ln5710794-3,Primary,1,2,2,400.0,True,True,0.7949563808517023
Line.ln5710794-3,Primary,1,3,3,400.0,True,True,0.7699857228986133
Line.ln5710794-3,Primary,2,1,1,400.0,True,False,0.8068382566556241
Line.ln5710794-3,Primary,2,2,2,400.0,True,False,0.7949565271349145
Line.ln5710794-3,Primary,2,3,3,400.0,True,False,0.7699856050808611
Line.ln6388581-1,Primary,1,1,1,400.0,True,True,0.0037377769772847656
Line.ln6388581-1,Primary,2,1,1,400.0,True,False,0.0037381543706065503
Line.ln5499793-1,Primary,1,1,1,400.0,True,True,0.0017321292723543832
Line.ln5499793-1,Primary,2,1,1,400.0,True,False,0.001733615588523664
Line.ln5653472-1,Primary,1,1,2,400.0,True,True,0.007655504113842993
Line.ln5653472-1,Primary,2,1,2,400.0,True,False,0.00765605074433898
Line.ln6288693-1,Primary,1,1,1,400.0,True,True,0.004546683476768332
Line.ln6288693-1,Primary,2,1,1,400.0,True,False,0.004546764699837022
Line.ln6199518-1,Primary,1,1,1,400.0,True,True,0.031842047424376664
Line.ln6199518-1,Primary,1,2,2,400.0,True,True,0.017349572095093
Line.ln6199518-1,Primary,1,3,3,400.0,True,True,0.029451677629870283
Line.ln6199518-1,Primary,2,1,1,400.0,True,False,0.031843816795933094
Line.ln6199518-1,Primary,2,2,2,400.0,True,False,0.017351591611739978
Line.ln6199518-1,Primary,2,3,3,400.0,True,False,0.02945287790071097
Line.ln5738651-1,Primary,1,1,2,400.0,True,True,0.0019260482500965204
Line.ln5738651-1,Primary,2,1,2,400.0,True,False,0.0019270582358783966
Line.ln5804836-1,Primary,1,1,1,400.0,True,True,0.03242998170869253
Line.ln5804836-1,Primary,1,2,2,400.0,True,True,0.058824791070143115
Line.ln5804836-1,Primary,1,3,3,400.0,True,True,0.011706799388824525
Line.ln5804836-1,Primary,2,1,1,400.0,True,False,0.03243117590532651
Line.ln5804836-1,Primary,2,2,2,400.0,True,False,0.05882608467100697
Line.ln5804836-1,Primary,2,3,3,400.0,True,False,0.011707659688859375
Line.ln5926320-1,Primary,1,1,2,400.0,True,True,0.001146956081835662
Line.ln5926320-1,Primary,2,1,2,400.0,True,False,0.0011482528750485156
Line.ln6121686-1,Primary,1,1,2,400.0,True,True,0.0019482494716385596
Line.ln6121686-1,Primary,2,1,2,400.0,True,False,0.0019493835923638243
Line.ln5532790-1,Primary,1,1,3,400.0,True,True,0.0059689928846146205
Line.ln5532790-1,Primary,2,1,3,400.0,True,False,0.00596988817002579
Line.ln6258470-1,Primary,1,1,1,400.0,True,True,0.000701886309399629
Line.ln6258470-1,Primary,2,1,1,400.0,True,False,0.0007028525023852579
Line.ln6411407-1,Primary,1,1,1,400.0,True,True,0.021875916024994148
Line.ln6411407-1,Primary,1,2,2,400.0,True,True,0.005203674114253747
Line.ln6411407-1,Primary,1,3,3,400.0,True,True,0.019736591386472567
Line.ln6411407-1,Primary,2,1,1,400.0,True,False,0.021877190557752595
Line.ln6411407-1,Primary,2,2,2,400.0,True,False,0.0052051604845044655
Line.ln6411407-1,Primary,2,3,3,400.0,True,False,0.019737475199866218
Line.ln5636753-1,Primary,1,1,2,400.0,True,True,0.00879249014896051
Line.ln5636753-1,Primary,2,1,2,400.0,True,False,0.008792898849310176
Line.ln6321412-1,Primary,1,1,3,400.0,True,True,0.0051462494069375265
Line.ln6321412-1,Primary,2,1,3,400.0,True,False,0.005146376232578349
Line.ln5833652-1,Primary,1,1,1,400.0,True,True,0.021442620596463374
Line.ln5833652-1,Primary,2,1,1,400.0,True,False,0.021443452068550778
Line.ln5803262-1,Primary,1,1,3,400.0,True,True,0.0019810839658348
Line.ln5803262-1,Primary,2,1,3,400.0,True,False,0.0019813529977712914
Line.ln6438273-3,Primary,1,1,1,400.0,True,True,0.008141823988091844
Line.ln6438273-3,Primary,1,2,2,400.0,True,True,0.007728279268643137
Line.ln6438273-3,Primary,1,3,3,400.0,True,True,0.007037284234179183
Line.ln6438273-3,Primary,2,1,1,400.0,True,False,0.008142997504750225
Line.ln6438273-3,Primary,2,2,2,400.0,True,False,0.007729545798141632
Line.ln6438273-3,Primary,2,3,3,400.0,True,False,0.007038090627564296
Line.ln6229827-1,Primary,1,1,3,400.0,True,True,0.004004396461506069
Line.ln6229827-1,Primary,2,1,3,400.0,True,False,0.004004543014235747
Line.ln5651995-1,Primary,1,1,3,400.0,True,True,0.003958862664777366
Line.ln5651995-1,Primary,2,1,3,400.0,True,False,0.003959642499052205
Line.ln5804793-1,Primary,1,1,1,400.0,True,True,0.019573988756786943
Line.ln5804793-1,Primary,2,1,1,400.0,True,False,0.01957464051275712
Line.ln5894220-2,Primary,1,1,2,400.0,True,True,0.0030168161527974213
Line.ln5894220-2,Primary,2,1,2,400.0,True,False,0.003017344974893187
Line.ln6413711-1,Primary,1,1,1,400.0,True,True,0.0017512723056268425
Line.ln6413711-1,Primary,2,1,1,400.0,True,False,0.001751914434386841
Line.v7995_48332_sw,Primary,1,1,3,400.0,False,False,0.0
Line.v7995_48332_sw,Primary,2,1,3,400.0,False,False,0.0
Line.ln5837361-8,Primary,1,1,3,400.0,True,True,2.6246810830310477e-07
Line.ln5837361-8,Primary,2,1,3,400.0,True,False,5.999908354159067e-13
Line.ln6506316-3,Primary,1,1,2,400.0,True,True,0.003483263465218579
Line.ln6506316-3,Primary,2,1,2,400.0,True,False,0.003488661088229657
Line.ln5652982-1,Primary,1,1,1,400.0,True,True,0.005453027507871194
Line.ln5652982-1,Primary,2,1,1,400.0,True,False,0.005455017268160196
Line.ln5624288-1,Primary,1,1,1,400.0,True,True,0.5505288839864891
Line.ln5624288-1,Primary,1,2,2,400.0,True,True,0.5406352864655563
Line.ln5624288-1,Primary,1,3,3,400.0,True,True,0.3834859238835485
Line.ln5624288-1,Primary,2,1,1,400.0,True,False,0.5505291378945024
Line.ln5624288-1,Primary,2,2,2,400.0,True,False,0.5406356153583647
Line.ln5624288-1,Primary,2,3,3,400.0,True,False,0.3834853934269612
Line.ln6048641-1,Primary,1,1,2,400.0,True,True,0.005496681538797731
Line.ln6048641-1,Primary,2,1,2,400.0,True,False,0.005497168914996699
Line.ln5686078-3,Primary,1,1,2,400.0,True,True,0.0030156078076383724
Line.ln5686078-3,Primary,2,1,2,400.0,True,False,0.003015748817467907
Line.ln8939784-1,Primary,1,1,3,220.0,True,True,0.011115937182944064
Line.ln8939784-1,Primary,2,1,3,220.0,True,False,0.011119520899778905
Line.ln5989326-1,Primary,1,1,3,400.0,True,True,0.0007897783369236845
Line.ln5989326-1,Primary,2,1,3,400.0,True,False,0.0007898474747824541
Line.ln5898057-1,Primary,1,1,1,400.0,True,True,0.0028088141996609247
Line.ln5898057-1,Primary,2,1,1,400.0,True,False,0.0028089128551602887
Line.l5437_48332_sw,Primary,1,1,1,400.0,True,True,0.4835488569996073
Line.l5437_48332_sw,Primary,1,2,2,400.0,True,True,0.45391868937928703
Line.l5437_48332_sw,Primary,1,3,3,400.0,True,True,0.3431791171442409
Line.l5437_48332_sw,Primary,2,1,1,400.0,True,False,0.48354885704180417
Line.l5437_48332_sw,Primary,2,2,2,400.0,True,False,0.45391868938302227
Line.l5437_48332_sw,Primary,2,3,3,400.0,True,False,0.34317911612673346
Line.ln5535139-1,Primary,1,1,1,400.0,True,True,0.48354884633695616
Line.ln5535139-1,Primary,1,2,2,400.0,True,True,0.45391867640771116
Line.ln5535139-1,Primary,1,3,3,400.0,True,True,0.3431791753214151
Line.ln5535139-1,Primary,2,1,1,400.0,True,False,0.48354885700062783
Line.ln5535139-1,Primary,2,2,2,400.0,True,False,0.4539186893760784
Line.ln5535139-1,Primary,2,3,3,400.0,True,False,0.3431791171463921
Line.ln5653463-1,Primary,1,1,2,400.0,True,True,0.0011421827098517692
Line.ln5653463-1,Primary,2,1,2,400.0,True,False,0.0011432220732177766
Line.ln6137084-3,Primary,1,1,1,400.0,True,True,4.212556694419526e-06
Line.ln6137084-3,Primary,2,1,1,400.0,True,False,3.239594098992817e-06
Line.ln5472343-1,Primary,1,1,2,400.0,True,True,0.013550577370620437
Line.ln5472343-1,Primary,2,1,2,400.0,True,False,0.01355111644122607
Line.ln5712477-2,Primary,1,1,3,400.0,True,True,0.0208764250255332
Line.ln5712477-2,Primary,2,1,3,400.0,True,False,0.02087649939210157
Line.ln5501004-1,Primary,1,1,1,400.0,True,True,0.02497510210959727
Line.ln5501004-1,Primary,1,2,2,400.0,True,True,0.004613924205201965
Line.ln5501004-1,Primary,1,3,3,400.0,True,True,1.9304947065305573e-05
Line.ln5501004-1,Primary,2,1,1,400.0,True,False,0.02497626681575452
Line.ln5501004-1,Primary,2,2,2,400.0,True,False,0.004615178552709577
Line.ln5501004-1,Primary,2,3,3,400.0,True,False,1.5147574237963928e-05
Line.ln5744357-1,Primary,1,1,3,400.0,True,True,0.007382232904323902
Line.ln5744357-1,Primary,2,1,3,400.0,True,False,0.007383621729297286
Line.ln6350544-3,Primary,1,1,1,400.0,True,True,0.17054256040132265
Line.ln6350544-3,Primary,1,2,2,400.0,True,True,0.12136627219146302
Line.ln6350544-3,Primary,1,3,3,400.0,True,True,0.1079827299330905
Line.ln6350544-3,Primary,2,1,1,400.0,True,False,0.17054391721922246
Line.ln6350544-3,Primary,2,2,2,400.0,True,False,0.12136774845028504
Line.ln6350544-3,Primary,2,3,3,400.0,True,False,0.10798363841440904
Line.ln6900590-2,Primary,1,1,1,400.0,True,True,0.021261565259254205
Line.ln6900590-2,Primary,2,1,1,400.0,True,False,0.02126161902712209
Line.ln6201696-2,Primary,1,1,3,400.0,True,True,0.002978955470464664
Line.ln6201696-2,Primary,2,1,3,400.0,True,False,0.002979144766888781
Line.ln5926324-1,Primary,1,1,1,400.0,True,True,0.02680360051440591
Line.ln5926324-1,Primary,2,1,1,400.0,True,False,0.026804438142681932
Line.ln5532749-2,Primary,1,1,1,400.0,True,True,0.0017708362859644117
Line.ln5532749-2,Primary,2,1,1,400.0,True,False,0.001770903659571281
Line.ln8940663-1,Primary,1,1,1,190.0,True,True,0.007285870374291347
Line.ln8940663-1,Primary,1,2,2,190.0,True,True,0.008065998089097264
Line.ln8940663-1,Primary,1,3,3,190.0,True,True,0.008368538912248698
Line.ln8940663-1,Primary,2,1,1,190.0,True,False,0.00729668657188886
Line.ln8940663-1,Primary,2,2,2,190.0,True,False,0.00807688709223779
Line.ln8940663-1,Primary,2,3,3,190.0,True,False,0.008379372255332997
Line.ln5773980-1,Primary,1,1,1,400.0,True,True,0.0010544089108000503
Line.ln5773980-1,Primary,2,1,1,400.0,True,False,0.00105514330023083
Line.ln6350545-1,Primary,1,1,2,400.0,True,True,0.001141160932038337
Line.ln6350545-1,Primary,2,1,2,400.0,True,False,0.0011421827098505397
Line.ln5653454-1,Primary,1,1,1,400.0,True,True,0.0010546664861472137
Line.ln5653454-1,Primary,2,1,1,400.0,True,False,0.0010558705797084308
Line.ln5623401-1,Primary,1,1,3,400.0,True,True,0.003582890206623622
Line.ln5623401-1,Primary,2,1,3,400.0,True,False,0.0035833666219309184
Line.ln5863718-1,Primary,1,1,1,400.0,True,True,0.0010344700777553954
Line.ln5863718-1,Primary,2,1,1,400.0,True,False,0.0010345467254530502
Line.ln5712584-2,Primary,1,1,3,400.0,True,True,0.014865530795278723
Line.ln5712584-2,Primary,2,1,3,400.0,True,False,0.014865846176233252
Line.ln5924702-1,Primary,1,1,2,400.0,True,True,0.00037978633128527337
Line.ln5924702-1,Primary,2,1,2,400.0,True,False,0.00038058555675223136
Line.ln6047596-1,Primary,1,1,1,400.0,True,True,0.007150619915384212
Line.ln6047596-1,Primary,2,1,1,400.0,True,False,0.0071513727260212635
Line.ln5744370-3,Primary,1,1,3,400.0,True,True,0.0019965062521537995
Line.ln5744370-3,Primary,2,1,3,400.0,True,False,0.001996933780687825
Line.ln5861005-3,Primary,1,1,1,400.0,True,True,0.574881055787894
Line.ln5861005-3,Primary,1,2,2,400.0,True,True,0.5609891208164596
Line.ln5861005-3,Primary,1,3,3,400.0,True,True,0.4332299793708934
Line.ln5861005-3,Primary,2,1,1,400.0,True,False,0.5748811765195522
Line.ln5861005-3,Primary,2,2,2,400.0,True,False,0.5609892673358925
Line.ln5861005-3,Primary,2,3,3,400.0,True,False,0.4332298558180501
Line.ln5776665-1,Primary,1,1,2,400.0,True,True,0.041983453384100346
Line.ln5776665-1,Primary,2,1,2,400.0,True,False,0.04198350596030528
Line.ln5928546-1,Primary,1,1,2,400.0,True,True,0.004259194759578694
Line.ln5928546-1,Primary,2,1,2,400.0,True,False,0.004259263920610686
Line.ln6229797-1,Primary,1,1,1,400.0,True,True,0.002454471010811867
Line.ln6229797-1,Primary,2,1,1,400.0,True,False,0.0024552148787656014
Line.ln5714915-1,Primary,1,1,3,400.0,True,True,0.001980540069303785
Line.ln5714915-1,Primary,2,1,3,400.0,True,False,0.0019812644062535355
Line.ln6411385-1,Primary,1,1,3,400.0,True,True,0.0019700633825276773
Line.ln6411385-1,Primary,2,1,3,400.0,True,False,0.0019712706856234476
Line.ln5623406-1,Primary,1,1,1,400.0,True,True,0.0046040998929516306
Line.ln5623406-1,Primary,2,1,1,400.0,True,False,0.004605154122556047
Line.ln5683822-1,Primary,1,1,2,400.0,True,True,0.00194435116373449
Line.ln5683822-1,Primary,2,1,2,400.0,True,False,0.0019450987897771672
Line.ln6327237-2,Primary,1,1,2,400.0,True,True,0.008788748459951699
Line.ln6327237-2,Primary,2,1,2,400.0,True,False,0.008789362446281727
Line.ln6077785-1,Primary,1,1,1,400.0,True,True,0.0017756948587757384
Line.ln6077785-1,Primary,2,1,1,400.0,True,False,0.0017767367510862625
Line.ln5803262-8,Primary,1,1,3,400.0,True,True,0.0007926873532725076
Line.ln5803262-8,Primary,2,1,3,400.0,True,False,0.0007931888383679703
Line.ln5714080-1,Primary,1,1,1,400.0,True,True,0.05178906595830509
Line.ln5714080-1,Primary,1,2,2,400.0,True,True,0.06343552890088962
Line.ln5714080-1,Primary,1,3,3,400.0,True,True,0.026412733420524397
Line.ln5714080-1,Primary,2,1,1,400.0,True,False,0.05179004342520661
Line.ln5714080-1,Primary,2,2,2,400.0,True,False,0.06343658462261428
Line.ln5714080-1,Primary,2,3,3,400.0,True,False,0.026413438261970974
Line.ln5526906-2,Primary,1,1,1,400.0,True,True,0.09424680779817018
Line.ln5526906-2,Primary,1,2,2,400.0,True,True,0.1108111012582588
Line.ln5526906-2,Primary,1,3,3,400.0,True,True,0.06952943956163436
Line.ln5526906-2,Primary,2,1,1,400.0,True,False,0.0942468479392227
Line.ln5526906-2,Primary,2,2,2,400.0,True,False,0.11081114490426967
Line.ln5526906-2,Primary,2,3,3,400.0,True,False,0.06952946682803074
Line.ln6108145-1,Primary,1,1,1,400.0,True,True,0.013411373249904091
Line.ln6108145-1,Primary,1,2,2,400.0,True,True,0.0052090208149295995
Line.ln6108145-1,Primary,1,3,3,400.0,True,True,0.019739764948672932
Line.ln6108145-1,Primary,2,1,1,400.0,True,False,0.013412648356690694
Line.ln6108145-1,Primary,2,2,2,400.0,True,False,0.005210480658870746
Line.ln6108145-1,Primary,2,3,3,400.0,True,False,0.019740628773213358
Line.ln5591710-3,Primary,1,1,1,400.0,True,True,0.4766445510797683
Line.ln5591710-3,Primary,1,2,2,400.0,True,True,0.4528050512847198
Line.ln5591710-3,Primary,1,3,3,400.0,True,True,0.34317572142091995
Line.ln5591710-3,Primary,2,1,1,400.0,True,False,0.47664465629793396
Line.ln5591710-3,Primary,2,2,2,400.0,True,False,0.45280519348605536
Line.ln5591710-3,Primary,2,3,3,400.0,True,False,0.34317503979287445
Line.ln6078776-1,Primary,1,1,1,400.0,True,True,2.1732639390599556e-05
Line.ln6078776-1,Primary,1,2,2,400.0,True,True,2.356240023781616e-05
Line.ln6078776-1,Primary,1,3,3,400.0,True,True,2.2903592463083985e-05
Line.ln6078776-1,Primary,2,1,1,400.0,True,False,1.427054385794644e-05
Line.ln6078776-1,Primary,2,2,2,400.0,True,False,1.547203994815505e-05
Line.ln6078776-1,Primary,2,3,3,400.0,True,False,1.503943966553483e-05
Line.ln5576174-4,Primary,1,1,1,400.0,True,True,0.4835488775677402
Line.ln5576174-4,Primary,1,2,2,400.0,True,True,0.4539187143608629
Line.ln5576174-4,Primary,1,3,3,400.0,True,True,0.3431790039066987
Line.ln5576174-4,Primary,2,1,1,400.0,True,False,0.4835490129595588
Line.ln5576174-4,Primary,2,2,2,400.0,True,False,0.45391887931983776
Line.ln5576174-4,Primary,2,3,3,400.0,True,False,0.34317825853147516
Line.ln5926301-1,Primary,1,1,1,400.0,True,True,0.049160889498344976
Line.ln5926301-1,Primary,1,2,2,400.0,True,True,0.041092698142298906
Line.ln5926301-1,Primary,1,3,3,400.0,True,True,0.041264450204707016
Line.ln5926301-1,Primary,2,1,1,400.0,True,False,0.04916117069784601
Line.ln5926301-1,Primary,2,2,2,400.0,True,False,0.0410930194507084
Line.ln5926301-1,Primary,2,3,3,400.0,True,False,0.04126464584185121
Line.ln6078768-1,Primary,1,1,1,400.0,True,True,0.16182666361100584
Line.ln6078768-1,Primary,1,2,2,400.0,True,True,0.17511697427283113
Line.ln6078768-1,Primary,1,3,3,400.0,True,True,0.22457189212502887
Line.ln6078768-1,Primary,2,1,1,400.0,True,False,0.16182535790581715
Line.ln6078768-1,Primary,2,2,2,400.0,True,False,0.17511581396697276
Line.ln6078768-1,Primary,2,3,3,400.0,True,False,0.22457090767967564
Line.ln6047578-1,Primary,1,1,1,400.0,True,True,0.08821053853251563
Line.ln6047578-1,Primary,1,2,2,400.0,True,True,0.025752297913392917
Line.ln6047578-1,Primary,1,3,3,400.0,True,True,0.05068863230039071
Line.ln6047578-1,Primary,2,1,1,400.0,True,False,0.08821170507259703
Line.ln6047578-1,Primary,2,2,2,400.0,True,False,0.025753549919584517
Line.ln6047578-1,Primary,2,3,3,400.0,True,False,0.05068944165145901
Line.ln8961800-3,Primary,1,1,3,220.0,True,True,0.007182548797534174
Line.ln8961800-3,Primary,2,1,3,220.0,True,False,0.00718323866198665
Line.ln5562927-1,Primary,1,1,2,400.0,True,True,0.04310551292107308
Line.ln5562927-1,Primary,2,1,2,400.0,True,False,0.04310629810033353
Line.ln81048107-1,Primary,1,1,2,220.0,True,True,0.033626248055515194
Line.ln81048107-1,Primary,2,1,2,220.0,True,False,0.03363323834694577
Line.ln6320368-1,Primary,1,1,1,400.0,True,True,0.030686354198044566
Line.ln6320368-1,Primary,1,2,2,400.0,True,True,0.05690529346293276
Line.ln6320368-1,Primary,1,3,3,400.0,True,True,0.006736856050455701
Line.ln6320368-1,Primary,2,1,1,400.0,True,False,0.03068757366522403
Line.ln6320368-1,Primary,2,2,2,400.0,True,False,0.05690661419720582
Line.ln6320368-1,Primary,2,3,3,400.0,True,False,0.006737728333707696
Line.ln5803293-1,Primary,1,1,3,400.0,True,True,0.008972744806557688
Line.ln5803293-1,Primary,2,1,3,400.0,True,False,0.008974165670055654
Line.ln6138604-1,Primary,1,1,1,400.0,True,True,0.032716809546589655
Line.ln6138604-1,Primary,1,2,2,400.0,True,True,0.06491688575463676
Line.ln6138604-1,Primary,1,3,3,400.0,True,True,0.0270861072434654
Line.ln6138604-1,Primary,2,1,1,400.0,True,False,0.03271791003974649
Line.ln6138604-1,Primary,2,2,2,400.0,True,False,0.06491806788734338
Line.ln6138604-1,Primary,2,3,3,400.0,True,False,0.027086880240928517
Line.ln8961799-1,Primary,1,1,3,220.0,True,True,0.01259587324104149
Line.ln8961799-1,Primary,2,1,3,220.0,True,False,0.012598561263873941
Line.ln5957460-1,Primary,1,1,3,400.0,True,True,0.00398873692164296
Line.ln5957460-1,Primary,2,1,3,400.0,True,False,0.003989449469899056
Line.ln6169261-1,Primary,1,1,1,400.0,True,True,0.08951280759738445
Line.ln6169261-1,Primary,1,2,2,400.0,True,True,0.10754511284118706
Line.ln6169261-1,Primary,1,3,3,400.0,True,True,0.1035388694043415
Line.ln6169261-1,Primary,2,1,1,400.0,True,False,0.08951485107276844
Line.ln6169261-1,Primary,2,2,2,400.0,True,False,0.10754734727628941
Line.ln6169261-1,Primary,2,3,3,400.0,True,False,0.10354026732862603
Line.ln5836089-1,Primary,1,1,1,400.0,True,True,0.014717470293948588
Line.ln5836089-1,Primary,2,1,1,400.0,True,False,0.01471944597115425
Line.ln5773028-1,Primary,1,1,1,400.0,True,True,0.0053163910732890955
Line.ln5773028-1,Primary,2,1,1,400.0,True,False,0.005316987025787385
Line.ln6138612-1,Primary,1,1,3,400.0,True,True,0.0019835830301054846
Line.ln6138612-1,Primary,2,1,3,400.0,True,False,0.0019881567734749855
Line.ln6017304-1,Primary,1,1,1,400.0,True,True,7.348160715313387e-08
Line.ln6017304-1,Primary,2,1,1,400.0,True,False,3.540633787807437e-12
Line.ln6440004-2,Primary,1,1,3,400.0,True,True,0.001990570495792391
Line.ln6440004-2,Primary,2,1,3,400.0,True,False,0.00199066172328967
Line.ln5866308-1,Primary,1,1,1,400.0,True,True,0.7713983640406028
Line.ln5866308-1,Primary,1,2,2,400.0,True,True,0.761844647238749
Line.ln5866308-1,Primary,1,3,3,400.0,True,True,0.6897751869074463
Line.ln5866308-1,Primary,2,1,1,400.0,True,False,0.771398470821092
Line.ln5866308-1,Primary,2,2,2,400.0,True,False,0.7618448048950208
Line.ln5866308-1,Primary,2,3,3,400.0,True,False,0.6897747176859255
Line.ln5562919-1,Primary,1,1,2,400.0,True,True,0.02590776984422839
Line.ln5562919-1,Primary,2,1,2,400.0,True,False,0.025908793283721265
Line.ln6061814-1,Primary,1,1,1,400.0,True,True,0.001780764461275017
Line.ln6061814-1,Primary,2,1,1,400.0,True,False,0.001781562193397814
Line.ln6291152-1,Primary,1,1,1,400.0,True,True,0.01005985359252115
Line.ln6291152-1,Primary,2,1,1,400.0,True,False,0.010060635752421285
Line.ln5621864-1,Primary,1,1,1,400.0,True,True,0.006099400128472843
Line.ln5621864-1,Primary,1,2,2,400.0,True,True,0.0058298828623153075
Line.ln5621864-1,Primary,1,3,3,400.0,True,True,0.007252280247143203
Line.ln5621864-1,Primary,2,1,1,400.0,True,False,0.006099491872710404
Line.ln5621864-1,Primary,2,2,2,400.0,True,False,0.0058299835960572656
Line.ln5621864-1,Primary,2,3,3,400.0,True,False,0.00725234796772352
Line.ln5712475-1,Primary,1,1,2,400.0,True,True,0.0029042283596265005
Line.ln5712475-1,Primary,2,1,2,400.0,True,False,0.0029042795209255875
Line.ln5500984-1,Primary,1,1,1,400.0,True,True,0.01939284931451248
Line.ln5500984-1,Primary,2,1,1,400.0,True,False,0.01939293069428798
Line.ln5472367-1,Primary,1,1,3,400.0,True,True,0.001999741999754946
Line.ln5472367-1,Primary,2,1,3,400.0,True,False,0.0020006028934849876
Line.ln5926309-3,Primary,1,1,1,400.0,True,True,0.00555353912486285
Line.ln5926309-3,Primary,2,1,1,400.0,True,False,0.005554919336181823
Line.ln5625547-1,Primary,1,1,2,400.0,True,True,0.014519463525305374
Line.ln5625547-1,Primary,2,1,2,400.0,True,False,0.0145195403463737
Line.ln6407748-2,Primary,1,1,2,400.0,True,True,0.032395476570555005
Line.ln6407748-2,Primary,2,1,2,400.0,True,False,0.03239608992644736
Line.ln6199513-1,Primary,1,1,3,400.0,True,True,0.002389507348046257
Line.ln6199513-1,Primary,2,1,3,400.0,True,False,0.0023900031083662703
Line.ln6229795-3,Primary,1,1,1,400.0,True,True,0.003840784038186425
Line.ln6229795-3,Primary,2,1,1,400.0,True,False,0.003840896015418731
Line.ln5895802-1,Primary,1,1,2,400.0,True,True,0.0019074997371907353
Line.ln5895802-1,Primary,2,1,2,400.0,True,False,0.0019078150377709947
Line.ln5926293-1,Primary,1,1,3,400.0,True,True,0.001200444262419936
Line.ln5926293-1,Primary,2,1,3,400.0,True,False,0.001201349902458757
Line.ln5916435-1,Primary,1,1,2,400.0,True,True,3.7585214330819443e-06
Line.ln5916435-1,Primary,2,1,2,400.0,True,False,4.5474735088646414e-14
Line.ln6344714-1,Primary,1,1,1,400.0,True,True,0.006409029595400212
Line.ln6344714-1,Primary,2,1,1,400.0,True,False,0.006409056004515095
Line.ln6077815-4,Primary,1,1,1,400.0,True,True,0.0136744945071917
Line.ln6077815-4,Primary,1,2,2,400.0,True,True,0.0933907820643271
Line.ln6077815-4,Primary,1,3,3,400.0,True,True,1.6410063054081e-05
Line.ln6077815-4,Primary,2,1,1,400.0,True,False,0.013675717195717266
Line.ln6077815-4,Primary,2,2,2,400.0,True,False,0.09339211058926061
Line.ln6077815-4,Primary,2,3,3,400.0,True,False,1.2006919350293512e-05
Line.ln6259993-1,Primary,1,1,3,400.0,True,True,0.021926854305412236
Line.ln6259993-1,Primary,2,1,3,400.0,True,False,0.02192797197644457
Line.ln5744358-1,Primary,1,1,3,400.0,True,True,0.002001179027628613
Line.ln5744358-1,Primary,2,1,3,400.0,True,False,0.0020020279738882534
Line.ln5708136-1,Primary,1,1,2,400.0,True,True,0.00957223001573718
Line.ln5708136-1,Primary,2,1,2,400.0,True,False,0.009572255675935044
Line.ln6350542-1,Primary,1,1,1,400.0,True,True,0.3926225832150875
Line.ln6350542-1,Primary,1,2,2,400.0,True,True,0.3606129715532323
Line.ln6350542-1,Primary,1,3,3,400.0,True,True,0.30443226331822115
Line.ln6350542-1,Primary,2,1,1,400.0,True,False,0.3926248317007902
Line.ln6350542-1,Primary,2,2,2,400.0,True,False,0.3606154054358863
Line.ln6350542-1,Primary,2,3,3,400.0,True,False,0.3044337726084837
Line.ln6351517-1,Primary,1,1,1,400.0,True,True,0.005857358094182702
Line.ln6351517-1,Primary,2,1,1,400.0,True,False,0.005858078650469624
Line.ln5531255-2,Primary,1,1,1,400.0,True,True,0.02321037341019408
Line.ln5531255-2,Primary,2,1,1,400.0,True,False,0.023210465377119797
Line.ln6298585-1,Primary,1,1,1,400.0,True,True,0.033925948543524945
Line.ln6298585-1,Primary,1,2,2,400.0,True,True,0.09720767866295521
Line.ln6298585-1,Primary,1,3,3,400.0,True,True,0.030072174539131465
Line.ln6298585-1,Primary,2,1,1,400.0,True,False,0.03392845827446718
Line.ln6298585-1,Primary,2,2,2,400.0,True,False,0.09721041221864656
Line.ln6298585-1,Primary,2,3,3,400.0,True,False,0.030073873799691907
Line.ln5774474-1,Primary,1,1,2,400.0,True,True,0.001161248403502762
Line.ln5774474-1,Primary,2,1,2,400.0,True,False,0.0011620242509984412
Line.ln5683827-3,Primary,1,1,3,400.0,True,True,0.0020136006445601027
Line.ln5683827-3,Primary,2,1,3,400.0,True,False,0.0020139144666995045
Line.ln5835129-1,Primary,1,1,2,400.0,True,True,0.015172709042923288
Line.ln5835129-1,Primary,2,1,2,400.0,True,False,0.015173989175646154
Line.ln6506308-1,Primary,1,1,2,400.0,True,True,0.0019232105207889639
Line.ln6506308-1,Primary,2,1,2,400.0,True,False,0.0019239818301292168
Line.ln5532751-1,Primary,1,1,3,400.0,True,True,0.045394490498025346
Line.ln5532751-1,Primary,2,1,3,400.0,True,False,0.0453947720284689
Line.ln6350528-1,Primary,1,1,2,400.0,True,True,0.00502435970719312
Line.ln6350528-1,Primary,2,1,2,400.0,True,False,0.005025122672036175
Line.ln5865228-1,Primary,1,1,3,400.0,True,True,0.0079994859625436
Line.ln5865228-1,Primary,2,1,3,400.0,True,False,0.008000365753366542
Line.ln5803270-2,Primary,1,1,3,400.0,True,True,0.003189191882048437
Line.ln5803270-2,Primary,2,1,3,400.0,True,False,0.0031893337081632367
Line.ln5472360-1,Primary,1,1,1,400.0,True,True,0.13053898902026917
Line.ln5472360-1,Primary,1,2,2,400.0,True,True,0.1440515167954597
Line.ln5472360-1,Primary,1,3,3,400.0,True,True,0.1363462601452169
Line.ln5472360-1,Primary,2,1,1,400.0,True,False,0.13053673219536996
Line.ln5472360-1,Primary,2,2,2,400.0,True,False,0.14404957255508616
Line.ln5472360-1,Primary,2,3,3,400.0,True,False,0.1363438148782752
Line.ln81354564-9,Primary,1,1,3,220.0,True,True,0.010977163448804944
Line.ln81354564-9,Primary,2,1,3,220.0,True,False,0.010978017917788824
Line.ln6900591-20,Primary,1,1,1,400.0,True,True,0.0036859369343425004
Line.ln6900591-20,Primary,2,1,1,400.0,True,False,0.0036866910538848304
Line.ln6439975-1,Primary,1,1,3,400.0,True,True,0.029458819031489263
Line.ln6439975-1,Primary,2,1,3,400.0,True,False,0.029458889916018083
Line.ln6259981-2,Primary,1,1,2,400.0,True,True,0.0011583782637217567
Line.ln6259981-2,Primary,2,1,2,400.0,True,False,0.0011592595008134427
Line.ln6350539-1,Primary,1,1,1,400.0,True,True,0.011599142441990671
Line.ln6350539-1,Primary,2,1,1,400.0,True,False,0.011600227881171776
Line.ln5926300-1,Primary,1,1,1,400.0,True,True,0.005614604088521307
Line.ln5926300-1,Primary,2,1,1,400.0,True,False,0.005615401219515782
Line.ln6261021-1,Primary,1,1,1,400.0,True,True,0.7991570842963154
Line.ln6261021-1,Primary,1,2,2,400.0,True,True,0.794963230037333
Line.ln6261021-1,Primary,1,3,3,400.0,True,True,0.7212847878334498
Line.ln6261021-1,Primary,2,1,1,400.0,True,False,0.7991576673870349
Line.ln6261021-1,Primary,2,2,2,400.0,True,False,0.7949639881463229
Line.ln6261021-1,Primary,2,3,3,400.0,True,False,0.7212836738678838
Line.ln6141147-1,Primary,1,1,3,400.0,True,True,0.07698168081568194
Line.ln6141147-1,Primary,2,1,3,400.0,True,False,0.07698255233639258
Line.ln6411390-1,Primary,1,1,1,400.0,True,True,0.0017453115329630875
Line.ln6411390-1,Primary,2,1,1,400.0,True,False,0.001746076831358282
Line.ln6351519-1,Primary,1,1,1,400.0,True,True,0.799156564956302
Line.ln6351519-1,Primary,1,2,2,400.0,True,True,0.7949625596569757
Line.ln6351519-1,Primary,1,3,3,400.0,True,True,0.7212857340985743
Line.ln6351519-1,Primary,2,1,1,400.0,True,False,0.7991570842962163
Line.ln6351519-1,Primary,2,2,2,400.0,True,False,0.7949632300371752
Line.ln6351519-1,Primary,2,3,3,400.0,True,False,0.7212847878333944
Line.ln8945012-1,Primary,1,1,1,220.0,True,True,0.006442302941054946
Line.ln8945012-1,Primary,2,1,1,220.0,True,False,0.0064427245527937035
Line.ln5928544-2,Primary,1,1,3,400.0,True,True,0.019969478276635474
Line.ln5928544-2,Primary,2,1,3,400.0,True,False,0.01996983620814259
Line.ln6379450-3,Primary,1,1,1,400.0,True,True,5.406237082802393e-06
Line.ln6379450-3,Primary,2,1,1,400.0,True,False,4.067383956680332e-14
Line.ln5503576-1,Primary,1,1,1,400.0,True,True,0.16548623403211643
Line.ln5503576-1,Primary,1,2,2,400.0,True,True,0.1866315037499505
Line.ln5503576-1,Primary,1,3,3,400.0,True,True,0.22902002498359064
Line.ln5503576-1,Primary,2,1,1,400.0,True,False,0.16548435572500586
Line.ln5503576-1,Primary,2,2,2,400.0,True,False,0.18662999059948276
Line.ln5503576-1,Primary,2,3,3,400.0,True,False,0.22901859828096588
Line.ln6320353-1,Primary,1,1,2,400.0,True,True,0.001145245051483581
Line.ln6320353-1,Primary,2,1,2,400.0,True,False,0.0011457195334048506
Line.ln6198013-2,Primary,1,1,1,400.0,True,True,0.0010460739535198002
Line.ln6198013-2,Primary,1,2,2,400.0,True,True,0.05267290755378276
Line.ln6198013-2,Primary,1,3,3,400.0,True,True,0.0011872365886783853
Line.ln6198013-2,Primary,2,1,1,400.0,True,False,0.0010469219400946307
Line.ln6198013-2,Primary,2,2,2,400.0,True,False,0.052673855523160215
Line.ln6198013-2,Primary,2,3,3,400.0,True,False,0.0011878607308486982
Line.ln6138597-1,Primary,1,1,2,400.0,True,True,0.012641938799108843
Line.ln6138597-1,Primary,2,1,2,400.0,True,False,0.012642661715849147
Line.ln5835132-1,Primary,1,1,3,400.0,True,True,0.002013752023135899
Line.ln5835132-1,Primary,2,1,3,400.0,True,False,0.0020146549654602025
Line.ln5739188-1,Primary,1,1,1,400.0,True,True,0.056800960085749225
Line.ln5739188-1,Primary,1,2,2,400.0,True,True,0.10754909026845533
Line.ln5739188-1,Primary,1,3,3,400.0,True,True,0.1035413576772158
Line.ln5739188-1,Primary,2,1,1,400.0,True,False,0.05680282524526463
Line.ln5739188-1,Primary,2,2,2,400.0,True,False,0.10755112512145822
Line.ln5739188-1,Primary,2,3,3,400.0,True,False,0.10354263050365999
Line.ln5776667-1,Primary,1,1,3,400.0,True,True,0.02087637125258552
Line.ln5776667-1,Primary,2,1,3,400.0,True,False,0.0208764250255332
Line.ln6326286-2,Primary,1,1,3,400.0,True,True,0.0007969628562441992
Line.ln6326286-2,Primary,2,1,3,400.0,True,False,0.0007981059997029993
Line.ln6229789-1,Primary,1,1,1,400.0,True,True,0.0017572492248957145
Line.ln6229789-1,Primary,2,1,1,400.0,True,False,0.001758327289348028
Line.ln6170291-1,Primary,1,1,2,400.0,True,True,0.008809159807366448
Line.ln6170291-1,Primary,2,1,2,400.0,True,False,0.008809948506044753
Line.ln6350538-1,Primary,1,1,1,400.0,True,True,0.04917373323912278
Line.ln6350538-1,Primary,1,2,2,400.0,True,True,0.039184899468477606
Line.ln6350538-1,Primary,1,3,3,400.0,True,True,0.04007878057946027
Line.ln6350538-1,Primary,2,1,1,400.0,True,False,0.049175839289583884
Line.ln6350538-1,Primary,2,2,2,400.0,True,False,0.03918731353974847
Line.ln6350538-1,Primary,2,3,3,400.0,True,False,0.040080250561930084
Line.ln5714052-2,Primary,1,1,1,400.0,True,True,0.002606825347610552
Line.ln5714052-2,Primary,2,1,1,400.0,True,False,0.002607018731997367
Line.ln5956487-1,Primary,1,1,1,400.0,True,True,0.025794288508530622
Line.ln5956487-1,Primary,1,2,2,400.0,True,True,0.06872948174629029
Line.ln5956487-1,Primary,1,3,3,400.0,True,True,0.05358957851546761
Line.ln5956487-1,Primary,2,1,1,400.0,True,False,0.025796135543250442
Line.ln5956487-1,Primary,2,2,2,400.0,True,False,0.06873151519297879
Line.ln5956487-1,Primary,2,3,3,400.0,True,False,0.05359083024296953
Line.ln5472384-2,Primary,1,1,1,400.0,True,True,0.00104374680961214
Line.ln5472384-2,Primary,2,1,1,400.0,True,False,0.0010440046009787401
Line.ln6047575-2,Primary,1,1,1,400.0,True,True,0.001724924753655138
Line.ln6047575-2,Primary,2,1,1,400.0,True,False,0.0017249971850123158
Line.ln5744343-3,Primary,1,1,1,400.0,True,True,0.001752288198363475
Line.ln5744343-3,Primary,2,1,1,400.0,True,False,0.0017524510113843114
Line.ln6049824-1,Primary,1,1,1,400.0,True,True,0.0028065830133346924
Line.ln6049824-1,Primary,2,1,1,400.0,True,False,0.0028066867142327884
Line.ln6320329-1,Primary,1,1,1,400.0,True,True,0.115177223058364
Line.ln6320329-1,Primary,1,2,2,400.0,True,True,0.13404524511840157
Line.ln6320329-1,Primary,1,3,3,400.0,True,True,0.10590375038372221
Line.ln6320329-1,Primary,2,1,1,400.0,True,False,0.1151742623714087
Line.ln6320329-1,Primary,2,2,2,400.0,True,False,0.13404294103647
Line.ln6320329-1,Primary,2,3,3,400.0,True,False,0.10589978519005032
Line.ln5955074-3,Primary,1,1,2,400.0,True,True,0.014519540346506208
Line.ln5955074-3,Primary,2,1,2,400.0,True,False,0.014519643444200871
Line.ln5863823-1,Primary,1,1,1,400.0,True,True,0.12990422321600004
Line.ln5863823-1,Primary,1,2,2,400.0,True,True,0.13406920474000286
Line.ln5863823-1,Primary,1,3,3,400.0,True,True,0.10653550291881399
Line.ln5863823-1,Primary,2,1,1,400.0,True,False,0.12990267575707062
Line.ln5863823-1,Primary,2,2,2,400.0,True,False,0.1340676996419534
Line.ln5863823-1,Primary,2,3,3,400.0,True,False,0.10653294422548766
Line.ln5562931-3,Primary,1,1,3,400.0,True,True,0.002955716301812551
Line.ln5562931-3,Primary,2,1,3,400.0,True,False,0.002955805007627159
Line.ln6380835-1,Primary,1,1,1,400.0,True,True,0.0006994836875912221
Line.ln6380835-1,Primary,2,1,1,400.0,True,False,0.0007000685177201088
Line.ln6991380-4,Primary,1,1,1,400.0,True,True,0.002629635097791386
Line.ln6991380-4,Primary,2,1,1,400.0,True,False,0.0026304288407328143
Line.ln6320325-1,Primary,1,1,1,400.0,True,True,0.0036654128732731273
Line.ln6320325-1,Primary,2,1,1,400.0,True,False,0.003666512539691939
Line.ln5501000-1,Primary,1,1,1,400.0,True,True,0.0017600201262639153
Line.ln5501000-1,Primary,2,1,1,400.0,True,False,0.0017606736674335836
Line.ln6320364-1,Primary,1,1,2,400.0,True,True,0.0011588491527927721
Line.ln6320364-1,Primary,2,1,2,400.0,True,False,0.001159943882966986
Line.ln5865232-1,Primary,1,1,2,400.0,True,True,0.032027021940797436
Line.ln5865232-1,Primary,2,1,2,400.0,True,False,0.03202857094688474
Line.ln6292465-2,Primary,1,1,3,400.0,True,True,0.04618783830508425
Line.ln6292465-2,Primary,2,1,3,400.0,True,False,0.0461881069137388
Line.ln8979251-1,Primary,1,1,1,190.0,True,True,0.007528612199035193
Line.ln8979251-1,Primary,1,2,2,190.0,True,True,0.008232858658525055
Line.ln8979251-1,Primary,1,3,3,190.0,True,True,0.00835297308985966
Line.ln8979251-1,Primary,2,1,1,190.0,True,False,0.0075295669521751344
Line.ln8979251-1,Primary,2,2,2,190.0,True,False,0.008233830437523458
Line.ln8979251-1,Primary,2,3,3,190.0,True,False,0.008353954001591791
Line.ln6351512-1,Primary,1,1,2,400.0,True,True,0.0011331662553558453
Line.ln6351512-1,Primary,2,1,2,400.0,True,False,0.0011332670019639061
Line.ln5644788-1,Primary,1,1,2,400.0,True,True,0.0007672377063734863
Line.ln5644788-1,Primary,2,1,2,400.0,True,False,0.0007680904690739424
Line.ln6207101-1,Primary,1,1,1,400.0,True,True,0.002676431385699643
Line.ln6207101-1,Primary,2,1,1,400.0,True,False,0.002677241139703304
Line.ln5831676-1,Primary,1,1,2,400.0,True,True,0.0019155634579738655
Line.ln5831676-1,Primary,2,1,2,400.0,True,False,0.0019162599738394954
Line.ln5502533-1,Primary,1,1,1,400.0,True,True,0.13956598225439845
Line.ln5502533-1,Primary,1,2,2,400.0,True,True,0.14995324258035483
Line.ln5502533-1,Primary,1,3,3,400.0,True,True,0.13807486263726737
Line.ln5502533-1,Primary,2,1,1,400.0,True,False,0.13956117956102235
Line.ln5502533-1,Primary,2,2,2,400.0,True,False,0.1499488928947434
Line.ln5502533-1,Primary,2,3,3,400.0,True,False,0.13806917764686902
Line.ln6256144-3,Primary,1,1,1,400.0,True,True,0.15755356720382344
Line.ln6256144-3,Primary,1,2,2,400.0,True,True,0.1654519737123905
Line.ln6256144-3,Primary,1,3,3,400.0,True,True,0.15232713410042772
Line.ln6256144-3,Primary,2,1,1,400.0,True,False,0.1575512321815529
Line.ln6256144-3,Primary,2,2,2,400.0,True,False,0.1654497880463309
Line.ln6256144-3,Primary,2,3,3,400.0,True,False,0.15232413973684494
Line.ln5744359-1,Primary,1,1,3,400.0,True,True,0.002997305043362722
Line.ln5744359-1,Primary,2,1,3,400.0,True,False,0.0029990709698279453
Line.ln5804785-1,Primary,1,1,3,400.0,True,True,0.005001878107294812
Line.ln5804785-1,Primary,2,1,3,400.0,True,False,0.005004863403117673
Line.ln8979346-4,Primary,1,1,1,220.0,True,True,0.009534808720320299
Line.ln8979346-4,Primary,2,1,1,220.0,True,False,0.009535127036809376
Line.ln81048100-3,Primary,1,1,2,220.0,True,True,0.04434113694466964
Line.ln81048100-3,Primary,2,1,2,220.0,True,False,0.044348714964137
Line.ln5986938-2,Primary,1,1,1,400.0,True,True,0.007431707281285747
Line.ln5986938-2,Primary,2,1,1,400.0,True,False,0.007431840016369562
Line.ln81018876-1,Primary,1,1,3,220.0,True,True,0.06616608933370079
Line.ln81018876-1,Primary,2,1,3,220.0,True,False,0.06616669284526489
Line.ln5653459-1,Primary,1,1,1,400.0,True,True,0.001770718602223702
Line.ln5653459-1,Primary,2,1,1,400.0,True,False,0.0017718933409896099
Line.ln6290239-1,Primary,1,1,3,400.0,True,True,0.002003722824665254
Line.ln6290239-1,Primary,2,1,3,400.0,True,False,0.00200482028081446
Line.ln5593222-1,Primary,1,1,1,400.0,True,True,0.11592792946923797
Line.ln5593222-1,Primary,1,2,2,400.0,True,True,0.1340528548309181
Line.ln5593222-1,Primary,1,3,3,400.0,True,True,0.10623771330679785
Line.ln5593222-1,Primary,2,1,1,400.0,True,False,0.11592274889906556
Line.ln5593222-1,Primary,2,2,2,400.0,True,False,0.13404877464429693
Line.ln5593222-1,Primary,2,3,3,400.0,True,False,0.10623074826041273
Line.ln5561432-2,Primary,1,1,2,400.0,True,True,0.018628637133517662
Line.ln5561432-2,Primary,2,1,2,400.0,True,False,0.01863337582128395
Line.ln5896825-1,Primary,1,1,1,400.0,True,True,0.18401206586046778
Line.ln5896825-1,Primary,1,2,2,400.0,True,True,0.20624946162754568
Line.ln5896825-1,Primary,1,3,3,400.0,True,True,0.23939859709248645
Line.ln5896825-1,Primary,2,1,1,400.0,True,False,0.1840108191196438
Line.ln5896825-1,Primary,2,2,2,400.0,True,False,0.20624847909402383
Line.ln5896825-1,Primary,2,3,3,400.0,True,False,0.23939750454260658
Line.ln6413565-1,Primary,1,1,1,400.0,True,True,0.02406436886462375
Line.ln6413565-1,Primary,2,1,1,400.0,True,False,0.02406450171633618
Line.ln5712587-2,Primary,1,1,1,400.0,True,True,0.0318544451441434
Line.ln5712587-2,Primary,2,1,1,400.0,True,False,0.03185551256285339
Line.ln6326286-1,Primary,1,1,3,400.0,True,True,0.001595826166670174
Line.ln6326286-1,Primary,2,1,3,400.0,True,False,0.0015971091884553952
Line.ln5472406-1,Primary,1,1,2,400.0,True,True,0.0011675594874791886
Line.ln5472406-1,Primary,2,1,2,400.0,True,False,0.0011683473399299097
Line.ln8945010-1,Primary,1,1,3,220.0,True,True,0.011114764918947912
Line.ln8945010-1,Primary,2,1,3,220.0,True,False,0.01111538114385073
Line.ln5865245-1,Primary,1,1,1,400.0,True,True,0.0024670989736846954
Line.ln5865245-1,Primary,2,1,1,400.0,True,False,0.002468914737712075
Line.ln5501089-1,Primary,1,1,2,400.0,True,True,0.0007592076492297674
Line.ln5501089-1,Primary,2,1,2,400.0,True,False,0.000760383475117385
Line.ln5712587-3,Primary,1,1,1,400.0,True,True,0.03185408466960901
Line.ln5712587-3,Primary,2,1,1,400.0,True,False,0.03185444514421456
Line.ln5503544-1,Primary,1,1,1,400.0,True,True,0.4680433011748864
Line.ln5503544-1,Primary,1,2,2,400.0,True,True,0.45280707509632434
Line.ln5503544-1,Primary,1,3,3,400.0,True,True,0.33990020519237313
Line.ln5503544-1,Primary,2,1,1,400.0,True,False,0.4680433481844654
Line.ln5503544-1,Primary,2,2,2,400.0,True,False,0.4528071567790881
Line.ln5503544-1,Primary,2,3,3,400.0,True,False,0.33989974342306195
Line.ln5534969-3,Primary,1,1,1,400.0,True,True,0.4183875776437233
Line.ln5534969-3,Primary,1,2,2,400.0,True,True,0.4319655859737878
Line.ln5534969-3,Primary,1,3,3,400.0,True,True,0.3129633123608674
Line.ln5534969-3,Primary,2,1,1,400.0,True,False,0.41838756154434265
Line.ln5534969-3,Primary,2,2,2,400.0,True,False,0.4319655889721446
Line.ln5534969-3,Primary,2,3,3,400.0,True,False,0.3129629925808219
Line.ln8979248-1,Primary,1,1,1,190.0,True,True,0.007522528745781636
Line.ln8979248-1,Primary,1,2,2,190.0,True,True,0.008143349624575991
Line.ln8979248-1,Primary,1,3,3,190.0,True,True,0.008356159720437548
Line.ln8979248-1,Primary,2,1,1,190.0,True,False,0.0075230905282981575
Line.ln8979248-1,Primary,2,2,2,190.0,True,False,0.00814391644684068
Line.ln8979248-1,Primary,2,3,3,190.0,True,False,0.008356737866394532
Line.ln5594151-1,Primary,1,1,1,400.0,True,True,0.0017860067524594684
Line.ln5594151-1,Primary,2,1,1,400.0,True,False,0.001786379781283237
Line.ln5836178-1,Primary,1,1,1,400.0,True,True,0.5714370623852308
Line.ln5836178-1,Primary,1,2,2,400.0,True,True,0.56099038736956
Line.ln5836178-1,Primary,1,3,3,400.0,True,True,0.4281480821927168
Line.ln5836178-1,Primary,2,1,1,400.0,True,False,0.5714376201288657
Line.ln5836178-1,Primary,2,2,2,400.0,True,False,0.5609910742569162
Line.ln5836178-1,Primary,2,3,3,400.0,True,False,0.4281474676107586
Line.ln6140777-1,Primary,1,1,1,400.0,True,True,0.02614701980672455
Line.ln6140777-1,Primary,2,1,1,400.0,True,False,0.02614712801537935
Line.ln6108135-1,Primary,1,1,3,400.0,True,True,0.0011933220474378884
Line.ln6108135-1,Primary,2,1,3,400.0,True,False,0.0011943147484738896
Line.ln6381764-1,Primary,1,1,1,400.0,True,True,0.013645989606164772
Line.ln6381764-1,Primary,2,1,1,400.0,True,False,0.013646777606106657
Line.ln6348948-1,Primary,1,1,1,400.0,True,True,0.5566351811325982
Line.ln6348948-1,Primary,1,2,2,400.0,True,True,0.5514102473842758
Line.ln6348948-1,Primary,1,3,3,400.0,True,True,0.4134193807474846
Line.ln6348948-1,Primary,2,1,1,400.0,True,False,0.5566364205446146
Line.ln6348948-1,Primary,2,2,2,400.0,True,False,0.5514118433747267
Line.ln6348948-1,Primary,2,3,3,400.0,True,False,0.41341753431662637
Line.ln5502525-1,Primary,1,1,1,400.0,True,True,0.001746014110357605
Line.ln5502525-1,Primary,2,1,1,400.0,True,False,0.0017468241554593946
Line.ln5651977-3,Primary,1,1,1,400.0,True,True,0.005434656873816007
Line.ln5651977-3,Primary,2,1,1,400.0,True,False,0.005434912590006975
Line.ln8961800-2,Primary,1,1,3,220.0,True,True,0.014417251193549294
Line.ln8961800-2,Primary,2,1,3,220.0,True,False,0.014429578308594666
Line.ln5956502-1,Primary,1,1,3,400.0,True,True,1.5439452299705943e-06
Line.ln5956502-1,Primary,2,1,3,400.0,True,False,8.134767913360664e-14
Line.ln5958706-1,Primary,1,1,2,400.0,True,True,0.003852644115247354
Line.ln5958706-1,Primary,2,1,2,400.0,True,False,0.0038530013988600734
Line.ln5623399-1,Primary,1,1,3,400.0,True,True,0.001999221602243638
Line.ln5623399-1,Primary,2,1,3,400.0,True,False,0.0020000354263892965
Line.ln5623396-1,Primary,1,1,2,400.0,True,True,0.015622707544821484
Line.ln5623396-1,Primary,2,1,2,400.0,True,False,0.015623818028538123
Line.ln5532734-1,Primary,1,1,2,400.0,True,True,0.012391619416195081
Line.ln5532734-1,Primary,2,1,2,400.0,True,False,0.012392482162043097
Line.ln5651961-1,Primary,1,1,1,400.0,True,True,0.0017555310024213314
Line.ln5651961-1,Primary,2,1,1,400.0,True,False,0.0017565037629043451
Line.ln6137015-1,Primary,1,1,1,400.0,True,True,0.01939382319020407
Line.ln6137015-1,Primary,2,1,1,400.0,True,False,0.019394472121533397
Line.ln6019478-1,Primary,1,1,3,400.0,True,True,0.0023858363952145327
Line.ln6019478-1,Primary,2,1,3,400.0,True,False,0.0023869946997370625
Line.ln6376200-2,Primary,1,1,1,400.0,True,True,0.012307774133542067
Line.ln6376200-2,Primary,2,1,1,400.0,True,False,0.012309178516794441
Line.ln5926294-1,Primary,1,1,3,400.0,True,True,0.0020168280409596853
Line.ln5926294-1,Primary,2,1,3,400.0,True,False,0.002017648481724536
Line.ln6108130-5,Primary,1,1,2,400.0,True,True,0.0023323173053086286
Line.ln6108130-5,Primary,2,1,2,400.0,True,False,0.002333123344866756
Line.ln6077782-1,Primary,1,1,1,400.0,True,True,0.08279026066549751
Line.ln6077782-1,Primary,1,2,2,400.0,True,True,0.025765059990225138
Line.ln6077782-1,Primary,1,3,3,400.0,True,True,0.043134703345562964
Line.ln6077782-1,Primary,2,1,1,400.0,True,False,0.08279259246773657
Line.ln6077782-1,Primary,2,2,2,400.0,True,False,0.025767582970147414
Line.ln6077782-1,Primary,2,3,3,400.0,True,False,0.04313632657536644
Line.ln6286966-2,Primary,1,1,2,400.0,True,True,0.0011467545635570708
Line.ln6286966-2,Primary,2,1,2,400.0,True,False,0.0011472370718613493
Line.ln8979346-3,Primary,1,1,1,220.0,True,True,0.004744856483853925
Line.ln8979346-3,Primary,2,1,1,220.0,True,False,0.00475048983525302
Line.ln5562947-1,Primary,1,1,2,400.0,True,True,0.018519505749795658
Line.ln5562947-1,Primary,2,1,2,400.0,True,False,0.018520162668057175
Line.ln81048107-2,Primary,1,1,2,220.0,True,True,0.022931012355162084
Line.ln81048107-2,Primary,2,1,2,220.0,True,False,0.022937762234311255
Line.ln5655838-1,Primary,1,1,1,400.0,True,True,0.0190049664600669
Line.ln5655838-1,Primary,1,2,2,400.0,True,True,0.02084833901235589
Line.ln5655838-1,Primary,1,3,3,400.0,True,True,0.019844682484979975
Line.ln5655838-1,Primary,2,1,1,400.0,True,False,0.01900652609422625
Line.ln5655838-1,Primary,2,2,2,400.0,True,False,0.020849923524628028
Line.ln5655838-1,Primary,2,3,3,400.0,True,False,0.01984575625804559
Line.ln6017297-1,Primary,1,1,1,400.0,True,True,0.011548063775034484
Line.ln6017297-1,Primary,2,1,1,400.0,True,False,0.011548511150364338
Line.ln5956456-1,Primary,1,1,2,400.0,True,True,0.019444383175310196
Line.ln5956456-1,Primary,2,1,2,400.0,True,False,0.01944724510415936
Line.ln6108148-1,Primary,1,1,1,400.0,True,True,0.0006978158765981542
Line.ln6108148-1,Primary,2,1,1,400.0,True,False,0.0006986954879350072
Line.ln81048100-7,Primary,1,1,2,220.0,True,True,0.06566531473080572
Line.ln81048100-7,Primary,2,1,2,220.0,True,False,0.06566586626683729
Line.ln5928545-1,Primary,1,1,3,400.0,True,True,0.0031643849766633866
Line.ln5928545-1,Primary,2,1,3,400.0,True,False,0.003164416666037158
Line.ln5624291-1,Primary,1,1,3,400.0,True,True,0.04176008612577526
Line.ln5624291-1,Primary,2,1,3,400.0,True,False,0.04176118702973646
Line.ln6134417-2,Primary,1,1,1,400.0,True,True,0.002476637936526044
Line.ln6134417-2,Primary,2,1,1,400.0,True,False,0.0024767550290266593
Line.ln5504713-3,Primary,1,1,1,400.0,True,True,0.007051771608747374
Line.ln5504713-3,Primary,2,1,1,400.0,True,False,0.0070523884800478285
Line.ln5895784-1,Primary,1,1,1,400.0,True,True,0.007680170803790108
Line.ln5895784-1,Primary,2,1,1,400.0,True,False,0.007680785159632492
Line.ln5683858-2,Primary,1,1,1,400.0,True,True,0.0035545346868623468
Line.ln5683858-2,Primary,1,2,2,400.0,True,True,0.005766746841934039
Line.ln5683858-2,Primary,1,3,3,400.0,True,True,0.004008523554150921
Line.ln5683858-2,Primary,2,1,1,400.0,True,False,0.003555075022995572
Line.ln5683858-2,Primary,2,2,2,400.0,True,False,0.005767323968262309
Line.ln5683858-2,Primary,2,3,3,400.0,True,False,0.004008889781784073
Line.ln5986937-1,Primary,1,1,1,400.0,True,True,0.005663137846514137
Line.ln5986937-1,Primary,2,1,1,400.0,True,False,0.005663493034848093
Line.ln6041764-1,Primary,1,1,1,400.0,True,True,0.0006965902410493769
Line.ln6041764-1,Primary,2,1,1,400.0,True,False,0.0006970541180822996
Line.ln6228396-1,Primary,1,1,2,400.0,True,True,0.023583091133968278
Line.ln6228396-1,Primary,2,1,2,400.0,True,False,0.023584203468073436
Line.ln5896727-1,Primary,1,1,3,400.0,True,True,0.002983806296076773
Line.ln5896727-1,Primary,2,1,3,400.0,True,False,0.0029841993804582646
Line.ln81048106-3,Primary,1,1,1,220.0,True,True,0.021236756386634133
Line.ln81048106-3,Primary,2,1,1,220.0,True,False,0.021240894984158206
Line.ln5647725-1,Primary,1,1,2,400.0,True,True,0.012392482162043097
Line.ln5647725-1,Primary,2,1,2,400.0,True,False,0.01239322256757666
Line.ln6291288-3,Primary,1,1,1,400.0,True,True,0.008774408829681803
Line.ln6291288-3,Primary,2,1,1,400.0,True,False,0.008774691883256275
Line.ln5621837-3,Primary,1,1,2,400.0,True,True,0.0029043598078604582
Line.ln5621837-3,Primary,2,1,2,400.0,True,False,0.0029044338491934006
Line.ln6261020-1,Primary,1,1,3,400.0,True,True,0.004340366293458309
Line.ln6261020-1,Primary,2,1,3,400.0,True,False,0.004342700078761878
Line.ln6326286-3,Primary,1,1,3,400.0,True,True,0.0007981059997146665
Line.ln6326286-3,Primary,2,1,3,400.0,True,False,0.0007990573012593229
Line.ln5920279-4,Primary,1,1,1,400.0,True,True,0.4714822432375009
Line.ln5920279-4,Primary,1,2,2,400.0,True,True,0.45280591695549893
Line.ln5920279-4,Primary,1,3,3,400.0,True,True,0.341352138005722
Line.ln5920279-4,Primary,2,1,1,400.0,True,False,0.47148232263320244
Line.ln5920279-4,Primary,2,2,2,400.0,True,False,0.4528060380641947
Line.ln5920279-4,Primary,2,3,3,400.0,True,False,0.34135151599051383
Line.ln6138635-1,Primary,1,1,3,400.0,True,True,0.001201215227597853
Line.ln6138635-1,Primary,2,1,3,400.0,True,False,0.0012019441221992825
Line.ln6411368-1,Primary,1,1,3,400.0,True,True,0.0023934979091237763
Line.ln6411368-1,Primary,2,1,3,400.0,True,False,0.0023943987450405725
Line.ln5531242-1,Primary,1,1,1,400.0,True,True,0.0010735281542588054
Line.ln5531242-1,Primary,2,1,1,400.0,True,False,0.001074306355829635
Line.ln5895788-1,Primary,1,1,1,400.0,True,True,0.12294450505724339
Line.ln5895788-1,Primary,1,2,2,400.0,True,True,0.11738525210386223
Line.ln5895788-1,Primary,1,3,3,400.0,True,True,0.07607834185283933
Line.ln5895788-1,Primary,2,1,1,400.0,True,False,0.12294679276890243
Line.ln5895788-1,Primary,2,2,2,400.0,True,False,0.1173877483701644
Line.ln5895788-1,Primary,2,3,3,400.0,True,False,0.07607991195457633
Line.ln6167754-2,Primary,1,1,2,400.0,True,True,0.0512248827249834
Line.ln6167754-2,Primary,2,1,2,400.0,True,False,0.05122500259774226
Line.ln6379462-2,Primary,1,1,1,400.0,True,True,0.0324320307718355
Line.ln6379462-2,Primary,1,2,2,400.0,True,True,0.058827010575785675
Line.ln6379462-2,Primary,1,3,3,400.0,True,True,0.009721278675315251
Line.ln6379462-2,Primary,2,1,1,400.0,True,False,0.032433456187151787
Line.ln6379462-2,Primary,2,2,2,400.0,True,False,0.058828554227413295
Line.ln6379462-2,Primary,2,3,3,400.0,True,False,0.009722302705485311
Line.ln5958705-1,Primary,1,1,2,400.0,True,True,0.006942387025196304
Line.ln5958705-1,Primary,2,1,2,400.0,True,False,0.006943272626667499
Line.ln6199560-1,Primary,1,1,1,400.0,True,True,0.048303784673135536
Line.ln6199560-1,Primary,1,2,2,400.0,True,True,0.06267030215166164
Line.ln6199560-1,Primary,1,3,3,400.0,True,True,0.025620092288373395
Line.ln6199560-1,Primary,2,1,1,400.0,True,False,0.048305708289293064
Line.ln6199560-1,Primary,2,2,2,400.0,True,False,0.06267238140250429
Line.ln6199560-1,Primary,2,3,3,400.0,True,False,0.02562148123809389
Line.ln6109068-1,Primary,1,1,3,400.0,True,True,0.04293809392597657
Line.ln6109068-1,Primary,2,1,3,400.0,True,False,0.042944163342257965
Line.ln5473436-1,Primary,1,1,1,400.0,True,True,0.18401348939899198
Line.ln5473436-1,Primary,1,2,2,400.0,True,True,0.2062505831740166
Line.ln5473436-1,Primary,1,3,3,400.0,True,True,0.24227175879636675
Line.ln5473436-1,Primary,2,1,1,400.0,True,False,0.1840134823075351
Line.ln5473436-1,Primary,2,2,2,400.0,True,False,0.2062505775826285
Line.ln5473436-1,Primary,2,3,3,400.0,True,False,0.24227175272470544
Line.ln6991379-2,Primary,1,1,1,400.0,True,True,0.0028026690281259437
Line.ln6991379-2,Primary,2,1,1,400.0,True,False,0.0028032581152709997
Line.ln5895787-1,Primary,1,1,1,400.0,True,True,2.2558757973584276e-06
Line.ln5895787-1,Primary,1,2,2,400.0,True,True,0.05035787021949598
Line.ln5895787-1,Primary,1,3,3,400.0,True,True,2.3595992270330987e-06
Line.ln5895787-1,Primary,2,1,1,400.0,True,False,1.1416332391157258e-13
Line.ln5895787-1,Primary,2,2,2,400.0,True,False,0.05035857244730128
Line.ln5895787-1,Primary,2,3,3,400.0,True,False,1.9591115441051456e-13
Line.ln5715019-1,Primary,1,1,3,400.0,True,True,0.0023906641056032673
Line.ln5715019-1,Primary,2,1,3,400.0,True,False,0.0023916954629258857
Line.ln5927297-1,Primary,1,1,3,400.0,True,True,0.006942212619278387
Line.ln5927297-1,Primary,2,1,3,400.0,True,False,0.0069428827191410905
Line.ln6247127-2,Primary,1,1,1,400.0,True,True,0.41838762192485696
Line.ln6247127-2,Primary,1,2,2,400.0,True,True,0.4326894301143763
Line.ln6247127-2,Primary,1,3,3,400.0,True,True,0.31296420612850767
Line.ln6247127-2,Primary,2,1,1,400.0,True,False,0.4183875776436303
Line.ln6247127-2,Primary,2,2,2,400.0,True,False,0.4326894411704461
Line.ln6247127-2,Primary,2,3,3,400.0,True,False,0.3129633123603483
Line.ln8979345-1,Primary,1,1,1,220.0,True,True,0.009533747820651006
Line.ln8979345-1,Primary,2,1,1,220.0,True,False,0.009534477051134218
Line.ln4625713_sw,Primary,1,1,1,400.0,True,True,0.09424450241220762
Line.ln4625713_sw,Primary,1,2,2,400.0,True,True,0.11080859468236501
Line.ln4625713_sw,Primary,1,3,3,400.0,True,True,0.07349476767840367
Line.ln4625713_sw,Primary,2,1,1,400.0,True,False,0.09424450447164837
Line.ln4625713_sw,Primary,2,2,2,400.0,True,False,0.11080859675295703
Line.ln4625713_sw,Primary,2,3,3,400.0,True,False,0.07349476975286771
Line.ln5502543-2,Primary,1,1,1,400.0,True,True,0.09424248596734013
Line.ln5502543-2,Primary,1,2,2,400.0,True,True,0.11080640196170782
Line.ln5502543-2,Primary,1,3,3,400.0,True,True,0.07349340146640586
Line.ln5502543-2,Primary,2,1,1,400.0,True,False,0.09424450241095216
Line.ln5502543-2,Primary,2,2,2,400.0,True,False,0.1108085946817572
Line.ln5502543-2,Primary,2,3,3,400.0,True,False,0.07349476767983285
Line.ln5683824-1,Primary,1,1,3,400.0,True,True,0.03464978180118951
Line.ln5683824-1,Primary,2,1,3,400.0,True,False,0.03465051218089132
Line.ln6259999-2,Primary,1,1,1,400.0,True,True,0.0036894308859603342
Line.ln6259999-2,Primary,2,1,1,400.0,True,False,0.003689779030425331
Line.ln6349052-1,Primary,1,1,2,400.0,True,True,0.0019335867064386733
Line.ln6349052-1,Primary,2,1,2,400.0,True,False,0.0019376763567766865
Line.ln5926295-1,Primary,1,1,3,400.0,True,True,0.007236251838322652
Line.ln5926295-1,Primary,2,1,3,400.0,True,False,0.007238020164259099
Line.ln6381766-1,Primary,1,1,3,400.0,True,True,0.02747989069793756
Line.ln6381766-1,Primary,2,1,3,400.0,True,False,0.02748028323495209
Line.ln5561439-2,Primary,1,1,1,400.0,True,True,0.00975399943283159
Line.ln5561439-2,Primary,1,2,2,400.0,True,True,0.07783478033107544
Line.ln5561439-2,Primary,1,3,3,400.0,True,True,0.007101799479073897
Line.ln5561439-2,Primary,2,1,1,400.0,True,False,0.009754268302744047
Line.ln5561439-2,Primary,2,2,2,400.0,True,False,0.07783507907800788
Line.ln5561439-2,Primary,2,3,3,400.0,True,False,0.007101971251825743
Line.ln5502527-1,Primary,1,1,2,400.0,True,True,0.0011625531402981494
Line.ln5502527-1,Primary,2,1,2,400.0,True,False,0.0011639850458023432
Line.ln6290217-1,Primary,1,1,1,400.0,True,True,0.014466871870819737
Line.ln6290217-1,Primary,1,2,2,400.0,True,True,0.0052066668212740665
Line.ln6290217-1,Primary,1,3,3,400.0,True,True,0.019738369641538026
Line.ln6290217-1,Primary,2,1,1,400.0,True,False,0.014468925134991227
Line.ln6290217-1,Primary,2,2,2,400.0,True,False,0.00520902081493165
Line.ln6290217-1,Primary,2,3,3,400.0,True,False,0.019739764948761035
Line.ln5593246-1,Primary,1,1,2,400.0,True,True,0.013556436246773728
Line.ln5593246-1,Primary,2,1,2,400.0,True,False,0.013556963019831628
Line.ln5956465-1,Primary,1,1,1,400.0,True,True,0.0045641262639678935
Line.ln5956465-1,Primary,2,1,1,400.0,True,False,0.004567224205894629
Line.ln5835134-1,Primary,1,1,2,400.0,True,True,0.0011490099226675128
Line.ln5835134-1,Primary,2,1,2,400.0,True,False,0.0011516171947832876
Line.ln5679695-1,Primary,1,1,1,400.0,True,True,0.422675482876916
Line.ln5679695-1,Primary,1,2,2,400.0,True,True,0.432688975731112
Line.ln5679695-1,Primary,1,3,3,400.0,True,True,0.3209734184204057
Line.ln5679695-1,Primary,2,1,1,400.0,True,False,0.42267546317941185
Line.ln5679695-1,Primary,2,2,2,400.0,True,False,0.43268902884107374
Line.ln5679695-1,Primary,2,3,3,400.0,True,False,0.32097209257290943
Line.ln6341781-2,Primary,1,1,1,400.0,True,True,0.0017647799016204775
Line.ln6341781-2,Primary,2,1,1,400.0,True,False,0.0017649126213258105
Line.ln6018336-1,Primary,1,1,1,400.0,True,True,0.7566474115853882
Line.ln6018336-1,Primary,1,2,2,400.0,True,True,0.7618461426764672
Line.ln6018336-1,Primary,1,3,3,400.0,True,True,0.6890278540973378
Line.ln6018336-1,Primary,2,1,1,400.0,True,False,0.756647478110245
Line.ln6018336-1,Primary,2,2,2,400.0,True,False,0.7618462781698951
Line.ln6018336-1,Primary,2,3,3,400.0,True,False,0.6890273626568277
Line.ln5532749-3,Primary,1,1,1,400.0,True,True,0.0017709036596328298
Line.ln5532749-3,Primary,2,1,1,400.0,True,False,0.001771485048869463
Line.ln5686244-1,Primary,1,1,1,400.0,True,True,0.007575777896087829
Line.ln5686244-1,Primary,2,1,1,400.0,True,False,0.0075758179600494665
Line.ln6879074-1,Primary,1,1,1,400.0,True,True,0.0010605251529049549
Line.ln6879074-1,Primary,2,1,1,400.0,True,False,0.0010608308774007207
Line.ln6106511-1,Primary,1,1,1,400.0,True,True,0.1575682360679261
Line.ln6106511-1,Primary,1,2,2,400.0,True,True,0.16636609037401773
Line.ln6106511-1,Primary,1,3,3,400.0,True,True,0.1552821742854801
Line.ln6106511-1,Primary,2,1,1,400.0,True,False,0.15756600932112927
Line.ln6106511-1,Primary,2,2,2,400.0,True,False,0.16636403077029552
Line.ln6106511-1,Primary,2,3,3,400.0,True,False,0.15527939459538442
Line.ln5679770-2,Primary,1,1,3,400.0,True,True,0.0011841759058856412
Line.ln5679770-2,Primary,2,1,3,400.0,True,False,0.0011845884003839418
Line.ln5993742-1,Primary,1,1,2,400.0,True,True,0.0011690515373012928
Line.ln5993742-1,Primary,2,1,2,400.0,True,False,0.0011700988141717346
Line.ln6259997-1,Primary,1,1,2,400.0,True,True,0.0039102970342823765
Line.ln6259997-1,Primary,2,1,2,400.0,True,False,0.003910996530983215
Line.ln5682337-1,Primary,1,1,2,400.0,True,True,2.0788513913163144e-06
Line.ln5682337-1,Primary,2,1,2,400.0,True,False,1.7140605870247307e-06
Line.ln5653456-1,Primary,1,1,1,400.0,True,True,0.007373763626871611
Line.ln5653456-1,Primary,2,1,1,400.0,True,False,0.007373946553829519
Line.ln6196270-4,Primary,1,1,1,400.0,True,True,0.0028251101812572345
Line.ln6196270-4,Primary,2,1,1,400.0,True,False,0.0028254884288338084
Line.ln6290233-1,Primary,1,1,1,400.0,True,True,0.03175760339458391
Line.ln6290233-1,Primary,1,2,2,400.0,True,True,0.00520225274823073
Line.ln6290233-1,Primary,1,3,3,400.0,True,True,0.019735745064786193
Line.ln6290233-1,Primary,2,1,1,400.0,True,False,0.031758814525556435
Line.ln6290233-1,Primary,2,2,2,400.0,True,False,0.0052036741141889145
Line.ln6290233-1,Primary,2,3,3,400.0,True,False,0.019736591386377535
Line.ln6991377-13,Primary,1,1,1,400.0,True,True,0.02667293091146531
Line.ln6991377-13,Primary,2,1,1,400.0,True,False,0.026673645931975142
Line.ln6199556-1,Primary,1,1,1,400.0,True,True,0.0017570034144946912
Line.ln6199556-1,Primary,2,1,1,400.0,True,False,0.0017581049568195688
Line.ln5744323-1,Primary,1,1,3,400.0,True,True,0.009551116845289616
Line.ln5744323-1,Primary,2,1,3,400.0,True,False,0.00955182765862777
Line.ln5745347-1,Primary,1,1,1,400.0,True,True,0.16183073179022467
Line.ln5745347-1,Primary,1,2,2,400.0,True,True,0.18662674974593227
Line.ln5745347-1,Primary,1,3,3,400.0,True,True,0.22723760161065917
Line.ln5745347-1,Primary,2,1,1,400.0,True,False,0.16182948965909053
Line.ln5745347-1,Primary,2,2,2,400.0,True,False,0.18662579273536714
Line.ln5745347-1,Primary,2,3,3,400.0,True,False,0.22723668569200156
Line.ln6047561-1,Primary,1,1,1,400.0,True,True,0.1144433966481738
Line.ln6047561-1,Primary,1,2,2,400.0,True,True,0.13330699342565228
Line.ln6047561-1,Primary,1,3,3,400.0,True,True,0.10558360316425493
Line.ln6047561-1,Primary,2,1,1,400.0,True,False,0.11443449118681855
Line.ln6047561-1,Primary,2,2,2,400.0,True,False,0.13330007147838618
Line.ln6047561-1,Primary,2,3,3,400.0,True,False,0.10557170447861068
Line.ln6411389-1,Primary,1,1,1,400.0,True,True,0.02439533133201383
Line.ln6411389-1,Primary,2,1,1,400.0,True,False,0.024395440373341938
Line.ln5774453-1,Primary,1,1,1,400.0,True,True,0.11517426237140023
Line.ln5774453-1,Primary,1,2,2,400.0,True,True,0.13404294103646042
Line.ln5774453-1,Primary,1,3,3,400.0,True,True,0.10567450600244731
Line.ln5774453-1,Primary,2,1,1,400.0,True,False,0.11516808260319747
Line.ln5774453-1,Primary,2,2,2,400.0,True,False,0.13403813055581526
Line.ln5774453-1,Primary,2,3,3,400.0,True,False,0.1056661677183399
Line.ln5926303-1,Primary,1,1,3,400.0,True,True,0.011531403903384476
Line.ln5926303-1,Primary,2,1,3,400.0,True,False,0.011532557279232329
Line.ln5770318-1,Primary,1,1,1,400.0,True,True,0.08646550885835078
Line.ln5770318-1,Primary,1,2,2,400.0,True,True,0.02576170878551757
Line.ln5770318-1,Primary,1,3,3,400.0,True,True,0.044327293642754
Line.ln5770318-1,Primary,2,1,1,400.0,True,False,0.08646558457897174
Line.ln5770318-1,Primary,2,2,2,400.0,True,False,0.025761790506987795
Line.ln5770318-1,Primary,2,3,3,400.0,True,False,0.044327346295964534
Line.ln5958702-3,Primary,1,1,3,400.0,True,True,0.005380285198540572
Line.ln5958702-3,Primary,2,1,3,400.0,True,False,0.005381318759110049
Line.ln5804806-1,Primary,1,1,1,400.0,True,True,0.021953299443674367
Line.ln5804806-1,Primary,2,1,1,400.0,True,False,0.021953811514465658
Line.ln5561521-1,Primary,1,1,3,400.0,True,True,0.006578211589713393
Line.ln5561521-1,Primary,2,1,3,400.0,True,False,0.006579970102018195
Line.ln6199521-1,Primary,1,1,3,400.0,True,True,0.0011911855269208234
Line.ln6199521-1,Primary,2,1,3,400.0,True,False,0.0011920269500764948
Line.ln6290240-2,Primary,1,1,1,400.0,True,True,7.2486789901348425e-06
Line.ln6290240-2,Primary,1,2,2,400.0,True,True,7.779823951595506e-06
Line.ln6290240-2,Primary,1,3,3,400.0,True,True,7.579247192754081e-06
Line.ln6290240-2,Primary,2,1,1,400.0,True,False,2.6347508285243084e-06
Line.ln6290240-2,Primary,2,2,2,400.0,True,False,2.827811592950237e-06
Line.ln6290240-2,Primary,2,3,3,400.0,True,False,2.754905844697673e-06
Line.ln81018877-1,Primary,1,1,3,220.0,True,True,0.005457264013972392
Line.ln81018877-1,Primary,2,1,3,220.0,True,False,0.005460239360717193
Line.ln5860423-1,Primary,1,1,1,400.0,True,True,0.4068555125293664
Line.ln5860423-1,Primary,1,2,2,400.0,True,True,0.365114408458152
Line.ln5860423-1,Primary,1,3,3,400.0,True,True,0.3092992848290805
Line.ln5860423-1,Primary,2,1,1,400.0,True,False,0.4068560704145929
Line.ln5860423-1,Primary,2,2,2,400.0,True,False,0.36511502460072776
Line.ln5860423-1,Primary,2,3,3,400.0,True,False,0.3092996620550011
Line.ln7064338-3,Primary,1,1,3,400.0,True,True,0.0029910348809134195
Line.ln7064338-3,Primary,2,1,3,400.0,True,False,0.0029916185767637493
Line.ln6077801-1,Primary,1,1,3,400.0,True,True,0.008570136199397017
Line.ln6077801-1,Primary,2,1,3,400.0,True,False,0.00857156419339541
Line.ln5653489-1,Primary,1,1,2,400.0,True,True,0.00193184384446468
Line.ln5653489-1,Primary,2,1,2,400.0,True,False,0.0019347454216396185
Line.ln6199515-1,Primary,1,1,2,400.0,True,True,0.006626519055120833
Line.ln6199515-1,Primary,2,1,2,400.0,True,False,0.006626749506690055
Line.ln6380819-1,Primary,1,1,2,400.0,True,True,0.013080094092015953
Line.ln6380819-1,Primary,2,1,2,400.0,True,False,0.013081203629033119
Line.ln4641075_sw,Primary,1,1,1,400.0,True,True,0.3969329339552223
Line.ln4641075_sw,Primary,1,2,2,400.0,True,True,0.3606076288292417
Line.ln4641075_sw,Primary,1,3,3,400.0,True,True,0.30737866850564693
Line.ln4641075_sw,Primary,2,1,1,400.0,True,False,0.3969329360775909
Line.ln4641075_sw,Primary,2,2,2,400.0,True,False,0.36060763096207504
Line.ln4641075_sw,Primary,2,3,3,400.0,True,False,0.307378670591042
Line.ln5860423-3,Primary,1,1,1,400.0,True,True,0.39693275162434594
Line.ln5860423-3,Primary,1,2,2,400.0,True,True,0.3606074317042456
Line.ln5860423-3,Primary,1,3,3,400.0,True,True,0.3073785461422592
Line.ln5860423-3,Primary,2,1,1,400.0,True,False,0.39693293395845947
Line.ln5860423-3,Primary,2,2,2,400.0,True,False,0.3606076288292539
Line.ln5860423-3,Primary,2,3,3,400.0,True,False,0.3073786685095533
Line.ln5622467-4,Primary,1,1,1,400.0,True,True,0.01727999660195996
Line.ln5622467-4,Primary,1,2,2,400.0,True,True,0.018961921442097327
Line.ln5622467-4,Primary,1,3,3,400.0,True,True,0.019847848379834183
Line.ln5622467-4,Primary,2,1,1,400.0,True,False,0.01728236886539974
Line.ln5622467-4,Primary,2,2,2,400.0,True,False,0.01896445826833478
Line.ln5622467-4,Primary,2,3,3,400.0,True,False,0.019849571148430833
Line.ln81043320-3,Primary,1,1,3,220.0,True,True,0.03316537833934572
Line.ln81043320-3,Primary,2,1,3,220.0,True,False,0.03318126745656714
Line.ln6290213-1,Primary,1,1,1,400.0,True,True,0.004409739963017679
Line.ln6290213-1,Primary,2,1,1,400.0,True,False,0.004410467295308071
Line.ln6140774-2,Primary,1,1,1,400.0,True,True,0.0027931588522719657
Line.ln6140774-2,Primary,2,1,1,400.0,True,False,0.0027938857386978606
Line.ln5500984-4,Primary,1,1,1,400.0,True,True,0.0211897540242364
Line.ln5500984-4,Primary,2,1,1,400.0,True,False,0.021189794084072348
Line.ln6412366-1,Primary,1,1,2,400.0,True,True,0.0026832053643457364
Line.ln6412366-1,Primary,2,1,2,400.0,True,False,0.0026840249916327916
Line.ln6383058-1,Primary,1,1,1,400.0,True,True,0.0017607300016618313
Line.ln6383058-1,Primary,2,1,1,400.0,True,False,0.0017607938130071602
Line.ln5649361-2,Primary,1,1,3,400.0,True,True,0.0019765082220534287
Line.ln5649361-2,Primary,2,1,3,400.0,True,False,0.0019771599222113806
Line.ln5562930-1,Primary,1,1,1,400.0,True,True,0.0010349135522020798
Line.ln5562930-1,Primary,2,1,1,400.0,True,False,0.0010360076046906522
Line.ln5863825-1,Primary,1,1,2,400.0,True,True,0.001911733445218322
Line.ln5863825-1,Primary,2,1,2,400.0,True,False,0.0019132317029413872
Line.ln6290212-1,Primary,1,1,1,400.0,True,True,0.1368297259667986
Line.ln6290212-1,Primary,1,2,2,400.0,True,True,0.1485593456633229
Line.ln6290212-1,Primary,1,3,3,400.0,True,True,0.1380585478932779
Line.ln6290212-1,Primary,2,1,1,400.0,True,False,0.13682624548056324
Line.ln6290212-1,Primary,2,2,2,400.0,True,False,0.1485562484964525
Line.ln6290212-1,Primary,2,3,3,400.0,True,False,0.138054578143701
Line.ln5714046-1,Primary,1,1,2,400.0,True,True,0.001943545900696412
Line.ln5714046-1,Primary,2,1,2,400.0,True,False,0.0019449936606446012
Line.ln5682448-2,Primary,1,1,3,400.0,True,True,0.0007881433122912801
Line.ln5682448-2,Primary,2,1,3,400.0,True,False,0.0007882803815865976
Line.ln6229832-2,Primary,1,1,3,400.0,True,True,0.0011884554410156662
Line.ln6229832-2,Primary,2,1,3,400.0,True,False,0.0011892769475703995
Line.ln5843536-1,Primary,1,1,1,400.0,True,True,0.035674377196305666
Line.ln5843536-1,Primary,1,2,2,400.0,True,True,0.0972065071516798
Line.ln5843536-1,Primary,1,3,3,400.0,True,True,0.03007144771843454
Line.ln5843536-1,Primary,2,1,1,400.0,True,False,0.035674511165183824
Line.ln5843536-1,Primary,2,2,2,400.0,True,False,0.09720665302229989
Line.ln5843536-1,Primary,2,3,3,400.0,True,False,0.030071538171962665
Line.ln5715018-1,Primary,1,1,3,400.0,True,True,0.002389136688790301
Line.ln5715018-1,Primary,2,1,3,400.0,True,False,0.0023895891554835307
Line.l5491_48332_sw,Primary,1,1,2,400.0,True,True,0.006925038126734823
Line.l5491_48332_sw,Primary,2,1,2,400.0,True,False,0.006925040107601337
Line.ln5655682-1,Primary,1,1,2,400.0,True,True,0.006924986062122183
Line.ln5655682-1,Primary,2,1,2,400.0,True,False,0.00692503812903554
Line.ln4625696_sw,Primary,1,1,1,400.0,True,True,0.05456977197491707
Line.ln4625696_sw,Primary,1,2,2,400.0,True,True,0.065736078659968
Line.ln4625696_sw,Primary,1,3,3,400.0,True,True,0.026410266876959073
Line.ln4625696_sw,Primary,2,1,1,400.0,True,False,0.05456977398460146
Line.ln4625696_sw,Primary,2,2,2,400.0,True,False,0.06573608067999578
Line.ln4625696_sw,Primary,2,3,3,400.0,True,False,0.026410268862427203
Line.ln5926308-3,Primary,1,1,1,400.0,True,True,0.05456911602840091
Line.ln5926308-3,Primary,1,2,2,400.0,True,True,0.06573537012164754
Line.ln5926308-3,Primary,1,3,3,400.0,True,True,0.026409795380995228
Line.ln5926308-3,Primary,2,1,1,400.0,True,False,0.054569771971442076
Line.ln5926308-3,Primary,2,2,2,400.0,True,False,0.06573607866050318
Line.ln5926308-3,Primary,2,3,3,400.0,True,False,0.026410266876471532
Line.ln6290206-1,Primary,1,1,3,400.0,True,True,0.0020058241907290313
Line.ln6290206-1,Primary,2,1,3,400.0,True,False,0.00200666302774974
Line.ln5562929-1,Primary,1,1,2,400.0,True,True,0.0019447408012621236
Line.ln5562929-1,Primary,2,1,2,400.0,True,False,0.0019452819820756273
Line.ln5803293-2,Primary,1,1,3,400.0,True,True,0.007779247308958028
Line.ln5803293-2,Primary,2,1,3,400.0,True,False,0.007779886481959778
Line.ln5745355-1,Primary,1,1,1,400.0,True,True,0.7599959100522738
Line.ln5745355-1,Primary,1,2,2,400.0,True,True,0.7618450921853567
Line.ln5745355-1,Primary,1,3,3,400.0,True,True,0.6897738401125606
Line.ln5745355-1,Primary,2,1,1,400.0,True,False,0.7599959824299306
Line.ln5745355-1,Primary,2,2,2,400.0,True,False,0.7618452186586676
Line.ln5745355-1,Primary,2,3,3,400.0,True,False,0.6897734440502019
Line.ln6017285-1,Primary,1,1,2,400.0,True,True,0.003109466040973827
Line.ln6017285-1,Primary,2,1,2,400.0,True,False,0.0031117991413983264
Line.ln6201698-2,Primary,1,1,2,400.0,True,True,0.0019026550730243974
Line.ln6201698-2,Primary,2,1,2,400.0,True,False,0.0019027089791437291
Line.ln5501003-1,Primary,1,1,1,400.0,True,True,0.0028520112585458442
Line.ln5501003-1,Primary,2,1,1,400.0,True,False,0.0028528716555184237
Line.ln5924720-1,Primary,1,1,1,400.0,True,True,0.0010661678310472584
Line.ln5924720-1,Primary,2,1,1,400.0,True,False,0.0010665330690605482
Line.ln6255845-1,Primary,1,1,2,400.0,True,True,0.007905810957528103
Line.ln6255845-1,Primary,2,1,2,400.0,True,False,0.007905902420130529
Line.ln5956501-1,Primary,1,1,3,400.0,True,True,0.0019870446611331655
Line.ln5956501-1,Primary,2,1,3,400.0,True,False,0.001987706394589997
Line.ln6077772-1,Primary,1,1,2,400.0,True,True,0.005834558350288522
Line.ln6077772-1,Primary,2,1,2,400.0,True,False,0.005835437757093846
Line.ln6225673-1,Primary,1,1,3,400.0,True,True,0.003966996331073545
Line.ln6225673-1,Primary,2,1,3,400.0,True,False,0.0039671125107846065
Line.ln5561432-1,Primary,1,1,2,400.0,True,True,0.019011654352945682
Line.ln5561432-1,Primary,2,1,2,400.0,True,False,0.019012716145052656
Line.ln4586093_sw,Primary,1,1,1,400.0,True,True,0.13461874536596574
Line.ln4586093_sw,Primary,1,2,2,400.0,True,True,0.1485534806734028
Line.ln4586093_sw,Primary,1,3,3,400.0,True,True,0.13805103207573538
Line.ln4586093_sw,Primary,2,1,1,400.0,True,False,0.13461874077754907
Line.ln4586093_sw,Primary,2,2,2,400.0,True,False,0.14855347692554782
Line.ln4586093_sw,Primary,2,3,3,400.0,True,False,0.13805102776579203
Line.ln6138608-3,Primary,1,1,1,400.0,True,True,0.13462199187435628
Line.ln6138608-3,Primary,1,2,2,400.0,True,True,0.1485562484964823
Line.ln6138608-3,Primary,1,3,3,400.0,True,True,0.1380545781437127
Line.ln6138608-3,Primary,2,1,1,400.0,True,False,0.13461874536595056
Line.ln6138608-3,Primary,2,2,2,400.0,True,False,0.1485534806731685
Line.ln6138608-3,Primary,2,3,3,400.0,True,False,0.13805103207442687
Line.ln6138618-1,Primary,1,1,2,400.0,True,True,0.0019402281178259246
Line.ln6138618-1,Primary,2,1,2,400.0,True,False,0.001941578919486844
Line.ln5562921-1,Primary,1,1,3,400.0,True,True,0.038116861088270906
Line.ln5562921-1,Primary,2,1,3,400.0,True,False,0.03811802957718173
Line.ln5895807-1,Primary,1,1,1,400.0,True,True,0.0007016851960133622
Line.ln5895807-1,Primary,2,1,1,400.0,True,False,0.0007030848096311732
Line.ln5502540-1,Primary,1,1,2,400.0,True,True,0.042222021895867164
Line.ln5502540-1,Primary,2,1,2,400.0,True,False,0.04222265816164934
Line.ln6411375-1,Primary,1,1,2,400.0,True,True,0.001955204923431814
Line.ln6411375-1,Primary,2,1,2,400.0,True,False,0.001955874015127111
Line.ln6047573-2,Primary,1,1,1,400.0,True,True,0.02574184302170189
Line.ln6047573-2,Primary,2,1,1,400.0,True,False,0.025743038850316792
Line.ln5741249-1,Primary,1,1,1,400.0,True,True,0.013089575770978624
Line.ln5741249-1,Primary,2,1,1,400.0,True,False,0.01308962150703992
Line.ln5698090-3,Primary,1,1,1,400.0,True,True,0.005243560406643817
Line.ln5698090-3,Primary,1,2,3,400.0,True,True,8.993368311784586e-08
Line.ln5698090-3,Primary,2,1,1,400.0,True,False,0.005243561304192168
Line.ln5698090-3,Primary,2,2,3,400.0,True,False,4.197414120966557e-12
Line.ln5989332-1,Primary,1,1,1,400.0,True,True,0.006273699031701893
Line.ln5989332-1,Primary,2,1,1,400.0,True,False,0.006274349786267064
Line.ln5927423-1,Primary,1,1,1,400.0,True,True,0.009813470036809244
Line.ln5927423-1,Primary,1,2,2,400.0,True,True,0.0068784900668564086
Line.ln5927423-1,Primary,1,3,3,400.0,True,True,4.076631800794757e-05
Line.ln5927423-1,Primary,2,1,1,400.0,True,False,0.009816135222390877
Line.ln5927423-1,Primary,2,2,2,400.0,True,False,0.0068812943893538595
Line.ln5927423-1,Primary,2,3,3,400.0,True,False,3.108920852807165e-05
Line.ln5895803-1,Primary,1,1,2,400.0,True,True,0.006125771632591275
Line.ln5895803-1,Primary,2,1,2,400.0,True,False,0.006126854122772939
Line.ln6260001-1,Primary,1,1,1,400.0,True,True,0.0007003238715137324
Line.ln6260001-1,Primary,2,1,1,400.0,True,False,0.0007017536359475123
Line.ln6229791-1,Primary,1,1,3,400.0,True,True,0.0039955087946791255
Line.ln6229791-1,Primary,2,1,3,400.0,True,False,0.003996101792514464
Line.ln6409775-2,Primary,1,1,1,400.0,True,True,0.010878320554443745
Line.ln6409775-2,Primary,2,1,1,400.0,True,False,0.010878910787809807
Line.ln5714042-1,Primary,1,1,2,400.0,True,True,0.001954424106260614
Line.ln5714042-1,Primary,2,1,2,400.0,True,False,0.0019553452542637106
Line.ln6411005-1,Primary,1,1,1,400.0,True,True,0.026170233428708924
Line.ln6411005-1,Primary,1,2,2,400.0,True,True,0.06471633249278091
Line.ln6411005-1,Primary,1,3,3,400.0,True,True,0.025515098647780465
Line.ln6411005-1,Primary,2,1,1,400.0,True,False,0.026171031002166726
Line.ln6411005-1,Primary,2,2,2,400.0,True,False,0.06471718407417666
Line.ln6411005-1,Primary,2,3,3,400.0,True,False,0.025515697768116113
Line.ln5532788-2,Primary,1,1,3,400.0,True,True,0.0011975907736198185
Line.ln5532788-2,Primary,2,1,3,400.0,True,False,0.0011977231481179885
Line.ln5744325-1,Primary,1,1,2,400.0,True,True,0.0019315787365743369
Line.ln5744325-1,Primary,2,1,2,400.0,True,False,0.0019323130945054097
Line.ln6320332-1,Primary,1,1,2,400.0,True,True,0.03278834824937481
Line.ln6320332-1,Primary,2,1,2,400.0,True,False,0.03279111389998655
Line.ln6991378-5,Primary,1,1,1,400.0,True,True,0.002639194922434751
Line.ln6991378-5,Primary,2,1,1,400.0,True,False,0.0026400657487780452
Line.ln5863704-3,Primary,1,1,1,400.0,True,True,0.20608308850665785
Line.ln5863704-3,Primary,1,2,2,400.0,True,True,0.22046562176044426
Line.ln5863704-3,Primary,1,3,3,400.0,True,True,0.14114857958858953
Line.ln5863704-3,Primary,2,1,1,400.0,True,False,0.20608387340236908
Line.ln5863704-3,Primary,2,2,2,400.0,True,False,0.22046646964990596
Line.ln5863704-3,Primary,2,3,3,400.0,True,False,0.14114910091932958
Line.ln6318745-3,Primary,1,1,3,400.0,True,True,0.0282617520509469
Line.ln6318745-3,Primary,2,1,3,400.0,True,False,0.028262023653239134
Line.ln6413700-1,Primary,1,1,1,400.0,True,True,0.5349338166028135
Line.ln6413700-1,Primary,1,2,2,400.0,True,True,0.517675243621224
Line.ln6413700-1,Primary,1,3,3,400.0,True,True,0.36781050998438686
Line.ln6413700-1,Primary,2,1,1,400.0,True,False,0.5349341902893747
Line.ln6413700-1,Primary,2,2,2,400.0,True,False,0.5176757219870661
Line.ln6413700-1,Primary,2,3,3,400.0,True,False,0.36780951021032166
Line.ln6409778-1,Primary,1,1,1,400.0,True,True,0.02617273002905269
Line.ln6409778-1,Primary,1,2,2,400.0,True,True,0.028606251134941734
Line.ln6409778-1,Primary,1,3,3,400.0,True,True,0.025516974533690836
Line.ln6409778-1,Primary,2,1,1,400.0,True,False,0.026175526556250234
Line.ln6409778-1,Primary,2,2,2,400.0,True,False,0.028609328380422547
Line.ln6409778-1,Primary,2,3,3,400.0,True,False,0.025519077202304747
Line.ln6381854-1,Primary,1,1,2,400.0,True,True,0.004159326632076014
Line.ln6381854-1,Primary,2,1,2,400.0,True,False,0.004160726193385645
Line.ln6138608-2,Primary,1,1,1,400.0,True,True,0.13461874077753896
Line.ln6138608-2,Primary,1,2,2,400.0,True,True,0.14855347692685344
Line.ln6138608-2,Primary,1,3,3,400.0,True,True,0.1380510277637859
Line.ln6138608-2,Primary,2,1,1,400.0,True,False,0.1346185662055967
Line.ln6138608-2,Primary,2,2,2,400.0,True,False,0.14855332807645522
Line.ln6138608-2,Primary,2,3,3,400.0,True,False,0.1380508371029633
Line.ln5744370-2,Primary,1,1,3,400.0,True,True,0.0019959639791614363
Line.ln5744370-2,Primary,2,1,3,400.0,True,False,0.0019965062520459235
Line.ln6290240-3,Primary,1,1,1,400.0,True,True,1.0201822348581764e-05
Line.ln6290240-3,Primary,1,2,2,400.0,True,True,1.0949358842879339e-05
Line.ln6290240-3,Primary,1,3,3,400.0,True,True,1.0667065491761092e-05
Line.ln6290240-3,Primary,2,1,1,400.0,True,False,7.2486789232206746e-06
Line.ln6290240-3,Primary,2,2,2,400.0,True,False,7.779823992665781e-06
Line.ln6290240-3,Primary,2,3,3,400.0,True,False,7.579246854195682e-06
Line.ln8979358-1,Primary,1,1,3,220.0,True,True,0.016403719382484208
Line.ln8979358-1,Primary,2,1,3,220.0,True,False,0.01640875762346009
Line.ln5927383-1,Primary,1,1,1,400.0,True,True,0.0034441355659133397
Line.ln5927383-1,Primary,1,2,2,400.0,True,True,0.01213164535766566
Line.ln5927383-1,Primary,1,3,3,400.0,True,True,0.005146871888282778
Line.ln5927383-1,Primary,2,1,1,400.0,True,False,0.003445721726749893
Line.ln5927383-1,Primary,2,2,2,400.0,True,False,0.012133418423842746
Line.ln5927383-1,Primary,2,3,3,400.0,True,False,0.005147951252492089
Line.l5659_48332_sw,Primary,1,1,2,400.0,True,True,0.03945877486769921
Line.l5659_48332_sw,Primary,2,1,2,400.0,True,False,0.03945877689179889
Line.ln6231996-1,Primary,1,1,2,400.0,True,True,0.03945848766867547
Line.ln6231996-1,Primary,2,1,2,400.0,True,False,0.039458774868305284
Line.ln5533797-1,Primary,1,1,1,400.0,True,True,0.003447249933134559
Line.ln5533797-1,Primary,1,2,2,400.0,True,True,0.0038165860476126016
Line.ln5533797-1,Primary,1,3,3,400.0,True,True,0.005148991911999353
Line.ln5533797-1,Primary,2,1,1,400.0,True,False,0.0034487919101726912
Line.ln5533797-1,Primary,2,2,2,400.0,True,False,0.0038182722136375826
Line.ln5533797-1,Primary,2,3,3,400.0,True,False,0.005150042667953941
Line.ln6047582-1,Primary,1,1,3,400.0,True,True,0.0011895545370879696
Line.ln6047582-1,Primary,2,1,3,400.0,True,False,0.001190688253725975
Line.ln6409775-4,Primary,1,1,1,400.0,True,True,0.01192851725360109
Line.ln6409775-4,Primary,2,1,1,400.0,True,False,0.011929270058203238
Line.ln5926290-1,Primary,1,1,2,400.0,True,True,0.0023247838649679393
Line.ln5926290-1,Primary,2,1,2,400.0,True,False,0.0023269138550990973
Line.ln6381820-1,Primary,1,1,1,400.0,True,True,0.5505269225750581
Line.ln6381820-1,Primary,1,2,2,400.0,True,True,0.545344688302086
Line.ln6381820-1,Primary,1,3,3,400.0,True,True,0.3946540829281993
Line.ln6381820-1,Primary,2,1,1,400.0,True,False,0.5505277358286491
Line.ln6381820-1,Primary,2,2,2,400.0,True,False,0.5453457532274736
Line.ln6381820-1,Primary,2,3,3,400.0,True,False,0.3946525711503409
Line.ln6103662-1,Primary,1,1,2,400.0,True,True,0.006328488861931939
Line.ln6103662-1,Primary,2,1,2,400.0,True,False,0.006329506823229952
Line.ln6262430-1,Primary,1,1,1,400.0,True,True,0.0035711464128267297
Line.ln6262430-1,Primary,2,1,1,400.0,True,False,0.003571214805820683
Line.ln5742813-1,Primary,1,1,3,400.0,True,True,0.0029849321157508855
Line.ln5742813-1,Primary,2,1,3,400.0,True,False,0.0029856139715327555
Line.ln6199527-1,Primary,1,1,1,400.0,True,True,0.0657095203260771
Line.ln6199527-1,Primary,1,2,2,400.0,True,True,0.06861028607784032
Line.ln6199527-1,Primary,1,3,3,400.0,True,True,0.032374006081167465
Line.ln6199527-1,Primary,2,1,1,400.0,True,False,0.06571088631862815
Line.ln6199527-1,Primary,2,2,2,400.0,True,False,0.06861175792080824
Line.ln6199527-1,Primary,2,3,3,400.0,True,False,0.03237498741037164
Line.ln5986925-2,Primary,1,1,3,400.0,True,True,0.003992260498178652
Line.ln5986925-2,Primary,2,1,3,400.0,True,False,0.003992920367786628
Line.ln5742811-1,Primary,1,1,1,400.0,True,True,0.08950434062324662
Line.ln5742811-1,Primary,1,2,2,400.0,True,True,0.1144203006822182
Line.ln5742811-1,Primary,1,3,3,400.0,True,True,0.10353307297438238
Line.ln5742811-1,Primary,2,1,1,400.0,True,False,0.0895052203722283
Line.ln5742811-1,Primary,2,2,2,400.0,True,False,0.11442126233274959
Line.ln5742811-1,Primary,2,3,3,400.0,True,False,0.10353367555620055
Line.ln5926284-3,Primary,1,1,3,400.0,True,True,0.009546938512413623
Line.ln5926284-3,Primary,2,1,3,400.0,True,False,0.009547437775825209
Line.ln6413954-1,Primary,1,1,1,400.0,True,True,0.5748803654905886
Line.ln6413954-1,Primary,1,2,2,400.0,True,True,0.5609882839924711
Line.ln6413954-1,Primary,1,3,3,400.0,True,True,0.43323067890319744
Line.ln6413954-1,Primary,2,1,1,400.0,True,False,0.5748808839721765
Line.ln6413954-1,Primary,2,2,2,400.0,True,False,0.5609889124403338
Line.ln6413954-1,Primary,2,3,3,400.0,True,False,0.4332301542344461
Line.ln6411366-1,Primary,1,1,2,400.0,True,True,0.011510259395525526
Line.ln6411366-1,Primary,2,1,2,400.0,True,False,0.01151335961882993
Line.ln6412354-1,Primary,1,1,1,400.0,True,True,0.7610004623472812
Line.ln6412354-1,Primary,1,2,2,400.0,True,True,0.7618448048969233
Line.ln6412354-1,Primary,1,3,3,400.0,True,True,0.689774717686368
Line.ln6412354-1,Primary,2,1,1,400.0,True,False,0.7610004832755142
Line.ln6412354-1,Primary,2,2,2,400.0,True,False,0.7618448401834926
Line.ln6412354-1,Primary,2,3,3,400.0,True,False,0.6897746114897132
Line.ln5895789-2,Primary,1,1,1,400.0,True,True,0.0775316667009634
Line.ln5895789-2,Primary,1,2,2,400.0,True,True,0.02288663112075289
Line.ln5895789-2,Primary,1,3,3,400.0,True,True,0.041948798036004924
Line.ln5895789-2,Primary,2,1,1,400.0,True,False,0.0775333762132633
Line.ln5895789-2,Primary,2,2,2,400.0,True,False,0.022888495966000448
Line.ln5895789-2,Primary,2,3,3,400.0,True,False,0.04194999205082042
Line.ln6383060-2,Primary,1,1,2,400.0,True,True,0.043711662835398964
Line.ln6383060-2,Primary,2,1,2,400.0,True,False,0.04371177140303443
Line.ln6259984-1,Primary,1,1,1,400.0,True,True,0.4183881847983645
Line.ln6259984-1,Primary,1,2,2,400.0,True,True,0.4326890916956135
Line.ln6259984-1,Primary,1,3,3,400.0,True,True,0.32097041740401366
Line.ln6259984-1,Primary,2,1,1,400.0,True,False,0.4183881111297001
Line.ln6259984-1,Primary,2,2,2,400.0,True,False,0.43268916858858525
Line.ln6259984-1,Primary,2,3,3,400.0,True,False,0.32096817073489176
Line.ln5591814-1,Primary,1,1,3,400.0,True,True,0.07698255233638943
Line.ln5591814-1,Primary,2,1,3,400.0,True,False,0.07698332828845936
Line.ln5502531-1,Primary,1,1,1,400.0,True,True,0.13683239097531613
Line.ln5502531-1,Primary,1,2,2,400.0,True,True,0.14856058181876486
Line.ln5502531-1,Primary,1,3,3,400.0,True,True,0.13806013282551033
Line.ln5502531-1,Primary,2,1,1,400.0,True,False,0.13683100160566788
Line.ln5502531-1,Primary,2,2,2,400.0,True,False,0.14855934566333123
Line.ln5502531-1,Primary,2,3,3,400.0,True,False,0.13805854789330252
Line.ln5863746-1,Primary,1,1,2,400.0,True,True,0.0007684447370940469
Line.ln5863746-1,Primary,2,1,2,400.0,True,False,0.0007685428444309137
Line.ln5956499-3,Primary,1,1,1,400.0,True,True,0.038831172993287096
Line.ln5956499-3,Primary,1,2,2,400.0,True,True,0.08403524699027073
Line.ln5956499-3,Primary,1,3,3,400.0,True,True,0.058707880950017666
Line.ln5956499-3,Primary,2,1,1,400.0,True,False,0.03883215935671792
Line.ln5956499-3,Primary,2,2,2,400.0,True,False,0.0840363191843409
Line.ln5956499-3,Primary,2,3,3,400.0,True,False,0.058708552302299405
Line.ln5769126-1,Primary,1,1,1,400.0,True,True,0.4183880501989626
Line.ln5769126-1,Primary,1,2,2,400.0,True,True,0.43268922130122256
Line.ln5769126-1,Primary,1,3,3,400.0,True,True,0.3147431198906984
Line.ln5769126-1,Primary,2,1,1,400.0,True,False,0.41838800973997103
Line.ln5769126-1,Primary,2,2,2,400.0,True,False,0.43268925192407504
Line.ln5769126-1,Primary,2,3,3,400.0,True,False,0.3147420110322541
Line.ln3693186_sw,Primary,1,1,1,400.0,True,True,0.5748810552458378
Line.ln3693186_sw,Primary,1,2,2,400.0,True,True,0.5609891202059611
Line.ln3693186_sw,Primary,1,3,3,400.0,True,True,0.43322997961221
Line.ln3693186_sw,Primary,2,1,1,400.0,True,False,0.5748810557878904
Line.ln3693186_sw,Primary,2,2,2,400.0,True,False,0.5609891208175302
Line.ln3693186_sw,Primary,2,3,3,400.0,True,False,0.4332299793734256
Line.ln5861005-2,Primary,1,1,1,400.0,True,True,0.5748810026879054
Line.ln5861005-2,Primary,1,2,2,400.0,True,True,0.5609890564425655
Line.ln5861005-2,Primary,1,3,3,400.0,True,True,0.43323003326685877
Line.ln5861005-2,Primary,2,1,1,400.0,True,False,0.5748810552426168
Line.ln5861005-2,Primary,2,2,2,400.0,True,False,0.560989120203157
Line.ln5861005-2,Primary,2,3,3,400.0,True,False,0.4332299796144761
Line.ln5714043-1,Primary,1,1,3,400.0,True,True,0.00401736460592057
Line.ln5714043-1,Primary,2,1,3,400.0,True,False,0.004017540578308225
Line.ln5835138-1,Primary,1,1,2,400.0,True,True,0.00115807773926104
Line.ln5835138-1,Primary,2,1,2,400.0,True,False,0.0011590741375630466
Line.ln6411383-1,Primary,1,1,1,400.0,True,True,0.1493681033039089
Line.ln6411383-1,Primary,1,2,2,400.0,True,True,0.1173735903001997
Line.ln6411383-1,Primary,1,3,3,400.0,True,True,0.07805339181638604
Line.ln6411383-1,Primary,2,1,1,400.0,True,False,0.1493703520139536
Line.ln6411383-1,Primary,2,2,2,400.0,True,False,0.11737604697445979
Line.ln6411383-1,Primary,2,3,3,400.0,True,False,0.07805493309995287
Line.ln81048100-2,Primary,1,1,2,220.0,True,True,0.05494488782090326
Line.ln81048100-2,Primary,2,1,2,220.0,True,False,0.054952965902225356
Line.ln6019479-1,Primary,1,1,1,400.0,True,True,0.02602340101576523
Line.ln6019479-1,Primary,2,1,1,400.0,True,False,0.026023478560359282
Line.ln5714044-1,Primary,1,1,1,400.0,True,True,0.00105098381243549
Line.ln5714044-1,Primary,2,1,1,400.0,True,False,0.001051169135512841
Line.ln6260000-1,Primary,1,1,2,400.0,True,True,0.04222142950109282
Line.ln6260000-1,Primary,2,1,2,400.0,True,False,0.04222202189593937
Line.ln5985347-1,Primary,1,1,1,400.0,True,True,0.005754136755538905
Line.ln5985347-1,Primary,2,1,1,400.0,True,False,0.005755264352756173
Line.ln6348967-1,Primary,1,1,1,400.0,True,True,4.616902725182279e-06
Line.ln6348967-1,Primary,2,1,1,400.0,True,False,3.3807860822290924e-06
Line.ln5833611-1,Primary,1,1,1,400.0,True,True,0.0062133843839469296
Line.ln5833611-1,Primary,2,1,1,400.0,True,False,0.006215236825531763
Line.ln5593251-1,Primary,1,1,1,400.0,True,True,0.04161942563582288
Line.ln5593251-1,Primary,1,2,2,400.0,True,True,0.0878916921127014
Line.ln5593251-1,Primary,1,3,3,400.0,True,True,0.07066854403968248
Line.ln5593251-1,Primary,2,1,1,400.0,True,False,0.04162117075412683
Line.ln5593251-1,Primary,2,2,2,400.0,True,False,0.08789359545402009
Line.ln5593251-1,Primary,2,3,3,400.0,True,False,0.07066973321999684
Line.ln5837358-1,Primary,1,1,1,400.0,True,True,0.00990878971241446
Line.ln5837358-1,Primary,2,1,1,400.0,True,False,0.009908850611896962
Line.ln5894218-1,Primary,1,1,2,400.0,True,True,0.007265780264192662
Line.ln5894218-1,Primary,2,1,2,400.0,True,False,0.007267472786070213
Line.ln6195132-1,Primary,1,1,2,400.0,True,True,0.006328371414256594
Line.ln6195132-1,Primary,2,1,2,400.0,True,False,0.006328488861647579
Line.ln6229829-2,Primary,1,1,1,400.0,True,True,0.008744266449742076
Line.ln6229829-2,Primary,1,2,2,400.0,True,True,0.06756891428289075
Line.ln6229829-2,Primary,1,3,3,400.0,True,True,0.05359226463818743
Line.ln6229829-2,Primary,2,1,1,400.0,True,False,0.008744740727892754
Line.ln6229829-2,Primary,2,2,2,400.0,True,False,0.06756945690314065
Line.ln6229829-2,Primary,2,3,3,400.0,True,False,0.053592598918395
Line.ln6380825-1,Primary,1,1,1,400.0,True,True,0.017546211541623877
Line.ln6380825-1,Primary,2,1,1,400.0,True,False,0.017547129798708542
Line.ln5624375-1,Primary,1,1,3,400.0,True,True,0.0011845466898581557
Line.ln5624375-1,Primary,2,1,3,400.0,True,False,0.0011859193841886506
Line.ln5533710-1,Primary,1,1,1,400.0,True,True,0.0017860177096455637
Line.ln5533710-1,Primary,2,1,1,400.0,True,False,0.0017863047657825102
Line.ln6196270-2,Primary,1,1,1,400.0,True,True,0.0017684509279232551
Line.ln6196270-2,Primary,2,1,1,400.0,True,False,0.0017703651034073557
Line.ln5653464-1,Primary,1,1,2,400.0,True,True,0.0019466336849028828
Line.ln5653464-1,Primary,2,1,2,400.0,True,False,0.001946849221076091
Line.ln5986919-1,Primary,1,1,2,400.0,True,True,0.007603912023096997
Line.ln5986919-1,Primary,2,1,2,400.0,True,False,0.007604629146315353
Line.ln5807086-1,Primary,1,1,3,400.0,True,True,0.0007898474743257208
Line.ln5807086-1,Primary,2,1,3,400.0,True,False,0.0007905673666751074
Line.ln5805676-2,Primary,1,1,1,400.0,True,True,0.00178520812342849
Line.ln5805676-2,Primary,2,1,1,400.0,True,False,0.0017852869143079068
Line.ln6108170-1,Primary,1,1,2,400.0,True,True,0.03703344485698112
Line.ln6108170-1,Primary,2,1,2,400.0,True,False,0.03703351942291218
Line.ln6292466-1,Primary,1,1,2,400.0,True,True,0.0019025510757649455
Line.ln6292466-1,Primary,2,1,2,400.0,True,False,0.001902655073320883
Line.ln5472394-1,Primary,1,1,1,400.0,True,True,0.0317575882764987
Line.ln5472394-1,Primary,1,2,2,400.0,True,True,0.005202235018828877
Line.ln5472394-1,Primary,1,3,3,400.0,True,True,0.022531854344001494
Line.ln5472394-1,Primary,2,1,1,400.0,True,False,0.031757603395570454
Line.ln5472394-1,Primary,2,2,2,400.0,True,False,0.005202252744429349
Line.ln5472394-1,Primary,2,3,3,400.0,True,False,0.022531864841424113
Line.ln6017328-1,Primary,1,1,1,400.0,True,True,0.006920207853946604
Line.ln6017328-1,Primary,2,1,1,400.0,True,False,0.006921841751836626
Line.ln5957493-1,Primary,1,1,1,400.0,True,True,0.1618294896590058
Line.ln5957493-1,Primary,1,2,2,400.0,True,True,0.18662579273563223
Line.ln5957493-1,Primary,1,3,3,400.0,True,True,0.2245740218734011
Line.ln5957493-1,Primary,2,1,1,400.0,True,False,0.1618266636108134
Line.ln5957493-1,Primary,2,2,2,400.0,True,False,0.18662361484894135
Line.ln5957493-1,Primary,2,3,3,400.0,True,False,0.22457189212510112
Line.ln5623403-1,Primary,1,1,1,400.0,True,True,0.14905193367520175
Line.ln5623403-1,Primary,1,2,2,400.0,True,True,0.15562589506165328
Line.ln5623403-1,Primary,1,3,3,400.0,True,True,0.14276011689067947
Line.ln5623403-1,Primary,2,1,1,400.0,True,False,0.1490492200792174
Line.ln5623403-1,Primary,2,2,2,400.0,True,False,0.15562331148463207
Line.ln5623403-1,Primary,2,3,3,400.0,True,False,0.1427566681391057
Line.ln6320333-1,Primary,1,1,2,400.0,True,True,0.03888328395815403
Line.ln6320333-1,Primary,2,1,2,400.0,True,False,0.03888404717116749
Line.ln5865241-1,Primary,1,1,2,400.0,True,True,0.043882254888338273
Line.ln5865241-1,Primary,2,1,2,400.0,True,False,0.04388273583009191
Line.ln6259998-3,Primary,1,1,3,400.0,True,True,0.0023878574146936086
Line.ln6259998-3,Primary,2,1,3,400.0,True,False,0.0023880465450454138
Line.ln6046058-1,Primary,1,1,1,400.0,True,True,0.00452308584149459
Line.ln6046058-1,Primary,2,1,1,400.0,True,False,0.004523774467495817
Line.ln6229788-1,Primary,1,1,2,400.0,True,True,0.0031203047547920366
Line.ln6229788-1,Primary,2,1,2,400.0,True,False,0.003120347211291202
Line.ln6896673-7,Primary,1,1,1,400.0,True,True,3.800541746933669e-07
Line.ln6896673-7,Primary,1,2,2,400.0,True,True,4.010826354157144e-07
Line.ln6896673-7,Primary,1,3,3,400.0,True,True,0.0029401301079500747
Line.ln6896673-7,Primary,2,1,1,400.0,True,False,1.5296824888812727e-12
Line.ln6896673-7,Primary,2,2,2,400.0,True,False,1.3376685318398986e-12
Line.ln6896673-7,Primary,2,3,3,400.0,True,False,0.0029401871578507432
Line.ln6169257-1,Primary,1,1,1,400.0,True,True,0.14937117369759184
Line.ln6169257-1,Primary,1,2,2,400.0,True,True,0.1173769449839185
Line.ln6169257-1,Primary,1,3,3,400.0,True,True,0.07805549662823082
Line.ln6169257-1,Primary,2,1,1,400.0,True,False,0.14937478544981247
Line.ln6169257-1,Primary,2,2,2,400.0,True,False,0.1173808943653722
Line.ln6169257-1,Primary,2,3,3,400.0,True,False,0.07805797580935984
Line.ln5682375-1,Primary,1,1,1,400.0,True,True,0.009419518898038402
Line.ln5682375-1,Primary,2,1,1,400.0,True,False,0.009420268955880187
Line.ln6106584-1,Primary,1,1,1,400.0,True,True,0.006408089640761338
Line.ln6106584-1,Primary,2,1,1,400.0,True,False,0.006409029595455474
Line.ln5472403-3,Primary,1,1,1,400.0,True,True,0.03175487275320969
Line.ln5472403-3,Primary,1,2,2,400.0,True,True,0.005199058242528215
Line.ln5472403-3,Primary,1,3,3,400.0,True,True,0.02252997059641296
Line.ln5472403-3,Primary,2,1,1,400.0,True,False,0.031757336785326634
Line.ln5472403-3,Primary,2,2,2,400.0,True,False,0.005201940228369089
Line.ln5472403-3,Primary,2,3,3,400.0,True,False,0.022531679802389067
Line.ln6137009-2,Primary,1,1,1,400.0,True,True,0.5566372102800196
Line.ln6137009-2,Primary,1,2,2,400.0,True,True,0.5514128644535372
Line.ln6137009-2,Primary,1,3,3,400.0,True,True,0.40818931978079964
Line.ln6137009-2,Primary,2,1,1,400.0,True,False,0.5566372990649315
Line.ln6137009-2,Primary,2,2,2,400.0,True,False,0.5514129794570679
Line.ln6137009-2,Primary,2,3,3,400.0,True,False,0.4081891776798907
Line.ln5502536-2,Primary,1,1,3,400.0,True,True,0.0061129014433054605
Line.ln5502536-2,Primary,2,1,3,400.0,True,False,0.006113025259932614
Line.ln5926304-1,Primary,1,1,1,400.0,True,True,0.012299832988972359
Line.ln5926304-1,Primary,2,1,1,400.0,True,False,0.0123011105761462
Line.ln5806921-1,Primary,1,1,2,400.0,True,True,0.0042592639205764685
Line.ln5806921-1,Primary,2,1,2,400.0,True,False,0.004259354085885867
Line.ln6108146-1,Primary,1,1,2,400.0,True,True,0.0030969659791304023
Line.ln6108146-1,Primary,2,1,2,400.0,True,False,0.0030974323009383964
Line.ln5803267-1,Primary,1,1,2,400.0,True,True,0.0029932631968939655
Line.ln5803267-1,Primary,2,1,2,400.0,True,False,0.0029947095664272687
Line.ln5486729-1,Primary,1,1,1,400.0,True,True,4.1322452059587275e-08
Line.ln5486729-1,Primary,1,2,2,400.0,True,True,4.363772523568764e-08
Line.ln5486729-1,Primary,1,3,3,400.0,True,True,4.254080923951801e-08
Line.ln5486729-1,Primary,2,1,1,400.0,True,False,1.780811993030174e-11
Line.ln5486729-1,Primary,2,2,2,400.0,True,False,2.4557839042657268e-11
Line.ln5486729-1,Primary,2,3,3,400.0,True,False,1.9199706733309013e-11
Line.ln5835142-1,Primary,1,1,1,400.0,True,True,0.015107230799834887
Line.ln5835142-1,Primary,2,1,1,400.0,True,False,0.015107804131534208
Line.ln5683842-1,Primary,1,1,2,400.0,True,True,0.004807786571186351
Line.ln5683842-1,Primary,2,1,2,400.0,True,False,0.004807820231067026
Line.ln6047598-1,Primary,1,1,1,400.0,True,True,0.0010540311514435725
Line.ln6047598-1,Primary,2,1,1,400.0,True,False,0.0010548099251938034
Line.v7313_48332_sw,Primary,1,1,2,400.0,True,True,0.006942385025465284
Line.v7313_48332_sw,Primary,2,1,2,400.0,True,False,0.006942387028180476
Line.ln5806920-1,Primary,1,1,2,400.0,True,True,0.006942330973881754
Line.ln5806920-1,Primary,2,1,2,400.0,True,False,0.006942385023906348
Line.ln5987955-2,Primary,1,1,3,400.0,True,True,0.005147459527708596
Line.ln5987955-2,Primary,2,1,3,400.0,True,False,0.005148122696489376
Line.ln5744371-1,Primary,1,1,1,400.0,True,True,0.002636533548056236
Line.ln5744371-1,Primary,2,1,1,400.0,True,False,0.0026371322450230235
Line.ln6352702-1,Primary,1,1,3,400.0,True,True,0.009988921304004526
Line.ln6352702-1,Primary,2,1,3,400.0,True,False,0.009989041492988435
Line.ln5835151-1,Primary,1,1,1,400.0,True,True,0.004600976277694206
Line.ln5835151-1,Primary,2,1,1,400.0,True,False,0.004602343133578618
Line.ln5894212-2,Primary,1,1,1,400.0,True,True,0.008016201071255327
Line.ln5894212-2,Primary,1,2,2,400.0,True,True,1.8935009698166072e-05
Line.ln5894212-2,Primary,1,3,3,400.0,True,True,1.844683993946531e-05
Line.ln5894212-2,Primary,2,1,1,400.0,True,False,0.008018401573184376
Line.ln5894212-2,Primary,2,2,2,400.0,True,False,1.0949358681037284e-05
Line.ln5894212-2,Primary,2,3,3,400.0,True,False,1.0667065810890818e-05
Line.ln5774458-1,Primary,1,1,1,400.0,True,True,0.05092220818216802
Line.ln5774458-1,Primary,1,2,2,400.0,True,True,0.0459061186578782
Line.ln5774458-1,Primary,1,3,3,400.0,True,True,0.041261546950709584
Line.ln5774458-1,Primary,2,1,1,400.0,True,False,0.05092368754418488
Line.ln5774458-1,Primary,2,2,2,400.0,True,False,0.04590780595921366
Line.ln5774458-1,Primary,2,3,3,400.0,True,False,0.041262576080031706
Line.ln5895771-2,Primary,1,1,1,400.0,True,True,0.0010511691353526807
Line.ln5895771-2,Primary,2,1,1,400.0,True,False,0.0010514726081162261
Line.ln5837355-1,Primary,1,1,3,400.0,True,True,0.046188357804479434
Line.ln5837355-1,Primary,2,1,3,400.0,True,False,0.04618876828037623
Line.ln6015811-1,Primary,1,1,1,400.0,True,True,0.0026677689771131318
Line.ln6015811-1,Primary,2,1,1,400.0,True,False,0.002668835558463593
Line.ln81048106-1,Primary,1,1,1,220.0,True,True,0.037547234789714216
Line.ln81048106-1,Primary,2,1,1,220.0,True,False,0.037550786949398576
Line.ln5804835-1,Primary,1,1,1,400.0,True,True,0.005190598567587582
Line.ln5804835-1,Primary,2,1,1,400.0,True,False,0.005191543328210931
Line.ln5805676-3,Primary,1,1,1,400.0,True,True,0.001785286914282522
Line.ln5805676-3,Primary,2,1,1,400.0,True,False,0.0017858956588294333
Line.ln6043468-3,Primary,1,1,2,400.0,True,True,0.0047262812744725035
Line.ln6043468-3,Primary,2,1,2,400.0,True,False,0.00472659948909361
Line.ln6047566-1,Primary,1,1,1,400.0,True,True,0.03184381679587487
Line.ln6047566-1,Primary,1,2,2,400.0,True,True,0.01541788440649718
Line.ln6047566-1,Primary,1,3,3,400.0,True,True,0.029452877900825833
Line.ln6047566-1,Primary,2,1,1,400.0,True,False,0.03184508123457996
Line.ln6047566-1,Primary,2,2,2,400.0,True,False,0.015419325548075357
Line.ln6047566-1,Primary,2,3,3,400.0,True,False,0.02945373590417978
Line.ln6381855-1,Primary,1,1,3,400.0,True,True,0.001178033429264007
Line.ln6381855-1,Primary,2,1,3,400.0,True,False,0.0011789145096074533
Line.ln5943422-3,Primary,1,1,3,400.0,True,True,0.009971146688806404
Line.ln5943422-3,Primary,2,1,3,400.0,True,False,0.009971413166497129
Line.ln81048088-1,Primary,1,1,1,220.0,True,True,0.04404935410077692
Line.ln81048088-1,Primary,2,1,1,220.0,True,False,0.04404994140794673
Line.ln5683827-2,Primary,1,1,3,400.0,True,True,0.002013494128883317
Line.ln5683827-2,Primary,2,1,3,400.0,True,False,0.002013600644344332
Line.ln5532782-1,Primary,1,1,2,400.0,True,True,0.03237065331802403
Line.ln5532782-1,Primary,2,1,2,400.0,True,False,0.03237095451673364
Line.ln6106580-1,Primary,1,1,1,400.0,True,True,0.008264768201722889
Line.ln6106580-1,Primary,2,1,1,400.0,True,False,0.008265808676148621
Line.ln5562946-1,Primary,1,1,2,400.0,True,True,0.0038456409733646146
Line.ln5562946-1,Primary,2,1,2,400.0,True,False,0.003846107353857784
Line.ln5920279-2,Primary,1,1,1,400.0,True,True,0.4714823226329259
Line.ln5920279-2,Primary,1,2,2,400.0,True,True,0.45280603806428826
Line.ln5920279-2,Primary,1,3,3,400.0,True,True,0.3413515159913731
Line.ln5920279-2,Primary,2,1,1,400.0,True,False,0.4714823526457792
Line.ln5920279-2,Primary,2,2,2,400.0,True,False,0.45280608398176875
Line.ln5920279-2,Primary,2,3,3,400.0,True,False,0.34135127873927407
Line.ln5621886-1,Primary,1,1,1,400.0,True,True,0.02497019340675134
Line.ln5621886-1,Primary,1,2,2,400.0,True,True,0.004608672015761043
Line.ln5621886-1,Primary,1,3,3,400.0,True,True,3.684244155677804e-05
Line.ln5621886-1,Primary,2,1,1,400.0,True,False,0.024975102109590076
Line.ln5621886-1,Primary,2,2,2,400.0,True,False,0.004613924205222788
Line.ln5621886-1,Primary,2,3,3,400.0,True,False,1.9304947065377575e-05
Line.ln6290209-1,Primary,1,1,1,400.0,True,True,0.049163081420659845
Line.ln6290209-1,Primary,1,2,2,400.0,True,True,0.03917270280827419
Line.ln6290209-1,Primary,1,3,3,400.0,True,True,0.04126597540518689
Line.ln6290209-1,Primary,2,1,1,400.0,True,False,0.049173252772758226
Line.ln6290209-1,Primary,2,2,2,400.0,True,False,0.03918434885231917
Line.ln6290209-1,Primary,2,3,3,400.0,True,False,0.041273059532162384
Line.ln5863714-2,Primary,1,1,1,400.0,True,True,0.41838753536387085
Line.ln5863714-2,Primary,1,2,2,400.0,True,True,0.4319655931030317
Line.ln5863714-2,Primary,1,3,3,400.0,True,True,0.31296248417161576
Line.ln5863714-2,Primary,2,1,1,400.0,True,False,0.4183875265729678
Line.ln5863714-2,Primary,2,2,2,400.0,True,False,0.43196559450441036
Line.ln5863714-2,Primary,2,3,3,400.0,True,False,0.3129623132348577
Line.ln6106583-4,Primary,1,1,1,400.0,True,True,0.011383590627729819
Line.ln6106583-4,Primary,2,1,1,400.0,True,False,0.011383691363731947
Line.ln6015794-1,Primary,1,1,1,400.0,True,True,0.0017316553581893568
Line.ln6015794-1,Primary,2,1,1,400.0,True,False,0.0017323787086178171
Line.ln81048103-2,Primary,1,1,2,220.0,True,True,0.03361410475699105
Line.ln81048103-2,Primary,2,1,2,220.0,True,False,0.03362624805538544
Line.ln6078689-1,Primary,1,1,3,400.0,True,True,0.0039664766799610215
Line.ln6078689-1,Primary,2,1,3,400.0,True,False,0.00396677395451763
Line.ln5683805-1,Primary,1,1,3,400.0,True,True,0.0020110792009306235
Line.ln5683805-1,Primary,2,1,3,400.0,True,False,0.0020129236482305537
Line.ln6199558-1,Primary,1,1,3,400.0,True,True,0.045708440177876015
Line.ln6199558-1,Primary,2,1,3,400.0,True,False,0.045709902759773796
Line.ln6286109-1,Primary,1,1,1,400.0,True,True,0.5566376493946837
Line.ln6286109-1,Primary,1,2,2,400.0,True,True,0.5514134336589859
Line.ln6286109-1,Primary,1,3,3,400.0,True,True,0.40632093767861943
Line.ln6286109-1,Primary,2,1,1,400.0,True,False,0.5566377361253741
Line.ln6286109-1,Primary,2,2,2,400.0,True,False,0.5514135462106552
Line.ln6286109-1,Primary,2,3,3,400.0,True,False,0.4063207955475718
Line.ln6350556-3,Primary,1,1,1,400.0,True,True,0.40846232747253763
Line.ln6350556-3,Primary,1,2,2,400.0,True,True,0.3561550973614272
Line.ln6350556-3,Primary,1,3,3,400.0,True,True,0.304135150995988
Line.ln6350556-3,Primary,2,1,1,400.0,True,False,0.4084622454697543
Line.ln6350556-3,Primary,2,2,2,400.0,True,False,0.3561548770061523
Line.ln6350556-3,Primary,2,3,3,400.0,True,False,0.3041343458642269
Line.ln5625548-1,Primary,1,1,1,400.0,True,True,0.004515298800977588
Line.ln5625548-1,Primary,2,1,1,400.0,True,False,0.004515401300782222
Line.ln6199546-1,Primary,1,1,2,400.0,True,True,0.0038453173391570132
Line.ln6199546-1,Primary,2,1,2,400.0,True,False,0.0038456409734280495
Line.ln6108136-1,Primary,1,1,1,400.0,True,True,0.1298998278194305
Line.ln6108136-1,Primary,1,2,2,400.0,True,True,0.1340649297023373
Line.ln6108136-1,Primary,1,3,3,400.0,True,True,0.10636229904991584
Line.ln6108136-1,Primary,2,1,1,400.0,True,False,0.12989880989109298
Line.ln6108136-1,Primary,2,2,2,400.0,True,False,0.1340639396643586
Line.ln6108136-1,Primary,2,3,3,400.0,True,False,0.1063606101451181
Line.ln5511594-1,Primary,1,1,1,400.0,True,True,0.003502042993708557
Line.ln5511594-1,Primary,2,1,1,400.0,True,False,0.0035020712014002713
Line.ln5986945-1,Primary,1,1,2,400.0,True,True,0.01632061014071817
Line.ln5986945-1,Primary,2,1,2,400.0,True,False,0.016321752231114803
Line.ln5746703-1,Primary,1,1,3,400.0,True,True,0.04905279480829749
Line.ln5746703-1,Primary,2,1,3,400.0,True,False,0.04905472929619962
Line.ln6049963-1,Primary,1,1,2,400.0,True,True,0.013972325354531648
Line.ln6049963-1,Primary,2,1,2,400.0,True,False,0.013972375861298514
Line.ln5803301-1,Primary,1,1,1,400.0,True,True,0.0010670906680562222
Line.ln5803301-1,Primary,2,1,1,400.0,True,False,0.001067240810277046
Line.ln6318740-2,Primary,1,1,3,400.0,True,True,0.003967112510569939
Line.ln6318740-2,Primary,2,1,3,400.0,True,False,0.003967257565833837
Line.ln6380803-1,Primary,1,1,2,400.0,True,True,0.0011638378223862683
Line.ln6380803-1,Primary,2,1,2,400.0,True,False,0.001165415602220492
Line.ln6170256-1,Primary,1,1,1,400.0,True,True,0.5323245109498527
Line.ln6170256-1,Primary,1,2,2,400.0,True,True,0.5176762043069786
Line.ln6170256-1,Primary,1,3,3,400.0,True,True,0.3678084910542605
Line.ln6170256-1,Primary,2,1,1,400.0,True,False,0.5323250667000352
Line.ln6170256-1,Primary,2,2,2,400.0,True,False,0.5176769325198065
Line.ln6170256-1,Primary,2,3,3,400.0,True,False,0.36780693052655633
Line.ln6077774-1,Primary,1,1,1,400.0,True,True,0.044407998756499534
Line.ln6077774-1,Primary,1,2,2,400.0,True,True,0.09847518346943543
Line.ln6077774-1,Primary,1,3,3,400.0,True,True,0.09298177271702646
Line.ln6077774-1,Primary,2,1,1,400.0,True,False,0.04441047288996778
Line.ln6077774-1,Primary,2,2,2,400.0,True,False,0.09847789087324489
Line.ln6077774-1,Primary,2,3,3,400.0,True,False,0.0929834562621471
Line.ln5649361-1,Primary,1,1,3,400.0,True,True,0.002762449338523254
Line.ln5649361-1,Primary,2,1,3,400.0,True,False,0.0027628948921419793
Line.ln6199504-1,Primary,1,1,1,400.0,True,True,0.008791396678419652
Line.ln6199504-1,Primary,2,1,1,400.0,True,False,0.008791864200407522
Line.ln6047558-1,Primary,1,1,2,400.0,True,True,0.0007535646102695151
Line.ln6047558-1,Primary,2,1,2,400.0,True,False,0.0007548497899907368
Line.ln5986924-1,Primary,1,1,1,400.0,True,True,0.003664282846340186
Line.ln5986924-1,Primary,2,1,1,400.0,True,False,0.0036654128732439336
Line.ln5593237-1,Primary,1,1,1,400.0,True,True,0.01651268391825405
Line.ln5593237-1,Primary,2,1,1,400.0,True,False,0.016513770916668013
Line.ln6347196-3,Primary,1,1,1,400.0,True,True,0.043414986816473176
Line.ln6347196-3,Primary,1,2,2,400.0,True,True,0.019833141106410872
Line.ln6347196-3,Primary,1,3,3,400.0,True,True,0.0399561497433032
Line.ln6347196-3,Primary,2,1,1,400.0,True,False,0.04341634275167892
Line.ln6347196-3,Primary,2,2,2,400.0,True,False,0.01983461695213655
Line.ln6347196-3,Primary,2,3,3,400.0,True,False,0.03995709055472477
Line.ln6228328-1,Primary,1,1,1,400.0,True,True,0.031854008476245914
Line.ln6228328-1,Primary,2,1,1,400.0,True,False,0.031854084669672524
Line.ln6047557-2,Primary,1,1,1,400.0,True,True,0.41838787585679127
Line.ln6047557-2,Primary,1,2,2,400.0,True,True,0.43268933365309237
Line.ln6047557-2,Primary,1,3,3,400.0,True,True,0.3129698206300166
Line.ln6047557-2,Primary,2,1,1,400.0,True,False,0.41838781962519817
Line.ln6047557-2,Primary,2,2,2,400.0,True,False,0.4326893606804951
Line.ln6047557-2,Primary,2,3,3,400.0,True,False,0.3129684934954716
Line.ln6230695-1,Primary,1,1,1,400.0,True,True,0.0017863797812608026
Line.ln6230695-1,Primary,2,1,1,400.0,True,False,0.0017865458843819167
Line.ln6379351-1,Primary,1,1,3,400.0,True,True,0.006579970102021342
Line.ln6379351-1,Primary,2,1,3,400.0,True,False,0.0065808641473462486
Line.ln81048230-1,Primary,1,1,2,220.0,True,True,0.005223505963490088
Line.ln81048230-1,Primary,2,1,2,220.0,True,False,0.005235445841481262
Line.ln5621833-3,Primary,1,1,3,400.0,True,True,0.0020011124684419495
Line.ln5621833-3,Primary,2,1,3,400.0,True,False,0.002001179027241648
Line.ln5593224-2,Primary,1,1,2,400.0,True,True,0.0019517689802857113
Line.ln5593224-2,Primary,2,1,2,400.0,True,False,0.001953706551502173
Line.ln5806918-2,Primary,1,1,1,400.0,True,True,0.024064501716381238
Line.ln5806918-2,Primary,2,1,1,400.0,True,False,0.024064608490107574
Line.ln7064337-2,Primary,1,1,3,400.0,True,True,0.002990935181390283
Line.ln7064337-2,Primary,2,1,3,400.0,True,False,0.0029910348810498993
Line.ln5774487-1,Primary,1,1,1,400.0,True,True,0.001060801851164491
Line.ln5774487-1,Primary,2,1,1,400.0,True,False,0.0010617020666714098
Line.ln6290226-1,Primary,1,1,2,400.0,True,True,0.0038249463362100495
Line.ln6290226-1,Primary,2,1,2,400.0,True,False,0.0038249775265518865
Line.ln6015788-1,Primary,1,1,1,400.0,True,True,0.019574640512666195
Line.ln6015788-1,Primary,2,1,1,400.0,True,False,0.019575201144119925
Line.ln5954962-1,Primary,1,1,2,400.0,True,True,0.0011599080432069565
Line.ln5954962-1,Primary,2,1,2,400.0,True,False,0.0011617717001052112
Line.ln5504712-1,Primary,1,1,1,400.0,True,True,0.0017609162082299467
Line.ln5504712-1,Primary,2,1,1,400.0,True,False,0.0017610636002479837
Line.ln5686246-1,Primary,1,1,1,400.0,True,True,0.007575817960637438
Line.ln5686246-1,Primary,2,1,1,400.0,True,False,0.007576351844013166
Line.ln6017296-1,Primary,1,1,3,400.0,True,True,0.003973921332297266
Line.ln6017296-1,Primary,2,1,3,400.0,True,False,0.003974165807245303
Line.ln6292462-1,Primary,1,1,2,400.0,True,True,0.0011511832053451973
Line.ln6292462-1,Primary,2,1,2,400.0,True,False,0.0011514298869805834
Line.ln5532743-1,Primary,1,1,1,400.0,True,True,0.11473335848550438
Line.ln5532743-1,Primary,1,2,2,400.0,True,True,0.13403813055581526
Line.ln5532743-1,Primary,1,3,3,400.0,True,True,0.10559033427780172
Line.ln5532743-1,Primary,2,1,1,400.0,True,False,0.11472834693850383
Line.ln5532743-1,Primary,2,2,2,400.0,True,False,0.13403425674218095
Line.ln5532743-1,Primary,2,3,3,400.0,True,False,0.10558360316427556
Line.ln6350549-1,Primary,1,1,3,400.0,True,True,0.0019874646500982894
Line.ln6350549-1,Primary,2,1,3,400.0,True,False,0.0019879006930907488
Line.ln6411370-1,Primary,1,1,3,400.0,True,True,0.001985741252657422
Line.ln6411370-1,Primary,2,1,3,400.0,True,False,0.0019864512057731214
Line.ln6199523-2,Primary,1,1,3,400.0,True,True,0.002007069185377012
Line.ln6199523-2,Primary,2,1,3,400.0,True,False,0.002007449019862381
Line.ln6047576-1,Primary,1,1,1,400.0,True,True,0.058544272280299126
Line.ln6047576-1,Primary,1,2,2,400.0,True,True,0.1075473472761943
Line.ln6047576-1,Primary,1,3,3,400.0,True,True,0.10354026732861527
Line.ln6047576-1,Primary,2,1,1,400.0,True,False,0.05854586900482391
Line.ln6047576-1,Primary,2,2,2,400.0,True,False,0.10754909026840019
Line.ln6047576-1,Primary,2,3,3,400.0,True,False,0.10354135767712695
Line.ln5561440-2,Primary,1,1,3,400.0,True,True,0.0011830039187736311
Line.ln5561440-2,Primary,2,1,3,400.0,True,False,0.0011832535742087795
Line.ln6318745-2,Primary,1,1,3,400.0,True,True,0.028262023653292907
Line.ln6318745-2,Primary,2,1,3,400.0,True,False,0.028262387139087023
Line.ln5623391-1,Primary,1,1,3,400.0,True,True,0.0019744950192625526
Line.ln5623391-1,Primary,2,1,3,400.0,True,False,0.001976140738518265
Line.ln6201695-3,Primary,1,1,1,400.0,True,True,0.0017611716493691463
Line.ln6201695-3,Primary,2,1,1,400.0,True,False,0.0017616888578212918
Line.ln6321458-1,Primary,1,1,1,400.0,True,True,0.004401809640670374
Line.ln6321458-1,Primary,2,1,1,400.0,True,False,0.004402743908980645
Line.ln6018241-1,Primary,1,1,3,400.0,True,True,0.001184740078799054
Line.ln6018241-1,Primary,2,1,3,400.0,True,False,0.0011856877744229753
Line.ln5864458-1,Primary,1,1,3,400.0,True,True,0.00632851766331567
Line.ln5864458-1,Primary,2,1,3,400.0,True,False,0.006328595425191584
Line.ln81048107-3,Primary,1,1,2,220.0,True,True,0.017655473973418455
Line.ln81048107-3,Primary,2,1,2,220.0,True,False,0.017669724447050686
Line.ln5684838-1,Primary,1,1,1,400.0,True,True,0.47837018526410097
Line.ln5684838-1,Primary,1,2,2,400.0,True,True,0.4539190245625794
Line.ln5684838-1,Primary,1,3,3,400.0,True,True,0.34317759616207183
Line.ln5684838-1,Primary,2,1,1,400.0,True,False,0.4783703700079906
Line.ln5684838-1,Primary,2,2,2,400.0,True,False,0.4539192692434622
Line.ln5684838-1,Primary,2,3,3,400.0,True,False,0.3431764670457404
Line.ln5957502-1,Primary,1,1,3,400.0,True,True,0.0031713260864331566
Line.ln5957502-1,Primary,2,1,3,400.0,True,False,0.00317179302121332
Line.ln6262263-1,Primary,1,1,1,400.0,True,True,0.006384997067476845
Line.ln6262263-1,Primary,2,1,1,400.0,True,False,0.006385981486698594
Line.ln6018329-1,Primary,1,1,2,400.0,True,True,0.0011450570889192562
Line.ln6018329-1,Primary,2,1,2,400.0,True,False,0.0011461484974884869
Line.ln5679773-1,Primary,1,1,1,400.0,True,True,0.002476556224180879
Line.ln5679773-1,Primary,2,1,1,400.0,True,False,0.002476637937049359
Line.ln6077443-1,Primary,1,1,1,400.0,True,True,0.026170022908605244
Line.ln6077443-1,Primary,1,2,2,400.0,True,True,0.06471610768188896
Line.ln6077443-1,Primary,1,3,3,400.0,True,True,0.025514940544829227
Line.ln6077443-1,Primary,2,1,1,400.0,True,False,0.026170233429066273
Line.ln6077443-1,Primary,2,2,2,400.0,True,False,0.06471633249289742
Line.ln6077443-1,Primary,2,3,3,400.0,True,False,0.025515098648002346
Line.ln5956497-1,Primary,1,1,1,400.0,True,True,0.0026317958527548885
Line.ln5956497-1,Primary,2,1,1,400.0,True,False,0.0026325337786701174
Line.ln6411393-1,Primary,1,1,1,400.0,True,True,0.0007008556710189882
Line.ln6411393-1,Primary,2,1,1,400.0,True,False,0.0007019867180102359
Line.ln6505939-4,Primary,1,1,2,400.0,True,True,0.02450030179634818
Line.ln6505939-4,Primary,2,1,2,400.0,True,False,0.024500334633884534
Line.ln5653465-1,Primary,1,1,1,400.0,True,True,0.0010504303032539714
Line.ln5653465-1,Primary,2,1,1,400.0,True,False,0.001051158818358228
Line.ln6320362-1,Primary,1,1,3,400.0,True,True,0.0030309967096073774
Line.ln6320362-1,Primary,2,1,3,400.0,True,False,0.0030315538911218826
Line.ln6359077-1,Primary,1,1,3,400.0,True,True,0.003962740430725272
Line.ln6359077-1,Primary,2,1,3,400.0,True,False,0.00396370687248487
Line.ln6268990-3,Primary,1,1,3,400.0,True,True,0.017818647875549945
Line.ln6268990-3,Primary,2,1,3,400.0,True,False,0.017818805557326223
Line.ln8961797-2,Primary,1,1,3,220.0,True,True,4.003308108178919e-05
Line.ln8961797-2,Primary,2,1,3,220.0,True,False,1.0458453736211031e-13
Line.ln5472366-1,Primary,1,1,2,400.0,True,True,0.027855884921196058
Line.ln5472366-1,Primary,2,1,2,400.0,True,False,0.027856963444173755
Line.ln5865266-1,Primary,1,1,1,400.0,True,True,0.012480995187258294
Line.ln5865266-1,Primary,2,1,1,400.0,True,False,0.012481502785196769
Line.ln5533709-1,Primary,1,1,2,400.0,True,True,0.0018874294133218728
Line.ln5533709-1,Primary,2,1,2,400.0,True,False,0.0018884842964756044
Line.ln6044631-1,Primary,1,1,1,400.0,True,True,1.794240107803425e-05
Line.ln6044631-1,Primary,1,2,2,400.0,True,True,1.9018117037909197e-05
Line.ln6044631-1,Primary,1,3,3,400.0,True,True,1.8503771087535656e-05
Line.ln6044631-1,Primary,2,1,1,400.0,True,False,1.1440400022922138e-14
Line.ln6044631-1,Primary,2,2,2,400.0,True,False,1.3649080239232024e-14
Line.ln6044631-1,Primary,2,3,3,400.0,True,False,1.833145176601317e-14
Line.ln5956474-1,Primary,1,1,1,400.0,True,True,0.001060210756964529
Line.ln5956474-1,Primary,2,1,1,400.0,True,False,0.001061288666446673
Line.ln5500962-1,Primary,1,1,2,400.0,True,True,0.001924455975642379
Line.ln5500962-1,Primary,2,1,2,400.0,True,False,0.0019248183635537988
Line.ln5587291-4,Primary,1,1,1,400.0,True,True,0.4272925568797952
Line.ln5587291-4,Primary,1,2,2,400.0,True,True,0.43722022697004226
Line.ln5587291-4,Primary,1,3,3,400.0,True,True,0.3380807695500011
Line.ln5587291-4,Primary,2,1,1,400.0,True,False,0.42729260036477207
Line.ln5587291-4,Primary,2,2,2,400.0,True,False,0.43722033637493546
Line.ln5587291-4,Primary,2,3,3,400.0,True,False,0.33807974054505174
Line.ln6047563-1,Primary,1,1,1,400.0,True,True,0.0010472737564692226
Line.ln6047563-1,Primary,2,1,1,400.0,True,False,0.001047892903743628
Line.ln5473414-1,Primary,1,1,1,400.0,True,True,0.8068389666157898
Line.ln5473414-1,Primary,1,2,2,400.0,True,True,0.7949573757154005
Line.ln5473414-1,Primary,1,3,3,400.0,True,True,0.7692317466810796
Line.ln5473414-1,Primary,2,1,1,400.0,True,False,0.8068396156603492
Line.ln5473414-1,Primary,2,2,2,400.0,True,False,0.7949581546769519
Line.ln5473414-1,Primary,2,3,3,400.0,True,False,0.7692310723343266
Line.ln6320338-1,Primary,1,1,2,400.0,True,True,0.0019319988705958707
Line.ln6320338-1,Primary,2,1,2,400.0,True,False,0.001932290153636118
Line.ln6260030-1,Primary,1,1,3,400.0,True,True,0.0011960135507915817
Line.ln6260030-1,Primary,2,1,3,400.0,True,False,0.0011970941845553954
Line.ln6364659-1,Primary,1,1,1,400.0,True,True,0.01081116773464364
Line.ln6364659-1,Primary,1,2,2,400.0,True,True,0.011913206227223446
Line.ln6364659-1,Primary,1,3,3,400.0,True,True,0.010521493053163761
Line.ln6364659-1,Primary,2,1,1,400.0,True,False,0.010813037056496643
Line.ln6364659-1,Primary,2,2,2,400.0,True,False,0.011915241150204283
Line.ln6364659-1,Primary,2,3,3,400.0,True,False,0.010522956642411894
Line.ln5714062-1,Primary,1,1,2,400.0,True,True,4.52910377819213e-06
Line.ln5714062-1,Primary,2,1,2,400.0,True,False,3.8853630691471744e-14
Line.ln5479790-2,Primary,1,1,1,400.0,True,True,0.015104289320728022
Line.ln5479790-2,Primary,2,1,1,400.0,True,False,0.015107230799899835
Line.ln5775438-1,Primary,1,1,1,400.0,True,True,0.48354850179728937
Line.ln5775438-1,Primary,1,2,2,400.0,True,True,0.4539182586265774
Line.ln5775438-1,Primary,1,3,3,400.0,True,True,0.34318102629356934
Line.ln5775438-1,Primary,2,1,1,400.0,True,False,0.48354884633646783
Line.ln5775438-1,Primary,2,2,2,400.0,True,False,0.45391867640735756
Line.ln5775438-1,Primary,2,3,3,400.0,True,False,0.3431791753221898
Line.ln6077777-1,Primary,1,1,1,400.0,True,True,0.0017700861160386213
Line.ln6077777-1,Primary,2,1,1,400.0,True,False,0.0017707186021782475
Line.ln5965099-9,Primary,1,1,1,400.0,True,True,0.006997474461870005
Line.ln5965099-9,Primary,1,2,2,400.0,True,True,5.243244063021636e-06
Line.ln5965099-9,Primary,1,3,3,400.0,True,True,0.04840138309498603
Line.ln5965099-9,Primary,2,1,1,400.0,True,False,0.006998783706787621
Line.ln5965099-9,Primary,2,2,2,400.0,True,False,2.3733503710713723e-07
Line.ln5965099-9,Primary,2,3,3,400.0,True,False,0.048402306190454034
Line.ln6048525-1,Primary,1,1,3,400.0,True,True,0.0185171430889495
Line.ln6048525-1,Primary,2,1,3,400.0,True,False,0.018517879495455945
Line.ln5500984-3,Primary,1,1,1,400.0,True,True,0.02118979408453149
Line.ln5500984-3,Primary,2,1,1,400.0,True,False,0.021189925112438276
Line.ln6259990-1,Primary,1,1,1,400.0,True,True,0.0010605529661737586
Line.ln6259990-1,Primary,2,1,1,400.0,True,False,0.001061280912192136
Line.ln5654470-1,Primary,1,1,2,400.0,True,True,0.0015244704081457305
Line.ln5654470-1,Primary,2,1,2,400.0,True,False,0.0015277066722652138
Line.ln6229796-1,Primary,1,1,1,400.0,True,True,0.0017489637192046245
Line.ln6229796-1,Primary,2,1,1,400.0,True,False,0.0017501722557962463
Line.ln5742816-1,Primary,1,1,2,400.0,True,True,0.014849332156378374
Line.ln5742816-1,Primary,2,1,2,400.0,True,False,0.014850005537419457
Line.ln5623395-1,Primary,1,1,2,400.0,True,True,0.04082117249436906
Line.ln5623395-1,Primary,2,1,2,400.0,True,False,0.04082239892803166
Line.ln6001653-3,Primary,1,1,1,400.0,True,True,0.030962582031406786
Line.ln6001653-3,Primary,1,2,2,400.0,True,True,0.061086374642316595
Line.ln6001653-3,Primary,1,3,3,400.0,True,True,0.0231208042133524
Line.ln6001653-3,Primary,2,1,1,400.0,True,False,0.03096264042083379
Line.ln6001653-3,Primary,2,2,2,400.0,True,False,0.061086437187525836
Line.ln6001653-3,Primary,2,3,3,400.0,True,False,0.023120845641463897
Line.ln5532757-1,Primary,1,1,1,400.0,True,True,0.0017487219974204077
Line.ln5532757-1,Primary,2,1,1,400.0,True,False,0.0017493839890365182
Line.ln5896824-1,Primary,1,1,3,400.0,True,True,0.0019895122338604303
Line.ln5896824-1,Primary,2,1,3,400.0,True,False,0.0019899537502392727
Line.ln8978753-2,Primary,1,1,1,190.0,True,True,0.03638864343574587
Line.ln8978753-2,Primary,1,2,2,190.0,True,True,0.03993007711170346
Line.ln8978753-2,Primary,1,3,3,190.0,True,True,0.04179250579598732
Line.ln8978753-2,Primary,2,1,1,190.0,True,False,0.03639795224173751
Line.ln8978753-2,Primary,2,2,2,190.0,True,False,0.039939366876711846
Line.ln8978753-2,Primary,2,3,3,190.0,True,False,0.04180181605342513
Line.ln5528572-3,Primary,1,1,1,400.0,True,True,0.004177096226502267
Line.ln5528572-3,Primary,2,1,1,400.0,True,False,0.004178316802508924
Line.ln6350577-1,Primary,1,1,1,400.0,True,True,0.035218298317559536
Line.ln6350577-1,Primary,1,2,2,400.0,True,True,0.0626746264975689
Line.ln6350577-1,Primary,1,3,3,400.0,True,True,0.023631374430742175
Line.ln6350577-1,Primary,2,1,1,400.0,True,False,0.035220754798929915
Line.ln6350577-1,Primary,2,2,2,400.0,True,False,0.06267728775098645
Line.ln6350577-1,Primary,2,3,3,400.0,True,False,0.02363315313492913
Line.ln5943422-4,Primary,1,1,3,400.0,True,True,0.009971413166429516
Line.ln5943422-4,Primary,2,1,3,400.0,True,False,0.009972031013989972
Line.ln5744334-1,Primary,1,1,3,400.0,True,True,0.0011937459861000037
Line.ln5744334-1,Primary,2,1,3,400.0,True,False,0.001195006655878788
Line.ln5533708-1,Primary,1,1,2,400.0,True,True,0.003847521288872305
Line.ln5533708-1,Primary,2,1,2,400.0,True,False,0.003847891139914065
Line.ln5898056-1,Primary,1,1,3,400.0,True,True,0.019969381787652927
Line.ln5898056-1,Primary,2,1,3,400.0,True,False,0.019969478276459913
Line.ln6381845-1,Primary,1,1,3,400.0,True,True,0.0011789145096103202
Line.ln6381845-1,Primary,2,1,3,400.0,True,False,0.0011796526750142346
Line.ln5527400-1,Primary,1,1,1,400.0,True,True,0.15755015551429669
Line.ln5527400-1,Primary,1,2,2,400.0,True,True,0.16455100870291584
Line.ln5527400-1,Primary,1,3,3,400.0,True,True,0.15145032720284135
Line.ln5527400-1,Primary,2,1,1,400.0,True,False,0.1575500154195191
Line.ln5527400-1,Primary,2,2,2,400.0,True,False,0.16455087610069682
Line.ln5527400-1,Primary,2,3,3,400.0,True,False,0.15145014602345197
Line.ln6138590-1,Primary,1,1,2,400.0,True,True,0.0019491095761397825
Line.ln6138590-1,Primary,2,1,2,400.0,True,False,0.0019502913413182886
Line.ln6229817-1,Primary,1,1,2,400.0,True,True,0.002284612275527878
Line.ln6229817-1,Primary,2,1,2,400.0,True,False,0.0022848014878039695
Line.ln5965099-2,Primary,1,1,1,400.0,True,True,0.005243450217290918
Line.ln5965099-2,Primary,1,2,2,400.0,True,True,2.3733524886783796e-07
Line.ln5965099-2,Primary,1,3,3,400.0,True,True,0.04840230619058195
Line.ln5965099-2,Primary,2,1,1,400.0,True,False,0.005243499786554992
Line.ln5965099-2,Primary,2,2,2,400.0,True,False,4.364014925787157e-08
Line.ln5965099-2,Primary,2,3,3,400.0,True,False,0.048402341908502865
Line.ln5865233-1,Primary,1,1,1,400.0,True,True,0.00281623488674699
Line.ln5865233-1,Primary,2,1,1,400.0,True,False,0.002816245033450283
Line.ln6991381-8,Primary,1,1,1,400.0,True,True,0.0017507420369252285
Line.ln6991381-8,Primary,2,1,1,400.0,True,False,0.0017511994126196311
Line.ln6077798-1,Primary,1,1,1,400.0,True,True,0.40912203326579294
Line.ln6077798-1,Primary,1,2,2,400.0,True,True,0.3568618617772961
Line.ln6077798-1,Primary,1,3,3,400.0,True,True,0.30660050640356507
Line.ln6077798-1,Primary,2,1,1,400.0,True,False,0.40912191006952453
Line.ln6077798-1,Primary,2,2,2,400.0,True,False,0.35686146646714834
Line.ln6077798-1,Primary,2,3,3,400.0,True,False,0.30659892910333975
Line.ln5926306-1,Primary,1,1,1,400.0,True,True,0.00494147235610656
Line.ln5926306-1,Primary,2,1,1,400.0,True,False,0.0049428105865841135
Line.ln5604685-2,Primary,1,1,1,400.0,True,True,0.0035447870761755105
Line.ln5604685-2,Primary,1,2,2,400.0,True,True,0.00387457358261007
Line.ln5604685-2,Primary,1,3,3,400.0,True,True,0.0040227151714643085
Line.ln5604685-2,Primary,2,1,1,400.0,True,False,0.0035462663912869735
Line.ln5604685-2,Primary,2,2,2,400.0,True,False,0.0038761627972757674
Line.ln5604685-2,Primary,2,3,3,400.0,True,False,0.004023798191921923
Line.ln6199509-1,Primary,1,1,2,400.0,True,True,0.008522624467479695
Line.ln6199509-1,Primary,2,1,2,400.0,True,False,0.008524071035645899
Line.ln5957491-1,Primary,1,1,2,400.0,True,True,0.0011474744656026796
Line.ln5957491-1,Primary,2,1,2,400.0,True,False,0.0011478665409686503
Line.a8611_48332_sw,Primary,1,1,1,400.0,True,True,0.18547235934020395
Line.a8611_48332_sw,Primary,1,2,2,400.0,True,True,0.206256672982169
Line.a8611_48332_sw,Primary,1,3,3,400.0,True,True,0.25151153045659563
Line.a8611_48332_sw,Primary,2,1,1,400.0,True,False,0.18547235692515493
Line.a8611_48332_sw,Primary,2,2,2,400.0,True,False,0.2062566710962601
Line.a8611_48332_sw,Primary,2,3,3,400.0,True,False,0.2515115293286616
Line.ln5799561-2,Primary,1,1,1,400.0,True,True,0.1854744550882841
Line.ln5799561-2,Primary,1,2,2,400.0,True,True,0.20625835051677816
Line.ln5799561-2,Primary,1,3,3,400.0,True,True,0.25151322388122954
Line.ln5799561-2,Primary,2,1,1,400.0,True,False,0.18547235934049744
Line.ln5799561-2,Primary,2,2,2,400.0,True,False,0.20625667297918338
Line.ln5799561-2,Primary,2,3,3,400.0,True,False,0.2515115304569138
Line.ln5986932-1,Primary,1,1,3,400.0,True,True,0.00199109733750304
Line.ln5986932-1,Primary,2,1,3,400.0,True,False,0.0019919607774445966
Line.ln5805767-1,Primary,1,1,3,400.0,True,True,0.002388427753286659
Line.ln5805767-1,Primary,2,1,3,400.0,True,False,0.002389136688843249
Line.ln5502539-1,Primary,1,1,1,400.0,True,True,0.0026370100090158987
Line.ln5502539-1,Primary,2,1,1,400.0,True,False,0.0026385683229802016
Line.ln6201850-1,Primary,1,1,1,400.0,True,True,0.16181838573678983
Line.ln6201850-1,Primary,1,2,2,400.0,True,True,0.1735611456064219
Line.ln6201850-1,Primary,1,3,3,400.0,True,True,0.22279870574857594
Line.ln6201850-1,Primary,2,1,1,400.0,True,False,0.1618156045422067
Line.ln6201850-1,Primary,2,2,2,400.0,True,False,0.17355862509760658
Line.ln6201850-1,Primary,2,3,3,400.0,True,False,0.22279657474869916
Line.ln6506313-4,Primary,1,1,1,400.0,True,True,0.01142192012755733
Line.ln6506313-4,Primary,2,1,1,400.0,True,False,0.01142194318105985
Line.ln6169254-1,Primary,1,1,1,400.0,True,True,0.007036880642918556
Line.ln6169254-1,Primary,2,1,1,400.0,True,False,0.007037051656350713
Line.ln5565094-1,Primary,1,1,2,400.0,True,True,0.04555803222314223
Line.ln5565094-1,Primary,2,1,2,400.0,True,False,0.045558079335167624
Line.ln5534968-1,Primary,1,1,1,400.0,True,True,0.0017607938125621112
Line.ln5534968-1,Primary,2,1,1,400.0,True,False,0.0017615542837351745
Line.ln5621837-2,Primary,1,1,2,400.0,True,True,0.002904279521795619
Line.ln5621837-2,Primary,2,1,2,400.0,True,False,0.0029043598075216277
Line.ln6206281-1,Primary,1,1,2,400.0,True,True,0.0011700988141717346
Line.ln6206281-1,Primary,2,1,2,400.0,True,False,0.0011709123540993738
Line.ln5593234-1,Primary,1,1,1,400.0,True,True,0.12990782563888337
Line.ln5593234-1,Primary,1,2,2,400.0,True,True,0.1340727084464986
Line.ln5593234-1,Primary,1,3,3,400.0,True,True,0.13480618249207904
Line.ln5593234-1,Primary,2,1,1,400.0,True,False,0.12990422321596068
Line.ln5593234-1,Primary,2,2,2,400.0,True,False,0.13406920474003176
Line.ln5593234-1,Primary,2,3,3,400.0,True,False,0.13480224848143932
Line.ln6260021-1,Primary,1,1,1,400.0,True,True,0.0417623901387459
Line.ln6260021-1,Primary,1,2,2,400.0,True,True,0.030354935372210883
Line.ln6260021-1,Primary,1,3,3,400.0,True,True,0.04008898516088259
Line.ln6260021-1,Primary,2,1,1,400.0,True,False,0.04176554386159179
Line.ln6260021-1,Primary,2,2,2,400.0,True,False,0.030358406593681452
Line.ln6260021-1,Primary,2,3,3,400.0,True,False,0.04009118283043727
Line.ln6076268-1,Primary,1,1,1,400.0,True,True,0.02321109139329877
Line.ln6076268-1,Primary,2,1,1,400.0,True,False,0.023211228200419452
Line.ln6015889-3,Primary,1,1,1,400.0,True,True,0.004134628689845223
Line.ln6015889-3,Primary,2,1,1,400.0,True,False,0.004135504775787804
Line.ln6169251-1,Primary,1,1,1,400.0,True,True,0.04175933539249927
Line.ln6169251-1,Primary,1,2,2,400.0,True,True,0.03150566846352995
Line.ln6169251-1,Primary,1,3,3,400.0,True,True,0.04008685716333162
Line.ln6169251-1,Primary,2,1,1,400.0,True,False,0.04175942995147981
Line.ln6169251-1,Primary,2,2,2,400.0,True,False,0.03150577230472355
Line.ln6169251-1,Primary,2,3,3,400.0,True,False,0.040086923024095215
Line.ln5985351-2,Primary,1,1,3,400.0,True,True,0.004020807578801191
Line.ln5985351-2,Primary,2,1,3,400.0,True,False,0.004022651145299121
Line.ln6228304-1,Primary,1,1,2,400.0,True,True,0.025494126773154685
Line.ln6228304-1,Primary,2,1,2,400.0,True,False,0.0254947085190781
Line.ln5774496-1,Primary,1,1,1,400.0,True,True,0.030691832043602426
Line.ln5774496-1,Primary,1,2,2,400.0,True,True,0.05382537517555857
Line.ln5774496-1,Primary,1,3,3,400.0,True,True,0.0011838880745082933
Line.ln5774496-1,Primary,2,1,1,400.0,True,False,0.030693465674141548
Line.ln5774496-1,Primary,2,2,2,400.0,True,False,0.05382714276611653
Line.ln5774496-1,Primary,2,3,3,400.0,True,False,0.0011849725586659803
Line.ln5653460-6,Primary,1,1,1,400.0,True,True,0.14936645053980757
Line.ln5653460-6,Primary,1,2,2,400.0,True,True,0.11737178553770539
Line.ln5653460-6,Primary,1,3,3,400.0,True,True,0.08002948560943743
Line.ln5653460-6,Primary,2,1,1,400.0,True,False,0.1493681033038545
Line.ln5653460-6,Primary,2,2,2,400.0,True,False,0.1173735903002937
Line.ln5653460-6,Primary,2,3,3,400.0,True,False,0.08003061669547767
Line.ln8979370-1,Primary,1,1,1,220.0,True,True,0.004759955200724937
Line.ln8979370-1,Primary,2,1,1,220.0,True,False,0.004780283351362695
Line.ln5746705-1,Primary,1,1,1,400.0,True,True,0.0017511567929715877
Line.ln5746705-1,Primary,2,1,1,400.0,True,False,0.0017512723057591531
Line.ln5804801-1,Primary,1,1,1,400.0,True,True,0.0034907760741086247
Line.ln5804801-1,Primary,2,1,1,400.0,True,False,0.0034913536103294385
Line.ln5774486-1,Primary,1,1,1,400.0,True,True,0.019700753501862917
Line.ln5774486-1,Primary,2,1,1,400.0,True,False,0.019701454627213642
Line.ln6350535-1,Primary,1,1,1,400.0,True,True,0.0017535855822886743
Line.ln6350535-1,Primary,2,1,1,400.0,True,False,0.0017550101438884669
Line.ln6290230-1,Primary,1,1,1,400.0,True,True,0.4122824902396717
Line.ln6290230-1,Primary,1,2,2,400.0,True,True,0.36702656821428564
Line.ln6290230-1,Primary,1,3,3,400.0,True,True,0.30929431885677133
Line.ln6290230-1,Primary,2,1,1,400.0,True,False,0.4122848838776094
Line.ln6290230-1,Primary,2,2,2,400.0,True,False,0.36702920643314196
Line.ln6290230-1,Primary,2,3,3,400.0,True,False,0.30929593705619907
Line.ln5895812-1,Primary,1,1,1,400.0,True,True,0.008743477794322023
Line.ln5895812-1,Primary,1,2,2,400.0,True,True,0.06873294123491963
Line.ln5895812-1,Primary,1,3,3,400.0,True,True,0.05359170832776423
Line.ln5895812-1,Primary,2,1,1,400.0,True,False,0.008744266449938387
Line.ln5895812-1,Primary,2,2,2,400.0,True,False,0.06873384451970069
Line.ln5895812-1,Primary,2,3,3,400.0,True,False,0.053592264638302495
Line.ln5807090-1,Primary,1,1,2,400.0,True,True,0.002683003538633601
Line.ln5807090-1,Primary,2,1,2,400.0,True,False,0.0026831271958650117
Line.ln6201702-3,Primary,1,1,1,400.0,True,True,0.009908850612014096
Line.ln6201702-3,Primary,2,1,1,400.0,True,False,0.009909013705503842
Line.ln6320340-1,Primary,1,1,2,400.0,True,True,0.005037235894891162
Line.ln6320340-1,Primary,2,1,2,400.0,True,False,0.005040149616277104
Line.ln6047602-1,Primary,1,1,2,400.0,True,True,0.017343821226542135
Line.ln6047602-1,Primary,2,1,2,400.0,True,False,0.01734475707209236
Line.ln6017291-1,Primary,1,1,2,400.0,True,True,0.0019313926240792287
Line.ln6017291-1,Primary,2,1,2,400.0,True,False,0.0019327530449426103
Line.ln6506319-2,Primary,1,1,3,400.0,True,True,0.001997903701801641
Line.ln6506319-2,Primary,2,1,3,400.0,True,False,0.001999123879943503
Line.ln6350554-1,Primary,1,1,2,400.0,True,True,0.0011473686355000562
Line.ln6350554-1,Primary,2,1,2,400.0,True,False,0.00114809575030692
Line.ln5534964-1,Primary,1,1,2,400.0,True,True,0.001151429887102299
Line.ln5534964-1,Primary,2,1,2,400.0,True,False,0.0011516295503495434
Line.ln5502559-1,Primary,1,1,2,400.0,True,True,0.003098329857742148
Line.ln5502559-1,Primary,2,1,2,400.0,True,False,0.003099303904505426
Line.ln5745360-1,Primary,1,1,3,400.0,True,True,0.0011879110859343252
Line.ln5745360-1,Primary,2,1,3,400.0,True,False,0.0011901666226770827
Line.ln6199517-1,Primary,1,1,1,400.0,True,True,0.041758095487613674
Line.ln6199517-1,Primary,1,2,2,400.0,True,True,0.031504306961401204
Line.ln6199517-1,Primary,1,3,3,400.0,True,True,0.04008599362053843
Line.ln6199517-1,Primary,2,1,1,400.0,True,False,0.04175933539242899
Line.ln6199517-1,Primary,2,2,2,400.0,True,False,0.031505668462661465
Line.ln6199517-1,Primary,2,3,3,400.0,True,False,0.04008685716395731
Line.ln5562936-1,Primary,1,1,1,400.0,True,True,0.012121285260378643
Line.ln5562936-1,Primary,2,1,1,400.0,True,False,0.012121959087735114
Line.ln5830952-1,Primary,1,1,2,400.0,True,True,0.004725945510360696
Line.ln5830952-1,Primary,2,1,2,400.0,True,False,0.004726077929297288
Line.ln5803984-2,Primary,1,1,2,400.0,True,True,0.018161358283449683
Line.ln5803984-2,Primary,2,1,2,400.0,True,False,0.018162562794713535
Line.ln5706733-1,Primary,1,1,3,400.0,True,True,0.005969185696050806
Line.ln5706733-1,Primary,2,1,3,400.0,True,False,0.005971137257007778
Line.ln5865240-1,Primary,1,1,2,400.0,True,True,0.0011542132371293067
Line.ln5865240-1,Primary,2,1,2,400.0,True,False,0.0011551281055089567
Line.ln6425615-1,Primary,1,1,1,400.0,True,True,0.02080948058468154
Line.ln6425615-1,Primary,1,2,2,400.0,True,True,0.022766040230450778
Line.ln6425615-1,Primary,1,3,3,400.0,True,True,0.02157554991908868
Line.ln6425615-1,Primary,2,1,1,400.0,True,False,0.020812439764923432
Line.ln6425615-1,Primary,2,2,2,400.0,True,False,0.022769299475544312
Line.ln6425615-1,Primary,2,3,3,400.0,True,False,0.021577755948579275
Line.ln6048598-2,Primary,1,1,2,400.0,True,True,0.001913495239312821
Line.ln6048598-2,Primary,2,1,2,400.0,True,False,0.0019140108645968978
Line.ln6291253-1,Primary,1,1,1,400.0,True,True,0.15888921329618572
Line.ln6291253-1,Primary,1,2,2,400.0,True,True,0.1735526166773872
Line.ln6291253-1,Primary,1,3,3,400.0,True,True,0.15618467169189246
Line.ln6291253-1,Primary,2,1,1,400.0,True,False,0.15888687508779978
Line.ln6291253-1,Primary,2,2,2,400.0,True,False,0.17355057249239025
Line.ln6291253-1,Primary,2,3,3,400.0,True,False,0.15618159265360523
Line.ln6199514-1,Primary,1,1,1,400.0,True,True,0.022337079145244874
Line.ln6199514-1,Primary,2,1,1,400.0,True,False,0.02233775526435589
Line.ln6137086-2,Primary,1,1,2,400.0,True,True,0.026524307306486698
Line.ln6137086-2,Primary,2,1,2,400.0,True,False,0.02652455515565679
Line.ln6321372-2,Primary,1,1,1,400.0,True,True,0.4680430507657746
Line.ln6321372-2,Primary,1,2,2,400.0,True,True,0.45280664597738884
Line.ln6321372-2,Primary,1,3,3,400.0,True,True,0.34062539748968235
Line.ln6321372-2,Primary,2,1,1,400.0,True,False,0.46804307264996814
Line.ln6321372-2,Primary,2,2,2,400.0,True,False,0.45280668310037775
Line.ln6321372-2,Primary,2,3,3,400.0,True,False,0.34062519594122664
Line.ln6320326-1,Primary,1,1,3,400.0,True,True,0.001201991695116132
Line.ln6320326-1,Primary,2,1,3,400.0,True,False,0.0012032447283883212
Line.ln6169246-1,Primary,1,1,1,400.0,True,True,0.05139104155698527
Line.ln6169246-1,Primary,1,2,2,400.0,True,True,0.10371870734915857
Line.ln6169246-1,Primary,1,3,3,400.0,True,True,0.10355003380801757
Line.ln6169246-1,Primary,2,1,1,400.0,True,False,0.05139176137911754
Line.ln6169246-1,Primary,2,2,2,400.0,True,False,0.10371948848823317
Line.ln6169246-1,Primary,2,3,3,400.0,True,False,0.10355052186262055
Line.ln6350533-4,Primary,1,1,1,400.0,True,True,0.02841888198166208
Line.ln6350533-4,Primary,1,2,2,400.0,True,True,0.07162307278776715
Line.ln6350533-4,Primary,1,3,3,400.0,True,True,0.053583040069871225
Line.ln6350533-4,Primary,2,1,1,400.0,True,False,0.028422494374724834
Line.ln6350533-4,Primary,2,2,2,400.0,True,False,0.07162705658799434
Line.ln6350533-4,Primary,2,3,3,400.0,True,False,0.05358548769749549
Line.ln6231993-1,Primary,1,1,1,400.0,True,True,0.03272130490911349
Line.ln6231993-1,Primary,1,2,2,400.0,True,True,0.06107990785695301
Line.ln6231993-1,Primary,1,3,3,400.0,True,True,0.025107054834396843
Line.ln6231993-1,Primary,2,1,1,400.0,True,False,0.0327225076614163
Line.ln6231993-1,Primary,2,2,2,400.0,True,False,0.061081198907884854
Line.ln6231993-1,Primary,2,3,3,400.0,True,False,0.025107903833070044
Line.ln6048521-1,Primary,1,1,3,400.0,True,True,0.001187459265236592
Line.ln6048521-1,Primary,2,1,3,400.0,True,False,0.001188110329022207
Line.ln5487004-7,Primary,1,1,3,400.0,True,True,0.001990514671036089
Line.ln5487004-7,Primary,2,1,3,400.0,True,False,0.001990738071792664
Line.ln4625876_sw,Primary,1,1,1,400.0,True,True,0.006370934619665125
Line.ln4625876_sw,Primary,1,2,2,400.0,True,True,5.171065342817933e-05
Line.ln4625876_sw,Primary,1,3,3,400.0,True,True,0.014530911353546984
Line.ln4625876_sw,Primary,2,1,1,400.0,True,False,0.006370936583956356
Line.ln4625876_sw,Primary,2,2,2,400.0,True,False,5.170291575314614e-05
Line.ln4625876_sw,Primary,2,3,3,400.0,True,False,0.01453091333862378
Line.ln5835167-6,Primary,1,1,1,400.0,True,True,0.006369577871654526
Line.ln5835167-6,Primary,1,2,2,400.0,True,True,5.669221826805453e-05
Line.ln5835167-6,Primary,1,3,3,400.0,True,True,0.014529994484280948
Line.ln5835167-6,Primary,2,1,1,400.0,True,False,0.0063709346193993955
Line.ln5835167-6,Primary,2,2,2,400.0,True,False,5.171065376198593e-05
Line.ln5835167-6,Primary,2,3,3,400.0,True,False,0.014530911356760741
Line.ln6320327-1,Primary,1,1,3,400.0,True,True,0.02408232008663233
Line.ln6320327-1,Primary,2,1,3,400.0,True,False,0.024084308849402575
Line.ln5928744-1,Primary,1,1,1,400.0,True,True,0.010860736222467936
Line.ln5928744-1,Primary,1,2,2,400.0,True,True,0.006877930549375889
Line.ln5928744-1,Primary,1,3,3,400.0,True,True,4.2702364282485035e-05
Line.ln5928744-1,Primary,2,1,1,400.0,True,False,0.01086126933737515
Line.ln5928744-1,Primary,2,2,2,400.0,True,False,0.006878490066894267
Line.ln5928744-1,Primary,2,3,3,400.0,True,False,4.076631793567796e-05
Line.ln6013613-1,Primary,1,1,2,400.0,True,True,0.0029318262575378164
Line.ln6013613-1,Primary,2,1,2,400.0,True,False,0.002932804711155793
Line.ln5563901-2,Primary,1,1,1,400.0,True,True,0.46804307264918676
Line.ln5563901-2,Primary,1,2,2,400.0,True,True,0.452806683100621
Line.ln5563901-2,Primary,1,3,3,400.0,True,True,0.33990237912569476
Line.ln5563901-2,Primary,2,1,1,400.0,True,False,0.4680432158402736
Line.ln5563901-2,Primary,2,2,2,400.0,True,False,0.4528069277616313
Line.ln5563901-2,Primary,2,3,3,400.0,True,False,0.33990103032346825
Line.ln5924705-2,Primary,1,1,1,400.0,True,True,0.0010429069825365427
Line.ln5924705-2,Primary,2,1,1,400.0,True,False,0.001043372679540003
Line.ln6504018-1,Primary,1,1,1,400.0,True,True,0.7747561462049732
Line.ln6504018-1,Primary,1,2,2,400.0,True,True,0.7629474251016114
Line.ln6504018-1,Primary,1,3,3,400.0,True,True,0.6976021650621358
Line.ln6504018-1,Primary,2,1,1,400.0,True,False,0.7747570976782573
Line.ln6504018-1,Primary,2,2,2,400.0,True,False,0.7629487350300405
Line.ln6504018-1,Primary,2,3,3,400.0,True,False,0.6975988845280088
Line.ln6292826-1,Primary,1,1,1,400.0,True,True,0.049161170698250205
Line.ln6292826-1,Primary,1,2,2,400.0,True,True,0.041093019450427336
Line.ln6292826-1,Primary,1,3,3,400.0,True,True,0.04126464584185377
Line.ln6292826-1,Primary,2,1,1,400.0,True,False,0.049161273473069554
Line.ln6292826-1,Primary,2,2,2,400.0,True,False,0.041093136887575106
Line.ln6292826-1,Primary,2,3,3,400.0,True,False,0.04126471734682089
Line.ln5624381-1,Primary,1,1,1,400.0,True,True,2.898756639659517e-06
Line.ln5624381-1,Primary,2,1,1,400.0,True,False,4.5474735088646414e-14
Line.ln5804823-1,Primary,1,1,1,400.0,True,True,0.005307374475760549
Line.ln5804823-1,Primary,2,1,1,400.0,True,False,0.005308020216245568
Line.ln6047583-1,Primary,1,1,1,400.0,True,True,0.05943996934713632
Line.ln6047583-1,Primary,1,2,2,400.0,True,True,0.0686160448602449
Line.ln6047583-1,Primary,1,3,3,400.0,True,True,0.026407668683486266
Line.ln6047583-1,Primary,2,1,1,400.0,True,False,0.0594413499278366
Line.ln6047583-1,Primary,2,2,2,400.0,True,False,0.06861753545027065
Line.ln6047583-1,Primary,2,3,3,400.0,True,False,0.026408658382242985
Line.ln5593244-1,Primary,1,1,2,400.0,True,True,0.0011436800435258498
Line.ln5593244-1,Primary,2,1,2,400.0,True,False,0.001144716019128766
Line.ln5744336-1,Primary,1,1,1,400.0,True,True,0.031847033630558186
Line.ln5744336-1,Primary,1,2,2,400.0,True,True,0.010023522374867113
Line.ln5744336-1,Primary,1,3,3,400.0,True,True,0.029455061144954223
Line.ln5744336-1,Primary,2,1,1,400.0,True,False,0.03184893876737768
Line.ln5744336-1,Primary,2,2,2,400.0,True,False,0.010025703572547713
Line.ln5744336-1,Primary,2,3,3,400.0,True,False,0.029456354765286064
Line.ln6900591-8,Primary,1,1,1,400.0,True,True,0.0159913618318185
Line.ln6900591-8,Primary,2,1,1,400.0,True,False,0.01599213925649575
Line.ln5562924-1,Primary,1,1,2,400.0,True,True,0.023221478123509845
Line.ln5562924-1,Primary,2,1,2,400.0,True,False,0.023223026693789516
Line.ln5835148-1,Primary,1,1,1,400.0,True,True,0.0017409573694061103
Line.ln5835148-1,Primary,2,1,1,400.0,True,False,0.0017418543343437835
Line.ln6047579-1,Primary,1,1,3,400.0,True,True,0.001193340590768621
Line.ln6047579-1,Primary,2,1,3,400.0,True,False,0.0011941059893888684
Line.ln5804799-1,Primary,1,1,1,400.0,True,True,0.001763307165869643
Line.ln5804799-1,Primary,2,1,1,400.0,True,False,0.0017640328320775824
Line.ln5956466-1,Primary,1,1,1,400.0,True,True,0.03185155318163757
Line.ln5956466-1,Primary,1,2,2,400.0,True,True,3.2016310481162616e-06
Line.ln5956466-1,Primary,1,3,3,400.0,True,True,3.1303516590358365e-06
Line.ln5956466-1,Primary,2,1,1,400.0,True,False,0.031852407196441945
Line.ln5956466-1,Primary,2,2,2,400.0,True,False,1.6019762327967815e-13
Line.ln5956466-1,Primary,2,3,3,400.0,True,False,1.6269535826721328e-13
Line.ln5712578-1,Primary,1,1,1,400.0,True,True,0.0010494580513820083
Line.ln5712578-1,Primary,2,1,1,400.0,True,False,0.001050534742952408
Line.ln5958700-2,Primary,1,1,1,400.0,True,True,0.003801173537563371
Line.ln5958700-2,Primary,2,1,1,400.0,True,False,0.0038015506818498868
Line.ln81048103-1,Primary,1,1,2,220.0,True,True,0.04434871496407389
Line.ln81048103-1,Primary,2,1,2,220.0,True,False,0.044353787783549745
Line.ln6259981-1,Primary,1,1,2,400.0,True,True,0.0023196205113304403
Line.ln6259981-1,Primary,2,1,2,400.0,True,False,0.002319624018846868
Line.ln8939783-1,Primary,1,1,1,220.0,True,True,0.006443291858917303
Line.ln8939783-1,Primary,2,1,1,220.0,True,False,0.0064603511736427656
Line.ln6350543-1,Primary,1,1,1,400.0,True,True,0.00353462225861816
Line.ln6350543-1,Primary,1,2,2,400.0,True,True,4.148722007581598e-05
Line.ln6350543-1,Primary,1,3,3,400.0,True,True,0.00931231861264762
Line.ln6350543-1,Primary,2,1,1,400.0,True,False,0.0035373259346743223
Line.ln6350543-1,Primary,2,2,2,400.0,True,False,3.147925825755041e-05
Line.ln6350543-1,Primary,2,3,3,400.0,True,False,0.009314187248021417
Line.ln5661951-2,Primary,1,1,1,400.0,True,True,0.0017495475602643746
Line.ln5661951-2,Primary,2,1,1,400.0,True,False,0.001749663185658841
Line.ln5683815-1,Primary,1,1,1,400.0,True,True,0.0017288280294298361
Line.ln5683815-1,Primary,2,1,1,400.0,True,False,0.0017292292633479022
Line.ln5715051-1,Primary,1,1,1,400.0,True,True,0.0010413071996098748
Line.ln5715051-1,Primary,2,1,1,400.0,True,False,0.001042261231760133
Line.ln5865231-1,Primary,1,1,3,400.0,True,True,0.0019855660671975113
Line.ln5865231-1,Primary,2,1,3,400.0,True,False,0.0019858864906279216
Line.ln5621857-2,Primary,1,1,1,400.0,True,True,0.0010345467255683674
Line.ln5621857-2,Primary,2,1,1,400.0,True,False,0.0010347193098392904
Line.ln81048110-3,Primary,1,1,1,220.0,True,True,3.172615296595713e-06
Line.ln81048110-3,Primary,2,1,1,220.0,True,False,5.818556153013367e-07
Line.ln6076247-1,Primary,1,1,3,400.0,True,True,0.0019953239464137328
Line.ln6076247-1,Primary,2,1,3,400.0,True,False,0.0019960546814710932
Line.ln8979370-2,Primary,1,1,1,220.0,True,True,5.581106455224869e-05
Line.ln8979370-2,Primary,2,1,1,220.0,True,False,4.677162698740904e-14
Line.ln5985348-2,Primary,1,1,2,400.0,True,True,0.04129192325619278
Line.ln5985348-2,Primary,2,1,2,400.0,True,False,0.0412925041175754
Line.ln6138600-1,Primary,1,1,3,400.0,True,True,0.007425438464617269
Line.ln6138600-1,Primary,2,1,3,400.0,True,False,0.007426233225108639
Line.ln5866235-1,Primary,1,1,2,400.0,True,True,0.0018843878713314252
Line.ln5866235-1,Primary,2,1,2,400.0,True,False,0.0018894286288391401
Line.ln5774452-1,Primary,1,1,3,400.0,True,True,0.0011942465398186938
Line.ln5774452-1,Primary,2,1,3,400.0,True,False,0.001194401488317323
Line.ln5898408-1,Primary,1,1,2,400.0,True,True,0.07556332850299655
Line.ln5898408-1,Primary,2,1,2,400.0,True,False,0.07556354614091408
Line.ln6108121-1,Primary,1,1,2,400.0,True,True,0.0019319136581601379
Line.ln6108121-1,Primary,2,1,2,400.0,True,False,0.001932384120845327
Line.ln6140775-4,Primary,1,1,3,400.0,True,True,0.003164416666146314
Line.ln6140775-4,Primary,2,1,3,400.0,True,False,0.003164553293516761
Line.ln6505942-2,Primary,1,1,2,400.0,True,True,0.008942324650696179
Line.ln6505942-2,Primary,2,1,2,400.0,True,False,0.0089435887921956
Line.ln6199529-1,Primary,1,1,3,400.0,True,True,0.0039798374754192786
Line.ln6199529-1,Primary,2,1,3,400.0,True,False,0.0039803309634620435
Line.ln5775469-1,Primary,1,1,2,400.0,True,True,0.00038028295865686186
Line.ln5775469-1,Primary,2,1,2,400.0,True,False,0.0003822852733721095
Line.ln5837356-1,Primary,1,1,1,400.0,True,True,0.002784131876624163
Line.ln5837356-1,Primary,2,1,1,400.0,True,False,0.0027842461025803338
Line.ln6991377-15,Primary,1,1,1,400.0,True,True,0.024923149401106882
Line.ln6991377-15,Primary,2,1,1,400.0,True,False,0.024923810249747273
Line.ln5774461-1,Primary,1,1,3,400.0,True,True,0.0011974938759831137
Line.ln5774461-1,Primary,2,1,3,400.0,True,False,0.0011985005596757974
Line.ln6078773-1,Primary,1,1,2,400.0,True,True,0.0019176553511879855
Line.ln6078773-1,Primary,2,1,2,400.0,True,False,0.0019185842328202445
Line.ln5768778-2,Primary,1,1,1,400.0,True,True,0.0017832604425661275
Line.ln5768778-2,Primary,2,1,1,400.0,True,False,0.0017849199371484858
Line.ln5804804-1,Primary,1,1,1,400.0,True,True,0.14937478544990287
Line.ln5804804-1,Primary,1,2,2,400.0,True,True,0.11738089436536175
Line.ln5804804-1,Primary,1,3,3,400.0,True,True,0.07805797580932476
Line.ln5804804-1,Primary,2,1,1,400.0,True,False,0.14937586553285528
Line.ln5804804-1,Primary,2,2,2,400.0,True,False,0.11738207609332378
Line.ln5804804-1,Primary,2,3,3,400.0,True,False,0.07805871788765852
Line.ln7167521-1,Primary,1,1,1,400.0,True,True,0.017282368865382435
Line.ln7167521-1,Primary,1,2,2,400.0,True,True,0.01896445826833762
Line.ln7167521-1,Primary,1,3,3,400.0,True,True,0.019849571148396427
Line.ln7167521-1,Primary,2,1,1,400.0,True,False,0.017283714328138515
Line.ln7167521-1,Primary,2,2,2,400.0,True,False,0.01896589700147836
Line.ln7167521-1,Primary,2,3,3,400.0,True,False,0.01985054859013569
Line.ln5745385-1,Primary,1,1,1,400.0,True,True,0.0017481044060773424
Line.ln5745385-1,Primary,2,1,1,400.0,True,False,0.0017487239089992944
Line.ln5487004-6,Primary,1,1,3,400.0,True,True,0.0019904072083862757
Line.ln5487004-6,Primary,2,1,3,400.0,True,False,0.0019905146709278967
Line.ln6108165-1,Primary,1,1,2,400.0,True,True,0.001911128507936588
Line.ln6108165-1,Primary,2,1,2,400.0,True,False,0.0019123438748090674
Line.ln6074369-2,Primary,1,1,2,400.0,True,True,0.0019103820535537309
Line.ln6074369-2,Primary,2,1,2,400.0,True,False,0.001910931897336961
Line.ln6320342-1,Primary,1,1,1,400.0,True,True,0.12294679276891346
Line.ln6320342-1,Primary,1,2,2,400.0,True,True,0.1154751057173248
Line.ln6320342-1,Primary,1,3,3,400.0,True,True,0.07607991195462384
Line.ln6320342-1,Primary,2,1,1,400.0,True,False,0.12294897780811315
Line.ln6320342-1,Primary,2,2,2,400.0,True,False,0.1154774911865463
Line.ln6320342-1,Primary,2,3,3,400.0,True,False,0.07608141255378151
Line.ln6991380-2,Primary,1,1,1,400.0,True,True,0.005259380468195101
Line.ln6991380-2,Primary,2,1,1,400.0,True,False,0.005260258380833727
Line.ln5894206-1,Primary,1,1,1,400.0,True,True,0.0192634717203265
Line.ln5894206-1,Primary,1,2,2,400.0,True,True,0.09530198608158384
Line.ln5894206-1,Primary,1,3,3,400.0,True,True,0.005916427967060771
Line.ln5894206-1,Primary,2,1,1,400.0,True,False,0.01926350830453134
Line.ln5894206-1,Primary,2,2,2,400.0,True,False,0.09530202609698703
Line.ln5894206-1,Primary,2,3,3,400.0,True,False,0.005916452775578082
Line.ln5835146-1,Primary,1,1,1,400.0,True,True,0.014755781891755455
Line.ln5835146-1,Primary,2,1,1,400.0,True,False,0.01475649084673494
Line.ln6163946-1,Primary,1,1,2,400.0,True,True,0.003852440797506044
Line.ln6163946-1,Primary,2,1,2,400.0,True,False,0.003852616378009823
Line.ln5624376-2,Primary,1,1,3,400.0,True,True,0.001184911342385144
Line.ln5624376-2,Primary,2,1,3,400.0,True,False,0.001185939730941322
Line.ln6505944-3,Primary,1,1,2,400.0,True,True,0.06758105182706696
Line.ln6505944-3,Primary,2,1,2,400.0,True,False,0.06758240561216239
Line.ln5803283-1,Primary,1,1,2,400.0,True,True,0.035251043706794966
Line.ln5803283-1,Primary,2,1,2,400.0,True,False,0.0352523274790287
Line.ln5517002-2,Primary,1,1,1,400.0,True,True,0.00699579862468435
Line.ln5517002-2,Primary,1,2,2,400.0,True,True,1.1667178844214784e-05
Line.ln5517002-2,Primary,1,3,3,400.0,True,True,0.05040058090121224
Line.ln5517002-2,Primary,2,1,1,400.0,True,False,0.006995858458231341
Line.ln5517002-2,Primary,2,2,2,400.0,True,False,1.1437500788301148e-05
Line.ln5517002-2,Primary,2,3,3,400.0,True,False,0.050400623209535894
Line.ln5835133-1,Primary,1,1,3,400.0,True,True,0.007426233225073536
Line.ln5835133-1,Primary,2,1,3,400.0,True,False,0.007427540382180015
Line.ln6320355-1,Primary,1,1,2,400.0,True,True,0.0011418689448437944
Line.ln6320355-1,Primary,2,1,2,400.0,True,False,0.0011428078347326253
Line.ln5873976-1,Primary,1,1,3,400.0,True,True,0.007938644025994533
Line.ln5873976-1,Primary,2,1,3,400.0,True,False,0.0079391263059182
Line.ln5502526-3,Primary,1,1,3,400.0,True,True,0.0011826914759774528
Line.ln5502526-3,Primary,2,1,3,400.0,True,False,0.0011831159982080665
Line.ln5865239-1,Primary,1,1,2,400.0,True,True,0.0019327530449784974
Line.ln5865239-1,Primary,2,1,2,400.0,True,False,0.0019338456055089433
Line.ln5800693-1,Primary,1,1,1,400.0,True,True,1.8604433168902698e-05
Line.ln5800693-1,Primary,1,2,2,400.0,True,True,1.9725246314225416e-05
Line.ln5800693-1,Primary,1,3,3,400.0,True,True,1.918951330737731e-05
Line.ln5800693-1,Primary,2,1,1,400.0,True,False,1.794240084400839e-05
Line.ln5800693-1,Primary,2,2,2,400.0,True,False,1.901811670053853e-05
Line.ln5800693-1,Primary,2,3,3,400.0,True,False,1.8503771889373835e-05
Line.ln5865246-2,Primary,1,1,1,400.0,True,True,0.0017706639332443843
Line.ln5865246-2,Primary,2,1,1,400.0,True,False,0.0017707232659755826
Line.ln5502526-2,Primary,1,1,3,400.0,True,True,0.0011825529829171575
Line.ln5502526-2,Primary,2,1,3,400.0,True,False,0.001182691476071897
Line.ln6320341-2,Primary,1,1,1,400.0,True,True,0.010721274921585288
Line.ln6320341-2,Primary,2,1,1,400.0,True,False,0.010722657664664164
Line.ln6049964-1,Primary,1,1,1,400.0,True,True,0.006273650117920291
Line.ln6049964-1,Primary,2,1,1,400.0,True,False,0.006273699031556137
Line.ln6198041-1,Primary,1,1,1,400.0,True,True,0.0017484357526751399
Line.ln6198041-1,Primary,2,1,1,400.0,True,False,0.0017492523172918373
Line.ln6411386-2,Primary,1,1,1,400.0,True,True,0.002608092178725431
Line.ln6411386-2,Primary,2,1,1,400.0,True,False,0.002608201604518757
Line.ln6350569-1,Primary,1,1,2,400.0,True,True,0.02652338220529525
Line.ln6350569-1,Primary,2,1,2,400.0,True,False,0.026524307306450452
Line.ln5472354-1,Primary,1,1,1,400.0,True,True,0.03185103035696258
Line.ln5472354-1,Primary,1,2,2,400.0,True,True,5.161896964483276e-06
Line.ln5472354-1,Primary,1,3,3,400.0,True,True,0.02945777547030209
Line.ln5472354-1,Primary,2,1,1,400.0,True,False,0.03185155318162351
Line.ln5472354-1,Primary,2,2,2,400.0,True,False,3.201631051285788e-06
Line.ln5472354-1,Primary,2,3,3,400.0,True,False,0.02945813066980483
Line.ln6017303-1,Primary,1,1,2,400.0,True,True,0.0011604092575725712
Line.ln6017303-1,Primary,2,1,2,400.0,True,False,0.0011611808656251815
Line.ln6411371-1,Primary,1,1,1,400.0,True,True,0.032881910377252924
Line.ln6411371-1,Primary,1,2,2,400.0,True,True,0.09721292510652643
Line.ln6411371-1,Primary,1,3,3,400.0,True,True,0.011073041878709684
Line.ln6411371-1,Primary,2,1,1,400.0,True,False,0.0328823734580818
Line.ln6411371-1,Primary,2,2,2,400.0,True,False,0.09721342923372657
Line.ln6411371-1,Primary,2,3,3,400.0,True,False,0.011073356186925199
Line.ln5623408-1,Primary,1,1,1,400.0,True,True,0.028941868103333757
Line.ln5623408-1,Primary,1,2,2,400.0,True,True,0.05382714276607872
Line.ln5623408-1,Primary,1,3,3,400.0,True,True,0.0011849725585792873
Line.ln5623408-1,Primary,2,1,1,400.0,True,False,0.028942835907504124
Line.ln5623408-1,Primary,2,2,2,400.0,True,False,0.053828190247405205
Line.ln5623408-1,Primary,2,3,3,400.0,True,False,0.0011856286619836283
Line.ln5744360-1,Primary,1,1,2,400.0,True,True,0.003080925053903592
Line.ln5744360-1,Primary,2,1,2,400.0,True,False,0.003081168913492024
Line.ln5563935-1,Primary,1,1,2,400.0,True,True,0.01244456824226995
Line.ln5563935-1,Primary,2,1,2,400.0,True,False,0.012444981224160743
Line.ln5744337-1,Primary,1,1,2,400.0,True,True,0.0019611922342312018
Line.ln5744337-1,Primary,2,1,2,400.0,True,False,0.0019619657366863937
Line.ln6274208-1,Primary,1,1,1,400.0,True,True,0.0028581876408399877
Line.ln6274208-1,Primary,1,2,2,400.0,True,True,0.003084938141955343
Line.ln6274208-1,Primary,1,3,3,400.0,True,True,0.0031660493531821547
Line.ln6274208-1,Primary,2,1,1,400.0,True,False,0.0028599291675915984
Line.ln6274208-1,Primary,2,2,2,400.0,True,False,0.0030868615887583778
Line.ln6274208-1,Primary,2,3,3,400.0,True,False,0.0031673090798892386
Line.ln5986936-1,Primary,1,1,1,400.0,True,True,0.0017518702395537909
Line.ln5986936-1,Primary,2,1,1,400.0,True,False,0.0017525066729657023
Line.ln6412352-1,Primary,1,1,2,400.0,True,True,0.0019143478436351837
Line.ln6412352-1,Primary,2,1,2,400.0,True,False,0.0019154123052014418
Line.ln5960126-1,Primary,1,1,3,400.0,True,True,0.0029903742052572184
Line.ln5960126-1,Primary,2,1,3,400.0,True,False,0.0029913423312146288
Line.ln5865247-1,Primary,1,1,2,400.0,True,True,0.005862210715064323
Line.ln5865247-1,Primary,2,1,2,400.0,True,False,0.005862855074174931
Line.ln5503575-1,Primary,1,1,1,400.0,True,True,0.18547093571847273
Line.ln5503575-1,Primary,1,2,2,400.0,True,True,0.206255533055684
Line.ln5503575-1,Primary,1,3,3,400.0,True,True,0.24878003826394024
Line.ln5503575-1,Primary,2,1,1,400.0,True,False,0.18546927208961134
Line.ln5503575-1,Primary,2,2,2,400.0,True,False,0.20625420047626947
Line.ln5503575-1,Primary,2,3,3,400.0,True,False,0.24877866297781911
Line.ln5863824-1,Primary,1,1,1,400.0,True,True,2.0713371667183173e-06
Line.ln5863824-1,Primary,2,1,1,400.0,True,False,8.134767913360664e-14
Line.ln6321372-3,Primary,1,1,1,400.0,True,True,0.4680429772930659
Line.ln6321372-3,Primary,1,2,2,400.0,True,True,0.4528065218390558
Line.ln6321372-3,Primary,1,3,3,400.0,True,True,0.3406260672627863
Line.ln6321372-3,Primary,2,1,1,400.0,True,False,0.4680430507649745
Line.ln6321372-3,Primary,2,2,2,400.0,True,False,0.4528066459776857
Line.ln6321372-3,Primary,2,3,3,400.0,True,False,0.34062539749000353
Line.ln5480058-1,Primary,1,1,1,400.0,True,True,0.00267724113972728
Line.ln5480058-1,Primary,2,1,1,400.0,True,False,0.00267797807266482
Line.ln6320367-2,Primary,1,1,1,400.0,True,True,0.03521651501801944
Line.ln6320367-2,Primary,1,2,2,400.0,True,True,0.06267269402335823
Line.ln6320367-2,Primary,1,3,3,400.0,True,True,0.02562169023958776
Line.ln6320367-2,Primary,2,1,1,400.0,True,False,0.035216993249565995
Line.ln6320367-2,Primary,2,2,2,400.0,True,False,0.06267321235640959
Line.ln6320367-2,Primary,2,3,3,400.0,True,False,0.02562203687266755
Line.ln6380810-1,Primary,1,1,1,400.0,True,True,0.017515950379502588
Line.ln6380810-1,Primary,1,2,2,400.0,True,True,0.09338331478879143
Line.ln6380810-1,Primary,1,3,3,400.0,True,True,0.0011750704773238882
Line.ln6380810-1,Primary,2,1,1,400.0,True,False,0.017517606097352575
Line.ln6380810-1,Primary,2,2,2,400.0,True,False,0.09338511821252048
Line.ln6380810-1,Primary,2,3,3,400.0,True,False,0.001176067914216273
Line.ln6504019-6,Primary,1,1,1,400.0,True,True,0.022442588925298095
Line.ln6504019-6,Primary,1,2,2,400.0,True,True,0.03297321258730687
Line.ln6504019-6,Primary,1,3,3,400.0,True,True,0.024987054005665085
Line.ln6504019-6,Primary,2,1,1,400.0,True,False,0.022446474430970313
Line.ln6504019-6,Primary,2,2,2,400.0,True,False,0.03297741143355708
Line.ln6504019-6,Primary,2,3,3,400.0,True,False,0.024989701921932696
Line.ln6392977-2,Primary,1,1,1,400.0,True,True,0.03185693481752777
Line.ln6392977-2,Primary,2,1,1,400.0,True,False,0.031857685870702555
Line.ln8978753-1,Primary,1,1,1,190.0,True,True,0.03638789279899391
Line.ln8978753-1,Primary,1,2,2,190.0,True,True,0.039929327905309696
Line.ln8978753-1,Primary,1,3,3,190.0,True,True,0.04179175487929561
Line.ln8978753-1,Primary,2,1,1,190.0,True,False,0.03638864343637442
Line.ln8978753-1,Primary,2,2,2,190.0,True,False,0.039930077116633926
Line.ln8978753-1,Primary,2,3,3,190.0,True,False,0.04179250580275039
Line.ln81048093-1,Primary,1,1,1,220.0,True,True,5.818529199512295e-07
Line.ln81048093-1,Primary,2,1,1,220.0,True,False,6.349926645105535e-12
Line.ln6046049-1,Primary,1,1,2,400.0,True,True,0.005744817235706485
Line.ln6046049-1,Primary,2,1,2,400.0,True,False,0.005746453623219782
Line.ln5744361-1,Primary,1,1,2,400.0,True,True,0.003088112653652009
Line.ln5744361-1,Primary,2,1,2,400.0,True,False,0.0030905266422683814
Line.ln6048526-1,Primary,1,1,3,400.0,True,True,0.0011932199288766695
Line.ln6048526-1,Primary,2,1,3,400.0,True,False,0.001194041805401265
Line.ln5496577-1,Primary,1,1,2,400.0,True,True,0.012444981224055995
Line.ln5496577-1,Primary,2,1,2,400.0,True,False,0.012445441070401972
Line.ln6326450-1,Primary,1,1,1,400.0,True,True,0.7573164729144373
Line.ln6326450-1,Primary,1,2,2,400.0,True,True,0.7618457488723132
Line.ln6326450-1,Primary,1,3,3,400.0,True,True,0.689771712100071
Line.ln6326450-1,Primary,2,1,1,400.0,True,False,0.757316491378505
Line.ln6326450-1,Primary,2,2,2,400.0,True,False,0.7618457842844657
Line.ln6326450-1,Primary,2,3,3,400.0,True,False,0.6897715919087539
Line.ln6318427-2,Primary,1,1,2,400.0,True,True,0.0038960569866113466
Line.ln6318427-2,Primary,2,1,2,400.0,True,False,0.003896993400359438
Line.ln6078775-1,Primary,1,1,1,400.0,True,True,0.0034487919102151082
Line.ln6078775-1,Primary,1,2,2,400.0,True,True,0.0038182722135546533
Line.ln6078775-1,Primary,1,3,3,400.0,True,True,0.005150042667878943
Line.ln6078775-1,Primary,2,1,1,400.0,True,False,0.003452583806760096
Line.ln6078775-1,Primary,2,2,2,400.0,True,False,0.0038224175760701432
Line.ln6078775-1,Primary,2,3,3,400.0,True,False,0.005152629625628823
Line.ln5956472-1,Primary,1,1,2,400.0,True,True,0.001957384346721104
Line.ln5956472-1,Primary,2,1,2,400.0,True,False,0.0019585802586651923
Line.ln6440003-1,Primary,1,1,1,400.0,True,True,0.007474086817809866
Line.ln6440003-1,Primary,2,1,1,400.0,True,False,0.007474764100618841
Line.ln5804788-1,Primary,1,1,3,400.0,True,True,0.0020053707493865257
Line.ln5804788-1,Primary,2,1,3,400.0,True,False,0.0020063507254755803
Line.ln5928543-1,Primary,1,1,1,400.0,True,True,0.002792781052016245
Line.ln5928543-1,Primary,2,1,1,400.0,True,False,0.002792896100658589
Line.ln6017293-1,Primary,1,1,1,400.0,True,True,0.0417551519647843
Line.ln6017293-1,Primary,1,2,2,400.0,True,True,0.03150107565364436
Line.ln6017293-1,Primary,1,3,3,400.0,True,True,0.04008394404803489
Line.ln6017293-1,Primary,2,1,1,400.0,True,False,0.04175679890686441
Line.ln6017293-1,Primary,2,2,2,400.0,True,False,0.03150288346209035
Line.ln6017293-1,Primary,2,3,3,400.0,True,False,0.04008509073057765
Line.ln6505948-2,Primary,1,1,1,400.0,True,True,0.022897791542586452
Line.ln6505948-2,Primary,2,1,1,400.0,True,False,0.022898921790704255
Line.ln6991379-4,Primary,1,1,1,400.0,True,True,0.00175031957949931
Line.ln6991379-4,Primary,2,1,1,400.0,True,False,0.001750830757878032
Line.ln5866274-1,Primary,1,1,2,400.0,True,True,0.005182023649137223
Line.ln5866274-1,Primary,2,1,2,400.0,True,False,0.005183338776791416
Line.ln6351523-2,Primary,1,1,3,400.0,True,True,0.07698140787170617
Line.ln6351523-2,Primary,2,1,3,400.0,True,False,0.07698158324571544
Line.ln6077776-1,Primary,1,1,3,400.0,True,True,0.006190847450006907
Line.ln6077776-1,Primary,2,1,3,400.0,True,False,0.006190888262481606
Line.ln6017294-1,Primary,1,1,1,400.0,True,True,0.04176679498252247
Line.ln6017294-1,Primary,1,2,2,400.0,True,True,0.027279209205893076
Line.ln6017294-1,Primary,1,3,3,400.0,True,True,0.04009205487072875
Line.ln6017294-1,Primary,2,1,1,400.0,True,False,0.04176818171204124
Line.ln6017294-1,Primary,2,2,2,400.0,True,False,0.02728074377409539
Line.ln6017294-1,Primary,2,3,3,400.0,True,False,0.040093021553093806
Line.ln5735714-1,Primary,1,1,3,400.0,True,True,0.0007875727527643281
Line.ln5735714-1,Primary,2,1,3,400.0,True,False,0.0007887216836664063
Line.ln5773033-1,Primary,1,1,3,400.0,True,True,0.0019810112309962156
Line.ln5773033-1,Primary,2,1,3,400.0,True,False,0.0019810839659968544
Line.ln5895769-1,Primary,1,1,2,400.0,True,True,0.0046714493499773035
Line.ln5895769-1,Primary,2,1,2,400.0,True,False,0.004671914406193386
Line.ln5637597-1,Primary,1,1,1,400.0,True,True,0.005243510943408712
Line.ln5637597-1,Primary,1,2,3,400.0,True,True,0.009010604177977838
Line.ln5637597-1,Primary,2,1,1,400.0,True,False,0.005243559347779699
Line.ln5637597-1,Primary,2,2,3,400.0,True,False,0.009013000703149062
Line.ln5898055-3,Primary,1,1,1,400.0,True,True,0.0035135015316996466
Line.ln5898055-3,Primary,2,1,1,400.0,True,False,0.0035135460610442493
Line.v9111_48332_sw,Primary,1,1,1,400.0,True,True,0.178749879561264
Line.v9111_48332_sw,Primary,1,2,2,400.0,True,True,0.14016093092203458
Line.v9111_48332_sw,Primary,1,3,3,400.0,True,True,0.15935350600926482
Line.v9111_48332_sw,Primary,2,1,1,400.0,True,False,0.1787498816273072
Line.v9111_48332_sw,Primary,2,2,2,400.0,True,False,0.140160933013975
Line.v9111_48332_sw,Primary,2,3,3,400.0,True,False,0.15935350807737414
Line.ln6108141-1,Primary,1,1,1,400.0,True,True,0.17874947767668614
Line.ln6108141-1,Primary,1,2,2,400.0,True,True,0.14016049642608638
Line.ln6108141-1,Primary,1,3,3,400.0,True,True,0.15935322293036472
Line.ln6108141-1,Primary,2,1,1,400.0,True,False,0.17874987956380764
Line.ln6108141-1,Primary,2,2,2,400.0,True,False,0.1401609309199471
Line.ln6108141-1,Primary,2,3,3,400.0,True,False,0.15935350601111983
Line.ln6260928-1,Primary,1,1,3,400.0,True,True,0.0049584772327193475
Line.ln6260928-1,Primary,2,1,3,400.0,True,False,0.004959031709181955
Line.ln8979249-2,Primary,1,1,1,190.0,True,True,0.007523833062755601
Line.ln8979249-2,Primary,1,2,2,190.0,True,True,0.008144665597689189
Line.ln8979249-2,Primary,1,3,3,190.0,True,True,0.008357501975156785
Line.ln8979249-2,Primary,2,1,1,190.0,True,False,0.007531499742716845
Line.ln8979249-2,Primary,2,2,2,190.0,True,False,0.008152396992110938
Line.ln8979249-2,Primary,2,3,3,190.0,True,False,0.008365387431272221
Line.ln81354564-8,Primary,1,1,3,220.0,True,True,0.021820696906015465
Line.ln81354564-8,Primary,2,1,3,220.0,True,False,0.021833541597555687
Line.ln6380813-1,Primary,1,1,1,400.0,True,True,0.041756798906974736
Line.ln6380813-1,Primary,1,2,2,400.0,True,True,0.03150288346204612
Line.ln6380813-1,Primary,1,3,3,400.0,True,True,0.04008509073045899
Line.ln6380813-1,Primary,2,1,1,400.0,True,False,0.041758095487746116
Line.ln6380813-1,Primary,2,2,2,400.0,True,False,0.03150430696145817
Line.ln6380813-1,Primary,2,3,3,400.0,True,False,0.04008599362045816
Line.ln6411386-3,Primary,1,1,1,400.0,True,True,0.0026082016052895634
Line.ln6411386-3,Primary,2,1,1,400.0,True,False,0.0026083005106157546
Line.ln5774449-1,Primary,1,1,1,400.0,True,True,0.0010353236510422582
Line.ln5774449-1,Primary,2,1,1,400.0,True,False,0.0010358586672345824
Line.ln5926302-1,Primary,1,1,1,400.0,True,True,0.031848938767358045
Line.ln5926302-1,Primary,1,2,2,400.0,True,True,0.008871295041098605
Line.ln5926302-1,Primary,1,3,3,400.0,True,True,0.029456354765269165
Line.ln5926302-1,Primary,2,1,1,400.0,True,False,0.031849796175718176
Line.ln5926302-1,Primary,2,2,2,400.0,True,False,0.008872277856516567
Line.ln5926302-1,Primary,2,3,3,400.0,True,False,0.029456937098034663
Line.ln6212942-1,Primary,1,1,2,400.0,True,True,0.0019463347642019804
Line.ln6212942-1,Primary,2,1,2,400.0,True,False,0.0019474593547637847
Line.ln5836177-1,Primary,1,1,2,400.0,True,True,0.0007627747656285652
Line.ln5836177-1,Primary,2,1,2,400.0,True,False,0.0007637657138668686
Line.x8271_48332_sw,Primary,1,1,3,400.0,True,True,0.006185948184901353
Line.x8271_48332_sw,Primary,2,1,3,400.0,True,False,0.006185950209109569
Line.ln5712486-1,Primary,1,1,3,400.0,True,True,0.0061858513181103905
Line.ln5712486-1,Primary,2,1,3,400.0,True,False,0.006185948188971507
Line.ln5803300-1,Primary,1,1,1,400.0,True,True,0.015301448696945363
Line.ln5803300-1,Primary,2,1,1,400.0,True,False,0.015302170711638106
Line.ln5878934-1,Primary,1,1,2,400.0,True,True,0.0039046865488548054
Line.ln5878934-1,Primary,2,1,2,400.0,True,False,0.0039057785378215394
Line.ln6047557-3,Primary,1,1,1,400.0,True,True,0.41838781962525723
Line.ln6047557-3,Primary,1,2,2,400.0,True,True,0.43268936068035335
Line.ln6047557-3,Primary,1,3,3,400.0,True,True,0.3129684934952732
Line.ln6047557-3,Primary,2,1,1,400.0,True,False,0.4183877870961911
Line.ln6047557-3,Primary,2,2,2,400.0,True,False,0.4326893746734107
Line.ln6047557-3,Primary,2,3,3,400.0,True,False,0.31296775005856853
Line.ln5986926-3,Primary,1,1,3,400.0,True,True,0.003980853345752129
Line.ln5986926-3,Primary,2,1,3,400.0,True,False,0.003981633051209127
Line.ln6411373-2,Primary,1,1,1,400.0,True,True,0.0017651152193394548
Line.ln6411373-2,Primary,2,1,1,400.0,True,False,0.001765241114383346
Line.ln6660515-2,Primary,1,1,2,400.0,True,True,0.0011674583646870491
Line.ln6660515-2,Primary,2,1,2,400.0,True,False,0.001167963346375951
Line.ln5865226-1,Primary,1,1,2,400.0,True,True,0.0011572643913101313
Line.ln5865226-1,Primary,2,1,2,400.0,True,False,0.0011580497893548607
Line.ln6198014-1,Primary,1,1,3,400.0,True,True,0.002799393286988567
Line.ln6198014-1,Primary,2,1,3,400.0,True,False,0.0027994736220236225
Line.ln6167754-3,Primary,1,1,2,400.0,True,True,0.0512250025977664
Line.ln6167754-3,Primary,2,1,2,400.0,True,False,0.05122508048804078
Line.ln5661951-3,Primary,1,1,1,400.0,True,True,0.001749663185871623
Line.ln5661951-3,Primary,2,1,1,400.0,True,False,0.0017499169746938684
Line.ln6138602-1,Primary,1,1,1,400.0,True,True,0.001762433763524666
Line.ln6138602-1,Primary,2,1,1,400.0,True,False,0.0017629138830466465
Line.ln6350530-1,Primary,1,1,2,400.0,True,True,0.014004779710678658
Line.ln6350530-1,Primary,2,1,2,400.0,True,False,0.014005539085823337
Line.ln6411384-1,Primary,1,1,2,400.0,True,True,0.01620957379490033
Line.ln6411384-1,Primary,2,1,2,400.0,True,False,0.01621087212661957
Line.ln5986931-2,Primary,1,1,2,400.0,True,True,0.001948153861517498
Line.ln5986931-2,Primary,2,1,2,400.0,True,False,0.0019489280675871726
Line.ln5804829-1,Primary,1,1,2,400.0,True,True,0.019288807780525528
Line.ln5804829-1,Primary,2,1,2,400.0,True,False,0.019290171974486743
Line.ln6383059-1,Primary,1,1,1,400.0,True,True,0.0017236381843063657
Line.ln6383059-1,Primary,1,2,2,400.0,True,True,4.615107105355293e-06
Line.ln6383059-1,Primary,1,3,3,400.0,True,True,4.505951777533466e-06
Line.ln6383059-1,Primary,2,1,1,400.0,True,False,0.00172395285657206
Line.ln6383059-1,Primary,2,2,2,400.0,True,False,3.482993669818729e-06
Line.ln6383059-1,Primary,2,3,3,400.0,True,False,3.4006144915142517e-06
Line.ln5532738-1,Primary,1,1,2,400.0,True,True,0.009727984004866514
Line.ln5532738-1,Primary,2,1,2,400.0,True,False,0.009728915367393726
Line.ln6506309-1,Primary,1,1,3,400.0,True,True,0.019173387948290894
Line.ln6506309-1,Primary,2,1,3,400.0,True,False,0.019174548468549966
Line.ln81354564-4,Primary,1,1,3,220.0,True,True,0.0290329074560593
Line.ln81354564-4,Primary,2,1,3,220.0,True,False,0.029033187787896347
Line.ln6492183-1,Primary,1,1,1,400.0,True,True,0.001780828664737061
Line.ln6492183-1,Primary,2,1,1,400.0,True,False,0.0017815425053305197
Line.ln5532753-1,Primary,1,1,1,400.0,True,True,0.05680716168962044
Line.ln5532753-1,Primary,1,2,2,400.0,True,True,0.10563110316008123
Line.ln5532753-1,Primary,1,3,3,400.0,True,True,0.10354558660137891
Line.ln5532753-1,Primary,2,1,1,400.0,True,False,0.05681019984057216
Line.ln5532753-1,Primary,2,2,2,400.0,True,False,0.10563441173812164
Line.ln5532753-1,Primary,2,3,3,400.0,True,False,0.10354765500341925
Line.v7041_48332_sw,Primary,1,1,1,400.0,True,True,0.05039007179995661
Line.v7041_48332_sw,Primary,1,2,2,400.0,True,True,0.06586841538985962
Line.v7041_48332_sw,Primary,1,3,3,400.0,True,True,0.02551132574261397
Line.v7041_48332_sw,Primary,2,1,1,400.0,True,False,0.050390073827268296
Line.v7041_48332_sw,Primary,2,2,2,400.0,True,False,0.0658684174421347
Line.v7041_48332_sw,Primary,2,3,3,400.0,True,False,0.02551132789609317
Line.ln5867591-1,Primary,1,1,1,400.0,True,True,0.050390005948208305
Line.ln5867591-1,Primary,1,2,2,400.0,True,True,0.06586834296084822
Line.ln5867591-1,Primary,1,3,3,400.0,True,True,0.025511274969807127
Line.ln5867591-1,Primary,2,1,1,400.0,True,False,0.0503900717980758
Line.ln5867591-1,Primary,2,2,2,400.0,True,False,0.06586841538390067
Line.ln5867591-1,Primary,2,3,3,400.0,True,False,0.02551132574155192
Line.ln5591284-1,Primary,1,1,1,400.0,True,True,0.003537325934644868
Line.ln5591284-1,Primary,1,2,2,400.0,True,True,3.147925828991257e-05
Line.ln5591284-1,Primary,1,3,3,400.0,True,True,0.008114865877572043
Line.ln5591284-1,Primary,2,1,1,400.0,True,False,0.003537959196498759
Line.ln5591284-1,Primary,2,2,2,400.0,True,False,2.9147288698746072e-05
Line.ln5591284-1,Primary,2,3,3,400.0,True,False,0.008115301662831717
Line.ln6201670-1,Primary,1,1,3,400.0,True,True,0.047871049997076406
Line.ln6201670-1,Primary,2,1,3,400.0,True,False,0.04787468814639553
Line.ln5986920-1,Primary,1,1,2,400.0,True,True,0.006828182498927652
Line.ln5986920-1,Primary,2,1,2,400.0,True,False,0.006828950152346819
Line.ln5865271-1,Primary,1,1,1,400.0,True,True,0.03069046715406432
Line.ln5865271-1,Primary,1,2,2,400.0,True,True,0.055753519535592454
Line.ln5865271-1,Primary,1,3,3,400.0,True,True,0.0011830037692555024
Line.ln5865271-1,Primary,2,1,1,400.0,True,False,0.030691832043614347
Line.ln5865271-1,Primary,2,2,2,400.0,True,False,0.055754996873658466
Line.ln5865271-1,Primary,2,3,3,400.0,True,False,0.0011838880745082933
Line.ln5774467-1,Primary,1,1,2,400.0,True,True,0.001938605366991314
Line.ln5774467-1,Primary,2,1,2,400.0,True,False,0.0019410948244633958
Line.ln5799408-1,Primary,1,1,1,400.0,True,True,0.4183881111298394
Line.ln5799408-1,Primary,1,2,2,400.0,True,True,0.4326891685886868
Line.ln5799408-1,Primary,1,3,3,400.0,True,True,0.31741289775755105
Line.ln5799408-1,Primary,2,1,1,400.0,True,False,0.4183880501988177
Line.ln5799408-1,Primary,2,2,2,400.0,True,False,0.43268922130126436
Line.ln5799408-1,Primary,2,3,3,400.0,True,False,0.3174111582989405
Line.ln6290207-1,Primary,1,1,1,400.0,True,True,0.0010399063720500645
Line.ln6290207-1,Primary,2,1,1,400.0,True,False,0.0010405769692847125
Line.ln5727681-1,Primary,1,1,2,400.0,True,True,0.005850459026886911
Line.ln5727681-1,Primary,2,1,2,400.0,True,False,0.005851020930199283
Line.ln6258429-1,Primary,1,1,1,400.0,True,True,0.012231284607292538
Line.ln6258429-1,Primary,2,1,1,400.0,True,False,0.01223220623662775
Line.ln6047575-3,Primary,1,1,1,400.0,True,True,0.0017249971847544386
Line.ln6047575-3,Primary,2,1,1,400.0,True,False,0.0017253018314615164
Line.ln5472350-1,Primary,1,1,2,400.0,True,True,0.0011408619181937634
Line.ln5472350-1,Primary,2,1,2,400.0,True,False,0.001141613897508542
Line.ln5695520-1,Primary,1,1,1,400.0,True,True,0.007227601926192449
Line.ln5695520-1,Primary,2,1,1,400.0,True,False,0.007227971955533656
Line.ln6350537-1,Primary,1,1,1,400.0,True,True,0.08353418415074058
Line.ln6350537-1,Primary,1,2,2,400.0,True,True,0.11081873387041957
Line.ln6350537-1,Primary,1,3,3,400.0,True,True,0.06834571086359117
Line.ln6350537-1,Primary,2,1,1,400.0,True,False,0.08353697022120907
Line.ln6350537-1,Primary,2,2,2,400.0,True,False,0.11082175524510023
Line.ln6350537-1,Primary,2,3,3,400.0,True,False,0.06834760322617663
Line.ln5472349-1,Primary,1,1,3,400.0,True,True,0.05089765400556881
Line.ln5472349-1,Primary,2,1,3,400.0,True,False,0.0508990885273794
Line.ln81043320-2,Primary,1,1,3,220.0,True,True,0.044168382364471855
Line.ln81043320-2,Primary,2,1,3,220.0,True,False,0.04417702565535142
Line.ln5593239-1,Primary,1,1,1,400.0,True,True,0.11333125140260927
Line.ln5593239-1,Primary,1,2,2,400.0,True,True,0.13329540391162445
Line.ln5593239-1,Primary,1,3,3,400.0,True,True,0.10556368771151728
Line.ln5593239-1,Primary,2,1,1,400.0,True,False,0.11332946746525846
Line.ln5593239-1,Primary,2,2,2,400.0,True,False,0.1332940425795198
Line.ln5593239-1,Primary,2,3,3,400.0,True,False,0.10556135057321965
Line.ln5744341-1,Primary,1,1,1,400.0,True,True,0.05178823414477152
Line.ln5744341-1,Primary,1,2,2,400.0,True,True,0.06381808259252003
Line.ln5744341-1,Primary,1,3,3,400.0,True,True,0.02641213401702283
Line.ln5744341-1,Primary,2,1,1,400.0,True,False,0.05178906595830053
Line.ln5744341-1,Primary,2,2,2,400.0,True,False,0.06381898099049184
Line.ln5744341-1,Primary,2,3,3,400.0,True,False,0.026412733420679776
Line.ln6495088-1,Primary,1,1,2,400.0,True,True,0.0011551826632171854
Line.ln6495088-1,Primary,2,1,2,400.0,True,False,0.0011562382435537388
Line.ln5653485-1,Primary,1,1,1,400.0,True,True,0.00460201023181773
Line.ln5653485-1,Primary,2,1,1,400.0,True,False,0.004602166998328158
Line.ln5472389-1,Primary,1,1,1,400.0,True,True,0.0036615045689632757
Line.ln5472389-1,Primary,2,1,1,400.0,True,False,0.0036626149309995524
Line.ln6286965-1,Primary,1,1,1,400.0,True,True,0.0035554123488366145
Line.ln6286965-1,Primary,1,2,2,400.0,True,True,0.0038453242035923906
Line.ln6286965-1,Primary,1,3,3,400.0,True,True,0.004009118553850336
Line.ln6286965-1,Primary,2,1,1,400.0,True,False,0.0035562218936710864
Line.ln6286965-1,Primary,2,2,2,400.0,True,False,0.0038461918827267178
Line.ln6286965-1,Primary,2,3,3,400.0,True,False,0.004009660182759261
Line.ln5894313-1,Primary,1,1,1,400.0,True,True,3.3807860196920997e-06
Line.ln5894313-1,Primary,2,1,1,400.0,True,False,5.823607568738997e-14
Line.ln6017290-1,Primary,1,1,2,400.0,True,True,0.0011636474617495508
Line.ln6017290-1,Primary,2,1,2,400.0,True,False,0.0011648991820028937
Line.ln8976560-3,Primary,1,1,3,220.0,True,True,0.005427105854928293
Line.ln8976560-3,Primary,2,1,3,220.0,True,False,0.005430089282601216
Line.ln6018330-1,Primary,1,1,3,400.0,True,True,0.0011842621405087034
Line.ln6018330-1,Primary,2,1,3,400.0,True,False,0.0011854206805862694
Line.ln5986946-1,Primary,1,1,2,400.0,True,True,0.0038442540510313723
Line.ln5986946-1,Primary,2,1,2,400.0,True,False,0.0038453173391226115
Line.ln5861081-1,Primary,1,1,3,400.0,True,True,0.003950148024016039
Line.ln5861081-1,Primary,2,1,3,400.0,True,False,0.003950260056199041
Line.ln6379462-1,Primary,1,1,1,400.0,True,True,0.03243117590527903
Line.ln6379462-1,Primary,1,2,2,400.0,True,True,0.058826084670921236
Line.ln6379462-1,Primary,1,3,3,400.0,True,True,0.00972066581268159
Line.ln6379462-1,Primary,2,1,1,400.0,True,False,0.032432030771792915
Line.ln6379462-1,Primary,2,2,2,400.0,True,False,0.05882701057576648
Line.ln6379462-1,Primary,2,3,3,400.0,True,False,0.009721278675284684
Line.ln5654480-1,Primary,1,1,1,400.0,True,True,0.003445721726189052
Line.ln5654480-1,Primary,1,2,2,400.0,True,True,0.012133418422167683
Line.ln5654480-1,Primary,1,3,3,400.0,True,True,0.005147951252627587
Line.ln5654480-1,Primary,2,1,1,400.0,True,False,0.003445840215466629
Line.ln5654480-1,Primary,2,2,2,400.0,True,False,0.012133550602758624
Line.ln5654480-1,Primary,2,3,3,400.0,True,False,0.005148031914507258
Line.ln6413568-1,Primary,1,1,1,400.0,True,True,0.005434603901907173
Line.ln6413568-1,Primary,2,1,1,400.0,True,False,0.005434656873892892
Line.ln6138598-1,Primary,1,1,1,400.0,True,True,0.0017622939395614007
Line.ln6138598-1,Primary,2,1,1,400.0,True,False,0.0017630395189711316
Line.ln6047574-3,Primary,1,1,3,400.0,True,True,0.003946715482402464
Line.ln6047574-3,Primary,2,1,3,400.0,True,False,0.003947045465196332
Line.ln5712507-1,Primary,1,1,1,400.0,True,True,1.0967146171158358e-05
Line.ln5712507-1,Primary,1,2,2,400.0,True,True,0.003847885672089234
Line.ln5712507-1,Primary,1,3,3,400.0,True,True,1.1340280812106405e-05
Line.ln5712507-1,Primary,2,1,1,400.0,True,False,5.467191097407296e-06
Line.ln5712507-1,Primary,2,2,2,400.0,True,False,0.0038496125745170794
Line.ln5712507-1,Primary,2,3,3,400.0,True,False,5.653206521599855e-06
Line.ln5684869-1,Primary,1,1,3,400.0,True,True,0.0023895891554727355
Line.ln5684869-1,Primary,2,1,3,400.0,True,False,0.0023906641055691426
Line.ln5621848-3,Primary,1,1,2,400.0,True,True,0.0018996669893617613
Line.ln5621848-3,Primary,2,1,2,400.0,True,False,0.0018997952125339385
Line.ln5895778-1,Primary,1,1,3,400.0,True,True,0.005175793796668171
Line.ln5895778-1,Primary,2,1,3,400.0,True,False,0.005176178146318527
Line.ln5988007-1,Primary,1,1,1,400.0,True,True,0.0034861954118926303
Line.ln5988007-1,Primary,2,1,1,400.0,True,False,0.0034867945758481687
Line.ln5744326-1,Primary,1,1,2,400.0,True,True,0.02690158181949955
Line.ln5744326-1,Primary,2,1,2,400.0,True,False,0.026902672425608856
Line.ln6381844-1,Primary,1,1,1,400.0,True,True,0.5688473709229986
Line.ln6381844-1,Primary,1,2,2,400.0,True,True,0.5609917000731616
Line.ln6381844-1,Primary,1,3,3,400.0,True,True,0.42814690172403563
Line.ln6381844-1,Primary,2,1,1,400.0,True,False,0.5688479427769884
Line.ln6381844-1,Primary,2,2,2,400.0,True,False,0.560992412828557
Line.ln6381844-1,Primary,2,3,3,400.0,True,False,0.42814625018551444
Line.ln5593231-1,Primary,1,1,2,400.0,True,True,0.05242752139365885
Line.ln5593231-1,Primary,2,1,2,400.0,True,False,0.052428438273987334
Line.ln5746549-1,Primary,1,1,2,400.0,True,True,0.0038526163776157786
Line.ln5746549-1,Primary,2,1,2,400.0,True,False,0.0038526441149477875
Line.l5397_48332_sw,Primary,1,1,1,400.0,True,True,0.01529033749815253
Line.l5397_48332_sw,Primary,2,1,1,400.0,True,False,0.015290339520499551
Line.ln6049822-1,Primary,1,1,1,400.0,True,True,0.01529020664609896
Line.ln6049822-1,Primary,2,1,1,400.0,True,False,0.015290337500140992
Line.ln5653468-1,Primary,1,1,1,400.0,True,True,0.010299690094260803
Line.ln5653468-1,Primary,2,1,1,400.0,True,False,0.010300158040925022
Line.ln5534967-1,Primary,1,1,3,400.0,True,True,0.007422736761725746
Line.ln5534967-1,Primary,2,1,3,400.0,True,False,0.00742394771803062
Line.ln6506307-4,Primary,1,1,1,400.0,True,True,0.002825061515734187
Line.ln6506307-4,Primary,1,2,2,400.0,True,True,1.7739445016529398e-07
Line.ln6506307-4,Primary,1,3,3,400.0,True,True,1.725265765375747e-07
Line.ln6506307-4,Primary,2,1,1,400.0,True,False,0.0028251101810345385
Line.ln6506307-4,Primary,2,2,2,400.0,True,False,3.310560714453459e-12
Line.ln6506307-4,Primary,2,3,3,400.0,True,False,2.3999633416636267e-12
Line.ln6170303-1,Primary,1,1,2,400.0,True,True,0.0022959287603010743
Line.ln6170303-1,Primary,2,1,2,400.0,True,False,0.0022971494163560938
Line.ln5565240-1,Primary,1,1,1,400.0,True,True,0.019392930694307187
Line.ln5565240-1,Primary,2,1,1,400.0,True,False,0.019393823190212826
Line.ln81001717-1,Primary,1,1,3,220.0,True,True,0.010959804984352301
Line.ln81001717-1,Primary,2,1,3,220.0,True,False,0.010978895230366636
Line.ln6001653-1,Primary,1,1,1,400.0,True,True,0.03025776878440147
Line.ln6001653-1,Primary,1,2,2,400.0,True,True,0.06108811858138883
Line.ln6001653-1,Primary,1,3,3,400.0,True,True,0.02113161396010445
Line.ln6001653-1,Primary,2,1,1,400.0,True,False,0.030258830889529596
Line.ln6001653-1,Primary,2,2,2,400.0,True,False,0.061089255440818065
Line.ln6001653-1,Primary,2,3,3,400.0,True,False,0.02113237090924352
Line.ln5835140-1,Primary,1,1,3,400.0,True,True,0.028688007874528316
Line.ln5835140-1,Primary,2,1,3,400.0,True,False,0.028688732255734036
Line.ln6169243-1,Primary,1,1,2,400.0,True,True,0.002324181062084954
Line.ln6169243-1,Primary,2,1,2,400.0,True,False,0.0023247838649215853
Line.ln5804808-1,Primary,1,1,1,400.0,True,True,0.0021211952300531343
Line.ln5804808-1,Primary,2,1,1,400.0,True,False,0.002121803259082485
Line.ln5544392-1,Primary,1,1,3,400.0,True,True,0.006365770583113587
Line.ln5544392-1,Primary,2,1,3,400.0,True,False,0.006366145909769167
Line.ln5712584-3,Primary,1,1,3,400.0,True,True,0.014865846176215393
Line.ln5712584-3,Primary,2,1,3,400.0,True,False,0.014867149404772453
Line.ln6231998-1,Primary,1,1,1,400.0,True,True,2.6347509372379747e-06
Line.ln6231998-1,Primary,1,2,2,400.0,True,True,2.8278111572710742e-06
Line.ln6231998-1,Primary,1,3,3,400.0,True,True,2.754905942558923e-06
Line.ln6231998-1,Primary,2,1,1,400.0,True,False,5.752149554916067e-13
Line.ln6231998-1,Primary,2,2,2,400.0,True,False,5.017905723119373e-13
Line.ln6231998-1,Primary,2,3,3,400.0,True,False,5.866064565124215e-13
Line.ln6409799-1,Primary,1,1,1,400.0,True,True,0.008540231805512883
Line.ln6409799-1,Primary,2,1,1,400.0,True,False,0.008541174630206812
Line.ln6380815-1,Primary,1,1,2,400.0,True,True,0.049326851282992565
Line.ln6380815-1,Primary,2,1,2,400.0,True,False,0.04932783663731659
Line.ln6139655-1,Primary,1,1,3,400.0,True,True,0.0011915897025594473
Line.ln6139655-1,Primary,2,1,3,400.0,True,False,0.0011927357722148902
Line.ln5956488-1,Primary,1,1,1,400.0,True,True,0.02321305236984136
Line.ln5956488-1,Primary,2,1,1,400.0,True,False,0.023214105592999336
Line.ln5594212-1,Primary,1,1,1,400.0,True,True,0.4459864616343648
Line.ln5594212-1,Primary,1,2,2,400.0,True,True,0.4528073303752553
Line.ln5594212-1,Primary,1,3,3,400.0,True,True,0.3398987514913715
Line.ln5594212-1,Primary,2,1,1,400.0,True,False,0.44598649307389665
Line.ln5594212-1,Primary,2,2,2,400.0,True,False,0.4528074801235287
Line.ln5594212-1,Primary,2,3,3,400.0,True,False,0.33989788393099113
Line.ln5653469-1,Primary,1,1,2,400.0,True,True,0.0417908626132053
Line.ln5653469-1,Primary,2,1,2,400.0,True,False,0.04179155498946905
Line.ln6229803-2,Primary,1,1,3,400.0,True,True,0.0019884588271450983
Line.ln6229803-2,Primary,2,1,3,400.0,True,False,0.001988515442712461
Line.ln5496764-1,Primary,1,1,3,400.0,True,True,0.001182402828778346
Line.ln5496764-1,Primary,2,1,3,400.0,True,False,0.001183473175111771
Line.ln6108129-1,Primary,1,1,2,400.0,True,True,0.0019270582358776062
Line.ln6108129-1,Primary,2,1,2,400.0,True,False,0.0019281595507586865
Line.ln6139656-1,Primary,1,1,3,400.0,True,True,0.0011968607496934743
Line.ln6139656-1,Primary,2,1,3,400.0,True,False,0.0011976920712578765
Line.ln5714053-1,Primary,1,1,2,400.0,True,True,0.041448340863878476
Line.ln5714053-1,Primary,2,1,2,400.0,True,False,0.04144968796917877
Line.ln6352834-1,Primary,1,1,3,400.0,True,True,0.005148784164990833
Line.ln6352834-1,Primary,2,1,3,400.0,True,False,0.00514893068365393
Line.ln6259996-1,Primary,1,1,1,400.0,True,True,0.2067718010380651
Line.ln6259996-1,Primary,1,2,2,400.0,True,True,0.22046135514112072
Line.ln6259996-1,Primary,1,3,3,400.0,True,True,0.14114595741332642
Line.ln6259996-1,Primary,2,1,1,400.0,True,False,0.20677274119044411
Line.ln6259996-1,Primary,2,2,2,400.0,True,False,0.22046237058283397
Line.ln6259996-1,Primary,2,3,3,400.0,True,False,0.1411465813034531
Line.ln6169256-1,Primary,1,1,1,400.0,True,True,0.001045063091722179
Line.ln6169256-1,Primary,2,1,1,400.0,True,False,0.0010468777700688291
Line.ln6109147-1,Primary,1,1,3,400.0,True,True,0.005146376232623483
Line.ln6109147-1,Primary,2,1,3,400.0,True,False,0.005146987769830684
Line.ln6991377-17,Primary,1,1,1,400.0,True,True,0.015800482461212823
Line.ln6991377-17,Primary,2,1,1,400.0,True,False,0.015801747044939838
Line.ln5528574-3,Primary,1,1,3,400.0,True,True,0.002368794322433579
Line.ln5528574-3,Primary,2,1,3,400.0,True,False,0.0023688669790701868
Line.ln6411392-1,Primary,1,1,2,400.0,True,True,0.0339365809642329
Line.ln6411392-1,Primary,2,1,2,400.0,True,False,0.03393801188093897
Line.ln6324073-1,Primary,1,1,3,400.0,True,True,0.02050887725008641
Line.ln6324073-1,Primary,2,1,3,400.0,True,False,0.020509676420960722
Line.ln6206103-1,Primary,1,1,1,400.0,True,True,0.0010770533145929826
Line.ln6206103-1,Primary,2,1,1,400.0,True,False,0.001077781413813678
Line.ln5800830-1,Primary,1,1,1,400.0,True,True,0.08950614605743235
Line.ln5800830-1,Primary,1,2,2,400.0,True,True,0.11250662073327095
Line.ln5800830-1,Primary,1,3,3,400.0,True,True,0.10353430952290404
Line.ln5800830-1,Primary,2,1,1,400.0,True,False,0.08950757184572782
Line.ln5800830-1,Primary,2,2,2,400.0,True,False,0.11250817934892308
Line.ln5800830-1,Primary,2,3,3,400.0,True,False,0.10353528583962772
Line.ln5591708-1,Primary,1,1,3,400.0,True,True,0.0035548411400674485
Line.ln5591708-1,Primary,2,1,3,400.0,True,False,0.0035549051328103974
Line.ln5472340-1,Primary,1,1,2,400.0,True,True,0.0029990889771900953
Line.ln5472340-1,Primary,2,1,2,400.0,True,False,0.0030010922784076462
Line.ln5562937-3,Primary,1,1,1,400.0,True,True,0.0017517231110633458
Line.ln5562937-3,Primary,2,1,1,400.0,True,False,0.0017521939821111246
Line.ln6350541-1,Primary,1,1,1,400.0,True,True,0.1368363060267478
Line.ln6350541-1,Primary,1,2,2,400.0,True,True,0.14994538813119196
Line.ln6350541-1,Primary,1,3,3,400.0,True,True,0.13806459983164857
Line.ln6350541-1,Primary,2,1,1,400.0,True,False,0.1368323909753274
Line.ln6350541-1,Primary,2,2,2,400.0,True,False,0.14994196629461906
Line.ln6350541-1,Primary,2,3,3,400.0,True,False,0.1380601328254727
Line.ln8945011-1,Primary,1,1,3,220.0,True,True,0.011115381143655624
Line.ln8945011-1,Primary,2,1,3,220.0,True,False,0.011115937182896227
Line.ln5655685-1,Primary,1,1,3,400.0,True,True,0.0027993249426025765
Line.ln5655685-1,Primary,2,1,3,400.0,True,False,0.0027993932865045938
Line.ln5683812-1,Primary,1,1,3,400.0,True,True,0.0019991238799137298
Line.ln5683812-1,Primary,2,1,3,400.0,True,False,0.002000270191191803
Line.ln5803299-1,Primary,1,1,1,400.0,True,True,0.0010541070777453983
Line.ln5803299-1,Primary,2,1,1,400.0,True,False,0.0010543925064999838
Line.ln6138593-1,Primary,1,1,3,400.0,True,True,0.0011937618568311622
Line.ln6138593-1,Primary,2,1,3,400.0,True,False,0.0011943903239903866
Line.ln5563909-2,Primary,1,1,2,400.0,True,True,0.0019159521622214748
Line.ln5563909-2,Primary,2,1,2,400.0,True,False,0.001916644594152954
Line.ln6260002-1,Primary,1,1,1,400.0,True,True,0.012309178516802527
Line.ln6260002-1,Primary,2,1,1,400.0,True,False,0.01231077893145991
Line.ln5833721-1,Primary,1,1,2,400.0,True,True,3.247964134636957e-06
Line.ln5833721-1,Primary,2,1,2,400.0,True,False,3.7499427213494166e-14
Line.ln6407206-1,Primary,1,1,3,400.0,True,True,0.0023688669790167542
Line.ln6407206-1,Primary,2,1,3,400.0,True,False,0.002369671699524823
Line.ln5532786-3,Primary,1,1,2,400.0,True,True,0.003089564645242963
Line.ln5532786-3,Primary,2,1,2,400.0,True,False,0.0030898877404515503
Line.ln5985348-1,Primary,1,1,2,400.0,True,True,0.04245693471218815
Line.ln5985348-1,Primary,2,1,2,400.0,True,False,0.04245777596614981
Line.ln5774454-1,Primary,1,1,2,400.0,True,True,0.02207022637544712
Line.ln5774454-1,Primary,2,1,2,400.0,True,False,0.022072713947629358
Line.ln5683829-1,Primary,1,1,1,400.0,True,True,0.007037051656566
Line.ln5683829-1,Primary,2,1,1,400.0,True,False,0.007037556263007608
Line.ln5741170-2,Primary,1,1,3,400.0,True,True,0.004008183817610593
Line.ln5741170-2,Primary,2,1,3,400.0,True,False,0.004008368227880021
Line.ln5591710-2,Primary,1,1,1,400.0,True,True,0.47837037000813076
Line.ln5591710-2,Primary,1,2,2,400.0,True,True,0.45280489422066056
Line.ln5591710-2,Primary,1,3,3,400.0,True,True,0.34317646704563404
Line.ln5591710-2,Primary,2,1,1,400.0,True,False,0.4783704900006655
Line.ln5591710-2,Primary,2,2,2,400.0,True,False,0.45280505128458065
Line.ln5591710-2,Primary,2,3,3,400.0,True,False,0.3431757214208671
Line.ln5533786-1,Primary,1,1,1,400.0,True,True,0.5688468680742513
Line.ln5533786-1,Primary,1,2,2,400.0,True,True,0.5609910742570033
Line.ln5533786-1,Primary,1,3,3,400.0,True,True,0.4281474676108347
Line.ln5533786-1,Primary,2,1,1,400.0,True,False,0.5688473709229007
Line.ln5533786-1,Primary,2,2,2,400.0,True,False,0.5609917000733724
Line.ln5533786-1,Primary,2,3,3,400.0,True,False,0.4281469017238358
Line.ln5714063-2,Primary,1,1,1,400.0,True,True,0.40912153814614455
Line.ln5714063-2,Primary,1,2,2,400.0,True,True,0.3568603135741872
Line.ln5714063-2,Primary,1,3,3,400.0,True,True,0.30483798223193304
Line.ln5714063-2,Primary,2,1,1,400.0,True,False,0.4091214789773037
Line.ln5714063-2,Primary,2,2,2,400.0,True,False,0.35686013521957344
Line.ln5714063-2,Primary,2,3,3,400.0,True,False,0.3048372773493541
Line.ln5865249-1,Primary,1,1,1,400.0,True,True,0.021877190557689184
Line.ln5865249-1,Primary,1,2,2,400.0,True,True,0.00520516048441563
Line.ln5865249-1,Primary,1,3,3,400.0,True,True,0.01973747519977926
Line.ln5865249-1,Primary,2,1,1,400.0,True,False,0.021878479912868412
Line.ln5865249-1,Primary,2,2,2,400.0,True,False,0.005206666821257197
Line.ln5865249-1,Primary,2,3,3,400.0,True,False,0.019738369641578598
Line.ln6380834-1,Primary,1,1,2,400.0,True,True,0.0019115244105594028
Line.ln6380834-1,Primary,2,1,2,400.0,True,False,0.0019121037591028453
Line.ln6079949-2,Primary,1,1,3,400.0,True,True,0.0023873475918963893
Line.ln6079949-2,Primary,2,1,3,400.0,True,False,0.002387480806807783
Line.ln6017286-1,Primary,1,1,2,400.0,True,True,0.0011661718847007412
Line.ln6017286-1,Primary,2,1,2,400.0,True,False,0.0011675045244401994
Line.ln5684911-1,Primary,1,1,1,400.0,True,True,2.9683176154976795e-05
Line.ln5684911-1,Primary,1,2,2,400.0,True,True,0.006881294389353907
Line.ln5684911-1,Primary,1,3,3,400.0,True,True,3.108920852481339e-05
Line.ln5684911-1,Primary,2,1,1,400.0,True,False,1.9922481184735927e-05
Line.ln5684911-1,Primary,2,2,2,400.0,True,False,0.006884270564627651
Line.ln5684911-1,Primary,2,3,3,400.0,True,False,2.0866287268708045e-05
Line.ln6506314-2,Primary,1,1,3,400.0,True,True,0.0039556558455275835
Line.ln6506314-2,Primary,2,1,3,400.0,True,False,0.003956186528457139
Line.ln5653492-1,Primary,1,1,3,400.0,True,True,0.005557185001000609
Line.ln5653492-1,Primary,2,1,3,400.0,True,False,0.005557864969028929
Line.ln6439987-1,Primary,1,1,1,400.0,True,True,0.0017483942057094925
Line.ln6439987-1,Primary,2,1,1,400.0,True,False,0.0017486238521558803
Line.ln6380802-1,Primary,1,1,3,400.0,True,True,0.007998613374358629
Line.ln6380802-1,Primary,2,1,3,400.0,True,False,0.007999485962607758
Line.ln6409797-4,Primary,1,1,1,400.0,True,True,0.025634059704246533
Line.ln6409797-4,Primary,2,1,1,400.0,True,False,0.025635690460659655
Line.ln5804798-2,Primary,1,1,2,400.0,True,True,0.05141232305333007
Line.ln5804798-2,Primary,2,1,2,400.0,True,False,0.05141252303962077
Line.ln5502524-1,Primary,1,1,2,400.0,True,True,0.020923431623523014
Line.ln5502524-1,Primary,2,1,2,400.0,True,False,0.020924299121898988
Line.ln6169245-1,Primary,1,1,1,400.0,True,True,0.0017618445102681724
Line.ln6169245-1,Primary,2,1,1,400.0,True,False,0.0017626248548609524
Line.ln5927382-1,Primary,1,1,1,400.0,True,True,0.0034494446571843233
Line.ln5927382-1,Primary,2,1,1,400.0,True,False,0.003450348579367925
Line.ln6495087-1,Primary,1,1,2,400.0,True,True,0.0011534535105411777
Line.ln6495087-1,Primary,2,1,2,400.0,True,False,0.0011551826631652745
Line.ln6138607-1,Primary,1,1,3,400.0,True,True,0.00278027089322035
Line.ln6138607-1,Primary,2,1,3,400.0,True,False,0.0027805115900054883
Line.ln6108134-1,Primary,1,1,1,400.0,True,True,0.0007088459909225807
Line.ln6108134-1,Primary,2,1,1,400.0,True,False,0.0007095971618359836
Line.ln5896833-1,Primary,1,1,1,400.0,True,True,0.7566475938736194
Line.ln5896833-1,Primary,1,2,2,400.0,True,True,0.7618465202658432
Line.ln5896833-1,Primary,1,3,3,400.0,True,True,0.6841924456265818
Line.ln5896833-1,Primary,2,1,1,400.0,True,False,0.7566477311331924
Line.ln5896833-1,Primary,2,2,2,400.0,True,False,0.7618468187162984
Line.ln5896833-1,Primary,2,3,3,400.0,True,False,0.6841912577604542
Line.ln5683817-1,Primary,1,1,2,400.0,True,True,0.005855418330534902
Line.ln5683817-1,Primary,2,1,2,400.0,True,False,0.005856055278904939
Line.ln6140925-1,Primary,1,1,3,400.0,True,True,0.008288327520022318
Line.ln6140925-1,Primary,2,1,3,400.0,True,False,0.008288431142839408
Line.ln6047559-2,Primary,1,1,3,400.0,True,True,0.005594765120447981
Line.ln6047559-2,Primary,2,1,3,400.0,True,False,0.005595607178708684
Line.ln6350529-1,Primary,1,1,1,400.0,True,True,0.42630392235657155
Line.ln6350529-1,Primary,1,2,2,400.0,True,True,0.43268849577557733
Line.ln6350529-1,Primary,1,3,3,400.0,True,True,0.3209831144958935
Line.ln6350529-1,Primary,2,1,1,400.0,True,False,0.4263039403360165
Line.ln6350529-1,Primary,2,2,2,400.0,True,False,0.43268859125083176
Line.ln6350529-1,Primary,2,3,3,400.0,True,False,0.32098142248309386
Line.ln5714048-1,Primary,1,1,1,400.0,True,True,0.00423848122174595
Line.ln5714048-1,Primary,2,1,1,400.0,True,False,0.004239914584469623
Line.ln81354562-7,Primary,1,1,3,220.0,True,True,0.0053472406456419805
Line.ln81354562-7,Primary,2,1,3,220.0,True,False,0.005384553340406648
Line.wg127_48332_sw,Primary,1,1,3,400.0,False,False,0.0
Line.wg127_48332_sw,Primary,2,1,3,400.0,False,False,0.0
Line.ln8961799-3,Primary,1,1,3,220.0,True,True,4.0685760198174925e-06
Line.ln8961799-3,Primary,2,1,3,220.0,True,False,9.539577547651264e-13
Line.ln6351510-1,Primary,1,1,1,400.0,True,True,0.1840108191206857
Line.ln6351510-1,Primary,1,2,2,400.0,True,True,0.20624847909435381
Line.ln6351510-1,Primary,1,3,3,400.0,True,True,0.2393975045414107
Line.ln6351510-1,Primary,2,1,1,400.0,True,False,0.1840107874084419
Line.ln6351510-1,Primary,2,2,2,400.0,True,False,0.20624845438198228
Line.ln6351510-1,Primary,2,3,3,400.0,True,False,0.23939747891174357
Line.ln5683843-1,Primary,1,1,1,400.0,True,True,0.02075300681058642
Line.ln5683843-1,Primary,2,1,1,400.0,True,False,0.020753721952004426
Line.ln5625542-1,Primary,1,1,3,400.0,True,True,0.06504644475023655
Line.ln5625542-1,Primary,2,1,3,400.0,True,False,0.06504876094890132
Line.ln5744364-1,Primary,1,1,2,400.0,True,True,0.001155558051535399
Line.ln5744364-1,Primary,2,1,2,400.0,True,False,0.0011558133254153632
Line.ln6198053-1,Primary,1,1,1,400.0,True,True,0.0010666361295583427
Line.ln6198053-1,Primary,2,1,1,400.0,True,False,0.0010668319131692124
Line.ln6288699-1,Primary,1,1,1,400.0,True,True,0.006281169647249992
Line.ln6288699-1,Primary,2,1,1,400.0,True,False,0.006281266563006881
Line.ln5804787-1,Primary,1,1,2,400.0,True,True,0.001888484296819284
Line.ln5804787-1,Primary,2,1,2,400.0,True,False,0.0018885313758517167
Line.ln5895771-3,Primary,1,1,1,400.0,True,True,0.0010514726082330027
Line.ln5895771-3,Primary,2,1,1,400.0,True,False,0.0010520275074059446
Line.ln5835127-1,Primary,1,1,2,400.0,True,True,0.019447245104121918
Line.ln5835127-1,Primary,2,1,2,400.0,True,False,0.019448277428666172
Line.ln5859993-1,Primary,1,1,3,400.0,True,True,0.0032095057063073655
Line.ln5859993-1,Primary,2,1,3,400.0,True,False,0.0032099711802126268
Line.ln247171_sw,Primary,1,1,2,400.0,True,True,0.0011493191604564604
Line.ln247171_sw,Primary,2,1,2,400.0,True,False,0.0011493211796107796
Line.ln6047588-1,Primary,1,1,2,400.0,True,True,0.0011492540674636097
Line.ln6047588-1,Primary,2,1,2,400.0,True,False,0.0011493191609978535
Line.ln6380812-1,Primary,1,1,1,400.0,True,True,0.01087891078777308
Line.ln6380812-1,Primary,2,1,1,400.0,True,False,0.010878975507664305
Line.ln6138611-1,Primary,1,1,2,400.0,True,True,0.0402892787812823
Line.ln6138611-1,Primary,2,1,2,400.0,True,False,0.04029011871060405
Line.ln5835139-1,Primary,1,1,3,400.0,True,True,0.0011935171687564793
Line.ln5835139-1,Primary,2,1,3,400.0,True,False,0.0011945316651547396
Line.ln5472396-1,Primary,1,1,2,400.0,True,True,0.00308851815338966
Line.ln5472396-1,Primary,2,1,2,400.0,True,False,0.0030897484761847676
Line.ln5502536-3,Primary,1,1,3,400.0,True,True,0.006113025259337874
Line.ln5502536-3,Primary,2,1,3,400.0,True,False,0.00611312070558465
Line.ln6409872-3,Primary,1,1,2,400.0,True,True,0.026524555155639843
Line.ln6409872-3,Primary,2,1,2,400.0,True,False,0.02652563063283381
Line.ln6047605-1,Primary,1,1,1,400.0,True,True,0.030684290003832465
Line.ln6047605-1,Primary,1,2,2,400.0,True,True,0.0588295490927642
Line.ln6047605-1,Primary,1,3,3,400.0,True,True,0.009722964191569546
Line.ln6047605-1,Primary,2,1,1,400.0,True,False,0.030684671565741516
Line.ln6047605-1,Primary,2,2,2,400.0,True,False,0.05882996256397771
Line.ln6047605-1,Primary,2,3,3,400.0,True,False,0.009723239457856296
Line.ln6322630-1,Primary,1,1,1,400.0,True,True,0.027862288615642546
Line.ln6322630-1,Primary,2,1,1,400.0,True,False,0.02786441004644971
Line.ln5682333-1,Primary,1,1,2,400.0,True,True,0.005398156437813076
Line.ln5682333-1,Primary,2,1,2,400.0,True,False,0.00539845746133499
Line.ln5835149-1,Primary,1,1,1,400.0,True,True,0.001047976618232331
Line.ln5835149-1,Primary,1,2,2,400.0,True,True,0.050357129097695914
Line.ln5835149-1,Primary,1,3,3,400.0,True,True,4.849830910248987e-06
Line.ln5835149-1,Primary,2,1,1,400.0,True,False,0.001048652883836536
Line.ln5835149-1,Primary,2,2,2,400.0,True,False,0.05035787021945535
Line.ln5835149-1,Primary,2,3,3,400.0,True,False,2.359599233266056e-06
Line.ln5926296-1,Primary,1,1,2,400.0,True,True,0.003002552084083834
Line.ln5926296-1,Primary,2,1,2,400.0,True,False,0.00301314497952433
Line.ln6138610-3,Primary,1,1,1,400.0,True,True,0.1787523436550409
Line.ln6138610-3,Primary,1,2,2,400.0,True,True,0.1401635957982428
Line.ln6138610-3,Primary,1,3,3,400.0,True,True,0.15738084740291522
Line.ln6138610-3,Primary,2,1,1,400.0,True,False,0.17875287898159745
Line.ln6138610-3,Primary,2,2,2,400.0,True,False,0.14016417500494854
Line.ln6138610-3,Primary,2,3,3,400.0,True,False,0.15738122450106473
Line.ln5895783-1,Primary,1,1,2,400.0,True,True,0.03370145062351639
Line.ln5895783-1,Primary,2,1,2,400.0,True,False,0.033705913984261475
Line.ln5534965-3,Primary,1,1,1,400.0,True,True,0.0017588992921030654
Line.ln5534965-3,Primary,2,1,1,400.0,True,False,0.001759222444942268
Line.ln5653458-1,Primary,1,1,2,400.0,True,True,0.001161876115031293
Line.ln5653458-1,Primary,2,1,2,400.0,True,False,0.0011623032539279162
Line.ln5804795-1,Primary,1,1,2,400.0,True,True,0.0019204616544250593
Line.ln5804795-1,Primary,2,1,2,400.0,True,False,0.0019211038842948092
Line.ln5593221-1,Primary,1,1,3,400.0,True,True,0.019970489923757596
Line.ln5593221-1,Primary,2,1,3,400.0,True,False,0.01997193470898666
Line.ln5623418-1,Primary,1,1,1,400.0,True,True,0.4091219100695529
Line.ln5623418-1,Primary,1,2,2,400.0,True,True,0.3568614664670166
Line.ln5623418-1,Primary,1,3,3,400.0,True,True,0.30484257992906305
Line.ln5623418-1,Primary,2,1,1,400.0,True,False,0.4091218068747715
Line.ln5623418-1,Primary,2,2,2,400.0,True,False,0.3568611407456553
Line.ln5623418-1,Primary,2,3,3,400.0,True,False,0.3048412735894122
Line.ln6381858-1,Primary,1,1,1,400.0,True,True,2.6851250844113982e-05
Line.ln6381858-1,Primary,1,2,2,400.0,True,True,2.911196964778501e-05
Line.ln6381858-1,Primary,1,3,3,400.0,True,True,0.0011781257546899001
Line.ln6381858-1,Primary,2,1,1,400.0,True,False,2.173263931252584e-05
Line.ln6381858-1,Primary,2,2,2,400.0,True,False,2.3562400303135548e-05
Line.ln6381858-1,Primary,2,3,3,400.0,True,False,0.001179065725810239
Line.ln6320348-1,Primary,1,1,2,400.0,True,True,0.01123392214364688
Line.ln6320348-1,Primary,2,1,2,400.0,True,False,0.011234426696204232
Line.ln5683818-1,Primary,1,1,1,400.0,True,True,0.04917583928960487
Line.ln5683818-1,Primary,1,2,2,400.0,True,True,0.03226304990538571
Line.ln5683818-1,Primary,1,3,3,400.0,True,True,0.040080250561975415
Line.ln5683818-1,Primary,2,1,1,400.0,True,False,0.04918004985760098
Line.ln5683818-1,Primary,2,2,2,400.0,True,False,0.03226792010108708
Line.ln5683818-1,Primary,2,3,3,400.0,True,False,0.04008319090548833
Line.ln5986926-2,Primary,1,1,3,400.0,True,True,0.003980670740154313
Line.ln5986926-2,Primary,2,1,3,400.0,True,False,0.003980853345816488
Line.ln5683807-1,Primary,1,1,1,400.0,True,True,0.003663639524757393
Line.ln5683807-1,Primary,2,1,1,400.0,True,False,0.0036642828464039613
Line.ln5926284-2,Primary,1,1,3,400.0,True,True,0.010738595197464458
Line.ln5926284-2,Primary,2,1,3,400.0,True,False,0.010739048949734596
Line.ln5987955-3,Primary,1,1,3,400.0,True,True,0.0031686496619734343
Line.ln5987955-3,Primary,2,1,3,400.0,True,False,0.003171037054401126
Line.ln6991378-3,Primary,1,1,1,400.0,True,True,0.0052703504590536744
Line.ln6991378-3,Primary,2,1,1,400.0,True,False,0.0052711084747459926
Line.ln5865230-1,Primary,1,1,3,400.0,True,True,0.007836662416898227
Line.ln5865230-1,Primary,2,1,3,400.0,True,False,0.007838193132759944
Line.ln5653479-1,Primary,1,1,1,400.0,True,True,0.40912208920007986
Line.ln5653479-1,Primary,1,2,2,400.0,True,True,0.3568620437151664
Line.ln5653479-1,Primary,1,3,3,400.0,True,True,0.3066012352971491
Line.ln5653479-1,Primary,2,1,1,400.0,True,False,0.4091220332658053
Line.ln5653479-1,Primary,2,2,2,400.0,True,False,0.35686186177703244
Line.ln5653479-1,Primary,2,3,3,400.0,True,False,0.3066005064034167
Line.ln6346338-1,Primary,1,1,3,400.0,True,True,0.0051459234880789385
Line.ln6346338-1,Primary,2,1,3,400.0,True,False,0.005146019851251147
Line.ln6383061-1,Primary,1,1,2,400.0,True,True,0.051225080488330806
Line.ln6383061-1,Primary,2,1,2,400.0,True,False,0.051225322668735196
Line.ln6138639-1,Primary,1,1,1,400.0,True,True,0.001046628998949685
Line.ln6138639-1,Primary,2,1,1,400.0,True,False,0.0010467527843857501
Line.ln6077802-1,Primary,1,1,2,400.0,True,True,0.044281751240752315
Line.ln6077802-1,Primary,2,1,2,400.0,True,False,0.04428270090417339
Line.ln5472362-1,Primary,1,1,1,400.0,True,True,0.015809999951529003
Line.ln5472362-1,Primary,2,1,1,400.0,True,False,0.015811178450182702
Line.ln5863709-1,Primary,1,1,2,400.0,True,True,1.5655194829710577e-06
Line.ln5863709-1,Primary,2,1,2,400.0,True,False,7.499885442698833e-14
Line.ln5562933-2,Primary,1,1,3,400.0,True,True,0.0011968235976681065
Line.ln5562933-2,Primary,2,1,3,400.0,True,False,0.0011970802537671827
Line.ln5622467-1,Primary,1,1,1,400.0,True,True,0.019006526094210566
Line.ln5622467-1,Primary,1,2,2,400.0,True,True,0.018958838994529298
Line.ln5622467-1,Primary,1,3,3,400.0,True,True,0.019845756258030863
Line.ln5622467-1,Primary,2,1,1,400.0,True,False,0.019009409086409378
Line.ln5622467-1,Primary,2,2,2,400.0,True,False,0.018961921442076413
Line.ln5622467-1,Primary,2,3,3,400.0,True,False,0.019847848379854094
Line.ln6260016-1,Primary,1,1,2,400.0,True,True,0.004981243416329869
Line.ln6260016-1,Primary,2,1,2,400.0,True,False,0.004981879594589497
Line.ln6380805-1,Primary,1,1,1,400.0,True,True,0.4263038937838153
Line.ln6380805-1,Primary,1,2,2,400.0,True,True,0.4326883712296097
Line.ln6380805-1,Primary,1,3,3,400.0,True,True,0.3209851993817792
Line.ln6380805-1,Primary,2,1,1,400.0,True,False,0.42630392235662057
Line.ln6380805-1,Primary,2,2,2,400.0,True,False,0.43268849577567314
Line.ln6380805-1,Primary,2,3,3,400.0,True,False,0.32098311449592987
Line.ln8979344-4,Primary,1,1,3,220.0,True,True,0.01638904179714609
Line.ln8979344-4,Primary,2,1,3,220.0,True,False,0.01640371938245958
Line.ln6351417-1,Primary,1,1,1,400.0,True,True,0.001073456745033986
Line.ln6351417-1,Primary,2,1,1,400.0,True,False,0.001074394945777011
Line.ln6078774-1,Primary,1,1,1,400.0,True,True,1.246240103100023e-05
Line.ln6078774-1,Primary,2,1,1,400.0,True,False,7.874044697644142e-06
Line.ln6108142-1,Primary,1,1,1,400.0,True,True,0.1787498816312442
Line.ln6108142-1,Primary,1,2,2,400.0,True,True,0.14016093301254595
Line.ln6108142-1,Primary,1,3,3,400.0,True,True,0.15935350808009496
Line.ln6108142-1,Primary,2,1,1,400.0,True,False,0.17875234365503165
Line.ln6108142-1,Primary,2,2,2,400.0,True,False,0.14016359579819693
Line.ln6108142-1,Primary,2,3,3,400.0,True,False,0.15935524218308575
Line.ln6017301-3,Primary,1,1,1,400.0,True,True,0.0017812372528871895
Line.ln6017301-3,Primary,2,1,1,400.0,True,False,0.0017815189463976958
Line.ln6379462-3,Primary,1,1,1,400.0,True,True,0.03068337200898919
Line.ln6379462-3,Primary,1,2,2,400.0,True,True,0.05882855422739355
Line.ln6379462-3,Primary,1,3,3,400.0,True,True,0.00972230270553947
Line.ln6379462-3,Primary,2,1,1,400.0,True,False,0.030684290003787706
Line.ln6379462-3,Primary,2,2,2,400.0,True,False,0.058829549092847114
Line.ln6379462-3,Primary,2,3,3,400.0,True,False,0.009722964191562667
Line.ln6505946-1,Primary,1,1,2,400.0,True,True,0.003892180799735096
Line.ln6505946-1,Primary,2,1,2,400.0,True,False,0.003893048834708021
Line.ln5650219-1,Primary,1,1,1,400.0,True,True,0.035297559564994405
Line.ln5650219-1,Primary,1,2,2,400.0,True,True,0.010961670276753644
Line.ln5650219-1,Primary,1,3,3,400.0,True,True,0.0289255489997718
Line.ln5650219-1,Primary,2,1,1,400.0,True,False,0.035299245820158094
Line.ln5650219-1,Primary,2,2,2,400.0,True,False,0.010963536909912936
Line.ln5650219-1,Primary,2,3,3,400.0,True,False,0.028926724414960386
Line.ln6047599-3,Primary,1,1,1,400.0,True,True,0.006370936582285897
Line.ln6047599-3,Primary,1,2,2,400.0,True,True,5.1702915734192984e-05
Line.ln6047599-3,Primary,1,3,3,400.0,True,True,0.01453091334063116
Line.ln6047599-3,Primary,2,1,1,400.0,True,False,0.006372456216765163
Line.ln6047599-3,Primary,2,2,2,400.0,True,False,4.6130256745185456e-05
Line.ln6047599-3,Primary,2,3,3,400.0,True,False,0.014531954606145337
Line.ln5986934-1,Primary,1,1,1,400.0,True,True,0.0006948057797164099
Line.ln5986934-1,Primary,2,1,1,400.0,True,False,0.0006958687918827664
Line.l5523_48332_sw,Primary,1,1,1,400.0,True,True,0.03521708016998871
Line.l5523_48332_sw,Primary,1,2,2,400.0,True,True,0.06267330655620444
Line.l5523_48332_sw,Primary,1,3,3,400.0,True,True,0.025622099883788305
Line.l5523_48332_sw,Primary,2,1,1,400.0,True,False,0.03521708216940672
Line.l5523_48332_sw,Primary,2,2,2,400.0,True,False,0.06267330857547435
Line.l5523_48332_sw,Primary,2,3,3,400.0,True,False,0.025622101874253986
Line.ln6049825-1,Primary,1,1,1,400.0,True,True,0.03521699325023241
Line.ln6049825-1,Primary,1,2,2,400.0,True,True,0.06267321235635644
Line.ln6049825-1,Primary,1,3,3,400.0,True,True,0.025622036873289063
Line.ln6049825-1,Primary,2,1,1,400.0,True,False,0.03521708016502492
Line.ln6049825-1,Primary,2,2,2,400.0,True,False,0.06267330655499748
Line.ln6049825-1,Primary,2,3,3,400.0,True,False,0.025622099882004815
Line.ln6134417-3,Primary,1,1,1,400.0,True,True,0.002476755029139992
Line.ln6134417-3,Primary,2,1,1,400.0,True,False,0.0024768607465401773
Line.ln6047571-1,Primary,1,1,3,400.0,True,True,0.0011939723516336982
Line.ln6047571-1,Primary,2,1,3,400.0,True,False,0.0011948255173389731
Line.ln5956470-1,Primary,1,1,1,400.0,True,True,0.39262134373366936
Line.ln5956470-1,Primary,1,2,2,400.0,True,True,0.3606116305346372
Line.ln5956470-1,Primary,1,3,3,400.0,True,True,0.30443143138425155
Line.ln5956470-1,Primary,2,1,1,400.0,True,False,0.3926225832150111
Line.ln5956470-1,Primary,2,2,2,400.0,True,False,0.36061297155322025
Line.ln5956470-1,Primary,2,3,3,400.0,True,False,0.3044322633183601
Line.ln5761784-1,Primary,1,1,1,400.0,True,True,0.41838776068811734
Line.ln5761784-1,Primary,1,2,2,400.0,True,True,0.4326893852195158
Line.ln5761784-1,Primary,1,3,3,400.0,True,True,0.3129671585494174
Line.ln5761784-1,Primary,2,1,1,400.0,True,False,0.41838765858083166
Line.ln5761784-1,Primary,2,2,2,400.0,True,False,0.4326894198376462
Line.ln5761784-1,Primary,2,3,3,400.0,True,False,0.3129649626237255
Line.ln6418150-1,Primary,1,1,2,400.0,True,True,0.0011709123540671147
Line.ln6418150-1,Primary,2,1,2,400.0,True,False,0.0011721484804092836
Line.ln6290219-1,Primary,1,1,1,400.0,True,True,0.001050336106797896
Line.ln6290219-1,Primary,2,1,1,400.0,True,False,0.0010511602047103804
Line.ln5989328-1,Primary,1,1,1,400.0,True,True,0.0006966252705714471
Line.ln5989328-1,Primary,2,1,1,400.0,True,False,0.0006973980906433272
Line.ln5532746-1,Primary,1,1,1,400.0,True,True,0.028344119366147037
Line.ln5532746-1,Primary,1,2,2,400.0,True,True,0.09529498628190503
Line.ln5532746-1,Primary,1,3,3,400.0,True,True,0.011074915246288442
Line.ln5532746-1,Primary,2,1,1,400.0,True,False,0.028344743780301062
Line.ln5532746-1,Primary,2,2,2,400.0,True,False,0.09529566706999328
Line.ln5532746-1,Primary,2,3,3,400.0,True,False,0.011075342439582055
Line.ln6505944-2,Primary,1,1,2,400.0,True,True,0.06758097465648454
Line.ln6505944-2,Primary,2,1,2,400.0,True,False,0.06758105182679679
Line.ln5472346-1,Primary,1,1,2,400.0,True,True,0.0011659507138532018
Line.ln5472346-1,Primary,2,1,2,400.0,True,False,0.001166736452066622
Line.ln6320354-1,Primary,1,1,2,400.0,True,True,0.009612913266262894
Line.ln6320354-1,Primary,2,1,2,400.0,True,False,0.00961354484213358
Line.ln5806918-3,Primary,1,1,1,400.0,True,True,0.02406460849022363
Line.ln5806918-3,Primary,2,1,1,400.0,True,False,0.024065597598170126
Line.ln5803255-1,Primary,1,1,2,400.0,True,True,0.0019443696322673754
Line.ln5803255-1,Primary,2,1,2,400.0,True,False,0.0019450664794943176
Line.ln5865270-1,Primary,1,1,1,400.0,True,True,0.002636137748899098
Line.ln5865270-1,Primary,2,1,1,400.0,True,False,0.0026365335480483787
Line.ln6320335-1,Primary,1,1,1,400.0,True,True,0.0034925647318570967
Line.ln6320335-1,Primary,2,1,1,400.0,True,False,0.0034932966345259994
Line.ln5593229-1,Primary,1,1,1,400.0,True,True,0.041760896832282325
Line.ln5593229-1,Primary,1,2,2,400.0,True,True,0.030353292285438774
Line.ln5593229-1,Primary,1,3,3,400.0,True,True,0.040087944807439664
Line.ln5593229-1,Primary,2,1,1,400.0,True,False,0.041762390138771865
Line.ln5593229-1,Primary,2,2,2,400.0,True,False,0.030354935372199802
Line.ln5593229-1,Primary,2,3,3,400.0,True,False,0.04008898516088605
Line.ln6043468-2,Primary,1,1,2,400.0,True,True,0.00472607792887307
Line.ln6043468-2,Primary,2,1,2,400.0,True,False,0.0047262812743325885
Line.ln5898055-2,Primary,1,1,1,400.0,True,True,0.0035133748798294472
Line.ln5898055-2,Primary,2,1,1,400.0,True,False,0.0035135015318598643
Line.ln6292614-1,Primary,1,1,3,400.0,True,True,0.007135632244778526
Line.ln6292614-1,Primary,2,1,3,400.0,True,False,0.007135686037505317
Line.ln5985347-2,Primary,1,1,1,400.0,True,True,0.004009435692618714
Line.ln5985347-2,Primary,2,1,1,400.0,True,False,0.004009449194453112
Line.ln6018333-1,Primary,1,1,2,400.0,True,True,0.002267657573079749
Line.ln6018333-1,Primary,2,1,2,400.0,True,False,0.0022677033571142677
Line.ln5958702-2,Primary,1,1,3,400.0,True,True,0.005380231942587887
Line.ln5958702-2,Primary,2,1,3,400.0,True,False,0.005380285198398722
Line.ln6015889-4,Primary,1,1,1,400.0,True,True,0.004135504775748466
Line.ln6015889-4,Primary,2,1,1,400.0,True,False,0.0041360300706753715
Line.ln6231994-1,Primary,1,1,3,400.0,True,True,0.0023857155717344333
Line.ln6231994-1,Primary,2,1,3,400.0,True,False,0.00238583639521005
Line.ln6077810-1,Primary,1,1,3,400.0,True,True,0.0019992809365014423
Line.ln6077810-1,Primary,2,1,3,400.0,True,False,0.0019996396083603097
Line.ln6411367-1,Primary,1,1,2,400.0,True,True,0.00192727355282523
Line.ln6411367-1,Primary,2,1,2,400.0,True,False,0.0019280106058225414
Line.ln6900591-29,Primary,1,1,1,400.0,True,True,0.02126169505059937
Line.ln6900591-29,Primary,2,1,1,400.0,True,False,0.02126228770983537
Line.ln6291252-1,Primary,1,1,1,400.0,True,True,0.15968629180369037
Line.ln6291252-1,Primary,1,2,2,400.0,True,True,0.17355862509756356
Line.ln6291252-1,Primary,1,3,3,400.0,True,True,0.22279657474874437
Line.ln6291252-1,Primary,2,1,1,400.0,True,False,0.15968386285816494
Line.ln6291252-1,Primary,2,2,2,400.0,True,False,0.17355648113960856
Line.ln6291252-1,Primary,2,3,3,400.0,True,False,0.22279476130428658
Line.ln5926310-2,Primary,1,1,1,400.0,True,True,0.0010565638656171482
Line.ln5926310-2,Primary,1,2,2,400.0,True,True,0.002890426407731782
Line.ln5926310-2,Primary,1,3,3,400.0,True,True,0.0011952127806722787
Line.ln5926310-2,Primary,2,1,1,400.0,True,False,0.001057166530518518
Line.ln5926310-2,Primary,2,2,2,400.0,True,False,0.002891076634676809
Line.ln5926310-2,Primary,2,3,3,400.0,True,False,0.001195618131423697
Line.ln5898058-2,Primary,1,1,2,400.0,True,True,0.041983580890837306
Line.ln5898058-2,Primary,2,1,2,400.0,True,False,0.04198481879544398
Line.ln6077815-3,Primary,1,1,1,400.0,True,True,0.012975694442700934
Line.ln6077815-3,Primary,1,2,2,400.0,True,True,0.09339311311855467
Line.ln6077815-3,Primary,1,3,3,400.0,True,True,8.683078332449117e-06
Line.ln6077815-3,Primary,2,1,1,400.0,True,False,0.012975843507914177
Line.ln6077815-3,Primary,2,2,2,400.0,True,False,0.09339327498094827
Line.ln6077815-3,Primary,2,3,3,400.0,True,False,8.146338777015309e-06
Line.ln5956498-2,Primary,1,1,3,400.0,True,True,0.007993138483880714
Line.ln5956498-2,Primary,2,1,3,400.0,True,False,0.007993273156030654
Line.ln6327237-1,Primary,1,1,2,400.0,True,True,0.009956751213698727
Line.ln6327237-1,Primary,2,1,2,400.0,True,False,0.009957741852295315
Line.ln6318761-1,Primary,1,1,1,400.0,True,True,0.5592209662943208
Line.ln6318761-1,Primary,1,2,2,400.0,True,True,0.5514077813193312
Line.ln6318761-1,Primary,1,3,3,400.0,True,True,0.4134221361783289
Line.ln6318761-1,Primary,2,1,1,400.0,True,False,0.5592229139318498
Line.ln6318761-1,Primary,2,2,2,400.0,True,False,0.5514102473843158
Line.ln6318761-1,Primary,2,3,3,400.0,True,False,0.41341938074750717
Line.ln5863691-1,Primary,1,1,3,400.0,True,True,0.003967544034824407
Line.ln5863691-1,Primary,2,1,3,400.0,True,False,0.003968278077231978
Line.ln81018878-2,Primary,1,1,3,220.0,True,True,0.06616669284546188
Line.ln81018878-2,Primary,2,1,3,220.0,True,False,0.06616731817198587
Line.ln5532789-1,Primary,1,1,3,400.0,True,True,0.007957089354766618
Line.ln5532789-1,Primary,2,1,3,400.0,True,False,0.007957889940972742
Line.ln5865268-3,Primary,1,1,1,400.0,True,True,0.03882590536574273
Line.ln5865268-3,Primary,1,2,2,400.0,True,True,0.08596015183583162
Line.ln5865268-3,Primary,1,3,3,400.0,True,True,0.07067206057932542
Line.ln5865268-3,Primary,2,1,1,400.0,True,False,0.03882812691830848
Line.ln5865268-3,Primary,2,2,2,400.0,True,False,0.08596257019808828
Line.ln5865268-3,Primary,2,3,3,400.0,True,False,0.07067357235798319
Line.ln5683846-1,Primary,1,1,2,400.0,True,True,0.0011561198320260264
Line.ln5683846-1,Primary,2,1,2,400.0,True,False,0.0011572004046143266
Line.ln5894212-1,Primary,1,1,1,400.0,True,True,0.008014765486306539
Line.ln5894212-1,Primary,1,2,2,400.0,True,True,2.415669689739209e-05
Line.ln5894212-1,Primary,1,3,3,400.0,True,True,0.0019690926839652538
Line.ln5894212-1,Primary,2,1,1,400.0,True,False,0.008016201071477254
Line.ln5894212-1,Primary,2,2,2,400.0,True,False,1.8935009639791916e-05
Line.ln5894212-1,Primary,2,3,3,400.0,True,False,0.0019699860610683166
Line.ln5924720-2,Primary,1,1,1,400.0,True,True,0.012449055708125566
Line.ln5924720-2,Primary,2,1,1,400.0,True,False,0.012449748771711969
Line.ln5835136-3,Primary,1,1,1,400.0,True,True,0.0027993556994091555
Line.ln5835136-3,Primary,2,1,1,400.0,True,False,0.0027998322204706616
Line.ln6292600-1,Primary,1,1,1,400.0,True,True,0.003572956676584572
Line.ln6292600-1,Primary,2,1,1,400.0,True,False,0.003573064041551781
Line.ln5895777-1,Primary,1,1,3,400.0,True,True,0.0023903621941755667
Line.ln5895777-1,Primary,2,1,3,400.0,True,False,0.0023910567424992456
Line.ln6991381-2,Primary,1,1,1,400.0,True,True,0.00878587027119727
Line.ln6991381-2,Primary,2,1,1,400.0,True,False,0.00878591578792216
Line.ln5865235-2,Primary,1,1,1,400.0,True,True,0.01751446878061769
Line.ln5865235-2,Primary,1,2,2,400.0,True,True,0.09338169927904147
Line.ln5865235-2,Primary,1,3,3,400.0,True,True,0.001962107829623849
Line.ln5865235-2,Primary,2,1,1,400.0,True,False,0.017515128350107073
Line.ln5865235-2,Primary,2,2,2,400.0,True,False,0.09338241866558503
Line.ln5865235-2,Primary,2,3,3,400.0,True,False,0.001962520056110296
Line.ln5528573-3,Primary,1,1,1,400.0,True,True,0.00351487704393343
Line.ln5528573-3,Primary,2,1,1,400.0,True,False,0.0035150019089310687
Line.ln5833720-1,Primary,1,1,2,400.0,True,True,0.0019110022504597905
Line.ln5833720-1,Primary,2,1,2,400.0,True,False,0.0019117334452259842
Line.ln6015809-1,Primary,1,1,1,400.0,True,True,0.024265906946291424
Line.ln6015809-1,Primary,2,1,1,400.0,True,False,0.024266827628752694
Line.ln5528573-2,Primary,1,1,1,400.0,True,True,0.003514805929761619
Line.ln5528573-2,Primary,2,1,1,400.0,True,False,0.003514877044210468
Line.ln5774448-1,Primary,1,1,3,400.0,True,True,0.0020071866428906277
Line.ln5774448-1,Primary,2,1,3,400.0,True,False,0.0020081420751449446
Line.ln5563852-1,Primary,1,1,3,400.0,True,True,0.014865459364867701
Line.ln5563852-1,Primary,2,1,3,400.0,True,False,0.014865530795487523
Line.ln5895810-1,Primary,1,1,2,400.0,True,True,0.005016144425229442
Line.ln5895810-1,Primary,2,1,2,400.0,True,False,0.005016775708622706
Line.ln6230698-1,Primary,1,1,3,400.0,True,True,0.0011924544941157278
Line.ln6230698-1,Primary,2,1,3,400.0,True,False,0.0011932199289197895
Line.ln247171,Primary,1,1,2,400.0,True,True,0.0011493211796014542
Line.ln247171,Primary,2,1,2,400.0,True,False,0.0011496852874004686
Line.ln6230694-1,Primary,1,1,2,400.0,True,True,0.0019243718665223225
Line.ln6230694-1,Primary,2,1,2,400.0,True,False,0.0019251518273089453
Line.ln5894192-1,Primary,1,1,1,400.0,True,True,0.017547129798754012
Line.ln5894192-1,Primary,2,1,1,400.0,True,False,0.017547670099665503
Line.ln5956459-1,Primary,1,1,3,400.0,True,True,0.038118029577171614
Line.ln5956459-1,Primary,2,1,3,400.0,True,False,0.03812009330644646
Line.ln6292461-1,Primary,1,1,3,400.0,True,True,0.0011848724035902235
Line.ln6292461-1,Primary,2,1,3,400.0,True,False,0.0011857357199741639
Line.ln6261048-1,Primary,1,1,3,400.0,True,True,0.006315265220505174
Line.ln6261048-1,Primary,2,1,3,400.0,True,False,0.006318125757763135
Line.ln5472344-1,Primary,1,1,2,400.0,True,True,0.002319077950670135
Line.ln5472344-1,Primary,2,1,2,400.0,True,False,0.002319620514079432
Line.ln5895782-1,Primary,1,1,2,400.0,True,True,0.03563906971578439
Line.ln5895782-1,Primary,2,1,2,400.0,True,False,0.035640049471835564
Line.ln5532740-1,Primary,1,1,3,400.0,True,True,0.0008001635099507023
Line.ln5532740-1,Primary,2,1,3,400.0,True,False,0.0008007263942695776
Line.ln8979358-2,Primary,1,1,3,220.0,True,True,0.010899316352458183
Line.ln8979358-2,Primary,2,1,3,220.0,True,False,0.010906747193628375
Line.ln6108138-3,Primary,1,1,3,400.0,True,True,0.006366274470513145
Line.ln6108138-3,Primary,2,1,3,400.0,True,False,0.00636686950494662
Line.ln81354562-6,Primary,1,1,3,220.0,True,True,0.005346287562366588
Line.ln81354562-6,Primary,2,1,3,220.0,True,False,0.005347240645779035
Line.ln5532756-1,Primary,1,1,1,400.0,True,True,0.010298202985297324
Line.ln5532756-1,Primary,2,1,1,400.0,True,False,0.010299690094244076
Line.ln5591696-1,Primary,1,1,3,400.0,True,True,0.0029968130903496783
Line.ln5591696-1,Primary,2,1,3,400.0,True,False,0.0029975860575073617
Line.ln5866187-1,Primary,1,1,3,400.0,True,True,0.018517879495432973
Line.ln5866187-1,Primary,2,1,3,400.0,True,False,0.018518991831779717
Line.ln6169242-1,Primary,1,1,2,400.0,True,True,0.009299363062694162
Line.ln6169242-1,Primary,2,1,2,400.0,True,False,0.009299866253273887
Line.ln5561442-1,Primary,1,1,1,400.0,True,True,0.5566364205446015
Line.ln5561442-1,Primary,1,2,2,400.0,True,True,0.5514118433748435
Line.ln5561442-1,Primary,1,3,3,400.0,True,True,0.41341753431669254
Line.ln5561442-1,Primary,2,1,1,400.0,True,False,0.5566368336497385
Line.ln5561442-1,Primary,2,2,2,400.0,True,False,0.5514123770800969
Line.ln5561442-1,Primary,2,3,3,400.0,True,False,0.4134169052170952
Line.ln5504713-2,Primary,1,1,1,400.0,True,True,0.007051648260239562
Line.ln5504713-2,Primary,2,1,1,400.0,True,False,0.007051771608968924
Line.ln5986964-1,Primary,1,1,3,400.0,True,True,0.00994323387954313
Line.ln5986964-1,Primary,2,1,3,400.0,True,False,0.009946503007402754
Line.ln5956494-1,Primary,1,1,3,400.0,True,True,0.0019986772118094948
Line.ln5956494-1,Primary,2,1,3,400.0,True,False,0.0019997615158633387
Line.ln5500962-2,Primary,1,1,2,400.0,True,True,0.0007686887297287656
Line.ln5500962-2,Primary,2,1,2,400.0,True,False,0.0007690521430888143
Line.ln6258463-1,Primary,1,1,3,400.0,True,True,0.010161745465314686
Line.ln6258463-1,Primary,2,1,3,400.0,True,False,0.01016443773737171
Line.ln5526906-1,Primary,1,1,1,400.0,True,True,0.09424684793930738
Line.ln5526906-1,Primary,1,2,2,400.0,True,True,0.1108111449013143
Line.ln5526906-1,Primary,1,3,3,400.0,True,True,0.06834096342206729
Line.ln5526906-1,Primary,2,1,1,400.0,True,False,0.0942491327223613
Line.ln5526906-1,Primary,2,2,2,400.0,True,False,0.1108136290600628
Line.ln5526906-1,Primary,2,3,3,400.0,True,False,0.06834251655029897
Line.ln5524067-1,Primary,1,1,3,400.0,True,True,0.0007864474559391711
Line.ln5524067-1,Primary,2,1,3,400.0,True,False,0.0007875727527238849
Line.ln6106582-1,Primary,1,1,1,400.0,True,True,0.014232404403167283
Line.ln6106582-1,Primary,2,1,1,400.0,True,False,0.014233228768975498
Line.ln5943422-1,Primary,1,1,3,400.0,True,True,0.011959129817596498
Line.ln5943422-1,Primary,2,1,3,400.0,True,False,0.011959317839380267
Line.ln5517002-9,Primary,1,1,1,400.0,True,True,0.00875007896604885
Line.ln5517002-9,Primary,1,2,2,400.0,True,True,1.7748405668348597e-05
Line.ln5517002-9,Primary,1,3,3,400.0,True,True,0.05039946075102912
Line.ln5517002-9,Primary,2,1,1,400.0,True,False,0.008751684642493618
Line.ln5517002-9,Primary,2,2,2,400.0,True,False,1.1667179026550725e-05
Line.ln5517002-9,Primary,2,3,3,400.0,True,False,0.050400580901084624
Line.ln5798823-1,Primary,1,1,2,400.0,True,True,0.006890608111263829
Line.ln5798823-1,Primary,2,1,2,400.0,True,False,0.006891690001170705
Line.ln6047555-1,Primary,1,1,3,400.0,True,True,0.00318632881409266
Line.ln6047555-1,Primary,2,1,3,400.0,True,False,0.0031869920183086957
Line.ln6122719-1,Primary,1,1,1,400.0,True,True,0.0017898266134819807
Line.ln6122719-1,Primary,2,1,1,400.0,True,False,0.001790656689775752
Line.ln5502542-1,Primary,1,1,1,400.0,True,True,0.09701002812387781
Line.ln5502542-1,Primary,1,2,2,400.0,True,True,0.11547749118635267
Line.ln5502542-1,Primary,1,3,3,400.0,True,True,0.07608141255380416
Line.ln5502542-1,Primary,2,1,1,400.0,True,False,0.09701069601621186
Line.ln5502542-1,Primary,2,2,2,400.0,True,False,0.115478216902795
Line.ln5502542-1,Primary,2,3,3,400.0,True,False,0.07608186918910582
Line.ln5774456-1,Primary,1,1,3,400.0,True,True,0.026263165894493287
Line.ln5774456-1,Primary,2,1,3,400.0,True,False,0.026263982421793605
Line.ln6229793-1,Primary,1,1,1,400.0,True,True,0.04441047289006841
Line.ln6229793-1,Primary,1,2,2,400.0,True,True,0.09847789087341924
Line.ln6229793-1,Primary,1,3,3,400.0,True,True,0.07304530465467168
Line.ln6229793-1,Primary,2,1,1,400.0,True,False,0.04441157899718957
Line.ln6229793-1,Primary,2,2,2,400.0,True,False,0.09847910047493343
Line.ln6229793-1,Primary,2,3,3,400.0,True,False,0.07304605934109572
Line.ln5835141-1,Primary,1,1,2,400.0,True,True,0.0011309799908457393
Line.ln5835141-1,Primary,2,1,2,400.0,True,False,0.0011319020749990028
Line.ln6258471-1,Primary,1,1,1,400.0,True,True,0.00178520408886857
Line.ln6258471-1,Primary,2,1,1,400.0,True,False,0.0017860173874400668
Line.ln6153057-1,Primary,1,1,1,400.0,True,True,0.00443853195388299
Line.ln6153057-1,Primary,2,1,1,400.0,True,False,0.004438939367903075
Line.ln5894238-1,Primary,1,1,1,400.0,True,True,0.030959938185219117
Line.ln5894238-1,Primary,1,2,2,400.0,True,True,0.061083541828300204
Line.ln5894238-1,Primary,1,3,3,400.0,True,True,0.025109446540777482
Line.ln5894238-1,Primary,2,1,1,400.0,True,False,0.030962582030782854
Line.ln5894238-1,Primary,2,2,2,400.0,True,False,0.061086374641503266
Line.ln5894238-1,Primary,2,3,3,400.0,True,False,0.025111315278332866
Line.ln5806917-1,Primary,1,1,3,400.0,True,True,0.011050613747420788
Line.ln5806917-1,Primary,2,1,3,400.0,True,False,0.011051176537487354
Line.ln6102834-2,Primary,1,1,2,400.0,True,True,0.005740681108411227
Line.ln6102834-2,Primary,2,1,2,400.0,True,False,0.005741181571396363
Line.ln6073575-2,Primary,1,1,1,400.0,True,True,0.08645989807943909
Line.ln6073575-2,Primary,1,2,2,400.0,True,True,0.025755657702917042
Line.ln6073575-2,Primary,1,3,3,400.0,True,True,0.04870548236817534
Line.ln6073575-2,Primary,2,1,1,400.0,True,False,0.08646027395839788
Line.ln6073575-2,Primary,2,2,2,400.0,True,False,0.02575606305751819
Line.ln6073575-2,Primary,2,3,3,400.0,True,False,0.04870573976320206
Line.ln5502523-1,Primary,1,1,3,400.0,True,True,0.0007990573012081628
Line.ln5502523-1,Primary,2,1,3,400.0,True,False,0.000800104993625889
Line.ln6048520-1,Primary,1,1,3,400.0,True,True,0.004963367684200333
Line.ln6048520-1,Primary,2,1,3,400.0,True,False,0.004964376567282087
Line.ln5956498-3,Primary,1,1,3,400.0,True,True,0.007993273155848045
Line.ln5956498-3,Primary,2,1,3,400.0,True,False,0.007993759724007541
Line.ln6201694-1,Primary,1,1,1,400.0,True,True,0.0017587350271513473
Line.ln6201694-1,Primary,2,1,1,400.0,True,False,0.001758824775092488
Line.ln7061777-4,Primary,1,1,3,400.0,True,True,0.0020005784934928063
Line.ln7061777-4,Primary,2,1,3,400.0,True,False,0.0020009515009512626
Line.ln81048100-6,Primary,1,1,2,220.0,True,True,0.0656647752464412
Line.ln81048100-6,Primary,2,1,2,220.0,True,False,0.06566531473080572
Line.ln5683811-1,Primary,1,1,2,400.0,True,True,0.007388980946868227
Line.ln5683811-1,Primary,2,1,2,400.0,True,False,0.007390754366770982
Line.ln5472358-1,Primary,1,1,3,400.0,True,True,0.02868873225569054
Line.ln5472358-1,Primary,2,1,3,400.0,True,False,0.028689152809078088
Line.ln5503478-3,Primary,1,1,1,400.0,True,True,0.0017863880034512498
Line.ln5503478-3,Primary,2,1,1,400.0,True,False,0.0017869873845407394
Line.ln6047562-1,Primary,1,1,2,400.0,True,True,0.0019424766885485483
Line.ln6047562-1,Primary,2,1,2,400.0,True,False,0.0019435459006925215
Line.ln5895773-1,Primary,1,1,2,400.0,True,True,0.0028783708069856197
Line.ln5895773-1,Primary,2,1,2,400.0,True,False,0.002879215024740117
Line.ln6318742-1,Primary,1,1,1,400.0,True,True,0.0038944792753706986
Line.ln6318742-1,Primary,2,1,1,400.0,True,False,0.0038962070199629333
Line.ln6198028-1,Primary,1,1,1,400.0,True,True,0.001745850458353271
Line.ln6198028-1,Primary,2,1,1,400.0,True,False,0.0017465839626787283
Line.ln5653450-1,Primary,1,1,3,400.0,True,True,0.008757577923033404
Line.ln5653450-1,Primary,2,1,3,400.0,True,False,0.0087582720345199
Line.ln5651998-1,Primary,1,1,3,400.0,True,True,0.002793106678420351
Line.ln5651998-1,Primary,2,1,3,400.0,True,False,0.0027944004882596006
Line.ln5744333-1,Primary,1,1,3,400.0,True,True,0.05946812992500747
Line.ln5744333-1,Primary,2,1,3,400.0,True,False,0.0594689366487926
Line.ln5472364-1,Primary,1,1,1,400.0,True,True,5.842697812518749e-06
Line.ln5472364-1,Primary,2,1,1,400.0,True,False,2.0713371552791268e-06
Line.ln6137085-1,Primary,1,1,1,400.0,True,True,6.387156133579514e-06
Line.ln6137085-1,Primary,2,1,1,400.0,True,False,2.033691978340166e-14
Line.ln5576174-3,Primary,1,1,1,400.0,True,True,0.48354885704136336
Line.ln5576174-3,Primary,1,2,2,400.0,True,True,0.4539186893863841
Line.ln5576174-3,Primary,1,3,3,400.0,True,True,0.343179116127112
Line.ln5576174-3,Primary,2,1,1,400.0,True,False,0.48354887756765713
Line.ln5576174-3,Primary,2,2,2,400.0,True,False,0.45391871436116127
Line.ln5576174-3,Primary,2,3,3,400.0,True,False,0.34317900390698897
Line.ln5804780-1,Primary,1,1,2,400.0,True,True,0.000777254407832217
Line.ln5804780-1,Primary,2,1,2,400.0,True,False,0.0007780074983665104
Line.ln5987956-1,Primary,1,1,2,400.0,True,True,0.0011345412119220068
Line.ln5987956-1,Primary,2,1,2,400.0,True,False,0.0011359342080442736
Line.ln6108169-1,Primary,1,1,2,400.0,True,True,0.04555749127957214
Line.ln6108169-1,Primary,2,1,2,400.0,True,False,0.04555803222326595
Line.ln5591731-1,Primary,1,1,1,400.0,True,True,0.47492261990520857
Line.ln5591731-1,Primary,1,2,2,400.0,True,True,0.45280519956366355
Line.ln5591731-1,Primary,1,3,3,400.0,True,True,0.34317501052522137
Line.ln5591731-1,Primary,2,1,1,400.0,True,False,0.4749228136146407
Line.ln5591731-1,Primary,2,2,2,400.0,True,False,0.4528054707908779
Line.ln5591731-1,Primary,2,3,3,400.0,True,False,0.3431736920352588
Line.ln5865225-1,Primary,1,1,2,400.0,True,True,0.0011566487604373246
Line.ln5865225-1,Primary,2,1,2,400.0,True,False,0.0011572837449614066
Line.ln5714049-1,Primary,1,1,3,400.0,True,True,0.000795191825566248
Line.ln5714049-1,Primary,2,1,3,400.0,True,False,0.0007962465455470776
Line.ln6171504-1,Primary,1,1,2,400.0,True,True,0.011696628300550597
Line.ln6171504-1,Primary,2,1,2,400.0,True,False,0.01169668411514895
Line.ln81354562-4,Primary,1,1,3,220.0,True,True,0.00534606574078816
Line.ln81354562-4,Primary,2,1,3,220.0,True,False,0.005346287560016231
Line.ln5896798-1,Primary,1,1,1,400.0,True,True,0.8068403406450861
Line.ln5896798-1,Primary,1,2,2,400.0,True,True,0.7949590286972509
Line.ln5896798-1,Primary,1,3,3,400.0,True,True,0.7692302820649144
Line.ln5896798-1,Primary,2,1,1,400.0,True,False,0.806840596781116
Line.ln5896798-1,Primary,2,2,2,400.0,True,False,0.794959338539732
Line.ln5896798-1,Primary,2,3,3,400.0,True,False,0.7692299929214416
Line.ln5894215-1,Primary,1,1,1,400.0,True,True,0.0017486238522247954
Line.ln5894215-1,Primary,2,1,1,400.0,True,False,0.001748811398223909
Line.ln6229794-1,Primary,1,1,1,400.0,True,True,0.003459336068284603
Line.ln6229794-1,Primary,2,1,1,400.0,True,False,0.0034602936667660605
Line.ln6019480-1,Primary,1,1,1,400.0,True,True,5.467191108263072e-06
Line.ln6019480-1,Primary,1,2,2,400.0,True,True,5.761751748724483e-06
Line.ln6019480-1,Primary,1,3,3,400.0,True,True,5.6532065239874265e-06
Line.ln6019480-1,Primary,2,1,1,400.0,True,False,4.7313396968740594e-14
Line.ln6019480-1,Primary,2,2,2,400.0,True,False,4.368075554666149e-14
Line.ln6019480-1,Primary,2,3,3,400.0,True,False,6.101075935020498e-14
Line.ln6435650-1,Primary,1,1,3,400.0,True,True,0.02985936229768265
Line.ln6435650-1,Primary,2,1,3,400.0,True,False,0.02986664151685941
Line.ln6320331-1,Primary,1,1,1,400.0,True,True,0.0010374668376308142
Line.ln6320331-1,Primary,2,1,1,400.0,True,False,0.0010401816512446023
Line.ln5714974-1,Primary,1,1,1,400.0,True,True,0.806839615660304
Line.ln5714974-1,Primary,1,2,2,400.0,True,True,0.7949581546771575
Line.ln5714974-1,Primary,1,3,3,400.0,True,True,0.7692310723343084
Line.ln5714974-1,Primary,2,1,1,400.0,True,False,0.8068403406449757
Line.ln5714974-1,Primary,2,2,2,400.0,True,False,0.7949590286974635
Line.ln5714974-1,Primary,2,3,3,400.0,True,False,0.7692302820649776
Line.ln5472368-1,Primary,1,1,1,400.0,True,True,0.000696143656843431
Line.ln5472368-1,Primary,2,1,1,400.0,True,False,0.0006972757478511099
Line.ln6229795-2,Primary,1,1,1,400.0,True,True,0.003840896015011596
Line.ln6229795-2,Primary,2,1,1,400.0,True,False,0.0038409721223220455
Line.ln6012046-1,Primary,1,1,1,400.0,True,True,0.0513875360183279
Line.ln6012046-1,Primary,1,2,2,400.0,True,True,0.10563441173813785
Line.ln6012046-1,Primary,1,3,3,400.0,True,True,0.10354765500340933
Line.ln6012046-1,Primary,2,1,1,400.0,True,False,0.051389737296812336
Line.ln6012046-1,Primary,2,2,2,400.0,True,False,0.1056368020733189
Line.ln6012046-1,Primary,2,3,3,400.0,True,False,0.10354914913957748
Line.ln6436903-4,Primary,1,1,1,400.0,True,True,0.01407324616948591
Line.ln6436903-4,Primary,2,1,1,400.0,True,False,0.014073286596536075
Line.ln8979254-2,Primary,1,1,1,190.0,True,True,0.007535110133120991
Line.ln8979254-2,Primary,1,2,2,190.0,True,True,0.008235840395393056
Line.ln8979254-2,Primary,1,3,3,190.0,True,True,0.008388898336819635
Line.ln8979254-2,Primary,2,1,1,190.0,True,False,0.007537698982565821
Line.ln8979254-2,Primary,2,2,2,190.0,True,False,0.008238473344935346
Line.ln8979254-2,Primary,2,3,3,190.0,True,False,0.00839156590581931
Line.ln6255312-1,Primary,1,1,1,400.0,True,True,0.0010528074392154767
Line.ln6255312-1,Primary,2,1,1,400.0,True,False,0.001053840095317332
Line.ln6169255-1,Primary,1,1,1,400.0,True,True,0.004187534677173151
Line.ln6169255-1,Primary,2,1,1,400.0,True,False,0.004188526536705145
Line.ln5774470-2,Primary,1,1,1,400.0,True,True,0.03245348869447592
Line.ln5774470-2,Primary,2,1,1,400.0,True,False,0.032455085295312804
Line.ln6017288-1,Primary,1,1,3,400.0,True,True,0.0011937286761218376
Line.ln6017288-1,Primary,2,1,3,400.0,True,False,0.001195639357534244
Line.ln6505949-1,Primary,1,1,1,400.0,True,True,0.0053125469746473945
Line.ln6505949-1,Primary,1,2,2,400.0,True,True,4.613025665247022e-05
Line.ln6505949-1,Primary,1,3,3,400.0,True,True,0.014531954607055775
Line.ln6505949-1,Primary,2,1,1,400.0,True,False,0.005312588482330727
Line.ln6505949-1,Primary,2,2,2,400.0,True,False,4.5977542618938596e-05
Line.ln6505949-1,Primary,2,3,3,400.0,True,False,0.014531983165887753
Line.ln6409781-3,Primary,1,1,1,400.0,True,True,0.005238587737382494
Line.ln6409781-3,Primary,2,1,1,400.0,True,False,0.005238910269806174
Line.ln6199040-1,Primary,1,1,1,400.0,True,True,0.0017587076907240816
Line.ln6199040-1,Primary,2,1,1,400.0,True,False,0.0017600729036284148
Line.ln6320322-1,Primary,1,1,3,400.0,True,True,0.007961449902910811
Line.ln6320322-1,Primary,2,1,3,400.0,True,False,0.00796250710971352
Line.ln5623405-1,Primary,1,1,1,400.0,True,True,0.02786109051285203
Line.ln5623405-1,Primary,2,1,1,400.0,True,False,0.027862220275974334
Line.ln5502557-1,Primary,1,1,2,400.0,True,True,0.004963730748152676
Line.ln5502557-1,Primary,2,1,2,400.0,True,False,0.004964312238927569
Line.ln6505950-1,Primary,1,1,1,400.0,True,True,0.0053125884813907355
Line.ln6505950-1,Primary,1,2,2,400.0,True,True,4.5977542852852294e-05
Line.ln6505950-1,Primary,1,3,3,400.0,True,True,0.01333202309552349
Line.ln6505950-1,Primary,2,1,1,400.0,True,False,0.0053128983105534475
Line.ln6505950-1,Primary,2,2,2,400.0,True,False,4.483803339499463e-05
Line.ln6505950-1,Primary,2,3,3,400.0,True,False,0.01333223607506644
Line.ln5683823-1,Primary,1,1,1,400.0,True,True,0.13053673219535644
Line.ln5683823-1,Primary,1,2,2,400.0,True,True,0.1340819107931818
Line.ln5683823-1,Primary,1,3,3,400.0,True,True,0.13634381487833058
Line.ln5683823-1,Primary,2,1,1,400.0,True,False,0.13053365804458225
Line.ln5683823-1,Primary,2,2,2,400.0,True,False,0.1340788951792095
Line.ln5683823-1,Primary,2,3,3,400.0,True,False,0.13634048441998242
Line.ln5804809-1,Primary,1,1,1,400.0,True,True,0.0017768966243779157
Line.ln5804809-1,Primary,2,1,1,400.0,True,False,0.0017780522159440496
Line.ln6506310-2,Primary,1,1,1,400.0,True,True,0.005389870210053169
Line.ln6506310-2,Primary,1,2,2,400.0,True,True,0.005830104381630098
Line.ln6506310-2,Primary,1,3,3,400.0,True,True,0.0072524291717995445
Line.ln6506310-2,Primary,2,1,1,400.0,True,False,0.005391249125169492
Line.ln6506310-2,Primary,2,2,2,400.0,True,False,0.005831616877220353
Line.ln6506310-2,Primary,2,3,3,400.0,True,False,0.007253446339347609
Line.ln5714051-1,Primary,1,1,2,400.0,True,True,0.003888055504051893
Line.ln5714051-1,Primary,2,1,2,400.0,True,False,0.003889091853984159
Line.ln5924709-1,Primary,1,1,3,400.0,True,True,0.002369732915821353
Line.ln5924709-1,Primary,2,1,3,400.0,True,False,0.0023705393350371526
Line.ln6077779-1,Primary,1,1,3,400.0,True,True,0.03584064534869944
Line.ln6077779-1,Primary,2,1,3,400.0,True,False,0.0358411902964996
Line.ln5803273-1,Primary,1,1,1,400.0,True,True,0.03882342496599608
Line.ln5803273-1,Primary,1,2,2,400.0,True,True,0.08595758862631694
Line.ln5803273-1,Primary,1,3,3,400.0,True,True,0.0706704586488278
Line.ln5803273-1,Primary,2,1,1,400.0,True,False,0.03882562900052085
Line.ln5803273-1,Primary,2,2,2,400.0,True,False,0.08595998998957789
Line.ln5803273-1,Primary,2,3,3,400.0,True,False,0.07067195941872204
Line.ln5532752-2,Primary,1,1,1,400.0,True,True,0.0017400630537238487
Line.ln5532752-2,Primary,2,1,1,400.0,True,False,0.0017401842666645156
Line.ln5985355-1,Primary,1,1,2,400.0,True,True,0.07364982473394659
Line.ln5985355-1,Primary,2,1,2,400.0,True,False,0.07365159796112217
Line.ln5472357-1,Primary,1,1,2,400.0,True,True,0.05126192310082934
Line.ln5472357-1,Primary,2,1,2,400.0,True,False,0.05126196625060071
Line.ln5895793-1,Primary,1,1,1,400.0,True,True,0.08950966759027869
Line.ln5895793-1,Primary,1,2,2,400.0,True,True,0.10945442560883852
Line.ln5895793-1,Primary,1,3,3,400.0,True,True,0.1035367205668828
Line.ln5895793-1,Primary,2,1,1,400.0,True,False,0.08951280759733468
Line.ln5895793-1,Primary,2,2,2,400.0,True,False,0.10945785869261396
Line.ln5895793-1,Primary,2,3,3,400.0,True,False,0.10353886940429403
Line.ln6505945-1,Primary,1,1,2,400.0,True,True,0.0636902258925728
Line.ln6505945-1,Primary,2,1,2,400.0,True,False,0.063690261686018
Line.ln6047585-1,Primary,1,1,1,400.0,True,True,0.011960370666013985
Line.ln6047585-1,Primary,2,1,1,400.0,True,False,0.011961604466913703
Line.ln5591716-1,Primary,1,1,3,400.0,True,True,0.010160466405525159
Line.ln5591716-1,Primary,2,1,3,400.0,True,False,0.01016174546531037
Line.2002200004641085_sw,Primary,1,1,1,400.0,True,True,0.4272925570914362
Line.2002200004641085_sw,Primary,1,2,2,400.0,True,True,0.43722022709373365
Line.2002200004641085_sw,Primary,1,3,3,400.0,True,True,0.3380807706575746
Line.2002200004641085_sw,Primary,2,1,1,400.0,True,False,0.42729255687835555
Line.2002200004641085_sw,Primary,2,2,2,400.0,True,False,0.4372202269694229
Line.2002200004641085_sw,Primary,2,3,3,400.0,True,False,0.338080769549512
Line.ln5587291-3,Primary,1,1,1,400.0,True,True,0.4272925503399771
Line.ln5587291-3,Primary,1,2,2,400.0,True,True,0.43722021041234677
Line.ln5587291-3,Primary,1,3,3,400.0,True,True,0.338080925405052
Line.ln5587291-3,Primary,2,1,1,400.0,True,False,0.4272925570891086
Line.ln5587291-3,Primary,2,2,2,400.0,True,False,0.4372202270921933
Line.ln5587291-3,Primary,2,3,3,400.0,True,False,0.3380807706584468
Line.ln6199528-1,Primary,1,1,1,400.0,True,True,0.0010452640265576716
Line.ln6199528-1,Primary,2,1,1,400.0,True,False,0.0010455065020680036
Line.ln6167749-1,Primary,1,1,2,400.0,True,True,0.0011637503178234504
Line.ln6167749-1,Primary,2,1,2,400.0,True,False,0.0011641617236063397
Line.ln5895804-1,Primary,1,1,1,400.0,True,True,0.4091218068748434
Line.ln5895804-1,Primary,1,2,2,400.0,True,True,0.35686114074563624
Line.ln5895804-1,Primary,1,3,3,400.0,True,True,0.30484127358931495
Line.ln5895804-1,Primary,2,1,1,400.0,True,False,0.409121638739893
Line.ln5895804-1,Primary,2,2,2,400.0,True,False,0.35686061982777756
Line.ln5895804-1,Primary,2,3,3,400.0,True,False,0.30483919652711655
Line.ln5805728-1,Primary,1,1,1,400.0,True,True,0.4459864930740527
Line.ln5805728-1,Primary,1,2,2,400.0,True,True,0.4500157123788644
Line.ln5805728-1,Primary,1,3,3,400.0,True,True,0.3398978839312122
Line.ln5805728-1,Primary,2,1,1,400.0,True,False,0.44598654056192316
Line.ln5805728-1,Primary,2,2,2,400.0,True,False,0.4500159399350091
Line.ln5805728-1,Primary,2,3,3,400.0,True,False,0.33989647295290815
Line.ln5894312-1,Primary,1,1,1,400.0,True,True,2.6023927169381107e-06
Line.ln5894312-1,Primary,2,1,1,400.0,True,False,5.456968210637569e-14
Line.ln5651985-2,Primary,1,1,3,400.0,True,True,0.00395417866003572
Line.ln5651985-2,Primary,2,1,3,400.0,True,False,0.0039544047451985495
Line.ln6256144-4,Primary,1,1,1,400.0,True,True,0.15755551561382933
Line.ln6256144-4,Primary,1,2,2,400.0,True,True,0.16545379729522364
Line.ln6256144-4,Primary,1,3,3,400.0,True,True,0.15232963374929087
Line.ln6256144-4,Primary,2,1,1,400.0,True,False,0.1575535672037936
Line.ln6256144-4,Primary,2,2,2,400.0,True,False,0.16545197371244316
Line.ln6256144-4,Primary,2,3,3,400.0,True,False,0.15232713410045795
Line.ln5683825-1,Primary,1,1,1,400.0,True,True,0.0026479830864557853
Line.ln5683825-1,Primary,2,1,1,400.0,True,False,0.0026487001166625645
Line.ln8979371-1,Primary,1,1,3,220.0,True,True,0.007288532446085321
Line.ln8979371-1,Primary,2,1,3,220.0,True,False,0.007290308850110093
Line.ln5866268-1,Primary,1,1,1,400.0,True,True,0.7964812607216267
Line.ln5866268-1,Primary,1,2,2,400.0,True,True,0.7949644854012571
Line.ln5866268-1,Primary,1,3,3,400.0,True,True,0.7212829160853573
Line.ln5866268-1,Primary,2,1,1,400.0,True,False,0.7964815549630976
Line.ln5866268-1,Primary,2,2,2,400.0,True,False,0.7949648787862745
Line.ln5866268-1,Primary,2,3,3,400.0,True,False,0.721282300395373
Line.ln6103754-1,Primary,1,1,3,400.0,True,True,0.0029913423311743953
Line.ln6103754-1,Primary,2,1,3,400.0,True,False,0.0029922287693954176
Line.ln6504019-5,Primary,1,1,1,400.0,True,True,0.7964817365467094
Line.ln6504019-5,Primary,1,2,2,400.0,True,True,0.7949651225522706
Line.ln6504019-5,Primary,1,3,3,400.0,True,True,0.7212819113683566
Line.ln6504019-5,Primary,2,1,1,400.0,True,False,0.7964819493427803
Line.ln6504019-5,Primary,2,2,2,400.0,True,False,0.7949654092376381
Line.ln6504019-5,Primary,2,3,3,400.0,True,False,0.7212814462156119
Line.ln5562918-1,Primary,1,1,2,400.0,True,True,0.0030158007930097047
Line.ln5562918-1,Primary,2,1,2,400.0,True,False,0.0030158527839386556
Line.ln6411364-1,Primary,1,1,3,400.0,True,True,0.0020048202807499815
Line.ln6411364-1,Primary,2,1,3,400.0,True,False,0.002005370749366071
Line.ln5621860-1,Primary,1,1,3,400.0,True,True,0.002375525727811485
Line.ln5621860-1,Primary,2,1,3,400.0,True,False,0.0023779284085099755
Line.ln5866266-1,Primary,1,1,3,400.0,True,True,0.005526604504862709
Line.ln5866266-1,Primary,2,1,3,400.0,True,False,0.005527225309873307
Line.ln6015795-1,Primary,1,1,3,400.0,True,True,0.06941613511899436
Line.ln6015795-1,Primary,2,1,3,400.0,True,False,0.0694178237095656
Line.xj171_48332_sw,Primary,1,1,1,400.0,True,True,0.8065096515189856
Line.xj171_48332_sw,Primary,1,2,2,400.0,True,True,0.7949605196971226
Line.xj171_48332_sw,Primary,1,3,3,400.0,True,True,0.7692288441163079
Line.xj171_48332_sw,Primary,2,1,1,400.0,True,False,0.8065096517588288
Line.xj171_48332_sw,Primary,2,2,2,400.0,True,False,0.7949605200171047
Line.xj171_48332_sw,Primary,2,3,3,400.0,True,False,0.7692288440507268
Line.ln5513564-1,Primary,1,1,1,400.0,True,True,0.8065095336244406
Line.ln5513564-1,Primary,1,2,2,400.0,True,True,0.7949603757264713
Line.ln5513564-1,Primary,1,3,3,400.0,True,True,0.7692289882993724
Line.ln5513564-1,Primary,2,1,1,400.0,True,False,0.8065096515161347
Line.ln5513564-1,Primary,2,2,2,400.0,True,False,0.7949605196944721
Line.ln5513564-1,Primary,2,3,3,400.0,True,False,0.769228844120369
Line.ln6201702-2,Primary,1,1,1,400.0,True,True,0.009909013705323533
Line.ln6201702-2,Primary,2,1,1,400.0,True,False,0.009909384442355423
Line.ln5473436-2,Primary,1,1,1,400.0,True,True,0.18401348230312128
Line.ln5473436-2,Primary,1,2,2,400.0,True,True,0.20625057757934886
Line.ln5473436-2,Primary,1,3,3,400.0,True,True,0.2411936631732137
Line.ln5473436-2,Primary,2,1,1,400.0,True,False,0.18401206586039592
Line.ln5473436-2,Primary,2,2,2,400.0,True,False,0.20624946162756486
Line.ln5473436-2,Primary,2,3,3,400.0,True,False,0.24119243986639938
Line.ln6375549-6,Primary,1,1,1,400.0,True,True,0.008746782266136073
Line.ln6375549-6,Primary,1,2,2,400.0,True,True,3.0274920285677723e-05
Line.ln6375549-6,Primary,1,3,3,400.0,True,True,0.05239459867970508
Line.ln6375549-6,Primary,2,1,1,400.0,True,False,0.008748389527427918
Line.ln6375549-6,Primary,2,2,2,400.0,True,False,2.4160893502969626e-05
Line.ln6375549-6,Primary,2,3,3,400.0,True,False,0.05239572602577763
Line.ln6108153-1,Primary,1,1,1,400.0,True,True,0.001059156775196173
Line.ln6108153-1,Primary,2,1,1,400.0,True,False,0.001060210756984573
Line.ln5775433-3,Primary,1,1,1,400.0,True,True,0.01651806190098293
Line.ln5775433-3,Primary,2,1,1,400.0,True,False,0.01651928938031099
Line.ln5683809-1,Primary,1,1,1,400.0,True,True,0.006328877876526878
Line.ln5683809-1,Primary,2,1,1,400.0,True,False,0.006329636123227504
Line.ln6411373-3,Primary,1,1,1,400.0,True,True,0.001765241114431932
Line.ln6411373-3,Primary,2,1,1,400.0,True,False,0.0017660615604173158
Line.ln5952392-1,Primary,1,1,3,400.0,True,True,0.0437275690107825
Line.ln5952392-1,Primary,2,1,3,400.0,True,False,0.04372815237459732
Line.ln5804797-1,Primary,1,1,2,400.0,True,True,0.005057949944805204
Line.ln5804797-1,Primary,2,1,2,400.0,True,False,0.005058670886244276
Line.ln5804837-1,Primary,1,1,2,400.0,True,True,0.0038734628599843435
Line.ln5804837-1,Primary,2,1,2,400.0,True,False,0.003874107158976951
Line.ln6413567-2,Primary,1,1,1,400.0,True,True,0.12989629174674067
Line.ln6413567-2,Primary,1,2,2,400.0,True,True,0.1340614905428313
Line.ln6413567-2,Primary,1,3,3,400.0,True,True,0.10625246800951553
Line.ln6413567-2,Primary,2,1,1,400.0,True,False,0.12989457288425502
Line.ln6413567-2,Primary,2,2,2,400.0,True,False,0.13405981882062837
Line.ln6413567-2,Primary,2,3,3,400.0,True,False,0.10624961031194255
Line.ln81043320-1,Primary,1,1,3,220.0,True,True,0.05514406138068286
Line.ln81043320-1,Primary,2,1,3,220.0,True,False,0.05516051088395096
Line.ln6199520-1,Primary,1,1,3,400.0,True,True,0.0027805115899645727
Line.ln6199520-1,Primary,2,1,3,400.0,True,False,0.0027821830148764487
Line.a8869_48332_sw,Primary,1,1,1,400.0,True,True,0.5505281686151691
Line.a8869_48332_sw,Primary,1,2,2,400.0,True,True,0.5453463216672599
Line.a8869_48332_sw,Primary,1,3,3,400.0,True,True,0.39279587199035765
Line.a8869_48332_sw,Primary,2,1,1,400.0,True,False,0.5505281689637506
Line.a8869_48332_sw,Primary,2,2,2,400.0,True,False,0.5453463220928487
Line.a8869_48332_sw,Primary,2,3,3,400.0,True,False,0.3927958714239862
Line.ln6198039-1,Primary,1,1,1,400.0,True,True,0.5505277358287799
Line.ln6198039-1,Primary,1,2,2,400.0,True,True,0.5453457532275933
Line.ln6198039-1,Primary,1,3,3,400.0,True,True,0.3927967003361982
Line.ln6198039-1,Primary,2,1,1,400.0,True,False,0.5505281686160572
Line.ln6198039-1,Primary,2,2,2,400.0,True,False,0.5453463216682136
Line.ln6198039-1,Primary,2,3,3,400.0,True,False,0.39279587198854604
Line.ln6350544-2,Primary,1,1,1,400.0,True,True,0.1705419180079066
Line.ln6350544-2,Primary,1,2,2,400.0,True,True,0.12136557345923384
Line.ln6350544-2,Primary,1,3,3,400.0,True,True,0.10798229990256686
Line.ln6350544-2,Primary,2,1,1,400.0,True,False,0.1705425604016419
Line.ln6350544-2,Primary,2,2,2,400.0,True,False,0.12136627219130786
Line.ln6350544-2,Primary,2,3,3,400.0,True,False,0.10798272993323155
Line.ln5865242-1,Primary,1,1,2,400.0,True,True,0.037265961166622084
Line.ln5865242-1,Primary,2,1,2,400.0,True,False,0.03726689490744557
Line.ln6359077-2,Primary,1,1,3,400.0,True,True,0.005947289996803792
Line.ln6359077-2,Primary,2,1,3,400.0,True,False,0.0059483525480890035
Line.ln5498301-1,Primary,1,1,1,400.0,True,True,0.08646346976403604
Line.ln5498301-1,Primary,1,2,2,400.0,True,True,0.02575950971084942
Line.ln5498301-1,Primary,1,3,3,400.0,True,True,0.04670992018299958
Line.ln5498301-1,Primary,2,1,1,400.0,True,False,0.08646406516265237
Line.ln5498301-1,Primary,2,2,2,400.0,True,False,0.025760151505251
Line.ln5498301-1,Primary,2,3,3,400.0,True,False,0.04671033383922993
Line.ln5625550-1,Primary,1,1,2,400.0,True,True,0.014847118481483292
Line.ln5625550-1,Primary,2,1,2,400.0,True,False,0.014849271197631018
Line.ln5623393-1,Primary,1,1,1,400.0,True,True,0.0006918579449917651
Line.ln5623393-1,Primary,2,1,1,400.0,True,False,0.0006923217963749732
Line.ln5604685-1,Primary,1,1,1,400.0,True,True,0.006199917380137548
Line.ln5604685-1,Primary,1,2,2,400.0,True,True,0.007792529909402292
Line.ln5604685-1,Primary,1,3,3,400.0,True,True,0.00703283305462936
Line.ln5604685-1,Primary,2,1,1,400.0,True,False,0.0062013933564611
Line.ln5604685-1,Primary,2,2,2,400.0,True,False,0.0077941231908045415
Line.ln5604685-1,Primary,2,3,3,400.0,True,False,0.007033911705881596
Line.ln5894211-1,Primary,1,1,3,400.0,True,True,0.005137056348267887
Line.ln5894211-1,Primary,2,1,3,400.0,True,False,0.005137123782916849
Line.ln5742835-1,Primary,1,1,1,400.0,True,True,0.001765910297682366
Line.ln5742835-1,Primary,1,2,2,400.0,True,True,0.003846733905425454
Line.ln5742835-1,Primary,1,3,3,400.0,True,True,1.5147574241243162e-05
Line.ln5742835-1,Primary,2,1,1,400.0,True,False,0.0017669658222615229
Line.ln5742835-1,Primary,2,2,2,400.0,True,False,0.0038478856720862427
Line.ln5742835-1,Primary,2,3,3,400.0,True,False,1.1340280843115106e-05
Line.ln5651970-1,Primary,1,1,1,400.0,True,True,0.001743039675613988
Line.ln5651970-1,Primary,2,1,1,400.0,True,False,0.001743269152012426
Line.ln5773040-2,Primary,1,1,1,400.0,True,True,0.017512411191074193
Line.ln5773040-2,Primary,1,2,2,400.0,True,True,0.0933794529617701
Line.ln5773040-2,Primary,1,3,3,400.0,True,True,0.0039372065477701725
Line.ln5773040-2,Primary,2,1,1,400.0,True,False,0.01751446878055192
Line.ln5773040-2,Primary,2,2,2,400.0,True,False,0.09338169927904055
Line.ln5773040-2,Primary,2,3,3,400.0,True,False,0.003938582517648883
Line.ln5741170-3,Primary,1,1,3,400.0,True,True,0.004008054190615712
Line.ln5741170-3,Primary,2,1,3,400.0,True,False,0.004008183817313172
Line.ln5472359-1,Primary,1,1,1,400.0,True,True,0.007647292214617875
Line.ln5472359-1,Primary,2,1,1,400.0,True,False,0.007647623579173605
Line.ln5651966-1,Primary,1,1,2,400.0,True,True,0.0011561297478311812
Line.ln5651966-1,Primary,2,1,2,400.0,True,False,0.0011564937158251667
Line.ln6409780-1,Primary,1,1,2,400.0,True,True,0.002286244126263462
Line.ln6409780-1,Primary,2,1,2,400.0,True,False,0.002286306374282557
Line.ln6102834-1,Primary,1,1,2,400.0,True,True,0.0068878114606836715
Line.ln6102834-1,Primary,2,1,2,400.0,True,False,0.006888418404475017
Line.ln5502537-1,Primary,1,1,2,400.0,True,True,0.011912741065384036
Line.ln5502537-1,Primary,2,1,2,400.0,True,False,0.011914132039895333
Line.ln5896834-1,Primary,1,1,1,400.0,True,True,0.7583217951847986
Line.ln5896834-1,Primary,1,2,2,400.0,True,True,0.7618452186583025
Line.ln5896834-1,Primary,1,3,3,400.0,True,True,0.6897734440504186
Line.ln5896834-1,Primary,2,1,1,400.0,True,False,0.7583219849307598
Line.ln5896834-1,Primary,2,2,2,400.0,True,False,0.7618455647331053
Line.ln5896834-1,Primary,2,3,3,400.0,True,False,0.6897723275454668
Line.ln5715052-1,Primary,1,1,1,400.0,True,True,0.7713980830461686
Line.ln5715052-1,Primary,1,2,2,400.0,True,True,0.762948901029905
Line.ln5715052-1,Primary,1,3,3,400.0,True,True,0.6897763695620229
Line.ln5715052-1,Primary,2,1,1,400.0,True,False,0.7713983640405125
Line.ln5715052-1,Primary,2,2,2,400.0,True,False,0.762949314801419
Line.ln5715052-1,Primary,2,3,3,400.0,True,False,0.6897751869072466
Line.ln6228316-5,Primary,1,1,3,400.0,True,True,0.0019899277075980976
Line.ln6228316-5,Primary,2,1,3,400.0,True,False,0.0019905714693766387
Line.ln5774455-3,Primary,1,1,1,400.0,True,True,0.003492458891599155
Line.ln5774455-3,Primary,2,1,1,400.0,True,False,0.003492564732200266
Line.ln5653467-1,Primary,1,1,1,400.0,True,True,0.0035198750364720294
Line.ln5653467-1,Primary,2,1,1,400.0,True,False,0.0035201863941598283
Line.ln6383460-1,Primary,1,1,1,400.0,True,True,0.20608387340215636
Line.ln6383460-1,Primary,1,2,2,400.0,True,True,0.22046646965013264
Line.ln6383460-1,Primary,1,3,3,400.0,True,True,0.1411491009194113
Line.ln6383460-1,Primary,2,1,1,400.0,True,False,0.20608463653704948
Line.ln6383460-1,Primary,2,2,2,400.0,True,False,0.2204672940632268
Line.ln6383460-1,Primary,2,3,3,400.0,True,False,0.1411496078907151
Line.ln6437384-1,Primary,1,1,3,400.0,True,True,0.003946443140744338
Line.ln6437384-1,Primary,2,1,3,400.0,True,False,0.003946557491445967
Line.ln5623428-1,Primary,1,1,1,400.0,True,True,0.001065841744211907
Line.ln5623428-1,Primary,2,1,1,400.0,True,False,0.0010669229015197279
Line.ln5895780-3,Primary,1,1,1,400.0,True,True,0.08925383526897718
Line.ln5895780-3,Primary,1,2,2,400.0,True,True,0.02574986759227116
Line.ln5895780-3,Primary,1,3,3,400.0,True,True,0.051874801463751855
Line.ln5895780-3,Primary,2,1,1,400.0,True,False,0.08925493641954181
Line.ln5895780-3,Primary,2,2,2,400.0,True,False,0.025751047521795897
Line.ln5895780-3,Primary,2,3,3,400.0,True,False,0.051875565156132696
Line.ln5837361-7,Primary,1,1,3,400.0,True,True,1.2681610974520289e-06
Line.ln5837361-7,Primary,2,1,3,400.0,True,False,2.624678799628193e-07
Line.ln5744353-1,Primary,1,1,2,400.0,True,True,0.03703351942305873
Line.ln5744353-1,Primary,2,1,2,400.0,True,False,0.03703414604310868
Line.ln6048632-1,Primary,1,1,2,400.0,True,True,0.0060556574232154
Line.ln6048632-1,Primary,2,1,2,400.0,True,False,0.006056700331790319
Line.ln5804811-1,Primary,1,1,2,400.0,True,True,0.0030941135375649616
Line.ln5804811-1,Primary,2,1,2,400.0,True,False,0.0030953551400977825
Line.ln5716232-1,Primary,1,1,2,400.0,True,True,0.050358628635115
Line.ln5716232-1,Primary,2,1,2,400.0,True,False,0.05035912326773374
Line.ln5716230-3,Primary,1,1,1,400.0,True,True,0.001724074266563787
Line.ln5716230-3,Primary,1,2,2,400.0,True,True,3.0467723630378437e-06
Line.ln5716230-3,Primary,1,3,3,400.0,True,True,2.974710255163843e-06
Line.ln5716230-3,Primary,2,1,1,400.0,True,False,0.001724924754018959
Line.ln5716230-3,Primary,2,2,2,400.0,True,False,1.1470545592264388e-13
Line.ln5716230-3,Primary,2,3,3,400.0,True,False,1.1064480586898241e-13
Line.ln5503546-1,Primary,1,1,1,400.0,True,True,1.4514395512171157e-06
Line.ln5503546-1,Primary,1,2,2,400.0,True,True,1.5494224967984656e-06
Line.ln5503546-1,Primary,1,3,3,400.0,True,True,0.0011851825993493368
Line.ln5503546-1,Primary,2,1,1,400.0,True,False,1.6477925721113422e-13
Line.ln5503546-1,Primary,2,2,2,400.0,True,False,1.9412173186075502e-13
Line.ln5503546-1,Primary,2,3,3,400.0,True,False,0.0011854903307935325
Line.ln5653481-1,Primary,1,1,2,400.0,True,True,0.0011657665149112752
Line.ln5653481-1,Primary,2,1,2,400.0,True,False,0.0011668907066933203
Line.ln6381853-1,Primary,1,1,1,400.0,True,True,0.5748797180493402
Line.ln6381853-1,Primary,1,2,2,400.0,True,True,0.560987500294898
Line.ln6381853-1,Primary,1,3,3,400.0,True,True,0.43512197719365125
Line.ln6381853-1,Primary,2,1,1,400.0,True,False,0.57488036549069
Line.ln6381853-1,Primary,2,2,2,400.0,True,False,0.5609882839923165
Line.ln6381853-1,Primary,2,3,3,400.0,True,False,0.4351213387543704
Line.ln5895785-1,Primary,1,1,1,400.0,True,True,0.004514798409879267
Line.ln5895785-1,Primary,2,1,1,400.0,True,False,0.004515298800963237
Line.ln5593233-1,Primary,1,1,3,400.0,True,True,0.025508102386852888
Line.ln5593233-1,Primary,2,1,3,400.0,True,False,0.025509741747041313
Line.ln6438273-2,Primary,1,1,1,400.0,True,True,0.00814110646086078
Line.ln6438273-2,Primary,1,2,2,400.0,True,True,0.007727504959206456
Line.ln6438273-2,Primary,1,3,3,400.0,True,True,0.007036791720464722
Line.ln6438273-2,Primary,2,1,1,400.0,True,False,0.00814182398796439
Line.ln6438273-2,Primary,2,2,2,400.0,True,False,0.007728279268558695
Line.ln6438273-2,Primary,2,3,3,400.0,True,False,0.007037284234185869
Line.ln6412355-1,Primary,1,1,1,400.0,True,True,0.7610004832756109
Line.ln6412355-1,Primary,1,2,2,400.0,True,True,0.7618448401830379
Line.ln6412355-1,Primary,1,3,3,400.0,True,True,0.6897746114889403
Line.ln6412355-1,Primary,2,1,1,400.0,True,False,0.7610006314137218
Line.ln6412355-1,Primary,2,2,2,400.0,True,False,0.7618450921852191
Line.ln6412355-1,Primary,2,3,3,400.0,True,False,0.6897738401126319
Line.ln5532785-1,Primary,1,1,1,400.0,True,True,0.04161783741379002
Line.ln5532785-1,Primary,1,2,2,400.0,True,True,0.09174230370921137
Line.ln5532785-1,Primary,1,3,3,400.0,True,True,0.07066746140195003
Line.ln5532785-1,Primary,2,1,1,400.0,True,False,0.041619425635871676
Line.ln5532785-1,Primary,2,2,2,400.0,True,False,0.09174403610655077
Line.ln5532785-1,Primary,2,3,3,400.0,True,False,0.0706685440397636
Line.ln5833622-1,Primary,1,1,3,400.0,True,True,0.013912182926544456
Line.ln5833622-1,Primary,2,1,3,400.0,True,False,0.013913036134354193
Line.ln5898058-3,Primary,1,1,2,400.0,True,True,0.04198350595999607
Line.ln5898058-3,Primary,2,1,2,400.0,True,False,0.041983580891012465
Line.ln6260929-1,Primary,1,1,1,400.0,True,True,0.5505286968276728
Line.ln6260929-1,Primary,1,2,2,400.0,True,True,0.5406350443073464
Line.ln6260929-1,Primary,1,3,3,400.0,True,True,0.3899929541783992
Line.ln6260929-1,Primary,2,1,1,400.0,True,False,0.5505288839865178
Line.ln6260929-1,Primary,2,2,2,400.0,True,False,0.5406352864657216
Line.ln6260929-1,Primary,2,3,3,400.0,True,False,0.38999258051045516
Line.ln5623388-1,Primary,1,1,1,400.0,True,True,0.004922686741609902
Line.ln5623388-1,Primary,2,1,1,400.0,True,False,0.004923534499843781
Line.ln6290198-1,Primary,1,1,1,400.0,True,True,0.42267554340573077
Line.ln6290198-1,Primary,1,2,2,400.0,True,True,0.43268859125078385
Line.ln6290198-1,Primary,1,3,3,400.0,True,True,0.32098142248303463
Line.ln6290198-1,Primary,2,1,1,400.0,True,False,0.42267553787554357
Line.ln6290198-1,Primary,2,2,2,400.0,True,False,0.43268869613236355
Line.ln6290198-1,Primary,2,3,3,400.0,True,False,0.3209794523977332
Line.ln6505937-2,Primary,1,1,2,400.0,True,True,0.004974925245420194
Line.ln6505937-2,Primary,2,1,2,400.0,True,False,0.004977823835373004
Line.ln5833624-2,Primary,1,1,1,400.0,True,True,0.00974631052033042
Line.ln5833624-2,Primary,1,2,2,400.0,True,True,0.07972556740603083
Line.ln5833624-2,Primary,1,3,3,400.0,True,True,0.007096918449033601
Line.ln5833624-2,Primary,2,1,1,400.0,True,False,0.009749898825222432
Line.ln5833624-2,Primary,2,2,2,400.0,True,False,0.07972958227669534
Line.ln5833624-2,Primary,2,3,3,400.0,True,False,0.007099188823101673
Line.ln5654472-1,Primary,1,1,1,400.0,True,True,0.7991559940105355
Line.ln5654472-1,Primary,1,2,2,400.0,True,True,0.7949618274476126
Line.ln5654472-1,Primary,1,3,3,400.0,True,True,0.7224076772750558
Line.ln5654472-1,Primary,2,1,1,400.0,True,False,0.7991562720039771
Line.ln5654472-1,Primary,2,2,2,400.0,True,False,0.7949621833619297
Line.ln5654472-1,Primary,2,3,3,400.0,True,False,0.722407200751
Line.ln5926297-1,Primary,1,1,3,400.0,True,True,0.0027812273258061315
Line.ln5926297-1,Primary,2,1,3,400.0,True,False,0.0027814729498136397
Line.ln5957495-1,Primary,1,1,3,400.0,True,True,0.0031629124755975764
Line.ln5957495-1,Primary,2,1,3,400.0,True,False,0.0031639634563117225
Line.ln6380838-1,Primary,1,1,1,400.0,True,True,0.024031477244531634
Line.ln6380838-1,Primary,1,2,2,400.0,True,True,0.06873151519303317
Line.ln6380838-1,Primary,1,3,3,400.0,True,True,0.05359083024303711
Line.ln6380838-1,Primary,2,1,1,400.0,True,False,0.0240327706360329
Line.ln6380838-1,Primary,2,2,2,400.0,True,False,0.06873294123478892
Line.ln6380838-1,Primary,2,3,3,400.0,True,False,0.05359170832807478
Line.ln5562931-2,Primary,1,1,3,400.0,True,True,0.00295564233370897
Line.ln5562931-2,Primary,2,1,3,400.0,True,False,0.002955716301890962
Line.ln6017298-1,Primary,1,1,1,400.0,True,True,0.0055215651900027375
Line.ln6017298-1,Primary,2,1,1,400.0,True,False,0.005522777139942984
Line.ln6170302-1,Primary,1,1,1,400.0,True,True,0.1588868750877764
Line.ln6170302-1,Primary,1,2,2,400.0,True,True,0.17355057249245565
Line.ln6170302-1,Primary,1,3,3,400.0,True,True,0.15529167774394412
Line.ln6170302-1,Primary,2,1,1,400.0,True,False,0.15888399688523325
Line.ln6170302-1,Primary,2,2,2,400.0,True,False,0.17354805581270277
Line.ln6170302-1,Primary,2,3,3,400.0,True,False,0.1552878552173897
Line.ln5806919-1,Primary,1,1,1,400.0,True,True,0.1298939777551245
Line.ln5806919-1,Primary,1,2,2,400.0,True,True,0.13405924027745936
Line.ln5806919-1,Primary,1,3,3,400.0,True,True,0.10624862177921424
Line.ln5806919-1,Primary,2,1,1,400.0,True,False,0.1298903082408815
Line.ln5806919-1,Primary,2,2,2,400.0,True,False,0.1340556715055253
Line.ln5806919-1,Primary,2,3,3,400.0,True,False,0.1062425239155338
Line.ln5714075-1,Primary,1,1,3,400.0,True,True,0.0062248037981333295
Line.ln5714075-1,Primary,2,1,3,400.0,True,False,0.006225742944123976
Line.ln5683830-1,Primary,1,1,1,400.0,True,True,0.002795877600929733
Line.ln5683830-1,Primary,1,2,2,400.0,True,True,0.053828190247386026
Line.ln5683830-1,Primary,1,3,3,400.0,True,True,0.0011856286619836283
Line.ln5683830-1,Primary,2,1,1,400.0,True,False,0.0027971561901408014
Line.ln5683830-1,Primary,2,2,2,400.0,True,False,0.05382959993324628
Line.ln5683830-1,Primary,2,3,3,400.0,True,False,0.0011865274446245515
Line.ln5894206-3,Primary,1,1,1,400.0,True,True,0.019263508305134694
Line.ln5894206-3,Primary,1,2,2,400.0,True,True,0.0953020260965018
Line.ln5894206-3,Primary,1,3,3,400.0,True,True,0.00393537589884436
Line.ln5894206-3,Primary,2,1,1,400.0,True,False,0.019265207084016304
Line.ln5894206-3,Primary,2,2,2,400.0,True,False,0.09530388315842034
Line.ln5894206-3,Primary,2,3,3,400.0,True,False,0.003936495348991146
Line.ln5623416-1,Primary,1,1,1,400.0,True,True,0.4068505602102752
Line.ln5623416-1,Primary,1,2,2,400.0,True,True,0.3670292064331268
Line.ln5623416-1,Primary,1,3,3,400.0,True,True,0.3092959370562245
Line.ln5623416-1,Primary,2,1,1,400.0,True,False,0.40685524537164297
Line.ln5623416-1,Primary,2,2,2,400.0,True,False,0.367034374797899
Line.ln5623416-1,Primary,2,3,3,400.0,True,False,0.3092991041915251
Line.ln5594243-1,Primary,1,1,1,400.0,True,True,0.010796592559271866
Line.ln5594243-1,Primary,2,1,1,400.0,True,False,0.010796712125075438
Line.ln6411381-1,Primary,1,1,1,400.0,True,True,0.0059964719046222085
Line.ln6411381-1,Primary,2,1,1,400.0,True,False,0.005997762504993427
Line.ln5895774-1,Primary,1,1,2,400.0,True,True,0.03888218980723895
Line.ln5895774-1,Primary,2,1,2,400.0,True,False,0.038883283958174156
Line.ln6200441-1,Primary,1,1,3,400.0,True,True,0.020509676420931874
Line.ln6200441-1,Primary,2,1,3,400.0,True,False,0.020510669922818452
Line.ln5644817-2,Primary,1,1,2,400.0,True,True,0.0019548821254412453
Line.ln5644817-2,Primary,2,1,2,400.0,True,False,0.0019554686517367355
Line.ln5502550-1,Primary,1,1,2,400.0,True,True,0.003100528549717231
Line.ln5502550-1,Primary,2,1,2,400.0,True,False,0.0031014765075267005
Line.ln6506316-6,Primary,1,1,2,400.0,True,True,0.002326309003274886
Line.ln6506316-6,Primary,2,1,2,400.0,True,False,0.002326343028100652
Line.ln5775367-1,Primary,1,1,1,400.0,True,True,0.0017978699516528391
Line.ln5775367-1,Primary,2,1,1,400.0,True,False,0.0017985036920964963
Line.ln6108156-1,Primary,1,1,2,400.0,True,True,0.0042528535255507965
Line.ln6108156-1,Primary,2,1,2,400.0,True,False,0.004253526024883815
Line.ln5716230-2,Primary,1,1,1,400.0,True,True,0.0017239528567454033
Line.ln5716230-2,Primary,1,2,2,400.0,True,True,3.4829939084135175e-06
Line.ln5716230-2,Primary,1,3,3,400.0,True,True,3.4006148058120364e-06
Line.ln5716230-2,Primary,2,1,1,400.0,True,False,0.001724074266322685
Line.ln5716230-2,Primary,2,2,2,400.0,True,False,3.046772511267984e-06
Line.ln5716230-2,Primary,2,3,3,400.0,True,False,2.9747106642115264e-06
Line.ln5863714-4,Primary,1,1,1,400.0,True,True,0.4091221515659307
Line.ln5863714-4,Primary,1,2,2,400.0,True,True,0.3568622484768844
Line.ln5863714-4,Primary,1,3,3,400.0,True,True,0.30660205788499506
Line.ln5863714-4,Primary,2,1,1,400.0,True,False,0.40912210911031477
Line.ln5863714-4,Primary,2,2,2,400.0,True,False,0.35686210886407693
Line.ln5863714-4,Primary,2,3,3,400.0,True,False,0.3066014967573391
Line.ln5588822-1,Primary,1,1,2,400.0,True,True,0.0029032851089155916
Line.ln5588822-1,Primary,2,1,2,400.0,True,False,0.0029039951861266084
Line.ln5623402-1,Primary,1,1,1,400.0,True,True,0.011548511150316161
Line.ln5623402-1,Primary,2,1,1,400.0,True,False,0.011549571600545969
Line.ln5712498-1,Primary,1,1,1,400.0,True,True,0.0034813018748670733
Line.ln5712498-1,Primary,2,1,1,400.0,True,False,0.003482464757155893
Line.ln5863706-1,Primary,1,1,1,400.0,True,True,0.08925563607670003
Line.ln5863706-1,Primary,1,2,2,400.0,True,True,0.025751797694682627
Line.ln5863706-1,Primary,1,3,3,400.0,True,True,0.050688308806093166
Line.ln5863706-1,Primary,2,1,1,400.0,True,False,0.08925610242486887
Line.ln5863706-1,Primary,2,2,2,400.0,True,False,0.025752297913371476
Line.ln5863706-1,Primary,2,3,3,400.0,True,False,0.050688632300468266
Line.ln5619489-1,Primary,1,1,1,400.0,True,True,0.1705465363898405
Line.ln5619489-1,Primary,1,2,2,400.0,True,True,0.12137059991708687
Line.ln5619489-1,Primary,1,3,3,400.0,True,True,0.1050206427014183
Line.ln5619489-1,Primary,2,1,1,400.0,True,False,0.17054883707619722
Line.ln5619489-1,Primary,2,2,2,400.0,True,False,0.12137310654686916
Line.ln5619489-1,Primary,2,3,3,400.0,True,False,0.10502218536319209
Line.ln6291242-1,Primary,1,1,1,400.0,True,True,0.8065103639654332
Line.ln6291242-1,Primary,1,2,2,400.0,True,True,0.7949613928793883
Line.ln6291242-1,Primary,1,3,3,400.0,True,True,0.7224082471391096
Line.ln6291242-1,Primary,2,1,1,400.0,True,False,0.806510716896918
Line.ln6291242-1,Primary,2,2,2,400.0,True,False,0.7949618274475247
Line.ln6291242-1,Primary,2,3,3,400.0,True,False,0.7224076772752105
Line.ln6047584-1,Primary,1,1,1,400.0,True,True,0.060481748394604455
Line.ln6047584-1,Primary,1,2,2,400.0,True,True,0.06861491706922523
Line.ln6047584-1,Primary,1,3,3,400.0,True,True,0.026406920520664977
Line.ln6047584-1,Primary,2,1,1,400.0,True,False,0.060482793433232436
Line.ln6047584-1,Primary,2,2,2,400.0,True,False,0.06861604486017048
Line.ln6047584-1,Primary,2,3,3,400.0,True,False,0.026407668683445736
Line.ln6991377-18,Primary,1,1,1,400.0,True,True,0.014044005083491875
Line.ln6991377-18,Primary,2,1,1,400.0,True,False,0.014045249318236945
Line.ln6247127-3,Primary,1,1,1,400.0,True,True,0.41838765858093924
Line.ln6247127-3,Primary,1,2,2,400.0,True,True,0.4326894198376086
Line.ln6247127-3,Primary,1,3,3,400.0,True,True,0.31296496262375034
Line.ln6247127-3,Primary,2,1,1,400.0,True,False,0.418387621925032
Line.ln6247127-3,Primary,2,2,2,400.0,True,False,0.4326894301141607
Line.ln6247127-3,Primary,2,3,3,400.0,True,False,0.31296420612835324
Line.ln81353936-2,Primary,1,1,3,220.0,True,True,0.010978017918049914
Line.ln81353936-2,Primary,2,1,3,220.0,True,False,0.010990583365968611
Line.ln81048109-2,Primary,1,1,2,220.0,True,True,5.656048899197978e-05
Line.ln81048109-2,Primary,2,1,2,220.0,True,False,4.3763516634928544e-05
Line.ln6409797-1,Primary,1,1,1,400.0,True,True,0.024567951717292858
Line.ln6409797-1,Primary,2,1,1,400.0,True,False,0.02456862518683014
Line.ln6229816-1,Primary,1,1,2,400.0,True,True,0.006665523811166926
Line.ln6229816-1,Primary,2,1,2,400.0,True,False,0.006666037728383955
Line.ln5742808-1,Primary,1,1,1,400.0,True,True,0.0017432691520700198
Line.ln5742808-1,Primary,2,1,1,400.0,True,False,0.0017434849059149485
Line.ln5593236-6,Primary,1,1,1,400.0,True,True,0.1787534194410587
Line.ln5593236-6,Primary,1,2,2,400.0,True,True,0.1401647598504794
Line.ln5593236-6,Primary,1,3,3,400.0,True,True,0.1573816052127127
Line.ln5593236-6,Primary,2,1,1,400.0,True,False,0.17875564057348536
Line.ln5593236-6,Primary,2,2,2,400.0,True,False,0.14016716429636125
Line.ln5593236-6,Primary,2,3,3,400.0,True,False,0.15738316980140643
Line.ln5985378-1,Primary,1,1,1,400.0,True,True,0.030261527310184406
Line.ln5985378-1,Primary,1,2,2,400.0,True,True,0.009869347910726316
Line.ln5985378-1,Primary,1,3,3,400.0,True,True,0.009176567680942428
Line.ln5985378-1,Primary,2,1,1,400.0,True,False,0.030265270247036118
Line.ln5985378-1,Primary,2,2,2,400.0,True,False,0.009873594683397265
Line.ln5985378-1,Primary,2,3,3,400.0,True,False,0.009179408119906845
Line.ln5896831-1,Primary,1,1,2,400.0,True,True,0.0019164859493496222
Line.ln5896831-1,Primary,2,1,2,400.0,True,False,0.0019176553511777578
Line.ln6025724-5,Primary,1,1,3,400.0,True,True,0.0011893377593554146
Line.ln6025724-5,Primary,2,1,3,400.0,True,False,0.001189485777555574
Line.ln6199531-1,Primary,1,1,3,400.0,True,True,0.0011902536724161736
Line.ln6199531-1,Primary,2,1,3,400.0,True,False,0.001191350398005523
Line.ln6229812-1,Primary,1,1,2,400.0,True,True,0.007656050744239584
Line.ln6229812-1,Primary,2,1,2,400.0,True,False,0.007656603113352105
Line.ln6169247-1,Primary,1,1,1,400.0,True,True,0.023101268553510277
Line.ln6169247-1,Primary,1,2,2,400.0,True,True,0.09529877198121878
Line.ln6169247-1,Primary,1,3,3,400.0,True,True,0.007096798164401683
Line.ln6169247-1,Primary,2,1,1,400.0,True,False,0.02310210709047064
Line.ln6169247-1,Primary,2,2,2,400.0,True,False,0.09529968781056775
Line.ln6169247-1,Primary,2,3,3,400.0,True,False,0.007097365400868344
Line.ln6422809-4,Primary,1,1,1,400.0,True,True,0.20677299131360669
Line.ln6422809-4,Primary,1,2,2,400.0,True,True,0.2204626407448484
Line.ln6422809-4,Primary,1,3,3,400.0,True,True,0.14114674731016275
Line.ln6422809-4,Primary,2,1,1,400.0,True,False,0.20677365738061573
Line.ln6422809-4,Primary,2,2,2,400.0,True,False,0.2204633601908171
Line.ln6422809-4,Primary,2,3,3,400.0,True,False,0.14114718942841917
Line.ln5837496-3,Primary,1,1,1,400.0,True,True,0.001787049674834833
Line.ln5837496-3,Primary,2,1,1,400.0,True,False,0.001787218492673285
Line.ln5653462-1,Primary,1,1,1,400.0,True,True,0.0010631898386595305
Line.ln5653462-1,Primary,2,1,1,400.0,True,False,0.0010643358075324845
Line.ln5835125-1,Primary,1,1,2,400.0,True,True,0.0019485546434401266
Line.ln5835125-1,Primary,2,1,2,400.0,True,False,0.0019490802845483766
Line.ln5472371-1,Primary,1,1,1,400.0,True,True,0.0034849868179073545
Line.ln5472371-1,Primary,2,1,1,400.0,True,False,0.0034860043441057712
Line.ln5746547-1,Primary,1,1,1,400.0,True,True,0.026147128015513374
Line.ln5746547-1,Primary,2,1,1,400.0,True,False,0.02614719994412262
Line.ln5928743-2,Primary,1,1,2,400.0,True,True,0.0026678926111869234
Line.ln5928743-2,Primary,2,1,2,400.0,True,False,0.0026680909063695633
Line.ln6411380-1,Primary,1,1,3,400.0,True,True,0.001190592390721816
Line.ln6411380-1,Primary,2,1,3,400.0,True,False,0.0011916039091354961
Line.ln5503584-1,Primary,1,1,3,400.0,True,True,0.0011959304177989586
Line.ln5503584-1,Primary,2,1,3,400.0,True,False,0.0011966767568751995
Line.ln5654433-1,Primary,1,1,1,400.0,True,True,0.5349342172996606
Line.ln5654433-1,Primary,1,2,2,400.0,True,True,0.5176757566062128
Line.ln5654433-1,Primary,1,3,3,400.0,True,True,0.36780943743211414
Line.ln5654433-1,Primary,2,1,1,400.0,True,False,0.5349345661165794
Line.ln5654433-1,Primary,2,2,2,400.0,True,False,0.5176762043071981
Line.ln5654433-1,Primary,2,3,3,400.0,True,False,0.3678084910542075
Line.ln6380799-1,Primary,1,1,2,400.0,True,True,0.017482194446054592
Line.ln6380799-1,Primary,2,1,2,400.0,True,False,0.017482684099070257
Line.ln5472390-3,Primary,1,1,1,400.0,True,True,0.0006967189429664792
Line.ln5472390-3,Primary,1,2,2,400.0,True,True,0.0007595407308834848
Line.ln5472390-3,Primary,1,3,3,400.0,True,True,0.0007902000970652774
Line.ln5472390-3,Primary,2,1,1,400.0,True,False,0.0006968354467857717
Line.ln5472390-3,Primary,2,2,2,400.0,True,False,0.000759668834404198
Line.ln5472390-3,Primary,2,3,3,400.0,True,False,0.0007902760452465397
Line.ln5774495-1,Primary,1,1,1,400.0,True,True,0.044415856753222745
Line.ln5774495-1,Primary,1,2,2,400.0,True,True,0.09366889138000908
Line.ln5774495-1,Primary,1,3,3,400.0,True,True,0.0706654605105063
Line.ln5774495-1,Primary,2,1,1,400.0,True,False,0.044417892528783295
Line.ln5774495-1,Primary,2,2,2,400.0,True,False,0.09367111403217068
Line.ln5774495-1,Primary,2,3,3,400.0,True,False,0.07066684912882452
Line.ln6379342-1,Primary,1,1,2,400.0,True,True,0.0011488546808829528
Line.ln6379342-1,Primary,2,1,2,400.0,True,False,0.0011491002218877292
Line.ln5623398-1,Primary,1,1,2,400.0,True,True,0.0011528421587837553
Line.ln5623398-1,Primary,2,1,2,400.0,True,False,0.0011531271824641396
Line.ln6077808-1,Primary,1,1,3,400.0,True,True,0.012018284703803988
Line.ln6077808-1,Primary,2,1,3,400.0,True,False,0.012019424637339349
Line.ln81048102-2,Primary,1,1,1,220.0,True,True,0.037533504891689023
Line.ln81048102-2,Primary,2,1,1,220.0,True,False,0.037534952763434486
Line.ln6199530-1,Primary,1,1,1,400.0,True,True,0.06744651263188556
Line.ln6199530-1,Primary,1,2,2,400.0,True,True,0.06860950393243136
Line.ln6199530-1,Primary,1,3,3,400.0,True,True,0.032373484889893715
Line.ln6199530-1,Primary,2,1,1,400.0,True,False,0.06744723899026074
Line.ln6199530-1,Primary,2,2,2,400.0,True,False,0.06861028607783581
Line.ln6199530-1,Primary,2,3,3,400.0,True,False,0.0323740060810999
Line.ln6506315-4,Primary,1,1,3,400.0,True,True,0.003164084825131957
Line.ln6506315-4,Primary,2,1,3,400.0,True,False,0.0031641158470369006
Line.ln6260019-1,Primary,1,1,3,400.0,True,True,0.01795291589466621
Line.ln6260019-1,Primary,2,1,3,400.0,True,False,0.01795400058918362
Line.ln5742811-3,Primary,1,1,1,400.0,True,True,0.08950522037227254
Line.ln5742811-3,Primary,1,2,2,400.0,True,True,0.11250560869400139
Line.ln5742811-3,Primary,1,3,3,400.0,True,True,0.10353367555609344
Line.ln5742811-3,Primary,2,1,1,400.0,True,False,0.0895060459221045
Line.ln5742811-3,Primary,2,2,2,400.0,True,False,0.11250651126022891
Line.ln5742811-3,Primary,2,3,3,400.0,True,False,0.10353424094978868
Line.ln6110366-1,Primary,1,1,2,400.0,True,True,0.01484927119779688
Line.ln6110366-1,Primary,2,1,2,400.0,True,False,0.014849332156428427
Line.ln5833633-4,Primary,1,1,1,400.0,True,True,0.018318141935527485
Line.ln5833633-4,Primary,2,1,1,400.0,True,False,0.018318552125757174
Line.ln6407207-1,Primary,1,1,2,400.0,True,True,0.0022861411785496475
Line.ln6407207-1,Primary,2,1,2,400.0,True,False,0.0022862441265752245
Line.ln5562957-1,Primary,1,1,3,400.0,True,True,0.008002062262293523
Line.ln5562957-1,Primary,2,1,3,400.0,True,False,0.008002852915001002
Line.ln5531226-1,Primary,1,1,3,400.0,True,True,0.0011971378941936933
Line.ln5531226-1,Primary,2,1,3,400.0,True,False,0.0011979419200430536
Line.ln6315098-1,Primary,1,1,2,400.0,True,True,1.0458890954799206e-05
Line.ln6315098-1,Primary,2,1,2,400.0,True,False,1.833145176601317e-14
Line.ln5532750-1,Primary,1,1,1,400.0,True,True,0.031849796175683814
Line.ln5532750-1,Primary,1,2,2,400.0,True,True,0.00693933967361272
Line.ln5532750-1,Primary,1,3,3,400.0,True,True,0.029456937098048096
Line.ln5532750-1,Primary,2,1,1,400.0,True,False,0.03185103035699321
Line.ln5532750-1,Primary,2,2,2,400.0,True,False,0.006940752235582497
Line.ln5532750-1,Primary,2,3,3,400.0,True,False,0.029457775470363212
Line.ln6991377-11,Primary,1,1,1,400.0,True,True,0.029307609738947922
Line.ln6991377-11,Primary,2,1,1,400.0,True,False,0.02930836110031142
Line.ln5679770-3,Primary,1,1,3,400.0,True,True,0.0011845884004074336
Line.ln5679770-3,Primary,2,1,3,400.0,True,False,0.0011852808484959661
Line.ln6195470-1,Primary,1,1,1,400.0,True,True,0.0017412220563310559
Line.ln6195470-1,Primary,2,1,1,400.0,True,False,0.0017422334434024596
Line.ln5985355-4,Primary,1,1,2,400.0,True,True,0.07556354614090298
Line.ln5985355-4,Primary,2,1,2,400.0,True,False,0.07556366599850142
Line.ln5774459-1,Primary,1,1,1,400.0,True,True,0.0021201999581413177
Line.ln5774459-1,Primary,2,1,1,400.0,True,False,0.0021212690940557726
Line.ln6380827-1,Primary,1,1,2,400.0,True,True,0.016333946923235962
Line.ln6380827-1,Primary,2,1,2,400.0,True,False,0.016335070437038923
Line.ln6231992-2,Primary,1,1,3,400.0,True,True,0.007423996922349553
Line.ln6231992-2,Primary,2,1,3,400.0,True,False,0.0074254384646481805
Line.ln6411377-1,Primary,1,1,1,400.0,True,True,0.013325218917185353
Line.ln6411377-1,Primary,2,1,1,400.0,True,False,0.013326735731187556
Line.ln6167816-1,Primary,1,1,1,400.0,True,True,0.001048778135817622
Line.ln6167816-1,Primary,2,1,1,400.0,True,False,0.001049458051353866
Line.ln6230793-1,Primary,1,1,2,400.0,True,True,0.0019006579836275443
Line.ln6230793-1,Primary,2,1,2,400.0,True,False,0.0019016345723077055
Line.ln5561444-1,Primary,1,1,1,400.0,True,True,0.0007097336981448364
Line.ln5561444-1,Primary,2,1,1,400.0,True,False,0.0007102749943099714
Line.ln5508630-1,Primary,1,1,1,400.0,True,True,0.757316550852989
Line.ln5508630-1,Primary,1,2,2,400.0,True,True,0.7618458991922862
Line.ln5508630-1,Primary,1,3,3,400.0,True,True,0.6897711978312979
Line.ln5508630-1,Primary,2,1,1,400.0,True,False,0.7573165599666032
Line.ln5508630-1,Primary,2,2,2,400.0,True,False,0.761845916918951
Line.ln5508630-1,Primary,2,3,3,400.0,True,False,0.6897711364713224
Line.ln6073916-1,Primary,1,1,3,400.0,True,True,0.0019790031797684397
Line.ln6073916-1,Primary,2,1,3,400.0,True,False,0.001982048235020585
Line.ln5472402-1,Primary,1,1,1,400.0,True,True,0.0388281269184136
Line.ln5472402-1,Primary,1,2,2,400.0,True,True,0.0859625701982703
Line.ln5472402-1,Primary,1,3,3,400.0,True,True,0.06868004182361047
Line.ln5472402-1,Primary,2,1,1,400.0,True,False,0.038828806310777834
Line.ln5472402-1,Primary,2,2,2,400.0,True,False,0.08596330940508967
Line.ln5472402-1,Primary,2,3,3,400.0,True,False,0.06868050397582053
Line.l9407_48332_sw,Primary,1,1,1,400.0,True,True,0.7573164730127013
Line.l9407_48332_sw,Primary,1,2,2,400.0,True,True,0.7618457488563931
Line.l9407_48332_sw,Primary,1,3,3,400.0,True,True,0.6897717126091791
Line.l9407_48332_sw,Primary,2,1,1,400.0,True,False,0.7573164729093398
Line.l9407_48332_sw,Primary,2,2,2,400.0,True,False,0.761845748871664
Line.l9407_48332_sw,Primary,2,3,3,400.0,True,False,0.6897717121014284
Line.ln6023352-1,Primary,1,1,1,400.0,True,True,0.7573163759299654
Line.ln6023352-1,Primary,1,2,2,400.0,True,True,0.7618455647330287
Line.ln6023352-1,Primary,1,3,3,400.0,True,True,0.6897723275455221
Line.ln6023352-1,Primary,2,1,1,400.0,True,False,0.7573164730140975
Line.ln6023352-1,Primary,2,2,2,400.0,True,False,0.7618457488622269
Line.ln6023352-1,Primary,2,3,3,400.0,True,False,0.6897717126080158
Line.ln5804805-1,Primary,1,1,1,400.0,True,True,0.09701069601626004
Line.ln5804805-1,Primary,1,2,2,400.0,True,True,0.11547821690299317
Line.ln5804805-1,Primary,1,3,3,400.0,True,True,0.07608186918905027
Line.ln5804805-1,Primary,2,1,1,400.0,True,False,0.09701315102691063
Line.ln5804805-1,Primary,2,2,2,400.0,True,False,0.11548088429256476
Line.ln5804805-1,Primary,2,3,3,400.0,True,False,0.07608354807284018
Line.ln6349051-1,Primary,1,1,1,400.0,True,True,8.385172836500576e-06
Line.ln6349051-1,Primary,2,1,1,400.0,True,False,1.2862197421537485e-14
Line.ln5803264-3,Primary,1,1,1,400.0,True,True,0.0017539809020316597
Line.ln5803264-3,Primary,2,1,1,400.0,True,False,0.0017568644641993696
Line.ln5621848-2,Primary,1,1,2,400.0,True,True,0.0018994696719796475
Line.ln5621848-2,Primary,2,1,2,400.0,True,False,0.0018996669892353691
Line.ln5593240-1,Primary,1,1,1,400.0,True,True,0.020903832124016697
Line.ln5593240-1,Primary,2,1,1,400.0,True,False,0.020906470594682744
Line.ln5927298-1,Primary,1,1,1,400.0,True,True,0.468042714693838
Line.ln5927298-1,Primary,1,2,2,400.0,True,True,0.45280608398133937
Line.ln5927298-1,Primary,1,3,3,400.0,True,True,0.3413512787386256
Line.ln5927298-1,Primary,2,1,1,400.0,True,False,0.46804280609236903
Line.ln5927298-1,Primary,2,2,2,400.0,True,False,0.4528062353918692
Line.ln5927298-1,Primary,2,3,3,400.0,True,False,0.34135049076316143
Line.ln6198049-1,Primary,1,1,1,400.0,True,True,0.007211590350500518
Line.ln6198049-1,Primary,2,1,1,400.0,True,False,0.007213043388179955
Line.ln5863699-1,Primary,1,1,2,400.0,True,True,0.005398038854707682
Line.ln5863699-1,Primary,2,1,2,400.0,True,False,0.0053981564375830135
Line.ln5774462-2,Primary,1,1,2,400.0,True,True,0.005833274270451573
Line.ln5774462-2,Primary,2,1,2,400.0,True,False,0.005835537467820333
Line.ln5835144-1,Primary,1,1,1,400.0,True,True,0.2060846365371381
Line.ln5835144-1,Primary,1,2,2,400.0,True,True,0.22046729406327967
Line.ln5835144-1,Primary,1,3,3,400.0,True,True,0.1391775628878266
Line.ln5835144-1,Primary,2,1,1,400.0,True,False,0.20608562605573524
Line.ln5835144-1,Primary,2,2,2,400.0,True,False,0.2204683630847667
Line.ln5835144-1,Primary,2,3,3,400.0,True,False,0.1391782203771573
Line.ln5504714-1,Primary,1,1,2,400.0,True,True,0.011696540060533384
Line.ln5504714-1,Primary,2,1,2,400.0,True,False,0.01169662829998189
Line.ln6047565-1,Primary,1,1,1,400.0,True,True,0.050924503811422904
Line.ln6047565-1,Primary,1,2,2,400.0,True,True,0.04109055293427608
Line.ln6047565-1,Primary,1,3,3,400.0,True,True,0.04126314404200206
Line.ln6047565-1,Primary,2,1,1,400.0,True,False,0.050926380576484485
Line.ln6047565-1,Primary,2,2,2,400.0,True,False,0.04109269814207431
Line.ln6047565-1,Primary,2,3,3,400.0,True,False,0.041264450204803696
Line.ln5531256-1,Primary,1,1,1,400.0,True,True,0.030258830889540886
Line.ln5531256-1,Primary,1,2,2,400.0,True,True,0.009866296263660382
Line.ln5531256-1,Primary,1,3,3,400.0,True,True,0.02113237090920486
Line.ln5531256-1,Primary,2,1,1,400.0,True,False,0.030261527310147005
Line.ln5531256-1,Primary,2,2,2,400.0,True,False,0.00986934791075428
Line.ln5531256-1,Primary,2,3,3,400.0,True,False,0.021134294326868835
Line.ln6274208-2,Primary,1,1,1,400.0,True,True,0.0017881251446289694
Line.ln6274208-2,Primary,1,2,2,400.0,True,True,0.0019283559100804317
Line.ln6274208-2,Primary,1,3,3,400.0,True,True,0.001981032536009327
Line.ln6274208-2,Primary,2,1,1,400.0,True,False,0.0017885610416617957
Line.ln6274208-2,Primary,2,2,2,400.0,True,False,0.0019288378311531325
Line.ln6274208-2,Primary,2,3,3,400.0,True,False,0.0019813464233432716
Line.ln6018242-1,Primary,1,1,1,400.0,True,True,0.0027046324246094646
Line.ln6018242-1,Primary,2,1,1,400.0,True,False,0.002705171664870241
Line.ln6017282-1,Primary,1,1,2,400.0,True,True,0.0038813607297162674
Line.ln6017282-1,Primary,2,1,2,400.0,True,False,0.0038824348098403278
Line.ln6108150-3,Primary,1,1,1,400.0,True,True,0.04341353441315757
Line.ln6108150-3,Primary,1,2,2,400.0,True,True,0.02097821952466244
Line.ln6108150-3,Primary,1,3,3,400.0,True,True,0.03995514208844217
Line.ln6108150-3,Primary,2,1,1,400.0,True,False,0.04341477673749099
Line.ln6108150-3,Primary,2,2,2,400.0,True,False,0.020979569371935427
Line.ln6108150-3,Primary,2,3,3,400.0,True,False,0.03995600398775795
Line.ln5593247-1,Primary,1,1,2,400.0,True,True,0.0019440619519695563
Line.ln5593247-1,Primary,2,1,2,400.0,True,False,0.0019444304112980855
Line.ln6198133-1,Primary,1,1,3,400.0,True,True,2.4727184085592378e-06
Line.ln6198133-1,Primary,2,1,3,400.0,True,False,5.752149554916068e-14
Line.ln6411387-1,Primary,1,1,1,400.0,True,True,0.001746475104834114
Line.ln6411387-1,Primary,2,1,1,400.0,True,False,0.0017466160071454135
Line.ln5589095-1,Primary,1,1,3,400.0,True,True,0.003946557491511769
Line.ln5589095-1,Primary,2,1,3,400.0,True,False,0.003946621887974457
Line.ln5804827-1,Primary,1,1,3,400.0,True,True,0.005021753382572918
Line.ln5804827-1,Primary,2,1,3,400.0,True,False,0.005022730260709639
Line.ln5833624-3,Primary,1,1,1,400.0,True,True,0.009749898825146909
Line.ln5833624-3,Primary,1,2,2,400.0,True,True,0.07972958227687116
Line.ln5833624-3,Primary,1,3,3,400.0,True,True,0.007099188822937858
Line.ln5833624-3,Primary,2,1,1,400.0,True,False,0.00975035651972652
Line.ln5833624-3,Primary,2,2,2,400.0,True,False,0.07973009318529037
Line.ln5833624-3,Primary,2,3,3,400.0,True,False,0.007099479364953913
Line.ln5744350-1,Primary,1,1,2,400.0,True,True,0.0038245649793217044
Line.ln5744350-1,Primary,2,1,2,400.0,True,False,0.0038249463361990526
Line.ln6290227-1,Primary,1,1,2,400.0,True,True,0.004807820230812781
Line.ln6290227-1,Primary,2,1,2,400.0,True,False,0.004808973972404965
Line.ln5985349-1,Primary,1,1,2,400.0,True,True,0.0047935495094532
Line.ln5985349-1,Primary,2,1,2,400.0,True,False,0.004793981868724671
Line.ln5744342-1,Primary,1,1,1,400.0,True,True,0.0017442967497191644
Line.ln5744342-1,Primary,2,1,1,400.0,True,False,0.0017451457440766484
Line.ln5715016-2,Primary,1,1,1,400.0,True,True,0.00104700817282741
Line.ln5715016-2,Primary,2,1,1,400.0,True,False,0.001047183237016037
Line.ln5532742-1,Primary,1,1,3,400.0,True,True,0.0039826569832853535
Line.ln5532742-1,Primary,2,1,3,400.0,True,False,0.0039833773528764015
Line.ln5867449-1,Primary,1,1,2,400.0,True,True,0.06758086403786588
Line.ln5867449-1,Primary,2,1,2,400.0,True,False,0.0675809746563211
Line.ln5472387-1,Primary,1,1,2,400.0,True,True,0.0040056706090434106
Line.ln5472387-1,Primary,2,1,2,400.0,True,False,0.0040066190188666785
Line.ln6167731-1,Primary,1,1,1,400.0,True,True,0.4263038468819208
Line.ln6167731-1,Primary,1,2,2,400.0,True,True,0.4326882009023765
Line.ln6167731-1,Primary,1,3,3,400.0,True,True,0.3245579131226411
Line.ln6167731-1,Primary,2,1,1,400.0,True,False,0.4263038937838905
Line.ln6167731-1,Primary,2,2,2,400.0,True,False,0.43268837122958376
Line.ln6167731-1,Primary,2,3,3,400.0,True,False,0.3245553027749841
Line.ln6392977-1,Primary,1,1,1,400.0,True,True,0.03007852067717172
Line.ln6392977-1,Primary,2,1,1,400.0,True,False,0.030078914674182878
Line.ln6259987-1,Primary,1,1,1,400.0,True,True,0.051391761379050827
Line.ln6259987-1,Primary,1,2,2,400.0,True,True,0.10371948848832321
Line.ln6259987-1,Primary,1,3,3,400.0,True,True,0.09817889244277428
Line.ln6259987-1,Primary,2,1,1,400.0,True,False,0.0513935180589969
Line.ln6259987-1,Primary,2,2,2,400.0,True,False,0.10372139403485367
Line.ln6259987-1,Primary,2,3,3,400.0,True,False,0.09818008439442444
Line.ln5653453-1,Primary,1,1,2,400.0,True,True,0.0023313975538751335
Line.ln5653453-1,Primary,2,1,2,400.0,True,False,0.0023318529366959154
Line.ln6198036-1,Primary,1,1,2,400.0,True,True,0.0011418492634349515
Line.ln6198036-1,Primary,2,1,2,400.0,True,False,0.0011429051704449763
Line.ln8976560-2,Primary,1,1,3,220.0,True,True,0.00542665108376312
Line.ln8976560-2,Primary,2,1,3,220.0,True,False,0.005427105854620634
Line.ln6229799-1,Primary,1,1,1,400.0,True,True,0.00617458676548629
Line.ln6229799-1,Primary,2,1,1,400.0,True,False,0.006175823937626734
Line.ln6103926-1,Primary,1,1,2,400.0,True,True,0.004821042084191401
Line.ln6103926-1,Primary,2,1,2,400.0,True,False,0.004821118517648938
Line.ln6046144-1,Primary,1,1,3,400.0,True,True,0.015951067987081912
Line.ln6046144-1,Primary,2,1,3,400.0,True,False,0.015951987681368896
Line.ln5774468-1,Primary,1,1,3,400.0,True,True,0.0023811508560713656
Line.ln5774468-1,Primary,2,1,3,400.0,True,False,0.0023817181659164873
Line.ln5591805-1,Primary,1,1,2,400.0,True,True,4.744599582477229e-06
Line.ln5591805-1,Primary,2,1,2,400.0,True,False,3.637978807091713e-14
Line.x8225_48332_sw,Primary,1,1,2,400.0,True,True,0.0019443676515408079
Line.x8225_48332_sw,Primary,2,1,2,400.0,True,False,0.0019443696362507704
Line.ln5565090-1,Primary,1,1,2,400.0,True,True,0.0019437809887209315
Line.ln5565090-1,Primary,2,1,2,400.0,True,False,0.001944367650491068
Line.ln8979255-1,Primary,1,1,1,190.0,True,True,0.007533566328374675
Line.ln8979255-1,Primary,1,2,2,190.0,True,True,0.008234269842856691
Line.ln8979255-1,Primary,1,3,3,190.0,True,True,0.008387307182556248
Line.ln8979255-1,Primary,2,1,1,190.0,True,False,0.007534171398363277
Line.ln8979255-1,Primary,2,2,2,190.0,True,False,0.008234885435196758
Line.ln8979255-1,Primary,2,3,3,190.0,True,False,0.008387930846221775
Line.ln6138629-1,Primary,1,1,3,400.0,True,True,0.004002830327232087
Line.ln6138629-1,Primary,2,1,3,400.0,True,False,0.004004396461590514
Line.ln5682346-2,Primary,1,1,1,400.0,True,True,0.009744116993340253
Line.ln5682346-2,Primary,1,2,2,400.0,True,True,0.07972310504806694
Line.ln5682346-2,Primary,1,3,3,400.0,True,True,0.007095536442798256
Line.ln5682346-2,Primary,2,1,1,400.0,True,False,0.00974479344045875
Line.ln5682346-2,Primary,2,2,2,400.0,True,False,0.0797238651261189
Line.ln5682346-2,Primary,2,3,3,400.0,True,False,0.007095961878697328
Line.ln5775442-1,Primary,1,1,1,400.0,True,True,0.8068405967812076
Line.ln5775442-1,Primary,1,2,2,400.0,True,True,0.7949593385398889
Line.ln5775442-1,Primary,1,3,3,400.0,True,True,0.7692299929215569
Line.ln5775442-1,Primary,2,1,1,400.0,True,False,0.8068411983444086
Line.ln5775442-1,Primary,2,2,2,400.0,True,False,0.7949600685343696
Line.ln5775442-1,Primary,2,3,3,400.0,True,False,0.7692292920868641
Line.ln6440069-1,Primary,1,1,1,400.0,True,True,0.15754783488399896
Line.ln6440069-1,Primary,1,2,2,400.0,True,True,0.16454881209017347
Line.ln6440069-1,Primary,1,3,3,400.0,True,True,0.15144732667687236
Line.ln6440069-1,Primary,2,1,1,400.0,True,False,0.15754597742112522
Line.ln6440069-1,Primary,2,2,2,400.0,True,False,0.16454705374161058
Line.ln6440069-1,Primary,2,3,3,400.0,True,False,0.15144492603032617
Line.ln6170293-1,Primary,1,1,1,400.0,True,True,0.1646689198099692
Line.ln6170293-1,Primary,1,2,2,400.0,True,True,0.1866279706167266
Line.ln6170293-1,Primary,1,3,3,400.0,True,True,0.22723876986501587
Line.ln6170293-1,Primary,2,1,1,400.0,True,False,0.16466738963770988
Line.ln6170293-1,Primary,2,2,2,400.0,True,False,0.18662674974567917
Line.ln6170293-1,Primary,2,3,3,400.0,True,False,0.22723760161035333
Line.ln81018878-3,Primary,1,1,3,220.0,True,True,0.0661673181720603
Line.ln81018878-3,Primary,2,1,3,220.0,True,False,0.06617452188526378
Line.ln6106583-2,Primary,1,1,1,400.0,True,True,0.0010669395212685561
Line.ln6106583-2,Primary,2,1,1,400.0,True,False,0.0010679412152845528
Line.ln5774489-1,Primary,1,1,2,400.0,True,True,0.04621324311137538
Line.ln5774489-1,Primary,2,1,2,400.0,True,False,0.04621415897548673
Line.ln5715002-1,Primary,1,1,1,400.0,True,True,0.568848377063606
Line.ln5715002-1,Primary,1,2,2,400.0,True,True,0.5609929548899985
Line.ln5715002-1,Primary,1,3,3,400.0,True,True,0.42814574957415635
Line.ln5715002-1,Primary,2,1,1,400.0,True,False,0.5688486161118247
Line.ln5715002-1,Primary,2,2,2,400.0,True,False,0.5609932535501714
Line.ln5715002-1,Primary,2,3,3,400.0,True,False,0.4281454718383916
Line.ln5623415-1,Primary,1,1,2,400.0,True,True,0.0038422421422677146
Line.ln5623415-1,Primary,2,1,2,400.0,True,False,0.0038422793393048647
Line.ln5867448-1,Primary,1,1,1,400.0,True,True,0.003801032107295077
Line.ln5867448-1,Primary,2,1,1,400.0,True,False,0.003801173537401014
Line.ln5472365-1,Primary,1,1,1,400.0,True,True,0.003540192428342635
Line.ln5472365-1,Primary,2,1,1,400.0,True,False,0.00354088993362821
Line.ln5712492-1,Primary,1,1,3,400.0,True,True,0.0031817049698837983
Line.ln5712492-1,Primary,2,1,3,400.0,True,False,0.0031817285249250327
Line.ln5987954-1,Primary,1,1,1,400.0,True,True,0.5688489204225554
Line.ln5987954-1,Primary,1,2,2,400.0,True,True,0.5609936340478275
Line.ln5987954-1,Primary,1,3,3,400.0,True,True,0.4225109178789427
Line.ln5987954-1,Primary,2,1,1,400.0,True,False,0.5688493563559243
Line.ln5987954-1,Primary,2,2,2,400.0,True,False,0.5609941797168823
Line.ln5987954-1,Primary,2,3,3,400.0,True,False,0.4225103843582732
Line.ln6138596-1,Primary,1,1,1,400.0,True,True,0.0017591921895669688
Line.ln6138596-1,Primary,2,1,1,400.0,True,False,0.0017597310688659748
Line.ln5815900-1,Primary,1,1,1,400.0,True,True,0.8068382569657904
Line.ln5815900-1,Primary,1,2,2,400.0,True,True,0.7949565275281023
Line.ln5815900-1,Primary,1,3,3,400.0,True,True,0.7699856050816243
Line.ln5815900-1,Primary,2,1,1,400.0,True,False,0.806838380063078
Line.ln5815900-1,Primary,2,2,2,400.0,True,False,0.7949566744048542
Line.ln5815900-1,Primary,2,3,3,400.0,True,False,0.769985485778626
Line.ln5500957-1,Primary,1,1,1,400.0,True,True,0.008337737083601858
Line.ln5500957-1,Primary,2,1,1,400.0,True,False,0.008338242468021005
Line.ln6254100-1,Primary,1,1,3,400.0,True,True,0.03184537497700305
Line.ln6254100-1,Primary,2,1,3,400.0,True,False,0.03184633429756698
Line.ln5835175-1,Primary,1,1,2,400.0,True,True,0.028297713309812282
Line.ln5835175-1,Primary,2,1,2,400.0,True,False,0.02829861261494775
Line.ln6199516-1,Primary,1,1,2,400.0,True,True,0.003079877256498135
Line.ln6199516-1,Primary,2,1,2,400.0,True,False,0.0030804301388282006
Line.ln8979344-3,Primary,1,1,3,220.0,True,True,0.016388719084233075
Line.ln8979344-3,Primary,2,1,3,220.0,True,False,0.016389041796118792
Line.ln5895816-3,Primary,1,1,1,400.0,True,True,0.00355413716542525
Line.ln5895816-3,Primary,1,2,2,400.0,True,True,0.005766322045866425
Line.ln5895816-3,Primary,1,3,3,400.0,True,True,0.005206774027315305
Line.ln5895816-3,Primary,2,1,1,400.0,True,False,0.00355453468699919
Line.ln5895816-3,Primary,2,2,2,400.0,True,False,0.005766746841786854
Line.ln5895816-3,Primary,2,3,3,400.0,True,False,0.005207043983534321
Line.ln247160,Primary,1,1,2,400.0,True,True,0.0011517059996906198
Line.ln247160,Primary,2,1,2,400.0,True,False,0.0011520709712758682
Line.ln6380820-1,Primary,1,1,2,400.0,True,True,0.0019415317784281308
Line.ln6380820-1,Primary,2,1,2,400.0,True,False,0.0019419751318110804
Line.ln6381856-1,Primary,1,1,3,400.0,True,True,0.0011868631266576772
Line.ln6381856-1,Primary,2,1,3,400.0,True,False,0.0011876080462484553
Line.ln5894225-1,Primary,1,1,2,400.0,True,True,0.006890388491144048
Line.ln5894225-1,Primary,2,1,2,400.0,True,False,0.006890608111413116
Line.ln6379372-1,Primary,1,1,1,400.0,True,True,0.004628029920091819
Line.ln6379372-1,Primary,2,1,1,400.0,True,False,0.0046287968416503485
Line.ln5714056-2,Primary,1,1,1,400.0,True,True,0.07577683529145192
Line.ln5714056-2,Primary,1,2,2,400.0,True,True,0.020977737325560915
Line.ln5714056-2,Primary,1,3,3,400.0,True,True,0.0399548341117198
Line.ln5714056-2,Primary,2,1,1,400.0,True,False,0.07577727538249468
Line.ln5714056-2,Primary,2,2,2,400.0,True,False,0.020978219524740434
Line.ln5714056-2,Primary,2,3,3,400.0,True,False,0.039955142088351055
Line.ln6289479-1,Primary,1,1,3,400.0,True,True,0.0063284207138946235
Line.ln6289479-1,Primary,2,1,3,400.0,True,False,0.006328488397833706
Line.ln6199508-1,Primary,1,1,2,400.0,True,True,0.0011692227129455343
Line.ln6199508-1,Primary,2,1,2,400.0,True,False,0.001170040272238268
Line.ln6137009-1,Primary,1,1,1,400.0,True,True,0.5566372990653008
Line.ln6137009-1,Primary,1,2,2,400.0,True,True,0.5514129794568103
Line.ln6137009-1,Primary,1,3,3,400.0,True,True,0.40632150837980485
Line.ln6137009-1,Primary,2,1,1,400.0,True,False,0.5566376493953321
Line.ln6137009-1,Primary,2,2,2,400.0,True,False,0.5514134336594297
Line.ln6137009-1,Primary,2,3,3,400.0,True,False,0.4063209376785873
Line.ln5472376-1,Primary,1,1,1,400.0,True,True,0.004603456629538719
Line.ln5472376-1,Primary,2,1,1,400.0,True,False,0.004604099892969838
Line.ln5895781-1,Primary,1,1,1,400.0,True,True,0.0017675480660277953
Line.ln5895781-1,Primary,2,1,1,400.0,True,False,0.0017714273748445511
Line.2002200004868472_sw,Primary,1,1,1,400.0,True,True,0.7566475265144615
Line.2002200004868472_sw,Primary,1,2,2,400.0,True,True,0.761846378204992
Line.2002200004868472_sw,Primary,1,3,3,400.0,True,True,0.6841929916465781
Line.2002200004868472_sw,Primary,2,1,1,400.0,True,False,0.7566475263879124
Line.2002200004868472_sw,Primary,2,2,2,400.0,True,False,0.7618463781942117
Line.2002200004868472_sw,Primary,2,3,3,400.0,True,False,0.6841929910994853
Line.ln5563942-4,Primary,1,1,1,400.0,True,True,0.7566474781103376
Line.ln5563942-4,Primary,1,2,2,400.0,True,True,0.7618462781694904
Line.ln5563942-4,Primary,1,3,3,400.0,True,True,0.6841933675086111
Line.ln5563942-4,Primary,2,1,1,400.0,True,False,0.7566475265133303
Line.ln5563942-4,Primary,2,2,2,400.0,True,False,0.7618463782056836
Line.ln5563942-4,Primary,2,3,3,400.0,True,False,0.6841929916461145
Line.ln5835160-1,Primary,1,1,1,400.0,True,True,0.4084622454698048
Line.ln5835160-1,Primary,1,2,2,400.0,True,True,0.35615487700605264
Line.ln5835160-1,Primary,1,3,3,400.0,True,True,0.3041343458642698
Line.ln5835160-1,Primary,2,1,1,400.0,True,False,0.40846214634052275
Line.ln5835160-1,Primary,2,2,2,400.0,True,False,0.3561546136166692
Line.ln5835160-1,Primary,2,3,3,400.0,True,False,0.30413338744621543
Line.ln5533838-1,Primary,1,1,1,400.0,True,True,0.0036630236445488423
Line.ln5533838-1,Primary,2,1,1,400.0,True,False,0.0036637209648119977
Line.ln6169249-2,Primary,1,1,3,400.0,True,True,0.001982258339085896
Line.ln6169249-2,Primary,2,1,3,400.0,True,False,0.001982368571446926
Line.ln8979257-1,Primary,1,1,1,190.0,True,True,0.003766673465812876
Line.ln8979257-1,Primary,1,2,2,190.0,True,True,0.004062002222372969
Line.ln8979257-1,Primary,1,3,3,190.0,True,True,0.004172574703010229
Line.ln8979257-1,Primary,2,1,1,190.0,True,False,0.0037677255257545627
Line.ln8979257-1,Primary,2,2,2,190.0,True,False,0.004063061568312763
Line.ln8979257-1,Primary,2,3,3,190.0,True,False,0.004173657048493998
Line.ln5472386-1,Primary,1,1,2,400.0,True,True,0.0007609966994537943
Line.ln5472386-1,Primary,2,1,2,400.0,True,False,0.0007612075018741727
Line.ln5623410-1,Primary,1,1,1,400.0,True,True,0.149370352013998
Line.ln5623410-1,Primary,1,2,2,400.0,True,True,0.11737604697455978
Line.ln5623410-1,Primary,1,3,3,400.0,True,True,0.0780549330999163
Line.ln5623410-1,Primary,2,1,1,400.0,True,False,0.14937117369764946
Line.ln5623410-1,Primary,2,2,2,400.0,True,False,0.117376944983994
Line.ln5623410-1,Primary,2,3,3,400.0,True,False,0.07805549662812888
Line.ln5500985-1,Primary,1,1,1,400.0,True,True,0.02118971236840372
Line.ln5500985-1,Primary,2,1,1,400.0,True,False,0.021189754023687814
Line.ln5532752-3,Primary,1,1,1,400.0,True,True,0.0017401842669525869
Line.ln5532752-3,Primary,2,1,1,400.0,True,False,0.0017406686837409067
Line.ln5532791-1,Primary,1,1,1,400.0,True,True,0.03068916890574647
Line.ln5532791-1,Primary,1,2,2,400.0,True,True,0.05575211414990832
Line.ln5532791-1,Primary,1,3,3,400.0,True,True,0.00118218109567026
Line.ln5532791-1,Primary,2,1,1,400.0,True,False,0.030689731106692705
Line.ln5532791-1,Primary,2,2,2,400.0,True,False,0.055752722767672666
Line.ln5532791-1,Primary,2,3,3,400.0,True,False,0.0011825351391768378
Line.ln5591813-1,Primary,1,1,1,400.0,True,True,0.0017342729808029259
Line.ln5591813-1,Primary,2,1,1,400.0,True,False,0.0017354043536089636
Line.ln6350556-2,Primary,1,1,1,400.0,True,True,0.4084623877857402
Line.ln6350556-2,Primary,1,2,2,400.0,True,True,0.35615526092619704
Line.ln6350556-2,Primary,1,3,3,400.0,True,True,0.30413575060355935
Line.ln6350556-2,Primary,2,1,1,400.0,True,False,0.4084623274724142
Line.ln6350556-2,Primary,2,2,2,400.0,True,False,0.3561550973610506
Line.ln6350556-2,Primary,2,3,3,400.0,True,False,0.3041351509962053
Line.ln6142227-1,Primary,1,1,3,400.0,True,True,0.020508785297996004
Line.ln6142227-1,Primary,2,1,3,400.0,True,False,0.020508877250126477
Line.ln5651987-1,Primary,1,1,1,400.0,True,True,0.002647348870977746
Line.ln5651987-1,Primary,2,1,1,400.0,True,False,0.0026474531540321734
Line.ln5895792-1,Primary,1,1,2,400.0,True,True,0.01054756095002649
Line.ln5895792-1,Primary,2,1,2,400.0,True,False,0.010547715650593849
Line.ln5744366-1,Primary,1,1,3,400.0,True,True,0.0020018026993944516
Line.ln5744366-1,Primary,2,1,3,400.0,True,False,0.0020029359042037444
Line.ln5835128-1,Primary,1,1,2,400.0,True,True,0.0023307033397104364
Line.ln5835128-1,Primary,2,1,2,400.0,True,False,0.0023313975538743633
Line.ln6138615-1,Primary,1,1,1,400.0,True,True,0.0010499814276471375
Line.ln6138615-1,Primary,2,1,1,400.0,True,False,0.0010514395929977314
Line.ln5623400-1,Primary,1,1,3,400.0,True,True,0.0007928582245656343
Line.ln5623400-1,Primary,2,1,3,400.0,True,False,0.0007935099350194063
Line.ln5472373-1,Primary,1,1,2,400.0,True,True,0.0011463168311868243
Line.ln5472373-1,Primary,2,1,2,400.0,True,False,0.0011468103737136517
Line.ln5593226-1,Primary,1,1,1,400.0,True,True,0.002792728714333155
Line.ln5593226-1,Primary,2,1,1,400.0,True,False,0.002793313042274587
Line.ln6409798-1,Primary,1,1,1,400.0,True,True,0.02741261631797934
Line.ln6409798-1,Primary,2,1,1,400.0,True,False,0.027413064552230092
Line.ln6380809-3,Primary,1,1,1,400.0,True,True,0.031834258680223305
Line.ln6380809-3,Primary,1,2,2,400.0,True,True,0.09721364936961496
Line.ln6380809-3,Primary,1,3,3,400.0,True,True,0.011073493535097774
Line.ln6380809-3,Primary,2,1,1,400.0,True,False,0.03183554132547813
Line.ln6380809-3,Primary,2,2,2,400.0,True,False,0.09721504632338254
Line.ln6380809-3,Primary,2,3,3,400.0,True,False,0.011074366565743147
Line.ln6322801-1,Primary,1,1,2,400.0,True,True,0.00831860280988906
Line.ln6322801-1,Primary,2,1,2,400.0,True,False,0.008318649095284592
Line.ln6077780-1,Primary,1,1,1,400.0,True,True,0.004410467294026984
Line.ln6077780-1,Primary,2,1,1,400.0,True,False,0.0044104813521804835
Line.ln5865243-1,Primary,1,1,3,400.0,True,True,0.0011911348180939716
Line.ln5865243-1,Primary,2,1,3,400.0,True,False,0.0011924228651316448
Line.ln5742898-1,Primary,1,1,1,400.0,True,True,0.014718494219718714
Line.ln5742898-1,Primary,1,2,2,400.0,True,True,0.09338511821255238
Line.ln5742898-1,Primary,1,3,3,400.0,True,True,3.5162664069201246e-05
Line.ln5742898-1,Primary,2,1,1,400.0,True,False,0.01472158794257174
Line.ln5742898-1,Primary,2,2,2,400.0,True,False,0.09338848804959396
Line.ln5742898-1,Primary,2,3,3,400.0,True,False,2.400910675542778e-05
Line.ln6411372-1,Primary,1,1,1,400.0,True,True,0.028343381359859907
Line.ln6411372-1,Primary,1,2,2,400.0,True,True,0.09721511726790327
Line.ln6411372-1,Primary,1,3,3,400.0,True,True,0.011074410970483799
Line.ln6411372-1,Primary,2,1,1,400.0,True,False,0.02834411936613687
Line.ln6411372-1,Primary,2,2,2,400.0,True,False,0.09721592224244512
Line.ln6411372-1,Primary,2,3,3,400.0,True,False,0.011074915246375999
Line.ln6439986-2,Primary,1,1,3,400.0,True,True,0.0019734061859164632
Line.ln6439986-2,Primary,2,1,3,400.0,True,False,0.001973464917979152
Line.ln6108147-1,Primary,1,1,2,400.0,True,True,0.0007743174207572476
Line.ln6108147-1,Primary,2,1,2,400.0,True,False,0.0007748202926835445
Line.ln5894206-4,Primary,1,1,1,400.0,True,True,0.019265207084234615
Line.ln5894206-4,Primary,1,2,2,400.0,True,True,0.0953038831587399
Line.ln5894206-4,Primary,1,3,3,400.0,True,True,0.003936495348948366
Line.ln5894206-4,Primary,2,1,1,400.0,True,False,0.019265470856981225
Line.ln5894206-4,Primary,2,2,2,400.0,True,False,0.09530417132856585
Line.ln5894206-4,Primary,2,3,3,400.0,True,False,0.0039366700019857455
Line.ln6138616-1,Primary,1,1,2,400.0,True,True,0.0011569333437320304
Line.ln6138616-1,Primary,2,1,2,400.0,True,False,0.0011572219515852138
Line.ln6417942-1,Primary,1,1,1,400.0,True,True,0.0010763316837798635
Line.ln6417942-1,Primary,2,1,1,400.0,True,False,0.0010770533146001622
Line.ln6017292-1,Primary,1,1,1,400.0,True,True,0.03271959200842312
Line.ln6017292-1,Primary,1,2,2,400.0,True,True,0.06300046033900912
Line.ln6017292-1,Primary,1,3,3,400.0,True,True,0.025105846755824467
Line.ln6017292-1,Primary,2,1,1,400.0,True,False,0.032721304909057496
Line.ln6017292-1,Primary,2,2,2,400.0,True,False,0.06300229931710426
Line.ln6017292-1,Primary,2,3,3,400.0,True,False,0.025107054834366548
Line.ln6108125-3,Primary,1,1,1,400.0,True,True,0.418387966935048
Line.ln6108125-3,Primary,1,2,2,400.0,True,True,0.43268928107015797
Line.ln6108125-3,Primary,1,3,3,400.0,True,True,0.3129721004969753
Line.ln6108125-3,Primary,2,1,1,400.0,True,False,0.4183879272343888
Line.ln6108125-3,Primary,2,2,2,400.0,True,False,0.43268930545278594
Line.ln6108125-3,Primary,2,3,3,400.0,True,False,0.3129710850803997
Line.ln5501088-1,Primary,1,1,1,400.0,True,True,0.12990267575713957
Line.ln5501088-1,Primary,1,2,2,400.0,True,True,0.1340676996419643
Line.ln5501088-1,Primary,1,3,3,400.0,True,True,0.10653294422552463
Line.ln5501088-1,Primary,2,1,1,400.0,True,False,0.12989982781953652
Line.ln5501088-1,Primary,2,2,2,400.0,True,False,0.1340649297022987
Line.ln5501088-1,Primary,2,3,3,400.0,True,False,0.10652823658293105
Line.ln6137018-1,Primary,1,1,3,400.0,True,True,0.016524210950935737
Line.ln6137018-1,Primary,2,1,3,400.0,True,False,0.01652524895024288
Line.ln6163394-1,Primary,1,1,2,400.0,True,True,0.0007732226965936266
Line.ln6163394-1,Primary,2,1,2,400.0,True,False,0.000776438876744702
Line.ln6106657-1,Primary,1,1,1,400.0,True,True,0.044411578997048486
Line.ln6106657-1,Primary,1,2,2,400.0,True,True,0.09847910047510249
Line.ln6106657-1,Primary,1,3,3,400.0,True,True,0.07066254104849484
Line.ln6106657-1,Primary,2,1,1,400.0,True,False,0.04441216232114801
Line.ln6106657-1,Primary,2,2,2,400.0,True,False,0.09847973818851498
Line.ln6106657-1,Primary,2,3,3,400.0,True,False,0.07066293927582887
Line.ln6195664-1,Primary,1,1,1,400.0,True,True,0.0017825989805534941
Line.ln6195664-1,Primary,2,1,1,400.0,True,False,0.001782748309379456
Line.ln5986921-1,Primary,1,1,1,400.0,True,True,0.4193766744672577
Line.ln5986921-1,Primary,1,2,2,400.0,True,True,0.43268902884097893
Line.ln5986921-1,Primary,1,3,3,400.0,True,True,0.3209720925728054
Line.ln5986921-1,Primary,2,1,1,400.0,True,False,0.4193766433507679
Line.ln5986921-1,Primary,2,2,2,400.0,True,False,0.4326890734356202
Line.ln5986921-1,Primary,2,3,3,400.0,True,False,0.32097091725490734
Line.ln8961799-2,Primary,1,1,3,220.0,True,True,0.007197683545886425
Line.ln8961799-2,Primary,2,1,3,220.0,True,False,0.007222811015165252
Line.ln6228311-1,Primary,1,1,1,400.0,True,True,0.0060994918724098035
Line.ln6228311-1,Primary,1,2,2,400.0,True,True,0.005829983596135708
Line.ln6228311-1,Primary,1,3,3,400.0,True,True,0.007252347967280602
Line.ln6228311-1,Primary,2,1,1,400.0,True,False,0.006099601877697369
Line.ln6228311-1,Primary,2,2,2,400.0,True,False,0.00583010438236083
Line.ln6228311-1,Primary,2,3,3,400.0,True,False,0.007252429171210859
Line.ln5631690-1,Primary,1,1,1,400.0,True,True,0.035673703652764115
Line.ln5631690-1,Primary,1,2,2,400.0,True,True,0.09720577366216608
Line.ln5631690-1,Primary,1,3,3,400.0,True,True,0.03126014011047928
Line.ln5631690-1,Primary,2,1,1,400.0,True,False,0.03567437719622693
Line.ln5631690-1,Primary,2,2,2,400.0,True,False,0.09720650715201737
Line.ln5631690-1,Primary,2,3,3,400.0,True,False,0.03126059567630056
Line.ln81048106-2,Primary,1,1,1,220.0,True,True,0.02773196634808252
Line.ln81048106-2,Primary,2,1,1,220.0,True,False,0.027740221017957634
Line.ln5712492-2,Primary,1,1,3,400.0,True,True,0.0011899274725631311
Line.ln5712492-2,Primary,2,1,3,400.0,True,False,0.001190951673334075
Line.ln8945013-1,Primary,1,1,1,220.0,True,True,0.006442724551894343
Line.ln8945013-1,Primary,2,1,1,220.0,True,False,0.006443291858431288
Line.ln5532747-1,Primary,1,1,1,400.0,True,True,0.002094397646328766
Line.ln5532747-1,Primary,2,1,1,400.0,True,False,0.0020958127454985794
Line.ln6332133-1,Primary,1,1,3,400.0,True,True,0.003171190036771039
Line.ln6332133-1,Primary,2,1,3,400.0,True,False,0.0031713260862523173
Line.ln6291244-1,Primary,1,1,1,400.0,True,True,0.18401652593131565
Line.ln6291244-1,Primary,1,2,2,400.0,True,True,0.20625297437472667
Line.ln6291244-1,Primary,1,3,3,400.0,True,True,0.2422743573108503
Line.ln6291244-1,Primary,2,1,1,400.0,True,False,0.18401348939775075
Line.ln6291244-1,Primary,2,2,2,400.0,True,False,0.2062505831784773
Line.ln6291244-1,Primary,2,3,3,400.0,True,False,0.2422717587869242
Line.ln6375549-3,Primary,1,1,1,400.0,True,True,0.00874549163785992
Line.ln6375549-3,Primary,1,2,2,400.0,True,True,3.5194040078625235e-05
Line.ln6375549-3,Primary,1,3,3,400.0,True,True,0.05359312775016022
Line.ln6375549-3,Primary,2,1,1,400.0,True,False,0.00874678226617312
Line.ln6375549-3,Primary,2,2,2,400.0,True,False,3.0274920188983474e-05
Line.ln6375549-3,Primary,2,3,3,400.0,True,False,0.05359403541164024
Line.ln5866267-1,Primary,1,1,2,400.0,True,True,0.0018981816496690851
Line.ln5866267-1,Primary,2,1,2,400.0,True,False,0.001900657983639034
Line.ln6048633-1,Primary,1,1,1,400.0,True,True,0.000686585882709291
Line.ln6048633-1,Primary,2,1,1,400.0,True,False,0.0006870477775326991
Line.ln81353936-3,Primary,1,1,3,220.0,True,True,1.9041983849693402e-06
Line.ln81353936-3,Primary,2,1,3,220.0,True,False,1.673352597793765e-12
Line.ln5691535-1,Primary,1,1,1,400.0,True,True,0.0026759112522328314
Line.ln5691535-1,Primary,2,1,1,400.0,True,False,0.00267643138568108
Line.ln6171508-1,Primary,1,1,1,400.0,True,True,0.03521708216646059
Line.ln6171508-1,Primary,1,2,2,400.0,True,True,0.0626733085766855
Line.ln6171508-1,Primary,1,3,3,400.0,True,True,0.025622101874591782
Line.ln6171508-1,Primary,2,1,1,400.0,True,False,0.03521829831752911
Line.ln6171508-1,Primary,2,2,2,400.0,True,False,0.06267462649753447
Line.ln6171508-1,Primary,2,3,3,400.0,True,False,0.025622983877549448
Line.ln6259985-1,Primary,1,1,3,400.0,True,True,0.0020060092448406846
Line.ln6259985-1,Primary,2,1,3,400.0,True,False,0.00200735451037415
Line.ln6318427-1,Primary,1,1,2,400.0,True,True,0.005847579592700068
Line.ln6318427-1,Primary,2,1,2,400.0,True,False,0.005848419014620355
Line.ln6259999-3,Primary,1,1,1,400.0,True,True,0.0036897790303982857
Line.ln6259999-3,Primary,2,1,1,400.0,True,False,0.0036911791010907926
Line.ln5895772-1,Primary,1,1,3,400.0,True,True,0.05089908852740279
Line.ln5895772-1,Primary,2,1,3,400.0,True,False,0.05090007033031898
Line.ln5651997-1,Primary,1,1,1,400.0,True,True,0.0017964368795330395
Line.ln5651997-1,Primary,2,1,1,400.0,True,False,0.0017978699516559488
Line.ln5986929-1,Primary,1,1,3,400.0,True,True,0.0019874314911313873
Line.ln5986929-1,Primary,2,1,3,400.0,True,False,0.0019891897894512177
Line.ln5924705-3,Primary,1,1,1,400.0,True,True,0.0010433726795582585
Line.ln5924705-3,Primary,2,1,1,400.0,True,False,0.0010439129489598247
Line.ln6048681-1,Primary,1,1,1,400.0,True,True,0.0010503410212204898
Line.ln6048681-1,Primary,2,1,1,400.0,True,False,0.0010505601007105676
Line.ln6167751-6,Primary,1,1,1,400.0,True,True,0.016883814156926757
Line.ln6167751-6,Primary,2,1,1,400.0,True,False,0.01688384399032451
Line.ln5562922-1,Primary,1,1,3,400.0,True,True,0.0020014270503959032
Line.ln5562922-1,Primary,2,1,3,400.0,True,False,0.0020028926656045064
Line.ln6320330-1,Primary,1,1,1,400.0,True,True,0.002613322990169832
Line.ln6320330-1,Primary,2,1,1,400.0,True,False,0.002614382640701813
Line.ln5679696-1,Primary,1,1,1,400.0,True,True,0.42267548403632765
Line.ln5679696-1,Primary,1,2,2,400.0,True,True,0.43268897225157055
Line.ln5679696-1,Primary,1,3,3,400.0,True,True,0.3209735027760556
Line.ln5679696-1,Primary,2,1,1,400.0,True,False,0.4226754828752843
Line.ln5679696-1,Primary,2,2,2,400.0,True,False,0.43268897573023785
Line.ln5679696-1,Primary,2,3,3,400.0,True,False,0.3209734184202411
Line.ln5804800-1,Primary,1,1,1,400.0,True,True,0.3952162123974272
Line.ln5804800-1,Primary,1,2,2,400.0,True,True,0.3606094110510745
Line.ln5804800-1,Primary,1,3,3,400.0,True,True,0.30737981390143887
Line.ln5804800-1,Primary,2,1,1,400.0,True,False,0.3952182645976886
Line.ln5804800-1,Primary,2,2,2,400.0,True,False,0.3606116305346131
Line.ln5804800-1,Primary,2,3,3,400.0,True,False,0.3073811911725479
Line.ln6134418-1,Primary,1,1,2,400.0,True,True,0.0019188538230678102
Line.ln6134418-1,Primary,2,1,2,400.0,True,False,0.0019200404420586536
Line.2002200004991174_sw,Primary,1,1,1,400.0,True,True,0.39905121646519803
Line.2002200004991174_sw,Primary,1,2,2,400.0,True,True,0.3561542343380277
Line.2002200004991174_sw,Primary,1,3,3,400.0,True,True,0.3041320147825593
Line.2002200004991174_sw,Primary,2,1,1,400.0,True,False,0.39905121591831166
Line.2002200004991174_sw,Primary,2,2,2,400.0,True,False,0.35615423345325636
Line.2002200004991174_sw,Primary,2,3,3,400.0,True,False,0.304132013195423
Line.ln6290228-6,Primary,1,1,1,400.0,True,True,0.39905136592606916
Line.ln6290228-6,Primary,1,2,2,400.0,True,True,0.35615454291965487
Line.ln6290228-6,Primary,1,3,3,400.0,True,True,0.3041331309220283
Line.ln6290228-6,Primary,2,1,1,400.0,True,False,0.3990512164655625
Line.ln6290228-6,Primary,2,2,2,400.0,True,False,0.35615423434001514
Line.ln6290228-6,Primary,2,3,3,400.0,True,False,0.3041320147870599
Line.ln5959087-1,Primary,1,1,1,400.0,True,True,0.04916127347293771
Line.ln5959087-1,Primary,1,2,2,400.0,True,True,0.04109313688740845
Line.ln5959087-1,Primary,1,3,3,400.0,True,True,0.04126471734627501
Line.ln5959087-1,Primary,2,1,1,400.0,True,False,0.04916308142064963
Line.ln5959087-1,Primary,2,2,2,400.0,True,False,0.04109520306221252
Line.ln5959087-1,Primary,2,3,3,400.0,True,False,0.041265975405173225
Line.ln6288856-1,Primary,1,1,2,400.0,True,True,0.03835298139502331
Line.ln6288856-1,Primary,2,1,2,400.0,True,False,0.03835385609211624
Line.ln6046042-1,Primary,1,1,2,400.0,True,True,0.01339050698426484
Line.ln6046042-1,Primary,2,1,2,400.0,True,False,0.01339548327440657
Line.ln81048108-2,Primary,1,1,1,220.0,True,True,0.016358600357893223
Line.ln81048108-2,Primary,2,1,1,220.0,True,False,0.016369913002601523
Line.ln6318740-3,Primary,1,1,3,400.0,True,True,0.003967257565846738
Line.ln6318740-3,Primary,2,1,3,400.0,True,False,0.003967544035080988
Line.ln5863704-2,Primary,1,1,1,400.0,True,True,0.20608110290915213
Line.ln5863704-2,Primary,1,2,2,400.0,True,True,0.22046347694688273
Line.ln5863704-2,Primary,1,3,3,400.0,True,True,0.14114726118440005
Line.ln5863704-2,Primary,2,1,1,400.0,True,False,0.20608308850675347
Line.ln5863704-2,Primary,2,2,2,400.0,True,False,0.2204656217604661
Line.ln5863704-2,Primary,2,3,3,400.0,True,False,0.14114857958846433
Line.ln6129680-2,Primary,1,1,1,400.0,True,True,0.0010409837430818292
Line.ln6129680-2,Primary,2,1,1,400.0,True,False,0.001041125026871322
Line.ln8940662-1,Primary,1,1,1,190.0,True,True,0.0072850528523056655
Line.ln8940662-1,Primary,1,2,2,190.0,True,True,0.008065174164868625
Line.ln8940662-1,Primary,1,3,3,190.0,True,True,0.008367718995240185
Line.ln8940662-1,Primary,2,1,1,190.0,True,False,0.007285870375494955
Line.ln8940662-1,Primary,2,2,2,190.0,True,False,0.008065998086392585
Line.ln8940662-1,Primary,2,3,3,190.0,True,False,0.008368538905768639
Line.ln5986922-1,Primary,1,1,2,400.0,True,True,0.0031082217924084193
Line.ln5986922-1,Primary,2,1,2,400.0,True,False,0.0031086674342139264
Line.ln81048102-4,Primary,1,1,1,220.0,True,True,0.04405087346898162
Line.ln81048102-4,Primary,2,1,1,220.0,True,False,0.0440615418973514
Line.ln5803257-1,Primary,1,1,3,400.0,True,True,0.0007984446255773543
Line.ln5803257-1,Primary,2,1,3,400.0,True,False,0.0007988627022389431
Line.ln5926309-2,Primary,1,1,1,400.0,True,True,0.005553201879157904
Line.ln5926309-2,Primary,2,1,1,400.0,True,False,0.005553539124867988
Line.ln6411382-1,Primary,1,1,1,400.0,True,True,0.007051314666808639
Line.ln6411382-1,Primary,2,1,1,400.0,True,False,0.007051617704357305
Line.ln5985351-1,Primary,1,1,3,400.0,True,True,0.005222398825558064
Line.ln5985351-1,Primary,2,1,3,400.0,True,False,0.005223258372312779
Line.ln6199524-1,Primary,1,1,2,400.0,True,True,0.0011575579158160567
Line.ln6199524-1,Primary,2,1,2,400.0,True,False,0.0011588028057927446
Line.ln5898194-1,Primary,1,1,1,400.0,True,True,0.01900294221905631
Line.ln5898194-1,Primary,1,2,2,400.0,True,True,0.020846165083775018
Line.ln5898194-1,Primary,1,3,3,400.0,True,True,0.019843244708804508
Line.ln5898194-1,Primary,2,1,1,400.0,True,False,0.019004966460005705
Line.ln5898194-1,Primary,2,2,2,400.0,True,False,0.020848339012446787
Line.ln5898194-1,Primary,2,3,3,400.0,True,False,0.01984468248501689
Line.ln5985039-1,Primary,1,1,1,400.0,True,True,0.08528726304162448
Line.ln5985039-1,Primary,1,2,2,400.0,True,True,0.11081635174641694
Line.ln5985039-1,Primary,1,3,3,400.0,True,True,0.06834421979977817
Line.ln5985039-1,Primary,2,1,1,400.0,True,False,0.08528945843798379
Line.ln5985039-1,Primary,2,2,2,400.0,True,False,0.11081873387043807
Line.ln5985039-1,Primary,2,3,3,400.0,True,False,0.06834571086361169
Line.ln5562932-1,Primary,1,1,1,400.0,True,True,0.38829609773655493
Line.ln5562932-1,Primary,1,2,2,400.0,True,True,0.3606193445403255
Line.ln5562932-1,Primary,1,3,3,400.0,True,True,0.3004973489027904
Line.ln5562932-1,Primary,2,1,1,400.0,True,False,0.38829839989196413
Line.ln5562932-1,Primary,2,2,2,400.0,True,False,0.3606218404333148
Line.ln5562932-1,Primary,2,3,3,400.0,True,False,0.3004988949353784
Line.ln5501001-2,Primary,1,1,1,400.0,True,True,0.0010550298094307794
Line.ln5501001-2,Primary,2,1,1,400.0,True,False,0.0010558924176156995
Line.ln5591697-1,Primary,1,1,3,400.0,True,True,0.006185950211915953
Line.ln5591697-1,Primary,2,1,3,400.0,True,False,0.006186003732448257
Line.ln6140774-3,Primary,1,1,1,400.0,True,True,0.002792896100633288
Line.ln6140774-3,Primary,2,1,1,400.0,True,False,0.0027931588522954283
Line.ln6350540-1,Primary,1,1,3,400.0,True,True,0.004996114812942354
Line.ln6350540-1,Primary,2,1,3,400.0,True,False,0.004997289558743025
Line.ln6290211-1,Primary,1,1,2,400.0,True,True,0.03921254312034497
Line.ln6290211-1,Primary,2,1,2,400.0,True,False,0.039213158954392646
Line.ln6077807-1,Primary,1,1,3,400.0,True,True,0.022071171976233234
Line.ln6077807-1,Primary,2,1,3,400.0,True,False,0.022072569256066994
Line.ln6139646-1,Primary,1,1,1,400.0,True,True,0.5714366394418657
Line.ln6139646-1,Primary,1,2,2,400.0,True,True,0.5609898671529965
Line.ln6139646-1,Primary,1,3,3,400.0,True,True,0.4303997706280553
Line.ln6139646-1,Primary,2,1,1,400.0,True,False,0.5714370623852822
Line.ln6139646-1,Primary,2,2,2,400.0,True,False,0.560990387369669
Line.ln6139646-1,Primary,2,3,3,400.0,True,False,0.430399316589709
Line.ln6900591-6,Primary,1,1,1,400.0,True,True,0.01863081049608642
Line.ln6900591-6,Primary,2,1,1,400.0,True,False,0.018631576312113464
Line.ln5595583-1,Primary,1,1,1,400.0,True,True,0.0027950289151902953
Line.ln5595583-1,Primary,2,1,1,400.0,True,False,0.0027951428825194642
Line.ln5924697-1,Primary,1,1,3,400.0,True,True,0.003980598130362161
Line.ln5924697-1,Primary,2,1,3,400.0,True,False,0.00398169103506504
Line.ln6492184-2,Primary,1,1,1,400.0,True,True,0.001781542505290403
Line.ln6492184-2,Primary,2,1,1,400.0,True,False,0.001782091158704019
Line.ln5473440-1,Primary,1,1,1,400.0,True,True,0.7981547637982086
Line.ln5473440-1,Primary,1,2,2,400.0,True,True,0.7949639881461481
Line.ln5473440-1,Primary,1,3,3,400.0,True,True,0.7212836738677703
Line.ln5473440-1,Primary,2,1,1,400.0,True,False,0.7981551414659426
Line.ln5473440-1,Primary,2,2,2,400.0,True,False,0.7949644854013168
Line.ln5473440-1,Primary,2,3,3,400.0,True,False,0.7212829160853954
Line.ln6320324-1,Primary,1,1,1,400.0,True,True,0.41838777192775894
Line.ln6320324-1,Primary,1,2,2,400.0,True,True,0.43268938081616304
Line.ln6320324-1,Primary,1,3,3,400.0,True,True,0.31296740903381004
Line.ln6320324-1,Primary,2,1,1,400.0,True,False,0.4183877606874834
Line.ln6320324-1,Primary,2,2,2,400.0,True,False,0.43268938521893474
Line.ln6320324-1,Primary,2,3,3,400.0,True,False,0.3129671585496236
Line.ln5773046-2,Primary,1,1,2,400.0,True,True,0.048246447279378615
Line.ln5773046-2,Primary,2,1,2,400.0,True,False,0.04824786732801575
Line.ln6079946-1,Primary,1,1,1,400.0,True,True,0.15755874371095283
Line.ln6079946-1,Primary,1,2,2,400.0,True,True,0.1654568181713412
Line.ln6079946-1,Primary,1,3,3,400.0,True,True,0.15320840612793016
Line.ln6079946-1,Primary,2,1,1,400.0,True,False,0.15755551561382497
Line.ln6079946-1,Primary,2,2,2,400.0,True,False,0.16545379729522122
Line.ln6079946-1,Primary,2,3,3,400.0,True,False,0.15320429934705856
Line.ln6381851-1,Primary,1,1,2,400.0,True,True,0.0038282613754895244
Line.ln6381851-1,Primary,2,1,2,400.0,True,False,0.0038290559913801967
Line.ln6290228-5,Primary,1,1,1,400.0,True,True,0.414037322437522
Line.ln6290228-5,Primary,1,2,2,400.0,True,True,0.3681654101370873
Line.ln6290228-5,Primary,1,3,3,400.0,True,True,0.3092929769624395
Line.ln6290228-5,Primary,2,1,1,400.0,True,False,0.41403827896732115
Line.ln6290228-5,Primary,2,2,2,400.0,True,False,0.36816646332222375
Line.ln6290228-5,Primary,2,3,3,400.0,True,False,0.30929362348416445
Line.ln5683853-1,Primary,1,1,1,400.0,True,True,0.00984655982905617
Line.ln5683853-1,Primary,2,1,1,400.0,True,False,0.00984719371773727
Line.ln5500971-1,Primary,1,1,2,400.0,True,True,0.002994709566435808
Line.ln5500971-1,Primary,2,1,2,400.0,True,False,0.0029990889771852225
Line.ln6879075-2,Primary,1,1,1,400.0,True,True,0.0010608308774809323
Line.ln6879075-2,Primary,2,1,1,400.0,True,False,0.001061228252700753
Line.ln6320367-3,Primary,1,1,1,400.0,True,True,0.035216226601858386
Line.ln6320367-3,Primary,1,2,2,400.0,True,True,0.06267238140243889
Line.ln6320367-3,Primary,1,3,3,400.0,True,True,0.025621481238262796
Line.ln6320367-3,Primary,2,1,1,400.0,True,False,0.03521651501800477
Line.ln6320367-3,Primary,2,2,2,400.0,True,False,0.06267269402354214
Line.ln6320367-3,Primary,2,3,3,400.0,True,False,0.02562169023958776
Line.ln8968082-1,Primary,1,1,2,220.0,True,True,0.010438719453358877
Line.ln8968082-1,Primary,2,1,2,220.0,True,False,0.010438864057250063
Line.ln5927299-1,Primary,1,1,3,400.0,True,True,0.001981530325298419
Line.ln5927299-1,Primary,2,1,3,400.0,True,False,0.001981538302435541
Line.ln6255773-1,Primary,1,1,1,400.0,True,True,0.08646558457882295
Line.ln6255773-1,Primary,1,2,2,400.0,True,True,0.025761790506512058
Line.ln6255773-1,Primary,1,3,3,400.0,True,True,0.04432734629603266
Line.ln6255773-1,Primary,2,1,1,400.0,True,False,0.0864661664816258
Line.ln6255773-1,Primary,2,2,2,400.0,True,False,0.025762418660871696
Line.ln6255773-1,Primary,2,3,3,400.0,True,False,0.04432775096417935
Line.ln6660514-2,Primary,1,1,2,400.0,True,True,0.0011665312794112547
Line.ln6660514-2,Primary,2,1,2,400.0,True,False,0.0011674583647248284
Line.ln8979346-5,Primary,1,1,1,220.0,True,True,0.009535127036398864
Line.ln8979346-5,Primary,2,1,1,220.0,True,False,0.009545673851498352
Line.ln5686245-3,Primary,1,1,1,400.0,True,True,0.00367820178095175
Line.ln5686245-3,Primary,2,1,1,400.0,True,False,0.0036791169103911237
Line.ln5804792-1,Primary,1,1,1,400.0,True,True,0.01039020789254051
Line.ln5804792-1,Primary,2,1,1,400.0,True,False,0.010390594007575315
Line.ln5593218-1,Primary,1,1,3,400.0,True,True,0.001993827583953872
Line.ln5593218-1,Primary,2,1,3,400.0,True,False,0.001995323946391781
Line.ln6077770-1,Primary,1,1,1,400.0,True,True,0.0010514084019082085
Line.ln6077770-1,Primary,2,1,1,400.0,True,False,0.001052757573424462
Line.ln5542283-1,Primary,1,1,1,400.0,True,True,1.4270543785554106e-05
Line.ln5542283-1,Primary,1,2,2,400.0,True,True,1.5472040090778963e-05
Line.ln5542283-1,Primary,1,3,3,400.0,True,True,1.503943955961754e-05
Line.ln5542283-1,Primary,2,1,1,400.0,True,False,1.1504299109832136e-13
Line.ln5542283-1,Primary,2,2,2,400.0,True,False,9.592905876037998e-14
Line.ln5542283-1,Primary,2,3,3,400.0,True,False,1.458030923629976e-13
Line.l9191_48332_sw,Primary,1,1,1,400.0,True,True,0.07857877441060801
Line.l9191_48332_sw,Primary,1,2,2,400.0,True,True,0.025770028592080683
Line.l9191_48332_sw,Primary,1,3,3,400.0,True,True,0.04313789672303442
Line.l9191_48332_sw,Primary,2,1,1,400.0,True,False,0.07857877643911775
Line.l9191_48332_sw,Primary,2,2,2,400.0,True,False,0.025770030661199907
Line.l9191_48332_sw,Primary,2,3,3,400.0,True,False,0.043137898759067095
Line.ln5534970-1,Primary,1,1,1,400.0,True,True,0.0785766924459291
Line.ln5534970-1,Primary,1,2,2,400.0,True,True,0.02576777265841053
Line.ln5534970-1,Primary,1,3,3,400.0,True,True,0.04313644654534999
Line.ln5534970-1,Primary,2,1,1,400.0,True,False,0.07857877441097025
Line.ln5534970-1,Primary,2,2,2,400.0,True,False,0.02577002858817709
Line.ln5534970-1,Primary,2,3,3,400.0,True,False,0.04313789672250264
Line.ln5682448-3,Primary,1,1,3,400.0,True,True,0.0007882803813587268
Line.ln5682448-3,Primary,2,1,3,400.0,True,False,0.0007887311226161857
Line.ln5472369-1,Primary,1,1,1,400.0,True,True,0.06396501237287387
Line.ln5472369-1,Primary,1,2,2,400.0,True,True,0.0686130662857142
Line.ln5472369-1,Primary,1,3,3,400.0,True,True,0.030385419098561663
Line.ln5472369-1,Primary,2,1,1,400.0,True,False,0.06396590246026924
Line.ln5472369-1,Primary,2,2,2,400.0,True,False,0.06861402624854394
Line.ln5472369-1,Primary,2,3,3,400.0,True,False,0.03038605840301253
Line.ln5558792-1,Primary,1,1,1,400.0,True,True,0.0864597950334279
Line.ln5558792-1,Primary,1,2,2,400.0,True,True,0.02575554659424185
Line.ln5558792-1,Primary,1,3,3,400.0,True,True,0.048705411808209885
Line.ln5558792-1,Primary,2,1,1,400.0,True,False,0.08645989807846698
Line.ln5558792-1,Primary,2,2,2,400.0,True,False,0.0257556577039259
Line.ln5558792-1,Primary,2,3,3,400.0,True,False,0.04870548236771486
Line.ln6259982-1,Primary,1,1,2,400.0,True,True,0.031143202611476083
Line.ln6259982-1,Primary,2,1,2,400.0,True,False,0.031143783519518953
Line.ln6379373-1,Primary,1,1,1,400.0,True,True,0.018152735027487238
Line.ln6379373-1,Primary,2,1,1,400.0,True,False,0.018153441405216388
Line.ln6262266-13,Primary,1,1,1,400.0,True,True,0.0017459691867111637
Line.ln6262266-13,Primary,1,2,2,400.0,True,True,0.0019307919172462957
Line.ln6262266-13,Primary,1,3,3,400.0,True,True,0.001986564484514908
Line.ln6262266-13,Primary,2,1,1,400.0,True,False,0.0017460797570615194
Line.ln6262266-13,Primary,2,2,2,400.0,True,False,0.0019309108888224647
Line.ln6262266-13,Primary,2,3,3,400.0,True,False,0.0019866456477043875
Line.ln5956460-1,Primary,1,1,3,400.0,True,True,0.02088083154469578
Line.ln5956460-1,Primary,2,1,3,400.0,True,False,0.020881861713817996
Line.ln6231992-3,Primary,1,1,3,400.0,True,True,0.007423947718145595
Line.ln6231992-3,Primary,2,1,3,400.0,True,False,0.0074239969224226855
Line.ln6138591-1,Primary,1,1,2,400.0,True,True,0.03307429632643922
Line.ln6138591-1,Primary,2,1,2,400.0,True,False,0.03307478203313202
Line.ln5594239-1,Primary,1,1,1,400.0,True,True,0.17299599644073485
Line.ln5594239-1,Primary,1,2,2,400.0,True,True,0.19468327338948552
Line.ln5594239-1,Primary,1,3,3,400.0,True,True,0.23938169109801583
Line.ln5594239-1,Primary,2,1,1,400.0,True,False,0.17299361292728052
Line.ln5594239-1,Primary,2,2,2,400.0,True,False,0.19468137310383052
Line.ln5594239-1,Primary,2,3,3,400.0,True,False,0.23937986208427794
Line.ln6139658-1,Primary,1,1,2,400.0,True,True,0.0019185842328053593
Line.ln6139658-1,Primary,2,1,2,400.0,True,False,0.001919768145238735
Line.ln5742901-1,Primary,1,1,2,400.0,True,True,0.0011470995629680291
Line.ln5742901-1,Primary,2,1,2,400.0,True,False,0.0011484278913484922
Line.ln6320366-1,Primary,1,1,1,400.0,True,True,0.0010534363286149532
Line.ln6320366-1,Primary,2,1,1,400.0,True,False,0.001054107077653338
Line.ln6017284-1,Primary,1,1,2,400.0,True,True,0.009554653600707664
Line.ln6017284-1,Primary,2,1,2,400.0,True,False,0.00955511768769575
Line.ln6077781-3,Primary,1,1,1,400.0,True,True,0.3908937802028843
Line.ln6077781-3,Primary,1,2,2,400.0,True,True,0.3606181964342094
Line.ln6077781-3,Primary,1,3,3,400.0,True,True,0.30049663746932986
Line.ln6077781-3,Primary,2,1,1,400.0,True,False,0.39089483962956373
Line.ln6077781-3,Primary,2,2,2,400.0,True,False,0.36061934454024325
Line.ln6077781-3,Primary,2,3,3,400.0,True,False,0.300497348902794
Line.ln5684859-1,Primary,1,1,2,400.0,True,True,0.0019203566441156812
Line.ln5684859-1,Primary,2,1,2,400.0,True,False,0.0019210885535138845
Line.ln6320323-1,Primary,1,1,2,400.0,True,True,0.0030158527842153006
Line.ln6320323-1,Primary,2,1,2,400.0,True,False,0.003016409135998551
Line.ln5502541-1,Primary,1,1,1,400.0,True,True,0.0010492981735676795
Line.ln5502541-1,Primary,2,1,1,400.0,True,False,0.0010503875054997222
Line.ln6350533-5,Primary,1,1,1,400.0,True,True,0.028422494374697554
Line.ln6350533-5,Primary,1,2,2,400.0,True,True,0.07162705658799823
Line.ln6350533-5,Primary,1,3,3,400.0,True,True,0.053585487697468424
Line.ln6350533-5,Primary,2,1,1,400.0,True,False,0.028423956687280306
Line.ln6350533-5,Primary,2,2,2,400.0,True,False,0.07162866752024956
Line.ln6350533-5,Primary,2,3,3,400.0,True,False,0.053586477964485554
Line.ln5837496-1,Primary,1,1,1,400.0,True,True,0.0035730640451538077
Line.ln5837496-1,Primary,2,1,1,400.0,True,False,0.0035730670869539532
Line.ln5926289-1,Primary,1,1,2,400.0,True,True,0.0011630782527650052
Line.ln5926289-1,Primary,2,1,2,400.0,True,False,0.001166477477719722
Line.ln5926305-1,Primary,1,1,3,400.0,True,True,0.0019893077251356434
Line.ln5926305-1,Primary,2,1,3,400.0,True,False,0.0019896496389894464
Line.ln5647724-1,Primary,1,1,1,400.0,True,True,5.947352749552991e-06
Line.ln5647724-1,Primary,2,1,1,400.0,True,False,2.448889430131432e-14
Line.ln5744369-1,Primary,1,1,3,400.0,True,True,0.00742754038216831
Line.ln5744369-1,Primary,2,1,3,400.0,True,False,0.007429904300014497
Line.ln5863714-3,Primary,1,1,1,400.0,True,True,0.40912210911048413
Line.ln5863714-3,Primary,1,2,2,400.0,True,True,0.35686210886353575
Line.ln5863714-3,Primary,1,3,3,400.0,True,True,0.3066014967575822
Line.ln5863714-3,Primary,2,1,1,400.0,True,False,0.409122089200685
Line.ln5863714-3,Primary,2,2,2,400.0,True,False,0.3568620437155029
Line.ln5863714-3,Primary,2,3,3,400.0,True,False,0.30660123529758393
Line.ln5958707-1,Primary,1,1,2,400.0,True,True,0.001155017364206593
Line.ln5958707-1,Primary,2,1,2,400.0,True,False,0.0011551292994458
Line.ln5562952-1,Primary,1,1,2,400.0,True,True,0.04621220755059073
Line.ln5562952-1,Primary,2,1,2,400.0,True,False,0.04621324311139313
Line.ln6291288-2,Primary,1,1,1,400.0,True,True,0.008774691883215174
Line.ln6291288-2,Primary,2,1,1,400.0,True,False,0.008775023378669988
Line.ln6018332-1,Primary,1,1,1,400.0,True,True,0.0026306078261075973
Line.ln6018332-1,Primary,2,1,1,400.0,True,False,0.002632545583702531
Line.ln5503479-1,Primary,1,1,1,400.0,True,True,0.011853820442810328
Line.ln5503479-1,Primary,2,1,1,400.0,True,False,0.011854373320442185
Line.ln5895801-1,Primary,1,1,2,400.0,True,True,0.0019218932806419047
Line.ln5895801-1,Primary,2,1,2,400.0,True,False,0.0019223564950684386
Line.ln8979346-1,Primary,1,1,1,220.0,True,True,0.009534477050229513
Line.ln8979346-1,Primary,2,1,1,220.0,True,False,0.009534808722454019
Line.ln5531334-1,Primary,1,1,3,400.0,True,True,0.07698332828852758
Line.ln5531334-1,Primary,2,1,3,400.0,True,False,0.0769839719280497
Line.ln5865234-1,Primary,1,1,1,400.0,True,True,0.002815221566867334
Line.ln5865234-1,Primary,2,1,1,400.0,True,False,0.002816234889333302
Line.ln6200527-1,Primary,1,1,1,400.0,True,True,0.1654843557251133
Line.ln6200527-1,Primary,1,2,2,400.0,True,True,0.18662999059966268
Line.ln6200527-1,Primary,1,3,3,400.0,True,True,0.2272407023120622
Line.ln6200527-1,Primary,2,1,1,400.0,True,False,0.16548184886047865
Line.ln6200527-1,Primary,2,2,2,400.0,True,False,0.18662797061691883
Line.ln6200527-1,Primary,2,3,3,400.0,True,False,0.22723876986509656
Line.ln5956471-2,Primary,1,1,1,400.0,True,True,0.03567165502286304
Line.ln5956471-2,Primary,1,2,2,400.0,True,True,0.09720354159543809
Line.ln5956471-2,Primary,1,3,3,400.0,True,True,0.03125875578050565
Line.ln5956471-2,Primary,2,1,1,400.0,True,False,0.03567370365273342
Line.ln5956471-2,Primary,2,2,2,400.0,True,False,0.09720577366214499
Line.ln5956471-2,Primary,2,3,3,400.0,True,False,0.03126014011041797
Line.ln5774466-1,Primary,1,1,2,400.0,True,True,0.0011630634217158408
Line.ln5774466-1,Primary,2,1,2,400.0,True,False,0.0011638978180080707
Line.ln5682325-1,Primary,1,1,1,400.0,True,True,0.026522019031407093
Line.ln5682325-1,Primary,2,1,1,400.0,True,False,0.0265221057084781
Line.ln6258530-1,Primary,1,1,1,400.0,True,True,2.723863117920062e-06
Line.ln6258530-1,Primary,2,1,1,400.0,True,False,4.067383956680332e-14
Line.ln6047604-1,Primary,1,1,1,400.0,True,True,0.03883215935684237
Line.ln6047604-1,Primary,1,2,2,400.0,True,True,0.0797919683409803
Line.ln6047604-1,Primary,1,3,3,400.0,True,True,0.05870855230226877
Line.ln6047604-1,Primary,2,1,1,400.0,True,False,0.03883382665073575
Line.ln6047604-1,Primary,2,2,2,400.0,True,False,0.07979378115349468
Line.ln6047604-1,Primary,2,3,3,400.0,True,False,0.05870968694899499
Line.ln5835147-1,Primary,1,1,1,400.0,True,True,0.009672323119846933
Line.ln5835147-1,Primary,2,1,1,400.0,True,False,0.00967342415624952
Line.ln6268990-2,Primary,1,1,3,400.0,True,True,0.006927474088189461
Line.ln6268990-2,Primary,2,1,3,400.0,True,False,0.006927478590510736
Line.ln5742828-2,Primary,1,1,1,400.0,True,True,0.8068385379452292
Line.ln5742828-2,Primary,1,2,2,400.0,True,True,0.7949568629385153
Line.ln5742828-2,Primary,1,3,3,400.0,True,True,0.7692321760051745
Line.ln5742828-2,Primary,2,1,1,400.0,True,False,0.806838966615709
Line.ln5742828-2,Primary,2,2,2,400.0,True,False,0.7949573757152463
Line.ln5742828-2,Primary,2,3,3,400.0,True,False,0.7692317466812432
Line.ln6061815-1,Primary,1,1,1,400.0,True,True,0.013664534333103731
Line.ln6061815-1,Primary,1,2,2,400.0,True,True,0.014993324738599713
Line.ln6061815-1,Primary,1,3,3,400.0,True,True,0.013667323453679502
Line.ln6061815-1,Primary,2,1,1,400.0,True,False,0.013665962017603778
Line.ln6061815-1,Primary,2,2,2,400.0,True,False,0.01499488390637245
Line.ln6061815-1,Primary,2,3,3,400.0,True,False,0.013668420085159463
Line.ln5956476-1,Primary,1,1,2,400.0,True,True,0.010547715650864826
Line.ln5956476-1,Primary,2,1,2,400.0,True,False,0.010547830184971544
Line.ln6290208-1,Primary,1,1,2,400.0,True,True,0.0034985243149957446
Line.ln6290208-1,Primary,2,1,2,400.0,True,False,0.003499428863735241
Line.ln5865235-3,Primary,1,1,1,400.0,True,True,0.017515128350056152
Line.ln5865235-3,Primary,1,2,2,400.0,True,True,0.0933824186655817
Line.ln5865235-3,Primary,1,3,3,400.0,True,True,0.001962520056051054
Line.ln5865235-3,Primary,2,1,1,400.0,True,False,0.017515950379556076
Line.ln5865235-3,Primary,2,2,2,400.0,True,False,0.09338331478875363
Line.ln5865235-3,Primary,2,3,3,400.0,True,False,0.0019630377128615844
Line.ln5532735-1,Primary,1,1,2,400.0,True,True,0.002715546515049029
Line.ln5532735-1,Primary,2,1,2,400.0,True,False,0.0027160906777103314
Line.ln5686078-2,Primary,1,1,2,400.0,True,True,0.0030142707323358013
Line.ln5686078-2,Primary,2,1,2,400.0,True,False,0.0030156078078569003
Line.ln6077800-1,Primary,1,1,2,400.0,True,True,0.031887091248868585
Line.ln6077800-1,Primary,2,1,2,400.0,True,False,0.031887721496857264
Line.ln6047580-2,Primary,1,1,1,400.0,True,True,0.013412648356699109
Line.ln6047580-2,Primary,1,2,2,400.0,True,True,0.0052104806588931084
Line.ln6047580-2,Primary,1,3,3,400.0,True,True,0.019740628773260892
Line.ln6047580-2,Primary,2,1,1,400.0,True,False,0.013414029520443092
Line.ln6047580-2,Primary,2,2,2,400.0,True,False,0.005212064093901555
Line.ln6047580-2,Primary,2,3,3,400.0,True,False,0.019741564458974806
Line.ln6411369-1,Primary,1,1,3,400.0,True,True,0.0007938617414841912
Line.ln6411369-1,Primary,2,1,3,400.0,True,False,0.0007947502967296445
Line.ln6138605-1,Primary,1,1,3,400.0,True,True,0.012721069056247031
Line.ln6138605-1,Primary,2,1,3,400.0,True,False,0.01272206400781986
Line.ln6290210-1,Primary,1,1,1,400.0,True,True,0.04175942995155185
Line.ln6290210-1,Primary,1,2,2,400.0,True,True,0.030351678623983164
Line.ln6290210-1,Primary,1,3,3,400.0,True,True,0.04008692302469242
Line.ln6290210-1,Primary,2,1,1,400.0,True,False,0.04176089683218151
Line.ln6290210-1,Primary,2,2,2,400.0,True,False,0.03035329228549367
Line.ln6290210-1,Primary,2,3,3,400.0,True,False,0.04008794480742974
Line.ln5593245-1,Primary,1,1,2,400.0,True,True,0.011528202973455066
Line.ln5593245-1,Primary,2,1,2,400.0,True,False,0.011529178288487114
Line.ln6896673-6,Primary,1,1,1,400.0,True,True,1.3821852328678004e-06
Line.ln6896673-6,Primary,1,2,2,400.0,True,True,1.4586630696385293e-06
Line.ln6896673-6,Primary,1,3,3,400.0,True,True,0.018904829722990613
Line.ln6896673-6,Primary,2,1,1,400.0,True,False,3.800546303003336e-07
Line.ln6896673-6,Primary,2,2,2,400.0,True,False,4.010826902310806e-07
Line.ln6896673-6,Primary,2,3,3,400.0,True,False,0.018905020267686437
Line.ln6108126-1,Primary,1,1,1,400.0,True,True,0.0017265629248947106
Line.ln6108126-1,Primary,2,1,1,400.0,True,False,0.0017275577272509793
Line.ln5776666-1,Primary,1,1,1,400.0,True,True,0.006384871710999797
Line.ln5776666-1,Primary,2,1,1,400.0,True,False,0.00638499706719039
Line.ln6230805-1,Primary,1,1,3,400.0,True,True,0.002391695462885449
Line.ln6230805-1,Primary,2,1,3,400.0,True,False,0.0023927911670116155
Line.ln5500978-1,Primary,1,1,2,400.0,True,True,0.0011334962447100399
Line.ln5500978-1,Primary,2,1,2,400.0,True,False,0.001134051173467474
Line.ln5686489-1,Primary,1,1,3,400.0,True,True,0.07698158324548547
Line.ln5686489-1,Primary,2,1,3,400.0,True,False,0.07698168081572294
Line.ln5867683-3,Primary,1,1,1,400.0,True,True,0.03288164373663933
Line.ln5867683-3,Primary,1,2,2,400.0,True,True,0.09721263480272486
Line.ln5867683-3,Primary,1,3,3,400.0,True,True,0.012256613268441616
Line.ln5867683-3,Primary,2,1,1,400.0,True,False,0.03288191037728041
Line.ln5867683-3,Primary,2,2,2,400.0,True,False,0.09721292510653325
Line.ln5867683-3,Primary,2,3,3,400.0,True,False,0.012256794895328636
Line.ln5744330-1,Primary,1,1,1,400.0,True,True,0.001042366170575742
Line.ln5744330-1,Primary,2,1,1,400.0,True,False,0.0010492707945650012
Line.ln6167732-3,Primary,1,1,1,400.0,True,True,0.0017307573969631064
Line.ln6167732-3,Primary,2,1,1,400.0,True,False,0.0017330212765525185
Line.ln5744352-1,Primary,1,1,2,400.0,True,True,0.0028680051565768217
Line.ln5744352-1,Primary,2,1,2,400.0,True,False,0.0028681224925563432
Line.ln6229804-1,Primary,1,1,2,400.0,True,True,0.03175417009135347
Line.ln6229804-1,Primary,2,1,2,400.0,True,False,0.03175478045634778
Line.ln6318767-1,Primary,1,1,1,400.0,True,True,0.5505281689651614
Line.ln6318767-1,Primary,1,2,2,400.0,True,True,0.5453463220929354
Line.ln6318767-1,Primary,1,3,3,400.0,True,True,0.3927958714198648
Line.ln6318767-1,Primary,2,1,1,400.0,True,False,0.5505285296184569
Line.ln6318767-1,Primary,2,2,2,400.0,True,False,0.5453467967923893
Line.ln6318767-1,Primary,2,3,3,400.0,True,False,0.39279517273809356
Line.ln5593249-1,Primary,1,1,1,400.0,True,True,0.0010370903216204352
Line.ln5593249-1,Primary,2,1,1,400.0,True,False,0.0010382647410204188
Line.ln6259994-3,Primary,1,1,1,400.0,True,True,0.003907056587886164
Line.ln6259994-3,Primary,2,1,1,400.0,True,False,0.003907668662405888
Line.ln5924721-1,Primary,1,1,1,400.0,True,True,0.027411153255139573
Line.ln5924721-1,Primary,2,1,1,400.0,True,False,0.02741141586204344
Line.ln6292463-1,Primary,1,1,2,400.0,True,True,0.0030157488168208123
Line.ln6292463-1,Primary,2,1,2,400.0,True,False,0.003015800792434361
Line.ln5472372-1,Primary,1,1,1,400.0,True,True,0.0010438581407371367
Line.ln5472372-1,Primary,2,1,1,400.0,True,False,0.001045063091722179
Line.ln6077815-5,Primary,1,1,1,400.0,True,True,0.01297477163719667
Line.ln6077815-5,Primary,1,2,2,400.0,True,True,0.09339211058913416
Line.ln6077815-5,Primary,1,3,3,400.0,True,True,1.2006919348968552e-05
Line.ln6077815-5,Primary,2,1,1,400.0,True,False,0.01297569444292322
Line.ln6077815-5,Primary,2,2,2,400.0,True,False,0.09339311311898525
Line.ln6077815-5,Primary,2,3,3,400.0,True,False,8.683078302837157e-06
Line.ln5532745-1,Primary,1,1,2,400.0,True,True,0.0038910018208853287
Line.ln5532745-1,Primary,2,1,2,400.0,True,False,0.0038914539559517527
Line.ln6411394-2,Primary,1,1,1,400.0,True,True,0.02476667459768043
Line.ln6411394-2,Primary,2,1,1,400.0,True,False,0.0247668719528724
Line.ln5985339-1,Primary,1,1,1,400.0,True,True,0.004515401300782222
Line.ln5985339-1,Primary,2,1,1,400.0,True,False,0.004515459303122202
Line.ln5744327-1,Primary,1,1,2,400.0,True,True,0.005455082882286313
Line.ln5744327-1,Primary,2,1,2,400.0,True,False,0.005456149412701233
Line.ln5502556-1,Primary,1,1,2,400.0,True,True,0.008575734026694825
Line.ln5502556-1,Primary,2,1,2,400.0,True,False,0.008576552534711575
Line.ln6138623-1,Primary,1,1,1,400.0,True,True,0.0017568781373200097
Line.ln6138623-1,Primary,2,1,1,400.0,True,False,0.001757424966639464
Line.ln5714055-1,Primary,1,1,1,400.0,True,True,0.0010448218885475444
Line.ln5714055-1,Primary,2,1,1,400.0,True,False,0.00104564617542281
Line.ln5472353-1,Primary,1,1,2,400.0,True,True,0.0011708007779693995
Line.ln5472353-1,Primary,2,1,2,400.0,True,False,0.001171977347608051
Line.ln6076243-1,Primary,1,1,1,400.0,True,True,0.006281092850641545
Line.ln6076243-1,Primary,2,1,1,400.0,True,False,0.006281169647265704
Line.ln5895789-3,Primary,1,1,1,400.0,True,True,0.0775310628478862
Line.ln5895789-3,Primary,1,2,2,400.0,True,True,0.02288597291353307
Line.ln5895789-3,Primary,1,3,3,400.0,True,True,0.04194837640158013
Line.ln5895789-3,Primary,2,1,1,400.0,True,False,0.07753166670089107
Line.ln5895789-3,Primary,2,2,2,400.0,True,False,0.02288663112086775
Line.ln5895789-3,Primary,2,3,3,400.0,True,False,0.04194879803592747
Line.ln6350534-1,Primary,1,1,2,400.0,True,True,0.000763665778263428
Line.ln6350534-1,Primary,2,1,2,400.0,True,False,0.0007650463512401508
Line.ln5683859-1,Primary,1,1,1,400.0,True,True,0.003696841477591193
Line.ln5683859-1,Primary,2,1,1,400.0,True,False,0.003697817147126648
Line.ln5894220-1,Primary,1,1,2,400.0,True,True,0.0018838997650908263
Line.ln5894220-1,Primary,2,1,2,400.0,True,False,0.0018843878712736675
Line.ln5805804-1,Primary,1,1,3,400.0,True,True,0.001973838866741572
Line.ln5805804-1,Primary,2,1,3,400.0,True,False,0.001974737591956857
Line.ln5752776-3,Primary,1,1,1,400.0,True,True,0.03567463109983142
Line.ln5752776-3,Primary,1,2,2,400.0,True,True,0.0972067836060458
Line.ln5752776-3,Primary,1,3,3,400.0,True,True,0.03007161915747366
Line.ln5752776-3,Primary,2,1,1,400.0,True,False,0.035675453302818044
Line.ln5752776-3,Primary,2,2,2,400.0,True,False,0.09720767866289219
Line.ln5752776-3,Primary,2,3,3,400.0,True,False,0.030072174539088756
Line.ln5563943-1,Primary,1,1,1,400.0,True,True,0.0017386536689323177
Line.ln5563943-1,Primary,2,1,1,400.0,True,False,0.001739464788465964
Line.ln5866186-1,Primary,1,1,3,400.0,True,True,0.0011847401966295057
Line.ln5866186-1,Primary,2,1,3,400.0,True,False,0.0011859473300213288
Line.ln5682339-1,Primary,1,1,1,400.0,True,True,0.08925268651051081
Line.ln5682339-1,Primary,1,2,2,400.0,True,True,0.025748637590097666
Line.ln5682339-1,Primary,1,3,3,400.0,True,True,0.051874004901562715
Line.ln5682339-1,Primary,2,1,1,400.0,True,False,0.08925368868180383
Line.ln5682339-1,Primary,2,2,2,400.0,True,False,0.025749710584307816
Line.ln5682339-1,Primary,2,3,3,400.0,True,False,0.05187469981022248
Line.ln6318771-1,Primary,1,1,3,400.0,True,True,0.012545344103159042
Line.ln6318771-1,Primary,2,1,3,400.0,True,False,0.012549674192004425
Line.ln6199523-3,Primary,1,1,3,400.0,True,True,0.002007449019855718
Line.ln6199523-3,Primary,2,1,3,400.0,True,False,0.002008868560207667
Line.ln5818176-1,Primary,1,1,2,400.0,True,True,0.001925845378375145
Line.ln5818176-1,Primary,2,1,2,400.0,True,False,0.0019264320280371783
Line.ln6290218-1,Primary,1,1,1,400.0,True,True,0.0010539130142043444
Line.ln6290218-1,Primary,2,1,1,400.0,True,False,0.001054612985931286
Line.ln5473449-1,Primary,1,1,1,400.0,True,True,0.1575615283757828
Line.ln5473449-1,Primary,1,2,2,400.0,True,True,0.16635988526845316
Line.ln5473449-1,Primary,1,3,3,400.0,True,True,0.15321195085419181
Line.ln5473449-1,Primary,2,1,1,400.0,True,False,0.1575587437109588
Line.ln5473449-1,Primary,2,2,2,400.0,True,False,0.16635730846974678
Line.ln5473449-1,Primary,2,3,3,400.0,True,False,0.15320840612798417
Line.ln5653460-5,Primary,1,1,1,400.0,True,True,0.1705542401290648
Line.ln5653460-5,Primary,1,2,2,400.0,True,True,0.11736994374873212
Line.ln5653460-5,Primary,1,3,3,400.0,True,True,0.08002833155856275
Line.ln5653460-5,Primary,2,1,1,400.0,True,False,0.1705559254604297
Line.ln5653460-5,Primary,2,2,2,400.0,True,False,0.11737178553782396
Line.ln5653460-5,Primary,2,3,3,400.0,True,False,0.08002948560947902
Line.ln6108124-1,Primary,1,1,2,400.0,True,True,0.0011654365388294476
Line.ln6108124-1,Primary,2,1,2,400.0,True,False,0.0011659615530187966
Line.ln5593223-1,Primary,1,1,2,400.0,True,True,0.02060769645242977
Line.ln5593223-1,Primary,2,1,2,400.0,True,False,0.020609164695094148
Line.ln5776672-1,Primary,1,1,1,400.0,True,True,0.0028066867143259383
Line.ln5776672-1,Primary,2,1,1,400.0,True,False,0.0028074154803094716
Line.ln5565229-1,Primary,1,1,1,400.0,True,True,0.003571042835642706
Line.ln5565229-1,Primary,2,1,1,400.0,True,False,0.003571146413194732
Line.ln6200528-1,Primary,1,1,2,400.0,True,True,0.0022657960086913714
Line.ln6200528-1,Primary,2,1,2,400.0,True,False,0.0022676575732218734
Line.ln6290215-1,Primary,1,1,1,400.0,True,True,0.08278816621830351
Line.ln6290215-1,Primary,1,2,2,400.0,True,True,0.0257627971257011
Line.ln6290215-1,Primary,1,3,3,400.0,True,True,0.04313324626698528
Line.ln6290215-1,Primary,2,1,1,400.0,True,False,0.08279026066551415
Line.ln6290215-1,Primary,2,2,2,400.0,True,False,0.025765059990178127
Line.ln6290215-1,Primary,2,3,3,400.0,True,False,0.043134703345554526
Line.ln5623417-1,Primary,1,1,2,400.0,True,True,0.042455186087911025
Line.ln5623417-1,Primary,2,1,2,400.0,True,False,0.04245693471216412
Line.ln5865267-1,Primary,1,1,2,400.0,True,True,0.0011659615529924748
Line.ln5865267-1,Primary,2,1,2,400.0,True,False,0.0011681364363941148
Line.ln6076240-1,Primary,1,1,2,400.0,True,True,0.0011664519819515157
Line.ln6076240-1,Primary,2,1,2,400.0,True,False,0.001167251290172148
Line.ln6900592-3,Primary,1,1,1,400.0,True,True,0.002635836937575759
Line.ln6900592-3,Primary,2,1,1,400.0,True,False,0.0026367264639326916
Line.ln6200532-1,Primary,1,1,1,400.0,True,True,0.17511150457312014
Line.ln6200532-1,Primary,1,2,2,400.0,True,True,0.1946852563175864
Line.ln6200532-1,Primary,1,3,3,400.0,True,True,0.23938359889660135
Line.ln6200532-1,Primary,2,1,1,400.0,True,False,0.17510908052037796
Line.ln6200532-1,Primary,2,2,2,400.0,True,False,0.19468327338959046
Line.ln6200532-1,Primary,2,3,3,400.0,True,False,0.23938169109808302
Line.ln6109148-1,Primary,1,1,2,400.0,True,True,0.0007645138562440405
Line.ln6109148-1,Primary,2,1,2,400.0,True,False,0.000765330422616721
Line.ln6411005-2,Primary,1,1,1,400.0,True,True,0.026171031002151946
Line.ln6411005-2,Primary,1,2,2,400.0,True,True,0.028604381489133596
Line.ln6411005-2,Primary,1,3,3,400.0,True,True,0.02551569776817053
Line.ln6411005-2,Primary,2,1,1,400.0,True,False,0.02617273002903553
Line.ln6411005-2,Primary,2,2,2,400.0,True,False,0.028606251135010564
Line.ln6411005-2,Primary,2,3,3,400.0,True,False,0.02551697453370957
Line.ln5957412-1,Primary,1,1,3,400.0,True,True,0.001980574477440913
Line.ln5957412-1,Primary,2,1,3,400.0,True,False,0.001982134232354438
Line.ln7061777-3,Primary,1,1,3,400.0,True,True,0.002000405071557333
Line.ln7061777-3,Primary,2,1,3,400.0,True,False,0.002000578493479471
Line.ln6229785-1,Primary,1,1,2,400.0,True,True,0.0019515684207933165
Line.ln6229785-1,Primary,2,1,2,400.0,True,False,0.0019525196636285798
Line.ln0247162_sw,Primary,1,1,2,400.0,True,True,0.0011491753632236847
Line.ln0247162_sw,Primary,2,1,2,400.0,True,False,0.0011491773841710948
Line.ln5472341-1,Primary,1,1,2,400.0,True,True,0.001149100221499574
Line.ln5472341-1,Primary,2,1,2,400.0,True,False,0.0011491753642612038
Line.ln6260017-1,Primary,1,1,1,400.0,True,True,0.008905713429458128
Line.ln6260017-1,Primary,2,1,1,400.0,True,False,0.00890680261020801
Line.ln6076245-1,Primary,1,1,2,400.0,True,True,0.002293517284431022
Line.ln6076245-1,Primary,2,1,2,400.0,True,False,0.0022947813523994994
Line.ln5562934-1,Primary,1,1,1,400.0,True,True,0.08646227655129338
Line.ln5562934-1,Primary,1,2,2,400.0,True,True,0.025758224297658464
Line.ln5562934-1,Primary,1,3,3,400.0,True,True,0.04670909136848647
Line.ln5562934-1,Primary,2,1,1,400.0,True,False,0.08646341981049123
Line.ln5562934-1,Primary,2,2,2,400.0,True,False,0.025759455876381863
Line.ln5562934-1,Primary,2,3,3,400.0,True,False,0.046709885479437184
Line.ln81098881-1,Primary,1,1,1,190.0,True,True,0.0037653916672934296
Line.ln81098881-1,Primary,1,2,2,190.0,True,True,0.004060711222022675
Line.ln81098881-1,Primary,1,3,3,190.0,True,True,0.004171255629057096
Line.ln81098881-1,Primary,2,1,1,190.0,True,False,0.0037666734670396386
Line.ln81098881-1,Primary,2,2,2,190.0,True,False,0.004062002220146621
Line.ln81098881-1,Primary,2,3,3,190.0,True,False,0.004172574704371015
Line.ln5894226-3,Primary,1,1,3,400.0,True,True,0.003981907282883695
Line.ln5894226-3,Primary,2,1,3,400.0,True,False,0.003983378414883785
Line.ln5623394-1,Primary,1,1,2,400.0,True,True,0.0011528015246135364
Line.ln5623394-1,Primary,2,1,2,400.0,True,False,0.0011533768966815881
Line.ln6140775-5,Primary,1,1,3,400.0,True,True,0.0031645532932787017
Line.ln6140775-5,Primary,2,1,3,400.0,True,False,0.0031661804081776768
Line.ln6440004-3,Primary,1,1,3,400.0,True,True,0.0019906617230834203
Line.ln6440004-3,Primary,2,1,3,400.0,True,False,0.001991399259553416
Line.ln6413566-1,Primary,1,1,1,400.0,True,True,0.015811178450122084
Line.ln6413566-1,Primary,2,1,1,400.0,True,False,0.015811288540773395
Line.ln6350546-1,Primary,1,1,1,400.0,True,True,0.05178629070169197
Line.ln6350546-1,Primary,1,2,2,400.0,True,True,0.06573678093210296
Line.ln6350546-1,Primary,1,3,3,400.0,True,True,0.026410735056721826
Line.ln6350546-1,Primary,2,1,1,400.0,True,False,0.051786466082834215
Line.ln6350546-1,Primary,2,2,2,400.0,True,False,0.0657369703752148
Line.ln6350546-1,Primary,2,3,3,400.0,True,False,0.02641086121709205
Line.ln5531325-1,Primary,1,1,2,400.0,True,True,0.001937676356772361
Line.ln5531325-1,Primary,2,1,2,400.0,True,False,0.001940980878089506
Line.ln5623397-1,Primary,1,1,1,400.0,True,True,0.003505212412335026
Line.ln5623397-1,Primary,2,1,1,400.0,True,False,0.003506062393267708
Line.ln81018877-2,Primary,1,1,3,220.0,True,True,0.005456851608098762
Line.ln81018877-2,Primary,2,1,3,220.0,True,False,0.005457264014315797
Line.ln5532768-1,Primary,1,1,1,400.0,True,True,0.008008426039520811
Line.ln5532768-1,Primary,1,2,2,400.0,True,True,0.07783507907817723
Line.ln5532768-1,Primary,1,3,3,400.0,True,True,0.007101971251921608
Line.ln5532768-1,Primary,2,1,1,400.0,True,False,0.008011270171696831
Line.ln5532768-1,Primary,2,2,2,400.0,True,False,0.07783824571582873
Line.ln5532768-1,Primary,2,3,3,400.0,True,False,0.007103799698145317
Line.ln6506305-2,Primary,1,1,2,400.0,True,True,0.0007555037702051445
Line.ln6506305-2,Primary,2,1,2,400.0,True,False,0.0007563646014663013
Line.ln5472388-1,Primary,1,1,2,400.0,True,True,0.00381716505693438
Line.ln5472388-1,Primary,2,1,2,400.0,True,False,0.0038181069929926884
Line.ln6049823-1,Primary,1,1,3,400.0,True,True,0.0020010883344517534
Line.ln6049823-1,Primary,2,1,3,400.0,True,False,0.0020018026994518836
Line.ln5829831-1,Primary,1,1,1,400.0,True,True,0.056802825245221636
Line.ln5829831-1,Primary,1,2,2,400.0,True,True,0.10755112512136535
Line.ln5829831-1,Primary,1,3,3,400.0,True,True,0.10354263050367296
Line.ln5829831-1,Primary,2,1,1,400.0,True,False,0.05680716168964543
Line.ln5829831-1,Primary,2,2,2,400.0,True,False,0.10755585165168634
Line.ln5829831-1,Primary,2,3,3,400.0,True,False,0.10354558660134827
Line.ln5562937-2,Primary,1,1,1,400.0,True,True,0.0017516017546354238
Line.ln5562937-2,Primary,2,1,1,400.0,True,False,0.0017517231110691287
Line.ln6047574-2,Primary,1,1,3,400.0,True,True,0.0039466196135460535
Line.ln6047574-2,Primary,2,1,3,400.0,True,False,0.003946715482699888
Line.ln6170336-1,Primary,1,1,3,400.0,True,True,0.001974737591968809
Line.ln6170336-1,Primary,2,1,3,400.0,True,False,0.001975482432126983
Line.ln6260020-1,Primary,1,1,1,400.0,True,True,2.2774170015475354e-05
Line.ln6260020-1,Primary,1,2,2,400.0,True,True,2.4144979208085572e-05
Line.ln6260020-1,Primary,1,3,3,400.0,True,True,0.0020034514896382256
Line.ln6260020-1,Primary,2,1,1,400.0,True,False,1.8604433294890022e-05
Line.ln6260020-1,Primary,2,2,2,400.0,True,False,1.972524645890233e-05
Line.ln6260020-1,Primary,2,3,3,400.0,True,False,0.002004245771220753
Line.ln6137794-1,Primary,1,1,3,400.0,True,True,0.006328488397460159
Line.ln6137794-1,Primary,2,1,3,400.0,True,False,0.006328517663179076
Line.ln6076266-1,Primary,1,1,1,400.0,True,True,0.0010665330689803162
Line.ln6076266-1,Primary,2,1,1,400.0,True,False,0.0010668264879410356
Line.ln5956462-1,Primary,1,1,3,400.0,True,True,0.008571303636072468
Line.ln5956462-1,Primary,2,1,3,400.0,True,False,0.008571754755297215
Line.ln6229806-1,Primary,1,1,1,400.0,True,True,0.0017445911716106447
Line.ln6229806-1,Primary,2,1,1,400.0,True,False,0.0017452681422088087
Line.ln5986961-1,Primary,1,1,3,400.0,True,True,0.003195671394570376
Line.ln5986961-1,Primary,2,1,3,400.0,True,False,0.0031960628297872332
Line.ln6383060-3,Primary,1,1,2,400.0,True,True,0.04371177140311122
Line.ln6383060-3,Primary,2,1,2,400.0,True,False,0.04371217491543348
Line.ln6320337-1,Primary,1,1,2,400.0,True,True,0.0028862938621101626
Line.ln6320337-1,Primary,2,1,2,400.0,True,False,0.0028864230931781205
Line.ln6440002-2,Primary,1,1,1,400.0,True,True,0.026023623123025513
Line.ln6440002-2,Primary,2,1,1,400.0,True,False,0.026024553701474596
Line.ln5472393-1,Primary,1,1,2,400.0,True,True,0.03072074353530452
Line.ln5472393-1,Primary,2,1,2,400.0,True,False,0.030721254229462494
Line.ln6228279-2,Primary,1,1,1,400.0,True,True,0.00210766050813255
Line.ln6228279-2,Primary,2,1,1,400.0,True,False,0.0021077098715120645
Line.ln6412356-1,Primary,1,1,1,400.0,True,True,0.003445840214062146
Line.ln6412356-1,Primary,1,2,2,400.0,True,True,0.003815044272792673
Line.ln6412356-1,Primary,1,3,3,400.0,True,True,0.005148031913860968
Line.ln6412356-1,Primary,2,1,1,400.0,True,False,0.003447249933012449
Line.ln6412356-1,Primary,2,2,2,400.0,True,False,0.0038165860477166642
Line.ln6412356-1,Primary,2,3,3,400.0,True,False,0.005148991911919405
Line.ln6375549-4,Primary,1,1,1,400.0,True,True,0.008745042932984799
Line.ln6375549-4,Primary,1,2,2,400.0,True,True,3.690624732622115e-05
Line.ln6375549-4,Primary,1,3,3,400.0,True,True,0.05359281181138832
Line.ln6375549-4,Primary,2,1,1,400.0,True,False,0.008745491637884748
Line.ln6375549-4,Primary,2,2,2,400.0,True,False,3.519404013144769e-05
Line.ln6375549-4,Primary,2,3,3,400.0,True,False,0.05359312775043036
Line.ln5865251-1,Primary,1,1,1,400.0,True,True,0.0035176813048503224
Line.ln5865251-1,Primary,2,1,1,400.0,True,False,0.003518436871409692
Line.ln5896731-1,Primary,1,1,3,400.0,True,True,0.04669268654293282
Line.ln5896731-1,Primary,2,1,3,400.0,True,False,0.04669367273025542
Line.ln5501092-1,Primary,1,1,1,400.0,True,True,0.0071931779781711355
Line.ln5501092-1,Primary,2,1,1,400.0,True,False,0.007194354536388829
Line.ln6409781-2,Primary,1,1,1,400.0,True,True,0.005238363068878569
Line.ln6409781-2,Primary,2,1,1,400.0,True,False,0.005238587737294975
Line.ln6103924-1,Primary,1,1,1,400.0,True,True,0.0034620695900518046
Line.ln6103924-1,Primary,2,1,1,400.0,True,False,0.0034621440604261046
Line.ln6077783-1,Primary,1,1,1,400.0,True,True,0.0034932559359151056
Line.ln6077783-1,Primary,2,1,1,400.0,True,False,0.0034939521827002462
Line.ln6108143-1,Primary,1,1,1,400.0,True,True,0.08646100971899012
Line.ln6108143-1,Primary,1,2,2,400.0,True,True,0.025756856790052206
Line.ln6108143-1,Primary,1,3,3,400.0,True,True,0.04670822377740573
Line.ln6108143-1,Primary,2,1,1,400.0,True,False,0.0864622765513788
Line.ln6108143-1,Primary,2,2,2,400.0,True,False,0.025758224297646282
Line.ln6108143-1,Primary,2,3,3,400.0,True,False,0.04670909136845954
Line.ln5593214-1,Primary,1,1,3,400.0,True,True,0.009550413325033863
Line.ln5593214-1,Primary,2,1,3,400.0,True,False,0.009551116845326479
Line.ln5621841-2,Primary,1,1,1,400.0,True,True,0.08925368868194836
Line.ln5621841-2,Primary,1,2,2,400.0,True,True,0.025749710584853088
Line.ln5621841-2,Primary,1,3,3,400.0,True,True,0.051874699810100865
Line.ln5621841-2,Primary,2,1,1,400.0,True,False,0.08925383526925153
Line.ln5621841-2,Primary,2,2,2,400.0,True,False,0.025749867592691
Line.ln5621841-2,Primary,2,3,3,400.0,True,False,0.05187480146417742
Line.ln5742826-1,Primary,1,1,1,400.0,True,True,0.0026945214003827513
Line.ln5742826-1,Primary,2,1,1,400.0,True,False,0.0026954058278527097
Line.ln6292465-3,Primary,1,1,3,400.0,True,True,0.04618810691367239
Line.ln6292465-3,Primary,2,1,3,400.0,True,False,0.0461883578043712
Line.ln6379347-1,Primary,1,1,2,400.0,True,True,0.044398265597094706
Line.ln6379347-1,Primary,2,1,2,400.0,True,False,0.04439946364796039
Line.ln5992960-1,Primary,1,1,1,400.0,True,True,0.7573164913788072
Line.ln5992960-1,Primary,1,2,2,400.0,True,True,0.7618457842853483
Line.ln5992960-1,Primary,1,3,3,400.0,True,True,0.6897715919085418
Line.ln5992960-1,Primary,2,1,1,400.0,True,False,0.7573165508519801
Line.ln5992960-1,Primary,2,2,2,400.0,True,False,0.7618458991934043
Line.ln5992960-1,Primary,2,3,3,400.0,True,False,0.6897711978307737
Line.ln6196270-5,Primary,1,1,1,400.0,True,True,0.0028254884288968344
Line.ln6196270-5,Primary,2,1,1,400.0,True,False,0.0028278264775214845
Line.ln5621833-2,Primary,1,1,3,400.0,True,True,0.0020010290064408106
Line.ln5621833-2,Primary,2,1,3,400.0,True,False,0.002001112468524015
Line.ln5562925-1,Primary,1,1,2,400.0,True,True,0.0011520834940419319
Line.ln5562925-1,Primary,2,1,2,400.0,True,False,0.0011528421587489852
Line.ln5863691-2,Primary,1,1,3,400.0,True,True,0.0019845212635763864
Line.ln5863691-2,Primary,2,1,3,400.0,True,False,0.001984888807199126
Line.ln6350551-1,Primary,1,1,2,400.0,True,True,0.011420190800384016
Line.ln6350551-1,Primary,2,1,2,400.0,True,False,0.011421175052112199
Line.ln6228303-2,Primary,1,1,2,400.0,True,True,0.03945877688864886
Line.ln6228303-2,Primary,2,1,2,400.0,True,False,0.03945904739930142
Line.ln5472385-1,Primary,1,1,2,400.0,True,True,0.0038317662879156994
Line.ln5472385-1,Primary,2,1,2,400.0,True,False,0.0038327279048842827
Line.ln5776669-3,Primary,1,1,1,400.0,True,True,0.009954703775054915
Line.ln5776669-3,Primary,2,1,1,400.0,True,False,0.009954785451087623
Line.ln6505951-1,Primary,1,1,3,400.0,True,True,0.0011999620568546685
Line.ln6505951-1,Primary,2,1,3,400.0,True,False,0.0012005625611714327
Line.ln6321409-1,Primary,1,1,1,400.0,True,True,0.8065096517606177
Line.ln6321409-1,Primary,1,2,2,400.0,True,True,0.7949605200188052
Line.ln6321409-1,Primary,1,3,3,400.0,True,True,0.7692288440511186
Line.ln6321409-1,Primary,2,1,1,400.0,True,False,0.8065099571276076
Line.ln6321409-1,Primary,2,2,2,400.0,True,False,0.794960893621022
Line.ln6321409-1,Primary,2,3,3,400.0,True,False,0.7692284639933874
Line.ln6316403-1,Primary,1,1,1,400.0,True,True,0.0017827483096229378
Line.ln6316403-1,Primary,2,1,1,400.0,True,False,0.001783317989796199
Line.ln6350552-1,Primary,1,1,2,400.0,True,True,0.007156899231282308
Line.ln6350552-1,Primary,2,1,2,400.0,True,False,0.007157554457772458
Line.ln6199510-1,Primary,1,1,3,400.0,True,True,0.0019982850921656335
Line.ln6199510-1,Primary,2,1,3,400.0,True,False,0.00199921198976529
Line.ln6991381-6,Primary,1,1,1,400.0,True,True,0.004383077246695344
Line.ln6991381-6,Primary,2,1,1,400.0,True,False,0.00438380174970028
Line.ln247160_sw,Primary,1,1,2,400.0,True,True,0.0011517039726207264
Line.ln247160_sw,Primary,2,1,2,400.0,True,False,0.0011517059954836773
Line.ln5865224-1,Primary,1,1,2,400.0,True,True,0.001151629550922617
Line.ln5865224-1,Primary,2,1,2,400.0,True,False,0.001151703975410325
Line.ln5804812-1,Primary,1,1,1,400.0,True,True,0.0028326849788968354
Line.ln5804812-1,Primary,2,1,1,400.0,True,False,0.0028334337191608795
Line.ln5532748-6,Primary,1,1,1,400.0,True,True,0.17055014458412338
Line.ln5532748-6,Primary,1,2,2,400.0,True,True,0.1213745297230613
Line.ln5532748-6,Primary,1,3,3,400.0,True,True,0.08318362132579209
Line.ln5532748-6,Primary,2,1,1,400.0,True,False,0.17055108296999155
Line.ln5532748-6,Primary,2,2,2,400.0,True,False,0.1213755529234541
Line.ln5532748-6,Primary,2,3,3,400.0,True,False,0.0831842610004013
Line.ln6229798-1,Primary,1,1,2,400.0,True,True,0.001945682453632064
Line.ln6229798-1,Primary,2,1,2,400.0,True,False,0.0019520471695715785
Line.ln5683808-1,Primary,1,1,1,400.0,True,True,0.008092149023131207
Line.ln5683808-1,Primary,2,1,1,400.0,True,False,0.008093044035530047
Line.ln5531326-1,Primary,1,1,3,400.0,True,True,0.006577424937925271
Line.ln5531326-1,Primary,2,1,3,400.0,True,False,0.00657821158966531
Line.ln5472390-2,Primary,1,1,1,400.0,True,True,0.0006963162890596432
Line.ln5472390-2,Primary,1,2,2,400.0,True,True,0.0007590979105260417
Line.ln5472390-2,Primary,1,3,3,400.0,True,True,0.0007899381677483106
Line.ln5472390-2,Primary,2,1,1,400.0,True,False,0.0006967189427855578
Line.ln5472390-2,Primary,2,2,2,400.0,True,False,0.0007595407294013577
Line.ln5472390-2,Primary,2,3,3,400.0,True,False,0.0007902000974649701
Line.ln5774446-1,Primary,1,1,2,400.0,True,True,0.01073731201688005
Line.ln5774446-1,Primary,2,1,2,400.0,True,False,0.010739273262725873
Line.ln6411406-1,Primary,1,1,1,400.0,True,True,0.0010529723176287361
Line.ln6411406-1,Primary,2,1,1,400.0,True,False,0.001054031151472907
Line.ln5835136-2,Primary,1,1,1,400.0,True,True,0.0027991265439041998
Line.ln5835136-2,Primary,2,1,1,400.0,True,False,0.002799355699350744
Line.ln5956473-1,Primary,1,1,1,400.0,True,True,0.0035426345834490276
Line.ln5956473-1,Primary,2,1,1,400.0,True,False,0.0035432666177220985
Line.ln5985349-2,Primary,1,1,2,400.0,True,True,0.00286984805643121
Line.ln5985349-2,Primary,2,1,2,400.0,True,False,0.0028708871331987527
Line.ln5956471-3,Primary,1,1,1,400.0,True,True,0.03567130446325493
Line.ln5956471-3,Primary,1,2,2,400.0,True,True,0.0972031594796346
Line.ln5956471-3,Primary,1,3,3,400.0,True,True,0.03125851909239048
Line.ln5956471-3,Primary,2,1,1,400.0,True,False,0.0356716550228986
Line.ln5956471-3,Primary,2,2,2,400.0,True,False,0.0972035415954479
Line.ln5956471-3,Primary,2,3,3,400.0,True,False,0.031258755780528585
Line.ln5865238-1,Primary,1,1,3,400.0,True,True,0.025067316182143137
Line.ln5865238-1,Primary,2,1,3,400.0,True,False,0.025068748254801775
Line.ln6229832-1,Primary,1,1,3,400.0,True,True,0.0023773286720702802
Line.ln6229832-1,Primary,2,1,3,400.0,True,False,0.0023773638502320327
Line.ln5926310-3,Primary,1,1,1,400.0,True,True,0.001057166530267031
Line.ln5926310-3,Primary,1,2,2,400.0,True,True,0.00289107663452306
Line.ln5926310-3,Primary,1,3,3,400.0,True,True,0.001195618131275795
Line.ln5926310-3,Primary,2,1,1,400.0,True,False,0.001057490169051621
Line.ln5926310-3,Primary,2,2,2,400.0,True,False,0.002891424841809157
Line.ln5926310-3,Primary,2,3,3,400.0,True,False,0.0011958362882083145
Line.ln6379374-1,Primary,1,1,1,400.0,True,True,0.022778813961141488
Line.ln6379374-1,Primary,2,1,1,400.0,True,False,0.022780740294306476
Line.ln5986925-3,Primary,1,1,3,400.0,True,True,0.001997445867328578
Line.ln5986925-3,Primary,2,1,3,400.0,True,False,0.001998212517415614
Line.ln6229835-1,Primary,1,1,1,400.0,True,True,0.030684671565862
Line.ln6229835-1,Primary,1,2,2,400.0,True,True,0.05882996256412099
Line.ln6229835-1,Primary,1,3,3,400.0,True,True,0.006735657063329498
Line.ln6229835-1,Primary,2,1,1,400.0,True,False,0.03068635419801309
Line.ln6229835-1,Primary,2,2,2,400.0,True,False,0.05883178563915355
Line.ln6229835-1,Primary,2,3,3,400.0,True,False,0.006736856050428745
Line.ln6380842-1,Primary,1,1,3,400.0,True,True,0.006000748091294432
Line.ln6380842-1,Primary,2,1,3,400.0,True,False,0.006001507425370969
Line.ln5804798-3,Primary,1,1,2,400.0,True,True,0.05141252303962077
Line.ln5804798-3,Primary,2,1,2,400.0,True,False,0.051412874438045035
Line.ln6108128-3,Primary,1,1,3,400.0,True,True,0.0011838622850168553
Line.ln6108128-3,Primary,2,1,3,400.0,True,False,0.0011841526171543595
Line.ln5502532-1,Primary,1,1,1,400.0,True,True,0.1305392157129528
Line.ln5502532-1,Primary,1,2,2,400.0,True,True,0.14405171207429615
Line.ln5502532-1,Primary,1,3,3,400.0,True,True,0.1363465057807574
Line.ln5502532-1,Primary,2,1,1,400.0,True,False,0.13053898902018796
Line.ln5502532-1,Primary,2,2,2,400.0,True,False,0.14405151679547176
Line.ln5502532-1,Primary,2,3,3,400.0,True,False,0.1363462601450819
Line.ln5894237-1,Primary,1,1,3,400.0,True,True,0.003987673104156452
Line.ln5894237-1,Primary,2,1,3,400.0,True,False,0.003988842723509895
Line.ln5804796-1,Primary,1,1,2,400.0,True,True,0.03694164233083404
Line.ln5804796-1,Primary,2,1,2,400.0,True,False,0.03694183772099595
Line.ln5965099-8,Primary,1,1,1,400.0,True,True,0.006997002458885162
Line.ln5965099-8,Primary,1,2,2,400.0,True,True,7.050693620319537e-06
Line.ln5965099-8,Primary,1,3,3,400.0,True,True,0.048401049813051635
Line.ln5965099-8,Primary,2,1,1,400.0,True,False,0.006997474462060223
Line.ln5965099-8,Primary,2,2,2,400.0,True,False,5.243244227302613e-06
Line.ln5965099-8,Primary,2,3,3,400.0,True,False,0.04840138309513468
Line.ln5958701-1,Primary,1,1,3,400.0,True,True,0.005380140878491119
Line.ln5958701-1,Primary,2,1,3,400.0,True,False,0.005380231942236156
Line.wf856_48332_sw,Primary,1,1,3,400.0,False,False,0.0
Line.wf856_48332_sw,Primary,2,1,3,400.0,False,False,0.0
Line.ln81353934-4,Primary,1,1,3,220.0,True,True,9.897091970235252e-05
Line.ln81353934-4,Primary,2,1,3,220.0,True,False,3.697621778800302e-14
Line.ln5865268-2,Primary,1,1,1,400.0,True,True,0.038825756752194726
Line.ln5865268-2,Primary,1,2,2,400.0,True,True,0.08595998998960816
Line.ln5865268-2,Primary,1,3,3,400.0,True,True,0.07067195941848543
Line.ln5865268-2,Primary,2,1,1,400.0,True,False,0.03882590536645368
Line.ln5865268-2,Primary,2,2,2,400.0,True,False,0.08596015183649788
Line.ln5865268-2,Primary,2,3,3,400.0,True,False,0.07067206057947081
Line.ln5803984-1,Primary,1,1,2,400.0,True,True,0.01932848997632965
Line.ln5803984-1,Primary,2,1,2,400.0,True,False,0.019329462252868027
Line.ln293471_sw,Primary,1,1,1,400.0,True,True,0.0017462339615193433
Line.ln293471_sw,Primary,1,2,2,400.0,True,True,0.0019310768025664596
Line.ln293471_sw,Primary,1,3,3,400.0,True,True,0.0019867588745954693
Line.ln293471_sw,Primary,2,1,1,400.0,True,False,0.0017462359939574795
Line.ln293471_sw,Primary,2,2,2,400.0,True,False,0.0019310788304235831
Line.ln293471_sw,Primary,2,3,3,400.0,True,False,0.001986760905501372
Line.ln5686080-1,Primary,1,1,1,400.0,True,True,0.00174607975715183
Line.ln5686080-1,Primary,1,2,2,400.0,True,True,0.0019309108881863614
Line.ln5686080-1,Primary,1,3,3,400.0,True,True,0.001986645648001422
Line.ln5686080-1,Primary,2,1,1,400.0,True,False,0.0017462339635275455
Line.ln5686080-1,Primary,2,2,2,400.0,True,False,0.001931076803403563
Line.ln5686080-1,Primary,2,3,3,400.0,True,False,0.0019867588733694834
Line.ln5502569-1,Primary,1,1,1,400.0,True,True,0.038828806310746554
Line.ln5502569-1,Primary,1,2,2,400.0,True,True,0.08596330940496881
Line.ln5502569-1,Primary,1,3,3,400.0,True,True,0.058706269166270426
Line.ln5502569-1,Primary,2,1,1,400.0,True,False,0.038830285117928354
Line.ln5502569-1,Primary,2,2,2,400.0,True,False,0.0859649178164344
Line.ln5502569-1,Primary,2,3,3,400.0,True,False,0.05870727592754041
Line.ln5653455-1,Primary,1,1,3,400.0,True,True,0.003190349615331633
Line.ln5653455-1,Primary,2,1,3,400.0,True,False,0.0031913487357354063
Line.ln5683826-1,Primary,1,1,1,400.0,True,True,0.016866633235663377
Line.ln5683826-1,Primary,2,1,1,400.0,True,False,0.01686850993753651
Line.ln5562926-1,Primary,1,1,1,400.0,True,True,0.009843278635905598
Line.ln5562926-1,Primary,2,1,1,400.0,True,False,0.009844182137661313
Line.ln6048524-1,Primary,1,1,3,400.0,True,True,0.004785417787869791
Line.ln6048524-1,Primary,2,1,3,400.0,True,False,0.004786202253527368
Line.ln6229802-1,Primary,1,1,1,400.0,True,True,0.029627665623247222
Line.ln6229802-1,Primary,2,1,1,400.0,True,False,0.029628631489137268
Line.ln5473439-1,Primary,1,1,1,400.0,True,True,0.004574171951241586
Line.ln5473439-1,Primary,2,1,1,400.0,True,False,0.004575100044352476
Line.ln5989329-1,Primary,1,1,3,400.0,True,True,0.0051487106650683475
Line.ln5989329-1,Primary,2,1,3,400.0,True,False,0.005148784164814605
Line.ln6017287-1,Primary,1,1,3,400.0,True,True,0.005999384998647727
Line.ln6017287-1,Primary,2,1,3,400.0,True,False,0.00600018451435706
Line.ln5473438-1,Primary,1,1,1,400.0,True,True,0.0010493829578692633
Line.ln5473438-1,Primary,2,1,1,400.0,True,False,0.001051158970703893
Line.ln6260930-1,Primary,1,1,3,400.0,True,True,0.0019781169325127556
Line.ln6260930-1,Primary,2,1,3,400.0,True,False,0.0019785976254582537
Line.ln6228303-1,Primary,1,1,2,400.0,True,True,0.03754296987089585
Line.ln6228303-1,Primary,2,1,2,400.0,True,False,0.037543238631456345
Line.ln5742836-1,Primary,1,1,1,400.0,True,True,0.030265270247014166
Line.ln5742836-1,Primary,1,2,2,400.0,True,True,0.009873594683426653
Line.ln5742836-1,Primary,1,3,3,400.0,True,True,0.005193905453630763
Line.ln5742836-1,Primary,2,1,1,400.0,True,False,0.030266484456884353
Line.ln5742836-1,Primary,2,2,2,400.0,True,False,0.009874975089230922
Line.ln5742836-1,Primary,2,3,3,400.0,True,False,0.005194908603654238
Line.ln6318768-1,Primary,1,1,1,400.0,True,True,0.05039308534783436
Line.ln6318768-1,Primary,1,2,2,400.0,True,True,0.06471427503351741
Line.ln6318768-1,Primary,1,3,3,400.0,True,True,0.02551365252929091
Line.ln6318768-1,Primary,2,1,1,400.0,True,False,0.05039475109160211
Line.ln6318768-1,Primary,2,2,2,400.0,True,False,0.06471610768181303
Line.ln6318768-1,Primary,2,3,3,400.0,True,False,0.025514940544596132
Line.ln5472384-3,Primary,1,1,1,400.0,True,True,0.001044004601054954
Line.ln5472384-3,Primary,2,1,1,400.0,True,False,0.0010446074320329037
Line.ln6411388-1,Primary,1,1,1,400.0,True,True,0.00368167235235463
Line.ln6411388-1,Primary,2,1,1,400.0,True,False,0.003681893485046849
Line.ln6108128-2,Primary,1,1,3,400.0,True,True,0.0011837922016283886
Line.ln6108128-2,Primary,2,1,3,400.0,True,False,0.0011838622847941203
Line.ln6229807-1,Primary,1,1,1,400.0,True,True,0.11374141402913705
Line.ln6229807-1,Primary,1,2,2,400.0,True,True,0.1333000714783924
Line.ln6229807-1,Primary,1,3,3,400.0,True,True,0.10557170447862183
Line.ln6229807-1,Primary,2,1,1,400.0,True,False,0.11373533922272853
Line.ln6229807-1,Primary,2,2,2,400.0,True,False,0.13329540391163855
Line.ln6229807-1,Primary,2,3,3,400.0,True,False,0.10556368771146837
Line.ln5654466-1,Primary,1,1,1,400.0,True,True,0.8065099571275658
Line.ln5654466-1,Primary,1,2,2,400.0,True,True,0.7949608936209813
Line.ln5654466-1,Primary,1,3,3,400.0,True,True,0.7224088862442095
Line.ln5654466-1,Primary,2,1,1,400.0,True,False,0.8065103639653576
Line.ln5654466-1,Primary,2,2,2,400.0,True,False,0.7949613928792707
Line.ln5654466-1,Primary,2,3,3,400.0,True,False,0.7224082471390458
Line.ln6229792-1,Primary,1,1,3,400.0,True,True,0.0011943461386190208
Line.ln6229792-1,Primary,2,1,3,400.0,True,False,0.0011951698489450695
Line.ln5958700-3,Primary,1,1,1,400.0,True,True,0.003801550681854107
Line.ln5958700-3,Primary,2,1,1,400.0,True,False,0.003802647244419569
Line.ln6047606-1,Primary,1,1,3,400.0,True,True,0.0043669936011568825
Line.ln6047606-1,Primary,2,1,3,400.0,True,False,0.004367376081917934
Line.ln5562961-1,Primary,1,1,3,400.0,True,True,0.0012001589365109445
Line.ln5562961-1,Primary,2,1,3,400.0,True,False,0.0012008868066066406
Line.ln6298585-2,Primary,1,1,1,400.0,True,True,0.0339284582749016
Line.ln6298585-2,Primary,1,2,2,400.0,True,True,0.09721041221917494
Line.ln6298585-2,Primary,1,3,3,400.0,True,True,0.012255226042851458
Line.ln6298585-2,Primary,2,1,1,400.0,True,False,0.03392849637487674
Line.ln6298585-2,Primary,2,2,2,400.0,True,False,0.09721045369650609
Line.ln6298585-2,Primary,2,3,3,400.0,True,False,0.012255251876541903
Line.ln6169250-1,Primary,1,1,1,400.0,True,True,0.04918004985755561
Line.ln6169250-1,Primary,1,2,2,400.0,True,True,0.03149982690799579
Line.ln6169250-1,Primary,1,3,3,400.0,True,True,0.04008319090548295
Line.ln6169250-1,Primary,2,1,1,400.0,True,False,0.04918112793700888
Line.ln6169250-1,Primary,2,2,2,400.0,True,False,0.03150107565348558
Line.ln6169250-1,Primary,2,3,3,400.0,True,False,0.04008394404806856
Line.ln6167751-3,Primary,1,1,1,400.0,True,True,0.017938137931373867
Line.ln6167751-3,Primary,2,1,1,400.0,True,False,0.01793884347371744
Line.ln6900591-28,Primary,1,1,1,400.0,True,True,0.021261619026652752
Line.ln6900591-28,Primary,2,1,1,400.0,True,False,0.021261695050497666
Line.ln5775370-1,Primary,1,1,3,400.0,True,True,0.033825553479534906
Line.ln5775370-1,Primary,2,1,3,400.0,True,False,0.0338264318626356
Line.ln5502530-1,Primary,1,1,2,400.0,True,True,0.050488978184396176
Line.ln5502530-1,Primary,2,1,2,400.0,True,False,0.050489685056623816
Line.ln5895775-1,Primary,1,1,3,400.0,True,True,0.02206710453029689
Line.ln5895775-1,Primary,2,1,3,400.0,True,False,0.022068710322243335
Line.ln6352699-1,Primary,1,1,1,400.0,True,True,0.03272250766130333
Line.ln6352699-1,Primary,1,2,2,400.0,True,True,0.06108119890756424
Line.ln6352699-1,Primary,1,3,3,400.0,True,True,0.025107903832887093
Line.ln6352699-1,Primary,2,1,1,400.0,True,False,0.032722627280552224
Line.ln6352699-1,Primary,2,2,2,400.0,True,False,0.061081327291950566
Line.ln6352699-1,Primary,2,3,3,400.0,True,False,0.0251079883019112
Line.ln5714057-1,Primary,1,1,1,400.0,True,True,0.01966707905105793
Line.ln5714057-1,Primary,2,1,1,400.0,True,False,0.019667405470838208
Line.ln5739003-1,Primary,1,1,1,400.0,True,True,0.0046090923008916575
Line.ln5739003-1,Primary,2,1,1,400.0,True,False,0.004609794851929916
Line.ln6169266-1,Primary,1,1,2,400.0,True,True,0.002897854599926533
Line.ln6169266-1,Primary,2,1,2,400.0,True,False,0.0028982654979400834
Line.ln5774450-1,Primary,1,1,1,400.0,True,True,0.0026200115589060254
Line.ln5774450-1,Primary,2,1,1,400.0,True,False,0.002621143710428239
Line.ln5714054-1,Primary,1,1,3,400.0,True,True,0.0023806597147836795
Line.ln5714054-1,Primary,2,1,3,400.0,True,False,0.002381782378180957
Line.ln5805762-1,Primary,1,1,1,400.0,True,True,0.7573165599663418
Line.ln5805762-1,Primary,1,2,2,400.0,True,True,0.7618459169186482
Line.ln5805762-1,Primary,1,3,3,400.0,True,True,0.689028651486698
Line.ln5805762-1,Primary,2,1,1,400.0,True,False,0.7573166745456109
Line.ln5805762-1,Primary,2,2,2,400.0,True,False,0.7618461426765195
Line.ln5805762-1,Primary,2,3,3,400.0,True,False,0.6890278540971968
Line.ln6015793-1,Primary,1,1,2,400.0,True,True,0.0019168663491277525
Line.ln6015793-1,Primary,2,1,2,400.0,True,False,0.0019179960270748187
Line.ln5652983-1,Primary,1,1,1,400.0,True,True,0.0010540436858913322
Line.ln5652983-1,Primary,2,1,1,400.0,True,False,0.0010544089107814645
Line.ln5774447-1,Primary,1,1,2,400.0,True,True,0.03423054151325529
Line.ln5774447-1,Primary,2,1,2,400.0,True,False,0.03423156045664549
Line.ln5740282-1,Primary,1,1,3,400.0,True,True,0.006945721653705608
Line.ln5740282-1,Primary,2,1,3,400.0,True,False,0.006946739483233153
Line.ln5472348-1,Primary,1,1,3,400.0,True,True,0.03532230652632206
Line.ln5472348-1,Primary,2,1,3,400.0,True,False,0.03532526645198714
Line.ln5865246-3,Primary,1,1,1,400.0,True,True,0.0017707232661203333
Line.ln5865246-3,Primary,2,1,1,400.0,True,False,0.001771004935812767
Line.ln5683814-1,Primary,1,1,1,400.0,True,True,0.0017574936293451445
Line.ln5683814-1,Primary,2,1,1,400.0,True,False,0.001758224226662346
Line.ln5535142-1,Primary,1,1,2,400.0,True,True,0.013972375861263063
Line.ln5535142-1,Primary,2,1,2,400.0,True,False,0.013972453110755473
Line.ln5744335-1,Primary,1,1,1,400.0,True,True,0.049173252772776344
Line.ln5744335-1,Primary,1,2,2,400.0,True,True,0.03918434885244212
Line.ln5744335-1,Primary,1,3,3,400.0,True,True,0.040078445297891944
Line.ln5744335-1,Primary,2,1,1,400.0,True,False,0.04917373323915961
Line.ln5744335-1,Primary,2,2,2,400.0,True,False,0.039184899468582716
Line.ln5744335-1,Primary,2,3,3,400.0,True,False,0.04007878057944383
Line.ln5986962-1,Primary,1,1,1,400.0,True,True,0.008653244009653905
Line.ln5986962-1,Primary,2,1,1,400.0,True,False,0.008654287872582926
Line.ln5715017-1,Primary,1,1,3,400.0,True,True,0.003582415015737776
Line.ln5715017-1,Primary,2,1,3,400.0,True,False,0.0035832283805456904
Line.ln6108131-1,Primary,1,1,1,400.0,True,True,0.04176818171195765
Line.ln6108131-1,Primary,1,2,2,400.0,True,True,0.027280743774065305
Line.ln6108131-1,Primary,1,3,3,400.0,True,True,0.03929362880645193
Line.ln6108131-1,Primary,2,1,1,400.0,True,False,0.041769919918505455
Line.ln6108131-1,Primary,2,2,2,400.0,True,False,0.02728276530595192
Line.ln6108131-1,Primary,2,3,3,400.0,True,False,0.03929484084085457
Line.ln6258453-1,Primary,1,1,3,400.0,True,True,0.0035549051329137327
Line.ln6258453-1,Primary,2,1,3,400.0,True,False,0.0035553207898357756
Line.ln6138599-1,Primary,1,1,3,400.0,True,True,0.011183363568504063
Line.ln6138599-1,Primary,2,1,3,400.0,True,False,0.01118494055148726
Line.ln5986928-1,Primary,1,1,2,400.0,True,True,0.048164044104606486
Line.ln5986928-1,Primary,2,1,2,400.0,True,False,0.04816456139622118
Line.ln81353934-3,Primary,1,1,3,220.0,True,True,0.005384553340413873
Line.ln81353934-3,Primary,2,1,3,220.0,True,False,0.005388202995101495
Line.ln6200442-1,Primary,1,1,3,400.0,True,True,0.001191462790212363
Line.ln6200442-1,Primary,2,1,3,400.0,True,False,0.001192454494081171
Line.ln6138595-1,Primary,1,1,1,400.0,True,True,0.4183877870958988
Line.ln6138595-1,Primary,1,2,2,400.0,True,True,0.4326893746740359
Line.ln6138595-1,Primary,1,3,3,400.0,True,True,0.3129677500586202
Line.ln6138595-1,Primary,2,1,1,400.0,True,False,0.418387771927778
Line.ln6138595-1,Primary,2,2,2,400.0,True,False,0.43268938081711317
Line.ln6138595-1,Primary,2,3,3,400.0,True,False,0.31296740903420767
Line.ln5927296-1,Primary,1,1,1,400.0,True,True,0.5505285296184455
Line.ln5927296-1,Primary,1,2,2,400.0,True,True,0.5406348281543892
Line.ln5927296-1,Primary,1,3,3,400.0,True,True,0.39279517273780007
Line.ln5927296-1,Primary,2,1,1,400.0,True,False,0.5505286968276273
Line.ln5927296-1,Primary,2,2,2,400.0,True,False,0.5406350443071127
Line.ln5927296-1,Primary,2,3,3,400.0,True,False,0.3927948462782772
Line.ln6015890-1,Primary,1,1,1,400.0,True,True,0.001734082569349638
Line.ln6015890-1,Primary,2,1,1,400.0,True,False,0.001734272980800867
Line.ln6139645-1,Primary,1,1,2,400.0,True,True,0.001923812259723549
Line.ln6139645-1,Primary,2,1,2,400.0,True,False,0.0019241113918258392
Line.ln6290214-1,Primary,1,1,3,400.0,True,True,0.0011965442601063806
Line.ln6290214-1,Primary,2,1,3,400.0,True,False,0.0011966395933729187
Line.ln81037792-1,Primary,1,1,3,220.0,True,True,0.055142799042534635
Line.ln81037792-1,Primary,2,1,3,220.0,True,False,0.05514406138071648
Line.ln5501096-1,Primary,1,1,2,400.0,True,True,0.0011484278914096382
Line.ln5501096-1,Primary,2,1,2,400.0,True,False,0.001149476151298074
Line.ln5756001-1,Primary,1,1,1,400.0,True,True,0.0010463669341712
Line.ln5756001-1,Primary,2,1,1,400.0,True,False,0.001046628998985027
Line.ln6380821-3,Primary,1,1,2,400.0,True,True,0.03641101288975491
Line.ln6380821-3,Primary,2,1,2,400.0,True,False,0.03641255890827685
Line.ln5957413-1,Primary,1,1,3,400.0,True,True,0.001978597625439421
Line.ln5957413-1,Primary,2,1,3,400.0,True,False,0.0019796938373336146
Line.ln6411378-1,Primary,1,1,3,400.0,True,True,0.0011967861928726458
Line.ln6411378-1,Primary,2,1,3,400.0,True,False,0.0011985216632207924
Line.ln5653478-1,Primary,1,1,2,400.0,True,True,0.00498187959459585
Line.ln5653478-1,Primary,2,1,2,400.0,True,False,0.0049822706516006645
Line.ln5803302-1,Primary,1,1,1,400.0,True,True,0.0010668319130703364
Line.ln5803302-1,Primary,2,1,1,400.0,True,False,0.0010675299376968522
Line.ln5987964-1,Primary,1,1,2,400.0,True,True,0.002850825822276036
Line.ln5987964-1,Primary,2,1,2,400.0,True,False,0.002852228158661671
Line.ln5649275-1,Primary,1,1,1,400.0,True,True,0.08646341981037953
Line.ln5649275-1,Primary,1,2,2,400.0,True,True,0.025759455877151765
Line.ln5649275-1,Primary,1,3,3,400.0,True,True,0.046709885480134605
Line.ln5649275-1,Primary,2,1,1,400.0,True,False,0.08646346976450521
Line.ln5649275-1,Primary,2,2,2,400.0,True,False,0.025759509711513
Line.ln5649275-1,Primary,2,3,3,400.0,True,False,0.04670992018295623
Line.ln6259995-1,Primary,1,1,1,400.0,True,True,0.13796102768588478
Line.ln6259995-1,Primary,1,2,2,400.0,True,True,0.1499488928947548
Line.ln6259995-1,Primary,1,3,3,400.0,True,True,0.138069177646885
Line.ln6259995-1,Primary,2,1,1,400.0,True,False,0.1379570763302968
Line.ln6259995-1,Primary,2,2,2,400.0,True,False,0.14994538813119546
Line.ln6259995-1,Primary,2,3,3,400.0,True,False,0.13806459983163688
Line.ln5528079-3,Primary,1,1,1,400.0,True,True,0.015125260406527062
Line.ln5528079-3,Primary,2,1,1,400.0,True,False,0.015125972700880412
Line.ln5623407-1,Primary,1,1,2,400.0,True,True,0.0019343689060987673
Line.ln5623407-1,Primary,2,1,2,400.0,True,False,0.0019354123707123068
Line.ln5895805-1,Primary,1,1,2,400.0,True,True,0.02535552123426665
Line.ln5895805-1,Primary,2,1,2,400.0,True,False,0.025357613040681518
Line.ln5503478-2,Primary,1,1,1,400.0,True,True,0.0017863047657027922
Line.ln5503478-2,Primary,2,1,1,400.0,True,False,0.0017863880033024066
Line.ln8979358-3,Primary,1,1,3,220.0,True,True,0.0072705049540386325
Line.ln8979358-3,Primary,2,1,3,220.0,True,False,0.0072885324454773056
Line.ln5833631-1,Primary,1,1,3,400.0,True,True,0.0029984546074850126
Line.ln5833631-1,Primary,2,1,3,400.0,True,False,0.0030012087548006066
Line.ln5532733-1,Primary,1,1,2,400.0,True,True,0.0019467831141072888
Line.ln5532733-1,Primary,2,1,2,400.0,True,False,0.001947310985370611
Line.ln6321427-1,Primary,1,1,1,400.0,True,True,0.1575725855362302
Line.ln6321427-1,Primary,1,2,2,400.0,True,True,0.17354805581274702
Line.ln6321427-1,Primary,1,3,3,400.0,True,True,0.1552878552173125
Line.ln6321427-1,Primary,2,1,1,400.0,True,False,0.15756953096367032
Line.ln6321427-1,Primary,2,2,2,400.0,True,False,0.17354542802230238
Line.ln6321427-1,Primary,2,3,3,400.0,True,False,0.15528386542273898
Line.ln5714041-1,Primary,1,1,2,400.0,True,True,0.003092925040927387
Line.ln5714041-1,Primary,2,1,2,400.0,True,False,0.0030936429138271795
Line.ln6320334-1,Primary,1,1,2,400.0,True,True,0.03305371072988722
Line.ln6320334-1,Primary,2,1,2,400.0,True,False,0.033054942902098025
Line.a8645_48332_sw,Primary,1,1,1,400.0,True,True,0.16181838893899037
Line.a8645_48332_sw,Primary,1,2,2,400.0,True,True,0.17356114835051537
Line.a8645_48332_sw,Primary,1,3,3,400.0,True,True,0.2227987073904056
Line.a8645_48332_sw,Primary,2,1,1,400.0,True,False,0.16181838573769006
Line.a8645_48332_sw,Primary,2,2,2,400.0,True,False,0.1735611456062348
Line.a8645_48332_sw,Primary,2,3,3,400.0,True,False,0.22279870574959976
Line.ln5958866-1,Primary,1,1,1,400.0,True,True,0.1618233487717905
Line.ln5958866-1,Primary,1,2,2,400.0,True,True,0.17356564265211372
Line.ln5958866-1,Primary,1,3,3,400.0,True,True,0.2228025046019848
Line.ln5958866-1,Primary,2,1,1,400.0,True,False,0.16181838893986517
Line.ln5958866-1,Primary,2,2,2,400.0,True,False,0.17356114834909406
Line.ln5958866-1,Primary,2,3,3,400.0,True,False,0.2227987073902791
Line.ln6163390-1,Primary,1,1,1,400.0,True,True,0.1705439172193102
Line.ln6163390-1,Primary,1,2,2,400.0,True,True,0.12136774845025095
Line.ln6163390-1,Primary,1,3,3,400.0,True,True,0.10501888755617277
Line.ln6163390-1,Primary,2,1,1,400.0,True,False,0.17054653638977343
Line.ln6163390-1,Primary,2,2,2,400.0,True,False,0.12137059991701982
Line.ln6163390-1,Primary,2,3,3,400.0,True,False,0.10502064270141143
Line.ln81048110-1,Primary,1,1,1,220.0,True,True,0.01636991300246652
Line.ln81048110-1,Primary,2,1,1,220.0,True,False,0.016373417735420937
Line.ln6349988-1,Primary,1,1,1,400.0,True,True,0.0028115001718100187
Line.ln6349988-1,Primary,2,1,1,400.0,True,False,0.0028127512219462123
Line.ln5528572-2,Primary,1,1,1,400.0,True,True,0.004176930659157481
Line.ln5528572-2,Primary,2,1,1,400.0,True,False,0.004177096226430489
Line.ln247162,Primary,1,1,2,400.0,True,True,0.0011491773830897447
Line.ln247162,Primary,2,1,2,400.0,True,False,0.0011495415487296893
Line.ln5965099-11,Primary,1,1,1,400.0,True,True,0.006996401128036229
Line.ln5965099-11,Primary,1,2,2,400.0,True,True,9.355493223141124e-06
Line.ln5965099-11,Primary,1,3,3,400.0,True,True,0.050401006716719356
Line.ln5965099-11,Primary,2,1,1,400.0,True,False,0.0069970024585469
Line.ln5965099-11,Primary,2,2,2,400.0,True,False,7.0506938096395e-06
Line.ln5965099-11,Primary,2,3,3,400.0,True,False,0.05040143126809811
Line.ln5562928-1,Primary,1,1,2,400.0,True,True,0.04310629810026159
Line.ln5562928-1,Primary,2,1,2,400.0,True,False,0.043108029439677266
Line.ln5683857-1,Primary,1,1,1,400.0,True,True,0.0036868848605824604
Line.ln5683857-1,Primary,2,1,1,400.0,True,False,0.0036890180254044386
Line.ln6262235-1,Primary,1,1,3,400.0,True,True,0.0011909516733271154
Line.ln6262235-1,Primary,2,1,3,400.0,True,False,0.0011927245348410532
Line.ln6169252-1,Primary,1,1,1,400.0,True,True,0.17054148392578689
Line.ln6169252-1,Primary,1,2,2,400.0,True,True,0.1232675009139705
Line.ln6169252-1,Primary,1,3,3,400.0,True,True,0.10798200935345767
Line.ln6169252-1,Primary,2,1,1,400.0,True,False,0.17054191800781804
Line.ln6169252-1,Primary,2,2,2,400.0,True,False,0.12326797270703847
Line.ln6169252-1,Primary,2,3,3,400.0,True,False,0.10798229990190311
Line.ln6392124-1,Primary,1,1,1,400.0,True,True,0.004546598032190024
Line.ln6392124-1,Primary,2,1,1,400.0,True,False,0.004546683476742054
Line.ln5532739-1,Primary,1,1,1,400.0,True,True,0.014239362907816345
Line.ln5532739-1,Primary,2,1,1,400.0,True,False,0.0142401863861607
Line.ln5768778-1,Primary,1,1,1,400.0,True,True,0.010320454619275367
Line.ln5768778-1,Primary,2,1,1,400.0,True,False,0.010322545891314079
Line.ln5957494-1,Primary,1,1,1,400.0,True,True,1.9922481164417236e-05
Line.ln5957494-1,Primary,1,2,2,400.0,True,True,0.006884270564622348
Line.ln5957494-1,Primary,1,3,3,400.0,True,True,2.0866287270960342e-05
Line.ln5957494-1,Primary,2,1,1,400.0,True,False,1.4320036511095763e-14
Line.ln5957494-1,Primary,2,2,2,400.0,True,False,0.006890388491051153
Line.ln5957494-1,Primary,2,3,3,400.0,True,False,1.8189894035458565e-14
Line.ln5472351-1,Primary,1,1,1,400.0,True,True,0.014738828757112313
Line.ln5472351-1,Primary,2,1,1,400.0,True,False,0.014739737820370106
Line.ln6108140-3,Primary,1,1,1,400.0,True,True,0.0017794291500684207
Line.ln6108140-3,Primary,2,1,1,400.0,True,False,0.0017799080803860665
Line.ln6201698-3,Primary,1,1,2,400.0,True,True,0.0019027089786236623
Line.ln6201698-3,Primary,2,1,2,400.0,True,False,0.0019032238731670167
Line.ln6350570-1,Primary,1,1,2,400.0,True,True,0.0019414278129148124
Line.ln6350570-1,Primary,2,1,2,400.0,True,False,0.0019429518849584627
Line.ln6290241-1,Primary,1,1,1,400.0,True,True,0.00617371532502416
Line.ln6290241-1,Primary,2,1,1,400.0,True,False,0.00617458676555181
Line.ln5562920-1,Primary,1,1,2,400.0,True,True,0.0019536060219236913
Line.ln5562920-1,Primary,2,1,2,400.0,True,False,0.001955239404155304
Line.ln6108137-1,Primary,1,1,3,400.0,True,True,0.039029004445835264
Line.ln6108137-1,Primary,2,1,3,400.0,True,False,0.03902988726942962
Line.ln5621885-1,Primary,1,1,1,400.0,True,True,0.0010661079510825937
Line.ln5621885-1,Primary,2,1,1,400.0,True,False,0.0010665537726072185
Line.ln5926298-1,Primary,1,1,1,400.0,True,True,0.0028122005096423465
Line.ln5926298-1,Primary,2,1,1,400.0,True,False,0.002813023091276319
Line.ln5686245-2,Primary,1,1,1,400.0,True,True,0.003678083504942019
Line.ln5686245-2,Primary,2,1,1,400.0,True,False,0.00367820178075092
Line.ln6991377-16,Primary,1,1,1,400.0,True,True,0.023873440814123296
Line.ln6991377-16,Primary,2,1,1,400.0,True,False,0.023873501701991828
Line.ln8968081-1,Primary,1,1,2,220.0,True,True,0.010438511951595232
Line.ln8968081-1,Primary,2,1,2,220.0,True,False,0.01043871945119092
Line.ln5957496-1,Primary,1,1,3,400.0,True,True,0.0011867377002012685
Line.ln5957496-1,Primary,2,1,3,400.0,True,False,0.0011873758769659877
Line.ln6229829-3,Primary,1,1,1,400.0,True,True,0.008744740728123597
Line.ln6229829-3,Primary,1,2,2,400.0,True,True,0.06756945690273486
Line.ln6229829-3,Primary,1,3,3,400.0,True,True,0.05359259891807076
Line.ln6229829-3,Primary,2,1,1,400.0,True,False,0.008745042932851886
Line.ln6229829-3,Primary,2,2,2,400.0,True,False,0.06756980245565808
Line.ln6229829-3,Primary,2,3,3,400.0,True,False,0.05359281181141567
Line.ln8979344-1,Primary,1,1,3,220.0,True,True,0.01638813379954275
Line.ln8979344-1,Primary,2,1,3,220.0,True,False,0.016388719084725518
Line.ln5774488-1,Primary,1,1,3,400.0,True,True,0.0020078934790913484
Line.ln5774488-1,Primary,2,1,3,400.0,True,False,0.0020085242339210126
Line.ln5744340-1,Primary,1,1,1,400.0,True,True,0.018616215225477697
Line.ln5744340-1,Primary,2,1,1,400.0,True,False,0.01861702695746556
Line.ln5593253-1,Primary,1,1,1,400.0,True,True,0.04900180610872967
Line.ln5593253-1,Primary,1,2,2,400.0,True,True,0.06343658462251288
Line.ln5593253-1,Primary,1,3,3,400.0,True,True,0.026413832048593888
Line.ln5593253-1,Primary,2,1,1,400.0,True,False,0.04900208645363859
Line.ln5593253-1,Primary,2,2,2,400.0,True,False,0.06343688758892467
Line.ln5593253-1,Primary,2,3,3,400.0,True,False,0.026414034464271055
Line.ln8979251-2,Primary,1,1,1,190.0,True,True,0.007529566954708752
Line.ln8979251-2,Primary,1,2,2,190.0,True,True,0.008233830436485278
Line.ln8979251-2,Primary,1,3,3,190.0,True,True,0.008353954002841744
Line.ln8979251-2,Primary,2,1,1,190.0,True,False,0.0075357854632113475
Line.ln8979251-2,Primary,2,2,2,190.0,True,False,0.008240156632320857
Line.ln8979251-2,Primary,2,3,3,190.0,True,False,0.008360340245277422
Line.ln6199511-1,Primary,1,1,3,400.0,True,True,0.0020032260498801515
Line.ln6199511-1,Primary,2,1,3,400.0,True,False,0.0020047465124153722
Line.ln6379450-2,Primary,1,1,1,400.0,True,True,6.158396257578593e-06
Line.ln6379450-2,Primary,2,1,1,400.0,True,False,5.406237045945641e-06
Line.ln5562923-1,Primary,1,1,3,400.0,True,True,0.007422399719416395
Line.ln5562923-1,Primary,2,1,3,400.0,True,False,0.007422736761638542
Line.ln5776833-1,Primary,1,1,3,400.0,True,True,0.0082884311425835
Line.ln5776833-1,Primary,2,1,3,400.0,True,False,0.008288534056349207
Line.ln6290201-1,Primary,1,1,3,400.0,True,True,7.44160855709975e-06
Line.ln6290201-1,Primary,2,1,3,400.0,True,False,2.2737367544323207e-14
Line.ln5644817-1,Primary,1,1,2,400.0,True,True,0.004877382226569568
Line.ln5644817-1,Primary,2,1,2,400.0,True,False,0.004877539457779008
Line.ln6259989-1,Primary,1,1,1,400.0,True,True,0.011926988434976962
Line.ln6259989-1,Primary,1,2,2,400.0,True,True,0.09339429908573985
Line.ln6259989-1,Primary,1,3,3,400.0,True,True,4.749776342166894e-06
Line.ln6259989-1,Primary,2,1,1,400.0,True,False,0.011928307525726791
Line.ln6259989-1,Primary,2,2,2,400.0,True,False,0.09339573067372604
Line.ln6259989-1,Primary,2,3,3,400.0,True,False,7.332580706405268e-14
Line.ln5502534-1,Primary,1,1,1,400.0,True,True,1.2017209223884442e-05
Line.ln5502534-1,Primary,2,1,1,400.0,True,False,9.95591776656404e-06
Line.ln5807070-1,Primary,1,1,1,400.0,True,True,0.5349341902909426
Line.ln5807070-1,Primary,1,2,2,400.0,True,True,0.5176757219874165
Line.ln5807070-1,Primary,1,3,3,400.0,True,True,0.3678095102104627
Line.ln5807070-1,Primary,2,1,1,400.0,True,False,0.5349342172980098
Line.ln5807070-1,Primary,2,2,2,400.0,True,False,0.5176757566083804
Line.ln5807070-1,Primary,2,3,3,400.0,True,False,0.36780943743247546
Line.ln6030576-1,Primary,1,1,3,400.0,True,True,0.002978978565095335
Line.ln6030576-1,Primary,2,1,3,400.0,True,False,0.002984658096283187
Line.ln6290202-1,Primary,1,1,1,400.0,True,True,0.002634308496875558
Line.ln6290202-1,Primary,2,1,1,400.0,True,False,0.002634983433305217
Line.ln5532788-3,Primary,1,1,3,400.0,True,True,0.0011977231480779923
Line.ln5532788-3,Primary,2,1,3,400.0,True,False,0.0011982591568612166
Line.ln5588016-4,Primary,1,1,2,400.0,True,True,0.02127564579551563
Line.ln5588016-4,Primary,2,1,2,400.0,True,False,0.021276408456148407
Line.ln6411379-1,Primary,1,1,3,400.0,True,True,0.0019977600862412237
Line.ln6411379-1,Primary,2,1,3,400.0,True,False,0.00199873439709583
Line.ln5651977-2,Primary,1,1,1,400.0,True,True,0.0036798841146340206
Line.ln5651977-2,Primary,2,1,1,400.0,True,False,0.003680565192367081
Line.ln6140775-3,Primary,1,1,3,400.0,True,True,0.0023733270033227914
Line.ln6140775-3,Primary,2,1,3,400.0,True,False,0.0023766051716886667
Line.ln6108150-2,Primary,1,1,1,400.0,True,True,0.043414776737665674
Line.ln6108150-2,Primary,1,2,2,400.0,True,True,0.020979569371929532
Line.ln6108150-2,Primary,1,3,3,400.0,True,True,0.039956003987879074
Line.ln6108150-2,Primary,2,1,1,400.0,True,False,0.04341498681635124
Line.ln6108150-2,Primary,2,2,2,400.0,True,False,0.020979797692493096
Line.ln6108150-2,Primary,2,3,3,400.0,True,False,0.03995614974348857
Line.ln6138640-1,Primary,1,1,1,400.0,True,True,0.0027882499648659727
Line.ln6138640-1,Primary,2,1,1,400.0,True,False,0.0027890301917268974
Line.ln6167731-2,Primary,1,1,1,400.0,True,True,0.42729268553171207
Line.ln6167731-2,Primary,1,2,2,400.0,True,True,0.43268774928103004
Line.ln6167731-2,Primary,1,3,3,400.0,True,True,0.32456406444404867
Line.ln6167731-2,Primary,2,1,1,400.0,True,False,0.42729286060386173
Line.ln6167731-2,Primary,2,2,2,400.0,True,False,0.4326882009022791
Line.ln6167731-2,Primary,2,3,3,400.0,True,False,0.324557913122623
Line.ln5895815-1,Primary,1,1,2,400.0,True,True,0.03509319011557059
Line.ln5895815-1,Primary,2,1,2,400.0,True,False,0.03509429930942856
Line.ln6108144-1,Primary,1,1,1,400.0,True,True,0.0864640651626785
Line.ln6108144-1,Primary,1,2,2,400.0,True,True,0.02576015150519679
Line.ln6108144-1,Primary,1,3,3,400.0,True,True,0.044326289971494515
Line.ln6108144-1,Primary,2,1,1,400.0,True,False,0.08646550885857826
Line.ln6108144-1,Primary,2,2,2,400.0,True,False,0.025761708785488956
Line.ln6108144-1,Primary,2,3,3,400.0,True,False,0.04432729364191429
Line.ln6380818-1,Primary,1,1,1,400.0,True,True,0.0053128983105689975
Line.ln6380818-1,Primary,1,2,2,400.0,True,True,4.4838033436355233e-05
Line.ln6380818-1,Primary,1,3,3,400.0,True,True,0.013332236075146775
Line.ln6380818-1,Primary,2,1,1,400.0,True,False,0.005313810527507915
Line.ln6380818-1,Primary,2,2,2,400.0,True,False,4.148722008179883e-05
Line.ln6380818-1,Primary,2,3,3,400.0,True,False,0.013332862827311187
Line.ln6290228-2,Primary,1,1,1,400.0,True,True,0.3990513999772139
Line.ln6290228-2,Primary,1,2,2,400.0,True,True,0.3561546136164528
Line.ln6290228-2,Primary,1,3,3,400.0,True,True,0.30413338744637364
Line.ln6290228-2,Primary,2,1,1,400.0,True,False,0.3990513659258971
Line.ln6290228-2,Primary,2,2,2,400.0,True,False,0.35615454292007365
Line.ln6290228-2,Primary,2,3,3,400.0,True,False,0.3041331309218003
Line.ln6351518-1,Primary,1,1,2,400.0,True,True,0.002263987357198658
Line.ln6351518-1,Primary,2,1,2,400.0,True,False,0.002265796008682452
Line.ln5956468-1,Primary,1,1,3,400.0,True,True,0.003189249813310154
Line.ln5956468-1,Primary,2,1,3,400.0,True,False,0.003189707183284265
Line.ln5679261-2,Primary,1,1,1,400.0,True,True,0.0010527265392862649
Line.ln5679261-2,Primary,2,1,1,400.0,True,False,0.001052807439150419
Line.ln6201696-3,Primary,1,1,3,400.0,True,True,0.0029791447668007964
Line.ln6201696-3,Primary,2,1,3,400.0,True,False,0.002979604905843392
Line.ln6411374-1,Primary,1,1,1,400.0,True,True,0.004613723292134508
Line.ln6411374-1,Primary,2,1,1,400.0,True,False,0.00461470471944035
Line.ln5472363-1,Primary,1,1,1,400.0,True,True,9.955917709770527e-06
Line.ln5472363-1,Primary,2,1,1,400.0,True,False,5.8426978238573306e-06
Line.ln5624289-1,Primary,1,1,2,400.0,True,True,0.0019235193466284612
Line.ln5624289-1,Primary,2,1,2,400.0,True,False,0.0019244408142072111
Line.ln5576174-2,Primary,1,1,1,400.0,True,True,0.4818287186682968
Line.ln5576174-2,Primary,1,2,2,400.0,True,True,0.45391887931968256
Line.ln5576174-2,Primary,1,3,3,400.0,True,True,0.34317825853163164
Line.ln5576174-2,Primary,2,1,1,400.0,True,False,0.48182883469821286
Line.ln5576174-2,Primary,2,2,2,400.0,True,False,0.45391902456266914
Line.ln5576174-2,Primary,2,3,3,400.0,True,False,0.34317759616203
Line.ln6900591-22,Primary,1,1,1,400.0,True,True,0.0010480313685559146
Line.ln6900591-22,Primary,2,1,1,400.0,True,False,0.0010488353803303002
Line.ln6351511-1,Primary,1,1,1,400.0,True,True,0.16182535790567013
Line.ln6351511-1,Primary,1,2,2,400.0,True,True,0.17356746299713166
Line.ln6351511-1,Primary,1,3,3,400.0,True,True,0.2245709076798474
Line.ln6351511-1,Primary,2,1,1,400.0,True,False,0.16182334877167395
Line.ln6351511-1,Primary,2,2,2,400.0,True,False,0.17356564265227553
Line.ln6351511-1,Primary,2,3,3,400.0,True,False,0.2245693923304556
Line.ln81354564-10,Primary,1,1,3,220.0,True,True,0.02903318778849368
Line.ln81354564-10,Primary,2,1,3,220.0,True,False,0.02903434529014021
Line.ln5511594-2,Primary,1,1,1,400.0,True,True,0.0017541556487120286
Line.ln5511594-2,Primary,2,1,1,400.0,True,False,0.0017553043136039317
Line.ln5472370-1,Primary,1,1,1,400.0,True,True,0.055264513138248844
Line.ln5472370-1,Primary,1,2,2,400.0,True,True,0.06861753545028755
Line.ln5472370-1,Primary,1,3,3,400.0,True,True,0.026408658382256457
Line.ln5472370-1,Primary,2,1,1,400.0,True,False,0.05526609674527671
Line.ln5472370-1,Primary,2,2,2,400.0,True,False,0.06861924603554517
Line.ln5472370-1,Primary,2,3,3,400.0,True,False,0.026409795381022234
Line.ln6496337-2,Primary,1,1,2,400.0,True,True,0.001156238243556477
Line.ln6496337-2,Primary,2,1,2,400.0,True,False,0.0011580999180983472
Line.ln5683819-1,Primary,1,1,1,400.0,True,True,0.031845081234584495
Line.ln5683819-1,Primary,1,2,2,400.0,True,True,0.015419325548155352
Line.ln5683819-1,Primary,1,3,3,400.0,True,True,0.0294537359042069
Line.ln5683819-1,Primary,2,1,1,400.0,True,False,0.031847033630568206
Line.ln5683819-1,Primary,2,2,2,400.0,True,False,0.015421552529634236
Line.ln5683819-1,Primary,2,3,3,400.0,True,False,0.0294550611449239
Line.ln6900591-27,Primary,1,1,1,400.0,True,True,0.011602594038222542
Line.ln6900591-27,Primary,2,1,1,400.0,True,False,0.01160332754730186
Line.ln6198050-1,Primary,1,1,1,400.0,True,True,0.0028455284675930497
Line.ln6198050-1,Primary,2,1,1,400.0,True,False,0.0028461565926928144
Line.ln5775368-1,Primary,1,1,2,400.0,True,True,0.005003733493016197
Line.ln5775368-1,Primary,2,1,2,400.0,True,False,0.005004082394029597
Line.ln5591284-2,Primary,1,1,1,400.0,True,True,0.0017627264173878446
Line.ln5591284-2,Primary,1,2,2,400.0,True,True,2.9147288669379464e-05
Line.ln5591284-2,Primary,1,3,3,400.0,True,True,0.008115301662764647
Line.ln5591284-2,Primary,2,1,1,400.0,True,False,0.0017640610929482348
Line.ln5591284-2,Primary,2,2,2,400.0,True,False,2.4144979230270544e-05
Line.ln5591284-2,Primary,2,3,3,400.0,True,False,0.00811623845107719
Line.ln6134514-1,Primary,1,1,1,400.0,True,True,0.08950915774436347
Line.ln6134514-1,Primary,1,2,2,400.0,True,True,0.110600560759822
Line.ln6134514-1,Primary,1,3,3,400.0,True,True,0.10353637156934069
Line.ln6134514-1,Primary,2,1,1,400.0,True,False,0.08950966759028199
Line.ln6134514-1,Primary,2,2,2,400.0,True,False,0.11060111817863644
Line.ln6134514-1,Primary,2,3,3,400.0,True,False,0.10353672056673052
Line.ln5561440-3,Primary,1,1,3,400.0,True,True,0.0011832535743175868
Line.ln5561440-3,Primary,2,1,3,400.0,True,False,0.0011834845159412
Line.ln6198013-1,Primary,1,1,1,400.0,True,True,0.0010469219401651863
Line.ln6198013-1,Primary,1,2,2,400.0,True,True,0.052673855523089126
Line.ln6198013-1,Primary,1,3,3,400.0,True,True,8.769963639175581e-06
Line.ln6198013-1,Primary,2,1,1,400.0,True,False,0.0010479766182609233
Line.ln6198013-1,Primary,2,2,2,400.0,True,False,0.05267502220219963
Line.ln6198013-1,Primary,2,3,3,400.0,True,False,4.849830886094603e-06
Line.ln5804789-1,Primary,1,1,3,400.0,True,True,0.026087601629174017
Line.ln5804789-1,Primary,2,1,3,400.0,True,False,0.026088094178615674
Line.v9109_48332_sw,Primary,1,1,1,400.0,True,True,0.002465861316826137
Line.v9109_48332_sw,Primary,2,1,1,400.0,True,False,0.002465863321764239
Line.ln6140776-1,Primary,1,1,1,400.0,True,True,0.0024657816706367634
Line.ln6140776-1,Primary,2,1,1,400.0,True,False,0.0024658613158565056
Line.ln5714045-1,Primary,1,1,3,400.0,True,True,0.0012056378370453146
Line.ln5714045-1,Primary,2,1,3,400.0,True,False,0.001206613019328636
Line.ln5502544-1,Primary,1,1,1,400.0,True,True,0.029625742126568048
Line.ln5502544-1,Primary,2,1,1,400.0,True,False,0.02962601247454441
Line.ln6129680-3,Primary,1,1,1,400.0,True,True,0.0010411250270595995
Line.ln6129680-3,Primary,2,1,1,400.0,True,False,0.0010415028617149424
Line.ln5532758-3,Primary,1,1,1,400.0,True,True,0.0942445044691902
Line.ln5532758-3,Primary,1,2,2,400.0,True,True,0.11080859674870791
Line.ln5532758-3,Primary,1,3,3,400.0,True,True,0.07349476975254533
Line.ln5532758-3,Primary,2,1,1,400.0,True,False,0.09424680779896613
Line.ln5532758-3,Primary,2,2,2,400.0,True,False,0.11081110125448523
Line.ln5532758-3,Primary,2,3,3,400.0,True,False,0.07349633087461355
Line.ln6411391-1,Primary,1,1,1,400.0,True,True,0.001740697069662518
Line.ln6411391-1,Primary,2,1,1,400.0,True,False,0.0017418707796908878
Line.ln5744331-1,Primary,1,1,3,400.0,True,True,0.0029918118394705773
Line.ln5744331-1,Primary,2,1,3,400.0,True,False,0.0029921744558339186
Line.ln5895767-1,Primary,1,1,1,400.0,True,True,0.0010519909284287792
Line.ln5895767-1,Primary,2,1,1,400.0,True,False,0.001052895444719796
Line.ln5776669-2,Primary,1,1,1,400.0,True,True,0.009954614987742649
Line.ln5776669-2,Primary,2,1,1,400.0,True,False,0.009954703775054915
Line.ln5624374-1,Primary,1,1,3,400.0,True,True,0.0011825810850520837
Line.ln5624374-1,Primary,2,1,3,400.0,True,False,0.0011835848172859315
Line.ln5653488-1,Primary,1,1,1,400.0,True,True,0.04176554386156514
Line.ln5653488-1,Primary,1,2,2,400.0,True,True,0.027277825052599236
Line.ln5653488-1,Primary,1,3,3,400.0,True,True,0.040091182830440726
Line.ln5653488-1,Primary,2,1,1,400.0,True,False,0.04176679498244847
Line.ln5653488-1,Primary,2,2,2,400.0,True,False,0.027279209205835143
Line.ln5653488-1,Primary,2,3,3,400.0,True,False,0.04009205487079005
Line.ln5714063-3,Primary,1,1,1,400.0,True,True,0.40912163873992347
Line.ln5714063-3,Primary,1,2,2,400.0,True,True,0.35686061982793815
Line.ln5714063-3,Primary,1,3,3,400.0,True,True,0.3048391965271775
Line.ln5714063-3,Primary,2,1,1,400.0,True,False,0.40912153814608987
Line.ln5714063-3,Primary,2,2,2,400.0,True,False,0.3568603135738437
Line.ln5714063-3,Primary,2,3,3,400.0,True,False,0.30483798223183756
Line.ln6025724-2,Primary,1,1,3,400.0,True,True,0.001189209088067405
Line.ln6025724-2,Primary,2,1,3,400.0,True,False,0.0011893377594367324
Line.ln5623404-1,Primary,1,1,3,400.0,True,True,0.0019902430110772568
Line.ln5623404-1,Primary,2,1,3,400.0,True,False,0.001991097337483037
Line.ln5745257-1,Primary,1,1,1,400.0,True,True,0.5408687179906976
Line.ln5745257-1,Primary,1,2,2,400.0,True,True,0.5233522467881744
Line.ln5745257-1,Primary,1,3,3,400.0,True,True,0.374547625309611
Line.ln5745257-1,Primary,2,1,1,400.0,True,False,0.5408697307484384
Line.ln5745257-1,Primary,2,2,2,400.0,True,False,0.5233535296919591
Line.ln5745257-1,Primary,2,3,3,400.0,True,False,0.37454517408854426
Line.ln5562940-1,Primary,1,1,1,400.0,True,True,0.002833433719174141
Line.ln5562940-1,Primary,2,1,1,400.0,True,False,0.0028337790259909804
Line.ln5479790-1,Primary,1,1,1,400.0,True,True,0.015811288540928756
Line.ln5479790-1,Primary,2,1,1,400.0,True,False,0.015813180060940984
Line.ln6258443-1,Primary,1,1,1,400.0,True,True,0.03882236001807574
Line.ln6258443-1,Primary,1,2,2,400.0,True,True,0.08789359545414623
Line.ln6258443-1,Primary,1,3,3,400.0,True,True,0.07066973322003356
Line.ln6258443-1,Primary,2,1,1,400.0,True,False,0.03882342496598987
Line.ln6258443-1,Primary,2,2,2,400.0,True,False,0.08789475634394238
Line.ln6258443-1,Primary,2,3,3,400.0,True,False,0.07067045864886225
Line.ln5985365-1,Primary,1,1,3,400.0,True,True,0.0039799073971998064
Line.ln5985365-1,Primary,2,1,3,400.0,True,False,0.003981657681360149
Line.ln5503480-1,Primary,1,1,1,400.0,True,True,0.47148194788648595
Line.ln5503480-1,Primary,1,2,2,400.0,True,True,0.4528054707908267
Line.ln5503480-1,Primary,1,3,3,400.0,True,True,0.3431736920353006
Line.ln5503480-1,Primary,2,1,1,400.0,True,False,0.47148219181134116
Line.ln5503480-1,Primary,2,2,2,400.0,True,False,0.45280583878596437
Line.ln5503480-1,Primary,2,3,3,400.0,True,False,0.34317186384735465
Line.ln6137084-2,Primary,1,1,1,400.0,True,True,3.2395941501376907e-06
Line.ln6137084-2,Primary,2,1,1,400.0,True,False,4.5474735088646414e-14
Line.ln6017312-1,Primary,1,1,2,400.0,True,True,0.008576552534786754
Line.ln6017312-1,Primary,2,1,2,400.0,True,False,0.00857700084828169
Line.ln6073575-3,Primary,1,1,1,400.0,True,True,0.08646027395873826
Line.ln6073575-3,Primary,1,2,2,400.0,True,True,0.02575606305756349
Line.ln6073575-3,Primary,1,3,3,400.0,True,True,0.04870573976310735
Line.ln6073575-3,Primary,2,1,1,400.0,True,False,0.0864610097190074
Line.ln6073575-3,Primary,2,2,2,400.0,True,False,0.025756856790067385
Line.ln6073575-3,Primary,2,3,3,400.0,True,False,0.048706243669331704
Line.ln5758684-1,Primary,1,1,1,400.0,True,True,0.0017799669580857052
Line.ln5758684-1,Primary,2,1,1,400.0,True,False,0.001780764461328437
Line.ln5532787-1,Primary,1,1,2,400.0,True,True,0.001959266864282043
Line.ln5532787-1,Primary,2,1,2,400.0,True,False,0.0019601637326357047
Line.ln6138606-1,Primary,1,1,3,400.0,True,True,0.0019861178804757742
Line.ln6138606-1,Primary,2,1,3,400.0,True,False,0.0019874314911163034
Line.ln5744329-1,Primary,1,1,3,400.0,True,True,0.0011978681028413296
Line.ln5744329-1,Primary,2,1,3,400.0,True,False,0.0011986388570285195
Line.ln5774469-1,Primary,1,1,3,400.0,True,True,0.001986167884588725
Line.ln5774469-1,Primary,2,1,3,400.0,True,False,0.001986265705356442
Line.ln6134514-2,Primary,1,1,1,400.0,True,True,0.08950757184552793
Line.ln6134514-2,Primary,1,2,2,400.0,True,True,0.11059826956658256
Line.ln6134514-2,Primary,1,3,3,400.0,True,True,0.10353528583964762
Line.ln6134514-2,Primary,2,1,1,400.0,True,False,0.08950915774419756
Line.ln6134514-2,Primary,2,2,2,400.0,True,False,0.1106000035088713
Line.ln6134514-2,Primary,2,3,3,400.0,True,False,0.10353637156945705
Line.ln5486878-2,Primary,1,1,1,400.0,True,True,0.0035642775288613504
Line.ln5486878-2,Primary,2,1,1,400.0,True,False,0.003565356113519182
Line.ln5829253-1,Primary,1,1,2,400.0,True,True,0.001928258226651995
Line.ln5829253-1,Primary,2,1,2,400.0,True,False,0.0019289653274329537
Line.ln6170292-1,Primary,1,1,2,400.0,True,True,0.0011484502207564809
Line.ln6170292-1,Primary,2,1,2,400.0,True,False,0.0011499750855772672
Line.ln5957526-1,Primary,1,1,1,400.0,True,True,0.7747570976783154
Line.ln5957526-1,Primary,1,2,2,400.0,True,True,0.7629487350300317
Line.ln5957526-1,Primary,1,3,3,400.0,True,True,0.689776829594052
Line.ln5957526-1,Primary,2,1,1,400.0,True,False,0.7747572156853821
Line.ln5957526-1,Primary,2,2,2,400.0,True,False,0.7629489010297742
Line.ln5957526-1,Primary,2,3,3,400.0,True,False,0.689776369562003
Line.ln5486878-1,Primary,1,1,1,400.0,True,True,0.005344278683311971
Line.ln5486878-1,Primary,2,1,1,400.0,True,False,0.005347192386988915
Line.ln5774470-3,Primary,1,1,1,400.0,True,True,0.03245327331189281
Line.ln5774470-3,Primary,2,1,1,400.0,True,False,0.03245348869448922
Line.ln6258440-1,Primary,1,1,2,400.0,True,True,0.04555807933531259
Line.ln6258440-1,Primary,2,1,2,400.0,True,False,0.045558169049765916
Line.g9343_48332_sw,Primary,1,1,1,400.0,True,True,0.009746308527716603
Line.g9343_48332_sw,Primary,1,2,2,400.0,True,True,0.07972556536062551
Line.g9343_48332_sw,Primary,1,3,3,400.0,True,True,0.007096916486334743
Line.g9343_48332_sw,Primary,2,1,1,400.0,True,False,0.009746310517959588
Line.g9343_48332_sw,Primary,2,2,2,400.0,True,False,0.07972556740569131
Line.g9343_48332_sw,Primary,2,3,3,400.0,True,False,0.00709691845016602
Line.ln5682346-3,Primary,1,1,1,400.0,True,True,0.00974479344022154
Line.ln5682346-3,Primary,1,2,2,400.0,True,True,0.07972386512617004
Line.ln5682346-3,Primary,1,3,3,400.0,True,True,0.007095961878482489
Line.ln5682346-3,Primary,2,1,1,400.0,True,False,0.009746308527260805
Line.ln5682346-3,Primary,2,2,2,400.0,True,False,0.07972556535681813
Line.ln5682346-3,Primary,2,3,3,400.0,True,False,0.007096916487239579
Line.ln6201697-1,Primary,1,1,1,400.0,True,True,0.0870443440243454
Line.ln6201697-1,Primary,1,2,2,400.0,True,True,0.11081362906017642
Line.ln6201697-1,Primary,1,3,3,400.0,True,True,0.0683425165503514
Line.ln6201697-1,Primary,2,1,1,400.0,True,False,0.08704466283288076
Line.ln6201697-1,Primary,2,2,2,400.0,True,False,0.11081397517343819
Line.ln6201697-1,Primary,2,3,3,400.0,True,False,0.06834273301227296
Line.ln5895818-1,Primary,1,1,1,400.0,True,True,0.030689731106658603
Line.ln5895818-1,Primary,1,2,2,400.0,True,True,0.055752722767695245
Line.ln5895818-1,Primary,1,3,3,400.0,True,True,0.0011825351391453155
Line.ln5895818-1,Primary,2,1,1,400.0,True,False,0.030690467154023744
Line.ln5895818-1,Primary,2,2,2,400.0,True,False,0.05575351953559978
Line.ln5895818-1,Primary,2,3,3,400.0,True,False,0.0011830037692404315
Line.ln5956461-1,Primary,1,1,3,400.0,True,True,0.0011960446134435371
Line.ln5956461-1,Primary,2,1,3,400.0,True,False,0.0011972365982143491
Line.ln6017299-1,Primary,1,1,1,400.0,True,True,0.12989880989115588
Line.ln6017299-1,Primary,1,2,2,400.0,True,True,0.13406393966427088
Line.ln6017299-1,Primary,1,3,3,400.0,True,True,0.10636061014506325
Line.ln6017299-1,Primary,2,1,1,400.0,True,False,0.1298962917466725
Line.ln6017299-1,Primary,2,2,2,400.0,True,False,0.13406149054288827
Line.ln6017299-1,Primary,2,3,3,400.0,True,False,0.10635643312516926
Line.ln6230797-1,Primary,1,1,2,400.0,True,True,0.0038274564072312413
Line.ln6230797-1,Primary,2,1,2,400.0,True,False,0.0038282613754833665
Line.ln5593238-1,Primary,1,1,1,400.0,True,True,0.023345730696615444
Line.ln5593238-1,Primary,2,1,1,400.0,True,False,0.0233472299745369
Line.ln6047607-1,Primary,1,1,2,400.0,True,True,0.026351215021696142
Line.ln6047607-1,Primary,2,1,2,400.0,True,False,0.026351674075878052
Line.ln5621858-1,Primary,1,1,1,400.0,True,True,0.0034621440606021196
Line.ln5621858-1,Primary,2,1,1,400.0,True,False,0.0034622408699248835
Line.ln6106583-5,Primary,1,1,1,400.0,True,True,0.011383691363793585
Line.ln6106583-5,Primary,2,1,1,400.0,True,False,0.011387391412852232
Line.ln5958865-1,Primary,1,1,3,400.0,True,True,0.04905267641336314
Line.ln5958865-1,Primary,2,1,3,400.0,True,False,0.04905279480826463
Line.ln5472352-1,Primary,1,1,1,400.0,True,True,0.028344743780263467
Line.ln5472352-1,Primary,1,2,2,400.0,True,True,0.09529566707000332
Line.ln5472352-1,Primary,1,3,3,400.0,True,True,0.007094886450315117
Line.ln5472352-1,Primary,2,1,1,400.0,True,False,0.0283460563426426
Line.ln5472352-1,Primary,2,2,2,400.0,True,False,0.09529709763350239
Line.ln5472352-1,Primary,2,3,3,400.0,True,False,0.007095765081048644
Line.ln6411394-3,Primary,1,1,1,400.0,True,True,0.024766871952792237
Line.ln6411394-3,Primary,2,1,1,400.0,True,False,0.0247673469268433
Line.ln6301772-3,Primary,1,1,1,400.0,True,True,0.012043481244734715
Line.ln6301772-3,Primary,2,1,1,400.0,True,False,0.012044916491223278
Line.ln5625527-1,Primary,1,1,3,400.0,True,True,0.0011847051486142944
Line.ln5625527-1,Primary,2,1,3,400.0,True,False,0.001186025902321352
Line.ln5955063-1,Primary,1,1,1,400.0,True,True,0.1575500154194292
Line.ln5955063-1,Primary,1,2,2,400.0,True,True,0.16455087610065494
Line.ln5955063-1,Primary,1,3,3,400.0,True,True,0.15145014602336795
Line.ln5955063-1,Primary,2,1,1,400.0,True,False,0.15754783488389398
Line.ln5955063-1,Primary,2,2,2,400.0,True,False,0.16454881209018704
Line.ln5955063-1,Primary,2,3,3,400.0,True,False,0.15144732667693261
Line.ln6407748-1,Primary,1,1,2,400.0,True,True,0.03531956619814865
Line.ln6407748-1,Primary,2,1,2,400.0,True,False,0.03532025592554464
Line.ln6380808-1,Primary,1,1,2,400.0,True,True,0.0011676693438044913
Line.ln6380808-1,Primary,2,1,2,400.0,True,False,0.0011687130291244427
Line.ln6411397-1,Primary,1,1,1,400.0,True,True,0.0017623701619736433
Line.ln6411397-1,Primary,2,1,1,400.0,True,False,0.001762813708049179
Line.ln6290200-1,Primary,1,1,1,400.0,True,True,0.41937664335071095
Line.ln6290200-1,Primary,1,2,2,400.0,True,True,0.43268907343549917
Line.ln6290200-1,Primary,1,3,3,400.0,True,True,0.32097091725526783
Line.ln6290200-1,Primary,2,1,1,400.0,True,False,0.4193766294823133
Line.ln6290200-1,Primary,2,2,2,400.0,True,False,0.4326890916952993
Line.ln6290200-1,Primary,2,3,3,400.0,True,False,0.3209704174043428
Line.ln5774497-1,Primary,1,1,1,400.0,True,True,0.032428672958498085
Line.ln5774497-1,Primary,1,2,2,400.0,True,True,0.058823373148759364
Line.ln5774497-1,Primary,1,3,3,400.0,True,True,0.011705858337006271
Line.ln5774497-1,Primary,2,1,1,400.0,True,False,0.032429981708632025
Line.ln5774497-1,Primary,2,2,2,400.0,True,False,0.05882479107012223
Line.ln5774497-1,Primary,2,3,3,400.0,True,False,0.011706799388790807
Line.ln5623390-1,Primary,1,1,2,400.0,True,True,0.029990413070465304
Line.ln5623390-1,Primary,2,1,2,400.0,True,False,0.02999140985345659
Line.ln6198052-1,Primary,1,1,1,400.0,True,True,0.0010666759304475933
Line.ln6198052-1,Primary,2,1,1,400.0,True,False,0.0010676376137961096
Line.ln6351524-1,Primary,1,1,1,400.0,True,True,0.15756600932118392
Line.ln6351524-1,Primary,1,2,2,400.0,True,True,0.16636403077032377
Line.ln6351524-1,Primary,1,3,3,400.0,True,True,0.15468940190517322
Line.ln6351524-1,Primary,2,1,1,400.0,True,False,0.15756381880569884
Line.ln6351524-1,Primary,2,2,2,400.0,True,False,0.16636200438654256
Line.ln6351524-1,Primary,2,3,3,400.0,True,False,0.15468665226814896
Line.ln81043320-4,Primary,1,1,3,220.0,True,True,0.02212783887285811
Line.ln81043320-4,Primary,2,1,3,220.0,True,False,0.022140836786298402
Line.ln81048108-1,Primary,1,1,1,220.0,True,True,0.02124089498431807
Line.ln81048108-1,Primary,2,1,1,220.0,True,False,0.0212509267232649
Line.ln6079950-1,Primary,1,1,1,400.0,True,True,0.03245518643328543
Line.ln6079950-1,Primary,2,1,1,400.0,True,False,0.032455979708218854
Line.ln5563853-1,Primary,1,1,1,400.0,True,True,0.4272926191111727
Line.ln5563853-1,Primary,1,2,2,400.0,True,True,0.4326875978808443
Line.ln5563853-1,Primary,1,3,3,400.0,True,True,0.3245659338086637
Line.ln5563853-1,Primary,2,1,1,400.0,True,False,0.42729268553171146
Line.ln5563853-1,Primary,2,2,2,400.0,True,False,0.43268774928101705
Line.ln5563853-1,Primary,2,3,3,400.0,True,False,0.32456406444402036
Line.ln6991377-9,Primary,1,1,1,400.0,True,True,0.031066306201147517
Line.ln6991377-9,Primary,2,1,1,400.0,True,False,0.031066943580024885
Line.ln6262266-12,Primary,1,1,1,400.0,True,True,0.0017458888581531997
Line.ln6262266-12,Primary,1,2,2,400.0,True,True,0.0019307054821906067
Line.ln6262266-12,Primary,1,3,3,400.0,True,True,0.0019865055331127575
Line.ln6262266-12,Primary,2,1,1,400.0,True,False,0.0017459691866800035
Line.ln6262266-12,Primary,2,2,2,400.0,True,False,0.0019307919172285768
Line.ln6262266-12,Primary,2,3,3,400.0,True,False,0.001986564485593665
Line.wf586_48332_sw,Primary,1,1,3,400.0,False,False,0.0
Line.wf586_48332_sw,Primary,2,1,3,400.0,False,False,0.0
Line.ln8979371-2,Primary,1,1,3,220.0,True,True,3.7818183045967964e-06
Line.ln8979371-2,Primary,2,1,3,220.0,True,False,7.483460317985446e-13
Line.ln5742828-1,Primary,1,1,1,400.0,True,True,0.8068383800628135
Line.ln5742828-1,Primary,1,2,2,400.0,True,True,0.7949566744048581
Line.ln5742828-1,Primary,1,3,3,400.0,True,True,0.7699854857785184
Line.ln5742828-1,Primary,2,1,1,400.0,True,False,0.8068385379454582
Line.ln5742828-1,Primary,2,2,2,400.0,True,False,0.794956862938928
Line.ln5742828-1,Primary,2,3,3,400.0,True,False,0.7699853313254523
Line.ln6047595-3,Primary,1,1,1,400.0,True,True,0.008014140307664978
Line.ln6047595-3,Primary,1,2,2,400.0,True,True,2.6433635944627497e-05
Line.ln6047595-3,Primary,1,3,3,400.0,True,True,0.0071056518272210835
Line.ln6047595-3,Primary,2,1,1,400.0,True,False,0.008014765486186563
Line.ln6047595-3,Primary,2,2,2,400.0,True,False,2.4156697263971015e-05
Line.ln6047595-3,Primary,2,3,3,400.0,True,False,0.0071060561815172296
Line.ln5714070-1,Primary,1,1,2,400.0,True,True,0.0019341904391784162
Line.ln5714070-1,Primary,2,1,2,400.0,True,False,0.0019351469213842664
Line.ln5472401-1,Primary,1,1,1,400.0,True,True,0.007227971955515084
Line.ln5472401-1,Primary,2,1,1,400.0,True,False,0.007228870976927847
Line.ln6259980-1,Primary,1,1,2,400.0,True,True,3.7105226489086e-06
Line.ln6259980-1,Primary,2,1,2,400.0,True,False,3.7499427213494166e-14
Line.ln6169244-1,Primary,1,1,1,400.0,True,True,0.0017323787087613679
Line.ln6169244-1,Primary,2,1,1,400.0,True,False,0.0017326966336015642
Line.ln5744343-2,Primary,1,1,1,400.0,True,True,0.001752123952720044
Line.ln5744343-2,Primary,2,1,1,400.0,True,False,0.0017522881980699956
Line.ln5728479-1,Primary,1,1,1,400.0,True,True,0.01723508288169003
Line.ln5728479-1,Primary,1,2,2,400.0,True,True,0.018858849167688332
Line.ln5728479-1,Primary,1,3,3,400.0,True,True,0.017614505590731983
Line.ln5728479-1,Primary,2,1,1,400.0,True,False,0.017235735707982282
Line.ln5728479-1,Primary,2,2,2,400.0,True,False,0.01885956623283151
Line.ln5728479-1,Primary,2,3,3,400.0,True,False,0.017614995510072548
Line.ln6380807-1,Primary,1,1,3,400.0,True,True,0.007035688563430736
Line.ln6380807-1,Primary,2,1,3,400.0,True,False,0.007040797914739863
Line.ln6375549-5,Primary,1,1,1,400.0,True,True,0.008748389527238908
Line.ln6375549-5,Primary,1,2,2,400.0,True,True,2.4160893431017122e-05
Line.ln6375549-5,Primary,1,3,3,400.0,True,True,0.05239572602619317
Line.ln6375549-5,Primary,2,1,1,400.0,True,False,0.008748841971380738
Line.ln6375549-5,Primary,2,2,2,400.0,True,False,2.244216593334386e-05
Line.ln6375549-5,Primary,2,3,3,400.0,True,False,0.05239604293282959
Line.ln5895768-1,Primary,1,1,2,400.0,True,True,0.003110010212792959
Line.ln5895768-1,Primary,2,1,2,400.0,True,False,0.0031103269511025
Line.ln6108127-1,Primary,1,1,1,400.0,True,True,0.012126416985080022
Line.ln6108127-1,Primary,2,1,1,400.0,True,False,0.012127057107496857
Line.ln5473351-1,Primary,1,1,3,400.0,True,True,0.042937001359689295
Line.ln5473351-1,Primary,2,1,3,400.0,True,False,0.04293809392596974
Line.ln5716231-1,Primary,1,1,2,400.0,True,True,0.04371153392839333
Line.ln5716231-1,Primary,2,1,2,400.0,True,False,0.043711662835534064
Line.l5565_48332_sw,Primary,1,1,2,400.0,True,True,0.0503586266436014
Line.l5565_48332_sw,Primary,2,1,2,400.0,True,False,0.05035862863977376
Line.ln6140778-1,Primary,1,1,2,400.0,True,True,0.05035857244748532
Line.ln6140778-1,Primary,2,1,2,400.0,True,False,0.05035862664463111
Line.ln5894238-2,Primary,1,1,1,400.0,True,True,0.0327226272806905
Line.ln5894238-2,Primary,1,2,2,400.0,True,True,0.06108132729244419
Line.ln5894238-2,Primary,1,3,3,400.0,True,True,0.02510798830205374
Line.ln5894238-2,Primary,2,1,1,400.0,True,False,0.03272469105085973
Line.ln5894238-2,Primary,2,2,2,400.0,True,False,0.06108354182830117
Line.ln5894238-2,Primary,2,3,3,400.0,True,False,0.025109446540809474
Line.ln5956503-1,Primary,1,1,1,400.0,True,True,0.030687573665251402
Line.ln5956503-1,Primary,1,2,2,400.0,True,True,0.05575038698939824
Line.ln5956503-1,Primary,1,3,3,400.0,True,True,0.006737728333687435
Line.ln5956503-1,Primary,2,1,1,400.0,True,False,0.03068916890559002
Line.ln5956503-1,Primary,2,2,2,400.0,True,False,0.055752114149908334
Line.ln5956503-1,Primary,2,3,3,400.0,True,False,0.006738873613774744
Line.ln5591715-1,Primary,1,1,3,400.0,True,True,0.011352178443997184
Line.ln5591715-1,Primary,2,1,3,400.0,True,False,0.011352899712353893
Line.ln5623425-1,Primary,1,1,1,400.0,True,True,0.001055156529532396
Line.ln5623425-1,Primary,2,1,1,400.0,True,False,0.0010555692586158869
Line.ln6292464-1,Primary,1,1,2,400.0,True,True,0.006925040107527295
Line.ln6292464-1,Primary,2,1,2,400.0,True,False,0.006926458267526589
Line.ln5587291-1,Primary,1,1,1,400.0,True,True,0.4459865786034198
Line.ln5587291-1,Primary,1,2,2,400.0,True,True,0.4481506061188252
Line.ln5587291-1,Primary,1,3,3,400.0,True,True,0.3380816646665562
Line.ln5587291-1,Primary,2,1,1,400.0,True,False,0.44598659941749913
Line.ln5587291-1,Primary,2,2,2,400.0,True,False,0.44815071567281334
Line.ln5587291-1,Primary,2,3,3,400.0,True,False,0.3380809254051292
Line.ln5714052-3,Primary,1,1,1,400.0,True,True,0.002607018731882625
Line.ln5714052-3,Primary,2,1,1,400.0,True,False,0.0026081256931282776
Line.ln6321420-1,Primary,1,1,1,400.0,True,True,0.5748811765199155
Line.ln6321420-1,Primary,1,2,2,400.0,True,True,0.5609892673363901
Line.ln6321420-1,Primary,1,3,3,400.0,True,True,0.4304002894644558
Line.ln6321420-1,Primary,2,1,1,400.0,True,False,0.5748816704051456
Line.ln6321420-1,Primary,2,2,2,400.0,True,False,0.5609898671532578
Line.ln6321420-1,Primary,2,3,3,400.0,True,False,0.43039977062811735
Line.ln6106583-3,Primary,1,1,1,400.0,True,True,2.0671149074092164e-07
Line.ln6106583-3,Primary,2,1,1,400.0,True,False,1.1999816708318133e-12
Line.ln6153057-2,Primary,1,1,1,400.0,True,True,0.0026589725332151416
Line.ln6153057-2,Primary,2,1,1,400.0,True,False,0.002659907741496872
Line.ln5651977-4,Primary,1,1,1,400.0,True,True,0.005434912590030067
Line.ln5651977-4,Primary,2,1,1,400.0,True,False,0.005435378854705159
Line.ln5981120-1,Primary,1,1,2,400.0,True,True,0.001926008955191682
Line.ln5981120-1,Primary,2,1,2,400.0,True,False,0.0019260482507556353
Line.ln5835130-1,Primary,1,1,1,400.0,True,True,0.003666512539691939
Line.ln5835130-1,Primary,2,1,1,400.0,True,False,0.0036673870404751057
Line.ln6076267-1,Primary,1,1,1,400.0,True,True,0.00853929027284542
Line.ln6076267-1,Primary,2,1,1,400.0,True,False,0.008540231805503605
Line.ln5896728-1,Primary,1,1,2,400.0,True,True,0.005004082393903613
Line.ln5896728-1,Primary,2,1,2,400.0,True,False,0.005004868493614815
Line.ln6259991-1,Primary,1,1,2,400.0,True,True,0.003846710415385198
Line.ln6259991-1,Primary,2,1,2,400.0,True,False,0.003847743581370252
Line.ln5527264-8,Primary,1,1,1,400.0,True,True,0.41838800973978174
Line.ln5527264-8,Primary,1,2,2,400.0,True,True,0.4326892519240949
Line.ln5527264-8,Primary,1,3,3,400.0,True,True,0.3129732375749325
Line.ln5527264-8,Primary,2,1,1,400.0,True,False,0.4183879884536161
Line.ln5527264-8,Primary,2,2,2,400.0,True,False,0.4326892668098266
Line.ln5527264-8,Primary,2,3,3,400.0,True,False,0.3129726663265192
Line.ln5835150-1,Primary,1,1,1,400.0,True,True,0.0775276484586269
Line.ln5835150-1,Primary,1,2,2,400.0,True,True,0.0228822562317812
Line.ln5835150-1,Primary,1,3,3,400.0,True,True,0.04194599360227793
Line.ln5835150-1,Primary,2,1,1,400.0,True,False,0.07753093440103291
Line.ln5835150-1,Primary,2,2,2,400.0,True,False,0.022885832939654734
Line.ln5835150-1,Primary,2,3,3,400.0,True,False,0.04194828672355259
Line.ln8961758-1,Primary,1,1,3,220.0,True,True,0.019802697541136095
Line.ln8961758-1,Primary,2,1,3,220.0,True,False,0.019803080855483993
Line.ln6380817-1,Primary,1,1,1,400.0,True,True,0.40685524537170076
Line.ln6380817-1,Primary,1,2,2,400.0,True,True,0.36703437479858997
Line.ln6380817-1,Primary,1,3,3,400.0,True,True,0.30929910419168843
Line.ln6380817-1,Primary,2,1,1,400.0,True,False,0.4068555125292861
Line.ln6380817-1,Primary,2,2,2,400.0,True,False,0.36703466977067356
Line.ln6380817-1,Primary,2,3,3,400.0,True,False,0.30929928482957986
Line.ln5562933-3,Primary,1,1,3,400.0,True,True,0.0011966395935350063
Line.ln5562933-3,Primary,2,1,3,400.0,True,False,0.0011968235975736412
Line.ln5924800-1,Primary,1,1,2,400.0,True,True,9.338186268336885e-06
Line.ln5924800-1,Primary,2,1,2,400.0,True,False,1.9426815345735872e-14
Line.ln5958703-1,Primary,1,1,1,400.0,True,True,0.03245508529534467
Line.ln5958703-1,Primary,2,1,1,400.0,True,False,0.032455186433090435
Line.ln6171506-1,Primary,1,1,1,400.0,True,True,0.009954531195983723
Line.ln6171506-1,Primary,2,1,1,400.0,True,False,0.009954614987699232
Line.ln6079949-3,Primary,1,1,3,400.0,True,True,0.002387480806943037
Line.ln6079949-3,Primary,2,1,3,400.0,True,False,0.0023880846333314823
Line.ln6077787-1,Primary,1,1,3,400.0,True,True,0.0019897078854127087
Line.ln6077787-1,Primary,2,1,3,400.0,True,False,0.001990764396712339
Line.ln5803262-6,Primary,1,1,3,400.0,True,True,0.0007931888383852065
Line.ln5803262-6,Primary,2,1,3,400.0,True,False,0.0007941322376383944
Line.ln6047560-1,Primary,1,1,1,400.0,True,True,0.0010520275074763087
Line.ln6047560-1,Primary,2,1,1,400.0,True,False,0.0010529387651486018
Line.ln5623389-1,Primary,1,1,2,400.0,True,True,0.0019429783927189825
Line.ln5623389-1,Primary,2,1,2,400.0,True,False,0.0019439643004925133
Line.ln6167748-1,Primary,1,1,1,400.0,True,True,0.008355462796803397
Line.ln6167748-1,Primary,2,1,1,400.0,True,False,0.008356137947654312
Line.ln6380804-1,Primary,1,1,2,400.0,True,True,0.005066777937650384
Line.ln6380804-1,Primary,2,1,2,400.0,True,False,0.005068353254945418
Line.ln6231997-1,Primary,1,1,3,400.0,True,True,0.002000951501025178
Line.ln6231997-1,Primary,2,1,3,400.0,True,False,0.002001088334364863
Line.a333_48332_sw,Primary,1,1,3,400.0,True,True,0.011050611762258413
Line.a333_48332_sw,Primary,2,1,3,400.0,True,False,0.011050613749006151
Line.ln5746546-1,Primary,1,1,3,400.0,True,True,0.011050245817460225
Line.ln5746546-1,Primary,2,1,3,400.0,True,False,0.011050611763145065
Line.ln6320336-1,Primary,1,1,2,400.0,True,True,0.004667352908045205
Line.ln6320336-1,Primary,2,1,2,400.0,True,False,0.0046693216042772885
Line.ln6259994-2,Primary,1,1,1,400.0,True,True,0.00390766866229938
Line.ln6259994-2,Primary,2,1,1,400.0,True,False,0.003908188702344583
Line.ln5502528-1,Primary,1,1,1,400.0,True,True,0.17055108297013954
Line.ln5502528-1,Primary,1,2,2,400.0,True,True,0.12137555292344071
Line.ln5502528-1,Primary,1,3,3,400.0,True,True,0.08002617212207105
Line.ln5502528-1,Primary,2,1,1,400.0,True,False,0.1705522523007862
Line.ln5502528-1,Primary,2,2,2,400.0,True,False,0.12137682838704393
Line.ln5502528-1,Primary,2,3,3,400.0,True,False,0.08002697154651266
Line.ln6290216-1,Primary,1,1,1,400.0,True,True,0.0803340445117692
Line.ln6290216-1,Primary,1,2,2,400.0,True,True,0.025767582970114385
Line.ln6290216-1,Primary,1,3,3,400.0,True,True,0.04313632657548145
Line.ln6290216-1,Primary,2,1,1,400.0,True,False,0.08033421922763953
Line.ln6290216-1,Primary,2,2,2,400.0,True,False,0.02576777265827319
Line.ln6290216-1,Primary,2,3,3,400.0,True,False,0.04313644654506511
Line.ln6164818-1,Primary,1,1,2,400.0,True,True,0.00632950682318044
Line.ln6164818-1,Primary,2,1,2,400.0,True,False,0.006329914130465491
Line.ln4625680_sw,Primary,1,1,1,400.0,True,True,0.038831170958726006
Line.ln4625680_sw,Primary,1,2,2,400.0,True,True,0.08403524494985314
Line.ln4625680_sw,Primary,1,3,3,400.0,True,True,0.05870787892565135
Line.ln4625680_sw,Primary,2,1,1,400.0,True,False,0.038831172994161105
Line.ln4625680_sw,Primary,2,2,2,400.0,True,False,0.08403524699114963
Line.ln4625680_sw,Primary,2,3,3,400.0,True,False,0.058707880953010105
Line.ln5956499-2,Primary,1,1,1,400.0,True,True,0.038830285118026116
Line.ln5956499-2,Primary,1,2,2,400.0,True,True,0.08403428172346074
Line.ln5956499-2,Primary,1,3,3,400.0,True,True,0.05870727592751448
Line.ln5956499-2,Primary,2,1,1,400.0,True,False,0.038831170959482526
Line.ln5956499-2,Primary,2,2,2,400.0,True,False,0.08403524494861986
Line.ln5956499-2,Primary,2,3,3,400.0,True,False,0.05870787892506701
Line.ln6256144-1,Primary,1,1,1,400.0,True,True,0.15755123218158246
Line.ln6256144-1,Primary,1,2,2,400.0,True,True,0.1654497880462861
Line.ln6256144-1,Primary,1,3,3,400.0,True,True,0.1514517197912829
Line.ln6256144-1,Primary,2,1,1,400.0,True,False,0.15755015551408122
Line.ln6256144-1,Primary,2,2,2,400.0,True,False,0.16544878015910705
Line.ln6256144-1,Primary,2,3,3,400.0,True,False,0.15145032720315682
Line.ln6229819-1,Primary,1,1,1,400.0,True,True,0.0006957202890965629
Line.ln6229819-1,Primary,1,2,2,400.0,True,True,0.0007584422440296694
Line.ln6229819-1,Primary,1,3,3,400.0,True,True,0.000789552071756448
Line.ln6229819-1,Primary,2,1,1,400.0,True,False,0.0006963162888976443
Line.ln6229819-1,Primary,2,2,2,400.0,True,False,0.0007590979102728703
Line.ln6229819-1,Primary,2,3,3,400.0,True,False,0.0007899381680967955
Line.ln5896843-1,Primary,1,1,3,400.0,True,True,0.0650445300382784
Line.ln5896843-1,Primary,2,1,3,400.0,True,False,0.06504644475021792
Line.cap_1a,Primary,1,1,1,400.0,True,True,0.8065092816966459
Line.cap_1a,Primary,2,1,1,400.0,True,False,0.8065092816966459
Line.cap_1b,Primary,1,1,2,400.0,True,True,0.794960068535513
Line.cap_1b,Primary,2,1,2,400.0,True,False,0.794960068535513
Line.cap_1c,Primary,1,1,3,400.0,True,True,0.7692292920876627
Line.cap_1c,Primary,2,1,3,400.0,True,False,0.7692292920876627
Line.ln5513564-2,Primary,1,1,1,400.0,True,True,0.8065092816994622
Line.ln5513564-2,Primary,1,2,2,400.0,True,True,0.7949600685357991
Line.ln5513564-2,Primary,1,3,3,400.0,True,True,0.769229292087407
Line.ln5513564-2,Primary,2,1,1,400.0,True,False,0.8065095336246213
Line.ln5513564-2,Primary,2,2,2,400.0,True,False,0.7949603757271331
Line.ln5513564-2,Primary,2,3,3,400.0,True,False,0.7692289882993236
Line.cap_3a,Primary,1,1,1,400.0,True,True,0.39905121591874304
Line.cap_3a,Primary,2,1,1,400.0,True,False,0.39905121591874304
Line.cap_3b,Primary,1,1,2,400.0,True,True,0.35615423345517977
Line.cap_3b,Primary,2,1,2,400.0,True,False,0.35615423345517977
Line.cap_3c,Primary,1,1,3,400.0,True,True,0.30413201319626043
Line.cap_3c,Primary,2,1,3,400.0,True,False,0.30413201319626043
Line.ln6290228-7,Primary,1,1,1,400.0,True,True,0.3990512159170524
Line.ln6290228-7,Primary,1,2,2,400.0,True,True,0.3561542334503728
Line.ln6290228-7,Primary,1,3,3,400.0,True,True,0.3041320131963677
Line.ln6290228-7,Primary,2,1,1,400.0,True,False,0.399051203045382
Line.ln6290228-7,Primary,2,2,2,400.0,True,False,0.35615420702187783
Line.ln6290228-7,Primary,2,3,3,400.0,True,False,0.30413191790905525
Line.cap_2a,Primary,1,1,1,400.0,True,True,0.7566475263855241
Line.cap_2a,Primary,2,1,1,400.0,True,False,0.7566475263855241
Line.cap_2b,Primary,1,1,2,400.0,True,True,0.7618463781907608
Line.cap_2b,Primary,2,1,2,400.0,True,False,0.7618463781907608
Line.cap_2c,Primary,1,1,3,400.0,True,True,0.6841929911006581
Line.cap_2c,Primary,2,1,3,400.0,True,False,0.6841929911006581
Line.ln5563942-5,Primary,1,1,1,400.0,True,True,0.756647526386054
Line.ln5563942-5,Primary,1,2,2,400.0,True,True,0.7618463781918906
Line.ln5563942-5,Primary,1,3,3,400.0,True,True,0.6841929910986557
Line.ln5563942-5,Primary,2,1,1,400.0,True,False,0.7566475344042103
Line.ln5563942-5,Primary,2,2,2,400.0,True,False,0.7618463949297015
Line.ln5563942-5,Primary,2,3,3,400.0,True,False,0.6841929274688267
Line.tpx138236b0,Triplex,1,1,1,156.0,True,True,0.020391790110636448
Line.tpx138236b0,Triplex,1,2,2,156.0,True,True,0.0939632675719104
Line.tpx138236b0,Triplex,2,1,1,156.0,True,False,0.020391809785433868
Line.tpx138236b0,Triplex,2,2,2,156.0,True,False,0.09396328733124654
Line.tpx138237b0,Triplex,1,1,1,156.0,True,True,0.0675948547630725
Line.tpx138237b0,Triplex,1,2,2,156.0,True,True,0.10397775129670328
Line.tpx138237b0,Triplex,2,1,1,156.0,True,False,0.06759487445198271
Line.tpx138237b0,Triplex,2,2,2,156.0,True,False,0.10397777102405467
Line.tpx138258c0,Triplex,1,1,1,156.0,True,True,0.02746152650179936
Line.tpx138258c0,Triplex,1,2,2,156.0,True,True,0.1532817068235932
Line.tpx138258c0,Triplex,2,1,1,156.0,True,False,0.027461546022400984
Line.tpx138258c0,Triplex,2,2,2,156.0,True,False,0.15328172646888363
Line.tpx138259c0,Triplex,1,1,1,156.0,True,True,0.01812280335565657
Line.tpx138259c0,Triplex,1,2,2,156.0,True,True,0.16255107482130726
Line.tpx138259c0,Triplex,2,1,1,156.0,True,False,0.018122822889187484
Line.tpx138259c0,Triplex,2,2,2,156.0,True,False,0.16255109449752408
Line.tpx138260a0,Triplex,1,1,1,156.0,True,True,0.04261134483965249
Line.tpx138260a0,Triplex,1,2,2,156.0,True,True,0.11337441897102096
Line.tpx138260a0,Triplex,2,1,1,156.0,True,False,0.04261136456283805
Line.tpx138260a0,Triplex,2,2,2,156.0,True,False,0.11337443876587393
Line.tpx138262a0,Triplex,1,1,1,156.0,True,True,0.34481306540935874
Line.tpx138262a0,Triplex,1,2,2,156.0,True,True,0.1925812134558234
Line.tpx138262a0,Triplex,2,1,1,156.0,True,False,0.3448130846124296
Line.tpx138262a0,Triplex,2,2,2,156.0,True,False,0.1925812325452067
Line.tpx138264b0,Triplex,1,1,1,156.0,True,True,0.021665265273703268
Line.tpx138264b0,Triplex,1,2,2,156.0,True,True,0.27394486290633163
Line.tpx138264b0,Triplex,2,1,1,156.0,True,False,0.021665284323192483
Line.tpx138264b0,Triplex,2,2,2,156.0,True,False,0.27394488217434065
Line.tpx138265a0,Triplex,1,1,1,156.0,True,True,0.1637310576371616
Line.tpx138265a0,Triplex,1,2,2,156.0,True,True,0.10362951110767431
Line.tpx138265a0,Triplex,2,1,1,156.0,True,False,0.16373107687778776
Line.tpx138265a0,Triplex,2,2,2,156.0,True,False,0.10362953030027701
Line.tpx138294b0,Triplex,1,1,1,156.0,True,True,0.028711454176560364
Line.tpx138294b0,Triplex,1,2,2,156.0,True,True,0.1432564975589298
Line.tpx138294b0,Triplex,2,1,1,156.0,True,False,0.028711473817942777
Line.tpx138294b0,Triplex,2,2,2,156.0,True,False,0.14325651731416408
Line.tpx138313a0,Triplex,1,1,1,156.0,True,True,0.09946714736224127
Line.tpx138313a0,Triplex,1,2,2,156.0,True,True,0.007400008264646423
Line.tpx138313a0,Triplex,2,1,1,156.0,True,False,0.09946716668631816
Line.tpx138313a0,Triplex,2,2,2,156.0,True,False,0.007400027490193211
Line.tpx138342c0,Triplex,1,1,1,156.0,True,True,0.16223604611232026
Line.tpx138342c0,Triplex,1,2,2,156.0,True,True,0.13940170543627753
Line.tpx138342c0,Triplex,2,1,1,156.0,True,False,0.16223606564557544
Line.tpx138342c0,Triplex,2,2,2,156.0,True,False,0.13940172495337394
Line.tpx138343c0,Triplex,1,1,1,156.0,True,True,0.05646008678416248
Line.tpx138343c0,Triplex,1,2,2,156.0,True,True,0.06404530745124058
Line.tpx138343c0,Triplex,2,1,1,156.0,True,False,0.05646010632768183
Line.tpx138343c0,Triplex,2,2,2,156.0,True,False,0.06404532700645783
Line.tpx138346c0,Triplex,1,1,1,156.0,True,True,0.018909932368280872
Line.tpx138346c0,Triplex,1,2,2,156.0,True,True,0.16226729700587714
Line.tpx138346c0,Triplex,2,1,1,156.0,True,False,0.018909951847056867
Line.tpx138346c0,Triplex,2,2,2,156.0,True,False,0.1622673166262707
Line.tpx138371c0,Triplex,1,1,1,156.0,True,True,0.15314205167401904
Line.tpx138371c0,Triplex,1,2,2,156.0,True,True,0.02804320742955819
Line.tpx138371c0,Triplex,2,1,1,156.0,True,False,0.15314207126814702
Line.tpx138371c0,Triplex,2,2,2,156.0,True,False,0.028043226906383317
Line.tpx138372c0,Triplex,1,1,1,156.0,True,True,0.10490602979867898
Line.tpx138372c0,Triplex,1,2,2,156.0,True,True,0.01583869979153201
Line.tpx138372c0,Triplex,2,1,1,156.0,True,False,0.10490604939628903
Line.tpx138372c0,Triplex,2,2,2,156.0,True,False,0.01583871929421187
Line.tpx138373c0,Triplex,1,1,1,156.0,True,True,0.09200718026990994
Line.tpx138373c0,Triplex,1,2,2,156.0,True,True,0.08865270512233141
Line.tpx138373c0,Triplex,2,1,1,156.0,True,False,0.09200719981664691
Line.tpx138373c0,Triplex,2,2,2,156.0,True,False,0.08865272466917808
Line.tpx138374c0,Triplex,1,1,1,156.0,True,True,0.040758211134867675
Line.tpx138374c0,Triplex,1,2,2,156.0,True,True,0.26187514789767424
Line.tpx138374c0,Triplex,2,1,1,156.0,True,False,0.040758230572738044
Line.tpx138374c0,Triplex,2,2,2,156.0,True,False,0.2618751675274758
Line.tpx138379c0,Triplex,1,1,1,156.0,True,True,0.16404564025339238
Line.tpx138379c0,Triplex,1,2,2,156.0,True,True,0.13722781367014933
Line.tpx138379c0,Triplex,2,1,1,156.0,True,False,0.1640456598122248
Line.tpx138379c0,Triplex,2,2,2,156.0,True,False,0.1372278332094397
Line.tpx138380c0,Triplex,1,1,1,156.0,True,True,0.0773787484993494
Line.tpx138380c0,Triplex,1,2,2,156.0,True,True,0.04306154820553029
Line.tpx138380c0,Triplex,2,1,1,156.0,True,False,0.07737876808228936
Line.tpx138380c0,Triplex,2,2,2,156.0,True,False,0.043061567753976966
Line.tpx138404c0,Triplex,1,1,1,156.0,True,True,0.247555720852508
Line.tpx138404c0,Triplex,1,2,2,156.0,True,True,0.05457178411044012
Line.tpx138404c0,Triplex,2,1,1,156.0,True,False,0.24755574048274
Line.tpx138404c0,Triplex,2,2,2,156.0,True,False,0.054571803579401834
Line.tpx138405c0,Triplex,1,1,1,156.0,True,True,0.2579586996375423
Line.tpx138405c0,Triplex,1,2,2,156.0,True,True,0.19477755692342685
Line.tpx138405c0,Triplex,2,1,1,156.0,True,False,0.2579587191911183
Line.tpx138405c0,Triplex,2,2,2,156.0,True,False,0.19477757643002525
Line.tpx138412c0,Triplex,1,1,1,156.0,True,True,0.07498294992898116
Line.tpx138412c0,Triplex,1,2,2,156.0,True,True,0.10555900995161067
Line.tpx138412c0,Triplex,2,1,1,156.0,True,False,0.07498296947467062
Line.tpx138412c0,Triplex,2,2,2,156.0,True,False,0.10555902953011091
Line.tpx138413c0,Triplex,1,1,1,156.0,True,True,0.13825416043499494
Line.tpx138413c0,Triplex,1,2,2,156.0,True,True,0.042491390739065396
Line.tpx138413c0,Triplex,2,1,1,156.0,True,False,0.13825418004370488
Line.tpx138413c0,Triplex,2,2,2,156.0,True,False,0.04249141025877592
Line.tpx138416c0,Triplex,1,1,1,156.0,True,True,0.05926309263811729
Line.tpx138416c0,Triplex,1,2,2,156.0,True,True,0.06112794211863261
Line.tpx138416c0,Triplex,2,1,1,156.0,True,False,0.05926311220309604
Line.tpx138416c0,Triplex,2,2,2,156.0,True,False,0.06112796168901313
Line.tpx138464c0,Triplex,1,1,1,156.0,True,True,0.08147116392723644
Line.tpx138464c0,Triplex,1,2,2,156.0,True,True,0.03903059311798067
Line.tpx138464c0,Triplex,2,1,1,156.0,True,False,0.08147118350782453
Line.tpx138464c0,Triplex,2,2,2,156.0,True,False,0.03903061265510811
Line.tpx138465c0,Triplex,1,1,1,156.0,True,True,0.11590694091575268
Line.tpx138465c0,Triplex,1,2,2,156.0,True,True,0.004926201838301865
Line.tpx138465c0,Triplex,2,1,1,156.0,True,False,0.11590696053301008
Line.tpx138465c0,Triplex,2,2,2,156.0,True,False,0.004926221336058465
Line.tpx138466c0,Triplex,1,1,1,156.0,True,True,0.24119457996096186
Line.tpx138466c0,Triplex,1,2,2,156.0,True,True,0.06108246847650587
Line.tpx138466c0,Triplex,2,1,1,156.0,True,False,0.24119459956875494
Line.tpx138466c0,Triplex,2,2,2,156.0,True,False,0.06108248793400383
Line.tpx138469c0,Triplex,1,1,1,156.0,True,True,0.11897208756368859
Line.tpx138469c0,Triplex,1,2,2,156.0,True,True,0.06178366613566956
Line.tpx138469c0,Triplex,2,1,1,156.0,True,False,0.11897210713557935
Line.tpx138469c0,Triplex,2,2,2,156.0,True,False,0.06178368565574487
Line.tpx138470c0,Triplex,1,1,1,156.0,True,True,0.07731120561924071
Line.tpx138470c0,Triplex,1,2,2,156.0,True,True,0.04320240901090605
Line.tpx138470c0,Triplex,2,1,1,156.0,True,False,0.07731122519010243
Line.tpx138470c0,Triplex,2,2,2,156.0,True,False,0.04320242854749518
Line.tpx138472c0,Triplex,1,1,1,156.0,True,True,0.2818506922737041
Line.tpx138472c0,Triplex,1,2,2,156.0,True,True,0.021308230198413998
Line.tpx138472c0,Triplex,2,1,1,156.0,True,False,0.2818507119127918
Line.tpx138472c0,Triplex,2,2,2,156.0,True,False,0.02130824961853416
Line.tpx138560a0,Triplex,1,1,1,156.0,True,True,0.14064223547117952
Line.tpx138560a0,Triplex,1,2,2,156.0,True,True,0.12097225551093804
Line.tpx138560a0,Triplex,2,1,1,156.0,True,False,0.1406422551102764
Line.tpx138560a0,Triplex,2,2,2,156.0,True,False,0.12097227513659578
Line.tpx138561a0,Triplex,1,1,1,156.0,True,True,0.1923645171747329
Line.tpx138561a0,Triplex,1,2,2,156.0,True,True,0.0695952759050663
Line.tpx138561a0,Triplex,2,1,1,156.0,True,False,0.1923645368578875
Line.tpx138561a0,Triplex,2,2,2,156.0,True,False,0.06959529548677168
Line.tpx138562a0,Triplex,1,1,1,156.0,True,True,0.20200435914912765
Line.tpx138562a0,Triplex,1,2,2,156.0,True,True,0.06006951020723028
Line.tpx138562a0,Triplex,2,1,1,156.0,True,False,0.2020043788408289
Line.tpx138562a0,Triplex,2,2,2,156.0,True,False,0.06006952978111689
Line.tpx138563a0,Triplex,1,1,1,156.0,True,True,0.1904466497505095
Line.tpx138563a0,Triplex,1,2,2,156.0,True,True,0.07147888744595396
Line.tpx138563a0,Triplex,2,1,1,156.0,True,False,0.19044666943299346
Line.tpx138563a0,Triplex,2,2,2,156.0,True,False,0.0714789070302295
Line.tpx138564a0,Triplex,1,1,1,156.0,True,True,0.22264554177581403
Line.tpx138564a0,Triplex,1,2,2,156.0,True,True,0.0397158748070149
Line.tpx138564a0,Triplex,2,1,1,156.0,True,False,0.22264556148686607
Line.tpx138564a0,Triplex,2,2,2,156.0,True,False,0.03971589436524322
Line.tpx138565a0,Triplex,1,1,1,156.0,True,True,0.24945457679941044
Line.tpx138565a0,Triplex,1,2,2,156.0,True,True,0.013408424877485725
Line.tpx138565a0,Triplex,2,1,1,156.0,True,False,0.24945459653460658
Line.tpx138565a0,Triplex,2,2,2,156.0,True,False,0.013408444414374868
Line.tpx138566a0,Triplex,1,1,1,156.0,True,True,0.24629227549076527
Line.tpx138566a0,Triplex,1,2,2,156.0,True,True,0.016493510149973946
Line.tpx138566a0,Triplex,2,1,1,156.0,True,False,0.24629229522397011
Line.tpx138566a0,Triplex,2,2,2,156.0,True,False,0.01649352969024992
Line.tpx138567a0,Triplex,1,1,1,156.0,True,True,0.014334517440887025
Line.tpx138567a0,Triplex,1,2,2,156.0,True,True,0.381218078408141
Line.tpx138567a0,Triplex,2,1,1,156.0,True,False,0.014334536913355001
Line.tpx138567a0,Triplex,2,2,2,156.0,True,False,0.381218098176621
Line.tpx138569a0,Triplex,1,1,1,156.0,True,True,0.11457405677689227
Line.tpx138569a0,Triplex,1,2,2,156.0,True,True,0.04225505553798835
Line.tpx138569a0,Triplex,2,1,1,156.0,True,False,0.1145740764642079
Line.tpx138569a0,Triplex,2,2,2,156.0,True,False,0.042255075158880745
Line.tpx138570a0,Triplex,1,1,1,156.0,True,True,0.016789907823142877
Line.tpx138570a0,Triplex,1,2,2,156.0,True,True,0.14028245772125633
Line.tpx138570a0,Triplex,2,1,1,156.0,True,False,0.016789927418005102
Line.tpx138570a0,Triplex,2,2,2,156.0,True,False,0.1402824774387094
Line.tpx138571a0,Triplex,1,1,1,156.0,True,True,0.0456077665696882
Line.tpx138571a0,Triplex,1,2,2,156.0,True,True,0.1111197953818133
Line.tpx138571a0,Triplex,2,1,1,156.0,True,False,0.04560778619962814
Line.tpx138571a0,Triplex,2,2,2,156.0,True,False,0.11111981507830578
Line.tpx138573a0,Triplex,1,1,1,156.0,True,True,0.1899391694770891
Line.tpx138573a0,Triplex,1,2,2,156.0,True,True,0.07176783145285102
Line.tpx138573a0,Triplex,2,1,1,156.0,True,False,0.1899391891752672
Line.tpx138573a0,Triplex,2,2,2,156.0,True,False,0.07176785105351192
Line.tpx138574a0,Triplex,1,1,1,156.0,True,True,0.17195080301107446
Line.tpx138574a0,Triplex,1,2,2,156.0,True,True,0.08955121986885874
Line.tpx138574a0,Triplex,2,1,1,156.0,True,False,0.17195082269672335
Line.tpx138574a0,Triplex,2,2,2,156.0,True,False,0.08955123948752479
Line.tpx138581a0,Triplex,1,1,1,156.0,True,True,0.15840173944987937
Line.tpx138581a0,Triplex,1,2,2,156.0,True,True,0.10295065640848712
Line.tpx138581a0,Triplex,2,1,1,156.0,True,False,0.1584017591286906
Line.tpx138581a0,Triplex,2,2,2,156.0,True,False,0.1029506760433264
Line.tpx138585c0,Triplex,1,1,1,156.0,True,True,0.025475704698309738
Line.tpx138585c0,Triplex,1,2,2,156.0,True,True,0.09498961707714594
Line.tpx138585c0,Triplex,2,1,1,156.0,True,False,0.025475724237638116
Line.tpx138585c0,Triplex,2,2,2,156.0,True,False,0.09498963669646329
Line.tpx138586c0,Triplex,1,1,1,156.0,True,True,0.17588589898784282
Line.tpx138586c0,Triplex,1,2,2,156.0,True,True,0.0053307803479702275
Line.tpx138586c0,Triplex,2,1,1,156.0,True,False,0.17588591863928693
Line.tpx138586c0,Triplex,2,2,2,156.0,True,False,0.005330799837835994
Line.tpx138641c0,Triplex,1,1,1,156.0,True,True,0.02666823156951013
Line.tpx138641c0,Triplex,1,2,2,156.0,True,True,0.15398745978365705
Line.tpx138641c0,Triplex,2,1,1,156.0,True,False,0.026668251099959753
Line.tpx138641c0,Triplex,2,2,2,156.0,True,False,0.15398747944023716
Line.tpx138642a0,Triplex,1,1,1,156.0,True,True,0.10929228136927992
Line.tpx138642a0,Triplex,1,2,2,156.0,True,True,0.04807279958061562
Line.tpx138642a0,Triplex,2,1,1,156.0,True,False,0.10929230097941972
Line.tpx138642a0,Triplex,2,2,2,156.0,True,False,0.04807281913503516
Line.tpx138644a0,Triplex,1,1,1,156.0,True,True,0.13272503466865443
Line.tpx138644a0,Triplex,1,2,2,156.0,True,True,0.12957869540814607
Line.tpx138644a0,Triplex,2,1,1,156.0,True,False,0.13272505424849487
Line.tpx138644a0,Triplex,2,2,2,156.0,True,False,0.12957871498864712
Line.tpx138645b0,Triplex,1,1,1,156.0,True,True,0.1147291426870244
Line.tpx138645b0,Triplex,1,2,2,156.0,True,True,0.05826820022819435
Line.tpx138645b0,Triplex,2,1,1,156.0,True,False,0.11472916226445189
Line.tpx138645b0,Triplex,2,2,2,156.0,True,False,0.0582682197545231
Line.tpx138646a0,Triplex,1,1,1,156.0,True,True,0.06303531695215774
Line.tpx138646a0,Triplex,1,2,2,156.0,True,True,0.04171051468971516
Line.tpx138646a0,Triplex,2,1,1,156.0,True,False,0.06303533658105716
Line.tpx138646a0,Triplex,2,2,2,156.0,True,False,0.041710534298435076
Line.tpx138647c0,Triplex,1,1,1,156.0,True,True,0.18052263167271032
Line.tpx138647c0,Triplex,1,2,2,156.0,True,True,0.0006861559954816795
Line.tpx138647c0,Triplex,2,1,1,156.0,True,False,0.1805226513388427
Line.tpx138647c0,Triplex,2,2,2,156.0,True,False,0.0006861754872105514
Line.tpx138649a0,Triplex,1,1,1,156.0,True,True,0.22729182412388793
Line.tpx138649a0,Triplex,1,2,2,156.0,True,True,0.03523963197586333
Line.tpx138649a0,Triplex,2,1,1,156.0,True,False,0.22729184383211726
Line.tpx138649a0,Triplex,2,2,2,156.0,True,False,0.03523965152347276
Line.tpx138650c0,Triplex,1,1,1,156.0,True,True,0.0046232636696380116
Line.tpx138650c0,Triplex,1,2,2,156.0,True,True,0.11603247926780881
Line.tpx138650c0,Triplex,2,1,1,156.0,True,False,0.004623283191946351
Line.tpx138650c0,Triplex,2,2,2,156.0,True,False,0.11603249891680274
Line.tpx138651c0,Triplex,1,1,1,156.0,True,True,0.11000840576859391
Line.tpx138651c0,Triplex,1,2,2,156.0,True,True,0.19119885199104722
Line.tpx138651c0,Triplex,2,1,1,156.0,True,False,0.11000842529438892
Line.tpx138651c0,Triplex,2,2,2,156.0,True,False,0.19119887158941704
Line.tpx138652c0,Triplex,1,1,1,156.0,True,True,0.12334457423990106
Line.tpx138652c0,Triplex,1,2,2,156.0,True,True,0.3300142489531191
Line.tpx138652c0,Triplex,2,1,1,156.0,True,False,0.12334459369544823
Line.tpx138652c0,Triplex,2,2,2,156.0,True,False,0.33001426857658306
Line.tpx138655a0,Triplex,1,1,1,156.0,True,True,0.08887464624328811
Line.tpx138655a0,Triplex,1,2,2,156.0,True,True,0.06775557546876122
Line.tpx138655a0,Triplex,2,1,1,156.0,True,False,0.08887466591476655
Line.tpx138655a0,Triplex,2,2,2,156.0,True,False,0.06775559512321262
Line.tpx138679a0,Triplex,1,1,1,156.0,True,True,0.09056549752561158
Line.tpx138679a0,Triplex,1,2,2,156.0,True,True,0.0668118585069671
Line.tpx138679a0,Triplex,2,1,1,156.0,True,False,0.0905655171054879
Line.tpx138679a0,Triplex,2,2,2,156.0,True,False,0.06681187806726939
Line.tpx138680a0,Triplex,1,1,1,156.0,True,True,0.019585775063570777
Line.tpx138680a0,Triplex,1,2,2,156.0,True,True,0.24422571332142112
Line.tpx138680a0,Triplex,2,1,1,156.0,True,False,0.019585794521460545
Line.tpx138680a0,Triplex,2,2,2,156.0,True,False,0.24422573297446787
Line.tpx138684a0,Triplex,1,1,1,156.0,True,True,0.11585246401792439
Line.tpx138684a0,Triplex,1,2,2,156.0,True,True,0.14680654245095778
Line.tpx138684a0,Triplex,2,1,1,156.0,True,False,0.11585248355834424
Line.tpx138684a0,Triplex,2,2,2,156.0,True,False,0.1468065620211292
Line.tpx138685a0,Triplex,1,1,1,156.0,True,True,0.06792189950625452
Line.tpx138685a0,Triplex,1,2,2,156.0,True,True,0.08946285660306191
Line.tpx138685a0,Triplex,2,1,1,156.0,True,False,0.0679219190628772
Line.tpx138685a0,Triplex,2,2,2,156.0,True,False,0.08946287618379636
Line.tpx138716c0,Triplex,1,1,1,156.0,True,True,0.038538094784177974
Line.tpx138716c0,Triplex,1,2,2,156.0,True,True,0.263547440995627
Line.tpx138716c0,Triplex,2,1,1,156.0,True,False,0.03853811425836453
Line.tpx138716c0,Triplex,2,2,2,156.0,True,False,0.26354746066508133
Line.tpx138717c0,Triplex,1,1,1,156.0,True,True,0.06626048503604078
Line.tpx138717c0,Triplex,1,2,2,156.0,True,True,0.23531167205385684
Line.tpx138717c0,Triplex,2,1,1,156.0,True,False,0.06626050453397438
Line.tpx138717c0,Triplex,2,2,2,156.0,True,False,0.23531169169931884
Line.tpx138718c0,Triplex,1,1,1,156.0,True,True,0.2516609762750709
Line.tpx138718c0,Triplex,1,2,2,156.0,True,True,0.050171507843532775
Line.tpx138718c0,Triplex,2,1,1,156.0,True,False,0.2516609959331201
Line.tpx138718c0,Triplex,2,2,2,156.0,True,False,0.050171527333046986
Line.tpx138719a0,Triplex,1,1,1,156.0,True,True,0.005399375111061396
Line.tpx138719a0,Triplex,1,2,2,156.0,True,True,0.25897365175081194
Line.tpx138719a0,Triplex,2,1,1,156.0,True,False,0.005399394538634562
Line.tpx138719a0,Triplex,2,2,2,156.0,True,False,0.2589736713986372
Line.tpx138720a0,Triplex,1,1,1,156.0,True,True,0.08557032823554109
Line.tpx138720a0,Triplex,1,2,2,156.0,True,True,0.17736937415987067
Line.tpx138720a0,Triplex,2,1,1,156.0,True,False,0.08557034774202298
Line.tpx138720a0,Triplex,2,2,2,156.0,True,False,0.17736939374804184
Line.tpx138751b0,Triplex,1,1,1,156.0,True,True,0.2871411275677068
Line.tpx138751b0,Triplex,1,2,2,156.0,True,True,0.004067153401292579
Line.tpx138751b0,Triplex,2,1,1,156.0,True,False,0.28714114716168304
Line.tpx138751b0,Triplex,2,2,2,156.0,True,False,0.004067172756429096
Line.tpx138752b0,Triplex,1,1,1,156.0,True,True,0.12443489805807335
Line.tpx138752b0,Triplex,1,2,2,156.0,True,True,0.049373713443694914
Line.tpx138752b0,Triplex,2,1,1,156.0,True,False,0.12443491756068578
Line.tpx138752b0,Triplex,2,2,2,156.0,True,False,0.049373732877250026
Line.tpx138753b0,Triplex,1,1,1,156.0,True,True,0.02642365960586169
Line.tpx138753b0,Triplex,1,2,2,156.0,True,True,0.2645558606944273
Line.tpx138753b0,Triplex,2,1,1,156.0,True,False,0.026423678954870196
Line.tpx138753b0,Triplex,2,2,2,156.0,True,False,0.26455588024994586
Line.tpx138754b0,Triplex,1,1,1,156.0,True,True,0.08916962005806922
Line.tpx138754b0,Triplex,1,2,2,156.0,True,True,0.34721147140739234
Line.tpx138754b0,Triplex,2,1,1,156.0,True,False,0.08916963938649473
Line.tpx138754b0,Triplex,2,2,2,156.0,True,False,0.347211490944698
Line.tpx138755b0,Triplex,1,1,1,156.0,True,True,0.03668995403554489
Line.tpx138755b0,Triplex,1,2,2,156.0,True,True,0.07911376476412443
Line.tpx138755b0,Triplex,2,1,1,156.0,True,False,0.03668997346253167
Line.tpx138755b0,Triplex,2,2,2,156.0,True,False,0.07911378424121047
Line.tpx138769a0,Triplex,1,1,1,156.0,True,True,0.006051756191767012
Line.tpx138769a0,Triplex,1,2,2,156.0,True,True,0.09946020810174336
Line.tpx138769a0,Triplex,2,1,1,156.0,True,False,0.006051775661016228
Line.tpx138769a0,Triplex,2,2,2,156.0,True,False,0.09946022767772537
Line.tpx138770a0,Triplex,1,1,1,156.0,True,True,0.03180534698266837
Line.tpx138770a0,Triplex,1,2,2,156.0,True,True,0.07349294402707483
Line.tpx138770a0,Triplex,2,1,1,156.0,True,False,0.03180536648090907
Line.tpx138770a0,Triplex,2,2,2,156.0,True,False,0.07349296357464054
Line.tpx138771a0,Triplex,1,1,1,156.0,True,True,0.016995890082044524
Line.tpx138771a0,Triplex,1,2,2,156.0,True,True,0.14121002441014063
Line.tpx138771a0,Triplex,2,1,1,156.0,True,False,0.016995909536450297
Line.tpx138771a0,Triplex,2,2,2,156.0,True,False,0.14121004398779352
Line.tpx138776c0,Triplex,1,1,1,156.0,True,True,0.04665468593433431
Line.tpx138776c0,Triplex,1,2,2,156.0,True,True,0.13448523597922593
Line.tpx138776c0,Triplex,2,1,1,156.0,True,False,0.04665470540721951
Line.tpx138776c0,Triplex,2,2,2,156.0,True,False,0.13448525554012397
Line.tpx138796b0,Triplex,1,1,1,156.0,True,True,0.09473260401982149
Line.tpx138796b0,Triplex,1,2,2,156.0,True,True,0.07924661779453693
Line.tpx138796b0,Triplex,2,1,1,156.0,True,False,0.09473262345830585
Line.tpx138796b0,Triplex,2,2,2,156.0,True,False,0.07924663722140755
Line.tpx138797b0,Triplex,1,1,1,156.0,True,True,0.07068497355784134
Line.tpx138797b0,Triplex,1,2,2,156.0,True,True,0.3669695222720214
Line.tpx138797b0,Triplex,2,1,1,156.0,True,False,0.0706849928352716
Line.tpx138797b0,Triplex,2,2,2,156.0,True,False,0.36696954178879543
Line.tpx138798b0,Triplex,1,1,1,156.0,True,True,0.1421038815074949
Line.tpx138798b0,Triplex,1,2,2,156.0,True,True,0.032211019244137676
Line.tpx138798b0,Triplex,2,1,1,156.0,True,False,0.1421039009897733
Line.tpx138798b0,Triplex,2,2,2,156.0,True,False,0.03221103862374974
Line.tpx157715b0,Triplex,1,1,1,156.0,True,True,0.060029166794328966
Line.tpx157715b0,Triplex,1,2,2,156.0,True,True,0.054360319221938194
Line.tpx157715b0,Triplex,2,1,1,156.0,True,False,0.06002918647913088
Line.tpx157715b0,Triplex,2,2,2,156.0,True,False,0.054360338903857226
Line.tpx157716b0,Triplex,1,1,1,156.0,True,True,0.2420112819687717
Line.tpx157716b0,Triplex,1,2,2,156.0,True,True,0.04548644563820792
Line.tpx157716b0,Triplex,2,1,1,156.0,True,False,0.2420113017104572
Line.tpx157716b0,Triplex,2,2,2,156.0,True,False,0.04548646521556852
Line.tpx157717b0,Triplex,1,1,1,156.0,True,True,0.04106952601437507
Line.tpx157717b0,Triplex,1,2,2,156.0,True,True,0.13099706956839535
Line.tpx157717b0,Triplex,2,1,1,156.0,True,False,0.0410695456412243
Line.tpx157717b0,Triplex,2,2,2,156.0,True,False,0.13099708928531997
Line.tpx157718b0,Triplex,1,1,1,156.0,True,True,0.27111005548596734
Line.tpx157718b0,Triplex,1,2,2,156.0,True,True,0.017027124366642582
Line.tpx157718b0,Triplex,2,1,1,156.0,True,False,0.271110075250009
Line.tpx157718b0,Triplex,2,2,2,156.0,True,False,0.01702714391713966
Line.tpx207286c0,Triplex,1,1,1,156.0,True,True,0.03992769561687591
Line.tpx207286c0,Triplex,1,2,2,156.0,True,True,0.08027863556329792
Line.tpx207286c0,Triplex,2,1,1,156.0,True,False,0.03992771519860743
Line.tpx207286c0,Triplex,2,2,2,156.0,True,False,0.08027865519285456
Line.tpx207287b0,Triplex,1,1,1,156.0,True,True,0.03149974051480848
Line.tpx207287b0,Triplex,1,2,2,156.0,True,True,0.25987936188332844
Line.tpx207287b0,Triplex,2,1,1,156.0,True,False,0.03149975983421914
Line.tpx207287b0,Triplex,2,2,2,156.0,True,False,0.259879381400906
Line.tpx207288b0,Triplex,1,1,1,156.0,True,True,0.07022769839734523
Line.tpx207288b0,Triplex,1,2,2,156.0,True,True,0.04560466233090961
Line.tpx207288b0,Triplex,2,1,1,156.0,True,False,0.07022771785063317
Line.tpx207288b0,Triplex,2,2,2,156.0,True,False,0.045604681760379955
Line.tpx207290a0,Triplex,1,1,1,156.0,True,True,0.15204434820236953
Line.tpx207290a0,Triplex,1,2,2,156.0,True,True,0.11227310302760994
Line.tpx207290a0,Triplex,2,1,1,156.0,True,False,0.15204436765167761
Line.tpx207290a0,Triplex,2,2,2,156.0,True,False,0.11227312244628049
Line.tpx207291c0,Triplex,1,1,1,156.0,True,True,0.14370961514511502
Line.tpx207291c0,Triplex,1,2,2,156.0,True,True,0.1568957375417707
Line.tpx207291c0,Triplex,2,1,1,156.0,True,False,0.1437096347293553
Line.tpx207291c0,Triplex,2,2,2,156.0,True,False,0.15689575714059634
Line.tpx207292c0,Triplex,1,1,1,156.0,True,True,0.14002119875540095
Line.tpx207292c0,Triplex,1,2,2,156.0,True,True,0.04034573221249035
Line.tpx207292c0,Triplex,2,1,1,156.0,True,False,0.14002121840923573
Line.tpx207292c0,Triplex,2,2,2,156.0,True,False,0.04034575177356977
Line.tpx218472a0,Triplex,1,1,1,156.0,True,True,0.14278170440062488
Line.tpx218472a0,Triplex,1,2,2,156.0,True,True,0.11723054537052234
Line.tpx218472a0,Triplex,2,1,1,156.0,True,False,0.14278172416352228
Line.tpx218472a0,Triplex,2,2,2,156.0,True,False,0.11723056511497547
Line.tpx218473a0,Triplex,1,1,1,156.0,True,True,0.044303285099243396
Line.tpx218473a0,Triplex,1,2,2,156.0,True,True,0.21638543933070886
Line.tpx218473a0,Triplex,2,1,1,156.0,True,False,0.04430330477701717
Line.tpx218473a0,Triplex,2,2,2,156.0,True,False,0.2163854591587632
Line.tpx218474a0,Triplex,1,1,1,156.0,True,True,0.34748685248872657
Line.tpx218474a0,Triplex,1,2,2,156.0,True,True,0.17444352545766764
Line.tpx218474a0,Triplex,2,1,1,156.0,True,False,0.3474868722708387
Line.tpx218474a0,Triplex,2,2,2,156.0,True,False,0.17444354511013388
Line.tpx218475a0,Triplex,1,1,1,156.0,True,True,0.05644051956088157
Line.tpx218475a0,Triplex,1,2,2,156.0,True,True,0.04747938550763947
Line.tpx218475a0,Triplex,2,1,1,156.0,True,False,0.05644053933656625
Line.tpx218475a0,Triplex,2,2,2,156.0,True,False,0.04747940527682023
Line.tpx223655c0,Triplex,1,1,1,156.0,True,True,0.09296475663484613
Line.tpx223655c0,Triplex,1,2,2,156.0,True,True,0.08585807243007688
Line.tpx223655c0,Triplex,2,1,1,156.0,True,False,0.09296477638412955
Line.tpx223655c0,Triplex,2,2,2,156.0,True,False,0.0858580921758596
Line.tpx223658a0,Triplex,1,1,1,156.0,True,True,0.035524699173843044
Line.tpx223658a0,Triplex,1,2,2,156.0,True,True,0.016141829923679563
Line.tpx223658a0,Triplex,2,1,1,156.0,True,False,0.035524719018662713
Line.tpx223658a0,Triplex,2,2,2,156.0,True,False,0.01614184974242568
Line.tpx223660c0,Triplex,1,1,1,156.0,True,True,0.014044797685880229
Line.tpx223660c0,Triplex,1,2,2,156.0,True,True,0.1653913580254951
Line.tpx223660c0,Triplex,2,1,1,156.0,True,False,0.014044817357045299
Line.tpx223660c0,Triplex,2,2,2,156.0,True,False,0.16539137784607155
Line.tpx223661c0,Triplex,1,1,1,156.0,True,True,0.1183012251330825
Line.tpx223661c0,Triplex,1,2,2,156.0,True,True,0.060889333167593054
Line.tpx223661c0,Triplex,2,1,1,156.0,True,False,0.11830124487570508
Line.tpx223661c0,Triplex,2,2,2,156.0,True,False,0.060889352858232666
Line.tpx223662c0,Triplex,1,1,1,156.0,True,True,0.15156477371419133
Line.tpx223662c0,Triplex,1,2,2,156.0,True,True,0.2982444174988685
Line.tpx223662c0,Triplex,2,1,1,156.0,True,False,0.1515647933273737
Line.tpx223662c0,Triplex,2,2,2,156.0,True,False,0.29824443723222804
Line.tpx223663c0,Triplex,1,1,1,156.0,True,True,0.11718247126374084
Line.tpx223663c0,Triplex,1,2,2,156.0,True,True,0.002765080974875955
Line.tpx223663c0,Triplex,2,1,1,156.0,True,False,0.11718249103108665
Line.tpx223663c0,Triplex,2,2,2,156.0,True,False,0.002765100618457968
Line.tpx247036c0,Triplex,1,1,1,156.0,True,True,0.027040263095143534
Line.tpx247036c0,Triplex,1,2,2,156.0,True,True,0.09403845431031527
Line.tpx247036c0,Triplex,2,1,1,156.0,True,False,0.02704028253504931
Line.tpx247036c0,Triplex,2,2,2,156.0,True,False,0.09403847382742225
Line.tpx247056a0,Triplex,1,1,1,156.0,True,True,0.06904144026646317
Line.tpx247056a0,Triplex,1,2,2,156.0,True,True,0.09080691984353943
Line.tpx247056a0,Triplex,2,1,1,156.0,True,False,0.0690414595216887
Line.tpx247056a0,Triplex,2,2,2,156.0,True,False,0.09080693912303499
Line.tpx247057a0,Triplex,1,1,1,156.0,True,True,0.10332171512321586
Line.tpx247057a0,Triplex,1,2,2,156.0,True,True,0.05658604528314807
Line.tpx247057a0,Triplex,2,1,1,156.0,True,False,0.10332173441012564
Line.tpx247057a0,Triplex,2,2,2,156.0,True,False,0.05658606452827168
Line.tpx247058a0,Triplex,1,1,1,156.0,True,True,0.04577241970451321
Line.tpx247058a0,Triplex,1,2,2,156.0,True,True,0.06085230201338575
Line.tpx247058a0,Triplex,2,1,1,156.0,True,False,0.045772438966372835
Line.tpx247058a0,Triplex,2,2,2,156.0,True,False,0.06085232129516676
Line.tpx247059a0,Triplex,1,1,1,156.0,True,True,0.2666641427140976
Line.tpx247059a0,Triplex,1,2,2,156.0,True,True,0.0018306039800626733
Line.tpx247059a0,Triplex,2,1,1,156.0,True,False,0.2666641620749402
Line.tpx247059a0,Triplex,2,2,2,156.0,True,False,0.0018306231166380122
Line.tpx247060a0,Triplex,1,1,1,156.0,True,True,0.10627856378638316
Line.tpx247060a0,Triplex,1,2,2,156.0,True,True,0.0007002923353761696
Line.tpx247060a0,Triplex,2,1,1,156.0,True,False,0.10627858311282513
Line.tpx247060a0,Triplex,2,2,2,156.0,True,False,0.0007003115445815951
Line.tpx247061a0,Triplex,1,1,1,156.0,True,True,0.16209849527912612
Line.tpx247061a0,Triplex,1,2,2,156.0,True,True,0.10480702641420181
Line.tpx247061a0,Triplex,2,1,1,156.0,True,False,0.16209851455069357
Line.tpx247061a0,Triplex,2,2,2,156.0,True,False,0.104807045640157
Line.tpx247084b0,Triplex,1,1,1,156.0,True,True,0.25129573554344226
Line.tpx247084b0,Triplex,1,2,2,156.0,True,True,0.03989258237020196
Line.tpx247084b0,Triplex,2,1,1,156.0,True,False,0.2512957550522575
Line.tpx247084b0,Triplex,2,2,2,156.0,True,False,0.03989260170197677
Line.tpx247100b0,Triplex,1,1,1,156.0,True,True,0.17467337875415703
Line.tpx247100b0,Triplex,1,2,2,156.0,True,True,0.00015031457407060003
Line.tpx247100b0,Triplex,2,1,1,156.0,True,False,0.17467339826607664
Line.tpx247100b0,Triplex,2,2,2,156.0,True,False,0.00015033390109809954
Line.tpx247105b0,Triplex,1,1,1,156.0,True,True,0.05498138394303759
Line.tpx247105b0,Triplex,1,2,2,156.0,True,True,0.11921056743470686
Line.tpx247105b0,Triplex,2,1,1,156.0,True,False,0.05498140333073923
Line.tpx247105b0,Triplex,2,2,2,156.0,True,False,0.1192105868876556
Line.tpx247122b0,Triplex,1,1,1,156.0,True,True,0.15106103425059045
Line.tpx247122b0,Triplex,1,2,2,156.0,True,True,0.02349428175526173
Line.tpx247122b0,Triplex,2,1,1,156.0,True,False,0.15106105372723969
Line.tpx247122b0,Triplex,2,2,2,156.0,True,False,0.02349430111215975
Line.tpx247126b0,Triplex,1,1,1,156.0,True,True,0.07631015243186996
Line.tpx247126b0,Triplex,1,2,2,156.0,True,True,0.03964453860694683
Line.tpx247126b0,Triplex,2,1,1,156.0,True,False,0.07631017187517561
Line.tpx247126b0,Triplex,2,2,2,156.0,True,False,0.03964455801314879
Line.tpx247160b0,Triplex,1,1,1,156.0,True,True,0.026587030885415624
Line.tpx247160b0,Triplex,1,2,2,156.0,True,True,0.14803259162442467
Line.tpx247160b0,Triplex,2,1,1,156.0,True,False,0.02658705022948096
Line.tpx247160b0,Triplex,2,2,2,156.0,True,False,0.14803261108893487
Line.tpx247162b0,Triplex,1,1,1,156.0,True,True,0.08374416074441689
Line.tpx247162b0,Triplex,1,2,2,156.0,True,True,0.09049189370308278
Line.tpx247162b0,Triplex,2,1,1,156.0,True,False,0.08374418014291599
Line.tpx247162b0,Triplex,2,2,2,156.0,True,False,0.09049191311140496
Line.tpx247164b0,Triplex,1,1,1,156.0,True,True,0.08633459516177265
Line.tpx247164b0,Triplex,1,2,2,156.0,True,True,0.029771991123761127
Line.tpx247164b0,Triplex,2,1,1,156.0,True,False,0.08633461460032857
Line.tpx247164b0,Triplex,2,2,2,156.0,True,False,0.0297720105032597
Line.tpx247170b0,Triplex,1,1,1,156.0,True,True,0.06879306482082853
Line.tpx247170b0,Triplex,1,2,2,156.0,True,True,0.3696243241837002
Line.tpx247170b0,Triplex,2,1,1,156.0,True,False,0.06879308406542385
Line.tpx247170b0,Triplex,2,2,2,156.0,True,False,0.36962434367124647
Line.tpx247171b0,Triplex,1,1,1,156.0,True,True,0.085713383700482
Line.tpx247171b0,Triplex,1,2,2,156.0,True,True,0.08854526769693495
Line.tpx247171b0,Triplex,2,1,1,156.0,True,False,0.08571340309824971
Line.tpx247171b0,Triplex,2,2,2,156.0,True,False,0.08854528710074473
Line.tpx247184c0,Triplex,1,1,1,156.0,True,True,0.05642952203427882
Line.tpx247184c0,Triplex,1,2,2,156.0,True,True,0.24560715425699306
Line.tpx247184c0,Triplex,2,1,1,156.0,True,False,0.05642954150448613
Line.tpx247184c0,Triplex,2,2,2,156.0,True,False,0.2456071738918834
Line.tpx247185b0,Triplex,1,1,1,156.0,True,True,0.12229777066681513
Line.tpx247185b0,Triplex,1,2,2,156.0,True,True,0.052486151615038855
Line.tpx247185b0,Triplex,2,1,1,156.0,True,False,0.12229779005608943
Line.tpx247185b0,Triplex,2,2,2,156.0,True,False,0.052486170940298324
Line.tpx251828b0,Triplex,1,1,1,156.0,True,True,0.05343775764366772
Line.tpx251828b0,Triplex,1,2,2,156.0,True,True,0.1219004112969002
Line.tpx251828b0,Triplex,2,1,1,156.0,True,False,0.05343777690415754
Line.tpx251828b0,Triplex,2,2,2,156.0,True,False,0.12190043062669666
Line.tpx251855c0,Triplex,1,1,1,156.0,True,True,0.07672082704744125
Line.tpx251855c0,Triplex,1,2,2,156.0,True,True,0.22380312884810197
Line.tpx251855c0,Triplex,2,1,1,156.0,True,False,0.07672084661234792
Line.tpx251855c0,Triplex,2,2,2,156.0,True,False,0.22380314854180794
Line.tpx251856c0,Triplex,1,1,1,156.0,True,True,0.09552703687421375
Line.tpx251856c0,Triplex,1,2,2,156.0,True,True,0.08529322320197008
Line.tpx251856c0,Triplex,2,1,1,156.0,True,False,0.09552705640723048
Line.tpx251856c0,Triplex,2,2,2,156.0,True,False,0.08529324272845717
Line.tpx251857c0,Triplex,1,1,1,156.0,True,True,0.004835395549102515
Line.tpx251857c0,Triplex,1,2,2,156.0,True,True,0.1767548095127527
Line.tpx251857c0,Triplex,2,1,1,156.0,True,False,0.004835414994973388
Line.tpx251857c0,Triplex,2,2,2,156.0,True,False,0.1767548291282486
Line.tpx251858c0,Triplex,1,1,1,156.0,True,True,0.1593380610530504
Line.tpx251858c0,Triplex,1,2,2,156.0,True,True,0.1423350725639241
Line.tpx251858c0,Triplex,2,1,1,156.0,True,False,0.15933808058115942
Line.tpx251858c0,Triplex,2,2,2,156.0,True,False,0.1423350920808725
Line.tpx251859c0,Triplex,1,1,1,156.0,True,True,0.06622436724257091
Line.tpx251859c0,Triplex,1,2,2,156.0,True,True,0.23610819182966267
Line.tpx251859c0,Triplex,2,1,1,156.0,True,False,0.06622438669144333
Line.tpx251859c0,Triplex,2,2,2,156.0,True,False,0.23610821142676125
Line.tpx251862c0,Triplex,1,1,1,156.0,True,True,0.1802606502326913
Line.tpx251862c0,Triplex,1,2,2,156.0,True,True,0.0011875158861750904
Line.tpx251862c0,Triplex,2,1,1,156.0,True,False,0.18026066987186753
Line.tpx251862c0,Triplex,2,2,2,156.0,True,False,0.001187535353574809
Line.tpx251863c0,Triplex,1,1,1,156.0,True,True,0.24559280367623004
Line.tpx251863c0,Triplex,1,2,2,156.0,True,True,0.05670482426486352
Line.tpx251863c0,Triplex,2,1,1,156.0,True,False,0.24559282329135043
Line.tpx251863c0,Triplex,2,2,2,156.0,True,False,0.05670484372221727
Line.tpx251865c0,Triplex,1,1,1,156.0,True,True,0.1604834271151046
Line.tpx251865c0,Triplex,1,2,2,156.0,True,True,0.020580403655257387
Line.tpx251865c0,Triplex,2,1,1,156.0,True,False,0.16048344674080275
Line.tpx251865c0,Triplex,2,2,2,156.0,True,False,0.020580423149335902
Line.tpx251867c0,Triplex,1,1,1,156.0,True,True,0.07994289600761381
Line.tpx251867c0,Triplex,1,2,2,156.0,True,True,0.220959867640913
Line.tpx251867c0,Triplex,2,1,1,156.0,True,False,0.07994291554779297
Line.tpx251867c0,Triplex,2,2,2,156.0,True,False,0.22095988730471214
Line.tpx260457b0,Triplex,1,1,1,156.0,True,True,0.08542192086028717
Line.tpx260457b0,Triplex,1,2,2,156.0,True,True,0.029047374589030166
Line.tpx260457b0,Triplex,2,1,1,156.0,True,False,0.08542194057605769
Line.tpx260457b0,Triplex,2,2,2,156.0,True,False,0.029047394245989306
Line.tpx260458b0,Triplex,1,1,1,156.0,True,True,0.01471133425846935
Line.tpx260458b0,Triplex,1,2,2,156.0,True,True,0.09987897481820389
Line.tpx260458b0,Triplex,2,1,1,156.0,True,False,0.014711353895945188
Line.tpx260458b0,Triplex,2,2,2,156.0,True,False,0.09987899455305073
Line.tpx260461b0,Triplex,1,1,1,156.0,True,True,0.13132472466910766
Line.tpx260461b0,Triplex,1,2,2,156.0,True,True,0.1552543215527111
Line.tpx260461b0,Triplex,2,1,1,156.0,True,False,0.13132474431841423
Line.tpx260461b0,Triplex,2,2,2,156.0,True,False,0.1552543412257989
Line.tpx260463b0,Triplex,1,1,1,156.0,True,True,0.03742428767525635
Line.tpx260463b0,Triplex,1,2,2,156.0,True,True,0.13467716027758111
Line.tpx260463b0,Triplex,2,1,1,156.0,True,False,0.03742430729870301
Line.tpx260463b0,Triplex,2,2,2,156.0,True,False,0.13467717999819148
Line.tpx260464a0,Triplex,1,1,1,156.0,True,True,0.05142662918783987
Line.tpx260464a0,Triplex,1,2,2,156.0,True,True,0.3456174825736828
Line.tpx260464a0,Triplex,2,1,1,156.0,True,False,0.05142664856430741
Line.tpx260464a0,Triplex,2,2,2,156.0,True,False,0.3456175021880401
Line.tpx260467a0,Triplex,1,1,1,156.0,True,True,0.07953691734506908
Line.tpx260467a0,Triplex,1,2,2,156.0,True,True,0.0781743523610477
Line.tpx260467a0,Triplex,2,1,1,156.0,True,False,0.07953693687082063
Line.tpx260467a0,Triplex,2,2,2,156.0,True,False,0.07817437188880379
Line.tpx260473a0,Triplex,1,1,1,156.0,True,True,0.3960408956934245
Line.tpx260473a0,Triplex,1,2,2,156.0,True,True,0.0047140974879654185
Line.tpx260473a0,Triplex,2,1,1,156.0,True,False,0.39604091523495166
Line.tpx260473a0,Triplex,2,2,2,156.0,True,False,0.0047141167202615665
Line.tpx260474a0,Triplex,1,1,1,156.0,True,True,0.242968886694267
Line.tpx260474a0,Triplex,1,2,2,156.0,True,True,0.022856440218308606
Line.tpx260474a0,Triplex,2,1,1,156.0,True,False,0.2429689061915824
Line.tpx260474a0,Triplex,2,2,2,156.0,True,False,0.02285645953100075
Line.tpx260475a0,Triplex,1,1,1,156.0,True,True,0.1770479316515379
Line.tpx260475a0,Triplex,1,2,2,156.0,True,True,0.2203222794170062
Line.tpx260475a0,Triplex,2,1,1,156.0,True,False,0.17704795102144485
Line.tpx260475a0,Triplex,2,2,2,156.0,True,False,0.22032229882469861
Line.tpx260476a0,Triplex,1,1,1,156.0,True,True,0.09684050345570674
Line.tpx260476a0,Triplex,1,2,2,156.0,True,True,0.06173940790199826
Line.tpx260476a0,Triplex,2,1,1,156.0,True,False,0.09684052289501736
Line.tpx260476a0,Triplex,2,2,2,156.0,True,False,0.061739427310761416
Line.tpx260479a0,Triplex,1,1,1,156.0,True,True,0.30615712054228744
Line.tpx260479a0,Triplex,1,2,2,156.0,True,True,0.09203715808548774
Line.tpx260479a0,Triplex,2,1,1,156.0,True,False,0.3061571400222686
Line.tpx260479a0,Triplex,2,2,2,156.0,True,False,0.09203717739808134
Line.tpx260480c0,Triplex,1,1,1,156.0,True,True,0.1607340597222007
Line.tpx260480c0,Triplex,1,2,2,156.0,True,True,0.13956649165518584
Line.tpx260480c0,Triplex,2,1,1,156.0,True,False,0.16073407934142578
Line.tpx260480c0,Triplex,2,2,2,156.0,True,False,0.13956651125971245
Line.tpx260481c0,Triplex,1,1,1,156.0,True,True,0.28804669206890327
Line.tpx260481c0,Triplex,1,2,2,156.0,True,True,0.014040552224925652
Line.tpx260481c0,Triplex,2,1,1,156.0,True,False,0.2880467117938398
Line.tpx260481c0,Triplex,2,2,2,156.0,True,False,0.014040571719352996
Line.tpx260484a0,Triplex,1,1,1,156.0,True,True,0.03516819921610729
Line.tpx260484a0,Triplex,1,2,2,156.0,True,True,0.12351631128341922
Line.tpx260484a0,Triplex,2,1,1,156.0,True,False,0.03516821860419644
Line.tpx260484a0,Triplex,2,2,2,156.0,True,False,0.12351633076006453
Line.tpx260487a0,Triplex,1,1,1,156.0,True,True,0.12412697633943591
Line.tpx260487a0,Triplex,1,2,2,156.0,True,True,0.03456468880728022
Line.tpx260487a0,Triplex,2,1,1,156.0,True,False,0.12412699581381244
Line.tpx260487a0,Triplex,2,2,2,156.0,True,False,0.03456470819855446
Line.tpx260488a0,Triplex,1,1,1,156.0,True,True,0.07502148056107465
Line.tpx260488a0,Triplex,1,2,2,156.0,True,True,0.32341435595692264
Line.tpx260488a0,Triplex,2,1,1,156.0,True,False,0.07502149986130428
Line.tpx260488a0,Triplex,2,2,2,156.0,True,False,0.32341437545847934
Line.tpx260491c0,Triplex,1,1,1,156.0,True,True,0.06522829138968138
Line.tpx260491c0,Triplex,1,2,2,156.0,True,True,0.38839026624263445
Line.tpx260491c0,Triplex,2,1,1,156.0,True,False,0.06522831084566885
Line.tpx260491c0,Triplex,2,2,2,156.0,True,False,0.38839028595934916
Line.tpx260494b0,Triplex,1,1,1,156.0,True,True,0.18358899967916095
Line.tpx260494b0,Triplex,1,2,2,156.0,True,True,0.25188904827764247
Line.tpx260494b0,Triplex,2,1,1,156.0,True,False,0.18358901906284816
Line.tpx260494b0,Triplex,2,2,2,156.0,True,False,0.2518890677190483
Line.tpx260495b0,Triplex,1,1,1,156.0,True,True,0.011424459454091079
Line.tpx260495b0,Triplex,1,2,2,156.0,True,True,0.10456598699831009
Line.tpx260495b0,Triplex,2,1,1,156.0,True,False,0.01142447885696986
Line.tpx260495b0,Triplex,2,2,2,156.0,True,False,0.10456600650735293
Line.tpx260496b0,Triplex,1,1,1,156.0,True,True,0.08524182184738924
Line.tpx260496b0,Triplex,1,2,2,156.0,True,True,0.030576495064168326
Line.tpx260496b0,Triplex,2,1,1,156.0,True,False,0.08524184133207358
Line.tpx260496b0,Triplex,2,2,2,156.0,True,False,0.030576514491893924
Line.tpx260500b0,Triplex,1,1,1,156.0,True,True,0.030565439213829204
Line.tpx260500b0,Triplex,1,2,2,156.0,True,True,0.08527174985910635
Line.tpx260500b0,Triplex,2,1,1,156.0,True,False,0.03056545863454282
Line.tpx260500b0,Triplex,2,2,2,156.0,True,False,0.08527176934345712
Line.tpx260501b0,Triplex,1,1,1,156.0,True,True,0.014401143017538337
Line.tpx260501b0,Triplex,1,2,2,156.0,True,True,0.27723086187919566
Line.tpx260501b0,Triplex,2,1,1,156.0,True,False,0.014401162331857521
Line.tpx260501b0,Triplex,2,2,2,156.0,True,False,0.2772308814211846
Line.tpx260502b0,Triplex,1,1,1,156.0,True,True,0.0592897464830593
Line.tpx260502b0,Triplex,1,2,2,156.0,True,True,0.056464680273036215
Line.tpx260502b0,Triplex,2,1,1,156.0,True,False,0.0592897659342132
Line.tpx260502b0,Triplex,2,2,2,156.0,True,False,0.056464699724395336
Line.tpx260503b0,Triplex,1,1,1,156.0,True,True,0.14959877403889713
Line.tpx260503b0,Triplex,1,2,2,156.0,True,True,0.02470025701701245
Line.tpx260503b0,Triplex,2,1,1,156.0,True,False,0.14959879354075675
Line.tpx260503b0,Triplex,2,2,2,156.0,True,False,0.024700276401713094
Line.tpx260505c0,Triplex,1,1,1,156.0,True,True,0.01892711653380348
Line.tpx260505c0,Triplex,1,2,2,156.0,True,True,0.28313639398016677
Line.tpx260505c0,Triplex,2,1,1,156.0,True,False,0.01892713602165226
Line.tpx260505c0,Triplex,2,2,2,156.0,True,False,0.2831364136968087
Line.tpx260508a0,Triplex,1,1,1,156.0,True,True,0.06448262869717879
Line.tpx260508a0,Triplex,1,2,2,156.0,True,True,0.09390306682720281
Line.tpx260508a0,Triplex,2,1,1,156.0,True,False,0.06448264812773233
Line.tpx260508a0,Triplex,2,2,2,156.0,True,False,0.09390308628945547
Line.tpx260511c0,Triplex,1,1,1,156.0,True,True,0.07700951337294806
Line.tpx260511c0,Triplex,1,2,2,156.0,True,True,0.10343323966761919
Line.tpx260511c0,Triplex,2,1,1,156.0,True,False,0.07700953293071407
Line.tpx260511c0,Triplex,2,2,2,156.0,True,False,0.10343325925420725
Line.tpx260513c0,Triplex,1,1,1,156.0,True,True,0.07209104049608947
Line.tpx260513c0,Triplex,1,2,2,156.0,True,True,0.10837214713304227
Line.tpx260513c0,Triplex,2,1,1,156.0,True,False,0.07209106004865103
Line.tpx260513c0,Triplex,2,2,2,156.0,True,False,0.10837216672391058
Line.tpx260514c0,Triplex,1,1,1,156.0,True,True,0.14862299260327505
Line.tpx260514c0,Triplex,1,2,2,156.0,True,True,0.03155868877700856
Line.tpx260514c0,Triplex,2,1,1,156.0,True,False,0.14862301229658753
Line.tpx260514c0,Triplex,2,2,2,156.0,True,False,0.03155870836078726
Line.tpx260515a0,Triplex,1,1,1,156.0,True,True,0.05589479521550286
Line.tpx260515a0,Triplex,1,2,2,156.0,True,True,0.20927476397307934
Line.tpx260515a0,Triplex,2,1,1,156.0,True,False,0.05589481455750768
Line.tpx260515a0,Triplex,2,2,2,156.0,True,False,0.20927478344931266
Line.tpx260517c0,Triplex,1,1,1,156.0,True,True,0.0009104845781567814
Line.tpx260517c0,Triplex,1,2,2,156.0,True,True,0.1797146478663647
Line.tpx260517c0,Triplex,2,1,1,156.0,True,False,0.0009105041291445989
Line.tpx260517c0,Triplex,2,2,2,156.0,True,False,0.1797146675963829
Line.tpx260518c0,Triplex,1,1,1,156.0,True,True,0.28432629474147797
Line.tpx260518c0,Triplex,1,2,2,156.0,True,True,0.01740776477171065
Line.tpx260518c0,Triplex,2,1,1,156.0,True,False,0.2843263144804818
Line.tpx260518c0,Triplex,2,2,2,156.0,True,False,0.017407784286278323
Line.tpx260520b0,Triplex,1,1,1,156.0,True,True,0.03605169366331381
Line.tpx260520b0,Triplex,1,2,2,156.0,True,True,0.02188671131742565
Line.tpx260520b0,Triplex,2,1,1,156.0,True,False,0.03605171315308766
Line.tpx260520b0,Triplex,2,2,2,156.0,True,False,0.02188673078902343
Line.tpx260521b0,Triplex,1,1,1,156.0,True,True,0.13910884799921228
Line.tpx260521b0,Triplex,1,2,2,156.0,True,True,0.03486274237408255
Line.tpx260521b0,Triplex,2,1,1,156.0,True,False,0.13910886751344295
Line.tpx260521b0,Triplex,2,2,2,156.0,True,False,0.03486276179109644
Line.tpx260527b0,Triplex,1,1,1,156.0,True,True,0.16021323612837085
Line.tpx260527b0,Triplex,1,2,2,156.0,True,True,0.1294230470116396
Line.tpx260527b0,Triplex,2,1,1,156.0,True,False,0.16021325559451102
Line.tpx260527b0,Triplex,2,2,2,156.0,True,False,0.12942306645483106
Line.tpx260528c0,Triplex,1,1,1,156.0,True,True,0.1878717550419379
Line.tpx260528c0,Triplex,1,2,2,156.0,True,True,0.11233977348778396
Line.tpx260528c0,Triplex,2,1,1,156.0,True,False,0.18787177469828445
Line.tpx260528c0,Triplex,2,2,2,156.0,True,False,0.11233979308305582
Line.tpx260529c0,Triplex,1,1,1,156.0,True,True,0.10128606776096315
Line.tpx260529c0,Triplex,1,2,2,156.0,True,True,0.018812150975597325
Line.tpx260529c0,Triplex,2,1,1,156.0,True,False,0.10128608745443889
Line.tpx260529c0,Triplex,2,2,2,156.0,True,False,0.01881217058144322
Line.tpx260532c0,Triplex,1,1,1,156.0,True,True,0.10331128568216737
Line.tpx260532c0,Triplex,1,2,2,156.0,True,True,0.07649390051422932
Line.tpx260532c0,Triplex,2,1,1,156.0,True,False,0.10331130533516965
Line.tpx260532c0,Triplex,2,2,2,156.0,True,False,0.07649392014471905
Line.tpx260535c0,Triplex,1,1,1,156.0,True,True,0.07301331056561533
Line.tpx260535c0,Triplex,1,2,2,156.0,True,True,0.37985131151364204
Line.tpx260535c0,Triplex,2,1,1,156.0,True,False,0.07301333005094511
Line.tpx260535c0,Triplex,2,2,2,156.0,True,False,0.3798513312467071
Line.tpx260542a0,Triplex,1,1,1,156.0,True,True,0.06171280897646551
Line.tpx260542a0,Triplex,1,2,2,156.0,True,True,0.2034369921304482
Line.tpx260542a0,Triplex,2,1,1,156.0,True,False,0.06171282831897953
Line.tpx260542a0,Triplex,2,2,2,156.0,True,False,0.2034370115972361
Line.tpx260543c0,Triplex,1,1,1,156.0,True,True,0.2857454007172752
Line.tpx260543c0,Triplex,1,2,2,156.0,True,True,0.015888698731118523
Line.tpx260543c0,Triplex,2,1,1,156.0,True,False,0.2857454204664337
Line.tpx260543c0,Triplex,2,2,2,156.0,True,False,0.01588871825331426
Line.tpx260551c0,Triplex,1,1,1,156.0,True,True,0.3256882466925764
Line.tpx260551c0,Triplex,1,2,2,156.0,True,True,0.1258840001372792
Line.tpx260551c0,Triplex,2,1,1,156.0,True,False,0.32568826638497467
Line.tpx260551c0,Triplex,2,2,2,156.0,True,False,0.12588401967387108
Line.tpx260552a0,Triplex,1,1,1,156.0,True,True,0.32272968321361356
Line.tpx260552a0,Triplex,1,2,2,156.0,True,True,0.20932657910204916
Line.tpx260552a0,Triplex,2,1,1,156.0,True,False,0.3227297025852918
Line.tpx260552a0,Triplex,2,2,2,156.0,True,False,0.2093265983898746
Line.tpx260553c0,Triplex,1,1,1,156.0,True,True,0.0938823931054523
Line.tpx260553c0,Triplex,1,2,2,156.0,True,True,0.08584036440841196
Line.tpx260553c0,Triplex,2,1,1,156.0,True,False,0.09388241275643067
Line.tpx260553c0,Triplex,2,2,2,156.0,True,False,0.08584038405500144
Line.tpx260554c0,Triplex,1,1,1,156.0,True,True,0.0872072259962188
Line.tpx260554c0,Triplex,1,2,2,156.0,True,True,0.0925162967565234
Line.tpx260554c0,Triplex,2,1,1,156.0,True,False,0.08720724564053604
Line.tpx260554c0,Triplex,2,2,2,156.0,True,False,0.09251631640931401
Line.tpx260555a0,Triplex,1,1,1,156.0,True,True,0.05664669099492232
Line.tpx260555a0,Triplex,1,2,2,156.0,True,True,0.34377430179846435
Line.tpx260555a0,Triplex,2,1,1,156.0,True,False,0.05664671020580551
Line.tpx260555a0,Triplex,2,2,2,156.0,True,False,0.3437743212415418
Line.tpx260558c0,Triplex,1,1,1,156.0,True,True,0.055951171292421234
Line.tpx260558c0,Triplex,1,2,2,156.0,True,True,0.06390853298202666
Line.tpx260558c0,Triplex,2,1,1,156.0,True,False,0.055951190940995814
Line.tpx260558c0,Triplex,2,2,2,156.0,True,False,0.06390855264272548
Line.tpx260561c0,Triplex,1,1,1,156.0,True,True,0.2384706080847707
Line.tpx260561c0,Triplex,1,2,2,156.0,True,True,0.06230002053217948
Line.tpx260561c0,Triplex,2,1,1,156.0,True,False,0.2384706277864037
Line.tpx260561c0,Triplex,2,2,2,156.0,True,False,0.06230004008689558
Line.tpx260562a0,Triplex,1,1,1,156.0,True,True,0.14638423065273207
Line.tpx260562a0,Triplex,1,2,2,156.0,True,True,0.25450465745034634
Line.tpx260562a0,Triplex,2,1,1,156.0,True,False,0.1463842498373489
Line.tpx260562a0,Triplex,2,2,2,156.0,True,False,0.2545046767244219
Line.tpx260567c0,Triplex,1,1,1,156.0,True,True,0.1231678442972727
Line.tpx260567c0,Triplex,1,2,2,156.0,True,True,0.05670887201165222
Line.tpx260567c0,Triplex,2,1,1,156.0,True,False,0.12316786397239773
Line.tpx260567c0,Triplex,2,2,2,156.0,True,False,0.056708891626053755
Line.tpx260568c0,Triplex,1,1,1,156.0,True,True,0.09756418086195275
Line.tpx260568c0,Triplex,1,2,2,156.0,True,True,0.08220156792196842
Line.tpx260568c0,Triplex,2,1,1,156.0,True,False,0.09756420051229507
Line.tpx260568c0,Triplex,2,2,2,156.0,True,False,0.08220158756084035
Line.tpx260569c0,Triplex,1,1,1,156.0,True,True,0.21646687219316169
Line.tpx260569c0,Triplex,1,2,2,156.0,True,True,0.08397428133356258
Line.tpx260569c0,Triplex,2,1,1,156.0,True,False,0.21646689187701418
Line.tpx260569c0,Triplex,2,2,2,156.0,True,False,0.08397430090774509
Line.tpx260572c0,Triplex,1,1,1,156.0,True,True,0.06632448632102725
Line.tpx260572c0,Triplex,1,2,2,156.0,True,True,0.1134911370122219
Line.tpx260572c0,Triplex,2,1,1,156.0,True,False,0.06632450594135218
Line.tpx260572c0,Triplex,2,2,2,156.0,True,False,0.11349115668136082
Line.tpx260573c0,Triplex,1,1,1,156.0,True,True,0.10168739596983875
Line.tpx260573c0,Triplex,1,2,2,156.0,True,True,0.07808591484513377
Line.tpx260573c0,Triplex,2,1,1,156.0,True,False,0.10168741562427171
Line.tpx260573c0,Triplex,2,2,2,156.0,True,False,0.07808593448016461
Line.tpx260574c0,Triplex,1,1,1,156.0,True,True,0.14270898214643965
Line.tpx260574c0,Triplex,1,2,2,156.0,True,True,0.15730394900110042
Line.tpx260574c0,Triplex,2,1,1,156.0,True,False,0.14270900176875656
Line.tpx260574c0,Triplex,2,2,2,156.0,True,False,0.15730396863922197
Line.tpx260575b0,Triplex,1,1,1,156.0,True,True,0.0763349156832872
Line.tpx260575b0,Triplex,1,2,2,156.0,True,True,0.09841049225255384
Line.tpx260575b0,Triplex,2,1,1,156.0,True,False,0.0763349350191651
Line.tpx260575b0,Triplex,2,2,2,156.0,True,False,0.09841051161301706
Line.tpx260576c0,Triplex,1,1,1,156.0,True,True,0.27532975716785374
Line.tpx260576c0,Triplex,1,2,2,156.0,True,True,0.026148778046337
Line.tpx260576c0,Triplex,2,1,1,156.0,True,False,0.2753297769019505
Line.tpx260576c0,Triplex,2,2,2,156.0,True,False,0.02614879757118859
Line.tpx260577c0,Triplex,1,1,1,156.0,True,True,0.04336240562061497
Line.tpx260577c0,Triplex,1,2,2,156.0,True,True,0.410347291304388
Line.tpx260577c0,Triplex,2,1,1,156.0,True,False,0.043362425083628545
Line.tpx260577c0,Triplex,2,2,2,156.0,True,False,0.41034731106307615
Line.tpx260581c0,Triplex,1,1,1,156.0,True,True,0.1953550349058746
Line.tpx260581c0,Triplex,1,2,2,156.0,True,True,0.10486423028479563
Line.tpx260581c0,Triplex,2,1,1,156.0,True,False,0.19535505457192093
Line.tpx260581c0,Triplex,2,2,2,156.0,True,False,0.10486424987700459
Line.tpx260586b0,Triplex,1,1,1,156.0,True,True,0.3787393796508127
Line.tpx260586b0,Triplex,1,2,2,156.0,True,True,0.06130323657920055
Line.tpx260586b0,Triplex,2,1,1,156.0,True,False,0.37873939908107285
Line.tpx260586b0,Triplex,2,2,2,156.0,True,False,0.06130325575986593
Line.tpx260589b0,Triplex,1,1,1,156.0,True,True,0.011469643990948854
Line.tpx260589b0,Triplex,1,2,2,156.0,True,True,0.16396918787655335
Line.tpx260589b0,Triplex,2,1,1,156.0,True,False,0.011469663254559068
Line.tpx260589b0,Triplex,2,2,2,156.0,True,False,0.16396920729067452
Line.tpx260590b0,Triplex,1,1,1,156.0,True,True,0.18367478187208294
Line.tpx260590b0,Triplex,1,2,2,156.0,True,True,0.10804987093763085
Line.tpx260590b0,Triplex,2,1,1,156.0,True,False,0.18367480122586877
Line.tpx260590b0,Triplex,2,2,2,156.0,True,False,0.10804989023019597
Line.tpx260591b0,Triplex,1,1,1,156.0,True,True,0.09512051847114869
Line.tpx260591b0,Triplex,1,2,2,156.0,True,True,0.1967076850418999
Line.tpx260591b0,Triplex,2,1,1,156.0,True,False,0.09512053774940067
Line.tpx260591b0,Triplex,2,2,2,156.0,True,False,0.19670770441010027
Line.tpx260594a0,Triplex,1,1,1,156.0,True,True,0.02780337536432583
Line.tpx260594a0,Triplex,1,2,2,156.0,True,True,0.07974811332069025
Line.tpx260594a0,Triplex,2,1,1,156.0,True,False,0.02780339445345949
Line.tpx260594a0,Triplex,2,2,2,156.0,True,False,0.07974813247039238
Line.tpx260595a0,Triplex,1,1,1,156.0,True,True,0.6720473496322945
Line.tpx260595a0,Triplex,1,2,2,156.0,True,True,0.14448594663374245
Line.tpx260595a0,Triplex,2,1,1,156.0,True,False,0.6720473688521142
Line.tpx260595a0,Triplex,2,2,2,156.0,True,False,0.1444859654674984
Line.tpx260595b0,Triplex,1,1,1,156.0,True,True,0.669579628822132
Line.tpx260595b0,Triplex,1,2,2,156.0,True,True,0.21457834292763694
Line.tpx260595b0,Triplex,2,1,1,156.0,True,False,0.6695796482226898
Line.tpx260595b0,Triplex,2,2,2,156.0,True,False,0.2145783619960202
Line.tpx260595c0,Triplex,1,1,1,156.0,True,True,0.036370507955521054
Line.tpx260595c0,Triplex,1,2,2,156.0,True,True,0.8835757957232584
Line.tpx260595c0,Triplex,2,1,1,156.0,True,False,0.03637052719447225
Line.tpx260595c0,Triplex,2,2,2,156.0,True,False,0.8835758155899257
Line.tpx260598a0,Triplex,1,1,1,156.0,True,True,0.040217450983324965
Line.tpx260598a0,Triplex,1,2,2,156.0,True,True,0.366403038932679
Line.tpx260598a0,Triplex,2,1,1,156.0,True,False,0.040217469909772756
Line.tpx260598a0,Triplex,2,2,2,156.0,True,False,0.3664030581223594
Line.tpx260601c0,Triplex,1,1,1,156.0,True,True,0.10767222311393763
Line.tpx260601c0,Triplex,1,2,2,156.0,True,True,0.07206273210409021
Line.tpx260601c0,Triplex,2,1,1,156.0,True,False,0.10767224278044633
Line.tpx260601c0,Triplex,2,2,2,156.0,True,False,0.07206275173961685
Line.tpx260602b0,Triplex,1,1,1,156.0,True,True,0.13379359285989134
Line.tpx260602b0,Triplex,1,2,2,156.0,True,True,0.04167811882613413
Line.tpx260602b0,Triplex,2,1,1,156.0,True,False,0.13379361219490818
Line.tpx260602b0,Triplex,2,2,2,156.0,True,False,0.04167813807561887
Line.tpx260605a0,Triplex,1,1,1,156.0,True,True,0.12678230822340225
Line.tpx260605a0,Triplex,1,2,2,156.0,True,True,0.4162070935437488
Line.tpx260605a0,Triplex,2,1,1,156.0,True,False,0.1267823271056719
Line.tpx260605a0,Triplex,2,2,2,156.0,True,False,0.4162071126515616
Line.tpx260607b0,Triplex,1,1,1,156.0,True,True,0.048453359209843304
Line.tpx260607b0,Triplex,1,2,2,156.0,True,True,0.39177316664431
Line.tpx260607b0,Triplex,2,1,1,156.0,True,False,0.04845337838463229
Line.tpx260607b0,Triplex,2,2,2,156.0,True,False,0.39177318609588047
Line.tpx260620c0,Triplex,1,1,1,156.0,True,True,0.003185801971032541
Line.tpx260620c0,Triplex,1,2,2,156.0,True,True,0.1168130685234265
Line.tpx260620c0,Triplex,2,1,1,156.0,True,False,0.003185821601434553
Line.tpx260620c0,Triplex,2,2,2,156.0,True,False,0.11681308828328543
Line.tpx260621c0,Triplex,1,1,1,156.0,True,True,0.10178368757359078
Line.tpx260621c0,Triplex,1,2,2,156.0,True,True,0.19783283794425274
Line.tpx260621c0,Triplex,2,1,1,156.0,True,False,0.10178370720073972
Line.tpx260621c0,Triplex,2,2,2,156.0,True,False,0.19783285765667175
Line.tpx260622c0,Triplex,1,1,1,156.0,True,True,0.028207868056892328
Line.tpx260622c0,Triplex,1,2,2,156.0,True,True,0.1515817924156806
Line.tpx260622c0,Triplex,2,1,1,156.0,True,False,0.028207887680681835
Line.tpx260622c0,Triplex,2,2,2,156.0,True,False,0.1515818121618044
Line.tpx260624c0,Triplex,1,1,1,156.0,True,True,0.11084334381928962
Line.tpx260624c0,Triplex,1,2,2,156.0,True,True,0.06859387458904743
Line.tpx260624c0,Triplex,2,1,1,156.0,True,False,0.11084336352310434
Line.tpx260624c0,Triplex,2,2,2,156.0,True,False,0.06859389425547699
Line.tpx260625c0,Triplex,1,1,1,156.0,True,True,0.17016512838990108
Line.tpx260625c0,Triplex,1,2,2,156.0,True,True,0.009891093666411043
Line.tpx260625c0,Triplex,2,1,1,156.0,True,False,0.17016514815251824
Line.tpx260625c0,Triplex,2,2,2,156.0,True,False,0.009891113277644442
Line.tpx260627a0,Triplex,1,1,1,156.0,True,True,0.2105635784930891
Line.tpx260627a0,Triplex,1,2,2,156.0,True,True,0.18459067798314074
Line.tpx260627a0,Triplex,2,1,1,156.0,True,False,0.2105635979978876
Line.tpx260627a0,Triplex,2,2,2,156.0,True,False,0.18459069747055282
Line.tpx260630b0,Triplex,1,1,1,156.0,True,True,0.1726190467725062
Line.tpx260630b0,Triplex,1,2,2,156.0,True,True,0.0007769442209062086
Line.tpx260630b0,Triplex,2,1,1,156.0,True,False,0.1726190664401535
Line.tpx260630b0,Triplex,2,2,2,156.0,True,False,0.0007769637223576226
Line.tpx260631a0,Triplex,1,1,1,156.0,True,True,0.017933632686815887
Line.tpx260631a0,Triplex,1,2,2,156.0,True,True,0.14026639958089712
Line.tpx260631a0,Triplex,2,1,1,156.0,True,False,0.017933652141343834
Line.tpx260631a0,Triplex,2,2,2,156.0,True,False,0.1402664191568541
Line.tpx260632a0,Triplex,1,1,1,156.0,True,True,0.17798461207120853
Line.tpx260632a0,Triplex,1,2,2,156.0,True,True,0.08566332239531105
Line.tpx260632a0,Triplex,2,1,1,156.0,True,False,0.17798463160440045
Line.tpx260632a0,Triplex,2,2,2,156.0,True,False,0.08566334185302678
Line.tpx260634a0,Triplex,1,1,1,156.0,True,True,0.14812839822376336
Line.tpx260634a0,Triplex,1,2,2,156.0,True,True,0.01036390270533229
Line.tpx260634a0,Triplex,2,1,1,156.0,True,False,0.14812841778198038
Line.tpx260634a0,Triplex,2,2,2,156.0,True,False,0.01036392213377844
Line.tpx260637c0,Triplex,1,1,1,156.0,True,True,0.032328179389960084
Line.tpx260637c0,Triplex,1,2,2,156.0,True,True,0.08749410121613928
Line.tpx260637c0,Triplex,2,1,1,156.0,True,False,0.03232819903332642
Line.tpx260637c0,Triplex,2,2,2,156.0,True,False,0.08749412092368777
Line.tpx260638c0,Triplex,1,1,1,156.0,True,True,0.029774736366150936
Line.tpx260638c0,Triplex,1,2,2,156.0,True,True,0.27133634248770727
Line.tpx260638c0,Triplex,2,1,1,156.0,True,False,0.02977475590821054
Line.tpx260638c0,Triplex,2,2,2,156.0,True,False,0.2713363622392127
Line.tpx260639c0,Triplex,1,1,1,156.0,True,True,0.16019474591531851
Line.tpx260639c0,Triplex,1,2,2,156.0,True,True,0.13957764176847753
Line.tpx260639c0,Triplex,2,1,1,156.0,True,False,0.16019476556877768
Line.tpx260639c0,Triplex,2,2,2,156.0,True,False,0.13957766140770092
Line.tpx260640c0,Triplex,1,1,1,156.0,True,True,0.027073351054888093
Line.tpx260640c0,Triplex,1,2,2,156.0,True,True,0.15294340920387162
Line.tpx260640c0,Triplex,2,1,1,156.0,True,False,0.02707337065444681
Line.tpx260640c0,Triplex,2,2,2,156.0,True,False,0.15294342892817264
Line.tpx260641b0,Triplex,1,1,1,156.0,True,True,0.20739937715522758
Line.tpx260641b0,Triplex,1,2,2,156.0,True,True,0.2268084921337809
Line.tpx260641b0,Triplex,2,1,1,156.0,True,False,0.20739939661087875
Line.tpx260641b0,Triplex,2,2,2,156.0,True,False,0.22680851160821625
Line.tpx260643a0,Triplex,1,1,1,156.0,True,True,0.07991631879907377
Line.tpx260643a0,Triplex,1,2,2,156.0,True,True,0.4537437097940447
Line.tpx260643a0,Triplex,2,1,1,156.0,True,False,0.07991633802308543
Line.tpx260643a0,Triplex,2,2,2,156.0,True,False,0.45374372930858914
Line.tpx260647a0,Triplex,1,1,1,156.0,True,True,0.06402164679919635
Line.tpx260647a0,Triplex,1,2,2,156.0,True,True,0.04151882260737448
Line.tpx260647a0,Triplex,2,1,1,156.0,True,False,0.06402166628141973
Line.tpx260647a0,Triplex,2,2,2,156.0,True,False,0.041518842068113855
Line.tpx260648a0,Triplex,1,1,1,156.0,True,True,0.13201004813162484
Line.tpx260648a0,Triplex,1,2,2,156.0,True,True,0.13120639400659279
Line.tpx260648a0,Triplex,2,1,1,156.0,True,False,0.13201006764264678
Line.tpx260648a0,Triplex,2,2,2,156.0,True,False,0.1312064135202478
Line.tpx260650a0,Triplex,1,1,1,156.0,True,True,0.258729480085809
Line.tpx260650a0,Triplex,1,2,2,156.0,True,True,0.005991741077794564
Line.tpx260650a0,Triplex,2,1,1,156.0,True,False,0.25872949970463655
Line.tpx260650a0,Triplex,2,2,2,156.0,True,False,0.005991760483788096
Line.tpx262075c0,Triplex,1,1,1,156.0,True,True,0.07600140549184466
Line.tpx262075c0,Triplex,1,2,2,156.0,True,True,0.2249263454011501
Line.tpx262075c0,Triplex,2,1,1,156.0,True,False,0.07600142503050789
Line.tpx262075c0,Triplex,2,2,2,156.0,True,False,0.22492636507016775
Line.tpx274903c0,Triplex,1,1,1,156.0,True,True,0.13589075706904785
Line.tpx274903c0,Triplex,1,2,2,156.0,True,True,0.04497198433642308
Line.tpx274903c0,Triplex,2,1,1,156.0,True,False,0.13589077666013943
Line.tpx274903c0,Triplex,2,2,2,156.0,True,False,0.04497200384318885
Line.tpx274985c0,Triplex,1,1,1,156.0,True,True,0.1760344439465098
Line.tpx274985c0,Triplex,1,2,2,156.0,True,True,0.005826576186796504
Line.tpx274985c0,Triplex,2,1,1,156.0,True,False,0.17603446352816843
Line.tpx274985c0,Triplex,2,2,2,156.0,True,False,0.0058265956072544155
Line.tpx274986c0,Triplex,1,1,1,156.0,True,True,0.015960195797758054
Line.tpx274986c0,Triplex,1,2,2,156.0,True,True,0.1050300058944762
Line.tpx274986c0,Triplex,2,1,1,156.0,True,False,0.015960215256642762
Line.tpx274986c0,Triplex,2,2,2,156.0,True,False,0.10503002545496003
Line.tpx274987c0,Triplex,1,1,1,156.0,True,True,0.06794770664890311
Line.tpx274987c0,Triplex,1,2,2,156.0,True,True,0.11317620069984781
Line.tpx274987c0,Triplex,2,1,1,156.0,True,False,0.06794772612789672
Line.tpx274987c0,Triplex,2,2,2,156.0,True,False,0.1131762202257628
Line.tpx274988c0,Triplex,1,1,1,156.0,True,True,0.15820089640072518
Line.tpx274988c0,Triplex,1,2,2,156.0,True,True,0.02336246091780622
Line.tpx274988c0,Triplex,2,1,1,156.0,True,False,0.15820091596621147
Line.tpx274988c0,Triplex,2,2,2,156.0,True,False,0.023362480356566004
Line.tpx274992c0,Triplex,1,1,1,156.0,True,True,0.12097393925378198
Line.tpx274992c0,Triplex,1,2,2,156.0,True,True,0.18147200710630787
Line.tpx274992c0,Triplex,2,1,1,156.0,True,False,0.12097395870401641
Line.tpx274992c0,Triplex,2,2,2,156.0,True,False,0.18147202661145484
Line.tpx274994c0,Triplex,1,1,1,156.0,True,True,0.21370935880101327
Line.tpx274994c0,Triplex,1,2,2,156.0,True,True,0.08934009214432878
Line.tpx274994c0,Triplex,2,1,1,156.0,True,False,0.2137093783095491
Line.tpx274994c0,Triplex,2,2,2,156.0,True,False,0.08934011155011082
Line.tpx274997c0,Triplex,1,1,1,156.0,True,True,0.09072933855873871
Line.tpx274997c0,Triplex,1,2,2,156.0,True,True,0.21259699469319068
Line.tpx274997c0,Triplex,2,1,1,156.0,True,False,0.09072935794316364
Line.tpx274997c0,Triplex,2,2,2,156.0,True,False,0.21259701418485685
Line.tpx274999c0,Triplex,1,1,1,156.0,True,True,0.1302146294961294
Line.tpx274999c0,Triplex,1,2,2,156.0,True,True,0.17298871779553524
Line.tpx274999c0,Triplex,2,1,1,156.0,True,False,0.13021464890260243
Line.tpx274999c0,Triplex,2,2,2,156.0,True,False,0.172988737241799
Line.tpx275000c0,Triplex,1,1,1,156.0,True,True,0.1774876694181719
Line.tpx275000c0,Triplex,1,2,2,156.0,True,True,0.004952478250910552
Line.tpx275000c0,Triplex,2,1,1,156.0,True,False,0.17748768894139708
Line.tpx275000c0,Triplex,2,2,2,156.0,True,False,0.004952497610597939
Line.tpx275001c0,Triplex,1,1,1,156.0,True,True,0.08851628486098945
Line.tpx275001c0,Triplex,1,2,2,156.0,True,True,0.09312174391998007
Line.tpx275001c0,Triplex,2,1,1,156.0,True,False,0.08851630429873536
Line.tpx275001c0,Triplex,2,2,2,156.0,True,False,0.0931217633654733
Line.tpx275002c0,Triplex,1,1,1,156.0,True,True,0.1278216217703354
Line.tpx275002c0,Triplex,1,2,2,156.0,True,True,0.05396571438850458
Line.tpx275002c0,Triplex,2,1,1,156.0,True,False,0.1278216412457657
Line.tpx275002c0,Triplex,2,2,2,156.0,True,False,0.053965733796046175
Line.tpx275007c0,Triplex,1,1,1,156.0,True,True,0.0392524957047902
Line.tpx275007c0,Triplex,1,2,2,156.0,True,True,0.14210651446316794
Line.tpx275007c0,Triplex,2,1,1,156.0,True,False,0.03925251515506748
Line.tpx275007c0,Triplex,2,2,2,156.0,True,False,0.1421065340159346
Line.tpx275008c0,Triplex,1,1,1,156.0,True,True,0.268178275518444
Line.tpx275008c0,Triplex,1,2,2,156.0,True,True,0.03612355724413206
Line.tpx275008c0,Triplex,2,1,1,156.0,True,False,0.2681782950509592
Line.tpx275008c0,Triplex,2,2,2,156.0,True,False,0.03612357658202582
Line.tpx275247b0,Triplex,1,1,1,156.0,True,True,0.05859028812050406
Line.tpx275247b0,Triplex,1,2,2,156.0,True,True,0.22836801893919054
Line.tpx275247b0,Triplex,2,1,1,156.0,True,False,0.05859030772645973
Line.tpx275247b0,Triplex,2,2,2,156.0,True,False,0.2283680386933496
Line.tpx275248b0,Triplex,1,1,1,156.0,True,True,0.0543944212461907
Line.tpx275248b0,Triplex,1,2,2,156.0,True,True,0.05988700238211185
Line.tpx275248b0,Triplex,2,1,1,156.0,True,False,0.054394440943379974
Line.tpx275248b0,Triplex,2,2,2,156.0,True,False,0.05988702208871821
Line.tpx293422c0,Triplex,1,1,1,156.0,True,True,0.06529740796132708
Line.tpx293422c0,Triplex,1,2,2,156.0,True,True,0.11527551240239536
Line.tpx293422c0,Triplex,2,1,1,156.0,True,False,0.06529742749876191
Line.tpx293422c0,Triplex,2,2,2,156.0,True,False,0.11527553199135558
Line.tpx293423b0,Triplex,1,1,1,156.0,True,True,0.05198507319101239
Line.tpx293423b0,Triplex,1,2,2,156.0,True,True,0.12329121575309286
Line.tpx293423b0,Triplex,2,1,1,156.0,True,False,0.05198509245811214
Line.tpx293423b0,Triplex,2,2,2,156.0,True,False,0.12329123509224761
Line.tpx293424c0,Triplex,1,1,1,156.0,True,True,0.2944058978457342
Line.tpx293424c0,Triplex,1,2,2,156.0,True,True,0.15875580641066628
Line.tpx293424c0,Triplex,2,1,1,156.0,True,False,0.29440591742356764
Line.tpx293424c0,Triplex,2,2,2,156.0,True,False,0.15875582588378281
Line.tpx293425a0,Triplex,1,1,1,156.0,True,True,0.08283142786156299
Line.tpx293425a0,Triplex,1,2,2,156.0,True,True,0.18204191559771382
Line.tpx293425a0,Triplex,2,1,1,156.0,True,False,0.08283144722482397
Line.tpx293425a0,Triplex,2,2,2,156.0,True,False,0.18204193504896202
Line.tpx293427c0,Triplex,1,1,1,156.0,True,True,0.1811787598419556
Line.tpx293427c0,Triplex,1,2,2,156.0,True,True,0.12023011787894589
Line.tpx293427c0,Triplex,2,1,1,156.0,True,False,0.18117877941119334
Line.tpx293427c0,Triplex,2,2,2,156.0,True,False,0.12023013739953048
Line.tpx293471a0,Triplex,1,1,1,156.0,True,True,0.1532332492897774
Line.tpx293471a0,Triplex,1,2,2,156.0,True,True,0.11113531736966066
Line.tpx293471a0,Triplex,2,1,1,156.0,True,False,0.15323326873666318
Line.tpx293471a0,Triplex,2,2,2,156.0,True,False,0.1111353367839298
Line.tpx293471b0,Triplex,1,1,1,156.0,True,True,0.018549144455495072
Line.tpx293471b0,Triplex,1,2,2,156.0,True,True,0.2742722911869043
Line.tpx293471b0,Triplex,2,1,1,156.0,True,False,0.018549163688364907
Line.tpx293471b0,Triplex,2,2,2,156.0,True,False,0.2742723106412934
Line.tpx293471c0,Triplex,1,1,1,156.0,True,True,0.16083494412784832
Line.tpx293471c0,Triplex,1,2,2,156.0,True,True,0.14049410693651168
Line.tpx293471c0,Triplex,2,1,1,156.0,True,False,0.16083496367984798
Line.tpx293471c0,Triplex,2,2,2,156.0,True,False,0.14049412647449008
Line.tpx293480a0,Triplex,1,1,1,156.0,True,True,0.125263205238211
Line.tpx293480a0,Triplex,1,2,2,156.0,True,True,0.033148580542942556
Line.tpx293480a0,Triplex,2,1,1,156.0,True,False,0.12526322474966103
Line.tpx293480a0,Triplex,2,2,2,156.0,True,False,0.033148599968824174
Line.tpx293483a0,Triplex,1,1,1,156.0,True,True,0.18902532799876798
Line.tpx293483a0,Triplex,1,2,2,156.0,True,True,0.07532309167986273
Line.tpx293483a0,Triplex,2,1,1,156.0,True,False,0.1890253474971699
Line.tpx293483a0,Triplex,2,2,2,156.0,True,False,0.07532311108452806
Line.tpx293486c0,Triplex,1,1,1,156.0,True,True,0.24185739065365697
Line.tpx293486c0,Triplex,1,2,2,156.0,True,True,0.060158802419244393
Line.tpx293486c0,Triplex,2,1,1,156.0,True,False,0.2418574102798302
Line.tpx293486c0,Triplex,2,2,2,156.0,True,False,0.06015882189377875
Line.tpx293487b0,Triplex,1,1,1,156.0,True,True,0.045688850842433015
Line.tpx293487b0,Triplex,1,2,2,156.0,True,True,0.24637123247625098
Line.tpx293487b0,Triplex,2,1,1,156.0,True,False,0.04568887010989014
Line.tpx293487b0,Triplex,2,2,2,156.0,True,False,0.24637125191820708
Line.tpx293490c0,Triplex,1,1,1,156.0,True,True,0.20438993033245678
Line.tpx293490c0,Triplex,1,2,2,156.0,True,True,0.09728494980629646
Line.tpx293490c0,Triplex,2,1,1,156.0,True,False,0.20438994991603215
Line.tpx293490c0,Triplex,2,2,2,156.0,True,False,0.09728496930186034
Line.tpx293492c0,Triplex,1,1,1,156.0,True,True,0.008202538162867912
Line.tpx293492c0,Triplex,1,2,2,156.0,True,True,0.29517276354504246
Line.tpx293492c0,Triplex,2,1,1,156.0,True,False,0.008202557575105726
Line.tpx293492c0,Triplex,2,2,2,156.0,True,False,0.2951727832056698
Line.tpx293518b0,Triplex,1,1,1,156.0,True,True,0.05506861422165898
Line.tpx293518b0,Triplex,1,2,2,156.0,True,True,0.23606683601781933
Line.tpx293518b0,Triplex,2,1,1,156.0,True,False,0.05506863354709614
Line.tpx293518b0,Triplex,2,2,2,156.0,True,False,0.23606685550097486
Line.tpx293519b0,Triplex,1,1,1,156.0,True,True,0.013965744876557351
Line.tpx293519b0,Triplex,1,2,2,156.0,True,True,0.04415315833900957
Line.tpx293519b0,Triplex,2,1,1,156.0,True,False,0.013965764281953853
Line.tpx293519b0,Triplex,2,2,2,156.0,True,False,0.0441531777935633
Line.tpx293521a0,Triplex,1,1,1,156.0,True,True,0.0960965178062553
Line.tpx293521a0,Triplex,1,2,2,156.0,True,True,0.009584107808309624
Line.tpx293521a0,Triplex,2,1,1,156.0,True,False,0.09609653733789165
Line.tpx293521a0,Triplex,2,2,2,156.0,True,False,0.00958412724765099
Line.tpx293521b0,Triplex,1,1,1,156.0,True,True,0.015609858587715159
Line.tpx293521b0,Triplex,1,2,2,156.0,True,True,0.10057824596352531
Line.tpx293521b0,Triplex,2,1,1,156.0,True,False,0.015609877954617185
Line.tpx293521b0,Triplex,2,2,2,156.0,True,False,0.10057826542750524
Line.tpx293521c0,Triplex,1,1,1,156.0,True,True,0.08470741285538548
Line.tpx293521c0,Triplex,1,2,2,156.0,True,True,0.03568277312613626
Line.tpx293521c0,Triplex,2,1,1,156.0,True,False,0.08470743246074548
Line.tpx293521c0,Triplex,2,2,2,156.0,True,False,0.03568279268078445
Line.tpx293522a0,Triplex,1,1,1,156.0,True,True,0.07073051401677871
Line.tpx293522a0,Triplex,1,2,2,156.0,True,True,0.08736715726661833
Line.tpx293522a0,Triplex,2,1,1,156.0,True,False,0.07073053348699619
Line.tpx293522a0,Triplex,2,2,2,156.0,True,False,0.08736717675622127
Line.tpx293523a0,Triplex,1,1,1,156.0,True,True,0.08033991610071621
Line.tpx293523a0,Triplex,1,2,2,156.0,True,True,0.18375679563328193
Line.tpx293523a0,Triplex,2,1,1,156.0,True,False,0.08033993552063846
Line.tpx293523a0,Triplex,2,2,2,156.0,True,False,0.18375681514479214
Line.tpx293591a0,Triplex,1,1,1,156.0,True,True,0.023073526214623285
Line.tpx293591a0,Triplex,1,2,2,156.0,True,True,0.13649044554017428
Line.tpx293591a0,Triplex,2,1,1,156.0,True,False,0.02307354550000379
Line.tpx293591a0,Triplex,2,2,2,156.0,True,False,0.1364904649383049
Line.tpx293592a0,Triplex,1,1,1,156.0,True,True,0.12862013948407466
Line.tpx293592a0,Triplex,1,2,2,156.0,True,True,0.27078198623269867
Line.tpx293592a0,Triplex,2,1,1,156.0,True,False,0.12862015873560276
Line.tpx293592a0,Triplex,2,2,2,156.0,True,False,0.2707820056008502
Line.tpx293608c0,Triplex,1,1,1,156.0,True,True,0.26973881036567
Line.tpx293608c0,Triplex,1,2,2,156.0,True,True,0.03585920312238229
Line.tpx293608c0,Triplex,2,1,1,156.0,True,False,0.26973882981793706
Line.tpx293608c0,Triplex,2,2,2,156.0,True,False,0.03585922237847813
Line.tpx293609c0,Triplex,1,1,1,156.0,True,True,0.11177247287796395
Line.tpx293609c0,Triplex,1,2,2,156.0,True,True,0.19269885858131058
Line.tpx293609c0,Triplex,2,1,1,156.0,True,False,0.11177249219444436
Line.tpx293609c0,Triplex,2,2,2,156.0,True,False,0.19269887797009938
Line.tpx293644a0,Triplex,1,1,1,156.0,True,True,0.0300901677424297
Line.tpx293644a0,Triplex,1,2,2,156.0,True,True,0.23713694340263317
Line.tpx293644a0,Triplex,2,1,1,156.0,True,False,0.03009018694533501
Line.tpx293644a0,Triplex,2,2,2,156.0,True,False,0.2371369627855595
Line.tpx293645a0,Triplex,1,1,1,156.0,True,True,0.05283779216862751
Line.tpx293645a0,Triplex,1,2,2,156.0,True,True,0.2139929300862932
Line.tpx293645a0,Triplex,2,1,1,156.0,True,False,0.05283781139084443
Line.tpx293645a0,Triplex,2,2,2,156.0,True,False,0.2139929494493493
Line.tpx293652a0,Triplex,1,1,1,156.0,True,True,0.025878372960119585
Line.tpx293652a0,Triplex,1,2,2,156.0,True,True,0.13420565763164738
Line.tpx293652a0,Triplex,2,1,1,156.0,True,False,0.025878392181528386
Line.tpx293652a0,Triplex,2,2,2,156.0,True,False,0.13420567696088329
Line.tpx293652b0,Triplex,1,1,1,156.0,True,True,0.021483689452175807
Line.tpx293652b0,Triplex,1,2,2,156.0,True,True,0.41675989439208977
Line.tpx293652b0,Triplex,2,1,1,156.0,True,False,0.021483708730716665
Line.tpx293652b0,Triplex,2,2,2,156.0,True,False,0.416759913988915
Line.tpx293652c0,Triplex,1,1,1,156.0,True,True,0.13509615740362116
Line.tpx293652c0,Triplex,1,2,2,156.0,True,True,0.046252682376465314
Line.tpx293652c0,Triplex,2,1,1,156.0,True,False,0.13509617694028536
Line.tpx293652c0,Triplex,2,2,2,156.0,True,False,0.04625270183079663
Line.tpx293655a0,Triplex,1,1,1,156.0,True,True,0.14160717252154068
Line.tpx293655a0,Triplex,1,2,2,156.0,True,True,0.12559316896090555
Line.tpx293655a0,Triplex,2,1,1,156.0,True,False,0.1416071917490167
Line.tpx293655a0,Triplex,2,2,2,156.0,True,False,0.1255931881779935
Line.tpx293655b0,Triplex,1,1,1,156.0,True,True,0.2194851970008591
Line.tpx293655b0,Triplex,1,2,2,156.0,True,True,0.07070320375315794
Line.tpx293655b0,Triplex,2,1,1,156.0,True,False,0.2194852165140506
Line.tpx293655b0,Triplex,2,2,2,156.0,True,False,0.07070322314273812
Line.tpx293655c0,Triplex,1,1,1,156.0,True,True,0.23377777290587062
Line.tpx293655c0,Triplex,1,2,2,156.0,True,True,0.06956259458990066
Line.tpx293655c0,Triplex,2,1,1,156.0,True,False,0.2337777924302117
Line.tpx293655c0,Triplex,2,2,2,156.0,True,False,0.0695626139775106
Line.tpx293656b0,Triplex,1,1,1,156.0,True,True,0.05961558181637878
Line.tpx293656b0,Triplex,1,2,2,156.0,True,True,0.11417068481802464
Line.tpx293656b0,Triplex,2,1,1,156.0,True,False,0.05961560125061705
Line.tpx293656b0,Triplex,2,2,2,156.0,True,False,0.11417070430819642
Line.tpx293657b0,Triplex,1,1,1,156.0,True,True,0.12301224122589928
Line.tpx293657b0,Triplex,1,2,2,156.0,True,True,0.05086320080369108
Line.tpx293657b0,Triplex,2,1,1,156.0,True,False,0.12301226071834954
Line.tpx293657b0,Triplex,2,2,2,156.0,True,False,0.0508632202298833
Line.tpx293658c0,Triplex,1,1,1,156.0,True,True,0.3328358529751968
Line.tpx293658c0,Triplex,1,2,2,156.0,True,True,0.27510649667485826
Line.tpx293658c0,Triplex,2,1,1,156.0,True,False,0.3328358723878885
Line.tpx293658c0,Triplex,2,2,2,156.0,True,False,0.27510651604655983
Line.tpx293659c0,Triplex,1,1,1,156.0,True,True,0.12305190524298265
Line.tpx293659c0,Triplex,1,2,2,156.0,True,True,0.05867655801832447
Line.tpx293659c0,Triplex,2,1,1,156.0,True,False,0.12305192471633912
Line.tpx293659c0,Triplex,2,2,2,156.0,True,False,0.058676577432940955
Line.tpx293660b0,Triplex,1,1,1,156.0,True,True,0.007232376220036639
Line.tpx293660b0,Triplex,1,2,2,156.0,True,True,0.28437512756836436
Line.tpx293660b0,Triplex,2,1,1,156.0,True,False,0.00723239554178803
Line.tpx293660b0,Triplex,2,2,2,156.0,True,False,0.28437514713021184
Line.tpx293663c0,Triplex,1,1,1,156.0,True,True,0.12822721685667582
Line.tpx293663c0,Triplex,1,2,2,156.0,True,True,0.05354189490945823
Line.tpx293663c0,Triplex,2,1,1,156.0,True,False,0.1282272363348036
Line.tpx293663c0,Triplex,2,2,2,156.0,True,False,0.05354191431890121
Line.tpx293664a0,Triplex,1,1,1,156.0,True,True,0.36447292343902116
Line.tpx293664a0,Triplex,1,2,2,156.0,True,True,0.1729787566585165
Line.tpx293664a0,Triplex,2,1,1,156.0,True,False,0.3644729426655225
Line.tpx293664a0,Triplex,2,2,2,156.0,True,False,0.17297877574116619
Line.tpx293664b0,Triplex,1,1,1,156.0,True,True,0.14509566602272547
Line.tpx293664b0,Triplex,1,2,2,156.0,True,True,0.735914791953774
Line.tpx293664b0,Triplex,2,1,1,156.0,True,False,0.14509568516964788
Line.tpx293664b0,Triplex,2,2,2,156.0,True,False,0.7359148115395956
Line.tpx293664c0,Triplex,1,1,1,156.0,True,True,0.0962630513699303
Line.tpx293664c0,Triplex,1,2,2,156.0,True,True,0.5153714874466241
Line.tpx293664c0,Triplex,2,1,1,156.0,True,False,0.09626307059876334
Line.tpx293664c0,Triplex,2,2,2,156.0,True,False,0.5153715070003653
Line.tpx293665c0,Triplex,1,1,1,156.0,True,True,0.21958017039035058
Line.tpx293665c0,Triplex,1,2,2,156.0,True,True,0.08406047105920379
Line.tpx293665c0,Triplex,2,1,1,156.0,True,False,0.21958018987021646
Line.tpx293665c0,Triplex,2,2,2,156.0,True,False,0.08406049042679599
Line.tpx293666c0,Triplex,1,1,1,156.0,True,True,0.07408868139921637
Line.tpx293666c0,Triplex,1,2,2,156.0,True,True,0.047067203702879375
Line.tpx293666c0,Triplex,2,1,1,156.0,True,False,0.07408870086041097
Line.tpx293666c0,Triplex,2,2,2,156.0,True,False,0.047067223137598806
Line.tpx293667a0,Triplex,1,1,1,156.0,True,True,0.10507984130499616
Line.tpx293667a0,Triplex,1,2,2,156.0,True,True,0.05543357315033926
Line.tpx293667a0,Triplex,2,1,1,156.0,True,False,0.10507986052160116
Line.tpx293667a0,Triplex,2,2,2,156.0,True,False,0.05543359232233406
Line.tpx293668a0,Triplex,1,1,1,156.0,True,True,0.02154158537224881
Line.tpx293668a0,Triplex,1,2,2,156.0,True,True,0.24747265698269777
Line.tpx293668a0,Triplex,2,1,1,156.0,True,False,0.021541604452972624
Line.tpx293668a0,Triplex,2,2,2,156.0,True,False,0.24747267625957767
Line.tpx293672a0,Triplex,1,1,1,156.0,True,True,0.011353593225306168
Line.tpx293672a0,Triplex,1,2,2,156.0,True,True,0.1495759969961725
Line.tpx293672a0,Triplex,2,1,1,156.0,True,False,0.011353612354743274
Line.tpx293672a0,Triplex,2,2,2,156.0,True,False,0.14957601626237346
Line.tpx293673a0,Triplex,1,1,1,156.0,True,True,0.12736742768488266
Line.tpx293673a0,Triplex,1,2,2,156.0,True,True,0.14031593725147715
Line.tpx293673a0,Triplex,2,1,1,156.0,True,False,0.12736744686515214
Line.tpx293673a0,Triplex,2,2,2,156.0,True,False,0.14031595644607509
Line.tpx293681a0,Triplex,1,1,1,156.0,True,True,0.15264230447668894
Line.tpx293681a0,Triplex,1,2,2,156.0,True,True,0.11379947249324562
Line.tpx293681a0,Triplex,2,1,1,156.0,True,False,0.1526423237707572
Line.tpx293681a0,Triplex,2,2,2,156.0,True,False,0.11379949175744734
Line.tpx294786c0,Triplex,1,1,1,156.0,True,True,0.006631924556312874
Line.tpx294786c0,Triplex,1,2,2,156.0,True,True,0.17489247930248136
Line.tpx294786c0,Triplex,2,1,1,156.0,True,False,0.006631944007639006
Line.tpx294786c0,Triplex,2,2,2,156.0,True,False,0.17489249891972797
Line.tpx294787a0,Triplex,1,1,1,156.0,True,True,0.033956024472849955
Line.tpx294787a0,Triplex,1,2,2,156.0,True,True,0.07247490047412351
Line.tpx294787a0,Triplex,2,1,1,156.0,True,False,0.03395604376380521
Line.tpx294787a0,Triplex,2,2,2,156.0,True,False,0.0724749198108608
Line.tpx294788a0,Triplex,1,1,1,156.0,True,True,0.2529826762301061
Line.tpx294788a0,Triplex,1,2,2,156.0,True,True,0.14720791710918016
Line.tpx294788a0,Triplex,2,1,1,156.0,True,False,0.2529826955332135
Line.tpx294788a0,Triplex,2,2,2,156.0,True,False,0.1472079363312451
Line.tpx294789a0,Triplex,1,1,1,156.0,True,True,0.17487759408157427
Line.tpx294789a0,Triplex,1,2,2,156.0,True,True,0.0916566141403477
Line.tpx294789a0,Triplex,2,1,1,156.0,True,False,0.1748776133972982
Line.tpx294789a0,Triplex,2,2,2,156.0,True,False,0.09165663338834311
Line.tpx294809a0,Triplex,1,1,1,156.0,True,True,0.06285038646496428
Line.tpx294809a0,Triplex,1,2,2,156.0,True,True,0.09675768333394229
Line.tpx294809a0,Triplex,2,1,1,156.0,True,False,0.06285040574546114
Line.tpx294809a0,Triplex,2,2,2,156.0,True,False,0.09675770265043972
Line.tpx294810a0,Triplex,1,1,1,156.0,True,True,0.2729223564104308
Line.tpx294810a0,Triplex,1,2,2,156.0,True,True,0.1273979087261916
Line.tpx294810a0,Triplex,2,1,1,156.0,True,False,0.2729223757338574
Line.tpx294810a0,Triplex,2,2,2,156.0,True,False,0.1273979279369031
Line.tpx294812a0,Triplex,1,1,1,156.0,True,True,0.07980383745889974
Line.tpx294812a0,Triplex,1,2,2,156.0,True,True,0.07977983357319206
Line.tpx294812a0,Triplex,2,1,1,156.0,True,False,0.07980385675508644
Line.tpx294812a0,Triplex,2,2,2,156.0,True,False,0.0797798528726403
Line.tpx294842a0,Triplex,1,1,1,156.0,True,True,0.11889221363926496
Line.tpx294842a0,Triplex,1,2,2,156.0,True,True,0.14911738174226546
Line.tpx294842a0,Triplex,2,1,1,156.0,True,False,0.11889223279007795
Line.tpx294842a0,Triplex,2,2,2,156.0,True,False,0.14911740092213996
Line.tpx294843a0,Triplex,1,1,1,156.0,True,True,0.024195086448431765
Line.tpx294843a0,Triplex,1,2,2,156.0,True,True,0.24502629341994372
Line.tpx294843a0,Triplex,2,1,1,156.0,True,False,0.024195105512748605
Line.tpx294843a0,Triplex,2,2,2,156.0,True,False,0.24502631267603833
Line.tpx294844a0,Triplex,1,1,1,156.0,True,True,0.10495333662486882
Line.tpx294844a0,Triplex,1,2,2,156.0,True,True,0.055734141568583966
Line.tpx294844a0,Triplex,2,1,1,156.0,True,False,0.10495335582035484
Line.tpx294844a0,Triplex,2,2,2,156.0,True,False,0.055734160719876066
Line.tpx294845a0,Triplex,1,1,1,156.0,True,True,0.10425383027175696
Line.tpx294845a0,Triplex,1,2,2,156.0,True,True,0.056429154961152236
Line.tpx294845a0,Triplex,2,1,1,156.0,True,False,0.10425384946666992
Line.tpx294845a0,Triplex,2,2,2,156.0,True,False,0.05642917411320566
Line.tpx302367b0,Triplex,1,1,1,156.0,True,True,0.009698943032246535
Line.tpx302367b0,Triplex,1,2,2,156.0,True,True,0.16676168636561434
Line.tpx302367b0,Triplex,2,1,1,156.0,True,False,0.009698962185904781
Line.tpx302367b0,Triplex,2,2,2,156.0,True,False,0.16676170567420587
Line.tpx302368b0,Triplex,1,1,1,156.0,True,True,0.09907847335010803
Line.tpx302368b0,Triplex,1,2,2,156.0,True,True,0.19435332725457818
Line.tpx302368b0,Triplex,2,1,1,156.0,True,False,0.0990784925236997
Line.tpx302368b0,Triplex,2,2,2,156.0,True,False,0.19435334651270542
Line.tpx302369b0,Triplex,1,1,1,156.0,True,True,0.2689594941240004
Line.tpx302369b0,Triplex,1,2,2,156.0,True,True,0.02567297316264322
Line.tpx302369b0,Triplex,2,1,1,156.0,True,False,0.2689595134423736
Line.tpx302369b0,Triplex,2,2,2,156.0,True,False,0.025672992276724853
Line.tpx302370b0,Triplex,1,1,1,156.0,True,True,0.032217654955325026
Line.tpx302370b0,Triplex,1,2,2,156.0,True,True,0.26221391987319975
Line.tpx302370b0,Triplex,2,1,1,156.0,True,False,0.03221767407422618
Line.tpx302370b0,Triplex,2,2,2,156.0,True,False,0.26221393919158187
Line.tpx302373b0,Triplex,1,1,1,156.0,True,True,0.03453252882335557
Line.tpx302373b0,Triplex,1,2,2,156.0,True,True,0.1414352342940519
Line.tpx302373b0,Triplex,2,1,1,156.0,True,False,0.03453254801616413
Line.tpx302373b0,Triplex,2,2,2,156.0,True,False,0.14143525359323567
Line.tpx302374b0,Triplex,1,1,1,156.0,True,True,0.10156399345127111
Line.tpx302374b0,Triplex,1,2,2,156.0,True,True,0.07411956460057918
Line.tpx302374b0,Triplex,2,1,1,156.0,True,False,0.10156401270874761
Line.tpx302374b0,Triplex,2,2,2,156.0,True,False,0.07411958383486748
Line.tpx302375b0,Triplex,1,1,1,156.0,True,True,0.07926128542085172
Line.tpx302375b0,Triplex,1,2,2,156.0,True,True,0.09626258141436472
Line.tpx302375b0,Triplex,2,1,1,156.0,True,False,0.07926130467287541
Line.tpx302375b0,Triplex,2,2,2,156.0,True,False,0.09626260068606578
Line.tpx302392a0,Triplex,1,1,1,156.0,True,True,0.15473447424931905
Line.tpx302392a0,Triplex,1,2,2,156.0,True,True,0.004794873289080642
Line.tpx302392a0,Triplex,2,1,1,156.0,True,False,0.15473449369827164
Line.tpx302392a0,Triplex,2,2,2,156.0,True,False,0.004794892596172327
Line.tpx302400a0,Triplex,1,1,1,156.0,True,True,0.06882649610994135
Line.tpx302400a0,Triplex,1,2,2,156.0,True,True,0.09014779532402474
Line.tpx302400a0,Triplex,2,1,1,156.0,True,False,0.06882651547115166
Line.tpx302400a0,Triplex,2,2,2,156.0,True,False,0.09014781470911008
Line.tpx302402a0,Triplex,1,1,1,156.0,True,True,0.10804163346003805
Line.tpx302402a0,Triplex,1,2,2,156.0,True,True,0.051061876086393676
Line.tpx302402a0,Triplex,2,1,1,156.0,True,False,0.10804165285270809
Line.tpx302402a0,Triplex,2,2,2,156.0,True,False,0.05106189542739596
Line.tpx302405a0,Triplex,1,1,1,156.0,True,True,0.1554074506772309
Line.tpx302405a0,Triplex,1,2,2,156.0,True,True,0.0042273309790129545
Line.tpx302405a0,Triplex,2,1,1,156.0,True,False,0.15540747011521655
Line.tpx302405a0,Triplex,2,2,2,156.0,True,False,0.004227350273866803
Line.tpx302410a0,Triplex,1,1,1,156.0,True,True,0.04882565428776408
Line.tpx302410a0,Triplex,1,2,2,156.0,True,True,0.21727041961519092
Line.tpx302410a0,Triplex,2,1,1,156.0,True,False,0.048825673564174936
Line.tpx302410a0,Triplex,2,2,2,156.0,True,False,0.2172704390386849
Line.tpx302412a0,Triplex,1,1,1,156.0,True,True,0.2798498725800604
Line.tpx302412a0,Triplex,1,2,2,156.0,True,True,0.11926438749672046
Line.tpx302412a0,Triplex,2,1,1,156.0,True,False,0.2798498919725434
Line.tpx302412a0,Triplex,2,2,2,156.0,True,False,0.11926440676447989
Line.tpx302468a0,Triplex,1,1,1,156.0,True,True,0.04186376399712106
Line.tpx302468a0,Triplex,1,2,2,156.0,True,True,0.06425191141167187
Line.tpx302468a0,Triplex,2,1,1,156.0,True,False,0.04186378334885275
Line.tpx302468a0,Triplex,2,2,2,156.0,True,False,0.0642519307914013
Line.tpx302469a0,Triplex,1,1,1,156.0,True,True,0.08376884159329141
Line.tpx302469a0,Triplex,1,2,2,156.0,True,True,0.07533537704385927
Line.tpx302469a0,Triplex,2,1,1,156.0,True,False,0.08376886095189288
Line.tpx302469a0,Triplex,2,2,2,156.0,True,False,0.07533539639762529
Line.tpx302471a0,Triplex,1,1,1,156.0,True,True,0.26724275110009854
Line.tpx302471a0,Triplex,1,2,2,156.0,True,True,0.13185190110516304
Line.tpx302471a0,Triplex,2,1,1,156.0,True,False,0.26724277047547673
Line.tpx302471a0,Triplex,2,2,2,156.0,True,False,0.1318519203759097
Line.tpx302473a0,Triplex,1,1,1,156.0,True,True,0.018587340260874854
Line.tpx302473a0,Triplex,1,2,2,156.0,True,True,0.24822910422760935
Line.tpx302473a0,Triplex,2,1,1,156.0,True,False,0.01858735950061871
Line.tpx302473a0,Triplex,2,2,2,156.0,True,False,0.24822912366673314
Line.tpx302474a0,Triplex,1,1,1,156.0,True,True,0.018010374064817893
Line.tpx302474a0,Triplex,1,2,2,156.0,True,True,0.24882433570835508
Line.tpx302474a0,Triplex,2,1,1,156.0,True,False,0.018010393303653498
Line.tpx302474a0,Triplex,2,2,2,156.0,True,False,0.2488243551475744
Line.tpx302507b0,Triplex,1,1,1,156.0,True,True,0.11685364585207171
Line.tpx302507b0,Triplex,1,2,2,156.0,True,True,0.1756780159185334
Line.tpx302507b0,Triplex,2,1,1,156.0,True,False,0.1168536650915052
Line.tpx302507b0,Triplex,2,2,2,156.0,True,False,0.17567803521142414
Line.tpx302508c0,Triplex,1,1,1,156.0,True,True,0.18581674286622826
Line.tpx302508c0,Triplex,1,2,2,156.0,True,True,0.1156005994070562
Line.tpx302508c0,Triplex,2,1,1,156.0,True,False,0.18581676244074877
Line.tpx302508c0,Triplex,2,2,2,156.0,True,False,0.11560061892501111
Line.tpx302509c0,Triplex,1,1,1,156.0,True,True,0.1398006953136023
Line.tpx302509c0,Triplex,1,2,2,156.0,True,True,0.04098457411421583
Line.tpx302509c0,Triplex,2,1,1,156.0,True,False,0.13980071492120452
Line.tpx302509c0,Triplex,2,2,2,156.0,True,False,0.04098459362987589
Line.tpx302510c0,Triplex,1,1,1,156.0,True,True,0.10471746233244755
Line.tpx302510c0,Triplex,1,2,2,156.0,True,True,0.07582939991769286
Line.tpx302510c0,Triplex,2,1,1,156.0,True,False,0.10471748190617763
Line.tpx302510c0,Triplex,2,2,2,156.0,True,False,0.0758294194668985
Line.tpx302514a0,Triplex,1,1,1,156.0,True,True,0.027917420749486492
Line.tpx302514a0,Triplex,1,2,2,156.0,True,True,0.07826133650745301
Line.tpx302514a0,Triplex,2,1,1,156.0,True,False,0.027917440085604282
Line.tpx302514a0,Triplex,2,2,2,156.0,True,False,0.07826135590241963
Line.tpx302637a0,Triplex,1,1,1,156.0,True,True,0.013219753265688392
Line.tpx302637a0,Triplex,1,2,2,156.0,True,True,0.14840103111628142
Line.tpx302637a0,Triplex,2,1,1,156.0,True,False,0.013219772311937753
Line.tpx302637a0,Triplex,2,2,2,156.0,True,False,0.14840105029630674
Line.tpx302672c0,Triplex,1,1,1,156.0,True,True,0.13609181464954825
Line.tpx302672c0,Triplex,1,2,2,156.0,True,True,0.16538604659110778
Line.tpx302672c0,Triplex,2,1,1,156.0,True,False,0.13609183417132892
Line.tpx302672c0,Triplex,2,2,2,156.0,True,False,0.1653860661411974
Line.tpx302673a0,Triplex,1,1,1,156.0,True,True,0.21963828317359285
Line.tpx302673a0,Triplex,1,2,2,156.0,True,True,0.17687197333310026
Line.tpx302673a0,Triplex,2,1,1,156.0,True,False,0.21963830261982617
Line.tpx302673a0,Triplex,2,2,2,156.0,True,False,0.17687199274855112
Line.tpx302674a0,Triplex,1,1,1,156.0,True,True,0.14697973999010833
Line.tpx302674a0,Triplex,1,2,2,156.0,True,True,0.117145413102462
Line.tpx302674a0,Triplex,2,1,1,156.0,True,False,0.1469797594480864
Line.tpx302674a0,Triplex,2,2,2,156.0,True,False,0.11714543253829057
Line.tpx302675a0,Triplex,1,1,1,156.0,True,True,0.21535568797450472
Line.tpx302675a0,Triplex,1,2,2,156.0,True,True,0.0493999693435506
Line.tpx302675a0,Triplex,2,1,1,156.0,True,False,0.21535570749072194
Line.tpx302675a0,Triplex,2,2,2,156.0,True,False,0.04939998872141856
Line.tpx302676a0,Triplex,1,1,1,156.0,True,True,0.07282500809917493
Line.tpx302676a0,Triplex,1,2,2,156.0,True,True,0.03277092401456862
Line.tpx302676a0,Triplex,2,1,1,156.0,True,False,0.07282502758718702
Line.tpx302676a0,Triplex,2,2,2,156.0,True,False,0.032770943461717356
Line.tpx302677a0,Triplex,1,1,1,156.0,True,True,0.21485463535273788
Line.tpx302677a0,Triplex,1,2,2,156.0,True,True,0.04990450581855494
Line.tpx302677a0,Triplex,2,1,1,156.0,True,False,0.21485465486769323
Line.tpx302677a0,Triplex,2,2,2,156.0,True,False,0.049904525196025826
Line.tpx302678a0,Triplex,1,1,1,156.0,True,True,0.013535862616905052
Line.tpx302678a0,Triplex,1,2,2,156.0,True,True,0.09220058093282874
Line.tpx302678a0,Triplex,2,1,1,156.0,True,False,0.013535882038832837
Line.tpx302678a0,Triplex,2,2,2,156.0,True,False,0.09220060044494924
Line.tpx302679a0,Triplex,1,1,1,156.0,True,True,0.04991036200316342
Line.tpx302679a0,Triplex,1,2,2,156.0,True,True,0.1084303538358656
Line.tpx302679a0,Triplex,2,1,1,156.0,True,False,0.04991038143351063
Line.tpx302679a0,Triplex,2,2,2,156.0,True,False,0.10843037332598253
Line.tpx302731a0,Triplex,1,1,1,156.0,True,True,0.20221700252985894
Line.tpx302731a0,Triplex,1,2,2,156.0,True,True,0.06159797267016659
Line.tpx302731a0,Triplex,2,1,1,156.0,True,False,0.20221702209096637
Line.tpx302731a0,Triplex,2,2,2,156.0,True,False,0.06159799211456917
Line.tpx302732a0,Triplex,1,1,1,156.0,True,True,0.01105158779939379
Line.tpx302732a0,Triplex,1,2,2,156.0,True,True,0.1473666388818008
Line.tpx302732a0,Triplex,2,1,1,156.0,True,False,0.011051607232058825
Line.tpx302732a0,Triplex,2,2,2,156.0,True,False,0.14736665844947094
Line.tpx302733a0,Triplex,1,1,1,156.0,True,True,0.01399373981980066
Line.tpx302733a0,Triplex,1,2,2,156.0,True,True,0.09147634660568782
Line.tpx302733a0,Triplex,2,1,1,156.0,True,False,0.013993759290473142
Line.tpx302733a0,Triplex,2,2,2,156.0,True,False,0.09147636616525302
Line.tpx302733b0,Triplex,1,1,1,156.0,True,True,0.08600218957229123
Line.tpx302733b0,Triplex,1,2,2,156.0,True,True,0.35110647714708
Line.tpx302733b0,Triplex,2,1,1,156.0,True,False,0.08600220886924596
Line.tpx302733b0,Triplex,2,2,2,156.0,True,False,0.35110649665852267
Line.tpx302734a0,Triplex,1,1,1,156.0,True,True,0.10693514157465292
Line.tpx302734a0,Triplex,1,2,2,156.0,True,True,0.05086640087485367
Line.tpx302734a0,Triplex,2,1,1,156.0,True,False,0.10693516112618866
Line.tpx302734a0,Triplex,2,2,2,156.0,True,False,0.05086642037562713
Line.tpx302735a0,Triplex,1,1,1,156.0,True,True,0.23956243173589784
Line.tpx302735a0,Triplex,1,2,2,156.0,True,True,0.024670296182768524
Line.tpx302735a0,Triplex,2,1,1,156.0,True,False,0.2395624513438389
Line.tpx302735a0,Triplex,2,2,2,156.0,True,False,0.02467031561055381
Line.tpx302803c0,Triplex,1,1,1,156.0,True,True,0.0495928912585967
Line.tpx302803c0,Triplex,1,2,2,156.0,True,True,0.25351243788202393
Line.tpx302803c0,Triplex,2,1,1,156.0,True,False,0.049592910662431516
Line.tpx302803c0,Triplex,2,2,2,156.0,True,False,0.2535124574630935
Line.tpx302804c0,Triplex,1,1,1,156.0,True,True,0.3368856590211142
Line.tpx302804c0,Triplex,1,2,2,156.0,True,True,0.1181493969609215
Line.tpx302804c0,Triplex,2,1,1,156.0,True,False,0.3368856785795983
Line.tpx302804c0,Triplex,2,2,2,156.0,True,False,0.11814941634852566
Line.tpx302805c0,Triplex,1,1,1,156.0,True,True,0.07273565253384333
Line.tpx302805c0,Triplex,1,2,2,156.0,True,True,0.10829900699735709
Line.tpx302805c0,Triplex,2,1,1,156.0,True,False,0.07273567202488085
Line.tpx302805c0,Triplex,2,2,2,156.0,True,False,0.10829902652601994
Line.tpx302807c0,Triplex,1,1,1,156.0,True,True,0.28730951836645424
Line.tpx302807c0,Triplex,1,2,2,156.0,True,True,0.01645281724171467
Line.tpx302807c0,Triplex,2,1,1,156.0,True,False,0.28730953797950043
Line.tpx302807c0,Triplex,2,2,2,156.0,True,False,0.016452836626952787
Line.tpx302808c0,Triplex,1,1,1,156.0,True,True,0.07868401707846054
Line.tpx302808c0,Triplex,1,2,2,156.0,True,True,0.04200370754978514
Line.tpx302808c0,Triplex,2,1,1,156.0,True,False,0.07868403662345849
Line.tpx302808c0,Triplex,2,2,2,156.0,True,False,0.04200372705769609
Line.tpx302809c0,Triplex,1,1,1,156.0,True,True,0.12958534265560134
Line.tpx302809c0,Triplex,1,2,2,156.0,True,True,0.05150443475036606
Line.tpx302809c0,Triplex,2,1,1,156.0,True,False,0.12958536220973932
Line.tpx302809c0,Triplex,2,2,2,156.0,True,False,0.05150445423254535
Line.tpx302810c0,Triplex,1,1,1,156.0,True,True,0.07521786189656894
Line.tpx302810c0,Triplex,1,2,2,156.0,True,True,0.10568914270553108
Line.tpx302810c0,Triplex,2,1,1,156.0,True,False,0.07521788140286594
Line.tpx302810c0,Triplex,2,2,2,156.0,True,False,0.10568916224452561
Line.tpx302811c0,Triplex,1,1,1,156.0,True,True,0.058775610592028064
Line.tpx302811c0,Triplex,1,2,2,156.0,True,True,0.12221591285692081
Line.tpx302811c0,Triplex,2,1,1,156.0,True,False,0.0587756300821329
Line.tpx302811c0,Triplex,2,2,2,156.0,True,False,0.12221593241150923
Line.tpx302812c0,Triplex,1,1,1,156.0,True,True,0.1491439106157279
Line.tpx302812c0,Triplex,1,2,2,156.0,True,True,0.15265351216149942
Line.tpx302812c0,Triplex,2,1,1,156.0,True,False,0.14914393012662272
Line.tpx302812c0,Triplex,2,2,2,156.0,True,False,0.15265353167871448
Line.tpx302813c0,Triplex,1,1,1,156.0,True,True,0.08777392783809021
Line.tpx302813c0,Triplex,1,2,2,156.0,True,True,0.09304325380247108
Line.tpx302813c0,Triplex,2,1,1,156.0,True,False,0.08777394736370353
Line.tpx302813c0,Triplex,2,2,2,156.0,True,False,0.09304327333650385
Line.tpx302834c0,Triplex,1,1,1,156.0,True,True,0.055083545444078404
Line.tpx302834c0,Triplex,1,2,2,156.0,True,True,0.06557374069882237
Line.tpx302834c0,Triplex,2,1,1,156.0,True,False,0.05508356496165385
Line.tpx302834c0,Triplex,2,2,2,156.0,True,False,0.06557376023127832
Line.tpx302858c0,Triplex,1,1,1,156.0,True,True,0.11933878574805423
Line.tpx302858c0,Triplex,1,2,2,156.0,True,True,0.18287157304828
Line.tpx302858c0,Triplex,2,1,1,156.0,True,False,0.11933880521271484
Line.tpx302858c0,Triplex,2,2,2,156.0,True,False,0.1828715925704521
Line.tpx302859c0,Triplex,1,1,1,156.0,True,True,0.17435700863959402
Line.tpx302859c0,Triplex,1,2,2,156.0,True,True,0.00740275393029631
Line.tpx302859c0,Triplex,2,1,1,156.0,True,False,0.17435702822738242
Line.tpx302859c0,Triplex,2,2,2,156.0,True,False,0.00740277336013721
Line.tpx302860c0,Triplex,1,1,1,156.0,True,True,0.14302992896877983
Line.tpx302860c0,Triplex,1,2,2,156.0,True,True,0.3115583432592835
Line.tpx302860c0,Triplex,2,1,1,156.0,True,False,0.1430299483733958
Line.tpx302860c0,Triplex,2,2,2,156.0,True,False,0.31155836280141647
Line.tpx302861c0,Triplex,1,1,1,156.0,True,True,0.09777190652432544
Line.tpx302861c0,Triplex,1,2,2,156.0,True,True,0.0832413463428385
Line.tpx302861c0,Triplex,2,1,1,156.0,True,False,0.09777192603894444
Line.tpx302861c0,Triplex,2,2,2,156.0,True,False,0.08324136584676825
Line.tpx302862c0,Triplex,1,1,1,156.0,True,True,0.12138827971735373
Line.tpx302862c0,Triplex,1,2,2,156.0,True,True,0.05972433190501837
Line.tpx302862c0,Triplex,2,1,1,156.0,True,False,0.12138829925446701
Line.tpx302862c0,Triplex,2,2,2,156.0,True,False,0.05972435138601158
Line.tpx310560a0,Triplex,1,1,1,156.0,True,True,0.13157344486460107
Line.tpx310560a0,Triplex,1,2,2,156.0,True,True,0.029476500741001672
Line.tpx310560a0,Triplex,2,1,1,156.0,True,False,0.13157346406852674
Line.tpx310560a0,Triplex,2,2,2,156.0,True,False,0.029476519849695865
Line.tpx310561a0,Triplex,1,1,1,156.0,True,True,0.2585083671022275
Line.tpx310561a0,Triplex,1,2,2,156.0,True,True,0.011282100252896417
Line.tpx310561a0,Triplex,2,1,1,156.0,True,False,0.2585083863479023
Line.tpx310561a0,Triplex,2,2,2,156.0,True,False,0.011282119290661566
Line.tpx310568a0,Triplex,1,1,1,156.0,True,True,0.036249728748867116
Line.tpx310568a0,Triplex,1,2,2,156.0,True,True,0.12470171186610678
Line.tpx310568a0,Triplex,2,1,1,156.0,True,False,0.03624974786353352
Line.tpx310568a0,Triplex,2,2,2,156.0,True,False,0.12470173106936962
Line.tpx310569a0,Triplex,1,1,1,156.0,True,True,0.007825779782087702
Line.tpx310569a0,Triplex,1,2,2,156.0,True,True,0.2619283808133406
Line.tpx310569a0,Triplex,2,1,1,156.0,True,False,0.007825798820941643
Line.tpx310569a0,Triplex,2,2,2,156.0,True,False,0.2619284000726096
Line.tpx310570a0,Triplex,1,1,1,156.0,True,True,0.19662947433912498
Line.tpx310570a0,Triplex,1,2,2,156.0,True,True,0.07158367709437585
Line.tpx310570a0,Triplex,2,1,1,156.0,True,False,0.19662949356714285
Line.tpx310570a0,Triplex,2,2,2,156.0,True,False,0.07158369621894203
Line.tpx321159a0,Triplex,1,1,1,156.0,True,True,0.07659819722601907
Line.tpx321159a0,Triplex,1,2,2,156.0,True,True,0.08495639911310289
Line.tpx321159a0,Triplex,2,1,1,156.0,True,False,0.07659821628315773
Line.tpx321159a0,Triplex,2,2,2,156.0,True,False,0.08495641818154455
Line.tpx321836a0,Triplex,1,1,1,156.0,True,True,0.02157653359986906
Line.tpx321836a0,Triplex,1,2,2,156.0,True,True,0.1394596311617711
Line.tpx321836a0,Triplex,2,1,1,156.0,True,False,0.02157655270975917
Line.tpx321836a0,Triplex,2,2,2,156.0,True,False,0.139459650388684
Line.tpx321837a0,Triplex,1,1,1,156.0,True,True,0.04768898283981922
Line.tpx321837a0,Triplex,1,2,2,156.0,True,True,0.22116652877000798
Line.tpx321837a0,Triplex,2,1,1,156.0,True,False,0.047689001918710415
Line.tpx321837a0,Triplex,2,2,2,156.0,True,False,0.22116654800022034
Line.tpx321838a0,Triplex,1,1,1,156.0,True,True,0.24490342843839175
Line.tpx321838a0,Triplex,1,2,2,156.0,True,True,0.0244005360204041
Line.tpx321838a0,Triplex,2,1,1,156.0,True,False,0.24490344768587802
Line.tpx321838a0,Triplex,2,2,2,156.0,True,False,0.024400555082915918
Line.tpx321839a0,Triplex,1,1,1,156.0,True,True,0.08605042418806064
Line.tpx321839a0,Triplex,1,2,2,156.0,True,True,0.18229008486748427
Line.tpx321839a0,Triplex,2,1,1,156.0,True,False,0.0860504433012294
Line.tpx321839a0,Triplex,2,2,2,156.0,True,False,0.18229010406604124
Line.tpx321840b0,Triplex,1,1,1,156.0,True,True,0.08284172905557528
Line.tpx321840b0,Triplex,1,2,2,156.0,True,True,0.03359558442248517
Line.tpx321840b0,Triplex,2,1,1,156.0,True,False,0.0828417484309853
Line.tpx321840b0,Triplex,2,2,2,156.0,True,False,0.03359560374689867
Line.tpx321841b0,Triplex,1,1,1,156.0,True,True,0.10035041313815307
Line.tpx321841b0,Triplex,1,2,2,156.0,True,True,0.19131167572103464
Line.tpx321841b0,Triplex,2,1,1,156.0,True,False,0.10035043242872914
Line.tpx321841b0,Triplex,2,2,2,156.0,True,False,0.19131169509248708
Line.tpx321845b0,Triplex,1,1,1,156.0,True,True,0.2886646304976731
Line.tpx321845b0,Triplex,1,2,2,156.0,True,True,0.007342505734174774
Line.tpx321845b0,Triplex,2,1,1,156.0,True,False,0.28866464977413175
Line.tpx321845b0,Triplex,2,2,2,156.0,True,False,0.00734252477363094
Line.tpx321847b0,Triplex,1,1,1,156.0,True,True,0.11957399493062962
Line.tpx321847b0,Triplex,1,2,2,156.0,True,True,0.05721798950456669
Line.tpx321847b0,Triplex,2,1,1,156.0,True,False,0.11957401409372473
Line.tpx321847b0,Triplex,2,2,2,156.0,True,False,0.05721800861082357
Line.tpx321848b0,Triplex,1,1,1,156.0,True,True,0.04231552163250934
Line.tpx321848b0,Triplex,1,2,2,156.0,True,True,0.13459935649194005
Line.tpx321848b0,Triplex,2,1,1,156.0,True,False,0.04231554072092919
Line.tpx321848b0,Triplex,2,2,2,156.0,True,False,0.13459937567260183
Line.tpx321849b0,Triplex,1,1,1,156.0,True,True,0.04082901320869695
Line.tpx321849b0,Triplex,1,2,2,156.0,True,True,0.13427244922240084
Line.tpx321849b0,Triplex,2,1,1,156.0,True,False,0.040829032495149575
Line.tpx321849b0,Triplex,2,2,2,156.0,True,False,0.13427246860225836
Line.tpx321851b0,Triplex,1,1,1,156.0,True,True,0.02219918055114221
Line.tpx321851b0,Triplex,1,2,2,156.0,True,True,0.15322020104156744
Line.tpx321851b0,Triplex,2,1,1,156.0,True,False,0.02219919980935183
Line.tpx321851b0,Triplex,2,2,2,156.0,True,False,0.15322022042945838
Line.tpx321852c0,Triplex,1,1,1,156.0,True,True,0.0011422501179930902
Line.tpx321852c0,Triplex,1,2,2,156.0,True,True,0.12008877997198439
Line.tpx321852c0,Triplex,2,1,1,156.0,True,False,0.001142269549843584
Line.tpx321852c0,Triplex,2,2,2,156.0,True,False,0.1200887995408114
Line.tpx321853b0,Triplex,1,1,1,156.0,True,True,0.033289906580580474
Line.tpx321853b0,Triplex,1,2,2,156.0,True,True,0.2598559518652569
Line.tpx321853b0,Triplex,2,1,1,156.0,True,False,0.033289925782653114
Line.tpx321853b0,Triplex,2,2,2,156.0,True,False,0.2598559712639179
Line.tpx321854b0,Triplex,1,1,1,156.0,True,True,0.04046642009836645
Line.tpx321854b0,Triplex,1,2,2,156.0,True,True,0.13482098897484227
Line.tpx321854b0,Triplex,2,1,1,156.0,True,False,0.040466439364392835
Line.tpx321854b0,Triplex,2,2,2,156.0,True,False,0.13482100833514835
Line.tpx321855b0,Triplex,1,1,1,156.0,True,True,0.0910906857753305
Line.tpx321855b0,Triplex,1,2,2,156.0,True,True,0.08396343515893878
Line.tpx321855b0,Triplex,2,1,1,156.0,True,False,0.09109070508998234
Line.tpx321855b0,Triplex,2,2,2,156.0,True,False,0.08396345447001896
Line.tpx321856b0,Triplex,1,1,1,156.0,True,True,0.16219573658641812
Line.tpx321856b0,Triplex,1,2,2,156.0,True,True,0.013467609725830535
Line.tpx321856b0,Triplex,2,1,1,156.0,True,False,0.16219575596831254
Line.tpx321856b0,Triplex,2,2,2,156.0,True,False,0.013467628967485634
Line.tpx321858b0,Triplex,1,1,1,156.0,True,True,0.060956843614397925
Line.tpx321858b0,Triplex,1,2,2,156.0,True,True,0.11417234662318905
Line.tpx321858b0,Triplex,2,1,1,156.0,True,False,0.06095686289976989
Line.tpx321858b0,Triplex,2,2,2,156.0,True,False,0.11417236596317205
Line.tpx321859b0,Triplex,1,1,1,156.0,True,True,0.25176087589508345
Line.tpx321859b0,Triplex,1,2,2,156.0,True,True,0.0412785197518443
Line.tpx321859b0,Triplex,2,1,1,156.0,True,False,0.25176089528042817
Line.tpx321859b0,Triplex,2,2,2,156.0,True,False,0.04127853896091677
Line.tpx321860b0,Triplex,1,1,1,156.0,True,True,0.2662650491683144
Line.tpx321860b0,Triplex,1,2,2,156.0,True,True,0.0271118766727988
Line.tpx321860b0,Triplex,2,1,1,156.0,True,False,0.2662650685639074
Line.tpx321860b0,Triplex,2,2,2,156.0,True,False,0.027111895867636307
Line.tpx321861c0,Triplex,1,1,1,156.0,True,True,0.039606846460971686
Line.tpx321861c0,Triplex,1,2,2,156.0,True,True,0.14206369496784582
Line.tpx321861c0,Triplex,2,1,1,156.0,True,False,0.03960686587780363
Line.tpx321861c0,Triplex,2,2,2,156.0,True,False,0.14206371448678157
Line.tpx321874a0,Triplex,1,1,1,156.0,True,True,0.09248610114709575
Line.tpx321874a0,Triplex,1,2,2,156.0,True,True,0.17691294020385556
Line.tpx321874a0,Triplex,2,1,1,156.0,True,False,0.0924861201865515
Line.tpx321874a0,Triplex,2,2,2,156.0,True,False,0.17691295931860088
Line.tpx321876a0,Triplex,1,1,1,156.0,True,True,0.07578190226308529
Line.tpx321876a0,Triplex,1,2,2,156.0,True,True,0.08572997569150705
Line.tpx321876a0,Triplex,2,1,1,156.0,True,False,0.07578192132457412
Line.tpx321876a0,Triplex,2,2,2,156.0,True,False,0.08572999476584754
Line.tpx321877a0,Triplex,1,1,1,156.0,True,True,0.14257828248846802
Line.tpx321877a0,Triplex,1,2,2,156.0,True,True,0.12698829128788314
Line.tpx321877a0,Triplex,2,1,1,156.0,True,False,0.14257830154725173
Line.tpx321877a0,Triplex,2,2,2,156.0,True,False,0.1269883103366112
Line.tpx321878a0,Triplex,1,1,1,156.0,True,True,0.06280168152732456
Line.tpx321878a0,Triplex,1,2,2,156.0,True,True,0.20725293557669566
Line.tpx321878a0,Triplex,2,1,1,156.0,True,False,0.06280170051810274
Line.tpx321878a0,Triplex,2,2,2,156.0,True,False,0.20725295469398752
Line.tpx321880a0,Triplex,1,1,1,156.0,True,True,0.14694188339885786
Line.tpx321880a0,Triplex,1,2,2,156.0,True,True,0.01506951908504565
Line.tpx321880a0,Triplex,2,1,1,156.0,True,False,0.1469419025260532
Line.tpx321880a0,Triplex,2,2,2,156.0,True,False,0.01506953808820333
Line.tpx321881a0,Triplex,1,1,1,156.0,True,True,0.05715030071061722
Line.tpx321881a0,Triplex,1,2,2,156.0,True,True,0.21304920420719511
Line.tpx321881a0,Triplex,2,1,1,156.0,True,False,0.05715031969211525
Line.tpx321881a0,Triplex,2,2,2,156.0,True,False,0.21304922332497758
Line.tpx321882c0,Triplex,1,1,1,156.0,True,True,0.07805317280747258
Line.tpx321882c0,Triplex,1,2,2,156.0,True,True,0.22526636371477393
Line.tpx321882c0,Triplex,2,1,1,156.0,True,False,0.0780531921917794
Line.tpx321882c0,Triplex,2,2,2,156.0,True,False,0.22526638322793494
Line.tpx321883c0,Triplex,1,1,1,156.0,True,True,0.07494943326122115
Line.tpx321883c0,Triplex,1,2,2,156.0,True,True,0.10652941911511057
Line.tpx321883c0,Triplex,2,1,1,156.0,True,False,0.07494945270572272
Line.tpx321883c0,Triplex,2,2,2,156.0,True,False,0.10652943859336957
Line.tpx321884c0,Triplex,1,1,1,156.0,True,True,0.23194513404377604
Line.tpx321884c0,Triplex,1,2,2,156.0,True,True,0.22329471028682746
Line.tpx321884c0,Triplex,2,1,1,156.0,True,False,0.2319451534647485
Line.tpx321884c0,Triplex,2,2,2,156.0,True,False,0.22329472970421882
Line.tpx321886c0,Triplex,1,1,1,156.0,True,True,0.06889026822556749
Line.tpx321886c0,Triplex,1,2,2,156.0,True,True,0.23486796170411162
Line.tpx321886c0,Triplex,2,1,1,156.0,True,False,0.0688902875826622
Line.tpx321886c0,Triplex,2,2,2,156.0,True,False,0.23486798120605998
Line.tpx321887c0,Triplex,1,1,1,156.0,True,True,0.30201465766271074
Line.tpx321887c0,Triplex,1,2,2,156.0,True,True,0.003298722690888205
Line.tpx321887c0,Triplex,2,1,1,156.0,True,False,0.30201467721260317
Line.tpx321887c0,Triplex,2,2,2,156.0,True,False,0.0032987419884964162
Line.tpx321888c0,Triplex,1,1,1,156.0,True,True,0.04293951253517667
Line.tpx321888c0,Triplex,1,2,2,156.0,True,True,0.26136957013871676
Line.tpx321888c0,Triplex,2,1,1,156.0,True,False,0.042939531865047384
Line.tpx321888c0,Triplex,2,2,2,156.0,True,False,0.26136958965819823
Line.tpx321890c0,Triplex,1,1,1,156.0,True,True,0.3722807759980443
Line.tpx321890c0,Triplex,1,2,2,156.0,True,True,0.08510161535081687
Line.tpx321890c0,Triplex,2,1,1,156.0,True,False,0.37228079551652804
Line.tpx321890c0,Triplex,2,2,2,156.0,True,False,0.08510163464391707
Line.tpx321891c0,Triplex,1,1,1,156.0,True,True,0.030682058766326924
Line.tpx321891c0,Triplex,1,2,2,156.0,True,True,0.2738827790091012
Line.tpx321891c0,Triplex,2,1,1,156.0,True,False,0.030682078086485765
Line.tpx321891c0,Triplex,2,2,2,156.0,True,False,0.27388279854002323
Line.tpx321892c0,Triplex,1,1,1,156.0,True,True,0.08271800745961018
Line.tpx321892c0,Triplex,1,2,2,156.0,True,True,0.22092683895679593
Line.tpx321892c0,Triplex,2,1,1,156.0,True,False,0.08271802682309064
Line.tpx321892c0,Triplex,2,2,2,156.0,True,False,0.22092685844145046
Line.tpx321893c0,Triplex,1,1,1,156.0,True,True,0.25036594693247
Line.tpx321893c0,Triplex,1,2,2,156.0,True,True,0.0537721256062021
Line.tpx321893c0,Triplex,2,1,1,156.0,True,False,0.25036596643734366
Line.tpx321893c0,Triplex,2,2,2,156.0,True,False,0.05377214494672422
Line.tpx321894c0,Triplex,1,1,1,156.0,True,True,0.12818233626483486
Line.tpx321894c0,Triplex,1,2,2,156.0,True,True,0.17508748451168119
Line.tpx321894c0,Triplex,2,1,1,156.0,True,False,0.12818235566584948
Line.tpx321894c0,Triplex,2,2,2,156.0,True,False,0.1750875039560209
Line.tpx323233b0,Triplex,1,1,1,156.0,True,True,0.10075498279256247
Line.tpx323233b0,Triplex,1,2,2,156.0,True,True,0.07612728857987495
Line.tpx323233b0,Triplex,2,1,1,156.0,True,False,0.10075500191793986
Line.tpx323233b0,Triplex,2,2,2,156.0,True,False,0.07612730768476687
Line.tpx323234b0,Triplex,1,1,1,156.0,True,True,0.06409820798292573
Line.tpx323234b0,Triplex,1,2,2,156.0,True,True,0.23159605240479997
Line.tpx323234b0,Triplex,2,1,1,156.0,True,False,0.06409822700820436
Line.tpx323234b0,Triplex,2,2,2,156.0,True,False,0.231596071576193
Line.tpx323235b0,Triplex,1,1,1,156.0,True,True,0.01164893631753174
Line.tpx323235b0,Triplex,1,2,2,156.0,True,True,0.04739437782220757
Line.tpx323235b0,Triplex,2,1,1,156.0,True,False,0.01164895541973619
Line.tpx323235b0,Triplex,2,2,2,156.0,True,False,0.0473943969819761
Line.tpx323236b0,Triplex,1,1,1,156.0,True,True,0.2723721143759916
Line.tpx323236b0,Triplex,1,2,2,156.0,True,True,0.024141072111606307
Line.tpx323236b0,Triplex,2,1,1,156.0,True,False,0.27237213357854645
Line.tpx323236b0,Triplex,2,2,2,156.0,True,False,0.024141091105647394
Line.tpx323237b0,Triplex,1,1,1,156.0,True,True,0.08289877772747145
Line.tpx323237b0,Triplex,1,2,2,156.0,True,True,0.09396778299155588
Line.tpx323237b0,Triplex,2,1,1,156.0,True,False,0.0828987968358025
Line.tpx323237b0,Triplex,2,2,2,156.0,True,False,0.09396780211381321
Line.tpx323241b0,Triplex,1,1,1,156.0,True,True,0.10983523202154168
Line.tpx323241b0,Triplex,1,2,2,156.0,True,True,0.067088333682627
Line.tpx323241b0,Triplex,2,1,1,156.0,True,False,0.10983525115484387
Line.tpx323241b0,Triplex,2,2,2,156.0,True,False,0.06708835277797591
Line.tpx323242b0,Triplex,1,1,1,156.0,True,True,0.2786290872909249
Line.tpx323242b0,Triplex,1,2,2,156.0,True,True,0.01789791648617125
Line.tpx323242b0,Triplex,2,1,1,156.0,True,False,0.2786291065077694
Line.tpx323242b0,Triplex,2,2,2,156.0,True,False,0.017897935483809694
Line.tpx323243b0,Triplex,1,1,1,156.0,True,True,0.017907612512366222
Line.tpx323243b0,Triplex,1,2,2,156.0,True,True,0.15935776282907782
Line.tpx323243b0,Triplex,2,1,1,156.0,True,False,0.017907631572819487
Line.tpx323243b0,Triplex,2,2,2,156.0,True,False,0.1593577820292495
Line.tpx323244b0,Triplex,1,1,1,156.0,True,True,0.11144441865741114
Line.tpx323244b0,Triplex,1,2,2,156.0,True,True,0.006524684508238983
Line.tpx323244b0,Triplex,2,1,1,156.0,True,False,0.11144443785630344
Line.tpx323244b0,Triplex,2,2,2,156.0,True,False,0.006524703594412003
Line.tpx323245b0,Triplex,1,1,1,156.0,True,True,0.10623521765806365
Line.tpx323245b0,Triplex,1,2,2,156.0,True,True,0.18879559932485626
Line.tpx323245b0,Triplex,2,1,1,156.0,True,False,0.10623523672961145
Line.tpx323245b0,Triplex,2,2,2,156.0,True,False,0.18879561847007126
Line.tpx323247b0,Triplex,1,1,1,156.0,True,True,0.13682618239730954
Line.tpx323247b0,Triplex,1,2,2,156.0,True,True,0.15755668164544015
Line.tpx323247b0,Triplex,2,1,1,156.0,True,False,0.13682620152737854
Line.tpx323247b0,Triplex,2,2,2,156.0,True,False,0.1575567007964663
Line.tpx323248b0,Triplex,1,1,1,156.0,True,True,0.09330160896340911
Line.tpx323248b0,Triplex,1,2,2,156.0,True,True,0.08316760736006985
Line.tpx323248b0,Triplex,2,1,1,156.0,True,False,0.09330162812496579
Line.tpx323248b0,Triplex,2,2,2,156.0,True,False,0.08316762651513532
Line.tpx323249b0,Triplex,1,1,1,156.0,True,True,0.15910648033832753
Line.tpx323249b0,Triplex,1,2,2,156.0,True,True,0.017849851980003224
Line.tpx323249b0,Triplex,2,1,1,156.0,True,False,0.15910649956924514
Line.tpx323249b0,Triplex,2,2,2,156.0,True,False,0.01784987107791246
Line.tpx323250b0,Triplex,1,1,1,156.0,True,True,0.007880812634907447
Line.tpx323250b0,Triplex,1,2,2,156.0,True,True,0.16919969770019078
Line.tpx323250b0,Triplex,2,1,1,156.0,True,False,0.007880831723166582
Line.tpx323250b0,Triplex,2,2,2,156.0,True,False,0.16919971694753638
Line.tpx323252b0,Triplex,1,1,1,156.0,True,True,0.004373973262565905
Line.tpx323252b0,Triplex,1,2,2,156.0,True,True,0.1728363331292945
Line.tpx323252b0,Triplex,2,1,1,156.0,True,False,0.00437399233997021
Line.tpx323252b0,Triplex,2,2,2,156.0,True,False,0.17283635237296144
Line.tpx323253b0,Triplex,1,1,1,156.0,True,True,0.07743666108881198
Line.tpx323253b0,Triplex,1,2,2,156.0,True,True,0.21708514002419518
Line.tpx323253b0,Triplex,2,1,1,156.0,True,False,0.07743668018860855
Line.tpx323253b0,Triplex,2,2,2,156.0,True,False,0.2170851592463713
Line.tpx323254b0,Triplex,1,1,1,156.0,True,True,0.20499966342709536
Line.tpx323254b0,Triplex,1,2,2,156.0,True,True,0.08918917734807162
Line.tpx323254b0,Triplex,2,1,1,156.0,True,False,0.20499968264848126
Line.tpx323254b0,Triplex,2,2,2,156.0,True,False,0.08918919647394848
Line.tpx323255b0,Triplex,1,1,1,156.0,True,True,0.15746118352912417
Line.tpx323255b0,Triplex,1,2,2,156.0,True,True,0.01916776961384761
Line.tpx323255b0,Triplex,2,1,1,156.0,True,False,0.15746120279165182
Line.tpx323255b0,Triplex,2,2,2,156.0,True,False,0.019167788746246608
Line.tpx323261b0,Triplex,1,1,1,156.0,True,True,0.0072037330614134285
Line.tpx323261b0,Triplex,1,2,2,156.0,True,True,0.28904556422112887
Line.tpx323261b0,Triplex,2,1,1,156.0,True,False,0.007203752081143768
Line.tpx323261b0,Triplex,2,2,2,156.0,True,False,0.2890455834848451
Line.tpx323263a0,Triplex,1,1,1,156.0,True,True,0.24070096542628022
Line.tpx323263a0,Triplex,1,2,2,156.0,True,True,0.025611098117707395
Line.tpx323263a0,Triplex,2,1,1,156.0,True,False,0.24070098488227382
Line.tpx323263a0,Triplex,2,2,2,156.0,True,False,0.02561111739337544
Line.tpx323264b0,Triplex,1,1,1,156.0,True,True,0.06740884005294745
Line.tpx323264b0,Triplex,1,2,2,156.0,True,True,0.5257783936336251
Line.tpx323264b0,Triplex,2,1,1,156.0,True,False,0.06740885902359701
Line.tpx323264b0,Triplex,2,2,2,156.0,True,False,0.5257784129593414
Line.tpx323265b0,Triplex,1,1,1,156.0,True,True,0.25752283168013657
Line.tpx323265b0,Triplex,1,2,2,156.0,True,True,0.03730782698526155
Line.tpx323265b0,Triplex,2,1,1,156.0,True,False,0.25752285095910477
Line.tpx323265b0,Triplex,2,2,2,156.0,True,False,0.037307846079652804
Line.tpx323266b0,Triplex,1,1,1,156.0,True,True,0.10676979552393077
Line.tpx323266b0,Triplex,1,2,2,156.0,True,True,0.06937745045487423
Line.tpx323266b0,Triplex,2,1,1,156.0,True,False,0.10676981473751791
Line.tpx323266b0,Triplex,2,2,2,156.0,True,False,0.06937746963569087
Line.tpx323267b0,Triplex,1,1,1,156.0,True,True,0.24597032652154732
Line.tpx323267b0,Triplex,1,2,2,156.0,True,True,0.04884253700994628
Line.tpx323267b0,Triplex,2,1,1,156.0,True,False,0.2459703457767985
Line.tpx323267b0,Triplex,2,2,2,156.0,True,False,0.04884255610032527
Line.tpx323273b0,Triplex,1,1,1,156.0,True,True,0.1637862096465511
Line.tpx323273b0,Triplex,1,2,2,156.0,True,True,0.13052300194969724
Line.tpx323273b0,Triplex,2,1,1,156.0,True,False,0.1637862288055918
Line.tpx323273b0,Triplex,2,2,2,156.0,True,False,0.1305230210836425
Line.tpx323274b0,Triplex,1,1,1,156.0,True,True,0.01910582216395036
Line.tpx323274b0,Triplex,1,2,2,156.0,True,True,0.15782583289077695
Line.tpx323274b0,Triplex,2,1,1,156.0,True,False,0.019105841259538486
Line.tpx323274b0,Triplex,2,2,2,156.0,True,False,0.15782585212344266
Line.tpx323275b0,Triplex,1,1,1,156.0,True,True,0.13924683808242544
Line.tpx323275b0,Triplex,1,2,2,156.0,True,True,0.15536913262821578
Line.tpx323275b0,Triplex,2,1,1,156.0,True,False,0.1392468571990934
Line.tpx323275b0,Triplex,2,2,2,156.0,True,False,0.15536915176189017
Line.tpx323277b0,Triplex,1,1,1,156.0,True,True,0.08860430902696649
Line.tpx323277b0,Triplex,1,2,2,156.0,True,True,0.02907152675631635
Line.tpx323277b0,Triplex,2,1,1,156.0,True,False,0.08860432821027499
Line.tpx323277b0,Triplex,2,2,2,156.0,True,False,0.029071545877246176
Line.tpx323279b0,Triplex,1,1,1,156.0,True,True,0.0859390904694035
Line.tpx323279b0,Triplex,1,2,2,156.0,True,True,0.09085327467530376
Line.tpx323279b0,Triplex,2,1,1,156.0,True,False,0.08593910958844274
Line.tpx323279b0,Triplex,2,2,2,156.0,True,False,0.0908532938023501
Line.tpx323280b0,Triplex,1,1,1,156.0,True,True,0.14905615711116504
Line.tpx323280b0,Triplex,1,2,2,156.0,True,True,0.1458840145350403
Line.tpx323280b0,Triplex,2,1,1,156.0,True,False,0.1490561762147185
Line.tpx323280b0,Triplex,2,2,2,156.0,True,False,0.14588403363914595
Line.tpx323282b0,Triplex,1,1,1,156.0,True,True,0.4271601895703724
Line.tpx323282b0,Triplex,1,2,2,156.0,True,True,0.011792906147640302
Line.tpx323282b0,Triplex,2,1,1,156.0,True,False,0.4271602091574299
Line.tpx323282b0,Triplex,2,2,2,156.0,True,False,0.01179292540692167
Line.tpx323283b0,Triplex,1,1,1,156.0,True,True,0.18841929662857945
Line.tpx323283b0,Triplex,1,2,2,156.0,True,True,0.24669523551283326
Line.tpx323283b0,Triplex,2,1,1,156.0,True,False,0.1884193160312049
Line.tpx323283b0,Triplex,2,2,2,156.0,True,False,0.24669525496519848
Line.tpx323284b0,Triplex,1,1,1,156.0,True,True,0.043031398131891406
Line.tpx323284b0,Triplex,1,2,2,156.0,True,True,0.247660266056903
Line.tpx323284b0,Triplex,2,1,1,156.0,True,False,0.04303141749113199
Line.tpx323284b0,Triplex,2,2,2,156.0,True,False,0.24766028559404474
Line.tpx323285b0,Triplex,1,1,1,156.0,True,True,0.18702615615944104
Line.tpx323285b0,Triplex,1,2,2,156.0,True,True,0.10286424229548317
Line.tpx323285b0,Triplex,2,1,1,156.0,True,False,0.18702617564111795
Line.tpx323285b0,Triplex,2,2,2,156.0,True,False,0.10286426170869398
Line.tpx323286b0,Triplex,1,1,1,156.0,True,True,0.07314497907972416
Line.tpx323286b0,Triplex,1,2,2,156.0,True,True,0.10058199756489161
Line.tpx323286b0,Triplex,2,1,1,156.0,True,False,0.07314499852709686
Line.tpx323286b0,Triplex,2,2,2,156.0,True,False,0.10058201704204232
Line.tpx323287b0,Triplex,1,1,1,156.0,True,True,0.12902044391333994
Line.tpx323287b0,Triplex,1,2,2,156.0,True,True,0.044882604699724125
Line.tpx323287b0,Triplex,2,1,1,156.0,True,False,0.12902046341413198
Line.tpx323287b0,Triplex,2,2,2,156.0,True,False,0.04488262412269823
Line.tpx323387b0,Triplex,1,1,1,156.0,True,True,0.15253309362677864
Line.tpx323387b0,Triplex,1,2,2,156.0,True,True,0.1427876528617166
Line.tpx323387b0,Triplex,2,1,1,156.0,True,False,0.15253311270869907
Line.tpx323387b0,Triplex,2,2,2,156.0,True,False,0.1427876719385733
Line.tpx323388b0,Triplex,1,1,1,156.0,True,True,0.2748351138931944
Line.tpx323388b0,Triplex,1,2,2,156.0,True,True,0.022035399574641238
Line.tpx323388b0,Triplex,2,1,1,156.0,True,False,0.27483513307829516
Line.tpx323388b0,Triplex,2,2,2,156.0,True,False,0.022035418547317127
Line.tpx323389b0,Triplex,1,1,1,156.0,True,True,0.20226289587525423
Line.tpx323389b0,Triplex,1,2,2,156.0,True,True,0.09335566774441276
Line.tpx323389b0,Triplex,2,1,1,156.0,True,False,0.2022629149986928
Line.tpx323389b0,Triplex,2,2,2,156.0,True,False,0.09335568677822284
Line.tpx323391b0,Triplex,1,1,1,156.0,True,True,0.3999221016677947
Line.tpx323391b0,Triplex,1,2,2,156.0,True,True,0.04632782388458424
Line.tpx323391b0,Triplex,2,1,1,156.0,True,False,0.3999221208678196
Line.tpx323391b0,Triplex,2,2,2,156.0,True,False,0.046327842806233095
Line.tpx323392b0,Triplex,1,1,1,156.0,True,True,0.14444547015082032
Line.tpx323392b0,Triplex,1,2,2,156.0,True,True,0.15085165058503172
Line.tpx323392b0,Triplex,2,1,1,156.0,True,False,0.14444548922726538
Line.tpx323392b0,Triplex,2,2,2,156.0,True,False,0.1508516696701868
Line.tpx323394b0,Triplex,1,1,1,156.0,True,True,0.4272566197958248
Line.tpx323394b0,Triplex,1,2,2,156.0,True,True,0.019822985433586942
Line.tpx323394b0,Triplex,2,1,1,156.0,True,False,0.42725663902125094
Line.tpx323394b0,Triplex,2,2,2,156.0,True,False,0.019823004337686113
Line.tpx323397b0,Triplex,1,1,1,156.0,True,True,0.2965018198558818
Line.tpx323397b0,Triplex,1,2,2,156.0,True,True,0.0006559353009870313
Line.tpx323397b0,Triplex,2,1,1,156.0,True,False,0.29650183907742916
Line.tpx323397b0,Triplex,2,2,2,156.0,True,False,0.0006559542691002546
Line.tpx323398b0,Triplex,1,1,1,156.0,True,True,0.1754375696072874
Line.tpx323398b0,Triplex,1,2,2,156.0,True,True,0.0022918646725893378
Line.tpx323398b0,Triplex,2,1,1,156.0,True,False,0.17543758879978075
Line.tpx323398b0,Triplex,2,2,2,156.0,True,False,0.00229188370023335
Line.tpx323399b0,Triplex,1,1,1,156.0,True,True,0.06240427072922997
Line.tpx323399b0,Triplex,1,2,2,156.0,True,True,0.11457640642517614
Line.tpx323399b0,Triplex,2,1,1,156.0,True,False,0.06240428981295977
Line.tpx323399b0,Triplex,2,2,2,156.0,True,False,0.11457642556245914
Line.tpx323400b0,Triplex,1,1,1,156.0,True,True,0.03355042132500758
Line.tpx323400b0,Triplex,1,2,2,156.0,True,True,0.14369317607111595
Line.tpx323400b0,Triplex,2,1,1,156.0,True,False,0.033550440379924495
Line.tpx323400b0,Triplex,2,2,2,156.0,True,False,0.1436931952354929
Line.tpx323403b0,Triplex,1,1,1,156.0,True,True,0.01049505679229389
Line.tpx323403b0,Triplex,1,2,2,156.0,True,True,0.1669250628089048
Line.tpx323403b0,Triplex,2,1,1,156.0,True,False,0.010495075841815608
Line.tpx323403b0,Triplex,2,2,2,156.0,True,False,0.166925082012688
Line.tpx323418a0,Triplex,1,1,1,156.0,True,True,0.19901756949446256
Line.tpx323418a0,Triplex,1,2,2,156.0,True,True,0.06665450024870831
Line.tpx323418a0,Triplex,2,1,1,156.0,True,False,0.19901758891200483
Line.tpx323418a0,Triplex,2,2,2,156.0,True,False,0.06665451955658709
Line.tpx325245b0,Triplex,1,1,1,156.0,True,True,0.05662166392676543
Line.tpx325245b0,Triplex,1,2,2,156.0,True,True,0.06115337332964922
Line.tpx325245b0,Triplex,2,1,1,156.0,True,False,0.0566216830404158
Line.tpx325245b0,Triplex,2,2,2,156.0,True,False,0.061153392451559596
Line.tpx325472b0,Triplex,1,1,1,156.0,True,True,0.14654122998868505
Line.tpx325472b0,Triplex,1,2,2,156.0,True,True,0.03061702885358706
Line.tpx325472b0,Triplex,2,1,1,156.0,True,False,0.14654124916633574
Line.tpx325472b0,Triplex,2,2,2,156.0,True,False,0.030617047922715822
Line.tpx325473b0,Triplex,1,1,1,156.0,True,True,0.06077847658473649
Line.tpx325473b0,Triplex,1,2,2,156.0,True,True,0.11571082463900255
Line.tpx325473b0,Triplex,2,1,1,156.0,True,False,0.06077849572114866
Line.tpx325473b0,Triplex,2,2,2,156.0,True,False,0.11571084383164233
Line.tpx325474b0,Triplex,1,1,1,156.0,True,True,0.16266693382734612
Line.tpx325474b0,Triplex,1,2,2,156.0,True,True,0.12713113763969697
Line.tpx325474b0,Triplex,2,1,1,156.0,True,False,0.16266695328517217
Line.tpx325474b0,Triplex,2,2,2,156.0,True,False,0.12713115707052838
Line.tpx328363b0,Triplex,1,1,1,156.0,True,True,0.12161585874748226
Line.tpx328363b0,Triplex,1,2,2,156.0,True,True,0.3085241211018477
Line.tpx328363b0,Triplex,2,1,1,156.0,True,False,0.12161587835417592
Line.tpx328363b0,Triplex,2,2,2,156.0,True,False,0.30852414086082713
Line.tpx328364c0,Triplex,1,1,1,156.0,True,True,0.2831016369684379
Line.tpx328364c0,Triplex,1,2,2,156.0,True,True,0.018376782972267258
Line.tpx328364c0,Triplex,2,1,1,156.0,True,False,0.2831016567213384
Line.tpx328364c0,Triplex,2,2,2,156.0,True,False,0.018376802502628374
Line.tpx328365b0,Triplex,1,1,1,156.0,True,True,0.30497068537936806
Line.tpx328365b0,Triplex,1,2,2,156.0,True,True,0.13552751318956036
Line.tpx328365b0,Triplex,2,1,1,156.0,True,False,0.3049707046606535
Line.tpx328365b0,Triplex,2,2,2,156.0,True,False,0.135527532339168
Line.tpx328367c0,Triplex,1,1,1,156.0,True,True,0.08739331613907173
Line.tpx328367c0,Triplex,1,2,2,156.0,True,True,0.03251273471401923
Line.tpx328367c0,Triplex,2,1,1,156.0,True,False,0.08739333582973784
Line.tpx328367c0,Triplex,2,2,2,156.0,True,False,0.03251275434751729
Line.tpx330121b0,Triplex,1,1,1,156.0,True,True,0.04792826716864396
Line.tpx330121b0,Triplex,1,2,2,156.0,True,True,0.06640513708261521
Line.tpx330121b0,Triplex,2,1,1,156.0,True,False,0.04792828685129218
Line.tpx330121b0,Triplex,2,2,2,156.0,True,False,0.06640515678899123
Line.tpx330122b0,Triplex,1,1,1,156.0,True,True,0.15028932250541052
Line.tpx330122b0,Triplex,1,2,2,156.0,True,True,0.02187809785670071
Line.tpx330122b0,Triplex,2,1,1,156.0,True,False,0.1502893422521698
Line.tpx330122b0,Triplex,2,2,2,156.0,True,False,0.021878117482918076
Line.tpx337614b0,Triplex,1,1,1,156.0,True,True,0.03548949908579628
Line.tpx337614b0,Triplex,1,2,2,156.0,True,True,0.2583761686285519
Line.tpx337614b0,Triplex,2,1,1,156.0,True,False,0.035489518239680884
Line.tpx337614b0,Triplex,2,2,2,156.0,True,False,0.2583761879758598
Line.tpx337619a0,Triplex,1,1,1,156.0,True,True,0.26835261164887
Line.tpx337619a0,Triplex,1,2,2,156.0,True,True,0.003578969853303707
Line.tpx337619a0,Triplex,2,1,1,156.0,True,False,0.26835263076670246
Line.tpx337619a0,Triplex,2,2,2,156.0,True,False,0.0035789887477108984
Line.tpx337619b0,Triplex,1,1,1,156.0,True,True,0.06944743690299504
Line.tpx337619b0,Triplex,1,2,2,156.0,True,True,0.22401690715757733
Line.tpx337619b0,Triplex,2,1,1,156.0,True,False,0.06944745607218691
Line.tpx337619b0,Triplex,2,2,2,156.0,True,False,0.22401692646189042
Line.tpx337619c0,Triplex,1,1,1,156.0,True,True,0.26704814603710586
Line.tpx337619c0,Triplex,1,2,2,156.0,True,True,0.03444005055844143
Line.tpx337619c0,Triplex,2,1,1,156.0,True,False,0.2670481657513425
Line.tpx337619c0,Triplex,2,2,2,156.0,True,False,0.034440070077593525
Line.tpx337623c0,Triplex,1,1,1,156.0,True,True,0.1698874544381022
Line.tpx337623c0,Triplex,1,2,2,156.0,True,True,0.012611219701546309
Line.tpx337623c0,Triplex,2,1,1,156.0,True,False,0.16988747393332557
Line.tpx337623c0,Triplex,2,2,2,156.0,True,False,0.012611239048313731
Line.tpx337624c0,Triplex,1,1,1,156.0,True,True,0.03310109691725898
Line.tpx337624c0,Triplex,1,2,2,156.0,True,True,0.08824489206010369
Line.tpx337624c0,Triplex,2,1,1,156.0,True,False,0.033101116313745516
Line.tpx337624c0,Triplex,2,2,2,156.0,True,False,0.0882449115206999
Line.tpx337625c0,Triplex,1,1,1,156.0,True,True,0.1491920436135141
Line.tpx337625c0,Triplex,1,2,2,156.0,True,True,0.15458794840901635
Line.tpx337625c0,Triplex,2,1,1,156.0,True,False,0.14919206299647342
Line.tpx337625c0,Triplex,2,2,2,156.0,True,False,0.15458796779987494
Line.tpx337626c0,Triplex,1,1,1,156.0,True,True,0.010404200866844586
Line.tpx337626c0,Triplex,1,2,2,156.0,True,True,0.2953182169929023
Line.tpx337626c0,Triplex,2,1,1,156.0,True,False,0.01040422012857182
Line.tpx337626c0,Triplex,2,2,2,156.0,True,False,0.2953182365011286
Line.tpx337627c0,Triplex,1,1,1,156.0,True,True,0.0007963536200787495
Line.tpx337627c0,Triplex,1,2,2,156.0,True,True,0.3052350296282985
Line.tpx337627c0,Triplex,2,1,1,156.0,True,False,0.0007963728676656866
Line.tpx337627c0,Triplex,2,2,2,156.0,True,False,0.3052350491425137
Line.tpx337628c0,Triplex,1,1,1,156.0,True,True,0.22606085972839848
Line.tpx337628c0,Triplex,1,2,2,156.0,True,True,0.07830222014223398
Line.tpx337628c0,Triplex,2,1,1,156.0,True,False,0.2260608791726915
Line.tpx337628c0,Triplex,2,2,2,156.0,True,False,0.07830223946382513
Line.tpx337629c0,Triplex,1,1,1,156.0,True,True,0.08567853370287958
Line.tpx337629c0,Triplex,1,2,2,156.0,True,True,0.21854257394333132
Line.tpx337629c0,Triplex,2,1,1,156.0,True,False,0.08567855302973748
Line.tpx337629c0,Triplex,2,2,2,156.0,True,False,0.21854259338680046
Line.tpx337630c0,Triplex,1,1,1,156.0,True,True,0.05865156561881951
Line.tpx337630c0,Triplex,1,2,2,156.0,True,True,0.12355560362951036
Line.tpx337630c0,Triplex,2,1,1,156.0,True,False,0.05865158497863208
Line.tpx337630c0,Triplex,2,2,2,156.0,True,False,0.12355562305520379
Line.tpx337631c0,Triplex,1,1,1,156.0,True,True,0.04830998808042569
Line.tpx337631c0,Triplex,1,2,2,156.0,True,True,0.07313542722388686
Line.tpx337631c0,Triplex,2,1,1,156.0,True,False,0.04831000746590249
Line.tpx337631c0,Triplex,2,2,2,156.0,True,False,0.07313544664005416
Line.tpx337632c0,Triplex,1,1,1,156.0,True,True,0.004506184163298527
Line.tpx337632c0,Triplex,1,2,2,156.0,True,True,0.17850551375251333
Line.tpx337632c0,Triplex,2,1,1,156.0,True,False,0.004506203458643069
Line.tpx337632c0,Triplex,2,2,2,156.0,True,False,0.17850553321947676
Line.tpx337633c0,Triplex,1,1,1,156.0,True,True,0.04957080068845189
Line.tpx337633c0,Triplex,1,2,2,156.0,True,True,0.1328506375269642
Line.tpx337633c0,Triplex,2,1,1,156.0,True,False,0.049570820024372284
Line.tpx337633c0,Triplex,2,2,2,156.0,True,False,0.13285065694647427
Line.tpx337634c0,Triplex,1,1,1,156.0,True,True,0.025161744081388993
Line.tpx337634c0,Triplex,1,2,2,156.0,True,True,0.28056753236774334
Line.tpx337634c0,Triplex,2,1,1,156.0,True,False,0.025161763331575458
Line.tpx337634c0,Triplex,2,2,2,156.0,True,False,0.28056755183909604
Line.tpx337635c0,Triplex,1,1,1,156.0,True,True,0.02148708213419716
Line.tpx337635c0,Triplex,1,2,2,156.0,True,True,0.10023219237433051
Line.tpx337635c0,Triplex,2,1,1,156.0,True,False,0.021487101473557275
Line.tpx337635c0,Triplex,2,2,2,156.0,True,False,0.100232211803837
Line.tpx337636c0,Triplex,1,1,1,156.0,True,True,0.3471598819299133
Line.tpx337636c0,Triplex,1,2,2,156.0,True,True,0.11135342337335491
Line.tpx337636c0,Triplex,2,1,1,156.0,True,False,0.3471599013550701
Line.tpx337636c0,Triplex,2,2,2,156.0,True,False,0.11135344261404437
Line.tpx337641c0,Triplex,1,1,1,156.0,True,True,0.023359724286680882
Line.tpx337641c0,Triplex,1,2,2,156.0,True,True,0.1594237936013382
Line.tpx337641c0,Triplex,2,1,1,156.0,True,False,0.023359743591610405
Line.tpx337641c0,Triplex,2,2,2,156.0,True,False,0.159423813040774
Line.tpx337642c0,Triplex,1,1,1,156.0,True,True,0.2859711989748065
Line.tpx337642c0,Triplex,1,2,2,156.0,True,True,0.17154469784305543
Line.tpx337642c0,Triplex,2,1,1,156.0,True,False,0.2859712183538233
Line.tpx337642c0,Triplex,2,2,2,156.0,True,False,0.1715447171342375
Line.tpx337643c0,Triplex,1,1,1,156.0,True,True,0.08737306276898511
Line.tpx337643c0,Triplex,1,2,2,156.0,True,True,0.09493080868928715
Line.tpx337643c0,Triplex,2,1,1,156.0,True,False,0.08737308213446801
Line.tpx337643c0,Triplex,2,2,2,156.0,True,False,0.09493082806535703
Line.tpx337645b0,Triplex,1,1,1,156.0,True,True,0.09504009808779063
Line.tpx337645b0,Triplex,1,2,2,156.0,True,True,0.19687815010249446
Line.tpx337645b0,Triplex,2,1,1,156.0,True,False,0.09504011736006694
Line.tpx337645b0,Triplex,2,2,2,156.0,True,False,0.1968781694649308
Line.tpx337646b0,Triplex,1,1,1,156.0,True,True,0.06715035708197052
Line.tpx337646b0,Triplex,1,2,2,156.0,True,True,0.22511564459480995
Line.tpx337646b0,Triplex,2,1,1,156.0,True,False,0.06715037633011144
Line.tpx337646b0,Triplex,2,2,2,156.0,True,False,0.22511566398099014
Line.tpx337647a0,Triplex,1,1,1,156.0,True,True,0.030755434839241192
Line.tpx337647a0,Triplex,1,2,2,156.0,True,True,0.23543924302293454
Line.tpx337647a0,Triplex,2,1,1,156.0,True,False,0.0307554541161851
Line.tpx337647a0,Triplex,2,2,2,156.0,True,False,0.23543926247791389
Line.tpx337648b0,Triplex,1,1,1,156.0,True,True,0.24938456903031836
Line.tpx337648b0,Triplex,1,2,2,156.0,True,True,0.04316219900421052
Line.tpx337648b0,Triplex,2,1,1,156.0,True,False,0.2493845884434976
Line.tpx337648b0,Triplex,2,2,2,156.0,True,False,0.043162218244757064
Line.tpx337650a0,Triplex,1,1,1,156.0,True,True,0.14535537964716033
Line.tpx337650a0,Triplex,1,2,2,156.0,True,True,0.014020280315708015
Line.tpx337650a0,Triplex,2,1,1,156.0,True,False,0.1453553990886538
Line.tpx337650a0,Triplex,2,2,2,156.0,True,False,0.014020299633691185
Line.tpx337652b0,Triplex,1,1,1,156.0,True,True,0.18252119678170506
Line.tpx337652b0,Triplex,1,2,2,156.0,True,True,0.10902271364263733
Line.tpx337652b0,Triplex,2,1,1,156.0,True,False,0.1825212161460469
Line.tpx337652b0,Triplex,2,2,2,156.0,True,False,0.1090227329475755
Line.tpx337653b0,Triplex,1,1,1,156.0,True,True,0.3242913491346403
Line.tpx337653b0,Triplex,1,2,2,156.0,True,True,0.1140509748408558
Line.tpx337653b0,Triplex,2,1,1,156.0,True,False,0.3242913685416271
Line.tpx337653b0,Triplex,2,2,2,156.0,True,False,0.11405099408365206
Line.tpx337654c0,Triplex,1,1,1,156.0,True,True,0.14972765309582112
Line.tpx337654c0,Triplex,1,2,2,156.0,True,True,0.031588049001356575
Line.tpx337654c0,Triplex,2,1,1,156.0,True,False,0.14972767266768774
Line.tpx337654c0,Triplex,2,2,2,156.0,True,False,0.03158806846261466
Line.tpx337655c0,Triplex,1,1,1,156.0,True,True,0.13167377746884548
Line.tpx337655c0,Triplex,1,2,2,156.0,True,True,0.04944577005441669
Line.tpx337655c0,Triplex,2,1,1,156.0,True,False,0.13167379702369988
Line.tpx337655c0,Triplex,2,2,2,156.0,True,False,0.04944578953331924
Line.tpx337659c0,Triplex,1,1,1,156.0,True,True,0.0676025673931707
Line.tpx337659c0,Triplex,1,2,2,156.0,True,True,0.23540833158853844
Line.tpx337659c0,Triplex,2,1,1,156.0,True,False,0.06760258679824041
Line.tpx337659c0,Triplex,2,2,2,156.0,True,False,0.23540835114003847
Line.tpx337660c0,Triplex,1,1,1,156.0,True,True,0.018233269306812478
Line.tpx337660c0,Triplex,1,2,2,156.0,True,True,0.2858239222267358
Line.tpx337660c0,Triplex,2,1,1,156.0,True,False,0.018233288667621216
Line.tpx337660c0,Triplex,2,2,2,156.0,True,False,0.28582394181918
Line.tpx337661b0,Triplex,1,1,1,156.0,True,True,0.21867331424272093
Line.tpx337661b0,Triplex,1,2,2,156.0,True,True,0.07401436232385676
Line.tpx337661b0,Triplex,2,1,1,156.0,True,False,0.21867333358641894
Line.tpx337661b0,Triplex,2,2,2,156.0,True,False,0.07401438154744547
Line.tpx337665b0,Triplex,1,1,1,156.0,True,True,0.09581824147588731
Line.tpx337665b0,Triplex,1,2,2,156.0,True,True,0.0794268797470351
Line.tpx337665b0,Triplex,2,1,1,156.0,True,False,0.09581826077466317
Line.tpx337665b0,Triplex,2,2,2,156.0,True,False,0.07942689903330057
Line.tpx337666b0,Triplex,1,1,1,156.0,True,True,0.07675408301499513
Line.tpx337666b0,Triplex,1,2,2,156.0,True,True,0.21598868371907734
Line.tpx337666b0,Triplex,2,1,1,156.0,True,False,0.07675410223104386
Line.tpx337666b0,Triplex,2,2,2,156.0,True,False,0.21598870305717524
Line.tpx337668b0,Triplex,1,1,1,156.0,True,True,0.30547229550210775
Line.tpx337668b0,Triplex,1,2,2,156.0,True,True,0.13432855335360414
Line.tpx337668b0,Triplex,2,1,1,156.0,True,False,0.3054723148150398
Line.tpx337668b0,Triplex,2,2,2,156.0,True,False,0.1343285725334899
Line.tpx337669a0,Triplex,1,1,1,156.0,True,True,0.22696511387489574
Line.tpx337669a0,Triplex,1,2,2,156.0,True,True,0.03932998136096668
Line.tpx337669a0,Triplex,2,1,1,156.0,True,False,0.22696513330132662
Line.tpx337669a0,Triplex,2,2,2,156.0,True,False,0.03933000063053512
Line.tpx337671a0,Triplex,1,1,1,156.0,True,True,0.0753934904659728
Line.tpx337671a0,Triplex,1,2,2,156.0,True,True,0.08375052344764393
Line.tpx337671a0,Triplex,2,1,1,156.0,True,False,0.07539350981157869
Line.tpx337671a0,Triplex,2,2,2,156.0,True,False,0.08375054280461065
Line.tpx337672b0,Triplex,1,1,1,156.0,True,True,0.0002290180173407451
Line.tpx337672b0,Triplex,1,2,2,156.0,True,True,0.17638947883030018
Line.tpx337672b0,Triplex,2,1,1,156.0,True,False,0.00022903715075102695
Line.tpx337672b0,Triplex,2,2,2,156.0,True,False,0.17638949814963398
Line.tpx337673a0,Triplex,1,1,1,156.0,True,True,0.04498949214989461
Line.tpx337673a0,Triplex,1,2,2,156.0,True,True,0.22137647818949907
Line.tpx337673a0,Triplex,2,1,1,156.0,True,False,0.044989511408028454
Line.tpx337673a0,Triplex,2,2,2,156.0,True,False,0.22137649760148456
Line.tpx337674a0,Triplex,1,1,1,156.0,True,True,0.15901852992576818
Line.tpx337674a0,Triplex,1,2,2,156.0,True,True,0.1067095292080122
Line.tpx337674a0,Triplex,2,1,1,156.0,True,False,0.15901854927942488
Line.tpx337674a0,Triplex,2,2,2,156.0,True,False,0.10670954852032224
Line.tpx337675a0,Triplex,1,1,1,156.0,True,True,0.2538491131693379
Line.tpx337675a0,Triplex,1,2,2,156.0,True,True,0.013209923584040285
Line.tpx337675a0,Triplex,2,1,1,156.0,True,False,0.2538491326021695
Line.tpx337675a0,Triplex,2,2,2,156.0,True,False,0.013209942814627888
Line.tpx337676a0,Triplex,1,1,1,156.0,True,True,0.1796491158803361
Line.tpx337676a0,Triplex,1,2,2,156.0,True,True,0.08624873286241197
Line.tpx337676a0,Triplex,2,1,1,156.0,True,False,0.17964913524959455
Line.tpx337676a0,Triplex,2,2,2,156.0,True,False,0.08624875215526452
Line.tpx337677a0,Triplex,1,1,1,156.0,True,True,0.025012769886294584
Line.tpx337677a0,Triplex,1,2,2,156.0,True,True,0.24179620657368986
Line.tpx337677a0,Triplex,2,1,1,156.0,True,False,0.025012789122277803
Line.tpx337677a0,Triplex,2,2,2,156.0,True,False,0.24179622599803793
Line.tpx337678a0,Triplex,1,1,1,156.0,True,True,0.06367458294009605
Line.tpx337678a0,Triplex,1,2,2,156.0,True,True,0.20247923680801663
Line.tpx337678a0,Triplex,2,1,1,156.0,True,False,0.06367460220936219
Line.tpx337678a0,Triplex,2,2,2,156.0,True,False,0.20247925619905052
Line.tpx337679a0,Triplex,1,1,1,156.0,True,True,0.0037100026016600816
Line.tpx337679a0,Triplex,1,2,2,156.0,True,True,0.1561122203452849
Line.tpx337679a0,Triplex,2,1,1,156.0,True,False,0.0037100218699778445
Line.tpx337679a0,Triplex,2,2,2,156.0,True,False,0.15611223976461813
Line.tpx337684a0,Triplex,1,1,1,156.0,True,True,0.18653004778448304
Line.tpx337684a0,Triplex,1,2,2,156.0,True,True,0.07923730468048135
Line.tpx337684a0,Triplex,2,1,1,156.0,True,False,0.18653006717398585
Line.tpx337684a0,Triplex,2,2,2,156.0,True,False,0.07923732398171514
Line.tpx337687b0,Triplex,1,1,1,156.0,True,True,0.09280206436103033
Line.tpx337687b0,Triplex,1,2,2,156.0,True,True,0.08317373062272827
Line.tpx337687b0,Triplex,2,1,1,156.0,True,False,0.09280208357597755
Line.tpx337687b0,Triplex,2,2,2,156.0,True,False,0.08317374983166836
Line.tpx337688b0,Triplex,1,1,1,156.0,True,True,0.1163657218021817
Line.tpx337688b0,Triplex,1,2,2,156.0,True,True,0.05984576404924771
Line.tpx337688b0,Triplex,2,1,1,156.0,True,False,0.11636574102337796
Line.tpx337688b0,Triplex,2,2,2,156.0,True,False,0.05984578321923173
Line.tpx337689b0,Triplex,1,1,1,156.0,True,True,0.25533349680135253
Line.tpx337689b0,Triplex,1,2,2,156.0,True,True,0.039602366251158504
Line.tpx337689b0,Triplex,2,1,1,156.0,True,False,0.25533351606853266
Line.tpx337689b0,Triplex,2,2,2,156.0,True,False,0.039602385337580114
Line.tpx337690b0,Triplex,1,1,1,156.0,True,True,0.03822976630574397
Line.tpx337690b0,Triplex,1,2,2,156.0,True,True,0.2567211509424719
Line.tpx337690b0,Triplex,2,1,1,156.0,True,False,0.03822978538778608
Line.tpx337690b0,Triplex,2,2,2,156.0,True,False,0.2567211702141668
Line.tpx337691b0,Triplex,1,1,1,156.0,True,True,0.11061582942615979
Line.tpx337691b0,Triplex,1,2,2,156.0,True,True,0.06561432415303739
Line.tpx337691b0,Triplex,2,1,1,156.0,True,False,0.11061584863628077
Line.tpx337691b0,Triplex,2,2,2,156.0,True,False,0.06561434332304163
Line.tpx337692b0,Triplex,1,1,1,156.0,True,True,0.05164800063179751
Line.tpx337692b0,Triplex,1,2,2,156.0,True,True,0.0656939500239936
Line.tpx337692b0,Triplex,2,1,1,156.0,True,False,0.0516480198115684
Line.tpx337692b0,Triplex,2,2,2,156.0,True,False,0.06569396922252635
Line.tpx337693b0,Triplex,1,1,1,156.0,True,True,0.09374455074626449
Line.tpx337693b0,Triplex,1,2,2,156.0,True,True,0.08256868293049233
Line.tpx337693b0,Triplex,2,1,1,156.0,True,False,0.09374456992532745
Line.tpx337693b0,Triplex,2,2,2,156.0,True,False,0.08256870210204696
Line.tpx337694b0,Triplex,1,1,1,156.0,True,True,0.062119113962258915
Line.tpx337694b0,Triplex,1,2,2,156.0,True,True,0.11434058835428824
Line.tpx337694b0,Triplex,2,1,1,156.0,True,False,0.06211913310234198
Line.tpx337694b0,Triplex,2,2,2,156.0,True,False,0.11434060754798761
Line.tpx337695b0,Triplex,1,1,1,156.0,True,True,0.09579982290531265
Line.tpx337695b0,Triplex,1,2,2,156.0,True,True,0.08063348248281621
Line.tpx337695b0,Triplex,2,1,1,156.0,True,False,0.09579984207357423
Line.tpx337695b0,Triplex,2,2,2,156.0,True,False,0.08063350163972767
Line.tpx337696b0,Triplex,1,1,1,156.0,True,True,0.03512726120049973
Line.tpx337696b0,Triplex,1,2,2,156.0,True,True,0.14180020839488197
Line.tpx337696b0,Triplex,2,1,1,156.0,True,False,0.03512728028899099
Line.tpx337696b0,Triplex,2,2,2,156.0,True,False,0.14180022758950125
Line.tpx337697b0,Triplex,1,1,1,156.0,True,True,0.29247997075051924
Line.tpx337697b0,Triplex,1,2,2,156.0,True,True,0.004123052734324719
Line.tpx337697b0,Triplex,2,1,1,156.0,True,False,0.29247998999775804
Line.tpx337697b0,Triplex,2,2,2,156.0,True,False,0.004123071738248594
Line.tpx337698b0,Triplex,1,1,1,156.0,True,True,0.005210498251001549
Line.tpx337698b0,Triplex,1,2,2,156.0,True,True,0.11275086890390995
Line.tpx337698b0,Triplex,2,1,1,156.0,True,False,0.0052105173354440775
Line.tpx337698b0,Triplex,2,2,2,156.0,True,False,0.11275088811060718
Line.tpx337699b0,Triplex,1,1,1,156.0,True,True,0.16310864704942668
Line.tpx337699b0,Triplex,1,2,2,156.0,True,True,0.1318553719842758
Line.tpx337699b0,Triplex,2,1,1,156.0,True,False,0.16310866616496583
Line.tpx337699b0,Triplex,2,2,2,156.0,True,False,0.13185539107641522
Line.tpx337700b0,Triplex,1,1,1,156.0,True,True,0.04826287989547339
Line.tpx337700b0,Triplex,1,2,2,156.0,True,True,0.24774968914557405
Line.tpx337700b0,Triplex,2,1,1,156.0,True,False,0.04826289890471682
Line.tpx337700b0,Triplex,2,2,2,156.0,True,False,0.24774970832821622
Line.tpx337701b0,Triplex,1,1,1,156.0,True,True,0.10546608269493046
Line.tpx337701b0,Triplex,1,2,2,156.0,True,True,0.18980813273028732
Line.tpx337701b0,Triplex,2,1,1,156.0,True,False,0.1054661017504525
Line.tpx337701b0,Triplex,2,2,2,156.0,True,False,0.189808151861002
Line.tpx337702b0,Triplex,1,1,1,156.0,True,True,0.11119550533524358
Line.tpx337702b0,Triplex,1,2,2,156.0,True,True,0.18410038677633933
Line.tpx337702b0,Triplex,2,1,1,156.0,True,False,0.11119552439147412
Line.tpx337702b0,Triplex,2,2,2,156.0,True,False,0.18410040589800009
Line.tpx337703b0,Triplex,1,1,1,156.0,True,True,0.0805943518098442
Line.tpx337703b0,Triplex,1,2,2,156.0,True,True,0.09642601653188766
Line.tpx337703b0,Triplex,2,1,1,156.0,True,False,0.08059437089964859
Line.tpx337703b0,Triplex,2,2,2,156.0,True,False,0.0964260356402145
Line.tpx337704b0,Triplex,1,1,1,156.0,True,True,0.0002475984925337556
Line.tpx337704b0,Triplex,1,2,2,156.0,True,True,0.2972106413648032
Line.tpx337704b0,Triplex,2,1,1,156.0,True,False,0.0002476174302906121
Line.tpx337704b0,Triplex,2,2,2,156.0,True,False,0.2972106605707429
Line.tpx337705b0,Triplex,1,1,1,156.0,True,True,0.13668119020244554
Line.tpx337705b0,Triplex,1,2,2,156.0,True,True,0.15862941035994282
Line.tpx337705b0,Triplex,2,1,1,156.0,True,False,0.13668120927204858
Line.tpx337705b0,Triplex,2,2,2,156.0,True,False,0.15862942945151196
Line.tpx337706b0,Triplex,1,1,1,156.0,True,True,0.13844244359780275
Line.tpx337706b0,Triplex,1,2,2,156.0,True,True,0.15694993254861775
Line.tpx337706b0,Triplex,2,1,1,156.0,True,False,0.13844246266338667
Line.tpx337706b0,Triplex,2,2,2,156.0,True,False,0.15694995163323364
Line.tpx337707b0,Triplex,1,1,1,156.0,True,True,0.0622212069081799
Line.tpx337707b0,Triplex,1,2,2,156.0,True,True,0.23394505700121918
Line.tpx337707b0,Triplex,2,1,1,156.0,True,False,0.06222122590348219
Line.tpx337707b0,Triplex,2,2,2,156.0,True,False,0.23394507614622748
Line.tpx337708b0,Triplex,1,1,1,156.0,True,True,0.15852998592810189
Line.tpx337708b0,Triplex,1,2,2,156.0,True,True,0.01916712148308033
Line.tpx337708b0,Triplex,2,1,1,156.0,True,False,0.15853000507672865
Line.tpx337708b0,Triplex,2,2,2,156.0,True,False,0.019167140500543564
Line.tpx337709b0,Triplex,1,1,1,156.0,True,True,0.10036423236324586
Line.tpx337709b0,Triplex,1,2,2,156.0,True,True,0.07682891821654642
Line.tpx337709b0,Triplex,2,1,1,156.0,True,False,0.10036425145443513
Line.tpx337709b0,Triplex,2,2,2,156.0,True,False,0.07682893728831364
Line.tpx337710b0,Triplex,1,1,1,156.0,True,True,0.025245306098768485
Line.tpx337710b0,Triplex,1,2,2,156.0,True,True,0.27177519500100467
Line.tpx337710b0,Triplex,2,1,1,156.0,True,False,0.02524532505550467
Line.tpx337710b0,Triplex,2,2,2,156.0,True,False,0.2717752141712986
Line.tpx337712c0,Triplex,1,1,1,156.0,True,True,0.15100569757740578
Line.tpx337712c0,Triplex,1,2,2,156.0,True,True,0.030236422749869225
Line.tpx337712c0,Triplex,2,1,1,156.0,True,False,0.15100571716026967
Line.tpx337712c0,Triplex,2,2,2,156.0,True,False,0.030236442219590234
Line.tpx337713c0,Triplex,1,1,1,156.0,True,True,0.15665763816693554
Line.tpx337713c0,Triplex,1,2,2,156.0,True,True,0.024659680098495965
Line.tpx337713c0,Triplex,2,1,1,156.0,True,False,0.15665765775530277
Line.tpx337713c0,Triplex,2,2,2,156.0,True,False,0.024659699562883126
Line.tpx337714c0,Triplex,1,1,1,156.0,True,True,0.18020440191369216
Line.tpx337714c0,Triplex,1,2,2,156.0,True,True,0.27354961794378807
Line.tpx337714c0,Triplex,2,1,1,156.0,True,False,0.18020442136549572
Line.tpx337714c0,Triplex,2,2,2,156.0,True,False,0.2735496374732546
Line.tpx337715a0,Triplex,1,1,1,156.0,True,True,0.09501934169125582
Line.tpx337715a0,Triplex,1,2,2,156.0,True,True,0.06378933014549037
Line.tpx337715a0,Triplex,2,1,1,156.0,True,False,0.09501936109989101
Line.tpx337715a0,Triplex,2,2,2,156.0,True,False,0.06378934952731115
Line.tpx337716a0,Triplex,1,1,1,156.0,True,True,0.08413718008092741
Line.tpx337716a0,Triplex,1,2,2,156.0,True,True,0.07697725289779656
Line.tpx337716a0,Triplex,2,1,1,156.0,True,False,0.08413719919756826
Line.tpx337716a0,Triplex,2,2,2,156.0,True,False,0.07697727201078569
Line.tpx337717a0,Triplex,1,1,1,156.0,True,True,0.05891671653849862
Line.tpx337717a0,Triplex,1,2,2,156.0,True,True,0.10222596325389259
Line.tpx337717a0,Triplex,2,1,1,156.0,True,False,0.05891673563317103
Line.tpx337717a0,Triplex,2,2,2,156.0,True,False,0.1022259823936003
Line.tpx337718a0,Triplex,1,1,1,156.0,True,True,0.04527493657636293
Line.tpx337718a0,Triplex,1,2,2,156.0,True,True,0.06217326369820333
Line.tpx337718a0,Triplex,2,1,1,156.0,True,False,0.04527495568993645
Line.tpx337718a0,Triplex,2,2,2,156.0,True,False,0.062173282833661324
Line.tpx337720a0,Triplex,1,1,1,156.0,True,True,0.02890981069307199
Line.tpx337720a0,Triplex,1,2,2,156.0,True,True,0.13245492072914605
Line.tpx337720a0,Triplex,2,1,1,156.0,True,False,0.028909829760718785
Line.tpx337720a0,Triplex,2,2,2,156.0,True,False,0.1324549398999569
Line.tpx337722a0,Triplex,1,1,1,156.0,True,True,0.018210844203815506
Line.tpx337722a0,Triplex,1,2,2,156.0,True,True,0.25183066217509614
Line.tpx337722a0,Triplex,2,1,1,156.0,True,False,0.01821086321437435
Line.tpx337722a0,Triplex,2,2,2,156.0,True,False,0.2518306813883658
Line.tpx337723a0,Triplex,1,1,1,156.0,True,True,0.016242935764314022
Line.tpx337723a0,Triplex,1,2,2,156.0,True,True,0.1450225090698111
Line.tpx337723a0,Triplex,2,1,1,156.0,True,False,0.016242954850327
Line.tpx337723a0,Triplex,2,2,2,156.0,True,False,0.14502252828340179
Line.tpx337724a0,Triplex,1,1,1,156.0,True,True,0.0556075769428592
Line.tpx337724a0,Triplex,1,2,2,156.0,True,True,0.10532277159099526
Line.tpx337724a0,Triplex,2,1,1,156.0,True,False,0.0556075960615441
Line.tpx337724a0,Triplex,2,2,2,156.0,True,False,0.1053227907609008
Line.tpx337728a0,Triplex,1,1,1,156.0,True,True,0.04276393268149597
Line.tpx337728a0,Triplex,1,2,2,156.0,True,True,0.11847118519149102
Line.tpx337728a0,Triplex,2,1,1,156.0,True,False,0.042763951761924476
Line.tpx337728a0,Triplex,2,2,2,156.0,True,False,0.11847120434821279
Line.tpx337729a0,Triplex,1,1,1,156.0,True,True,0.05195620916242017
Line.tpx337729a0,Triplex,1,2,2,156.0,True,True,0.05603562649877614
Line.tpx337729a0,Triplex,2,1,1,156.0,True,False,0.05195622818542654
Line.tpx337729a0,Triplex,2,2,2,156.0,True,False,0.056035645529523906
Line.tpx337729b0,Triplex,1,1,1,156.0,True,True,0.028795702929825324
Line.tpx337729b0,Triplex,1,2,2,156.0,True,True,0.2654503175921596
Line.tpx337729b0,Triplex,2,1,1,156.0,True,False,0.0287957220628068
Line.tpx337729b0,Triplex,2,2,2,156.0,True,False,0.2654503369303228
Line.tpx337729c0,Triplex,1,1,1,156.0,True,True,0.10753302423104948
Line.tpx337729c0,Triplex,1,2,2,156.0,True,True,0.012687705222425677
Line.tpx337729c0,Triplex,2,1,1,156.0,True,False,0.1075330439223301
Line.tpx337729c0,Triplex,2,2,2,156.0,True,False,0.012687724812372366
Line.tpx338893a0,Triplex,1,1,1,156.0,True,True,0.06658920196217034
Line.tpx338893a0,Triplex,1,2,2,156.0,True,True,0.19904668186050342
Line.tpx338893a0,Triplex,2,1,1,156.0,True,False,0.06658922126882248
Line.tpx338893a0,Triplex,2,2,2,156.0,True,False,0.19904670128351407
Line.tpx338894a0,Triplex,1,1,1,156.0,True,True,0.09417378023383488
Line.tpx338894a0,Triplex,1,2,2,156.0,True,True,0.012026631284424006
Line.tpx338894a0,Triplex,2,1,1,156.0,True,False,0.0941737996635666
Line.tpx338894a0,Triplex,2,2,2,156.0,True,False,0.01202665062673953
Line.tpx338896a0,Triplex,1,1,1,156.0,True,True,0.007279377461671112
Line.tpx338896a0,Triplex,1,2,2,156.0,True,True,0.15222221493043134
Line.tpx338896a0,Triplex,2,1,1,156.0,True,False,0.00727939676561098
Line.tpx338896a0,Triplex,2,2,2,156.0,True,False,0.15222223437781035
Line.tpx338897a0,Triplex,1,1,1,156.0,True,True,0.12994407913738068
Line.tpx338897a0,Triplex,1,2,2,156.0,True,True,0.029241735830396756
Line.tpx338897a0,Triplex,2,1,1,156.0,True,False,0.12994409856383052
Line.tpx338897a0,Triplex,2,2,2,156.0,True,False,0.029241755162981713
Line.tpx338898a0,Triplex,1,1,1,156.0,True,True,0.07115744837581187
Line.tpx338898a0,Triplex,1,2,2,156.0,True,True,0.08764133933352593
Line.tpx338898a0,Triplex,2,1,1,156.0,True,False,0.07115746776016067
Line.tpx338898a0,Triplex,2,2,2,156.0,True,False,0.08764135873707904
Line.tpx338899c0,Triplex,1,1,1,156.0,True,True,0.11910097541538289
Line.tpx338899c0,Triplex,1,2,2,156.0,True,True,0.06026259481626097
Line.tpx338899c0,Triplex,2,1,1,156.0,True,False,0.11910099514019035
Line.tpx338899c0,Triplex,2,2,2,156.0,True,False,0.060262614487696736
Line.tpx338900a0,Triplex,1,1,1,156.0,True,True,0.1377593033738555
Line.tpx338900a0,Triplex,1,2,2,156.0,True,True,0.021294705097355197
Line.tpx338900a0,Triplex,2,1,1,156.0,True,False,0.13775932283522055
Line.tpx338900a0,Triplex,2,2,2,156.0,True,False,0.021294724449616487
Line.tpx338908c0,Triplex,1,1,1,156.0,True,True,0.01852924654632039
Line.tpx338908c0,Triplex,1,2,2,156.0,True,True,0.1012452977917704
Line.tpx338908c0,Triplex,2,1,1,156.0,True,False,0.018529266201162912
Line.tpx338908c0,Triplex,2,2,2,156.0,True,False,0.10124531754123085
Line.tpx338910c0,Triplex,1,1,1,156.0,True,True,0.08487573467299718
Line.tpx338910c0,Triplex,1,2,2,156.0,True,True,0.21482596078542565
Line.tpx338910c0,Triplex,2,1,1,156.0,True,False,0.08487575429175205
Line.tpx338910c0,Triplex,2,2,2,156.0,True,False,0.214825980518375
Line.tpx338913b0,Triplex,1,1,1,156.0,True,True,0.2452671018337003
Line.tpx338913b0,Triplex,1,2,2,156.0,True,True,0.04702580728934172
Line.tpx338913b0,Triplex,2,1,1,156.0,True,False,0.2452671212551634
Line.tpx338913b0,Triplex,2,2,2,156.0,True,False,0.04702582654498853
Line.tpx338915c0,Triplex,1,1,1,156.0,True,True,0.09750499502300454
Line.tpx338915c0,Triplex,1,2,2,156.0,True,True,0.08191482129623194
Line.tpx338915c0,Triplex,2,1,1,156.0,True,False,0.09750501471131215
Line.tpx338915c0,Triplex,2,2,2,156.0,True,False,0.08191484097286554
Line.tpx338917a0,Triplex,1,1,1,156.0,True,True,0.12190350256130486
Line.tpx338917a0,Triplex,1,2,2,156.0,True,True,0.03674282533642445
Line.tpx338917a0,Triplex,2,1,1,156.0,True,False,0.12190352203657209
Line.tpx338917a0,Triplex,2,2,2,156.0,True,False,0.036742844732836115
Line.tpx338918a0,Triplex,1,1,1,156.0,True,True,0.08050876871036873
Line.tpx338918a0,Triplex,1,2,2,156.0,True,True,0.025268844955798026
Line.tpx338918a0,Triplex,2,1,1,156.0,True,False,0.08050878818161508
Line.tpx338918a0,Triplex,2,2,2,156.0,True,False,0.02526886436941007
Line.tpx338919a0,Triplex,1,1,1,156.0,True,True,0.11452946591002842
Line.tpx338919a0,Triplex,1,2,2,156.0,True,True,0.044062284832295615
Line.tpx338919a0,Triplex,2,1,1,156.0,True,False,0.11452948537733157
Line.tpx338919a0,Triplex,2,2,2,156.0,True,False,0.04406230423493211
Line.tpx338920a0,Triplex,1,1,1,156.0,True,True,0.0327593830461855
Line.tpx338920a0,Triplex,1,2,2,156.0,True,True,0.1259265066730305
Line.tpx338920a0,Triplex,2,1,1,156.0,True,False,0.032759402434628666
Line.tpx338920a0,Triplex,2,2,2,156.0,True,False,0.12592652615468522
Line.tpx338921a0,Triplex,1,1,1,156.0,True,True,0.008580081452456595
Line.tpx338921a0,Triplex,1,2,2,156.0,True,True,0.09732573963575676
Line.tpx338921a0,Triplex,2,1,1,156.0,True,False,0.008580100847086658
Line.tpx338921a0,Triplex,2,2,2,156.0,True,False,0.09732575913182258
Line.tpx338922b0,Triplex,1,1,1,156.0,True,True,0.043676357885406004
Line.tpx338922b0,Triplex,1,2,2,156.0,True,True,0.2474759520292504
Line.tpx338922b0,Triplex,2,1,1,156.0,True,False,0.04367637721375046
Line.tpx338922b0,Triplex,2,2,2,156.0,True,False,0.24747597153476839
Line.tpx338923c0,Triplex,1,1,1,156.0,True,True,0.4858551147129111
Line.tpx338923c0,Triplex,1,2,2,156.0,True,True,0.11786672184684722
Line.tpx338923c0,Triplex,2,1,1,156.0,True,False,0.48585513447032125
Line.tpx338923c0,Triplex,2,2,2,156.0,True,False,0.11786674132515429
Line.tpx338924c0,Triplex,1,1,1,156.0,True,True,0.08163449136732435
Line.tpx338924c0,Triplex,1,2,2,156.0,True,True,0.0978904978694738
Line.tpx338924c0,Triplex,2,1,1,156.0,True,False,0.08163451102871588
Line.tpx338924c0,Triplex,2,2,2,156.0,True,False,0.09789051754990372
Line.tpx338925a0,Triplex,1,1,1,156.0,True,True,0.018450670732289936
Line.tpx338925a0,Triplex,1,2,2,156.0,True,True,0.14019992772965337
Line.tpx338925a0,Triplex,2,1,1,156.0,True,False,0.018450690131265983
Line.tpx338925a0,Triplex,2,2,2,156.0,True,False,0.1401999472494704
Line.tpx338926a0,Triplex,1,1,1,156.0,True,True,0.15226596085023514
Line.tpx338926a0,Triplex,1,2,2,156.0,True,True,0.006473457621580673
Line.tpx338926a0,Triplex,2,1,1,156.0,True,False,0.15226598038949582
Line.tpx338926a0,Triplex,2,2,2,156.0,True,False,0.006473477023156107
Line.tpx338927a0,Triplex,1,1,1,156.0,True,True,0.23499913465119895
Line.tpx338927a0,Triplex,1,2,2,156.0,True,True,0.029836556978244833
Line.tpx338927a0,Triplex,2,1,1,156.0,True,False,0.234999154203515
Line.tpx338927a0,Triplex,2,2,2,156.0,True,False,0.029836576358736416
Line.tpx338930b0,Triplex,1,1,1,156.0,True,True,0.10762960164486288
Line.tpx338930b0,Triplex,1,2,2,156.0,True,True,0.007856895087516604
Line.tpx338930b0,Triplex,2,1,1,156.0,True,False,0.10762962124665983
Line.tpx338930b0,Triplex,2,2,2,156.0,True,False,0.007856914582377248
Line.tpx338931c0,Triplex,1,1,1,156.0,True,True,0.3400041329411028
Line.tpx338931c0,Triplex,1,2,2,156.0,True,True,0.11177763284453328
Line.tpx338931c0,Triplex,2,1,1,156.0,True,False,0.3400041526472836
Line.tpx338931c0,Triplex,2,2,2,156.0,True,False,0.11177765237227284
Line.tpx338932c0,Triplex,1,1,1,156.0,True,True,0.020856251607743757
Line.tpx338932c0,Triplex,1,2,2,156.0,True,True,0.1593979668488439
Line.tpx338932c0,Triplex,2,1,1,156.0,True,False,0.020856271184939806
Line.tpx338932c0,Triplex,2,2,2,156.0,True,False,0.1593979865630251
Line.tpx338933b0,Triplex,1,1,1,156.0,True,True,0.21139831341234164
Line.tpx338933b0,Triplex,1,2,2,156.0,True,True,0.22256752304244495
Line.tpx338933b0,Triplex,2,1,1,156.0,True,False,0.2113983328818807
Line.tpx338933b0,Triplex,2,2,2,156.0,True,False,0.2225675425241888
Line.tpx338934b0,Triplex,1,1,1,156.0,True,True,0.02737392783989782
Line.tpx338934b0,Triplex,1,2,2,156.0,True,True,0.14624116819881966
Line.tpx338934b0,Triplex,2,1,1,156.0,True,False,0.027373947295508454
Line.tpx338934b0,Triplex,2,2,2,156.0,True,False,0.14624118777241882
Line.tpx338935b0,Triplex,1,1,1,156.0,True,True,0.03992226594618149
Line.tpx338935b0,Triplex,1,2,2,156.0,True,True,0.13331881216936325
Line.tpx338935b0,Triplex,2,1,1,156.0,True,False,0.039922285440024755
Line.tpx338935b0,Triplex,2,2,2,156.0,True,False,0.13331883175660617
Line.tpx338936c0,Triplex,1,1,1,156.0,True,True,0.13184909645333473
Line.tpx338936c0,Triplex,1,2,2,156.0,True,True,0.1676976427931231
Line.tpx338936c0,Triplex,2,1,1,156.0,True,False,0.13184911609869743
Line.tpx338936c0,Triplex,2,2,2,156.0,True,False,0.16769766247241424
Line.tpx338937c0,Triplex,1,1,1,156.0,True,True,0.14007716611153678
Line.tpx338937c0,Triplex,1,2,2,156.0,True,True,0.15981296116022545
Line.tpx338937c0,Triplex,2,1,1,156.0,True,False,0.14007718573996192
Line.tpx338937c0,Triplex,2,2,2,156.0,True,False,0.15981298080881776
Line.tpx338941c0,Triplex,1,1,1,156.0,True,True,0.11033387762498413
Line.tpx338941c0,Triplex,1,2,2,156.0,True,True,0.07005707479368298
Line.tpx338941c0,Triplex,2,1,1,156.0,True,False,0.11033389722339794
Line.tpx338941c0,Triplex,2,2,2,156.0,True,False,0.07005709435660164
Line.tpx338942a0,Triplex,1,1,1,156.0,True,True,0.25180511042268494
Line.tpx338942a0,Triplex,1,2,2,156.0,True,True,0.014487563873855561
Line.tpx338942a0,Triplex,2,1,1,156.0,True,False,0.2518051299069214
Line.tpx338942a0,Triplex,2,2,2,156.0,True,False,0.01448758315870208
Line.tpx338943c0,Triplex,1,1,1,156.0,True,True,0.1006733341086865
Line.tpx338943c0,Triplex,1,2,2,156.0,True,True,0.20089685366579918
Line.tpx338943c0,Triplex,2,1,1,156.0,True,False,0.1006733536080806
Line.tpx338943c0,Triplex,2,2,2,156.0,True,False,0.20089687325399477
Line.tpx338944c0,Triplex,1,1,1,156.0,True,True,0.11181876693638668
Line.tpx338944c0,Triplex,1,2,2,156.0,True,True,0.00859446877389648
Line.tpx338944c0,Triplex,2,1,1,156.0,True,False,0.11181878660921388
Line.tpx338944c0,Triplex,2,2,2,156.0,True,False,0.00859448833604533
Line.tpx338945a0,Triplex,1,1,1,156.0,True,True,0.012300612417475877
Line.tpx338945a0,Triplex,1,2,2,156.0,True,True,0.2519966984899449
Line.tpx338945a0,Triplex,2,1,1,156.0,True,False,0.012300631845038382
Line.tpx338945a0,Triplex,2,2,2,156.0,True,False,0.251996718125613
Line.tpx338947b0,Triplex,1,1,1,156.0,True,True,0.12475440476250932
Line.tpx338947b0,Triplex,1,2,2,156.0,True,True,0.16470368871357768
Line.tpx338947b0,Triplex,2,1,1,156.0,True,False,0.12475442421132542
Line.tpx338947b0,Triplex,2,2,2,156.0,True,False,0.16470370819978147
Line.tpx338949b0,Triplex,1,1,1,156.0,True,True,0.12928307231132954
Line.tpx338949b0,Triplex,1,2,2,156.0,True,True,0.0445093425398429
Line.tpx338949b0,Triplex,2,1,1,156.0,True,False,0.12928309182511988
Line.tpx338949b0,Triplex,2,2,2,156.0,True,False,0.04450936197521502
Line.tpx338950b0,Triplex,1,1,1,156.0,True,True,0.10161250108608443
Line.tpx338950b0,Triplex,1,2,2,156.0,True,True,0.1882840772946725
Line.tpx338950b0,Triplex,2,1,1,156.0,True,False,0.10161252049483172
Line.tpx338950b0,Triplex,2,2,2,156.0,True,False,0.18828409678066563
Line.tpx338953b0,Triplex,1,1,1,156.0,True,True,0.02432459850442081
Line.tpx338953b0,Triplex,1,2,2,156.0,True,True,0.2674152443140515
Line.tpx338953b0,Triplex,2,1,1,156.0,True,False,0.024324617804427184
Line.tpx338953b0,Triplex,2,2,2,156.0,True,False,0.26741526382479847
Line.tpx338954a0,Triplex,1,1,1,156.0,True,True,0.17233952941258499
Line.tpx338954a0,Triplex,1,2,2,156.0,True,True,0.09279447567335375
Line.tpx338954a0,Triplex,2,1,1,156.0,True,False,0.17233954882737929
Line.tpx338954a0,Triplex,2,2,2,156.0,True,False,0.09279449502357211
Line.tpx338955b0,Triplex,1,1,1,156.0,True,True,0.10210973581577253
Line.tpx338955b0,Triplex,1,2,2,156.0,True,True,0.18884285055320174
Line.tpx338955b0,Triplex,2,1,1,156.0,True,False,0.10210975515403656
Line.tpx338955b0,Triplex,2,2,2,156.0,True,False,0.18884286996876037
Line.tpx338956a0,Triplex,1,1,1,156.0,True,True,0.2637662358362856
Line.tpx338956a0,Triplex,1,2,2,156.0,True,True,0.00289921565945242
Line.tpx338956a0,Triplex,2,1,1,156.0,True,False,0.26376625532371156
Line.tpx338956a0,Triplex,2,2,2,156.0,True,False,0.002899234926570335
Line.tpx338957c0,Triplex,1,1,1,156.0,True,True,0.003513943988930529
Line.tpx338957c0,Triplex,1,2,2,156.0,True,True,0.11758138907738655
Line.tpx338957c0,Triplex,2,1,1,156.0,True,False,0.0035139634414816665
Line.tpx338957c0,Triplex,2,2,2,156.0,True,False,0.1175814086597444
Line.tpx338958c0,Triplex,1,1,1,156.0,True,True,0.14842623206509314
Line.tpx338958c0,Triplex,1,2,2,156.0,True,True,0.15373873263657914
Line.tpx338958c0,Triplex,2,1,1,156.0,True,False,0.14842625155152883
Line.tpx338958c0,Triplex,2,2,2,156.0,True,False,0.153738752130871
Line.tpx338959c0,Triplex,1,1,1,156.0,True,True,0.013368707618502165
Line.tpx338959c0,Triplex,1,2,2,156.0,True,True,0.2906462473285077
Line.tpx338959c0,Triplex,2,1,1,156.0,True,False,0.013368726985759256
Line.tpx338959c0,Triplex,2,2,2,156.0,True,False,0.2906462669357264
Line.tpx338960c0,Triplex,1,1,1,156.0,True,True,0.15234617103397885
Line.tpx338960c0,Triplex,1,2,2,156.0,True,True,0.14987010851258484
Line.tpx338960c0,Triplex,2,1,1,156.0,True,False,0.15234619052043016
Line.tpx338960c0,Triplex,2,2,2,156.0,True,False,0.14987012800024258
Line.tpx338961c0,Triplex,1,1,1,156.0,True,True,0.2905248928227642
Line.tpx338961c0,Triplex,1,2,2,156.0,True,True,0.013516985492548766
Line.tpx338961c0,Triplex,2,1,1,156.0,True,False,0.2905249124256242
Line.tpx338961c0,Triplex,2,2,2,156.0,True,False,0.013517004862321476
Line.tpx338962c0,Triplex,1,1,1,156.0,True,True,0.16669615678468963
Line.tpx338962c0,Triplex,1,2,2,156.0,True,True,0.1355759119474273
Line.tpx338962c0,Triplex,2,1,1,156.0,True,False,0.1666961762812649
Line.tpx338962c0,Triplex,2,2,2,156.0,True,False,0.1355759314207832
Line.tpx338963c0,Triplex,1,1,1,156.0,True,True,0.1094003258572437
Line.tpx338963c0,Triplex,1,2,2,156.0,True,True,0.07172464882357876
Line.tpx338963c0,Triplex,2,1,1,156.0,True,False,0.1094003453745436
Line.tpx338963c0,Triplex,2,2,2,156.0,True,False,0.0717246683078705
Line.tpx338964c0,Triplex,1,1,1,156.0,True,True,0.3942132814854041
Line.tpx338964c0,Triplex,1,2,2,156.0,True,True,0.062456618266825234
Line.tpx338964c0,Triplex,2,1,1,156.0,True,False,0.3942133010777261
Line.tpx338964c0,Triplex,2,2,2,156.0,True,False,0.06245663759824891
Line.tpx338965a0,Triplex,1,1,1,156.0,True,True,0.007643991069483851
Line.tpx338965a0,Triplex,1,2,2,156.0,True,True,0.2557198706726652
Line.tpx338965a0,Triplex,2,1,1,156.0,True,False,0.007644010569516131
Line.tpx338965a0,Triplex,2,2,2,156.0,True,False,0.2557198903881351
Line.tpx338966c0,Triplex,1,1,1,156.0,True,True,0.040950280952801704
Line.tpx338966c0,Triplex,1,2,2,156.0,True,True,0.2587552072248056
Line.tpx338966c0,Triplex,2,1,1,156.0,True,False,0.040950300580368276
Line.tpx338966c0,Triplex,2,2,2,156.0,True,False,0.25875522704154025
Line.tpx338967c0,Triplex,1,1,1,156.0,True,True,0.19871017717692827
Line.tpx338967c0,Triplex,1,2,2,156.0,True,True,0.10012983419519982
Line.tpx338967c0,Triplex,2,1,1,156.0,True,False,0.19871019693923053
Line.tpx338967c0,Triplex,2,2,2,156.0,True,False,0.10012985387677513
Line.tpx338968c0,Triplex,1,1,1,156.0,True,True,0.20986037464668633
Line.tpx338968c0,Triplex,1,2,2,156.0,True,True,0.23821873014000636
Line.tpx338968c0,Triplex,2,1,1,156.0,True,False,0.20986039436316134
Line.tpx338968c0,Triplex,2,2,2,156.0,True,False,0.23821874988242867
Line.tpx338969a0,Triplex,1,1,1,156.0,True,True,0.0362161969118561
Line.tpx338969a0,Triplex,1,2,2,156.0,True,True,0.35837401212036385
Line.tpx338969a0,Triplex,2,1,1,156.0,True,False,0.036216216416727245
Line.tpx338969a0,Triplex,2,2,2,156.0,True,False,0.3583740318854839
Line.tpx338970a0,Triplex,1,1,1,156.0,True,True,0.14153304973351336
Line.tpx338970a0,Triplex,1,2,2,156.0,True,True,0.11946654777430665
Line.tpx338970a0,Triplex,2,1,1,156.0,True,False,0.14153306942000038
Line.tpx338970a0,Triplex,2,2,2,156.0,True,False,0.11946656744530613
Line.tpx338972b0,Triplex,1,1,1,156.0,True,True,0.26699619405715797
Line.tpx338972b0,Triplex,1,2,2,156.0,True,True,0.02406456496847585
Line.tpx338972b0,Triplex,2,1,1,156.0,True,False,0.2669962136105414
Line.tpx338972b0,Triplex,2,2,2,156.0,True,False,0.024064584317866265
Line.tpx338973a0,Triplex,1,1,1,156.0,True,True,0.22567379914147273
Line.tpx338973a0,Triplex,1,2,2,156.0,True,True,0.17279860344828504
Line.tpx338973a0,Triplex,2,1,1,156.0,True,False,0.22567381849729856
Line.tpx338973a0,Triplex,2,2,2,156.0,True,False,0.1727986227652653
Line.tpx338975a0,Triplex,1,1,1,156.0,True,True,0.07749118986228293
Line.tpx338975a0,Triplex,1,2,2,156.0,True,True,0.08151481224868465
Line.tpx338975a0,Triplex,2,1,1,156.0,True,False,0.07749120922660366
Line.tpx338975a0,Triplex,2,2,2,156.0,True,False,0.08151483162018912
Line.tpx338976b0,Triplex,1,1,1,156.0,True,True,0.09537463173630614
Line.tpx338976b0,Triplex,1,2,2,156.0,True,True,0.07754409136578294
Line.tpx338976b0,Triplex,2,1,1,156.0,True,False,0.09537465129522359
Line.tpx338976b0,Triplex,2,2,2,156.0,True,False,0.07754411091083879
Line.tpx338977a0,Triplex,1,1,1,156.0,True,True,0.059144279221286636
Line.tpx338977a0,Triplex,1,2,2,156.0,True,True,0.04630807854067193
Line.tpx338977a0,Triplex,2,1,1,156.0,True,False,0.05914429871246137
Line.tpx338977a0,Triplex,2,2,2,156.0,True,False,0.04630809802100274
Line.tpx338977b0,Triplex,1,1,1,156.0,True,True,0.09984671383494922
Line.tpx338977b0,Triplex,1,2,2,156.0,True,True,0.015265239510384667
Line.tpx338977b0,Triplex,2,1,1,156.0,True,False,0.09984673347727038
Line.tpx338977b0,Triplex,2,2,2,156.0,True,False,0.015265259062702437
Line.tpx338977c0,Triplex,1,1,1,156.0,True,True,0.015907742561594773
Line.tpx338977c0,Triplex,1,2,2,156.0,True,True,0.10389925605037596
Line.tpx338977c0,Triplex,2,1,1,156.0,True,False,0.01590776221265256
Line.tpx338977c0,Triplex,2,2,2,156.0,True,False,0.10389927580189226
Line.tpx338978c0,Triplex,1,1,1,156.0,True,True,0.06441662674389098
Line.tpx338978c0,Triplex,1,2,2,156.0,True,True,0.23553485248558018
Line.tpx338978c0,Triplex,2,1,1,156.0,True,False,0.06441664634758756
Line.tpx338978c0,Triplex,2,2,2,156.0,True,False,0.23553487223859335
Line.tpx338979b0,Triplex,1,1,1,156.0,True,True,0.0009114267272731428
Line.tpx338979b0,Triplex,1,2,2,156.0,True,True,0.11430463068513469
Line.tpx338979b0,Triplex,2,1,1,156.0,True,False,0.000911446268238228
Line.tpx338979b0,Triplex,2,2,2,156.0,True,False,0.11430465035770876
Line.tpx338981b0,Triplex,1,1,1,156.0,True,True,0.12942244198417002
Line.tpx338981b0,Triplex,1,2,2,156.0,True,True,0.158450397173635
Line.tpx338981b0,Triplex,2,1,1,156.0,True,False,0.1294224615434954
Line.tpx338981b0,Triplex,2,2,2,156.0,True,False,0.15845041676106147
Line.tpx338982b0,Triplex,1,1,1,156.0,True,True,0.24857935923591784
Line.tpx338982b0,Triplex,1,2,2,156.0,True,True,0.04044243248287365
Line.tpx338982b0,Triplex,2,1,1,156.0,True,False,0.2485793788865257
Line.tpx338982b0,Triplex,2,2,2,156.0,True,False,0.04044245195923446
Line.tpx338983b0,Triplex,1,1,1,156.0,True,True,0.049912071666281844
Line.tpx338983b0,Triplex,1,2,2,156.0,True,True,0.007760103938880973
Line.tpx338983b0,Triplex,2,1,1,156.0,True,False,0.049912091290287904
Line.tpx338983b0,Triplex,2,2,2,156.0,True,False,0.007760123502096563
Line.tpx338984a0,Triplex,1,1,1,156.0,True,True,0.22088052766145366
Line.tpx338984a0,Triplex,1,2,2,156.0,True,True,0.0433281162625045
Line.tpx338984a0,Triplex,2,1,1,156.0,True,False,0.22088054722975387
Line.tpx338984a0,Triplex,2,2,2,156.0,True,False,0.04332813568255414
Line.tpx338985a0,Triplex,1,1,1,156.0,True,True,0.1427061608904167
Line.tpx338985a0,Triplex,1,2,2,156.0,True,True,0.016067302521353067
Line.tpx338985a0,Triplex,2,1,1,156.0,True,False,0.1427061803990908
Line.tpx338985a0,Triplex,2,2,2,156.0,True,False,0.016067321911085748
Line.tpx338986a0,Triplex,1,1,1,156.0,True,True,0.25981877751531945
Line.tpx338986a0,Triplex,1,2,2,156.0,True,True,0.005992539320738392
Line.tpx338986a0,Triplex,2,1,1,156.0,True,False,0.25981879705565586
Line.tpx338986a0,Triplex,2,2,2,156.0,True,False,0.005992558647305247
Line.tpx338987a0,Triplex,1,1,1,156.0,True,True,0.03912371030557048
Line.tpx338987a0,Triplex,1,2,2,156.0,True,True,0.06651940631131795
Line.tpx338987a0,Triplex,2,1,1,156.0,True,False,0.039123729742492494
Line.tpx338987a0,Triplex,2,2,2,156.0,True,False,0.0665194257817874
Line.tpx338988a0,Triplex,1,1,1,156.0,True,True,0.10447663486215705
Line.tpx338988a0,Triplex,1,2,2,156.0,True,True,0.0014769973186555603
Line.tpx338988a0,Triplex,2,1,1,156.0,True,False,0.10447665437046198
Line.tpx338988a0,Triplex,2,2,2,156.0,True,False,0.001477016714773697
Line.tpx338989a0,Triplex,1,1,1,156.0,True,True,0.03636380462875721
Line.tpx338989a0,Triplex,1,2,2,156.0,True,True,0.016293154255365913
Line.tpx338989a0,Triplex,2,1,1,156.0,True,False,0.03636382410164534
Line.tpx338989a0,Triplex,2,2,2,156.0,True,False,0.016293173701092685
Line.tpx338990b0,Triplex,1,1,1,156.0,True,True,0.06595127957210256
Line.tpx338990b0,Triplex,1,2,2,156.0,True,True,0.5169472772631298
Line.tpx338990b0,Triplex,2,1,1,156.0,True,False,0.0659512988776449
Line.tpx338990b0,Triplex,2,2,2,156.0,True,False,0.516947296918256
Line.tpx338992b0,Triplex,1,1,1,156.0,True,True,0.11535272438223565
Line.tpx338992b0,Triplex,1,2,2,156.0,True,True,0.05783117662929062
Line.tpx338992b0,Triplex,2,1,1,156.0,True,False,0.11535274393951776
Line.tpx338992b0,Triplex,2,2,2,156.0,True,False,0.05783119613442136
Line.tpx338993b0,Triplex,1,1,1,156.0,True,True,0.039228882351738555
Line.tpx338993b0,Triplex,1,2,2,156.0,True,True,0.13407058159268553
Line.tpx338993b0,Triplex,2,1,1,156.0,True,False,0.03922890183911913
Line.tpx338993b0,Triplex,2,2,2,156.0,True,False,0.13407060117486738
Line.tpx338994b0,Triplex,1,1,1,156.0,True,True,0.49061641487025837
Line.tpx338994b0,Triplex,1,2,2,156.0,True,True,0.09143646772063703
Line.tpx338994b0,Triplex,2,1,1,156.0,True,False,0.490616434500011
Line.tpx338994b0,Triplex,2,2,2,156.0,True,False,0.09143648704722127
Line.tpx338995b0,Triplex,1,1,1,156.0,True,True,0.03344870542912125
Line.tpx338995b0,Triplex,1,2,2,156.0,True,True,0.08178916196381396
Line.tpx338995b0,Triplex,2,1,1,156.0,True,False,0.03344872495105703
Line.tpx338995b0,Triplex,2,2,2,156.0,True,False,0.08178918154239713
Line.tpx338997b0,Triplex,1,1,1,156.0,True,True,0.2930590148869958
Line.tpx338997b0,Triplex,1,2,2,156.0,True,True,0.28556717416543115
Line.tpx338997b0,Triplex,2,1,1,156.0,True,False,0.2930590343675181
Line.tpx338997b0,Triplex,2,2,2,156.0,True,False,0.28556719364350946
Line.tpx338998b0,Triplex,1,1,1,156.0,True,True,0.24629994464750374
Line.tpx338998b0,Triplex,1,2,2,156.0,True,True,0.04338844477427654
Line.tpx338998b0,Triplex,2,1,1,156.0,True,False,0.24629996424752476
Line.tpx338998b0,Triplex,2,2,2,156.0,True,False,0.043388464204510466
Line.tpx338999b0,Triplex,1,1,1,156.0,True,True,0.09135523851357419
Line.tpx338999b0,Triplex,1,2,2,156.0,True,True,0.024030924791622905
Line.tpx338999b0,Triplex,2,1,1,156.0,True,False,0.09135525808614081
Line.tpx338999b0,Triplex,2,2,2,156.0,True,False,0.0240309442932673
Line.tpx339001b0,Triplex,1,1,1,156.0,True,True,0.027918741927491084
Line.tpx339001b0,Triplex,1,2,2,156.0,True,True,0.08743173941865977
Line.tpx339001b0,Triplex,2,1,1,156.0,True,False,0.02791876143038719
Line.tpx339001b0,Triplex,2,2,2,156.0,True,False,0.08743175899053321
Line.tpx339002b0,Triplex,1,1,1,156.0,True,True,0.08515492654022105
Line.tpx339002b0,Triplex,1,2,2,156.0,True,True,0.08795522295522845
Line.tpx339002b0,Triplex,2,1,1,156.0,True,False,0.08515494606659714
Line.tpx339002b0,Triplex,2,2,2,156.0,True,False,0.08795524248763237
Line.tpx339003b0,Triplex,1,1,1,156.0,True,True,0.26904874714386146
Line.tpx339003b0,Triplex,1,2,2,156.0,True,True,0.1647371685780495
Line.tpx339003b0,Triplex,2,1,1,156.0,True,False,0.26904876667820354
Line.tpx339003b0,Triplex,2,2,2,156.0,True,False,0.1647371880326045
Line.tpx339004b0,Triplex,1,1,1,156.0,True,True,0.15956758743585164
Line.tpx339004b0,Triplex,1,2,2,156.0,True,True,0.13026801502964985
Line.tpx339004b0,Triplex,2,1,1,156.0,True,False,0.15956760688784927
Line.tpx339004b0,Triplex,2,2,2,156.0,True,False,0.1302680344599787
Line.tpx339005b0,Triplex,1,1,1,156.0,True,True,0.0028085136259821653
Line.tpx339005b0,Triplex,1,2,2,156.0,True,True,0.43648798594600424
Line.tpx339005b0,Triplex,2,1,1,156.0,True,False,0.0028085328727457475
Line.tpx339005b0,Triplex,2,2,2,156.0,True,False,0.4364880055425736
Line.tpx339006b0,Triplex,1,1,1,156.0,True,True,0.0943487073695099
Line.tpx339006b0,Triplex,1,2,2,156.0,True,True,0.19536563415536354
Line.tpx339006b0,Triplex,2,1,1,156.0,True,False,0.0943487267885871
Line.tpx339006b0,Triplex,2,2,2,156.0,True,False,0.19536565366392827
Line.tpx339007b0,Triplex,1,1,1,156.0,True,True,0.28740622055647147
Line.tpx339007b0,Triplex,1,2,2,156.0,True,True,0.0039623565441299375
Line.tpx339007b0,Triplex,2,1,1,156.0,True,False,0.287406240140243
Line.tpx339007b0,Triplex,2,2,2,156.0,True,False,0.003962375888725626
Line.tpx339008b0,Triplex,1,1,1,156.0,True,True,0.014681358342789452
Line.tpx339008b0,Triplex,1,2,2,156.0,True,True,0.15933749166665764
Line.tpx339008b0,Triplex,2,1,1,156.0,True,False,0.014681377760909572
Line.tpx339008b0,Triplex,2,2,2,156.0,True,False,0.1593375112277188
Line.tpx339010b0,Triplex,1,1,1,156.0,True,True,0.4336562828236325
Line.tpx339010b0,Triplex,1,2,2,156.0,True,True,0.14722709877067505
Line.tpx339010b0,Triplex,2,1,1,156.0,True,False,0.43365630239423136
Line.tpx339010b0,Triplex,2,2,2,156.0,True,False,0.1472271181246703
Line.tpx339011b0,Triplex,1,1,1,156.0,True,True,0.058411283795654224
Line.tpx339011b0,Triplex,1,2,2,156.0,True,True,0.11506746493939474
Line.tpx339011b0,Triplex,2,1,1,156.0,True,False,0.05841130326403899
Line.tpx339011b0,Triplex,2,2,2,156.0,True,False,0.11506748446574637
Line.tpx339012b0,Triplex,1,1,1,156.0,True,True,0.15404515619972964
Line.tpx339012b0,Triplex,1,2,2,156.0,True,True,0.13508269323270547
Line.tpx339012b0,Triplex,2,1,1,156.0,True,False,0.15404517569402082
Line.tpx339012b0,Triplex,2,2,2,156.0,True,False,0.13508271271413838
Line.tpx339013b0,Triplex,1,1,1,156.0,True,True,0.16732736675655532
Line.tpx339013b0,Triplex,1,2,2,156.0,True,True,0.006760554751841721
Line.tpx339013b0,Triplex,2,1,1,156.0,True,False,0.16732738632974803
Line.tpx339013b0,Triplex,2,2,2,156.0,True,False,0.006760574173186922
Line.tpx339016b0,Triplex,1,1,1,156.0,True,True,0.23869983000344616
Line.tpx339016b0,Triplex,1,2,2,156.0,True,True,0.05126241403606366
Line.tpx339016b0,Triplex,2,1,1,156.0,True,False,0.23869984956888934
Line.tpx339016b0,Triplex,2,2,2,156.0,True,False,0.051262433444920395
Line.tpx339017c0,Triplex,1,1,1,156.0,True,True,0.042609640329764525
Line.tpx339017c0,Triplex,1,2,2,156.0,True,True,0.13680398819294948
Line.tpx339017c0,Triplex,2,1,1,156.0,True,False,0.04260965999052556
Line.tpx339017c0,Triplex,2,2,2,156.0,True,False,0.13680400794788808
Line.tpx339018a0,Triplex,1,1,1,156.0,True,True,0.10711517869171874
Line.tpx339018a0,Triplex,1,2,2,156.0,True,True,0.05085432644337147
Line.tpx339018a0,Triplex,2,1,1,156.0,True,False,0.10711519822267664
Line.tpx339018a0,Triplex,2,2,2,156.0,True,False,0.050854345923372596
Line.tpx339019a0,Triplex,1,1,1,156.0,True,True,0.03664004102053574
Line.tpx339019a0,Triplex,1,2,2,156.0,True,True,0.12143144485268056
Line.tpx339019a0,Triplex,2,1,1,156.0,True,False,0.036640060483624594
Line.tpx339019a0,Triplex,2,2,2,156.0,True,False,0.12143146440090817
Line.tpx339020a0,Triplex,1,1,1,156.0,True,True,0.01447561988480247
Line.tpx339020a0,Triplex,1,2,2,156.0,True,True,0.09100421709601753
Line.tpx339020a0,Triplex,2,1,1,156.0,True,False,0.014475639353370432
Line.tpx339020a0,Triplex,2,2,2,156.0,True,False,0.09100423665241829
Line.tpx339021a0,Triplex,1,1,1,156.0,True,True,0.038692649084986555
Line.tpx339021a0,Triplex,1,2,2,156.0,True,True,0.2256268525419617
Line.tpx339021a0,Triplex,2,1,1,156.0,True,False,0.038692668494692155
Line.tpx339021a0,Triplex,2,2,2,156.0,True,False,0.22562687211457322
Line.tpx339042b0,Triplex,1,1,1,156.0,True,True,0.18050438158725418
Line.tpx339042b0,Triplex,1,2,2,156.0,True,True,0.10560858009542375
Line.tpx339042b0,Triplex,2,1,1,156.0,True,False,0.18050440131896403
Line.tpx339042b0,Triplex,2,2,2,156.0,True,False,0.10560859976658904
Line.tpx339043c0,Triplex,1,1,1,156.0,True,True,0.17548672414717875
Line.tpx339043c0,Triplex,1,2,2,156.0,True,True,0.12427517246268781
Line.tpx339043c0,Triplex,2,1,1,156.0,True,False,0.1754867438177933
Line.tpx339043c0,Triplex,2,2,2,156.0,True,False,0.12427519209297465
Line.tpx339044c0,Triplex,1,1,1,156.0,True,True,0.12601802569627862
Line.tpx339044c0,Triplex,1,2,2,156.0,True,True,0.0536831613732009
Line.tpx339044c0,Triplex,2,1,1,156.0,True,False,0.1260180453957896
Line.tpx339044c0,Triplex,2,2,2,156.0,True,False,0.053683181006336386
Line.tpx339046a0,Triplex,1,1,1,156.0,True,True,0.22357862788818983
Line.tpx339046a0,Triplex,1,2,2,156.0,True,True,0.03870908816619123
Line.tpx339046a0,Triplex,2,1,1,156.0,True,False,0.22357864760682417
Line.tpx339046a0,Triplex,2,2,2,156.0,True,False,0.03870910773033954
Line.tpx339047a0,Triplex,1,1,1,156.0,True,True,0.15563123575962173
Line.tpx339047a0,Triplex,1,2,2,156.0,True,True,0.1065766972631776
Line.tpx339047a0,Triplex,2,1,1,156.0,True,False,0.15563125537047748
Line.tpx339047a0,Triplex,2,2,2,156.0,True,False,0.10657671683551416
Line.tpx339048a0,Triplex,1,1,1,156.0,True,True,0.11378304815575434
Line.tpx339048a0,Triplex,1,2,2,156.0,True,True,0.04349329807566961
Line.tpx339048a0,Triplex,2,1,1,156.0,True,False,0.11378306778528227
Line.tpx339048a0,Triplex,2,2,2,156.0,True,False,0.043493317640728
Line.tpx339049a0,Triplex,1,1,1,156.0,True,True,0.11973985736576122
Line.tpx339049a0,Triplex,1,2,2,156.0,True,True,0.14241613018378735
Line.tpx339049a0,Triplex,2,1,1,156.0,True,False,0.11973987694642435
Line.tpx339049a0,Triplex,2,2,2,156.0,True,False,0.14241614978714187
Line.tpx339051c0,Triplex,1,1,1,156.0,True,True,0.09593670041039538
Line.tpx339051c0,Triplex,1,2,2,156.0,True,True,0.20376368255991678
Line.tpx339051c0,Triplex,2,1,1,156.0,True,False,0.09593672003067563
Line.tpx339051c0,Triplex,2,2,2,156.0,True,False,0.20376370227552648
Line.tpx339052c0,Triplex,1,1,1,156.0,True,True,0.0961547919257221
Line.tpx339052c0,Triplex,1,2,2,156.0,True,True,0.3552482093092758
Line.tpx339052c0,Triplex,2,1,1,156.0,True,False,0.09615481146787952
Line.tpx339052c0,Triplex,2,2,2,156.0,True,False,0.35524822906115355
Line.tpx339097b0,Triplex,1,1,1,156.0,True,True,0.002150351347917918
Line.tpx339097b0,Triplex,1,2,2,156.0,True,True,0.17169096636675105
Line.tpx339097b0,Triplex,2,1,1,156.0,True,False,0.002150370796067371
Line.tpx339097b0,Triplex,2,2,2,156.0,True,False,0.17169098598304047
Line.tpx346639c0,Triplex,1,1,1,156.0,True,True,0.06662626198563908
Line.tpx346639c0,Triplex,1,2,2,156.0,True,True,0.11317713778300863
Line.tpx346639c0,Triplex,2,1,1,156.0,True,False,0.06662628160742208
Line.tpx346639c0,Triplex,2,2,2,156.0,True,False,0.11317715745302633
Line.tpx350993c0,Triplex,1,1,1,156.0,True,True,0.0866855086263181
Line.tpx350993c0,Triplex,1,2,2,156.0,True,True,0.09450758350846966
Line.tpx350993c0,Triplex,2,1,1,156.0,True,False,0.08668552811031456
Line.tpx350993c0,Triplex,2,2,2,156.0,True,False,0.09450760300332714
Line.tpx350994c0,Triplex,1,1,1,156.0,True,True,0.1330507210258406
Line.tpx350994c0,Triplex,1,2,2,156.0,True,True,0.3221995816267601
Line.tpx350994c0,Triplex,2,1,1,156.0,True,False,0.13305074040089634
Line.tpx350994c0,Triplex,2,2,2,156.0,True,False,0.32219960115575513
Line.tpx351019c0,Triplex,1,1,1,156.0,True,True,0.06708134297026533
Line.tpx351019c0,Triplex,1,2,2,156.0,True,True,0.113423730342214
Line.tpx351019c0,Triplex,2,1,1,156.0,True,False,0.06708136251579888
Line.tpx351019c0,Triplex,2,2,2,156.0,True,False,0.11342374993577582
Line.tpx351020c0,Triplex,1,1,1,156.0,True,True,0.22730264969129663
Line.tpx351020c0,Triplex,1,2,2,156.0,True,True,0.07474361478653989
Line.tpx351020c0,Triplex,2,1,1,156.0,True,False,0.2273026692882751
Line.tpx351020c0,Triplex,2,2,2,156.0,True,False,0.0747436342567335
Line.tpx351021c0,Triplex,1,1,1,156.0,True,True,0.03792847378130797
Line.tpx351021c0,Triplex,1,2,2,156.0,True,True,0.1430003354161649
Line.tpx351021c0,Triplex,2,1,1,156.0,True,False,0.037928493278139616
Line.tpx351021c0,Triplex,2,2,2,156.0,True,False,0.14300035501765493
Line.tpx354851b0,Triplex,1,1,1,156.0,True,True,0.2149043811176363
Line.tpx354851b0,Triplex,1,2,2,156.0,True,True,0.07861466625914625
Line.tpx354851b0,Triplex,2,1,1,156.0,True,False,0.21490440039954187
Line.tpx354851b0,Triplex,2,2,2,156.0,True,False,0.07861468542808228
Line.tpx355358b0,Triplex,1,1,1,156.0,True,True,0.048018105480295156
Line.tpx355358b0,Triplex,1,2,2,156.0,True,True,0.06854234716439603
Line.tpx355358b0,Triplex,2,1,1,156.0,True,False,0.04801812478617981
Line.tpx355358b0,Triplex,2,2,2,156.0,True,False,0.06854236649619866
Line.tpx355359b0,Triplex,1,1,1,156.0,True,True,0.14550705393198507
Line.tpx355359b0,Triplex,1,2,2,156.0,True,True,0.029925192671212412
Line.tpx355359b0,Triplex,2,1,1,156.0,True,False,0.14550707329719
Line.tpx355359b0,Triplex,2,2,2,156.0,True,False,0.02992521192825054
Line.tpx355375a0,Triplex,1,1,1,156.0,True,True,0.1706880912964621
Line.tpx355375a0,Triplex,1,2,2,156.0,True,True,0.09732925731125143
Line.tpx355375a0,Triplex,2,1,1,156.0,True,False,0.17068811049877466
Line.tpx355375a0,Triplex,2,2,2,156.0,True,False,0.09732927645423467
Line.tpx355376b0,Triplex,1,1,1,156.0,True,True,0.08545707279018569
Line.tpx355376b0,Triplex,1,2,2,156.0,True,True,0.031177767960988867
Line.tpx355376b0,Triplex,2,1,1,156.0,True,False,0.08545709213832066
Line.tpx355376b0,Triplex,2,2,2,156.0,True,False,0.03117778725257546
Line.tpx355431c0,Triplex,1,1,1,156.0,True,True,0.3765570670424394
Line.tpx355431c0,Triplex,1,2,2,156.0,True,True,0.07825060612366488
Line.tpx355431c0,Triplex,2,1,1,156.0,True,False,0.3765570866810859
Line.tpx355431c0,Triplex,2,2,2,156.0,True,False,0.07825062552805676
Line.tpx355432c0,Triplex,1,1,1,156.0,True,True,0.26551475070077973
Line.tpx355432c0,Triplex,1,2,2,156.0,True,True,0.18744602259274257
Line.tpx355432c0,Triplex,2,1,1,156.0,True,False,0.26551477025263603
Line.tpx355432c0,Triplex,2,2,2,156.0,True,False,0.18744604208574855
Line.tpx355433c0,Triplex,1,1,1,156.0,True,True,0.37635137852242057
Line.tpx355433c0,Triplex,1,2,2,156.0,True,True,0.22850665991625815
Line.tpx355433c0,Triplex,2,1,1,156.0,True,False,0.3763513980809785
Line.tpx355433c0,Triplex,2,2,2,156.0,True,False,0.22850667936467042
Line.tpx355437c0,Triplex,1,1,1,156.0,True,True,0.07885682988840376
Line.tpx355437c0,Triplex,1,2,2,156.0,True,True,0.22301547549006132
Line.tpx355437c0,Triplex,2,1,1,156.0,True,False,0.07885684936574557
Line.tpx355437c0,Triplex,2,2,2,156.0,True,False,0.22301549509368207
Line.tpx355438c0,Triplex,1,1,1,156.0,True,True,0.009200796563933517
Line.tpx355438c0,Triplex,1,2,2,156.0,True,True,0.29407742312158985
Line.tpx355438c0,Triplex,2,1,1,156.0,True,False,0.009200815981542253
Line.tpx355438c0,Triplex,2,2,2,156.0,True,False,0.2940774427857679
Line.tpx355584b0,Triplex,1,1,1,156.0,True,True,0.24437820915463426
Line.tpx355584b0,Triplex,1,2,2,156.0,True,True,0.04855171607672737
Line.tpx355584b0,Triplex,2,1,1,156.0,True,False,0.2443782285315819
Line.tpx355584b0,Triplex,2,2,2,156.0,True,False,0.04855173528990448
Line.tpx355585b0,Triplex,1,1,1,156.0,True,True,0.09520026784801953
Line.tpx355585b0,Triplex,1,2,2,156.0,True,True,0.08000413332290288
Line.tpx355585b0,Triplex,2,1,1,156.0,True,False,0.09520028715058301
Line.tpx355585b0,Triplex,2,2,2,156.0,True,False,0.08000415261410611
Line.tpx355586b0,Triplex,1,1,1,156.0,True,True,0.21994475799947055
Line.tpx355586b0,Triplex,1,2,2,156.0,True,True,0.07302006101673071
Line.tpx355586b0,Triplex,2,1,1,156.0,True,False,0.21994477732696283
Line.tpx355586b0,Triplex,2,2,2,156.0,True,False,0.07302008022217467
Line.tpx355587b0,Triplex,1,1,1,156.0,True,True,0.016722909047599963
Line.tpx355587b0,Triplex,1,2,2,156.0,True,True,0.27744456298477155
Line.tpx355587b0,Triplex,2,1,1,156.0,True,False,0.016722928193971993
Line.tpx355587b0,Triplex,2,2,2,156.0,True,False,0.27744458235693875
Line.tpx355588b0,Triplex,1,1,1,156.0,True,True,0.09477152479183533
Line.tpx355588b0,Triplex,1,2,2,156.0,True,True,0.0806746463364482
Line.tpx355588b0,Triplex,2,1,1,156.0,True,False,0.09477154406720323
Line.tpx355588b0,Triplex,2,2,2,156.0,True,False,0.08067466560151966
Line.tpx355589b0,Triplex,1,1,1,156.0,True,True,0.09049661947288194
Line.tpx355589b0,Triplex,1,2,2,156.0,True,True,0.20243104167449
Line.tpx355589b0,Triplex,2,1,1,156.0,True,False,0.09049663867775262
Line.tpx355589b0,Triplex,2,2,2,156.0,True,False,0.20243106097811506
Line.tpx355590b0,Triplex,1,1,1,156.0,True,True,0.006094455523426882
Line.tpx355590b0,Triplex,1,2,2,156.0,True,True,0.17007861668103422
Line.tpx355590b0,Triplex,2,1,1,156.0,True,False,0.006094474711468468
Line.tpx355590b0,Triplex,2,2,2,156.0,True,False,0.17007863603087614
Line.tpx355591b0,Triplex,1,1,1,156.0,True,True,0.20324311098495532
Line.tpx355591b0,Triplex,1,2,2,156.0,True,True,0.0897089679645595
Line.tpx355591b0,Triplex,2,1,1,156.0,True,False,0.20324313028536542
Line.tpx355591b0,Triplex,2,2,2,156.0,True,False,0.08970898717142066
Line.tpx355592b0,Triplex,1,1,1,156.0,True,True,0.11997350552352451
Line.tpx355592b0,Triplex,1,2,2,156.0,True,True,0.17286534286496474
Line.tpx355592b0,Triplex,2,1,1,156.0,True,False,0.11997352474428716
Line.tpx355592b0,Triplex,2,2,2,156.0,True,False,0.17286536213412407
Line.tpx355593b0,Triplex,1,1,1,156.0,True,True,0.1093383753444348
Line.tpx355593b0,Triplex,1,2,2,156.0,True,True,0.06622741092463368
Line.tpx355593b0,Triplex,2,1,1,156.0,True,False,0.10933839462568092
Line.tpx355593b0,Triplex,2,2,2,156.0,True,False,0.06622743016760342
Line.tpx355595b0,Triplex,1,1,1,156.0,True,True,0.06774123500270249
Line.tpx355595b0,Triplex,1,2,2,156.0,True,True,0.049169757385516454
Line.tpx355595b0,Triplex,2,1,1,156.0,True,False,0.06774125427204619
Line.tpx355595b0,Triplex,2,2,2,156.0,True,False,0.04916977663767414
Line.tpx355596b0,Triplex,1,1,1,156.0,True,True,0.15291880795760596
Line.tpx355596b0,Triplex,1,2,2,156.0,True,True,0.02314096123213236
Line.tpx355596b0,Triplex,2,1,1,156.0,True,False,0.15291882727123837
Line.tpx355596b0,Triplex,2,2,2,156.0,True,False,0.02314098042387976
Line.tpx355597b0,Triplex,1,1,1,156.0,True,True,0.12515996164418952
Line.tpx355597b0,Triplex,1,2,2,156.0,True,True,0.05059368573606505
Line.tpx355597b0,Triplex,2,1,1,156.0,True,False,0.1251599809311129
Line.tpx355597b0,Triplex,2,2,2,156.0,True,False,0.050593704954369254
Line.tpx355598b0,Triplex,1,1,1,156.0,True,True,0.14351789916001814
Line.tpx355598b0,Triplex,1,2,2,156.0,True,True,0.1494479227822292
Line.tpx355598b0,Triplex,2,1,1,156.0,True,False,0.14351791838825065
Line.tpx355598b0,Triplex,2,2,2,156.0,True,False,0.1494479420187934
Line.tpx355599b0,Triplex,1,1,1,156.0,True,True,0.26936534681699753
Line.tpx355599b0,Triplex,1,2,2,156.0,True,True,0.025140478149974547
Line.tpx355599b0,Triplex,2,1,1,156.0,True,False,0.2693653661447219
Line.tpx355599b0,Triplex,2,2,2,156.0,True,False,0.0251404972726224
Line.tpx355600b0,Triplex,1,1,1,156.0,True,True,0.08789272618613549
Line.tpx355600b0,Triplex,1,2,2,156.0,True,True,0.20548407165088078
Line.tpx355600b0,Triplex,2,1,1,156.0,True,False,0.08789274536117997
Line.tpx355600b0,Triplex,2,2,2,156.0,True,False,0.2054840909294922
Line.tpx355601b0,Triplex,1,1,1,156.0,True,True,0.061756752425838356
Line.tpx355601b0,Triplex,1,2,2,156.0,True,True,0.11400222546207846
Line.tpx355601b0,Triplex,2,1,1,156.0,True,False,0.06175677164225938
Line.tpx355601b0,Triplex,2,2,2,156.0,True,False,0.11400224473213703
Line.tpx355602b0,Triplex,1,1,1,156.0,True,True,0.1762853026980931
Line.tpx355602b0,Triplex,1,2,2,156.0,True,True,0.00022298429901842254
Line.tpx355602b0,Triplex,2,1,1,156.0,True,False,0.1762853220270968
Line.tpx355602b0,Triplex,2,2,2,156.0,True,False,0.00022300344839682406
Line.tpx355603b0,Triplex,1,1,1,156.0,True,True,0.15116875286713005
Line.tpx355603b0,Triplex,1,2,2,156.0,True,True,0.2892193834134324
Line.tpx355603b0,Triplex,2,1,1,156.0,True,False,0.15116877202099407
Line.tpx355603b0,Triplex,2,2,2,156.0,True,False,0.289219402680529
Line.tpx355604b0,Triplex,1,1,1,156.0,True,True,0.06777684392014502
Line.tpx355604b0,Triplex,1,2,2,156.0,True,True,0.107946602945838
Line.tpx355604b0,Triplex,2,1,1,156.0,True,False,0.06777686314299508
Line.tpx355604b0,Triplex,2,2,2,156.0,True,False,0.1079466222107025
Line.tpx355605b0,Triplex,1,1,1,156.0,True,True,0.06161807544069035
Line.tpx355605b0,Triplex,1,2,2,156.0,True,True,0.23209382669893477
Line.tpx355605b0,Triplex,2,1,1,156.0,True,False,0.061618094594939436
Line.tpx355605b0,Triplex,2,2,2,156.0,True,False,0.2320938460018818
Line.tpx355606b0,Triplex,1,1,1,156.0,True,True,0.05698566426835827
Line.tpx355606b0,Triplex,1,2,2,156.0,True,True,0.11878917334429907
Line.tpx355606b0,Triplex,2,1,1,156.0,True,False,0.05698568348162573
Line.tpx355606b0,Triplex,2,2,2,156.0,True,False,0.11878919262044206
Line.tpx355607b0,Triplex,1,1,1,156.0,True,True,0.2668082876632475
Line.tpx355607b0,Triplex,1,2,2,156.0,True,True,0.027573314298231306
Line.tpx355607b0,Triplex,2,1,1,156.0,True,False,0.266808306993191
Line.tpx355607b0,Triplex,2,2,2,156.0,True,False,0.02757333342734458
Line.tpx355618b0,Triplex,1,1,1,156.0,True,True,0.09813404080610728
Line.tpx355618b0,Triplex,1,2,2,156.0,True,True,0.1947383333994022
Line.tpx355618b0,Triplex,2,1,1,156.0,True,False,0.09813406001616858
Line.tpx355618b0,Triplex,2,2,2,156.0,True,False,0.19473835269513756
Line.tpx355767b0,Triplex,1,1,1,156.0,True,True,0.31369068070161527
Line.tpx355767b0,Triplex,1,2,2,156.0,True,True,0.12384380678615733
Line.tpx355767b0,Triplex,2,1,1,156.0,True,False,0.3136907001280698
Line.tpx355767b0,Triplex,2,2,2,156.0,True,False,0.1238438260646809
Line.tpx355768b0,Triplex,1,1,1,156.0,True,True,0.0003711234936538533
Line.tpx355768b0,Triplex,1,2,2,156.0,True,True,0.29252976209382275
Line.tpx355768b0,Triplex,2,1,1,156.0,True,False,0.00037114272900680136
Line.tpx355768b0,Triplex,2,2,2,156.0,True,False,0.292529781589698
Line.tpx355773a0,Triplex,1,1,1,156.0,True,True,0.1494660411044932
Line.tpx355773a0,Triplex,1,2,2,156.0,True,True,0.11720755882266352
Line.tpx355773a0,Triplex,2,1,1,156.0,True,False,0.1494660603781925
Line.tpx355773a0,Triplex,2,2,2,156.0,True,False,0.11720757807211649
Line.tpx355777b0,Triplex,1,1,1,156.0,True,True,0.16608813887339197
Line.tpx355777b0,Triplex,1,2,2,156.0,True,True,0.12485230253868053
Line.tpx355777b0,Triplex,2,1,1,156.0,True,False,0.1660881582581302
Line.tpx355777b0,Triplex,2,2,2,156.0,True,False,0.12485232189153915
Line.tpx355778c0,Triplex,1,1,1,156.0,True,True,0.08030917014994213
Line.tpx355778c0,Triplex,1,2,2,156.0,True,True,0.04001062071892816
Line.tpx355778c0,Triplex,2,1,1,156.0,True,False,0.08030918975801522
Line.tpx355778c0,Triplex,2,2,2,156.0,True,False,0.04001064028592305
Line.tpx355779c0,Triplex,1,1,1,156.0,True,True,0.07798720286636171
Line.tpx355779c0,Triplex,1,2,2,156.0,True,True,0.10238256491964423
Line.tpx355779c0,Triplex,2,1,1,156.0,True,False,0.07798722243272416
Line.tpx355779c0,Triplex,2,2,2,156.0,True,False,0.10238258451286937
Line.tpx355780b0,Triplex,1,1,1,156.0,True,True,0.19167755969068145
Line.tpx355780b0,Triplex,1,2,2,156.0,True,True,0.09972628184003478
Line.tpx355780b0,Triplex,2,1,1,156.0,True,False,0.1916775790770096
Line.tpx355780b0,Triplex,2,2,2,156.0,True,False,0.09972630115122252
Line.tpx355840b0,Triplex,1,1,1,156.0,True,True,0.10352458553283017
Line.tpx355840b0,Triplex,1,2,2,156.0,True,True,0.18661114582459412
Line.tpx355840b0,Triplex,2,1,1,156.0,True,False,0.10352460492615236
Line.tpx355840b0,Triplex,2,2,2,156.0,True,False,0.1866111652921057
Line.tpx355842a0,Triplex,1,1,1,156.0,True,True,0.08566601444552362
Line.tpx355842a0,Triplex,1,2,2,156.0,True,True,0.18054616795549697
Line.tpx355842a0,Triplex,2,1,1,156.0,True,False,0.08566603371173234
Line.tpx355842a0,Triplex,2,2,2,156.0,True,False,0.18054618730597238
Line.tpx355843a0,Triplex,1,1,1,156.0,True,True,0.07044630726785861
Line.tpx355843a0,Triplex,1,2,2,156.0,True,True,0.03594762755844439
Line.tpx355843a0,Triplex,2,1,1,156.0,True,False,0.07044632660451852
Line.tpx355843a0,Triplex,2,2,2,156.0,True,False,0.035947646860347085
Line.tpx355933a0,Triplex,1,1,1,156.0,True,True,0.06699655267656965
Line.tpx355933a0,Triplex,1,2,2,156.0,True,True,0.03922552846273732
Line.tpx355933a0,Triplex,2,1,1,156.0,True,False,0.06699657203835235
Line.tpx355933a0,Triplex,2,2,2,156.0,True,False,0.03922554779719065
Line.tpx355934a0,Triplex,1,1,1,156.0,True,True,0.0750709577604598
Line.tpx355934a0,Triplex,1,2,2,156.0,True,True,0.031187263196329987
Line.tpx355934a0,Triplex,2,1,1,156.0,True,False,0.0750709771311486
Line.tpx355934a0,Triplex,2,2,2,156.0,True,False,0.031187282521914675
Line.tpx355935a0,Triplex,1,1,1,156.0,True,True,0.11514235515855337
Line.tpx355935a0,Triplex,1,2,2,156.0,True,True,0.044230030913736465
Line.tpx355935a0,Triplex,2,1,1,156.0,True,False,0.11514237453116198
Line.tpx355935a0,Triplex,2,2,2,156.0,True,False,0.04423005022123673
Line.tpx355936a0,Triplex,1,1,1,156.0,True,True,0.15291304671539072
Line.tpx355936a0,Triplex,1,2,2,156.0,True,True,0.2462715513650989
Line.tpx355936a0,Triplex,2,1,1,156.0,True,False,0.15291306598464002
Line.tpx355936a0,Triplex,2,2,2,156.0,True,False,0.24627157071205288
Line.tpx355937a0,Triplex,1,1,1,156.0,True,True,0.2552687616572658
Line.tpx355937a0,Triplex,1,2,2,156.0,True,True,0.011729098990965999
Line.tpx355937a0,Triplex,2,1,1,156.0,True,False,0.25526878109817325
Line.tpx355937a0,Triplex,2,2,2,156.0,True,False,0.01172911822712606
Line.tpx355938a0,Triplex,1,1,1,156.0,True,True,0.08000069801406201
Line.tpx355938a0,Triplex,1,2,2,156.0,True,True,0.07910085868572203
Line.tpx355938a0,Triplex,2,1,1,156.0,True,False,0.08000071736909618
Line.tpx355938a0,Triplex,2,2,2,156.0,True,False,0.07910087804320012
Line.tpx355942a0,Triplex,1,1,1,156.0,True,True,0.06960334074454405
Line.tpx355942a0,Triplex,1,2,2,156.0,True,True,0.19626724237954324
Line.tpx355942a0,Triplex,2,1,1,156.0,True,False,0.0696033600340261
Line.tpx355942a0,Triplex,2,2,2,156.0,True,False,0.19626726178043766
Line.tpx355943c0,Triplex,1,1,1,156.0,True,True,0.06423795807590214
Line.tpx355943c0,Triplex,1,2,2,156.0,True,True,0.23692664078567147
Line.tpx355943c0,Triplex,2,1,1,156.0,True,False,0.06423797760061556
Line.tpx355943c0,Triplex,2,2,2,156.0,True,False,0.23692666046102068
Line.tpx355944b0,Triplex,1,1,1,156.0,True,True,0.1013908652186317
Line.tpx355944b0,Triplex,1,2,2,156.0,True,True,0.18848935342732662
Line.tpx355944b0,Triplex,2,1,1,156.0,True,False,0.10139088462841306
Line.tpx355944b0,Triplex,2,2,2,156.0,True,False,0.18848937291473125
Line.tpx356007a0,Triplex,1,1,1,156.0,True,True,0.1449809423737287
Line.tpx356007a0,Triplex,1,2,2,156.0,True,True,0.014830489352743528
Line.tpx356007a0,Triplex,2,1,1,156.0,True,False,0.14498096176083694
Line.tpx356007a0,Triplex,2,2,2,156.0,True,False,0.014830508617485196
Line.tpx356008a0,Triplex,1,1,1,156.0,True,True,0.08515205924815535
Line.tpx356008a0,Triplex,1,2,2,156.0,True,True,0.07420216285951794
Line.tpx356008a0,Triplex,2,1,1,156.0,True,False,0.08515207857780101
Line.tpx356008a0,Triplex,2,2,2,156.0,True,False,0.07420218218189402
Line.tpx356009a0,Triplex,1,1,1,156.0,True,True,0.03224519516802164
Line.tpx356009a0,Triplex,1,2,2,156.0,True,True,0.12733910706835294
Line.tpx356009a0,Triplex,2,1,1,156.0,True,False,0.03224521444740841
Line.tpx356009a0,Triplex,2,2,2,156.0,True,False,0.12733912644278222
Line.tpx356010a0,Triplex,1,1,1,156.0,True,True,0.06095317091258624
Line.tpx356010a0,Triplex,1,2,2,156.0,True,True,0.2054660823169828
Line.tpx356010a0,Triplex,2,1,1,156.0,True,False,0.06095319016295862
Line.tpx356010a0,Triplex,2,2,2,156.0,True,False,0.2054661016939845
Line.tpx356011a0,Triplex,1,1,1,156.0,True,True,0.1578847192837893
Line.tpx356011a0,Triplex,1,2,2,156.0,True,True,0.0021060021233731694
Line.tpx356011a0,Triplex,2,1,1,156.0,True,False,0.1578847386855531
Line.tpx356011a0,Triplex,2,2,2,156.0,True,False,0.002106021376853419
Line.tpx356012a0,Triplex,1,1,1,156.0,True,True,0.06204395878323217
Line.tpx356012a0,Triplex,1,2,2,156.0,True,True,0.09731287959624098
Line.tpx356012a0,Triplex,2,1,1,156.0,True,False,0.06204397809378213
Line.tpx356012a0,Triplex,2,2,2,156.0,True,False,0.09731289894410529
Line.tpx356013a0,Triplex,1,1,1,156.0,True,True,0.15927973897824174
Line.tpx356013a0,Triplex,1,2,2,156.0,True,True,0.106673530669392
Line.tpx356013a0,Triplex,2,1,1,156.0,True,False,0.1592797583157395
Line.tpx356013a0,Triplex,2,2,2,156.0,True,False,0.10667354996528197
Line.tpx356014a0,Triplex,1,1,1,156.0,True,True,0.04324338654951221
Line.tpx356014a0,Triplex,1,2,2,156.0,True,True,0.06301135929233091
Line.tpx356014a0,Triplex,2,1,1,156.0,True,False,0.04324340587674539
Line.tpx356014a0,Triplex,2,2,2,156.0,True,False,0.06301137864467612
Line.tpx356015a0,Triplex,1,1,1,156.0,True,True,0.16354068904544286
Line.tpx356015a0,Triplex,1,2,2,156.0,True,True,0.1023700485551118
Line.tpx356015a0,Triplex,2,1,1,156.0,True,False,0.16354070839137674
Line.tpx356015a0,Triplex,2,2,2,156.0,True,False,0.1023700678521268
Line.tpx356062b0,Triplex,1,1,1,156.0,True,True,0.08086817520407574
Line.tpx356062b0,Triplex,1,2,2,156.0,True,True,0.21054773887137548
Line.tpx356062b0,Triplex,2,1,1,156.0,True,False,0.08086819450779978
Line.tpx356062b0,Triplex,2,2,2,156.0,True,False,0.2105477582890181
Line.tpx356063c0,Triplex,1,1,1,156.0,True,True,0.15708489604986312
Line.tpx356063c0,Triplex,1,2,2,156.0,True,True,0.024074699384648988
Line.tpx356063c0,Triplex,2,1,1,156.0,True,False,0.1570849156564667
Line.tpx356063c0,Triplex,2,2,2,156.0,True,False,0.024074718866311667
Line.tpx356064b0,Triplex,1,1,1,156.0,True,True,0.014147119968764627
Line.tpx356064b0,Triplex,1,2,2,156.0,True,True,0.27900508551322434
Line.tpx356064b0,Triplex,2,1,1,156.0,True,False,0.01414713918330778
Line.tpx356064b0,Triplex,2,2,2,156.0,True,False,0.2790051049571349
Line.tpx356065b0,Triplex,1,1,1,156.0,True,True,0.10547400249559753
Line.tpx356065b0,Triplex,1,2,2,156.0,True,True,0.069322857460194
Line.tpx356065b0,Triplex,2,1,1,156.0,True,False,0.10547402185648434
Line.tpx356065b0,Triplex,2,2,2,156.0,True,False,0.06932287678952613
Line.tpx356787c0,Triplex,1,1,1,156.0,True,True,0.24966006072618413
Line.tpx356787c0,Triplex,1,2,2,156.0,True,True,0.05323421393744324
Line.tpx356787c0,Triplex,2,1,1,156.0,True,False,0.24966008031051884
Line.tpx356787c0,Triplex,2,2,2,156.0,True,False,0.053234233357547255
Line.tpx356788c0,Triplex,1,1,1,156.0,True,True,0.11545346099794915
Line.tpx356788c0,Triplex,1,2,2,156.0,True,True,0.005567760065676164
Line.tpx356788c0,Triplex,2,1,1,156.0,True,False,0.11545348058301165
Line.tpx356788c0,Triplex,2,2,2,156.0,True,False,0.005567779532534629
Line.tpx356789c0,Triplex,1,1,1,156.0,True,True,0.15919660853786366
Line.tpx356789c0,Triplex,1,2,2,156.0,True,True,0.0222274772045208
Line.tpx356789c0,Triplex,2,1,1,156.0,True,False,0.15919662812101626
Line.tpx356789c0,Triplex,2,2,2,156.0,True,False,0.022227496658871505
Line.tpx356790c0,Triplex,1,1,1,156.0,True,True,0.01191998123612449
Line.tpx356790c0,Triplex,1,2,2,156.0,True,True,0.1090089795175147
Line.tpx356790c0,Triplex,2,1,1,156.0,True,False,0.011920000707765657
Line.tpx356790c0,Triplex,2,2,2,156.0,True,False,0.10900899909965954
Line.tpx356791c0,Triplex,1,1,1,156.0,True,True,0.2936051886350415
Line.tpx356791c0,Triplex,1,2,2,156.0,True,True,0.1605105322636279
Line.tpx356791c0,Triplex,2,1,1,156.0,True,False,0.29360520817027996
Line.tpx356791c0,Triplex,2,2,2,156.0,True,False,0.16051055169619152
Line.tpx356793c0,Triplex,1,1,1,156.0,True,True,0.3648527329056206
Line.tpx356793c0,Triplex,1,2,2,156.0,True,True,0.08763719502842496
Line.tpx356793c0,Triplex,2,1,1,156.0,True,False,0.3648527526241371
Line.tpx356793c0,Triplex,2,2,2,156.0,True,False,0.08763721452948306
Line.tpx356794c0,Triplex,1,1,1,156.0,True,True,0.18680729097816326
Line.tpx356794c0,Triplex,1,2,2,156.0,True,True,0.11332212590829811
Line.tpx356794c0,Triplex,2,1,1,156.0,True,False,0.1868073106385252
Line.tpx356794c0,Triplex,2,2,2,156.0,True,False,0.11332214550933255
Line.tpx356795c0,Triplex,1,1,1,156.0,True,True,0.0666395025640665
Line.tpx356795c0,Triplex,1,2,2,156.0,True,True,0.23400013242985154
Line.tpx356795c0,Triplex,2,1,1,156.0,True,False,0.06663952212246115
Line.tpx356795c0,Triplex,2,2,2,156.0,True,False,0.2340001521343561
Line.tpx356796c0,Triplex,1,1,1,156.0,True,True,0.13416858685987004
Line.tpx356796c0,Triplex,1,2,2,156.0,True,True,0.16583417764274425
Line.tpx356796c0,Triplex,2,1,1,156.0,True,False,0.1341686064767536
Line.tpx356796c0,Triplex,2,2,2,156.0,True,False,0.16583419728998075
Line.tpx356797c0,Triplex,1,1,1,156.0,True,True,0.03732766214224957
Line.tpx356797c0,Triplex,1,2,2,156.0,True,True,0.2638204761523436
Line.tpx356797c0,Triplex,2,1,1,156.0,True,False,0.037327681677644386
Line.tpx356797c0,Triplex,2,2,2,156.0,True,False,0.26382049588429546
Line.tpx356798c0,Triplex,1,1,1,156.0,True,True,0.21855094865648836
Line.tpx356798c0,Triplex,1,2,2,156.0,True,True,0.08184701399399369
Line.tpx356798c0,Triplex,2,1,1,156.0,True,False,0.2185509683466767
Line.tpx356798c0,Triplex,2,2,2,156.0,True,False,0.08184703357093562
Line.tpx356800a0,Triplex,1,1,1,156.0,True,True,0.261903238620215
Line.tpx356800a0,Triplex,1,2,2,156.0,True,True,0.011043329464019714
Line.tpx356800a0,Triplex,2,1,1,156.0,True,False,0.26190325764946326
Line.tpx356800a0,Triplex,2,2,2,156.0,True,False,0.01104334828225544
Line.tpx356801a0,Triplex,1,1,1,156.0,True,True,0.05509925562702332
Line.tpx356801a0,Triplex,1,2,2,156.0,True,True,0.10763597555006164
Line.tpx356801a0,Triplex,2,1,1,156.0,True,False,0.05509927453314127
Line.tpx356801a0,Triplex,2,2,2,156.0,True,False,0.10763599451007774
Line.tpx356802a0,Triplex,1,1,1,156.0,True,True,0.10863133213730948
Line.tpx356802a0,Triplex,1,2,2,156.0,True,True,0.16295078989647077
Line.tpx356802a0,Triplex,2,1,1,156.0,True,False,0.10863135102949843
Line.tpx356802a0,Triplex,2,2,2,156.0,True,False,0.16295080883823865
Line.tpx356803a0,Triplex,1,1,1,156.0,True,True,0.0808110610639433
Line.tpx356803a0,Triplex,1,2,2,156.0,True,True,0.191009144345534
Line.tpx356803a0,Triplex,2,1,1,156.0,True,False,0.08081107993112992
Line.tpx356803a0,Triplex,2,2,2,156.0,True,False,0.19100916330997583
Line.tpx356804a0,Triplex,1,1,1,156.0,True,True,0.08033578889959313
Line.tpx356804a0,Triplex,1,2,2,156.0,True,True,0.19150946300524865
Line.tpx356804a0,Triplex,2,1,1,156.0,True,False,0.08033580776499168
Line.tpx356804a0,Triplex,2,2,2,156.0,True,False,0.1915094819687288
Line.tpx356805a0,Triplex,1,1,1,156.0,True,True,0.06741785999093146
Line.tpx356805a0,Triplex,1,2,2,156.0,True,True,0.09530544359552333
Line.tpx356805a0,Triplex,2,1,1,156.0,True,False,0.06741787890406539
Line.tpx356805a0,Triplex,2,2,2,156.0,True,False,0.09530546253877353
Line.tpx356807a0,Triplex,1,1,1,156.0,True,True,0.043222066353239136
Line.tpx356807a0,Triplex,1,2,2,156.0,True,True,0.22920613623995273
Line.tpx356807a0,Triplex,2,1,1,156.0,True,False,0.04322208518353056
Line.tpx356807a0,Triplex,2,2,2,156.0,True,False,0.22920615523217394
Line.tpx356808a0,Triplex,1,1,1,156.0,True,True,0.1275581919607944
Line.tpx356808a0,Triplex,1,2,2,156.0,True,True,0.2807315080466435
Line.tpx356808a0,Triplex,2,1,1,156.0,True,False,0.1275582107919389
Line.tpx356808a0,Triplex,2,2,2,156.0,True,False,0.2807315270030729
Line.tpx356809a0,Triplex,1,1,1,156.0,True,True,0.16820948807874883
Line.tpx356809a0,Triplex,1,2,2,156.0,True,True,0.10254537964748384
Line.tpx356809a0,Triplex,2,1,1,156.0,True,False,0.16820950708238305
Line.tpx356809a0,Triplex,2,2,2,156.0,True,False,0.10254539859832985
Line.tpx356810c0,Triplex,1,1,1,156.0,True,True,0.06977186075705377
Line.tpx356810c0,Triplex,1,2,2,156.0,True,True,0.05005825239585353
Line.tpx356810c0,Triplex,2,1,1,156.0,True,False,0.0697718804274922
Line.tpx356810c0,Triplex,2,2,2,156.0,True,False,0.05005827204790291
Line.tpx356811a0,Triplex,1,1,1,156.0,True,True,0.13294612106625248
Line.tpx356811a0,Triplex,1,2,2,156.0,True,True,0.13770496381280156
Line.tpx356811a0,Triplex,2,1,1,156.0,True,False,0.13294614003971175
Line.tpx356811a0,Triplex,2,2,2,156.0,True,False,0.1377049827935563
Line.tpx356814c0,Triplex,1,1,1,156.0,True,True,0.020847412459197114
Line.tpx356814c0,Triplex,1,2,2,156.0,True,True,0.28063001079853
Line.tpx356814c0,Triplex,2,1,1,156.0,True,False,0.020847431983467953
Line.tpx356814c0,Triplex,2,2,2,156.0,True,False,0.2806300305478289
Line.tpx356815a0,Triplex,1,1,1,156.0,True,True,0.09487909295387621
Line.tpx356815a0,Triplex,1,2,2,156.0,True,True,0.17559559200748853
Line.tpx356815a0,Triplex,2,1,1,156.0,True,False,0.09487911191812542
Line.tpx356815a0,Triplex,2,2,2,156.0,True,False,0.175595611043853
Line.tpx391736b0,Triplex,1,1,1,156.0,True,True,0.11344597727049187
Line.tpx391736b0,Triplex,1,2,2,156.0,True,True,0.06344710212624835
Line.tpx391736b0,Triplex,2,1,1,156.0,True,False,0.11344599641259286
Line.tpx391736b0,Triplex,2,2,2,156.0,True,False,0.06344712122339545
Line.tpx391737b0,Triplex,1,1,1,156.0,True,True,0.23950378985096402
Line.tpx391737b0,Triplex,1,2,2,156.0,True,True,0.05624830759480513
Line.tpx391737b0,Triplex,2,1,1,156.0,True,False,0.23950380903131027
Line.tpx391737b0,Triplex,2,2,2,156.0,True,False,0.05624832662210336
Line.tpx391738b0,Triplex,1,1,1,156.0,True,True,0.1048432826225293
Line.tpx391738b0,Triplex,1,2,2,156.0,True,True,0.013133283741383587
Line.tpx391738b0,Triplex,2,1,1,156.0,True,False,0.10484330179967599
Line.tpx391738b0,Triplex,2,2,2,156.0,True,False,0.013133302820581009
Line.tpx391739b0,Triplex,1,1,1,156.0,True,True,0.2482868647409507
Line.tpx391739b0,Triplex,1,2,2,156.0,True,True,0.047605650383575955
Line.tpx391739b0,Triplex,2,1,1,156.0,True,False,0.24828688393007545
Line.tpx391739b0,Triplex,2,2,2,156.0,True,False,0.04760566940477941
Line.tpx391740b0,Triplex,1,1,1,156.0,True,True,0.07189241475305802
Line.tpx391740b0,Triplex,1,2,2,156.0,True,True,0.04584337995533973
Line.tpx391740b0,Triplex,2,1,1,156.0,True,False,0.07189243389341286
Line.tpx391740b0,Triplex,2,2,2,156.0,True,False,0.04584339907024615
Line.tpx391741b0,Triplex,1,1,1,156.0,True,True,0.2567474199319105
Line.tpx391741b0,Triplex,1,2,2,156.0,True,True,0.039347076042848594
Line.tpx391741b0,Triplex,2,1,1,156.0,True,False,0.2567474391259898
Line.tpx391741b0,Triplex,2,2,2,156.0,True,False,0.03934709505475303
Line.tpx391742b0,Triplex,1,1,1,156.0,True,True,0.019803829289693937
Line.tpx391742b0,Triplex,1,2,2,156.0,True,True,0.27672792771319576
Line.tpx391742b0,Triplex,2,1,1,156.0,True,False,0.01980384828140706
Line.tpx391742b0,Triplex,2,2,2,156.0,True,False,0.2767279469273735
Line.tpx391743b0,Triplex,1,1,1,156.0,True,True,0.14562395406443362
Line.tpx391743b0,Triplex,1,2,2,156.0,True,True,0.14915062312779986
Line.tpx391743b0,Triplex,2,1,1,156.0,True,False,0.1456239731758354
Line.tpx391743b0,Triplex,2,2,2,156.0,True,False,0.14915064224546445
Line.tpx391744b0,Triplex,1,1,1,156.0,True,True,0.0904932374111837
Line.tpx391744b0,Triplex,1,2,2,156.0,True,True,0.20464498851445717
Line.tpx391744b0,Triplex,2,1,1,156.0,True,False,0.09049325647190862
Line.tpx391744b0,Triplex,2,2,2,156.0,True,False,0.20464500767578972
Line.tpx391745b0,Triplex,1,1,1,156.0,True,True,0.0071774928148214245
Line.tpx391745b0,Triplex,1,2,2,156.0,True,True,0.28949601608965414
Line.tpx391745b0,Triplex,2,1,1,156.0,True,False,0.007177511807436066
Line.tpx391745b0,Triplex,2,2,2,156.0,True,False,0.2894960353266547
Line.tpx391746b0,Triplex,1,1,1,156.0,True,True,0.010330129365028822
Line.tpx391746b0,Triplex,1,2,2,156.0,True,True,0.10761727430748048
Line.tpx391746b0,Triplex,2,1,1,156.0,True,False,0.010330148447028035
Line.tpx391746b0,Triplex,2,2,2,156.0,True,False,0.10761729350015592
Line.tpx391747b0,Triplex,1,1,1,156.0,True,True,0.0567886338839557
Line.tpx391747b0,Triplex,1,2,2,156.0,True,True,0.23876365673881644
Line.tpx391747b0,Triplex,2,1,1,156.0,True,False,0.05678865292003088
Line.tpx391747b0,Triplex,2,2,2,156.0,True,False,0.2387636759333717
Line.tpx391748b0,Triplex,1,1,1,156.0,True,True,0.05177057783303155
Line.tpx391748b0,Triplex,1,2,2,156.0,True,True,0.2437985088649537
Line.tpx391748b0,Triplex,2,1,1,156.0,True,False,0.051770596869546756
Line.tpx391748b0,Triplex,2,2,2,156.0,True,False,0.2437985280685099
Line.tpx391749b0,Triplex,1,1,1,156.0,True,True,0.2269059556871845
Line.tpx391749b0,Triplex,1,2,2,156.0,True,True,0.06831192030081333
Line.tpx391749b0,Triplex,2,1,1,156.0,True,False,0.22690597487839995
Line.tpx391749b0,Triplex,2,2,2,156.0,True,False,0.06831193936001972
Line.tpx391750b0,Triplex,1,1,1,156.0,True,True,0.018516506649061404
Line.tpx391750b0,Triplex,1,2,2,156.0,True,True,0.27770433728771465
Line.tpx391750b0,Triplex,2,1,1,156.0,True,False,0.018516525661601623
Line.tpx391750b0,Triplex,2,2,2,156.0,True,False,0.2777043565246795
Line.tpx391751b0,Triplex,1,1,1,156.0,True,True,0.26898883826472875
Line.tpx391751b0,Triplex,1,2,2,156.0,True,True,0.026981069298873887
Line.tpx391751b0,Triplex,2,1,1,156.0,True,False,0.26898885749489054
Line.tpx391751b0,Triplex,2,2,2,156.0,True,False,0.026981088325847693
Line.tpx391752b0,Triplex,1,1,1,156.0,True,True,0.10677025721981667
Line.tpx391752b0,Triplex,1,2,2,156.0,True,True,0.18755074294049892
Line.tpx391752b0,Triplex,2,1,1,156.0,True,False,0.10677027633768006
Line.tpx391752b0,Triplex,2,2,2,156.0,True,False,0.18755076213053434
Line.tpx391753b0,Triplex,1,1,1,156.0,True,True,0.054536193307981956
Line.tpx391753b0,Triplex,1,2,2,156.0,True,True,0.06283264875639875
Line.tpx391753b0,Triplex,2,1,1,156.0,True,False,0.05453621248588991
Line.tpx391753b0,Triplex,2,2,2,156.0,True,False,0.06283266794673623
Line.tpx391755b0,Triplex,1,1,1,156.0,True,True,0.13016579840343903
Line.tpx391755b0,Triplex,1,2,2,156.0,True,True,0.16354170191369416
Line.tpx391755b0,Triplex,2,1,1,156.0,True,False,0.13016581757311363
Line.tpx391755b0,Triplex,2,2,2,156.0,True,False,0.16354172111509913
Line.tpx391756b0,Triplex,1,1,1,156.0,True,True,0.10539754163459662
Line.tpx391756b0,Triplex,1,2,2,156.0,True,True,0.07065744418612456
Line.tpx391756b0,Triplex,2,1,1,156.0,True,False,0.10539756085638723
Line.tpx391756b0,Triplex,2,2,2,156.0,True,False,0.07065746337770235
Line.tpx391757b0,Triplex,1,1,1,156.0,True,True,0.00569389865135886
Line.tpx391757b0,Triplex,1,2,2,156.0,True,True,0.11177712114111416
Line.tpx391757b0,Triplex,2,1,1,156.0,True,False,0.005693917814919743
Line.tpx391757b0,Triplex,2,2,2,156.0,True,False,0.11177714042530063
Line.tpx391758b0,Triplex,1,1,1,156.0,True,True,0.06870126866130444
Line.tpx391758b0,Triplex,1,2,2,156.0,True,True,0.10718814549225254
Line.tpx391758b0,Triplex,2,1,1,156.0,True,False,0.06870128786643838
Line.tpx391758b0,Triplex,2,2,2,156.0,True,False,0.10718816473777777
Line.tpx391765b0,Triplex,1,1,1,156.0,True,True,0.2878405368222553
Line.tpx391765b0,Triplex,1,2,2,156.0,True,True,0.008911134083086542
Line.tpx391765b0,Triplex,2,1,1,156.0,True,False,0.2878405560476286
Line.tpx391765b0,Triplex,2,2,2,156.0,True,False,0.00891115307355554
Line.tpx391973c0,Triplex,1,1,1,156.0,True,True,0.06451912289906146
Line.tpx391973c0,Triplex,1,2,2,156.0,True,True,0.11737344824765622
Line.tpx391973c0,Triplex,2,1,1,156.0,True,False,0.06451914229416675
Line.tpx391973c0,Triplex,2,2,2,156.0,True,False,0.11737346769701819
Line.tpx391976c0,Triplex,1,1,1,156.0,True,True,0.006545235496057289
Line.tpx391976c0,Triplex,1,2,2,156.0,True,True,0.29890694932944534
Line.tpx391976c0,Triplex,2,1,1,156.0,True,False,0.006545254777984055
Line.tpx391976c0,Triplex,2,2,2,156.0,True,False,0.2989069688644019
Line.tpx391977a0,Triplex,1,1,1,156.0,True,True,0.2666111165644262
Line.tpx391977a0,Triplex,1,2,2,156.0,True,True,0.002903946319455617
Line.tpx391977a0,Triplex,2,1,1,156.0,True,False,0.2666111358510073
Line.tpx391977a0,Triplex,2,2,2,156.0,True,False,0.0029039653833239257
Line.tpx391978c0,Triplex,1,1,1,156.0,True,True,0.266967298523283
Line.tpx391978c0,Triplex,1,2,2,156.0,True,True,0.037728183119067386
Line.tpx391978c0,Triplex,2,1,1,156.0,True,False,0.26696731802756973
Line.tpx391978c0,Triplex,2,2,2,156.0,True,False,0.0377282024311369
Line.tpx391979c0,Triplex,1,1,1,156.0,True,True,0.14414813951786568
Line.tpx391979c0,Triplex,1,2,2,156.0,True,True,0.037937427353252416
Line.tpx391979c0,Triplex,2,1,1,156.0,True,False,0.14414815899384892
Line.tpx391979c0,Triplex,2,2,2,156.0,True,False,0.0379374467301431
Line.tpx391980a0,Triplex,1,1,1,156.0,True,True,0.08198335899694514
Line.tpx391980a0,Triplex,1,2,2,156.0,True,True,0.07849457462964102
Line.tpx391980a0,Triplex,2,1,1,156.0,True,False,0.08198337818741273
Line.tpx391980a0,Triplex,2,2,2,156.0,True,False,0.07849459382001733
Line.tpx391981a0,Triplex,1,1,1,156.0,True,True,0.06193041008798007
Line.tpx391981a0,Triplex,1,2,2,156.0,True,True,0.09856839539852785
Line.tpx391981a0,Triplex,2,1,1,156.0,True,False,0.06193042926078615
Line.tpx391981a0,Triplex,2,2,2,156.0,True,False,0.09856841460994505
Line.tpx391985a0,Triplex,1,1,1,156.0,True,True,0.03632532737167151
Line.tpx391985a0,Triplex,1,2,2,156.0,True,True,0.07072252030480136
Line.tpx391985a0,Triplex,2,1,1,156.0,True,False,0.036325346552002584
Line.tpx391985a0,Triplex,2,2,2,156.0,True,False,0.070722539526355
Line.tpx391986a0,Triplex,1,1,1,156.0,True,True,0.18166365731710354
Line.tpx391986a0,Triplex,1,2,2,156.0,True,True,0.08635666037532785
Line.tpx391986a0,Triplex,2,1,1,156.0,True,False,0.1816636765349379
Line.tpx391986a0,Triplex,2,2,2,156.0,True,False,0.08635667951509958
Line.tpx391987a0,Triplex,1,1,1,156.0,True,True,0.06968050527503049
Line.tpx391987a0,Triplex,1,2,2,156.0,True,True,0.19851605278281984
Line.tpx391987a0,Triplex,2,1,1,156.0,True,False,0.06968052439701057
Line.tpx391987a0,Triplex,2,2,2,156.0,True,False,0.19851607201802413
Line.tpx391989a0,Triplex,1,1,1,156.0,True,True,0.042852854976950634
Line.tpx391989a0,Triplex,1,2,2,156.0,True,True,0.22616772222178247
Line.tpx391989a0,Triplex,2,1,1,156.0,True,False,0.04285287404586305
Line.tpx391989a0,Triplex,2,2,2,156.0,True,False,0.22616774145041704
Line.tpx391990a0,Triplex,1,1,1,156.0,True,True,0.030997548837965756
Line.tpx391990a0,Triplex,1,2,2,156.0,True,True,0.1299575766841763
Line.tpx391990a0,Triplex,2,1,1,156.0,True,False,0.030997567953445663
Line.tpx391990a0,Triplex,2,2,2,156.0,True,False,0.12995759589840988
Line.tpx391991a0,Triplex,1,1,1,156.0,True,True,0.1350344036986366
Line.tpx391991a0,Triplex,1,2,2,156.0,True,True,0.025968552716277963
Line.tpx391991a0,Triplex,2,1,1,156.0,True,False,0.1350344229162973
Line.tpx391991a0,Triplex,2,2,2,156.0,True,False,0.02596857183197049
Line.tpx391992a0,Triplex,1,1,1,156.0,True,True,0.2322267598332047
Line.tpx391992a0,Triplex,1,2,2,156.0,True,True,0.036863213402161234
Line.tpx391992a0,Triplex,2,1,1,156.0,True,False,0.2322267790673252
Line.tpx391992a0,Triplex,2,2,2,156.0,True,False,0.03686323247279807
Line.tpx391993a0,Triplex,1,1,1,156.0,True,True,0.03800589798180668
Line.tpx391993a0,Triplex,1,2,2,156.0,True,True,0.06917526169311694
Line.tpx391993a0,Triplex,2,1,1,156.0,True,False,0.03800591713888385
Line.tpx391993a0,Triplex,2,2,2,156.0,True,False,0.06917528088784818
Line.tpx391994a0,Triplex,1,1,1,156.0,True,True,0.23380091070599193
Line.tpx391994a0,Triplex,1,2,2,156.0,True,True,0.035291456786588626
Line.tpx391994a0,Triplex,2,1,1,156.0,True,False,0.23380092994339108
Line.tpx391994a0,Triplex,2,2,2,156.0,True,False,0.03529147585782615
Line.tpx391995a0,Triplex,1,1,1,156.0,True,True,0.07773828015000951
Line.tpx391995a0,Triplex,1,2,2,156.0,True,True,0.19071219339586598
Line.tpx391995a0,Triplex,2,1,1,156.0,True,False,0.07773829925413307
Line.tpx391995a0,Triplex,2,2,2,156.0,True,False,0.19071221259966145
Line.tpx391996a0,Triplex,1,1,1,156.0,True,True,0.05230968451298756
Line.tpx391996a0,Triplex,1,2,2,156.0,True,True,0.10844007645172617
Line.tpx391996a0,Triplex,2,1,1,156.0,True,False,0.05230970365224724
Line.tpx391996a0,Triplex,2,2,2,156.0,True,False,0.10844009564839292
Line.tpx392036b0,Triplex,1,1,1,156.0,True,True,0.2209948696618656
Line.tpx392036b0,Triplex,1,2,2,156.0,True,True,0.0751160874215731
Line.tpx392036b0,Triplex,2,1,1,156.0,True,False,0.2209948887840367
Line.tpx392036b0,Triplex,2,2,2,156.0,True,False,0.07511610642259732
Line.tpx392037b0,Triplex,1,1,1,156.0,True,True,0.17775687200204215
Line.tpx392037b0,Triplex,1,2,2,156.0,True,True,0.11792988910096468
Line.tpx392037b0,Triplex,2,1,1,156.0,True,False,0.177756891087242
Line.tpx392037b0,Triplex,2,2,2,156.0,True,False,0.1179299081383802
Line.tpx392038b0,Triplex,1,1,1,156.0,True,True,0.28254348269321045
Line.tpx392038b0,Triplex,1,2,2,156.0,True,True,0.16165967450033983
Line.tpx392038b0,Triplex,2,1,1,156.0,True,False,0.28254350178163845
Line.tpx392038b0,Triplex,2,2,2,156.0,True,False,0.16165969349574125
Line.tpx441311a0,Triplex,1,1,1,156.0,True,True,0.24615728036068626
Line.tpx441311a0,Triplex,1,2,2,156.0,True,True,0.02204937568769291
Line.tpx441311a0,Triplex,2,1,1,156.0,True,False,0.24615729969070826
Line.tpx441311a0,Triplex,2,2,2,156.0,True,False,0.022049394829657114
Line.tpx441331c0,Triplex,1,1,1,156.0,True,True,0.10555807154647262
Line.tpx441331c0,Triplex,1,2,2,156.0,True,True,0.19479860142126
Line.tpx441331c0,Triplex,2,1,1,156.0,True,False,0.10555809112622629
Line.tpx441331c0,Triplex,2,2,2,156.0,True,False,0.1947986210804634
Line.tpx441854c0,Triplex,1,1,1,156.0,True,True,0.2670129529657608
Line.tpx441854c0,Triplex,1,2,2,156.0,True,True,0.03333901783309255
Line.tpx441854c0,Triplex,2,1,1,156.0,True,False,0.26701297275529845
Line.tpx441854c0,Triplex,2,2,2,156.0,True,False,0.033339037426626895
Line.tpx442373c0,Triplex,1,1,1,156.0,True,True,0.2082923739251357
Line.tpx442373c0,Triplex,1,2,2,156.0,True,True,0.09151982523972854
Line.tpx442373c0,Triplex,2,1,1,156.0,True,False,0.20829239363737492
Line.tpx442373c0,Triplex,2,2,2,156.0,True,False,0.09151984485571396
Line.tpx52107636a0,Triplex,1,1,1,156.0,True,True,0.05912136669062628
Line.tpx52107636a0,Triplex,1,2,2,156.0,True,True,0.20239554087209954
Line.tpx52107636a0,Triplex,2,1,1,156.0,True,False,0.05912138630239399
Line.tpx52107636a0,Triplex,2,2,2,156.0,True,False,0.20239556060953792
Line.tpx52107693b0,Triplex,1,1,1,156.0,True,True,0.0611799417164856
Line.tpx52107693b0,Triplex,1,2,2,156.0,True,True,0.22930459620370433
Line.tpx52107693b0,Triplex,2,1,1,156.0,True,False,0.061179961083760136
Line.tpx52107693b0,Triplex,2,2,2,156.0,True,False,0.2293046157177289
Line.tpx28044328c0,Triplex,1,1,1,156.0,True,True,0.03395068465095923
Line.tpx28044328c0,Triplex,1,2,2,156.0,True,True,0.14708814856710412
Line.tpx28044328c0,Triplex,2,1,1,156.0,True,False,0.03395070413706862
Line.tpx28044328c0,Triplex,2,2,2,156.0,True,False,0.14708816816565876
Line.tpx28099529c0,Triplex,1,1,1,156.0,True,True,0.12250384378392255
Line.tpx28099529c0,Triplex,1,2,2,156.0,True,True,0.180784115118268
Line.tpx28099529c0,Triplex,2,1,1,156.0,True,False,0.12250386318072086
Line.tpx28099529c0,Triplex,2,2,2,156.0,True,False,0.18078413456807874
Line.tpx28118808a0,Triplex,1,1,1,156.0,True,True,0.20185692319958223
Line.tpx28118808a0,Triplex,1,2,2,156.0,True,True,0.19652165719774123
Line.tpx28118808a0,Triplex,2,1,1,156.0,True,False,0.20185694253797362
Line.tpx28118808a0,Triplex,2,2,2,156.0,True,False,0.19652167653517547
Line.tpx28118822a0,Triplex,1,1,1,156.0,True,True,0.061420036953454105
Line.tpx28118822a0,Triplex,1,2,2,156.0,True,True,0.09760835977931356
Line.tpx28118822a0,Triplex,2,1,1,156.0,True,False,0.061420056303651084
Line.tpx28118822a0,Triplex,2,2,2,156.0,True,False,0.09760837916773706
Line.tpx28118903b0,Triplex,1,1,1,156.0,True,True,0.2579239243392822
Line.tpx28118903b0,Triplex,1,2,2,156.0,True,True,0.036331691506644524
Line.tpx28118903b0,Triplex,2,1,1,156.0,True,False,0.25792394365721905
Line.tpx28118903b0,Triplex,2,2,2,156.0,True,False,0.03633171063883879
Line.tpx28119958b0,Triplex,1,1,1,156.0,True,True,0.17043956808137994
Line.tpx28119958b0,Triplex,1,2,2,156.0,True,True,0.007001000740134431
Line.tpx28119958b0,Triplex,2,1,1,156.0,True,False,0.17043958729066214
Line.tpx28119958b0,Triplex,2,2,2,156.0,True,False,0.007001019794782473
Line.tpx28120126a0,Triplex,1,1,1,156.0,True,True,0.12823740515291365
Line.tpx28120126a0,Triplex,1,2,2,156.0,True,True,0.4102236602525014
Line.tpx28120126a0,Triplex,2,1,1,156.0,True,False,0.12823742419404652
Line.tpx28120126a0,Triplex,2,2,2,156.0,True,False,0.41022367951351063
Line.tpx28120126b0,Triplex,1,1,1,156.0,True,True,0.13481865949816185
Line.tpx28120126b0,Triplex,1,2,2,156.0,True,True,0.44814342342666463
Line.tpx28120126b0,Triplex,2,1,1,156.0,True,False,0.13481867878018153
Line.tpx28120126b0,Triplex,2,2,2,156.0,True,False,0.44814344295252156
Line.tpx28120126c0,Triplex,1,1,1,156.0,True,True,0.2672777465941901
Line.tpx28120126c0,Triplex,1,2,2,156.0,True,True,0.3408615454435102
Line.tpx28120126c0,Triplex,2,1,1,156.0,True,False,0.2672777659515382
Line.tpx28120126c0,Triplex,2,2,2,156.0,True,False,0.34086156486062236
Line.tpx28120183c0,Triplex,1,1,1,156.0,True,True,0.05951832815336683
Line.tpx28120183c0,Triplex,1,2,2,156.0,True,True,0.24244598588426955
Line.tpx28120183c0,Triplex,2,1,1,156.0,True,False,0.0595183476273891
Line.tpx28120183c0,Triplex,2,2,2,156.0,True,False,0.24244600551766515
Line.tpx28120195b0,Triplex,1,1,1,156.0,True,True,0.2908081195436139
Line.tpx28120195b0,Triplex,1,2,2,156.0,True,True,0.006747227857341571
Line.tpx28120195b0,Triplex,2,1,1,156.0,True,False,0.290808138724107
Line.tpx28120195b0,Triplex,2,2,2,156.0,True,False,0.006747246798463797
Line.tpx28120786a0,Triplex,1,1,1,156.0,True,True,0.24684065538962996
Line.tpx28120786a0,Triplex,1,2,2,156.0,True,True,0.02142959723848402
Line.tpx28120786a0,Triplex,2,1,1,156.0,True,False,0.2468406747166524
Line.tpx28120786a0,Triplex,2,2,2,156.0,True,False,0.021429616376339784
Line.tpx28120855a0,Triplex,1,1,1,156.0,True,True,0.10124418193554738
Line.tpx28120855a0,Triplex,1,2,2,156.0,True,True,0.005760109739117678
Line.tpx28120855a0,Triplex,2,1,1,156.0,True,False,0.10124420124042495
Line.tpx28120855a0,Triplex,2,2,2,156.0,True,False,0.0057601289415940655
Line.tpx28121368a0,Triplex,1,1,1,156.0,True,True,0.06393171355967257
Line.tpx28121368a0,Triplex,1,2,2,156.0,True,True,0.2000043244790415
Line.tpx28121368a0,Triplex,2,1,1,156.0,True,False,0.06393173299098232
Line.tpx28121368a0,Triplex,2,2,2,156.0,True,False,0.20000434402982703
Line.tpx28121587a0,Triplex,1,1,1,156.0,True,True,0.06479163964726023
Line.tpx28121587a0,Triplex,1,2,2,156.0,True,True,0.09458246497074843
Line.tpx28121587a0,Triplex,2,1,1,156.0,True,False,0.06479165895721573
Line.tpx28121587a0,Triplex,2,2,2,156.0,True,False,0.09458248431273598
Line.tpx28126875b0,Triplex,1,1,1,156.0,True,True,0.05433241961595424
Line.tpx28126875b0,Triplex,1,2,2,156.0,True,True,0.24058076040620385
Line.tpx28126875b0,Triplex,2,1,1,156.0,True,False,0.05433243869400798
Line.tpx28126875b0,Triplex,2,2,2,156.0,True,False,0.240580779646372
Line.tpx28127090c0,Triplex,1,1,1,156.0,True,True,0.2204649286296094
Line.tpx28127090c0,Triplex,1,2,2,156.0,True,True,0.0812424020509197
Line.tpx28127090c0,Triplex,2,1,1,156.0,True,False,0.22046494823687027
Line.tpx28127090c0,Triplex,2,2,2,156.0,True,False,0.08124242154277429
Line.tpx28127146b0,Triplex,1,1,1,156.0,True,True,0.06868324568513047
Line.tpx28127146b0,Triplex,1,2,2,156.0,True,True,0.10502102214397671
Line.tpx28127146b0,Triplex,2,1,1,156.0,True,False,0.06868326513243714
Line.tpx28127146b0,Triplex,2,2,2,156.0,True,False,0.10502104162963931
Line.tpx28127253a0,Triplex,1,1,1,156.0,True,True,0.2728772808593487
Line.tpx28127253a0,Triplex,1,2,2,156.0,True,True,0.1217955388144926
Line.tpx28127253a0,Triplex,2,1,1,156.0,True,False,0.27287730046189923
Line.tpx28127253a0,Triplex,2,2,2,156.0,True,False,0.12179555829992492
Line.tpx28127319b0,Triplex,1,1,1,156.0,True,True,0.10635192700728936
Line.tpx28127319b0,Triplex,1,2,2,156.0,True,True,0.18578818510161302
Line.tpx28127319b0,Triplex,2,1,1,156.0,True,False,0.1063519462681462
Line.tpx28127319b0,Triplex,2,2,2,156.0,True,False,0.18578820443351576
Line.tpx28127372a0,Triplex,1,1,1,156.0,True,True,0.09418094573524376
Line.tpx28127372a0,Triplex,1,2,2,156.0,True,True,0.17119346951056774
Line.tpx28127372a0,Triplex,2,1,1,156.0,True,False,0.09418096506467388
Line.tpx28127372a0,Triplex,2,2,2,156.0,True,False,0.17119348890903044
Line.tpx28127390c0,Triplex,1,1,1,156.0,True,True,0.04950172388826847
Line.tpx28127390c0,Triplex,1,2,2,156.0,True,True,0.13167696829437728
Line.tpx28127390c0,Triplex,2,1,1,156.0,True,False,0.049501743356970954
Line.tpx28127390c0,Triplex,2,2,2,156.0,True,False,0.13167698784563034
Line.tpx28127681b0,Triplex,1,1,1,156.0,True,True,0.009884555811548583
Line.tpx28127681b0,Triplex,1,2,2,156.0,True,True,0.28389701243190285
Line.tpx28127681b0,Triplex,2,1,1,156.0,True,False,0.009884574988453023
Line.tpx28127681b0,Triplex,2,2,2,156.0,True,False,0.28389703184606435
Line.tpx28128007c0,Triplex,1,1,1,156.0,True,True,0.19638508050318934
Line.tpx28128007c0,Triplex,1,2,2,156.0,True,True,0.10698456577250631
Line.tpx28128007c0,Triplex,2,1,1,156.0,True,False,0.19638509996495726
Line.tpx28128007c0,Triplex,2,2,2,156.0,True,False,0.10698458516133688
Line.tpx28128464c0,Triplex,1,1,1,156.0,True,True,0.24850324249719768
Line.tpx28128464c0,Triplex,1,2,2,156.0,True,True,0.05400123913346555
Line.tpx28128464c0,Triplex,2,1,1,156.0,True,False,0.24850326210465562
Line.tpx28128464c0,Triplex,2,2,2,156.0,True,False,0.054001258578344195
Line.tpx28128517c0,Triplex,1,1,1,156.0,True,True,0.06134957359358818
Line.tpx28128517c0,Triplex,1,2,2,156.0,True,True,0.24095024876851362
Line.tpx28128517c0,Triplex,2,1,1,156.0,True,False,0.061349593045552646
Line.tpx28128517c0,Triplex,2,2,2,156.0,True,False,0.24095026837697617
Line.tpx28129399c0,Triplex,1,1,1,156.0,True,True,0.1576944570709278
Line.tpx28129399c0,Triplex,1,2,2,156.0,True,True,0.14374501301690604
Line.tpx28129399c0,Triplex,2,1,1,156.0,True,False,0.1576944766127055
Line.tpx28129399c0,Triplex,2,2,2,156.0,True,False,0.1437450325501099
Line.tpx28129466a0,Triplex,1,1,1,156.0,True,True,0.3104622882311499
Line.tpx28129466a0,Triplex,1,2,2,156.0,True,True,0.21391462516121273
Line.tpx28129466a0,Triplex,2,1,1,156.0,True,False,0.3104623078758437
Line.tpx28129466a0,Triplex,2,2,2,156.0,True,False,0.2139146447350438
Line.tpx28129466b0,Triplex,1,1,1,156.0,True,True,0.0010859117085769891
Line.tpx28129466b0,Triplex,1,2,2,156.0,True,True,0.5802519513905409
Line.tpx28129466b0,Triplex,2,1,1,156.0,True,False,0.0010859311077392447
Line.tpx28129466b0,Triplex,2,2,2,156.0,True,False,0.5802519712405364
Line.tpx28129466c0,Triplex,1,1,1,156.0,True,True,0.5211270650024024
Line.tpx28129466c0,Triplex,1,2,2,156.0,True,True,0.08234916914641967
Line.tpx28129466c0,Triplex,2,1,1,156.0,True,False,0.5211270848340284
Line.tpx28129466c0,Triplex,2,2,2,156.0,True,False,0.08234918864460224
Line.tpx28129923c0,Triplex,1,1,1,156.0,True,True,0.03474149947655712
Line.tpx28129923c0,Triplex,1,2,2,156.0,True,True,0.14464392016217262
Line.tpx28129923c0,Triplex,2,1,1,156.0,True,False,0.0347415191420718
Line.tpx28129923c0,Triplex,2,2,2,156.0,True,False,0.14464393993704852
Line.tpx28147018b0,Triplex,1,1,1,156.0,True,True,0.15655905822177216
Line.tpx28147018b0,Triplex,1,2,2,156.0,True,True,0.017691249086684954
Line.tpx28147018b0,Triplex,2,1,1,156.0,True,False,0.15655907774685662
Line.tpx28147018b0,Triplex,2,2,2,156.0,True,False,0.017691268481107254
Line.tpx28147708b0,Triplex,1,1,1,156.0,True,True,0.10609330624454462
Line.tpx28147708b0,Triplex,1,2,2,156.0,True,True,0.18351596204420778
Line.tpx28147708b0,Triplex,2,1,1,156.0,True,False,0.10609332567411862
Line.tpx28147708b0,Triplex,2,2,2,156.0,True,False,0.1835159815431376
Line.tpx28147899c0,Triplex,1,1,1,156.0,True,True,0.028561210121619017
Line.tpx28147899c0,Triplex,1,2,2,156.0,True,True,0.1515707447225753
Line.tpx28147899c0,Triplex,2,1,1,156.0,True,False,0.028561229707957277
Line.tpx28147899c0,Triplex,2,2,2,156.0,True,False,0.151570764430889
Line.tpx28147974b0,Triplex,1,1,1,156.0,True,True,0.06318477791661695
Line.tpx28147974b0,Triplex,1,2,2,156.0,True,True,0.10829212049882593
Line.tpx28147974b0,Triplex,2,1,1,156.0,True,False,0.06318479761443137
Line.tpx28147974b0,Triplex,2,2,2,156.0,True,False,0.10829214024350649
Line.tpx28148060c0,Triplex,1,1,1,156.0,True,True,0.07593403342562229
Line.tpx28148060c0,Triplex,1,2,2,156.0,True,True,0.1056114524678824
Line.tpx28148060c0,Triplex,2,1,1,156.0,True,False,0.07593405286357276
Line.tpx28148060c0,Triplex,2,2,2,156.0,True,False,0.10561147193776194
Line.tpx28148580b0,Triplex,1,1,1,156.0,True,True,0.2725359297091394
Line.tpx28148580b0,Triplex,1,2,2,156.0,True,True,0.022766054414093587
Line.tpx28148580b0,Triplex,2,1,1,156.0,True,False,0.2725359489917513
Line.tpx28148580b0,Triplex,2,2,2,156.0,True,False,0.022766073486863908
Line.tpx28148633a0,Triplex,1,1,1,156.0,True,True,0.15617511413189472
Line.tpx28148633a0,Triplex,1,2,2,156.0,True,True,0.24267408768005216
Line.tpx28148633a0,Triplex,2,1,1,156.0,True,False,0.15617513341877354
Line.tpx28148633a0,Triplex,2,2,2,156.0,True,False,0.24267410703916945
Line.tpx28149184c0,Triplex,1,1,1,156.0,True,True,0.06831209793168201
Line.tpx28149184c0,Triplex,1,2,2,156.0,True,True,0.23471939629828653
Line.tpx28149184c0,Triplex,2,1,1,156.0,True,False,0.06831211733531126
Line.tpx28149184c0,Triplex,2,2,2,156.0,True,False,0.23471941584716868
Line.tpx28150172a0,Triplex,1,1,1,156.0,True,True,0.11252731854208473
Line.tpx28150172a0,Triplex,1,2,2,156.0,True,True,0.15272813999523183
Line.tpx28150172a0,Triplex,2,1,1,156.0,True,False,0.11252733788853796
Line.tpx28150172a0,Triplex,2,2,2,156.0,True,False,0.1527281593792941
Line.tpx28150189a0,Triplex,1,1,1,156.0,True,True,0.11016917094749878
Line.tpx28150189a0,Triplex,1,2,2,156.0,True,True,0.15503700371944168
Line.tpx28150189a0,Triplex,2,1,1,156.0,True,False,0.11016919029622696
Line.tpx28150189a0,Triplex,2,2,2,156.0,True,False,0.15503702310976442
Line.tpx28150292a0,Triplex,1,1,1,156.0,True,True,0.09867176024339515
Line.tpx28150292a0,Triplex,1,2,2,156.0,True,True,0.05907610212237488
Line.tpx28150292a0,Triplex,2,1,1,156.0,True,False,0.09867177978836883
Line.tpx28150292a0,Triplex,2,2,2,156.0,True,False,0.059076121632477746
Line.tpx21015706a0,Triplex,1,1,1,156.0,True,True,0.10133676137023073
Line.tpx21015706a0,Triplex,1,2,2,156.0,True,True,0.05765045231711151
Line.tpx21015706a0,Triplex,2,1,1,156.0,True,False,0.10133678076621158
Line.tpx21015706a0,Triplex,2,2,2,156.0,True,False,0.0576504716742601
Line.tpx21015829a0,Triplex,1,1,1,156.0,True,True,0.03210157463811663
Line.tpx21015829a0,Triplex,1,2,2,156.0,True,True,0.23427293436375832
Line.tpx21015829a0,Triplex,2,1,1,156.0,True,False,0.03210159390133137
Line.tpx21015829a0,Triplex,2,2,2,156.0,True,False,0.23427295380285765
Line.tpx21031684a0,Triplex,1,1,1,156.0,True,True,0.2116290440788145
Line.tpx21031684a0,Triplex,1,2,2,156.0,True,True,0.0543797835229995
Line.tpx21031684a0,Triplex,2,1,1,156.0,True,False,0.21162906349496227
Line.tpx21031684a0,Triplex,2,2,2,156.0,True,False,0.05437980280823466
Line.tpx21031694b0,Triplex,1,1,1,156.0,True,True,0.14585787229539
Line.tpx21031694b0,Triplex,1,2,2,156.0,True,True,0.2944862458118767
Line.tpx21031694b0,Triplex,2,1,1,156.0,True,False,0.14585789144989061
Line.tpx21031694b0,Triplex,2,2,2,156.0,True,False,0.29448626508803216
Line.tpx21148701b0,Triplex,1,1,1,156.0,True,True,0.040740197051710836
Line.tpx21148701b0,Triplex,1,2,2,156.0,True,True,0.1334782881882694
Line.tpx21148701b0,Triplex,2,1,1,156.0,True,False,0.040740216435986465
Line.tpx21148701b0,Triplex,2,2,2,156.0,True,False,0.13347830766529364
Line.tpx21149420a0,Triplex,1,1,1,156.0,True,True,0.10979829760205237
Line.tpx21149420a0,Triplex,1,2,2,156.0,True,True,0.15509146835638424
Line.tpx21149420a0,Triplex,2,1,1,156.0,True,False,0.10979831697376334
Line.tpx21149420a0,Triplex,2,2,2,156.0,True,False,0.15509148777006018
Line.tpx21197413c0,Triplex,1,1,1,156.0,True,True,0.8397239273066458
Line.tpx21197413c0,Triplex,1,2,2,156.0,True,True,0.08805752719117158
Line.tpx21197413c0,Triplex,2,1,1,156.0,True,False,0.8397239469058644
Line.tpx21197413c0,Triplex,2,2,2,156.0,True,False,0.0880575462398831
Line.tpx21209868a0,Triplex,1,1,1,156.0,True,True,0.07825226137202207
Line.tpx21209868a0,Triplex,1,2,2,156.0,True,True,0.1898894086146649
Line.tpx21209868a0,Triplex,2,1,1,156.0,True,False,0.07825228049823951
Line.tpx21209868a0,Triplex,2,2,2,156.0,True,False,0.1898894278394089
Line.tpx21236413b0,Triplex,1,1,1,156.0,True,True,0.44457745376701496
Line.tpx21236413b0,Triplex,1,2,2,156.0,True,True,0.14572585547452657
Line.tpx21236413b0,Triplex,2,1,1,156.0,True,False,0.4445774730378186
Line.tpx21236413b0,Triplex,2,2,2,156.0,True,False,0.14572587451922564
Line.tpx21243817a0,Triplex,1,1,1,156.0,True,True,0.1475260053106298
Line.tpx21243817a0,Triplex,1,2,2,156.0,True,True,0.011570506608480243
Line.tpx21243817a0,Triplex,2,1,1,156.0,True,False,0.14752602479237964
Line.tpx21243817a0,Triplex,2,2,2,156.0,True,False,0.011570525962233319
Line.tpx21248901b0,Triplex,1,1,1,156.0,True,True,0.1277191848571439
Line.tpx21248901b0,Triplex,1,2,2,156.0,True,True,0.16437508891285704
Line.tpx21248901b0,Triplex,2,1,1,156.0,True,False,0.12771920413155674
Line.tpx21248901b0,Triplex,2,2,2,156.0,True,False,0.16437510822182952
Line.tpx21249626b0,Triplex,1,1,1,156.0,True,True,0.12642626306472632
Line.tpx21249626b0,Triplex,1,2,2,156.0,True,True,0.04763165778460182
Line.tpx21249626b0,Triplex,2,1,1,156.0,True,False,0.12642628254300992
Line.tpx21249626b0,Triplex,2,2,2,156.0,True,False,0.04763167719023192
Line.tpx21249647b0,Triplex,1,1,1,156.0,True,True,0.17075528815705002
Line.tpx21249647b0,Triplex,1,2,2,156.0,True,True,0.1193405777733484
Line.tpx21249647b0,Triplex,2,1,1,156.0,True,False,0.17075530760393415
Line.tpx21249647b0,Triplex,2,2,2,156.0,True,False,0.11934059717969049
Line.tpx21249674b0,Triplex,1,1,1,156.0,True,True,0.07513930287275644
Line.tpx21249674b0,Triplex,1,2,2,156.0,True,True,0.21535403912866258
Line.tpx21249674b0,Triplex,2,1,1,156.0,True,False,0.07513932223782578
Line.tpx21249674b0,Triplex,2,2,2,156.0,True,False,0.2153540586166689
Line.tpx21325725c0,Triplex,1,1,1,156.0,True,True,0.027693940431488182
Line.tpx21325725c0,Triplex,1,2,2,156.0,True,True,0.15393395090042034
Line.tpx21325725c0,Triplex,2,1,1,156.0,True,False,0.0276939598569237
Line.tpx21325725c0,Triplex,2,2,2,156.0,True,False,0.15393397045090376
Line.tpx21357515a0,Triplex,1,1,1,156.0,True,True,0.18093137448091892
Line.tpx21357515a0,Triplex,1,2,2,156.0,True,True,0.08350663589632953
Line.tpx21357515a0,Triplex,2,1,1,156.0,True,False,0.1809313939598056
Line.tpx21357515a0,Triplex,2,2,2,156.0,True,False,0.08350665529538302
Line.tpx21357865a0,Triplex,1,1,1,156.0,True,True,0.17224559468989095
Line.tpx21357865a0,Triplex,1,2,2,156.0,True,True,0.09212160997043749
Line.tpx21357865a0,Triplex,2,1,1,156.0,True,False,0.17224561416124007
Line.tpx21357865a0,Triplex,2,2,2,156.0,True,False,0.0921216293767139
Line.tpx21357901b0,Triplex,1,1,1,156.0,True,True,0.15147880181481602
Line.tpx21357901b0,Triplex,1,2,2,156.0,True,True,0.1428270820123716
Line.tpx21357901b0,Triplex,2,1,1,156.0,True,False,0.15147882096192378
Line.tpx21357901b0,Triplex,2,2,2,156.0,True,False,0.1428271011553659
Line.tpx21357984c0,Triplex,1,1,1,156.0,True,True,0.09290734515156675
Line.tpx21357984c0,Triplex,1,2,2,156.0,True,True,0.2064582618134016
Line.tpx21357984c0,Triplex,2,1,1,156.0,True,False,0.09290736479328662
Line.tpx21357984c0,Triplex,2,2,2,156.0,True,False,0.20645828155533863
Line.tpx21373784a0,Triplex,1,1,1,156.0,True,True,0.37360010128624777
Line.tpx21373784a0,Triplex,1,2,2,156.0,True,True,0.16441882637921248
Line.tpx21373784a0,Triplex,2,1,1,156.0,True,False,0.37360012050485186
Line.tpx21373784a0,Triplex,2,2,2,156.0,True,False,0.16441884544037097
Line.tpx21380156b0,Triplex,1,1,1,156.0,True,True,0.07296756603955838
Line.tpx21380156b0,Triplex,1,2,2,156.0,True,True,0.1001141932084244
Line.tpx21380156b0,Triplex,2,1,1,156.0,True,False,0.07296758555951438
Line.tpx21380156b0,Triplex,2,2,2,156.0,True,False,0.10011421275788991
Line.tpx21380325b0,Triplex,1,1,1,156.0,True,True,0.015616826228580459
Line.tpx21380325b0,Triplex,1,2,2,156.0,True,True,0.2790396508197954
Line.tpx21380325b0,Triplex,2,1,1,156.0,True,False,0.015616845344084349
Line.tpx21380325b0,Triplex,2,2,2,156.0,True,False,0.27903967016339243
Line.tpx21380453a0,Triplex,1,1,1,156.0,True,True,0.060416076455716304
Line.tpx21380453a0,Triplex,1,2,2,156.0,True,True,0.09629093113389905
Line.tpx21380453a0,Triplex,2,1,1,156.0,True,False,0.06041609609266001
Line.tpx21380453a0,Triplex,2,2,2,156.0,True,False,0.09629095080880523
Line.tpx21380500c0,Triplex,1,1,1,156.0,True,True,0.19326382922071142
Line.tpx21380500c0,Triplex,1,2,2,156.0,True,True,0.1063946214472856
Line.tpx21380500c0,Triplex,2,1,1,156.0,True,False,0.19326384892090573
Line.tpx21380500c0,Triplex,2,2,2,156.0,True,False,0.1063946410767302
Line.tpx21380528a0,Triplex,1,1,1,156.0,True,True,0.04620142416506866
Line.tpx21380528a0,Triplex,1,2,2,156.0,True,True,0.11230644987983311
Line.tpx21380528a0,Triplex,2,1,1,156.0,True,False,0.04620144357432552
Line.tpx21380528a0,Triplex,2,2,2,156.0,True,False,0.11230646935617923
Line.tpx21380599a0,Triplex,1,1,1,156.0,True,True,0.20574788196330687
Line.tpx21380599a0,Triplex,1,2,2,156.0,True,True,0.19113746713181975
Line.tpx21380599a0,Triplex,2,1,1,156.0,True,False,0.20574790137820997
Line.tpx21380599a0,Triplex,2,2,2,156.0,True,False,0.19113748653838403
Line.tpx21380616a0,Triplex,1,1,1,156.0,True,True,0.004176980090387371
Line.tpx21380616a0,Triplex,1,2,2,156.0,True,True,0.2626652329071034
Line.tpx21380616a0,Triplex,2,1,1,156.0,True,False,0.004176999339515083
Line.tpx21380616a0,Triplex,2,2,2,156.0,True,False,0.2626652523807976
Line.tpx21381118b0,Triplex,1,1,1,156.0,True,True,0.16223411737354493
Line.tpx21381118b0,Triplex,1,2,2,156.0,True,True,0.011491310167561627
Line.tpx21381118b0,Triplex,2,1,1,156.0,True,False,0.1622341369734382
Line.tpx21381118b0,Triplex,2,2,2,156.0,True,False,0.011491329625253545
Line.tpx21382813a0,Triplex,1,1,1,156.0,True,True,0.055616975597426975
Line.tpx21382813a0,Triplex,1,2,2,156.0,True,True,0.35416319799649326
Line.tpx21382813a0,Triplex,2,1,1,156.0,True,False,0.055616994370334696
Line.tpx21382813a0,Triplex,2,2,2,156.0,True,False,0.3541632170105385
Line.tpx21382992a0,Triplex,1,1,1,156.0,True,True,0.024645848355093966
Line.tpx21382992a0,Triplex,1,2,2,156.0,True,True,0.24134949954022863
Line.tpx21382992a0,Triplex,2,1,1,156.0,True,False,0.02464586765008309
Line.tpx21382992a0,Triplex,2,2,2,156.0,True,False,0.2413495190235313
Line.tpx21383494b0,Triplex,1,1,1,156.0,True,True,0.06009287124947457
Line.tpx21383494b0,Triplex,1,2,2,156.0,True,True,0.23033595703864898
Line.tpx21383494b0,Triplex,2,1,1,156.0,True,False,0.060092890620691376
Line.tpx21383494b0,Triplex,2,2,2,156.0,True,False,0.23033597655842059
Line.tpx21383553b0,Triplex,1,1,1,156.0,True,True,0.1484242581848595
Line.tpx21383553b0,Triplex,1,2,2,156.0,True,True,0.0256959236441538
Line.tpx21383553b0,Triplex,2,1,1,156.0,True,False,0.14842427770400585
Line.tpx21383553b0,Triplex,2,2,2,156.0,True,False,0.025695943048248508
Line.tpx21384099a0,Triplex,1,1,1,156.0,True,True,0.058309008055841736
Line.tpx21384099a0,Triplex,1,2,2,156.0,True,True,0.3439929726436624
Line.tpx21384099a0,Triplex,2,1,1,156.0,True,False,0.05830902717628463
Line.tpx21384099a0,Triplex,2,2,2,156.0,True,False,0.34399299199509653
Line.tpx21384099b0,Triplex,1,1,1,156.0,True,True,0.014025520694359238
Line.tpx21384099b0,Triplex,1,2,2,156.0,True,True,0.5804136200324588
Line.tpx21384099b0,Triplex,2,1,1,156.0,True,False,0.014025539659891891
Line.tpx21384099b0,Triplex,2,2,2,156.0,True,False,0.5804136394361095
Line.tpx21384099c0,Triplex,1,1,1,156.0,True,True,0.3624462386908771
Line.tpx21384099c0,Triplex,1,2,2,156.0,True,True,0.09434348776966213
Line.tpx21384099c0,Triplex,2,1,1,156.0,True,False,0.3624462582169482
Line.tpx21384099c0,Triplex,2,2,2,156.0,True,False,0.09434350708552562
Line.tpx21384215a0,Triplex,1,1,1,156.0,True,True,0.03582101663457488
Line.tpx21384215a0,Triplex,1,2,2,156.0,True,True,0.1232958015287527
Line.tpx21384215a0,Triplex,2,1,1,156.0,True,False,0.035821035969844234
Line.tpx21384215a0,Triplex,2,2,2,156.0,True,False,0.12329582095172423
Line.tpx21385192c0,Triplex,1,1,1,156.0,True,True,0.1647253432668911
Line.tpx21385192c0,Triplex,1,2,2,156.0,True,True,0.01802263381643177
Line.tpx21385192c0,Triplex,2,1,1,156.0,True,False,0.16472536272135363
Line.tpx21385192c0,Triplex,2,2,2,156.0,True,False,0.018022653132689286
Line.tpx21386065c0,Triplex,1,1,1,156.0,True,True,0.11383979040522774
Line.tpx21386065c0,Triplex,1,2,2,156.0,True,True,0.186312961472393
Line.tpx21386065c0,Triplex,2,1,1,156.0,True,False,0.11383981000133706
Line.tpx21386065c0,Triplex,2,2,2,156.0,True,False,0.1863129811336572
Line.tpx21386143c0,Triplex,1,1,1,156.0,True,True,0.021245132247902455
Line.tpx21386143c0,Triplex,1,2,2,156.0,True,True,0.15901621136125632
Line.tpx21386143c0,Triplex,2,1,1,156.0,True,False,0.021245151824087434
Line.tpx21386143c0,Triplex,2,2,2,156.0,True,False,0.1590162310736712
Line.tpx21386157a0,Triplex,1,1,1,156.0,True,True,0.08368810591745178
Line.tpx21386157a0,Triplex,1,2,2,156.0,True,True,0.1868854123871096
Line.tpx21386157a0,Triplex,2,1,1,156.0,True,False,0.08368812487213381
Line.tpx21386157a0,Triplex,2,2,2,156.0,True,False,0.18688543143309067
Line.tpx21386442c0,Triplex,1,1,1,156.0,True,True,0.31858343267472133
Line.tpx21386442c0,Triplex,1,2,2,156.0,True,True,0.1351765049496691
Line.tpx21386442c0,Triplex,2,1,1,156.0,True,False,0.3185834522602901
Line.tpx21386442c0,Triplex,2,2,2,156.0,True,False,0.13517652439248581
Line.tpx21386552b0,Triplex,1,1,1,156.0,True,True,0.012622130825444488
Line.tpx21386552b0,Triplex,1,2,2,156.0,True,True,0.16424889368552995
Line.tpx21386552b0,Triplex,2,1,1,156.0,True,False,0.012622149932286865
Line.tpx21386552b0,Triplex,2,2,2,156.0,True,False,0.16424891294199745
Line.tpx21386754a0,Triplex,1,1,1,156.0,True,True,0.0052426260686577065
Line.tpx21386754a0,Triplex,1,2,2,156.0,True,True,0.2618855951669241
Line.tpx21386754a0,Triplex,2,1,1,156.0,True,False,0.005242645296386077
Line.tpx21386754a0,Triplex,2,2,2,156.0,True,False,0.2618856146174823
Line.tpx21386771b0,Triplex,1,1,1,156.0,True,True,0.16296981106603292
Line.tpx21386771b0,Triplex,1,2,2,156.0,True,True,0.012883571311554555
Line.tpx21386771b0,Triplex,2,1,1,156.0,True,False,0.1629698304289453
Line.tpx21386771b0,Triplex,2,2,2,156.0,True,False,0.012883590532898092
Line.tpx21386877a0,Triplex,1,1,1,156.0,True,True,0.0224665429163447
Line.tpx21386877a0,Triplex,1,2,2,156.0,True,True,0.13415342809139588
Line.tpx21386877a0,Triplex,2,1,1,156.0,True,False,0.022466562564476475
Line.tpx21386877a0,Triplex,2,2,2,156.0,True,False,0.13415344785070035
Line.tpx21386976a0,Triplex,1,1,1,156.0,True,True,0.01872606842493334
Line.tpx21386976a0,Triplex,1,2,2,156.0,True,True,0.142453711179612
Line.tpx21386976a0,Triplex,2,1,1,156.0,True,False,0.01872608751946982
Line.tpx21386976a0,Triplex,2,2,2,156.0,True,False,0.14245373039682852
Line.tpx21387206c0,Triplex,1,1,1,156.0,True,True,0.0011371623693242582
Line.tpx21387206c0,Triplex,1,2,2,156.0,True,True,0.18060659467494455
Line.tpx21387206c0,Triplex,2,1,1,156.0,True,False,0.0011371818006107746
Line.tpx21387206c0,Triplex,2,2,2,156.0,True,False,0.18060661428516633
Line.tpx21387929c0,Triplex,1,1,1,156.0,True,True,0.15593685107272895
Line.tpx21387929c0,Triplex,1,2,2,156.0,True,True,0.02672918085148992
Line.tpx21387929c0,Triplex,2,1,1,156.0,True,False,0.1559368705136379
Line.tpx21387929c0,Triplex,2,2,2,156.0,True,False,0.026729200171097627
Line.tpx21388572b0,Triplex,1,1,1,156.0,True,True,0.282784478662452
Line.tpx21388572b0,Triplex,1,2,2,156.0,True,True,0.012738225850208477
Line.tpx21388572b0,Triplex,2,1,1,156.0,True,False,0.282784497955793
Line.tpx21388572b0,Triplex,2,2,2,156.0,True,False,0.012738244916330271
Line.tpx21389092b0,Triplex,1,1,1,156.0,True,True,0.04448670180355685
Line.tpx21389092b0,Triplex,1,2,2,156.0,True,True,0.24640975109867064
Line.tpx21389092b0,Triplex,2,1,1,156.0,True,False,0.04448672114856205
Line.tpx21389092b0,Triplex,2,2,2,156.0,True,False,0.24640977061924743
Line.tpx21389237a0,Triplex,1,1,1,156.0,True,True,0.19161027719274307
Line.tpx21389237a0,Triplex,1,2,2,156.0,True,True,0.07306496987185292
Line.tpx21389237a0,Triplex,2,1,1,156.0,True,False,0.19161029667118254
Line.tpx21389237a0,Triplex,2,2,2,156.0,True,False,0.0730649892524262
Line.tpx21389307c0,Triplex,1,1,1,156.0,True,True,0.1404628085231452
Line.tpx21389307c0,Triplex,1,2,2,156.0,True,True,0.15968795061072794
Line.tpx21389307c0,Triplex,2,1,1,156.0,True,False,0.14046282813471778
Line.tpx21389307c0,Triplex,2,2,2,156.0,True,False,0.15968797024204642
Line.tpx21389761b0,Triplex,1,1,1,156.0,True,True,0.018868916651113433
Line.tpx21389761b0,Triplex,1,2,2,156.0,True,True,0.2722934614169683
Line.tpx21389761b0,Triplex,2,1,1,156.0,True,False,0.018868935993150076
Line.tpx21389761b0,Triplex,2,2,2,156.0,True,False,0.27229348097861006
Line.tpx21389831a0,Triplex,1,1,1,156.0,True,True,0.03328986883863726
Line.tpx21389831a0,Triplex,1,2,2,156.0,True,True,0.12532237611746974
Line.tpx21389831a0,Triplex,2,1,1,156.0,True,False,0.03328988823596471
Line.tpx21389831a0,Triplex,2,2,2,156.0,True,False,0.12532239560690345
Line.tpx21389962c0,Triplex,1,1,1,156.0,True,True,0.11790678897998642
Line.tpx21389962c0,Triplex,1,2,2,156.0,True,True,0.06298912223909069
Line.tpx21389962c0,Triplex,2,1,1,156.0,True,False,0.11790680853491402
Line.tpx21389962c0,Triplex,2,2,2,156.0,True,False,0.06298914174439486
Line.tpx21390038c0,Triplex,1,1,1,156.0,True,True,0.19182883338281131
Line.tpx21390038c0,Triplex,1,2,2,156.0,True,True,0.10766991321065614
Line.tpx21390038c0,Triplex,2,1,1,156.0,True,False,0.19182885309160047
Line.tpx21390038c0,Triplex,2,2,2,156.0,True,False,0.10766993285099971
Line.tpx21391094a0,Triplex,1,1,1,156.0,True,True,0.1468718853070026
Line.tpx21391094a0,Triplex,1,2,2,156.0,True,True,0.010568210082021781
Line.tpx21391094a0,Triplex,2,1,1,156.0,True,False,0.14687190499335
Line.tpx21391094a0,Triplex,2,2,2,156.0,True,False,0.010568229640023194
Line.tpx21391242b0,Triplex,1,1,1,156.0,True,True,0.20835294560475787
Line.tpx21391242b0,Triplex,1,2,2,156.0,True,True,0.08186400990006759
Line.tpx21391242b0,Triplex,2,1,1,156.0,True,False,0.20835296509680218
Line.tpx21391242b0,Triplex,2,2,2,156.0,True,False,0.08186402928752214
Line.tpx21391390b0,Triplex,1,1,1,156.0,True,True,0.0181533793813518
Line.tpx21391390b0,Triplex,1,2,2,156.0,True,True,0.27323091736696054
Line.tpx21391390b0,Triplex,2,1,1,156.0,True,False,0.018153398709209696
Line.tpx21391390b0,Triplex,2,2,2,156.0,True,False,0.27323093691583417
Line.tpx21393412b0,Triplex,1,1,1,156.0,True,True,0.24860997904321877
Line.tpx21393412b0,Triplex,1,2,2,156.0,True,True,0.03870517661477154
Line.tpx21393412b0,Triplex,2,1,1,156.0,True,False,0.24860999881179355
Line.tpx21393412b0,Triplex,2,2,2,156.0,True,False,0.03870519620759198
Line.tpx21393454b0,Triplex,1,1,1,156.0,True,True,0.054707301384169
Line.tpx21393454b0,Triplex,1,2,2,156.0,True,True,0.37743723654279965
Line.tpx21393454b0,Triplex,2,1,1,156.0,True,False,0.05470732091390239
Line.tpx21393454b0,Triplex,2,2,2,156.0,True,False,0.37743725633304964
Line.tpx21393486c0,Triplex,1,1,1,156.0,True,True,0.13928333430667955
Line.tpx21393486c0,Triplex,1,2,2,156.0,True,True,0.041062640977874036
Line.tpx21393486c0,Triplex,2,1,1,156.0,True,False,0.13928335396125854
Line.tpx21393486c0,Triplex,2,2,2,156.0,True,False,0.04106266054109308
Line.tpx21393570c0,Triplex,1,1,1,156.0,True,True,0.040378328069759634
Line.tpx21393570c0,Triplex,1,2,2,156.0,True,True,0.141094890036131
Line.tpx21393570c0,Triplex,2,1,1,156.0,True,False,0.04037834750756335
Line.tpx21393570c0,Triplex,2,2,2,156.0,True,False,0.1410949095743699
Line.tpx21393643a0,Triplex,1,1,1,156.0,True,True,0.1768728146816705
Line.tpx21393643a0,Triplex,1,2,2,156.0,True,True,0.09094798818748921
Line.tpx21393643a0,Triplex,2,1,1,156.0,True,False,0.17687283390684147
Line.tpx21393643a0,Triplex,2,2,2,156.0,True,False,0.09094800734260602
Line.tpx21393643b0,Triplex,1,1,1,156.0,True,True,0.046810907234410525
Line.tpx21393643b0,Triplex,1,2,2,156.0,True,True,0.2438886600737319
Line.tpx21393643b0,Triplex,2,1,1,156.0,True,False,0.04681092659157881
Line.tpx21393643b0,Triplex,2,2,2,156.0,True,False,0.2438886796023649
Line.tpx21393643c0,Triplex,1,1,1,156.0,True,True,0.30085953215520517
Line.tpx21393643c0,Triplex,1,2,2,156.0,True,True,0.15503676628986865
Line.tpx21393643c0,Triplex,2,1,1,156.0,True,False,0.30085955162293665
Line.tpx21393643c0,Triplex,2,2,2,156.0,True,False,0.15503678564479506
Line.tpx21395720c0,Triplex,1,1,1,156.0,True,True,0.15255557192006283
Line.tpx21395720c0,Triplex,1,2,2,156.0,True,True,0.028089659322496133
Line.tpx21395720c0,Triplex,2,1,1,156.0,True,False,0.1525555915717724
Line.tpx21395720c0,Triplex,2,2,2,156.0,True,False,0.028089678857522546
Line.tpx21395962a0,Triplex,1,1,1,156.0,True,True,0.05358972043202559
Line.tpx21395962a0,Triplex,1,2,2,156.0,True,True,0.2101250159876596
Line.tpx21395962a0,Triplex,2,1,1,156.0,True,False,0.05358973988128708
Line.tpx21395962a0,Triplex,2,2,2,156.0,True,False,0.2101250355738695
Line.tpx21396015a0,Triplex,1,1,1,156.0,True,True,0.14797850653369155
Line.tpx21396015a0,Triplex,1,2,2,156.0,True,True,0.1156123332168127
Line.tpx21396015a0,Triplex,2,1,1,156.0,True,False,0.1479785260323981
Line.tpx21396015a0,Triplex,2,2,2,156.0,True,False,0.1156123526912095
Line.tpx21396254a0,Triplex,1,1,1,156.0,True,True,0.09596501400683419
Line.tpx21396254a0,Triplex,1,2,2,156.0,True,True,0.060738515421752196
Line.tpx21396254a0,Triplex,2,1,1,156.0,True,False,0.09596503367860837
Line.tpx21396254a0,Triplex,2,2,2,156.0,True,False,0.060738535062907224
Line.tpx21396331b0,Triplex,1,1,1,156.0,True,True,0.22784941056897004
Line.tpx21396331b0,Triplex,1,2,2,156.0,True,True,0.062186230138837395
Line.tpx21396331b0,Triplex,2,1,1,156.0,True,False,0.22784943010801362
Line.tpx21396331b0,Triplex,2,2,2,156.0,True,False,0.06218624953986947
Line.tpx21396606c0,Triplex,1,1,1,156.0,True,True,0.06888121672119044
Line.tpx21396606c0,Triplex,1,2,2,156.0,True,True,0.23317439867317047
Line.tpx21396606c0,Triplex,2,1,1,156.0,True,False,0.06888123618748891
Line.tpx21396606c0,Triplex,2,2,2,156.0,True,False,0.23317441828291932
Line.tpx21396699b0,Triplex,1,1,1,156.0,True,True,0.05721795011675294
Line.tpx21396699b0,Triplex,1,2,2,156.0,True,True,0.2378620267165347
Line.tpx21396699b0,Triplex,2,1,1,156.0,True,False,0.05721796918319622
Line.tpx21396699b0,Triplex,2,2,2,156.0,True,False,0.23786204594032379
Line.tpx21396796b0,Triplex,1,1,1,156.0,True,True,0.24588990771753097
Line.tpx21396796b0,Triplex,1,2,2,156.0,True,True,0.04934815906460747
Line.tpx21396796b0,Triplex,2,1,1,156.0,True,False,0.24588992694460715
Line.tpx21396796b0,Triplex,2,2,2,156.0,True,False,0.04934817812730773
Line.tpx21396815c0,Triplex,1,1,1,156.0,True,True,0.0015271199047002556
Line.tpx21396815c0,Triplex,1,2,2,156.0,True,True,0.17880917424662757
Line.tpx21396815c0,Triplex,2,1,1,156.0,True,False,0.001527139487643211
Line.tpx21396815c0,Triplex,2,2,2,156.0,True,False,0.17880919400578202
Line.tpx21396867a0,Triplex,1,1,1,156.0,True,True,0.041771906954403186
Line.tpx21396867a0,Triplex,1,2,2,156.0,True,True,0.22558287173750174
Line.tpx21396867a0,Triplex,2,1,1,156.0,True,False,0.0417719261425308
Line.tpx21396867a0,Triplex,2,2,2,156.0,True,False,0.22558289108580135
Line.tpx21396959a0,Triplex,1,1,1,156.0,True,True,0.2299014146249195
Line.tpx21396959a0,Triplex,1,2,2,156.0,True,True,0.03746718764493301
Line.tpx21396959a0,Triplex,2,1,1,156.0,True,False,0.22990143397896062
Line.tpx21396959a0,Triplex,2,2,2,156.0,True,False,0.03746720683801167
Line.tpx21397005a0,Triplex,1,1,1,156.0,True,True,0.30080066819846274
Line.tpx21397005a0,Triplex,1,2,2,156.0,True,True,0.10018692533530862
Line.tpx21397005a0,Triplex,2,1,1,156.0,True,False,0.30080068753224914
Line.tpx21397005a0,Triplex,2,2,2,156.0,True,False,0.10018694451246425
Line.tpx21397029a0,Triplex,1,1,1,156.0,True,True,0.2100497452344285
Line.tpx21397029a0,Triplex,1,2,2,156.0,True,True,0.05700329016807649
Line.tpx21397029a0,Triplex,2,1,1,156.0,True,False,0.2100497645709889
Line.tpx21397029a0,Triplex,2,2,2,156.0,True,False,0.05700330937729717
Line.tpx21397067a0,Triplex,1,1,1,156.0,True,True,0.07866657066951777
Line.tpx21397067a0,Triplex,1,2,2,156.0,True,True,0.08048110225262214
Line.tpx21397067a0,Triplex,2,1,1,156.0,True,False,0.07866659001765013
Line.tpx21397067a0,Triplex,2,2,2,156.0,True,False,0.08048112160580315
Line.tpx21397121c0,Triplex,1,1,1,156.0,True,True,0.017240096267599803
Line.tpx21397121c0,Triplex,1,2,2,156.0,True,True,0.16307006503211918
Line.tpx21397121c0,Triplex,2,1,1,156.0,True,False,0.01724011584112376
Line.tpx21397121c0,Triplex,2,2,2,156.0,True,False,0.16307008474968912
Line.tpx21397304a0,Triplex,1,1,1,156.0,True,True,0.08697070661145827
Line.tpx21397304a0,Triplex,1,2,2,156.0,True,True,0.07371826997188803
Line.tpx21397304a0,Triplex,2,1,1,156.0,True,False,0.08697072578202228
Line.tpx21397304a0,Triplex,2,2,2,156.0,True,False,0.07371828913293461
Line.tpx21397544a0,Triplex,1,1,1,156.0,True,True,0.02275149251219754
Line.tpx21397544a0,Triplex,1,2,2,156.0,True,True,0.1380607113480663
Line.tpx21397544a0,Triplex,2,1,1,156.0,True,False,0.022751511648067223
Line.tpx21397544a0,Triplex,2,2,2,156.0,True,False,0.13806073059848126
Line.tpx21397645a0,Triplex,1,1,1,156.0,True,True,0.12574114515775742
Line.tpx21397645a0,Triplex,1,2,2,156.0,True,True,0.14206030632785
Line.tpx21397645a0,Triplex,2,1,1,156.0,True,False,0.12574116432831203
Line.tpx21397645a0,Triplex,2,2,2,156.0,True,False,0.1420603255155886
Line.tpx21397721a0,Triplex,1,1,1,156.0,True,True,0.04517059450085792
Line.tpx21397721a0,Triplex,1,2,2,156.0,True,True,0.11564420420066192
Line.tpx21397721a0,Triplex,2,1,1,156.0,True,False,0.04517061363127648
Line.tpx21397721a0,Triplex,2,2,2,156.0,True,False,0.1156442234023299
Line.tpx21397771a0,Triplex,1,1,1,156.0,True,True,0.14518278968716036
Line.tpx21397771a0,Triplex,1,2,2,156.0,True,True,0.015978669108331237
Line.tpx21397771a0,Triplex,2,1,1,156.0,True,False,0.1451828089112658
Line.tpx21397771a0,Triplex,2,2,2,156.0,True,False,0.015978688210983288
Line.tpx21398402a0,Triplex,1,1,1,156.0,True,True,0.09141629154261816
Line.tpx21398402a0,Triplex,1,2,2,156.0,True,True,0.06919970195038114
Line.tpx21398402a0,Triplex,2,1,1,156.0,True,False,0.09141631072726038
Line.tpx21398402a0,Triplex,2,2,2,156.0,True,False,0.06919972111687415
Line.tpx21398536a0,Triplex,1,1,1,156.0,True,True,0.149539279034251
Line.tpx21398536a0,Triplex,1,2,2,156.0,True,True,0.011618628452785428
Line.tpx21398536a0,Triplex,2,1,1,156.0,True,False,0.14953929827053936
Line.tpx21398536a0,Triplex,2,2,2,156.0,True,False,0.011618647559145613
Line.tpx21398563a0,Triplex,1,1,1,156.0,True,True,0.25586592186935697
Line.tpx21398563a0,Triplex,1,2,2,156.0,True,True,0.014456477565450227
Line.tpx21398563a0,Triplex,2,1,1,156.0,True,False,0.2558659410701032
Line.tpx21398563a0,Triplex,2,2,2,156.0,True,False,0.014456496563323956
Line.tpx21398646b0,Triplex,1,1,1,156.0,True,True,0.013302491051729759
Line.tpx21398646b0,Triplex,1,2,2,156.0,True,True,0.28395850074835155
Line.tpx21398646b0,Triplex,2,1,1,156.0,True,False,0.0133025100018724
Line.tpx21398646b0,Triplex,2,2,2,156.0,True,False,0.28395851993272814
Line.tpx21398676a0,Triplex,1,1,1,156.0,True,True,0.15626990182757924
Line.tpx21398676a0,Triplex,1,2,2,156.0,True,True,0.004829753953065682
Line.tpx21398676a0,Triplex,2,1,1,156.0,True,False,0.15626992109000473
Line.tpx21398676a0,Triplex,2,2,2,156.0,True,False,0.004829773072180611
Line.tpx21398815a0,Triplex,1,1,1,156.0,True,True,0.12476652941544718
Line.tpx21398815a0,Triplex,1,2,2,156.0,True,True,0.14304785684699614
Line.tpx21398815a0,Triplex,2,1,1,156.0,True,False,0.12476654858433986
Line.tpx21398815a0,Triplex,2,2,2,156.0,True,False,0.14304787603475538
Line.tpx21399099a0,Triplex,1,1,1,156.0,True,True,0.056351040566414455
Line.tpx21399099a0,Triplex,1,2,2,156.0,True,True,0.10238441836512314
Line.tpx21399099a0,Triplex,2,1,1,156.0,True,False,0.05635105995020483
Line.tpx21399099a0,Triplex,2,2,2,156.0,True,False,0.10238443779662496
Line.tpx21399112c0,Triplex,1,1,1,156.0,True,True,0.30035218880832193
Line.tpx21399112c0,Triplex,1,2,2,156.0,True,True,0.0031302994462949715
Line.tpx21399112c0,Triplex,2,1,1,156.0,True,False,0.3003522084732276
Line.tpx21399112c0,Triplex,2,2,2,156.0,True,False,0.0031303188601316425
Line.tpx21399171c0,Triplex,1,1,1,156.0,True,True,0.15736304034194915
Line.tpx21399171c0,Triplex,1,2,2,156.0,True,True,0.023805544114194662
Line.tpx21399171c0,Triplex,2,1,1,156.0,True,False,0.1573630599482752
Line.tpx21399171c0,Triplex,2,2,2,156.0,True,False,0.02380556359504446
Line.tpx21399220c0,Triplex,1,1,1,156.0,True,True,0.15044386769897986
Line.tpx21399220c0,Triplex,1,2,2,156.0,True,True,0.030632204399265443
Line.tpx21399220c0,Triplex,2,1,1,156.0,True,False,0.15044388729858812
Line.tpx21399220c0,Triplex,2,2,2,156.0,True,False,0.030632223886678942
Line.tpx21399229a0,Triplex,1,1,1,156.0,True,True,0.054547968866000045
Line.tpx21399229a0,Triplex,1,2,2,156.0,True,True,0.10598726366917105
Line.tpx21399229a0,Triplex,2,1,1,156.0,True,False,0.054547988031490725
Line.tpx21399229a0,Triplex,2,2,2,156.0,True,False,0.10598728288755196
Line.tpx21399305a0,Triplex,1,1,1,156.0,True,True,0.014846588851959174
Line.tpx21399305a0,Triplex,1,2,2,156.0,True,True,0.2543464330615767
Line.tpx21399305a0,Triplex,2,1,1,156.0,True,False,0.01484660792483997
Line.tpx21399305a0,Triplex,2,2,2,156.0,True,False,0.2543464523422436
Line.tpx21399326c0,Triplex,1,1,1,156.0,True,True,0.26143716873995015
Line.tpx21399326c0,Triplex,1,2,2,156.0,True,True,0.04320653726785509
Line.tpx21399326c0,Triplex,2,1,1,156.0,True,False,0.2614371882354032
Line.tpx21399326c0,Triplex,2,2,2,156.0,True,False,0.043206556580490836
Line.tpx21399361b0,Triplex,1,1,1,156.0,True,True,0.1605248948238196
Line.tpx21399361b0,Triplex,1,2,2,156.0,True,True,0.13152168284166466
Line.tpx21399361b0,Triplex,2,1,1,156.0,True,False,0.1605249141287148
Line.tpx21399361b0,Triplex,2,2,2,156.0,True,False,0.13152170212511646
Line.tpx21399508a0,Triplex,1,1,1,156.0,True,True,0.0590577788170368
Line.tpx21399508a0,Triplex,1,2,2,156.0,True,True,0.09992306252917166
Line.tpx21399508a0,Triplex,2,1,1,156.0,True,False,0.05905779817194563
Line.tpx21399508a0,Triplex,2,2,2,156.0,True,False,0.09992308192679457
Line.tpx21399619c0,Triplex,1,1,1,156.0,True,True,0.1938859457875346
Line.tpx21399619c0,Triplex,1,2,2,156.0,True,True,0.1077100118892114
Line.tpx21399619c0,Triplex,2,1,1,156.0,True,False,0.19388596536111666
Line.tpx21399619c0,Triplex,2,2,2,156.0,True,False,0.10771003139262222
Line.tpx21399630a0,Triplex,1,1,1,156.0,True,True,0.048706344222516476
Line.tpx21399630a0,Triplex,1,2,2,156.0,True,True,0.11101667770727892
Line.tpx21399630a0,Triplex,2,1,1,156.0,True,False,0.048706363484256776
Line.tpx21399630a0,Triplex,2,2,2,156.0,True,False,0.11101669703241236
Line.tpx21399707a0,Triplex,1,1,1,156.0,True,True,0.22221859259674892
Line.tpx21399707a0,Triplex,1,2,2,156.0,True,True,0.04472085953018553
Line.tpx21399707a0,Triplex,2,1,1,156.0,True,False,0.22221861196584272
Line.tpx21399707a0,Triplex,2,2,2,156.0,True,False,0.04472087875106764
Line.tpx21399752a0,Triplex,1,1,1,156.0,True,True,0.2385358646434423
Line.tpx21399752a0,Triplex,1,2,2,156.0,True,True,0.028742481870824507
Line.tpx21399752a0,Triplex,2,1,1,156.0,True,False,0.23853588402339043
Line.tpx21399752a0,Triplex,2,2,2,156.0,True,False,0.028742501074967137
Line.tpx21399762a0,Triplex,1,1,1,156.0,True,True,0.03769926939897807
Line.tpx21399762a0,Triplex,1,2,2,156.0,True,True,0.1219689602246084
Line.tpx21399762a0,Triplex,2,1,1,156.0,True,False,0.037699288667155204
Line.tpx21399762a0,Triplex,2,2,2,156.0,True,False,0.12196897957736945
Line.tpx21399809a0,Triplex,1,1,1,156.0,True,True,0.04933513030899267
Line.tpx21399809a0,Triplex,1,2,2,156.0,True,True,0.11017502932001906
Line.tpx21399809a0,Triplex,2,1,1,156.0,True,False,0.049335149596577366
Line.tpx21399809a0,Triplex,2,2,2,156.0,True,False,0.11017504866960184
Line.tpx21399826a0,Triplex,1,1,1,156.0,True,True,0.18685320276189163
Line.tpx21399826a0,Triplex,1,2,2,156.0,True,True,0.07953494146675864
Line.tpx21399826a0,Triplex,2,1,1,156.0,True,False,0.1868532221064037
Line.tpx21399826a0,Triplex,2,2,2,156.0,True,False,0.07953496072296973
Line.tpx21400108b0,Triplex,1,1,1,156.0,True,True,0.15658674004858542
Line.tpx21400108b0,Triplex,1,2,2,156.0,True,True,0.019593316928334714
Line.tpx21400108b0,Triplex,2,1,1,156.0,True,False,0.1565867593582884
Line.tpx21400108b0,Triplex,2,2,2,156.0,True,False,0.019593336109160173
Line.tpx21400185a0,Triplex,1,1,1,156.0,True,True,0.18261693656009953
Line.tpx21400185a0,Triplex,1,2,2,156.0,True,True,0.08319534085497862
Line.tpx21400185a0,Triplex,2,1,1,156.0,True,False,0.18261695594016342
Line.tpx21400185a0,Triplex,2,2,2,156.0,True,False,0.08319536015348224
Line.tpx21400215b0,Triplex,1,1,1,156.0,True,True,0.5276374618611573
Line.tpx21400215b0,Triplex,1,2,2,156.0,True,True,0.059656076788156036
Line.tpx21400215b0,Triplex,2,1,1,156.0,True,False,0.5276374813859717
Line.tpx21400215b0,Triplex,2,2,2,156.0,True,False,0.059656095957004565
Line.tpx21400253b0,Triplex,1,1,1,580.0,True,True,0.1212763941745584
Line.tpx21400253b0,Triplex,1,2,2,580.0,True,True,0.19085135185043095
Line.tpx21400253b0,Triplex,2,1,1,580.0,True,False,0.12127639939680285
Line.tpx21400253b0,Triplex,2,2,2,580.0,True,False,0.19085135708108905
Line.tpx21426205b0,Triplex,1,1,1,156.0,True,True,0.21286834520419304
Line.tpx21426205b0,Triplex,1,2,2,156.0,True,True,0.07955899800335942
Line.tpx21426205b0,Triplex,2,1,1,156.0,True,False,0.21286836455521246
Line.tpx21426205b0,Triplex,2,2,2,156.0,True,False,0.07955901724395968
Line.tpx21451973b0,Triplex,1,1,1,156.0,True,True,0.12393306325345069
Line.tpx21451973b0,Triplex,1,2,2,156.0,True,True,0.05128233458500281
Line.tpx21451973b0,Triplex,2,1,1,156.0,True,False,0.1239330825976815
Line.tpx21451973b0,Triplex,2,2,2,156.0,True,False,0.051282353862493794
Line.tpx21452406b0,Triplex,1,1,1,156.0,True,True,0.1388475643471227
Line.tpx21452406b0,Triplex,1,2,2,156.0,True,True,0.15297249194111284
Line.tpx21452406b0,Triplex,2,1,1,156.0,True,False,0.13884758364748384
Line.tpx21452406b0,Triplex,2,2,2,156.0,True,False,0.15297251125681965
Line.tpx21455388c0,Triplex,1,1,1,156.0,True,True,0.4500545040447911
Line.tpx21455388c0,Triplex,1,2,2,156.0,True,True,0.009783145624707347
Line.tpx21455388c0,Triplex,2,1,1,156.0,True,False,0.45005452362459597
Line.tpx21455388c0,Triplex,2,2,2,156.0,True,False,0.009783164856961058
Line.tpx21458756c0,Triplex,1,1,1,156.0,True,True,0.20515680582869394
Line.tpx21458756c0,Triplex,1,2,2,156.0,True,True,0.7151803339144892
Line.tpx21458756c0,Triplex,2,1,1,156.0,True,False,0.20515682498596363
Line.tpx21458756c0,Triplex,2,2,2,156.0,True,False,0.715180353450837
Line.tpx21459629c0,Triplex,1,1,1,156.0,True,True,0.6016833568693603
Line.tpx21459629c0,Triplex,1,2,2,156.0,True,True,0.3153434785242411
Line.tpx21459629c0,Triplex,2,1,1,156.0,True,False,0.6016833763126594
Line.tpx21459629c0,Triplex,2,2,2,156.0,True,False,0.315343497759841
Line.tpx21459640c0,Triplex,1,1,1,156.0,True,True,0.2486382897885043
Line.tpx21459640c0,Triplex,1,2,2,156.0,True,True,0.20683365417759342
Line.tpx21459640c0,Triplex,2,1,1,156.0,True,False,0.2486383092144189
Line.tpx21459640c0,Triplex,2,2,2,156.0,True,False,0.2068336735735245
Line.tpx21459651c0,Triplex,1,1,1,156.0,True,True,0.26220393717908674
Line.tpx21459651c0,Triplex,1,2,2,156.0,True,True,0.6564513369899659
Line.tpx21459651c0,Triplex,2,1,1,156.0,True,False,0.2622039563689552
Line.tpx21459651c0,Triplex,2,2,2,156.0,True,False,0.656451356473603
Line.tpx21459660c0,Triplex,1,1,1,156.0,True,True,0.9230818703949211
Line.tpx21459660c0,Triplex,1,2,2,156.0,True,True,0.009903662824945446
Line.tpx21459660c0,Triplex,2,1,1,156.0,True,False,0.9230818900612411
Line.tpx21459660c0,Triplex,2,2,2,156.0,True,False,0.009903681821563192
Line.tpx21467859b0,Triplex,1,1,1,156.0,True,True,0.23338466705383829
Line.tpx21467859b0,Triplex,1,2,2,156.0,True,True,0.202331308862212
Line.tpx21467859b0,Triplex,2,1,1,156.0,True,False,0.2333846864630165
Line.tpx21467859b0,Triplex,2,2,2,156.0,True,False,0.202331328249966
Line.tpx21469911a0,Triplex,1,1,1,156.0,True,True,0.1746535353610969
Line.tpx21469911a0,Triplex,1,2,2,156.0,True,True,0.09684215807902273
Line.tpx21469911a0,Triplex,2,1,1,156.0,True,False,0.17465355432117596
Line.tpx21469911a0,Triplex,2,2,2,156.0,True,False,0.096842176975947
Line.tpx21469960b0,Triplex,1,1,1,156.0,True,True,0.005968201466114908
Line.tpx21469960b0,Triplex,1,2,2,156.0,True,True,0.29057212621941225
Line.tpx21469960b0,Triplex,2,1,1,156.0,True,False,0.005968220468247895
Line.tpx21469960b0,Triplex,2,2,2,156.0,True,False,0.29057214546796134
Line.tpx21470122b0,Triplex,1,1,1,156.0,True,True,0.1730682176927811
Line.tpx21470122b0,Triplex,1,2,2,156.0,True,True,0.0042555418841744635
Line.tpx21470122b0,Triplex,2,1,1,156.0,True,False,0.17306823692250287
Line.tpx21470122b0,Triplex,2,2,2,156.0,True,False,0.004255560953811457
Line.tpx21470326a0,Triplex,1,1,1,156.0,True,True,0.044497477044672204
Line.tpx21470326a0,Triplex,1,2,2,156.0,True,True,0.11529124749104651
Line.tpx21470326a0,Triplex,2,1,1,156.0,True,False,0.044497496298038446
Line.tpx21470326a0,Triplex,2,2,2,156.0,True,False,0.11529126681599759
Line.tpx21470405a0,Triplex,1,1,1,156.0,True,True,0.2185580136392717
Line.tpx21470405a0,Triplex,1,2,2,156.0,True,True,0.18029198567101365
Line.tpx21470405a0,Triplex,2,1,1,156.0,True,False,0.21855803296956508
Line.tpx21470405a0,Triplex,2,2,2,156.0,True,False,0.18029200497409045
Line.tpx21471907a0,Triplex,1,1,1,156.0,True,True,0.03807323063718669
Line.tpx21471907a0,Triplex,1,2,2,156.0,True,True,0.22803520719242854
Line.tpx21471907a0,Triplex,2,1,1,156.0,True,False,0.038073249916732436
Line.tpx21471907a0,Triplex,2,2,2,156.0,True,False,0.22803522663743556
Line.tpx21474556a0,Triplex,1,1,1,156.0,True,True,0.17702648614690245
Line.tpx21474556a0,Triplex,1,2,2,156.0,True,True,0.3505988236127161
Line.tpx21474556a0,Triplex,2,1,1,156.0,True,False,0.17702650558337005
Line.tpx21474556a0,Triplex,2,2,2,156.0,True,False,0.35059884318587503
Line.tpx21474587c0,Triplex,1,1,1,156.0,True,True,0.0749475860379445
Line.tpx21474587c0,Triplex,1,2,2,156.0,True,True,0.2298990997075598
Line.tpx21474587c0,Triplex,2,1,1,156.0,True,False,0.07494760532519179
Line.tpx21474587c0,Triplex,2,2,2,156.0,True,False,0.22989911913023192
Line.tpx21474614c0,Triplex,1,1,1,156.0,True,True,0.22378685936736303
Line.tpx21474614c0,Triplex,1,2,2,156.0,True,True,0.0790574084694531
Line.tpx21474614c0,Triplex,2,1,1,156.0,True,False,0.2237868789060719
Line.tpx21474614c0,Triplex,2,2,2,156.0,True,False,0.0790574278880514
Line.tpx21474711c0,Triplex,1,1,1,156.0,True,True,0.09745498392954466
Line.tpx21474711c0,Triplex,1,2,2,156.0,True,True,0.08230783211390115
Line.tpx21474711c0,Triplex,2,1,1,156.0,True,False,0.09745500358007368
Line.tpx21474711c0,Triplex,2,2,2,156.0,True,False,0.08230785175317512
Line.tpx21475841a0,Triplex,1,1,1,156.0,True,True,0.12962769901206464
Line.tpx21475841a0,Triplex,1,2,2,156.0,True,True,0.13503769229670468
Line.tpx21475841a0,Triplex,2,1,1,156.0,True,False,0.12962771841380066
Line.tpx21475841a0,Triplex,2,2,2,156.0,True,False,0.13503771170636972
Line.tpx21482181a0,Triplex,1,1,1,156.0,True,True,0.0003379981593087406
Line.tpx21482181a0,Triplex,1,2,2,156.0,True,True,0.2715709550245172
Line.tpx21482181a0,Triplex,2,1,1,156.0,True,False,0.00033801704630983056
Line.tpx21482181a0,Triplex,2,2,2,156.0,True,False,0.2715709741546846
Line.tpx21482279a0,Triplex,1,1,1,156.0,True,True,0.01428102104188506
Line.tpx21482279a0,Triplex,1,2,2,156.0,True,True,0.14727424598574526
Line.tpx21482279a0,Triplex,2,1,1,156.0,True,False,0.014281040095062258
Line.tpx21482279a0,Triplex,2,2,2,156.0,True,False,0.14727426517058406
Line.tpx21482431a0,Triplex,1,1,1,156.0,True,True,0.1427736242295402
Line.tpx21482431a0,Triplex,1,2,2,156.0,True,True,0.016230411425616625
Line.tpx21482431a0,Triplex,2,1,1,156.0,True,False,0.14277364370990756
Line.tpx21482431a0,Triplex,2,2,2,156.0,True,False,0.01623043078713145
Line.tpx21483138a0,Triplex,1,1,1,156.0,True,True,0.07101965327718009
Line.tpx21483138a0,Triplex,1,2,2,156.0,True,True,0.08850298916948826
Line.tpx21483138a0,Triplex,2,1,1,156.0,True,False,0.07101967257323397
Line.tpx21483138a0,Triplex,2,2,2,156.0,True,False,0.08850300848570915
Line.tpx21486213b0,Triplex,1,1,1,156.0,True,True,0.05643830213319244
Line.tpx21486213b0,Triplex,1,2,2,156.0,True,True,0.12073139858484531
Line.tpx21486213b0,Triplex,2,1,1,156.0,True,False,0.056438321194826356
Line.tpx21486213b0,Triplex,2,2,2,156.0,True,False,0.12073141771171635
Line.tpx223400157c0,Triplex,1,1,1,156.0,True,True,0.3768821416240399
Line.tpx223400157c0,Triplex,1,2,2,156.0,True,True,0.07596944442120135
Line.tpx223400157c0,Triplex,2,1,1,156.0,True,False,0.3768821613493161
Line.tpx223400157c0,Triplex,2,2,2,156.0,True,False,0.07596946391015541
Line.tpx225498968b0,Triplex,1,1,1,156.0,True,True,0.1483332140267952
Line.tpx225498968b0,Triplex,1,2,2,156.0,True,True,0.02883635660135786
Line.tpx225498968b0,Triplex,2,1,1,156.0,True,False,0.1483332332074305
Line.tpx225498968b0,Triplex,2,2,2,156.0,True,False,0.028836375670021158
Line.tpx225533162a0,Triplex,1,1,1,156.0,True,True,0.061122374870302816
Line.tpx225533162a0,Triplex,1,2,2,156.0,True,True,0.0964683073258783
Line.tpx225533162a0,Triplex,2,1,1,156.0,True,False,0.06112239439725822
Line.tpx225533162a0,Triplex,2,2,2,156.0,True,False,0.09646832689026098
Line.tpx225533215c0,Triplex,1,1,1,156.0,True,True,0.05514631208819749
Line.tpx225533215c0,Triplex,1,2,2,156.0,True,True,0.06459661460547518
Line.tpx225533215c0,Triplex,2,1,1,156.0,True,False,0.05514633175523727
Line.tpx225533215c0,Triplex,2,2,2,156.0,True,False,0.06459663428629482
Line.tpx225533237b0,Triplex,1,1,1,156.0,True,True,0.08698228907713067
Line.tpx225533237b0,Triplex,1,2,2,156.0,True,True,0.029447398702549893
Line.tpx225533237b0,Triplex,2,1,1,156.0,True,False,0.08698230846296942
Line.tpx225533237b0,Triplex,2,2,2,156.0,True,False,0.029447418028253295
Line.tpx225533337a0,Triplex,1,1,1,156.0,True,True,0.050307524702767975
Line.tpx225533337a0,Triplex,1,2,2,156.0,True,True,0.10816795196397294
Line.tpx225533337a0,Triplex,2,1,1,156.0,True,False,0.05030754411664486
Line.tpx225533337a0,Triplex,2,2,2,156.0,True,False,0.10816797143699129
Line.tpx225533423c0,Triplex,1,1,1,156.0,True,True,0.09113455101057095
Line.tpx225533423c0,Triplex,1,2,2,156.0,True,True,0.08974870633347548
Line.tpx225533423c0,Triplex,2,1,1,156.0,True,False,0.09113457053221143
Line.tpx225533423c0,Triplex,2,2,2,156.0,True,False,0.08974872585711077
Line.tpx225533531a0,Triplex,1,1,1,156.0,True,True,0.18255045216625168
Line.tpx225533531a0,Triplex,1,2,2,156.0,True,True,0.08481211767303662
Line.tpx225533531a0,Triplex,2,1,1,156.0,True,False,0.1825504714330439
Line.tpx225533531a0,Triplex,2,2,2,156.0,True,False,0.08481213685970146
Line.tpx225533675b0,Triplex,1,1,1,156.0,True,True,0.2798593638436744
Line.tpx225533675b0,Triplex,1,2,2,156.0,True,True,0.16334252601677163
Line.tpx225533675b0,Triplex,2,1,1,156.0,True,False,0.2798593829722809
Line.tpx225533675b0,Triplex,2,2,2,156.0,True,False,0.16334254505582455
Line.tpx225533703c0,Triplex,1,1,1,156.0,True,True,0.08295404996219671
Line.tpx225533703c0,Triplex,1,2,2,156.0,True,True,0.2198090848597969
Line.tpx225533703c0,Triplex,2,1,1,156.0,True,False,0.08295406938215534
Line.tpx225533703c0,Triplex,2,2,2,156.0,True,False,0.2198091043998086
Line.tpx225534325a0,Triplex,1,1,1,156.0,True,True,0.014831911517160203
Line.tpx225534325a0,Triplex,1,2,2,156.0,True,True,0.2508262590105072
Line.tpx225534325a0,Triplex,2,1,1,156.0,True,False,0.014831930843413629
Line.tpx225534325a0,Triplex,2,2,2,156.0,True,False,0.25082627854163303
Line.tpx225571845b0,Triplex,1,1,1,156.0,True,True,0.00029648248066812416
Line.tpx225571845b0,Triplex,1,2,2,156.0,True,True,0.17627165779381254
Line.tpx225571845b0,Triplex,2,1,1,156.0,True,False,0.00029650162238468303
Line.tpx225571845b0,Triplex,2,2,2,156.0,True,False,0.1762716771183394
Line.tpx225571871b0,Triplex,1,1,1,156.0,True,True,0.17427817348101962
Line.tpx225571871b0,Triplex,1,2,2,156.0,True,True,0.0022593482459977057
Line.tpx225571871b0,Triplex,2,1,1,156.0,True,False,0.17427819280072857
Line.tpx225571871b0,Triplex,2,2,2,156.0,True,False,0.0022593674019169667
Line.tpx225577437c0,Triplex,1,1,1,156.0,True,True,0.15221212049923957
Line.tpx225577437c0,Triplex,1,2,2,156.0,True,True,0.14932739322852032
Line.tpx225577437c0,Triplex,2,1,1,156.0,True,False,0.15221214002951602
Line.tpx225577437c0,Triplex,2,2,2,156.0,True,False,0.14932741275966474
Line.tpx225668688a0,Triplex,1,1,1,156.0,True,True,0.11622789335935566
Line.tpx225668688a0,Triplex,1,2,2,156.0,True,True,0.04550897480482541
Line.tpx225668688a0,Triplex,2,1,1,156.0,True,False,0.11622791244929327
Line.tpx225668688a0,Triplex,2,2,2,156.0,True,False,0.04550899382979559
Line.tpx225673440a0,Triplex,1,1,1,156.0,True,True,0.05856196335275099
Line.tpx225673440a0,Triplex,1,2,2,156.0,True,True,0.21174902815130808
Line.tpx225673440a0,Triplex,2,1,1,156.0,True,False,0.05856198232614409
Line.tpx225673440a0,Triplex,2,2,2,156.0,True,False,0.2117490472586644
Line.tpx225684682b0,Triplex,1,1,1,156.0,True,True,0.17430022432953987
Line.tpx225684682b0,Triplex,1,2,2,156.0,True,True,0.002240151762585876
Line.tpx225684682b0,Triplex,2,1,1,156.0,True,False,0.17430024364899316
Line.tpx225684682b0,Triplex,2,2,2,156.0,True,False,0.0022401709182113
Line.tpx225700953a0,Triplex,1,1,1,156.0,True,True,0.12853054029338154
Line.tpx225700953a0,Triplex,1,2,2,156.0,True,True,0.03030953114933477
Line.tpx225700953a0,Triplex,2,1,1,156.0,True,False,0.12853055975916114
Line.tpx225700953a0,Triplex,2,2,2,156.0,True,False,0.030309550523643456
Line.tpx225767272a0,Triplex,1,1,1,156.0,True,True,0.038936484074268855
Line.tpx225767272a0,Triplex,1,2,2,156.0,True,True,0.23153773423676918
Line.tpx225767272a0,Triplex,2,1,1,156.0,True,False,0.038936503042357795
Line.tpx225767272a0,Triplex,2,2,2,156.0,True,False,0.2315377533724714
Line.tpx225806974a0,Triplex,1,1,1,156.0,True,True,0.018298343190728664
Line.tpx225806974a0,Triplex,1,2,2,156.0,True,True,0.088652004335561
Line.tpx225806974a0,Triplex,2,1,1,156.0,True,False,0.018298362389597454
Line.tpx225806974a0,Triplex,2,2,2,156.0,True,False,0.08865202361535071
Line.tpx225869139a0,Triplex,1,1,1,156.0,True,True,0.10829154246154572
Line.tpx225869139a0,Triplex,1,2,2,156.0,True,True,0.05342877253244062
Line.tpx225869139a0,Triplex,2,1,1,156.0,True,False,0.10829156153932726
Line.tpx225869139a0,Triplex,2,2,2,156.0,True,False,0.05342879156056261
Line.tpx225897846a0,Triplex,1,1,1,156.0,True,True,0.061920883956133925
Line.tpx225897846a0,Triplex,1,2,2,156.0,True,True,0.09975886836486766
Line.tpx225897846a0,Triplex,2,1,1,156.0,True,False,0.06192090298859183
Line.tpx225897846a0,Triplex,2,2,2,156.0,True,False,0.09975888743706197
Line.tpx225897943c0,Triplex,1,1,1,156.0,True,True,0.49237093194410436
Line.tpx225897943c0,Triplex,1,2,2,156.0,True,True,0.1146246299289604
Line.tpx225897943c0,Triplex,2,1,1,156.0,True,False,0.49237095160472616
Line.tpx225897943c0,Triplex,2,2,2,156.0,True,False,0.11462464930300327
Line.tpx225901711a0,Triplex,1,1,1,156.0,True,True,0.04256973707641112
Line.tpx225901711a0,Triplex,1,2,2,156.0,True,True,0.11911094506259837
Line.tpx225901711a0,Triplex,2,1,1,156.0,True,False,0.04256975610420909
Line.tpx225901711a0,Triplex,2,2,2,156.0,True,False,0.11911096416748294
Line.tpx225906836c0,Triplex,1,1,1,156.0,True,True,0.11759854626404004
Line.tpx225906836c0,Triplex,1,2,2,156.0,True,True,0.18292261637433843
Line.tpx225906836c0,Triplex,2,1,1,156.0,True,False,0.11759856583767728
Line.tpx225906836c0,Triplex,2,2,2,156.0,True,False,0.18292263600702435
Line.tpx225918926b0,Triplex,1,1,1,156.0,True,True,0.08120934813213544
Line.tpx225918926b0,Triplex,1,2,2,156.0,True,True,0.09406324879468439
Line.tpx225918926b0,Triplex,2,1,1,156.0,True,False,0.08120936741338401
Line.tpx225918926b0,Triplex,2,2,2,156.0,True,False,0.09406326809161487
Line.tpx225918936c0,Triplex,1,1,1,156.0,True,True,0.01276979272194457
Line.tpx225918936c0,Triplex,1,2,2,156.0,True,True,0.16894244796796634
Line.tpx225918936c0,Triplex,2,1,1,156.0,True,False,0.012769812147928036
Line.tpx225918936c0,Triplex,2,2,2,156.0,True,False,0.16894246754799705
Line.tpx225940756b0,Triplex,1,1,1,156.0,True,True,0.09752726273105868
Line.tpx225940756b0,Triplex,1,2,2,156.0,True,True,0.34722656824046
Line.tpx225940756b0,Triplex,2,1,1,156.0,True,False,0.09752728169382445
Line.tpx225940756b0,Triplex,2,2,2,156.0,True,False,0.34722658740532975
Line.tpx225991691a0,Triplex,1,1,1,156.0,True,True,0.08741510370736891
Line.tpx225991691a0,Triplex,1,2,2,156.0,True,True,0.0742500940133875
Line.tpx225991691a0,Triplex,2,1,1,156.0,True,False,0.08741512276225295
Line.tpx225991691a0,Triplex,2,2,2,156.0,True,False,0.07425011305883186
Line.tpx226010605c0,Triplex,1,1,1,156.0,True,True,0.03764394330331387
Line.tpx226010605c0,Triplex,1,2,2,156.0,True,True,0.14355430767953825
Line.tpx226010605c0,Triplex,2,1,1,156.0,True,False,0.03764396277121393
Line.tpx226010605c0,Triplex,2,2,2,156.0,True,False,0.1435543272528976
Line.tpx226024307b0,Triplex,1,1,1,156.0,True,True,0.08929908780204215
Line.tpx226024307b0,Triplex,1,2,2,156.0,True,True,0.08466116052379083
Line.tpx226024307b0,Triplex,2,1,1,156.0,True,False,0.08929910723672943
Line.tpx226024307b0,Triplex,2,2,2,156.0,True,False,0.08466117995731445
Line.tpx226029836a0,Triplex,1,1,1,156.0,True,True,0.01768518181762438
Line.tpx226029836a0,Triplex,1,2,2,156.0,True,True,0.14416046343466107
Line.tpx226029836a0,Triplex,2,1,1,156.0,True,False,0.01768520083429868
Line.tpx226029836a0,Triplex,2,2,2,156.0,True,False,0.14416048257665684
Line.tpx226101449a0,Triplex,1,1,1,156.0,True,True,0.12669913990561193
Line.tpx226101449a0,Triplex,1,2,2,156.0,True,True,0.139510502998305
Line.tpx226101449a0,Triplex,2,1,1,156.0,True,False,0.12669915919199937
Line.tpx226101449a0,Triplex,2,2,2,156.0,True,False,0.1395105222989117
Line.tpx226101460a0,Triplex,1,1,1,156.0,True,True,0.135445736600845
Line.tpx226101460a0,Triplex,1,2,2,156.0,True,True,0.024394519230369685
Line.tpx226101460a0,Triplex,2,1,1,156.0,True,False,0.135445755960182
Line.tpx226101460a0,Triplex,2,2,2,156.0,True,False,0.024394538485839196
Line.tpx226109079a0,Triplex,1,1,1,156.0,True,True,0.20849385486042443
Line.tpx226109079a0,Triplex,1,2,2,156.0,True,True,0.19565739984887653
Line.tpx226109079a0,Triplex,2,1,1,156.0,True,False,0.20849387392634816
Line.tpx226109079a0,Triplex,2,2,2,156.0,True,False,0.1956574189078111
Line.tpx226115278a0,Triplex,1,1,1,156.0,True,True,0.09467766332476914
Line.tpx226115278a0,Triplex,1,2,2,156.0,True,True,0.06202730073129997
Line.tpx226115278a0,Triplex,2,1,1,156.0,True,False,0.09467768299453362
Line.tpx226115278a0,Triplex,2,2,2,156.0,True,False,0.062027320372931474
Line.tpx226159329a0,Triplex,1,1,1,156.0,True,True,0.2005852315343789
Line.tpx226159329a0,Triplex,1,2,2,156.0,True,True,0.06967681061115738
Line.tpx226159329a0,Triplex,2,1,1,156.0,True,False,0.2005852506222801
Line.tpx226159329a0,Triplex,2,2,2,156.0,True,False,0.06967682959059182
Line.tpx226163467a0,Triplex,1,1,1,156.0,True,True,0.01662378007148303
Line.tpx226163467a0,Triplex,1,2,2,156.0,True,True,0.25045364930295133
Line.tpx226163467a0,Triplex,2,1,1,156.0,True,False,0.016623799293866474
Line.tpx226163467a0,Triplex,2,2,2,156.0,True,False,0.2504536687283129
Line.tpx226163575b0,Triplex,1,1,1,156.0,True,True,0.024573255949551405
Line.tpx226163575b0,Triplex,1,2,2,156.0,True,True,0.2714768629687309
Line.tpx226163575b0,Triplex,2,1,1,156.0,True,False,0.024573274968787296
Line.tpx226163575b0,Triplex,2,2,2,156.0,True,False,0.27147688220186517
Line.tpx226191772c0,Triplex,1,1,1,156.0,True,True,0.08976205048604277
Line.tpx226191772c0,Triplex,1,2,2,156.0,True,True,0.09044641531639394
Line.tpx226191772c0,Triplex,2,1,1,156.0,True,False,0.08976207007970552
Line.tpx226191772c0,Triplex,2,2,2,156.0,True,False,0.09044643491404586
Line.tpx226191778c0,Triplex,1,1,1,156.0,True,True,0.15382617804193496
Line.tpx226191778c0,Triplex,1,2,2,156.0,True,True,0.14696599882017386
Line.tpx226191778c0,Triplex,2,1,1,156.0,True,False,0.15382619762241864
Line.tpx226191778c0,Triplex,2,2,2,156.0,True,False,0.14696601839814752
Line.tpx226191779c0,Triplex,1,1,1,156.0,True,True,0.19343436151395363
Line.tpx226191779c0,Triplex,1,2,2,156.0,True,True,0.10753349971059503
Line.tpx226191779c0,Triplex,2,1,1,156.0,True,False,0.19343438112804648
Line.tpx226191779c0,Triplex,2,2,2,156.0,True,False,0.10753351925475545
Line.tpx226191850a0,Triplex,1,1,1,156.0,True,True,0.24804278899747897
Line.tpx226191850a0,Triplex,1,2,2,156.0,True,True,0.01916071809333614
Line.tpx226191850a0,Triplex,2,1,1,156.0,True,False,0.2480428084053657
Line.tpx226191850a0,Triplex,2,2,2,156.0,True,False,0.019160737309078177
Line.tpx226191951b0,Triplex,1,1,1,156.0,True,True,0.14038978025754154
Line.tpx226191951b0,Triplex,1,2,2,156.0,True,True,0.15455651700986203
Line.tpx226191951b0,Triplex,2,1,1,156.0,True,False,0.14038979935357515
Line.tpx226191951b0,Triplex,2,2,2,156.0,True,False,0.15455653612123738
Line.tpx226191995b0,Triplex,1,1,1,156.0,True,True,0.05261224859138805
Line.tpx226191995b0,Triplex,1,2,2,156.0,True,True,0.12317577189861591
Line.tpx226191995b0,Triplex,2,1,1,156.0,True,False,0.05261226780240247
Line.tpx226191995b0,Triplex,2,2,2,156.0,True,False,0.1231757911809397
Line.tpx226192175c0,Triplex,1,1,1,156.0,True,True,0.06427874745305998
Line.tpx226192175c0,Triplex,1,2,2,156.0,True,True,0.11620943111837406
Line.tpx226192175c0,Triplex,2,1,1,156.0,True,False,0.06427876699930216
Line.tpx226192175c0,Triplex,2,2,2,156.0,True,False,0.11620945071801166
Line.tpx226192185a0,Triplex,1,1,1,156.0,True,True,0.2102375613666665
Line.tpx226192185a0,Triplex,1,2,2,156.0,True,True,0.055906472764593894
Line.tpx226192185a0,Triplex,2,1,1,156.0,True,False,0.21023758077018107
Line.tpx226192185a0,Triplex,2,2,2,156.0,True,False,0.05590649203968766
Line.tpx226192492b0,Triplex,1,1,1,156.0,True,True,0.014429762893943926
Line.tpx226192492b0,Triplex,1,2,2,156.0,True,True,0.10214300296916487
Line.tpx226192492b0,Triplex,2,1,1,156.0,True,False,0.014429782197730815
Line.tpx226192492b0,Triplex,2,2,2,156.0,True,False,0.10214302237305713
Line.tpx226192493b0,Triplex,1,1,1,156.0,True,True,0.15970570257179903
Line.tpx226192493b0,Triplex,1,2,2,156.0,True,True,0.015609494236897867
Line.tpx226192493b0,Triplex,2,1,1,156.0,True,False,0.15970572198573163
Line.tpx226192493b0,Triplex,2,2,2,156.0,True,False,0.015609513515082605
Line.tpx226192684a0,Triplex,1,1,1,156.0,True,True,0.01756204706081108
Line.tpx226192684a0,Triplex,1,2,2,156.0,True,True,0.14126608251898062
Line.tpx226192684a0,Triplex,2,1,1,156.0,True,False,0.01756206643867393
Line.tpx226192684a0,Triplex,2,2,2,156.0,True,False,0.14126610201956696
Line.tpx226192762b0,Triplex,1,1,1,156.0,True,True,0.001142527273600413
Line.tpx226192762b0,Triplex,1,2,2,156.0,True,True,0.05707152875169885
Line.tpx226192762b0,Triplex,2,1,1,156.0,True,False,0.0011425466569579803
Line.tpx226192762b0,Triplex,2,2,2,156.0,True,False,0.057071548225608115
Line.tpx226192801c0,Triplex,1,1,1,156.0,True,True,0.179450826176836
Line.tpx226192801c0,Triplex,1,2,2,156.0,True,True,0.742723956461684
Line.tpx226192801c0,Triplex,2,1,1,156.0,True,False,0.1794508453007918
Line.tpx226192801c0,Triplex,2,2,2,156.0,True,False,0.7427239760039398
Line.tpx226192846b0,Triplex,1,1,1,156.0,True,True,0.1888719815456238
Line.tpx226192846b0,Triplex,1,2,2,156.0,True,True,0.10662007244434807
Line.tpx226192846b0,Triplex,2,1,1,156.0,True,False,0.18887200065789733
Line.tpx226192846b0,Triplex,2,2,2,156.0,True,False,0.106620091489723
Line.tpx226192890c0,Triplex,1,1,1,156.0,True,True,0.148947553252956
Line.tpx226192890c0,Triplex,1,2,2,156.0,True,True,0.3057849176801148
Line.tpx226192890c0,Triplex,2,1,1,156.0,True,False,0.14894757265249708
Line.tpx226192890c0,Triplex,2,2,2,156.0,True,False,0.3057849372078712
Line.tpx226192926a0,Triplex,1,1,1,156.0,True,True,0.10883776537986622
Line.tpx226192926a0,Triplex,1,2,2,156.0,True,True,0.15605600706065553
Line.tpx226192926a0,Triplex,2,1,1,156.0,True,False,0.10883778475076379
Line.tpx226192926a0,Triplex,2,2,2,156.0,True,False,0.15605602647515962
Line.tpx226192936b0,Triplex,1,1,1,156.0,True,True,0.03963355192864224
Line.tpx226192936b0,Triplex,1,2,2,156.0,True,True,0.25069448231597635
Line.tpx226192936b0,Triplex,2,1,1,156.0,True,False,0.03963357131366442
Line.tpx226192936b0,Triplex,2,2,2,156.0,True,False,0.2506945018843961
Line.tpx226192954c0,Triplex,1,1,1,156.0,True,True,0.13108784516951702
Line.tpx226192954c0,Triplex,1,2,2,156.0,True,True,0.0491687085274029
Line.tpx226192954c0,Triplex,2,1,1,156.0,True,False,0.1310878648174205
Line.tpx226192954c0,Triplex,2,2,2,156.0,True,False,0.049168728099673716
Line.tpx226192994a0,Triplex,1,1,1,156.0,True,True,0.06264200092436846
Line.tpx226192994a0,Triplex,1,2,2,156.0,True,True,0.04253670369301794
Line.tpx226192994a0,Triplex,2,1,1,156.0,True,False,0.062642020471608
Line.tpx226192994a0,Triplex,2,2,2,156.0,True,False,0.042536723221421095
Line.tpx226193078a0,Triplex,1,1,1,156.0,True,True,0.07175972456085322
Line.tpx226193078a0,Triplex,1,2,2,156.0,True,True,0.19395486171774756
Line.tpx226193078a0,Triplex,2,1,1,156.0,True,False,0.07175974386167581
Line.tpx226193078a0,Triplex,2,2,2,156.0,True,False,0.19395488112616435
Line.tpx226193134c0,Triplex,1,1,1,156.0,True,True,0.25060800480963014
Line.tpx226193134c0,Triplex,1,2,2,156.0,True,True,0.04978763809322542
Line.tpx226193134c0,Triplex,2,1,1,156.0,True,False,0.2506080245604541
Line.tpx226193134c0,Triplex,2,2,2,156.0,True,False,0.0497876576761061
Line.tpx226193170a0,Triplex,1,1,1,156.0,True,True,0.017514262701561284
Line.tpx226193170a0,Triplex,1,2,2,156.0,True,True,0.24838950856278288
Line.tpx226193170a0,Triplex,2,1,1,156.0,True,False,0.017514282008010997
Line.tpx226193170a0,Triplex,2,2,2,156.0,True,False,0.24838952806970008
Line.tpx226193298a0,Triplex,1,1,1,156.0,True,True,0.14457779758994707
Line.tpx226193298a0,Triplex,1,2,2,156.0,True,True,0.11975328492497682
Line.tpx226193298a0,Triplex,2,1,1,156.0,True,False,0.1445778170301723
Line.tpx226193298a0,Triplex,2,2,2,156.0,True,False,0.11975330434731796
Line.tpx226193338a0,Triplex,1,1,1,156.0,True,True,0.11963189703889959
Line.tpx226193338a0,Triplex,1,2,2,156.0,True,True,0.03943867165117417
Line.tpx226193338a0,Triplex,2,1,1,156.0,True,False,0.11963191645727178
Line.tpx226193338a0,Triplex,2,2,2,156.0,True,False,0.039438690995484645
Line.tpx226193345a0,Triplex,1,1,1,156.0,True,True,0.10179300118721771
Line.tpx226193345a0,Triplex,1,2,2,156.0,True,True,0.05709935477694378
Line.tpx226193345a0,Triplex,2,1,1,156.0,True,False,0.10179302059553859
Line.tpx226193345a0,Triplex,2,2,2,156.0,True,False,0.05709937414545072
Line.tpx226193361b0,Triplex,1,1,1,156.0,True,True,0.026937364770038563
Line.tpx226193361b0,Triplex,1,2,2,156.0,True,True,0.14983627378091802
Line.tpx226193361b0,Triplex,2,1,1,156.0,True,False,0.026937383878254968
Line.tpx226193361b0,Triplex,2,2,2,156.0,True,False,0.1498362930109243
Line.tpx226193395b0,Triplex,1,1,1,156.0,True,True,0.003561328040818762
Line.tpx226193395b0,Triplex,1,2,2,156.0,True,True,0.2880685080164895
Line.tpx226193395b0,Triplex,2,1,1,156.0,True,False,0.0035613473640019036
Line.tpx226193395b0,Triplex,2,2,2,156.0,True,False,0.28806852758647017
Line.tpx226193422b0,Triplex,1,1,1,156.0,True,True,0.07545102919489316
Line.tpx226193422b0,Triplex,1,2,2,156.0,True,True,0.10155053507337752
Line.tpx226193422b0,Triplex,2,1,1,156.0,True,False,0.07545104828301005
Line.tpx226193422b0,Triplex,2,2,2,156.0,True,False,0.10155055418991718
Line.tpx226193662a0,Triplex,1,1,1,156.0,True,True,0.16931968465887168
Line.tpx226193662a0,Triplex,1,2,2,156.0,True,True,0.09224893457649044
Line.tpx226193662a0,Triplex,2,1,1,156.0,True,False,0.16931970433575189
Line.tpx226193662a0,Triplex,2,2,2,156.0,True,False,0.09224895419093601
Line.tpx226193696a0,Triplex,1,1,1,156.0,True,True,0.07589011766394348
Line.tpx226193696a0,Triplex,1,2,2,156.0,True,True,0.18993466925500263
Line.tpx226193696a0,Triplex,2,1,1,156.0,True,False,0.07589013695692814
Line.tpx226193696a0,Triplex,2,2,2,156.0,True,False,0.18993468864863033
Line.tpx226193698c0,Triplex,1,1,1,156.0,True,True,0.12236917707436859
Line.tpx226193698c0,Triplex,1,2,2,156.0,True,True,0.1805615353192303
Line.tpx226193698c0,Triplex,2,1,1,156.0,True,False,0.12236919649405016
Line.tpx226193698c0,Triplex,2,2,2,156.0,True,False,0.18056155479187078
Line.tpx226193702c0,Triplex,1,1,1,156.0,True,True,0.022273575776544024
Line.tpx226193702c0,Triplex,1,2,2,156.0,True,True,0.15962798766642292
Line.tpx226193702c0,Triplex,2,1,1,156.0,True,False,0.02227359517565407
Line.tpx226193702c0,Triplex,2,2,2,156.0,True,False,0.15962800720134127
Line.tpx226193737c0,Triplex,1,1,1,156.0,True,True,0.03388872122952522
Line.tpx226193737c0,Triplex,1,2,2,156.0,True,True,0.1484846228061685
Line.tpx226193737c0,Triplex,2,1,1,156.0,True,False,0.033888740573043585
Line.tpx226193737c0,Triplex,2,2,2,156.0,True,False,0.1484846422634857
Line.tpx226193745b0,Triplex,1,1,1,156.0,True,True,0.007378265083848225
Line.tpx226193745b0,Triplex,1,2,2,156.0,True,True,0.2862888437986009
Line.tpx226193745b0,Triplex,2,1,1,156.0,True,False,0.007378284270280773
Line.tpx226193745b0,Triplex,2,2,2,156.0,True,False,0.28628886322657143
Line.tpx226193838c0,Triplex,1,1,1,156.0,True,True,0.10719397337194873
Line.tpx226193838c0,Triplex,1,2,2,156.0,True,True,0.19203767613210249
Line.tpx226193838c0,Triplex,2,1,1,156.0,True,False,0.10719399302604433
Line.tpx226193838c0,Triplex,2,2,2,156.0,True,False,0.19203769586193364
Line.tpx226193886b0,Triplex,1,1,1,156.0,True,True,0.2890895111363982
Line.tpx226193886b0,Triplex,1,2,2,156.0,True,True,0.0010812967824964177
Line.tpx226193886b0,Triplex,2,1,1,156.0,True,False,0.289089530806453
Line.tpx226193886b0,Triplex,2,2,2,156.0,True,False,0.0010813162074334904
Line.tpx226193892b0,Triplex,1,1,1,156.0,True,True,0.10539944177183284
Line.tpx226193892b0,Triplex,1,2,2,156.0,True,True,0.06780013942398673
Line.tpx226193892b0,Triplex,2,1,1,156.0,True,False,0.10539946131197715
Line.tpx226193892b0,Triplex,2,2,2,156.0,True,False,0.06780015893120246
Line.tpx226193899b0,Triplex,1,1,1,156.0,True,True,0.25895248411597077
Line.tpx226193899b0,Triplex,1,2,2,156.0,True,True,0.031448702070586844
Line.tpx226193899b0,Triplex,2,1,1,156.0,True,False,0.2589525036954048
Line.tpx226193899b0,Triplex,2,2,2,156.0,True,False,0.031448721459226836
Line.tpx226194002b0,Triplex,1,1,1,156.0,True,True,0.2726159873134475
Line.tpx226194002b0,Triplex,1,2,2,156.0,True,True,0.162067604908338
Line.tpx226194002b0,Triplex,2,1,1,156.0,True,False,0.27261600681143233
Line.tpx226194002b0,Triplex,2,2,2,156.0,True,False,0.162067624321576
Line.tpx226194093a0,Triplex,1,1,1,156.0,True,True,0.13456265781429533
Line.tpx226194093a0,Triplex,1,2,2,156.0,True,True,0.022156275124286865
Line.tpx226194093a0,Triplex,2,1,1,156.0,True,False,0.13456267755949708
Line.tpx226194093a0,Triplex,2,2,2,156.0,True,False,0.02215629476435221
Line.tpx226194262c0,Triplex,1,1,1,156.0,True,True,0.08619119311359705
Line.tpx226194262c0,Triplex,1,2,2,156.0,True,True,0.2165094507399874
Line.tpx226194262c0,Triplex,2,1,1,156.0,True,False,0.08619121253773701
Line.tpx226194262c0,Triplex,2,2,2,156.0,True,False,0.21650947027859124
Line.tpx226194280b0,Triplex,1,1,1,156.0,True,True,0.054529193137978015
Line.tpx226194280b0,Triplex,1,2,2,156.0,True,True,0.11728206247557452
Line.tpx226194280b0,Triplex,2,1,1,156.0,True,False,0.05452921279465377
Line.tpx226194280b0,Triplex,2,2,2,156.0,True,False,0.11728208219611712
Line.tpx226194419c0,Triplex,1,1,1,156.0,True,True,0.06281712495350737
Line.tpx226194419c0,Triplex,1,2,2,156.0,True,True,0.23791529315602256
Line.tpx226194419c0,Triplex,2,1,1,156.0,True,False,0.062817144506586
Line.tpx226194419c0,Triplex,2,2,2,156.0,True,False,0.23791531286180337
Line.tpx226194421c0,Triplex,1,1,1,156.0,True,True,0.22761891261526443
Line.tpx226194421c0,Triplex,1,2,2,156.0,True,True,0.07296576058803364
Line.tpx226194421c0,Triplex,2,1,1,156.0,True,False,0.22761893230895738
Line.tpx226194421c0,Triplex,2,2,2,156.0,True,False,0.07296578015315792
Line.tpx226194826a0,Triplex,1,1,1,156.0,True,True,0.24162778658487946
Line.tpx226194826a0,Triplex,1,2,2,156.0,True,True,0.029559504956196945
Line.tpx226194826a0,Triplex,2,1,1,156.0,True,False,0.24162780568975242
Line.tpx226194826a0,Triplex,2,2,2,156.0,True,False,0.029559523883310658
Line.tpx226194865a0,Triplex,1,1,1,156.0,True,True,0.23488202342096187
Line.tpx226194865a0,Triplex,1,2,2,156.0,True,True,0.0373334139441953
Line.tpx226194865a0,Triplex,2,1,1,156.0,True,False,0.23488204243787655
Line.tpx226194865a0,Triplex,2,2,2,156.0,True,False,0.037333432795754816
Line.tpx226195153b0,Triplex,1,1,1,156.0,True,True,0.13277110271104645
Line.tpx226195153b0,Triplex,1,2,2,156.0,True,True,0.04122231691497825
Line.tpx226195153b0,Triplex,2,1,1,156.0,True,False,0.1327711222092389
Line.tpx226195153b0,Triplex,2,2,2,156.0,True,False,0.04122233632819292
Line.tpx226195194c0,Triplex,1,1,1,156.0,True,True,0.2426540785122774
Line.tpx226195194c0,Triplex,1,2,2,156.0,True,True,0.059604203256996016
Line.tpx226195194c0,Triplex,2,1,1,156.0,True,False,0.24265409812414773
Line.tpx226195194c0,Triplex,2,2,2,156.0,True,False,0.05960422271607104
Line.tpx226195333c0,Triplex,1,1,1,156.0,True,True,0.10718653878259189
Line.tpx226195333c0,Triplex,1,2,2,156.0,True,True,0.011946133330440863
Line.tpx226195333c0,Triplex,2,1,1,156.0,True,False,0.10718655865373054
Line.tpx226195333c0,Triplex,2,2,2,156.0,True,False,0.011946153099810836
Line.tpx226196642a0,Triplex,1,1,1,156.0,True,True,0.03432761563848212
Line.tpx226196642a0,Triplex,1,2,2,156.0,True,True,0.01871349192933211
Line.tpx226196642a0,Triplex,2,1,1,156.0,True,False,0.034327634964548055
Line.tpx226196642a0,Triplex,2,2,2,156.0,True,False,0.018713511234991303
Line.tpx226196648a0,Triplex,1,1,1,156.0,True,True,0.058518428898485374
Line.tpx226196648a0,Triplex,1,2,2,156.0,True,True,0.21081891304876238
Line.tpx226196648a0,Triplex,2,1,1,156.0,True,False,0.05851844794051665
Line.tpx226196648a0,Triplex,2,2,2,156.0,True,False,0.2108189322240186
Line.tpx226197070a0,Triplex,1,1,1,156.0,True,True,0.06656875612126104
Line.tpx226197070a0,Triplex,1,2,2,156.0,True,True,0.20405685727820627
Line.tpx226197070a0,Triplex,2,1,1,156.0,True,False,0.06656877507155841
Line.tpx226197070a0,Triplex,2,2,2,156.0,True,False,0.2040568763490708
Line.tpx226264795a0,Triplex,1,1,1,156.0,True,True,0.09604448676983865
Line.tpx226264795a0,Triplex,1,2,2,156.0,True,True,0.16559361829478467
Line.tpx226264795a0,Triplex,2,1,1,156.0,True,False,0.09604450637669197
Line.tpx226264795a0,Triplex,2,2,2,156.0,True,False,0.16559363796434148
Line.tpx226308710b0,Triplex,1,1,1,156.0,True,True,0.06364478704625601
Line.tpx226308710b0,Triplex,1,2,2,156.0,True,True,0.8308790531444773
Line.tpx226308710b0,Triplex,2,1,1,156.0,True,False,0.06364480594358583
Line.tpx226308710b0,Triplex,2,2,2,156.0,True,False,0.8308790726105647
Line.tpx226308716b0,Triplex,1,1,1,156.0,True,True,0.6155169389106642
Line.tpx226308716b0,Triplex,1,2,2,156.0,True,True,0.26944085275431495
Line.tpx226308716b0,Triplex,2,1,1,156.0,True,False,0.6155169582144554
Line.tpx226308716b0,Triplex,2,2,2,156.0,True,False,0.2694408718062409
Line.tpx226308717a0,Triplex,1,1,1,156.0,True,True,0.4447948831586132
Line.tpx226308717a0,Triplex,1,2,2,156.0,True,True,0.09902311482311106
Line.tpx226308717a0,Triplex,2,1,1,156.0,True,False,0.44479490228372726
Line.tpx226308717a0,Triplex,2,2,2,156.0,True,False,0.09902313368588261
Line.tpx226308719b0,Triplex,1,1,1,156.0,True,True,0.8444840971132326
Line.tpx226308719b0,Triplex,1,2,2,156.0,True,True,0.051277278213998224
Line.tpx226308719b0,Triplex,2,1,1,156.0,True,False,0.8444841165782342
Line.tpx226308719b0,Triplex,2,2,2,156.0,True,False,0.05127729709761258
Line.tpx226308720a0,Triplex,1,1,1,156.0,True,True,0.6310249752883053
Line.tpx226308720a0,Triplex,1,2,2,156.0,True,True,0.1869698131376163
Line.tpx226308720a0,Triplex,2,1,1,156.0,True,False,0.6310249944039575
Line.tpx226308720a0,Triplex,2,2,2,156.0,True,False,0.1869698319288429
Line.tpx226308721a0,Triplex,1,1,1,156.0,True,True,0.3338293968960487
Line.tpx226308721a0,Triplex,1,2,2,156.0,True,True,0.20791400293083376
Line.tpx226308721a0,Triplex,2,1,1,156.0,True,False,0.33382941593015364
Line.tpx226308721a0,Triplex,2,2,2,156.0,True,False,0.20791402187145316
Line.tpx226308723b0,Triplex,1,1,1,156.0,True,True,0.12132889344734214
Line.tpx226308723b0,Triplex,1,2,2,156.0,True,True,0.31914816653648104
Line.tpx226308723b0,Triplex,2,1,1,156.0,True,False,0.12132891259293202
Line.tpx226308723b0,Triplex,2,2,2,156.0,True,False,0.3191481858429188
Line.tpx226308725b0,Triplex,1,1,1,156.0,True,True,0.1046171561655357
Line.tpx226308725b0,Triplex,1,2,2,156.0,True,True,0.787948566708175
Line.tpx226308725b0,Triplex,2,1,1,156.0,True,False,0.10461717508144379
Line.tpx226308725b0,Triplex,2,2,2,156.0,True,False,0.7879485861309945
Line.tpx226308727b0,Triplex,1,1,1,156.0,True,True,0.46680542309613854
Line.tpx226308727b0,Triplex,1,2,2,156.0,True,True,0.12267474221079522
Line.tpx226308727b0,Triplex,2,1,1,156.0,True,False,0.4668054424314156
Line.tpx226308727b0,Triplex,2,2,2,156.0,True,False,0.12267476128518896
Line.tpx226308728a0,Triplex,1,1,1,156.0,True,True,0.05012307788323674
Line.tpx226308728a0,Triplex,1,2,2,156.0,True,True,0.3574083973527578
Line.tpx226308728a0,Triplex,2,1,1,156.0,True,False,0.05012309676220095
Line.tpx226308728a0,Triplex,2,2,2,156.0,True,False,0.35740841647985666
Line.tpx226308729b0,Triplex,1,1,1,156.0,True,True,0.2435450671474034
Line.tpx226308729b0,Triplex,1,2,2,156.0,True,True,0.6428179968195635
Line.tpx226308729b0,Triplex,2,1,1,156.0,True,False,0.2435450861635492
Line.tpx226308729b0,Triplex,2,2,2,156.0,True,False,0.6428180161332906
Line.tpx226308730a0,Triplex,1,1,1,156.0,True,True,0.6403443531563103
Line.tpx226308730a0,Triplex,1,2,2,156.0,True,True,0.17824366255498103
Line.tpx226308730a0,Triplex,2,1,1,156.0,True,False,0.6403443722729022
Line.tpx226308730a0,Triplex,2,2,2,156.0,True,False,0.1782436813338386
Line.tpx226308731a0,Triplex,1,1,1,156.0,True,True,0.04230592603312718
Line.tpx226308731a0,Triplex,1,2,2,156.0,True,True,0.503835325849165
Line.tpx226308731a0,Triplex,2,1,1,156.0,True,False,0.04230594483734405
Line.tpx226308731a0,Triplex,2,2,2,156.0,True,False,0.5038353450111133
Line.tpx226311345b0,Triplex,1,1,1,156.0,True,True,0.3099777847345135
Line.tpx226311345b0,Triplex,1,2,2,156.0,True,True,0.12647522238041445
Line.tpx226311345b0,Triplex,2,1,1,156.0,True,False,0.3099778042039564
Line.tpx226311345b0,Triplex,2,2,2,156.0,True,False,0.12647524170698224
Line.tpx226881057b0,Triplex,1,1,1,156.0,True,True,0.07409073739161992
Line.tpx226881057b0,Triplex,1,2,2,156.0,True,True,0.10304445905979044
Line.tpx226881057b0,Triplex,2,1,1,156.0,True,False,0.07409075646442481
Line.tpx226881057b0,Triplex,2,2,2,156.0,True,False,0.10304447816375707
Line.tpx226881700a0,Triplex,1,1,1,156.0,True,True,0.24603845106949476
Line.tpx226881700a0,Triplex,1,2,2,156.0,True,True,0.01869170610127259
Line.tpx226881700a0,Triplex,2,1,1,156.0,True,False,0.24603847065568907
Line.tpx226881700a0,Triplex,2,2,2,156.0,True,False,0.01869172549663393
Line.tpx226924200b0,Triplex,1,1,1,156.0,True,True,0.048273479899256636
Line.tpx226924200b0,Triplex,1,2,2,156.0,True,True,0.24643246322946794
Line.tpx226924200b0,Triplex,2,1,1,156.0,True,False,0.04827349899276964
Line.tpx226924200b0,Triplex,2,2,2,156.0,True,False,0.24643248249528013
Line.tpx226964880a0,Triplex,1,1,1,156.0,True,True,0.02498484960118002
Line.tpx226964880a0,Triplex,1,2,2,156.0,True,True,0.24400712872930905
Line.tpx226964880a0,Triplex,2,1,1,156.0,True,False,0.02498486868123099
Line.tpx226964880a0,Triplex,2,2,2,156.0,True,False,0.24400714799960627
Line.tpx227100746a0,Triplex,1,1,1,156.0,True,True,0.0933431959603452
Line.tpx227100746a0,Triplex,1,2,2,156.0,True,True,0.06704731304256778
Line.tpx227100746a0,Triplex,2,1,1,156.0,True,False,0.09334321517455035
Line.tpx227100746a0,Triplex,2,2,2,156.0,True,False,0.06704733223468008
Line.tpx227100753a0,Triplex,1,1,1,156.0,True,True,0.19705186447025244
Line.tpx227100753a0,Triplex,1,2,2,156.0,True,True,0.07099501303476168
Line.tpx227100753a0,Triplex,2,1,1,156.0,True,False,0.1970518837110157
Line.tpx227100753a0,Triplex,2,2,2,156.0,True,False,0.0709950321712113
Line.tpx227187012a0,Triplex,1,1,1,156.0,True,True,0.018832575540219165
Line.tpx227187012a0,Triplex,1,2,2,156.0,True,True,0.1434982599396182
Line.tpx227187012a0,Triplex,2,1,1,156.0,True,False,0.01883259449935511
Line.tpx227187012a0,Triplex,2,2,2,156.0,True,False,0.14349827902230414
Line.tpx227187012b0,Triplex,1,1,1,156.0,True,True,0.06781931997495914
Line.tpx227187012b0,Triplex,1,2,2,156.0,True,True,0.10782600015069302
Line.tpx227187012b0,Triplex,2,1,1,156.0,True,False,0.06781933920640244
Line.tpx227187012b0,Triplex,2,2,2,156.0,True,False,0.10782601942399324
Line.tpx227187012c0,Triplex,1,1,1,156.0,True,True,0.09173294662452636
Line.tpx227187012c0,Triplex,1,2,2,156.0,True,True,0.08813443042429642
Line.tpx227187012c0,Triplex,2,1,1,156.0,True,False,0.0917329662574272
Line.tpx227187012c0,Triplex,2,2,2,156.0,True,False,0.08813445005706538
Line.tpx227411650c0,Triplex,1,1,1,156.0,True,True,0.23474345997103535
Line.tpx227411650c0,Triplex,1,2,2,156.0,True,True,0.06633155362855461
Line.tpx227411650c0,Triplex,2,1,1,156.0,True,False,0.23474347964545592
Line.tpx227411650c0,Triplex,2,2,2,156.0,True,False,0.06633157316267416
Line.tpx227411655c0,Triplex,1,1,1,156.0,True,True,0.22503414809732802
Line.tpx227411655c0,Triplex,1,2,2,156.0,True,True,0.07625683952493306
Line.tpx227411655c0,Triplex,2,1,1,156.0,True,False,0.22503416773984802
Line.tpx227411655c0,Triplex,2,2,2,156.0,True,False,0.07625685904388223
Line.tpx227447984c0,Triplex,1,1,1,156.0,True,True,0.4244840824093417
Line.tpx227447984c0,Triplex,1,2,2,156.0,True,True,0.49142228879957156
Line.tpx227447984c0,Triplex,2,1,1,156.0,True,False,0.42448410171211903
Line.tpx227447984c0,Triplex,2,2,2,156.0,True,False,0.49142230815496146
Line.tpx227653310c0,Triplex,1,1,1,156.0,True,True,0.19173588101555375
Line.tpx227653310c0,Triplex,1,2,2,156.0,True,True,0.10974500455618132
Line.tpx227653310c0,Triplex,2,1,1,156.0,True,False,0.1917359005937106
Line.tpx227653310c0,Triplex,2,2,2,156.0,True,False,0.10974502406774374
Line.tpx227678342c0,Triplex,1,1,1,156.0,True,True,0.10480655956984632
Line.tpx227678342c0,Triplex,1,2,2,156.0,True,True,0.07580097996076678
Line.tpx227678342c0,Triplex,2,1,1,156.0,True,False,0.10480657913707682
Line.tpx227678342c0,Triplex,2,2,2,156.0,True,False,0.07580099950337255
Line.tpx227731863a0,Triplex,1,1,1,156.0,True,True,0.023611703007304093
Line.tpx227731863a0,Triplex,1,2,2,156.0,True,True,0.3769461067160215
Line.tpx227731863a0,Triplex,2,1,1,156.0,True,False,0.023611722230272674
Line.tpx227731863a0,Triplex,2,2,2,156.0,True,False,0.37694612622402907
Line.tpx227732939b0,Triplex,1,1,1,156.0,True,True,0.27300943659340005
Line.tpx227732939b0,Triplex,1,2,2,156.0,True,True,0.17052548119459657
Line.tpx227732939b0,Triplex,2,1,1,156.0,True,False,0.27300945569914803
Line.tpx227732939b0,Triplex,2,2,2,156.0,True,False,0.17052550022196852
Line.tpx227734175b0,Triplex,1,1,1,156.0,True,True,0.044685622836382985
Line.tpx227734175b0,Triplex,1,2,2,156.0,True,True,0.24573559652099058
Line.tpx227734175b0,Triplex,2,1,1,156.0,True,False,0.044685642212947074
Line.tpx227734175b0,Triplex,2,2,2,156.0,True,False,0.24573561607239733
Line.tpx227760021a0,Triplex,1,1,1,156.0,True,True,0.1927296222300218
Line.tpx227760021a0,Triplex,1,2,2,156.0,True,True,0.3494010714548344
Line.tpx227760021a0,Triplex,2,1,1,156.0,True,False,0.19272964114839108
Line.tpx227760021a0,Triplex,2,2,2,156.0,True,False,0.3494010904967753
Line.tpx227760021b0,Triplex,1,1,1,156.0,True,True,0.5743263350478555
Line.tpx227760021b0,Triplex,1,2,2,156.0,True,True,0.01917319154959364
Line.tpx227760021b0,Triplex,2,1,1,156.0,True,False,0.5743263544664973
Line.tpx227760021b0,Triplex,2,2,2,156.0,True,False,0.019173210545313096
Line.tpx227760021c0,Triplex,1,1,1,156.0,True,True,0.25684619362064887
Line.tpx227760021c0,Triplex,1,2,2,156.0,True,True,0.34528018561451385
Line.tpx227760021c0,Triplex,2,1,1,156.0,True,False,0.2568462131669071
Line.tpx227760021c0,Triplex,2,2,2,156.0,True,False,0.3452802052319869
Line.tpx227760024a0,Triplex,1,1,1,156.0,True,True,0.19590635761975253
Line.tpx227760024a0,Triplex,1,2,2,156.0,True,True,0.3463675315231228
Line.tpx227760024a0,Triplex,2,1,1,156.0,True,False,0.1959063765340795
Line.tpx227760024a0,Triplex,2,2,2,156.0,True,False,0.34636755055624235
Line.tpx227760024b0,Triplex,1,1,1,156.0,True,True,0.025454889188851117
Line.tpx227760024b0,Triplex,1,2,2,156.0,True,True,0.5678930800481536
Line.tpx227760024b0,Triplex,2,1,1,156.0,True,False,0.025454908180394545
Line.tpx227760024b0,Triplex,2,2,2,156.0,True,False,0.5678930994593628
Line.tpx227760024c0,Triplex,1,1,1,156.0,True,True,0.135761238234841
Line.tpx227760024c0,Triplex,1,2,2,156.0,True,True,0.4686310900164533
Line.tpx227760024c0,Triplex,2,1,1,156.0,True,False,0.13576125768414685
Line.tpx227760024c0,Triplex,2,2,2,156.0,True,False,0.46863110972458333
Line.tpx227895952a0,Triplex,1,1,1,156.0,True,True,0.2553311835589768
Line.tpx227895952a0,Triplex,1,2,2,156.0,True,True,0.017410291910056303
Line.tpx227895952a0,Triplex,2,1,1,156.0,True,False,0.25533120258626557
Line.tpx227895952a0,Triplex,2,2,2,156.0,True,False,0.017410310737464168
Line.tpx227896008c0,Triplex,1,1,1,156.0,True,True,0.06712481999788097
Line.tpx227896008c0,Triplex,1,2,2,156.0,True,True,0.23473922722084148
Line.tpx227896008c0,Triplex,2,1,1,156.0,True,False,0.06712483947681107
Line.tpx227896008c0,Triplex,2,2,2,156.0,True,False,0.23473924684606787
Line.tpx227902981a0,Triplex,1,1,1,156.0,True,True,0.2241187656684621
Line.tpx227902981a0,Triplex,1,2,2,156.0,True,True,0.1786361999344012
Line.tpx227902981a0,Triplex,2,1,1,156.0,True,False,0.22411878481540862
Line.tpx227902981a0,Triplex,2,2,2,156.0,True,False,0.17863621904834195
Line.tpx227903012a0,Triplex,1,1,1,156.0,True,True,0.17734151625449732
Line.tpx227903012a0,Triplex,1,2,2,156.0,True,True,0.0926721311136581
Line.tpx227903012a0,Triplex,2,1,1,156.0,True,False,0.17734153532314936
Line.tpx227903012a0,Triplex,2,2,2,156.0,True,False,0.09267215011330217
Line.tpx227905262a0,Triplex,1,1,1,156.0,True,True,0.001012273568050638
Line.tpx227905262a0,Triplex,1,2,2,156.0,True,True,0.2701663452256995
Line.tpx227905262a0,Triplex,2,1,1,156.0,True,False,0.0010122925108415998
Line.tpx227905262a0,Triplex,2,2,2,156.0,True,False,0.2701663644042195
Line.tpx227917119a0,Triplex,1,1,1,156.0,True,True,0.08112785121592575
Line.tpx227917119a0,Triplex,1,2,2,156.0,True,True,0.31872410311640764
Line.tpx227917119a0,Triplex,2,1,1,156.0,True,False,0.08112787044632674
Line.tpx227917119a0,Triplex,2,2,2,156.0,True,False,0.31872412253949955
Line.tpx227917122a0,Triplex,1,1,1,156.0,True,True,0.12156137843855137
Line.tpx227917122a0,Triplex,1,2,2,156.0,True,True,0.27760941530083133
Line.tpx227917122a0,Triplex,2,1,1,156.0,True,False,0.12156139770012733
Line.tpx227917122a0,Triplex,2,2,2,156.0,True,False,0.27760943469009075
Line.tpx227917127c0,Triplex,1,1,1,156.0,True,True,0.35210378036346185
Line.tpx227917127c0,Triplex,1,2,2,156.0,True,True,0.25612576750332144
Line.tpx227917127c0,Triplex,2,1,1,156.0,True,False,0.35210379978573264
Line.tpx227917127c0,Triplex,2,2,2,156.0,True,False,0.25612578685524207
Line.tpx227917130c0,Triplex,1,1,1,156.0,True,True,0.4467032744082408
Line.tpx227917130c0,Triplex,1,2,2,156.0,True,True,0.012945987625434549
Line.tpx227917130c0,Triplex,2,1,1,156.0,True,False,0.44670329398808095
Line.tpx227917130c0,Triplex,2,2,2,156.0,True,False,0.012946006862986656
Line.tpx227917133c0,Triplex,1,1,1,156.0,True,True,0.10619699930319619
Line.tpx227917133c0,Triplex,1,2,2,156.0,True,True,0.19712734765206247
Line.tpx227917133c0,Triplex,2,1,1,156.0,True,False,0.10619701869103942
Line.tpx227917133c0,Triplex,2,2,2,156.0,True,False,0.19712736712077183
Line.tpx227921416a0,Triplex,1,1,1,156.0,True,True,0.26158928054825603
Line.tpx227921416a0,Triplex,1,2,2,156.0,True,True,0.008187058444438908
Line.tpx227921416a0,Triplex,2,1,1,156.0,True,False,0.2615892998028287
Line.tpx227921416a0,Triplex,2,2,2,156.0,True,False,0.008187077485741458
Line.tpx227921427a0,Triplex,1,1,1,156.0,True,True,0.28715058777974795
Line.tpx227921427a0,Triplex,1,2,2,156.0,True,True,0.25467838454448477
Line.tpx227921427a0,Triplex,2,1,1,156.0,True,False,0.2871506067636241
Line.tpx227921427a0,Triplex,2,2,2,156.0,True,False,0.2546784035066433
Line.tpx227921427b0,Triplex,1,1,1,156.0,True,True,0.3180799789990299
Line.tpx227921427b0,Triplex,1,2,2,156.0,True,True,0.26902642610786104
Line.tpx227921427b0,Triplex,2,1,1,156.0,True,False,0.3180799982166992
Line.tpx227921427b0,Triplex,2,2,2,156.0,True,False,0.26902644529114217
Line.tpx227921427c0,Triplex,1,1,1,156.0,True,True,0.37206826602885934
Line.tpx227921427c0,Triplex,1,2,2,156.0,True,True,0.23043426900902894
Line.tpx227921427c0,Triplex,2,1,1,156.0,True,False,0.37206828565981315
Line.tpx227921427c0,Triplex,2,2,2,156.0,True,False,0.23043428853461306
Line.tpx227944551a0,Triplex,1,1,1,580.0,True,True,0.3514520339851263
Line.tpx227944551a0,Triplex,1,2,2,580.0,True,True,0.3520403333824649
Line.tpx227944551a0,Triplex,2,1,1,580.0,True,False,0.35145203928033325
Line.tpx227944551a0,Triplex,2,2,2,580.0,True,False,0.35204033867859685
Line.tpx227944551b0,Triplex,1,1,1,580.0,True,True,0.1629688662402011
Line.tpx227944551b0,Triplex,1,2,2,580.0,True,True,0.6101086647857
Line.tpx227944551b0,Triplex,2,1,1,580.0,True,False,0.1629688715233935
Line.tpx227944551b0,Triplex,2,2,2,580.0,True,False,0.610108670107141
Line.tpx227944551c0,Triplex,1,1,1,580.0,True,True,0.7471320338985711
Line.tpx227944551c0,Triplex,1,2,2,580.0,True,True,0.0625554323138238
Line.tpx227944551c0,Triplex,2,1,1,580.0,True,False,0.7471320392405023
Line.tpx227944551c0,Triplex,2,2,2,580.0,True,False,0.06255543759947388
Line.tpx227989724b0,Triplex,1,1,1,156.0,True,True,0.1278019160008539
Line.tpx227989724b0,Triplex,1,2,2,156.0,True,True,0.16423259250575897
Line.tpx227989724b0,Triplex,2,1,1,156.0,True,False,0.12780193527927178
Line.tpx227989724b0,Triplex,2,2,2,156.0,True,False,0.16423261181855528
Line.tpx228001810a0,Triplex,1,1,1,156.0,True,True,0.1062795795612037
Line.tpx228001810a0,Triplex,1,2,2,156.0,True,True,0.16361108334359903
Line.tpx228001810a0,Triplex,2,1,1,156.0,True,False,0.10627959857105083
Line.tpx228001810a0,Triplex,2,2,2,156.0,True,False,0.16361110240561225
Line.tpx228057846a0,Triplex,1,1,1,156.0,True,True,0.1878371375001348
Line.tpx228057846a0,Triplex,1,2,2,156.0,True,True,0.08159029440914949
Line.tpx228057846a0,Triplex,2,1,1,156.0,True,False,0.18783715662638828
Line.tpx228057846a0,Triplex,2,2,2,156.0,True,False,0.08159031344799643
Line.tpx228091193a0,Triplex,1,1,1,156.0,True,True,0.11484663766740688
Line.tpx228091193a0,Triplex,1,2,2,156.0,True,True,0.4220494142760815
Line.tpx228091193a0,Triplex,2,1,1,156.0,True,False,0.11484665676588528
Line.tpx228091193a0,Triplex,2,2,2,156.0,True,False,0.42204943361383584
Line.tpx228091193b0,Triplex,1,1,1,156.0,True,True,0.3346599916822628
Line.tpx228091193b0,Triplex,1,2,2,156.0,True,True,0.25303503865411275
Line.tpx228091193b0,Triplex,2,1,1,156.0,True,False,0.3346600108962731
Line.tpx228091193b0,Triplex,2,2,2,156.0,True,False,0.2530350578087384
Line.tpx228091193c0,Triplex,1,1,1,156.0,True,True,0.12729477913590437
Line.tpx228091193c0,Triplex,1,2,2,156.0,True,True,0.48299320435454046
Line.tpx228091193c0,Triplex,2,1,1,156.0,True,False,0.12729479839856747
Line.tpx228091193c0,Triplex,2,2,2,156.0,True,False,0.4829932238934538
Line.tpx228219458b0,Triplex,1,1,1,156.0,True,True,0.25792675934748244
Line.tpx228219458b0,Triplex,1,2,2,156.0,True,True,0.03765275820088986
Line.tpx228219458b0,Triplex,2,1,1,156.0,True,False,0.25792677857797924
Line.tpx228219458b0,Triplex,2,2,2,156.0,True,False,0.03765277724674703
Line.tpx228314460c0,Triplex,1,1,1,156.0,True,True,0.019206837011042782
Line.tpx228314460c0,Triplex,1,2,2,156.0,True,True,0.28280820684133895
Line.tpx228314460c0,Triplex,2,1,1,156.0,True,False,0.01920685650180946
Line.tpx228314460c0,Triplex,2,2,2,156.0,True,False,0.2828082265603715
Line.tpx228445756c0,Triplex,1,1,1,156.0,True,True,0.027199147717784335
Line.tpx228445756c0,Triplex,1,2,2,156.0,True,True,0.15381184992551764
Line.tpx228445756c0,Triplex,2,1,1,156.0,True,False,0.027199167209649346
Line.tpx228445756c0,Triplex,2,2,2,156.0,True,False,0.15381186954281875
Line.tpx228446184a0,Triplex,1,1,1,156.0,True,True,0.08754223805086142
Line.tpx228446184a0,Triplex,1,2,2,156.0,True,True,0.17698995383711624
Line.tpx228446184a0,Triplex,2,1,1,156.0,True,False,0.08754225744011573
Line.tpx228446184a0,Triplex,2,2,2,156.0,True,False,0.17698997330603025
Line.tpx228532641a0,Triplex,1,1,1,156.0,True,True,0.06173119777353177
Line.tpx228532641a0,Triplex,1,2,2,156.0,True,True,0.34380207130551876
Line.tpx228532641a0,Triplex,2,1,1,156.0,True,False,0.06173121674034409
Line.tpx228532641a0,Triplex,2,2,2,156.0,True,False,0.3438020905003905
Line.tpx228549643a0,Triplex,1,1,1,156.0,True,True,0.05720122986480999
Line.tpx228549643a0,Triplex,1,2,2,156.0,True,True,0.05013860510766504
Line.tpx228549643a0,Triplex,2,1,1,156.0,True,False,0.05720124900969799
Line.tpx228549643a0,Triplex,2,2,2,156.0,True,False,0.050138624248038374
Line.tpx228580047b0,Triplex,1,1,1,156.0,True,True,0.008602522980538043
Line.tpx228580047b0,Triplex,1,2,2,156.0,True,True,0.16931256022726043
Line.tpx228580047b0,Triplex,2,1,1,156.0,True,False,0.008602541978747285
Line.tpx228580047b0,Triplex,2,2,2,156.0,True,False,0.16931257938389963
Line.tpx228622562a0,Triplex,1,1,1,156.0,True,True,0.16002068801044753
Line.tpx228622562a0,Triplex,1,2,2,156.0,True,True,0.003237205133523056
Line.tpx228622562a0,Triplex,2,1,1,156.0,True,False,0.16002070702724297
Line.tpx228622562a0,Triplex,2,2,2,156.0,True,False,0.003237224001555162
Line.tpx228665517c0,Triplex,1,1,1,156.0,True,True,0.196172597267874
Line.tpx228665517c0,Triplex,1,2,2,156.0,True,True,0.25418613730912765
Line.tpx228665517c0,Triplex,2,1,1,156.0,True,False,0.19617261687530244
Line.tpx228665517c0,Triplex,2,2,2,156.0,True,False,0.254186156966104
Line.tpx229106135c0,Triplex,1,1,1,156.0,True,True,0.03089954385814279
Line.tpx229106135c0,Triplex,1,2,2,156.0,True,True,0.09045926804629868
Line.tpx229106135c0,Triplex,2,1,1,156.0,True,False,0.03089956325261871
Line.tpx229106135c0,Triplex,2,2,2,156.0,True,False,0.09045928750975489
Line.tpx2212168866c0,Triplex,1,1,1,156.0,True,True,0.18993382820378177
Line.tpx2212168866c0,Triplex,1,2,2,156.0,True,True,0.2604580973402027
Line.tpx2212168866c0,Triplex,2,1,1,156.0,True,False,0.1899338478062904
Line.tpx2212168866c0,Triplex,2,2,2,156.0,True,False,0.26045811700223054
Line.tpx2212168870c0,Triplex,1,1,1,156.0,True,True,0.2915563133179725
Line.tpx2212168870c0,Triplex,1,2,2,156.0,True,True,0.30959841635041013
Line.tpx2212168870c0,Triplex,2,1,1,156.0,True,False,0.2915563329177209
Line.tpx2212168870c0,Triplex,2,2,2,156.0,True,False,0.3095984359673458
Line.tpx2212168874c0,Triplex,1,1,1,156.0,True,True,0.17461824098954953
Line.tpx2212168874c0,Triplex,1,2,2,156.0,True,True,0.4277879818311951
Line.tpx2212168874c0,Triplex,2,1,1,156.0,True,False,0.17461826050187848
Line.tpx2212168874c0,Triplex,2,2,2,156.0,True,False,0.4277880015411937
Line.tpx2212168880c0,Triplex,1,1,1,156.0,True,True,0.49933111915251704
Line.tpx2212168880c0,Triplex,1,2,2,156.0,True,True,0.10507907313363503
Line.tpx2212168880c0,Triplex,2,1,1,156.0,True,False,0.49933113891140923
Line.tpx2212168880c0,Triplex,2,2,2,156.0,True,False,0.10507909259325988
Line.tpx2212168887c0,Triplex,1,1,1,156.0,True,True,0.2520797243375361
Line.tpx2212168887c0,Triplex,1,2,2,156.0,True,True,0.198315333270068
Line.tpx2212168887c0,Triplex,2,1,1,156.0,True,False,0.25207974398759364
Line.tpx2212168887c0,Triplex,2,2,2,156.0,True,False,0.19831535288064037
Line.tpx2212371533c0,Triplex,1,1,1,156.0,True,True,0.2418918138625102
Line.tpx2212371533c0,Triplex,1,2,2,156.0,True,True,0.06030831168779952
Line.tpx2212371533c0,Triplex,2,1,1,156.0,True,False,0.2418918334766985
Line.tpx2212371533c0,Triplex,2,2,2,156.0,True,False,0.06030833115044092
Line.tpx2223661373a0,Triplex,1,1,1,156.0,True,True,0.1155817339575891
Line.tpx2223661373a0,Triplex,1,2,2,156.0,True,True,0.1543018864423992
Line.tpx2223661373a0,Triplex,2,1,1,156.0,True,False,0.11558175297288073
Line.tpx2223661373a0,Triplex,2,2,2,156.0,True,False,0.15430190549397332
Line.tpx2223664050b0,Triplex,1,1,1,156.0,True,True,0.07520262489084345
Line.tpx2223664050b0,Triplex,1,2,2,156.0,True,True,0.10036962973338161
Line.tpx2223664050b0,Triplex,2,1,1,156.0,True,False,0.07520264413462376
Line.tpx2223664050b0,Triplex,2,2,2,156.0,True,False,0.10036964900471332
Line.tpx2223703238c0,Triplex,1,1,1,156.0,True,True,0.11421375604685405
Line.tpx2223703238c0,Triplex,1,2,2,156.0,True,True,0.006001829234576205
Line.tpx2223703238c0,Triplex,2,1,1,156.0,True,False,0.11421377575995333
Line.tpx2223703238c0,Triplex,2,2,2,156.0,True,False,0.0060018488313417755
Line.tpx2223878647b0,Triplex,1,1,1,156.0,True,True,0.046090558051947506
Line.tpx2223878647b0,Triplex,1,2,2,156.0,True,True,0.13101686725860928
Line.tpx2223878647b0,Triplex,2,1,1,156.0,True,False,0.046090577119327895
Line.tpx2223878647b0,Triplex,2,2,2,156.0,True,False,0.1310168864111234
Line.tpx2224061203c0,Triplex,1,1,1,156.0,True,True,0.11696669028677632
Line.tpx2224061203c0,Triplex,1,2,2,156.0,True,True,0.1831536916273157
Line.tpx2224061203c0,Triplex,2,1,1,156.0,True,False,0.11696670988635943
Line.tpx2224061203c0,Triplex,2,2,2,156.0,True,False,0.18315371128668972
Line.tpx2224179616c0,Triplex,1,1,1,156.0,True,True,0.13568885333319688
Line.tpx2224179616c0,Triplex,1,2,2,156.0,True,True,0.0450796562517048
Line.tpx2224179616c0,Triplex,2,1,1,156.0,True,False,0.13568887293415596
Line.tpx2224179616c0,Triplex,2,2,2,156.0,True,False,0.04507967576863687
Line.tpx2224192013a0,Triplex,1,1,1,156.0,True,True,0.09932792217260841
Line.tpx2224192013a0,Triplex,1,2,2,156.0,True,True,0.061351576399232374
Line.tpx2224192013a0,Triplex,2,1,1,156.0,True,False,0.09932794136040943
Line.tpx2224192013a0,Triplex,2,2,2,156.0,True,False,0.06135159555367484
Line.tpx2224230615c0,Triplex,1,1,1,156.0,True,True,0.3705230822218021
Line.tpx2224230615c0,Triplex,1,2,2,156.0,True,True,0.23151377159655154
Line.tpx2224230615c0,Triplex,2,1,1,156.0,True,False,0.37052310186633736
Line.tpx2224230615c0,Triplex,2,2,2,156.0,True,False,0.23151379113772663
Line.tpx2224230651c0,Triplex,1,1,1,156.0,True,True,0.4633725087188728
Line.tpx2224230651c0,Triplex,1,2,2,156.0,True,True,0.44201811030307614
Line.tpx2224230651c0,Triplex,2,1,1,156.0,True,False,0.4633725282758888
Line.tpx2224230651c0,Triplex,2,2,2,156.0,True,False,0.44201812984767797
Line.tpx2224230689c0,Triplex,1,1,1,156.0,True,True,0.08616659009823795
Line.tpx2224230689c0,Triplex,1,2,2,156.0,True,True,0.8305475444451138
Line.tpx2224230689c0,Triplex,2,1,1,156.0,True,False,0.08616660937269922
Line.tpx2224230689c0,Triplex,2,2,2,156.0,True,False,0.830547564271508
Line.tpx2224230754c0,Triplex,1,1,1,156.0,True,True,0.31515468501152455
Line.tpx2224230754c0,Triplex,1,2,2,156.0,True,True,0.13629031166489286
Line.tpx2224230754c0,Triplex,2,1,1,156.0,True,False,0.31515470469356194
Line.tpx2224230754c0,Triplex,2,2,2,156.0,True,False,0.13629033120780112
Line.tpx2224237380a0,Triplex,1,1,1,156.0,True,True,0.10673527325637765
Line.tpx2224237380a0,Triplex,1,2,2,156.0,True,True,0.29154913803248067
Line.tpx2224237380a0,Triplex,2,1,1,156.0,True,False,0.10673529255987979
Line.tpx2224237380a0,Triplex,2,2,2,156.0,True,False,0.2915491574866016
Line.tpx2224237384a0,Triplex,1,1,1,156.0,True,True,0.047194939879292755
Line.tpx2224237384a0,Triplex,1,2,2,156.0,True,True,0.35242380797118666
Line.tpx2224237384a0,Triplex,2,1,1,156.0,True,False,0.04719495913310078
Line.tpx2224237384a0,Triplex,2,2,2,156.0,True,False,0.3524238274716378
Line.tpx2224237391a0,Triplex,1,1,1,156.0,True,True,0.21251543288010102
Line.tpx2224237391a0,Triplex,1,2,2,156.0,True,True,0.05292861091095506
Line.tpx2224237391a0,Triplex,2,1,1,156.0,True,False,0.21251545233965188
Line.tpx2224237391a0,Triplex,2,2,2,156.0,True,False,0.052928630237586066
Line.tpx2224237546a0,Triplex,1,1,1,156.0,True,True,0.10222583493784179
Line.tpx2224237546a0,Triplex,1,2,2,156.0,True,True,0.29622143716362687
Line.tpx2224237546a0,Triplex,2,1,1,156.0,True,False,0.10222585423348365
Line.tpx2224237546a0,Triplex,2,2,2,156.0,True,False,0.2962214566172306
Line.tpx2224237643a0,Triplex,1,1,1,156.0,True,True,0.3295112432738771
Line.tpx2224237643a0,Triplex,1,2,2,156.0,True,True,0.06962587136959938
Line.tpx2224237643a0,Triplex,2,1,1,156.0,True,False,0.32951126274966797
Line.tpx2224237643a0,Triplex,2,2,2,156.0,True,False,0.06962589064149818
Line.tpx2224237653a0,Triplex,1,1,1,156.0,True,True,0.39631331186148716
Line.tpx2224237653a0,Triplex,1,2,2,156.0,True,True,0.004734901972334634
Line.tpx2224237653a0,Triplex,2,1,1,156.0,True,False,0.3963133313891753
Line.tpx2224237653a0,Triplex,2,2,2,156.0,True,False,0.004734921190604303
Line.tpx2224237713a0,Triplex,1,1,1,156.0,True,True,0.3398892907502055
Line.tpx2224237713a0,Triplex,1,2,2,156.0,True,True,0.05951134224975002
Line.tpx2224237713a0,Triplex,2,1,1,156.0,True,False,0.33988931023326413
Line.tpx2224237713a0,Triplex,2,2,2,156.0,True,False,0.059511361512587
Line.tpx2224237718a0,Triplex,1,1,1,156.0,True,True,0.062082701156102725
Line.tpx2224237718a0,Triplex,1,2,2,156.0,True,True,0.09665572077975017
Line.tpx2224237718a0,Triplex,2,1,1,156.0,True,False,0.06208272054205747
Line.tpx2224237718a0,Triplex,2,2,2,156.0,True,False,0.09665574020237037
Line.tpx2224238167a0,Triplex,1,1,1,156.0,True,True,0.329324646820988
Line.tpx2224238167a0,Triplex,1,2,2,156.0,True,True,0.06977779661121601
Line.tpx2224238167a0,Triplex,2,1,1,156.0,True,False,0.32932466629812307
Line.tpx2224238167a0,Triplex,2,2,2,156.0,True,False,0.06977781588474204
Line.tpx2224386592a0,Triplex,1,1,1,156.0,True,True,0.010588861089286201
Line.tpx2224386592a0,Triplex,1,2,2,156.0,True,True,0.2556977829838109
Line.tpx2224386592a0,Triplex,2,1,1,156.0,True,False,0.010588880373329395
Line.tpx2224386592a0,Triplex,2,2,2,156.0,True,False,0.2556978024805669
Line.tpx2224386617a0,Triplex,1,1,1,156.0,True,True,0.3156949947586304
Line.tpx2224386617a0,Triplex,1,2,2,156.0,True,True,0.08321081525077124
Line.tpx2224386617a0,Triplex,2,1,1,156.0,True,False,0.3156950142202166
Line.tpx2224386617a0,Triplex,2,2,2,156.0,True,False,0.0832108345303234
Line.tpx2224386750a0,Triplex,1,1,1,156.0,True,True,0.14045183426162458
Line.tpx2224386750a0,Triplex,1,2,2,156.0,True,True,0.12449156398925511
Line.tpx2224386750a0,Triplex,2,1,1,156.0,True,False,0.1404518536525749
Line.tpx2224386750a0,Triplex,2,2,2,156.0,True,False,0.1244915833698948
Line.tpx2224386815a0,Triplex,1,1,1,156.0,True,True,0.12423785805638786
Line.tpx2224386815a0,Triplex,1,2,2,156.0,True,True,0.03474029062692435
Line.tpx2224386815a0,Triplex,2,1,1,156.0,True,False,0.12423787749570295
Line.tpx2224386815a0,Triplex,2,2,2,156.0,True,False,0.03474030998319994
Line.tpx2224386842a0,Triplex,1,1,1,156.0,True,True,0.11965838384361109
Line.tpx2224386842a0,Triplex,1,2,2,156.0,True,True,0.2786994595288978
Line.tpx2224386842a0,Triplex,2,1,1,156.0,True,False,0.11965840314434252
Line.tpx2224386842a0,Triplex,2,2,2,156.0,True,False,0.2786994789597196
Line.tpx2224386863a0,Triplex,1,1,1,156.0,True,True,0.34254940363397096
Line.tpx2224386863a0,Triplex,1,2,2,156.0,True,True,0.05706924388767403
Line.tpx2224386863a0,Triplex,2,1,1,156.0,True,False,0.34254942311160474
Line.tpx2224386863a0,Triplex,2,2,2,156.0,True,False,0.05706926314102823
Line.tpx2224386874a0,Triplex,1,1,1,156.0,True,True,0.004682482637087129
Line.tpx2224386874a0,Triplex,1,2,2,156.0,True,True,0.15468168211179836
Line.tpx2224386874a0,Triplex,2,1,1,156.0,True,False,0.004682501959902137
Line.tpx2224386874a0,Triplex,2,2,2,156.0,True,False,0.15468170158316089
Line.tpx2224386889a0,Triplex,1,1,1,156.0,True,True,0.11624731720355626
Line.tpx2224386889a0,Triplex,1,2,2,156.0,True,True,0.14874641553394843
Line.tpx2224386889a0,Triplex,2,1,1,156.0,True,False,0.11624733657143035
Line.tpx2224386889a0,Triplex,2,2,2,156.0,True,False,0.14874643493287407
Line.tpx2224386946a0,Triplex,1,1,1,156.0,True,True,0.027488568047950156
Line.tpx2224386946a0,Triplex,1,2,2,156.0,True,True,0.23855826585282097
Line.tpx2224386946a0,Triplex,2,1,1,156.0,True,False,0.027488587337462657
Line.tpx2224386946a0,Triplex,2,2,2,156.0,True,False,0.23855828532583478
Line.tpx2224387019a0,Triplex,1,1,1,156.0,True,True,0.09674988434339452
Line.tpx2224387019a0,Triplex,1,2,2,156.0,True,True,0.1683958330077332
Line.tpx2224387019a0,Triplex,2,1,1,156.0,True,False,0.09674990369043505
Line.tpx2224387019a0,Triplex,2,2,2,156.0,True,False,0.16839585241923322
Line.tpx2224387053a0,Triplex,1,1,1,156.0,True,True,0.4005949494665761
Line.tpx2224387053a0,Triplex,1,2,2,156.0,True,True,0.000850782240937743
Line.tpx2224387053a0,Triplex,2,1,1,156.0,True,False,0.4005949689852708
Line.tpx2224387053a0,Triplex,2,2,2,156.0,True,False,0.0008508014408166326
Line.tpx2224387062a0,Triplex,1,1,1,156.0,True,True,0.11476222364216351
Line.tpx2224387062a0,Triplex,1,2,2,156.0,True,True,0.28377313047098734
Line.tpx2224387062a0,Triplex,2,1,1,156.0,True,False,0.11476224293381027
Line.tpx2224387062a0,Triplex,2,2,2,156.0,True,False,0.28377314990066244
Line.tpx2224387074a0,Triplex,1,1,1,156.0,True,True,0.14255113993910531
Line.tpx2224387074a0,Triplex,1,2,2,156.0,True,True,0.12250220820025444
Line.tpx2224387074a0,Triplex,2,1,1,156.0,True,False,0.1425511593240451
Line.tpx2224387074a0,Triplex,2,2,2,156.0,True,False,0.12250222757138303
Line.tpx2224387113a0,Triplex,1,1,1,156.0,True,True,0.14361973315002488
Line.tpx2224387113a0,Triplex,1,2,2,156.0,True,True,0.2545442250634764
Line.tpx2224387113a0,Triplex,2,1,1,156.0,True,False,0.14361975246548628
Line.tpx2224387113a0,Triplex,2,2,2,156.0,True,False,0.2545442444706625
Line.tpx2224387138a0,Triplex,1,1,1,156.0,True,True,0.14727347847538508
Line.tpx2224387138a0,Triplex,1,2,2,156.0,True,True,0.2508609298022388
Line.tpx2224387138a0,Triplex,2,1,1,156.0,True,False,0.14727349779353188
Line.tpx2224387138a0,Triplex,2,2,2,156.0,True,False,0.25086094920625845
Line.tpx2224490448c0,Triplex,1,1,1,156.0,True,True,0.10118897850783361
Line.tpx2224490448c0,Triplex,1,2,2,156.0,True,True,0.20142529977309478
Line.tpx2224490448c0,Triplex,2,1,1,156.0,True,False,0.10118899793989601
Line.tpx2224490448c0,Triplex,2,2,2,156.0,True,False,0.20142531929396448
Line.tpx2224500658a0,Triplex,1,1,1,156.0,True,True,0.016264300116543732
Line.tpx2224500658a0,Triplex,1,2,2,156.0,True,True,0.08982620389218643
Line.tpx2224500658a0,Triplex,2,1,1,156.0,True,False,0.016264319472037665
Line.tpx2224500658a0,Triplex,2,2,2,156.0,True,False,0.08982622333219499
