
Gurobi 13.0.2 (win64) logging started Fri Oct  2 11:19:45 2026

Set parameter LogFile to value "C:\Users\kjw39\Documents\Codex\2026-10-02\m1-benders-x0-certificate-repair\worktree\docs\v42_m1_benders_x0_certificate_repair\FIXTURE_RAW\L\scaled\raw_solver.log"
Set parameter Threads to value 1
Set parameter Seed to value 20260929
Set parameter Method to value 1
Set parameter NodeMethod to value 1
Set parameter FeasibilityTol to value 1e-07
Set parameter OptimalityTol to value 1e-07
Set parameter IntFeasTol to value 1e-07
Set parameter NumericFocus to value 1
Set parameter InfUnbdInfo to value 1
Set parameter DualReductions to value 0
Set parameter SoftMemLimit to value 12
Set parameter MIPGap to value 0
Set parameter TimeLimit to value 60
Set parameter TimeLimit to value 30
Gurobi Optimizer version 13.0.2 build v13.0.2rc1 (win64 - Windows 11+.0 (26200.2))

CPU model: 13th Gen Intel(R) Core(TM) i7-13620H, instruction set [SSE2|AVX|AVX2]
Thread count: 10 physical cores, 16 logical processors, using up to 1 threads

Non-default parameters:
TimeLimit  30
SoftMemLimit  12
FeasibilityTol  1e-07
IntFeasTol  1e-07
MIPGap  0
OptimalityTol  1e-07
Method  1
NodeMethod  1
DualReductions  0
InfUnbdInfo  1
LogToConsole  0
NumericFocus  1
Seed  20260929
Threads  1

Optimize a model with 85 rows, 13 columns and 204 nonzeros (Min)
Model fingerprint: 0x5adcbcf6
Model has 1 linear objective coefficients
Coefficient statistics:
  Matrix range     [3e-05, 2e+01]
  Objective range  [1e+00, 1e+00]
  Bounds range     [2e+01, 2e+01]
  RHS range        [3e-03, 3e+02]

Presolve time: 0.00s
Iteration    Objective       Primal Inf.    Dual Inf.      Time
       0    0.0000000e+00   3.093969e+02   0.000000e+00      0s

Solved in 8 iterations and 0.00 seconds (0.00 work units)
Infeasible model

User-callback calls 48, time in user-callback 0.00 sec
Set parameter TimeLimit to value 30
Gurobi Optimizer version 13.0.2 build v13.0.2rc1 (win64 - Windows 11+.0 (26200.2))

CPU model: 13th Gen Intel(R) Core(TM) i7-13620H, instruction set [SSE2|AVX|AVX2]
Thread count: 10 physical cores, 16 logical processors, using up to 1 threads

Non-default parameters:
TimeLimit  30
SoftMemLimit  12
FeasibilityTol  1e-07
IntFeasTol  1e-07
MIPGap  0
OptimalityTol  1e-07
Method  1
NodeMethod  1
DualReductions  0
InfUnbdInfo  1
LogToConsole  0
NumericFocus  1
Seed  20260929
Threads  1

Optimize a model with 85 rows, 13 columns and 204 nonzeros (Min)
Model has 1 linear objective coefficients
Coefficient statistics:
  Matrix range     [3e-05, 2e+01]
  Objective range  [1e+00, 1e+00]
  Bounds range     [2e+01, 2e+01]
  RHS range        [3e-03, 1e+02]

LP warm-start: use basis

Iteration    Objective       Primal Inf.    Dual Inf.      Time
       0    1.0000000e+00   5.625000e-01   0.000000e+00      0s

Solved in 0 iterations and 0.00 seconds (0.00 work units)
Infeasible model

User-callback calls 38, time in user-callback 0.00 sec
Set parameter TimeLimit to value 30
Gurobi Optimizer version 13.0.2 build v13.0.2rc1 (win64 - Windows 11+.0 (26200.2))

CPU model: 13th Gen Intel(R) Core(TM) i7-13620H, instruction set [SSE2|AVX|AVX2]
Thread count: 10 physical cores, 16 logical processors, using up to 1 threads

Non-default parameters:
TimeLimit  30
SoftMemLimit  12
FeasibilityTol  1e-07
IntFeasTol  1e-07
MIPGap  0
OptimalityTol  1e-07
Method  1
NodeMethod  1
DualReductions  0
InfUnbdInfo  1
LogToConsole  0
NumericFocus  1
Seed  20260929
Threads  1

Optimize a model with 85 rows, 13 columns and 204 nonzeros (Min)
Model has 1 linear objective coefficients
Coefficient statistics:
  Matrix range     [3e-05, 2e+01]
  Objective range  [1e+00, 1e+00]
  Bounds range     [2e+01, 2e+01]
  RHS range        [3e-03, 3e+02]

LP warm-start: use basis

Iteration    Objective       Primal Inf.    Dual Inf.      Time
       0    1.0000000e+00   5.625000e-01   0.000000e+00      0s

Solved in 0 iterations and 0.00 seconds (0.00 work units)
Infeasible model

User-callback calls 38, time in user-callback 0.00 sec
Set parameter TimeLimit to value 30
Gurobi Optimizer version 13.0.2 build v13.0.2rc1 (win64 - Windows 11+.0 (26200.2))

CPU model: 13th Gen Intel(R) Core(TM) i7-13620H, instruction set [SSE2|AVX|AVX2]
Thread count: 10 physical cores, 16 logical processors, using up to 1 threads

Non-default parameters:
TimeLimit  30
SoftMemLimit  12
FeasibilityTol  1e-07
IntFeasTol  1e-07
MIPGap  0
OptimalityTol  1e-07
Method  1
NodeMethod  1
DualReductions  0
InfUnbdInfo  1
LogToConsole  0
NumericFocus  1
Seed  20260929
Threads  1

Optimize a model with 85 rows, 13 columns and 204 nonzeros (Min)
Model has 1 linear objective coefficients
Coefficient statistics:
  Matrix range     [3e-05, 2e+01]
  Objective range  [1e+00, 1e+00]
  Bounds range     [2e+01, 2e+01]
  RHS range        [3e-03, 3e+02]

LP warm-start: use basis

Iteration    Objective       Primal Inf.    Dual Inf.      Time
       0    1.0000000e+00   5.625000e-01   0.000000e+00      0s

Solved in 0 iterations and 0.00 seconds (0.00 work units)
Infeasible model

User-callback calls 38, time in user-callback 0.00 sec
Set parameter TimeLimit to value 30
Gurobi Optimizer version 13.0.2 build v13.0.2rc1 (win64 - Windows 11+.0 (26200.2))

CPU model: 13th Gen Intel(R) Core(TM) i7-13620H, instruction set [SSE2|AVX|AVX2]
Thread count: 10 physical cores, 16 logical processors, using up to 1 threads

Non-default parameters:
TimeLimit  30
SoftMemLimit  12
FeasibilityTol  1e-07
IntFeasTol  1e-07
MIPGap  0
OptimalityTol  1e-07
Method  1
NodeMethod  1
DualReductions  0
InfUnbdInfo  1
LogToConsole  0
NumericFocus  1
Seed  20260929
Threads  1

Optimize a model with 85 rows, 13 columns and 204 nonzeros (Min)
Model has 1 linear objective coefficients
Coefficient statistics:
  Matrix range     [3e-05, 2e+01]
  Objective range  [1e+00, 1e+00]
  Bounds range     [2e+01, 2e+01]
  RHS range        [3e-03, 3e+02]

LP warm-start: use basis

Iteration    Objective       Primal Inf.    Dual Inf.      Time
       0    1.0000000e+00   1.250000e+00   0.000000e+00      0s

Solved in 0 iterations and 0.00 seconds (0.00 work units)
Infeasible model

User-callback calls 38, time in user-callback 0.00 sec
Set parameter TimeLimit to value 30
Gurobi Optimizer version 13.0.2 build v13.0.2rc1 (win64 - Windows 11+.0 (26200.2))

CPU model: 13th Gen Intel(R) Core(TM) i7-13620H, instruction set [SSE2|AVX|AVX2]
Thread count: 10 physical cores, 16 logical processors, using up to 1 threads

Non-default parameters:
TimeLimit  30
SoftMemLimit  12
FeasibilityTol  1e-07
IntFeasTol  1e-07
MIPGap  0
OptimalityTol  1e-07
Method  1
NodeMethod  1
DualReductions  0
InfUnbdInfo  1
LogToConsole  0
NumericFocus  1
Seed  20260929
Threads  1

Optimize a model with 85 rows, 13 columns and 204 nonzeros (Min)
Model has 1 linear objective coefficients
Coefficient statistics:
  Matrix range     [3e-05, 2e+01]
  Objective range  [1e+00, 1e+00]
  Bounds range     [2e+01, 2e+01]
  RHS range        [3e-03, 1e+02]

LP warm-start: use basis

Iteration    Objective       Primal Inf.    Dual Inf.      Time
       0    1.0000000e+00   1.250000e+00   0.000000e+00      0s

Solved in 0 iterations and 0.00 seconds (0.00 work units)
Infeasible model

User-callback calls 38, time in user-callback 0.00 sec
Set parameter TimeLimit to value 30
Gurobi Optimizer version 13.0.2 build v13.0.2rc1 (win64 - Windows 11+.0 (26200.2))

CPU model: 13th Gen Intel(R) Core(TM) i7-13620H, instruction set [SSE2|AVX|AVX2]
Thread count: 10 physical cores, 16 logical processors, using up to 1 threads

Non-default parameters:
TimeLimit  30
SoftMemLimit  12
FeasibilityTol  1e-07
IntFeasTol  1e-07
MIPGap  0
OptimalityTol  1e-07
Method  1
NodeMethod  1
DualReductions  0
InfUnbdInfo  1
LogToConsole  0
NumericFocus  1
Seed  20260929
Threads  1

Optimize a model with 85 rows, 13 columns and 204 nonzeros (Min)
Model has 1 linear objective coefficients
Coefficient statistics:
  Matrix range     [3e-05, 2e+01]
  Objective range  [1e+00, 1e+00]
  Bounds range     [2e+01, 2e+01]
  RHS range        [3e-03, 3e+02]

LP warm-start: use basis

Iteration    Objective       Primal Inf.    Dual Inf.      Time
       0    1.0000000e+00   1.250000e+00   0.000000e+00      0s

Solved in 0 iterations and 0.00 seconds (0.00 work units)
Infeasible model

User-callback calls 38, time in user-callback 0.00 sec
Set parameter TimeLimit to value 30
Gurobi Optimizer version 13.0.2 build v13.0.2rc1 (win64 - Windows 11+.0 (26200.2))

CPU model: 13th Gen Intel(R) Core(TM) i7-13620H, instruction set [SSE2|AVX|AVX2]
Thread count: 10 physical cores, 16 logical processors, using up to 1 threads

Non-default parameters:
TimeLimit  30
SoftMemLimit  12
FeasibilityTol  1e-07
IntFeasTol  1e-07
MIPGap  0
OptimalityTol  1e-07
Method  1
NodeMethod  1
DualReductions  0
InfUnbdInfo  1
LogToConsole  0
NumericFocus  1
Seed  20260929
Threads  1

Optimize a model with 85 rows, 13 columns and 204 nonzeros (Min)
Model has 1 linear objective coefficients
Coefficient statistics:
  Matrix range     [3e-05, 2e+01]
  Objective range  [1e+00, 1e+00]
  Bounds range     [2e+01, 2e+01]
  RHS range        [3e-03, 3e+02]

LP warm-start: use basis

Iteration    Objective       Primal Inf.    Dual Inf.      Time
       0    1.0000000e+00   1.250000e+00   0.000000e+00      0s

Solved in 0 iterations and 0.00 seconds (0.00 work units)
Infeasible model

User-callback calls 38, time in user-callback 0.00 sec
Set parameter TimeLimit to value 30
Gurobi Optimizer version 13.0.2 build v13.0.2rc1 (win64 - Windows 11+.0 (26200.2))

CPU model: 13th Gen Intel(R) Core(TM) i7-13620H, instruction set [SSE2|AVX|AVX2]
Thread count: 10 physical cores, 16 logical processors, using up to 1 threads

Non-default parameters:
TimeLimit  30
SoftMemLimit  12
FeasibilityTol  1e-07
IntFeasTol  1e-07
MIPGap  0
OptimalityTol  1e-07
Method  1
NodeMethod  1
DualReductions  0
InfUnbdInfo  1
LogToConsole  0
NumericFocus  1
Seed  20260929
Threads  1

Optimize a model with 85 rows, 13 columns and 204 nonzeros (Min)
Model has 1 linear objective coefficients
Coefficient statistics:
  Matrix range     [3e-05, 2e+01]
  Objective range  [1e+00, 1e+00]
  Bounds range     [2e+01, 2e+01]
  RHS range        [3e-03, 3e+02]

LP warm-start: use basis

Iteration    Objective       Primal Inf.    Dual Inf.      Time
       0    1.0000000e+00   7.750000e-01   0.000000e+00      0s

Solved in 0 iterations and 0.00 seconds (0.00 work units)
Infeasible model

User-callback calls 38, time in user-callback 0.00 sec
Set parameter TimeLimit to value 30
Gurobi Optimizer version 13.0.2 build v13.0.2rc1 (win64 - Windows 11+.0 (26200.2))

CPU model: 13th Gen Intel(R) Core(TM) i7-13620H, instruction set [SSE2|AVX|AVX2]
Thread count: 10 physical cores, 16 logical processors, using up to 1 threads

Non-default parameters:
TimeLimit  30
SoftMemLimit  12
FeasibilityTol  1e-07
IntFeasTol  1e-07
MIPGap  0
OptimalityTol  1e-07
Method  1
NodeMethod  1
DualReductions  0
InfUnbdInfo  1
LogToConsole  0
NumericFocus  1
Seed  20260929
Threads  1

Optimize a model with 85 rows, 13 columns and 204 nonzeros (Min)
Model has 1 linear objective coefficients
Coefficient statistics:
  Matrix range     [3e-05, 2e+01]
  Objective range  [1e+00, 1e+00]
  Bounds range     [2e+01, 2e+01]
  RHS range        [3e-03, 1e+02]

LP warm-start: use basis

Iteration    Objective       Primal Inf.    Dual Inf.      Time
       0    1.0000000e+00   7.750000e-01   0.000000e+00      0s

Solved in 0 iterations and 0.00 seconds (0.00 work units)
Infeasible model

User-callback calls 38, time in user-callback 0.00 sec
Set parameter TimeLimit to value 30
Gurobi Optimizer version 13.0.2 build v13.0.2rc1 (win64 - Windows 11+.0 (26200.2))

CPU model: 13th Gen Intel(R) Core(TM) i7-13620H, instruction set [SSE2|AVX|AVX2]
Thread count: 10 physical cores, 16 logical processors, using up to 1 threads

Non-default parameters:
TimeLimit  30
SoftMemLimit  12
FeasibilityTol  1e-07
IntFeasTol  1e-07
MIPGap  0
OptimalityTol  1e-07
Method  1
NodeMethod  1
DualReductions  0
InfUnbdInfo  1
LogToConsole  0
NumericFocus  1
Seed  20260929
Threads  1

Optimize a model with 85 rows, 13 columns and 204 nonzeros (Min)
Model has 1 linear objective coefficients
Coefficient statistics:
  Matrix range     [3e-05, 2e+01]
  Objective range  [1e+00, 1e+00]
  Bounds range     [2e+01, 2e+01]
  RHS range        [3e-03, 3e+02]

LP warm-start: use basis

Iteration    Objective       Primal Inf.    Dual Inf.      Time
       0    1.0000000e+00   7.750000e-01   0.000000e+00      0s

Solved in 0 iterations and 0.00 seconds (0.00 work units)
Infeasible model

User-callback calls 38, time in user-callback 0.00 sec
Set parameter TimeLimit to value 30
Gurobi Optimizer version 13.0.2 build v13.0.2rc1 (win64 - Windows 11+.0 (26200.2))

CPU model: 13th Gen Intel(R) Core(TM) i7-13620H, instruction set [SSE2|AVX|AVX2]
Thread count: 10 physical cores, 16 logical processors, using up to 1 threads

Non-default parameters:
TimeLimit  30
SoftMemLimit  12
FeasibilityTol  1e-07
IntFeasTol  1e-07
MIPGap  0
OptimalityTol  1e-07
Method  1
NodeMethod  1
DualReductions  0
InfUnbdInfo  1
LogToConsole  0
NumericFocus  1
Seed  20260929
Threads  1

Optimize a model with 85 rows, 13 columns and 204 nonzeros (Min)
Model has 1 linear objective coefficients
Coefficient statistics:
  Matrix range     [3e-05, 2e+01]
  Objective range  [1e+00, 1e+00]
  Bounds range     [2e+01, 2e+01]
  RHS range        [3e-03, 3e+02]

LP warm-start: use basis

Iteration    Objective       Primal Inf.    Dual Inf.      Time
       0    1.0000000e+00   7.750000e-01   0.000000e+00      0s

Solved in 0 iterations and 0.00 seconds (0.00 work units)
Infeasible model

User-callback calls 38, time in user-callback 0.00 sec
Set parameter TimeLimit to value 30
Gurobi Optimizer version 13.0.2 build v13.0.2rc1 (win64 - Windows 11+.0 (26200.2))

CPU model: 13th Gen Intel(R) Core(TM) i7-13620H, instruction set [SSE2|AVX|AVX2]
Thread count: 10 physical cores, 16 logical processors, using up to 1 threads

Non-default parameters:
TimeLimit  30
SoftMemLimit  12
FeasibilityTol  1e-07
IntFeasTol  1e-07
MIPGap  0
OptimalityTol  1e-07
Method  1
NodeMethod  1
DualReductions  0
InfUnbdInfo  1
LogToConsole  0
NumericFocus  1
Seed  20260929
Threads  1

Optimize a model with 85 rows, 13 columns and 204 nonzeros (Min)
Model has 1 linear objective coefficients
Coefficient statistics:
  Matrix range     [3e-05, 2e+01]
  Objective range  [1e+00, 1e+00]
  Bounds range     [2e+01, 2e+01]
  RHS range        [3e-03, 3e+02]

LP warm-start: use basis

Iteration    Objective       Primal Inf.    Dual Inf.      Time
       0    1.0000000e+00   1.587500e+00   0.000000e+00      0s

Solved in 5 iterations and 0.00 seconds (0.00 work units)
Infeasible model

User-callback calls 44, time in user-callback 0.00 sec
Set parameter TimeLimit to value 30
Gurobi Optimizer version 13.0.2 build v13.0.2rc1 (win64 - Windows 11+.0 (26200.2))

CPU model: 13th Gen Intel(R) Core(TM) i7-13620H, instruction set [SSE2|AVX|AVX2]
Thread count: 10 physical cores, 16 logical processors, using up to 1 threads

Non-default parameters:
TimeLimit  30
SoftMemLimit  12
FeasibilityTol  1e-07
IntFeasTol  1e-07
MIPGap  0
OptimalityTol  1e-07
Method  1
NodeMethod  1
DualReductions  0
InfUnbdInfo  1
LogToConsole  0
NumericFocus  1
Seed  20260929
Threads  1

Optimize a model with 85 rows, 13 columns and 204 nonzeros (Min)
Model has 1 linear objective coefficients
Coefficient statistics:
  Matrix range     [3e-05, 2e+01]
  Objective range  [1e+00, 1e+00]
  Bounds range     [2e+01, 2e+01]
  RHS range        [3e-03, 1e+02]

LP warm-start: use basis

Iteration    Objective       Primal Inf.    Dual Inf.      Time
       0    1.2800000e+00   2.195000e+02   0.000000e+00      0s

Solved in 0 iterations and 0.00 seconds (0.00 work units)
Infeasible model

User-callback calls 38, time in user-callback 0.00 sec
Set parameter TimeLimit to value 30
Gurobi Optimizer version 13.0.2 build v13.0.2rc1 (win64 - Windows 11+.0 (26200.2))

CPU model: 13th Gen Intel(R) Core(TM) i7-13620H, instruction set [SSE2|AVX|AVX2]
Thread count: 10 physical cores, 16 logical processors, using up to 1 threads

Non-default parameters:
TimeLimit  30
SoftMemLimit  12
FeasibilityTol  1e-07
IntFeasTol  1e-07
MIPGap  0
OptimalityTol  1e-07
Method  1
NodeMethod  1
DualReductions  0
InfUnbdInfo  1
LogToConsole  0
NumericFocus  1
Seed  20260929
Threads  1

Optimize a model with 85 rows, 13 columns and 204 nonzeros (Min)
Model has 1 linear objective coefficients
Coefficient statistics:
  Matrix range     [3e-05, 2e+01]
  Objective range  [1e+00, 1e+00]
  Bounds range     [2e+01, 2e+01]
  RHS range        [3e-03, 3e+02]

LP warm-start: use basis

Iteration    Objective       Primal Inf.    Dual Inf.      Time
       0    1.2800000e+00   2.035000e+02   0.000000e+00      0s

Solved in 0 iterations and 0.00 seconds (0.00 work units)
Infeasible model

User-callback calls 38, time in user-callback 0.00 sec
Set parameter TimeLimit to value 30
Gurobi Optimizer version 13.0.2 build v13.0.2rc1 (win64 - Windows 11+.0 (26200.2))

CPU model: 13th Gen Intel(R) Core(TM) i7-13620H, instruction set [SSE2|AVX|AVX2]
Thread count: 10 physical cores, 16 logical processors, using up to 1 threads

Non-default parameters:
TimeLimit  30
SoftMemLimit  12
FeasibilityTol  1e-07
IntFeasTol  1e-07
MIPGap  0
OptimalityTol  1e-07
Method  1
NodeMethod  1
DualReductions  0
InfUnbdInfo  1
LogToConsole  0
NumericFocus  1
Seed  20260929
Threads  1

Optimize a model with 85 rows, 13 columns and 204 nonzeros (Min)
Model has 1 linear objective coefficients
Coefficient statistics:
  Matrix range     [3e-05, 2e+01]
  Objective range  [1e+00, 1e+00]
  Bounds range     [2e+01, 2e+01]
  RHS range        [3e-03, 3e+02]

LP warm-start: use basis

Iteration    Objective       Primal Inf.    Dual Inf.      Time
       0    1.2800000e+00   2.035000e+02   0.000000e+00      0s

Solved in 0 iterations and 0.00 seconds (0.00 work units)
Infeasible model

User-callback calls 38, time in user-callback 0.00 sec
Set parameter TimeLimit to value 30
Gurobi Optimizer version 13.0.2 build v13.0.2rc1 (win64 - Windows 11+.0 (26200.2))

CPU model: 13th Gen Intel(R) Core(TM) i7-13620H, instruction set [SSE2|AVX|AVX2]
Thread count: 10 physical cores, 16 logical processors, using up to 1 threads

Non-default parameters:
TimeLimit  30
SoftMemLimit  12
FeasibilityTol  1e-07
IntFeasTol  1e-07
MIPGap  0
OptimalityTol  1e-07
Method  1
NodeMethod  1
DualReductions  0
InfUnbdInfo  1
LogToConsole  0
NumericFocus  1
Seed  20260929
Threads  1

Optimize a model with 85 rows, 13 columns and 204 nonzeros (Min)
Model has 1 linear objective coefficients
Coefficient statistics:
  Matrix range     [3e-05, 2e+01]
  Objective range  [1e+00, 1e+00]
  Bounds range     [2e+01, 2e+01]
  RHS range        [3e-03, 3e+02]

LP warm-start: use basis

Iteration    Objective       Primal Inf.    Dual Inf.      Time
       0    7.6000000e-01   2.027222e+02   0.000000e+00      0s

Solved in 4 iterations and 0.00 seconds (0.00 work units)
Infeasible model

User-callback calls 43, time in user-callback 0.00 sec
Set parameter TimeLimit to value 30
Gurobi Optimizer version 13.0.2 build v13.0.2rc1 (win64 - Windows 11+.0 (26200.2))

CPU model: 13th Gen Intel(R) Core(TM) i7-13620H, instruction set [SSE2|AVX|AVX2]
Thread count: 10 physical cores, 16 logical processors, using up to 1 threads

Non-default parameters:
TimeLimit  30
SoftMemLimit  12
FeasibilityTol  1e-07
IntFeasTol  1e-07
MIPGap  0
OptimalityTol  1e-07
Method  1
NodeMethod  1
DualReductions  0
InfUnbdInfo  1
LogToConsole  0
NumericFocus  1
Seed  20260929
Threads  1

Optimize a model with 85 rows, 13 columns and 204 nonzeros (Min)
Model has 1 linear objective coefficients
Coefficient statistics:
  Matrix range     [3e-05, 2e+01]
  Objective range  [1e+00, 1e+00]
  Bounds range     [2e+01, 2e+01]
  RHS range        [3e-03, 3e+02]

LP warm-start: use basis

Iteration    Objective       Primal Inf.    Dual Inf.      Time
       0    1.0000000e+00   1.198970e+02   0.000000e+00      0s

Solved in 1 iterations and 0.00 seconds (0.00 work units)
Infeasible model

User-callback calls 40, time in user-callback 0.00 sec
Set parameter TimeLimit to value 30
Gurobi Optimizer version 13.0.2 build v13.0.2rc1 (win64 - Windows 11+.0 (26200.2))

CPU model: 13th Gen Intel(R) Core(TM) i7-13620H, instruction set [SSE2|AVX|AVX2]
Thread count: 10 physical cores, 16 logical processors, using up to 1 threads

Non-default parameters:
TimeLimit  30
SoftMemLimit  12
FeasibilityTol  1e-07
IntFeasTol  1e-07
MIPGap  0
OptimalityTol  1e-07
Method  1
NodeMethod  1
DualReductions  0
InfUnbdInfo  1
LogToConsole  0
NumericFocus  1
Seed  20260929
Threads  1

Optimize a model with 85 rows, 13 columns and 204 nonzeros (Min)
Model has 1 linear objective coefficients
Coefficient statistics:
  Matrix range     [3e-05, 2e+01]
  Objective range  [1e+00, 1e+00]
  Bounds range     [2e+01, 2e+01]
  RHS range        [3e-03, 3e+02]

LP warm-start: use basis

Iteration    Objective       Primal Inf.    Dual Inf.      Time
       0    1.0000000e+00   1.792750e+01   0.000000e+00      0s

Solved in 0 iterations and 0.00 seconds (0.00 work units)
Infeasible model

User-callback calls 38, time in user-callback 0.00 sec
Set parameter TimeLimit to value 30
Gurobi Optimizer version 13.0.2 build v13.0.2rc1 (win64 - Windows 11+.0 (26200.2))

CPU model: 13th Gen Intel(R) Core(TM) i7-13620H, instruction set [SSE2|AVX|AVX2]
Thread count: 10 physical cores, 16 logical processors, using up to 1 threads

Non-default parameters:
TimeLimit  30
SoftMemLimit  12
FeasibilityTol  1e-07
IntFeasTol  1e-07
MIPGap  0
OptimalityTol  1e-07
Method  1
NodeMethod  1
DualReductions  0
InfUnbdInfo  1
LogToConsole  0
NumericFocus  1
Seed  20260929
Threads  1

Optimize a model with 85 rows, 13 columns and 204 nonzeros (Min)
Model has 1 linear objective coefficients
Coefficient statistics:
  Matrix range     [3e-05, 2e+01]
  Objective range  [1e+00, 1e+00]
  Bounds range     [2e+01, 2e+01]
  RHS range        [3e-03, 3e+02]

LP warm-start: use basis

Iteration    Objective       Primal Inf.    Dual Inf.      Time
       0    1.0000000e+00   1.529250e+01   0.000000e+00      0s

Solved in 0 iterations and 0.00 seconds (0.00 work units)
Infeasible model

User-callback calls 38, time in user-callback 0.00 sec
Set parameter TimeLimit to value 30
Gurobi Optimizer version 13.0.2 build v13.0.2rc1 (win64 - Windows 11+.0 (26200.2))

CPU model: 13th Gen Intel(R) Core(TM) i7-13620H, instruction set [SSE2|AVX|AVX2]
Thread count: 10 physical cores, 16 logical processors, using up to 1 threads

Non-default parameters:
TimeLimit  30
SoftMemLimit  12
FeasibilityTol  1e-07
IntFeasTol  1e-07
MIPGap  0
OptimalityTol  1e-07
Method  1
NodeMethod  1
DualReductions  0
InfUnbdInfo  1
LogToConsole  0
NumericFocus  1
Seed  20260929
Threads  1

Optimize a model with 85 rows, 13 columns and 204 nonzeros (Min)
Model has 1 linear objective coefficients
Coefficient statistics:
  Matrix range     [3e-05, 2e+01]
  Objective range  [1e+00, 1e+00]
  Bounds range     [2e+01, 2e+01]
  RHS range        [3e-03, 3e+02]

LP warm-start: use basis

Iteration    Objective       Primal Inf.    Dual Inf.      Time
       0    1.0000000e+00   4.046290e+01   0.000000e+00      0s

Solved in 0 iterations and 0.00 seconds (0.00 work units)
Infeasible model

User-callback calls 38, time in user-callback 0.00 sec
Set parameter TimeLimit to value 30
Gurobi Optimizer version 13.0.2 build v13.0.2rc1 (win64 - Windows 11+.0 (26200.2))

CPU model: 13th Gen Intel(R) Core(TM) i7-13620H, instruction set [SSE2|AVX|AVX2]
Thread count: 10 physical cores, 16 logical processors, using up to 1 threads

Non-default parameters:
TimeLimit  30
SoftMemLimit  12
FeasibilityTol  1e-07
IntFeasTol  1e-07
MIPGap  0
OptimalityTol  1e-07
Method  1
NodeMethod  1
DualReductions  0
InfUnbdInfo  1
LogToConsole  0
NumericFocus  1
Seed  20260929
Threads  1

Optimize a model with 85 rows, 13 columns and 204 nonzeros (Min)
Model has 1 linear objective coefficients
Coefficient statistics:
  Matrix range     [3e-05, 2e+01]
  Objective range  [1e+00, 1e+00]
  Bounds range     [2e+01, 2e+01]
  RHS range        [3e-03, 3e+02]

LP warm-start: use basis

Iteration    Objective       Primal Inf.    Dual Inf.      Time
       0    1.0000000e+00   2.446290e+01   0.000000e+00      0s

Solved in 6 iterations and 0.00 seconds (0.00 work units)
Infeasible model

User-callback calls 45, time in user-callback 0.00 sec
Set parameter TimeLimit to value 30
Gurobi Optimizer version 13.0.2 build v13.0.2rc1 (win64 - Windows 11+.0 (26200.2))

CPU model: 13th Gen Intel(R) Core(TM) i7-13620H, instruction set [SSE2|AVX|AVX2]
Thread count: 10 physical cores, 16 logical processors, using up to 1 threads

Non-default parameters:
TimeLimit  30
SoftMemLimit  12
FeasibilityTol  1e-07
IntFeasTol  1e-07
MIPGap  0
OptimalityTol  1e-07
Method  1
NodeMethod  1
DualReductions  0
InfUnbdInfo  1
LogToConsole  0
NumericFocus  1
Seed  20260929
Threads  1

Optimize a model with 85 rows, 13 columns and 204 nonzeros (Min)
Model has 1 linear objective coefficients
Coefficient statistics:
  Matrix range     [3e-05, 2e+01]
  Objective range  [1e+00, 1e+00]
  Bounds range     [2e+01, 2e+01]
  RHS range        [3e-03, 3e+02]

LP warm-start: use basis

Iteration    Objective       Primal Inf.    Dual Inf.      Time
       0    1.0341192e+00   4.133144e+01   0.000000e+00      0s

Solved in 0 iterations and 0.00 seconds (0.00 work units)
Infeasible model

User-callback calls 38, time in user-callback 0.00 sec
Set parameter TimeLimit to value 30
Gurobi Optimizer version 13.0.2 build v13.0.2rc1 (win64 - Windows 11+.0 (26200.2))

CPU model: 13th Gen Intel(R) Core(TM) i7-13620H, instruction set [SSE2|AVX|AVX2]
Thread count: 10 physical cores, 16 logical processors, using up to 1 threads

Non-default parameters:
TimeLimit  30
SoftMemLimit  12
FeasibilityTol  1e-07
IntFeasTol  1e-07
MIPGap  0
OptimalityTol  1e-07
Method  1
NodeMethod  1
DualReductions  0
InfUnbdInfo  1
LogToConsole  0
NumericFocus  1
Seed  20260929
Threads  1

Optimize a model with 85 rows, 13 columns and 204 nonzeros (Min)
Model has 1 linear objective coefficients
Coefficient statistics:
  Matrix range     [3e-05, 2e+01]
  Objective range  [1e+00, 1e+00]
  Bounds range     [2e+01, 2e+01]
  RHS range        [3e-03, 3e+02]

LP warm-start: use basis

Iteration    Objective       Primal Inf.    Dual Inf.      Time
       0    1.0341192e+00   2.613888e+01   0.000000e+00      0s

Solved in 0 iterations and 0.00 seconds (0.00 work units)
Infeasible model

User-callback calls 38, time in user-callback 0.00 sec
Set parameter TimeLimit to value 30
Gurobi Optimizer version 13.0.2 build v13.0.2rc1 (win64 - Windows 11+.0 (26200.2))

CPU model: 13th Gen Intel(R) Core(TM) i7-13620H, instruction set [SSE2|AVX|AVX2]
Thread count: 10 physical cores, 16 logical processors, using up to 1 threads

Non-default parameters:
TimeLimit  30
SoftMemLimit  12
FeasibilityTol  1e-07
IntFeasTol  1e-07
MIPGap  0
OptimalityTol  1e-07
Method  1
NodeMethod  1
DualReductions  0
InfUnbdInfo  1
LogToConsole  0
NumericFocus  1
Seed  20260929
Threads  1

Optimize a model with 85 rows, 13 columns and 204 nonzeros (Min)
Model has 1 linear objective coefficients
Coefficient statistics:
  Matrix range     [3e-05, 2e+01]
  Objective range  [1e+00, 1e+00]
  Bounds range     [2e+01, 2e+01]
  RHS range        [3e-03, 3e+02]

LP warm-start: use basis

Iteration    Objective       Primal Inf.    Dual Inf.      Time
       0    7.8078584e-01   1.716916e+02   0.000000e+00      0s

Solved in 2 iterations and 0.00 seconds (0.00 work units)
Infeasible model

User-callback calls 41, time in user-callback 0.00 sec
Set parameter TimeLimit to value 30
Gurobi Optimizer version 13.0.2 build v13.0.2rc1 (win64 - Windows 11+.0 (26200.2))

CPU model: 13th Gen Intel(R) Core(TM) i7-13620H, instruction set [SSE2|AVX|AVX2]
Thread count: 10 physical cores, 16 logical processors, using up to 1 threads

Non-default parameters:
TimeLimit  30
SoftMemLimit  12
FeasibilityTol  1e-07
IntFeasTol  1e-07
MIPGap  0
OptimalityTol  1e-07
Method  1
NodeMethod  1
DualReductions  0
InfUnbdInfo  1
LogToConsole  0
NumericFocus  1
Seed  20260929
Threads  1

Optimize a model with 85 rows, 13 columns and 204 nonzeros (Min)
Model has 1 linear objective coefficients
Coefficient statistics:
  Matrix range     [3e-05, 2e+01]
  Objective range  [1e+00, 1e+00]
  Bounds range     [2e+01, 2e+01]
  RHS range        [3e-03, 3e+02]

LP warm-start: use basis

Iteration    Objective       Primal Inf.    Dual Inf.      Time
       0    1.0000000e+00   1.047211e+02   0.000000e+00      0s

Solved in 4 iterations and 0.00 seconds (0.00 work units)
Infeasible model

User-callback calls 43, time in user-callback 0.00 sec
Set parameter TimeLimit to value 30
Gurobi Optimizer version 13.0.2 build v13.0.2rc1 (win64 - Windows 11+.0 (26200.2))

CPU model: 13th Gen Intel(R) Core(TM) i7-13620H, instruction set [SSE2|AVX|AVX2]
Thread count: 10 physical cores, 16 logical processors, using up to 1 threads

Non-default parameters:
TimeLimit  30
SoftMemLimit  12
FeasibilityTol  1e-07
IntFeasTol  1e-07
MIPGap  0
OptimalityTol  1e-07
Method  1
NodeMethod  1
DualReductions  0
InfUnbdInfo  1
LogToConsole  0
NumericFocus  1
Seed  20260929
Threads  1

Optimize a model with 85 rows, 13 columns and 204 nonzeros (Min)
Model has 1 linear objective coefficients
Coefficient statistics:
  Matrix range     [3e-05, 2e+01]
  Objective range  [1e+00, 1e+00]
  Bounds range     [2e+01, 2e+01]
  RHS range        [3e-03, 3e+02]

LP warm-start: use basis

Iteration    Objective       Primal Inf.    Dual Inf.      Time
       0    1.0000000e+00   4.093835e+01   0.000000e+00      0s

Solved in 0 iterations and 0.00 seconds (0.00 work units)
Infeasible model

User-callback calls 38, time in user-callback 0.00 sec
Set parameter TimeLimit to value 30
Gurobi Optimizer version 13.0.2 build v13.0.2rc1 (win64 - Windows 11+.0 (26200.2))

CPU model: 13th Gen Intel(R) Core(TM) i7-13620H, instruction set [SSE2|AVX|AVX2]
Thread count: 10 physical cores, 16 logical processors, using up to 1 threads

Non-default parameters:
TimeLimit  30
SoftMemLimit  12
FeasibilityTol  1e-07
IntFeasTol  1e-07
MIPGap  0
OptimalityTol  1e-07
Method  1
NodeMethod  1
DualReductions  0
InfUnbdInfo  1
LogToConsole  0
NumericFocus  1
Seed  20260929
Threads  1

Optimize a model with 85 rows, 13 columns and 204 nonzeros (Min)
Model has 1 linear objective coefficients
Coefficient statistics:
  Matrix range     [3e-05, 2e+01]
  Objective range  [1e+00, 1e+00]
  Bounds range     [2e+01, 2e+01]
  RHS range        [3e-03, 3e+02]

LP warm-start: use basis

Iteration    Objective       Primal Inf.    Dual Inf.      Time
       0    1.0000000e+00   1.090327e+02   0.000000e+00      0s

Solved in 0 iterations and 0.00 seconds (0.00 work units)
Infeasible model

User-callback calls 38, time in user-callback 0.00 sec
Set parameter TimeLimit to value 30
Gurobi Optimizer version 13.0.2 build v13.0.2rc1 (win64 - Windows 11+.0 (26200.2))

CPU model: 13th Gen Intel(R) Core(TM) i7-13620H, instruction set [SSE2|AVX|AVX2]
Thread count: 10 physical cores, 16 logical processors, using up to 1 threads

Non-default parameters:
TimeLimit  30
SoftMemLimit  12
FeasibilityTol  1e-07
IntFeasTol  1e-07
MIPGap  0
OptimalityTol  1e-07
Method  1
NodeMethod  1
DualReductions  0
InfUnbdInfo  1
LogToConsole  0
NumericFocus  1
Seed  20260929
Threads  1

Optimize a model with 85 rows, 13 columns and 204 nonzeros (Min)
Model has 1 linear objective coefficients
Coefficient statistics:
  Matrix range     [3e-05, 2e+01]
  Objective range  [1e+00, 1e+00]
  Bounds range     [2e+01, 2e+01]
  RHS range        [3e-03, 3e+02]

LP warm-start: use basis

Iteration    Objective       Primal Inf.    Dual Inf.      Time
       0    1.0000000e+00   1.414924e+02   0.000000e+00      0s

Solved in 1 iterations and 0.00 seconds (0.00 work units)
Infeasible model

User-callback calls 40, time in user-callback 0.00 sec
Set parameter TimeLimit to value 30
Gurobi Optimizer version 13.0.2 build v13.0.2rc1 (win64 - Windows 11+.0 (26200.2))

CPU model: 13th Gen Intel(R) Core(TM) i7-13620H, instruction set [SSE2|AVX|AVX2]
Thread count: 10 physical cores, 16 logical processors, using up to 1 threads

Non-default parameters:
TimeLimit  30
SoftMemLimit  12
FeasibilityTol  1e-07
IntFeasTol  1e-07
MIPGap  0
OptimalityTol  1e-07
Method  1
NodeMethod  1
DualReductions  0
InfUnbdInfo  1
LogToConsole  0
NumericFocus  1
Seed  20260929
Threads  1

Optimize a model with 85 rows, 13 columns and 204 nonzeros (Min)
Model has 1 linear objective coefficients
Coefficient statistics:
  Matrix range     [3e-05, 2e+01]
  Objective range  [1e+00, 1e+00]
  Bounds range     [2e+01, 2e+01]
  RHS range        [3e-03, 3e+02]

LP warm-start: use basis

Iteration    Objective       Primal Inf.    Dual Inf.      Time
       0    1.0000000e+00   2.767244e+01   0.000000e+00      0s

Solved in 4 iterations and 0.00 seconds (0.00 work units)
Infeasible model

User-callback calls 43, time in user-callback 0.00 sec
Set parameter TimeLimit to value 30
Gurobi Optimizer version 13.0.2 build v13.0.2rc1 (win64 - Windows 11+.0 (26200.2))

CPU model: 13th Gen Intel(R) Core(TM) i7-13620H, instruction set [SSE2|AVX|AVX2]
Thread count: 10 physical cores, 16 logical processors, using up to 1 threads

Non-default parameters:
TimeLimit  30
SoftMemLimit  12
FeasibilityTol  1e-07
IntFeasTol  1e-07
MIPGap  0
OptimalityTol  1e-07
Method  1
NodeMethod  1
DualReductions  0
InfUnbdInfo  1
LogToConsole  0
NumericFocus  1
Seed  20260929
Threads  1

Optimize a model with 85 rows, 13 columns and 204 nonzeros (Min)
Model has 1 linear objective coefficients
Coefficient statistics:
  Matrix range     [3e-05, 2e+01]
  Objective range  [1e+00, 1e+00]
  Bounds range     [2e+01, 2e+01]
  RHS range        [3e-03, 3e+02]

LP warm-start: use basis

Iteration    Objective       Primal Inf.    Dual Inf.      Time
       0    1.0474525e+00   5.219937e+01   0.000000e+00      0s

Solved in 0 iterations and 0.00 seconds (0.00 work units)
Infeasible model

User-callback calls 38, time in user-callback 0.00 sec
Set parameter TimeLimit to value 30
Gurobi Optimizer version 13.0.2 build v13.0.2rc1 (win64 - Windows 11+.0 (26200.2))

CPU model: 13th Gen Intel(R) Core(TM) i7-13620H, instruction set [SSE2|AVX|AVX2]
Thread count: 10 physical cores, 16 logical processors, using up to 1 threads

Non-default parameters:
TimeLimit  30
SoftMemLimit  12
FeasibilityTol  1e-07
IntFeasTol  1e-07
MIPGap  0
OptimalityTol  1e-07
Method  1
NodeMethod  1
DualReductions  0
InfUnbdInfo  1
LogToConsole  0
NumericFocus  1
Seed  20260929
Threads  1

Optimize a model with 85 rows, 13 columns and 204 nonzeros (Min)
Model has 1 linear objective coefficients
Coefficient statistics:
  Matrix range     [3e-05, 2e+01]
  Objective range  [1e+00, 1e+00]
  Bounds range     [2e+01, 2e+01]
  RHS range        [3e-03, 3e+02]

LP warm-start: use basis

Iteration    Objective       Primal Inf.    Dual Inf.      Time
       0    1.0474525e+00   3.700681e+01   0.000000e+00      0s

Solved in 0 iterations and 0.00 seconds (0.00 work units)
Infeasible model

User-callback calls 38, time in user-callback 0.00 sec
Set parameter TimeLimit to value 30
Gurobi Optimizer version 13.0.2 build v13.0.2rc1 (win64 - Windows 11+.0 (26200.2))

CPU model: 13th Gen Intel(R) Core(TM) i7-13620H, instruction set [SSE2|AVX|AVX2]
Thread count: 10 physical cores, 16 logical processors, using up to 1 threads

Non-default parameters:
TimeLimit  30
SoftMemLimit  12
FeasibilityTol  1e-07
IntFeasTol  1e-07
MIPGap  0
OptimalityTol  1e-07
Method  1
NodeMethod  1
DualReductions  0
InfUnbdInfo  1
LogToConsole  0
NumericFocus  1
Seed  20260929
Threads  1

Optimize a model with 85 rows, 13 columns and 204 nonzeros (Min)
Model has 1 linear objective coefficients
Coefficient statistics:
  Matrix range     [3e-05, 2e+01]
  Objective range  [1e+00, 1e+00]
  Bounds range     [2e+01, 2e+01]
  RHS range        [3e-03, 3e+02]

LP warm-start: use basis

Iteration    Objective       Primal Inf.    Dual Inf.      Time
       0    5.6272359e-01   3.854146e+02   0.000000e+00      0s

Solved in 5 iterations and 0.00 seconds (0.00 work units)
Infeasible model

User-callback calls 44, time in user-callback 0.00 sec
Set parameter TimeLimit to value 30
Gurobi Optimizer version 13.0.2 build v13.0.2rc1 (win64 - Windows 11+.0 (26200.2))

CPU model: 13th Gen Intel(R) Core(TM) i7-13620H, instruction set [SSE2|AVX|AVX2]
Thread count: 10 physical cores, 16 logical processors, using up to 1 threads

Non-default parameters:
TimeLimit  30
SoftMemLimit  12
FeasibilityTol  1e-07
IntFeasTol  1e-07
MIPGap  0
OptimalityTol  1e-07
Method  1
NodeMethod  1
DualReductions  0
InfUnbdInfo  1
LogToConsole  0
NumericFocus  1
Seed  20260929
Threads  1

Optimize a model with 85 rows, 13 columns and 204 nonzeros (Min)
Model has 1 linear objective coefficients
Coefficient statistics:
  Matrix range     [3e-05, 2e+01]
  Objective range  [1e+00, 1e+00]
  Bounds range     [2e+01, 2e+01]
  RHS range        [3e-03, 3e+02]

LP warm-start: use basis

Iteration    Objective       Primal Inf.    Dual Inf.      Time
       0    1.0000000e+00   2.659628e-01   0.000000e+00      0s

Solved in 0 iterations and 0.00 seconds (0.00 work units)
Infeasible model

User-callback calls 38, time in user-callback 0.00 sec
Set parameter TimeLimit to value 30
Gurobi Optimizer version 13.0.2 build v13.0.2rc1 (win64 - Windows 11+.0 (26200.2))

CPU model: 13th Gen Intel(R) Core(TM) i7-13620H, instruction set [SSE2|AVX|AVX2]
Thread count: 10 physical cores, 16 logical processors, using up to 1 threads

Non-default parameters:
TimeLimit  30
SoftMemLimit  12
FeasibilityTol  1e-07
IntFeasTol  1e-07
MIPGap  0
OptimalityTol  1e-07
Method  1
NodeMethod  1
DualReductions  0
InfUnbdInfo  1
LogToConsole  0
NumericFocus  1
Seed  20260929
Threads  1

Optimize a model with 85 rows, 13 columns and 204 nonzeros (Min)
Model has 1 linear objective coefficients
Coefficient statistics:
  Matrix range     [3e-05, 2e+01]
  Objective range  [1e+00, 1e+00]
  Bounds range     [2e+01, 2e+01]
  RHS range        [3e-03, 3e+02]

LP warm-start: use basis

Iteration    Objective       Primal Inf.    Dual Inf.      Time
       0    1.0000000e+00   2.659628e-01   0.000000e+00      0s

Solved in 0 iterations and 0.00 seconds (0.00 work units)
Infeasible model

User-callback calls 38, time in user-callback 0.00 sec
Set parameter TimeLimit to value 30
Gurobi Optimizer version 13.0.2 build v13.0.2rc1 (win64 - Windows 11+.0 (26200.2))

CPU model: 13th Gen Intel(R) Core(TM) i7-13620H, instruction set [SSE2|AVX|AVX2]
Thread count: 10 physical cores, 16 logical processors, using up to 1 threads

Non-default parameters:
TimeLimit  30
SoftMemLimit  12
FeasibilityTol  1e-07
IntFeasTol  1e-07
MIPGap  0
OptimalityTol  1e-07
Method  1
NodeMethod  1
DualReductions  0
InfUnbdInfo  1
LogToConsole  0
NumericFocus  1
Seed  20260929
Threads  1

Optimize a model with 85 rows, 13 columns and 204 nonzeros (Min)
Model has 1 linear objective coefficients
Coefficient statistics:
  Matrix range     [3e-05, 2e+01]
  Objective range  [1e+00, 1e+00]
  Bounds range     [2e+01, 2e+01]
  RHS range        [3e-03, 3e+02]

LP warm-start: use basis

Iteration    Objective       Primal Inf.    Dual Inf.      Time
       0    1.0000000e+00   2.659628e-01   0.000000e+00      0s

Solved in 0 iterations and 0.00 seconds (0.00 work units)
Infeasible model

User-callback calls 38, time in user-callback 0.00 sec
Set parameter TimeLimit to value 30
Gurobi Optimizer version 13.0.2 build v13.0.2rc1 (win64 - Windows 11+.0 (26200.2))

CPU model: 13th Gen Intel(R) Core(TM) i7-13620H, instruction set [SSE2|AVX|AVX2]
Thread count: 10 physical cores, 16 logical processors, using up to 1 threads

Non-default parameters:
TimeLimit  30
SoftMemLimit  12
FeasibilityTol  1e-07
IntFeasTol  1e-07
MIPGap  0
OptimalityTol  1e-07
Method  1
NodeMethod  1
DualReductions  0
InfUnbdInfo  1
LogToConsole  0
NumericFocus  1
Seed  20260929
Threads  1

Optimize a model with 85 rows, 13 columns and 204 nonzeros (Min)
Model has 1 linear objective coefficients
Coefficient statistics:
  Matrix range     [3e-05, 2e+01]
  Objective range  [1e+00, 1e+00]
  Bounds range     [2e+01, 2e+01]
  RHS range        [3e-03, 3e+02]

LP warm-start: use basis

Iteration    Objective       Primal Inf.    Dual Inf.      Time
       0    1.0000000e+00   1.394988e+02   0.000000e+00      0s

Solved in 4 iterations and 0.00 seconds (0.00 work units)
Infeasible model

User-callback calls 43, time in user-callback 0.00 sec
Set parameter TimeLimit to value 30
Gurobi Optimizer version 13.0.2 build v13.0.2rc1 (win64 - Windows 11+.0 (26200.2))

CPU model: 13th Gen Intel(R) Core(TM) i7-13620H, instruction set [SSE2|AVX|AVX2]
Thread count: 10 physical cores, 16 logical processors, using up to 1 threads

Non-default parameters:
TimeLimit  30
SoftMemLimit  12
FeasibilityTol  1e-07
IntFeasTol  1e-07
MIPGap  0
OptimalityTol  1e-07
Method  1
NodeMethod  1
DualReductions  0
InfUnbdInfo  1
LogToConsole  0
NumericFocus  1
Seed  20260929
Threads  1

Optimize a model with 85 rows, 13 columns and 204 nonzeros (Min)
Model has 1 linear objective coefficients
Coefficient statistics:
  Matrix range     [3e-05, 2e+01]
  Objective range  [1e+00, 1e+00]
  Bounds range     [2e+01, 2e+01]
  RHS range        [3e-03, 3e+02]

LP warm-start: use basis

Iteration    Objective       Primal Inf.    Dual Inf.      Time
       0    1.0266667e+00   3.793053e+01   0.000000e+00      0s

Solved in 1 iterations and 0.00 seconds (0.00 work units)
Infeasible model

User-callback calls 40, time in user-callback 0.00 sec
Set parameter TimeLimit to value 30
Gurobi Optimizer version 13.0.2 build v13.0.2rc1 (win64 - Windows 11+.0 (26200.2))

CPU model: 13th Gen Intel(R) Core(TM) i7-13620H, instruction set [SSE2|AVX|AVX2]
Thread count: 10 physical cores, 16 logical processors, using up to 1 threads

Non-default parameters:
TimeLimit  30
SoftMemLimit  12
FeasibilityTol  1e-07
IntFeasTol  1e-07
MIPGap  0
OptimalityTol  1e-07
Method  1
NodeMethod  1
DualReductions  0
InfUnbdInfo  1
LogToConsole  0
NumericFocus  1
Seed  20260929
Threads  1

Optimize a model with 85 rows, 13 columns and 204 nonzeros (Min)
Model has 1 linear objective coefficients
Coefficient statistics:
  Matrix range     [3e-05, 2e+01]
  Objective range  [1e+00, 1e+00]
  Bounds range     [2e+01, 2e+01]
  RHS range        [3e-03, 3e+02]

LP warm-start: use basis

Iteration    Objective       Primal Inf.    Dual Inf.      Time
       0    1.2666667e+00   2.193938e+02   0.000000e+00      0s

Solved in 0 iterations and 0.00 seconds (0.00 work units)
Infeasible model

User-callback calls 38, time in user-callback 0.00 sec
Set parameter TimeLimit to value 30
Gurobi Optimizer version 13.0.2 build v13.0.2rc1 (win64 - Windows 11+.0 (26200.2))

CPU model: 13th Gen Intel(R) Core(TM) i7-13620H, instruction set [SSE2|AVX|AVX2]
Thread count: 10 physical cores, 16 logical processors, using up to 1 threads

Non-default parameters:
TimeLimit  30
SoftMemLimit  12
FeasibilityTol  1e-07
IntFeasTol  1e-07
MIPGap  0
OptimalityTol  1e-07
Method  1
NodeMethod  1
DualReductions  0
InfUnbdInfo  1
LogToConsole  0
NumericFocus  1
Seed  20260929
Threads  1

Optimize a model with 85 rows, 13 columns and 204 nonzeros (Min)
Model has 1 linear objective coefficients
Coefficient statistics:
  Matrix range     [3e-05, 2e+01]
  Objective range  [1e+00, 1e+00]
  Bounds range     [2e+01, 2e+01]
  RHS range        [3e-03, 3e+02]

LP warm-start: use basis

Iteration    Objective       Primal Inf.    Dual Inf.      Time
       0    1.0266667e+00   2.082392e+01   0.000000e+00      0s

Solved in 0 iterations and 0.00 seconds (0.00 work units)
Infeasible model

User-callback calls 38, time in user-callback 0.00 sec
Set parameter TimeLimit to value 30
Gurobi Optimizer version 13.0.2 build v13.0.2rc1 (win64 - Windows 11+.0 (26200.2))

CPU model: 13th Gen Intel(R) Core(TM) i7-13620H, instruction set [SSE2|AVX|AVX2]
Thread count: 10 physical cores, 16 logical processors, using up to 1 threads

Non-default parameters:
TimeLimit  30
SoftMemLimit  12
FeasibilityTol  1e-07
IntFeasTol  1e-07
MIPGap  0
OptimalityTol  1e-07
Method  1
NodeMethod  1
DualReductions  0
InfUnbdInfo  1
LogToConsole  0
NumericFocus  1
Seed  20260929
Threads  1

Optimize a model with 85 rows, 13 columns and 204 nonzeros (Min)
Model has 1 linear objective coefficients
Coefficient statistics:
  Matrix range     [3e-05, 2e+01]
  Objective range  [1e+00, 1e+00]
  Bounds range     [2e+01, 2e+01]
  RHS range        [3e-03, 3e+02]

LP warm-start: use basis

Iteration    Objective       Primal Inf.    Dual Inf.      Time
       0    1.0133333e+00   3.912731e+01   0.000000e+00      0s

Solved in 1 iterations and 0.00 seconds (0.00 work units)
Infeasible model

User-callback calls 40, time in user-callback 0.00 sec
Set parameter TimeLimit to value 30
Gurobi Optimizer version 13.0.2 build v13.0.2rc1 (win64 - Windows 11+.0 (26200.2))

CPU model: 13th Gen Intel(R) Core(TM) i7-13620H, instruction set [SSE2|AVX|AVX2]
Thread count: 10 physical cores, 16 logical processors, using up to 1 threads

Non-default parameters:
TimeLimit  30
SoftMemLimit  12
FeasibilityTol  1e-07
IntFeasTol  1e-07
MIPGap  0
OptimalityTol  1e-07
Method  1
NodeMethod  1
DualReductions  0
InfUnbdInfo  1
LogToConsole  0
NumericFocus  1
Seed  20260929
Threads  1

Optimize a model with 85 rows, 13 columns and 204 nonzeros (Min)
Model has 1 linear objective coefficients
Coefficient statistics:
  Matrix range     [3e-05, 2e+01]
  Objective range  [1e+00, 1e+00]
  Bounds range     [2e+01, 2e+01]
  RHS range        [3e-03, 3e+02]

LP warm-start: use basis

Iteration    Objective       Primal Inf.    Dual Inf.      Time
       0    7.7333333e-01   1.769167e+02   0.000000e+00      0s

Solved in 3 iterations and 0.00 seconds (0.00 work units)
Infeasible model

User-callback calls 42, time in user-callback 0.00 sec
Set parameter TimeLimit to value 30
Gurobi Optimizer version 13.0.2 build v13.0.2rc1 (win64 - Windows 11+.0 (26200.2))

CPU model: 13th Gen Intel(R) Core(TM) i7-13620H, instruction set [SSE2|AVX|AVX2]
Thread count: 10 physical cores, 16 logical processors, using up to 1 threads

Non-default parameters:
TimeLimit  30
SoftMemLimit  12
FeasibilityTol  1e-07
IntFeasTol  1e-07
MIPGap  0
OptimalityTol  1e-07
Method  1
NodeMethod  1
DualReductions  0
InfUnbdInfo  1
LogToConsole  0
NumericFocus  1
Seed  20260929
Threads  1

Optimize a model with 85 rows, 13 columns and 204 nonzeros (Min)
Model has 1 linear objective coefficients
Coefficient statistics:
  Matrix range     [3e-05, 2e+01]
  Objective range  [1e+00, 1e+00]
  Bounds range     [2e+01, 2e+01]
  RHS range        [3e-03, 3e+02]

LP warm-start: use basis

Iteration    Objective       Primal Inf.    Dual Inf.      Time
       0    1.0000000e+00   1.351241e+00   0.000000e+00      0s

Solved in 3 iterations and 0.00 seconds (0.00 work units)
Infeasible model

User-callback calls 42, time in user-callback 0.00 sec
Set parameter TimeLimit to value 30
Gurobi Optimizer version 13.0.2 build v13.0.2rc1 (win64 - Windows 11+.0 (26200.2))

CPU model: 13th Gen Intel(R) Core(TM) i7-13620H, instruction set [SSE2|AVX|AVX2]
Thread count: 10 physical cores, 16 logical processors, using up to 1 threads

Non-default parameters:
TimeLimit  30
SoftMemLimit  12
FeasibilityTol  1e-07
IntFeasTol  1e-07
MIPGap  0
OptimalityTol  1e-07
Method  1
NodeMethod  1
DualReductions  0
InfUnbdInfo  1
LogToConsole  0
NumericFocus  1
Seed  20260929
Threads  1

Optimize a model with 85 rows, 13 columns and 204 nonzeros (Min)
Model has 1 linear objective coefficients
Coefficient statistics:
  Matrix range     [3e-05, 2e+01]
  Objective range  [1e+00, 1e+00]
  Bounds range     [2e+01, 2e+01]
  RHS range        [3e-03, 3e+02]

LP warm-start: use basis

Iteration    Objective       Primal Inf.    Dual Inf.      Time
       0    7.7333333e-01   1.769167e+02   0.000000e+00      0s

Solved in 3 iterations and 0.00 seconds (0.00 work units)
Infeasible model

User-callback calls 42, time in user-callback 0.00 sec
Set parameter TimeLimit to value 30
Gurobi Optimizer version 13.0.2 build v13.0.2rc1 (win64 - Windows 11+.0 (26200.2))

CPU model: 13th Gen Intel(R) Core(TM) i7-13620H, instruction set [SSE2|AVX|AVX2]
Thread count: 10 physical cores, 16 logical processors, using up to 1 threads

Non-default parameters:
TimeLimit  30
SoftMemLimit  12
FeasibilityTol  1e-07
IntFeasTol  1e-07
MIPGap  0
OptimalityTol  1e-07
Method  1
NodeMethod  1
DualReductions  0
InfUnbdInfo  1
LogToConsole  0
NumericFocus  1
Seed  20260929
Threads  1

Optimize a model with 85 rows, 13 columns and 204 nonzeros (Min)
Model has 1 linear objective coefficients
Coefficient statistics:
  Matrix range     [3e-05, 2e+01]
  Objective range  [1e+00, 1e+00]
  Bounds range     [2e+01, 2e+01]
  RHS range        [3e-03, 3e+02]

LP warm-start: use basis

Iteration    Objective       Primal Inf.    Dual Inf.      Time
       0    1.0000000e+00   5.003718e+01   0.000000e+00      0s

Solved in 3 iterations and 0.00 seconds (0.00 work units)
Infeasible model

User-callback calls 42, time in user-callback 0.00 sec
Set parameter TimeLimit to value 30
Gurobi Optimizer version 13.0.2 build v13.0.2rc1 (win64 - Windows 11+.0 (26200.2))

CPU model: 13th Gen Intel(R) Core(TM) i7-13620H, instruction set [SSE2|AVX|AVX2]
Thread count: 10 physical cores, 16 logical processors, using up to 1 threads

Non-default parameters:
TimeLimit  30
SoftMemLimit  12
FeasibilityTol  1e-07
IntFeasTol  1e-07
MIPGap  0
OptimalityTol  1e-07
Method  1
NodeMethod  1
DualReductions  0
InfUnbdInfo  1
LogToConsole  0
NumericFocus  1
Seed  20260929
Threads  1

Optimize a model with 85 rows, 13 columns and 204 nonzeros (Min)
Model has 1 linear objective coefficients
Coefficient statistics:
  Matrix range     [3e-05, 2e+01]
  Objective range  [1e+00, 1e+00]
  Bounds range     [2e+01, 2e+01]
  RHS range        [3e-03, 3e+02]

LP warm-start: use basis

Iteration    Objective       Primal Inf.    Dual Inf.      Time
       0    1.0400000e+00   4.837752e+01   0.000000e+00      0s

Solved in 0 iterations and 0.00 seconds (0.00 work units)
Infeasible model

User-callback calls 38, time in user-callback 0.00 sec
Set parameter TimeLimit to value 30
Gurobi Optimizer version 13.0.2 build v13.0.2rc1 (win64 - Windows 11+.0 (26200.2))

CPU model: 13th Gen Intel(R) Core(TM) i7-13620H, instruction set [SSE2|AVX|AVX2]
Thread count: 10 physical cores, 16 logical processors, using up to 1 threads

Non-default parameters:
TimeLimit  30
SoftMemLimit  12
FeasibilityTol  1e-07
IntFeasTol  1e-07
MIPGap  0
OptimalityTol  1e-07
Method  1
NodeMethod  1
DualReductions  0
InfUnbdInfo  1
LogToConsole  0
NumericFocus  1
Seed  20260929
Threads  1

Optimize a model with 85 rows, 13 columns and 204 nonzeros (Min)
Model has 1 linear objective coefficients
Coefficient statistics:
  Matrix range     [3e-05, 2e+01]
  Objective range  [1e+00, 1e+00]
  Bounds range     [2e+01, 2e+01]
  RHS range        [3e-03, 3e+02]

LP warm-start: use basis

Iteration    Objective       Primal Inf.    Dual Inf.      Time
       0    1.2800000e+00   2.031250e+02   0.000000e+00      0s

Solved in 0 iterations and 0.00 seconds (0.00 work units)
Infeasible model

User-callback calls 38, time in user-callback 0.00 sec
Set parameter TimeLimit to value 30
Gurobi Optimizer version 13.0.2 build v13.0.2rc1 (win64 - Windows 11+.0 (26200.2))

CPU model: 13th Gen Intel(R) Core(TM) i7-13620H, instruction set [SSE2|AVX|AVX2]
Thread count: 10 physical cores, 16 logical processors, using up to 1 threads

Non-default parameters:
TimeLimit  30
SoftMemLimit  12
FeasibilityTol  1e-07
IntFeasTol  1e-07
MIPGap  0
OptimalityTol  1e-07
Method  1
NodeMethod  1
DualReductions  0
InfUnbdInfo  1
LogToConsole  0
NumericFocus  1
Seed  20260929
Threads  1

Optimize a model with 85 rows, 13 columns and 204 nonzeros (Min)
Model has 1 linear objective coefficients
Coefficient statistics:
  Matrix range     [3e-05, 2e+01]
  Objective range  [1e+00, 1e+00]
  Bounds range     [2e+01, 2e+01]
  RHS range        [3e-03, 3e+02]

LP warm-start: use basis

Iteration    Objective       Primal Inf.    Dual Inf.      Time
       0    1.0400000e+00   4.571085e+01   0.000000e+00      0s

Solved in 0 iterations and 0.00 seconds (0.00 work units)
Infeasible model

User-callback calls 38, time in user-callback 0.00 sec
Set parameter TimeLimit to value 30
Gurobi Optimizer version 13.0.2 build v13.0.2rc1 (win64 - Windows 11+.0 (26200.2))

CPU model: 13th Gen Intel(R) Core(TM) i7-13620H, instruction set [SSE2|AVX|AVX2]
Thread count: 10 physical cores, 16 logical processors, using up to 1 threads

Non-default parameters:
TimeLimit  30
SoftMemLimit  12
FeasibilityTol  1e-07
IntFeasTol  1e-07
MIPGap  0
OptimalityTol  1e-07
Method  1
NodeMethod  1
DualReductions  0
InfUnbdInfo  1
LogToConsole  0
NumericFocus  1
Seed  20260929
Threads  1

Optimize a model with 85 rows, 13 columns and 204 nonzeros (Min)
Model has 1 linear objective coefficients
Coefficient statistics:
  Matrix range     [3e-05, 2e+01]
  Objective range  [1e+00, 1e+00]
  Bounds range     [2e+01, 2e+01]
  RHS range        [3e-03, 3e+02]

LP warm-start: use basis

Iteration    Objective       Primal Inf.    Dual Inf.      Time
       0    6.4708079e-01   2.960398e+02   0.000000e+00      0s

Solved in 2 iterations and 0.00 seconds (0.00 work units)
Infeasible model

User-callback calls 41, time in user-callback 0.00 sec
Set parameter TimeLimit to value 30
Gurobi Optimizer version 13.0.2 build v13.0.2rc1 (win64 - Windows 11+.0 (26200.2))

CPU model: 13th Gen Intel(R) Core(TM) i7-13620H, instruction set [SSE2|AVX|AVX2]
Thread count: 10 physical cores, 16 logical processors, using up to 1 threads

Non-default parameters:
TimeLimit  30
SoftMemLimit  12
FeasibilityTol  1e-07
IntFeasTol  1e-07
MIPGap  0
OptimalityTol  1e-07
Method  1
NodeMethod  1
DualReductions  0
InfUnbdInfo  1
LogToConsole  0
NumericFocus  1
Seed  20260929
Threads  1

Optimize a model with 85 rows, 13 columns and 204 nonzeros (Min)
Model has 1 linear objective coefficients
Coefficient statistics:
  Matrix range     [3e-05, 2e+01]
  Objective range  [1e+00, 1e+00]
  Bounds range     [2e+01, 2e+01]
  RHS range        [3e-03, 3e+02]

LP warm-start: use basis

Iteration    Objective       Primal Inf.    Dual Inf.      Time
       0    1.0000000e+00   1.055274e+02   0.000000e+00      0s

Solved in 3 iterations and 0.00 seconds (0.00 work units)
Infeasible model

User-callback calls 42, time in user-callback 0.00 sec
Set parameter TimeLimit to value 30
Gurobi Optimizer version 13.0.2 build v13.0.2rc1 (win64 - Windows 11+.0 (26200.2))

CPU model: 13th Gen Intel(R) Core(TM) i7-13620H, instruction set [SSE2|AVX|AVX2]
Thread count: 10 physical cores, 16 logical processors, using up to 1 threads

Non-default parameters:
TimeLimit  30
SoftMemLimit  12
FeasibilityTol  1e-07
IntFeasTol  1e-07
MIPGap  0
OptimalityTol  1e-07
Method  1
NodeMethod  1
DualReductions  0
InfUnbdInfo  1
LogToConsole  0
NumericFocus  1
Seed  20260929
Threads  1

Optimize a model with 85 rows, 13 columns and 204 nonzeros (Min)
Model has 1 linear objective coefficients
Coefficient statistics:
  Matrix range     [3e-05, 2e+01]
  Objective range  [1e+00, 1e+00]
  Bounds range     [2e+01, 2e+01]
  RHS range        [3e-03, 3e+02]

LP warm-start: use basis

Iteration    Objective       Primal Inf.    Dual Inf.      Time
       0    1.0000000e+00   4.562930e+01   0.000000e+00      0s

Solved in 0 iterations and 0.00 seconds (0.00 work units)
Infeasible model

User-callback calls 38, time in user-callback 0.00 sec
Set parameter TimeLimit to value 30
Gurobi Optimizer version 13.0.2 build v13.0.2rc1 (win64 - Windows 11+.0 (26200.2))

CPU model: 13th Gen Intel(R) Core(TM) i7-13620H, instruction set [SSE2|AVX|AVX2]
Thread count: 10 physical cores, 16 logical processors, using up to 1 threads

Non-default parameters:
TimeLimit  30
SoftMemLimit  12
FeasibilityTol  1e-07
IntFeasTol  1e-07
MIPGap  0
OptimalityTol  1e-07
Method  1
NodeMethod  1
DualReductions  0
InfUnbdInfo  1
LogToConsole  0
NumericFocus  1
Seed  20260929
Threads  1

Optimize a model with 85 rows, 13 columns and 204 nonzeros (Min)
Model has 1 linear objective coefficients
Coefficient statistics:
  Matrix range     [3e-05, 2e+01]
  Objective range  [1e+00, 1e+00]
  Bounds range     [2e+01, 2e+01]
  RHS range        [3e-03, 3e+02]

LP warm-start: use basis

Iteration    Objective       Primal Inf.    Dual Inf.      Time
       0    1.0000000e+00   2.984085e+01   0.000000e+00      0s

Solved in 0 iterations and 0.00 seconds (0.00 work units)
Infeasible model

User-callback calls 38, time in user-callback 0.00 sec
Set parameter TimeLimit to value 30
Gurobi Optimizer version 13.0.2 build v13.0.2rc1 (win64 - Windows 11+.0 (26200.2))

CPU model: 13th Gen Intel(R) Core(TM) i7-13620H, instruction set [SSE2|AVX|AVX2]
Thread count: 10 physical cores, 16 logical processors, using up to 1 threads

Non-default parameters:
TimeLimit  30
SoftMemLimit  12
FeasibilityTol  1e-07
IntFeasTol  1e-07
MIPGap  0
OptimalityTol  1e-07
Method  1
NodeMethod  1
DualReductions  0
InfUnbdInfo  1
LogToConsole  0
NumericFocus  1
Seed  20260929
Threads  1

Optimize a model with 85 rows, 13 columns and 204 nonzeros (Min)
Model has 1 linear objective coefficients
Coefficient statistics:
  Matrix range     [3e-05, 2e+01]
  Objective range  [1e+00, 1e+00]
  Bounds range     [2e+01, 2e+01]
  RHS range        [3e-03, 3e+02]

LP warm-start: use basis

Iteration    Objective       Primal Inf.    Dual Inf.      Time
       0    1.0000000e+00   1.246008e+02   0.000000e+00      0s

Solved in 1 iterations and 0.00 seconds (0.00 work units)
Infeasible model

User-callback calls 40, time in user-callback 0.00 sec
Set parameter TimeLimit to value 30
Gurobi Optimizer version 13.0.2 build v13.0.2rc1 (win64 - Windows 11+.0 (26200.2))

CPU model: 13th Gen Intel(R) Core(TM) i7-13620H, instruction set [SSE2|AVX|AVX2]
Thread count: 10 physical cores, 16 logical processors, using up to 1 threads

Non-default parameters:
TimeLimit  30
SoftMemLimit  12
FeasibilityTol  1e-07
IntFeasTol  1e-07
MIPGap  0
OptimalityTol  1e-07
Method  1
NodeMethod  1
DualReductions  0
InfUnbdInfo  1
LogToConsole  0
NumericFocus  1
Seed  20260929
Threads  1

Optimize a model with 85 rows, 13 columns and 204 nonzeros (Min)
Model has 1 linear objective coefficients
Coefficient statistics:
  Matrix range     [3e-05, 2e+01]
  Objective range  [1e+00, 1e+00]
  Bounds range     [2e+01, 2e+01]
  RHS range        [3e-03, 3e+02]

LP warm-start: use basis

Iteration    Objective       Primal Inf.    Dual Inf.      Time
       0    1.0000000e+00   1.098284e+01   0.000000e+00      0s

Solved in 4 iterations and 0.00 seconds (0.00 work units)
Infeasible model

User-callback calls 43, time in user-callback 0.00 sec
Set parameter TimeLimit to value 30
Gurobi Optimizer version 13.0.2 build v13.0.2rc1 (win64 - Windows 11+.0 (26200.2))

CPU model: 13th Gen Intel(R) Core(TM) i7-13620H, instruction set [SSE2|AVX|AVX2]
Thread count: 10 physical cores, 16 logical processors, using up to 1 threads

Non-default parameters:
TimeLimit  30
SoftMemLimit  12
FeasibilityTol  1e-07
IntFeasTol  1e-07
MIPGap  0
OptimalityTol  1e-07
Method  1
NodeMethod  1
DualReductions  0
InfUnbdInfo  1
LogToConsole  0
NumericFocus  1
Seed  20260929
Threads  1

Optimize a model with 85 rows, 13 columns and 204 nonzeros (Min)
Model has 1 linear objective coefficients
Coefficient statistics:
  Matrix range     [3e-05, 2e+01]
  Objective range  [1e+00, 1e+00]
  Bounds range     [2e+01, 2e+01]
  RHS range        [3e-03, 3e+02]

LP warm-start: use basis

Iteration    Objective       Primal Inf.    Dual Inf.      Time
       0    1.0000000e+00   2.064214e+01   0.000000e+00      0s

Solved in 0 iterations and 0.00 seconds (0.00 work units)
Infeasible model

User-callback calls 38, time in user-callback 0.00 sec
Set parameter TimeLimit to value 30
Gurobi Optimizer version 13.0.2 build v13.0.2rc1 (win64 - Windows 11+.0 (26200.2))

CPU model: 13th Gen Intel(R) Core(TM) i7-13620H, instruction set [SSE2|AVX|AVX2]
Thread count: 10 physical cores, 16 logical processors, using up to 1 threads

Non-default parameters:
TimeLimit  30
SoftMemLimit  12
FeasibilityTol  1e-07
IntFeasTol  1e-07
MIPGap  0
OptimalityTol  1e-07
Method  1
NodeMethod  1
DualReductions  0
InfUnbdInfo  1
LogToConsole  0
NumericFocus  1
Seed  20260929
Threads  1

Optimize a model with 85 rows, 13 columns and 204 nonzeros (Min)
Model has 1 linear objective coefficients
Coefficient statistics:
  Matrix range     [3e-05, 2e+01]
  Objective range  [1e+00, 1e+00]
  Bounds range     [2e+01, 2e+01]
  RHS range        [3e-03, 3e+02]

LP warm-start: use basis

Iteration    Objective       Primal Inf.    Dual Inf.      Time
       0    1.0000000e+00   3.174963e+00   0.000000e+00      0s

Solved in 0 iterations and 0.00 seconds (0.00 work units)
Infeasible model

User-callback calls 38, time in user-callback 0.00 sec
Set parameter TimeLimit to value 30
Gurobi Optimizer version 13.0.2 build v13.0.2rc1 (win64 - Windows 11+.0 (26200.2))

CPU model: 13th Gen Intel(R) Core(TM) i7-13620H, instruction set [SSE2|AVX|AVX2]
Thread count: 10 physical cores, 16 logical processors, using up to 1 threads

Non-default parameters:
TimeLimit  30
SoftMemLimit  12
FeasibilityTol  1e-07
IntFeasTol  1e-07
MIPGap  0
OptimalityTol  1e-07
Method  1
NodeMethod  1
DualReductions  0
InfUnbdInfo  1
LogToConsole  0
NumericFocus  1
Seed  20260929
Threads  1

Optimize a model with 85 rows, 13 columns and 204 nonzeros (Min)
Model has 1 linear objective coefficients
Coefficient statistics:
  Matrix range     [3e-05, 2e+01]
  Objective range  [1e+00, 1e+00]
  Bounds range     [2e+01, 2e+01]
  RHS range        [3e-03, 3e+02]

LP warm-start: use basis

Iteration    Objective       Primal Inf.    Dual Inf.      Time
       0    1.0000000e+00   4.676319e+01   0.000000e+00      0s

Solved in 0 iterations and 0.00 seconds (0.00 work units)
Infeasible model

User-callback calls 38, time in user-callback 0.00 sec
Set parameter TimeLimit to value 30
Gurobi Optimizer version 13.0.2 build v13.0.2rc1 (win64 - Windows 11+.0 (26200.2))

CPU model: 13th Gen Intel(R) Core(TM) i7-13620H, instruction set [SSE2|AVX|AVX2]
Thread count: 10 physical cores, 16 logical processors, using up to 1 threads

Non-default parameters:
TimeLimit  30
SoftMemLimit  12
FeasibilityTol  1e-07
IntFeasTol  1e-07
MIPGap  0
OptimalityTol  1e-07
Method  1
NodeMethod  1
DualReductions  0
InfUnbdInfo  1
LogToConsole  0
NumericFocus  1
Seed  20260929
Threads  1

Optimize a model with 85 rows, 13 columns and 204 nonzeros (Min)
Model has 1 linear objective coefficients
Coefficient statistics:
  Matrix range     [3e-05, 2e+01]
  Objective range  [1e+00, 1e+00]
  Bounds range     [2e+01, 2e+01]
  RHS range        [3e-03, 3e+02]

LP warm-start: use basis

Iteration    Objective       Primal Inf.    Dual Inf.      Time
       0    1.0000000e+00   3.157063e+01   0.000000e+00      0s

Solved in 2 iterations and 0.00 seconds (0.00 work units)
Infeasible model

User-callback calls 41, time in user-callback 0.00 sec
Set parameter TimeLimit to value 30
Gurobi Optimizer version 13.0.2 build v13.0.2rc1 (win64 - Windows 11+.0 (26200.2))

CPU model: 13th Gen Intel(R) Core(TM) i7-13620H, instruction set [SSE2|AVX|AVX2]
Thread count: 10 physical cores, 16 logical processors, using up to 1 threads

Non-default parameters:
TimeLimit  30
SoftMemLimit  12
FeasibilityTol  1e-07
IntFeasTol  1e-07
MIPGap  0
OptimalityTol  1e-07
Method  1
NodeMethod  1
DualReductions  0
InfUnbdInfo  1
LogToConsole  0
NumericFocus  1
Seed  20260929
Threads  1

Optimize a model with 85 rows, 13 columns and 204 nonzeros (Min)
Model has 1 linear objective coefficients
Coefficient statistics:
  Matrix range     [3e-05, 2e+01]
  Objective range  [1e+00, 1e+00]
  Bounds range     [2e+01, 2e+01]
  RHS range        [3e-03, 3e+02]

LP warm-start: use basis

Iteration    Objective       Primal Inf.    Dual Inf.      Time
       0    1.0000000e+00   1.812163e+02   0.000000e+00      0s

Solved in 1 iterations and 0.00 seconds (0.00 work units)
Infeasible model

User-callback calls 40, time in user-callback 0.00 sec
Set parameter TimeLimit to value 30
Gurobi Optimizer version 13.0.2 build v13.0.2rc1 (win64 - Windows 11+.0 (26200.2))

CPU model: 13th Gen Intel(R) Core(TM) i7-13620H, instruction set [SSE2|AVX|AVX2]
Thread count: 10 physical cores, 16 logical processors, using up to 1 threads

Non-default parameters:
TimeLimit  30
SoftMemLimit  12
FeasibilityTol  1e-07
IntFeasTol  1e-07
MIPGap  0
OptimalityTol  1e-07
Method  1
NodeMethod  1
DualReductions  0
InfUnbdInfo  1
LogToConsole  0
NumericFocus  1
Seed  20260929
Threads  1

Optimize a model with 85 rows, 13 columns and 204 nonzeros (Min)
Model has 1 linear objective coefficients
Coefficient statistics:
  Matrix range     [3e-05, 2e+01]
  Objective range  [1e+00, 1e+00]
  Bounds range     [2e+01, 2e+01]
  RHS range        [3e-03, 3e+02]

LP warm-start: use basis

Iteration    Objective       Primal Inf.    Dual Inf.      Time
       0    1.0000000e+00   4.049300e+01   0.000000e+00      0s

Solved in 1 iterations and 0.00 seconds (0.00 work units)
Infeasible model

User-callback calls 40, time in user-callback 0.00 sec
Set parameter TimeLimit to value 30
Gurobi Optimizer version 13.0.2 build v13.0.2rc1 (win64 - Windows 11+.0 (26200.2))

CPU model: 13th Gen Intel(R) Core(TM) i7-13620H, instruction set [SSE2|AVX|AVX2]
Thread count: 10 physical cores, 16 logical processors, using up to 1 threads

Non-default parameters:
TimeLimit  30
SoftMemLimit  12
FeasibilityTol  1e-07
IntFeasTol  1e-07
MIPGap  0
OptimalityTol  1e-07
Method  1
NodeMethod  1
DualReductions  0
InfUnbdInfo  1
LogToConsole  0
NumericFocus  1
Seed  20260929
Threads  1

Optimize a model with 85 rows, 13 columns and 204 nonzeros (Min)
Model has 1 linear objective coefficients
Coefficient statistics:
  Matrix range     [3e-05, 2e+01]
  Objective range  [1e+00, 1e+00]
  Bounds range     [2e+01, 2e+01]
  RHS range        [3e-03, 3e+02]

LP warm-start: use basis

Iteration    Objective       Primal Inf.    Dual Inf.      Time
       0    1.0000000e+00   2.182385e+02   0.000000e+00      0s

Solved in 1 iterations and 0.00 seconds (0.00 work units)
Infeasible model

User-callback calls 40, time in user-callback 0.00 sec
Set parameter TimeLimit to value 30
Gurobi Optimizer version 13.0.2 build v13.0.2rc1 (win64 - Windows 11+.0 (26200.2))

CPU model: 13th Gen Intel(R) Core(TM) i7-13620H, instruction set [SSE2|AVX|AVX2]
Thread count: 10 physical cores, 16 logical processors, using up to 1 threads

Non-default parameters:
TimeLimit  30
SoftMemLimit  12
FeasibilityTol  1e-07
IntFeasTol  1e-07
MIPGap  0
OptimalityTol  1e-07
Method  1
NodeMethod  1
DualReductions  0
InfUnbdInfo  1
LogToConsole  0
NumericFocus  1
Seed  20260929
Threads  1

Optimize a model with 85 rows, 13 columns and 204 nonzeros (Min)
Model has 1 linear objective coefficients
Coefficient statistics:
  Matrix range     [3e-05, 2e+01]
  Objective range  [1e+00, 1e+00]
  Bounds range     [2e+01, 2e+01]
  RHS range        [3e-03, 3e+02]

LP warm-start: use basis

Iteration    Objective       Primal Inf.    Dual Inf.      Time
       0    1.0000000e+00   5.034175e+01   0.000000e+00      0s

Solved in 2 iterations and 0.00 seconds (0.00 work units)
Infeasible model

User-callback calls 41, time in user-callback 0.00 sec
Set parameter TimeLimit to value 30
Gurobi Optimizer version 13.0.2 build v13.0.2rc1 (win64 - Windows 11+.0 (26200.2))

CPU model: 13th Gen Intel(R) Core(TM) i7-13620H, instruction set [SSE2|AVX|AVX2]
Thread count: 10 physical cores, 16 logical processors, using up to 1 threads

Non-default parameters:
TimeLimit  30
SoftMemLimit  12
FeasibilityTol  1e-07
IntFeasTol  1e-07
MIPGap  0
OptimalityTol  1e-07
Method  1
NodeMethod  1
DualReductions  0
InfUnbdInfo  1
LogToConsole  0
NumericFocus  1
Seed  20260929
Threads  1

Optimize a model with 85 rows, 13 columns and 204 nonzeros (Min)
Model has 1 linear objective coefficients
Coefficient statistics:
  Matrix range     [3e-05, 2e+01]
  Objective range  [1e+00, 1e+00]
  Bounds range     [2e+01, 2e+01]
  RHS range        [3e-03, 3e+02]

LP warm-start: use basis

Iteration    Objective       Primal Inf.    Dual Inf.      Time
       0    1.0000000e+00   2.186851e+01   0.000000e+00      0s

Solved in 0 iterations and 0.00 seconds (0.00 work units)
Infeasible model

User-callback calls 38, time in user-callback 0.00 sec
Set parameter TimeLimit to value 30
Gurobi Optimizer version 13.0.2 build v13.0.2rc1 (win64 - Windows 11+.0 (26200.2))

CPU model: 13th Gen Intel(R) Core(TM) i7-13620H, instruction set [SSE2|AVX|AVX2]
Thread count: 10 physical cores, 16 logical processors, using up to 1 threads

Non-default parameters:
TimeLimit  30
SoftMemLimit  12
FeasibilityTol  1e-07
IntFeasTol  1e-07
MIPGap  0
OptimalityTol  1e-07
Method  1
NodeMethod  1
DualReductions  0
InfUnbdInfo  1
LogToConsole  0
NumericFocus  1
Seed  20260929
Threads  1

Optimize a model with 85 rows, 13 columns and 204 nonzeros (Min)
Model has 1 linear objective coefficients
Coefficient statistics:
  Matrix range     [3e-05, 2e+01]
  Objective range  [1e+00, 1e+00]
  Bounds range     [2e+01, 2e+01]
  RHS range        [3e-03, 3e+02]

LP warm-start: use basis

Iteration    Objective       Primal Inf.    Dual Inf.      Time
       0    1.0000000e+00   3.512446e+00   0.000000e+00      0s

Solved in 0 iterations and 0.00 seconds (0.00 work units)
Infeasible model

User-callback calls 38, time in user-callback 0.00 sec
Set parameter TimeLimit to value 30
Gurobi Optimizer version 13.0.2 build v13.0.2rc1 (win64 - Windows 11+.0 (26200.2))

CPU model: 13th Gen Intel(R) Core(TM) i7-13620H, instruction set [SSE2|AVX|AVX2]
Thread count: 10 physical cores, 16 logical processors, using up to 1 threads

Non-default parameters:
TimeLimit  30
SoftMemLimit  12
FeasibilityTol  1e-07
IntFeasTol  1e-07
MIPGap  0
OptimalityTol  1e-07
Method  1
NodeMethod  1
DualReductions  0
InfUnbdInfo  1
LogToConsole  0
NumericFocus  1
Seed  20260929
Threads  1

Optimize a model with 85 rows, 13 columns and 204 nonzeros (Min)
Model has 1 linear objective coefficients
Coefficient statistics:
  Matrix range     [3e-05, 2e+01]
  Objective range  [1e+00, 1e+00]
  Bounds range     [2e+01, 2e+01]
  RHS range        [3e-03, 3e+02]

LP warm-start: use basis

Iteration    Objective       Primal Inf.    Dual Inf.      Time
       0    7.7807362e-01   2.220342e+02   0.000000e+00      0s

Solved in 2 iterations and 0.00 seconds (0.00 work units)
Infeasible model

User-callback calls 41, time in user-callback 0.00 sec
Set parameter TimeLimit to value 30
Gurobi Optimizer version 13.0.2 build v13.0.2rc1 (win64 - Windows 11+.0 (26200.2))

CPU model: 13th Gen Intel(R) Core(TM) i7-13620H, instruction set [SSE2|AVX|AVX2]
Thread count: 10 physical cores, 16 logical processors, using up to 1 threads

Non-default parameters:
TimeLimit  30
SoftMemLimit  12
FeasibilityTol  1e-07
IntFeasTol  1e-07
MIPGap  0
OptimalityTol  1e-07
Method  1
NodeMethod  1
DualReductions  0
InfUnbdInfo  1
LogToConsole  0
NumericFocus  1
Seed  20260929
Threads  1

Optimize a model with 85 rows, 13 columns and 204 nonzeros (Min)
Model has 1 linear objective coefficients
Coefficient statistics:
  Matrix range     [3e-05, 2e+01]
  Objective range  [1e+00, 1e+00]
  Bounds range     [2e+01, 2e+01]
  RHS range        [3e-03, 3e+02]

LP warm-start: use basis

Iteration    Objective       Primal Inf.    Dual Inf.      Time
       0    9.2153718e-01   7.034628e-01   0.000000e+00      0s

Solved in 0 iterations and 0.00 seconds (0.00 work units)
Infeasible model

User-callback calls 38, time in user-callback 0.00 sec
Set parameter TimeLimit to value 30
Gurobi Optimizer version 13.0.2 build v13.0.2rc1 (win64 - Windows 11+.0 (26200.2))

CPU model: 13th Gen Intel(R) Core(TM) i7-13620H, instruction set [SSE2|AVX|AVX2]
Thread count: 10 physical cores, 16 logical processors, using up to 1 threads

Non-default parameters:
TimeLimit  30
SoftMemLimit  12
FeasibilityTol  1e-07
IntFeasTol  1e-07
MIPGap  0
OptimalityTol  1e-07
Method  1
NodeMethod  1
DualReductions  0
InfUnbdInfo  1
LogToConsole  0
NumericFocus  1
Seed  20260929
Threads  1

Optimize a model with 85 rows, 13 columns and 204 nonzeros (Min)
Model has 1 linear objective coefficients
Coefficient statistics:
  Matrix range     [3e-05, 2e+01]
  Objective range  [1e+00, 1e+00]
  Bounds range     [2e+01, 2e+01]
  RHS range        [3e-03, 3e+02]

LP warm-start: use basis

Iteration    Objective       Primal Inf.    Dual Inf.      Time
       0    9.2153718e-01   7.034628e-01   0.000000e+00      0s

Solved in 0 iterations and 0.00 seconds (0.00 work units)
Infeasible model

User-callback calls 38, time in user-callback 0.00 sec
Set parameter TimeLimit to value 30
Gurobi Optimizer version 13.0.2 build v13.0.2rc1 (win64 - Windows 11+.0 (26200.2))

CPU model: 13th Gen Intel(R) Core(TM) i7-13620H, instruction set [SSE2|AVX|AVX2]
Thread count: 10 physical cores, 16 logical processors, using up to 1 threads

Non-default parameters:
TimeLimit  30
SoftMemLimit  12
FeasibilityTol  1e-07
IntFeasTol  1e-07
MIPGap  0
OptimalityTol  1e-07
Method  1
NodeMethod  1
DualReductions  0
InfUnbdInfo  1
LogToConsole  0
NumericFocus  1
Seed  20260929
Threads  1

Optimize a model with 85 rows, 13 columns and 204 nonzeros (Min)
Model has 1 linear objective coefficients
Coefficient statistics:
  Matrix range     [3e-05, 2e+01]
  Objective range  [1e+00, 1e+00]
  Bounds range     [2e+01, 2e+01]
  RHS range        [3e-03, 3e+02]

LP warm-start: use basis

Iteration    Objective       Primal Inf.    Dual Inf.      Time
       0    9.2153718e-01   7.034628e-01   0.000000e+00      0s

Solved in 0 iterations and 0.00 seconds (0.00 work units)
Infeasible model

User-callback calls 38, time in user-callback 0.00 sec
Set parameter TimeLimit to value 30
Gurobi Optimizer version 13.0.2 build v13.0.2rc1 (win64 - Windows 11+.0 (26200.2))

CPU model: 13th Gen Intel(R) Core(TM) i7-13620H, instruction set [SSE2|AVX|AVX2]
Thread count: 10 physical cores, 16 logical processors, using up to 1 threads

Non-default parameters:
TimeLimit  30
SoftMemLimit  12
FeasibilityTol  1e-07
IntFeasTol  1e-07
MIPGap  0
OptimalityTol  1e-07
Method  1
NodeMethod  1
DualReductions  0
InfUnbdInfo  1
LogToConsole  0
NumericFocus  1
Seed  20260929
Threads  1

Optimize a model with 85 rows, 13 columns and 204 nonzeros (Min)
Model has 1 linear objective coefficients
Coefficient statistics:
  Matrix range     [3e-05, 2e+01]
  Objective range  [1e+00, 1e+00]
  Bounds range     [2e+01, 2e+01]
  RHS range        [3e-03, 3e+02]

LP warm-start: use basis

Iteration    Objective       Primal Inf.    Dual Inf.      Time
       0    1.0993150e+00   4.467657e+01   0.000000e+00      0s

Solved in 0 iterations and 0.00 seconds (0.00 work units)
Infeasible model

User-callback calls 38, time in user-callback 0.00 sec
Set parameter TimeLimit to value 30
Gurobi Optimizer version 13.0.2 build v13.0.2rc1 (win64 - Windows 11+.0 (26200.2))

CPU model: 13th Gen Intel(R) Core(TM) i7-13620H, instruction set [SSE2|AVX|AVX2]
Thread count: 10 physical cores, 16 logical processors, using up to 1 threads

Non-default parameters:
TimeLimit  30
SoftMemLimit  12
FeasibilityTol  1e-07
IntFeasTol  1e-07
MIPGap  0
OptimalityTol  1e-07
Method  1
NodeMethod  1
DualReductions  0
InfUnbdInfo  1
LogToConsole  0
NumericFocus  1
Seed  20260929
Threads  1

Optimize a model with 85 rows, 13 columns and 204 nonzeros (Min)
Model has 1 linear objective coefficients
Coefficient statistics:
  Matrix range     [3e-05, 2e+01]
  Objective range  [1e+00, 1e+00]
  Bounds range     [2e+01, 2e+01]
  RHS range        [3e-03, 3e+02]

LP warm-start: use basis

Iteration    Objective       Primal Inf.    Dual Inf.      Time
       0    1.0993150e+00   4.467657e+01   0.000000e+00      0s

Solved in 0 iterations and 0.00 seconds (0.00 work units)
Infeasible model

User-callback calls 38, time in user-callback 0.00 sec
Set parameter TimeLimit to value 30
Gurobi Optimizer version 13.0.2 build v13.0.2rc1 (win64 - Windows 11+.0 (26200.2))

CPU model: 13th Gen Intel(R) Core(TM) i7-13620H, instruction set [SSE2|AVX|AVX2]
Thread count: 10 physical cores, 16 logical processors, using up to 1 threads

Non-default parameters:
TimeLimit  30
SoftMemLimit  12
FeasibilityTol  1e-07
IntFeasTol  1e-07
MIPGap  0
OptimalityTol  1e-07
Method  1
NodeMethod  1
DualReductions  0
InfUnbdInfo  1
LogToConsole  0
NumericFocus  1
Seed  20260929
Threads  1

Optimize a model with 85 rows, 13 columns and 204 nonzeros (Min)
Model has 1 linear objective coefficients
Coefficient statistics:
  Matrix range     [3e-05, 2e+01]
  Objective range  [1e+00, 1e+00]
  Bounds range     [2e+01, 2e+01]
  RHS range        [3e-03, 3e+02]

LP warm-start: use basis

Iteration    Objective       Primal Inf.    Dual Inf.      Time
       0    1.0993150e+00   2.867657e+01   0.000000e+00      0s

Solved in 2 iterations and 0.00 seconds (0.00 work units)
Infeasible model

User-callback calls 41, time in user-callback 0.00 sec
Set parameter TimeLimit to value 30
Gurobi Optimizer version 13.0.2 build v13.0.2rc1 (win64 - Windows 11+.0 (26200.2))

CPU model: 13th Gen Intel(R) Core(TM) i7-13620H, instruction set [SSE2|AVX|AVX2]
Thread count: 10 physical cores, 16 logical processors, using up to 1 threads

Non-default parameters:
TimeLimit  30
SoftMemLimit  12
FeasibilityTol  1e-07
IntFeasTol  1e-07
MIPGap  0
OptimalityTol  1e-07
Method  1
NodeMethod  1
DualReductions  0
InfUnbdInfo  1
LogToConsole  0
NumericFocus  1
Seed  20260929
Threads  1

Optimize a model with 85 rows, 13 columns and 204 nonzeros (Min)
Model has 1 linear objective coefficients
Coefficient statistics:
  Matrix range     [3e-05, 2e+01]
  Objective range  [1e+00, 1e+00]
  Bounds range     [2e+01, 2e+01]
  RHS range        [3e-03, 3e+02]

LP warm-start: use basis

Iteration    Objective       Primal Inf.    Dual Inf.      Time
       0    1.1873413e+00   9.819968e+00   0.000000e+00      0s

Solved in 0 iterations and 0.00 seconds (0.00 work units)
Infeasible model

User-callback calls 38, time in user-callback 0.00 sec
Set parameter TimeLimit to value 30
Gurobi Optimizer version 13.0.2 build v13.0.2rc1 (win64 - Windows 11+.0 (26200.2))

CPU model: 13th Gen Intel(R) Core(TM) i7-13620H, instruction set [SSE2|AVX|AVX2]
Thread count: 10 physical cores, 16 logical processors, using up to 1 threads

Non-default parameters:
TimeLimit  30
SoftMemLimit  12
FeasibilityTol  1e-07
IntFeasTol  1e-07
MIPGap  0
OptimalityTol  1e-07
Method  1
NodeMethod  1
DualReductions  0
InfUnbdInfo  1
LogToConsole  0
NumericFocus  1
Seed  20260929
Threads  1

Optimize a model with 85 rows, 13 columns and 204 nonzeros (Min)
Model has 1 linear objective coefficients
Coefficient statistics:
  Matrix range     [3e-05, 2e+01]
  Objective range  [1e+00, 1e+00]
  Bounds range     [2e+01, 2e+01]
  RHS range        [3e-03, 3e+02]

LP warm-start: use basis

Iteration    Objective       Primal Inf.    Dual Inf.      Time
       0    8.1458549e-01   1.460510e+02   0.000000e+00      0s

Solved in 1 iterations and 0.00 seconds (0.00 work units)
Infeasible model

User-callback calls 40, time in user-callback 0.00 sec
Set parameter TimeLimit to value 30
Gurobi Optimizer version 13.0.2 build v13.0.2rc1 (win64 - Windows 11+.0 (26200.2))

CPU model: 13th Gen Intel(R) Core(TM) i7-13620H, instruction set [SSE2|AVX|AVX2]
Thread count: 10 physical cores, 16 logical processors, using up to 1 threads

Non-default parameters:
TimeLimit  30
SoftMemLimit  12
FeasibilityTol  1e-07
IntFeasTol  1e-07
MIPGap  0
OptimalityTol  1e-07
Method  1
NodeMethod  1
DualReductions  0
InfUnbdInfo  1
LogToConsole  0
NumericFocus  1
Seed  20260929
Threads  1

Optimize a model with 85 rows, 13 columns and 204 nonzeros (Min)
Model has 1 linear objective coefficients
Coefficient statistics:
  Matrix range     [3e-05, 2e+01]
  Objective range  [1e+00, 1e+00]
  Bounds range     [2e+01, 2e+01]
  RHS range        [3e-03, 3e+02]

LP warm-start: use basis

Iteration    Objective       Primal Inf.    Dual Inf.      Time
       0    9.3042607e-01   1.895963e+00   0.000000e+00      0s

Solved in 0 iterations and 0.00 seconds (0.00 work units)
Infeasible model

User-callback calls 38, time in user-callback 0.00 sec
Set parameter TimeLimit to value 30
Gurobi Optimizer version 13.0.2 build v13.0.2rc1 (win64 - Windows 11+.0 (26200.2))

CPU model: 13th Gen Intel(R) Core(TM) i7-13620H, instruction set [SSE2|AVX|AVX2]
Thread count: 10 physical cores, 16 logical processors, using up to 1 threads

Non-default parameters:
TimeLimit  30
SoftMemLimit  12
FeasibilityTol  1e-07
IntFeasTol  1e-07
MIPGap  0
OptimalityTol  1e-07
Method  1
NodeMethod  1
DualReductions  0
InfUnbdInfo  1
LogToConsole  0
NumericFocus  1
Seed  20260929
Threads  1

Optimize a model with 85 rows, 13 columns and 204 nonzeros (Min)
Model has 1 linear objective coefficients
Coefficient statistics:
  Matrix range     [3e-05, 2e+01]
  Objective range  [1e+00, 1e+00]
  Bounds range     [2e+01, 2e+01]
  RHS range        [3e-03, 3e+02]

LP warm-start: use basis

Iteration    Objective       Primal Inf.    Dual Inf.      Time
       0    9.3042607e-01   1.007074e+00   0.000000e+00      0s

Solved in 0 iterations and 0.00 seconds (0.00 work units)
Infeasible model

User-callback calls 38, time in user-callback 0.00 sec
Set parameter TimeLimit to value 30
Gurobi Optimizer version 13.0.2 build v13.0.2rc1 (win64 - Windows 11+.0 (26200.2))

CPU model: 13th Gen Intel(R) Core(TM) i7-13620H, instruction set [SSE2|AVX|AVX2]
Thread count: 10 physical cores, 16 logical processors, using up to 1 threads

Non-default parameters:
TimeLimit  30
SoftMemLimit  12
FeasibilityTol  1e-07
IntFeasTol  1e-07
MIPGap  0
OptimalityTol  1e-07
Method  1
NodeMethod  1
DualReductions  0
InfUnbdInfo  1
LogToConsole  0
NumericFocus  1
Seed  20260929
Threads  1

Optimize a model with 85 rows, 13 columns and 204 nonzeros (Min)
Model has 1 linear objective coefficients
Coefficient statistics:
  Matrix range     [3e-05, 2e+01]
  Objective range  [1e+00, 1e+00]
  Bounds range     [2e+01, 2e+01]
  RHS range        [3e-03, 3e+02]

LP warm-start: use basis

Iteration    Objective       Primal Inf.    Dual Inf.      Time
       0    9.3042607e-01   1.007074e+00   0.000000e+00      0s

Solved in 0 iterations and 0.00 seconds (0.00 work units)
Infeasible model

User-callback calls 38, time in user-callback 0.00 sec
Set parameter TimeLimit to value 30
Gurobi Optimizer version 13.0.2 build v13.0.2rc1 (win64 - Windows 11+.0 (26200.2))

CPU model: 13th Gen Intel(R) Core(TM) i7-13620H, instruction set [SSE2|AVX|AVX2]
Thread count: 10 physical cores, 16 logical processors, using up to 1 threads

Non-default parameters:
TimeLimit  30
SoftMemLimit  12
FeasibilityTol  1e-07
IntFeasTol  1e-07
MIPGap  0
OptimalityTol  1e-07
Method  1
NodeMethod  1
DualReductions  0
InfUnbdInfo  1
LogToConsole  0
NumericFocus  1
Seed  20260929
Threads  1

Optimize a model with 85 rows, 13 columns and 204 nonzeros (Min)
Model has 1 linear objective coefficients
Coefficient statistics:
  Matrix range     [3e-05, 2e+01]
  Objective range  [1e+00, 1e+00]
  Bounds range     [2e+01, 2e+01]
  RHS range        [3e-03, 3e+02]

LP warm-start: use basis

Iteration    Objective       Primal Inf.    Dual Inf.      Time
       0    1.1082038e+00   5.033455e+01   0.000000e+00      0s

Solved in 0 iterations and 0.00 seconds (0.00 work units)
Infeasible model

User-callback calls 38, time in user-callback 0.00 sec
Set parameter TimeLimit to value 30
Gurobi Optimizer version 13.0.2 build v13.0.2rc1 (win64 - Windows 11+.0 (26200.2))

CPU model: 13th Gen Intel(R) Core(TM) i7-13620H, instruction set [SSE2|AVX|AVX2]
Thread count: 10 physical cores, 16 logical processors, using up to 1 threads

Non-default parameters:
TimeLimit  30
SoftMemLimit  12
FeasibilityTol  1e-07
IntFeasTol  1e-07
MIPGap  0
OptimalityTol  1e-07
Method  1
NodeMethod  1
DualReductions  0
InfUnbdInfo  1
LogToConsole  0
NumericFocus  1
Seed  20260929
Threads  1

Optimize a model with 85 rows, 13 columns and 204 nonzeros (Min)
Model has 1 linear objective coefficients
Coefficient statistics:
  Matrix range     [3e-05, 2e+01]
  Objective range  [1e+00, 1e+00]
  Bounds range     [2e+01, 2e+01]
  RHS range        [3e-03, 3e+02]

LP warm-start: use basis

Iteration    Objective       Primal Inf.    Dual Inf.      Time
       0    1.1082038e+00   5.033455e+01   0.000000e+00      0s

Solved in 0 iterations and 0.00 seconds (0.00 work units)
Infeasible model

User-callback calls 38, time in user-callback 0.00 sec
Set parameter TimeLimit to value 30
Gurobi Optimizer version 13.0.2 build v13.0.2rc1 (win64 - Windows 11+.0 (26200.2))

CPU model: 13th Gen Intel(R) Core(TM) i7-13620H, instruction set [SSE2|AVX|AVX2]
Thread count: 10 physical cores, 16 logical processors, using up to 1 threads

Non-default parameters:
TimeLimit  30
SoftMemLimit  12
FeasibilityTol  1e-07
IntFeasTol  1e-07
MIPGap  0
OptimalityTol  1e-07
Method  1
NodeMethod  1
DualReductions  0
InfUnbdInfo  1
LogToConsole  0
NumericFocus  1
Seed  20260929
Threads  1

Optimize a model with 85 rows, 13 columns and 204 nonzeros (Min)
Model has 1 linear objective coefficients
Coefficient statistics:
  Matrix range     [3e-05, 2e+01]
  Objective range  [1e+00, 1e+00]
  Bounds range     [2e+01, 2e+01]
  RHS range        [3e-03, 3e+02]

LP warm-start: use basis

Iteration    Objective       Primal Inf.    Dual Inf.      Time
       0    1.1082038e+00   3.433455e+01   0.000000e+00      0s

Solved in 1 iterations and 0.00 seconds (0.00 work units)
Infeasible model

User-callback calls 40, time in user-callback 0.00 sec
Set parameter TimeLimit to value 30
Gurobi Optimizer version 13.0.2 build v13.0.2rc1 (win64 - Windows 11+.0 (26200.2))

CPU model: 13th Gen Intel(R) Core(TM) i7-13620H, instruction set [SSE2|AVX|AVX2]
Thread count: 10 physical cores, 16 logical processors, using up to 1 threads

Non-default parameters:
TimeLimit  30
SoftMemLimit  12
FeasibilityTol  1e-07
IntFeasTol  1e-07
MIPGap  0
OptimalityTol  1e-07
Method  1
NodeMethod  1
DualReductions  0
InfUnbdInfo  1
LogToConsole  0
NumericFocus  1
Seed  20260929
Threads  1

Optimize a model with 85 rows, 13 columns and 204 nonzeros (Min)
Model has 1 linear objective coefficients
Coefficient statistics:
  Matrix range     [3e-05, 2e+01]
  Objective range  [1e+00, 1e+00]
  Bounds range     [2e+01, 2e+01]
  RHS range        [3e-03, 3e+02]

LP warm-start: use basis

Iteration    Objective       Primal Inf.    Dual Inf.      Time
       0    1.1690368e+00   1.533048e+01   0.000000e+00      0s

Solved in 0 iterations and 0.00 seconds (0.00 work units)
Infeasible model

User-callback calls 38, time in user-callback 0.00 sec
Set parameter TimeLimit to value 30
Gurobi Optimizer version 13.0.2 build v13.0.2rc1 (win64 - Windows 11+.0 (26200.2))

CPU model: 13th Gen Intel(R) Core(TM) i7-13620H, instruction set [SSE2|AVX|AVX2]
Thread count: 10 physical cores, 16 logical processors, using up to 1 threads

Non-default parameters:
TimeLimit  30
SoftMemLimit  12
FeasibilityTol  1e-07
IntFeasTol  1e-07
MIPGap  0
OptimalityTol  1e-07
Method  1
NodeMethod  1
DualReductions  0
InfUnbdInfo  1
LogToConsole  0
NumericFocus  1
Seed  20260929
Threads  1

Optimize a model with 85 rows, 13 columns and 204 nonzeros (Min)
Model has 1 linear objective coefficients
Coefficient statistics:
  Matrix range     [3e-05, 2e+01]
  Objective range  [1e+00, 1e+00]
  Bounds range     [2e+01, 2e+01]
  RHS range        [3e-03, 3e+02]

LP warm-start: use basis

Iteration    Objective       Primal Inf.    Dual Inf.      Time
       0    6.5648932e-01   1.944311e+02   0.000000e+00      0s

Solved in 1 iterations and 0.00 seconds (0.00 work units)
Infeasible model

User-callback calls 40, time in user-callback 0.00 sec
Set parameter TimeLimit to value 30
Gurobi Optimizer version 13.0.2 build v13.0.2rc1 (win64 - Windows 11+.0 (26200.2))

CPU model: 13th Gen Intel(R) Core(TM) i7-13620H, instruction set [SSE2|AVX|AVX2]
Thread count: 10 physical cores, 16 logical processors, using up to 1 threads

Non-default parameters:
TimeLimit  30
SoftMemLimit  12
FeasibilityTol  1e-07
IntFeasTol  1e-07
MIPGap  0
OptimalityTol  1e-07
Method  1
NodeMethod  1
DualReductions  0
InfUnbdInfo  1
LogToConsole  0
NumericFocus  1
Seed  20260929
Threads  1

Optimize a model with 85 rows, 13 columns and 204 nonzeros (Min)
Model has 1 linear objective coefficients
Coefficient statistics:
  Matrix range     [3e-05, 2e+01]
  Objective range  [1e+00, 1e+00]
  Bounds range     [2e+01, 2e+01]
  RHS range        [3e-03, 3e+02]

LP warm-start: use basis

Iteration    Objective       Primal Inf.    Dual Inf.      Time
       0    8.1152098e-01   1.970584e+01   0.000000e+00      0s

Solved in 1 iterations and 0.00 seconds (0.00 work units)
Infeasible model

User-callback calls 40, time in user-callback 0.00 sec
Set parameter TimeLimit to value 30
Gurobi Optimizer version 13.0.2 build v13.0.2rc1 (win64 - Windows 11+.0 (26200.2))

CPU model: 13th Gen Intel(R) Core(TM) i7-13620H, instruction set [SSE2|AVX|AVX2]
Thread count: 10 physical cores, 16 logical processors, using up to 1 threads

Non-default parameters:
TimeLimit  30
SoftMemLimit  12
FeasibilityTol  1e-07
IntFeasTol  1e-07
MIPGap  0
OptimalityTol  1e-07
Method  1
NodeMethod  1
DualReductions  0
InfUnbdInfo  1
LogToConsole  0
NumericFocus  1
Seed  20260929
Threads  1

Optimize a model with 85 rows, 13 columns and 204 nonzeros (Min)
Model has 1 linear objective coefficients
Coefficient statistics:
  Matrix range     [3e-05, 2e+01]
  Objective range  [1e+00, 1e+00]
  Bounds range     [2e+01, 2e+01]
  RHS range        [3e-03, 3e+02]

LP warm-start: use basis

Iteration    Objective       Primal Inf.    Dual Inf.      Time
       0    8.2624899e-01   3.074763e+01   0.000000e+00      0s

Solved in 0 iterations and 0.00 seconds (0.00 work units)
Infeasible model

User-callback calls 38, time in user-callback 0.00 sec
Set parameter TimeLimit to value 30
Gurobi Optimizer version 13.0.2 build v13.0.2rc1 (win64 - Windows 11+.0 (26200.2))

CPU model: 13th Gen Intel(R) Core(TM) i7-13620H, instruction set [SSE2|AVX|AVX2]
Thread count: 10 physical cores, 16 logical processors, using up to 1 threads

Non-default parameters:
TimeLimit  30
SoftMemLimit  12
FeasibilityTol  1e-07
IntFeasTol  1e-07
MIPGap  0
OptimalityTol  1e-07
Method  1
NodeMethod  1
DualReductions  0
InfUnbdInfo  1
LogToConsole  0
NumericFocus  1
Seed  20260929
Threads  1

Optimize a model with 85 rows, 13 columns and 204 nonzeros (Min)
Model has 1 linear objective coefficients
Coefficient statistics:
  Matrix range     [3e-05, 2e+01]
  Objective range  [1e+00, 1e+00]
  Bounds range     [2e+01, 2e+01]
  RHS range        [3e-03, 3e+02]

LP warm-start: use basis

Iteration    Objective       Primal Inf.    Dual Inf.      Time
       0    8.2624899e-01   1.555507e+01   0.000000e+00      0s

Solved in 4 iterations and 0.00 seconds (0.00 work units)
Infeasible model

User-callback calls 43, time in user-callback 0.00 sec
Set parameter TimeLimit to value 30
Gurobi Optimizer version 13.0.2 build v13.0.2rc1 (win64 - Windows 11+.0 (26200.2))

CPU model: 13th Gen Intel(R) Core(TM) i7-13620H, instruction set [SSE2|AVX|AVX2]
Thread count: 10 physical cores, 16 logical processors, using up to 1 threads

Non-default parameters:
TimeLimit  30
SoftMemLimit  12
FeasibilityTol  1e-07
IntFeasTol  1e-07
MIPGap  0
OptimalityTol  1e-07
Method  1
NodeMethod  1
DualReductions  0
InfUnbdInfo  1
LogToConsole  0
NumericFocus  1
Seed  20260929
Threads  1

Optimize a model with 85 rows, 13 columns and 204 nonzeros (Min)
Model has 1 linear objective coefficients
Coefficient statistics:
  Matrix range     [3e-05, 2e+01]
  Objective range  [1e+00, 1e+00]
  Bounds range     [2e+01, 2e+01]
  RHS range        [3e-03, 3e+02]

LP warm-start: use basis

Iteration    Objective       Primal Inf.    Dual Inf.      Time
       0    8.0903681e-01   5.293296e+02   0.000000e+00      0s

Solved in 3 iterations and 0.00 seconds (0.00 work units)
Infeasible model

User-callback calls 42, time in user-callback 0.00 sec
Set parameter TimeLimit to value 30
Gurobi Optimizer version 13.0.2 build v13.0.2rc1 (win64 - Windows 11+.0 (26200.2))

CPU model: 13th Gen Intel(R) Core(TM) i7-13620H, instruction set [SSE2|AVX|AVX2]
Thread count: 10 physical cores, 16 logical processors, using up to 1 threads

Non-default parameters:
TimeLimit  30
SoftMemLimit  12
FeasibilityTol  1e-07
IntFeasTol  1e-07
MIPGap  0
OptimalityTol  1e-07
Method  1
NodeMethod  1
DualReductions  0
InfUnbdInfo  1
LogToConsole  0
NumericFocus  1
Seed  20260929
Threads  1

Optimize a model with 85 rows, 13 columns and 204 nonzeros (Min)
Model has 1 linear objective coefficients
Coefficient statistics:
  Matrix range     [3e-05, 2e+01]
  Objective range  [1e+00, 1e+00]
  Bounds range     [2e+01, 2e+01]
  RHS range        [3e-03, 3e+02]

LP warm-start: use basis

Iteration    Objective       Primal Inf.    Dual Inf.      Time
       0    8.8415860e-01   3.343084e+01   0.000000e+00      0s

Solved in 4 iterations and 0.00 seconds (0.00 work units)
Infeasible model

User-callback calls 43, time in user-callback 0.00 sec
Set parameter TimeLimit to value 30
Gurobi Optimizer version 13.0.2 build v13.0.2rc1 (win64 - Windows 11+.0 (26200.2))

CPU model: 13th Gen Intel(R) Core(TM) i7-13620H, instruction set [SSE2|AVX|AVX2]
Thread count: 10 physical cores, 16 logical processors, using up to 1 threads

Non-default parameters:
TimeLimit  30
SoftMemLimit  12
FeasibilityTol  1e-07
IntFeasTol  1e-07
MIPGap  0
OptimalityTol  1e-07
Method  1
NodeMethod  1
DualReductions  0
InfUnbdInfo  1
LogToConsole  0
NumericFocus  1
Seed  20260929
Threads  1

Optimize a model with 85 rows, 13 columns and 204 nonzeros (Min)
Model has 1 linear objective coefficients
Coefficient statistics:
  Matrix range     [3e-05, 2e+01]
  Objective range  [1e+00, 1e+00]
  Bounds range     [2e+01, 2e+01]
  RHS range        [3e-03, 3e+02]

LP warm-start: use basis

Iteration    Objective       Primal Inf.    Dual Inf.      Time
       0    9.4428330e-01   1.791575e+01   0.000000e+00      0s

Solved in 0 iterations and 0.00 seconds (0.00 work units)
Infeasible model

User-callback calls 38, time in user-callback 0.00 sec
Set parameter TimeLimit to value 30
Gurobi Optimizer version 13.0.2 build v13.0.2rc1 (win64 - Windows 11+.0 (26200.2))

CPU model: 13th Gen Intel(R) Core(TM) i7-13620H, instruction set [SSE2|AVX|AVX2]
Thread count: 10 physical cores, 16 logical processors, using up to 1 threads

Non-default parameters:
TimeLimit  30
SoftMemLimit  12
FeasibilityTol  1e-07
IntFeasTol  1e-07
MIPGap  0
OptimalityTol  1e-07
Method  1
NodeMethod  1
DualReductions  0
InfUnbdInfo  1
LogToConsole  0
NumericFocus  1
Seed  20260929
Threads  1

Optimize a model with 85 rows, 13 columns and 204 nonzeros (Min)
Model has 1 linear objective coefficients
Coefficient statistics:
  Matrix range     [3e-05, 2e+01]
  Objective range  [1e+00, 1e+00]
  Bounds range     [2e+01, 2e+01]
  RHS range        [3e-03, 3e+02]

LP warm-start: use basis

Iteration    Objective       Primal Inf.    Dual Inf.      Time
       0    9.4428330e-01   2.723185e+00   0.000000e+00      0s

Solved in 0 iterations and 0.00 seconds (0.00 work units)
Infeasible model

User-callback calls 38, time in user-callback 0.00 sec
Set parameter TimeLimit to value 30
Gurobi Optimizer version 13.0.2 build v13.0.2rc1 (win64 - Windows 11+.0 (26200.2))

CPU model: 13th Gen Intel(R) Core(TM) i7-13620H, instruction set [SSE2|AVX|AVX2]
Thread count: 10 physical cores, 16 logical processors, using up to 1 threads

Non-default parameters:
TimeLimit  30
SoftMemLimit  12
FeasibilityTol  1e-07
IntFeasTol  1e-07
MIPGap  0
OptimalityTol  1e-07
Method  1
NodeMethod  1
DualReductions  0
InfUnbdInfo  1
LogToConsole  0
NumericFocus  1
Seed  20260929
Threads  1

Optimize a model with 85 rows, 13 columns and 204 nonzeros (Min)
Model has 1 linear objective coefficients
Coefficient statistics:
  Matrix range     [3e-05, 2e+01]
  Objective range  [1e+00, 1e+00]
  Bounds range     [2e+01, 2e+01]
  RHS range        [3e-03, 3e+02]

LP warm-start: use basis

Iteration    Objective       Primal Inf.    Dual Inf.      Time
       0    7.7539441e-01   5.238680e+01   0.000000e+00      0s

Solved in 0 iterations and 0.00 seconds (0.00 work units)
Infeasible model

User-callback calls 38, time in user-callback 0.00 sec
Set parameter TimeLimit to value 30
Gurobi Optimizer version 13.0.2 build v13.0.2rc1 (win64 - Windows 11+.0 (26200.2))

CPU model: 13th Gen Intel(R) Core(TM) i7-13620H, instruction set [SSE2|AVX|AVX2]
Thread count: 10 physical cores, 16 logical processors, using up to 1 threads

Non-default parameters:
TimeLimit  30
SoftMemLimit  12
FeasibilityTol  1e-07
IntFeasTol  1e-07
MIPGap  0
OptimalityTol  1e-07
Method  1
NodeMethod  1
DualReductions  0
InfUnbdInfo  1
LogToConsole  0
NumericFocus  1
Seed  20260929
Threads  1

Optimize a model with 85 rows, 13 columns and 204 nonzeros (Min)
Model has 1 linear objective coefficients
Coefficient statistics:
  Matrix range     [3e-05, 2e+01]
  Objective range  [1e+00, 1e+00]
  Bounds range     [2e+01, 2e+01]
  RHS range        [3e-03, 3e+02]

LP warm-start: use basis

Iteration    Objective       Primal Inf.    Dual Inf.      Time
       0    7.7539441e-01   3.719424e+01   0.000000e+00      0s

Solved in 2 iterations and 0.00 seconds (0.00 work units)
Infeasible model

User-callback calls 41, time in user-callback 0.00 sec
Set parameter TimeLimit to value 30
Gurobi Optimizer version 13.0.2 build v13.0.2rc1 (win64 - Windows 11+.0 (26200.2))

CPU model: 13th Gen Intel(R) Core(TM) i7-13620H, instruction set [SSE2|AVX|AVX2]
Thread count: 10 physical cores, 16 logical processors, using up to 1 threads

Non-default parameters:
TimeLimit  30
SoftMemLimit  12
FeasibilityTol  1e-07
IntFeasTol  1e-07
MIPGap  0
OptimalityTol  1e-07
Method  1
NodeMethod  1
DualReductions  0
InfUnbdInfo  1
LogToConsole  0
NumericFocus  1
Seed  20260929
Threads  1

Optimize a model with 85 rows, 13 columns and 204 nonzeros (Min)
Model has 1 linear objective coefficients
Coefficient statistics:
  Matrix range     [3e-05, 2e+01]
  Objective range  [1e+00, 1e+00]
  Bounds range     [2e+01, 2e+01]
  RHS range        [3e-03, 3e+02]

LP warm-start: use basis

Iteration    Objective       Primal Inf.    Dual Inf.      Time
       0    8.2984899e-01   2.986775e+01   0.000000e+00      0s

Solved in 0 iterations and 0.00 seconds (0.00 work units)
Infeasible model

User-callback calls 38, time in user-callback 0.00 sec
Set parameter TimeLimit to value 30
Gurobi Optimizer version 13.0.2 build v13.0.2rc1 (win64 - Windows 11+.0 (26200.2))

CPU model: 13th Gen Intel(R) Core(TM) i7-13620H, instruction set [SSE2|AVX|AVX2]
Thread count: 10 physical cores, 16 logical processors, using up to 1 threads

Non-default parameters:
TimeLimit  30
SoftMemLimit  12
FeasibilityTol  1e-07
IntFeasTol  1e-07
MIPGap  0
OptimalityTol  1e-07
Method  1
NodeMethod  1
DualReductions  0
InfUnbdInfo  1
LogToConsole  0
NumericFocus  1
Seed  20260929
Threads  1

Optimize a model with 85 rows, 13 columns and 204 nonzeros (Min)
Model has 1 linear objective coefficients
Coefficient statistics:
  Matrix range     [3e-05, 2e+01]
  Objective range  [1e+00, 1e+00]
  Bounds range     [2e+01, 2e+01]
  RHS range        [3e-03, 3e+02]

LP warm-start: use basis

Iteration    Objective       Primal Inf.    Dual Inf.      Time
       0    8.2984899e-01   1.467518e+01   0.000000e+00      0s

Solved in 4 iterations and 0.00 seconds (0.00 work units)
Infeasible model

User-callback calls 43, time in user-callback 0.00 sec
Set parameter TimeLimit to value 30
Gurobi Optimizer version 13.0.2 build v13.0.2rc1 (win64 - Windows 11+.0 (26200.2))

CPU model: 13th Gen Intel(R) Core(TM) i7-13620H, instruction set [SSE2|AVX|AVX2]
Thread count: 10 physical cores, 16 logical processors, using up to 1 threads

Non-default parameters:
TimeLimit  30
SoftMemLimit  12
FeasibilityTol  1e-07
IntFeasTol  1e-07
MIPGap  0
OptimalityTol  1e-07
Method  1
NodeMethod  1
DualReductions  0
InfUnbdInfo  1
LogToConsole  0
NumericFocus  1
Seed  20260929
Threads  1

Optimize a model with 85 rows, 13 columns and 204 nonzeros (Min)
Model has 1 linear objective coefficients
Coefficient statistics:
  Matrix range     [3e-05, 2e+01]
  Objective range  [1e+00, 1e+00]
  Bounds range     [2e+01, 2e+01]
  RHS range        [3e-03, 3e+02]

LP warm-start: use basis

Iteration    Objective       Primal Inf.    Dual Inf.      Time
       0    8.0903681e-01   5.163620e+02   0.000000e+00      0s

Solved in 3 iterations and 0.00 seconds (0.00 work units)
Infeasible model

User-callback calls 42, time in user-callback 0.00 sec
Set parameter TimeLimit to value 30
Gurobi Optimizer version 13.0.2 build v13.0.2rc1 (win64 - Windows 11+.0 (26200.2))

CPU model: 13th Gen Intel(R) Core(TM) i7-13620H, instruction set [SSE2|AVX|AVX2]
Thread count: 10 physical cores, 16 logical processors, using up to 1 threads

Non-default parameters:
TimeLimit  30
SoftMemLimit  12
FeasibilityTol  1e-07
IntFeasTol  1e-07
MIPGap  0
OptimalityTol  1e-07
Method  1
NodeMethod  1
DualReductions  0
InfUnbdInfo  1
LogToConsole  0
NumericFocus  1
Seed  20260929
Threads  1

Optimize a model with 85 rows, 13 columns and 204 nonzeros (Min)
Model has 1 linear objective coefficients
Coefficient statistics:
  Matrix range     [3e-05, 2e+01]
  Objective range  [1e+00, 1e+00]
  Bounds range     [2e+01, 2e+01]
  RHS range        [3e-03, 3e+02]

LP warm-start: use basis

Iteration    Objective       Primal Inf.    Dual Inf.      Time
       0    8.8775860e-01   3.719331e+01   0.000000e+00      0s

Solved in 4 iterations and 0.00 seconds (0.00 work units)
Infeasible model

User-callback calls 43, time in user-callback 0.00 sec
Set parameter TimeLimit to value 30
Gurobi Optimizer version 13.0.2 build v13.0.2rc1 (win64 - Windows 11+.0 (26200.2))

CPU model: 13th Gen Intel(R) Core(TM) i7-13620H, instruction set [SSE2|AVX|AVX2]
Thread count: 10 physical cores, 16 logical processors, using up to 1 threads

Non-default parameters:
TimeLimit  30
SoftMemLimit  12
FeasibilityTol  1e-07
IntFeasTol  1e-07
MIPGap  0
OptimalityTol  1e-07
Method  1
NodeMethod  1
DualReductions  0
InfUnbdInfo  1
LogToConsole  0
NumericFocus  1
Seed  20260929
Threads  1

Optimize a model with 85 rows, 13 columns and 204 nonzeros (Min)
Model has 1 linear objective coefficients
Coefficient statistics:
  Matrix range     [3e-05, 2e+01]
  Objective range  [1e+00, 1e+00]
  Bounds range     [2e+01, 2e+01]
  RHS range        [3e-03, 3e+02]

LP warm-start: use basis

Iteration    Objective       Primal Inf.    Dual Inf.      Time
       0    9.5317218e-01   1.820424e+01   0.000000e+00      0s

Solved in 0 iterations and 0.00 seconds (0.00 work units)
Infeasible model

User-callback calls 38, time in user-callback 0.00 sec
Set parameter TimeLimit to value 30
Gurobi Optimizer version 13.0.2 build v13.0.2rc1 (win64 - Windows 11+.0 (26200.2))

CPU model: 13th Gen Intel(R) Core(TM) i7-13620H, instruction set [SSE2|AVX|AVX2]
Thread count: 10 physical cores, 16 logical processors, using up to 1 threads

Non-default parameters:
TimeLimit  30
SoftMemLimit  12
FeasibilityTol  1e-07
IntFeasTol  1e-07
MIPGap  0
OptimalityTol  1e-07
Method  1
NodeMethod  1
DualReductions  0
InfUnbdInfo  1
LogToConsole  0
NumericFocus  1
Seed  20260929
Threads  1

Optimize a model with 85 rows, 13 columns and 204 nonzeros (Min)
Model has 1 linear objective coefficients
Coefficient statistics:
  Matrix range     [3e-05, 2e+01]
  Objective range  [1e+00, 1e+00]
  Bounds range     [2e+01, 2e+01]
  RHS range        [3e-03, 3e+02]

LP warm-start: use basis

Iteration    Objective       Primal Inf.    Dual Inf.      Time
       0    9.5317218e-01   3.011676e+00   0.000000e+00      0s

Solved in 0 iterations and 0.00 seconds (0.00 work units)
Infeasible model

User-callback calls 38, time in user-callback 0.00 sec
Set parameter TimeLimit to value 30
Gurobi Optimizer version 13.0.2 build v13.0.2rc1 (win64 - Windows 11+.0 (26200.2))

CPU model: 13th Gen Intel(R) Core(TM) i7-13620H, instruction set [SSE2|AVX|AVX2]
Thread count: 10 physical cores, 16 logical processors, using up to 1 threads

Non-default parameters:
TimeLimit  30
SoftMemLimit  12
FeasibilityTol  1e-07
IntFeasTol  1e-07
MIPGap  0
OptimalityTol  1e-07
Method  1
NodeMethod  1
DualReductions  0
InfUnbdInfo  1
LogToConsole  0
NumericFocus  1
Seed  20260929
Threads  1

Optimize a model with 85 rows, 13 columns and 204 nonzeros (Min)
Model has 1 linear objective coefficients
Coefficient statistics:
  Matrix range     [3e-05, 2e+01]
  Objective range  [1e+00, 1e+00]
  Bounds range     [2e+01, 2e+01]
  RHS range        [3e-03, 3e+02]

LP warm-start: use basis

Iteration    Objective       Primal Inf.    Dual Inf.      Time
       0    6.8668135e-01   1.537939e+02   0.000000e+00      0s
       6    9.2153718e-01   0.000000e+00   0.000000e+00      0s

Solved in 6 iterations and 0.00 seconds (0.00 work units)
Optimal objective  9.215371776e-01

User-callback calls 46, time in user-callback 0.00 sec
Set parameter TimeLimit to value 30
Gurobi Optimizer version 13.0.2 build v13.0.2rc1 (win64 - Windows 11+.0 (26200.2))

CPU model: 13th Gen Intel(R) Core(TM) i7-13620H, instruction set [SSE2|AVX|AVX2]
Thread count: 10 physical cores, 16 logical processors, using up to 1 threads

Non-default parameters:
TimeLimit  30
SoftMemLimit  12
FeasibilityTol  1e-07
IntFeasTol  1e-07
MIPGap  0
OptimalityTol  1e-07
Method  1
NodeMethod  1
DualReductions  0
InfUnbdInfo  1
LogToConsole  0
NumericFocus  1
Seed  20260929
Threads  1

Optimize a model with 85 rows, 13 columns and 204 nonzeros (Min)
Model has 1 linear objective coefficients
Coefficient statistics:
  Matrix range     [3e-05, 2e+01]
  Objective range  [1e+00, 1e+00]
  Bounds range     [2e+01, 2e+01]
  RHS range        [3e-03, 3e+02]

LP warm-start: use basis

Iteration    Objective       Primal Inf.    Dual Inf.      Time
       0    7.9193718e-01   4.205111e+02   0.000000e+00      0s
       3    9.2153718e-01   0.000000e+00   0.000000e+00      0s

Solved in 3 iterations and 0.00 seconds (0.00 work units)
Optimal objective  9.215371776e-01

User-callback calls 43, time in user-callback 0.00 sec
Set parameter TimeLimit to value 30
Gurobi Optimizer version 13.0.2 build v13.0.2rc1 (win64 - Windows 11+.0 (26200.2))

CPU model: 13th Gen Intel(R) Core(TM) i7-13620H, instruction set [SSE2|AVX|AVX2]
Thread count: 10 physical cores, 16 logical processors, using up to 1 threads

Non-default parameters:
TimeLimit  30
SoftMemLimit  12
FeasibilityTol  1e-07
IntFeasTol  1e-07
MIPGap  0
OptimalityTol  1e-07
Method  1
NodeMethod  1
DualReductions  0
InfUnbdInfo  1
LogToConsole  0
NumericFocus  1
Seed  20260929
Threads  1

Optimize a model with 85 rows, 13 columns and 204 nonzeros (Min)
Model has 1 linear objective coefficients
Coefficient statistics:
  Matrix range     [3e-05, 2e+01]
  Objective range  [1e+00, 1e+00]
  Bounds range     [2e+01, 2e+01]
  RHS range        [3e-03, 3e+02]

LP warm-start: use basis

Iteration    Objective       Primal Inf.    Dual Inf.      Time
       0    9.2153718e-01   0.000000e+00   0.000000e+00      0s

Solved in 0 iterations and 0.00 seconds (0.00 work units)
Optimal objective  9.215371776e-01

User-callback calls 38, time in user-callback 0.00 sec
Set parameter TimeLimit to value 30
Gurobi Optimizer version 13.0.2 build v13.0.2rc1 (win64 - Windows 11+.0 (26200.2))

CPU model: 13th Gen Intel(R) Core(TM) i7-13620H, instruction set [SSE2|AVX|AVX2]
Thread count: 10 physical cores, 16 logical processors, using up to 1 threads

Non-default parameters:
TimeLimit  30
SoftMemLimit  12
FeasibilityTol  1e-07
IntFeasTol  1e-07
MIPGap  0
OptimalityTol  1e-07
Method  1
NodeMethod  1
DualReductions  0
InfUnbdInfo  1
LogToConsole  0
NumericFocus  1
Seed  20260929
Threads  1

Optimize a model with 85 rows, 13 columns and 204 nonzeros (Min)
Model has 1 linear objective coefficients
Coefficient statistics:
  Matrix range     [3e-05, 2e+01]
  Objective range  [1e+00, 1e+00]
  Bounds range     [2e+01, 2e+01]
  RHS range        [3e-03, 3e+02]

LP warm-start: use basis

Iteration    Objective       Primal Inf.    Dual Inf.      Time
       0    9.2153718e-01   0.000000e+00   0.000000e+00      0s

Solved in 0 iterations and 0.00 seconds (0.00 work units)
Optimal objective  9.215371776e-01

User-callback calls 38, time in user-callback 0.00 sec
Set parameter TimeLimit to value 30
Gurobi Optimizer version 13.0.2 build v13.0.2rc1 (win64 - Windows 11+.0 (26200.2))

CPU model: 13th Gen Intel(R) Core(TM) i7-13620H, instruction set [SSE2|AVX|AVX2]
Thread count: 10 physical cores, 16 logical processors, using up to 1 threads

Non-default parameters:
TimeLimit  30
SoftMemLimit  12
FeasibilityTol  1e-07
IntFeasTol  1e-07
MIPGap  0
OptimalityTol  1e-07
Method  1
NodeMethod  1
DualReductions  0
InfUnbdInfo  1
LogToConsole  0
NumericFocus  1
Seed  20260929
Threads  1

Optimize a model with 85 rows, 13 columns and 204 nonzeros (Min)
Model has 1 linear objective coefficients
Coefficient statistics:
  Matrix range     [3e-05, 2e+01]
  Objective range  [1e+00, 1e+00]
  Bounds range     [2e+01, 2e+01]
  RHS range        [3e-03, 3e+02]

LP warm-start: use basis

Iteration    Objective       Primal Inf.    Dual Inf.      Time
       0    1.0010952e+00   2.198287e+01   0.000000e+00      0s

Solved in 3 iterations and 0.00 seconds (0.00 work units)
Infeasible model

User-callback calls 42, time in user-callback 0.00 sec
Set parameter TimeLimit to value 30
Gurobi Optimizer version 13.0.2 build v13.0.2rc1 (win64 - Windows 11+.0 (26200.2))

CPU model: 13th Gen Intel(R) Core(TM) i7-13620H, instruction set [SSE2|AVX|AVX2]
Thread count: 10 physical cores, 16 logical processors, using up to 1 threads

Non-default parameters:
TimeLimit  30
SoftMemLimit  12
FeasibilityTol  1e-07
IntFeasTol  1e-07
MIPGap  0
OptimalityTol  1e-07
Method  1
NodeMethod  1
DualReductions  0
InfUnbdInfo  1
LogToConsole  0
NumericFocus  1
Seed  20260929
Threads  1

Optimize a model with 85 rows, 13 columns and 204 nonzeros (Min)
Model has 1 linear objective coefficients
Coefficient statistics:
  Matrix range     [3e-05, 2e+01]
  Objective range  [1e+00, 1e+00]
  Bounds range     [2e+01, 2e+01]
  RHS range        [3e-03, 3e+02]

LP warm-start: use basis

Iteration    Objective       Primal Inf.    Dual Inf.      Time
       0    9.3931496e-01   2.437539e+01   0.000000e+00      0s

Solved in 1 iterations and 0.00 seconds (0.00 work units)
Infeasible model

User-callback calls 40, time in user-callback 0.00 sec
Set parameter TimeLimit to value 30
Gurobi Optimizer version 13.0.2 build v13.0.2rc1 (win64 - Windows 11+.0 (26200.2))

CPU model: 13th Gen Intel(R) Core(TM) i7-13620H, instruction set [SSE2|AVX|AVX2]
Thread count: 10 physical cores, 16 logical processors, using up to 1 threads

Non-default parameters:
TimeLimit  30
SoftMemLimit  12
FeasibilityTol  1e-07
IntFeasTol  1e-07
MIPGap  0
OptimalityTol  1e-07
Method  1
NodeMethod  1
DualReductions  0
InfUnbdInfo  1
LogToConsole  0
NumericFocus  1
Seed  20260929
Threads  1

Optimize a model with 85 rows, 13 columns and 204 nonzeros (Min)
Model has 1 linear objective coefficients
Coefficient statistics:
  Matrix range     [3e-05, 2e+01]
  Objective range  [1e+00, 1e+00]
  Bounds range     [2e+01, 2e+01]
  RHS range        [3e-03, 3e+02]

LP warm-start: use basis

Iteration    Objective       Primal Inf.    Dual Inf.      Time
       0    1.0993150e+00   1.743712e+02   0.000000e+00      0s

Solved in 3 iterations and 0.00 seconds (0.00 work units)
Infeasible model

User-callback calls 42, time in user-callback 0.00 sec
Set parameter TimeLimit to value 30
Gurobi Optimizer version 13.0.2 build v13.0.2rc1 (win64 - Windows 11+.0 (26200.2))

CPU model: 13th Gen Intel(R) Core(TM) i7-13620H, instruction set [SSE2|AVX|AVX2]
Thread count: 10 physical cores, 16 logical processors, using up to 1 threads

Non-default parameters:
TimeLimit  30
SoftMemLimit  12
FeasibilityTol  1e-07
IntFeasTol  1e-07
MIPGap  0
OptimalityTol  1e-07
Method  1
NodeMethod  1
DualReductions  0
InfUnbdInfo  1
LogToConsole  0
NumericFocus  1
Seed  20260929
Threads  1

Optimize a model with 85 rows, 13 columns and 204 nonzeros (Min)
Model has 1 linear objective coefficients
Coefficient statistics:
  Matrix range     [3e-05, 2e+01]
  Objective range  [1e+00, 1e+00]
  Bounds range     [2e+01, 2e+01]
  RHS range        [3e-03, 3e+02]

LP warm-start: use basis

Iteration    Objective       Primal Inf.    Dual Inf.      Time
       0    8.3420422e-01   1.511580e+02   0.000000e+00      0s

Solved in 3 iterations and 0.00 seconds (0.00 work units)
Infeasible model

User-callback calls 42, time in user-callback 0.00 sec
Set parameter TimeLimit to value 30
Gurobi Optimizer version 13.0.2 build v13.0.2rc1 (win64 - Windows 11+.0 (26200.2))

CPU model: 13th Gen Intel(R) Core(TM) i7-13620H, instruction set [SSE2|AVX|AVX2]
Thread count: 10 physical cores, 16 logical processors, using up to 1 threads

Non-default parameters:
TimeLimit  30
SoftMemLimit  12
FeasibilityTol  1e-07
IntFeasTol  1e-07
MIPGap  0
OptimalityTol  1e-07
Method  1
NodeMethod  1
DualReductions  0
InfUnbdInfo  1
LogToConsole  0
NumericFocus  1
Seed  20260929
Threads  1

Optimize a model with 85 rows, 13 columns and 204 nonzeros (Min)
Model has 1 linear objective coefficients
Coefficient statistics:
  Matrix range     [3e-05, 2e+01]
  Objective range  [1e+00, 1e+00]
  Bounds range     [2e+01, 2e+01]
  RHS range        [3e-03, 3e+02]

LP warm-start: use basis

Iteration    Objective       Primal Inf.    Dual Inf.      Time
       0    7.7350042e-01   5.137975e+01   0.000000e+00      0s

Solved in 3 iterations and 0.00 seconds (0.00 work units)
Infeasible model

User-callback calls 42, time in user-callback 0.00 sec
Set parameter TimeLimit to value 30
Gurobi Optimizer version 13.0.2 build v13.0.2rc1 (win64 - Windows 11+.0 (26200.2))

CPU model: 13th Gen Intel(R) Core(TM) i7-13620H, instruction set [SSE2|AVX|AVX2]
Thread count: 10 physical cores, 16 logical processors, using up to 1 threads

Non-default parameters:
TimeLimit  30
SoftMemLimit  12
FeasibilityTol  1e-07
IntFeasTol  1e-07
MIPGap  0
OptimalityTol  1e-07
Method  1
NodeMethod  1
DualReductions  0
InfUnbdInfo  1
LogToConsole  0
NumericFocus  1
Seed  20260929
Threads  1

Optimize a model with 85 rows, 13 columns and 204 nonzeros (Min)
Model has 1 linear objective coefficients
Coefficient statistics:
  Matrix range     [3e-05, 2e+01]
  Objective range  [1e+00, 1e+00]
  Bounds range     [2e+01, 2e+01]
  RHS range        [3e-03, 3e+02]

LP warm-start: use basis

Iteration    Objective       Primal Inf.    Dual Inf.      Time
       0    7.7042607e-01   5.891727e+01   0.000000e+00      0s

Solved in 4 iterations and 0.00 seconds (0.00 work units)
Infeasible model

User-callback calls 43, time in user-callback 0.00 sec
Set parameter TimeLimit to value 30
Gurobi Optimizer version 13.0.2 build v13.0.2rc1 (win64 - Windows 11+.0 (26200.2))

CPU model: 13th Gen Intel(R) Core(TM) i7-13620H, instruction set [SSE2|AVX|AVX2]
Thread count: 10 physical cores, 16 logical processors, using up to 1 threads

Non-default parameters:
TimeLimit  30
SoftMemLimit  12
FeasibilityTol  1e-07
IntFeasTol  1e-07
MIPGap  0
OptimalityTol  1e-07
Method  1
NodeMethod  1
DualReductions  0
InfUnbdInfo  1
LogToConsole  0
NumericFocus  1
Seed  20260929
Threads  1

Optimize a model with 85 rows, 13 columns and 204 nonzeros (Min)
Model has 1 linear objective coefficients
Coefficient statistics:
  Matrix range     [3e-05, 2e+01]
  Objective range  [1e+00, 1e+00]
  Bounds range     [2e+01, 2e+01]
  RHS range        [3e-03, 3e+02]

LP warm-start: use basis

Iteration    Objective       Primal Inf.    Dual Inf.      Time
       0    8.7749334e-01   1.134677e+02   0.000000e+00      0s

Solved in 6 iterations and 0.00 seconds (0.00 work units)
Infeasible model

User-callback calls 45, time in user-callback 0.00 sec
Set parameter TimeLimit to value 30
Gurobi Optimizer version 13.0.2 build v13.0.2rc1 (win64 - Windows 11+.0 (26200.2))

CPU model: 13th Gen Intel(R) Core(TM) i7-13620H, instruction set [SSE2|AVX|AVX2]
Thread count: 10 physical cores, 16 logical processors, using up to 1 threads

Non-default parameters:
TimeLimit  30
SoftMemLimit  12
FeasibilityTol  1e-07
IntFeasTol  1e-07
MIPGap  0
OptimalityTol  1e-07
Method  1
NodeMethod  1
DualReductions  0
InfUnbdInfo  1
LogToConsole  0
NumericFocus  1
Seed  20260929
Threads  1

Optimize a model with 85 rows, 13 columns and 204 nonzeros (Min)
Model has 1 linear objective coefficients
Coefficient statistics:
  Matrix range     [3e-05, 2e+01]
  Objective range  [1e+00, 1e+00]
  Bounds range     [2e+01, 2e+01]
  RHS range        [3e-03, 3e+02]

LP warm-start: use basis

Iteration    Objective       Primal Inf.    Dual Inf.      Time
       0    7.7042607e-01   5.891727e+01   0.000000e+00      0s

Solved in 6 iterations and 0.00 seconds (0.00 work units)
Infeasible model

User-callback calls 45, time in user-callback 0.00 sec
Set parameter TimeLimit to value 30
Gurobi Optimizer version 13.0.2 build v13.0.2rc1 (win64 - Windows 11+.0 (26200.2))

CPU model: 13th Gen Intel(R) Core(TM) i7-13620H, instruction set [SSE2|AVX|AVX2]
Thread count: 10 physical cores, 16 logical processors, using up to 1 threads

Non-default parameters:
TimeLimit  30
SoftMemLimit  12
FeasibilityTol  1e-07
IntFeasTol  1e-07
MIPGap  0
OptimalityTol  1e-07
Method  1
NodeMethod  1
DualReductions  0
InfUnbdInfo  1
LogToConsole  0
NumericFocus  1
Seed  20260929
Threads  1

Optimize a model with 85 rows, 13 columns and 204 nonzeros (Min)
Model has 1 linear objective coefficients
Coefficient statistics:
  Matrix range     [3e-05, 2e+01]
  Objective range  [1e+00, 1e+00]
  Bounds range     [2e+01, 2e+01]
  RHS range        [3e-03, 3e+02]

LP warm-start: use basis

Iteration    Objective       Primal Inf.    Dual Inf.      Time
       0    7.6153718e-01   2.327912e+02   0.000000e+00      0s

Solved in 3 iterations and 0.00 seconds (0.00 work units)
Infeasible model

User-callback calls 42, time in user-callback 0.00 sec
Set parameter TimeLimit to value 30
Gurobi Optimizer version 13.0.2 build v13.0.2rc1 (win64 - Windows 11+.0 (26200.2))

CPU model: 13th Gen Intel(R) Core(TM) i7-13620H, instruction set [SSE2|AVX|AVX2]
Thread count: 10 physical cores, 16 logical processors, using up to 1 threads

Non-default parameters:
TimeLimit  30
SoftMemLimit  12
FeasibilityTol  1e-07
IntFeasTol  1e-07
MIPGap  0
OptimalityTol  1e-07
Method  1
NodeMethod  1
DualReductions  0
InfUnbdInfo  1
LogToConsole  0
NumericFocus  1
Seed  20260929
Threads  1

Optimize a model with 85 rows, 13 columns and 204 nonzeros (Min)
Model has 1 linear objective coefficients
Coefficient statistics:
  Matrix range     [3e-05, 2e+01]
  Objective range  [1e+00, 1e+00]
  Bounds range     [2e+01, 2e+01]
  RHS range        [3e-03, 3e+02]

LP warm-start: use basis

Iteration    Objective       Primal Inf.    Dual Inf.      Time
       0    9.4313718e-01   3.297402e+00   0.000000e+00      0s

Solved in 1 iterations and 0.00 seconds (0.00 work units)
Infeasible model

User-callback calls 40, time in user-callback 0.00 sec
Set parameter TimeLimit to value 30
Gurobi Optimizer version 13.0.2 build v13.0.2rc1 (win64 - Windows 11+.0 (26200.2))

CPU model: 13th Gen Intel(R) Core(TM) i7-13620H, instruction set [SSE2|AVX|AVX2]
Thread count: 10 physical cores, 16 logical processors, using up to 1 threads

Non-default parameters:
TimeLimit  30
SoftMemLimit  12
FeasibilityTol  1e-07
IntFeasTol  1e-07
MIPGap  0
OptimalityTol  1e-07
Method  1
NodeMethod  1
DualReductions  0
InfUnbdInfo  1
LogToConsole  0
NumericFocus  1
Seed  20260929
Threads  1

Optimize a model with 85 rows, 13 columns and 204 nonzeros (Min)
Model has 1 linear objective coefficients
Coefficient statistics:
  Matrix range     [3e-05, 2e+01]
  Objective range  [1e+00, 1e+00]
  Bounds range     [2e+01, 2e+01]
  RHS range        [3e-03, 3e+02]

LP warm-start: use basis

Iteration    Objective       Primal Inf.    Dual Inf.      Time
       0    1.1082038e+00   1.800292e+02   0.000000e+00      0s

Solved in 2 iterations and 0.00 seconds (0.00 work units)
Infeasible model

User-callback calls 41, time in user-callback 0.00 sec
Set parameter TimeLimit to value 30
Gurobi Optimizer version 13.0.2 build v13.0.2rc1 (win64 - Windows 11+.0 (26200.2))

CPU model: 13th Gen Intel(R) Core(TM) i7-13620H, instruction set [SSE2|AVX|AVX2]
Thread count: 10 physical cores, 16 logical processors, using up to 1 threads

Non-default parameters:
TimeLimit  30
SoftMemLimit  12
FeasibilityTol  1e-07
IntFeasTol  1e-07
MIPGap  0
OptimalityTol  1e-07
Method  1
NodeMethod  1
DualReductions  0
InfUnbdInfo  1
LogToConsole  0
NumericFocus  1
Seed  20260929
Threads  1

Optimize a model with 85 rows, 13 columns and 204 nonzeros (Min)
Model has 1 linear objective coefficients
Coefficient statistics:
  Matrix range     [3e-05, 2e+01]
  Objective range  [1e+00, 1e+00]
  Bounds range     [2e+01, 2e+01]
  RHS range        [3e-03, 3e+02]

LP warm-start: use basis

Iteration    Objective       Primal Inf.    Dual Inf.      Time
       0    9.2903681e-01   3.849990e+01   0.000000e+00      0s

Solved in 2 iterations and 0.00 seconds (0.00 work units)
Infeasible model

User-callback calls 41, time in user-callback 0.00 sec
Set parameter TimeLimit to value 30
Gurobi Optimizer version 13.0.2 build v13.0.2rc1 (win64 - Windows 11+.0 (26200.2))

CPU model: 13th Gen Intel(R) Core(TM) i7-13620H, instruction set [SSE2|AVX|AVX2]
Thread count: 10 physical cores, 16 logical processors, using up to 1 threads

Non-default parameters:
TimeLimit  30
SoftMemLimit  12
FeasibilityTol  1e-07
IntFeasTol  1e-07
MIPGap  0
OptimalityTol  1e-07
Method  1
NodeMethod  1
DualReductions  0
InfUnbdInfo  1
LogToConsole  0
NumericFocus  1
Seed  20260929
Threads  1

Optimize a model with 85 rows, 13 columns and 204 nonzeros (Min)
Model has 1 linear objective coefficients
Coefficient statistics:
  Matrix range     [3e-05, 2e+01]
  Objective range  [1e+00, 1e+00]
  Bounds range     [2e+01, 2e+01]
  RHS range        [3e-03, 3e+02]

LP warm-start: use basis

Iteration    Objective       Primal Inf.    Dual Inf.      Time
       0    7.0711343e-01   2.504877e+02   0.000000e+00      0s

Solved in 2 iterations and 0.00 seconds (0.00 work units)
Infeasible model

User-callback calls 41, time in user-callback 0.00 sec
Set parameter TimeLimit to value 30
Gurobi Optimizer version 13.0.2 build v13.0.2rc1 (win64 - Windows 11+.0 (26200.2))

CPU model: 13th Gen Intel(R) Core(TM) i7-13620H, instruction set [SSE2|AVX|AVX2]
Thread count: 10 physical cores, 16 logical processors, using up to 1 threads

Non-default parameters:
TimeLimit  30
SoftMemLimit  12
FeasibilityTol  1e-07
IntFeasTol  1e-07
MIPGap  0
OptimalityTol  1e-07
Method  1
NodeMethod  1
DualReductions  0
InfUnbdInfo  1
LogToConsole  0
NumericFocus  1
Seed  20260929
Threads  1

Optimize a model with 85 rows, 13 columns and 204 nonzeros (Min)
Model has 1 linear objective coefficients
Coefficient statistics:
  Matrix range     [3e-05, 2e+01]
  Objective range  [1e+00, 1e+00]
  Bounds range     [2e+01, 2e+01]
  RHS range        [3e-03, 3e+02]

LP warm-start: use basis

Iteration    Objective       Primal Inf.    Dual Inf.      Time
       0    7.6153718e-01   5.893734e+01   0.000000e+00      0s

Solved in 6 iterations and 0.00 seconds (0.00 work units)
Infeasible model

User-callback calls 45, time in user-callback 0.00 sec
Set parameter TimeLimit to value 30
Gurobi Optimizer version 13.0.2 build v13.0.2rc1 (win64 - Windows 11+.0 (26200.2))

CPU model: 13th Gen Intel(R) Core(TM) i7-13620H, instruction set [SSE2|AVX|AVX2]
Thread count: 10 physical cores, 16 logical processors, using up to 1 threads

Non-default parameters:
TimeLimit  30
SoftMemLimit  12
FeasibilityTol  1e-07
IntFeasTol  1e-07
MIPGap  0
OptimalityTol  1e-07
Method  1
NodeMethod  1
DualReductions  0
InfUnbdInfo  1
LogToConsole  0
NumericFocus  1
Seed  20260929
Threads  1

Optimize a model with 85 rows, 13 columns and 204 nonzeros (Min)
Model has 1 linear objective coefficients
Coefficient statistics:
  Matrix range     [3e-05, 2e+01]
  Objective range  [1e+00, 1e+00]
  Bounds range     [2e+01, 2e+01]
  RHS range        [3e-03, 3e+02]

LP warm-start: use basis

Iteration    Objective       Primal Inf.    Dual Inf.      Time
       0    8.2251924e-01   3.031494e+02   0.000000e+00      0s

Solved in 2 iterations and 0.00 seconds (0.00 work units)
Infeasible model

User-callback calls 41, time in user-callback 0.00 sec
Set parameter TimeLimit to value 30
Gurobi Optimizer version 13.0.2 build v13.0.2rc1 (win64 - Windows 11+.0 (26200.2))

CPU model: 13th Gen Intel(R) Core(TM) i7-13620H, instruction set [SSE2|AVX|AVX2]
Thread count: 10 physical cores, 16 logical processors, using up to 1 threads

Non-default parameters:
TimeLimit  30
SoftMemLimit  12
FeasibilityTol  1e-07
IntFeasTol  1e-07
MIPGap  0
OptimalityTol  1e-07
Method  1
NodeMethod  1
DualReductions  0
InfUnbdInfo  1
LogToConsole  0
NumericFocus  1
Seed  20260929
Threads  1

Optimize a model with 85 rows, 13 columns and 204 nonzeros (Min)
Model has 1 linear objective coefficients
Coefficient statistics:
  Matrix range     [3e-05, 2e+01]
  Objective range  [1e+00, 1e+00]
  Bounds range     [2e+01, 2e+01]
  RHS range        [3e-03, 3e+02]

LP warm-start: use basis

Iteration    Objective       Primal Inf.    Dual Inf.      Time
       0    8.2251924e-01   3.764417e+01   0.000000e+00      0s

Solved in 2 iterations and 0.00 seconds (0.00 work units)
Infeasible model

User-callback calls 41, time in user-callback 0.00 sec
Set parameter TimeLimit to value 30
Gurobi Optimizer version 13.0.2 build v13.0.2rc1 (win64 - Windows 11+.0 (26200.2))

CPU model: 13th Gen Intel(R) Core(TM) i7-13620H, instruction set [SSE2|AVX|AVX2]
Thread count: 10 physical cores, 16 logical processors, using up to 1 threads

Non-default parameters:
TimeLimit  30
SoftMemLimit  12
FeasibilityTol  1e-07
IntFeasTol  1e-07
MIPGap  0
OptimalityTol  1e-07
Method  1
NodeMethod  1
DualReductions  0
InfUnbdInfo  1
LogToConsole  0
NumericFocus  1
Seed  20260929
Threads  1

Optimize a model with 85 rows, 13 columns and 204 nonzeros (Min)
Model has 1 linear objective coefficients
Coefficient statistics:
  Matrix range     [3e-05, 2e+01]
  Objective range  [1e+00, 1e+00]
  Bounds range     [2e+01, 2e+01]
  RHS range        [3e-03, 3e+02]

LP warm-start: use basis

Iteration    Objective       Primal Inf.    Dual Inf.      Time
       0    8.0903681e-01   1.514321e+02   0.000000e+00      0s

Solved in 1 iterations and 0.00 seconds (0.00 work units)
Infeasible model

User-callback calls 40, time in user-callback 0.00 sec
Set parameter TimeLimit to value 30
Gurobi Optimizer version 13.0.2 build v13.0.2rc1 (win64 - Windows 11+.0 (26200.2))

CPU model: 13th Gen Intel(R) Core(TM) i7-13620H, instruction set [SSE2|AVX|AVX2]
Thread count: 10 physical cores, 16 logical processors, using up to 1 threads

Non-default parameters:
TimeLimit  30
SoftMemLimit  12
FeasibilityTol  1e-07
IntFeasTol  1e-07
MIPGap  0
OptimalityTol  1e-07
Method  1
NodeMethod  1
DualReductions  0
InfUnbdInfo  1
LogToConsole  0
NumericFocus  1
Seed  20260929
Threads  1

Optimize a model with 85 rows, 13 columns and 204 nonzeros (Min)
Model has 1 linear objective coefficients
Coefficient statistics:
  Matrix range     [3e-05, 2e+01]
  Objective range  [1e+00, 1e+00]
  Bounds range     [2e+01, 2e+01]
  RHS range        [3e-03, 3e+02]

LP warm-start: use basis

Iteration    Objective       Primal Inf.    Dual Inf.      Time
       0    8.0903681e-01   6.531989e+01   0.000000e+00      0s

Solved in 5 iterations and 0.00 seconds (0.00 work units)
Infeasible model

User-callback calls 44, time in user-callback 0.00 sec
Set parameter TimeLimit to value 30
Gurobi Optimizer version 13.0.2 build v13.0.2rc1 (win64 - Windows 11+.0 (26200.2))

CPU model: 13th Gen Intel(R) Core(TM) i7-13620H, instruction set [SSE2|AVX|AVX2]
Thread count: 10 physical cores, 16 logical processors, using up to 1 threads

Non-default parameters:
TimeLimit  30
SoftMemLimit  12
FeasibilityTol  1e-07
IntFeasTol  1e-07
MIPGap  0
OptimalityTol  1e-07
Method  1
NodeMethod  1
DualReductions  0
InfUnbdInfo  1
LogToConsole  0
NumericFocus  1
Seed  20260929
Threads  1

Optimize a model with 85 rows, 13 columns and 204 nonzeros (Min)
Model has 1 linear objective coefficients
Coefficient statistics:
  Matrix range     [3e-05, 2e+01]
  Objective range  [1e+00, 1e+00]
  Bounds range     [2e+01, 2e+01]
  RHS range        [3e-03, 3e+02]

LP warm-start: use basis

Iteration    Objective       Primal Inf.    Dual Inf.      Time
       0    8.3344899e-01   4.597469e+01   0.000000e+00      0s

Solved in 0 iterations and 0.00 seconds (0.00 work units)
Infeasible model

User-callback calls 38, time in user-callback 0.00 sec
Set parameter TimeLimit to value 30
Gurobi Optimizer version 13.0.2 build v13.0.2rc1 (win64 - Windows 11+.0 (26200.2))

CPU model: 13th Gen Intel(R) Core(TM) i7-13620H, instruction set [SSE2|AVX|AVX2]
Thread count: 10 physical cores, 16 logical processors, using up to 1 threads

Non-default parameters:
TimeLimit  30
SoftMemLimit  12
FeasibilityTol  1e-07
IntFeasTol  1e-07
MIPGap  0
OptimalityTol  1e-07
Method  1
NodeMethod  1
DualReductions  0
InfUnbdInfo  1
LogToConsole  0
NumericFocus  1
Seed  20260929
Threads  1

Optimize a model with 85 rows, 13 columns and 204 nonzeros (Min)
Model has 1 linear objective coefficients
Coefficient statistics:
  Matrix range     [3e-05, 2e+01]
  Objective range  [1e+00, 1e+00]
  Bounds range     [2e+01, 2e+01]
  RHS range        [3e-03, 3e+02]

LP warm-start: use basis

Iteration    Objective       Primal Inf.    Dual Inf.      Time
       0    8.3344899e-01   1.478212e+01   0.000000e+00      0s

Solved in 6 iterations and 0.00 seconds (0.00 work units)
Infeasible model

User-callback calls 45, time in user-callback 0.00 sec
Set parameter TimeLimit to value 30
Gurobi Optimizer version 13.0.2 build v13.0.2rc1 (win64 - Windows 11+.0 (26200.2))

CPU model: 13th Gen Intel(R) Core(TM) i7-13620H, instruction set [SSE2|AVX|AVX2]
Thread count: 10 physical cores, 16 logical processors, using up to 1 threads

Non-default parameters:
TimeLimit  30
SoftMemLimit  12
FeasibilityTol  1e-07
IntFeasTol  1e-07
MIPGap  0
OptimalityTol  1e-07
Method  1
NodeMethod  1
DualReductions  0
InfUnbdInfo  1
LogToConsole  0
NumericFocus  1
Seed  20260929
Threads  1

Optimize a model with 85 rows, 13 columns and 204 nonzeros (Min)
Model has 1 linear objective coefficients
Coefficient statistics:
  Matrix range     [3e-05, 2e+01]
  Objective range  [1e+00, 1e+00]
  Bounds range     [2e+01, 2e+01]
  RHS range        [3e-03, 3e+02]

LP warm-start: use basis

Iteration    Objective       Primal Inf.    Dual Inf.      Time
       0    7.6153718e-01   3.316209e+02   0.000000e+00      0s

Solved in 2 iterations and 0.00 seconds (0.00 work units)
Infeasible model

User-callback calls 41, time in user-callback 0.00 sec
Set parameter TimeLimit to value 30
Gurobi Optimizer version 13.0.2 build v13.0.2rc1 (win64 - Windows 11+.0 (26200.2))

CPU model: 13th Gen Intel(R) Core(TM) i7-13620H, instruction set [SSE2|AVX|AVX2]
Thread count: 10 physical cores, 16 logical processors, using up to 1 threads

Non-default parameters:
TimeLimit  30
SoftMemLimit  12
FeasibilityTol  1e-07
IntFeasTol  1e-07
MIPGap  0
OptimalityTol  1e-07
Method  1
NodeMethod  1
DualReductions  0
InfUnbdInfo  1
LogToConsole  0
NumericFocus  1
Seed  20260929
Threads  1

Optimize a model with 85 rows, 13 columns and 204 nonzeros (Min)
Model has 1 linear objective coefficients
Coefficient statistics:
  Matrix range     [3e-05, 2e+01]
  Objective range  [1e+00, 1e+00]
  Bounds range     [2e+01, 2e+01]
  RHS range        [3e-03, 3e+02]

LP warm-start: use basis

Iteration    Objective       Primal Inf.    Dual Inf.      Time
       0    7.6153718e-01   5.446219e+01   0.000000e+00      0s

Solved in 5 iterations and 0.00 seconds (0.00 work units)
Infeasible model

User-callback calls 44, time in user-callback 0.00 sec
Set parameter TimeLimit to value 30
Gurobi Optimizer version 13.0.2 build v13.0.2rc1 (win64 - Windows 11+.0 (26200.2))

CPU model: 13th Gen Intel(R) Core(TM) i7-13620H, instruction set [SSE2|AVX|AVX2]
Thread count: 10 physical cores, 16 logical processors, using up to 1 threads

Non-default parameters:
TimeLimit  30
SoftMemLimit  12
FeasibilityTol  1e-07
IntFeasTol  1e-07
MIPGap  0
OptimalityTol  1e-07
Method  1
NodeMethod  1
DualReductions  0
InfUnbdInfo  1
LogToConsole  0
NumericFocus  1
Seed  20260929
Threads  1

Optimize a model with 85 rows, 13 columns and 204 nonzeros (Min)
Model has 1 linear objective coefficients
Coefficient statistics:
  Matrix range     [3e-05, 2e+01]
  Objective range  [1e+00, 1e+00]
  Bounds range     [2e+01, 2e+01]
  RHS range        [3e-03, 3e+02]

LP warm-start: use basis

Iteration    Objective       Primal Inf.    Dual Inf.      Time
       0    8.2251924e-01   2.976637e+02   0.000000e+00      0s

Solved in 2 iterations and 0.00 seconds (0.00 work units)
Infeasible model

User-callback calls 41, time in user-callback 0.00 sec
Set parameter TimeLimit to value 30
Gurobi Optimizer version 13.0.2 build v13.0.2rc1 (win64 - Windows 11+.0 (26200.2))

CPU model: 13th Gen Intel(R) Core(TM) i7-13620H, instruction set [SSE2|AVX|AVX2]
Thread count: 10 physical cores, 16 logical processors, using up to 1 threads

Non-default parameters:
TimeLimit  30
SoftMemLimit  12
FeasibilityTol  1e-07
IntFeasTol  1e-07
MIPGap  0
OptimalityTol  1e-07
Method  1
NodeMethod  1
DualReductions  0
InfUnbdInfo  1
LogToConsole  0
NumericFocus  1
Seed  20260929
Threads  1

Optimize a model with 85 rows, 13 columns and 204 nonzeros (Min)
Model has 1 linear objective coefficients
Coefficient statistics:
  Matrix range     [3e-05, 2e+01]
  Objective range  [1e+00, 1e+00]
  Bounds range     [2e+01, 2e+01]
  RHS range        [3e-03, 3e+02]

LP warm-start: use basis

Iteration    Objective       Primal Inf.    Dual Inf.      Time
       0    8.2251924e-01   4.660310e+01   0.000000e+00      0s

Solved in 3 iterations and 0.00 seconds (0.00 work units)
Infeasible model

User-callback calls 42, time in user-callback 0.00 sec
Set parameter TimeLimit to value 30
Gurobi Optimizer version 13.0.2 build v13.0.2rc1 (win64 - Windows 11+.0 (26200.2))

CPU model: 13th Gen Intel(R) Core(TM) i7-13620H, instruction set [SSE2|AVX|AVX2]
Thread count: 10 physical cores, 16 logical processors, using up to 1 threads

Non-default parameters:
TimeLimit  30
SoftMemLimit  12
FeasibilityTol  1e-07
IntFeasTol  1e-07
MIPGap  0
OptimalityTol  1e-07
Method  1
NodeMethod  1
DualReductions  0
InfUnbdInfo  1
LogToConsole  0
NumericFocus  1
Seed  20260929
Threads  1

Optimize a model with 85 rows, 13 columns and 204 nonzeros (Min)
Model has 1 linear objective coefficients
Coefficient statistics:
  Matrix range     [3e-05, 2e+01]
  Objective range  [1e+00, 1e+00]
  Bounds range     [2e+01, 2e+01]
  RHS range        [3e-03, 3e+02]

LP warm-start: use basis

Iteration    Objective       Primal Inf.    Dual Inf.      Time
       0    8.0903681e-01   4.314533e+02   0.000000e+00      0s

Solved in 2 iterations and 0.00 seconds (0.00 work units)
Infeasible model

User-callback calls 41, time in user-callback 0.00 sec
Set parameter TimeLimit to value 30
Gurobi Optimizer version 13.0.2 build v13.0.2rc1 (win64 - Windows 11+.0 (26200.2))

CPU model: 13th Gen Intel(R) Core(TM) i7-13620H, instruction set [SSE2|AVX|AVX2]
Thread count: 10 physical cores, 16 logical processors, using up to 1 threads

Non-default parameters:
TimeLimit  30
SoftMemLimit  12
FeasibilityTol  1e-07
IntFeasTol  1e-07
MIPGap  0
OptimalityTol  1e-07
Method  1
NodeMethod  1
DualReductions  0
InfUnbdInfo  1
LogToConsole  0
NumericFocus  1
Seed  20260929
Threads  1

Optimize a model with 85 rows, 13 columns and 204 nonzeros (Min)
Model has 1 linear objective coefficients
Coefficient statistics:
  Matrix range     [3e-05, 2e+01]
  Objective range  [1e+00, 1e+00]
  Bounds range     [2e+01, 2e+01]
  RHS range        [3e-03, 3e+02]

LP warm-start: use basis

Iteration    Objective       Primal Inf.    Dual Inf.      Time
       0    8.0903681e-01   1.101611e+02   0.000000e+00      0s

Solved in 5 iterations and 0.00 seconds (0.00 work units)
Infeasible model

User-callback calls 44, time in user-callback 0.00 sec
Set parameter TimeLimit to value 30
Gurobi Optimizer version 13.0.2 build v13.0.2rc1 (win64 - Windows 11+.0 (26200.2))

CPU model: 13th Gen Intel(R) Core(TM) i7-13620H, instruction set [SSE2|AVX|AVX2]
Thread count: 10 physical cores, 16 logical processors, using up to 1 threads

Non-default parameters:
TimeLimit  30
SoftMemLimit  12
FeasibilityTol  1e-07
IntFeasTol  1e-07
MIPGap  0
OptimalityTol  1e-07
Method  1
NodeMethod  1
DualReductions  0
InfUnbdInfo  1
LogToConsole  0
NumericFocus  1
Seed  20260929
Threads  1

Optimize a model with 85 rows, 13 columns and 204 nonzeros (Min)
Model has 1 linear objective coefficients
Coefficient statistics:
  Matrix range     [3e-05, 2e+01]
  Objective range  [1e+00, 1e+00]
  Bounds range     [2e+01, 2e+01]
  RHS range        [3e-03, 3e+02]

LP warm-start: use basis

Iteration    Objective       Primal Inf.    Dual Inf.      Time
       0    8.3829410e-01   4.466045e+01   0.000000e+00      0s

Solved in 0 iterations and 0.00 seconds (0.00 work units)
Infeasible model

User-callback calls 38, time in user-callback 0.00 sec
Set parameter TimeLimit to value 30
Gurobi Optimizer version 13.0.2 build v13.0.2rc1 (win64 - Windows 11+.0 (26200.2))

CPU model: 13th Gen Intel(R) Core(TM) i7-13620H, instruction set [SSE2|AVX|AVX2]
Thread count: 10 physical cores, 16 logical processors, using up to 1 threads

Non-default parameters:
TimeLimit  30
SoftMemLimit  12
FeasibilityTol  1e-07
IntFeasTol  1e-07
MIPGap  0
OptimalityTol  1e-07
Method  1
NodeMethod  1
DualReductions  0
InfUnbdInfo  1
LogToConsole  0
NumericFocus  1
Seed  20260929
Threads  1

Optimize a model with 85 rows, 13 columns and 204 nonzeros (Min)
Model has 1 linear objective coefficients
Coefficient statistics:
  Matrix range     [3e-05, 2e+01]
  Objective range  [1e+00, 1e+00]
  Bounds range     [2e+01, 2e+01]
  RHS range        [3e-03, 3e+02]

LP warm-start: use basis

Iteration    Objective       Primal Inf.    Dual Inf.      Time
       0    8.3829410e-01   1.377532e+01   0.000000e+00      0s

Solved in 6 iterations and 0.00 seconds (0.00 work units)
Infeasible model

User-callback calls 45, time in user-callback 0.00 sec
