aidc_id,slot,p_min_kw,p_max_kw,wetbulb_c,rh_pct,slope,intercept_kw,maximum_error_kw,maximum_error_at_kw,minimum_conservatism_kw
AIDC01,0,8.332855716102744,52.15076843766912,13.97328375112934,85.77487931950829,1.0000000019433006,4.982289712999963,5.9273752128774504e-08,42.72663775982029,0.0
AIDC02,0,4.166427858051372,26.07538421883456,13.97328375112934,85.77487931950829,1.0000000000047742,4.982289729172595,5.4214410738495644e-11,19.33524837635518,-3.552713678800501e-15
AIDC03,0,8.332855716102744,52.15076843766912,13.97328375112934,85.77487931950829,1.0000000019433006,4.982289712999963,5.9273752128774504e-08,42.72663775982029,0.0
AIDC04,0,4.166427858051372,26.07538421883456,13.97328375112934,85.77487931950829,1.0000000000047742,4.982289729172595,5.4214410738495644e-11,19.33524837635518,-3.552713678800501e-15
AIDC05,0,10.41606964512843,65.18846054708641,13.97328375112934,85.77487931950829,1.000000044277179,4.982289267999809,1.7970752423934755e-06,54.895730121303316,0.0
AIDC06,0,8.332855716102744,52.15076843766912,13.97328375112934,85.77487931950829,1.0000000019433006,4.982289712999963,5.9273752128774504e-08,42.72663775982029,0.0
AIDC07,0,4.166427858051372,26.07538421883456,13.97328375112934,85.77487931950829,1.0000000000047742,4.982289729172595,5.4214410738495644e-11,19.33524837635518,-3.552713678800501e-15
AIDC08,0,8.332855716102744,52.15076843766912,13.97328375112934,85.77487931950829,1.0000000019433006,4.982289712999963,5.9273752128774504e-08,42.72663775982029,0.0
AIDC09,0,4.166427858051372,26.07538421883456,13.97328375112934,85.77487931950829,1.0000000000047742,4.982289729172595,5.4214410738495644e-11,19.33524837635518,-3.552713678800501e-15
AIDC10,0,8.332855716102744,52.15076843766912,13.97328375112934,85.77487931950829,1.0000000019433006,4.982289712999963,5.9273752128774504e-08,42.72663775982029,0.0
AIDC11,0,4.166427858051372,26.07538421883456,13.97328375112934,85.77487931950829,1.0000000000047742,4.982289729172595,5.4214410738495644e-11,19.33524837635518,-3.552713678800501e-15
AIDC12,0,8.332855716102744,52.15076843766912,13.97328375112934,85.77487931950829,1.0000000019433006,4.982289712999963,5.9273752128774504e-08,42.72663775982029,0.0
AIDC01,1,8.332855716102744,52.15076843766912,13.916026234734279,85.99875985807155,1.0000000019704427,4.982289712773838,6.005810604392536e-08,42.71367026959423,0.0
AIDC02,1,4.166427858051372,26.07538421883456,13.916026234734279,85.99875985807155,1.0000000000049174,4.982289729172013,5.576339390245266e-11,19.328616431500606,0.0
AIDC03,1,8.332855716102744,52.15076843766912,13.916026234734279,85.99875985807155,1.0000000019704427,4.982289712773838,6.005810604392536e-08,42.71367026959423,0.0
AIDC04,1,4.166427858051372,26.07538421883456,13.916026234734279,85.99875985807155,1.0000000000049174,4.982289729172013,5.576339390245266e-11,19.328616431500606,0.0
AIDC05,1,10.41606964512843,65.18846054708641,13.916026234734279,85.99875985807155,1.0000000445450579,4.982289265209637,1.8068725253783668e-06,54.88072631757176,-1.4210854715202004e-14
AIDC06,1,8.332855716102744,52.15076843766912,13.916026234734279,85.99875985807155,1.0000000019704427,4.982289712773838,6.005810604392536e-08,42.71367026959423,0.0
AIDC07,1,4.166427858051372,26.07538421883456,13.916026234734279,85.99875985807155,1.0000000000049174,4.982289729172013,5.576339390245266e-11,19.328616431500606,0.0
AIDC08,1,8.332855716102744,52.15076843766912,13.916026234734279,85.99875985807155,1.0000000019704427,4.982289712773838,6.005810604392536e-08,42.71367026959423,0.0
AIDC09,1,4.166427858051372,26.07538421883456,13.916026234734279,85.99875985807155,1.0000000000049174,4.982289729172013,5.576339390245266e-11,19.328616431500606,0.0
AIDC10,1,8.332855716102744,52.15076843766912,13.916026234734279,85.99875985807155,1.0000000019704427,4.982289712773838,6.005810604392536e-08,42.71367026959423,0.0
AIDC11,1,4.166427858051372,26.07538421883456,13.916026234734279,85.99875985807155,1.0000000000049174,4.982289729172013,5.576339390245266e-11,19.328616431500606,0.0
AIDC12,1,8.332855716102744,52.15076843766912,13.916026234734279,85.99875985807155,1.0000000019704427,4.982289712773838,6.005810604392536e-08,42.71367026959423,0.0
AIDC01,2,8.332855716102744,52.15076843766912,13.858768718339217,86.22264039663482,1.0000000019979638,4.982289712544555,6.085264914190702e-08,42.70066319502622,-7.105427357601002e-15
AIDC02,2,4.166427858051372,26.07538421883456,13.858768718339217,86.22264039663482,1.0000000000050646,4.982289729171417,5.735856234423409e-11,19.3217434157211,0.0
AIDC03,2,8.332855716102744,52.15076843766912,13.858768718339217,86.22264039663482,1.0000000019979638,4.982289712544555,6.085264914190702e-08,42.70066319502622,-7.105427357601002e-15
AIDC04,2,4.166427858051372,26.07538421883456,13.858768718339217,86.22264039663482,1.0000000000050646,4.982289729171417,5.735856234423409e-11,19.3217434157211,0.0
AIDC05,2,10.41606964512843,65.18846054708641,13.858768718339217,86.22264039663482,1.0000000448145572,4.982289262402592,1.8167184734352304e-06,54.86567345863469,0.0
AIDC06,2,8.332855716102744,52.15076843766912,13.858768718339217,86.22264039663482,1.0000000019979638,4.982289712544555,6.085264914190702e-08,42.70066319502622,-7.105427357601002e-15
AIDC07,2,4.166427858051372,26.07538421883456,13.858768718339217,86.22264039663482,1.0000000000050646,4.982289729171417,5.735856234423409e-11,19.3217434157211,0.0
AIDC08,2,8.332855716102744,52.15076843766912,13.858768718339217,86.22264039663482,1.0000000019979638,4.982289712544555,6.085264914190702e-08,42.70066319502622,-7.105427357601002e-15
AIDC09,2,4.166427858051372,26.07538421883456,13.858768718339217,86.22264039663482,1.0000000000050646,4.982289729171417,5.735856234423409e-11,19.3217434157211,0.0
AIDC10,2,8.332855716102744,52.15076843766912,13.858768718339217,86.22264039663482,1.0000000019979638,4.982289712544555,6.085264914190702e-08,42.70066319502622,-7.105427357601002e-15
AIDC11,2,4.166427858051372,26.07538421883456,13.858768718339217,86.22264039663482,1.0000000000050646,4.982289729171417,5.735856234423409e-11,19.3217434157211,0.0
AIDC12,2,8.332855716102744,52.15076843766912,13.858768718339217,86.22264039663482,1.0000000019979638,4.982289712544555,6.085264914190702e-08,42.70066319502622,-7.105427357601002e-15
AIDC01,3,8.332855716102744,52.15076843766912,13.801511201944155,86.44652093519808,1.0000000020258695,4.98228971231207,6.165750932041192e-08,42.68761685892186,-7.105427357601002e-15
AIDC02,3,4.166427858051372,26.07538421883456,13.801511201944155,86.44652093519808,1.000000000005216,4.982289729170804,5.899636335016112e-11,19.314717969636114,0.0
AIDC03,3,8.332855716102744,52.15076843766912,13.801511201944155,86.44652093519808,1.0000000020258695,4.98228971231207,6.165750932041192e-08,42.68761685892186,-7.105427357601002e-15
AIDC04,3,4.166427858051372,26.07538421883456,13.801511201944155,86.44652093519808,1.000000000005216,4.982289729170804,5.899636335016112e-11,19.314717969636114,0.0
AIDC05,3,10.41606964512843,65.18846054708641,13.801511201944155,86.44652093519808,1.0000000450856872,4.982289259578561,1.8266132357780407e-06,54.85057133507087,0.0
AIDC06,3,8.332855716102744,52.15076843766912,13.801511201944155,86.44652093519808,1.0000000020258695,4.98228971231207,6.165750932041192e-08,42.68761685892186,-7.105427357601002e-15
AIDC07,3,4.166427858051372,26.07538421883456,13.801511201944155,86.44652093519808,1.000000000005216,4.982289729170804,5.899636335016112e-11,19.314717969636114,0.0
AIDC08,3,8.332855716102744,52.15076843766912,13.801511201944155,86.44652093519808,1.0000000020258695,4.98228971231207,6.165750932041192e-08,42.68761685892186,-7.105427357601002e-15
AIDC09,3,4.166427858051372,26.07538421883456,13.801511201944155,86.44652093519808,1.000000000005216,4.982289729170804,5.899636335016112e-11,19.314717969636114,0.0
AIDC10,3,8.332855716102744,52.15076843766912,13.801511201944155,86.44652093519808,1.0000000020258695,4.98228971231207,6.165750932041192e-08,42.68761685892186,-7.105427357601002e-15
AIDC11,3,4.166427858051372,26.07538421883456,13.801511201944155,86.44652093519808,1.000000000005216,4.982289729170804,5.899636335016112e-11,19.314717969636114,0.0
AIDC12,3,8.332855716102744,52.15076843766912,13.801511201944155,86.44652093519808,1.0000000020258695,4.98228971231207,6.165750932041192e-08,42.68761685892186,-7.105427357601002e-15
AIDC01,4,8.332855716102744,52.15076843766912,13.744253685549094,86.67040147376134,1.0000000020541648,4.982289712076341,6.247280737170513e-08,42.67453056932624,-7.105427357601002e-15
AIDC02,4,4.166427858051372,26.07538421883456,13.744253685549094,86.67040147376134,1.0000000000053724,4.98228972917017,6.068034963391256e-11,19.30794223716932,0.0
AIDC03,4,8.332855716102744,52.15076843766912,13.744253685549094,86.67040147376134,1.0000000020541648,4.982289712076341,6.247280737170513e-08,42.67453056932624,-7.105427357601002e-15
AIDC04,4,4.166427858051372,26.07538421883456,13.744253685549094,86.67040147376134,1.0000000000053724,4.98228972917017,6.068034963391256e-11,19.30794223716932,0.0
AIDC05,4,10.41606964512843,65.18846054708641,13.744253685549094,86.67040147376134,1.0000000453584572,4.982289256737456,1.8365570042533363e-06,54.835419653254704,0.0
AIDC06,4,8.332855716102744,52.15076843766912,13.744253685549094,86.67040147376134,1.0000000020541648,4.982289712076341,6.247280737170513e-08,42.67453056932624,-7.105427357601002e-15
AIDC07,4,4.166427858051372,26.07538421883456,13.744253685549094,86.67040147376134,1.0000000000053724,4.98228972917017,6.068034963391256e-11,19.30794223716932,0.0
AIDC08,4,8.332855716102744,52.15076843766912,13.744253685549094,86.67040147376134,1.0000000020541648,4.982289712076341,6.247280737170513e-08,42.67453056932624,-7.105427357601002e-15
AIDC09,4,4.166427858051372,26.07538421883456,13.744253685549094,86.67040147376134,1.0000000000053724,4.98228972917017,6.068034963391256e-11,19.30794223716932,0.0
AIDC10,4,8.332855716102744,52.15076843766912,13.744253685549094,86.67040147376134,1.0000000020541648,4.982289712076341,6.247280737170513e-08,42.67453056932624,-7.105427357601002e-15
AIDC11,4,4.166427858051372,26.07538421883456,13.744253685549094,86.67040147376134,1.0000000000053724,4.98228972917017,6.068034963391256e-11,19.30794223716932,0.0
AIDC12,4,8.332855716102744,52.15076843766912,13.744253685549094,86.67040147376134,1.0000000020541648,4.982289712076341,6.247280737170513e-08,42.67453056932624,-7.105427357601002e-15
AIDC01,5,8.332855716102744,52.15076843766912,13.67744041350354,87.18655362698496,1.0000000020808606,4.982289711853948,6.323025303345275e-08,42.65920955495348,-7.105427357601002e-15
AIDC02,5,4.166427858051372,26.07538421883456,13.67744041350354,87.18655362698496,1.0000000000055425,4.982289729169483,6.250644446481601e-11,19.299963087269134,0.0
AIDC03,5,8.332855716102744,52.15076843766912,13.67744041350354,87.18655362698496,1.0000000020808606,4.982289711853948,6.323025303345275e-08,42.65920955495348,-7.105427357601002e-15
AIDC04,5,4.166427858051372,26.07538421883456,13.67744041350354,87.18655362698496,1.0000000000055425,4.982289729169483,6.250644446481601e-11,19.299963087269134,0.0
AIDC05,5,10.41606964512843,65.18846054708641,13.67744041350354,87.18655362698496,1.0000000455295752,4.982289254955173,1.8421831740056405e-06,54.81767633386231,0.0
AIDC06,5,8.332855716102744,52.15076843766912,13.67744041350354,87.18655362698496,1.0000000020808606,4.982289711853948,6.323025303345275e-08,42.65920955495348,-7.105427357601002e-15
AIDC07,5,4.166427858051372,26.07538421883456,13.67744041350354,87.18655362698496,1.0000000000055425,4.982289729169483,6.250644446481601e-11,19.299963087269134,0.0
AIDC08,5,8.332855716102744,52.15076843766912,13.67744041350354,87.18655362698496,1.0000000020808606,4.982289711853948,6.323025303345275e-08,42.65920955495348,-7.105427357601002e-15
AIDC09,5,4.166427858051372,26.07538421883456,13.67744041350354,87.18655362698496,1.0000000000055425,4.982289729169483,6.250644446481601e-11,19.299963087269134,0.0
AIDC10,5,8.332855716102744,52.15076843766912,13.67744041350354,87.18655362698496,1.0000000020808606,4.982289711853948,6.323025303345275e-08,42.65920955495348,-7.105427357601002e-15
AIDC11,5,4.166427858051372,26.07538421883456,13.67744041350354,87.18655362698496,1.0000000000055425,4.982289729169483,6.250644446481601e-11,19.299963087269134,0.0
AIDC12,5,8.332855716102744,52.15076843766912,13.67744041350354,87.18655362698496,1.0000000020808606,4.982289711853948,6.323025303345275e-08,42.65920955495348,-7.105427357601002e-15
AIDC01,6,8.332855716102744,52.15076843766912,13.610627141457986,87.70270578020856,1.0000000021079034,4.982289711628665,6.399660179567945e-08,42.643834018000874,0.0
AIDC02,6,4.166427858051372,26.07538421883456,13.610627141457986,87.70270578020856,1.0000000000057174,4.982289729168779,6.437872457354388e-11,19.291624379480034,-3.552713678800501e-15
AIDC03,6,8.332855716102744,52.15076843766912,13.610627141457986,87.70270578020856,1.0000000021079034,4.982289711628665,6.399660179567945e-08,42.643834018000874,0.0
AIDC04,6,4.166427858051372,26.07538421883456,13.610627141457986,87.70270578020856,1.0000000000057174,4.982289729168779,6.437872457354388e-11,19.291624379480034,-3.552713678800501e-15
AIDC05,6,10.41606964512843,65.18846054708641,13.610627141457986,87.70270578020856,1.0000000457013392,4.982289253166167,1.8478198100524423e-06,54.79986486911763,0.0
AIDC06,6,8.332855716102744,52.15076843766912,13.610627141457986,87.70270578020856,1.0000000021079034,4.982289711628665,6.399660179567945e-08,42.643834018000874,0.0
AIDC07,6,4.166427858051372,26.07538421883456,13.610627141457986,87.70270578020856,1.0000000000057174,4.982289729168779,6.437872457354388e-11,19.291624379480034,-3.552713678800501e-15
AIDC08,6,8.332855716102744,52.15076843766912,13.610627141457986,87.70270578020856,1.0000000021079034,4.982289711628665,6.399660179567945e-08,42.643834018000874,0.0
AIDC09,6,4.166427858051372,26.07538421883456,13.610627141457986,87.70270578020856,1.0000000000057174,4.982289729168779,6.437872457354388e-11,19.291624379480034,-3.552713678800501e-15
AIDC10,6,8.332855716102744,52.15076843766912,13.610627141457986,87.70270578020856,1.0000000021079034,4.982289711628665,6.399660179567945e-08,42.643834018000874,0.0
AIDC11,6,4.166427858051372,26.07538421883456,13.610627141457986,87.70270578020856,1.0000000000057174,4.982289729168779,6.437872457354388e-11,19.291624379480034,-3.552713678800501e-15
AIDC12,6,8.332855716102744,52.15076843766912,13.610627141457986,87.70270578020856,1.0000000021079034,4.982289711628665,6.399660179567945e-08,42.643834018000874,0.0
AIDC01,7,8.332855716102744,52.15076843766912,13.54381386941243,88.21885793343218,1.0000000021352975,4.9822897114004565,6.477193892351352e-08,42.628403125276535,0.0
AIDC02,7,4.166427858051372,26.07538421883456,13.54381386941243,88.21885793343218,1.0000000000058984,4.982289729168047,6.631140081481135e-11,19.283586439516114,0.0
AIDC03,7,8.332855716102744,52.15076843766912,13.54381386941243,88.21885793343218,1.0000000021352975,4.9822897114004565,6.477193892351352e-08,42.628403125276535,0.0
AIDC04,7,4.166427858051372,26.07538421883456,13.54381386941243,88.21885793343218,1.0000000000058984,4.982289729168047,6.631140081481135e-11,19.283586439516114,0.0
AIDC05,7,10.41606964512843,65.18846054708641,13.54381386941243,88.21885793343218,1.0000000458737508,4.982289251370416,1.8534668200231863e-06,54.781984801551175,0.0
AIDC06,7,8.332855716102744,52.15076843766912,13.54381386941243,88.21885793343218,1.0000000021352975,4.9822897114004565,6.477193892351352e-08,42.628403125276535,0.0
AIDC07,7,4.166427858051372,26.07538421883456,13.54381386941243,88.21885793343218,1.0000000000058984,4.982289729168047,6.631140081481135e-11,19.283586439516114,0.0
AIDC08,7,8.332855716102744,52.15076843766912,13.54381386941243,88.21885793343218,1.0000000021352975,4.9822897114004565,6.477193892351352e-08,42.628403125276535,0.0
AIDC09,7,4.166427858051372,26.07538421883456,13.54381386941243,88.21885793343218,1.0000000000058984,4.982289729168047,6.631140081481135e-11,19.283586439516114,0.0
AIDC10,7,8.332855716102744,52.15076843766912,13.54381386941243,88.21885793343218,1.0000000021352975,4.9822897114004565,6.477193892351352e-08,42.628403125276535,0.0
AIDC11,7,4.166427858051372,26.07538421883456,13.54381386941243,88.21885793343218,1.0000000000058984,4.982289729168047,6.631140081481135e-11,19.283586439516114,0.0
AIDC12,7,8.332855716102744,52.15076843766912,13.54381386941243,88.21885793343218,1.0000000021352975,4.9822897114004565,6.477193892351352e-08,42.628403125276535,0.0
AIDC01,8,8.332855716102744,52.15076843766912,13.477000597366876,88.73501008665579,1.0000000021630475,4.982289711169285,6.55563567875106e-08,42.61291677173749,0.0
AIDC02,8,4.166427858051372,26.07538421883456,13.477000597366876,88.73501008665579,1.0000000000060851,4.982289729167293,6.830447318861843e-11,19.275563875527823,0.0
AIDC03,8,8.332855716102744,52.15076843766912,13.477000597366876,88.73501008665579,1.0000000021630475,4.982289711169285,6.55563567875106e-08,42.61291677173749,0.0
AIDC04,8,4.166427858051372,26.07538421883456,13.477000597366876,88.73501008665579,1.0000000000060851,4.982289729167293,6.830447318861843e-11,19.275563875527823,0.0
AIDC05,8,10.41606964512843,65.18846054708641,13.477000597366876,88.73501008665579,1.0000000460468128,4.9822892495679,1.8591241399690261e-06,54.7640357467093,0.0
AIDC06,8,8.332855716102744,52.15076843766912,13.477000597366876,88.73501008665579,1.0000000021630475,4.982289711169285,6.55563567875106e-08,42.61291677173749,0.0
AIDC07,8,4.166427858051372,26.07538421883456,13.477000597366876,88.73501008665579,1.0000000000060851,4.982289729167293,6.830447318861843e-11,19.275563875527823,0.0
AIDC08,8,8.332855716102744,52.15076843766912,13.477000597366876,88.73501008665579,1.0000000021630475,4.982289711169285,6.55563567875106e-08,42.61291677173749,0.0
AIDC09,8,4.166427858051372,26.07538421883456,13.477000597366876,88.73501008665579,1.0000000000060851,4.982289729167293,6.830447318861843e-11,19.275563875527823,0.0
AIDC10,8,8.332855716102744,52.15076843766912,13.477000597366876,88.73501008665579,1.0000000021630475,4.982289711169285,6.55563567875106e-08,42.61291677173749,0.0
AIDC11,8,4.166427858051372,26.07538421883456,13.477000597366876,88.73501008665579,1.0000000000060851,4.982289729167293,6.830447318861843e-11,19.275563875527823,0.0
AIDC12,8,8.332855716102744,52.15076843766912,13.477000597366876,88.73501008665579,1.0000000021630475,4.982289711169285,6.55563567875106e-08,42.61291677173749,0.0
AIDC01,9,8.332855716102744,52.15076843766912,13.413512417481684,88.9610072129085,1.0000000021971989,4.982289710884777,6.65358044216191e-08,42.59814927597924,-7.105427357601002e-15
AIDC02,9,4.166427858051372,26.07538421883456,13.413512417481684,88.9610072129085,1.0000000000062892,4.98228972916647,7.048583938740194e-11,19.267811908959715,0.0
AIDC03,9,8.332855716102744,52.15076843766912,13.413512417481684,88.9610072129085,1.0000000021971989,4.982289710884777,6.65358044216191e-08,42.59814927597924,-7.105427357601002e-15
AIDC04,9,4.166427858051372,26.07538421883456,13.413512417481684,88.9610072129085,1.0000000000062892,4.98228972916647,7.048583938740194e-11,19.267811908959715,0.0
AIDC05,9,10.41606964512843,65.18846054708641,13.413512417481684,88.9610072129085,1.0000000463690568,4.982289246211499,1.8708515483467636e-06,54.74691567452206,0.0
AIDC06,9,8.332855716102744,52.15076843766912,13.413512417481684,88.9610072129085,1.0000000021971989,4.982289710884777,6.65358044216191e-08,42.59814927597924,-7.105427357601002e-15
AIDC07,9,4.166427858051372,26.07538421883456,13.413512417481684,88.9610072129085,1.0000000000062892,4.98228972916647,7.048583938740194e-11,19.267811908959715,0.0
AIDC08,9,8.332855716102744,52.15076843766912,13.413512417481684,88.9610072129085,1.0000000021971989,4.982289710884777,6.65358044216191e-08,42.59814927597924,-7.105427357601002e-15
AIDC09,9,4.166427858051372,26.07538421883456,13.413512417481684,88.9610072129085,1.0000000000062892,4.98228972916647,7.048583938740194e-11,19.267811908959715,0.0
AIDC10,9,8.332855716102744,52.15076843766912,13.413512417481684,88.9610072129085,1.0000000021971989,4.982289710884777,6.65358044216191e-08,42.59814927597924,-7.105427357601002e-15
AIDC11,9,4.166427858051372,26.07538421883456,13.413512417481684,88.9610072129085,1.0000000000062892,4.98228972916647,7.048583938740194e-11,19.267811908959715,0.0
AIDC12,9,8.332855716102744,52.15076843766912,13.413512417481684,88.9610072129085,1.0000000021971989,4.982289710884777,6.65358044216191e-08,42.59814927597924,-7.105427357601002e-15
AIDC01,10,8.332855716102744,52.15076843766912,13.350024237596493,89.1870043391612,1.00000000223189,4.982289710595776,6.75296334406994e-08,42.583332362561904,0.0
AIDC02,10,4.166427858051372,26.07538421883456,13.350024237596493,89.1870043391612,1.0000000000065001,4.982289729165619,7.273825985976146e-11,19.2600716226481,-3.552713678800501e-15
AIDC03,10,8.332855716102744,52.15076843766912,13.350024237596493,89.1870043391612,1.00000000223189,4.982289710595776,6.75296334406994e-08,42.583332362561904,0.0
AIDC04,10,4.166427858051372,26.07538421883456,13.350024237596493,89.1870043391612,1.0000000000065001,4.982289729165619,7.273825985976146e-11,19.2600716226481,-3.552713678800501e-15
AIDC05,10,10.41606964512843,65.18846054708641,13.350024237596493,89.1870043391612,1.0000000466935555,4.982289242831618,1.8826464511789709e-06,54.729732556216376,-1.4210854715202004e-14
AIDC06,10,8.332855716102744,52.15076843766912,13.350024237596493,89.1870043391612,1.00000000223189,4.982289710595776,6.75296334406994e-08,42.583332362561904,0.0
AIDC07,10,4.166427858051372,26.07538421883456,13.350024237596493,89.1870043391612,1.0000000000065001,4.982289729165619,7.273825985976146e-11,19.2600716226481,-3.552713678800501e-15
AIDC08,10,8.332855716102744,52.15076843766912,13.350024237596493,89.1870043391612,1.00000000223189,4.982289710595776,6.75296334406994e-08,42.583332362561904,0.0
AIDC09,10,4.166427858051372,26.07538421883456,13.350024237596493,89.1870043391612,1.0000000000065001,4.982289729165619,7.273825985976146e-11,19.2600716226481,-3.552713678800501e-15
AIDC10,10,8.332855716102744,52.15076843766912,13.350024237596493,89.1870043391612,1.00000000223189,4.982289710595776,6.75296334406994e-08,42.583332362561904,0.0
AIDC11,10,4.166427858051372,26.07538421883456,13.350024237596493,89.1870043391612,1.0000000000065001,4.982289729165619,7.273825985976146e-11,19.2600716226481,-3.552713678800501e-15
AIDC12,10,8.332855716102744,52.15076843766912,13.350024237596493,89.1870043391612,1.00000000223189,4.982289710595776,6.75296334406994e-08,42.583332362561904,0.0
AIDC01,11,8.332855716102744,52.15076843766912,13.2865360577113,89.41300146541393,1.0000000022671283,4.982289710302215,6.853798595329863e-08,42.56846364217377,-7.105427357601002e-15
AIDC02,11,4.166427858051372,26.07538421883456,13.2865360577113,89.41300146541393,1.0000000000067184,4.982289729164738,7.506884003305458e-11,19.25246878564623,0.0
AIDC03,11,8.332855716102744,52.15076843766912,13.2865360577113,89.41300146541393,1.0000000022671283,4.982289710302215,6.853798595329863e-08,42.56846364217377,-7.105427357601002e-15
AIDC04,11,4.166427858051372,26.07538421883456,13.2865360577113,89.41300146541393,1.0000000000067184,4.982289729164738,7.506884003305458e-11,19.25246878564623,0.0
AIDC05,11,10.41606964512843,65.18846054708641,13.2865360577113,89.41300146541393,1.0000000470203254,4.982289239428086,1.8945091966315886e-06,54.712486112548234,0.0
AIDC06,11,8.332855716102744,52.15076843766912,13.2865360577113,89.41300146541393,1.0000000022671283,4.982289710302215,6.853798595329863e-08,42.56846364217377,-7.105427357601002e-15
AIDC07,11,4.166427858051372,26.07538421883456,13.2865360577113,89.41300146541393,1.0000000000067184,4.982289729164738,7.506884003305458e-11,19.25246878564623,0.0
AIDC08,11,8.332855716102744,52.15076843766912,13.2865360577113,89.41300146541393,1.0000000022671283,4.982289710302215,6.853798595329863e-08,42.56846364217377,-7.105427357601002e-15
AIDC09,11,4.166427858051372,26.07538421883456,13.2865360577113,89.41300146541393,1.0000000000067184,4.982289729164738,7.506884003305458e-11,19.25246878564623,0.0
AIDC10,11,8.332855716102744,52.15076843766912,13.2865360577113,89.41300146541393,1.0000000022671283,4.982289710302215,6.853798595329863e-08,42.56846364217377,-7.105427357601002e-15
AIDC11,11,4.166427858051372,26.07538421883456,13.2865360577113,89.41300146541393,1.0000000000067184,4.982289729164738,7.506884003305458e-11,19.25246878564623,0.0
AIDC12,11,8.332855716102744,52.15076843766912,13.2865360577113,89.41300146541393,1.0000000022671283,4.982289710302215,6.853798595329863e-08,42.56846364217377,-7.105427357601002e-15
AIDC01,12,8.332855716102744,52.15076843766912,13.223047877826108,89.63899859166663,1.0000000023029232,4.982289710004023,6.956110354394696e-08,42.553544470954506,0.0
AIDC02,12,4.166427858051372,26.07538421883456,13.223047877826108,89.63899859166663,1.0000000000069436,4.98228972916383,7.746336905256612e-11,19.244595872940153,0.0
AIDC03,12,8.332855716102744,52.15076843766912,13.223047877826108,89.63899859166663,1.0000000023029232,4.982289710004023,6.956110354394696e-08,42.553544470954506,0.0
AIDC04,12,4.166427858051372,26.07538421883456,13.223047877826108,89.63899859166663,1.0000000000069436,4.98228972916383,7.746336905256612e-11,19.244595872940153,0.0
AIDC05,12,10.41606964512843,65.18846054708641,13.223047877826108,89.63899859166663,1.0000000473493817,4.982289236000746,1.9064400547108562e-06,54.695175919217974,-1.4210854715202004e-14
AIDC06,12,8.332855716102744,52.15076843766912,13.223047877826108,89.63899859166663,1.0000000023029232,4.982289710004023,6.956110354394696e-08,42.553544470954506,0.0
AIDC07,12,4.166427858051372,26.07538421883456,13.223047877826108,89.63899859166663,1.0000000000069436,4.98228972916383,7.746336905256612e-11,19.244595872940153,0.0
AIDC08,12,8.332855716102744,52.15076843766912,13.223047877826108,89.63899859166663,1.0000000023029232,4.982289710004023,6.956110354394696e-08,42.553544470954506,0.0
AIDC09,12,4.166427858051372,26.07538421883456,13.223047877826108,89.63899859166663,1.0000000000069436,4.98228972916383,7.746336905256612e-11,19.244595872940153,0.0
AIDC10,12,8.332855716102744,52.15076843766912,13.223047877826108,89.63899859166663,1.0000000023029232,4.982289710004023,6.956110354394696e-08,42.553544470954506,0.0
AIDC11,12,4.166427858051372,26.07538421883456,13.223047877826108,89.63899859166663,1.0000000000069436,4.98228972916383,7.746336905256612e-11,19.244595872940153,0.0
AIDC12,12,8.332855716102744,52.15076843766912,13.223047877826108,89.63899859166663,1.0000000023029232,4.982289710004023,6.956110354394696e-08,42.553544470954506,0.0
AIDC01,13,8.332855716102744,52.15076843766912,13.177411619141647,90.00078731297208,1.000000002323048,4.982289709836383,7.01260418622951e-08,42.54278812949701,-7.105427357601002e-15
AIDC02,13,4.166427858051372,26.07538421883456,13.177411619141647,90.00078731297208,1.0000000000070919,4.9822897291632335,7.903366849859594e-11,19.238934020699084,-3.552713678800501e-15
AIDC03,13,8.332855716102744,52.15076843766912,13.177411619141647,90.00078731297208,1.000000002323048,4.982289709836383,7.01260418622951e-08,42.54278812949701,-7.105427357601002e-15
AIDC04,13,4.166427858051372,26.07538421883456,13.177411619141647,90.00078731297208,1.0000000000070919,4.9822897291632335,7.903366849859594e-11,19.238934020699084,-3.552713678800501e-15
AIDC05,13,10.41606964512843,65.18846054708641,13.177411619141647,90.00078731297208,1.000000047465691,4.98228923478935,1.9101630854834184e-06,54.6826935380401,0.0
AIDC06,13,8.332855716102744,52.15076843766912,13.177411619141647,90.00078731297208,1.000000002323048,4.982289709836383,7.01260418622951e-08,42.54278812949701,-7.105427357601002e-15
AIDC07,13,4.166427858051372,26.07538421883456,13.177411619141647,90.00078731297208,1.0000000000070919,4.9822897291632335,7.903366849859594e-11,19.238934020699084,-3.552713678800501e-15
AIDC08,13,8.332855716102744,52.15076843766912,13.177411619141647,90.00078731297208,1.000000002323048,4.982289709836383,7.01260418622951e-08,42.54278812949701,-7.105427357601002e-15
AIDC09,13,4.166427858051372,26.07538421883456,13.177411619141647,90.00078731297208,1.0000000000070919,4.9822897291632335,7.903366849859594e-11,19.238934020699084,-3.552713678800501e-15
AIDC10,13,8.332855716102744,52.15076843766912,13.177411619141647,90.00078731297208,1.000000002323048,4.982289709836383,7.01260418622951e-08,42.54278812949701,-7.105427357601002e-15
AIDC11,13,4.166427858051372,26.07538421883456,13.177411619141647,90.00078731297208,1.0000000000070919,4.9822897291632335,7.903366849859594e-11,19.238934020699084,-3.552713678800501e-15
AIDC12,13,8.332855716102744,52.15076843766912,13.177411619141647,90.00078731297208,1.000000002323048,4.982289709836383,7.01260418622951e-08,42.54278812949701,-7.105427357601002e-15
AIDC01,14,8.332855716102744,52.15076843766912,13.131775360457187,90.36257603427751,1.0000000023433488,4.982289709667276,7.069543528359645e-08,42.532005585355506,0.0
AIDC02,14,4.166427858051372,26.07538421883456,13.131775360457187,90.36257603427751,1.0000000000072435,4.982289729162623,8.062883694037737e-11,19.233355520551314,-3.552713678800501e-15
AIDC03,14,8.332855716102744,52.15076843766912,13.131775360457187,90.36257603427751,1.0000000023433488,4.982289709667276,7.069543528359645e-08,42.532005585355506,0.0
AIDC04,14,4.166427858051372,26.07538421883456,13.131775360457187,90.36257603427751,1.0000000000072435,4.982289729162623,8.062883694037737e-11,19.233355520551314,-3.552713678800501e-15
AIDC05,14,10.41606964512843,65.18846054708641,13.131775360457187,90.36257603427751,1.0000000475822857,4.982289233574983,1.9138898892379075e-06,54.67017790251744,0.0
AIDC06,14,8.332855716102744,52.15076843766912,13.131775360457187,90.36257603427751,1.0000000023433488,4.982289709667276,7.069543528359645e-08,42.532005585355506,0.0
AIDC07,14,4.166427858051372,26.07538421883456,13.131775360457187,90.36257603427751,1.0000000000072435,4.982289729162623,8.062883694037737e-11,19.233355520551314,-3.552713678800501e-15
AIDC08,14,8.332855716102744,52.15076843766912,13.131775360457187,90.36257603427751,1.0000000023433488,4.982289709667276,7.069543528359645e-08,42.532005585355506,0.0
AIDC09,14,4.166427858051372,26.07538421883456,13.131775360457187,90.36257603427751,1.0000000000072435,4.982289729162623,8.062883694037737e-11,19.233355520551314,-3.552713678800501e-15
AIDC10,14,8.332855716102744,52.15076843766912,13.131775360457187,90.36257603427751,1.0000000023433488,4.982289709667276,7.069543528359645e-08,42.532005585355506,0.0
AIDC11,14,4.166427858051372,26.07538421883456,13.131775360457187,90.36257603427751,1.0000000000072435,4.982289729162623,8.062883694037737e-11,19.233355520551314,-3.552713678800501e-15
AIDC12,14,8.332855716102744,52.15076843766912,13.131775360457187,90.36257603427751,1.0000000023433488,4.982289709667276,7.069543528359645e-08,42.532005585355506,0.0
AIDC01,15,8.332855716102744,52.15076843766912,13.086139101772728,90.72436475558294,1.0000000023638271,4.9822897094966905,7.126926959699631e-08,42.52119638522389,0.0
AIDC02,15,4.166427858051372,26.07538421883456,13.086139101772728,90.72436475558294,1.0000000000073985,4.982289729162001,8.22666379463044e-11,19.227818281942575,0.0
AIDC03,15,8.332855716102744,52.15076843766912,13.086139101772728,90.72436475558294,1.0000000023638271,4.9822897094966905,7.126926959699631e-08,42.52119638522389,0.0
AIDC04,15,4.166427858051372,26.07538421883456,13.086139101772728,90.72436475558294,1.0000000000073985,4.982289729162001,8.22666379463044e-11,19.227818281942575,0.0
AIDC05,15,10.41606964512843,65.18846054708641,13.086139101772728,90.72436475558294,1.000000047699167,4.982289232357635,1.9176204659743235e-06,54.65762891230604,0.0
AIDC06,15,8.332855716102744,52.15076843766912,13.086139101772728,90.72436475558294,1.0000000023638271,4.9822897094966905,7.126926959699631e-08,42.52119638522389,0.0
AIDC07,15,4.166427858051372,26.07538421883456,13.086139101772728,90.72436475558294,1.0000000000073985,4.982289729162001,8.22666379463044e-11,19.227818281942575,0.0
AIDC08,15,8.332855716102744,52.15076843766912,13.086139101772728,90.72436475558294,1.0000000023638271,4.9822897094966905,7.126926959699631e-08,42.52119638522389,0.0
AIDC09,15,4.166427858051372,26.07538421883456,13.086139101772728,90.72436475558294,1.0000000000073985,4.982289729162001,8.22666379463044e-11,19.227818281942575,0.0
AIDC10,15,8.332855716102744,52.15076843766912,13.086139101772728,90.72436475558294,1.0000000023638271,4.9822897094966905,7.126926959699631e-08,42.52119638522389,0.0
AIDC11,15,4.166427858051372,26.07538421883456,13.086139101772728,90.72436475558294,1.0000000000073985,4.982289729162001,8.22666379463044e-11,19.227818281942575,0.0
AIDC12,15,8.332855716102744,52.15076843766912,13.086139101772728,90.72436475558294,1.0000000023638271,4.9822897094966905,7.126926959699631e-08,42.52119638522389,0.0
AIDC01,16,8.332855716102744,52.15076843766912,13.040502843088268,91.08615347688838,1.0000000023844842,4.98228970932462,7.184760875134089e-08,42.51036006212857,-7.105427357601002e-15
AIDC02,16,4.166427858051372,26.07538421883456,13.040502843088268,91.08615347688838,1.0000000000075566,4.982289729161365,8.393286066166183e-11,19.22216353199618,0.0
AIDC03,16,8.332855716102744,52.15076843766912,13.040502843088268,91.08615347688838,1.0000000023844842,4.98228970932462,7.184760875134089e-08,42.51036006212857,-7.105427357601002e-15
AIDC04,16,4.166427858051372,26.07538421883456,13.040502843088268,91.08615347688838,1.0000000000075566,4.982289729161365,8.393286066166183e-11,19.22216353199618,0.0
AIDC05,16,10.41606964512843,65.18846054708641,13.040502843088268,91.08615347688838,1.0000000478163353,4.982289231137301,1.921354773060102e-06,54.645046390962094,0.0
AIDC06,16,8.332855716102744,52.15076843766912,13.040502843088268,91.08615347688838,1.0000000023844842,4.98228970932462,7.184760875134089e-08,42.51036006212857,-7.105427357601002e-15
AIDC07,16,4.166427858051372,26.07538421883456,13.040502843088268,91.08615347688838,1.0000000000075566,4.982289729161365,8.393286066166183e-11,19.22216353199618,0.0
AIDC08,16,8.332855716102744,52.15076843766912,13.040502843088268,91.08615347688838,1.0000000023844842,4.98228970932462,7.184760875134089e-08,42.51036006212857,-7.105427357601002e-15
AIDC09,16,4.166427858051372,26.07538421883456,13.040502843088268,91.08615347688838,1.0000000000075566,4.982289729161365,8.393286066166183e-11,19.22216353199618,0.0
AIDC10,16,8.332855716102744,52.15076843766912,13.040502843088268,91.08615347688838,1.0000000023844842,4.98228970932462,7.184760875134089e-08,42.51036006212857,-7.105427357601002e-15
AIDC11,16,4.166427858051372,26.07538421883456,13.040502843088268,91.08615347688838,1.0000000000075566,4.982289729161365,8.393286066166183e-11,19.22216353199618,0.0
AIDC12,16,8.332855716102744,52.15076843766912,13.040502843088268,91.08615347688838,1.0000000023844842,4.98228970932462,7.184760875134089e-08,42.51036006212857,-7.105427357601002e-15
AIDC01,17,8.332855716102744,52.15076843766912,12.973435643477883,91.12499655049695,1.0000000024305018,4.982289708941266,7.316729977446812e-08,42.49438654940275,0.0
AIDC02,17,4.166427858051372,26.07538421883456,12.973435643477883,91.12499655049695,1.0000000000078446,4.982289729160204,8.698108899807266e-11,19.213851094765133,0.0
AIDC03,17,8.332855716102744,52.15076843766912,12.973435643477883,91.12499655049695,1.0000000024305018,4.982289708941266,7.316729977446812e-08,42.49438654940275,0.0
AIDC04,17,4.166427858051372,26.07538421883456,12.973435643477883,91.12499655049695,1.0000000000078446,4.982289729160204,8.698108899807266e-11,19.213851094765133,0.0
AIDC05,17,10.41606964512843,65.18846054708641,12.973435643477883,91.12499655049695,1.000000048293688,4.982289226165333,1.939081251123298e-06,54.62649395691652,0.0
AIDC06,17,8.332855716102744,52.15076843766912,12.973435643477883,91.12499655049695,1.0000000024305018,4.982289708941266,7.316729977446812e-08,42.49438654940275,0.0
AIDC07,17,4.166427858051372,26.07538421883456,12.973435643477883,91.12499655049695,1.0000000000078446,4.982289729160204,8.698108899807266e-11,19.213851094765133,0.0
AIDC08,17,8.332855716102744,52.15076843766912,12.973435643477883,91.12499655049695,1.0000000024305018,4.982289708941266,7.316729977446812e-08,42.49438654940275,0.0
AIDC09,17,4.166427858051372,26.07538421883456,12.973435643477883,91.12499655049695,1.0000000000078446,4.982289729160204,8.698108899807266e-11,19.213851094765133,0.0
AIDC10,17,8.332855716102744,52.15076843766912,12.973435643477883,91.12499655049695,1.0000000024305018,4.982289708941266,7.316729977446812e-08,42.49438654940275,0.0
AIDC11,17,4.166427858051372,26.07538421883456,12.973435643477883,91.12499655049695,1.0000000000078446,4.982289729160204,8.698108899807266e-11,19.213851094765133,0.0
AIDC12,17,8.332855716102744,52.15076843766912,12.973435643477883,91.12499655049695,1.0000000024305018,4.982289708941266,7.316729977446812e-08,42.49438654940275,0.0
AIDC01,18,8.332855716102744,52.15076843766912,12.906368443867496,91.1638396241055,1.0000000024774074,4.982289708550523,7.451087213894425e-08,42.478354504207175,0.0
AIDC02,18,4.166427858051372,26.07538421883456,12.906368443867496,91.1638396241055,1.0000000000081435,4.982289729159001,9.015010959956271e-11,19.20547642949731,0.0
AIDC03,18,8.332855716102744,52.15076843766912,12.906368443867496,91.1638396241055,1.0000000024774074,4.982289708550523,7.451087213894425e-08,42.478354504207175,0.0
AIDC04,18,4.166427858051372,26.07538421883456,12.906368443867496,91.1638396241055,1.0000000000081435,4.982289729159001,9.015010959956271e-11,19.20547642949731,0.0
AIDC05,18,10.41606964512843,65.18846054708641,12.906368443867496,91.1638396241055,1.000000048775806,4.9822892211437395,1.956963394889044e-06,54.607868422833704,0.0
AIDC06,18,8.332855716102744,52.15076843766912,12.906368443867496,91.1638396241055,1.0000000024774074,4.982289708550523,7.451087213894425e-08,42.478354504207175,0.0
AIDC07,18,4.166427858051372,26.07538421883456,12.906368443867496,91.1638396241055,1.0000000000081435,4.982289729159001,9.015010959956271e-11,19.20547642949731,0.0
AIDC08,18,8.332855716102744,52.15076843766912,12.906368443867496,91.1638396241055,1.0000000024774074,4.982289708550523,7.451087213894425e-08,42.478354504207175,0.0
AIDC09,18,4.166427858051372,26.07538421883456,12.906368443867496,91.1638396241055,1.0000000000081435,4.982289729159001,9.015010959956271e-11,19.20547642949731,0.0
AIDC10,18,8.332855716102744,52.15076843766912,12.906368443867496,91.1638396241055,1.0000000024774074,4.982289708550523,7.451087213894425e-08,42.478354504207175,0.0
AIDC11,18,4.166427858051372,26.07538421883456,12.906368443867496,91.1638396241055,1.0000000000081435,4.982289729159001,9.015010959956271e-11,19.20547642949731,0.0
AIDC12,18,8.332855716102744,52.15076843766912,12.906368443867496,91.1638396241055,1.0000000024774074,4.982289708550523,7.451087213894425e-08,42.478354504207175,0.0
AIDC01,19,8.332855716102744,52.15076843766912,12.839301244257111,91.20268269771407,1.000000002525218,4.982289708152241,7.587873085412866e-08,42.46226355808143,0.0
AIDC02,19,4.166427858051372,26.07538421883456,12.839301244257111,91.20268269771407,1.000000000008454,4.982289729157754,9.342926432509557e-11,19.197164137630672,-3.552713678800501e-15
AIDC03,19,8.332855716102744,52.15076843766912,12.839301244257111,91.20268269771407,1.000000002525218,4.982289708152241,7.587873085412866e-08,42.46226355808143,0.0
AIDC04,19,4.166427858051372,26.07538421883456,12.839301244257111,91.20268269771407,1.000000000008454,4.982289729157754,9.342926432509557e-11,19.197164137630672,-3.552713678800501e-15
AIDC05,19,10.41606964512843,65.18846054708641,12.839301244257111,91.20268269771407,1.0000000492627368,4.982289216072024,1.975002383858282e-06,54.589169308093986,0.0
AIDC06,19,8.332855716102744,52.15076843766912,12.839301244257111,91.20268269771407,1.000000002525218,4.982289708152241,7.587873085412866e-08,42.46226355808143,0.0
AIDC07,19,4.166427858051372,26.07538421883456,12.839301244257111,91.20268269771407,1.000000000008454,4.982289729157754,9.342926432509557e-11,19.197164137630672,-3.552713678800501e-15
AIDC08,19,8.332855716102744,52.15076843766912,12.839301244257111,91.20268269771407,1.000000002525218,4.982289708152241,7.587873085412866e-08,42.46226355808143,0.0
AIDC09,19,4.166427858051372,26.07538421883456,12.839301244257111,91.20268269771407,1.000000000008454,4.982289729157754,9.342926432509557e-11,19.197164137630672,-3.552713678800501e-15
AIDC10,19,8.332855716102744,52.15076843766912,12.839301244257111,91.20268269771407,1.000000002525218,4.982289708152241,7.587873085412866e-08,42.46226355808143,0.0
AIDC11,19,4.166427858051372,26.07538421883456,12.839301244257111,91.20268269771407,1.000000000008454,4.982289729157754,9.342926432509557e-11,19.197164137630672,-3.552713678800501e-15
AIDC12,19,8.332855716102744,52.15076843766912,12.839301244257111,91.20268269771407,1.000000002525218,4.982289708152241,7.587873085412866e-08,42.46226355808143,0.0
AIDC01,20,8.332855716102744,52.15076843766912,12.772234044646726,91.24152577132263,1.0000000025739515,4.9822897077462756,7.727130224566281e-08,42.44611387801115,-7.105427357601002e-15
AIDC02,20,4.166427858051372,26.07538421883456,12.772234044646726,91.24152577132263,1.0000000000087763,4.982289729156457,9.682921131570765e-11,19.188911230873416,-3.552713678800501e-15
AIDC03,20,8.332855716102744,52.15076843766912,12.772234044646726,91.24152577132263,1.0000000025739515,4.9822897077462756,7.727130224566281e-08,42.44611387801115,-7.105427357601002e-15
AIDC04,20,4.166427858051372,26.07538421883456,12.772234044646726,91.24152577132263,1.0000000000087763,4.982289729156457,9.682921131570765e-11,19.188911230873416,-3.552713678800501e-15
AIDC05,20,10.41606964512843,65.18846054708641,12.772234044646726,91.24152577132263,1.0000000497545283,4.982289210949691,1.9931994756916538e-06,54.57039618211223,0.0
AIDC06,20,8.332855716102744,52.15076843766912,12.772234044646726,91.24152577132263,1.0000000025739515,4.9822897077462756,7.727130224566281e-08,42.44611387801115,-7.105427357601002e-15
AIDC07,20,4.166427858051372,26.07538421883456,12.772234044646726,91.24152577132263,1.0000000000087763,4.982289729156457,9.682921131570765e-11,19.188911230873416,-3.552713678800501e-15
AIDC08,20,8.332855716102744,52.15076843766912,12.772234044646726,91.24152577132263,1.0000000025739515,4.9822897077462756,7.727130224566281e-08,42.44611387801115,-7.105427357601002e-15
AIDC09,20,4.166427858051372,26.07538421883456,12.772234044646726,91.24152577132263,1.0000000000087763,4.982289729156457,9.682921131570765e-11,19.188911230873416,-3.552713678800501e-15
AIDC10,20,8.332855716102744,52.15076843766912,12.772234044646726,91.24152577132263,1.0000000025739515,4.9822897077462756,7.727130224566281e-08,42.44611387801115,-7.105427357601002e-15
AIDC11,20,4.166427858051372,26.07538421883456,12.772234044646726,91.24152577132263,1.0000000000087763,4.982289729156457,9.682921131570765e-11,19.188911230873416,-3.552713678800501e-15
AIDC12,20,8.332855716102744,52.15076843766912,12.772234044646726,91.24152577132263,1.0000000025739515,4.9822897077462756,7.727130224566281e-08,42.44611387801115,-7.105427357601002e-15
AIDC01,21,8.332855716102744,52.15076843766912,12.750759486538401,91.4483511167722,1.000000002583298,4.982289707668427,7.752876030053812e-08,42.440930581323414,0.0
AIDC02,21,4.166427858051372,26.07538421883456,12.750759486538401,91.4483511167722,1.0000000000088598,4.982289729156124,9.769962616701378e-11,19.186182373104486,-3.552713678800501e-15
AIDC03,21,8.332855716102744,52.15076843766912,12.750759486538401,91.4483511167722,1.000000002583298,4.982289707668427,7.752876030053812e-08,42.440930581323414,0.0
AIDC04,21,4.166427858051372,26.07538421883456,12.750759486538401,91.4483511167722,1.0000000000088598,4.982289729156124,9.769962616701378e-11,19.186182373104486,-3.552713678800501e-15
AIDC05,21,10.41606964512843,65.18846054708641,12.750759486538401,91.4483511167722,1.0000000497886092,4.982289210594756,1.9940764346415563e-06,54.56436942144994,0.0
AIDC06,21,8.332855716102744,52.15076843766912,12.750759486538401,91.4483511167722,1.000000002583298,4.982289707668427,7.752876030053812e-08,42.440930581323414,0.0
AIDC07,21,4.166427858051372,26.07538421883456,12.750759486538401,91.4483511167722,1.0000000000088598,4.982289729156124,9.769962616701378e-11,19.186182373104486,-3.552713678800501e-15
AIDC08,21,8.332855716102744,52.15076843766912,12.750759486538401,91.4483511167722,1.000000002583298,4.982289707668427,7.752876030053812e-08,42.440930581323414,0.0
AIDC09,21,4.166427858051372,26.07538421883456,12.750759486538401,91.4483511167722,1.0000000000088598,4.982289729156124,9.769962616701378e-11,19.186182373104486,-3.552713678800501e-15
AIDC10,21,8.332855716102744,52.15076843766912,12.750759486538401,91.4483511167722,1.000000002583298,4.982289707668427,7.752876030053812e-08,42.440930581323414,0.0
AIDC11,21,4.166427858051372,26.07538421883456,12.750759486538401,91.4483511167722,1.0000000000088598,4.982289729156124,9.769962616701378e-11,19.186182373104486,-3.552713678800501e-15
AIDC12,21,8.332855716102744,52.15076843766912,12.750759486538401,91.4483511167722,1.000000002583298,4.982289707668427,7.752876030053812e-08,42.440930581323414,0.0
AIDC01,22,8.332855716102744,52.15076843766912,12.729284928430076,91.65517646222177,1.000000002592678,4.982289707590297,7.778700705785013e-08,42.43574054958091,-7.105427357601002e-15
AIDC02,22,4.166427858051372,26.07538421883456,12.729284928430076,91.65517646222177,1.0000000000089442,4.982289729155784,9.85771464456775e-11,19.183495047061122,-3.552713678800501e-15
AIDC03,22,8.332855716102744,52.15076843766912,12.729284928430076,91.65517646222177,1.000000002592678,4.982289707590297,7.778700705785013e-08,42.43574054958091,-7.105427357601002e-15
AIDC04,22,4.166427858051372,26.07538421883456,12.729284928430076,91.65517646222177,1.0000000000089442,4.982289729155784,9.85771464456775e-11,19.183495047061122,-3.552713678800501e-15
AIDC05,22,10.41606964512843,65.18846054708641,12.729284928430076,91.65517646222177,1.000000049822714,4.982289210239575,1.994952945949535e-06,54.55833504875105,0.0
AIDC06,22,8.332855716102744,52.15076843766912,12.729284928430076,91.65517646222177,1.000000002592678,4.982289707590297,7.778700705785013e-08,42.43574054958091,-7.105427357601002e-15
AIDC07,22,4.166427858051372,26.07538421883456,12.729284928430076,91.65517646222177,1.0000000000089442,4.982289729155784,9.85771464456775e-11,19.183495047061122,-3.552713678800501e-15
AIDC08,22,8.332855716102744,52.15076843766912,12.729284928430076,91.65517646222177,1.000000002592678,4.982289707590297,7.778700705785013e-08,42.43574054958091,-7.105427357601002e-15
AIDC09,22,4.166427858051372,26.07538421883456,12.729284928430076,91.65517646222177,1.0000000000089442,4.982289729155784,9.85771464456775e-11,19.183495047061122,-3.552713678800501e-15
AIDC10,22,8.332855716102744,52.15076843766912,12.729284928430076,91.65517646222177,1.000000002592678,4.982289707590297,7.778700705785013e-08,42.43574054958091,-7.105427357601002e-15
AIDC11,22,4.166427858051372,26.07538421883456,12.729284928430076,91.65517646222177,1.0000000000089442,4.982289729155784,9.85771464456775e-11,19.183495047061122,-3.552713678800501e-15
AIDC12,22,8.332855716102744,52.15076843766912,12.729284928430076,91.65517646222177,1.000000002592678,4.982289707590297,7.778700705785013e-08,42.43574054958091,-7.105427357601002e-15
AIDC01,23,8.332855716102744,52.15076843766912,12.70781037032175,91.86200180767135,1.0000000026020925,4.9822897075118835,7.804608515016298e-08,42.43054498440098,0.0
AIDC02,23,4.166427858051372,26.07538421883456,12.70781037032175,91.86200180767135,1.0000000000090294,4.982289729155443,9.946177215169882e-11,19.180844719183227,0.0
AIDC03,23,8.332855716102744,52.15076843766912,12.70781037032175,91.86200180767135,1.0000000026020925,4.9822897075118835,7.804608515016298e-08,42.43054498440098,0.0
AIDC04,23,4.166427858051372,26.07538421883456,12.70781037032175,91.86200180767135,1.0000000000090294,4.982289729155443,9.946177215169882e-11,19.180844719183227,0.0
AIDC05,23,10.41606964512843,65.18846054708641,12.70781037032175,91.86200180767135,1.0000000498568415,4.982289209884156,1.9958289882993085e-06,54.552292974844306,0.0
AIDC06,23,8.332855716102744,52.15076843766912,12.70781037032175,91.86200180767135,1.0000000026020925,4.9822897075118835,7.804608515016298e-08,42.43054498440098,0.0
AIDC07,23,4.166427858051372,26.07538421883456,12.70781037032175,91.86200180767135,1.0000000000090294,4.982289729155443,9.946177215169882e-11,19.180844719183227,0.0
AIDC08,23,8.332855716102744,52.15076843766912,12.70781037032175,91.86200180767135,1.0000000026020925,4.9822897075118835,7.804608515016298e-08,42.43054498440098,0.0
AIDC09,23,4.166427858051372,26.07538421883456,12.70781037032175,91.86200180767135,1.0000000000090294,4.982289729155443,9.946177215169882e-11,19.180844719183227,0.0
AIDC10,23,8.332855716102744,52.15076843766912,12.70781037032175,91.86200180767135,1.0000000026020925,4.9822897075118835,7.804608515016298e-08,42.43054498440098,0.0
AIDC11,23,4.166427858051372,26.07538421883456,12.70781037032175,91.86200180767135,1.0000000000090294,4.982289729155443,9.946177215169882e-11,19.180844719183227,0.0
AIDC12,23,8.332855716102744,52.15076843766912,12.70781037032175,91.86200180767135,1.0000000026020925,4.9822897075118835,7.804608515016298e-08,42.43054498440098,0.0
AIDC01,24,8.332855716102744,52.15076843766912,12.686335812213425,92.06882715312092,1.000000002611541,4.982289707433189,7.830598747204931e-08,42.42534297748723,0.0
AIDC02,24,4.166427858051372,26.07538421883456,12.686335812213425,92.06882715312092,1.0000000000091156,4.982289729155097,1.0035705599875655e-10,19.178226958514273,0.0
AIDC03,24,8.332855716102744,52.15076843766912,12.686335812213425,92.06882715312092,1.000000002611541,4.982289707433189,7.830598747204931e-08,42.42534297748723,0.0
AIDC04,24,4.166427858051372,26.07538421883456,12.686335812213425,92.06882715312092,1.0000000000091156,4.982289729155097,1.0035705599875655e-10,19.178226958514273,0.0
AIDC05,24,10.41606964512843,65.18846054708641,12.686335812213425,92.06882715312092,1.0000000498909924,4.982289209528496,1.9967045474800216e-06,54.54624322017209,-1.4210854715202004e-14
AIDC06,24,8.332855716102744,52.15076843766912,12.686335812213425,92.06882715312092,1.000000002611541,4.982289707433189,7.830598747204931e-08,42.42534297748723,0.0
AIDC07,24,4.166427858051372,26.07538421883456,12.686335812213425,92.06882715312092,1.0000000000091156,4.982289729155097,1.0035705599875655e-10,19.178226958514273,0.0
AIDC08,24,8.332855716102744,52.15076843766912,12.686335812213425,92.06882715312092,1.000000002611541,4.982289707433189,7.830598747204931e-08,42.42534297748723,0.0
AIDC09,24,4.166427858051372,26.07538421883456,12.686335812213425,92.06882715312092,1.0000000000091156,4.982289729155097,1.0035705599875655e-10,19.178226958514273,0.0
AIDC10,24,8.332855716102744,52.15076843766912,12.686335812213425,92.06882715312092,1.000000002611541,4.982289707433189,7.830598747204931e-08,42.42534297748723,0.0
AIDC11,24,4.166427858051372,26.07538421883456,12.686335812213425,92.06882715312092,1.0000000000091156,4.982289729155097,1.0035705599875655e-10,19.178226958514273,0.0
AIDC12,24,8.332855716102744,52.15076843766912,12.686335812213425,92.06882715312092,1.000000002611541,4.982289707433189,7.830598747204931e-08,42.42534297748723,0.0
AIDC01,25,8.332855716102744,52.15076843766912,12.663502274413537,91.83040032254387,1.000000002637099,4.98228970722027,7.904707644001974e-08,42.419805287166,0.0
AIDC02,25,4.166427858051372,26.07538421883456,12.663502274413537,91.83040032254387,1.0000000000092624,4.982289729154506,1.0191314459007117e-10,19.175404373390393,0.0
AIDC03,25,8.332855716102744,52.15076843766912,12.663502274413537,91.83040032254387,1.000000002637099,4.98228970722027,7.904707644001974e-08,42.419805287166,0.0
AIDC04,25,4.166427858051372,26.07538421883456,12.663502274413537,91.83040032254387,1.0000000000092624,4.982289729154506,1.0191314459007117e-10,19.175404373390393,0.0
AIDC05,25,10.41606964512843,65.18846054708641,12.663502274413537,91.83040032254387,1.0000000502220208,4.982289206080569,2.0094258275094035e-06,54.53980219131695,0.0
AIDC06,25,8.332855716102744,52.15076843766912,12.663502274413537,91.83040032254387,1.000000002637099,4.98228970722027,7.904707644001974e-08,42.419805287166,0.0
AIDC07,25,4.166427858051372,26.07538421883456,12.663502274413537,91.83040032254387,1.0000000000092624,4.982289729154506,1.0191314459007117e-10,19.175404373390393,0.0
AIDC08,25,8.332855716102744,52.15076843766912,12.663502274413537,91.83040032254387,1.000000002637099,4.98228970722027,7.904707644001974e-08,42.419805287166,0.0
AIDC09,25,4.166427858051372,26.07538421883456,12.663502274413537,91.83040032254387,1.0000000000092624,4.982289729154506,1.0191314459007117e-10,19.175404373390393,0.0
AIDC10,25,8.332855716102744,52.15076843766912,12.663502274413537,91.83040032254387,1.000000002637099,4.98228970722027,7.904707644001974e-08,42.419805287166,0.0
AIDC11,25,4.166427858051372,26.07538421883456,12.663502274413537,91.83040032254387,1.0000000000092624,4.982289729154506,1.0191314459007117e-10,19.175404373390393,0.0
AIDC12,25,8.332855716102744,52.15076843766912,12.663502274413537,91.83040032254387,1.000000002637099,4.98228970722027,7.904707644001974e-08,42.419805287166,0.0
AIDC01,26,8.332855716102744,52.15076843766912,12.640668736613648,91.5919734919668,1.0000000026629068,4.982289707005275,7.97951145159459e-08,42.4142601657845,-7.105427357601002e-15
AIDC02,26,4.166427858051372,26.07538421883456,12.640668736613648,91.5919734919668,1.0000000000094114,4.982289729153907,1.0349410217713739e-10,19.172517763883135,-3.552713678800501e-15
AIDC03,26,8.332855716102744,52.15076843766912,12.640668736613648,91.5919734919668,1.0000000026629068,4.982289707005275,7.97951145159459e-08,42.4142601657845,-7.105427357601002e-15
AIDC04,26,4.166427858051372,26.07538421883456,12.640668736613648,91.5919734919668,1.0000000000094114,4.982289729153907,1.0349410217713739e-10,19.172517763883135,-3.552713678800501e-15
AIDC05,26,10.41606964512843,65.18846054708641,12.640668736613648,91.5919734919668,1.000000050555245,4.982289202609774,2.0222271430725414e-06,54.5333524205044,0.0
AIDC06,26,8.332855716102744,52.15076843766912,12.640668736613648,91.5919734919668,1.0000000026629068,4.982289707005275,7.97951145159459e-08,42.4142601657845,-7.105427357601002e-15
AIDC07,26,4.166427858051372,26.07538421883456,12.640668736613648,91.5919734919668,1.0000000000094114,4.982289729153907,1.0349410217713739e-10,19.172517763883135,-3.552713678800501e-15
AIDC08,26,8.332855716102744,52.15076843766912,12.640668736613648,91.5919734919668,1.0000000026629068,4.982289707005275,7.97951145159459e-08,42.4142601657845,-7.105427357601002e-15
AIDC09,26,4.166427858051372,26.07538421883456,12.640668736613648,91.5919734919668,1.0000000000094114,4.982289729153907,1.0349410217713739e-10,19.172517763883135,-3.552713678800501e-15
AIDC10,26,8.332855716102744,52.15076843766912,12.640668736613648,91.5919734919668,1.0000000026629068,4.982289707005275,7.97951145159459e-08,42.4142601657845,-7.105427357601002e-15
AIDC11,26,4.166427858051372,26.07538421883456,12.640668736613648,91.5919734919668,1.0000000000094114,4.982289729153907,1.0349410217713739e-10,19.172517763883135,-3.552713678800501e-15
AIDC12,26,8.332855716102744,52.15076843766912,12.640668736613648,91.5919734919668,1.0000000026629068,4.982289707005275,7.97951145159459e-08,42.4142601657845,-7.105427357601002e-15
AIDC01,27,8.332855716102744,52.15076843766912,12.61783519881376,91.35354666138974,1.0000000026889675,4.982289706788171,8.05502011758108e-08,42.40870862652318,0.0
AIDC02,27,4.166427858051372,26.07538421883456,12.61783519881376,91.35354666138974,1.0000000000095628,4.9822897291532975,1.0509637604627642e-10,19.169649211369787,0.0
AIDC03,27,8.332855716102744,52.15076843766912,12.61783519881376,91.35354666138974,1.0000000026889675,4.982289706788171,8.05502011758108e-08,42.40870862652318,0.0
AIDC04,27,4.166427858051372,26.07538421883456,12.61783519881376,91.35354666138974,1.0000000000095628,4.9822897291532975,1.0509637604627642e-10,19.169649211369787,0.0
AIDC05,27,10.41606964512843,65.18846054708641,12.61783519881376,91.35354666138974,1.0000000508906808,4.982289199115943,2.0351090341819145e-06,54.52689395089398,0.0
AIDC06,27,8.332855716102744,52.15076843766912,12.61783519881376,91.35354666138974,1.0000000026889675,4.982289706788171,8.05502011758108e-08,42.40870862652318,0.0
AIDC07,27,4.166427858051372,26.07538421883456,12.61783519881376,91.35354666138974,1.0000000000095628,4.9822897291532975,1.0509637604627642e-10,19.169649211369787,0.0
AIDC08,27,8.332855716102744,52.15076843766912,12.61783519881376,91.35354666138974,1.0000000026889675,4.982289706788171,8.05502011758108e-08,42.40870862652318,0.0
AIDC09,27,4.166427858051372,26.07538421883456,12.61783519881376,91.35354666138974,1.0000000000095628,4.9822897291532975,1.0509637604627642e-10,19.169649211369787,0.0
AIDC10,27,8.332855716102744,52.15076843766912,12.61783519881376,91.35354666138974,1.0000000026889675,4.982289706788171,8.05502011758108e-08,42.40870862652318,0.0
AIDC11,27,4.166427858051372,26.07538421883456,12.61783519881376,91.35354666138974,1.0000000000095628,4.9822897291532975,1.0509637604627642e-10,19.169649211369787,0.0
AIDC12,27,8.332855716102744,52.15076843766912,12.61783519881376,91.35354666138974,1.0000000026889675,4.982289706788171,8.05502011758108e-08,42.40870862652318,0.0
AIDC01,28,8.332855716102744,52.15076843766912,12.595001661013871,91.11511983081267,1.000000002715283,4.982289706568945,8.131237905217858e-08,42.4031499239199,0.0
AIDC02,28,4.166427858051372,26.07538421883456,12.595001661013871,91.11511983081267,1.0000000000097164,4.982289729152682,1.0672707162484585e-10,19.166687200505166,0.0
AIDC03,28,8.332855716102744,52.15076843766912,12.595001661013871,91.11511983081267,1.000000002715283,4.982289706568945,8.131237905217858e-08,42.4031499239199,0.0
AIDC04,28,4.166427858051372,26.07538421883456,12.595001661013871,91.11511983081267,1.0000000000097164,4.982289729152682,1.0672707162484585e-10,19.166687200505166,0.0
AIDC05,28,10.41606964512843,65.18846054708641,12.595001661013871,91.11511983081267,1.0000000512283418,4.982289195598936,2.048071984006583e-06,54.52042670916566,0.0
AIDC06,28,8.332855716102744,52.15076843766912,12.595001661013871,91.11511983081267,1.000000002715283,4.982289706568945,8.131237905217858e-08,42.4031499239199,0.0
AIDC07,28,4.166427858051372,26.07538421883456,12.595001661013871,91.11511983081267,1.0000000000097164,4.982289729152682,1.0672707162484585e-10,19.166687200505166,0.0
AIDC08,28,8.332855716102744,52.15076843766912,12.595001661013871,91.11511983081267,1.000000002715283,4.982289706568945,8.131237905217858e-08,42.4031499239199,0.0
AIDC09,28,4.166427858051372,26.07538421883456,12.595001661013871,91.11511983081267,1.0000000000097164,4.982289729152682,1.0672707162484585e-10,19.166687200505166,0.0
AIDC10,28,8.332855716102744,52.15076843766912,12.595001661013871,91.11511983081267,1.000000002715283,4.982289706568945,8.131237905217858e-08,42.4031499239199,0.0
AIDC11,28,4.166427858051372,26.07538421883456,12.595001661013871,91.11511983081267,1.0000000000097164,4.982289729152682,1.0672707162484585e-10,19.166687200505166,0.0
AIDC12,28,8.332855716102744,52.15076843766912,12.595001661013871,91.11511983081267,1.000000002715283,4.982289706568945,8.131237905217858e-08,42.4031499239199,0.0
AIDC01,29,8.332855716102744,52.15076843766912,12.767575500939206,89.40651057188988,1.0000000026389102,4.982289707205052,7.921626377083157e-08,42.444990014325654,0.0
AIDC02,29,4.166427858051372,26.07538421883456,12.767575500939206,89.40651057188988,1.0000000000090092,4.982289729155512,9.938716516444401e-11,19.188331700868083,0.0
AIDC03,29,8.332855716102744,52.15076843766912,12.767575500939206,89.40651057188988,1.0000000026389102,4.982289707205052,7.921626377083157e-08,42.444990014325654,0.0
AIDC04,29,4.166427858051372,26.07538421883456,12.767575500939206,89.40651057188988,1.0000000000090092,4.982289729155512,9.938716516444401e-11,19.188331700868083,0.0
AIDC05,29,10.41606964512843,65.18846054708641,12.767575500939206,89.40651057188988,1.000000050977658,4.9822891982096,2.0420904576212706e-06,54.56908936676801,0.0
AIDC06,29,8.332855716102744,52.15076843766912,12.767575500939206,89.40651057188988,1.0000000026389102,4.982289707205052,7.921626377083157e-08,42.444990014325654,0.0
AIDC07,29,4.166427858051372,26.07538421883456,12.767575500939206,89.40651057188988,1.0000000000090092,4.982289729155512,9.938716516444401e-11,19.188331700868083,0.0
AIDC08,29,8.332855716102744,52.15076843766912,12.767575500939206,89.40651057188988,1.0000000026389102,4.982289707205052,7.921626377083157e-08,42.444990014325654,0.0
AIDC09,29,4.166427858051372,26.07538421883456,12.767575500939206,89.40651057188988,1.0000000000090092,4.982289729155512,9.938716516444401e-11,19.188331700868083,0.0
AIDC10,29,8.332855716102744,52.15076843766912,12.767575500939206,89.40651057188988,1.0000000026389102,4.982289707205052,7.921626377083157e-08,42.444990014325654,0.0
AIDC11,29,4.166427858051372,26.07538421883456,12.767575500939206,89.40651057188988,1.0000000000090092,4.982289729155512,9.938716516444401e-11,19.188331700868083,0.0
AIDC12,29,8.332855716102744,52.15076843766912,12.767575500939206,89.40651057188988,1.0000000026389102,4.982289707205052,7.921626377083157e-08,42.444990014325654,0.0
AIDC01,30,8.332855716102744,52.15076843766912,12.940149340864542,87.69790131296709,1.0000000025646851,4.982289707823293,7.71715917835536e-08,42.48643706136113,-7.105427357601002e-15
AIDC02,30,4.166427858051372,26.07538421883456,12.940149340864542,87.69790131296709,1.0000000000083533,4.982289729158142,9.255174404643185e-11,19.209792229251434,0.0
AIDC03,30,8.332855716102744,52.15076843766912,12.940149340864542,87.69790131296709,1.0000000025646851,4.982289707823293,7.71715917835536e-08,42.48643706136113,-7.105427357601002e-15
AIDC04,30,4.166427858051372,26.07538421883456,12.940149340864542,87.69790131296709,1.0000000000083533,4.982289729158142,9.255174404643185e-11,19.209792229251434,0.0
AIDC05,30,10.41606964512843,65.18846054708641,12.940149340864542,87.69790131296709,1.0000000507282,4.982289200807545,2.036070540611945e-06,54.617258884665944,0.0
AIDC06,30,8.332855716102744,52.15076843766912,12.940149340864542,87.69790131296709,1.0000000025646851,4.982289707823293,7.71715917835536e-08,42.48643706136113,-7.105427357601002e-15
AIDC07,30,4.166427858051372,26.07538421883456,12.940149340864542,87.69790131296709,1.0000000000083533,4.982289729158142,9.255174404643185e-11,19.209792229251434,0.0
AIDC08,30,8.332855716102744,52.15076843766912,12.940149340864542,87.69790131296709,1.0000000025646851,4.982289707823293,7.71715917835536e-08,42.48643706136113,-7.105427357601002e-15
AIDC09,30,4.166427858051372,26.07538421883456,12.940149340864542,87.69790131296709,1.0000000000083533,4.982289729158142,9.255174404643185e-11,19.209792229251434,0.0
AIDC10,30,8.332855716102744,52.15076843766912,12.940149340864542,87.69790131296709,1.0000000025646851,4.982289707823293,7.71715917835536e-08,42.48643706136113,-7.105427357601002e-15
AIDC11,30,4.166427858051372,26.07538421883456,12.940149340864542,87.69790131296709,1.0000000000083533,4.982289729158142,9.255174404643185e-11,19.209792229251434,0.0
AIDC12,30,8.332855716102744,52.15076843766912,12.940149340864542,87.69790131296709,1.0000000025646851,4.982289707823293,7.71715917835536e-08,42.48643706136113,-7.105427357601002e-15
AIDC01,31,8.332855716102744,52.15076843766912,13.112723180789878,85.9892920540443,1.0000000024925473,4.982289708424169,7.5177197800258e-08,42.52749606470884,0.0
AIDC02,31,4.166427858051372,26.07538421883456,13.112723180789878,85.9892920540443,1.000000000007745,4.982289729160588,8.617817570666375e-11,19.23103412758924,0.0
AIDC03,31,8.332855716102744,52.15076843766912,13.112723180789878,85.9892920540443,1.0000000024925473,4.982289708424169,7.5177197800258e-08,42.52749606470884,0.0
AIDC04,31,4.166427858051372,26.07538421883456,13.112723180789878,85.9892920540443,1.000000000007745,4.982289729160588,8.617817570666375e-11,19.23103412758924,0.0
AIDC05,31,10.41606964512843,65.18846054708641,13.112723180789878,85.9892920540443,1.0000000504799624,4.982289203392819,2.0300138885431807e-06,54.66494287194057,0.0
AIDC06,31,8.332855716102744,52.15076843766912,13.112723180789878,85.9892920540443,1.0000000024925473,4.982289708424169,7.5177197800258e-08,42.52749606470884,0.0
AIDC07,31,4.166427858051372,26.07538421883456,13.112723180789878,85.9892920540443,1.000000000007745,4.982289729160588,8.617817570666375e-11,19.23103412758924,0.0
AIDC08,31,8.332855716102744,52.15076843766912,13.112723180789878,85.9892920540443,1.0000000024925473,4.982289708424169,7.5177197800258e-08,42.52749606470884,0.0
AIDC09,31,4.166427858051372,26.07538421883456,13.112723180789878,85.9892920540443,1.000000000007745,4.982289729160588,8.617817570666375e-11,19.23103412758924,0.0
AIDC10,31,8.332855716102744,52.15076843766912,13.112723180789878,85.9892920540443,1.0000000024925473,4.982289708424169,7.5177197800258e-08,42.52749606470884,0.0
AIDC11,31,4.166427858051372,26.07538421883456,13.112723180789878,85.9892920540443,1.000000000007745,4.982289729160588,8.617817570666375e-11,19.23103412758924,0.0
AIDC12,31,8.332855716102744,52.15076843766912,13.112723180789878,85.9892920540443,1.0000000024925473,4.982289708424169,7.5177197800258e-08,42.52749606470884,0.0
AIDC01,32,8.332855716102744,52.15076843766912,13.285297020715213,84.2806827951215,1.0000000024224385,4.982289709008162,7.323198758513172e-08,42.56817313909808,0.0
AIDC02,32,4.166427858051372,26.07538421883456,13.285297020715213,84.2806827951215,1.000000000007181,4.982289729162855,8.023448572203051e-11,19.252235452328662,0.0
AIDC03,32,8.332855716102744,52.15076843766912,13.285297020715213,84.2806827951215,1.0000000024224385,4.982289709008162,7.323198758513172e-08,42.56817313909808,0.0
AIDC04,32,4.166427858051372,26.07538421883456,13.285297020715213,84.2806827951215,1.000000000007181,4.982289729162855,8.023448572203051e-11,19.252235452328662,0.0
AIDC05,32,10.41606964512843,65.18846054708641,13.285297020715213,84.2806827951215,1.000000050232939,4.982289205965484,2.0239220859252782e-06,54.712148715368244,0.0
AIDC06,32,8.332855716102744,52.15076843766912,13.285297020715213,84.2806827951215,1.0000000024224385,4.982289709008162,7.323198758513172e-08,42.56817313909808,0.0
AIDC07,32,4.166427858051372,26.07538421883456,13.285297020715213,84.2806827951215,1.000000000007181,4.982289729162855,8.023448572203051e-11,19.252235452328662,0.0
AIDC08,32,8.332855716102744,52.15076843766912,13.285297020715213,84.2806827951215,1.0000000024224385,4.982289709008162,7.323198758513172e-08,42.56817313909808,0.0
AIDC09,32,4.166427858051372,26.07538421883456,13.285297020715213,84.2806827951215,1.000000000007181,4.982289729162855,8.023448572203051e-11,19.252235452328662,0.0
AIDC10,32,8.332855716102744,52.15076843766912,13.285297020715213,84.2806827951215,1.0000000024224385,4.982289709008162,7.323198758513172e-08,42.56817313909808,0.0
AIDC11,32,4.166427858051372,26.07538421883456,13.285297020715213,84.2806827951215,1.000000000007181,4.982289729162855,8.023448572203051e-11,19.252235452328662,0.0
AIDC12,32,8.332855716102744,52.15076843766912,13.285297020715213,84.2806827951215,1.0000000024224385,4.982289709008162,7.323198758513172e-08,42.56817313909808,0.0
AIDC01,33,8.332855716102744,52.15076843766912,13.459634770050382,81.92078556874733,1.000000002372847,4.982289709421218,7.189844097865716e-08,42.60888254560828,0.0
AIDC02,33,4.166427858051372,26.07538421883456,13.459634770050382,81.92078556874733,1.000000000006707,4.9822897291647585,7.525002843067341e-11,19.27347287611959,-3.552713678800501e-15
AIDC03,33,8.332855716102744,52.15076843766912,13.459634770050382,81.92078556874733,1.000000002372847,4.982289709421218,7.189844097865716e-08,42.60888254560828,0.0
AIDC04,33,4.166427858051372,26.07538421883456,13.459634770050382,81.92078556874733,1.000000000006707,4.9822897291647585,7.525002843067341e-11,19.27347287611959,-3.552713678800501e-15
AIDC05,33,10.41606964512843,65.18846054708641,13.459634770050382,81.92078556874733,1.0000000503930624,4.982289204297336,2.0342216302537963e-06,54.759358925283664,0.0
AIDC06,33,8.332855716102744,52.15076843766912,13.459634770050382,81.92078556874733,1.000000002372847,4.982289709421218,7.189844097865716e-08,42.60888254560828,0.0
AIDC07,33,4.166427858051372,26.07538421883456,13.459634770050382,81.92078556874733,1.000000000006707,4.9822897291647585,7.525002843067341e-11,19.27347287611959,-3.552713678800501e-15
AIDC08,33,8.332855716102744,52.15076843766912,13.459634770050382,81.92078556874733,1.000000002372847,4.982289709421218,7.189844097865716e-08,42.60888254560828,0.0
AIDC09,33,4.166427858051372,26.07538421883456,13.459634770050382,81.92078556874733,1.000000000006707,4.9822897291647585,7.525002843067341e-11,19.27347287611959,-3.552713678800501e-15
AIDC10,33,8.332855716102744,52.15076843766912,13.459634770050382,81.92078556874733,1.000000002372847,4.982289709421218,7.189844097865716e-08,42.60888254560828,0.0
AIDC11,33,4.166427858051372,26.07538421883456,13.459634770050382,81.92078556874733,1.000000000006707,4.9822897291647585,7.525002843067341e-11,19.27347287611959,-3.552713678800501e-15
AIDC12,33,8.332855716102744,52.15076843766912,13.459634770050382,81.92078556874733,1.000000002372847,4.982289709421218,7.189844097865716e-08,42.60888254560828,0.0
AIDC01,34,8.332855716102744,52.15076843766912,13.633972519385553,79.56088834237318,1.0000000023242708,4.982289709825835,7.058695672412796e-08,42.64921268464843,0.0
AIDC02,34,4.166427858051372,26.07538421883456,13.633972519385553,79.56088834237318,1.0000000000062645,4.982289729166542,7.057465722937195e-11,19.294638109349982,-3.552713678800501e-15
AIDC03,34,8.332855716102744,52.15076843766912,13.633972519385553,79.56088834237318,1.0000000023242708,4.982289709825835,7.058695672412796e-08,42.64921268464843,0.0
AIDC04,34,4.166427858051372,26.07538421883456,13.633972519385553,79.56088834237318,1.0000000000062645,4.982289729166542,7.057465722937195e-11,19.294638109349982,-3.552713678800501e-15
AIDC05,34,10.41606964512843,65.18846054708641,13.633972519385553,79.56088834237318,1.0000000505536957,4.982289202623901,2.0445210395791946e-06,54.80609591963807,0.0
AIDC06,34,8.332855716102744,52.15076843766912,13.633972519385553,79.56088834237318,1.0000000023242708,4.982289709825835,7.058695672412796e-08,42.64921268464843,0.0
AIDC07,34,4.166427858051372,26.07538421883456,13.633972519385553,79.56088834237318,1.0000000000062645,4.982289729166542,7.057465722937195e-11,19.294638109349982,-3.552713678800501e-15
AIDC08,34,8.332855716102744,52.15076843766912,13.633972519385553,79.56088834237318,1.0000000023242708,4.982289709825835,7.058695672412796e-08,42.64921268464843,0.0
AIDC09,34,4.166427858051372,26.07538421883456,13.633972519385553,79.56088834237318,1.0000000000062645,4.982289729166542,7.057465722937195e-11,19.294638109349982,-3.552713678800501e-15
AIDC10,34,8.332855716102744,52.15076843766912,13.633972519385553,79.56088834237318,1.0000000023242708,4.982289709825835,7.058695672412796e-08,42.64921268464843,0.0
AIDC11,34,4.166427858051372,26.07538421883456,13.633972519385553,79.56088834237318,1.0000000000062645,4.982289729166542,7.057465722937195e-11,19.294638109349982,-3.552713678800501e-15
AIDC12,34,8.332855716102744,52.15076843766912,13.633972519385553,79.56088834237318,1.0000000023242708,4.982289709825835,7.058695672412796e-08,42.64921268464843,0.0
AIDC01,35,8.332855716102744,52.15076843766912,13.808310268720724,77.20099111599902,1.0000000022766886,4.982289710222181,6.929724349902244e-08,42.68916819014302,0.0
AIDC02,35,4.166427858051372,26.07538421883456,13.808310268720724,77.20099111599902,1.000000000005851,4.98228972916821,6.618705583605333e-11,19.31562982044298,0.0
AIDC03,35,8.332855716102744,52.15076843766912,13.808310268720724,77.20099111599902,1.0000000022766886,4.982289710222181,6.929724349902244e-08,42.68916819014302,0.0
AIDC04,35,4.166427858051372,26.07538421883456,13.808310268720724,77.20099111599902,1.000000000005851,4.98228972916821,6.618705583605333e-11,19.31562982044298,0.0
AIDC05,35,10.41606964512843,65.18846054708641,13.808310268720724,77.20099111599902,1.0000000507148405,4.982289200945164,2.0548208965465165e-06,54.85236690529207,-1.4210854715202004e-14
AIDC06,35,8.332855716102744,52.15076843766912,13.808310268720724,77.20099111599902,1.0000000022766886,4.982289710222181,6.929724349902244e-08,42.68916819014302,0.0
AIDC07,35,4.166427858051372,26.07538421883456,13.808310268720724,77.20099111599902,1.000000000005851,4.98228972916821,6.618705583605333e-11,19.31562982044298,0.0
AIDC08,35,8.332855716102744,52.15076843766912,13.808310268720724,77.20099111599902,1.0000000022766886,4.982289710222181,6.929724349902244e-08,42.68916819014302,0.0
AIDC09,35,4.166427858051372,26.07538421883456,13.808310268720724,77.20099111599902,1.000000000005851,4.98228972916821,6.618705583605333e-11,19.31562982044298,0.0
AIDC10,35,8.332855716102744,52.15076843766912,13.808310268720724,77.20099111599902,1.0000000022766886,4.982289710222181,6.929724349902244e-08,42.68916819014302,0.0
AIDC11,35,4.166427858051372,26.07538421883456,13.808310268720724,77.20099111599902,1.000000000005851,4.98228972916821,6.618705583605333e-11,19.31562982044298,0.0
AIDC12,35,8.332855716102744,52.15076843766912,13.808310268720724,77.20099111599902,1.0000000022766886,4.982289710222181,6.929724349902244e-08,42.68916819014302,0.0
AIDC01,36,8.332855716102744,52.15076843766912,13.982648018055894,74.84109388962484,1.0000000022300803,4.982289710610429,6.802903129710103e-08,42.72875439047121,0.0
AIDC02,36,4.166427858051372,26.07538421883456,13.982648018055894,74.84109388962484,1.000000000005465,4.9822897291697705,6.206946068232355e-11,19.336540110481316,0.0
AIDC03,36,8.332855716102744,52.15076843766912,13.982648018055894,74.84109388962484,1.0000000022300803,4.982289710610429,6.802903129710103e-08,42.72875439047121,0.0
AIDC04,36,4.166427858051372,26.07538421883456,13.982648018055894,74.84109388962484,1.000000000005465,4.9822897291697705,6.206946068232355e-11,19.336540110481316,0.0
AIDC05,36,10.41606964512843,65.18846054708641,13.982648018055894,74.84109388962484,1.000000050876499,4.982289199261098,2.06512179801166e-06,54.89817896387582,0.0
AIDC06,36,8.332855716102744,52.15076843766912,13.982648018055894,74.84109388962484,1.0000000022300803,4.982289710610429,6.802903129710103e-08,42.72875439047121,0.0
AIDC07,36,4.166427858051372,26.07538421883456,13.982648018055894,74.84109388962484,1.000000000005465,4.9822897291697705,6.206946068232355e-11,19.336540110481316,0.0
AIDC08,36,8.332855716102744,52.15076843766912,13.982648018055894,74.84109388962484,1.0000000022300803,4.982289710610429,6.802903129710103e-08,42.72875439047121,0.0
AIDC09,36,4.166427858051372,26.07538421883456,13.982648018055894,74.84109388962484,1.000000000005465,4.9822897291697705,6.206946068232355e-11,19.336540110481316,0.0
AIDC10,36,8.332855716102744,52.15076843766912,13.982648018055894,74.84109388962484,1.0000000022300803,4.982289710610429,6.802903129710103e-08,42.72875439047121,0.0
AIDC11,36,4.166427858051372,26.07538421883456,13.982648018055894,74.84109388962484,1.000000000005465,4.9822897291697705,6.206946068232355e-11,19.336540110481316,0.0
AIDC12,36,8.332855716102744,52.15076843766912,13.982648018055894,74.84109388962484,1.0000000022300803,4.982289710610429,6.802903129710103e-08,42.72875439047121,0.0
AIDC01,37,8.332855716102744,52.15076843766912,14.211195771822245,71.60457440570154,1.000000002174405,4.982289711074207,6.652044959309933e-08,42.78009913515548,0.0
AIDC02,37,4.166427858051372,26.07538421883456,14.211195771822245,71.60457440570154,1.0000000000050062,4.982289729171625,5.715605766454246e-11,19.363766034619175,0.0
AIDC03,37,8.332855716102744,52.15076843766912,14.211195771822245,71.60457440570154,1.000000002174405,4.982289711074207,6.652044959309933e-08,42.78009913515548,0.0
AIDC04,37,4.166427858051372,26.07538421883456,14.211195771822245,71.60457440570154,1.0000000000050062,4.982289729171625,5.715605766454246e-11,19.363766034619175,0.0
AIDC05,37,10.41606964512843,65.18846054708641,14.211195771822245,71.60457440570154,1.000000051182975,4.982289196068571,2.0824433448751734e-06,54.957552483200956,0.0
AIDC06,37,8.332855716102744,52.15076843766912,14.211195771822245,71.60457440570154,1.000000002174405,4.982289711074207,6.652044959309933e-08,42.78009913515548,0.0
AIDC07,37,4.166427858051372,26.07538421883456,14.211195771822245,71.60457440570154,1.0000000000050062,4.982289729171625,5.715605766454246e-11,19.363766034619175,0.0
AIDC08,37,8.332855716102744,52.15076843766912,14.211195771822245,71.60457440570154,1.000000002174405,4.982289711074207,6.652044959309933e-08,42.78009913515548,0.0
AIDC09,37,4.166427858051372,26.07538421883456,14.211195771822245,71.60457440570154,1.0000000000050062,4.982289729171625,5.715605766454246e-11,19.363766034619175,0.0
AIDC10,37,8.332855716102744,52.15076843766912,14.211195771822245,71.60457440570154,1.000000002174405,4.982289711074207,6.652044959309933e-08,42.78009913515548,0.0
AIDC11,37,4.166427858051372,26.07538421883456,14.211195771822245,71.60457440570154,1.0000000000050062,4.982289729171625,5.715605766454246e-11,19.363766034619175,0.0
AIDC12,37,8.332855716102744,52.15076843766912,14.211195771822245,71.60457440570154,1.000000002174405,4.982289711074207,6.652044959309933e-08,42.78009913515548,0.0
AIDC01,38,8.332855716102744,52.15076843766912,14.439743525588595,68.36805492177824,1.0000000021201196,4.982289711526425,6.504210148250422e-08,42.83082915463707,0.0
AIDC02,38,4.166427858051372,26.07538421883456,14.439743525588595,68.36805492177824,1.0000000000045859,4.982289729173327,5.262634772407182e-11,19.390740383804875,0.0
AIDC03,38,8.332855716102744,52.15076843766912,14.439743525588595,68.36805492177824,1.0000000021201196,4.982289711526425,6.504210148250422e-08,42.83082915463707,0.0
AIDC04,38,4.166427858051372,26.07538421883456,14.439743525588595,68.36805492177824,1.0000000000045859,4.982289729173327,5.262634772407182e-11,19.390740383804875,0.0
AIDC05,38,10.41606964512843,65.18846054708641,14.439743525588595,68.36805492177824,1.0000000514912968,4.982289192856845,2.0998254512960557e-06,55.01616438191604,0.0
AIDC06,38,8.332855716102744,52.15076843766912,14.439743525588595,68.36805492177824,1.0000000021201196,4.982289711526425,6.504210148250422e-08,42.83082915463707,0.0
AIDC07,38,4.166427858051372,26.07538421883456,14.439743525588595,68.36805492177824,1.0000000000045859,4.982289729173327,5.262634772407182e-11,19.390740383804875,0.0
AIDC08,38,8.332855716102744,52.15076843766912,14.439743525588595,68.36805492177824,1.0000000021201196,4.982289711526425,6.504210148250422e-08,42.83082915463707,0.0
AIDC09,38,4.166427858051372,26.07538421883456,14.439743525588595,68.36805492177824,1.0000000000045859,4.982289729173327,5.262634772407182e-11,19.390740383804875,0.0
AIDC10,38,8.332855716102744,52.15076843766912,14.439743525588595,68.36805492177824,1.0000000021201196,4.982289711526425,6.504210148250422e-08,42.83082915463707,0.0
AIDC11,38,4.166427858051372,26.07538421883456,14.439743525588595,68.36805492177824,1.0000000000045859,4.982289729173327,5.262634772407182e-11,19.390740383804875,0.0
AIDC12,38,8.332855716102744,52.15076843766912,14.439743525588595,68.36805492177824,1.0000000021201196,4.982289711526425,6.504210148250422e-08,42.83082915463707,0.0
AIDC01,39,8.332855716102744,52.15076843766912,14.668291279354946,65.13153543785494,1.0000000020671886,4.982289711967374,6.35935180071101e-08,42.880954155977406,-7.105427357601002e-15
AIDC02,39,4.166427858051372,26.07538421883456,14.668291279354946,65.13153543785494,1.0000000000042009,4.982289729174888,4.844835643780243e-11,19.417554195624646,0.0
AIDC03,39,8.332855716102744,52.15076843766912,14.668291279354946,65.13153543785494,1.0000000020671886,4.982289711967374,6.35935180071101e-08,42.880954155977406,-7.105427357601002e-15
AIDC04,39,4.166427858051372,26.07538421883456,14.668291279354946,65.13153543785494,1.0000000000042009,4.982289729174888,4.844835643780243e-11,19.417554195624646,0.0
AIDC05,39,10.41606964512843,65.18846054708641,14.668291279354946,65.13153543785494,1.0000000518014753,4.982289189625806,2.1172694602000774e-06,55.07402948458176,0.0
AIDC06,39,8.332855716102744,52.15076843766912,14.668291279354946,65.13153543785494,1.0000000020671886,4.982289711967374,6.35935180071101e-08,42.880954155977406,-7.105427357601002e-15
AIDC07,39,4.166427858051372,26.07538421883456,14.668291279354946,65.13153543785494,1.0000000000042009,4.982289729174888,4.844835643780243e-11,19.417554195624646,0.0
AIDC08,39,8.332855716102744,52.15076843766912,14.668291279354946,65.13153543785494,1.0000000020671886,4.982289711967374,6.35935180071101e-08,42.880954155977406,-7.105427357601002e-15
AIDC09,39,4.166427858051372,26.07538421883456,14.668291279354946,65.13153543785494,1.0000000000042009,4.982289729174888,4.844835643780243e-11,19.417554195624646,0.0
AIDC10,39,8.332855716102744,52.15076843766912,14.668291279354946,65.13153543785494,1.0000000020671886,4.982289711967374,6.35935180071101e-08,42.880954155977406,-7.105427357601002e-15
AIDC11,39,4.166427858051372,26.07538421883456,14.668291279354946,65.13153543785494,1.0000000000042009,4.982289729174888,4.844835643780243e-11,19.417554195624646,0.0
AIDC12,39,8.332855716102744,52.15076843766912,14.668291279354946,65.13153543785494,1.0000000020671886,4.982289711967374,6.35935180071101e-08,42.880954155977406,-7.105427357601002e-15
AIDC01,40,8.332855716102744,52.15076843766912,14.896839033121296,61.89501595393163,1.0000000020155795,4.982289712397321,6.217427994670288e-08,42.930486888764136,-7.105427357601002e-15
AIDC02,40,4.166427858051372,26.07538421883456,14.896839033121296,61.89501595393163,1.0000000000038483,4.98228972917632,4.460432023734029e-11,19.444283977268327,0.0
AIDC03,40,8.332855716102744,52.15076843766912,14.896839033121296,61.89501595393163,1.0000000020155795,4.982289712397321,6.217427994670288e-08,42.930486888764136,-7.105427357601002e-15
AIDC04,40,4.166427858051372,26.07538421883456,14.896839033121296,61.89501595393163,1.0000000000038483,4.98228972917632,4.460432023734029e-11,19.444283977268327,0.0
AIDC05,40,10.41606964512843,65.18846054708641,14.896839033121296,61.89501595393163,1.0000000521135217,4.982289186375338,2.134776714513009e-06,55.131162252520554,0.0
AIDC06,40,8.332855716102744,52.15076843766912,14.896839033121296,61.89501595393163,1.0000000020155795,4.982289712397321,6.217427994670288e-08,42.930486888764136,-7.105427357601002e-15
AIDC07,40,4.166427858051372,26.07538421883456,14.896839033121296,61.89501595393163,1.0000000000038483,4.98228972917632,4.460432023734029e-11,19.444283977268327,0.0
AIDC08,40,8.332855716102744,52.15076843766912,14.896839033121296,61.89501595393163,1.0000000020155795,4.982289712397321,6.217427994670288e-08,42.930486888764136,-7.105427357601002e-15
AIDC09,40,4.166427858051372,26.07538421883456,14.896839033121296,61.89501595393163,1.0000000000038483,4.98228972917632,4.460432023734029e-11,19.444283977268327,0.0
AIDC10,40,8.332855716102744,52.15076843766912,14.896839033121296,61.89501595393163,1.0000000020155795,4.982289712397321,6.217427994670288e-08,42.930486888764136,-7.105427357601002e-15
AIDC11,40,4.166427858051372,26.07538421883456,14.896839033121296,61.89501595393163,1.0000000000038483,4.98228972917632,4.460432023734029e-11,19.444283977268327,0.0
AIDC12,40,8.332855716102744,52.15076843766912,14.896839033121296,61.89501595393163,1.0000000020155795,4.982289712397321,6.217427994670288e-08,42.930486888764136,-7.105427357601002e-15
AIDC01,41,8.332855716102744,52.15076843766912,15.096293623174317,58.98509300195616,1.000000001973757,4.982289712745741,6.102621341597114e-08,42.97323777040003,0.0
AIDC02,41,4.166427858051372,26.07538421883456,15.096293623174317,58.98509300195616,1.0000000000035687,4.982289729177456,4.153832833253546e-11,19.467449266167613,0.0
AIDC03,41,8.332855716102744,52.15076843766912,15.096293623174317,58.98509300195616,1.000000001973757,4.982289712745741,6.102621341597114e-08,42.97323777040003,0.0
AIDC04,41,4.166427858051372,26.07538421883456,15.096293623174317,58.98509300195616,1.0000000000035687,4.982289729177456,4.153832833253546e-11,19.467449266167613,0.0
AIDC05,41,10.41606964512843,65.18846054708641,15.096293623174317,58.98509300195616,1.0000000524448565,4.9822891829239975,2.1524670117401e-06,55.18043491999211,0.0
AIDC06,41,8.332855716102744,52.15076843766912,15.096293623174317,58.98509300195616,1.000000001973757,4.982289712745741,6.102621341597114e-08,42.97323777040003,0.0
AIDC07,41,4.166427858051372,26.07538421883456,15.096293623174317,58.98509300195616,1.0000000000035687,4.982289729177456,4.153832833253546e-11,19.467449266167613,0.0
AIDC08,41,8.332855716102744,52.15076843766912,15.096293623174317,58.98509300195616,1.000000001973757,4.982289712745741,6.102621341597114e-08,42.97323777040003,0.0
AIDC09,41,4.166427858051372,26.07538421883456,15.096293623174317,58.98509300195616,1.0000000000035687,4.982289729177456,4.153832833253546e-11,19.467449266167613,0.0
AIDC10,41,8.332855716102744,52.15076843766912,15.096293623174317,58.98509300195616,1.000000001973757,4.982289712745741,6.102621341597114e-08,42.97323777040003,0.0
AIDC11,41,4.166427858051372,26.07538421883456,15.096293623174317,58.98509300195616,1.0000000000035687,4.982289729177456,4.153832833253546e-11,19.467449266167613,0.0
AIDC12,41,8.332855716102744,52.15076843766912,15.096293623174317,58.98509300195616,1.000000001973757,4.982289712745741,6.102621341597114e-08,42.97323777040003,0.0
AIDC01,42,8.332855716102744,52.15076843766912,15.295748213227338,56.075170049980684,1.0000000019328015,4.9822897130869475,5.989729601196814e-08,43.01555034856894,-7.105427357601002e-15
AIDC02,42,4.166427858051372,26.07538421883456,15.295748213227338,56.075170049980684,1.000000000003309,4.9822897291785155,3.867484110742225e-11,19.4898705099789,-3.552713678800501e-15
AIDC03,42,8.332855716102744,52.15076843766912,15.295748213227338,56.075170049980684,1.0000000019328015,4.9822897130869475,5.989729601196814e-08,43.01555034856894,-7.105427357601002e-15
AIDC04,42,4.166427858051372,26.07538421883456,15.295748213227338,56.075170049980684,1.000000000003309,4.9822897291785155,3.867484110742225e-11,19.4898705099789,-3.552713678800501e-15
AIDC05,42,10.41606964512843,65.18846054708641,15.295748213227338,56.075170049980684,1.0000000527782968,4.98228917945074,2.1702436754367227e-06,55.22916969815958,0.0
AIDC06,42,8.332855716102744,52.15076843766912,15.295748213227338,56.075170049980684,1.0000000019328015,4.9822897130869475,5.989729601196814e-08,43.01555034856894,-7.105427357601002e-15
AIDC07,42,4.166427858051372,26.07538421883456,15.295748213227338,56.075170049980684,1.000000000003309,4.9822897291785155,3.867484110742225e-11,19.4898705099789,-3.552713678800501e-15
AIDC08,42,8.332855716102744,52.15076843766912,15.295748213227338,56.075170049980684,1.0000000019328015,4.9822897130869475,5.989729601196814e-08,43.01555034856894,-7.105427357601002e-15
AIDC09,42,4.166427858051372,26.07538421883456,15.295748213227338,56.075170049980684,1.000000000003309,4.9822897291785155,3.867484110742225e-11,19.4898705099789,-3.552713678800501e-15
AIDC10,42,8.332855716102744,52.15076843766912,15.295748213227338,56.075170049980684,1.0000000019328015,4.9822897130869475,5.989729601196814e-08,43.01555034856894,-7.105427357601002e-15
AIDC11,42,4.166427858051372,26.07538421883456,15.295748213227338,56.075170049980684,1.000000000003309,4.9822897291785155,3.867484110742225e-11,19.4898705099789,-3.552713678800501e-15
AIDC12,42,8.332855716102744,52.15076843766912,15.295748213227338,56.075170049980684,1.0000000019328015,4.9822897130869475,5.989729601196814e-08,43.01555034856894,-7.105427357601002e-15
AIDC01,43,8.332855716102744,52.15076843766912,15.495202803280359,53.1652470980052,1.0000000018926962,4.982289713421073,5.878730746644578e-08,43.05743338775497,-7.105427357601002e-15
AIDC02,43,4.166427858051372,26.07538421883456,15.495202803280359,53.1652470980052,1.0000000000030684,4.982289729179494,3.601741127567948e-11,19.51265070084211,-3.552713678800501e-15
AIDC03,43,8.332855716102744,52.15076843766912,15.495202803280359,53.1652470980052,1.0000000018926962,4.982289713421073,5.878730746644578e-08,43.05743338775497,-7.105427357601002e-15
AIDC04,43,4.166427858051372,26.07538421883456,15.495202803280359,53.1652470980052,1.0000000000030684,4.982289729179494,3.601741127567948e-11,19.51265070084211,-3.552713678800501e-15
AIDC05,43,10.41606964512843,65.18846054708641,15.495202803280359,53.1652470980052,1.0000000531138575,4.982289175955408,2.1881078282603994e-06,55.27737562923254,0.0
AIDC06,43,8.332855716102744,52.15076843766912,15.495202803280359,53.1652470980052,1.0000000018926962,4.982289713421073,5.878730746644578e-08,43.05743338775497,-7.105427357601002e-15
AIDC07,43,4.166427858051372,26.07538421883456,15.495202803280359,53.1652470980052,1.0000000000030684,4.982289729179494,3.601741127567948e-11,19.51265070084211,-3.552713678800501e-15
AIDC08,43,8.332855716102744,52.15076843766912,15.495202803280359,53.1652470980052,1.0000000018926962,4.982289713421073,5.878730746644578e-08,43.05743338775497,-7.105427357601002e-15
AIDC09,43,4.166427858051372,26.07538421883456,15.495202803280359,53.1652470980052,1.0000000000030684,4.982289729179494,3.601741127567948e-11,19.51265070084211,-3.552713678800501e-15
AIDC10,43,8.332855716102744,52.15076843766912,15.495202803280359,53.1652470980052,1.0000000018926962,4.982289713421073,5.878730746644578e-08,43.05743338775497,-7.105427357601002e-15
AIDC11,43,4.166427858051372,26.07538421883456,15.495202803280359,53.1652470980052,1.0000000000030684,4.982289729179494,3.601741127567948e-11,19.51265070084211,-3.552713678800501e-15
AIDC12,43,8.332855716102744,52.15076843766912,15.495202803280359,53.1652470980052,1.0000000018926962,4.982289713421073,5.878730746644578e-08,43.05743338775497,-7.105427357601002e-15
AIDC01,44,8.332855716102744,52.15076843766912,15.69465739333338,50.25532414602973,1.000000001853423,4.982289713748278,5.769602040572863e-08,43.09889229674184,0.0
AIDC02,44,4.166427858051372,26.07538421883456,15.69465739333338,50.25532414602973,1.0000000000028455,4.982289729180404,3.353761712787673e-11,19.535380582193213,0.0
AIDC03,44,8.332855716102744,52.15076843766912,15.69465739333338,50.25532414602973,1.000000001853423,4.982289713748278,5.769602040572863e-08,43.09889229674184,0.0
AIDC04,44,4.166427858051372,26.07538421883456,15.69465739333338,50.25532414602973,1.0000000000028455,4.982289729180404,3.353761712787673e-11,19.535380582193213,0.0
AIDC05,44,10.41606964512843,65.18846054708641,15.69465739333338,50.25532414602973,1.0000000534515512,4.982289172437872,2.2060605289198065e-06,55.325061414080295,0.0
AIDC06,44,8.332855716102744,52.15076843766912,15.69465739333338,50.25532414602973,1.000000001853423,4.982289713748278,5.769602040572863e-08,43.09889229674184,0.0
AIDC07,44,4.166427858051372,26.07538421883456,15.69465739333338,50.25532414602973,1.0000000000028455,4.982289729180404,3.353761712787673e-11,19.535380582193213,0.0
AIDC08,44,8.332855716102744,52.15076843766912,15.69465739333338,50.25532414602973,1.000000001853423,4.982289713748278,5.769602040572863e-08,43.09889229674184,0.0
AIDC09,44,4.166427858051372,26.07538421883456,15.69465739333338,50.25532414602973,1.0000000000028455,4.982289729180404,3.353761712787673e-11,19.535380582193213,0.0
AIDC10,44,8.332855716102744,52.15076843766912,15.69465739333338,50.25532414602973,1.000000001853423,4.982289713748278,5.769602040572863e-08,43.09889229674184,0.0
AIDC11,44,4.166427858051372,26.07538421883456,15.69465739333338,50.25532414602973,1.0000000000028455,4.982289729180404,3.353761712787673e-11,19.535380582193213,0.0
AIDC12,44,8.332855716102744,52.15076843766912,15.69465739333338,50.25532414602973,1.000000001853423,4.982289713748278,5.769602040572863e-08,43.09889229674184,0.0
AIDC01,45,8.332855716102744,52.15076843766912,15.841457043601784,48.67367620251442,1.000000001811962,4.982289714093726,5.64968729577231e-08,43.12913909762905,0.0
AIDC02,45,4.166427858051372,26.07538421883456,15.841457043601784,48.67367620251442,1.0000000000026725,4.98228972918111,3.1590730031894054e-11,19.55199552667756,0.0
AIDC03,45,8.332855716102744,52.15076843766912,15.841457043601784,48.67367620251442,1.000000001811962,4.982289714093726,5.64968729577231e-08,43.12913909762905,0.0
AIDC04,45,4.166427858051372,26.07538421883456,15.841457043601784,48.67367620251442,1.0000000000026725,4.98228972918111,3.1590730031894054e-11,19.55199552667756,0.0
AIDC05,45,10.41606964512843,65.18846054708641,15.841457043601784,48.67367620251442,1.0000000533166717,4.982289173842714,2.2034285223071493e-06,55.35983114777646,0.0
AIDC06,45,8.332855716102744,52.15076843766912,15.841457043601784,48.67367620251442,1.000000001811962,4.982289714093726,5.64968729577231e-08,43.12913909762905,0.0
AIDC07,45,4.166427858051372,26.07538421883456,15.841457043601784,48.67367620251442,1.0000000000026725,4.98228972918111,3.1590730031894054e-11,19.55199552667756,0.0
AIDC08,45,8.332855716102744,52.15076843766912,15.841457043601784,48.67367620251442,1.000000001811962,4.982289714093726,5.64968729577231e-08,43.12913909762905,0.0
AIDC09,45,4.166427858051372,26.07538421883456,15.841457043601784,48.67367620251442,1.0000000000026725,4.98228972918111,3.1590730031894054e-11,19.55199552667756,0.0
AIDC10,45,8.332855716102744,52.15076843766912,15.841457043601784,48.67367620251442,1.000000001811962,4.982289714093726,5.64968729577231e-08,43.12913909762905,0.0
AIDC11,45,4.166427858051372,26.07538421883456,15.841457043601784,48.67367620251442,1.0000000000026725,4.98228972918111,3.1590730031894054e-11,19.55199552667756,0.0
AIDC12,45,8.332855716102744,52.15076843766912,15.841457043601784,48.67367620251442,1.000000001811962,4.982289714093726,5.64968729577231e-08,43.12913909762905,0.0
AIDC01,46,8.332855716102744,52.15076843766912,15.988256693870188,47.09202825899911,1.0000000017714283,4.982289714431447,5.532170632704947e-08,43.1591622938717,0.0
AIDC02,46,4.166427858051372,26.07538421883456,15.988256693870188,47.09202825899911,1.00000000000251,4.982289729181775,2.9757529773632996e-11,19.568424817177686,0.0
AIDC03,46,8.332855716102744,52.15076843766912,15.988256693870188,47.09202825899911,1.0000000017714283,4.982289714431447,5.532170632704947e-08,43.1591622938717,0.0
AIDC04,46,4.166427858051372,26.07538421883456,15.988256693870188,47.09202825899911,1.00000000000251,4.982289729181775,2.9757529773632996e-11,19.568424817177686,0.0
AIDC05,46,10.41606964512843,65.18846054708641,15.988256693870188,47.09202825899911,1.0000000531821323,4.9822891752440235,2.2007692237480114e-06,55.39432710496446,0.0
AIDC06,46,8.332855716102744,52.15076843766912,15.988256693870188,47.09202825899911,1.0000000017714283,4.982289714431447,5.532170632704947e-08,43.1591622938717,0.0
AIDC07,46,4.166427858051372,26.07538421883456,15.988256693870188,47.09202825899911,1.00000000000251,4.982289729181775,2.9757529773632996e-11,19.568424817177686,0.0
AIDC08,46,8.332855716102744,52.15076843766912,15.988256693870188,47.09202825899911,1.0000000017714283,4.982289714431447,5.532170632704947e-08,43.1591622938717,0.0
AIDC09,46,4.166427858051372,26.07538421883456,15.988256693870188,47.09202825899911,1.00000000000251,4.982289729181775,2.9757529773632996e-11,19.568424817177686,0.0
AIDC10,46,8.332855716102744,52.15076843766912,15.988256693870188,47.09202825899911,1.0000000017714283,4.982289714431447,5.532170632704947e-08,43.1591622938717,0.0
AIDC11,46,4.166427858051372,26.07538421883456,15.988256693870188,47.09202825899911,1.00000000000251,4.982289729181775,2.9757529773632996e-11,19.568424817177686,0.0
AIDC12,46,8.332855716102744,52.15076843766912,15.988256693870188,47.09202825899911,1.0000000017714283,4.982289714431447,5.532170632704947e-08,43.1591622938717,0.0
AIDC01,47,8.332855716102744,52.15076843766912,16.13505634413859,45.5103803154838,1.0000000017318014,4.98228971476162,5.417008708263893e-08,43.18896409741032,0.0
AIDC02,47,4.166427858051372,26.07538421883456,16.13505634413859,45.5103803154838,1.0000000000023572,4.982289729182399,2.802380549837835e-11,19.584607580321645,-3.552713678800501e-15
AIDC03,47,8.332855716102744,52.15076843766912,16.13505634413859,45.5103803154838,1.0000000017318014,4.98228971476162,5.417008708263893e-08,43.18896409741032,0.0
AIDC04,47,4.166427858051372,26.07538421883456,16.13505634413859,45.5103803154838,1.0000000000023572,4.982289729182399,2.802380549837835e-11,19.584607580321645,-3.552713678800501e-15
AIDC05,47,10.41606964512843,65.18846054708641,16.13505634413859,45.5103803154838,1.0000000530479323,4.9822891766418,2.198083251414573e-06,55.42855261257236,0.0
AIDC06,47,8.332855716102744,52.15076843766912,16.13505634413859,45.5103803154838,1.0000000017318014,4.98228971476162,5.417008708263893e-08,43.18896409741032,0.0
AIDC07,47,4.166427858051372,26.07538421883456,16.13505634413859,45.5103803154838,1.0000000000023572,4.982289729182399,2.802380549837835e-11,19.584607580321645,-3.552713678800501e-15
AIDC08,47,8.332855716102744,52.15076843766912,16.13505634413859,45.5103803154838,1.0000000017318014,4.98228971476162,5.417008708263893e-08,43.18896409741032,0.0
AIDC09,47,4.166427858051372,26.07538421883456,16.13505634413859,45.5103803154838,1.0000000000023572,4.982289729182399,2.802380549837835e-11,19.584607580321645,-3.552713678800501e-15
AIDC10,47,8.332855716102744,52.15076843766912,16.13505634413859,45.5103803154838,1.0000000017318014,4.98228971476162,5.417008708263893e-08,43.18896409741032,0.0
AIDC11,47,4.166427858051372,26.07538421883456,16.13505634413859,45.5103803154838,1.0000000000023572,4.982289729182399,2.802380549837835e-11,19.584607580321645,-3.552713678800501e-15
AIDC12,47,8.332855716102744,52.15076843766912,16.13505634413859,45.5103803154838,1.0000000017318014,4.98228971476162,5.417008708263893e-08,43.18896409741032,0.0
AIDC01,48,8.332855716102744,52.15076843766912,16.281855994406996,43.92873237196849,1.000000001693061,4.982289715084406,5.304157468799531e-08,43.21854755935183,0.0
AIDC02,48,4.166427858051372,26.07538421883456,16.281855994406996,43.92873237196849,1.000000000002214,4.982289729182985,2.6396662633487722e-11,19.60112207259445,0.0
AIDC03,48,8.332855716102744,52.15076843766912,16.281855994406996,43.92873237196849,1.000000001693061,4.982289715084406,5.304157468799531e-08,43.21854755935183,0.0
AIDC04,48,4.166427858051372,26.07538421883456,16.281855994406996,43.92873237196849,1.000000000002214,4.982289729182985,2.6396662633487722e-11,19.60112207259445,0.0
AIDC05,48,10.41606964512843,65.18846054708641,16.281855994406996,43.92873237196849,1.000000052914071,4.982289178036055,2.195371173741023e-06,55.46251091500511,0.0
AIDC06,48,8.332855716102744,52.15076843766912,16.281855994406996,43.92873237196849,1.000000001693061,4.982289715084406,5.304157468799531e-08,43.21854755935183,0.0
AIDC07,48,4.166427858051372,26.07538421883456,16.281855994406996,43.92873237196849,1.000000000002214,4.982289729182985,2.6396662633487722e-11,19.60112207259445,0.0
AIDC08,48,8.332855716102744,52.15076843766912,16.281855994406996,43.92873237196849,1.000000001693061,4.982289715084406,5.304157468799531e-08,43.21854755935183,0.0
AIDC09,48,4.166427858051372,26.07538421883456,16.281855994406996,43.92873237196849,1.000000000002214,4.982289729182985,2.6396662633487722e-11,19.60112207259445,0.0
AIDC10,48,8.332855716102744,52.15076843766912,16.281855994406996,43.92873237196849,1.000000001693061,4.982289715084406,5.304157468799531e-08,43.21854755935183,0.0
AIDC11,48,4.166427858051372,26.07538421883456,16.281855994406996,43.92873237196849,1.000000000002214,4.982289729182985,2.6396662633487722e-11,19.60112207259445,0.0
AIDC12,48,8.332855716102744,52.15076843766912,16.281855994406996,43.92873237196849,1.000000001693061,4.982289715084406,5.304157468799531e-08,43.21854755935183,0.0
AIDC01,49,8.332855716102744,52.15076843766912,16.38884522490734,43.04276666937105,1.000000001659679,4.982289715362551,5.205479425285375e-08,43.239971319588435,0.0
AIDC02,49,4.166427858051372,26.07538421883456,16.38884522490734,43.04276666937105,1.0000000000021076,4.982289729183421,2.518163455533795e-11,19.61267292095343,-3.552713678800501e-15
AIDC03,49,8.332855716102744,52.15076843766912,16.38884522490734,43.04276666937105,1.000000001659679,4.982289715362551,5.205479425285375e-08,43.239971319588435,0.0
AIDC04,49,4.166427858051372,26.07538421883456,16.38884522490734,43.04276666937105,1.0000000000021076,4.982289729183421,2.518163455533795e-11,19.61267292095343,-3.552713678800501e-15
AIDC05,49,10.41606964512843,65.18846054708641,16.38884522490734,43.04276666937105,1.00000005263613,4.982289180931071,2.185878734906055e-06,55.48709362497884,0.0
AIDC06,49,8.332855716102744,52.15076843766912,16.38884522490734,43.04276666937105,1.000000001659679,4.982289715362551,5.205479425285375e-08,43.239971319588435,0.0
AIDC07,49,4.166427858051372,26.07538421883456,16.38884522490734,43.04276666937105,1.0000000000021076,4.982289729183421,2.518163455533795e-11,19.61267292095343,-3.552713678800501e-15
AIDC08,49,8.332855716102744,52.15076843766912,16.38884522490734,43.04276666937105,1.000000001659679,4.982289715362551,5.205479425285375e-08,43.239971319588435,0.0
AIDC09,49,4.166427858051372,26.07538421883456,16.38884522490734,43.04276666937105,1.0000000000021076,4.982289729183421,2.518163455533795e-11,19.61267292095343,-3.552713678800501e-15
AIDC10,49,8.332855716102744,52.15076843766912,16.38884522490734,43.04276666937105,1.000000001659679,4.982289715362551,5.205479425285375e-08,43.239971319588435,0.0
AIDC11,49,4.166427858051372,26.07538421883456,16.38884522490734,43.04276666937105,1.0000000000021076,4.982289729183421,2.518163455533795e-11,19.61267292095343,-3.552713678800501e-15
AIDC12,49,8.332855716102744,52.15076843766912,16.38884522490734,43.04276666937105,1.000000001659679,4.982289715362551,5.205479425285375e-08,43.239971319588435,0.0
AIDC01,50,8.332855716102744,52.15076843766912,16.49583445540768,42.1568009667736,1.0000000016269552,4.982289715635213,5.108593370550807e-08,43.26128100891067,-7.105427357601002e-15
AIDC02,50,4.166427858051372,26.07538421883456,16.49583445540768,42.1568009667736,1.0000000000020066,4.982289729183835,2.4023449896048987e-11,19.624573945377477,0.0
AIDC03,50,8.332855716102744,52.15076843766912,16.49583445540768,42.1568009667736,1.0000000016269552,4.982289715635213,5.108593370550807e-08,43.26128100891067,-7.105427357601002e-15
AIDC04,50,4.166427858051372,26.07538421883456,16.49583445540768,42.1568009667736,1.0000000000020066,4.982289729183835,2.4023449896048987e-11,19.624573945377477,0.0
AIDC05,50,10.41606964512843,65.18846054708641,16.49583445540768,42.1568009667736,1.0000000523596484,4.982289183810883,2.176412273513506e-06,55.51153729429555,-1.4210854715202004e-14
AIDC06,50,8.332855716102744,52.15076843766912,16.49583445540768,42.1568009667736,1.0000000016269552,4.982289715635213,5.108593370550807e-08,43.26128100891067,-7.105427357601002e-15
AIDC07,50,4.166427858051372,26.07538421883456,16.49583445540768,42.1568009667736,1.0000000000020066,4.982289729183835,2.4023449896048987e-11,19.624573945377477,0.0
AIDC08,50,8.332855716102744,52.15076843766912,16.49583445540768,42.1568009667736,1.0000000016269552,4.982289715635213,5.108593370550807e-08,43.26128100891067,-7.105427357601002e-15
AIDC09,50,4.166427858051372,26.07538421883456,16.49583445540768,42.1568009667736,1.0000000000020066,4.982289729183835,2.4023449896048987e-11,19.624573945377477,0.0
AIDC10,50,8.332855716102744,52.15076843766912,16.49583445540768,42.1568009667736,1.0000000016269552,4.982289715635213,5.108593370550807e-08,43.26128100891067,-7.105427357601002e-15
AIDC11,50,4.166427858051372,26.07538421883456,16.49583445540768,42.1568009667736,1.0000000000020066,4.982289729183835,2.4023449896048987e-11,19.624573945377477,0.0
AIDC12,50,8.332855716102744,52.15076843766912,16.49583445540768,42.1568009667736,1.0000000016269552,4.982289715635213,5.108593370550807e-08,43.26128100891067,-7.105427357601002e-15
AIDC01,51,8.332855716102744,52.15076843766912,16.602823685908028,41.270835264176156,1.000000001594877,4.982289715902496,5.013470172343659e-08,43.28247823884767,0.0
AIDC02,51,4.166427858051372,26.07538421883456,16.602823685908028,41.270835264176156,1.0000000000019105,4.98228972918423,2.2925661369299632e-11,19.636513188259606,0.0
AIDC03,51,8.332855716102744,52.15076843766912,16.602823685908028,41.270835264176156,1.000000001594877,4.982289715902496,5.013470172343659e-08,43.28247823884767,0.0
AIDC04,51,4.166427858051372,26.07538421883456,16.602823685908028,41.270835264176156,1.0000000000019105,4.98228972918423,2.2925661369299632e-11,19.636513188259606,0.0
AIDC05,51,10.41606964512843,65.18846054708641,16.602823685908028,41.270835264176156,1.0000000520846195,4.982289186675571,2.1669720098316247e-06,55.5358431819713,0.0
AIDC06,51,8.332855716102744,52.15076843766912,16.602823685908028,41.270835264176156,1.000000001594877,4.982289715902496,5.013470172343659e-08,43.28247823884767,0.0
AIDC07,51,4.166427858051372,26.07538421883456,16.602823685908028,41.270835264176156,1.0000000000019105,4.98228972918423,2.2925661369299632e-11,19.636513188259606,0.0
AIDC08,51,8.332855716102744,52.15076843766912,16.602823685908028,41.270835264176156,1.000000001594877,4.982289715902496,5.013470172343659e-08,43.28247823884767,0.0
AIDC09,51,4.166427858051372,26.07538421883456,16.602823685908028,41.270835264176156,1.0000000000019105,4.98228972918423,2.2925661369299632e-11,19.636513188259606,0.0
AIDC10,51,8.332855716102744,52.15076843766912,16.602823685908028,41.270835264176156,1.000000001594877,4.982289715902496,5.013470172343659e-08,43.28247823884767,0.0
AIDC11,51,4.166427858051372,26.07538421883456,16.602823685908028,41.270835264176156,1.0000000000019105,4.98228972918423,2.2925661369299632e-11,19.636513188259606,0.0
AIDC12,51,8.332855716102744,52.15076843766912,16.602823685908028,41.270835264176156,1.000000001594877,4.982289715902496,5.013470172343659e-08,43.28247823884767,0.0
AIDC01,52,8.332855716102744,52.15076843766912,16.70981291640837,40.38486956157871,1.000000001563431,4.982289716164516,4.920077856240823e-08,43.30356308969591,0.0
AIDC02,52,4.166427858051372,26.07538421883456,16.70981291640837,40.38486956157871,1.0000000000018188,4.982289729184607,2.1866952693017083e-11,19.648093392545384,0.0
AIDC03,52,8.332855716102744,52.15076843766912,16.70981291640837,40.38486956157871,1.000000001563431,4.982289716164516,4.920077856240823e-08,43.30356308969591,0.0
AIDC04,52,4.166427858051372,26.07538421883456,16.70981291640837,40.38486956157871,1.0000000000018188,4.982289729184607,2.1866952693017083e-11,19.648093392545384,0.0
AIDC05,52,10.41606964512843,65.18846054708641,16.70981291640837,40.38486956157871,1.000000051811035,4.982289189525215,2.1575581001798128e-06,55.560012440763444,0.0
AIDC06,52,8.332855716102744,52.15076843766912,16.70981291640837,40.38486956157871,1.000000001563431,4.982289716164516,4.920077856240823e-08,43.30356308969591,0.0
AIDC07,52,4.166427858051372,26.07538421883456,16.70981291640837,40.38486956157871,1.0000000000018188,4.982289729184607,2.1866952693017083e-11,19.648093392545384,0.0
AIDC08,52,8.332855716102744,52.15076843766912,16.70981291640837,40.38486956157871,1.000000001563431,4.982289716164516,4.920077856240823e-08,43.30356308969591,0.0
AIDC09,52,4.166427858051372,26.07538421883456,16.70981291640837,40.38486956157871,1.0000000000018188,4.982289729184607,2.1866952693017083e-11,19.648093392545384,0.0
AIDC10,52,8.332855716102744,52.15076843766912,16.70981291640837,40.38486956157871,1.000000001563431,4.982289716164516,4.920077856240823e-08,43.30356308969591,0.0
AIDC11,52,4.166427858051372,26.07538421883456,16.70981291640837,40.38486956157871,1.0000000000018188,4.982289729184607,2.1866952693017083e-11,19.648093392545384,0.0
AIDC12,52,8.332855716102744,52.15076843766912,16.70981291640837,40.38486956157871,1.000000001563431,4.982289716164516,4.920077856240823e-08,43.30356308969591,0.0
AIDC01,53,8.332855716102744,52.15076843766912,16.750595878879786,39.960976490695074,1.0000000015533257,4.982289716248715,4.8903345373219054e-08,43.311570865243226,0.0
AIDC02,53,4.166427858051372,26.07538421883456,16.750595878879786,39.960976490695074,1.000000000001787,4.9822897291847354,2.149747047042183e-11,19.652610760696064,0.0
AIDC03,53,8.332855716102744,52.15076843766912,16.750595878879786,39.960976490695074,1.0000000015533257,4.982289716248715,4.8903345373219054e-08,43.311570865243226,0.0
AIDC04,53,4.166427858051372,26.07538421883456,16.750595878879786,39.960976490695074,1.000000000001787,4.9822897291847354,2.149747047042183e-11,19.652610760696064,0.0
AIDC05,53,10.41606964512843,65.18846054708641,16.750595878879786,39.960976490695074,1.0000000517643706,4.982289190011263,2.1563612406794164e-06,55.56918975636718,0.0
AIDC06,53,8.332855716102744,52.15076843766912,16.750595878879786,39.960976490695074,1.0000000015533257,4.982289716248715,4.8903345373219054e-08,43.311570865243226,0.0
AIDC07,53,4.166427858051372,26.07538421883456,16.750595878879786,39.960976490695074,1.000000000001787,4.9822897291847354,2.149747047042183e-11,19.652610760696064,0.0
AIDC08,53,8.332855716102744,52.15076843766912,16.750595878879786,39.960976490695074,1.0000000015533257,4.982289716248715,4.8903345373219054e-08,43.311570865243226,0.0
AIDC09,53,4.166427858051372,26.07538421883456,16.750595878879786,39.960976490695074,1.000000000001787,4.9822897291847354,2.149747047042183e-11,19.652610760696064,0.0
AIDC10,53,8.332855716102744,52.15076843766912,16.750595878879786,39.960976490695074,1.0000000015533257,4.982289716248715,4.8903345373219054e-08,43.311570865243226,0.0
AIDC11,53,4.166427858051372,26.07538421883456,16.750595878879786,39.960976490695074,1.000000000001787,4.9822897291847354,2.149747047042183e-11,19.652610760696064,0.0
AIDC12,53,8.332855716102744,52.15076843766912,16.750595878879786,39.960976490695074,1.0000000015533257,4.982289716248715,4.8903345373219054e-08,43.311570865243226,0.0
AIDC01,54,8.332855716102744,52.15076843766912,16.791378841351197,39.53708341981144,1.000000001543286,4.982289716332367,4.8607660119159846e-08,43.31956294799184,0.0
AIDC02,54,4.166427858051372,26.07538421883456,16.791378841351197,39.53708341981144,1.0000000000017557,4.982289729184866,2.114219910254178e-11,19.65690317671821,0.0
AIDC03,54,8.332855716102744,52.15076843766912,16.791378841351197,39.53708341981144,1.000000001543286,4.982289716332367,4.8607660119159846e-08,43.31956294799184,0.0
AIDC04,54,4.166427858051372,26.07538421883456,16.791378841351197,39.53708341981144,1.0000000000017557,4.982289729184866,2.114219910254178e-11,19.65690317671821,0.0
AIDC05,54,10.41606964512843,65.18846054708641,16.791378841351197,39.53708341981144,1.0000000517177476,4.982289190496882,2.1551629245664117e-06,55.57834742358945,0.0
AIDC06,54,8.332855716102744,52.15076843766912,16.791378841351197,39.53708341981144,1.000000001543286,4.982289716332367,4.8607660119159846e-08,43.31956294799184,0.0
AIDC07,54,4.166427858051372,26.07538421883456,16.791378841351197,39.53708341981144,1.0000000000017557,4.982289729184866,2.114219910254178e-11,19.65690317671821,0.0
AIDC08,54,8.332855716102744,52.15076843766912,16.791378841351197,39.53708341981144,1.000000001543286,4.982289716332367,4.8607660119159846e-08,43.31956294799184,0.0
AIDC09,54,4.166427858051372,26.07538421883456,16.791378841351197,39.53708341981144,1.0000000000017557,4.982289729184866,2.114219910254178e-11,19.65690317671821,0.0
AIDC10,54,8.332855716102744,52.15076843766912,16.791378841351197,39.53708341981144,1.000000001543286,4.982289716332367,4.8607660119159846e-08,43.31956294799184,0.0
AIDC11,54,4.166427858051372,26.07538421883456,16.791378841351197,39.53708341981144,1.0000000000017557,4.982289729184866,2.114219910254178e-11,19.65690317671821,0.0
AIDC12,54,8.332855716102744,52.15076843766912,16.791378841351197,39.53708341981144,1.000000001543286,4.982289716332367,4.8607660119159846e-08,43.31956294799184,0.0
AIDC01,55,8.332855716102744,52.15076843766912,16.83216180382261,39.113190348927795,1.0000000015333108,4.982289716415483,4.831368727309382e-08,43.32753833383666,-7.105427357601002e-15
AIDC02,55,4.166427858051372,26.07538421883456,16.83216180382261,39.113190348927795,1.000000000001725,4.98228972918499,2.079048044834053e-11,19.661428162394664,0.0
AIDC03,55,8.332855716102744,52.15076843766912,16.83216180382261,39.113190348927795,1.0000000015333108,4.982289716415483,4.831368727309382e-08,43.32753833383666,-7.105427357601002e-15
AIDC04,55,4.166427858051372,26.07538421883456,16.83216180382261,39.113190348927795,1.000000000001725,4.98228972918499,2.079048044834053e-11,19.661428162394664,0.0
AIDC05,55,10.41606964512843,65.18846054708641,16.83216180382261,39.113190348927795,1.0000000516711671,4.982289190982057,2.1539632442113543e-06,55.587485569448205,0.0
AIDC06,55,8.332855716102744,52.15076843766912,16.83216180382261,39.113190348927795,1.0000000015333108,4.982289716415483,4.831368727309382e-08,43.32753833383666,-7.105427357601002e-15
AIDC07,55,4.166427858051372,26.07538421883456,16.83216180382261,39.113190348927795,1.000000000001725,4.98228972918499,2.079048044834053e-11,19.661428162394664,0.0
AIDC08,55,8.332855716102744,52.15076843766912,16.83216180382261,39.113190348927795,1.0000000015333108,4.982289716415483,4.831368727309382e-08,43.32753833383666,-7.105427357601002e-15
AIDC09,55,4.166427858051372,26.07538421883456,16.83216180382261,39.113190348927795,1.000000000001725,4.98228972918499,2.079048044834053e-11,19.661428162394664,0.0
AIDC10,55,8.332855716102744,52.15076843766912,16.83216180382261,39.113190348927795,1.0000000015333108,4.982289716415483,4.831368727309382e-08,43.32753833383666,-7.105427357601002e-15
AIDC11,55,4.166427858051372,26.07538421883456,16.83216180382261,39.113190348927795,1.000000000001725,4.98228972918499,2.079048044834053e-11,19.661428162394664,0.0
AIDC12,55,8.332855716102744,52.15076843766912,16.83216180382261,39.113190348927795,1.0000000015333108,4.982289716415483,4.831368727309382e-08,43.32753833383666,-7.105427357601002e-15
AIDC01,56,8.332855716102744,52.15076843766912,16.872944766294026,38.68929727804416,1.0000000015234003,4.982289716498061,4.802144815130305e-08,43.335498020180026,-7.105427357601002e-15
AIDC02,56,4.166427858051372,26.07538421883456,16.872944766294026,38.68929727804416,1.000000000001695,4.982289729185113,2.0438761794139282e-11,19.666217030763846,0.0
AIDC03,56,8.332855716102744,52.15076843766912,16.872944766294026,38.68929727804416,1.0000000015234003,4.982289716498061,4.802144815130305e-08,43.335498020180026,-7.105427357601002e-15
AIDC04,56,4.166427858051372,26.07538421883456,16.872944766294026,38.68929727804416,1.000000000001695,4.982289729185113,2.0438761794139282e-11,19.666217030763846,0.0
AIDC05,56,10.41606964512843,65.18846054708641,16.872944766294026,38.68929727804416,1.0000000516246286,4.982289191466794,2.152762149876253e-06,55.59660423071669,0.0
AIDC06,56,8.332855716102744,52.15076843766912,16.872944766294026,38.68929727804416,1.0000000015234003,4.982289716498061,4.802144815130305e-08,43.335498020180026,-7.105427357601002e-15
AIDC07,56,4.166427858051372,26.07538421883456,16.872944766294026,38.68929727804416,1.000000000001695,4.982289729185113,2.0438761794139282e-11,19.666217030763846,0.0
AIDC08,56,8.332855716102744,52.15076843766912,16.872944766294026,38.68929727804416,1.0000000015234003,4.982289716498061,4.802144815130305e-08,43.335498020180026,-7.105427357601002e-15
AIDC09,56,4.166427858051372,26.07538421883456,16.872944766294026,38.68929727804416,1.000000000001695,4.982289729185113,2.0438761794139282e-11,19.666217030763846,0.0
AIDC10,56,8.332855716102744,52.15076843766912,16.872944766294026,38.68929727804416,1.0000000015234003,4.982289716498061,4.802144815130305e-08,43.335498020180026,-7.105427357601002e-15
AIDC11,56,4.166427858051372,26.07538421883456,16.872944766294026,38.68929727804416,1.000000000001695,4.982289729185113,2.0438761794139282e-11,19.666217030763846,0.0
AIDC12,56,8.332855716102744,52.15076843766912,16.872944766294026,38.68929727804416,1.0000000015234003,4.982289716498061,4.802144815130305e-08,43.335498020180026,-7.105427357601002e-15
AIDC01,57,8.332855716102744,52.15076843766912,16.882183805245692,39.66880869382976,1.0000000015003014,4.982289716690534,4.72977745857861e-08,43.33729893279987,-7.105427357601002e-15
AIDC02,57,4.166427858051372,26.07538421883456,16.882183805245692,39.66880869382976,1.000000000001665,4.982289729185239,2.0083490426259232e-11,19.666620508201937,0.0
AIDC03,57,8.332855716102744,52.15076843766912,16.882183805245692,39.66880869382976,1.0000000015003014,4.982289716690534,4.72977745857861e-08,43.33729893279987,-7.105427357601002e-15
AIDC04,57,4.166427858051372,26.07538421883456,16.882183805245692,39.66880869382976,1.000000000001665,4.982289729185239,2.0083490426259232e-11,19.666620508201937,0.0
AIDC05,57,10.41606964512843,65.18846054708641,16.882183805245692,39.66880869382976,1.0000000509062101,4.982289198949884,2.122968716378182e-06,55.598667299849055,0.0
AIDC06,57,8.332855716102744,52.15076843766912,16.882183805245692,39.66880869382976,1.0000000015003014,4.982289716690534,4.72977745857861e-08,43.33729893279987,-7.105427357601002e-15
AIDC07,57,4.166427858051372,26.07538421883456,16.882183805245692,39.66880869382976,1.000000000001665,4.982289729185239,2.0083490426259232e-11,19.666620508201937,0.0
AIDC08,57,8.332855716102744,52.15076843766912,16.882183805245692,39.66880869382976,1.0000000015003014,4.982289716690534,4.72977745857861e-08,43.33729893279987,-7.105427357601002e-15
AIDC09,57,4.166427858051372,26.07538421883456,16.882183805245692,39.66880869382976,1.000000000001665,4.982289729185239,2.0083490426259232e-11,19.666620508201937,0.0
AIDC10,57,8.332855716102744,52.15076843766912,16.882183805245692,39.66880869382976,1.0000000015003014,4.982289716690534,4.72977745857861e-08,43.33729893279987,-7.105427357601002e-15
AIDC11,57,4.166427858051372,26.07538421883456,16.882183805245692,39.66880869382976,1.000000000001665,4.982289729185239,2.0083490426259232e-11,19.666620508201937,0.0
AIDC12,57,8.332855716102744,52.15076843766912,16.882183805245692,39.66880869382976,1.0000000015003014,4.982289716690534,4.72977745857861e-08,43.33729893279987,-7.105427357601002e-15
AIDC01,58,8.332855716102744,52.15076843766912,16.891422844197358,40.648320109615355,1.000000001477553,4.982289716880089,4.658501495669043e-08,43.33909936862155,0.0
AIDC02,58,4.166427858051372,26.07538421883456,16.891422844197358,40.648320109615355,1.0000000000016356,4.98228972918536,1.9735324485736783e-11,19.667768827930665,0.0
AIDC03,58,8.332855716102744,52.15076843766912,16.891422844197358,40.648320109615355,1.000000001477553,4.982289716880089,4.658501495669043e-08,43.33909936862155,0.0
AIDC04,58,4.166427858051372,26.07538421883456,16.891422844197358,40.648320109615355,1.0000000000016356,4.98228972918536,1.9735324485736783e-11,19.667768827930665,0.0
AIDC05,58,10.41606964512843,65.18846054708641,16.891422844197358,40.648320109615355,1.00000005019779,4.982289206328829,2.093587525564544e-06,55.60072941274585,0.0
AIDC06,58,8.332855716102744,52.15076843766912,16.891422844197358,40.648320109615355,1.000000001477553,4.982289716880089,4.658501495669043e-08,43.33909936862155,0.0
AIDC07,58,4.166427858051372,26.07538421883456,16.891422844197358,40.648320109615355,1.0000000000016356,4.98228972918536,1.9735324485736783e-11,19.667768827930665,0.0
AIDC08,58,8.332855716102744,52.15076843766912,16.891422844197358,40.648320109615355,1.000000001477553,4.982289716880089,4.658501495669043e-08,43.33909936862155,0.0
AIDC09,58,4.166427858051372,26.07538421883456,16.891422844197358,40.648320109615355,1.0000000000016356,4.98228972918536,1.9735324485736783e-11,19.667768827930665,0.0
AIDC10,58,8.332855716102744,52.15076843766912,16.891422844197358,40.648320109615355,1.000000001477553,4.982289716880089,4.658501495669043e-08,43.33909936862155,0.0
AIDC11,58,4.166427858051372,26.07538421883456,16.891422844197358,40.648320109615355,1.0000000000016356,4.98228972918536,1.9735324485736783e-11,19.667768827930665,0.0
AIDC12,58,8.332855716102744,52.15076843766912,16.891422844197358,40.648320109615355,1.000000001477553,4.982289716880089,4.658501495669043e-08,43.33909936862155,0.0
AIDC01,59,8.332855716102744,52.15076843766912,16.900661883149027,41.62783152540096,1.0000000014551493,4.982289717066774,4.5882984522904735e-08,43.34089876900677,0.0
AIDC02,59,4.166427858051372,26.07538421883456,16.900661883149027,41.62783152540096,1.0000000000016067,4.982289729185478,1.9387158545214334e-11,19.66876109936267,0.0
AIDC03,59,8.332855716102744,52.15076843766912,16.900661883149027,41.62783152540096,1.0000000014551493,4.982289717066774,4.5882984522904735e-08,43.34089876900677,0.0
AIDC04,59,4.166427858051372,26.07538421883456,16.900661883149027,41.62783152540096,1.0000000000016067,4.982289729185478,1.9387158545214334e-11,19.66876109936267,0.0
AIDC05,59,10.41606964512843,65.18846054708641,16.900661883149027,41.62783152540096,1.0000000494992278,4.9822892136050925,2.0646128504608896e-06,55.60279050289195,0.0
AIDC06,59,8.332855716102744,52.15076843766912,16.900661883149027,41.62783152540096,1.0000000014551493,4.982289717066774,4.5882984522904735e-08,43.34089876900677,0.0
AIDC07,59,4.166427858051372,26.07538421883456,16.900661883149027,41.62783152540096,1.0000000000016067,4.982289729185478,1.9387158545214334e-11,19.66876109936267,0.0
AIDC08,59,8.332855716102744,52.15076843766912,16.900661883149027,41.62783152540096,1.0000000014551493,4.982289717066774,4.5882984522904735e-08,43.34089876900677,0.0
AIDC09,59,4.166427858051372,26.07538421883456,16.900661883149027,41.62783152540096,1.0000000000016067,4.982289729185478,1.9387158545214334e-11,19.66876109936267,0.0
AIDC10,59,8.332855716102744,52.15076843766912,16.900661883149027,41.62783152540096,1.0000000014551493,4.982289717066774,4.5882984522904735e-08,43.34089876900677,0.0
AIDC11,59,4.166427858051372,26.07538421883456,16.900661883149027,41.62783152540096,1.0000000000016067,4.982289729185478,1.9387158545214334e-11,19.66876109936267,0.0
AIDC12,59,8.332855716102744,52.15076843766912,16.900661883149027,41.62783152540096,1.0000000014551493,4.982289717066774,4.5882984522904735e-08,43.34089876900677,0.0
AIDC01,60,8.332855716102744,52.15076843766912,16.909900922100693,42.60734294118656,1.0000000014330852,4.982289717250627,4.519153407045451e-08,43.34269688440125,0.0
AIDC02,60,4.166427858051372,26.07538421883456,16.909900922100693,42.60734294118656,1.0000000000015785,4.982289729185593,1.9053203459407086e-11,19.670098063190586,0.0
AIDC03,60,8.332855716102744,52.15076843766912,16.909900922100693,42.60734294118656,1.0000000014330852,4.982289717250627,4.519153407045451e-08,43.34269688440125,0.0
AIDC04,60,4.166427858051372,26.07538421883456,16.909900922100693,42.60734294118656,1.0000000000015785,4.982289729185593,1.9053203459407086e-11,19.670098063190586,0.0
AIDC05,60,10.41606964512843,65.18846054708641,16.909900922100693,42.60734294118656,1.0000000488103873,4.982289220780098,2.036039084885033e-06,55.60485061512968,0.0
AIDC06,60,8.332855716102744,52.15076843766912,16.909900922100693,42.60734294118656,1.0000000014330852,4.982289717250627,4.519153407045451e-08,43.34269688440125,0.0
AIDC07,60,4.166427858051372,26.07538421883456,16.909900922100693,42.60734294118656,1.0000000000015785,4.982289729185593,1.9053203459407086e-11,19.670098063190586,0.0
AIDC08,60,8.332855716102744,52.15076843766912,16.909900922100693,42.60734294118656,1.0000000014330852,4.982289717250627,4.519153407045451e-08,43.34269688440125,0.0
AIDC09,60,4.166427858051372,26.07538421883456,16.909900922100693,42.60734294118656,1.0000000000015785,4.982289729185593,1.9053203459407086e-11,19.670098063190586,0.0
AIDC10,60,8.332855716102744,52.15076843766912,16.909900922100693,42.60734294118656,1.0000000014330852,4.982289717250627,4.519153407045451e-08,43.34269688440125,0.0
AIDC11,60,4.166427858051372,26.07538421883456,16.909900922100693,42.60734294118656,1.0000000000015785,4.982289729185593,1.9053203459407086e-11,19.670098063190586,0.0
AIDC12,60,8.332855716102744,52.15076843766912,16.909900922100693,42.60734294118656,1.0000000014330852,4.982289717250627,4.519153407045451e-08,43.34269688440125,0.0
AIDC01,61,8.332855716102744,52.15076843766912,16.812394907586125,44.34248599629108,1.0000000014420514,4.982289717175924,4.542894771475403e-08,43.323674256890015,-7.105427357601002e-15
AIDC02,61,4.166427858051372,26.07538421883456,16.812394907586125,44.34248599629108,1.0000000000016311,4.982289729185378,1.965005935744557e-11,19.659172477470165,0.0
AIDC03,61,8.332855716102744,52.15076843766912,16.812394907586125,44.34248599629108,1.0000000014420514,4.982289717175924,4.542894771475403e-08,43.323674256890015,-7.105427357601002e-15
AIDC04,61,4.166427858051372,26.07538421883456,16.812394907586125,44.34248599629108,1.0000000000016311,4.982289729185378,1.965005935744557e-11,19.659172477470165,0.0
AIDC05,61,10.41606964512843,65.18846054708641,16.812394907586125,44.34248599629108,1.000000048464484,4.98228922438307,2.019952688669946e-06,55.583059055695244,0.0
AIDC06,61,8.332855716102744,52.15076843766912,16.812394907586125,44.34248599629108,1.0000000014420514,4.982289717175924,4.542894771475403e-08,43.323674256890015,-7.105427357601002e-15
AIDC07,61,4.166427858051372,26.07538421883456,16.812394907586125,44.34248599629108,1.0000000000016311,4.982289729185378,1.965005935744557e-11,19.659172477470165,0.0
AIDC08,61,8.332855716102744,52.15076843766912,16.812394907586125,44.34248599629108,1.0000000014420514,4.982289717175924,4.542894771475403e-08,43.323674256890015,-7.105427357601002e-15
AIDC09,61,4.166427858051372,26.07538421883456,16.812394907586125,44.34248599629108,1.0000000000016311,4.982289729185378,1.965005935744557e-11,19.659172477470165,0.0
AIDC10,61,8.332855716102744,52.15076843766912,16.812394907586125,44.34248599629108,1.0000000014420514,4.982289717175924,4.542894771475403e-08,43.323674256890015,-7.105427357601002e-15
AIDC11,61,4.166427858051372,26.07538421883456,16.812394907586125,44.34248599629108,1.0000000000016311,4.982289729185378,1.965005935744557e-11,19.659172477470165,0.0
AIDC12,61,8.332855716102744,52.15076843766912,16.812394907586125,44.34248599629108,1.0000000014420514,4.982289717175924,4.542894771475403e-08,43.323674256890015,-7.105427357601002e-15
AIDC01,62,8.332855716102744,52.15076843766912,16.714888893071553,46.07762905139561,1.0000000014510737,4.982289717100752,4.566732059174683e-08,43.30456011054089,-1.4210854715202004e-14
AIDC02,62,4.166427858051372,26.07538421883456,16.714888893071553,46.07762905139561,1.0000000000016858,4.982289729185154,2.0268231537556858e-11,19.6487197028855,0.0
AIDC03,62,8.332855716102744,52.15076843766912,16.714888893071553,46.07762905139561,1.0000000014510737,4.982289717100752,4.566732059174683e-08,43.30456011054089,-1.4210854715202004e-14
AIDC04,62,4.166427858051372,26.07538421883456,16.714888893071553,46.07762905139561,1.0000000000016858,4.982289729185154,2.0268231537556858e-11,19.6487197028855,0.0
AIDC05,62,10.41606964512843,65.18846054708641,16.714888893071553,46.07762905139561,1.0000000481210318,4.982289227960509,2.0039823880324548e-06,55.561155924796324,0.0
AIDC06,62,8.332855716102744,52.15076843766912,16.714888893071553,46.07762905139561,1.0000000014510737,4.982289717100752,4.566732059174683e-08,43.30456011054089,-1.4210854715202004e-14
AIDC07,62,4.166427858051372,26.07538421883456,16.714888893071553,46.07762905139561,1.0000000000016858,4.982289729185154,2.0268231537556858e-11,19.6487197028855,0.0
AIDC08,62,8.332855716102744,52.15076843766912,16.714888893071553,46.07762905139561,1.0000000014510737,4.982289717100752,4.566732059174683e-08,43.30456011054089,-1.4210854715202004e-14
AIDC09,62,4.166427858051372,26.07538421883456,16.714888893071553,46.07762905139561,1.0000000000016858,4.982289729185154,2.0268231537556858e-11,19.6487197028855,0.0
AIDC10,62,8.332855716102744,52.15076843766912,16.714888893071553,46.07762905139561,1.0000000014510737,4.982289717100752,4.566732059174683e-08,43.30456011054089,-1.4210854715202004e-14
AIDC11,62,4.166427858051372,26.07538421883456,16.714888893071553,46.07762905139561,1.0000000000016858,4.982289729185154,2.0268231537556858e-11,19.6487197028855,0.0
AIDC12,62,8.332855716102744,52.15076843766912,16.714888893071553,46.07762905139561,1.0000000014510737,4.982289717100752,4.566732059174683e-08,43.30456011054089,-1.4210854715202004e-14
AIDC01,63,8.332855716102744,52.15076843766912,16.617382878556985,47.812772106500134,1.0000000014601527,4.982289717025111,4.5906624279723474e-08,43.28535399994833,0.0
AIDC02,63,4.166427858051372,26.07538421883456,16.617382878556985,47.812772106500134,1.0000000000017422,4.982289729184923,2.0907719999740948e-11,19.638130059505244,0.0
AIDC03,63,8.332855716102744,52.15076843766912,16.617382878556985,47.812772106500134,1.0000000014601527,4.982289717025111,4.5906624279723474e-08,43.28535399994833,0.0
AIDC04,63,4.166427858051372,26.07538421883456,16.617382878556985,47.812772106500134,1.0000000000017422,4.982289729184923,2.0907719999740948e-11,19.638130059505244,0.0
AIDC05,63,10.41606964512843,65.18846054708641,16.617382878556985,47.812772106500134,1.000000047780014,4.982289231512597,1.988127337426704e-06,55.539140376471195,0.0
AIDC06,63,8.332855716102744,52.15076843766912,16.617382878556985,47.812772106500134,1.0000000014601527,4.982289717025111,4.5906624279723474e-08,43.28535399994833,0.0
AIDC07,63,4.166427858051372,26.07538421883456,16.617382878556985,47.812772106500134,1.0000000000017422,4.982289729184923,2.0907719999740948e-11,19.638130059505244,0.0
AIDC08,63,8.332855716102744,52.15076843766912,16.617382878556985,47.812772106500134,1.0000000014601527,4.982289717025111,4.5906624279723474e-08,43.28535399994833,0.0
AIDC09,63,4.166427858051372,26.07538421883456,16.617382878556985,47.812772106500134,1.0000000000017422,4.982289729184923,2.0907719999740948e-11,19.638130059505244,0.0
AIDC10,63,8.332855716102744,52.15076843766912,16.617382878556985,47.812772106500134,1.0000000014601527,4.982289717025111,4.5906624279723474e-08,43.28535399994833,0.0
AIDC11,63,4.166427858051372,26.07538421883456,16.617382878556985,47.812772106500134,1.0000000000017422,4.982289729184923,2.0907719999740948e-11,19.638130059505244,0.0
AIDC12,63,8.332855716102744,52.15076843766912,16.617382878556985,47.812772106500134,1.0000000014601527,4.982289717025111,4.5906624279723474e-08,43.28535399994833,0.0
AIDC01,64,8.332855716102744,52.15076843766912,16.519876864042416,49.54791516160466,1.0000000014692882,4.982289716948998,4.614686588411132e-08,43.26605440030205,0.0
AIDC02,64,4.166427858051372,26.07538421883456,16.519876864042416,49.54791516160466,1.0000000000018003,4.982289729184686,2.156497203031904e-11,19.627292819658557,0.0
AIDC03,64,8.332855716102744,52.15076843766912,16.519876864042416,49.54791516160466,1.0000000014692882,4.982289716948998,4.614686588411132e-08,43.26605440030205,0.0
AIDC04,64,4.166427858051372,26.07538421883456,16.519876864042416,49.54791516160466,1.0000000000018003,4.982289729184686,2.156497203031904e-11,19.627292819658557,0.0
AIDC05,64,10.41606964512843,65.18846054708641,16.519876864042416,49.54791516160466,1.0000000474414124,4.98228923503952,1.9723866699905557e-06,55.517011465417,0.0
AIDC06,64,8.332855716102744,52.15076843766912,16.519876864042416,49.54791516160466,1.0000000014692882,4.982289716948998,4.614686588411132e-08,43.26605440030205,0.0
AIDC07,64,4.166427858051372,26.07538421883456,16.519876864042416,49.54791516160466,1.0000000000018003,4.982289729184686,2.156497203031904e-11,19.627292819658557,0.0
AIDC08,64,8.332855716102744,52.15076843766912,16.519876864042416,49.54791516160466,1.0000000014692882,4.982289716948998,4.614686588411132e-08,43.26605440030205,0.0
AIDC09,64,4.166427858051372,26.07538421883456,16.519876864042416,49.54791516160466,1.0000000000018003,4.982289729184686,2.156497203031904e-11,19.627292819658557,0.0
AIDC10,64,8.332855716102744,52.15076843766912,16.519876864042416,49.54791516160466,1.0000000014692882,4.982289716948998,4.614686588411132e-08,43.26605440030205,0.0
AIDC11,64,4.166427858051372,26.07538421883456,16.519876864042416,49.54791516160466,1.0000000000018003,4.982289729184686,2.156497203031904e-11,19.627292819658557,0.0
AIDC12,64,8.332855716102744,52.15076843766912,16.519876864042416,49.54791516160466,1.0000000014692882,4.982289716948998,4.614686588411132e-08,43.26605440030205,0.0
AIDC01,65,8.332855716102744,52.15076843766912,16.4253312875832,51.49432822688739,1.0000000014731998,4.982289716916416,4.622378924068471e-08,43.24725138860195,0.0
AIDC02,65,4.166427858051372,26.07538421883456,16.4253312875832,51.49432822688739,1.0000000000018523,4.982289729184474,2.2147617073642323e-11,19.616720139539787,-3.552713678800501e-15
AIDC03,65,8.332855716102744,52.15076843766912,16.4253312875832,51.49432822688739,1.0000000014731998,4.982289716916416,4.622378924068471e-08,43.24725138860195,0.0
AIDC04,65,4.166427858051372,26.07538421883456,16.4253312875832,51.49432822688739,1.0000000000018523,4.982289729184474,2.2147617073642323e-11,19.616720139539787,-3.552713678800501e-15
AIDC05,65,10.41606964512843,65.18846054708641,16.4253312875832,51.49432822688739,1.0000000469559742,4.982289240095897,1.9506103043909206e-06,55.495445361647,-1.4210854715202004e-14
AIDC06,65,8.332855716102744,52.15076843766912,16.4253312875832,51.49432822688739,1.0000000014731998,4.982289716916416,4.622378924068471e-08,43.24725138860195,0.0
AIDC07,65,4.166427858051372,26.07538421883456,16.4253312875832,51.49432822688739,1.0000000000018523,4.982289729184474,2.2147617073642323e-11,19.616720139539787,-3.552713678800501e-15
AIDC08,65,8.332855716102744,52.15076843766912,16.4253312875832,51.49432822688739,1.0000000014731998,4.982289716916416,4.622378924068471e-08,43.24725138860195,0.0
AIDC09,65,4.166427858051372,26.07538421883456,16.4253312875832,51.49432822688739,1.0000000000018523,4.982289729184474,2.2147617073642323e-11,19.616720139539787,-3.552713678800501e-15
AIDC10,65,8.332855716102744,52.15076843766912,16.4253312875832,51.49432822688739,1.0000000014731998,4.982289716916416,4.622378924068471e-08,43.24725138860195,0.0
AIDC11,65,4.166427858051372,26.07538421883456,16.4253312875832,51.49432822688739,1.0000000000018523,4.982289729184474,2.2147617073642323e-11,19.616720139539787,-3.552713678800501e-15
AIDC12,65,8.332855716102744,52.15076843766912,16.4253312875832,51.49432822688739,1.0000000014731998,4.982289716916416,4.622378924068471e-08,43.24725138860195,0.0
AIDC01,66,8.332855716102744,52.15076843766912,16.330785711123987,53.44074129217012,1.0000000014771215,4.9822897168837486,4.6300513645292085e-08,43.22835914541557,-7.105427357601002e-15
AIDC02,66,4.166427858051372,26.07538421883456,16.330785711123987,53.44074129217012,1.0000000000019058,4.982289729184255,2.2748025685359607e-11,19.606218608527023,0.0
AIDC03,66,8.332855716102744,52.15076843766912,16.330785711123987,53.44074129217012,1.0000000014771215,4.9822897168837486,4.6300513645292085e-08,43.22835914541557,-7.105427357601002e-15
AIDC04,66,4.166427858051372,26.07538421883456,16.330785711123987,53.44074129217012,1.0000000000019058,4.982289729184255,2.2748025685359607e-11,19.606218608527023,0.0
AIDC05,66,10.41606964512843,65.18846054708641,16.330785711123987,53.44074129217012,1.0000000464755034,4.982289245100537,1.9290640054236974e-06,55.47377103877096,-1.4210854715202004e-14
AIDC06,66,8.332855716102744,52.15076843766912,16.330785711123987,53.44074129217012,1.0000000014771215,4.9822897168837486,4.6300513645292085e-08,43.22835914541557,-7.105427357601002e-15
AIDC07,66,4.166427858051372,26.07538421883456,16.330785711123987,53.44074129217012,1.0000000000019058,4.982289729184255,2.2748025685359607e-11,19.606218608527023,0.0
AIDC08,66,8.332855716102744,52.15076843766912,16.330785711123987,53.44074129217012,1.0000000014771215,4.9822897168837486,4.6300513645292085e-08,43.22835914541557,-7.105427357601002e-15
AIDC09,66,4.166427858051372,26.07538421883456,16.330785711123987,53.44074129217012,1.0000000000019058,4.982289729184255,2.2748025685359607e-11,19.606218608527023,0.0
AIDC10,66,8.332855716102744,52.15076843766912,16.330785711123987,53.44074129217012,1.0000000014771215,4.9822897168837486,4.6300513645292085e-08,43.22835914541557,-7.105427357601002e-15
AIDC11,66,4.166427858051372,26.07538421883456,16.330785711123987,53.44074129217012,1.0000000000019058,4.982289729184255,2.2748025685359607e-11,19.606218608527023,0.0
AIDC12,66,8.332855716102744,52.15076843766912,16.330785711123987,53.44074129217012,1.0000000014771215,4.9822897168837486,4.6300513645292085e-08,43.22835914541557,-7.105427357601002e-15
AIDC01,67,8.332855716102744,52.15076843766912,16.23624013466477,55.38715435745284,1.000000001481054,4.982289716850994,4.6377074625070236e-08,43.20937803981276,0.0
AIDC02,67,4.166427858051372,26.07538421883456,16.23624013466477,55.38715435745284,1.0000000000019609,4.982289729184029,2.3359092438113294e-11,19.595702026330983,-3.552713678800501e-15
AIDC03,67,8.332855716102744,52.15076843766912,16.23624013466477,55.38715435745284,1.000000001481054,4.982289716850994,4.6377074625070236e-08,43.20937803981276,0.0
AIDC04,67,4.166427858051372,26.07538421883456,16.23624013466477,55.38715435745284,1.0000000000019609,4.982289729184029,2.3359092438113294e-11,19.595702026330983,-3.552713678800501e-15
AIDC05,67,10.41606964512843,65.18846054708641,16.23624013466477,55.38715435745284,1.0000000459999492,4.982289250053965,1.9077453359273022e-06,55.45198765752076,0.0
AIDC06,67,8.332855716102744,52.15076843766912,16.23624013466477,55.38715435745284,1.000000001481054,4.982289716850994,4.6377074625070236e-08,43.20937803981276,0.0
AIDC07,67,4.166427858051372,26.07538421883456,16.23624013466477,55.38715435745284,1.0000000000019609,4.982289729184029,2.3359092438113294e-11,19.595702026330983,-3.552713678800501e-15
AIDC08,67,8.332855716102744,52.15076843766912,16.23624013466477,55.38715435745284,1.000000001481054,4.982289716850994,4.6377074625070236e-08,43.20937803981276,0.0
AIDC09,67,4.166427858051372,26.07538421883456,16.23624013466477,55.38715435745284,1.0000000000019609,4.982289729184029,2.3359092438113294e-11,19.595702026330983,-3.552713678800501e-15
AIDC10,67,8.332855716102744,52.15076843766912,16.23624013466477,55.38715435745284,1.000000001481054,4.982289716850994,4.6377074625070236e-08,43.20937803981276,0.0
AIDC11,67,4.166427858051372,26.07538421883456,16.23624013466477,55.38715435745284,1.0000000000019609,4.982289729184029,2.3359092438113294e-11,19.595702026330983,-3.552713678800501e-15
AIDC12,67,8.332855716102744,52.15076843766912,16.23624013466477,55.38715435745284,1.000000001481054,4.982289716850994,4.6377074625070236e-08,43.20937803981276,0.0
AIDC01,68,8.332855716102744,52.15076843766912,16.141694558205554,57.33356742273558,1.0000000014849966,4.982289716818157,4.645344375830973e-08,43.19030629984718,0.0
AIDC02,68,4.166427858051372,26.07538421883456,16.141694558205554,57.33356742273558,1.0000000000020177,4.9822897291837975,2.3991475472939783e-11,19.585483658991514,0.0
AIDC03,68,8.332855716102744,52.15076843766912,16.141694558205554,57.33356742273558,1.0000000014849966,4.982289716818157,4.645344375830973e-08,43.19030629984718,0.0
AIDC04,68,4.166427858051372,26.07538421883456,16.141694558205554,57.33356742273558,1.0000000000020177,4.9822897291837975,2.3991475472939783e-11,19.585483658991514,0.0
AIDC05,68,10.41606964512843,65.18846054708641,16.141694558205554,57.33356742273558,1.0000000455292604,4.982289254956717,1.886651887161861e-06,55.430094311675944,0.0
AIDC06,68,8.332855716102744,52.15076843766912,16.141694558205554,57.33356742273558,1.0000000014849966,4.982289716818157,4.645344375830973e-08,43.19030629984718,0.0
AIDC07,68,4.166427858051372,26.07538421883456,16.141694558205554,57.33356742273558,1.0000000000020177,4.9822897291837975,2.3991475472939783e-11,19.585483658991514,0.0
AIDC08,68,8.332855716102744,52.15076843766912,16.141694558205554,57.33356742273558,1.0000000014849966,4.982289716818157,4.645344375830973e-08,43.19030629984718,0.0
AIDC09,68,4.166427858051372,26.07538421883456,16.141694558205554,57.33356742273558,1.0000000000020177,4.9822897291837975,2.3991475472939783e-11,19.585483658991514,0.0
AIDC10,68,8.332855716102744,52.15076843766912,16.141694558205554,57.33356742273558,1.0000000014849966,4.982289716818157,4.645344375830973e-08,43.19030629984718,0.0
AIDC11,68,4.166427858051372,26.07538421883456,16.141694558205554,57.33356742273558,1.0000000000020177,4.9822897291837975,2.3991475472939783e-11,19.585483658991514,0.0
AIDC12,68,8.332855716102744,52.15076843766912,16.141694558205554,57.33356742273558,1.0000000014849966,4.982289716818157,4.645344375830973e-08,43.19030629984718,0.0
AIDC01,69,8.332855716102744,52.15076843766912,16.00216968124156,59.079129923769834,1.0000000015125612,4.98228971658849,4.724442703718523e-08,43.16199603114238,0.0
AIDC02,69,4.166427858051372,26.07538421883456,16.00216968124156,59.079129923769834,1.000000000002135,4.982289729183318,2.531663767513237e-11,19.569778812356375,0.0
AIDC03,69,8.332855716102744,52.15076843766912,16.00216968124156,59.079129923769834,1.0000000015125612,4.98228971658849,4.724442703718523e-08,43.16199603114238,0.0
AIDC04,69,4.166427858051372,26.07538421883456,16.00216968124156,59.079129923769834,1.000000000002135,4.982289729183318,2.531663767513237e-11,19.569778812356375,0.0
AIDC05,69,10.41606964512843,65.18846054708641,16.00216968124156,59.079129923769834,1.0000000454969624,4.98228925529318,1.8829775783046898e-06,55.39758277759485,0.0
AIDC06,69,8.332855716102744,52.15076843766912,16.00216968124156,59.079129923769834,1.0000000015125612,4.98228971658849,4.724442703718523e-08,43.16199603114238,0.0
AIDC07,69,4.166427858051372,26.07538421883456,16.00216968124156,59.079129923769834,1.000000000002135,4.982289729183318,2.531663767513237e-11,19.569778812356375,0.0
AIDC08,69,8.332855716102744,52.15076843766912,16.00216968124156,59.079129923769834,1.0000000015125612,4.98228971658849,4.724442703718523e-08,43.16199603114238,0.0
AIDC09,69,4.166427858051372,26.07538421883456,16.00216968124156,59.079129923769834,1.000000000002135,4.982289729183318,2.531663767513237e-11,19.569778812356375,0.0
AIDC10,69,8.332855716102744,52.15076843766912,16.00216968124156,59.079129923769834,1.0000000015125612,4.98228971658849,4.724442703718523e-08,43.16199603114238,0.0
AIDC11,69,4.166427858051372,26.07538421883456,16.00216968124156,59.079129923769834,1.000000000002135,4.982289729183318,2.531663767513237e-11,19.569778812356375,0.0
AIDC12,69,8.332855716102744,52.15076843766912,16.00216968124156,59.079129923769834,1.0000000015125612,4.98228971658849,4.724442703718523e-08,43.16199603114238,0.0
AIDC01,70,8.332855716102744,52.15076843766912,15.862644804277569,60.8246924248041,1.0000000015406374,4.982289716354565,4.804815745274027e-08,43.1334860660169,0.0
AIDC02,70,4.166427858051372,26.07538421883456,15.862644804277569,60.8246924248041,1.000000000002259,4.982289729182812,2.6712854150900966e-11,19.554121170871774,-3.552713678800501e-15
AIDC03,70,8.332855716102744,52.15076843766912,15.862644804277569,60.8246924248041,1.0000000015406374,4.982289716354565,4.804815745274027e-08,43.1334860660169,0.0
AIDC04,70,4.166427858051372,26.07538421883456,15.862644804277569,60.8246924248041,1.000000000002259,4.982289729182812,2.6712854150900966e-11,19.554121170871774,-3.552713678800501e-15
AIDC05,70,10.41606964512843,65.18846054708641,15.862644804277569,60.8246924248041,1.0000000454646871,4.9822892556294125,1.8792873532902377e-06,55.36482719344576,0.0
AIDC06,70,8.332855716102744,52.15076843766912,15.862644804277569,60.8246924248041,1.0000000015406374,4.982289716354565,4.804815745274027e-08,43.1334860660169,0.0
AIDC07,70,4.166427858051372,26.07538421883456,15.862644804277569,60.8246924248041,1.000000000002259,4.982289729182812,2.6712854150900966e-11,19.554121170871774,-3.552713678800501e-15
AIDC08,70,8.332855716102744,52.15076843766912,15.862644804277569,60.8246924248041,1.0000000015406374,4.982289716354565,4.804815745274027e-08,43.1334860660169,0.0
AIDC09,70,4.166427858051372,26.07538421883456,15.862644804277569,60.8246924248041,1.000000000002259,4.982289729182812,2.6712854150900966e-11,19.554121170871774,-3.552713678800501e-15
AIDC10,70,8.332855716102744,52.15076843766912,15.862644804277569,60.8246924248041,1.0000000015406374,4.982289716354565,4.804815745274027e-08,43.1334860660169,0.0
AIDC11,70,4.166427858051372,26.07538421883456,15.862644804277569,60.8246924248041,1.000000000002259,4.982289729182812,2.6712854150900966e-11,19.554121170871774,-3.552713678800501e-15
AIDC12,70,8.332855716102744,52.15076843766912,15.862644804277569,60.8246924248041,1.0000000015406374,4.982289716354565,4.804815745274027e-08,43.1334860660169,0.0
AIDC01,71,8.332855716102744,52.15076843766912,15.723119927313578,62.570254925838356,1.0000000015692345,4.9822897161163,4.8864812640658783e-08,43.104773896945986,-7.105427357601002e-15
AIDC02,71,4.166427858051372,26.07538421883456,15.723119927313578,62.570254925838356,1.0000000000023905,4.982289729182274,2.8187230327603174e-11,19.53856707683677,-3.552713678800501e-15
AIDC03,71,8.332855716102744,52.15076843766912,15.723119927313578,62.570254925838356,1.0000000015692345,4.9822897161163,4.8864812640658783e-08,43.104773896945986,-7.105427357601002e-15
AIDC04,71,4.166427858051372,26.07538421883456,15.723119927313578,62.570254925838356,1.0000000000023905,4.982289729182274,2.8187230327603174e-11,19.53856707683677,-3.552713678800501e-15
AIDC05,71,10.41606964512843,65.18846054708641,15.723119927313578,62.570254925838356,1.0000000454324347,4.982289255965409,1.8755810131665385e-06,55.33182475111529,0.0
AIDC06,71,8.332855716102744,52.15076843766912,15.723119927313578,62.570254925838356,1.0000000015692345,4.9822897161163,4.8864812640658783e-08,43.104773896945986,-7.105427357601002e-15
AIDC07,71,4.166427858051372,26.07538421883456,15.723119927313578,62.570254925838356,1.0000000000023905,4.982289729182274,2.8187230327603174e-11,19.53856707683677,-3.552713678800501e-15
AIDC08,71,8.332855716102744,52.15076843766912,15.723119927313578,62.570254925838356,1.0000000015692345,4.9822897161163,4.8864812640658783e-08,43.104773896945986,-7.105427357601002e-15
AIDC09,71,4.166427858051372,26.07538421883456,15.723119927313578,62.570254925838356,1.0000000000023905,4.982289729182274,2.8187230327603174e-11,19.53856707683677,-3.552713678800501e-15
AIDC10,71,8.332855716102744,52.15076843766912,15.723119927313578,62.570254925838356,1.0000000015692345,4.9822897161163,4.8864812640658783e-08,43.104773896945986,-7.105427357601002e-15
AIDC11,71,4.166427858051372,26.07538421883456,15.723119927313578,62.570254925838356,1.0000000000023905,4.982289729182274,2.8187230327603174e-11,19.53856707683677,-3.552713678800501e-15
AIDC12,71,8.332855716102744,52.15076843766912,15.723119927313578,62.570254925838356,1.0000000015692345,4.9822897161163,4.8864812640658783e-08,43.104773896945986,-7.105427357601002e-15
AIDC01,72,8.332855716102744,52.15076843766912,15.583595050349585,64.31581742687261,1.000000001598363,4.982289715873611,4.9694591552906786e-08,43.075859142830126,0.0
AIDC02,72,4.166427858051372,26.07538421883456,15.583595050349585,64.31581742687261,1.0000000000025295,4.982289729181706,2.9739766205238993e-11,19.522806129178818,0.0
AIDC03,72,8.332855716102744,52.15076843766912,15.583595050349585,64.31581742687261,1.000000001598363,4.982289715873611,4.9694591552906786e-08,43.075859142830126,0.0
AIDC04,72,4.166427858051372,26.07538421883456,15.583595050349585,64.31581742687261,1.0000000000025295,4.982289729181706,2.9739766205238993e-11,19.522806129178818,0.0
AIDC05,72,10.41606964512843,65.18846054708641,15.583595050349585,64.31581742687261,1.000000045400205,4.982289256301176,1.8718582879273526e-06,55.298572563932055,0.0
AIDC06,72,8.332855716102744,52.15076843766912,15.583595050349585,64.31581742687261,1.000000001598363,4.982289715873611,4.9694591552906786e-08,43.075859142830126,0.0
AIDC07,72,4.166427858051372,26.07538421883456,15.583595050349585,64.31581742687261,1.0000000000025295,4.982289729181706,2.9739766205238993e-11,19.522806129178818,0.0
AIDC08,72,8.332855716102744,52.15076843766912,15.583595050349585,64.31581742687261,1.000000001598363,4.982289715873611,4.9694591552906786e-08,43.075859142830126,0.0
AIDC09,72,4.166427858051372,26.07538421883456,15.583595050349585,64.31581742687261,1.0000000000025295,4.982289729181706,2.9739766205238993e-11,19.522806129178818,0.0
AIDC10,72,8.332855716102744,52.15076843766912,15.583595050349585,64.31581742687261,1.000000001598363,4.982289715873611,4.9694591552906786e-08,43.075859142830126,0.0
AIDC11,72,4.166427858051372,26.07538421883456,15.583595050349585,64.31581742687261,1.0000000000025295,4.982289729181706,2.9739766205238993e-11,19.522806129178818,0.0
AIDC12,72,8.332855716102744,52.15076843766912,15.583595050349585,64.31581742687261,1.000000001598363,4.982289715873611,4.9694591552906786e-08,43.075859142830126,0.0
AIDC01,73,8.332855716102744,52.15076843766912,15.563799634766953,65.24958193444513,1.0000000015884833,4.982289715955936,4.937647446467963e-08,43.07173959896262,0.0
AIDC02,73,4.166427858051372,26.07538421883456,15.563799634766953,65.24958193444513,1.0000000000025275,4.982289729181714,2.970779178212979e-11,19.520565309187845,0.0
AIDC03,73,8.332855716102744,52.15076843766912,15.563799634766953,65.24958193444513,1.0000000015884833,4.982289715955936,4.937647446467963e-08,43.07173959896262,0.0
AIDC04,73,4.166427858051372,26.07538421883456,15.563799634766953,65.24958193444513,1.0000000000025275,4.982289729181714,2.970779178212979e-11,19.520565309187845,0.0
AIDC05,73,10.41606964512843,65.18846054708641,15.563799634766953,65.24958193444513,1.000000044997476,4.98228926049603,1.8549156450831106e-06,55.2938344809466,0.0
AIDC06,73,8.332855716102744,52.15076843766912,15.563799634766953,65.24958193444513,1.0000000015884833,4.982289715955936,4.937647446467963e-08,43.07173959896262,0.0
AIDC07,73,4.166427858051372,26.07538421883456,15.563799634766953,65.24958193444513,1.0000000000025275,4.982289729181714,2.970779178212979e-11,19.520565309187845,0.0
AIDC08,73,8.332855716102744,52.15076843766912,15.563799634766953,65.24958193444513,1.0000000015884833,4.982289715955936,4.937647446467963e-08,43.07173959896262,0.0
AIDC09,73,4.166427858051372,26.07538421883456,15.563799634766953,65.24958193444513,1.0000000000025275,4.982289729181714,2.970779178212979e-11,19.520565309187845,0.0
AIDC10,73,8.332855716102744,52.15076843766912,15.563799634766953,65.24958193444513,1.0000000015884833,4.982289715955936,4.937647446467963e-08,43.07173959896262,0.0
AIDC11,73,4.166427858051372,26.07538421883456,15.563799634766953,65.24958193444513,1.0000000000025275,4.982289729181714,2.970779178212979e-11,19.520565309187845,0.0
AIDC12,73,8.332855716102744,52.15076843766912,15.563799634766953,65.24958193444513,1.0000000015884833,4.982289715955936,4.937647446467963e-08,43.07173959896262,0.0
AIDC01,74,8.332855716102744,52.15076843766912,15.544004219184323,66.18334644201764,1.000000001578665,4.982289716037755,4.906038952867675e-08,43.06761640509747,0.0
AIDC02,74,4.166427858051372,26.07538421883456,15.544004219184323,66.18334644201764,1.0000000000025255,4.9822897291817245,2.9675817359020584e-11,19.518320906258538,0.0
AIDC03,74,8.332855716102744,52.15076843766912,15.544004219184323,66.18334644201764,1.000000001578665,4.982289716037755,4.906038952867675e-08,43.06761640509747,0.0
AIDC04,74,4.166427858051372,26.07538421883456,15.544004219184323,66.18334644201764,1.0000000000025255,4.9822897291817245,2.9675817359020584e-11,19.518320906258538,0.0
AIDC05,74,10.41606964512843,65.18846054708641,15.544004219184323,66.18334644201764,1.000000044598319,4.982289264653678,1.8381258612976126e-06,55.289091268781874,0.0
AIDC06,74,8.332855716102744,52.15076843766912,15.544004219184323,66.18334644201764,1.000000001578665,4.982289716037755,4.906038952867675e-08,43.06761640509747,0.0
AIDC07,74,4.166427858051372,26.07538421883456,15.544004219184323,66.18334644201764,1.0000000000025255,4.9822897291817245,2.9675817359020584e-11,19.518320906258538,0.0
AIDC08,74,8.332855716102744,52.15076843766912,15.544004219184323,66.18334644201764,1.000000001578665,4.982289716037755,4.906038952867675e-08,43.06761640509747,0.0
AIDC09,74,4.166427858051372,26.07538421883456,15.544004219184323,66.18334644201764,1.0000000000025255,4.9822897291817245,2.9675817359020584e-11,19.518320906258538,0.0
AIDC10,74,8.332855716102744,52.15076843766912,15.544004219184323,66.18334644201764,1.000000001578665,4.982289716037755,4.906038952867675e-08,43.06761640509747,0.0
AIDC11,74,4.166427858051372,26.07538421883456,15.544004219184323,66.18334644201764,1.0000000000025255,4.9822897291817245,2.9675817359020584e-11,19.518320906258538,0.0
AIDC12,74,8.332855716102744,52.15076843766912,15.544004219184323,66.18334644201764,1.000000001578665,4.982289716037755,4.906038952867675e-08,43.06761640509747,0.0
AIDC01,75,8.332855716102744,52.15076843766912,15.524208803601692,67.11711094959016,1.0000000015689072,4.982289716119064,4.8746301217761356e-08,43.06348889196359,0.0
AIDC02,75,4.166427858051372,26.07538421883456,15.524208803601692,67.11711094959016,1.0000000000025235,4.982289729181734,2.964029022223258e-11,19.516072911803043,0.0
AIDC03,75,8.332855716102744,52.15076843766912,15.524208803601692,67.11711094959016,1.0000000015689072,4.982289716119064,4.8746301217761356e-08,43.06348889196359,0.0
AIDC04,75,4.166427858051372,26.07538421883456,15.524208803601692,67.11711094959016,1.0000000000025235,4.982289729181734,2.964029022223258e-11,19.516072911803043,0.0
AIDC05,75,10.41606964512843,65.18846054708641,15.524208803601692,67.11711094959016,1.000000044202703,4.9822892687744424,1.821487572328806e-06,55.284342967994434,0.0
AIDC06,75,8.332855716102744,52.15076843766912,15.524208803601692,67.11711094959016,1.0000000015689072,4.982289716119064,4.8746301217761356e-08,43.06348889196359,0.0
AIDC07,75,4.166427858051372,26.07538421883456,15.524208803601692,67.11711094959016,1.0000000000025235,4.982289729181734,2.964029022223258e-11,19.516072911803043,0.0
AIDC08,75,8.332855716102744,52.15076843766912,15.524208803601692,67.11711094959016,1.0000000015689072,4.982289716119064,4.8746301217761356e-08,43.06348889196359,0.0
AIDC09,75,4.166427858051372,26.07538421883456,15.524208803601692,67.11711094959016,1.0000000000025235,4.982289729181734,2.964029022223258e-11,19.516072911803043,0.0
AIDC10,75,8.332855716102744,52.15076843766912,15.524208803601692,67.11711094959016,1.0000000015689072,4.982289716119064,4.8746301217761356e-08,43.06348889196359,0.0
AIDC11,75,4.166427858051372,26.07538421883456,15.524208803601692,67.11711094959016,1.0000000000025235,4.982289729181734,2.964029022223258e-11,19.516072911803043,0.0
AIDC12,75,8.332855716102744,52.15076843766912,15.524208803601692,67.11711094959016,1.0000000015689072,4.982289716119064,4.8746301217761356e-08,43.06348889196359,0.0
AIDC01,76,8.332855716102744,52.15076843766912,15.50441338801906,68.05087545716268,1.0000000015592099,4.982289716199874,4.8434216637360805e-08,43.059357409543225,0.0
AIDC02,76,4.166427858051372,26.07538421883456,15.50441338801906,68.05087545716268,1.0000000000025215,4.982289729181743,2.9604763085444574e-11,19.513821317206144,0.0
AIDC03,76,8.332855716102744,52.15076843766912,15.50441338801906,68.05087545716268,1.0000000015592099,4.982289716199874,4.8434216637360805e-08,43.059357409543225,0.0
AIDC04,76,4.166427858051372,26.07538421883456,15.50441338801906,68.05087545716268,1.0000000000025215,4.982289729181743,2.9604763085444574e-11,19.513821317206144,0.0
AIDC05,76,10.41606964512843,65.18846054708641,15.50441338801906,68.05087545716268,1.0000000438105965,4.9822892728586545,1.8049994281454929e-06,55.27958956040443,0.0
AIDC06,76,8.332855716102744,52.15076843766912,15.50441338801906,68.05087545716268,1.0000000015592099,4.982289716199874,4.8434216637360805e-08,43.059357409543225,0.0
AIDC07,76,4.166427858051372,26.07538421883456,15.50441338801906,68.05087545716268,1.0000000000025215,4.982289729181743,2.9604763085444574e-11,19.513821317206144,0.0
AIDC08,76,8.332855716102744,52.15076843766912,15.50441338801906,68.05087545716268,1.0000000015592099,4.982289716199874,4.8434216637360805e-08,43.059357409543225,0.0
AIDC09,76,4.166427858051372,26.07538421883456,15.50441338801906,68.05087545716268,1.0000000000025215,4.982289729181743,2.9604763085444574e-11,19.513821317206144,0.0
AIDC10,76,8.332855716102744,52.15076843766912,15.50441338801906,68.05087545716268,1.0000000015592099,4.982289716199874,4.8434216637360805e-08,43.059357409543225,0.0
AIDC11,76,4.166427858051372,26.07538421883456,15.50441338801906,68.05087545716268,1.0000000000025215,4.982289729181743,2.9604763085444574e-11,19.513821317206144,0.0
AIDC12,76,8.332855716102744,52.15076843766912,15.50441338801906,68.05087545716268,1.0000000015592099,4.982289716199874,4.8434216637360805e-08,43.059357409543225,0.0
AIDC01,77,8.332855716102744,52.15076843766912,15.466305452683224,68.5702184322415,1.0000000015662054,4.98228971614159,4.863063196580697e-08,43.05139208010584,0.0
AIDC02,77,4.166427858051372,26.07538421883456,15.466305452683224,68.5702184322415,1.0000000000025593,4.982289729181589,3.002043058586423e-11,19.509382317081936,-3.552713678800501e-15
AIDC03,77,8.332855716102744,52.15076843766912,15.466305452683224,68.5702184322415,1.0000000015662054,4.98228971614159,4.863063196580697e-08,43.05139208010584,0.0
AIDC04,77,4.166427858051372,26.07538421883456,15.466305452683224,68.5702184322415,1.0000000000025593,4.982289729181589,3.002043058586423e-11,19.509382317081936,-3.552713678800501e-15
AIDC05,77,10.41606964512843,65.18846054708641,15.466305452683224,68.5702184322415,1.0000000437781627,4.982289273196503,1.8030264641311078e-06,55.27042435670255,0.0
AIDC06,77,8.332855716102744,52.15076843766912,15.466305452683224,68.5702184322415,1.0000000015662054,4.98228971614159,4.863063196580697e-08,43.05139208010584,0.0
AIDC07,77,4.166427858051372,26.07538421883456,15.466305452683224,68.5702184322415,1.0000000000025593,4.982289729181589,3.002043058586423e-11,19.509382317081936,-3.552713678800501e-15
AIDC08,77,8.332855716102744,52.15076843766912,15.466305452683224,68.5702184322415,1.0000000015662054,4.98228971614159,4.863063196580697e-08,43.05139208010584,0.0
AIDC09,77,4.166427858051372,26.07538421883456,15.466305452683224,68.5702184322415,1.0000000000025593,4.982289729181589,3.002043058586423e-11,19.509382317081936,-3.552713678800501e-15
AIDC10,77,8.332855716102744,52.15076843766912,15.466305452683224,68.5702184322415,1.0000000015662054,4.98228971614159,4.863063196580697e-08,43.05139208010584,0.0
AIDC11,77,4.166427858051372,26.07538421883456,15.466305452683224,68.5702184322415,1.0000000000025593,4.982289729181589,3.002043058586423e-11,19.509382317081936,-3.552713678800501e-15
AIDC12,77,8.332855716102744,52.15076843766912,15.466305452683224,68.5702184322415,1.0000000015662054,4.98228971614159,4.863063196580697e-08,43.05139208010584,0.0
AIDC01,78,8.332855716102744,52.15076843766912,15.428197517347389,69.08956140732033,1.0000000015732322,4.982289716083047,4.882777915327097e-08,43.04341106613873,0.0
AIDC02,78,4.166427858051372,26.07538421883456,15.428197517347389,69.08956140732033,1.0000000000025977,4.982289729181432,3.044675622732029e-11,19.505081084675965,-3.552713678800501e-15
AIDC03,78,8.332855716102744,52.15076843766912,15.428197517347389,69.08956140732033,1.0000000015732322,4.982289716083047,4.882777915327097e-08,43.04341106613873,0.0
AIDC04,78,4.166427858051372,26.07538421883456,15.428197517347389,69.08956140732033,1.0000000000025977,4.982289729181432,3.044675622732029e-11,19.505081084675965,-3.552713678800501e-15
AIDC05,78,10.41606964512843,65.18846054708641,15.428197517347389,69.08956140732033,1.0000000437457528,4.982289273534104,1.8010539264423642e-06,55.26124011886094,0.0
AIDC06,78,8.332855716102744,52.15076843766912,15.428197517347389,69.08956140732033,1.0000000015732322,4.982289716083047,4.882777915327097e-08,43.04341106613873,0.0
AIDC07,78,4.166427858051372,26.07538421883456,15.428197517347389,69.08956140732033,1.0000000000025977,4.982289729181432,3.044675622732029e-11,19.505081084675965,-3.552713678800501e-15
AIDC08,78,8.332855716102744,52.15076843766912,15.428197517347389,69.08956140732033,1.0000000015732322,4.982289716083047,4.882777915327097e-08,43.04341106613873,0.0
AIDC09,78,4.166427858051372,26.07538421883456,15.428197517347389,69.08956140732033,1.0000000000025977,4.982289729181432,3.044675622732029e-11,19.505081084675965,-3.552713678800501e-15
AIDC10,78,8.332855716102744,52.15076843766912,15.428197517347389,69.08956140732033,1.0000000015732322,4.982289716083047,4.882777915327097e-08,43.04341106613873,0.0
AIDC11,78,4.166427858051372,26.07538421883456,15.428197517347389,69.08956140732033,1.0000000000025977,4.982289729181432,3.044675622732029e-11,19.505081084675965,-3.552713678800501e-15
AIDC12,78,8.332855716102744,52.15076843766912,15.428197517347389,69.08956140732033,1.0000000015732322,4.982289716083047,4.882777915327097e-08,43.04341106613873,0.0
AIDC01,79,8.332855716102744,52.15076843766912,15.390089582011555,69.60890438239917,1.0000000015802903,4.982289716024242,4.90256581997528e-08,43.03541399624589,-7.105427357601002e-15
AIDC02,79,4.166427858051372,26.07538421883456,15.390089582011555,69.60890438239917,1.0000000000026368,4.982289729181273,3.0880187296133954e-11,19.50090009654503,0.0
AIDC03,79,8.332855716102744,52.15076843766912,15.390089582011555,69.60890438239917,1.0000000015802903,4.982289716024242,4.90256581997528e-08,43.03541399624589,-7.105427357601002e-15
AIDC04,79,4.166427858051372,26.07538421883456,15.390089582011555,69.60890438239917,1.0000000000026368,4.982289729181273,3.0880187296133954e-11,19.50090009654503,0.0
AIDC05,79,10.41606964512843,65.18846054708641,15.390089582011555,69.60890438239917,1.0000000437133671,4.982289273871453,1.7990817866575526e-06,55.25203680631989,0.0
AIDC06,79,8.332855716102744,52.15076843766912,15.390089582011555,69.60890438239917,1.0000000015802903,4.982289716024242,4.90256581997528e-08,43.03541399624589,-7.105427357601002e-15
AIDC07,79,4.166427858051372,26.07538421883456,15.390089582011555,69.60890438239917,1.0000000000026368,4.982289729181273,3.0880187296133954e-11,19.50090009654503,0.0
AIDC08,79,8.332855716102744,52.15076843766912,15.390089582011555,69.60890438239917,1.0000000015802903,4.982289716024242,4.90256581997528e-08,43.03541399624589,-7.105427357601002e-15
AIDC09,79,4.166427858051372,26.07538421883456,15.390089582011555,69.60890438239917,1.0000000000026368,4.982289729181273,3.0880187296133954e-11,19.50090009654503,0.0
AIDC10,79,8.332855716102744,52.15076843766912,15.390089582011555,69.60890438239917,1.0000000015802903,4.982289716024242,4.90256581997528e-08,43.03541399624589,-7.105427357601002e-15
AIDC11,79,4.166427858051372,26.07538421883456,15.390089582011555,69.60890438239917,1.0000000000026368,4.982289729181273,3.0880187296133954e-11,19.50090009654503,0.0
AIDC12,79,8.332855716102744,52.15076843766912,15.390089582011555,69.60890438239917,1.0000000015802903,4.982289716024242,4.90256581997528e-08,43.03541399624589,-7.105427357601002e-15
AIDC01,80,8.332855716102744,52.15076843766912,15.35198164667572,70.128247357478,1.0000000015873807,4.982289715965171,4.922430463238925e-08,43.0274025632161,0.0
AIDC02,80,4.166427858051372,26.07538421883456,15.35198164667572,70.128247357478,1.0000000000026763,4.982289729181113,3.1320723792305216e-11,19.496516687654413,0.0
AIDC03,80,8.332855716102744,52.15076843766912,15.35198164667572,70.128247357478,1.0000000015873807,4.982289715965171,4.922430463238925e-08,43.0274025632161,0.0
AIDC04,80,4.166427858051372,26.07538421883456,15.35198164667572,70.128247357478,1.0000000000026763,4.982289729181113,3.1320723792305216e-11,19.496516687654413,0.0
AIDC05,80,10.41606964512843,65.18846054708641,15.35198164667572,70.128247357478,1.0000000436810053,4.982289274208554,1.797110044776673e-06,55.24281432224515,0.0
AIDC06,80,8.332855716102744,52.15076843766912,15.35198164667572,70.128247357478,1.0000000015873807,4.982289715965171,4.922430463238925e-08,43.0274025632161,0.0
AIDC07,80,4.166427858051372,26.07538421883456,15.35198164667572,70.128247357478,1.0000000000026763,4.982289729181113,3.1320723792305216e-11,19.496516687654413,0.0
AIDC08,80,8.332855716102744,52.15076843766912,15.35198164667572,70.128247357478,1.0000000015873807,4.982289715965171,4.922430463238925e-08,43.0274025632161,0.0
AIDC09,80,4.166427858051372,26.07538421883456,15.35198164667572,70.128247357478,1.0000000000026763,4.982289729181113,3.1320723792305216e-11,19.496516687654413,0.0
AIDC10,80,8.332855716102744,52.15076843766912,15.35198164667572,70.128247357478,1.0000000015873807,4.982289715965171,4.922430463238925e-08,43.0274025632161,0.0
AIDC11,80,4.166427858051372,26.07538421883456,15.35198164667572,70.128247357478,1.0000000000026763,4.982289729181113,3.1320723792305216e-11,19.496516687654413,0.0
AIDC12,80,8.332855716102744,52.15076843766912,15.35198164667572,70.128247357478,1.0000000015873807,4.982289715965171,4.922430463238925e-08,43.0274025632161,0.0
AIDC01,81,8.332855716102744,52.15076843766912,15.297137600921218,70.35676994385976,1.0000000016083204,4.982289715790701,4.984245549621846e-08,43.015844125842904,0.0
AIDC02,81,4.166427858051372,26.07538421883456,15.297137600921218,70.35676994385976,1.0000000000027527,4.982289729180799,3.217692778889614e-11,19.490443650128057,0.0
AIDC03,81,8.332855716102744,52.15076843766912,15.297137600921218,70.35676994385976,1.0000000016083204,4.982289715790701,4.984245549621846e-08,43.015844125842904,0.0
AIDC04,81,4.166427858051372,26.07538421883456,15.297137600921218,70.35676994385976,1.0000000000027527,4.982289729180799,3.217692778889614e-11,19.490443650128057,0.0
AIDC05,81,10.41606964512843,65.18846054708641,15.297137600921218,70.35676994385976,1.0000000439261647,4.982289271654988,1.806267576398568e-06,55.229507776277956,0.0
AIDC06,81,8.332855716102744,52.15076843766912,15.297137600921218,70.35676994385976,1.0000000016083204,4.982289715790701,4.984245549621846e-08,43.015844125842904,0.0
AIDC07,81,4.166427858051372,26.07538421883456,15.297137600921218,70.35676994385976,1.0000000000027527,4.982289729180799,3.217692778889614e-11,19.490443650128057,0.0
AIDC08,81,8.332855716102744,52.15076843766912,15.297137600921218,70.35676994385976,1.0000000016083204,4.982289715790701,4.984245549621846e-08,43.015844125842904,0.0
AIDC09,81,4.166427858051372,26.07538421883456,15.297137600921218,70.35676994385976,1.0000000000027527,4.982289729180799,3.217692778889614e-11,19.490443650128057,0.0
AIDC10,81,8.332855716102744,52.15076843766912,15.297137600921218,70.35676994385976,1.0000000016083204,4.982289715790701,4.984245549621846e-08,43.015844125842904,0.0
AIDC11,81,4.166427858051372,26.07538421883456,15.297137600921218,70.35676994385976,1.0000000000027527,4.982289729180799,3.217692778889614e-11,19.490443650128057,0.0
AIDC12,81,8.332855716102744,52.15076843766912,15.297137600921218,70.35676994385976,1.0000000016083204,4.982289715790701,4.984245549621846e-08,43.015844125842904,0.0
AIDC01,82,8.332855716102744,52.15076843766912,15.242293555166714,70.5852925302415,1.0000000016295363,4.982289715613932,5.04682446944571e-08,43.00425316006708,0.0
AIDC02,82,4.166427858051372,26.07538421883456,15.242293555166714,70.5852925302415,1.0000000000028308,4.982289729180481,3.305444806755986e-11,19.48383364172502,-3.552713678800501e-15
AIDC03,82,8.332855716102744,52.15076843766912,15.242293555166714,70.5852925302415,1.0000000016295363,4.982289715613932,5.04682446944571e-08,43.00425316006708,0.0
AIDC04,82,4.166427858051372,26.07538421883456,15.242293555166714,70.5852925302415,1.0000000000028308,4.982289729180481,3.305444806755986e-11,19.48383364172502,-3.552713678800501e-15
AIDC05,82,10.41606964512843,65.18846054708641,15.242293555166714,70.5852925302415,1.0000000441727002,4.98228926908709,1.8154680532234124e-06,55.21616125352533,0.0
AIDC06,82,8.332855716102744,52.15076843766912,15.242293555166714,70.5852925302415,1.0000000016295363,4.982289715613932,5.04682446944571e-08,43.00425316006708,0.0
AIDC07,82,4.166427858051372,26.07538421883456,15.242293555166714,70.5852925302415,1.0000000000028308,4.982289729180481,3.305444806755986e-11,19.48383364172502,-3.552713678800501e-15
AIDC08,82,8.332855716102744,52.15076843766912,15.242293555166714,70.5852925302415,1.0000000016295363,4.982289715613932,5.04682446944571e-08,43.00425316006708,0.0
AIDC09,82,4.166427858051372,26.07538421883456,15.242293555166714,70.5852925302415,1.0000000000028308,4.982289729180481,3.305444806755986e-11,19.48383364172502,-3.552713678800501e-15
AIDC10,82,8.332855716102744,52.15076843766912,15.242293555166714,70.5852925302415,1.0000000016295363,4.982289715613932,5.04682446944571e-08,43.00425316006708,0.0
AIDC11,82,4.166427858051372,26.07538421883456,15.242293555166714,70.5852925302415,1.0000000000028308,4.982289729180481,3.305444806755986e-11,19.48383364172502,-3.552713678800501e-15
AIDC12,82,8.332855716102744,52.15076843766912,15.242293555166714,70.5852925302415,1.0000000016295363,4.982289715613932,5.04682446944571e-08,43.00425316006708,0.0
AIDC01,83,8.332855716102744,52.15076843766912,15.187449509412213,70.81381511662326,1.0000000016510322,4.982289715434829,5.110177170308816e-08,42.99262982326293,0.0
AIDC02,83,4.166427858051372,26.07538421883456,15.187449509412213,70.81381511662326,1.0000000000029114,4.98228972918015,3.395328462829639e-11,19.47749650474986,-3.552713678800501e-15
AIDC03,83,8.332855716102744,52.15076843766912,15.187449509412213,70.81381511662326,1.0000000016510322,4.982289715434829,5.110177170308816e-08,42.99262982326293,0.0
AIDC04,83,4.166427858051372,26.07538421883456,15.187449509412213,70.81381511662326,1.0000000000029114,4.98228972918015,3.395328462829639e-11,19.47749650474986,-3.552713678800501e-15
AIDC05,83,10.41606964512843,65.18846054708641,15.187449509412213,70.81381511662326,1.0000000444206196,4.982289266504777,1.8247116386760354e-06,55.20277459196976,0.0
AIDC06,83,8.332855716102744,52.15076843766912,15.187449509412213,70.81381511662326,1.0000000016510322,4.982289715434829,5.110177170308816e-08,42.99262982326293,0.0
AIDC07,83,4.166427858051372,26.07538421883456,15.187449509412213,70.81381511662326,1.0000000000029114,4.98228972918015,3.395328462829639e-11,19.47749650474986,-3.552713678800501e-15
AIDC08,83,8.332855716102744,52.15076843766912,15.187449509412213,70.81381511662326,1.0000000016510322,4.982289715434829,5.110177170308816e-08,42.99262982326293,0.0
AIDC09,83,4.166427858051372,26.07538421883456,15.187449509412213,70.81381511662326,1.0000000000029114,4.98228972918015,3.395328462829639e-11,19.47749650474986,-3.552713678800501e-15
AIDC10,83,8.332855716102744,52.15076843766912,15.187449509412213,70.81381511662326,1.0000000016510322,4.982289715434829,5.110177170308816e-08,42.99262982326293,0.0
AIDC11,83,4.166427858051372,26.07538421883456,15.187449509412213,70.81381511662326,1.0000000000029114,4.98228972918015,3.395328462829639e-11,19.47749650474986,-3.552713678800501e-15
AIDC12,83,8.332855716102744,52.15076843766912,15.187449509412213,70.81381511662326,1.0000000016510322,4.982289715434829,5.110177170308816e-08,42.99262982326293,0.0
AIDC01,84,8.332855716102744,52.15076843766912,15.132605463657711,71.04233770300502,1.0000000016728114,4.982289715253367,5.174310047095787e-08,42.98097316579107,0.0
AIDC02,84,4.166427858051372,26.07538421883456,15.132605463657711,71.04233770300502,1.0000000000029945,4.982289729179811,3.488054289846332e-11,19.47133218768971,-3.552713678800501e-15
AIDC03,84,8.332855716102744,52.15076843766912,15.132605463657711,71.04233770300502,1.0000000016728114,4.982289715253367,5.174310047095787e-08,42.98097316579107,0.0
AIDC04,84,4.166427858051372,26.07538421883456,15.132605463657711,71.04233770300502,1.0000000000029945,4.982289729179811,3.488054289846332e-11,19.47133218768971,-3.552713678800501e-15
AIDC05,84,10.41606964512843,65.18846054708641,15.132605463657711,71.04233770300502,1.00000004466993,4.982289263907981,1.8339984606541293e-06,55.18934753218224,0.0
AIDC06,84,8.332855716102744,52.15076843766912,15.132605463657711,71.04233770300502,1.0000000016728114,4.982289715253367,5.174310047095787e-08,42.98097316579107,0.0
AIDC07,84,4.166427858051372,26.07538421883456,15.132605463657711,71.04233770300502,1.0000000000029945,4.982289729179811,3.488054289846332e-11,19.47133218768971,-3.552713678800501e-15
AIDC08,84,8.332855716102744,52.15076843766912,15.132605463657711,71.04233770300502,1.0000000016728114,4.982289715253367,5.174310047095787e-08,42.98097316579107,0.0
AIDC09,84,4.166427858051372,26.07538421883456,15.132605463657711,71.04233770300502,1.0000000000029945,4.982289729179811,3.488054289846332e-11,19.47133218768971,-3.552713678800501e-15
AIDC10,84,8.332855716102744,52.15076843766912,15.132605463657711,71.04233770300502,1.0000000016728114,4.982289715253367,5.174310047095787e-08,42.98097316579107,0.0
AIDC11,84,4.166427858051372,26.07538421883456,15.132605463657711,71.04233770300502,1.0000000000029945,4.982289729179811,3.488054289846332e-11,19.47133218768971,-3.552713678800501e-15
AIDC12,84,8.332855716102744,52.15076843766912,15.132605463657711,71.04233770300502,1.0000000016728114,4.982289715253367,5.174310047095787e-08,42.98097316579107,0.0
AIDC01,85,8.332855716102744,52.15076843766912,15.08576954461265,70.93167713269432,1.0000000016982935,4.98228971504105,5.250280565860521e-08,42.97099285474505,0.0
AIDC02,85,4.166427858051372,26.07538421883456,15.08576954461265,70.93167713269432,1.0000000000030793,4.982289729179467,3.583622287806065e-11,19.46601489285434,0.0
AIDC03,85,8.332855716102744,52.15076843766912,15.08576954461265,70.93167713269432,1.0000000016982935,4.98228971504105,5.250280565860521e-08,42.97099285474505,0.0
AIDC04,85,4.166427858051372,26.07538421883456,15.08576954461265,70.93167713269432,1.0000000000030793,4.982289729179467,3.583622287806065e-11,19.46601489285434,0.0
AIDC05,85,10.41606964512843,65.18846054708641,15.08576954461265,70.93167713269432,1.0000000450605337,4.982289259839458,1.849210562454573e-06,55.177848992896116,0.0
AIDC06,85,8.332855716102744,52.15076843766912,15.08576954461265,70.93167713269432,1.0000000016982935,4.98228971504105,5.250280565860521e-08,42.97099285474505,0.0
AIDC07,85,4.166427858051372,26.07538421883456,15.08576954461265,70.93167713269432,1.0000000000030793,4.982289729179467,3.583622287806065e-11,19.46601489285434,0.0
AIDC08,85,8.332855716102744,52.15076843766912,15.08576954461265,70.93167713269432,1.0000000016982935,4.98228971504105,5.250280565860521e-08,42.97099285474505,0.0
AIDC09,85,4.166427858051372,26.07538421883456,15.08576954461265,70.93167713269432,1.0000000000030793,4.982289729179467,3.583622287806065e-11,19.46601489285434,0.0
AIDC10,85,8.332855716102744,52.15076843766912,15.08576954461265,70.93167713269432,1.0000000016982935,4.98228971504105,5.250280565860521e-08,42.97099285474505,0.0
AIDC11,85,4.166427858051372,26.07538421883456,15.08576954461265,70.93167713269432,1.0000000000030793,4.982289729179467,3.583622287806065e-11,19.46601489285434,0.0
AIDC12,85,8.332855716102744,52.15076843766912,15.08576954461265,70.93167713269432,1.0000000016982935,4.98228971504105,5.250280565860521e-08,42.97099285474505,0.0
AIDC01,86,8.332855716102744,52.15076843766912,15.038933625567585,70.82101656238362,1.0000000017241637,4.982289714825498,5.327357399664834e-08,42.96098835492528,0.0
AIDC02,86,4.166427858051372,26.07538421883456,15.038933625567585,70.82101656238362,1.0000000000031664,4.9822897291791115,3.680966642605199e-11,19.460475880916597,0.0
AIDC03,86,8.332855716102744,52.15076843766912,15.038933625567585,70.82101656238362,1.0000000017241637,4.982289714825498,5.327357399664834e-08,42.96098835492528,0.0
AIDC04,86,4.166427858051372,26.07538421883456,15.038933625567585,70.82101656238362,1.0000000000031664,4.9822897291791115,3.680966642605199e-11,19.460475880916597,0.0
AIDC05,86,10.41606964512843,65.18846054708641,15.038933625567585,70.82101656238362,1.0000000454545523,4.98228925573537,1.8645459505250983e-06,55.166320714859324,0.0
AIDC06,86,8.332855716102744,52.15076843766912,15.038933625567585,70.82101656238362,1.0000000017241637,4.982289714825498,5.327357399664834e-08,42.96098835492528,0.0
AIDC07,86,4.166427858051372,26.07538421883456,15.038933625567585,70.82101656238362,1.0000000000031664,4.9822897291791115,3.680966642605199e-11,19.460475880916597,0.0
AIDC08,86,8.332855716102744,52.15076843766912,15.038933625567585,70.82101656238362,1.0000000017241637,4.982289714825498,5.327357399664834e-08,42.96098835492528,0.0
AIDC09,86,4.166427858051372,26.07538421883456,15.038933625567585,70.82101656238362,1.0000000000031664,4.9822897291791115,3.680966642605199e-11,19.460475880916597,0.0
AIDC10,86,8.332855716102744,52.15076843766912,15.038933625567585,70.82101656238362,1.0000000017241637,4.982289714825498,5.327357399664834e-08,42.96098835492528,0.0
AIDC11,86,4.166427858051372,26.07538421883456,15.038933625567585,70.82101656238362,1.0000000000031664,4.9822897291791115,3.680966642605199e-11,19.460475880916597,0.0
AIDC12,86,8.332855716102744,52.15076843766912,15.038933625567585,70.82101656238362,1.0000000017241637,4.982289714825498,5.327357399664834e-08,42.96098835492528,0.0
AIDC01,87,8.332855716102744,52.15076843766912,14.992097706522522,70.71035599207293,1.0000000017504278,4.982289714606665,5.40555475936344e-08,42.95095928390316,-7.105427357601002e-15
AIDC02,87,4.166427858051372,26.07538421883456,14.992097706522522,70.71035599207293,1.000000000003256,4.9822897291787465,3.781863711083133e-11,19.45516334142316,0.0
AIDC03,87,8.332855716102744,52.15076843766912,14.992097706522522,70.71035599207293,1.0000000017504278,4.982289714606665,5.40555475936344e-08,42.95095928390316,-7.105427357601002e-15
AIDC04,87,4.166427858051372,26.07538421883456,14.992097706522522,70.71035599207293,1.000000000003256,4.9822897291787465,3.781863711083133e-11,19.45516334142316,0.0
AIDC05,87,10.41606964512843,65.18846054708641,14.992097706522522,70.71035599207293,1.0000000458520169,4.98228925159539,1.8800056551526723e-06,55.15476268106735,0.0
AIDC06,87,8.332855716102744,52.15076843766912,14.992097706522522,70.71035599207293,1.0000000017504278,4.982289714606665,5.40555475936344e-08,42.95095928390316,-7.105427357601002e-15
AIDC07,87,4.166427858051372,26.07538421883456,14.992097706522522,70.71035599207293,1.000000000003256,4.9822897291787465,3.781863711083133e-11,19.45516334142316,0.0
AIDC08,87,8.332855716102744,52.15076843766912,14.992097706522522,70.71035599207293,1.0000000017504278,4.982289714606665,5.40555475936344e-08,42.95095928390316,-7.105427357601002e-15
AIDC09,87,4.166427858051372,26.07538421883456,14.992097706522522,70.71035599207293,1.000000000003256,4.9822897291787465,3.781863711083133e-11,19.45516334142316,0.0
AIDC10,87,8.332855716102744,52.15076843766912,14.992097706522522,70.71035599207293,1.0000000017504278,4.982289714606665,5.40555475936344e-08,42.95095928390316,-7.105427357601002e-15
AIDC11,87,4.166427858051372,26.07538421883456,14.992097706522522,70.71035599207293,1.000000000003256,4.9822897291787465,3.781863711083133e-11,19.45516334142316,0.0
AIDC12,87,8.332855716102744,52.15076843766912,14.992097706522522,70.71035599207293,1.0000000017504278,4.982289714606665,5.40555475936344e-08,42.95095928390316,-7.105427357601002e-15
AIDC01,88,8.332855716102744,52.15076843766912,14.94526178747746,70.59969542176223,1.0000000017770923,4.982289714384498,5.484889697981998e-08,42.94090648818971,0.0
AIDC02,88,4.166427858051372,26.07538421883456,14.94526178747746,70.59969542176223,1.0000000000033482,4.98228972917837,3.884537136400468e-11,19.449733113871098,-3.552713678800501e-15
AIDC03,88,8.332855716102744,52.15076843766912,14.94526178747746,70.59969542176223,1.0000000017770923,4.982289714384498,5.484889697981998e-08,42.94090648818971,0.0
AIDC04,88,4.166427858051372,26.07538421883456,14.94526178747746,70.59969542176223,1.0000000000033482,4.98228972917837,3.884537136400468e-11,19.449733113871098,-3.552713678800501e-15
AIDC05,88,10.41606964512843,65.18846054708641,14.94526178747746,70.59969542176223,1.0000000462529568,4.98228924741921,1.8955906000428513e-06,55.14317472420878,0.0
AIDC06,88,8.332855716102744,52.15076843766912,14.94526178747746,70.59969542176223,1.0000000017770923,4.982289714384498,5.484889697981998e-08,42.94090648818971,0.0
AIDC07,88,4.166427858051372,26.07538421883456,14.94526178747746,70.59969542176223,1.0000000000033482,4.98228972917837,3.884537136400468e-11,19.449733113871098,-3.552713678800501e-15
AIDC08,88,8.332855716102744,52.15076843766912,14.94526178747746,70.59969542176223,1.0000000017770923,4.982289714384498,5.484889697981998e-08,42.94090648818971,0.0
AIDC09,88,4.166427858051372,26.07538421883456,14.94526178747746,70.59969542176223,1.0000000000033482,4.98228972917837,3.884537136400468e-11,19.449733113871098,-3.552713678800501e-15
AIDC10,88,8.332855716102744,52.15076843766912,14.94526178747746,70.59969542176223,1.0000000017770923,4.982289714384498,5.484889697981998e-08,42.94090648818971,0.0
AIDC11,88,4.166427858051372,26.07538421883456,14.94526178747746,70.59969542176223,1.0000000000033482,4.98228972917837,3.884537136400468e-11,19.449733113871098,-3.552713678800501e-15
AIDC12,88,8.332855716102744,52.15076843766912,14.94526178747746,70.59969542176223,1.0000000017770923,4.982289714384498,5.484889697981998e-08,42.94090648818971,0.0
AIDC01,89,8.332855716102744,52.15076843766912,14.889003096379891,70.26471830749388,1.0000000018143593,4.9822897140739855,5.596211138936269e-08,42.92879816197902,-7.105427357601002e-15
AIDC02,89,4.166427858051372,26.07538421883456,14.889003096379891,70.26471830749388,1.0000000000034712,4.982289729177868,4.022737698505807e-11,19.443067749194313,-3.552713678800501e-15
AIDC03,89,8.332855716102744,52.15076843766912,14.889003096379891,70.26471830749388,1.0000000018143593,4.9822897140739855,5.596211138936269e-08,42.92879816197902,-7.105427357601002e-15
AIDC04,89,4.166427858051372,26.07538421883456,14.889003096379891,70.26471830749388,1.0000000000034712,4.982289729177868,4.022737698505807e-11,19.443067749194313,-3.552713678800501e-15
AIDC05,89,10.41606964512843,65.18846054708641,14.889003096379891,70.26471830749388,1.0000000468606123,4.98228924108988,1.9194512077547188e-06,55.12921566308165,-1.4210854715202004e-14
AIDC06,89,8.332855716102744,52.15076843766912,14.889003096379891,70.26471830749388,1.0000000018143593,4.9822897140739855,5.596211138936269e-08,42.92879816197902,-7.105427357601002e-15
AIDC07,89,4.166427858051372,26.07538421883456,14.889003096379891,70.26471830749388,1.0000000000034712,4.982289729177868,4.022737698505807e-11,19.443067749194313,-3.552713678800501e-15
AIDC08,89,8.332855716102744,52.15076843766912,14.889003096379891,70.26471830749388,1.0000000018143593,4.9822897140739855,5.596211138936269e-08,42.92879816197902,-7.105427357601002e-15
AIDC09,89,4.166427858051372,26.07538421883456,14.889003096379891,70.26471830749388,1.0000000000034712,4.982289729177868,4.022737698505807e-11,19.443067749194313,-3.552713678800501e-15
AIDC10,89,8.332855716102744,52.15076843766912,14.889003096379891,70.26471830749388,1.0000000018143593,4.9822897140739855,5.596211138936269e-08,42.92879816197902,-7.105427357601002e-15
AIDC11,89,4.166427858051372,26.07538421883456,14.889003096379891,70.26471830749388,1.0000000000034712,4.982289729177868,4.022737698505807e-11,19.443067749194313,-3.552713678800501e-15
AIDC12,89,8.332855716102744,52.15076843766912,14.889003096379891,70.26471830749388,1.0000000018143593,4.9822897140739855,5.596211138936269e-08,42.92879816197902,-7.105427357601002e-15
AIDC01,90,8.332855716102744,52.15076843766912,14.832744405282323,69.92974119322552,1.0000000018524082,4.982289713756964,5.7097778949355416e-08,42.916655119023574,-7.105427357601002e-15
AIDC02,90,4.166427858051372,26.07538421883456,14.832744405282323,69.92974119322552,1.0000000000035991,4.982289729177346,4.1659120597614674e-11,19.43677304011095,0.0
AIDC03,90,8.332855716102744,52.15076843766912,14.832744405282323,69.92974119322552,1.0000000018524082,4.982289713756964,5.7097778949355416e-08,42.916655119023574,-7.105427357601002e-15
AIDC04,90,4.166427858051372,26.07538421883456,14.832744405282323,69.92974119322552,1.0000000000035991,4.982289729177346,4.1659120597614674e-11,19.43677304011095,0.0
AIDC05,90,10.41606964512843,65.18846054708641,14.832744405282323,69.92974119322552,1.0000000474762512,4.982289234677399,1.9436077849377398e-06,55.115213074826855,-1.4210854715202004e-14
AIDC06,90,8.332855716102744,52.15076843766912,14.832744405282323,69.92974119322552,1.0000000018524082,4.982289713756964,5.7097778949355416e-08,42.916655119023574,-7.105427357601002e-15
AIDC07,90,4.166427858051372,26.07538421883456,14.832744405282323,69.92974119322552,1.0000000000035991,4.982289729177346,4.1659120597614674e-11,19.43677304011095,0.0
AIDC08,90,8.332855716102744,52.15076843766912,14.832744405282323,69.92974119322552,1.0000000018524082,4.982289713756964,5.7097778949355416e-08,42.916655119023574,-7.105427357601002e-15
AIDC09,90,4.166427858051372,26.07538421883456,14.832744405282323,69.92974119322552,1.0000000000035991,4.982289729177346,4.1659120597614674e-11,19.43677304011095,0.0
AIDC10,90,8.332855716102744,52.15076843766912,14.832744405282323,69.92974119322552,1.0000000018524082,4.982289713756964,5.7097778949355416e-08,42.916655119023574,-7.105427357601002e-15
AIDC11,90,4.166427858051372,26.07538421883456,14.832744405282323,69.92974119322552,1.0000000000035991,4.982289729177346,4.1659120597614674e-11,19.43677304011095,0.0
AIDC12,90,8.332855716102744,52.15076843766912,14.832744405282323,69.92974119322552,1.0000000018524082,4.982289713756964,5.7097778949355416e-08,42.916655119023574,-7.105427357601002e-15
AIDC01,91,8.332855716102744,52.15076843766912,14.776485714184753,69.59476407895717,1.000000001891255,4.982289713433294,5.8256325985439616e-08,42.90447637147105,-7.105427357601002e-15
AIDC02,91,4.166427858051372,26.07538421883456,14.776485714184753,69.59476407895717,1.0000000000037315,4.982289729176805,4.313704948799568e-11,19.430194503488345,0.0
AIDC03,91,8.332855716102744,52.15076843766912,14.776485714184753,69.59476407895717,1.000000001891255,4.982289713433294,5.8256325985439616e-08,42.90447637147105,-7.105427357601002e-15
AIDC04,91,4.166427858051372,26.07538421883456,14.776485714184753,69.59476407895717,1.0000000000037315,4.982289729176805,4.313704948799568e-11,19.430194503488345,0.0
AIDC05,91,10.41606964512843,65.18846054708641,14.776485714184753,69.59476407895717,1.000000048099978,4.982289228180674,1.9680638914110204e-06,55.101166727108236,0.0
AIDC06,91,8.332855716102744,52.15076843766912,14.776485714184753,69.59476407895717,1.000000001891255,4.982289713433294,5.8256325985439616e-08,42.90447637147105,-7.105427357601002e-15
AIDC07,91,4.166427858051372,26.07538421883456,14.776485714184753,69.59476407895717,1.0000000000037315,4.982289729176805,4.313704948799568e-11,19.430194503488345,0.0
AIDC08,91,8.332855716102744,52.15076843766912,14.776485714184753,69.59476407895717,1.000000001891255,4.982289713433294,5.8256325985439616e-08,42.90447637147105,-7.105427357601002e-15
AIDC09,91,4.166427858051372,26.07538421883456,14.776485714184753,69.59476407895717,1.0000000000037315,4.982289729176805,4.313704948799568e-11,19.430194503488345,0.0
AIDC10,91,8.332855716102744,52.15076843766912,14.776485714184753,69.59476407895717,1.000000001891255,4.982289713433294,5.8256325985439616e-08,42.90447637147105,-7.105427357601002e-15
AIDC11,91,4.166427858051372,26.07538421883456,14.776485714184753,69.59476407895717,1.0000000000037315,4.982289729176805,4.313704948799568e-11,19.430194503488345,0.0
AIDC12,91,8.332855716102744,52.15076843766912,14.776485714184753,69.59476407895717,1.000000001891255,4.982289713433294,5.8256325985439616e-08,42.90447637147105,-7.105427357601002e-15
AIDC01,92,8.332855716102744,52.15076843766912,14.720227023087185,69.25978696468881,1.0000000019309163,4.982289713102837,5.943820013953882e-08,42.89226205586618,0.0
AIDC02,92,4.166427858051372,26.07538421883456,14.720227023087185,69.25978696468881,1.0000000000038687,4.982289729176247,4.46718217972375e-11,19.42362367271526,0.0
AIDC03,92,8.332855716102744,52.15076843766912,14.720227023087185,69.25978696468881,1.0000000019309163,4.982289713102837,5.943820013953882e-08,42.89226205586618,0.0
AIDC04,92,4.166427858051372,26.07538421883456,14.720227023087185,69.25978696468881,1.0000000000038687,4.982289729176247,4.46718217972375e-11,19.42362367271526,0.0
AIDC05,92,10.41606964512843,65.18846054708641,14.720227023087185,69.25978696468881,1.0000000487318994,4.982289221598595,1.9928231793642226e-06,55.08707643539553,0.0
AIDC06,92,8.332855716102744,52.15076843766912,14.720227023087185,69.25978696468881,1.0000000019309163,4.982289713102837,5.943820013953882e-08,42.89226205586618,0.0
AIDC07,92,4.166427858051372,26.07538421883456,14.720227023087185,69.25978696468881,1.0000000000038687,4.982289729176247,4.46718217972375e-11,19.42362367271526,0.0
AIDC08,92,8.332855716102744,52.15076843766912,14.720227023087185,69.25978696468881,1.0000000019309163,4.982289713102837,5.943820013953882e-08,42.89226205586618,0.0
AIDC09,92,4.166427858051372,26.07538421883456,14.720227023087185,69.25978696468881,1.0000000000038687,4.982289729176247,4.46718217972375e-11,19.42362367271526,0.0
AIDC10,92,8.332855716102744,52.15076843766912,14.720227023087185,69.25978696468881,1.0000000019309163,4.982289713102837,5.943820013953882e-08,42.89226205586618,0.0
AIDC11,92,4.166427858051372,26.07538421883456,14.720227023087185,69.25978696468881,1.0000000000038687,4.982289729176247,4.46718217972375e-11,19.42362367271526,0.0
AIDC12,92,8.332855716102744,52.15076843766912,14.720227023087185,69.25978696468881,1.0000000019309163,4.982289713102837,5.943820013953882e-08,42.89226205586618,0.0
AIDC01,93,8.332855716102744,52.15076843766912,14.680199046888225,68.87769009950759,1.0000000019632613,4.982289712833339,6.040497169124137e-08,42.883549822186495,0.0
AIDC02,93,4.166427858051372,26.07538421883456,14.680199046888225,68.87769009950759,1.0000000000039766,4.982289729175807,4.587619173435087e-11,19.41883162846097,0.0
AIDC03,93,8.332855716102744,52.15076843766912,14.680199046888225,68.87769009950759,1.0000000019632613,4.982289712833339,6.040497169124137e-08,42.883549822186495,0.0
AIDC04,93,4.166427858051372,26.07538421883456,14.680199046888225,68.87769009950759,1.0000000000039766,4.982289729175807,4.587619173435087e-11,19.41883162846097,0.0
AIDC05,93,10.41606964512843,65.18846054708641,14.680199046888225,68.87769009950759,1.0000000492774348,4.982289215916309,2.014340765299494e-06,55.07702431136741,0.0
AIDC06,93,8.332855716102744,52.15076843766912,14.680199046888225,68.87769009950759,1.0000000019632613,4.982289712833339,6.040497169124137e-08,42.883549822186495,0.0
AIDC07,93,4.166427858051372,26.07538421883456,14.680199046888225,68.87769009950759,1.0000000000039766,4.982289729175807,4.587619173435087e-11,19.41883162846097,0.0
AIDC08,93,8.332855716102744,52.15076843766912,14.680199046888225,68.87769009950759,1.0000000019632613,4.982289712833339,6.040497169124137e-08,42.883549822186495,0.0
AIDC09,93,4.166427858051372,26.07538421883456,14.680199046888225,68.87769009950759,1.0000000000039766,4.982289729175807,4.587619173435087e-11,19.41883162846097,0.0
AIDC10,93,8.332855716102744,52.15076843766912,14.680199046888225,68.87769009950759,1.0000000019632613,4.982289712833339,6.040497169124137e-08,42.883549822186495,0.0
AIDC11,93,4.166427858051372,26.07538421883456,14.680199046888225,68.87769009950759,1.0000000000039766,4.982289729175807,4.587619173435087e-11,19.41883162846097,0.0
AIDC12,93,8.332855716102744,52.15076843766912,14.680199046888225,68.87769009950759,1.0000000019632613,4.982289712833339,6.040497169124137e-08,42.883549822186495,0.0
AIDC01,94,8.332855716102744,52.15076843766912,14.640171070689266,68.49559323432635,1.0000000019961481,4.982289712559327,6.138738939398536e-08,42.87481936782066,0.0
AIDC02,94,4.166427858051372,26.07538421883456,14.640171070689266,68.49559323432635,1.0000000000040878,4.982289729175354,4.7119641521931044e-11,19.414330954443045,0.0
AIDC03,94,8.332855716102744,52.15076843766912,14.640171070689266,68.49559323432635,1.0000000019961481,4.982289712559327,6.138738939398536e-08,42.87481936782066,0.0
AIDC04,94,4.166427858051372,26.07538421883456,14.640171070689266,68.49559323432635,1.0000000000040878,4.982289729175354,4.7119641521931044e-11,19.414330954443045,0.0
AIDC05,94,10.41606964512843,65.18846054708641,14.640171070689266,68.49559323432635,1.000000049829077,4.982289210170412,2.0360882899694843e-06,55.06694973558521,-1.4210854715202004e-14
AIDC06,94,8.332855716102744,52.15076843766912,14.640171070689266,68.49559323432635,1.0000000019961481,4.982289712559327,6.138738939398536e-08,42.87481936782066,0.0
AIDC07,94,4.166427858051372,26.07538421883456,14.640171070689266,68.49559323432635,1.0000000000040878,4.982289729175354,4.7119641521931044e-11,19.414330954443045,0.0
AIDC08,94,8.332855716102744,52.15076843766912,14.640171070689266,68.49559323432635,1.0000000019961481,4.982289712559327,6.138738939398536e-08,42.87481936782066,0.0
AIDC09,94,4.166427858051372,26.07538421883456,14.640171070689266,68.49559323432635,1.0000000000040878,4.982289729175354,4.7119641521931044e-11,19.414330954443045,0.0
AIDC10,94,8.332855716102744,52.15076843766912,14.640171070689266,68.49559323432635,1.0000000019961481,4.982289712559327,6.138738939398536e-08,42.87481936782066,0.0
AIDC11,94,4.166427858051372,26.07538421883456,14.640171070689266,68.49559323432635,1.0000000000040878,4.982289729175354,4.7119641521931044e-11,19.414330954443045,0.0
AIDC12,94,8.332855716102744,52.15076843766912,14.640171070689266,68.49559323432635,1.0000000019961481,4.982289712559327,6.138738939398536e-08,42.87481936782066,0.0
AIDC01,95,8.332855716102744,52.15076843766912,14.600143094490306,68.11349636914512,1.0000000020295858,4.982289712280723,6.238568772687358e-08,42.86607069067037,0.0
AIDC02,95,4.166427858051372,26.07538421883456,14.600143094490306,68.11349636914512,1.000000000004202,4.982289729174887,4.839151301894162e-11,19.409621825610813,0.0
AIDC03,95,8.332855716102744,52.15076843766912,14.600143094490306,68.11349636914512,1.0000000020295858,4.982289712280723,6.238568772687358e-08,42.86607069067037,0.0
AIDC04,95,4.166427858051372,26.07538421883456,14.600143094490306,68.11349636914512,1.000000000004202,4.982289729174887,4.839151301894162e-11,19.409621825610813,0.0
AIDC05,95,10.41606964512843,65.18846054708641,14.600143094490306,68.11349636914512,1.000000050386895,4.982289204360189,2.0580682047466325e-06,55.056852666849196,0.0
AIDC06,95,8.332855716102744,52.15076843766912,14.600143094490306,68.11349636914512,1.0000000020295858,4.982289712280723,6.238568772687358e-08,42.86607069067037,0.0
AIDC07,95,4.166427858051372,26.07538421883456,14.600143094490306,68.11349636914512,1.000000000004202,4.982289729174887,4.839151301894162e-11,19.409621825610813,0.0
AIDC08,95,8.332855716102744,52.15076843766912,14.600143094490306,68.11349636914512,1.0000000020295858,4.982289712280723,6.238568772687358e-08,42.86607069067037,0.0
AIDC09,95,4.166427858051372,26.07538421883456,14.600143094490306,68.11349636914512,1.000000000004202,4.982289729174887,4.839151301894162e-11,19.409621825610813,0.0
AIDC10,95,8.332855716102744,52.15076843766912,14.600143094490306,68.11349636914512,1.0000000020295858,4.982289712280723,6.238568772687358e-08,42.86607069067037,0.0
AIDC11,95,4.166427858051372,26.07538421883456,14.600143094490306,68.11349636914512,1.000000000004202,4.982289729174887,4.839151301894162e-11,19.409621825610813,0.0
AIDC12,95,8.332855716102744,52.15076843766912,14.600143094490306,68.11349636914512,1.0000000020295858,4.982289712280723,6.238568772687358e-08,42.86607069067037,0.0
