job_uid,B0_site,B1_site,B0_start,B1_start,GPU,service_slots,allowed_starts,fixed_domain,B0_point_in_domain,reason
9017248,AIDC01,AIDC10,0,78,60,5,"[78, 79, 80, 81, 82, 83, 84, 85, 86, 87, 88, 89, 90, 91, 92, 93, 94, 95, 96, 97, 98, 99, 100, 101, 102, 103, 104, 105, 106, 107, 108, 109, 110, 111, 112, 113, 114, 115, 116, 117, 118, 119]",False,False,NONZERO_PRESTART_RELOCATION_RELATIVE_TO_PR134_R0;NONZERO_TIMESHIFT_RELATIVE_TO_PR134_R0;B0_START_SITE_ABSENT_COMPLETE_PR134_DOMAIN
9017740,AIDC01,AIDC01,0,0,8,2,[0],False,True,
9017741,AIDC01,AIDC02,0,0,8,2,[0],False,True,NONZERO_PRESTART_RELOCATION_RELATIVE_TO_PR134_R0
9017742,AIDC02,AIDC03,0,0,8,2,[0],False,True,NONZERO_PRESTART_RELOCATION_RELATIVE_TO_PR134_R0
9017743,AIDC02,AIDC03,0,0,8,2,[0],False,True,NONZERO_PRESTART_RELOCATION_RELATIVE_TO_PR134_R0
9017744,AIDC02,AIDC03,0,0,8,2,[0],False,True,NONZERO_PRESTART_RELOCATION_RELATIVE_TO_PR134_R0
9017745,AIDC02,AIDC03,0,0,8,2,[0],False,True,NONZERO_PRESTART_RELOCATION_RELATIVE_TO_PR134_R0
9017746,AIDC02,AIDC03,0,0,8,2,[0],False,True,NONZERO_PRESTART_RELOCATION_RELATIVE_TO_PR134_R0
9017747,AIDC03,AIDC03,0,0,8,2,[0],False,True,
9017748,AIDC03,AIDC04,0,0,8,2,[0],False,True,NONZERO_PRESTART_RELOCATION_RELATIVE_TO_PR134_R0
9017749,AIDC03,AIDC05,0,0,8,2,[0],False,True,NONZERO_PRESTART_RELOCATION_RELATIVE_TO_PR134_R0
9017750,AIDC03,AIDC05,0,0,8,2,[0],False,True,NONZERO_PRESTART_RELOCATION_RELATIVE_TO_PR134_R0
9017751,AIDC03,AIDC05,0,0,8,2,[0],False,True,NONZERO_PRESTART_RELOCATION_RELATIVE_TO_PR134_R0
9017752,AIDC03,AIDC06,0,0,8,2,[0],False,True,NONZERO_PRESTART_RELOCATION_RELATIVE_TO_PR134_R0
9017753,AIDC03,AIDC06,0,0,8,2,[0],False,True,NONZERO_PRESTART_RELOCATION_RELATIVE_TO_PR134_R0
9017754,AIDC03,AIDC06,0,0,8,2,[0],False,True,NONZERO_PRESTART_RELOCATION_RELATIVE_TO_PR134_R0
9017755,AIDC03,AIDC06,0,0,8,2,[0],False,True,NONZERO_PRESTART_RELOCATION_RELATIVE_TO_PR134_R0
9017756,AIDC03,AIDC07,0,0,8,2,[0],False,True,NONZERO_PRESTART_RELOCATION_RELATIVE_TO_PR134_R0
9017757,AIDC04,AIDC08,0,0,8,2,[0],False,True,NONZERO_PRESTART_RELOCATION_RELATIVE_TO_PR134_R0
9017758,AIDC04,AIDC08,0,0,8,2,[0],False,True,NONZERO_PRESTART_RELOCATION_RELATIVE_TO_PR134_R0
9017759,AIDC04,AIDC08,0,0,8,2,[0],False,True,NONZERO_PRESTART_RELOCATION_RELATIVE_TO_PR134_R0
9017760,AIDC04,AIDC08,0,0,8,2,[0],False,True,NONZERO_PRESTART_RELOCATION_RELATIVE_TO_PR134_R0
9017761,AIDC04,AIDC08,0,0,8,2,[0],False,True,NONZERO_PRESTART_RELOCATION_RELATIVE_TO_PR134_R0
9017762,AIDC05,AIDC08,0,0,8,2,[0],False,True,NONZERO_PRESTART_RELOCATION_RELATIVE_TO_PR134_R0
9017763,AIDC05,AIDC08,0,0,8,2,[0],False,True,NONZERO_PRESTART_RELOCATION_RELATIVE_TO_PR134_R0
9017764,AIDC05,AIDC08,0,0,8,2,[0],False,True,NONZERO_PRESTART_RELOCATION_RELATIVE_TO_PR134_R0
9017765,AIDC05,AIDC08,0,0,8,2,[0],False,True,NONZERO_PRESTART_RELOCATION_RELATIVE_TO_PR134_R0
9017766,AIDC05,AIDC09,0,0,8,2,[0],False,True,NONZERO_PRESTART_RELOCATION_RELATIVE_TO_PR134_R0
9017767,AIDC05,AIDC10,0,0,8,2,[0],False,True,NONZERO_PRESTART_RELOCATION_RELATIVE_TO_PR134_R0
9017768,AIDC05,AIDC10,0,0,8,2,[0],False,True,NONZERO_PRESTART_RELOCATION_RELATIVE_TO_PR134_R0
9017769,AIDC05,AIDC11,0,0,8,2,[0],False,True,NONZERO_PRESTART_RELOCATION_RELATIVE_TO_PR134_R0
9017770,AIDC05,AIDC12,0,0,8,2,[0],False,True,NONZERO_PRESTART_RELOCATION_RELATIVE_TO_PR134_R0
9017771,AIDC05,AIDC12,0,0,8,2,[0],False,True,NONZERO_PRESTART_RELOCATION_RELATIVE_TO_PR134_R0
9017772,AIDC05,AIDC06,0,34,8,2,[34],False,False,NONZERO_PRESTART_RELOCATION_RELATIVE_TO_PR134_R0;NONZERO_TIMESHIFT_RELATIVE_TO_PR134_R0;B0_START_SITE_ABSENT_COMPLETE_PR134_DOMAIN
9017773,AIDC05,AIDC07,0,34,8,2,[34],False,False,NONZERO_PRESTART_RELOCATION_RELATIVE_TO_PR134_R0;NONZERO_TIMESHIFT_RELATIVE_TO_PR134_R0;B0_START_SITE_ABSENT_COMPLETE_PR134_DOMAIN
9017774,AIDC06,AIDC11,0,35,8,2,[35],False,False,NONZERO_PRESTART_RELOCATION_RELATIVE_TO_PR134_R0;NONZERO_TIMESHIFT_RELATIVE_TO_PR134_R0;B0_START_SITE_ABSENT_COMPLETE_PR134_DOMAIN
9017775,AIDC06,AIDC12,0,35,8,2,[35],False,False,NONZERO_PRESTART_RELOCATION_RELATIVE_TO_PR134_R0;NONZERO_TIMESHIFT_RELATIVE_TO_PR134_R0;B0_START_SITE_ABSENT_COMPLETE_PR134_DOMAIN
9017776,AIDC06,AIDC01,0,38,8,2,[38],False,False,NONZERO_PRESTART_RELOCATION_RELATIVE_TO_PR134_R0;NONZERO_TIMESHIFT_RELATIVE_TO_PR134_R0;B0_START_SITE_ABSENT_COMPLETE_PR134_DOMAIN
9017777,AIDC06,AIDC01,0,38,8,2,[38],False,False,NONZERO_PRESTART_RELOCATION_RELATIVE_TO_PR134_R0;NONZERO_TIMESHIFT_RELATIVE_TO_PR134_R0;B0_START_SITE_ABSENT_COMPLETE_PR134_DOMAIN
9017778,AIDC06,AIDC01,0,38,8,2,[38],False,False,NONZERO_PRESTART_RELOCATION_RELATIVE_TO_PR134_R0;NONZERO_TIMESHIFT_RELATIVE_TO_PR134_R0;B0_START_SITE_ABSENT_COMPLETE_PR134_DOMAIN
9017779,AIDC06,AIDC07,0,38,8,2,[38],False,False,NONZERO_PRESTART_RELOCATION_RELATIVE_TO_PR134_R0;NONZERO_TIMESHIFT_RELATIVE_TO_PR134_R0;B0_START_SITE_ABSENT_COMPLETE_PR134_DOMAIN
9017780,AIDC06,AIDC07,0,38,8,2,[38],False,False,NONZERO_PRESTART_RELOCATION_RELATIVE_TO_PR134_R0;NONZERO_TIMESHIFT_RELATIVE_TO_PR134_R0;B0_START_SITE_ABSENT_COMPLETE_PR134_DOMAIN
9018377,AIDC01,AIDC01,0,36,4,7,[36],False,False,NONZERO_TIMESHIFT_RELATIVE_TO_PR134_R0;B0_START_SITE_ABSENT_COMPLETE_PR134_DOMAIN
9018431,AIDC05,AIDC07,0,38,4,7,[38],False,False,NONZERO_PRESTART_RELOCATION_RELATIVE_TO_PR134_R0;NONZERO_TIMESHIFT_RELATIVE_TO_PR134_R0;B0_START_SITE_ABSENT_COMPLETE_PR134_DOMAIN
9018435,AIDC06,AIDC07,0,38,4,7,[38],False,False,NONZERO_PRESTART_RELOCATION_RELATIVE_TO_PR134_R0;NONZERO_TIMESHIFT_RELATIVE_TO_PR134_R0;B0_START_SITE_ABSENT_COMPLETE_PR134_DOMAIN
9018442,AIDC06,AIDC10,0,38,4,7,[38],False,False,NONZERO_PRESTART_RELOCATION_RELATIVE_TO_PR134_R0;NONZERO_TIMESHIFT_RELATIVE_TO_PR134_R0;B0_START_SITE_ABSENT_COMPLETE_PR134_DOMAIN
9018450,AIDC06,AIDC10,0,38,4,7,[38],False,False,NONZERO_PRESTART_RELOCATION_RELATIVE_TO_PR134_R0;NONZERO_TIMESHIFT_RELATIVE_TO_PR134_R0;B0_START_SITE_ABSENT_COMPLETE_PR134_DOMAIN
9018458,AIDC06,AIDC10,0,38,4,7,[38],False,False,NONZERO_PRESTART_RELOCATION_RELATIVE_TO_PR134_R0;NONZERO_TIMESHIFT_RELATIVE_TO_PR134_R0;B0_START_SITE_ABSENT_COMPLETE_PR134_DOMAIN
9018471,AIDC06,AIDC10,0,38,4,7,[38],False,False,NONZERO_PRESTART_RELOCATION_RELATIVE_TO_PR134_R0;NONZERO_TIMESHIFT_RELATIVE_TO_PR134_R0;B0_START_SITE_ABSENT_COMPLETE_PR134_DOMAIN
9018485,AIDC07,AIDC10,0,38,4,7,[38],False,False,NONZERO_PRESTART_RELOCATION_RELATIVE_TO_PR134_R0;NONZERO_TIMESHIFT_RELATIVE_TO_PR134_R0;B0_START_SITE_ABSENT_COMPLETE_PR134_DOMAIN
9018501,AIDC07,AIDC10,0,38,4,7,[38],False,False,NONZERO_PRESTART_RELOCATION_RELATIVE_TO_PR134_R0;NONZERO_TIMESHIFT_RELATIVE_TO_PR134_R0;B0_START_SITE_ABSENT_COMPLETE_PR134_DOMAIN
9018503,AIDC07,AIDC10,0,38,4,7,[38],False,False,NONZERO_PRESTART_RELOCATION_RELATIVE_TO_PR134_R0;NONZERO_TIMESHIFT_RELATIVE_TO_PR134_R0;B0_START_SITE_ABSENT_COMPLETE_PR134_DOMAIN
9018515,AIDC07,AIDC10,0,38,4,7,[38],False,False,NONZERO_PRESTART_RELOCATION_RELATIVE_TO_PR134_R0;NONZERO_TIMESHIFT_RELATIVE_TO_PR134_R0;B0_START_SITE_ABSENT_COMPLETE_PR134_DOMAIN
9018519,AIDC07,AIDC10,0,38,4,7,[38],False,False,NONZERO_PRESTART_RELOCATION_RELATIVE_TO_PR134_R0;NONZERO_TIMESHIFT_RELATIVE_TO_PR134_R0;B0_START_SITE_ABSENT_COMPLETE_PR134_DOMAIN
9018524,AIDC07,AIDC12,0,38,4,8,"[38, 39, 40, 41, 42, 43, 44, 45, 46, 47, 48, 49, 50, 51, 52, 53, 54, 55, 56, 57, 58, 59, 60, 61, 62, 63, 64, 65, 66, 67, 68, 69, 70, 71, 72, 73, 74, 75, 76, 77, 78, 79, 80, 81, 82, 83, 84, 85, 86, 87, 88, 89, 90, 91, 92, 93, 94, 95, 96, 97, 98, 99, 100, 101, 102, 103, 104, 105, 106, 107, 108, 109, 110, 111, 112, 113, 114, 115, 116, 117, 118, 119]",False,False,NONZERO_PRESTART_RELOCATION_RELATIVE_TO_PR134_R0;NONZERO_TIMESHIFT_RELATIVE_TO_PR134_R0;B0_START_SITE_ABSENT_COMPLETE_PR134_DOMAIN
9018540,AIDC07,AIDC12,0,38,4,8,"[38, 39, 40, 41, 42, 43, 44, 45, 46, 47, 48, 49, 50, 51, 52, 53, 54, 55, 56, 57, 58, 59, 60, 61, 62, 63, 64, 65, 66, 67, 68, 69, 70, 71, 72, 73, 74, 75, 76, 77, 78, 79, 80, 81, 82, 83, 84, 85, 86, 87, 88, 89, 90, 91, 92, 93, 94, 95, 96, 97, 98, 99, 100, 101, 102, 103, 104, 105, 106, 107, 108, 109, 110, 111, 112, 113, 114, 115, 116, 117, 118, 119]",False,False,NONZERO_PRESTART_RELOCATION_RELATIVE_TO_PR134_R0;NONZERO_TIMESHIFT_RELATIVE_TO_PR134_R0;B0_START_SITE_ABSENT_COMPLETE_PR134_DOMAIN
9018543,AIDC07,AIDC10,0,38,4,7,[38],False,False,NONZERO_PRESTART_RELOCATION_RELATIVE_TO_PR134_R0;NONZERO_TIMESHIFT_RELATIVE_TO_PR134_R0;B0_START_SITE_ABSENT_COMPLETE_PR134_DOMAIN
9018545,AIDC07,AIDC10,0,38,4,7,[38],False,False,NONZERO_PRESTART_RELOCATION_RELATIVE_TO_PR134_R0;NONZERO_TIMESHIFT_RELATIVE_TO_PR134_R0;B0_START_SITE_ABSENT_COMPLETE_PR134_DOMAIN
9018547,AIDC07,AIDC10,0,38,4,7,[38],False,False,NONZERO_PRESTART_RELOCATION_RELATIVE_TO_PR134_R0;NONZERO_TIMESHIFT_RELATIVE_TO_PR134_R0;B0_START_SITE_ABSENT_COMPLETE_PR134_DOMAIN
9018549,AIDC08,AIDC10,0,38,4,7,[38],False,False,NONZERO_PRESTART_RELOCATION_RELATIVE_TO_PR134_R0;NONZERO_TIMESHIFT_RELATIVE_TO_PR134_R0;B0_START_SITE_ABSENT_COMPLETE_PR134_DOMAIN
9018551,AIDC08,AIDC12,0,38,4,8,"[38, 39, 40, 41, 42, 43, 44, 45, 46, 47, 48, 49, 50, 51, 52, 53, 54, 55, 56, 57, 58, 59, 60, 61, 62, 63, 64, 65, 66, 67, 68, 69, 70, 71, 72, 73, 74, 75, 76, 77, 78, 79, 80, 81, 82, 83, 84, 85, 86, 87, 88, 89, 90, 91, 92, 93, 94, 95, 96, 97, 98, 99, 100, 101, 102, 103, 104, 105, 106, 107, 108, 109, 110, 111, 112, 113, 114, 115, 116, 117, 118, 119]",False,False,NONZERO_PRESTART_RELOCATION_RELATIVE_TO_PR134_R0;NONZERO_TIMESHIFT_RELATIVE_TO_PR134_R0;B0_START_SITE_ABSENT_COMPLETE_PR134_DOMAIN
9018554,AIDC08,AIDC12,0,38,4,8,"[38, 39, 40, 41, 42, 43, 44, 45, 46, 47, 48, 49, 50, 51, 52, 53, 54, 55, 56, 57, 58, 59, 60, 61, 62, 63, 64, 65, 66, 67, 68, 69, 70, 71, 72, 73, 74, 75, 76, 77, 78, 79, 80, 81, 82, 83, 84, 85, 86, 87, 88, 89, 90, 91, 92, 93, 94, 95, 96, 97, 98, 99, 100, 101, 102, 103, 104, 105, 106, 107, 108, 109, 110, 111, 112, 113, 114, 115, 116, 117, 118, 119]",False,False,NONZERO_PRESTART_RELOCATION_RELATIVE_TO_PR134_R0;NONZERO_TIMESHIFT_RELATIVE_TO_PR134_R0;B0_START_SITE_ABSENT_COMPLETE_PR134_DOMAIN
9018614,AIDC08,AIDC12,0,38,4,8,"[38, 39, 40, 41, 42, 43, 44, 45, 46, 47, 48, 49, 50, 51, 52, 53, 54, 55, 56, 57, 58, 59, 60, 61, 62, 63, 64, 65, 66, 67, 68, 69, 70, 71, 72, 73, 74, 75, 76, 77, 78, 79, 80, 81, 82, 83, 84, 85, 86, 87, 88, 89, 90, 91, 92, 93, 94, 95, 96, 97, 98, 99, 100, 101, 102, 103, 104, 105, 106, 107, 108, 109, 110, 111, 112, 113, 114, 115, 116, 117, 118, 119]",False,False,NONZERO_PRESTART_RELOCATION_RELATIVE_TO_PR134_R0;NONZERO_TIMESHIFT_RELATIVE_TO_PR134_R0;B0_START_SITE_ABSENT_COMPLETE_PR134_DOMAIN
9018729,AIDC08,AIDC12,0,38,4,5,"[38, 39, 40, 41, 42, 43, 44, 45, 46, 47, 48, 49, 50, 51, 52, 53, 54, 55, 56, 57, 58, 59, 60, 61, 62, 63, 64, 65, 66, 67, 68, 69, 70, 71, 72, 73, 74, 75, 76, 77, 78, 79, 80, 81, 82, 83, 84, 85, 86, 87, 88, 89, 90, 91, 92, 93, 94, 95, 96, 97, 98, 99, 100, 101, 102, 103, 104, 105, 106, 107, 108, 109, 110, 111, 112, 113, 114, 115, 116, 117, 118, 119]",False,False,NONZERO_PRESTART_RELOCATION_RELATIVE_TO_PR134_R0;NONZERO_TIMESHIFT_RELATIVE_TO_PR134_R0;B0_START_SITE_ABSENT_COMPLETE_PR134_DOMAIN
9019821,AIDC06,AIDC02,0,0,4,8,[0],True,False,NONZERO_PRESTART_RELOCATION_RELATIVE_TO_PR134_R0;B0_START_SITE_ABSENT_COMPLETE_PR134_DOMAIN
9019822,AIDC08,AIDC10,0,38,4,20,[38],False,False,NONZERO_PRESTART_RELOCATION_RELATIVE_TO_PR134_R0;NONZERO_TIMESHIFT_RELATIVE_TO_PR134_R0;B0_START_SITE_ABSENT_COMPLETE_PR134_DOMAIN
9019972,AIDC08,AIDC01,0,24,1,3,"[24, 25, 26, 27, 28, 29, 30, 31, 32, 33, 34, 35, 36, 37, 38, 39, 40, 41, 42, 43, 44, 45, 46, 47, 48, 49, 50, 51, 52, 53, 54, 55, 56, 57, 58, 59, 60, 61, 62, 63, 64, 65, 66, 67, 68, 69, 70, 71, 72, 73, 74, 75, 76, 77, 78, 79, 80, 81, 82, 83, 84, 85, 86, 87, 88, 89, 90, 91]",False,False,NONZERO_PRESTART_RELOCATION_RELATIVE_TO_PR134_R0;NONZERO_TIMESHIFT_RELATIVE_TO_PR134_R0;B0_START_SITE_ABSENT_COMPLETE_PR134_DOMAIN
9019973,AIDC08,AIDC01,0,24,1,3,"[24, 25, 26, 27, 28, 29, 30, 31, 32, 33, 34, 35, 36, 37, 38, 39, 40, 41, 42, 43, 44, 45, 46, 47, 48, 49, 50, 51, 52, 53, 54, 55, 56, 57, 58, 59, 60, 61, 62, 63, 64, 65, 66, 67, 68, 69, 70, 71, 72, 73, 74, 75, 76, 77, 78, 79, 80, 81, 82, 83, 84, 85, 86, 87, 88, 89, 90, 91]",False,False,NONZERO_PRESTART_RELOCATION_RELATIVE_TO_PR134_R0;NONZERO_TIMESHIFT_RELATIVE_TO_PR134_R0;B0_START_SITE_ABSENT_COMPLETE_PR134_DOMAIN
9019974,AIDC08,AIDC11,0,38,1,3,"[38, 39, 40, 41, 42, 43, 44, 45, 46, 47, 48, 49, 50, 51, 52, 53, 54, 55, 56, 57, 58, 59, 60, 61, 62, 63, 64, 65, 66, 67, 68, 69, 70, 71, 72, 73, 74, 75, 76, 77, 78, 79, 80, 81, 82, 83, 84, 85, 86, 87, 88, 89, 90, 91, 92, 93, 94, 95, 96, 97, 98, 99, 100, 101, 102, 103, 104, 105, 106, 107, 108, 109, 110, 111, 112, 113, 114, 115, 116, 117]",False,False,NONZERO_PRESTART_RELOCATION_RELATIVE_TO_PR134_R0;NONZERO_TIMESHIFT_RELATIVE_TO_PR134_R0;B0_START_SITE_ABSENT_COMPLETE_PR134_DOMAIN
9019975,AIDC08,AIDC12,0,38,1,3,"[38, 39, 40, 41, 42, 43, 44, 45, 46, 47, 48, 49, 50, 51, 52, 53, 54, 55, 56, 57, 58, 59, 60, 61, 62, 63, 64, 65, 66, 67, 68, 69, 70, 71, 72, 73, 74, 75, 76, 77, 78, 79, 80, 81, 82, 83, 84, 85, 86, 87, 88, 89, 90, 91, 92, 93, 94, 95, 96, 97, 98, 99, 100, 101, 102, 103, 104, 105, 106, 107, 108, 109, 110, 111, 112, 113, 114, 115, 116, 117]",False,False,NONZERO_PRESTART_RELOCATION_RELATIVE_TO_PR134_R0;NONZERO_TIMESHIFT_RELATIVE_TO_PR134_R0;B0_START_SITE_ABSENT_COMPLETE_PR134_DOMAIN
9019976,AIDC08,AIDC12,0,38,1,3,"[38, 39, 40, 41, 42, 43, 44, 45, 46, 47, 48, 49, 50, 51, 52, 53, 54, 55, 56, 57, 58, 59, 60, 61, 62, 63, 64, 65, 66, 67, 68, 69, 70, 71, 72, 73, 74, 75, 76, 77, 78, 79, 80, 81, 82, 83, 84, 85, 86, 87, 88, 89, 90, 91, 92, 93, 94, 95, 96, 97, 98, 99, 100, 101, 102, 103, 104, 105, 106, 107, 108, 109, 110, 111, 112, 113, 114, 115, 116, 117]",False,False,NONZERO_PRESTART_RELOCATION_RELATIVE_TO_PR134_R0;NONZERO_TIMESHIFT_RELATIVE_TO_PR134_R0;B0_START_SITE_ABSENT_COMPLETE_PR134_DOMAIN
9019977,AIDC08,AIDC12,0,38,1,3,"[38, 39, 40, 41, 42, 43, 44, 45, 46, 47, 48, 49, 50, 51, 52, 53, 54, 55, 56, 57, 58, 59, 60, 61, 62, 63, 64, 65, 66, 67, 68, 69, 70, 71, 72, 73, 74, 75, 76, 77, 78, 79, 80, 81, 82, 83, 84, 85, 86, 87, 88, 89, 90, 91, 92, 93, 94, 95, 96, 97, 98, 99, 100, 101, 102, 103, 104, 105, 106, 107, 108, 109, 110, 111, 112, 113, 114, 115, 116, 117]",False,False,NONZERO_PRESTART_RELOCATION_RELATIVE_TO_PR134_R0;NONZERO_TIMESHIFT_RELATIVE_TO_PR134_R0;B0_START_SITE_ABSENT_COMPLETE_PR134_DOMAIN
9019978,AIDC08,AIDC12,0,38,1,3,"[38, 39, 40, 41, 42, 43, 44, 45, 46, 47, 48, 49, 50, 51, 52, 53, 54, 55, 56, 57, 58, 59, 60, 61, 62, 63, 64, 65, 66, 67, 68, 69, 70, 71, 72, 73, 74, 75, 76, 77, 78, 79, 80, 81, 82, 83, 84, 85, 86, 87, 88, 89, 90, 91, 92, 93, 94, 95, 96, 97, 98, 99, 100, 101, 102, 103, 104, 105, 106, 107, 108, 109, 110, 111, 112, 113, 114, 115, 116, 117]",False,False,NONZERO_PRESTART_RELOCATION_RELATIVE_TO_PR134_R0;NONZERO_TIMESHIFT_RELATIVE_TO_PR134_R0;B0_START_SITE_ABSENT_COMPLETE_PR134_DOMAIN
9019979,AIDC08,AIDC12,0,38,1,3,"[38, 39, 40, 41, 42, 43, 44, 45, 46, 47, 48, 49, 50, 51, 52, 53, 54, 55, 56, 57, 58, 59, 60, 61, 62, 63, 64, 65, 66, 67, 68, 69, 70, 71, 72, 73, 74, 75, 76, 77, 78, 79, 80, 81, 82, 83, 84, 85, 86, 87, 88, 89, 90, 91, 92, 93, 94, 95, 96, 97, 98, 99, 100, 101, 102, 103, 104, 105, 106, 107, 108, 109, 110, 111, 112, 113, 114, 115, 116, 117]",False,False,NONZERO_PRESTART_RELOCATION_RELATIVE_TO_PR134_R0;NONZERO_TIMESHIFT_RELATIVE_TO_PR134_R0;B0_START_SITE_ABSENT_COMPLETE_PR134_DOMAIN
9019980,AIDC08,AIDC12,0,38,1,3,"[38, 39, 40, 41, 42, 43, 44, 45, 46, 47, 48, 49, 50, 51, 52, 53, 54, 55, 56, 57, 58, 59, 60, 61, 62, 63, 64, 65, 66, 67, 68, 69, 70, 71, 72, 73, 74, 75, 76, 77, 78, 79, 80, 81, 82, 83, 84, 85, 86, 87, 88, 89, 90, 91, 92, 93, 94, 95, 96, 97, 98, 99, 100, 101, 102, 103, 104, 105, 106, 107, 108, 109, 110, 111, 112, 113, 114, 115, 116, 117]",False,False,NONZERO_PRESTART_RELOCATION_RELATIVE_TO_PR134_R0;NONZERO_TIMESHIFT_RELATIVE_TO_PR134_R0;B0_START_SITE_ABSENT_COMPLETE_PR134_DOMAIN
9019981,AIDC08,AIDC12,0,38,1,3,"[38, 39, 40, 41, 42, 43, 44, 45, 46, 47, 48, 49, 50, 51, 52, 53, 54, 55, 56, 57, 58, 59, 60, 61, 62, 63, 64, 65, 66, 67, 68, 69, 70, 71, 72, 73, 74, 75, 76, 77, 78, 79, 80, 81, 82, 83, 84, 85, 86, 87, 88, 89, 90, 91, 92, 93, 94, 95, 96, 97, 98, 99, 100, 101, 102, 103, 104, 105, 106, 107, 108, 109, 110, 111, 112, 113, 114, 115, 116, 117]",False,False,NONZERO_PRESTART_RELOCATION_RELATIVE_TO_PR134_R0;NONZERO_TIMESHIFT_RELATIVE_TO_PR134_R0;B0_START_SITE_ABSENT_COMPLETE_PR134_DOMAIN
9019982,AIDC08,AIDC12,0,38,1,3,"[38, 39, 40, 41, 42, 43, 44, 45, 46, 47, 48, 49, 50, 51, 52, 53, 54, 55, 56, 57, 58, 59, 60, 61, 62, 63, 64, 65, 66, 67, 68, 69, 70, 71, 72, 73, 74, 75, 76, 77, 78, 79, 80, 81, 82, 83, 84, 85, 86, 87, 88, 89, 90, 91, 92, 93, 94, 95, 96, 97, 98, 99, 100, 101, 102, 103, 104, 105, 106, 107, 108, 109, 110, 111, 112, 113, 114, 115, 116, 117]",False,False,NONZERO_PRESTART_RELOCATION_RELATIVE_TO_PR134_R0;NONZERO_TIMESHIFT_RELATIVE_TO_PR134_R0;B0_START_SITE_ABSENT_COMPLETE_PR134_DOMAIN
9019983,AIDC08,AIDC12,0,38,1,3,"[38, 39, 40, 41, 42, 43, 44, 45, 46, 47, 48, 49, 50, 51, 52, 53, 54, 55, 56, 57, 58, 59, 60, 61, 62, 63, 64, 65, 66, 67, 68, 69, 70, 71, 72, 73, 74, 75, 76, 77, 78, 79, 80, 81, 82, 83, 84, 85, 86, 87, 88, 89, 90, 91, 92, 93, 94, 95, 96, 97, 98, 99, 100, 101, 102, 103, 104, 105, 106, 107, 108, 109, 110, 111, 112, 113, 114, 115, 116, 117]",False,False,NONZERO_PRESTART_RELOCATION_RELATIVE_TO_PR134_R0;NONZERO_TIMESHIFT_RELATIVE_TO_PR134_R0;B0_START_SITE_ABSENT_COMPLETE_PR134_DOMAIN
9019984,AIDC08,AIDC12,0,38,1,3,"[38, 39, 40, 41, 42, 43, 44, 45, 46, 47, 48, 49, 50, 51, 52, 53, 54, 55, 56, 57, 58, 59, 60, 61, 62, 63, 64, 65, 66, 67, 68, 69, 70, 71, 72, 73, 74, 75, 76, 77, 78, 79, 80, 81, 82, 83, 84, 85, 86, 87, 88, 89, 90, 91, 92, 93, 94, 95, 96, 97, 98, 99, 100, 101, 102, 103, 104, 105, 106, 107, 108, 109, 110, 111, 112, 113, 114, 115, 116, 117]",False,False,NONZERO_PRESTART_RELOCATION_RELATIVE_TO_PR134_R0;NONZERO_TIMESHIFT_RELATIVE_TO_PR134_R0;B0_START_SITE_ABSENT_COMPLETE_PR134_DOMAIN
9019985,AIDC08,AIDC12,0,38,1,3,"[38, 39, 40, 41, 42, 43, 44, 45, 46, 47, 48, 49, 50, 51, 52, 53, 54, 55, 56, 57, 58, 59, 60, 61, 62, 63, 64, 65, 66, 67, 68, 69, 70, 71, 72, 73, 74, 75, 76, 77, 78, 79, 80, 81, 82, 83, 84, 85, 86, 87, 88, 89, 90, 91, 92, 93, 94, 95, 96, 97, 98, 99, 100, 101, 102, 103, 104, 105, 106, 107, 108, 109, 110, 111, 112, 113, 114, 115, 116, 117]",False,False,NONZERO_PRESTART_RELOCATION_RELATIVE_TO_PR134_R0;NONZERO_TIMESHIFT_RELATIVE_TO_PR134_R0;B0_START_SITE_ABSENT_COMPLETE_PR134_DOMAIN
9019986,AIDC08,AIDC12,0,38,1,3,"[38, 39, 40, 41, 42, 43, 44, 45, 46, 47, 48, 49, 50, 51, 52, 53, 54, 55, 56, 57, 58, 59, 60, 61, 62, 63, 64, 65, 66, 67, 68, 69, 70, 71, 72, 73, 74, 75, 76, 77, 78, 79, 80, 81, 82, 83, 84, 85, 86, 87, 88, 89, 90, 91, 92, 93, 94, 95, 96, 97, 98, 99, 100, 101, 102, 103, 104, 105, 106, 107, 108, 109, 110, 111, 112, 113, 114, 115, 116, 117]",False,False,NONZERO_PRESTART_RELOCATION_RELATIVE_TO_PR134_R0;NONZERO_TIMESHIFT_RELATIVE_TO_PR134_R0;B0_START_SITE_ABSENT_COMPLETE_PR134_DOMAIN
9019987,AIDC08,AIDC03,0,39,1,3,"[39, 40, 41, 42, 43, 44, 45, 46, 47, 48, 49, 50, 51, 52, 53, 54, 55, 56, 57, 58, 59, 60, 61, 62, 63, 64, 65, 66, 67, 68, 69, 70, 71, 72, 73, 74, 75, 76, 77, 78, 79, 80, 81, 82, 83, 84, 85, 86, 87, 88, 89, 90, 91, 92, 93, 94, 95, 96, 97, 98, 99, 100, 101, 102, 103, 104, 105, 106, 107, 108, 109, 110, 111, 112, 113, 114, 115, 116, 117]",False,False,NONZERO_PRESTART_RELOCATION_RELATIVE_TO_PR134_R0;NONZERO_TIMESHIFT_RELATIVE_TO_PR134_R0;B0_START_SITE_ABSENT_COMPLETE_PR134_DOMAIN
9019988,AIDC08,AIDC03,0,39,1,3,"[39, 40, 41, 42, 43, 44, 45, 46, 47, 48, 49, 50, 51, 52, 53, 54, 55, 56, 57, 58, 59, 60, 61, 62, 63, 64, 65, 66, 67, 68, 69, 70, 71, 72, 73, 74, 75, 76, 77, 78, 79, 80, 81, 82, 83, 84, 85, 86, 87, 88, 89, 90, 91, 92, 93, 94, 95, 96, 97, 98, 99, 100, 101, 102, 103, 104, 105, 106, 107, 108, 109, 110, 111, 112, 113, 114, 115, 116, 117]",False,False,NONZERO_PRESTART_RELOCATION_RELATIVE_TO_PR134_R0;NONZERO_TIMESHIFT_RELATIVE_TO_PR134_R0;B0_START_SITE_ABSENT_COMPLETE_PR134_DOMAIN
9019989,AIDC08,AIDC03,0,39,1,3,"[39, 40, 41, 42, 43, 44, 45, 46, 47, 48, 49, 50, 51, 52, 53, 54, 55, 56, 57, 58, 59, 60, 61, 62, 63, 64, 65, 66, 67, 68, 69, 70, 71, 72, 73, 74, 75, 76, 77, 78, 79, 80, 81, 82, 83, 84, 85, 86, 87, 88, 89, 90, 91, 92, 93, 94, 95, 96, 97, 98, 99, 100, 101, 102, 103, 104, 105, 106, 107, 108, 109, 110, 111, 112, 113, 114, 115, 116, 117]",False,False,NONZERO_PRESTART_RELOCATION_RELATIVE_TO_PR134_R0;NONZERO_TIMESHIFT_RELATIVE_TO_PR134_R0;B0_START_SITE_ABSENT_COMPLETE_PR134_DOMAIN
9019990,AIDC08,AIDC03,0,39,1,3,"[39, 40, 41, 42, 43, 44, 45, 46, 47, 48, 49, 50, 51, 52, 53, 54, 55, 56, 57, 58, 59, 60, 61, 62, 63, 64, 65, 66, 67, 68, 69, 70, 71, 72, 73, 74, 75, 76, 77, 78, 79, 80, 81, 82, 83, 84, 85, 86, 87, 88, 89, 90, 91, 92, 93, 94, 95, 96, 97, 98, 99, 100, 101, 102, 103, 104, 105, 106, 107, 108, 109, 110, 111, 112, 113, 114, 115, 116, 117]",False,False,NONZERO_PRESTART_RELOCATION_RELATIVE_TO_PR134_R0;NONZERO_TIMESHIFT_RELATIVE_TO_PR134_R0;B0_START_SITE_ABSENT_COMPLETE_PR134_DOMAIN
9019991,AIDC08,AIDC03,0,39,1,3,"[39, 40, 41, 42, 43, 44, 45, 46, 47, 48, 49, 50, 51, 52, 53, 54, 55, 56, 57, 58, 59, 60, 61, 62, 63, 64, 65, 66, 67, 68, 69, 70, 71, 72, 73, 74, 75, 76, 77, 78, 79, 80, 81, 82, 83, 84, 85, 86, 87, 88, 89, 90, 91, 92, 93, 94, 95, 96, 97, 98, 99, 100, 101, 102, 103, 104, 105, 106, 107, 108, 109, 110, 111, 112, 113, 114, 115, 116, 117]",False,False,NONZERO_PRESTART_RELOCATION_RELATIVE_TO_PR134_R0;NONZERO_TIMESHIFT_RELATIVE_TO_PR134_R0;B0_START_SITE_ABSENT_COMPLETE_PR134_DOMAIN
9019992,AIDC08,AIDC03,0,39,1,3,"[39, 40, 41, 42, 43, 44, 45, 46, 47, 48, 49, 50, 51, 52, 53, 54, 55, 56, 57, 58, 59, 60, 61, 62, 63, 64, 65, 66, 67, 68, 69, 70, 71, 72, 73, 74, 75, 76, 77, 78, 79, 80, 81, 82, 83, 84, 85, 86, 87, 88, 89, 90, 91, 92, 93, 94, 95, 96, 97, 98, 99, 100, 101, 102, 103, 104, 105, 106, 107, 108, 109, 110, 111, 112, 113, 114, 115, 116, 117]",False,False,NONZERO_PRESTART_RELOCATION_RELATIVE_TO_PR134_R0;NONZERO_TIMESHIFT_RELATIVE_TO_PR134_R0;B0_START_SITE_ABSENT_COMPLETE_PR134_DOMAIN
9019993,AIDC08,AIDC03,0,39,1,3,"[39, 40, 41, 42, 43, 44, 45, 46, 47, 48, 49, 50, 51, 52, 53, 54, 55, 56, 57, 58, 59, 60, 61, 62, 63, 64, 65, 66, 67, 68, 69, 70, 71, 72, 73, 74, 75, 76, 77, 78, 79, 80, 81, 82, 83, 84, 85, 86, 87, 88, 89, 90, 91, 92, 93, 94, 95, 96, 97, 98, 99, 100, 101, 102, 103, 104, 105, 106, 107, 108, 109, 110, 111, 112, 113, 114, 115, 116, 117]",False,False,NONZERO_PRESTART_RELOCATION_RELATIVE_TO_PR134_R0;NONZERO_TIMESHIFT_RELATIVE_TO_PR134_R0;B0_START_SITE_ABSENT_COMPLETE_PR134_DOMAIN
9019994,AIDC08,AIDC03,0,39,1,3,"[39, 40, 41, 42, 43, 44, 45, 46, 47, 48, 49, 50, 51, 52, 53, 54, 55, 56, 57, 58, 59, 60, 61, 62, 63, 64, 65, 66, 67, 68, 69, 70, 71, 72, 73, 74, 75, 76, 77, 78, 79, 80, 81, 82, 83, 84, 85, 86, 87, 88, 89, 90, 91, 92, 93, 94, 95, 96, 97, 98, 99, 100, 101, 102, 103, 104, 105, 106, 107, 108, 109, 110, 111, 112, 113, 114, 115, 116, 117]",False,False,NONZERO_PRESTART_RELOCATION_RELATIVE_TO_PR134_R0;NONZERO_TIMESHIFT_RELATIVE_TO_PR134_R0;B0_START_SITE_ABSENT_COMPLETE_PR134_DOMAIN
9019995,AIDC08,AIDC03,0,39,1,3,"[39, 40, 41, 42, 43, 44, 45, 46, 47, 48, 49, 50, 51, 52, 53, 54, 55, 56, 57, 58, 59, 60, 61, 62, 63, 64, 65, 66, 67, 68, 69, 70, 71, 72, 73, 74, 75, 76, 77, 78, 79, 80, 81, 82, 83, 84, 85, 86, 87, 88, 89, 90, 91, 92, 93, 94, 95, 96, 97, 98, 99, 100, 101, 102, 103, 104, 105, 106, 107, 108, 109, 110, 111, 112, 113, 114, 115, 116, 117]",False,False,NONZERO_PRESTART_RELOCATION_RELATIVE_TO_PR134_R0;NONZERO_TIMESHIFT_RELATIVE_TO_PR134_R0;B0_START_SITE_ABSENT_COMPLETE_PR134_DOMAIN
9019996,AIDC08,AIDC03,0,39,1,3,"[39, 40, 41, 42, 43, 44, 45, 46, 47, 48, 49, 50, 51, 52, 53, 54, 55, 56, 57, 58, 59, 60, 61, 62, 63, 64, 65, 66, 67, 68, 69, 70, 71, 72, 73, 74, 75, 76, 77, 78, 79, 80, 81, 82, 83, 84, 85, 86, 87, 88, 89, 90, 91, 92, 93, 94, 95, 96, 97, 98, 99, 100, 101, 102, 103, 104, 105, 106, 107, 108, 109, 110, 111, 112, 113, 114, 115, 116, 117]",False,False,NONZERO_PRESTART_RELOCATION_RELATIVE_TO_PR134_R0;NONZERO_TIMESHIFT_RELATIVE_TO_PR134_R0;B0_START_SITE_ABSENT_COMPLETE_PR134_DOMAIN
9019997,AIDC08,AIDC03,0,39,1,3,"[39, 40, 41, 42, 43, 44, 45, 46, 47, 48, 49, 50, 51, 52, 53, 54, 55, 56, 57, 58, 59, 60, 61, 62, 63, 64, 65, 66, 67, 68, 69, 70, 71, 72, 73, 74, 75, 76, 77, 78, 79, 80, 81, 82, 83, 84, 85, 86, 87, 88, 89, 90, 91, 92, 93, 94, 95, 96, 97, 98, 99, 100, 101, 102, 103, 104, 105, 106, 107, 108, 109, 110, 111, 112, 113, 114, 115, 116, 117]",False,False,NONZERO_PRESTART_RELOCATION_RELATIVE_TO_PR134_R0;NONZERO_TIMESHIFT_RELATIVE_TO_PR134_R0;B0_START_SITE_ABSENT_COMPLETE_PR134_DOMAIN
9019998,AIDC08,AIDC03,0,39,1,3,"[39, 40, 41, 42, 43, 44, 45, 46, 47, 48, 49, 50, 51, 52, 53, 54, 55, 56, 57, 58, 59, 60, 61, 62, 63, 64, 65, 66, 67, 68, 69, 70, 71, 72, 73, 74, 75, 76, 77, 78, 79, 80, 81, 82, 83, 84, 85, 86, 87, 88, 89, 90, 91, 92, 93, 94, 95, 96, 97, 98, 99, 100, 101, 102, 103, 104, 105, 106, 107, 108, 109, 110, 111, 112, 113, 114, 115, 116, 117]",False,False,NONZERO_PRESTART_RELOCATION_RELATIVE_TO_PR134_R0;NONZERO_TIMESHIFT_RELATIVE_TO_PR134_R0;B0_START_SITE_ABSENT_COMPLETE_PR134_DOMAIN
9019999,AIDC08,AIDC03,0,39,1,3,"[39, 40, 41, 42, 43, 44, 45, 46, 47, 48, 49, 50, 51, 52, 53, 54, 55, 56, 57, 58, 59, 60, 61, 62, 63, 64, 65, 66, 67, 68, 69, 70, 71, 72, 73, 74, 75, 76, 77, 78, 79, 80, 81, 82, 83, 84, 85, 86, 87, 88, 89, 90, 91, 92, 93, 94, 95, 96, 97, 98, 99, 100, 101, 102, 103, 104, 105, 106, 107, 108, 109, 110, 111, 112, 113, 114, 115, 116, 117]",False,False,NONZERO_PRESTART_RELOCATION_RELATIVE_TO_PR134_R0;NONZERO_TIMESHIFT_RELATIVE_TO_PR134_R0;B0_START_SITE_ABSENT_COMPLETE_PR134_DOMAIN
9020000,AIDC08,AIDC03,0,39,1,3,"[39, 40, 41, 42, 43, 44, 45, 46, 47, 48, 49, 50, 51, 52, 53, 54, 55, 56, 57, 58, 59, 60, 61, 62, 63, 64, 65, 66, 67, 68, 69, 70, 71, 72, 73, 74, 75, 76, 77, 78, 79, 80, 81, 82, 83, 84, 85, 86, 87, 88, 89, 90, 91, 92, 93, 94, 95, 96, 97, 98, 99, 100, 101, 102, 103, 104, 105, 106, 107, 108, 109, 110, 111, 112, 113, 114, 115, 116, 117]",False,False,NONZERO_PRESTART_RELOCATION_RELATIVE_TO_PR134_R0;NONZERO_TIMESHIFT_RELATIVE_TO_PR134_R0;B0_START_SITE_ABSENT_COMPLETE_PR134_DOMAIN
9020001,AIDC08,AIDC03,0,39,1,3,"[39, 40, 41, 42, 43, 44, 45, 46, 47, 48, 49, 50, 51, 52, 53, 54, 55, 56, 57, 58, 59, 60, 61, 62, 63, 64, 65, 66, 67, 68, 69, 70, 71, 72, 73, 74, 75, 76, 77, 78, 79, 80, 81, 82, 83, 84, 85, 86, 87, 88, 89, 90, 91, 92, 93, 94, 95, 96, 97, 98, 99, 100, 101, 102, 103, 104, 105, 106, 107, 108, 109, 110, 111, 112, 113, 114, 115, 116, 117]",False,False,NONZERO_PRESTART_RELOCATION_RELATIVE_TO_PR134_R0;NONZERO_TIMESHIFT_RELATIVE_TO_PR134_R0;B0_START_SITE_ABSENT_COMPLETE_PR134_DOMAIN
9020002,AIDC08,AIDC03,0,39,1,3,"[39, 40, 41, 42, 43, 44, 45, 46, 47, 48, 49, 50, 51, 52, 53, 54, 55, 56, 57, 58, 59, 60, 61, 62, 63, 64, 65, 66, 67, 68, 69, 70, 71, 72, 73, 74, 75, 76, 77, 78, 79, 80, 81, 82, 83, 84, 85, 86, 87, 88, 89, 90, 91, 92, 93, 94, 95, 96, 97, 98, 99, 100, 101, 102, 103, 104, 105, 106, 107, 108, 109, 110, 111, 112, 113, 114, 115, 116, 117]",False,False,NONZERO_PRESTART_RELOCATION_RELATIVE_TO_PR134_R0;NONZERO_TIMESHIFT_RELATIVE_TO_PR134_R0;B0_START_SITE_ABSENT_COMPLETE_PR134_DOMAIN
9020003,AIDC09,AIDC11,0,39,1,3,"[39, 40, 41, 42, 43, 44, 45, 46, 47, 48, 49, 50, 51, 52, 53, 54, 55, 56, 57, 58, 59, 60, 61, 62, 63, 64, 65, 66, 67, 68, 69, 70, 71, 72, 73, 74, 75, 76, 77, 78, 79, 80, 81, 82, 83, 84, 85, 86, 87, 88, 89, 90, 91, 92, 93, 94, 95, 96, 97, 98, 99, 100, 101, 102, 103, 104, 105, 106, 107, 108, 109, 110, 111, 112, 113, 114, 115, 116, 117]",False,False,NONZERO_PRESTART_RELOCATION_RELATIVE_TO_PR134_R0;NONZERO_TIMESHIFT_RELATIVE_TO_PR134_R0;B0_START_SITE_ABSENT_COMPLETE_PR134_DOMAIN
9020004,AIDC09,AIDC11,0,39,1,3,"[39, 40, 41, 42, 43, 44, 45, 46, 47, 48, 49, 50, 51, 52, 53, 54, 55, 56, 57, 58, 59, 60, 61, 62, 63, 64, 65, 66, 67, 68, 69, 70, 71, 72, 73, 74, 75, 76, 77, 78, 79, 80, 81, 82, 83, 84, 85, 86, 87, 88, 89, 90, 91, 92, 93, 94, 95, 96, 97, 98, 99, 100, 101, 102, 103, 104, 105, 106, 107, 108, 109, 110, 111, 112, 113, 114, 115, 116, 117]",False,False,NONZERO_PRESTART_RELOCATION_RELATIVE_TO_PR134_R0;NONZERO_TIMESHIFT_RELATIVE_TO_PR134_R0;B0_START_SITE_ABSENT_COMPLETE_PR134_DOMAIN
9020005,AIDC09,AIDC11,0,39,1,3,"[39, 40, 41, 42, 43, 44, 45, 46, 47, 48, 49, 50, 51, 52, 53, 54, 55, 56, 57, 58, 59, 60, 61, 62, 63, 64, 65, 66, 67, 68, 69, 70, 71, 72, 73, 74, 75, 76, 77, 78, 79, 80, 81, 82, 83, 84, 85, 86, 87, 88, 89, 90, 91, 92, 93, 94, 95, 96, 97, 98, 99, 100, 101, 102, 103, 104, 105, 106, 107, 108, 109, 110, 111, 112, 113, 114, 115, 116, 117]",False,False,NONZERO_PRESTART_RELOCATION_RELATIVE_TO_PR134_R0;NONZERO_TIMESHIFT_RELATIVE_TO_PR134_R0;B0_START_SITE_ABSENT_COMPLETE_PR134_DOMAIN
9020006,AIDC09,AIDC11,0,39,1,3,"[39, 40, 41, 42, 43, 44, 45, 46, 47, 48, 49, 50, 51, 52, 53, 54, 55, 56, 57, 58, 59, 60, 61, 62, 63, 64, 65, 66, 67, 68, 69, 70, 71, 72, 73, 74, 75, 76, 77, 78, 79, 80, 81, 82, 83, 84, 85, 86, 87, 88, 89, 90, 91, 92, 93, 94, 95, 96, 97, 98, 99, 100, 101, 102, 103, 104, 105, 106, 107, 108, 109, 110, 111, 112, 113, 114, 115, 116, 117]",False,False,NONZERO_PRESTART_RELOCATION_RELATIVE_TO_PR134_R0;NONZERO_TIMESHIFT_RELATIVE_TO_PR134_R0;B0_START_SITE_ABSENT_COMPLETE_PR134_DOMAIN
9020007,AIDC09,AIDC11,0,39,1,3,"[39, 40, 41, 42, 43, 44, 45, 46, 47, 48, 49, 50, 51, 52, 53, 54, 55, 56, 57, 58, 59, 60, 61, 62, 63, 64, 65, 66, 67, 68, 69, 70, 71, 72, 73, 74, 75, 76, 77, 78, 79, 80, 81, 82, 83, 84, 85, 86, 87, 88, 89, 90, 91, 92, 93, 94, 95, 96, 97, 98, 99, 100, 101, 102, 103, 104, 105, 106, 107, 108, 109, 110, 111, 112, 113, 114, 115, 116, 117]",False,False,NONZERO_PRESTART_RELOCATION_RELATIVE_TO_PR134_R0;NONZERO_TIMESHIFT_RELATIVE_TO_PR134_R0;B0_START_SITE_ABSENT_COMPLETE_PR134_DOMAIN
9020008,AIDC09,AIDC11,0,39,1,3,"[39, 40, 41, 42, 43, 44, 45, 46, 47, 48, 49, 50, 51, 52, 53, 54, 55, 56, 57, 58, 59, 60, 61, 62, 63, 64, 65, 66, 67, 68, 69, 70, 71, 72, 73, 74, 75, 76, 77, 78, 79, 80, 81, 82, 83, 84, 85, 86, 87, 88, 89, 90, 91, 92, 93, 94, 95, 96, 97, 98, 99, 100, 101, 102, 103, 104, 105, 106, 107, 108, 109, 110, 111, 112, 113, 114, 115, 116, 117]",False,False,NONZERO_PRESTART_RELOCATION_RELATIVE_TO_PR134_R0;NONZERO_TIMESHIFT_RELATIVE_TO_PR134_R0;B0_START_SITE_ABSENT_COMPLETE_PR134_DOMAIN
9020009,AIDC09,AIDC11,0,39,1,3,"[39, 40, 41, 42, 43, 44, 45, 46, 47, 48, 49, 50, 51, 52, 53, 54, 55, 56, 57, 58, 59, 60, 61, 62, 63, 64, 65, 66, 67, 68, 69, 70, 71, 72, 73, 74, 75, 76, 77, 78, 79, 80, 81, 82, 83, 84, 85, 86, 87, 88, 89, 90, 91, 92, 93, 94, 95, 96, 97, 98, 99, 100, 101, 102, 103, 104, 105, 106, 107, 108, 109, 110, 111, 112, 113, 114, 115, 116, 117]",False,False,NONZERO_PRESTART_RELOCATION_RELATIVE_TO_PR134_R0;NONZERO_TIMESHIFT_RELATIVE_TO_PR134_R0;B0_START_SITE_ABSENT_COMPLETE_PR134_DOMAIN
9020010,AIDC09,AIDC11,0,39,1,3,"[39, 40, 41, 42, 43, 44, 45, 46, 47, 48, 49, 50, 51, 52, 53, 54, 55, 56, 57, 58, 59, 60, 61, 62, 63, 64, 65, 66, 67, 68, 69, 70, 71, 72, 73, 74, 75, 76, 77, 78, 79, 80, 81, 82, 83, 84, 85, 86, 87, 88, 89, 90, 91, 92, 93, 94, 95, 96, 97, 98, 99, 100, 101, 102, 103, 104, 105, 106, 107, 108, 109, 110, 111, 112, 113, 114, 115, 116, 117]",False,False,NONZERO_PRESTART_RELOCATION_RELATIVE_TO_PR134_R0;NONZERO_TIMESHIFT_RELATIVE_TO_PR134_R0;B0_START_SITE_ABSENT_COMPLETE_PR134_DOMAIN
9020011,AIDC09,AIDC11,0,40,1,3,"[40, 41, 42, 43, 44, 45, 46, 47, 48, 49, 50, 51, 52, 53, 54, 55, 56, 57, 58, 59, 60, 61, 62, 63, 64, 65, 66, 67, 68, 69, 70, 71, 72, 73, 74, 75, 76, 77, 78, 79, 80, 81, 82, 83, 84, 85, 86, 87, 88, 89, 90, 91, 92, 93, 94, 95, 96, 97, 98, 99, 100, 101, 102, 103, 104, 105, 106, 107, 108, 109, 110, 111, 112, 113, 114, 115, 116, 117]",False,False,NONZERO_PRESTART_RELOCATION_RELATIVE_TO_PR134_R0;NONZERO_TIMESHIFT_RELATIVE_TO_PR134_R0;B0_START_SITE_ABSENT_COMPLETE_PR134_DOMAIN
9020012,AIDC09,AIDC11,0,40,1,3,"[40, 41, 42, 43, 44, 45, 46, 47, 48, 49, 50, 51, 52, 53, 54, 55, 56, 57, 58, 59, 60, 61, 62, 63, 64, 65, 66, 67, 68, 69, 70, 71, 72, 73, 74, 75, 76, 77, 78, 79, 80, 81, 82, 83, 84, 85, 86, 87, 88, 89, 90, 91, 92, 93, 94, 95, 96, 97, 98, 99, 100, 101, 102, 103, 104, 105, 106, 107, 108, 109, 110, 111, 112, 113, 114, 115, 116, 117]",False,False,NONZERO_PRESTART_RELOCATION_RELATIVE_TO_PR134_R0;NONZERO_TIMESHIFT_RELATIVE_TO_PR134_R0;B0_START_SITE_ABSENT_COMPLETE_PR134_DOMAIN
9020013,AIDC09,AIDC11,0,40,1,3,"[40, 41, 42, 43, 44, 45, 46, 47, 48, 49, 50, 51, 52, 53, 54, 55, 56, 57, 58, 59, 60, 61, 62, 63, 64, 65, 66, 67, 68, 69, 70, 71, 72, 73, 74, 75, 76, 77, 78, 79, 80, 81, 82, 83, 84, 85, 86, 87, 88, 89, 90, 91, 92, 93, 94, 95, 96, 97, 98, 99, 100, 101, 102, 103, 104, 105, 106, 107, 108, 109, 110, 111, 112, 113, 114, 115, 116, 117]",False,False,NONZERO_PRESTART_RELOCATION_RELATIVE_TO_PR134_R0;NONZERO_TIMESHIFT_RELATIVE_TO_PR134_R0;B0_START_SITE_ABSENT_COMPLETE_PR134_DOMAIN
9020014,AIDC09,AIDC11,0,40,1,3,"[40, 41, 42, 43, 44, 45, 46, 47, 48, 49, 50, 51, 52, 53, 54, 55, 56, 57, 58, 59, 60, 61, 62, 63, 64, 65, 66, 67, 68, 69, 70, 71, 72, 73, 74, 75, 76, 77, 78, 79, 80, 81, 82, 83, 84, 85, 86, 87, 88, 89, 90, 91, 92, 93, 94, 95, 96, 97, 98, 99, 100, 101, 102, 103, 104, 105, 106, 107, 108, 109, 110, 111, 112, 113, 114, 115, 116, 117]",False,False,NONZERO_PRESTART_RELOCATION_RELATIVE_TO_PR134_R0;NONZERO_TIMESHIFT_RELATIVE_TO_PR134_R0;B0_START_SITE_ABSENT_COMPLETE_PR134_DOMAIN
9020015,AIDC09,AIDC11,0,40,1,3,"[40, 41, 42, 43, 44, 45, 46, 47, 48, 49, 50, 51, 52, 53, 54, 55, 56, 57, 58, 59, 60, 61, 62, 63, 64, 65, 66, 67, 68, 69, 70, 71, 72, 73, 74, 75, 76, 77, 78, 79, 80, 81, 82, 83, 84, 85, 86, 87, 88, 89, 90, 91, 92, 93, 94, 95, 96, 97, 98, 99, 100, 101, 102, 103, 104, 105, 106, 107, 108, 109, 110, 111, 112, 113, 114, 115, 116, 117]",False,False,NONZERO_PRESTART_RELOCATION_RELATIVE_TO_PR134_R0;NONZERO_TIMESHIFT_RELATIVE_TO_PR134_R0;B0_START_SITE_ABSENT_COMPLETE_PR134_DOMAIN
9020016,AIDC09,AIDC11,0,40,1,3,"[40, 41, 42, 43, 44, 45, 46, 47, 48, 49, 50, 51, 52, 53, 54, 55, 56, 57, 58, 59, 60, 61, 62, 63, 64, 65, 66, 67, 68, 69, 70, 71, 72, 73, 74, 75, 76, 77, 78, 79, 80, 81, 82, 83, 84, 85, 86, 87, 88, 89, 90, 91, 92, 93, 94, 95, 96, 97, 98, 99, 100, 101, 102, 103, 104, 105, 106, 107, 108, 109, 110, 111, 112, 113, 114, 115, 116, 117]",False,False,NONZERO_PRESTART_RELOCATION_RELATIVE_TO_PR134_R0;NONZERO_TIMESHIFT_RELATIVE_TO_PR134_R0;B0_START_SITE_ABSENT_COMPLETE_PR134_DOMAIN
9020017,AIDC09,AIDC11,0,40,1,3,"[40, 41, 42, 43, 44, 45, 46, 47, 48, 49, 50, 51, 52, 53, 54, 55, 56, 57, 58, 59, 60, 61, 62, 63, 64, 65, 66, 67, 68, 69, 70, 71, 72, 73, 74, 75, 76, 77, 78, 79, 80, 81, 82, 83, 84, 85, 86, 87, 88, 89, 90, 91, 92, 93, 94, 95, 96, 97, 98, 99, 100, 101, 102, 103, 104, 105, 106, 107, 108, 109, 110, 111, 112, 113, 114, 115, 116, 117]",False,False,NONZERO_PRESTART_RELOCATION_RELATIVE_TO_PR134_R0;NONZERO_TIMESHIFT_RELATIVE_TO_PR134_R0;B0_START_SITE_ABSENT_COMPLETE_PR134_DOMAIN
9020018,AIDC09,AIDC11,0,40,1,3,"[40, 41, 42, 43, 44, 45, 46, 47, 48, 49, 50, 51, 52, 53, 54, 55, 56, 57, 58, 59, 60, 61, 62, 63, 64, 65, 66, 67, 68, 69, 70, 71, 72, 73, 74, 75, 76, 77, 78, 79, 80, 81, 82, 83, 84, 85, 86, 87, 88, 89, 90, 91, 92, 93, 94, 95, 96, 97, 98, 99, 100, 101, 102, 103, 104, 105, 106, 107, 108, 109, 110, 111, 112, 113, 114, 115, 116, 117]",False,False,NONZERO_PRESTART_RELOCATION_RELATIVE_TO_PR134_R0;NONZERO_TIMESHIFT_RELATIVE_TO_PR134_R0;B0_START_SITE_ABSENT_COMPLETE_PR134_DOMAIN
9020019,AIDC09,AIDC12,0,41,1,3,"[41, 42, 43, 44, 45, 46, 47, 48, 49, 50, 51, 52, 53, 54, 55, 56, 57, 58, 59, 60, 61, 62, 63, 64, 65, 66, 67, 68, 69, 70, 71, 72, 73, 74, 75, 76, 77, 78, 79, 80, 81, 82, 83, 84, 85, 86, 87, 88, 89, 90, 91, 92, 93, 94, 95, 96, 97, 98, 99, 100, 101, 102, 103, 104, 105, 106, 107, 108, 109, 110, 111, 112, 113, 114, 115, 116, 117]",False,False,NONZERO_PRESTART_RELOCATION_RELATIVE_TO_PR134_R0;NONZERO_TIMESHIFT_RELATIVE_TO_PR134_R0;B0_START_SITE_ABSENT_COMPLETE_PR134_DOMAIN
9020020,AIDC09,AIDC12,0,41,1,3,"[41, 42, 43, 44, 45, 46, 47, 48, 49, 50, 51, 52, 53, 54, 55, 56, 57, 58, 59, 60, 61, 62, 63, 64, 65, 66, 67, 68, 69, 70, 71, 72, 73, 74, 75, 76, 77, 78, 79, 80, 81, 82, 83, 84, 85, 86, 87, 88, 89, 90, 91, 92, 93, 94, 95, 96, 97, 98, 99, 100, 101, 102, 103, 104, 105, 106, 107, 108, 109, 110, 111, 112, 113, 114, 115, 116, 117]",False,False,NONZERO_PRESTART_RELOCATION_RELATIVE_TO_PR134_R0;NONZERO_TIMESHIFT_RELATIVE_TO_PR134_R0;B0_START_SITE_ABSENT_COMPLETE_PR134_DOMAIN
9020021,AIDC09,AIDC12,0,41,1,3,"[41, 42, 43, 44, 45, 46, 47, 48, 49, 50, 51, 52, 53, 54, 55, 56, 57, 58, 59, 60, 61, 62, 63, 64, 65, 66, 67, 68, 69, 70, 71, 72, 73, 74, 75, 76, 77, 78, 79, 80, 81, 82, 83, 84, 85, 86, 87, 88, 89, 90, 91, 92, 93, 94, 95, 96, 97, 98, 99, 100, 101, 102, 103, 104, 105, 106, 107, 108, 109, 110, 111, 112, 113, 114, 115, 116, 117]",False,False,NONZERO_PRESTART_RELOCATION_RELATIVE_TO_PR134_R0;NONZERO_TIMESHIFT_RELATIVE_TO_PR134_R0;B0_START_SITE_ABSENT_COMPLETE_PR134_DOMAIN
9020022,AIDC09,AIDC12,0,41,1,3,"[41, 42, 43, 44, 45, 46, 47, 48, 49, 50, 51, 52, 53, 54, 55, 56, 57, 58, 59, 60, 61, 62, 63, 64, 65, 66, 67, 68, 69, 70, 71, 72, 73, 74, 75, 76, 77, 78, 79, 80, 81, 82, 83, 84, 85, 86, 87, 88, 89, 90, 91, 92, 93, 94, 95, 96, 97, 98, 99, 100, 101, 102, 103, 104, 105, 106, 107, 108, 109, 110, 111, 112, 113, 114, 115, 116, 117]",False,False,NONZERO_PRESTART_RELOCATION_RELATIVE_TO_PR134_R0;NONZERO_TIMESHIFT_RELATIVE_TO_PR134_R0;B0_START_SITE_ABSENT_COMPLETE_PR134_DOMAIN
9020023,AIDC09,AIDC12,0,41,1,3,"[41, 42, 43, 44, 45, 46, 47, 48, 49, 50, 51, 52, 53, 54, 55, 56, 57, 58, 59, 60, 61, 62, 63, 64, 65, 66, 67, 68, 69, 70, 71, 72, 73, 74, 75, 76, 77, 78, 79, 80, 81, 82, 83, 84, 85, 86, 87, 88, 89, 90, 91, 92, 93, 94, 95, 96, 97, 98, 99, 100, 101, 102, 103, 104, 105, 106, 107, 108, 109, 110, 111, 112, 113, 114, 115, 116, 117]",False,False,NONZERO_PRESTART_RELOCATION_RELATIVE_TO_PR134_R0;NONZERO_TIMESHIFT_RELATIVE_TO_PR134_R0;B0_START_SITE_ABSENT_COMPLETE_PR134_DOMAIN
9020024,AIDC09,AIDC12,0,41,1,3,"[41, 42, 43, 44, 45, 46, 47, 48, 49, 50, 51, 52, 53, 54, 55, 56, 57, 58, 59, 60, 61, 62, 63, 64, 65, 66, 67, 68, 69, 70, 71, 72, 73, 74, 75, 76, 77, 78, 79, 80, 81, 82, 83, 84, 85, 86, 87, 88, 89, 90, 91, 92, 93, 94, 95, 96, 97, 98, 99, 100, 101, 102, 103, 104, 105, 106, 107, 108, 109, 110, 111, 112, 113, 114, 115, 116, 117]",False,False,NONZERO_PRESTART_RELOCATION_RELATIVE_TO_PR134_R0;NONZERO_TIMESHIFT_RELATIVE_TO_PR134_R0;B0_START_SITE_ABSENT_COMPLETE_PR134_DOMAIN
9020025,AIDC09,AIDC12,0,41,1,3,"[41, 42, 43, 44, 45, 46, 47, 48, 49, 50, 51, 52, 53, 54, 55, 56, 57, 58, 59, 60, 61, 62, 63, 64, 65, 66, 67, 68, 69, 70, 71, 72, 73, 74, 75, 76, 77, 78, 79, 80, 81, 82, 83, 84, 85, 86, 87, 88, 89, 90, 91, 92, 93, 94, 95, 96, 97, 98, 99, 100, 101, 102, 103, 104, 105, 106, 107, 108, 109, 110, 111, 112, 113, 114, 115, 116, 117]",False,False,NONZERO_PRESTART_RELOCATION_RELATIVE_TO_PR134_R0;NONZERO_TIMESHIFT_RELATIVE_TO_PR134_R0;B0_START_SITE_ABSENT_COMPLETE_PR134_DOMAIN
9020026,AIDC09,AIDC12,0,41,1,3,"[41, 42, 43, 44, 45, 46, 47, 48, 49, 50, 51, 52, 53, 54, 55, 56, 57, 58, 59, 60, 61, 62, 63, 64, 65, 66, 67, 68, 69, 70, 71, 72, 73, 74, 75, 76, 77, 78, 79, 80, 81, 82, 83, 84, 85, 86, 87, 88, 89, 90, 91, 92, 93, 94, 95, 96, 97, 98, 99, 100, 101, 102, 103, 104, 105, 106, 107, 108, 109, 110, 111, 112, 113, 114, 115, 116, 117]",False,False,NONZERO_PRESTART_RELOCATION_RELATIVE_TO_PR134_R0;NONZERO_TIMESHIFT_RELATIVE_TO_PR134_R0;B0_START_SITE_ABSENT_COMPLETE_PR134_DOMAIN
9020027,AIDC09,AIDC06,0,42,1,3,"[42, 43, 44, 45, 46, 47, 48, 49, 50, 51, 52, 53, 54, 55, 56, 57, 58, 59, 60, 61, 62, 63, 64, 65, 66, 67, 68, 69, 70, 71, 72, 73, 74, 75, 76, 77, 78, 79, 80, 81, 82, 83, 84, 85, 86, 87, 88, 89, 90, 91, 92, 93, 94, 95, 96, 97, 98, 99, 100, 101, 102, 103, 104, 105, 106, 107, 108, 109, 110, 111, 112, 113, 114, 115, 116, 117]",False,False,NONZERO_PRESTART_RELOCATION_RELATIVE_TO_PR134_R0;NONZERO_TIMESHIFT_RELATIVE_TO_PR134_R0;B0_START_SITE_ABSENT_COMPLETE_PR134_DOMAIN
9020028,AIDC09,AIDC06,0,43,1,3,"[43, 44, 45, 46, 47, 48, 49, 50, 51, 52, 53, 54, 55, 56, 57, 58, 59, 60, 61, 62, 63, 64, 65, 66, 67, 68, 69, 70, 71, 72, 73, 74, 75, 76, 77, 78, 79, 80, 81, 82, 83, 84, 85, 86, 87, 88, 89, 90, 91, 92, 93, 94, 95, 96, 97, 98, 99, 100, 101, 102, 103, 104, 105, 106, 107, 108, 109, 110, 111, 112, 113, 114, 115, 116, 117]",False,False,NONZERO_PRESTART_RELOCATION_RELATIVE_TO_PR134_R0;NONZERO_TIMESHIFT_RELATIVE_TO_PR134_R0;B0_START_SITE_ABSENT_COMPLETE_PR134_DOMAIN
9020029,AIDC09,AIDC06,0,43,1,3,"[43, 44, 45, 46, 47, 48, 49, 50, 51, 52, 53, 54, 55, 56, 57, 58, 59, 60, 61, 62, 63, 64, 65, 66, 67, 68, 69, 70, 71, 72, 73, 74, 75, 76, 77, 78, 79, 80, 81, 82, 83, 84, 85, 86, 87, 88, 89, 90, 91, 92, 93, 94, 95, 96, 97, 98, 99, 100, 101, 102, 103, 104, 105, 106, 107, 108, 109, 110, 111, 112, 113, 114, 115, 116, 117]",False,False,NONZERO_PRESTART_RELOCATION_RELATIVE_TO_PR134_R0;NONZERO_TIMESHIFT_RELATIVE_TO_PR134_R0;B0_START_SITE_ABSENT_COMPLETE_PR134_DOMAIN
9020030,AIDC09,AIDC06,0,43,1,3,"[43, 44, 45, 46, 47, 48, 49, 50, 51, 52, 53, 54, 55, 56, 57, 58, 59, 60, 61, 62, 63, 64, 65, 66, 67, 68, 69, 70, 71, 72, 73, 74, 75, 76, 77, 78, 79, 80, 81, 82, 83, 84, 85, 86, 87, 88, 89, 90, 91, 92, 93, 94, 95, 96, 97, 98, 99, 100, 101, 102, 103, 104, 105, 106, 107, 108, 109, 110, 111, 112, 113, 114, 115, 116, 117]",False,False,NONZERO_PRESTART_RELOCATION_RELATIVE_TO_PR134_R0;NONZERO_TIMESHIFT_RELATIVE_TO_PR134_R0;B0_START_SITE_ABSENT_COMPLETE_PR134_DOMAIN
9020031,AIDC09,AIDC06,0,43,1,3,"[43, 44, 45, 46, 47, 48, 49, 50, 51, 52, 53, 54, 55, 56, 57, 58, 59, 60, 61, 62, 63, 64, 65, 66, 67, 68, 69, 70, 71, 72, 73, 74, 75, 76, 77, 78, 79, 80, 81, 82, 83, 84, 85, 86, 87, 88, 89, 90, 91, 92, 93, 94, 95, 96, 97, 98, 99, 100, 101, 102, 103, 104, 105, 106, 107, 108, 109, 110, 111, 112, 113, 114, 115, 116, 117]",False,False,NONZERO_PRESTART_RELOCATION_RELATIVE_TO_PR134_R0;NONZERO_TIMESHIFT_RELATIVE_TO_PR134_R0;B0_START_SITE_ABSENT_COMPLETE_PR134_DOMAIN
9020032,AIDC09,AIDC06,0,43,1,3,"[43, 44, 45, 46, 47, 48, 49, 50, 51, 52, 53, 54, 55, 56, 57, 58, 59, 60, 61, 62, 63, 64, 65, 66, 67, 68, 69, 70, 71, 72, 73, 74, 75, 76, 77, 78, 79, 80, 81, 82, 83, 84, 85, 86, 87, 88, 89, 90, 91, 92, 93, 94, 95, 96, 97, 98, 99, 100, 101, 102, 103, 104, 105, 106, 107, 108, 109, 110, 111, 112, 113, 114, 115, 116, 117]",False,False,NONZERO_PRESTART_RELOCATION_RELATIVE_TO_PR134_R0;NONZERO_TIMESHIFT_RELATIVE_TO_PR134_R0;B0_START_SITE_ABSENT_COMPLETE_PR134_DOMAIN
9020033,AIDC09,AIDC06,0,43,1,3,"[43, 44, 45, 46, 47, 48, 49, 50, 51, 52, 53, 54, 55, 56, 57, 58, 59, 60, 61, 62, 63, 64, 65, 66, 67, 68, 69, 70, 71, 72, 73, 74, 75, 76, 77, 78, 79, 80, 81, 82, 83, 84, 85, 86, 87, 88, 89, 90, 91, 92, 93, 94, 95, 96, 97, 98, 99, 100, 101, 102, 103, 104, 105, 106, 107, 108, 109, 110, 111, 112, 113, 114, 115, 116, 117]",False,False,NONZERO_PRESTART_RELOCATION_RELATIVE_TO_PR134_R0;NONZERO_TIMESHIFT_RELATIVE_TO_PR134_R0;B0_START_SITE_ABSENT_COMPLETE_PR134_DOMAIN
9020034,AIDC09,AIDC06,0,43,1,3,"[43, 44, 45, 46, 47, 48, 49, 50, 51, 52, 53, 54, 55, 56, 57, 58, 59, 60, 61, 62, 63, 64, 65, 66, 67, 68, 69, 70, 71, 72, 73, 74, 75, 76, 77, 78, 79, 80, 81, 82, 83, 84, 85, 86, 87, 88, 89, 90, 91, 92, 93, 94, 95, 96, 97, 98, 99, 100, 101, 102, 103, 104, 105, 106, 107, 108, 109, 110, 111, 112, 113, 114, 115, 116, 117]",False,False,NONZERO_PRESTART_RELOCATION_RELATIVE_TO_PR134_R0;NONZERO_TIMESHIFT_RELATIVE_TO_PR134_R0;B0_START_SITE_ABSENT_COMPLETE_PR134_DOMAIN
9020035,AIDC09,AIDC06,0,43,1,3,"[43, 44, 45, 46, 47, 48, 49, 50, 51, 52, 53, 54, 55, 56, 57, 58, 59, 60, 61, 62, 63, 64, 65, 66, 67, 68, 69, 70, 71, 72, 73, 74, 75, 76, 77, 78, 79, 80, 81, 82, 83, 84, 85, 86, 87, 88, 89, 90, 91, 92, 93, 94, 95, 96, 97, 98, 99, 100, 101, 102, 103, 104, 105, 106, 107, 108, 109, 110, 111, 112, 113, 114, 115, 116, 117]",False,False,NONZERO_PRESTART_RELOCATION_RELATIVE_TO_PR134_R0;NONZERO_TIMESHIFT_RELATIVE_TO_PR134_R0;B0_START_SITE_ABSENT_COMPLETE_PR134_DOMAIN
9020036,AIDC09,AIDC06,0,43,1,3,"[43, 44, 45, 46, 47, 48, 49, 50, 51, 52, 53, 54, 55, 56, 57, 58, 59, 60, 61, 62, 63, 64, 65, 66, 67, 68, 69, 70, 71, 72, 73, 74, 75, 76, 77, 78, 79, 80, 81, 82, 83, 84, 85, 86, 87, 88, 89, 90, 91, 92, 93, 94, 95, 96, 97, 98, 99, 100, 101, 102, 103, 104, 105, 106, 107, 108, 109, 110, 111, 112, 113, 114, 115, 116, 117]",False,False,NONZERO_PRESTART_RELOCATION_RELATIVE_TO_PR134_R0;NONZERO_TIMESHIFT_RELATIVE_TO_PR134_R0;B0_START_SITE_ABSENT_COMPLETE_PR134_DOMAIN
9020037,AIDC09,AIDC06,0,43,1,3,"[43, 44, 45, 46, 47, 48, 49, 50, 51, 52, 53, 54, 55, 56, 57, 58, 59, 60, 61, 62, 63, 64, 65, 66, 67, 68, 69, 70, 71, 72, 73, 74, 75, 76, 77, 78, 79, 80, 81, 82, 83, 84, 85, 86, 87, 88, 89, 90, 91, 92, 93, 94, 95, 96, 97, 98, 99, 100, 101, 102, 103, 104, 105, 106, 107, 108, 109, 110, 111, 112, 113, 114, 115, 116, 117]",False,False,NONZERO_PRESTART_RELOCATION_RELATIVE_TO_PR134_R0;NONZERO_TIMESHIFT_RELATIVE_TO_PR134_R0;B0_START_SITE_ABSENT_COMPLETE_PR134_DOMAIN
9020038,AIDC09,AIDC08,0,43,1,3,"[43, 44, 45, 46, 47, 48, 49, 50, 51, 52, 53, 54, 55, 56, 57, 58, 59, 60, 61, 62, 63, 64, 65, 66, 67, 68, 69, 70, 71, 72, 73, 74, 75, 76, 77, 78, 79, 80, 81, 82, 83, 84, 85, 86, 87, 88, 89, 90, 91, 92, 93, 94, 95, 96, 97, 98, 99, 100, 101, 102, 103, 104, 105, 106, 107, 108, 109, 110, 111, 112, 113, 114, 115, 116, 117]",False,False,NONZERO_PRESTART_RELOCATION_RELATIVE_TO_PR134_R0;NONZERO_TIMESHIFT_RELATIVE_TO_PR134_R0;B0_START_SITE_ABSENT_COMPLETE_PR134_DOMAIN
9020039,AIDC09,AIDC08,0,43,1,3,"[43, 44, 45, 46, 47, 48, 49, 50, 51, 52, 53, 54, 55, 56, 57, 58, 59, 60, 61, 62, 63, 64, 65, 66, 67, 68, 69, 70, 71, 72, 73, 74, 75, 76, 77, 78, 79, 80, 81, 82, 83, 84, 85, 86, 87, 88, 89, 90, 91, 92, 93, 94, 95, 96, 97, 98, 99, 100, 101, 102, 103, 104, 105, 106, 107, 108, 109, 110, 111, 112, 113, 114, 115, 116, 117]",False,False,NONZERO_PRESTART_RELOCATION_RELATIVE_TO_PR134_R0;NONZERO_TIMESHIFT_RELATIVE_TO_PR134_R0;B0_START_SITE_ABSENT_COMPLETE_PR134_DOMAIN
9020040,AIDC09,AIDC08,0,43,1,3,"[43, 44, 45, 46, 47, 48, 49, 50, 51, 52, 53, 54, 55, 56, 57, 58, 59, 60, 61, 62, 63, 64, 65, 66, 67, 68, 69, 70, 71, 72, 73, 74, 75, 76, 77, 78, 79, 80, 81, 82, 83, 84, 85, 86, 87, 88, 89, 90, 91, 92, 93, 94, 95, 96, 97, 98, 99, 100, 101, 102, 103, 104, 105, 106, 107, 108, 109, 110, 111, 112, 113, 114, 115, 116, 117]",False,False,NONZERO_PRESTART_RELOCATION_RELATIVE_TO_PR134_R0;NONZERO_TIMESHIFT_RELATIVE_TO_PR134_R0;B0_START_SITE_ABSENT_COMPLETE_PR134_DOMAIN
9020041,AIDC09,AIDC08,0,43,1,3,"[43, 44, 45, 46, 47, 48, 49, 50, 51, 52, 53, 54, 55, 56, 57, 58, 59, 60, 61, 62, 63, 64, 65, 66, 67, 68, 69, 70, 71, 72, 73, 74, 75, 76, 77, 78, 79, 80, 81, 82, 83, 84, 85, 86, 87, 88, 89, 90, 91, 92, 93, 94, 95, 96, 97, 98, 99, 100, 101, 102, 103, 104, 105, 106, 107, 108, 109, 110, 111, 112, 113, 114, 115, 116, 117]",False,False,NONZERO_PRESTART_RELOCATION_RELATIVE_TO_PR134_R0;NONZERO_TIMESHIFT_RELATIVE_TO_PR134_R0;B0_START_SITE_ABSENT_COMPLETE_PR134_DOMAIN
9020042,AIDC09,AIDC08,0,43,1,3,"[43, 44, 45, 46, 47, 48, 49, 50, 51, 52, 53, 54, 55, 56, 57, 58, 59, 60, 61, 62, 63, 64, 65, 66, 67, 68, 69, 70, 71, 72, 73, 74, 75, 76, 77, 78, 79, 80, 81, 82, 83, 84, 85, 86, 87, 88, 89, 90, 91, 92, 93, 94, 95, 96, 97, 98, 99, 100, 101, 102, 103, 104, 105, 106, 107, 108, 109, 110, 111, 112, 113, 114, 115, 116, 117]",False,False,NONZERO_PRESTART_RELOCATION_RELATIVE_TO_PR134_R0;NONZERO_TIMESHIFT_RELATIVE_TO_PR134_R0;B0_START_SITE_ABSENT_COMPLETE_PR134_DOMAIN
9020043,AIDC10,AIDC08,0,43,1,3,"[43, 44, 45, 46, 47, 48, 49, 50, 51, 52, 53, 54, 55, 56, 57, 58, 59, 60, 61, 62, 63, 64, 65, 66, 67, 68, 69, 70, 71, 72, 73, 74, 75, 76, 77, 78, 79, 80, 81, 82, 83, 84, 85, 86, 87, 88, 89, 90, 91, 92, 93, 94, 95, 96, 97, 98, 99, 100, 101, 102, 103, 104, 105, 106, 107, 108, 109, 110, 111, 112, 113, 114, 115, 116, 117]",False,False,NONZERO_PRESTART_RELOCATION_RELATIVE_TO_PR134_R0;NONZERO_TIMESHIFT_RELATIVE_TO_PR134_R0;B0_START_SITE_ABSENT_COMPLETE_PR134_DOMAIN
9020044,AIDC10,AIDC08,0,43,1,3,"[43, 44, 45, 46, 47, 48, 49, 50, 51, 52, 53, 54, 55, 56, 57, 58, 59, 60, 61, 62, 63, 64, 65, 66, 67, 68, 69, 70, 71, 72, 73, 74, 75, 76, 77, 78, 79, 80, 81, 82, 83, 84, 85, 86, 87, 88, 89, 90, 91, 92, 93, 94, 95, 96, 97, 98, 99, 100, 101, 102, 103, 104, 105, 106, 107, 108, 109, 110, 111, 112, 113, 114, 115, 116, 117]",False,False,NONZERO_PRESTART_RELOCATION_RELATIVE_TO_PR134_R0;NONZERO_TIMESHIFT_RELATIVE_TO_PR134_R0;B0_START_SITE_ABSENT_COMPLETE_PR134_DOMAIN
9020045,AIDC10,AIDC08,0,43,1,3,"[43, 44, 45, 46, 47, 48, 49, 50, 51, 52, 53, 54, 55, 56, 57, 58, 59, 60, 61, 62, 63, 64, 65, 66, 67, 68, 69, 70, 71, 72, 73, 74, 75, 76, 77, 78, 79, 80, 81, 82, 83, 84, 85, 86, 87, 88, 89, 90, 91, 92, 93, 94, 95, 96, 97, 98, 99, 100, 101, 102, 103, 104, 105, 106, 107, 108, 109, 110, 111, 112, 113, 114, 115, 116, 117]",False,False,NONZERO_PRESTART_RELOCATION_RELATIVE_TO_PR134_R0;NONZERO_TIMESHIFT_RELATIVE_TO_PR134_R0;B0_START_SITE_ABSENT_COMPLETE_PR134_DOMAIN
9020046,AIDC10,AIDC12,0,44,1,3,"[44, 45, 46, 47, 48, 49, 50, 51, 52, 53, 54, 55, 56, 57, 58, 59, 60, 61, 62, 63, 64, 65, 66, 67, 68, 69, 70, 71, 72, 73, 74, 75, 76, 77, 78, 79, 80, 81, 82, 83, 84, 85, 86, 87, 88, 89, 90, 91, 92, 93, 94, 95, 96, 97, 98, 99, 100, 101, 102, 103, 104, 105, 106, 107, 108, 109, 110, 111, 112, 113, 114, 115, 116, 117]",False,False,NONZERO_PRESTART_RELOCATION_RELATIVE_TO_PR134_R0;NONZERO_TIMESHIFT_RELATIVE_TO_PR134_R0;B0_START_SITE_ABSENT_COMPLETE_PR134_DOMAIN
9020047,AIDC10,AIDC12,0,44,1,3,"[44, 45, 46, 47, 48, 49, 50, 51, 52, 53, 54, 55, 56, 57, 58, 59, 60, 61, 62, 63, 64, 65, 66, 67, 68, 69, 70, 71, 72, 73, 74, 75, 76, 77, 78, 79, 80, 81, 82, 83, 84, 85, 86, 87, 88, 89, 90, 91, 92, 93, 94, 95, 96, 97, 98, 99, 100, 101, 102, 103, 104, 105, 106, 107, 108, 109, 110, 111, 112, 113, 114, 115, 116, 117]",False,False,NONZERO_PRESTART_RELOCATION_RELATIVE_TO_PR134_R0;NONZERO_TIMESHIFT_RELATIVE_TO_PR134_R0;B0_START_SITE_ABSENT_COMPLETE_PR134_DOMAIN
9020048,AIDC10,AIDC12,0,44,1,3,"[44, 45, 46, 47, 48, 49, 50, 51, 52, 53, 54, 55, 56, 57, 58, 59, 60, 61, 62, 63, 64, 65, 66, 67, 68, 69, 70, 71, 72, 73, 74, 75, 76, 77, 78, 79, 80, 81, 82, 83, 84, 85, 86, 87, 88, 89, 90, 91, 92, 93, 94, 95, 96, 97, 98, 99, 100, 101, 102, 103, 104, 105, 106, 107, 108, 109, 110, 111, 112, 113, 114, 115, 116, 117]",False,False,NONZERO_PRESTART_RELOCATION_RELATIVE_TO_PR134_R0;NONZERO_TIMESHIFT_RELATIVE_TO_PR134_R0;B0_START_SITE_ABSENT_COMPLETE_PR134_DOMAIN
9020049,AIDC10,AIDC12,0,44,1,3,"[44, 45, 46, 47, 48, 49, 50, 51, 52, 53, 54, 55, 56, 57, 58, 59, 60, 61, 62, 63, 64, 65, 66, 67, 68, 69, 70, 71, 72, 73, 74, 75, 76, 77, 78, 79, 80, 81, 82, 83, 84, 85, 86, 87, 88, 89, 90, 91, 92, 93, 94, 95, 96, 97, 98, 99, 100, 101, 102, 103, 104, 105, 106, 107, 108, 109, 110, 111, 112, 113, 114, 115, 116, 117]",False,False,NONZERO_PRESTART_RELOCATION_RELATIVE_TO_PR134_R0;NONZERO_TIMESHIFT_RELATIVE_TO_PR134_R0;B0_START_SITE_ABSENT_COMPLETE_PR134_DOMAIN
9020050,AIDC10,AIDC12,0,44,1,3,"[44, 45, 46, 47, 48, 49, 50, 51, 52, 53, 54, 55, 56, 57, 58, 59, 60, 61, 62, 63, 64, 65, 66, 67, 68, 69, 70, 71, 72, 73, 74, 75, 76, 77, 78, 79, 80, 81, 82, 83, 84, 85, 86, 87, 88, 89, 90, 91, 92, 93, 94, 95, 96, 97, 98, 99, 100, 101, 102, 103, 104, 105, 106, 107, 108, 109, 110, 111, 112, 113, 114, 115, 116, 117]",False,False,NONZERO_PRESTART_RELOCATION_RELATIVE_TO_PR134_R0;NONZERO_TIMESHIFT_RELATIVE_TO_PR134_R0;B0_START_SITE_ABSENT_COMPLETE_PR134_DOMAIN
9020051,AIDC10,AIDC12,0,44,1,3,"[44, 45, 46, 47, 48, 49, 50, 51, 52, 53, 54, 55, 56, 57, 58, 59, 60, 61, 62, 63, 64, 65, 66, 67, 68, 69, 70, 71, 72, 73, 74, 75, 76, 77, 78, 79, 80, 81, 82, 83, 84, 85, 86, 87, 88, 89, 90, 91, 92, 93, 94, 95, 96, 97, 98, 99, 100, 101, 102, 103, 104, 105, 106, 107, 108, 109, 110, 111, 112, 113, 114, 115, 116, 117]",False,False,NONZERO_PRESTART_RELOCATION_RELATIVE_TO_PR134_R0;NONZERO_TIMESHIFT_RELATIVE_TO_PR134_R0;B0_START_SITE_ABSENT_COMPLETE_PR134_DOMAIN
9020052,AIDC10,AIDC01,0,45,1,3,"[45, 46, 47, 48, 49, 50, 51, 52, 53, 54, 55, 56, 57, 58, 59, 60, 61, 62, 63, 64, 65, 66, 67, 68, 69, 70, 71, 72, 73, 74, 75, 76, 77, 78, 79, 80, 81, 82, 83, 84, 85, 86, 87, 88, 89, 90, 91, 92, 93, 94, 95, 96, 97, 98, 99, 100, 101, 102, 103, 104, 105, 106, 107, 108, 109, 110, 111, 112, 113, 114, 115, 116, 117]",False,False,NONZERO_PRESTART_RELOCATION_RELATIVE_TO_PR134_R0;NONZERO_TIMESHIFT_RELATIVE_TO_PR134_R0;B0_START_SITE_ABSENT_COMPLETE_PR134_DOMAIN
9020053,AIDC10,AIDC01,0,45,1,3,"[45, 46, 47, 48, 49, 50, 51, 52, 53, 54, 55, 56, 57, 58, 59, 60, 61, 62, 63, 64, 65, 66, 67, 68, 69, 70, 71, 72, 73, 74, 75, 76, 77, 78, 79, 80, 81, 82, 83, 84, 85, 86, 87, 88, 89, 90, 91, 92, 93, 94, 95, 96, 97, 98, 99, 100, 101, 102, 103, 104, 105, 106, 107, 108, 109, 110, 111, 112, 113, 114, 115, 116, 117]",False,False,NONZERO_PRESTART_RELOCATION_RELATIVE_TO_PR134_R0;NONZERO_TIMESHIFT_RELATIVE_TO_PR134_R0;B0_START_SITE_ABSENT_COMPLETE_PR134_DOMAIN
9020054,AIDC10,AIDC01,0,45,1,3,"[45, 46, 47, 48, 49, 50, 51, 52, 53, 54, 55, 56, 57, 58, 59, 60, 61, 62, 63, 64, 65, 66, 67, 68, 69, 70, 71, 72, 73, 74, 75, 76, 77, 78, 79, 80, 81, 82, 83, 84, 85, 86, 87, 88, 89, 90, 91, 92, 93, 94, 95, 96, 97, 98, 99, 100, 101, 102, 103, 104, 105, 106, 107, 108, 109, 110, 111, 112, 113, 114, 115, 116, 117]",False,False,NONZERO_PRESTART_RELOCATION_RELATIVE_TO_PR134_R0;NONZERO_TIMESHIFT_RELATIVE_TO_PR134_R0;B0_START_SITE_ABSENT_COMPLETE_PR134_DOMAIN
9020055,AIDC10,AIDC01,0,45,1,3,"[45, 46, 47, 48, 49, 50, 51, 52, 53, 54, 55, 56, 57, 58, 59, 60, 61, 62, 63, 64, 65, 66, 67, 68, 69, 70, 71, 72, 73, 74, 75, 76, 77, 78, 79, 80, 81, 82, 83, 84, 85, 86, 87, 88, 89, 90, 91, 92, 93, 94, 95, 96, 97, 98, 99, 100, 101, 102, 103, 104, 105, 106, 107, 108, 109, 110, 111, 112, 113, 114, 115, 116, 117]",False,False,NONZERO_PRESTART_RELOCATION_RELATIVE_TO_PR134_R0;NONZERO_TIMESHIFT_RELATIVE_TO_PR134_R0;B0_START_SITE_ABSENT_COMPLETE_PR134_DOMAIN
9020056,AIDC10,AIDC01,0,45,1,3,"[45, 46, 47, 48, 49, 50, 51, 52, 53, 54, 55, 56, 57, 58, 59, 60, 61, 62, 63, 64, 65, 66, 67, 68, 69, 70, 71, 72, 73, 74, 75, 76, 77, 78, 79, 80, 81, 82, 83, 84, 85, 86, 87, 88, 89, 90, 91, 92, 93, 94, 95, 96, 97, 98, 99, 100, 101, 102, 103, 104, 105, 106, 107, 108, 109, 110, 111, 112, 113, 114, 115, 116, 117]",False,False,NONZERO_PRESTART_RELOCATION_RELATIVE_TO_PR134_R0;NONZERO_TIMESHIFT_RELATIVE_TO_PR134_R0;B0_START_SITE_ABSENT_COMPLETE_PR134_DOMAIN
9020057,AIDC10,AIDC01,0,45,1,3,"[45, 46, 47, 48, 49, 50, 51, 52, 53, 54, 55, 56, 57, 58, 59, 60, 61, 62, 63, 64, 65, 66, 67, 68, 69, 70, 71, 72, 73, 74, 75, 76, 77, 78, 79, 80, 81, 82, 83, 84, 85, 86, 87, 88, 89, 90, 91, 92, 93, 94, 95, 96, 97, 98, 99, 100, 101, 102, 103, 104, 105, 106, 107, 108, 109, 110, 111, 112, 113, 114, 115, 116, 117]",False,False,NONZERO_PRESTART_RELOCATION_RELATIVE_TO_PR134_R0;NONZERO_TIMESHIFT_RELATIVE_TO_PR134_R0;B0_START_SITE_ABSENT_COMPLETE_PR134_DOMAIN
9020058,AIDC10,AIDC12,0,45,1,3,"[45, 46, 47, 48, 49, 50, 51, 52, 53, 54, 55, 56, 57, 58, 59, 60, 61, 62, 63, 64, 65, 66, 67, 68, 69, 70, 71, 72, 73, 74, 75, 76, 77, 78, 79, 80, 81, 82, 83, 84, 85, 86, 87, 88, 89, 90, 91, 92, 93, 94, 95, 96, 97, 98, 99, 100, 101, 102, 103, 104, 105, 106, 107, 108, 109, 110, 111, 112, 113, 114, 115, 116, 117]",False,False,NONZERO_PRESTART_RELOCATION_RELATIVE_TO_PR134_R0;NONZERO_TIMESHIFT_RELATIVE_TO_PR134_R0;B0_START_SITE_ABSENT_COMPLETE_PR134_DOMAIN
9020059,AIDC10,AIDC12,0,45,1,3,"[45, 46, 47, 48, 49, 50, 51, 52, 53, 54, 55, 56, 57, 58, 59, 60, 61, 62, 63, 64, 65, 66, 67, 68, 69, 70, 71, 72, 73, 74, 75, 76, 77, 78, 79, 80, 81, 82, 83, 84, 85, 86, 87, 88, 89, 90, 91, 92, 93, 94, 95, 96, 97, 98, 99, 100, 101, 102, 103, 104, 105, 106, 107, 108, 109, 110, 111, 112, 113, 114, 115, 116, 117]",False,False,NONZERO_PRESTART_RELOCATION_RELATIVE_TO_PR134_R0;NONZERO_TIMESHIFT_RELATIVE_TO_PR134_R0;B0_START_SITE_ABSENT_COMPLETE_PR134_DOMAIN
9020060,AIDC10,AIDC03,0,46,1,3,"[46, 47, 48, 49, 50, 51, 52, 53, 54, 55, 56, 57, 58, 59, 60, 61, 62, 63, 64, 65, 66, 67, 68, 69, 70, 71, 72, 73, 74, 75, 76, 77, 78, 79, 80, 81, 82, 83, 84, 85, 86, 87, 88, 89, 90, 91, 92, 93, 94, 95, 96, 97, 98, 99, 100, 101, 102, 103, 104, 105, 106, 107, 108, 109, 110, 111, 112, 113, 114, 115, 116, 117]",False,False,NONZERO_PRESTART_RELOCATION_RELATIVE_TO_PR134_R0;NONZERO_TIMESHIFT_RELATIVE_TO_PR134_R0;B0_START_SITE_ABSENT_COMPLETE_PR134_DOMAIN
9020061,AIDC10,AIDC03,0,46,1,3,"[46, 47, 48, 49, 50, 51, 52, 53, 54, 55, 56, 57, 58, 59, 60, 61, 62, 63, 64, 65, 66, 67, 68, 69, 70, 71, 72, 73, 74, 75, 76, 77, 78, 79, 80, 81, 82, 83, 84, 85, 86, 87, 88, 89, 90, 91, 92, 93, 94, 95, 96, 97, 98, 99, 100, 101, 102, 103, 104, 105, 106, 107, 108, 109, 110, 111, 112, 113, 114, 115, 116, 117]",False,False,NONZERO_PRESTART_RELOCATION_RELATIVE_TO_PR134_R0;NONZERO_TIMESHIFT_RELATIVE_TO_PR134_R0;B0_START_SITE_ABSENT_COMPLETE_PR134_DOMAIN
9020062,AIDC10,AIDC03,0,46,1,3,"[46, 47, 48, 49, 50, 51, 52, 53, 54, 55, 56, 57, 58, 59, 60, 61, 62, 63, 64, 65, 66, 67, 68, 69, 70, 71, 72, 73, 74, 75, 76, 77, 78, 79, 80, 81, 82, 83, 84, 85, 86, 87, 88, 89, 90, 91, 92, 93, 94, 95, 96, 97, 98, 99, 100, 101, 102, 103, 104, 105, 106, 107, 108, 109, 110, 111, 112, 113, 114, 115, 116, 117]",False,False,NONZERO_PRESTART_RELOCATION_RELATIVE_TO_PR134_R0;NONZERO_TIMESHIFT_RELATIVE_TO_PR134_R0;B0_START_SITE_ABSENT_COMPLETE_PR134_DOMAIN
9020063,AIDC10,AIDC03,0,46,1,3,"[46, 47, 48, 49, 50, 51, 52, 53, 54, 55, 56, 57, 58, 59, 60, 61, 62, 63, 64, 65, 66, 67, 68, 69, 70, 71, 72, 73, 74, 75, 76, 77, 78, 79, 80, 81, 82, 83, 84, 85, 86, 87, 88, 89, 90, 91, 92, 93, 94, 95, 96, 97, 98, 99, 100, 101, 102, 103, 104, 105, 106, 107, 108, 109, 110, 111, 112, 113, 114, 115, 116, 117]",False,False,NONZERO_PRESTART_RELOCATION_RELATIVE_TO_PR134_R0;NONZERO_TIMESHIFT_RELATIVE_TO_PR134_R0;B0_START_SITE_ABSENT_COMPLETE_PR134_DOMAIN
9020064,AIDC10,AIDC03,0,46,1,3,"[46, 47, 48, 49, 50, 51, 52, 53, 54, 55, 56, 57, 58, 59, 60, 61, 62, 63, 64, 65, 66, 67, 68, 69, 70, 71, 72, 73, 74, 75, 76, 77, 78, 79, 80, 81, 82, 83, 84, 85, 86, 87, 88, 89, 90, 91, 92, 93, 94, 95, 96, 97, 98, 99, 100, 101, 102, 103, 104, 105, 106, 107, 108, 109, 110, 111, 112, 113, 114, 115, 116, 117]",False,False,NONZERO_PRESTART_RELOCATION_RELATIVE_TO_PR134_R0;NONZERO_TIMESHIFT_RELATIVE_TO_PR134_R0;B0_START_SITE_ABSENT_COMPLETE_PR134_DOMAIN
9020065,AIDC10,AIDC03,0,46,1,3,"[46, 47, 48, 49, 50, 51, 52, 53, 54, 55, 56, 57, 58, 59, 60, 61, 62, 63, 64, 65, 66, 67, 68, 69, 70, 71, 72, 73, 74, 75, 76, 77, 78, 79, 80, 81, 82, 83, 84, 85, 86, 87, 88, 89, 90, 91, 92, 93, 94, 95, 96, 97, 98, 99, 100, 101, 102, 103, 104, 105, 106, 107, 108, 109, 110, 111, 112, 113, 114, 115, 116, 117]",False,False,NONZERO_PRESTART_RELOCATION_RELATIVE_TO_PR134_R0;NONZERO_TIMESHIFT_RELATIVE_TO_PR134_R0;B0_START_SITE_ABSENT_COMPLETE_PR134_DOMAIN
9020066,AIDC10,AIDC03,0,46,1,3,"[46, 47, 48, 49, 50, 51, 52, 53, 54, 55, 56, 57, 58, 59, 60, 61, 62, 63, 64, 65, 66, 67, 68, 69, 70, 71, 72, 73, 74, 75, 76, 77, 78, 79, 80, 81, 82, 83, 84, 85, 86, 87, 88, 89, 90, 91, 92, 93, 94, 95, 96, 97, 98, 99, 100, 101, 102, 103, 104, 105, 106, 107, 108, 109, 110, 111, 112, 113, 114, 115, 116, 117]",False,False,NONZERO_PRESTART_RELOCATION_RELATIVE_TO_PR134_R0;NONZERO_TIMESHIFT_RELATIVE_TO_PR134_R0;B0_START_SITE_ABSENT_COMPLETE_PR134_DOMAIN
9020067,AIDC10,AIDC03,0,46,1,3,"[46, 47, 48, 49, 50, 51, 52, 53, 54, 55, 56, 57, 58, 59, 60, 61, 62, 63, 64, 65, 66, 67, 68, 69, 70, 71, 72, 73, 74, 75, 76, 77, 78, 79, 80, 81, 82, 83, 84, 85, 86, 87, 88, 89, 90, 91, 92, 93, 94, 95, 96, 97, 98, 99, 100, 101, 102, 103, 104, 105, 106, 107, 108, 109, 110, 111, 112, 113, 114, 115, 116, 117]",False,False,NONZERO_PRESTART_RELOCATION_RELATIVE_TO_PR134_R0;NONZERO_TIMESHIFT_RELATIVE_TO_PR134_R0;B0_START_SITE_ABSENT_COMPLETE_PR134_DOMAIN
9020068,AIDC10,AIDC03,0,46,1,3,"[46, 47, 48, 49, 50, 51, 52, 53, 54, 55, 56, 57, 58, 59, 60, 61, 62, 63, 64, 65, 66, 67, 68, 69, 70, 71, 72, 73, 74, 75, 76, 77, 78, 79, 80, 81, 82, 83, 84, 85, 86, 87, 88, 89, 90, 91, 92, 93, 94, 95, 96, 97, 98, 99, 100, 101, 102, 103, 104, 105, 106, 107, 108, 109, 110, 111, 112, 113, 114, 115, 116, 117]",False,False,NONZERO_PRESTART_RELOCATION_RELATIVE_TO_PR134_R0;NONZERO_TIMESHIFT_RELATIVE_TO_PR134_R0;B0_START_SITE_ABSENT_COMPLETE_PR134_DOMAIN
9020069,AIDC10,AIDC03,0,46,1,3,"[46, 47, 48, 49, 50, 51, 52, 53, 54, 55, 56, 57, 58, 59, 60, 61, 62, 63, 64, 65, 66, 67, 68, 69, 70, 71, 72, 73, 74, 75, 76, 77, 78, 79, 80, 81, 82, 83, 84, 85, 86, 87, 88, 89, 90, 91, 92, 93, 94, 95, 96, 97, 98, 99, 100, 101, 102, 103, 104, 105, 106, 107, 108, 109, 110, 111, 112, 113, 114, 115, 116, 117]",False,False,NONZERO_PRESTART_RELOCATION_RELATIVE_TO_PR134_R0;NONZERO_TIMESHIFT_RELATIVE_TO_PR134_R0;B0_START_SITE_ABSENT_COMPLETE_PR134_DOMAIN
9020070,AIDC10,AIDC03,0,46,1,3,"[46, 47, 48, 49, 50, 51, 52, 53, 54, 55, 56, 57, 58, 59, 60, 61, 62, 63, 64, 65, 66, 67, 68, 69, 70, 71, 72, 73, 74, 75, 76, 77, 78, 79, 80, 81, 82, 83, 84, 85, 86, 87, 88, 89, 90, 91, 92, 93, 94, 95, 96, 97, 98, 99, 100, 101, 102, 103, 104, 105, 106, 107, 108, 109, 110, 111, 112, 113, 114, 115, 116, 117]",False,False,NONZERO_PRESTART_RELOCATION_RELATIVE_TO_PR134_R0;NONZERO_TIMESHIFT_RELATIVE_TO_PR134_R0;B0_START_SITE_ABSENT_COMPLETE_PR134_DOMAIN
9020071,AIDC10,AIDC03,0,46,1,3,"[46, 47, 48, 49, 50, 51, 52, 53, 54, 55, 56, 57, 58, 59, 60, 61, 62, 63, 64, 65, 66, 67, 68, 69, 70, 71, 72, 73, 74, 75, 76, 77, 78, 79, 80, 81, 82, 83, 84, 85, 86, 87, 88, 89, 90, 91, 92, 93, 94, 95, 96, 97, 98, 99, 100, 101, 102, 103, 104, 105, 106, 107, 108, 109, 110, 111, 112, 113, 114, 115, 116, 117]",False,False,NONZERO_PRESTART_RELOCATION_RELATIVE_TO_PR134_R0;NONZERO_TIMESHIFT_RELATIVE_TO_PR134_R0;B0_START_SITE_ABSENT_COMPLETE_PR134_DOMAIN
9020072,AIDC10,AIDC03,0,46,1,3,"[46, 47, 48, 49, 50, 51, 52, 53, 54, 55, 56, 57, 58, 59, 60, 61, 62, 63, 64, 65, 66, 67, 68, 69, 70, 71, 72, 73, 74, 75, 76, 77, 78, 79, 80, 81, 82, 83, 84, 85, 86, 87, 88, 89, 90, 91, 92, 93, 94, 95, 96, 97, 98, 99, 100, 101, 102, 103, 104, 105, 106, 107, 108, 109, 110, 111, 112, 113, 114, 115, 116, 117]",False,False,NONZERO_PRESTART_RELOCATION_RELATIVE_TO_PR134_R0;NONZERO_TIMESHIFT_RELATIVE_TO_PR134_R0;B0_START_SITE_ABSENT_COMPLETE_PR134_DOMAIN
9020073,AIDC10,AIDC03,0,46,1,3,"[46, 47, 48, 49, 50, 51, 52, 53, 54, 55, 56, 57, 58, 59, 60, 61, 62, 63, 64, 65, 66, 67, 68, 69, 70, 71, 72, 73, 74, 75, 76, 77, 78, 79, 80, 81, 82, 83, 84, 85, 86, 87, 88, 89, 90, 91, 92, 93, 94, 95, 96, 97, 98, 99, 100, 101, 102, 103, 104, 105, 106, 107, 108, 109, 110, 111, 112, 113, 114, 115, 116, 117]",False,False,NONZERO_PRESTART_RELOCATION_RELATIVE_TO_PR134_R0;NONZERO_TIMESHIFT_RELATIVE_TO_PR134_R0;B0_START_SITE_ABSENT_COMPLETE_PR134_DOMAIN
9020074,AIDC10,AIDC03,0,46,1,3,"[46, 47, 48, 49, 50, 51, 52, 53, 54, 55, 56, 57, 58, 59, 60, 61, 62, 63, 64, 65, 66, 67, 68, 69, 70, 71, 72, 73, 74, 75, 76, 77, 78, 79, 80, 81, 82, 83, 84, 85, 86, 87, 88, 89, 90, 91, 92, 93, 94, 95, 96, 97, 98, 99, 100, 101, 102, 103, 104, 105, 106, 107, 108, 109, 110, 111, 112, 113, 114, 115, 116, 117]",False,False,NONZERO_PRESTART_RELOCATION_RELATIVE_TO_PR134_R0;NONZERO_TIMESHIFT_RELATIVE_TO_PR134_R0;B0_START_SITE_ABSENT_COMPLETE_PR134_DOMAIN
9020075,AIDC10,AIDC03,0,46,1,3,"[46, 47, 48, 49, 50, 51, 52, 53, 54, 55, 56, 57, 58, 59, 60, 61, 62, 63, 64, 65, 66, 67, 68, 69, 70, 71, 72, 73, 74, 75, 76, 77, 78, 79, 80, 81, 82, 83, 84, 85, 86, 87, 88, 89, 90, 91, 92, 93, 94, 95, 96, 97, 98, 99, 100, 101, 102, 103, 104, 105, 106, 107, 108, 109, 110, 111, 112, 113, 114, 115, 116, 117]",False,False,NONZERO_PRESTART_RELOCATION_RELATIVE_TO_PR134_R0;NONZERO_TIMESHIFT_RELATIVE_TO_PR134_R0;B0_START_SITE_ABSENT_COMPLETE_PR134_DOMAIN
9020076,AIDC10,AIDC04,0,46,1,3,"[46, 47, 48, 49, 50, 51, 52, 53, 54, 55, 56, 57, 58, 59, 60, 61, 62, 63, 64, 65, 66, 67, 68, 69, 70, 71, 72, 73, 74, 75, 76, 77, 78, 79, 80, 81, 82, 83, 84, 85, 86, 87, 88, 89, 90, 91, 92, 93, 94, 95, 96, 97, 98, 99, 100, 101, 102, 103, 104, 105, 106, 107, 108, 109, 110, 111, 112, 113, 114, 115, 116, 117]",False,False,NONZERO_PRESTART_RELOCATION_RELATIVE_TO_PR134_R0;NONZERO_TIMESHIFT_RELATIVE_TO_PR134_R0;B0_START_SITE_ABSENT_COMPLETE_PR134_DOMAIN
9020077,AIDC10,AIDC04,0,46,1,3,"[46, 47, 48, 49, 50, 51, 52, 53, 54, 55, 56, 57, 58, 59, 60, 61, 62, 63, 64, 65, 66, 67, 68, 69, 70, 71, 72, 73, 74, 75, 76, 77, 78, 79, 80, 81, 82, 83, 84, 85, 86, 87, 88, 89, 90, 91, 92, 93, 94, 95, 96, 97, 98, 99, 100, 101, 102, 103, 104, 105, 106, 107, 108, 109, 110, 111, 112, 113, 114, 115, 116, 117]",False,False,NONZERO_PRESTART_RELOCATION_RELATIVE_TO_PR134_R0;NONZERO_TIMESHIFT_RELATIVE_TO_PR134_R0;B0_START_SITE_ABSENT_COMPLETE_PR134_DOMAIN
9020078,AIDC10,AIDC04,0,46,1,3,"[46, 47, 48, 49, 50, 51, 52, 53, 54, 55, 56, 57, 58, 59, 60, 61, 62, 63, 64, 65, 66, 67, 68, 69, 70, 71, 72, 73, 74, 75, 76, 77, 78, 79, 80, 81, 82, 83, 84, 85, 86, 87, 88, 89, 90, 91, 92, 93, 94, 95, 96, 97, 98, 99, 100, 101, 102, 103, 104, 105, 106, 107, 108, 109, 110, 111, 112, 113, 114, 115, 116, 117]",False,False,NONZERO_PRESTART_RELOCATION_RELATIVE_TO_PR134_R0;NONZERO_TIMESHIFT_RELATIVE_TO_PR134_R0;B0_START_SITE_ABSENT_COMPLETE_PR134_DOMAIN
9020079,AIDC10,AIDC04,0,46,1,3,"[46, 47, 48, 49, 50, 51, 52, 53, 54, 55, 56, 57, 58, 59, 60, 61, 62, 63, 64, 65, 66, 67, 68, 69, 70, 71, 72, 73, 74, 75, 76, 77, 78, 79, 80, 81, 82, 83, 84, 85, 86, 87, 88, 89, 90, 91, 92, 93, 94, 95, 96, 97, 98, 99, 100, 101, 102, 103, 104, 105, 106, 107, 108, 109, 110, 111, 112, 113, 114, 115, 116, 117]",False,False,NONZERO_PRESTART_RELOCATION_RELATIVE_TO_PR134_R0;NONZERO_TIMESHIFT_RELATIVE_TO_PR134_R0;B0_START_SITE_ABSENT_COMPLETE_PR134_DOMAIN
9020080,AIDC10,AIDC04,0,46,1,3,"[46, 47, 48, 49, 50, 51, 52, 53, 54, 55, 56, 57, 58, 59, 60, 61, 62, 63, 64, 65, 66, 67, 68, 69, 70, 71, 72, 73, 74, 75, 76, 77, 78, 79, 80, 81, 82, 83, 84, 85, 86, 87, 88, 89, 90, 91, 92, 93, 94, 95, 96, 97, 98, 99, 100, 101, 102, 103, 104, 105, 106, 107, 108, 109, 110, 111, 112, 113, 114, 115, 116, 117]",False,False,NONZERO_PRESTART_RELOCATION_RELATIVE_TO_PR134_R0;NONZERO_TIMESHIFT_RELATIVE_TO_PR134_R0;B0_START_SITE_ABSENT_COMPLETE_PR134_DOMAIN
9020081,AIDC10,AIDC06,0,46,1,3,"[46, 47, 48, 49, 50, 51, 52, 53, 54, 55, 56, 57, 58, 59, 60, 61, 62, 63, 64, 65, 66, 67, 68, 69, 70, 71, 72, 73, 74, 75, 76, 77, 78, 79, 80, 81, 82, 83, 84, 85, 86, 87, 88, 89, 90, 91, 92, 93, 94, 95, 96, 97, 98, 99, 100, 101, 102, 103, 104, 105, 106, 107, 108, 109, 110, 111, 112, 113, 114, 115, 116, 117]",False,False,NONZERO_PRESTART_RELOCATION_RELATIVE_TO_PR134_R0;NONZERO_TIMESHIFT_RELATIVE_TO_PR134_R0;B0_START_SITE_ABSENT_COMPLETE_PR134_DOMAIN
9020082,AIDC10,AIDC06,0,46,1,3,"[46, 47, 48, 49, 50, 51, 52, 53, 54, 55, 56, 57, 58, 59, 60, 61, 62, 63, 64, 65, 66, 67, 68, 69, 70, 71, 72, 73, 74, 75, 76, 77, 78, 79, 80, 81, 82, 83, 84, 85, 86, 87, 88, 89, 90, 91, 92, 93, 94, 95, 96, 97, 98, 99, 100, 101, 102, 103, 104, 105, 106, 107, 108, 109, 110, 111, 112, 113, 114, 115, 116, 117]",False,False,NONZERO_PRESTART_RELOCATION_RELATIVE_TO_PR134_R0;NONZERO_TIMESHIFT_RELATIVE_TO_PR134_R0;B0_START_SITE_ABSENT_COMPLETE_PR134_DOMAIN
9020083,AIDC10,AIDC06,0,46,1,3,"[46, 47, 48, 49, 50, 51, 52, 53, 54, 55, 56, 57, 58, 59, 60, 61, 62, 63, 64, 65, 66, 67, 68, 69, 70, 71, 72, 73, 74, 75, 76, 77, 78, 79, 80, 81, 82, 83, 84, 85, 86, 87, 88, 89, 90, 91, 92, 93, 94, 95, 96, 97, 98, 99, 100, 101, 102, 103, 104, 105, 106, 107, 108, 109, 110, 111, 112, 113, 114, 115, 116, 117]",False,False,NONZERO_PRESTART_RELOCATION_RELATIVE_TO_PR134_R0;NONZERO_TIMESHIFT_RELATIVE_TO_PR134_R0;B0_START_SITE_ABSENT_COMPLETE_PR134_DOMAIN
9020084,AIDC10,AIDC06,0,46,1,3,"[46, 47, 48, 49, 50, 51, 52, 53, 54, 55, 56, 57, 58, 59, 60, 61, 62, 63, 64, 65, 66, 67, 68, 69, 70, 71, 72, 73, 74, 75, 76, 77, 78, 79, 80, 81, 82, 83, 84, 85, 86, 87, 88, 89, 90, 91, 92, 93, 94, 95, 96, 97, 98, 99, 100, 101, 102, 103, 104, 105, 106, 107, 108, 109, 110, 111, 112, 113, 114, 115, 116, 117]",False,False,NONZERO_PRESTART_RELOCATION_RELATIVE_TO_PR134_R0;NONZERO_TIMESHIFT_RELATIVE_TO_PR134_R0;B0_START_SITE_ABSENT_COMPLETE_PR134_DOMAIN
9020085,AIDC10,AIDC06,0,46,1,3,"[46, 47, 48, 49, 50, 51, 52, 53, 54, 55, 56, 57, 58, 59, 60, 61, 62, 63, 64, 65, 66, 67, 68, 69, 70, 71, 72, 73, 74, 75, 76, 77, 78, 79, 80, 81, 82, 83, 84, 85, 86, 87, 88, 89, 90, 91, 92, 93, 94, 95, 96, 97, 98, 99, 100, 101, 102, 103, 104, 105, 106, 107, 108, 109, 110, 111, 112, 113, 114, 115, 116, 117]",False,False,NONZERO_PRESTART_RELOCATION_RELATIVE_TO_PR134_R0;NONZERO_TIMESHIFT_RELATIVE_TO_PR134_R0;B0_START_SITE_ABSENT_COMPLETE_PR134_DOMAIN
9020086,AIDC10,AIDC06,0,46,1,3,"[46, 47, 48, 49, 50, 51, 52, 53, 54, 55, 56, 57, 58, 59, 60, 61, 62, 63, 64, 65, 66, 67, 68, 69, 70, 71, 72, 73, 74, 75, 76, 77, 78, 79, 80, 81, 82, 83, 84, 85, 86, 87, 88, 89, 90, 91, 92, 93, 94, 95, 96, 97, 98, 99, 100, 101, 102, 103, 104, 105, 106, 107, 108, 109, 110, 111, 112, 113, 114, 115, 116, 117]",False,False,NONZERO_PRESTART_RELOCATION_RELATIVE_TO_PR134_R0;NONZERO_TIMESHIFT_RELATIVE_TO_PR134_R0;B0_START_SITE_ABSENT_COMPLETE_PR134_DOMAIN
9020087,AIDC10,AIDC06,0,46,1,3,"[46, 47, 48, 49, 50, 51, 52, 53, 54, 55, 56, 57, 58, 59, 60, 61, 62, 63, 64, 65, 66, 67, 68, 69, 70, 71, 72, 73, 74, 75, 76, 77, 78, 79, 80, 81, 82, 83, 84, 85, 86, 87, 88, 89, 90, 91, 92, 93, 94, 95, 96, 97, 98, 99, 100, 101, 102, 103, 104, 105, 106, 107, 108, 109, 110, 111, 112, 113, 114, 115, 116, 117]",False,False,NONZERO_PRESTART_RELOCATION_RELATIVE_TO_PR134_R0;NONZERO_TIMESHIFT_RELATIVE_TO_PR134_R0;B0_START_SITE_ABSENT_COMPLETE_PR134_DOMAIN
9020088,AIDC10,AIDC06,0,46,1,3,"[46, 47, 48, 49, 50, 51, 52, 53, 54, 55, 56, 57, 58, 59, 60, 61, 62, 63, 64, 65, 66, 67, 68, 69, 70, 71, 72, 73, 74, 75, 76, 77, 78, 79, 80, 81, 82, 83, 84, 85, 86, 87, 88, 89, 90, 91, 92, 93, 94, 95, 96, 97, 98, 99, 100, 101, 102, 103, 104, 105, 106, 107, 108, 109, 110, 111, 112, 113, 114, 115, 116, 117]",False,False,NONZERO_PRESTART_RELOCATION_RELATIVE_TO_PR134_R0;NONZERO_TIMESHIFT_RELATIVE_TO_PR134_R0;B0_START_SITE_ABSENT_COMPLETE_PR134_DOMAIN
9020089,AIDC10,AIDC06,0,46,1,3,"[46, 47, 48, 49, 50, 51, 52, 53, 54, 55, 56, 57, 58, 59, 60, 61, 62, 63, 64, 65, 66, 67, 68, 69, 70, 71, 72, 73, 74, 75, 76, 77, 78, 79, 80, 81, 82, 83, 84, 85, 86, 87, 88, 89, 90, 91, 92, 93, 94, 95, 96, 97, 98, 99, 100, 101, 102, 103, 104, 105, 106, 107, 108, 109, 110, 111, 112, 113, 114, 115, 116, 117]",False,False,NONZERO_PRESTART_RELOCATION_RELATIVE_TO_PR134_R0;NONZERO_TIMESHIFT_RELATIVE_TO_PR134_R0;B0_START_SITE_ABSENT_COMPLETE_PR134_DOMAIN
9020090,AIDC10,AIDC06,0,46,1,3,"[46, 47, 48, 49, 50, 51, 52, 53, 54, 55, 56, 57, 58, 59, 60, 61, 62, 63, 64, 65, 66, 67, 68, 69, 70, 71, 72, 73, 74, 75, 76, 77, 78, 79, 80, 81, 82, 83, 84, 85, 86, 87, 88, 89, 90, 91, 92, 93, 94, 95, 96, 97, 98, 99, 100, 101, 102, 103, 104, 105, 106, 107, 108, 109, 110, 111, 112, 113, 114, 115, 116, 117]",False,False,NONZERO_PRESTART_RELOCATION_RELATIVE_TO_PR134_R0;NONZERO_TIMESHIFT_RELATIVE_TO_PR134_R0;B0_START_SITE_ABSENT_COMPLETE_PR134_DOMAIN
9020091,AIDC10,AIDC06,0,46,1,3,"[46, 47, 48, 49, 50, 51, 52, 53, 54, 55, 56, 57, 58, 59, 60, 61, 62, 63, 64, 65, 66, 67, 68, 69, 70, 71, 72, 73, 74, 75, 76, 77, 78, 79, 80, 81, 82, 83, 84, 85, 86, 87, 88, 89, 90, 91, 92, 93, 94, 95, 96, 97, 98, 99, 100, 101, 102, 103, 104, 105, 106, 107, 108, 109, 110, 111, 112, 113, 114, 115, 116, 117]",False,False,NONZERO_PRESTART_RELOCATION_RELATIVE_TO_PR134_R0;NONZERO_TIMESHIFT_RELATIVE_TO_PR134_R0;B0_START_SITE_ABSENT_COMPLETE_PR134_DOMAIN
9020092,AIDC10,AIDC06,0,46,1,3,"[46, 47, 48, 49, 50, 51, 52, 53, 54, 55, 56, 57, 58, 59, 60, 61, 62, 63, 64, 65, 66, 67, 68, 69, 70, 71, 72, 73, 74, 75, 76, 77, 78, 79, 80, 81, 82, 83, 84, 85, 86, 87, 88, 89, 90, 91, 92, 93, 94, 95, 96, 97, 98, 99, 100, 101, 102, 103, 104, 105, 106, 107, 108, 109, 110, 111, 112, 113, 114, 115, 116, 117]",False,False,NONZERO_PRESTART_RELOCATION_RELATIVE_TO_PR134_R0;NONZERO_TIMESHIFT_RELATIVE_TO_PR134_R0;B0_START_SITE_ABSENT_COMPLETE_PR134_DOMAIN
9020093,AIDC10,AIDC06,0,46,1,3,"[46, 47, 48, 49, 50, 51, 52, 53, 54, 55, 56, 57, 58, 59, 60, 61, 62, 63, 64, 65, 66, 67, 68, 69, 70, 71, 72, 73, 74, 75, 76, 77, 78, 79, 80, 81, 82, 83, 84, 85, 86, 87, 88, 89, 90, 91, 92, 93, 94, 95, 96, 97, 98, 99, 100, 101, 102, 103, 104, 105, 106, 107, 108, 109, 110, 111, 112, 113, 114, 115, 116, 117]",False,False,NONZERO_PRESTART_RELOCATION_RELATIVE_TO_PR134_R0;NONZERO_TIMESHIFT_RELATIVE_TO_PR134_R0;B0_START_SITE_ABSENT_COMPLETE_PR134_DOMAIN
9020094,AIDC10,AIDC06,0,46,1,3,"[46, 47, 48, 49, 50, 51, 52, 53, 54, 55, 56, 57, 58, 59, 60, 61, 62, 63, 64, 65, 66, 67, 68, 69, 70, 71, 72, 73, 74, 75, 76, 77, 78, 79, 80, 81, 82, 83, 84, 85, 86, 87, 88, 89, 90, 91, 92, 93, 94, 95, 96, 97, 98, 99, 100, 101, 102, 103, 104, 105, 106, 107, 108, 109, 110, 111, 112, 113, 114, 115, 116, 117]",False,False,NONZERO_PRESTART_RELOCATION_RELATIVE_TO_PR134_R0;NONZERO_TIMESHIFT_RELATIVE_TO_PR134_R0;B0_START_SITE_ABSENT_COMPLETE_PR134_DOMAIN
9020095,AIDC10,AIDC06,0,46,1,3,"[46, 47, 48, 49, 50, 51, 52, 53, 54, 55, 56, 57, 58, 59, 60, 61, 62, 63, 64, 65, 66, 67, 68, 69, 70, 71, 72, 73, 74, 75, 76, 77, 78, 79, 80, 81, 82, 83, 84, 85, 86, 87, 88, 89, 90, 91, 92, 93, 94, 95, 96, 97, 98, 99, 100, 101, 102, 103, 104, 105, 106, 107, 108, 109, 110, 111, 112, 113, 114, 115, 116, 117]",False,False,NONZERO_PRESTART_RELOCATION_RELATIVE_TO_PR134_R0;NONZERO_TIMESHIFT_RELATIVE_TO_PR134_R0;B0_START_SITE_ABSENT_COMPLETE_PR134_DOMAIN
9020096,AIDC10,AIDC06,0,46,1,3,"[46, 47, 48, 49, 50, 51, 52, 53, 54, 55, 56, 57, 58, 59, 60, 61, 62, 63, 64, 65, 66, 67, 68, 69, 70, 71, 72, 73, 74, 75, 76, 77, 78, 79, 80, 81, 82, 83, 84, 85, 86, 87, 88, 89, 90, 91, 92, 93, 94, 95, 96, 97, 98, 99, 100, 101, 102, 103, 104, 105, 106, 107, 108, 109, 110, 111, 112, 113, 114, 115, 116, 117]",False,False,NONZERO_PRESTART_RELOCATION_RELATIVE_TO_PR134_R0;NONZERO_TIMESHIFT_RELATIVE_TO_PR134_R0;B0_START_SITE_ABSENT_COMPLETE_PR134_DOMAIN
9020097,AIDC10,AIDC06,0,46,1,3,"[46, 47, 48, 49, 50, 51, 52, 53, 54, 55, 56, 57, 58, 59, 60, 61, 62, 63, 64, 65, 66, 67, 68, 69, 70, 71, 72, 73, 74, 75, 76, 77, 78, 79, 80, 81, 82, 83, 84, 85, 86, 87, 88, 89, 90, 91, 92, 93, 94, 95, 96, 97, 98, 99, 100, 101, 102, 103, 104, 105, 106, 107, 108, 109, 110, 111, 112, 113, 114, 115, 116, 117]",False,False,NONZERO_PRESTART_RELOCATION_RELATIVE_TO_PR134_R0;NONZERO_TIMESHIFT_RELATIVE_TO_PR134_R0;B0_START_SITE_ABSENT_COMPLETE_PR134_DOMAIN
9020098,AIDC10,AIDC06,0,46,1,3,"[46, 47, 48, 49, 50, 51, 52, 53, 54, 55, 56, 57, 58, 59, 60, 61, 62, 63, 64, 65, 66, 67, 68, 69, 70, 71, 72, 73, 74, 75, 76, 77, 78, 79, 80, 81, 82, 83, 84, 85, 86, 87, 88, 89, 90, 91, 92, 93, 94, 95, 96, 97, 98, 99, 100, 101, 102, 103, 104, 105, 106, 107, 108, 109, 110, 111, 112, 113, 114, 115, 116, 117]",False,False,NONZERO_PRESTART_RELOCATION_RELATIVE_TO_PR134_R0;NONZERO_TIMESHIFT_RELATIVE_TO_PR134_R0;B0_START_SITE_ABSENT_COMPLETE_PR134_DOMAIN
9020099,AIDC10,AIDC06,0,46,1,3,"[46, 47, 48, 49, 50, 51, 52, 53, 54, 55, 56, 57, 58, 59, 60, 61, 62, 63, 64, 65, 66, 67, 68, 69, 70, 71, 72, 73, 74, 75, 76, 77, 78, 79, 80, 81, 82, 83, 84, 85, 86, 87, 88, 89, 90, 91, 92, 93, 94, 95, 96, 97, 98, 99, 100, 101, 102, 103, 104, 105, 106, 107, 108, 109, 110, 111, 112, 113, 114, 115, 116, 117]",False,False,NONZERO_PRESTART_RELOCATION_RELATIVE_TO_PR134_R0;NONZERO_TIMESHIFT_RELATIVE_TO_PR134_R0;B0_START_SITE_ABSENT_COMPLETE_PR134_DOMAIN
9020100,AIDC10,AIDC06,0,46,1,3,"[46, 47, 48, 49, 50, 51, 52, 53, 54, 55, 56, 57, 58, 59, 60, 61, 62, 63, 64, 65, 66, 67, 68, 69, 70, 71, 72, 73, 74, 75, 76, 77, 78, 79, 80, 81, 82, 83, 84, 85, 86, 87, 88, 89, 90, 91, 92, 93, 94, 95, 96, 97, 98, 99, 100, 101, 102, 103, 104, 105, 106, 107, 108, 109, 110, 111, 112, 113, 114, 115, 116, 117]",False,False,NONZERO_PRESTART_RELOCATION_RELATIVE_TO_PR134_R0;NONZERO_TIMESHIFT_RELATIVE_TO_PR134_R0;B0_START_SITE_ABSENT_COMPLETE_PR134_DOMAIN
9020101,AIDC10,AIDC06,0,46,1,3,"[46, 47, 48, 49, 50, 51, 52, 53, 54, 55, 56, 57, 58, 59, 60, 61, 62, 63, 64, 65, 66, 67, 68, 69, 70, 71, 72, 73, 74, 75, 76, 77, 78, 79, 80, 81, 82, 83, 84, 85, 86, 87, 88, 89, 90, 91, 92, 93, 94, 95, 96, 97, 98, 99, 100, 101, 102, 103, 104, 105, 106, 107, 108, 109, 110, 111, 112, 113, 114, 115, 116, 117]",False,False,NONZERO_PRESTART_RELOCATION_RELATIVE_TO_PR134_R0;NONZERO_TIMESHIFT_RELATIVE_TO_PR134_R0;B0_START_SITE_ABSENT_COMPLETE_PR134_DOMAIN
9020102,AIDC10,AIDC06,0,46,1,3,"[46, 47, 48, 49, 50, 51, 52, 53, 54, 55, 56, 57, 58, 59, 60, 61, 62, 63, 64, 65, 66, 67, 68, 69, 70, 71, 72, 73, 74, 75, 76, 77, 78, 79, 80, 81, 82, 83, 84, 85, 86, 87, 88, 89, 90, 91, 92, 93, 94, 95, 96, 97, 98, 99, 100, 101, 102, 103, 104, 105, 106, 107, 108, 109, 110, 111, 112, 113, 114, 115, 116, 117]",False,False,NONZERO_PRESTART_RELOCATION_RELATIVE_TO_PR134_R0;NONZERO_TIMESHIFT_RELATIVE_TO_PR134_R0;B0_START_SITE_ABSENT_COMPLETE_PR134_DOMAIN
9020103,AIDC10,AIDC06,0,46,1,3,"[46, 47, 48, 49, 50, 51, 52, 53, 54, 55, 56, 57, 58, 59, 60, 61, 62, 63, 64, 65, 66, 67, 68, 69, 70, 71, 72, 73, 74, 75, 76, 77, 78, 79, 80, 81, 82, 83, 84, 85, 86, 87, 88, 89, 90, 91, 92, 93, 94, 95, 96, 97, 98, 99, 100, 101, 102, 103, 104, 105, 106, 107, 108, 109, 110, 111, 112, 113, 114, 115, 116, 117]",False,False,NONZERO_PRESTART_RELOCATION_RELATIVE_TO_PR134_R0;NONZERO_TIMESHIFT_RELATIVE_TO_PR134_R0;B0_START_SITE_ABSENT_COMPLETE_PR134_DOMAIN
9020104,AIDC10,AIDC06,0,46,1,3,"[46, 47, 48, 49, 50, 51, 52, 53, 54, 55, 56, 57, 58, 59, 60, 61, 62, 63, 64, 65, 66, 67, 68, 69, 70, 71, 72, 73, 74, 75, 76, 77, 78, 79, 80, 81, 82, 83, 84, 85, 86, 87, 88, 89, 90, 91, 92, 93, 94, 95, 96, 97, 98, 99, 100, 101, 102, 103, 104, 105, 106, 107, 108, 109, 110, 111, 112, 113, 114, 115, 116, 117]",False,False,NONZERO_PRESTART_RELOCATION_RELATIVE_TO_PR134_R0;NONZERO_TIMESHIFT_RELATIVE_TO_PR134_R0;B0_START_SITE_ABSENT_COMPLETE_PR134_DOMAIN
9020105,AIDC10,AIDC05,0,48,1,3,"[48, 49, 50, 51, 52, 53, 54, 55, 56, 57, 58, 59, 60, 61, 62, 63, 64, 65, 66, 67, 68, 69, 70, 71, 72, 73, 74, 75, 76, 77, 78, 79, 80, 81, 82, 83, 84, 85, 86, 87, 88, 89, 90, 91, 92, 93, 94, 95, 96, 97, 98, 99, 100, 101, 102, 103, 104, 105, 106, 107, 108, 109, 110, 111, 112, 113, 114, 115, 116, 117]",False,False,NONZERO_PRESTART_RELOCATION_RELATIVE_TO_PR134_R0;NONZERO_TIMESHIFT_RELATIVE_TO_PR134_R0;B0_START_SITE_ABSENT_COMPLETE_PR134_DOMAIN
9020106,AIDC10,AIDC05,0,48,1,3,"[48, 49, 50, 51, 52, 53, 54, 55, 56, 57, 58, 59, 60, 61, 62, 63, 64, 65, 66, 67, 68, 69, 70, 71, 72, 73, 74, 75, 76, 77, 78, 79, 80, 81, 82, 83, 84, 85, 86, 87, 88, 89, 90, 91, 92, 93, 94, 95, 96, 97, 98, 99, 100, 101, 102, 103, 104, 105, 106, 107, 108, 109, 110, 111, 112, 113, 114, 115, 116, 117]",False,False,NONZERO_PRESTART_RELOCATION_RELATIVE_TO_PR134_R0;NONZERO_TIMESHIFT_RELATIVE_TO_PR134_R0;B0_START_SITE_ABSENT_COMPLETE_PR134_DOMAIN
9020107,AIDC10,AIDC05,0,48,1,3,"[48, 49, 50, 51, 52, 53, 54, 55, 56, 57, 58, 59, 60, 61, 62, 63, 64, 65, 66, 67, 68, 69, 70, 71, 72, 73, 74, 75, 76, 77, 78, 79, 80, 81, 82, 83, 84, 85, 86, 87, 88, 89, 90, 91, 92, 93, 94, 95, 96, 97, 98, 99, 100, 101, 102, 103, 104, 105, 106, 107, 108, 109, 110, 111, 112, 113, 114, 115, 116, 117]",False,False,NONZERO_PRESTART_RELOCATION_RELATIVE_TO_PR134_R0;NONZERO_TIMESHIFT_RELATIVE_TO_PR134_R0;B0_START_SITE_ABSENT_COMPLETE_PR134_DOMAIN
9020108,AIDC10,AIDC05,0,48,1,3,"[48, 49, 50, 51, 52, 53, 54, 55, 56, 57, 58, 59, 60, 61, 62, 63, 64, 65, 66, 67, 68, 69, 70, 71, 72, 73, 74, 75, 76, 77, 78, 79, 80, 81, 82, 83, 84, 85, 86, 87, 88, 89, 90, 91, 92, 93, 94, 95, 96, 97, 98, 99, 100, 101, 102, 103, 104, 105, 106, 107, 108, 109, 110, 111, 112, 113, 114, 115, 116, 117]",False,False,NONZERO_PRESTART_RELOCATION_RELATIVE_TO_PR134_R0;NONZERO_TIMESHIFT_RELATIVE_TO_PR134_R0;B0_START_SITE_ABSENT_COMPLETE_PR134_DOMAIN
9020109,AIDC10,AIDC05,0,48,1,3,"[48, 49, 50, 51, 52, 53, 54, 55, 56, 57, 58, 59, 60, 61, 62, 63, 64, 65, 66, 67, 68, 69, 70, 71, 72, 73, 74, 75, 76, 77, 78, 79, 80, 81, 82, 83, 84, 85, 86, 87, 88, 89, 90, 91, 92, 93, 94, 95, 96, 97, 98, 99, 100, 101, 102, 103, 104, 105, 106, 107, 108, 109, 110, 111, 112, 113, 114, 115, 116, 117]",False,False,NONZERO_PRESTART_RELOCATION_RELATIVE_TO_PR134_R0;NONZERO_TIMESHIFT_RELATIVE_TO_PR134_R0;B0_START_SITE_ABSENT_COMPLETE_PR134_DOMAIN
9020110,AIDC10,AIDC05,0,48,1,3,"[48, 49, 50, 51, 52, 53, 54, 55, 56, 57, 58, 59, 60, 61, 62, 63, 64, 65, 66, 67, 68, 69, 70, 71, 72, 73, 74, 75, 76, 77, 78, 79, 80, 81, 82, 83, 84, 85, 86, 87, 88, 89, 90, 91, 92, 93, 94, 95, 96, 97, 98, 99, 100, 101, 102, 103, 104, 105, 106, 107, 108, 109, 110, 111, 112, 113, 114, 115, 116, 117]",False,False,NONZERO_PRESTART_RELOCATION_RELATIVE_TO_PR134_R0;NONZERO_TIMESHIFT_RELATIVE_TO_PR134_R0;B0_START_SITE_ABSENT_COMPLETE_PR134_DOMAIN
9020111,AIDC10,AIDC05,0,48,1,3,"[48, 49, 50, 51, 52, 53, 54, 55, 56, 57, 58, 59, 60, 61, 62, 63, 64, 65, 66, 67, 68, 69, 70, 71, 72, 73, 74, 75, 76, 77, 78, 79, 80, 81, 82, 83, 84, 85, 86, 87, 88, 89, 90, 91, 92, 93, 94, 95, 96, 97, 98, 99, 100, 101, 102, 103, 104, 105, 106, 107, 108, 109, 110, 111, 112, 113, 114, 115, 116, 117]",False,False,NONZERO_PRESTART_RELOCATION_RELATIVE_TO_PR134_R0;NONZERO_TIMESHIFT_RELATIVE_TO_PR134_R0;B0_START_SITE_ABSENT_COMPLETE_PR134_DOMAIN
9020112,AIDC10,AIDC05,0,48,1,3,"[48, 49, 50, 51, 52, 53, 54, 55, 56, 57, 58, 59, 60, 61, 62, 63, 64, 65, 66, 67, 68, 69, 70, 71, 72, 73, 74, 75, 76, 77, 78, 79, 80, 81, 82, 83, 84, 85, 86, 87, 88, 89, 90, 91, 92, 93, 94, 95, 96, 97, 98, 99, 100, 101, 102, 103, 104, 105, 106, 107, 108, 109, 110, 111, 112, 113, 114, 115, 116, 117]",False,False,NONZERO_PRESTART_RELOCATION_RELATIVE_TO_PR134_R0;NONZERO_TIMESHIFT_RELATIVE_TO_PR134_R0;B0_START_SITE_ABSENT_COMPLETE_PR134_DOMAIN
9020113,AIDC10,AIDC06,0,48,1,3,"[48, 49, 50, 51, 52, 53, 54, 55, 56, 57, 58, 59, 60, 61, 62, 63, 64, 65, 66, 67, 68, 69, 70, 71, 72, 73, 74, 75, 76, 77, 78, 79, 80, 81, 82, 83, 84, 85, 86, 87, 88, 89, 90, 91, 92, 93, 94, 95, 96, 97, 98, 99, 100, 101, 102, 103, 104, 105, 106, 107, 108, 109, 110, 111, 112, 113, 114, 115, 116, 117]",False,False,NONZERO_PRESTART_RELOCATION_RELATIVE_TO_PR134_R0;NONZERO_TIMESHIFT_RELATIVE_TO_PR134_R0;B0_START_SITE_ABSENT_COMPLETE_PR134_DOMAIN
9020114,AIDC10,AIDC05,0,56,1,3,"[56, 57, 58, 59, 60, 61, 62, 63, 64, 65, 66, 67, 68, 69, 70, 71, 72, 73, 74, 75, 76, 77, 78, 79, 80, 81, 82, 83, 84, 85, 86, 87, 88, 89, 90, 91, 92, 93, 94, 95, 96, 97, 98, 99, 100, 101, 102, 103, 104, 105, 106, 107, 108, 109, 110, 111, 112, 113, 114, 115, 116, 117]",False,False,NONZERO_PRESTART_RELOCATION_RELATIVE_TO_PR134_R0;NONZERO_TIMESHIFT_RELATIVE_TO_PR134_R0;B0_START_SITE_ABSENT_COMPLETE_PR134_DOMAIN
9020115,AIDC10,AIDC05,0,56,1,3,"[56, 57, 58, 59, 60, 61, 62, 63, 64, 65, 66, 67, 68, 69, 70, 71, 72, 73, 74, 75, 76, 77, 78, 79, 80, 81, 82, 83, 84, 85, 86, 87, 88, 89, 90, 91, 92, 93, 94, 95, 96, 97, 98, 99, 100, 101, 102, 103, 104, 105, 106, 107, 108, 109, 110, 111, 112, 113, 114, 115, 116, 117]",False,False,NONZERO_PRESTART_RELOCATION_RELATIVE_TO_PR134_R0;NONZERO_TIMESHIFT_RELATIVE_TO_PR134_R0;B0_START_SITE_ABSENT_COMPLETE_PR134_DOMAIN
9020116,AIDC10,AIDC05,0,56,1,3,"[56, 57, 58, 59, 60, 61, 62, 63, 64, 65, 66, 67, 68, 69, 70, 71, 72, 73, 74, 75, 76, 77, 78, 79, 80, 81, 82, 83, 84, 85, 86, 87, 88, 89, 90, 91, 92, 93, 94, 95, 96, 97, 98, 99, 100, 101, 102, 103, 104, 105, 106, 107, 108, 109, 110, 111, 112, 113, 114, 115, 116, 117]",False,False,NONZERO_PRESTART_RELOCATION_RELATIVE_TO_PR134_R0;NONZERO_TIMESHIFT_RELATIVE_TO_PR134_R0;B0_START_SITE_ABSENT_COMPLETE_PR134_DOMAIN
9020117,AIDC10,AIDC05,0,56,1,3,"[56, 57, 58, 59, 60, 61, 62, 63, 64, 65, 66, 67, 68, 69, 70, 71, 72, 73, 74, 75, 76, 77, 78, 79, 80, 81, 82, 83, 84, 85, 86, 87, 88, 89, 90, 91, 92, 93, 94, 95, 96, 97, 98, 99, 100, 101, 102, 103, 104, 105, 106, 107, 108, 109, 110, 111, 112, 113, 114, 115, 116, 117]",False,False,NONZERO_PRESTART_RELOCATION_RELATIVE_TO_PR134_R0;NONZERO_TIMESHIFT_RELATIVE_TO_PR134_R0;B0_START_SITE_ABSENT_COMPLETE_PR134_DOMAIN
9020118,AIDC10,AIDC05,0,56,1,3,"[56, 57, 58, 59, 60, 61, 62, 63, 64, 65, 66, 67, 68, 69, 70, 71, 72, 73, 74, 75, 76, 77, 78, 79, 80, 81, 82, 83, 84, 85, 86, 87, 88, 89, 90, 91, 92, 93, 94, 95, 96, 97, 98, 99, 100, 101, 102, 103, 104, 105, 106, 107, 108, 109, 110, 111, 112, 113, 114, 115, 116, 117]",False,False,NONZERO_PRESTART_RELOCATION_RELATIVE_TO_PR134_R0;NONZERO_TIMESHIFT_RELATIVE_TO_PR134_R0;B0_START_SITE_ABSENT_COMPLETE_PR134_DOMAIN
9020119,AIDC10,AIDC05,0,56,1,3,"[56, 57, 58, 59, 60, 61, 62, 63, 64, 65, 66, 67, 68, 69, 70, 71, 72, 73, 74, 75, 76, 77, 78, 79, 80, 81, 82, 83, 84, 85, 86, 87, 88, 89, 90, 91, 92, 93, 94, 95, 96, 97, 98, 99, 100, 101, 102, 103, 104, 105, 106, 107, 108, 109, 110, 111, 112, 113, 114, 115, 116, 117]",False,False,NONZERO_PRESTART_RELOCATION_RELATIVE_TO_PR134_R0;NONZERO_TIMESHIFT_RELATIVE_TO_PR134_R0;B0_START_SITE_ABSENT_COMPLETE_PR134_DOMAIN
9020120,AIDC10,AIDC05,0,56,1,3,"[56, 57, 58, 59, 60, 61, 62, 63, 64, 65, 66, 67, 68, 69, 70, 71, 72, 73, 74, 75, 76, 77, 78, 79, 80, 81, 82, 83, 84, 85, 86, 87, 88, 89, 90, 91, 92, 93, 94, 95, 96, 97, 98, 99, 100, 101, 102, 103, 104, 105, 106, 107, 108, 109, 110, 111, 112, 113, 114, 115, 116, 117]",False,False,NONZERO_PRESTART_RELOCATION_RELATIVE_TO_PR134_R0;NONZERO_TIMESHIFT_RELATIVE_TO_PR134_R0;B0_START_SITE_ABSENT_COMPLETE_PR134_DOMAIN
9020121,AIDC10,AIDC05,0,56,1,3,"[56, 57, 58, 59, 60, 61, 62, 63, 64, 65, 66, 67, 68, 69, 70, 71, 72, 73, 74, 75, 76, 77, 78, 79, 80, 81, 82, 83, 84, 85, 86, 87, 88, 89, 90, 91, 92, 93, 94, 95, 96, 97, 98, 99, 100, 101, 102, 103, 104, 105, 106, 107, 108, 109, 110, 111, 112, 113, 114, 115, 116, 117]",False,False,NONZERO_PRESTART_RELOCATION_RELATIVE_TO_PR134_R0;NONZERO_TIMESHIFT_RELATIVE_TO_PR134_R0;B0_START_SITE_ABSENT_COMPLETE_PR134_DOMAIN
9020122,AIDC10,AIDC05,0,60,1,3,"[60, 61, 62, 63, 64, 65, 66, 67, 68, 69, 70, 71, 72, 73, 74, 75, 76, 77, 78, 79, 80, 81, 82, 83, 84, 85, 86, 87, 88, 89, 90, 91, 92, 93, 94, 95, 96, 97, 98, 99, 100, 101, 102, 103, 104, 105, 106, 107, 108, 109, 110, 111, 112, 113, 114, 115, 116, 117]",False,False,NONZERO_PRESTART_RELOCATION_RELATIVE_TO_PR134_R0;NONZERO_TIMESHIFT_RELATIVE_TO_PR134_R0;B0_START_SITE_ABSENT_COMPLETE_PR134_DOMAIN
9020123,AIDC11,AIDC05,0,60,1,3,"[60, 61, 62, 63, 64, 65, 66, 67, 68, 69, 70, 71, 72, 73, 74, 75, 76, 77, 78, 79, 80, 81, 82, 83, 84, 85, 86, 87, 88, 89, 90, 91, 92, 93, 94, 95, 96, 97, 98, 99, 100, 101, 102, 103, 104, 105, 106, 107, 108, 109, 110, 111, 112, 113, 114, 115, 116, 117]",False,False,NONZERO_PRESTART_RELOCATION_RELATIVE_TO_PR134_R0;NONZERO_TIMESHIFT_RELATIVE_TO_PR134_R0;B0_START_SITE_ABSENT_COMPLETE_PR134_DOMAIN
9020124,AIDC11,AIDC05,0,60,1,3,"[60, 61, 62, 63, 64, 65, 66, 67, 68, 69, 70, 71, 72, 73, 74, 75, 76, 77, 78, 79, 80, 81, 82, 83, 84, 85, 86, 87, 88, 89, 90, 91, 92, 93, 94, 95, 96, 97, 98, 99, 100, 101, 102, 103, 104, 105, 106, 107, 108, 109, 110, 111, 112, 113, 114, 115, 116, 117]",False,False,NONZERO_PRESTART_RELOCATION_RELATIVE_TO_PR134_R0;NONZERO_TIMESHIFT_RELATIVE_TO_PR134_R0;B0_START_SITE_ABSENT_COMPLETE_PR134_DOMAIN
9020125,AIDC11,AIDC05,0,60,1,3,"[60, 61, 62, 63, 64, 65, 66, 67, 68, 69, 70, 71, 72, 73, 74, 75, 76, 77, 78, 79, 80, 81, 82, 83, 84, 85, 86, 87, 88, 89, 90, 91, 92, 93, 94, 95, 96, 97, 98, 99, 100, 101, 102, 103, 104, 105, 106, 107, 108, 109, 110, 111, 112, 113, 114, 115, 116, 117]",False,False,NONZERO_PRESTART_RELOCATION_RELATIVE_TO_PR134_R0;NONZERO_TIMESHIFT_RELATIVE_TO_PR134_R0;B0_START_SITE_ABSENT_COMPLETE_PR134_DOMAIN
9020126,AIDC11,AIDC05,0,60,1,3,"[60, 61, 62, 63, 64, 65, 66, 67, 68, 69, 70, 71, 72, 73, 74, 75, 76, 77, 78, 79, 80, 81, 82, 83, 84, 85, 86, 87, 88, 89, 90, 91, 92, 93, 94, 95, 96, 97, 98, 99, 100, 101, 102, 103, 104, 105, 106, 107, 108, 109, 110, 111, 112, 113, 114, 115, 116, 117]",False,False,NONZERO_PRESTART_RELOCATION_RELATIVE_TO_PR134_R0;NONZERO_TIMESHIFT_RELATIVE_TO_PR134_R0;B0_START_SITE_ABSENT_COMPLETE_PR134_DOMAIN
9020127,AIDC11,AIDC05,0,60,1,3,"[60, 61, 62, 63, 64, 65, 66, 67, 68, 69, 70, 71, 72, 73, 74, 75, 76, 77, 78, 79, 80, 81, 82, 83, 84, 85, 86, 87, 88, 89, 90, 91, 92, 93, 94, 95, 96, 97, 98, 99, 100, 101, 102, 103, 104, 105, 106, 107, 108, 109, 110, 111, 112, 113, 114, 115, 116, 117]",False,False,NONZERO_PRESTART_RELOCATION_RELATIVE_TO_PR134_R0;NONZERO_TIMESHIFT_RELATIVE_TO_PR134_R0;B0_START_SITE_ABSENT_COMPLETE_PR134_DOMAIN
9020128,AIDC11,AIDC05,0,60,1,3,"[60, 61, 62, 63, 64, 65, 66, 67, 68, 69, 70, 71, 72, 73, 74, 75, 76, 77, 78, 79, 80, 81, 82, 83, 84, 85, 86, 87, 88, 89, 90, 91, 92, 93, 94, 95, 96, 97, 98, 99, 100, 101, 102, 103, 104, 105, 106, 107, 108, 109, 110, 111, 112, 113, 114, 115, 116, 117]",False,False,NONZERO_PRESTART_RELOCATION_RELATIVE_TO_PR134_R0;NONZERO_TIMESHIFT_RELATIVE_TO_PR134_R0;B0_START_SITE_ABSENT_COMPLETE_PR134_DOMAIN
9020129,AIDC11,AIDC05,0,60,1,3,"[60, 61, 62, 63, 64, 65, 66, 67, 68, 69, 70, 71, 72, 73, 74, 75, 76, 77, 78, 79, 80, 81, 82, 83, 84, 85, 86, 87, 88, 89, 90, 91, 92, 93, 94, 95, 96, 97, 98, 99, 100, 101, 102, 103, 104, 105, 106, 107, 108, 109, 110, 111, 112, 113, 114, 115, 116, 117]",False,False,NONZERO_PRESTART_RELOCATION_RELATIVE_TO_PR134_R0;NONZERO_TIMESHIFT_RELATIVE_TO_PR134_R0;B0_START_SITE_ABSENT_COMPLETE_PR134_DOMAIN
9020130,AIDC11,AIDC05,0,62,1,3,"[62, 63, 64, 65, 66, 67, 68, 69, 70, 71, 72, 73, 74, 75, 76, 77, 78, 79, 80, 81, 82, 83, 84, 85, 86, 87, 88, 89, 90, 91, 92, 93, 94, 95, 96, 97, 98, 99, 100, 101, 102, 103, 104, 105, 106, 107, 108, 109, 110, 111, 112, 113, 114, 115, 116, 117]",False,False,NONZERO_PRESTART_RELOCATION_RELATIVE_TO_PR134_R0;NONZERO_TIMESHIFT_RELATIVE_TO_PR134_R0;B0_START_SITE_ABSENT_COMPLETE_PR134_DOMAIN
9020131,AIDC11,AIDC05,0,62,1,3,"[62, 63, 64, 65, 66, 67, 68, 69, 70, 71, 72, 73, 74, 75, 76, 77, 78, 79, 80, 81, 82, 83, 84, 85, 86, 87, 88, 89, 90, 91, 92, 93, 94, 95, 96, 97, 98, 99, 100, 101, 102, 103, 104, 105, 106, 107, 108, 109, 110, 111, 112, 113, 114, 115, 116, 117]",False,False,NONZERO_PRESTART_RELOCATION_RELATIVE_TO_PR134_R0;NONZERO_TIMESHIFT_RELATIVE_TO_PR134_R0;B0_START_SITE_ABSENT_COMPLETE_PR134_DOMAIN
9020132,AIDC11,AIDC05,0,62,1,3,"[62, 63, 64, 65, 66, 67, 68, 69, 70, 71, 72, 73, 74, 75, 76, 77, 78, 79, 80, 81, 82, 83, 84, 85, 86, 87, 88, 89, 90, 91, 92, 93, 94, 95, 96, 97, 98, 99, 100, 101, 102, 103, 104, 105, 106, 107, 108, 109, 110, 111, 112, 113, 114, 115, 116, 117]",False,False,NONZERO_PRESTART_RELOCATION_RELATIVE_TO_PR134_R0;NONZERO_TIMESHIFT_RELATIVE_TO_PR134_R0;B0_START_SITE_ABSENT_COMPLETE_PR134_DOMAIN
9020133,AIDC11,AIDC05,0,62,1,3,"[62, 63, 64, 65, 66, 67, 68, 69, 70, 71, 72, 73, 74, 75, 76, 77, 78, 79, 80, 81, 82, 83, 84, 85, 86, 87, 88, 89, 90, 91, 92, 93, 94, 95, 96, 97, 98, 99, 100, 101, 102, 103, 104, 105, 106, 107, 108, 109, 110, 111, 112, 113, 114, 115, 116, 117]",False,False,NONZERO_PRESTART_RELOCATION_RELATIVE_TO_PR134_R0;NONZERO_TIMESHIFT_RELATIVE_TO_PR134_R0;B0_START_SITE_ABSENT_COMPLETE_PR134_DOMAIN
9020134,AIDC11,AIDC05,0,62,1,3,"[62, 63, 64, 65, 66, 67, 68, 69, 70, 71, 72, 73, 74, 75, 76, 77, 78, 79, 80, 81, 82, 83, 84, 85, 86, 87, 88, 89, 90, 91, 92, 93, 94, 95, 96, 97, 98, 99, 100, 101, 102, 103, 104, 105, 106, 107, 108, 109, 110, 111, 112, 113, 114, 115, 116, 117]",False,False,NONZERO_PRESTART_RELOCATION_RELATIVE_TO_PR134_R0;NONZERO_TIMESHIFT_RELATIVE_TO_PR134_R0;B0_START_SITE_ABSENT_COMPLETE_PR134_DOMAIN
9020135,AIDC11,AIDC05,0,62,1,3,"[62, 63, 64, 65, 66, 67, 68, 69, 70, 71, 72, 73, 74, 75, 76, 77, 78, 79, 80, 81, 82, 83, 84, 85, 86, 87, 88, 89, 90, 91, 92, 93, 94, 95, 96, 97, 98, 99, 100, 101, 102, 103, 104, 105, 106, 107, 108, 109, 110, 111, 112, 113, 114, 115, 116, 117]",False,False,NONZERO_PRESTART_RELOCATION_RELATIVE_TO_PR134_R0;NONZERO_TIMESHIFT_RELATIVE_TO_PR134_R0;B0_START_SITE_ABSENT_COMPLETE_PR134_DOMAIN
9020136,AIDC11,AIDC05,0,62,1,3,"[62, 63, 64, 65, 66, 67, 68, 69, 70, 71, 72, 73, 74, 75, 76, 77, 78, 79, 80, 81, 82, 83, 84, 85, 86, 87, 88, 89, 90, 91, 92, 93, 94, 95, 96, 97, 98, 99, 100, 101, 102, 103, 104, 105, 106, 107, 108, 109, 110, 111, 112, 113, 114, 115, 116, 117]",False,False,NONZERO_PRESTART_RELOCATION_RELATIVE_TO_PR134_R0;NONZERO_TIMESHIFT_RELATIVE_TO_PR134_R0;B0_START_SITE_ABSENT_COMPLETE_PR134_DOMAIN
9020137,AIDC11,AIDC05,0,62,1,3,"[62, 63, 64, 65, 66, 67, 68, 69, 70, 71, 72, 73, 74, 75, 76, 77, 78, 79, 80, 81, 82, 83, 84, 85, 86, 87, 88, 89, 90, 91, 92, 93, 94, 95, 96, 97, 98, 99, 100, 101, 102, 103, 104, 105, 106, 107, 108, 109, 110, 111, 112, 113, 114, 115, 116, 117]",False,False,NONZERO_PRESTART_RELOCATION_RELATIVE_TO_PR134_R0;NONZERO_TIMESHIFT_RELATIVE_TO_PR134_R0;B0_START_SITE_ABSENT_COMPLETE_PR134_DOMAIN
9020138,AIDC11,AIDC05,0,62,1,3,"[62, 63, 64, 65, 66, 67, 68, 69, 70, 71, 72, 73, 74, 75, 76, 77, 78, 79, 80, 81, 82, 83, 84, 85, 86, 87, 88, 89, 90, 91, 92, 93, 94, 95, 96, 97, 98, 99, 100, 101, 102, 103, 104, 105, 106, 107, 108, 109, 110, 111, 112, 113, 114, 115, 116, 117]",False,False,NONZERO_PRESTART_RELOCATION_RELATIVE_TO_PR134_R0;NONZERO_TIMESHIFT_RELATIVE_TO_PR134_R0;B0_START_SITE_ABSENT_COMPLETE_PR134_DOMAIN
9020139,AIDC11,AIDC05,0,62,1,3,"[62, 63, 64, 65, 66, 67, 68, 69, 70, 71, 72, 73, 74, 75, 76, 77, 78, 79, 80, 81, 82, 83, 84, 85, 86, 87, 88, 89, 90, 91, 92, 93, 94, 95, 96, 97, 98, 99, 100, 101, 102, 103, 104, 105, 106, 107, 108, 109, 110, 111, 112, 113, 114, 115, 116, 117]",False,False,NONZERO_PRESTART_RELOCATION_RELATIVE_TO_PR134_R0;NONZERO_TIMESHIFT_RELATIVE_TO_PR134_R0;B0_START_SITE_ABSENT_COMPLETE_PR134_DOMAIN
9020140,AIDC11,AIDC05,0,62,1,3,"[62, 63, 64, 65, 66, 67, 68, 69, 70, 71, 72, 73, 74, 75, 76, 77, 78, 79, 80, 81, 82, 83, 84, 85, 86, 87, 88, 89, 90, 91, 92, 93, 94, 95, 96, 97, 98, 99, 100, 101, 102, 103, 104, 105, 106, 107, 108, 109, 110, 111, 112, 113, 114, 115, 116, 117]",False,False,NONZERO_PRESTART_RELOCATION_RELATIVE_TO_PR134_R0;NONZERO_TIMESHIFT_RELATIVE_TO_PR134_R0;B0_START_SITE_ABSENT_COMPLETE_PR134_DOMAIN
9020141,AIDC11,AIDC05,0,62,1,3,"[62, 63, 64, 65, 66, 67, 68, 69, 70, 71, 72, 73, 74, 75, 76, 77, 78, 79, 80, 81, 82, 83, 84, 85, 86, 87, 88, 89, 90, 91, 92, 93, 94, 95, 96, 97, 98, 99, 100, 101, 102, 103, 104, 105, 106, 107, 108, 109, 110, 111, 112, 113, 114, 115, 116, 117]",False,False,NONZERO_PRESTART_RELOCATION_RELATIVE_TO_PR134_R0;NONZERO_TIMESHIFT_RELATIVE_TO_PR134_R0;B0_START_SITE_ABSENT_COMPLETE_PR134_DOMAIN
9020142,AIDC11,AIDC05,0,62,1,3,"[62, 63, 64, 65, 66, 67, 68, 69, 70, 71, 72, 73, 74, 75, 76, 77, 78, 79, 80, 81, 82, 83, 84, 85, 86, 87, 88, 89, 90, 91, 92, 93, 94, 95, 96, 97, 98, 99, 100, 101, 102, 103, 104, 105, 106, 107, 108, 109, 110, 111, 112, 113, 114, 115, 116, 117]",False,False,NONZERO_PRESTART_RELOCATION_RELATIVE_TO_PR134_R0;NONZERO_TIMESHIFT_RELATIVE_TO_PR134_R0;B0_START_SITE_ABSENT_COMPLETE_PR134_DOMAIN
9020143,AIDC11,AIDC05,0,62,1,3,"[62, 63, 64, 65, 66, 67, 68, 69, 70, 71, 72, 73, 74, 75, 76, 77, 78, 79, 80, 81, 82, 83, 84, 85, 86, 87, 88, 89, 90, 91, 92, 93, 94, 95, 96, 97, 98, 99, 100, 101, 102, 103, 104, 105, 106, 107, 108, 109, 110, 111, 112, 113, 114, 115, 116, 117]",False,False,NONZERO_PRESTART_RELOCATION_RELATIVE_TO_PR134_R0;NONZERO_TIMESHIFT_RELATIVE_TO_PR134_R0;B0_START_SITE_ABSENT_COMPLETE_PR134_DOMAIN
9020144,AIDC11,AIDC05,0,62,1,3,"[62, 63, 64, 65, 66, 67, 68, 69, 70, 71, 72, 73, 74, 75, 76, 77, 78, 79, 80, 81, 82, 83, 84, 85, 86, 87, 88, 89, 90, 91, 92, 93, 94, 95, 96, 97, 98, 99, 100, 101, 102, 103, 104, 105, 106, 107, 108, 109, 110, 111, 112, 113, 114, 115, 116, 117]",False,False,NONZERO_PRESTART_RELOCATION_RELATIVE_TO_PR134_R0;NONZERO_TIMESHIFT_RELATIVE_TO_PR134_R0;B0_START_SITE_ABSENT_COMPLETE_PR134_DOMAIN
9020145,AIDC11,AIDC05,0,62,1,3,"[62, 63, 64, 65, 66, 67, 68, 69, 70, 71, 72, 73, 74, 75, 76, 77, 78, 79, 80, 81, 82, 83, 84, 85, 86, 87, 88, 89, 90, 91, 92, 93, 94, 95, 96, 97, 98, 99, 100, 101, 102, 103, 104, 105, 106, 107, 108, 109, 110, 111, 112, 113, 114, 115, 116, 117]",False,False,NONZERO_PRESTART_RELOCATION_RELATIVE_TO_PR134_R0;NONZERO_TIMESHIFT_RELATIVE_TO_PR134_R0;B0_START_SITE_ABSENT_COMPLETE_PR134_DOMAIN
9020146,AIDC11,AIDC01,0,65,1,3,"[65, 66, 67, 68, 69, 70, 71, 72, 73, 74, 75, 76, 77, 78, 79, 80, 81, 82, 83, 84, 85, 86, 87, 88, 89, 90, 91, 92, 93, 94, 95, 96, 97, 98, 99, 100, 101, 102, 103, 104, 105, 106, 107, 108, 109, 110, 111, 112, 113, 114, 115, 116, 117]",False,False,NONZERO_PRESTART_RELOCATION_RELATIVE_TO_PR134_R0;NONZERO_TIMESHIFT_RELATIVE_TO_PR134_R0;B0_START_SITE_ABSENT_COMPLETE_PR134_DOMAIN
9020147,AIDC11,AIDC01,0,65,1,3,"[65, 66, 67, 68, 69, 70, 71, 72, 73, 74, 75, 76, 77, 78, 79, 80, 81, 82, 83, 84, 85, 86, 87, 88, 89, 90, 91, 92, 93, 94, 95, 96, 97, 98, 99, 100, 101, 102, 103, 104, 105, 106, 107, 108, 109, 110, 111, 112, 113, 114, 115, 116, 117]",False,False,NONZERO_PRESTART_RELOCATION_RELATIVE_TO_PR134_R0;NONZERO_TIMESHIFT_RELATIVE_TO_PR134_R0;B0_START_SITE_ABSENT_COMPLETE_PR134_DOMAIN
9020148,AIDC11,AIDC05,0,73,1,3,"[73, 74, 75, 76, 77, 78, 79, 80, 81, 82, 83, 84, 85, 86, 87, 88, 89, 90, 91, 92, 93, 94, 95, 96, 97, 98, 99, 100, 101, 102, 103, 104, 105, 106, 107, 108, 109, 110, 111, 112, 113, 114, 115, 116, 117]",False,False,NONZERO_PRESTART_RELOCATION_RELATIVE_TO_PR134_R0;NONZERO_TIMESHIFT_RELATIVE_TO_PR134_R0;B0_START_SITE_ABSENT_COMPLETE_PR134_DOMAIN
9020149,AIDC11,AIDC05,0,73,1,3,"[73, 74, 75, 76, 77, 78, 79, 80, 81, 82, 83, 84, 85, 86, 87, 88, 89, 90, 91, 92, 93, 94, 95, 96, 97, 98, 99, 100, 101, 102, 103, 104, 105, 106, 107, 108, 109, 110, 111, 112, 113, 114, 115, 116, 117]",False,False,NONZERO_PRESTART_RELOCATION_RELATIVE_TO_PR134_R0;NONZERO_TIMESHIFT_RELATIVE_TO_PR134_R0;B0_START_SITE_ABSENT_COMPLETE_PR134_DOMAIN
9020150,AIDC11,AIDC05,0,73,1,3,"[73, 74, 75, 76, 77, 78, 79, 80, 81, 82, 83, 84, 85, 86, 87, 88, 89, 90, 91, 92, 93, 94, 95, 96, 97, 98, 99, 100, 101, 102, 103, 104, 105, 106, 107, 108, 109, 110, 111, 112, 113, 114, 115, 116, 117]",False,False,NONZERO_PRESTART_RELOCATION_RELATIVE_TO_PR134_R0;NONZERO_TIMESHIFT_RELATIVE_TO_PR134_R0;B0_START_SITE_ABSENT_COMPLETE_PR134_DOMAIN
9020151,AIDC11,AIDC05,0,73,1,3,"[73, 74, 75, 76, 77, 78, 79, 80, 81, 82, 83, 84, 85, 86, 87, 88, 89, 90, 91, 92, 93, 94, 95, 96, 97, 98, 99, 100, 101, 102, 103, 104, 105, 106, 107, 108, 109, 110, 111, 112, 113, 114, 115, 116, 117]",False,False,NONZERO_PRESTART_RELOCATION_RELATIVE_TO_PR134_R0;NONZERO_TIMESHIFT_RELATIVE_TO_PR134_R0;B0_START_SITE_ABSENT_COMPLETE_PR134_DOMAIN
9020152,AIDC11,AIDC05,0,73,1,3,"[73, 74, 75, 76, 77, 78, 79, 80, 81, 82, 83, 84, 85, 86, 87, 88, 89, 90, 91, 92, 93, 94, 95, 96, 97, 98, 99, 100, 101, 102, 103, 104, 105, 106, 107, 108, 109, 110, 111, 112, 113, 114, 115, 116, 117]",False,False,NONZERO_PRESTART_RELOCATION_RELATIVE_TO_PR134_R0;NONZERO_TIMESHIFT_RELATIVE_TO_PR134_R0;B0_START_SITE_ABSENT_COMPLETE_PR134_DOMAIN
9020153,AIDC11,AIDC05,0,73,1,3,"[73, 74, 75, 76, 77, 78, 79, 80, 81, 82, 83, 84, 85, 86, 87, 88, 89, 90, 91, 92, 93, 94, 95, 96, 97, 98, 99, 100, 101, 102, 103, 104, 105, 106, 107, 108, 109, 110, 111, 112, 113, 114, 115, 116, 117]",False,False,NONZERO_PRESTART_RELOCATION_RELATIVE_TO_PR134_R0;NONZERO_TIMESHIFT_RELATIVE_TO_PR134_R0;B0_START_SITE_ABSENT_COMPLETE_PR134_DOMAIN
9020154,AIDC11,AIDC05,0,73,1,3,"[73, 74, 75, 76, 77, 78, 79, 80, 81, 82, 83, 84, 85, 86, 87, 88, 89, 90, 91, 92, 93, 94, 95, 96, 97, 98, 99, 100, 101, 102, 103, 104, 105, 106, 107, 108, 109, 110, 111, 112, 113, 114, 115, 116, 117]",False,False,NONZERO_PRESTART_RELOCATION_RELATIVE_TO_PR134_R0;NONZERO_TIMESHIFT_RELATIVE_TO_PR134_R0;B0_START_SITE_ABSENT_COMPLETE_PR134_DOMAIN
9020155,AIDC11,AIDC05,0,73,1,3,"[73, 74, 75, 76, 77, 78, 79, 80, 81, 82, 83, 84, 85, 86, 87, 88, 89, 90, 91, 92, 93, 94, 95, 96, 97, 98, 99, 100, 101, 102, 103, 104, 105, 106, 107, 108, 109, 110, 111, 112, 113, 114, 115, 116, 117]",False,False,NONZERO_PRESTART_RELOCATION_RELATIVE_TO_PR134_R0;NONZERO_TIMESHIFT_RELATIVE_TO_PR134_R0;B0_START_SITE_ABSENT_COMPLETE_PR134_DOMAIN
9020156,AIDC11,AIDC01,0,76,1,3,"[76, 77, 78, 79, 80, 81, 82, 83, 84, 85, 86, 87, 88, 89, 90, 91, 92, 93, 94, 95, 96, 97, 98, 99, 100, 101, 102, 103, 104, 105, 106, 107, 108, 109, 110, 111, 112, 113, 114, 115, 116, 117]",False,False,NONZERO_PRESTART_RELOCATION_RELATIVE_TO_PR134_R0;NONZERO_TIMESHIFT_RELATIVE_TO_PR134_R0;B0_START_SITE_ABSENT_COMPLETE_PR134_DOMAIN
9020157,AIDC11,AIDC01,0,76,1,3,"[76, 77, 78, 79, 80, 81, 82, 83, 84, 85, 86, 87, 88, 89, 90, 91, 92, 93, 94, 95, 96, 97, 98, 99, 100, 101, 102, 103, 104, 105, 106, 107, 108, 109, 110, 111, 112, 113, 114, 115, 116, 117]",False,False,NONZERO_PRESTART_RELOCATION_RELATIVE_TO_PR134_R0;NONZERO_TIMESHIFT_RELATIVE_TO_PR134_R0;B0_START_SITE_ABSENT_COMPLETE_PR134_DOMAIN
9020158,AIDC11,AIDC01,0,76,1,3,"[76, 77, 78, 79, 80, 81, 82, 83, 84, 85, 86, 87, 88, 89, 90, 91, 92, 93, 94, 95, 96, 97, 98, 99, 100, 101, 102, 103, 104, 105, 106, 107, 108, 109, 110, 111, 112, 113, 114, 115, 116, 117]",False,False,NONZERO_PRESTART_RELOCATION_RELATIVE_TO_PR134_R0;NONZERO_TIMESHIFT_RELATIVE_TO_PR134_R0;B0_START_SITE_ABSENT_COMPLETE_PR134_DOMAIN
9020159,AIDC11,AIDC01,0,76,1,3,"[76, 77, 78, 79, 80, 81, 82, 83, 84, 85, 86, 87, 88, 89, 90, 91, 92, 93, 94, 95, 96, 97, 98, 99, 100, 101, 102, 103, 104, 105, 106, 107, 108, 109, 110, 111, 112, 113, 114, 115, 116, 117]",False,False,NONZERO_PRESTART_RELOCATION_RELATIVE_TO_PR134_R0;NONZERO_TIMESHIFT_RELATIVE_TO_PR134_R0;B0_START_SITE_ABSENT_COMPLETE_PR134_DOMAIN
9020160,AIDC11,AIDC07,0,78,1,3,"[78, 79, 80, 81, 82, 83, 84, 85, 86, 87, 88, 89, 90, 91, 92, 93, 94, 95, 96, 97, 98, 99, 100, 101, 102, 103, 104, 105, 106, 107, 108, 109, 110, 111, 112, 113, 114, 115, 116, 117]",False,False,NONZERO_PRESTART_RELOCATION_RELATIVE_TO_PR134_R0;NONZERO_TIMESHIFT_RELATIVE_TO_PR134_R0;B0_START_SITE_ABSENT_COMPLETE_PR134_DOMAIN
9020161,AIDC11,AIDC07,0,78,1,3,"[78, 79, 80, 81, 82, 83, 84, 85, 86, 87, 88, 89, 90, 91, 92, 93, 94, 95, 96, 97, 98, 99, 100, 101, 102, 103, 104, 105, 106, 107, 108, 109, 110, 111, 112, 113, 114, 115, 116, 117]",False,False,NONZERO_PRESTART_RELOCATION_RELATIVE_TO_PR134_R0;NONZERO_TIMESHIFT_RELATIVE_TO_PR134_R0;B0_START_SITE_ABSENT_COMPLETE_PR134_DOMAIN
9020162,AIDC11,AIDC07,0,78,1,3,"[78, 79, 80, 81, 82, 83, 84, 85, 86, 87, 88, 89, 90, 91, 92, 93, 94, 95, 96, 97, 98, 99, 100, 101, 102, 103, 104, 105, 106, 107, 108, 109, 110, 111, 112, 113, 114, 115, 116, 117]",False,False,NONZERO_PRESTART_RELOCATION_RELATIVE_TO_PR134_R0;NONZERO_TIMESHIFT_RELATIVE_TO_PR134_R0;B0_START_SITE_ABSENT_COMPLETE_PR134_DOMAIN
9020163,AIDC12,AIDC07,0,78,1,3,"[78, 79, 80, 81, 82, 83, 84, 85, 86, 87, 88, 89, 90, 91, 92, 93, 94, 95, 96, 97, 98, 99, 100, 101, 102, 103, 104, 105, 106, 107, 108, 109, 110, 111, 112, 113, 114, 115, 116, 117]",False,False,NONZERO_PRESTART_RELOCATION_RELATIVE_TO_PR134_R0;NONZERO_TIMESHIFT_RELATIVE_TO_PR134_R0;B0_START_SITE_ABSENT_COMPLETE_PR134_DOMAIN
9020164,AIDC12,AIDC07,0,78,1,3,"[78, 79, 80, 81, 82, 83, 84, 85, 86, 87, 88, 89, 90, 91, 92, 93, 94, 95, 96, 97, 98, 99, 100, 101, 102, 103, 104, 105, 106, 107, 108, 109, 110, 111, 112, 113, 114, 115, 116, 117]",False,False,NONZERO_PRESTART_RELOCATION_RELATIVE_TO_PR134_R0;NONZERO_TIMESHIFT_RELATIVE_TO_PR134_R0;B0_START_SITE_ABSENT_COMPLETE_PR134_DOMAIN
9020165,AIDC12,AIDC07,0,78,1,3,"[78, 79, 80, 81, 82, 83, 84, 85, 86, 87, 88, 89, 90, 91, 92, 93, 94, 95, 96, 97, 98, 99, 100, 101, 102, 103, 104, 105, 106, 107, 108, 109, 110, 111, 112, 113, 114, 115, 116, 117]",False,False,NONZERO_PRESTART_RELOCATION_RELATIVE_TO_PR134_R0;NONZERO_TIMESHIFT_RELATIVE_TO_PR134_R0;B0_START_SITE_ABSENT_COMPLETE_PR134_DOMAIN
9020166,AIDC12,AIDC07,0,78,1,3,"[78, 79, 80, 81, 82, 83, 84, 85, 86, 87, 88, 89, 90, 91, 92, 93, 94, 95, 96, 97, 98, 99, 100, 101, 102, 103, 104, 105, 106, 107, 108, 109, 110, 111, 112, 113, 114, 115, 116, 117]",False,False,NONZERO_PRESTART_RELOCATION_RELATIVE_TO_PR134_R0;NONZERO_TIMESHIFT_RELATIVE_TO_PR134_R0;B0_START_SITE_ABSENT_COMPLETE_PR134_DOMAIN
9020167,AIDC12,AIDC07,0,78,1,3,"[78, 79, 80, 81, 82, 83, 84, 85, 86, 87, 88, 89, 90, 91, 92, 93, 94, 95, 96, 97, 98, 99, 100, 101, 102, 103, 104, 105, 106, 107, 108, 109, 110, 111, 112, 113, 114, 115, 116, 117]",False,False,NONZERO_PRESTART_RELOCATION_RELATIVE_TO_PR134_R0;NONZERO_TIMESHIFT_RELATIVE_TO_PR134_R0;B0_START_SITE_ABSENT_COMPLETE_PR134_DOMAIN
9020168,AIDC12,AIDC11,0,78,1,3,"[78, 79, 80, 81, 82, 83, 84, 85, 86, 87, 88, 89, 90, 91, 92, 93, 94, 95, 96, 97, 98, 99, 100, 101, 102, 103, 104, 105, 106, 107, 108, 109, 110, 111, 112, 113, 114, 115, 116, 117]",False,False,NONZERO_PRESTART_RELOCATION_RELATIVE_TO_PR134_R0;NONZERO_TIMESHIFT_RELATIVE_TO_PR134_R0;B0_START_SITE_ABSENT_COMPLETE_PR134_DOMAIN
9020169,AIDC12,AIDC11,0,78,1,3,"[78, 79, 80, 81, 82, 83, 84, 85, 86, 87, 88, 89, 90, 91, 92, 93, 94, 95, 96, 97, 98, 99, 100, 101, 102, 103, 104, 105, 106, 107, 108, 109, 110, 111, 112, 113, 114, 115, 116, 117]",False,False,NONZERO_PRESTART_RELOCATION_RELATIVE_TO_PR134_R0;NONZERO_TIMESHIFT_RELATIVE_TO_PR134_R0;B0_START_SITE_ABSENT_COMPLETE_PR134_DOMAIN
9020170,AIDC12,AIDC11,0,78,1,3,"[78, 79, 80, 81, 82, 83, 84, 85, 86, 87, 88, 89, 90, 91, 92, 93, 94, 95, 96, 97, 98, 99, 100, 101, 102, 103, 104, 105, 106, 107, 108, 109, 110, 111, 112, 113, 114, 115, 116, 117]",False,False,NONZERO_PRESTART_RELOCATION_RELATIVE_TO_PR134_R0;NONZERO_TIMESHIFT_RELATIVE_TO_PR134_R0;B0_START_SITE_ABSENT_COMPLETE_PR134_DOMAIN
9020171,AIDC12,AIDC11,0,78,1,3,"[78, 79, 80, 81, 82, 83, 84, 85, 86, 87, 88, 89, 90, 91, 92, 93, 94, 95, 96, 97, 98, 99, 100, 101, 102, 103, 104, 105, 106, 107, 108, 109, 110, 111, 112, 113, 114, 115, 116, 117]",False,False,NONZERO_PRESTART_RELOCATION_RELATIVE_TO_PR134_R0;NONZERO_TIMESHIFT_RELATIVE_TO_PR134_R0;B0_START_SITE_ABSENT_COMPLETE_PR134_DOMAIN
9020172,AIDC12,AIDC12,0,78,1,3,"[78, 79, 80, 81, 82, 83, 84, 85, 86, 87, 88, 89, 90, 91, 92, 93, 94, 95, 96, 97, 98, 99, 100, 101, 102, 103, 104, 105, 106, 107, 108, 109, 110, 111, 112, 113, 114, 115, 116, 117]",False,False,NONZERO_TIMESHIFT_RELATIVE_TO_PR134_R0;B0_START_SITE_ABSENT_COMPLETE_PR134_DOMAIN
9020173,AIDC12,AIDC12,0,78,1,3,"[78, 79, 80, 81, 82, 83, 84, 85, 86, 87, 88, 89, 90, 91, 92, 93, 94, 95, 96, 97, 98, 99, 100, 101, 102, 103, 104, 105, 106, 107, 108, 109, 110, 111, 112, 113, 114, 115, 116, 117]",False,False,NONZERO_TIMESHIFT_RELATIVE_TO_PR134_R0;B0_START_SITE_ABSENT_COMPLETE_PR134_DOMAIN
9020174,AIDC12,AIDC12,0,78,1,3,"[78, 79, 80, 81, 82, 83, 84, 85, 86, 87, 88, 89, 90, 91, 92, 93, 94, 95, 96, 97, 98, 99, 100, 101, 102, 103, 104, 105, 106, 107, 108, 109, 110, 111, 112, 113, 114, 115, 116, 117]",False,False,NONZERO_TIMESHIFT_RELATIVE_TO_PR134_R0;B0_START_SITE_ABSENT_COMPLETE_PR134_DOMAIN
9020175,AIDC12,AIDC12,0,78,1,3,"[78, 79, 80, 81, 82, 83, 84, 85, 86, 87, 88, 89, 90, 91, 92, 93, 94, 95, 96, 97, 98, 99, 100, 101, 102, 103, 104, 105, 106, 107, 108, 109, 110, 111, 112, 113, 114, 115, 116, 117]",False,False,NONZERO_TIMESHIFT_RELATIVE_TO_PR134_R0;B0_START_SITE_ABSENT_COMPLETE_PR134_DOMAIN
9020176,AIDC12,AIDC11,0,79,1,3,"[79, 80, 81, 82, 83, 84, 85, 86, 87, 88, 89, 90, 91, 92, 93, 94, 95, 96, 97, 98, 99, 100, 101, 102, 103, 104, 105, 106, 107, 108, 109, 110, 111, 112, 113, 114, 115, 116, 117]",False,False,NONZERO_PRESTART_RELOCATION_RELATIVE_TO_PR134_R0;NONZERO_TIMESHIFT_RELATIVE_TO_PR134_R0;B0_START_SITE_ABSENT_COMPLETE_PR134_DOMAIN
9020177,AIDC12,AIDC12,0,79,1,3,"[79, 80, 81, 82, 83, 84, 85, 86, 87, 88, 89, 90, 91, 92, 93, 94, 95, 96, 97, 98, 99, 100, 101, 102, 103, 104, 105, 106, 107, 108, 109, 110, 111, 112, 113, 114, 115, 116, 117]",False,False,NONZERO_TIMESHIFT_RELATIVE_TO_PR134_R0;B0_START_SITE_ABSENT_COMPLETE_PR134_DOMAIN
9020178,AIDC12,AIDC12,0,79,1,3,"[79, 80, 81, 82, 83, 84, 85, 86, 87, 88, 89, 90, 91, 92, 93, 94, 95, 96, 97, 98, 99, 100, 101, 102, 103, 104, 105, 106, 107, 108, 109, 110, 111, 112, 113, 114, 115, 116, 117]",False,False,NONZERO_TIMESHIFT_RELATIVE_TO_PR134_R0;B0_START_SITE_ABSENT_COMPLETE_PR134_DOMAIN
9020179,AIDC12,AIDC12,0,79,1,3,"[79, 80, 81, 82, 83, 84, 85, 86, 87, 88, 89, 90, 91, 92, 93, 94, 95, 96, 97, 98, 99, 100, 101, 102, 103, 104, 105, 106, 107, 108, 109, 110, 111, 112, 113, 114, 115, 116, 117]",False,False,NONZERO_TIMESHIFT_RELATIVE_TO_PR134_R0;B0_START_SITE_ABSENT_COMPLETE_PR134_DOMAIN
9020180,AIDC12,AIDC12,0,79,1,3,"[79, 80, 81, 82, 83, 84, 85, 86, 87, 88, 89, 90, 91, 92, 93, 94, 95, 96, 97, 98, 99, 100, 101, 102, 103, 104, 105, 106, 107, 108, 109, 110, 111, 112, 113, 114, 115, 116, 117]",False,False,NONZERO_TIMESHIFT_RELATIVE_TO_PR134_R0;B0_START_SITE_ABSENT_COMPLETE_PR134_DOMAIN
9020181,AIDC12,AIDC12,0,79,1,3,"[79, 80, 81, 82, 83, 84, 85, 86, 87, 88, 89, 90, 91, 92, 93, 94, 95, 96, 97, 98, 99, 100, 101, 102, 103, 104, 105, 106, 107, 108, 109, 110, 111, 112, 113, 114, 115, 116, 117]",False,False,NONZERO_TIMESHIFT_RELATIVE_TO_PR134_R0;B0_START_SITE_ABSENT_COMPLETE_PR134_DOMAIN
9020182,AIDC12,AIDC12,0,79,1,3,"[79, 80, 81, 82, 83, 84, 85, 86, 87, 88, 89, 90, 91, 92, 93, 94, 95, 96, 97, 98, 99, 100, 101, 102, 103, 104, 105, 106, 107, 108, 109, 110, 111, 112, 113, 114, 115, 116, 117]",False,False,NONZERO_TIMESHIFT_RELATIVE_TO_PR134_R0;B0_START_SITE_ABSENT_COMPLETE_PR134_DOMAIN
9020183,AIDC12,AIDC12,0,79,1,3,"[79, 80, 81, 82, 83, 84, 85, 86, 87, 88, 89, 90, 91, 92, 93, 94, 95, 96, 97, 98, 99, 100, 101, 102, 103, 104, 105, 106, 107, 108, 109, 110, 111, 112, 113, 114, 115, 116, 117]",False,False,NONZERO_TIMESHIFT_RELATIVE_TO_PR134_R0;B0_START_SITE_ABSENT_COMPLETE_PR134_DOMAIN
9020184,AIDC12,AIDC12,0,79,1,3,"[79, 80, 81, 82, 83, 84, 85, 86, 87, 88, 89, 90, 91, 92, 93, 94, 95, 96, 97, 98, 99, 100, 101, 102, 103, 104, 105, 106, 107, 108, 109, 110, 111, 112, 113, 114, 115, 116, 117]",False,False,NONZERO_TIMESHIFT_RELATIVE_TO_PR134_R0;B0_START_SITE_ABSENT_COMPLETE_PR134_DOMAIN
9020185,AIDC12,AIDC12,0,79,1,3,"[79, 80, 81, 82, 83, 84, 85, 86, 87, 88, 89, 90, 91, 92, 93, 94, 95, 96, 97, 98, 99, 100, 101, 102, 103, 104, 105, 106, 107, 108, 109, 110, 111, 112, 113, 114, 115, 116, 117]",False,False,NONZERO_TIMESHIFT_RELATIVE_TO_PR134_R0;B0_START_SITE_ABSENT_COMPLETE_PR134_DOMAIN
9020186,AIDC12,AIDC12,0,79,1,3,"[79, 80, 81, 82, 83, 84, 85, 86, 87, 88, 89, 90, 91, 92, 93, 94, 95, 96, 97, 98, 99, 100, 101, 102, 103, 104, 105, 106, 107, 108, 109, 110, 111, 112, 113, 114, 115, 116, 117]",False,False,NONZERO_TIMESHIFT_RELATIVE_TO_PR134_R0;B0_START_SITE_ABSENT_COMPLETE_PR134_DOMAIN
9020187,AIDC12,AIDC12,0,79,1,3,"[79, 80, 81, 82, 83, 84, 85, 86, 87, 88, 89, 90, 91, 92, 93, 94, 95, 96, 97, 98, 99, 100, 101, 102, 103, 104, 105, 106, 107, 108, 109, 110, 111, 112, 113, 114, 115, 116, 117]",False,False,NONZERO_TIMESHIFT_RELATIVE_TO_PR134_R0;B0_START_SITE_ABSENT_COMPLETE_PR134_DOMAIN
9020188,AIDC12,AIDC12,0,79,1,3,"[79, 80, 81, 82, 83, 84, 85, 86, 87, 88, 89, 90, 91, 92, 93, 94, 95, 96, 97, 98, 99, 100, 101, 102, 103, 104, 105, 106, 107, 108, 109, 110, 111, 112, 113, 114, 115, 116, 117]",False,False,NONZERO_TIMESHIFT_RELATIVE_TO_PR134_R0;B0_START_SITE_ABSENT_COMPLETE_PR134_DOMAIN
9020189,AIDC12,AIDC03,0,80,1,3,"[80, 81, 82, 83, 84, 85, 86, 87, 88, 89, 90, 91, 92, 93, 94, 95, 96, 97, 98, 99, 100, 101, 102, 103, 104, 105, 106, 107, 108, 109, 110, 111, 112, 113, 114, 115, 116, 117, 118]",False,False,NONZERO_PRESTART_RELOCATION_RELATIVE_TO_PR134_R0;NONZERO_TIMESHIFT_RELATIVE_TO_PR134_R0;B0_START_SITE_ABSENT_COMPLETE_PR134_DOMAIN
9020190,AIDC12,AIDC03,0,80,1,3,"[80, 81, 82, 83, 84, 85, 86, 87, 88, 89, 90, 91, 92, 93, 94, 95, 96, 97, 98, 99, 100, 101, 102, 103, 104, 105, 106, 107, 108, 109, 110, 111, 112, 113, 114, 115, 116, 117, 118]",False,False,NONZERO_PRESTART_RELOCATION_RELATIVE_TO_PR134_R0;NONZERO_TIMESHIFT_RELATIVE_TO_PR134_R0;B0_START_SITE_ABSENT_COMPLETE_PR134_DOMAIN
9020191,AIDC12,AIDC03,0,80,1,3,"[80, 81, 82, 83, 84, 85, 86, 87, 88, 89, 90, 91, 92, 93, 94, 95, 96, 97, 98, 99, 100, 101, 102, 103, 104, 105, 106, 107, 108, 109, 110, 111, 112, 113, 114, 115, 116, 117, 118]",False,False,NONZERO_PRESTART_RELOCATION_RELATIVE_TO_PR134_R0;NONZERO_TIMESHIFT_RELATIVE_TO_PR134_R0;B0_START_SITE_ABSENT_COMPLETE_PR134_DOMAIN
9020192,AIDC12,AIDC03,0,80,1,3,"[80, 81, 82, 83, 84, 85, 86, 87, 88, 89, 90, 91, 92, 93, 94, 95, 96, 97, 98, 99, 100, 101, 102, 103, 104, 105, 106, 107, 108, 109, 110, 111, 112, 113, 114, 115, 116, 117, 118]",False,False,NONZERO_PRESTART_RELOCATION_RELATIVE_TO_PR134_R0;NONZERO_TIMESHIFT_RELATIVE_TO_PR134_R0;B0_START_SITE_ABSENT_COMPLETE_PR134_DOMAIN
9020193,AIDC12,AIDC03,0,80,1,3,"[80, 81, 82, 83, 84, 85, 86, 87, 88, 89, 90, 91, 92, 93, 94, 95, 96, 97, 98, 99, 100, 101, 102, 103, 104, 105, 106, 107, 108, 109, 110, 111, 112, 113, 114, 115, 116, 117, 118]",False,False,NONZERO_PRESTART_RELOCATION_RELATIVE_TO_PR134_R0;NONZERO_TIMESHIFT_RELATIVE_TO_PR134_R0;B0_START_SITE_ABSENT_COMPLETE_PR134_DOMAIN
9020194,AIDC12,AIDC03,0,80,1,3,"[80, 81, 82, 83, 84, 85, 86, 87, 88, 89, 90, 91, 92, 93, 94, 95, 96, 97, 98, 99, 100, 101, 102, 103, 104, 105, 106, 107, 108, 109, 110, 111, 112, 113, 114, 115, 116, 117, 118]",False,False,NONZERO_PRESTART_RELOCATION_RELATIVE_TO_PR134_R0;NONZERO_TIMESHIFT_RELATIVE_TO_PR134_R0;B0_START_SITE_ABSENT_COMPLETE_PR134_DOMAIN
9020195,AIDC12,AIDC03,0,80,1,3,"[80, 81, 82, 83, 84, 85, 86, 87, 88, 89, 90, 91, 92, 93, 94, 95, 96, 97, 98, 99, 100, 101, 102, 103, 104, 105, 106, 107, 108, 109, 110, 111, 112, 113, 114, 115, 116, 117, 118]",False,False,NONZERO_PRESTART_RELOCATION_RELATIVE_TO_PR134_R0;NONZERO_TIMESHIFT_RELATIVE_TO_PR134_R0;B0_START_SITE_ABSENT_COMPLETE_PR134_DOMAIN
9020196,AIDC12,AIDC03,0,80,1,3,"[80, 81, 82, 83, 84, 85, 86, 87, 88, 89, 90, 91, 92, 93, 94, 95, 96, 97, 98, 99, 100, 101, 102, 103, 104, 105, 106, 107, 108, 109, 110, 111, 112, 113, 114, 115, 116, 117, 118]",False,False,NONZERO_PRESTART_RELOCATION_RELATIVE_TO_PR134_R0;NONZERO_TIMESHIFT_RELATIVE_TO_PR134_R0;B0_START_SITE_ABSENT_COMPLETE_PR134_DOMAIN
9020197,AIDC12,AIDC03,0,80,1,3,"[80, 81, 82, 83, 84, 85, 86, 87, 88, 89, 90, 91, 92, 93, 94, 95, 96, 97, 98, 99, 100, 101, 102, 103, 104, 105, 106, 107, 108, 109, 110, 111, 112, 113, 114, 115, 116, 117, 118]",False,False,NONZERO_PRESTART_RELOCATION_RELATIVE_TO_PR134_R0;NONZERO_TIMESHIFT_RELATIVE_TO_PR134_R0;B0_START_SITE_ABSENT_COMPLETE_PR134_DOMAIN
9020198,AIDC12,AIDC03,0,80,1,3,"[80, 81, 82, 83, 84, 85, 86, 87, 88, 89, 90, 91, 92, 93, 94, 95, 96, 97, 98, 99, 100, 101, 102, 103, 104, 105, 106, 107, 108, 109, 110, 111, 112, 113, 114, 115, 116, 117, 118]",False,False,NONZERO_PRESTART_RELOCATION_RELATIVE_TO_PR134_R0;NONZERO_TIMESHIFT_RELATIVE_TO_PR134_R0;B0_START_SITE_ABSENT_COMPLETE_PR134_DOMAIN
9020199,AIDC12,AIDC03,0,80,1,3,"[80, 81, 82, 83, 84, 85, 86, 87, 88, 89, 90, 91, 92, 93, 94, 95, 96, 97, 98, 99, 100, 101, 102, 103, 104, 105, 106, 107, 108, 109, 110, 111, 112, 113, 114, 115, 116, 117, 118]",False,False,NONZERO_PRESTART_RELOCATION_RELATIVE_TO_PR134_R0;NONZERO_TIMESHIFT_RELATIVE_TO_PR134_R0;B0_START_SITE_ABSENT_COMPLETE_PR134_DOMAIN
9020200,AIDC12,AIDC03,0,80,1,3,"[80, 81, 82, 83, 84, 85, 86, 87, 88, 89, 90, 91, 92, 93, 94, 95, 96, 97, 98, 99, 100, 101, 102, 103, 104, 105, 106, 107, 108, 109, 110, 111, 112, 113, 114, 115, 116, 117, 118]",False,False,NONZERO_PRESTART_RELOCATION_RELATIVE_TO_PR134_R0;NONZERO_TIMESHIFT_RELATIVE_TO_PR134_R0;B0_START_SITE_ABSENT_COMPLETE_PR134_DOMAIN
9020201,AIDC12,AIDC03,0,80,1,3,"[80, 81, 82, 83, 84, 85, 86, 87, 88, 89, 90, 91, 92, 93, 94, 95, 96, 97, 98, 99, 100, 101, 102, 103, 104, 105, 106, 107, 108, 109, 110, 111, 112, 113, 114, 115, 116, 117, 118]",False,False,NONZERO_PRESTART_RELOCATION_RELATIVE_TO_PR134_R0;NONZERO_TIMESHIFT_RELATIVE_TO_PR134_R0;B0_START_SITE_ABSENT_COMPLETE_PR134_DOMAIN
9020202,AIDC12,AIDC03,0,80,1,3,"[80, 81, 82, 83, 84, 85, 86, 87, 88, 89, 90, 91, 92, 93, 94, 95, 96, 97, 98, 99, 100, 101, 102, 103, 104, 105, 106, 107, 108, 109, 110, 111, 112, 113, 114, 115, 116, 117, 118]",False,False,NONZERO_PRESTART_RELOCATION_RELATIVE_TO_PR134_R0;NONZERO_TIMESHIFT_RELATIVE_TO_PR134_R0;B0_START_SITE_ABSENT_COMPLETE_PR134_DOMAIN
9020203,AIDC12,AIDC03,0,80,1,3,"[80, 81, 82, 83, 84, 85, 86, 87, 88, 89, 90, 91, 92, 93, 94, 95, 96, 97, 98, 99, 100, 101, 102, 103, 104, 105, 106, 107, 108, 109, 110, 111, 112, 113, 114, 115, 116, 117, 118]",False,False,NONZERO_PRESTART_RELOCATION_RELATIVE_TO_PR134_R0;NONZERO_TIMESHIFT_RELATIVE_TO_PR134_R0;B0_START_SITE_ABSENT_COMPLETE_PR134_DOMAIN
9020204,AIDC12,AIDC03,0,80,1,3,"[80, 81, 82, 83, 84, 85, 86, 87, 88, 89, 90, 91, 92, 93, 94, 95, 96, 97, 98, 99, 100, 101, 102, 103, 104, 105, 106, 107, 108, 109, 110, 111, 112, 113, 114, 115, 116, 117, 118]",False,False,NONZERO_PRESTART_RELOCATION_RELATIVE_TO_PR134_R0;NONZERO_TIMESHIFT_RELATIVE_TO_PR134_R0;B0_START_SITE_ABSENT_COMPLETE_PR134_DOMAIN
9020205,AIDC12,AIDC11,0,80,1,3,"[80, 81, 82, 83, 84, 85, 86, 87, 88, 89, 90, 91, 92, 93, 94, 95, 96, 97, 98, 99, 100, 101, 102, 103, 104, 105, 106, 107, 108, 109, 110, 111, 112, 113, 114, 115, 116, 117, 118]",False,False,NONZERO_PRESTART_RELOCATION_RELATIVE_TO_PR134_R0;NONZERO_TIMESHIFT_RELATIVE_TO_PR134_R0;B0_START_SITE_ABSENT_COMPLETE_PR134_DOMAIN
9020206,AIDC12,AIDC11,0,80,1,3,"[80, 81, 82, 83, 84, 85, 86, 87, 88, 89, 90, 91, 92, 93, 94, 95, 96, 97, 98, 99, 100, 101, 102, 103, 104, 105, 106, 107, 108, 109, 110, 111, 112, 113, 114, 115, 116, 117, 118]",False,False,NONZERO_PRESTART_RELOCATION_RELATIVE_TO_PR134_R0;NONZERO_TIMESHIFT_RELATIVE_TO_PR134_R0;B0_START_SITE_ABSENT_COMPLETE_PR134_DOMAIN
9020207,AIDC12,AIDC11,0,80,1,3,"[80, 81, 82, 83, 84, 85, 86, 87, 88, 89, 90, 91, 92, 93, 94, 95, 96, 97, 98, 99, 100, 101, 102, 103, 104, 105, 106, 107, 108, 109, 110, 111, 112, 113, 114, 115, 116, 117, 118]",False,False,NONZERO_PRESTART_RELOCATION_RELATIVE_TO_PR134_R0;NONZERO_TIMESHIFT_RELATIVE_TO_PR134_R0;B0_START_SITE_ABSENT_COMPLETE_PR134_DOMAIN
9020208,AIDC12,AIDC11,0,80,1,3,"[80, 81, 82, 83, 84, 85, 86, 87, 88, 89, 90, 91, 92, 93, 94, 95, 96, 97, 98, 99, 100, 101, 102, 103, 104, 105, 106, 107, 108, 109, 110, 111, 112, 113, 114, 115, 116, 117, 118]",False,False,NONZERO_PRESTART_RELOCATION_RELATIVE_TO_PR134_R0;NONZERO_TIMESHIFT_RELATIVE_TO_PR134_R0;B0_START_SITE_ABSENT_COMPLETE_PR134_DOMAIN
9020209,AIDC12,AIDC11,0,80,1,3,"[80, 81, 82, 83, 84, 85, 86, 87, 88, 89, 90, 91, 92, 93, 94, 95, 96, 97, 98, 99, 100, 101, 102, 103, 104, 105, 106, 107, 108, 109, 110, 111, 112, 113, 114, 115, 116, 117, 118]",False,False,NONZERO_PRESTART_RELOCATION_RELATIVE_TO_PR134_R0;NONZERO_TIMESHIFT_RELATIVE_TO_PR134_R0;B0_START_SITE_ABSENT_COMPLETE_PR134_DOMAIN
9020210,AIDC12,AIDC11,0,80,1,3,"[80, 81, 82, 83, 84, 85, 86, 87, 88, 89, 90, 91, 92, 93, 94, 95, 96, 97, 98, 99, 100, 101, 102, 103, 104, 105, 106, 107, 108, 109, 110, 111, 112, 113, 114, 115, 116, 117, 118]",False,False,NONZERO_PRESTART_RELOCATION_RELATIVE_TO_PR134_R0;NONZERO_TIMESHIFT_RELATIVE_TO_PR134_R0;B0_START_SITE_ABSENT_COMPLETE_PR134_DOMAIN
9020211,AIDC12,AIDC11,0,80,1,3,"[80, 81, 82, 83, 84, 85, 86, 87, 88, 89, 90, 91, 92, 93, 94, 95, 96, 97, 98, 99, 100, 101, 102, 103, 104, 105, 106, 107, 108, 109, 110, 111, 112, 113, 114, 115, 116, 117, 118]",False,False,NONZERO_PRESTART_RELOCATION_RELATIVE_TO_PR134_R0;NONZERO_TIMESHIFT_RELATIVE_TO_PR134_R0;B0_START_SITE_ABSENT_COMPLETE_PR134_DOMAIN
9020212,AIDC12,AIDC11,0,80,1,3,"[80, 81, 82, 83, 84, 85, 86, 87, 88, 89, 90, 91, 92, 93, 94, 95, 96, 97, 98, 99, 100, 101, 102, 103, 104, 105, 106, 107, 108, 109, 110, 111, 112, 113, 114, 115, 116, 117, 118]",False,False,NONZERO_PRESTART_RELOCATION_RELATIVE_TO_PR134_R0;NONZERO_TIMESHIFT_RELATIVE_TO_PR134_R0;B0_START_SITE_ABSENT_COMPLETE_PR134_DOMAIN
9020213,AIDC12,AIDC05,0,81,1,3,"[81, 82, 83, 84, 85, 86, 87, 88, 89, 90, 91, 92, 93, 94, 95, 96, 97, 98, 99, 100, 101, 102, 103, 104, 105, 106, 107, 108, 109, 110, 111, 112, 113, 114, 115, 116, 117, 118, 119]",False,False,NONZERO_PRESTART_RELOCATION_RELATIVE_TO_PR134_R0;NONZERO_TIMESHIFT_RELATIVE_TO_PR134_R0;B0_START_SITE_ABSENT_COMPLETE_PR134_DOMAIN
9020214,AIDC12,AIDC05,0,81,1,3,"[81, 82, 83, 84, 85, 86, 87, 88, 89, 90, 91, 92, 93, 94, 95, 96, 97, 98, 99, 100, 101, 102, 103, 104, 105, 106, 107, 108, 109, 110, 111, 112, 113, 114, 115, 116, 117, 118, 119]",False,False,NONZERO_PRESTART_RELOCATION_RELATIVE_TO_PR134_R0;NONZERO_TIMESHIFT_RELATIVE_TO_PR134_R0;B0_START_SITE_ABSENT_COMPLETE_PR134_DOMAIN
9020215,AIDC12,AIDC05,0,81,1,3,"[81, 82, 83, 84, 85, 86, 87, 88, 89, 90, 91, 92, 93, 94, 95, 96, 97, 98, 99, 100, 101, 102, 103, 104, 105, 106, 107, 108, 109, 110, 111, 112, 113, 114, 115, 116, 117, 118, 119]",False,False,NONZERO_PRESTART_RELOCATION_RELATIVE_TO_PR134_R0;NONZERO_TIMESHIFT_RELATIVE_TO_PR134_R0;B0_START_SITE_ABSENT_COMPLETE_PR134_DOMAIN
9020216,AIDC12,AIDC05,0,81,1,3,"[81, 82, 83, 84, 85, 86, 87, 88, 89, 90, 91, 92, 93, 94, 95, 96, 97, 98, 99, 100, 101, 102, 103, 104, 105, 106, 107, 108, 109, 110, 111, 112, 113, 114, 115, 116, 117, 118, 119]",False,False,NONZERO_PRESTART_RELOCATION_RELATIVE_TO_PR134_R0;NONZERO_TIMESHIFT_RELATIVE_TO_PR134_R0;B0_START_SITE_ABSENT_COMPLETE_PR134_DOMAIN
9020217,AIDC12,AIDC05,0,81,1,3,"[81, 82, 83, 84, 85, 86, 87, 88, 89, 90, 91, 92, 93, 94, 95, 96, 97, 98, 99, 100, 101, 102, 103, 104, 105, 106, 107, 108, 109, 110, 111, 112, 113, 114, 115, 116, 117, 118, 119]",False,False,NONZERO_PRESTART_RELOCATION_RELATIVE_TO_PR134_R0;NONZERO_TIMESHIFT_RELATIVE_TO_PR134_R0;B0_START_SITE_ABSENT_COMPLETE_PR134_DOMAIN
9020218,AIDC12,AIDC05,0,81,1,3,"[81, 82, 83, 84, 85, 86, 87, 88, 89, 90, 91, 92, 93, 94, 95, 96, 97, 98, 99, 100, 101, 102, 103, 104, 105, 106, 107, 108, 109, 110, 111, 112, 113, 114, 115, 116, 117, 118, 119]",False,False,NONZERO_PRESTART_RELOCATION_RELATIVE_TO_PR134_R0;NONZERO_TIMESHIFT_RELATIVE_TO_PR134_R0;B0_START_SITE_ABSENT_COMPLETE_PR134_DOMAIN
9020219,AIDC12,AIDC05,0,81,1,3,"[81, 82, 83, 84, 85, 86, 87, 88, 89, 90, 91, 92, 93, 94, 95, 96, 97, 98, 99, 100, 101, 102, 103, 104, 105, 106, 107, 108, 109, 110, 111, 112, 113, 114, 115, 116, 117, 118, 119]",False,False,NONZERO_PRESTART_RELOCATION_RELATIVE_TO_PR134_R0;NONZERO_TIMESHIFT_RELATIVE_TO_PR134_R0;B0_START_SITE_ABSENT_COMPLETE_PR134_DOMAIN
9020220,AIDC12,AIDC05,0,81,1,3,"[81, 82, 83, 84, 85, 86, 87, 88, 89, 90, 91, 92, 93, 94, 95, 96, 97, 98, 99, 100, 101, 102, 103, 104, 105, 106, 107, 108, 109, 110, 111, 112, 113, 114, 115, 116, 117, 118, 119]",False,False,NONZERO_PRESTART_RELOCATION_RELATIVE_TO_PR134_R0;NONZERO_TIMESHIFT_RELATIVE_TO_PR134_R0;B0_START_SITE_ABSENT_COMPLETE_PR134_DOMAIN
9020221,AIDC12,AIDC11,0,81,1,3,"[81, 82, 83, 84, 85, 86, 87, 88, 89, 90, 91, 92, 93, 94, 95, 96, 97, 98, 99, 100, 101, 102, 103, 104, 105, 106, 107, 108, 109, 110, 111, 112, 113, 114, 115, 116, 117, 118, 119]",False,False,NONZERO_PRESTART_RELOCATION_RELATIVE_TO_PR134_R0;NONZERO_TIMESHIFT_RELATIVE_TO_PR134_R0;B0_START_SITE_ABSENT_COMPLETE_PR134_DOMAIN
9020222,AIDC12,AIDC11,0,81,1,3,"[81, 82, 83, 84, 85, 86, 87, 88, 89, 90, 91, 92, 93, 94, 95, 96, 97, 98, 99, 100, 101, 102, 103, 104, 105, 106, 107, 108, 109, 110, 111, 112, 113, 114, 115, 116, 117, 118, 119]",False,False,NONZERO_PRESTART_RELOCATION_RELATIVE_TO_PR134_R0;NONZERO_TIMESHIFT_RELATIVE_TO_PR134_R0;B0_START_SITE_ABSENT_COMPLETE_PR134_DOMAIN
9020223,AIDC12,AIDC11,0,81,1,3,"[81, 82, 83, 84, 85, 86, 87, 88, 89, 90, 91, 92, 93, 94, 95, 96, 97, 98, 99, 100, 101, 102, 103, 104, 105, 106, 107, 108, 109, 110, 111, 112, 113, 114, 115, 116, 117, 118, 119]",False,False,NONZERO_PRESTART_RELOCATION_RELATIVE_TO_PR134_R0;NONZERO_TIMESHIFT_RELATIVE_TO_PR134_R0;B0_START_SITE_ABSENT_COMPLETE_PR134_DOMAIN
9020225,AIDC12,AIDC11,0,81,1,3,"[81, 82, 83, 84, 85, 86, 87, 88, 89, 90, 91, 92, 93, 94, 95, 96, 97, 98, 99, 100, 101, 102, 103, 104, 105, 106, 107, 108, 109, 110, 111, 112, 113, 114, 115, 116, 117, 118, 119]",False,False,NONZERO_PRESTART_RELOCATION_RELATIVE_TO_PR134_R0;NONZERO_TIMESHIFT_RELATIVE_TO_PR134_R0;B0_START_SITE_ABSENT_COMPLETE_PR134_DOMAIN
9020226,AIDC12,AIDC11,0,81,1,3,"[81, 82, 83, 84, 85, 86, 87, 88, 89, 90, 91, 92, 93, 94, 95, 96, 97, 98, 99, 100, 101, 102, 103, 104, 105, 106, 107, 108, 109, 110, 111, 112, 113, 114, 115, 116, 117, 118, 119]",False,False,NONZERO_PRESTART_RELOCATION_RELATIVE_TO_PR134_R0;NONZERO_TIMESHIFT_RELATIVE_TO_PR134_R0;B0_START_SITE_ABSENT_COMPLETE_PR134_DOMAIN
9020227,AIDC12,AIDC11,0,81,1,3,"[81, 82, 83, 84, 85, 86, 87, 88, 89, 90, 91, 92, 93, 94, 95, 96, 97, 98, 99, 100, 101, 102, 103, 104, 105, 106, 107, 108, 109, 110, 111, 112, 113, 114, 115, 116, 117, 118, 119]",False,False,NONZERO_PRESTART_RELOCATION_RELATIVE_TO_PR134_R0;NONZERO_TIMESHIFT_RELATIVE_TO_PR134_R0;B0_START_SITE_ABSENT_COMPLETE_PR134_DOMAIN
9020228,AIDC12,AIDC11,0,81,1,3,"[81, 82, 83, 84, 85, 86, 87, 88, 89, 90, 91, 92, 93, 94, 95, 96, 97, 98, 99, 100, 101, 102, 103, 104, 105, 106, 107, 108, 109, 110, 111, 112, 113, 114, 115, 116, 117, 118, 119]",False,False,NONZERO_PRESTART_RELOCATION_RELATIVE_TO_PR134_R0;NONZERO_TIMESHIFT_RELATIVE_TO_PR134_R0;B0_START_SITE_ABSENT_COMPLETE_PR134_DOMAIN
9020229,AIDC12,AIDC11,0,81,1,3,"[81, 82, 83, 84, 85, 86, 87, 88, 89, 90, 91, 92, 93, 94, 95, 96, 97, 98, 99, 100, 101, 102, 103, 104, 105, 106, 107, 108, 109, 110, 111, 112, 113, 114, 115, 116, 117, 118, 119]",False,False,NONZERO_PRESTART_RELOCATION_RELATIVE_TO_PR134_R0;NONZERO_TIMESHIFT_RELATIVE_TO_PR134_R0;B0_START_SITE_ABSENT_COMPLETE_PR134_DOMAIN
9020230,AIDC12,AIDC12,0,82,1,3,"[82, 83, 84, 85, 86, 87, 88, 89, 90, 91, 92, 93, 94, 95, 96, 97, 98, 99, 100, 101, 102, 103, 104, 105, 106, 107, 108, 109, 110, 111, 112, 113, 114, 115, 116, 117, 118, 119]",False,False,NONZERO_TIMESHIFT_RELATIVE_TO_PR134_R0;B0_START_SITE_ABSENT_COMPLETE_PR134_DOMAIN
9020231,AIDC12,AIDC12,0,82,1,3,"[82, 83, 84, 85, 86, 87, 88, 89, 90, 91, 92, 93, 94, 95, 96, 97, 98, 99, 100, 101, 102, 103, 104, 105, 106, 107, 108, 109, 110, 111, 112, 113, 114, 115, 116, 117, 118, 119]",False,False,NONZERO_TIMESHIFT_RELATIVE_TO_PR134_R0;B0_START_SITE_ABSENT_COMPLETE_PR134_DOMAIN
9020232,AIDC12,AIDC12,0,82,1,3,"[82, 83, 84, 85, 86, 87, 88, 89, 90, 91, 92, 93, 94, 95, 96, 97, 98, 99, 100, 101, 102, 103, 104, 105, 106, 107, 108, 109, 110, 111, 112, 113, 114, 115, 116, 117, 118, 119]",False,False,NONZERO_TIMESHIFT_RELATIVE_TO_PR134_R0;B0_START_SITE_ABSENT_COMPLETE_PR134_DOMAIN
9020233,AIDC12,AIDC12,0,82,1,3,"[82, 83, 84, 85, 86, 87, 88, 89, 90, 91, 92, 93, 94, 95, 96, 97, 98, 99, 100, 101, 102, 103, 104, 105, 106, 107, 108, 109, 110, 111, 112, 113, 114, 115, 116, 117, 118, 119]",False,False,NONZERO_TIMESHIFT_RELATIVE_TO_PR134_R0;B0_START_SITE_ABSENT_COMPLETE_PR134_DOMAIN
9020234,AIDC12,AIDC12,0,82,1,3,"[82, 83, 84, 85, 86, 87, 88, 89, 90, 91, 92, 93, 94, 95, 96, 97, 98, 99, 100, 101, 102, 103, 104, 105, 106, 107, 108, 109, 110, 111, 112, 113, 114, 115, 116, 117, 118, 119]",False,False,NONZERO_TIMESHIFT_RELATIVE_TO_PR134_R0;B0_START_SITE_ABSENT_COMPLETE_PR134_DOMAIN
9020235,AIDC12,AIDC12,0,82,1,3,"[82, 83, 84, 85, 86, 87, 88, 89, 90, 91, 92, 93, 94, 95, 96, 97, 98, 99, 100, 101, 102, 103, 104, 105, 106, 107, 108, 109, 110, 111, 112, 113, 114, 115, 116, 117, 118, 119]",False,False,NONZERO_TIMESHIFT_RELATIVE_TO_PR134_R0;B0_START_SITE_ABSENT_COMPLETE_PR134_DOMAIN
9020236,AIDC12,AIDC12,0,82,1,3,"[82, 83, 84, 85, 86, 87, 88, 89, 90, 91, 92, 93, 94, 95, 96, 97, 98, 99, 100, 101, 102, 103, 104, 105, 106, 107, 108, 109, 110, 111, 112, 113, 114, 115, 116, 117, 118, 119]",False,False,NONZERO_TIMESHIFT_RELATIVE_TO_PR134_R0;B0_START_SITE_ABSENT_COMPLETE_PR134_DOMAIN
9020237,AIDC12,AIDC12,0,82,1,3,"[82, 83, 84, 85, 86, 87, 88, 89, 90, 91, 92, 93, 94, 95, 96, 97, 98, 99, 100, 101, 102, 103, 104, 105, 106, 107, 108, 109, 110, 111, 112, 113, 114, 115, 116, 117, 118, 119]",False,False,NONZERO_TIMESHIFT_RELATIVE_TO_PR134_R0;B0_START_SITE_ABSENT_COMPLETE_PR134_DOMAIN
9020238,AIDC12,AIDC06,0,83,1,3,"[83, 84, 85, 86, 87, 88, 89, 90, 91, 92, 93, 94, 95, 96, 97, 98, 99, 100, 101, 102, 103, 104, 105, 106, 107, 108, 109, 110, 111, 112, 113, 114, 115, 116, 117, 118, 119]",False,False,NONZERO_PRESTART_RELOCATION_RELATIVE_TO_PR134_R0;NONZERO_TIMESHIFT_RELATIVE_TO_PR134_R0;B0_START_SITE_ABSENT_COMPLETE_PR134_DOMAIN
9020239,AIDC12,AIDC06,0,84,1,3,"[84, 85, 86, 87, 88, 89, 90, 91, 92, 93, 94, 95, 96, 97, 98, 99, 100, 101, 102, 103, 104, 105, 106, 107, 108, 109, 110, 111, 112, 113, 114, 115, 116, 117, 118, 119]",False,False,NONZERO_PRESTART_RELOCATION_RELATIVE_TO_PR134_R0;NONZERO_TIMESHIFT_RELATIVE_TO_PR134_R0;B0_START_SITE_ABSENT_COMPLETE_PR134_DOMAIN
9020240,AIDC12,AIDC06,0,84,1,3,"[84, 85, 86, 87, 88, 89, 90, 91, 92, 93, 94, 95, 96, 97, 98, 99, 100, 101, 102, 103, 104, 105, 106, 107, 108, 109, 110, 111, 112, 113, 114, 115, 116, 117, 118, 119]",False,False,NONZERO_PRESTART_RELOCATION_RELATIVE_TO_PR134_R0;NONZERO_TIMESHIFT_RELATIVE_TO_PR134_R0;B0_START_SITE_ABSENT_COMPLETE_PR134_DOMAIN
9020241,AIDC12,AIDC06,0,84,1,3,"[84, 85, 86, 87, 88, 89, 90, 91, 92, 93, 94, 95, 96, 97, 98, 99, 100, 101, 102, 103, 104, 105, 106, 107, 108, 109, 110, 111, 112, 113, 114, 115, 116, 117, 118, 119]",False,False,NONZERO_PRESTART_RELOCATION_RELATIVE_TO_PR134_R0;NONZERO_TIMESHIFT_RELATIVE_TO_PR134_R0;B0_START_SITE_ABSENT_COMPLETE_PR134_DOMAIN
9020242,AIDC12,AIDC06,0,84,1,3,"[84, 85, 86, 87, 88, 89, 90, 91, 92, 93, 94, 95, 96, 97, 98, 99, 100, 101, 102, 103, 104, 105, 106, 107, 108, 109, 110, 111, 112, 113, 114, 115, 116, 117, 118, 119]",False,False,NONZERO_PRESTART_RELOCATION_RELATIVE_TO_PR134_R0;NONZERO_TIMESHIFT_RELATIVE_TO_PR134_R0;B0_START_SITE_ABSENT_COMPLETE_PR134_DOMAIN
9020243,AIDC12,AIDC06,0,84,1,3,"[84, 85, 86, 87, 88, 89, 90, 91, 92, 93, 94, 95, 96, 97, 98, 99, 100, 101, 102, 103, 104, 105, 106, 107, 108, 109, 110, 111, 112, 113, 114, 115, 116, 117, 118, 119]",False,False,NONZERO_PRESTART_RELOCATION_RELATIVE_TO_PR134_R0;NONZERO_TIMESHIFT_RELATIVE_TO_PR134_R0;B0_START_SITE_ABSENT_COMPLETE_PR134_DOMAIN
9020244,AIDC08,AIDC06,1,84,1,3,"[84, 85, 86, 87, 88, 89, 90, 91, 92, 93, 94, 95, 96, 97, 98, 99, 100, 101, 102, 103, 104, 105, 106, 107, 108, 109, 110, 111, 112, 113, 114, 115, 116, 117, 118, 119]",False,False,NONZERO_PRESTART_RELOCATION_RELATIVE_TO_PR134_R0;NONZERO_TIMESHIFT_RELATIVE_TO_PR134_R0;B0_START_SITE_ABSENT_COMPLETE_PR134_DOMAIN
9020245,AIDC01,AIDC06,2,84,1,3,"[84, 85, 86, 87, 88, 89, 90, 91, 92, 93, 94, 95, 96, 97, 98, 99, 100, 101, 102, 103, 104, 105, 106, 107, 108, 109, 110, 111, 112, 113, 114, 115, 116, 117, 118, 119]",False,False,NONZERO_PRESTART_RELOCATION_RELATIVE_TO_PR134_R0;NONZERO_TIMESHIFT_RELATIVE_TO_PR134_R0;B0_START_SITE_ABSENT_COMPLETE_PR134_DOMAIN
9020246,AIDC01,AIDC06,2,84,1,3,"[84, 85, 86, 87, 88, 89, 90, 91, 92, 93, 94, 95, 96, 97, 98, 99, 100, 101, 102, 103, 104, 105, 106, 107, 108, 109, 110, 111, 112, 113, 114, 115, 116, 117, 118, 119]",False,False,NONZERO_PRESTART_RELOCATION_RELATIVE_TO_PR134_R0;NONZERO_TIMESHIFT_RELATIVE_TO_PR134_R0;B0_START_SITE_ABSENT_COMPLETE_PR134_DOMAIN
9020247,AIDC01,AIDC06,2,84,1,3,"[84, 85, 86, 87, 88, 89, 90, 91, 92, 93, 94, 95, 96, 97, 98, 99, 100, 101, 102, 103, 104, 105, 106, 107, 108, 109, 110, 111, 112, 113, 114, 115, 116, 117, 118, 119]",False,False,NONZERO_PRESTART_RELOCATION_RELATIVE_TO_PR134_R0;NONZERO_TIMESHIFT_RELATIVE_TO_PR134_R0;B0_START_SITE_ABSENT_COMPLETE_PR134_DOMAIN
9020248,AIDC01,AIDC06,2,84,1,3,"[84, 85, 86, 87, 88, 89, 90, 91, 92, 93, 94, 95, 96, 97, 98, 99, 100, 101, 102, 103, 104, 105, 106, 107, 108, 109, 110, 111, 112, 113, 114, 115, 116, 117, 118, 119]",False,False,NONZERO_PRESTART_RELOCATION_RELATIVE_TO_PR134_R0;NONZERO_TIMESHIFT_RELATIVE_TO_PR134_R0;B0_START_SITE_ABSENT_COMPLETE_PR134_DOMAIN
9020249,AIDC01,AIDC08,2,84,1,3,"[84, 85, 86, 87, 88, 89, 90, 91, 92, 93, 94, 95, 96, 97, 98, 99, 100, 101, 102, 103, 104, 105, 106, 107, 108, 109, 110, 111, 112, 113, 114, 115, 116, 117, 118, 119]",False,False,NONZERO_PRESTART_RELOCATION_RELATIVE_TO_PR134_R0;NONZERO_TIMESHIFT_RELATIVE_TO_PR134_R0;B0_START_SITE_ABSENT_COMPLETE_PR134_DOMAIN
9020250,AIDC01,AIDC08,2,84,1,3,"[84, 85, 86, 87, 88, 89, 90, 91, 92, 93, 94, 95, 96, 97, 98, 99, 100, 101, 102, 103, 104, 105, 106, 107, 108, 109, 110, 111, 112, 113, 114, 115, 116, 117, 118, 119]",False,False,NONZERO_PRESTART_RELOCATION_RELATIVE_TO_PR134_R0;NONZERO_TIMESHIFT_RELATIVE_TO_PR134_R0;B0_START_SITE_ABSENT_COMPLETE_PR134_DOMAIN
9020251,AIDC01,AIDC08,2,84,1,3,"[84, 85, 86, 87, 88, 89, 90, 91, 92, 93, 94, 95, 96, 97, 98, 99, 100, 101, 102, 103, 104, 105, 106, 107, 108, 109, 110, 111, 112, 113, 114, 115, 116, 117, 118, 119]",False,False,NONZERO_PRESTART_RELOCATION_RELATIVE_TO_PR134_R0;NONZERO_TIMESHIFT_RELATIVE_TO_PR134_R0;B0_START_SITE_ABSENT_COMPLETE_PR134_DOMAIN
9020252,AIDC01,AIDC08,2,84,1,3,"[84, 85, 86, 87, 88, 89, 90, 91, 92, 93, 94, 95, 96, 97, 98, 99, 100, 101, 102, 103, 104, 105, 106, 107, 108, 109, 110, 111, 112, 113, 114, 115, 116, 117, 118, 119]",False,False,NONZERO_PRESTART_RELOCATION_RELATIVE_TO_PR134_R0;NONZERO_TIMESHIFT_RELATIVE_TO_PR134_R0;B0_START_SITE_ABSENT_COMPLETE_PR134_DOMAIN
9020253,AIDC01,AIDC08,2,84,1,3,"[84, 85, 86, 87, 88, 89, 90, 91, 92, 93, 94, 95, 96, 97, 98, 99, 100, 101, 102, 103, 104, 105, 106, 107, 108, 109, 110, 111, 112, 113, 114, 115, 116, 117, 118, 119]",False,False,NONZERO_PRESTART_RELOCATION_RELATIVE_TO_PR134_R0;NONZERO_TIMESHIFT_RELATIVE_TO_PR134_R0;B0_START_SITE_ABSENT_COMPLETE_PR134_DOMAIN
9020254,AIDC01,AIDC08,2,84,1,3,"[84, 85, 86, 87, 88, 89, 90, 91, 92, 93, 94, 95, 96, 97, 98, 99, 100, 101, 102, 103, 104, 105, 106, 107, 108, 109, 110, 111, 112, 113, 114, 115, 116, 117, 118, 119]",False,False,NONZERO_PRESTART_RELOCATION_RELATIVE_TO_PR134_R0;NONZERO_TIMESHIFT_RELATIVE_TO_PR134_R0;B0_START_SITE_ABSENT_COMPLETE_PR134_DOMAIN
9020255,AIDC01,AIDC08,2,84,1,3,"[84, 85, 86, 87, 88, 89, 90, 91, 92, 93, 94, 95, 96, 97, 98, 99, 100, 101, 102, 103, 104, 105, 106, 107, 108, 109, 110, 111, 112, 113, 114, 115, 116, 117, 118, 119]",False,False,NONZERO_PRESTART_RELOCATION_RELATIVE_TO_PR134_R0;NONZERO_TIMESHIFT_RELATIVE_TO_PR134_R0;B0_START_SITE_ABSENT_COMPLETE_PR134_DOMAIN
9020256,AIDC01,AIDC08,2,84,1,3,"[84, 85, 86, 87, 88, 89, 90, 91, 92, 93, 94, 95, 96, 97, 98, 99, 100, 101, 102, 103, 104, 105, 106, 107, 108, 109, 110, 111, 112, 113, 114, 115, 116, 117, 118, 119]",False,False,NONZERO_PRESTART_RELOCATION_RELATIVE_TO_PR134_R0;NONZERO_TIMESHIFT_RELATIVE_TO_PR134_R0;B0_START_SITE_ABSENT_COMPLETE_PR134_DOMAIN
9020257,AIDC01,AIDC12,2,85,1,3,"[85, 86, 87, 88, 89, 90, 91, 92, 93, 94, 95, 96, 97, 98, 99, 100, 101, 102, 103, 104, 105, 106, 107, 108, 109, 110, 111, 112, 113, 114, 115, 116, 117, 118, 119]",False,False,NONZERO_PRESTART_RELOCATION_RELATIVE_TO_PR134_R0;NONZERO_TIMESHIFT_RELATIVE_TO_PR134_R0;B0_START_SITE_ABSENT_COMPLETE_PR134_DOMAIN
9020258,AIDC01,AIDC12,2,85,1,3,"[85, 86, 87, 88, 89, 90, 91, 92, 93, 94, 95, 96, 97, 98, 99, 100, 101, 102, 103, 104, 105, 106, 107, 108, 109, 110, 111, 112, 113, 114, 115, 116, 117, 118, 119]",False,False,NONZERO_PRESTART_RELOCATION_RELATIVE_TO_PR134_R0;NONZERO_TIMESHIFT_RELATIVE_TO_PR134_R0;B0_START_SITE_ABSENT_COMPLETE_PR134_DOMAIN
9020259,AIDC01,AIDC12,2,85,1,3,"[85, 86, 87, 88, 89, 90, 91, 92, 93, 94, 95, 96, 97, 98, 99, 100, 101, 102, 103, 104, 105, 106, 107, 108, 109, 110, 111, 112, 113, 114, 115, 116, 117, 118, 119]",False,False,NONZERO_PRESTART_RELOCATION_RELATIVE_TO_PR134_R0;NONZERO_TIMESHIFT_RELATIVE_TO_PR134_R0;B0_START_SITE_ABSENT_COMPLETE_PR134_DOMAIN
9020260,AIDC01,AIDC12,2,85,1,3,"[85, 86, 87, 88, 89, 90, 91, 92, 93, 94, 95, 96, 97, 98, 99, 100, 101, 102, 103, 104, 105, 106, 107, 108, 109, 110, 111, 112, 113, 114, 115, 116, 117, 118, 119]",False,False,NONZERO_PRESTART_RELOCATION_RELATIVE_TO_PR134_R0;NONZERO_TIMESHIFT_RELATIVE_TO_PR134_R0;B0_START_SITE_ABSENT_COMPLETE_PR134_DOMAIN
9020261,AIDC02,AIDC12,2,85,1,3,"[85, 86, 87, 88, 89, 90, 91, 92, 93, 94, 95, 96, 97, 98, 99, 100, 101, 102, 103, 104, 105, 106, 107, 108, 109, 110, 111, 112, 113, 114, 115, 116, 117, 118, 119]",False,False,NONZERO_PRESTART_RELOCATION_RELATIVE_TO_PR134_R0;NONZERO_TIMESHIFT_RELATIVE_TO_PR134_R0;B0_START_SITE_ABSENT_COMPLETE_PR134_DOMAIN
9020262,AIDC02,AIDC12,2,85,1,3,"[85, 86, 87, 88, 89, 90, 91, 92, 93, 94, 95, 96, 97, 98, 99, 100, 101, 102, 103, 104, 105, 106, 107, 108, 109, 110, 111, 112, 113, 114, 115, 116, 117, 118, 119]",False,False,NONZERO_PRESTART_RELOCATION_RELATIVE_TO_PR134_R0;NONZERO_TIMESHIFT_RELATIVE_TO_PR134_R0;B0_START_SITE_ABSENT_COMPLETE_PR134_DOMAIN
9020263,AIDC02,AIDC01,2,86,1,3,"[86, 87, 88, 89, 90, 91, 92, 93, 94, 95, 96, 97, 98, 99, 100, 101, 102, 103, 104, 105, 106, 107, 108, 109, 110, 111, 112, 113, 114, 115, 116, 117, 118, 119]",False,False,NONZERO_PRESTART_RELOCATION_RELATIVE_TO_PR134_R0;NONZERO_TIMESHIFT_RELATIVE_TO_PR134_R0;B0_START_SITE_ABSENT_COMPLETE_PR134_DOMAIN
9020264,AIDC02,AIDC01,2,86,1,3,"[86, 87, 88, 89, 90, 91, 92, 93, 94, 95, 96, 97, 98, 99, 100, 101, 102, 103, 104, 105, 106, 107, 108, 109, 110, 111, 112, 113, 114, 115, 116, 117, 118, 119]",False,False,NONZERO_PRESTART_RELOCATION_RELATIVE_TO_PR134_R0;NONZERO_TIMESHIFT_RELATIVE_TO_PR134_R0;B0_START_SITE_ABSENT_COMPLETE_PR134_DOMAIN
9020265,AIDC02,AIDC01,2,86,1,3,"[86, 87, 88, 89, 90, 91, 92, 93, 94, 95, 96, 97, 98, 99, 100, 101, 102, 103, 104, 105, 106, 107, 108, 109, 110, 111, 112, 113, 114, 115, 116, 117, 118, 119]",False,False,NONZERO_PRESTART_RELOCATION_RELATIVE_TO_PR134_R0;NONZERO_TIMESHIFT_RELATIVE_TO_PR134_R0;B0_START_SITE_ABSENT_COMPLETE_PR134_DOMAIN
9020266,AIDC02,AIDC01,2,86,1,3,"[86, 87, 88, 89, 90, 91, 92, 93, 94, 95, 96, 97, 98, 99, 100, 101, 102, 103, 104, 105, 106, 107, 108, 109, 110, 111, 112, 113, 114, 115, 116, 117, 118, 119]",False,False,NONZERO_PRESTART_RELOCATION_RELATIVE_TO_PR134_R0;NONZERO_TIMESHIFT_RELATIVE_TO_PR134_R0;B0_START_SITE_ABSENT_COMPLETE_PR134_DOMAIN
9020267,AIDC02,AIDC01,2,86,1,3,"[86, 87, 88, 89, 90, 91, 92, 93, 94, 95, 96, 97, 98, 99, 100, 101, 102, 103, 104, 105, 106, 107, 108, 109, 110, 111, 112, 113, 114, 115, 116, 117, 118, 119]",False,False,NONZERO_PRESTART_RELOCATION_RELATIVE_TO_PR134_R0;NONZERO_TIMESHIFT_RELATIVE_TO_PR134_R0;B0_START_SITE_ABSENT_COMPLETE_PR134_DOMAIN
9020268,AIDC02,AIDC01,2,86,1,3,"[86, 87, 88, 89, 90, 91, 92, 93, 94, 95, 96, 97, 98, 99, 100, 101, 102, 103, 104, 105, 106, 107, 108, 109, 110, 111, 112, 113, 114, 115, 116, 117, 118, 119]",False,False,NONZERO_PRESTART_RELOCATION_RELATIVE_TO_PR134_R0;NONZERO_TIMESHIFT_RELATIVE_TO_PR134_R0;B0_START_SITE_ABSENT_COMPLETE_PR134_DOMAIN
9020269,AIDC02,AIDC12,2,86,1,3,"[86, 87, 88, 89, 90, 91, 92, 93, 94, 95, 96, 97, 98, 99, 100, 101, 102, 103, 104, 105, 106, 107, 108, 109, 110, 111, 112, 113, 114, 115, 116, 117, 118, 119]",False,False,NONZERO_PRESTART_RELOCATION_RELATIVE_TO_PR134_R0;NONZERO_TIMESHIFT_RELATIVE_TO_PR134_R0;B0_START_SITE_ABSENT_COMPLETE_PR134_DOMAIN
9020270,AIDC02,AIDC12,2,86,1,3,"[86, 87, 88, 89, 90, 91, 92, 93, 94, 95, 96, 97, 98, 99, 100, 101, 102, 103, 104, 105, 106, 107, 108, 109, 110, 111, 112, 113, 114, 115, 116, 117, 118, 119]",False,False,NONZERO_PRESTART_RELOCATION_RELATIVE_TO_PR134_R0;NONZERO_TIMESHIFT_RELATIVE_TO_PR134_R0;B0_START_SITE_ABSENT_COMPLETE_PR134_DOMAIN
9020271,AIDC02,AIDC03,2,87,1,3,"[87, 88, 89, 90, 91, 92, 93, 94, 95, 96, 97, 98, 99, 100, 101, 102, 103, 104, 105, 106, 107, 108, 109, 110, 111, 112, 113, 114, 115, 116, 117, 118, 119]",False,False,NONZERO_PRESTART_RELOCATION_RELATIVE_TO_PR134_R0;NONZERO_TIMESHIFT_RELATIVE_TO_PR134_R0;B0_START_SITE_ABSENT_COMPLETE_PR134_DOMAIN
9020272,AIDC02,AIDC03,2,87,1,3,"[87, 88, 89, 90, 91, 92, 93, 94, 95, 96, 97, 98, 99, 100, 101, 102, 103, 104, 105, 106, 107, 108, 109, 110, 111, 112, 113, 114, 115, 116, 117, 118, 119]",False,False,NONZERO_PRESTART_RELOCATION_RELATIVE_TO_PR134_R0;NONZERO_TIMESHIFT_RELATIVE_TO_PR134_R0;B0_START_SITE_ABSENT_COMPLETE_PR134_DOMAIN
9020273,AIDC02,AIDC03,2,87,1,3,"[87, 88, 89, 90, 91, 92, 93, 94, 95, 96, 97, 98, 99, 100, 101, 102, 103, 104, 105, 106, 107, 108, 109, 110, 111, 112, 113, 114, 115, 116, 117, 118, 119]",False,False,NONZERO_PRESTART_RELOCATION_RELATIVE_TO_PR134_R0;NONZERO_TIMESHIFT_RELATIVE_TO_PR134_R0;B0_START_SITE_ABSENT_COMPLETE_PR134_DOMAIN
9020274,AIDC02,AIDC03,2,87,1,3,"[87, 88, 89, 90, 91, 92, 93, 94, 95, 96, 97, 98, 99, 100, 101, 102, 103, 104, 105, 106, 107, 108, 109, 110, 111, 112, 113, 114, 115, 116, 117, 118, 119]",False,False,NONZERO_PRESTART_RELOCATION_RELATIVE_TO_PR134_R0;NONZERO_TIMESHIFT_RELATIVE_TO_PR134_R0;B0_START_SITE_ABSENT_COMPLETE_PR134_DOMAIN
9020275,AIDC02,AIDC03,2,87,1,3,"[87, 88, 89, 90, 91, 92, 93, 94, 95, 96, 97, 98, 99, 100, 101, 102, 103, 104, 105, 106, 107, 108, 109, 110, 111, 112, 113, 114, 115, 116, 117, 118, 119]",False,False,NONZERO_PRESTART_RELOCATION_RELATIVE_TO_PR134_R0;NONZERO_TIMESHIFT_RELATIVE_TO_PR134_R0;B0_START_SITE_ABSENT_COMPLETE_PR134_DOMAIN
9020276,AIDC02,AIDC03,2,87,1,3,"[87, 88, 89, 90, 91, 92, 93, 94, 95, 96, 97, 98, 99, 100, 101, 102, 103, 104, 105, 106, 107, 108, 109, 110, 111, 112, 113, 114, 115, 116, 117, 118, 119]",False,False,NONZERO_PRESTART_RELOCATION_RELATIVE_TO_PR134_R0;NONZERO_TIMESHIFT_RELATIVE_TO_PR134_R0;B0_START_SITE_ABSENT_COMPLETE_PR134_DOMAIN
9020277,AIDC02,AIDC03,2,87,1,3,"[87, 88, 89, 90, 91, 92, 93, 94, 95, 96, 97, 98, 99, 100, 101, 102, 103, 104, 105, 106, 107, 108, 109, 110, 111, 112, 113, 114, 115, 116, 117, 118, 119]",False,False,NONZERO_PRESTART_RELOCATION_RELATIVE_TO_PR134_R0;NONZERO_TIMESHIFT_RELATIVE_TO_PR134_R0;B0_START_SITE_ABSENT_COMPLETE_PR134_DOMAIN
9020278,AIDC02,AIDC03,2,87,1,3,"[87, 88, 89, 90, 91, 92, 93, 94, 95, 96, 97, 98, 99, 100, 101, 102, 103, 104, 105, 106, 107, 108, 109, 110, 111, 112, 113, 114, 115, 116, 117, 118, 119]",False,False,NONZERO_PRESTART_RELOCATION_RELATIVE_TO_PR134_R0;NONZERO_TIMESHIFT_RELATIVE_TO_PR134_R0;B0_START_SITE_ABSENT_COMPLETE_PR134_DOMAIN
9020279,AIDC02,AIDC03,2,87,1,3,"[87, 88, 89, 90, 91, 92, 93, 94, 95, 96, 97, 98, 99, 100, 101, 102, 103, 104, 105, 106, 107, 108, 109, 110, 111, 112, 113, 114, 115, 116, 117, 118, 119]",False,False,NONZERO_PRESTART_RELOCATION_RELATIVE_TO_PR134_R0;NONZERO_TIMESHIFT_RELATIVE_TO_PR134_R0;B0_START_SITE_ABSENT_COMPLETE_PR134_DOMAIN
9020280,AIDC02,AIDC03,2,87,1,3,"[87, 88, 89, 90, 91, 92, 93, 94, 95, 96, 97, 98, 99, 100, 101, 102, 103, 104, 105, 106, 107, 108, 109, 110, 111, 112, 113, 114, 115, 116, 117, 118, 119]",False,False,NONZERO_PRESTART_RELOCATION_RELATIVE_TO_PR134_R0;NONZERO_TIMESHIFT_RELATIVE_TO_PR134_R0;B0_START_SITE_ABSENT_COMPLETE_PR134_DOMAIN
9020281,AIDC02,AIDC03,2,87,1,3,"[87, 88, 89, 90, 91, 92, 93, 94, 95, 96, 97, 98, 99, 100, 101, 102, 103, 104, 105, 106, 107, 108, 109, 110, 111, 112, 113, 114, 115, 116, 117, 118, 119]",False,False,NONZERO_PRESTART_RELOCATION_RELATIVE_TO_PR134_R0;NONZERO_TIMESHIFT_RELATIVE_TO_PR134_R0;B0_START_SITE_ABSENT_COMPLETE_PR134_DOMAIN
9020282,AIDC02,AIDC03,2,87,1,3,"[87, 88, 89, 90, 91, 92, 93, 94, 95, 96, 97, 98, 99, 100, 101, 102, 103, 104, 105, 106, 107, 108, 109, 110, 111, 112, 113, 114, 115, 116, 117, 118, 119]",False,False,NONZERO_PRESTART_RELOCATION_RELATIVE_TO_PR134_R0;NONZERO_TIMESHIFT_RELATIVE_TO_PR134_R0;B0_START_SITE_ABSENT_COMPLETE_PR134_DOMAIN
9020283,AIDC02,AIDC03,2,87,1,3,"[87, 88, 89, 90, 91, 92, 93, 94, 95, 96, 97, 98, 99, 100, 101, 102, 103, 104, 105, 106, 107, 108, 109, 110, 111, 112, 113, 114, 115, 116, 117, 118, 119]",False,False,NONZERO_PRESTART_RELOCATION_RELATIVE_TO_PR134_R0;NONZERO_TIMESHIFT_RELATIVE_TO_PR134_R0;B0_START_SITE_ABSENT_COMPLETE_PR134_DOMAIN
9020284,AIDC02,AIDC03,2,87,1,3,"[87, 88, 89, 90, 91, 92, 93, 94, 95, 96, 97, 98, 99, 100, 101, 102, 103, 104, 105, 106, 107, 108, 109, 110, 111, 112, 113, 114, 115, 116, 117, 118, 119]",False,False,NONZERO_PRESTART_RELOCATION_RELATIVE_TO_PR134_R0;NONZERO_TIMESHIFT_RELATIVE_TO_PR134_R0;B0_START_SITE_ABSENT_COMPLETE_PR134_DOMAIN
9020285,AIDC02,AIDC03,2,87,1,3,"[87, 88, 89, 90, 91, 92, 93, 94, 95, 96, 97, 98, 99, 100, 101, 102, 103, 104, 105, 106, 107, 108, 109, 110, 111, 112, 113, 114, 115, 116, 117, 118, 119]",False,False,NONZERO_PRESTART_RELOCATION_RELATIVE_TO_PR134_R0;NONZERO_TIMESHIFT_RELATIVE_TO_PR134_R0;B0_START_SITE_ABSENT_COMPLETE_PR134_DOMAIN
9020286,AIDC02,AIDC03,2,87,1,3,"[87, 88, 89, 90, 91, 92, 93, 94, 95, 96, 97, 98, 99, 100, 101, 102, 103, 104, 105, 106, 107, 108, 109, 110, 111, 112, 113, 114, 115, 116, 117, 118, 119]",False,False,NONZERO_PRESTART_RELOCATION_RELATIVE_TO_PR134_R0;NONZERO_TIMESHIFT_RELATIVE_TO_PR134_R0;B0_START_SITE_ABSENT_COMPLETE_PR134_DOMAIN
9020287,AIDC02,AIDC04,2,87,1,3,"[87, 88, 89, 90, 91, 92, 93, 94, 95, 96, 97, 98, 99, 100, 101, 102, 103, 104, 105, 106, 107, 108, 109, 110, 111, 112, 113, 114, 115, 116, 117, 118, 119]",False,False,NONZERO_PRESTART_RELOCATION_RELATIVE_TO_PR134_R0;NONZERO_TIMESHIFT_RELATIVE_TO_PR134_R0;B0_START_SITE_ABSENT_COMPLETE_PR134_DOMAIN
9020288,AIDC02,AIDC04,2,87,1,3,"[87, 88, 89, 90, 91, 92, 93, 94, 95, 96, 97, 98, 99, 100, 101, 102, 103, 104, 105, 106, 107, 108, 109, 110, 111, 112, 113, 114, 115, 116, 117, 118, 119]",False,False,NONZERO_PRESTART_RELOCATION_RELATIVE_TO_PR134_R0;NONZERO_TIMESHIFT_RELATIVE_TO_PR134_R0;B0_START_SITE_ABSENT_COMPLETE_PR134_DOMAIN
9020289,AIDC02,AIDC04,2,87,1,3,"[87, 88, 89, 90, 91, 92, 93, 94, 95, 96, 97, 98, 99, 100, 101, 102, 103, 104, 105, 106, 107, 108, 109, 110, 111, 112, 113, 114, 115, 116, 117, 118, 119]",False,False,NONZERO_PRESTART_RELOCATION_RELATIVE_TO_PR134_R0;NONZERO_TIMESHIFT_RELATIVE_TO_PR134_R0;B0_START_SITE_ABSENT_COMPLETE_PR134_DOMAIN
9020290,AIDC02,AIDC04,2,87,1,3,"[87, 88, 89, 90, 91, 92, 93, 94, 95, 96, 97, 98, 99, 100, 101, 102, 103, 104, 105, 106, 107, 108, 109, 110, 111, 112, 113, 114, 115, 116, 117, 118, 119]",False,False,NONZERO_PRESTART_RELOCATION_RELATIVE_TO_PR134_R0;NONZERO_TIMESHIFT_RELATIVE_TO_PR134_R0;B0_START_SITE_ABSENT_COMPLETE_PR134_DOMAIN
9020291,AIDC02,AIDC04,2,87,1,3,"[87, 88, 89, 90, 91, 92, 93, 94, 95, 96, 97, 98, 99, 100, 101, 102, 103, 104, 105, 106, 107, 108, 109, 110, 111, 112, 113, 114, 115, 116, 117, 118, 119]",False,False,NONZERO_PRESTART_RELOCATION_RELATIVE_TO_PR134_R0;NONZERO_TIMESHIFT_RELATIVE_TO_PR134_R0;B0_START_SITE_ABSENT_COMPLETE_PR134_DOMAIN
9020292,AIDC02,AIDC06,2,87,1,3,"[87, 88, 89, 90, 91, 92, 93, 94, 95, 96, 97, 98, 99, 100, 101, 102, 103, 104, 105, 106, 107, 108, 109, 110, 111, 112, 113, 114, 115, 116, 117, 118, 119]",False,False,NONZERO_PRESTART_RELOCATION_RELATIVE_TO_PR134_R0;NONZERO_TIMESHIFT_RELATIVE_TO_PR134_R0;B0_START_SITE_ABSENT_COMPLETE_PR134_DOMAIN
9020293,AIDC02,AIDC06,2,87,1,3,"[87, 88, 89, 90, 91, 92, 93, 94, 95, 96, 97, 98, 99, 100, 101, 102, 103, 104, 105, 106, 107, 108, 109, 110, 111, 112, 113, 114, 115, 116, 117, 118, 119]",False,False,NONZERO_PRESTART_RELOCATION_RELATIVE_TO_PR134_R0;NONZERO_TIMESHIFT_RELATIVE_TO_PR134_R0;B0_START_SITE_ABSENT_COMPLETE_PR134_DOMAIN
9020294,AIDC02,AIDC06,2,87,1,3,"[87, 88, 89, 90, 91, 92, 93, 94, 95, 96, 97, 98, 99, 100, 101, 102, 103, 104, 105, 106, 107, 108, 109, 110, 111, 112, 113, 114, 115, 116, 117, 118, 119]",False,False,NONZERO_PRESTART_RELOCATION_RELATIVE_TO_PR134_R0;NONZERO_TIMESHIFT_RELATIVE_TO_PR134_R0;B0_START_SITE_ABSENT_COMPLETE_PR134_DOMAIN
9020295,AIDC02,AIDC06,2,87,1,3,"[87, 88, 89, 90, 91, 92, 93, 94, 95, 96, 97, 98, 99, 100, 101, 102, 103, 104, 105, 106, 107, 108, 109, 110, 111, 112, 113, 114, 115, 116, 117, 118, 119]",False,False,NONZERO_PRESTART_RELOCATION_RELATIVE_TO_PR134_R0;NONZERO_TIMESHIFT_RELATIVE_TO_PR134_R0;B0_START_SITE_ABSENT_COMPLETE_PR134_DOMAIN
9020296,AIDC02,AIDC06,2,87,1,3,"[87, 88, 89, 90, 91, 92, 93, 94, 95, 96, 97, 98, 99, 100, 101, 102, 103, 104, 105, 106, 107, 108, 109, 110, 111, 112, 113, 114, 115, 116, 117, 118, 119]",False,False,NONZERO_PRESTART_RELOCATION_RELATIVE_TO_PR134_R0;NONZERO_TIMESHIFT_RELATIVE_TO_PR134_R0;B0_START_SITE_ABSENT_COMPLETE_PR134_DOMAIN
9020297,AIDC02,AIDC06,2,87,1,3,"[87, 88, 89, 90, 91, 92, 93, 94, 95, 96, 97, 98, 99, 100, 101, 102, 103, 104, 105, 106, 107, 108, 109, 110, 111, 112, 113, 114, 115, 116, 117, 118, 119]",False,False,NONZERO_PRESTART_RELOCATION_RELATIVE_TO_PR134_R0;NONZERO_TIMESHIFT_RELATIVE_TO_PR134_R0;B0_START_SITE_ABSENT_COMPLETE_PR134_DOMAIN
9020298,AIDC02,AIDC06,2,87,1,3,"[87, 88, 89, 90, 91, 92, 93, 94, 95, 96, 97, 98, 99, 100, 101, 102, 103, 104, 105, 106, 107, 108, 109, 110, 111, 112, 113, 114, 115, 116, 117, 118, 119]",False,False,NONZERO_PRESTART_RELOCATION_RELATIVE_TO_PR134_R0;NONZERO_TIMESHIFT_RELATIVE_TO_PR134_R0;B0_START_SITE_ABSENT_COMPLETE_PR134_DOMAIN
9020299,AIDC02,AIDC06,2,87,1,3,"[87, 88, 89, 90, 91, 92, 93, 94, 95, 96, 97, 98, 99, 100, 101, 102, 103, 104, 105, 106, 107, 108, 109, 110, 111, 112, 113, 114, 115, 116, 117, 118, 119]",False,False,NONZERO_PRESTART_RELOCATION_RELATIVE_TO_PR134_R0;NONZERO_TIMESHIFT_RELATIVE_TO_PR134_R0;B0_START_SITE_ABSENT_COMPLETE_PR134_DOMAIN
9020300,AIDC02,AIDC06,2,87,1,3,"[87, 88, 89, 90, 91, 92, 93, 94, 95, 96, 97, 98, 99, 100, 101, 102, 103, 104, 105, 106, 107, 108, 109, 110, 111, 112, 113, 114, 115, 116, 117, 118, 119]",False,False,NONZERO_PRESTART_RELOCATION_RELATIVE_TO_PR134_R0;NONZERO_TIMESHIFT_RELATIVE_TO_PR134_R0;B0_START_SITE_ABSENT_COMPLETE_PR134_DOMAIN
9020301,AIDC03,AIDC06,2,87,1,3,"[87, 88, 89, 90, 91, 92, 93, 94, 95, 96, 97, 98, 99, 100, 101, 102, 103, 104, 105, 106, 107, 108, 109, 110, 111, 112, 113, 114, 115, 116, 117, 118, 119]",False,False,NONZERO_PRESTART_RELOCATION_RELATIVE_TO_PR134_R0;NONZERO_TIMESHIFT_RELATIVE_TO_PR134_R0;B0_START_SITE_ABSENT_COMPLETE_PR134_DOMAIN
9020302,AIDC03,AIDC06,2,87,1,3,"[87, 88, 89, 90, 91, 92, 93, 94, 95, 96, 97, 98, 99, 100, 101, 102, 103, 104, 105, 106, 107, 108, 109, 110, 111, 112, 113, 114, 115, 116, 117, 118, 119]",False,False,NONZERO_PRESTART_RELOCATION_RELATIVE_TO_PR134_R0;NONZERO_TIMESHIFT_RELATIVE_TO_PR134_R0;B0_START_SITE_ABSENT_COMPLETE_PR134_DOMAIN
9020303,AIDC03,AIDC06,2,87,1,3,"[87, 88, 89, 90, 91, 92, 93, 94, 95, 96, 97, 98, 99, 100, 101, 102, 103, 104, 105, 106, 107, 108, 109, 110, 111, 112, 113, 114, 115, 116, 117, 118, 119]",False,False,NONZERO_PRESTART_RELOCATION_RELATIVE_TO_PR134_R0;NONZERO_TIMESHIFT_RELATIVE_TO_PR134_R0;B0_START_SITE_ABSENT_COMPLETE_PR134_DOMAIN
9020304,AIDC03,AIDC06,2,87,1,3,"[87, 88, 89, 90, 91, 92, 93, 94, 95, 96, 97, 98, 99, 100, 101, 102, 103, 104, 105, 106, 107, 108, 109, 110, 111, 112, 113, 114, 115, 116, 117, 118, 119]",False,False,NONZERO_PRESTART_RELOCATION_RELATIVE_TO_PR134_R0;NONZERO_TIMESHIFT_RELATIVE_TO_PR134_R0;B0_START_SITE_ABSENT_COMPLETE_PR134_DOMAIN
9020305,AIDC03,AIDC06,2,87,1,3,"[87, 88, 89, 90, 91, 92, 93, 94, 95, 96, 97, 98, 99, 100, 101, 102, 103, 104, 105, 106, 107, 108, 109, 110, 111, 112, 113, 114, 115, 116, 117, 118, 119]",False,False,NONZERO_PRESTART_RELOCATION_RELATIVE_TO_PR134_R0;NONZERO_TIMESHIFT_RELATIVE_TO_PR134_R0;B0_START_SITE_ABSENT_COMPLETE_PR134_DOMAIN
9020306,AIDC03,AIDC06,2,87,1,3,"[87, 88, 89, 90, 91, 92, 93, 94, 95, 96, 97, 98, 99, 100, 101, 102, 103, 104, 105, 106, 107, 108, 109, 110, 111, 112, 113, 114, 115, 116, 117, 118, 119]",False,False,NONZERO_PRESTART_RELOCATION_RELATIVE_TO_PR134_R0;NONZERO_TIMESHIFT_RELATIVE_TO_PR134_R0;B0_START_SITE_ABSENT_COMPLETE_PR134_DOMAIN
9020307,AIDC03,AIDC06,2,87,1,3,"[87, 88, 89, 90, 91, 92, 93, 94, 95, 96, 97, 98, 99, 100, 101, 102, 103, 104, 105, 106, 107, 108, 109, 110, 111, 112, 113, 114, 115, 116, 117, 118, 119]",False,False,NONZERO_PRESTART_RELOCATION_RELATIVE_TO_PR134_R0;NONZERO_TIMESHIFT_RELATIVE_TO_PR134_R0;B0_START_SITE_ABSENT_COMPLETE_PR134_DOMAIN
9020308,AIDC03,AIDC06,2,87,1,3,"[87, 88, 89, 90, 91, 92, 93, 94, 95, 96, 97, 98, 99, 100, 101, 102, 103, 104, 105, 106, 107, 108, 109, 110, 111, 112, 113, 114, 115, 116, 117, 118, 119]",False,False,NONZERO_PRESTART_RELOCATION_RELATIVE_TO_PR134_R0;NONZERO_TIMESHIFT_RELATIVE_TO_PR134_R0;B0_START_SITE_ABSENT_COMPLETE_PR134_DOMAIN
9020309,AIDC03,AIDC06,2,87,1,3,"[87, 88, 89, 90, 91, 92, 93, 94, 95, 96, 97, 98, 99, 100, 101, 102, 103, 104, 105, 106, 107, 108, 109, 110, 111, 112, 113, 114, 115, 116, 117, 118, 119]",False,False,NONZERO_PRESTART_RELOCATION_RELATIVE_TO_PR134_R0;NONZERO_TIMESHIFT_RELATIVE_TO_PR134_R0;B0_START_SITE_ABSENT_COMPLETE_PR134_DOMAIN
9020310,AIDC03,AIDC06,2,87,1,3,"[87, 88, 89, 90, 91, 92, 93, 94, 95, 96, 97, 98, 99, 100, 101, 102, 103, 104, 105, 106, 107, 108, 109, 110, 111, 112, 113, 114, 115, 116, 117, 118, 119]",False,False,NONZERO_PRESTART_RELOCATION_RELATIVE_TO_PR134_R0;NONZERO_TIMESHIFT_RELATIVE_TO_PR134_R0;B0_START_SITE_ABSENT_COMPLETE_PR134_DOMAIN
9020311,AIDC03,AIDC06,2,87,1,3,"[87, 88, 89, 90, 91, 92, 93, 94, 95, 96, 97, 98, 99, 100, 101, 102, 103, 104, 105, 106, 107, 108, 109, 110, 111, 112, 113, 114, 115, 116, 117, 118, 119]",False,False,NONZERO_PRESTART_RELOCATION_RELATIVE_TO_PR134_R0;NONZERO_TIMESHIFT_RELATIVE_TO_PR134_R0;B0_START_SITE_ABSENT_COMPLETE_PR134_DOMAIN
9020312,AIDC03,AIDC06,2,87,1,3,"[87, 88, 89, 90, 91, 92, 93, 94, 95, 96, 97, 98, 99, 100, 101, 102, 103, 104, 105, 106, 107, 108, 109, 110, 111, 112, 113, 114, 115, 116, 117, 118, 119]",False,False,NONZERO_PRESTART_RELOCATION_RELATIVE_TO_PR134_R0;NONZERO_TIMESHIFT_RELATIVE_TO_PR134_R0;B0_START_SITE_ABSENT_COMPLETE_PR134_DOMAIN
9020313,AIDC03,AIDC06,2,87,1,3,"[87, 88, 89, 90, 91, 92, 93, 94, 95, 96, 97, 98, 99, 100, 101, 102, 103, 104, 105, 106, 107, 108, 109, 110, 111, 112, 113, 114, 115, 116, 117, 118, 119]",False,False,NONZERO_PRESTART_RELOCATION_RELATIVE_TO_PR134_R0;NONZERO_TIMESHIFT_RELATIVE_TO_PR134_R0;B0_START_SITE_ABSENT_COMPLETE_PR134_DOMAIN
9020314,AIDC03,AIDC06,2,87,1,3,"[87, 88, 89, 90, 91, 92, 93, 94, 95, 96, 97, 98, 99, 100, 101, 102, 103, 104, 105, 106, 107, 108, 109, 110, 111, 112, 113, 114, 115, 116, 117, 118, 119]",False,False,NONZERO_PRESTART_RELOCATION_RELATIVE_TO_PR134_R0;NONZERO_TIMESHIFT_RELATIVE_TO_PR134_R0;B0_START_SITE_ABSENT_COMPLETE_PR134_DOMAIN
9020315,AIDC03,AIDC06,2,87,1,3,"[87, 88, 89, 90, 91, 92, 93, 94, 95, 96, 97, 98, 99, 100, 101, 102, 103, 104, 105, 106, 107, 108, 109, 110, 111, 112, 113, 114, 115, 116, 117, 118, 119]",False,False,NONZERO_PRESTART_RELOCATION_RELATIVE_TO_PR134_R0;NONZERO_TIMESHIFT_RELATIVE_TO_PR134_R0;B0_START_SITE_ABSENT_COMPLETE_PR134_DOMAIN
9020316,AIDC03,AIDC05,2,89,1,3,"[89, 90, 91, 92, 93, 94, 95, 96, 97, 98, 99, 100, 101, 102, 103, 104, 105, 106, 107, 108, 109, 110, 111, 112, 113, 114, 115, 116, 117, 118, 119]",False,False,NONZERO_PRESTART_RELOCATION_RELATIVE_TO_PR134_R0;NONZERO_TIMESHIFT_RELATIVE_TO_PR134_R0;B0_START_SITE_ABSENT_COMPLETE_PR134_DOMAIN
9020317,AIDC03,AIDC05,2,89,1,3,"[89, 90, 91, 92, 93, 94, 95, 96, 97, 98, 99, 100, 101, 102, 103, 104, 105, 106, 107, 108, 109, 110, 111, 112, 113, 114, 115, 116, 117, 118, 119]",False,False,NONZERO_PRESTART_RELOCATION_RELATIVE_TO_PR134_R0;NONZERO_TIMESHIFT_RELATIVE_TO_PR134_R0;B0_START_SITE_ABSENT_COMPLETE_PR134_DOMAIN
9020318,AIDC03,AIDC05,2,89,1,3,"[89, 90, 91, 92, 93, 94, 95, 96, 97, 98, 99, 100, 101, 102, 103, 104, 105, 106, 107, 108, 109, 110, 111, 112, 113, 114, 115, 116, 117, 118, 119]",False,False,NONZERO_PRESTART_RELOCATION_RELATIVE_TO_PR134_R0;NONZERO_TIMESHIFT_RELATIVE_TO_PR134_R0;B0_START_SITE_ABSENT_COMPLETE_PR134_DOMAIN
9020319,AIDC03,AIDC05,2,89,1,3,"[89, 90, 91, 92, 93, 94, 95, 96, 97, 98, 99, 100, 101, 102, 103, 104, 105, 106, 107, 108, 109, 110, 111, 112, 113, 114, 115, 116, 117, 118, 119]",False,False,NONZERO_PRESTART_RELOCATION_RELATIVE_TO_PR134_R0;NONZERO_TIMESHIFT_RELATIVE_TO_PR134_R0;B0_START_SITE_ABSENT_COMPLETE_PR134_DOMAIN
9020320,AIDC03,AIDC05,2,89,1,3,"[89, 90, 91, 92, 93, 94, 95, 96, 97, 98, 99, 100, 101, 102, 103, 104, 105, 106, 107, 108, 109, 110, 111, 112, 113, 114, 115, 116, 117, 118, 119]",False,False,NONZERO_PRESTART_RELOCATION_RELATIVE_TO_PR134_R0;NONZERO_TIMESHIFT_RELATIVE_TO_PR134_R0;B0_START_SITE_ABSENT_COMPLETE_PR134_DOMAIN
9020321,AIDC03,AIDC05,2,89,1,3,"[89, 90, 91, 92, 93, 94, 95, 96, 97, 98, 99, 100, 101, 102, 103, 104, 105, 106, 107, 108, 109, 110, 111, 112, 113, 114, 115, 116, 117, 118, 119]",False,False,NONZERO_PRESTART_RELOCATION_RELATIVE_TO_PR134_R0;NONZERO_TIMESHIFT_RELATIVE_TO_PR134_R0;B0_START_SITE_ABSENT_COMPLETE_PR134_DOMAIN
9020322,AIDC03,AIDC05,2,89,1,3,"[89, 90, 91, 92, 93, 94, 95, 96, 97, 98, 99, 100, 101, 102, 103, 104, 105, 106, 107, 108, 109, 110, 111, 112, 113, 114, 115, 116, 117, 118, 119]",False,False,NONZERO_PRESTART_RELOCATION_RELATIVE_TO_PR134_R0;NONZERO_TIMESHIFT_RELATIVE_TO_PR134_R0;B0_START_SITE_ABSENT_COMPLETE_PR134_DOMAIN
9020323,AIDC03,AIDC05,2,89,1,3,"[89, 90, 91, 92, 93, 94, 95, 96, 97, 98, 99, 100, 101, 102, 103, 104, 105, 106, 107, 108, 109, 110, 111, 112, 113, 114, 115, 116, 117, 118, 119]",False,False,NONZERO_PRESTART_RELOCATION_RELATIVE_TO_PR134_R0;NONZERO_TIMESHIFT_RELATIVE_TO_PR134_R0;B0_START_SITE_ABSENT_COMPLETE_PR134_DOMAIN
9020324,AIDC03,AIDC06,2,89,1,3,"[89, 90, 91, 92, 93, 94, 95, 96, 97, 98, 99, 100, 101, 102, 103, 104, 105, 106, 107, 108, 109, 110, 111, 112, 113, 114, 115, 116, 117, 118, 119]",False,False,NONZERO_PRESTART_RELOCATION_RELATIVE_TO_PR134_R0;NONZERO_TIMESHIFT_RELATIVE_TO_PR134_R0;B0_START_SITE_ABSENT_COMPLETE_PR134_DOMAIN
9020325,AIDC03,AIDC05,2,97,1,3,"[97, 98, 99, 100, 101, 102, 103, 104, 105, 106, 107, 108, 109, 110, 111, 112, 113, 114, 115, 116, 117, 118, 119]",False,False,NONZERO_PRESTART_RELOCATION_RELATIVE_TO_PR134_R0;NONZERO_TIMESHIFT_RELATIVE_TO_PR134_R0;B0_START_SITE_ABSENT_COMPLETE_PR134_DOMAIN
9020326,AIDC03,AIDC05,2,97,1,3,"[97, 98, 99, 100, 101, 102, 103, 104, 105, 106, 107, 108, 109, 110, 111, 112, 113, 114, 115, 116, 117, 118, 119]",False,False,NONZERO_PRESTART_RELOCATION_RELATIVE_TO_PR134_R0;NONZERO_TIMESHIFT_RELATIVE_TO_PR134_R0;B0_START_SITE_ABSENT_COMPLETE_PR134_DOMAIN
9020327,AIDC03,AIDC05,2,97,1,3,"[97, 98, 99, 100, 101, 102, 103, 104, 105, 106, 107, 108, 109, 110, 111, 112, 113, 114, 115, 116, 117, 118, 119]",False,False,NONZERO_PRESTART_RELOCATION_RELATIVE_TO_PR134_R0;NONZERO_TIMESHIFT_RELATIVE_TO_PR134_R0;B0_START_SITE_ABSENT_COMPLETE_PR134_DOMAIN
9020328,AIDC03,AIDC05,2,97,1,3,"[97, 98, 99, 100, 101, 102, 103, 104, 105, 106, 107, 108, 109, 110, 111, 112, 113, 114, 115, 116, 117, 118, 119]",False,False,NONZERO_PRESTART_RELOCATION_RELATIVE_TO_PR134_R0;NONZERO_TIMESHIFT_RELATIVE_TO_PR134_R0;B0_START_SITE_ABSENT_COMPLETE_PR134_DOMAIN
9020329,AIDC03,AIDC05,2,97,1,3,"[97, 98, 99, 100, 101, 102, 103, 104, 105, 106, 107, 108, 109, 110, 111, 112, 113, 114, 115, 116, 117, 118, 119]",False,False,NONZERO_PRESTART_RELOCATION_RELATIVE_TO_PR134_R0;NONZERO_TIMESHIFT_RELATIVE_TO_PR134_R0;B0_START_SITE_ABSENT_COMPLETE_PR134_DOMAIN
9020330,AIDC03,AIDC05,2,97,1,3,"[97, 98, 99, 100, 101, 102, 103, 104, 105, 106, 107, 108, 109, 110, 111, 112, 113, 114, 115, 116, 117, 118, 119]",False,False,NONZERO_PRESTART_RELOCATION_RELATIVE_TO_PR134_R0;NONZERO_TIMESHIFT_RELATIVE_TO_PR134_R0;B0_START_SITE_ABSENT_COMPLETE_PR134_DOMAIN
9020331,AIDC03,AIDC05,2,97,1,3,"[97, 98, 99, 100, 101, 102, 103, 104, 105, 106, 107, 108, 109, 110, 111, 112, 113, 114, 115, 116, 117, 118, 119]",False,False,NONZERO_PRESTART_RELOCATION_RELATIVE_TO_PR134_R0;NONZERO_TIMESHIFT_RELATIVE_TO_PR134_R0;B0_START_SITE_ABSENT_COMPLETE_PR134_DOMAIN
9020332,AIDC03,AIDC05,2,97,1,3,"[97, 98, 99, 100, 101, 102, 103, 104, 105, 106, 107, 108, 109, 110, 111, 112, 113, 114, 115, 116, 117, 118, 119]",False,False,NONZERO_PRESTART_RELOCATION_RELATIVE_TO_PR134_R0;NONZERO_TIMESHIFT_RELATIVE_TO_PR134_R0;B0_START_SITE_ABSENT_COMPLETE_PR134_DOMAIN
9020333,AIDC03,AIDC05,2,98,1,3,"[98, 99, 100, 101, 102, 103, 104, 105, 106, 107, 108, 109, 110, 111, 112, 113, 114, 115, 116, 117, 118, 119]",False,False,NONZERO_PRESTART_RELOCATION_RELATIVE_TO_PR134_R0;NONZERO_TIMESHIFT_RELATIVE_TO_PR134_R0;B0_START_SITE_ABSENT_COMPLETE_PR134_DOMAIN
9020334,AIDC03,AIDC05,2,98,1,3,"[98, 99, 100, 101, 102, 103, 104, 105, 106, 107, 108, 109, 110, 111, 112, 113, 114, 115, 116, 117, 118, 119]",False,False,NONZERO_PRESTART_RELOCATION_RELATIVE_TO_PR134_R0;NONZERO_TIMESHIFT_RELATIVE_TO_PR134_R0;B0_START_SITE_ABSENT_COMPLETE_PR134_DOMAIN
9020335,AIDC03,AIDC05,2,98,1,3,"[98, 99, 100, 101, 102, 103, 104, 105, 106, 107, 108, 109, 110, 111, 112, 113, 114, 115, 116, 117, 118, 119]",False,False,NONZERO_PRESTART_RELOCATION_RELATIVE_TO_PR134_R0;NONZERO_TIMESHIFT_RELATIVE_TO_PR134_R0;B0_START_SITE_ABSENT_COMPLETE_PR134_DOMAIN
9020336,AIDC03,AIDC05,2,98,1,3,"[98, 99, 100, 101, 102, 103, 104, 105, 106, 107, 108, 109, 110, 111, 112, 113, 114, 115, 116, 117, 118, 119]",False,False,NONZERO_PRESTART_RELOCATION_RELATIVE_TO_PR134_R0;NONZERO_TIMESHIFT_RELATIVE_TO_PR134_R0;B0_START_SITE_ABSENT_COMPLETE_PR134_DOMAIN
9020337,AIDC03,AIDC05,2,98,1,3,"[98, 99, 100, 101, 102, 103, 104, 105, 106, 107, 108, 109, 110, 111, 112, 113, 114, 115, 116, 117, 118, 119]",False,False,NONZERO_PRESTART_RELOCATION_RELATIVE_TO_PR134_R0;NONZERO_TIMESHIFT_RELATIVE_TO_PR134_R0;B0_START_SITE_ABSENT_COMPLETE_PR134_DOMAIN
9020338,AIDC03,AIDC05,2,98,1,3,"[98, 99, 100, 101, 102, 103, 104, 105, 106, 107, 108, 109, 110, 111, 112, 113, 114, 115, 116, 117, 118, 119]",False,False,NONZERO_PRESTART_RELOCATION_RELATIVE_TO_PR134_R0;NONZERO_TIMESHIFT_RELATIVE_TO_PR134_R0;B0_START_SITE_ABSENT_COMPLETE_PR134_DOMAIN
9020339,AIDC03,AIDC05,2,98,1,3,"[98, 99, 100, 101, 102, 103, 104, 105, 106, 107, 108, 109, 110, 111, 112, 113, 114, 115, 116, 117, 118, 119]",False,False,NONZERO_PRESTART_RELOCATION_RELATIVE_TO_PR134_R0;NONZERO_TIMESHIFT_RELATIVE_TO_PR134_R0;B0_START_SITE_ABSENT_COMPLETE_PR134_DOMAIN
9020340,AIDC03,AIDC05,2,98,1,3,"[98, 99, 100, 101, 102, 103, 104, 105, 106, 107, 108, 109, 110, 111, 112, 113, 114, 115, 116, 117, 118, 119]",False,False,NONZERO_PRESTART_RELOCATION_RELATIVE_TO_PR134_R0;NONZERO_TIMESHIFT_RELATIVE_TO_PR134_R0;B0_START_SITE_ABSENT_COMPLETE_PR134_DOMAIN
9020341,AIDC03,AIDC05,2,101,1,3,"[101, 102, 103, 104, 105, 106, 107, 108, 109, 110, 111, 112, 113, 114, 115, 116, 117, 118, 119]",False,False,NONZERO_PRESTART_RELOCATION_RELATIVE_TO_PR134_R0;NONZERO_TIMESHIFT_RELATIVE_TO_PR134_R0;B0_START_SITE_ABSENT_COMPLETE_PR134_DOMAIN
9020342,AIDC03,AIDC05,2,101,1,3,"[101, 102, 103, 104, 105, 106, 107, 108, 109, 110, 111, 112, 113, 114, 115, 116, 117, 118, 119]",False,False,NONZERO_PRESTART_RELOCATION_RELATIVE_TO_PR134_R0;NONZERO_TIMESHIFT_RELATIVE_TO_PR134_R0;B0_START_SITE_ABSENT_COMPLETE_PR134_DOMAIN
9020343,AIDC03,AIDC05,2,101,1,3,"[101, 102, 103, 104, 105, 106, 107, 108, 109, 110, 111, 112, 113, 114, 115, 116, 117, 118, 119]",False,False,NONZERO_PRESTART_RELOCATION_RELATIVE_TO_PR134_R0;NONZERO_TIMESHIFT_RELATIVE_TO_PR134_R0;B0_START_SITE_ABSENT_COMPLETE_PR134_DOMAIN
9020344,AIDC03,AIDC05,2,101,1,3,"[101, 102, 103, 104, 105, 106, 107, 108, 109, 110, 111, 112, 113, 114, 115, 116, 117, 118, 119]",False,False,NONZERO_PRESTART_RELOCATION_RELATIVE_TO_PR134_R0;NONZERO_TIMESHIFT_RELATIVE_TO_PR134_R0;B0_START_SITE_ABSENT_COMPLETE_PR134_DOMAIN
9020345,AIDC03,AIDC05,2,101,1,3,"[101, 102, 103, 104, 105, 106, 107, 108, 109, 110, 111, 112, 113, 114, 115, 116, 117, 118, 119]",False,False,NONZERO_PRESTART_RELOCATION_RELATIVE_TO_PR134_R0;NONZERO_TIMESHIFT_RELATIVE_TO_PR134_R0;B0_START_SITE_ABSENT_COMPLETE_PR134_DOMAIN
9020346,AIDC03,AIDC05,2,101,1,3,"[101, 102, 103, 104, 105, 106, 107, 108, 109, 110, 111, 112, 113, 114, 115, 116, 117, 118, 119]",False,False,NONZERO_PRESTART_RELOCATION_RELATIVE_TO_PR134_R0;NONZERO_TIMESHIFT_RELATIVE_TO_PR134_R0;B0_START_SITE_ABSENT_COMPLETE_PR134_DOMAIN
9020347,AIDC03,AIDC05,2,101,1,3,"[101, 102, 103, 104, 105, 106, 107, 108, 109, 110, 111, 112, 113, 114, 115, 116, 117, 118, 119]",False,False,NONZERO_PRESTART_RELOCATION_RELATIVE_TO_PR134_R0;NONZERO_TIMESHIFT_RELATIVE_TO_PR134_R0;B0_START_SITE_ABSENT_COMPLETE_PR134_DOMAIN
9020348,AIDC03,AIDC05,2,101,1,3,"[101, 102, 103, 104, 105, 106, 107, 108, 109, 110, 111, 112, 113, 114, 115, 116, 117, 118, 119]",False,False,NONZERO_PRESTART_RELOCATION_RELATIVE_TO_PR134_R0;NONZERO_TIMESHIFT_RELATIVE_TO_PR134_R0;B0_START_SITE_ABSENT_COMPLETE_PR134_DOMAIN
9020349,AIDC03,AIDC05,2,103,1,3,"[103, 104, 105, 106, 107, 108, 109, 110, 111, 112, 113, 114, 115, 116, 117, 118, 119]",False,False,NONZERO_PRESTART_RELOCATION_RELATIVE_TO_PR134_R0;NONZERO_TIMESHIFT_RELATIVE_TO_PR134_R0;B0_START_SITE_ABSENT_COMPLETE_PR134_DOMAIN
9020350,AIDC03,AIDC05,2,103,1,3,"[103, 104, 105, 106, 107, 108, 109, 110, 111, 112, 113, 114, 115, 116, 117, 118, 119]",False,False,NONZERO_PRESTART_RELOCATION_RELATIVE_TO_PR134_R0;NONZERO_TIMESHIFT_RELATIVE_TO_PR134_R0;B0_START_SITE_ABSENT_COMPLETE_PR134_DOMAIN
9020351,AIDC03,AIDC05,2,103,1,3,"[103, 104, 105, 106, 107, 108, 109, 110, 111, 112, 113, 114, 115, 116, 117, 118, 119]",False,False,NONZERO_PRESTART_RELOCATION_RELATIVE_TO_PR134_R0;NONZERO_TIMESHIFT_RELATIVE_TO_PR134_R0;B0_START_SITE_ABSENT_COMPLETE_PR134_DOMAIN
9020352,AIDC03,AIDC05,2,103,1,3,"[103, 104, 105, 106, 107, 108, 109, 110, 111, 112, 113, 114, 115, 116, 117, 118, 119]",False,False,NONZERO_PRESTART_RELOCATION_RELATIVE_TO_PR134_R0;NONZERO_TIMESHIFT_RELATIVE_TO_PR134_R0;B0_START_SITE_ABSENT_COMPLETE_PR134_DOMAIN
9020353,AIDC03,AIDC05,2,103,1,3,"[103, 104, 105, 106, 107, 108, 109, 110, 111, 112, 113, 114, 115, 116, 117, 118, 119]",False,False,NONZERO_PRESTART_RELOCATION_RELATIVE_TO_PR134_R0;NONZERO_TIMESHIFT_RELATIVE_TO_PR134_R0;B0_START_SITE_ABSENT_COMPLETE_PR134_DOMAIN
9020354,AIDC03,AIDC05,2,103,1,3,"[103, 104, 105, 106, 107, 108, 109, 110, 111, 112, 113, 114, 115, 116, 117, 118, 119]",False,False,NONZERO_PRESTART_RELOCATION_RELATIVE_TO_PR134_R0;NONZERO_TIMESHIFT_RELATIVE_TO_PR134_R0;B0_START_SITE_ABSENT_COMPLETE_PR134_DOMAIN
9020355,AIDC03,AIDC05,2,103,1,3,"[103, 104, 105, 106, 107, 108, 109, 110, 111, 112, 113, 114, 115, 116, 117, 118, 119]",False,False,NONZERO_PRESTART_RELOCATION_RELATIVE_TO_PR134_R0;NONZERO_TIMESHIFT_RELATIVE_TO_PR134_R0;B0_START_SITE_ABSENT_COMPLETE_PR134_DOMAIN
9020356,AIDC03,AIDC05,2,103,1,3,"[103, 104, 105, 106, 107, 108, 109, 110, 111, 112, 113, 114, 115, 116, 117, 118, 119]",False,False,NONZERO_PRESTART_RELOCATION_RELATIVE_TO_PR134_R0;NONZERO_TIMESHIFT_RELATIVE_TO_PR134_R0;B0_START_SITE_ABSENT_COMPLETE_PR134_DOMAIN
9020357,AIDC03,AIDC05,2,103,1,3,"[103, 104, 105, 106, 107, 108, 109, 110, 111, 112, 113, 114, 115, 116, 117, 118, 119]",False,False,NONZERO_PRESTART_RELOCATION_RELATIVE_TO_PR134_R0;NONZERO_TIMESHIFT_RELATIVE_TO_PR134_R0;B0_START_SITE_ABSENT_COMPLETE_PR134_DOMAIN
9020358,AIDC03,AIDC05,2,103,1,3,"[103, 104, 105, 106, 107, 108, 109, 110, 111, 112, 113, 114, 115, 116, 117, 118, 119]",False,False,NONZERO_PRESTART_RELOCATION_RELATIVE_TO_PR134_R0;NONZERO_TIMESHIFT_RELATIVE_TO_PR134_R0;B0_START_SITE_ABSENT_COMPLETE_PR134_DOMAIN
9020359,AIDC03,AIDC05,2,103,1,3,"[103, 104, 105, 106, 107, 108, 109, 110, 111, 112, 113, 114, 115, 116, 117, 118, 119]",False,False,NONZERO_PRESTART_RELOCATION_RELATIVE_TO_PR134_R0;NONZERO_TIMESHIFT_RELATIVE_TO_PR134_R0;B0_START_SITE_ABSENT_COMPLETE_PR134_DOMAIN
9020360,AIDC03,AIDC05,2,103,1,3,"[103, 104, 105, 106, 107, 108, 109, 110, 111, 112, 113, 114, 115, 116, 117, 118, 119]",False,False,NONZERO_PRESTART_RELOCATION_RELATIVE_TO_PR134_R0;NONZERO_TIMESHIFT_RELATIVE_TO_PR134_R0;B0_START_SITE_ABSENT_COMPLETE_PR134_DOMAIN
9020361,AIDC03,AIDC05,2,103,1,3,"[103, 104, 105, 106, 107, 108, 109, 110, 111, 112, 113, 114, 115, 116, 117, 118, 119]",False,False,NONZERO_PRESTART_RELOCATION_RELATIVE_TO_PR134_R0;NONZERO_TIMESHIFT_RELATIVE_TO_PR134_R0;B0_START_SITE_ABSENT_COMPLETE_PR134_DOMAIN
9020362,AIDC03,AIDC05,2,103,1,3,"[103, 104, 105, 106, 107, 108, 109, 110, 111, 112, 113, 114, 115, 116, 117, 118, 119]",False,False,NONZERO_PRESTART_RELOCATION_RELATIVE_TO_PR134_R0;NONZERO_TIMESHIFT_RELATIVE_TO_PR134_R0;B0_START_SITE_ABSENT_COMPLETE_PR134_DOMAIN
9020363,AIDC03,AIDC05,2,103,1,3,"[103, 104, 105, 106, 107, 108, 109, 110, 111, 112, 113, 114, 115, 116, 117, 118, 119]",False,False,NONZERO_PRESTART_RELOCATION_RELATIVE_TO_PR134_R0;NONZERO_TIMESHIFT_RELATIVE_TO_PR134_R0;B0_START_SITE_ABSENT_COMPLETE_PR134_DOMAIN
9020364,AIDC03,AIDC05,2,103,1,3,"[103, 104, 105, 106, 107, 108, 109, 110, 111, 112, 113, 114, 115, 116, 117, 118, 119]",False,False,NONZERO_PRESTART_RELOCATION_RELATIVE_TO_PR134_R0;NONZERO_TIMESHIFT_RELATIVE_TO_PR134_R0;B0_START_SITE_ABSENT_COMPLETE_PR134_DOMAIN
9020365,AIDC03,AIDC01,2,106,1,3,"[106, 107, 108, 109, 110, 111, 112, 113, 114, 115, 116, 117, 118, 119]",False,False,NONZERO_PRESTART_RELOCATION_RELATIVE_TO_PR134_R0;NONZERO_TIMESHIFT_RELATIVE_TO_PR134_R0;B0_START_SITE_ABSENT_COMPLETE_PR134_DOMAIN
9020366,AIDC03,AIDC01,2,106,1,3,"[106, 107, 108, 109, 110, 111, 112, 113, 114, 115, 116, 117, 118, 119]",False,False,NONZERO_PRESTART_RELOCATION_RELATIVE_TO_PR134_R0;NONZERO_TIMESHIFT_RELATIVE_TO_PR134_R0;B0_START_SITE_ABSENT_COMPLETE_PR134_DOMAIN
9020367,AIDC03,AIDC01,2,113,1,3,"[113, 114, 115, 116, 117, 118, 119]",False,False,NONZERO_PRESTART_RELOCATION_RELATIVE_TO_PR134_R0;NONZERO_TIMESHIFT_RELATIVE_TO_PR134_R0;B0_START_SITE_ABSENT_COMPLETE_PR134_DOMAIN
9020368,AIDC03,AIDC01,2,113,1,3,"[113, 114, 115, 116, 117, 118, 119]",False,False,NONZERO_PRESTART_RELOCATION_RELATIVE_TO_PR134_R0;NONZERO_TIMESHIFT_RELATIVE_TO_PR134_R0;B0_START_SITE_ABSENT_COMPLETE_PR134_DOMAIN
9020369,AIDC03,AIDC01,2,113,1,3,"[113, 114, 115, 116, 117, 118, 119]",False,False,NONZERO_PRESTART_RELOCATION_RELATIVE_TO_PR134_R0;NONZERO_TIMESHIFT_RELATIVE_TO_PR134_R0;B0_START_SITE_ABSENT_COMPLETE_PR134_DOMAIN
9020370,AIDC03,AIDC01,2,113,1,3,"[113, 114, 115, 116, 117, 118, 119]",False,False,NONZERO_PRESTART_RELOCATION_RELATIVE_TO_PR134_R0;NONZERO_TIMESHIFT_RELATIVE_TO_PR134_R0;B0_START_SITE_ABSENT_COMPLETE_PR134_DOMAIN
9020371,AIDC03,AIDC01,2,113,1,3,"[113, 114, 115, 116, 117, 118, 119]",False,False,NONZERO_PRESTART_RELOCATION_RELATIVE_TO_PR134_R0;NONZERO_TIMESHIFT_RELATIVE_TO_PR134_R0;B0_START_SITE_ABSENT_COMPLETE_PR134_DOMAIN
9020372,AIDC03,AIDC01,2,113,1,3,"[113, 114, 115, 116, 117, 118, 119]",False,False,NONZERO_PRESTART_RELOCATION_RELATIVE_TO_PR134_R0;NONZERO_TIMESHIFT_RELATIVE_TO_PR134_R0;B0_START_SITE_ABSENT_COMPLETE_PR134_DOMAIN
9020373,AIDC03,AIDC01,2,113,1,3,"[113, 114, 115, 116, 117, 118, 119]",False,False,NONZERO_PRESTART_RELOCATION_RELATIVE_TO_PR134_R0;NONZERO_TIMESHIFT_RELATIVE_TO_PR134_R0;B0_START_SITE_ABSENT_COMPLETE_PR134_DOMAIN
9020374,AIDC03,AIDC01,2,113,1,3,"[113, 114, 115, 116, 117, 118, 119]",False,False,NONZERO_PRESTART_RELOCATION_RELATIVE_TO_PR134_R0;NONZERO_TIMESHIFT_RELATIVE_TO_PR134_R0;B0_START_SITE_ABSENT_COMPLETE_PR134_DOMAIN
9020375,AIDC03,AIDC02,2,113,1,3,"[113, 114, 115, 116, 117, 118, 119]",False,False,NONZERO_PRESTART_RELOCATION_RELATIVE_TO_PR134_R0;NONZERO_TIMESHIFT_RELATIVE_TO_PR134_R0;B0_START_SITE_ABSENT_COMPLETE_PR134_DOMAIN
9020376,AIDC03,AIDC02,2,113,1,3,"[113, 114, 115, 116, 117, 118, 119]",False,False,NONZERO_PRESTART_RELOCATION_RELATIVE_TO_PR134_R0;NONZERO_TIMESHIFT_RELATIVE_TO_PR134_R0;B0_START_SITE_ABSENT_COMPLETE_PR134_DOMAIN
9020377,AIDC03,AIDC02,2,113,1,3,"[113, 114, 115, 116, 117, 118, 119]",False,False,NONZERO_PRESTART_RELOCATION_RELATIVE_TO_PR134_R0;NONZERO_TIMESHIFT_RELATIVE_TO_PR134_R0;B0_START_SITE_ABSENT_COMPLETE_PR134_DOMAIN
9020378,AIDC03,AIDC02,2,113,1,3,"[113, 114, 115, 116, 117, 118, 119]",False,False,NONZERO_PRESTART_RELOCATION_RELATIVE_TO_PR134_R0;NONZERO_TIMESHIFT_RELATIVE_TO_PR134_R0;B0_START_SITE_ABSENT_COMPLETE_PR134_DOMAIN
9020379,AIDC03,AIDC02,2,113,1,3,"[113, 114, 115, 116, 117, 118, 119]",False,False,NONZERO_PRESTART_RELOCATION_RELATIVE_TO_PR134_R0;NONZERO_TIMESHIFT_RELATIVE_TO_PR134_R0;B0_START_SITE_ABSENT_COMPLETE_PR134_DOMAIN
9020380,AIDC03,AIDC02,2,113,1,3,"[113, 114, 115, 116, 117, 118, 119]",False,False,NONZERO_PRESTART_RELOCATION_RELATIVE_TO_PR134_R0;NONZERO_TIMESHIFT_RELATIVE_TO_PR134_R0;B0_START_SITE_ABSENT_COMPLETE_PR134_DOMAIN
9020381,AIDC04,AIDC02,2,113,1,3,"[113, 114, 115, 116, 117, 118, 119]",False,False,NONZERO_PRESTART_RELOCATION_RELATIVE_TO_PR134_R0;NONZERO_TIMESHIFT_RELATIVE_TO_PR134_R0;B0_START_SITE_ABSENT_COMPLETE_PR134_DOMAIN
9020382,AIDC04,AIDC02,2,113,1,3,"[113, 114, 115, 116, 117, 118, 119]",False,False,NONZERO_PRESTART_RELOCATION_RELATIVE_TO_PR134_R0;NONZERO_TIMESHIFT_RELATIVE_TO_PR134_R0;B0_START_SITE_ABSENT_COMPLETE_PR134_DOMAIN
9020383,AIDC04,AIDC03,2,113,1,3,"[113, 114, 115, 116, 117, 118, 119]",False,False,NONZERO_PRESTART_RELOCATION_RELATIVE_TO_PR134_R0;NONZERO_TIMESHIFT_RELATIVE_TO_PR134_R0;B0_START_SITE_ABSENT_COMPLETE_PR134_DOMAIN
9020384,AIDC04,AIDC03,2,113,1,3,"[113, 114, 115, 116, 117, 118, 119]",False,False,NONZERO_PRESTART_RELOCATION_RELATIVE_TO_PR134_R0;NONZERO_TIMESHIFT_RELATIVE_TO_PR134_R0;B0_START_SITE_ABSENT_COMPLETE_PR134_DOMAIN
9020385,AIDC04,AIDC03,2,113,1,3,"[113, 114, 115, 116, 117, 118, 119]",False,False,NONZERO_PRESTART_RELOCATION_RELATIVE_TO_PR134_R0;NONZERO_TIMESHIFT_RELATIVE_TO_PR134_R0;B0_START_SITE_ABSENT_COMPLETE_PR134_DOMAIN
9020386,AIDC04,AIDC03,2,113,1,3,"[113, 114, 115, 116, 117, 118, 119]",False,False,NONZERO_PRESTART_RELOCATION_RELATIVE_TO_PR134_R0;NONZERO_TIMESHIFT_RELATIVE_TO_PR134_R0;B0_START_SITE_ABSENT_COMPLETE_PR134_DOMAIN
9020387,AIDC04,AIDC03,2,113,1,3,"[113, 114, 115, 116, 117, 118, 119]",False,False,NONZERO_PRESTART_RELOCATION_RELATIVE_TO_PR134_R0;NONZERO_TIMESHIFT_RELATIVE_TO_PR134_R0;B0_START_SITE_ABSENT_COMPLETE_PR134_DOMAIN
9020388,AIDC04,AIDC03,2,113,1,3,"[113, 114, 115, 116, 117, 118, 119]",False,False,NONZERO_PRESTART_RELOCATION_RELATIVE_TO_PR134_R0;NONZERO_TIMESHIFT_RELATIVE_TO_PR134_R0;B0_START_SITE_ABSENT_COMPLETE_PR134_DOMAIN
9020389,AIDC04,AIDC03,2,113,1,3,"[113, 114, 115, 116, 117, 118, 119]",False,False,NONZERO_PRESTART_RELOCATION_RELATIVE_TO_PR134_R0;NONZERO_TIMESHIFT_RELATIVE_TO_PR134_R0;B0_START_SITE_ABSENT_COMPLETE_PR134_DOMAIN
9020390,AIDC04,AIDC03,2,113,1,3,"[113, 114, 115, 116, 117, 118, 119]",False,False,NONZERO_PRESTART_RELOCATION_RELATIVE_TO_PR134_R0;NONZERO_TIMESHIFT_RELATIVE_TO_PR134_R0;B0_START_SITE_ABSENT_COMPLETE_PR134_DOMAIN
9020391,AIDC04,AIDC03,2,113,1,3,"[113, 114, 115, 116, 117, 118, 119]",False,False,NONZERO_PRESTART_RELOCATION_RELATIVE_TO_PR134_R0;NONZERO_TIMESHIFT_RELATIVE_TO_PR134_R0;B0_START_SITE_ABSENT_COMPLETE_PR134_DOMAIN
9020392,AIDC04,AIDC03,2,113,1,3,"[113, 114, 115, 116, 117, 118, 119]",False,False,NONZERO_PRESTART_RELOCATION_RELATIVE_TO_PR134_R0;NONZERO_TIMESHIFT_RELATIVE_TO_PR134_R0;B0_START_SITE_ABSENT_COMPLETE_PR134_DOMAIN
9020393,AIDC04,AIDC03,2,113,1,3,"[113, 114, 115, 116, 117, 118, 119]",False,False,NONZERO_PRESTART_RELOCATION_RELATIVE_TO_PR134_R0;NONZERO_TIMESHIFT_RELATIVE_TO_PR134_R0;B0_START_SITE_ABSENT_COMPLETE_PR134_DOMAIN
9020394,AIDC04,AIDC03,2,113,1,3,"[113, 114, 115, 116, 117, 118, 119]",False,False,NONZERO_PRESTART_RELOCATION_RELATIVE_TO_PR134_R0;NONZERO_TIMESHIFT_RELATIVE_TO_PR134_R0;B0_START_SITE_ABSENT_COMPLETE_PR134_DOMAIN
9020395,AIDC04,AIDC03,2,113,1,3,"[113, 114, 115, 116, 117, 118, 119]",False,False,NONZERO_PRESTART_RELOCATION_RELATIVE_TO_PR134_R0;NONZERO_TIMESHIFT_RELATIVE_TO_PR134_R0;B0_START_SITE_ABSENT_COMPLETE_PR134_DOMAIN
9020396,AIDC04,AIDC03,2,113,1,3,"[113, 114, 115, 116, 117, 118, 119]",False,False,NONZERO_PRESTART_RELOCATION_RELATIVE_TO_PR134_R0;NONZERO_TIMESHIFT_RELATIVE_TO_PR134_R0;B0_START_SITE_ABSENT_COMPLETE_PR134_DOMAIN
9020397,AIDC04,AIDC03,2,113,1,3,"[113, 114, 115, 116, 117, 118, 119]",False,False,NONZERO_PRESTART_RELOCATION_RELATIVE_TO_PR134_R0;NONZERO_TIMESHIFT_RELATIVE_TO_PR134_R0;B0_START_SITE_ABSENT_COMPLETE_PR134_DOMAIN
9020398,AIDC04,AIDC03,2,113,1,3,"[113, 114, 115, 116, 117, 118, 119]",False,False,NONZERO_PRESTART_RELOCATION_RELATIVE_TO_PR134_R0;NONZERO_TIMESHIFT_RELATIVE_TO_PR134_R0;B0_START_SITE_ABSENT_COMPLETE_PR134_DOMAIN
9020399,AIDC04,AIDC03,2,113,1,3,"[113, 114, 115, 116, 117, 118, 119]",False,False,NONZERO_PRESTART_RELOCATION_RELATIVE_TO_PR134_R0;NONZERO_TIMESHIFT_RELATIVE_TO_PR134_R0;B0_START_SITE_ABSENT_COMPLETE_PR134_DOMAIN
9020400,AIDC04,AIDC03,2,113,1,3,"[113, 114, 115, 116, 117, 118, 119]",False,False,NONZERO_PRESTART_RELOCATION_RELATIVE_TO_PR134_R0;NONZERO_TIMESHIFT_RELATIVE_TO_PR134_R0;B0_START_SITE_ABSENT_COMPLETE_PR134_DOMAIN
9020401,AIDC04,AIDC03,2,113,1,3,"[113, 114, 115, 116, 117, 118, 119]",False,False,NONZERO_PRESTART_RELOCATION_RELATIVE_TO_PR134_R0;NONZERO_TIMESHIFT_RELATIVE_TO_PR134_R0;B0_START_SITE_ABSENT_COMPLETE_PR134_DOMAIN
9020402,AIDC04,AIDC03,2,113,1,3,"[113, 114, 115, 116, 117, 118, 119]",False,False,NONZERO_PRESTART_RELOCATION_RELATIVE_TO_PR134_R0;NONZERO_TIMESHIFT_RELATIVE_TO_PR134_R0;B0_START_SITE_ABSENT_COMPLETE_PR134_DOMAIN
9020403,AIDC04,AIDC03,2,113,1,3,"[113, 114, 115, 116, 117, 118, 119]",False,False,NONZERO_PRESTART_RELOCATION_RELATIVE_TO_PR134_R0;NONZERO_TIMESHIFT_RELATIVE_TO_PR134_R0;B0_START_SITE_ABSENT_COMPLETE_PR134_DOMAIN
9020404,AIDC04,AIDC03,2,113,1,3,"[113, 114, 115, 116, 117, 118, 119]",False,False,NONZERO_PRESTART_RELOCATION_RELATIVE_TO_PR134_R0;NONZERO_TIMESHIFT_RELATIVE_TO_PR134_R0;B0_START_SITE_ABSENT_COMPLETE_PR134_DOMAIN
9020405,AIDC04,AIDC03,2,113,1,3,"[113, 114, 115, 116, 117, 118, 119]",False,False,NONZERO_PRESTART_RELOCATION_RELATIVE_TO_PR134_R0;NONZERO_TIMESHIFT_RELATIVE_TO_PR134_R0;B0_START_SITE_ABSENT_COMPLETE_PR134_DOMAIN
9020406,AIDC04,AIDC03,2,113,1,3,"[113, 114, 115, 116, 117, 118, 119]",False,False,NONZERO_PRESTART_RELOCATION_RELATIVE_TO_PR134_R0;NONZERO_TIMESHIFT_RELATIVE_TO_PR134_R0;B0_START_SITE_ABSENT_COMPLETE_PR134_DOMAIN
9020407,AIDC04,AIDC03,2,113,1,3,"[113, 114, 115, 116, 117, 118, 119]",False,False,NONZERO_PRESTART_RELOCATION_RELATIVE_TO_PR134_R0;NONZERO_TIMESHIFT_RELATIVE_TO_PR134_R0;B0_START_SITE_ABSENT_COMPLETE_PR134_DOMAIN
9020408,AIDC04,AIDC03,2,113,1,3,"[113, 114, 115, 116, 117, 118, 119]",False,False,NONZERO_PRESTART_RELOCATION_RELATIVE_TO_PR134_R0;NONZERO_TIMESHIFT_RELATIVE_TO_PR134_R0;B0_START_SITE_ABSENT_COMPLETE_PR134_DOMAIN
9020409,AIDC04,AIDC03,2,113,1,3,"[113, 114, 115, 116, 117, 118, 119]",False,False,NONZERO_PRESTART_RELOCATION_RELATIVE_TO_PR134_R0;NONZERO_TIMESHIFT_RELATIVE_TO_PR134_R0;B0_START_SITE_ABSENT_COMPLETE_PR134_DOMAIN
9020410,AIDC04,AIDC03,2,113,1,3,"[113, 114, 115, 116, 117, 118, 119]",False,False,NONZERO_PRESTART_RELOCATION_RELATIVE_TO_PR134_R0;NONZERO_TIMESHIFT_RELATIVE_TO_PR134_R0;B0_START_SITE_ABSENT_COMPLETE_PR134_DOMAIN
9020411,AIDC04,AIDC03,2,113,1,3,"[113, 114, 115, 116, 117, 118, 119]",False,False,NONZERO_PRESTART_RELOCATION_RELATIVE_TO_PR134_R0;NONZERO_TIMESHIFT_RELATIVE_TO_PR134_R0;B0_START_SITE_ABSENT_COMPLETE_PR134_DOMAIN
9020412,AIDC04,AIDC03,2,113,1,3,"[113, 114, 115, 116, 117, 118, 119]",False,False,NONZERO_PRESTART_RELOCATION_RELATIVE_TO_PR134_R0;NONZERO_TIMESHIFT_RELATIVE_TO_PR134_R0;B0_START_SITE_ABSENT_COMPLETE_PR134_DOMAIN
9020413,AIDC04,AIDC03,2,113,1,3,"[113, 114, 115, 116, 117, 118, 119]",False,False,NONZERO_PRESTART_RELOCATION_RELATIVE_TO_PR134_R0;NONZERO_TIMESHIFT_RELATIVE_TO_PR134_R0;B0_START_SITE_ABSENT_COMPLETE_PR134_DOMAIN
9020414,AIDC04,AIDC03,2,113,1,3,"[113, 114, 115, 116, 117, 118, 119]",False,False,NONZERO_PRESTART_RELOCATION_RELATIVE_TO_PR134_R0;NONZERO_TIMESHIFT_RELATIVE_TO_PR134_R0;B0_START_SITE_ABSENT_COMPLETE_PR134_DOMAIN
9020415,AIDC04,AIDC03,2,113,1,3,"[113, 114, 115, 116, 117, 118, 119]",False,False,NONZERO_PRESTART_RELOCATION_RELATIVE_TO_PR134_R0;NONZERO_TIMESHIFT_RELATIVE_TO_PR134_R0;B0_START_SITE_ABSENT_COMPLETE_PR134_DOMAIN
9020416,AIDC04,AIDC03,2,113,1,3,"[113, 114, 115, 116, 117, 118, 119]",False,False,NONZERO_PRESTART_RELOCATION_RELATIVE_TO_PR134_R0;NONZERO_TIMESHIFT_RELATIVE_TO_PR134_R0;B0_START_SITE_ABSENT_COMPLETE_PR134_DOMAIN
9020417,AIDC04,AIDC03,2,113,1,3,"[113, 114, 115, 116, 117, 118, 119]",False,False,NONZERO_PRESTART_RELOCATION_RELATIVE_TO_PR134_R0;NONZERO_TIMESHIFT_RELATIVE_TO_PR134_R0;B0_START_SITE_ABSENT_COMPLETE_PR134_DOMAIN
9020418,AIDC04,AIDC03,2,113,1,3,"[113, 114, 115, 116, 117, 118, 119]",False,False,NONZERO_PRESTART_RELOCATION_RELATIVE_TO_PR134_R0;NONZERO_TIMESHIFT_RELATIVE_TO_PR134_R0;B0_START_SITE_ABSENT_COMPLETE_PR134_DOMAIN
9020419,AIDC04,AIDC03,2,113,1,3,"[113, 114, 115, 116, 117, 118, 119]",False,False,NONZERO_PRESTART_RELOCATION_RELATIVE_TO_PR134_R0;NONZERO_TIMESHIFT_RELATIVE_TO_PR134_R0;B0_START_SITE_ABSENT_COMPLETE_PR134_DOMAIN
9020420,AIDC04,AIDC03,2,113,1,3,"[113, 114, 115, 116, 117, 118, 119]",False,False,NONZERO_PRESTART_RELOCATION_RELATIVE_TO_PR134_R0;NONZERO_TIMESHIFT_RELATIVE_TO_PR134_R0;B0_START_SITE_ABSENT_COMPLETE_PR134_DOMAIN
9020421,AIDC05,AIDC03,2,113,1,3,"[113, 114, 115, 116, 117, 118, 119]",False,False,NONZERO_PRESTART_RELOCATION_RELATIVE_TO_PR134_R0;NONZERO_TIMESHIFT_RELATIVE_TO_PR134_R0;B0_START_SITE_ABSENT_COMPLETE_PR134_DOMAIN
9020422,AIDC05,AIDC03,2,113,1,3,"[113, 114, 115, 116, 117, 118, 119]",False,False,NONZERO_PRESTART_RELOCATION_RELATIVE_TO_PR134_R0;NONZERO_TIMESHIFT_RELATIVE_TO_PR134_R0;B0_START_SITE_ABSENT_COMPLETE_PR134_DOMAIN
9020423,AIDC05,AIDC03,2,113,1,3,"[113, 114, 115, 116, 117, 118, 119]",False,False,NONZERO_PRESTART_RELOCATION_RELATIVE_TO_PR134_R0;NONZERO_TIMESHIFT_RELATIVE_TO_PR134_R0;B0_START_SITE_ABSENT_COMPLETE_PR134_DOMAIN
9020424,AIDC05,AIDC03,2,113,1,3,"[113, 114, 115, 116, 117, 118, 119]",False,False,NONZERO_PRESTART_RELOCATION_RELATIVE_TO_PR134_R0;NONZERO_TIMESHIFT_RELATIVE_TO_PR134_R0;B0_START_SITE_ABSENT_COMPLETE_PR134_DOMAIN
9020425,AIDC05,AIDC03,2,113,1,3,"[113, 114, 115, 116, 117, 118, 119]",False,False,NONZERO_PRESTART_RELOCATION_RELATIVE_TO_PR134_R0;NONZERO_TIMESHIFT_RELATIVE_TO_PR134_R0;B0_START_SITE_ABSENT_COMPLETE_PR134_DOMAIN
9020426,AIDC05,AIDC03,2,113,1,3,"[113, 114, 115, 116, 117, 118, 119]",False,False,NONZERO_PRESTART_RELOCATION_RELATIVE_TO_PR134_R0;NONZERO_TIMESHIFT_RELATIVE_TO_PR134_R0;B0_START_SITE_ABSENT_COMPLETE_PR134_DOMAIN
9020427,AIDC05,AIDC03,2,113,1,3,"[113, 114, 115, 116, 117, 118, 119]",False,False,NONZERO_PRESTART_RELOCATION_RELATIVE_TO_PR134_R0;NONZERO_TIMESHIFT_RELATIVE_TO_PR134_R0;B0_START_SITE_ABSENT_COMPLETE_PR134_DOMAIN
9020428,AIDC05,AIDC03,2,113,1,3,"[113, 114, 115, 116, 117, 118, 119]",False,False,NONZERO_PRESTART_RELOCATION_RELATIVE_TO_PR134_R0;NONZERO_TIMESHIFT_RELATIVE_TO_PR134_R0;B0_START_SITE_ABSENT_COMPLETE_PR134_DOMAIN
9020429,AIDC05,AIDC03,2,113,1,3,"[113, 114, 115, 116, 117, 118, 119]",False,False,NONZERO_PRESTART_RELOCATION_RELATIVE_TO_PR134_R0;NONZERO_TIMESHIFT_RELATIVE_TO_PR134_R0;B0_START_SITE_ABSENT_COMPLETE_PR134_DOMAIN
9020430,AIDC05,AIDC03,2,113,1,3,"[113, 114, 115, 116, 117, 118, 119]",False,False,NONZERO_PRESTART_RELOCATION_RELATIVE_TO_PR134_R0;NONZERO_TIMESHIFT_RELATIVE_TO_PR134_R0;B0_START_SITE_ABSENT_COMPLETE_PR134_DOMAIN
9020431,AIDC05,AIDC04,2,113,1,3,"[113, 114, 115, 116, 117, 118, 119]",False,False,NONZERO_PRESTART_RELOCATION_RELATIVE_TO_PR134_R0;NONZERO_TIMESHIFT_RELATIVE_TO_PR134_R0;B0_START_SITE_ABSENT_COMPLETE_PR134_DOMAIN
9020432,AIDC05,AIDC04,2,113,1,3,"[113, 114, 115, 116, 117, 118, 119]",False,False,NONZERO_PRESTART_RELOCATION_RELATIVE_TO_PR134_R0;NONZERO_TIMESHIFT_RELATIVE_TO_PR134_R0;B0_START_SITE_ABSENT_COMPLETE_PR134_DOMAIN
9020433,AIDC05,AIDC04,2,113,1,3,"[113, 114, 115, 116, 117, 118, 119]",False,False,NONZERO_PRESTART_RELOCATION_RELATIVE_TO_PR134_R0;NONZERO_TIMESHIFT_RELATIVE_TO_PR134_R0;B0_START_SITE_ABSENT_COMPLETE_PR134_DOMAIN
9020434,AIDC05,AIDC04,2,113,1,3,"[113, 114, 115, 116, 117, 118, 119]",False,False,NONZERO_PRESTART_RELOCATION_RELATIVE_TO_PR134_R0;NONZERO_TIMESHIFT_RELATIVE_TO_PR134_R0;B0_START_SITE_ABSENT_COMPLETE_PR134_DOMAIN
9020435,AIDC05,AIDC04,2,113,1,3,"[113, 114, 115, 116, 117, 118, 119]",False,False,NONZERO_PRESTART_RELOCATION_RELATIVE_TO_PR134_R0;NONZERO_TIMESHIFT_RELATIVE_TO_PR134_R0;B0_START_SITE_ABSENT_COMPLETE_PR134_DOMAIN
9020436,AIDC05,AIDC04,2,113,1,3,"[113, 114, 115, 116, 117, 118, 119]",False,False,NONZERO_PRESTART_RELOCATION_RELATIVE_TO_PR134_R0;NONZERO_TIMESHIFT_RELATIVE_TO_PR134_R0;B0_START_SITE_ABSENT_COMPLETE_PR134_DOMAIN
9020437,AIDC05,AIDC04,2,113,1,3,"[113, 114, 115, 116, 117, 118, 119]",False,False,NONZERO_PRESTART_RELOCATION_RELATIVE_TO_PR134_R0;NONZERO_TIMESHIFT_RELATIVE_TO_PR134_R0;B0_START_SITE_ABSENT_COMPLETE_PR134_DOMAIN
9020438,AIDC05,AIDC04,2,113,1,3,"[113, 114, 115, 116, 117, 118, 119]",False,False,NONZERO_PRESTART_RELOCATION_RELATIVE_TO_PR134_R0;NONZERO_TIMESHIFT_RELATIVE_TO_PR134_R0;B0_START_SITE_ABSENT_COMPLETE_PR134_DOMAIN
9020439,AIDC05,AIDC05,2,113,1,3,"[113, 114, 115, 116, 117, 118, 119]",False,False,NONZERO_TIMESHIFT_RELATIVE_TO_PR134_R0;B0_START_SITE_ABSENT_COMPLETE_PR134_DOMAIN
9020440,AIDC05,AIDC05,2,113,1,3,"[113, 114, 115, 116, 117, 118, 119]",False,False,NONZERO_TIMESHIFT_RELATIVE_TO_PR134_R0;B0_START_SITE_ABSENT_COMPLETE_PR134_DOMAIN
9020441,AIDC05,AIDC05,2,113,1,3,"[113, 114, 115, 116, 117, 118, 119]",False,False,NONZERO_TIMESHIFT_RELATIVE_TO_PR134_R0;B0_START_SITE_ABSENT_COMPLETE_PR134_DOMAIN
9020442,AIDC05,AIDC05,2,113,1,3,"[113, 114, 115, 116, 117, 118, 119]",False,False,NONZERO_TIMESHIFT_RELATIVE_TO_PR134_R0;B0_START_SITE_ABSENT_COMPLETE_PR134_DOMAIN
9020443,AIDC05,AIDC05,2,113,1,3,"[113, 114, 115, 116, 117, 118, 119]",False,False,NONZERO_TIMESHIFT_RELATIVE_TO_PR134_R0;B0_START_SITE_ABSENT_COMPLETE_PR134_DOMAIN
9020444,AIDC05,AIDC05,2,113,1,3,"[113, 114, 115, 116, 117, 118, 119]",False,False,NONZERO_TIMESHIFT_RELATIVE_TO_PR134_R0;B0_START_SITE_ABSENT_COMPLETE_PR134_DOMAIN
9020445,AIDC05,AIDC05,2,113,1,3,"[113, 114, 115, 116, 117, 118, 119]",False,False,NONZERO_TIMESHIFT_RELATIVE_TO_PR134_R0;B0_START_SITE_ABSENT_COMPLETE_PR134_DOMAIN
9020446,AIDC05,AIDC05,2,113,1,3,"[113, 114, 115, 116, 117, 118, 119]",False,False,NONZERO_TIMESHIFT_RELATIVE_TO_PR134_R0;B0_START_SITE_ABSENT_COMPLETE_PR134_DOMAIN
9020447,AIDC05,AIDC05,2,113,1,3,"[113, 114, 115, 116, 117, 118, 119]",False,False,NONZERO_TIMESHIFT_RELATIVE_TO_PR134_R0;B0_START_SITE_ABSENT_COMPLETE_PR134_DOMAIN
9020448,AIDC05,AIDC05,2,113,1,3,"[113, 114, 115, 116, 117, 118, 119]",False,False,NONZERO_TIMESHIFT_RELATIVE_TO_PR134_R0;B0_START_SITE_ABSENT_COMPLETE_PR134_DOMAIN
9020449,AIDC05,AIDC05,2,113,1,3,"[113, 114, 115, 116, 117, 118, 119]",False,False,NONZERO_TIMESHIFT_RELATIVE_TO_PR134_R0;B0_START_SITE_ABSENT_COMPLETE_PR134_DOMAIN
9020450,AIDC05,AIDC05,2,113,1,3,"[113, 114, 115, 116, 117, 118, 119]",False,False,NONZERO_TIMESHIFT_RELATIVE_TO_PR134_R0;B0_START_SITE_ABSENT_COMPLETE_PR134_DOMAIN
9020451,AIDC05,AIDC05,2,113,1,3,"[113, 114, 115, 116, 117, 118, 119]",False,False,NONZERO_TIMESHIFT_RELATIVE_TO_PR134_R0;B0_START_SITE_ABSENT_COMPLETE_PR134_DOMAIN
9020452,AIDC05,AIDC05,2,113,1,3,"[113, 114, 115, 116, 117, 118, 119]",False,False,NONZERO_TIMESHIFT_RELATIVE_TO_PR134_R0;B0_START_SITE_ABSENT_COMPLETE_PR134_DOMAIN
9020453,AIDC05,AIDC05,2,113,1,3,"[113, 114, 115, 116, 117, 118, 119]",False,False,NONZERO_TIMESHIFT_RELATIVE_TO_PR134_R0;B0_START_SITE_ABSENT_COMPLETE_PR134_DOMAIN
9020454,AIDC05,AIDC05,2,113,1,3,"[113, 114, 115, 116, 117, 118, 119]",False,False,NONZERO_TIMESHIFT_RELATIVE_TO_PR134_R0;B0_START_SITE_ABSENT_COMPLETE_PR134_DOMAIN
9020455,AIDC05,AIDC05,2,113,1,3,"[113, 114, 115, 116, 117, 118, 119]",False,False,NONZERO_TIMESHIFT_RELATIVE_TO_PR134_R0;B0_START_SITE_ABSENT_COMPLETE_PR134_DOMAIN
9020456,AIDC05,AIDC05,2,113,1,3,"[113, 114, 115, 116, 117, 118, 119]",False,False,NONZERO_TIMESHIFT_RELATIVE_TO_PR134_R0;B0_START_SITE_ABSENT_COMPLETE_PR134_DOMAIN
9020457,AIDC05,AIDC05,2,113,1,3,"[113, 114, 115, 116, 117, 118, 119]",False,False,NONZERO_TIMESHIFT_RELATIVE_TO_PR134_R0;B0_START_SITE_ABSENT_COMPLETE_PR134_DOMAIN
9020458,AIDC05,AIDC05,2,113,1,3,"[113, 114, 115, 116, 117, 118, 119]",False,False,NONZERO_TIMESHIFT_RELATIVE_TO_PR134_R0;B0_START_SITE_ABSENT_COMPLETE_PR134_DOMAIN
9020459,AIDC05,AIDC05,2,113,1,3,"[113, 114, 115, 116, 117, 118, 119]",False,False,NONZERO_TIMESHIFT_RELATIVE_TO_PR134_R0;B0_START_SITE_ABSENT_COMPLETE_PR134_DOMAIN
9020460,AIDC05,AIDC05,2,113,1,3,"[113, 114, 115, 116, 117, 118, 119]",False,False,NONZERO_TIMESHIFT_RELATIVE_TO_PR134_R0;B0_START_SITE_ABSENT_COMPLETE_PR134_DOMAIN
9020461,AIDC05,AIDC05,2,113,1,3,"[113, 114, 115, 116, 117, 118, 119]",False,False,NONZERO_TIMESHIFT_RELATIVE_TO_PR134_R0;B0_START_SITE_ABSENT_COMPLETE_PR134_DOMAIN
9020462,AIDC05,AIDC05,2,113,1,3,"[113, 114, 115, 116, 117, 118, 119]",False,False,NONZERO_TIMESHIFT_RELATIVE_TO_PR134_R0;B0_START_SITE_ABSENT_COMPLETE_PR134_DOMAIN
9020463,AIDC05,AIDC06,2,113,1,3,"[113, 114, 115, 116, 117, 118, 119]",False,False,NONZERO_PRESTART_RELOCATION_RELATIVE_TO_PR134_R0;NONZERO_TIMESHIFT_RELATIVE_TO_PR134_R0;B0_START_SITE_ABSENT_COMPLETE_PR134_DOMAIN
9020464,AIDC05,AIDC06,2,113,1,3,"[113, 114, 115, 116, 117, 118, 119]",False,False,NONZERO_PRESTART_RELOCATION_RELATIVE_TO_PR134_R0;NONZERO_TIMESHIFT_RELATIVE_TO_PR134_R0;B0_START_SITE_ABSENT_COMPLETE_PR134_DOMAIN
9020465,AIDC05,AIDC06,2,113,1,3,"[113, 114, 115, 116, 117, 118, 119]",False,False,NONZERO_PRESTART_RELOCATION_RELATIVE_TO_PR134_R0;NONZERO_TIMESHIFT_RELATIVE_TO_PR134_R0;B0_START_SITE_ABSENT_COMPLETE_PR134_DOMAIN
9020466,AIDC05,AIDC06,2,113,1,3,"[113, 114, 115, 116, 117, 118, 119]",False,False,NONZERO_PRESTART_RELOCATION_RELATIVE_TO_PR134_R0;NONZERO_TIMESHIFT_RELATIVE_TO_PR134_R0;B0_START_SITE_ABSENT_COMPLETE_PR134_DOMAIN
9020467,AIDC05,AIDC06,2,113,1,3,"[113, 114, 115, 116, 117, 118, 119]",False,False,NONZERO_PRESTART_RELOCATION_RELATIVE_TO_PR134_R0;NONZERO_TIMESHIFT_RELATIVE_TO_PR134_R0;B0_START_SITE_ABSENT_COMPLETE_PR134_DOMAIN
9020468,AIDC05,AIDC06,2,113,1,3,"[113, 114, 115, 116, 117, 118, 119]",False,False,NONZERO_PRESTART_RELOCATION_RELATIVE_TO_PR134_R0;NONZERO_TIMESHIFT_RELATIVE_TO_PR134_R0;B0_START_SITE_ABSENT_COMPLETE_PR134_DOMAIN
9020469,AIDC05,AIDC06,2,113,1,3,"[113, 114, 115, 116, 117, 118, 119]",False,False,NONZERO_PRESTART_RELOCATION_RELATIVE_TO_PR134_R0;NONZERO_TIMESHIFT_RELATIVE_TO_PR134_R0;B0_START_SITE_ABSENT_COMPLETE_PR134_DOMAIN
9020470,AIDC05,AIDC06,2,113,1,3,"[113, 114, 115, 116, 117, 118, 119]",False,False,NONZERO_PRESTART_RELOCATION_RELATIVE_TO_PR134_R0;NONZERO_TIMESHIFT_RELATIVE_TO_PR134_R0;B0_START_SITE_ABSENT_COMPLETE_PR134_DOMAIN
9020471,AIDC05,AIDC06,2,113,1,3,"[113, 114, 115, 116, 117, 118, 119]",False,False,NONZERO_PRESTART_RELOCATION_RELATIVE_TO_PR134_R0;NONZERO_TIMESHIFT_RELATIVE_TO_PR134_R0;B0_START_SITE_ABSENT_COMPLETE_PR134_DOMAIN
9020472,AIDC05,AIDC06,2,113,1,3,"[113, 114, 115, 116, 117, 118, 119]",False,False,NONZERO_PRESTART_RELOCATION_RELATIVE_TO_PR134_R0;NONZERO_TIMESHIFT_RELATIVE_TO_PR134_R0;B0_START_SITE_ABSENT_COMPLETE_PR134_DOMAIN
9020473,AIDC05,AIDC06,2,113,1,3,"[113, 114, 115, 116, 117, 118, 119]",False,False,NONZERO_PRESTART_RELOCATION_RELATIVE_TO_PR134_R0;NONZERO_TIMESHIFT_RELATIVE_TO_PR134_R0;B0_START_SITE_ABSENT_COMPLETE_PR134_DOMAIN
9020474,AIDC05,AIDC06,2,113,1,3,"[113, 114, 115, 116, 117, 118, 119]",False,False,NONZERO_PRESTART_RELOCATION_RELATIVE_TO_PR134_R0;NONZERO_TIMESHIFT_RELATIVE_TO_PR134_R0;B0_START_SITE_ABSENT_COMPLETE_PR134_DOMAIN
9020475,AIDC05,AIDC06,2,113,1,3,"[113, 114, 115, 116, 117, 118, 119]",False,False,NONZERO_PRESTART_RELOCATION_RELATIVE_TO_PR134_R0;NONZERO_TIMESHIFT_RELATIVE_TO_PR134_R0;B0_START_SITE_ABSENT_COMPLETE_PR134_DOMAIN
9020476,AIDC05,AIDC06,2,113,1,3,"[113, 114, 115, 116, 117, 118, 119]",False,False,NONZERO_PRESTART_RELOCATION_RELATIVE_TO_PR134_R0;NONZERO_TIMESHIFT_RELATIVE_TO_PR134_R0;B0_START_SITE_ABSENT_COMPLETE_PR134_DOMAIN
9020477,AIDC05,AIDC06,2,113,1,3,"[113, 114, 115, 116, 117, 118, 119]",False,False,NONZERO_PRESTART_RELOCATION_RELATIVE_TO_PR134_R0;NONZERO_TIMESHIFT_RELATIVE_TO_PR134_R0;B0_START_SITE_ABSENT_COMPLETE_PR134_DOMAIN
9020478,AIDC05,AIDC06,2,113,1,3,"[113, 114, 115, 116, 117, 118, 119]",False,False,NONZERO_PRESTART_RELOCATION_RELATIVE_TO_PR134_R0;NONZERO_TIMESHIFT_RELATIVE_TO_PR134_R0;B0_START_SITE_ABSENT_COMPLETE_PR134_DOMAIN
9020479,AIDC05,AIDC06,2,113,1,3,"[113, 114, 115, 116, 117, 118, 119]",False,False,NONZERO_PRESTART_RELOCATION_RELATIVE_TO_PR134_R0;NONZERO_TIMESHIFT_RELATIVE_TO_PR134_R0;B0_START_SITE_ABSENT_COMPLETE_PR134_DOMAIN
9020480,AIDC05,AIDC06,2,113,1,3,"[113, 114, 115, 116, 117, 118, 119]",False,False,NONZERO_PRESTART_RELOCATION_RELATIVE_TO_PR134_R0;NONZERO_TIMESHIFT_RELATIVE_TO_PR134_R0;B0_START_SITE_ABSENT_COMPLETE_PR134_DOMAIN
9020481,AIDC05,AIDC06,2,113,1,3,"[113, 114, 115, 116, 117, 118, 119]",False,False,NONZERO_PRESTART_RELOCATION_RELATIVE_TO_PR134_R0;NONZERO_TIMESHIFT_RELATIVE_TO_PR134_R0;B0_START_SITE_ABSENT_COMPLETE_PR134_DOMAIN
9020482,AIDC05,AIDC06,2,113,1,3,"[113, 114, 115, 116, 117, 118, 119]",False,False,NONZERO_PRESTART_RELOCATION_RELATIVE_TO_PR134_R0;NONZERO_TIMESHIFT_RELATIVE_TO_PR134_R0;B0_START_SITE_ABSENT_COMPLETE_PR134_DOMAIN
9020483,AIDC05,AIDC06,2,113,1,3,"[113, 114, 115, 116, 117, 118, 119]",False,False,NONZERO_PRESTART_RELOCATION_RELATIVE_TO_PR134_R0;NONZERO_TIMESHIFT_RELATIVE_TO_PR134_R0;B0_START_SITE_ABSENT_COMPLETE_PR134_DOMAIN
9020484,AIDC05,AIDC06,2,113,1,3,"[113, 114, 115, 116, 117, 118, 119]",False,False,NONZERO_PRESTART_RELOCATION_RELATIVE_TO_PR134_R0;NONZERO_TIMESHIFT_RELATIVE_TO_PR134_R0;B0_START_SITE_ABSENT_COMPLETE_PR134_DOMAIN
9020485,AIDC05,AIDC06,2,113,1,3,"[113, 114, 115, 116, 117, 118, 119]",False,False,NONZERO_PRESTART_RELOCATION_RELATIVE_TO_PR134_R0;NONZERO_TIMESHIFT_RELATIVE_TO_PR134_R0;B0_START_SITE_ABSENT_COMPLETE_PR134_DOMAIN
9020486,AIDC05,AIDC06,2,113,1,3,"[113, 114, 115, 116, 117, 118, 119]",False,False,NONZERO_PRESTART_RELOCATION_RELATIVE_TO_PR134_R0;NONZERO_TIMESHIFT_RELATIVE_TO_PR134_R0;B0_START_SITE_ABSENT_COMPLETE_PR134_DOMAIN
9020487,AIDC05,AIDC06,2,113,1,3,"[113, 114, 115, 116, 117, 118, 119]",False,False,NONZERO_PRESTART_RELOCATION_RELATIVE_TO_PR134_R0;NONZERO_TIMESHIFT_RELATIVE_TO_PR134_R0;B0_START_SITE_ABSENT_COMPLETE_PR134_DOMAIN
9020488,AIDC05,AIDC06,2,113,1,3,"[113, 114, 115, 116, 117, 118, 119]",False,False,NONZERO_PRESTART_RELOCATION_RELATIVE_TO_PR134_R0;NONZERO_TIMESHIFT_RELATIVE_TO_PR134_R0;B0_START_SITE_ABSENT_COMPLETE_PR134_DOMAIN
9020489,AIDC05,AIDC06,2,113,1,3,"[113, 114, 115, 116, 117, 118, 119]",False,False,NONZERO_PRESTART_RELOCATION_RELATIVE_TO_PR134_R0;NONZERO_TIMESHIFT_RELATIVE_TO_PR134_R0;B0_START_SITE_ABSENT_COMPLETE_PR134_DOMAIN
9020490,AIDC05,AIDC06,2,113,1,3,"[113, 114, 115, 116, 117, 118, 119]",False,False,NONZERO_PRESTART_RELOCATION_RELATIVE_TO_PR134_R0;NONZERO_TIMESHIFT_RELATIVE_TO_PR134_R0;B0_START_SITE_ABSENT_COMPLETE_PR134_DOMAIN
9020491,AIDC05,AIDC06,2,113,1,3,"[113, 114, 115, 116, 117, 118, 119]",False,False,NONZERO_PRESTART_RELOCATION_RELATIVE_TO_PR134_R0;NONZERO_TIMESHIFT_RELATIVE_TO_PR134_R0;B0_START_SITE_ABSENT_COMPLETE_PR134_DOMAIN
9020492,AIDC05,AIDC06,2,113,1,3,"[113, 114, 115, 116, 117, 118, 119]",False,False,NONZERO_PRESTART_RELOCATION_RELATIVE_TO_PR134_R0;NONZERO_TIMESHIFT_RELATIVE_TO_PR134_R0;B0_START_SITE_ABSENT_COMPLETE_PR134_DOMAIN
9020493,AIDC05,AIDC06,2,113,1,3,"[113, 114, 115, 116, 117, 118, 119]",False,False,NONZERO_PRESTART_RELOCATION_RELATIVE_TO_PR134_R0;NONZERO_TIMESHIFT_RELATIVE_TO_PR134_R0;B0_START_SITE_ABSENT_COMPLETE_PR134_DOMAIN
9020494,AIDC05,AIDC06,2,113,1,3,"[113, 114, 115, 116, 117, 118, 119]",False,False,NONZERO_PRESTART_RELOCATION_RELATIVE_TO_PR134_R0;NONZERO_TIMESHIFT_RELATIVE_TO_PR134_R0;B0_START_SITE_ABSENT_COMPLETE_PR134_DOMAIN
9020495,AIDC05,AIDC07,2,113,1,3,"[113, 114, 115, 116, 117, 118, 119]",False,False,NONZERO_PRESTART_RELOCATION_RELATIVE_TO_PR134_R0;NONZERO_TIMESHIFT_RELATIVE_TO_PR134_R0;B0_START_SITE_ABSENT_COMPLETE_PR134_DOMAIN
9020496,AIDC05,AIDC07,2,113,1,3,"[113, 114, 115, 116, 117, 118, 119]",False,False,NONZERO_PRESTART_RELOCATION_RELATIVE_TO_PR134_R0;NONZERO_TIMESHIFT_RELATIVE_TO_PR134_R0;B0_START_SITE_ABSENT_COMPLETE_PR134_DOMAIN
9020497,AIDC05,AIDC07,2,113,1,3,"[113, 114, 115, 116, 117, 118, 119]",False,False,NONZERO_PRESTART_RELOCATION_RELATIVE_TO_PR134_R0;NONZERO_TIMESHIFT_RELATIVE_TO_PR134_R0;B0_START_SITE_ABSENT_COMPLETE_PR134_DOMAIN
9020498,AIDC05,AIDC07,2,113,1,3,"[113, 114, 115, 116, 117, 118, 119]",False,False,NONZERO_PRESTART_RELOCATION_RELATIVE_TO_PR134_R0;NONZERO_TIMESHIFT_RELATIVE_TO_PR134_R0;B0_START_SITE_ABSENT_COMPLETE_PR134_DOMAIN
9020499,AIDC05,AIDC07,2,113,1,3,"[113, 114, 115, 116, 117, 118, 119]",False,False,NONZERO_PRESTART_RELOCATION_RELATIVE_TO_PR134_R0;NONZERO_TIMESHIFT_RELATIVE_TO_PR134_R0;B0_START_SITE_ABSENT_COMPLETE_PR134_DOMAIN
9020500,AIDC05,AIDC07,2,113,1,3,"[113, 114, 115, 116, 117, 118, 119]",False,False,NONZERO_PRESTART_RELOCATION_RELATIVE_TO_PR134_R0;NONZERO_TIMESHIFT_RELATIVE_TO_PR134_R0;B0_START_SITE_ABSENT_COMPLETE_PR134_DOMAIN
9020501,AIDC05,AIDC07,2,113,1,3,"[113, 114, 115, 116, 117, 118, 119]",False,False,NONZERO_PRESTART_RELOCATION_RELATIVE_TO_PR134_R0;NONZERO_TIMESHIFT_RELATIVE_TO_PR134_R0;B0_START_SITE_ABSENT_COMPLETE_PR134_DOMAIN
9020502,AIDC05,AIDC07,2,113,1,3,"[113, 114, 115, 116, 117, 118, 119]",False,False,NONZERO_PRESTART_RELOCATION_RELATIVE_TO_PR134_R0;NONZERO_TIMESHIFT_RELATIVE_TO_PR134_R0;B0_START_SITE_ABSENT_COMPLETE_PR134_DOMAIN
9020503,AIDC05,AIDC08,2,113,1,3,"[113, 114, 115, 116, 117, 118, 119]",False,False,NONZERO_PRESTART_RELOCATION_RELATIVE_TO_PR134_R0;NONZERO_TIMESHIFT_RELATIVE_TO_PR134_R0;B0_START_SITE_ABSENT_COMPLETE_PR134_DOMAIN
9020504,AIDC05,AIDC08,2,113,1,3,"[113, 114, 115, 116, 117, 118, 119]",False,False,NONZERO_PRESTART_RELOCATION_RELATIVE_TO_PR134_R0;NONZERO_TIMESHIFT_RELATIVE_TO_PR134_R0;B0_START_SITE_ABSENT_COMPLETE_PR134_DOMAIN
9020505,AIDC05,AIDC08,2,113,1,3,"[113, 114, 115, 116, 117, 118, 119]",False,False,NONZERO_PRESTART_RELOCATION_RELATIVE_TO_PR134_R0;NONZERO_TIMESHIFT_RELATIVE_TO_PR134_R0;B0_START_SITE_ABSENT_COMPLETE_PR134_DOMAIN
9020506,AIDC05,AIDC08,2,113,1,3,"[113, 114, 115, 116, 117, 118, 119]",False,False,NONZERO_PRESTART_RELOCATION_RELATIVE_TO_PR134_R0;NONZERO_TIMESHIFT_RELATIVE_TO_PR134_R0;B0_START_SITE_ABSENT_COMPLETE_PR134_DOMAIN
9020507,AIDC05,AIDC08,2,113,1,3,"[113, 114, 115, 116, 117, 118, 119]",False,False,NONZERO_PRESTART_RELOCATION_RELATIVE_TO_PR134_R0;NONZERO_TIMESHIFT_RELATIVE_TO_PR134_R0;B0_START_SITE_ABSENT_COMPLETE_PR134_DOMAIN
9020508,AIDC05,AIDC08,2,113,1,3,"[113, 114, 115, 116, 117, 118, 119]",False,False,NONZERO_PRESTART_RELOCATION_RELATIVE_TO_PR134_R0;NONZERO_TIMESHIFT_RELATIVE_TO_PR134_R0;B0_START_SITE_ABSENT_COMPLETE_PR134_DOMAIN
9020509,AIDC05,AIDC08,2,113,1,3,"[113, 114, 115, 116, 117, 118, 119]",False,False,NONZERO_PRESTART_RELOCATION_RELATIVE_TO_PR134_R0;NONZERO_TIMESHIFT_RELATIVE_TO_PR134_R0;B0_START_SITE_ABSENT_COMPLETE_PR134_DOMAIN
9020510,AIDC05,AIDC08,2,113,1,3,"[113, 114, 115, 116, 117, 118, 119]",False,False,NONZERO_PRESTART_RELOCATION_RELATIVE_TO_PR134_R0;NONZERO_TIMESHIFT_RELATIVE_TO_PR134_R0;B0_START_SITE_ABSENT_COMPLETE_PR134_DOMAIN
9020511,AIDC05,AIDC08,2,113,1,3,"[113, 114, 115, 116, 117, 118, 119]",False,False,NONZERO_PRESTART_RELOCATION_RELATIVE_TO_PR134_R0;NONZERO_TIMESHIFT_RELATIVE_TO_PR134_R0;B0_START_SITE_ABSENT_COMPLETE_PR134_DOMAIN
9020512,AIDC05,AIDC08,2,113,1,3,"[113, 114, 115, 116, 117, 118, 119]",False,False,NONZERO_PRESTART_RELOCATION_RELATIVE_TO_PR134_R0;NONZERO_TIMESHIFT_RELATIVE_TO_PR134_R0;B0_START_SITE_ABSENT_COMPLETE_PR134_DOMAIN
9020513,AIDC05,AIDC08,2,113,1,3,"[113, 114, 115, 116, 117, 118, 119]",False,False,NONZERO_PRESTART_RELOCATION_RELATIVE_TO_PR134_R0;NONZERO_TIMESHIFT_RELATIVE_TO_PR134_R0;B0_START_SITE_ABSENT_COMPLETE_PR134_DOMAIN
9020514,AIDC05,AIDC08,2,113,1,3,"[113, 114, 115, 116, 117, 118, 119]",False,False,NONZERO_PRESTART_RELOCATION_RELATIVE_TO_PR134_R0;NONZERO_TIMESHIFT_RELATIVE_TO_PR134_R0;B0_START_SITE_ABSENT_COMPLETE_PR134_DOMAIN
9020515,AIDC05,AIDC08,2,113,1,3,"[113, 114, 115, 116, 117, 118, 119]",False,False,NONZERO_PRESTART_RELOCATION_RELATIVE_TO_PR134_R0;NONZERO_TIMESHIFT_RELATIVE_TO_PR134_R0;B0_START_SITE_ABSENT_COMPLETE_PR134_DOMAIN
9020516,AIDC05,AIDC08,2,113,1,3,"[113, 114, 115, 116, 117, 118, 119]",False,False,NONZERO_PRESTART_RELOCATION_RELATIVE_TO_PR134_R0;NONZERO_TIMESHIFT_RELATIVE_TO_PR134_R0;B0_START_SITE_ABSENT_COMPLETE_PR134_DOMAIN
9020517,AIDC06,AIDC08,2,113,1,3,"[113, 114, 115, 116, 117, 118, 119]",False,False,NONZERO_PRESTART_RELOCATION_RELATIVE_TO_PR134_R0;NONZERO_TIMESHIFT_RELATIVE_TO_PR134_R0;B0_START_SITE_ABSENT_COMPLETE_PR134_DOMAIN
9020518,AIDC06,AIDC08,2,113,1,3,"[113, 114, 115, 116, 117, 118, 119]",False,False,NONZERO_PRESTART_RELOCATION_RELATIVE_TO_PR134_R0;NONZERO_TIMESHIFT_RELATIVE_TO_PR134_R0;B0_START_SITE_ABSENT_COMPLETE_PR134_DOMAIN
9020519,AIDC06,AIDC08,2,113,1,3,"[113, 114, 115, 116, 117, 118, 119]",False,False,NONZERO_PRESTART_RELOCATION_RELATIVE_TO_PR134_R0;NONZERO_TIMESHIFT_RELATIVE_TO_PR134_R0;B0_START_SITE_ABSENT_COMPLETE_PR134_DOMAIN
9020520,AIDC06,AIDC08,2,113,1,3,"[113, 114, 115, 116, 117, 118, 119]",False,False,NONZERO_PRESTART_RELOCATION_RELATIVE_TO_PR134_R0;NONZERO_TIMESHIFT_RELATIVE_TO_PR134_R0;B0_START_SITE_ABSENT_COMPLETE_PR134_DOMAIN
9020521,AIDC06,AIDC08,2,113,1,3,"[113, 114, 115, 116, 117, 118, 119]",False,False,NONZERO_PRESTART_RELOCATION_RELATIVE_TO_PR134_R0;NONZERO_TIMESHIFT_RELATIVE_TO_PR134_R0;B0_START_SITE_ABSENT_COMPLETE_PR134_DOMAIN
9020522,AIDC06,AIDC08,2,113,1,3,"[113, 114, 115, 116, 117, 118, 119]",False,False,NONZERO_PRESTART_RELOCATION_RELATIVE_TO_PR134_R0;NONZERO_TIMESHIFT_RELATIVE_TO_PR134_R0;B0_START_SITE_ABSENT_COMPLETE_PR134_DOMAIN
9020523,AIDC06,AIDC08,2,113,1,3,"[113, 114, 115, 116, 117, 118, 119]",False,False,NONZERO_PRESTART_RELOCATION_RELATIVE_TO_PR134_R0;NONZERO_TIMESHIFT_RELATIVE_TO_PR134_R0;B0_START_SITE_ABSENT_COMPLETE_PR134_DOMAIN
9020524,AIDC06,AIDC08,2,113,1,3,"[113, 114, 115, 116, 117, 118, 119]",False,False,NONZERO_PRESTART_RELOCATION_RELATIVE_TO_PR134_R0;NONZERO_TIMESHIFT_RELATIVE_TO_PR134_R0;B0_START_SITE_ABSENT_COMPLETE_PR134_DOMAIN
9020525,AIDC06,AIDC08,2,113,1,3,"[113, 114, 115, 116, 117, 118, 119]",False,False,NONZERO_PRESTART_RELOCATION_RELATIVE_TO_PR134_R0;NONZERO_TIMESHIFT_RELATIVE_TO_PR134_R0;B0_START_SITE_ABSENT_COMPLETE_PR134_DOMAIN
9020526,AIDC06,AIDC08,2,113,1,3,"[113, 114, 115, 116, 117, 118, 119]",False,False,NONZERO_PRESTART_RELOCATION_RELATIVE_TO_PR134_R0;NONZERO_TIMESHIFT_RELATIVE_TO_PR134_R0;B0_START_SITE_ABSENT_COMPLETE_PR134_DOMAIN
9020527,AIDC06,AIDC08,2,113,1,3,"[113, 114, 115, 116, 117, 118, 119]",False,False,NONZERO_PRESTART_RELOCATION_RELATIVE_TO_PR134_R0;NONZERO_TIMESHIFT_RELATIVE_TO_PR134_R0;B0_START_SITE_ABSENT_COMPLETE_PR134_DOMAIN
9020528,AIDC06,AIDC08,2,113,1,3,"[113, 114, 115, 116, 117, 118, 119]",False,False,NONZERO_PRESTART_RELOCATION_RELATIVE_TO_PR134_R0;NONZERO_TIMESHIFT_RELATIVE_TO_PR134_R0;B0_START_SITE_ABSENT_COMPLETE_PR134_DOMAIN
9020529,AIDC06,AIDC08,2,113,1,3,"[113, 114, 115, 116, 117, 118, 119]",False,False,NONZERO_PRESTART_RELOCATION_RELATIVE_TO_PR134_R0;NONZERO_TIMESHIFT_RELATIVE_TO_PR134_R0;B0_START_SITE_ABSENT_COMPLETE_PR134_DOMAIN
9020530,AIDC06,AIDC08,2,113,1,3,"[113, 114, 115, 116, 117, 118, 119]",False,False,NONZERO_PRESTART_RELOCATION_RELATIVE_TO_PR134_R0;NONZERO_TIMESHIFT_RELATIVE_TO_PR134_R0;B0_START_SITE_ABSENT_COMPLETE_PR134_DOMAIN
9020531,AIDC06,AIDC08,2,113,1,3,"[113, 114, 115, 116, 117, 118, 119]",False,False,NONZERO_PRESTART_RELOCATION_RELATIVE_TO_PR134_R0;NONZERO_TIMESHIFT_RELATIVE_TO_PR134_R0;B0_START_SITE_ABSENT_COMPLETE_PR134_DOMAIN
9020532,AIDC06,AIDC08,2,113,1,3,"[113, 114, 115, 116, 117, 118, 119]",False,False,NONZERO_PRESTART_RELOCATION_RELATIVE_TO_PR134_R0;NONZERO_TIMESHIFT_RELATIVE_TO_PR134_R0;B0_START_SITE_ABSENT_COMPLETE_PR134_DOMAIN
9020533,AIDC06,AIDC08,2,113,1,3,"[113, 114, 115, 116, 117, 118, 119]",False,False,NONZERO_PRESTART_RELOCATION_RELATIVE_TO_PR134_R0;NONZERO_TIMESHIFT_RELATIVE_TO_PR134_R0;B0_START_SITE_ABSENT_COMPLETE_PR134_DOMAIN
9020534,AIDC06,AIDC08,2,113,1,3,"[113, 114, 115, 116, 117, 118, 119]",False,False,NONZERO_PRESTART_RELOCATION_RELATIVE_TO_PR134_R0;NONZERO_TIMESHIFT_RELATIVE_TO_PR134_R0;B0_START_SITE_ABSENT_COMPLETE_PR134_DOMAIN
9020535,AIDC06,AIDC08,2,113,1,3,"[113, 114, 115, 116, 117, 118, 119]",False,False,NONZERO_PRESTART_RELOCATION_RELATIVE_TO_PR134_R0;NONZERO_TIMESHIFT_RELATIVE_TO_PR134_R0;B0_START_SITE_ABSENT_COMPLETE_PR134_DOMAIN
9020536,AIDC06,AIDC08,2,113,1,3,"[113, 114, 115, 116, 117, 118, 119]",False,False,NONZERO_PRESTART_RELOCATION_RELATIVE_TO_PR134_R0;NONZERO_TIMESHIFT_RELATIVE_TO_PR134_R0;B0_START_SITE_ABSENT_COMPLETE_PR134_DOMAIN
9020537,AIDC06,AIDC08,2,113,1,3,"[113, 114, 115, 116, 117, 118, 119]",False,False,NONZERO_PRESTART_RELOCATION_RELATIVE_TO_PR134_R0;NONZERO_TIMESHIFT_RELATIVE_TO_PR134_R0;B0_START_SITE_ABSENT_COMPLETE_PR134_DOMAIN
9020538,AIDC06,AIDC08,2,113,1,3,"[113, 114, 115, 116, 117, 118, 119]",False,False,NONZERO_PRESTART_RELOCATION_RELATIVE_TO_PR134_R0;NONZERO_TIMESHIFT_RELATIVE_TO_PR134_R0;B0_START_SITE_ABSENT_COMPLETE_PR134_DOMAIN
9020539,AIDC06,AIDC08,2,113,1,3,"[113, 114, 115, 116, 117, 118, 119]",False,False,NONZERO_PRESTART_RELOCATION_RELATIVE_TO_PR134_R0;NONZERO_TIMESHIFT_RELATIVE_TO_PR134_R0;B0_START_SITE_ABSENT_COMPLETE_PR134_DOMAIN
9020540,AIDC06,AIDC08,2,113,1,3,"[113, 114, 115, 116, 117, 118, 119]",False,False,NONZERO_PRESTART_RELOCATION_RELATIVE_TO_PR134_R0;NONZERO_TIMESHIFT_RELATIVE_TO_PR134_R0;B0_START_SITE_ABSENT_COMPLETE_PR134_DOMAIN
9020541,AIDC06,AIDC08,2,113,1,3,"[113, 114, 115, 116, 117, 118, 119]",False,False,NONZERO_PRESTART_RELOCATION_RELATIVE_TO_PR134_R0;NONZERO_TIMESHIFT_RELATIVE_TO_PR134_R0;B0_START_SITE_ABSENT_COMPLETE_PR134_DOMAIN
9020542,AIDC06,AIDC08,2,113,1,3,"[113, 114, 115, 116, 117, 118, 119]",False,False,NONZERO_PRESTART_RELOCATION_RELATIVE_TO_PR134_R0;NONZERO_TIMESHIFT_RELATIVE_TO_PR134_R0;B0_START_SITE_ABSENT_COMPLETE_PR134_DOMAIN
9020543,AIDC06,AIDC08,2,113,1,3,"[113, 114, 115, 116, 117, 118, 119]",False,False,NONZERO_PRESTART_RELOCATION_RELATIVE_TO_PR134_R0;NONZERO_TIMESHIFT_RELATIVE_TO_PR134_R0;B0_START_SITE_ABSENT_COMPLETE_PR134_DOMAIN
9020544,AIDC06,AIDC08,2,113,1,3,"[113, 114, 115, 116, 117, 118, 119]",False,False,NONZERO_PRESTART_RELOCATION_RELATIVE_TO_PR134_R0;NONZERO_TIMESHIFT_RELATIVE_TO_PR134_R0;B0_START_SITE_ABSENT_COMPLETE_PR134_DOMAIN
9020545,AIDC06,AIDC08,2,113,1,3,"[113, 114, 115, 116, 117, 118, 119]",False,False,NONZERO_PRESTART_RELOCATION_RELATIVE_TO_PR134_R0;NONZERO_TIMESHIFT_RELATIVE_TO_PR134_R0;B0_START_SITE_ABSENT_COMPLETE_PR134_DOMAIN
9020546,AIDC06,AIDC08,2,113,1,3,"[113, 114, 115, 116, 117, 118, 119]",False,False,NONZERO_PRESTART_RELOCATION_RELATIVE_TO_PR134_R0;NONZERO_TIMESHIFT_RELATIVE_TO_PR134_R0;B0_START_SITE_ABSENT_COMPLETE_PR134_DOMAIN
9020547,AIDC06,AIDC08,2,113,1,3,"[113, 114, 115, 116, 117, 118, 119]",False,False,NONZERO_PRESTART_RELOCATION_RELATIVE_TO_PR134_R0;NONZERO_TIMESHIFT_RELATIVE_TO_PR134_R0;B0_START_SITE_ABSENT_COMPLETE_PR134_DOMAIN
9020548,AIDC06,AIDC08,2,113,1,3,"[113, 114, 115, 116, 117, 118, 119]",False,False,NONZERO_PRESTART_RELOCATION_RELATIVE_TO_PR134_R0;NONZERO_TIMESHIFT_RELATIVE_TO_PR134_R0;B0_START_SITE_ABSENT_COMPLETE_PR134_DOMAIN
9020549,AIDC06,AIDC08,2,113,1,3,"[113, 114, 115, 116, 117, 118, 119]",False,False,NONZERO_PRESTART_RELOCATION_RELATIVE_TO_PR134_R0;NONZERO_TIMESHIFT_RELATIVE_TO_PR134_R0;B0_START_SITE_ABSENT_COMPLETE_PR134_DOMAIN
9020550,AIDC06,AIDC08,2,113,1,3,"[113, 114, 115, 116, 117, 118, 119]",False,False,NONZERO_PRESTART_RELOCATION_RELATIVE_TO_PR134_R0;NONZERO_TIMESHIFT_RELATIVE_TO_PR134_R0;B0_START_SITE_ABSENT_COMPLETE_PR134_DOMAIN
9020551,AIDC06,AIDC08,2,113,1,3,"[113, 114, 115, 116, 117, 118, 119]",False,False,NONZERO_PRESTART_RELOCATION_RELATIVE_TO_PR134_R0;NONZERO_TIMESHIFT_RELATIVE_TO_PR134_R0;B0_START_SITE_ABSENT_COMPLETE_PR134_DOMAIN
9020552,AIDC06,AIDC08,2,113,1,3,"[113, 114, 115, 116, 117, 118, 119]",False,False,NONZERO_PRESTART_RELOCATION_RELATIVE_TO_PR134_R0;NONZERO_TIMESHIFT_RELATIVE_TO_PR134_R0;B0_START_SITE_ABSENT_COMPLETE_PR134_DOMAIN
9020553,AIDC06,AIDC08,2,113,1,3,"[113, 114, 115, 116, 117, 118, 119]",False,False,NONZERO_PRESTART_RELOCATION_RELATIVE_TO_PR134_R0;NONZERO_TIMESHIFT_RELATIVE_TO_PR134_R0;B0_START_SITE_ABSENT_COMPLETE_PR134_DOMAIN
9020554,AIDC06,AIDC08,2,113,1,3,"[113, 114, 115, 116, 117, 118, 119]",False,False,NONZERO_PRESTART_RELOCATION_RELATIVE_TO_PR134_R0;NONZERO_TIMESHIFT_RELATIVE_TO_PR134_R0;B0_START_SITE_ABSENT_COMPLETE_PR134_DOMAIN
9020555,AIDC06,AIDC08,2,113,1,3,"[113, 114, 115, 116, 117, 118, 119]",False,False,NONZERO_PRESTART_RELOCATION_RELATIVE_TO_PR134_R0;NONZERO_TIMESHIFT_RELATIVE_TO_PR134_R0;B0_START_SITE_ABSENT_COMPLETE_PR134_DOMAIN
9020556,AIDC06,AIDC08,2,113,1,3,"[113, 114, 115, 116, 117, 118, 119]",False,False,NONZERO_PRESTART_RELOCATION_RELATIVE_TO_PR134_R0;NONZERO_TIMESHIFT_RELATIVE_TO_PR134_R0;B0_START_SITE_ABSENT_COMPLETE_PR134_DOMAIN
9020557,AIDC06,AIDC08,2,113,1,3,"[113, 114, 115, 116, 117, 118, 119]",False,False,NONZERO_PRESTART_RELOCATION_RELATIVE_TO_PR134_R0;NONZERO_TIMESHIFT_RELATIVE_TO_PR134_R0;B0_START_SITE_ABSENT_COMPLETE_PR134_DOMAIN
9020558,AIDC06,AIDC08,2,113,1,3,"[113, 114, 115, 116, 117, 118, 119]",False,False,NONZERO_PRESTART_RELOCATION_RELATIVE_TO_PR134_R0;NONZERO_TIMESHIFT_RELATIVE_TO_PR134_R0;B0_START_SITE_ABSENT_COMPLETE_PR134_DOMAIN
9020559,AIDC06,AIDC08,2,113,1,3,"[113, 114, 115, 116, 117, 118, 119]",False,False,NONZERO_PRESTART_RELOCATION_RELATIVE_TO_PR134_R0;NONZERO_TIMESHIFT_RELATIVE_TO_PR134_R0;B0_START_SITE_ABSENT_COMPLETE_PR134_DOMAIN
9020560,AIDC06,AIDC08,2,113,1,3,"[113, 114, 115, 116, 117, 118, 119]",False,False,NONZERO_PRESTART_RELOCATION_RELATIVE_TO_PR134_R0;NONZERO_TIMESHIFT_RELATIVE_TO_PR134_R0;B0_START_SITE_ABSENT_COMPLETE_PR134_DOMAIN
9020561,AIDC06,AIDC08,2,113,1,3,"[113, 114, 115, 116, 117, 118, 119]",False,False,NONZERO_PRESTART_RELOCATION_RELATIVE_TO_PR134_R0;NONZERO_TIMESHIFT_RELATIVE_TO_PR134_R0;B0_START_SITE_ABSENT_COMPLETE_PR134_DOMAIN
9020562,AIDC06,AIDC08,2,113,1,3,"[113, 114, 115, 116, 117, 118, 119]",False,False,NONZERO_PRESTART_RELOCATION_RELATIVE_TO_PR134_R0;NONZERO_TIMESHIFT_RELATIVE_TO_PR134_R0;B0_START_SITE_ABSENT_COMPLETE_PR134_DOMAIN
9020563,AIDC06,AIDC08,2,113,1,3,"[113, 114, 115, 116, 117, 118, 119]",False,False,NONZERO_PRESTART_RELOCATION_RELATIVE_TO_PR134_R0;NONZERO_TIMESHIFT_RELATIVE_TO_PR134_R0;B0_START_SITE_ABSENT_COMPLETE_PR134_DOMAIN
9020564,AIDC06,AIDC08,2,113,1,3,"[113, 114, 115, 116, 117, 118, 119]",False,False,NONZERO_PRESTART_RELOCATION_RELATIVE_TO_PR134_R0;NONZERO_TIMESHIFT_RELATIVE_TO_PR134_R0;B0_START_SITE_ABSENT_COMPLETE_PR134_DOMAIN
9020565,AIDC06,AIDC08,2,113,1,3,"[113, 114, 115, 116, 117, 118, 119]",False,False,NONZERO_PRESTART_RELOCATION_RELATIVE_TO_PR134_R0;NONZERO_TIMESHIFT_RELATIVE_TO_PR134_R0;B0_START_SITE_ABSENT_COMPLETE_PR134_DOMAIN
9020566,AIDC06,AIDC08,2,113,1,3,"[113, 114, 115, 116, 117, 118, 119]",False,False,NONZERO_PRESTART_RELOCATION_RELATIVE_TO_PR134_R0;NONZERO_TIMESHIFT_RELATIVE_TO_PR134_R0;B0_START_SITE_ABSENT_COMPLETE_PR134_DOMAIN
9020567,AIDC06,AIDC08,2,113,1,3,"[113, 114, 115, 116, 117, 118, 119]",False,False,NONZERO_PRESTART_RELOCATION_RELATIVE_TO_PR134_R0;NONZERO_TIMESHIFT_RELATIVE_TO_PR134_R0;B0_START_SITE_ABSENT_COMPLETE_PR134_DOMAIN
9020568,AIDC06,AIDC08,2,113,1,3,"[113, 114, 115, 116, 117, 118, 119]",False,False,NONZERO_PRESTART_RELOCATION_RELATIVE_TO_PR134_R0;NONZERO_TIMESHIFT_RELATIVE_TO_PR134_R0;B0_START_SITE_ABSENT_COMPLETE_PR134_DOMAIN
9020569,AIDC06,AIDC08,2,113,1,3,"[113, 114, 115, 116, 117, 118, 119]",False,False,NONZERO_PRESTART_RELOCATION_RELATIVE_TO_PR134_R0;NONZERO_TIMESHIFT_RELATIVE_TO_PR134_R0;B0_START_SITE_ABSENT_COMPLETE_PR134_DOMAIN
9020570,AIDC06,AIDC08,2,113,1,3,"[113, 114, 115, 116, 117, 118, 119]",False,False,NONZERO_PRESTART_RELOCATION_RELATIVE_TO_PR134_R0;NONZERO_TIMESHIFT_RELATIVE_TO_PR134_R0;B0_START_SITE_ABSENT_COMPLETE_PR134_DOMAIN
9020571,AIDC06,AIDC08,2,113,1,3,"[113, 114, 115, 116, 117, 118, 119]",False,False,NONZERO_PRESTART_RELOCATION_RELATIVE_TO_PR134_R0;NONZERO_TIMESHIFT_RELATIVE_TO_PR134_R0;B0_START_SITE_ABSENT_COMPLETE_PR134_DOMAIN
9020572,AIDC06,AIDC08,2,113,1,3,"[113, 114, 115, 116, 117, 118, 119]",False,False,NONZERO_PRESTART_RELOCATION_RELATIVE_TO_PR134_R0;NONZERO_TIMESHIFT_RELATIVE_TO_PR134_R0;B0_START_SITE_ABSENT_COMPLETE_PR134_DOMAIN
9020573,AIDC08,AIDC08,2,113,1,3,"[113, 114, 115, 116, 117, 118, 119]",False,False,NONZERO_TIMESHIFT_RELATIVE_TO_PR134_R0;B0_START_SITE_ABSENT_COMPLETE_PR134_DOMAIN
9020574,AIDC08,AIDC08,2,113,1,3,"[113, 114, 115, 116, 117, 118, 119]",False,False,NONZERO_TIMESHIFT_RELATIVE_TO_PR134_R0;B0_START_SITE_ABSENT_COMPLETE_PR134_DOMAIN
9020575,AIDC08,AIDC09,2,113,1,3,"[113, 114, 115, 116, 117, 118, 119]",False,False,NONZERO_PRESTART_RELOCATION_RELATIVE_TO_PR134_R0;NONZERO_TIMESHIFT_RELATIVE_TO_PR134_R0;B0_START_SITE_ABSENT_COMPLETE_PR134_DOMAIN
9020576,AIDC08,AIDC09,2,113,1,3,"[113, 114, 115, 116, 117, 118, 119]",False,False,NONZERO_PRESTART_RELOCATION_RELATIVE_TO_PR134_R0;NONZERO_TIMESHIFT_RELATIVE_TO_PR134_R0;B0_START_SITE_ABSENT_COMPLETE_PR134_DOMAIN
9020577,AIDC08,AIDC09,2,113,1,3,"[113, 114, 115, 116, 117, 118, 119]",False,False,NONZERO_PRESTART_RELOCATION_RELATIVE_TO_PR134_R0;NONZERO_TIMESHIFT_RELATIVE_TO_PR134_R0;B0_START_SITE_ABSENT_COMPLETE_PR134_DOMAIN
9020578,AIDC08,AIDC09,2,113,1,3,"[113, 114, 115, 116, 117, 118, 119]",False,False,NONZERO_PRESTART_RELOCATION_RELATIVE_TO_PR134_R0;NONZERO_TIMESHIFT_RELATIVE_TO_PR134_R0;B0_START_SITE_ABSENT_COMPLETE_PR134_DOMAIN
9020579,AIDC08,AIDC09,2,113,1,3,"[113, 114, 115, 116, 117, 118, 119]",False,False,NONZERO_PRESTART_RELOCATION_RELATIVE_TO_PR134_R0;NONZERO_TIMESHIFT_RELATIVE_TO_PR134_R0;B0_START_SITE_ABSENT_COMPLETE_PR134_DOMAIN
9020580,AIDC08,AIDC09,2,113,1,3,"[113, 114, 115, 116, 117, 118, 119]",False,False,NONZERO_PRESTART_RELOCATION_RELATIVE_TO_PR134_R0;NONZERO_TIMESHIFT_RELATIVE_TO_PR134_R0;B0_START_SITE_ABSENT_COMPLETE_PR134_DOMAIN
9020581,AIDC08,AIDC09,2,113,1,3,"[113, 114, 115, 116, 117, 118, 119]",False,False,NONZERO_PRESTART_RELOCATION_RELATIVE_TO_PR134_R0;NONZERO_TIMESHIFT_RELATIVE_TO_PR134_R0;B0_START_SITE_ABSENT_COMPLETE_PR134_DOMAIN
9020582,AIDC08,AIDC09,2,113,1,3,"[113, 114, 115, 116, 117, 118, 119]",False,False,NONZERO_PRESTART_RELOCATION_RELATIVE_TO_PR134_R0;NONZERO_TIMESHIFT_RELATIVE_TO_PR134_R0;B0_START_SITE_ABSENT_COMPLETE_PR134_DOMAIN
9020583,AIDC08,AIDC10,3,113,1,3,"[113, 114, 115, 116, 117, 118, 119]",False,False,NONZERO_PRESTART_RELOCATION_RELATIVE_TO_PR134_R0;NONZERO_TIMESHIFT_RELATIVE_TO_PR134_R0;B0_START_SITE_ABSENT_COMPLETE_PR134_DOMAIN
9020584,AIDC08,AIDC10,3,113,1,3,"[113, 114, 115, 116, 117, 118, 119]",False,False,NONZERO_PRESTART_RELOCATION_RELATIVE_TO_PR134_R0;NONZERO_TIMESHIFT_RELATIVE_TO_PR134_R0;B0_START_SITE_ABSENT_COMPLETE_PR134_DOMAIN
9020585,AIDC08,AIDC10,3,113,1,3,"[113, 114, 115, 116, 117, 118, 119]",False,False,NONZERO_PRESTART_RELOCATION_RELATIVE_TO_PR134_R0;NONZERO_TIMESHIFT_RELATIVE_TO_PR134_R0;B0_START_SITE_ABSENT_COMPLETE_PR134_DOMAIN
9020586,AIDC08,AIDC10,3,113,1,3,"[113, 114, 115, 116, 117, 118, 119]",False,False,NONZERO_PRESTART_RELOCATION_RELATIVE_TO_PR134_R0;NONZERO_TIMESHIFT_RELATIVE_TO_PR134_R0;B0_START_SITE_ABSENT_COMPLETE_PR134_DOMAIN
9020587,AIDC08,AIDC10,3,113,1,3,"[113, 114, 115, 116, 117, 118, 119]",False,False,NONZERO_PRESTART_RELOCATION_RELATIVE_TO_PR134_R0;NONZERO_TIMESHIFT_RELATIVE_TO_PR134_R0;B0_START_SITE_ABSENT_COMPLETE_PR134_DOMAIN
9020588,AIDC08,AIDC10,3,113,1,3,"[113, 114, 115, 116, 117, 118, 119]",False,False,NONZERO_PRESTART_RELOCATION_RELATIVE_TO_PR134_R0;NONZERO_TIMESHIFT_RELATIVE_TO_PR134_R0;B0_START_SITE_ABSENT_COMPLETE_PR134_DOMAIN
9020589,AIDC08,AIDC10,3,113,1,3,"[113, 114, 115, 116, 117, 118, 119]",False,False,NONZERO_PRESTART_RELOCATION_RELATIVE_TO_PR134_R0;NONZERO_TIMESHIFT_RELATIVE_TO_PR134_R0;B0_START_SITE_ABSENT_COMPLETE_PR134_DOMAIN
9020590,AIDC08,AIDC10,3,113,1,3,"[113, 114, 115, 116, 117, 118, 119]",False,False,NONZERO_PRESTART_RELOCATION_RELATIVE_TO_PR134_R0;NONZERO_TIMESHIFT_RELATIVE_TO_PR134_R0;B0_START_SITE_ABSENT_COMPLETE_PR134_DOMAIN
9020591,AIDC08,AIDC10,3,113,1,3,"[113, 114, 115, 116, 117, 118, 119]",False,False,NONZERO_PRESTART_RELOCATION_RELATIVE_TO_PR134_R0;NONZERO_TIMESHIFT_RELATIVE_TO_PR134_R0;B0_START_SITE_ABSENT_COMPLETE_PR134_DOMAIN
9020592,AIDC08,AIDC10,3,113,1,3,"[113, 114, 115, 116, 117, 118, 119]",False,False,NONZERO_PRESTART_RELOCATION_RELATIVE_TO_PR134_R0;NONZERO_TIMESHIFT_RELATIVE_TO_PR134_R0;B0_START_SITE_ABSENT_COMPLETE_PR134_DOMAIN
9020593,AIDC08,AIDC10,3,113,1,3,"[113, 114, 115, 116, 117, 118, 119]",False,False,NONZERO_PRESTART_RELOCATION_RELATIVE_TO_PR134_R0;NONZERO_TIMESHIFT_RELATIVE_TO_PR134_R0;B0_START_SITE_ABSENT_COMPLETE_PR134_DOMAIN
9020594,AIDC08,AIDC10,3,113,1,3,"[113, 114, 115, 116, 117, 118, 119]",False,False,NONZERO_PRESTART_RELOCATION_RELATIVE_TO_PR134_R0;NONZERO_TIMESHIFT_RELATIVE_TO_PR134_R0;B0_START_SITE_ABSENT_COMPLETE_PR134_DOMAIN
9020595,AIDC08,AIDC10,3,113,1,3,"[113, 114, 115, 116, 117, 118, 119]",False,False,NONZERO_PRESTART_RELOCATION_RELATIVE_TO_PR134_R0;NONZERO_TIMESHIFT_RELATIVE_TO_PR134_R0;B0_START_SITE_ABSENT_COMPLETE_PR134_DOMAIN
9020596,AIDC08,AIDC10,3,113,1,3,"[113, 114, 115, 116, 117, 118, 119]",False,False,NONZERO_PRESTART_RELOCATION_RELATIVE_TO_PR134_R0;NONZERO_TIMESHIFT_RELATIVE_TO_PR134_R0;B0_START_SITE_ABSENT_COMPLETE_PR134_DOMAIN
9020597,AIDC08,AIDC10,3,113,1,3,"[113, 114, 115, 116, 117, 118, 119]",False,False,NONZERO_PRESTART_RELOCATION_RELATIVE_TO_PR134_R0;NONZERO_TIMESHIFT_RELATIVE_TO_PR134_R0;B0_START_SITE_ABSENT_COMPLETE_PR134_DOMAIN
9020598,AIDC08,AIDC10,3,113,1,3,"[113, 114, 115, 116, 117, 118, 119]",False,False,NONZERO_PRESTART_RELOCATION_RELATIVE_TO_PR134_R0;NONZERO_TIMESHIFT_RELATIVE_TO_PR134_R0;B0_START_SITE_ABSENT_COMPLETE_PR134_DOMAIN
9020599,AIDC08,AIDC11,3,113,1,3,"[113, 114, 115, 116, 117, 118, 119]",False,False,NONZERO_PRESTART_RELOCATION_RELATIVE_TO_PR134_R0;NONZERO_TIMESHIFT_RELATIVE_TO_PR134_R0;B0_START_SITE_ABSENT_COMPLETE_PR134_DOMAIN
9020600,AIDC08,AIDC11,3,113,1,3,"[113, 114, 115, 116, 117, 118, 119]",False,False,NONZERO_PRESTART_RELOCATION_RELATIVE_TO_PR134_R0;NONZERO_TIMESHIFT_RELATIVE_TO_PR134_R0;B0_START_SITE_ABSENT_COMPLETE_PR134_DOMAIN
9020601,AIDC08,AIDC11,3,113,1,3,"[113, 114, 115, 116, 117, 118, 119]",False,False,NONZERO_PRESTART_RELOCATION_RELATIVE_TO_PR134_R0;NONZERO_TIMESHIFT_RELATIVE_TO_PR134_R0;B0_START_SITE_ABSENT_COMPLETE_PR134_DOMAIN
9020602,AIDC08,AIDC11,3,113,1,3,"[113, 114, 115, 116, 117, 118, 119]",False,False,NONZERO_PRESTART_RELOCATION_RELATIVE_TO_PR134_R0;NONZERO_TIMESHIFT_RELATIVE_TO_PR134_R0;B0_START_SITE_ABSENT_COMPLETE_PR134_DOMAIN
9020603,AIDC08,AIDC11,3,113,1,3,"[113, 114, 115, 116, 117, 118, 119]",False,False,NONZERO_PRESTART_RELOCATION_RELATIVE_TO_PR134_R0;NONZERO_TIMESHIFT_RELATIVE_TO_PR134_R0;B0_START_SITE_ABSENT_COMPLETE_PR134_DOMAIN
9020604,AIDC08,AIDC11,3,113,1,3,"[113, 114, 115, 116, 117, 118, 119]",False,False,NONZERO_PRESTART_RELOCATION_RELATIVE_TO_PR134_R0;NONZERO_TIMESHIFT_RELATIVE_TO_PR134_R0;B0_START_SITE_ABSENT_COMPLETE_PR134_DOMAIN
9020605,AIDC08,AIDC11,3,113,1,3,"[113, 114, 115, 116, 117, 118, 119]",False,False,NONZERO_PRESTART_RELOCATION_RELATIVE_TO_PR134_R0;NONZERO_TIMESHIFT_RELATIVE_TO_PR134_R0;B0_START_SITE_ABSENT_COMPLETE_PR134_DOMAIN
9020606,AIDC08,AIDC11,3,113,1,3,"[113, 114, 115, 116, 117, 118, 119]",False,False,NONZERO_PRESTART_RELOCATION_RELATIVE_TO_PR134_R0;NONZERO_TIMESHIFT_RELATIVE_TO_PR134_R0;B0_START_SITE_ABSENT_COMPLETE_PR134_DOMAIN
9020607,AIDC08,AIDC12,3,113,1,3,"[113, 114, 115, 116, 117, 118, 119]",False,False,NONZERO_PRESTART_RELOCATION_RELATIVE_TO_PR134_R0;NONZERO_TIMESHIFT_RELATIVE_TO_PR134_R0;B0_START_SITE_ABSENT_COMPLETE_PR134_DOMAIN
9020608,AIDC08,AIDC12,3,113,1,3,"[113, 114, 115, 116, 117, 118, 119]",False,False,NONZERO_PRESTART_RELOCATION_RELATIVE_TO_PR134_R0;NONZERO_TIMESHIFT_RELATIVE_TO_PR134_R0;B0_START_SITE_ABSENT_COMPLETE_PR134_DOMAIN
9020609,AIDC08,AIDC12,3,113,1,3,"[113, 114, 115, 116, 117, 118, 119]",False,False,NONZERO_PRESTART_RELOCATION_RELATIVE_TO_PR134_R0;NONZERO_TIMESHIFT_RELATIVE_TO_PR134_R0;B0_START_SITE_ABSENT_COMPLETE_PR134_DOMAIN
9020610,AIDC08,AIDC12,3,113,1,3,"[113, 114, 115, 116, 117, 118, 119]",False,False,NONZERO_PRESTART_RELOCATION_RELATIVE_TO_PR134_R0;NONZERO_TIMESHIFT_RELATIVE_TO_PR134_R0;B0_START_SITE_ABSENT_COMPLETE_PR134_DOMAIN
9020611,AIDC08,AIDC12,3,113,1,3,"[113, 114, 115, 116, 117, 118, 119]",False,False,NONZERO_PRESTART_RELOCATION_RELATIVE_TO_PR134_R0;NONZERO_TIMESHIFT_RELATIVE_TO_PR134_R0;B0_START_SITE_ABSENT_COMPLETE_PR134_DOMAIN
9020612,AIDC08,AIDC12,3,113,1,3,"[113, 114, 115, 116, 117, 118, 119]",False,False,NONZERO_PRESTART_RELOCATION_RELATIVE_TO_PR134_R0;NONZERO_TIMESHIFT_RELATIVE_TO_PR134_R0;B0_START_SITE_ABSENT_COMPLETE_PR134_DOMAIN
9020613,AIDC08,AIDC12,3,113,1,3,"[113, 114, 115, 116, 117, 118, 119]",False,False,NONZERO_PRESTART_RELOCATION_RELATIVE_TO_PR134_R0;NONZERO_TIMESHIFT_RELATIVE_TO_PR134_R0;B0_START_SITE_ABSENT_COMPLETE_PR134_DOMAIN
9020614,AIDC08,AIDC12,3,113,1,3,"[113, 114, 115, 116, 117, 118, 119]",False,False,NONZERO_PRESTART_RELOCATION_RELATIVE_TO_PR134_R0;NONZERO_TIMESHIFT_RELATIVE_TO_PR134_R0;B0_START_SITE_ABSENT_COMPLETE_PR134_DOMAIN
9020615,AIDC08,AIDC12,3,113,1,3,"[113, 114, 115, 116, 117, 118, 119]",False,False,NONZERO_PRESTART_RELOCATION_RELATIVE_TO_PR134_R0;NONZERO_TIMESHIFT_RELATIVE_TO_PR134_R0;B0_START_SITE_ABSENT_COMPLETE_PR134_DOMAIN
9020616,AIDC08,AIDC12,3,113,1,3,"[113, 114, 115, 116, 117, 118, 119]",False,False,NONZERO_PRESTART_RELOCATION_RELATIVE_TO_PR134_R0;NONZERO_TIMESHIFT_RELATIVE_TO_PR134_R0;B0_START_SITE_ABSENT_COMPLETE_PR134_DOMAIN
9020617,AIDC08,AIDC12,3,113,1,3,"[113, 114, 115, 116, 117, 118, 119]",False,False,NONZERO_PRESTART_RELOCATION_RELATIVE_TO_PR134_R0;NONZERO_TIMESHIFT_RELATIVE_TO_PR134_R0;B0_START_SITE_ABSENT_COMPLETE_PR134_DOMAIN
9020618,AIDC08,AIDC12,3,113,1,3,"[113, 114, 115, 116, 117, 118, 119]",False,False,NONZERO_PRESTART_RELOCATION_RELATIVE_TO_PR134_R0;NONZERO_TIMESHIFT_RELATIVE_TO_PR134_R0;B0_START_SITE_ABSENT_COMPLETE_PR134_DOMAIN
9020619,AIDC08,AIDC12,3,113,1,3,"[113, 114, 115, 116, 117, 118, 119]",False,False,NONZERO_PRESTART_RELOCATION_RELATIVE_TO_PR134_R0;NONZERO_TIMESHIFT_RELATIVE_TO_PR134_R0;B0_START_SITE_ABSENT_COMPLETE_PR134_DOMAIN
9020620,AIDC09,AIDC12,3,113,1,3,"[113, 114, 115, 116, 117, 118, 119]",False,False,NONZERO_PRESTART_RELOCATION_RELATIVE_TO_PR134_R0;NONZERO_TIMESHIFT_RELATIVE_TO_PR134_R0;B0_START_SITE_ABSENT_COMPLETE_PR134_DOMAIN
9020621,AIDC09,AIDC12,3,113,1,3,"[113, 114, 115, 116, 117, 118, 119]",False,False,NONZERO_PRESTART_RELOCATION_RELATIVE_TO_PR134_R0;NONZERO_TIMESHIFT_RELATIVE_TO_PR134_R0;B0_START_SITE_ABSENT_COMPLETE_PR134_DOMAIN
9020622,AIDC09,AIDC12,3,113,1,3,"[113, 114, 115, 116, 117, 118, 119]",False,False,NONZERO_PRESTART_RELOCATION_RELATIVE_TO_PR134_R0;NONZERO_TIMESHIFT_RELATIVE_TO_PR134_R0;B0_START_SITE_ABSENT_COMPLETE_PR134_DOMAIN
9020623,AIDC09,AIDC05,3,114,1,3,"[114, 115, 116, 117, 118, 119]",False,False,NONZERO_PRESTART_RELOCATION_RELATIVE_TO_PR134_R0;NONZERO_TIMESHIFT_RELATIVE_TO_PR134_R0;B0_START_SITE_ABSENT_COMPLETE_PR134_DOMAIN
9020624,AIDC09,AIDC05,3,114,1,3,"[114, 115, 116, 117, 118, 119]",False,False,NONZERO_PRESTART_RELOCATION_RELATIVE_TO_PR134_R0;NONZERO_TIMESHIFT_RELATIVE_TO_PR134_R0;B0_START_SITE_ABSENT_COMPLETE_PR134_DOMAIN
9020625,AIDC09,AIDC05,3,114,1,3,"[114, 115, 116, 117, 118, 119]",False,False,NONZERO_PRESTART_RELOCATION_RELATIVE_TO_PR134_R0;NONZERO_TIMESHIFT_RELATIVE_TO_PR134_R0;B0_START_SITE_ABSENT_COMPLETE_PR134_DOMAIN
9020626,AIDC09,AIDC05,3,114,1,3,"[114, 115, 116, 117, 118, 119]",False,False,NONZERO_PRESTART_RELOCATION_RELATIVE_TO_PR134_R0;NONZERO_TIMESHIFT_RELATIVE_TO_PR134_R0;B0_START_SITE_ABSENT_COMPLETE_PR134_DOMAIN
9020627,AIDC09,AIDC05,3,114,1,3,"[114, 115, 116, 117, 118, 119]",False,False,NONZERO_PRESTART_RELOCATION_RELATIVE_TO_PR134_R0;NONZERO_TIMESHIFT_RELATIVE_TO_PR134_R0;B0_START_SITE_ABSENT_COMPLETE_PR134_DOMAIN
9020628,AIDC09,AIDC05,3,114,1,3,"[114, 115, 116, 117, 118, 119]",False,False,NONZERO_PRESTART_RELOCATION_RELATIVE_TO_PR134_R0;NONZERO_TIMESHIFT_RELATIVE_TO_PR134_R0;B0_START_SITE_ABSENT_COMPLETE_PR134_DOMAIN
9020629,AIDC09,AIDC05,3,114,1,3,"[114, 115, 116, 117, 118, 119]",False,False,NONZERO_PRESTART_RELOCATION_RELATIVE_TO_PR134_R0;NONZERO_TIMESHIFT_RELATIVE_TO_PR134_R0;B0_START_SITE_ABSENT_COMPLETE_PR134_DOMAIN
9020630,AIDC09,AIDC05,3,114,1,3,"[114, 115, 116, 117, 118, 119]",False,False,NONZERO_PRESTART_RELOCATION_RELATIVE_TO_PR134_R0;NONZERO_TIMESHIFT_RELATIVE_TO_PR134_R0;B0_START_SITE_ABSENT_COMPLETE_PR134_DOMAIN
9020631,AIDC09,AIDC01,3,117,1,3,"[117, 118, 119]",False,False,NONZERO_PRESTART_RELOCATION_RELATIVE_TO_PR134_R0;NONZERO_TIMESHIFT_RELATIVE_TO_PR134_R0;B0_START_SITE_ABSENT_COMPLETE_PR134_DOMAIN
9020632,AIDC09,AIDC01,3,117,1,3,"[117, 118, 119]",False,False,NONZERO_PRESTART_RELOCATION_RELATIVE_TO_PR134_R0;NONZERO_TIMESHIFT_RELATIVE_TO_PR134_R0;B0_START_SITE_ABSENT_COMPLETE_PR134_DOMAIN
9020633,AIDC09,AIDC01,3,117,1,3,"[117, 118, 119]",False,False,NONZERO_PRESTART_RELOCATION_RELATIVE_TO_PR134_R0;NONZERO_TIMESHIFT_RELATIVE_TO_PR134_R0;B0_START_SITE_ABSENT_COMPLETE_PR134_DOMAIN
9020634,AIDC09,AIDC01,3,117,1,3,"[117, 118, 119]",False,False,NONZERO_PRESTART_RELOCATION_RELATIVE_TO_PR134_R0;NONZERO_TIMESHIFT_RELATIVE_TO_PR134_R0;B0_START_SITE_ABSENT_COMPLETE_PR134_DOMAIN
9020635,AIDC09,AIDC07,3,119,1,3,[119],False,False,NONZERO_PRESTART_RELOCATION_RELATIVE_TO_PR134_R0;NONZERO_TIMESHIFT_RELATIVE_TO_PR134_R0;B0_START_SITE_ABSENT_COMPLETE_PR134_DOMAIN
9020636,AIDC09,AIDC07,3,119,1,3,[119],False,False,NONZERO_PRESTART_RELOCATION_RELATIVE_TO_PR134_R0;NONZERO_TIMESHIFT_RELATIVE_TO_PR134_R0;B0_START_SITE_ABSENT_COMPLETE_PR134_DOMAIN
9020637,AIDC09,AIDC07,3,119,1,3,[119],False,False,NONZERO_PRESTART_RELOCATION_RELATIVE_TO_PR134_R0;NONZERO_TIMESHIFT_RELATIVE_TO_PR134_R0;B0_START_SITE_ABSENT_COMPLETE_PR134_DOMAIN
9020638,AIDC09,AIDC07,3,119,1,3,[119],False,False,NONZERO_PRESTART_RELOCATION_RELATIVE_TO_PR134_R0;NONZERO_TIMESHIFT_RELATIVE_TO_PR134_R0;B0_START_SITE_ABSENT_COMPLETE_PR134_DOMAIN
9020639,AIDC09,AIDC07,3,119,1,3,[119],False,False,NONZERO_PRESTART_RELOCATION_RELATIVE_TO_PR134_R0;NONZERO_TIMESHIFT_RELATIVE_TO_PR134_R0;B0_START_SITE_ABSENT_COMPLETE_PR134_DOMAIN
9020640,AIDC09,AIDC07,3,119,1,3,[119],False,False,NONZERO_PRESTART_RELOCATION_RELATIVE_TO_PR134_R0;NONZERO_TIMESHIFT_RELATIVE_TO_PR134_R0;B0_START_SITE_ABSENT_COMPLETE_PR134_DOMAIN
9020641,AIDC09,AIDC07,3,119,1,3,[119],False,False,NONZERO_PRESTART_RELOCATION_RELATIVE_TO_PR134_R0;NONZERO_TIMESHIFT_RELATIVE_TO_PR134_R0;B0_START_SITE_ABSENT_COMPLETE_PR134_DOMAIN
9020642,AIDC09,AIDC07,3,119,1,3,[119],False,False,NONZERO_PRESTART_RELOCATION_RELATIVE_TO_PR134_R0;NONZERO_TIMESHIFT_RELATIVE_TO_PR134_R0;B0_START_SITE_ABSENT_COMPLETE_PR134_DOMAIN
9020643,AIDC09,AIDC11,3,119,1,3,[119],False,False,NONZERO_PRESTART_RELOCATION_RELATIVE_TO_PR134_R0;NONZERO_TIMESHIFT_RELATIVE_TO_PR134_R0;B0_START_SITE_ABSENT_COMPLETE_PR134_DOMAIN
9020644,AIDC09,AIDC11,3,119,1,3,[119],False,False,NONZERO_PRESTART_RELOCATION_RELATIVE_TO_PR134_R0;NONZERO_TIMESHIFT_RELATIVE_TO_PR134_R0;B0_START_SITE_ABSENT_COMPLETE_PR134_DOMAIN
9020645,AIDC09,AIDC11,3,119,1,3,[119],False,False,NONZERO_PRESTART_RELOCATION_RELATIVE_TO_PR134_R0;NONZERO_TIMESHIFT_RELATIVE_TO_PR134_R0;B0_START_SITE_ABSENT_COMPLETE_PR134_DOMAIN
9020646,AIDC09,AIDC11,3,119,1,3,[119],False,False,NONZERO_PRESTART_RELOCATION_RELATIVE_TO_PR134_R0;NONZERO_TIMESHIFT_RELATIVE_TO_PR134_R0;B0_START_SITE_ABSENT_COMPLETE_PR134_DOMAIN
9020647,AIDC09,AIDC12,3,119,1,3,[119],False,False,NONZERO_PRESTART_RELOCATION_RELATIVE_TO_PR134_R0;NONZERO_TIMESHIFT_RELATIVE_TO_PR134_R0;B0_START_SITE_ABSENT_COMPLETE_PR134_DOMAIN
9020648,AIDC09,AIDC12,3,119,1,3,[119],False,False,NONZERO_PRESTART_RELOCATION_RELATIVE_TO_PR134_R0;NONZERO_TIMESHIFT_RELATIVE_TO_PR134_R0;B0_START_SITE_ABSENT_COMPLETE_PR134_DOMAIN
9020649,AIDC09,AIDC12,3,119,1,3,[119],False,False,NONZERO_PRESTART_RELOCATION_RELATIVE_TO_PR134_R0;NONZERO_TIMESHIFT_RELATIVE_TO_PR134_R0;B0_START_SITE_ABSENT_COMPLETE_PR134_DOMAIN
9020650,AIDC09,AIDC12,3,119,1,3,[119],False,False,NONZERO_PRESTART_RELOCATION_RELATIVE_TO_PR134_R0;NONZERO_TIMESHIFT_RELATIVE_TO_PR134_R0;B0_START_SITE_ABSENT_COMPLETE_PR134_DOMAIN
9020651,AIDC09,AIDC11,3,120,1,3,[120],False,False,NONZERO_PRESTART_RELOCATION_RELATIVE_TO_PR134_R0;NONZERO_TIMESHIFT_RELATIVE_TO_PR134_R0;B0_START_SITE_ABSENT_COMPLETE_PR134_DOMAIN
9020652,AIDC09,AIDC12,3,120,1,3,[120],False,False,NONZERO_PRESTART_RELOCATION_RELATIVE_TO_PR134_R0;NONZERO_TIMESHIFT_RELATIVE_TO_PR134_R0;B0_START_SITE_ABSENT_COMPLETE_PR134_DOMAIN
9020653,AIDC09,AIDC12,3,120,1,3,[120],False,False,NONZERO_PRESTART_RELOCATION_RELATIVE_TO_PR134_R0;NONZERO_TIMESHIFT_RELATIVE_TO_PR134_R0;B0_START_SITE_ABSENT_COMPLETE_PR134_DOMAIN
9020654,AIDC09,AIDC12,3,120,1,3,[120],False,False,NONZERO_PRESTART_RELOCATION_RELATIVE_TO_PR134_R0;NONZERO_TIMESHIFT_RELATIVE_TO_PR134_R0;B0_START_SITE_ABSENT_COMPLETE_PR134_DOMAIN
9020655,AIDC09,AIDC12,3,120,1,3,[120],False,False,NONZERO_PRESTART_RELOCATION_RELATIVE_TO_PR134_R0;NONZERO_TIMESHIFT_RELATIVE_TO_PR134_R0;B0_START_SITE_ABSENT_COMPLETE_PR134_DOMAIN
9020656,AIDC09,AIDC12,3,120,1,3,[120],False,False,NONZERO_PRESTART_RELOCATION_RELATIVE_TO_PR134_R0;NONZERO_TIMESHIFT_RELATIVE_TO_PR134_R0;B0_START_SITE_ABSENT_COMPLETE_PR134_DOMAIN
9020657,AIDC09,AIDC12,3,120,1,3,[120],False,False,NONZERO_PRESTART_RELOCATION_RELATIVE_TO_PR134_R0;NONZERO_TIMESHIFT_RELATIVE_TO_PR134_R0;B0_START_SITE_ABSENT_COMPLETE_PR134_DOMAIN
9020658,AIDC09,AIDC12,3,120,1,3,[120],False,False,NONZERO_PRESTART_RELOCATION_RELATIVE_TO_PR134_R0;NONZERO_TIMESHIFT_RELATIVE_TO_PR134_R0;B0_START_SITE_ABSENT_COMPLETE_PR134_DOMAIN
9020659,AIDC09,AIDC12,3,120,1,3,[120],False,False,NONZERO_PRESTART_RELOCATION_RELATIVE_TO_PR134_R0;NONZERO_TIMESHIFT_RELATIVE_TO_PR134_R0;B0_START_SITE_ABSENT_COMPLETE_PR134_DOMAIN
9020660,AIDC10,AIDC12,3,120,1,3,[120],False,False,NONZERO_PRESTART_RELOCATION_RELATIVE_TO_PR134_R0;NONZERO_TIMESHIFT_RELATIVE_TO_PR134_R0;B0_START_SITE_ABSENT_COMPLETE_PR134_DOMAIN
9020661,AIDC10,AIDC12,3,120,1,3,[120],False,False,NONZERO_PRESTART_RELOCATION_RELATIVE_TO_PR134_R0;NONZERO_TIMESHIFT_RELATIVE_TO_PR134_R0;B0_START_SITE_ABSENT_COMPLETE_PR134_DOMAIN
9020662,AIDC10,AIDC12,3,120,1,3,[120],False,False,NONZERO_PRESTART_RELOCATION_RELATIVE_TO_PR134_R0;NONZERO_TIMESHIFT_RELATIVE_TO_PR134_R0;B0_START_SITE_ABSENT_COMPLETE_PR134_DOMAIN
9020663,AIDC10,AIDC12,3,120,1,3,[120],False,False,NONZERO_PRESTART_RELOCATION_RELATIVE_TO_PR134_R0;NONZERO_TIMESHIFT_RELATIVE_TO_PR134_R0;B0_START_SITE_ABSENT_COMPLETE_PR134_DOMAIN
9020664,AIDC10,AIDC03,3,121,1,3,[121],False,False,NONZERO_PRESTART_RELOCATION_RELATIVE_TO_PR134_R0;NONZERO_TIMESHIFT_RELATIVE_TO_PR134_R0;B0_START_SITE_ABSENT_COMPLETE_PR134_DOMAIN
9020665,AIDC10,AIDC03,3,121,1,3,[121],False,False,NONZERO_PRESTART_RELOCATION_RELATIVE_TO_PR134_R0;NONZERO_TIMESHIFT_RELATIVE_TO_PR134_R0;B0_START_SITE_ABSENT_COMPLETE_PR134_DOMAIN
9020666,AIDC10,AIDC03,3,121,1,3,[121],False,False,NONZERO_PRESTART_RELOCATION_RELATIVE_TO_PR134_R0;NONZERO_TIMESHIFT_RELATIVE_TO_PR134_R0;B0_START_SITE_ABSENT_COMPLETE_PR134_DOMAIN
9020667,AIDC10,AIDC03,3,121,1,3,[121],False,False,NONZERO_PRESTART_RELOCATION_RELATIVE_TO_PR134_R0;NONZERO_TIMESHIFT_RELATIVE_TO_PR134_R0;B0_START_SITE_ABSENT_COMPLETE_PR134_DOMAIN
9020668,AIDC10,AIDC03,3,121,1,3,[121],False,False,NONZERO_PRESTART_RELOCATION_RELATIVE_TO_PR134_R0;NONZERO_TIMESHIFT_RELATIVE_TO_PR134_R0;B0_START_SITE_ABSENT_COMPLETE_PR134_DOMAIN
9020669,AIDC10,AIDC03,3,121,1,3,[121],False,False,NONZERO_PRESTART_RELOCATION_RELATIVE_TO_PR134_R0;NONZERO_TIMESHIFT_RELATIVE_TO_PR134_R0;B0_START_SITE_ABSENT_COMPLETE_PR134_DOMAIN
9020670,AIDC10,AIDC03,3,121,1,3,[121],False,False,NONZERO_PRESTART_RELOCATION_RELATIVE_TO_PR134_R0;NONZERO_TIMESHIFT_RELATIVE_TO_PR134_R0;B0_START_SITE_ABSENT_COMPLETE_PR134_DOMAIN
9020671,AIDC10,AIDC03,3,121,1,3,[121],False,False,NONZERO_PRESTART_RELOCATION_RELATIVE_TO_PR134_R0;NONZERO_TIMESHIFT_RELATIVE_TO_PR134_R0;B0_START_SITE_ABSENT_COMPLETE_PR134_DOMAIN
9020672,AIDC10,AIDC03,3,121,1,3,[121],False,False,NONZERO_PRESTART_RELOCATION_RELATIVE_TO_PR134_R0;NONZERO_TIMESHIFT_RELATIVE_TO_PR134_R0;B0_START_SITE_ABSENT_COMPLETE_PR134_DOMAIN
9020673,AIDC10,AIDC03,3,121,1,3,[121],False,False,NONZERO_PRESTART_RELOCATION_RELATIVE_TO_PR134_R0;NONZERO_TIMESHIFT_RELATIVE_TO_PR134_R0;B0_START_SITE_ABSENT_COMPLETE_PR134_DOMAIN
9020674,AIDC10,AIDC03,3,121,1,3,[121],False,False,NONZERO_PRESTART_RELOCATION_RELATIVE_TO_PR134_R0;NONZERO_TIMESHIFT_RELATIVE_TO_PR134_R0;B0_START_SITE_ABSENT_COMPLETE_PR134_DOMAIN
9020675,AIDC10,AIDC03,3,121,1,3,[121],False,False,NONZERO_PRESTART_RELOCATION_RELATIVE_TO_PR134_R0;NONZERO_TIMESHIFT_RELATIVE_TO_PR134_R0;B0_START_SITE_ABSENT_COMPLETE_PR134_DOMAIN
9020676,AIDC10,AIDC03,3,121,1,3,[121],False,False,NONZERO_PRESTART_RELOCATION_RELATIVE_TO_PR134_R0;NONZERO_TIMESHIFT_RELATIVE_TO_PR134_R0;B0_START_SITE_ABSENT_COMPLETE_PR134_DOMAIN
9020677,AIDC10,AIDC03,3,121,1,3,[121],False,False,NONZERO_PRESTART_RELOCATION_RELATIVE_TO_PR134_R0;NONZERO_TIMESHIFT_RELATIVE_TO_PR134_R0;B0_START_SITE_ABSENT_COMPLETE_PR134_DOMAIN
9020678,AIDC10,AIDC03,3,121,1,3,[121],False,False,NONZERO_PRESTART_RELOCATION_RELATIVE_TO_PR134_R0;NONZERO_TIMESHIFT_RELATIVE_TO_PR134_R0;B0_START_SITE_ABSENT_COMPLETE_PR134_DOMAIN
9020679,AIDC10,AIDC03,3,121,1,3,[121],False,False,NONZERO_PRESTART_RELOCATION_RELATIVE_TO_PR134_R0;NONZERO_TIMESHIFT_RELATIVE_TO_PR134_R0;B0_START_SITE_ABSENT_COMPLETE_PR134_DOMAIN
9020680,AIDC10,AIDC11,3,121,1,3,[121],False,False,NONZERO_PRESTART_RELOCATION_RELATIVE_TO_PR134_R0;NONZERO_TIMESHIFT_RELATIVE_TO_PR134_R0;B0_START_SITE_ABSENT_COMPLETE_PR134_DOMAIN
9020681,AIDC10,AIDC11,3,121,1,3,[121],False,False,NONZERO_PRESTART_RELOCATION_RELATIVE_TO_PR134_R0;NONZERO_TIMESHIFT_RELATIVE_TO_PR134_R0;B0_START_SITE_ABSENT_COMPLETE_PR134_DOMAIN
9020682,AIDC10,AIDC11,3,121,1,3,[121],False,False,NONZERO_PRESTART_RELOCATION_RELATIVE_TO_PR134_R0;NONZERO_TIMESHIFT_RELATIVE_TO_PR134_R0;B0_START_SITE_ABSENT_COMPLETE_PR134_DOMAIN
9020683,AIDC10,AIDC11,3,121,1,3,[121],False,False,NONZERO_PRESTART_RELOCATION_RELATIVE_TO_PR134_R0;NONZERO_TIMESHIFT_RELATIVE_TO_PR134_R0;B0_START_SITE_ABSENT_COMPLETE_PR134_DOMAIN
9020684,AIDC10,AIDC11,3,121,1,3,[121],False,False,NONZERO_PRESTART_RELOCATION_RELATIVE_TO_PR134_R0;NONZERO_TIMESHIFT_RELATIVE_TO_PR134_R0;B0_START_SITE_ABSENT_COMPLETE_PR134_DOMAIN
9020685,AIDC10,AIDC11,3,121,1,3,[121],False,False,NONZERO_PRESTART_RELOCATION_RELATIVE_TO_PR134_R0;NONZERO_TIMESHIFT_RELATIVE_TO_PR134_R0;B0_START_SITE_ABSENT_COMPLETE_PR134_DOMAIN
9020686,AIDC10,AIDC11,3,121,1,3,[121],False,False,NONZERO_PRESTART_RELOCATION_RELATIVE_TO_PR134_R0;NONZERO_TIMESHIFT_RELATIVE_TO_PR134_R0;B0_START_SITE_ABSENT_COMPLETE_PR134_DOMAIN
9020687,AIDC10,AIDC11,3,121,1,3,[121],False,False,NONZERO_PRESTART_RELOCATION_RELATIVE_TO_PR134_R0;NONZERO_TIMESHIFT_RELATIVE_TO_PR134_R0;B0_START_SITE_ABSENT_COMPLETE_PR134_DOMAIN
9020688,AIDC10,AIDC05,3,122,1,3,[122],False,False,NONZERO_PRESTART_RELOCATION_RELATIVE_TO_PR134_R0;NONZERO_TIMESHIFT_RELATIVE_TO_PR134_R0;B0_START_SITE_ABSENT_COMPLETE_PR134_DOMAIN
9020689,AIDC10,AIDC05,3,122,1,3,[122],False,False,NONZERO_PRESTART_RELOCATION_RELATIVE_TO_PR134_R0;NONZERO_TIMESHIFT_RELATIVE_TO_PR134_R0;B0_START_SITE_ABSENT_COMPLETE_PR134_DOMAIN
9020690,AIDC10,AIDC05,3,122,1,3,[122],False,False,NONZERO_PRESTART_RELOCATION_RELATIVE_TO_PR134_R0;NONZERO_TIMESHIFT_RELATIVE_TO_PR134_R0;B0_START_SITE_ABSENT_COMPLETE_PR134_DOMAIN
9020691,AIDC10,AIDC05,3,122,1,3,[122],False,False,NONZERO_PRESTART_RELOCATION_RELATIVE_TO_PR134_R0;NONZERO_TIMESHIFT_RELATIVE_TO_PR134_R0;B0_START_SITE_ABSENT_COMPLETE_PR134_DOMAIN
9020692,AIDC10,AIDC05,3,122,1,3,[122],False,False,NONZERO_PRESTART_RELOCATION_RELATIVE_TO_PR134_R0;NONZERO_TIMESHIFT_RELATIVE_TO_PR134_R0;B0_START_SITE_ABSENT_COMPLETE_PR134_DOMAIN
9020693,AIDC10,AIDC05,3,122,1,3,[122],False,False,NONZERO_PRESTART_RELOCATION_RELATIVE_TO_PR134_R0;NONZERO_TIMESHIFT_RELATIVE_TO_PR134_R0;B0_START_SITE_ABSENT_COMPLETE_PR134_DOMAIN
9020694,AIDC10,AIDC05,3,122,1,3,[122],False,False,NONZERO_PRESTART_RELOCATION_RELATIVE_TO_PR134_R0;NONZERO_TIMESHIFT_RELATIVE_TO_PR134_R0;B0_START_SITE_ABSENT_COMPLETE_PR134_DOMAIN
9020695,AIDC10,AIDC05,3,122,1,3,[122],False,False,NONZERO_PRESTART_RELOCATION_RELATIVE_TO_PR134_R0;NONZERO_TIMESHIFT_RELATIVE_TO_PR134_R0;B0_START_SITE_ABSENT_COMPLETE_PR134_DOMAIN
9020696,AIDC10,AIDC11,3,122,1,3,[122],False,False,NONZERO_PRESTART_RELOCATION_RELATIVE_TO_PR134_R0;NONZERO_TIMESHIFT_RELATIVE_TO_PR134_R0;B0_START_SITE_ABSENT_COMPLETE_PR134_DOMAIN
9020697,AIDC10,AIDC11,3,122,1,3,[122],False,False,NONZERO_PRESTART_RELOCATION_RELATIVE_TO_PR134_R0;NONZERO_TIMESHIFT_RELATIVE_TO_PR134_R0;B0_START_SITE_ABSENT_COMPLETE_PR134_DOMAIN
9020698,AIDC10,AIDC11,3,122,1,3,[122],False,False,NONZERO_PRESTART_RELOCATION_RELATIVE_TO_PR134_R0;NONZERO_TIMESHIFT_RELATIVE_TO_PR134_R0;B0_START_SITE_ABSENT_COMPLETE_PR134_DOMAIN
9020699,AIDC10,AIDC11,3,122,1,3,[122],False,False,NONZERO_PRESTART_RELOCATION_RELATIVE_TO_PR134_R0;NONZERO_TIMESHIFT_RELATIVE_TO_PR134_R0;B0_START_SITE_ABSENT_COMPLETE_PR134_DOMAIN
9020700,AIDC10,AIDC11,3,122,1,3,[122],False,False,NONZERO_PRESTART_RELOCATION_RELATIVE_TO_PR134_R0;NONZERO_TIMESHIFT_RELATIVE_TO_PR134_R0;B0_START_SITE_ABSENT_COMPLETE_PR134_DOMAIN
9020701,AIDC10,AIDC11,3,122,1,3,[122],False,False,NONZERO_PRESTART_RELOCATION_RELATIVE_TO_PR134_R0;NONZERO_TIMESHIFT_RELATIVE_TO_PR134_R0;B0_START_SITE_ABSENT_COMPLETE_PR134_DOMAIN
9020702,AIDC10,AIDC11,3,122,1,3,[122],False,False,NONZERO_PRESTART_RELOCATION_RELATIVE_TO_PR134_R0;NONZERO_TIMESHIFT_RELATIVE_TO_PR134_R0;B0_START_SITE_ABSENT_COMPLETE_PR134_DOMAIN
9020703,AIDC10,AIDC11,3,122,1,3,[122],False,False,NONZERO_PRESTART_RELOCATION_RELATIVE_TO_PR134_R0;NONZERO_TIMESHIFT_RELATIVE_TO_PR134_R0;B0_START_SITE_ABSENT_COMPLETE_PR134_DOMAIN
9020704,AIDC10,AIDC12,3,123,1,3,[123],False,False,NONZERO_PRESTART_RELOCATION_RELATIVE_TO_PR134_R0;NONZERO_TIMESHIFT_RELATIVE_TO_PR134_R0;B0_START_SITE_ABSENT_COMPLETE_PR134_DOMAIN
9020705,AIDC10,AIDC12,3,123,1,3,[123],False,False,NONZERO_PRESTART_RELOCATION_RELATIVE_TO_PR134_R0;NONZERO_TIMESHIFT_RELATIVE_TO_PR134_R0;B0_START_SITE_ABSENT_COMPLETE_PR134_DOMAIN
9020706,AIDC10,AIDC12,3,123,1,3,[123],False,False,NONZERO_PRESTART_RELOCATION_RELATIVE_TO_PR134_R0;NONZERO_TIMESHIFT_RELATIVE_TO_PR134_R0;B0_START_SITE_ABSENT_COMPLETE_PR134_DOMAIN
9020707,AIDC10,AIDC12,3,123,1,3,[123],False,False,NONZERO_PRESTART_RELOCATION_RELATIVE_TO_PR134_R0;NONZERO_TIMESHIFT_RELATIVE_TO_PR134_R0;B0_START_SITE_ABSENT_COMPLETE_PR134_DOMAIN
9020708,AIDC10,AIDC12,3,123,1,3,[123],False,False,NONZERO_PRESTART_RELOCATION_RELATIVE_TO_PR134_R0;NONZERO_TIMESHIFT_RELATIVE_TO_PR134_R0;B0_START_SITE_ABSENT_COMPLETE_PR134_DOMAIN
9020709,AIDC10,AIDC12,3,123,1,3,[123],False,False,NONZERO_PRESTART_RELOCATION_RELATIVE_TO_PR134_R0;NONZERO_TIMESHIFT_RELATIVE_TO_PR134_R0;B0_START_SITE_ABSENT_COMPLETE_PR134_DOMAIN
9020710,AIDC10,AIDC12,3,123,1,3,[123],False,False,NONZERO_PRESTART_RELOCATION_RELATIVE_TO_PR134_R0;NONZERO_TIMESHIFT_RELATIVE_TO_PR134_R0;B0_START_SITE_ABSENT_COMPLETE_PR134_DOMAIN
9020711,AIDC10,AIDC12,3,123,1,3,[123],False,False,NONZERO_PRESTART_RELOCATION_RELATIVE_TO_PR134_R0;NONZERO_TIMESHIFT_RELATIVE_TO_PR134_R0;B0_START_SITE_ABSENT_COMPLETE_PR134_DOMAIN
9020712,AIDC10,AIDC06,3,124,1,3,[124],False,False,NONZERO_PRESTART_RELOCATION_RELATIVE_TO_PR134_R0;NONZERO_TIMESHIFT_RELATIVE_TO_PR134_R0;B0_START_SITE_ABSENT_COMPLETE_PR134_DOMAIN
9020713,AIDC10,AIDC06,3,125,1,3,[125],False,False,NONZERO_PRESTART_RELOCATION_RELATIVE_TO_PR134_R0;NONZERO_TIMESHIFT_RELATIVE_TO_PR134_R0;B0_START_SITE_ABSENT_COMPLETE_PR134_DOMAIN
9020714,AIDC10,AIDC06,3,125,1,3,[125],False,False,NONZERO_PRESTART_RELOCATION_RELATIVE_TO_PR134_R0;NONZERO_TIMESHIFT_RELATIVE_TO_PR134_R0;B0_START_SITE_ABSENT_COMPLETE_PR134_DOMAIN
9020715,AIDC10,AIDC06,3,125,1,3,[125],False,False,NONZERO_PRESTART_RELOCATION_RELATIVE_TO_PR134_R0;NONZERO_TIMESHIFT_RELATIVE_TO_PR134_R0;B0_START_SITE_ABSENT_COMPLETE_PR134_DOMAIN
9020716,AIDC10,AIDC06,3,125,1,3,[125],False,False,NONZERO_PRESTART_RELOCATION_RELATIVE_TO_PR134_R0;NONZERO_TIMESHIFT_RELATIVE_TO_PR134_R0;B0_START_SITE_ABSENT_COMPLETE_PR134_DOMAIN
9020717,AIDC10,AIDC06,3,125,1,3,[125],False,False,NONZERO_PRESTART_RELOCATION_RELATIVE_TO_PR134_R0;NONZERO_TIMESHIFT_RELATIVE_TO_PR134_R0;B0_START_SITE_ABSENT_COMPLETE_PR134_DOMAIN
9020718,AIDC10,AIDC06,3,125,1,3,[125],False,False,NONZERO_PRESTART_RELOCATION_RELATIVE_TO_PR134_R0;NONZERO_TIMESHIFT_RELATIVE_TO_PR134_R0;B0_START_SITE_ABSENT_COMPLETE_PR134_DOMAIN
9020719,AIDC10,AIDC06,3,125,1,3,[125],False,False,NONZERO_PRESTART_RELOCATION_RELATIVE_TO_PR134_R0;NONZERO_TIMESHIFT_RELATIVE_TO_PR134_R0;B0_START_SITE_ABSENT_COMPLETE_PR134_DOMAIN
9020720,AIDC10,AIDC06,3,125,1,3,[125],False,False,NONZERO_PRESTART_RELOCATION_RELATIVE_TO_PR134_R0;NONZERO_TIMESHIFT_RELATIVE_TO_PR134_R0;B0_START_SITE_ABSENT_COMPLETE_PR134_DOMAIN
9020721,AIDC10,AIDC06,3,125,1,3,[125],False,False,NONZERO_PRESTART_RELOCATION_RELATIVE_TO_PR134_R0;NONZERO_TIMESHIFT_RELATIVE_TO_PR134_R0;B0_START_SITE_ABSENT_COMPLETE_PR134_DOMAIN
9020722,AIDC10,AIDC06,3,125,1,3,[125],False,False,NONZERO_PRESTART_RELOCATION_RELATIVE_TO_PR134_R0;NONZERO_TIMESHIFT_RELATIVE_TO_PR134_R0;B0_START_SITE_ABSENT_COMPLETE_PR134_DOMAIN
9020723,AIDC10,AIDC08,3,125,1,3,[125],False,False,NONZERO_PRESTART_RELOCATION_RELATIVE_TO_PR134_R0;NONZERO_TIMESHIFT_RELATIVE_TO_PR134_R0;B0_START_SITE_ABSENT_COMPLETE_PR134_DOMAIN
9020724,AIDC10,AIDC08,3,125,1,3,[125],False,False,NONZERO_PRESTART_RELOCATION_RELATIVE_TO_PR134_R0;NONZERO_TIMESHIFT_RELATIVE_TO_PR134_R0;B0_START_SITE_ABSENT_COMPLETE_PR134_DOMAIN
9020725,AIDC10,AIDC08,3,125,1,3,[125],False,False,NONZERO_PRESTART_RELOCATION_RELATIVE_TO_PR134_R0;NONZERO_TIMESHIFT_RELATIVE_TO_PR134_R0;B0_START_SITE_ABSENT_COMPLETE_PR134_DOMAIN
9020726,AIDC10,AIDC08,3,125,1,3,[125],False,False,NONZERO_PRESTART_RELOCATION_RELATIVE_TO_PR134_R0;NONZERO_TIMESHIFT_RELATIVE_TO_PR134_R0;B0_START_SITE_ABSENT_COMPLETE_PR134_DOMAIN
9020727,AIDC10,AIDC08,3,125,1,3,[125],False,False,NONZERO_PRESTART_RELOCATION_RELATIVE_TO_PR134_R0;NONZERO_TIMESHIFT_RELATIVE_TO_PR134_R0;B0_START_SITE_ABSENT_COMPLETE_PR134_DOMAIN
9020728,AIDC10,AIDC08,3,125,1,3,[125],False,False,NONZERO_PRESTART_RELOCATION_RELATIVE_TO_PR134_R0;NONZERO_TIMESHIFT_RELATIVE_TO_PR134_R0;B0_START_SITE_ABSENT_COMPLETE_PR134_DOMAIN
9020729,AIDC10,AIDC08,3,125,1,3,[125],False,False,NONZERO_PRESTART_RELOCATION_RELATIVE_TO_PR134_R0;NONZERO_TIMESHIFT_RELATIVE_TO_PR134_R0;B0_START_SITE_ABSENT_COMPLETE_PR134_DOMAIN
9020730,AIDC10,AIDC08,3,125,1,3,[125],False,False,NONZERO_PRESTART_RELOCATION_RELATIVE_TO_PR134_R0;NONZERO_TIMESHIFT_RELATIVE_TO_PR134_R0;B0_START_SITE_ABSENT_COMPLETE_PR134_DOMAIN
9020731,AIDC10,AIDC09,3,126,1,3,[126],False,False,NONZERO_PRESTART_RELOCATION_RELATIVE_TO_PR134_R0;NONZERO_TIMESHIFT_RELATIVE_TO_PR134_R0;B0_START_SITE_ABSENT_COMPLETE_PR134_DOMAIN
9020732,AIDC10,AIDC12,3,126,1,3,[126],False,False,NONZERO_PRESTART_RELOCATION_RELATIVE_TO_PR134_R0;NONZERO_TIMESHIFT_RELATIVE_TO_PR134_R0;B0_START_SITE_ABSENT_COMPLETE_PR134_DOMAIN
9020733,AIDC10,AIDC12,3,126,1,3,[126],False,False,NONZERO_PRESTART_RELOCATION_RELATIVE_TO_PR134_R0;NONZERO_TIMESHIFT_RELATIVE_TO_PR134_R0;B0_START_SITE_ABSENT_COMPLETE_PR134_DOMAIN
9020734,AIDC10,AIDC12,3,126,1,3,[126],False,False,NONZERO_PRESTART_RELOCATION_RELATIVE_TO_PR134_R0;NONZERO_TIMESHIFT_RELATIVE_TO_PR134_R0;B0_START_SITE_ABSENT_COMPLETE_PR134_DOMAIN
9020735,AIDC10,AIDC12,3,126,1,3,[126],False,False,NONZERO_PRESTART_RELOCATION_RELATIVE_TO_PR134_R0;NONZERO_TIMESHIFT_RELATIVE_TO_PR134_R0;B0_START_SITE_ABSENT_COMPLETE_PR134_DOMAIN
9020736,AIDC10,AIDC12,3,126,1,3,[126],False,False,NONZERO_PRESTART_RELOCATION_RELATIVE_TO_PR134_R0;NONZERO_TIMESHIFT_RELATIVE_TO_PR134_R0;B0_START_SITE_ABSENT_COMPLETE_PR134_DOMAIN
9020737,AIDC10,AIDC12,3,126,1,3,[126],False,False,NONZERO_PRESTART_RELOCATION_RELATIVE_TO_PR134_R0;NONZERO_TIMESHIFT_RELATIVE_TO_PR134_R0;B0_START_SITE_ABSENT_COMPLETE_PR134_DOMAIN
9020738,AIDC10,AIDC01,3,127,1,3,[127],False,False,NONZERO_PRESTART_RELOCATION_RELATIVE_TO_PR134_R0;NONZERO_TIMESHIFT_RELATIVE_TO_PR134_R0;B0_START_SITE_ABSENT_COMPLETE_PR134_DOMAIN
9020739,AIDC10,AIDC01,3,127,1,3,[127],False,False,NONZERO_PRESTART_RELOCATION_RELATIVE_TO_PR134_R0;NONZERO_TIMESHIFT_RELATIVE_TO_PR134_R0;B0_START_SITE_ABSENT_COMPLETE_PR134_DOMAIN
9020740,AIDC11,AIDC01,3,127,1,3,[127],False,False,NONZERO_PRESTART_RELOCATION_RELATIVE_TO_PR134_R0;NONZERO_TIMESHIFT_RELATIVE_TO_PR134_R0;B0_START_SITE_ABSENT_COMPLETE_PR134_DOMAIN
9020741,AIDC11,AIDC01,3,127,1,3,[127],False,False,NONZERO_PRESTART_RELOCATION_RELATIVE_TO_PR134_R0;NONZERO_TIMESHIFT_RELATIVE_TO_PR134_R0;B0_START_SITE_ABSENT_COMPLETE_PR134_DOMAIN
9020742,AIDC11,AIDC01,3,127,1,3,[127],False,False,NONZERO_PRESTART_RELOCATION_RELATIVE_TO_PR134_R0;NONZERO_TIMESHIFT_RELATIVE_TO_PR134_R0;B0_START_SITE_ABSENT_COMPLETE_PR134_DOMAIN
9020743,AIDC11,AIDC01,3,127,1,3,[127],False,False,NONZERO_PRESTART_RELOCATION_RELATIVE_TO_PR134_R0;NONZERO_TIMESHIFT_RELATIVE_TO_PR134_R0;B0_START_SITE_ABSENT_COMPLETE_PR134_DOMAIN
9020744,AIDC11,AIDC12,3,127,1,3,[127],False,False,NONZERO_PRESTART_RELOCATION_RELATIVE_TO_PR134_R0;NONZERO_TIMESHIFT_RELATIVE_TO_PR134_R0;B0_START_SITE_ABSENT_COMPLETE_PR134_DOMAIN
9020745,AIDC11,AIDC12,3,127,1,3,[127],False,False,NONZERO_PRESTART_RELOCATION_RELATIVE_TO_PR134_R0;NONZERO_TIMESHIFT_RELATIVE_TO_PR134_R0;B0_START_SITE_ABSENT_COMPLETE_PR134_DOMAIN
9020746,AIDC11,AIDC03,3,128,1,3,[128],False,False,NONZERO_PRESTART_RELOCATION_RELATIVE_TO_PR134_R0;NONZERO_TIMESHIFT_RELATIVE_TO_PR134_R0;B0_START_SITE_ABSENT_COMPLETE_PR134_DOMAIN
9020747,AIDC11,AIDC03,3,128,1,3,[128],False,False,NONZERO_PRESTART_RELOCATION_RELATIVE_TO_PR134_R0;NONZERO_TIMESHIFT_RELATIVE_TO_PR134_R0;B0_START_SITE_ABSENT_COMPLETE_PR134_DOMAIN
9020748,AIDC11,AIDC03,3,128,1,3,[128],False,False,NONZERO_PRESTART_RELOCATION_RELATIVE_TO_PR134_R0;NONZERO_TIMESHIFT_RELATIVE_TO_PR134_R0;B0_START_SITE_ABSENT_COMPLETE_PR134_DOMAIN
9020749,AIDC11,AIDC03,3,128,1,3,[128],False,False,NONZERO_PRESTART_RELOCATION_RELATIVE_TO_PR134_R0;NONZERO_TIMESHIFT_RELATIVE_TO_PR134_R0;B0_START_SITE_ABSENT_COMPLETE_PR134_DOMAIN
9020750,AIDC11,AIDC03,3,128,1,3,[128],False,False,NONZERO_PRESTART_RELOCATION_RELATIVE_TO_PR134_R0;NONZERO_TIMESHIFT_RELATIVE_TO_PR134_R0;B0_START_SITE_ABSENT_COMPLETE_PR134_DOMAIN
9020751,AIDC11,AIDC03,3,128,1,3,[128],False,False,NONZERO_PRESTART_RELOCATION_RELATIVE_TO_PR134_R0;NONZERO_TIMESHIFT_RELATIVE_TO_PR134_R0;B0_START_SITE_ABSENT_COMPLETE_PR134_DOMAIN
9020752,AIDC11,AIDC03,3,128,1,3,[128],False,False,NONZERO_PRESTART_RELOCATION_RELATIVE_TO_PR134_R0;NONZERO_TIMESHIFT_RELATIVE_TO_PR134_R0;B0_START_SITE_ABSENT_COMPLETE_PR134_DOMAIN
9020753,AIDC11,AIDC03,3,128,1,3,[128],False,False,NONZERO_PRESTART_RELOCATION_RELATIVE_TO_PR134_R0;NONZERO_TIMESHIFT_RELATIVE_TO_PR134_R0;B0_START_SITE_ABSENT_COMPLETE_PR134_DOMAIN
9020754,AIDC11,AIDC03,3,128,1,3,[128],False,False,NONZERO_PRESTART_RELOCATION_RELATIVE_TO_PR134_R0;NONZERO_TIMESHIFT_RELATIVE_TO_PR134_R0;B0_START_SITE_ABSENT_COMPLETE_PR134_DOMAIN
9020755,AIDC11,AIDC03,3,128,1,3,[128],False,False,NONZERO_PRESTART_RELOCATION_RELATIVE_TO_PR134_R0;NONZERO_TIMESHIFT_RELATIVE_TO_PR134_R0;B0_START_SITE_ABSENT_COMPLETE_PR134_DOMAIN
9020756,AIDC11,AIDC03,3,128,1,3,[128],False,False,NONZERO_PRESTART_RELOCATION_RELATIVE_TO_PR134_R0;NONZERO_TIMESHIFT_RELATIVE_TO_PR134_R0;B0_START_SITE_ABSENT_COMPLETE_PR134_DOMAIN
9020757,AIDC11,AIDC03,3,128,1,3,[128],False,False,NONZERO_PRESTART_RELOCATION_RELATIVE_TO_PR134_R0;NONZERO_TIMESHIFT_RELATIVE_TO_PR134_R0;B0_START_SITE_ABSENT_COMPLETE_PR134_DOMAIN
9020758,AIDC11,AIDC03,3,128,1,3,[128],False,False,NONZERO_PRESTART_RELOCATION_RELATIVE_TO_PR134_R0;NONZERO_TIMESHIFT_RELATIVE_TO_PR134_R0;B0_START_SITE_ABSENT_COMPLETE_PR134_DOMAIN
9020759,AIDC11,AIDC03,3,128,1,3,[128],False,False,NONZERO_PRESTART_RELOCATION_RELATIVE_TO_PR134_R0;NONZERO_TIMESHIFT_RELATIVE_TO_PR134_R0;B0_START_SITE_ABSENT_COMPLETE_PR134_DOMAIN
9020760,AIDC11,AIDC03,3,128,1,3,[128],False,False,NONZERO_PRESTART_RELOCATION_RELATIVE_TO_PR134_R0;NONZERO_TIMESHIFT_RELATIVE_TO_PR134_R0;B0_START_SITE_ABSENT_COMPLETE_PR134_DOMAIN
9020761,AIDC11,AIDC03,3,128,1,3,[128],False,False,NONZERO_PRESTART_RELOCATION_RELATIVE_TO_PR134_R0;NONZERO_TIMESHIFT_RELATIVE_TO_PR134_R0;B0_START_SITE_ABSENT_COMPLETE_PR134_DOMAIN
9020762,AIDC11,AIDC04,3,128,1,3,[128],False,False,NONZERO_PRESTART_RELOCATION_RELATIVE_TO_PR134_R0;NONZERO_TIMESHIFT_RELATIVE_TO_PR134_R0;B0_START_SITE_ABSENT_COMPLETE_PR134_DOMAIN
9020763,AIDC11,AIDC04,3,128,1,3,[128],False,False,NONZERO_PRESTART_RELOCATION_RELATIVE_TO_PR134_R0;NONZERO_TIMESHIFT_RELATIVE_TO_PR134_R0;B0_START_SITE_ABSENT_COMPLETE_PR134_DOMAIN
9020764,AIDC11,AIDC04,3,128,1,3,[128],False,False,NONZERO_PRESTART_RELOCATION_RELATIVE_TO_PR134_R0;NONZERO_TIMESHIFT_RELATIVE_TO_PR134_R0;B0_START_SITE_ABSENT_COMPLETE_PR134_DOMAIN
9020765,AIDC11,AIDC04,3,128,1,3,[128],False,False,NONZERO_PRESTART_RELOCATION_RELATIVE_TO_PR134_R0;NONZERO_TIMESHIFT_RELATIVE_TO_PR134_R0;B0_START_SITE_ABSENT_COMPLETE_PR134_DOMAIN
9020766,AIDC11,AIDC04,3,128,1,3,[128],False,False,NONZERO_PRESTART_RELOCATION_RELATIVE_TO_PR134_R0;NONZERO_TIMESHIFT_RELATIVE_TO_PR134_R0;B0_START_SITE_ABSENT_COMPLETE_PR134_DOMAIN
9020767,AIDC11,AIDC06,3,128,1,3,[128],False,False,NONZERO_PRESTART_RELOCATION_RELATIVE_TO_PR134_R0;NONZERO_TIMESHIFT_RELATIVE_TO_PR134_R0;B0_START_SITE_ABSENT_COMPLETE_PR134_DOMAIN
9020768,AIDC11,AIDC06,3,128,1,3,[128],False,False,NONZERO_PRESTART_RELOCATION_RELATIVE_TO_PR134_R0;NONZERO_TIMESHIFT_RELATIVE_TO_PR134_R0;B0_START_SITE_ABSENT_COMPLETE_PR134_DOMAIN
9020769,AIDC11,AIDC06,3,128,1,3,[128],False,False,NONZERO_PRESTART_RELOCATION_RELATIVE_TO_PR134_R0;NONZERO_TIMESHIFT_RELATIVE_TO_PR134_R0;B0_START_SITE_ABSENT_COMPLETE_PR134_DOMAIN
9020770,AIDC11,AIDC06,3,128,1,3,[128],False,False,NONZERO_PRESTART_RELOCATION_RELATIVE_TO_PR134_R0;NONZERO_TIMESHIFT_RELATIVE_TO_PR134_R0;B0_START_SITE_ABSENT_COMPLETE_PR134_DOMAIN
9020771,AIDC11,AIDC06,3,128,1,3,[128],False,False,NONZERO_PRESTART_RELOCATION_RELATIVE_TO_PR134_R0;NONZERO_TIMESHIFT_RELATIVE_TO_PR134_R0;B0_START_SITE_ABSENT_COMPLETE_PR134_DOMAIN
9020772,AIDC11,AIDC06,3,128,1,3,[128],False,False,NONZERO_PRESTART_RELOCATION_RELATIVE_TO_PR134_R0;NONZERO_TIMESHIFT_RELATIVE_TO_PR134_R0;B0_START_SITE_ABSENT_COMPLETE_PR134_DOMAIN
9020773,AIDC11,AIDC06,3,128,1,3,[128],False,False,NONZERO_PRESTART_RELOCATION_RELATIVE_TO_PR134_R0;NONZERO_TIMESHIFT_RELATIVE_TO_PR134_R0;B0_START_SITE_ABSENT_COMPLETE_PR134_DOMAIN
9020774,AIDC11,AIDC06,3,128,1,3,[128],False,False,NONZERO_PRESTART_RELOCATION_RELATIVE_TO_PR134_R0;NONZERO_TIMESHIFT_RELATIVE_TO_PR134_R0;B0_START_SITE_ABSENT_COMPLETE_PR134_DOMAIN
9020775,AIDC11,AIDC06,3,128,1,3,[128],False,False,NONZERO_PRESTART_RELOCATION_RELATIVE_TO_PR134_R0;NONZERO_TIMESHIFT_RELATIVE_TO_PR134_R0;B0_START_SITE_ABSENT_COMPLETE_PR134_DOMAIN
9020776,AIDC11,AIDC06,3,128,1,3,[128],False,False,NONZERO_PRESTART_RELOCATION_RELATIVE_TO_PR134_R0;NONZERO_TIMESHIFT_RELATIVE_TO_PR134_R0;B0_START_SITE_ABSENT_COMPLETE_PR134_DOMAIN
9020777,AIDC11,AIDC06,3,128,1,3,[128],False,False,NONZERO_PRESTART_RELOCATION_RELATIVE_TO_PR134_R0;NONZERO_TIMESHIFT_RELATIVE_TO_PR134_R0;B0_START_SITE_ABSENT_COMPLETE_PR134_DOMAIN
9020778,AIDC11,AIDC06,3,128,1,3,[128],False,False,NONZERO_PRESTART_RELOCATION_RELATIVE_TO_PR134_R0;NONZERO_TIMESHIFT_RELATIVE_TO_PR134_R0;B0_START_SITE_ABSENT_COMPLETE_PR134_DOMAIN
9020779,AIDC11,AIDC06,3,128,1,3,[128],False,False,NONZERO_PRESTART_RELOCATION_RELATIVE_TO_PR134_R0;NONZERO_TIMESHIFT_RELATIVE_TO_PR134_R0;B0_START_SITE_ABSENT_COMPLETE_PR134_DOMAIN
9020780,AIDC12,AIDC06,3,128,1,3,[128],False,False,NONZERO_PRESTART_RELOCATION_RELATIVE_TO_PR134_R0;NONZERO_TIMESHIFT_RELATIVE_TO_PR134_R0;B0_START_SITE_ABSENT_COMPLETE_PR134_DOMAIN
9020781,AIDC12,AIDC06,3,128,1,3,[128],False,False,NONZERO_PRESTART_RELOCATION_RELATIVE_TO_PR134_R0;NONZERO_TIMESHIFT_RELATIVE_TO_PR134_R0;B0_START_SITE_ABSENT_COMPLETE_PR134_DOMAIN
9020782,AIDC12,AIDC06,3,128,1,3,[128],False,False,NONZERO_PRESTART_RELOCATION_RELATIVE_TO_PR134_R0;NONZERO_TIMESHIFT_RELATIVE_TO_PR134_R0;B0_START_SITE_ABSENT_COMPLETE_PR134_DOMAIN
9020783,AIDC12,AIDC06,3,128,1,3,[128],False,False,NONZERO_PRESTART_RELOCATION_RELATIVE_TO_PR134_R0;NONZERO_TIMESHIFT_RELATIVE_TO_PR134_R0;B0_START_SITE_ABSENT_COMPLETE_PR134_DOMAIN
9020784,AIDC12,AIDC06,3,128,1,3,[128],False,False,NONZERO_PRESTART_RELOCATION_RELATIVE_TO_PR134_R0;NONZERO_TIMESHIFT_RELATIVE_TO_PR134_R0;B0_START_SITE_ABSENT_COMPLETE_PR134_DOMAIN
9020785,AIDC12,AIDC06,3,128,1,3,[128],False,False,NONZERO_PRESTART_RELOCATION_RELATIVE_TO_PR134_R0;NONZERO_TIMESHIFT_RELATIVE_TO_PR134_R0;B0_START_SITE_ABSENT_COMPLETE_PR134_DOMAIN
9020786,AIDC12,AIDC06,3,128,1,3,[128],False,False,NONZERO_PRESTART_RELOCATION_RELATIVE_TO_PR134_R0;NONZERO_TIMESHIFT_RELATIVE_TO_PR134_R0;B0_START_SITE_ABSENT_COMPLETE_PR134_DOMAIN
9020787,AIDC12,AIDC06,3,128,1,3,[128],False,False,NONZERO_PRESTART_RELOCATION_RELATIVE_TO_PR134_R0;NONZERO_TIMESHIFT_RELATIVE_TO_PR134_R0;B0_START_SITE_ABSENT_COMPLETE_PR134_DOMAIN
9020788,AIDC12,AIDC06,3,128,1,3,[128],False,False,NONZERO_PRESTART_RELOCATION_RELATIVE_TO_PR134_R0;NONZERO_TIMESHIFT_RELATIVE_TO_PR134_R0;B0_START_SITE_ABSENT_COMPLETE_PR134_DOMAIN
9020789,AIDC12,AIDC06,3,128,1,3,[128],False,False,NONZERO_PRESTART_RELOCATION_RELATIVE_TO_PR134_R0;NONZERO_TIMESHIFT_RELATIVE_TO_PR134_R0;B0_START_SITE_ABSENT_COMPLETE_PR134_DOMAIN
9020790,AIDC12,AIDC06,3,128,1,3,[128],False,False,NONZERO_PRESTART_RELOCATION_RELATIVE_TO_PR134_R0;NONZERO_TIMESHIFT_RELATIVE_TO_PR134_R0;B0_START_SITE_ABSENT_COMPLETE_PR134_DOMAIN
9020791,AIDC12,AIDC05,3,130,1,3,[130],False,False,NONZERO_PRESTART_RELOCATION_RELATIVE_TO_PR134_R0;NONZERO_TIMESHIFT_RELATIVE_TO_PR134_R0;B0_START_SITE_ABSENT_COMPLETE_PR134_DOMAIN
9020792,AIDC12,AIDC05,3,130,1,3,[130],False,False,NONZERO_PRESTART_RELOCATION_RELATIVE_TO_PR134_R0;NONZERO_TIMESHIFT_RELATIVE_TO_PR134_R0;B0_START_SITE_ABSENT_COMPLETE_PR134_DOMAIN
9020793,AIDC12,AIDC05,3,130,1,3,[130],False,False,NONZERO_PRESTART_RELOCATION_RELATIVE_TO_PR134_R0;NONZERO_TIMESHIFT_RELATIVE_TO_PR134_R0;B0_START_SITE_ABSENT_COMPLETE_PR134_DOMAIN
9020794,AIDC12,AIDC05,3,130,1,3,[130],False,False,NONZERO_PRESTART_RELOCATION_RELATIVE_TO_PR134_R0;NONZERO_TIMESHIFT_RELATIVE_TO_PR134_R0;B0_START_SITE_ABSENT_COMPLETE_PR134_DOMAIN
9020795,AIDC12,AIDC05,3,130,1,3,[130],False,False,NONZERO_PRESTART_RELOCATION_RELATIVE_TO_PR134_R0;NONZERO_TIMESHIFT_RELATIVE_TO_PR134_R0;B0_START_SITE_ABSENT_COMPLETE_PR134_DOMAIN
9020796,AIDC12,AIDC05,3,130,1,3,[130],False,False,NONZERO_PRESTART_RELOCATION_RELATIVE_TO_PR134_R0;NONZERO_TIMESHIFT_RELATIVE_TO_PR134_R0;B0_START_SITE_ABSENT_COMPLETE_PR134_DOMAIN
9020797,AIDC12,AIDC05,3,130,1,3,[130],False,False,NONZERO_PRESTART_RELOCATION_RELATIVE_TO_PR134_R0;NONZERO_TIMESHIFT_RELATIVE_TO_PR134_R0;B0_START_SITE_ABSENT_COMPLETE_PR134_DOMAIN
9020798,AIDC12,AIDC05,3,130,1,3,[130],False,False,NONZERO_PRESTART_RELOCATION_RELATIVE_TO_PR134_R0;NONZERO_TIMESHIFT_RELATIVE_TO_PR134_R0;B0_START_SITE_ABSENT_COMPLETE_PR134_DOMAIN
9020799,AIDC12,AIDC06,3,130,1,3,[130],False,False,NONZERO_PRESTART_RELOCATION_RELATIVE_TO_PR134_R0;NONZERO_TIMESHIFT_RELATIVE_TO_PR134_R0;B0_START_SITE_ABSENT_COMPLETE_PR134_DOMAIN
9020800,AIDC12,AIDC05,3,135,1,3,[135],False,False,NONZERO_PRESTART_RELOCATION_RELATIVE_TO_PR134_R0;NONZERO_TIMESHIFT_RELATIVE_TO_PR134_R0;B0_START_SITE_ABSENT_COMPLETE_PR134_DOMAIN
9020801,AIDC12,AIDC05,3,135,1,3,[135],False,False,NONZERO_PRESTART_RELOCATION_RELATIVE_TO_PR134_R0;NONZERO_TIMESHIFT_RELATIVE_TO_PR134_R0;B0_START_SITE_ABSENT_COMPLETE_PR134_DOMAIN
9020802,AIDC12,AIDC05,3,135,1,3,[135],False,False,NONZERO_PRESTART_RELOCATION_RELATIVE_TO_PR134_R0;NONZERO_TIMESHIFT_RELATIVE_TO_PR134_R0;B0_START_SITE_ABSENT_COMPLETE_PR134_DOMAIN
9020803,AIDC12,AIDC05,3,135,1,3,[135],False,False,NONZERO_PRESTART_RELOCATION_RELATIVE_TO_PR134_R0;NONZERO_TIMESHIFT_RELATIVE_TO_PR134_R0;B0_START_SITE_ABSENT_COMPLETE_PR134_DOMAIN
9020804,AIDC12,AIDC05,3,135,1,3,[135],False,False,NONZERO_PRESTART_RELOCATION_RELATIVE_TO_PR134_R0;NONZERO_TIMESHIFT_RELATIVE_TO_PR134_R0;B0_START_SITE_ABSENT_COMPLETE_PR134_DOMAIN
9020805,AIDC12,AIDC05,3,135,1,3,[135],False,False,NONZERO_PRESTART_RELOCATION_RELATIVE_TO_PR134_R0;NONZERO_TIMESHIFT_RELATIVE_TO_PR134_R0;B0_START_SITE_ABSENT_COMPLETE_PR134_DOMAIN
9020806,AIDC12,AIDC05,3,135,1,3,[135],False,False,NONZERO_PRESTART_RELOCATION_RELATIVE_TO_PR134_R0;NONZERO_TIMESHIFT_RELATIVE_TO_PR134_R0;B0_START_SITE_ABSENT_COMPLETE_PR134_DOMAIN
9020807,AIDC12,AIDC05,3,135,1,3,[135],False,False,NONZERO_PRESTART_RELOCATION_RELATIVE_TO_PR134_R0;NONZERO_TIMESHIFT_RELATIVE_TO_PR134_R0;B0_START_SITE_ABSENT_COMPLETE_PR134_DOMAIN
9020808,AIDC12,AIDC05,3,138,1,3,[138],False,False,NONZERO_PRESTART_RELOCATION_RELATIVE_TO_PR134_R0;NONZERO_TIMESHIFT_RELATIVE_TO_PR134_R0;B0_START_SITE_ABSENT_COMPLETE_PR134_DOMAIN
9020809,AIDC12,AIDC05,3,138,1,3,[138],False,False,NONZERO_PRESTART_RELOCATION_RELATIVE_TO_PR134_R0;NONZERO_TIMESHIFT_RELATIVE_TO_PR134_R0;B0_START_SITE_ABSENT_COMPLETE_PR134_DOMAIN
9020810,AIDC12,AIDC05,3,138,1,3,[138],False,False,NONZERO_PRESTART_RELOCATION_RELATIVE_TO_PR134_R0;NONZERO_TIMESHIFT_RELATIVE_TO_PR134_R0;B0_START_SITE_ABSENT_COMPLETE_PR134_DOMAIN
9020811,AIDC12,AIDC05,3,138,1,3,[138],False,False,NONZERO_PRESTART_RELOCATION_RELATIVE_TO_PR134_R0;NONZERO_TIMESHIFT_RELATIVE_TO_PR134_R0;B0_START_SITE_ABSENT_COMPLETE_PR134_DOMAIN
9020812,AIDC12,AIDC05,3,138,1,3,[138],False,False,NONZERO_PRESTART_RELOCATION_RELATIVE_TO_PR134_R0;NONZERO_TIMESHIFT_RELATIVE_TO_PR134_R0;B0_START_SITE_ABSENT_COMPLETE_PR134_DOMAIN
9020813,AIDC12,AIDC05,3,138,1,3,[138],False,False,NONZERO_PRESTART_RELOCATION_RELATIVE_TO_PR134_R0;NONZERO_TIMESHIFT_RELATIVE_TO_PR134_R0;B0_START_SITE_ABSENT_COMPLETE_PR134_DOMAIN
9020814,AIDC12,AIDC05,3,138,1,3,[138],False,False,NONZERO_PRESTART_RELOCATION_RELATIVE_TO_PR134_R0;NONZERO_TIMESHIFT_RELATIVE_TO_PR134_R0;B0_START_SITE_ABSENT_COMPLETE_PR134_DOMAIN
9020815,AIDC12,AIDC05,3,138,1,3,[138],False,False,NONZERO_PRESTART_RELOCATION_RELATIVE_TO_PR134_R0;NONZERO_TIMESHIFT_RELATIVE_TO_PR134_R0;B0_START_SITE_ABSENT_COMPLETE_PR134_DOMAIN
9020816,AIDC12,AIDC05,3,139,1,3,[139],False,False,NONZERO_PRESTART_RELOCATION_RELATIVE_TO_PR134_R0;NONZERO_TIMESHIFT_RELATIVE_TO_PR134_R0;B0_START_SITE_ABSENT_COMPLETE_PR134_DOMAIN
9020817,AIDC12,AIDC05,3,139,1,3,[139],False,False,NONZERO_PRESTART_RELOCATION_RELATIVE_TO_PR134_R0;NONZERO_TIMESHIFT_RELATIVE_TO_PR134_R0;B0_START_SITE_ABSENT_COMPLETE_PR134_DOMAIN
9020818,AIDC12,AIDC05,3,139,1,3,[139],False,False,NONZERO_PRESTART_RELOCATION_RELATIVE_TO_PR134_R0;NONZERO_TIMESHIFT_RELATIVE_TO_PR134_R0;B0_START_SITE_ABSENT_COMPLETE_PR134_DOMAIN
9020819,AIDC12,AIDC05,3,139,1,3,[139],False,False,NONZERO_PRESTART_RELOCATION_RELATIVE_TO_PR134_R0;NONZERO_TIMESHIFT_RELATIVE_TO_PR134_R0;B0_START_SITE_ABSENT_COMPLETE_PR134_DOMAIN
9020820,AIDC12,AIDC05,3,139,1,3,[139],False,False,NONZERO_PRESTART_RELOCATION_RELATIVE_TO_PR134_R0;NONZERO_TIMESHIFT_RELATIVE_TO_PR134_R0;B0_START_SITE_ABSENT_COMPLETE_PR134_DOMAIN
9020821,AIDC12,AIDC05,3,139,1,3,[139],False,False,NONZERO_PRESTART_RELOCATION_RELATIVE_TO_PR134_R0;NONZERO_TIMESHIFT_RELATIVE_TO_PR134_R0;B0_START_SITE_ABSENT_COMPLETE_PR134_DOMAIN
9020822,AIDC12,AIDC05,3,139,1,3,[139],False,False,NONZERO_PRESTART_RELOCATION_RELATIVE_TO_PR134_R0;NONZERO_TIMESHIFT_RELATIVE_TO_PR134_R0;B0_START_SITE_ABSENT_COMPLETE_PR134_DOMAIN
9020823,AIDC12,AIDC05,3,139,1,3,[139],False,False,NONZERO_PRESTART_RELOCATION_RELATIVE_TO_PR134_R0;NONZERO_TIMESHIFT_RELATIVE_TO_PR134_R0;B0_START_SITE_ABSENT_COMPLETE_PR134_DOMAIN
9020824,AIDC12,AIDC05,3,142,1,3,[142],False,False,NONZERO_PRESTART_RELOCATION_RELATIVE_TO_PR134_R0;NONZERO_TIMESHIFT_RELATIVE_TO_PR134_R0;B0_START_SITE_ABSENT_COMPLETE_PR134_DOMAIN
9020825,AIDC12,AIDC05,3,142,1,3,[142],False,False,NONZERO_PRESTART_RELOCATION_RELATIVE_TO_PR134_R0;NONZERO_TIMESHIFT_RELATIVE_TO_PR134_R0;B0_START_SITE_ABSENT_COMPLETE_PR134_DOMAIN
9020826,AIDC12,AIDC05,3,142,1,3,[142],False,False,NONZERO_PRESTART_RELOCATION_RELATIVE_TO_PR134_R0;NONZERO_TIMESHIFT_RELATIVE_TO_PR134_R0;B0_START_SITE_ABSENT_COMPLETE_PR134_DOMAIN
9020827,AIDC12,AIDC05,3,142,1,3,[142],False,False,NONZERO_PRESTART_RELOCATION_RELATIVE_TO_PR134_R0;NONZERO_TIMESHIFT_RELATIVE_TO_PR134_R0;B0_START_SITE_ABSENT_COMPLETE_PR134_DOMAIN
9020828,AIDC12,AIDC05,3,142,1,3,[142],False,False,NONZERO_PRESTART_RELOCATION_RELATIVE_TO_PR134_R0;NONZERO_TIMESHIFT_RELATIVE_TO_PR134_R0;B0_START_SITE_ABSENT_COMPLETE_PR134_DOMAIN
9020829,AIDC12,AIDC05,3,142,1,3,[142],False,False,NONZERO_PRESTART_RELOCATION_RELATIVE_TO_PR134_R0;NONZERO_TIMESHIFT_RELATIVE_TO_PR134_R0;B0_START_SITE_ABSENT_COMPLETE_PR134_DOMAIN
9020830,AIDC12,AIDC05,3,142,1,3,[142],False,False,NONZERO_PRESTART_RELOCATION_RELATIVE_TO_PR134_R0;NONZERO_TIMESHIFT_RELATIVE_TO_PR134_R0;B0_START_SITE_ABSENT_COMPLETE_PR134_DOMAIN
9020831,AIDC12,AIDC05,3,142,1,3,[142],False,False,NONZERO_PRESTART_RELOCATION_RELATIVE_TO_PR134_R0;NONZERO_TIMESHIFT_RELATIVE_TO_PR134_R0;B0_START_SITE_ABSENT_COMPLETE_PR134_DOMAIN
9020832,AIDC12,AIDC05,3,144,1,3,[144],False,False,NONZERO_PRESTART_RELOCATION_RELATIVE_TO_PR134_R0;NONZERO_TIMESHIFT_RELATIVE_TO_PR134_R0;B0_START_SITE_ABSENT_COMPLETE_PR134_DOMAIN
9020833,AIDC12,AIDC05,3,144,1,3,[144],False,False,NONZERO_PRESTART_RELOCATION_RELATIVE_TO_PR134_R0;NONZERO_TIMESHIFT_RELATIVE_TO_PR134_R0;B0_START_SITE_ABSENT_COMPLETE_PR134_DOMAIN
9020834,AIDC12,AIDC05,3,144,1,3,[144],False,False,NONZERO_PRESTART_RELOCATION_RELATIVE_TO_PR134_R0;NONZERO_TIMESHIFT_RELATIVE_TO_PR134_R0;B0_START_SITE_ABSENT_COMPLETE_PR134_DOMAIN
9020835,AIDC12,AIDC05,3,144,1,3,[144],False,False,NONZERO_PRESTART_RELOCATION_RELATIVE_TO_PR134_R0;NONZERO_TIMESHIFT_RELATIVE_TO_PR134_R0;B0_START_SITE_ABSENT_COMPLETE_PR134_DOMAIN
9020836,AIDC12,AIDC05,3,144,1,3,[144],False,False,NONZERO_PRESTART_RELOCATION_RELATIVE_TO_PR134_R0;NONZERO_TIMESHIFT_RELATIVE_TO_PR134_R0;B0_START_SITE_ABSENT_COMPLETE_PR134_DOMAIN
9020837,AIDC12,AIDC05,3,144,1,3,[144],False,False,NONZERO_PRESTART_RELOCATION_RELATIVE_TO_PR134_R0;NONZERO_TIMESHIFT_RELATIVE_TO_PR134_R0;B0_START_SITE_ABSENT_COMPLETE_PR134_DOMAIN
9020838,AIDC12,AIDC05,3,144,1,3,[144],False,False,NONZERO_PRESTART_RELOCATION_RELATIVE_TO_PR134_R0;NONZERO_TIMESHIFT_RELATIVE_TO_PR134_R0;B0_START_SITE_ABSENT_COMPLETE_PR134_DOMAIN
9020839,AIDC12,AIDC05,3,144,1,3,[144],False,False,NONZERO_PRESTART_RELOCATION_RELATIVE_TO_PR134_R0;NONZERO_TIMESHIFT_RELATIVE_TO_PR134_R0;B0_START_SITE_ABSENT_COMPLETE_PR134_DOMAIN
9020840,AIDC12,AIDC05,3,144,1,3,[144],False,False,NONZERO_PRESTART_RELOCATION_RELATIVE_TO_PR134_R0;NONZERO_TIMESHIFT_RELATIVE_TO_PR134_R0;B0_START_SITE_ABSENT_COMPLETE_PR134_DOMAIN
9020841,AIDC12,AIDC05,3,144,1,3,[144],False,False,NONZERO_PRESTART_RELOCATION_RELATIVE_TO_PR134_R0;NONZERO_TIMESHIFT_RELATIVE_TO_PR134_R0;B0_START_SITE_ABSENT_COMPLETE_PR134_DOMAIN
9020842,AIDC12,AIDC05,3,144,1,3,[144],False,False,NONZERO_PRESTART_RELOCATION_RELATIVE_TO_PR134_R0;NONZERO_TIMESHIFT_RELATIVE_TO_PR134_R0;B0_START_SITE_ABSENT_COMPLETE_PR134_DOMAIN
9020843,AIDC12,AIDC05,3,144,1,3,[144],False,False,NONZERO_PRESTART_RELOCATION_RELATIVE_TO_PR134_R0;NONZERO_TIMESHIFT_RELATIVE_TO_PR134_R0;B0_START_SITE_ABSENT_COMPLETE_PR134_DOMAIN
9020844,AIDC12,AIDC05,3,144,1,3,[144],False,False,NONZERO_PRESTART_RELOCATION_RELATIVE_TO_PR134_R0;NONZERO_TIMESHIFT_RELATIVE_TO_PR134_R0;B0_START_SITE_ABSENT_COMPLETE_PR134_DOMAIN
9020845,AIDC12,AIDC05,3,144,1,3,[144],False,False,NONZERO_PRESTART_RELOCATION_RELATIVE_TO_PR134_R0;NONZERO_TIMESHIFT_RELATIVE_TO_PR134_R0;B0_START_SITE_ABSENT_COMPLETE_PR134_DOMAIN
9020846,AIDC12,AIDC05,3,144,1,3,[144],False,False,NONZERO_PRESTART_RELOCATION_RELATIVE_TO_PR134_R0;NONZERO_TIMESHIFT_RELATIVE_TO_PR134_R0;B0_START_SITE_ABSENT_COMPLETE_PR134_DOMAIN
9020847,AIDC12,AIDC05,3,144,1,3,[144],False,False,NONZERO_PRESTART_RELOCATION_RELATIVE_TO_PR134_R0;NONZERO_TIMESHIFT_RELATIVE_TO_PR134_R0;B0_START_SITE_ABSENT_COMPLETE_PR134_DOMAIN
9020848,AIDC12,AIDC01,3,147,1,3,[147],False,False,NONZERO_PRESTART_RELOCATION_RELATIVE_TO_PR134_R0;NONZERO_TIMESHIFT_RELATIVE_TO_PR134_R0;B0_START_SITE_ABSENT_COMPLETE_PR134_DOMAIN
9020849,AIDC12,AIDC01,3,147,1,3,[147],False,False,NONZERO_PRESTART_RELOCATION_RELATIVE_TO_PR134_R0;NONZERO_TIMESHIFT_RELATIVE_TO_PR134_R0;B0_START_SITE_ABSENT_COMPLETE_PR134_DOMAIN
9020850,AIDC12,AIDC06,3,147,1,3,[147],False,False,NONZERO_PRESTART_RELOCATION_RELATIVE_TO_PR134_R0;NONZERO_TIMESHIFT_RELATIVE_TO_PR134_R0;B0_START_SITE_ABSENT_COMPLETE_PR134_DOMAIN
9020851,AIDC12,AIDC06,3,147,1,3,[147],False,False,NONZERO_PRESTART_RELOCATION_RELATIVE_TO_PR134_R0;NONZERO_TIMESHIFT_RELATIVE_TO_PR134_R0;B0_START_SITE_ABSENT_COMPLETE_PR134_DOMAIN
9020852,AIDC12,AIDC06,3,147,1,3,[147],False,False,NONZERO_PRESTART_RELOCATION_RELATIVE_TO_PR134_R0;NONZERO_TIMESHIFT_RELATIVE_TO_PR134_R0;B0_START_SITE_ABSENT_COMPLETE_PR134_DOMAIN
9020853,AIDC12,AIDC06,3,147,1,3,[147],False,False,NONZERO_PRESTART_RELOCATION_RELATIVE_TO_PR134_R0;NONZERO_TIMESHIFT_RELATIVE_TO_PR134_R0;B0_START_SITE_ABSENT_COMPLETE_PR134_DOMAIN
9020854,AIDC12,AIDC06,3,147,1,3,[147],False,False,NONZERO_PRESTART_RELOCATION_RELATIVE_TO_PR134_R0;NONZERO_TIMESHIFT_RELATIVE_TO_PR134_R0;B0_START_SITE_ABSENT_COMPLETE_PR134_DOMAIN
9020855,AIDC12,AIDC06,3,147,1,3,[147],False,False,NONZERO_PRESTART_RELOCATION_RELATIVE_TO_PR134_R0;NONZERO_TIMESHIFT_RELATIVE_TO_PR134_R0;B0_START_SITE_ABSENT_COMPLETE_PR134_DOMAIN
9020856,AIDC12,AIDC06,3,147,1,3,[147],False,False,NONZERO_PRESTART_RELOCATION_RELATIVE_TO_PR134_R0;NONZERO_TIMESHIFT_RELATIVE_TO_PR134_R0;B0_START_SITE_ABSENT_COMPLETE_PR134_DOMAIN
9020857,AIDC12,AIDC06,3,147,1,3,[147],False,False,NONZERO_PRESTART_RELOCATION_RELATIVE_TO_PR134_R0;NONZERO_TIMESHIFT_RELATIVE_TO_PR134_R0;B0_START_SITE_ABSENT_COMPLETE_PR134_DOMAIN
9020858,AIDC12,AIDC07,3,147,1,3,[147],False,False,NONZERO_PRESTART_RELOCATION_RELATIVE_TO_PR134_R0;NONZERO_TIMESHIFT_RELATIVE_TO_PR134_R0;B0_START_SITE_ABSENT_COMPLETE_PR134_DOMAIN
9020859,AIDC12,AIDC07,3,147,1,3,[147],False,False,NONZERO_PRESTART_RELOCATION_RELATIVE_TO_PR134_R0;NONZERO_TIMESHIFT_RELATIVE_TO_PR134_R0;B0_START_SITE_ABSENT_COMPLETE_PR134_DOMAIN
9020860,AIDC08,AIDC07,4,147,1,3,[147],False,False,NONZERO_PRESTART_RELOCATION_RELATIVE_TO_PR134_R0;NONZERO_TIMESHIFT_RELATIVE_TO_PR134_R0;B0_START_SITE_ABSENT_COMPLETE_PR134_DOMAIN
9020861,AIDC08,AIDC07,4,147,1,3,[147],False,False,NONZERO_PRESTART_RELOCATION_RELATIVE_TO_PR134_R0;NONZERO_TIMESHIFT_RELATIVE_TO_PR134_R0;B0_START_SITE_ABSENT_COMPLETE_PR134_DOMAIN
9020862,AIDC08,AIDC07,4,147,1,3,[147],False,False,NONZERO_PRESTART_RELOCATION_RELATIVE_TO_PR134_R0;NONZERO_TIMESHIFT_RELATIVE_TO_PR134_R0;B0_START_SITE_ABSENT_COMPLETE_PR134_DOMAIN
9020863,AIDC01,AIDC07,5,147,1,3,[147],False,False,NONZERO_PRESTART_RELOCATION_RELATIVE_TO_PR134_R0;NONZERO_TIMESHIFT_RELATIVE_TO_PR134_R0;B0_START_SITE_ABSENT_COMPLETE_PR134_DOMAIN
9020864,AIDC01,AIDC07,5,147,1,3,[147],False,False,NONZERO_PRESTART_RELOCATION_RELATIVE_TO_PR134_R0;NONZERO_TIMESHIFT_RELATIVE_TO_PR134_R0;B0_START_SITE_ABSENT_COMPLETE_PR134_DOMAIN
9020865,AIDC01,AIDC07,5,147,1,3,[147],False,False,NONZERO_PRESTART_RELOCATION_RELATIVE_TO_PR134_R0;NONZERO_TIMESHIFT_RELATIVE_TO_PR134_R0;B0_START_SITE_ABSENT_COMPLETE_PR134_DOMAIN
9020866,AIDC01,AIDC09,5,147,1,3,[147],False,False,NONZERO_PRESTART_RELOCATION_RELATIVE_TO_PR134_R0;NONZERO_TIMESHIFT_RELATIVE_TO_PR134_R0;B0_START_SITE_ABSENT_COMPLETE_PR134_DOMAIN
9020867,AIDC01,AIDC11,5,148,1,3,[148],False,False,NONZERO_PRESTART_RELOCATION_RELATIVE_TO_PR134_R0;NONZERO_TIMESHIFT_RELATIVE_TO_PR134_R0;B0_START_SITE_ABSENT_COMPLETE_PR134_DOMAIN
9020868,AIDC01,AIDC11,5,148,1,3,[148],False,False,NONZERO_PRESTART_RELOCATION_RELATIVE_TO_PR134_R0;NONZERO_TIMESHIFT_RELATIVE_TO_PR134_R0;B0_START_SITE_ABSENT_COMPLETE_PR134_DOMAIN
9020869,AIDC01,AIDC11,5,148,1,3,[148],False,False,NONZERO_PRESTART_RELOCATION_RELATIVE_TO_PR134_R0;NONZERO_TIMESHIFT_RELATIVE_TO_PR134_R0;B0_START_SITE_ABSENT_COMPLETE_PR134_DOMAIN
9020870,AIDC01,AIDC11,5,148,1,3,[148],False,False,NONZERO_PRESTART_RELOCATION_RELATIVE_TO_PR134_R0;NONZERO_TIMESHIFT_RELATIVE_TO_PR134_R0;B0_START_SITE_ABSENT_COMPLETE_PR134_DOMAIN
9020871,AIDC01,AIDC11,5,148,1,3,[148],False,False,NONZERO_PRESTART_RELOCATION_RELATIVE_TO_PR134_R0;NONZERO_TIMESHIFT_RELATIVE_TO_PR134_R0;B0_START_SITE_ABSENT_COMPLETE_PR134_DOMAIN
9020872,AIDC01,AIDC11,5,148,1,3,[148],False,False,NONZERO_PRESTART_RELOCATION_RELATIVE_TO_PR134_R0;NONZERO_TIMESHIFT_RELATIVE_TO_PR134_R0;B0_START_SITE_ABSENT_COMPLETE_PR134_DOMAIN
9020873,AIDC01,AIDC11,5,148,1,3,[148],False,False,NONZERO_PRESTART_RELOCATION_RELATIVE_TO_PR134_R0;NONZERO_TIMESHIFT_RELATIVE_TO_PR134_R0;B0_START_SITE_ABSENT_COMPLETE_PR134_DOMAIN
9020874,AIDC01,AIDC11,5,148,1,3,[148],False,False,NONZERO_PRESTART_RELOCATION_RELATIVE_TO_PR134_R0;NONZERO_TIMESHIFT_RELATIVE_TO_PR134_R0;B0_START_SITE_ABSENT_COMPLETE_PR134_DOMAIN
9020875,AIDC01,AIDC12,5,148,1,3,[148],False,False,NONZERO_PRESTART_RELOCATION_RELATIVE_TO_PR134_R0;NONZERO_TIMESHIFT_RELATIVE_TO_PR134_R0;B0_START_SITE_ABSENT_COMPLETE_PR134_DOMAIN
9020876,AIDC01,AIDC12,5,148,1,3,[148],False,False,NONZERO_PRESTART_RELOCATION_RELATIVE_TO_PR134_R0;NONZERO_TIMESHIFT_RELATIVE_TO_PR134_R0;B0_START_SITE_ABSENT_COMPLETE_PR134_DOMAIN
9020877,AIDC01,AIDC12,5,148,1,3,[148],False,False,NONZERO_PRESTART_RELOCATION_RELATIVE_TO_PR134_R0;NONZERO_TIMESHIFT_RELATIVE_TO_PR134_R0;B0_START_SITE_ABSENT_COMPLETE_PR134_DOMAIN
9020878,AIDC01,AIDC12,5,148,1,3,[148],False,False,NONZERO_PRESTART_RELOCATION_RELATIVE_TO_PR134_R0;NONZERO_TIMESHIFT_RELATIVE_TO_PR134_R0;B0_START_SITE_ABSENT_COMPLETE_PR134_DOMAIN
9020879,AIDC01,AIDC12,5,148,1,3,[148],False,False,NONZERO_PRESTART_RELOCATION_RELATIVE_TO_PR134_R0;NONZERO_TIMESHIFT_RELATIVE_TO_PR134_R0;B0_START_SITE_ABSENT_COMPLETE_PR134_DOMAIN
9020880,AIDC01,AIDC12,5,148,1,3,[148],False,False,NONZERO_PRESTART_RELOCATION_RELATIVE_TO_PR134_R0;NONZERO_TIMESHIFT_RELATIVE_TO_PR134_R0;B0_START_SITE_ABSENT_COMPLETE_PR134_DOMAIN
9020881,AIDC01,AIDC12,5,148,1,3,[148],False,False,NONZERO_PRESTART_RELOCATION_RELATIVE_TO_PR134_R0;NONZERO_TIMESHIFT_RELATIVE_TO_PR134_R0;B0_START_SITE_ABSENT_COMPLETE_PR134_DOMAIN
9020882,AIDC01,AIDC12,5,148,1,3,[148],False,False,NONZERO_PRESTART_RELOCATION_RELATIVE_TO_PR134_R0;NONZERO_TIMESHIFT_RELATIVE_TO_PR134_R0;B0_START_SITE_ABSENT_COMPLETE_PR134_DOMAIN
9020883,AIDC01,AIDC01,5,151,1,3,[151],False,False,NONZERO_TIMESHIFT_RELATIVE_TO_PR134_R0;B0_START_SITE_ABSENT_COMPLETE_PR134_DOMAIN
9020884,AIDC01,AIDC01,5,151,1,3,[151],False,False,NONZERO_TIMESHIFT_RELATIVE_TO_PR134_R0;B0_START_SITE_ABSENT_COMPLETE_PR134_DOMAIN
9020885,AIDC01,AIDC01,5,151,1,3,[151],False,False,NONZERO_TIMESHIFT_RELATIVE_TO_PR134_R0;B0_START_SITE_ABSENT_COMPLETE_PR134_DOMAIN
9020886,AIDC01,AIDC01,5,151,1,3,[151],False,False,NONZERO_TIMESHIFT_RELATIVE_TO_PR134_R0;B0_START_SITE_ABSENT_COMPLETE_PR134_DOMAIN
9020887,AIDC01,AIDC01,5,151,1,3,[151],False,False,NONZERO_TIMESHIFT_RELATIVE_TO_PR134_R0;B0_START_SITE_ABSENT_COMPLETE_PR134_DOMAIN
9020888,AIDC01,AIDC01,5,151,1,3,[151],False,False,NONZERO_TIMESHIFT_RELATIVE_TO_PR134_R0;B0_START_SITE_ABSENT_COMPLETE_PR134_DOMAIN
9021033,AIDC01,AIDC06,5,36,3,24,[36],False,False,NONZERO_PRESTART_RELOCATION_RELATIVE_TO_PR134_R0;NONZERO_TIMESHIFT_RELATIVE_TO_PR134_R0;B0_START_SITE_ABSENT_COMPLETE_PR134_DOMAIN
9021035,AIDC01,AIDC11,5,38,3,24,[38],False,False,NONZERO_PRESTART_RELOCATION_RELATIVE_TO_PR134_R0;NONZERO_TIMESHIFT_RELATIVE_TO_PR134_R0;B0_START_SITE_ABSENT_COMPLETE_PR134_DOMAIN
9032059,AIDC01,AIDC01,5,151,4,5,[151],False,False,NONZERO_TIMESHIFT_RELATIVE_TO_PR134_R0;B0_START_SITE_ABSENT_COMPLETE_PR134_DOMAIN
9033127,AIDC01,AIDC11,5,38,4,7,[38],False,False,NONZERO_PRESTART_RELOCATION_RELATIVE_TO_PR134_R0;NONZERO_TIMESHIFT_RELATIVE_TO_PR134_R0;B0_START_SITE_ABSENT_COMPLETE_PR134_DOMAIN
9033129,AIDC01,AIDC12,5,38,4,7,[38],False,False,NONZERO_PRESTART_RELOCATION_RELATIVE_TO_PR134_R0;NONZERO_TIMESHIFT_RELATIVE_TO_PR134_R0;B0_START_SITE_ABSENT_COMPLETE_PR134_DOMAIN
9033133,AIDC01,AIDC06,5,0,4,1,[0],False,False,NONZERO_PRESTART_RELOCATION_RELATIVE_TO_PR134_R0;NONZERO_TIMESHIFT_RELATIVE_TO_PR134_R0;B0_START_SITE_ABSENT_COMPLETE_PR134_DOMAIN
9043573,AIDC01,AIDC06,5,0,1,2,[0],False,False,NONZERO_PRESTART_RELOCATION_RELATIVE_TO_PR134_R0;NONZERO_TIMESHIFT_RELATIVE_TO_PR134_R0;B0_START_SITE_ABSENT_COMPLETE_PR134_DOMAIN
9044606,AIDC08,AIDC06,0,0,1,1,[0],True,False,NONZERO_PRESTART_RELOCATION_RELATIVE_TO_PR134_R0;B0_START_SITE_ABSENT_COMPLETE_PR134_DOMAIN
9044607,AIDC08,AIDC06,0,0,1,2,[0],True,False,NONZERO_PRESTART_RELOCATION_RELATIVE_TO_PR134_R0;B0_START_SITE_ABSENT_COMPLETE_PR134_DOMAIN
9044608,AIDC08,AIDC06,0,0,1,2,[0],True,False,NONZERO_PRESTART_RELOCATION_RELATIVE_TO_PR134_R0;B0_START_SITE_ABSENT_COMPLETE_PR134_DOMAIN
9044609,AIDC08,AIDC06,0,0,1,2,[0],True,False,NONZERO_PRESTART_RELOCATION_RELATIVE_TO_PR134_R0;B0_START_SITE_ABSENT_COMPLETE_PR134_DOMAIN
9044610,AIDC08,AIDC06,0,0,1,2,[0],True,False,NONZERO_PRESTART_RELOCATION_RELATIVE_TO_PR134_R0;B0_START_SITE_ABSENT_COMPLETE_PR134_DOMAIN
9044611,AIDC08,AIDC06,0,0,1,2,[0],True,False,NONZERO_PRESTART_RELOCATION_RELATIVE_TO_PR134_R0;B0_START_SITE_ABSENT_COMPLETE_PR134_DOMAIN
9044613,AIDC08,AIDC06,0,0,1,2,[0],True,False,NONZERO_PRESTART_RELOCATION_RELATIVE_TO_PR134_R0;B0_START_SITE_ABSENT_COMPLETE_PR134_DOMAIN
9044617,AIDC08,AIDC06,0,0,1,2,[0],True,False,NONZERO_PRESTART_RELOCATION_RELATIVE_TO_PR134_R0;B0_START_SITE_ABSENT_COMPLETE_PR134_DOMAIN
9044618,AIDC08,AIDC06,0,0,1,2,[0],True,False,NONZERO_PRESTART_RELOCATION_RELATIVE_TO_PR134_R0;B0_START_SITE_ABSENT_COMPLETE_PR134_DOMAIN
9044619,AIDC08,AIDC06,0,0,1,2,[0],True,False,NONZERO_PRESTART_RELOCATION_RELATIVE_TO_PR134_R0;B0_START_SITE_ABSENT_COMPLETE_PR134_DOMAIN
9044620,AIDC08,AIDC06,0,0,1,2,[0],True,False,NONZERO_PRESTART_RELOCATION_RELATIVE_TO_PR134_R0;B0_START_SITE_ABSENT_COMPLETE_PR134_DOMAIN
9044623,AIDC08,AIDC12,0,0,1,3,[0],True,False,NONZERO_PRESTART_RELOCATION_RELATIVE_TO_PR134_R0;B0_START_SITE_ABSENT_COMPLETE_PR134_DOMAIN
9044624,AIDC08,AIDC12,0,0,1,3,[0],True,False,NONZERO_PRESTART_RELOCATION_RELATIVE_TO_PR134_R0;B0_START_SITE_ABSENT_COMPLETE_PR134_DOMAIN
9044626,AIDC08,AIDC12,0,0,1,3,[0],True,False,NONZERO_PRESTART_RELOCATION_RELATIVE_TO_PR134_R0;B0_START_SITE_ABSENT_COMPLETE_PR134_DOMAIN
9044627,AIDC08,AIDC12,0,0,1,3,[0],True,False,NONZERO_PRESTART_RELOCATION_RELATIVE_TO_PR134_R0;B0_START_SITE_ABSENT_COMPLETE_PR134_DOMAIN
9044628,AIDC08,AIDC12,0,0,1,3,[0],True,False,NONZERO_PRESTART_RELOCATION_RELATIVE_TO_PR134_R0;B0_START_SITE_ABSENT_COMPLETE_PR134_DOMAIN
9044630,AIDC08,AIDC12,0,0,1,3,[0],True,False,NONZERO_PRESTART_RELOCATION_RELATIVE_TO_PR134_R0;B0_START_SITE_ABSENT_COMPLETE_PR134_DOMAIN
9044637,AIDC08,AIDC12,0,0,1,4,[0],True,False,NONZERO_PRESTART_RELOCATION_RELATIVE_TO_PR134_R0;B0_START_SITE_ABSENT_COMPLETE_PR134_DOMAIN
9044663,AIDC08,AIDC12,0,0,1,4,[0],True,False,NONZERO_PRESTART_RELOCATION_RELATIVE_TO_PR134_R0;B0_START_SITE_ABSENT_COMPLETE_PR134_DOMAIN
9044666,AIDC08,AIDC04,0,0,1,5,[0],True,False,NONZERO_PRESTART_RELOCATION_RELATIVE_TO_PR134_R0;B0_START_SITE_ABSENT_COMPLETE_PR134_DOMAIN
9044669,AIDC08,AIDC04,0,0,1,5,[0],True,False,NONZERO_PRESTART_RELOCATION_RELATIVE_TO_PR134_R0;B0_START_SITE_ABSENT_COMPLETE_PR134_DOMAIN
9044672,AIDC08,AIDC04,0,0,1,5,[0],True,False,NONZERO_PRESTART_RELOCATION_RELATIVE_TO_PR134_R0;B0_START_SITE_ABSENT_COMPLETE_PR134_DOMAIN
9044673,AIDC08,AIDC04,0,0,1,5,[0],True,False,NONZERO_PRESTART_RELOCATION_RELATIVE_TO_PR134_R0;B0_START_SITE_ABSENT_COMPLETE_PR134_DOMAIN
9044675,AIDC08,AIDC04,0,0,1,5,[0],True,False,NONZERO_PRESTART_RELOCATION_RELATIVE_TO_PR134_R0;B0_START_SITE_ABSENT_COMPLETE_PR134_DOMAIN
9044686,AIDC08,AIDC06,0,0,1,7,[0],True,False,NONZERO_PRESTART_RELOCATION_RELATIVE_TO_PR134_R0;B0_START_SITE_ABSENT_COMPLETE_PR134_DOMAIN
9044691,AIDC01,AIDC01,5,0,1,8,[0],False,False,NONZERO_TIMESHIFT_RELATIVE_TO_PR134_R0;B0_START_SITE_ABSENT_COMPLETE_PR134_DOMAIN
9044695,AIDC01,AIDC01,5,0,1,8,[0],False,False,NONZERO_TIMESHIFT_RELATIVE_TO_PR134_R0;B0_START_SITE_ABSENT_COMPLETE_PR134_DOMAIN
9044697,AIDC01,AIDC01,5,0,1,8,[0],False,False,NONZERO_TIMESHIFT_RELATIVE_TO_PR134_R0;B0_START_SITE_ABSENT_COMPLETE_PR134_DOMAIN
9044699,AIDC01,AIDC01,5,0,1,8,[0],False,False,NONZERO_TIMESHIFT_RELATIVE_TO_PR134_R0;B0_START_SITE_ABSENT_COMPLETE_PR134_DOMAIN
9044702,AIDC01,AIDC01,5,0,1,8,[0],False,False,NONZERO_TIMESHIFT_RELATIVE_TO_PR134_R0;B0_START_SITE_ABSENT_COMPLETE_PR134_DOMAIN
9044703,AIDC01,AIDC01,5,0,1,8,[0],False,False,NONZERO_TIMESHIFT_RELATIVE_TO_PR134_R0;B0_START_SITE_ABSENT_COMPLETE_PR134_DOMAIN
9044951,AIDC01,AIDC01,5,0,1,1,[0],False,False,NONZERO_TIMESHIFT_RELATIVE_TO_PR134_R0;B0_START_SITE_ABSENT_COMPLETE_PR134_DOMAIN
9044952,AIDC01,AIDC06,5,2,4,1,[2],False,False,NONZERO_PRESTART_RELOCATION_RELATIVE_TO_PR134_R0;NONZERO_TIMESHIFT_RELATIVE_TO_PR134_R0;B0_START_SITE_ABSENT_COMPLETE_PR134_DOMAIN
9045065,AIDC01,AIDC01,5,2,2,6,[2],False,False,NONZERO_TIMESHIFT_RELATIVE_TO_PR134_R0;B0_START_SITE_ABSENT_COMPLETE_PR134_DOMAIN
