
Gurobi 13.0.2 (win64) logging started Fri Oct  2 11:18:31 2026

Set parameter LogFile to value "C:\Users\kjw39\Documents\Codex\2026-10-02\m1-benders-x0-certificate-repair\worktree\docs\v42_m1_benders_x0_certificate_repair\FIXTURE_RAW\B\phase1\raw_solver.log"
Set parameter Threads to value 1
Set parameter Seed to value 20260929
Set parameter Method to value 1
Set parameter NodeMethod to value 1
Set parameter FeasibilityTol to value 1e-07
Set parameter OptimalityTol to value 1e-07
Set parameter IntFeasTol to value 1e-07
Set parameter NumericFocus to value 1
Set parameter InfUnbdInfo to value 1
Set parameter DualReductions to value 0
Set parameter SoftMemLimit to value 12
Set parameter MIPGap to value 0
Set parameter TimeLimit to value 60
Set parameter TimeLimit to value 30
Gurobi Optimizer version 13.0.2 build v13.0.2rc1 (win64 - Windows 11+.0 (26200.2))

CPU model: 13th Gen Intel(R) Core(TM) i7-13620H, instruction set [SSE2|AVX|AVX2]
Thread count: 10 physical cores, 16 logical processors, using up to 1 threads

Non-default parameters:
TimeLimit  30
SoftMemLimit  12
FeasibilityTol  1e-07
IntFeasTol  1e-07
MIPGap  0
OptimalityTol  1e-07
Method  1
NodeMethod  1
DualReductions  0
InfUnbdInfo  1
LogToConsole  0
NumericFocus  1
Seed  20260929
Threads  1

Optimize a model with 85 rows, 106 columns and 297 nonzeros (Min)
Model fingerprint: 0x4d130fde
Model has 93 linear objective coefficients
Coefficient statistics:
  Matrix range     [5e-04, 1e+00]
  Objective range  [6e-02, 1e+00]
  Bounds range     [2e+01, 2e+01]
  RHS range        [4e-02, 2e+01]

Presolve time: 0.00s
Presolved: 70 rows, 102 columns, 239 nonzeros

Iteration    Objective       Primal Inf.    Dual Inf.      Time
       0    2.0000000e+00   2.535523e+02   0.000000e+00      0s
       8    2.3000000e+00   0.000000e+00   0.000000e+00      0s

Solved in 8 iterations and 0.00 seconds (0.00 work units)
Optimal objective  2.300000000e+00

User-callback calls 68, time in user-callback 0.00 sec
Set parameter TimeLimit to value 30
Gurobi Optimizer version 13.0.2 build v13.0.2rc1 (win64 - Windows 11+.0 (26200.2))

CPU model: 13th Gen Intel(R) Core(TM) i7-13620H, instruction set [SSE2|AVX|AVX2]
Thread count: 10 physical cores, 16 logical processors, using up to 1 threads

Non-default parameters:
TimeLimit  30
SoftMemLimit  12
FeasibilityTol  1e-07
IntFeasTol  1e-07
MIPGap  0
OptimalityTol  1e-07
Method  1
NodeMethod  1
DualReductions  0
InfUnbdInfo  1
LogToConsole  0
NumericFocus  1
Seed  20260929
Threads  1

Optimize a model with 85 rows, 106 columns and 297 nonzeros (Min)
Model has 93 linear objective coefficients
Coefficient statistics:
  Matrix range     [5e-04, 1e+00]
  Objective range  [6e-02, 1e+00]
  Bounds range     [2e+01, 2e+01]
  RHS range        [4e-02, 2e+01]

LP warm-start: use basis

Iteration    Objective       Primal Inf.    Dual Inf.      Time
       0    2.3000000e+00   0.000000e+00   0.000000e+00      0s

Solved in 0 iterations and 0.00 seconds (0.00 work units)
Optimal objective  2.300000000e+00

User-callback calls 38, time in user-callback 0.00 sec
Set parameter TimeLimit to value 30
Gurobi Optimizer version 13.0.2 build v13.0.2rc1 (win64 - Windows 11+.0 (26200.2))

CPU model: 13th Gen Intel(R) Core(TM) i7-13620H, instruction set [SSE2|AVX|AVX2]
Thread count: 10 physical cores, 16 logical processors, using up to 1 threads

Non-default parameters:
TimeLimit  30
SoftMemLimit  12
FeasibilityTol  1e-07
IntFeasTol  1e-07
MIPGap  0
OptimalityTol  1e-07
Method  1
NodeMethod  1
DualReductions  0
InfUnbdInfo  1
LogToConsole  0
NumericFocus  1
Seed  20260929
Threads  1

Optimize a model with 85 rows, 106 columns and 297 nonzeros (Min)
Model has 93 linear objective coefficients
Coefficient statistics:
  Matrix range     [5e-04, 1e+00]
  Objective range  [6e-02, 1e+00]
  Bounds range     [2e+01, 2e+01]
  RHS range        [4e-02, 2e+01]

LP warm-start: use basis

Iteration    Objective       Primal Inf.    Dual Inf.      Time
       0    2.3000000e+00   0.000000e+00   0.000000e+00      0s

Solved in 0 iterations and 0.00 seconds (0.00 work units)
Optimal objective  2.300000000e+00

User-callback calls 38, time in user-callback 0.00 sec
Set parameter TimeLimit to value 30
Gurobi Optimizer version 13.0.2 build v13.0.2rc1 (win64 - Windows 11+.0 (26200.2))

CPU model: 13th Gen Intel(R) Core(TM) i7-13620H, instruction set [SSE2|AVX|AVX2]
Thread count: 10 physical cores, 16 logical processors, using up to 1 threads

Non-default parameters:
TimeLimit  30
SoftMemLimit  12
FeasibilityTol  1e-07
IntFeasTol  1e-07
MIPGap  0
OptimalityTol  1e-07
Method  1
NodeMethod  1
DualReductions  0
InfUnbdInfo  1
LogToConsole  0
NumericFocus  1
Seed  20260929
Threads  1

Optimize a model with 85 rows, 106 columns and 297 nonzeros (Min)
Model has 93 linear objective coefficients
Coefficient statistics:
  Matrix range     [5e-04, 1e+00]
  Objective range  [6e-02, 1e+00]
  Bounds range     [2e+01, 2e+01]
  RHS range        [4e-02, 2e+01]

LP warm-start: use basis

Iteration    Objective       Primal Inf.    Dual Inf.      Time
       0    2.3000000e+00   0.000000e+00   0.000000e+00      0s

Solved in 0 iterations and 0.00 seconds (0.00 work units)
Optimal objective  2.300000000e+00

User-callback calls 38, time in user-callback 0.00 sec
Set parameter TimeLimit to value 30
Gurobi Optimizer version 13.0.2 build v13.0.2rc1 (win64 - Windows 11+.0 (26200.2))

CPU model: 13th Gen Intel(R) Core(TM) i7-13620H, instruction set [SSE2|AVX|AVX2]
Thread count: 10 physical cores, 16 logical processors, using up to 1 threads

Non-default parameters:
TimeLimit  30
SoftMemLimit  12
FeasibilityTol  1e-07
IntFeasTol  1e-07
MIPGap  0
OptimalityTol  1e-07
Method  1
NodeMethod  1
DualReductions  0
InfUnbdInfo  1
LogToConsole  0
NumericFocus  1
Seed  20260929
Threads  1

Optimize a model with 85 rows, 106 columns and 297 nonzeros (Min)
Model has 93 linear objective coefficients
Coefficient statistics:
  Matrix range     [5e-04, 1e+00]
  Objective range  [6e-02, 1e+00]
  Bounds range     [2e+01, 2e+01]
  RHS range        [4e-02, 2e+01]

LP warm-start: use basis

Iteration    Objective       Primal Inf.    Dual Inf.      Time
       0    3.0000000e-01   3.000000e+00   0.000000e+00      0s
       7    2.5500000e+00   0.000000e+00   0.000000e+00      0s

Solved in 7 iterations and 0.00 seconds (0.00 work units)
Optimal objective  2.550000000e+00

User-callback calls 47, time in user-callback 0.00 sec
Set parameter TimeLimit to value 30
Gurobi Optimizer version 13.0.2 build v13.0.2rc1 (win64 - Windows 11+.0 (26200.2))

CPU model: 13th Gen Intel(R) Core(TM) i7-13620H, instruction set [SSE2|AVX|AVX2]
Thread count: 10 physical cores, 16 logical processors, using up to 1 threads

Non-default parameters:
TimeLimit  30
SoftMemLimit  12
FeasibilityTol  1e-07
IntFeasTol  1e-07
MIPGap  0
OptimalityTol  1e-07
Method  1
NodeMethod  1
DualReductions  0
InfUnbdInfo  1
LogToConsole  0
NumericFocus  1
Seed  20260929
Threads  1

Optimize a model with 85 rows, 106 columns and 297 nonzeros (Min)
Model has 93 linear objective coefficients
Coefficient statistics:
  Matrix range     [5e-04, 1e+00]
  Objective range  [6e-02, 1e+00]
  Bounds range     [2e+01, 2e+01]
  RHS range        [4e-02, 2e+01]

LP warm-start: use basis

Iteration    Objective       Primal Inf.    Dual Inf.      Time
       0    2.5500000e+00   0.000000e+00   0.000000e+00      0s

Solved in 0 iterations and 0.00 seconds (0.00 work units)
Optimal objective  2.550000000e+00

User-callback calls 38, time in user-callback 0.00 sec
Set parameter TimeLimit to value 30
Gurobi Optimizer version 13.0.2 build v13.0.2rc1 (win64 - Windows 11+.0 (26200.2))

CPU model: 13th Gen Intel(R) Core(TM) i7-13620H, instruction set [SSE2|AVX|AVX2]
Thread count: 10 physical cores, 16 logical processors, using up to 1 threads

Non-default parameters:
TimeLimit  30
SoftMemLimit  12
FeasibilityTol  1e-07
IntFeasTol  1e-07
MIPGap  0
OptimalityTol  1e-07
Method  1
NodeMethod  1
DualReductions  0
InfUnbdInfo  1
LogToConsole  0
NumericFocus  1
Seed  20260929
Threads  1

Optimize a model with 85 rows, 106 columns and 297 nonzeros (Min)
Model has 93 linear objective coefficients
Coefficient statistics:
  Matrix range     [5e-04, 1e+00]
  Objective range  [6e-02, 1e+00]
  Bounds range     [2e+01, 2e+01]
  RHS range        [4e-02, 2e+01]

LP warm-start: use basis

Iteration    Objective       Primal Inf.    Dual Inf.      Time
       0    2.5500000e+00   0.000000e+00   0.000000e+00      0s

Solved in 0 iterations and 0.00 seconds (0.00 work units)
Optimal objective  2.550000000e+00

User-callback calls 38, time in user-callback 0.00 sec
Set parameter TimeLimit to value 30
Gurobi Optimizer version 13.0.2 build v13.0.2rc1 (win64 - Windows 11+.0 (26200.2))

CPU model: 13th Gen Intel(R) Core(TM) i7-13620H, instruction set [SSE2|AVX|AVX2]
Thread count: 10 physical cores, 16 logical processors, using up to 1 threads

Non-default parameters:
TimeLimit  30
SoftMemLimit  12
FeasibilityTol  1e-07
IntFeasTol  1e-07
MIPGap  0
OptimalityTol  1e-07
Method  1
NodeMethod  1
DualReductions  0
InfUnbdInfo  1
LogToConsole  0
NumericFocus  1
Seed  20260929
Threads  1

Optimize a model with 85 rows, 106 columns and 297 nonzeros (Min)
Model has 93 linear objective coefficients
Coefficient statistics:
  Matrix range     [5e-04, 1e+00]
  Objective range  [6e-02, 1e+00]
  Bounds range     [2e+01, 2e+01]
  RHS range        [4e-02, 2e+01]

LP warm-start: use basis

Iteration    Objective       Primal Inf.    Dual Inf.      Time
       0    2.5500000e+00   0.000000e+00   0.000000e+00      0s

Solved in 0 iterations and 0.00 seconds (0.00 work units)
Optimal objective  2.550000000e+00

User-callback calls 38, time in user-callback 0.00 sec
Set parameter TimeLimit to value 30
Gurobi Optimizer version 13.0.2 build v13.0.2rc1 (win64 - Windows 11+.0 (26200.2))

CPU model: 13th Gen Intel(R) Core(TM) i7-13620H, instruction set [SSE2|AVX|AVX2]
Thread count: 10 physical cores, 16 logical processors, using up to 1 threads

Non-default parameters:
TimeLimit  30
SoftMemLimit  12
FeasibilityTol  1e-07
IntFeasTol  1e-07
MIPGap  0
OptimalityTol  1e-07
Method  1
NodeMethod  1
DualReductions  0
InfUnbdInfo  1
LogToConsole  0
NumericFocus  1
Seed  20260929
Threads  1

Optimize a model with 85 rows, 106 columns and 297 nonzeros (Min)
Model has 93 linear objective coefficients
Coefficient statistics:
  Matrix range     [5e-04, 1e+00]
  Objective range  [6e-02, 1e+00]
  Bounds range     [2e+01, 2e+01]
  RHS range        [4e-02, 2e+01]

LP warm-start: use basis

Iteration    Objective       Primal Inf.    Dual Inf.      Time
       0    2.3125000e+00   0.000000e+00   0.000000e+00      0s

Solved in 0 iterations and 0.00 seconds (0.00 work units)
Optimal objective  2.312500000e+00

User-callback calls 38, time in user-callback 0.00 sec
Set parameter TimeLimit to value 30
Gurobi Optimizer version 13.0.2 build v13.0.2rc1 (win64 - Windows 11+.0 (26200.2))

CPU model: 13th Gen Intel(R) Core(TM) i7-13620H, instruction set [SSE2|AVX|AVX2]
Thread count: 10 physical cores, 16 logical processors, using up to 1 threads

Non-default parameters:
TimeLimit  30
SoftMemLimit  12
FeasibilityTol  1e-07
IntFeasTol  1e-07
MIPGap  0
OptimalityTol  1e-07
Method  1
NodeMethod  1
DualReductions  0
InfUnbdInfo  1
LogToConsole  0
NumericFocus  1
Seed  20260929
Threads  1

Optimize a model with 85 rows, 106 columns and 297 nonzeros (Min)
Model has 93 linear objective coefficients
Coefficient statistics:
  Matrix range     [5e-04, 1e+00]
  Objective range  [6e-02, 1e+00]
  Bounds range     [2e+01, 2e+01]
  RHS range        [4e-02, 2e+01]

LP warm-start: use basis

Iteration    Objective       Primal Inf.    Dual Inf.      Time
       0    2.3125000e+00   0.000000e+00   0.000000e+00      0s

Solved in 0 iterations and 0.00 seconds (0.00 work units)
Optimal objective  2.312500000e+00

User-callback calls 38, time in user-callback 0.00 sec
Set parameter TimeLimit to value 30
Gurobi Optimizer version 13.0.2 build v13.0.2rc1 (win64 - Windows 11+.0 (26200.2))

CPU model: 13th Gen Intel(R) Core(TM) i7-13620H, instruction set [SSE2|AVX|AVX2]
Thread count: 10 physical cores, 16 logical processors, using up to 1 threads

Non-default parameters:
TimeLimit  30
SoftMemLimit  12
FeasibilityTol  1e-07
IntFeasTol  1e-07
MIPGap  0
OptimalityTol  1e-07
Method  1
NodeMethod  1
DualReductions  0
InfUnbdInfo  1
LogToConsole  0
NumericFocus  1
Seed  20260929
Threads  1

Optimize a model with 85 rows, 106 columns and 297 nonzeros (Min)
Model has 93 linear objective coefficients
Coefficient statistics:
  Matrix range     [5e-04, 1e+00]
  Objective range  [6e-02, 1e+00]
  Bounds range     [2e+01, 2e+01]
  RHS range        [4e-02, 2e+01]

LP warm-start: use basis

Iteration    Objective       Primal Inf.    Dual Inf.      Time
       0    2.3125000e+00   0.000000e+00   0.000000e+00      0s

Solved in 0 iterations and 0.00 seconds (0.00 work units)
Optimal objective  2.312500000e+00

User-callback calls 38, time in user-callback 0.00 sec
Set parameter TimeLimit to value 30
Gurobi Optimizer version 13.0.2 build v13.0.2rc1 (win64 - Windows 11+.0 (26200.2))

CPU model: 13th Gen Intel(R) Core(TM) i7-13620H, instruction set [SSE2|AVX|AVX2]
Thread count: 10 physical cores, 16 logical processors, using up to 1 threads

Non-default parameters:
TimeLimit  30
SoftMemLimit  12
FeasibilityTol  1e-07
IntFeasTol  1e-07
MIPGap  0
OptimalityTol  1e-07
Method  1
NodeMethod  1
DualReductions  0
InfUnbdInfo  1
LogToConsole  0
NumericFocus  1
Seed  20260929
Threads  1

Optimize a model with 85 rows, 106 columns and 297 nonzeros (Min)
Model has 93 linear objective coefficients
Coefficient statistics:
  Matrix range     [5e-04, 1e+00]
  Objective range  [6e-02, 1e+00]
  Bounds range     [2e+01, 2e+01]
  RHS range        [4e-02, 2e+01]

LP warm-start: use basis

Iteration    Objective       Primal Inf.    Dual Inf.      Time
       0    2.3125000e+00   0.000000e+00   0.000000e+00      0s

Solved in 0 iterations and 0.00 seconds (0.00 work units)
Optimal objective  2.312500000e+00

User-callback calls 38, time in user-callback 0.00 sec
Set parameter TimeLimit to value 30
Gurobi Optimizer version 13.0.2 build v13.0.2rc1 (win64 - Windows 11+.0 (26200.2))

CPU model: 13th Gen Intel(R) Core(TM) i7-13620H, instruction set [SSE2|AVX|AVX2]
Thread count: 10 physical cores, 16 logical processors, using up to 1 threads

Non-default parameters:
TimeLimit  30
SoftMemLimit  12
FeasibilityTol  1e-07
IntFeasTol  1e-07
MIPGap  0
OptimalityTol  1e-07
Method  1
NodeMethod  1
DualReductions  0
InfUnbdInfo  1
LogToConsole  0
NumericFocus  1
Seed  20260929
Threads  1

Optimize a model with 85 rows, 106 columns and 297 nonzeros (Min)
Model has 93 linear objective coefficients
Coefficient statistics:
  Matrix range     [5e-04, 1e+00]
  Objective range  [6e-02, 1e+00]
  Bounds range     [2e+01, 2e+01]
  RHS range        [4e-02, 2e+01]

LP warm-start: use basis

Iteration    Objective       Primal Inf.    Dual Inf.      Time
       0    2.5625000e+00   1.000000e+00   0.000000e+00      0s
       1    4.5625000e+00   0.000000e+00   0.000000e+00      0s

Solved in 1 iterations and 0.00 seconds (0.00 work units)
Optimal objective  4.562500000e+00

User-callback calls 41, time in user-callback 0.00 sec
Set parameter TimeLimit to value 30
Gurobi Optimizer version 13.0.2 build v13.0.2rc1 (win64 - Windows 11+.0 (26200.2))

CPU model: 13th Gen Intel(R) Core(TM) i7-13620H, instruction set [SSE2|AVX|AVX2]
Thread count: 10 physical cores, 16 logical processors, using up to 1 threads

Non-default parameters:
TimeLimit  30
SoftMemLimit  12
FeasibilityTol  1e-07
IntFeasTol  1e-07
MIPGap  0
OptimalityTol  1e-07
Method  1
NodeMethod  1
DualReductions  0
InfUnbdInfo  1
LogToConsole  0
NumericFocus  1
Seed  20260929
Threads  1

Optimize a model with 85 rows, 106 columns and 297 nonzeros (Min)
Model has 93 linear objective coefficients
Coefficient statistics:
  Matrix range     [5e-04, 1e+00]
  Objective range  [6e-02, 1e+00]
  Bounds range     [2e+01, 2e+01]
  RHS range        [4e-02, 2e+01]

LP warm-start: use basis

Iteration    Objective       Primal Inf.    Dual Inf.      Time
       0    4.5625000e+00   0.000000e+00   0.000000e+00      0s

Solved in 0 iterations and 0.00 seconds (0.00 work units)
Optimal objective  4.562500000e+00

User-callback calls 38, time in user-callback 0.00 sec
Set parameter TimeLimit to value 30
Gurobi Optimizer version 13.0.2 build v13.0.2rc1 (win64 - Windows 11+.0 (26200.2))

CPU model: 13th Gen Intel(R) Core(TM) i7-13620H, instruction set [SSE2|AVX|AVX2]
Thread count: 10 physical cores, 16 logical processors, using up to 1 threads

Non-default parameters:
TimeLimit  30
SoftMemLimit  12
FeasibilityTol  1e-07
IntFeasTol  1e-07
MIPGap  0
OptimalityTol  1e-07
Method  1
NodeMethod  1
DualReductions  0
InfUnbdInfo  1
LogToConsole  0
NumericFocus  1
Seed  20260929
Threads  1

Optimize a model with 85 rows, 106 columns and 297 nonzeros (Min)
Model has 93 linear objective coefficients
Coefficient statistics:
  Matrix range     [5e-04, 1e+00]
  Objective range  [6e-02, 1e+00]
  Bounds range     [2e+01, 2e+01]
  RHS range        [4e-02, 2e+01]

LP warm-start: use basis

Iteration    Objective       Primal Inf.    Dual Inf.      Time
       0    4.5625000e+00   0.000000e+00   0.000000e+00      0s

Solved in 0 iterations and 0.00 seconds (0.00 work units)
Optimal objective  4.562500000e+00

User-callback calls 38, time in user-callback 0.00 sec
Set parameter TimeLimit to value 30
Gurobi Optimizer version 13.0.2 build v13.0.2rc1 (win64 - Windows 11+.0 (26200.2))

CPU model: 13th Gen Intel(R) Core(TM) i7-13620H, instruction set [SSE2|AVX|AVX2]
Thread count: 10 physical cores, 16 logical processors, using up to 1 threads

Non-default parameters:
TimeLimit  30
SoftMemLimit  12
FeasibilityTol  1e-07
IntFeasTol  1e-07
MIPGap  0
OptimalityTol  1e-07
Method  1
NodeMethod  1
DualReductions  0
InfUnbdInfo  1
LogToConsole  0
NumericFocus  1
Seed  20260929
Threads  1

Optimize a model with 85 rows, 106 columns and 297 nonzeros (Min)
Model has 93 linear objective coefficients
Coefficient statistics:
  Matrix range     [5e-04, 1e+00]
  Objective range  [6e-02, 1e+00]
  Bounds range     [2e+01, 2e+01]
  RHS range        [4e-02, 2e+01]

LP warm-start: use basis

Iteration    Objective       Primal Inf.    Dual Inf.      Time
       0    4.5625000e+00   0.000000e+00   0.000000e+00      0s

Solved in 0 iterations and 0.00 seconds (0.00 work units)
Optimal objective  4.562500000e+00

User-callback calls 38, time in user-callback 0.00 sec
Set parameter TimeLimit to value 30
Gurobi Optimizer version 13.0.2 build v13.0.2rc1 (win64 - Windows 11+.0 (26200.2))

CPU model: 13th Gen Intel(R) Core(TM) i7-13620H, instruction set [SSE2|AVX|AVX2]
Thread count: 10 physical cores, 16 logical processors, using up to 1 threads

Non-default parameters:
TimeLimit  30
SoftMemLimit  12
FeasibilityTol  1e-07
IntFeasTol  1e-07
MIPGap  0
OptimalityTol  1e-07
Method  1
NodeMethod  1
DualReductions  0
InfUnbdInfo  1
LogToConsole  0
NumericFocus  1
Seed  20260929
Threads  1

Optimize a model with 85 rows, 106 columns and 297 nonzeros (Min)
Model has 93 linear objective coefficients
Coefficient statistics:
  Matrix range     [5e-04, 1e+00]
  Objective range  [6e-02, 1e+00]
  Bounds range     [2e+01, 2e+01]
  RHS range        [4e-02, 2e+01]

LP warm-start: use basis

Iteration    Objective       Primal Inf.    Dual Inf.      Time
       0   -1.9388587e+00   1.469822e+01   0.000000e+00      0s
       7    2.3000000e+00   0.000000e+00   0.000000e+00      0s

Solved in 7 iterations and 0.00 seconds (0.00 work units)
Optimal objective  2.300000000e+00

User-callback calls 47, time in user-callback 0.00 sec
Set parameter TimeLimit to value 30
Gurobi Optimizer version 13.0.2 build v13.0.2rc1 (win64 - Windows 11+.0 (26200.2))

CPU model: 13th Gen Intel(R) Core(TM) i7-13620H, instruction set [SSE2|AVX|AVX2]
Thread count: 10 physical cores, 16 logical processors, using up to 1 threads

Non-default parameters:
TimeLimit  30
SoftMemLimit  12
FeasibilityTol  1e-07
IntFeasTol  1e-07
MIPGap  0
OptimalityTol  1e-07
Method  1
NodeMethod  1
DualReductions  0
InfUnbdInfo  1
LogToConsole  0
NumericFocus  1
Seed  20260929
Threads  1

Optimize a model with 85 rows, 106 columns and 297 nonzeros (Min)
Model has 93 linear objective coefficients
Coefficient statistics:
  Matrix range     [5e-04, 1e+00]
  Objective range  [6e-02, 1e+00]
  Bounds range     [2e+01, 2e+01]
  RHS range        [4e-02, 2e+01]

LP warm-start: use basis

Iteration    Objective       Primal Inf.    Dual Inf.      Time
       0    2.0750000e+00   1.877592e+01   0.000000e+00      0s
       6    2.3000000e+00   0.000000e+00   0.000000e+00      0s

Solved in 6 iterations and 0.00 seconds (0.00 work units)
Optimal objective  2.300000000e+00

User-callback calls 46, time in user-callback 0.00 sec
Set parameter TimeLimit to value 30
Gurobi Optimizer version 13.0.2 build v13.0.2rc1 (win64 - Windows 11+.0 (26200.2))

CPU model: 13th Gen Intel(R) Core(TM) i7-13620H, instruction set [SSE2|AVX|AVX2]
Thread count: 10 physical cores, 16 logical processors, using up to 1 threads

Non-default parameters:
TimeLimit  30
SoftMemLimit  12
FeasibilityTol  1e-07
IntFeasTol  1e-07
MIPGap  0
OptimalityTol  1e-07
Method  1
NodeMethod  1
DualReductions  0
InfUnbdInfo  1
LogToConsole  0
NumericFocus  1
Seed  20260929
Threads  1

Optimize a model with 85 rows, 106 columns and 297 nonzeros (Min)
Model has 93 linear objective coefficients
Coefficient statistics:
  Matrix range     [5e-04, 1e+00]
  Objective range  [6e-02, 1e+00]
  Bounds range     [2e+01, 2e+01]
  RHS range        [4e-02, 2e+01]

LP warm-start: use basis

Iteration    Objective       Primal Inf.    Dual Inf.      Time
       0    2.3000000e+00   0.000000e+00   0.000000e+00      0s

Solved in 0 iterations and 0.00 seconds (0.00 work units)
Optimal objective  2.300000000e+00

User-callback calls 38, time in user-callback 0.00 sec
Set parameter TimeLimit to value 30
Gurobi Optimizer version 13.0.2 build v13.0.2rc1 (win64 - Windows 11+.0 (26200.2))

CPU model: 13th Gen Intel(R) Core(TM) i7-13620H, instruction set [SSE2|AVX|AVX2]
Thread count: 10 physical cores, 16 logical processors, using up to 1 threads

Non-default parameters:
TimeLimit  30
SoftMemLimit  12
FeasibilityTol  1e-07
IntFeasTol  1e-07
MIPGap  0
OptimalityTol  1e-07
Method  1
NodeMethod  1
DualReductions  0
InfUnbdInfo  1
LogToConsole  0
NumericFocus  1
Seed  20260929
Threads  1

Optimize a model with 85 rows, 106 columns and 297 nonzeros (Min)
Model has 93 linear objective coefficients
Coefficient statistics:
  Matrix range     [5e-04, 1e+00]
  Objective range  [6e-02, 1e+00]
  Bounds range     [2e+01, 2e+01]
  RHS range        [4e-02, 2e+01]

LP warm-start: use basis

Iteration    Objective       Primal Inf.    Dual Inf.      Time
       0    2.3000000e+00   0.000000e+00   0.000000e+00      0s

Solved in 0 iterations and 0.00 seconds (0.00 work units)
Optimal objective  2.300000000e+00

User-callback calls 38, time in user-callback 0.00 sec
Set parameter TimeLimit to value 30
Gurobi Optimizer version 13.0.2 build v13.0.2rc1 (win64 - Windows 11+.0 (26200.2))

CPU model: 13th Gen Intel(R) Core(TM) i7-13620H, instruction set [SSE2|AVX|AVX2]
Thread count: 10 physical cores, 16 logical processors, using up to 1 threads

Non-default parameters:
TimeLimit  30
SoftMemLimit  12
FeasibilityTol  1e-07
IntFeasTol  1e-07
MIPGap  0
OptimalityTol  1e-07
Method  1
NodeMethod  1
DualReductions  0
InfUnbdInfo  1
LogToConsole  0
NumericFocus  1
Seed  20260929
Threads  1

Optimize a model with 85 rows, 106 columns and 297 nonzeros (Min)
Model has 93 linear objective coefficients
Coefficient statistics:
  Matrix range     [5e-04, 1e+00]
  Objective range  [6e-02, 1e+00]
  Bounds range     [2e+01, 2e+01]
  RHS range        [4e-02, 2e+01]

LP warm-start: use basis

Iteration    Objective       Primal Inf.    Dual Inf.      Time
       0    3.0000000e-01   3.301800e+01   0.000000e+00      0s
       3    5.5000000e-01   0.000000e+00   0.000000e+00      0s

Solved in 3 iterations and 0.00 seconds (0.00 work units)
Optimal objective  5.500000000e-01

User-callback calls 43, time in user-callback 0.00 sec
Set parameter TimeLimit to value 30
Gurobi Optimizer version 13.0.2 build v13.0.2rc1 (win64 - Windows 11+.0 (26200.2))

CPU model: 13th Gen Intel(R) Core(TM) i7-13620H, instruction set [SSE2|AVX|AVX2]
Thread count: 10 physical cores, 16 logical processors, using up to 1 threads

Non-default parameters:
TimeLimit  30
SoftMemLimit  12
FeasibilityTol  1e-07
IntFeasTol  1e-07
MIPGap  0
OptimalityTol  1e-07
Method  1
NodeMethod  1
DualReductions  0
InfUnbdInfo  1
LogToConsole  0
NumericFocus  1
Seed  20260929
Threads  1

Optimize a model with 85 rows, 106 columns and 297 nonzeros (Min)
Model has 93 linear objective coefficients
Coefficient statistics:
  Matrix range     [5e-04, 1e+00]
  Objective range  [6e-02, 1e+00]
  Bounds range     [2e+01, 2e+01]
  RHS range        [4e-02, 2e+01]

LP warm-start: use basis

Iteration    Objective       Primal Inf.    Dual Inf.      Time
       0    3.2500000e-01   1.697592e+01   0.000000e+00      0s
       7    4.4737037e-01   0.000000e+00   0.000000e+00      0s

Solved in 7 iterations and 0.00 seconds (0.00 work units)
Optimal objective  4.473703659e-01

User-callback calls 47, time in user-callback 0.00 sec
Set parameter TimeLimit to value 30
Gurobi Optimizer version 13.0.2 build v13.0.2rc1 (win64 - Windows 11+.0 (26200.2))

CPU model: 13th Gen Intel(R) Core(TM) i7-13620H, instruction set [SSE2|AVX|AVX2]
Thread count: 10 physical cores, 16 logical processors, using up to 1 threads

Non-default parameters:
TimeLimit  30
SoftMemLimit  12
FeasibilityTol  1e-07
IntFeasTol  1e-07
MIPGap  0
OptimalityTol  1e-07
Method  1
NodeMethod  1
DualReductions  0
InfUnbdInfo  1
LogToConsole  0
NumericFocus  1
Seed  20260929
Threads  1

Optimize a model with 85 rows, 106 columns and 297 nonzeros (Min)
Model has 93 linear objective coefficients
Coefficient statistics:
  Matrix range     [5e-04, 1e+00]
  Objective range  [6e-02, 1e+00]
  Bounds range     [2e+01, 2e+01]
  RHS range        [4e-02, 2e+01]

LP warm-start: use basis

Iteration    Objective       Primal Inf.    Dual Inf.      Time
       0    4.4737037e-01   4.444562e+00   0.000000e+00      0s
       5    5.5000000e-01   0.000000e+00   0.000000e+00      0s

Solved in 5 iterations and 0.00 seconds (0.00 work units)
Optimal objective  5.500000000e-01

User-callback calls 45, time in user-callback 0.00 sec
Set parameter TimeLimit to value 30
Gurobi Optimizer version 13.0.2 build v13.0.2rc1 (win64 - Windows 11+.0 (26200.2))

CPU model: 13th Gen Intel(R) Core(TM) i7-13620H, instruction set [SSE2|AVX|AVX2]
Thread count: 10 physical cores, 16 logical processors, using up to 1 threads

Non-default parameters:
TimeLimit  30
SoftMemLimit  12
FeasibilityTol  1e-07
IntFeasTol  1e-07
MIPGap  0
OptimalityTol  1e-07
Method  1
NodeMethod  1
DualReductions  0
InfUnbdInfo  1
LogToConsole  0
NumericFocus  1
Seed  20260929
Threads  1

Optimize a model with 85 rows, 106 columns and 297 nonzeros (Min)
Model has 93 linear objective coefficients
Coefficient statistics:
  Matrix range     [5e-04, 1e+00]
  Objective range  [6e-02, 1e+00]
  Bounds range     [2e+01, 2e+01]
  RHS range        [4e-02, 2e+01]

LP warm-start: use basis

Iteration    Objective       Primal Inf.    Dual Inf.      Time
       0    3.2500000e-01   1.697592e+01   0.000000e+00      0s
       7    4.4737037e-01   0.000000e+00   0.000000e+00      0s

Solved in 7 iterations and 0.00 seconds (0.00 work units)
Optimal objective  4.473703659e-01

User-callback calls 47, time in user-callback 0.00 sec
Set parameter TimeLimit to value 30
Gurobi Optimizer version 13.0.2 build v13.0.2rc1 (win64 - Windows 11+.0 (26200.2))

CPU model: 13th Gen Intel(R) Core(TM) i7-13620H, instruction set [SSE2|AVX|AVX2]
Thread count: 10 physical cores, 16 logical processors, using up to 1 threads

Non-default parameters:
TimeLimit  30
SoftMemLimit  12
FeasibilityTol  1e-07
IntFeasTol  1e-07
MIPGap  0
OptimalityTol  1e-07
Method  1
NodeMethod  1
DualReductions  0
InfUnbdInfo  1
LogToConsole  0
NumericFocus  1
Seed  20260929
Threads  1

Optimize a model with 85 rows, 106 columns and 297 nonzeros (Min)
Model has 93 linear objective coefficients
Coefficient statistics:
  Matrix range     [5e-04, 1e+00]
  Objective range  [6e-02, 1e+00]
  Bounds range     [2e+01, 2e+01]
  RHS range        [4e-02, 2e+01]

LP warm-start: use basis

Iteration    Objective       Primal Inf.    Dual Inf.      Time
       0    2.0987037e-01   5.344588e+00   0.000000e+00      0s
       5    3.1250000e-01   0.000000e+00   0.000000e+00      0s

Solved in 5 iterations and 0.00 seconds (0.00 work units)
Optimal objective  3.125000000e-01

User-callback calls 45, time in user-callback 0.00 sec
Set parameter TimeLimit to value 30
Gurobi Optimizer version 13.0.2 build v13.0.2rc1 (win64 - Windows 11+.0 (26200.2))

CPU model: 13th Gen Intel(R) Core(TM) i7-13620H, instruction set [SSE2|AVX|AVX2]
Thread count: 10 physical cores, 16 logical processors, using up to 1 threads

Non-default parameters:
TimeLimit  30
SoftMemLimit  12
FeasibilityTol  1e-07
IntFeasTol  1e-07
MIPGap  0
OptimalityTol  1e-07
Method  1
NodeMethod  1
DualReductions  0
InfUnbdInfo  1
LogToConsole  0
NumericFocus  1
Seed  20260929
Threads  1

Optimize a model with 85 rows, 106 columns and 297 nonzeros (Min)
Model has 93 linear objective coefficients
Coefficient statistics:
  Matrix range     [5e-04, 1e+00]
  Objective range  [6e-02, 1e+00]
  Bounds range     [2e+01, 2e+01]
  RHS range        [4e-02, 2e+01]

LP warm-start: use basis

Iteration    Objective       Primal Inf.    Dual Inf.      Time
       0    8.7500000e-02   1.867592e+01   0.000000e+00      0s
       7    3.0000000e-01   0.000000e+00   0.000000e+00      0s

Solved in 7 iterations and 0.00 seconds (0.00 work units)
Optimal objective  3.000000000e-01

User-callback calls 47, time in user-callback 0.00 sec
Set parameter TimeLimit to value 30
Gurobi Optimizer version 13.0.2 build v13.0.2rc1 (win64 - Windows 11+.0 (26200.2))

CPU model: 13th Gen Intel(R) Core(TM) i7-13620H, instruction set [SSE2|AVX|AVX2]
Thread count: 10 physical cores, 16 logical processors, using up to 1 threads

Non-default parameters:
TimeLimit  30
SoftMemLimit  12
FeasibilityTol  1e-07
IntFeasTol  1e-07
MIPGap  0
OptimalityTol  1e-07
Method  1
NodeMethod  1
DualReductions  0
InfUnbdInfo  1
LogToConsole  0
NumericFocus  1
Seed  20260929
Threads  1

Optimize a model with 85 rows, 106 columns and 297 nonzeros (Min)
Model has 93 linear objective coefficients
Coefficient statistics:
  Matrix range     [5e-04, 1e+00]
  Objective range  [6e-02, 1e+00]
  Bounds range     [2e+01, 2e+01]
  RHS range        [4e-02, 2e+01]

LP warm-start: use basis

Iteration    Objective       Primal Inf.    Dual Inf.      Time
       0    3.0000000e-01   4.444444e-01   0.000000e+00      0s
       4    3.1250000e-01   0.000000e+00   0.000000e+00      0s

Solved in 4 iterations and 0.00 seconds (0.00 work units)
Optimal objective  3.125000000e-01

User-callback calls 44, time in user-callback 0.00 sec
Set parameter TimeLimit to value 30
Gurobi Optimizer version 13.0.2 build v13.0.2rc1 (win64 - Windows 11+.0 (26200.2))

CPU model: 13th Gen Intel(R) Core(TM) i7-13620H, instruction set [SSE2|AVX|AVX2]
Thread count: 10 physical cores, 16 logical processors, using up to 1 threads

Non-default parameters:
TimeLimit  30
SoftMemLimit  12
FeasibilityTol  1e-07
IntFeasTol  1e-07
MIPGap  0
OptimalityTol  1e-07
Method  1
NodeMethod  1
DualReductions  0
InfUnbdInfo  1
LogToConsole  0
NumericFocus  1
Seed  20260929
Threads  1

Optimize a model with 85 rows, 106 columns and 297 nonzeros (Min)
Model has 93 linear objective coefficients
Coefficient statistics:
  Matrix range     [5e-04, 1e+00]
  Objective range  [6e-02, 1e+00]
  Bounds range     [2e+01, 2e+01]
  RHS range        [4e-02, 2e+01]

LP warm-start: use basis

Iteration    Objective       Primal Inf.    Dual Inf.      Time
       0    8.7500000e-02   1.867592e+01   0.000000e+00      0s
       7    3.0000000e-01   0.000000e+00   0.000000e+00      0s

Solved in 7 iterations and 0.00 seconds (0.00 work units)
Optimal objective  3.000000000e-01

User-callback calls 47, time in user-callback 0.00 sec
Set parameter TimeLimit to value 30
Gurobi Optimizer version 13.0.2 build v13.0.2rc1 (win64 - Windows 11+.0 (26200.2))

CPU model: 13th Gen Intel(R) Core(TM) i7-13620H, instruction set [SSE2|AVX|AVX2]
Thread count: 10 physical cores, 16 logical processors, using up to 1 threads

Non-default parameters:
TimeLimit  30
SoftMemLimit  12
FeasibilityTol  1e-07
IntFeasTol  1e-07
MIPGap  0
OptimalityTol  1e-07
Method  1
NodeMethod  1
DualReductions  0
InfUnbdInfo  1
LogToConsole  0
NumericFocus  1
Seed  20260929
Threads  1

Optimize a model with 85 rows, 106 columns and 297 nonzeros (Min)
Model has 93 linear objective coefficients
Coefficient statistics:
  Matrix range     [5e-04, 1e+00]
  Objective range  [6e-02, 1e+00]
  Bounds range     [2e+01, 2e+01]
  RHS range        [4e-02, 2e+01]

LP warm-start: use basis

Iteration    Objective       Primal Inf.    Dual Inf.      Time
       0   -1.7000000e+00   3.903904e+01   0.000000e+00      0s
       6    2.5625000e+00   0.000000e+00   0.000000e+00      0s

Solved in 6 iterations and 0.00 seconds (0.00 work units)
Optimal objective  2.562500000e+00

User-callback calls 46, time in user-callback 0.00 sec
Set parameter TimeLimit to value 30
Gurobi Optimizer version 13.0.2 build v13.0.2rc1 (win64 - Windows 11+.0 (26200.2))

CPU model: 13th Gen Intel(R) Core(TM) i7-13620H, instruction set [SSE2|AVX|AVX2]
Thread count: 10 physical cores, 16 logical processors, using up to 1 threads

Non-default parameters:
TimeLimit  30
SoftMemLimit  12
FeasibilityTol  1e-07
IntFeasTol  1e-07
MIPGap  0
OptimalityTol  1e-07
Method  1
NodeMethod  1
DualReductions  0
InfUnbdInfo  1
LogToConsole  0
NumericFocus  1
Seed  20260929
Threads  1

Optimize a model with 85 rows, 106 columns and 297 nonzeros (Min)
Model has 93 linear objective coefficients
Coefficient statistics:
  Matrix range     [5e-04, 1e+00]
  Objective range  [6e-02, 1e+00]
  Bounds range     [2e+01, 2e+01]
  RHS range        [4e-02, 2e+01]

LP warm-start: use basis

Iteration    Objective       Primal Inf.    Dual Inf.      Time
       0    2.3375000e+00   1.697592e+01   0.000000e+00      0s
       7    2.4598704e+00   0.000000e+00   0.000000e+00      0s

Solved in 7 iterations and 0.00 seconds (0.00 work units)
Optimal objective  2.459870366e+00

User-callback calls 47, time in user-callback 0.00 sec
Set parameter TimeLimit to value 30
Gurobi Optimizer version 13.0.2 build v13.0.2rc1 (win64 - Windows 11+.0 (26200.2))

CPU model: 13th Gen Intel(R) Core(TM) i7-13620H, instruction set [SSE2|AVX|AVX2]
Thread count: 10 physical cores, 16 logical processors, using up to 1 threads

Non-default parameters:
TimeLimit  30
SoftMemLimit  12
FeasibilityTol  1e-07
IntFeasTol  1e-07
MIPGap  0
OptimalityTol  1e-07
Method  1
NodeMethod  1
DualReductions  0
InfUnbdInfo  1
LogToConsole  0
NumericFocus  1
Seed  20260929
Threads  1

Optimize a model with 85 rows, 106 columns and 297 nonzeros (Min)
Model has 93 linear objective coefficients
Coefficient statistics:
  Matrix range     [5e-04, 1e+00]
  Objective range  [6e-02, 1e+00]
  Bounds range     [2e+01, 2e+01]
  RHS range        [4e-02, 2e+01]

LP warm-start: use basis

Iteration    Objective       Primal Inf.    Dual Inf.      Time
       0    2.4598704e+00   4.444562e+00   0.000000e+00      0s
       5    2.5625000e+00   0.000000e+00   0.000000e+00      0s

Solved in 5 iterations and 0.00 seconds (0.00 work units)
Optimal objective  2.562500000e+00

User-callback calls 45, time in user-callback 0.00 sec
Set parameter TimeLimit to value 30
Gurobi Optimizer version 13.0.2 build v13.0.2rc1 (win64 - Windows 11+.0 (26200.2))

CPU model: 13th Gen Intel(R) Core(TM) i7-13620H, instruction set [SSE2|AVX|AVX2]
Thread count: 10 physical cores, 16 logical processors, using up to 1 threads

Non-default parameters:
TimeLimit  30
SoftMemLimit  12
FeasibilityTol  1e-07
IntFeasTol  1e-07
MIPGap  0
OptimalityTol  1e-07
Method  1
NodeMethod  1
DualReductions  0
InfUnbdInfo  1
LogToConsole  0
NumericFocus  1
Seed  20260929
Threads  1

Optimize a model with 85 rows, 106 columns and 297 nonzeros (Min)
Model has 93 linear objective coefficients
Coefficient statistics:
  Matrix range     [5e-04, 1e+00]
  Objective range  [6e-02, 1e+00]
  Bounds range     [2e+01, 2e+01]
  RHS range        [4e-02, 2e+01]

LP warm-start: use basis

Iteration    Objective       Primal Inf.    Dual Inf.      Time
       0    2.3375000e+00   1.697592e+01   0.000000e+00      0s
       7    2.4598704e+00   0.000000e+00   0.000000e+00      0s

Solved in 7 iterations and 0.00 seconds (0.00 work units)
Optimal objective  2.459870366e+00

User-callback calls 47, time in user-callback 0.00 sec
Set parameter TimeLimit to value 30
Gurobi Optimizer version 13.0.2 build v13.0.2rc1 (win64 - Windows 11+.0 (26200.2))

CPU model: 13th Gen Intel(R) Core(TM) i7-13620H, instruction set [SSE2|AVX|AVX2]
Thread count: 10 physical cores, 16 logical processors, using up to 1 threads

Non-default parameters:
TimeLimit  30
SoftMemLimit  12
FeasibilityTol  1e-07
IntFeasTol  1e-07
MIPGap  0
OptimalityTol  1e-07
Method  1
NodeMethod  1
DualReductions  0
InfUnbdInfo  1
LogToConsole  0
NumericFocus  1
Seed  20260929
Threads  1

Optimize a model with 85 rows, 106 columns and 297 nonzeros (Min)
Model has 93 linear objective coefficients
Coefficient statistics:
  Matrix range     [5e-04, 1e+00]
  Objective range  [6e-02, 1e+00]
  Bounds range     [2e+01, 2e+01]
  RHS range        [4e-02, 2e+01]

LP warm-start: use basis

Iteration    Objective       Primal Inf.    Dual Inf.      Time
       0    1.6298157e-01   2.669060e+01   0.000000e+00      0s
       7    2.3000000e+00   0.000000e+00   0.000000e+00      0s

Solved in 7 iterations and 0.00 seconds (0.00 work units)
Optimal objective  2.300000000e+00

User-callback calls 47, time in user-callback 0.00 sec
Set parameter TimeLimit to value 30
Gurobi Optimizer version 13.0.2 build v13.0.2rc1 (win64 - Windows 11+.0 (26200.2))

CPU model: 13th Gen Intel(R) Core(TM) i7-13620H, instruction set [SSE2|AVX|AVX2]
Thread count: 10 physical cores, 16 logical processors, using up to 1 threads

Non-default parameters:
TimeLimit  30
SoftMemLimit  12
FeasibilityTol  1e-07
IntFeasTol  1e-07
MIPGap  0
OptimalityTol  1e-07
Method  1
NodeMethod  1
DualReductions  0
InfUnbdInfo  1
LogToConsole  0
NumericFocus  1
Seed  20260929
Threads  1

Optimize a model with 85 rows, 106 columns and 297 nonzeros (Min)
Model has 93 linear objective coefficients
Coefficient statistics:
  Matrix range     [5e-04, 1e+00]
  Objective range  [6e-02, 1e+00]
  Bounds range     [2e+01, 2e+01]
  RHS range        [4e-02, 2e+01]

LP warm-start: use basis

Iteration    Objective       Primal Inf.    Dual Inf.      Time
       0    2.0750000e+00   1.877592e+01   0.000000e+00      0s
       7    2.3000000e+00   0.000000e+00   0.000000e+00      0s

Solved in 7 iterations and 0.00 seconds (0.00 work units)
Optimal objective  2.300000000e+00

User-callback calls 47, time in user-callback 0.00 sec
Set parameter TimeLimit to value 30
Gurobi Optimizer version 13.0.2 build v13.0.2rc1 (win64 - Windows 11+.0 (26200.2))

CPU model: 13th Gen Intel(R) Core(TM) i7-13620H, instruction set [SSE2|AVX|AVX2]
Thread count: 10 physical cores, 16 logical processors, using up to 1 threads

Non-default parameters:
TimeLimit  30
SoftMemLimit  12
FeasibilityTol  1e-07
IntFeasTol  1e-07
MIPGap  0
OptimalityTol  1e-07
Method  1
NodeMethod  1
DualReductions  0
InfUnbdInfo  1
LogToConsole  0
NumericFocus  1
Seed  20260929
Threads  1

Optimize a model with 85 rows, 106 columns and 297 nonzeros (Min)
Model has 93 linear objective coefficients
Coefficient statistics:
  Matrix range     [5e-04, 1e+00]
  Objective range  [6e-02, 1e+00]
  Bounds range     [2e+01, 2e+01]
  RHS range        [4e-02, 2e+01]

LP warm-start: use basis

Iteration    Objective       Primal Inf.    Dual Inf.      Time
       0    2.3000000e+00   0.000000e+00   0.000000e+00      0s

Solved in 0 iterations and 0.00 seconds (0.00 work units)
Optimal objective  2.300000000e+00

User-callback calls 38, time in user-callback 0.00 sec
Set parameter TimeLimit to value 30
Gurobi Optimizer version 13.0.2 build v13.0.2rc1 (win64 - Windows 11+.0 (26200.2))

CPU model: 13th Gen Intel(R) Core(TM) i7-13620H, instruction set [SSE2|AVX|AVX2]
Thread count: 10 physical cores, 16 logical processors, using up to 1 threads

Non-default parameters:
TimeLimit  30
SoftMemLimit  12
FeasibilityTol  1e-07
IntFeasTol  1e-07
MIPGap  0
OptimalityTol  1e-07
Method  1
NodeMethod  1
DualReductions  0
InfUnbdInfo  1
LogToConsole  0
NumericFocus  1
Seed  20260929
Threads  1

Optimize a model with 85 rows, 106 columns and 297 nonzeros (Min)
Model has 93 linear objective coefficients
Coefficient statistics:
  Matrix range     [5e-04, 1e+00]
  Objective range  [6e-02, 1e+00]
  Bounds range     [2e+01, 2e+01]
  RHS range        [4e-02, 2e+01]

LP warm-start: use basis

Iteration    Objective       Primal Inf.    Dual Inf.      Time
       0    2.3000000e+00   0.000000e+00   0.000000e+00      0s

Solved in 0 iterations and 0.00 seconds (0.00 work units)
Optimal objective  2.300000000e+00

User-callback calls 38, time in user-callback 0.00 sec
Set parameter TimeLimit to value 30
Gurobi Optimizer version 13.0.2 build v13.0.2rc1 (win64 - Windows 11+.0 (26200.2))

CPU model: 13th Gen Intel(R) Core(TM) i7-13620H, instruction set [SSE2|AVX|AVX2]
Thread count: 10 physical cores, 16 logical processors, using up to 1 threads

Non-default parameters:
TimeLimit  30
SoftMemLimit  12
FeasibilityTol  1e-07
IntFeasTol  1e-07
MIPGap  0
OptimalityTol  1e-07
Method  1
NodeMethod  1
DualReductions  0
InfUnbdInfo  1
LogToConsole  0
NumericFocus  1
Seed  20260929
Threads  1

Optimize a model with 85 rows, 106 columns and 297 nonzeros (Min)
Model has 93 linear objective coefficients
Coefficient statistics:
  Matrix range     [5e-04, 1e+00]
  Objective range  [6e-02, 1e+00]
  Bounds range     [2e+01, 2e+01]
  RHS range        [4e-02, 2e+01]

LP warm-start: use basis

Iteration    Objective       Primal Inf.    Dual Inf.      Time
       0    2.3000000e+00   3.301800e+01   0.000000e+00      0s
       4    2.5500000e+00   0.000000e+00   0.000000e+00      0s

Solved in 4 iterations and 0.00 seconds (0.00 work units)
Optimal objective  2.550000000e+00

User-callback calls 44, time in user-callback 0.00 sec
Set parameter TimeLimit to value 30
Gurobi Optimizer version 13.0.2 build v13.0.2rc1 (win64 - Windows 11+.0 (26200.2))

CPU model: 13th Gen Intel(R) Core(TM) i7-13620H, instruction set [SSE2|AVX|AVX2]
Thread count: 10 physical cores, 16 logical processors, using up to 1 threads

Non-default parameters:
TimeLimit  30
SoftMemLimit  12
FeasibilityTol  1e-07
IntFeasTol  1e-07
MIPGap  0
OptimalityTol  1e-07
Method  1
NodeMethod  1
DualReductions  0
InfUnbdInfo  1
LogToConsole  0
NumericFocus  1
Seed  20260929
Threads  1

Optimize a model with 85 rows, 106 columns and 297 nonzeros (Min)
Model has 93 linear objective coefficients
Coefficient statistics:
  Matrix range     [5e-04, 1e+00]
  Objective range  [6e-02, 1e+00]
  Bounds range     [2e+01, 2e+01]
  RHS range        [4e-02, 2e+01]

LP warm-start: use basis

Iteration    Objective       Primal Inf.    Dual Inf.      Time
       0    2.3250000e+00   1.697592e+01   0.000000e+00      0s
       7    2.4473704e+00   0.000000e+00   0.000000e+00      0s

Solved in 7 iterations and 0.00 seconds (0.00 work units)
Optimal objective  2.447370366e+00

User-callback calls 47, time in user-callback 0.00 sec
Set parameter TimeLimit to value 30
Gurobi Optimizer version 13.0.2 build v13.0.2rc1 (win64 - Windows 11+.0 (26200.2))

CPU model: 13th Gen Intel(R) Core(TM) i7-13620H, instruction set [SSE2|AVX|AVX2]
Thread count: 10 physical cores, 16 logical processors, using up to 1 threads

Non-default parameters:
TimeLimit  30
SoftMemLimit  12
FeasibilityTol  1e-07
IntFeasTol  1e-07
MIPGap  0
OptimalityTol  1e-07
Method  1
NodeMethod  1
DualReductions  0
InfUnbdInfo  1
LogToConsole  0
NumericFocus  1
Seed  20260929
Threads  1

Optimize a model with 85 rows, 106 columns and 297 nonzeros (Min)
Model has 93 linear objective coefficients
Coefficient statistics:
  Matrix range     [5e-04, 1e+00]
  Objective range  [6e-02, 1e+00]
  Bounds range     [2e+01, 2e+01]
  RHS range        [4e-02, 2e+01]

LP warm-start: use basis

Iteration    Objective       Primal Inf.    Dual Inf.      Time
       0    2.4473704e+00   4.444562e+00   0.000000e+00      0s
       5    2.5500000e+00   0.000000e+00   0.000000e+00      0s

Solved in 5 iterations and 0.00 seconds (0.00 work units)
Optimal objective  2.550000000e+00

User-callback calls 45, time in user-callback 0.00 sec
Set parameter TimeLimit to value 30
Gurobi Optimizer version 13.0.2 build v13.0.2rc1 (win64 - Windows 11+.0 (26200.2))

CPU model: 13th Gen Intel(R) Core(TM) i7-13620H, instruction set [SSE2|AVX|AVX2]
Thread count: 10 physical cores, 16 logical processors, using up to 1 threads

Non-default parameters:
TimeLimit  30
SoftMemLimit  12
FeasibilityTol  1e-07
IntFeasTol  1e-07
MIPGap  0
OptimalityTol  1e-07
Method  1
NodeMethod  1
DualReductions  0
InfUnbdInfo  1
LogToConsole  0
NumericFocus  1
Seed  20260929
Threads  1

Optimize a model with 85 rows, 106 columns and 297 nonzeros (Min)
Model has 93 linear objective coefficients
Coefficient statistics:
  Matrix range     [5e-04, 1e+00]
  Objective range  [6e-02, 1e+00]
  Bounds range     [2e+01, 2e+01]
  RHS range        [4e-02, 2e+01]

LP warm-start: use basis

Iteration    Objective       Primal Inf.    Dual Inf.      Time
       0    2.3250000e+00   1.697592e+01   0.000000e+00      0s
       7    2.4473704e+00   0.000000e+00   0.000000e+00      0s

Solved in 7 iterations and 0.00 seconds (0.00 work units)
Optimal objective  2.447370366e+00

User-callback calls 47, time in user-callback 0.00 sec
Set parameter TimeLimit to value 30
Gurobi Optimizer version 13.0.2 build v13.0.2rc1 (win64 - Windows 11+.0 (26200.2))

CPU model: 13th Gen Intel(R) Core(TM) i7-13620H, instruction set [SSE2|AVX|AVX2]
Thread count: 10 physical cores, 16 logical processors, using up to 1 threads

Non-default parameters:
TimeLimit  30
SoftMemLimit  12
FeasibilityTol  1e-07
IntFeasTol  1e-07
MIPGap  0
OptimalityTol  1e-07
Method  1
NodeMethod  1
DualReductions  0
InfUnbdInfo  1
LogToConsole  0
NumericFocus  1
Seed  20260929
Threads  1

Optimize a model with 85 rows, 106 columns and 297 nonzeros (Min)
Model has 93 linear objective coefficients
Coefficient statistics:
  Matrix range     [5e-04, 1e+00]
  Objective range  [6e-02, 1e+00]
  Bounds range     [2e+01, 2e+01]
  RHS range        [4e-02, 2e+01]

LP warm-start: use basis

Iteration    Objective       Primal Inf.    Dual Inf.      Time
       0    2.2098704e+00   5.344588e+00   0.000000e+00      0s
       5    2.3125000e+00   0.000000e+00   0.000000e+00      0s

Solved in 5 iterations and 0.00 seconds (0.00 work units)
Optimal objective  2.312500000e+00

User-callback calls 45, time in user-callback 0.00 sec
Set parameter TimeLimit to value 30
Gurobi Optimizer version 13.0.2 build v13.0.2rc1 (win64 - Windows 11+.0 (26200.2))

CPU model: 13th Gen Intel(R) Core(TM) i7-13620H, instruction set [SSE2|AVX|AVX2]
Thread count: 10 physical cores, 16 logical processors, using up to 1 threads

Non-default parameters:
TimeLimit  30
SoftMemLimit  12
FeasibilityTol  1e-07
IntFeasTol  1e-07
MIPGap  0
OptimalityTol  1e-07
Method  1
NodeMethod  1
DualReductions  0
InfUnbdInfo  1
LogToConsole  0
NumericFocus  1
Seed  20260929
Threads  1

Optimize a model with 85 rows, 106 columns and 297 nonzeros (Min)
Model has 93 linear objective coefficients
Coefficient statistics:
  Matrix range     [5e-04, 1e+00]
  Objective range  [6e-02, 1e+00]
  Bounds range     [2e+01, 2e+01]
  RHS range        [4e-02, 2e+01]

LP warm-start: use basis

Iteration    Objective       Primal Inf.    Dual Inf.      Time
       0    2.0875000e+00   1.867592e+01   0.000000e+00      0s
       7    2.3000000e+00   0.000000e+00   0.000000e+00      0s

Solved in 7 iterations and 0.00 seconds (0.00 work units)
Optimal objective  2.300000000e+00

User-callback calls 47, time in user-callback 0.00 sec
Set parameter TimeLimit to value 30
Gurobi Optimizer version 13.0.2 build v13.0.2rc1 (win64 - Windows 11+.0 (26200.2))

CPU model: 13th Gen Intel(R) Core(TM) i7-13620H, instruction set [SSE2|AVX|AVX2]
Thread count: 10 physical cores, 16 logical processors, using up to 1 threads

Non-default parameters:
TimeLimit  30
SoftMemLimit  12
FeasibilityTol  1e-07
IntFeasTol  1e-07
MIPGap  0
OptimalityTol  1e-07
Method  1
NodeMethod  1
DualReductions  0
InfUnbdInfo  1
LogToConsole  0
NumericFocus  1
Seed  20260929
Threads  1

Optimize a model with 85 rows, 106 columns and 297 nonzeros (Min)
Model has 93 linear objective coefficients
Coefficient statistics:
  Matrix range     [5e-04, 1e+00]
  Objective range  [6e-02, 1e+00]
  Bounds range     [2e+01, 2e+01]
  RHS range        [4e-02, 2e+01]

LP warm-start: use basis

Iteration    Objective       Primal Inf.    Dual Inf.      Time
       0    2.3000000e+00   4.444444e-01   0.000000e+00      0s
       4    2.3125000e+00   0.000000e+00   0.000000e+00      0s

Solved in 4 iterations and 0.00 seconds (0.00 work units)
Optimal objective  2.312500000e+00

User-callback calls 44, time in user-callback 0.00 sec
Set parameter TimeLimit to value 30
Gurobi Optimizer version 13.0.2 build v13.0.2rc1 (win64 - Windows 11+.0 (26200.2))

CPU model: 13th Gen Intel(R) Core(TM) i7-13620H, instruction set [SSE2|AVX|AVX2]
Thread count: 10 physical cores, 16 logical processors, using up to 1 threads

Non-default parameters:
TimeLimit  30
SoftMemLimit  12
FeasibilityTol  1e-07
IntFeasTol  1e-07
MIPGap  0
OptimalityTol  1e-07
Method  1
NodeMethod  1
DualReductions  0
InfUnbdInfo  1
LogToConsole  0
NumericFocus  1
Seed  20260929
Threads  1

Optimize a model with 85 rows, 106 columns and 297 nonzeros (Min)
Model has 93 linear objective coefficients
Coefficient statistics:
  Matrix range     [5e-04, 1e+00]
  Objective range  [6e-02, 1e+00]
  Bounds range     [2e+01, 2e+01]
  RHS range        [4e-02, 2e+01]

LP warm-start: use basis

Iteration    Objective       Primal Inf.    Dual Inf.      Time
       0    2.0875000e+00   1.867592e+01   0.000000e+00      0s
       7    2.3000000e+00   0.000000e+00   0.000000e+00      0s

Solved in 7 iterations and 0.00 seconds (0.00 work units)
Optimal objective  2.300000000e+00

User-callback calls 47, time in user-callback 0.00 sec
Set parameter TimeLimit to value 30
Gurobi Optimizer version 13.0.2 build v13.0.2rc1 (win64 - Windows 11+.0 (26200.2))

CPU model: 13th Gen Intel(R) Core(TM) i7-13620H, instruction set [SSE2|AVX|AVX2]
Thread count: 10 physical cores, 16 logical processors, using up to 1 threads

Non-default parameters:
TimeLimit  30
SoftMemLimit  12
FeasibilityTol  1e-07
IntFeasTol  1e-07
MIPGap  0
OptimalityTol  1e-07
Method  1
NodeMethod  1
DualReductions  0
InfUnbdInfo  1
LogToConsole  0
NumericFocus  1
Seed  20260929
Threads  1

Optimize a model with 85 rows, 106 columns and 297 nonzeros (Min)
Model has 93 linear objective coefficients
Coefficient statistics:
  Matrix range     [5e-04, 1e+00]
  Objective range  [6e-02, 1e+00]
  Bounds range     [2e+01, 2e+01]
  RHS range        [4e-02, 2e+01]

LP warm-start: use basis

Iteration    Objective       Primal Inf.    Dual Inf.      Time
       0    2.3000000e+00   3.803904e+01   0.000000e+00      0s
       5    4.5625000e+00   0.000000e+00   0.000000e+00      0s

Solved in 5 iterations and 0.00 seconds (0.00 work units)
Optimal objective  4.562500000e+00

User-callback calls 45, time in user-callback 0.00 sec
Set parameter TimeLimit to value 30
Gurobi Optimizer version 13.0.2 build v13.0.2rc1 (win64 - Windows 11+.0 (26200.2))

CPU model: 13th Gen Intel(R) Core(TM) i7-13620H, instruction set [SSE2|AVX|AVX2]
Thread count: 10 physical cores, 16 logical processors, using up to 1 threads

Non-default parameters:
TimeLimit  30
SoftMemLimit  12
FeasibilityTol  1e-07
IntFeasTol  1e-07
MIPGap  0
OptimalityTol  1e-07
Method  1
NodeMethod  1
DualReductions  0
InfUnbdInfo  1
LogToConsole  0
NumericFocus  1
Seed  20260929
Threads  1

Optimize a model with 85 rows, 106 columns and 297 nonzeros (Min)
Model has 93 linear objective coefficients
Coefficient statistics:
  Matrix range     [5e-04, 1e+00]
  Objective range  [6e-02, 1e+00]
  Bounds range     [2e+01, 2e+01]
  RHS range        [4e-02, 2e+01]

LP warm-start: use basis

Iteration    Objective       Primal Inf.    Dual Inf.      Time
       0    4.3375000e+00   1.697592e+01   0.000000e+00      0s
       7    4.4598704e+00   0.000000e+00   0.000000e+00      0s

Solved in 7 iterations and 0.00 seconds (0.00 work units)
Optimal objective  4.459870366e+00

User-callback calls 47, time in user-callback 0.00 sec
Set parameter TimeLimit to value 30
Gurobi Optimizer version 13.0.2 build v13.0.2rc1 (win64 - Windows 11+.0 (26200.2))

CPU model: 13th Gen Intel(R) Core(TM) i7-13620H, instruction set [SSE2|AVX|AVX2]
Thread count: 10 physical cores, 16 logical processors, using up to 1 threads

Non-default parameters:
TimeLimit  30
SoftMemLimit  12
FeasibilityTol  1e-07
IntFeasTol  1e-07
MIPGap  0
OptimalityTol  1e-07
Method  1
NodeMethod  1
DualReductions  0
InfUnbdInfo  1
LogToConsole  0
NumericFocus  1
Seed  20260929
Threads  1

Optimize a model with 85 rows, 106 columns and 297 nonzeros (Min)
Model has 93 linear objective coefficients
Coefficient statistics:
  Matrix range     [5e-04, 1e+00]
  Objective range  [6e-02, 1e+00]
  Bounds range     [2e+01, 2e+01]
  RHS range        [4e-02, 2e+01]

LP warm-start: use basis

Iteration    Objective       Primal Inf.    Dual Inf.      Time
       0    4.4598704e+00   4.444562e+00   0.000000e+00      0s
       5    4.5625000e+00   0.000000e+00   0.000000e+00      0s

Solved in 5 iterations and 0.00 seconds (0.00 work units)
Optimal objective  4.562500000e+00

User-callback calls 45, time in user-callback 0.00 sec
Set parameter TimeLimit to value 30
Gurobi Optimizer version 13.0.2 build v13.0.2rc1 (win64 - Windows 11+.0 (26200.2))

CPU model: 13th Gen Intel(R) Core(TM) i7-13620H, instruction set [SSE2|AVX|AVX2]
Thread count: 10 physical cores, 16 logical processors, using up to 1 threads

Non-default parameters:
TimeLimit  30
SoftMemLimit  12
FeasibilityTol  1e-07
IntFeasTol  1e-07
MIPGap  0
OptimalityTol  1e-07
Method  1
NodeMethod  1
DualReductions  0
InfUnbdInfo  1
LogToConsole  0
NumericFocus  1
Seed  20260929
Threads  1

Optimize a model with 85 rows, 106 columns and 297 nonzeros (Min)
Model has 93 linear objective coefficients
Coefficient statistics:
  Matrix range     [5e-04, 1e+00]
  Objective range  [6e-02, 1e+00]
  Bounds range     [2e+01, 2e+01]
  RHS range        [4e-02, 2e+01]

LP warm-start: use basis

Iteration    Objective       Primal Inf.    Dual Inf.      Time
       0    4.3375000e+00   1.697592e+01   0.000000e+00      0s
       7    4.4598704e+00   0.000000e+00   0.000000e+00      0s

Solved in 7 iterations and 0.00 seconds (0.00 work units)
Optimal objective  4.459870366e+00

User-callback calls 47, time in user-callback 0.00 sec
Set parameter TimeLimit to value 30
Gurobi Optimizer version 13.0.2 build v13.0.2rc1 (win64 - Windows 11+.0 (26200.2))

CPU model: 13th Gen Intel(R) Core(TM) i7-13620H, instruction set [SSE2|AVX|AVX2]
Thread count: 10 physical cores, 16 logical processors, using up to 1 threads

Non-default parameters:
TimeLimit  30
SoftMemLimit  12
FeasibilityTol  1e-07
IntFeasTol  1e-07
MIPGap  0
OptimalityTol  1e-07
Method  1
NodeMethod  1
DualReductions  0
InfUnbdInfo  1
LogToConsole  0
NumericFocus  1
Seed  20260929
Threads  1

Optimize a model with 85 rows, 106 columns and 297 nonzeros (Min)
Model has 93 linear objective coefficients
Coefficient statistics:
  Matrix range     [5e-04, 1e+00]
  Objective range  [6e-02, 1e+00]
  Bounds range     [2e+01, 2e+01]
  RHS range        [4e-02, 2e+01]

LP warm-start: use basis

Iteration    Objective       Primal Inf.    Dual Inf.      Time
       0   -1.9135928e+00   3.069369e+01   0.000000e+00      0s
      10    4.3000000e+00   0.000000e+00   0.000000e+00      0s

Solved in 10 iterations and 0.00 seconds (0.00 work units)
Optimal objective  4.300000000e+00

User-callback calls 50, time in user-callback 0.00 sec
Set parameter TimeLimit to value 30
Gurobi Optimizer version 13.0.2 build v13.0.2rc1 (win64 - Windows 11+.0 (26200.2))

CPU model: 13th Gen Intel(R) Core(TM) i7-13620H, instruction set [SSE2|AVX|AVX2]
Thread count: 10 physical cores, 16 logical processors, using up to 1 threads

Non-default parameters:
TimeLimit  30
SoftMemLimit  12
FeasibilityTol  1e-07
IntFeasTol  1e-07
MIPGap  0
OptimalityTol  1e-07
Method  1
NodeMethod  1
DualReductions  0
InfUnbdInfo  1
LogToConsole  0
NumericFocus  1
Seed  20260929
Threads  1

Optimize a model with 85 rows, 106 columns and 297 nonzeros (Min)
Model has 93 linear objective coefficients
Coefficient statistics:
  Matrix range     [5e-04, 1e+00]
  Objective range  [6e-02, 1e+00]
  Bounds range     [2e+01, 2e+01]
  RHS range        [4e-02, 2e+01]

LP warm-start: use basis

Iteration    Objective       Primal Inf.    Dual Inf.      Time
       0    3.8500000e+00   3.755184e+01   0.000000e+00      0s
      11    4.3000000e+00   0.000000e+00   0.000000e+00      0s

Solved in 11 iterations and 0.00 seconds (0.00 work units)
Optimal objective  4.300000000e+00

User-callback calls 51, time in user-callback 0.00 sec
Set parameter TimeLimit to value 30
Gurobi Optimizer version 13.0.2 build v13.0.2rc1 (win64 - Windows 11+.0 (26200.2))

CPU model: 13th Gen Intel(R) Core(TM) i7-13620H, instruction set [SSE2|AVX|AVX2]
Thread count: 10 physical cores, 16 logical processors, using up to 1 threads

Non-default parameters:
TimeLimit  30
SoftMemLimit  12
FeasibilityTol  1e-07
IntFeasTol  1e-07
MIPGap  0
OptimalityTol  1e-07
Method  1
NodeMethod  1
DualReductions  0
InfUnbdInfo  1
LogToConsole  0
NumericFocus  1
Seed  20260929
Threads  1

Optimize a model with 85 rows, 106 columns and 297 nonzeros (Min)
Model has 93 linear objective coefficients
Coefficient statistics:
  Matrix range     [5e-04, 1e+00]
  Objective range  [6e-02, 1e+00]
  Bounds range     [2e+01, 2e+01]
  RHS range        [4e-02, 2e+01]

LP warm-start: use basis

Iteration    Objective       Primal Inf.    Dual Inf.      Time
       0    4.3000000e+00   1.574789e+01   0.000000e+00      0s
       1    4.3000000e+00   0.000000e+00   0.000000e+00      0s

Solved in 1 iterations and 0.00 seconds (0.00 work units)
Optimal objective  4.300000000e+00

User-callback calls 41, time in user-callback 0.00 sec
Set parameter TimeLimit to value 30
Gurobi Optimizer version 13.0.2 build v13.0.2rc1 (win64 - Windows 11+.0 (26200.2))

CPU model: 13th Gen Intel(R) Core(TM) i7-13620H, instruction set [SSE2|AVX|AVX2]
Thread count: 10 physical cores, 16 logical processors, using up to 1 threads

Non-default parameters:
TimeLimit  30
SoftMemLimit  12
FeasibilityTol  1e-07
IntFeasTol  1e-07
MIPGap  0
OptimalityTol  1e-07
Method  1
NodeMethod  1
DualReductions  0
InfUnbdInfo  1
LogToConsole  0
NumericFocus  1
Seed  20260929
Threads  1

Optimize a model with 85 rows, 106 columns and 297 nonzeros (Min)
Model has 93 linear objective coefficients
Coefficient statistics:
  Matrix range     [5e-04, 1e+00]
  Objective range  [6e-02, 1e+00]
  Bounds range     [2e+01, 2e+01]
  RHS range        [4e-02, 2e+01]

LP warm-start: use basis

Iteration    Objective       Primal Inf.    Dual Inf.      Time
       0    4.3000000e+00   6.480000e+00   0.000000e+00      0s
       1    4.3000000e+00   0.000000e+00   0.000000e+00      0s

Solved in 1 iterations and 0.00 seconds (0.00 work units)
Optimal objective  4.300000000e+00

User-callback calls 41, time in user-callback 0.00 sec
Set parameter TimeLimit to value 30
Gurobi Optimizer version 13.0.2 build v13.0.2rc1 (win64 - Windows 11+.0 (26200.2))

CPU model: 13th Gen Intel(R) Core(TM) i7-13620H, instruction set [SSE2|AVX|AVX2]
Thread count: 10 physical cores, 16 logical processors, using up to 1 threads

Non-default parameters:
TimeLimit  30
SoftMemLimit  12
FeasibilityTol  1e-07
IntFeasTol  1e-07
MIPGap  0
OptimalityTol  1e-07
Method  1
NodeMethod  1
DualReductions  0
InfUnbdInfo  1
LogToConsole  0
NumericFocus  1
Seed  20260929
Threads  1

Optimize a model with 85 rows, 106 columns and 297 nonzeros (Min)
Model has 93 linear objective coefficients
Coefficient statistics:
  Matrix range     [5e-04, 1e+00]
  Objective range  [6e-02, 1e+00]
  Bounds range     [2e+01, 2e+01]
  RHS range        [4e-02, 2e+01]

LP warm-start: use basis

Iteration    Objective       Primal Inf.    Dual Inf.      Time
       0    2.3000000e+00   8.191726e+01   0.000000e+00      0s
       8    2.5500000e+00   0.000000e+00   0.000000e+00      0s

Solved in 8 iterations and 0.00 seconds (0.00 work units)
Optimal objective  2.550000000e+00

User-callback calls 48, time in user-callback 0.00 sec
Set parameter TimeLimit to value 30
Gurobi Optimizer version 13.0.2 build v13.0.2rc1 (win64 - Windows 11+.0 (26200.2))

CPU model: 13th Gen Intel(R) Core(TM) i7-13620H, instruction set [SSE2|AVX|AVX2]
Thread count: 10 physical cores, 16 logical processors, using up to 1 threads

Non-default parameters:
TimeLimit  30
SoftMemLimit  12
FeasibilityTol  1e-07
IntFeasTol  1e-07
MIPGap  0
OptimalityTol  1e-07
Method  1
NodeMethod  1
DualReductions  0
InfUnbdInfo  1
LogToConsole  0
NumericFocus  1
Seed  20260929
Threads  1

Optimize a model with 85 rows, 106 columns and 297 nonzeros (Min)
Model has 93 linear objective coefficients
Coefficient statistics:
  Matrix range     [5e-04, 1e+00]
  Objective range  [6e-02, 1e+00]
  Bounds range     [2e+01, 2e+01]
  RHS range        [4e-02, 2e+01]

LP warm-start: use basis

Iteration    Objective       Primal Inf.    Dual Inf.      Time
       0    2.1000000e+00   3.555184e+01   0.000000e+00      0s
      11    2.3447417e+00   0.000000e+00   0.000000e+00      0s

Solved in 11 iterations and 0.00 seconds (0.00 work units)
Optimal objective  2.344741667e+00

User-callback calls 51, time in user-callback 0.00 sec
Set parameter TimeLimit to value 30
Gurobi Optimizer version 13.0.2 build v13.0.2rc1 (win64 - Windows 11+.0 (26200.2))

CPU model: 13th Gen Intel(R) Core(TM) i7-13620H, instruction set [SSE2|AVX|AVX2]
Thread count: 10 physical cores, 16 logical processors, using up to 1 threads

Non-default parameters:
TimeLimit  30
SoftMemLimit  12
FeasibilityTol  1e-07
IntFeasTol  1e-07
MIPGap  0
OptimalityTol  1e-07
Method  1
NodeMethod  1
DualReductions  0
InfUnbdInfo  1
LogToConsole  0
NumericFocus  1
Seed  20260929
Threads  1

Optimize a model with 85 rows, 106 columns and 297 nonzeros (Min)
Model has 93 linear objective coefficients
Coefficient statistics:
  Matrix range     [5e-04, 1e+00]
  Objective range  [6e-02, 1e+00]
  Bounds range     [2e+01, 2e+01]
  RHS range        [4e-02, 2e+01]

LP warm-start: use basis

Iteration    Objective       Primal Inf.    Dual Inf.      Time
       0    2.3447417e+00   8.888889e+00   0.000000e+00      0s
       7    2.5500000e+00   0.000000e+00   0.000000e+00      0s

Solved in 7 iterations and 0.00 seconds (0.00 work units)
Optimal objective  2.550000000e+00

User-callback calls 47, time in user-callback 0.00 sec
Set parameter TimeLimit to value 30
Gurobi Optimizer version 13.0.2 build v13.0.2rc1 (win64 - Windows 11+.0 (26200.2))

CPU model: 13th Gen Intel(R) Core(TM) i7-13620H, instruction set [SSE2|AVX|AVX2]
Thread count: 10 physical cores, 16 logical processors, using up to 1 threads

Non-default parameters:
TimeLimit  30
SoftMemLimit  12
FeasibilityTol  1e-07
IntFeasTol  1e-07
MIPGap  0
OptimalityTol  1e-07
Method  1
NodeMethod  1
DualReductions  0
InfUnbdInfo  1
LogToConsole  0
NumericFocus  1
Seed  20260929
Threads  1

Optimize a model with 85 rows, 106 columns and 297 nonzeros (Min)
Model has 93 linear objective coefficients
Coefficient statistics:
  Matrix range     [5e-04, 1e+00]
  Objective range  [6e-02, 1e+00]
  Bounds range     [2e+01, 2e+01]
  RHS range        [4e-02, 2e+01]

LP warm-start: use basis

Iteration    Objective       Primal Inf.    Dual Inf.      Time
       0    2.1000000e+00   3.555184e+01   0.000000e+00      0s
      11    2.3447417e+00   0.000000e+00   0.000000e+00      0s

Solved in 11 iterations and 0.00 seconds (0.00 work units)
Optimal objective  2.344741667e+00

User-callback calls 51, time in user-callback 0.00 sec
Set parameter TimeLimit to value 30
Gurobi Optimizer version 13.0.2 build v13.0.2rc1 (win64 - Windows 11+.0 (26200.2))

CPU model: 13th Gen Intel(R) Core(TM) i7-13620H, instruction set [SSE2|AVX|AVX2]
Thread count: 10 physical cores, 16 logical processors, using up to 1 threads

Non-default parameters:
TimeLimit  30
SoftMemLimit  12
FeasibilityTol  1e-07
IntFeasTol  1e-07
MIPGap  0
OptimalityTol  1e-07
Method  1
NodeMethod  1
DualReductions  0
InfUnbdInfo  1
LogToConsole  0
NumericFocus  1
Seed  20260929
Threads  1

Optimize a model with 85 rows, 106 columns and 297 nonzeros (Min)
Model has 93 linear objective coefficients
Coefficient statistics:
  Matrix range     [5e-04, 1e+00]
  Objective range  [6e-02, 1e+00]
  Bounds range     [2e+01, 2e+01]
  RHS range        [4e-02, 2e+01]

LP warm-start: use basis

Iteration    Objective       Primal Inf.    Dual Inf.      Time
       0    2.1408747e+00   3.179762e+01   0.000000e+00      0s
       8    2.3125000e+00   0.000000e+00   0.000000e+00      0s

Solved in 8 iterations and 0.00 seconds (0.00 work units)
Optimal objective  2.312500000e+00

User-callback calls 47, time in user-callback 0.00 sec
Set parameter TimeLimit to value 30
Gurobi Optimizer version 13.0.2 build v13.0.2rc1 (win64 - Windows 11+.0 (26200.2))

CPU model: 13th Gen Intel(R) Core(TM) i7-13620H, instruction set [SSE2|AVX|AVX2]
Thread count: 10 physical cores, 16 logical processors, using up to 1 threads

Non-default parameters:
TimeLimit  30
SoftMemLimit  12
FeasibilityTol  1e-07
IntFeasTol  1e-07
MIPGap  0
OptimalityTol  1e-07
Method  1
NodeMethod  1
DualReductions  0
InfUnbdInfo  1
LogToConsole  0
NumericFocus  1
Seed  20260929
Threads  1

Optimize a model with 85 rows, 106 columns and 297 nonzeros (Min)
Model has 93 linear objective coefficients
Coefficient statistics:
  Matrix range     [5e-04, 1e+00]
  Objective range  [6e-02, 1e+00]
  Bounds range     [2e+01, 2e+01]
  RHS range        [4e-02, 2e+01]

LP warm-start: use basis

Iteration    Objective       Primal Inf.    Dual Inf.      Time
       0    1.8625000e+00   3.760877e+01   0.000000e+00      0s
      12    2.3000000e+00   0.000000e+00   0.000000e+00      0s

Solved in 12 iterations and 0.00 seconds (0.00 work units)
Optimal objective  2.300000000e+00

User-callback calls 52, time in user-callback 0.00 sec
Set parameter TimeLimit to value 30
Gurobi Optimizer version 13.0.2 build v13.0.2rc1 (win64 - Windows 11+.0 (26200.2))

CPU model: 13th Gen Intel(R) Core(TM) i7-13620H, instruction set [SSE2|AVX|AVX2]
Thread count: 10 physical cores, 16 logical processors, using up to 1 threads

Non-default parameters:
TimeLimit  30
SoftMemLimit  12
FeasibilityTol  1e-07
IntFeasTol  1e-07
MIPGap  0
OptimalityTol  1e-07
Method  1
NodeMethod  1
DualReductions  0
InfUnbdInfo  1
LogToConsole  0
NumericFocus  1
Seed  20260929
Threads  1

Optimize a model with 85 rows, 106 columns and 297 nonzeros (Min)
Model has 93 linear objective coefficients
Coefficient statistics:
  Matrix range     [5e-04, 1e+00]
  Objective range  [6e-02, 1e+00]
  Bounds range     [2e+01, 2e+01]
  RHS range        [4e-02, 2e+01]

LP warm-start: use basis

Iteration    Objective       Primal Inf.    Dual Inf.      Time
       0    2.3000000e+00   1.786583e+01   0.000000e+00      0s
       5    2.3125000e+00   0.000000e+00   0.000000e+00      0s

Solved in 5 iterations and 0.00 seconds (0.00 work units)
Optimal objective  2.312500000e+00

User-callback calls 45, time in user-callback 0.00 sec
Set parameter TimeLimit to value 30
Gurobi Optimizer version 13.0.2 build v13.0.2rc1 (win64 - Windows 11+.0 (26200.2))

CPU model: 13th Gen Intel(R) Core(TM) i7-13620H, instruction set [SSE2|AVX|AVX2]
Thread count: 10 physical cores, 16 logical processors, using up to 1 threads

Non-default parameters:
TimeLimit  30
SoftMemLimit  12
FeasibilityTol  1e-07
IntFeasTol  1e-07
MIPGap  0
OptimalityTol  1e-07
Method  1
NodeMethod  1
DualReductions  0
InfUnbdInfo  1
LogToConsole  0
NumericFocus  1
Seed  20260929
Threads  1

Optimize a model with 85 rows, 106 columns and 297 nonzeros (Min)
Model has 93 linear objective coefficients
Coefficient statistics:
  Matrix range     [5e-04, 1e+00]
  Objective range  [6e-02, 1e+00]
  Bounds range     [2e+01, 2e+01]
  RHS range        [4e-02, 2e+01]

LP warm-start: use basis

Iteration    Objective       Primal Inf.    Dual Inf.      Time
       0    1.8625000e+00   1.977799e+02   0.000000e+00      0s
      12    2.3000000e+00   0.000000e+00   0.000000e+00      0s

Solved in 12 iterations and 0.00 seconds (0.00 work units)
Optimal objective  2.300000000e+00

User-callback calls 52, time in user-callback 0.00 sec
Set parameter TimeLimit to value 30
Gurobi Optimizer version 13.0.2 build v13.0.2rc1 (win64 - Windows 11+.0 (26200.2))

CPU model: 13th Gen Intel(R) Core(TM) i7-13620H, instruction set [SSE2|AVX|AVX2]
Thread count: 10 physical cores, 16 logical processors, using up to 1 threads

Non-default parameters:
TimeLimit  30
SoftMemLimit  12
FeasibilityTol  1e-07
IntFeasTol  1e-07
MIPGap  0
OptimalityTol  1e-07
Method  1
NodeMethod  1
DualReductions  0
InfUnbdInfo  1
LogToConsole  0
NumericFocus  1
Seed  20260929
Threads  1

Optimize a model with 85 rows, 106 columns and 297 nonzeros (Min)
Model has 93 linear objective coefficients
Coefficient statistics:
  Matrix range     [5e-04, 1e+00]
  Objective range  [6e-02, 1e+00]
  Bounds range     [2e+01, 2e+01]
  RHS range        [4e-02, 2e+01]

LP warm-start: use basis

Iteration    Objective       Primal Inf.    Dual Inf.      Time
       0    3.0000000e-01   1.592268e+02   0.000000e+00      0s
       9    4.5625000e+00   0.000000e+00   0.000000e+00      0s

Solved in 9 iterations and 0.00 seconds (0.00 work units)
Optimal objective  4.562500000e+00

User-callback calls 49, time in user-callback 0.00 sec
Set parameter TimeLimit to value 30
Gurobi Optimizer version 13.0.2 build v13.0.2rc1 (win64 - Windows 11+.0 (26200.2))

CPU model: 13th Gen Intel(R) Core(TM) i7-13620H, instruction set [SSE2|AVX|AVX2]
Thread count: 10 physical cores, 16 logical processors, using up to 1 threads

Non-default parameters:
TimeLimit  30
SoftMemLimit  12
FeasibilityTol  1e-07
IntFeasTol  1e-07
MIPGap  0
OptimalityTol  1e-07
Method  1
NodeMethod  1
DualReductions  0
InfUnbdInfo  1
LogToConsole  0
NumericFocus  1
Seed  20260929
Threads  1

Optimize a model with 85 rows, 106 columns and 297 nonzeros (Min)
Model has 93 linear objective coefficients
Coefficient statistics:
  Matrix range     [5e-04, 1e+00]
  Objective range  [6e-02, 1e+00]
  Bounds range     [2e+01, 2e+01]
  RHS range        [4e-02, 2e+01]

LP warm-start: use basis

Iteration    Objective       Primal Inf.    Dual Inf.      Time
       0    4.1125000e+00   3.545184e+01   0.000000e+00      0s
      12    4.3572407e+00   0.000000e+00   0.000000e+00      0s

Solved in 12 iterations and 0.00 seconds (0.00 work units)
Optimal objective  4.357240732e+00

User-callback calls 52, time in user-callback 0.00 sec
Set parameter TimeLimit to value 30
Gurobi Optimizer version 13.0.2 build v13.0.2rc1 (win64 - Windows 11+.0 (26200.2))

CPU model: 13th Gen Intel(R) Core(TM) i7-13620H, instruction set [SSE2|AVX|AVX2]
Thread count: 10 physical cores, 16 logical processors, using up to 1 threads

Non-default parameters:
TimeLimit  30
SoftMemLimit  12
FeasibilityTol  1e-07
IntFeasTol  1e-07
MIPGap  0
OptimalityTol  1e-07
Method  1
NodeMethod  1
DualReductions  0
InfUnbdInfo  1
LogToConsole  0
NumericFocus  1
Seed  20260929
Threads  1

Optimize a model with 85 rows, 106 columns and 297 nonzeros (Min)
Model has 93 linear objective coefficients
Coefficient statistics:
  Matrix range     [5e-04, 1e+00]
  Objective range  [6e-02, 1e+00]
  Bounds range     [2e+01, 2e+01]
  RHS range        [4e-02, 2e+01]

LP warm-start: use basis

Iteration    Objective       Primal Inf.    Dual Inf.      Time
       0    4.3572407e+00   8.889124e+00   0.000000e+00      0s
       7    4.5625000e+00   0.000000e+00   0.000000e+00      0s

Solved in 7 iterations and 0.00 seconds (0.00 work units)
Optimal objective  4.562500000e+00

User-callback calls 47, time in user-callback 0.00 sec
Set parameter TimeLimit to value 30
Gurobi Optimizer version 13.0.2 build v13.0.2rc1 (win64 - Windows 11+.0 (26200.2))

CPU model: 13th Gen Intel(R) Core(TM) i7-13620H, instruction set [SSE2|AVX|AVX2]
Thread count: 10 physical cores, 16 logical processors, using up to 1 threads

Non-default parameters:
TimeLimit  30
SoftMemLimit  12
FeasibilityTol  1e-07
IntFeasTol  1e-07
MIPGap  0
OptimalityTol  1e-07
Method  1
NodeMethod  1
DualReductions  0
InfUnbdInfo  1
LogToConsole  0
NumericFocus  1
Seed  20260929
Threads  1

Optimize a model with 85 rows, 106 columns and 297 nonzeros (Min)
Model has 93 linear objective coefficients
Coefficient statistics:
  Matrix range     [5e-04, 1e+00]
  Objective range  [6e-02, 1e+00]
  Bounds range     [2e+01, 2e+01]
  RHS range        [4e-02, 2e+01]

LP warm-start: use basis

Iteration    Objective       Primal Inf.    Dual Inf.      Time
       0    4.1125000e+00   3.560877e+01   0.000000e+00      0s
      20    4.3572407e+00   0.000000e+00   0.000000e+00      0s

Solved in 20 iterations and 0.00 seconds (0.00 work units)
Optimal objective  4.357240732e+00

User-callback calls 60, time in user-callback 0.00 sec
Set parameter TimeLimit to value 30
Gurobi Optimizer version 13.0.2 build v13.0.2rc1 (win64 - Windows 11+.0 (26200.2))

CPU model: 13th Gen Intel(R) Core(TM) i7-13620H, instruction set [SSE2|AVX|AVX2]
Thread count: 10 physical cores, 16 logical processors, using up to 1 threads

Non-default parameters:
TimeLimit  30
SoftMemLimit  12
FeasibilityTol  1e-07
IntFeasTol  1e-07
MIPGap  0
OptimalityTol  1e-07
Method  1
NodeMethod  1
DualReductions  0
InfUnbdInfo  1
LogToConsole  0
NumericFocus  1
Seed  20260929
Threads  1

Optimize a model with 85 rows, 106 columns and 297 nonzeros (Min)
Model has 93 linear objective coefficients
Coefficient statistics:
  Matrix range     [5e-04, 1e+00]
  Objective range  [6e-02, 1e+00]
  Bounds range     [2e+01, 2e+01]
  RHS range        [4e-02, 2e+01]

LP warm-start: use basis

Iteration    Objective       Primal Inf.    Dual Inf.      Time
       0   -1.9883280e+00   3.519205e+01   0.000000e+00      0s
       5    2.3000000e+00   0.000000e+00   0.000000e+00      0s

Solved in 5 iterations and 0.00 seconds (0.00 work units)
Optimal objective  2.300000000e+00

User-callback calls 45, time in user-callback 0.00 sec
Set parameter TimeLimit to value 30
Gurobi Optimizer version 13.0.2 build v13.0.2rc1 (win64 - Windows 11+.0 (26200.2))

CPU model: 13th Gen Intel(R) Core(TM) i7-13620H, instruction set [SSE2|AVX|AVX2]
Thread count: 10 physical cores, 16 logical processors, using up to 1 threads

Non-default parameters:
TimeLimit  30
SoftMemLimit  12
FeasibilityTol  1e-07
IntFeasTol  1e-07
MIPGap  0
OptimalityTol  1e-07
Method  1
NodeMethod  1
DualReductions  0
InfUnbdInfo  1
LogToConsole  0
NumericFocus  1
Seed  20260929
Threads  1

Optimize a model with 85 rows, 106 columns and 297 nonzeros (Min)
Model has 93 linear objective coefficients
Coefficient statistics:
  Matrix range     [5e-04, 1e+00]
  Objective range  [6e-02, 1e+00]
  Bounds range     [2e+01, 2e+01]
  RHS range        [4e-02, 2e+01]

LP warm-start: use basis

Iteration    Objective       Primal Inf.    Dual Inf.      Time
       0    2.3000000e+00   0.000000e+00   0.000000e+00      0s

Solved in 0 iterations and 0.00 seconds (0.00 work units)
Optimal objective  2.300000000e+00

User-callback calls 38, time in user-callback 0.00 sec
Set parameter TimeLimit to value 30
Gurobi Optimizer version 13.0.2 build v13.0.2rc1 (win64 - Windows 11+.0 (26200.2))

CPU model: 13th Gen Intel(R) Core(TM) i7-13620H, instruction set [SSE2|AVX|AVX2]
Thread count: 10 physical cores, 16 logical processors, using up to 1 threads

Non-default parameters:
TimeLimit  30
SoftMemLimit  12
FeasibilityTol  1e-07
IntFeasTol  1e-07
MIPGap  0
OptimalityTol  1e-07
Method  1
NodeMethod  1
DualReductions  0
InfUnbdInfo  1
LogToConsole  0
NumericFocus  1
Seed  20260929
Threads  1

Optimize a model with 85 rows, 106 columns and 297 nonzeros (Min)
Model has 93 linear objective coefficients
Coefficient statistics:
  Matrix range     [5e-04, 1e+00]
  Objective range  [6e-02, 1e+00]
  Bounds range     [2e+01, 2e+01]
  RHS range        [4e-02, 2e+01]

LP warm-start: use basis

Iteration    Objective       Primal Inf.    Dual Inf.      Time
       0    2.0750000e+00   1.877592e+01   0.000000e+00      0s
       6    2.3000000e+00   0.000000e+00   0.000000e+00      0s

Solved in 6 iterations and 0.00 seconds (0.00 work units)
Optimal objective  2.300000000e+00

User-callback calls 46, time in user-callback 0.00 sec
Set parameter TimeLimit to value 30
Gurobi Optimizer version 13.0.2 build v13.0.2rc1 (win64 - Windows 11+.0 (26200.2))

CPU model: 13th Gen Intel(R) Core(TM) i7-13620H, instruction set [SSE2|AVX|AVX2]
Thread count: 10 physical cores, 16 logical processors, using up to 1 threads

Non-default parameters:
TimeLimit  30
SoftMemLimit  12
FeasibilityTol  1e-07
IntFeasTol  1e-07
MIPGap  0
OptimalityTol  1e-07
Method  1
NodeMethod  1
DualReductions  0
InfUnbdInfo  1
LogToConsole  0
NumericFocus  1
Seed  20260929
Threads  1

Optimize a model with 85 rows, 106 columns and 297 nonzeros (Min)
Model has 93 linear objective coefficients
Coefficient statistics:
  Matrix range     [5e-04, 1e+00]
  Objective range  [6e-02, 1e+00]
  Bounds range     [2e+01, 2e+01]
  RHS range        [4e-02, 2e+01]

LP warm-start: use basis

Iteration    Objective       Primal Inf.    Dual Inf.      Time
       0    2.3000000e+00   0.000000e+00   0.000000e+00      0s

Solved in 0 iterations and 0.00 seconds (0.00 work units)
Optimal objective  2.300000000e+00

User-callback calls 38, time in user-callback 0.00 sec
Set parameter TimeLimit to value 30
Gurobi Optimizer version 13.0.2 build v13.0.2rc1 (win64 - Windows 11+.0 (26200.2))

CPU model: 13th Gen Intel(R) Core(TM) i7-13620H, instruction set [SSE2|AVX|AVX2]
Thread count: 10 physical cores, 16 logical processors, using up to 1 threads

Non-default parameters:
TimeLimit  30
SoftMemLimit  12
FeasibilityTol  1e-07
IntFeasTol  1e-07
MIPGap  0
OptimalityTol  1e-07
Method  1
NodeMethod  1
DualReductions  0
InfUnbdInfo  1
LogToConsole  0
NumericFocus  1
Seed  20260929
Threads  1

Optimize a model with 85 rows, 106 columns and 297 nonzeros (Min)
Model has 93 linear objective coefficients
Coefficient statistics:
  Matrix range     [5e-04, 1e+00]
  Objective range  [6e-02, 1e+00]
  Bounds range     [2e+01, 2e+01]
  RHS range        [4e-02, 2e+01]

LP warm-start: use basis

Iteration    Objective       Primal Inf.    Dual Inf.      Time
       0    4.3000000e+00   3.301800e+01   0.000000e+00      0s
       3    4.5500000e+00   0.000000e+00   0.000000e+00      0s

Solved in 3 iterations and 0.00 seconds (0.00 work units)
Optimal objective  4.550000000e+00

User-callback calls 43, time in user-callback 0.00 sec
Set parameter TimeLimit to value 30
Gurobi Optimizer version 13.0.2 build v13.0.2rc1 (win64 - Windows 11+.0 (26200.2))

CPU model: 13th Gen Intel(R) Core(TM) i7-13620H, instruction set [SSE2|AVX|AVX2]
Thread count: 10 physical cores, 16 logical processors, using up to 1 threads

Non-default parameters:
TimeLimit  30
SoftMemLimit  12
FeasibilityTol  1e-07
IntFeasTol  1e-07
MIPGap  0
OptimalityTol  1e-07
Method  1
NodeMethod  1
DualReductions  0
InfUnbdInfo  1
LogToConsole  0
NumericFocus  1
Seed  20260929
Threads  1

Optimize a model with 85 rows, 106 columns and 297 nonzeros (Min)
Model has 93 linear objective coefficients
Coefficient statistics:
  Matrix range     [5e-04, 1e+00]
  Objective range  [6e-02, 1e+00]
  Bounds range     [2e+01, 2e+01]
  RHS range        [4e-02, 2e+01]

LP warm-start: use basis

Iteration    Objective       Primal Inf.    Dual Inf.      Time
       0    4.5500000e+00   0.000000e+00   0.000000e+00      0s

Solved in 0 iterations and 0.00 seconds (0.00 work units)
Optimal objective  4.550000000e+00

User-callback calls 38, time in user-callback 0.00 sec
Set parameter TimeLimit to value 30
Gurobi Optimizer version 13.0.2 build v13.0.2rc1 (win64 - Windows 11+.0 (26200.2))

CPU model: 13th Gen Intel(R) Core(TM) i7-13620H, instruction set [SSE2|AVX|AVX2]
Thread count: 10 physical cores, 16 logical processors, using up to 1 threads

Non-default parameters:
TimeLimit  30
SoftMemLimit  12
FeasibilityTol  1e-07
IntFeasTol  1e-07
MIPGap  0
OptimalityTol  1e-07
Method  1
NodeMethod  1
DualReductions  0
InfUnbdInfo  1
LogToConsole  0
NumericFocus  1
Seed  20260929
Threads  1

Optimize a model with 85 rows, 106 columns and 297 nonzeros (Min)
Model has 93 linear objective coefficients
Coefficient statistics:
  Matrix range     [5e-04, 1e+00]
  Objective range  [6e-02, 1e+00]
  Bounds range     [2e+01, 2e+01]
  RHS range        [4e-02, 2e+01]

LP warm-start: use basis

Iteration    Objective       Primal Inf.    Dual Inf.      Time
       0    4.3250000e+00   1.697592e+01   0.000000e+00      0s
       6    4.4473704e+00   0.000000e+00   0.000000e+00      0s

Solved in 6 iterations and 0.00 seconds (0.00 work units)
Optimal objective  4.447370366e+00

User-callback calls 46, time in user-callback 0.00 sec
Set parameter TimeLimit to value 30
Gurobi Optimizer version 13.0.2 build v13.0.2rc1 (win64 - Windows 11+.0 (26200.2))

CPU model: 13th Gen Intel(R) Core(TM) i7-13620H, instruction set [SSE2|AVX|AVX2]
Thread count: 10 physical cores, 16 logical processors, using up to 1 threads

Non-default parameters:
TimeLimit  30
SoftMemLimit  12
FeasibilityTol  1e-07
IntFeasTol  1e-07
MIPGap  0
OptimalityTol  1e-07
Method  1
NodeMethod  1
DualReductions  0
InfUnbdInfo  1
LogToConsole  0
NumericFocus  1
Seed  20260929
Threads  1

Optimize a model with 85 rows, 106 columns and 297 nonzeros (Min)
Model has 93 linear objective coefficients
Coefficient statistics:
  Matrix range     [5e-04, 1e+00]
  Objective range  [6e-02, 1e+00]
  Bounds range     [2e+01, 2e+01]
  RHS range        [4e-02, 2e+01]

LP warm-start: use basis

Iteration    Objective       Primal Inf.    Dual Inf.      Time
       0    4.4473704e+00   0.000000e+00   0.000000e+00      0s

Solved in 0 iterations and 0.00 seconds (0.00 work units)
Optimal objective  4.447370366e+00

User-callback calls 38, time in user-callback 0.00 sec
Set parameter TimeLimit to value 30
Gurobi Optimizer version 13.0.2 build v13.0.2rc1 (win64 - Windows 11+.0 (26200.2))

CPU model: 13th Gen Intel(R) Core(TM) i7-13620H, instruction set [SSE2|AVX|AVX2]
Thread count: 10 physical cores, 16 logical processors, using up to 1 threads

Non-default parameters:
TimeLimit  30
SoftMemLimit  12
FeasibilityTol  1e-07
IntFeasTol  1e-07
MIPGap  0
OptimalityTol  1e-07
Method  1
NodeMethod  1
DualReductions  0
InfUnbdInfo  1
LogToConsole  0
NumericFocus  1
Seed  20260929
Threads  1

Optimize a model with 85 rows, 106 columns and 297 nonzeros (Min)
Model has 93 linear objective coefficients
Coefficient statistics:
  Matrix range     [5e-04, 1e+00]
  Objective range  [6e-02, 1e+00]
  Bounds range     [2e+01, 2e+01]
  RHS range        [4e-02, 2e+01]

LP warm-start: use basis

Iteration    Objective       Primal Inf.    Dual Inf.      Time
       0    4.2098704e+00   5.344588e+00   0.000000e+00      0s
       4    4.3125000e+00   0.000000e+00   0.000000e+00      0s

Solved in 4 iterations and 0.00 seconds (0.00 work units)
Optimal objective  4.312500000e+00

User-callback calls 44, time in user-callback 0.00 sec
Set parameter TimeLimit to value 30
Gurobi Optimizer version 13.0.2 build v13.0.2rc1 (win64 - Windows 11+.0 (26200.2))

CPU model: 13th Gen Intel(R) Core(TM) i7-13620H, instruction set [SSE2|AVX|AVX2]
Thread count: 10 physical cores, 16 logical processors, using up to 1 threads

Non-default parameters:
TimeLimit  30
SoftMemLimit  12
FeasibilityTol  1e-07
IntFeasTol  1e-07
MIPGap  0
OptimalityTol  1e-07
Method  1
NodeMethod  1
DualReductions  0
InfUnbdInfo  1
LogToConsole  0
NumericFocus  1
Seed  20260929
Threads  1

Optimize a model with 85 rows, 106 columns and 297 nonzeros (Min)
Model has 93 linear objective coefficients
Coefficient statistics:
  Matrix range     [5e-04, 1e+00]
  Objective range  [6e-02, 1e+00]
  Bounds range     [2e+01, 2e+01]
  RHS range        [4e-02, 2e+01]

LP warm-start: use basis

Iteration    Objective       Primal Inf.    Dual Inf.      Time
       0    4.3125000e+00   0.000000e+00   0.000000e+00      0s

Solved in 0 iterations and 0.00 seconds (0.00 work units)
Optimal objective  4.312500000e+00

User-callback calls 38, time in user-callback 0.00 sec
Set parameter TimeLimit to value 30
Gurobi Optimizer version 13.0.2 build v13.0.2rc1 (win64 - Windows 11+.0 (26200.2))

CPU model: 13th Gen Intel(R) Core(TM) i7-13620H, instruction set [SSE2|AVX|AVX2]
Thread count: 10 physical cores, 16 logical processors, using up to 1 threads

Non-default parameters:
TimeLimit  30
SoftMemLimit  12
FeasibilityTol  1e-07
IntFeasTol  1e-07
MIPGap  0
OptimalityTol  1e-07
Method  1
NodeMethod  1
DualReductions  0
InfUnbdInfo  1
LogToConsole  0
NumericFocus  1
Seed  20260929
Threads  1

Optimize a model with 85 rows, 106 columns and 297 nonzeros (Min)
Model has 93 linear objective coefficients
Coefficient statistics:
  Matrix range     [5e-04, 1e+00]
  Objective range  [6e-02, 1e+00]
  Bounds range     [2e+01, 2e+01]
  RHS range        [4e-02, 2e+01]

LP warm-start: use basis

Iteration    Objective       Primal Inf.    Dual Inf.      Time
       0    4.0875000e+00   1.867592e+01   0.000000e+00      0s
       8    4.3000000e+00   0.000000e+00   0.000000e+00      0s

Solved in 8 iterations and 0.00 seconds (0.00 work units)
Optimal objective  4.300000000e+00

User-callback calls 47, time in user-callback 0.00 sec
Set parameter TimeLimit to value 30
Gurobi Optimizer version 13.0.2 build v13.0.2rc1 (win64 - Windows 11+.0 (26200.2))

CPU model: 13th Gen Intel(R) Core(TM) i7-13620H, instruction set [SSE2|AVX|AVX2]
Thread count: 10 physical cores, 16 logical processors, using up to 1 threads

Non-default parameters:
TimeLimit  30
SoftMemLimit  12
FeasibilityTol  1e-07
IntFeasTol  1e-07
MIPGap  0
OptimalityTol  1e-07
Method  1
NodeMethod  1
DualReductions  0
InfUnbdInfo  1
LogToConsole  0
NumericFocus  1
Seed  20260929
Threads  1

Optimize a model with 85 rows, 106 columns and 297 nonzeros (Min)
Model has 93 linear objective coefficients
Coefficient statistics:
  Matrix range     [5e-04, 1e+00]
  Objective range  [6e-02, 1e+00]
  Bounds range     [2e+01, 2e+01]
  RHS range        [4e-02, 2e+01]

LP warm-start: use basis

Iteration    Objective       Primal Inf.    Dual Inf.      Time
       0    4.3000000e+00   0.000000e+00   0.000000e+00      0s

Solved in 0 iterations and 0.00 seconds (0.00 work units)
Optimal objective  4.300000000e+00

User-callback calls 38, time in user-callback 0.00 sec
Set parameter TimeLimit to value 30
Gurobi Optimizer version 13.0.2 build v13.0.2rc1 (win64 - Windows 11+.0 (26200.2))

CPU model: 13th Gen Intel(R) Core(TM) i7-13620H, instruction set [SSE2|AVX|AVX2]
Thread count: 10 physical cores, 16 logical processors, using up to 1 threads

Non-default parameters:
TimeLimit  30
SoftMemLimit  12
FeasibilityTol  1e-07
IntFeasTol  1e-07
MIPGap  0
OptimalityTol  1e-07
Method  1
NodeMethod  1
DualReductions  0
InfUnbdInfo  1
LogToConsole  0
NumericFocus  1
Seed  20260929
Threads  1

Optimize a model with 85 rows, 106 columns and 297 nonzeros (Min)
Model has 93 linear objective coefficients
Coefficient statistics:
  Matrix range     [5e-04, 1e+00]
  Objective range  [6e-02, 1e+00]
  Bounds range     [2e+01, 2e+01]
  RHS range        [4e-02, 2e+01]

LP warm-start: use basis

Iteration    Objective       Primal Inf.    Dual Inf.      Time
       0    6.3000000e+00   3.703904e+01   0.000000e+00      0s
       5    6.5625000e+00   0.000000e+00   0.000000e+00      0s

Solved in 5 iterations and 0.00 seconds (0.00 work units)
Optimal objective  6.562500000e+00

User-callback calls 45, time in user-callback 0.00 sec
Set parameter TimeLimit to value 30
Gurobi Optimizer version 13.0.2 build v13.0.2rc1 (win64 - Windows 11+.0 (26200.2))

CPU model: 13th Gen Intel(R) Core(TM) i7-13620H, instruction set [SSE2|AVX|AVX2]
Thread count: 10 physical cores, 16 logical processors, using up to 1 threads

Non-default parameters:
TimeLimit  30
SoftMemLimit  12
FeasibilityTol  1e-07
IntFeasTol  1e-07
MIPGap  0
OptimalityTol  1e-07
Method  1
NodeMethod  1
DualReductions  0
InfUnbdInfo  1
LogToConsole  0
NumericFocus  1
Seed  20260929
Threads  1

Optimize a model with 85 rows, 106 columns and 297 nonzeros (Min)
Model has 93 linear objective coefficients
Coefficient statistics:
  Matrix range     [5e-04, 1e+00]
  Objective range  [6e-02, 1e+00]
  Bounds range     [2e+01, 2e+01]
  RHS range        [4e-02, 2e+01]

LP warm-start: use basis

Iteration    Objective       Primal Inf.    Dual Inf.      Time
       0    6.5625000e+00   0.000000e+00   0.000000e+00      0s

Solved in 0 iterations and 0.00 seconds (0.00 work units)
Optimal objective  6.562500000e+00

User-callback calls 38, time in user-callback 0.00 sec
Set parameter TimeLimit to value 30
Gurobi Optimizer version 13.0.2 build v13.0.2rc1 (win64 - Windows 11+.0 (26200.2))

CPU model: 13th Gen Intel(R) Core(TM) i7-13620H, instruction set [SSE2|AVX|AVX2]
Thread count: 10 physical cores, 16 logical processors, using up to 1 threads

Non-default parameters:
TimeLimit  30
SoftMemLimit  12
FeasibilityTol  1e-07
IntFeasTol  1e-07
MIPGap  0
OptimalityTol  1e-07
Method  1
NodeMethod  1
DualReductions  0
InfUnbdInfo  1
LogToConsole  0
NumericFocus  1
Seed  20260929
Threads  1

Optimize a model with 85 rows, 106 columns and 297 nonzeros (Min)
Model has 93 linear objective coefficients
Coefficient statistics:
  Matrix range     [5e-04, 1e+00]
  Objective range  [6e-02, 1e+00]
  Bounds range     [2e+01, 2e+01]
  RHS range        [4e-02, 2e+01]

LP warm-start: use basis

Iteration    Objective       Primal Inf.    Dual Inf.      Time
       0    6.3375000e+00   1.697592e+01   0.000000e+00      0s
       6    6.4598704e+00   0.000000e+00   0.000000e+00      0s

Solved in 6 iterations and 0.00 seconds (0.00 work units)
Optimal objective  6.459870366e+00

User-callback calls 46, time in user-callback 0.00 sec
Set parameter TimeLimit to value 30
Gurobi Optimizer version 13.0.2 build v13.0.2rc1 (win64 - Windows 11+.0 (26200.2))

CPU model: 13th Gen Intel(R) Core(TM) i7-13620H, instruction set [SSE2|AVX|AVX2]
Thread count: 10 physical cores, 16 logical processors, using up to 1 threads

Non-default parameters:
TimeLimit  30
SoftMemLimit  12
FeasibilityTol  1e-07
IntFeasTol  1e-07
MIPGap  0
OptimalityTol  1e-07
Method  1
NodeMethod  1
DualReductions  0
InfUnbdInfo  1
LogToConsole  0
NumericFocus  1
Seed  20260929
Threads  1

Optimize a model with 85 rows, 106 columns and 297 nonzeros (Min)
Model has 93 linear objective coefficients
Coefficient statistics:
  Matrix range     [5e-04, 1e+00]
  Objective range  [6e-02, 1e+00]
  Bounds range     [2e+01, 2e+01]
  RHS range        [4e-02, 2e+01]

LP warm-start: use basis

Iteration    Objective       Primal Inf.    Dual Inf.      Time
       0    6.4598704e+00   0.000000e+00   0.000000e+00      0s

Solved in 0 iterations and 0.00 seconds (0.00 work units)
Optimal objective  6.459870366e+00

User-callback calls 38, time in user-callback 0.00 sec
Set parameter TimeLimit to value 30
Gurobi Optimizer version 13.0.2 build v13.0.2rc1 (win64 - Windows 11+.0 (26200.2))

CPU model: 13th Gen Intel(R) Core(TM) i7-13620H, instruction set [SSE2|AVX|AVX2]
Thread count: 10 physical cores, 16 logical processors, using up to 1 threads

Non-default parameters:
TimeLimit  30
SoftMemLimit  12
FeasibilityTol  1e-07
IntFeasTol  1e-07
MIPGap  0
OptimalityTol  1e-07
Method  1
NodeMethod  1
DualReductions  0
InfUnbdInfo  1
LogToConsole  0
NumericFocus  1
Seed  20260929
Threads  1

Optimize a model with 85 rows, 106 columns and 297 nonzeros (Min)
Model has 93 linear objective coefficients
Coefficient statistics:
  Matrix range     [5e-04, 1e+00]
  Objective range  [6e-02, 1e+00]
  Bounds range     [2e+01, 2e+01]
  RHS range        [4e-02, 2e+01]

LP warm-start: use basis

Iteration    Objective       Primal Inf.    Dual Inf.      Time
       0   -9.0957622e-02   3.961427e+01   0.000000e+00      0s
       7    2.2215372e+00   0.000000e+00   0.000000e+00      0s

Solved in 7 iterations and 0.00 seconds (0.00 work units)
Optimal objective  2.221537178e+00

User-callback calls 47, time in user-callback 0.00 sec
Set parameter TimeLimit to value 30
Gurobi Optimizer version 13.0.2 build v13.0.2rc1 (win64 - Windows 11+.0 (26200.2))

CPU model: 13th Gen Intel(R) Core(TM) i7-13620H, instruction set [SSE2|AVX|AVX2]
Thread count: 10 physical cores, 16 logical processors, using up to 1 threads

Non-default parameters:
TimeLimit  30
SoftMemLimit  12
FeasibilityTol  1e-07
IntFeasTol  1e-07
MIPGap  0
OptimalityTol  1e-07
Method  1
NodeMethod  1
DualReductions  0
InfUnbdInfo  1
LogToConsole  0
NumericFocus  1
Seed  20260929
Threads  1

Optimize a model with 85 rows, 106 columns and 297 nonzeros (Min)
Model has 93 linear objective coefficients
Coefficient statistics:
  Matrix range     [5e-04, 1e+00]
  Objective range  [6e-02, 1e+00]
  Bounds range     [2e+01, 2e+01]
  RHS range        [4e-02, 2e+01]

LP warm-start: use basis

Iteration    Objective       Primal Inf.    Dual Inf.      Time
       0    1.9965372e+00   1.885438e+01   0.000000e+00      0s
      13    2.2215372e+00   0.000000e+00   0.000000e+00      0s

Solved in 13 iterations and 0.00 seconds (0.00 work units)
Optimal objective  2.221537178e+00

User-callback calls 53, time in user-callback 0.00 sec
Set parameter TimeLimit to value 30
Gurobi Optimizer version 13.0.2 build v13.0.2rc1 (win64 - Windows 11+.0 (26200.2))

CPU model: 13th Gen Intel(R) Core(TM) i7-13620H, instruction set [SSE2|AVX|AVX2]
Thread count: 10 physical cores, 16 logical processors, using up to 1 threads

Non-default parameters:
TimeLimit  30
SoftMemLimit  12
FeasibilityTol  1e-07
IntFeasTol  1e-07
MIPGap  0
OptimalityTol  1e-07
Method  1
NodeMethod  1
DualReductions  0
InfUnbdInfo  1
LogToConsole  0
NumericFocus  1
Seed  20260929
Threads  1

Optimize a model with 85 rows, 106 columns and 297 nonzeros (Min)
Model has 93 linear objective coefficients
Coefficient statistics:
  Matrix range     [5e-04, 1e+00]
  Objective range  [6e-02, 1e+00]
  Bounds range     [2e+01, 2e+01]
  RHS range        [4e-02, 2e+01]

LP warm-start: use basis

Iteration    Objective       Primal Inf.    Dual Inf.      Time
       0    2.2215372e+00   0.000000e+00   0.000000e+00      0s

Solved in 0 iterations and 0.00 seconds (0.00 work units)
Optimal objective  2.221537178e+00

User-callback calls 38, time in user-callback 0.00 sec
Set parameter TimeLimit to value 30
Gurobi Optimizer version 13.0.2 build v13.0.2rc1 (win64 - Windows 11+.0 (26200.2))

CPU model: 13th Gen Intel(R) Core(TM) i7-13620H, instruction set [SSE2|AVX|AVX2]
Thread count: 10 physical cores, 16 logical processors, using up to 1 threads

Non-default parameters:
TimeLimit  30
SoftMemLimit  12
FeasibilityTol  1e-07
IntFeasTol  1e-07
MIPGap  0
OptimalityTol  1e-07
Method  1
NodeMethod  1
DualReductions  0
InfUnbdInfo  1
LogToConsole  0
NumericFocus  1
Seed  20260929
Threads  1

Optimize a model with 85 rows, 106 columns and 297 nonzeros (Min)
Model has 93 linear objective coefficients
Coefficient statistics:
  Matrix range     [5e-04, 1e+00]
  Objective range  [6e-02, 1e+00]
  Bounds range     [2e+01, 2e+01]
  RHS range        [4e-02, 2e+01]

LP warm-start: use basis

Iteration    Objective       Primal Inf.    Dual Inf.      Time
       0    2.2215372e+00   0.000000e+00   0.000000e+00      0s

Solved in 0 iterations and 0.00 seconds (0.00 work units)
Optimal objective  2.221537178e+00

User-callback calls 38, time in user-callback 0.00 sec
Set parameter TimeLimit to value 30
Gurobi Optimizer version 13.0.2 build v13.0.2rc1 (win64 - Windows 11+.0 (26200.2))

CPU model: 13th Gen Intel(R) Core(TM) i7-13620H, instruction set [SSE2|AVX|AVX2]
Thread count: 10 physical cores, 16 logical processors, using up to 1 threads

Non-default parameters:
TimeLimit  30
SoftMemLimit  12
FeasibilityTol  1e-07
IntFeasTol  1e-07
MIPGap  0
OptimalityTol  1e-07
Method  1
NodeMethod  1
DualReductions  0
InfUnbdInfo  1
LogToConsole  0
NumericFocus  1
Seed  20260929
Threads  1

Optimize a model with 85 rows, 106 columns and 297 nonzeros (Min)
Model has 93 linear objective coefficients
Coefficient statistics:
  Matrix range     [5e-04, 1e+00]
  Objective range  [6e-02, 1e+00]
  Bounds range     [2e+01, 2e+01]
  RHS range        [4e-02, 2e+01]

LP warm-start: use basis

Iteration    Objective       Primal Inf.    Dual Inf.      Time
       0    2.3010952e+00   1.769247e+01   0.000000e+00      0s
       4    2.4715372e+00   0.000000e+00   0.000000e+00      0s

Solved in 4 iterations and 0.00 seconds (0.00 work units)
Optimal objective  2.471537178e+00

User-callback calls 44, time in user-callback 0.00 sec
Set parameter TimeLimit to value 30
Gurobi Optimizer version 13.0.2 build v13.0.2rc1 (win64 - Windows 11+.0 (26200.2))

CPU model: 13th Gen Intel(R) Core(TM) i7-13620H, instruction set [SSE2|AVX|AVX2]
Thread count: 10 physical cores, 16 logical processors, using up to 1 threads

Non-default parameters:
TimeLimit  30
SoftMemLimit  12
FeasibilityTol  1e-07
IntFeasTol  1e-07
MIPGap  0
OptimalityTol  1e-07
Method  1
NodeMethod  1
DualReductions  0
InfUnbdInfo  1
LogToConsole  0
NumericFocus  1
Seed  20260929
Threads  1

Optimize a model with 85 rows, 106 columns and 297 nonzeros (Min)
Model has 93 linear objective coefficients
Coefficient statistics:
  Matrix range     [5e-04, 1e+00]
  Objective range  [6e-02, 1e+00]
  Bounds range     [2e+01, 2e+01]
  RHS range        [4e-02, 2e+01]

LP warm-start: use basis

Iteration    Objective       Primal Inf.    Dual Inf.      Time
       0    2.4065372e+00   1.689438e+01   0.000000e+00      0s
       2    2.4473704e+00   0.000000e+00   0.000000e+00      0s

Solved in 2 iterations and 0.00 seconds (0.00 work units)
Optimal objective  2.447370366e+00

User-callback calls 42, time in user-callback 0.00 sec
Set parameter TimeLimit to value 30
Gurobi Optimizer version 13.0.2 build v13.0.2rc1 (win64 - Windows 11+.0 (26200.2))

CPU model: 13th Gen Intel(R) Core(TM) i7-13620H, instruction set [SSE2|AVX|AVX2]
Thread count: 10 physical cores, 16 logical processors, using up to 1 threads

Non-default parameters:
TimeLimit  30
SoftMemLimit  12
FeasibilityTol  1e-07
IntFeasTol  1e-07
MIPGap  0
OptimalityTol  1e-07
Method  1
NodeMethod  1
DualReductions  0
InfUnbdInfo  1
LogToConsole  0
NumericFocus  1
Seed  20260929
Threads  1

Optimize a model with 85 rows, 106 columns and 297 nonzeros (Min)
Model has 93 linear objective coefficients
Coefficient statistics:
  Matrix range     [5e-04, 1e+00]
  Objective range  [6e-02, 1e+00]
  Bounds range     [2e+01, 2e+01]
  RHS range        [4e-02, 2e+01]

LP warm-start: use basis

Iteration    Objective       Primal Inf.    Dual Inf.      Time
       0    2.2223704e+00   2.219813e+01   0.000000e+00      0s
       8    2.4473704e+00   0.000000e+00   0.000000e+00      0s

Solved in 8 iterations and 0.00 seconds (0.00 work units)
Optimal objective  2.447370366e+00

User-callback calls 48, time in user-callback 0.00 sec
Set parameter TimeLimit to value 30
Gurobi Optimizer version 13.0.2 build v13.0.2rc1 (win64 - Windows 11+.0 (26200.2))

CPU model: 13th Gen Intel(R) Core(TM) i7-13620H, instruction set [SSE2|AVX|AVX2]
Thread count: 10 physical cores, 16 logical processors, using up to 1 threads

Non-default parameters:
TimeLimit  30
SoftMemLimit  12
FeasibilityTol  1e-07
IntFeasTol  1e-07
MIPGap  0
OptimalityTol  1e-07
Method  1
NodeMethod  1
DualReductions  0
InfUnbdInfo  1
LogToConsole  0
NumericFocus  1
Seed  20260929
Threads  1

Optimize a model with 85 rows, 106 columns and 297 nonzeros (Min)
Model has 93 linear objective coefficients
Coefficient statistics:
  Matrix range     [5e-04, 1e+00]
  Objective range  [6e-02, 1e+00]
  Bounds range     [2e+01, 2e+01]
  RHS range        [4e-02, 2e+01]

LP warm-start: use basis

Iteration    Objective       Primal Inf.    Dual Inf.      Time
       0    2.2223704e+00   1.775357e+01   0.000000e+00      0s
       6    2.3223708e+00   0.000000e+00   0.000000e+00      0s

Solved in 6 iterations and 0.00 seconds (0.00 work units)
Optimal objective  2.322370834e+00

User-callback calls 46, time in user-callback 0.00 sec
Set parameter TimeLimit to value 30
Gurobi Optimizer version 13.0.2 build v13.0.2rc1 (win64 - Windows 11+.0 (26200.2))

CPU model: 13th Gen Intel(R) Core(TM) i7-13620H, instruction set [SSE2|AVX|AVX2]
Thread count: 10 physical cores, 16 logical processors, using up to 1 threads

Non-default parameters:
TimeLimit  30
SoftMemLimit  12
FeasibilityTol  1e-07
IntFeasTol  1e-07
MIPGap  0
OptimalityTol  1e-07
Method  1
NodeMethod  1
DualReductions  0
InfUnbdInfo  1
LogToConsole  0
NumericFocus  1
Seed  20260929
Threads  1

Optimize a model with 85 rows, 106 columns and 297 nonzeros (Min)
Model has 93 linear objective coefficients
Coefficient statistics:
  Matrix range     [5e-04, 1e+00]
  Objective range  [6e-02, 1e+00]
  Bounds range     [2e+01, 2e+01]
  RHS range        [4e-02, 2e+01]

LP warm-start: use basis

Iteration    Objective       Primal Inf.    Dual Inf.      Time
       0    2.2204374e+00   3.957538e+00   0.000000e+00      0s
       7    2.2340372e+00   0.000000e+00   0.000000e+00      0s

Solved in 7 iterations and 0.00 seconds (0.00 work units)
Optimal objective  2.234037178e+00

User-callback calls 47, time in user-callback 0.00 sec
Set parameter TimeLimit to value 30
Gurobi Optimizer version 13.0.2 build v13.0.2rc1 (win64 - Windows 11+.0 (26200.2))

CPU model: 13th Gen Intel(R) Core(TM) i7-13620H, instruction set [SSE2|AVX|AVX2]
Thread count: 10 physical cores, 16 logical processors, using up to 1 threads

Non-default parameters:
TimeLimit  30
SoftMemLimit  12
FeasibilityTol  1e-07
IntFeasTol  1e-07
MIPGap  0
OptimalityTol  1e-07
Method  1
NodeMethod  1
DualReductions  0
InfUnbdInfo  1
LogToConsole  0
NumericFocus  1
Seed  20260929
Threads  1

Optimize a model with 85 rows, 106 columns and 297 nonzeros (Min)
Model has 93 linear objective coefficients
Coefficient statistics:
  Matrix range     [5e-04, 1e+00]
  Objective range  [6e-02, 1e+00]
  Bounds range     [2e+01, 2e+01]
  RHS range        [4e-02, 2e+01]

LP warm-start: use basis

Iteration    Objective       Primal Inf.    Dual Inf.      Time
       0    2.1690372e+00   1.859438e+01   0.000000e+00      0s
       5    2.2304261e+00   0.000000e+00   0.000000e+00      0s

Solved in 5 iterations and 0.00 seconds (0.00 work units)
Optimal objective  2.230426066e+00

User-callback calls 45, time in user-callback 0.00 sec
Set parameter TimeLimit to value 30
Gurobi Optimizer version 13.0.2 build v13.0.2rc1 (win64 - Windows 11+.0 (26200.2))

CPU model: 13th Gen Intel(R) Core(TM) i7-13620H, instruction set [SSE2|AVX|AVX2]
Thread count: 10 physical cores, 16 logical processors, using up to 1 threads

Non-default parameters:
TimeLimit  30
SoftMemLimit  12
FeasibilityTol  1e-07
IntFeasTol  1e-07
MIPGap  0
OptimalityTol  1e-07
Method  1
NodeMethod  1
DualReductions  0
InfUnbdInfo  1
LogToConsole  0
NumericFocus  1
Seed  20260929
Threads  1

Optimize a model with 85 rows, 106 columns and 297 nonzeros (Min)
Model has 93 linear objective coefficients
Coefficient statistics:
  Matrix range     [5e-04, 1e+00]
  Objective range  [6e-02, 1e+00]
  Bounds range     [2e+01, 2e+01]
  RHS range        [4e-02, 2e+01]

LP warm-start: use basis

Iteration    Objective       Primal Inf.    Dual Inf.      Time
       0    2.0704261e+00   4.726734e+01   0.000000e+00      0s
      13    2.2304261e+00   0.000000e+00   0.000000e+00      0s

Solved in 13 iterations and 0.00 seconds (0.00 work units)
Optimal objective  2.230426066e+00

User-callback calls 53, time in user-callback 0.00 sec
Set parameter TimeLimit to value 30
Gurobi Optimizer version 13.0.2 build v13.0.2rc1 (win64 - Windows 11+.0 (26200.2))

CPU model: 13th Gen Intel(R) Core(TM) i7-13620H, instruction set [SSE2|AVX|AVX2]
Thread count: 10 physical cores, 16 logical processors, using up to 1 threads

Non-default parameters:
TimeLimit  30
SoftMemLimit  12
FeasibilityTol  1e-07
IntFeasTol  1e-07
MIPGap  0
OptimalityTol  1e-07
Method  1
NodeMethod  1
DualReductions  0
InfUnbdInfo  1
LogToConsole  0
NumericFocus  1
Seed  20260929
Threads  1

Optimize a model with 85 rows, 106 columns and 297 nonzeros (Min)
Model has 93 linear objective coefficients
Coefficient statistics:
  Matrix range     [5e-04, 1e+00]
  Objective range  [6e-02, 1e+00]
  Bounds range     [2e+01, 2e+01]
  RHS range        [4e-02, 2e+01]

LP warm-start: use basis

Iteration    Objective       Primal Inf.    Dual Inf.      Time
       0    2.0704261e+00   4.726734e+01   0.000000e+00      0s
      10    2.2259816e+00   0.000000e+00   0.000000e+00      0s

Solved in 10 iterations and 0.00 seconds (0.00 work units)
Optimal objective  2.225981622e+00

User-callback calls 50, time in user-callback 0.00 sec
Set parameter TimeLimit to value 30
Gurobi Optimizer version 13.0.2 build v13.0.2rc1 (win64 - Windows 11+.0 (26200.2))

CPU model: 13th Gen Intel(R) Core(TM) i7-13620H, instruction set [SSE2|AVX|AVX2]
Thread count: 10 physical cores, 16 logical processors, using up to 1 threads

Non-default parameters:
TimeLimit  30
SoftMemLimit  12
FeasibilityTol  1e-07
IntFeasTol  1e-07
MIPGap  0
OptimalityTol  1e-07
Method  1
NodeMethod  1
DualReductions  0
InfUnbdInfo  1
LogToConsole  0
NumericFocus  1
Seed  20260929
Threads  1

Optimize a model with 85 rows, 106 columns and 297 nonzeros (Min)
Model has 93 linear objective coefficients
Coefficient statistics:
  Matrix range     [5e-04, 1e+00]
  Objective range  [6e-02, 1e+00]
  Bounds range     [2e+01, 2e+01]
  RHS range        [4e-02, 2e+01]

LP warm-start: use basis

Iteration    Objective       Primal Inf.    Dual Inf.      Time
       0    2.3148705e+00   1.909454e+01   0.000000e+00      0s
       4    4.4840372e+00   0.000000e+00   0.000000e+00      0s

Solved in 4 iterations and 0.00 seconds (0.00 work units)
Optimal objective  4.484037178e+00

User-callback calls 44, time in user-callback 0.00 sec
Set parameter TimeLimit to value 30
Gurobi Optimizer version 13.0.2 build v13.0.2rc1 (win64 - Windows 11+.0 (26200.2))

CPU model: 13th Gen Intel(R) Core(TM) i7-13620H, instruction set [SSE2|AVX|AVX2]
Thread count: 10 physical cores, 16 logical processors, using up to 1 threads

Non-default parameters:
TimeLimit  30
SoftMemLimit  12
FeasibilityTol  1e-07
IntFeasTol  1e-07
MIPGap  0
OptimalityTol  1e-07
Method  1
NodeMethod  1
DualReductions  0
InfUnbdInfo  1
LogToConsole  0
NumericFocus  1
Seed  20260929
Threads  1

Optimize a model with 85 rows, 106 columns and 297 nonzeros (Min)
Model has 93 linear objective coefficients
Coefficient statistics:
  Matrix range     [5e-04, 1e+00]
  Objective range  [6e-02, 1e+00]
  Bounds range     [2e+01, 2e+01]
  RHS range        [4e-02, 2e+01]

LP warm-start: use basis

Iteration    Objective       Primal Inf.    Dual Inf.      Time
       0    4.4190372e+00   1.689438e+01   0.000000e+00      0s
       2    4.4598704e+00   0.000000e+00   0.000000e+00      0s

Solved in 2 iterations and 0.00 seconds (0.00 work units)
Optimal objective  4.459870366e+00

User-callback calls 42, time in user-callback 0.00 sec
Set parameter TimeLimit to value 30
Gurobi Optimizer version 13.0.2 build v13.0.2rc1 (win64 - Windows 11+.0 (26200.2))

CPU model: 13th Gen Intel(R) Core(TM) i7-13620H, instruction set [SSE2|AVX|AVX2]
Thread count: 10 physical cores, 16 logical processors, using up to 1 threads

Non-default parameters:
TimeLimit  30
SoftMemLimit  12
FeasibilityTol  1e-07
IntFeasTol  1e-07
MIPGap  0
OptimalityTol  1e-07
Method  1
NodeMethod  1
DualReductions  0
InfUnbdInfo  1
LogToConsole  0
NumericFocus  1
Seed  20260929
Threads  1

Optimize a model with 85 rows, 106 columns and 297 nonzeros (Min)
Model has 93 linear objective coefficients
Coefficient statistics:
  Matrix range     [5e-04, 1e+00]
  Objective range  [6e-02, 1e+00]
  Bounds range     [2e+01, 2e+01]
  RHS range        [4e-02, 2e+01]

LP warm-start: use basis

Iteration    Objective       Primal Inf.    Dual Inf.      Time
       0    4.2348704e+00   2.209813e+01   0.000000e+00      0s
       8    4.4598704e+00   0.000000e+00   0.000000e+00      0s

Solved in 8 iterations and 0.00 seconds (0.00 work units)
Optimal objective  4.459870366e+00

User-callback calls 48, time in user-callback 0.00 sec
Set parameter TimeLimit to value 30
Gurobi Optimizer version 13.0.2 build v13.0.2rc1 (win64 - Windows 11+.0 (26200.2))

CPU model: 13th Gen Intel(R) Core(TM) i7-13620H, instruction set [SSE2|AVX|AVX2]
Thread count: 10 physical cores, 16 logical processors, using up to 1 threads

Non-default parameters:
TimeLimit  30
SoftMemLimit  12
FeasibilityTol  1e-07
IntFeasTol  1e-07
MIPGap  0
OptimalityTol  1e-07
Method  1
NodeMethod  1
DualReductions  0
InfUnbdInfo  1
LogToConsole  0
NumericFocus  1
Seed  20260929
Threads  1

Optimize a model with 85 rows, 106 columns and 297 nonzeros (Min)
Model has 93 linear objective coefficients
Coefficient statistics:
  Matrix range     [5e-04, 1e+00]
  Objective range  [6e-02, 1e+00]
  Bounds range     [2e+01, 2e+01]
  RHS range        [4e-02, 2e+01]

LP warm-start: use basis

Iteration    Objective       Primal Inf.    Dual Inf.      Time
       0    4.2348704e+00   1.765357e+01   0.000000e+00      0s
       6    4.3290368e+00   0.000000e+00   0.000000e+00      0s

Solved in 6 iterations and 0.00 seconds (0.00 work units)
Optimal objective  4.329036812e+00

User-callback calls 46, time in user-callback 0.00 sec
Set parameter TimeLimit to value 30
Gurobi Optimizer version 13.0.2 build v13.0.2rc1 (win64 - Windows 11+.0 (26200.2))

CPU model: 13th Gen Intel(R) Core(TM) i7-13620H, instruction set [SSE2|AVX|AVX2]
Thread count: 10 physical cores, 16 logical processors, using up to 1 threads

Non-default parameters:
TimeLimit  30
SoftMemLimit  12
FeasibilityTol  1e-07
IntFeasTol  1e-07
MIPGap  0
OptimalityTol  1e-07
Method  1
NodeMethod  1
DualReductions  0
InfUnbdInfo  1
LogToConsole  0
NumericFocus  1
Seed  20260929
Threads  1

Optimize a model with 85 rows, 106 columns and 297 nonzeros (Min)
Model has 93 linear objective coefficients
Coefficient statistics:
  Matrix range     [5e-04, 1e+00]
  Objective range  [6e-02, 1e+00]
  Bounds range     [2e+01, 2e+01]
  RHS range        [4e-02, 2e+01]

LP warm-start: use basis

Iteration    Objective       Primal Inf.    Dual Inf.      Time
       0    1.7202821e-01   2.107493e+02   0.000000e+00      0s
       5    2.2153718e-01   0.000000e+00   0.000000e+00      0s

Solved in 5 iterations and 0.00 seconds (0.00 work units)
Optimal objective  2.215371776e-01

User-callback calls 45, time in user-callback 0.00 sec
Set parameter TimeLimit to value 30
Gurobi Optimizer version 13.0.2 build v13.0.2rc1 (win64 - Windows 11+.0 (26200.2))

CPU model: 13th Gen Intel(R) Core(TM) i7-13620H, instruction set [SSE2|AVX|AVX2]
Thread count: 10 physical cores, 16 logical processors, using up to 1 threads

Non-default parameters:
TimeLimit  30
SoftMemLimit  12
FeasibilityTol  1e-07
IntFeasTol  1e-07
MIPGap  0
OptimalityTol  1e-07
Method  1
NodeMethod  1
DualReductions  0
InfUnbdInfo  1
LogToConsole  0
NumericFocus  1
Seed  20260929
Threads  1

Optimize a model with 85 rows, 106 columns and 297 nonzeros (Min)
Model has 93 linear objective coefficients
Coefficient statistics:
  Matrix range     [5e-04, 1e+00]
  Objective range  [6e-02, 1e+00]
  Bounds range     [2e+01, 2e+01]
  RHS range        [4e-02, 2e+01]

LP warm-start: use basis

Iteration    Objective       Primal Inf.    Dual Inf.      Time
       0    2.2153718e-01   0.000000e+00   0.000000e+00      0s

Solved in 0 iterations and 0.00 seconds (0.00 work units)
Optimal objective  2.215371776e-01

User-callback calls 38, time in user-callback 0.00 sec
Set parameter TimeLimit to value 30
Gurobi Optimizer version 13.0.2 build v13.0.2rc1 (win64 - Windows 11+.0 (26200.2))

CPU model: 13th Gen Intel(R) Core(TM) i7-13620H, instruction set [SSE2|AVX|AVX2]
Thread count: 10 physical cores, 16 logical processors, using up to 1 threads

Non-default parameters:
TimeLimit  30
SoftMemLimit  12
FeasibilityTol  1e-07
IntFeasTol  1e-07
MIPGap  0
OptimalityTol  1e-07
Method  1
NodeMethod  1
DualReductions  0
InfUnbdInfo  1
LogToConsole  0
NumericFocus  1
Seed  20260929
Threads  1

Optimize a model with 85 rows, 106 columns and 297 nonzeros (Min)
Model has 93 linear objective coefficients
Coefficient statistics:
  Matrix range     [5e-04, 1e+00]
  Objective range  [6e-02, 1e+00]
  Bounds range     [2e+01, 2e+01]
  RHS range        [4e-02, 2e+01]

LP warm-start: use basis

Iteration    Objective       Primal Inf.    Dual Inf.      Time
       0    2.2153718e-01   0.000000e+00   0.000000e+00      0s

Solved in 0 iterations and 0.00 seconds (0.00 work units)
Optimal objective  2.215371776e-01

User-callback calls 38, time in user-callback 0.00 sec
Set parameter TimeLimit to value 30
Gurobi Optimizer version 13.0.2 build v13.0.2rc1 (win64 - Windows 11+.0 (26200.2))

CPU model: 13th Gen Intel(R) Core(TM) i7-13620H, instruction set [SSE2|AVX|AVX2]
Thread count: 10 physical cores, 16 logical processors, using up to 1 threads

Non-default parameters:
TimeLimit  30
SoftMemLimit  12
FeasibilityTol  1e-07
IntFeasTol  1e-07
MIPGap  0
OptimalityTol  1e-07
Method  1
NodeMethod  1
DualReductions  0
InfUnbdInfo  1
LogToConsole  0
NumericFocus  1
Seed  20260929
Threads  1

Optimize a model with 85 rows, 106 columns and 297 nonzeros (Min)
Model has 93 linear objective coefficients
Coefficient statistics:
  Matrix range     [5e-04, 1e+00]
  Objective range  [6e-02, 1e+00]
  Bounds range     [2e+01, 2e+01]
  RHS range        [4e-02, 2e+01]

LP warm-start: use basis

Iteration    Objective       Primal Inf.    Dual Inf.      Time
       0    2.2153718e-01   0.000000e+00   0.000000e+00      0s

Solved in 0 iterations and 0.00 seconds (0.00 work units)
Optimal objective  2.215371776e-01

User-callback calls 38, time in user-callback 0.00 sec
Set parameter TimeLimit to value 30
Gurobi Optimizer version 13.0.2 build v13.0.2rc1 (win64 - Windows 11+.0 (26200.2))

CPU model: 13th Gen Intel(R) Core(TM) i7-13620H, instruction set [SSE2|AVX|AVX2]
Thread count: 10 physical cores, 16 logical processors, using up to 1 threads

Non-default parameters:
TimeLimit  30
SoftMemLimit  12
FeasibilityTol  1e-07
IntFeasTol  1e-07
MIPGap  0
OptimalityTol  1e-07
Method  1
NodeMethod  1
DualReductions  0
InfUnbdInfo  1
LogToConsole  0
NumericFocus  1
Seed  20260929
Threads  1

Optimize a model with 85 rows, 106 columns and 297 nonzeros (Min)
Model has 93 linear objective coefficients
Coefficient statistics:
  Matrix range     [5e-04, 1e+00]
  Objective range  [6e-02, 1e+00]
  Bounds range     [2e+01, 2e+01]
  RHS range        [4e-02, 2e+01]

LP warm-start: use basis

Iteration    Objective       Primal Inf.    Dual Inf.      Time
       0    2.3104261e+00   1.668139e+01   0.000000e+00      0s
       2    2.4715372e+00   0.000000e+00   0.000000e+00      0s

Solved in 2 iterations and 0.00 seconds (0.00 work units)
Optimal objective  2.471537178e+00

User-callback calls 42, time in user-callback 0.00 sec
Set parameter TimeLimit to value 30
Gurobi Optimizer version 13.0.2 build v13.0.2rc1 (win64 - Windows 11+.0 (26200.2))

CPU model: 13th Gen Intel(R) Core(TM) i7-13620H, instruction set [SSE2|AVX|AVX2]
Thread count: 10 physical cores, 16 logical processors, using up to 1 threads

Non-default parameters:
TimeLimit  30
SoftMemLimit  12
FeasibilityTol  1e-07
IntFeasTol  1e-07
MIPGap  0
OptimalityTol  1e-07
Method  1
NodeMethod  1
DualReductions  0
InfUnbdInfo  1
LogToConsole  0
NumericFocus  1
Seed  20260929
Threads  1

Optimize a model with 85 rows, 106 columns and 297 nonzeros (Min)
Model has 93 linear objective coefficients
Coefficient statistics:
  Matrix range     [5e-04, 1e+00]
  Objective range  [6e-02, 1e+00]
  Bounds range     [2e+01, 2e+01]
  RHS range        [4e-02, 2e+01]

LP warm-start: use basis

Iteration    Objective       Primal Inf.    Dual Inf.      Time
       0    2.3965372e+00   9.806485e+01   0.000000e+00      0s
       3    2.4473704e+00   0.000000e+00   0.000000e+00      0s

Solved in 3 iterations and 0.00 seconds (0.00 work units)
Optimal objective  2.447370366e+00

User-callback calls 43, time in user-callback 0.00 sec
Set parameter TimeLimit to value 30
Gurobi Optimizer version 13.0.2 build v13.0.2rc1 (win64 - Windows 11+.0 (26200.2))

CPU model: 13th Gen Intel(R) Core(TM) i7-13620H, instruction set [SSE2|AVX|AVX2]
Thread count: 10 physical cores, 16 logical processors, using up to 1 threads

Non-default parameters:
TimeLimit  30
SoftMemLimit  12
FeasibilityTol  1e-07
IntFeasTol  1e-07
MIPGap  0
OptimalityTol  1e-07
Method  1
NodeMethod  1
DualReductions  0
InfUnbdInfo  1
LogToConsole  0
NumericFocus  1
Seed  20260929
Threads  1

Optimize a model with 85 rows, 106 columns and 297 nonzeros (Min)
Model has 93 linear objective coefficients
Coefficient statistics:
  Matrix range     [5e-04, 1e+00]
  Objective range  [6e-02, 1e+00]
  Bounds range     [2e+01, 2e+01]
  RHS range        [4e-02, 2e+01]

LP warm-start: use basis

Iteration    Objective       Primal Inf.    Dual Inf.      Time
       0    2.2223704e+00   2.219813e+01   0.000000e+00      0s
       9    2.4473704e+00   0.000000e+00   0.000000e+00      0s

Solved in 9 iterations and 0.00 seconds (0.00 work units)
Optimal objective  2.447370366e+00

User-callback calls 49, time in user-callback 0.00 sec
Set parameter TimeLimit to value 30
Gurobi Optimizer version 13.0.2 build v13.0.2rc1 (win64 - Windows 11+.0 (26200.2))

CPU model: 13th Gen Intel(R) Core(TM) i7-13620H, instruction set [SSE2|AVX|AVX2]
Thread count: 10 physical cores, 16 logical processors, using up to 1 threads

Non-default parameters:
TimeLimit  30
SoftMemLimit  12
FeasibilityTol  1e-07
IntFeasTol  1e-07
MIPGap  0
OptimalityTol  1e-07
Method  1
NodeMethod  1
DualReductions  0
InfUnbdInfo  1
LogToConsole  0
NumericFocus  1
Seed  20260929
Threads  1

Optimize a model with 85 rows, 106 columns and 297 nonzeros (Min)
Model has 93 linear objective coefficients
Coefficient statistics:
  Matrix range     [5e-04, 1e+00]
  Objective range  [6e-02, 1e+00]
  Bounds range     [2e+01, 2e+01]
  RHS range        [4e-02, 2e+01]

LP warm-start: use basis

Iteration    Objective       Primal Inf.    Dual Inf.      Time
       0    2.2223704e+00   1.775357e+01   0.000000e+00      0s
       7    2.3223708e+00   0.000000e+00   0.000000e+00      0s

Solved in 7 iterations and 0.00 seconds (0.00 work units)
Optimal objective  2.322370834e+00

User-callback calls 47, time in user-callback 0.00 sec
Set parameter TimeLimit to value 30
Gurobi Optimizer version 13.0.2 build v13.0.2rc1 (win64 - Windows 11+.0 (26200.2))

CPU model: 13th Gen Intel(R) Core(TM) i7-13620H, instruction set [SSE2|AVX|AVX2]
Thread count: 10 physical cores, 16 logical processors, using up to 1 threads

Non-default parameters:
TimeLimit  30
SoftMemLimit  12
FeasibilityTol  1e-07
IntFeasTol  1e-07
MIPGap  0
OptimalityTol  1e-07
Method  1
NodeMethod  1
DualReductions  0
InfUnbdInfo  1
LogToConsole  0
NumericFocus  1
Seed  20260929
Threads  1

Optimize a model with 85 rows, 106 columns and 297 nonzeros (Min)
Model has 93 linear objective coefficients
Coefficient statistics:
  Matrix range     [5e-04, 1e+00]
  Objective range  [6e-02, 1e+00]
  Bounds range     [2e+01, 2e+01]
  RHS range        [4e-02, 2e+01]

LP warm-start: use basis

Iteration    Objective       Primal Inf.    Dual Inf.      Time
       0    2.2204374e+00   3.957538e+00   0.000000e+00      0s
       6    2.2340372e+00   0.000000e+00   0.000000e+00      0s

Solved in 6 iterations and 0.00 seconds (0.00 work units)
Optimal objective  2.234037178e+00

User-callback calls 46, time in user-callback 0.00 sec
Set parameter TimeLimit to value 30
Gurobi Optimizer version 13.0.2 build v13.0.2rc1 (win64 - Windows 11+.0 (26200.2))

CPU model: 13th Gen Intel(R) Core(TM) i7-13620H, instruction set [SSE2|AVX|AVX2]
Thread count: 10 physical cores, 16 logical processors, using up to 1 threads

Non-default parameters:
TimeLimit  30
SoftMemLimit  12
FeasibilityTol  1e-07
IntFeasTol  1e-07
MIPGap  0
OptimalityTol  1e-07
Method  1
NodeMethod  1
DualReductions  0
InfUnbdInfo  1
LogToConsole  0
NumericFocus  1
Seed  20260929
Threads  1

Optimize a model with 85 rows, 106 columns and 297 nonzeros (Min)
Model has 93 linear objective coefficients
Coefficient statistics:
  Matrix range     [5e-04, 1e+00]
  Objective range  [6e-02, 1e+00]
  Bounds range     [2e+01, 2e+01]
  RHS range        [4e-02, 2e+01]

LP warm-start: use basis

Iteration    Objective       Primal Inf.    Dual Inf.      Time
       0    2.1690372e+00   1.859438e+01   0.000000e+00      0s
       4    2.2304261e+00   0.000000e+00   0.000000e+00      0s

Solved in 4 iterations and 0.00 seconds (0.00 work units)
Optimal objective  2.230426066e+00

User-callback calls 44, time in user-callback 0.00 sec
Set parameter TimeLimit to value 30
Gurobi Optimizer version 13.0.2 build v13.0.2rc1 (win64 - Windows 11+.0 (26200.2))

CPU model: 13th Gen Intel(R) Core(TM) i7-13620H, instruction set [SSE2|AVX|AVX2]
Thread count: 10 physical cores, 16 logical processors, using up to 1 threads

Non-default parameters:
TimeLimit  30
SoftMemLimit  12
FeasibilityTol  1e-07
IntFeasTol  1e-07
MIPGap  0
OptimalityTol  1e-07
Method  1
NodeMethod  1
DualReductions  0
InfUnbdInfo  1
LogToConsole  0
NumericFocus  1
Seed  20260929
Threads  1

Optimize a model with 85 rows, 106 columns and 297 nonzeros (Min)
Model has 93 linear objective coefficients
Coefficient statistics:
  Matrix range     [5e-04, 1e+00]
  Objective range  [6e-02, 1e+00]
  Bounds range     [2e+01, 2e+01]
  RHS range        [4e-02, 2e+01]

LP warm-start: use basis

Iteration    Objective       Primal Inf.    Dual Inf.      Time
       0    2.0704261e+00   4.726734e+01   0.000000e+00      0s
      15    2.2304261e+00   0.000000e+00   0.000000e+00      0s

Solved in 15 iterations and 0.00 seconds (0.00 work units)
Optimal objective  2.230426066e+00

User-callback calls 55, time in user-callback 0.00 sec
Set parameter TimeLimit to value 30
Gurobi Optimizer version 13.0.2 build v13.0.2rc1 (win64 - Windows 11+.0 (26200.2))

CPU model: 13th Gen Intel(R) Core(TM) i7-13620H, instruction set [SSE2|AVX|AVX2]
Thread count: 10 physical cores, 16 logical processors, using up to 1 threads

Non-default parameters:
TimeLimit  30
SoftMemLimit  12
FeasibilityTol  1e-07
IntFeasTol  1e-07
MIPGap  0
OptimalityTol  1e-07
Method  1
NodeMethod  1
DualReductions  0
InfUnbdInfo  1
LogToConsole  0
NumericFocus  1
Seed  20260929
Threads  1

Optimize a model with 85 rows, 106 columns and 297 nonzeros (Min)
Model has 93 linear objective coefficients
Coefficient statistics:
  Matrix range     [5e-04, 1e+00]
  Objective range  [6e-02, 1e+00]
  Bounds range     [2e+01, 2e+01]
  RHS range        [4e-02, 2e+01]

LP warm-start: use basis

Iteration    Objective       Primal Inf.    Dual Inf.      Time
       0    2.0704261e+00   4.726734e+01   0.000000e+00      0s
      10    2.2259816e+00   0.000000e+00   0.000000e+00      0s

Solved in 10 iterations and 0.00 seconds (0.00 work units)
Optimal objective  2.225981622e+00

User-callback calls 50, time in user-callback 0.00 sec
Set parameter TimeLimit to value 30
Gurobi Optimizer version 13.0.2 build v13.0.2rc1 (win64 - Windows 11+.0 (26200.2))

CPU model: 13th Gen Intel(R) Core(TM) i7-13620H, instruction set [SSE2|AVX|AVX2]
Thread count: 10 physical cores, 16 logical processors, using up to 1 threads

Non-default parameters:
TimeLimit  30
SoftMemLimit  12
FeasibilityTol  1e-07
IntFeasTol  1e-07
MIPGap  0
OptimalityTol  1e-07
Method  1
NodeMethod  1
DualReductions  0
InfUnbdInfo  1
LogToConsole  0
NumericFocus  1
Seed  20260929
Threads  1

Optimize a model with 85 rows, 106 columns and 297 nonzeros (Min)
Model has 93 linear objective coefficients
Coefficient statistics:
  Matrix range     [5e-04, 1e+00]
  Objective range  [6e-02, 1e+00]
  Bounds range     [2e+01, 2e+01]
  RHS range        [4e-02, 2e+01]

LP warm-start: use basis

Iteration    Objective       Primal Inf.    Dual Inf.      Time
       0    4.3148705e+00   1.809454e+01   0.000000e+00      0s
       2    4.4840372e+00   0.000000e+00   0.000000e+00      0s

Solved in 2 iterations and 0.00 seconds (0.00 work units)
Optimal objective  4.484037178e+00

User-callback calls 42, time in user-callback 0.00 sec
Set parameter TimeLimit to value 30
Gurobi Optimizer version 13.0.2 build v13.0.2rc1 (win64 - Windows 11+.0 (26200.2))

CPU model: 13th Gen Intel(R) Core(TM) i7-13620H, instruction set [SSE2|AVX|AVX2]
Thread count: 10 physical cores, 16 logical processors, using up to 1 threads

Non-default parameters:
TimeLimit  30
SoftMemLimit  12
FeasibilityTol  1e-07
IntFeasTol  1e-07
MIPGap  0
OptimalityTol  1e-07
Method  1
NodeMethod  1
DualReductions  0
InfUnbdInfo  1
LogToConsole  0
NumericFocus  1
Seed  20260929
Threads  1

Optimize a model with 85 rows, 106 columns and 297 nonzeros (Min)
Model has 93 linear objective coefficients
Coefficient statistics:
  Matrix range     [5e-04, 1e+00]
  Objective range  [6e-02, 1e+00]
  Bounds range     [2e+01, 2e+01]
  RHS range        [4e-02, 2e+01]

LP warm-start: use basis

Iteration    Objective       Primal Inf.    Dual Inf.      Time
       0    4.4090372e+00   9.806485e+01   0.000000e+00      0s
       3    4.4598704e+00   0.000000e+00   0.000000e+00      0s

Solved in 3 iterations and 0.00 seconds (0.00 work units)
Optimal objective  4.459870366e+00

User-callback calls 43, time in user-callback 0.00 sec
Set parameter TimeLimit to value 30
Gurobi Optimizer version 13.0.2 build v13.0.2rc1 (win64 - Windows 11+.0 (26200.2))

CPU model: 13th Gen Intel(R) Core(TM) i7-13620H, instruction set [SSE2|AVX|AVX2]
Thread count: 10 physical cores, 16 logical processors, using up to 1 threads

Non-default parameters:
TimeLimit  30
SoftMemLimit  12
FeasibilityTol  1e-07
IntFeasTol  1e-07
MIPGap  0
OptimalityTol  1e-07
Method  1
NodeMethod  1
DualReductions  0
InfUnbdInfo  1
LogToConsole  0
NumericFocus  1
Seed  20260929
Threads  1

Optimize a model with 85 rows, 106 columns and 297 nonzeros (Min)
Model has 93 linear objective coefficients
Coefficient statistics:
  Matrix range     [5e-04, 1e+00]
  Objective range  [6e-02, 1e+00]
  Bounds range     [2e+01, 2e+01]
  RHS range        [4e-02, 2e+01]

LP warm-start: use basis

Iteration    Objective       Primal Inf.    Dual Inf.      Time
       0    4.2348704e+00   2.209813e+01   0.000000e+00      0s
       9    4.4598704e+00   0.000000e+00   0.000000e+00      0s

Solved in 9 iterations and 0.00 seconds (0.00 work units)
Optimal objective  4.459870366e+00

User-callback calls 49, time in user-callback 0.00 sec
Set parameter TimeLimit to value 30
Gurobi Optimizer version 13.0.2 build v13.0.2rc1 (win64 - Windows 11+.0 (26200.2))

CPU model: 13th Gen Intel(R) Core(TM) i7-13620H, instruction set [SSE2|AVX|AVX2]
Thread count: 10 physical cores, 16 logical processors, using up to 1 threads

Non-default parameters:
TimeLimit  30
SoftMemLimit  12
FeasibilityTol  1e-07
IntFeasTol  1e-07
MIPGap  0
OptimalityTol  1e-07
Method  1
NodeMethod  1
DualReductions  0
InfUnbdInfo  1
LogToConsole  0
NumericFocus  1
Seed  20260929
Threads  1

Optimize a model with 85 rows, 106 columns and 297 nonzeros (Min)
Model has 93 linear objective coefficients
Coefficient statistics:
  Matrix range     [5e-04, 1e+00]
  Objective range  [6e-02, 1e+00]
  Bounds range     [2e+01, 2e+01]
  RHS range        [4e-02, 2e+01]

LP warm-start: use basis

Iteration    Objective       Primal Inf.    Dual Inf.      Time
       0    4.2348704e+00   1.765357e+01   0.000000e+00      0s
       6    4.3290368e+00   0.000000e+00   0.000000e+00      0s

Solved in 6 iterations and 0.00 seconds (0.00 work units)
Optimal objective  4.329036812e+00

User-callback calls 46, time in user-callback 0.00 sec
Set parameter TimeLimit to value 30
Gurobi Optimizer version 13.0.2 build v13.0.2rc1 (win64 - Windows 11+.0 (26200.2))

CPU model: 13th Gen Intel(R) Core(TM) i7-13620H, instruction set [SSE2|AVX|AVX2]
Thread count: 10 physical cores, 16 logical processors, using up to 1 threads

Non-default parameters:
TimeLimit  30
SoftMemLimit  12
FeasibilityTol  1e-07
IntFeasTol  1e-07
MIPGap  0
OptimalityTol  1e-07
Method  1
NodeMethod  1
DualReductions  0
InfUnbdInfo  1
LogToConsole  0
NumericFocus  1
Seed  20260929
Threads  1

Optimize a model with 85 rows, 106 columns and 297 nonzeros (Min)
Model has 93 linear objective coefficients
Coefficient statistics:
  Matrix range     [5e-04, 1e+00]
  Objective range  [6e-02, 1e+00]
  Bounds range     [2e+01, 2e+01]
  RHS range        [4e-02, 2e+01]

LP warm-start: use basis

Iteration    Objective       Primal Inf.    Dual Inf.      Time
       0   -1.8664448e+00   2.369118e+02   0.000000e+00      0s
      14    2.2215372e+00   0.000000e+00   0.000000e+00      0s

Solved in 14 iterations and 0.00 seconds (0.00 work units)
Optimal objective  2.221537178e+00

User-callback calls 54, time in user-callback 0.00 sec
Set parameter TimeLimit to value 30
Gurobi Optimizer version 13.0.2 build v13.0.2rc1 (win64 - Windows 11+.0 (26200.2))

CPU model: 13th Gen Intel(R) Core(TM) i7-13620H, instruction set [SSE2|AVX|AVX2]
Thread count: 10 physical cores, 16 logical processors, using up to 1 threads

Non-default parameters:
TimeLimit  30
SoftMemLimit  12
FeasibilityTol  1e-07
IntFeasTol  1e-07
MIPGap  0
OptimalityTol  1e-07
Method  1
NodeMethod  1
DualReductions  0
InfUnbdInfo  1
LogToConsole  0
NumericFocus  1
Seed  20260929
Threads  1

Optimize a model with 85 rows, 106 columns and 297 nonzeros (Min)
Model has 93 linear objective coefficients
Coefficient statistics:
  Matrix range     [5e-04, 1e+00]
  Objective range  [6e-02, 1e+00]
  Bounds range     [2e+01, 2e+01]
  RHS range        [4e-02, 2e+01]

LP warm-start: use basis

Iteration    Objective       Primal Inf.    Dual Inf.      Time
       0    1.9623372e+00   9.824626e+01   0.000000e+00      0s
      11    2.1869157e+00   0.000000e+00   0.000000e+00      0s

Solved in 11 iterations and 0.00 seconds (0.00 work units)
Optimal objective  2.186915660e+00

User-callback calls 51, time in user-callback 0.00 sec
Set parameter TimeLimit to value 30
Gurobi Optimizer version 13.0.2 build v13.0.2rc1 (win64 - Windows 11+.0 (26200.2))

CPU model: 13th Gen Intel(R) Core(TM) i7-13620H, instruction set [SSE2|AVX|AVX2]
Thread count: 10 physical cores, 16 logical processors, using up to 1 threads

Non-default parameters:
TimeLimit  30
SoftMemLimit  12
FeasibilityTol  1e-07
IntFeasTol  1e-07
MIPGap  0
OptimalityTol  1e-07
Method  1
NodeMethod  1
DualReductions  0
InfUnbdInfo  1
LogToConsole  0
NumericFocus  1
Seed  20260929
Threads  1

Optimize a model with 85 rows, 106 columns and 297 nonzeros (Min)
Model has 93 linear objective coefficients
Coefficient statistics:
  Matrix range     [5e-04, 1e+00]
  Objective range  [6e-02, 1e+00]
  Bounds range     [2e+01, 2e+01]
  RHS range        [4e-02, 2e+01]

LP warm-start: use basis

Iteration    Objective       Primal Inf.    Dual Inf.      Time
       0    2.1869157e+00   3.967638e+00   0.000000e+00      0s
       4    2.2215372e+00   0.000000e+00   0.000000e+00      0s

Solved in 4 iterations and 0.00 seconds (0.00 work units)
Optimal objective  2.221537178e+00

User-callback calls 44, time in user-callback 0.00 sec
Set parameter TimeLimit to value 30
Gurobi Optimizer version 13.0.2 build v13.0.2rc1 (win64 - Windows 11+.0 (26200.2))

CPU model: 13th Gen Intel(R) Core(TM) i7-13620H, instruction set [SSE2|AVX|AVX2]
Thread count: 10 physical cores, 16 logical processors, using up to 1 threads

Non-default parameters:
TimeLimit  30
SoftMemLimit  12
FeasibilityTol  1e-07
IntFeasTol  1e-07
MIPGap  0
OptimalityTol  1e-07
Method  1
NodeMethod  1
DualReductions  0
InfUnbdInfo  1
LogToConsole  0
NumericFocus  1
Seed  20260929
Threads  1

Optimize a model with 85 rows, 106 columns and 297 nonzeros (Min)
Model has 93 linear objective coefficients
Coefficient statistics:
  Matrix range     [5e-04, 1e+00]
  Objective range  [6e-02, 1e+00]
  Bounds range     [2e+01, 2e+01]
  RHS range        [4e-02, 2e+01]

LP warm-start: use basis

Iteration    Objective       Primal Inf.    Dual Inf.      Time
       0    2.2215372e+00   4.978877e+01   0.000000e+00      0s
       1    2.2215372e+00   0.000000e+00   0.000000e+00      0s

Solved in 1 iterations and 0.00 seconds (0.00 work units)
Optimal objective  2.221537178e+00

User-callback calls 41, time in user-callback 0.00 sec
Set parameter TimeLimit to value 30
Gurobi Optimizer version 13.0.2 build v13.0.2rc1 (win64 - Windows 11+.0 (26200.2))

CPU model: 13th Gen Intel(R) Core(TM) i7-13620H, instruction set [SSE2|AVX|AVX2]
Thread count: 10 physical cores, 16 logical processors, using up to 1 threads

Non-default parameters:
TimeLimit  30
SoftMemLimit  12
FeasibilityTol  1e-07
IntFeasTol  1e-07
MIPGap  0
OptimalityTol  1e-07
Method  1
NodeMethod  1
DualReductions  0
InfUnbdInfo  1
LogToConsole  0
NumericFocus  1
Seed  20260929
Threads  1

Optimize a model with 85 rows, 106 columns and 297 nonzeros (Min)
Model has 93 linear objective coefficients
Coefficient statistics:
  Matrix range     [5e-04, 1e+00]
  Objective range  [6e-02, 1e+00]
  Bounds range     [2e+01, 2e+01]
  RHS range        [4e-02, 2e+01]

LP warm-start: use basis

Iteration    Objective       Primal Inf.    Dual Inf.      Time
       0    2.0615372e+00   1.524050e+02   0.000000e+00      0s
       8    2.4715372e+00   0.000000e+00   0.000000e+00      0s

Solved in 8 iterations and 0.00 seconds (0.00 work units)
Optimal objective  2.471537178e+00

User-callback calls 47, time in user-callback 0.00 sec
Set parameter TimeLimit to value 30
Gurobi Optimizer version 13.0.2 build v13.0.2rc1 (win64 - Windows 11+.0 (26200.2))

CPU model: 13th Gen Intel(R) Core(TM) i7-13620H, instruction set [SSE2|AVX|AVX2]
Thread count: 10 physical cores, 16 logical processors, using up to 1 threads

Non-default parameters:
TimeLimit  30
SoftMemLimit  12
FeasibilityTol  1e-07
IntFeasTol  1e-07
MIPGap  0
OptimalityTol  1e-07
Method  1
NodeMethod  1
DualReductions  0
InfUnbdInfo  1
LogToConsole  0
NumericFocus  1
Seed  20260929
Threads  1

Optimize a model with 85 rows, 106 columns and 297 nonzeros (Min)
Model has 93 linear objective coefficients
Coefficient statistics:
  Matrix range     [5e-04, 1e+00]
  Objective range  [6e-02, 1e+00]
  Bounds range     [2e+01, 2e+01]
  RHS range        [4e-02, 2e+01]

LP warm-start: use basis

Iteration    Objective       Primal Inf.    Dual Inf.      Time
       0    2.0215372e+00   3.563030e+01   0.000000e+00      0s
      15    2.3447417e+00   0.000000e+00   0.000000e+00      0s

Solved in 15 iterations and 0.00 seconds (0.00 work units)
Optimal objective  2.344741667e+00

User-callback calls 55, time in user-callback 0.00 sec
Set parameter TimeLimit to value 30
Gurobi Optimizer version 13.0.2 build v13.0.2rc1 (win64 - Windows 11+.0 (26200.2))

CPU model: 13th Gen Intel(R) Core(TM) i7-13620H, instruction set [SSE2|AVX|AVX2]
Thread count: 10 physical cores, 16 logical processors, using up to 1 threads

Non-default parameters:
TimeLimit  30
SoftMemLimit  12
FeasibilityTol  1e-07
IntFeasTol  1e-07
MIPGap  0
OptimalityTol  1e-07
Method  1
NodeMethod  1
DualReductions  0
InfUnbdInfo  1
LogToConsole  0
NumericFocus  1
Seed  20260929
Threads  1

Optimize a model with 85 rows, 106 columns and 297 nonzeros (Min)
Model has 93 linear objective coefficients
Coefficient statistics:
  Matrix range     [5e-04, 1e+00]
  Objective range  [6e-02, 1e+00]
  Bounds range     [2e+01, 2e+01]
  RHS range        [4e-02, 2e+01]

LP warm-start: use basis

Iteration    Objective       Primal Inf.    Dual Inf.      Time
       0    2.1516046e+00   4.556833e+01   0.000000e+00      0s
      12    2.4473704e+00   0.000000e+00   0.000000e+00      0s

Solved in 12 iterations and 0.00 seconds (0.00 work units)
Optimal objective  2.447370366e+00

User-callback calls 52, time in user-callback 0.00 sec
Set parameter TimeLimit to value 30
Gurobi Optimizer version 13.0.2 build v13.0.2rc1 (win64 - Windows 11+.0 (26200.2))

CPU model: 13th Gen Intel(R) Core(TM) i7-13620H, instruction set [SSE2|AVX|AVX2]
Thread count: 10 physical cores, 16 logical processors, using up to 1 threads

Non-default parameters:
TimeLimit  30
SoftMemLimit  12
FeasibilityTol  1e-07
IntFeasTol  1e-07
MIPGap  0
OptimalityTol  1e-07
Method  1
NodeMethod  1
DualReductions  0
InfUnbdInfo  1
LogToConsole  0
NumericFocus  1
Seed  20260929
Threads  1

Optimize a model with 85 rows, 106 columns and 297 nonzeros (Min)
Model has 93 linear objective coefficients
Coefficient statistics:
  Matrix range     [5e-04, 1e+00]
  Objective range  [6e-02, 1e+00]
  Bounds range     [2e+01, 2e+01]
  RHS range        [4e-02, 2e+01]

LP warm-start: use basis

Iteration    Objective       Primal Inf.    Dual Inf.      Time
       0    1.9973704e+00   3.668642e+01   0.000000e+00      0s
      18    2.2799071e+00   0.000000e+00   0.000000e+00      0s

Solved in 18 iterations and 0.00 seconds (0.00 work units)
Optimal objective  2.279907060e+00

User-callback calls 58, time in user-callback 0.00 sec
Set parameter TimeLimit to value 30
Gurobi Optimizer version 13.0.2 build v13.0.2rc1 (win64 - Windows 11+.0 (26200.2))

CPU model: 13th Gen Intel(R) Core(TM) i7-13620H, instruction set [SSE2|AVX|AVX2]
Thread count: 10 physical cores, 16 logical processors, using up to 1 threads

Non-default parameters:
TimeLimit  30
SoftMemLimit  12
FeasibilityTol  1e-07
IntFeasTol  1e-07
MIPGap  0
OptimalityTol  1e-07
Method  1
NodeMethod  1
DualReductions  0
InfUnbdInfo  1
LogToConsole  0
NumericFocus  1
Seed  20260929
Threads  1

Optimize a model with 85 rows, 106 columns and 297 nonzeros (Min)
Model has 93 linear objective coefficients
Coefficient statistics:
  Matrix range     [5e-04, 1e+00]
  Objective range  [6e-02, 1e+00]
  Bounds range     [2e+01, 2e+01]
  RHS range        [4e-02, 2e+01]

LP warm-start: use basis

Iteration    Objective       Primal Inf.    Dual Inf.      Time
       0    2.1779736e+00   3.068987e+01   0.000000e+00      0s
      12    2.2340372e+00   0.000000e+00   0.000000e+00      0s

Solved in 12 iterations and 0.00 seconds (0.00 work units)
Optimal objective  2.234037178e+00

User-callback calls 52, time in user-callback 0.00 sec
Set parameter TimeLimit to value 30
Gurobi Optimizer version 13.0.2 build v13.0.2rc1 (win64 - Windows 11+.0 (26200.2))

CPU model: 13th Gen Intel(R) Core(TM) i7-13620H, instruction set [SSE2|AVX|AVX2]
Thread count: 10 physical cores, 16 logical processors, using up to 1 threads

Non-default parameters:
TimeLimit  30
SoftMemLimit  12
FeasibilityTol  1e-07
IntFeasTol  1e-07
MIPGap  0
OptimalityTol  1e-07
Method  1
NodeMethod  1
DualReductions  0
InfUnbdInfo  1
LogToConsole  0
NumericFocus  1
Seed  20260929
Threads  1

Optimize a model with 85 rows, 106 columns and 297 nonzeros (Min)
Model has 93 linear objective coefficients
Coefficient statistics:
  Matrix range     [5e-04, 1e+00]
  Objective range  [6e-02, 1e+00]
  Bounds range     [2e+01, 2e+01]
  RHS range        [4e-02, 2e+01]

LP warm-start: use basis

Iteration    Objective       Primal Inf.    Dual Inf.      Time
       0    1.7840372e+00   3.753030e+01   0.000000e+00      0s
      16    2.1904019e+00   0.000000e+00   0.000000e+00      0s

Solved in 16 iterations and 0.00 seconds (0.00 work units)
Optimal objective  2.190401881e+00

User-callback calls 55, time in user-callback 0.00 sec
Set parameter TimeLimit to value 30
Gurobi Optimizer version 13.0.2 build v13.0.2rc1 (win64 - Windows 11+.0 (26200.2))

CPU model: 13th Gen Intel(R) Core(TM) i7-13620H, instruction set [SSE2|AVX|AVX2]
Thread count: 10 physical cores, 16 logical processors, using up to 1 threads

Non-default parameters:
TimeLimit  30
SoftMemLimit  12
FeasibilityTol  1e-07
IntFeasTol  1e-07
MIPGap  0
OptimalityTol  1e-07
Method  1
NodeMethod  1
DualReductions  0
InfUnbdInfo  1
LogToConsole  0
NumericFocus  1
Seed  20260929
Threads  1

Optimize a model with 85 rows, 106 columns and 297 nonzeros (Min)
Model has 93 linear objective coefficients
Coefficient statistics:
  Matrix range     [5e-04, 1e+00]
  Objective range  [6e-02, 1e+00]
  Bounds range     [2e+01, 2e+01]
  RHS range        [4e-02, 2e+01]

LP warm-start: use basis

Iteration    Objective       Primal Inf.    Dual Inf.      Time
       0    2.1904019e+00   3.923141e+00   0.000000e+00      0s
       3    2.2304261e+00   0.000000e+00   0.000000e+00      0s

Solved in 3 iterations and 0.00 seconds (0.00 work units)
Optimal objective  2.230426066e+00

User-callback calls 43, time in user-callback 0.00 sec
Set parameter TimeLimit to value 30
Gurobi Optimizer version 13.0.2 build v13.0.2rc1 (win64 - Windows 11+.0 (26200.2))

CPU model: 13th Gen Intel(R) Core(TM) i7-13620H, instruction set [SSE2|AVX|AVX2]
Thread count: 10 physical cores, 16 logical processors, using up to 1 threads

Non-default parameters:
TimeLimit  30
SoftMemLimit  12
FeasibilityTol  1e-07
IntFeasTol  1e-07
MIPGap  0
OptimalityTol  1e-07
Method  1
NodeMethod  1
DualReductions  0
InfUnbdInfo  1
LogToConsole  0
NumericFocus  1
Seed  20260929
Threads  1

Optimize a model with 85 rows, 106 columns and 297 nonzeros (Min)
Model has 93 linear objective coefficients
Coefficient statistics:
  Matrix range     [5e-04, 1e+00]
  Objective range  [6e-02, 1e+00]
  Bounds range     [2e+01, 2e+01]
  RHS range        [4e-02, 2e+01]

LP warm-start: use basis

Iteration    Objective       Primal Inf.    Dual Inf.      Time
       0    1.9104261e+00   1.274659e+02   0.000000e+00      0s
       6    2.2215372e+00   0.000000e+00   0.000000e+00      0s

Solved in 6 iterations and 0.00 seconds (0.00 work units)
Optimal objective  2.221537178e+00

User-callback calls 46, time in user-callback 0.00 sec
Set parameter TimeLimit to value 30
Gurobi Optimizer version 13.0.2 build v13.0.2rc1 (win64 - Windows 11+.0 (26200.2))

CPU model: 13th Gen Intel(R) Core(TM) i7-13620H, instruction set [SSE2|AVX|AVX2]
Thread count: 10 physical cores, 16 logical processors, using up to 1 threads

Non-default parameters:
TimeLimit  30
SoftMemLimit  12
FeasibilityTol  1e-07
IntFeasTol  1e-07
MIPGap  0
OptimalityTol  1e-07
Method  1
NodeMethod  1
DualReductions  0
InfUnbdInfo  1
LogToConsole  0
NumericFocus  1
Seed  20260929
Threads  1

Optimize a model with 85 rows, 106 columns and 297 nonzeros (Min)
Model has 93 linear objective coefficients
Coefficient statistics:
  Matrix range     [5e-04, 1e+00]
  Objective range  [6e-02, 1e+00]
  Bounds range     [2e+01, 2e+01]
  RHS range        [4e-02, 2e+01]

LP warm-start: use basis

Iteration    Objective       Primal Inf.    Dual Inf.      Time
       0    2.0615372e+00   1.586252e+02   0.000000e+00      0s
       9    4.4840372e+00   0.000000e+00   0.000000e+00      0s

Solved in 9 iterations and 0.00 seconds (0.00 work units)
Optimal objective  4.484037178e+00

User-callback calls 49, time in user-callback 0.00 sec
Set parameter TimeLimit to value 30
Gurobi Optimizer version 13.0.2 build v13.0.2rc1 (win64 - Windows 11+.0 (26200.2))

CPU model: 13th Gen Intel(R) Core(TM) i7-13620H, instruction set [SSE2|AVX|AVX2]
Thread count: 10 physical cores, 16 logical processors, using up to 1 threads

Non-default parameters:
TimeLimit  30
SoftMemLimit  12
FeasibilityTol  1e-07
IntFeasTol  1e-07
MIPGap  0
OptimalityTol  1e-07
Method  1
NodeMethod  1
DualReductions  0
InfUnbdInfo  1
LogToConsole  0
NumericFocus  1
Seed  20260929
Threads  1

Optimize a model with 85 rows, 106 columns and 297 nonzeros (Min)
Model has 93 linear objective coefficients
Coefficient statistics:
  Matrix range     [5e-04, 1e+00]
  Objective range  [6e-02, 1e+00]
  Bounds range     [2e+01, 2e+01]
  RHS range        [4e-02, 2e+01]

LP warm-start: use basis

Iteration    Objective       Primal Inf.    Dual Inf.      Time
       0    4.0340372e+00   3.553030e+01   0.000000e+00      0s
      15    4.3572407e+00   0.000000e+00   0.000000e+00      0s

Solved in 15 iterations and 0.00 seconds (0.00 work units)
Optimal objective  4.357240732e+00

User-callback calls 55, time in user-callback 0.00 sec
Set parameter TimeLimit to value 30
Gurobi Optimizer version 13.0.2 build v13.0.2rc1 (win64 - Windows 11+.0 (26200.2))

CPU model: 13th Gen Intel(R) Core(TM) i7-13620H, instruction set [SSE2|AVX|AVX2]
Thread count: 10 physical cores, 16 logical processors, using up to 1 threads

Non-default parameters:
TimeLimit  30
SoftMemLimit  12
FeasibilityTol  1e-07
IntFeasTol  1e-07
MIPGap  0
OptimalityTol  1e-07
Method  1
NodeMethod  1
DualReductions  0
InfUnbdInfo  1
LogToConsole  0
NumericFocus  1
Seed  20260929
Threads  1

Optimize a model with 85 rows, 106 columns and 297 nonzeros (Min)
Model has 93 linear objective coefficients
Coefficient statistics:
  Matrix range     [5e-04, 1e+00]
  Objective range  [6e-02, 1e+00]
  Bounds range     [2e+01, 2e+01]
  RHS range        [4e-02, 2e+01]

LP warm-start: use basis

Iteration    Objective       Primal Inf.    Dual Inf.      Time
       0    4.1322407e+00   2.752035e+01   0.000000e+00      0s
      11    4.4598704e+00   0.000000e+00   0.000000e+00      0s

Solved in 11 iterations and 0.00 seconds (0.00 work units)
Optimal objective  4.459870366e+00

User-callback calls 51, time in user-callback 0.00 sec
Set parameter TimeLimit to value 30
Gurobi Optimizer version 13.0.2 build v13.0.2rc1 (win64 - Windows 11+.0 (26200.2))

CPU model: 13th Gen Intel(R) Core(TM) i7-13620H, instruction set [SSE2|AVX|AVX2]
Thread count: 10 physical cores, 16 logical processors, using up to 1 threads

Non-default parameters:
TimeLimit  30
SoftMemLimit  12
FeasibilityTol  1e-07
IntFeasTol  1e-07
MIPGap  0
OptimalityTol  1e-07
Method  1
NodeMethod  1
DualReductions  0
InfUnbdInfo  1
LogToConsole  0
NumericFocus  1
Seed  20260929
Threads  1

Optimize a model with 85 rows, 106 columns and 297 nonzeros (Min)
Model has 93 linear objective coefficients
Coefficient statistics:
  Matrix range     [5e-04, 1e+00]
  Objective range  [6e-02, 1e+00]
  Bounds range     [2e+01, 2e+01]
  RHS range        [4e-02, 2e+01]

LP warm-start: use basis

Iteration    Objective       Primal Inf.    Dual Inf.      Time
       0    4.0098704e+00   3.658642e+01   0.000000e+00      0s
      22    4.2852720e+00   0.000000e+00   0.000000e+00      0s

Solved in 22 iterations and 0.00 seconds (0.00 work units)
Optimal objective  4.285271979e+00

User-callback calls 62, time in user-callback 0.00 sec
