
Gurobi 13.0.2 (win64) logging started Fri Oct  2 10:02:57 2026

Set parameter LogFile to value "C:\Users\kjw39\Documents\Codex\2026-10-02\mess-benders-v2-native-recourse\worktree\docs\v42_mess_benders_v2_native_recourse\RAW_FINAL\D\native\raw_solver.log"
Set parameter Threads to value 1
Set parameter Seed to value 20260929
Set parameter Method to value 1
Set parameter NodeMethod to value 1
Set parameter FeasibilityTol to value 1e-07
Set parameter OptimalityTol to value 1e-07
Set parameter IntFeasTol to value 1e-07
Set parameter NumericFocus to value 1
Set parameter InfUnbdInfo to value 1
Set parameter DualReductions to value 0
Set parameter SoftMemLimit to value 12
Set parameter MIPGap to value 0
Set parameter TimeLimit to value 60
Set parameter TimeLimit to value 30
Gurobi Optimizer version 13.0.2 build v13.0.2rc1 (win64 - Windows 11+.0 (26200.2))

CPU model: 13th Gen Intel(R) Core(TM) i7-13620H, instruction set [SSE2|AVX|AVX2]
Thread count: 10 physical cores, 16 logical processors, using up to 1 threads

Non-default parameters:
TimeLimit  30
SoftMemLimit  12
FeasibilityTol  1e-07
IntFeasTol  1e-07
MIPGap  0
OptimalityTol  1e-07
Method  1
NodeMethod  1
DualReductions  0
InfUnbdInfo  1
LogToConsole  0
NumericFocus  1
Seed  20260929
Threads  1

Optimize a model with 85 rows, 13 columns and 204 nonzeros (Min)
Model fingerprint: 0xd5aa0f16
Model has 1 linear objective coefficients
Coefficient statistics:
  Matrix range     [5e-04, 1e+00]
  Objective range  [1e+00, 1e+00]
  Bounds range     [2e+01, 2e+01]
  RHS range        [4e-02, 2e+01]

Presolve time: 0.00s
Iteration    Objective       Primal Inf.    Dual Inf.      Time
       0    0.0000000e+00   8.306807e+01   0.000000e+00      0s

Solved in 3 iterations and 0.00 seconds (0.00 work units)
Infeasible model

User-callback calls 42, time in user-callback 0.00 sec
Set parameter TimeLimit to value 30
Gurobi Optimizer version 13.0.2 build v13.0.2rc1 (win64 - Windows 11+.0 (26200.2))

CPU model: 13th Gen Intel(R) Core(TM) i7-13620H, instruction set [SSE2|AVX|AVX2]
Thread count: 10 physical cores, 16 logical processors, using up to 1 threads

Non-default parameters:
TimeLimit  30
SoftMemLimit  12
FeasibilityTol  1e-07
IntFeasTol  1e-07
MIPGap  0
OptimalityTol  1e-07
Method  1
NodeMethod  1
DualReductions  0
InfUnbdInfo  1
LogToConsole  0
NumericFocus  1
Seed  20260929
Threads  1

Optimize a model with 85 rows, 13 columns and 204 nonzeros (Min)
Model has 1 linear objective coefficients
Coefficient statistics:
  Matrix range     [5e-04, 1e+00]
  Objective range  [1e+00, 1e+00]
  Bounds range     [2e+01, 2e+01]
  RHS range        [4e-02, 2e+01]

LP warm-start: use basis

Iteration    Objective       Primal Inf.    Dual Inf.      Time
       0    0.0000000e+00   6.500000e+00   0.000000e+00      0s

Solved in 1 iterations and 0.00 seconds (0.00 work units)
Infeasible model

User-callback calls 40, time in user-callback 0.00 sec
Set parameter TimeLimit to value 30
Gurobi Optimizer version 13.0.2 build v13.0.2rc1 (win64 - Windows 11+.0 (26200.2))

CPU model: 13th Gen Intel(R) Core(TM) i7-13620H, instruction set [SSE2|AVX|AVX2]
Thread count: 10 physical cores, 16 logical processors, using up to 1 threads

Non-default parameters:
TimeLimit  30
SoftMemLimit  12
FeasibilityTol  1e-07
IntFeasTol  1e-07
MIPGap  0
OptimalityTol  1e-07
Method  1
NodeMethod  1
DualReductions  0
InfUnbdInfo  1
LogToConsole  0
NumericFocus  1
Seed  20260929
Threads  1

Optimize a model with 85 rows, 13 columns and 204 nonzeros (Min)
Model has 1 linear objective coefficients
Coefficient statistics:
  Matrix range     [5e-04, 1e+00]
  Objective range  [1e+00, 1e+00]
  Bounds range     [2e+01, 2e+01]
  RHS range        [4e-02, 2e+01]

LP warm-start: use basis

Iteration    Objective       Primal Inf.    Dual Inf.      Time
       0    0.0000000e+00   4.000000e+00   0.000000e+00      0s

Solved in 0 iterations and 0.00 seconds (0.00 work units)
Infeasible model

User-callback calls 38, time in user-callback 0.00 sec
Set parameter TimeLimit to value 30
Gurobi Optimizer version 13.0.2 build v13.0.2rc1 (win64 - Windows 11+.0 (26200.2))

CPU model: 13th Gen Intel(R) Core(TM) i7-13620H, instruction set [SSE2|AVX|AVX2]
Thread count: 10 physical cores, 16 logical processors, using up to 1 threads

Non-default parameters:
TimeLimit  30
SoftMemLimit  12
FeasibilityTol  1e-07
IntFeasTol  1e-07
MIPGap  0
OptimalityTol  1e-07
Method  1
NodeMethod  1
DualReductions  0
InfUnbdInfo  1
LogToConsole  0
NumericFocus  1
Seed  20260929
Threads  1

Optimize a model with 85 rows, 13 columns and 204 nonzeros (Min)
Model has 1 linear objective coefficients
Coefficient statistics:
  Matrix range     [5e-04, 1e+00]
  Objective range  [1e+00, 1e+00]
  Bounds range     [2e+01, 2e+01]
  RHS range        [4e-02, 2e+01]

LP warm-start: use basis

Iteration    Objective       Primal Inf.    Dual Inf.      Time
       0    0.0000000e+00   4.000000e+00   0.000000e+00      0s

Solved in 0 iterations and 0.00 seconds (0.00 work units)
Infeasible model

User-callback calls 38, time in user-callback 0.00 sec
Set parameter TimeLimit to value 30
Gurobi Optimizer version 13.0.2 build v13.0.2rc1 (win64 - Windows 11+.0 (26200.2))

CPU model: 13th Gen Intel(R) Core(TM) i7-13620H, instruction set [SSE2|AVX|AVX2]
Thread count: 10 physical cores, 16 logical processors, using up to 1 threads

Non-default parameters:
TimeLimit  30
SoftMemLimit  12
FeasibilityTol  1e-07
IntFeasTol  1e-07
MIPGap  0
OptimalityTol  1e-07
Method  1
NodeMethod  1
DualReductions  0
InfUnbdInfo  1
LogToConsole  0
NumericFocus  1
Seed  20260929
Threads  1

Optimize a model with 85 rows, 13 columns and 204 nonzeros (Min)
Model has 1 linear objective coefficients
Coefficient statistics:
  Matrix range     [5e-04, 1e+00]
  Objective range  [1e+00, 1e+00]
  Bounds range     [2e+01, 2e+01]
  RHS range        [4e-02, 2e+01]

LP warm-start: use basis

Iteration    Objective       Primal Inf.    Dual Inf.      Time
       0    0.0000000e+00   4.500000e+00   0.000000e+00      0s

Solved in 0 iterations and 0.00 seconds (0.00 work units)
Infeasible model

User-callback calls 38, time in user-callback 0.00 sec
Set parameter TimeLimit to value 30
Gurobi Optimizer version 13.0.2 build v13.0.2rc1 (win64 - Windows 11+.0 (26200.2))

CPU model: 13th Gen Intel(R) Core(TM) i7-13620H, instruction set [SSE2|AVX|AVX2]
Thread count: 10 physical cores, 16 logical processors, using up to 1 threads

Non-default parameters:
TimeLimit  30
SoftMemLimit  12
FeasibilityTol  1e-07
IntFeasTol  1e-07
MIPGap  0
OptimalityTol  1e-07
Method  1
NodeMethod  1
DualReductions  0
InfUnbdInfo  1
LogToConsole  0
NumericFocus  1
Seed  20260929
Threads  1

Optimize a model with 85 rows, 13 columns and 204 nonzeros (Min)
Model has 1 linear objective coefficients
Coefficient statistics:
  Matrix range     [5e-04, 1e+00]
  Objective range  [1e+00, 1e+00]
  Bounds range     [2e+01, 2e+01]
  RHS range        [4e-02, 2e+01]

LP warm-start: use basis

Iteration    Objective       Primal Inf.    Dual Inf.      Time
       0    0.0000000e+00   4.500000e+00   0.000000e+00      0s

Solved in 0 iterations and 0.00 seconds (0.00 work units)
Infeasible model

User-callback calls 38, time in user-callback 0.00 sec
Set parameter TimeLimit to value 30
Gurobi Optimizer version 13.0.2 build v13.0.2rc1 (win64 - Windows 11+.0 (26200.2))

CPU model: 13th Gen Intel(R) Core(TM) i7-13620H, instruction set [SSE2|AVX|AVX2]
Thread count: 10 physical cores, 16 logical processors, using up to 1 threads

Non-default parameters:
TimeLimit  30
SoftMemLimit  12
FeasibilityTol  1e-07
IntFeasTol  1e-07
MIPGap  0
OptimalityTol  1e-07
Method  1
NodeMethod  1
DualReductions  0
InfUnbdInfo  1
LogToConsole  0
NumericFocus  1
Seed  20260929
Threads  1

Optimize a model with 85 rows, 13 columns and 204 nonzeros (Min)
Model has 1 linear objective coefficients
Coefficient statistics:
  Matrix range     [5e-04, 1e+00]
  Objective range  [1e+00, 1e+00]
  Bounds range     [2e+01, 2e+01]
  RHS range        [4e-02, 2e+01]

LP warm-start: use basis

Iteration    Objective       Primal Inf.    Dual Inf.      Time
       0    0.0000000e+00   4.500000e+00   0.000000e+00      0s

Solved in 0 iterations and 0.00 seconds (0.00 work units)
Infeasible model

User-callback calls 38, time in user-callback 0.00 sec
Set parameter TimeLimit to value 30
Gurobi Optimizer version 13.0.2 build v13.0.2rc1 (win64 - Windows 11+.0 (26200.2))

CPU model: 13th Gen Intel(R) Core(TM) i7-13620H, instruction set [SSE2|AVX|AVX2]
Thread count: 10 physical cores, 16 logical processors, using up to 1 threads

Non-default parameters:
TimeLimit  30
SoftMemLimit  12
FeasibilityTol  1e-07
IntFeasTol  1e-07
MIPGap  0
OptimalityTol  1e-07
Method  1
NodeMethod  1
DualReductions  0
InfUnbdInfo  1
LogToConsole  0
NumericFocus  1
Seed  20260929
Threads  1

Optimize a model with 85 rows, 13 columns and 204 nonzeros (Min)
Model has 1 linear objective coefficients
Coefficient statistics:
  Matrix range     [5e-04, 1e+00]
  Objective range  [1e+00, 1e+00]
  Bounds range     [2e+01, 2e+01]
  RHS range        [4e-02, 2e+01]

LP warm-start: use basis

Iteration    Objective       Primal Inf.    Dual Inf.      Time
       0    0.0000000e+00   4.500000e+00   0.000000e+00      0s

Solved in 0 iterations and 0.00 seconds (0.00 work units)
Infeasible model

User-callback calls 38, time in user-callback 0.00 sec
Set parameter TimeLimit to value 30
Gurobi Optimizer version 13.0.2 build v13.0.2rc1 (win64 - Windows 11+.0 (26200.2))

CPU model: 13th Gen Intel(R) Core(TM) i7-13620H, instruction set [SSE2|AVX|AVX2]
Thread count: 10 physical cores, 16 logical processors, using up to 1 threads

Non-default parameters:
TimeLimit  30
SoftMemLimit  12
FeasibilityTol  1e-07
IntFeasTol  1e-07
MIPGap  0
OptimalityTol  1e-07
Method  1
NodeMethod  1
DualReductions  0
InfUnbdInfo  1
LogToConsole  0
NumericFocus  1
Seed  20260929
Threads  1

Optimize a model with 85 rows, 13 columns and 204 nonzeros (Min)
Model has 1 linear objective coefficients
Coefficient statistics:
  Matrix range     [5e-04, 1e+00]
  Objective range  [1e+00, 1e+00]
  Bounds range     [2e+01, 2e+01]
  RHS range        [4e-02, 2e+01]

LP warm-start: use basis

Iteration    Objective       Primal Inf.    Dual Inf.      Time
       0    0.0000000e+00   4.025000e+00   0.000000e+00      0s

Solved in 0 iterations and 0.00 seconds (0.00 work units)
Infeasible model

User-callback calls 38, time in user-callback 0.00 sec
Set parameter TimeLimit to value 30
Gurobi Optimizer version 13.0.2 build v13.0.2rc1 (win64 - Windows 11+.0 (26200.2))

CPU model: 13th Gen Intel(R) Core(TM) i7-13620H, instruction set [SSE2|AVX|AVX2]
Thread count: 10 physical cores, 16 logical processors, using up to 1 threads

Non-default parameters:
TimeLimit  30
SoftMemLimit  12
FeasibilityTol  1e-07
IntFeasTol  1e-07
MIPGap  0
OptimalityTol  1e-07
Method  1
NodeMethod  1
DualReductions  0
InfUnbdInfo  1
LogToConsole  0
NumericFocus  1
Seed  20260929
Threads  1

Optimize a model with 85 rows, 13 columns and 204 nonzeros (Min)
Model has 1 linear objective coefficients
Coefficient statistics:
  Matrix range     [5e-04, 1e+00]
  Objective range  [1e+00, 1e+00]
  Bounds range     [2e+01, 2e+01]
  RHS range        [4e-02, 2e+01]

LP warm-start: use basis

Iteration    Objective       Primal Inf.    Dual Inf.      Time
       0    0.0000000e+00   4.025000e+00   0.000000e+00      0s

Solved in 0 iterations and 0.00 seconds (0.00 work units)
Infeasible model

User-callback calls 38, time in user-callback 0.00 sec
Set parameter TimeLimit to value 30
Gurobi Optimizer version 13.0.2 build v13.0.2rc1 (win64 - Windows 11+.0 (26200.2))

CPU model: 13th Gen Intel(R) Core(TM) i7-13620H, instruction set [SSE2|AVX|AVX2]
Thread count: 10 physical cores, 16 logical processors, using up to 1 threads

Non-default parameters:
TimeLimit  30
SoftMemLimit  12
FeasibilityTol  1e-07
IntFeasTol  1e-07
MIPGap  0
OptimalityTol  1e-07
Method  1
NodeMethod  1
DualReductions  0
InfUnbdInfo  1
LogToConsole  0
NumericFocus  1
Seed  20260929
Threads  1

Optimize a model with 85 rows, 13 columns and 204 nonzeros (Min)
Model has 1 linear objective coefficients
Coefficient statistics:
  Matrix range     [5e-04, 1e+00]
  Objective range  [1e+00, 1e+00]
  Bounds range     [2e+01, 2e+01]
  RHS range        [4e-02, 2e+01]

LP warm-start: use basis

Iteration    Objective       Primal Inf.    Dual Inf.      Time
       0    0.0000000e+00   4.025000e+00   0.000000e+00      0s

Solved in 0 iterations and 0.00 seconds (0.00 work units)
Infeasible model

User-callback calls 38, time in user-callback 0.00 sec
Set parameter TimeLimit to value 30
Gurobi Optimizer version 13.0.2 build v13.0.2rc1 (win64 - Windows 11+.0 (26200.2))

CPU model: 13th Gen Intel(R) Core(TM) i7-13620H, instruction set [SSE2|AVX|AVX2]
Thread count: 10 physical cores, 16 logical processors, using up to 1 threads

Non-default parameters:
TimeLimit  30
SoftMemLimit  12
FeasibilityTol  1e-07
IntFeasTol  1e-07
MIPGap  0
OptimalityTol  1e-07
Method  1
NodeMethod  1
DualReductions  0
InfUnbdInfo  1
LogToConsole  0
NumericFocus  1
Seed  20260929
Threads  1

Optimize a model with 85 rows, 13 columns and 204 nonzeros (Min)
Model has 1 linear objective coefficients
Coefficient statistics:
  Matrix range     [5e-04, 1e+00]
  Objective range  [1e+00, 1e+00]
  Bounds range     [2e+01, 2e+01]
  RHS range        [4e-02, 2e+01]

LP warm-start: use basis

Iteration    Objective       Primal Inf.    Dual Inf.      Time
       0    0.0000000e+00   4.025000e+00   0.000000e+00      0s

Solved in 0 iterations and 0.00 seconds (0.00 work units)
Infeasible model

User-callback calls 38, time in user-callback 0.00 sec
Set parameter TimeLimit to value 30
Gurobi Optimizer version 13.0.2 build v13.0.2rc1 (win64 - Windows 11+.0 (26200.2))

CPU model: 13th Gen Intel(R) Core(TM) i7-13620H, instruction set [SSE2|AVX|AVX2]
Thread count: 10 physical cores, 16 logical processors, using up to 1 threads

Non-default parameters:
TimeLimit  30
SoftMemLimit  12
FeasibilityTol  1e-07
IntFeasTol  1e-07
MIPGap  0
OptimalityTol  1e-07
Method  1
NodeMethod  1
DualReductions  0
InfUnbdInfo  1
LogToConsole  0
NumericFocus  1
Seed  20260929
Threads  1

Optimize a model with 85 rows, 13 columns and 204 nonzeros (Min)
Model has 1 linear objective coefficients
Coefficient statistics:
  Matrix range     [5e-04, 1e+00]
  Objective range  [1e+00, 1e+00]
  Bounds range     [2e+01, 2e+01]
  RHS range        [4e-02, 2e+01]

LP warm-start: use basis

Iteration    Objective       Primal Inf.    Dual Inf.      Time
       0    0.0000000e+00   6.525000e+00   0.000000e+00      0s

Solved in 0 iterations and 0.00 seconds (0.00 work units)
Infeasible model

User-callback calls 38, time in user-callback 0.00 sec
Set parameter TimeLimit to value 30
Gurobi Optimizer version 13.0.2 build v13.0.2rc1 (win64 - Windows 11+.0 (26200.2))

CPU model: 13th Gen Intel(R) Core(TM) i7-13620H, instruction set [SSE2|AVX|AVX2]
Thread count: 10 physical cores, 16 logical processors, using up to 1 threads

Non-default parameters:
TimeLimit  30
SoftMemLimit  12
FeasibilityTol  1e-07
IntFeasTol  1e-07
MIPGap  0
OptimalityTol  1e-07
Method  1
NodeMethod  1
DualReductions  0
InfUnbdInfo  1
LogToConsole  0
NumericFocus  1
Seed  20260929
Threads  1

Optimize a model with 85 rows, 13 columns and 204 nonzeros (Min)
Model has 1 linear objective coefficients
Coefficient statistics:
  Matrix range     [5e-04, 1e+00]
  Objective range  [1e+00, 1e+00]
  Bounds range     [2e+01, 2e+01]
  RHS range        [4e-02, 2e+01]

LP warm-start: use basis

Iteration    Objective       Primal Inf.    Dual Inf.      Time
       0    0.0000000e+00   6.525000e+00   0.000000e+00      0s

Solved in 0 iterations and 0.00 seconds (0.00 work units)
Infeasible model

User-callback calls 38, time in user-callback 0.00 sec
Set parameter TimeLimit to value 30
Gurobi Optimizer version 13.0.2 build v13.0.2rc1 (win64 - Windows 11+.0 (26200.2))

CPU model: 13th Gen Intel(R) Core(TM) i7-13620H, instruction set [SSE2|AVX|AVX2]
Thread count: 10 physical cores, 16 logical processors, using up to 1 threads

Non-default parameters:
TimeLimit  30
SoftMemLimit  12
FeasibilityTol  1e-07
IntFeasTol  1e-07
MIPGap  0
OptimalityTol  1e-07
Method  1
NodeMethod  1
DualReductions  0
InfUnbdInfo  1
LogToConsole  0
NumericFocus  1
Seed  20260929
Threads  1

Optimize a model with 85 rows, 13 columns and 204 nonzeros (Min)
Model has 1 linear objective coefficients
Coefficient statistics:
  Matrix range     [5e-04, 1e+00]
  Objective range  [1e+00, 1e+00]
  Bounds range     [2e+01, 2e+01]
  RHS range        [4e-02, 2e+01]

LP warm-start: use basis

Iteration    Objective       Primal Inf.    Dual Inf.      Time
       0    0.0000000e+00   6.525000e+00   0.000000e+00      0s

Solved in 0 iterations and 0.00 seconds (0.00 work units)
Infeasible model

User-callback calls 38, time in user-callback 0.00 sec
Set parameter TimeLimit to value 30
Gurobi Optimizer version 13.0.2 build v13.0.2rc1 (win64 - Windows 11+.0 (26200.2))

CPU model: 13th Gen Intel(R) Core(TM) i7-13620H, instruction set [SSE2|AVX|AVX2]
Thread count: 10 physical cores, 16 logical processors, using up to 1 threads

Non-default parameters:
TimeLimit  30
SoftMemLimit  12
FeasibilityTol  1e-07
IntFeasTol  1e-07
MIPGap  0
OptimalityTol  1e-07
Method  1
NodeMethod  1
DualReductions  0
InfUnbdInfo  1
LogToConsole  0
NumericFocus  1
Seed  20260929
Threads  1

Optimize a model with 85 rows, 13 columns and 204 nonzeros (Min)
Model has 1 linear objective coefficients
Coefficient statistics:
  Matrix range     [5e-04, 1e+00]
  Objective range  [1e+00, 1e+00]
  Bounds range     [2e+01, 2e+01]
  RHS range        [4e-02, 2e+01]

LP warm-start: use basis

Iteration    Objective       Primal Inf.    Dual Inf.      Time
       0    0.0000000e+00   6.525000e+00   0.000000e+00      0s

Solved in 0 iterations and 0.00 seconds (0.00 work units)
Infeasible model

User-callback calls 38, time in user-callback 0.00 sec
Set parameter TimeLimit to value 30
Gurobi Optimizer version 13.0.2 build v13.0.2rc1 (win64 - Windows 11+.0 (26200.2))

CPU model: 13th Gen Intel(R) Core(TM) i7-13620H, instruction set [SSE2|AVX|AVX2]
Thread count: 10 physical cores, 16 logical processors, using up to 1 threads

Non-default parameters:
TimeLimit  30
SoftMemLimit  12
FeasibilityTol  1e-07
IntFeasTol  1e-07
MIPGap  0
OptimalityTol  1e-07
Method  1
NodeMethod  1
DualReductions  0
InfUnbdInfo  1
LogToConsole  0
NumericFocus  1
Seed  20260929
Threads  1

Optimize a model with 85 rows, 13 columns and 204 nonzeros (Min)
Model has 1 linear objective coefficients
Coefficient statistics:
  Matrix range     [5e-04, 1e+00]
  Objective range  [1e+00, 1e+00]
  Bounds range     [2e+01, 2e+01]
  RHS range        [4e-02, 2e+01]

LP warm-start: use basis

Iteration    Objective       Primal Inf.    Dual Inf.      Time
       0    0.0000000e+00   3.947859e+00   0.000000e+00      0s

Solved in 0 iterations and 0.00 seconds (0.00 work units)
Infeasible model

User-callback calls 38, time in user-callback 0.00 sec
Set parameter TimeLimit to value 30
Gurobi Optimizer version 13.0.2 build v13.0.2rc1 (win64 - Windows 11+.0 (26200.2))

CPU model: 13th Gen Intel(R) Core(TM) i7-13620H, instruction set [SSE2|AVX|AVX2]
Thread count: 10 physical cores, 16 logical processors, using up to 1 threads

Non-default parameters:
TimeLimit  30
SoftMemLimit  12
FeasibilityTol  1e-07
IntFeasTol  1e-07
MIPGap  0
OptimalityTol  1e-07
Method  1
NodeMethod  1
DualReductions  0
InfUnbdInfo  1
LogToConsole  0
NumericFocus  1
Seed  20260929
Threads  1

Optimize a model with 85 rows, 13 columns and 204 nonzeros (Min)
Model has 1 linear objective coefficients
Coefficient statistics:
  Matrix range     [5e-04, 1e+00]
  Objective range  [1e+00, 1e+00]
  Bounds range     [2e+01, 2e+01]
  RHS range        [4e-02, 2e+01]

LP warm-start: use basis

Iteration    Objective       Primal Inf.    Dual Inf.      Time
       0    0.0000000e+00   3.947859e+00   0.000000e+00      0s

Solved in 0 iterations and 0.00 seconds (0.00 work units)
Infeasible model

User-callback calls 38, time in user-callback 0.00 sec
Set parameter TimeLimit to value 30
Gurobi Optimizer version 13.0.2 build v13.0.2rc1 (win64 - Windows 11+.0 (26200.2))

CPU model: 13th Gen Intel(R) Core(TM) i7-13620H, instruction set [SSE2|AVX|AVX2]
Thread count: 10 physical cores, 16 logical processors, using up to 1 threads

Non-default parameters:
TimeLimit  30
SoftMemLimit  12
FeasibilityTol  1e-07
IntFeasTol  1e-07
MIPGap  0
OptimalityTol  1e-07
Method  1
NodeMethod  1
DualReductions  0
InfUnbdInfo  1
LogToConsole  0
NumericFocus  1
Seed  20260929
Threads  1

Optimize a model with 85 rows, 13 columns and 204 nonzeros (Min)
Model has 1 linear objective coefficients
Coefficient statistics:
  Matrix range     [5e-04, 1e+00]
  Objective range  [1e+00, 1e+00]
  Bounds range     [2e+01, 2e+01]
  RHS range        [4e-02, 2e+01]

LP warm-start: use basis

Iteration    Objective       Primal Inf.    Dual Inf.      Time
       0    0.0000000e+00   3.947859e+00   0.000000e+00      0s

Solved in 0 iterations and 0.00 seconds (0.00 work units)
Infeasible model

User-callback calls 38, time in user-callback 0.00 sec
Set parameter TimeLimit to value 30
Gurobi Optimizer version 13.0.2 build v13.0.2rc1 (win64 - Windows 11+.0 (26200.2))

CPU model: 13th Gen Intel(R) Core(TM) i7-13620H, instruction set [SSE2|AVX|AVX2]
Thread count: 10 physical cores, 16 logical processors, using up to 1 threads

Non-default parameters:
TimeLimit  30
SoftMemLimit  12
FeasibilityTol  1e-07
IntFeasTol  1e-07
MIPGap  0
OptimalityTol  1e-07
Method  1
NodeMethod  1
DualReductions  0
InfUnbdInfo  1
LogToConsole  0
NumericFocus  1
Seed  20260929
Threads  1

Optimize a model with 85 rows, 13 columns and 204 nonzeros (Min)
Model has 1 linear objective coefficients
Coefficient statistics:
  Matrix range     [5e-04, 1e+00]
  Objective range  [1e+00, 1e+00]
  Bounds range     [2e+01, 2e+01]
  RHS range        [4e-02, 2e+01]

LP warm-start: use basis

Iteration    Objective       Primal Inf.    Dual Inf.      Time
       0    0.0000000e+00   3.947859e+00   0.000000e+00      0s

Solved in 0 iterations and 0.00 seconds (0.00 work units)
Infeasible model

User-callback calls 38, time in user-callback 0.00 sec
Set parameter TimeLimit to value 30
Gurobi Optimizer version 13.0.2 build v13.0.2rc1 (win64 - Windows 11+.0 (26200.2))

CPU model: 13th Gen Intel(R) Core(TM) i7-13620H, instruction set [SSE2|AVX|AVX2]
Thread count: 10 physical cores, 16 logical processors, using up to 1 threads

Non-default parameters:
TimeLimit  30
SoftMemLimit  12
FeasibilityTol  1e-07
IntFeasTol  1e-07
MIPGap  0
OptimalityTol  1e-07
Method  1
NodeMethod  1
DualReductions  0
InfUnbdInfo  1
LogToConsole  0
NumericFocus  1
Seed  20260929
Threads  1

Optimize a model with 85 rows, 13 columns and 204 nonzeros (Min)
Model has 1 linear objective coefficients
Coefficient statistics:
  Matrix range     [5e-04, 1e+00]
  Objective range  [1e+00, 1e+00]
  Bounds range     [2e+01, 2e+01]
  RHS range        [4e-02, 2e+01]

LP warm-start: use basis

Iteration    Objective       Primal Inf.    Dual Inf.      Time
       0    0.0000000e+00   2.447859e+00   0.000000e+00      0s

Solved in 6 iterations and 0.00 seconds (0.00 work units)
Infeasible model

User-callback calls 45, time in user-callback 0.00 sec
Set parameter TimeLimit to value 30
Gurobi Optimizer version 13.0.2 build v13.0.2rc1 (win64 - Windows 11+.0 (26200.2))

CPU model: 13th Gen Intel(R) Core(TM) i7-13620H, instruction set [SSE2|AVX|AVX2]
Thread count: 10 physical cores, 16 logical processors, using up to 1 threads

Non-default parameters:
TimeLimit  30
SoftMemLimit  12
FeasibilityTol  1e-07
IntFeasTol  1e-07
MIPGap  0
OptimalityTol  1e-07
Method  1
NodeMethod  1
DualReductions  0
InfUnbdInfo  1
LogToConsole  0
NumericFocus  1
Seed  20260929
Threads  1

Optimize a model with 85 rows, 13 columns and 204 nonzeros (Min)
Model has 1 linear objective coefficients
Coefficient statistics:
  Matrix range     [5e-04, 1e+00]
  Objective range  [1e+00, 1e+00]
  Bounds range     [2e+01, 2e+01]
  RHS range        [4e-02, 2e+01]

LP warm-start: use basis

Iteration    Objective       Primal Inf.    Dual Inf.      Time
       0    1.0144000e+00   6.579411e+00   0.000000e+00      0s

Solved in 2 iterations and 0.00 seconds (0.00 work units)
Infeasible model

User-callback calls 41, time in user-callback 0.00 sec
Set parameter TimeLimit to value 30
Gurobi Optimizer version 13.0.2 build v13.0.2rc1 (win64 - Windows 11+.0 (26200.2))

CPU model: 13th Gen Intel(R) Core(TM) i7-13620H, instruction set [SSE2|AVX|AVX2]
Thread count: 10 physical cores, 16 logical processors, using up to 1 threads

Non-default parameters:
TimeLimit  30
SoftMemLimit  12
FeasibilityTol  1e-07
IntFeasTol  1e-07
MIPGap  0
OptimalityTol  1e-07
Method  1
NodeMethod  1
DualReductions  0
InfUnbdInfo  1
LogToConsole  0
NumericFocus  1
Seed  20260929
Threads  1

Optimize a model with 85 rows, 13 columns and 204 nonzeros (Min)
Model has 1 linear objective coefficients
Coefficient statistics:
  Matrix range     [5e-04, 1e+00]
  Objective range  [1e+00, 1e+00]
  Bounds range     [2e+01, 2e+01]
  RHS range        [4e-02, 2e+01]

LP warm-start: use basis

Iteration    Objective       Primal Inf.    Dual Inf.      Time
       0    1.1138514e+00   1.911832e+01   0.000000e+00      0s

Solved in 0 iterations and 0.00 seconds (0.00 work units)
Infeasible model

User-callback calls 38, time in user-callback 0.00 sec
Set parameter TimeLimit to value 30
Gurobi Optimizer version 13.0.2 build v13.0.2rc1 (win64 - Windows 11+.0 (26200.2))

CPU model: 13th Gen Intel(R) Core(TM) i7-13620H, instruction set [SSE2|AVX|AVX2]
Thread count: 10 physical cores, 16 logical processors, using up to 1 threads

Non-default parameters:
TimeLimit  30
SoftMemLimit  12
FeasibilityTol  1e-07
IntFeasTol  1e-07
MIPGap  0
OptimalityTol  1e-07
Method  1
NodeMethod  1
DualReductions  0
InfUnbdInfo  1
LogToConsole  0
NumericFocus  1
Seed  20260929
Threads  1

Optimize a model with 85 rows, 13 columns and 204 nonzeros (Min)
Model has 1 linear objective coefficients
Coefficient statistics:
  Matrix range     [5e-04, 1e+00]
  Objective range  [1e+00, 1e+00]
  Bounds range     [2e+01, 2e+01]
  RHS range        [4e-02, 2e+01]

LP warm-start: use basis

Iteration    Objective       Primal Inf.    Dual Inf.      Time
       0    1.1138514e+00   1.752016e+01   0.000000e+00      0s

Solved in 0 iterations and 0.00 seconds (0.00 work units)
Infeasible model

User-callback calls 38, time in user-callback 0.00 sec
Set parameter TimeLimit to value 30
Gurobi Optimizer version 13.0.2 build v13.0.2rc1 (win64 - Windows 11+.0 (26200.2))

CPU model: 13th Gen Intel(R) Core(TM) i7-13620H, instruction set [SSE2|AVX|AVX2]
Thread count: 10 physical cores, 16 logical processors, using up to 1 threads

Non-default parameters:
TimeLimit  30
SoftMemLimit  12
FeasibilityTol  1e-07
IntFeasTol  1e-07
MIPGap  0
OptimalityTol  1e-07
Method  1
NodeMethod  1
DualReductions  0
InfUnbdInfo  1
LogToConsole  0
NumericFocus  1
Seed  20260929
Threads  1

Optimize a model with 85 rows, 13 columns and 204 nonzeros (Min)
Model has 1 linear objective coefficients
Coefficient statistics:
  Matrix range     [5e-04, 1e+00]
  Objective range  [1e+00, 1e+00]
  Bounds range     [2e+01, 2e+01]
  RHS range        [4e-02, 2e+01]

LP warm-start: use basis

Iteration    Objective       Primal Inf.    Dual Inf.      Time
       0    9.4496251e-01   1.029599e+01   0.000000e+00      0s

Solved in 1 iterations and 0.00 seconds (0.00 work units)
Infeasible model

User-callback calls 40, time in user-callback 0.00 sec
Set parameter TimeLimit to value 30
Gurobi Optimizer version 13.0.2 build v13.0.2rc1 (win64 - Windows 11+.0 (26200.2))

CPU model: 13th Gen Intel(R) Core(TM) i7-13620H, instruction set [SSE2|AVX|AVX2]
Thread count: 10 physical cores, 16 logical processors, using up to 1 threads

Non-default parameters:
TimeLimit  30
SoftMemLimit  12
FeasibilityTol  1e-07
IntFeasTol  1e-07
MIPGap  0
OptimalityTol  1e-07
Method  1
NodeMethod  1
DualReductions  0
InfUnbdInfo  1
LogToConsole  0
NumericFocus  1
Seed  20260929
Threads  1

Optimize a model with 85 rows, 13 columns and 204 nonzeros (Min)
Model has 1 linear objective coefficients
Coefficient statistics:
  Matrix range     [5e-04, 1e+00]
  Objective range  [1e+00, 1e+00]
  Bounds range     [2e+01, 2e+01]
  RHS range        [4e-02, 2e+01]

LP warm-start: use basis

Iteration    Objective       Primal Inf.    Dual Inf.      Time
       0    8.4888889e-01   2.734503e+01   0.000000e+00      0s

Solved in 3 iterations and 0.00 seconds (0.00 work units)
Infeasible model

User-callback calls 42, time in user-callback 0.00 sec
Set parameter TimeLimit to value 30
Gurobi Optimizer version 13.0.2 build v13.0.2rc1 (win64 - Windows 11+.0 (26200.2))

CPU model: 13th Gen Intel(R) Core(TM) i7-13620H, instruction set [SSE2|AVX|AVX2]
Thread count: 10 physical cores, 16 logical processors, using up to 1 threads

Non-default parameters:
TimeLimit  30
SoftMemLimit  12
FeasibilityTol  1e-07
IntFeasTol  1e-07
MIPGap  0
OptimalityTol  1e-07
Method  1
NodeMethod  1
DualReductions  0
InfUnbdInfo  1
LogToConsole  0
NumericFocus  1
Seed  20260929
Threads  1

Optimize a model with 85 rows, 13 columns and 204 nonzeros (Min)
Model has 1 linear objective coefficients
Coefficient statistics:
  Matrix range     [5e-04, 1e+00]
  Objective range  [1e+00, 1e+00]
  Bounds range     [2e+01, 2e+01]
  RHS range        [4e-02, 2e+01]

LP warm-start: use basis

Iteration    Objective       Primal Inf.    Dual Inf.      Time
       0    1.0000000e+00   2.490811e-01   0.000000e+00      0s

Solved in 2 iterations and 0.00 seconds (0.00 work units)
Infeasible model

User-callback calls 41, time in user-callback 0.00 sec
Set parameter TimeLimit to value 30
Gurobi Optimizer version 13.0.2 build v13.0.2rc1 (win64 - Windows 11+.0 (26200.2))

CPU model: 13th Gen Intel(R) Core(TM) i7-13620H, instruction set [SSE2|AVX|AVX2]
Thread count: 10 physical cores, 16 logical processors, using up to 1 threads

Non-default parameters:
TimeLimit  30
SoftMemLimit  12
FeasibilityTol  1e-07
IntFeasTol  1e-07
MIPGap  0
OptimalityTol  1e-07
Method  1
NodeMethod  1
DualReductions  0
InfUnbdInfo  1
LogToConsole  0
NumericFocus  1
Seed  20260929
Threads  1

Optimize a model with 85 rows, 13 columns and 204 nonzeros (Min)
Model has 1 linear objective coefficients
Coefficient statistics:
  Matrix range     [5e-04, 1e+00]
  Objective range  [1e+00, 1e+00]
  Bounds range     [2e+01, 2e+01]
  RHS range        [4e-02, 2e+01]

LP warm-start: use basis

Iteration    Objective       Primal Inf.    Dual Inf.      Time
       0    8.7760000e-01   2.605003e+01   0.000000e+00      0s

Solved in 2 iterations and 0.00 seconds (0.00 work units)
Infeasible model

User-callback calls 41, time in user-callback 0.00 sec
Set parameter TimeLimit to value 30
Gurobi Optimizer version 13.0.2 build v13.0.2rc1 (win64 - Windows 11+.0 (26200.2))

CPU model: 13th Gen Intel(R) Core(TM) i7-13620H, instruction set [SSE2|AVX|AVX2]
Thread count: 10 physical cores, 16 logical processors, using up to 1 threads

Non-default parameters:
TimeLimit  30
SoftMemLimit  12
FeasibilityTol  1e-07
IntFeasTol  1e-07
MIPGap  0
OptimalityTol  1e-07
Method  1
NodeMethod  1
DualReductions  0
InfUnbdInfo  1
LogToConsole  0
NumericFocus  1
Seed  20260929
Threads  1

Optimize a model with 85 rows, 13 columns and 204 nonzeros (Min)
Model has 1 linear objective coefficients
Coefficient statistics:
  Matrix range     [5e-04, 1e+00]
  Objective range  [1e+00, 1e+00]
  Bounds range     [2e+01, 2e+01]
  RHS range        [4e-02, 2e+01]

LP warm-start: use basis

Iteration    Objective       Primal Inf.    Dual Inf.      Time
       0    1.0000000e+00   1.445975e+01   0.000000e+00      0s

Solved in 2 iterations and 0.00 seconds (0.00 work units)
Infeasible model

User-callback calls 41, time in user-callback 0.00 sec
Set parameter TimeLimit to value 30
Gurobi Optimizer version 13.0.2 build v13.0.2rc1 (win64 - Windows 11+.0 (26200.2))

CPU model: 13th Gen Intel(R) Core(TM) i7-13620H, instruction set [SSE2|AVX|AVX2]
Thread count: 10 physical cores, 16 logical processors, using up to 1 threads

Non-default parameters:
TimeLimit  30
SoftMemLimit  12
FeasibilityTol  1e-07
IntFeasTol  1e-07
MIPGap  0
OptimalityTol  1e-07
Method  1
NodeMethod  1
DualReductions  0
InfUnbdInfo  1
LogToConsole  0
NumericFocus  1
Seed  20260929
Threads  1

Optimize a model with 85 rows, 13 columns and 204 nonzeros (Min)
Model has 1 linear objective coefficients
Coefficient statistics:
  Matrix range     [5e-04, 1e+00]
  Objective range  [1e+00, 1e+00]
  Bounds range     [2e+01, 2e+01]
  RHS range        [4e-02, 2e+01]

LP warm-start: use basis

Iteration    Objective       Primal Inf.    Dual Inf.      Time
       0    1.0216000e+00   9.657132e+00   0.000000e+00      0s

Solved in 2 iterations and 0.00 seconds (0.00 work units)
Infeasible model

User-callback calls 41, time in user-callback 0.00 sec
Set parameter TimeLimit to value 30
Gurobi Optimizer version 13.0.2 build v13.0.2rc1 (win64 - Windows 11+.0 (26200.2))

CPU model: 13th Gen Intel(R) Core(TM) i7-13620H, instruction set [SSE2|AVX|AVX2]
Thread count: 10 physical cores, 16 logical processors, using up to 1 threads

Non-default parameters:
TimeLimit  30
SoftMemLimit  12
FeasibilityTol  1e-07
IntFeasTol  1e-07
MIPGap  0
OptimalityTol  1e-07
Method  1
NodeMethod  1
DualReductions  0
InfUnbdInfo  1
LogToConsole  0
NumericFocus  1
Seed  20260929
Threads  1

Optimize a model with 85 rows, 13 columns and 204 nonzeros (Min)
Model has 1 linear objective coefficients
Coefficient statistics:
  Matrix range     [5e-04, 1e+00]
  Objective range  [1e+00, 1e+00]
  Bounds range     [2e+01, 2e+01]
  RHS range        [4e-02, 2e+01]

LP warm-start: use basis

Iteration    Objective       Primal Inf.    Dual Inf.      Time
       0    1.1227403e+00   2.245773e+01   0.000000e+00      0s

Solved in 0 iterations and 0.00 seconds (0.00 work units)
Infeasible model

User-callback calls 38, time in user-callback 0.00 sec
Set parameter TimeLimit to value 30
Gurobi Optimizer version 13.0.2 build v13.0.2rc1 (win64 - Windows 11+.0 (26200.2))

CPU model: 13th Gen Intel(R) Core(TM) i7-13620H, instruction set [SSE2|AVX|AVX2]
Thread count: 10 physical cores, 16 logical processors, using up to 1 threads

Non-default parameters:
TimeLimit  30
SoftMemLimit  12
FeasibilityTol  1e-07
IntFeasTol  1e-07
MIPGap  0
OptimalityTol  1e-07
Method  1
NodeMethod  1
DualReductions  0
InfUnbdInfo  1
LogToConsole  0
NumericFocus  1
Seed  20260929
Threads  1

Optimize a model with 85 rows, 13 columns and 204 nonzeros (Min)
Model has 1 linear objective coefficients
Coefficient statistics:
  Matrix range     [5e-04, 1e+00]
  Objective range  [1e+00, 1e+00]
  Bounds range     [2e+01, 2e+01]
  RHS range        [4e-02, 2e+01]

LP warm-start: use basis

Iteration    Objective       Primal Inf.    Dual Inf.      Time
       0    1.1227403e+00   2.085957e+01   0.000000e+00      0s

Solved in 0 iterations and 0.00 seconds (0.00 work units)
Infeasible model

User-callback calls 38, time in user-callback 0.00 sec
Set parameter TimeLimit to value 30
Gurobi Optimizer version 13.0.2 build v13.0.2rc1 (win64 - Windows 11+.0 (26200.2))

CPU model: 13th Gen Intel(R) Core(TM) i7-13620H, instruction set [SSE2|AVX|AVX2]
Thread count: 10 physical cores, 16 logical processors, using up to 1 threads

Non-default parameters:
TimeLimit  30
SoftMemLimit  12
FeasibilityTol  1e-07
IntFeasTol  1e-07
MIPGap  0
OptimalityTol  1e-07
Method  1
NodeMethod  1
DualReductions  0
InfUnbdInfo  1
LogToConsole  0
NumericFocus  1
Seed  20260929
Threads  1

Optimize a model with 85 rows, 13 columns and 204 nonzeros (Min)
Model has 1 linear objective coefficients
Coefficient statistics:
  Matrix range     [5e-04, 1e+00]
  Objective range  [1e+00, 1e+00]
  Bounds range     [2e+01, 2e+01]
  RHS range        [4e-02, 2e+01]

LP warm-start: use basis

Iteration    Objective       Primal Inf.    Dual Inf.      Time
       0    8.4000000e-01   3.500301e+01   0.000000e+00      0s

Solved in 3 iterations and 0.00 seconds (0.00 work units)
Infeasible model

User-callback calls 42, time in user-callback 0.00 sec
Set parameter TimeLimit to value 30
Gurobi Optimizer version 13.0.2 build v13.0.2rc1 (win64 - Windows 11+.0 (26200.2))

CPU model: 13th Gen Intel(R) Core(TM) i7-13620H, instruction set [SSE2|AVX|AVX2]
Thread count: 10 physical cores, 16 logical processors, using up to 1 threads

Non-default parameters:
TimeLimit  30
SoftMemLimit  12
FeasibilityTol  1e-07
IntFeasTol  1e-07
MIPGap  0
OptimalityTol  1e-07
Method  1
NodeMethod  1
DualReductions  0
InfUnbdInfo  1
LogToConsole  0
NumericFocus  1
Seed  20260929
Threads  1

Optimize a model with 85 rows, 13 columns and 204 nonzeros (Min)
Model has 1 linear objective coefficients
Coefficient statistics:
  Matrix range     [5e-04, 1e+00]
  Objective range  [1e+00, 1e+00]
  Bounds range     [2e+01, 2e+01]
  RHS range        [4e-02, 2e+01]

LP warm-start: use basis

Iteration    Objective       Primal Inf.    Dual Inf.      Time
       0    1.0000000e+00   3.068301e+01   0.000000e+00      0s

Solved in 1 iterations and 0.00 seconds (0.00 work units)
Infeasible model

User-callback calls 40, time in user-callback 0.00 sec
Set parameter TimeLimit to value 30
Gurobi Optimizer version 13.0.2 build v13.0.2rc1 (win64 - Windows 11+.0 (26200.2))

CPU model: 13th Gen Intel(R) Core(TM) i7-13620H, instruction set [SSE2|AVX|AVX2]
Thread count: 10 physical cores, 16 logical processors, using up to 1 threads

Non-default parameters:
TimeLimit  30
SoftMemLimit  12
FeasibilityTol  1e-07
IntFeasTol  1e-07
MIPGap  0
OptimalityTol  1e-07
Method  1
NodeMethod  1
DualReductions  0
InfUnbdInfo  1
LogToConsole  0
NumericFocus  1
Seed  20260929
Threads  1

Optimize a model with 85 rows, 13 columns and 204 nonzeros (Min)
Model has 1 linear objective coefficients
Coefficient statistics:
  Matrix range     [5e-04, 1e+00]
  Objective range  [1e+00, 1e+00]
  Bounds range     [2e+01, 2e+01]
  RHS range        [4e-02, 2e+01]

LP warm-start: use basis

Iteration    Objective       Primal Inf.    Dual Inf.      Time
       0    1.0000000e+00   2.156859e+00   0.000000e+00      0s

Solved in 0 iterations and 0.00 seconds (0.00 work units)
Infeasible model

User-callback calls 38, time in user-callback 0.00 sec
Set parameter TimeLimit to value 30
Gurobi Optimizer version 13.0.2 build v13.0.2rc1 (win64 - Windows 11+.0 (26200.2))

CPU model: 13th Gen Intel(R) Core(TM) i7-13620H, instruction set [SSE2|AVX|AVX2]
Thread count: 10 physical cores, 16 logical processors, using up to 1 threads

Non-default parameters:
TimeLimit  30
SoftMemLimit  12
FeasibilityTol  1e-07
IntFeasTol  1e-07
MIPGap  0
OptimalityTol  1e-07
Method  1
NodeMethod  1
DualReductions  0
InfUnbdInfo  1
LogToConsole  0
NumericFocus  1
Seed  20260929
Threads  1

Optimize a model with 85 rows, 13 columns and 204 nonzeros (Min)
Model has 1 linear objective coefficients
Coefficient statistics:
  Matrix range     [5e-04, 1e+00]
  Objective range  [1e+00, 1e+00]
  Bounds range     [2e+01, 2e+01]
  RHS range        [4e-02, 2e+01]

LP warm-start: use basis

Iteration    Objective       Primal Inf.    Dual Inf.      Time
       0    1.0000000e+00   2.156859e+00   0.000000e+00      0s

Solved in 0 iterations and 0.00 seconds (0.00 work units)
Infeasible model

User-callback calls 38, time in user-callback 0.00 sec
Set parameter TimeLimit to value 30
Gurobi Optimizer version 13.0.2 build v13.0.2rc1 (win64 - Windows 11+.0 (26200.2))

CPU model: 13th Gen Intel(R) Core(TM) i7-13620H, instruction set [SSE2|AVX|AVX2]
Thread count: 10 physical cores, 16 logical processors, using up to 1 threads

Non-default parameters:
TimeLimit  30
SoftMemLimit  12
FeasibilityTol  1e-07
IntFeasTol  1e-07
MIPGap  0
OptimalityTol  1e-07
Method  1
NodeMethod  1
DualReductions  0
InfUnbdInfo  1
LogToConsole  0
NumericFocus  1
Seed  20260929
Threads  1

Optimize a model with 85 rows, 13 columns and 204 nonzeros (Min)
Model has 1 linear objective coefficients
Coefficient statistics:
  Matrix range     [5e-04, 1e+00]
  Objective range  [1e+00, 1e+00]
  Bounds range     [2e+01, 2e+01]
  RHS range        [4e-02, 2e+01]

LP warm-start: use basis

Iteration    Objective       Primal Inf.    Dual Inf.      Time
       0    1.0000000e+00   1.342417e+01   0.000000e+00      0s

Solved in 3 iterations and 0.00 seconds (0.00 work units)
Infeasible model

User-callback calls 42, time in user-callback 0.00 sec
Set parameter TimeLimit to value 30
Gurobi Optimizer version 13.0.2 build v13.0.2rc1 (win64 - Windows 11+.0 (26200.2))

CPU model: 13th Gen Intel(R) Core(TM) i7-13620H, instruction set [SSE2|AVX|AVX2]
Thread count: 10 physical cores, 16 logical processors, using up to 1 threads

Non-default parameters:
TimeLimit  30
SoftMemLimit  12
FeasibilityTol  1e-07
IntFeasTol  1e-07
MIPGap  0
OptimalityTol  1e-07
Method  1
NodeMethod  1
DualReductions  0
InfUnbdInfo  1
LogToConsole  0
NumericFocus  1
Seed  20260929
Threads  1

Optimize a model with 85 rows, 13 columns and 204 nonzeros (Min)
Model has 1 linear objective coefficients
Coefficient statistics:
  Matrix range     [5e-04, 1e+00]
  Objective range  [1e+00, 1e+00]
  Bounds range     [2e+01, 2e+01]
  RHS range        [4e-02, 2e+01]

LP warm-start: use basis

Iteration    Objective       Primal Inf.    Dual Inf.      Time
       0    1.0177778e+00   9.839137e+00   0.000000e+00      0s

Solved in 1 iterations and 0.00 seconds (0.00 work units)
Infeasible model

User-callback calls 40, time in user-callback 0.00 sec
Set parameter TimeLimit to value 30
Gurobi Optimizer version 13.0.2 build v13.0.2rc1 (win64 - Windows 11+.0 (26200.2))

CPU model: 13th Gen Intel(R) Core(TM) i7-13620H, instruction set [SSE2|AVX|AVX2]
Thread count: 10 physical cores, 16 logical processors, using up to 1 threads

Non-default parameters:
TimeLimit  30
SoftMemLimit  12
FeasibilityTol  1e-07
IntFeasTol  1e-07
MIPGap  0
OptimalityTol  1e-07
Method  1
NodeMethod  1
DualReductions  0
InfUnbdInfo  1
LogToConsole  0
NumericFocus  1
Seed  20260929
Threads  1

Optimize a model with 85 rows, 13 columns and 204 nonzeros (Min)
Model has 1 linear objective coefficients
Coefficient statistics:
  Matrix range     [5e-04, 1e+00]
  Objective range  [1e+00, 1e+00]
  Bounds range     [2e+01, 2e+01]
  RHS range        [4e-02, 2e+01]

LP warm-start: use basis

Iteration    Objective       Primal Inf.    Dual Inf.      Time
       0    1.1777778e+00   3.680378e+01   0.000000e+00      0s

Solved in 0 iterations and 0.00 seconds (0.00 work units)
Infeasible model

User-callback calls 38, time in user-callback 0.00 sec
Set parameter TimeLimit to value 30
Gurobi Optimizer version 13.0.2 build v13.0.2rc1 (win64 - Windows 11+.0 (26200.2))

CPU model: 13th Gen Intel(R) Core(TM) i7-13620H, instruction set [SSE2|AVX|AVX2]
Thread count: 10 physical cores, 16 logical processors, using up to 1 threads

Non-default parameters:
TimeLimit  30
SoftMemLimit  12
FeasibilityTol  1e-07
IntFeasTol  1e-07
MIPGap  0
OptimalityTol  1e-07
Method  1
NodeMethod  1
DualReductions  0
InfUnbdInfo  1
LogToConsole  0
NumericFocus  1
Seed  20260929
Threads  1

Optimize a model with 85 rows, 13 columns and 204 nonzeros (Min)
Model has 1 linear objective coefficients
Coefficient statistics:
  Matrix range     [5e-04, 1e+00]
  Objective range  [1e+00, 1e+00]
  Bounds range     [2e+01, 2e+01]
  RHS range        [4e-02, 2e+01]

LP warm-start: use basis

Iteration    Objective       Primal Inf.    Dual Inf.      Time
       0    1.0177778e+00   5.293694e+00   0.000000e+00      0s

Solved in 0 iterations and 0.00 seconds (0.00 work units)
Infeasible model

User-callback calls 38, time in user-callback 0.00 sec
Set parameter TimeLimit to value 30
Gurobi Optimizer version 13.0.2 build v13.0.2rc1 (win64 - Windows 11+.0 (26200.2))

CPU model: 13th Gen Intel(R) Core(TM) i7-13620H, instruction set [SSE2|AVX|AVX2]
Thread count: 10 physical cores, 16 logical processors, using up to 1 threads

Non-default parameters:
TimeLimit  30
SoftMemLimit  12
FeasibilityTol  1e-07
IntFeasTol  1e-07
MIPGap  0
OptimalityTol  1e-07
Method  1
NodeMethod  1
DualReductions  0
InfUnbdInfo  1
LogToConsole  0
NumericFocus  1
Seed  20260929
Threads  1

Optimize a model with 85 rows, 13 columns and 204 nonzeros (Min)
Model has 1 linear objective coefficients
Coefficient statistics:
  Matrix range     [5e-04, 1e+00]
  Objective range  [1e+00, 1e+00]
  Bounds range     [2e+01, 2e+01]
  RHS range        [4e-02, 2e+01]

LP warm-start: use basis

Iteration    Objective       Primal Inf.    Dual Inf.      Time
       0    1.0088889e+00   1.079042e+01   0.000000e+00      0s

Solved in 1 iterations and 0.00 seconds (0.00 work units)
Infeasible model

User-callback calls 40, time in user-callback 0.00 sec
Set parameter TimeLimit to value 30
Gurobi Optimizer version 13.0.2 build v13.0.2rc1 (win64 - Windows 11+.0 (26200.2))

CPU model: 13th Gen Intel(R) Core(TM) i7-13620H, instruction set [SSE2|AVX|AVX2]
Thread count: 10 physical cores, 16 logical processors, using up to 1 threads

Non-default parameters:
TimeLimit  30
SoftMemLimit  12
FeasibilityTol  1e-07
IntFeasTol  1e-07
MIPGap  0
OptimalityTol  1e-07
Method  1
NodeMethod  1
DualReductions  0
InfUnbdInfo  1
LogToConsole  0
NumericFocus  1
Seed  20260929
Threads  1

Optimize a model with 85 rows, 13 columns and 204 nonzeros (Min)
Model has 1 linear objective coefficients
Coefficient statistics:
  Matrix range     [5e-04, 1e+00]
  Objective range  [1e+00, 1e+00]
  Bounds range     [2e+01, 2e+01]
  RHS range        [4e-02, 2e+01]

LP warm-start: use basis

Iteration    Objective       Primal Inf.    Dual Inf.      Time
       0    8.4888889e-01   2.942155e+01   0.000000e+00      0s

Solved in 4 iterations and 0.00 seconds (0.00 work units)
Infeasible model

User-callback calls 43, time in user-callback 0.00 sec
Set parameter TimeLimit to value 30
Gurobi Optimizer version 13.0.2 build v13.0.2rc1 (win64 - Windows 11+.0 (26200.2))

CPU model: 13th Gen Intel(R) Core(TM) i7-13620H, instruction set [SSE2|AVX|AVX2]
Thread count: 10 physical cores, 16 logical processors, using up to 1 threads

Non-default parameters:
TimeLimit  30
SoftMemLimit  12
FeasibilityTol  1e-07
IntFeasTol  1e-07
MIPGap  0
OptimalityTol  1e-07
Method  1
NodeMethod  1
DualReductions  0
InfUnbdInfo  1
LogToConsole  0
NumericFocus  1
Seed  20260929
Threads  1

Optimize a model with 85 rows, 13 columns and 204 nonzeros (Min)
Model has 1 linear objective coefficients
Coefficient statistics:
  Matrix range     [5e-04, 1e+00]
  Objective range  [1e+00, 1e+00]
  Bounds range     [2e+01, 2e+01]
  RHS range        [4e-02, 2e+01]

LP warm-start: use basis

Iteration    Objective       Primal Inf.    Dual Inf.      Time
       0    1.0000000e+00   2.309574e+00   0.000000e+00      0s

Solved in 0 iterations and 0.00 seconds (0.00 work units)
Infeasible model

User-callback calls 38, time in user-callback 0.00 sec
Set parameter TimeLimit to value 30
Gurobi Optimizer version 13.0.2 build v13.0.2rc1 (win64 - Windows 11+.0 (26200.2))

CPU model: 13th Gen Intel(R) Core(TM) i7-13620H, instruction set [SSE2|AVX|AVX2]
Thread count: 10 physical cores, 16 logical processors, using up to 1 threads

Non-default parameters:
TimeLimit  30
SoftMemLimit  12
FeasibilityTol  1e-07
IntFeasTol  1e-07
MIPGap  0
OptimalityTol  1e-07
Method  1
NodeMethod  1
DualReductions  0
InfUnbdInfo  1
LogToConsole  0
NumericFocus  1
Seed  20260929
Threads  1

Optimize a model with 85 rows, 13 columns and 204 nonzeros (Min)
Model has 1 linear objective coefficients
Coefficient statistics:
  Matrix range     [5e-04, 1e+00]
  Objective range  [1e+00, 1e+00]
  Bounds range     [2e+01, 2e+01]
  RHS range        [4e-02, 2e+01]

LP warm-start: use basis

Iteration    Objective       Primal Inf.    Dual Inf.      Time
       0    1.0000000e+00   2.087352e+00   0.000000e+00      0s

Solved in 0 iterations and 0.00 seconds (0.00 work units)
Infeasible model

User-callback calls 38, time in user-callback 0.00 sec
Set parameter TimeLimit to value 30
Gurobi Optimizer version 13.0.2 build v13.0.2rc1 (win64 - Windows 11+.0 (26200.2))

CPU model: 13th Gen Intel(R) Core(TM) i7-13620H, instruction set [SSE2|AVX|AVX2]
Thread count: 10 physical cores, 16 logical processors, using up to 1 threads

Non-default parameters:
TimeLimit  30
SoftMemLimit  12
FeasibilityTol  1e-07
IntFeasTol  1e-07
MIPGap  0
OptimalityTol  1e-07
Method  1
NodeMethod  1
DualReductions  0
InfUnbdInfo  1
LogToConsole  0
NumericFocus  1
Seed  20260929
Threads  1

Optimize a model with 85 rows, 13 columns and 204 nonzeros (Min)
Model has 1 linear objective coefficients
Coefficient statistics:
  Matrix range     [5e-04, 1e+00]
  Objective range  [1e+00, 1e+00]
  Bounds range     [2e+01, 2e+01]
  RHS range        [4e-02, 2e+01]

LP warm-start: use basis

Iteration    Objective       Primal Inf.    Dual Inf.      Time
       0    1.0000000e+00   1.653627e+01   0.000000e+00      0s

Solved in 3 iterations and 0.00 seconds (0.00 work units)
Infeasible model

User-callback calls 42, time in user-callback 0.00 sec
Set parameter TimeLimit to value 30
Gurobi Optimizer version 13.0.2 build v13.0.2rc1 (win64 - Windows 11+.0 (26200.2))

CPU model: 13th Gen Intel(R) Core(TM) i7-13620H, instruction set [SSE2|AVX|AVX2]
Thread count: 10 physical cores, 16 logical processors, using up to 1 threads

Non-default parameters:
TimeLimit  30
SoftMemLimit  12
FeasibilityTol  1e-07
IntFeasTol  1e-07
MIPGap  0
OptimalityTol  1e-07
Method  1
NodeMethod  1
DualReductions  0
InfUnbdInfo  1
LogToConsole  0
NumericFocus  1
Seed  20260929
Threads  1

Optimize a model with 85 rows, 13 columns and 204 nonzeros (Min)
Model has 1 linear objective coefficients
Coefficient statistics:
  Matrix range     [5e-04, 1e+00]
  Objective range  [1e+00, 1e+00]
  Bounds range     [2e+01, 2e+01]
  RHS range        [4e-02, 2e+01]

LP warm-start: use basis

Iteration    Objective       Primal Inf.    Dual Inf.      Time
       0    1.0216000e+00   1.173365e+01   0.000000e+00      0s

Solved in 0 iterations and 0.00 seconds (0.00 work units)
Infeasible model

User-callback calls 38, time in user-callback 0.00 sec
Set parameter TimeLimit to value 30
Gurobi Optimizer version 13.0.2 build v13.0.2rc1 (win64 - Windows 11+.0 (26200.2))

CPU model: 13th Gen Intel(R) Core(TM) i7-13620H, instruction set [SSE2|AVX|AVX2]
Thread count: 10 physical cores, 16 logical processors, using up to 1 threads

Non-default parameters:
TimeLimit  30
SoftMemLimit  12
FeasibilityTol  1e-07
IntFeasTol  1e-07
MIPGap  0
OptimalityTol  1e-07
Method  1
NodeMethod  1
DualReductions  0
InfUnbdInfo  1
LogToConsole  0
NumericFocus  1
Seed  20260929
Threads  1

Optimize a model with 85 rows, 13 columns and 204 nonzeros (Min)
Model has 1 linear objective coefficients
Coefficient statistics:
  Matrix range     [5e-04, 1e+00]
  Objective range  [1e+00, 1e+00]
  Bounds range     [2e+01, 2e+01]
  RHS range        [4e-02, 2e+01]

LP warm-start: use basis

Iteration    Objective       Primal Inf.    Dual Inf.      Time
       0    1.1512000e+00   2.678334e+01   0.000000e+00      0s

Solved in 0 iterations and 0.00 seconds (0.00 work units)
Infeasible model

User-callback calls 38, time in user-callback 0.00 sec
Set parameter TimeLimit to value 30
Gurobi Optimizer version 13.0.2 build v13.0.2rc1 (win64 - Windows 11+.0 (26200.2))

CPU model: 13th Gen Intel(R) Core(TM) i7-13620H, instruction set [SSE2|AVX|AVX2]
Thread count: 10 physical cores, 16 logical processors, using up to 1 threads

Non-default parameters:
TimeLimit  30
SoftMemLimit  12
FeasibilityTol  1e-07
IntFeasTol  1e-07
MIPGap  0
OptimalityTol  1e-07
Method  1
NodeMethod  1
DualReductions  0
InfUnbdInfo  1
LogToConsole  0
NumericFocus  1
Seed  20260929
Threads  1

Optimize a model with 85 rows, 13 columns and 204 nonzeros (Min)
Model has 1 linear objective coefficients
Coefficient statistics:
  Matrix range     [5e-04, 1e+00]
  Objective range  [1e+00, 1e+00]
  Bounds range     [2e+01, 2e+01]
  RHS range        [4e-02, 2e+01]

LP warm-start: use basis

Iteration    Objective       Primal Inf.    Dual Inf.      Time
       0    1.0216000e+00   1.173365e+01   0.000000e+00      0s

Solved in 0 iterations and 0.00 seconds (0.00 work units)
Infeasible model

User-callback calls 38, time in user-callback 0.00 sec
Set parameter TimeLimit to value 30
Gurobi Optimizer version 13.0.2 build v13.0.2rc1 (win64 - Windows 11+.0 (26200.2))

CPU model: 13th Gen Intel(R) Core(TM) i7-13620H, instruction set [SSE2|AVX|AVX2]
Thread count: 10 physical cores, 16 logical processors, using up to 1 threads

Non-default parameters:
TimeLimit  30
SoftMemLimit  12
FeasibilityTol  1e-07
IntFeasTol  1e-07
MIPGap  0
OptimalityTol  1e-07
Method  1
NodeMethod  1
DualReductions  0
InfUnbdInfo  1
LogToConsole  0
NumericFocus  1
Seed  20260929
Threads  1

Optimize a model with 85 rows, 13 columns and 204 nonzeros (Min)
Model has 1 linear objective coefficients
Coefficient statistics:
  Matrix range     [5e-04, 1e+00]
  Objective range  [1e+00, 1e+00]
  Bounds range     [2e+01, 2e+01]
  RHS range        [4e-02, 2e+01]

LP warm-start: use basis

Iteration    Objective       Primal Inf.    Dual Inf.      Time
       0    8.7040000e-01   3.216061e+01   0.000000e+00      0s

Solved in 1 iterations and 0.00 seconds (0.00 work units)
Infeasible model

User-callback calls 40, time in user-callback 0.00 sec
Set parameter TimeLimit to value 30
Gurobi Optimizer version 13.0.2 build v13.0.2rc1 (win64 - Windows 11+.0 (26200.2))

CPU model: 13th Gen Intel(R) Core(TM) i7-13620H, instruction set [SSE2|AVX|AVX2]
Thread count: 10 physical cores, 16 logical processors, using up to 1 threads

Non-default parameters:
TimeLimit  30
SoftMemLimit  12
FeasibilityTol  1e-07
IntFeasTol  1e-07
MIPGap  0
OptimalityTol  1e-07
Method  1
NodeMethod  1
DualReductions  0
InfUnbdInfo  1
LogToConsole  0
NumericFocus  1
Seed  20260929
Threads  1

Optimize a model with 85 rows, 13 columns and 204 nonzeros (Min)
Model has 1 linear objective coefficients
Coefficient statistics:
  Matrix range     [5e-04, 1e+00]
  Objective range  [1e+00, 1e+00]
  Bounds range     [2e+01, 2e+01]
  RHS range        [4e-02, 2e+01]

LP warm-start: use basis

Iteration    Objective       Primal Inf.    Dual Inf.      Time
       0    7.4080000e-01   5.720082e+01   0.000000e+00      0s

Solved in 3 iterations and 0.00 seconds (0.00 work units)
Infeasible model

User-callback calls 42, time in user-callback 0.00 sec
Set parameter TimeLimit to value 30
Gurobi Optimizer version 13.0.2 build v13.0.2rc1 (win64 - Windows 11+.0 (26200.2))

CPU model: 13th Gen Intel(R) Core(TM) i7-13620H, instruction set [SSE2|AVX|AVX2]
Thread count: 10 physical cores, 16 logical processors, using up to 1 threads

Non-default parameters:
TimeLimit  30
SoftMemLimit  12
FeasibilityTol  1e-07
IntFeasTol  1e-07
MIPGap  0
OptimalityTol  1e-07
Method  1
NodeMethod  1
DualReductions  0
InfUnbdInfo  1
LogToConsole  0
NumericFocus  1
Seed  20260929
Threads  1

Optimize a model with 85 rows, 13 columns and 204 nonzeros (Min)
Model has 1 linear objective coefficients
Coefficient statistics:
  Matrix range     [5e-04, 1e+00]
  Objective range  [1e+00, 1e+00]
  Bounds range     [2e+01, 2e+01]
  RHS range        [4e-02, 2e+01]

LP warm-start: use basis

Iteration    Objective       Primal Inf.    Dual Inf.      Time
       0    1.0000000e+00   2.228444e+01   0.000000e+00      0s

Solved in 1 iterations and 0.00 seconds (0.00 work units)
Infeasible model

User-callback calls 40, time in user-callback 0.00 sec
Set parameter TimeLimit to value 30
Gurobi Optimizer version 13.0.2 build v13.0.2rc1 (win64 - Windows 11+.0 (26200.2))

CPU model: 13th Gen Intel(R) Core(TM) i7-13620H, instruction set [SSE2|AVX|AVX2]
Thread count: 10 physical cores, 16 logical processors, using up to 1 threads

Non-default parameters:
TimeLimit  30
SoftMemLimit  12
FeasibilityTol  1e-07
IntFeasTol  1e-07
MIPGap  0
OptimalityTol  1e-07
Method  1
NodeMethod  1
DualReductions  0
InfUnbdInfo  1
LogToConsole  0
NumericFocus  1
Seed  20260929
Threads  1

Optimize a model with 85 rows, 13 columns and 204 nonzeros (Min)
Model has 1 linear objective coefficients
Coefficient statistics:
  Matrix range     [5e-04, 1e+00]
  Objective range  [1e+00, 1e+00]
  Bounds range     [2e+01, 2e+01]
  RHS range        [4e-02, 2e+01]

LP warm-start: use basis

Iteration    Objective       Primal Inf.    Dual Inf.      Time
       0    1.0000000e+00   1.426761e+01   0.000000e+00      0s

Solved in 1 iterations and 0.00 seconds (0.00 work units)
Infeasible model

User-callback calls 40, time in user-callback 0.00 sec
Set parameter TimeLimit to value 30
Gurobi Optimizer version 13.0.2 build v13.0.2rc1 (win64 - Windows 11+.0 (26200.2))

CPU model: 13th Gen Intel(R) Core(TM) i7-13620H, instruction set [SSE2|AVX|AVX2]
Thread count: 10 physical cores, 16 logical processors, using up to 1 threads

Non-default parameters:
TimeLimit  30
SoftMemLimit  12
FeasibilityTol  1e-07
IntFeasTol  1e-07
MIPGap  0
OptimalityTol  1e-07
Method  1
NodeMethod  1
DualReductions  0
InfUnbdInfo  1
LogToConsole  0
NumericFocus  1
Seed  20260929
Threads  1

Optimize a model with 85 rows, 13 columns and 204 nonzeros (Min)
Model has 1 linear objective coefficients
Coefficient statistics:
  Matrix range     [5e-04, 1e+00]
  Objective range  [1e+00, 1e+00]
  Bounds range     [2e+01, 2e+01]
  RHS range        [4e-02, 2e+01]

LP warm-start: use basis

Iteration    Objective       Primal Inf.    Dual Inf.      Time
       0    1.0000000e+00   5.043368e+01   0.000000e+00      0s

Solved in 3 iterations and 0.00 seconds (0.00 work units)
Infeasible model

User-callback calls 42, time in user-callback 0.00 sec
Set parameter TimeLimit to value 30
Gurobi Optimizer version 13.0.2 build v13.0.2rc1 (win64 - Windows 11+.0 (26200.2))

CPU model: 13th Gen Intel(R) Core(TM) i7-13620H, instruction set [SSE2|AVX|AVX2]
Thread count: 10 physical cores, 16 logical processors, using up to 1 threads

Non-default parameters:
TimeLimit  30
SoftMemLimit  12
FeasibilityTol  1e-07
IntFeasTol  1e-07
MIPGap  0
OptimalityTol  1e-07
Method  1
NodeMethod  1
DualReductions  0
InfUnbdInfo  1
LogToConsole  0
NumericFocus  1
Seed  20260929
Threads  1

Optimize a model with 85 rows, 13 columns and 204 nonzeros (Min)
Model has 1 linear objective coefficients
Coefficient statistics:
  Matrix range     [5e-04, 1e+00]
  Objective range  [1e+00, 1e+00]
  Bounds range     [2e+01, 2e+01]
  RHS range        [4e-02, 2e+01]

LP warm-start: use basis

Iteration    Objective       Primal Inf.    Dual Inf.      Time
       0    8.8480000e-01   2.839839e+01   0.000000e+00      0s

Solved in 2 iterations and 0.00 seconds (0.00 work units)
Infeasible model

User-callback calls 41, time in user-callback 0.00 sec
Set parameter TimeLimit to value 30
Gurobi Optimizer version 13.0.2 build v13.0.2rc1 (win64 - Windows 11+.0 (26200.2))

CPU model: 13th Gen Intel(R) Core(TM) i7-13620H, instruction set [SSE2|AVX|AVX2]
Thread count: 10 physical cores, 16 logical processors, using up to 1 threads

Non-default parameters:
TimeLimit  30
SoftMemLimit  12
FeasibilityTol  1e-07
IntFeasTol  1e-07
MIPGap  0
OptimalityTol  1e-07
Method  1
NodeMethod  1
DualReductions  0
InfUnbdInfo  1
LogToConsole  0
NumericFocus  1
Seed  20260929
Threads  1

Optimize a model with 85 rows, 13 columns and 204 nonzeros (Min)
Model has 1 linear objective coefficients
Coefficient statistics:
  Matrix range     [5e-04, 1e+00]
  Objective range  [1e+00, 1e+00]
  Bounds range     [2e+01, 2e+01]
  RHS range        [4e-02, 2e+01]

LP warm-start: use basis

Iteration    Objective       Primal Inf.    Dual Inf.      Time
       0    1.0000000e+00   8.848281e+00   0.000000e+00      0s

Solved in 2 iterations and 0.00 seconds (0.00 work units)
Infeasible model

User-callback calls 41, time in user-callback 0.00 sec
Set parameter TimeLimit to value 30
Gurobi Optimizer version 13.0.2 build v13.0.2rc1 (win64 - Windows 11+.0 (26200.2))

CPU model: 13th Gen Intel(R) Core(TM) i7-13620H, instruction set [SSE2|AVX|AVX2]
Thread count: 10 physical cores, 16 logical processors, using up to 1 threads

Non-default parameters:
TimeLimit  30
SoftMemLimit  12
FeasibilityTol  1e-07
IntFeasTol  1e-07
MIPGap  0
OptimalityTol  1e-07
Method  1
NodeMethod  1
DualReductions  0
InfUnbdInfo  1
LogToConsole  0
NumericFocus  1
Seed  20260929
Threads  1

Optimize a model with 85 rows, 13 columns and 204 nonzeros (Min)
Model has 1 linear objective coefficients
Coefficient statistics:
  Matrix range     [5e-04, 1e+00]
  Objective range  [1e+00, 1e+00]
  Bounds range     [2e+01, 2e+01]
  RHS range        [4e-02, 2e+01]

LP warm-start: use basis

Iteration    Objective       Primal Inf.    Dual Inf.      Time
       0    9.5385140e-01   1.385003e+01   0.000000e+00      0s

Solved in 2 iterations and 0.00 seconds (0.00 work units)
Infeasible model

User-callback calls 41, time in user-callback 0.00 sec
Set parameter TimeLimit to value 30
Gurobi Optimizer version 13.0.2 build v13.0.2rc1 (win64 - Windows 11+.0 (26200.2))

CPU model: 13th Gen Intel(R) Core(TM) i7-13620H, instruction set [SSE2|AVX|AVX2]
Thread count: 10 physical cores, 16 logical processors, using up to 1 threads

Non-default parameters:
TimeLimit  30
SoftMemLimit  12
FeasibilityTol  1e-07
IntFeasTol  1e-07
MIPGap  0
OptimalityTol  1e-07
Method  1
NodeMethod  1
DualReductions  0
InfUnbdInfo  1
LogToConsole  0
NumericFocus  1
Seed  20260929
Threads  1

Optimize a model with 85 rows, 13 columns and 204 nonzeros (Min)
Model has 1 linear objective coefficients
Coefficient statistics:
  Matrix range     [5e-04, 1e+00]
  Objective range  [1e+00, 1e+00]
  Bounds range     [2e+01, 2e+01]
  RHS range        [4e-02, 2e+01]

LP warm-start: use basis

Iteration    Objective       Primal Inf.    Dual Inf.      Time
       0    9.5541964e-01   1.794750e+01   0.000000e+00      0s

Solved in 2 iterations and 0.00 seconds (0.00 work units)
Infeasible model

User-callback calls 41, time in user-callback 0.00 sec
Set parameter TimeLimit to value 30
Gurobi Optimizer version 13.0.2 build v13.0.2rc1 (win64 - Windows 11+.0 (26200.2))

CPU model: 13th Gen Intel(R) Core(TM) i7-13620H, instruction set [SSE2|AVX|AVX2]
Thread count: 10 physical cores, 16 logical processors, using up to 1 threads

Non-default parameters:
TimeLimit  30
SoftMemLimit  12
FeasibilityTol  1e-07
IntFeasTol  1e-07
MIPGap  0
OptimalityTol  1e-07
Method  1
NodeMethod  1
DualReductions  0
InfUnbdInfo  1
LogToConsole  0
NumericFocus  1
Seed  20260929
Threads  1

Optimize a model with 85 rows, 13 columns and 204 nonzeros (Min)
Model has 1 linear objective coefficients
Coefficient statistics:
  Matrix range     [5e-04, 1e+00]
  Objective range  [1e+00, 1e+00]
  Bounds range     [2e+01, 2e+01]
  RHS range        [4e-02, 2e+01]

LP warm-start: use basis

Iteration    Objective       Primal Inf.    Dual Inf.      Time
       0    7.4800000e-01   5.374870e+01   0.000000e+00      0s

Solved in 3 iterations and 0.00 seconds (0.00 work units)
Infeasible model

User-callback calls 42, time in user-callback 0.00 sec
Set parameter TimeLimit to value 30
Gurobi Optimizer version 13.0.2 build v13.0.2rc1 (win64 - Windows 11+.0 (26200.2))

CPU model: 13th Gen Intel(R) Core(TM) i7-13620H, instruction set [SSE2|AVX|AVX2]
Thread count: 10 physical cores, 16 logical processors, using up to 1 threads

Non-default parameters:
TimeLimit  30
SoftMemLimit  12
FeasibilityTol  1e-07
IntFeasTol  1e-07
MIPGap  0
OptimalityTol  1e-07
Method  1
NodeMethod  1
DualReductions  0
InfUnbdInfo  1
LogToConsole  0
NumericFocus  1
Seed  20260929
Threads  1

Optimize a model with 85 rows, 13 columns and 204 nonzeros (Min)
Model has 1 linear objective coefficients
Coefficient statistics:
  Matrix range     [5e-04, 1e+00]
  Objective range  [1e+00, 1e+00]
  Bounds range     [2e+01, 2e+01]
  RHS range        [4e-02, 2e+01]

LP warm-start: use basis

Iteration    Objective       Primal Inf.    Dual Inf.      Time
       0    1.0000000e+00   2.162970e+01   0.000000e+00      0s

Solved in 1 iterations and 0.00 seconds (0.00 work units)
Infeasible model

User-callback calls 40, time in user-callback 0.00 sec
Set parameter TimeLimit to value 30
Gurobi Optimizer version 13.0.2 build v13.0.2rc1 (win64 - Windows 11+.0 (26200.2))

CPU model: 13th Gen Intel(R) Core(TM) i7-13620H, instruction set [SSE2|AVX|AVX2]
Thread count: 10 physical cores, 16 logical processors, using up to 1 threads

Non-default parameters:
TimeLimit  30
SoftMemLimit  12
FeasibilityTol  1e-07
IntFeasTol  1e-07
MIPGap  0
OptimalityTol  1e-07
Method  1
NodeMethod  1
DualReductions  0
InfUnbdInfo  1
LogToConsole  0
NumericFocus  1
Seed  20260929
Threads  1

Optimize a model with 85 rows, 13 columns and 204 nonzeros (Min)
Model has 1 linear objective coefficients
Coefficient statistics:
  Matrix range     [5e-04, 1e+00]
  Objective range  [1e+00, 1e+00]
  Bounds range     [2e+01, 2e+01]
  RHS range        [4e-02, 2e+01]

LP warm-start: use basis

Iteration    Objective       Primal Inf.    Dual Inf.      Time
       0    1.0000000e+00   1.173235e+01   0.000000e+00      0s

Solved in 1 iterations and 0.00 seconds (0.00 work units)
Infeasible model

User-callback calls 40, time in user-callback 0.00 sec
Set parameter TimeLimit to value 30
Gurobi Optimizer version 13.0.2 build v13.0.2rc1 (win64 - Windows 11+.0 (26200.2))

CPU model: 13th Gen Intel(R) Core(TM) i7-13620H, instruction set [SSE2|AVX|AVX2]
Thread count: 10 physical cores, 16 logical processors, using up to 1 threads

Non-default parameters:
TimeLimit  30
SoftMemLimit  12
FeasibilityTol  1e-07
IntFeasTol  1e-07
MIPGap  0
OptimalityTol  1e-07
Method  1
NodeMethod  1
DualReductions  0
InfUnbdInfo  1
LogToConsole  0
NumericFocus  1
Seed  20260929
Threads  1

Optimize a model with 85 rows, 13 columns and 204 nonzeros (Min)
Model has 1 linear objective coefficients
Coefficient statistics:
  Matrix range     [5e-04, 1e+00]
  Objective range  [1e+00, 1e+00]
  Bounds range     [2e+01, 2e+01]
  RHS range        [4e-02, 2e+01]

LP warm-start: use basis

Iteration    Objective       Primal Inf.    Dual Inf.      Time
       0    1.0000000e+00   5.407874e+01   0.000000e+00      0s

Solved in 3 iterations and 0.00 seconds (0.00 work units)
Infeasible model

User-callback calls 42, time in user-callback 0.00 sec
Set parameter TimeLimit to value 30
Gurobi Optimizer version 13.0.2 build v13.0.2rc1 (win64 - Windows 11+.0 (26200.2))

CPU model: 13th Gen Intel(R) Core(TM) i7-13620H, instruction set [SSE2|AVX|AVX2]
Thread count: 10 physical cores, 16 logical processors, using up to 1 threads

Non-default parameters:
TimeLimit  30
SoftMemLimit  12
FeasibilityTol  1e-07
IntFeasTol  1e-07
MIPGap  0
OptimalityTol  1e-07
Method  1
NodeMethod  1
DualReductions  0
InfUnbdInfo  1
LogToConsole  0
NumericFocus  1
Seed  20260929
Threads  1

Optimize a model with 85 rows, 13 columns and 204 nonzeros (Min)
Model has 1 linear objective coefficients
Coefficient statistics:
  Matrix range     [5e-04, 1e+00]
  Objective range  [1e+00, 1e+00]
  Bounds range     [2e+01, 2e+01]
  RHS range        [4e-02, 2e+01]

LP warm-start: use basis

Iteration    Objective       Primal Inf.    Dual Inf.      Time
       0    8.9200000e-01   2.930627e+01   0.000000e+00      0s

Solved in 2 iterations and 0.00 seconds (0.00 work units)
Infeasible model

User-callback calls 41, time in user-callback 0.00 sec
Set parameter TimeLimit to value 30
Gurobi Optimizer version 13.0.2 build v13.0.2rc1 (win64 - Windows 11+.0 (26200.2))

CPU model: 13th Gen Intel(R) Core(TM) i7-13620H, instruction set [SSE2|AVX|AVX2]
Thread count: 10 physical cores, 16 logical processors, using up to 1 threads

Non-default parameters:
TimeLimit  30
SoftMemLimit  12
FeasibilityTol  1e-07
IntFeasTol  1e-07
MIPGap  0
OptimalityTol  1e-07
Method  1
NodeMethod  1
DualReductions  0
InfUnbdInfo  1
LogToConsole  0
NumericFocus  1
Seed  20260929
Threads  1

Optimize a model with 85 rows, 13 columns and 204 nonzeros (Min)
Model has 1 linear objective coefficients
Coefficient statistics:
  Matrix range     [5e-04, 1e+00]
  Objective range  [1e+00, 1e+00]
  Bounds range     [2e+01, 2e+01]
  RHS range        [4e-02, 2e+01]

LP warm-start: use basis

Iteration    Objective       Primal Inf.    Dual Inf.      Time
       0    1.0000000e+00   1.152687e+01   0.000000e+00      0s

Solved in 2 iterations and 0.00 seconds (0.00 work units)
Infeasible model

User-callback calls 41, time in user-callback 0.00 sec
Set parameter TimeLimit to value 30
Gurobi Optimizer version 13.0.2 build v13.0.2rc1 (win64 - Windows 11+.0 (26200.2))

CPU model: 13th Gen Intel(R) Core(TM) i7-13620H, instruction set [SSE2|AVX|AVX2]
Thread count: 10 physical cores, 16 logical processors, using up to 1 threads

Non-default parameters:
TimeLimit  30
SoftMemLimit  12
FeasibilityTol  1e-07
IntFeasTol  1e-07
MIPGap  0
OptimalityTol  1e-07
Method  1
NodeMethod  1
DualReductions  0
InfUnbdInfo  1
LogToConsole  0
NumericFocus  1
Seed  20260929
Threads  1

Optimize a model with 85 rows, 13 columns and 204 nonzeros (Min)
Model has 1 linear objective coefficients
Coefficient statistics:
  Matrix range     [5e-04, 1e+00]
  Objective range  [1e+00, 1e+00]
  Bounds range     [2e+01, 2e+01]
  RHS range        [4e-02, 2e+01]

LP warm-start: use basis

Iteration    Objective       Primal Inf.    Dual Inf.      Time
       0    9.6274029e-01   1.450173e+01   0.000000e+00      0s

Solved in 1 iterations and 0.00 seconds (0.00 work units)
Infeasible model

User-callback calls 40, time in user-callback 0.00 sec
Set parameter TimeLimit to value 30
Gurobi Optimizer version 13.0.2 build v13.0.2rc1 (win64 - Windows 11+.0 (26200.2))

CPU model: 13th Gen Intel(R) Core(TM) i7-13620H, instruction set [SSE2|AVX|AVX2]
Thread count: 10 physical cores, 16 logical processors, using up to 1 threads

Non-default parameters:
TimeLimit  30
SoftMemLimit  12
FeasibilityTol  1e-07
IntFeasTol  1e-07
MIPGap  0
OptimalityTol  1e-07
Method  1
NodeMethod  1
DualReductions  0
InfUnbdInfo  1
LogToConsole  0
NumericFocus  1
Seed  20260929
Threads  1

Optimize a model with 85 rows, 13 columns and 204 nonzeros (Min)
Model has 1 linear objective coefficients
Coefficient statistics:
  Matrix range     [5e-04, 1e+00]
  Objective range  [1e+00, 1e+00]
  Bounds range     [2e+01, 2e+01]
  RHS range        [4e-02, 2e+01]

LP warm-start: use basis

Iteration    Objective       Primal Inf.    Dual Inf.      Time
       0    9.2000000e-01   2.156859e+00   0.000000e+00      0s

Solved in 0 iterations and 0.00 seconds (0.00 work units)
Infeasible model

User-callback calls 38, time in user-callback 0.00 sec
Set parameter TimeLimit to value 30
Gurobi Optimizer version 13.0.2 build v13.0.2rc1 (win64 - Windows 11+.0 (26200.2))

CPU model: 13th Gen Intel(R) Core(TM) i7-13620H, instruction set [SSE2|AVX|AVX2]
Thread count: 10 physical cores, 16 logical processors, using up to 1 threads

Non-default parameters:
TimeLimit  30
SoftMemLimit  12
FeasibilityTol  1e-07
IntFeasTol  1e-07
MIPGap  0
OptimalityTol  1e-07
Method  1
NodeMethod  1
DualReductions  0
InfUnbdInfo  1
LogToConsole  0
NumericFocus  1
Seed  20260929
Threads  1

Optimize a model with 85 rows, 13 columns and 204 nonzeros (Min)
Model has 1 linear objective coefficients
Coefficient statistics:
  Matrix range     [5e-04, 1e+00]
  Objective range  [1e+00, 1e+00]
  Bounds range     [2e+01, 2e+01]
  RHS range        [4e-02, 2e+01]

LP warm-start: use basis

Iteration    Objective       Primal Inf.    Dual Inf.      Time
       0    7.6000000e-01   4.725258e+01   0.000000e+00      0s

Solved in 1 iterations and 0.00 seconds (0.00 work units)
Infeasible model

User-callback calls 40, time in user-callback 0.00 sec
Set parameter TimeLimit to value 30
Gurobi Optimizer version 13.0.2 build v13.0.2rc1 (win64 - Windows 11+.0 (26200.2))

CPU model: 13th Gen Intel(R) Core(TM) i7-13620H, instruction set [SSE2|AVX|AVX2]
Thread count: 10 physical cores, 16 logical processors, using up to 1 threads

Non-default parameters:
TimeLimit  30
SoftMemLimit  12
FeasibilityTol  1e-07
IntFeasTol  1e-07
MIPGap  0
OptimalityTol  1e-07
Method  1
NodeMethod  1
DualReductions  0
InfUnbdInfo  1
LogToConsole  0
NumericFocus  1
Seed  20260929
Threads  1

Optimize a model with 85 rows, 13 columns and 204 nonzeros (Min)
Model has 1 linear objective coefficients
Coefficient statistics:
  Matrix range     [5e-04, 1e+00]
  Objective range  [1e+00, 1e+00]
  Bounds range     [2e+01, 2e+01]
  RHS range        [4e-02, 2e+01]

LP warm-start: use basis

Iteration    Objective       Primal Inf.    Dual Inf.      Time
       0    9.2000000e-01   2.156859e+00   0.000000e+00      0s

Solved in 0 iterations and 0.00 seconds (0.00 work units)
Infeasible model

User-callback calls 38, time in user-callback 0.00 sec
Set parameter TimeLimit to value 30
Gurobi Optimizer version 13.0.2 build v13.0.2rc1 (win64 - Windows 11+.0 (26200.2))

CPU model: 13th Gen Intel(R) Core(TM) i7-13620H, instruction set [SSE2|AVX|AVX2]
Thread count: 10 physical cores, 16 logical processors, using up to 1 threads

Non-default parameters:
TimeLimit  30
SoftMemLimit  12
FeasibilityTol  1e-07
IntFeasTol  1e-07
MIPGap  0
OptimalityTol  1e-07
Method  1
NodeMethod  1
DualReductions  0
InfUnbdInfo  1
LogToConsole  0
NumericFocus  1
Seed  20260929
Threads  1

Optimize a model with 85 rows, 13 columns and 204 nonzeros (Min)
Model has 1 linear objective coefficients
Coefficient statistics:
  Matrix range     [5e-04, 1e+00]
  Objective range  [1e+00, 1e+00]
  Bounds range     [2e+01, 2e+01]
  RHS range        [4e-02, 2e+01]

LP warm-start: use basis

Iteration    Objective       Primal Inf.    Dual Inf.      Time
       0    9.2000000e-01   2.156859e+00   0.000000e+00      0s

Solved in 0 iterations and 0.00 seconds (0.00 work units)
Infeasible model

User-callback calls 38, time in user-callback 0.00 sec
Set parameter TimeLimit to value 30
Gurobi Optimizer version 13.0.2 build v13.0.2rc1 (win64 - Windows 11+.0 (26200.2))

CPU model: 13th Gen Intel(R) Core(TM) i7-13620H, instruction set [SSE2|AVX|AVX2]
Thread count: 10 physical cores, 16 logical processors, using up to 1 threads

Non-default parameters:
TimeLimit  30
SoftMemLimit  12
FeasibilityTol  1e-07
IntFeasTol  1e-07
MIPGap  0
OptimalityTol  1e-07
Method  1
NodeMethod  1
DualReductions  0
InfUnbdInfo  1
LogToConsole  0
NumericFocus  1
Seed  20260929
Threads  1

Optimize a model with 85 rows, 13 columns and 204 nonzeros (Min)
Model has 1 linear objective coefficients
Coefficient statistics:
  Matrix range     [5e-04, 1e+00]
  Objective range  [1e+00, 1e+00]
  Bounds range     [2e+01, 2e+01]
  RHS range        [4e-02, 2e+01]

LP warm-start: use basis

Iteration    Objective       Primal Inf.    Dual Inf.      Time
       0    1.0977778e+00   1.516639e+01   0.000000e+00      0s

Solved in 0 iterations and 0.00 seconds (0.00 work units)
Infeasible model

User-callback calls 38, time in user-callback 0.00 sec
Set parameter TimeLimit to value 30
Gurobi Optimizer version 13.0.2 build v13.0.2rc1 (win64 - Windows 11+.0 (26200.2))

CPU model: 13th Gen Intel(R) Core(TM) i7-13620H, instruction set [SSE2|AVX|AVX2]
Thread count: 10 physical cores, 16 logical processors, using up to 1 threads

Non-default parameters:
TimeLimit  30
SoftMemLimit  12
FeasibilityTol  1e-07
IntFeasTol  1e-07
MIPGap  0
OptimalityTol  1e-07
Method  1
NodeMethod  1
DualReductions  0
InfUnbdInfo  1
LogToConsole  0
NumericFocus  1
Seed  20260929
Threads  1

Optimize a model with 85 rows, 13 columns and 204 nonzeros (Min)
Model has 1 linear objective coefficients
Coefficient statistics:
  Matrix range     [5e-04, 1e+00]
  Objective range  [1e+00, 1e+00]
  Bounds range     [2e+01, 2e+01]
  RHS range        [4e-02, 2e+01]

LP warm-start: use basis

Iteration    Objective       Primal Inf.    Dual Inf.      Time
       0    1.0977778e+00   1.516639e+01   0.000000e+00      0s

Solved in 0 iterations and 0.00 seconds (0.00 work units)
Infeasible model

User-callback calls 38, time in user-callback 0.00 sec
Set parameter TimeLimit to value 30
Gurobi Optimizer version 13.0.2 build v13.0.2rc1 (win64 - Windows 11+.0 (26200.2))

CPU model: 13th Gen Intel(R) Core(TM) i7-13620H, instruction set [SSE2|AVX|AVX2]
Thread count: 10 physical cores, 16 logical processors, using up to 1 threads

Non-default parameters:
TimeLimit  30
SoftMemLimit  12
FeasibilityTol  1e-07
IntFeasTol  1e-07
MIPGap  0
OptimalityTol  1e-07
Method  1
NodeMethod  1
DualReductions  0
InfUnbdInfo  1
LogToConsole  0
NumericFocus  1
Seed  20260929
Threads  1

Optimize a model with 85 rows, 13 columns and 204 nonzeros (Min)
Model has 1 linear objective coefficients
Coefficient statistics:
  Matrix range     [5e-04, 1e+00]
  Objective range  [1e+00, 1e+00]
  Bounds range     [2e+01, 2e+01]
  RHS range        [4e-02, 2e+01]

LP warm-start: use basis

Iteration    Objective       Primal Inf.    Dual Inf.      Time
       0    1.0977778e+00   1.116639e+01   0.000000e+00      0s

Solved in 1 iterations and 0.00 seconds (0.00 work units)
Infeasible model

User-callback calls 40, time in user-callback 0.00 sec
Set parameter TimeLimit to value 30
Gurobi Optimizer version 13.0.2 build v13.0.2rc1 (win64 - Windows 11+.0 (26200.2))

CPU model: 13th Gen Intel(R) Core(TM) i7-13620H, instruction set [SSE2|AVX|AVX2]
Thread count: 10 physical cores, 16 logical processors, using up to 1 threads

Non-default parameters:
TimeLimit  30
SoftMemLimit  12
FeasibilityTol  1e-07
IntFeasTol  1e-07
MIPGap  0
OptimalityTol  1e-07
Method  1
NodeMethod  1
DualReductions  0
InfUnbdInfo  1
LogToConsole  0
NumericFocus  1
Seed  20260929
Threads  1

Optimize a model with 85 rows, 13 columns and 204 nonzeros (Min)
Model has 1 linear objective coefficients
Coefficient statistics:
  Matrix range     [5e-04, 1e+00]
  Objective range  [1e+00, 1e+00]
  Bounds range     [2e+01, 2e+01]
  RHS range        [4e-02, 2e+01]

LP warm-start: use basis

Iteration    Objective       Primal Inf.    Dual Inf.      Time
       0    1.1557035e+00   6.460000e+00   0.000000e+00      0s

Solved in 0 iterations and 0.00 seconds (0.00 work units)
Infeasible model

User-callback calls 38, time in user-callback 0.00 sec
Set parameter TimeLimit to value 30
Gurobi Optimizer version 13.0.2 build v13.0.2rc1 (win64 - Windows 11+.0 (26200.2))

CPU model: 13th Gen Intel(R) Core(TM) i7-13620H, instruction set [SSE2|AVX|AVX2]
Thread count: 10 physical cores, 16 logical processors, using up to 1 threads

Non-default parameters:
TimeLimit  30
SoftMemLimit  12
FeasibilityTol  1e-07
IntFeasTol  1e-07
MIPGap  0
OptimalityTol  1e-07
Method  1
NodeMethod  1
DualReductions  0
InfUnbdInfo  1
LogToConsole  0
NumericFocus  1
Seed  20260929
Threads  1

Optimize a model with 85 rows, 13 columns and 204 nonzeros (Min)
Model has 1 linear objective coefficients
Coefficient statistics:
  Matrix range     [5e-04, 1e+00]
  Objective range  [1e+00, 1e+00]
  Bounds range     [2e+01, 2e+01]
  RHS range        [4e-02, 2e+01]

LP warm-start: use basis

Iteration    Objective       Primal Inf.    Dual Inf.      Time
       0    9.0237015e-01   1.036929e+01   0.000000e+00      0s

Solved in 1 iterations and 0.00 seconds (0.00 work units)
Infeasible model

User-callback calls 40, time in user-callback 0.00 sec
Set parameter TimeLimit to value 30
Gurobi Optimizer version 13.0.2 build v13.0.2rc1 (win64 - Windows 11+.0 (26200.2))

CPU model: 13th Gen Intel(R) Core(TM) i7-13620H, instruction set [SSE2|AVX|AVX2]
Thread count: 10 physical cores, 16 logical processors, using up to 1 threads

Non-default parameters:
TimeLimit  30
SoftMemLimit  12
FeasibilityTol  1e-07
IntFeasTol  1e-07
MIPGap  0
OptimalityTol  1e-07
Method  1
NodeMethod  1
DualReductions  0
InfUnbdInfo  1
LogToConsole  0
NumericFocus  1
Seed  20260929
Threads  1

Optimize a model with 85 rows, 13 columns and 204 nonzeros (Min)
Model has 1 linear objective coefficients
Coefficient statistics:
  Matrix range     [5e-04, 1e+00]
  Objective range  [1e+00, 1e+00]
  Bounds range     [2e+01, 2e+01]
  RHS range        [4e-02, 2e+01]

LP warm-start: use basis

Iteration    Objective       Primal Inf.    Dual Inf.      Time
       0    9.3042607e-01   4.291796e+00   0.000000e+00      0s

Solved in 0 iterations and 0.00 seconds (0.00 work units)
Infeasible model

User-callback calls 38, time in user-callback 0.00 sec
Set parameter TimeLimit to value 30
Gurobi Optimizer version 13.0.2 build v13.0.2rc1 (win64 - Windows 11+.0 (26200.2))

CPU model: 13th Gen Intel(R) Core(TM) i7-13620H, instruction set [SSE2|AVX|AVX2]
Thread count: 10 physical cores, 16 logical processors, using up to 1 threads

Non-default parameters:
TimeLimit  30
SoftMemLimit  12
FeasibilityTol  1e-07
IntFeasTol  1e-07
MIPGap  0
OptimalityTol  1e-07
Method  1
NodeMethod  1
DualReductions  0
InfUnbdInfo  1
LogToConsole  0
NumericFocus  1
Seed  20260929
Threads  1

Optimize a model with 85 rows, 13 columns and 204 nonzeros (Min)
Model has 1 linear objective coefficients
Coefficient statistics:
  Matrix range     [5e-04, 1e+00]
  Objective range  [1e+00, 1e+00]
  Bounds range     [2e+01, 2e+01]
  RHS range        [4e-02, 2e+01]

LP warm-start: use basis

Iteration    Objective       Primal Inf.    Dual Inf.      Time
       0    9.3042607e-01   4.069574e+00   0.000000e+00      0s

Solved in 0 iterations and 0.00 seconds (0.00 work units)
Infeasible model

User-callback calls 38, time in user-callback 0.00 sec
Set parameter TimeLimit to value 30
Gurobi Optimizer version 13.0.2 build v13.0.2rc1 (win64 - Windows 11+.0 (26200.2))

CPU model: 13th Gen Intel(R) Core(TM) i7-13620H, instruction set [SSE2|AVX|AVX2]
Thread count: 10 physical cores, 16 logical processors, using up to 1 threads

Non-default parameters:
TimeLimit  30
SoftMemLimit  12
FeasibilityTol  1e-07
IntFeasTol  1e-07
MIPGap  0
OptimalityTol  1e-07
Method  1
NodeMethod  1
DualReductions  0
InfUnbdInfo  1
LogToConsole  0
NumericFocus  1
Seed  20260929
Threads  1

Optimize a model with 85 rows, 13 columns and 204 nonzeros (Min)
Model has 1 linear objective coefficients
Coefficient statistics:
  Matrix range     [5e-04, 1e+00]
  Objective range  [1e+00, 1e+00]
  Bounds range     [2e+01, 2e+01]
  RHS range        [4e-02, 2e+01]

LP warm-start: use basis

Iteration    Objective       Primal Inf.    Dual Inf.      Time
       0    9.3042607e-01   4.069574e+00   0.000000e+00      0s

Solved in 0 iterations and 0.00 seconds (0.00 work units)
Infeasible model

User-callback calls 38, time in user-callback 0.00 sec
Set parameter TimeLimit to value 30
Gurobi Optimizer version 13.0.2 build v13.0.2rc1 (win64 - Windows 11+.0 (26200.2))

CPU model: 13th Gen Intel(R) Core(TM) i7-13620H, instruction set [SSE2|AVX|AVX2]
Thread count: 10 physical cores, 16 logical processors, using up to 1 threads

Non-default parameters:
TimeLimit  30
SoftMemLimit  12
FeasibilityTol  1e-07
IntFeasTol  1e-07
MIPGap  0
OptimalityTol  1e-07
Method  1
NodeMethod  1
DualReductions  0
InfUnbdInfo  1
LogToConsole  0
NumericFocus  1
Seed  20260929
Threads  1

Optimize a model with 85 rows, 13 columns and 204 nonzeros (Min)
Model has 1 linear objective coefficients
Coefficient statistics:
  Matrix range     [5e-04, 1e+00]
  Objective range  [1e+00, 1e+00]
  Bounds range     [2e+01, 2e+01]
  RHS range        [4e-02, 2e+01]

LP warm-start: use basis

Iteration    Objective       Primal Inf.    Dual Inf.      Time
       0    1.1082038e+00   1.827114e+01   0.000000e+00      0s

Solved in 0 iterations and 0.00 seconds (0.00 work units)
Infeasible model

User-callback calls 38, time in user-callback 0.00 sec
Set parameter TimeLimit to value 30
Gurobi Optimizer version 13.0.2 build v13.0.2rc1 (win64 - Windows 11+.0 (26200.2))

CPU model: 13th Gen Intel(R) Core(TM) i7-13620H, instruction set [SSE2|AVX|AVX2]
Thread count: 10 physical cores, 16 logical processors, using up to 1 threads

Non-default parameters:
TimeLimit  30
SoftMemLimit  12
FeasibilityTol  1e-07
IntFeasTol  1e-07
MIPGap  0
OptimalityTol  1e-07
Method  1
NodeMethod  1
DualReductions  0
InfUnbdInfo  1
LogToConsole  0
NumericFocus  1
Seed  20260929
Threads  1

Optimize a model with 85 rows, 13 columns and 204 nonzeros (Min)
Model has 1 linear objective coefficients
Coefficient statistics:
  Matrix range     [5e-04, 1e+00]
  Objective range  [1e+00, 1e+00]
  Bounds range     [2e+01, 2e+01]
  RHS range        [4e-02, 2e+01]

LP warm-start: use basis

Iteration    Objective       Primal Inf.    Dual Inf.      Time
       0    1.1082038e+00   1.827114e+01   0.000000e+00      0s

Solved in 0 iterations and 0.00 seconds (0.00 work units)
Infeasible model

User-callback calls 38, time in user-callback 0.00 sec
Set parameter TimeLimit to value 30
Gurobi Optimizer version 13.0.2 build v13.0.2rc1 (win64 - Windows 11+.0 (26200.2))

CPU model: 13th Gen Intel(R) Core(TM) i7-13620H, instruction set [SSE2|AVX|AVX2]
Thread count: 10 physical cores, 16 logical processors, using up to 1 threads

Non-default parameters:
TimeLimit  30
SoftMemLimit  12
FeasibilityTol  1e-07
IntFeasTol  1e-07
MIPGap  0
OptimalityTol  1e-07
Method  1
NodeMethod  1
DualReductions  0
InfUnbdInfo  1
LogToConsole  0
NumericFocus  1
Seed  20260929
Threads  1

Optimize a model with 85 rows, 13 columns and 204 nonzeros (Min)
Model has 1 linear objective coefficients
Coefficient statistics:
  Matrix range     [5e-04, 1e+00]
  Objective range  [1e+00, 1e+00]
  Bounds range     [2e+01, 2e+01]
  RHS range        [4e-02, 2e+01]

LP warm-start: use basis

Iteration    Objective       Primal Inf.    Dual Inf.      Time
       0    1.1082038e+00   1.427114e+01   0.000000e+00      0s

Solved in 1 iterations and 0.00 seconds (0.00 work units)
Infeasible model

User-callback calls 40, time in user-callback 0.00 sec
Set parameter TimeLimit to value 30
Gurobi Optimizer version 13.0.2 build v13.0.2rc1 (win64 - Windows 11+.0 (26200.2))

CPU model: 13th Gen Intel(R) Core(TM) i7-13620H, instruction set [SSE2|AVX|AVX2]
Thread count: 10 physical cores, 16 logical processors, using up to 1 threads

Non-default parameters:
TimeLimit  30
SoftMemLimit  12
FeasibilityTol  1e-07
IntFeasTol  1e-07
MIPGap  0
OptimalityTol  1e-07
Method  1
NodeMethod  1
DualReductions  0
InfUnbdInfo  1
LogToConsole  0
NumericFocus  1
Seed  20260929
Threads  1

Optimize a model with 85 rows, 13 columns and 204 nonzeros (Min)
Model has 1 linear objective coefficients
Coefficient statistics:
  Matrix range     [5e-04, 1e+00]
  Objective range  [1e+00, 1e+00]
  Bounds range     [2e+01, 2e+01]
  RHS range        [4e-02, 2e+01]

LP warm-start: use basis

Iteration    Objective       Primal Inf.    Dual Inf.      Time
       0    1.1690368e+00   9.520119e+00   0.000000e+00      0s

Solved in 0 iterations and 0.00 seconds (0.00 work units)
Infeasible model

User-callback calls 38, time in user-callback 0.00 sec
Set parameter TimeLimit to value 30
Gurobi Optimizer version 13.0.2 build v13.0.2rc1 (win64 - Windows 11+.0 (26200.2))

CPU model: 13th Gen Intel(R) Core(TM) i7-13620H, instruction set [SSE2|AVX|AVX2]
Thread count: 10 physical cores, 16 logical processors, using up to 1 threads

Non-default parameters:
TimeLimit  30
SoftMemLimit  12
FeasibilityTol  1e-07
IntFeasTol  1e-07
MIPGap  0
OptimalityTol  1e-07
Method  1
NodeMethod  1
DualReductions  0
InfUnbdInfo  1
LogToConsole  0
NumericFocus  1
Seed  20260929
Threads  1

Optimize a model with 85 rows, 13 columns and 204 nonzeros (Min)
Model has 1 linear objective coefficients
Coefficient statistics:
  Matrix range     [5e-04, 1e+00]
  Objective range  [1e+00, 1e+00]
  Bounds range     [2e+01, 2e+01]
  RHS range        [4e-02, 2e+01]

LP warm-start: use basis

Iteration    Objective       Primal Inf.    Dual Inf.      Time
       0    7.9314725e-01   2.317522e+01   0.000000e+00      0s

Solved in 3 iterations and 0.00 seconds (0.00 work units)
Infeasible model

User-callback calls 42, time in user-callback 0.00 sec
Set parameter TimeLimit to value 30
Gurobi Optimizer version 13.0.2 build v13.0.2rc1 (win64 - Windows 11+.0 (26200.2))

CPU model: 13th Gen Intel(R) Core(TM) i7-13620H, instruction set [SSE2|AVX|AVX2]
Thread count: 10 physical cores, 16 logical processors, using up to 1 threads

Non-default parameters:
TimeLimit  30
SoftMemLimit  12
FeasibilityTol  1e-07
IntFeasTol  1e-07
MIPGap  0
OptimalityTol  1e-07
Method  1
NodeMethod  1
DualReductions  0
InfUnbdInfo  1
LogToConsole  0
NumericFocus  1
Seed  20260929
Threads  1

Optimize a model with 85 rows, 13 columns and 204 nonzeros (Min)
Model has 1 linear objective coefficients
Coefficient statistics:
  Matrix range     [5e-04, 1e+00]
  Objective range  [1e+00, 1e+00]
  Bounds range     [2e+01, 2e+01]
  RHS range        [4e-02, 2e+01]

LP warm-start: use basis

Iteration    Objective       Primal Inf.    Dual Inf.      Time
       0    8.1231349e-01   7.214874e+00   0.000000e+00      0s

Solved in 1 iterations and 0.00 seconds (0.00 work units)
Infeasible model

User-callback calls 40, time in user-callback 0.00 sec
Set parameter TimeLimit to value 30
Gurobi Optimizer version 13.0.2 build v13.0.2rc1 (win64 - Windows 11+.0 (26200.2))

CPU model: 13th Gen Intel(R) Core(TM) i7-13620H, instruction set [SSE2|AVX|AVX2]
Thread count: 10 physical cores, 16 logical processors, using up to 1 threads

Non-default parameters:
TimeLimit  30
SoftMemLimit  12
FeasibilityTol  1e-07
IntFeasTol  1e-07
MIPGap  0
OptimalityTol  1e-07
Method  1
NodeMethod  1
DualReductions  0
InfUnbdInfo  1
LogToConsole  0
NumericFocus  1
Seed  20260929
Threads  1

Optimize a model with 85 rows, 13 columns and 204 nonzeros (Min)
Model has 1 linear objective coefficients
Coefficient statistics:
  Matrix range     [5e-04, 1e+00]
  Objective range  [1e+00, 1e+00]
  Bounds range     [2e+01, 2e+01]
  RHS range        [4e-02, 2e+01]

LP warm-start: use basis

Iteration    Objective       Primal Inf.    Dual Inf.      Time
       0    8.7401615e-01   5.368210e+00   0.000000e+00      0s

Solved in 1 iterations and 0.00 seconds (0.00 work units)
Infeasible model

User-callback calls 40, time in user-callback 0.00 sec
Set parameter TimeLimit to value 30
Gurobi Optimizer version 13.0.2 build v13.0.2rc1 (win64 - Windows 11+.0 (26200.2))

CPU model: 13th Gen Intel(R) Core(TM) i7-13620H, instruction set [SSE2|AVX|AVX2]
Thread count: 10 physical cores, 16 logical processors, using up to 1 threads

Non-default parameters:
TimeLimit  30
SoftMemLimit  12
FeasibilityTol  1e-07
IntFeasTol  1e-07
MIPGap  0
OptimalityTol  1e-07
Method  1
NodeMethod  1
DualReductions  0
InfUnbdInfo  1
LogToConsole  0
NumericFocus  1
Seed  20260929
Threads  1

Optimize a model with 85 rows, 13 columns and 204 nonzeros (Min)
Model has 1 linear objective coefficients
Coefficient statistics:
  Matrix range     [5e-04, 1e+00]
  Objective range  [1e+00, 1e+00]
  Bounds range     [2e+01, 2e+01]
  RHS range        [4e-02, 2e+01]

LP warm-start: use basis

Iteration    Objective       Primal Inf.    Dual Inf.      Time
       0    8.1231349e-01   1.045487e+01   0.000000e+00      0s

Solved in 2 iterations and 0.00 seconds (0.00 work units)
Infeasible model

User-callback calls 41, time in user-callback 0.00 sec
Set parameter TimeLimit to value 30
Gurobi Optimizer version 13.0.2 build v13.0.2rc1 (win64 - Windows 11+.0 (26200.2))

CPU model: 13th Gen Intel(R) Core(TM) i7-13620H, instruction set [SSE2|AVX|AVX2]
Thread count: 10 physical cores, 16 logical processors, using up to 1 threads

Non-default parameters:
TimeLimit  30
SoftMemLimit  12
FeasibilityTol  1e-07
IntFeasTol  1e-07
MIPGap  0
OptimalityTol  1e-07
Method  1
NodeMethod  1
DualReductions  0
InfUnbdInfo  1
LogToConsole  0
NumericFocus  1
Seed  20260929
Threads  1

Optimize a model with 85 rows, 13 columns and 204 nonzeros (Min)
Model has 1 linear objective coefficients
Coefficient statistics:
  Matrix range     [5e-04, 1e+00]
  Objective range  [1e+00, 1e+00]
  Bounds range     [2e+01, 2e+01]
  RHS range        [4e-02, 2e+01]

LP warm-start: use basis

Iteration    Objective       Primal Inf.    Dual Inf.      Time
       0    7.8820954e-01   4.803126e+01   0.000000e+00      0s

Solved in 2 iterations and 0.00 seconds (0.00 work units)
Infeasible model

User-callback calls 41, time in user-callback 0.00 sec
Set parameter TimeLimit to value 30
Gurobi Optimizer version 13.0.2 build v13.0.2rc1 (win64 - Windows 11+.0 (26200.2))

CPU model: 13th Gen Intel(R) Core(TM) i7-13620H, instruction set [SSE2|AVX|AVX2]
Thread count: 10 physical cores, 16 logical processors, using up to 1 threads

Non-default parameters:
TimeLimit  30
SoftMemLimit  12
FeasibilityTol  1e-07
IntFeasTol  1e-07
MIPGap  0
OptimalityTol  1e-07
Method  1
NodeMethod  1
DualReductions  0
InfUnbdInfo  1
LogToConsole  0
NumericFocus  1
Seed  20260929
Threads  1

Optimize a model with 85 rows, 13 columns and 204 nonzeros (Min)
Model has 1 linear objective coefficients
Coefficient statistics:
  Matrix range     [5e-04, 1e+00]
  Objective range  [1e+00, 1e+00]
  Bounds range     [2e+01, 2e+01]
  RHS range        [4e-02, 2e+01]

LP warm-start: use basis

Iteration    Objective       Primal Inf.    Dual Inf.      Time
       0    9.2649012e-01   8.396352e+00   0.000000e+00      0s

Solved in 3 iterations and 0.00 seconds (0.00 work units)
Infeasible model

User-callback calls 42, time in user-callback 0.00 sec
Set parameter TimeLimit to value 30
Gurobi Optimizer version 13.0.2 build v13.0.2rc1 (win64 - Windows 11+.0 (26200.2))

CPU model: 13th Gen Intel(R) Core(TM) i7-13620H, instruction set [SSE2|AVX|AVX2]
Thread count: 10 physical cores, 16 logical processors, using up to 1 threads

Non-default parameters:
TimeLimit  30
SoftMemLimit  12
FeasibilityTol  1e-07
IntFeasTol  1e-07
MIPGap  0
OptimalityTol  1e-07
Method  1
NodeMethod  1
DualReductions  0
InfUnbdInfo  1
LogToConsole  0
NumericFocus  1
Seed  20260929
Threads  1

Optimize a model with 85 rows, 13 columns and 204 nonzeros (Min)
Model has 1 linear objective coefficients
Coefficient statistics:
  Matrix range     [5e-04, 1e+00]
  Objective range  [1e+00, 1e+00]
  Bounds range     [2e+01, 2e+01]
  RHS range        [4e-02, 2e+01]

LP warm-start: use basis

Iteration    Objective       Primal Inf.    Dual Inf.      Time
       0    1.0525033e+00   4.221261e+00   0.000000e+00      0s

Solved in 1 iterations and 0.00 seconds (0.00 work units)
Infeasible model

User-callback calls 40, time in user-callback 0.00 sec
Set parameter TimeLimit to value 30
Gurobi Optimizer version 13.0.2 build v13.0.2rc1 (win64 - Windows 11+.0 (26200.2))

CPU model: 13th Gen Intel(R) Core(TM) i7-13620H, instruction set [SSE2|AVX|AVX2]
Thread count: 10 physical cores, 16 logical processors, using up to 1 threads

Non-default parameters:
TimeLimit  30
SoftMemLimit  12
FeasibilityTol  1e-07
IntFeasTol  1e-07
MIPGap  0
OptimalityTol  1e-07
Method  1
NodeMethod  1
DualReductions  0
InfUnbdInfo  1
LogToConsole  0
NumericFocus  1
Seed  20260929
Threads  1

Optimize a model with 85 rows, 13 columns and 204 nonzeros (Min)
Model has 1 linear objective coefficients
Coefficient statistics:
  Matrix range     [5e-04, 1e+00]
  Objective range  [1e+00, 1e+00]
  Bounds range     [2e+01, 2e+01]
  RHS range        [4e-02, 2e+01]

LP warm-start: use basis

Iteration    Objective       Primal Inf.    Dual Inf.      Time
       0    9.3653213e-01   6.751143e+00   0.000000e+00      0s

Solved in 1 iterations and 0.00 seconds (0.00 work units)
Infeasible model

User-callback calls 40, time in user-callback 0.00 sec
Set parameter TimeLimit to value 30
Gurobi Optimizer version 13.0.2 build v13.0.2rc1 (win64 - Windows 11+.0 (26200.2))

CPU model: 13th Gen Intel(R) Core(TM) i7-13620H, instruction set [SSE2|AVX|AVX2]
Thread count: 10 physical cores, 16 logical processors, using up to 1 threads

Non-default parameters:
TimeLimit  30
SoftMemLimit  12
FeasibilityTol  1e-07
IntFeasTol  1e-07
MIPGap  0
OptimalityTol  1e-07
Method  1
NodeMethod  1
DualReductions  0
InfUnbdInfo  1
LogToConsole  0
NumericFocus  1
Seed  20260929
Threads  1

Optimize a model with 85 rows, 13 columns and 204 nonzeros (Min)
Model has 1 linear objective coefficients
Coefficient statistics:
  Matrix range     [5e-04, 1e+00]
  Objective range  [1e+00, 1e+00]
  Bounds range     [2e+01, 2e+01]
  RHS range        [4e-02, 2e+01]

LP warm-start: use basis

Iteration    Objective       Primal Inf.    Dual Inf.      Time
       0    8.4863633e-01   9.509339e+00   0.000000e+00      0s

Solved in 1 iterations and 0.00 seconds (0.00 work units)
Infeasible model

User-callback calls 40, time in user-callback 0.00 sec
Set parameter TimeLimit to value 30
Gurobi Optimizer version 13.0.2 build v13.0.2rc1 (win64 - Windows 11+.0 (26200.2))

CPU model: 13th Gen Intel(R) Core(TM) i7-13620H, instruction set [SSE2|AVX|AVX2]
Thread count: 10 physical cores, 16 logical processors, using up to 1 threads

Non-default parameters:
TimeLimit  30
SoftMemLimit  12
FeasibilityTol  1e-07
IntFeasTol  1e-07
MIPGap  0
OptimalityTol  1e-07
Method  1
NodeMethod  1
DualReductions  0
InfUnbdInfo  1
LogToConsole  0
NumericFocus  1
Seed  20260929
Threads  1

Optimize a model with 85 rows, 13 columns and 204 nonzeros (Min)
Model has 1 linear objective coefficients
Coefficient statistics:
  Matrix range     [5e-04, 1e+00]
  Objective range  [1e+00, 1e+00]
  Bounds range     [2e+01, 2e+01]
  RHS range        [4e-02, 2e+01]

LP warm-start: use basis

Iteration    Objective       Primal Inf.    Dual Inf.      Time
       0    7.3266521e-01   2.351907e+01   0.000000e+00      0s

Solved in 3 iterations and 0.00 seconds (0.00 work units)
Infeasible model

User-callback calls 42, time in user-callback 0.00 sec
Set parameter TimeLimit to value 30
Gurobi Optimizer version 13.0.2 build v13.0.2rc1 (win64 - Windows 11+.0 (26200.2))

CPU model: 13th Gen Intel(R) Core(TM) i7-13620H, instruction set [SSE2|AVX|AVX2]
Thread count: 10 physical cores, 16 logical processors, using up to 1 threads

Non-default parameters:
TimeLimit  30
SoftMemLimit  12
FeasibilityTol  1e-07
IntFeasTol  1e-07
MIPGap  0
OptimalityTol  1e-07
Method  1
NodeMethod  1
DualReductions  0
InfUnbdInfo  1
LogToConsole  0
NumericFocus  1
Seed  20260929
Threads  1

Optimize a model with 85 rows, 13 columns and 204 nonzeros (Min)
Model has 1 linear objective coefficients
Coefficient statistics:
  Matrix range     [5e-04, 1e+00]
  Objective range  [1e+00, 1e+00]
  Bounds range     [2e+01, 2e+01]
  RHS range        [4e-02, 2e+01]

LP warm-start: use basis

Iteration    Objective       Primal Inf.    Dual Inf.      Time
       0    8.7972498e-01   5.182501e+00   0.000000e+00      0s

Solved in 1 iterations and 0.00 seconds (0.00 work units)
Infeasible model

User-callback calls 40, time in user-callback 0.00 sec
Set parameter TimeLimit to value 30
Gurobi Optimizer version 13.0.2 build v13.0.2rc1 (win64 - Windows 11+.0 (26200.2))

CPU model: 13th Gen Intel(R) Core(TM) i7-13620H, instruction set [SSE2|AVX|AVX2]
Thread count: 10 physical cores, 16 logical processors, using up to 1 threads

Non-default parameters:
TimeLimit  30
SoftMemLimit  12
FeasibilityTol  1e-07
IntFeasTol  1e-07
MIPGap  0
OptimalityTol  1e-07
Method  1
NodeMethod  1
DualReductions  0
InfUnbdInfo  1
LogToConsole  0
NumericFocus  1
Seed  20260929
Threads  1

Optimize a model with 85 rows, 13 columns and 204 nonzeros (Min)
Model has 1 linear objective coefficients
Coefficient statistics:
  Matrix range     [5e-04, 1e+00]
  Objective range  [1e+00, 1e+00]
  Bounds range     [2e+01, 2e+01]
  RHS range        [4e-02, 2e+01]

LP warm-start: use basis

Iteration    Objective       Primal Inf.    Dual Inf.      Time
       0    8.1802232e-01   1.005684e+01   0.000000e+00      0s

Solved in 2 iterations and 0.00 seconds (0.00 work units)
Infeasible model

User-callback calls 41, time in user-callback 0.00 sec
Set parameter TimeLimit to value 30
Gurobi Optimizer version 13.0.2 build v13.0.2rc1 (win64 - Windows 11+.0 (26200.2))

CPU model: 13th Gen Intel(R) Core(TM) i7-13620H, instruction set [SSE2|AVX|AVX2]
Thread count: 10 physical cores, 16 logical processors, using up to 1 threads

Non-default parameters:
TimeLimit  30
SoftMemLimit  12
FeasibilityTol  1e-07
IntFeasTol  1e-07
MIPGap  0
OptimalityTol  1e-07
Method  1
NodeMethod  1
DualReductions  0
InfUnbdInfo  1
LogToConsole  0
NumericFocus  1
Seed  20260929
Threads  1

Optimize a model with 85 rows, 13 columns and 204 nonzeros (Min)
Model has 1 linear objective coefficients
Coefficient statistics:
  Matrix range     [5e-04, 1e+00]
  Objective range  [1e+00, 1e+00]
  Bounds range     [2e+01, 2e+01]
  RHS range        [4e-02, 2e+01]

LP warm-start: use basis

Iteration    Objective       Primal Inf.    Dual Inf.      Time
       0    7.8820954e-01   5.165733e+01   0.000000e+00      0s

Solved in 2 iterations and 0.00 seconds (0.00 work units)
Infeasible model

User-callback calls 41, time in user-callback 0.00 sec
Set parameter TimeLimit to value 30
Gurobi Optimizer version 13.0.2 build v13.0.2rc1 (win64 - Windows 11+.0 (26200.2))

CPU model: 13th Gen Intel(R) Core(TM) i7-13620H, instruction set [SSE2|AVX|AVX2]
Thread count: 10 physical cores, 16 logical processors, using up to 1 threads

Non-default parameters:
TimeLimit  30
SoftMemLimit  12
FeasibilityTol  1e-07
IntFeasTol  1e-07
MIPGap  0
OptimalityTol  1e-07
Method  1
NodeMethod  1
DualReductions  0
InfUnbdInfo  1
LogToConsole  0
NumericFocus  1
Seed  20260929
Threads  1

Optimize a model with 85 rows, 13 columns and 204 nonzeros (Min)
Model has 1 linear objective coefficients
Coefficient statistics:
  Matrix range     [5e-04, 1e+00]
  Objective range  [1e+00, 1e+00]
  Bounds range     [2e+01, 2e+01]
  RHS range        [4e-02, 2e+01]

LP warm-start: use basis

Iteration    Objective       Primal Inf.    Dual Inf.      Time
       0    9.3219895e-01   1.093208e+01   0.000000e+00      0s

Solved in 0 iterations and 0.00 seconds (0.00 work units)
Infeasible model

User-callback calls 38, time in user-callback 0.00 sec
Set parameter TimeLimit to value 30
Gurobi Optimizer version 13.0.2 build v13.0.2rc1 (win64 - Windows 11+.0 (26200.2))

CPU model: 13th Gen Intel(R) Core(TM) i7-13620H, instruction set [SSE2|AVX|AVX2]
Thread count: 10 physical cores, 16 logical processors, using up to 1 threads

Non-default parameters:
TimeLimit  30
SoftMemLimit  12
FeasibilityTol  1e-07
IntFeasTol  1e-07
MIPGap  0
OptimalityTol  1e-07
Method  1
NodeMethod  1
DualReductions  0
InfUnbdInfo  1
LogToConsole  0
NumericFocus  1
Seed  20260929
Threads  1

Optimize a model with 85 rows, 13 columns and 204 nonzeros (Min)
Model has 1 linear objective coefficients
Coefficient statistics:
  Matrix range     [5e-04, 1e+00]
  Objective range  [1e+00, 1e+00]
  Bounds range     [2e+01, 2e+01]
  RHS range        [4e-02, 2e+01]

LP warm-start: use basis

Iteration    Objective       Primal Inf.    Dual Inf.      Time
       0    1.0349579e+00   2.086594e+01   0.000000e+00      0s

Solved in 0 iterations and 0.00 seconds (0.00 work units)
Infeasible model

User-callback calls 38, time in user-callback 0.00 sec
Set parameter TimeLimit to value 30
Gurobi Optimizer version 13.0.2 build v13.0.2rc1 (win64 - Windows 11+.0 (26200.2))

CPU model: 13th Gen Intel(R) Core(TM) i7-13620H, instruction set [SSE2|AVX|AVX2]
Thread count: 10 physical cores, 16 logical processors, using up to 1 threads

Non-default parameters:
TimeLimit  30
SoftMemLimit  12
FeasibilityTol  1e-07
IntFeasTol  1e-07
MIPGap  0
OptimalityTol  1e-07
Method  1
NodeMethod  1
DualReductions  0
InfUnbdInfo  1
LogToConsole  0
NumericFocus  1
Seed  20260929
Threads  1

Optimize a model with 85 rows, 13 columns and 204 nonzeros (Min)
Model has 1 linear objective coefficients
Coefficient statistics:
  Matrix range     [5e-04, 1e+00]
  Objective range  [1e+00, 1e+00]
  Bounds range     [2e+01, 2e+01]
  RHS range        [4e-02, 2e+01]

LP warm-start: use basis

Iteration    Objective       Primal Inf.    Dual Inf.      Time
       0    9.3219895e-01   1.093208e+01   0.000000e+00      0s

Solved in 0 iterations and 0.00 seconds (0.00 work units)
Infeasible model

User-callback calls 38, time in user-callback 0.00 sec
Set parameter TimeLimit to value 30
Gurobi Optimizer version 13.0.2 build v13.0.2rc1 (win64 - Windows 11+.0 (26200.2))

CPU model: 13th Gen Intel(R) Core(TM) i7-13620H, instruction set [SSE2|AVX|AVX2]
Thread count: 10 physical cores, 16 logical processors, using up to 1 threads

Non-default parameters:
TimeLimit  30
SoftMemLimit  12
FeasibilityTol  1e-07
IntFeasTol  1e-07
MIPGap  0
OptimalityTol  1e-07
Method  1
NodeMethod  1
DualReductions  0
InfUnbdInfo  1
LogToConsole  0
NumericFocus  1
Seed  20260929
Threads  1

Optimize a model with 85 rows, 13 columns and 204 nonzeros (Min)
Model has 1 linear objective coefficients
Coefficient statistics:
  Matrix range     [5e-04, 1e+00]
  Objective range  [1e+00, 1e+00]
  Bounds range     [2e+01, 2e+01]
  RHS range        [4e-02, 2e+01]

LP warm-start: use basis

Iteration    Objective       Primal Inf.    Dual Inf.      Time
       0    7.7254168e-01   1.725958e+01   0.000000e+00      0s
       3    9.2153718e-01   0.000000e+00   0.000000e+00      0s

Solved in 3 iterations and 0.00 seconds (0.00 work units)
Optimal objective  9.215371776e-01

User-callback calls 43, time in user-callback 0.00 sec
Set parameter TimeLimit to value 30
Gurobi Optimizer version 13.0.2 build v13.0.2rc1 (win64 - Windows 11+.0 (26200.2))

CPU model: 13th Gen Intel(R) Core(TM) i7-13620H, instruction set [SSE2|AVX|AVX2]
Thread count: 10 physical cores, 16 logical processors, using up to 1 threads

Non-default parameters:
TimeLimit  30
SoftMemLimit  12
FeasibilityTol  1e-07
IntFeasTol  1e-07
MIPGap  0
OptimalityTol  1e-07
Method  1
NodeMethod  1
DualReductions  0
InfUnbdInfo  1
LogToConsole  0
NumericFocus  1
Seed  20260929
Threads  1

Optimize a model with 85 rows, 13 columns and 204 nonzeros (Min)
Model has 1 linear objective coefficients
Coefficient statistics:
  Matrix range     [5e-04, 1e+00]
  Objective range  [1e+00, 1e+00]
  Bounds range     [2e+01, 2e+01]
  RHS range        [4e-02, 2e+01]

LP warm-start: use basis

Iteration    Objective       Primal Inf.    Dual Inf.      Time
       0    6.6233718e-01   4.868879e+01   0.000000e+00      0s
      11    9.2153718e-01   0.000000e+00   0.000000e+00      0s

Solved in 11 iterations and 0.00 seconds (0.00 work units)
Optimal objective  9.215371776e-01

User-callback calls 51, time in user-callback 0.00 sec
Set parameter TimeLimit to value 30
Gurobi Optimizer version 13.0.2 build v13.0.2rc1 (win64 - Windows 11+.0 (26200.2))

CPU model: 13th Gen Intel(R) Core(TM) i7-13620H, instruction set [SSE2|AVX|AVX2]
Thread count: 10 physical cores, 16 logical processors, using up to 1 threads

Non-default parameters:
TimeLimit  30
SoftMemLimit  12
FeasibilityTol  1e-07
IntFeasTol  1e-07
MIPGap  0
OptimalityTol  1e-07
Method  1
NodeMethod  1
DualReductions  0
InfUnbdInfo  1
LogToConsole  0
NumericFocus  1
Seed  20260929
Threads  1

Optimize a model with 85 rows, 13 columns and 204 nonzeros (Min)
Model has 1 linear objective coefficients
Coefficient statistics:
  Matrix range     [5e-04, 1e+00]
  Objective range  [1e+00, 1e+00]
  Bounds range     [2e+01, 2e+01]
  RHS range        [4e-02, 2e+01]

LP warm-start: use basis

Iteration    Objective       Primal Inf.    Dual Inf.      Time
       0    9.2153718e-01   0.000000e+00   0.000000e+00      0s

Solved in 0 iterations and 0.00 seconds (0.00 work units)
Optimal objective  9.215371776e-01

User-callback calls 38, time in user-callback 0.00 sec
Set parameter TimeLimit to value 30
Gurobi Optimizer version 13.0.2 build v13.0.2rc1 (win64 - Windows 11+.0 (26200.2))

CPU model: 13th Gen Intel(R) Core(TM) i7-13620H, instruction set [SSE2|AVX|AVX2]
Thread count: 10 physical cores, 16 logical processors, using up to 1 threads

Non-default parameters:
TimeLimit  30
SoftMemLimit  12
FeasibilityTol  1e-07
IntFeasTol  1e-07
MIPGap  0
OptimalityTol  1e-07
Method  1
NodeMethod  1
DualReductions  0
InfUnbdInfo  1
LogToConsole  0
NumericFocus  1
Seed  20260929
Threads  1

Optimize a model with 85 rows, 13 columns and 204 nonzeros (Min)
Model has 1 linear objective coefficients
Coefficient statistics:
  Matrix range     [5e-04, 1e+00]
  Objective range  [1e+00, 1e+00]
  Bounds range     [2e+01, 2e+01]
  RHS range        [4e-02, 2e+01]

LP warm-start: use basis

Iteration    Objective       Primal Inf.    Dual Inf.      Time
       0    9.2153718e-01   0.000000e+00   0.000000e+00      0s

Solved in 0 iterations and 0.00 seconds (0.00 work units)
Optimal objective  9.215371776e-01

User-callback calls 38, time in user-callback 0.00 sec
Set parameter TimeLimit to value 30
Gurobi Optimizer version 13.0.2 build v13.0.2rc1 (win64 - Windows 11+.0 (26200.2))

CPU model: 13th Gen Intel(R) Core(TM) i7-13620H, instruction set [SSE2|AVX|AVX2]
Thread count: 10 physical cores, 16 logical processors, using up to 1 threads

Non-default parameters:
TimeLimit  30
SoftMemLimit  12
FeasibilityTol  1e-07
IntFeasTol  1e-07
MIPGap  0
OptimalityTol  1e-07
Method  1
NodeMethod  1
DualReductions  0
InfUnbdInfo  1
LogToConsole  0
NumericFocus  1
Seed  20260929
Threads  1

Optimize a model with 85 rows, 13 columns and 204 nonzeros (Min)
Model has 1 linear objective coefficients
Coefficient statistics:
  Matrix range     [5e-04, 1e+00]
  Objective range  [1e+00, 1e+00]
  Bounds range     [2e+01, 2e+01]
  RHS range        [4e-02, 2e+01]

LP warm-start: use basis

Iteration    Objective       Primal Inf.    Dual Inf.      Time
       0    1.0010952e+00   7.417592e+00   0.000000e+00      0s

Solved in 1 iterations and 0.00 seconds (0.00 work units)
Infeasible model

User-callback calls 40, time in user-callback 0.00 sec
Set parameter TimeLimit to value 30
Gurobi Optimizer version 13.0.2 build v13.0.2rc1 (win64 - Windows 11+.0 (26200.2))

CPU model: 13th Gen Intel(R) Core(TM) i7-13620H, instruction set [SSE2|AVX|AVX2]
Thread count: 10 physical cores, 16 logical processors, using up to 1 threads

Non-default parameters:
TimeLimit  30
SoftMemLimit  12
FeasibilityTol  1e-07
IntFeasTol  1e-07
MIPGap  0
OptimalityTol  1e-07
Method  1
NodeMethod  1
DualReductions  0
InfUnbdInfo  1
LogToConsole  0
NumericFocus  1
Seed  20260929
Threads  1

Optimize a model with 85 rows, 13 columns and 204 nonzeros (Min)
Model has 1 linear objective coefficients
Coefficient statistics:
  Matrix range     [5e-04, 1e+00]
  Objective range  [1e+00, 1e+00]
  Bounds range     [2e+01, 2e+01]
  RHS range        [4e-02, 2e+01]

LP warm-start: use basis

Iteration    Objective       Primal Inf.    Dual Inf.      Time
       0    9.3593718e-01   6.767625e+00   0.000000e+00      0s

Solved in 1 iterations and 0.00 seconds (0.00 work units)
Infeasible model

User-callback calls 40, time in user-callback 0.00 sec
Set parameter TimeLimit to value 30
Gurobi Optimizer version 13.0.2 build v13.0.2rc1 (win64 - Windows 11+.0 (26200.2))

CPU model: 13th Gen Intel(R) Core(TM) i7-13620H, instruction set [SSE2|AVX|AVX2]
Thread count: 10 physical cores, 16 logical processors, using up to 1 threads

Non-default parameters:
TimeLimit  30
SoftMemLimit  12
FeasibilityTol  1e-07
IntFeasTol  1e-07
MIPGap  0
OptimalityTol  1e-07
Method  1
NodeMethod  1
DualReductions  0
InfUnbdInfo  1
LogToConsole  0
NumericFocus  1
Seed  20260929
Threads  1

Optimize a model with 85 rows, 13 columns and 204 nonzeros (Min)
Model has 1 linear objective coefficients
Coefficient statistics:
  Matrix range     [5e-04, 1e+00]
  Objective range  [1e+00, 1e+00]
  Bounds range     [2e+01, 2e+01]
  RHS range        [4e-02, 2e+01]

LP warm-start: use basis

Iteration    Objective       Primal Inf.    Dual Inf.      Time
       0    1.0655372e+00   1.610641e+01   0.000000e+00      0s

Solved in 0 iterations and 0.00 seconds (0.00 work units)
Infeasible model

User-callback calls 38, time in user-callback 0.00 sec
Set parameter TimeLimit to value 30
Gurobi Optimizer version 13.0.2 build v13.0.2rc1 (win64 - Windows 11+.0 (26200.2))

CPU model: 13th Gen Intel(R) Core(TM) i7-13620H, instruction set [SSE2|AVX|AVX2]
Thread count: 10 physical cores, 16 logical processors, using up to 1 threads

Non-default parameters:
TimeLimit  30
SoftMemLimit  12
FeasibilityTol  1e-07
IntFeasTol  1e-07
MIPGap  0
OptimalityTol  1e-07
Method  1
NodeMethod  1
DualReductions  0
InfUnbdInfo  1
LogToConsole  0
NumericFocus  1
Seed  20260929
Threads  1

Optimize a model with 85 rows, 13 columns and 204 nonzeros (Min)
Model has 1 linear objective coefficients
Coefficient statistics:
  Matrix range     [5e-04, 1e+00]
  Objective range  [1e+00, 1e+00]
  Bounds range     [2e+01, 2e+01]
  RHS range        [4e-02, 2e+01]

LP warm-start: use basis

Iteration    Objective       Primal Inf.    Dual Inf.      Time
       0    9.3593718e-01   2.994790e+00   0.000000e+00      0s

Solved in 0 iterations and 0.00 seconds (0.00 work units)
Infeasible model

User-callback calls 38, time in user-callback 0.00 sec
Set parameter TimeLimit to value 30
Gurobi Optimizer version 13.0.2 build v13.0.2rc1 (win64 - Windows 11+.0 (26200.2))

CPU model: 13th Gen Intel(R) Core(TM) i7-13620H, instruction set [SSE2|AVX|AVX2]
Thread count: 10 physical cores, 16 logical processors, using up to 1 threads

Non-default parameters:
TimeLimit  30
SoftMemLimit  12
FeasibilityTol  1e-07
IntFeasTol  1e-07
MIPGap  0
OptimalityTol  1e-07
Method  1
NodeMethod  1
DualReductions  0
InfUnbdInfo  1
LogToConsole  0
NumericFocus  1
Seed  20260929
Threads  1

Optimize a model with 85 rows, 13 columns and 204 nonzeros (Min)
Model has 1 linear objective coefficients
Coefficient statistics:
  Matrix range     [5e-04, 1e+00]
  Objective range  [1e+00, 1e+00]
  Bounds range     [2e+01, 2e+01]
  RHS range        [4e-02, 2e+01]

LP warm-start: use basis

Iteration    Objective       Primal Inf.    Dual Inf.      Time
       0    9.2873718e-01   9.306717e+00   0.000000e+00      0s

Solved in 1 iterations and 0.00 seconds (0.00 work units)
Infeasible model

User-callback calls 40, time in user-callback 0.00 sec
Set parameter TimeLimit to value 30
Gurobi Optimizer version 13.0.2 build v13.0.2rc1 (win64 - Windows 11+.0 (26200.2))

CPU model: 13th Gen Intel(R) Core(TM) i7-13620H, instruction set [SSE2|AVX|AVX2]
Thread count: 10 physical cores, 16 logical processors, using up to 1 threads

Non-default parameters:
TimeLimit  30
SoftMemLimit  12
FeasibilityTol  1e-07
IntFeasTol  1e-07
MIPGap  0
OptimalityTol  1e-07
Method  1
NodeMethod  1
DualReductions  0
InfUnbdInfo  1
LogToConsole  0
NumericFocus  1
Seed  20260929
Threads  1

Optimize a model with 85 rows, 13 columns and 204 nonzeros (Min)
Model has 1 linear objective coefficients
Coefficient statistics:
  Matrix range     [5e-04, 1e+00]
  Objective range  [1e+00, 1e+00]
  Bounds range     [2e+01, 2e+01]
  RHS range        [4e-02, 2e+01]

LP warm-start: use basis

Iteration    Objective       Primal Inf.    Dual Inf.      Time
       0    7.9913718e-01   8.836742e+00   0.000000e+00      0s

Solved in 2 iterations and 0.00 seconds (0.00 work units)
Infeasible model

User-callback calls 41, time in user-callback 0.00 sec
Set parameter TimeLimit to value 30
Gurobi Optimizer version 13.0.2 build v13.0.2rc1 (win64 - Windows 11+.0 (26200.2))

CPU model: 13th Gen Intel(R) Core(TM) i7-13620H, instruction set [SSE2|AVX|AVX2]
Thread count: 10 physical cores, 16 logical processors, using up to 1 threads

Non-default parameters:
TimeLimit  30
SoftMemLimit  12
FeasibilityTol  1e-07
IntFeasTol  1e-07
MIPGap  0
OptimalityTol  1e-07
Method  1
NodeMethod  1
DualReductions  0
InfUnbdInfo  1
LogToConsole  0
NumericFocus  1
Seed  20260929
Threads  1

Optimize a model with 85 rows, 13 columns and 204 nonzeros (Min)
Model has 1 linear objective coefficients
Coefficient statistics:
  Matrix range     [5e-04, 1e+00]
  Objective range  [1e+00, 1e+00]
  Bounds range     [2e+01, 2e+01]
  RHS range        [4e-02, 2e+01]

LP warm-start: use basis

Iteration    Objective       Primal Inf.    Dual Inf.      Time
       0    8.9263681e-01   1.756059e+01   0.000000e+00      0s

Solved in 2 iterations and 0.00 seconds (0.00 work units)
Infeasible model

User-callback calls 41, time in user-callback 0.00 sec
Set parameter TimeLimit to value 30
Gurobi Optimizer version 13.0.2 build v13.0.2rc1 (win64 - Windows 11+.0 (26200.2))

CPU model: 13th Gen Intel(R) Core(TM) i7-13620H, instruction set [SSE2|AVX|AVX2]
Thread count: 10 physical cores, 16 logical processors, using up to 1 threads

Non-default parameters:
TimeLimit  30
SoftMemLimit  12
FeasibilityTol  1e-07
IntFeasTol  1e-07
MIPGap  0
OptimalityTol  1e-07
Method  1
NodeMethod  1
DualReductions  0
InfUnbdInfo  1
LogToConsole  0
NumericFocus  1
Seed  20260929
Threads  1

Optimize a model with 85 rows, 13 columns and 204 nonzeros (Min)
Model has 1 linear objective coefficients
Coefficient statistics:
  Matrix range     [5e-04, 1e+00]
  Objective range  [1e+00, 1e+00]
  Bounds range     [2e+01, 2e+01]
  RHS range        [4e-02, 2e+01]

LP warm-start: use basis

Iteration    Objective       Primal Inf.    Dual Inf.      Time
       0    7.9913718e-01   1.189674e+01   0.000000e+00      0s

Solved in 1 iterations and 0.00 seconds (0.00 work units)
Infeasible model

User-callback calls 40, time in user-callback 0.00 sec
Set parameter TimeLimit to value 30
Gurobi Optimizer version 13.0.2 build v13.0.2rc1 (win64 - Windows 11+.0 (26200.2))

CPU model: 13th Gen Intel(R) Core(TM) i7-13620H, instruction set [SSE2|AVX|AVX2]
Thread count: 10 physical cores, 16 logical processors, using up to 1 threads

Non-default parameters:
TimeLimit  30
SoftMemLimit  12
FeasibilityTol  1e-07
IntFeasTol  1e-07
MIPGap  0
OptimalityTol  1e-07
Method  1
NodeMethod  1
DualReductions  0
InfUnbdInfo  1
LogToConsole  0
NumericFocus  1
Seed  20260929
Threads  1

Optimize a model with 85 rows, 13 columns and 204 nonzeros (Min)
Model has 1 linear objective coefficients
Coefficient statistics:
  Matrix range     [5e-04, 1e+00]
  Objective range  [1e+00, 1e+00]
  Bounds range     [2e+01, 2e+01]
  RHS range        [4e-02, 2e+01]

LP warm-start: use basis

Iteration    Objective       Primal Inf.    Dual Inf.      Time
       0    7.6153718e-01   5.431834e+01   0.000000e+00      0s

Solved in 1 iterations and 0.00 seconds (0.00 work units)
Infeasible model

User-callback calls 40, time in user-callback 0.00 sec
Set parameter TimeLimit to value 30
Gurobi Optimizer version 13.0.2 build v13.0.2rc1 (win64 - Windows 11+.0 (26200.2))

CPU model: 13th Gen Intel(R) Core(TM) i7-13620H, instruction set [SSE2|AVX|AVX2]
Thread count: 10 physical cores, 16 logical processors, using up to 1 threads

Non-default parameters:
TimeLimit  30
SoftMemLimit  12
FeasibilityTol  1e-07
IntFeasTol  1e-07
MIPGap  0
OptimalityTol  1e-07
Method  1
NodeMethod  1
DualReductions  0
InfUnbdInfo  1
LogToConsole  0
NumericFocus  1
Seed  20260929
Threads  1

Optimize a model with 85 rows, 13 columns and 204 nonzeros (Min)
Model has 1 linear objective coefficients
Coefficient statistics:
  Matrix range     [5e-04, 1e+00]
  Objective range  [1e+00, 1e+00]
  Bounds range     [2e+01, 2e+01]
  RHS range        [4e-02, 2e+01]

LP warm-start: use basis

Iteration    Objective       Primal Inf.    Dual Inf.      Time
       0    9.4313718e-01   8.940425e+00   0.000000e+00      0s

Solved in 0 iterations and 0.00 seconds (0.00 work units)
Infeasible model

User-callback calls 38, time in user-callback 0.00 sec
Set parameter TimeLimit to value 30
Gurobi Optimizer version 13.0.2 build v13.0.2rc1 (win64 - Windows 11+.0 (26200.2))

CPU model: 13th Gen Intel(R) Core(TM) i7-13620H, instruction set [SSE2|AVX|AVX2]
Thread count: 10 physical cores, 16 logical processors, using up to 1 threads

Non-default parameters:
TimeLimit  30
SoftMemLimit  12
FeasibilityTol  1e-07
IntFeasTol  1e-07
MIPGap  0
OptimalityTol  1e-07
Method  1
NodeMethod  1
DualReductions  0
InfUnbdInfo  1
LogToConsole  0
NumericFocus  1
Seed  20260929
Threads  1

Optimize a model with 85 rows, 13 columns and 204 nonzeros (Min)
Model has 1 linear objective coefficients
Coefficient statistics:
  Matrix range     [5e-04, 1e+00]
  Objective range  [1e+00, 1e+00]
  Bounds range     [2e+01, 2e+01]
  RHS range        [4e-02, 2e+01]

LP warm-start: use basis

Iteration    Objective       Primal Inf.    Dual Inf.      Time
       0    1.0727372e+00   1.152216e+01   0.000000e+00      0s

Solved in 0 iterations and 0.00 seconds (0.00 work units)
Infeasible model

User-callback calls 38, time in user-callback 0.00 sec
Set parameter TimeLimit to value 30
Gurobi Optimizer version 13.0.2 build v13.0.2rc1 (win64 - Windows 11+.0 (26200.2))

CPU model: 13th Gen Intel(R) Core(TM) i7-13620H, instruction set [SSE2|AVX|AVX2]
Thread count: 10 physical cores, 16 logical processors, using up to 1 threads

Non-default parameters:
TimeLimit  30
SoftMemLimit  12
FeasibilityTol  1e-07
IntFeasTol  1e-07
MIPGap  0
OptimalityTol  1e-07
Method  1
NodeMethod  1
DualReductions  0
InfUnbdInfo  1
LogToConsole  0
NumericFocus  1
Seed  20260929
Threads  1

Optimize a model with 85 rows, 13 columns and 204 nonzeros (Min)
Model has 1 linear objective coefficients
Coefficient statistics:
  Matrix range     [5e-04, 1e+00]
  Objective range  [1e+00, 1e+00]
  Bounds range     [2e+01, 2e+01]
  RHS range        [4e-02, 2e+01]

LP warm-start: use basis

Iteration    Objective       Primal Inf.    Dual Inf.      Time
       0    9.4313718e-01   8.940425e+00   0.000000e+00      0s

Solved in 0 iterations and 0.00 seconds (0.00 work units)
Infeasible model

User-callback calls 38, time in user-callback 0.00 sec
Set parameter TimeLimit to value 30
Gurobi Optimizer version 13.0.2 build v13.0.2rc1 (win64 - Windows 11+.0 (26200.2))

CPU model: 13th Gen Intel(R) Core(TM) i7-13620H, instruction set [SSE2|AVX|AVX2]
Thread count: 10 physical cores, 16 logical processors, using up to 1 threads

Non-default parameters:
TimeLimit  30
SoftMemLimit  12
FeasibilityTol  1e-07
IntFeasTol  1e-07
MIPGap  0
OptimalityTol  1e-07
Method  1
NodeMethod  1
DualReductions  0
InfUnbdInfo  1
LogToConsole  0
NumericFocus  1
Seed  20260929
Threads  1

Optimize a model with 85 rows, 13 columns and 204 nonzeros (Min)
Model has 1 linear objective coefficients
Coefficient statistics:
  Matrix range     [5e-04, 1e+00]
  Objective range  [1e+00, 1e+00]
  Bounds range     [2e+01, 2e+01]
  RHS range        [4e-02, 2e+01]

LP warm-start: use basis

Iteration    Objective       Primal Inf.    Dual Inf.      Time
       0    7.9193718e-01   4.443118e+01   0.000000e+00      0s

Solved in 2 iterations and 0.00 seconds (0.00 work units)
Infeasible model

User-callback calls 41, time in user-callback 0.00 sec
Set parameter TimeLimit to value 30
Gurobi Optimizer version 13.0.2 build v13.0.2rc1 (win64 - Windows 11+.0 (26200.2))

CPU model: 13th Gen Intel(R) Core(TM) i7-13620H, instruction set [SSE2|AVX|AVX2]
Thread count: 10 physical cores, 16 logical processors, using up to 1 threads

Non-default parameters:
TimeLimit  30
SoftMemLimit  12
FeasibilityTol  1e-07
IntFeasTol  1e-07
MIPGap  0
OptimalityTol  1e-07
Method  1
NodeMethod  1
DualReductions  0
InfUnbdInfo  1
LogToConsole  0
NumericFocus  1
Seed  20260929
Threads  1

Optimize a model with 85 rows, 13 columns and 204 nonzeros (Min)
Model has 1 linear objective coefficients
Coefficient statistics:
  Matrix range     [5e-04, 1e+00]
  Objective range  [1e+00, 1e+00]
  Bounds range     [2e+01, 2e+01]
  RHS range        [4e-02, 2e+01]

LP warm-start: use basis

Iteration    Objective       Primal Inf.    Dual Inf.      Time
       0    6.6233718e-01   2.946467e+01   0.000000e+00      0s

Solved in 2 iterations and 0.00 seconds (0.00 work units)
Infeasible model

User-callback calls 41, time in user-callback 0.00 sec
Set parameter TimeLimit to value 30
Gurobi Optimizer version 13.0.2 build v13.0.2rc1 (win64 - Windows 11+.0 (26200.2))

CPU model: 13th Gen Intel(R) Core(TM) i7-13620H, instruction set [SSE2|AVX|AVX2]
Thread count: 10 physical cores, 16 logical processors, using up to 1 threads

Non-default parameters:
TimeLimit  30
SoftMemLimit  12
FeasibilityTol  1e-07
IntFeasTol  1e-07
MIPGap  0
OptimalityTol  1e-07
Method  1
NodeMethod  1
DualReductions  0
InfUnbdInfo  1
LogToConsole  0
NumericFocus  1
Seed  20260929
Threads  1

Optimize a model with 85 rows, 13 columns and 204 nonzeros (Min)
Model has 1 linear objective coefficients
Coefficient statistics:
  Matrix range     [5e-04, 1e+00]
  Objective range  [1e+00, 1e+00]
  Bounds range     [2e+01, 2e+01]
  RHS range        [4e-02, 2e+01]

LP warm-start: use basis

Iteration    Objective       Primal Inf.    Dual Inf.      Time
       0    8.1668281e-01   1.817996e+01   0.000000e+00      0s

Solved in 2 iterations and 0.00 seconds (0.00 work units)
Infeasible model

User-callback calls 41, time in user-callback 0.00 sec
Set parameter TimeLimit to value 30
Gurobi Optimizer version 13.0.2 build v13.0.2rc1 (win64 - Windows 11+.0 (26200.2))

CPU model: 13th Gen Intel(R) Core(TM) i7-13620H, instruction set [SSE2|AVX|AVX2]
Thread count: 10 physical cores, 16 logical processors, using up to 1 threads

Non-default parameters:
TimeLimit  30
SoftMemLimit  12
FeasibilityTol  1e-07
IntFeasTol  1e-07
MIPGap  0
OptimalityTol  1e-07
Method  1
NodeMethod  1
DualReductions  0
InfUnbdInfo  1
LogToConsole  0
NumericFocus  1
Seed  20260929
Threads  1

Optimize a model with 85 rows, 13 columns and 204 nonzeros (Min)
Model has 1 linear objective coefficients
Coefficient statistics:
  Matrix range     [5e-04, 1e+00]
  Objective range  [1e+00, 1e+00]
  Bounds range     [2e+01, 2e+01]
  RHS range        [4e-02, 2e+01]

LP warm-start: use basis

Iteration    Objective       Primal Inf.    Dual Inf.      Time
       0    6.6233718e-01   3.346467e+01   0.000000e+00      0s

Solved in 4 iterations and 0.00 seconds (0.00 work units)
Infeasible model

User-callback calls 43, time in user-callback 0.00 sec
Set parameter TimeLimit to value 30
Gurobi Optimizer version 13.0.2 build v13.0.2rc1 (win64 - Windows 11+.0 (26200.2))

CPU model: 13th Gen Intel(R) Core(TM) i7-13620H, instruction set [SSE2|AVX|AVX2]
Thread count: 10 physical cores, 16 logical processors, using up to 1 threads

Non-default parameters:
TimeLimit  30
SoftMemLimit  12
FeasibilityTol  1e-07
IntFeasTol  1e-07
MIPGap  0
OptimalityTol  1e-07
Method  1
NodeMethod  1
DualReductions  0
InfUnbdInfo  1
LogToConsole  0
NumericFocus  1
Seed  20260929
Threads  1

Optimize a model with 85 rows, 13 columns and 204 nonzeros (Min)
Model has 1 linear objective coefficients
Coefficient statistics:
  Matrix range     [5e-04, 1e+00]
  Objective range  [1e+00, 1e+00]
  Bounds range     [2e+01, 2e+01]
  RHS range        [4e-02, 2e+01]

LP warm-start: use basis

Iteration    Objective       Primal Inf.    Dual Inf.      Time
       0    7.6153718e-01   9.128480e+01   0.000000e+00      0s

Solved in 3 iterations and 0.00 seconds (0.00 work units)
Infeasible model

User-callback calls 42, time in user-callback 0.00 sec
Set parameter TimeLimit to value 30
Gurobi Optimizer version 13.0.2 build v13.0.2rc1 (win64 - Windows 11+.0 (26200.2))

CPU model: 13th Gen Intel(R) Core(TM) i7-13620H, instruction set [SSE2|AVX|AVX2]
Thread count: 10 physical cores, 16 logical processors, using up to 1 threads

Non-default parameters:
TimeLimit  30
SoftMemLimit  12
FeasibilityTol  1e-07
IntFeasTol  1e-07
MIPGap  0
OptimalityTol  1e-07
Method  1
NodeMethod  1
DualReductions  0
InfUnbdInfo  1
LogToConsole  0
NumericFocus  1
Seed  20260929
Threads  1

Optimize a model with 85 rows, 13 columns and 204 nonzeros (Min)
Model has 1 linear objective coefficients
Coefficient statistics:
  Matrix range     [5e-04, 1e+00]
  Objective range  [1e+00, 1e+00]
  Bounds range     [2e+01, 2e+01]
  RHS range        [4e-02, 2e+01]

LP warm-start: use basis

Iteration    Objective       Primal Inf.    Dual Inf.      Time
       0    8.0633718e-01   2.254484e+01   0.000000e+00      0s

Solved in 3 iterations and 0.00 seconds (0.00 work units)
Infeasible model

User-callback calls 42, time in user-callback 0.00 sec
Set parameter TimeLimit to value 30
Gurobi Optimizer version 13.0.2 build v13.0.2rc1 (win64 - Windows 11+.0 (26200.2))

CPU model: 13th Gen Intel(R) Core(TM) i7-13620H, instruction set [SSE2|AVX|AVX2]
Thread count: 10 physical cores, 16 logical processors, using up to 1 threads

Non-default parameters:
TimeLimit  30
SoftMemLimit  12
FeasibilityTol  1e-07
IntFeasTol  1e-07
MIPGap  0
OptimalityTol  1e-07
Method  1
NodeMethod  1
DualReductions  0
InfUnbdInfo  1
LogToConsole  0
NumericFocus  1
Seed  20260929
Threads  1

Optimize a model with 85 rows, 13 columns and 204 nonzeros (Min)
Model has 1 linear objective coefficients
Coefficient statistics:
  Matrix range     [5e-04, 1e+00]
  Objective range  [1e+00, 1e+00]
  Bounds range     [2e+01, 2e+01]
  RHS range        [4e-02, 2e+01]

LP warm-start: use basis

Iteration    Objective       Primal Inf.    Dual Inf.      Time
       0    1.0137568e+00   1.445981e+01   0.000000e+00      0s

Solved in 4 iterations and 0.00 seconds (0.00 work units)
Infeasible model

User-callback calls 43, time in user-callback 0.00 sec
Set parameter TimeLimit to value 30
Gurobi Optimizer version 13.0.2 build v13.0.2rc1 (win64 - Windows 11+.0 (26200.2))

CPU model: 13th Gen Intel(R) Core(TM) i7-13620H, instruction set [SSE2|AVX|AVX2]
Thread count: 10 physical cores, 16 logical processors, using up to 1 threads

Non-default parameters:
TimeLimit  30
SoftMemLimit  12
FeasibilityTol  1e-07
IntFeasTol  1e-07
MIPGap  0
OptimalityTol  1e-07
Method  1
NodeMethod  1
DualReductions  0
InfUnbdInfo  1
LogToConsole  0
NumericFocus  1
Seed  20260929
Threads  1

Optimize a model with 85 rows, 13 columns and 204 nonzeros (Min)
Model has 1 linear objective coefficients
Coefficient statistics:
  Matrix range     [5e-04, 1e+00]
  Objective range  [1e+00, 1e+00]
  Bounds range     [2e+01, 2e+01]
  RHS range        [4e-02, 2e+01]

LP warm-start: use basis

Iteration    Objective       Primal Inf.    Dual Inf.      Time
       0    6.7570348e-01   4.688450e+01   0.000000e+00      0s

Solved in 4 iterations and 0.00 seconds (0.00 work units)
Infeasible model

User-callback calls 43, time in user-callback 0.00 sec
Set parameter TimeLimit to value 30
Gurobi Optimizer version 13.0.2 build v13.0.2rc1 (win64 - Windows 11+.0 (26200.2))

CPU model: 13th Gen Intel(R) Core(TM) i7-13620H, instruction set [SSE2|AVX|AVX2]
Thread count: 10 physical cores, 16 logical processors, using up to 1 threads

Non-default parameters:
TimeLimit  30
SoftMemLimit  12
FeasibilityTol  1e-07
IntFeasTol  1e-07
MIPGap  0
OptimalityTol  1e-07
Method  1
NodeMethod  1
DualReductions  0
InfUnbdInfo  1
LogToConsole  0
NumericFocus  1
Seed  20260929
Threads  1

Optimize a model with 85 rows, 13 columns and 204 nonzeros (Min)
Model has 1 linear objective coefficients
Coefficient statistics:
  Matrix range     [5e-04, 1e+00]
  Objective range  [1e+00, 1e+00]
  Bounds range     [2e+01, 2e+01]
  RHS range        [4e-02, 2e+01]

LP warm-start: use basis

Iteration    Objective       Primal Inf.    Dual Inf.      Time
       0    7.8820954e-01   2.625332e+01   0.000000e+00      0s

Solved in 2 iterations and 0.00 seconds (0.00 work units)
Infeasible model

User-callback calls 41, time in user-callback 0.00 sec
Set parameter TimeLimit to value 30
Gurobi Optimizer version 13.0.2 build v13.0.2rc1 (win64 - Windows 11+.0 (26200.2))

CPU model: 13th Gen Intel(R) Core(TM) i7-13620H, instruction set [SSE2|AVX|AVX2]
Thread count: 10 physical cores, 16 logical processors, using up to 1 threads

Non-default parameters:
TimeLimit  30
SoftMemLimit  12
FeasibilityTol  1e-07
IntFeasTol  1e-07
MIPGap  0
OptimalityTol  1e-07
Method  1
NodeMethod  1
DualReductions  0
InfUnbdInfo  1
LogToConsole  0
NumericFocus  1
Seed  20260929
Threads  1

Optimize a model with 85 rows, 13 columns and 204 nonzeros (Min)
Model has 1 linear objective coefficients
Coefficient statistics:
  Matrix range     [5e-04, 1e+00]
  Objective range  [1e+00, 1e+00]
  Bounds range     [2e+01, 2e+01]
  RHS range        [4e-02, 2e+01]

LP warm-start: use basis

Iteration    Objective       Primal Inf.    Dual Inf.      Time
       0    7.1526336e-01   2.581277e+01   0.000000e+00      0s

Solved in 2 iterations and 0.00 seconds (0.00 work units)
Infeasible model

User-callback calls 41, time in user-callback 0.00 sec
Set parameter TimeLimit to value 30
Gurobi Optimizer version 13.0.2 build v13.0.2rc1 (win64 - Windows 11+.0 (26200.2))

CPU model: 13th Gen Intel(R) Core(TM) i7-13620H, instruction set [SSE2|AVX|AVX2]
Thread count: 10 physical cores, 16 logical processors, using up to 1 threads

Non-default parameters:
TimeLimit  30
SoftMemLimit  12
FeasibilityTol  1e-07
IntFeasTol  1e-07
MIPGap  0
OptimalityTol  1e-07
Method  1
NodeMethod  1
DualReductions  0
InfUnbdInfo  1
LogToConsole  0
NumericFocus  1
Seed  20260929
Threads  1

Optimize a model with 85 rows, 13 columns and 204 nonzeros (Min)
Model has 1 linear objective coefficients
Coefficient statistics:
  Matrix range     [5e-04, 1e+00]
  Objective range  [1e+00, 1e+00]
  Bounds range     [2e+01, 2e+01]
  RHS range        [4e-02, 2e+01]

LP warm-start: use basis

Iteration    Objective       Primal Inf.    Dual Inf.      Time
       0    8.1984147e-01   1.089220e+01   0.000000e+00      0s

Solved in 2 iterations and 0.00 seconds (0.00 work units)
Infeasible model

User-callback calls 41, time in user-callback 0.00 sec
Set parameter TimeLimit to value 30
Gurobi Optimizer version 13.0.2 build v13.0.2rc1 (win64 - Windows 11+.0 (26200.2))

CPU model: 13th Gen Intel(R) Core(TM) i7-13620H, instruction set [SSE2|AVX|AVX2]
Thread count: 10 physical cores, 16 logical processors, using up to 1 threads

Non-default parameters:
TimeLimit  30
SoftMemLimit  12
FeasibilityTol  1e-07
IntFeasTol  1e-07
MIPGap  0
OptimalityTol  1e-07
Method  1
NodeMethod  1
DualReductions  0
InfUnbdInfo  1
LogToConsole  0
NumericFocus  1
Seed  20260929
Threads  1

Optimize a model with 85 rows, 13 columns and 204 nonzeros (Min)
Model has 1 linear objective coefficients
Coefficient statistics:
  Matrix range     [5e-04, 1e+00]
  Objective range  [1e+00, 1e+00]
  Bounds range     [2e+01, 2e+01]
  RHS range        [4e-02, 2e+01]

LP warm-start: use basis

Iteration    Objective       Primal Inf.    Dual Inf.      Time
       0    9.1507245e-01   1.467442e+01   0.000000e+00      0s

Solved in 1 iterations and 0.00 seconds (0.00 work units)
Infeasible model

User-callback calls 40, time in user-callback 0.00 sec
Set parameter TimeLimit to value 30
Gurobi Optimizer version 13.0.2 build v13.0.2rc1 (win64 - Windows 11+.0 (26200.2))

CPU model: 13th Gen Intel(R) Core(TM) i7-13620H, instruction set [SSE2|AVX|AVX2]
Thread count: 10 physical cores, 16 logical processors, using up to 1 threads

Non-default parameters:
TimeLimit  30
SoftMemLimit  12
FeasibilityTol  1e-07
IntFeasTol  1e-07
MIPGap  0
OptimalityTol  1e-07
Method  1
NodeMethod  1
DualReductions  0
InfUnbdInfo  1
LogToConsole  0
NumericFocus  1
Seed  20260929
Threads  1

Optimize a model with 85 rows, 13 columns and 204 nonzeros (Min)
Model has 1 linear objective coefficients
Coefficient statistics:
  Matrix range     [5e-04, 1e+00]
  Objective range  [1e+00, 1e+00]
  Bounds range     [2e+01, 2e+01]
  RHS range        [4e-02, 2e+01]

LP warm-start: use basis

Iteration    Objective       Primal Inf.    Dual Inf.      Time
       0    7.8820954e-01   5.157887e+01   0.000000e+00      0s

Solved in 2 iterations and 0.00 seconds (0.00 work units)
Infeasible model

User-callback calls 41, time in user-callback 0.00 sec
Set parameter TimeLimit to value 30
Gurobi Optimizer version 13.0.2 build v13.0.2rc1 (win64 - Windows 11+.0 (26200.2))

CPU model: 13th Gen Intel(R) Core(TM) i7-13620H, instruction set [SSE2|AVX|AVX2]
Thread count: 10 physical cores, 16 logical processors, using up to 1 threads

Non-default parameters:
TimeLimit  30
SoftMemLimit  12
FeasibilityTol  1e-07
IntFeasTol  1e-07
MIPGap  0
OptimalityTol  1e-07
Method  1
NodeMethod  1
DualReductions  0
InfUnbdInfo  1
LogToConsole  0
NumericFocus  1
Seed  20260929
Threads  1

Optimize a model with 85 rows, 13 columns and 204 nonzeros (Min)
Model has 1 linear objective coefficients
Coefficient statistics:
  Matrix range     [5e-04, 1e+00]
  Objective range  [1e+00, 1e+00]
  Bounds range     [2e+01, 2e+01]
  RHS range        [4e-02, 2e+01]

LP warm-start: use basis

Iteration    Objective       Primal Inf.    Dual Inf.      Time
       0    8.2943999e-01   1.313597e+01   0.000000e+00      0s

Solved in 0 iterations and 0.00 seconds (0.00 work units)
Infeasible model

User-callback calls 38, time in user-callback 0.00 sec
Set parameter TimeLimit to value 30
Gurobi Optimizer version 13.0.2 build v13.0.2rc1 (win64 - Windows 11+.0 (26200.2))

CPU model: 13th Gen Intel(R) Core(TM) i7-13620H, instruction set [SSE2|AVX|AVX2]
Thread count: 10 physical cores, 16 logical processors, using up to 1 threads

Non-default parameters:
TimeLimit  30
SoftMemLimit  12
FeasibilityTol  1e-07
IntFeasTol  1e-07
MIPGap  0
OptimalityTol  1e-07
Method  1
NodeMethod  1
DualReductions  0
InfUnbdInfo  1
LogToConsole  0
NumericFocus  1
Seed  20260929
Threads  1

Optimize a model with 85 rows, 13 columns and 204 nonzeros (Min)
Model has 1 linear objective coefficients
Coefficient statistics:
  Matrix range     [5e-04, 1e+00]
  Objective range  [1e+00, 1e+00]
  Bounds range     [2e+01, 2e+01]
  RHS range        [4e-02, 2e+01]

LP warm-start: use basis

Iteration    Objective       Primal Inf.    Dual Inf.      Time
       0    1.0349579e+00   2.086594e+01   0.000000e+00      0s

Solved in 0 iterations and 0.00 seconds (0.00 work units)
Infeasible model

User-callback calls 38, time in user-callback 0.00 sec
Set parameter TimeLimit to value 30
Gurobi Optimizer version 13.0.2 build v13.0.2rc1 (win64 - Windows 11+.0 (26200.2))

CPU model: 13th Gen Intel(R) Core(TM) i7-13620H, instruction set [SSE2|AVX|AVX2]
Thread count: 10 physical cores, 16 logical processors, using up to 1 threads

Non-default parameters:
TimeLimit  30
SoftMemLimit  12
FeasibilityTol  1e-07
IntFeasTol  1e-07
MIPGap  0
OptimalityTol  1e-07
Method  1
NodeMethod  1
DualReductions  0
InfUnbdInfo  1
LogToConsole  0
NumericFocus  1
Seed  20260929
Threads  1

Optimize a model with 85 rows, 13 columns and 204 nonzeros (Min)
Model has 1 linear objective coefficients
Coefficient statistics:
  Matrix range     [5e-04, 1e+00]
  Objective range  [1e+00, 1e+00]
  Bounds range     [2e+01, 2e+01]
  RHS range        [4e-02, 2e+01]

LP warm-start: use basis

Iteration    Objective       Primal Inf.    Dual Inf.      Time
       0    8.2943999e-01   1.583597e+01   0.000000e+00      0s

Solved in 1 iterations and 0.00 seconds (0.00 work units)
Infeasible model

User-callback calls 40, time in user-callback 0.00 sec
