source,slot,rank,line,group,parent_terminal,local_node,conductor,I_A,NormalAmps,rho
PLANNING,0,1,Line.tpx227447984c0,Triplex,1,1,1,72.09713696680869,156.0,0.4621611344026198
PLANNING,0,2,Line.tpx21459660c0,Triplex,1,1,1,72.09127933397257,156.0,0.4621235854741831
PLANNING,0,3,Line.tpx226192801c0,Triplex,1,1,1,72.0833446942095,156.0,0.46207272239877883
PLANNING,0,4,Line.tpx21459651c0,Triplex,1,1,1,72.06878681104523,156.0,0.46197940263490533
PLANNING,0,5,Line.tpx21459629c0,Triplex,1,1,1,72.05822622475345,156.0,0.4619117065689324
PLANNING,0,6,Line.tpx21458756c0,Triplex,1,1,1,72.03117488827678,156.0,0.4617383005658768
PLANNING,0,7,Line.tpx21197413c0,Triplex,1,1,1,71.89990200901633,156.0,0.46089680775010466
PLANNING,0,8,Line.tpx260595c0,Triplex,1,1,1,71.87446209874169,156.0,0.4607337314021903
PLANNING,0,9,Line.tpx2224230689c0,Triplex,1,1,1,71.33089066492796,156.0,0.45724929913415363
PLANNING,0,10,Line.tpx2224230651c0,Triplex,1,1,1,71.32700522728433,156.0,0.4572243924825919
PLANNING,0,11,Line.ln6504019-5,Primary,1,2,2,182.47948639674692,400.0,0.4561987159918673
PLANNING,0,12,Line.ln6048634-1,Primary,1,2,2,182.47942991119388,400.0,0.4561985747779847
PLANNING,0,13,Line.ln5866268-1,Primary,1,2,2,182.4793387844479,400.0,0.4561983469611197
PLANNING,0,14,Line.ln5473440-1,Primary,1,2,2,182.47922364475582,400.0,0.45619805911188954
PLANNING,0,15,Line.ln6261021-1,Primary,1,2,2,182.47904820187225,400.0,0.4561976205046806
PLANNING,0,16,Line.ln6351519-1,Primary,1,2,2,182.47889315305363,400.0,0.4561972328826341
PLANNING,0,17,Line.ln5594242-1,Primary,1,2,2,182.4788061570325,400.0,0.45619701539258123
PLANNING,0,18,Line.ln5654472-1,Primary,1,2,2,182.4787238952911,400.0,0.45619680973822774
PLANNING,0,19,Line.ln6291242-1,Primary,1,2,2,182.47862348268913,400.0,0.4561965587067228
PLANNING,0,20,Line.ln5654466-1,Primary,1,2,2,182.47850815958438,400.0,0.45619627039896093
PLANNING,1,1,Line.tpx227447984c0,Triplex,1,1,1,72.01580316348856,156.0,0.4616397638685164
PLANNING,1,2,Line.tpx21459660c0,Triplex,1,1,1,72.00996528002304,156.0,0.46160234153860924
PLANNING,1,3,Line.tpx226192801c0,Triplex,1,1,1,72.00205739804673,156.0,0.46155164998747905
PLANNING,1,4,Line.tpx21459651c0,Triplex,1,1,1,71.98754859921456,156.0,0.46145864486676
PLANNING,1,5,Line.tpx21459629c0,Triplex,1,1,1,71.97702360852857,156.0,0.46139117697774723
PLANNING,1,6,Line.tpx21458756c0,Triplex,1,1,1,71.95006341557455,156.0,0.46121835522804194
PLANNING,1,7,Line.tpx260595c0,Triplex,1,1,1,71.8373974675177,156.0,0.46049613761229297
PLANNING,1,8,Line.tpx21197413c0,Triplex,1,1,1,71.82561147846253,156.0,0.46042058640040084
PLANNING,1,9,Line.tpx2224230689c0,Triplex,1,1,1,71.25958739590068,156.0,0.4567922268967992
PLANNING,1,10,Line.tpx2224230651c0,Triplex,1,1,1,71.25571355942662,156.0,0.4567673946117091
PLANNING,1,11,Line.ln6504019-5,Primary,1,2,2,180.18776395561915,400.0,0.4504694098890479
PLANNING,1,12,Line.ln6048634-1,Primary,1,2,2,180.18771556378516,400.0,0.4504692889094629
PLANNING,1,13,Line.ln5866268-1,Primary,1,2,2,180.1876373480382,400.0,0.4504690933700955
PLANNING,1,14,Line.ln5473440-1,Primary,1,2,2,180.18753827447762,400.0,0.45046884568619405
PLANNING,1,15,Line.ln6261021-1,Primary,1,2,2,180.18738681293385,400.0,0.4504684670323346
PLANNING,1,16,Line.ln6351519-1,Primary,1,2,2,180.18725248899676,400.0,0.4504681312224919
PLANNING,1,17,Line.ln5594242-1,Primary,1,2,2,180.1871769403532,400.0,0.450467942350883
PLANNING,1,18,Line.ln5654472-1,Primary,1,2,2,180.18710538875854,400.0,0.4504677634718963
PLANNING,1,19,Line.ln6291242-1,Primary,1,2,2,180.18701790426095,400.0,0.45046754476065237
PLANNING,1,20,Line.ln5654466-1,Primary,1,2,2,180.18691723985873,400.0,0.45046729309964684
PLANNING,2,1,Line.tpx227447984c0,Triplex,1,1,1,71.94641421551127,156.0,0.46119496291994405
PLANNING,2,2,Line.tpx21459660c0,Triplex,1,1,1,71.94059314529767,156.0,0.4611576483672927
PLANNING,2,3,Line.tpx226192801c0,Triplex,1,1,1,71.9327080430561,156.0,0.4611071028401032
PLANNING,2,4,Line.tpx21459651c0,Triplex,1,1,1,71.91824103128953,156.0,0.46101436558518927
PLANNING,2,5,Line.tpx21459629c0,Triplex,1,1,1,71.90774634432441,156.0,0.46094709195079747
PLANNING,2,6,Line.tpx21458756c0,Triplex,1,1,1,71.88086374506682,156.0,0.46077476759658215
PLANNING,2,7,Line.tpx260595c0,Triplex,1,1,1,71.79224174340617,156.0,0.4602066778423472
PLANNING,2,8,Line.tpx21197413c0,Triplex,1,1,1,71.74989108854567,156.0,0.45993519928554916
PLANNING,2,9,Line.tpx2224230689c0,Triplex,1,1,1,71.19555058517717,156.0,0.4563817345203665
PLANNING,2,10,Line.tpx2224230651c0,Triplex,1,1,1,71.19168714760012,156.0,0.4563569688948726
PLANNING,2,11,Line.tpx226308729b0,Triplex,1,1,1,69.4666027263793,156.0,0.44529873542550835
PLANNING,2,12,Line.tpx226308725b0,Triplex,1,1,1,69.4542047774976,156.0,0.44521926139421536
PLANNING,2,13,Line.tpx226308719b0,Triplex,1,1,1,69.43989945448259,156.0,0.4451275606056576
PLANNING,2,14,Line.tpx226308716b0,Triplex,1,1,1,69.42681353610895,156.0,0.44504367651351895
PLANNING,2,15,Line.tpx226308710b0,Triplex,1,1,1,69.41613535449889,156.0,0.44497522663140315
PLANNING,2,16,Line.tpx260595b0,Triplex,1,1,1,69.29832961653992,156.0,0.44422006164448663
PLANNING,2,17,Line.ln5710794-3,Primary,1,3,3,175.71532964873774,400.0,0.4392883241218443
PLANNING,2,18,Line.hvmv_sub_connector,Primary,1,3,3,175.7153296420779,400.0,0.43928832410519475
PLANNING,2,19,Line.a8735_48332_sw,Primary,1,3,3,175.7152774233752,400.0,0.439288193558438
PLANNING,2,20,Line.ln5815900-1,Primary,1,3,3,175.71527739424,400.0,0.4392881934856
PLANNING,3,1,Line.tpx227447984c0,Triplex,1,1,1,71.94309902290773,156.0,0.46117371168530596
PLANNING,3,2,Line.tpx21459660c0,Triplex,1,1,1,71.9372787551475,156.0,0.46113640227658653
PLANNING,3,3,Line.tpx226192801c0,Triplex,1,1,1,71.9293947401272,156.0,0.4610858637187641
PLANNING,3,4,Line.tpx21459651c0,Triplex,1,1,1,71.91492972276008,156.0,0.460993139248462
PLANNING,3,5,Line.tpx21459629c0,Triplex,1,1,1,71.90443648212607,156.0,0.4609258748854235
PLANNING,3,6,Line.tpx21458756c0,Triplex,1,1,1,71.87755758623496,156.0,0.4607535742707369
PLANNING,3,7,Line.tpx260595c0,Triplex,1,1,1,71.79059796020684,156.0,0.46019614077055665
PLANNING,3,8,Line.tpx21197413c0,Triplex,1,1,1,71.74660118511228,156.0,0.45991411016097616
PLANNING,3,9,Line.tpx2224230689c0,Triplex,1,1,1,71.19196496252533,156.0,0.45635874975977775
PLANNING,3,10,Line.tpx2224230651c0,Triplex,1,1,1,71.1881021066485,156.0,0.4563339878631314
PLANNING,3,11,Line.tpx226308729b0,Triplex,1,1,1,69.46455026040839,156.0,0.44528557859236145
PLANNING,3,12,Line.tpx226308725b0,Triplex,1,1,1,69.45215340495601,156.0,0.4452061115702308
PLANNING,3,13,Line.tpx226308719b0,Triplex,1,1,1,69.43784934227314,156.0,0.4451144188607253
PLANNING,3,14,Line.tpx226308716b0,Triplex,1,1,1,69.42476457750581,156.0,0.4450305421634988
PLANNING,3,15,Line.tpx226308710b0,Triplex,1,1,1,69.41408733732615,156.0,0.44496209831619327
PLANNING,3,16,Line.tpx260595b0,Triplex,1,1,1,69.29636224631388,156.0,0.4442074502968838
PLANNING,3,17,Line.hvmv_sub_connector,Primary,1,3,3,175.62205165249475,400.0,0.43905512913123684
PLANNING,3,18,Line.ln5710794-3,Primary,1,3,3,175.62205165005827,400.0,0.43905512912514566
PLANNING,3,19,Line.a8735_48332_sw,Primary,1,3,3,175.6219992646624,400.0,0.439054998161656
PLANNING,3,20,Line.ln5815900-1,Primary,1,3,3,175.62199923498517,400.0,0.4390549980874629
PLANNING,4,1,Line.tpx227447984c0,Triplex,1,1,1,71.9912992340547,156.0,0.4614826873977865
PLANNING,4,2,Line.tpx21459660c0,Triplex,1,1,1,71.98546729178797,156.0,0.461445303152487
PLANNING,4,3,Line.tpx226192801c0,Triplex,1,1,1,71.97756745935114,156.0,0.46139466320096884
PLANNING,4,4,Line.tpx21459651c0,Triplex,1,1,1,71.96307342655697,156.0,0.4613017527343396
PLANNING,4,5,Line.tpx21459629c0,Triplex,1,1,1,71.95255914410836,156.0,0.4612343534878741
PLANNING,4,6,Line.tpx21458756c0,Triplex,1,1,1,71.92562636993729,156.0,0.461061707499598
PLANNING,4,7,Line.tpx260595c0,Triplex,1,1,1,71.80480256542691,156.0,0.4602871959322238
PLANNING,4,8,Line.tpx21197413c0,Triplex,1,1,1,71.78061763548509,156.0,0.4601321643300326
PLANNING,4,9,Line.tpx2224230689c0,Triplex,1,1,1,71.23495910111716,156.0,0.45663435321228946
PLANNING,4,10,Line.tpx2224230651c0,Triplex,1,1,1,71.23108926627586,156.0,0.4566095465786914
PLANNING,4,11,Line.tpx226308729b0,Triplex,1,1,1,69.46533490340047,156.0,0.44529060835513123
PLANNING,4,12,Line.tpx226308725b0,Triplex,1,1,1,69.45301242380347,156.0,0.44521161810130433
PLANNING,4,13,Line.tpx226308719b0,Triplex,1,1,1,69.43880334488428,156.0,0.4451205342620787
PLANNING,4,14,Line.tpx226308716b0,Triplex,1,1,1,69.42578099990283,156.0,0.4450370576916848
PLANNING,4,15,Line.tpx226308710b0,Triplex,1,1,1,69.41514344270743,156.0,0.44496886822248355
PLANNING,4,16,Line.tpx260595b0,Triplex,1,1,1,69.29784008107066,156.0,0.4442169235966068
PLANNING,4,17,Line.tpx293664b0,Triplex,1,1,1,68.39907637123729,156.0,0.43845561776434155
PLANNING,4,18,Line.ln5710794-3,Primary,1,3,3,175.22941307536666,400.0,0.43807353268841664
PLANNING,4,19,Line.hvmv_sub_connector,Primary,1,3,3,175.22941306604363,400.0,0.43807353266510907
PLANNING,4,20,Line.a8735_48332_sw,Primary,1,3,3,175.22936150194377,400.0,0.4380734037548594
PLANNING,5,1,Line.tpx227447984c0,Triplex,1,1,1,71.99129923400614,156.0,0.4614826873974752
PLANNING,5,2,Line.tpx21459660c0,Triplex,1,1,1,71.98546729174338,156.0,0.4614453031522011
PLANNING,5,3,Line.tpx226192801c0,Triplex,1,1,1,71.977567459302,156.0,0.4613946632006538
PLANNING,5,4,Line.tpx21459651c0,Triplex,1,1,1,71.96307342651174,156.0,0.4613017527340496
PLANNING,5,5,Line.tpx21459629c0,Triplex,1,1,1,71.95255914406343,156.0,0.46123435348758607
PLANNING,5,6,Line.tpx21458756c0,Triplex,1,1,1,71.92562636989034,156.0,0.46106170749929704
PLANNING,5,7,Line.tpx260595c0,Triplex,1,1,1,71.80480256520026,156.0,0.4602871959307709
PLANNING,5,8,Line.tpx21197413c0,Triplex,1,1,1,71.78061763535342,156.0,0.46013216432918863
PLANNING,5,9,Line.tpx2224230689c0,Triplex,1,1,1,71.23495910098167,156.0,0.45663435321142093
PLANNING,5,10,Line.tpx2224230651c0,Triplex,1,1,1,71.23108926614128,156.0,0.4566095465778287
PLANNING,5,11,Line.tpx226308729b0,Triplex,1,1,1,69.46533490346805,156.0,0.4452906083555644
PLANNING,5,12,Line.tpx226308725b0,Triplex,1,1,1,69.453012423873,156.0,0.44521161810175003
PLANNING,5,13,Line.tpx226308719b0,Triplex,1,1,1,69.43880334495319,156.0,0.4451205342625204
PLANNING,5,14,Line.tpx226308716b0,Triplex,1,1,1,69.42578099997364,156.0,0.4450370576921387
PLANNING,5,15,Line.tpx226308710b0,Triplex,1,1,1,69.4151434427765,156.0,0.44496886822292625
PLANNING,5,16,Line.tpx260595b0,Triplex,1,1,1,69.29784008114262,156.0,0.4442169235970681
PLANNING,5,17,Line.tpx293664b0,Triplex,1,1,1,68.39907637127281,156.0,0.4384556177645693
PLANNING,5,18,Line.hvmv_sub_connector,Primary,1,3,3,175.22941309210648,400.0,0.4380735327302662
PLANNING,5,19,Line.ln5710794-3,Primary,1,3,3,175.22941308161623,400.0,0.4380735327040406
PLANNING,5,20,Line.a8735_48332_sw,Primary,1,3,3,175.2293615083897,400.0,0.43807340377097426
PLANNING,6,1,Line.tpx227447984c0,Triplex,1,1,1,71.94028508576004,156.0,0.46115567362666693
PLANNING,6,2,Line.tpx21459660c0,Triplex,1,1,1,71.93446549903827,156.0,0.46111836858357863
PLANNING,6,3,Line.tpx226192801c0,Triplex,1,1,1,71.92658240673263,156.0,0.4610678359405938
PLANNING,6,4,Line.tpx21459651c0,Triplex,1,1,1,71.91211908199182,156.0,0.4609751223204604
PLANNING,6,5,Line.tpx21459629c0,Triplex,1,1,1,71.90162706883525,156.0,0.460907865825867
PLANNING,6,6,Line.tpx21458756c0,Triplex,1,1,1,71.8747513159588,156.0,0.4607355853587103
PLANNING,6,7,Line.tpx260595c0,Triplex,1,1,1,71.76901994077282,156.0,0.4600578201331591
PLANNING,6,8,Line.tpx21197413c0,Triplex,1,1,1,71.72305306157308,156.0,0.4597631606511095
PLANNING,6,9,Line.tpx2224230689c0,Triplex,1,1,1,71.18789523471378,156.0,0.45633266176098575
PLANNING,6,10,Line.tpx2224230651c0,Triplex,1,1,1,71.18403303898585,156.0,0.4563079040960631
PLANNING,6,11,Line.tpx226308729b0,Triplex,1,1,1,69.40706060526422,156.0,0.4449170551619501
PLANNING,6,12,Line.tpx226308725b0,Triplex,1,1,1,69.39483926862607,156.0,0.4448387132604235
PLANNING,6,13,Line.tpx226308719b0,Triplex,1,1,1,69.38075545102667,156.0,0.4447484323783761
PLANNING,6,14,Line.tpx226308716b0,Triplex,1,1,1,69.367824768899,156.0,0.44466554339037817
PLANNING,6,15,Line.tpx226308710b0,Triplex,1,1,1,69.35725146147912,156.0,0.44459776577871235
PLANNING,6,16,Line.tpx260595b0,Triplex,1,1,1,69.24213962397772,156.0,0.4438598693844726
PLANNING,6,17,Line.tpx293664b0,Triplex,1,1,1,68.31013010688176,156.0,0.4378854494030882
PLANNING,6,18,Line.hvmv_sub_connector,Primary,1,3,3,171.73433165648729,400.0,0.4293358291412182
PLANNING,6,19,Line.ln5710794-3,Primary,1,3,3,171.73433165390202,400.0,0.42933582913475504
PLANNING,6,20,Line.a8735_48332_sw,Primary,1,3,3,171.73427564015842,400.0,0.42933568910039605
PLANNING,7,1,Line.tpx227447984c0,Triplex,1,1,1,71.94028508667397,156.0,0.4611556736325254
PLANNING,7,2,Line.tpx21459660c0,Triplex,1,1,1,71.93446549995005,156.0,0.4611183685894234
PLANNING,7,3,Line.tpx226192801c0,Triplex,1,1,1,71.9265824076416,156.0,0.46106783594642053
PLANNING,7,4,Line.tpx21459651c0,Triplex,1,1,1,71.9121190829014,156.0,0.460975122326291
PLANNING,7,5,Line.tpx21459629c0,Triplex,1,1,1,71.90162706974743,156.0,0.46090786583171434
PLANNING,7,6,Line.tpx21458756c0,Triplex,1,1,1,71.87475131687046,156.0,0.4607355853645542
PLANNING,7,7,Line.tpx260595c0,Triplex,1,1,1,71.76901994119973,156.0,0.4600578201358957
PLANNING,7,8,Line.tpx21197413c0,Triplex,1,1,1,71.72305306226376,156.0,0.4597631606555369
PLANNING,7,9,Line.tpx2224230689c0,Triplex,1,1,1,71.18789523537575,156.0,0.45633266176522913
PLANNING,7,10,Line.tpx2224230651c0,Triplex,1,1,1,71.18403303964948,156.0,0.4563079041003172
PLANNING,7,11,Line.tpx226308729b0,Triplex,1,1,1,69.40706060487956,156.0,0.4449170551594844
PLANNING,7,12,Line.tpx226308725b0,Triplex,1,1,1,69.39483926824124,156.0,0.44483871325795665
PLANNING,7,13,Line.tpx226308719b0,Triplex,1,1,1,69.38075545064157,156.0,0.4447484323759075
PLANNING,7,14,Line.tpx226308716b0,Triplex,1,1,1,69.36782476851366,156.0,0.44466554338790804
PLANNING,7,15,Line.tpx226308710b0,Triplex,1,1,1,69.3572514610962,156.0,0.4445977657762577
PLANNING,7,16,Line.tpx260595b0,Triplex,1,1,1,69.24213962361043,156.0,0.44385986938211813
PLANNING,7,17,Line.tpx293664b0,Triplex,1,1,1,68.31013010648698,156.0,0.43788544940055757
PLANNING,7,18,Line.ln5710794-3,Primary,1,3,3,171.73433164973721,400.0,0.42933582912434304
PLANNING,7,19,Line.hvmv_sub_connector,Primary,1,3,3,171.7343316361189,400.0,0.4293358290902972
PLANNING,7,20,Line.a8735_48332_sw,Primary,1,3,3,171.73427563557945,400.0,0.42933568908894865
PLANNING,8,1,Line.tpx227447984c0,Triplex,1,1,1,71.90263034080478,156.0,0.4609142970564409
PLANNING,8,2,Line.tpx21459660c0,Triplex,1,1,1,71.89681986259598,156.0,0.46087705040125626
PLANNING,8,3,Line.tpx226192801c0,Triplex,1,1,1,71.88894911112287,156.0,0.4608265968661722
PLANNING,8,4,Line.tpx21459651c0,Triplex,1,1,1,71.8745084243882,156.0,0.4607340283614628
PLANNING,8,5,Line.tpx21459629c0,Triplex,1,1,1,71.86403282819785,156.0,0.46066687710383236
PLANNING,8,6,Line.tpx21458756c0,Triplex,1,1,1,71.83719911156835,156.0,0.4604948660997971
PLANNING,8,7,Line.tpx260595c0,Triplex,1,1,1,71.74263861905465,156.0,0.45988870909650414
PLANNING,8,8,Line.tpx21197413c0,Triplex,1,1,1,71.68058896654797,156.0,0.45949095491376907
PLANNING,8,9,Line.tpx2224230689c0,Triplex,1,1,1,71.153154957946,156.0,0.456109967679141
PLANNING,8,10,Line.tpx2224230651c0,Triplex,1,1,1,71.14929839447187,156.0,0.45608524611840945
PLANNING,8,11,Line.tpx226308729b0,Triplex,1,1,1,69.36434346096121,156.0,0.4446432273138539
PLANNING,8,12,Line.tpx226308725b0,Triplex,1,1,1,69.35219637314293,156.0,0.4445653613663008
PLANNING,8,13,Line.tpx226308719b0,Triplex,1,1,1,69.33820451887989,156.0,0.4444756699928198
PLANNING,8,14,Line.tpx226308716b0,Triplex,1,1,1,69.32534111301902,156.0,0.4443932122629424
PLANNING,8,15,Line.tpx226308710b0,Triplex,1,1,1,69.31481495042343,156.0,0.44432573686168864
PLANNING,8,16,Line.tpx260595b0,Triplex,1,1,1,69.20131056437371,156.0,0.44359814464342123
PLANNING,8,17,Line.tpx293664b0,Triplex,1,1,1,68.24491983030401,156.0,0.4374674348096411
PLANNING,8,18,Line.ln5710794-3,Primary,1,3,3,169.1612886976348,400.0,0.422903221744087
PLANNING,8,19,Line.hvmv_sub_connector,Primary,1,3,3,169.1612886963308,400.0,0.42290322174082695
PLANNING,8,20,Line.a8735_48332_sw,Primary,1,3,3,169.16122930145866,400.0,0.4229030732536467
PLANNING,9,1,Line.tpx227447984c0,Triplex,1,1,1,71.90263034142454,156.0,0.4609142970604137
PLANNING,9,2,Line.tpx21459660c0,Triplex,1,1,1,71.89681986321163,156.0,0.46087705040520277
PLANNING,9,3,Line.tpx226192801c0,Triplex,1,1,1,71.88894911173956,156.0,0.4608265968701254
PLANNING,9,4,Line.tpx21459651c0,Triplex,1,1,1,71.87450842500617,156.0,0.46073402836542415
PLANNING,9,5,Line.tpx21459629c0,Triplex,1,1,1,71.864032828816,156.0,0.4606668771077948
PLANNING,9,6,Line.tpx21458756c0,Triplex,1,1,1,71.83719911218357,156.0,0.46049486610374085
PLANNING,9,7,Line.tpx260595c0,Triplex,1,1,1,71.74263861920541,156.0,0.45988870909747054
PLANNING,9,8,Line.tpx21197413c0,Triplex,1,1,1,71.68058896691038,156.0,0.45949095491609215
PLANNING,9,9,Line.tpx2224230689c0,Triplex,1,1,1,71.15315495825998,156.0,0.4561099676811537
PLANNING,9,10,Line.tpx2224230651c0,Triplex,1,1,1,71.14929839478765,156.0,0.45608524612043366
PLANNING,9,11,Line.tpx226308729b0,Triplex,1,1,1,69.36434346084525,156.0,0.44464322731311057
PLANNING,9,12,Line.tpx226308725b0,Triplex,1,1,1,69.35219637303003,156.0,0.44456536136557706
PLANNING,9,13,Line.tpx226308719b0,Triplex,1,1,1,69.33820451876463,156.0,0.44447566999208094
PLANNING,9,14,Line.tpx226308716b0,Triplex,1,1,1,69.32534111290421,156.0,0.44439321226220646
PLANNING,9,15,Line.tpx226308710b0,Triplex,1,1,1,69.31481495031099,156.0,0.4443257368609679
PLANNING,9,16,Line.tpx260595b0,Triplex,1,1,1,69.20131056426281,156.0,0.44359814464271036
PLANNING,9,17,Line.tpx293664b0,Triplex,1,1,1,68.24491983021493,156.0,0.43746743480907
PLANNING,9,18,Line.ln5710794-3,Primary,1,3,3,169.16128869898725,400.0,0.42290322174746814
PLANNING,9,19,Line.hvmv_sub_connector,Primary,1,3,3,169.16128867431215,400.0,0.4229032216857804
PLANNING,9,20,Line.a8735_48332_sw,Primary,1,3,3,169.1612293047326,400.0,0.42290307326183146
PLANNING,10,1,Line.tpx227447984c0,Triplex,1,1,1,71.88074051484232,156.0,0.4607739776592456
PLANNING,10,2,Line.tpx21459660c0,Triplex,1,1,1,71.8749353272275,156.0,0.46073676491812504
PLANNING,10,3,Line.tpx226192801c0,Triplex,1,1,1,71.86707174382109,156.0,0.46068635733218644
PLANNING,10,4,Line.tpx21459651c0,Triplex,1,1,1,71.85264420618137,156.0,0.4605938731165472
PLANNING,10,5,Line.tpx21459629c0,Triplex,1,1,1,71.84217814564919,156.0,0.46052678298493066
PLANNING,10,6,Line.tpx21458756c0,Triplex,1,1,1,71.81536884545127,156.0,0.4603549284964825
PLANNING,10,7,Line.tpx260595c0,Triplex,1,1,1,71.72731413192727,156.0,0.459790475204662
PLANNING,10,8,Line.tpx21197413c0,Triplex,1,1,1,71.65591317275779,156.0,0.45933277674844736
PLANNING,10,9,Line.tpx2224230689c0,Triplex,1,1,1,71.1329588808468,156.0,0.45598050564645387
PLANNING,10,10,Line.tpx2224230651c0,Triplex,1,1,1,71.1291055890898,156.0,0.455955805058268
PLANNING,10,11,Line.tpx226308729b0,Triplex,1,1,1,69.33962459350045,156.0,0.4444847730352593
PLANNING,10,12,Line.tpx226308725b0,Triplex,1,1,1,69.32752051300143,156.0,0.4444071827756502
PLANNING,10,13,Line.tpx226308719b0,Triplex,1,1,1,69.313581930488,156.0,0.44431783288774357
PLANNING,10,14,Line.tpx226308716b0,Triplex,1,1,1,69.30075748806632,156.0,0.4442356249235021
PLANNING,10,15,Line.tpx226308710b0,Triplex,1,1,1,69.29025862519457,156.0,0.444168324520478
PLANNING,10,16,Line.tpx260595b0,Triplex,1,1,1,69.17768479970557,156.0,0.4434466974340101
PLANNING,10,17,Line.tpx293664b0,Triplex,1,1,1,68.20718129470175,156.0,0.43722552111988305
PLANNING,10,18,Line.ln5710794-3,Primary,1,3,3,167.66816050426442,400.0,0.4191704012606611
PLANNING,10,19,Line.hvmv_sub_connector,Primary,1,3,3,167.66816050224364,400.0,0.4191704012556091
PLANNING,10,20,Line.a8735_48332_sw,Primary,1,3,3,167.66809910069696,400.0,0.4191702477517424
PLANNING,11,1,Line.tpx227447984c0,Triplex,1,1,1,71.8807405149466,156.0,0.46077397765991407
PLANNING,11,2,Line.tpx21459660c0,Triplex,1,1,1,71.87493532733177,156.0,0.4607367649187934
PLANNING,11,3,Line.tpx226192801c0,Triplex,1,1,1,71.86707174392663,156.0,0.460686357332863
PLANNING,11,4,Line.tpx21459651c0,Triplex,1,1,1,71.85264420628471,156.0,0.4605938731172097
PLANNING,11,5,Line.tpx21459629c0,Triplex,1,1,1,71.84217814575572,156.0,0.4605267829856136
PLANNING,11,6,Line.tpx21458756c0,Triplex,1,1,1,71.81536884555976,156.0,0.46035492849717796
PLANNING,11,7,Line.tpx260595c0,Triplex,1,1,1,71.72731413182724,156.0,0.4597904752040208
PLANNING,11,8,Line.tpx21197413c0,Triplex,1,1,1,71.65591317276242,156.0,0.45933277674847706
PLANNING,11,9,Line.tpx2224230689c0,Triplex,1,1,1,71.13295888082472,156.0,0.45598050564631226
PLANNING,11,10,Line.tpx2224230651c0,Triplex,1,1,1,71.12910558906724,156.0,0.45595580505812333
PLANNING,11,11,Line.tpx226308729b0,Triplex,1,1,1,69.33962459355746,156.0,0.4444847730356247
PLANNING,11,12,Line.tpx226308725b0,Triplex,1,1,1,69.32752051306136,156.0,0.44440718277603436
PLANNING,11,13,Line.tpx226308719b0,Triplex,1,1,1,69.31358193054601,156.0,0.44431783288811544
PLANNING,11,14,Line.tpx226308716b0,Triplex,1,1,1,69.30075748813019,156.0,0.44423562492391144
PLANNING,11,15,Line.tpx226308710b0,Triplex,1,1,1,69.29025862525222,156.0,0.4441683245208476
PLANNING,11,16,Line.tpx260595b0,Triplex,1,1,1,69.17768479976988,156.0,0.4434466974344223
PLANNING,11,17,Line.tpx293664b0,Triplex,1,1,1,68.20718129462621,156.0,0.4372255211193988
PLANNING,11,18,Line.ln5710794-3,Primary,1,3,3,167.66816050583878,400.0,0.419170401264597
PLANNING,11,19,Line.hvmv_sub_connector,Primary,1,3,3,167.66816050224364,400.0,0.4191704012556091
PLANNING,11,20,Line.a8735_48332_sw,Primary,1,3,3,167.668099101631,400.0,0.41917024775407746
PLANNING,12,1,Line.tpx227447984c0,Triplex,1,1,1,71.87089907011938,156.0,0.46071089147512423
PLANNING,12,2,Line.tpx21459660c0,Triplex,1,1,1,71.8650962600382,156.0,0.46067369397460384
PLANNING,12,3,Line.tpx226192801c0,Triplex,1,1,1,71.85723589787791,156.0,0.46062330703767895
PLANNING,12,4,Line.tpx21459651c0,Triplex,1,1,1,71.84281426928996,156.0,0.46053086070057664
PLANNING,12,5,Line.tpx21459629c0,Triplex,1,1,1,71.8323524939784,156.0,0.4604637980383231
PLANNING,12,6,Line.tpx21458756c0,Triplex,1,1,1,71.80555416625644,156.0,0.46029201388625923
PLANNING,12,7,Line.tpx260595c0,Triplex,1,1,1,71.72042718369634,156.0,0.4597463281006176
PLANNING,12,8,Line.tpx21197413c0,Triplex,1,1,1,71.64482152034749,156.0,0.45926167641248394
PLANNING,12,9,Line.tpx2224230689c0,Triplex,1,1,1,71.12387880437045,156.0,0.4559223000280157
PLANNING,12,10,Line.tpx2224230651c0,Triplex,1,1,1,71.12002698294816,156.0,0.4558976088650523
PLANNING,12,11,Line.tpx226308729b0,Triplex,1,1,1,69.32853825228305,156.0,0.4444137067454042
PLANNING,12,12,Line.tpx226308725b0,Triplex,1,1,1,69.31645347059944,156.0,0.44433624019615026
PLANNING,12,13,Line.tpx226308719b0,Triplex,1,1,1,69.30253879375748,156.0,0.44424704354972744
PLANNING,12,14,Line.tpx226308716b0,Triplex,1,1,1,69.28973183430415,156.0,0.44416494765579584
PLANNING,12,15,Line.tpx226308710b0,Triplex,1,1,1,69.27924521978782,156.0,0.44409772576787065
PLANNING,12,16,Line.tpx260595b0,Triplex,1,1,1,69.16708884096464,156.0,0.4433787746215682
PLANNING,12,17,Line.tpx293664b0,Triplex,1,1,1,68.19025478034774,156.0,0.4371170178227419
PLANNING,12,18,Line.hvmv_sub_connector,Primary,1,3,3,166.99750582535822,400.0,0.41749376456339554
PLANNING,12,19,Line.ln5710794-3,Primary,1,3,3,166.99750581732246,400.0,0.41749376454330617
PLANNING,12,20,Line.a8735_48332_sw,Primary,1,3,3,166.99744349903276,400.0,0.4174936087475819
PLANNING,13,1,Line.tpx227447984c0,Triplex,1,1,1,71.87089907066418,156.0,0.46071089147861655
PLANNING,13,2,Line.tpx21459660c0,Triplex,1,1,1,71.86509626057958,156.0,0.46067369397807423
PLANNING,13,3,Line.tpx226192801c0,Triplex,1,1,1,71.85723589842314,156.0,0.460623307041174
PLANNING,13,4,Line.tpx21459651c0,Triplex,1,1,1,71.84281426983502,156.0,0.4605308607040706
PLANNING,13,5,Line.tpx21459629c0,Triplex,1,1,1,71.83235249452133,156.0,0.46046379804180343
PLANNING,13,6,Line.tpx21458756c0,Triplex,1,1,1,71.80555416679775,156.0,0.4602920138897292
PLANNING,13,7,Line.tpx260595c0,Triplex,1,1,1,71.72042718390071,156.0,0.4597463281019276
PLANNING,13,8,Line.tpx21197413c0,Triplex,1,1,1,71.64482152074319,156.0,0.45926167641502047
PLANNING,13,9,Line.tpx2224230689c0,Triplex,1,1,1,71.12387880474463,156.0,0.45592230003041434
PLANNING,13,10,Line.tpx2224230651c0,Triplex,1,1,1,71.12002698332283,156.0,0.45589760886745406
PLANNING,13,11,Line.tpx226308729b0,Triplex,1,1,1,69.32853825207258,156.0,0.44441370674405495
PLANNING,13,12,Line.tpx226308725b0,Triplex,1,1,1,69.31645347038689,156.0,0.44433624019478773
PLANNING,13,13,Line.tpx226308719b0,Triplex,1,1,1,69.30253879354699,156.0,0.44424704354837813
PLANNING,13,14,Line.tpx226308716b0,Triplex,1,1,1,69.28973183409151,156.0,0.44416494765443276
PLANNING,13,15,Line.tpx226308710b0,Triplex,1,1,1,69.27924521957816,156.0,0.4440977257665267
PLANNING,13,16,Line.tpx260595b0,Triplex,1,1,1,69.16708884076107,156.0,0.44337877462026326
PLANNING,13,17,Line.tpx293664b0,Triplex,1,1,1,68.19025478012843,156.0,0.43711701782133605
PLANNING,13,18,Line.hvmv_sub_connector,Primary,1,3,3,166.9975058179076,400.0,0.417493764544769
PLANNING,13,19,Line.ln5710794-3,Primary,1,3,3,166.9975058153292,400.0,0.417493764538323
PLANNING,13,20,Line.a8735_48332_sw,Primary,1,3,3,166.99744349762295,400.0,0.4174936087440574
PLANNING,14,1,Line.tpx227447984c0,Triplex,1,1,1,71.87073253337107,156.0,0.4607098239318658
PLANNING,14,2,Line.tpx21459660c0,Triplex,1,1,1,71.86492976351784,156.0,0.4606726266892169
PLANNING,14,3,Line.tpx226192801c0,Triplex,1,1,1,71.8570694558608,156.0,0.46062224010167174
PLANNING,14,4,Line.tpx21459651c0,Triplex,1,1,1,71.8426479272507,156.0,0.46052979440545316
PLANNING,14,5,Line.tpx21459629c0,Triplex,1,1,1,71.8321862244422,156.0,0.4604627322079628
PLANNING,14,6,Line.tpx21458756c0,Triplex,1,1,1,71.80538808237135,156.0,0.4602909492459702
PLANNING,14,7,Line.tpx260595c0,Triplex,1,1,1,71.72031065730906,156.0,0.4597455811365965
PLANNING,14,8,Line.tpx21197413c0,Triplex,1,1,1,71.64463383955226,156.0,0.45926047333046316
PLANNING,14,9,Line.tpx2224230689c0,Triplex,1,1,1,71.12372515046056,156.0,0.45592131506705486
PLANNING,14,10,Line.tpx2224230651c0,Triplex,1,1,1,71.11987335391868,156.0,0.4558966240635813
PLANNING,14,11,Line.tpx226308729b0,Triplex,1,1,1,69.32835079179449,156.0,0.4444125050756057
PLANNING,14,12,Line.tpx226308725b0,Triplex,1,1,1,69.31626633649421,156.0,0.4443350406185526
PLANNING,14,13,Line.tpx226308719b0,Triplex,1,1,1,69.30235206394593,156.0,0.444245846563756
PLANNING,14,14,Line.tpx226308716b0,Triplex,1,1,1,69.28954540015545,156.0,0.44416375256509905
PLANNING,14,15,Line.tpx226308710b0,Triplex,1,1,1,69.27905899277516,156.0,0.444096532004969
PLANNING,14,16,Line.tpx260595b0,Triplex,1,1,1,69.16690967309778,156.0,0.44337762610960113
PLANNING,14,17,Line.tpx293664b0,Triplex,1,1,1,68.18996856292088,156.0,0.4371151830956467
PLANNING,14,18,Line.ln5710794-3,Primary,1,3,3,166.98616038322695,400.0,0.4174654009580674
PLANNING,14,19,Line.hvmv_sub_connector,Primary,1,3,3,166.9861603748772,400.0,0.417465400937193
PLANNING,14,20,Line.a8735_48332_sw,Primary,1,3,3,166.98609804830875,400.0,0.4174652451207719
PLANNING,15,1,Line.tpx227447984c0,Triplex,1,1,1,71.87073253278483,156.0,0.4607098239281079
PLANNING,15,2,Line.tpx21459660c0,Triplex,1,1,1,71.86492976293049,156.0,0.46067262668545184
PLANNING,15,3,Line.tpx226192801c0,Triplex,1,1,1,71.85706945527376,156.0,0.4606222400979087
PLANNING,15,4,Line.tpx21459651c0,Triplex,1,1,1,71.84264792666588,156.0,0.46052979440170433
PLANNING,15,5,Line.tpx21459629c0,Triplex,1,1,1,71.8321862238584,156.0,0.4604627322042205
PLANNING,15,6,Line.tpx21458756c0,Triplex,1,1,1,71.80538808178633,156.0,0.4602909492422201
PLANNING,15,7,Line.tpx260595c0,Triplex,1,1,1,71.72031065695154,156.0,0.45974558113430475
PLANNING,15,8,Line.tpx21197413c0,Triplex,1,1,1,71.64463383901409,156.0,0.4592604733270134
PLANNING,15,9,Line.tpx2224230689c0,Triplex,1,1,1,71.12372514995788,156.0,0.45592131506383254
PLANNING,15,10,Line.tpx2224230651c0,Triplex,1,1,1,71.11987335341473,156.0,0.45589662406035086
PLANNING,15,11,Line.tpx226308729b0,Triplex,1,1,1,69.32835079246126,156.0,0.4444125050798799
PLANNING,15,12,Line.tpx226308725b0,Triplex,1,1,1,69.31626633715837,156.0,0.44433504062281004
PLANNING,15,13,Line.tpx226308719b0,Triplex,1,1,1,69.30235206461248,156.0,0.4442458465680287
PLANNING,15,14,Line.tpx226308716b0,Triplex,1,1,1,69.28954540081973,156.0,0.44416375256935725
PLANNING,15,15,Line.tpx226308710b0,Triplex,1,1,1,69.27905899344015,156.0,0.4440965320092317
PLANNING,15,16,Line.tpx260595b0,Triplex,1,1,1,69.16690967374306,156.0,0.4433776261137376
PLANNING,15,17,Line.tpx293664b0,Triplex,1,1,1,68.18996856377929,156.0,0.4371151831011493
PLANNING,15,18,Line.ln5710794-3,Primary,1,3,3,166.98616037956543,400.0,0.4174654009489136
PLANNING,15,19,Line.hvmv_sub_connector,Primary,1,3,3,166.98616037463918,400.0,0.41746540093659795
PLANNING,15,20,Line.a8735_48332_sw,Primary,1,3,3,166.98609804505188,400.0,0.41746524511262967
PLANNING,16,1,Line.tpx227447984c0,Triplex,1,1,1,71.8892618400958,156.0,0.4608286015390756
PLANNING,16,2,Line.tpx21459660c0,Triplex,1,1,1,71.8834545933315,156.0,0.4607913755982789
PLANNING,16,3,Line.tpx226192801c0,Triplex,1,1,1,71.87558822005118,156.0,0.4607409501285332
PLANNING,16,4,Line.tpx21459651c0,Triplex,1,1,1,71.8611555646654,156.0,0.46064843310682946
PLANNING,16,5,Line.tpx21459629c0,Triplex,1,1,1,71.85068579276816,156.0,0.4605813191844113
PLANNING,16,6,Line.tpx21458756c0,Triplex,1,1,1,71.82386698947255,156.0,0.4604094037786702
PLANNING,16,7,Line.tpx260595c0,Triplex,1,1,1,71.73327866629953,156.0,0.45982870939935594
PLANNING,16,8,Line.tpx21197413c0,Triplex,1,1,1,71.66551817201005,156.0,0.4593943472564747
PLANNING,16,9,Line.tpx2224230689c0,Triplex,1,1,1,71.14082090454059,156.0,0.45603090323423456
PLANNING,16,10,Line.tpx2224230651c0,Triplex,1,1,1,71.13696633937381,156.0,0.4560061944831655
PLANNING,16,11,Line.tpx226308729b0,Triplex,1,1,1,69.34923733455683,156.0,0.4445463931702361
PLANNING,16,12,Line.tpx226308725b0,Triplex,1,1,1,69.33711652554625,156.0,0.44446869567657854
PLANNING,16,13,Line.tpx226308719b0,Triplex,1,1,1,69.32315722166378,156.0,0.4443792129593832
PLANNING,16,14,Line.tpx226308716b0,Triplex,1,1,1,69.31031762412677,156.0,0.44429690784696646
PLANNING,16,15,Line.tpx226308710b0,Triplex,1,1,1,69.29980814321664,156.0,0.4442295393795938
PLANNING,16,16,Line.tpx260595b0,Triplex,1,1,1,69.18687240487259,156.0,0.44350559233892684
PLANNING,16,17,Line.tpx293664b0,Triplex,1,1,1,68.2218574846938,156.0,0.43731959926085767
PLANNING,16,18,Line.ln5710794-3,Primary,1,3,3,168.24917578169226,400.0,0.4206229394542306
PLANNING,16,19,Line.hvmv_sub_connector,Primary,1,3,3,168.24917577356283,400.0,0.42062293943390705
PLANNING,16,20,Line.a8735_48332_sw,Primary,1,3,3,168.24911516446943,400.0,0.4206227879111736
PLANNING,17,1,Line.tpx227447984c0,Triplex,1,1,1,71.88926183998895,156.0,0.46082860153839067
PLANNING,17,2,Line.tpx21459660c0,Triplex,1,1,1,71.88345459322639,156.0,0.4607913755976051
PLANNING,17,3,Line.tpx226192801c0,Triplex,1,1,1,71.87558821994652,156.0,0.4607409501278623
PLANNING,17,4,Line.tpx21459651c0,Triplex,1,1,1,71.86115556455835,156.0,0.46064843310614323
PLANNING,17,5,Line.tpx21459629c0,Triplex,1,1,1,71.85068579266671,156.0,0.46058131918376094
PLANNING,17,6,Line.tpx21458756c0,Triplex,1,1,1,71.82386698936915,156.0,0.4604094037780074
PLANNING,17,7,Line.tpx260595c0,Triplex,1,1,1,71.73327866619555,156.0,0.4598287093986894
PLANNING,17,8,Line.tpx21197413c0,Triplex,1,1,1,71.66551817196164,156.0,0.45939434725616435
PLANNING,17,9,Line.tpx2224230689c0,Triplex,1,1,1,71.14082090445628,156.0,0.4560309032336941
PLANNING,17,10,Line.tpx2224230651c0,Triplex,1,1,1,71.13696633929457,156.0,0.4560061944826575
PLANNING,17,11,Line.tpx226308729b0,Triplex,1,1,1,69.3492373345646,156.0,0.44454639317028594
PLANNING,17,12,Line.tpx226308725b0,Triplex,1,1,1,69.33711652555422,156.0,0.4444686956766296
PLANNING,17,13,Line.tpx226308719b0,Triplex,1,1,1,69.32315722167192,156.0,0.4443792129594354
PLANNING,17,14,Line.tpx226308716b0,Triplex,1,1,1,69.31031762413221,156.0,0.4442969078470013
PLANNING,17,15,Line.tpx226308710b0,Triplex,1,1,1,69.29980814322275,156.0,0.444229539379633
PLANNING,17,16,Line.tpx260595b0,Triplex,1,1,1,69.18687240488183,156.0,0.44350559233898607
PLANNING,17,17,Line.tpx293664b0,Triplex,1,1,1,68.2218574844815,156.0,0.4373195992594968
PLANNING,17,18,Line.ln5710794-3,Primary,1,3,3,168.24917578442262,400.0,0.42062293946105656
PLANNING,17,19,Line.hvmv_sub_connector,Primary,1,3,3,168.24917575885218,400.0,0.4206229393971304
PLANNING,17,20,Line.a8735_48332_sw,Primary,1,3,3,168.24911516586118,400.0,0.42062278791465296
PLANNING,18,1,Line.tpx227447984c0,Triplex,1,1,1,71.92552897618567,156.0,0.4610610831806774
PLANNING,18,2,Line.tpx21459660c0,Triplex,1,1,1,71.91971296005244,156.0,0.4610238010259772
PLANNING,18,3,Line.tpx226192801c0,Triplex,1,1,1,71.91183470542444,156.0,0.4609732993937464
PLANNING,18,4,Line.tpx21459651c0,Triplex,1,1,1,71.89738025491322,156.0,0.4608806426597001
PLANNING,18,5,Line.tpx21459629c0,Triplex,1,1,1,71.88689467730381,156.0,0.4608134274186142
PLANNING,18,6,Line.tpx21458756c0,Triplex,1,1,1,71.8600354028686,156.0,0.46064125258249106
PLANNING,18,7,Line.tpx260595c0,Triplex,1,1,1,71.75867857982236,156.0,0.45999152935783566
PLANNING,18,8,Line.tpx21197413c0,Triplex,1,1,1,71.7064096965982,156.0,0.459656472414091
PLANNING,18,9,Line.tpx2224230689c0,Triplex,1,1,1,71.17428137902225,156.0,0.4562453934552708
PLANNING,18,10,Line.tpx2224230651c0,Triplex,1,1,1,71.17042139109955,156.0,0.45622064994294587
PLANNING,18,11,Line.tpx226308729b0,Triplex,1,1,1,69.39029093165283,156.0,0.4448095572541848
PLANNING,18,12,Line.tpx226308725b0,Triplex,1,1,1,69.37809873228755,156.0,0.4447314021300484
PLANNING,18,13,Line.tpx226308719b0,Triplex,1,1,1,69.3640510026823,156.0,0.44464135258129683
PLANNING,18,14,Line.tpx226308716b0,Triplex,1,1,1,69.35114672294334,156.0,0.4445586328393804
PLANNING,18,15,Line.tpx226308710b0,Triplex,1,1,1,69.34059191854911,156.0,0.44449097383685326
PLANNING,18,16,Line.tpx260595b0,Triplex,1,1,1,69.22611102563873,156.0,0.4437571219592226
PLANNING,18,17,Line.tpx293664b0,Triplex,1,1,1,68.28453115975016,156.0,0.43772135358814207
PLANNING,18,18,Line.ln5710794-3,Primary,1,3,3,170.72532297424908,400.0,0.4268133074356227
PLANNING,18,19,Line.hvmv_sub_connector,Primary,1,3,3,170.72532297061468,400.0,0.4268133074265367
PLANNING,18,20,Line.a8735_48332_sw,Primary,1,3,3,170.72526564661058,400.0,0.4268131641165265
PLANNING,19,1,Line.tpx227447984c0,Triplex,1,1,1,71.92552897703727,156.0,0.46106108318613637
PLANNING,19,2,Line.tpx21459660c0,Triplex,1,1,1,71.91971296090178,156.0,0.46102380103142165
PLANNING,19,3,Line.tpx226192801c0,Triplex,1,1,1,71.91183470627553,156.0,0.4609732993992021
PLANNING,19,4,Line.tpx21459651c0,Triplex,1,1,1,71.89738025576321,156.0,0.4608806426651488
PLANNING,19,5,Line.tpx21459629c0,Triplex,1,1,1,71.88689467815017,156.0,0.4608134274240396
PLANNING,19,6,Line.tpx21458756c0,Triplex,1,1,1,71.8600354037143,156.0,0.4606412525879122
PLANNING,19,7,Line.tpx260595c0,Triplex,1,1,1,71.75867858005759,156.0,0.4599915293593435
PLANNING,19,8,Line.tpx21197413c0,Triplex,1,1,1,71.7064096971965,156.0,0.45965647241792634
PLANNING,19,9,Line.tpx2224230689c0,Triplex,1,1,1,71.17428137956196,156.0,0.4562453934587305
PLANNING,19,10,Line.tpx2224230651c0,Triplex,1,1,1,71.17042139164188,156.0,0.4562206499464223
PLANNING,19,11,Line.tpx226308729b0,Triplex,1,1,1,69.39029093126007,156.0,0.4448095572516671
PLANNING,19,12,Line.tpx226308725b0,Triplex,1,1,1,69.37809873189418,156.0,0.4447314021275268
PLANNING,19,13,Line.tpx226308719b0,Triplex,1,1,1,69.36405100228973,156.0,0.4446413525787803
PLANNING,19,14,Line.tpx226308716b0,Triplex,1,1,1,69.35114672255106,156.0,0.4445586328368658
PLANNING,19,15,Line.tpx226308710b0,Triplex,1,1,1,69.34059191815894,156.0,0.44449097383435215
PLANNING,19,16,Line.tpx260595b0,Triplex,1,1,1,69.22611102525593,156.0,0.4437571219567688
PLANNING,19,17,Line.tpx293664b0,Triplex,1,1,1,68.28453115913207,156.0,0.43772135358417996
PLANNING,19,18,Line.hvmv_sub_connector,Primary,1,3,3,170.72532298478023,400.0,0.42681330746195056
PLANNING,19,19,Line.ln5710794-3,Primary,1,3,3,170.72532298300303,400.0,0.42681330745750756
PLANNING,19,20,Line.a8735_48332_sw,Primary,1,3,3,170.72526565502105,400.0,0.4268131641375526
PLANNING,20,1,Line.tpx227447984c0,Triplex,1,1,1,71.99963253831778,156.0,0.46153610601485756
PLANNING,20,2,Line.tpx21459660c0,Triplex,1,1,1,71.99379857605194,156.0,0.4614987088208458
PLANNING,20,3,Line.tpx226192801c0,Triplex,1,1,1,71.98589600677613,156.0,0.461448051325488
PLANNING,20,4,Line.tpx21459651c0,Triplex,1,1,1,71.97139695354045,156.0,0.46135510867654134
PLANNING,20,5,Line.tpx21459629c0,Triplex,1,1,1,71.96087903029576,156.0,0.46128768609163945
PLANNING,20,6,Line.tpx21458756c0,Triplex,1,1,1,71.93393693375533,156.0,0.4611149803445855
PLANNING,20,7,Line.tpx260595c0,Triplex,1,1,1,71.8106523749801,156.0,0.46032469471141085
PLANNING,20,8,Line.tpx21197413c0,Triplex,1,1,1,71.79002483160431,156.0,0.4601924668692584
PLANNING,20,9,Line.tpx2224230689c0,Triplex,1,1,1,71.24264691924164,156.0,0.4566836340977028
PLANNING,20,10,Line.tpx2224230651c0,Triplex,1,1,1,71.23877583558867,156.0,0.45665881945890174
PLANNING,20,11,Line.tpx226308729b0,Triplex,1,1,1,69.47489872544185,156.0,0.4453519149066785
PLANNING,20,12,Line.tpx226308725b0,Triplex,1,1,1,69.46255966244561,156.0,0.44527281834901034
PLANNING,20,13,Line.tpx226308719b0,Triplex,1,1,1,69.44833004707479,156.0,0.44518160286586406
PLANNING,20,14,Line.tpx226308716b0,Triplex,1,1,1,69.43529267107657,156.0,0.4450980299427985
PLANNING,20,15,Line.tpx226308710b0,Triplex,1,1,1,69.42464457638218,156.0,0.44502977292552676
PLANNING,20,16,Line.tpx260595b0,Triplex,1,1,1,69.30698169409163,156.0,0.44427552368007456
PLANNING,20,17,Line.ln5710794-3,Primary,1,3,3,175.80134063597256,400.0,0.4395033515899314
PLANNING,20,18,Line.hvmv_sub_connector,Primary,1,3,3,175.8013406164754,400.0,0.43950335154118847
PLANNING,20,19,Line.a8735_48332_sw,Primary,1,3,3,175.8012897729715,400.0,0.43950322443242873
PLANNING,20,20,Line.ln5815900-1,Primary,1,3,3,175.80128975033816,400.0,0.4395032243758454
PLANNING,21,1,Line.tpx227447984c0,Triplex,1,1,1,71.9996325379279,156.0,0.4615361060123583
PLANNING,21,2,Line.tpx21459660c0,Triplex,1,1,1,71.99379857565962,156.0,0.46149870881833094
PLANNING,21,3,Line.tpx226192801c0,Triplex,1,1,1,71.98589600638714,156.0,0.4614480513229945
PLANNING,21,4,Line.tpx21459651c0,Triplex,1,1,1,71.97139695314948,156.0,0.4613551086740351
PLANNING,21,5,Line.tpx21459629c0,Triplex,1,1,1,71.9608790299045,156.0,0.46128768608913145
PLANNING,21,6,Line.tpx21458756c0,Triplex,1,1,1,71.93393693336405,156.0,0.46111498034207726
PLANNING,21,7,Line.tpx260595c0,Triplex,1,1,1,71.81065237465214,156.0,0.4603246947093086
PLANNING,21,8,Line.tpx21197413c0,Triplex,1,1,1,71.7900248311828,156.0,0.46019246686655646
PLANNING,21,9,Line.tpx2224230689c0,Triplex,1,1,1,71.24264691882276,156.0,0.45668363409501767
PLANNING,21,10,Line.tpx2224230651c0,Triplex,1,1,1,71.23877583517107,156.0,0.4566588194562248
PLANNING,21,11,Line.tpx226308729b0,Triplex,1,1,1,69.47489872520872,156.0,0.4453519149051841
PLANNING,21,12,Line.tpx226308725b0,Triplex,1,1,1,69.46255966221132,156.0,0.4452728183475085
PLANNING,21,13,Line.tpx226308719b0,Triplex,1,1,1,69.44833004684236,156.0,0.4451816028643741
PLANNING,21,14,Line.tpx226308716b0,Triplex,1,1,1,69.43529267084462,156.0,0.44509802994131165
PLANNING,21,15,Line.tpx226308710b0,Triplex,1,1,1,69.42464457615056,156.0,0.445029772924042
PLANNING,21,16,Line.tpx260595b0,Triplex,1,1,1,69.3069816938728,156.0,0.4442755236786718
PLANNING,21,17,Line.ln5710794-3,Primary,1,3,3,175.80134062996774,400.0,0.4395033515749194
PLANNING,21,18,Line.hvmv_sub_connector,Primary,1,3,3,175.8013406164754,400.0,0.43950335154118847
PLANNING,21,19,Line.a8735_48332_sw,Primary,1,3,3,175.80128976679399,400.0,0.43950322441698497
PLANNING,21,20,Line.ln5815900-1,Primary,1,3,3,175.8012897441025,400.0,0.43950322436025624
PLANNING,22,1,Line.tpx227447984c0,Triplex,1,1,1,72.08919820314493,156.0,0.4621102448919547
PLANNING,22,2,Line.tpx21459660c0,Triplex,1,1,1,72.08334249996948,156.0,0.4620727083331377
PLANNING,22,3,Line.tpx226192801c0,Triplex,1,1,1,72.07541047463914,156.0,0.4620218620169176
PLANNING,22,4,Line.tpx21459651c0,Triplex,1,1,1,72.06085738737409,156.0,0.4619285729959877
PLANNING,22,5,Line.tpx21459629c0,Triplex,1,1,1,72.05030027903163,156.0,0.46186089922456175
PLANNING,22,6,Line.tpx21458756c0,Triplex,1,1,1,72.02325784792964,156.0,0.4616875503072413
PLANNING,22,7,Line.tpx21197413c0,Triplex,1,1,1,71.89120269021424,156.0,0.46084104288598876
PLANNING,22,8,Line.tpx260595c0,Triplex,1,1,1,71.8736095597394,156.0,0.46072826640858594
PLANNING,22,9,Line.tpx2224230689c0,Triplex,1,1,1,71.32527145251457,156.0,0.4572132785417601
PLANNING,22,10,Line.tpx2224230651c0,Triplex,1,1,1,71.32138692997314,156.0,0.4571883777562381
PLANNING,22,11,Line.ln6504019-5,Primary,1,2,2,182.1625362120771,400.0,0.45540634053019274
PLANNING,22,12,Line.ln6048634-1,Primary,1,2,2,182.16248068532863,400.0,0.4554062017133216
PLANNING,22,13,Line.ln5866268-1,Primary,1,2,2,182.16239108862925,400.0,0.4554059777215731
PLANNING,22,14,Line.ln5473440-1,Primary,1,2,2,182.16227785350702,400.0,0.45540569463376757
PLANNING,22,15,Line.ln6261021-1,Primary,1,2,2,182.16210525472457,400.0,0.4554052631368114
PLANNING,22,16,Line.ln6351519-1,Primary,1,2,2,182.16195266493312,400.0,0.45540488166233284
PLANNING,22,17,Line.ln5594242-1,Primary,1,2,2,182.16186702769548,400.0,0.4554046675692387
PLANNING,22,18,Line.ln5654472-1,Primary,1,2,2,182.16178603733417,400.0,0.45540446509333543
PLANNING,22,19,Line.ln6291242-1,Primary,1,2,2,182.16168716002983,400.0,0.45540421790007457
PLANNING,22,20,Line.ln5654466-1,Primary,1,2,2,182.16157357806804,400.0,0.4554039339451701
PLANNING,23,1,Line.tpx227447984c0,Triplex,1,1,1,72.08919820411656,156.0,0.46211024489818303
PLANNING,23,2,Line.tpx21459660c0,Triplex,1,1,1,72.08334250094178,156.0,0.4620727083393704
PLANNING,23,3,Line.tpx226192801c0,Triplex,1,1,1,72.075410475611,156.0,0.4620218620231474
PLANNING,23,4,Line.tpx21459651c0,Triplex,1,1,1,72.06085738834447,156.0,0.4619285730022082
PLANNING,23,5,Line.tpx21459629c0,Triplex,1,1,1,72.05030028000088,156.0,0.4618608992307749
PLANNING,23,6,Line.tpx21458756c0,Triplex,1,1,1,72.02325784889914,156.0,0.461687550313456
PLANNING,23,7,Line.tpx21197413c0,Triplex,1,1,1,71.8912026910562,156.0,0.46084104289138583
PLANNING,23,8,Line.tpx260595c0,Triplex,1,1,1,71.8736095602469,156.0,0.4607282664118391
PLANNING,23,9,Line.tpx2224230689c0,Triplex,1,1,1,71.32527145330796,156.0,0.4572132785468459
PLANNING,23,10,Line.tpx2224230651c0,Triplex,1,1,1,71.3213869307669,156.0,0.4571883777613263
PLANNING,23,11,Line.ln6504019-5,Primary,1,2,2,182.16253621168627,400.0,0.4554063405292157
PLANNING,23,12,Line.ln6048634-1,Primary,1,2,2,182.1624806849231,400.0,0.4554062017123078
PLANNING,23,13,Line.ln5866268-1,Primary,1,2,2,182.1623910882542,400.0,0.4554059777206355
PLANNING,23,14,Line.ln5473440-1,Primary,1,2,2,182.16227785310997,400.0,0.4554056946327749
PLANNING,23,15,Line.ln6261021-1,Primary,1,2,2,182.16210525430833,400.0,0.45540526313577084
PLANNING,23,16,Line.ln6351519-1,Primary,1,2,2,182.16195266452203,400.0,0.4554048816613051
PLANNING,23,17,Line.ln5594242-1,Primary,1,2,2,182.16186702722592,400.0,0.4554046675680648
PLANNING,23,18,Line.ln5654472-1,Primary,1,2,2,182.16178603694178,400.0,0.45540446509235444
PLANNING,23,19,Line.ln6291242-1,Primary,1,2,2,182.16168715958872,400.0,0.4554042178989718
PLANNING,23,20,Line.ln5654466-1,Primary,1,2,2,182.161573577723,400.0,0.4554039339443075
PLANNING,24,1,Line.ln6504019-5,Primary,1,2,2,192.35197253879272,400.0,0.4808799313469818
PLANNING,24,2,Line.ln6048634-1,Primary,1,2,2,192.35188940950627,400.0,0.4808797235237657
PLANNING,24,3,Line.ln5866268-1,Primary,1,2,2,192.35175576533635,400.0,0.48087938941334085
PLANNING,24,4,Line.ln5473440-1,Primary,1,2,2,192.35158769299244,400.0,0.4808789692324811
PLANNING,24,5,Line.ln6261021-1,Primary,1,2,2,192.3513331874761,400.0,0.4808783329686902
PLANNING,24,6,Line.ln6351519-1,Primary,1,2,2,192.35110976184825,400.0,0.48087777440462065
PLANNING,24,7,Line.ln5594242-1,Primary,1,2,2,192.35098497828267,400.0,0.48087746244570667
PLANNING,24,8,Line.ln5654472-1,Primary,1,2,2,192.35086734999905,400.0,0.4808771683749976
PLANNING,24,9,Line.ln6291242-1,Primary,1,2,2,192.35072423054223,400.0,0.48087681057635556
PLANNING,24,10,Line.ln5654466-1,Primary,1,2,2,192.35056046210758,400.0,0.480876401155269
PLANNING,24,11,Line.ln6321409-1,Primary,1,2,2,192.35043835211974,400.0,0.48087609588029934
PLANNING,24,12,Line.xj171_48332_sw,Primary,1,2,2,192.3504382613935,400.0,0.4808760956534837
PLANNING,24,13,Line.ln5513564-1,Primary,1,2,2,192.35039131006957,400.0,0.4808759782751739
PLANNING,24,14,Line.cap_1b,Primary,1,2,1,192.3502913045614,400.0,0.4808757282614035
PLANNING,24,15,Line.ln5513564-2,Primary,1,2,2,192.35029130414605,400.0,0.4808757282603651
PLANNING,24,16,Line.ln5775442-1,Primary,1,2,2,192.35005461843886,400.0,0.48087513654609715
PLANNING,24,17,Line.ln5896798-1,Primary,1,2,2,192.34995453868646,400.0,0.48087488634671616
PLANNING,24,18,Line.ln5714974-1,Primary,1,2,2,192.34967337886548,400.0,0.4808741834471637
PLANNING,24,19,Line.ln5473414-1,Primary,1,2,2,192.34942415831782,400.0,0.48087356039579454
PLANNING,24,20,Line.ln5742828-2,Primary,1,2,2,192.34926076277893,400.0,0.4808731519069473
PLANNING,25,1,Line.ln6504019-5,Primary,1,2,2,192.35197253819734,400.0,0.48087993134549334
PLANNING,25,2,Line.ln6048634-1,Primary,1,2,2,192.35188940888793,400.0,0.4808797235222198
PLANNING,25,3,Line.ln5866268-1,Primary,1,2,2,192.3517557647003,400.0,0.48087938941175074
PLANNING,25,4,Line.ln5473440-1,Primary,1,2,2,192.35158769240203,400.0,0.4808789692310051
PLANNING,25,5,Line.ln6261021-1,Primary,1,2,2,192.35133318681565,400.0,0.48087833296703913
PLANNING,25,6,Line.ln6351519-1,Primary,1,2,2,192.35110976120413,400.0,0.4808777744030103
PLANNING,25,7,Line.ln5594242-1,Primary,1,2,2,192.3509849775801,400.0,0.4808774624439503
PLANNING,25,8,Line.ln5654472-1,Primary,1,2,2,192.3508673493551,400.0,0.48087716837338773
PLANNING,25,9,Line.ln6291242-1,Primary,1,2,2,192.35072422988995,400.0,0.48087681057472487
PLANNING,25,10,Line.ln5654466-1,Primary,1,2,2,192.3505604615026,400.0,0.4808764011537565
PLANNING,25,11,Line.ln6321409-1,Primary,1,2,2,192.35043835141047,400.0,0.4808760958785262
PLANNING,25,12,Line.xj171_48332_sw,Primary,1,2,2,192.3504382613902,400.0,0.4808760956534755
PLANNING,25,13,Line.ln5513564-1,Primary,1,2,2,192.35039130938307,400.0,0.4808759782734577
PLANNING,25,14,Line.ln5513564-2,Primary,1,2,2,192.3502913035769,400.0,0.48087572825894226
PLANNING,25,15,Line.cap_1b,Primary,1,2,1,192.35029130341306,400.0,0.48087572825853264
PLANNING,25,16,Line.ln5775442-1,Primary,1,2,2,192.35005461786162,400.0,0.480875136544654
PLANNING,25,17,Line.ln5896798-1,Primary,1,2,2,192.34995453801662,400.0,0.48087488634504155
PLANNING,25,18,Line.ln5714974-1,Primary,1,2,2,192.34967337822323,400.0,0.4808741834455581
PLANNING,25,19,Line.ln5473414-1,Primary,1,2,2,192.3494241577162,400.0,0.48087356039429047
PLANNING,25,20,Line.ln5742828-2,Primary,1,2,2,192.34926076211397,400.0,0.4808731519052849
PLANNING,26,1,Line.ln6504019-5,Primary,1,2,2,201.6841160907893,400.0,0.5042102902269733
PLANNING,26,2,Line.ln6048634-1,Primary,1,2,2,201.68400973851206,400.0,0.5042100243462802
PLANNING,26,3,Line.ln5866268-1,Primary,1,2,2,201.68383903083358,400.0,0.504209597577084
PLANNING,26,4,Line.ln5473440-1,Primary,1,2,2,201.68362480725457,400.0,0.5042090620181364
PLANNING,26,5,Line.ln6261021-1,Primary,1,2,2,201.68330135084395,400.0,0.5042082533771098
PLANNING,26,6,Line.ln6351519-1,Primary,1,2,2,201.68301827716314,400.0,0.5042075456929078
PLANNING,26,7,Line.ln5594242-1,Primary,1,2,2,201.68286052337336,400.0,0.5042071513084334
PLANNING,26,8,Line.ln5654472-1,Primary,1,2,2,201.68271203325642,400.0,0.504206780083141
PLANNING,26,9,Line.ln6291242-1,Primary,1,2,2,201.68253164094511,400.0,0.5042063291023627
PLANNING,26,10,Line.ln5654466-1,Primary,1,2,2,201.68232558464905,400.0,0.5042058139616227
PLANNING,26,11,Line.ln6321409-1,Primary,1,2,2,201.68217218775823,400.0,0.5042054304693956
PLANNING,26,12,Line.xj171_48332_sw,Primary,1,2,2,201.68217204858237,400.0,0.5042054301214559
PLANNING,26,13,Line.ln5513564-1,Primary,1,2,2,201.68211312687018,400.0,0.5042052828171755
PLANNING,26,14,Line.ln5513564-2,Primary,1,2,2,201.68198772034543,400.0,0.5042049693008636
PLANNING,26,15,Line.cap_1b,Primary,1,2,1,201.68198771996373,400.0,0.5042049692999093
PLANNING,26,16,Line.ln5775442-1,Primary,1,2,2,201.68169146056815,400.0,0.5042042286514203
PLANNING,26,17,Line.ln5896798-1,Primary,1,2,2,201.6815664044783,400.0,0.5042039160111957
PLANNING,26,18,Line.ln5714974-1,Primary,1,2,2,201.68121573564423,400.0,0.5042030393391106
PLANNING,26,19,Line.ln5473414-1,Primary,1,2,2,201.68090568278544,400.0,0.5042022642069636
PLANNING,26,20,Line.ln5742828-2,Primary,1,2,2,201.68070278606731,400.0,0.5042017569651683
PLANNING,27,1,Line.ln6504019-5,Primary,1,2,2,201.6841161247888,400.0,0.504210290311972
PLANNING,27,2,Line.ln6048634-1,Primary,1,2,2,201.68400977233992,400.0,0.5042100244308498
PLANNING,27,3,Line.ln5866268-1,Primary,1,2,2,201.68383906455944,400.0,0.5042095976613986
PLANNING,27,4,Line.ln5473440-1,Primary,1,2,2,201.68362484107323,400.0,0.504209062102683
PLANNING,27,5,Line.ln6261021-1,Primary,1,2,2,201.68330138472356,400.0,0.5042082534618089
PLANNING,27,6,Line.ln6351519-1,Primary,1,2,2,201.6830183110891,400.0,0.5042075457777228
PLANNING,27,7,Line.ln5594242-1,Primary,1,2,2,201.68286055723144,400.0,0.5042071513930786
PLANNING,27,8,Line.ln5654472-1,Primary,1,2,2,201.68271206706228,400.0,0.5042067801676557
PLANNING,27,9,Line.ln6291242-1,Primary,1,2,2,201.6825316748976,400.0,0.5042063291872441
PLANNING,27,10,Line.ln5654466-1,Primary,1,2,2,201.68232561846105,400.0,0.5042058140461526
PLANNING,27,11,Line.ln6321409-1,Primary,1,2,2,201.68217222168502,400.0,0.5042054305542125
PLANNING,27,12,Line.xj171_48332_sw,Primary,1,2,2,201.68217208259924,400.0,0.5042054302064981
PLANNING,27,13,Line.ln5513564-1,Primary,1,2,2,201.68211316076307,400.0,0.5042052829019077
PLANNING,27,14,Line.cap_1b,Primary,1,2,1,201.68198775590238,400.0,0.504204969389756
PLANNING,27,15,Line.ln5513564-2,Primary,1,2,2,201.68198775432384,400.0,0.5042049693858096
PLANNING,27,16,Line.ln5775442-1,Primary,1,2,2,201.68169149443798,400.0,0.5042042287360949
PLANNING,27,17,Line.ln5896798-1,Primary,1,2,2,201.68156643844583,400.0,0.5042039160961146
PLANNING,27,18,Line.ln5714974-1,Primary,1,2,2,201.68121576944444,400.0,0.5042030394236111
PLANNING,27,19,Line.ln5473414-1,Primary,1,2,2,201.68090571668859,400.0,0.5042022642917214
PLANNING,27,20,Line.ln5742828-2,Primary,1,2,2,201.68070281985877,400.0,0.5042017570496469
PLANNING,28,1,Line.ln6504019-5,Primary,1,2,2,207.8586001410209,400.0,0.5196465003525522
PLANNING,28,2,Line.ln6048634-1,Primary,1,2,2,207.85848367750452,400.0,0.5196462091937613
PLANNING,28,3,Line.ln5866268-1,Primary,1,2,2,207.85829681909084,400.0,0.5196457420477271
PLANNING,28,4,Line.ln5473440-1,Primary,1,2,2,207.85806246185456,400.0,0.5196451561546364
PLANNING,28,5,Line.ln6261021-1,Primary,1,2,2,207.85770887806254,400.0,0.5196442721951563
PLANNING,28,6,Line.ln6351519-1,Primary,1,2,2,207.85739969681495,400.0,0.5196434992420373
PLANNING,28,7,Line.ln5594242-1,Primary,1,2,2,207.85722749418377,400.0,0.5196430687354594
PLANNING,28,8,Line.ln5654472-1,Primary,1,2,2,207.85706546789515,400.0,0.5196426636697379
PLANNING,28,9,Line.ln6291242-1,Primary,1,2,2,207.85686871300504,400.0,0.5196421717825126
PLANNING,28,10,Line.ln5654466-1,Primary,1,2,2,207.85664407301843,400.0,0.5196416101825461
PLANNING,28,11,Line.ln6321409-1,Primary,1,2,2,207.8564769140207,400.0,0.5196411922850518
PLANNING,28,12,Line.xj171_48332_sw,Primary,1,2,2,207.85647675284667,400.0,0.5196411918821167
PLANNING,28,13,Line.ln5513564-1,Primary,1,2,2,207.8564125614556,400.0,0.519641031403639
PLANNING,28,14,Line.cap_1b,Primary,1,2,1,207.85627597072994,400.0,0.5196406899268249
PLANNING,28,15,Line.ln5513564-2,Primary,1,2,2,207.85627597011037,400.0,0.5196406899252759
PLANNING,28,16,Line.ln5775442-1,Primary,1,2,2,207.85595344763502,400.0,0.5196398836190875
PLANNING,28,17,Line.ln5896798-1,Primary,1,2,2,207.855817369457,400.0,0.5196395434236425
PLANNING,28,18,Line.ln5714974-1,Primary,1,2,2,207.85543599032025,400.0,0.5196385899758006
PLANNING,28,19,Line.ln5473414-1,Primary,1,2,2,207.85509901829823,400.0,0.5196377475457455
PLANNING,28,20,Line.ln5742828-2,Primary,1,2,2,207.8548786204823,400.0,0.5196371965512058
PLANNING,29,1,Line.ln6504019-5,Primary,1,2,2,207.8586001053635,400.0,0.5196465002634088
PLANNING,29,2,Line.ln6048634-1,Primary,1,2,2,207.8584836417603,400.0,0.5196462091044007
PLANNING,29,3,Line.ln5866268-1,Primary,1,2,2,207.85829678333468,400.0,0.5196457419583367
PLANNING,29,4,Line.ln5473440-1,Primary,1,2,2,207.85806242614785,400.0,0.5196451560653697
PLANNING,29,5,Line.ln6261021-1,Primary,1,2,2,207.85770884242237,400.0,0.5196442721060559
PLANNING,29,6,Line.ln6351519-1,Primary,1,2,2,207.8573996611034,400.0,0.5196434991527584
PLANNING,29,7,Line.ln5594242-1,Primary,1,2,2,207.85722745846843,400.0,0.519643068646171
PLANNING,29,8,Line.ln5654472-1,Primary,1,2,2,207.8570654321171,400.0,0.5196426635802928
PLANNING,29,9,Line.ln6291242-1,Primary,1,2,2,207.85686867728015,400.0,0.5196421716932004
PLANNING,29,10,Line.ln5654466-1,Primary,1,2,2,207.85664403743723,400.0,0.5196416100935931
PLANNING,29,11,Line.ln6321409-1,Primary,1,2,2,207.85647687836982,400.0,0.5196411921959245
PLANNING,29,12,Line.xj171_48332_sw,Primary,1,2,2,207.8564767166479,400.0,0.5196411917916197
PLANNING,29,13,Line.ln5513564-1,Primary,1,2,2,207.85641252567282,400.0,0.519641031314182
PLANNING,29,14,Line.ln5513564-2,Primary,1,2,2,207.856275934461,400.0,0.5196406898361525
PLANNING,29,15,Line.cap_1b,Primary,1,2,1,207.85627593388392,400.0,0.5196406898347098
PLANNING,29,16,Line.ln5775442-1,Primary,1,2,2,207.85595341196435,400.0,0.5196398835299109
PLANNING,29,17,Line.ln5896798-1,Primary,1,2,2,207.85581733377597,400.0,0.51963954333444
PLANNING,29,18,Line.ln5714974-1,Primary,1,2,2,207.85543595466876,400.0,0.5196385898866719
PLANNING,29,19,Line.ln5473414-1,Primary,1,2,2,207.85509898258834,400.0,0.5196377474564708
PLANNING,29,20,Line.ln5742828-2,Primary,1,2,2,207.85487858483242,400.0,0.5196371964620811
PLANNING,30,1,Line.ln6504019-5,Primary,1,2,2,206.54503880507784,400.0,0.5163625970126946
PLANNING,30,2,Line.ln6048634-1,Primary,1,2,2,206.54492031235648,400.0,0.5163623007808912
PLANNING,30,3,Line.ln5866268-1,Primary,1,2,2,206.54473022886842,400.0,0.516361825572171
PLANNING,30,4,Line.ln5473440-1,Primary,1,2,2,206.54449187911104,400.0,0.5163612296977775
PLANNING,30,5,Line.ln6261021-1,Primary,1,2,2,206.54413237832762,400.0,0.516360330945819
PLANNING,30,6,Line.ln6351519-1,Primary,1,2,2,206.54381812389056,400.0,0.5163595453097264
PLANNING,30,7,Line.ln5594242-1,Primary,1,2,2,206.54364313515063,400.0,0.5163591078378765
PLANNING,30,8,Line.ln5654472-1,Primary,1,2,2,206.54347851246243,400.0,0.516358696281156
PLANNING,30,9,Line.ln6291242-1,Primary,1,2,2,206.5432786365875,400.0,0.5163581965914688
PLANNING,30,10,Line.ln5654466-1,Primary,1,2,2,206.54305047538085,400.0,0.5163576261884522
PLANNING,30,11,Line.ln6321409-1,Primary,1,2,2,206.54288072434574,400.0,0.5163572018108643
PLANNING,30,12,Line.xj171_48332_sw,Primary,1,2,2,206.5428805586574,400.0,0.5163572013966435
PLANNING,30,13,Line.ln5513564-1,Primary,1,2,2,206.54281537846748,400.0,0.5163570384461686
PLANNING,30,14,Line.cap_1b,Primary,1,2,1,206.5426766952852,400.0,0.516356691738213
PLANNING,30,15,Line.ln5513564-2,Primary,1,2,2,206.54267669505214,400.0,0.5163566917376303
PLANNING,30,16,Line.ln5775442-1,Primary,1,2,2,206.5423492962092,400.0,0.516355873240523
PLANNING,30,17,Line.ln5896798-1,Primary,1,2,2,206.54221118536066,400.0,0.5163555279634017
PLANNING,30,18,Line.ln5714974-1,Primary,1,2,2,206.54182418608457,400.0,0.5163545604652114
PLANNING,30,19,Line.ln5473414-1,Primary,1,2,2,206.54148233962226,400.0,0.5163537058490557
PLANNING,30,20,Line.ln5742828-2,Primary,1,2,2,206.54125879848948,400.0,0.5163531469962237
PLANNING,31,1,Line.ln6504019-5,Primary,1,2,2,206.54503880392522,400.0,0.516362597009813
PLANNING,31,2,Line.ln6048634-1,Primary,1,2,2,206.54492031125594,400.0,0.5163623007781398
PLANNING,31,3,Line.ln5866268-1,Primary,1,2,2,206.544730227751,400.0,0.5163618255693775
PLANNING,31,4,Line.ln5473440-1,Primary,1,2,2,206.54449187800054,400.0,0.5163612296950013
PLANNING,31,5,Line.ln6261021-1,Primary,1,2,2,206.54413237715784,400.0,0.5163603309428946
PLANNING,31,6,Line.ln6351519-1,Primary,1,2,2,206.54381812274855,400.0,0.5163595453068713
PLANNING,31,7,Line.ln5594242-1,Primary,1,2,2,206.5436431340184,400.0,0.516359107835046
PLANNING,31,8,Line.ln5654472-1,Primary,1,2,2,206.54347851131297,400.0,0.5163586962782825
PLANNING,31,9,Line.ln6291242-1,Primary,1,2,2,206.54327863548585,400.0,0.5163581965887146
PLANNING,31,10,Line.ln5654466-1,Primary,1,2,2,206.54305047425976,400.0,0.5163576261856494
PLANNING,31,11,Line.ln6321409-1,Primary,1,2,2,206.54288072325085,400.0,0.5163572018081272
PLANNING,31,12,Line.xj171_48332_sw,Primary,1,2,2,206.54288055718544,400.0,0.5163572013929636
PLANNING,31,13,Line.ln5513564-1,Primary,1,2,2,206.54281537717426,400.0,0.5163570384429357
PLANNING,31,14,Line.ln5513564-2,Primary,1,2,2,206.54267669395753,400.0,0.5163566917348938
PLANNING,31,15,Line.cap_1b,Primary,1,2,1,206.54267669385183,400.0,0.5163566917346296
PLANNING,31,16,Line.ln5775442-1,Primary,1,2,2,206.54234929507282,400.0,0.5163558732376821
PLANNING,31,17,Line.ln5896798-1,Primary,1,2,2,206.54221118411346,400.0,0.5163555279602836
PLANNING,31,18,Line.ln5714974-1,Primary,1,2,2,206.54182418494966,400.0,0.5163545604623742
PLANNING,31,19,Line.ln5473414-1,Primary,1,2,2,206.54148233845385,400.0,0.5163537058461346
PLANNING,31,20,Line.ln5742828-2,Primary,1,2,2,206.54125879731262,400.0,0.5163531469932816
PLANNING,32,1,Line.ln6504019-5,Primary,1,2,2,198.99212341387639,400.0,0.49748030853469094
PLANNING,32,2,Line.ln6048634-1,Primary,1,2,2,198.99201466172363,400.0,0.49748003665430907
PLANNING,32,3,Line.ln5866268-1,Primary,1,2,2,198.99184014756872,400.0,0.4974796003689218
PLANNING,32,4,Line.ln5473440-1,Primary,1,2,2,198.99162122444426,400.0,0.4974790530611106
PLANNING,32,5,Line.ln6261021-1,Primary,1,2,2,198.9912908288131,400.0,0.49747822707203276
PLANNING,32,6,Line.ln6351519-1,Primary,1,2,2,198.9910018307522,400.0,0.4974775045768805
PLANNING,32,7,Line.ln5594242-1,Primary,1,2,2,198.99084083319755,400.0,0.4974771020829939
PLANNING,32,8,Line.ln5654472-1,Primary,1,2,2,198.99068932671628,400.0,0.4974767233167907
PLANNING,32,9,Line.ln6291242-1,Primary,1,2,2,198.9905053170631,400.0,0.49747626329265776
PLANNING,32,10,Line.ln5654466-1,Primary,1,2,2,198.9902951900529,400.0,0.4974757379751323
PLANNING,32,11,Line.ln6321409-1,Primary,1,2,2,198.99013880436223,400.0,0.49747534701090557
PLANNING,32,12,Line.xj171_48332_sw,Primary,1,2,2,198.9901386605036,400.0,0.497475346651259
PLANNING,32,13,Line.ln5513564-1,Primary,1,2,2,198.99007860009903,400.0,0.4974751965002476
PLANNING,32,14,Line.cap_1b,Primary,1,2,1,198.9899507891794,400.0,0.4974748769729485
PLANNING,32,15,Line.ln5513564-2,Primary,1,2,2,198.98995078826573,400.0,0.49747487697066434
PLANNING,32,16,Line.ln5775442-1,Primary,1,2,2,198.98964893851468,400.0,0.4974741223462867
PLANNING,32,17,Line.ln5896798-1,Primary,1,2,2,198.98952155946589,400.0,0.4974738038986647
PLANNING,32,18,Line.ln5714974-1,Primary,1,2,2,198.98916448969345,400.0,0.49747291122423365
PLANNING,32,19,Line.ln5473414-1,Primary,1,2,2,198.98884891203744,400.0,0.4974721222800936
PLANNING,32,20,Line.ln5742828-2,Primary,1,2,2,198.98864246586692,400.0,0.4974716061646673
PLANNING,33,1,Line.ln6504019-5,Primary,1,2,2,198.99212340566922,400.0,0.497480308514173
PLANNING,33,2,Line.ln6048634-1,Primary,1,2,2,198.99201465358217,400.0,0.49748003663395546
PLANNING,33,3,Line.ln5866268-1,Primary,1,2,2,198.99184013951236,400.0,0.4974796003487809
PLANNING,33,4,Line.ln5473440-1,Primary,1,2,2,198.99162121628174,400.0,0.49747905304070433
PLANNING,33,5,Line.ln6261021-1,Primary,1,2,2,198.99129082067577,400.0,0.4974782270516894
PLANNING,33,6,Line.ln6351519-1,Primary,1,2,2,198.9910018226405,400.0,0.4974775045566012
PLANNING,33,7,Line.ln5594242-1,Primary,1,2,2,198.9908408251177,400.0,0.4974771020627942
PLANNING,33,8,Line.ln5654472-1,Primary,1,2,2,198.99068931860938,400.0,0.4974767232965235
PLANNING,33,9,Line.ln6291242-1,Primary,1,2,2,198.99050530890182,400.0,0.4974762632722545
PLANNING,33,10,Line.ln5654466-1,Primary,1,2,2,198.9902951819623,400.0,0.49747573795490574
PLANNING,33,11,Line.ln6321409-1,Primary,1,2,2,198.99013879632403,400.0,0.4974753469908101
PLANNING,33,12,Line.xj171_48332_sw,Primary,1,2,2,198.99013865334373,400.0,0.49747534663335935
PLANNING,33,13,Line.ln5513564-1,Primary,1,2,2,198.99007859214697,400.0,0.4974751964803674
PLANNING,33,14,Line.cap_1b,Primary,1,2,1,198.98995078019456,400.0,0.4974748769504864
PLANNING,33,15,Line.ln5513564-2,Primary,1,2,2,198.9899507801838,400.0,0.4974748769504595
PLANNING,33,16,Line.ln5775442-1,Primary,1,2,2,198.9896489304007,400.0,0.49747412232600174
PLANNING,33,17,Line.ln5896798-1,Primary,1,2,2,198.98952155113474,400.0,0.49747380387783685
PLANNING,33,18,Line.ln5714974-1,Primary,1,2,2,198.9891644815906,400.0,0.49747291120397646
PLANNING,33,19,Line.ln5473414-1,Primary,1,2,2,198.98884890394828,400.0,0.4974721222598707
PLANNING,33,20,Line.ln5742828-2,Primary,1,2,2,198.98864245775727,400.0,0.4974716061443932
PLANNING,34,1,Line.ln6504019-5,Primary,1,2,2,186.57731564894405,400.0,0.4664432891223601
PLANNING,34,2,Line.ln6048634-1,Primary,1,2,2,186.57722912338264,400.0,0.4664430728084566
PLANNING,34,3,Line.ln5866268-1,Primary,1,2,2,186.577090104755,400.0,0.4664427252618875
PLANNING,34,4,Line.ln5473440-1,Primary,1,2,2,186.5769154185978,400.0,0.4664422885464945
PLANNING,34,5,Line.ln6261021-1,Primary,1,2,2,186.57665119208843,400.0,0.4664416279802211
PLANNING,34,6,Line.ln6351519-1,Primary,1,2,2,186.5764195106402,400.0,0.4664410487766005
PLANNING,34,7,Line.ln5594242-1,Primary,1,2,2,186.5762902243384,400.0,0.46644072556084604
PLANNING,34,8,Line.ln5654472-1,Primary,1,2,2,186.5761684201669,400.0,0.4664404210504173
PLANNING,34,9,Line.ln6291242-1,Primary,1,2,2,186.57602030714406,400.0,0.46644005076786016
PLANNING,34,10,Line.ln5654466-1,Primary,1,2,2,186.57585093889693,400.0,0.4664396273472423
PLANNING,34,11,Line.ln6321409-1,Primary,1,2,2,186.57572473040008,400.0,0.4664393118260002
PLANNING,34,12,Line.xj171_48332_sw,Primary,1,2,2,186.57572463354728,400.0,0.4664393115838682
PLANNING,34,13,Line.ln5513564-1,Primary,1,2,2,186.57567612466687,400.0,0.4664391903116672
PLANNING,34,14,Line.ln5513564-2,Primary,1,2,2,186.57557283228283,400.0,0.4664389320807071
PLANNING,34,15,Line.cap_1b,Primary,1,2,1,186.5755728316728,400.0,0.46643893207918197
PLANNING,34,16,Line.ln5775442-1,Primary,1,2,2,186.57532853897374,400.0,0.46643832134743435
PLANNING,34,17,Line.ln5896798-1,Primary,1,2,2,186.5752253099736,400.0,0.46643806327493403
PLANNING,34,18,Line.ln5714974-1,Primary,1,2,2,186.57493551126493,400.0,0.4664373387781623
PLANNING,34,19,Line.ln5473414-1,Primary,1,2,2,186.5746788796719,400.0,0.46643669719917974
PLANNING,34,20,Line.ln5742828-2,Primary,1,2,2,186.574510745938,400.0,0.466436276864845
PLANNING,35,1,Line.ln6504019-5,Primary,1,2,2,186.57731551477386,400.0,0.46644328878693464
PLANNING,35,2,Line.ln6048634-1,Primary,1,2,2,186.57722898916106,400.0,0.4664430724729026
PLANNING,35,3,Line.ln5866268-1,Primary,1,2,2,186.5770899705537,400.0,0.4664427249263842
PLANNING,35,4,Line.ln5473440-1,Primary,1,2,2,186.5769152843683,400.0,0.46644228821092076
PLANNING,35,5,Line.ln6261021-1,Primary,1,2,2,186.5766510578849,400.0,0.46644162764471225
PLANNING,35,6,Line.ln6351519-1,Primary,1,2,2,186.57641937646898,400.0,0.46644104844117246
PLANNING,35,7,Line.ln5594242-1,Primary,1,2,2,186.57629009017435,400.0,0.4664407252254359
PLANNING,35,8,Line.ln5654472-1,Primary,1,2,2,186.57616828595144,400.0,0.4664404207148786
PLANNING,35,9,Line.ln6291242-1,Primary,1,2,2,186.57602017294207,400.0,0.46644005043235515
PLANNING,35,10,Line.ln5654466-1,Primary,1,2,2,186.57585080471566,400.0,0.46643962701178915
PLANNING,35,11,Line.ln6321409-1,Primary,1,2,2,186.57572459615764,400.0,0.4664393114903941
PLANNING,35,12,Line.xj171_48332_sw,Primary,1,2,2,186.5757244995681,400.0,0.4664393112489203
PLANNING,35,13,Line.ln5513564-1,Primary,1,2,2,186.5756759903952,400.0,0.46643918997598804
PLANNING,35,14,Line.ln5513564-2,Primary,1,2,2,186.57557269809976,400.0,0.4664389317452494
PLANNING,35,15,Line.cap_1b,Primary,1,2,1,186.5755726976944,400.0,0.466438931744236
PLANNING,35,16,Line.ln5775442-1,Primary,1,2,2,186.5753284048425,400.0,0.46643832101210625
PLANNING,35,17,Line.ln5896798-1,Primary,1,2,2,186.57522517585082,400.0,0.46643806293962703
PLANNING,35,18,Line.ln5714974-1,Primary,1,2,2,186.5749353771194,400.0,0.4664373384427985
PLANNING,35,19,Line.ln5473414-1,Primary,1,2,2,186.57467874549837,400.0,0.46643669686374595
PLANNING,35,20,Line.ln5742828-2,Primary,1,2,2,186.57451061174723,400.0,0.4664362765293681
PLANNING,36,1,Line.tpx21459660c0,Triplex,1,2,2,71.9776177985039,156.0,0.4613949858878455
PLANNING,36,2,Line.tpx260595c0,Triplex,1,1,1,71.57610340106206,156.0,0.4588211756478337
PLANNING,36,3,Line.tpx21197413c0,Triplex,1,2,2,71.0810804167673,156.0,0.455647951389534
PLANNING,36,4,Line.tpx2224230689c0,Triplex,1,1,1,70.5574159194278,156.0,0.4522911276886397
PLANNING,36,5,Line.tpx226192801c0,Triplex,1,1,1,70.43356109992735,156.0,0.4514971865379958
PLANNING,36,6,Line.tpx21458756c0,Triplex,1,1,1,70.15270031141209,156.0,0.4496967968680262
PLANNING,36,7,Line.tpx21459651c0,Triplex,1,1,1,69.67662137367664,156.0,0.44664500880561947
PLANNING,36,8,Line.tpx21459629c0,Triplex,1,2,2,69.18820258044514,156.0,0.44351411910541755
PLANNING,36,9,Line.tpx226308719b0,Triplex,1,2,2,69.05016853619038,156.0,0.4426292854883999
PLANNING,36,10,Line.tpx226308710b0,Triplex,1,1,1,68.9187457834933,156.0,0.4417868319454699
PLANNING,36,11,Line.tpx226308725b0,Triplex,1,1,1,68.58272352552088,156.0,0.4396328431123133
PLANNING,36,12,Line.tpx227447984c0,Triplex,1,1,1,68.26294255463692,156.0,0.43758296509382644
PLANNING,36,13,Line.ln6504019-5,Primary,1,2,2,174.749146987401,400.0,0.43687286746850246
PLANNING,36,14,Line.ln6048634-1,Primary,1,2,2,174.7490837354251,400.0,0.43687270933856276
PLANNING,36,15,Line.ln5866268-1,Primary,1,2,2,174.74898187705176,400.0,0.4368724546926294
PLANNING,36,16,Line.ln5473440-1,Primary,1,2,2,174.74885348985308,400.0,0.4368721337246327
PLANNING,36,17,Line.ln6261021-1,Primary,1,2,2,174.7486584912252,400.0,0.436871646228063
PLANNING,36,18,Line.ln6351519-1,Primary,1,2,2,174.74848675146862,400.0,0.43687121687867153
PLANNING,36,19,Line.ln5594242-1,Primary,1,2,2,174.7483906189512,400.0,0.436870976547378
PLANNING,36,20,Line.ln5654472-1,Primary,1,2,2,174.74829986217773,400.0,0.4368707496554443
PLANNING,37,1,Line.tpx21459660c0,Triplex,1,2,2,71.97761779747897,156.0,0.4613949858812755
PLANNING,37,2,Line.tpx260595c0,Triplex,1,1,1,71.57610340067994,156.0,0.4588211756453842
PLANNING,37,3,Line.tpx21197413c0,Triplex,1,2,2,71.0810804160414,156.0,0.4556479513848808
PLANNING,37,4,Line.tpx2224230689c0,Triplex,1,1,1,70.55741591876208,156.0,0.4522911276843723
PLANNING,37,5,Line.tpx226192801c0,Triplex,1,1,1,70.43356109892733,156.0,0.45149718653158544
PLANNING,37,6,Line.tpx21458756c0,Triplex,1,1,1,70.15270031041725,156.0,0.449696796861649
PLANNING,37,7,Line.tpx21459651c0,Triplex,1,1,1,69.67662137269032,156.0,0.4466450087992969
PLANNING,37,8,Line.tpx21459629c0,Triplex,1,2,2,69.18820257946268,156.0,0.44351411909911975
PLANNING,37,9,Line.tpx226308719b0,Triplex,1,2,2,69.05016853655711,156.0,0.4426292854907507
PLANNING,37,10,Line.tpx226308710b0,Triplex,1,1,1,68.91874578385769,156.0,0.4417868319478057
PLANNING,37,11,Line.tpx226308725b0,Triplex,1,1,1,68.58272352588422,156.0,0.43963284311464246
PLANNING,37,12,Line.tpx227447984c0,Triplex,1,1,1,68.2629425536674,156.0,0.4375829650876115
PLANNING,37,13,Line.ln6504019-5,Primary,1,2,2,174.74914698430518,400.0,0.436872867460763
PLANNING,37,14,Line.ln6048634-1,Primary,1,2,2,174.7490837323733,400.0,0.43687270933093325
PLANNING,37,15,Line.ln5866268-1,Primary,1,2,2,174.7489818739041,400.0,0.43687245468476027
PLANNING,37,16,Line.ln5473440-1,Primary,1,2,2,174.74885348672254,400.0,0.43687213371680633
PLANNING,37,17,Line.ln6261021-1,Primary,1,2,2,174.748658488126,400.0,0.43687164622031505
PLANNING,37,18,Line.ln6351519-1,Primary,1,2,2,174.74848674828078,400.0,0.43687121687070196
PLANNING,37,19,Line.ln5594242-1,Primary,1,2,2,174.74839061576418,400.0,0.4368709765394104
PLANNING,37,20,Line.ln5654472-1,Primary,1,2,2,174.74829985897102,400.0,0.43687074964742756
PLANNING,38,1,Line.tpx21459660c0,Triplex,1,2,2,71.81172367777518,156.0,0.46033156203702036
PLANNING,38,2,Line.tpx260595c0,Triplex,1,1,1,71.41307495763373,156.0,0.4577761215232931
PLANNING,38,3,Line.tpx21197413c0,Triplex,1,2,2,70.7465159484181,156.0,0.45350330736165445
PLANNING,38,4,Line.tpx2224230689c0,Triplex,1,1,1,70.25862383043923,156.0,0.45037579378486686
PLANNING,38,5,Line.tpx226192801c0,Triplex,1,1,1,69.93373533616624,156.0,0.4482931752318349
PLANNING,38,6,Line.tpx21458756c0,Triplex,1,1,1,69.60363898214676,156.0,0.4461771729624792
PLANNING,38,7,Line.tpx21459651c0,Triplex,1,1,1,69.01624357232015,156.0,0.442411817771283
PLANNING,38,8,Line.tpx226308719b0,Triplex,1,2,2,68.79331014385289,156.0,0.44098275733239034
PLANNING,38,9,Line.tpx226308710b0,Triplex,1,1,1,68.63810052884128,156.0,0.4399878239028287
PLANNING,38,10,Line.tpx21459629c0,Triplex,1,2,2,68.42553528964109,156.0,0.43862522621564803
PLANNING,38,11,Line.tpx226308725b0,Triplex,1,1,1,68.22026242195842,156.0,0.4373093744997335
PLANNING,38,12,Line.tpx227447984c0,Triplex,1,1,1,67.29108101254805,156.0,0.43135308341376954
PLANNING,38,13,Line.tpx260595b0,Triplex,1,2,2,66.86125148160035,156.0,0.42859776590769455
PLANNING,38,14,Line.tpx226308729b0,Triplex,1,1,1,66.70838037956568,156.0,0.42761782294593387
PLANNING,38,15,Line.tpx293664b0,Triplex,1,1,1,66.68030598478283,156.0,0.427437858876813
PLANNING,38,16,Line.tpx226308716b0,Triplex,1,2,2,66.3853229575122,156.0,0.4255469420353346
PLANNING,38,17,Line.tpx2224230651c0,Triplex,1,2,2,66.37664193738138,156.0,0.42549129447039347
PLANNING,38,18,Line.hvmv_sub_connector,Primary,1,3,3,163.54979781008697,400.0,0.4088744945252174
PLANNING,38,19,Line.ln5710794-3,Primary,1,3,3,163.5497978084858,400.0,0.4088744945212145
PLANNING,38,20,Line.a8735_48332_sw,Primary,1,3,3,163.54975044276785,400.0,0.4088743761069196
PLANNING,39,1,Line.tpx21459660c0,Triplex,1,2,2,71.81172381080368,156.0,0.46033156288976723
PLANNING,39,2,Line.tpx260595c0,Triplex,1,1,1,71.41307502022133,156.0,0.4577761219244957
PLANNING,39,3,Line.tpx21197413c0,Triplex,1,2,2,70.74651606989177,156.0,0.45350330814033185
PLANNING,39,4,Line.tpx2224230689c0,Triplex,1,1,1,70.25862394206355,156.0,0.4503757945004074
PLANNING,39,5,Line.tpx226192801c0,Triplex,1,1,1,69.93373546482042,156.0,0.4482931760565411
PLANNING,39,6,Line.tpx21458756c0,Triplex,1,1,1,69.60363910910598,156.0,0.44617717377632043
PLANNING,39,7,Line.tpx21459651c0,Triplex,1,1,1,69.01624369867012,156.0,0.44241181858121875
PLANNING,39,8,Line.tpx226308719b0,Triplex,1,2,2,68.79331014918905,156.0,0.4409827573665965
PLANNING,39,9,Line.tpx226308710b0,Triplex,1,1,1,68.6381005342615,156.0,0.4399878239375737
PLANNING,39,10,Line.tpx21459629c0,Triplex,1,2,2,68.42553541449769,156.0,0.4386252270160108
PLANNING,39,11,Line.tpx226308725b0,Triplex,1,1,1,68.22026242724677,156.0,0.4373093745336331
PLANNING,39,12,Line.tpx227447984c0,Triplex,1,1,1,67.29108113559538,156.0,0.4313530842025345
PLANNING,39,13,Line.tpx260595b0,Triplex,1,2,2,66.8612514867225,156.0,0.4285977659405288
PLANNING,39,14,Line.tpx226308729b0,Triplex,1,1,1,66.70838038480785,156.0,0.42761782297953754
PLANNING,39,15,Line.tpx293664b0,Triplex,1,1,1,66.68030600142542,156.0,0.4274378589834963
PLANNING,39,16,Line.tpx226308716b0,Triplex,1,2,2,66.38532296288464,156.0,0.42554694206977334
PLANNING,39,17,Line.tpx2224230651c0,Triplex,1,2,2,66.37664204152335,156.0,0.42549129513797024
PLANNING,39,18,Line.hvmv_sub_connector,Primary,1,3,3,163.54979797639675,400.0,0.4088744949409919
PLANNING,39,19,Line.ln5710794-3,Primary,1,3,3,163.5497979761986,400.0,0.4088744949404965
PLANNING,39,20,Line.a8735_48332_sw,Primary,1,3,3,163.54975060880278,400.0,0.408874376522007
PLANNING,40,1,Line.tpx21459660c0,Triplex,1,2,2,71.65340770236674,156.0,0.4593167160408124
PLANNING,40,2,Line.tpx260595c0,Triplex,1,1,1,71.26997066937912,156.0,0.45685878634217386
PLANNING,40,3,Line.tpx21197413c0,Triplex,1,2,2,70.45540259681728,156.0,0.4516371961334441
PLANNING,40,4,Line.tpx2224230689c0,Triplex,1,1,1,69.99638428400756,156.0,0.44869477105133054
PLANNING,40,5,Line.tpx226192801c0,Triplex,1,1,1,69.51225322597145,156.0,0.4455913668331503
PLANNING,40,6,Line.tpx21458756c0,Triplex,1,1,1,69.14341916190713,156.0,0.4432270459096611
PLANNING,40,7,Line.tpx226308719b0,Triplex,1,2,2,68.6203644613569,156.0,0.4398741311625442
PLANNING,40,8,Line.tpx21459651c0,Triplex,1,1,1,68.46832931315967,156.0,0.43889954687922866
PLANNING,40,9,Line.tpx226308710b0,Triplex,1,1,1,68.44625593477555,156.0,0.4387580508639458
PLANNING,40,10,Line.tpx226308725b0,Triplex,1,1,1,67.96356287406878,156.0,0.435663864577364
PLANNING,40,11,Line.tpx21459629c0,Triplex,1,2,2,67.7971042633337,156.0,0.434596822200857
PLANNING,40,12,Line.tpx293664b0,Triplex,1,1,1,66.73063624587907,156.0,0.42776048875563505
PLANNING,40,13,Line.tpx227447984c0,Triplex,1,1,1,66.4980184914689,156.0,0.4262693493042878
PLANNING,40,14,Line.tpx260595b0,Triplex,1,2,2,66.43867073749566,156.0,0.4258889149839465
PLANNING,40,15,Line.tpx226308729b0,Triplex,1,1,1,66.23664070984005,156.0,0.4245938507041029
PLANNING,40,16,Line.tpx226308716b0,Triplex,1,2,2,65.87481282874563,156.0,0.4222744412099079
PLANNING,40,17,Line.tpx2224230651c0,Triplex,1,2,2,65.57133641391717,156.0,0.4203290795763921
PLANNING,40,18,Line.tpx227944551c0,Triplex,1,2,2,234.62696796018557,580.0,0.4045292551037682
PLANNING,40,19,Line.tpx260595a0,Triplex,1,2,2,61.16686115833652,156.0,0.39209526383549054
PLANNING,40,20,Line.tpx226308730a0,Triplex,1,2,2,60.86059953888212,156.0,0.39013204832616744
PLANNING,41,1,Line.tpx21459660c0,Triplex,1,2,2,71.65340767927063,156.0,0.45931671589276046
PLANNING,41,2,Line.tpx260595c0,Triplex,1,1,1,71.2699706584833,156.0,0.45685878627232884
PLANNING,41,3,Line.tpx21197413c0,Triplex,1,2,2,70.45540257553691,156.0,0.45163719599703145
PLANNING,41,4,Line.tpx2224230689c0,Triplex,1,1,1,69.99638426388216,156.0,0.4486947709223216
PLANNING,41,5,Line.tpx226192801c0,Triplex,1,1,1,69.51225320367055,156.0,0.44559136669019583
PLANNING,41,6,Line.tpx21458756c0,Triplex,1,1,1,69.14341913984131,156.0,0.44322704576821353
PLANNING,41,7,Line.tpx226308719b0,Triplex,1,2,2,68.62036447073619,156.0,0.4398741312226679
PLANNING,41,8,Line.tpx21459651c0,Triplex,1,1,1,68.46832929126141,156.0,0.43889954673885523
PLANNING,41,9,Line.tpx226308710b0,Triplex,1,1,1,68.44625594408963,156.0,0.43875805092365144
PLANNING,41,10,Line.tpx226308725b0,Triplex,1,1,1,67.96356288335751,156.0,0.43566386463690715
PLANNING,41,11,Line.tpx21459629c0,Triplex,1,2,2,67.79710424169573,156.0,0.43459682206215217
PLANNING,41,12,Line.tpx293664b0,Triplex,1,1,1,66.73063626166716,156.0,0.42776048885684076
PLANNING,41,13,Line.tpx227447984c0,Triplex,1,1,1,66.49801847022344,156.0,0.426269349168099
PLANNING,41,14,Line.tpx260595b0,Triplex,1,2,2,66.4386707460084,156.0,0.4258889150385154
PLANNING,41,15,Line.tpx226308729b0,Triplex,1,1,1,66.23664071885591,156.0,0.4245938507618969
PLANNING,41,16,Line.tpx226308716b0,Triplex,1,2,2,65.8748128376455,156.0,0.4222744412669584
PLANNING,41,17,Line.tpx2224230651c0,Triplex,1,2,2,65.57133639522357,156.0,0.42032907945656134
PLANNING,41,18,Line.tpx227944551c0,Triplex,1,2,2,234.62696794735223,580.0,0.4045292550816418
PLANNING,41,19,Line.tpx260595a0,Triplex,1,2,2,61.16686116005594,156.0,0.39209526384651244
PLANNING,41,20,Line.tpx226308730a0,Triplex,1,2,2,60.8605995406882,156.0,0.39013204833774484
PLANNING,42,1,Line.tpx21459660c0,Triplex,1,2,2,71.52960424672553,156.0,0.45852310414567643
PLANNING,42,2,Line.tpx260595c0,Triplex,1,1,1,71.15621285033444,156.0,0.45612956955342593
PLANNING,42,3,Line.tpx21197413c0,Triplex,1,2,2,70.23270196499033,156.0,0.45020962798070724
PLANNING,42,4,Line.tpx2224230689c0,Triplex,1,1,1,69.79972171925708,156.0,0.44743411358498125
PLANNING,42,5,Line.tpx226192801c0,Triplex,1,1,1,69.2015289081365,156.0,0.44359954428292625
PLANNING,42,6,Line.tpx21458756c0,Triplex,1,1,1,68.80520714040689,156.0,0.44105902013081344
PLANNING,42,7,Line.tpx226308719b0,Triplex,1,2,2,68.44535678053153,156.0,0.43875228705468927
PLANNING,42,8,Line.tpx226308710b0,Triplex,1,1,1,68.25800893411572,156.0,0.4375513393212546
PLANNING,42,9,Line.tpx21459651c0,Triplex,1,1,1,68.06785416068058,156.0,0.43633239846590116
PLANNING,42,10,Line.tpx226308725b0,Triplex,1,1,1,67.72936883441692,156.0,0.43416262073344175
PLANNING,42,11,Line.tpx21459629c0,Triplex,1,2,2,67.33949119531458,156.0,0.43166340509817036
PLANNING,42,12,Line.tpx293664b0,Triplex,1,1,1,66.3873008293713,156.0,0.42555962070109804
PLANNING,42,13,Line.tpx260595b0,Triplex,1,2,2,66.08963192888329,156.0,0.42365148672361086
PLANNING,42,14,Line.tpx227447984c0,Triplex,1,1,1,65.92360725787752,156.0,0.4225872260120354
PLANNING,42,15,Line.tpx226308729b0,Triplex,1,1,1,65.8506981243111,156.0,0.42211985977122496
PLANNING,42,16,Line.tpx226308716b0,Triplex,1,2,2,65.46172623567386,156.0,0.4196264502286786
PLANNING,42,17,Line.tpx2224230651c0,Triplex,1,2,2,64.98903631595553,156.0,0.41659638664074056
PLANNING,42,18,Line.tpx227944551c0,Triplex,1,2,2,234.20502365118404,580.0,0.4038017649158345
PLANNING,42,19,Line.tpx260595a0,Triplex,1,2,2,60.86871181214075,156.0,0.39018405007782536
PLANNING,42,20,Line.tpx226308730a0,Triplex,1,2,2,60.51841377689908,156.0,0.38793854985191717
PLANNING,43,1,Line.tpx21459660c0,Triplex,1,2,2,71.8227403852734,156.0,0.4604021819568808
PLANNING,43,2,Line.tpx260595c0,Triplex,1,1,1,71.04301448329885,156.0,0.4554039389955054
PLANNING,43,3,Line.tpx21197413c0,Triplex,1,2,2,70.53405375766883,156.0,0.45214137024146683
PLANNING,43,4,Line.tpx2224230689c0,Triplex,1,1,1,70.09763999113076,156.0,0.4493438460969921
PLANNING,43,5,Line.tpx226192801c0,Triplex,1,1,1,69.48473669544036,156.0,0.4454149788169254
PLANNING,43,6,Line.tpx21458756c0,Triplex,1,1,1,69.08637269758606,156.0,0.44286136344606447
PLANNING,43,7,Line.tpx21459651c0,Triplex,1,1,1,68.34616282212048,156.0,0.43811642834692616
PLANNING,43,8,Line.tpx226308719b0,Triplex,1,2,2,68.30870632776588,156.0,0.4378763226138838
PLANNING,43,9,Line.tpx226308710b0,Triplex,1,1,1,68.12182605948044,156.0,0.4366783721761567
PLANNING,43,10,Line.tpx21459629c0,Triplex,1,2,2,67.61464849725067,156.0,0.43342723395673505
PLANNING,43,11,Line.tpx226308725b0,Triplex,1,1,1,67.59414887789423,156.0,0.4332958261403476
PLANNING,43,12,Line.tpx293664b0,Triplex,1,1,1,66.21502053709006,156.0,0.42445525985314136
PLANNING,43,13,Line.tpx227447984c0,Triplex,1,1,1,66.19304640995796,156.0,0.4243144000638331
PLANNING,43,14,Line.tpx260595b0,Triplex,1,2,2,65.96607269456375,156.0,0.42285944034976763
PLANNING,43,15,Line.tpx226308729b0,Triplex,1,1,1,65.71931298771649,156.0,0.421277647357157
PLANNING,43,16,Line.tpx226308716b0,Triplex,1,2,2,65.3312711433062,156.0,0.4187901996365782
PLANNING,43,17,Line.tpx2224230651c0,Triplex,1,2,2,65.26572900551484,156.0,0.41837005772765923
PLANNING,43,18,Line.tpx227944551c0,Triplex,1,2,2,234.00085073985892,580.0,0.40344974265492917
PLANNING,43,19,Line.tpx260595a0,Triplex,1,2,2,60.75140339183423,156.0,0.3894320730245784
PLANNING,43,20,Line.tpx226308730a0,Triplex,1,2,2,60.39498527149384,156.0,0.38714734148393487
PLANNING,44,1,Line.tpx21459660c0,Triplex,1,2,2,71.54121090250061,156.0,0.4585975057852603
PLANNING,44,2,Line.tpx260595c0,Triplex,1,1,1,70.84537996127509,156.0,0.45413705103381463
PLANNING,44,3,Line.tpx21197413c0,Triplex,1,2,2,70.16845186536648,156.0,0.44979776836773383
PLANNING,44,4,Line.tpx2224230689c0,Triplex,1,1,1,69.79627658982511,156.0,0.44741202942195585
PLANNING,44,5,Line.tpx226192801c0,Triplex,1,1,1,69.09526980933681,156.0,0.4429183962136975
PLANNING,44,6,Line.tpx21458756c0,Triplex,1,1,1,68.68144447152658,156.0,0.44026566968927294
PLANNING,44,7,Line.tpx226308719b0,Triplex,1,2,2,68.09306993748021,156.0,0.4364940380607706
PLANNING,44,8,Line.tpx21459651c0,Triplex,1,1,1,67.90498167379808,156.0,0.4352883440628082
PLANNING,44,9,Line.tpx226308710b0,Triplex,1,1,1,67.89846987216703,156.0,0.43524660174466046
PLANNING,44,10,Line.tpx226308725b0,Triplex,1,1,1,67.34345018763696,156.0,0.4316887832540831
PLANNING,44,11,Line.tpx21459629c0,Triplex,1,2,2,67.14057491274181,156.0,0.4303883007227039
PLANNING,44,12,Line.tpx293664b0,Triplex,1,1,1,66.25555316966422,156.0,0.42471508442092454
PLANNING,44,13,Line.tpx260595b0,Triplex,1,2,2,65.65316372940862,156.0,0.42085361365005525
PLANNING,44,14,Line.tpx227447984c0,Triplex,1,1,1,65.65125202786552,156.0,0.42084135915298415
PLANNING,44,15,Line.tpx226308729b0,Triplex,1,1,1,65.37888711398804,156.0,0.41909543021787204
PLANNING,44,16,Line.tpx226308716b0,Triplex,1,2,2,64.97500388696263,156.0,0.41650643517283736
PLANNING,44,17,Line.tpx2224230651c0,Triplex,1,2,2,64.74012961066258,156.0,0.4150008308375806
PLANNING,44,18,Line.tpx227944551c0,Triplex,1,2,2,233.51506363101916,580.0,0.402612178674171
PLANNING,44,19,Line.tpx260595a0,Triplex,1,2,2,60.46354710303484,156.0,0.3875868404040695
PLANNING,44,20,Line.tpx226308730a0,Triplex,1,2,2,60.07594370241248,156.0,0.3851022032205928
PLANNING,45,1,Line.tpx21459660c0,Triplex,1,2,2,71.52376046265535,156.0,0.4584856439913804
PLANNING,45,2,Line.tpx260595c0,Triplex,1,1,1,70.83685881625759,156.0,0.45408242830934353
PLANNING,45,3,Line.tpx21197413c0,Triplex,1,2,2,70.15145763992385,156.0,0.4496888310251529
PLANNING,45,4,Line.tpx2224230689c0,Triplex,1,1,1,69.77757201663724,156.0,0.44729212831177717
PLANNING,45,5,Line.tpx226192801c0,Triplex,1,1,1,69.07843985339673,156.0,0.44281051188074827
PLANNING,45,6,Line.tpx21458756c0,Triplex,1,1,1,68.66474017969244,156.0,0.4401585908954644
PLANNING,45,7,Line.tpx226308719b0,Triplex,1,2,2,68.08285668107577,156.0,0.4364285684684344
PLANNING,45,8,Line.tpx21459651c0,Triplex,1,1,1,67.88845739952758,156.0,0.4351824192277409
PLANNING,45,9,Line.tpx226308710b0,Triplex,1,1,1,67.8882927251998,156.0,0.4351813636230757
PLANNING,45,10,Line.tpx226308725b0,Triplex,1,1,1,67.33334968037533,156.0,0.4316240364126624
PLANNING,45,11,Line.tpx21459629c0,Triplex,1,2,2,67.12424714787032,156.0,0.43028363556327126
PLANNING,45,12,Line.tpx293664b0,Triplex,1,1,1,66.23663586145439,156.0,0.4245938196247076
PLANNING,45,13,Line.tpx260595b0,Triplex,1,2,2,65.64370616168497,156.0,0.4207929882159293
PLANNING,45,14,Line.tpx227447984c0,Triplex,1,1,1,65.63528313678603,156.0,0.4207389944665771
PLANNING,45,15,Line.tpx226308729b0,Triplex,1,1,1,65.36908799811776,156.0,0.41903261537254977
PLANNING,45,16,Line.tpx226308716b0,Triplex,1,2,2,64.96527666843201,156.0,0.4164440812078975
PLANNING,45,17,Line.tpx2224230651c0,Triplex,1,2,2,64.72282518773338,156.0,0.41488990504957296
PLANNING,45,18,Line.tpx227944551c0,Triplex,1,2,2,233.50059581197613,580.0,0.40258723415857955
PLANNING,45,19,Line.tpx260595a0,Triplex,1,2,2,60.45444048573449,156.0,0.38752846465214413
PLANNING,45,20,Line.tpx226308730a0,Triplex,1,2,2,60.06653090807687,156.0,0.38504186479536456
PLANNING,46,1,Line.tpx21459660c0,Triplex,1,2,2,72.27352892927485,156.0,0.4632918521107362
PLANNING,46,2,Line.tpx260595c0,Triplex,1,1,1,71.91725419672949,156.0,0.46100803972262494
PLANNING,46,3,Line.tpx21197413c0,Triplex,1,2,2,70.84314310829181,156.0,0.45412271223263984
PLANNING,46,4,Line.tpx2224230689c0,Triplex,1,1,1,70.4693278921058,156.0,0.45172646084683205
PLANNING,46,5,Line.tpx226192801c0,Triplex,1,1,1,69.73562035426137,156.0,0.44702320739911133
PLANNING,46,6,Line.tpx21458756c0,Triplex,1,1,1,69.30673395580665,156.0,0.4442739356141452
PLANNING,46,7,Line.tpx226308719b0,Triplex,1,2,2,68.84621285630261,156.0,0.44132187728399114
PLANNING,46,8,Line.tpx226308710b0,Triplex,1,1,1,68.64422899800844,156.0,0.4400271089615926
PLANNING,46,9,Line.tpx21459651c0,Triplex,1,1,1,68.50084638441923,156.0,0.43910798964371306
PLANNING,46,10,Line.tpx226308725b0,Triplex,1,1,1,68.06726943696768,156.0,0.4363286502369723
PLANNING,46,11,Line.tpx21459629c0,Triplex,1,2,2,67.70804138257465,156.0,0.4340259062985554
PLANNING,46,12,Line.tpx293664b0,Triplex,1,1,1,66.54022310311795,156.0,0.4265398916866535
PLANNING,46,13,Line.tpx260595b0,Triplex,1,2,2,66.25805364402245,156.0,0.42473111310270806
PLANNING,46,14,Line.tpx227447984c0,Triplex,1,1,1,66.16260452774485,156.0,0.4241192597932362
PLANNING,46,15,Line.tpx226308729b0,Triplex,1,1,1,66.02663298754952,156.0,0.42324764735608666
PLANNING,46,16,Line.tpx226308716b0,Triplex,1,2,2,65.60779825927352,156.0,0.42056280935431745
PLANNING,46,17,Line.tpx2224230651c0,Triplex,1,2,2,65.2248725850235,156.0,0.41810815759630454
PLANNING,46,18,Line.tpx227944551c0,Triplex,1,2,2,234.29000231572945,580.0,0.40394827985470594
PLANNING,46,19,Line.tpx260595a0,Triplex,1,2,2,59.92914635391665,156.0,0.3841611945763888
PLANNING,46,20,Line.tpx226308730a0,Triplex,1,2,2,59.49089236068048,156.0,0.38135187410692617
PLANNING,47,1,Line.tpx21459660c0,Triplex,1,2,2,72.26931106372128,156.0,0.4632648145110338
PLANNING,47,2,Line.tpx260595c0,Triplex,1,1,1,71.91520367397759,156.0,0.4609948953460102
PLANNING,47,3,Line.tpx21197413c0,Triplex,1,2,2,70.83904003430506,156.0,0.4540964104763145
PLANNING,47,4,Line.tpx2224230689c0,Triplex,1,1,1,70.46481214478685,156.0,0.45169751374863365
PLANNING,47,5,Line.tpx226192801c0,Triplex,1,1,1,69.73155662101044,156.0,0.44699715782699
PLANNING,47,6,Line.tpx21458756c0,Triplex,1,1,1,69.30270135330088,156.0,0.44424808559808254
PLANNING,47,7,Line.tpx226308719b0,Triplex,1,2,2,68.843873452708,156.0,0.44130688110710253
PLANNING,47,8,Line.tpx226308710b0,Triplex,1,1,1,68.64189807500914,156.0,0.44001216714749447
PLANNING,47,9,Line.tpx21459651c0,Triplex,1,1,1,68.49685855015264,156.0,0.4390824266035426
PLANNING,47,10,Line.tpx226308725b0,Triplex,1,1,1,68.06495660923648,156.0,0.4363138244181825
PLANNING,47,11,Line.tpx21459629c0,Triplex,1,2,2,67.7041023261784,156.0,0.434000655937041
PLANNING,47,12,Line.tpx293664b0,Triplex,1,1,1,66.53582377529781,156.0,0.4265116908672937
PLANNING,47,13,Line.tpx260595b0,Triplex,1,2,2,66.2558948646674,156.0,0.42471727477350896
PLANNING,47,14,Line.tpx227447984c0,Triplex,1,1,1,66.15875465555214,156.0,0.42409458112533427
PLANNING,47,15,Line.tpx226308729b0,Triplex,1,1,1,66.0243911437178,156.0,0.42323327656229365
PLANNING,47,16,Line.tpx226308716b0,Triplex,1,2,2,65.60557328570866,156.0,0.42054854670326064
PLANNING,47,17,Line.tpx2224230651c0,Triplex,1,2,2,65.22070430221244,156.0,0.41808143783469515
PLANNING,47,18,Line.tpx227944551c0,Triplex,1,2,2,234.2865781349232,580.0,0.40394237609469513
PLANNING,47,19,Line.tpx260595a0,Triplex,1,2,2,59.927072628168,156.0,0.38414790146261535
PLANNING,47,20,Line.tpx226308730a0,Triplex,1,2,2,59.48875182498377,156.0,0.381338152724255
PLANNING,48,1,Line.tpx21459660c0,Triplex,1,2,2,72.2689607918418,156.0,0.46326256917847314
PLANNING,48,2,Line.tpx260595c0,Triplex,1,1,1,71.90733956731032,156.0,0.46094448440583535
PLANNING,48,3,Line.tpx21197413c0,Triplex,1,2,2,70.82541584020905,156.0,0.4540090758987759
PLANNING,48,4,Line.tpx2224230689c0,Triplex,1,1,1,70.45776345198047,156.0,0.4516523298203876
PLANNING,48,5,Line.tpx226192801c0,Triplex,1,1,1,69.70795359724893,156.0,0.44684585639262137
PLANNING,48,6,Line.tpx21458756c0,Triplex,1,1,1,69.27565223276076,156.0,0.44407469379974845
PLANNING,48,7,Line.tpx226308719b0,Triplex,1,2,2,68.82927699542448,156.0,0.44121331407323383
PLANNING,48,8,Line.tpx226308710b0,Triplex,1,1,1,68.6256879458753,156.0,0.4399082560633032
PLANNING,48,9,Line.tpx21459651c0,Triplex,1,1,1,68.46209219727561,156.0,0.4388595653671513
PLANNING,48,10,Line.tpx226308725b0,Triplex,1,1,1,68.04311190152767,156.0,0.43617379424056196
PLANNING,48,11,Line.tpx21459629c0,Triplex,1,2,2,67.66223054994688,156.0,0.4337322471150441
PLANNING,48,12,Line.tpx293664b0,Triplex,1,1,1,66.50799867481052,156.0,0.426333324838529
PLANNING,48,13,Line.tpx260595b0,Triplex,1,2,2,66.21979426911905,156.0,0.4244858606994811
PLANNING,48,14,Line.tpx227447984c0,Triplex,1,1,1,66.10240206005963,156.0,0.4237333465388438
PLANNING,48,15,Line.tpx226308729b0,Triplex,1,1,1,65.98398585573825,156.0,0.4229742683060144
PLANNING,48,16,Line.tpx226308716b0,Triplex,1,2,2,65.56186558985902,156.0,0.420268369165763
PLANNING,48,17,Line.tpx2224230651c0,Triplex,1,2,2,65.16550546322361,156.0,0.41772759912322827
PLANNING,48,18,Line.tpx227944551c0,Triplex,1,2,2,234.24390785587696,580.0,0.40386880664806374
PLANNING,48,19,Line.tpx260595a0,Triplex,1,2,2,59.89580132489665,156.0,0.38394744439036316
PLANNING,48,20,Line.tpx226308730a0,Triplex,1,2,2,59.45235133504792,156.0,0.3811048162503072
PLANNING,49,1,Line.tpx21459660c0,Triplex,1,2,2,72.2470561751295,156.0,0.46312215496877884
PLANNING,49,2,Line.tpx260595c0,Triplex,1,1,1,71.89669289028217,156.0,0.46087623647616777
PLANNING,49,3,Line.tpx21197413c0,Triplex,1,2,2,70.80411313393513,156.0,0.45387252008932777
PLANNING,49,4,Line.tpx2224230689c0,Triplex,1,1,1,70.43431293413771,156.0,0.4515020059880622
PLANNING,49,5,Line.tpx226192801c0,Triplex,1,1,1,69.68685670693442,156.0,0.4467106199162463
PLANNING,49,6,Line.tpx21458756c0,Triplex,1,1,1,69.2547180424273,156.0,0.44394050027196985
PLANNING,49,7,Line.tpx226308719b0,Triplex,1,2,2,68.81715154268787,156.0,0.4411355868121017
PLANNING,49,8,Line.tpx226308710b0,Triplex,1,1,1,68.61360672703957,156.0,0.43983081235281773
PLANNING,49,9,Line.tpx21459651c0,Triplex,1,1,1,68.44139294025456,156.0,0.4387268778221446
PLANNING,49,10,Line.tpx226308725b0,Triplex,1,1,1,68.0311255606209,156.0,0.43609695872192883
PLANNING,49,11,Line.tpx21459629c0,Triplex,1,2,2,67.64178681100691,156.0,0.43360119750645454
PLANNING,49,12,Line.tpx293664b0,Triplex,1,1,1,66.48519496358459,156.0,0.4261871472024653
PLANNING,49,13,Line.tpx260595b0,Triplex,1,2,2,66.20860893628137,156.0,0.4244141598479575
PLANNING,49,14,Line.tpx227447984c0,Triplex,1,1,1,66.08242601852163,156.0,0.4236052949905233
PLANNING,49,15,Line.tpx226308729b0,Triplex,1,1,1,65.97237089252735,156.0,0.42289981341363686
PLANNING,49,16,Line.tpx226308716b0,Triplex,1,2,2,65.55033863133453,156.0,0.42019447840599056
PLANNING,49,17,Line.tpx2224230651c0,Triplex,1,2,2,65.1438759982619,156.0,0.4175889487068071
PLANNING,49,18,Line.tpx227944551c0,Triplex,1,2,2,234.22613847408368,580.0,0.4038381697829029
PLANNING,49,19,Line.tpx260595a0,Triplex,1,2,2,59.885061784124844,156.0,0.38387860118028744
PLANNING,49,20,Line.tpx226308730a0,Triplex,1,2,2,59.44126700764153,156.0,0.381033762869497
PLANNING,50,1,Line.tpx21459660c0,Triplex,1,2,2,72.24236341064613,156.0,0.46309207314516754
PLANNING,50,2,Line.tpx260595c0,Triplex,1,1,1,71.89818647501077,156.0,0.46088581073724855
PLANNING,50,3,Line.tpx21197413c0,Triplex,1,2,2,70.8111656712994,156.0,0.45391772866217567
PLANNING,50,4,Line.tpx2224230689c0,Triplex,1,1,1,70.44065280723761,156.0,0.4515426462002411
PLANNING,50,5,Line.tpx226192801c0,Triplex,1,1,1,69.70830991821792,156.0,0.44684814050139693
PLANNING,50,6,Line.tpx21458756c0,Triplex,1,1,1,69.28005616496368,156.0,0.44410292413438257
PLANNING,50,7,Line.tpx226308719b0,Triplex,1,2,2,68.82019001683382,156.0,0.4411550642104732
PLANNING,50,8,Line.tpx226308710b0,Triplex,1,1,1,68.61853997275664,156.0,0.43986243572279893
PLANNING,50,9,Line.tpx21459651c0,Triplex,1,1,1,68.47540083415761,156.0,0.43894487714203595
PLANNING,50,10,Line.tpx226308725b0,Triplex,1,1,1,68.04236669571895,156.0,0.4361690172802497
PLANNING,50,11,Line.tpx21459629c0,Triplex,1,2,2,67.68378630786417,156.0,0.43387042505041135
PLANNING,50,12,Line.tpx293664b0,Triplex,1,1,1,66.49923289006276,156.0,0.4262771339106587
PLANNING,50,13,Line.tpx260595b0,Triplex,1,2,2,66.23670249438626,156.0,0.4245942467588863
PLANNING,50,14,Line.tpx227447984c0,Triplex,1,1,1,66.14070004793854,156.0,0.4239788464611445
PLANNING,50,15,Line.tpx226308729b0,Triplex,1,1,1,66.00470883796005,156.0,0.4231071079356414
PLANNING,50,16,Line.tpx226308716b0,Triplex,1,2,2,65.586557074294,156.0,0.42042664791214107
PLANNING,50,17,Line.tpx2224230651c0,Triplex,1,2,2,65.20408868684935,156.0,0.4179749274798035
PLANNING,50,18,Line.tpx227944551c0,Triplex,1,2,2,234.2536544027371,580.0,0.4038856110392019
PLANNING,50,19,Line.tpx260595a0,Triplex,1,2,2,59.90157609100423,156.0,0.38398446212182197
PLANNING,50,20,Line.tpx226308730a0,Triplex,1,2,2,59.462504060273226,156.0,0.3811698978222643
PLANNING,51,1,Line.tpx21459660c0,Triplex,1,2,2,72.2388201067525,156.0,0.46306935965866985
PLANNING,51,2,Line.tpx260595c0,Triplex,1,1,1,71.8964641762536,156.0,0.46087477036060004
PLANNING,51,3,Line.tpx21197413c0,Triplex,1,2,2,70.80771916650711,156.0,0.4538956356827379
PLANNING,51,4,Line.tpx2224230689c0,Triplex,1,1,1,70.43685885265998,156.0,0.4515183259785896
PLANNING,51,5,Line.tpx226192801c0,Triplex,1,1,1,69.70489595268211,156.0,0.4468262561069366
PLANNING,51,6,Line.tpx21458756c0,Triplex,1,1,1,69.2766683257031,156.0,0.4440812072160455
PLANNING,51,7,Line.tpx226308719b0,Triplex,1,2,2,68.81822861356305,156.0,0.44114249111258363
PLANNING,51,8,Line.tpx226308710b0,Triplex,1,1,1,68.61658566894165,156.0,0.43984990813424135
PLANNING,51,9,Line.tpx21459651c0,Triplex,1,1,1,68.47205055962698,156.0,0.43892340102324984
PLANNING,51,10,Line.tpx226308725b0,Triplex,1,1,1,68.040427551801,156.0,0.4361565868705192
PLANNING,51,11,Line.tpx21459629c0,Triplex,1,2,2,67.68047696600199,156.0,0.43384921132052556
PLANNING,51,12,Line.tpx293664b0,Triplex,1,1,1,66.4955434870951,156.0,0.4262534838916353
PLANNING,51,13,Line.tpx260595b0,Triplex,1,2,2,66.23489246254013,156.0,0.4245826439906419
PLANNING,51,14,Line.tpx227447984c0,Triplex,1,1,1,66.13746554238885,156.0,0.42395811245121057
PLANNING,51,15,Line.tpx226308729b0,Triplex,1,1,1,66.00282914380402,156.0,0.4230950586141283
PLANNING,51,16,Line.tpx226308716b0,Triplex,1,2,2,65.58469150266103,156.0,0.420414689119622
PLANNING,51,17,Line.tpx2224230651c0,Triplex,1,2,2,65.20058633202079,156.0,0.41795247648731276
PLANNING,51,18,Line.tpx227944551c0,Triplex,1,2,2,234.25077990572458,580.0,0.40388065500986997
PLANNING,51,19,Line.tpx260595a0,Triplex,1,2,2,59.899839102782494,156.0,0.3839733275819391
PLANNING,51,20,Line.tpx226308730a0,Triplex,1,2,2,59.46071116245549,156.0,0.38115840488753516
PLANNING,52,1,Line.tpx21459660c0,Triplex,1,2,2,72.34303598528724,156.0,0.46373741016209774
PLANNING,52,2,Line.tpx260595c0,Triplex,1,1,1,71.96469417355706,156.0,0.46131214213818633
PLANNING,52,3,Line.tpx21197413c0,Triplex,1,2,2,70.95158475960271,156.0,0.4548178510230943
PLANNING,52,4,Line.tpx2224230689c0,Triplex,1,1,1,70.57583602892323,156.0,0.45240920531361045
PLANNING,52,5,Line.tpx226192801c0,Triplex,1,1,1,69.89622245718414,156.0,0.44805270805887265
PLANNING,52,6,Line.tpx21458756c0,Triplex,1,1,1,69.48070323579502,156.0,0.4453891233063783
PLANNING,52,7,Line.tpx226308719b0,Triplex,1,2,2,68.90762024750663,156.0,0.4417155144070938
PLANNING,52,8,Line.tpx226308710b0,Triplex,1,1,1,68.71225708310389,156.0,0.44046318643015314
PLANNING,52,9,Line.tpx21459651c0,Triplex,1,1,1,68.70515713495006,156.0,0.44041767394198755
PLANNING,52,10,Line.tpx226308725b0,Triplex,1,1,1,68.15768112518317,156.0,0.43690821234091776
PLANNING,52,11,Line.tpx21459629c0,Triplex,1,2,2,67.94016727742812,156.0,0.4355138928040264
PLANNING,52,12,Line.tpx293664b0,Triplex,1,1,1,66.6837175213171,156.0,0.4274597277007507
PLANNING,52,13,Line.tpx227447984c0,Triplex,1,1,1,66.4515904116042,156.0,0.4259717334077192
PLANNING,52,14,Line.tpx260595b0,Triplex,1,2,2,66.40583356339447,156.0,0.42567842027816966
PLANNING,52,15,Line.tpx226308729b0,Triplex,1,1,1,66.19155361258815,156.0,0.42430483084992404
PLANNING,52,16,Line.tpx226308716b0,Triplex,1,2,2,65.78628865880447,156.0,0.4217069785820799
PLANNING,52,17,Line.tpx2224230651c0,Triplex,1,2,2,65.51917165731754,156.0,0.41999469011100987
PLANNING,52,18,Line.tpx227944551c0,Triplex,1,2,2,234.46345278042148,580.0,0.404247332380037
PLANNING,52,19,Line.tpx260595a0,Triplex,1,2,2,60.03675728551025,156.0,0.3848510082404503
PLANNING,52,20,Line.tpx226308730a0,Triplex,1,2,2,59.617292061092336,156.0,0.38216212859674575
PLANNING,53,1,Line.tpx21459660c0,Triplex,1,2,2,72.28746572386618,156.0,0.4633811905376037
PLANNING,53,2,Line.tpx260595c0,Triplex,1,1,1,71.94012230490836,156.0,0.46115463015966895
PLANNING,53,3,Line.tpx21197413c0,Triplex,1,2,2,70.90021266458247,156.0,0.4544885427216825
PLANNING,53,4,Line.tpx2224230689c0,Triplex,1,1,1,70.52314578348899,156.0,0.4520714473300576
PLANNING,53,5,Line.tpx226192801c0,Triplex,1,1,1,69.84260872198548,156.0,0.4477090302691377
PLANNING,53,6,Line.tpx21458756c0,Triplex,1,1,1,69.42748916557555,156.0,0.44504800747163814
PLANNING,53,7,Line.tpx226308719b0,Triplex,1,2,2,68.87966417824275,156.0,0.4415363088348894
PLANNING,53,8,Line.tpx226308710b0,Triplex,1,1,1,68.68439957813582,156.0,0.44028461268035785
PLANNING,53,9,Line.tpx21459651c0,Triplex,1,1,1,68.65250799806809,156.0,0.44008017947479544
PLANNING,53,10,Line.tpx226308725b0,Triplex,1,1,1,68.1300301396344,156.0,0.43673096243355386
PLANNING,53,11,Line.tpx21459629c0,Triplex,1,2,2,67.8881383421661,156.0,0.4351803739882442
PLANNING,53,12,Line.tpx293664b0,Triplex,1,1,1,66.62902479602646,156.0,0.4271091333078619
PLANNING,53,13,Line.tpx227447984c0,Triplex,1,1,1,66.40069016434344,156.0,0.4256454497714323
PLANNING,53,14,Line.tpx260595b0,Triplex,1,2,2,66.38000038958425,156.0,0.42551282301015547
PLANNING,53,15,Line.tpx226308729b0,Triplex,1,1,1,66.1647189143632,156.0,0.4241328135536103
PLANNING,53,16,Line.tpx226308716b0,Triplex,1,2,2,65.75964991084513,156.0,0.42153621737721236
PLANNING,53,17,Line.tpx2224230651c0,Triplex,1,2,2,65.47038536059056,156.0,0.41968195743968306
PLANNING,53,18,Line.tpx227944551c0,Triplex,1,2,2,234.42241507831935,580.0,0.40417657772124027
PLANNING,53,19,Line.tpx260595a0,Triplex,1,2,2,60.012029155955524,156.0,0.3846924945894585
PLANNING,53,20,Line.tpx226308730a0,Triplex,1,2,2,59.591759167475765,156.0,0.3819984562017677
PLANNING,54,1,Line.tpx21459660c0,Triplex,1,2,2,72.31995383117633,156.0,0.4635894476357457
PLANNING,54,2,Line.tpx260595c0,Triplex,1,1,1,71.98545090491183,156.0,0.46144519810840917
PLANNING,54,3,Line.tpx21197413c0,Triplex,1,2,2,71.00434801358993,156.0,0.4551560770101919
PLANNING,54,4,Line.tpx2224230689c0,Triplex,1,1,1,70.61767410723701,156.0,0.45267739812331415
PLANNING,54,5,Line.tpx226192801c0,Triplex,1,1,1,70.02469938981764,156.0,0.4488762781398567
PLANNING,54,6,Line.tpx21458756c0,Triplex,1,1,1,69.6316968932604,156.0,0.44635703136705385
PLANNING,54,7,Line.tpx226308719b0,Triplex,1,2,2,68.94703006393262,156.0,0.4419681414354655
PLANNING,54,8,Line.tpx21459651c0,Triplex,1,1,1,68.90643736370471,156.0,0.44170793181861995
PLANNING,54,9,Line.tpx226308710b0,Triplex,1,1,1,68.76251091095779,156.0,0.4407853263522935
PLANNING,54,10,Line.tpx226308725b0,Triplex,1,1,1,68.24450905934165,156.0,0.4374648016624465
PLANNING,54,11,Line.tpx21459629c0,Triplex,1,2,2,68.18780108463322,156.0,0.4371012890040591
PLANNING,54,12,Line.tpx227447984c0,Triplex,1,1,1,66.79366631754316,156.0,0.4281645276765587
PLANNING,54,13,Line.tpx293664b0,Triplex,1,1,1,66.79152824700118,156.0,0.4281508220961614
PLANNING,54,14,Line.tpx260595b0,Triplex,1,2,2,66.58894284887212,156.0,0.42685219774918026
PLANNING,54,15,Line.tpx226308729b0,Triplex,1,1,1,66.40023317348466,156.0,0.42564252034285044
PLANNING,54,16,Line.tpx226308716b0,Triplex,1,2,2,66.01718664460364,156.0,0.4231870938756644
PLANNING,54,17,Line.tpx2224230651c0,Triplex,1,2,2,65.87335077278308,156.0,0.42226506905630184
PLANNING,54,18,Line.tpx227944551c0,Triplex,1,2,2,234.6558930282938,580.0,0.4045791259108514
PLANNING,54,19,Line.tpx260595a0,Triplex,1,2,2,60.1625412178773,156.0,0.38565731549921345
PLANNING,54,20,Line.tpx226308730a0,Triplex,1,2,2,59.77212783159934,156.0,0.38315466558717526
PLANNING,55,1,Line.tpx21459660c0,Triplex,1,2,2,72.31552517471431,156.0,0.4635610588122712
PLANNING,55,2,Line.tpx260595c0,Triplex,1,1,1,71.98329621802407,156.0,0.4614313860129748
PLANNING,55,3,Line.tpx21197413c0,Triplex,1,2,2,71.0000322081195,156.0,0.45512841159050965
PLANNING,55,4,Line.tpx2224230689c0,Triplex,1,1,1,70.61292700723332,156.0,0.4526469679950854
PLANNING,55,5,Line.tpx226192801c0,Triplex,1,1,1,70.02041711891766,156.0,0.44884882768536966
PLANNING,55,6,Line.tpx21458756c0,Triplex,1,1,1,69.62744510821108,156.0,0.4463297763346864
PLANNING,55,7,Line.tpx226308719b0,Triplex,1,2,2,68.94456397342414,156.0,0.4419523331629752
PLANNING,55,8,Line.tpx21459651c0,Triplex,1,1,1,68.90222741174362,156.0,0.4416809449470745
PLANNING,55,9,Line.tpx226308710b0,Triplex,1,1,1,68.76005312235121,156.0,0.44076957129712313
PLANNING,55,10,Line.tpx226308725b0,Triplex,1,1,1,68.24206810333938,156.0,0.43744915450858574
PLANNING,55,11,Line.tpx21459629c0,Triplex,1,2,2,68.18363766819014,156.0,0.4370746004371163
PLANNING,55,12,Line.tpx227447984c0,Triplex,1,1,1,66.78958690344518,156.0,0.42813837758618706
PLANNING,55,13,Line.tpx293664b0,Triplex,1,1,1,66.78688394931076,156.0,0.4281210509571203
PLANNING,55,14,Line.tpx260595b0,Triplex,1,2,2,66.58665883173614,156.0,0.4268375566136932
PLANNING,55,15,Line.tpx226308729b0,Triplex,1,1,1,66.39785967966564,156.0,0.42562730563888235
PLANNING,55,16,Line.tpx226308716b0,Triplex,1,2,2,66.01482963842824,156.0,0.4231719848617195
PLANNING,55,17,Line.tpx2224230651c0,Triplex,1,2,2,65.86893357079923,156.0,0.4222367536589694
PLANNING,55,18,Line.tpx227944551c0,Triplex,1,2,2,234.6522882921609,580.0,0.4045729108485533
PLANNING,55,19,Line.tpx260595a0,Triplex,1,2,2,60.16034761441623,156.0,0.3856432539385656
PLANNING,55,20,Line.tpx226308730a0,Triplex,1,2,2,59.76986157108404,156.0,0.38314013827617976
PLANNING,56,1,Line.tpx21459660c0,Triplex,1,2,2,72.50383805826328,156.0,0.4647681926811749
PLANNING,56,2,Line.tpx260595c0,Triplex,1,1,1,72.12158058616427,156.0,0.4623178242702838
PLANNING,56,3,Line.tpx21197413c0,Triplex,1,2,2,71.28941407392296,156.0,0.4569834235507882
PLANNING,56,4,Line.tpx2224230689c0,Triplex,1,1,1,70.88092544276809,156.0,0.4543649066844108
PLANNING,56,5,Line.tpx226192801c0,Triplex,1,1,1,70.41602835236188,156.0,0.4513847971305249
PLANNING,56,6,Line.tpx21458756c0,Triplex,1,1,1,70.05342297267573,156.0,0.4490604036709983
PLANNING,56,7,Line.tpx21459651c0,Triplex,1,1,1,69.39735873447017,156.0,0.4448548636825011
PLANNING,56,8,Line.tpx226308719b0,Triplex,1,2,2,69.13793281053528,156.0,0.44319187699061074
PLANNING,56,9,Line.tpx226308710b0,Triplex,1,1,1,68.96820538094721,156.0,0.4421038806470975
PLANNING,56,10,Line.tpx21459629c0,Triplex,1,2,2,68.74212455146161,156.0,0.4406546445606514
PLANNING,56,11,Line.tpx226308725b0,Triplex,1,1,1,68.50125641425342,156.0,0.439110618040086
PLANNING,56,12,Line.tpx227447984c0,Triplex,1,1,1,67.47774794248198,156.0,0.43254966629796143
PLANNING,56,13,Line.tpx260595b0,Triplex,1,2,2,66.97326954031043,156.0,0.4293158303866053
PLANNING,56,14,Line.tpx226308729b0,Triplex,1,1,1,66.82590891063653,156.0,0.42837121096561875
PLANNING,56,15,Line.tpx293664b0,Triplex,1,1,1,66.75087824228946,156.0,0.42789024514288115
PLANNING,56,16,Line.tpx2224230651c0,Triplex,1,2,2,66.56484309978181,156.0,0.42669771217808855
PLANNING,56,17,Line.tpx226308716b0,Triplex,1,2,2,66.47320338286232,156.0,0.4261102780952713
PLANNING,56,18,Line.tpx227944551c0,Triplex,1,2,2,235.12531139213127,580.0,0.4053884679174677
PLANNING,56,19,Line.tpx260595a0,Triplex,1,2,2,60.476456076885725,156.0,0.387669590236447
PLANNING,56,20,Line.tpx226308730a0,Triplex,1,2,2,60.13268177130901,156.0,0.38546590879044235
PLANNING,57,1,Line.tpx21459660c0,Triplex,1,2,2,72.44535757253689,156.0,0.4643933177726724
PLANNING,57,2,Line.tpx260595c0,Triplex,1,1,1,72.0960759652769,156.0,0.4621543331107493
PLANNING,57,3,Line.tpx21197413c0,Triplex,1,2,2,71.23555788582499,156.0,0.4566381915758012
PLANNING,57,4,Line.tpx2224230689c0,Triplex,1,1,1,70.8263202296212,156.0,0.45401487326680257
PLANNING,57,5,Line.tpx226192801c0,Triplex,1,1,1,70.35930336601709,156.0,0.4510211754231865
PLANNING,57,6,Line.tpx21458756c0,Triplex,1,1,1,69.9970756160691,156.0,0.4486992026671096
PLANNING,57,7,Line.tpx21459651c0,Triplex,1,1,1,69.34150399863313,156.0,0.44449682050405853
PLANNING,57,8,Line.tpx226308719b0,Triplex,1,2,2,69.10867673387486,156.0,0.4430043380376594
PLANNING,57,9,Line.tpx226308710b0,Triplex,1,1,1,68.93904144184624,156.0,0.4419169323195272
PLANNING,57,10,Line.tpx21459629c0,Triplex,1,2,2,68.6868305218381,156.0,0.44030019565280837
PLANNING,57,11,Line.tpx226308725b0,Triplex,1,1,1,68.47226863148624,156.0,0.43892479891978364
PLANNING,57,12,Line.tpx227447984c0,Triplex,1,1,1,67.42345186197508,156.0,0.4322016144998403
PLANNING,57,13,Line.tpx260595b0,Triplex,1,2,2,66.94608799825124,156.0,0.42914158973237976
PLANNING,57,14,Line.tpx226308729b0,Triplex,1,1,1,66.79764531411263,156.0,0.42819003406482453
PLANNING,57,15,Line.tpx293664b0,Triplex,1,1,1,66.69398470155083,156.0,0.4275255429586592
PLANNING,57,16,Line.tpx2224230651c0,Triplex,1,2,2,66.51367916854089,156.0,0.4263697382598775
PLANNING,57,17,Line.tpx226308716b0,Triplex,1,2,2,66.44512245800863,156.0,0.42593027216672197
PLANNING,57,18,Line.tpx227944551c0,Triplex,1,2,2,235.08254050085077,580.0,0.40531472500146687
PLANNING,57,19,Line.tpx260595a0,Triplex,1,2,2,60.450367392904305,156.0,0.3875023550827199
PLANNING,57,20,Line.tpx226308730a0,Triplex,1,2,2,60.10570577490032,156.0,0.3852929857365405
PLANNING,58,1,Line.tpx21459660c0,Triplex,1,2,2,72.55618906624072,156.0,0.4651037760656456
PLANNING,58,2,Line.tpx260595c0,Triplex,1,1,1,72.21343149186768,156.0,0.46290661212735695
PLANNING,58,3,Line.tpx21197413c0,Triplex,1,2,2,71.4839460065656,156.0,0.4582304231190103
PLANNING,58,4,Line.tpx2224230689c0,Triplex,1,1,1,71.0486453796533,156.0,0.455440034484957
PLANNING,58,5,Line.tpx226192801c0,Triplex,1,1,1,70.74620809721551,156.0,0.4535013339565097
PLANNING,58,6,Line.tpx21458756c0,Triplex,1,1,1,70.42471089646193,156.0,0.45144045446449954
PLANNING,58,7,Line.tpx21459651c0,Triplex,1,1,1,69.86108265482748,156.0,0.4478274529155608
PLANNING,58,8,Line.tpx21459629c0,Triplex,1,2,2,69.29091386612873,156.0,0.4441725247828765
PLANNING,58,9,Line.tpx226308719b0,Triplex,1,2,2,69.28239520795951,156.0,0.44411791799974043
PLANNING,58,10,Line.tpx226308710b0,Triplex,1,1,1,69.13245024072604,156.0,0.4431567323123464
PLANNING,58,11,Line.tpx226308725b0,Triplex,1,1,1,68.73300965545812,156.0,0.44059621574011615
PLANNING,58,12,Line.tpx227447984c0,Triplex,1,1,1,68.20023697752927,156.0,0.43718100626621326
PLANNING,58,13,Line.tpx260595b0,Triplex,1,2,2,67.37899797857965,156.0,0.4319166537088439
PLANNING,58,14,Line.tpx2224230651c0,Triplex,1,2,2,67.3058515934807,156.0,0.43144776662487627
PLANNING,58,15,Line.tpx226308729b0,Triplex,1,1,1,67.28192593957014,156.0,0.43129439704852657
PLANNING,58,16,Line.tpx293664b0,Triplex,1,1,1,67.06934927166685,156.0,0.4299317261004285
PLANNING,58,17,Line.tpx226308716b0,Triplex,1,2,2,66.96981450204171,156.0,0.4292936827053956
PLANNING,58,18,Line.tpx227944551c0,Triplex,1,2,2,235.58589609253312,580.0,0.4061825794698847
PLANNING,58,19,Line.tpx260595a0,Triplex,1,2,2,60.78551568249857,156.0,0.389650741554478
PLANNING,58,20,Line.tpx226308730a0,Triplex,1,2,2,60.49908848913511,156.0,0.3878146698021481
PLANNING,59,1,Line.tpx21459660c0,Triplex,1,2,2,72.55122762962633,156.0,0.4650719719847841
PLANNING,59,2,Line.tpx260595c0,Triplex,1,1,1,72.21101803093846,156.0,0.4628911412239645
PLANNING,59,3,Line.tpx21197413c0,Triplex,1,2,2,71.47909060763942,156.0,0.45819929876691934
PLANNING,59,4,Line.tpx2224230689c0,Triplex,1,1,1,71.04331749354058,156.0,0.4554058813688499
PLANNING,59,5,Line.tpx226192801c0,Triplex,1,1,1,70.741375858184,156.0,0.4534703580652821
PLANNING,59,6,Line.tpx21458756c0,Triplex,1,1,1,70.41990788775013,156.0,0.4514096659471162
PLANNING,59,7,Line.tpx21459651c0,Triplex,1,1,1,69.8563148129445,156.0,0.44779688982656735
PLANNING,59,8,Line.tpx21459629c0,Triplex,1,2,2,69.28618760021448,156.0,0.44414222820650306
PLANNING,59,9,Line.tpx226308719b0,Triplex,1,2,2,69.27959213072049,156.0,0.44409994955590054
PLANNING,59,10,Line.tpx226308710b0,Triplex,1,1,1,69.1296551846001,156.0,0.44313881528589805
PLANNING,59,11,Line.tpx226308725b0,Triplex,1,1,1,68.73022855096556,156.0,0.44057838814721517
PLANNING,59,12,Line.tpx227447984c0,Triplex,1,1,1,68.19558300574653,156.0,0.4371511731137598
PLANNING,59,13,Line.tpx260595b0,Triplex,1,2,2,67.3763828105751,156.0,0.43189988981137883
PLANNING,59,14,Line.tpx2224230651c0,Triplex,1,2,2,67.30081438712965,156.0,0.4314154768405747
PLANNING,59,15,Line.tpx226308729b0,Triplex,1,1,1,67.27920468730329,156.0,0.43127695312373904
PLANNING,59,16,Line.tpx293664b0,Triplex,1,1,1,67.06412716922814,156.0,0.4298982510847958
PLANNING,59,17,Line.tpx226308716b0,Triplex,1,2,2,66.967109109601,156.0,0.42927634044616025
PLANNING,59,18,Line.tpx227944551c0,Triplex,1,2,2,235.58183263181505,580.0,0.4061755735031294
PLANNING,59,19,Line.tpx260595a0,Triplex,1,2,2,60.78298988597089,156.0,0.38963455055109547
PLANNING,59,20,Line.tpx226308730a0,Triplex,1,2,2,60.49647391798217,156.0,0.3877979097306549
PLANNING,60,1,Line.tpx21459660c0,Triplex,1,2,2,72.70951989896584,156.0,0.4660866660190118
PLANNING,60,2,Line.tpx260595c0,Triplex,1,1,1,72.36484147742556,156.0,0.4638771889578561
PLANNING,60,3,Line.tpx21197413c0,Triplex,1,2,2,71.80531200530415,156.0,0.46029046157246245
PLANNING,60,4,Line.tpx2224230689c0,Triplex,1,1,1,71.34194578216166,156.0,0.45732016527026703
PLANNING,60,5,Line.tpx226192801c0,Triplex,1,1,1,71.2389098911667,156.0,0.4566596787895301
PLANNING,60,6,Line.tpx21458756c0,Triplex,1,1,1,70.96746154797228,156.0,0.4549196253075146
PLANNING,60,7,Line.tpx21459651c0,Triplex,1,1,1,70.51698047167118,156.0,0.4520319261004562
PLANNING,60,8,Line.tpx21459629c0,Triplex,1,2,2,70.05079635429271,156.0,0.44904356637367127
PLANNING,60,9,Line.tpx226308719b0,Triplex,1,2,2,69.50457977030216,156.0,0.44554217801475743
PLANNING,60,10,Line.tpx226308710b0,Triplex,1,1,1,69.3788481584143,156.0,0.4447362061436814
PLANNING,60,11,Line.tpx227447984c0,Triplex,1,1,1,69.17280746853454,156.0,0.44341543249060605
PLANNING,60,12,Line.tpx226308725b0,Triplex,1,1,1,69.06220884195116,156.0,0.44270646693558435
PLANNING,60,13,Line.tpx2224230651c0,Triplex,1,2,2,68.29991952607716,156.0,0.4378199969620331
PLANNING,60,14,Line.tpx260595b0,Triplex,1,2,2,67.91961943251651,156.0,0.4353821758494648
PLANNING,60,15,Line.tpx226308729b0,Triplex,1,1,1,67.88617930734036,156.0,0.4351678160726946
PLANNING,60,16,Line.tpx226308716b0,Triplex,1,2,2,67.62381493733504,156.0,0.43348599318804515
PLANNING,60,17,Line.tpx293664b0,Triplex,1,1,1,67.55127628279132,156.0,0.43302100181276487
PLANNING,60,18,Line.tpx227944551c0,Triplex,1,2,2,236.21458194845144,580.0,0.40726652060077834
PLANNING,60,19,Line.tpx260595a0,Triplex,1,2,2,61.20589918538126,156.0,0.3923455075985978
PLANNING,60,20,Line.tpx226308730a0,Triplex,1,2,2,60.99148929957183,156.0,0.3909710852536656
PLANNING,61,1,Line.tpx21459660c0,Triplex,1,2,2,72.68684992197927,156.0,0.4659413456537133
PLANNING,61,2,Line.tpx260595c0,Triplex,1,1,1,72.35379459439007,156.0,0.46380637560506455
PLANNING,61,3,Line.tpx21197413c0,Triplex,1,2,2,71.78306343262349,156.0,0.4601478425168173
PLANNING,61,4,Line.tpx2224230689c0,Triplex,1,1,1,71.31757010577809,156.0,0.45716391093447495
PLANNING,61,5,Line.tpx226192801c0,Triplex,1,1,1,71.21671965047358,156.0,0.4565174336568819
PLANNING,61,6,Line.tpx21458756c0,Triplex,1,1,1,70.9453892029879,156.0,0.4547781359165891
PLANNING,61,7,Line.tpx21459651c0,Triplex,1,1,1,70.49503157009906,156.0,0.4518912280134555
PLANNING,61,8,Line.tpx21459629c0,Triplex,1,2,2,70.0290037905603,156.0,0.44890387045230956
PLANNING,61,9,Line.tpx226308719b0,Triplex,1,2,2,69.49161670822475,156.0,0.4454590814629792
PLANNING,61,10,Line.tpx226308710b0,Triplex,1,1,1,69.36591762799371,156.0,0.44465331812816483
PLANNING,61,11,Line.tpx227447984c0,Triplex,1,1,1,69.15127566267016,156.0,0.4432774080940395
PLANNING,61,12,Line.tpx226308725b0,Triplex,1,1,1,69.04932626737481,156.0,0.4426238863293257
PLANNING,61,13,Line.tpx2224230651c0,Triplex,1,2,2,68.27662139236759,156.0,0.4376706499510743
PLANNING,61,14,Line.tpx260595b0,Triplex,1,2,2,67.9074643951988,156.0,0.43530425894358205
PLANNING,61,15,Line.tpx226308729b0,Triplex,1,1,1,67.8735195182264,156.0,0.4350866635783744
PLANNING,61,16,Line.tpx226308716b0,Triplex,1,2,2,67.61121918823572,156.0,0.43340525120663925
PLANNING,61,17,Line.tpx293664b0,Triplex,1,1,1,67.52708173995872,156.0,0.43286590858947893
PLANNING,61,18,Line.tpx227944551c0,Triplex,1,2,2,236.19590511687315,580.0,0.4072343191670227
PLANNING,61,19,Line.tpx260595a0,Triplex,1,2,2,61.194138713381676,156.0,0.3922701199575748
PLANNING,61,20,Line.tpx226308730a0,Triplex,1,2,2,60.97929937714307,156.0,0.3908929447252761
PLANNING,62,1,Line.tpx260595c0,Triplex,1,1,1,72.52871612892854,156.0,0.46492766749313164
PLANNING,62,2,Line.tpx21459660c0,Triplex,1,2,2,71.9042303013499,156.0,0.4609245532137814
PLANNING,62,3,Line.tpx21197413c0,Triplex,1,2,2,71.21211311602207,156.0,0.45648790458988503
PLANNING,62,4,Line.tpx226192801c0,Triplex,1,1,1,70.83556646973217,156.0,0.4540741440367447
PLANNING,62,5,Line.tpx2224230689c0,Triplex,1,1,1,70.726813233786,156.0,0.45337700790888463
PLANNING,62,6,Line.tpx21458756c0,Triplex,1,1,1,70.6254563175121,156.0,0.45272728408661606
PLANNING,62,7,Line.tpx21459651c0,Triplex,1,1,1,70.30753370048892,156.0,0.4506893185928777
PLANNING,62,8,Line.tpx21459629c0,Triplex,1,2,2,69.96506179906511,156.0,0.448493985891443
PLANNING,62,9,Line.tpx226308719b0,Triplex,1,2,2,69.75379922083951,156.0,0.44713973859512507
PLANNING,62,10,Line.tpx226308710b0,Triplex,1,1,1,69.65560487163064,156.0,0.44651028763865797
PLANNING,62,11,Line.tpx226308725b0,Triplex,1,1,1,69.43336152867028,156.0,0.44508565082480944
PLANNING,62,12,Line.tpx227447984c0,Triplex,1,1,1,69.33771849381542,156.0,0.4444725544475347
PLANNING,62,13,Line.tpx226308729b0,Triplex,1,1,1,68.57086551774537,156.0,0.4395568302419575
PLANNING,62,14,Line.tpx260595b0,Triplex,1,2,2,68.53175762991482,156.0,0.43930613865330015
PLANNING,62,15,Line.tpx2224230651c0,Triplex,1,2,2,68.51458377602437,156.0,0.43919604984631005
PLANNING,62,16,Line.tpx226308716b0,Triplex,1,2,2,68.36513385663041,156.0,0.4382380375425026
PLANNING,62,17,Line.tpx293664b0,Triplex,1,1,1,68.08061376047787,156.0,0.43641419077229404
PLANNING,62,18,Line.tpx227944551c0,Triplex,1,2,2,236.922317212608,580.0,0.40848675381484134
PLANNING,62,19,Line.ln5742828-1,Primary,1,3,3,160.10111465115946,400.0,0.40025278662789865
PLANNING,62,20,Line.ln5815900-1,Primary,1,3,3,160.10111443929168,400.0,0.4002527860982292
PLANNING,63,1,Line.tpx260595c0,Triplex,1,1,1,72.52690891833304,156.0,0.46491608280982716
PLANNING,63,2,Line.tpx21459660c0,Triplex,1,2,2,71.90061167907155,156.0,0.4609013569171253
PLANNING,63,3,Line.tpx21197413c0,Triplex,1,2,2,71.20854846885348,156.0,0.4564650542875223
PLANNING,63,4,Line.tpx226192801c0,Triplex,1,1,1,70.83200427768857,156.0,0.4540513094723626
PLANNING,63,5,Line.tpx2224230689c0,Triplex,1,1,1,70.72292113594874,156.0,0.453352058563774
PLANNING,63,6,Line.tpx21458756c0,Triplex,1,1,1,70.62190989202453,156.0,0.45270455058990083
PLANNING,63,7,Line.tpx21459651c0,Triplex,1,1,1,70.30400034152166,156.0,0.45066666885590806
PLANNING,63,8,Line.tpx21459629c0,Triplex,1,2,2,69.96154722634193,156.0,0.44847145657911497
PLANNING,63,9,Line.tpx226308719b0,Triplex,1,2,2,69.75164273181693,156.0,0.44712591494754444
PLANNING,63,10,Line.tpx226308710b0,Triplex,1,1,1,69.65345294019545,156.0,0.4464964932063811
PLANNING,63,11,Line.tpx226308725b0,Triplex,1,1,1,69.43121444801797,156.0,0.44507188748729465
PLANNING,63,12,Line.tpx227447984c0,Triplex,1,1,1,69.33423300251252,156.0,0.44445021155456743
PLANNING,63,13,Line.tpx226308729b0,Triplex,1,1,1,68.5687453181874,156.0,0.43954323921914995
PLANNING,63,14,Line.tpx260595b0,Triplex,1,2,2,68.52972406846943,156.0,0.4392931030030092
PLANNING,63,15,Line.tpx2224230651c0,Triplex,1,2,2,68.51081795703621,156.0,0.43917190998100136
PLANNING,63,16,Line.tpx226308716b0,Triplex,1,2,2,68.36302256612548,156.0,0.4382245036290095
PLANNING,63,17,Line.tpx293664b0,Triplex,1,1,1,68.07658815575438,156.0,0.4363883856138101
PLANNING,63,18,Line.tpx227944551c0,Triplex,1,2,2,236.9192449438817,580.0,0.408481456799796
PLANNING,63,19,Line.ln5742828-1,Primary,1,3,3,159.9946687904586,400.0,0.3999866719761465
PLANNING,63,20,Line.ln5815900-1,Primary,1,3,3,159.99466873383093,400.0,0.3999866718345773
PLANNING,64,1,Line.tpx260595c0,Triplex,1,1,1,72.7230443332159,156.0,0.4661733611103583
PLANNING,64,2,Line.tpx21459660c0,Triplex,1,2,2,72.11453594025633,156.0,0.46227266628369446
PLANNING,64,3,Line.tpx21197413c0,Triplex,1,2,2,71.61536794538064,156.0,0.4590728714447477
PLANNING,64,4,Line.tpx226192801c0,Triplex,1,1,1,71.43792319174133,156.0,0.457935405075265
PLANNING,64,5,Line.tpx21458756c0,Triplex,1,1,1,71.28563584360698,156.0,0.4569592041256858
PLANNING,64,6,Line.tpx21459651c0,Triplex,1,1,1,71.09871598236593,156.0,0.4557609998869611
PLANNING,64,7,Line.tpx2224230689c0,Triplex,1,1,1,71.09525949420066,156.0,0.4557388429115427
PLANNING,64,8,Line.tpx21459629c0,Triplex,1,2,2,70.87666777248359,156.0,0.45433761392617683
PLANNING,64,9,Line.tpx227447984c0,Triplex,1,1,1,70.49602342816368,156.0,0.4518975860779723
PLANNING,64,10,Line.tpx226308719b0,Triplex,1,2,2,70.03500764854503,156.0,0.4489423567214425
PLANNING,64,11,Line.tpx226308710b0,Triplex,1,1,1,69.96510129380697,156.0,0.4484942390628652
PLANNING,64,12,Line.tpx226308725b0,Triplex,1,1,1,69.83991888681255,156.0,0.4476917877359779
PLANNING,64,13,Line.tpx2224230651c0,Triplex,1,2,2,69.69403720767545,156.0,0.4467566487671503
PLANNING,64,14,Line.tpx226308729b0,Triplex,1,1,1,69.29994361973698,156.0,0.4442304078188268
PLANNING,64,15,Line.tpx260595b0,Triplex,1,2,2,69.18497459936872,156.0,0.4434934269190302
PLANNING,64,16,Line.tpx226308716b0,Triplex,1,2,2,69.15246385411375,156.0,0.44328502470585734
PLANNING,64,17,Line.tpx293664b0,Triplex,1,1,1,67.80421788530595,156.0,0.4346424223417048
PLANNING,64,18,Line.ln5742828-1,Primary,1,3,3,171.9530075766828,400.0,0.42988251894170704
PLANNING,64,19,Line.ln5815900-1,Primary,1,3,3,171.9529997817623,400.0,0.4298824994544057
PLANNING,64,20,Line.a8735_48332_sw,Primary,1,3,3,171.95299953197508,400.0,0.4298824988299377
PLANNING,65,1,Line.tpx260595c0,Triplex,1,1,1,72.71087451474871,156.0,0.4660953494535174
PLANNING,65,2,Line.tpx21459660c0,Triplex,1,2,2,72.09015700028382,156.0,0.46211639102746044
PLANNING,65,3,Line.tpx21197413c0,Triplex,1,2,2,71.59127529565991,156.0,0.4589184313824353
PLANNING,65,4,Line.tpx226192801c0,Triplex,1,1,1,71.41378629323957,156.0,0.4577806813669203
PLANNING,65,5,Line.tpx21458756c0,Triplex,1,1,1,71.2615856023196,156.0,0.45680503591230515
PLANNING,65,6,Line.tpx21459651c0,Triplex,1,1,1,71.07470708416223,156.0,0.4556070966933476
PLANNING,65,7,Line.tpx2224230689c0,Triplex,1,1,1,71.06899142448263,156.0,0.45557045784924766
PLANNING,65,8,Line.tpx21459629c0,Triplex,1,2,2,70.85274326185366,156.0,0.4541842516785491
PLANNING,65,9,Line.tpx227447984c0,Triplex,1,1,1,70.47220737282673,156.0,0.4517449190565816
PLANNING,65,10,Line.tpx226308719b0,Triplex,1,2,2,70.02034372992313,156.0,0.44884835724309696
PLANNING,65,11,Line.tpx226308710b0,Triplex,1,1,1,69.95046243314471,156.0,0.4484004002124661
PLANNING,65,12,Line.tpx226308725b0,Triplex,1,1,1,69.82529128708146,156.0,0.44759802107103497
PLANNING,65,13,Line.tpx2224230651c0,Triplex,1,2,2,69.66830755750009,156.0,0.44659171511218004
PLANNING,65,14,Line.tpx226308729b0,Triplex,1,1,1,69.28542799993338,156.0,0.4441373589739319
PLANNING,65,15,Line.tpx260595b0,Triplex,1,2,2,69.1710671310054,156.0,0.4434042764808038
PLANNING,65,16,Line.tpx226308716b0,Triplex,1,2,2,69.13799667575181,156.0,0.4431922863830244
PLANNING,65,17,Line.tpx293664b0,Triplex,1,1,1,67.77728435245827,156.0,0.4344697714901171
PLANNING,65,18,Line.ln5742828-1,Primary,1,3,3,171.23922386983642,400.0,0.4280980596745911
PLANNING,65,19,Line.ln5815900-1,Primary,1,3,3,171.23921702522028,400.0,0.42809804256305073
PLANNING,65,20,Line.a8735_48332_sw,Primary,1,3,3,171.23921678081132,400.0,0.4280980419520283
PLANNING,66,1,Line.tpx260595c0,Triplex,1,1,1,72.89740537295948,156.0,0.4672910600830736
PLANNING,66,2,Line.tpx21459660c0,Triplex,1,2,2,72.27696626291146,156.0,0.46331388630071446
PLANNING,66,3,Line.tpx226192801c0,Triplex,1,1,1,71.96288232830821,156.0,0.46130052774556546
PLANNING,66,4,Line.tpx21197413c0,Triplex,1,2,2,71.96236612189556,156.0,0.4612972187300997
PLANNING,66,5,Line.tpx21458756c0,Triplex,1,1,1,71.86414477939378,156.0,0.46066759473970376
PLANNING,66,6,Line.tpx21459651c0,Triplex,1,1,1,71.79842931989161,156.0,0.460246341794177
PLANNING,66,7,Line.tpx21459629c0,Triplex,1,2,2,71.68788119786329,156.0,0.45953769998630317
PLANNING,66,8,Line.ln6504019-5,Primary,1,2,2,183.6159138737034,400.0,0.4590397846842585
PLANNING,66,9,Line.ln6048634-1,Primary,1,2,2,183.61574929030797,400.0,0.45903937322576993
PLANNING,66,10,Line.ln5866268-1,Primary,1,2,2,183.61548591938694,400.0,0.45903871479846736
PLANNING,66,11,Line.ln5473440-1,Primary,1,2,2,183.61515677792806,400.0,0.45903789194482014
PLANNING,66,12,Line.ln6261021-1,Primary,1,2,2,183.61466258566628,400.0,0.4590366564641657
PLANNING,66,13,Line.ln6351519-1,Primary,1,2,2,183.61423272515032,400.0,0.4590355818128758
PLANNING,66,14,Line.ln5594242-1,Primary,1,2,2,183.61399419580505,400.0,0.4590349854895126
PLANNING,66,15,Line.ln5654472-1,Primary,1,2,2,183.6137703266113,400.0,0.45903442581652826
PLANNING,66,16,Line.ln6291242-1,Primary,1,2,2,183.61349919333233,400.0,0.45903374798333085
PLANNING,66,17,Line.ln5654466-1,Primary,1,2,2,183.61319057667566,400.0,0.45903297644168917
PLANNING,66,18,Line.ln6321409-1,Primary,1,2,2,183.6129615656442,400.0,0.45903240391411054
PLANNING,66,19,Line.xj171_48332_sw,Primary,1,2,2,183.61296130499016,400.0,0.4590324032624754
PLANNING,66,20,Line.ln5513564-1,Primary,1,2,2,183.61287351214173,400.0,0.4590321837803543
PLANNING,67,1,Line.tpx260595c0,Triplex,1,1,1,72.89588875540498,156.0,0.46728133817567297
PLANNING,67,2,Line.tpx21459660c0,Triplex,1,2,2,72.27393769291773,156.0,0.46329447239049826
PLANNING,67,3,Line.tpx226192801c0,Triplex,1,1,1,71.95986804220763,156.0,0.4612812053987669
PLANNING,67,4,Line.tpx21197413c0,Triplex,1,2,2,71.95936322771107,156.0,0.46127796940840426
PLANNING,67,5,Line.tpx21458756c0,Triplex,1,1,1,71.8611390210157,156.0,0.46064832705779296
PLANNING,67,6,Line.tpx21459651c0,Triplex,1,1,1,71.7954233548588,156.0,0.4602270727875564
PLANNING,67,7,Line.tpx21459629c0,Triplex,1,2,2,71.68488088710801,156.0,0.45951846722505135
PLANNING,67,8,Line.ln6504019-5,Primary,1,2,2,183.5242987645849,400.0,0.45881074691146223
PLANNING,67,9,Line.ln6048634-1,Primary,1,2,2,183.52413441966314,400.0,0.45881033604915783
PLANNING,67,10,Line.ln5866268-1,Primary,1,2,2,183.5238714291651,400.0,0.45880967857291277
PLANNING,67,11,Line.ln5473440-1,Primary,1,2,2,183.52354276143427,400.0,0.4588088569035857
PLANNING,67,12,Line.ln6261021-1,Primary,1,2,2,183.52304927678256,400.0,0.4588076231919564
PLANNING,67,13,Line.ln6351519-1,Primary,1,2,2,183.52262002831367,400.0,0.4588065500707842
PLANNING,67,14,Line.ln5594242-1,Primary,1,2,2,183.52238183725316,400.0,0.4588059545931329
PLANNING,67,15,Line.ln5654472-1,Primary,1,2,2,183.5221582846589,400.0,0.45880539571164725
PLANNING,67,16,Line.ln6291242-1,Primary,1,2,2,183.52188753380403,400.0,0.4588047188345101
PLANNING,67,17,Line.ln5654466-1,Primary,1,2,2,183.5215793509563,400.0,0.45880394837739075
PLANNING,67,18,Line.ln6321409-1,Primary,1,2,2,183.52135066094624,400.0,0.4588033766523656
PLANNING,67,19,Line.xj171_48332_sw,Primary,1,2,2,183.52135039990208,400.0,0.4588033759997552
PLANNING,67,20,Line.ln5513564-1,Primary,1,2,2,183.52126273081848,400.0,0.4588031568270462
PLANNING,68,1,Line.ln6504019-5,Primary,1,2,2,196.8266786048083,400.0,0.4920666965120208
PLANNING,68,2,Line.ln6048634-1,Primary,1,2,2,196.8264941527113,400.0,0.49206623538177824
PLANNING,68,3,Line.ln5866268-1,Primary,1,2,2,196.82619903790408,400.0,0.4920654975947602
PLANNING,68,4,Line.ln5473440-1,Primary,1,2,2,196.8258303118019,400.0,0.49206457577950474
PLANNING,68,5,Line.ln6261021-1,Primary,1,2,2,196.82527686108276,400.0,0.4920631921527069
PLANNING,68,6,Line.ln6351519-1,Primary,1,2,2,196.82479562424209,400.0,0.4920619890606052
PLANNING,68,7,Line.ln5594242-1,Primary,1,2,2,196.82452865234455,400.0,0.49206132163086136
PLANNING,68,8,Line.ln5654472-1,Primary,1,2,2,196.8242781306659,400.0,0.49206069532666474
PLANNING,68,9,Line.ln6291242-1,Primary,1,2,2,196.82397477194576,400.0,0.4920599369298644
PLANNING,68,10,Line.ln5654466-1,Primary,1,2,2,196.82362954560597,400.0,0.49205907386401493
PLANNING,68,11,Line.ln6321409-1,Primary,1,2,2,196.8233734159768,400.0,0.492058433539942
PLANNING,68,12,Line.xj171_48332_sw,Primary,1,2,2,196.8233731138607,400.0,0.4920584327846517
PLANNING,68,13,Line.ln5513564-1,Primary,1,2,2,196.82327493582358,400.0,0.4920581873395589
PLANNING,68,14,Line.cap_1b,Primary,1,2,1,196.82306633765188,400.0,0.4920576658441297
PLANNING,68,15,Line.ln5513564-2,Primary,1,2,2,196.82306633719426,400.0,0.49205766584298566
PLANNING,68,16,Line.ln5775442-1,Primary,1,2,2,196.82257547535366,400.0,0.49205643868838417
PLANNING,68,17,Line.ln5896798-1,Primary,1,2,2,196.8223690413504,400.0,0.49205592260337605
PLANNING,68,18,Line.ln5714974-1,Primary,1,2,2,196.82179252300006,400.0,0.4920544813075001
PLANNING,68,19,Line.ln5473414-1,Primary,1,2,2,196.82128556385663,400.0,0.4920532139096416
PLANNING,68,20,Line.ln5742828-2,Primary,1,2,2,196.8209551785672,400.0,0.49205238794641804
PLANNING,69,1,Line.ln6504019-5,Primary,1,2,2,196.37464356308377,400.0,0.4909366089077094
PLANNING,69,2,Line.ln6048634-1,Primary,1,2,2,196.37446018215803,400.0,0.49093615045539507
PLANNING,69,3,Line.ln5866268-1,Primary,1,2,2,196.37416677705073,400.0,0.4909354169426268
PLANNING,69,4,Line.ln5473440-1,Primary,1,2,2,196.3738001800524,400.0,0.490934500450131
PLANNING,69,5,Line.ln6261021-1,Primary,1,2,2,196.3732499108957,400.0,0.49093312477723927
PLANNING,69,6,Line.ln6351519-1,Primary,1,2,2,196.37277142677533,400.0,0.49093192856693835
PLANNING,69,7,Line.ln5594242-1,Primary,1,2,2,196.37250597656154,400.0,0.4909312649414039
PLANNING,69,8,Line.ln5654472-1,Primary,1,2,2,196.37225687945798,400.0,0.49093064219864496
PLANNING,69,9,Line.ln6291242-1,Primary,1,2,2,196.37195524131036,400.0,0.4909298881032759
PLANNING,69,10,Line.ln5654466-1,Primary,1,2,2,196.37161196709891,400.0,0.4909290299177473
PLANNING,69,11,Line.ln6321409-1,Primary,1,2,2,196.37135728204962,400.0,0.49092839320512405
PLANNING,69,12,Line.xj171_48332_sw,Primary,1,2,2,196.37135698159307,400.0,0.4909283924539827
PLANNING,69,13,Line.ln5513564-1,Primary,1,2,2,196.37125935697952,400.0,0.4909281483924488
PLANNING,69,14,Line.cap_1b,Primary,1,2,1,196.37105193223624,400.0,0.49092762983059063
PLANNING,69,15,Line.ln5513564-2,Primary,1,2,2,196.37105193116096,400.0,0.4909276298279024
PLANNING,69,16,Line.ln5775442-1,Primary,1,2,2,196.37056382048738,400.0,0.49092640955121847
PLANNING,69,17,Line.ln5896798-1,Primary,1,2,2,196.3703585399348,400.0,0.490925896349837
PLANNING,69,18,Line.ln5714974-1,Primary,1,2,2,196.36978523238986,400.0,0.49092446308097465
PLANNING,69,19,Line.ln5473414-1,Primary,1,2,2,196.36928108366163,400.0,0.49092320270915407
PLANNING,69,20,Line.ln5742828-2,Primary,1,2,2,196.36895252348216,400.0,0.4909223813087054
PLANNING,70,1,Line.ln6504019-5,Primary,1,2,2,206.1695584027981,400.0,0.5154238960069952
PLANNING,70,2,Line.ln6048634-1,Primary,1,2,2,206.1693574172194,400.0,0.5154233935430486
PLANNING,70,3,Line.ln5866268-1,Primary,1,2,2,206.1690358986098,400.0,0.5154225897465244
PLANNING,70,4,Line.ln5473440-1,Primary,1,2,2,206.1686342662745,400.0,0.5154215856656862
PLANNING,70,5,Line.ln6261021-1,Primary,1,2,2,206.1680315949745,400.0,0.5154200789874362
PLANNING,70,6,Line.ln6351519-1,Primary,1,2,2,206.16750772261761,400.0,0.5154187693065441
PLANNING,70,7,Line.ln5594242-1,Primary,1,2,2,206.16721716210282,400.0,0.5154180429052571
PLANNING,70,8,Line.ln5654472-1,Primary,1,2,2,206.16694454608185,400.0,0.5154173613652047
PLANNING,70,9,Line.ln6291242-1,Primary,1,2,2,206.1666144853728,400.0,0.515416536213432
PLANNING,70,10,Line.ln5654466-1,Primary,1,2,2,206.16623894027387,400.0,0.5154155973506847
PLANNING,70,11,Line.ln6321409-1,Primary,1,2,2,206.16596036309952,400.0,0.5154149009077488
PLANNING,70,12,Line.xj171_48332_sw,Primary,1,2,2,206.16596002885439,400.0,0.515414900072136
PLANNING,70,13,Line.ln5513564-1,Primary,1,2,2,206.16585326003158,400.0,0.515414633150079
PLANNING,70,14,Line.hvmv_sub_connector,Primary,1,2,2,205.9407672347,400.0,0.51485191808675
PLANNING,70,15,Line.ln5710794-3,Primary,1,2,2,205.94076718393526,400.0,0.5148519179598382
PLANNING,70,16,Line.a8735_48332_sw,Primary,1,2,2,205.94072810880272,400.0,0.5148518202720068
PLANNING,70,17,Line.ln5815900-1,Primary,1,2,2,205.94072782818216,400.0,0.5148518195704554
PLANNING,70,18,Line.ln5742828-1,Primary,1,2,2,205.94068828528165,400.0,0.5148517207132042
PLANNING,70,19,Line.ln5742828-2,Primary,1,2,2,205.94063712549425,400.0,0.5148515928137356
PLANNING,70,20,Line.ln5473414-1,Primary,1,2,2,205.9404956460662,400.0,0.5148512391151655
PLANNING,71,1,Line.ln6504019-5,Primary,1,2,2,206.09814227065394,400.0,0.5152453556766349
PLANNING,71,2,Line.ln6048634-1,Primary,1,2,2,206.09794144510215,400.0,0.5152448536127554
PLANNING,71,3,Line.ln5866268-1,Primary,1,2,2,206.09762018190045,400.0,0.5152440504547511
PLANNING,71,4,Line.ln5473440-1,Primary,1,2,2,206.09721886785752,400.0,0.5152430471696438
PLANNING,71,5,Line.ln6261021-1,Primary,1,2,2,206.0966166721557,400.0,0.5152415416803893
PLANNING,71,6,Line.ln6351519-1,Primary,1,2,2,206.096093211351,400.0,0.5152402330283775
PLANNING,71,7,Line.ln5594242-1,Primary,1,2,2,206.09580287826736,400.0,0.5152395071956684
PLANNING,71,8,Line.ln5654472-1,Primary,1,2,2,206.09553047534268,400.0,0.5152388261883567
PLANNING,71,9,Line.ln6291242-1,Primary,1,2,2,206.09520067187557,400.0,0.5152380016796889
PLANNING,71,10,Line.ln5654466-1,Primary,1,2,2,206.09482541871543,400.0,0.5152370635467886
PLANNING,71,11,Line.ln6321409-1,Primary,1,2,2,206.0945470577352,400.0,0.515236367644338
PLANNING,71,12,Line.xj171_48332_sw,Primary,1,2,2,206.09454672329187,400.0,0.5152363668082297
PLANNING,71,13,Line.ln5513564-1,Primary,1,2,2,206.09444003768596,400.0,0.5152361000942149
PLANNING,71,14,Line.ln5710794-3,Primary,1,2,2,205.8757380922512,400.0,0.514689345230628
PLANNING,71,15,Line.hvmv_sub_connector,Primary,1,2,2,205.8757379737216,400.0,0.5146893449343041
PLANNING,71,16,Line.a8735_48332_sw,Primary,1,2,2,205.8756988914845,400.0,0.5146892472287112
PLANNING,71,17,Line.ln5815900-1,Primary,1,2,2,205.8756986096069,400.0,0.5146892465240173
PLANNING,71,18,Line.ln5742828-1,Primary,1,2,2,205.8756589397035,400.0,0.5146891473492587
PLANNING,71,19,Line.ln5742828-2,Primary,1,2,2,205.87560761595861,400.0,0.5146890190398965
PLANNING,71,20,Line.ln5473414-1,Primary,1,2,2,205.8754656873565,400.0,0.5146886642183912
PLANNING,72,1,Line.ln6504019-5,Primary,1,2,2,211.31163001971862,400.0,0.5282790750492965
PLANNING,72,2,Line.ln6048634-1,Primary,1,2,2,211.31142053919368,400.0,0.5282785513479842
PLANNING,72,3,Line.ln5866268-1,Primary,1,2,2,211.3110854520452,400.0,0.528277713630113
PLANNING,72,4,Line.ln5473440-1,Primary,1,2,2,211.31066690540766,400.0,0.5282766672635192
PLANNING,72,5,Line.ln6261021-1,Primary,1,2,2,211.31003892493075,400.0,0.5282750973123269
PLANNING,72,6,Line.ln6351519-1,Primary,1,2,2,211.3094931210219,400.0,0.5282737328025547
PLANNING,72,7,Line.ln5594242-1,Primary,1,2,2,211.30919042312894,400.0,0.5282729760578223
PLANNING,72,8,Line.ln5654472-1,Primary,1,2,2,211.3089064367943,400.0,0.5282722660919857
PLANNING,72,9,Line.ln6291242-1,Primary,1,2,2,211.3085626314964,400.0,0.5282714065787409
PLANNING,72,10,Line.ln5654466-1,Primary,1,2,2,211.30817147669387,400.0,0.5282704286917347
PLANNING,72,11,Line.ln6321409-1,Primary,1,2,2,211.30788134008415,400.0,0.5282697033502104
PLANNING,72,12,Line.xj171_48332_sw,Primary,1,2,2,211.30788098671295,400.0,0.5282697024667824
PLANNING,72,13,Line.ln5513564-1,Primary,1,2,2,211.3077697916738,400.0,0.5282694244791845
PLANNING,72,14,Line.ln5710794-3,Primary,1,2,2,210.71494434901717,400.0,0.526787360872543
PLANNING,72,15,Line.hvmv_sub_connector,Primary,1,2,2,210.71494422219368,400.0,0.5267873605554843
PLANNING,72,16,Line.a8735_48332_sw,Primary,1,2,2,210.7149128955032,400.0,0.526787282238758
PLANNING,72,17,Line.ln5815900-1,Primary,1,2,2,210.71491264847398,400.0,0.5267872816211849
PLANNING,72,18,Line.ln5742828-1,Primary,1,2,2,210.71488078488923,400.0,0.5267872019622231
PLANNING,72,19,Line.ln5742828-2,Primary,1,2,2,210.71483951720901,400.0,0.5267870987930225
PLANNING,72,20,Line.ln5473414-1,Primary,1,2,2,210.7147251474716,400.0,0.526786812868679
PLANNING,73,1,Line.ln6504019-5,Primary,1,2,2,211.20777533909924,400.0,0.5280194383477481
PLANNING,73,2,Line.ln6048634-1,Primary,1,2,2,211.20756608332397,400.0,0.5280189152083099
PLANNING,73,3,Line.ln5866268-1,Primary,1,2,2,211.207231354771,400.0,0.5280180783869275
PLANNING,73,4,Line.ln5473440-1,Primary,1,2,2,211.20681325458412,400.0,0.5280170331364603
PLANNING,73,5,Line.ln6261021-1,Primary,1,2,2,211.2061859418077,400.0,0.5280154648545192
PLANNING,73,6,Line.ln6351519-1,Primary,1,2,2,211.20564071572784,400.0,0.5280141017893196
PLANNING,73,7,Line.ln5594242-1,Primary,1,2,2,211.20533833734746,400.0,0.5280133458433687
PLANNING,73,8,Line.ln5654472-1,Primary,1,2,2,211.20505464999866,400.0,0.5280126366249966
PLANNING,73,9,Line.ln6291242-1,Primary,1,2,2,211.2047112062023,400.0,0.5280117780155057
PLANNING,73,10,Line.ln5654466-1,Primary,1,2,2,211.2043204615434,400.0,0.5280108011538585
PLANNING,73,11,Line.ln6321409-1,Primary,1,2,2,211.20403062832256,400.0,0.5280100765708063
PLANNING,73,12,Line.xj171_48332_sw,Primary,1,2,2,211.20403027549716,400.0,0.5280100756887429
PLANNING,73,13,Line.ln5513564-1,Primary,1,2,2,211.20391919678593,400.0,0.5280097979919648
PLANNING,73,14,Line.hvmv_sub_connector,Primary,1,2,2,210.62004573122266,400.0,0.5265501143280567
PLANNING,73,15,Line.ln5710794-3,Primary,1,2,2,210.62004565105028,400.0,0.5265501141276256
PLANNING,73,16,Line.a8735_48332_sw,Primary,1,2,2,210.62001401970215,400.0,0.5265500350492553
PLANNING,73,17,Line.ln5815900-1,Primary,1,2,2,210.62001377260415,400.0,0.5265500344315104
PLANNING,73,18,Line.ln5742828-1,Primary,1,2,2,210.61998173048,400.0,0.5265499543262
PLANNING,73,19,Line.ln5742828-2,Primary,1,2,2,210.61994023289648,400.0,0.5265498505822412
PLANNING,73,20,Line.ln5473414-1,Primary,1,2,2,210.61982523304084,400.0,0.5265495630826021
PLANNING,74,1,Line.ln6504019-5,Primary,1,2,2,211.29721500087405,400.0,0.5282430375021852
PLANNING,74,2,Line.ln6048634-1,Primary,1,2,2,211.29700563019662,400.0,0.5282425140754916
PLANNING,74,3,Line.ln5866268-1,Primary,1,2,2,211.29667071801083,400.0,0.5282416767950271
PLANNING,74,4,Line.ln5473440-1,Primary,1,2,2,211.2962523887617,400.0,0.5282406309719042
PLANNING,74,5,Line.ln6261021-1,Primary,1,2,2,211.29562473264176,400.0,0.5282390618316044
PLANNING,74,6,Line.ln6351519-1,Primary,1,2,2,211.2950792086559,400.0,0.5282376980216398
PLANNING,74,7,Line.ln5594242-1,Primary,1,2,2,211.2947766653386,400.0,0.5282369416633464
PLANNING,74,8,Line.ln5654472-1,Primary,1,2,2,211.29449282327732,400.0,0.5282362320581933
PLANNING,74,9,Line.ln6291242-1,Primary,1,2,2,211.2941491922357,400.0,0.5282353729805892
PLANNING,74,10,Line.ln5654466-1,Primary,1,2,2,211.29375823491733,400.0,0.5282343955872933
PLANNING,74,11,Line.ln6321409-1,Primary,1,2,2,211.2934682440968,400.0,0.528233670610242
PLANNING,74,12,Line.xj171_48332_sw,Primary,1,2,2,211.29346789201583,400.0,0.5282336697300396
PLANNING,74,13,Line.ln5513564-1,Primary,1,2,2,211.29335675255788,400.0,0.5282333918813947
PLANNING,74,14,Line.hvmv_sub_connector,Primary,1,2,2,210.7041000170616,400.0,0.526760250042654
PLANNING,74,15,Line.ln5710794-3,Primary,1,2,2,210.70409996136786,400.0,0.5267602499034196
PLANNING,74,16,Line.a8735_48332_sw,Primary,1,2,2,210.70406844526056,400.0,0.5267601711131514
PLANNING,74,17,Line.ln5815900-1,Primary,1,2,2,210.70406819963378,400.0,0.5267601704990844
PLANNING,74,18,Line.ln5742828-1,Primary,1,2,2,210.70403627474855,400.0,0.5267600906868714
PLANNING,74,19,Line.ln5742828-2,Primary,1,2,2,210.70399492772424,400.0,0.5267599873193106
PLANNING,74,20,Line.ln5473414-1,Primary,1,2,2,210.70388034087898,400.0,0.5267597008521975
PLANNING,75,1,Line.ln6504019-5,Primary,1,2,2,211.24361054483217,400.0,0.5281090263620805
PLANNING,75,2,Line.ln6048634-1,Primary,1,2,2,211.2434012901614,400.0,0.5281085032254035
PLANNING,75,3,Line.ln5866268-1,Primary,1,2,2,211.24306656297705,400.0,0.5281076664074427
PLANNING,75,4,Line.ln5473440-1,Primary,1,2,2,211.24264846437137,400.0,0.5281066211609284
PLANNING,75,5,Line.ln6261021-1,Primary,1,2,2,211.2420211527674,400.0,0.5281050528819184
PLANNING,75,6,Line.ln6351519-1,Primary,1,2,2,211.24147592704648,400.0,0.5281036898176162
PLANNING,75,7,Line.ln5594242-1,Primary,1,2,2,211.2411735486255,400.0,0.5281029338715638
PLANNING,75,8,Line.ln5654472-1,Primary,1,2,2,211.24088986087227,400.0,0.5281022246521807
PLANNING,75,9,Line.ln6291242-1,Primary,1,2,2,211.24054641639015,400.0,0.5281013660409754
PLANNING,75,10,Line.ln5654466-1,Primary,1,2,2,211.24015567071973,400.0,0.5281003891767994
PLANNING,75,11,Line.ln6321409-1,Primary,1,2,2,211.23986583662233,400.0,0.5280996645915558
PLANNING,75,12,Line.xj171_48332_sw,Primary,1,2,2,211.23986548510442,400.0,0.5280996637127611
PLANNING,75,13,Line.ln5513564-1,Primary,1,2,2,211.2397544054456,400.0,0.5280993860136141
PLANNING,75,14,Line.ln5710794-3,Primary,1,2,2,210.65511794530713,400.0,0.5266377948632678
PLANNING,75,15,Line.hvmv_sub_connector,Primary,1,2,2,210.65511786059037,400.0,0.5266377946514759
PLANNING,75,16,Line.a8735_48332_sw,Primary,1,2,2,210.65508634116787,400.0,0.5266377158529196
PLANNING,75,17,Line.ln5815900-1,Primary,1,2,2,210.65508609203616,400.0,0.5266377152300904
PLANNING,75,18,Line.ln5742828-1,Primary,1,2,2,210.65505407488402,400.0,0.5266376351872101
PLANNING,75,19,Line.ln5742828-2,Primary,1,2,2,210.65501260940403,400.0,0.5266375315235101
PLANNING,75,20,Line.ln5473414-1,Primary,1,2,2,210.65489769737022,400.0,0.5266372442434255
PLANNING,76,1,Line.ln6504019-5,Primary,1,2,2,209.325132756907,400.0,0.5233128318922675
PLANNING,76,2,Line.ln6048634-1,Primary,1,2,2,209.32492665571516,400.0,0.5233123166392879
PLANNING,76,3,Line.ln5866268-1,Primary,1,2,2,209.32459696553147,400.0,0.5233114924138287
PLANNING,76,4,Line.ln5473440-1,Primary,1,2,2,209.32418514610785,400.0,0.5233104628652696
PLANNING,76,5,Line.ln6261021-1,Primary,1,2,2,209.32356723036142,400.0,0.5233089180759035
PLANNING,76,6,Line.ln6351519-1,Primary,1,2,2,209.32303014673033,400.0,0.5233075753668258
PLANNING,76,7,Line.ln5594242-1,Primary,1,2,2,209.32273227421274,400.0,0.5233068306855319
PLANNING,76,8,Line.ln5654472-1,Primary,1,2,2,209.32245280801976,400.0,0.5233061320200494
PLANNING,76,9,Line.ln6291242-1,Primary,1,2,2,209.32211446637666,400.0,0.5233052861659416
PLANNING,76,10,Line.ln5654466-1,Primary,1,2,2,209.32172951606236,400.0,0.5233043237901559
PLANNING,76,11,Line.ln6321409-1,Primary,1,2,2,209.32144397373432,400.0,0.5233036099343358
PLANNING,76,12,Line.xj171_48332_sw,Primary,1,2,2,209.32144362879697,400.0,0.5233036090719925
PLANNING,76,13,Line.ln5513564-1,Primary,1,2,2,209.32133419165456,400.0,0.5233033354791364
PLANNING,76,14,Line.ln5710794-3,Primary,1,2,2,208.87289842521747,400.0,0.5221822460630436
PLANNING,76,15,Line.hvmv_sub_connector,Primary,1,2,2,208.8728984002661,400.0,0.5221822460006653
PLANNING,76,16,Line.a8735_48332_sw,Primary,1,2,2,208.8728639992293,400.0,0.5221821599980733
PLANNING,76,17,Line.ln5815900-1,Primary,1,2,2,208.87286373890737,400.0,0.5221821593472684
PLANNING,76,18,Line.ln5742828-1,Primary,1,2,2,208.8728288801643,400.0,0.5221820722004107
PLANNING,76,19,Line.ln5742828-2,Primary,1,2,2,208.87278375423665,400.0,0.5221819593855916
PLANNING,76,20,Line.ln5473414-1,Primary,1,2,2,208.87265881079898,400.0,0.5221816470269974
PLANNING,77,1,Line.ln6504019-5,Primary,1,2,2,209.15559579845433,400.0,0.5228889894961358
PLANNING,77,2,Line.ln6048634-1,Primary,1,2,2,209.1553900691232,400.0,0.522888475172808
PLANNING,77,3,Line.ln5866268-1,Primary,1,2,2,209.15506097256423,400.0,0.5228876524314106
PLANNING,77,4,Line.ln5473440-1,Primary,1,2,2,209.15464989251166,400.0,0.5228866247312791
PLANNING,77,5,Line.ln6261021-1,Primary,1,2,2,209.15403308177474,400.0,0.5228850827044369
PLANNING,77,6,Line.ln6351519-1,Primary,1,2,2,209.15349695450553,400.0,0.5228837423862638
PLANNING,77,7,Line.ln5594242-1,Primary,1,2,2,209.15319961082704,400.0,0.5228829990270676
PLANNING,77,8,Line.ln5654472-1,Primary,1,2,2,209.15292063964526,400.0,0.5228823015991132
PLANNING,77,9,Line.ln6291242-1,Primary,1,2,2,209.15258289615645,400.0,0.5228814572403911
PLANNING,77,10,Line.ln5654466-1,Primary,1,2,2,209.15219862456613,400.0,0.5228804965614153
PLANNING,77,11,Line.ln6321409-1,Primary,1,2,2,209.15191358446472,400.0,0.5228797839611619
PLANNING,77,12,Line.xj171_48332_sw,Primary,1,2,2,209.1519132399363,400.0,0.5228797830998407
PLANNING,77,13,Line.ln5513564-1,Primary,1,2,2,209.1518039954872,400.0,0.522879509988718
PLANNING,77,14,Line.hvmv_sub_connector,Primary,1,2,2,208.7181929513061,400.0,0.5217954823782652
PLANNING,77,15,Line.ln5710794-3,Primary,1,2,2,208.71819285055707,400.0,0.5217954821263927
PLANNING,77,16,Line.a8735_48332_sw,Primary,1,2,2,208.7181581304979,400.0,0.5217953953262447
PLANNING,77,17,Line.ln5815900-1,Primary,1,2,2,208.71815786958996,400.0,0.5217953946739748
PLANNING,77,18,Line.ln5742828-1,Primary,1,2,2,208.71812271551258,400.0,0.5217953067887815
PLANNING,77,19,Line.ln5742828-2,Primary,1,2,2,208.71807720900821,400.0,0.5217951930225205
PLANNING,77,20,Line.ln5473414-1,Primary,1,2,2,208.717951222199,400.0,0.5217948780554975
PLANNING,78,1,Line.ln6504019-5,Primary,1,2,2,206.48177704616168,400.0,0.5162044426154042
PLANNING,78,2,Line.ln6048634-1,Primary,1,2,2,206.4815758404138,400.0,0.5162039396010345
PLANNING,78,3,Line.ln5866268-1,Primary,1,2,2,206.48125396901682,400.0,0.516203134922542
PLANNING,78,4,Line.ln5473440-1,Primary,1,2,2,206.4808518949556,400.0,0.516202129737389
PLANNING,78,5,Line.ln6261021-1,Primary,1,2,2,206.480248558591,400.0,0.5162006213964775
PLANNING,78,6,Line.ln6351519-1,Primary,1,2,2,206.47972410605576,400.0,0.5161993102651394
PLANNING,78,7,Line.ln5594242-1,Primary,1,2,2,206.47943322276774,400.0,0.5161985830569193
PLANNING,78,8,Line.ln5654472-1,Primary,1,2,2,206.47916030361299,400.0,0.5161979007590325
PLANNING,78,9,Line.ln6291242-1,Primary,1,2,2,206.4788298750496,400.0,0.516197074687624
PLANNING,78,10,Line.ln5654466-1,Primary,1,2,2,206.47845391057118,400.0,0.5161961347764279
PLANNING,78,11,Line.ln6321409-1,Primary,1,2,2,206.47817502192035,400.0,0.5161954375548009
PLANNING,78,12,Line.xj171_48332_sw,Primary,1,2,2,206.47817468737594,400.0,0.5161954367184398
PLANNING,78,13,Line.ln5513564-1,Primary,1,2,2,206.47806779901703,400.0,0.5161951694975425
PLANNING,78,14,Line.ln5710794-3,Primary,1,2,2,206.23925465588175,400.0,0.5155981366397043
PLANNING,78,15,Line.hvmv_sub_connector,Primary,1,2,2,206.23925456151585,400.0,0.5155981364037896
PLANNING,78,16,Line.a8735_48332_sw,Primary,1,2,2,206.23921591177267,400.0,0.5155980397794316
PLANNING,78,17,Line.ln5815900-1,Primary,1,2,2,206.2392156320744,400.0,0.515598039080186
PLANNING,78,18,Line.ln5742828-1,Primary,1,2,2,206.23917642248924,400.0,0.5155979410562231
PLANNING,78,19,Line.ln5742828-2,Primary,1,2,2,206.2391256914623,400.0,0.5155978142286558
PLANNING,78,20,Line.ln5473414-1,Primary,1,2,2,206.2389853868174,400.0,0.5155974634670435
PLANNING,79,1,Line.ln6504019-5,Primary,1,2,2,206.4400266082355,400.0,0.5161000665205888
PLANNING,79,2,Line.ln6048634-1,Primary,1,2,2,206.43982549585866,400.0,0.5160995637396466
PLANNING,79,3,Line.ln5866268-1,Primary,1,2,2,206.43950377353391,400.0,0.5160987594338348
PLANNING,79,4,Line.ln5473440-1,Primary,1,2,2,206.43910188510205,400.0,0.5160977547127551
PLANNING,79,5,Line.ln6261021-1,Primary,1,2,2,206.43849882623013,400.0,0.5160962470655753
PLANNING,79,6,Line.ln6351519-1,Primary,1,2,2,206.43797461375522,400.0,0.5160949365343881
PLANNING,79,7,Line.ln5594242-1,Primary,1,2,2,206.4376838633941,400.0,0.5160942096584853
PLANNING,79,8,Line.ln5654472-1,Primary,1,2,2,206.43741106834517,400.0,0.5160935276708629
PLANNING,79,9,Line.ln6291242-1,Primary,1,2,2,206.43708078996102,400.0,0.5160927019749025
PLANNING,79,10,Line.ln5654466-1,Primary,1,2,2,206.43670499578957,400.0,0.516091762489474
PLANNING,79,11,Line.ln6321409-1,Primary,1,2,2,206.43642623328319,400.0,0.5160910655832079
PLANNING,79,12,Line.xj171_48332_sw,Primary,1,2,2,206.43642589805847,400.0,0.5160910647451462
PLANNING,79,13,Line.ln5513564-1,Primary,1,2,2,206.43631905859067,400.0,0.5160907976464767
PLANNING,79,14,Line.ln5710794-3,Primary,1,2,2,206.20122990202324,400.0,0.5155030747550581
PLANNING,79,15,Line.hvmv_sub_connector,Primary,1,2,2,206.20122984982905,400.0,0.5155030746245726
PLANNING,79,16,Line.a8735_48332_sw,Primary,1,2,2,206.20119108432615,400.0,0.5155029777108154
PLANNING,79,17,Line.ln5815900-1,Primary,1,2,2,206.20119080438542,400.0,0.5155029770109636
PLANNING,79,18,Line.ln5742828-1,Primary,1,2,2,206.2011515203869,400.0,0.5155028788009672
PLANNING,79,19,Line.ln5742828-2,Primary,1,2,2,206.20110069363594,400.0,0.5155027517340899
PLANNING,79,20,Line.ln5473414-1,Primary,1,2,2,206.2009601269876,400.0,0.5155024003174691
PLANNING,80,1,Line.ln5710794-3,Primary,1,2,2,202.6739347071365,400.0,0.5066848367678413
PLANNING,80,2,Line.hvmv_sub_connector,Primary,1,2,2,202.67393463788667,400.0,0.5066848365947166
PLANNING,80,3,Line.a8735_48332_sw,Primary,1,2,2,202.67389008587952,400.0,0.5066847252146988
PLANNING,80,4,Line.ln5815900-1,Primary,1,2,2,202.6738897801371,400.0,0.5066847244503427
PLANNING,80,5,Line.ln5742828-1,Primary,1,2,2,202.67384464864995,400.0,0.5066846116216248
PLANNING,80,6,Line.ln5742828-2,Primary,1,2,2,202.67378628907892,400.0,0.5066844657226973
PLANNING,80,7,Line.ln5473414-1,Primary,1,2,2,202.6736250778204,400.0,0.506684062694551
PLANNING,80,8,Line.ln5714974-1,Primary,1,2,2,202.67337297079297,400.0,0.5066834324269824
PLANNING,80,9,Line.ln5896798-1,Primary,1,2,2,202.67307915558266,400.0,0.5066826978889566
PLANNING,80,10,Line.ln5775442-1,Primary,1,2,2,202.67297207171214,400.0,0.5066824301792804
PLANNING,80,11,Line.ln5513564-2,Primary,1,2,2,202.67271339121592,400.0,0.5066817834780398
PLANNING,80,12,Line.cap_1b,Primary,1,2,1,202.67271339115223,400.0,0.5066817834778806
PLANNING,80,13,Line.ln6504019-5,Primary,1,2,2,202.63272937283554,400.0,0.5065818234320889
PLANNING,80,14,Line.ln6048634-1,Primary,1,2,2,202.63253470880636,400.0,0.5065813367720159
PLANNING,80,15,Line.ln5866268-1,Primary,1,2,2,202.6322232856979,400.0,0.5065805582142447
PLANNING,80,16,Line.ln5473440-1,Primary,1,2,2,202.6318342351427,400.0,0.5065795855878568
PLANNING,80,17,Line.ln6261021-1,Primary,1,2,2,202.63125038344432,400.0,0.5065781259586108
PLANNING,80,18,Line.ln6351519-1,Primary,1,2,2,202.63074281304256,400.0,0.5065768570326064
PLANNING,80,19,Line.ln5594242-1,Primary,1,2,2,202.6304612717142,400.0,0.5065761531792855
PLANNING,80,20,Line.ln5654472-1,Primary,1,2,2,202.63019710358842,400.0,0.5065754927589711
PLANNING,81,1,Line.hvmv_sub_connector,Primary,1,2,2,202.50172157153818,400.0,0.5062543039288454
PLANNING,81,2,Line.ln5710794-3,Primary,1,2,2,202.50172151882478,400.0,0.5062543037970619
PLANNING,81,3,Line.a8735_48332_sw,Primary,1,2,2,202.50167655346763,400.0,0.5062541913836691
PLANNING,81,4,Line.ln5815900-1,Primary,1,2,2,202.50167624589412,400.0,0.5062541906147353
PLANNING,81,5,Line.ln5742828-1,Primary,1,2,2,202.50163076801812,400.0,0.5062540769200453
PLANNING,81,6,Line.ln5742828-2,Primary,1,2,2,202.50157196161703,400.0,0.5062539299040426
PLANNING,81,7,Line.ln5473414-1,Primary,1,2,2,202.50140952620748,400.0,0.5062535238155187
PLANNING,81,8,Line.ln5714974-1,Primary,1,2,2,202.50115553202778,400.0,0.5062528888300695
PLANNING,81,9,Line.ln5896798-1,Primary,1,2,2,202.5008595575842,400.0,0.5062521488939605
PLANNING,81,10,Line.ln5775442-1,Primary,1,2,2,202.50075169708992,400.0,0.5062518792427249
PLANNING,81,11,Line.ln5513564-2,Primary,1,2,2,202.50049116246902,400.0,0.5062512279061725
PLANNING,81,12,Line.cap_1b,Primary,1,2,1,202.50049116167784,400.0,0.5062512279041946
PLANNING,81,13,Line.ln6504019-5,Primary,1,2,2,202.44310341144893,400.0,0.5061077585286223
PLANNING,81,14,Line.ln6048634-1,Primary,1,2,2,202.4429091836493,400.0,0.5061072729591233
PLANNING,81,15,Line.ln5866268-1,Primary,1,2,2,202.44259845670555,400.0,0.5061064961417638
PLANNING,81,16,Line.ln5473440-1,Primary,1,2,2,202.44221027315194,400.0,0.5061055256828798
PLANNING,81,17,Line.ln6261021-1,Primary,1,2,2,202.4416277172589,400.0,0.5061040692931473
PLANNING,81,18,Line.ln6351519-1,Primary,1,2,2,202.4411212679889,400.0,0.5061028031699722
PLANNING,81,19,Line.ln5594242-1,Primary,1,2,2,202.44084034652522,400.0,0.506102100866313
PLANNING,81,20,Line.ln5654472-1,Primary,1,2,2,202.44057675873455,400.0,0.5061014418968364
PLANNING,82,1,Line.hvmv_sub_connector,Primary,1,2,2,198.80903428928906,400.0,0.49702258572322267
PLANNING,82,2,Line.ln5710794-3,Primary,1,2,2,198.8090342357783,400.0,0.4970225855894458
PLANNING,82,3,Line.a8735_48332_sw,Primary,1,2,2,198.8089828711221,400.0,0.4970224571778053
PLANNING,82,4,Line.ln5815900-1,Primary,1,2,2,198.8089825336627,400.0,0.4970224563341567
PLANNING,82,5,Line.ln5742828-1,Primary,1,2,2,198.80893060603805,400.0,0.4970223265150951
PLANNING,82,6,Line.ln5742828-2,Primary,1,2,2,198.80886349130023,400.0,0.49702215872825056
PLANNING,82,7,Line.ln5473414-1,Primary,1,2,2,198.8086782845311,400.0,0.49702169571132776
PLANNING,82,8,Line.ln5714974-1,Primary,1,2,2,198.80838919428166,400.0,0.49702097298570413
PLANNING,82,9,Line.ln5896798-1,Primary,1,2,2,198.80805307600164,400.0,0.4970201326900041
PLANNING,82,10,Line.ln5775442-1,Primary,1,2,2,198.8079307799053,400.0,0.4970198269497632
PLANNING,82,11,Line.ln5513564-2,Primary,1,2,2,198.80763578817613,400.0,0.4970190894704403
PLANNING,82,12,Line.cap_1b,Primary,1,2,1,198.80763578794,400.0,0.49701908946985
PLANNING,82,13,Line.ln6504019-5,Primary,1,2,2,198.43970110371222,400.0,0.4960992527592806
PLANNING,82,14,Line.ln6048634-1,Primary,1,2,2,198.43951410184977,400.0,0.4960987852546244
PLANNING,82,15,Line.ln5866268-1,Primary,1,2,2,198.43921491440722,400.0,0.49609803728601803
PLANNING,82,16,Line.ln5473440-1,Primary,1,2,2,198.4388411117699,400.0,0.49609710277942476
PLANNING,82,17,Line.ln6261021-1,Primary,1,2,2,198.43828006600535,400.0,0.49609570016501336
PLANNING,82,18,Line.ln6351519-1,Primary,1,2,2,198.43779224840895,400.0,0.4960944806210224
PLANNING,82,19,Line.ln5594242-1,Primary,1,2,2,198.4375216348152,400.0,0.496093804087038
PLANNING,82,20,Line.ln5654472-1,Primary,1,2,2,198.43726770179765,400.0,0.49609316925449415
PLANNING,83,1,Line.hvmv_sub_connector,Primary,1,2,2,198.7770500817763,400.0,0.49694262520444077
PLANNING,83,2,Line.ln5710794-3,Primary,1,2,2,198.77705005840986,400.0,0.49694262514602466
PLANNING,83,3,Line.a8735_48332_sw,Primary,1,2,2,198.776998627746,400.0,0.496942496569365
PLANNING,83,4,Line.ln5815900-1,Primary,1,2,2,198.77699829037215,400.0,0.49694249572593036
PLANNING,83,5,Line.ln5742828-1,Primary,1,2,2,198.77694629615442,400.0,0.496942365740386
PLANNING,83,6,Line.ln5742828-2,Primary,1,2,2,198.7768790955008,400.0,0.496942197738752
PLANNING,83,7,Line.ln5473414-1,Primary,1,2,2,198.77669365352799,400.0,0.49694173413382
PLANNING,83,8,Line.ln5714974-1,Primary,1,2,2,198.77640420060197,400.0,0.4969410105015049
PLANNING,83,9,Line.ln5896798-1,Primary,1,2,2,198.77606766732202,400.0,0.4969401691683051
PLANNING,83,10,Line.ln5775442-1,Primary,1,2,2,198.77594522195943,400.0,0.49693986305489857
PLANNING,83,11,Line.ln5513564-2,Primary,1,2,2,198.7756498738546,400.0,0.4969391246846365
PLANNING,83,12,Line.cap_1b,Primary,1,2,1,198.77564987364693,400.0,0.49693912468411733
PLANNING,83,13,Line.ln6504019-5,Primary,1,2,2,198.40436851997603,400.0,0.49601092129994007
PLANNING,83,14,Line.ln6048634-1,Primary,1,2,2,198.40418160199965,400.0,0.49601045400499916
PLANNING,83,15,Line.ln5866268-1,Primary,1,2,2,198.4038825484721,400.0,0.49600970637118025
PLANNING,83,16,Line.ln5473440-1,Primary,1,2,2,198.403508912507,400.0,0.4960087722812675
PLANNING,83,17,Line.ln6261021-1,Primary,1,2,2,198.40294811578974,400.0,0.49600737028947434
PLANNING,83,18,Line.ln6351519-1,Primary,1,2,2,198.40246051365472,400.0,0.4960061512841368
PLANNING,83,19,Line.ln5594242-1,Primary,1,2,2,198.40219001917626,400.0,0.4960054750479406
PLANNING,83,20,Line.ln5654472-1,Primary,1,2,2,198.40193619770812,400.0,0.4960048404942703
PLANNING,84,1,Line.ln5710794-3,Primary,1,2,2,194.80462058741452,400.0,0.4870115514685363
PLANNING,84,2,Line.hvmv_sub_connector,Primary,1,2,2,194.80462044773213,400.0,0.4870115511193303
PLANNING,84,3,Line.a8735_48332_sw,Primary,1,2,2,194.8045620827396,400.0,0.48701140520684905
PLANNING,84,4,Line.ln5815900-1,Primary,1,2,2,194.8045617132026,400.0,0.4870114042830065
PLANNING,84,5,Line.ln5742828-1,Primary,1,2,2,194.80450259045813,400.0,0.4870112564761453
PLANNING,84,6,Line.ln5742828-2,Primary,1,2,2,194.8044262064907,400.0,0.48701106551622675
PLANNING,84,7,Line.ln5473414-1,Primary,1,2,2,194.80421559456437,400.0,0.48701053898641095
PLANNING,84,8,Line.ln5714974-1,Primary,1,2,2,194.80388734712614,400.0,0.4870097183678153
PLANNING,84,9,Line.ln5896798-1,Primary,1,2,2,194.80350643695934,400.0,0.48700876609239835
PLANNING,84,10,Line.ln5775442-1,Primary,1,2,2,194.80336803309814,400.0,0.48700842008274536
PLANNING,84,11,Line.cap_1b,Primary,1,2,1,194.8030345918674,400.0,0.4870075864796685
PLANNING,84,12,Line.ln5513564-2,Primary,1,2,2,194.80303459185404,400.0,0.4870075864796351
PLANNING,84,13,Line.ln6504019-5,Primary,1,2,2,194.08905120255125,400.0,0.4852226280063781
PLANNING,84,14,Line.ln6048634-1,Primary,1,2,2,194.0888722197998,400.0,0.4852221805494995
PLANNING,84,15,Line.ln5866268-1,Primary,1,2,2,194.08858583816195,400.0,0.4852214645954049
PLANNING,84,16,Line.ln5473440-1,Primary,1,2,2,194.0882279935666,400.0,0.4852205699839165
PLANNING,84,17,Line.ln6261021-1,Primary,1,2,2,194.08769081480693,400.0,0.4852192270370173
PLANNING,84,18,Line.ln6351519-1,Primary,1,2,2,194.08722366849076,400.0,0.4852180591712269
PLANNING,84,19,Line.ln5594242-1,Primary,1,2,2,194.08696449054594,400.0,0.48521741122636486
PLANNING,84,20,Line.ln5654472-1,Primary,1,2,2,194.08672126796424,400.0,0.4852168031699106
PLANNING,85,1,Line.hvmv_sub_connector,Primary,1,2,2,194.74096845684085,400.0,0.48685242114210214
PLANNING,85,2,Line.ln5710794-3,Primary,1,2,2,194.74096841646238,400.0,0.48685242104115595
PLANNING,85,3,Line.a8735_48332_sw,Primary,1,2,2,194.74090977513973,400.0,0.48685227443784934
PLANNING,85,4,Line.ln5815900-1,Primary,1,2,2,194.74090940522754,400.0,0.48685227351306887
PLANNING,85,5,Line.ln5742828-1,Primary,1,2,2,194.74085014514677,400.0,0.4868521253628669
PLANNING,85,6,Line.ln5742828-2,Primary,1,2,2,194.7407735839217,400.0,0.48685193395980425
PLANNING,85,7,Line.ln5473414-1,Primary,1,2,2,194.74056248663672,400.0,0.4868514062165918
PLANNING,85,8,Line.ln5714974-1,Primary,1,2,2,194.74023349073582,400.0,0.48685058372683954
PLANNING,85,9,Line.ln5896798-1,Primary,1,2,2,194.73985172409786,400.0,0.48684962931024467
PLANNING,85,10,Line.ln5775442-1,Primary,1,2,2,194.73971301217637,400.0,0.4868492825304409
PLANNING,85,11,Line.cap_1b,Primary,1,2,1,194.73937883548484,400.0,0.4868484470887121
PLANNING,85,12,Line.ln5513564-2,Primary,1,2,2,194.7393788353715,400.0,0.4868484470884287
PLANNING,85,13,Line.ln6504019-5,Primary,1,2,2,194.0184832751152,400.0,0.485046208187788
PLANNING,85,14,Line.ln6048634-1,Primary,1,2,2,194.01830446561584,400.0,0.4850457611640396
PLANNING,85,15,Line.ln5866268-1,Primary,1,2,2,194.01801836026974,400.0,0.4850450459006743
PLANNING,85,16,Line.ln5473440-1,Primary,1,2,2,194.01766085991176,400.0,0.4850441521497794
PLANNING,85,17,Line.ln6261021-1,Primary,1,2,2,194.01712419529602,400.0,0.48504281048824005
PLANNING,85,18,Line.ln6351519-1,Primary,1,2,2,194.01665749379214,400.0,0.48504164373448033
PLANNING,85,19,Line.ln5594242-1,Primary,1,2,2,194.0163985617158,400.0,0.4850409964042895
PLANNING,85,20,Line.ln5654472-1,Primary,1,2,2,194.01615556934303,400.0,0.48504038892335755
PLANNING,86,1,Line.hvmv_sub_connector,Primary,1,2,2,189.0544206001971,400.0,0.4726360515004927
PLANNING,86,2,Line.ln5710794-3,Primary,1,2,2,189.0544205498596,400.0,0.472636051374649
PLANNING,86,3,Line.a8735_48332_sw,Primary,1,2,2,189.0543512375001,400.0,0.47263587809375024
PLANNING,86,4,Line.ln5815900-1,Primary,1,2,2,189.05435081919833,400.0,0.4726358770479958
PLANNING,86,5,Line.ln5742828-1,Primary,1,2,2,189.05428080558872,400.0,0.4726357020139718
PLANNING,86,6,Line.ln5742828-2,Primary,1,2,2,189.05419039044625,400.0,0.4726354759761156
PLANNING,86,7,Line.ln5473414-1,Primary,1,2,2,189.05394132101588,400.0,0.47263485330253974
PLANNING,86,8,Line.ln5714974-1,Primary,1,2,2,189.05355379347336,400.0,0.4726338844836834
PLANNING,86,9,Line.ln5896798-1,Primary,1,2,2,189.0531050653537,400.0,0.4726327626633842
PLANNING,86,10,Line.ln5775442-1,Primary,1,2,2,189.05294227128556,400.0,0.4726323556782139
PLANNING,86,11,Line.ln5513564-2,Primary,1,2,2,189.05255060773914,400.0,0.47263137651934783
PLANNING,86,12,Line.cap_1b,Primary,1,2,1,189.05255060684357,400.0,0.4726313765171089
PLANNING,86,13,Line.cap_1c,Primary,1,3,1,188.41021403597773,400.0,0.4710255350899443
PLANNING,86,14,Line.ln6504019-5,Primary,1,2,2,187.8130414308561,400.0,0.4695326035771402
PLANNING,86,15,Line.ln6048634-1,Primary,1,2,2,187.81287467026908,400.0,0.4695321866756727
PLANNING,86,16,Line.ln5866268-1,Primary,1,2,2,187.81260780379796,400.0,0.4695315195094949
PLANNING,86,17,Line.ln5473440-1,Primary,1,2,2,187.81227427433527,400.0,0.46953068568583817
PLANNING,86,18,Line.ln6261021-1,Primary,1,2,2,187.81177345378708,400.0,0.4695294336344677
PLANNING,86,19,Line.ln6351519-1,Primary,1,2,2,187.81133778994638,400.0,0.46952834447486597
PLANNING,86,20,Line.ln5594242-1,Primary,1,2,2,187.81109602541014,400.0,0.4695277400635253
PLANNING,87,1,Line.hvmv_sub_connector,Primary,1,2,2,189.02300851784912,400.0,0.4725575212946228
PLANNING,87,2,Line.ln5710794-3,Primary,1,2,2,189.02300847436908,400.0,0.4725575211859227
PLANNING,87,3,Line.a8735_48332_sw,Primary,1,2,2,189.02293908967712,400.0,0.47255734772419283
PLANNING,87,4,Line.ln5815900-1,Primary,1,2,2,189.02293867247585,400.0,0.4725573466811896
PLANNING,87,5,Line.ln5742828-1,Primary,1,2,2,189.02286858704718,400.0,0.47255717146761794
PLANNING,87,6,Line.ln5742828-2,Primary,1,2,2,189.02277807995677,400.0,0.4725569451998919
PLANNING,87,7,Line.ln5473414-1,Primary,1,2,2,189.0225287578417,400.0,0.4725563218946043
PLANNING,87,8,Line.ln5714974-1,Primary,1,2,2,189.02214084075254,400.0,0.4725553521018814
PLANNING,87,9,Line.ln5896798-1,Primary,1,2,2,189.02169166666297,400.0,0.47255422916665746
PLANNING,87,10,Line.ln5775442-1,Primary,1,2,2,189.0215287123094,400.0,0.4725538217807735
PLANNING,87,11,Line.ln5513564-2,Primary,1,2,2,189.0211366657492,400.0,0.472552841664373
PLANNING,87,12,Line.cap_1b,Primary,1,2,1,189.0211366652942,400.0,0.47255284166323547
PLANNING,87,13,Line.cap_1c,Primary,1,3,1,188.3797844488031,400.0,0.47094946112200775
PLANNING,87,14,Line.ln6504019-5,Primary,1,2,2,187.7780246689826,400.0,0.4694450616724565
PLANNING,87,15,Line.ln6048634-1,Primary,1,2,2,187.7778579985818,400.0,0.4694446449964545
PLANNING,87,16,Line.ln5866268-1,Primary,1,2,2,187.77759127616545,400.0,0.4694439781904136
PLANNING,87,17,Line.ln5473440-1,Primary,1,2,2,187.77725792590977,400.0,0.4694431448147744
PLANNING,87,18,Line.ln6261021-1,Primary,1,2,2,187.77675737324032,400.0,0.4694418934331008
PLANNING,87,19,Line.ln6351519-1,Primary,1,2,2,187.7763219411065,400.0,0.46944080485276624
PLANNING,87,20,Line.ln5594242-1,Primary,1,2,2,187.7760803046823,400.0,0.46944020076170573
PLANNING,88,1,Line.tpx260595c0,Triplex,1,1,1,72.35501343312109,156.0,0.4638141886738531
PLANNING,88,2,Line.tpx227447984c0,Triplex,1,1,1,72.13903049651961,156.0,0.4624296826699975
PLANNING,88,3,Line.tpx21459660c0,Triplex,1,1,1,72.13316267343392,156.0,0.4623920684194482
PLANNING,88,4,Line.tpx226192801c0,Triplex,1,1,1,72.12521422723583,156.0,0.46234111684125534
PLANNING,88,5,Line.tpx21459651c0,Triplex,1,1,1,72.11063101765338,156.0,0.4622476347285473
PLANNING,88,6,Line.tpx21459629c0,Triplex,1,1,1,72.10005206485094,156.0,0.46217982092853166
PLANNING,88,7,Line.tpx21458756c0,Triplex,1,1,1,72.07295370048826,156.0,0.4620061134646683
PLANNING,88,8,Line.tpx21197413c0,Triplex,1,1,1,71.9594385371294,156.0,0.46127845216108593
PLANNING,88,9,Line.hvmv_sub_connector,Primary,1,2,2,183.73662008656166,400.0,0.45934155021640416
PLANNING,88,10,Line.ln5710794-3,Primary,1,2,2,183.7366200045995,400.0,0.45934155001149873
PLANNING,88,11,Line.a8735_48332_sw,Primary,1,2,2,183.73654036448178,400.0,0.4593413509112045
PLANNING,88,12,Line.ln5815900-1,Primary,1,2,2,183.73653990071315,400.0,0.45934134975178287
PLANNING,88,13,Line.ln5742828-1,Primary,1,2,2,183.73645948106812,400.0,0.4593411487026703
PLANNING,88,14,Line.ln5742828-2,Primary,1,2,2,183.7363556596425,400.0,0.45934088914910626
PLANNING,88,15,Line.ln5473414-1,Primary,1,2,2,183.73606984357255,400.0,0.4593401746089314
PLANNING,88,16,Line.ln5714974-1,Primary,1,2,2,183.735625670438,400.0,0.459339064176095
PLANNING,88,17,Line.ln5896798-1,Primary,1,2,2,183.73511213399846,400.0,0.4593377803349961
PLANNING,88,18,Line.ln5775442-1,Primary,1,2,2,183.73492603108625,400.0,0.45933731507771564
PLANNING,88,19,Line.cap_1b,Primary,1,2,1,183.73447872230184,400.0,0.4593361968057546
PLANNING,88,20,Line.ln5513564-2,Primary,1,2,2,183.73447872167526,400.0,0.45933619680418813
PLANNING,89,1,Line.tpx260595c0,Triplex,1,1,1,72.34737169164168,156.0,0.46376520315154923
PLANNING,89,2,Line.tpx227447984c0,Triplex,1,1,1,72.12368152009597,156.0,0.462331291795487
PLANNING,89,3,Line.tpx21459660c0,Triplex,1,1,1,72.11781743182637,156.0,0.46229370148606647
PLANNING,89,4,Line.tpx226192801c0,Triplex,1,1,1,72.10987404580881,156.0,0.46224278234492827
PLANNING,89,5,Line.tpx21459651c0,Triplex,1,1,1,72.09530011858214,156.0,0.46214935973450094
PLANNING,89,6,Line.tpx21459629c0,Triplex,1,1,1,72.08472789726412,156.0,0.4620815890850264
PLANNING,89,7,Line.tpx21458756c0,Triplex,1,1,1,72.05764676902768,156.0,0.46190799210915184
PLANNING,89,8,Line.tpx21197413c0,Triplex,1,1,1,71.94419396797767,156.0,0.4611807305639594
PLANNING,89,9,Line.ln5710794-3,Primary,1,2,2,183.31914907888955,400.0,0.4582978726972239
PLANNING,89,10,Line.hvmv_sub_connector,Primary,1,2,2,183.31914898592234,400.0,0.45829787246480586
PLANNING,89,11,Line.a8735_48332_sw,Primary,1,2,2,183.31906844189905,400.0,0.4582976711047476
PLANNING,89,12,Line.ln5815900-1,Primary,1,2,2,183.31906797375345,400.0,0.45829766993438364
PLANNING,89,13,Line.ln5742828-1,Primary,1,2,2,183.318986549404,400.0,0.45829746637351
PLANNING,89,14,Line.ln5742828-2,Primary,1,2,2,183.31888143376082,400.0,0.45829720358440207
PLANNING,89,15,Line.ln5473414-1,Primary,1,2,2,183.31859206954968,400.0,0.4582964801738742
PLANNING,89,16,Line.ln5714974-1,Primary,1,2,2,183.3181424252228,400.0,0.458295356063057
PLANNING,89,17,Line.ln5896798-1,Primary,1,2,2,183.31762262692942,400.0,0.4582940565673235
PLANNING,89,18,Line.ln5775442-1,Primary,1,2,2,183.31743427125886,400.0,0.45829358567814715
PLANNING,89,19,Line.cap_1b,Primary,1,2,1,183.31698158279804,400.0,0.4582924539569951
PLANNING,89,20,Line.ln5513564-2,Primary,1,2,2,183.3169815826078,400.0,0.4582924539565195
PLANNING,90,1,Line.tpx260595c0,Triplex,1,1,1,72.89217125048808,156.0,0.46725750801594923
PLANNING,90,2,Line.tpx227447984c0,Triplex,1,1,1,72.67581937723956,156.0,0.46587063703358694
PLANNING,90,3,Line.tpx21459660c0,Triplex,1,1,1,72.66981991732973,156.0,0.4658321789572419
PLANNING,90,4,Line.tpx226192801c0,Triplex,1,1,1,72.66169312102248,156.0,0.4657800841091185
PLANNING,90,5,Line.tpx21459651c0,Triplex,1,1,1,72.64678274886977,156.0,0.4656845048004472
PLANNING,90,6,Line.tpx21459629c0,Triplex,1,1,1,72.63596654183607,156.0,0.4656151701399748
PLANNING,90,7,Line.tpx21458756c0,Triplex,1,1,1,72.60826068740901,156.0,0.4654375685090321
PLANNING,90,8,Line.tpx21197413c0,Triplex,1,1,1,72.48267247903823,156.0,0.4646325158912707
PLANNING,90,9,Line.tpx2224230689c0,Triplex,1,1,1,71.9111304944216,156.0,0.46096878522065127
PLANNING,90,10,Line.tpx2224230651c0,Triplex,1,1,1,71.9071497717658,156.0,0.4609432677677295
PLANNING,90,11,Line.tpx226308729b0,Triplex,1,1,1,70.30930140007196,156.0,0.4507006500004613
PLANNING,90,12,Line.tpx226308725b0,Triplex,1,1,1,70.2961489557922,156.0,0.45061633946020646
PLANNING,90,13,Line.tpx226308719b0,Triplex,1,1,1,70.28093686901121,156.0,0.4505188260834052
PLANNING,90,14,Line.tpx226308716b0,Triplex,1,1,1,70.26711935093053,156.0,0.4504302522495547
PLANNING,90,15,Line.tpx226308710b0,Triplex,1,1,1,70.25588928809954,156.0,0.4503582646673047
PLANNING,90,16,Line.tpx260595b0,Triplex,1,1,1,70.07898904222357,156.0,0.4492242887322024
PLANNING,90,17,Line.ln5742828-1,Primary,1,3,3,177.919462991398,400.0,0.444798657478495
PLANNING,90,18,Line.ln5815900-1,Primary,1,3,3,177.91945702633845,400.0,0.4447986425658461
PLANNING,90,19,Line.a8735_48332_sw,Primary,1,3,3,177.9194567855101,400.0,0.4447986419637753
PLANNING,90,20,Line.ln5710794-3,Primary,1,3,3,177.91945074615253,400.0,0.44479862686538135
PLANNING,91,1,Line.tpx260595c0,Triplex,1,1,1,72.89135749756998,156.0,0.46725229165108967
PLANNING,91,2,Line.tpx227447984c0,Triplex,1,1,1,72.67418212153954,156.0,0.46586014180474067
PLANNING,91,3,Line.tpx21459660c0,Triplex,1,1,1,72.66818306618137,156.0,0.4658216863216755
PLANNING,91,4,Line.tpx226192801c0,Triplex,1,1,1,72.66005681798863,156.0,0.4657695949871066
PLANNING,91,5,Line.tpx21459651c0,Triplex,1,1,1,72.64514745128272,156.0,0.4656740221236072
PLANNING,91,6,Line.tpx21459629c0,Triplex,1,1,1,72.63433197338202,156.0,0.46560469213706424
PLANNING,91,7,Line.tpx21458756c0,Triplex,1,1,1,72.6066279858899,156.0,0.4654271024736532
PLANNING,91,8,Line.tpx21197413c0,Triplex,1,1,1,72.48104719406022,156.0,0.46462209739782195
PLANNING,91,9,Line.tpx2224230689c0,Triplex,1,1,1,71.90935941644207,156.0,0.46095743215667995
PLANNING,91,10,Line.tpx2224230651c0,Triplex,1,1,1,71.90537898702955,156.0,0.4609319165835228
PLANNING,91,11,Line.tpx226308729b0,Triplex,1,1,1,70.30830024787495,156.0,0.4506942323581728
PLANNING,91,12,Line.tpx226308725b0,Triplex,1,1,1,70.29514836291426,156.0,0.45060992540329653
PLANNING,91,13,Line.tpx226308719b0,Triplex,1,1,1,70.27993692240393,156.0,0.45051241616925597
PLANNING,91,14,Line.tpx226308716b0,Triplex,1,1,1,70.26611999162748,156.0,0.4504238461001761
PLANNING,91,15,Line.tpx226308710b0,Triplex,1,1,1,70.25489040613844,156.0,0.45035186157781054
PLANNING,91,16,Line.tpx260595b0,Triplex,1,1,1,70.07803154899482,156.0,0.449218150955095
PLANNING,91,17,Line.ln5742828-1,Primary,1,3,3,177.8717089195088,400.0,0.44467927229877197
PLANNING,91,18,Line.ln5815900-1,Primary,1,3,3,177.87170301647265,400.0,0.44467925754118165
PLANNING,91,19,Line.a8735_48332_sw,Primary,1,3,3,177.87170277514954,400.0,0.44467925693787386
PLANNING,91,20,Line.hvmv_sub_connector,Primary,1,3,3,177.8716967991872,400.0,0.444679241997968
PLANNING,92,1,Line.tpx260595c0,Triplex,1,1,1,72.89826400240639,156.0,0.4672965641179897
PLANNING,92,2,Line.tpx227447984c0,Triplex,1,1,1,72.69221276581395,156.0,0.4659757228577817
PLANNING,92,3,Line.tpx21459660c0,Triplex,1,1,1,72.68620925452531,156.0,0.4659372388110597
PLANNING,92,4,Line.tpx226192801c0,Triplex,1,1,1,72.67807696915355,156.0,0.4658851087766253
PLANNING,92,5,Line.tpx21459651c0,Triplex,1,1,1,72.66315652799557,156.0,0.4657894649230485
PLANNING,92,6,Line.tpx21459629c0,Triplex,1,1,1,72.6523330190858,156.0,0.4657200834556782
PLANNING,92,7,Line.tpx21458756c0,Triplex,1,1,1,72.62460846832828,156.0,0.4655423619764633
PLANNING,92,8,Line.tpx21197413c0,Triplex,1,1,1,72.49759246907163,156.0,0.4647281568530233
PLANNING,92,9,Line.tpx2224230689c0,Triplex,1,1,1,71.93043583528113,156.0,0.46109253740564826
PLANNING,92,10,Line.tpx2224230651c0,Triplex,1,1,1,71.9264519153907,156.0,0.4610669994576327
PLANNING,92,11,Line.tpx226308729b0,Triplex,1,1,1,70.31436971635074,156.0,0.4507331392073765
PLANNING,92,12,Line.tpx226308725b0,Triplex,1,1,1,70.30122815773025,156.0,0.4506488984469888
PLANNING,92,13,Line.tpx226308719b0,Triplex,1,1,1,70.2860303061217,156.0,0.45055147632129294
PLANNING,92,14,Line.tpx226308716b0,Triplex,1,1,1,70.27222134175685,156.0,0.45046295731895414
PLANNING,92,15,Line.tpx226308710b0,Triplex,1,1,1,70.26099620472641,156.0,0.45039100131234877
PLANNING,92,16,Line.tpx260595b0,Triplex,1,1,1,70.08386896657062,156.0,0.44925557029852964
PLANNING,92,17,Line.ln5742828-1,Primary,1,3,3,178.00423461066356,400.0,0.4450105865266589
PLANNING,92,18,Line.ln5815900-1,Primary,1,3,3,178.00422825237524,400.0,0.44501057063093813
PLANNING,92,19,Line.a8735_48332_sw,Primary,1,3,3,178.0042280092276,400.0,0.445010570023069
PLANNING,92,20,Line.ln5710794-3,Primary,1,3,3,178.00422157999088,400.0,0.4450105539499772
PLANNING,93,1,Line.tpx260595c0,Triplex,1,1,1,72.88745520332887,156.0,0.46722727694441585
PLANNING,93,2,Line.tpx227447984c0,Triplex,1,1,1,72.67046349248042,156.0,0.46583630443897706
PLANNING,93,3,Line.tpx21459660c0,Triplex,1,1,1,72.66446535583557,156.0,0.46579785484509983
PLANNING,93,4,Line.tpx226192801c0,Triplex,1,1,1,72.6563403523692,156.0,0.46574577148954616
PLANNING,93,5,Line.tpx21459651c0,Triplex,1,1,1,72.64143326895415,156.0,0.4656502132625266
PLANNING,93,6,Line.tpx21459629c0,Triplex,1,1,1,72.63061944686203,156.0,0.4655808938901412
PLANNING,93,7,Line.tpx21458756c0,Triplex,1,1,1,72.60291969903633,156.0,0.4654033314040791
PLANNING,93,8,Line.tpx21197413c0,Triplex,1,1,1,72.47600353986755,156.0,0.46458976628120224
PLANNING,93,9,Line.tpx2224230689c0,Triplex,1,1,1,71.90690779052227,156.0,0.460941716605912
PLANNING,93,10,Line.tpx2224230651c0,Triplex,1,1,1,71.90292776699168,156.0,0.46091620363456204
PLANNING,93,11,Line.tpx226308729b0,Triplex,1,1,1,70.30108136281316,156.0,0.45064795745393055
PLANNING,93,12,Line.tpx226308725b0,Triplex,1,1,1,70.28794722077039,156.0,0.45056376423570765
PLANNING,93,13,Line.tpx226308719b0,Triplex,1,1,1,70.27275793764983,156.0,0.4504663970362168
PLANNING,93,14,Line.tpx226308716b0,Triplex,1,1,1,70.25895676256116,156.0,0.4503779279651356
PLANNING,93,15,Line.tpx226308710b0,Triplex,1,1,1,70.24773795754248,156.0,0.45030601254834923
PLANNING,93,16,Line.tpx260595b0,Triplex,1,1,1,70.07116011187715,156.0,0.4491741032812638
PLANNING,93,17,Line.ln5742828-1,Primary,1,3,3,177.3703096612085,400.0,0.44342577415302126
PLANNING,93,18,Line.ln5815900-1,Primary,1,3,3,177.37030412834224,400.0,0.4434257603208556
PLANNING,93,19,Line.a8735_48332_sw,Primary,1,3,3,177.37030388891367,400.0,0.44342575972228415
PLANNING,93,20,Line.ln5710794-3,Primary,1,3,3,177.37029827934404,400.0,0.44342574569836013
PLANNING,94,1,Line.tpx260595c0,Triplex,1,1,1,72.84827154971474,156.0,0.4669760996776586
PLANNING,94,2,Line.tpx227447984c0,Triplex,1,1,1,72.61615135949731,156.0,0.46548814974036734
PLANNING,94,3,Line.tpx21459660c0,Triplex,1,1,1,72.61016663010126,156.0,0.4654497860903927
PLANNING,94,4,Line.tpx226192801c0,Triplex,1,1,1,72.60205979161772,156.0,0.46539781917703665
PLANNING,94,5,Line.tpx21459651c0,Triplex,1,1,1,72.5871860296435,156.0,0.4653024745489968
PLANNING,94,6,Line.tpx21459629c0,Triplex,1,1,1,72.57639637172534,156.0,0.46523331007516244
PLANNING,94,7,Line.tpx21458756c0,Triplex,1,1,1,72.54875849592325,156.0,0.46505614420463626
PLANNING,94,8,Line.tpx21197413c0,Triplex,1,1,1,72.41661067975735,156.0,0.4642090428189574
PLANNING,94,9,Line.tpx2224230689c0,Triplex,1,1,1,71.85528832789757,156.0,0.460610822614728
PLANNING,94,10,Line.tpx2224230651c0,Triplex,1,1,1,71.85131684373026,156.0,0.4605853643828863
PLANNING,94,11,Line.tpx226308729b0,Triplex,1,1,1,70.25180379530045,156.0,0.4503320756109003
PLANNING,94,12,Line.tpx226308725b0,Triplex,1,1,1,70.23875365447715,156.0,0.45024842086203304
PLANNING,94,13,Line.tpx226308719b0,Triplex,1,1,1,70.22366825631555,156.0,0.4501517195917663
PLANNING,94,14,Line.tpx226308716b0,Triplex,1,1,1,70.20994343920115,156.0,0.4500637399948792
PLANNING,94,15,Line.tpx226308710b0,Triplex,1,1,1,70.19877835015045,156.0,0.44999216891122085
PLANNING,94,16,Line.tpx260595b0,Triplex,1,1,1,70.02422929668651,156.0,0.44887326472234945
PLANNING,94,17,Line.tpx293664b0,Triplex,1,1,1,68.7829232720488,156.0,0.4409161748208257
PLANNING,94,18,Line.ln5742828-1,Primary,1,3,3,174.4527058983325,400.0,0.43613176474583126
PLANNING,94,19,Line.ln5815900-1,Primary,1,3,3,174.45270316259928,400.0,0.4361317579064982
PLANNING,94,20,Line.a8735_48332_sw,Primary,1,3,3,174.45270293570726,400.0,0.4361317573392682
PLANNING,95,1,Line.tpx260595c0,Triplex,1,1,1,72.84732705904645,156.0,0.4669700452502977
PLANNING,95,2,Line.tpx227447984c0,Triplex,1,1,1,72.61424803027225,156.0,0.4654759489120016
PLANNING,95,3,Line.tpx21459660c0,Triplex,1,1,1,72.60826377032427,156.0,0.46543758827130943
PLANNING,95,4,Line.tpx226192801c0,Triplex,1,1,1,72.60015756787828,156.0,0.4653856254351172
PLANNING,95,5,Line.tpx21459651c0,Triplex,1,1,1,72.58528497262971,156.0,0.46529028828608787
PLANNING,95,6,Line.tpx21459629c0,Triplex,1,1,1,72.57449616080649,156.0,0.46522112923593906
PLANNING,95,7,Line.tpx21458756c0,Triplex,1,1,1,72.54686045142148,156.0,0.4650439772527018
PLANNING,95,8,Line.tpx21197413c0,Triplex,1,1,1,72.41472188235252,156.0,0.4641969351432854
PLANNING,95,9,Line.tpx2224230689c0,Triplex,1,1,1,71.85322864905878,156.0,0.4605976195452486
PLANNING,95,10,Line.tpx2224230651c0,Triplex,1,1,1,71.84925750535083,156.0,0.4605721634958387
PLANNING,95,11,Line.tpx226308729b0,Triplex,1,1,1,70.25064840709334,156.0,0.4503246692762393
PLANNING,95,12,Line.tpx226308725b0,Triplex,1,1,1,70.23759890719796,156.0,0.4502410186358844
PLANNING,95,13,Line.tpx226308719b0,Triplex,1,1,1,70.22251424917334,156.0,0.45014432211008554
PLANNING,95,14,Line.tpx226308716b0,Triplex,1,1,1,70.20879010578614,156.0,0.4500563468319624
PLANNING,95,15,Line.tpx226308710b0,Triplex,1,1,1,70.1976255648334,156.0,0.44998477926175257
PLANNING,95,16,Line.tpx260595b0,Triplex,1,1,1,70.02312424651105,156.0,0.4488661810673785
PLANNING,95,17,Line.tpx293664b0,Triplex,1,1,1,68.7807721458608,156.0,0.4409023855503897
PLANNING,95,18,Line.ln5742828-1,Primary,1,3,3,174.39725892149153,400.0,0.43599314730372885
PLANNING,95,19,Line.ln5815900-1,Primary,1,3,3,174.39725626015664,400.0,0.4359931406503916
PLANNING,95,20,Line.a8735_48332_sw,Primary,1,3,3,174.39725603456725,400.0,0.4359931400864181
