job_uid,state_at_D1_cutoff,reference_site,reference_start,service_slots,GPU_gang,runtime_authority,site_authority_source,start_authority_source,fallback_used,queue_rule,compatible_sites,status,reason,physical_running_retained,q50_expired_hard_occupancy,Q50_total_seconds,nominal_remaining_seconds
7780506,RUNNING,AIDC01,0,0,4,V10::T3_ISOTONIC_ROLLING14_calibrated,USER_DEFINED_GRID_BLIND_REFERENCE_PLACEMENT,OBSERVED_RUNNING_AT_ISSUE,True,V42_COMMON_FCFS_FIXED_SITE_TIEBREAK_V1,"[""AIDC01"", ""AIDC02"", ""AIDC03"", ""AIDC04"", ""AIDC05"", ""AIDC06"", ""AIDC07"", ""AIDC08"", ""AIDC09"", ""AIDC10"", ""AIDC11"", ""AIDC12""]",REFERENCE_ASSIGNED,,True,True,40709.0558003054,0.0
7802647,RUNNING,AIDC02,0,0,4,V10::T3_ISOTONIC_ROLLING14_calibrated,USER_DEFINED_GRID_BLIND_REFERENCE_PLACEMENT,OBSERVED_RUNNING_AT_ISSUE,True,V42_COMMON_FCFS_FIXED_SITE_TIEBREAK_V1,"[""AIDC01"", ""AIDC02"", ""AIDC03"", ""AIDC04"", ""AIDC05"", ""AIDC06"", ""AIDC07"", ""AIDC08"", ""AIDC09"", ""AIDC10"", ""AIDC11"", ""AIDC12""]",REFERENCE_ASSIGNED,,True,True,210435.80214378805,0.0
7802648,RUNNING,AIDC02,0,0,4,V10::T3_ISOTONIC_ROLLING14_calibrated,USER_DEFINED_GRID_BLIND_REFERENCE_PLACEMENT,OBSERVED_RUNNING_AT_ISSUE,True,V42_COMMON_FCFS_FIXED_SITE_TIEBREAK_V1,"[""AIDC01"", ""AIDC02"", ""AIDC03"", ""AIDC04"", ""AIDC05"", ""AIDC06"", ""AIDC07"", ""AIDC08"", ""AIDC09"", ""AIDC10"", ""AIDC11"", ""AIDC12""]",REFERENCE_ASSIGNED,,True,True,210435.80214378805,0.0
7862744,RUNNING,AIDC02,0,0,4,V10::T3_ISOTONIC_ROLLING14_calibrated,USER_DEFINED_GRID_BLIND_REFERENCE_PLACEMENT,OBSERVED_RUNNING_AT_ISSUE,True,V42_COMMON_FCFS_FIXED_SITE_TIEBREAK_V1,"[""AIDC01"", ""AIDC02"", ""AIDC03"", ""AIDC04"", ""AIDC05"", ""AIDC06"", ""AIDC07"", ""AIDC08"", ""AIDC09"", ""AIDC10"", ""AIDC11"", ""AIDC12""]",REFERENCE_ASSIGNED,,True,True,210435.80214378805,0.0
7992344,PENDING,,,1,,V10::T3_ISOTONIC_ROLLING14_calibrated,,,False,V42_COMMON_FCFS_FIXED_SITE_TIEBREAK_V1,[],BLOCKED,GPU_REQUEST_AUTHORITY_MISSING,,,148.94949799195808,148.94949799195808
7992345,PENDING,,,1,,V10::T3_ISOTONIC_ROLLING14_calibrated,,,False,V42_COMMON_FCFS_FIXED_SITE_TIEBREAK_V1,[],BLOCKED,GPU_REQUEST_AUTHORITY_MISSING,,,148.94949799195808,148.94949799195808
7992346,PENDING,,,1,,V10::T3_ISOTONIC_ROLLING14_calibrated,,,False,V42_COMMON_FCFS_FIXED_SITE_TIEBREAK_V1,[],BLOCKED,GPU_REQUEST_AUTHORITY_MISSING,,,148.94949799195808,148.94949799195808
7992347,PENDING,,,1,,V10::T3_ISOTONIC_ROLLING14_calibrated,,,False,V42_COMMON_FCFS_FIXED_SITE_TIEBREAK_V1,[],BLOCKED,GPU_REQUEST_AUTHORITY_MISSING,,,148.94949799195808,148.94949799195808
7992348,PENDING,,,1,,V10::T3_ISOTONIC_ROLLING14_calibrated,,,False,V42_COMMON_FCFS_FIXED_SITE_TIEBREAK_V1,[],BLOCKED,GPU_REQUEST_AUTHORITY_MISSING,,,148.94949799195808,148.94949799195808
8001072,RUNNING,AIDC02,0,0,4,V10::T3_ISOTONIC_ROLLING14_calibrated,USER_DEFINED_GRID_BLIND_REFERENCE_PLACEMENT,OBSERVED_RUNNING_AT_ISSUE,True,V42_COMMON_FCFS_FIXED_SITE_TIEBREAK_V1,"[""AIDC01"", ""AIDC02"", ""AIDC03"", ""AIDC04"", ""AIDC05"", ""AIDC06"", ""AIDC07"", ""AIDC08"", ""AIDC09"", ""AIDC10"", ""AIDC11"", ""AIDC12""]",REFERENCE_ASSIGNED,,True,True,210435.80214378805,0.0
8001371,RUNNING,AIDC03,0,0,4,V10::T3_ISOTONIC_ROLLING14_calibrated,USER_DEFINED_GRID_BLIND_REFERENCE_PLACEMENT,OBSERVED_RUNNING_AT_ISSUE,True,V42_COMMON_FCFS_FIXED_SITE_TIEBREAK_V1,"[""AIDC01"", ""AIDC02"", ""AIDC03"", ""AIDC04"", ""AIDC05"", ""AIDC06"", ""AIDC07"", ""AIDC08"", ""AIDC09"", ""AIDC10"", ""AIDC11"", ""AIDC12""]",REFERENCE_ASSIGNED,,True,True,210435.80214378805,0.0
8001868,RUNNING,AIDC03,0,0,4,V10::T3_ISOTONIC_ROLLING14_calibrated,USER_DEFINED_GRID_BLIND_REFERENCE_PLACEMENT,OBSERVED_RUNNING_AT_ISSUE,True,V42_COMMON_FCFS_FIXED_SITE_TIEBREAK_V1,"[""AIDC01"", ""AIDC02"", ""AIDC03"", ""AIDC04"", ""AIDC05"", ""AIDC06"", ""AIDC07"", ""AIDC08"", ""AIDC09"", ""AIDC10"", ""AIDC11"", ""AIDC12""]",REFERENCE_ASSIGNED,,True,True,210435.80214378805,0.0
8006058,RUNNING,AIDC03,0,0,4,V10::T3_ISOTONIC_ROLLING14_calibrated,USER_DEFINED_GRID_BLIND_REFERENCE_PLACEMENT,OBSERVED_RUNNING_AT_ISSUE,True,V42_COMMON_FCFS_FIXED_SITE_TIEBREAK_V1,"[""AIDC01"", ""AIDC02"", ""AIDC03"", ""AIDC04"", ""AIDC05"", ""AIDC06"", ""AIDC07"", ""AIDC08"", ""AIDC09"", ""AIDC10"", ""AIDC11"", ""AIDC12""]",REFERENCE_ASSIGNED,,True,True,210435.80214378805,0.0
8007293,PENDING,,,5,4,V10::T3_ISOTONIC_ROLLING14_calibrated,,,False,V42_COMMON_FCFS_FIXED_SITE_TIEBREAK_V1,"[""AIDC01"", ""AIDC02"", ""AIDC03"", ""AIDC04"", ""AIDC05"", ""AIDC06"", ""AIDC07"", ""AIDC08"", ""AIDC09"", ""AIDC10"", ""AIDC11"", ""AIDC12""]",BLOCKED,FCFS_PREDECESSOR_UNRESOLVED,,,4069.0354635730623,4069.0354635730623
8009516,RUNNING,AIDC03,0,0,4,V10::T3_ISOTONIC_ROLLING14_calibrated,USER_DEFINED_GRID_BLIND_REFERENCE_PLACEMENT,OBSERVED_RUNNING_AT_ISSUE,True,V42_COMMON_FCFS_FIXED_SITE_TIEBREAK_V1,"[""AIDC01"", ""AIDC02"", ""AIDC03"", ""AIDC04"", ""AIDC05"", ""AIDC06"", ""AIDC07"", ""AIDC08"", ""AIDC09"", ""AIDC10"", ""AIDC11"", ""AIDC12""]",REFERENCE_ASSIGNED,,True,True,210435.80214378805,0.0
8011227,RUNNING,AIDC03,0,0,4,V10::T3_ISOTONIC_ROLLING14_calibrated,USER_DEFINED_GRID_BLIND_REFERENCE_PLACEMENT,OBSERVED_RUNNING_AT_ISSUE,True,V42_COMMON_FCFS_FIXED_SITE_TIEBREAK_V1,"[""AIDC01"", ""AIDC02"", ""AIDC03"", ""AIDC04"", ""AIDC05"", ""AIDC06"", ""AIDC07"", ""AIDC08"", ""AIDC09"", ""AIDC10"", ""AIDC11"", ""AIDC12""]",REFERENCE_ASSIGNED,,True,True,210435.80214378805,0.0
8011233,RUNNING,AIDC03,0,0,4,V10::T3_ISOTONIC_ROLLING14_calibrated,USER_DEFINED_GRID_BLIND_REFERENCE_PLACEMENT,OBSERVED_RUNNING_AT_ISSUE,True,V42_COMMON_FCFS_FIXED_SITE_TIEBREAK_V1,"[""AIDC01"", ""AIDC02"", ""AIDC03"", ""AIDC04"", ""AIDC05"", ""AIDC06"", ""AIDC07"", ""AIDC08"", ""AIDC09"", ""AIDC10"", ""AIDC11"", ""AIDC12""]",REFERENCE_ASSIGNED,,True,True,210435.80214378805,0.0
8013621,PENDING,,,5,4,V10::T3_ISOTONIC_ROLLING14_calibrated,,,False,V42_COMMON_FCFS_FIXED_SITE_TIEBREAK_V1,"[""AIDC01"", ""AIDC02"", ""AIDC03"", ""AIDC04"", ""AIDC05"", ""AIDC06"", ""AIDC07"", ""AIDC08"", ""AIDC09"", ""AIDC10"", ""AIDC11"", ""AIDC12""]",BLOCKED,FCFS_PREDECESSOR_UNRESOLVED,,,4221.2361534299225,4221.2361534299225
8014407,PENDING,,,1,8,V10::T3_ISOTONIC_ROLLING14_calibrated,,,False,V42_COMMON_FCFS_FIXED_SITE_TIEBREAK_V1,"[""AIDC01"", ""AIDC02"", ""AIDC03"", ""AIDC04"", ""AIDC05"", ""AIDC06"", ""AIDC07"", ""AIDC08"", ""AIDC09"", ""AIDC10"", ""AIDC11"", ""AIDC12""]",BLOCKED,FCFS_PREDECESSOR_UNRESOLVED,,,726.7468574511786,726.7468574511786
8014428,RUNNING,AIDC03,0,0,4,V10::T3_ISOTONIC_ROLLING14_calibrated,USER_DEFINED_GRID_BLIND_REFERENCE_PLACEMENT,OBSERVED_RUNNING_AT_ISSUE,True,V42_COMMON_FCFS_FIXED_SITE_TIEBREAK_V1,"[""AIDC01"", ""AIDC02"", ""AIDC03"", ""AIDC04"", ""AIDC05"", ""AIDC06"", ""AIDC07"", ""AIDC08"", ""AIDC09"", ""AIDC10"", ""AIDC11"", ""AIDC12""]",REFERENCE_ASSIGNED,,True,True,12367.895816043567,0.0
8014430,RUNNING,AIDC03,0,0,4,V10::T3_ISOTONIC_ROLLING14_calibrated,USER_DEFINED_GRID_BLIND_REFERENCE_PLACEMENT,OBSERVED_RUNNING_AT_ISSUE,True,V42_COMMON_FCFS_FIXED_SITE_TIEBREAK_V1,"[""AIDC01"", ""AIDC02"", ""AIDC03"", ""AIDC04"", ""AIDC05"", ""AIDC06"", ""AIDC07"", ""AIDC08"", ""AIDC09"", ""AIDC10"", ""AIDC11"", ""AIDC12""]",REFERENCE_ASSIGNED,,True,True,12367.895816043567,0.0
8014432,RUNNING,AIDC03,0,0,4,V10::T3_ISOTONIC_ROLLING14_calibrated,USER_DEFINED_GRID_BLIND_REFERENCE_PLACEMENT,OBSERVED_RUNNING_AT_ISSUE,True,V42_COMMON_FCFS_FIXED_SITE_TIEBREAK_V1,"[""AIDC01"", ""AIDC02"", ""AIDC03"", ""AIDC04"", ""AIDC05"", ""AIDC06"", ""AIDC07"", ""AIDC08"", ""AIDC09"", ""AIDC10"", ""AIDC11"", ""AIDC12""]",REFERENCE_ASSIGNED,,True,True,12367.895816043567,0.0
8014437,RUNNING,AIDC03,0,0,4,V10::T3_ISOTONIC_ROLLING14_calibrated,USER_DEFINED_GRID_BLIND_REFERENCE_PLACEMENT,OBSERVED_RUNNING_AT_ISSUE,True,V42_COMMON_FCFS_FIXED_SITE_TIEBREAK_V1,"[""AIDC01"", ""AIDC02"", ""AIDC03"", ""AIDC04"", ""AIDC05"", ""AIDC06"", ""AIDC07"", ""AIDC08"", ""AIDC09"", ""AIDC10"", ""AIDC11"", ""AIDC12""]",REFERENCE_ASSIGNED,,True,True,210435.80214378805,0.0
8014470,RUNNING,AIDC03,0,0,4,V10::T3_ISOTONIC_ROLLING14_calibrated,USER_DEFINED_GRID_BLIND_REFERENCE_PLACEMENT,OBSERVED_RUNNING_AT_ISSUE,True,V42_COMMON_FCFS_FIXED_SITE_TIEBREAK_V1,"[""AIDC01"", ""AIDC02"", ""AIDC03"", ""AIDC04"", ""AIDC05"", ""AIDC06"", ""AIDC07"", ""AIDC08"", ""AIDC09"", ""AIDC10"", ""AIDC11"", ""AIDC12""]",REFERENCE_ASSIGNED,,True,True,12367.895816043567,0.0
8014472,RUNNING,AIDC03,0,0,4,V10::T3_ISOTONIC_ROLLING14_calibrated,USER_DEFINED_GRID_BLIND_REFERENCE_PLACEMENT,OBSERVED_RUNNING_AT_ISSUE,True,V42_COMMON_FCFS_FIXED_SITE_TIEBREAK_V1,"[""AIDC01"", ""AIDC02"", ""AIDC03"", ""AIDC04"", ""AIDC05"", ""AIDC06"", ""AIDC07"", ""AIDC08"", ""AIDC09"", ""AIDC10"", ""AIDC11"", ""AIDC12""]",REFERENCE_ASSIGNED,,True,True,12367.895816043567,0.0
8014780,RUNNING,AIDC03,0,0,4,V10::T3_ISOTONIC_ROLLING14_calibrated,USER_DEFINED_GRID_BLIND_REFERENCE_PLACEMENT,OBSERVED_RUNNING_AT_ISSUE,True,V42_COMMON_FCFS_FIXED_SITE_TIEBREAK_V1,"[""AIDC01"", ""AIDC02"", ""AIDC03"", ""AIDC04"", ""AIDC05"", ""AIDC06"", ""AIDC07"", ""AIDC08"", ""AIDC09"", ""AIDC10"", ""AIDC11"", ""AIDC12""]",REFERENCE_ASSIGNED,,True,True,210435.80214378805,0.0
8015081,RUNNING,AIDC01,0,0,32,V10::T3_ISOTONIC_ROLLING14_calibrated,USER_DEFINED_GRID_BLIND_REFERENCE_PLACEMENT,OBSERVED_RUNNING_AT_ISSUE,True,V42_COMMON_FCFS_FIXED_SITE_TIEBREAK_V1,"[""AIDC01"", ""AIDC02"", ""AIDC03"", ""AIDC04"", ""AIDC05"", ""AIDC06"", ""AIDC07"", ""AIDC08"", ""AIDC09"", ""AIDC10"", ""AIDC11"", ""AIDC12""]",REFERENCE_ASSIGNED,,True,True,3146.676752276248,0.0
8015083,PENDING,,,4,32,V10::T3_ISOTONIC_ROLLING14_calibrated,,,False,V42_COMMON_FCFS_FIXED_SITE_TIEBREAK_V1,"[""AIDC01"", ""AIDC02"", ""AIDC03"", ""AIDC04"", ""AIDC05"", ""AIDC06"", ""AIDC07"", ""AIDC08"", ""AIDC09"", ""AIDC10"", ""AIDC11"", ""AIDC12""]",BLOCKED,FCFS_PREDECESSOR_UNRESOLVED,,,3146.676752276248,3146.676752276248
8017334,PENDING,,,2,,V10::T3_ISOTONIC_ROLLING14_calibrated,,,False,V42_COMMON_FCFS_FIXED_SITE_TIEBREAK_V1,[],BLOCKED,GPU_REQUEST_AUTHORITY_MISSING,,,1325.3664368731706,1325.3664368731706
8017335,PENDING,,,2,,V10::T3_ISOTONIC_ROLLING14_calibrated,,,False,V42_COMMON_FCFS_FIXED_SITE_TIEBREAK_V1,[],BLOCKED,GPU_REQUEST_AUTHORITY_MISSING,,,1325.3664368731706,1325.3664368731706
8017336,PENDING,,,2,,V10::T3_ISOTONIC_ROLLING14_calibrated,,,False,V42_COMMON_FCFS_FIXED_SITE_TIEBREAK_V1,[],BLOCKED,GPU_REQUEST_AUTHORITY_MISSING,,,1325.3664368731706,1325.3664368731706
8017337,PENDING,,,2,,V10::T3_ISOTONIC_ROLLING14_calibrated,,,False,V42_COMMON_FCFS_FIXED_SITE_TIEBREAK_V1,[],BLOCKED,GPU_REQUEST_AUTHORITY_MISSING,,,1325.3664368731706,1325.3664368731706
8017338,PENDING,,,2,,V10::T3_ISOTONIC_ROLLING14_calibrated,,,False,V42_COMMON_FCFS_FIXED_SITE_TIEBREAK_V1,[],BLOCKED,GPU_REQUEST_AUTHORITY_MISSING,,,1325.3664368731706,1325.3664368731706
8017339,PENDING,,,2,,V10::T3_ISOTONIC_ROLLING14_calibrated,,,False,V42_COMMON_FCFS_FIXED_SITE_TIEBREAK_V1,[],BLOCKED,GPU_REQUEST_AUTHORITY_MISSING,,,1325.3664368731706,1325.3664368731706
8017377,RUNNING,AIDC02,0,0,12,V10::T3_ISOTONIC_ROLLING14_calibrated,USER_DEFINED_GRID_BLIND_REFERENCE_PLACEMENT,OBSERVED_RUNNING_AT_ISSUE,True,V42_COMMON_FCFS_FIXED_SITE_TIEBREAK_V1,"[""AIDC01"", ""AIDC02"", ""AIDC03"", ""AIDC04"", ""AIDC05"", ""AIDC06"", ""AIDC07"", ""AIDC08"", ""AIDC09"", ""AIDC10"", ""AIDC11"", ""AIDC12""]",REFERENCE_ASSIGNED,,True,True,2799.917435408836,0.0
8017745,RUNNING,AIDC03,0,0,4,V10::T3_ISOTONIC_ROLLING14_calibrated,USER_DEFINED_GRID_BLIND_REFERENCE_PLACEMENT,OBSERVED_RUNNING_AT_ISSUE,True,V42_COMMON_FCFS_FIXED_SITE_TIEBREAK_V1,"[""AIDC01"", ""AIDC02"", ""AIDC03"", ""AIDC04"", ""AIDC05"", ""AIDC06"", ""AIDC07"", ""AIDC08"", ""AIDC09"", ""AIDC10"", ""AIDC11"", ""AIDC12""]",REFERENCE_ASSIGNED,,True,True,3840.3993098324,0.0
8018118,RUNNING,AIDC07,0,0,1,V10::T3_ISOTONIC_ROLLING14_calibrated,USER_DEFINED_GRID_BLIND_REFERENCE_PLACEMENT,OBSERVED_RUNNING_AT_ISSUE,True,V42_COMMON_FCFS_FIXED_SITE_TIEBREAK_V1,"[""AIDC01"", ""AIDC02"", ""AIDC03"", ""AIDC04"", ""AIDC05"", ""AIDC06"", ""AIDC07"", ""AIDC08"", ""AIDC09"", ""AIDC10"", ""AIDC11"", ""AIDC12""]",REFERENCE_ASSIGNED,,True,True,11270.731558659,0.0
8030197,PENDING,,,2,,V10::T3_ISOTONIC_ROLLING14_calibrated,,,False,V42_COMMON_FCFS_FIXED_SITE_TIEBREAK_V1,[],BLOCKED,GPU_REQUEST_AUTHORITY_MISSING,,,1325.3664368731706,1325.3664368731706
8030199,PENDING,,,2,,V10::T3_ISOTONIC_ROLLING14_calibrated,,,False,V42_COMMON_FCFS_FIXED_SITE_TIEBREAK_V1,[],BLOCKED,GPU_REQUEST_AUTHORITY_MISSING,,,1325.3664368731706,1325.3664368731706
8030200,PENDING,,,2,,V10::T3_ISOTONIC_ROLLING14_calibrated,,,False,V42_COMMON_FCFS_FIXED_SITE_TIEBREAK_V1,[],BLOCKED,GPU_REQUEST_AUTHORITY_MISSING,,,1325.3664368731706,1325.3664368731706
8030201,PENDING,,,2,,V10::T3_ISOTONIC_ROLLING14_calibrated,,,False,V42_COMMON_FCFS_FIXED_SITE_TIEBREAK_V1,[],BLOCKED,GPU_REQUEST_AUTHORITY_MISSING,,,1325.3664368731706,1325.3664368731706
8030202,PENDING,,,2,,V10::T3_ISOTONIC_ROLLING14_calibrated,,,False,V42_COMMON_FCFS_FIXED_SITE_TIEBREAK_V1,[],BLOCKED,GPU_REQUEST_AUTHORITY_MISSING,,,1325.3664368731706,1325.3664368731706
8030204,PENDING,,,2,,V10::T3_ISOTONIC_ROLLING14_calibrated,,,False,V42_COMMON_FCFS_FIXED_SITE_TIEBREAK_V1,[],BLOCKED,GPU_REQUEST_AUTHORITY_MISSING,,,1325.3664368731706,1325.3664368731706
8030205,PENDING,,,2,,V10::T3_ISOTONIC_ROLLING14_calibrated,,,False,V42_COMMON_FCFS_FIXED_SITE_TIEBREAK_V1,[],BLOCKED,GPU_REQUEST_AUTHORITY_MISSING,,,1325.3664368731706,1325.3664368731706
8030206,PENDING,,,2,,V10::T3_ISOTONIC_ROLLING14_calibrated,,,False,V42_COMMON_FCFS_FIXED_SITE_TIEBREAK_V1,[],BLOCKED,GPU_REQUEST_AUTHORITY_MISSING,,,1325.3664368731706,1325.3664368731706
8030207,PENDING,,,2,,V10::T3_ISOTONIC_ROLLING14_calibrated,,,False,V42_COMMON_FCFS_FIXED_SITE_TIEBREAK_V1,[],BLOCKED,GPU_REQUEST_AUTHORITY_MISSING,,,1325.3664368731706,1325.3664368731706
8030208,PENDING,,,2,,V10::T3_ISOTONIC_ROLLING14_calibrated,,,False,V42_COMMON_FCFS_FIXED_SITE_TIEBREAK_V1,[],BLOCKED,GPU_REQUEST_AUTHORITY_MISSING,,,1325.3664368731706,1325.3664368731706
8030210,PENDING,,,2,,V10::T3_ISOTONIC_ROLLING14_calibrated,,,False,V42_COMMON_FCFS_FIXED_SITE_TIEBREAK_V1,[],BLOCKED,GPU_REQUEST_AUTHORITY_MISSING,,,1325.3664368731706,1325.3664368731706
8030211,PENDING,,,2,,V10::T3_ISOTONIC_ROLLING14_calibrated,,,False,V42_COMMON_FCFS_FIXED_SITE_TIEBREAK_V1,[],BLOCKED,GPU_REQUEST_AUTHORITY_MISSING,,,1325.3664368731706,1325.3664368731706
8030212,PENDING,,,2,,V10::T3_ISOTONIC_ROLLING14_calibrated,,,False,V42_COMMON_FCFS_FIXED_SITE_TIEBREAK_V1,[],BLOCKED,GPU_REQUEST_AUTHORITY_MISSING,,,1325.3664368731706,1325.3664368731706
8030213,PENDING,,,2,,V10::T3_ISOTONIC_ROLLING14_calibrated,,,False,V42_COMMON_FCFS_FIXED_SITE_TIEBREAK_V1,[],BLOCKED,GPU_REQUEST_AUTHORITY_MISSING,,,1325.3664368731706,1325.3664368731706
8030214,PENDING,,,2,,V10::T3_ISOTONIC_ROLLING14_calibrated,,,False,V42_COMMON_FCFS_FIXED_SITE_TIEBREAK_V1,[],BLOCKED,GPU_REQUEST_AUTHORITY_MISSING,,,1325.3664368731706,1325.3664368731706
8030215,PENDING,,,2,,V10::T3_ISOTONIC_ROLLING14_calibrated,,,False,V42_COMMON_FCFS_FIXED_SITE_TIEBREAK_V1,[],BLOCKED,GPU_REQUEST_AUTHORITY_MISSING,,,1325.3664368731706,1325.3664368731706
8030217,PENDING,,,2,,V10::T3_ISOTONIC_ROLLING14_calibrated,,,False,V42_COMMON_FCFS_FIXED_SITE_TIEBREAK_V1,[],BLOCKED,GPU_REQUEST_AUTHORITY_MISSING,,,1325.3664368731706,1325.3664368731706
8030218,PENDING,,,2,,V10::T3_ISOTONIC_ROLLING14_calibrated,,,False,V42_COMMON_FCFS_FIXED_SITE_TIEBREAK_V1,[],BLOCKED,GPU_REQUEST_AUTHORITY_MISSING,,,1325.3664368731706,1325.3664368731706
8030219,PENDING,,,2,,V10::T3_ISOTONIC_ROLLING14_calibrated,,,False,V42_COMMON_FCFS_FIXED_SITE_TIEBREAK_V1,[],BLOCKED,GPU_REQUEST_AUTHORITY_MISSING,,,1325.3664368731706,1325.3664368731706
8030220,PENDING,,,2,,V10::T3_ISOTONIC_ROLLING14_calibrated,,,False,V42_COMMON_FCFS_FIXED_SITE_TIEBREAK_V1,[],BLOCKED,GPU_REQUEST_AUTHORITY_MISSING,,,1325.3664368731706,1325.3664368731706
8030221,PENDING,,,2,,V10::T3_ISOTONIC_ROLLING14_calibrated,,,False,V42_COMMON_FCFS_FIXED_SITE_TIEBREAK_V1,[],BLOCKED,GPU_REQUEST_AUTHORITY_MISSING,,,1325.3664368731706,1325.3664368731706
8030223,PENDING,,,2,,V10::T3_ISOTONIC_ROLLING14_calibrated,,,False,V42_COMMON_FCFS_FIXED_SITE_TIEBREAK_V1,[],BLOCKED,GPU_REQUEST_AUTHORITY_MISSING,,,1325.3664368731706,1325.3664368731706
8030224,PENDING,,,2,,V10::T3_ISOTONIC_ROLLING14_calibrated,,,False,V42_COMMON_FCFS_FIXED_SITE_TIEBREAK_V1,[],BLOCKED,GPU_REQUEST_AUTHORITY_MISSING,,,1325.3664368731706,1325.3664368731706
8030225,PENDING,,,2,,V10::T3_ISOTONIC_ROLLING14_calibrated,,,False,V42_COMMON_FCFS_FIXED_SITE_TIEBREAK_V1,[],BLOCKED,GPU_REQUEST_AUTHORITY_MISSING,,,1325.3664368731706,1325.3664368731706
8030227,PENDING,,,2,,V10::T3_ISOTONIC_ROLLING14_calibrated,,,False,V42_COMMON_FCFS_FIXED_SITE_TIEBREAK_V1,[],BLOCKED,GPU_REQUEST_AUTHORITY_MISSING,,,1325.3664368731706,1325.3664368731706
8030228,PENDING,,,2,,V10::T3_ISOTONIC_ROLLING14_calibrated,,,False,V42_COMMON_FCFS_FIXED_SITE_TIEBREAK_V1,[],BLOCKED,GPU_REQUEST_AUTHORITY_MISSING,,,1325.3664368731706,1325.3664368731706
8030229,PENDING,,,2,,V10::T3_ISOTONIC_ROLLING14_calibrated,,,False,V42_COMMON_FCFS_FIXED_SITE_TIEBREAK_V1,[],BLOCKED,GPU_REQUEST_AUTHORITY_MISSING,,,1325.3664368731706,1325.3664368731706
8030231,PENDING,,,2,,V10::T3_ISOTONIC_ROLLING14_calibrated,,,False,V42_COMMON_FCFS_FIXED_SITE_TIEBREAK_V1,[],BLOCKED,GPU_REQUEST_AUTHORITY_MISSING,,,1325.3664368731706,1325.3664368731706
8030232,PENDING,,,2,,V10::T3_ISOTONIC_ROLLING14_calibrated,,,False,V42_COMMON_FCFS_FIXED_SITE_TIEBREAK_V1,[],BLOCKED,GPU_REQUEST_AUTHORITY_MISSING,,,1325.3664368731706,1325.3664368731706
8030233,PENDING,,,2,,V10::T3_ISOTONIC_ROLLING14_calibrated,,,False,V42_COMMON_FCFS_FIXED_SITE_TIEBREAK_V1,[],BLOCKED,GPU_REQUEST_AUTHORITY_MISSING,,,1325.3664368731706,1325.3664368731706
8030234,PENDING,,,2,,V10::T3_ISOTONIC_ROLLING14_calibrated,,,False,V42_COMMON_FCFS_FIXED_SITE_TIEBREAK_V1,[],BLOCKED,GPU_REQUEST_AUTHORITY_MISSING,,,1325.3664368731706,1325.3664368731706
8030235,PENDING,,,2,,V10::T3_ISOTONIC_ROLLING14_calibrated,,,False,V42_COMMON_FCFS_FIXED_SITE_TIEBREAK_V1,[],BLOCKED,GPU_REQUEST_AUTHORITY_MISSING,,,1325.3664368731706,1325.3664368731706
8030236,PENDING,,,2,,V10::T3_ISOTONIC_ROLLING14_calibrated,,,False,V42_COMMON_FCFS_FIXED_SITE_TIEBREAK_V1,[],BLOCKED,GPU_REQUEST_AUTHORITY_MISSING,,,1325.3664368731706,1325.3664368731706
8030238,PENDING,,,2,,V10::T3_ISOTONIC_ROLLING14_calibrated,,,False,V42_COMMON_FCFS_FIXED_SITE_TIEBREAK_V1,[],BLOCKED,GPU_REQUEST_AUTHORITY_MISSING,,,1325.3664368731706,1325.3664368731706
8030239,PENDING,,,2,,V10::T3_ISOTONIC_ROLLING14_calibrated,,,False,V42_COMMON_FCFS_FIXED_SITE_TIEBREAK_V1,[],BLOCKED,GPU_REQUEST_AUTHORITY_MISSING,,,1325.3664368731706,1325.3664368731706
8030240,PENDING,,,2,,V10::T3_ISOTONIC_ROLLING14_calibrated,,,False,V42_COMMON_FCFS_FIXED_SITE_TIEBREAK_V1,[],BLOCKED,GPU_REQUEST_AUTHORITY_MISSING,,,1325.3664368731706,1325.3664368731706
8030241,PENDING,,,2,,V10::T3_ISOTONIC_ROLLING14_calibrated,,,False,V42_COMMON_FCFS_FIXED_SITE_TIEBREAK_V1,[],BLOCKED,GPU_REQUEST_AUTHORITY_MISSING,,,1325.3664368731706,1325.3664368731706
8030242,PENDING,,,2,,V10::T3_ISOTONIC_ROLLING14_calibrated,,,False,V42_COMMON_FCFS_FIXED_SITE_TIEBREAK_V1,[],BLOCKED,GPU_REQUEST_AUTHORITY_MISSING,,,1325.3664368731706,1325.3664368731706
8030243,PENDING,,,2,,V10::T3_ISOTONIC_ROLLING14_calibrated,,,False,V42_COMMON_FCFS_FIXED_SITE_TIEBREAK_V1,[],BLOCKED,GPU_REQUEST_AUTHORITY_MISSING,,,1325.3664368731706,1325.3664368731706
8030245,PENDING,,,2,,V10::T3_ISOTONIC_ROLLING14_calibrated,,,False,V42_COMMON_FCFS_FIXED_SITE_TIEBREAK_V1,[],BLOCKED,GPU_REQUEST_AUTHORITY_MISSING,,,1325.3664368731706,1325.3664368731706
8030246,PENDING,,,2,,V10::T3_ISOTONIC_ROLLING14_calibrated,,,False,V42_COMMON_FCFS_FIXED_SITE_TIEBREAK_V1,[],BLOCKED,GPU_REQUEST_AUTHORITY_MISSING,,,1325.3664368731706,1325.3664368731706
8030247,PENDING,,,2,,V10::T3_ISOTONIC_ROLLING14_calibrated,,,False,V42_COMMON_FCFS_FIXED_SITE_TIEBREAK_V1,[],BLOCKED,GPU_REQUEST_AUTHORITY_MISSING,,,1325.3664368731706,1325.3664368731706
8030248,PENDING,,,2,,V10::T3_ISOTONIC_ROLLING14_calibrated,,,False,V42_COMMON_FCFS_FIXED_SITE_TIEBREAK_V1,[],BLOCKED,GPU_REQUEST_AUTHORITY_MISSING,,,1325.3664368731706,1325.3664368731706
8030249,PENDING,,,2,,V10::T3_ISOTONIC_ROLLING14_calibrated,,,False,V42_COMMON_FCFS_FIXED_SITE_TIEBREAK_V1,[],BLOCKED,GPU_REQUEST_AUTHORITY_MISSING,,,1325.3664368731706,1325.3664368731706
8030250,PENDING,,,2,,V10::T3_ISOTONIC_ROLLING14_calibrated,,,False,V42_COMMON_FCFS_FIXED_SITE_TIEBREAK_V1,[],BLOCKED,GPU_REQUEST_AUTHORITY_MISSING,,,1325.3664368731706,1325.3664368731706
8030252,PENDING,,,2,,V10::T3_ISOTONIC_ROLLING14_calibrated,,,False,V42_COMMON_FCFS_FIXED_SITE_TIEBREAK_V1,[],BLOCKED,GPU_REQUEST_AUTHORITY_MISSING,,,1325.3664368731706,1325.3664368731706
8030253,PENDING,,,2,,V10::T3_ISOTONIC_ROLLING14_calibrated,,,False,V42_COMMON_FCFS_FIXED_SITE_TIEBREAK_V1,[],BLOCKED,GPU_REQUEST_AUTHORITY_MISSING,,,1325.3664368731706,1325.3664368731706
8030254,PENDING,,,2,,V10::T3_ISOTONIC_ROLLING14_calibrated,,,False,V42_COMMON_FCFS_FIXED_SITE_TIEBREAK_V1,[],BLOCKED,GPU_REQUEST_AUTHORITY_MISSING,,,1325.3664368731706,1325.3664368731706
8030255,PENDING,,,2,,V10::T3_ISOTONIC_ROLLING14_calibrated,,,False,V42_COMMON_FCFS_FIXED_SITE_TIEBREAK_V1,[],BLOCKED,GPU_REQUEST_AUTHORITY_MISSING,,,1325.3664368731706,1325.3664368731706
8030256,PENDING,,,2,,V10::T3_ISOTONIC_ROLLING14_calibrated,,,False,V42_COMMON_FCFS_FIXED_SITE_TIEBREAK_V1,[],BLOCKED,GPU_REQUEST_AUTHORITY_MISSING,,,1325.3664368731706,1325.3664368731706
8030257,PENDING,,,2,,V10::T3_ISOTONIC_ROLLING14_calibrated,,,False,V42_COMMON_FCFS_FIXED_SITE_TIEBREAK_V1,[],BLOCKED,GPU_REQUEST_AUTHORITY_MISSING,,,1325.3664368731706,1325.3664368731706
8030259,PENDING,,,2,,V10::T3_ISOTONIC_ROLLING14_calibrated,,,False,V42_COMMON_FCFS_FIXED_SITE_TIEBREAK_V1,[],BLOCKED,GPU_REQUEST_AUTHORITY_MISSING,,,1325.3664368731706,1325.3664368731706
8030260,PENDING,,,2,,V10::T3_ISOTONIC_ROLLING14_calibrated,,,False,V42_COMMON_FCFS_FIXED_SITE_TIEBREAK_V1,[],BLOCKED,GPU_REQUEST_AUTHORITY_MISSING,,,1325.3664368731706,1325.3664368731706
8030261,PENDING,,,2,,V10::T3_ISOTONIC_ROLLING14_calibrated,,,False,V42_COMMON_FCFS_FIXED_SITE_TIEBREAK_V1,[],BLOCKED,GPU_REQUEST_AUTHORITY_MISSING,,,1325.3664368731706,1325.3664368731706
8030262,PENDING,,,2,,V10::T3_ISOTONIC_ROLLING14_calibrated,,,False,V42_COMMON_FCFS_FIXED_SITE_TIEBREAK_V1,[],BLOCKED,GPU_REQUEST_AUTHORITY_MISSING,,,1325.3664368731706,1325.3664368731706
8030263,PENDING,,,2,,V10::T3_ISOTONIC_ROLLING14_calibrated,,,False,V42_COMMON_FCFS_FIXED_SITE_TIEBREAK_V1,[],BLOCKED,GPU_REQUEST_AUTHORITY_MISSING,,,1325.3664368731706,1325.3664368731706
8030265,PENDING,,,2,,V10::T3_ISOTONIC_ROLLING14_calibrated,,,False,V42_COMMON_FCFS_FIXED_SITE_TIEBREAK_V1,[],BLOCKED,GPU_REQUEST_AUTHORITY_MISSING,,,1325.3664368731706,1325.3664368731706
8030266,PENDING,,,2,,V10::T3_ISOTONIC_ROLLING14_calibrated,,,False,V42_COMMON_FCFS_FIXED_SITE_TIEBREAK_V1,[],BLOCKED,GPU_REQUEST_AUTHORITY_MISSING,,,1325.3664368731706,1325.3664368731706
8044116,PENDING,,,2,,V10::T3_ISOTONIC_ROLLING14_calibrated,,,False,V42_COMMON_FCFS_FIXED_SITE_TIEBREAK_V1,[],BLOCKED,GPU_REQUEST_AUTHORITY_MISSING,,,1325.3664368731706,1325.3664368731706
8044118,PENDING,,,2,,V10::T3_ISOTONIC_ROLLING14_calibrated,,,False,V42_COMMON_FCFS_FIXED_SITE_TIEBREAK_V1,[],BLOCKED,GPU_REQUEST_AUTHORITY_MISSING,,,1325.3664368731706,1325.3664368731706
8044119,PENDING,,,2,,V10::T3_ISOTONIC_ROLLING14_calibrated,,,False,V42_COMMON_FCFS_FIXED_SITE_TIEBREAK_V1,[],BLOCKED,GPU_REQUEST_AUTHORITY_MISSING,,,1325.3664368731706,1325.3664368731706
8044120,PENDING,,,2,,V10::T3_ISOTONIC_ROLLING14_calibrated,,,False,V42_COMMON_FCFS_FIXED_SITE_TIEBREAK_V1,[],BLOCKED,GPU_REQUEST_AUTHORITY_MISSING,,,1325.3664368731706,1325.3664368731706
8046531,RUNNING,AIDC03,0,0,4,V10::T3_ISOTONIC_ROLLING14_calibrated,USER_DEFINED_GRID_BLIND_REFERENCE_PLACEMENT,OBSERVED_RUNNING_AT_ISSUE,True,V42_COMMON_FCFS_FIXED_SITE_TIEBREAK_V1,"[""AIDC01"", ""AIDC02"", ""AIDC03"", ""AIDC04"", ""AIDC05"", ""AIDC06"", ""AIDC07"", ""AIDC08"", ""AIDC09"", ""AIDC10"", ""AIDC11"", ""AIDC12""]",REFERENCE_ASSIGNED,,True,True,3840.3993098324,0.0
8046535,RUNNING,AIDC03,0,0,4,V10::T3_ISOTONIC_ROLLING14_calibrated,USER_DEFINED_GRID_BLIND_REFERENCE_PLACEMENT,OBSERVED_RUNNING_AT_ISSUE,True,V42_COMMON_FCFS_FIXED_SITE_TIEBREAK_V1,"[""AIDC01"", ""AIDC02"", ""AIDC03"", ""AIDC04"", ""AIDC05"", ""AIDC06"", ""AIDC07"", ""AIDC08"", ""AIDC09"", ""AIDC10"", ""AIDC11"", ""AIDC12""]",REFERENCE_ASSIGNED,,True,True,3840.3993098324,0.0
8046537,RUNNING,AIDC03,0,0,4,V10::T3_ISOTONIC_ROLLING14_calibrated,USER_DEFINED_GRID_BLIND_REFERENCE_PLACEMENT,OBSERVED_RUNNING_AT_ISSUE,True,V42_COMMON_FCFS_FIXED_SITE_TIEBREAK_V1,"[""AIDC01"", ""AIDC02"", ""AIDC03"", ""AIDC04"", ""AIDC05"", ""AIDC06"", ""AIDC07"", ""AIDC08"", ""AIDC09"", ""AIDC10"", ""AIDC11"", ""AIDC12""]",REFERENCE_ASSIGNED,,True,True,3840.3993098324,0.0
8046541,RUNNING,AIDC03,0,0,4,V10::T3_ISOTONIC_ROLLING14_calibrated,USER_DEFINED_GRID_BLIND_REFERENCE_PLACEMENT,OBSERVED_RUNNING_AT_ISSUE,True,V42_COMMON_FCFS_FIXED_SITE_TIEBREAK_V1,"[""AIDC01"", ""AIDC02"", ""AIDC03"", ""AIDC04"", ""AIDC05"", ""AIDC06"", ""AIDC07"", ""AIDC08"", ""AIDC09"", ""AIDC10"", ""AIDC11"", ""AIDC12""]",REFERENCE_ASSIGNED,,True,True,3840.3993098324,0.0
8046542,RUNNING,AIDC03,0,0,4,V10::T3_ISOTONIC_ROLLING14_calibrated,USER_DEFINED_GRID_BLIND_REFERENCE_PLACEMENT,OBSERVED_RUNNING_AT_ISSUE,True,V42_COMMON_FCFS_FIXED_SITE_TIEBREAK_V1,"[""AIDC01"", ""AIDC02"", ""AIDC03"", ""AIDC04"", ""AIDC05"", ""AIDC06"", ""AIDC07"", ""AIDC08"", ""AIDC09"", ""AIDC10"", ""AIDC11"", ""AIDC12""]",REFERENCE_ASSIGNED,,True,True,3840.3993098324,0.0
8046543,RUNNING,AIDC03,0,0,4,V10::T3_ISOTONIC_ROLLING14_calibrated,USER_DEFINED_GRID_BLIND_REFERENCE_PLACEMENT,OBSERVED_RUNNING_AT_ISSUE,True,V42_COMMON_FCFS_FIXED_SITE_TIEBREAK_V1,"[""AIDC01"", ""AIDC02"", ""AIDC03"", ""AIDC04"", ""AIDC05"", ""AIDC06"", ""AIDC07"", ""AIDC08"", ""AIDC09"", ""AIDC10"", ""AIDC11"", ""AIDC12""]",REFERENCE_ASSIGNED,,True,True,3840.3993098324,0.0
8046544,RUNNING,AIDC04,0,0,4,V10::T3_ISOTONIC_ROLLING14_calibrated,USER_DEFINED_GRID_BLIND_REFERENCE_PLACEMENT,OBSERVED_RUNNING_AT_ISSUE,True,V42_COMMON_FCFS_FIXED_SITE_TIEBREAK_V1,"[""AIDC01"", ""AIDC02"", ""AIDC03"", ""AIDC04"", ""AIDC05"", ""AIDC06"", ""AIDC07"", ""AIDC08"", ""AIDC09"", ""AIDC10"", ""AIDC11"", ""AIDC12""]",REFERENCE_ASSIGNED,,True,True,3840.3993098324,0.0
8046545,RUNNING,AIDC04,0,0,4,V10::T3_ISOTONIC_ROLLING14_calibrated,USER_DEFINED_GRID_BLIND_REFERENCE_PLACEMENT,OBSERVED_RUNNING_AT_ISSUE,True,V42_COMMON_FCFS_FIXED_SITE_TIEBREAK_V1,"[""AIDC01"", ""AIDC02"", ""AIDC03"", ""AIDC04"", ""AIDC05"", ""AIDC06"", ""AIDC07"", ""AIDC08"", ""AIDC09"", ""AIDC10"", ""AIDC11"", ""AIDC12""]",REFERENCE_ASSIGNED,,True,True,3840.3993098324,0.0
8046546,RUNNING,AIDC04,0,0,4,V10::T3_ISOTONIC_ROLLING14_calibrated,USER_DEFINED_GRID_BLIND_REFERENCE_PLACEMENT,OBSERVED_RUNNING_AT_ISSUE,True,V42_COMMON_FCFS_FIXED_SITE_TIEBREAK_V1,"[""AIDC01"", ""AIDC02"", ""AIDC03"", ""AIDC04"", ""AIDC05"", ""AIDC06"", ""AIDC07"", ""AIDC08"", ""AIDC09"", ""AIDC10"", ""AIDC11"", ""AIDC12""]",REFERENCE_ASSIGNED,,True,True,3840.3993098324,0.0
8046547,RUNNING,AIDC04,0,0,4,V10::T3_ISOTONIC_ROLLING14_calibrated,USER_DEFINED_GRID_BLIND_REFERENCE_PLACEMENT,OBSERVED_RUNNING_AT_ISSUE,True,V42_COMMON_FCFS_FIXED_SITE_TIEBREAK_V1,"[""AIDC01"", ""AIDC02"", ""AIDC03"", ""AIDC04"", ""AIDC05"", ""AIDC06"", ""AIDC07"", ""AIDC08"", ""AIDC09"", ""AIDC10"", ""AIDC11"", ""AIDC12""]",REFERENCE_ASSIGNED,,True,True,3840.3993098324,0.0
8046548,RUNNING,AIDC04,0,0,4,V10::T3_ISOTONIC_ROLLING14_calibrated,USER_DEFINED_GRID_BLIND_REFERENCE_PLACEMENT,OBSERVED_RUNNING_AT_ISSUE,True,V42_COMMON_FCFS_FIXED_SITE_TIEBREAK_V1,"[""AIDC01"", ""AIDC02"", ""AIDC03"", ""AIDC04"", ""AIDC05"", ""AIDC06"", ""AIDC07"", ""AIDC08"", ""AIDC09"", ""AIDC10"", ""AIDC11"", ""AIDC12""]",REFERENCE_ASSIGNED,,True,True,3840.3993098324,0.0
8046551,RUNNING,AIDC04,0,2,4,V10::T3_ISOTONIC_ROLLING14_calibrated,USER_DEFINED_GRID_BLIND_REFERENCE_PLACEMENT,OBSERVED_RUNNING_AT_ISSUE,True,V42_COMMON_FCFS_FIXED_SITE_TIEBREAK_V1,"[""AIDC01"", ""AIDC02"", ""AIDC03"", ""AIDC04"", ""AIDC05"", ""AIDC06"", ""AIDC07"", ""AIDC08"", ""AIDC09"", ""AIDC10"", ""AIDC11"", ""AIDC12""]",REFERENCE_ASSIGNED,,True,False,3840.3993098324,1546.3993098324
8046552,PENDING,,,5,4,V10::T3_ISOTONIC_ROLLING14_calibrated,,,False,V42_COMMON_FCFS_FIXED_SITE_TIEBREAK_V1,"[""AIDC01"", ""AIDC02"", ""AIDC03"", ""AIDC04"", ""AIDC05"", ""AIDC06"", ""AIDC07"", ""AIDC08"", ""AIDC09"", ""AIDC10"", ""AIDC11"", ""AIDC12""]",BLOCKED,FCFS_PREDECESSOR_UNRESOLVED,,,3840.3993098324,3840.3993098324
8046633,RUNNING,AIDC04,0,67,4,V10::T3_ISOTONIC_ROLLING14_calibrated,USER_DEFINED_GRID_BLIND_REFERENCE_PLACEMENT,OBSERVED_RUNNING_AT_ISSUE,True,V42_COMMON_FCFS_FIXED_SITE_TIEBREAK_V1,"[""AIDC01"", ""AIDC02"", ""AIDC03"", ""AIDC04"", ""AIDC05"", ""AIDC06"", ""AIDC07"", ""AIDC08"", ""AIDC09"", ""AIDC10"", ""AIDC11"", ""AIDC12""]",REFERENCE_ASSIGNED,,True,False,210435.80214378805,59835.80214378805
8047551,PENDING,,,5,4,V10::T3_ISOTONIC_ROLLING14_calibrated,,,False,V42_COMMON_FCFS_FIXED_SITE_TIEBREAK_V1,"[""AIDC01"", ""AIDC02"", ""AIDC03"", ""AIDC04"", ""AIDC05"", ""AIDC06"", ""AIDC07"", ""AIDC08"", ""AIDC09"", ""AIDC10"", ""AIDC11"", ""AIDC12""]",BLOCKED,FCFS_PREDECESSOR_UNRESOLVED,,,4069.0354635730623,4069.0354635730623
8047557,PENDING,,,5,4,V10::T3_ISOTONIC_ROLLING14_calibrated,,,False,V42_COMMON_FCFS_FIXED_SITE_TIEBREAK_V1,"[""AIDC01"", ""AIDC02"", ""AIDC03"", ""AIDC04"", ""AIDC05"", ""AIDC06"", ""AIDC07"", ""AIDC08"", ""AIDC09"", ""AIDC10"", ""AIDC11"", ""AIDC12""]",BLOCKED,FCFS_PREDECESSOR_UNRESOLVED,,,4069.0354635730623,4069.0354635730623
8047558,PENDING,,,5,4,V10::T3_ISOTONIC_ROLLING14_calibrated,,,False,V42_COMMON_FCFS_FIXED_SITE_TIEBREAK_V1,"[""AIDC01"", ""AIDC02"", ""AIDC03"", ""AIDC04"", ""AIDC05"", ""AIDC06"", ""AIDC07"", ""AIDC08"", ""AIDC09"", ""AIDC10"", ""AIDC11"", ""AIDC12""]",BLOCKED,FCFS_PREDECESSOR_UNRESOLVED,,,4069.0354635730623,4069.0354635730623
8047862,PENDING,,,69,2,V10::T3_ISOTONIC_ROLLING14_calibrated,,,False,V42_COMMON_FCFS_FIXED_SITE_TIEBREAK_V1,"[""AIDC01"", ""AIDC02"", ""AIDC03"", ""AIDC04"", ""AIDC05"", ""AIDC06"", ""AIDC07"", ""AIDC08"", ""AIDC09"", ""AIDC10"", ""AIDC11"", ""AIDC12""]",BLOCKED,FCFS_PREDECESSOR_UNRESOLVED,,,61200.8921396676,61200.8921396676
8047930,PENDING,,,73,2,V10::T3_ISOTONIC_ROLLING14_calibrated,,,False,V42_COMMON_FCFS_FIXED_SITE_TIEBREAK_V1,"[""AIDC01"", ""AIDC02"", ""AIDC03"", ""AIDC04"", ""AIDC05"", ""AIDC06"", ""AIDC07"", ""AIDC08"", ""AIDC09"", ""AIDC10"", ""AIDC11"", ""AIDC12""]",BLOCKED,FCFS_PREDECESSOR_UNRESOLVED,,,65401.57014354725,65401.57014354725
8048058,PENDING,,,46,2,V10::T3_ISOTONIC_ROLLING14_calibrated,,,False,V42_COMMON_FCFS_FIXED_SITE_TIEBREAK_V1,"[""AIDC01"", ""AIDC02"", ""AIDC03"", ""AIDC04"", ""AIDC05"", ""AIDC06"", ""AIDC07"", ""AIDC08"", ""AIDC09"", ""AIDC10"", ""AIDC11"", ""AIDC12""]",BLOCKED,FCFS_PREDECESSOR_UNRESOLVED,,,41072.028705268924,41072.028705268924
8048092,PENDING,,,69,2,V10::T3_ISOTONIC_ROLLING14_calibrated,,,False,V42_COMMON_FCFS_FIXED_SITE_TIEBREAK_V1,"[""AIDC01"", ""AIDC02"", ""AIDC03"", ""AIDC04"", ""AIDC05"", ""AIDC06"", ""AIDC07"", ""AIDC08"", ""AIDC09"", ""AIDC10"", ""AIDC11"", ""AIDC12""]",BLOCKED,FCFS_PREDECESSOR_UNRESOLVED,,,61241.5590438299,61241.5590438299
8049149,PENDING,,,5,4,V10::T3_ISOTONIC_ROLLING14_calibrated,,,False,V42_COMMON_FCFS_FIXED_SITE_TIEBREAK_V1,"[""AIDC01"", ""AIDC02"", ""AIDC03"", ""AIDC04"", ""AIDC05"", ""AIDC06"", ""AIDC07"", ""AIDC08"", ""AIDC09"", ""AIDC10"", ""AIDC11"", ""AIDC12""]",BLOCKED,FCFS_PREDECESSOR_UNRESOLVED,,,4069.0354635730623,4069.0354635730623
8049150,PENDING,,,5,4,V10::T3_ISOTONIC_ROLLING14_calibrated,,,False,V42_COMMON_FCFS_FIXED_SITE_TIEBREAK_V1,"[""AIDC01"", ""AIDC02"", ""AIDC03"", ""AIDC04"", ""AIDC05"", ""AIDC06"", ""AIDC07"", ""AIDC08"", ""AIDC09"", ""AIDC10"", ""AIDC11"", ""AIDC12""]",BLOCKED,FCFS_PREDECESSOR_UNRESOLVED,,,4069.0354635730623,4069.0354635730623
8049152,PENDING,,,5,4,V10::T3_ISOTONIC_ROLLING14_calibrated,,,False,V42_COMMON_FCFS_FIXED_SITE_TIEBREAK_V1,"[""AIDC01"", ""AIDC02"", ""AIDC03"", ""AIDC04"", ""AIDC05"", ""AIDC06"", ""AIDC07"", ""AIDC08"", ""AIDC09"", ""AIDC10"", ""AIDC11"", ""AIDC12""]",BLOCKED,FCFS_PREDECESSOR_UNRESOLVED,,,4069.0354635730623,4069.0354635730623
8049394,PENDING,,,4,32,V10::T3_ISOTONIC_ROLLING14_calibrated,,,False,V42_COMMON_FCFS_FIXED_SITE_TIEBREAK_V1,"[""AIDC01"", ""AIDC02"", ""AIDC03"", ""AIDC04"", ""AIDC05"", ""AIDC06"", ""AIDC07"", ""AIDC08"", ""AIDC09"", ""AIDC10"", ""AIDC11"", ""AIDC12""]",BLOCKED,FCFS_PREDECESSOR_UNRESOLVED,,,3146.676752276248,3146.676752276248
8049637,RUNNING,AIDC04,0,0,4,V10::T3_ISOTONIC_ROLLING14_calibrated,USER_DEFINED_GRID_BLIND_REFERENCE_PLACEMENT,OBSERVED_RUNNING_AT_ISSUE,True,V42_COMMON_FCFS_FIXED_SITE_TIEBREAK_V1,"[""AIDC01"", ""AIDC02"", ""AIDC03"", ""AIDC04"", ""AIDC05"", ""AIDC06"", ""AIDC07"", ""AIDC08"", ""AIDC09"", ""AIDC10"", ""AIDC11"", ""AIDC12""]",REFERENCE_ASSIGNED,,True,True,4391.415766670814,0.0
8049638,RUNNING,AIDC04,0,0,4,V10::T3_ISOTONIC_ROLLING14_calibrated,USER_DEFINED_GRID_BLIND_REFERENCE_PLACEMENT,OBSERVED_RUNNING_AT_ISSUE,True,V42_COMMON_FCFS_FIXED_SITE_TIEBREAK_V1,"[""AIDC01"", ""AIDC02"", ""AIDC03"", ""AIDC04"", ""AIDC05"", ""AIDC06"", ""AIDC07"", ""AIDC08"", ""AIDC09"", ""AIDC10"", ""AIDC11"", ""AIDC12""]",REFERENCE_ASSIGNED,,True,True,4391.415766670814,0.0
8049639,RUNNING,AIDC04,0,0,4,V10::T3_ISOTONIC_ROLLING14_calibrated,USER_DEFINED_GRID_BLIND_REFERENCE_PLACEMENT,OBSERVED_RUNNING_AT_ISSUE,True,V42_COMMON_FCFS_FIXED_SITE_TIEBREAK_V1,"[""AIDC01"", ""AIDC02"", ""AIDC03"", ""AIDC04"", ""AIDC05"", ""AIDC06"", ""AIDC07"", ""AIDC08"", ""AIDC09"", ""AIDC10"", ""AIDC11"", ""AIDC12""]",REFERENCE_ASSIGNED,,True,True,4391.415766670814,0.0
8049640,RUNNING,AIDC05,0,0,4,V10::T3_ISOTONIC_ROLLING14_calibrated,USER_DEFINED_GRID_BLIND_REFERENCE_PLACEMENT,OBSERVED_RUNNING_AT_ISSUE,True,V42_COMMON_FCFS_FIXED_SITE_TIEBREAK_V1,"[""AIDC01"", ""AIDC02"", ""AIDC03"", ""AIDC04"", ""AIDC05"", ""AIDC06"", ""AIDC07"", ""AIDC08"", ""AIDC09"", ""AIDC10"", ""AIDC11"", ""AIDC12""]",REFERENCE_ASSIGNED,,True,True,4391.415766670814,0.0
8049641,RUNNING,AIDC05,0,0,4,V10::T3_ISOTONIC_ROLLING14_calibrated,USER_DEFINED_GRID_BLIND_REFERENCE_PLACEMENT,OBSERVED_RUNNING_AT_ISSUE,True,V42_COMMON_FCFS_FIXED_SITE_TIEBREAK_V1,"[""AIDC01"", ""AIDC02"", ""AIDC03"", ""AIDC04"", ""AIDC05"", ""AIDC06"", ""AIDC07"", ""AIDC08"", ""AIDC09"", ""AIDC10"", ""AIDC11"", ""AIDC12""]",REFERENCE_ASSIGNED,,True,True,4391.415766670814,0.0
8049642,RUNNING,AIDC05,0,0,4,V10::T3_ISOTONIC_ROLLING14_calibrated,USER_DEFINED_GRID_BLIND_REFERENCE_PLACEMENT,OBSERVED_RUNNING_AT_ISSUE,True,V42_COMMON_FCFS_FIXED_SITE_TIEBREAK_V1,"[""AIDC01"", ""AIDC02"", ""AIDC03"", ""AIDC04"", ""AIDC05"", ""AIDC06"", ""AIDC07"", ""AIDC08"", ""AIDC09"", ""AIDC10"", ""AIDC11"", ""AIDC12""]",REFERENCE_ASSIGNED,,True,True,4391.415766670814,0.0
8049643,RUNNING,AIDC05,0,0,4,V10::T3_ISOTONIC_ROLLING14_calibrated,USER_DEFINED_GRID_BLIND_REFERENCE_PLACEMENT,OBSERVED_RUNNING_AT_ISSUE,True,V42_COMMON_FCFS_FIXED_SITE_TIEBREAK_V1,"[""AIDC01"", ""AIDC02"", ""AIDC03"", ""AIDC04"", ""AIDC05"", ""AIDC06"", ""AIDC07"", ""AIDC08"", ""AIDC09"", ""AIDC10"", ""AIDC11"", ""AIDC12""]",REFERENCE_ASSIGNED,,True,True,4391.415766670814,0.0
8049644,RUNNING,AIDC05,0,0,4,V10::T3_ISOTONIC_ROLLING14_calibrated,USER_DEFINED_GRID_BLIND_REFERENCE_PLACEMENT,OBSERVED_RUNNING_AT_ISSUE,True,V42_COMMON_FCFS_FIXED_SITE_TIEBREAK_V1,"[""AIDC01"", ""AIDC02"", ""AIDC03"", ""AIDC04"", ""AIDC05"", ""AIDC06"", ""AIDC07"", ""AIDC08"", ""AIDC09"", ""AIDC10"", ""AIDC11"", ""AIDC12""]",REFERENCE_ASSIGNED,,True,True,4391.415766670814,0.0
8049645,RUNNING,AIDC05,0,0,4,V10::T3_ISOTONIC_ROLLING14_calibrated,USER_DEFINED_GRID_BLIND_REFERENCE_PLACEMENT,OBSERVED_RUNNING_AT_ISSUE,True,V42_COMMON_FCFS_FIXED_SITE_TIEBREAK_V1,"[""AIDC01"", ""AIDC02"", ""AIDC03"", ""AIDC04"", ""AIDC05"", ""AIDC06"", ""AIDC07"", ""AIDC08"", ""AIDC09"", ""AIDC10"", ""AIDC11"", ""AIDC12""]",REFERENCE_ASSIGNED,,True,True,4391.415766670814,0.0
8049646,RUNNING,AIDC05,0,0,4,V10::T3_ISOTONIC_ROLLING14_calibrated,USER_DEFINED_GRID_BLIND_REFERENCE_PLACEMENT,OBSERVED_RUNNING_AT_ISSUE,True,V42_COMMON_FCFS_FIXED_SITE_TIEBREAK_V1,"[""AIDC01"", ""AIDC02"", ""AIDC03"", ""AIDC04"", ""AIDC05"", ""AIDC06"", ""AIDC07"", ""AIDC08"", ""AIDC09"", ""AIDC10"", ""AIDC11"", ""AIDC12""]",REFERENCE_ASSIGNED,,True,True,4391.415766670814,0.0
8049647,RUNNING,AIDC05,0,0,4,V10::T3_ISOTONIC_ROLLING14_calibrated,USER_DEFINED_GRID_BLIND_REFERENCE_PLACEMENT,OBSERVED_RUNNING_AT_ISSUE,True,V42_COMMON_FCFS_FIXED_SITE_TIEBREAK_V1,"[""AIDC01"", ""AIDC02"", ""AIDC03"", ""AIDC04"", ""AIDC05"", ""AIDC06"", ""AIDC07"", ""AIDC08"", ""AIDC09"", ""AIDC10"", ""AIDC11"", ""AIDC12""]",REFERENCE_ASSIGNED,,True,True,4391.415766670814,0.0
8049648,RUNNING,AIDC05,0,0,4,V10::T3_ISOTONIC_ROLLING14_calibrated,USER_DEFINED_GRID_BLIND_REFERENCE_PLACEMENT,OBSERVED_RUNNING_AT_ISSUE,True,V42_COMMON_FCFS_FIXED_SITE_TIEBREAK_V1,"[""AIDC01"", ""AIDC02"", ""AIDC03"", ""AIDC04"", ""AIDC05"", ""AIDC06"", ""AIDC07"", ""AIDC08"", ""AIDC09"", ""AIDC10"", ""AIDC11"", ""AIDC12""]",REFERENCE_ASSIGNED,,True,True,4391.415766670814,0.0
8049649,RUNNING,AIDC05,0,0,4,V10::T3_ISOTONIC_ROLLING14_calibrated,USER_DEFINED_GRID_BLIND_REFERENCE_PLACEMENT,OBSERVED_RUNNING_AT_ISSUE,True,V42_COMMON_FCFS_FIXED_SITE_TIEBREAK_V1,"[""AIDC01"", ""AIDC02"", ""AIDC03"", ""AIDC04"", ""AIDC05"", ""AIDC06"", ""AIDC07"", ""AIDC08"", ""AIDC09"", ""AIDC10"", ""AIDC11"", ""AIDC12""]",REFERENCE_ASSIGNED,,True,True,4391.415766670814,0.0
8049653,RUNNING,AIDC05,0,0,4,V10::T3_ISOTONIC_ROLLING14_calibrated,USER_DEFINED_GRID_BLIND_REFERENCE_PLACEMENT,OBSERVED_RUNNING_AT_ISSUE,True,V42_COMMON_FCFS_FIXED_SITE_TIEBREAK_V1,"[""AIDC01"", ""AIDC02"", ""AIDC03"", ""AIDC04"", ""AIDC05"", ""AIDC06"", ""AIDC07"", ""AIDC08"", ""AIDC09"", ""AIDC10"", ""AIDC11"", ""AIDC12""]",REFERENCE_ASSIGNED,,True,True,4391.415766670814,0.0
8049658,RUNNING,AIDC05,0,0,4,V10::T3_ISOTONIC_ROLLING14_calibrated,USER_DEFINED_GRID_BLIND_REFERENCE_PLACEMENT,OBSERVED_RUNNING_AT_ISSUE,True,V42_COMMON_FCFS_FIXED_SITE_TIEBREAK_V1,"[""AIDC01"", ""AIDC02"", ""AIDC03"", ""AIDC04"", ""AIDC05"", ""AIDC06"", ""AIDC07"", ""AIDC08"", ""AIDC09"", ""AIDC10"", ""AIDC11"", ""AIDC12""]",REFERENCE_ASSIGNED,,True,True,4391.415766670814,0.0
8049673,RUNNING,AIDC05,0,0,4,V10::T3_ISOTONIC_ROLLING14_calibrated,USER_DEFINED_GRID_BLIND_REFERENCE_PLACEMENT,OBSERVED_RUNNING_AT_ISSUE,True,V42_COMMON_FCFS_FIXED_SITE_TIEBREAK_V1,"[""AIDC01"", ""AIDC02"", ""AIDC03"", ""AIDC04"", ""AIDC05"", ""AIDC06"", ""AIDC07"", ""AIDC08"", ""AIDC09"", ""AIDC10"", ""AIDC11"", ""AIDC12""]",REFERENCE_ASSIGNED,,True,True,4391.415766670814,0.0
8049674,RUNNING,AIDC05,0,0,4,V10::T3_ISOTONIC_ROLLING14_calibrated,USER_DEFINED_GRID_BLIND_REFERENCE_PLACEMENT,OBSERVED_RUNNING_AT_ISSUE,True,V42_COMMON_FCFS_FIXED_SITE_TIEBREAK_V1,"[""AIDC01"", ""AIDC02"", ""AIDC03"", ""AIDC04"", ""AIDC05"", ""AIDC06"", ""AIDC07"", ""AIDC08"", ""AIDC09"", ""AIDC10"", ""AIDC11"", ""AIDC12""]",REFERENCE_ASSIGNED,,True,True,4391.415766670814,0.0
8049675,RUNNING,AIDC05,0,0,4,V10::T3_ISOTONIC_ROLLING14_calibrated,USER_DEFINED_GRID_BLIND_REFERENCE_PLACEMENT,OBSERVED_RUNNING_AT_ISSUE,True,V42_COMMON_FCFS_FIXED_SITE_TIEBREAK_V1,"[""AIDC01"", ""AIDC02"", ""AIDC03"", ""AIDC04"", ""AIDC05"", ""AIDC06"", ""AIDC07"", ""AIDC08"", ""AIDC09"", ""AIDC10"", ""AIDC11"", ""AIDC12""]",REFERENCE_ASSIGNED,,True,True,4391.415766670814,0.0
8049676,RUNNING,AIDC05,0,0,4,V10::T3_ISOTONIC_ROLLING14_calibrated,USER_DEFINED_GRID_BLIND_REFERENCE_PLACEMENT,OBSERVED_RUNNING_AT_ISSUE,True,V42_COMMON_FCFS_FIXED_SITE_TIEBREAK_V1,"[""AIDC01"", ""AIDC02"", ""AIDC03"", ""AIDC04"", ""AIDC05"", ""AIDC06"", ""AIDC07"", ""AIDC08"", ""AIDC09"", ""AIDC10"", ""AIDC11"", ""AIDC12""]",REFERENCE_ASSIGNED,,True,True,4391.415766670814,0.0
8049677,RUNNING,AIDC05,0,0,4,V10::T3_ISOTONIC_ROLLING14_calibrated,USER_DEFINED_GRID_BLIND_REFERENCE_PLACEMENT,OBSERVED_RUNNING_AT_ISSUE,True,V42_COMMON_FCFS_FIXED_SITE_TIEBREAK_V1,"[""AIDC01"", ""AIDC02"", ""AIDC03"", ""AIDC04"", ""AIDC05"", ""AIDC06"", ""AIDC07"", ""AIDC08"", ""AIDC09"", ""AIDC10"", ""AIDC11"", ""AIDC12""]",REFERENCE_ASSIGNED,,True,True,4391.415766670814,0.0
8049678,RUNNING,AIDC05,0,0,4,V10::T3_ISOTONIC_ROLLING14_calibrated,USER_DEFINED_GRID_BLIND_REFERENCE_PLACEMENT,OBSERVED_RUNNING_AT_ISSUE,True,V42_COMMON_FCFS_FIXED_SITE_TIEBREAK_V1,"[""AIDC01"", ""AIDC02"", ""AIDC03"", ""AIDC04"", ""AIDC05"", ""AIDC06"", ""AIDC07"", ""AIDC08"", ""AIDC09"", ""AIDC10"", ""AIDC11"", ""AIDC12""]",REFERENCE_ASSIGNED,,True,True,4391.415766670814,0.0
8049679,RUNNING,AIDC05,0,0,4,V10::T3_ISOTONIC_ROLLING14_calibrated,USER_DEFINED_GRID_BLIND_REFERENCE_PLACEMENT,OBSERVED_RUNNING_AT_ISSUE,True,V42_COMMON_FCFS_FIXED_SITE_TIEBREAK_V1,"[""AIDC01"", ""AIDC02"", ""AIDC03"", ""AIDC04"", ""AIDC05"", ""AIDC06"", ""AIDC07"", ""AIDC08"", ""AIDC09"", ""AIDC10"", ""AIDC11"", ""AIDC12""]",REFERENCE_ASSIGNED,,True,True,4391.415766670814,0.0
8049680,RUNNING,AIDC05,0,0,4,V10::T3_ISOTONIC_ROLLING14_calibrated,USER_DEFINED_GRID_BLIND_REFERENCE_PLACEMENT,OBSERVED_RUNNING_AT_ISSUE,True,V42_COMMON_FCFS_FIXED_SITE_TIEBREAK_V1,"[""AIDC01"", ""AIDC02"", ""AIDC03"", ""AIDC04"", ""AIDC05"", ""AIDC06"", ""AIDC07"", ""AIDC08"", ""AIDC09"", ""AIDC10"", ""AIDC11"", ""AIDC12""]",REFERENCE_ASSIGNED,,True,True,4391.415766670814,0.0
8049681,RUNNING,AIDC05,0,0,4,V10::T3_ISOTONIC_ROLLING14_calibrated,USER_DEFINED_GRID_BLIND_REFERENCE_PLACEMENT,OBSERVED_RUNNING_AT_ISSUE,True,V42_COMMON_FCFS_FIXED_SITE_TIEBREAK_V1,"[""AIDC01"", ""AIDC02"", ""AIDC03"", ""AIDC04"", ""AIDC05"", ""AIDC06"", ""AIDC07"", ""AIDC08"", ""AIDC09"", ""AIDC10"", ""AIDC11"", ""AIDC12""]",REFERENCE_ASSIGNED,,True,True,4391.415766670814,0.0
8049682,RUNNING,AIDC05,0,0,4,V10::T3_ISOTONIC_ROLLING14_calibrated,USER_DEFINED_GRID_BLIND_REFERENCE_PLACEMENT,OBSERVED_RUNNING_AT_ISSUE,True,V42_COMMON_FCFS_FIXED_SITE_TIEBREAK_V1,"[""AIDC01"", ""AIDC02"", ""AIDC03"", ""AIDC04"", ""AIDC05"", ""AIDC06"", ""AIDC07"", ""AIDC08"", ""AIDC09"", ""AIDC10"", ""AIDC11"", ""AIDC12""]",REFERENCE_ASSIGNED,,True,True,4391.415766670814,0.0
8049683,RUNNING,AIDC05,0,0,4,V10::T3_ISOTONIC_ROLLING14_calibrated,USER_DEFINED_GRID_BLIND_REFERENCE_PLACEMENT,OBSERVED_RUNNING_AT_ISSUE,True,V42_COMMON_FCFS_FIXED_SITE_TIEBREAK_V1,"[""AIDC01"", ""AIDC02"", ""AIDC03"", ""AIDC04"", ""AIDC05"", ""AIDC06"", ""AIDC07"", ""AIDC08"", ""AIDC09"", ""AIDC10"", ""AIDC11"", ""AIDC12""]",REFERENCE_ASSIGNED,,True,True,4391.415766670814,0.0
8049684,RUNNING,AIDC05,0,0,4,V10::T3_ISOTONIC_ROLLING14_calibrated,USER_DEFINED_GRID_BLIND_REFERENCE_PLACEMENT,OBSERVED_RUNNING_AT_ISSUE,True,V42_COMMON_FCFS_FIXED_SITE_TIEBREAK_V1,"[""AIDC01"", ""AIDC02"", ""AIDC03"", ""AIDC04"", ""AIDC05"", ""AIDC06"", ""AIDC07"", ""AIDC08"", ""AIDC09"", ""AIDC10"", ""AIDC11"", ""AIDC12""]",REFERENCE_ASSIGNED,,True,True,4391.415766670814,0.0
8049685,RUNNING,AIDC05,0,0,4,V10::T3_ISOTONIC_ROLLING14_calibrated,USER_DEFINED_GRID_BLIND_REFERENCE_PLACEMENT,OBSERVED_RUNNING_AT_ISSUE,True,V42_COMMON_FCFS_FIXED_SITE_TIEBREAK_V1,"[""AIDC01"", ""AIDC02"", ""AIDC03"", ""AIDC04"", ""AIDC05"", ""AIDC06"", ""AIDC07"", ""AIDC08"", ""AIDC09"", ""AIDC10"", ""AIDC11"", ""AIDC12""]",REFERENCE_ASSIGNED,,True,True,4391.415766670814,0.0
8049686,RUNNING,AIDC06,0,1,4,V10::T3_ISOTONIC_ROLLING14_calibrated,USER_DEFINED_GRID_BLIND_REFERENCE_PLACEMENT,OBSERVED_RUNNING_AT_ISSUE,True,V42_COMMON_FCFS_FIXED_SITE_TIEBREAK_V1,"[""AIDC01"", ""AIDC02"", ""AIDC03"", ""AIDC04"", ""AIDC05"", ""AIDC06"", ""AIDC07"", ""AIDC08"", ""AIDC09"", ""AIDC10"", ""AIDC11"", ""AIDC12""]",REFERENCE_ASSIGNED,,True,False,4391.415766670814,5.415766670814264
8049700,RUNNING,AIDC06,0,1,4,V10::T3_ISOTONIC_ROLLING14_calibrated,USER_DEFINED_GRID_BLIND_REFERENCE_PLACEMENT,OBSERVED_RUNNING_AT_ISSUE,True,V42_COMMON_FCFS_FIXED_SITE_TIEBREAK_V1,"[""AIDC01"", ""AIDC02"", ""AIDC03"", ""AIDC04"", ""AIDC05"", ""AIDC06"", ""AIDC07"", ""AIDC08"", ""AIDC09"", ""AIDC10"", ""AIDC11"", ""AIDC12""]",REFERENCE_ASSIGNED,,True,False,4391.415766670814,5.415766670814264
8049701,RUNNING,AIDC06,0,1,4,V10::T3_ISOTONIC_ROLLING14_calibrated,USER_DEFINED_GRID_BLIND_REFERENCE_PLACEMENT,OBSERVED_RUNNING_AT_ISSUE,True,V42_COMMON_FCFS_FIXED_SITE_TIEBREAK_V1,"[""AIDC01"", ""AIDC02"", ""AIDC03"", ""AIDC04"", ""AIDC05"", ""AIDC06"", ""AIDC07"", ""AIDC08"", ""AIDC09"", ""AIDC10"", ""AIDC11"", ""AIDC12""]",REFERENCE_ASSIGNED,,True,False,4391.415766670814,5.415766670814264
8050332,RUNNING,AIDC06,0,0,4,V10::T3_ISOTONIC_ROLLING14_calibrated,USER_DEFINED_GRID_BLIND_REFERENCE_PLACEMENT,OBSERVED_RUNNING_AT_ISSUE,True,V42_COMMON_FCFS_FIXED_SITE_TIEBREAK_V1,"[""AIDC01"", ""AIDC02"", ""AIDC03"", ""AIDC04"", ""AIDC05"", ""AIDC06"", ""AIDC07"", ""AIDC08"", ""AIDC09"", ""AIDC10"", ""AIDC11"", ""AIDC12""]",REFERENCE_ASSIGNED,,True,True,13288.977532395758,0.0
8050538,RUNNING,AIDC06,0,0,4,V10::T3_ISOTONIC_ROLLING14_calibrated,USER_DEFINED_GRID_BLIND_REFERENCE_PLACEMENT,OBSERVED_RUNNING_AT_ISSUE,True,V42_COMMON_FCFS_FIXED_SITE_TIEBREAK_V1,"[""AIDC01"", ""AIDC02"", ""AIDC03"", ""AIDC04"", ""AIDC05"", ""AIDC06"", ""AIDC07"", ""AIDC08"", ""AIDC09"", ""AIDC10"", ""AIDC11"", ""AIDC12""]",REFERENCE_ASSIGNED,,True,True,1146.8967463949166,0.0
8050673,RUNNING,AIDC06,0,0,4,V10::T3_ISOTONIC_ROLLING14_calibrated,USER_DEFINED_GRID_BLIND_REFERENCE_PLACEMENT,OBSERVED_RUNNING_AT_ISSUE,True,V42_COMMON_FCFS_FIXED_SITE_TIEBREAK_V1,"[""AIDC01"", ""AIDC02"", ""AIDC03"", ""AIDC04"", ""AIDC05"", ""AIDC06"", ""AIDC07"", ""AIDC08"", ""AIDC09"", ""AIDC10"", ""AIDC11"", ""AIDC12""]",REFERENCE_ASSIGNED,,True,True,4157.3310009123015,0.0
8050720,PENDING,,,2,,V10::T3_ISOTONIC_ROLLING14_calibrated,,,False,V42_COMMON_FCFS_FIXED_SITE_TIEBREAK_V1,[],BLOCKED,GPU_REQUEST_AUTHORITY_MISSING,,,1325.3664368731706,1325.3664368731706
8050721,PENDING,,,2,,V10::T3_ISOTONIC_ROLLING14_calibrated,,,False,V42_COMMON_FCFS_FIXED_SITE_TIEBREAK_V1,[],BLOCKED,GPU_REQUEST_AUTHORITY_MISSING,,,1325.3664368731706,1325.3664368731706
8050722,PENDING,,,2,,V10::T3_ISOTONIC_ROLLING14_calibrated,,,False,V42_COMMON_FCFS_FIXED_SITE_TIEBREAK_V1,[],BLOCKED,GPU_REQUEST_AUTHORITY_MISSING,,,1325.3664368731706,1325.3664368731706
8050723,PENDING,,,2,,V10::T3_ISOTONIC_ROLLING14_calibrated,,,False,V42_COMMON_FCFS_FIXED_SITE_TIEBREAK_V1,[],BLOCKED,GPU_REQUEST_AUTHORITY_MISSING,,,1325.3664368731706,1325.3664368731706
8050724,PENDING,,,2,,V10::T3_ISOTONIC_ROLLING14_calibrated,,,False,V42_COMMON_FCFS_FIXED_SITE_TIEBREAK_V1,[],BLOCKED,GPU_REQUEST_AUTHORITY_MISSING,,,1325.3664368731706,1325.3664368731706
8050725,PENDING,,,2,,V10::T3_ISOTONIC_ROLLING14_calibrated,,,False,V42_COMMON_FCFS_FIXED_SITE_TIEBREAK_V1,[],BLOCKED,GPU_REQUEST_AUTHORITY_MISSING,,,1325.3664368731706,1325.3664368731706
8050726,PENDING,,,2,,V10::T3_ISOTONIC_ROLLING14_calibrated,,,False,V42_COMMON_FCFS_FIXED_SITE_TIEBREAK_V1,[],BLOCKED,GPU_REQUEST_AUTHORITY_MISSING,,,1325.3664368731706,1325.3664368731706
8050727,PENDING,,,2,,V10::T3_ISOTONIC_ROLLING14_calibrated,,,False,V42_COMMON_FCFS_FIXED_SITE_TIEBREAK_V1,[],BLOCKED,GPU_REQUEST_AUTHORITY_MISSING,,,1325.3664368731706,1325.3664368731706
8050728,PENDING,,,2,,V10::T3_ISOTONIC_ROLLING14_calibrated,,,False,V42_COMMON_FCFS_FIXED_SITE_TIEBREAK_V1,[],BLOCKED,GPU_REQUEST_AUTHORITY_MISSING,,,1325.3664368731706,1325.3664368731706
8050729,PENDING,,,2,,V10::T3_ISOTONIC_ROLLING14_calibrated,,,False,V42_COMMON_FCFS_FIXED_SITE_TIEBREAK_V1,[],BLOCKED,GPU_REQUEST_AUTHORITY_MISSING,,,1325.3664368731706,1325.3664368731706
8050730,PENDING,,,2,,V10::T3_ISOTONIC_ROLLING14_calibrated,,,False,V42_COMMON_FCFS_FIXED_SITE_TIEBREAK_V1,[],BLOCKED,GPU_REQUEST_AUTHORITY_MISSING,,,1325.3664368731706,1325.3664368731706
8050731,PENDING,,,2,,V10::T3_ISOTONIC_ROLLING14_calibrated,,,False,V42_COMMON_FCFS_FIXED_SITE_TIEBREAK_V1,[],BLOCKED,GPU_REQUEST_AUTHORITY_MISSING,,,1325.3664368731706,1325.3664368731706
8050732,PENDING,,,2,,V10::T3_ISOTONIC_ROLLING14_calibrated,,,False,V42_COMMON_FCFS_FIXED_SITE_TIEBREAK_V1,[],BLOCKED,GPU_REQUEST_AUTHORITY_MISSING,,,1325.3664368731706,1325.3664368731706
8050733,PENDING,,,2,,V10::T3_ISOTONIC_ROLLING14_calibrated,,,False,V42_COMMON_FCFS_FIXED_SITE_TIEBREAK_V1,[],BLOCKED,GPU_REQUEST_AUTHORITY_MISSING,,,1325.3664368731706,1325.3664368731706
8050734,PENDING,,,2,,V10::T3_ISOTONIC_ROLLING14_calibrated,,,False,V42_COMMON_FCFS_FIXED_SITE_TIEBREAK_V1,[],BLOCKED,GPU_REQUEST_AUTHORITY_MISSING,,,1325.3664368731706,1325.3664368731706
8050735,PENDING,,,2,,V10::T3_ISOTONIC_ROLLING14_calibrated,,,False,V42_COMMON_FCFS_FIXED_SITE_TIEBREAK_V1,[],BLOCKED,GPU_REQUEST_AUTHORITY_MISSING,,,1325.3664368731706,1325.3664368731706
8050736,PENDING,,,2,,V10::T3_ISOTONIC_ROLLING14_calibrated,,,False,V42_COMMON_FCFS_FIXED_SITE_TIEBREAK_V1,[],BLOCKED,GPU_REQUEST_AUTHORITY_MISSING,,,1325.3664368731706,1325.3664368731706
8050737,PENDING,,,2,,V10::T3_ISOTONIC_ROLLING14_calibrated,,,False,V42_COMMON_FCFS_FIXED_SITE_TIEBREAK_V1,[],BLOCKED,GPU_REQUEST_AUTHORITY_MISSING,,,1325.3664368731706,1325.3664368731706
8050738,PENDING,,,2,,V10::T3_ISOTONIC_ROLLING14_calibrated,,,False,V42_COMMON_FCFS_FIXED_SITE_TIEBREAK_V1,[],BLOCKED,GPU_REQUEST_AUTHORITY_MISSING,,,1325.3664368731706,1325.3664368731706
8050739,PENDING,,,2,,V10::T3_ISOTONIC_ROLLING14_calibrated,,,False,V42_COMMON_FCFS_FIXED_SITE_TIEBREAK_V1,[],BLOCKED,GPU_REQUEST_AUTHORITY_MISSING,,,1325.3664368731706,1325.3664368731706
8050740,PENDING,,,2,,V10::T3_ISOTONIC_ROLLING14_calibrated,,,False,V42_COMMON_FCFS_FIXED_SITE_TIEBREAK_V1,[],BLOCKED,GPU_REQUEST_AUTHORITY_MISSING,,,1325.3664368731706,1325.3664368731706
8050741,PENDING,,,2,,V10::T3_ISOTONIC_ROLLING14_calibrated,,,False,V42_COMMON_FCFS_FIXED_SITE_TIEBREAK_V1,[],BLOCKED,GPU_REQUEST_AUTHORITY_MISSING,,,1325.3664368731706,1325.3664368731706
8050742,PENDING,,,2,,V10::T3_ISOTONIC_ROLLING14_calibrated,,,False,V42_COMMON_FCFS_FIXED_SITE_TIEBREAK_V1,[],BLOCKED,GPU_REQUEST_AUTHORITY_MISSING,,,1325.3664368731706,1325.3664368731706
8050743,PENDING,,,2,,V10::T3_ISOTONIC_ROLLING14_calibrated,,,False,V42_COMMON_FCFS_FIXED_SITE_TIEBREAK_V1,[],BLOCKED,GPU_REQUEST_AUTHORITY_MISSING,,,1325.3664368731706,1325.3664368731706
8050744,PENDING,,,2,,V10::T3_ISOTONIC_ROLLING14_calibrated,,,False,V42_COMMON_FCFS_FIXED_SITE_TIEBREAK_V1,[],BLOCKED,GPU_REQUEST_AUTHORITY_MISSING,,,1325.3664368731706,1325.3664368731706
8050745,PENDING,,,2,,V10::T3_ISOTONIC_ROLLING14_calibrated,,,False,V42_COMMON_FCFS_FIXED_SITE_TIEBREAK_V1,[],BLOCKED,GPU_REQUEST_AUTHORITY_MISSING,,,1325.3664368731706,1325.3664368731706
8050746,PENDING,,,2,,V10::T3_ISOTONIC_ROLLING14_calibrated,,,False,V42_COMMON_FCFS_FIXED_SITE_TIEBREAK_V1,[],BLOCKED,GPU_REQUEST_AUTHORITY_MISSING,,,1325.3664368731706,1325.3664368731706
8051442,RUNNING,AIDC07,0,0,1,V10::T3_ISOTONIC_ROLLING14_calibrated,USER_DEFINED_GRID_BLIND_REFERENCE_PLACEMENT,OBSERVED_RUNNING_AT_ISSUE,True,V42_COMMON_FCFS_FIXED_SITE_TIEBREAK_V1,"[""AIDC01"", ""AIDC02"", ""AIDC03"", ""AIDC04"", ""AIDC05"", ""AIDC06"", ""AIDC07"", ""AIDC08"", ""AIDC09"", ""AIDC10"", ""AIDC11"", ""AIDC12""]",REFERENCE_ASSIGNED,,True,True,191.76898548241778,0.0
8051453,RUNNING,AIDC07,0,0,1,V10::T3_ISOTONIC_ROLLING14_calibrated,USER_DEFINED_GRID_BLIND_REFERENCE_PLACEMENT,OBSERVED_RUNNING_AT_ISSUE,True,V42_COMMON_FCFS_FIXED_SITE_TIEBREAK_V1,"[""AIDC01"", ""AIDC02"", ""AIDC03"", ""AIDC04"", ""AIDC05"", ""AIDC06"", ""AIDC07"", ""AIDC08"", ""AIDC09"", ""AIDC10"", ""AIDC11"", ""AIDC12""]",REFERENCE_ASSIGNED,,True,True,191.76898548241778,0.0
8051454,RUNNING,AIDC07,0,0,1,V10::T3_ISOTONIC_ROLLING14_calibrated,USER_DEFINED_GRID_BLIND_REFERENCE_PLACEMENT,OBSERVED_RUNNING_AT_ISSUE,True,V42_COMMON_FCFS_FIXED_SITE_TIEBREAK_V1,"[""AIDC01"", ""AIDC02"", ""AIDC03"", ""AIDC04"", ""AIDC05"", ""AIDC06"", ""AIDC07"", ""AIDC08"", ""AIDC09"", ""AIDC10"", ""AIDC11"", ""AIDC12""]",REFERENCE_ASSIGNED,,True,True,191.76898548241778,0.0
8051456,RUNNING,AIDC08,0,0,1,V10::T3_ISOTONIC_ROLLING14_calibrated,USER_DEFINED_GRID_BLIND_REFERENCE_PLACEMENT,OBSERVED_RUNNING_AT_ISSUE,True,V42_COMMON_FCFS_FIXED_SITE_TIEBREAK_V1,"[""AIDC01"", ""AIDC02"", ""AIDC03"", ""AIDC04"", ""AIDC05"", ""AIDC06"", ""AIDC07"", ""AIDC08"", ""AIDC09"", ""AIDC10"", ""AIDC11"", ""AIDC12""]",REFERENCE_ASSIGNED,,True,True,191.76898548241778,0.0
8051493,PENDING,,,91,1,V10::T3_ISOTONIC_ROLLING14_calibrated,,,False,V42_COMMON_FCFS_FIXED_SITE_TIEBREAK_V1,"[""AIDC01"", ""AIDC02"", ""AIDC03"", ""AIDC04"", ""AIDC05"", ""AIDC06"", ""AIDC07"", ""AIDC08"", ""AIDC09"", ""AIDC10"", ""AIDC11"", ""AIDC12""]",BLOCKED,FCFS_PREDECESSOR_UNRESOLVED,,,81303.1430655342,81303.1430655342
8051502,PENDING,,,91,1,V10::T3_ISOTONIC_ROLLING14_calibrated,,,False,V42_COMMON_FCFS_FIXED_SITE_TIEBREAK_V1,"[""AIDC01"", ""AIDC02"", ""AIDC03"", ""AIDC04"", ""AIDC05"", ""AIDC06"", ""AIDC07"", ""AIDC08"", ""AIDC09"", ""AIDC10"", ""AIDC11"", ""AIDC12""]",BLOCKED,FCFS_PREDECESSOR_UNRESOLVED,,,81303.1430655342,81303.1430655342
8051503,PENDING,,,91,1,V10::T3_ISOTONIC_ROLLING14_calibrated,,,False,V42_COMMON_FCFS_FIXED_SITE_TIEBREAK_V1,"[""AIDC01"", ""AIDC02"", ""AIDC03"", ""AIDC04"", ""AIDC05"", ""AIDC06"", ""AIDC07"", ""AIDC08"", ""AIDC09"", ""AIDC10"", ""AIDC11"", ""AIDC12""]",BLOCKED,FCFS_PREDECESSOR_UNRESOLVED,,,81303.1430655342,81303.1430655342
8051504,PENDING,,,91,1,V10::T3_ISOTONIC_ROLLING14_calibrated,,,False,V42_COMMON_FCFS_FIXED_SITE_TIEBREAK_V1,"[""AIDC01"", ""AIDC02"", ""AIDC03"", ""AIDC04"", ""AIDC05"", ""AIDC06"", ""AIDC07"", ""AIDC08"", ""AIDC09"", ""AIDC10"", ""AIDC11"", ""AIDC12""]",BLOCKED,FCFS_PREDECESSOR_UNRESOLVED,,,81303.1430655342,81303.1430655342
8051505,PENDING,,,91,1,V10::T3_ISOTONIC_ROLLING14_calibrated,,,False,V42_COMMON_FCFS_FIXED_SITE_TIEBREAK_V1,"[""AIDC01"", ""AIDC02"", ""AIDC03"", ""AIDC04"", ""AIDC05"", ""AIDC06"", ""AIDC07"", ""AIDC08"", ""AIDC09"", ""AIDC10"", ""AIDC11"", ""AIDC12""]",BLOCKED,FCFS_PREDECESSOR_UNRESOLVED,,,81303.1430655342,81303.1430655342
8051506,PENDING,,,91,1,V10::T3_ISOTONIC_ROLLING14_calibrated,,,False,V42_COMMON_FCFS_FIXED_SITE_TIEBREAK_V1,"[""AIDC01"", ""AIDC02"", ""AIDC03"", ""AIDC04"", ""AIDC05"", ""AIDC06"", ""AIDC07"", ""AIDC08"", ""AIDC09"", ""AIDC10"", ""AIDC11"", ""AIDC12""]",BLOCKED,FCFS_PREDECESSOR_UNRESOLVED,,,81303.1430655342,81303.1430655342
8051507,PENDING,,,91,1,V10::T3_ISOTONIC_ROLLING14_calibrated,,,False,V42_COMMON_FCFS_FIXED_SITE_TIEBREAK_V1,"[""AIDC01"", ""AIDC02"", ""AIDC03"", ""AIDC04"", ""AIDC05"", ""AIDC06"", ""AIDC07"", ""AIDC08"", ""AIDC09"", ""AIDC10"", ""AIDC11"", ""AIDC12""]",BLOCKED,FCFS_PREDECESSOR_UNRESOLVED,,,81303.1430655342,81303.1430655342
8051508,PENDING,,,91,1,V10::T3_ISOTONIC_ROLLING14_calibrated,,,False,V42_COMMON_FCFS_FIXED_SITE_TIEBREAK_V1,"[""AIDC01"", ""AIDC02"", ""AIDC03"", ""AIDC04"", ""AIDC05"", ""AIDC06"", ""AIDC07"", ""AIDC08"", ""AIDC09"", ""AIDC10"", ""AIDC11"", ""AIDC12""]",BLOCKED,FCFS_PREDECESSOR_UNRESOLVED,,,81303.1430655342,81303.1430655342
8051509,PENDING,,,91,1,V10::T3_ISOTONIC_ROLLING14_calibrated,,,False,V42_COMMON_FCFS_FIXED_SITE_TIEBREAK_V1,"[""AIDC01"", ""AIDC02"", ""AIDC03"", ""AIDC04"", ""AIDC05"", ""AIDC06"", ""AIDC07"", ""AIDC08"", ""AIDC09"", ""AIDC10"", ""AIDC11"", ""AIDC12""]",BLOCKED,FCFS_PREDECESSOR_UNRESOLVED,,,81303.1430655342,81303.1430655342
8051510,PENDING,,,91,1,V10::T3_ISOTONIC_ROLLING14_calibrated,,,False,V42_COMMON_FCFS_FIXED_SITE_TIEBREAK_V1,"[""AIDC01"", ""AIDC02"", ""AIDC03"", ""AIDC04"", ""AIDC05"", ""AIDC06"", ""AIDC07"", ""AIDC08"", ""AIDC09"", ""AIDC10"", ""AIDC11"", ""AIDC12""]",BLOCKED,FCFS_PREDECESSOR_UNRESOLVED,,,81303.1430655342,81303.1430655342
8051511,PENDING,,,91,1,V10::T3_ISOTONIC_ROLLING14_calibrated,,,False,V42_COMMON_FCFS_FIXED_SITE_TIEBREAK_V1,"[""AIDC01"", ""AIDC02"", ""AIDC03"", ""AIDC04"", ""AIDC05"", ""AIDC06"", ""AIDC07"", ""AIDC08"", ""AIDC09"", ""AIDC10"", ""AIDC11"", ""AIDC12""]",BLOCKED,FCFS_PREDECESSOR_UNRESOLVED,,,81303.1430655342,81303.1430655342
8051512,PENDING,,,91,1,V10::T3_ISOTONIC_ROLLING14_calibrated,,,False,V42_COMMON_FCFS_FIXED_SITE_TIEBREAK_V1,"[""AIDC01"", ""AIDC02"", ""AIDC03"", ""AIDC04"", ""AIDC05"", ""AIDC06"", ""AIDC07"", ""AIDC08"", ""AIDC09"", ""AIDC10"", ""AIDC11"", ""AIDC12""]",BLOCKED,FCFS_PREDECESSOR_UNRESOLVED,,,81303.1430655342,81303.1430655342
8051513,PENDING,,,91,1,V10::T3_ISOTONIC_ROLLING14_calibrated,,,False,V42_COMMON_FCFS_FIXED_SITE_TIEBREAK_V1,"[""AIDC01"", ""AIDC02"", ""AIDC03"", ""AIDC04"", ""AIDC05"", ""AIDC06"", ""AIDC07"", ""AIDC08"", ""AIDC09"", ""AIDC10"", ""AIDC11"", ""AIDC12""]",BLOCKED,FCFS_PREDECESSOR_UNRESOLVED,,,81303.1430655342,81303.1430655342
8051514,PENDING,,,91,1,V10::T3_ISOTONIC_ROLLING14_calibrated,,,False,V42_COMMON_FCFS_FIXED_SITE_TIEBREAK_V1,"[""AIDC01"", ""AIDC02"", ""AIDC03"", ""AIDC04"", ""AIDC05"", ""AIDC06"", ""AIDC07"", ""AIDC08"", ""AIDC09"", ""AIDC10"", ""AIDC11"", ""AIDC12""]",BLOCKED,FCFS_PREDECESSOR_UNRESOLVED,,,81303.1430655342,81303.1430655342
8051515,PENDING,,,91,1,V10::T3_ISOTONIC_ROLLING14_calibrated,,,False,V42_COMMON_FCFS_FIXED_SITE_TIEBREAK_V1,"[""AIDC01"", ""AIDC02"", ""AIDC03"", ""AIDC04"", ""AIDC05"", ""AIDC06"", ""AIDC07"", ""AIDC08"", ""AIDC09"", ""AIDC10"", ""AIDC11"", ""AIDC12""]",BLOCKED,FCFS_PREDECESSOR_UNRESOLVED,,,81303.1430655342,81303.1430655342
8051516,PENDING,,,91,1,V10::T3_ISOTONIC_ROLLING14_calibrated,,,False,V42_COMMON_FCFS_FIXED_SITE_TIEBREAK_V1,"[""AIDC01"", ""AIDC02"", ""AIDC03"", ""AIDC04"", ""AIDC05"", ""AIDC06"", ""AIDC07"", ""AIDC08"", ""AIDC09"", ""AIDC10"", ""AIDC11"", ""AIDC12""]",BLOCKED,FCFS_PREDECESSOR_UNRESOLVED,,,81303.1430655342,81303.1430655342
8051517,PENDING,,,91,1,V10::T3_ISOTONIC_ROLLING14_calibrated,,,False,V42_COMMON_FCFS_FIXED_SITE_TIEBREAK_V1,"[""AIDC01"", ""AIDC02"", ""AIDC03"", ""AIDC04"", ""AIDC05"", ""AIDC06"", ""AIDC07"", ""AIDC08"", ""AIDC09"", ""AIDC10"", ""AIDC11"", ""AIDC12""]",BLOCKED,FCFS_PREDECESSOR_UNRESOLVED,,,81303.1430655342,81303.1430655342
8051518,PENDING,,,91,1,V10::T3_ISOTONIC_ROLLING14_calibrated,,,False,V42_COMMON_FCFS_FIXED_SITE_TIEBREAK_V1,"[""AIDC01"", ""AIDC02"", ""AIDC03"", ""AIDC04"", ""AIDC05"", ""AIDC06"", ""AIDC07"", ""AIDC08"", ""AIDC09"", ""AIDC10"", ""AIDC11"", ""AIDC12""]",BLOCKED,FCFS_PREDECESSOR_UNRESOLVED,,,81303.1430655342,81303.1430655342
8051519,PENDING,,,91,1,V10::T3_ISOTONIC_ROLLING14_calibrated,,,False,V42_COMMON_FCFS_FIXED_SITE_TIEBREAK_V1,"[""AIDC01"", ""AIDC02"", ""AIDC03"", ""AIDC04"", ""AIDC05"", ""AIDC06"", ""AIDC07"", ""AIDC08"", ""AIDC09"", ""AIDC10"", ""AIDC11"", ""AIDC12""]",BLOCKED,FCFS_PREDECESSOR_UNRESOLVED,,,81303.1430655342,81303.1430655342
8051520,PENDING,,,91,1,V10::T3_ISOTONIC_ROLLING14_calibrated,,,False,V42_COMMON_FCFS_FIXED_SITE_TIEBREAK_V1,"[""AIDC01"", ""AIDC02"", ""AIDC03"", ""AIDC04"", ""AIDC05"", ""AIDC06"", ""AIDC07"", ""AIDC08"", ""AIDC09"", ""AIDC10"", ""AIDC11"", ""AIDC12""]",BLOCKED,FCFS_PREDECESSOR_UNRESOLVED,,,81303.1430655342,81303.1430655342
8051521,PENDING,,,91,1,V10::T3_ISOTONIC_ROLLING14_calibrated,,,False,V42_COMMON_FCFS_FIXED_SITE_TIEBREAK_V1,"[""AIDC01"", ""AIDC02"", ""AIDC03"", ""AIDC04"", ""AIDC05"", ""AIDC06"", ""AIDC07"", ""AIDC08"", ""AIDC09"", ""AIDC10"", ""AIDC11"", ""AIDC12""]",BLOCKED,FCFS_PREDECESSOR_UNRESOLVED,,,81303.1430655342,81303.1430655342
8051522,PENDING,,,91,1,V10::T3_ISOTONIC_ROLLING14_calibrated,,,False,V42_COMMON_FCFS_FIXED_SITE_TIEBREAK_V1,"[""AIDC01"", ""AIDC02"", ""AIDC03"", ""AIDC04"", ""AIDC05"", ""AIDC06"", ""AIDC07"", ""AIDC08"", ""AIDC09"", ""AIDC10"", ""AIDC11"", ""AIDC12""]",BLOCKED,FCFS_PREDECESSOR_UNRESOLVED,,,81303.1430655342,81303.1430655342
8051523,PENDING,,,91,1,V10::T3_ISOTONIC_ROLLING14_calibrated,,,False,V42_COMMON_FCFS_FIXED_SITE_TIEBREAK_V1,"[""AIDC01"", ""AIDC02"", ""AIDC03"", ""AIDC04"", ""AIDC05"", ""AIDC06"", ""AIDC07"", ""AIDC08"", ""AIDC09"", ""AIDC10"", ""AIDC11"", ""AIDC12""]",BLOCKED,FCFS_PREDECESSOR_UNRESOLVED,,,81303.1430655342,81303.1430655342
8051524,PENDING,,,91,1,V10::T3_ISOTONIC_ROLLING14_calibrated,,,False,V42_COMMON_FCFS_FIXED_SITE_TIEBREAK_V1,"[""AIDC01"", ""AIDC02"", ""AIDC03"", ""AIDC04"", ""AIDC05"", ""AIDC06"", ""AIDC07"", ""AIDC08"", ""AIDC09"", ""AIDC10"", ""AIDC11"", ""AIDC12""]",BLOCKED,FCFS_PREDECESSOR_UNRESOLVED,,,81303.1430655342,81303.1430655342
8051525,PENDING,,,91,1,V10::T3_ISOTONIC_ROLLING14_calibrated,,,False,V42_COMMON_FCFS_FIXED_SITE_TIEBREAK_V1,"[""AIDC01"", ""AIDC02"", ""AIDC03"", ""AIDC04"", ""AIDC05"", ""AIDC06"", ""AIDC07"", ""AIDC08"", ""AIDC09"", ""AIDC10"", ""AIDC11"", ""AIDC12""]",BLOCKED,FCFS_PREDECESSOR_UNRESOLVED,,,81303.1430655342,81303.1430655342
8051526,PENDING,,,91,1,V10::T3_ISOTONIC_ROLLING14_calibrated,,,False,V42_COMMON_FCFS_FIXED_SITE_TIEBREAK_V1,"[""AIDC01"", ""AIDC02"", ""AIDC03"", ""AIDC04"", ""AIDC05"", ""AIDC06"", ""AIDC07"", ""AIDC08"", ""AIDC09"", ""AIDC10"", ""AIDC11"", ""AIDC12""]",BLOCKED,FCFS_PREDECESSOR_UNRESOLVED,,,81303.1430655342,81303.1430655342
8051527,PENDING,,,91,1,V10::T3_ISOTONIC_ROLLING14_calibrated,,,False,V42_COMMON_FCFS_FIXED_SITE_TIEBREAK_V1,"[""AIDC01"", ""AIDC02"", ""AIDC03"", ""AIDC04"", ""AIDC05"", ""AIDC06"", ""AIDC07"", ""AIDC08"", ""AIDC09"", ""AIDC10"", ""AIDC11"", ""AIDC12""]",BLOCKED,FCFS_PREDECESSOR_UNRESOLVED,,,81303.1430655342,81303.1430655342
8051528,PENDING,,,91,1,V10::T3_ISOTONIC_ROLLING14_calibrated,,,False,V42_COMMON_FCFS_FIXED_SITE_TIEBREAK_V1,"[""AIDC01"", ""AIDC02"", ""AIDC03"", ""AIDC04"", ""AIDC05"", ""AIDC06"", ""AIDC07"", ""AIDC08"", ""AIDC09"", ""AIDC10"", ""AIDC11"", ""AIDC12""]",BLOCKED,FCFS_PREDECESSOR_UNRESOLVED,,,81303.1430655342,81303.1430655342
8051529,PENDING,,,91,1,V10::T3_ISOTONIC_ROLLING14_calibrated,,,False,V42_COMMON_FCFS_FIXED_SITE_TIEBREAK_V1,"[""AIDC01"", ""AIDC02"", ""AIDC03"", ""AIDC04"", ""AIDC05"", ""AIDC06"", ""AIDC07"", ""AIDC08"", ""AIDC09"", ""AIDC10"", ""AIDC11"", ""AIDC12""]",BLOCKED,FCFS_PREDECESSOR_UNRESOLVED,,,81303.1430655342,81303.1430655342
8051530,PENDING,,,91,1,V10::T3_ISOTONIC_ROLLING14_calibrated,,,False,V42_COMMON_FCFS_FIXED_SITE_TIEBREAK_V1,"[""AIDC01"", ""AIDC02"", ""AIDC03"", ""AIDC04"", ""AIDC05"", ""AIDC06"", ""AIDC07"", ""AIDC08"", ""AIDC09"", ""AIDC10"", ""AIDC11"", ""AIDC12""]",BLOCKED,FCFS_PREDECESSOR_UNRESOLVED,,,81303.1430655342,81303.1430655342
8051531,PENDING,,,91,1,V10::T3_ISOTONIC_ROLLING14_calibrated,,,False,V42_COMMON_FCFS_FIXED_SITE_TIEBREAK_V1,"[""AIDC01"", ""AIDC02"", ""AIDC03"", ""AIDC04"", ""AIDC05"", ""AIDC06"", ""AIDC07"", ""AIDC08"", ""AIDC09"", ""AIDC10"", ""AIDC11"", ""AIDC12""]",BLOCKED,FCFS_PREDECESSOR_UNRESOLVED,,,81303.1430655342,81303.1430655342
8051532,PENDING,,,91,1,V10::T3_ISOTONIC_ROLLING14_calibrated,,,False,V42_COMMON_FCFS_FIXED_SITE_TIEBREAK_V1,"[""AIDC01"", ""AIDC02"", ""AIDC03"", ""AIDC04"", ""AIDC05"", ""AIDC06"", ""AIDC07"", ""AIDC08"", ""AIDC09"", ""AIDC10"", ""AIDC11"", ""AIDC12""]",BLOCKED,FCFS_PREDECESSOR_UNRESOLVED,,,81303.1430655342,81303.1430655342
8051533,PENDING,,,91,1,V10::T3_ISOTONIC_ROLLING14_calibrated,,,False,V42_COMMON_FCFS_FIXED_SITE_TIEBREAK_V1,"[""AIDC01"", ""AIDC02"", ""AIDC03"", ""AIDC04"", ""AIDC05"", ""AIDC06"", ""AIDC07"", ""AIDC08"", ""AIDC09"", ""AIDC10"", ""AIDC11"", ""AIDC12""]",BLOCKED,FCFS_PREDECESSOR_UNRESOLVED,,,81303.1430655342,81303.1430655342
8051534,PENDING,,,91,1,V10::T3_ISOTONIC_ROLLING14_calibrated,,,False,V42_COMMON_FCFS_FIXED_SITE_TIEBREAK_V1,"[""AIDC01"", ""AIDC02"", ""AIDC03"", ""AIDC04"", ""AIDC05"", ""AIDC06"", ""AIDC07"", ""AIDC08"", ""AIDC09"", ""AIDC10"", ""AIDC11"", ""AIDC12""]",BLOCKED,FCFS_PREDECESSOR_UNRESOLVED,,,81303.1430655342,81303.1430655342
8051536,PENDING,,,91,1,V10::T3_ISOTONIC_ROLLING14_calibrated,,,False,V42_COMMON_FCFS_FIXED_SITE_TIEBREAK_V1,"[""AIDC01"", ""AIDC02"", ""AIDC03"", ""AIDC04"", ""AIDC05"", ""AIDC06"", ""AIDC07"", ""AIDC08"", ""AIDC09"", ""AIDC10"", ""AIDC11"", ""AIDC12""]",BLOCKED,FCFS_PREDECESSOR_UNRESOLVED,,,81303.1430655342,81303.1430655342
8051537,PENDING,,,91,1,V10::T3_ISOTONIC_ROLLING14_calibrated,,,False,V42_COMMON_FCFS_FIXED_SITE_TIEBREAK_V1,"[""AIDC01"", ""AIDC02"", ""AIDC03"", ""AIDC04"", ""AIDC05"", ""AIDC06"", ""AIDC07"", ""AIDC08"", ""AIDC09"", ""AIDC10"", ""AIDC11"", ""AIDC12""]",BLOCKED,FCFS_PREDECESSOR_UNRESOLVED,,,81303.1430655342,81303.1430655342
8051538,PENDING,,,91,1,V10::T3_ISOTONIC_ROLLING14_calibrated,,,False,V42_COMMON_FCFS_FIXED_SITE_TIEBREAK_V1,"[""AIDC01"", ""AIDC02"", ""AIDC03"", ""AIDC04"", ""AIDC05"", ""AIDC06"", ""AIDC07"", ""AIDC08"", ""AIDC09"", ""AIDC10"", ""AIDC11"", ""AIDC12""]",BLOCKED,FCFS_PREDECESSOR_UNRESOLVED,,,81303.1430655342,81303.1430655342
8051539,PENDING,,,91,1,V10::T3_ISOTONIC_ROLLING14_calibrated,,,False,V42_COMMON_FCFS_FIXED_SITE_TIEBREAK_V1,"[""AIDC01"", ""AIDC02"", ""AIDC03"", ""AIDC04"", ""AIDC05"", ""AIDC06"", ""AIDC07"", ""AIDC08"", ""AIDC09"", ""AIDC10"", ""AIDC11"", ""AIDC12""]",BLOCKED,FCFS_PREDECESSOR_UNRESOLVED,,,81303.1430655342,81303.1430655342
8051540,PENDING,,,91,1,V10::T3_ISOTONIC_ROLLING14_calibrated,,,False,V42_COMMON_FCFS_FIXED_SITE_TIEBREAK_V1,"[""AIDC01"", ""AIDC02"", ""AIDC03"", ""AIDC04"", ""AIDC05"", ""AIDC06"", ""AIDC07"", ""AIDC08"", ""AIDC09"", ""AIDC10"", ""AIDC11"", ""AIDC12""]",BLOCKED,FCFS_PREDECESSOR_UNRESOLVED,,,81303.1430655342,81303.1430655342
8051541,PENDING,,,91,1,V10::T3_ISOTONIC_ROLLING14_calibrated,,,False,V42_COMMON_FCFS_FIXED_SITE_TIEBREAK_V1,"[""AIDC01"", ""AIDC02"", ""AIDC03"", ""AIDC04"", ""AIDC05"", ""AIDC06"", ""AIDC07"", ""AIDC08"", ""AIDC09"", ""AIDC10"", ""AIDC11"", ""AIDC12""]",BLOCKED,FCFS_PREDECESSOR_UNRESOLVED,,,81303.1430655342,81303.1430655342
8051542,PENDING,,,91,1,V10::T3_ISOTONIC_ROLLING14_calibrated,,,False,V42_COMMON_FCFS_FIXED_SITE_TIEBREAK_V1,"[""AIDC01"", ""AIDC02"", ""AIDC03"", ""AIDC04"", ""AIDC05"", ""AIDC06"", ""AIDC07"", ""AIDC08"", ""AIDC09"", ""AIDC10"", ""AIDC11"", ""AIDC12""]",BLOCKED,FCFS_PREDECESSOR_UNRESOLVED,,,81303.1430655342,81303.1430655342
8051543,PENDING,,,91,1,V10::T3_ISOTONIC_ROLLING14_calibrated,,,False,V42_COMMON_FCFS_FIXED_SITE_TIEBREAK_V1,"[""AIDC01"", ""AIDC02"", ""AIDC03"", ""AIDC04"", ""AIDC05"", ""AIDC06"", ""AIDC07"", ""AIDC08"", ""AIDC09"", ""AIDC10"", ""AIDC11"", ""AIDC12""]",BLOCKED,FCFS_PREDECESSOR_UNRESOLVED,,,81303.1430655342,81303.1430655342
8051544,PENDING,,,91,1,V10::T3_ISOTONIC_ROLLING14_calibrated,,,False,V42_COMMON_FCFS_FIXED_SITE_TIEBREAK_V1,"[""AIDC01"", ""AIDC02"", ""AIDC03"", ""AIDC04"", ""AIDC05"", ""AIDC06"", ""AIDC07"", ""AIDC08"", ""AIDC09"", ""AIDC10"", ""AIDC11"", ""AIDC12""]",BLOCKED,FCFS_PREDECESSOR_UNRESOLVED,,,81303.1430655342,81303.1430655342
8051545,PENDING,,,91,1,V10::T3_ISOTONIC_ROLLING14_calibrated,,,False,V42_COMMON_FCFS_FIXED_SITE_TIEBREAK_V1,"[""AIDC01"", ""AIDC02"", ""AIDC03"", ""AIDC04"", ""AIDC05"", ""AIDC06"", ""AIDC07"", ""AIDC08"", ""AIDC09"", ""AIDC10"", ""AIDC11"", ""AIDC12""]",BLOCKED,FCFS_PREDECESSOR_UNRESOLVED,,,81303.1430655342,81303.1430655342
8051546,PENDING,,,91,1,V10::T3_ISOTONIC_ROLLING14_calibrated,,,False,V42_COMMON_FCFS_FIXED_SITE_TIEBREAK_V1,"[""AIDC01"", ""AIDC02"", ""AIDC03"", ""AIDC04"", ""AIDC05"", ""AIDC06"", ""AIDC07"", ""AIDC08"", ""AIDC09"", ""AIDC10"", ""AIDC11"", ""AIDC12""]",BLOCKED,FCFS_PREDECESSOR_UNRESOLVED,,,81303.1430655342,81303.1430655342
8051547,PENDING,,,91,1,V10::T3_ISOTONIC_ROLLING14_calibrated,,,False,V42_COMMON_FCFS_FIXED_SITE_TIEBREAK_V1,"[""AIDC01"", ""AIDC02"", ""AIDC03"", ""AIDC04"", ""AIDC05"", ""AIDC06"", ""AIDC07"", ""AIDC08"", ""AIDC09"", ""AIDC10"", ""AIDC11"", ""AIDC12""]",BLOCKED,FCFS_PREDECESSOR_UNRESOLVED,,,81303.1430655342,81303.1430655342
8051548,PENDING,,,91,1,V10::T3_ISOTONIC_ROLLING14_calibrated,,,False,V42_COMMON_FCFS_FIXED_SITE_TIEBREAK_V1,"[""AIDC01"", ""AIDC02"", ""AIDC03"", ""AIDC04"", ""AIDC05"", ""AIDC06"", ""AIDC07"", ""AIDC08"", ""AIDC09"", ""AIDC10"", ""AIDC11"", ""AIDC12""]",BLOCKED,FCFS_PREDECESSOR_UNRESOLVED,,,81303.1430655342,81303.1430655342
8051549,PENDING,,,91,1,V10::T3_ISOTONIC_ROLLING14_calibrated,,,False,V42_COMMON_FCFS_FIXED_SITE_TIEBREAK_V1,"[""AIDC01"", ""AIDC02"", ""AIDC03"", ""AIDC04"", ""AIDC05"", ""AIDC06"", ""AIDC07"", ""AIDC08"", ""AIDC09"", ""AIDC10"", ""AIDC11"", ""AIDC12""]",BLOCKED,FCFS_PREDECESSOR_UNRESOLVED,,,81303.1430655342,81303.1430655342
8051550,PENDING,,,91,1,V10::T3_ISOTONIC_ROLLING14_calibrated,,,False,V42_COMMON_FCFS_FIXED_SITE_TIEBREAK_V1,"[""AIDC01"", ""AIDC02"", ""AIDC03"", ""AIDC04"", ""AIDC05"", ""AIDC06"", ""AIDC07"", ""AIDC08"", ""AIDC09"", ""AIDC10"", ""AIDC11"", ""AIDC12""]",BLOCKED,FCFS_PREDECESSOR_UNRESOLVED,,,81303.1430655342,81303.1430655342
8051551,PENDING,,,91,1,V10::T3_ISOTONIC_ROLLING14_calibrated,,,False,V42_COMMON_FCFS_FIXED_SITE_TIEBREAK_V1,"[""AIDC01"", ""AIDC02"", ""AIDC03"", ""AIDC04"", ""AIDC05"", ""AIDC06"", ""AIDC07"", ""AIDC08"", ""AIDC09"", ""AIDC10"", ""AIDC11"", ""AIDC12""]",BLOCKED,FCFS_PREDECESSOR_UNRESOLVED,,,81303.1430655342,81303.1430655342
8051553,PENDING,,,91,1,V10::T3_ISOTONIC_ROLLING14_calibrated,,,False,V42_COMMON_FCFS_FIXED_SITE_TIEBREAK_V1,"[""AIDC01"", ""AIDC02"", ""AIDC03"", ""AIDC04"", ""AIDC05"", ""AIDC06"", ""AIDC07"", ""AIDC08"", ""AIDC09"", ""AIDC10"", ""AIDC11"", ""AIDC12""]",BLOCKED,FCFS_PREDECESSOR_UNRESOLVED,,,81303.1430655342,81303.1430655342
8051554,PENDING,,,91,1,V10::T3_ISOTONIC_ROLLING14_calibrated,,,False,V42_COMMON_FCFS_FIXED_SITE_TIEBREAK_V1,"[""AIDC01"", ""AIDC02"", ""AIDC03"", ""AIDC04"", ""AIDC05"", ""AIDC06"", ""AIDC07"", ""AIDC08"", ""AIDC09"", ""AIDC10"", ""AIDC11"", ""AIDC12""]",BLOCKED,FCFS_PREDECESSOR_UNRESOLVED,,,81303.1430655342,81303.1430655342
8051555,PENDING,,,91,1,V10::T3_ISOTONIC_ROLLING14_calibrated,,,False,V42_COMMON_FCFS_FIXED_SITE_TIEBREAK_V1,"[""AIDC01"", ""AIDC02"", ""AIDC03"", ""AIDC04"", ""AIDC05"", ""AIDC06"", ""AIDC07"", ""AIDC08"", ""AIDC09"", ""AIDC10"", ""AIDC11"", ""AIDC12""]",BLOCKED,FCFS_PREDECESSOR_UNRESOLVED,,,81303.1430655342,81303.1430655342
8051556,PENDING,,,91,1,V10::T3_ISOTONIC_ROLLING14_calibrated,,,False,V42_COMMON_FCFS_FIXED_SITE_TIEBREAK_V1,"[""AIDC01"", ""AIDC02"", ""AIDC03"", ""AIDC04"", ""AIDC05"", ""AIDC06"", ""AIDC07"", ""AIDC08"", ""AIDC09"", ""AIDC10"", ""AIDC11"", ""AIDC12""]",BLOCKED,FCFS_PREDECESSOR_UNRESOLVED,,,81303.1430655342,81303.1430655342
8051557,PENDING,,,91,1,V10::T3_ISOTONIC_ROLLING14_calibrated,,,False,V42_COMMON_FCFS_FIXED_SITE_TIEBREAK_V1,"[""AIDC01"", ""AIDC02"", ""AIDC03"", ""AIDC04"", ""AIDC05"", ""AIDC06"", ""AIDC07"", ""AIDC08"", ""AIDC09"", ""AIDC10"", ""AIDC11"", ""AIDC12""]",BLOCKED,FCFS_PREDECESSOR_UNRESOLVED,,,81303.1430655342,81303.1430655342
8051558,PENDING,,,91,1,V10::T3_ISOTONIC_ROLLING14_calibrated,,,False,V42_COMMON_FCFS_FIXED_SITE_TIEBREAK_V1,"[""AIDC01"", ""AIDC02"", ""AIDC03"", ""AIDC04"", ""AIDC05"", ""AIDC06"", ""AIDC07"", ""AIDC08"", ""AIDC09"", ""AIDC10"", ""AIDC11"", ""AIDC12""]",BLOCKED,FCFS_PREDECESSOR_UNRESOLVED,,,81303.1430655342,81303.1430655342
8051559,PENDING,,,91,1,V10::T3_ISOTONIC_ROLLING14_calibrated,,,False,V42_COMMON_FCFS_FIXED_SITE_TIEBREAK_V1,"[""AIDC01"", ""AIDC02"", ""AIDC03"", ""AIDC04"", ""AIDC05"", ""AIDC06"", ""AIDC07"", ""AIDC08"", ""AIDC09"", ""AIDC10"", ""AIDC11"", ""AIDC12""]",BLOCKED,FCFS_PREDECESSOR_UNRESOLVED,,,81303.1430655342,81303.1430655342
8051560,PENDING,,,91,1,V10::T3_ISOTONIC_ROLLING14_calibrated,,,False,V42_COMMON_FCFS_FIXED_SITE_TIEBREAK_V1,"[""AIDC01"", ""AIDC02"", ""AIDC03"", ""AIDC04"", ""AIDC05"", ""AIDC06"", ""AIDC07"", ""AIDC08"", ""AIDC09"", ""AIDC10"", ""AIDC11"", ""AIDC12""]",BLOCKED,FCFS_PREDECESSOR_UNRESOLVED,,,81303.1430655342,81303.1430655342
8051561,PENDING,,,91,1,V10::T3_ISOTONIC_ROLLING14_calibrated,,,False,V42_COMMON_FCFS_FIXED_SITE_TIEBREAK_V1,"[""AIDC01"", ""AIDC02"", ""AIDC03"", ""AIDC04"", ""AIDC05"", ""AIDC06"", ""AIDC07"", ""AIDC08"", ""AIDC09"", ""AIDC10"", ""AIDC11"", ""AIDC12""]",BLOCKED,FCFS_PREDECESSOR_UNRESOLVED,,,81303.1430655342,81303.1430655342
8051562,PENDING,,,91,1,V10::T3_ISOTONIC_ROLLING14_calibrated,,,False,V42_COMMON_FCFS_FIXED_SITE_TIEBREAK_V1,"[""AIDC01"", ""AIDC02"", ""AIDC03"", ""AIDC04"", ""AIDC05"", ""AIDC06"", ""AIDC07"", ""AIDC08"", ""AIDC09"", ""AIDC10"", ""AIDC11"", ""AIDC12""]",BLOCKED,FCFS_PREDECESSOR_UNRESOLVED,,,81303.1430655342,81303.1430655342
8051563,PENDING,,,91,1,V10::T3_ISOTONIC_ROLLING14_calibrated,,,False,V42_COMMON_FCFS_FIXED_SITE_TIEBREAK_V1,"[""AIDC01"", ""AIDC02"", ""AIDC03"", ""AIDC04"", ""AIDC05"", ""AIDC06"", ""AIDC07"", ""AIDC08"", ""AIDC09"", ""AIDC10"", ""AIDC11"", ""AIDC12""]",BLOCKED,FCFS_PREDECESSOR_UNRESOLVED,,,81303.1430655342,81303.1430655342
8051564,PENDING,,,91,1,V10::T3_ISOTONIC_ROLLING14_calibrated,,,False,V42_COMMON_FCFS_FIXED_SITE_TIEBREAK_V1,"[""AIDC01"", ""AIDC02"", ""AIDC03"", ""AIDC04"", ""AIDC05"", ""AIDC06"", ""AIDC07"", ""AIDC08"", ""AIDC09"", ""AIDC10"", ""AIDC11"", ""AIDC12""]",BLOCKED,FCFS_PREDECESSOR_UNRESOLVED,,,81303.1430655342,81303.1430655342
8051565,PENDING,,,91,1,V10::T3_ISOTONIC_ROLLING14_calibrated,,,False,V42_COMMON_FCFS_FIXED_SITE_TIEBREAK_V1,"[""AIDC01"", ""AIDC02"", ""AIDC03"", ""AIDC04"", ""AIDC05"", ""AIDC06"", ""AIDC07"", ""AIDC08"", ""AIDC09"", ""AIDC10"", ""AIDC11"", ""AIDC12""]",BLOCKED,FCFS_PREDECESSOR_UNRESOLVED,,,81303.1430655342,81303.1430655342
8051566,PENDING,,,91,1,V10::T3_ISOTONIC_ROLLING14_calibrated,,,False,V42_COMMON_FCFS_FIXED_SITE_TIEBREAK_V1,"[""AIDC01"", ""AIDC02"", ""AIDC03"", ""AIDC04"", ""AIDC05"", ""AIDC06"", ""AIDC07"", ""AIDC08"", ""AIDC09"", ""AIDC10"", ""AIDC11"", ""AIDC12""]",BLOCKED,FCFS_PREDECESSOR_UNRESOLVED,,,81303.1430655342,81303.1430655342
8051567,PENDING,,,91,1,V10::T3_ISOTONIC_ROLLING14_calibrated,,,False,V42_COMMON_FCFS_FIXED_SITE_TIEBREAK_V1,"[""AIDC01"", ""AIDC02"", ""AIDC03"", ""AIDC04"", ""AIDC05"", ""AIDC06"", ""AIDC07"", ""AIDC08"", ""AIDC09"", ""AIDC10"", ""AIDC11"", ""AIDC12""]",BLOCKED,FCFS_PREDECESSOR_UNRESOLVED,,,81303.1430655342,81303.1430655342
8051568,PENDING,,,91,1,V10::T3_ISOTONIC_ROLLING14_calibrated,,,False,V42_COMMON_FCFS_FIXED_SITE_TIEBREAK_V1,"[""AIDC01"", ""AIDC02"", ""AIDC03"", ""AIDC04"", ""AIDC05"", ""AIDC06"", ""AIDC07"", ""AIDC08"", ""AIDC09"", ""AIDC10"", ""AIDC11"", ""AIDC12""]",BLOCKED,FCFS_PREDECESSOR_UNRESOLVED,,,81303.1430655342,81303.1430655342
8051569,PENDING,,,91,1,V10::T3_ISOTONIC_ROLLING14_calibrated,,,False,V42_COMMON_FCFS_FIXED_SITE_TIEBREAK_V1,"[""AIDC01"", ""AIDC02"", ""AIDC03"", ""AIDC04"", ""AIDC05"", ""AIDC06"", ""AIDC07"", ""AIDC08"", ""AIDC09"", ""AIDC10"", ""AIDC11"", ""AIDC12""]",BLOCKED,FCFS_PREDECESSOR_UNRESOLVED,,,81303.1430655342,81303.1430655342
8051570,PENDING,,,91,1,V10::T3_ISOTONIC_ROLLING14_calibrated,,,False,V42_COMMON_FCFS_FIXED_SITE_TIEBREAK_V1,"[""AIDC01"", ""AIDC02"", ""AIDC03"", ""AIDC04"", ""AIDC05"", ""AIDC06"", ""AIDC07"", ""AIDC08"", ""AIDC09"", ""AIDC10"", ""AIDC11"", ""AIDC12""]",BLOCKED,FCFS_PREDECESSOR_UNRESOLVED,,,81303.1430655342,81303.1430655342
8051571,PENDING,,,91,1,V10::T3_ISOTONIC_ROLLING14_calibrated,,,False,V42_COMMON_FCFS_FIXED_SITE_TIEBREAK_V1,"[""AIDC01"", ""AIDC02"", ""AIDC03"", ""AIDC04"", ""AIDC05"", ""AIDC06"", ""AIDC07"", ""AIDC08"", ""AIDC09"", ""AIDC10"", ""AIDC11"", ""AIDC12""]",BLOCKED,FCFS_PREDECESSOR_UNRESOLVED,,,81303.1430655342,81303.1430655342
8051572,PENDING,,,91,1,V10::T3_ISOTONIC_ROLLING14_calibrated,,,False,V42_COMMON_FCFS_FIXED_SITE_TIEBREAK_V1,"[""AIDC01"", ""AIDC02"", ""AIDC03"", ""AIDC04"", ""AIDC05"", ""AIDC06"", ""AIDC07"", ""AIDC08"", ""AIDC09"", ""AIDC10"", ""AIDC11"", ""AIDC12""]",BLOCKED,FCFS_PREDECESSOR_UNRESOLVED,,,81303.1430655342,81303.1430655342
8051573,PENDING,,,91,1,V10::T3_ISOTONIC_ROLLING14_calibrated,,,False,V42_COMMON_FCFS_FIXED_SITE_TIEBREAK_V1,"[""AIDC01"", ""AIDC02"", ""AIDC03"", ""AIDC04"", ""AIDC05"", ""AIDC06"", ""AIDC07"", ""AIDC08"", ""AIDC09"", ""AIDC10"", ""AIDC11"", ""AIDC12""]",BLOCKED,FCFS_PREDECESSOR_UNRESOLVED,,,81303.1430655342,81303.1430655342
8051574,PENDING,,,91,1,V10::T3_ISOTONIC_ROLLING14_calibrated,,,False,V42_COMMON_FCFS_FIXED_SITE_TIEBREAK_V1,"[""AIDC01"", ""AIDC02"", ""AIDC03"", ""AIDC04"", ""AIDC05"", ""AIDC06"", ""AIDC07"", ""AIDC08"", ""AIDC09"", ""AIDC10"", ""AIDC11"", ""AIDC12""]",BLOCKED,FCFS_PREDECESSOR_UNRESOLVED,,,81303.1430655342,81303.1430655342
8051575,PENDING,,,91,1,V10::T3_ISOTONIC_ROLLING14_calibrated,,,False,V42_COMMON_FCFS_FIXED_SITE_TIEBREAK_V1,"[""AIDC01"", ""AIDC02"", ""AIDC03"", ""AIDC04"", ""AIDC05"", ""AIDC06"", ""AIDC07"", ""AIDC08"", ""AIDC09"", ""AIDC10"", ""AIDC11"", ""AIDC12""]",BLOCKED,FCFS_PREDECESSOR_UNRESOLVED,,,81303.1430655342,81303.1430655342
8051576,PENDING,,,91,1,V10::T3_ISOTONIC_ROLLING14_calibrated,,,False,V42_COMMON_FCFS_FIXED_SITE_TIEBREAK_V1,"[""AIDC01"", ""AIDC02"", ""AIDC03"", ""AIDC04"", ""AIDC05"", ""AIDC06"", ""AIDC07"", ""AIDC08"", ""AIDC09"", ""AIDC10"", ""AIDC11"", ""AIDC12""]",BLOCKED,FCFS_PREDECESSOR_UNRESOLVED,,,81303.1430655342,81303.1430655342
8051577,PENDING,,,91,1,V10::T3_ISOTONIC_ROLLING14_calibrated,,,False,V42_COMMON_FCFS_FIXED_SITE_TIEBREAK_V1,"[""AIDC01"", ""AIDC02"", ""AIDC03"", ""AIDC04"", ""AIDC05"", ""AIDC06"", ""AIDC07"", ""AIDC08"", ""AIDC09"", ""AIDC10"", ""AIDC11"", ""AIDC12""]",BLOCKED,FCFS_PREDECESSOR_UNRESOLVED,,,81303.1430655342,81303.1430655342
8051578,PENDING,,,91,1,V10::T3_ISOTONIC_ROLLING14_calibrated,,,False,V42_COMMON_FCFS_FIXED_SITE_TIEBREAK_V1,"[""AIDC01"", ""AIDC02"", ""AIDC03"", ""AIDC04"", ""AIDC05"", ""AIDC06"", ""AIDC07"", ""AIDC08"", ""AIDC09"", ""AIDC10"", ""AIDC11"", ""AIDC12""]",BLOCKED,FCFS_PREDECESSOR_UNRESOLVED,,,81303.1430655342,81303.1430655342
8051579,PENDING,,,91,1,V10::T3_ISOTONIC_ROLLING14_calibrated,,,False,V42_COMMON_FCFS_FIXED_SITE_TIEBREAK_V1,"[""AIDC01"", ""AIDC02"", ""AIDC03"", ""AIDC04"", ""AIDC05"", ""AIDC06"", ""AIDC07"", ""AIDC08"", ""AIDC09"", ""AIDC10"", ""AIDC11"", ""AIDC12""]",BLOCKED,FCFS_PREDECESSOR_UNRESOLVED,,,81303.1430655342,81303.1430655342
8051580,PENDING,,,91,1,V10::T3_ISOTONIC_ROLLING14_calibrated,,,False,V42_COMMON_FCFS_FIXED_SITE_TIEBREAK_V1,"[""AIDC01"", ""AIDC02"", ""AIDC03"", ""AIDC04"", ""AIDC05"", ""AIDC06"", ""AIDC07"", ""AIDC08"", ""AIDC09"", ""AIDC10"", ""AIDC11"", ""AIDC12""]",BLOCKED,FCFS_PREDECESSOR_UNRESOLVED,,,81303.1430655342,81303.1430655342
8051581,PENDING,,,91,1,V10::T3_ISOTONIC_ROLLING14_calibrated,,,False,V42_COMMON_FCFS_FIXED_SITE_TIEBREAK_V1,"[""AIDC01"", ""AIDC02"", ""AIDC03"", ""AIDC04"", ""AIDC05"", ""AIDC06"", ""AIDC07"", ""AIDC08"", ""AIDC09"", ""AIDC10"", ""AIDC11"", ""AIDC12""]",BLOCKED,FCFS_PREDECESSOR_UNRESOLVED,,,81303.1430655342,81303.1430655342
8051582,PENDING,,,91,1,V10::T3_ISOTONIC_ROLLING14_calibrated,,,False,V42_COMMON_FCFS_FIXED_SITE_TIEBREAK_V1,"[""AIDC01"", ""AIDC02"", ""AIDC03"", ""AIDC04"", ""AIDC05"", ""AIDC06"", ""AIDC07"", ""AIDC08"", ""AIDC09"", ""AIDC10"", ""AIDC11"", ""AIDC12""]",BLOCKED,FCFS_PREDECESSOR_UNRESOLVED,,,81303.1430655342,81303.1430655342
8051583,PENDING,,,91,1,V10::T3_ISOTONIC_ROLLING14_calibrated,,,False,V42_COMMON_FCFS_FIXED_SITE_TIEBREAK_V1,"[""AIDC01"", ""AIDC02"", ""AIDC03"", ""AIDC04"", ""AIDC05"", ""AIDC06"", ""AIDC07"", ""AIDC08"", ""AIDC09"", ""AIDC10"", ""AIDC11"", ""AIDC12""]",BLOCKED,FCFS_PREDECESSOR_UNRESOLVED,,,81303.1430655342,81303.1430655342
8051584,PENDING,,,91,1,V10::T3_ISOTONIC_ROLLING14_calibrated,,,False,V42_COMMON_FCFS_FIXED_SITE_TIEBREAK_V1,"[""AIDC01"", ""AIDC02"", ""AIDC03"", ""AIDC04"", ""AIDC05"", ""AIDC06"", ""AIDC07"", ""AIDC08"", ""AIDC09"", ""AIDC10"", ""AIDC11"", ""AIDC12""]",BLOCKED,FCFS_PREDECESSOR_UNRESOLVED,,,81303.1430655342,81303.1430655342
8051585,PENDING,,,91,1,V10::T3_ISOTONIC_ROLLING14_calibrated,,,False,V42_COMMON_FCFS_FIXED_SITE_TIEBREAK_V1,"[""AIDC01"", ""AIDC02"", ""AIDC03"", ""AIDC04"", ""AIDC05"", ""AIDC06"", ""AIDC07"", ""AIDC08"", ""AIDC09"", ""AIDC10"", ""AIDC11"", ""AIDC12""]",BLOCKED,FCFS_PREDECESSOR_UNRESOLVED,,,81303.1430655342,81303.1430655342
8051586,PENDING,,,91,1,V10::T3_ISOTONIC_ROLLING14_calibrated,,,False,V42_COMMON_FCFS_FIXED_SITE_TIEBREAK_V1,"[""AIDC01"", ""AIDC02"", ""AIDC03"", ""AIDC04"", ""AIDC05"", ""AIDC06"", ""AIDC07"", ""AIDC08"", ""AIDC09"", ""AIDC10"", ""AIDC11"", ""AIDC12""]",BLOCKED,FCFS_PREDECESSOR_UNRESOLVED,,,81303.1430655342,81303.1430655342
8051587,PENDING,,,91,1,V10::T3_ISOTONIC_ROLLING14_calibrated,,,False,V42_COMMON_FCFS_FIXED_SITE_TIEBREAK_V1,"[""AIDC01"", ""AIDC02"", ""AIDC03"", ""AIDC04"", ""AIDC05"", ""AIDC06"", ""AIDC07"", ""AIDC08"", ""AIDC09"", ""AIDC10"", ""AIDC11"", ""AIDC12""]",BLOCKED,FCFS_PREDECESSOR_UNRESOLVED,,,81303.1430655342,81303.1430655342
8051588,PENDING,,,91,1,V10::T3_ISOTONIC_ROLLING14_calibrated,,,False,V42_COMMON_FCFS_FIXED_SITE_TIEBREAK_V1,"[""AIDC01"", ""AIDC02"", ""AIDC03"", ""AIDC04"", ""AIDC05"", ""AIDC06"", ""AIDC07"", ""AIDC08"", ""AIDC09"", ""AIDC10"", ""AIDC11"", ""AIDC12""]",BLOCKED,FCFS_PREDECESSOR_UNRESOLVED,,,81303.1430655342,81303.1430655342
8051589,PENDING,,,91,1,V10::T3_ISOTONIC_ROLLING14_calibrated,,,False,V42_COMMON_FCFS_FIXED_SITE_TIEBREAK_V1,"[""AIDC01"", ""AIDC02"", ""AIDC03"", ""AIDC04"", ""AIDC05"", ""AIDC06"", ""AIDC07"", ""AIDC08"", ""AIDC09"", ""AIDC10"", ""AIDC11"", ""AIDC12""]",BLOCKED,FCFS_PREDECESSOR_UNRESOLVED,,,81303.1430655342,81303.1430655342
8051590,PENDING,,,91,1,V10::T3_ISOTONIC_ROLLING14_calibrated,,,False,V42_COMMON_FCFS_FIXED_SITE_TIEBREAK_V1,"[""AIDC01"", ""AIDC02"", ""AIDC03"", ""AIDC04"", ""AIDC05"", ""AIDC06"", ""AIDC07"", ""AIDC08"", ""AIDC09"", ""AIDC10"", ""AIDC11"", ""AIDC12""]",BLOCKED,FCFS_PREDECESSOR_UNRESOLVED,,,81303.1430655342,81303.1430655342
8051591,PENDING,,,91,1,V10::T3_ISOTONIC_ROLLING14_calibrated,,,False,V42_COMMON_FCFS_FIXED_SITE_TIEBREAK_V1,"[""AIDC01"", ""AIDC02"", ""AIDC03"", ""AIDC04"", ""AIDC05"", ""AIDC06"", ""AIDC07"", ""AIDC08"", ""AIDC09"", ""AIDC10"", ""AIDC11"", ""AIDC12""]",BLOCKED,FCFS_PREDECESSOR_UNRESOLVED,,,81303.1430655342,81303.1430655342
8051592,PENDING,,,91,1,V10::T3_ISOTONIC_ROLLING14_calibrated,,,False,V42_COMMON_FCFS_FIXED_SITE_TIEBREAK_V1,"[""AIDC01"", ""AIDC02"", ""AIDC03"", ""AIDC04"", ""AIDC05"", ""AIDC06"", ""AIDC07"", ""AIDC08"", ""AIDC09"", ""AIDC10"", ""AIDC11"", ""AIDC12""]",BLOCKED,FCFS_PREDECESSOR_UNRESOLVED,,,81303.1430655342,81303.1430655342
8051593,PENDING,,,91,1,V10::T3_ISOTONIC_ROLLING14_calibrated,,,False,V42_COMMON_FCFS_FIXED_SITE_TIEBREAK_V1,"[""AIDC01"", ""AIDC02"", ""AIDC03"", ""AIDC04"", ""AIDC05"", ""AIDC06"", ""AIDC07"", ""AIDC08"", ""AIDC09"", ""AIDC10"", ""AIDC11"", ""AIDC12""]",BLOCKED,FCFS_PREDECESSOR_UNRESOLVED,,,81303.1430655342,81303.1430655342
8051594,PENDING,,,91,1,V10::T3_ISOTONIC_ROLLING14_calibrated,,,False,V42_COMMON_FCFS_FIXED_SITE_TIEBREAK_V1,"[""AIDC01"", ""AIDC02"", ""AIDC03"", ""AIDC04"", ""AIDC05"", ""AIDC06"", ""AIDC07"", ""AIDC08"", ""AIDC09"", ""AIDC10"", ""AIDC11"", ""AIDC12""]",BLOCKED,FCFS_PREDECESSOR_UNRESOLVED,,,81303.1430655342,81303.1430655342
8051595,PENDING,,,91,1,V10::T3_ISOTONIC_ROLLING14_calibrated,,,False,V42_COMMON_FCFS_FIXED_SITE_TIEBREAK_V1,"[""AIDC01"", ""AIDC02"", ""AIDC03"", ""AIDC04"", ""AIDC05"", ""AIDC06"", ""AIDC07"", ""AIDC08"", ""AIDC09"", ""AIDC10"", ""AIDC11"", ""AIDC12""]",BLOCKED,FCFS_PREDECESSOR_UNRESOLVED,,,81303.1430655342,81303.1430655342
8051596,PENDING,,,91,1,V10::T3_ISOTONIC_ROLLING14_calibrated,,,False,V42_COMMON_FCFS_FIXED_SITE_TIEBREAK_V1,"[""AIDC01"", ""AIDC02"", ""AIDC03"", ""AIDC04"", ""AIDC05"", ""AIDC06"", ""AIDC07"", ""AIDC08"", ""AIDC09"", ""AIDC10"", ""AIDC11"", ""AIDC12""]",BLOCKED,FCFS_PREDECESSOR_UNRESOLVED,,,81303.1430655342,81303.1430655342
8051597,PENDING,,,91,1,V10::T3_ISOTONIC_ROLLING14_calibrated,,,False,V42_COMMON_FCFS_FIXED_SITE_TIEBREAK_V1,"[""AIDC01"", ""AIDC02"", ""AIDC03"", ""AIDC04"", ""AIDC05"", ""AIDC06"", ""AIDC07"", ""AIDC08"", ""AIDC09"", ""AIDC10"", ""AIDC11"", ""AIDC12""]",BLOCKED,FCFS_PREDECESSOR_UNRESOLVED,,,81303.1430655342,81303.1430655342
8051598,PENDING,,,91,1,V10::T3_ISOTONIC_ROLLING14_calibrated,,,False,V42_COMMON_FCFS_FIXED_SITE_TIEBREAK_V1,"[""AIDC01"", ""AIDC02"", ""AIDC03"", ""AIDC04"", ""AIDC05"", ""AIDC06"", ""AIDC07"", ""AIDC08"", ""AIDC09"", ""AIDC10"", ""AIDC11"", ""AIDC12""]",BLOCKED,FCFS_PREDECESSOR_UNRESOLVED,,,81303.1430655342,81303.1430655342
8051599,PENDING,,,91,1,V10::T3_ISOTONIC_ROLLING14_calibrated,,,False,V42_COMMON_FCFS_FIXED_SITE_TIEBREAK_V1,"[""AIDC01"", ""AIDC02"", ""AIDC03"", ""AIDC04"", ""AIDC05"", ""AIDC06"", ""AIDC07"", ""AIDC08"", ""AIDC09"", ""AIDC10"", ""AIDC11"", ""AIDC12""]",BLOCKED,FCFS_PREDECESSOR_UNRESOLVED,,,81303.1430655342,81303.1430655342
8051600,PENDING,,,91,1,V10::T3_ISOTONIC_ROLLING14_calibrated,,,False,V42_COMMON_FCFS_FIXED_SITE_TIEBREAK_V1,"[""AIDC01"", ""AIDC02"", ""AIDC03"", ""AIDC04"", ""AIDC05"", ""AIDC06"", ""AIDC07"", ""AIDC08"", ""AIDC09"", ""AIDC10"", ""AIDC11"", ""AIDC12""]",BLOCKED,FCFS_PREDECESSOR_UNRESOLVED,,,81303.1430655342,81303.1430655342
8051601,PENDING,,,91,1,V10::T3_ISOTONIC_ROLLING14_calibrated,,,False,V42_COMMON_FCFS_FIXED_SITE_TIEBREAK_V1,"[""AIDC01"", ""AIDC02"", ""AIDC03"", ""AIDC04"", ""AIDC05"", ""AIDC06"", ""AIDC07"", ""AIDC08"", ""AIDC09"", ""AIDC10"", ""AIDC11"", ""AIDC12""]",BLOCKED,FCFS_PREDECESSOR_UNRESOLVED,,,81303.1430655342,81303.1430655342
8051602,PENDING,,,91,1,V10::T3_ISOTONIC_ROLLING14_calibrated,,,False,V42_COMMON_FCFS_FIXED_SITE_TIEBREAK_V1,"[""AIDC01"", ""AIDC02"", ""AIDC03"", ""AIDC04"", ""AIDC05"", ""AIDC06"", ""AIDC07"", ""AIDC08"", ""AIDC09"", ""AIDC10"", ""AIDC11"", ""AIDC12""]",BLOCKED,FCFS_PREDECESSOR_UNRESOLVED,,,81303.1430655342,81303.1430655342
8051603,PENDING,,,91,1,V10::T3_ISOTONIC_ROLLING14_calibrated,,,False,V42_COMMON_FCFS_FIXED_SITE_TIEBREAK_V1,"[""AIDC01"", ""AIDC02"", ""AIDC03"", ""AIDC04"", ""AIDC05"", ""AIDC06"", ""AIDC07"", ""AIDC08"", ""AIDC09"", ""AIDC10"", ""AIDC11"", ""AIDC12""]",BLOCKED,FCFS_PREDECESSOR_UNRESOLVED,,,81303.1430655342,81303.1430655342
8051604,PENDING,,,91,1,V10::T3_ISOTONIC_ROLLING14_calibrated,,,False,V42_COMMON_FCFS_FIXED_SITE_TIEBREAK_V1,"[""AIDC01"", ""AIDC02"", ""AIDC03"", ""AIDC04"", ""AIDC05"", ""AIDC06"", ""AIDC07"", ""AIDC08"", ""AIDC09"", ""AIDC10"", ""AIDC11"", ""AIDC12""]",BLOCKED,FCFS_PREDECESSOR_UNRESOLVED,,,81303.1430655342,81303.1430655342
8051605,PENDING,,,91,1,V10::T3_ISOTONIC_ROLLING14_calibrated,,,False,V42_COMMON_FCFS_FIXED_SITE_TIEBREAK_V1,"[""AIDC01"", ""AIDC02"", ""AIDC03"", ""AIDC04"", ""AIDC05"", ""AIDC06"", ""AIDC07"", ""AIDC08"", ""AIDC09"", ""AIDC10"", ""AIDC11"", ""AIDC12""]",BLOCKED,FCFS_PREDECESSOR_UNRESOLVED,,,81303.1430655342,81303.1430655342
8051606,PENDING,,,91,1,V10::T3_ISOTONIC_ROLLING14_calibrated,,,False,V42_COMMON_FCFS_FIXED_SITE_TIEBREAK_V1,"[""AIDC01"", ""AIDC02"", ""AIDC03"", ""AIDC04"", ""AIDC05"", ""AIDC06"", ""AIDC07"", ""AIDC08"", ""AIDC09"", ""AIDC10"", ""AIDC11"", ""AIDC12""]",BLOCKED,FCFS_PREDECESSOR_UNRESOLVED,,,81303.1430655342,81303.1430655342
8051607,PENDING,,,91,1,V10::T3_ISOTONIC_ROLLING14_calibrated,,,False,V42_COMMON_FCFS_FIXED_SITE_TIEBREAK_V1,"[""AIDC01"", ""AIDC02"", ""AIDC03"", ""AIDC04"", ""AIDC05"", ""AIDC06"", ""AIDC07"", ""AIDC08"", ""AIDC09"", ""AIDC10"", ""AIDC11"", ""AIDC12""]",BLOCKED,FCFS_PREDECESSOR_UNRESOLVED,,,81303.1430655342,81303.1430655342
8051608,PENDING,,,91,1,V10::T3_ISOTONIC_ROLLING14_calibrated,,,False,V42_COMMON_FCFS_FIXED_SITE_TIEBREAK_V1,"[""AIDC01"", ""AIDC02"", ""AIDC03"", ""AIDC04"", ""AIDC05"", ""AIDC06"", ""AIDC07"", ""AIDC08"", ""AIDC09"", ""AIDC10"", ""AIDC11"", ""AIDC12""]",BLOCKED,FCFS_PREDECESSOR_UNRESOLVED,,,81303.1430655342,81303.1430655342
8051609,PENDING,,,91,1,V10::T3_ISOTONIC_ROLLING14_calibrated,,,False,V42_COMMON_FCFS_FIXED_SITE_TIEBREAK_V1,"[""AIDC01"", ""AIDC02"", ""AIDC03"", ""AIDC04"", ""AIDC05"", ""AIDC06"", ""AIDC07"", ""AIDC08"", ""AIDC09"", ""AIDC10"", ""AIDC11"", ""AIDC12""]",BLOCKED,FCFS_PREDECESSOR_UNRESOLVED,,,81303.1430655342,81303.1430655342
8051610,PENDING,,,91,1,V10::T3_ISOTONIC_ROLLING14_calibrated,,,False,V42_COMMON_FCFS_FIXED_SITE_TIEBREAK_V1,"[""AIDC01"", ""AIDC02"", ""AIDC03"", ""AIDC04"", ""AIDC05"", ""AIDC06"", ""AIDC07"", ""AIDC08"", ""AIDC09"", ""AIDC10"", ""AIDC11"", ""AIDC12""]",BLOCKED,FCFS_PREDECESSOR_UNRESOLVED,,,81303.1430655342,81303.1430655342
8051611,PENDING,,,91,1,V10::T3_ISOTONIC_ROLLING14_calibrated,,,False,V42_COMMON_FCFS_FIXED_SITE_TIEBREAK_V1,"[""AIDC01"", ""AIDC02"", ""AIDC03"", ""AIDC04"", ""AIDC05"", ""AIDC06"", ""AIDC07"", ""AIDC08"", ""AIDC09"", ""AIDC10"", ""AIDC11"", ""AIDC12""]",BLOCKED,FCFS_PREDECESSOR_UNRESOLVED,,,81303.1430655342,81303.1430655342
8051612,PENDING,,,91,1,V10::T3_ISOTONIC_ROLLING14_calibrated,,,False,V42_COMMON_FCFS_FIXED_SITE_TIEBREAK_V1,"[""AIDC01"", ""AIDC02"", ""AIDC03"", ""AIDC04"", ""AIDC05"", ""AIDC06"", ""AIDC07"", ""AIDC08"", ""AIDC09"", ""AIDC10"", ""AIDC11"", ""AIDC12""]",BLOCKED,FCFS_PREDECESSOR_UNRESOLVED,,,81303.1430655342,81303.1430655342
8051614,PENDING,,,91,1,V10::T3_ISOTONIC_ROLLING14_calibrated,,,False,V42_COMMON_FCFS_FIXED_SITE_TIEBREAK_V1,"[""AIDC01"", ""AIDC02"", ""AIDC03"", ""AIDC04"", ""AIDC05"", ""AIDC06"", ""AIDC07"", ""AIDC08"", ""AIDC09"", ""AIDC10"", ""AIDC11"", ""AIDC12""]",BLOCKED,FCFS_PREDECESSOR_UNRESOLVED,,,81303.1430655342,81303.1430655342
8051615,PENDING,,,91,1,V10::T3_ISOTONIC_ROLLING14_calibrated,,,False,V42_COMMON_FCFS_FIXED_SITE_TIEBREAK_V1,"[""AIDC01"", ""AIDC02"", ""AIDC03"", ""AIDC04"", ""AIDC05"", ""AIDC06"", ""AIDC07"", ""AIDC08"", ""AIDC09"", ""AIDC10"", ""AIDC11"", ""AIDC12""]",BLOCKED,FCFS_PREDECESSOR_UNRESOLVED,,,81303.1430655342,81303.1430655342
8051616,PENDING,,,91,1,V10::T3_ISOTONIC_ROLLING14_calibrated,,,False,V42_COMMON_FCFS_FIXED_SITE_TIEBREAK_V1,"[""AIDC01"", ""AIDC02"", ""AIDC03"", ""AIDC04"", ""AIDC05"", ""AIDC06"", ""AIDC07"", ""AIDC08"", ""AIDC09"", ""AIDC10"", ""AIDC11"", ""AIDC12""]",BLOCKED,FCFS_PREDECESSOR_UNRESOLVED,,,81303.1430655342,81303.1430655342
8051617,PENDING,,,91,1,V10::T3_ISOTONIC_ROLLING14_calibrated,,,False,V42_COMMON_FCFS_FIXED_SITE_TIEBREAK_V1,"[""AIDC01"", ""AIDC02"", ""AIDC03"", ""AIDC04"", ""AIDC05"", ""AIDC06"", ""AIDC07"", ""AIDC08"", ""AIDC09"", ""AIDC10"", ""AIDC11"", ""AIDC12""]",BLOCKED,FCFS_PREDECESSOR_UNRESOLVED,,,81303.1430655342,81303.1430655342
8051618,PENDING,,,91,1,V10::T3_ISOTONIC_ROLLING14_calibrated,,,False,V42_COMMON_FCFS_FIXED_SITE_TIEBREAK_V1,"[""AIDC01"", ""AIDC02"", ""AIDC03"", ""AIDC04"", ""AIDC05"", ""AIDC06"", ""AIDC07"", ""AIDC08"", ""AIDC09"", ""AIDC10"", ""AIDC11"", ""AIDC12""]",BLOCKED,FCFS_PREDECESSOR_UNRESOLVED,,,81303.1430655342,81303.1430655342
8051619,PENDING,,,91,1,V10::T3_ISOTONIC_ROLLING14_calibrated,,,False,V42_COMMON_FCFS_FIXED_SITE_TIEBREAK_V1,"[""AIDC01"", ""AIDC02"", ""AIDC03"", ""AIDC04"", ""AIDC05"", ""AIDC06"", ""AIDC07"", ""AIDC08"", ""AIDC09"", ""AIDC10"", ""AIDC11"", ""AIDC12""]",BLOCKED,FCFS_PREDECESSOR_UNRESOLVED,,,81303.1430655342,81303.1430655342
8051620,PENDING,,,91,1,V10::T3_ISOTONIC_ROLLING14_calibrated,,,False,V42_COMMON_FCFS_FIXED_SITE_TIEBREAK_V1,"[""AIDC01"", ""AIDC02"", ""AIDC03"", ""AIDC04"", ""AIDC05"", ""AIDC06"", ""AIDC07"", ""AIDC08"", ""AIDC09"", ""AIDC10"", ""AIDC11"", ""AIDC12""]",BLOCKED,FCFS_PREDECESSOR_UNRESOLVED,,,81303.1430655342,81303.1430655342
8051621,PENDING,,,91,1,V10::T3_ISOTONIC_ROLLING14_calibrated,,,False,V42_COMMON_FCFS_FIXED_SITE_TIEBREAK_V1,"[""AIDC01"", ""AIDC02"", ""AIDC03"", ""AIDC04"", ""AIDC05"", ""AIDC06"", ""AIDC07"", ""AIDC08"", ""AIDC09"", ""AIDC10"", ""AIDC11"", ""AIDC12""]",BLOCKED,FCFS_PREDECESSOR_UNRESOLVED,,,81303.1430655342,81303.1430655342
8051622,PENDING,,,91,1,V10::T3_ISOTONIC_ROLLING14_calibrated,,,False,V42_COMMON_FCFS_FIXED_SITE_TIEBREAK_V1,"[""AIDC01"", ""AIDC02"", ""AIDC03"", ""AIDC04"", ""AIDC05"", ""AIDC06"", ""AIDC07"", ""AIDC08"", ""AIDC09"", ""AIDC10"", ""AIDC11"", ""AIDC12""]",BLOCKED,FCFS_PREDECESSOR_UNRESOLVED,,,81303.1430655342,81303.1430655342
8051623,PENDING,,,91,1,V10::T3_ISOTONIC_ROLLING14_calibrated,,,False,V42_COMMON_FCFS_FIXED_SITE_TIEBREAK_V1,"[""AIDC01"", ""AIDC02"", ""AIDC03"", ""AIDC04"", ""AIDC05"", ""AIDC06"", ""AIDC07"", ""AIDC08"", ""AIDC09"", ""AIDC10"", ""AIDC11"", ""AIDC12""]",BLOCKED,FCFS_PREDECESSOR_UNRESOLVED,,,81303.1430655342,81303.1430655342
8051624,PENDING,,,91,1,V10::T3_ISOTONIC_ROLLING14_calibrated,,,False,V42_COMMON_FCFS_FIXED_SITE_TIEBREAK_V1,"[""AIDC01"", ""AIDC02"", ""AIDC03"", ""AIDC04"", ""AIDC05"", ""AIDC06"", ""AIDC07"", ""AIDC08"", ""AIDC09"", ""AIDC10"", ""AIDC11"", ""AIDC12""]",BLOCKED,FCFS_PREDECESSOR_UNRESOLVED,,,81303.1430655342,81303.1430655342
8051625,PENDING,,,91,1,V10::T3_ISOTONIC_ROLLING14_calibrated,,,False,V42_COMMON_FCFS_FIXED_SITE_TIEBREAK_V1,"[""AIDC01"", ""AIDC02"", ""AIDC03"", ""AIDC04"", ""AIDC05"", ""AIDC06"", ""AIDC07"", ""AIDC08"", ""AIDC09"", ""AIDC10"", ""AIDC11"", ""AIDC12""]",BLOCKED,FCFS_PREDECESSOR_UNRESOLVED,,,81303.1430655342,81303.1430655342
8051626,PENDING,,,91,1,V10::T3_ISOTONIC_ROLLING14_calibrated,,,False,V42_COMMON_FCFS_FIXED_SITE_TIEBREAK_V1,"[""AIDC01"", ""AIDC02"", ""AIDC03"", ""AIDC04"", ""AIDC05"", ""AIDC06"", ""AIDC07"", ""AIDC08"", ""AIDC09"", ""AIDC10"", ""AIDC11"", ""AIDC12""]",BLOCKED,FCFS_PREDECESSOR_UNRESOLVED,,,81303.1430655342,81303.1430655342
8051627,PENDING,,,91,1,V10::T3_ISOTONIC_ROLLING14_calibrated,,,False,V42_COMMON_FCFS_FIXED_SITE_TIEBREAK_V1,"[""AIDC01"", ""AIDC02"", ""AIDC03"", ""AIDC04"", ""AIDC05"", ""AIDC06"", ""AIDC07"", ""AIDC08"", ""AIDC09"", ""AIDC10"", ""AIDC11"", ""AIDC12""]",BLOCKED,FCFS_PREDECESSOR_UNRESOLVED,,,81303.1430655342,81303.1430655342
8051628,PENDING,,,91,1,V10::T3_ISOTONIC_ROLLING14_calibrated,,,False,V42_COMMON_FCFS_FIXED_SITE_TIEBREAK_V1,"[""AIDC01"", ""AIDC02"", ""AIDC03"", ""AIDC04"", ""AIDC05"", ""AIDC06"", ""AIDC07"", ""AIDC08"", ""AIDC09"", ""AIDC10"", ""AIDC11"", ""AIDC12""]",BLOCKED,FCFS_PREDECESSOR_UNRESOLVED,,,81303.1430655342,81303.1430655342
8051629,PENDING,,,91,1,V10::T3_ISOTONIC_ROLLING14_calibrated,,,False,V42_COMMON_FCFS_FIXED_SITE_TIEBREAK_V1,"[""AIDC01"", ""AIDC02"", ""AIDC03"", ""AIDC04"", ""AIDC05"", ""AIDC06"", ""AIDC07"", ""AIDC08"", ""AIDC09"", ""AIDC10"", ""AIDC11"", ""AIDC12""]",BLOCKED,FCFS_PREDECESSOR_UNRESOLVED,,,81303.1430655342,81303.1430655342
8051630,PENDING,,,91,1,V10::T3_ISOTONIC_ROLLING14_calibrated,,,False,V42_COMMON_FCFS_FIXED_SITE_TIEBREAK_V1,"[""AIDC01"", ""AIDC02"", ""AIDC03"", ""AIDC04"", ""AIDC05"", ""AIDC06"", ""AIDC07"", ""AIDC08"", ""AIDC09"", ""AIDC10"", ""AIDC11"", ""AIDC12""]",BLOCKED,FCFS_PREDECESSOR_UNRESOLVED,,,81303.1430655342,81303.1430655342
8051631,PENDING,,,91,1,V10::T3_ISOTONIC_ROLLING14_calibrated,,,False,V42_COMMON_FCFS_FIXED_SITE_TIEBREAK_V1,"[""AIDC01"", ""AIDC02"", ""AIDC03"", ""AIDC04"", ""AIDC05"", ""AIDC06"", ""AIDC07"", ""AIDC08"", ""AIDC09"", ""AIDC10"", ""AIDC11"", ""AIDC12""]",BLOCKED,FCFS_PREDECESSOR_UNRESOLVED,,,81303.1430655342,81303.1430655342
8051632,PENDING,,,91,1,V10::T3_ISOTONIC_ROLLING14_calibrated,,,False,V42_COMMON_FCFS_FIXED_SITE_TIEBREAK_V1,"[""AIDC01"", ""AIDC02"", ""AIDC03"", ""AIDC04"", ""AIDC05"", ""AIDC06"", ""AIDC07"", ""AIDC08"", ""AIDC09"", ""AIDC10"", ""AIDC11"", ""AIDC12""]",BLOCKED,FCFS_PREDECESSOR_UNRESOLVED,,,81303.1430655342,81303.1430655342
8051633,PENDING,,,91,1,V10::T3_ISOTONIC_ROLLING14_calibrated,,,False,V42_COMMON_FCFS_FIXED_SITE_TIEBREAK_V1,"[""AIDC01"", ""AIDC02"", ""AIDC03"", ""AIDC04"", ""AIDC05"", ""AIDC06"", ""AIDC07"", ""AIDC08"", ""AIDC09"", ""AIDC10"", ""AIDC11"", ""AIDC12""]",BLOCKED,FCFS_PREDECESSOR_UNRESOLVED,,,81303.1430655342,81303.1430655342
8051634,PENDING,,,91,1,V10::T3_ISOTONIC_ROLLING14_calibrated,,,False,V42_COMMON_FCFS_FIXED_SITE_TIEBREAK_V1,"[""AIDC01"", ""AIDC02"", ""AIDC03"", ""AIDC04"", ""AIDC05"", ""AIDC06"", ""AIDC07"", ""AIDC08"", ""AIDC09"", ""AIDC10"", ""AIDC11"", ""AIDC12""]",BLOCKED,FCFS_PREDECESSOR_UNRESOLVED,,,81303.1430655342,81303.1430655342
8051635,PENDING,,,91,1,V10::T3_ISOTONIC_ROLLING14_calibrated,,,False,V42_COMMON_FCFS_FIXED_SITE_TIEBREAK_V1,"[""AIDC01"", ""AIDC02"", ""AIDC03"", ""AIDC04"", ""AIDC05"", ""AIDC06"", ""AIDC07"", ""AIDC08"", ""AIDC09"", ""AIDC10"", ""AIDC11"", ""AIDC12""]",BLOCKED,FCFS_PREDECESSOR_UNRESOLVED,,,81303.1430655342,81303.1430655342
8051636,PENDING,,,91,1,V10::T3_ISOTONIC_ROLLING14_calibrated,,,False,V42_COMMON_FCFS_FIXED_SITE_TIEBREAK_V1,"[""AIDC01"", ""AIDC02"", ""AIDC03"", ""AIDC04"", ""AIDC05"", ""AIDC06"", ""AIDC07"", ""AIDC08"", ""AIDC09"", ""AIDC10"", ""AIDC11"", ""AIDC12""]",BLOCKED,FCFS_PREDECESSOR_UNRESOLVED,,,81303.1430655342,81303.1430655342
8051637,PENDING,,,91,1,V10::T3_ISOTONIC_ROLLING14_calibrated,,,False,V42_COMMON_FCFS_FIXED_SITE_TIEBREAK_V1,"[""AIDC01"", ""AIDC02"", ""AIDC03"", ""AIDC04"", ""AIDC05"", ""AIDC06"", ""AIDC07"", ""AIDC08"", ""AIDC09"", ""AIDC10"", ""AIDC11"", ""AIDC12""]",BLOCKED,FCFS_PREDECESSOR_UNRESOLVED,,,81303.1430655342,81303.1430655342
8051638,PENDING,,,91,1,V10::T3_ISOTONIC_ROLLING14_calibrated,,,False,V42_COMMON_FCFS_FIXED_SITE_TIEBREAK_V1,"[""AIDC01"", ""AIDC02"", ""AIDC03"", ""AIDC04"", ""AIDC05"", ""AIDC06"", ""AIDC07"", ""AIDC08"", ""AIDC09"", ""AIDC10"", ""AIDC11"", ""AIDC12""]",BLOCKED,FCFS_PREDECESSOR_UNRESOLVED,,,81303.1430655342,81303.1430655342
8051639,PENDING,,,91,1,V10::T3_ISOTONIC_ROLLING14_calibrated,,,False,V42_COMMON_FCFS_FIXED_SITE_TIEBREAK_V1,"[""AIDC01"", ""AIDC02"", ""AIDC03"", ""AIDC04"", ""AIDC05"", ""AIDC06"", ""AIDC07"", ""AIDC08"", ""AIDC09"", ""AIDC10"", ""AIDC11"", ""AIDC12""]",BLOCKED,FCFS_PREDECESSOR_UNRESOLVED,,,81303.1430655342,81303.1430655342
8051640,PENDING,,,91,1,V10::T3_ISOTONIC_ROLLING14_calibrated,,,False,V42_COMMON_FCFS_FIXED_SITE_TIEBREAK_V1,"[""AIDC01"", ""AIDC02"", ""AIDC03"", ""AIDC04"", ""AIDC05"", ""AIDC06"", ""AIDC07"", ""AIDC08"", ""AIDC09"", ""AIDC10"", ""AIDC11"", ""AIDC12""]",BLOCKED,FCFS_PREDECESSOR_UNRESOLVED,,,81303.1430655342,81303.1430655342
8051641,PENDING,,,91,1,V10::T3_ISOTONIC_ROLLING14_calibrated,,,False,V42_COMMON_FCFS_FIXED_SITE_TIEBREAK_V1,"[""AIDC01"", ""AIDC02"", ""AIDC03"", ""AIDC04"", ""AIDC05"", ""AIDC06"", ""AIDC07"", ""AIDC08"", ""AIDC09"", ""AIDC10"", ""AIDC11"", ""AIDC12""]",BLOCKED,FCFS_PREDECESSOR_UNRESOLVED,,,81303.1430655342,81303.1430655342
8051642,PENDING,,,91,1,V10::T3_ISOTONIC_ROLLING14_calibrated,,,False,V42_COMMON_FCFS_FIXED_SITE_TIEBREAK_V1,"[""AIDC01"", ""AIDC02"", ""AIDC03"", ""AIDC04"", ""AIDC05"", ""AIDC06"", ""AIDC07"", ""AIDC08"", ""AIDC09"", ""AIDC10"", ""AIDC11"", ""AIDC12""]",BLOCKED,FCFS_PREDECESSOR_UNRESOLVED,,,81303.1430655342,81303.1430655342
8051643,PENDING,,,91,1,V10::T3_ISOTONIC_ROLLING14_calibrated,,,False,V42_COMMON_FCFS_FIXED_SITE_TIEBREAK_V1,"[""AIDC01"", ""AIDC02"", ""AIDC03"", ""AIDC04"", ""AIDC05"", ""AIDC06"", ""AIDC07"", ""AIDC08"", ""AIDC09"", ""AIDC10"", ""AIDC11"", ""AIDC12""]",BLOCKED,FCFS_PREDECESSOR_UNRESOLVED,,,81303.1430655342,81303.1430655342
8051644,PENDING,,,91,1,V10::T3_ISOTONIC_ROLLING14_calibrated,,,False,V42_COMMON_FCFS_FIXED_SITE_TIEBREAK_V1,"[""AIDC01"", ""AIDC02"", ""AIDC03"", ""AIDC04"", ""AIDC05"", ""AIDC06"", ""AIDC07"", ""AIDC08"", ""AIDC09"", ""AIDC10"", ""AIDC11"", ""AIDC12""]",BLOCKED,FCFS_PREDECESSOR_UNRESOLVED,,,81303.1430655342,81303.1430655342
8051645,PENDING,,,91,1,V10::T3_ISOTONIC_ROLLING14_calibrated,,,False,V42_COMMON_FCFS_FIXED_SITE_TIEBREAK_V1,"[""AIDC01"", ""AIDC02"", ""AIDC03"", ""AIDC04"", ""AIDC05"", ""AIDC06"", ""AIDC07"", ""AIDC08"", ""AIDC09"", ""AIDC10"", ""AIDC11"", ""AIDC12""]",BLOCKED,FCFS_PREDECESSOR_UNRESOLVED,,,81303.1430655342,81303.1430655342
8051992,PENDING,,,46,4,V10::T3_ISOTONIC_ROLLING14_calibrated,,,False,V42_COMMON_FCFS_FIXED_SITE_TIEBREAK_V1,"[""AIDC01"", ""AIDC02"", ""AIDC03"", ""AIDC04"", ""AIDC05"", ""AIDC06"", ""AIDC07"", ""AIDC08"", ""AIDC09"", ""AIDC10"", ""AIDC11"", ""AIDC12""]",BLOCKED,FCFS_PREDECESSOR_UNRESOLVED,,,40709.0558003054,40709.0558003054
8051995,PENDING,,,46,4,V10::T3_ISOTONIC_ROLLING14_calibrated,,,False,V42_COMMON_FCFS_FIXED_SITE_TIEBREAK_V1,"[""AIDC01"", ""AIDC02"", ""AIDC03"", ""AIDC04"", ""AIDC05"", ""AIDC06"", ""AIDC07"", ""AIDC08"", ""AIDC09"", ""AIDC10"", ""AIDC11"", ""AIDC12""]",BLOCKED,FCFS_PREDECESSOR_UNRESOLVED,,,40709.0558003054,40709.0558003054
8052000,PENDING,,,46,4,V10::T3_ISOTONIC_ROLLING14_calibrated,,,False,V42_COMMON_FCFS_FIXED_SITE_TIEBREAK_V1,"[""AIDC01"", ""AIDC02"", ""AIDC03"", ""AIDC04"", ""AIDC05"", ""AIDC06"", ""AIDC07"", ""AIDC08"", ""AIDC09"", ""AIDC10"", ""AIDC11"", ""AIDC12""]",BLOCKED,FCFS_PREDECESSOR_UNRESOLVED,,,40709.0558003054,40709.0558003054
8052001,PENDING,,,46,4,V10::T3_ISOTONIC_ROLLING14_calibrated,,,False,V42_COMMON_FCFS_FIXED_SITE_TIEBREAK_V1,"[""AIDC01"", ""AIDC02"", ""AIDC03"", ""AIDC04"", ""AIDC05"", ""AIDC06"", ""AIDC07"", ""AIDC08"", ""AIDC09"", ""AIDC10"", ""AIDC11"", ""AIDC12""]",BLOCKED,FCFS_PREDECESSOR_UNRESOLVED,,,40709.0558003054,40709.0558003054
8052005,PENDING,,,46,4,V10::T3_ISOTONIC_ROLLING14_calibrated,,,False,V42_COMMON_FCFS_FIXED_SITE_TIEBREAK_V1,"[""AIDC01"", ""AIDC02"", ""AIDC03"", ""AIDC04"", ""AIDC05"", ""AIDC06"", ""AIDC07"", ""AIDC08"", ""AIDC09"", ""AIDC10"", ""AIDC11"", ""AIDC12""]",BLOCKED,FCFS_PREDECESSOR_UNRESOLVED,,,40709.0558003054,40709.0558003054
8052012,PENDING,,,46,4,V10::T3_ISOTONIC_ROLLING14_calibrated,,,False,V42_COMMON_FCFS_FIXED_SITE_TIEBREAK_V1,"[""AIDC01"", ""AIDC02"", ""AIDC03"", ""AIDC04"", ""AIDC05"", ""AIDC06"", ""AIDC07"", ""AIDC08"", ""AIDC09"", ""AIDC10"", ""AIDC11"", ""AIDC12""]",BLOCKED,FCFS_PREDECESSOR_UNRESOLVED,,,40709.0558003054,40709.0558003054
8052014,PENDING,,,46,4,V10::T3_ISOTONIC_ROLLING14_calibrated,,,False,V42_COMMON_FCFS_FIXED_SITE_TIEBREAK_V1,"[""AIDC01"", ""AIDC02"", ""AIDC03"", ""AIDC04"", ""AIDC05"", ""AIDC06"", ""AIDC07"", ""AIDC08"", ""AIDC09"", ""AIDC10"", ""AIDC11"", ""AIDC12""]",BLOCKED,FCFS_PREDECESSOR_UNRESOLVED,,,40709.0558003054,40709.0558003054
8052017,PENDING,,,46,4,V10::T3_ISOTONIC_ROLLING14_calibrated,,,False,V42_COMMON_FCFS_FIXED_SITE_TIEBREAK_V1,"[""AIDC01"", ""AIDC02"", ""AIDC03"", ""AIDC04"", ""AIDC05"", ""AIDC06"", ""AIDC07"", ""AIDC08"", ""AIDC09"", ""AIDC10"", ""AIDC11"", ""AIDC12""]",BLOCKED,FCFS_PREDECESSOR_UNRESOLVED,,,40709.0558003054,40709.0558003054
8052019,PENDING,,,46,4,V10::T3_ISOTONIC_ROLLING14_calibrated,,,False,V42_COMMON_FCFS_FIXED_SITE_TIEBREAK_V1,"[""AIDC01"", ""AIDC02"", ""AIDC03"", ""AIDC04"", ""AIDC05"", ""AIDC06"", ""AIDC07"", ""AIDC08"", ""AIDC09"", ""AIDC10"", ""AIDC11"", ""AIDC12""]",BLOCKED,FCFS_PREDECESSOR_UNRESOLVED,,,40709.0558003054,40709.0558003054
8052828,RUNNING,AIDC06,0,0,4,V10::T3_ISOTONIC_ROLLING14_calibrated,USER_DEFINED_GRID_BLIND_REFERENCE_PLACEMENT,OBSERVED_RUNNING_AT_ISSUE,True,V42_COMMON_FCFS_FIXED_SITE_TIEBREAK_V1,"[""AIDC01"", ""AIDC02"", ""AIDC03"", ""AIDC04"", ""AIDC05"", ""AIDC06"", ""AIDC07"", ""AIDC08"", ""AIDC09"", ""AIDC10"", ""AIDC11"", ""AIDC12""]",REFERENCE_ASSIGNED,,True,True,12248.833333990484,0.0
8052833,RUNNING,AIDC06,0,0,4,V10::T3_ISOTONIC_ROLLING14_calibrated,USER_DEFINED_GRID_BLIND_REFERENCE_PLACEMENT,OBSERVED_RUNNING_AT_ISSUE,True,V42_COMMON_FCFS_FIXED_SITE_TIEBREAK_V1,"[""AIDC01"", ""AIDC02"", ""AIDC03"", ""AIDC04"", ""AIDC05"", ""AIDC06"", ""AIDC07"", ""AIDC08"", ""AIDC09"", ""AIDC10"", ""AIDC11"", ""AIDC12""]",REFERENCE_ASSIGNED,,True,True,12248.833333990484,0.0
8052835,RUNNING,AIDC06,0,0,4,V10::T3_ISOTONIC_ROLLING14_calibrated,USER_DEFINED_GRID_BLIND_REFERENCE_PLACEMENT,OBSERVED_RUNNING_AT_ISSUE,True,V42_COMMON_FCFS_FIXED_SITE_TIEBREAK_V1,"[""AIDC01"", ""AIDC02"", ""AIDC03"", ""AIDC04"", ""AIDC05"", ""AIDC06"", ""AIDC07"", ""AIDC08"", ""AIDC09"", ""AIDC10"", ""AIDC11"", ""AIDC12""]",REFERENCE_ASSIGNED,,True,True,12248.833333990484,0.0
8053089,RUNNING,AIDC06,0,0,4,V10::T3_ISOTONIC_ROLLING14_calibrated,USER_DEFINED_GRID_BLIND_REFERENCE_PLACEMENT,OBSERVED_RUNNING_AT_ISSUE,True,V42_COMMON_FCFS_FIXED_SITE_TIEBREAK_V1,"[""AIDC01"", ""AIDC02"", ""AIDC03"", ""AIDC04"", ""AIDC05"", ""AIDC06"", ""AIDC07"", ""AIDC08"", ""AIDC09"", ""AIDC10"", ""AIDC11"", ""AIDC12""]",REFERENCE_ASSIGNED,,True,True,1146.8967463949166,0.0
8053524,PENDING,,,91,1,V10::T3_ISOTONIC_ROLLING14_calibrated,,,False,V42_COMMON_FCFS_FIXED_SITE_TIEBREAK_V1,"[""AIDC01"", ""AIDC02"", ""AIDC03"", ""AIDC04"", ""AIDC05"", ""AIDC06"", ""AIDC07"", ""AIDC08"", ""AIDC09"", ""AIDC10"", ""AIDC11"", ""AIDC12""]",BLOCKED,FCFS_PREDECESSOR_UNRESOLVED,,,81303.1430655342,81303.1430655342
8053528,PENDING,,,91,1,V10::T3_ISOTONIC_ROLLING14_calibrated,,,False,V42_COMMON_FCFS_FIXED_SITE_TIEBREAK_V1,"[""AIDC01"", ""AIDC02"", ""AIDC03"", ""AIDC04"", ""AIDC05"", ""AIDC06"", ""AIDC07"", ""AIDC08"", ""AIDC09"", ""AIDC10"", ""AIDC11"", ""AIDC12""]",BLOCKED,FCFS_PREDECESSOR_UNRESOLVED,,,81303.1430655342,81303.1430655342
8053617,RUNNING,AIDC06,0,0,4,V10::T3_ISOTONIC_ROLLING14_calibrated,USER_DEFINED_GRID_BLIND_REFERENCE_PLACEMENT,OBSERVED_RUNNING_AT_ISSUE,True,V42_COMMON_FCFS_FIXED_SITE_TIEBREAK_V1,"[""AIDC01"", ""AIDC02"", ""AIDC03"", ""AIDC04"", ""AIDC05"", ""AIDC06"", ""AIDC07"", ""AIDC08"", ""AIDC09"", ""AIDC10"", ""AIDC11"", ""AIDC12""]",REFERENCE_ASSIGNED,,True,True,7704.7951674514015,0.0
8053619,RUNNING,AIDC06,0,0,4,V10::T3_ISOTONIC_ROLLING14_calibrated,USER_DEFINED_GRID_BLIND_REFERENCE_PLACEMENT,OBSERVED_RUNNING_AT_ISSUE,True,V42_COMMON_FCFS_FIXED_SITE_TIEBREAK_V1,"[""AIDC01"", ""AIDC02"", ""AIDC03"", ""AIDC04"", ""AIDC05"", ""AIDC06"", ""AIDC07"", ""AIDC08"", ""AIDC09"", ""AIDC10"", ""AIDC11"", ""AIDC12""]",REFERENCE_ASSIGNED,,True,True,7704.7951674514015,0.0
8053623,RUNNING,AIDC06,0,0,4,V10::T3_ISOTONIC_ROLLING14_calibrated,USER_DEFINED_GRID_BLIND_REFERENCE_PLACEMENT,OBSERVED_RUNNING_AT_ISSUE,True,V42_COMMON_FCFS_FIXED_SITE_TIEBREAK_V1,"[""AIDC01"", ""AIDC02"", ""AIDC03"", ""AIDC04"", ""AIDC05"", ""AIDC06"", ""AIDC07"", ""AIDC08"", ""AIDC09"", ""AIDC10"", ""AIDC11"", ""AIDC12""]",REFERENCE_ASSIGNED,,True,True,7704.7951674514015,0.0
8053624,RUNNING,AIDC06,0,0,4,V10::T3_ISOTONIC_ROLLING14_calibrated,USER_DEFINED_GRID_BLIND_REFERENCE_PLACEMENT,OBSERVED_RUNNING_AT_ISSUE,True,V42_COMMON_FCFS_FIXED_SITE_TIEBREAK_V1,"[""AIDC01"", ""AIDC02"", ""AIDC03"", ""AIDC04"", ""AIDC05"", ""AIDC06"", ""AIDC07"", ""AIDC08"", ""AIDC09"", ""AIDC10"", ""AIDC11"", ""AIDC12""]",REFERENCE_ASSIGNED,,True,True,7704.7951674514015,0.0
8053628,RUNNING,AIDC06,0,0,4,V10::T3_ISOTONIC_ROLLING14_calibrated,USER_DEFINED_GRID_BLIND_REFERENCE_PLACEMENT,OBSERVED_RUNNING_AT_ISSUE,True,V42_COMMON_FCFS_FIXED_SITE_TIEBREAK_V1,"[""AIDC01"", ""AIDC02"", ""AIDC03"", ""AIDC04"", ""AIDC05"", ""AIDC06"", ""AIDC07"", ""AIDC08"", ""AIDC09"", ""AIDC10"", ""AIDC11"", ""AIDC12""]",REFERENCE_ASSIGNED,,True,True,7704.7951674514015,0.0
8064514,RUNNING,AIDC06,0,0,4,V10::T3_ISOTONIC_ROLLING14_calibrated,USER_DEFINED_GRID_BLIND_REFERENCE_PLACEMENT,OBSERVED_RUNNING_AT_ISSUE,True,V42_COMMON_FCFS_FIXED_SITE_TIEBREAK_V1,"[""AIDC01"", ""AIDC02"", ""AIDC03"", ""AIDC04"", ""AIDC05"", ""AIDC06"", ""AIDC07"", ""AIDC08"", ""AIDC09"", ""AIDC10"", ""AIDC11"", ""AIDC12""]",REFERENCE_ASSIGNED,,True,True,677.2698022389197,0.0
8064518,RUNNING,AIDC06,0,0,4,V10::T3_ISOTONIC_ROLLING14_calibrated,USER_DEFINED_GRID_BLIND_REFERENCE_PLACEMENT,OBSERVED_RUNNING_AT_ISSUE,True,V42_COMMON_FCFS_FIXED_SITE_TIEBREAK_V1,"[""AIDC01"", ""AIDC02"", ""AIDC03"", ""AIDC04"", ""AIDC05"", ""AIDC06"", ""AIDC07"", ""AIDC08"", ""AIDC09"", ""AIDC10"", ""AIDC11"", ""AIDC12""]",REFERENCE_ASSIGNED,,True,True,677.2698022389197,0.0
8064588,RUNNING,AIDC07,0,0,2,V10::T3_ISOTONIC_ROLLING14_calibrated,USER_DEFINED_GRID_BLIND_REFERENCE_PLACEMENT,OBSERVED_RUNNING_AT_ISSUE,True,V42_COMMON_FCFS_FIXED_SITE_TIEBREAK_V1,"[""AIDC01"", ""AIDC02"", ""AIDC03"", ""AIDC04"", ""AIDC05"", ""AIDC06"", ""AIDC07"", ""AIDC08"", ""AIDC09"", ""AIDC10"", ""AIDC11"", ""AIDC12""]",REFERENCE_ASSIGNED,,True,True,6484.641994377077,0.0
8064666,RUNNING,AIDC08,0,0,1,V10::T3_ISOTONIC_ROLLING14_calibrated,USER_DEFINED_GRID_BLIND_REFERENCE_PLACEMENT,OBSERVED_RUNNING_AT_ISSUE,True,V42_COMMON_FCFS_FIXED_SITE_TIEBREAK_V1,"[""AIDC01"", ""AIDC02"", ""AIDC03"", ""AIDC04"", ""AIDC05"", ""AIDC06"", ""AIDC07"", ""AIDC08"", ""AIDC09"", ""AIDC10"", ""AIDC11"", ""AIDC12""]",REFERENCE_ASSIGNED,,True,True,4478.192119992616,0.0
8064669,RUNNING,AIDC08,0,0,1,V10::T3_ISOTONIC_ROLLING14_calibrated,USER_DEFINED_GRID_BLIND_REFERENCE_PLACEMENT,OBSERVED_RUNNING_AT_ISSUE,True,V42_COMMON_FCFS_FIXED_SITE_TIEBREAK_V1,"[""AIDC01"", ""AIDC02"", ""AIDC03"", ""AIDC04"", ""AIDC05"", ""AIDC06"", ""AIDC07"", ""AIDC08"", ""AIDC09"", ""AIDC10"", ""AIDC11"", ""AIDC12""]",REFERENCE_ASSIGNED,,True,True,4478.192119992616,0.0
8064748,RUNNING,AIDC08,0,0,1,V10::T3_ISOTONIC_ROLLING14_calibrated,USER_DEFINED_GRID_BLIND_REFERENCE_PLACEMENT,OBSERVED_RUNNING_AT_ISSUE,True,V42_COMMON_FCFS_FIXED_SITE_TIEBREAK_V1,"[""AIDC01"", ""AIDC02"", ""AIDC03"", ""AIDC04"", ""AIDC05"", ""AIDC06"", ""AIDC07"", ""AIDC08"", ""AIDC09"", ""AIDC10"", ""AIDC11"", ""AIDC12""]",REFERENCE_ASSIGNED,,True,True,191.76898548241778,0.0
8064749,RUNNING,AIDC08,0,0,1,V10::T3_ISOTONIC_ROLLING14_calibrated,USER_DEFINED_GRID_BLIND_REFERENCE_PLACEMENT,OBSERVED_RUNNING_AT_ISSUE,True,V42_COMMON_FCFS_FIXED_SITE_TIEBREAK_V1,"[""AIDC01"", ""AIDC02"", ""AIDC03"", ""AIDC04"", ""AIDC05"", ""AIDC06"", ""AIDC07"", ""AIDC08"", ""AIDC09"", ""AIDC10"", ""AIDC11"", ""AIDC12""]",REFERENCE_ASSIGNED,,True,True,191.76898548241778,0.0
8064750,RUNNING,AIDC08,0,0,1,V10::T3_ISOTONIC_ROLLING14_calibrated,USER_DEFINED_GRID_BLIND_REFERENCE_PLACEMENT,OBSERVED_RUNNING_AT_ISSUE,True,V42_COMMON_FCFS_FIXED_SITE_TIEBREAK_V1,"[""AIDC01"", ""AIDC02"", ""AIDC03"", ""AIDC04"", ""AIDC05"", ""AIDC06"", ""AIDC07"", ""AIDC08"", ""AIDC09"", ""AIDC10"", ""AIDC11"", ""AIDC12""]",REFERENCE_ASSIGNED,,True,True,191.76898548241778,0.0
8064751,RUNNING,AIDC08,0,0,1,V10::T3_ISOTONIC_ROLLING14_calibrated,USER_DEFINED_GRID_BLIND_REFERENCE_PLACEMENT,OBSERVED_RUNNING_AT_ISSUE,True,V42_COMMON_FCFS_FIXED_SITE_TIEBREAK_V1,"[""AIDC01"", ""AIDC02"", ""AIDC03"", ""AIDC04"", ""AIDC05"", ""AIDC06"", ""AIDC07"", ""AIDC08"", ""AIDC09"", ""AIDC10"", ""AIDC11"", ""AIDC12""]",REFERENCE_ASSIGNED,,True,True,63.28043140341098,0.0
8064993,RUNNING,AIDC08,0,0,1,V10::T3_ISOTONIC_ROLLING14_calibrated,USER_DEFINED_GRID_BLIND_REFERENCE_PLACEMENT,OBSERVED_RUNNING_AT_ISSUE,True,V42_COMMON_FCFS_FIXED_SITE_TIEBREAK_V1,"[""AIDC01"", ""AIDC02"", ""AIDC03"", ""AIDC04"", ""AIDC05"", ""AIDC06"", ""AIDC07"", ""AIDC08"", ""AIDC09"", ""AIDC10"", ""AIDC11"", ""AIDC12""]",REFERENCE_ASSIGNED,,True,True,5604.7678311803,0.0
8065079,PENDING,,,20,4,V10::T3_ISOTONIC_ROLLING14_calibrated,,,False,V42_COMMON_FCFS_FIXED_SITE_TIEBREAK_V1,"[""AIDC01"", ""AIDC02"", ""AIDC03"", ""AIDC04"", ""AIDC05"", ""AIDC06"", ""AIDC07"", ""AIDC08"", ""AIDC09"", ""AIDC10"", ""AIDC11"", ""AIDC12""]",BLOCKED,FCFS_PREDECESSOR_UNRESOLVED,,,17581.146368658636,17581.146368658636
8065095,PENDING,,,20,4,V10::T3_ISOTONIC_ROLLING14_calibrated,,,False,V42_COMMON_FCFS_FIXED_SITE_TIEBREAK_V1,"[""AIDC01"", ""AIDC02"", ""AIDC03"", ""AIDC04"", ""AIDC05"", ""AIDC06"", ""AIDC07"", ""AIDC08"", ""AIDC09"", ""AIDC10"", ""AIDC11"", ""AIDC12""]",BLOCKED,FCFS_PREDECESSOR_UNRESOLVED,,,17581.146368658636,17581.146368658636
8065099,PENDING,,,20,4,V10::T3_ISOTONIC_ROLLING14_calibrated,,,False,V42_COMMON_FCFS_FIXED_SITE_TIEBREAK_V1,"[""AIDC01"", ""AIDC02"", ""AIDC03"", ""AIDC04"", ""AIDC05"", ""AIDC06"", ""AIDC07"", ""AIDC08"", ""AIDC09"", ""AIDC10"", ""AIDC11"", ""AIDC12""]",BLOCKED,FCFS_PREDECESSOR_UNRESOLVED,,,17581.146368658636,17581.146368658636
8065100,PENDING,,,20,4,V10::T3_ISOTONIC_ROLLING14_calibrated,,,False,V42_COMMON_FCFS_FIXED_SITE_TIEBREAK_V1,"[""AIDC01"", ""AIDC02"", ""AIDC03"", ""AIDC04"", ""AIDC05"", ""AIDC06"", ""AIDC07"", ""AIDC08"", ""AIDC09"", ""AIDC10"", ""AIDC11"", ""AIDC12""]",BLOCKED,FCFS_PREDECESSOR_UNRESOLVED,,,17581.146368658636,17581.146368658636
8065110,PENDING,,,20,4,V10::T3_ISOTONIC_ROLLING14_calibrated,,,False,V42_COMMON_FCFS_FIXED_SITE_TIEBREAK_V1,"[""AIDC01"", ""AIDC02"", ""AIDC03"", ""AIDC04"", ""AIDC05"", ""AIDC06"", ""AIDC07"", ""AIDC08"", ""AIDC09"", ""AIDC10"", ""AIDC11"", ""AIDC12""]",BLOCKED,FCFS_PREDECESSOR_UNRESOLVED,,,17581.146368658636,17581.146368658636
8065152,PENDING,,,20,4,V10::T3_ISOTONIC_ROLLING14_calibrated,,,False,V42_COMMON_FCFS_FIXED_SITE_TIEBREAK_V1,"[""AIDC01"", ""AIDC02"", ""AIDC03"", ""AIDC04"", ""AIDC05"", ""AIDC06"", ""AIDC07"", ""AIDC08"", ""AIDC09"", ""AIDC10"", ""AIDC11"", ""AIDC12""]",BLOCKED,FCFS_PREDECESSOR_UNRESOLVED,,,17581.146368658636,17581.146368658636
8065157,PENDING,,,20,4,V10::T3_ISOTONIC_ROLLING14_calibrated,,,False,V42_COMMON_FCFS_FIXED_SITE_TIEBREAK_V1,"[""AIDC01"", ""AIDC02"", ""AIDC03"", ""AIDC04"", ""AIDC05"", ""AIDC06"", ""AIDC07"", ""AIDC08"", ""AIDC09"", ""AIDC10"", ""AIDC11"", ""AIDC12""]",BLOCKED,FCFS_PREDECESSOR_UNRESOLVED,,,17581.146368658636,17581.146368658636
8065158,PENDING,,,20,4,V10::T3_ISOTONIC_ROLLING14_calibrated,,,False,V42_COMMON_FCFS_FIXED_SITE_TIEBREAK_V1,"[""AIDC01"", ""AIDC02"", ""AIDC03"", ""AIDC04"", ""AIDC05"", ""AIDC06"", ""AIDC07"", ""AIDC08"", ""AIDC09"", ""AIDC10"", ""AIDC11"", ""AIDC12""]",BLOCKED,FCFS_PREDECESSOR_UNRESOLVED,,,17581.146368658636,17581.146368658636
8065178,PENDING,,,20,4,V10::T3_ISOTONIC_ROLLING14_calibrated,,,False,V42_COMMON_FCFS_FIXED_SITE_TIEBREAK_V1,"[""AIDC01"", ""AIDC02"", ""AIDC03"", ""AIDC04"", ""AIDC05"", ""AIDC06"", ""AIDC07"", ""AIDC08"", ""AIDC09"", ""AIDC10"", ""AIDC11"", ""AIDC12""]",BLOCKED,FCFS_PREDECESSOR_UNRESOLVED,,,17581.146368658636,17581.146368658636
8065401,PENDING,,,4,4,V10::T3_ISOTONIC_ROLLING14_calibrated,,,False,V42_COMMON_FCFS_FIXED_SITE_TIEBREAK_V1,"[""AIDC01"", ""AIDC02"", ""AIDC03"", ""AIDC04"", ""AIDC05"", ""AIDC06"", ""AIDC07"", ""AIDC08"", ""AIDC09"", ""AIDC10"", ""AIDC11"", ""AIDC12""]",BLOCKED,FCFS_PREDECESSOR_UNRESOLVED,,,3419.406100093817,3419.406100093817
8070137,PENDING,,,20,4,V10::T3_ISOTONIC_ROLLING14_calibrated,,,False,V42_COMMON_FCFS_FIXED_SITE_TIEBREAK_V1,"[""AIDC01"", ""AIDC02"", ""AIDC03"", ""AIDC04"", ""AIDC05"", ""AIDC06"", ""AIDC07"", ""AIDC08"", ""AIDC09"", ""AIDC10"", ""AIDC11"", ""AIDC12""]",BLOCKED,FCFS_PREDECESSOR_UNRESOLVED,,,17581.146368658636,17581.146368658636
8070307,PENDING,,,20,4,V10::T3_ISOTONIC_ROLLING14_calibrated,,,False,V42_COMMON_FCFS_FIXED_SITE_TIEBREAK_V1,"[""AIDC01"", ""AIDC02"", ""AIDC03"", ""AIDC04"", ""AIDC05"", ""AIDC06"", ""AIDC07"", ""AIDC08"", ""AIDC09"", ""AIDC10"", ""AIDC11"", ""AIDC12""]",BLOCKED,FCFS_PREDECESSOR_UNRESOLVED,,,17581.146368658636,17581.146368658636
8070321,PENDING,,,20,4,V10::T3_ISOTONIC_ROLLING14_calibrated,,,False,V42_COMMON_FCFS_FIXED_SITE_TIEBREAK_V1,"[""AIDC01"", ""AIDC02"", ""AIDC03"", ""AIDC04"", ""AIDC05"", ""AIDC06"", ""AIDC07"", ""AIDC08"", ""AIDC09"", ""AIDC10"", ""AIDC11"", ""AIDC12""]",BLOCKED,FCFS_PREDECESSOR_UNRESOLVED,,,17581.146368658636,17581.146368658636
8070325,PENDING,,,20,4,V10::T3_ISOTONIC_ROLLING14_calibrated,,,False,V42_COMMON_FCFS_FIXED_SITE_TIEBREAK_V1,"[""AIDC01"", ""AIDC02"", ""AIDC03"", ""AIDC04"", ""AIDC05"", ""AIDC06"", ""AIDC07"", ""AIDC08"", ""AIDC09"", ""AIDC10"", ""AIDC11"", ""AIDC12""]",BLOCKED,FCFS_PREDECESSOR_UNRESOLVED,,,17581.146368658636,17581.146368658636
8070333,PENDING,,,20,4,V10::T3_ISOTONIC_ROLLING14_calibrated,,,False,V42_COMMON_FCFS_FIXED_SITE_TIEBREAK_V1,"[""AIDC01"", ""AIDC02"", ""AIDC03"", ""AIDC04"", ""AIDC05"", ""AIDC06"", ""AIDC07"", ""AIDC08"", ""AIDC09"", ""AIDC10"", ""AIDC11"", ""AIDC12""]",BLOCKED,FCFS_PREDECESSOR_UNRESOLVED,,,17581.146368658636,17581.146368658636
8070337,PENDING,,,20,4,V10::T3_ISOTONIC_ROLLING14_calibrated,,,False,V42_COMMON_FCFS_FIXED_SITE_TIEBREAK_V1,"[""AIDC01"", ""AIDC02"", ""AIDC03"", ""AIDC04"", ""AIDC05"", ""AIDC06"", ""AIDC07"", ""AIDC08"", ""AIDC09"", ""AIDC10"", ""AIDC11"", ""AIDC12""]",BLOCKED,FCFS_PREDECESSOR_UNRESOLVED,,,17581.146368658636,17581.146368658636
8070341,PENDING,,,20,4,V10::T3_ISOTONIC_ROLLING14_calibrated,,,False,V42_COMMON_FCFS_FIXED_SITE_TIEBREAK_V1,"[""AIDC01"", ""AIDC02"", ""AIDC03"", ""AIDC04"", ""AIDC05"", ""AIDC06"", ""AIDC07"", ""AIDC08"", ""AIDC09"", ""AIDC10"", ""AIDC11"", ""AIDC12""]",BLOCKED,FCFS_PREDECESSOR_UNRESOLVED,,,17581.146368658636,17581.146368658636
8070342,PENDING,,,20,4,V10::T3_ISOTONIC_ROLLING14_calibrated,,,False,V42_COMMON_FCFS_FIXED_SITE_TIEBREAK_V1,"[""AIDC01"", ""AIDC02"", ""AIDC03"", ""AIDC04"", ""AIDC05"", ""AIDC06"", ""AIDC07"", ""AIDC08"", ""AIDC09"", ""AIDC10"", ""AIDC11"", ""AIDC12""]",BLOCKED,FCFS_PREDECESSOR_UNRESOLVED,,,17581.146368658636,17581.146368658636
8070346,PENDING,,,20,4,V10::T3_ISOTONIC_ROLLING14_calibrated,,,False,V42_COMMON_FCFS_FIXED_SITE_TIEBREAK_V1,"[""AIDC01"", ""AIDC02"", ""AIDC03"", ""AIDC04"", ""AIDC05"", ""AIDC06"", ""AIDC07"", ""AIDC08"", ""AIDC09"", ""AIDC10"", ""AIDC11"", ""AIDC12""]",BLOCKED,FCFS_PREDECESSOR_UNRESOLVED,,,17581.146368658636,17581.146368658636
8070348,PENDING,,,20,4,V10::T3_ISOTONIC_ROLLING14_calibrated,,,False,V42_COMMON_FCFS_FIXED_SITE_TIEBREAK_V1,"[""AIDC01"", ""AIDC02"", ""AIDC03"", ""AIDC04"", ""AIDC05"", ""AIDC06"", ""AIDC07"", ""AIDC08"", ""AIDC09"", ""AIDC10"", ""AIDC11"", ""AIDC12""]",BLOCKED,FCFS_PREDECESSOR_UNRESOLVED,,,17581.146368658636,17581.146368658636
8070399,PENDING,,,20,4,V10::T3_ISOTONIC_ROLLING14_calibrated,,,False,V42_COMMON_FCFS_FIXED_SITE_TIEBREAK_V1,"[""AIDC01"", ""AIDC02"", ""AIDC03"", ""AIDC04"", ""AIDC05"", ""AIDC06"", ""AIDC07"", ""AIDC08"", ""AIDC09"", ""AIDC10"", ""AIDC11"", ""AIDC12""]",BLOCKED,FCFS_PREDECESSOR_UNRESOLVED,,,17581.146368658636,17581.146368658636
8070400,PENDING,,,20,4,V10::T3_ISOTONIC_ROLLING14_calibrated,,,False,V42_COMMON_FCFS_FIXED_SITE_TIEBREAK_V1,"[""AIDC01"", ""AIDC02"", ""AIDC03"", ""AIDC04"", ""AIDC05"", ""AIDC06"", ""AIDC07"", ""AIDC08"", ""AIDC09"", ""AIDC10"", ""AIDC11"", ""AIDC12""]",BLOCKED,FCFS_PREDECESSOR_UNRESOLVED,,,17581.146368658636,17581.146368658636
8070401,PENDING,,,20,4,V10::T3_ISOTONIC_ROLLING14_calibrated,,,False,V42_COMMON_FCFS_FIXED_SITE_TIEBREAK_V1,"[""AIDC01"", ""AIDC02"", ""AIDC03"", ""AIDC04"", ""AIDC05"", ""AIDC06"", ""AIDC07"", ""AIDC08"", ""AIDC09"", ""AIDC10"", ""AIDC11"", ""AIDC12""]",BLOCKED,FCFS_PREDECESSOR_UNRESOLVED,,,17581.146368658636,17581.146368658636
8070402,PENDING,,,20,4,V10::T3_ISOTONIC_ROLLING14_calibrated,,,False,V42_COMMON_FCFS_FIXED_SITE_TIEBREAK_V1,"[""AIDC01"", ""AIDC02"", ""AIDC03"", ""AIDC04"", ""AIDC05"", ""AIDC06"", ""AIDC07"", ""AIDC08"", ""AIDC09"", ""AIDC10"", ""AIDC11"", ""AIDC12""]",BLOCKED,FCFS_PREDECESSOR_UNRESOLVED,,,17581.146368658636,17581.146368658636
8070403,PENDING,,,9,,V10::T3_ISOTONIC_ROLLING14_calibrated,,,False,V42_COMMON_FCFS_FIXED_SITE_TIEBREAK_V1,[],BLOCKED,GPU_REQUEST_AUTHORITY_MISSING,,,7252.390411659049,7252.390411659049
8070404,PENDING,,,9,,V10::T3_ISOTONIC_ROLLING14_calibrated,,,False,V42_COMMON_FCFS_FIXED_SITE_TIEBREAK_V1,[],BLOCKED,GPU_REQUEST_AUTHORITY_MISSING,,,7252.390411659049,7252.390411659049
8070405,PENDING,,,9,,V10::T3_ISOTONIC_ROLLING14_calibrated,,,False,V42_COMMON_FCFS_FIXED_SITE_TIEBREAK_V1,[],BLOCKED,GPU_REQUEST_AUTHORITY_MISSING,,,7252.390411659049,7252.390411659049
8070406,PENDING,,,9,,V10::T3_ISOTONIC_ROLLING14_calibrated,,,False,V42_COMMON_FCFS_FIXED_SITE_TIEBREAK_V1,[],BLOCKED,GPU_REQUEST_AUTHORITY_MISSING,,,7252.390411659049,7252.390411659049
8070407,PENDING,,,9,,V10::T3_ISOTONIC_ROLLING14_calibrated,,,False,V42_COMMON_FCFS_FIXED_SITE_TIEBREAK_V1,[],BLOCKED,GPU_REQUEST_AUTHORITY_MISSING,,,7252.390411659049,7252.390411659049
8070408,PENDING,,,9,,V10::T3_ISOTONIC_ROLLING14_calibrated,,,False,V42_COMMON_FCFS_FIXED_SITE_TIEBREAK_V1,[],BLOCKED,GPU_REQUEST_AUTHORITY_MISSING,,,7252.390411659049,7252.390411659049
8070409,PENDING,,,9,,V10::T3_ISOTONIC_ROLLING14_calibrated,,,False,V42_COMMON_FCFS_FIXED_SITE_TIEBREAK_V1,[],BLOCKED,GPU_REQUEST_AUTHORITY_MISSING,,,7252.390411659049,7252.390411659049
8070410,PENDING,,,9,,V10::T3_ISOTONIC_ROLLING14_calibrated,,,False,V42_COMMON_FCFS_FIXED_SITE_TIEBREAK_V1,[],BLOCKED,GPU_REQUEST_AUTHORITY_MISSING,,,7252.390411659049,7252.390411659049
8070411,PENDING,,,9,,V10::T3_ISOTONIC_ROLLING14_calibrated,,,False,V42_COMMON_FCFS_FIXED_SITE_TIEBREAK_V1,[],BLOCKED,GPU_REQUEST_AUTHORITY_MISSING,,,7252.390411659049,7252.390411659049
8070417,PENDING,,,9,,V10::T3_ISOTONIC_ROLLING14_calibrated,,,False,V42_COMMON_FCFS_FIXED_SITE_TIEBREAK_V1,[],BLOCKED,GPU_REQUEST_AUTHORITY_MISSING,,,7252.390411659049,7252.390411659049
8070418,PENDING,,,9,,V10::T3_ISOTONIC_ROLLING14_calibrated,,,False,V42_COMMON_FCFS_FIXED_SITE_TIEBREAK_V1,[],BLOCKED,GPU_REQUEST_AUTHORITY_MISSING,,,7252.390411659049,7252.390411659049
8070434,PENDING,,,9,,V10::T3_ISOTONIC_ROLLING14_calibrated,,,False,V42_COMMON_FCFS_FIXED_SITE_TIEBREAK_V1,[],BLOCKED,GPU_REQUEST_AUTHORITY_MISSING,,,7252.390411659049,7252.390411659049
8070435,PENDING,,,9,,V10::T3_ISOTONIC_ROLLING14_calibrated,,,False,V42_COMMON_FCFS_FIXED_SITE_TIEBREAK_V1,[],BLOCKED,GPU_REQUEST_AUTHORITY_MISSING,,,7252.390411659049,7252.390411659049
8070436,PENDING,,,9,,V10::T3_ISOTONIC_ROLLING14_calibrated,,,False,V42_COMMON_FCFS_FIXED_SITE_TIEBREAK_V1,[],BLOCKED,GPU_REQUEST_AUTHORITY_MISSING,,,7252.390411659049,7252.390411659049
8070437,PENDING,,,9,,V10::T3_ISOTONIC_ROLLING14_calibrated,,,False,V42_COMMON_FCFS_FIXED_SITE_TIEBREAK_V1,[],BLOCKED,GPU_REQUEST_AUTHORITY_MISSING,,,7252.390411659049,7252.390411659049
8070438,PENDING,,,9,,V10::T3_ISOTONIC_ROLLING14_calibrated,,,False,V42_COMMON_FCFS_FIXED_SITE_TIEBREAK_V1,[],BLOCKED,GPU_REQUEST_AUTHORITY_MISSING,,,7252.390411659049,7252.390411659049
8070439,PENDING,,,9,,V10::T3_ISOTONIC_ROLLING14_calibrated,,,False,V42_COMMON_FCFS_FIXED_SITE_TIEBREAK_V1,[],BLOCKED,GPU_REQUEST_AUTHORITY_MISSING,,,7252.390411659049,7252.390411659049
8070440,PENDING,,,9,,V10::T3_ISOTONIC_ROLLING14_calibrated,,,False,V42_COMMON_FCFS_FIXED_SITE_TIEBREAK_V1,[],BLOCKED,GPU_REQUEST_AUTHORITY_MISSING,,,7252.390411659049,7252.390411659049
8070441,PENDING,,,9,,V10::T3_ISOTONIC_ROLLING14_calibrated,,,False,V42_COMMON_FCFS_FIXED_SITE_TIEBREAK_V1,[],BLOCKED,GPU_REQUEST_AUTHORITY_MISSING,,,7252.390411659049,7252.390411659049
8070442,PENDING,,,9,,V10::T3_ISOTONIC_ROLLING14_calibrated,,,False,V42_COMMON_FCFS_FIXED_SITE_TIEBREAK_V1,[],BLOCKED,GPU_REQUEST_AUTHORITY_MISSING,,,7252.390411659049,7252.390411659049
8070443,PENDING,,,9,,V10::T3_ISOTONIC_ROLLING14_calibrated,,,False,V42_COMMON_FCFS_FIXED_SITE_TIEBREAK_V1,[],BLOCKED,GPU_REQUEST_AUTHORITY_MISSING,,,7252.390411659049,7252.390411659049
8070444,PENDING,,,9,,V10::T3_ISOTONIC_ROLLING14_calibrated,,,False,V42_COMMON_FCFS_FIXED_SITE_TIEBREAK_V1,[],BLOCKED,GPU_REQUEST_AUTHORITY_MISSING,,,7252.390411659049,7252.390411659049
8070445,PENDING,,,9,,V10::T3_ISOTONIC_ROLLING14_calibrated,,,False,V42_COMMON_FCFS_FIXED_SITE_TIEBREAK_V1,[],BLOCKED,GPU_REQUEST_AUTHORITY_MISSING,,,7252.390411659049,7252.390411659049
8070446,PENDING,,,9,,V10::T3_ISOTONIC_ROLLING14_calibrated,,,False,V42_COMMON_FCFS_FIXED_SITE_TIEBREAK_V1,[],BLOCKED,GPU_REQUEST_AUTHORITY_MISSING,,,7252.390411659049,7252.390411659049
8070452,PENDING,,,9,,V10::T3_ISOTONIC_ROLLING14_calibrated,,,False,V42_COMMON_FCFS_FIXED_SITE_TIEBREAK_V1,[],BLOCKED,GPU_REQUEST_AUTHORITY_MISSING,,,7252.390411659049,7252.390411659049
8070453,PENDING,,,9,,V10::T3_ISOTONIC_ROLLING14_calibrated,,,False,V42_COMMON_FCFS_FIXED_SITE_TIEBREAK_V1,[],BLOCKED,GPU_REQUEST_AUTHORITY_MISSING,,,7252.390411659049,7252.390411659049
8070600,RUNNING,AIDC06,0,0,4,V10::T3_ISOTONIC_ROLLING14_calibrated,USER_DEFINED_GRID_BLIND_REFERENCE_PLACEMENT,OBSERVED_RUNNING_AT_ISSUE,True,V42_COMMON_FCFS_FIXED_SITE_TIEBREAK_V1,"[""AIDC01"", ""AIDC02"", ""AIDC03"", ""AIDC04"", ""AIDC05"", ""AIDC06"", ""AIDC07"", ""AIDC08"", ""AIDC09"", ""AIDC10"", ""AIDC11"", ""AIDC12""]",REFERENCE_ASSIGNED,,True,True,4209.042116053768,0.0
8070601,RUNNING,AIDC06,0,0,4,V10::T3_ISOTONIC_ROLLING14_calibrated,USER_DEFINED_GRID_BLIND_REFERENCE_PLACEMENT,OBSERVED_RUNNING_AT_ISSUE,True,V42_COMMON_FCFS_FIXED_SITE_TIEBREAK_V1,"[""AIDC01"", ""AIDC02"", ""AIDC03"", ""AIDC04"", ""AIDC05"", ""AIDC06"", ""AIDC07"", ""AIDC08"", ""AIDC09"", ""AIDC10"", ""AIDC11"", ""AIDC12""]",REFERENCE_ASSIGNED,,True,True,4209.042116053768,0.0
8070605,RUNNING,AIDC06,0,0,4,V10::T3_ISOTONIC_ROLLING14_calibrated,USER_DEFINED_GRID_BLIND_REFERENCE_PLACEMENT,OBSERVED_RUNNING_AT_ISSUE,True,V42_COMMON_FCFS_FIXED_SITE_TIEBREAK_V1,"[""AIDC01"", ""AIDC02"", ""AIDC03"", ""AIDC04"", ""AIDC05"", ""AIDC06"", ""AIDC07"", ""AIDC08"", ""AIDC09"", ""AIDC10"", ""AIDC11"", ""AIDC12""]",REFERENCE_ASSIGNED,,True,True,4209.042116053768,0.0
8070606,RUNNING,AIDC07,0,0,4,V10::T3_ISOTONIC_ROLLING14_calibrated,USER_DEFINED_GRID_BLIND_REFERENCE_PLACEMENT,OBSERVED_RUNNING_AT_ISSUE,True,V42_COMMON_FCFS_FIXED_SITE_TIEBREAK_V1,"[""AIDC01"", ""AIDC02"", ""AIDC03"", ""AIDC04"", ""AIDC05"", ""AIDC06"", ""AIDC07"", ""AIDC08"", ""AIDC09"", ""AIDC10"", ""AIDC11"", ""AIDC12""]",REFERENCE_ASSIGNED,,True,True,4209.042116053768,0.0
8074237,RUNNING,AIDC07,0,0,4,V10::T3_ISOTONIC_ROLLING14_calibrated,USER_DEFINED_GRID_BLIND_REFERENCE_PLACEMENT,OBSERVED_RUNNING_AT_ISSUE,True,V42_COMMON_FCFS_FIXED_SITE_TIEBREAK_V1,"[""AIDC01"", ""AIDC02"", ""AIDC03"", ""AIDC04"", ""AIDC05"", ""AIDC06"", ""AIDC07"", ""AIDC08"", ""AIDC09"", ""AIDC10"", ""AIDC11"", ""AIDC12""]",REFERENCE_ASSIGNED,,True,True,1056.225735460339,0.0
8075027,PENDING,,,2,,V10::T3_ISOTONIC_ROLLING14_calibrated,,,False,V42_COMMON_FCFS_FIXED_SITE_TIEBREAK_V1,[],BLOCKED,GPU_REQUEST_AUTHORITY_MISSING,,,1325.3664368731706,1325.3664368731706
8075838,PENDING,,,7,4,V10::T3_ISOTONIC_ROLLING14_calibrated,,,False,V42_COMMON_FCFS_FIXED_SITE_TIEBREAK_V1,"[""AIDC01"", ""AIDC02"", ""AIDC03"", ""AIDC04"", ""AIDC05"", ""AIDC06"", ""AIDC07"", ""AIDC08"", ""AIDC09"", ""AIDC10"", ""AIDC11"", ""AIDC12""]",BLOCKED,FCFS_PREDECESSOR_UNRESOLVED,,,5522.62025177603,5522.62025177603
8075864,PENDING,,,5,4,V10::T3_ISOTONIC_ROLLING14_calibrated,,,False,V42_COMMON_FCFS_FIXED_SITE_TIEBREAK_V1,"[""AIDC01"", ""AIDC02"", ""AIDC03"", ""AIDC04"", ""AIDC05"", ""AIDC06"", ""AIDC07"", ""AIDC08"", ""AIDC09"", ""AIDC10"", ""AIDC11"", ""AIDC12""]",BLOCKED,FCFS_PREDECESSOR_UNRESOLVED,,,3840.3993098324,3840.3993098324
8077825,RUNNING,AIDC08,0,0,1,V10::T3_ISOTONIC_ROLLING14_calibrated,USER_DEFINED_GRID_BLIND_REFERENCE_PLACEMENT,OBSERVED_RUNNING_AT_ISSUE,True,V42_COMMON_FCFS_FIXED_SITE_TIEBREAK_V1,"[""AIDC01"", ""AIDC02"", ""AIDC03"", ""AIDC04"", ""AIDC05"", ""AIDC06"", ""AIDC07"", ""AIDC08"", ""AIDC09"", ""AIDC10"", ""AIDC11"", ""AIDC12""]",REFERENCE_ASSIGNED,,True,True,1765.8756633321918,0.0
8077867,RUNNING,AIDC08,0,0,1,V10::T3_ISOTONIC_ROLLING14_calibrated,USER_DEFINED_GRID_BLIND_REFERENCE_PLACEMENT,OBSERVED_RUNNING_AT_ISSUE,True,V42_COMMON_FCFS_FIXED_SITE_TIEBREAK_V1,"[""AIDC01"", ""AIDC02"", ""AIDC03"", ""AIDC04"", ""AIDC05"", ""AIDC06"", ""AIDC07"", ""AIDC08"", ""AIDC09"", ""AIDC10"", ""AIDC11"", ""AIDC12""]",REFERENCE_ASSIGNED,,True,True,191.76898548241778,0.0
8077869,RUNNING,AIDC08,0,0,1,V10::T3_ISOTONIC_ROLLING14_calibrated,USER_DEFINED_GRID_BLIND_REFERENCE_PLACEMENT,OBSERVED_RUNNING_AT_ISSUE,True,V42_COMMON_FCFS_FIXED_SITE_TIEBREAK_V1,"[""AIDC01"", ""AIDC02"", ""AIDC03"", ""AIDC04"", ""AIDC05"", ""AIDC06"", ""AIDC07"", ""AIDC08"", ""AIDC09"", ""AIDC10"", ""AIDC11"", ""AIDC12""]",REFERENCE_ASSIGNED,,True,True,191.76898548241778,0.0
8077870,RUNNING,AIDC08,0,0,1,V10::T3_ISOTONIC_ROLLING14_calibrated,USER_DEFINED_GRID_BLIND_REFERENCE_PLACEMENT,OBSERVED_RUNNING_AT_ISSUE,True,V42_COMMON_FCFS_FIXED_SITE_TIEBREAK_V1,"[""AIDC01"", ""AIDC02"", ""AIDC03"", ""AIDC04"", ""AIDC05"", ""AIDC06"", ""AIDC07"", ""AIDC08"", ""AIDC09"", ""AIDC10"", ""AIDC11"", ""AIDC12""]",REFERENCE_ASSIGNED,,True,True,191.76898548241778,0.0
8077872,RUNNING,AIDC08,0,0,1,V10::T3_ISOTONIC_ROLLING14_calibrated,USER_DEFINED_GRID_BLIND_REFERENCE_PLACEMENT,OBSERVED_RUNNING_AT_ISSUE,True,V42_COMMON_FCFS_FIXED_SITE_TIEBREAK_V1,"[""AIDC01"", ""AIDC02"", ""AIDC03"", ""AIDC04"", ""AIDC05"", ""AIDC06"", ""AIDC07"", ""AIDC08"", ""AIDC09"", ""AIDC10"", ""AIDC11"", ""AIDC12""]",REFERENCE_ASSIGNED,,True,True,191.76898548241778,0.0
8084780,RUNNING,AIDC07,0,1,4,V10::T3_ISOTONIC_ROLLING14_calibrated,USER_DEFINED_GRID_BLIND_REFERENCE_PLACEMENT,OBSERVED_RUNNING_AT_ISSUE,True,V42_COMMON_FCFS_FIXED_SITE_TIEBREAK_V1,"[""AIDC01"", ""AIDC02"", ""AIDC03"", ""AIDC04"", ""AIDC05"", ""AIDC06"", ""AIDC07"", ""AIDC08"", ""AIDC09"", ""AIDC10"", ""AIDC11"", ""AIDC12""]",REFERENCE_ASSIGNED,,True,False,3823.484563452004,23.48456345200384
8089144,RUNNING,AIDC07,0,0,4,V10::T3_ISOTONIC_ROLLING14_calibrated,USER_DEFINED_GRID_BLIND_REFERENCE_PLACEMENT,OBSERVED_RUNNING_AT_ISSUE,True,V42_COMMON_FCFS_FIXED_SITE_TIEBREAK_V1,"[""AIDC01"", ""AIDC02"", ""AIDC03"", ""AIDC04"", ""AIDC05"", ""AIDC06"", ""AIDC07"", ""AIDC08"", ""AIDC09"", ""AIDC10"", ""AIDC11"", ""AIDC12""]",REFERENCE_ASSIGNED,,True,True,1146.8967463949166,0.0
8095996,RUNNING,AIDC08,0,0,1,V10::T3_ISOTONIC_ROLLING14_calibrated,USER_DEFINED_GRID_BLIND_REFERENCE_PLACEMENT,OBSERVED_RUNNING_AT_ISSUE,True,V42_COMMON_FCFS_FIXED_SITE_TIEBREAK_V1,"[""AIDC01"", ""AIDC02"", ""AIDC03"", ""AIDC04"", ""AIDC05"", ""AIDC06"", ""AIDC07"", ""AIDC08"", ""AIDC09"", ""AIDC10"", ""AIDC11"", ""AIDC12""]",REFERENCE_ASSIGNED,,True,True,191.76898548241778,0.0
8096255,RUNNING,AIDC08,0,10,1,V10::T3_ISOTONIC_ROLLING14_calibrated,USER_DEFINED_GRID_BLIND_REFERENCE_PLACEMENT,OBSERVED_RUNNING_AT_ISSUE,True,V42_COMMON_FCFS_FIXED_SITE_TIEBREAK_V1,"[""AIDC01"", ""AIDC02"", ""AIDC03"", ""AIDC04"", ""AIDC05"", ""AIDC06"", ""AIDC07"", ""AIDC08"", ""AIDC09"", ""AIDC10"", ""AIDC11"", ""AIDC12""]",REFERENCE_ASSIGNED,,True,False,13503.165642698496,8378.165642698496
8096578,RUNNING,AIDC08,0,10,1,V10::T3_ISOTONIC_ROLLING14_calibrated,USER_DEFINED_GRID_BLIND_REFERENCE_PLACEMENT,OBSERVED_RUNNING_AT_ISSUE,True,V42_COMMON_FCFS_FIXED_SITE_TIEBREAK_V1,"[""AIDC01"", ""AIDC02"", ""AIDC03"", ""AIDC04"", ""AIDC05"", ""AIDC06"", ""AIDC07"", ""AIDC08"", ""AIDC09"", ""AIDC10"", ""AIDC11"", ""AIDC12""]",REFERENCE_ASSIGNED,,True,False,13503.165642698496,8378.165642698496
8096637,RUNNING,AIDC08,0,10,1,V10::T3_ISOTONIC_ROLLING14_calibrated,USER_DEFINED_GRID_BLIND_REFERENCE_PLACEMENT,OBSERVED_RUNNING_AT_ISSUE,True,V42_COMMON_FCFS_FIXED_SITE_TIEBREAK_V1,"[""AIDC01"", ""AIDC02"", ""AIDC03"", ""AIDC04"", ""AIDC05"", ""AIDC06"", ""AIDC07"", ""AIDC08"", ""AIDC09"", ""AIDC10"", ""AIDC11"", ""AIDC12""]",REFERENCE_ASSIGNED,,True,False,13503.165642698496,8378.165642698496
8097009,RUNNING,AIDC08,0,0,1,V10::T3_ISOTONIC_ROLLING14_calibrated,USER_DEFINED_GRID_BLIND_REFERENCE_PLACEMENT,OBSERVED_RUNNING_AT_ISSUE,True,V42_COMMON_FCFS_FIXED_SITE_TIEBREAK_V1,"[""AIDC01"", ""AIDC02"", ""AIDC03"", ""AIDC04"", ""AIDC05"", ""AIDC06"", ""AIDC07"", ""AIDC08"", ""AIDC09"", ""AIDC10"", ""AIDC11"", ""AIDC12""]",REFERENCE_ASSIGNED,,True,True,191.76898548241778,0.0
8098010,RUNNING,AIDC08,0,0,1,V10::T3_ISOTONIC_ROLLING14_calibrated,USER_DEFINED_GRID_BLIND_REFERENCE_PLACEMENT,OBSERVED_RUNNING_AT_ISSUE,True,V42_COMMON_FCFS_FIXED_SITE_TIEBREAK_V1,"[""AIDC01"", ""AIDC02"", ""AIDC03"", ""AIDC04"", ""AIDC05"", ""AIDC06"", ""AIDC07"", ""AIDC08"", ""AIDC09"", ""AIDC10"", ""AIDC11"", ""AIDC12""]",REFERENCE_ASSIGNED,,True,True,191.76898548241778,0.0
8103867,RUNNING,AIDC07,0,190,4,V10::T3_ISOTONIC_ROLLING14_calibrated,USER_DEFINED_GRID_BLIND_REFERENCE_PLACEMENT,OBSERVED_RUNNING_AT_ISSUE,True,V42_COMMON_FCFS_FIXED_SITE_TIEBREAK_V1,"[""AIDC01"", ""AIDC02"", ""AIDC03"", ""AIDC04"", ""AIDC05"", ""AIDC06"", ""AIDC07"", ""AIDC08"", ""AIDC09"", ""AIDC10"", ""AIDC11"", ""AIDC12""]",REFERENCE_ASSIGNED,,True,False,210435.80214378805,170633.80214378805
8105301,PENDING,,,76,4,V10::T3_ISOTONIC_ROLLING14_calibrated,,,False,V42_COMMON_FCFS_FIXED_SITE_TIEBREAK_V1,"[""AIDC01"", ""AIDC02"", ""AIDC03"", ""AIDC04"", ""AIDC05"", ""AIDC06"", ""AIDC07"", ""AIDC08"", ""AIDC09"", ""AIDC10"", ""AIDC11"", ""AIDC12""]",BLOCKED,FCFS_PREDECESSOR_UNRESOLVED,,,67997.84684276277,67997.84684276277
8105544,PENDING,,,2,4,V10::T3_ISOTONIC_ROLLING14_calibrated,,,False,V42_COMMON_FCFS_FIXED_SITE_TIEBREAK_V1,"[""AIDC01"", ""AIDC02"", ""AIDC03"", ""AIDC04"", ""AIDC05"", ""AIDC06"", ""AIDC07"", ""AIDC08"", ""AIDC09"", ""AIDC10"", ""AIDC11"", ""AIDC12""]",BLOCKED,FCFS_PREDECESSOR_UNRESOLVED,,,1136.241115619362,1136.241115619362
8120588,RUNNING,AIDC02,0,0,12,V10::T3_ISOTONIC_ROLLING14_calibrated,USER_DEFINED_GRID_BLIND_REFERENCE_PLACEMENT,OBSERVED_RUNNING_AT_ISSUE,True,V42_COMMON_FCFS_FIXED_SITE_TIEBREAK_V1,"[""AIDC01"", ""AIDC02"", ""AIDC03"", ""AIDC04"", ""AIDC05"", ""AIDC06"", ""AIDC07"", ""AIDC08"", ""AIDC09"", ""AIDC10"", ""AIDC11"", ""AIDC12""]",REFERENCE_ASSIGNED,,True,True,2799.917435408836,0.0
8130790,PENDING,,,63,1,V10::T3_ISOTONIC_ROLLING14_calibrated,,,False,V42_COMMON_FCFS_FIXED_SITE_TIEBREAK_V1,"[""AIDC01"", ""AIDC02"", ""AIDC03"", ""AIDC04"", ""AIDC05"", ""AIDC06"", ""AIDC07"", ""AIDC08"", ""AIDC09"", ""AIDC10"", ""AIDC11"", ""AIDC12""]",BLOCKED,FCFS_PREDECESSOR_UNRESOLVED,,,56581.35311691602,56581.35311691602
8130791,PENDING,,,63,1,V10::T3_ISOTONIC_ROLLING14_calibrated,,,False,V42_COMMON_FCFS_FIXED_SITE_TIEBREAK_V1,"[""AIDC01"", ""AIDC02"", ""AIDC03"", ""AIDC04"", ""AIDC05"", ""AIDC06"", ""AIDC07"", ""AIDC08"", ""AIDC09"", ""AIDC10"", ""AIDC11"", ""AIDC12""]",BLOCKED,FCFS_PREDECESSOR_UNRESOLVED,,,56581.35311691602,56581.35311691602
8130792,PENDING,,,63,1,V10::T3_ISOTONIC_ROLLING14_calibrated,,,False,V42_COMMON_FCFS_FIXED_SITE_TIEBREAK_V1,"[""AIDC01"", ""AIDC02"", ""AIDC03"", ""AIDC04"", ""AIDC05"", ""AIDC06"", ""AIDC07"", ""AIDC08"", ""AIDC09"", ""AIDC10"", ""AIDC11"", ""AIDC12""]",BLOCKED,FCFS_PREDECESSOR_UNRESOLVED,,,56581.35311691602,56581.35311691602
8130793,PENDING,,,63,1,V10::T3_ISOTONIC_ROLLING14_calibrated,,,False,V42_COMMON_FCFS_FIXED_SITE_TIEBREAK_V1,"[""AIDC01"", ""AIDC02"", ""AIDC03"", ""AIDC04"", ""AIDC05"", ""AIDC06"", ""AIDC07"", ""AIDC08"", ""AIDC09"", ""AIDC10"", ""AIDC11"", ""AIDC12""]",BLOCKED,FCFS_PREDECESSOR_UNRESOLVED,,,56581.35311691602,56581.35311691602
8130794,PENDING,,,63,1,V10::T3_ISOTONIC_ROLLING14_calibrated,,,False,V42_COMMON_FCFS_FIXED_SITE_TIEBREAK_V1,"[""AIDC01"", ""AIDC02"", ""AIDC03"", ""AIDC04"", ""AIDC05"", ""AIDC06"", ""AIDC07"", ""AIDC08"", ""AIDC09"", ""AIDC10"", ""AIDC11"", ""AIDC12""]",BLOCKED,FCFS_PREDECESSOR_UNRESOLVED,,,56581.35311691602,56581.35311691602
8130795,PENDING,,,63,1,V10::T3_ISOTONIC_ROLLING14_calibrated,,,False,V42_COMMON_FCFS_FIXED_SITE_TIEBREAK_V1,"[""AIDC01"", ""AIDC02"", ""AIDC03"", ""AIDC04"", ""AIDC05"", ""AIDC06"", ""AIDC07"", ""AIDC08"", ""AIDC09"", ""AIDC10"", ""AIDC11"", ""AIDC12""]",BLOCKED,FCFS_PREDECESSOR_UNRESOLVED,,,56581.35311691602,56581.35311691602
8130796,PENDING,,,63,1,V10::T3_ISOTONIC_ROLLING14_calibrated,,,False,V42_COMMON_FCFS_FIXED_SITE_TIEBREAK_V1,"[""AIDC01"", ""AIDC02"", ""AIDC03"", ""AIDC04"", ""AIDC05"", ""AIDC06"", ""AIDC07"", ""AIDC08"", ""AIDC09"", ""AIDC10"", ""AIDC11"", ""AIDC12""]",BLOCKED,FCFS_PREDECESSOR_UNRESOLVED,,,56581.35311691602,56581.35311691602
8130797,PENDING,,,63,1,V10::T3_ISOTONIC_ROLLING14_calibrated,,,False,V42_COMMON_FCFS_FIXED_SITE_TIEBREAK_V1,"[""AIDC01"", ""AIDC02"", ""AIDC03"", ""AIDC04"", ""AIDC05"", ""AIDC06"", ""AIDC07"", ""AIDC08"", ""AIDC09"", ""AIDC10"", ""AIDC11"", ""AIDC12""]",BLOCKED,FCFS_PREDECESSOR_UNRESOLVED,,,56581.35311691602,56581.35311691602
8130798,PENDING,,,63,1,V10::T3_ISOTONIC_ROLLING14_calibrated,,,False,V42_COMMON_FCFS_FIXED_SITE_TIEBREAK_V1,"[""AIDC01"", ""AIDC02"", ""AIDC03"", ""AIDC04"", ""AIDC05"", ""AIDC06"", ""AIDC07"", ""AIDC08"", ""AIDC09"", ""AIDC10"", ""AIDC11"", ""AIDC12""]",BLOCKED,FCFS_PREDECESSOR_UNRESOLVED,,,56581.35311691602,56581.35311691602
8130799,PENDING,,,63,1,V10::T3_ISOTONIC_ROLLING14_calibrated,,,False,V42_COMMON_FCFS_FIXED_SITE_TIEBREAK_V1,"[""AIDC01"", ""AIDC02"", ""AIDC03"", ""AIDC04"", ""AIDC05"", ""AIDC06"", ""AIDC07"", ""AIDC08"", ""AIDC09"", ""AIDC10"", ""AIDC11"", ""AIDC12""]",BLOCKED,FCFS_PREDECESSOR_UNRESOLVED,,,56581.35311691602,56581.35311691602
8130800,PENDING,,,63,1,V10::T3_ISOTONIC_ROLLING14_calibrated,,,False,V42_COMMON_FCFS_FIXED_SITE_TIEBREAK_V1,"[""AIDC01"", ""AIDC02"", ""AIDC03"", ""AIDC04"", ""AIDC05"", ""AIDC06"", ""AIDC07"", ""AIDC08"", ""AIDC09"", ""AIDC10"", ""AIDC11"", ""AIDC12""]",BLOCKED,FCFS_PREDECESSOR_UNRESOLVED,,,56581.35311691602,56581.35311691602
8130801,PENDING,,,63,1,V10::T3_ISOTONIC_ROLLING14_calibrated,,,False,V42_COMMON_FCFS_FIXED_SITE_TIEBREAK_V1,"[""AIDC01"", ""AIDC02"", ""AIDC03"", ""AIDC04"", ""AIDC05"", ""AIDC06"", ""AIDC07"", ""AIDC08"", ""AIDC09"", ""AIDC10"", ""AIDC11"", ""AIDC12""]",BLOCKED,FCFS_PREDECESSOR_UNRESOLVED,,,56581.35311691602,56581.35311691602
8130802,PENDING,,,63,1,V10::T3_ISOTONIC_ROLLING14_calibrated,,,False,V42_COMMON_FCFS_FIXED_SITE_TIEBREAK_V1,"[""AIDC01"", ""AIDC02"", ""AIDC03"", ""AIDC04"", ""AIDC05"", ""AIDC06"", ""AIDC07"", ""AIDC08"", ""AIDC09"", ""AIDC10"", ""AIDC11"", ""AIDC12""]",BLOCKED,FCFS_PREDECESSOR_UNRESOLVED,,,56581.35311691602,56581.35311691602
8130803,PENDING,,,63,1,V10::T3_ISOTONIC_ROLLING14_calibrated,,,False,V42_COMMON_FCFS_FIXED_SITE_TIEBREAK_V1,"[""AIDC01"", ""AIDC02"", ""AIDC03"", ""AIDC04"", ""AIDC05"", ""AIDC06"", ""AIDC07"", ""AIDC08"", ""AIDC09"", ""AIDC10"", ""AIDC11"", ""AIDC12""]",BLOCKED,FCFS_PREDECESSOR_UNRESOLVED,,,56581.35311691602,56581.35311691602
8130804,PENDING,,,63,1,V10::T3_ISOTONIC_ROLLING14_calibrated,,,False,V42_COMMON_FCFS_FIXED_SITE_TIEBREAK_V1,"[""AIDC01"", ""AIDC02"", ""AIDC03"", ""AIDC04"", ""AIDC05"", ""AIDC06"", ""AIDC07"", ""AIDC08"", ""AIDC09"", ""AIDC10"", ""AIDC11"", ""AIDC12""]",BLOCKED,FCFS_PREDECESSOR_UNRESOLVED,,,56581.35311691602,56581.35311691602
8130805,PENDING,,,63,1,V10::T3_ISOTONIC_ROLLING14_calibrated,,,False,V42_COMMON_FCFS_FIXED_SITE_TIEBREAK_V1,"[""AIDC01"", ""AIDC02"", ""AIDC03"", ""AIDC04"", ""AIDC05"", ""AIDC06"", ""AIDC07"", ""AIDC08"", ""AIDC09"", ""AIDC10"", ""AIDC11"", ""AIDC12""]",BLOCKED,FCFS_PREDECESSOR_UNRESOLVED,,,56581.35311691602,56581.35311691602
8130806,PENDING,,,63,1,V10::T3_ISOTONIC_ROLLING14_calibrated,,,False,V42_COMMON_FCFS_FIXED_SITE_TIEBREAK_V1,"[""AIDC01"", ""AIDC02"", ""AIDC03"", ""AIDC04"", ""AIDC05"", ""AIDC06"", ""AIDC07"", ""AIDC08"", ""AIDC09"", ""AIDC10"", ""AIDC11"", ""AIDC12""]",BLOCKED,FCFS_PREDECESSOR_UNRESOLVED,,,56581.35311691602,56581.35311691602
8130807,PENDING,,,63,1,V10::T3_ISOTONIC_ROLLING14_calibrated,,,False,V42_COMMON_FCFS_FIXED_SITE_TIEBREAK_V1,"[""AIDC01"", ""AIDC02"", ""AIDC03"", ""AIDC04"", ""AIDC05"", ""AIDC06"", ""AIDC07"", ""AIDC08"", ""AIDC09"", ""AIDC10"", ""AIDC11"", ""AIDC12""]",BLOCKED,FCFS_PREDECESSOR_UNRESOLVED,,,56581.35311691602,56581.35311691602
8130808,PENDING,,,63,1,V10::T3_ISOTONIC_ROLLING14_calibrated,,,False,V42_COMMON_FCFS_FIXED_SITE_TIEBREAK_V1,"[""AIDC01"", ""AIDC02"", ""AIDC03"", ""AIDC04"", ""AIDC05"", ""AIDC06"", ""AIDC07"", ""AIDC08"", ""AIDC09"", ""AIDC10"", ""AIDC11"", ""AIDC12""]",BLOCKED,FCFS_PREDECESSOR_UNRESOLVED,,,56581.35311691602,56581.35311691602
8130809,PENDING,,,63,1,V10::T3_ISOTONIC_ROLLING14_calibrated,,,False,V42_COMMON_FCFS_FIXED_SITE_TIEBREAK_V1,"[""AIDC01"", ""AIDC02"", ""AIDC03"", ""AIDC04"", ""AIDC05"", ""AIDC06"", ""AIDC07"", ""AIDC08"", ""AIDC09"", ""AIDC10"", ""AIDC11"", ""AIDC12""]",BLOCKED,FCFS_PREDECESSOR_UNRESOLVED,,,56581.35311691602,56581.35311691602
8130810,PENDING,,,63,1,V10::T3_ISOTONIC_ROLLING14_calibrated,,,False,V42_COMMON_FCFS_FIXED_SITE_TIEBREAK_V1,"[""AIDC01"", ""AIDC02"", ""AIDC03"", ""AIDC04"", ""AIDC05"", ""AIDC06"", ""AIDC07"", ""AIDC08"", ""AIDC09"", ""AIDC10"", ""AIDC11"", ""AIDC12""]",BLOCKED,FCFS_PREDECESSOR_UNRESOLVED,,,56581.35311691602,56581.35311691602
8130811,PENDING,,,63,1,V10::T3_ISOTONIC_ROLLING14_calibrated,,,False,V42_COMMON_FCFS_FIXED_SITE_TIEBREAK_V1,"[""AIDC01"", ""AIDC02"", ""AIDC03"", ""AIDC04"", ""AIDC05"", ""AIDC06"", ""AIDC07"", ""AIDC08"", ""AIDC09"", ""AIDC10"", ""AIDC11"", ""AIDC12""]",BLOCKED,FCFS_PREDECESSOR_UNRESOLVED,,,56581.35311691602,56581.35311691602
8130812,PENDING,,,63,1,V10::T3_ISOTONIC_ROLLING14_calibrated,,,False,V42_COMMON_FCFS_FIXED_SITE_TIEBREAK_V1,"[""AIDC01"", ""AIDC02"", ""AIDC03"", ""AIDC04"", ""AIDC05"", ""AIDC06"", ""AIDC07"", ""AIDC08"", ""AIDC09"", ""AIDC10"", ""AIDC11"", ""AIDC12""]",BLOCKED,FCFS_PREDECESSOR_UNRESOLVED,,,56581.35311691602,56581.35311691602
8130813,PENDING,,,63,1,V10::T3_ISOTONIC_ROLLING14_calibrated,,,False,V42_COMMON_FCFS_FIXED_SITE_TIEBREAK_V1,"[""AIDC01"", ""AIDC02"", ""AIDC03"", ""AIDC04"", ""AIDC05"", ""AIDC06"", ""AIDC07"", ""AIDC08"", ""AIDC09"", ""AIDC10"", ""AIDC11"", ""AIDC12""]",BLOCKED,FCFS_PREDECESSOR_UNRESOLVED,,,56581.35311691602,56581.35311691602
8130814,PENDING,,,63,1,V10::T3_ISOTONIC_ROLLING14_calibrated,,,False,V42_COMMON_FCFS_FIXED_SITE_TIEBREAK_V1,"[""AIDC01"", ""AIDC02"", ""AIDC03"", ""AIDC04"", ""AIDC05"", ""AIDC06"", ""AIDC07"", ""AIDC08"", ""AIDC09"", ""AIDC10"", ""AIDC11"", ""AIDC12""]",BLOCKED,FCFS_PREDECESSOR_UNRESOLVED,,,56581.35311691602,56581.35311691602
8130815,PENDING,,,63,1,V10::T3_ISOTONIC_ROLLING14_calibrated,,,False,V42_COMMON_FCFS_FIXED_SITE_TIEBREAK_V1,"[""AIDC01"", ""AIDC02"", ""AIDC03"", ""AIDC04"", ""AIDC05"", ""AIDC06"", ""AIDC07"", ""AIDC08"", ""AIDC09"", ""AIDC10"", ""AIDC11"", ""AIDC12""]",BLOCKED,FCFS_PREDECESSOR_UNRESOLVED,,,56581.35311691602,56581.35311691602
8130816,PENDING,,,63,1,V10::T3_ISOTONIC_ROLLING14_calibrated,,,False,V42_COMMON_FCFS_FIXED_SITE_TIEBREAK_V1,"[""AIDC01"", ""AIDC02"", ""AIDC03"", ""AIDC04"", ""AIDC05"", ""AIDC06"", ""AIDC07"", ""AIDC08"", ""AIDC09"", ""AIDC10"", ""AIDC11"", ""AIDC12""]",BLOCKED,FCFS_PREDECESSOR_UNRESOLVED,,,56581.35311691602,56581.35311691602
8130817,PENDING,,,63,1,V10::T3_ISOTONIC_ROLLING14_calibrated,,,False,V42_COMMON_FCFS_FIXED_SITE_TIEBREAK_V1,"[""AIDC01"", ""AIDC02"", ""AIDC03"", ""AIDC04"", ""AIDC05"", ""AIDC06"", ""AIDC07"", ""AIDC08"", ""AIDC09"", ""AIDC10"", ""AIDC11"", ""AIDC12""]",BLOCKED,FCFS_PREDECESSOR_UNRESOLVED,,,56581.35311691602,56581.35311691602
8130818,PENDING,,,63,1,V10::T3_ISOTONIC_ROLLING14_calibrated,,,False,V42_COMMON_FCFS_FIXED_SITE_TIEBREAK_V1,"[""AIDC01"", ""AIDC02"", ""AIDC03"", ""AIDC04"", ""AIDC05"", ""AIDC06"", ""AIDC07"", ""AIDC08"", ""AIDC09"", ""AIDC10"", ""AIDC11"", ""AIDC12""]",BLOCKED,FCFS_PREDECESSOR_UNRESOLVED,,,56581.35311691602,56581.35311691602
8130819,PENDING,,,63,1,V10::T3_ISOTONIC_ROLLING14_calibrated,,,False,V42_COMMON_FCFS_FIXED_SITE_TIEBREAK_V1,"[""AIDC01"", ""AIDC02"", ""AIDC03"", ""AIDC04"", ""AIDC05"", ""AIDC06"", ""AIDC07"", ""AIDC08"", ""AIDC09"", ""AIDC10"", ""AIDC11"", ""AIDC12""]",BLOCKED,FCFS_PREDECESSOR_UNRESOLVED,,,56581.35311691602,56581.35311691602
8130820,PENDING,,,63,1,V10::T3_ISOTONIC_ROLLING14_calibrated,,,False,V42_COMMON_FCFS_FIXED_SITE_TIEBREAK_V1,"[""AIDC01"", ""AIDC02"", ""AIDC03"", ""AIDC04"", ""AIDC05"", ""AIDC06"", ""AIDC07"", ""AIDC08"", ""AIDC09"", ""AIDC10"", ""AIDC11"", ""AIDC12""]",BLOCKED,FCFS_PREDECESSOR_UNRESOLVED,,,56581.35311691602,56581.35311691602
8130821,PENDING,,,63,1,V10::T3_ISOTONIC_ROLLING14_calibrated,,,False,V42_COMMON_FCFS_FIXED_SITE_TIEBREAK_V1,"[""AIDC01"", ""AIDC02"", ""AIDC03"", ""AIDC04"", ""AIDC05"", ""AIDC06"", ""AIDC07"", ""AIDC08"", ""AIDC09"", ""AIDC10"", ""AIDC11"", ""AIDC12""]",BLOCKED,FCFS_PREDECESSOR_UNRESOLVED,,,56581.35311691602,56581.35311691602
8130822,PENDING,,,63,1,V10::T3_ISOTONIC_ROLLING14_calibrated,,,False,V42_COMMON_FCFS_FIXED_SITE_TIEBREAK_V1,"[""AIDC01"", ""AIDC02"", ""AIDC03"", ""AIDC04"", ""AIDC05"", ""AIDC06"", ""AIDC07"", ""AIDC08"", ""AIDC09"", ""AIDC10"", ""AIDC11"", ""AIDC12""]",BLOCKED,FCFS_PREDECESSOR_UNRESOLVED,,,56581.35311691602,56581.35311691602
8130823,PENDING,,,63,1,V10::T3_ISOTONIC_ROLLING14_calibrated,,,False,V42_COMMON_FCFS_FIXED_SITE_TIEBREAK_V1,"[""AIDC01"", ""AIDC02"", ""AIDC03"", ""AIDC04"", ""AIDC05"", ""AIDC06"", ""AIDC07"", ""AIDC08"", ""AIDC09"", ""AIDC10"", ""AIDC11"", ""AIDC12""]",BLOCKED,FCFS_PREDECESSOR_UNRESOLVED,,,56581.35311691602,56581.35311691602
8130824,PENDING,,,63,1,V10::T3_ISOTONIC_ROLLING14_calibrated,,,False,V42_COMMON_FCFS_FIXED_SITE_TIEBREAK_V1,"[""AIDC01"", ""AIDC02"", ""AIDC03"", ""AIDC04"", ""AIDC05"", ""AIDC06"", ""AIDC07"", ""AIDC08"", ""AIDC09"", ""AIDC10"", ""AIDC11"", ""AIDC12""]",BLOCKED,FCFS_PREDECESSOR_UNRESOLVED,,,56581.35311691602,56581.35311691602
8130825,PENDING,,,63,1,V10::T3_ISOTONIC_ROLLING14_calibrated,,,False,V42_COMMON_FCFS_FIXED_SITE_TIEBREAK_V1,"[""AIDC01"", ""AIDC02"", ""AIDC03"", ""AIDC04"", ""AIDC05"", ""AIDC06"", ""AIDC07"", ""AIDC08"", ""AIDC09"", ""AIDC10"", ""AIDC11"", ""AIDC12""]",BLOCKED,FCFS_PREDECESSOR_UNRESOLVED,,,56581.35311691602,56581.35311691602
8130826,PENDING,,,63,1,V10::T3_ISOTONIC_ROLLING14_calibrated,,,False,V42_COMMON_FCFS_FIXED_SITE_TIEBREAK_V1,"[""AIDC01"", ""AIDC02"", ""AIDC03"", ""AIDC04"", ""AIDC05"", ""AIDC06"", ""AIDC07"", ""AIDC08"", ""AIDC09"", ""AIDC10"", ""AIDC11"", ""AIDC12""]",BLOCKED,FCFS_PREDECESSOR_UNRESOLVED,,,56581.35311691602,56581.35311691602
8130827,PENDING,,,63,1,V10::T3_ISOTONIC_ROLLING14_calibrated,,,False,V42_COMMON_FCFS_FIXED_SITE_TIEBREAK_V1,"[""AIDC01"", ""AIDC02"", ""AIDC03"", ""AIDC04"", ""AIDC05"", ""AIDC06"", ""AIDC07"", ""AIDC08"", ""AIDC09"", ""AIDC10"", ""AIDC11"", ""AIDC12""]",BLOCKED,FCFS_PREDECESSOR_UNRESOLVED,,,56581.35311691602,56581.35311691602
8130828,PENDING,,,63,1,V10::T3_ISOTONIC_ROLLING14_calibrated,,,False,V42_COMMON_FCFS_FIXED_SITE_TIEBREAK_V1,"[""AIDC01"", ""AIDC02"", ""AIDC03"", ""AIDC04"", ""AIDC05"", ""AIDC06"", ""AIDC07"", ""AIDC08"", ""AIDC09"", ""AIDC10"", ""AIDC11"", ""AIDC12""]",BLOCKED,FCFS_PREDECESSOR_UNRESOLVED,,,56581.35311691602,56581.35311691602
8130829,PENDING,,,63,1,V10::T3_ISOTONIC_ROLLING14_calibrated,,,False,V42_COMMON_FCFS_FIXED_SITE_TIEBREAK_V1,"[""AIDC01"", ""AIDC02"", ""AIDC03"", ""AIDC04"", ""AIDC05"", ""AIDC06"", ""AIDC07"", ""AIDC08"", ""AIDC09"", ""AIDC10"", ""AIDC11"", ""AIDC12""]",BLOCKED,FCFS_PREDECESSOR_UNRESOLVED,,,56581.35311691602,56581.35311691602
8130830,PENDING,,,63,1,V10::T3_ISOTONIC_ROLLING14_calibrated,,,False,V42_COMMON_FCFS_FIXED_SITE_TIEBREAK_V1,"[""AIDC01"", ""AIDC02"", ""AIDC03"", ""AIDC04"", ""AIDC05"", ""AIDC06"", ""AIDC07"", ""AIDC08"", ""AIDC09"", ""AIDC10"", ""AIDC11"", ""AIDC12""]",BLOCKED,FCFS_PREDECESSOR_UNRESOLVED,,,56581.35311691602,56581.35311691602
8130831,PENDING,,,63,1,V10::T3_ISOTONIC_ROLLING14_calibrated,,,False,V42_COMMON_FCFS_FIXED_SITE_TIEBREAK_V1,"[""AIDC01"", ""AIDC02"", ""AIDC03"", ""AIDC04"", ""AIDC05"", ""AIDC06"", ""AIDC07"", ""AIDC08"", ""AIDC09"", ""AIDC10"", ""AIDC11"", ""AIDC12""]",BLOCKED,FCFS_PREDECESSOR_UNRESOLVED,,,56581.35311691602,56581.35311691602
8130832,PENDING,,,63,1,V10::T3_ISOTONIC_ROLLING14_calibrated,,,False,V42_COMMON_FCFS_FIXED_SITE_TIEBREAK_V1,"[""AIDC01"", ""AIDC02"", ""AIDC03"", ""AIDC04"", ""AIDC05"", ""AIDC06"", ""AIDC07"", ""AIDC08"", ""AIDC09"", ""AIDC10"", ""AIDC11"", ""AIDC12""]",BLOCKED,FCFS_PREDECESSOR_UNRESOLVED,,,56581.35311691602,56581.35311691602
8130833,PENDING,,,63,1,V10::T3_ISOTONIC_ROLLING14_calibrated,,,False,V42_COMMON_FCFS_FIXED_SITE_TIEBREAK_V1,"[""AIDC01"", ""AIDC02"", ""AIDC03"", ""AIDC04"", ""AIDC05"", ""AIDC06"", ""AIDC07"", ""AIDC08"", ""AIDC09"", ""AIDC10"", ""AIDC11"", ""AIDC12""]",BLOCKED,FCFS_PREDECESSOR_UNRESOLVED,,,56581.35311691602,56581.35311691602
8130834,PENDING,,,63,1,V10::T3_ISOTONIC_ROLLING14_calibrated,,,False,V42_COMMON_FCFS_FIXED_SITE_TIEBREAK_V1,"[""AIDC01"", ""AIDC02"", ""AIDC03"", ""AIDC04"", ""AIDC05"", ""AIDC06"", ""AIDC07"", ""AIDC08"", ""AIDC09"", ""AIDC10"", ""AIDC11"", ""AIDC12""]",BLOCKED,FCFS_PREDECESSOR_UNRESOLVED,,,56581.35311691602,56581.35311691602
8130835,PENDING,,,63,1,V10::T3_ISOTONIC_ROLLING14_calibrated,,,False,V42_COMMON_FCFS_FIXED_SITE_TIEBREAK_V1,"[""AIDC01"", ""AIDC02"", ""AIDC03"", ""AIDC04"", ""AIDC05"", ""AIDC06"", ""AIDC07"", ""AIDC08"", ""AIDC09"", ""AIDC10"", ""AIDC11"", ""AIDC12""]",BLOCKED,FCFS_PREDECESSOR_UNRESOLVED,,,56581.35311691602,56581.35311691602
8130836,PENDING,,,63,1,V10::T3_ISOTONIC_ROLLING14_calibrated,,,False,V42_COMMON_FCFS_FIXED_SITE_TIEBREAK_V1,"[""AIDC01"", ""AIDC02"", ""AIDC03"", ""AIDC04"", ""AIDC05"", ""AIDC06"", ""AIDC07"", ""AIDC08"", ""AIDC09"", ""AIDC10"", ""AIDC11"", ""AIDC12""]",BLOCKED,FCFS_PREDECESSOR_UNRESOLVED,,,56581.35311691602,56581.35311691602
8130837,PENDING,,,63,1,V10::T3_ISOTONIC_ROLLING14_calibrated,,,False,V42_COMMON_FCFS_FIXED_SITE_TIEBREAK_V1,"[""AIDC01"", ""AIDC02"", ""AIDC03"", ""AIDC04"", ""AIDC05"", ""AIDC06"", ""AIDC07"", ""AIDC08"", ""AIDC09"", ""AIDC10"", ""AIDC11"", ""AIDC12""]",BLOCKED,FCFS_PREDECESSOR_UNRESOLVED,,,56581.35311691602,56581.35311691602
8130838,PENDING,,,63,1,V10::T3_ISOTONIC_ROLLING14_calibrated,,,False,V42_COMMON_FCFS_FIXED_SITE_TIEBREAK_V1,"[""AIDC01"", ""AIDC02"", ""AIDC03"", ""AIDC04"", ""AIDC05"", ""AIDC06"", ""AIDC07"", ""AIDC08"", ""AIDC09"", ""AIDC10"", ""AIDC11"", ""AIDC12""]",BLOCKED,FCFS_PREDECESSOR_UNRESOLVED,,,56581.35311691602,56581.35311691602
8130839,PENDING,,,63,1,V10::T3_ISOTONIC_ROLLING14_calibrated,,,False,V42_COMMON_FCFS_FIXED_SITE_TIEBREAK_V1,"[""AIDC01"", ""AIDC02"", ""AIDC03"", ""AIDC04"", ""AIDC05"", ""AIDC06"", ""AIDC07"", ""AIDC08"", ""AIDC09"", ""AIDC10"", ""AIDC11"", ""AIDC12""]",BLOCKED,FCFS_PREDECESSOR_UNRESOLVED,,,56581.35311691602,56581.35311691602
8130840,PENDING,,,63,1,V10::T3_ISOTONIC_ROLLING14_calibrated,,,False,V42_COMMON_FCFS_FIXED_SITE_TIEBREAK_V1,"[""AIDC01"", ""AIDC02"", ""AIDC03"", ""AIDC04"", ""AIDC05"", ""AIDC06"", ""AIDC07"", ""AIDC08"", ""AIDC09"", ""AIDC10"", ""AIDC11"", ""AIDC12""]",BLOCKED,FCFS_PREDECESSOR_UNRESOLVED,,,56581.35311691602,56581.35311691602
8130841,PENDING,,,63,1,V10::T3_ISOTONIC_ROLLING14_calibrated,,,False,V42_COMMON_FCFS_FIXED_SITE_TIEBREAK_V1,"[""AIDC01"", ""AIDC02"", ""AIDC03"", ""AIDC04"", ""AIDC05"", ""AIDC06"", ""AIDC07"", ""AIDC08"", ""AIDC09"", ""AIDC10"", ""AIDC11"", ""AIDC12""]",BLOCKED,FCFS_PREDECESSOR_UNRESOLVED,,,56581.35311691602,56581.35311691602
8130842,PENDING,,,63,1,V10::T3_ISOTONIC_ROLLING14_calibrated,,,False,V42_COMMON_FCFS_FIXED_SITE_TIEBREAK_V1,"[""AIDC01"", ""AIDC02"", ""AIDC03"", ""AIDC04"", ""AIDC05"", ""AIDC06"", ""AIDC07"", ""AIDC08"", ""AIDC09"", ""AIDC10"", ""AIDC11"", ""AIDC12""]",BLOCKED,FCFS_PREDECESSOR_UNRESOLVED,,,56581.35311691602,56581.35311691602
8130843,PENDING,,,63,1,V10::T3_ISOTONIC_ROLLING14_calibrated,,,False,V42_COMMON_FCFS_FIXED_SITE_TIEBREAK_V1,"[""AIDC01"", ""AIDC02"", ""AIDC03"", ""AIDC04"", ""AIDC05"", ""AIDC06"", ""AIDC07"", ""AIDC08"", ""AIDC09"", ""AIDC10"", ""AIDC11"", ""AIDC12""]",BLOCKED,FCFS_PREDECESSOR_UNRESOLVED,,,56581.35311691602,56581.35311691602
8130844,PENDING,,,63,1,V10::T3_ISOTONIC_ROLLING14_calibrated,,,False,V42_COMMON_FCFS_FIXED_SITE_TIEBREAK_V1,"[""AIDC01"", ""AIDC02"", ""AIDC03"", ""AIDC04"", ""AIDC05"", ""AIDC06"", ""AIDC07"", ""AIDC08"", ""AIDC09"", ""AIDC10"", ""AIDC11"", ""AIDC12""]",BLOCKED,FCFS_PREDECESSOR_UNRESOLVED,,,56581.35311691602,56581.35311691602
8130845,PENDING,,,63,1,V10::T3_ISOTONIC_ROLLING14_calibrated,,,False,V42_COMMON_FCFS_FIXED_SITE_TIEBREAK_V1,"[""AIDC01"", ""AIDC02"", ""AIDC03"", ""AIDC04"", ""AIDC05"", ""AIDC06"", ""AIDC07"", ""AIDC08"", ""AIDC09"", ""AIDC10"", ""AIDC11"", ""AIDC12""]",BLOCKED,FCFS_PREDECESSOR_UNRESOLVED,,,56581.35311691602,56581.35311691602
8130846,PENDING,,,63,1,V10::T3_ISOTONIC_ROLLING14_calibrated,,,False,V42_COMMON_FCFS_FIXED_SITE_TIEBREAK_V1,"[""AIDC01"", ""AIDC02"", ""AIDC03"", ""AIDC04"", ""AIDC05"", ""AIDC06"", ""AIDC07"", ""AIDC08"", ""AIDC09"", ""AIDC10"", ""AIDC11"", ""AIDC12""]",BLOCKED,FCFS_PREDECESSOR_UNRESOLVED,,,56581.35311691602,56581.35311691602
8130847,PENDING,,,63,1,V10::T3_ISOTONIC_ROLLING14_calibrated,,,False,V42_COMMON_FCFS_FIXED_SITE_TIEBREAK_V1,"[""AIDC01"", ""AIDC02"", ""AIDC03"", ""AIDC04"", ""AIDC05"", ""AIDC06"", ""AIDC07"", ""AIDC08"", ""AIDC09"", ""AIDC10"", ""AIDC11"", ""AIDC12""]",BLOCKED,FCFS_PREDECESSOR_UNRESOLVED,,,56581.35311691602,56581.35311691602
8130848,PENDING,,,63,1,V10::T3_ISOTONIC_ROLLING14_calibrated,,,False,V42_COMMON_FCFS_FIXED_SITE_TIEBREAK_V1,"[""AIDC01"", ""AIDC02"", ""AIDC03"", ""AIDC04"", ""AIDC05"", ""AIDC06"", ""AIDC07"", ""AIDC08"", ""AIDC09"", ""AIDC10"", ""AIDC11"", ""AIDC12""]",BLOCKED,FCFS_PREDECESSOR_UNRESOLVED,,,56581.35311691602,56581.35311691602
8130849,PENDING,,,63,1,V10::T3_ISOTONIC_ROLLING14_calibrated,,,False,V42_COMMON_FCFS_FIXED_SITE_TIEBREAK_V1,"[""AIDC01"", ""AIDC02"", ""AIDC03"", ""AIDC04"", ""AIDC05"", ""AIDC06"", ""AIDC07"", ""AIDC08"", ""AIDC09"", ""AIDC10"", ""AIDC11"", ""AIDC12""]",BLOCKED,FCFS_PREDECESSOR_UNRESOLVED,,,56581.35311691602,56581.35311691602
8130850,PENDING,,,63,1,V10::T3_ISOTONIC_ROLLING14_calibrated,,,False,V42_COMMON_FCFS_FIXED_SITE_TIEBREAK_V1,"[""AIDC01"", ""AIDC02"", ""AIDC03"", ""AIDC04"", ""AIDC05"", ""AIDC06"", ""AIDC07"", ""AIDC08"", ""AIDC09"", ""AIDC10"", ""AIDC11"", ""AIDC12""]",BLOCKED,FCFS_PREDECESSOR_UNRESOLVED,,,56581.35311691602,56581.35311691602
8130851,PENDING,,,63,1,V10::T3_ISOTONIC_ROLLING14_calibrated,,,False,V42_COMMON_FCFS_FIXED_SITE_TIEBREAK_V1,"[""AIDC01"", ""AIDC02"", ""AIDC03"", ""AIDC04"", ""AIDC05"", ""AIDC06"", ""AIDC07"", ""AIDC08"", ""AIDC09"", ""AIDC10"", ""AIDC11"", ""AIDC12""]",BLOCKED,FCFS_PREDECESSOR_UNRESOLVED,,,56581.35311691602,56581.35311691602
8130852,PENDING,,,63,1,V10::T3_ISOTONIC_ROLLING14_calibrated,,,False,V42_COMMON_FCFS_FIXED_SITE_TIEBREAK_V1,"[""AIDC01"", ""AIDC02"", ""AIDC03"", ""AIDC04"", ""AIDC05"", ""AIDC06"", ""AIDC07"", ""AIDC08"", ""AIDC09"", ""AIDC10"", ""AIDC11"", ""AIDC12""]",BLOCKED,FCFS_PREDECESSOR_UNRESOLVED,,,56581.35311691602,56581.35311691602
8130853,PENDING,,,63,1,V10::T3_ISOTONIC_ROLLING14_calibrated,,,False,V42_COMMON_FCFS_FIXED_SITE_TIEBREAK_V1,"[""AIDC01"", ""AIDC02"", ""AIDC03"", ""AIDC04"", ""AIDC05"", ""AIDC06"", ""AIDC07"", ""AIDC08"", ""AIDC09"", ""AIDC10"", ""AIDC11"", ""AIDC12""]",BLOCKED,FCFS_PREDECESSOR_UNRESOLVED,,,56581.35311691602,56581.35311691602
8130854,PENDING,,,63,1,V10::T3_ISOTONIC_ROLLING14_calibrated,,,False,V42_COMMON_FCFS_FIXED_SITE_TIEBREAK_V1,"[""AIDC01"", ""AIDC02"", ""AIDC03"", ""AIDC04"", ""AIDC05"", ""AIDC06"", ""AIDC07"", ""AIDC08"", ""AIDC09"", ""AIDC10"", ""AIDC11"", ""AIDC12""]",BLOCKED,FCFS_PREDECESSOR_UNRESOLVED,,,56581.35311691602,56581.35311691602
8130855,PENDING,,,63,1,V10::T3_ISOTONIC_ROLLING14_calibrated,,,False,V42_COMMON_FCFS_FIXED_SITE_TIEBREAK_V1,"[""AIDC01"", ""AIDC02"", ""AIDC03"", ""AIDC04"", ""AIDC05"", ""AIDC06"", ""AIDC07"", ""AIDC08"", ""AIDC09"", ""AIDC10"", ""AIDC11"", ""AIDC12""]",BLOCKED,FCFS_PREDECESSOR_UNRESOLVED,,,56581.35311691602,56581.35311691602
8130856,PENDING,,,63,1,V10::T3_ISOTONIC_ROLLING14_calibrated,,,False,V42_COMMON_FCFS_FIXED_SITE_TIEBREAK_V1,"[""AIDC01"", ""AIDC02"", ""AIDC03"", ""AIDC04"", ""AIDC05"", ""AIDC06"", ""AIDC07"", ""AIDC08"", ""AIDC09"", ""AIDC10"", ""AIDC11"", ""AIDC12""]",BLOCKED,FCFS_PREDECESSOR_UNRESOLVED,,,56581.35311691602,56581.35311691602
8130857,PENDING,,,63,1,V10::T3_ISOTONIC_ROLLING14_calibrated,,,False,V42_COMMON_FCFS_FIXED_SITE_TIEBREAK_V1,"[""AIDC01"", ""AIDC02"", ""AIDC03"", ""AIDC04"", ""AIDC05"", ""AIDC06"", ""AIDC07"", ""AIDC08"", ""AIDC09"", ""AIDC10"", ""AIDC11"", ""AIDC12""]",BLOCKED,FCFS_PREDECESSOR_UNRESOLVED,,,56581.35311691602,56581.35311691602
8130858,PENDING,,,63,1,V10::T3_ISOTONIC_ROLLING14_calibrated,,,False,V42_COMMON_FCFS_FIXED_SITE_TIEBREAK_V1,"[""AIDC01"", ""AIDC02"", ""AIDC03"", ""AIDC04"", ""AIDC05"", ""AIDC06"", ""AIDC07"", ""AIDC08"", ""AIDC09"", ""AIDC10"", ""AIDC11"", ""AIDC12""]",BLOCKED,FCFS_PREDECESSOR_UNRESOLVED,,,56581.35311691602,56581.35311691602
8130859,PENDING,,,63,1,V10::T3_ISOTONIC_ROLLING14_calibrated,,,False,V42_COMMON_FCFS_FIXED_SITE_TIEBREAK_V1,"[""AIDC01"", ""AIDC02"", ""AIDC03"", ""AIDC04"", ""AIDC05"", ""AIDC06"", ""AIDC07"", ""AIDC08"", ""AIDC09"", ""AIDC10"", ""AIDC11"", ""AIDC12""]",BLOCKED,FCFS_PREDECESSOR_UNRESOLVED,,,56581.35311691602,56581.35311691602
8130860,PENDING,,,63,1,V10::T3_ISOTONIC_ROLLING14_calibrated,,,False,V42_COMMON_FCFS_FIXED_SITE_TIEBREAK_V1,"[""AIDC01"", ""AIDC02"", ""AIDC03"", ""AIDC04"", ""AIDC05"", ""AIDC06"", ""AIDC07"", ""AIDC08"", ""AIDC09"", ""AIDC10"", ""AIDC11"", ""AIDC12""]",BLOCKED,FCFS_PREDECESSOR_UNRESOLVED,,,56581.35311691602,56581.35311691602
8130861,PENDING,,,63,1,V10::T3_ISOTONIC_ROLLING14_calibrated,,,False,V42_COMMON_FCFS_FIXED_SITE_TIEBREAK_V1,"[""AIDC01"", ""AIDC02"", ""AIDC03"", ""AIDC04"", ""AIDC05"", ""AIDC06"", ""AIDC07"", ""AIDC08"", ""AIDC09"", ""AIDC10"", ""AIDC11"", ""AIDC12""]",BLOCKED,FCFS_PREDECESSOR_UNRESOLVED,,,56581.35311691602,56581.35311691602
8130862,PENDING,,,63,1,V10::T3_ISOTONIC_ROLLING14_calibrated,,,False,V42_COMMON_FCFS_FIXED_SITE_TIEBREAK_V1,"[""AIDC01"", ""AIDC02"", ""AIDC03"", ""AIDC04"", ""AIDC05"", ""AIDC06"", ""AIDC07"", ""AIDC08"", ""AIDC09"", ""AIDC10"", ""AIDC11"", ""AIDC12""]",BLOCKED,FCFS_PREDECESSOR_UNRESOLVED,,,56581.35311691602,56581.35311691602
8130863,PENDING,,,63,1,V10::T3_ISOTONIC_ROLLING14_calibrated,,,False,V42_COMMON_FCFS_FIXED_SITE_TIEBREAK_V1,"[""AIDC01"", ""AIDC02"", ""AIDC03"", ""AIDC04"", ""AIDC05"", ""AIDC06"", ""AIDC07"", ""AIDC08"", ""AIDC09"", ""AIDC10"", ""AIDC11"", ""AIDC12""]",BLOCKED,FCFS_PREDECESSOR_UNRESOLVED,,,56581.35311691602,56581.35311691602
8130864,PENDING,,,63,1,V10::T3_ISOTONIC_ROLLING14_calibrated,,,False,V42_COMMON_FCFS_FIXED_SITE_TIEBREAK_V1,"[""AIDC01"", ""AIDC02"", ""AIDC03"", ""AIDC04"", ""AIDC05"", ""AIDC06"", ""AIDC07"", ""AIDC08"", ""AIDC09"", ""AIDC10"", ""AIDC11"", ""AIDC12""]",BLOCKED,FCFS_PREDECESSOR_UNRESOLVED,,,56581.35311691602,56581.35311691602
8130865,PENDING,,,63,1,V10::T3_ISOTONIC_ROLLING14_calibrated,,,False,V42_COMMON_FCFS_FIXED_SITE_TIEBREAK_V1,"[""AIDC01"", ""AIDC02"", ""AIDC03"", ""AIDC04"", ""AIDC05"", ""AIDC06"", ""AIDC07"", ""AIDC08"", ""AIDC09"", ""AIDC10"", ""AIDC11"", ""AIDC12""]",BLOCKED,FCFS_PREDECESSOR_UNRESOLVED,,,56581.35311691602,56581.35311691602
8130866,PENDING,,,63,1,V10::T3_ISOTONIC_ROLLING14_calibrated,,,False,V42_COMMON_FCFS_FIXED_SITE_TIEBREAK_V1,"[""AIDC01"", ""AIDC02"", ""AIDC03"", ""AIDC04"", ""AIDC05"", ""AIDC06"", ""AIDC07"", ""AIDC08"", ""AIDC09"", ""AIDC10"", ""AIDC11"", ""AIDC12""]",BLOCKED,FCFS_PREDECESSOR_UNRESOLVED,,,56581.35311691602,56581.35311691602
8130867,PENDING,,,63,1,V10::T3_ISOTONIC_ROLLING14_calibrated,,,False,V42_COMMON_FCFS_FIXED_SITE_TIEBREAK_V1,"[""AIDC01"", ""AIDC02"", ""AIDC03"", ""AIDC04"", ""AIDC05"", ""AIDC06"", ""AIDC07"", ""AIDC08"", ""AIDC09"", ""AIDC10"", ""AIDC11"", ""AIDC12""]",BLOCKED,FCFS_PREDECESSOR_UNRESOLVED,,,56581.35311691602,56581.35311691602
8130868,PENDING,,,63,1,V10::T3_ISOTONIC_ROLLING14_calibrated,,,False,V42_COMMON_FCFS_FIXED_SITE_TIEBREAK_V1,"[""AIDC01"", ""AIDC02"", ""AIDC03"", ""AIDC04"", ""AIDC05"", ""AIDC06"", ""AIDC07"", ""AIDC08"", ""AIDC09"", ""AIDC10"", ""AIDC11"", ""AIDC12""]",BLOCKED,FCFS_PREDECESSOR_UNRESOLVED,,,56581.35311691602,56581.35311691602
8130869,PENDING,,,63,1,V10::T3_ISOTONIC_ROLLING14_calibrated,,,False,V42_COMMON_FCFS_FIXED_SITE_TIEBREAK_V1,"[""AIDC01"", ""AIDC02"", ""AIDC03"", ""AIDC04"", ""AIDC05"", ""AIDC06"", ""AIDC07"", ""AIDC08"", ""AIDC09"", ""AIDC10"", ""AIDC11"", ""AIDC12""]",BLOCKED,FCFS_PREDECESSOR_UNRESOLVED,,,56581.35311691602,56581.35311691602
8130870,PENDING,,,63,1,V10::T3_ISOTONIC_ROLLING14_calibrated,,,False,V42_COMMON_FCFS_FIXED_SITE_TIEBREAK_V1,"[""AIDC01"", ""AIDC02"", ""AIDC03"", ""AIDC04"", ""AIDC05"", ""AIDC06"", ""AIDC07"", ""AIDC08"", ""AIDC09"", ""AIDC10"", ""AIDC11"", ""AIDC12""]",BLOCKED,FCFS_PREDECESSOR_UNRESOLVED,,,56581.35311691602,56581.35311691602
8130871,PENDING,,,63,1,V10::T3_ISOTONIC_ROLLING14_calibrated,,,False,V42_COMMON_FCFS_FIXED_SITE_TIEBREAK_V1,"[""AIDC01"", ""AIDC02"", ""AIDC03"", ""AIDC04"", ""AIDC05"", ""AIDC06"", ""AIDC07"", ""AIDC08"", ""AIDC09"", ""AIDC10"", ""AIDC11"", ""AIDC12""]",BLOCKED,FCFS_PREDECESSOR_UNRESOLVED,,,56581.35311691602,56581.35311691602
8130872,PENDING,,,63,1,V10::T3_ISOTONIC_ROLLING14_calibrated,,,False,V42_COMMON_FCFS_FIXED_SITE_TIEBREAK_V1,"[""AIDC01"", ""AIDC02"", ""AIDC03"", ""AIDC04"", ""AIDC05"", ""AIDC06"", ""AIDC07"", ""AIDC08"", ""AIDC09"", ""AIDC10"", ""AIDC11"", ""AIDC12""]",BLOCKED,FCFS_PREDECESSOR_UNRESOLVED,,,56581.35311691602,56581.35311691602
8131120,RUNNING,AIDC07,0,0,2,V10::T3_ISOTONIC_ROLLING14_calibrated,USER_DEFINED_GRID_BLIND_REFERENCE_PLACEMENT,OBSERVED_RUNNING_AT_ISSUE,True,V42_COMMON_FCFS_FIXED_SITE_TIEBREAK_V1,"[""AIDC01"", ""AIDC02"", ""AIDC03"", ""AIDC04"", ""AIDC05"", ""AIDC06"", ""AIDC07"", ""AIDC08"", ""AIDC09"", ""AIDC10"", ""AIDC11"", ""AIDC12""]",REFERENCE_ASSIGNED,,True,True,4260.93471849618,0.0
8131124,RUNNING,AIDC07,0,1,2,V10::T3_ISOTONIC_ROLLING14_calibrated,USER_DEFINED_GRID_BLIND_REFERENCE_PLACEMENT,OBSERVED_RUNNING_AT_ISSUE,True,V42_COMMON_FCFS_FIXED_SITE_TIEBREAK_V1,"[""AIDC01"", ""AIDC02"", ""AIDC03"", ""AIDC04"", ""AIDC05"", ""AIDC06"", ""AIDC07"", ""AIDC08"", ""AIDC09"", ""AIDC10"", ""AIDC11"", ""AIDC12""]",REFERENCE_ASSIGNED,,True,False,4260.93471849618,481.9347184961798
8131492,PENDING,,,5,4,V10::T3_ISOTONIC_ROLLING14_calibrated,,,False,V42_COMMON_FCFS_FIXED_SITE_TIEBREAK_V1,"[""AIDC01"", ""AIDC02"", ""AIDC03"", ""AIDC04"", ""AIDC05"", ""AIDC06"", ""AIDC07"", ""AIDC08"", ""AIDC09"", ""AIDC10"", ""AIDC11"", ""AIDC12""]",BLOCKED,FCFS_PREDECESSOR_UNRESOLVED,,,3840.3993098324,3840.3993098324
8132323,PENDING,,,11,4,V10::T3_ISOTONIC_ROLLING14_calibrated,,,False,V42_COMMON_FCFS_FIXED_SITE_TIEBREAK_V1,"[""AIDC01"", ""AIDC02"", ""AIDC03"", ""AIDC04"", ""AIDC05"", ""AIDC06"", ""AIDC07"", ""AIDC08"", ""AIDC09"", ""AIDC10"", ""AIDC11"", ""AIDC12""]",BLOCKED,FCFS_PREDECESSOR_UNRESOLVED,,,9748.81486381085,9748.81486381085
8132406,RUNNING,AIDC08,0,0,1,V10::T3_ISOTONIC_ROLLING14_calibrated,USER_DEFINED_GRID_BLIND_REFERENCE_PLACEMENT,OBSERVED_RUNNING_AT_ISSUE,True,V42_COMMON_FCFS_FIXED_SITE_TIEBREAK_V1,"[""AIDC01"", ""AIDC02"", ""AIDC03"", ""AIDC04"", ""AIDC05"", ""AIDC06"", ""AIDC07"", ""AIDC08"", ""AIDC09"", ""AIDC10"", ""AIDC11"", ""AIDC12""]",REFERENCE_ASSIGNED,,True,True,8599.056468113857,0.0
8132444,RUNNING,AIDC07,0,0,2,V10::T3_ISOTONIC_ROLLING14_calibrated,USER_DEFINED_GRID_BLIND_REFERENCE_PLACEMENT,OBSERVED_RUNNING_AT_ISSUE,True,V42_COMMON_FCFS_FIXED_SITE_TIEBREAK_V1,"[""AIDC01"", ""AIDC02"", ""AIDC03"", ""AIDC04"", ""AIDC05"", ""AIDC06"", ""AIDC07"", ""AIDC08"", ""AIDC09"", ""AIDC10"", ""AIDC11"", ""AIDC12""]",REFERENCE_ASSIGNED,,True,True,13827.044840453536,0.0
8132501,RUNNING,AIDC07,0,6,4,V10::T3_ISOTONIC_ROLLING14_calibrated,USER_DEFINED_GRID_BLIND_REFERENCE_PLACEMENT,OBSERVED_RUNNING_AT_ISSUE,True,V42_COMMON_FCFS_FIXED_SITE_TIEBREAK_V1,"[""AIDC01"", ""AIDC02"", ""AIDC03"", ""AIDC04"", ""AIDC05"", ""AIDC06"", ""AIDC07"", ""AIDC08"", ""AIDC09"", ""AIDC10"", ""AIDC11"", ""AIDC12""]",REFERENCE_ASSIGNED,,True,False,10001.024773899988,4878.024773899988
8135432,RUNNING,AIDC08,0,3,1,V10::T3_ISOTONIC_ROLLING14_calibrated,USER_DEFINED_GRID_BLIND_REFERENCE_PLACEMENT,OBSERVED_RUNNING_AT_ISSUE,True,V42_COMMON_FCFS_FIXED_SITE_TIEBREAK_V1,"[""AIDC01"", ""AIDC02"", ""AIDC03"", ""AIDC04"", ""AIDC05"", ""AIDC06"", ""AIDC07"", ""AIDC08"", ""AIDC09"", ""AIDC10"", ""AIDC11"", ""AIDC12""]",REFERENCE_ASSIGNED,,True,False,8599.056468113857,2195.0564681138567
8141722,RUNNING,AIDC01,0,0,44,V10::T3_ISOTONIC_ROLLING14_calibrated,USER_DEFINED_GRID_BLIND_REFERENCE_PLACEMENT,OBSERVED_RUNNING_AT_ISSUE,True,V42_COMMON_FCFS_FIXED_SITE_TIEBREAK_V1,"[""AIDC01"", ""AIDC03"", ""AIDC05"", ""AIDC06"", ""AIDC08"", ""AIDC10"", ""AIDC12""]",REFERENCE_ASSIGNED,,True,True,883.2193292086912,0.0
8143956,RUNNING,AIDC08,0,7,1,V10::T3_ISOTONIC_ROLLING14_calibrated,USER_DEFINED_GRID_BLIND_REFERENCE_PLACEMENT,OBSERVED_RUNNING_AT_ISSUE,True,V42_COMMON_FCFS_FIXED_SITE_TIEBREAK_V1,"[""AIDC01"", ""AIDC02"", ""AIDC03"", ""AIDC04"", ""AIDC05"", ""AIDC06"", ""AIDC07"", ""AIDC08"", ""AIDC09"", ""AIDC10"", ""AIDC11"", ""AIDC12""]",REFERENCE_ASSIGNED,,True,False,8599.056468113857,6154.056468113857
8144223,RUNNING,AIDC08,0,7,1,V10::T3_ISOTONIC_ROLLING14_calibrated,USER_DEFINED_GRID_BLIND_REFERENCE_PLACEMENT,OBSERVED_RUNNING_AT_ISSUE,True,V42_COMMON_FCFS_FIXED_SITE_TIEBREAK_V1,"[""AIDC01"", ""AIDC02"", ""AIDC03"", ""AIDC04"", ""AIDC05"", ""AIDC06"", ""AIDC07"", ""AIDC08"", ""AIDC09"", ""AIDC10"", ""AIDC11"", ""AIDC12""]",REFERENCE_ASSIGNED,,True,False,8599.056468113857,6235.056468113857
8144242,RUNNING,AIDC08,0,7,1,V10::T3_ISOTONIC_ROLLING14_calibrated,USER_DEFINED_GRID_BLIND_REFERENCE_PLACEMENT,OBSERVED_RUNNING_AT_ISSUE,True,V42_COMMON_FCFS_FIXED_SITE_TIEBREAK_V1,"[""AIDC01"", ""AIDC02"", ""AIDC03"", ""AIDC04"", ""AIDC05"", ""AIDC06"", ""AIDC07"", ""AIDC08"", ""AIDC09"", ""AIDC10"", ""AIDC11"", ""AIDC12""]",REFERENCE_ASSIGNED,,True,False,8599.056468113857,6240.056468113857
8144323,RUNNING,AIDC08,0,7,1,V10::T3_ISOTONIC_ROLLING14_calibrated,USER_DEFINED_GRID_BLIND_REFERENCE_PLACEMENT,OBSERVED_RUNNING_AT_ISSUE,True,V42_COMMON_FCFS_FIXED_SITE_TIEBREAK_V1,"[""AIDC01"", ""AIDC02"", ""AIDC03"", ""AIDC04"", ""AIDC05"", ""AIDC06"", ""AIDC07"", ""AIDC08"", ""AIDC09"", ""AIDC10"", ""AIDC11"", ""AIDC12""]",REFERENCE_ASSIGNED,,True,False,8599.056468113857,6265.056468113857
8144622,RUNNING,AIDC08,0,8,1,V10::T3_ISOTONIC_ROLLING14_calibrated,USER_DEFINED_GRID_BLIND_REFERENCE_PLACEMENT,OBSERVED_RUNNING_AT_ISSUE,True,V42_COMMON_FCFS_FIXED_SITE_TIEBREAK_V1,"[""AIDC01"", ""AIDC02"", ""AIDC03"", ""AIDC04"", ""AIDC05"", ""AIDC06"", ""AIDC07"", ""AIDC08"", ""AIDC09"", ""AIDC10"", ""AIDC11"", ""AIDC12""]",REFERENCE_ASSIGNED,,True,False,8599.056468113857,6349.056468113857
8144653,RUNNING,AIDC08,0,8,1,V10::T3_ISOTONIC_ROLLING14_calibrated,USER_DEFINED_GRID_BLIND_REFERENCE_PLACEMENT,OBSERVED_RUNNING_AT_ISSUE,True,V42_COMMON_FCFS_FIXED_SITE_TIEBREAK_V1,"[""AIDC01"", ""AIDC02"", ""AIDC03"", ""AIDC04"", ""AIDC05"", ""AIDC06"", ""AIDC07"", ""AIDC08"", ""AIDC09"", ""AIDC10"", ""AIDC11"", ""AIDC12""]",REFERENCE_ASSIGNED,,True,False,8599.056468113857,6932.056468113857
8144657,RUNNING,AIDC08,0,8,1,V10::T3_ISOTONIC_ROLLING14_calibrated,USER_DEFINED_GRID_BLIND_REFERENCE_PLACEMENT,OBSERVED_RUNNING_AT_ISSUE,True,V42_COMMON_FCFS_FIXED_SITE_TIEBREAK_V1,"[""AIDC01"", ""AIDC02"", ""AIDC03"", ""AIDC04"", ""AIDC05"", ""AIDC06"", ""AIDC07"", ""AIDC08"", ""AIDC09"", ""AIDC10"", ""AIDC11"", ""AIDC12""]",REFERENCE_ASSIGNED,,True,False,8599.056468113857,6932.056468113857
8145188,RUNNING,AIDC08,0,8,1,V10::T3_ISOTONIC_ROLLING14_calibrated,USER_DEFINED_GRID_BLIND_REFERENCE_PLACEMENT,OBSERVED_RUNNING_AT_ISSUE,True,V42_COMMON_FCFS_FIXED_SITE_TIEBREAK_V1,"[""AIDC01"", ""AIDC02"", ""AIDC03"", ""AIDC04"", ""AIDC05"", ""AIDC06"", ""AIDC07"", ""AIDC08"", ""AIDC09"", ""AIDC10"", ""AIDC11"", ""AIDC12""]",REFERENCE_ASSIGNED,,True,False,8599.056468113857,7052.056468113857
8146050,RUNNING,AIDC07,0,0,4,V10::T3_ISOTONIC_ROLLING14_calibrated,USER_DEFINED_GRID_BLIND_REFERENCE_PLACEMENT,OBSERVED_RUNNING_AT_ISSUE,True,V42_COMMON_FCFS_FIXED_SITE_TIEBREAK_V1,"[""AIDC01"", ""AIDC02"", ""AIDC03"", ""AIDC04"", ""AIDC05"", ""AIDC06"", ""AIDC07"", ""AIDC08"", ""AIDC09"", ""AIDC10"", ""AIDC11"", ""AIDC12""]",REFERENCE_ASSIGNED,,True,True,123.76944979788898,0.0
8146617,RUNNING,AIDC08,0,9,1,V10::T3_ISOTONIC_ROLLING14_calibrated,USER_DEFINED_GRID_BLIND_REFERENCE_PLACEMENT,OBSERVED_RUNNING_AT_ISSUE,True,V42_COMMON_FCFS_FIXED_SITE_TIEBREAK_V1,"[""AIDC01"", ""AIDC02"", ""AIDC03"", ""AIDC04"", ""AIDC05"", ""AIDC06"", ""AIDC07"", ""AIDC08"", ""AIDC09"", ""AIDC10"", ""AIDC11"", ""AIDC12""]",REFERENCE_ASSIGNED,,True,False,8599.056468113857,7492.056468113857
8146625,RUNNING,AIDC08,0,9,1,V10::T3_ISOTONIC_ROLLING14_calibrated,USER_DEFINED_GRID_BLIND_REFERENCE_PLACEMENT,OBSERVED_RUNNING_AT_ISSUE,True,V42_COMMON_FCFS_FIXED_SITE_TIEBREAK_V1,"[""AIDC01"", ""AIDC02"", ""AIDC03"", ""AIDC04"", ""AIDC05"", ""AIDC06"", ""AIDC07"", ""AIDC08"", ""AIDC09"", ""AIDC10"", ""AIDC11"", ""AIDC12""]",REFERENCE_ASSIGNED,,True,False,8599.056468113857,7525.056468113857
8146632,RUNNING,AIDC08,0,9,1,V10::T3_ISOTONIC_ROLLING14_calibrated,USER_DEFINED_GRID_BLIND_REFERENCE_PLACEMENT,OBSERVED_RUNNING_AT_ISSUE,True,V42_COMMON_FCFS_FIXED_SITE_TIEBREAK_V1,"[""AIDC01"", ""AIDC02"", ""AIDC03"", ""AIDC04"", ""AIDC05"", ""AIDC06"", ""AIDC07"", ""AIDC08"", ""AIDC09"", ""AIDC10"", ""AIDC11"", ""AIDC12""]",REFERENCE_ASSIGNED,,True,False,8599.056468113857,7542.056468113857
8147014,RUNNING,AIDC08,0,9,1,V10::T3_ISOTONIC_ROLLING14_calibrated,USER_DEFINED_GRID_BLIND_REFERENCE_PLACEMENT,OBSERVED_RUNNING_AT_ISSUE,True,V42_COMMON_FCFS_FIXED_SITE_TIEBREAK_V1,"[""AIDC01"", ""AIDC02"", ""AIDC03"", ""AIDC04"", ""AIDC05"", ""AIDC06"", ""AIDC07"", ""AIDC08"", ""AIDC09"", ""AIDC10"", ""AIDC11"", ""AIDC12""]",REFERENCE_ASSIGNED,,True,False,8599.056468113857,7670.056468113857
8147035,RUNNING,AIDC08,0,9,1,V10::T3_ISOTONIC_ROLLING14_calibrated,USER_DEFINED_GRID_BLIND_REFERENCE_PLACEMENT,OBSERVED_RUNNING_AT_ISSUE,True,V42_COMMON_FCFS_FIXED_SITE_TIEBREAK_V1,"[""AIDC01"", ""AIDC02"", ""AIDC03"", ""AIDC04"", ""AIDC05"", ""AIDC06"", ""AIDC07"", ""AIDC08"", ""AIDC09"", ""AIDC10"", ""AIDC11"", ""AIDC12""]",REFERENCE_ASSIGNED,,True,False,8599.056468113857,7715.056468113857
8147042,RUNNING,AIDC08,0,9,1,V10::T3_ISOTONIC_ROLLING14_calibrated,USER_DEFINED_GRID_BLIND_REFERENCE_PLACEMENT,OBSERVED_RUNNING_AT_ISSUE,True,V42_COMMON_FCFS_FIXED_SITE_TIEBREAK_V1,"[""AIDC01"", ""AIDC02"", ""AIDC03"", ""AIDC04"", ""AIDC05"", ""AIDC06"", ""AIDC07"", ""AIDC08"", ""AIDC09"", ""AIDC10"", ""AIDC11"", ""AIDC12""]",REFERENCE_ASSIGNED,,True,False,8599.056468113857,7740.056468113857
8147046,RUNNING,AIDC08,0,9,1,V10::T3_ISOTONIC_ROLLING14_calibrated,USER_DEFINED_GRID_BLIND_REFERENCE_PLACEMENT,OBSERVED_RUNNING_AT_ISSUE,True,V42_COMMON_FCFS_FIXED_SITE_TIEBREAK_V1,"[""AIDC01"", ""AIDC02"", ""AIDC03"", ""AIDC04"", ""AIDC05"", ""AIDC06"", ""AIDC07"", ""AIDC08"", ""AIDC09"", ""AIDC10"", ""AIDC11"", ""AIDC12""]",REFERENCE_ASSIGNED,,True,False,8599.056468113857,7745.056468113857
8147081,RUNNING,AIDC08,0,9,1,V10::T3_ISOTONIC_ROLLING14_calibrated,USER_DEFINED_GRID_BLIND_REFERENCE_PLACEMENT,OBSERVED_RUNNING_AT_ISSUE,True,V42_COMMON_FCFS_FIXED_SITE_TIEBREAK_V1,"[""AIDC01"", ""AIDC02"", ""AIDC03"", ""AIDC04"", ""AIDC05"", ""AIDC06"", ""AIDC07"", ""AIDC08"", ""AIDC09"", ""AIDC10"", ""AIDC11"", ""AIDC12""]",REFERENCE_ASSIGNED,,True,False,8599.056468113857,7768.056468113857
8147183,RUNNING,AIDC08,0,9,1,V10::T3_ISOTONIC_ROLLING14_calibrated,USER_DEFINED_GRID_BLIND_REFERENCE_PLACEMENT,OBSERVED_RUNNING_AT_ISSUE,True,V42_COMMON_FCFS_FIXED_SITE_TIEBREAK_V1,"[""AIDC01"", ""AIDC02"", ""AIDC03"", ""AIDC04"", ""AIDC05"", ""AIDC06"", ""AIDC07"", ""AIDC08"", ""AIDC09"", ""AIDC10"", ""AIDC11"", ""AIDC12""]",REFERENCE_ASSIGNED,,True,False,8599.056468113857,7863.056468113857
8147348,RUNNING,AIDC08,0,9,1,V10::T3_ISOTONIC_ROLLING14_calibrated,USER_DEFINED_GRID_BLIND_REFERENCE_PLACEMENT,OBSERVED_RUNNING_AT_ISSUE,True,V42_COMMON_FCFS_FIXED_SITE_TIEBREAK_V1,"[""AIDC01"", ""AIDC02"", ""AIDC03"", ""AIDC04"", ""AIDC05"", ""AIDC06"", ""AIDC07"", ""AIDC08"", ""AIDC09"", ""AIDC10"", ""AIDC11"", ""AIDC12""]",REFERENCE_ASSIGNED,,True,False,8599.056468113857,7958.056468113857
8147459,RUNNING,AIDC08,0,9,1,V10::T3_ISOTONIC_ROLLING14_calibrated,USER_DEFINED_GRID_BLIND_REFERENCE_PLACEMENT,OBSERVED_RUNNING_AT_ISSUE,True,V42_COMMON_FCFS_FIXED_SITE_TIEBREAK_V1,"[""AIDC01"", ""AIDC02"", ""AIDC03"", ""AIDC04"", ""AIDC05"", ""AIDC06"", ""AIDC07"", ""AIDC08"", ""AIDC09"", ""AIDC10"", ""AIDC11"", ""AIDC12""]",REFERENCE_ASSIGNED,,True,False,8599.056468113857,7986.056468113857
8147528,RUNNING,AIDC08,0,9,1,V10::T3_ISOTONIC_ROLLING14_calibrated,USER_DEFINED_GRID_BLIND_REFERENCE_PLACEMENT,OBSERVED_RUNNING_AT_ISSUE,True,V42_COMMON_FCFS_FIXED_SITE_TIEBREAK_V1,"[""AIDC01"", ""AIDC02"", ""AIDC03"", ""AIDC04"", ""AIDC05"", ""AIDC06"", ""AIDC07"", ""AIDC08"", ""AIDC09"", ""AIDC10"", ""AIDC11"", ""AIDC12""]",REFERENCE_ASSIGNED,,True,False,8599.056468113857,8011.056468113857
8147573,RUNNING,AIDC08,0,9,1,V10::T3_ISOTONIC_ROLLING14_calibrated,USER_DEFINED_GRID_BLIND_REFERENCE_PLACEMENT,OBSERVED_RUNNING_AT_ISSUE,True,V42_COMMON_FCFS_FIXED_SITE_TIEBREAK_V1,"[""AIDC01"", ""AIDC02"", ""AIDC03"", ""AIDC04"", ""AIDC05"", ""AIDC06"", ""AIDC07"", ""AIDC08"", ""AIDC09"", ""AIDC10"", ""AIDC11"", ""AIDC12""]",REFERENCE_ASSIGNED,,True,False,8599.056468113857,8068.056468113857
8147758,RUNNING,AIDC08,0,10,1,V10::T3_ISOTONIC_ROLLING14_calibrated,USER_DEFINED_GRID_BLIND_REFERENCE_PLACEMENT,OBSERVED_RUNNING_AT_ISSUE,True,V42_COMMON_FCFS_FIXED_SITE_TIEBREAK_V1,"[""AIDC01"", ""AIDC02"", ""AIDC03"", ""AIDC04"", ""AIDC05"", ""AIDC06"", ""AIDC07"", ""AIDC08"", ""AIDC09"", ""AIDC10"", ""AIDC11"", ""AIDC12""]",REFERENCE_ASSIGNED,,True,False,8599.056468113857,8186.056468113857
8148003,RUNNING,AIDC08,0,10,1,V10::T3_ISOTONIC_ROLLING14_calibrated,USER_DEFINED_GRID_BLIND_REFERENCE_PLACEMENT,OBSERVED_RUNNING_AT_ISSUE,True,V42_COMMON_FCFS_FIXED_SITE_TIEBREAK_V1,"[""AIDC01"", ""AIDC02"", ""AIDC03"", ""AIDC04"", ""AIDC05"", ""AIDC06"", ""AIDC07"", ""AIDC08"", ""AIDC09"", ""AIDC10"", ""AIDC11"", ""AIDC12""]",REFERENCE_ASSIGNED,,True,False,8599.056468113857,8276.056468113857
8148345,RUNNING,AIDC08,0,10,1,V10::T3_ISOTONIC_ROLLING14_calibrated,USER_DEFINED_GRID_BLIND_REFERENCE_PLACEMENT,OBSERVED_RUNNING_AT_ISSUE,True,V42_COMMON_FCFS_FIXED_SITE_TIEBREAK_V1,"[""AIDC01"", ""AIDC02"", ""AIDC03"", ""AIDC04"", ""AIDC05"", ""AIDC06"", ""AIDC07"", ""AIDC08"", ""AIDC09"", ""AIDC10"", ""AIDC11"", ""AIDC12""]",REFERENCE_ASSIGNED,,True,False,8599.056468113857,8371.056468113857
8148507,RUNNING,AIDC08,0,10,1,V10::T3_ISOTONIC_ROLLING14_calibrated,USER_DEFINED_GRID_BLIND_REFERENCE_PLACEMENT,OBSERVED_RUNNING_AT_ISSUE,True,V42_COMMON_FCFS_FIXED_SITE_TIEBREAK_V1,"[""AIDC01"", ""AIDC02"", ""AIDC03"", ""AIDC04"", ""AIDC05"", ""AIDC06"", ""AIDC07"", ""AIDC08"", ""AIDC09"", ""AIDC10"", ""AIDC11"", ""AIDC12""]",REFERENCE_ASSIGNED,,True,False,8599.056468113857,8489.056468113857
