aidc_id,slot,p_min_kw,p_max_kw,wetbulb_c,rh_pct,slope,intercept_kw,maximum_error_kw,maximum_error_at_kw,minimum_conservatism_kw
AIDC01,0,8.332855716102744,52.15076843766912,12.286969836625476,77.86281693883821,1.0000000035223782,4.982289699844975,1.0501930347572852e-07,42.32747397334876,0.0
AIDC02,0,4.166427858051372,26.07538421883456,12.286969836625476,77.86281693883821,1.000000000013709,4.982289729136591,1.4939161019356106e-10,19.127961329847153,0.0
AIDC03,0,8.332855716102744,52.15076843766912,12.286969836625476,77.86281693883821,1.0000000035223782,4.982289699844975,1.0501930347572852e-07,42.32747397334876,0.0
AIDC04,0,4.166427858051372,26.07538421883456,12.286969836625476,77.86281693883821,1.000000000013709,4.982289729136591,1.4939161019356106e-10,19.127961329847153,0.0
AIDC05,0,10.41606964512843,65.18846054708641,12.286969836625476,77.86281693883821,1.0000000637114836,4.982289065575991,2.5379721861895632e-06,54.43231680024236,0.0
AIDC06,0,8.332855716102744,52.15076843766912,12.286969836625476,77.86281693883821,1.0000000035223782,4.982289699844975,1.0501930347572852e-07,42.32747397334876,0.0
AIDC07,0,4.166427858051372,26.07538421883456,12.286969836625476,77.86281693883821,1.000000000013709,4.982289729136591,1.4939161019356106e-10,19.127961329847153,0.0
AIDC08,0,8.332855716102744,52.15076843766912,12.286969836625476,77.86281693883821,1.0000000035223782,4.982289699844975,1.0501930347572852e-07,42.32747397334876,0.0
AIDC09,0,4.166427858051372,26.07538421883456,12.286969836625476,77.86281693883821,1.000000000013709,4.982289729136591,1.4939161019356106e-10,19.127961329847153,0.0
AIDC10,0,8.332855716102744,52.15076843766912,12.286969836625476,77.86281693883821,1.0000000035223782,4.982289699844975,1.0501930347572852e-07,42.32747397334876,0.0
AIDC11,0,4.166427858051372,26.07538421883456,12.286969836625476,77.86281693883821,1.000000000013709,4.982289729136591,1.4939161019356106e-10,19.127961329847153,0.0
AIDC12,0,8.332855716102744,52.15076843766912,12.286969836625476,77.86281693883821,1.0000000035223782,4.982289699844975,1.0501930347572852e-07,42.32747397334876,0.0
AIDC01,1,8.332855716102744,52.15076843766912,12.231260260374802,78.24835498423258,1.0000000035625551,4.982289699510348,1.0613152312544116e-07,42.313649367300556,-7.105427357601002e-15
AIDC02,1,4.166427858051372,26.07538421883456,12.231260260374802,78.24835498423258,1.0000000000140776,4.982289729135119,1.531894611161988e-10,19.120921509772856,0.0
AIDC03,1,8.332855716102744,52.15076843766912,12.231260260374802,78.24835498423258,1.0000000035625551,4.982289699510348,1.0613152312544116e-07,42.313649367300556,-7.105427357601002e-15
AIDC04,1,4.166427858051372,26.07538421883456,12.231260260374802,78.24835498423258,1.0000000000140776,4.982289729135119,1.531894611161988e-10,19.120921509772856,0.0
AIDC05,1,10.41606964512843,65.18846054708641,12.231260260374802,78.24835498423258,1.0000000639486328,4.982289063106089,2.545733664760519e-06,54.416207777663146,0.0
AIDC06,1,8.332855716102744,52.15076843766912,12.231260260374802,78.24835498423258,1.0000000035625551,4.982289699510348,1.0613152312544116e-07,42.313649367300556,-7.105427357601002e-15
AIDC07,1,4.166427858051372,26.07538421883456,12.231260260374802,78.24835498423258,1.0000000000140776,4.982289729135119,1.531894611161988e-10,19.120921509772856,0.0
AIDC08,1,8.332855716102744,52.15076843766912,12.231260260374802,78.24835498423258,1.0000000035625551,4.982289699510348,1.0613152312544116e-07,42.313649367300556,-7.105427357601002e-15
AIDC09,1,4.166427858051372,26.07538421883456,12.231260260374802,78.24835498423258,1.0000000000140776,4.982289729135119,1.531894611161988e-10,19.120921509772856,0.0
AIDC10,1,8.332855716102744,52.15076843766912,12.231260260374802,78.24835498423258,1.0000000035625551,4.982289699510348,1.0613152312544116e-07,42.313649367300556,-7.105427357601002e-15
AIDC11,1,4.166427858051372,26.07538421883456,12.231260260374802,78.24835498423258,1.0000000000140776,4.982289729135119,1.531894611161988e-10,19.120921509772856,0.0
AIDC12,1,8.332855716102744,52.15076843766912,12.231260260374802,78.24835498423258,1.0000000035625551,4.982289699510348,1.0613152312544116e-07,42.313649367300556,-7.105427357601002e-15
AIDC01,2,8.332855716102744,52.15076843766912,12.17555068412413,78.63389302962693,1.0000000036031904,4.982289699171908,1.0725510435349861e-07,42.29978209948206,0.0
AIDC02,2,4.166427858051372,26.07538421883456,12.17555068412413,78.63389302962693,1.000000000014456,4.98228972913361,1.5707612988080655e-10,19.113831510303164,0.0
AIDC03,2,8.332855716102744,52.15076843766912,12.17555068412413,78.63389302962693,1.0000000036031904,4.982289699171908,1.0725510435349861e-07,42.29978209948206,0.0
AIDC04,2,4.166427858051372,26.07538421883456,12.17555068412413,78.63389302962693,1.000000000014456,4.98228972913361,1.5707612988080655e-10,19.113831510303164,0.0
AIDC05,2,10.41606964512843,65.18846054708641,12.17555068412413,78.63389302962693,1.0000000641866647,4.982289060627002,2.553511066594183e-06,54.40004481863447,-1.4210854715202004e-14
AIDC06,2,8.332855716102744,52.15076843766912,12.17555068412413,78.63389302962693,1.0000000036031904,4.982289699171908,1.0725510435349861e-07,42.29978209948206,0.0
AIDC07,2,4.166427858051372,26.07538421883456,12.17555068412413,78.63389302962693,1.000000000014456,4.98228972913361,1.5707612988080655e-10,19.113831510303164,0.0
AIDC08,2,8.332855716102744,52.15076843766912,12.17555068412413,78.63389302962693,1.0000000036031904,4.982289699171908,1.0725510435349861e-07,42.29978209948206,0.0
AIDC09,2,4.166427858051372,26.07538421883456,12.17555068412413,78.63389302962693,1.000000000014456,4.98228972913361,1.5707612988080655e-10,19.113831510303164,0.0
AIDC10,2,8.332855716102744,52.15076843766912,12.17555068412413,78.63389302962693,1.0000000036031904,4.982289699171908,1.0725510435349861e-07,42.29978209948206,0.0
AIDC11,2,4.166427858051372,26.07538421883456,12.17555068412413,78.63389302962693,1.000000000014456,4.98228972913361,1.5707612988080655e-10,19.113831510303164,0.0
AIDC12,2,8.332855716102744,52.15076843766912,12.17555068412413,78.63389302962693,1.0000000036031904,4.982289699171908,1.0725510435349861e-07,42.29978209948206,0.0
AIDC01,3,8.332855716102744,52.15076843766912,12.119841107873455,79.0194310750213,1.0000000036442889,4.982289698829618,1.0839018216302065e-07,42.28587158246668,0.0
AIDC02,3,4.166427858051372,26.07538421883456,12.119841107873455,79.0194310750213,1.0000000000148446,4.9822897291320585,1.610587219147419e-10,19.106744697725567,0.0
AIDC03,3,8.332855716102744,52.15076843766912,12.119841107873455,79.0194310750213,1.0000000036442889,4.982289698829618,1.0839018216302065e-07,42.28587158246668,0.0
AIDC04,3,4.166427858051372,26.07538421883456,12.119841107873455,79.0194310750213,1.0000000000148446,4.9822897291320585,1.610587219147419e-10,19.106744697725567,0.0
AIDC05,3,10.41606964512843,65.18846054708641,12.119841107873455,79.0194310750213,1.0000000644255826,4.982289058138694,2.561304341952564e-06,54.38382766661657,0.0
AIDC06,3,8.332855716102744,52.15076843766912,12.119841107873455,79.0194310750213,1.0000000036442889,4.982289698829618,1.0839018216302065e-07,42.28587158246668,0.0
AIDC07,3,4.166427858051372,26.07538421883456,12.119841107873455,79.0194310750213,1.0000000000148446,4.9822897291320585,1.610587219147419e-10,19.106744697725567,0.0
AIDC08,3,8.332855716102744,52.15076843766912,12.119841107873455,79.0194310750213,1.0000000036442889,4.982289698829618,1.0839018216302065e-07,42.28587158246668,0.0
AIDC09,3,4.166427858051372,26.07538421883456,12.119841107873455,79.0194310750213,1.0000000000148446,4.9822897291320585,1.610587219147419e-10,19.106744697725567,0.0
AIDC10,3,8.332855716102744,52.15076843766912,12.119841107873455,79.0194310750213,1.0000000036442889,4.982289698829618,1.0839018216302065e-07,42.28587158246668,0.0
AIDC11,3,4.166427858051372,26.07538421883456,12.119841107873455,79.0194310750213,1.0000000000148446,4.9822897291320585,1.610587219147419e-10,19.106744697725567,0.0
AIDC12,3,8.332855716102744,52.15076843766912,12.119841107873455,79.0194310750213,1.0000000036442889,4.982289698829618,1.0839018216302065e-07,42.28587158246668,0.0
AIDC01,4,8.332855716102744,52.15076843766912,12.064131531622783,79.40496912041567,1.0000000036858563,4.982289698483424,1.0953684892456295e-07,42.27191819099822,0.0
AIDC02,4,4.166427858051372,26.07538421883456,12.064131531622783,79.40496912041567,1.0000000000152436,4.982289729130471,1.6514789535904129e-10,19.099646019504526,0.0
AIDC03,4,8.332855716102744,52.15076843766912,12.064131531622783,79.40496912041567,1.0000000036858563,4.982289698483424,1.0953684892456295e-07,42.27191819099822,0.0
AIDC04,4,4.166427858051372,26.07538421883456,12.064131531622783,79.40496912041567,1.0000000000152436,4.982289729130471,1.6514789535904129e-10,19.099646019504526,0.0
AIDC05,4,10.41606964512843,65.18846054708641,12.064131531622783,79.40496912041567,1.0000000646653893,4.982289055641141,2.5691134055705334e-06,54.3675559899099,0.0
AIDC06,4,8.332855716102744,52.15076843766912,12.064131531622783,79.40496912041567,1.0000000036858563,4.982289698483424,1.0953684892456295e-07,42.27191819099822,0.0
AIDC07,4,4.166427858051372,26.07538421883456,12.064131531622783,79.40496912041567,1.0000000000152436,4.982289729130471,1.6514789535904129e-10,19.099646019504526,0.0
AIDC08,4,8.332855716102744,52.15076843766912,12.064131531622783,79.40496912041567,1.0000000036858563,4.982289698483424,1.0953684892456295e-07,42.27191819099822,0.0
AIDC09,4,4.166427858051372,26.07538421883456,12.064131531622783,79.40496912041567,1.0000000000152436,4.982289729130471,1.6514789535904129e-10,19.099646019504526,0.0
AIDC10,4,8.332855716102744,52.15076843766912,12.064131531622783,79.40496912041567,1.0000000036858563,4.982289698483424,1.0953684892456295e-07,42.27191819099822,0.0
AIDC11,4,4.166427858051372,26.07538421883456,12.064131531622783,79.40496912041567,1.0000000000152436,4.982289729130471,1.6514789535904129e-10,19.099646019504526,0.0
AIDC12,4,8.332855716102744,52.15076843766912,12.064131531622783,79.40496912041567,1.0000000036858563,4.982289698483424,1.0953684892456295e-07,42.27191819099822,0.0
AIDC01,5,8.332855716102744,52.15076843766912,11.953207336757051,79.8958661749308,1.000000003783459,4.982289697670518,1.1225313301110873e-07,42.244005768175555,0.0
AIDC02,5,4.166427858051372,26.07538421883456,11.953207336757051,79.8958661749308,1.0000000000161273,4.982289729126949,1.7421086795366136e-10,19.085438150730432,0.0
AIDC03,5,8.332855716102744,52.15076843766912,11.953207336757051,79.8958661749308,1.000000003783459,4.982289697670518,1.1225313301110873e-07,42.244005768175555,0.0
AIDC04,5,4.166427858051372,26.07538421883456,11.953207336757051,79.8958661749308,1.0000000000161273,4.982289729126949,1.7421086795366136e-10,19.085438150730432,0.0
AIDC05,5,10.41606964512843,65.18846054708641,11.953207336757051,79.8958661749308,1.0000000653774386,4.982289048225024,2.593910075177064e-06,54.334993875682486,0.0
AIDC06,5,8.332855716102744,52.15076843766912,11.953207336757051,79.8958661749308,1.000000003783459,4.982289697670518,1.1225313301110873e-07,42.244005768175555,0.0
AIDC07,5,4.166427858051372,26.07538421883456,11.953207336757051,79.8958661749308,1.0000000000161273,4.982289729126949,1.7421086795366136e-10,19.085438150730432,0.0
AIDC08,5,8.332855716102744,52.15076843766912,11.953207336757051,79.8958661749308,1.000000003783459,4.982289697670518,1.1225313301110873e-07,42.244005768175555,0.0
AIDC09,5,4.166427858051372,26.07538421883456,11.953207336757051,79.8958661749308,1.0000000000161273,4.982289729126949,1.7421086795366136e-10,19.085438150730432,0.0
AIDC10,5,8.332855716102744,52.15076843766912,11.953207336757051,79.8958661749308,1.000000003783459,4.982289697670518,1.1225313301110873e-07,42.244005768175555,0.0
AIDC11,5,4.166427858051372,26.07538421883456,11.953207336757051,79.8958661749308,1.0000000000161273,4.982289729126949,1.7421086795366136e-10,19.085438150730432,0.0
AIDC12,5,8.332855716102744,52.15076843766912,11.953207336757051,79.8958661749308,1.000000003783459,4.982289697670518,1.1225313301110873e-07,42.244005768175555,0.0
AIDC01,6,8.332855716102744,52.15076843766912,11.84228314189132,80.38676322944593,1.0000000038836463,4.982289696836107,1.1503500019216517e-07,42.215920032510496,0.0
AIDC02,6,4.166427858051372,26.07538421883456,11.84228314189132,80.38676322944593,1.0000000000170628,4.982289729123224,1.837676677496347e-10,19.07131873412738,0.0
AIDC03,6,8.332855716102744,52.15076843766912,11.84228314189132,80.38676322944593,1.0000000038836463,4.982289696836107,1.1503500019216517e-07,42.215920032510496,0.0
AIDC04,6,4.166427858051372,26.07538421883456,11.84228314189132,80.38676322944593,1.0000000000170628,4.982289729123224,1.837676677496347e-10,19.07131873412738,0.0
AIDC05,6,10.41606964512843,65.18846054708641,11.84228314189132,80.38676322944593,1.0000000660973272,4.982289040727302,2.6189131148157685e-06,54.302212374494744,0.0
AIDC06,6,8.332855716102744,52.15076843766912,11.84228314189132,80.38676322944593,1.0000000038836463,4.982289696836107,1.1503500019216517e-07,42.215920032510496,0.0
AIDC07,6,4.166427858051372,26.07538421883456,11.84228314189132,80.38676322944593,1.0000000000170628,4.982289729123224,1.837676677496347e-10,19.07131873412738,0.0
AIDC08,6,8.332855716102744,52.15076843766912,11.84228314189132,80.38676322944593,1.0000000038836463,4.982289696836107,1.1503500019216517e-07,42.215920032510496,0.0
AIDC09,6,4.166427858051372,26.07538421883456,11.84228314189132,80.38676322944593,1.0000000000170628,4.982289729123224,1.837676677496347e-10,19.07131873412738,0.0
AIDC10,6,8.332855716102744,52.15076843766912,11.84228314189132,80.38676322944593,1.0000000038836463,4.982289696836107,1.1503500019216517e-07,42.215920032510496,0.0
AIDC11,6,4.166427858051372,26.07538421883456,11.84228314189132,80.38676322944593,1.0000000000170628,4.982289729123224,1.837676677496347e-10,19.07131873412738,0.0
AIDC12,6,8.332855716102744,52.15076843766912,11.84228314189132,80.38676322944593,1.0000000038836463,4.982289696836107,1.1503500019216517e-07,42.215920032510496,0.0
AIDC01,7,8.332855716102744,52.15076843766912,11.731358947025589,80.87766028396106,1.000000003986486,4.982289695979631,1.1788394971290472e-07,42.18765915380179,0.0
AIDC02,7,4.166427858051372,26.07538421883456,11.731358947025589,80.87766028396106,1.0000000000180518,4.982289729119293,1.9383605831535533e-10,19.05698596701562,-3.552713678800501e-15
AIDC03,7,8.332855716102744,52.15076843766912,11.731358947025589,80.87766028396106,1.000000003986486,4.982289695979631,1.1788394971290472e-07,42.18765915380179,0.0
AIDC04,7,4.166427858051372,26.07538421883456,11.731358947025589,80.87766028396106,1.0000000000180518,4.982289729119293,1.9383605831535533e-10,19.05698596701562,-3.552713678800501e-15
AIDC05,7,10.41606964512843,65.18846054708641,11.731358947025589,80.87766028396106,1.0000000668251428,4.982289033147067,2.644123455297631e-06,54.26920933428093,0.0
AIDC06,7,8.332855716102744,52.15076843766912,11.731358947025589,80.87766028396106,1.000000003986486,4.982289695979631,1.1788394971290472e-07,42.18765915380179,0.0
AIDC07,7,4.166427858051372,26.07538421883456,11.731358947025589,80.87766028396106,1.0000000000180518,4.982289729119293,1.9383605831535533e-10,19.05698596701562,-3.552713678800501e-15
AIDC08,7,8.332855716102744,52.15076843766912,11.731358947025589,80.87766028396106,1.000000003986486,4.982289695979631,1.1788394971290472e-07,42.18765915380179,0.0
AIDC09,7,4.166427858051372,26.07538421883456,11.731358947025589,80.87766028396106,1.0000000000180518,4.982289729119293,1.9383605831535533e-10,19.05698596701562,-3.552713678800501e-15
AIDC10,7,8.332855716102744,52.15076843766912,11.731358947025589,80.87766028396106,1.000000003986486,4.982289695979631,1.1788394971290472e-07,42.18765915380179,0.0
AIDC11,7,4.166427858051372,26.07538421883456,11.731358947025589,80.87766028396106,1.0000000000180518,4.982289729119293,1.9383605831535533e-10,19.05698596701562,-3.552713678800501e-15
AIDC12,7,8.332855716102744,52.15076843766912,11.731358947025589,80.87766028396106,1.000000003986486,4.982289695979631,1.1788394971290472e-07,42.18765915380179,0.0
AIDC01,8,8.332855716102744,52.15076843766912,11.620434752159857,81.3685573384762,1.0000000040920485,4.982289695100501,1.2080152345106399e-07,42.15922150627095,0.0
AIDC02,8,4.166427858051372,26.07538421883456,11.620434752159857,81.3685573384762,1.000000000019098,4.982289729115138,2.0445156678761123e-10,19.042608570503326,-7.105427357601002e-15
AIDC03,8,8.332855716102744,52.15076843766912,11.620434752159857,81.3685573384762,1.0000000040920485,4.982289695100501,1.2080152345106399e-07,42.15922150627095,0.0
AIDC04,8,4.166427858051372,26.07538421883456,11.620434752159857,81.3685573384762,1.000000000019098,4.982289729115138,2.0445156678761123e-10,19.042608570503326,-7.105427357601002e-15
AIDC05,8,10.41606964512843,65.18846054708641,11.620434752159857,81.3685573384762,1.0000000675609713,4.982289025483427,2.669541892430516e-06,54.235982397757965,0.0
AIDC06,8,8.332855716102744,52.15076843766912,11.620434752159857,81.3685573384762,1.0000000040920485,4.982289695100501,1.2080152345106399e-07,42.15922150627095,0.0
AIDC07,8,4.166427858051372,26.07538421883456,11.620434752159857,81.3685573384762,1.000000000019098,4.982289729115138,2.0445156678761123e-10,19.042608570503326,-7.105427357601002e-15
AIDC08,8,8.332855716102744,52.15076843766912,11.620434752159857,81.3685573384762,1.0000000040920485,4.982289695100501,1.2080152345106399e-07,42.15922150627095,0.0
AIDC09,8,4.166427858051372,26.07538421883456,11.620434752159857,81.3685573384762,1.000000000019098,4.982289729115138,2.0445156678761123e-10,19.042608570503326,-7.105427357601002e-15
AIDC10,8,8.332855716102744,52.15076843766912,11.620434752159857,81.3685573384762,1.0000000040920485,4.982289695100501,1.2080152345106399e-07,42.15922150627095,0.0
AIDC11,8,4.166427858051372,26.07538421883456,11.620434752159857,81.3685573384762,1.000000000019098,4.982289729115138,2.0445156678761123e-10,19.042608570503326,-7.105427357601002e-15
AIDC12,8,8.332855716102744,52.15076843766912,11.620434752159857,81.3685573384762,1.0000000040920485,4.982289695100501,1.2080152345106399e-07,42.15922150627095,0.0
AIDC01,9,8.332855716102744,52.15076843766912,11.471603171611012,82.33298617785111,1.0000000042214836,4.982289694022654,1.243376104298477e-07,42.12078531387277,0.0
AIDC02,9,4.166427858051372,26.07538421883456,11.471603171611012,82.33298617785111,1.0000000000205176,4.982289729109513,2.1875479205846204e-10,19.023371029379994,0.0
AIDC03,9,8.332855716102744,52.15076843766912,11.471603171611012,82.33298617785111,1.0000000042214836,4.982289694022654,1.243376104298477e-07,42.12078531387277,0.0
AIDC04,9,4.166427858051372,26.07538421883456,11.471603171611012,82.33298617785111,1.0000000000205176,4.982289729109513,2.1875479205846204e-10,19.023371029379994,0.0
AIDC05,9,10.41606964512843,65.18846054708641,11.471603171611012,82.33298617785111,1.0000000682923589,4.982289017866364,2.6933800754136428e-06,54.191044730837504,0.0
AIDC06,9,8.332855716102744,52.15076843766912,11.471603171611012,82.33298617785111,1.0000000042214836,4.982289694022654,1.243376104298477e-07,42.12078531387277,0.0
AIDC07,9,4.166427858051372,26.07538421883456,11.471603171611012,82.33298617785111,1.0000000000205176,4.982289729109513,2.1875479205846204e-10,19.023371029379994,0.0
AIDC08,9,8.332855716102744,52.15076843766912,11.471603171611012,82.33298617785111,1.0000000042214836,4.982289694022654,1.243376104298477e-07,42.12078531387277,0.0
AIDC09,9,4.166427858051372,26.07538421883456,11.471603171611012,82.33298617785111,1.0000000000205176,4.982289729109513,2.1875479205846204e-10,19.023371029379994,0.0
AIDC10,9,8.332855716102744,52.15076843766912,11.471603171611012,82.33298617785111,1.0000000042214836,4.982289694022654,1.243376104298477e-07,42.12078531387277,0.0
AIDC11,9,4.166427858051372,26.07538421883456,11.471603171611012,82.33298617785111,1.0000000000205176,4.982289729109513,2.1875479205846204e-10,19.023371029379994,0.0
AIDC12,9,8.332855716102744,52.15076843766912,11.471603171611012,82.33298617785111,1.0000000042214836,4.982289694022654,1.243376104298477e-07,42.12078531387277,0.0
AIDC01,10,8.332855716102744,52.15076843766912,11.322771591062168,83.29741501722603,1.0000000043550121,4.982289692910772,1.2797339365988591e-07,42.082024363101084,0.0
AIDC02,10,4.166427858051372,26.07538421883456,11.322771591062168,83.29741501722603,1.000000000022042,4.9822897291034876,2.34035013590983e-10,19.003931387968514,-3.552713678800501e-15
AIDC03,10,8.332855716102744,52.15076843766912,11.322771591062168,83.29741501722603,1.0000000043550121,4.982289692910772,1.2797339365988591e-07,42.082024363101084,0.0
AIDC04,10,4.166427858051372,26.07538421883456,11.322771591062168,83.29741501722603,1.000000000022042,4.9822897291034876,2.34035013590983e-10,19.003931387968514,-3.552713678800501e-15
AIDC05,10,10.41606964512843,65.18846054708641,11.322771591062168,83.29741501722603,1.0000000690316624,4.982289010166964,2.71736556101132e-06,54.14569422904455,0.0
AIDC06,10,8.332855716102744,52.15076843766912,11.322771591062168,83.29741501722603,1.0000000043550121,4.982289692910772,1.2797339365988591e-07,42.082024363101084,0.0
AIDC07,10,4.166427858051372,26.07538421883456,11.322771591062168,83.29741501722603,1.000000000022042,4.9822897291034876,2.34035013590983e-10,19.003931387968514,-3.552713678800501e-15
AIDC08,10,8.332855716102744,52.15076843766912,11.322771591062168,83.29741501722603,1.0000000043550121,4.982289692910772,1.2797339365988591e-07,42.082024363101084,0.0
AIDC09,10,4.166427858051372,26.07538421883456,11.322771591062168,83.29741501722603,1.000000000022042,4.9822897291034876,2.34035013590983e-10,19.003931387968514,-3.552713678800501e-15
AIDC10,10,8.332855716102744,52.15076843766912,11.322771591062168,83.29741501722603,1.0000000043550121,4.982289692910772,1.2797339365988591e-07,42.082024363101084,0.0
AIDC11,10,4.166427858051372,26.07538421883456,11.322771591062168,83.29741501722603,1.000000000022042,4.9822897291034876,2.34035013590983e-10,19.003931387968514,-3.552713678800501e-15
AIDC12,10,8.332855716102744,52.15076843766912,11.322771591062168,83.29741501722603,1.0000000043550121,4.982289692910772,1.2797339365988591e-07,42.082024363101084,0.0
AIDC01,11,8.332855716102744,52.15076843766912,11.173940010513322,84.26184385660096,1.000000004492763,4.982289691763789,1.3171148793844623e-07,42.042934312321236,-7.105427357601002e-15
AIDC02,11,4.166427858051372,26.07538421883456,11.173940010513322,84.26184385660096,1.0000000000236797,4.982289729097024,2.503739437997865e-10,18.98446919757371,0.0
AIDC03,11,8.332855716102744,52.15076843766912,11.173940010513322,84.26184385660096,1.000000004492763,4.982289691763789,1.3171148793844623e-07,42.042934312321236,-7.105427357601002e-15
AIDC04,11,4.166427858051372,26.07538421883456,11.173940010513322,84.26184385660096,1.0000000000236797,4.982289729097024,2.503739437997865e-10,18.98446919757371,0.0
AIDC05,11,10.41606964512843,65.18846054708641,11.173940010513322,84.26184385660096,1.0000000697789675,4.982289002384343,2.7414971484063244e-06,54.09992515172418,0.0
AIDC06,11,8.332855716102744,52.15076843766912,11.173940010513322,84.26184385660096,1.000000004492763,4.982289691763789,1.3171148793844623e-07,42.042934312321236,-7.105427357601002e-15
AIDC07,11,4.166427858051372,26.07538421883456,11.173940010513322,84.26184385660096,1.0000000000236797,4.982289729097024,2.503739437997865e-10,18.98446919757371,0.0
AIDC08,11,8.332855716102744,52.15076843766912,11.173940010513322,84.26184385660096,1.000000004492763,4.982289691763789,1.3171148793844623e-07,42.042934312321236,-7.105427357601002e-15
AIDC09,11,4.166427858051372,26.07538421883456,11.173940010513322,84.26184385660096,1.0000000000236797,4.982289729097024,2.503739437997865e-10,18.98446919757371,0.0
AIDC10,11,8.332855716102744,52.15076843766912,11.173940010513322,84.26184385660096,1.000000004492763,4.982289691763789,1.3171148793844623e-07,42.042934312321236,-7.105427357601002e-15
AIDC11,11,4.166427858051372,26.07538421883456,11.173940010513322,84.26184385660096,1.0000000000236797,4.982289729097024,2.503739437997865e-10,18.98446919757371,0.0
AIDC12,11,8.332855716102744,52.15076843766912,11.173940010513322,84.26184385660096,1.000000004492763,4.982289691763789,1.3171148793844623e-07,42.042934312321236,-7.105427357601002e-15
AIDC01,12,8.332855716102744,52.15076843766912,11.025108429964476,85.22627269597588,1.0000000046348707,4.982289690580593,1.3555459332792452e-07,42.003511989951235,0.0
AIDC02,12,4.166427858051372,26.07538421883456,11.025108429964476,85.22627269597588,1.0000000000254385,4.982289729090097,2.6783197881741216e-10,18.964828107951746,0.0
AIDC03,12,8.332855716102744,52.15076843766912,11.025108429964476,85.22627269597588,1.0000000046348707,4.982289690580593,1.3555459332792452e-07,42.003511989951235,0.0
AIDC04,12,4.166427858051372,26.07538421883456,11.025108429964476,85.22627269597588,1.0000000000254385,4.982289729090097,2.6783197881741216e-10,18.964828107951746,0.0
AIDC05,12,10.41606964512843,65.18846054708641,11.025108429964476,85.22627269597588,1.0000000705343606,4.982288994517615,2.7657736012542955e-06,54.053731640450266,0.0
AIDC06,12,8.332855716102744,52.15076843766912,11.025108429964476,85.22627269597588,1.0000000046348707,4.982289690580593,1.3555459332792452e-07,42.003511989951235,0.0
AIDC07,12,4.166427858051372,26.07538421883456,11.025108429964476,85.22627269597588,1.0000000000254385,4.982289729090097,2.6783197881741216e-10,18.964828107951746,0.0
AIDC08,12,8.332855716102744,52.15076843766912,11.025108429964476,85.22627269597588,1.0000000046348707,4.982289690580593,1.3555459332792452e-07,42.003511989951235,0.0
AIDC09,12,4.166427858051372,26.07538421883456,11.025108429964476,85.22627269597588,1.0000000000254385,4.982289729090097,2.6783197881741216e-10,18.964828107951746,0.0
AIDC10,12,8.332855716102744,52.15076843766912,11.025108429964476,85.22627269597588,1.0000000046348707,4.982289690580593,1.3555459332792452e-07,42.003511989951235,0.0
AIDC11,12,4.166427858051372,26.07538421883456,11.025108429964476,85.22627269597588,1.0000000000254385,4.982289729090097,2.6783197881741216e-10,18.964828107951746,0.0
AIDC12,12,8.332855716102744,52.15076843766912,11.025108429964476,85.22627269597588,1.0000000046348707,4.982289690580593,1.3555459332792452e-07,42.003511989951235,0.0
AIDC01,13,8.332855716102744,52.15076843766912,10.914351507164637,86.0096371475071,1.0000000047395345,4.982289689709219,1.3836758228080726e-07,41.973955860419395,-7.105427357601002e-15
AIDC02,13,4.166427858051372,26.07538421883456,10.914351507164637,86.0096371475071,1.000000000026809,4.982289729084709,2.8136071250628447e-10,18.950163292151444,-7.105427357601002e-15
AIDC03,13,8.332855716102744,52.15076843766912,10.914351507164637,86.0096371475071,1.0000000047395345,4.982289689709219,1.3836758228080726e-07,41.973955860419395,-7.105427357601002e-15
AIDC04,13,4.166427858051372,26.07538421883456,10.914351507164637,86.0096371475071,1.000000000026809,4.982289729084709,2.8136071250628447e-10,18.950163292151444,-7.105427357601002e-15
AIDC05,13,10.41606964512843,65.18846054708641,10.914351507164637,86.0096371475071,1.0000000710418893,4.982288989232359,2.7815867298386365e-06,54.01907654529148,0.0
AIDC06,13,8.332855716102744,52.15076843766912,10.914351507164637,86.0096371475071,1.0000000047395345,4.982289689709219,1.3836758228080726e-07,41.973955860419395,-7.105427357601002e-15
AIDC07,13,4.166427858051372,26.07538421883456,10.914351507164637,86.0096371475071,1.000000000026809,4.982289729084709,2.8136071250628447e-10,18.950163292151444,-7.105427357601002e-15
AIDC08,13,8.332855716102744,52.15076843766912,10.914351507164637,86.0096371475071,1.0000000047395345,4.982289689709219,1.3836758228080726e-07,41.973955860419395,-7.105427357601002e-15
AIDC09,13,4.166427858051372,26.07538421883456,10.914351507164637,86.0096371475071,1.000000000026809,4.982289729084709,2.8136071250628447e-10,18.950163292151444,-7.105427357601002e-15
AIDC10,13,8.332855716102744,52.15076843766912,10.914351507164637,86.0096371475071,1.0000000047395345,4.982289689709219,1.3836758228080726e-07,41.973955860419395,-7.105427357601002e-15
AIDC11,13,4.166427858051372,26.07538421883456,10.914351507164637,86.0096371475071,1.000000000026809,4.982289729084709,2.8136071250628447e-10,18.950163292151444,-7.105427357601002e-15
AIDC12,13,8.332855716102744,52.15076843766912,10.914351507164637,86.0096371475071,1.0000000047395345,4.982289689709219,1.3836758228080726e-07,41.973955860419395,-7.105427357601002e-15
AIDC01,14,8.332855716102744,52.15076843766912,10.803594584364799,86.79300159903832,1.0000000048465616,4.982289688818213,1.4123643410357545e-07,41.9442117537039,0.0
AIDC02,14,4.166427858051372,26.07538421883456,10.803594584364799,86.79300159903832,1.0000000000282534,4.982289729079041,2.955715672214865e-10,18.935482968326184,0.0
AIDC03,14,8.332855716102744,52.15076843766912,10.803594584364799,86.79300159903832,1.0000000048465616,4.982289688818213,1.4123643410357545e-07,41.9442117537039,0.0
AIDC04,14,4.166427858051372,26.07538421883456,10.803594584364799,86.79300159903832,1.0000000000282534,4.982289729079041,2.955715672214865e-10,18.935482968326184,0.0
AIDC05,14,10.41606964512843,65.18846054708641,10.803594584364799,86.79300159903832,1.0000000715530686,4.982288983909168,2.797449958791276e-06,53.9841806081468,0.0
AIDC06,14,8.332855716102744,52.15076843766912,10.803594584364799,86.79300159903832,1.0000000048465616,4.982289688818213,1.4123643410357545e-07,41.9442117537039,0.0
AIDC07,14,4.166427858051372,26.07538421883456,10.803594584364799,86.79300159903832,1.0000000000282534,4.982289729079041,2.955715672214865e-10,18.935482968326184,0.0
AIDC08,14,8.332855716102744,52.15076843766912,10.803594584364799,86.79300159903832,1.0000000048465616,4.982289688818213,1.4123643410357545e-07,41.9442117537039,0.0
AIDC09,14,4.166427858051372,26.07538421883456,10.803594584364799,86.79300159903832,1.0000000000282534,4.982289729079041,2.955715672214865e-10,18.935482968326184,0.0
AIDC10,14,8.332855716102744,52.15076843766912,10.803594584364799,86.79300159903832,1.0000000048465616,4.982289688818213,1.4123643410357545e-07,41.9442117537039,0.0
AIDC11,14,4.166427858051372,26.07538421883456,10.803594584364799,86.79300159903832,1.0000000000282534,4.982289729079041,2.955715672214865e-10,18.935482968326184,0.0
AIDC12,14,8.332855716102744,52.15076843766912,10.803594584364799,86.79300159903832,1.0000000048465616,4.982289688818213,1.4123643410357545e-07,41.9442117537039,0.0
AIDC01,15,8.332855716102744,52.15076843766912,10.69283766156496,87.57636605056955,1.0000000049560045,4.982289687907137,1.4416215776691388e-07,41.914277315765304,0.0
AIDC02,15,4.166427858051372,26.07538421883456,10.69283766156496,87.57636605056955,1.0000000000297755,4.982289729073076,3.10485859245091e-10,18.920754860117924,0.0
AIDC03,15,8.332855716102744,52.15076843766912,10.69283766156496,87.57636605056955,1.0000000049560045,4.982289687907137,1.4416215776691388e-07,41.914277315765304,0.0
AIDC04,15,4.166427858051372,26.07538421883456,10.69283766156496,87.57636605056955,1.0000000000297755,4.982289729073076,3.10485859245091e-10,18.920754860117924,0.0
AIDC05,15,10.41606964512843,65.18846054708641,10.69283766156496,87.57636605056955,1.000000072067925,4.982288978547768,2.8133625207260593e-06,53.94904131753948,0.0
AIDC06,15,8.332855716102744,52.15076843766912,10.69283766156496,87.57636605056955,1.0000000049560045,4.982289687907137,1.4416215776691388e-07,41.914277315765304,0.0
AIDC07,15,4.166427858051372,26.07538421883456,10.69283766156496,87.57636605056955,1.0000000000297755,4.982289729073076,3.10485859245091e-10,18.920754860117924,0.0
AIDC08,15,8.332855716102744,52.15076843766912,10.69283766156496,87.57636605056955,1.0000000049560045,4.982289687907137,1.4416215776691388e-07,41.914277315765304,0.0
AIDC09,15,4.166427858051372,26.07538421883456,10.69283766156496,87.57636605056955,1.0000000000297755,4.982289729073076,3.10485859245091e-10,18.920754860117924,0.0
AIDC10,15,8.332855716102744,52.15076843766912,10.69283766156496,87.57636605056955,1.0000000049560045,4.982289687907137,1.4416215776691388e-07,41.914277315765304,0.0
AIDC11,15,4.166427858051372,26.07538421883456,10.69283766156496,87.57636605056955,1.0000000000297755,4.982289729073076,3.10485859245091e-10,18.920754860117924,0.0
AIDC12,15,8.332855716102744,52.15076843766912,10.69283766156496,87.57636605056955,1.0000000049560045,4.982289687907137,1.4416215776691388e-07,41.914277315765304,0.0
AIDC01,16,8.332855716102744,52.15076843766912,10.582080738765121,88.35973050210077,1.0000000050679183,4.982289686975541,1.4714580487407147e-07,41.884151325669364,0.0
AIDC02,16,4.166427858051372,26.07538421883456,10.582080738765121,88.35973050210077,1.0000000000313791,4.982289729066805,3.261355630002072e-10,18.90592173926634,0.0
AIDC03,16,8.332855716102744,52.15076843766912,10.582080738765121,88.35973050210077,1.0000000050679183,4.982289686975541,1.4714580487407147e-07,41.884151325669364,0.0
AIDC04,16,4.166427858051372,26.07538421883456,10.582080738765121,88.35973050210077,1.0000000000313791,4.982289729066805,3.261355630002072e-10,18.90592173926634,0.0
AIDC05,16,10.41606964512843,65.18846054708641,10.582080738765121,88.35973050210077,1.000000072586484,4.982288973147906,2.8293235416754214e-06,53.91365606168323,0.0
AIDC06,16,8.332855716102744,52.15076843766912,10.582080738765121,88.35973050210077,1.0000000050679183,4.982289686975541,1.4714580487407147e-07,41.884151325669364,0.0
AIDC07,16,4.166427858051372,26.07538421883456,10.582080738765121,88.35973050210077,1.0000000000313791,4.982289729066805,3.261355630002072e-10,18.90592173926634,0.0
AIDC08,16,8.332855716102744,52.15076843766912,10.582080738765121,88.35973050210077,1.0000000050679183,4.982289686975541,1.4714580487407147e-07,41.884151325669364,0.0
AIDC09,16,4.166427858051372,26.07538421883456,10.582080738765121,88.35973050210077,1.0000000000313791,4.982289729066805,3.261355630002072e-10,18.90592173926634,0.0
AIDC10,16,8.332855716102744,52.15076843766912,10.582080738765121,88.35973050210077,1.0000000050679183,4.982289686975541,1.4714580487407147e-07,41.884151325669364,0.0
AIDC11,16,4.166427858051372,26.07538421883456,10.582080738765121,88.35973050210077,1.0000000000313791,4.982289729066805,3.261355630002072e-10,18.90592173926634,0.0
AIDC12,16,8.332855716102744,52.15076843766912,10.582080738765121,88.35973050210077,1.0000000050679183,4.982289686975541,1.4714580487407147e-07,41.884151325669364,0.0
AIDC01,17,8.332855716102744,52.15076843766912,10.590907112369726,88.24421841957083,1.0000000050623572,4.982289687021812,1.4700605532880218e-07,41.88655920954676,0.0
AIDC02,17,4.166427858051372,26.07538421883456,10.590907112369726,88.24421841957083,1.0000000000312697,4.982289729067231,3.2508395975128224e-10,18.907123306332913,0.0
AIDC03,17,8.332855716102744,52.15076843766912,10.590907112369726,88.24421841957083,1.0000000050623572,4.982289687021812,1.4700605532880218e-07,41.88655920954676,0.0
AIDC04,17,4.166427858051372,26.07538421883456,10.590907112369726,88.24421841957083,1.0000000000312697,4.982289729067231,3.2508395975128224e-10,18.907123306332913,0.0
AIDC05,17,10.41606964512843,65.18846054708641,10.590907112369726,88.24421841957083,1.0000000725944862,4.982288973064447,2.829978079432749e-06,53.9164850285396,-1.4210854715202004e-14
AIDC06,17,8.332855716102744,52.15076843766912,10.590907112369726,88.24421841957083,1.0000000050623572,4.982289687021812,1.4700605532880218e-07,41.88655920954676,0.0
AIDC07,17,4.166427858051372,26.07538421883456,10.590907112369726,88.24421841957083,1.0000000000312697,4.982289729067231,3.2508395975128224e-10,18.907123306332913,0.0
AIDC08,17,8.332855716102744,52.15076843766912,10.590907112369726,88.24421841957083,1.0000000050623572,4.982289687021812,1.4700605532880218e-07,41.88655920954676,0.0
AIDC09,17,4.166427858051372,26.07538421883456,10.590907112369726,88.24421841957083,1.0000000000312697,4.982289729067231,3.2508395975128224e-10,18.907123306332913,0.0
AIDC10,17,8.332855716102744,52.15076843766912,10.590907112369726,88.24421841957083,1.0000000050623572,4.982289687021812,1.4700605532880218e-07,41.88655920954676,0.0
AIDC11,17,4.166427858051372,26.07538421883456,10.590907112369726,88.24421841957083,1.0000000000312697,4.982289729067231,3.2508395975128224e-10,18.907123306332913,0.0
AIDC12,17,8.332855716102744,52.15076843766912,10.590907112369726,88.24421841957083,1.0000000050623572,4.982289687021812,1.4700605532880218e-07,41.88655920954676,0.0
AIDC01,18,8.332855716102744,52.15076843766912,10.59973348597433,88.12870633704088,1.000000005056802,4.982289687068032,1.4686641236494324e-07,41.88896577390102,0.0
AIDC02,18,4.166427858051372,26.07538421883456,10.59973348597433,88.12870633704088,1.0000000000311604,4.982289729067656,3.240359092160361e-10,18.908301496444253,0.0
AIDC03,18,8.332855716102744,52.15076843766912,10.59973348597433,88.12870633704088,1.000000005056802,4.982289687068032,1.4686641236494324e-07,41.88896577390102,0.0
AIDC04,18,4.166427858051372,26.07538421883456,10.59973348597433,88.12870633704088,1.0000000000311604,4.982289729067656,3.240359092160361e-10,18.908301496444253,0.0
AIDC05,18,10.41606964512843,65.18846054708641,10.59973348597433,88.12870633704088,1.0000000726024896,4.9822889729809745,2.8306324963978113e-06,53.919312433222515,0.0
AIDC06,18,8.332855716102744,52.15076843766912,10.59973348597433,88.12870633704088,1.000000005056802,4.982289687068032,1.4686641236494324e-07,41.88896577390102,0.0
AIDC07,18,4.166427858051372,26.07538421883456,10.59973348597433,88.12870633704088,1.0000000000311604,4.982289729067656,3.240359092160361e-10,18.908301496444253,0.0
AIDC08,18,8.332855716102744,52.15076843766912,10.59973348597433,88.12870633704088,1.000000005056802,4.982289687068032,1.4686641236494324e-07,41.88896577390102,0.0
AIDC09,18,4.166427858051372,26.07538421883456,10.59973348597433,88.12870633704088,1.0000000000311604,4.982289729067656,3.240359092160361e-10,18.908301496444253,0.0
AIDC10,18,8.332855716102744,52.15076843766912,10.59973348597433,88.12870633704088,1.000000005056802,4.982289687068032,1.4686641236494324e-07,41.88896577390102,0.0
AIDC11,18,4.166427858051372,26.07538421883456,10.59973348597433,88.12870633704088,1.0000000000311604,4.982289729067656,3.240359092160361e-10,18.908301496444253,0.0
AIDC12,18,8.332855716102744,52.15076843766912,10.59973348597433,88.12870633704088,1.000000005056802,4.982289687068032,1.4686641236494324e-07,41.88896577390102,0.0
AIDC01,19,8.332855716102744,52.15076843766912,10.608559859578934,88.01319425451095,1.0000000050512534,4.982289687114198,1.4672689729877675e-07,41.89137142221119,0.0
AIDC02,19,4.166427858051372,26.07538421883456,10.608559859578934,88.01319425451095,1.0000000000310514,4.98228972906808,3.2298430596711114e-10,18.909456288407284,0.0
AIDC03,19,8.332855716102744,52.15076843766912,10.608559859578934,88.01319425451095,1.0000000050512534,4.982289687114198,1.4672689729877675e-07,41.89137142221119,0.0
AIDC04,19,4.166427858051372,26.07538421883456,10.608559859578934,88.01319425451095,1.0000000000310514,4.98228972906808,3.2298430596711114e-10,18.909456288407284,0.0
AIDC05,19,10.41606964512843,65.18846054708641,10.608559859578934,88.01319425451095,1.0000000726104938,4.982288972897495,2.831286799676036e-06,53.92213826321711,0.0
AIDC06,19,8.332855716102744,52.15076843766912,10.608559859578934,88.01319425451095,1.0000000050512534,4.982289687114198,1.4672689729877675e-07,41.89137142221119,0.0
AIDC07,19,4.166427858051372,26.07538421883456,10.608559859578934,88.01319425451095,1.0000000000310514,4.98228972906808,3.2298430596711114e-10,18.909456288407284,0.0
AIDC08,19,8.332855716102744,52.15076843766912,10.608559859578934,88.01319425451095,1.0000000050512534,4.982289687114198,1.4672689729877675e-07,41.89137142221119,0.0
AIDC09,19,4.166427858051372,26.07538421883456,10.608559859578934,88.01319425451095,1.0000000000310514,4.98228972906808,3.2298430596711114e-10,18.909456288407284,0.0
AIDC10,19,8.332855716102744,52.15076843766912,10.608559859578934,88.01319425451095,1.0000000050512534,4.982289687114198,1.4672689729877675e-07,41.89137142221119,0.0
AIDC11,19,4.166427858051372,26.07538421883456,10.608559859578934,88.01319425451095,1.0000000000310514,4.98228972906808,3.2298430596711114e-10,18.909456288407284,0.0
AIDC12,19,8.332855716102744,52.15076843766912,10.608559859578934,88.01319425451095,1.0000000050512534,4.982289687114198,1.4672689729877675e-07,41.89137142221119,0.0
AIDC01,20,8.332855716102744,52.15076843766912,10.617386233183538,87.897682171981,1.0000000050457105,4.982289687160316,1.4658749591944797e-07,41.89377556632772,0.0
AIDC02,20,4.166427858051372,26.07538421883456,10.617386233183538,87.897682171981,1.000000000030943,4.982289729068503,3.219469135729014e-10,18.910652412480836,-3.552713678800501e-15
AIDC03,20,8.332855716102744,52.15076843766912,10.617386233183538,87.897682171981,1.0000000050457105,4.982289687160316,1.4658749591944797e-07,41.89377556632772,0.0
AIDC04,20,4.166427858051372,26.07538421883456,10.617386233183538,87.897682171981,1.000000000030943,4.982289729068503,3.219469135729014e-10,18.910652412480836,-3.552713678800501e-15
AIDC05,20,10.41606964512843,65.18846054708641,10.617386233183538,87.897682171981,1.0000000726184988,4.982288972814009,2.8319409821619956e-06,53.924962506036294,0.0
AIDC06,20,8.332855716102744,52.15076843766912,10.617386233183538,87.897682171981,1.0000000050457105,4.982289687160316,1.4658749591944797e-07,41.89377556632772,0.0
AIDC07,20,4.166427858051372,26.07538421883456,10.617386233183538,87.897682171981,1.000000000030943,4.982289729068503,3.219469135729014e-10,18.910652412480836,-3.552713678800501e-15
AIDC08,20,8.332855716102744,52.15076843766912,10.617386233183538,87.897682171981,1.0000000050457105,4.982289687160316,1.4658749591944797e-07,41.89377556632772,0.0
AIDC09,20,4.166427858051372,26.07538421883456,10.617386233183538,87.897682171981,1.000000000030943,4.982289729068503,3.219469135729014e-10,18.910652412480836,-3.552713678800501e-15
AIDC10,20,8.332855716102744,52.15076843766912,10.617386233183538,87.897682171981,1.0000000050457105,4.982289687160316,1.4658749591944797e-07,41.89377556632772,0.0
AIDC11,20,4.166427858051372,26.07538421883456,10.617386233183538,87.897682171981,1.000000000030943,4.982289729068503,3.219469135729014e-10,18.910652412480836,-3.552713678800501e-15
AIDC12,20,8.332855716102744,52.15076843766912,10.617386233183538,87.897682171981,1.0000000050457105,4.982289687160316,1.4658749591944797e-07,41.89377556632772,0.0
AIDC01,21,8.332855716102744,52.15076843766912,10.710744015326796,87.18829318904473,1.0000000049547482,4.982289687917499,1.4416837501585178e-07,41.91912990564883,0.0
AIDC02,21,4.166427858051372,26.07538421883456,10.710744015326796,87.18829318904473,1.0000000000296232,4.982289729073664,3.09061221059892e-10,18.923128753963752,-3.552713678800501e-15
AIDC03,21,8.332855716102744,52.15076843766912,10.710744015326796,87.18829318904473,1.0000000049547482,4.982289687917499,1.4416837501585178e-07,41.91912990564883,0.0
AIDC04,21,4.166427858051372,26.07538421883456,10.710744015326796,87.18829318904473,1.0000000000296232,4.982289729073664,3.09061221059892e-10,18.923128753963752,-3.552713678800501e-15
AIDC05,21,10.41606964512843,65.18846054708641,10.710744015326796,87.18829318904473,1.000000072226469,4.9822889768962,2.820237256173641e-06,53.95473894859467,0.0
AIDC06,21,8.332855716102744,52.15076843766912,10.710744015326796,87.18829318904473,1.0000000049547482,4.982289687917499,1.4416837501585178e-07,41.91912990564883,0.0
AIDC07,21,4.166427858051372,26.07538421883456,10.710744015326796,87.18829318904473,1.0000000000296232,4.982289729073664,3.09061221059892e-10,18.923128753963752,-3.552713678800501e-15
AIDC08,21,8.332855716102744,52.15076843766912,10.710744015326796,87.18829318904473,1.0000000049547482,4.982289687917499,1.4416837501585178e-07,41.91912990564883,0.0
AIDC09,21,4.166427858051372,26.07538421883456,10.710744015326796,87.18829318904473,1.0000000000296232,4.982289729073664,3.09061221059892e-10,18.923128753963752,-3.552713678800501e-15
AIDC10,21,8.332855716102744,52.15076843766912,10.710744015326796,87.18829318904473,1.0000000049547482,4.982289687917499,1.4416837501585178e-07,41.91912990564883,0.0
AIDC11,21,4.166427858051372,26.07538421883456,10.710744015326796,87.18829318904473,1.0000000000296232,4.982289729073664,3.09061221059892e-10,18.923128753963752,-3.552713678800501e-15
AIDC12,21,8.332855716102744,52.15076843766912,10.710744015326796,87.18829318904473,1.0000000049547482,4.982289687917499,1.4416837501585178e-07,41.91912990564883,0.0
AIDC01,22,8.332855716102744,52.15076843766912,10.804101797470054,86.47890420610845,1.0000000048654254,4.982289688661066,1.4178733920289233e-07,41.944348407710734,0.0
AIDC02,22,4.166427858051372,26.07538421883456,10.804101797470054,86.47890420610845,1.0000000000283595,4.982289729078617,2.9668356660295103e-10,18.935563709947743,0.0
AIDC03,22,8.332855716102744,52.15076843766912,10.804101797470054,86.47890420610845,1.0000000048654254,4.982289688661066,1.4178733920289233e-07,41.944348407710734,0.0
AIDC04,22,4.166427858051372,26.07538421883456,10.804101797470054,86.47890420610845,1.0000000000283595,4.982289729078617,2.9668356660295103e-10,18.935563709947743,0.0
AIDC05,22,10.41606964512843,65.18846054708641,10.804101797470054,86.47890420610845,1.0000000718365547,4.982288980956424,2.8085523453569294e-06,53.984340960483834,0.0
AIDC06,22,8.332855716102744,52.15076843766912,10.804101797470054,86.47890420610845,1.0000000048654254,4.982289688661066,1.4178733920289233e-07,41.944348407710734,0.0
AIDC07,22,4.166427858051372,26.07538421883456,10.804101797470054,86.47890420610845,1.0000000000283595,4.982289729078617,2.9668356660295103e-10,18.935563709947743,0.0
AIDC08,22,8.332855716102744,52.15076843766912,10.804101797470054,86.47890420610845,1.0000000048654254,4.982289688661066,1.4178733920289233e-07,41.944348407710734,0.0
AIDC09,22,4.166427858051372,26.07538421883456,10.804101797470054,86.47890420610845,1.0000000000283595,4.982289729078617,2.9668356660295103e-10,18.935563709947743,0.0
AIDC10,22,8.332855716102744,52.15076843766912,10.804101797470054,86.47890420610845,1.0000000048654254,4.982289688661066,1.4178733920289233e-07,41.944348407710734,0.0
AIDC11,22,4.166427858051372,26.07538421883456,10.804101797470054,86.47890420610845,1.0000000000283595,4.982289729078617,2.9668356660295103e-10,18.935563709947743,0.0
AIDC12,22,8.332855716102744,52.15076843766912,10.804101797470054,86.47890420610845,1.0000000048654254,4.982289688661066,1.4178733920289233e-07,41.944348407710734,0.0
AIDC01,23,8.332855716102744,52.15076843766912,10.897459579613313,85.76951522317218,1.0000000047777122,4.982289689391264,1.3944383425723572e-07,41.96943169733659,0.0
AIDC02,23,4.166427858051372,26.07538421883456,10.897459579613313,85.76951522317218,1.0000000000271496,4.982289729083363,2.8479973934736336e-10,18.947947811275476,-3.552713678800501e-15
AIDC03,23,8.332855716102744,52.15076843766912,10.897459579613313,85.76951522317218,1.0000000047777122,4.982289689391264,1.3944383425723572e-07,41.96943169733659,0.0
AIDC04,23,4.166427858051372,26.07538421883456,10.897459579613313,85.76951522317218,1.0000000000271496,4.982289729083363,2.8479973934736336e-10,18.947947811275476,-3.552713678800501e-15
AIDC05,23,10.41606964512843,65.18846054708641,10.897459579613313,85.76951522317218,1.0000000714487443,4.982288984994801,2.796886768408058e-06,54.01377006198405,0.0
AIDC06,23,8.332855716102744,52.15076843766912,10.897459579613313,85.76951522317218,1.0000000047777122,4.982289689391264,1.3944383425723572e-07,41.96943169733659,0.0
AIDC07,23,4.166427858051372,26.07538421883456,10.897459579613313,85.76951522317218,1.0000000000271496,4.982289729083363,2.8479973934736336e-10,18.947947811275476,-3.552713678800501e-15
AIDC08,23,8.332855716102744,52.15076843766912,10.897459579613313,85.76951522317218,1.0000000047777122,4.982289689391264,1.3944383425723572e-07,41.96943169733659,0.0
AIDC09,23,4.166427858051372,26.07538421883456,10.897459579613313,85.76951522317218,1.0000000000271496,4.982289729083363,2.8479973934736336e-10,18.947947811275476,-3.552713678800501e-15
AIDC10,23,8.332855716102744,52.15076843766912,10.897459579613313,85.76951522317218,1.0000000047777122,4.982289689391264,1.3944383425723572e-07,41.96943169733659,0.0
AIDC11,23,4.166427858051372,26.07538421883456,10.897459579613313,85.76951522317218,1.0000000000271496,4.982289729083363,2.8479973934736336e-10,18.947947811275476,-3.552713678800501e-15
AIDC12,23,8.332855716102744,52.15076843766912,10.897459579613313,85.76951522317218,1.0000000047777122,4.982289689391264,1.3944383425723572e-07,41.96943169733659,0.0
AIDC01,24,8.332855716102744,52.15076843766912,10.990817361756571,85.0601262402359,1.00000000469158,4.982289690108331,1.371373343772575e-07,41.99438112496388,-7.105427357601002e-15
AIDC02,24,4.166427858051372,26.07538421883456,10.990817361756571,85.0601262402359,1.0000000000259914,4.982289729087912,2.7338842301105615e-10,18.9603286182072,0.0
AIDC03,24,8.332855716102744,52.15076843766912,10.990817361756571,85.0601262402359,1.00000000469158,4.982289690108331,1.371373343772575e-07,41.99438112496388,-7.105427357601002e-15
AIDC04,24,4.166427858051372,26.07538421883456,10.990817361756571,85.0601262402359,1.0000000000259914,4.982289729087912,2.7338842301105615e-10,18.9603286182072,0.0
AIDC05,24,10.41606964512843,65.18846054708641,10.990817361756571,85.0601262402359,1.0000000710630264,4.982288989011446,2.7852410653395054e-06,54.043027766605064,0.0
AIDC06,24,8.332855716102744,52.15076843766912,10.990817361756571,85.0601262402359,1.00000000469158,4.982289690108331,1.371373343772575e-07,41.99438112496388,-7.105427357601002e-15
AIDC07,24,4.166427858051372,26.07538421883456,10.990817361756571,85.0601262402359,1.0000000000259914,4.982289729087912,2.7338842301105615e-10,18.9603286182072,0.0
AIDC08,24,8.332855716102744,52.15076843766912,10.990817361756571,85.0601262402359,1.00000000469158,4.982289690108331,1.371373343772575e-07,41.99438112496388,-7.105427357601002e-15
AIDC09,24,4.166427858051372,26.07538421883456,10.990817361756571,85.0601262402359,1.0000000000259914,4.982289729087912,2.7338842301105615e-10,18.9603286182072,0.0
AIDC10,24,8.332855716102744,52.15076843766912,10.990817361756571,85.0601262402359,1.00000000469158,4.982289690108331,1.371373343772575e-07,41.99438112496388,-7.105427357601002e-15
AIDC11,24,4.166427858051372,26.07538421883456,10.990817361756571,85.0601262402359,1.0000000000259914,4.982289729087912,2.7338842301105615e-10,18.9603286182072,0.0
AIDC12,24,8.332855716102744,52.15076843766912,10.990817361756571,85.0601262402359,1.00000000469158,4.982289690108331,1.371373343772575e-07,41.99438112496388,-7.105427357601002e-15
AIDC01,25,8.332855716102744,52.15076843766912,11.034340212400956,84.7009221852337,1.0000000046536601,4.98228969042402,1.361243349151664e-07,42.00596698460416,0.0
AIDC02,25,4.166427858051372,26.07538421883456,11.034340212400956,84.7009221852337,1.0000000000254776,4.982289729089931,2.6831514787772903e-10,18.966056422980635,0.0
AIDC03,25,8.332855716102744,52.15076843766912,11.034340212400956,84.7009221852337,1.0000000046536601,4.98228969042402,1.361243349151664e-07,42.00596698460416,0.0
AIDC04,25,4.166427858051372,26.07538421883456,11.034340212400956,84.7009221852337,1.0000000000254776,4.982289729089931,2.6831514787772903e-10,18.966056422980635,0.0
AIDC05,25,10.41606964512843,65.18846054708641,11.034340212400956,84.7009221852337,1.0000000709098547,4.982288990606442,2.7808359561731777e-06,54.05660938776553,0.0
AIDC06,25,8.332855716102744,52.15076843766912,11.034340212400956,84.7009221852337,1.0000000046536601,4.98228969042402,1.361243349151664e-07,42.00596698460416,0.0
AIDC07,25,4.166427858051372,26.07538421883456,11.034340212400956,84.7009221852337,1.0000000000254776,4.982289729089931,2.6831514787772903e-10,18.966056422980635,0.0
AIDC08,25,8.332855716102744,52.15076843766912,11.034340212400956,84.7009221852337,1.0000000046536601,4.98228969042402,1.361243349151664e-07,42.00596698460416,0.0
AIDC09,25,4.166427858051372,26.07538421883456,11.034340212400956,84.7009221852337,1.0000000000254776,4.982289729089931,2.6831514787772903e-10,18.966056422980635,0.0
AIDC10,25,8.332855716102744,52.15076843766912,11.034340212400956,84.7009221852337,1.0000000046536601,4.98228969042402,1.361243349151664e-07,42.00596698460416,0.0
AIDC11,25,4.166427858051372,26.07538421883456,11.034340212400956,84.7009221852337,1.0000000000254776,4.982289729089931,2.6831514787772903e-10,18.966056422980635,0.0
AIDC12,25,8.332855716102744,52.15076843766912,11.034340212400956,84.7009221852337,1.0000000046536601,4.98228969042402,1.361243349151664e-07,42.00596698460416,0.0
AIDC01,26,8.332855716102744,52.15076843766912,11.07786306304534,84.34171813023147,1.0000000046160464,4.9822896907371685,1.3511845509128761e-07,42.017523860698574,-7.105427357601002e-15
AIDC02,26,4.166427858051372,26.07538421883456,11.07786306304534,84.34171813023147,1.000000000024974,4.982289729091912,2.6333779601372953e-10,18.97178919478322,-3.552713678800501e-15
AIDC03,26,8.332855716102744,52.15076843766912,11.07786306304534,84.34171813023147,1.0000000046160464,4.9822896907371685,1.3511845509128761e-07,42.017523860698574,-7.105427357601002e-15
AIDC04,26,4.166427858051372,26.07538421883456,11.07786306304534,84.34171813023147,1.000000000024974,4.982289729091912,2.6333779601372953e-10,18.97178919478322,-3.552713678800501e-15
AIDC05,26,10.41606964512843,65.18846054708641,11.07786306304534,84.34171813023147,1.000000070757013,4.982288992198015,2.776431742290697e-06,54.07015423573078,0.0
AIDC06,26,8.332855716102744,52.15076843766912,11.07786306304534,84.34171813023147,1.0000000046160464,4.9822896907371685,1.3511845509128761e-07,42.017523860698574,-7.105427357601002e-15
AIDC07,26,4.166427858051372,26.07538421883456,11.07786306304534,84.34171813023147,1.000000000024974,4.982289729091912,2.6333779601372953e-10,18.97178919478322,-3.552713678800501e-15
AIDC08,26,8.332855716102744,52.15076843766912,11.07786306304534,84.34171813023147,1.0000000046160464,4.9822896907371685,1.3511845509128761e-07,42.017523860698574,-7.105427357601002e-15
AIDC09,26,4.166427858051372,26.07538421883456,11.07786306304534,84.34171813023147,1.000000000024974,4.982289729091912,2.6333779601372953e-10,18.97178919478322,-3.552713678800501e-15
AIDC10,26,8.332855716102744,52.15076843766912,11.07786306304534,84.34171813023147,1.0000000046160464,4.9822896907371685,1.3511845509128761e-07,42.017523860698574,-7.105427357601002e-15
AIDC11,26,4.166427858051372,26.07538421883456,11.07786306304534,84.34171813023147,1.000000000024974,4.982289729091912,2.6333779601372953e-10,18.97178919478322,-3.552713678800501e-15
AIDC12,26,8.332855716102744,52.15076843766912,11.07786306304534,84.34171813023147,1.0000000046160464,4.9822896907371685,1.3511845509128761e-07,42.017523860698574,-7.105427357601002e-15
AIDC01,27,8.332855716102744,52.15076843766912,11.121385913689725,83.98251407522926,1.0000000045787367,4.982289691047788,1.3411964516762964e-07,42.029052096063864,-7.105427357601002e-15
AIDC02,27,4.166427858051372,26.07538421883456,11.121385913689725,83.98251407522926,1.0000000000244804,4.982289729093855,2.5845281470537884e-10,18.977523611764333,0.0
AIDC03,27,8.332855716102744,52.15076843766912,11.121385913689725,83.98251407522926,1.0000000045787367,4.982289691047788,1.3411964516762964e-07,42.029052096063864,-7.105427357601002e-15
AIDC04,27,4.166427858051372,26.07538421883456,11.121385913689725,83.98251407522926,1.0000000000244804,4.982289729093855,2.5845281470537884e-10,18.977523611764333,0.0
AIDC05,27,10.41606964512843,65.18846054708641,11.121385913689725,83.98251407522926,1.0000000706045002,4.982288993786172,2.772028452113773e-06,54.0836624489359,0.0
AIDC06,27,8.332855716102744,52.15076843766912,11.121385913689725,83.98251407522926,1.0000000045787367,4.982289691047788,1.3411964516762964e-07,42.029052096063864,-7.105427357601002e-15
AIDC07,27,4.166427858051372,26.07538421883456,11.121385913689725,83.98251407522926,1.0000000000244804,4.982289729093855,2.5845281470537884e-10,18.977523611764333,0.0
AIDC08,27,8.332855716102744,52.15076843766912,11.121385913689725,83.98251407522926,1.0000000045787367,4.982289691047788,1.3411964516762964e-07,42.029052096063864,-7.105427357601002e-15
AIDC09,27,4.166427858051372,26.07538421883456,11.121385913689725,83.98251407522926,1.0000000000244804,4.982289729093855,2.5845281470537884e-10,18.977523611764333,0.0
AIDC10,27,8.332855716102744,52.15076843766912,11.121385913689725,83.98251407522926,1.0000000045787367,4.982289691047788,1.3411964516762964e-07,42.029052096063864,-7.105427357601002e-15
AIDC11,27,4.166427858051372,26.07538421883456,11.121385913689725,83.98251407522926,1.0000000000244804,4.982289729093855,2.5845281470537884e-10,18.977523611764333,0.0
AIDC12,27,8.332855716102744,52.15076843766912,11.121385913689725,83.98251407522926,1.0000000045787367,4.982289691047788,1.3411964516762964e-07,42.029052096063864,-7.105427357601002e-15
AIDC01,28,8.332855716102744,52.15076843766912,11.16490876433411,83.62331002022705,1.0000000045417285,4.982289691355906,1.331278696170557e-07,42.040551804741355,0.0
AIDC02,28,4.166427858051372,26.07538421883456,11.16490876433411,83.62331002022705,1.0000000000239966,4.982289729095759,2.5365665123899817e-10,18.983255368238154,-3.552713678800501e-15
AIDC03,28,8.332855716102744,52.15076843766912,11.16490876433411,83.62331002022705,1.0000000045417285,4.982289691355906,1.331278696170557e-07,42.040551804741355,0.0
AIDC04,28,4.166427858051372,26.07538421883456,11.16490876433411,83.62331002022705,1.0000000000239966,4.982289729095759,2.5365665123899817e-10,18.983255368238154,-3.552713678800501e-15
AIDC05,28,10.41606964512843,65.18846054708641,11.16490876433411,83.62331002022705,1.0000000704523164,4.982288995370913,2.7676261780129607e-06,54.09713420652929,0.0
AIDC06,28,8.332855716102744,52.15076843766912,11.16490876433411,83.62331002022705,1.0000000045417285,4.982289691355906,1.331278696170557e-07,42.040551804741355,0.0
AIDC07,28,4.166427858051372,26.07538421883456,11.16490876433411,83.62331002022705,1.0000000000239966,4.982289729095759,2.5365665123899817e-10,18.983255368238154,-3.552713678800501e-15
AIDC08,28,8.332855716102744,52.15076843766912,11.16490876433411,83.62331002022705,1.0000000045417285,4.982289691355906,1.331278696170557e-07,42.040551804741355,0.0
AIDC09,28,4.166427858051372,26.07538421883456,11.16490876433411,83.62331002022705,1.0000000000239966,4.982289729095759,2.5365665123899817e-10,18.983255368238154,-3.552713678800501e-15
AIDC10,28,8.332855716102744,52.15076843766912,11.16490876433411,83.62331002022705,1.0000000045417285,4.982289691355906,1.331278696170557e-07,42.040551804741355,0.0
AIDC11,28,4.166427858051372,26.07538421883456,11.16490876433411,83.62331002022705,1.0000000000239966,4.982289729095759,2.5365665123899817e-10,18.983255368238154,-3.552713678800501e-15
AIDC12,28,8.332855716102744,52.15076843766912,11.16490876433411,83.62331002022705,1.0000000045417285,4.982289691355906,1.331278696170557e-07,42.040551804741355,0.0
AIDC01,29,8.332855716102744,52.15076843766912,11.252932307344903,82.95220133735232,1.0000000044646171,4.982289691997938,1.310501360762828e-07,42.063722756814684,0.0
AIDC02,29,4.166427858051372,26.07538421883456,11.252932307344903,82.95220133735232,1.0000000000230305,4.982289729099568,2.440536661652004e-10,18.994788427995914,-3.552713678800501e-15
AIDC03,29,8.332855716102744,52.15076843766912,11.252932307344903,82.95220133735232,1.0000000044646171,4.982289691997938,1.310501360762828e-07,42.063722756814684,0.0
AIDC04,29,4.166427858051372,26.07538421883456,11.252932307344903,82.95220133735232,1.0000000000230305,4.982289729099568,2.440536661652004e-10,18.994788427995914,-3.552713678800501e-15
AIDC05,29,10.41606964512843,65.18846054708641,11.252932307344903,82.95220133735232,1.000000070095679,4.98228899908486,2.7567653901883205e-06,54.12426950416062,0.0
AIDC06,29,8.332855716102744,52.15076843766912,11.252932307344903,82.95220133735232,1.0000000044646171,4.982289691997938,1.310501360762828e-07,42.063722756814684,0.0
AIDC07,29,4.166427858051372,26.07538421883456,11.252932307344903,82.95220133735232,1.0000000000230305,4.982289729099568,2.440536661652004e-10,18.994788427995914,-3.552713678800501e-15
AIDC08,29,8.332855716102744,52.15076843766912,11.252932307344903,82.95220133735232,1.0000000044646171,4.982289691997938,1.310501360762828e-07,42.063722756814684,0.0
AIDC09,29,4.166427858051372,26.07538421883456,11.252932307344903,82.95220133735232,1.0000000000230305,4.982289729099568,2.440536661652004e-10,18.994788427995914,-3.552713678800501e-15
AIDC10,29,8.332855716102744,52.15076843766912,11.252932307344903,82.95220133735232,1.0000000044646171,4.982289691997938,1.310501360762828e-07,42.063722756814684,0.0
AIDC11,29,4.166427858051372,26.07538421883456,11.252932307344903,82.95220133735232,1.0000000000230305,4.982289729099568,2.440536661652004e-10,18.994788427995914,-3.552713678800501e-15
AIDC12,29,8.332855716102744,52.15076843766912,11.252932307344903,82.95220133735232,1.0000000044646171,4.982289691997938,1.310501360762828e-07,42.063722756814684,0.0
AIDC01,30,8.332855716102744,52.15076843766912,11.340955850355698,82.28109265447759,1.0000000043888144,4.982289692629097,1.290034390422079e-07,42.08677785244183,0.0
AIDC02,30,4.166427858051372,26.07538421883456,11.340955850355698,82.28109265447759,1.0000000000221034,4.9822897291032255,2.348059524592827e-10,19.006336148667536,0.0
AIDC03,30,8.332855716102744,52.15076843766912,11.340955850355698,82.28109265447759,1.0000000043888144,4.982289692629097,1.290034390422079e-07,42.08677785244183,0.0
AIDC04,30,4.166427858051372,26.07538421883456,11.340955850355698,82.28109265447759,1.0000000000221034,4.9822897291032255,2.348059524592827e-10,19.006336148667536,0.0
AIDC05,30,10.41606964512843,65.18846054708641,11.340955850355698,82.28109265447759,1.0000000697408464,4.98228900278005,2.7459233606919042e-06,54.15125743917456,0.0
AIDC06,30,8.332855716102744,52.15076843766912,11.340955850355698,82.28109265447759,1.0000000043888144,4.982289692629097,1.290034390422079e-07,42.08677785244183,0.0
AIDC07,30,4.166427858051372,26.07538421883456,11.340955850355698,82.28109265447759,1.0000000000221034,4.9822897291032255,2.348059524592827e-10,19.006336148667536,0.0
AIDC08,30,8.332855716102744,52.15076843766912,11.340955850355698,82.28109265447759,1.0000000043888144,4.982289692629097,1.290034390422079e-07,42.08677785244183,0.0
AIDC09,30,4.166427858051372,26.07538421883456,11.340955850355698,82.28109265447759,1.0000000000221034,4.9822897291032255,2.348059524592827e-10,19.006336148667536,0.0
AIDC10,30,8.332855716102744,52.15076843766912,11.340955850355698,82.28109265447759,1.0000000043888144,4.982289692629097,1.290034390422079e-07,42.08677785244183,0.0
AIDC11,30,4.166427858051372,26.07538421883456,11.340955850355698,82.28109265447759,1.0000000000221034,4.9822897291032255,2.348059524592827e-10,19.006336148667536,0.0
AIDC12,30,8.332855716102744,52.15076843766912,11.340955850355698,82.28109265447759,1.0000000043888144,4.982289692629097,1.290034390422079e-07,42.08677785244183,0.0
AIDC01,31,8.332855716102744,52.15076843766912,11.428979393366493,81.60998397160284,1.0000000043142983,4.982289693249562,1.2698735218918955e-07,42.10971791309886,-7.105427357601002e-15
AIDC02,31,4.166427858051372,26.07538421883456,11.428979393366493,81.60998397160284,1.0000000000212135,4.982289729106742,2.2590640469388745e-10,19.017813757192542,0.0
AIDC03,31,8.332855716102744,52.15076843766912,11.428979393366493,81.60998397160284,1.0000000043142983,4.982289693249562,1.2698735218918955e-07,42.10971791309886,-7.105427357601002e-15
AIDC04,31,4.166427858051372,26.07538421883456,11.428979393366493,81.60998397160284,1.0000000000212135,4.982289729106742,2.2590640469388745e-10,19.017813757192542,0.0
AIDC05,31,10.41606964512843,65.18846054708641,11.428979393366493,81.60998397160284,1.0000000693878095,4.982289006456579,2.735100487427644e-06,54.17809921553149,0.0
AIDC06,31,8.332855716102744,52.15076843766912,11.428979393366493,81.60998397160284,1.0000000043142983,4.982289693249562,1.2698735218918955e-07,42.10971791309886,-7.105427357601002e-15
AIDC07,31,4.166427858051372,26.07538421883456,11.428979393366493,81.60998397160284,1.0000000000212135,4.982289729106742,2.2590640469388745e-10,19.017813757192542,0.0
AIDC08,31,8.332855716102744,52.15076843766912,11.428979393366493,81.60998397160284,1.0000000043142983,4.982289693249562,1.2698735218918955e-07,42.10971791309886,-7.105427357601002e-15
AIDC09,31,4.166427858051372,26.07538421883456,11.428979393366493,81.60998397160284,1.0000000000212135,4.982289729106742,2.2590640469388745e-10,19.017813757192542,0.0
AIDC10,31,8.332855716102744,52.15076843766912,11.428979393366493,81.60998397160284,1.0000000043142983,4.982289693249562,1.2698735218918955e-07,42.10971791309886,-7.105427357601002e-15
AIDC11,31,4.166427858051372,26.07538421883456,11.428979393366493,81.60998397160284,1.0000000000212135,4.982289729106742,2.2590640469388745e-10,19.017813757192542,0.0
AIDC12,31,8.332855716102744,52.15076843766912,11.428979393366493,81.60998397160284,1.0000000043142983,4.982289693249562,1.2698735218918955e-07,42.10971791309886,-7.105427357601002e-15
AIDC01,32,8.332855716102744,52.15076843766912,11.517002936377287,80.93887528872811,1.000000004241047,4.982289693859512,1.2500147050786836e-07,42.13254404937106,-7.105427357601002e-15
AIDC02,32,4.166427858051372,26.07538421883456,11.517002936377287,80.93887528872811,1.0000000000203595,4.9822897291101205,2.1734081201429944e-10,19.029298798429146,0.0
AIDC03,32,8.332855716102744,52.15076843766912,11.517002936377287,80.93887528872811,1.000000004241047,4.982289693859512,1.2500147050786836e-07,42.13254404937106,-7.105427357601002e-15
AIDC04,32,4.166427858051372,26.07538421883456,11.517002936377287,80.93887528872811,1.0000000000203595,4.9822897291101205,2.1734081201429944e-10,19.029298798429146,0.0
AIDC05,32,10.41606964512843,65.18846054708641,11.517002936377287,80.93887528872811,1.000000069036559,4.98228901011454,2.724297125666908e-06,54.20479600801352,0.0
AIDC06,32,8.332855716102744,52.15076843766912,11.517002936377287,80.93887528872811,1.000000004241047,4.982289693859512,1.2500147050786836e-07,42.13254404937106,-7.105427357601002e-15
AIDC07,32,4.166427858051372,26.07538421883456,11.517002936377287,80.93887528872811,1.0000000000203595,4.9822897291101205,2.1734081201429944e-10,19.029298798429146,0.0
AIDC08,32,8.332855716102744,52.15076843766912,11.517002936377287,80.93887528872811,1.000000004241047,4.982289693859512,1.2500147050786836e-07,42.13254404937106,-7.105427357601002e-15
AIDC09,32,4.166427858051372,26.07538421883456,11.517002936377287,80.93887528872811,1.0000000000203595,4.9822897291101205,2.1734081201429944e-10,19.029298798429146,0.0
AIDC10,32,8.332855716102744,52.15076843766912,11.517002936377287,80.93887528872811,1.000000004241047,4.982289693859512,1.2500147050786836e-07,42.13254404937106,-7.105427357601002e-15
AIDC11,32,4.166427858051372,26.07538421883456,11.517002936377287,80.93887528872811,1.0000000000203595,4.9822897291101205,2.1734081201429944e-10,19.029298798429146,0.0
AIDC12,32,8.332855716102744,52.15076843766912,11.517002936377287,80.93887528872811,1.000000004241047,4.982289693859512,1.2500147050786836e-07,42.13254404937106,-7.105427357601002e-15
AIDC01,33,8.332855716102744,52.15076843766912,11.615861366990337,79.58811646447218,1.0000000041922759,4.9822896942655035,1.2375168978451256e-07,42.15804514956555,-7.105427357601002e-15
AIDC02,33,4.166427858051372,26.07538421883456,11.615861366990337,79.58811646447218,1.0000000000195906,4.982289729113155,2.0969892489119957e-10,19.042090188358088,0.0
AIDC03,33,8.332855716102744,52.15076843766912,11.615861366990337,79.58811646447218,1.0000000041922759,4.9822896942655035,1.2375168978451256e-07,42.15804514956555,-7.105427357601002e-15
AIDC04,33,4.166427858051372,26.07538421883456,11.615861366990337,79.58811646447218,1.0000000000195906,4.982289729113155,2.0969892489119957e-10,19.042090188358088,0.0
AIDC05,33,10.41606964512843,65.18846054708641,11.615861366990337,79.58811646447218,1.000000069172436,4.982289008698592,2.73305911235866e-06,54.23460751265381,0.0
AIDC06,33,8.332855716102744,52.15076843766912,11.615861366990337,79.58811646447218,1.0000000041922759,4.9822896942655035,1.2375168978451256e-07,42.15804514956555,-7.105427357601002e-15
AIDC07,33,4.166427858051372,26.07538421883456,11.615861366990337,79.58811646447218,1.0000000000195906,4.982289729113155,2.0969892489119957e-10,19.042090188358088,0.0
AIDC08,33,8.332855716102744,52.15076843766912,11.615861366990337,79.58811646447218,1.0000000041922759,4.9822896942655035,1.2375168978451256e-07,42.15804514956555,-7.105427357601002e-15
AIDC09,33,4.166427858051372,26.07538421883456,11.615861366990337,79.58811646447218,1.0000000000195906,4.982289729113155,2.0969892489119957e-10,19.042090188358088,0.0
AIDC10,33,8.332855716102744,52.15076843766912,11.615861366990337,79.58811646447218,1.0000000041922759,4.9822896942655035,1.2375168978451256e-07,42.15804514956555,-7.105427357601002e-15
AIDC11,33,4.166427858051372,26.07538421883456,11.615861366990337,79.58811646447218,1.0000000000195906,4.982289729113155,2.0969892489119957e-10,19.042090188358088,0.0
AIDC12,33,8.332855716102744,52.15076843766912,11.615861366990337,79.58811646447218,1.0000000041922759,4.9822896942655035,1.2375168978451256e-07,42.15804514956555,-7.105427357601002e-15
AIDC01,34,8.332855716102744,52.15076843766912,11.714719797603387,78.23735764021625,1.000000004144065,4.9822896946668465,1.2251281589215068e-07,42.183404520008224,-7.105427357601002e-15
AIDC02,34,4.166427858051372,26.07538421883456,11.714719797603387,78.23735764021625,1.0000000000188507,4.98228972911608,2.0232349129400973e-10,19.05486396699643,0.0
AIDC03,34,8.332855716102744,52.15076843766912,11.714719797603387,78.23735764021625,1.000000004144065,4.9822896946668465,1.2251281589215068e-07,42.183404520008224,-7.105427357601002e-15
AIDC04,34,4.166427858051372,26.07538421883456,11.714719797603387,78.23735764021625,1.0000000000188507,4.98228972911608,2.0232349129400973e-10,19.05486396699643,0.0
AIDC05,34,10.41606964512843,65.18846054708641,11.714719797603387,78.23735764021625,1.0000000693085802,4.9822890072798955,2.7418206656193433e-06,54.26423932110265,0.0
AIDC06,34,8.332855716102744,52.15076843766912,11.714719797603387,78.23735764021625,1.000000004144065,4.9822896946668465,1.2251281589215068e-07,42.183404520008224,-7.105427357601002e-15
AIDC07,34,4.166427858051372,26.07538421883456,11.714719797603387,78.23735764021625,1.0000000000188507,4.98228972911608,2.0232349129400973e-10,19.05486396699643,0.0
AIDC08,34,8.332855716102744,52.15076843766912,11.714719797603387,78.23735764021625,1.000000004144065,4.9822896946668465,1.2251281589215068e-07,42.183404520008224,-7.105427357601002e-15
AIDC09,34,4.166427858051372,26.07538421883456,11.714719797603387,78.23735764021625,1.0000000000188507,4.98228972911608,2.0232349129400973e-10,19.05486396699643,0.0
AIDC10,34,8.332855716102744,52.15076843766912,11.714719797603387,78.23735764021625,1.000000004144065,4.9822896946668465,1.2251281589215068e-07,42.183404520008224,-7.105427357601002e-15
AIDC11,34,4.166427858051372,26.07538421883456,11.714719797603387,78.23735764021625,1.0000000000188507,4.98228972911608,2.0232349129400973e-10,19.05486396699643,0.0
AIDC12,34,8.332855716102744,52.15076843766912,11.714719797603387,78.23735764021625,1.000000004144065,4.9822896946668465,1.2251281589215068e-07,42.183404520008224,-7.105427357601002e-15
AIDC01,35,8.332855716102744,52.15076843766912,11.813578228216437,76.88659881596031,1.0000000040964085,4.982289695063594,1.2128480619821858e-07,42.20862351395195,0.0
AIDC02,35,4.166427858051372,26.07538421883456,11.813578228216437,76.88659881596031,1.0000000000181386,4.982289729118896,1.9520385308169352e-10,19.06756542796913,0.0
AIDC03,35,8.332855716102744,52.15076843766912,11.813578228216437,76.88659881596031,1.0000000040964085,4.982289695063594,1.2128480619821858e-07,42.20862351395195,0.0
AIDC04,35,4.166427858051372,26.07538421883456,11.813578228216437,76.88659881596031,1.0000000000181386,4.982289729118896,1.9520385308169352e-10,19.06756542796913,0.0
AIDC05,35,10.41606964512843,65.18846054708641,11.813578228216437,76.88659881596031,1.0000000694449915,4.982289005858448,2.7505819417683597e-06,54.29369303190349,0.0
AIDC06,35,8.332855716102744,52.15076843766912,11.813578228216437,76.88659881596031,1.0000000040964085,4.982289695063594,1.2128480619821858e-07,42.20862351395195,0.0
AIDC07,35,4.166427858051372,26.07538421883456,11.813578228216437,76.88659881596031,1.0000000000181386,4.982289729118896,1.9520385308169352e-10,19.06756542796913,0.0
AIDC08,35,8.332855716102744,52.15076843766912,11.813578228216437,76.88659881596031,1.0000000040964085,4.982289695063594,1.2128480619821858e-07,42.20862351395195,0.0
AIDC09,35,4.166427858051372,26.07538421883456,11.813578228216437,76.88659881596031,1.0000000000181386,4.982289729118896,1.9520385308169352e-10,19.06756542796913,0.0
AIDC10,35,8.332855716102744,52.15076843766912,11.813578228216437,76.88659881596031,1.0000000040964085,4.982289695063594,1.2128480619821858e-07,42.20862351395195,0.0
AIDC11,35,4.166427858051372,26.07538421883456,11.813578228216437,76.88659881596031,1.0000000000181386,4.982289729118896,1.9520385308169352e-10,19.06756542796913,0.0
AIDC12,35,8.332855716102744,52.15076843766912,11.813578228216437,76.88659881596031,1.0000000040964085,4.982289695063594,1.2128480619821858e-07,42.20862351395195,0.0
AIDC01,36,8.332855716102744,52.15076843766912,11.912436658829488,75.53583999170438,1.0000000040492996,4.982289695455799,1.2006759675387002e-07,42.23370293760608,-7.105427357601002e-15
AIDC02,36,4.166427858051372,26.07538421883456,11.912436658829488,75.53583999170438,1.0000000000174534,4.982289729121613,1.8832935211321455e-10,19.08023034450371,0.0
AIDC03,36,8.332855716102744,52.15076843766912,11.912436658829488,75.53583999170438,1.0000000040492996,4.982289695455799,1.2006759675387002e-07,42.23370293760608,-7.105427357601002e-15
AIDC04,36,4.166427858051372,26.07538421883456,11.912436658829488,75.53583999170438,1.0000000000174534,4.982289729121613,1.8832935211321455e-10,19.08023034450371,0.0
AIDC05,36,10.41606964512843,65.18846054708641,11.912436658829488,75.53583999170438,1.0000000695816709,4.982289004434243,2.7593431468631024e-06,54.322970279854246,0.0
AIDC06,36,8.332855716102744,52.15076843766912,11.912436658829488,75.53583999170438,1.0000000040492996,4.982289695455799,1.2006759675387002e-07,42.23370293760608,-7.105427357601002e-15
AIDC07,36,4.166427858051372,26.07538421883456,11.912436658829488,75.53583999170438,1.0000000000174534,4.982289729121613,1.8832935211321455e-10,19.08023034450371,0.0
AIDC08,36,8.332855716102744,52.15076843766912,11.912436658829488,75.53583999170438,1.0000000040492996,4.982289695455799,1.2006759675387002e-07,42.23370293760608,-7.105427357601002e-15
AIDC09,36,4.166427858051372,26.07538421883456,11.912436658829488,75.53583999170438,1.0000000000174534,4.982289729121613,1.8832935211321455e-10,19.08023034450371,0.0
AIDC10,36,8.332855716102744,52.15076843766912,11.912436658829488,75.53583999170438,1.0000000040492996,4.982289695455799,1.2006759675387002e-07,42.23370293760608,-7.105427357601002e-15
AIDC11,36,4.166427858051372,26.07538421883456,11.912436658829488,75.53583999170438,1.0000000000174534,4.982289729121613,1.8832935211321455e-10,19.08023034450371,0.0
AIDC12,36,8.332855716102744,52.15076843766912,11.912436658829488,75.53583999170438,1.0000000040492996,4.982289695455799,1.2006759675387002e-07,42.23370293760608,-7.105427357601002e-15
AIDC01,37,8.332855716102744,52.15076843766912,12.000222408770144,74.29063621461121,1.0000000040102754,4.982289695780693,1.1906563202046527e-07,42.25585732248885,-7.105427357601002e-15
AIDC02,37,4.166427858051372,26.07538421883456,12.000222408770144,74.29063621461121,1.0000000000168767,4.982289729123898,1.8253132338941214e-10,19.09150066948333,0.0
AIDC03,37,8.332855716102744,52.15076843766912,12.000222408770144,74.29063621461121,1.0000000040102754,4.982289695780693,1.1906563202046527e-07,42.25585732248885,-7.105427357601002e-15
AIDC04,37,4.166427858051372,26.07538421883456,12.000222408770144,74.29063621461121,1.0000000000168767,4.982289729123898,1.8253132338941214e-10,19.09150066948333,0.0
AIDC05,37,10.41606964512843,65.18846054708641,12.000222408770144,74.29063621461121,1.0000000697442124,4.982289002740744,2.7687486365834957e-06,54.348821677036796,0.0
AIDC06,37,8.332855716102744,52.15076843766912,12.000222408770144,74.29063621461121,1.0000000040102754,4.982289695780693,1.1906563202046527e-07,42.25585732248885,-7.105427357601002e-15
AIDC07,37,4.166427858051372,26.07538421883456,12.000222408770144,74.29063621461121,1.0000000000168767,4.982289729123898,1.8253132338941214e-10,19.09150066948333,0.0
AIDC08,37,8.332855716102744,52.15076843766912,12.000222408770144,74.29063621461121,1.0000000040102754,4.982289695780693,1.1906563202046527e-07,42.25585732248885,-7.105427357601002e-15
AIDC09,37,4.166427858051372,26.07538421883456,12.000222408770144,74.29063621461121,1.0000000000168767,4.982289729123898,1.8253132338941214e-10,19.09150066948333,0.0
AIDC10,37,8.332855716102744,52.15076843766912,12.000222408770144,74.29063621461121,1.0000000040102754,4.982289695780693,1.1906563202046527e-07,42.25585732248885,-7.105427357601002e-15
AIDC11,37,4.166427858051372,26.07538421883456,12.000222408770144,74.29063621461121,1.0000000000168767,4.982289729123898,1.8253132338941214e-10,19.09150066948333,0.0
AIDC12,37,8.332855716102744,52.15076843766912,12.000222408770144,74.29063621461121,1.0000000040102754,4.982289695780693,1.1906563202046527e-07,42.25585732248885,-7.105427357601002e-15
AIDC01,38,8.332855716102744,52.15076843766912,12.0880081587108,73.04543243751806,1.0000000039716277,4.9822896961024625,1.180708935066832e-07,42.27790398981061,0.0
AIDC02,38,4.166427858051372,26.07538421883456,12.0880081587108,73.04543243751806,1.000000000016319,4.982289729126111,1.7691093034954974e-10,19.102701473343735,0.0
AIDC03,38,8.332855716102744,52.15076843766912,12.0880081587108,73.04543243751806,1.0000000039716277,4.9822896961024625,1.180708935066832e-07,42.27790398981061,0.0
AIDC04,38,4.166427858051372,26.07538421883456,12.0880081587108,73.04543243751806,1.000000000016319,4.982289729126111,1.7691093034954974e-10,19.102701473343735,0.0
AIDC05,38,10.41606964512843,65.18846054708641,12.0880081587108,73.04543243751806,1.000000069907133,4.982289001043318,2.77816442206813e-06,54.37453627045133,0.0
AIDC06,38,8.332855716102744,52.15076843766912,12.0880081587108,73.04543243751806,1.0000000039716277,4.9822896961024625,1.180708935066832e-07,42.27790398981061,0.0
AIDC07,38,4.166427858051372,26.07538421883456,12.0880081587108,73.04543243751806,1.000000000016319,4.982289729126111,1.7691093034954974e-10,19.102701473343735,0.0
AIDC08,38,8.332855716102744,52.15076843766912,12.0880081587108,73.04543243751806,1.0000000039716277,4.9822896961024625,1.180708935066832e-07,42.27790398981061,0.0
AIDC09,38,4.166427858051372,26.07538421883456,12.0880081587108,73.04543243751806,1.000000000016319,4.982289729126111,1.7691093034954974e-10,19.102701473343735,0.0
AIDC10,38,8.332855716102744,52.15076843766912,12.0880081587108,73.04543243751806,1.0000000039716277,4.9822896961024625,1.180708935066832e-07,42.27790398981061,0.0
AIDC11,38,4.166427858051372,26.07538421883456,12.0880081587108,73.04543243751806,1.000000000016319,4.982289729126111,1.7691093034954974e-10,19.102701473343735,0.0
AIDC12,38,8.332855716102744,52.15076843766912,12.0880081587108,73.04543243751806,1.0000000039716277,4.9822896961024625,1.180708935066832e-07,42.27790398981061,0.0
AIDC01,39,8.332855716102744,52.15076843766912,12.175793908651455,71.80022866042489,1.0000000039333516,4.98228969642115,1.1708333857995967e-07,42.299842593708874,0.0
AIDC02,39,4.166427858051372,26.07538421883456,12.175793908651455,71.80022866042489,1.0000000000157796,4.982289729128252,1.7145396213891217e-10,19.11387771723045,-3.552713678800501e-15
AIDC03,39,8.332855716102744,52.15076843766912,12.175793908651455,71.80022866042489,1.0000000039333516,4.98228969642115,1.1708333857995967e-07,42.299842593708874,0.0
AIDC04,39,4.166427858051372,26.07538421883456,12.175793908651455,71.80022866042489,1.0000000000157796,4.982289729128252,1.7145396213891217e-10,19.11387771723045,-3.552713678800501e-15
AIDC05,39,10.41606964512843,65.18846054708641,12.175793908651455,71.80022866042489,1.000000070070434,4.982288999341952,2.787590666741835e-06,54.400115179808495,0.0
AIDC06,39,8.332855716102744,52.15076843766912,12.175793908651455,71.80022866042489,1.0000000039333516,4.98228969642115,1.1708333857995967e-07,42.299842593708874,0.0
AIDC07,39,4.166427858051372,26.07538421883456,12.175793908651455,71.80022866042489,1.0000000000157796,4.982289729128252,1.7145396213891217e-10,19.11387771723045,-3.552713678800501e-15
AIDC08,39,8.332855716102744,52.15076843766912,12.175793908651455,71.80022866042489,1.0000000039333516,4.98228969642115,1.1708333857995967e-07,42.299842593708874,0.0
AIDC09,39,4.166427858051372,26.07538421883456,12.175793908651455,71.80022866042489,1.0000000000157796,4.982289729128252,1.7145396213891217e-10,19.11387771723045,-3.552713678800501e-15
AIDC10,39,8.332855716102744,52.15076843766912,12.175793908651455,71.80022866042489,1.0000000039333516,4.98228969642115,1.1708333857995967e-07,42.299842593708874,0.0
AIDC11,39,4.166427858051372,26.07538421883456,12.175793908651455,71.80022866042489,1.0000000000157796,4.982289729128252,1.7145396213891217e-10,19.11387771723045,-3.552713678800501e-15
AIDC12,39,8.332855716102744,52.15076843766912,12.175793908651455,71.80022866042489,1.0000000039333516,4.98228969642115,1.1708333857995967e-07,42.299842593708874,0.0
AIDC01,40,8.332855716102744,52.15076843766912,12.26357965859211,70.55502488333173,1.0000000038954446,4.982289696736775,1.1610296013486732e-07,42.321674866104715,-7.105427357601002e-15
AIDC02,40,4.166427858051372,26.07538421883456,12.26357965859211,70.55502488333173,1.000000000015258,4.982289729130326,1.6616752418485703e-10,19.12501346413837,-3.552713678800501e-15
AIDC03,40,8.332855716102744,52.15076843766912,12.26357965859211,70.55502488333173,1.0000000038954446,4.982289696736775,1.1610296013486732e-07,42.321674866104715,-7.105427357601002e-15
AIDC04,40,4.166427858051372,26.07538421883456,12.26357965859211,70.55502488333173,1.000000000015258,4.982289729130326,1.6616752418485703e-10,19.12501346413837,-3.552713678800501e-15
AIDC05,40,10.41606964512843,65.18846054708641,12.26357965859211,70.55502488333173,1.0000000702341156,4.982288997636639,2.7970274629751657e-06,54.42555945997874,0.0
AIDC06,40,8.332855716102744,52.15076843766912,12.26357965859211,70.55502488333173,1.0000000038954446,4.982289696736775,1.1610296013486732e-07,42.321674866104715,-7.105427357601002e-15
AIDC07,40,4.166427858051372,26.07538421883456,12.26357965859211,70.55502488333173,1.000000000015258,4.982289729130326,1.6616752418485703e-10,19.12501346413837,-3.552713678800501e-15
AIDC08,40,8.332855716102744,52.15076843766912,12.26357965859211,70.55502488333173,1.0000000038954446,4.982289696736775,1.1610296013486732e-07,42.321674866104715,-7.105427357601002e-15
AIDC09,40,4.166427858051372,26.07538421883456,12.26357965859211,70.55502488333173,1.000000000015258,4.982289729130326,1.6616752418485703e-10,19.12501346413837,-3.552713678800501e-15
AIDC10,40,8.332855716102744,52.15076843766912,12.26357965859211,70.55502488333173,1.0000000038954446,4.982289696736775,1.1610296013486732e-07,42.321674866104715,-7.105427357601002e-15
AIDC11,40,4.166427858051372,26.07538421883456,12.26357965859211,70.55502488333173,1.000000000015258,4.982289729130326,1.6616752418485703e-10,19.12501346413837,-3.552713678800501e-15
AIDC12,40,8.332855716102744,52.15076843766912,12.26357965859211,70.55502488333173,1.0000000038954446,4.982289696736775,1.1610296013486732e-07,42.321674866104715,-7.105427357601002e-15
AIDC01,41,8.332855716102744,52.15076843766912,12.278661497713063,68.95332180276148,1.0000000039588868,4.982289696208165,1.1801957811030661e-07,42.32541485574308,-7.105427357601002e-15
AIDC02,41,4.166427858051372,26.07538421883456,12.278661497713063,68.95332180276148,1.0000000000154428,4.982289729129573,1.6824941440063412e-10,19.126887330802255,-3.552713678800501e-15
AIDC03,41,8.332855716102744,52.15076843766912,12.278661497713063,68.95332180276148,1.0000000039588868,4.982289696208165,1.1801957811030661e-07,42.32541485574308,-7.105427357601002e-15
AIDC04,41,4.166427858051372,26.07538421883456,12.278661497713063,68.95332180276148,1.0000000000154428,4.982289729129573,1.6824941440063412e-10,19.126887330802255,-3.552713678800501e-15
AIDC05,41,10.41606964512843,65.18846054708641,12.278661497713063,68.95332180276148,1.0000000715254866,4.982288984185706,2.8489653871588416e-06,54.42991731260892,0.0
AIDC06,41,8.332855716102744,52.15076843766912,12.278661497713063,68.95332180276148,1.0000000039588868,4.982289696208165,1.1801957811030661e-07,42.32541485574308,-7.105427357601002e-15
AIDC07,41,4.166427858051372,26.07538421883456,12.278661497713063,68.95332180276148,1.0000000000154428,4.982289729129573,1.6824941440063412e-10,19.126887330802255,-3.552713678800501e-15
AIDC08,41,8.332855716102744,52.15076843766912,12.278661497713063,68.95332180276148,1.0000000039588868,4.982289696208165,1.1801957811030661e-07,42.32541485574308,-7.105427357601002e-15
AIDC09,41,4.166427858051372,26.07538421883456,12.278661497713063,68.95332180276148,1.0000000000154428,4.982289729129573,1.6824941440063412e-10,19.126887330802255,-3.552713678800501e-15
AIDC10,41,8.332855716102744,52.15076843766912,12.278661497713063,68.95332180276148,1.0000000039588868,4.982289696208165,1.1801957811030661e-07,42.32541485574308,-7.105427357601002e-15
AIDC11,41,4.166427858051372,26.07538421883456,12.278661497713063,68.95332180276148,1.0000000000154428,4.982289729129573,1.6824941440063412e-10,19.126887330802255,-3.552713678800501e-15
AIDC12,41,8.332855716102744,52.15076843766912,12.278661497713063,68.95332180276148,1.0000000039588868,4.982289696208165,1.1801957811030661e-07,42.32541485574308,-7.105427357601002e-15
AIDC01,42,8.332855716102744,52.15076843766912,12.293743336834014,67.35161872219123,1.0000000040233623,4.982289695670946,1.199678223429146e-07,42.329151895927325,0.0
AIDC02,42,4.166427858051372,26.07538421883456,12.293743336834014,67.35161872219123,1.00000000001563,4.982289729128808,1.7035262089848402e-10,19.128815549663095,0.0
AIDC03,42,8.332855716102744,52.15076843766912,12.293743336834014,67.35161872219123,1.0000000040233623,4.982289695670946,1.199678223429146e-07,42.329151895927325,0.0
AIDC04,42,4.166427858051372,26.07538421883456,12.293743336834014,67.35161872219123,1.00000000001563,4.982289729128808,1.7035262089848402e-10,19.128815549663095,0.0
AIDC05,42,10.41606964512843,65.18846054708641,12.293743336834014,67.35161872219123,1.0000000728406018,4.982288970487451,2.9018670915093026e-06,54.43427123655573,-1.4210854715202004e-14
AIDC06,42,8.332855716102744,52.15076843766912,12.293743336834014,67.35161872219123,1.0000000040233623,4.982289695670946,1.199678223429146e-07,42.329151895927325,0.0
AIDC07,42,4.166427858051372,26.07538421883456,12.293743336834014,67.35161872219123,1.00000000001563,4.982289729128808,1.7035262089848402e-10,19.128815549663095,0.0
AIDC08,42,8.332855716102744,52.15076843766912,12.293743336834014,67.35161872219123,1.0000000040233623,4.982289695670946,1.199678223429146e-07,42.329151895927325,0.0
AIDC09,42,4.166427858051372,26.07538421883456,12.293743336834014,67.35161872219123,1.00000000001563,4.982289729128808,1.7035262089848402e-10,19.128815549663095,0.0
AIDC10,42,8.332855716102744,52.15076843766912,12.293743336834014,67.35161872219123,1.0000000040233623,4.982289695670946,1.199678223429146e-07,42.329151895927325,0.0
AIDC11,42,4.166427858051372,26.07538421883456,12.293743336834014,67.35161872219123,1.00000000001563,4.982289729128808,1.7035262089848402e-10,19.128815549663095,0.0
AIDC12,42,8.332855716102744,52.15076843766912,12.293743336834014,67.35161872219123,1.0000000040233623,4.982289695670946,1.199678223429146e-07,42.329151895927325,0.0
AIDC01,43,8.332855716102744,52.15076843766912,12.308825175954965,65.74991564162097,1.000000004088888,4.982289695124978,1.2194819731803364e-07,42.3328858041142,-7.105427357601002e-15
AIDC02,43,4.166427858051372,26.07538421883456,12.308825175954965,65.74991564162097,1.0000000000158193,4.982289729128035,1.7248424910576432e-10,19.13073025586673,-3.552713678800501e-15
AIDC03,43,8.332855716102744,52.15076843766912,12.308825175954965,65.74991564162097,1.000000004088888,4.982289695124978,1.2194819731803364e-07,42.3328858041142,-7.105427357601002e-15
AIDC04,43,4.166427858051372,26.07538421883456,12.308825175954965,65.74991564162097,1.0000000000158193,4.982289729128035,1.7248424910576432e-10,19.13073025586673,-3.552713678800501e-15
AIDC05,43,10.41606964512843,65.18846054708641,12.308825175954965,65.74991564162097,1.0000000741798976,4.98228895653733,2.955750467492635e-06,54.43862123496449,0.0
AIDC06,43,8.332855716102744,52.15076843766912,12.308825175954965,65.74991564162097,1.000000004088888,4.982289695124978,1.2194819731803364e-07,42.3328858041142,-7.105427357601002e-15
AIDC07,43,4.166427858051372,26.07538421883456,12.308825175954965,65.74991564162097,1.0000000000158193,4.982289729128035,1.7248424910576432e-10,19.13073025586673,-3.552713678800501e-15
AIDC08,43,8.332855716102744,52.15076843766912,12.308825175954965,65.74991564162097,1.000000004088888,4.982289695124978,1.2194819731803364e-07,42.3328858041142,-7.105427357601002e-15
AIDC09,43,4.166427858051372,26.07538421883456,12.308825175954965,65.74991564162097,1.0000000000158193,4.982289729128035,1.7248424910576432e-10,19.13073025586673,-3.552713678800501e-15
AIDC10,43,8.332855716102744,52.15076843766912,12.308825175954965,65.74991564162097,1.000000004088888,4.982289695124978,1.2194819731803364e-07,42.3328858041142,-7.105427357601002e-15
AIDC11,43,4.166427858051372,26.07538421883456,12.308825175954965,65.74991564162097,1.0000000000158193,4.982289729128035,1.7248424910576432e-10,19.13073025586673,-3.552713678800501e-15
AIDC12,43,8.332855716102744,52.15076843766912,12.308825175954965,65.74991564162097,1.000000004088888,4.982289695124978,1.2194819731803364e-07,42.3328858041142,-7.105427357601002e-15
AIDC01,44,8.332855716102744,52.15076843766912,12.323907015075918,64.14821256105073,1.0000000041554806,4.982289694570115,1.239612146264335e-07,42.336616580700905,-7.105427357601002e-15
AIDC02,44,4.166427858051372,26.07538421883456,12.323907015075918,64.14821256105073,1.000000000016011,4.9822897291272525,1.7464429902247502e-10,19.132624762989188,0.0
AIDC03,44,8.332855716102744,52.15076843766912,12.323907015075918,64.14821256105073,1.0000000041554806,4.982289694570115,1.239612146264335e-07,42.336616580700905,-7.105427357601002e-15
AIDC04,44,4.166427858051372,26.07538421883456,12.323907015075918,64.14821256105073,1.000000000016011,4.9822897291272525,1.7464429902247502e-10,19.132624762989188,0.0
AIDC05,44,10.41606964512843,65.18846054708641,12.323907015075918,64.14821256105073,1.000000075543818,4.982288942330719,3.010633683686592e-06,54.442967284735104,-1.4210854715202004e-14
AIDC06,44,8.332855716102744,52.15076843766912,12.323907015075918,64.14821256105073,1.0000000041554806,4.982289694570115,1.239612146264335e-07,42.336616580700905,-7.105427357601002e-15
AIDC07,44,4.166427858051372,26.07538421883456,12.323907015075918,64.14821256105073,1.000000000016011,4.9822897291272525,1.7464429902247502e-10,19.132624762989188,0.0
AIDC08,44,8.332855716102744,52.15076843766912,12.323907015075918,64.14821256105073,1.0000000041554806,4.982289694570115,1.239612146264335e-07,42.336616580700905,-7.105427357601002e-15
AIDC09,44,4.166427858051372,26.07538421883456,12.323907015075918,64.14821256105073,1.000000000016011,4.9822897291272525,1.7464429902247502e-10,19.132624762989188,0.0
AIDC10,44,8.332855716102744,52.15076843766912,12.323907015075918,64.14821256105073,1.0000000041554806,4.982289694570115,1.239612146264335e-07,42.336616580700905,-7.105427357601002e-15
AIDC11,44,4.166427858051372,26.07538421883456,12.323907015075918,64.14821256105073,1.000000000016011,4.9822897291272525,1.7464429902247502e-10,19.132624762989188,0.0
AIDC12,44,8.332855716102744,52.15076843766912,12.323907015075918,64.14821256105073,1.0000000041554806,4.982289694570115,1.239612146264335e-07,42.336616580700905,-7.105427357601002e-15
AIDC01,45,8.332855716102744,52.15076843766912,12.211326727584282,62.922825177256804,1.0000000043626747,4.982289692844127,1.2993012177275887e-07,42.30869244862396,0.0
AIDC02,45,4.166427858051372,26.07538421883456,12.211326727584282,62.922825177256804,1.0000000000173332,4.982289729121949,1.8851409322451218e-10,19.118393598683248,0.0
AIDC03,45,8.332855716102744,52.15076843766912,12.211326727584282,62.922825177256804,1.0000000043626747,4.982289692844127,1.2993012177275887e-07,42.30869244862396,0.0
AIDC04,45,4.166427858051372,26.07538421883456,12.211326727584282,62.922825177256804,1.0000000000173332,4.982289729121949,1.8851409322451218e-10,19.118393598683248,0.0
AIDC05,45,10.41606964512843,65.18846054708641,12.211326727584282,62.922825177256804,1.0000000780975302,4.982288915731928,3.108249124750273e-06,54.410429887533056,0.0
AIDC06,45,8.332855716102744,52.15076843766912,12.211326727584282,62.922825177256804,1.0000000043626747,4.982289692844127,1.2993012177275887e-07,42.30869244862396,0.0
AIDC07,45,4.166427858051372,26.07538421883456,12.211326727584282,62.922825177256804,1.0000000000173332,4.982289729121949,1.8851409322451218e-10,19.118393598683248,0.0
AIDC08,45,8.332855716102744,52.15076843766912,12.211326727584282,62.922825177256804,1.0000000043626747,4.982289692844127,1.2993012177275887e-07,42.30869244862396,0.0
AIDC09,45,4.166427858051372,26.07538421883456,12.211326727584282,62.922825177256804,1.0000000000173332,4.982289729121949,1.8851409322451218e-10,19.118393598683248,0.0
AIDC10,45,8.332855716102744,52.15076843766912,12.211326727584282,62.922825177256804,1.0000000043626747,4.982289692844127,1.2993012177275887e-07,42.30869244862396,0.0
AIDC11,45,4.166427858051372,26.07538421883456,12.211326727584282,62.922825177256804,1.0000000000173332,4.982289729121949,1.8851409322451218e-10,19.118393598683248,0.0
AIDC12,45,8.332855716102744,52.15076843766912,12.211326727584282,62.922825177256804,1.0000000043626747,4.982289692844127,1.2993012177275887e-07,42.30869244862396,0.0
AIDC01,46,8.332855716102744,52.15076843766912,12.098746440092645,61.69743779346288,1.0000000045801989,4.982289691032118,1.3618432603834663e-07,42.28059310333806,-7.105427357601002e-15
AIDC02,46,4.166427858051372,26.07538421883456,12.098746440092645,61.69743779346288,1.0000000000187645,4.982289729116213,2.034781232396199e-10,19.104084320280165,0.0
AIDC03,46,8.332855716102744,52.15076843766912,12.098746440092645,61.69743779346288,1.0000000045801989,4.982289691032118,1.3618432603834663e-07,42.28059310333806,-7.105427357601002e-15
AIDC04,46,4.166427858051372,26.07538421883456,12.098746440092645,61.69743779346288,1.0000000000187645,4.982289729116213,2.034781232396199e-10,19.104084320280165,0.0
AIDC05,46,10.41606964512843,65.18846054708641,12.098746440092645,61.69743779346288,1.0000000807375684,4.982288888234045,3.208989411973562e-06,54.37767181755382,0.0
AIDC06,46,8.332855716102744,52.15076843766912,12.098746440092645,61.69743779346288,1.0000000045801989,4.982289691032118,1.3618432603834663e-07,42.28059310333806,-7.105427357601002e-15
AIDC07,46,4.166427858051372,26.07538421883456,12.098746440092645,61.69743779346288,1.0000000000187645,4.982289729116213,2.034781232396199e-10,19.104084320280165,0.0
AIDC08,46,8.332855716102744,52.15076843766912,12.098746440092645,61.69743779346288,1.0000000045801989,4.982289691032118,1.3618432603834663e-07,42.28059310333806,-7.105427357601002e-15
AIDC09,46,4.166427858051372,26.07538421883456,12.098746440092645,61.69743779346288,1.0000000000187645,4.982289729116213,2.034781232396199e-10,19.104084320280165,0.0
AIDC10,46,8.332855716102744,52.15076843766912,12.098746440092645,61.69743779346288,1.0000000045801989,4.982289691032118,1.3618432603834663e-07,42.28059310333806,-7.105427357601002e-15
AIDC11,46,4.166427858051372,26.07538421883456,12.098746440092645,61.69743779346288,1.0000000000187645,4.982289729116213,2.034781232396199e-10,19.104084320280165,0.0
AIDC12,46,8.332855716102744,52.15076843766912,12.098746440092645,61.69743779346288,1.0000000045801989,4.982289691032118,1.3618432603834663e-07,42.28059310333806,-7.105427357601002e-15
AIDC01,47,8.332855716102744,52.15076843766912,11.986166152601008,60.47205040966897,1.0000000048085689,4.982289689129793,1.4273735615688565e-07,42.25231746464685,0.0
AIDC02,47,4.166427858051372,26.07538421883456,11.986166152601008,60.47205040966897,1.000000000020314,4.982289729110014,2.1962875962344697e-10,19.08972376824903,0.0
AIDC03,47,8.332855716102744,52.15076843766912,11.986166152601008,60.47205040966897,1.0000000048085689,4.982289689129793,1.4273735615688565e-07,42.25231746464685,0.0
AIDC04,47,4.166427858051372,26.07538421883456,11.986166152601008,60.47205040966897,1.000000000020314,4.982289729110014,2.1962875962344697e-10,19.08972376824903,0.0
AIDC05,47,10.41606964512843,65.18846054708641,11.986166152601008,60.47205040966897,1.0000000834668503,4.982288859806692,3.3129526215702754e-06,54.34469077517463,-1.4210854715202004e-14
AIDC06,47,8.332855716102744,52.15076843766912,11.986166152601008,60.47205040966897,1.0000000048085689,4.982289689129793,1.4273735615688565e-07,42.25231746464685,0.0
AIDC07,47,4.166427858051372,26.07538421883456,11.986166152601008,60.47205040966897,1.000000000020314,4.982289729110014,2.1962875962344697e-10,19.08972376824903,0.0
AIDC08,47,8.332855716102744,52.15076843766912,11.986166152601008,60.47205040966897,1.0000000048085689,4.982289689129793,1.4273735615688565e-07,42.25231746464685,0.0
AIDC09,47,4.166427858051372,26.07538421883456,11.986166152601008,60.47205040966897,1.000000000020314,4.982289729110014,2.1962875962344697e-10,19.08972376824903,0.0
AIDC10,47,8.332855716102744,52.15076843766912,11.986166152601008,60.47205040966897,1.0000000048085689,4.982289689129793,1.4273735615688565e-07,42.25231746464685,0.0
AIDC11,47,4.166427858051372,26.07538421883456,11.986166152601008,60.47205040966897,1.000000000020314,4.982289729110014,2.1962875962344697e-10,19.08972376824903,0.0
AIDC12,47,8.332855716102744,52.15076843766912,11.986166152601008,60.47205040966897,1.0000000048085689,4.982289689129793,1.4273735615688565e-07,42.25231746464685,0.0
AIDC01,48,8.332855716102744,52.15076843766912,11.873585865109373,59.246663025875044,1.0000000050483246,4.98228968713266,1.4960331640168079e-07,42.223863295135814,0.0
AIDC02,48,4.166427858051372,26.07538421883456,11.873585865109373,59.246663025875044,1.0000000000219913,4.9822897291033055,2.37044162076927e-10,19.075317242572204,0.0
AIDC03,48,8.332855716102744,52.15076843766912,11.873585865109373,59.246663025875044,1.0000000050483246,4.98228968713266,1.4960331640168079e-07,42.223863295135814,0.0
AIDC04,48,4.166427858051372,26.07538421883456,11.873585865109373,59.246663025875044,1.0000000000219913,4.9822897291033055,2.37044162076927e-10,19.075317242572204,0.0
AIDC05,48,10.41606964512843,65.18846054708641,11.873585865109373,59.246663025875044,1.000000086288393,4.982288830418451,3.4202398708771398e-06,54.311484474552,0.0
AIDC06,48,8.332855716102744,52.15076843766912,11.873585865109373,59.246663025875044,1.0000000050483246,4.98228968713266,1.4960331640168079e-07,42.223863295135814,0.0
AIDC07,48,4.166427858051372,26.07538421883456,11.873585865109373,59.246663025875044,1.0000000000219913,4.9822897291033055,2.37044162076927e-10,19.075317242572204,0.0
AIDC08,48,8.332855716102744,52.15076843766912,11.873585865109373,59.246663025875044,1.0000000050483246,4.98228968713266,1.4960331640168079e-07,42.223863295135814,0.0
AIDC09,48,4.166427858051372,26.07538421883456,11.873585865109373,59.246663025875044,1.0000000000219913,4.9822897291033055,2.37044162076927e-10,19.075317242572204,0.0
AIDC10,48,8.332855716102744,52.15076843766912,11.873585865109373,59.246663025875044,1.0000000050483246,4.98228968713266,1.4960331640168079e-07,42.223863295135814,0.0
AIDC11,48,4.166427858051372,26.07538421883456,11.873585865109373,59.246663025875044,1.0000000000219913,4.9822897291033055,2.37044162076927e-10,19.075317242572204,0.0
AIDC12,48,8.332855716102744,52.15076843766912,11.873585865109373,59.246663025875044,1.0000000050483246,4.98228968713266,1.4960331640168079e-07,42.223863295135814,0.0
AIDC01,49,8.332855716102744,52.15076843766912,11.838397243035185,58.66342926574664,1.0000000051388827,4.982289686378314,1.5220668103665957e-07,42.21493274390039,0.0
AIDC02,49,4.166427858051372,26.07538421883456,11.838397243035185,58.66342926574664,1.0000000000226015,4.9822897291008665,2.433928614209435e-10,19.070804002994052,0.0
AIDC03,49,8.332855716102744,52.15076843766912,11.838397243035185,58.66342926574664,1.0000000051388827,4.982289686378314,1.5220668103665957e-07,42.21493274390039,0.0
AIDC04,49,4.166427858051372,26.07538421883456,11.838397243035185,58.66342926574664,1.0000000000226015,4.9822897291008665,2.433928614209435e-10,19.070804002994052,0.0
AIDC05,49,10.41606964512843,65.18846054708641,11.838397243035185,58.66342926574664,1.00000008741416,4.982288818692801,3.4633645213943964e-06,54.301058765184905,0.0
AIDC06,49,8.332855716102744,52.15076843766912,11.838397243035185,58.66342926574664,1.0000000051388827,4.982289686378314,1.5220668103665957e-07,42.21493274390039,0.0
AIDC07,49,4.166427858051372,26.07538421883456,11.838397243035185,58.66342926574664,1.0000000000226015,4.9822897291008665,2.433928614209435e-10,19.070804002994052,0.0
AIDC08,49,8.332855716102744,52.15076843766912,11.838397243035185,58.66342926574664,1.0000000051388827,4.982289686378314,1.5220668103665957e-07,42.21493274390039,0.0
AIDC09,49,4.166427858051372,26.07538421883456,11.838397243035185,58.66342926574664,1.0000000000226015,4.9822897291008665,2.433928614209435e-10,19.070804002994052,0.0
AIDC10,49,8.332855716102744,52.15076843766912,11.838397243035185,58.66342926574664,1.0000000051388827,4.982289686378314,1.5220668103665957e-07,42.21493274390039,0.0
AIDC11,49,4.166427858051372,26.07538421883456,11.838397243035185,58.66342926574664,1.0000000000226015,4.9822897291008665,2.433928614209435e-10,19.070804002994052,0.0
AIDC12,49,8.332855716102744,52.15076843766912,11.838397243035185,58.66342926574664,1.0000000051388827,4.982289686378314,1.5220668103665957e-07,42.21493274390039,0.0
AIDC01,50,8.332855716102744,52.15076843766912,11.803208620960998,58.08019550561825,1.0000000052310651,4.9822896856104375,1.5485510829194027e-07,42.20598463224151,-7.105427357601002e-15
AIDC02,50,4.166427858051372,26.07538421883456,11.803208620960998,58.08019550561825,1.0000000000232283,4.982289729098361,2.4990853830786364e-10,19.066236188736482,0.0
AIDC03,50,8.332855716102744,52.15076843766912,11.803208620960998,58.08019550561825,1.0000000052310651,4.9822896856104375,1.5485510829194027e-07,42.20598463224151,-7.105427357601002e-15
AIDC04,50,4.166427858051372,26.07538421883456,11.803208620960998,58.08019550561825,1.0000000000232283,4.982289729098361,2.4990853830786364e-10,19.066236188736482,0.0
AIDC05,50,10.41606964512843,65.18846054708641,11.803208620960998,58.08019550561825,1.0000000885546136,4.982288806814182,3.507028395688394e-06,54.29061073015414,0.0
AIDC06,50,8.332855716102744,52.15076843766912,11.803208620960998,58.08019550561825,1.0000000052310651,4.9822896856104375,1.5485510829194027e-07,42.20598463224151,-7.105427357601002e-15
AIDC07,50,4.166427858051372,26.07538421883456,11.803208620960998,58.08019550561825,1.0000000000232283,4.982289729098361,2.4990853830786364e-10,19.066236188736482,0.0
AIDC08,50,8.332855716102744,52.15076843766912,11.803208620960998,58.08019550561825,1.0000000052310651,4.9822896856104375,1.5485510829194027e-07,42.20598463224151,-7.105427357601002e-15
AIDC09,50,4.166427858051372,26.07538421883456,11.803208620960998,58.08019550561825,1.0000000000232283,4.982289729098361,2.4990853830786364e-10,19.066236188736482,0.0
AIDC10,50,8.332855716102744,52.15076843766912,11.803208620960998,58.08019550561825,1.0000000052310651,4.9822896856104375,1.5485510829194027e-07,42.20598463224151,-7.105427357601002e-15
AIDC11,50,4.166427858051372,26.07538421883456,11.803208620960998,58.08019550561825,1.0000000000232283,4.982289729098361,2.4990853830786364e-10,19.066236188736482,0.0
AIDC12,50,8.332855716102744,52.15076843766912,11.803208620960998,58.08019550561825,1.0000000052310651,4.9822896856104375,1.5485510829194027e-07,42.20598463224151,-7.105427357601002e-15
AIDC01,51,8.332855716102744,52.15076843766912,11.768019998886812,57.49696174548985,1.0000000053249012,4.982289684828794,1.575493655536775e-07,42.19701886751764,-7.105427357601002e-15
AIDC02,51,4.166427858051372,26.07538421883456,11.768019998886812,57.49696174548985,1.0000000000238727,4.982289729095787,2.565947454513662e-10,19.061692694865258,-3.552713678800501e-15
AIDC03,51,8.332855716102744,52.15076843766912,11.768019998886812,57.49696174548985,1.0000000053249012,4.982289684828794,1.575493655536775e-07,42.19701886751764,-7.105427357601002e-15
AIDC04,51,4.166427858051372,26.07538421883456,11.768019998886812,57.49696174548985,1.0000000000238727,4.982289729095787,2.565947454513662e-10,19.061692694865258,-3.552713678800501e-15
AIDC05,51,10.41606964512843,65.18846054708641,11.768019998886812,57.49696174548985,1.0000000897099468,4.982288794780594,3.5512382083879857e-06,54.280140340599786,0.0
AIDC06,51,8.332855716102744,52.15076843766912,11.768019998886812,57.49696174548985,1.0000000053249012,4.982289684828794,1.575493655536775e-07,42.19701886751764,-7.105427357601002e-15
AIDC07,51,4.166427858051372,26.07538421883456,11.768019998886812,57.49696174548985,1.0000000000238727,4.982289729095787,2.565947454513662e-10,19.061692694865258,-3.552713678800501e-15
AIDC08,51,8.332855716102744,52.15076843766912,11.768019998886812,57.49696174548985,1.0000000053249012,4.982289684828794,1.575493655536775e-07,42.19701886751764,-7.105427357601002e-15
AIDC09,51,4.166427858051372,26.07538421883456,11.768019998886812,57.49696174548985,1.0000000000238727,4.982289729095787,2.565947454513662e-10,19.061692694865258,-3.552713678800501e-15
AIDC10,51,8.332855716102744,52.15076843766912,11.768019998886812,57.49696174548985,1.0000000053249012,4.982289684828794,1.575493655536775e-07,42.19701886751764,-7.105427357601002e-15
AIDC11,51,4.166427858051372,26.07538421883456,11.768019998886812,57.49696174548985,1.0000000000238727,4.982289729095787,2.565947454513662e-10,19.061692694865258,-3.552713678800501e-15
AIDC12,51,8.332855716102744,52.15076843766912,11.768019998886812,57.49696174548985,1.0000000053249012,4.982289684828794,1.575493655536775e-07,42.19701886751764,-7.105427357601002e-15
AIDC01,52,8.332855716102744,52.15076843766912,11.732831376812625,56.91372798536145,1.0000000054204203,4.982289684033136,1.6029023441888057e-07,42.18803529748831,0.0
AIDC02,52,4.166427858051372,26.07538421883456,11.732831376812625,56.91372798536145,1.0000000000245353,4.9822897290931385,2.6346569370616635e-10,19.057203525054696,0.0
AIDC03,52,8.332855716102744,52.15076843766912,11.732831376812625,56.91372798536145,1.0000000054204203,4.982289684033136,1.6029023441888057e-07,42.18803529748831,0.0
AIDC04,52,4.166427858051372,26.07538421883456,11.732831376812625,56.91372798536145,1.0000000000245353,4.9822897290931385,2.6346569370616635e-10,19.057203525054696,0.0
AIDC05,52,10.41606964512843,65.18846054708641,11.732831376812625,56.91372798536145,1.0000000908803528,4.98228878259002,3.5960006457003146e-06,54.2696474894192,0.0
AIDC06,52,8.332855716102744,52.15076843766912,11.732831376812625,56.91372798536145,1.0000000054204203,4.982289684033136,1.6029023441888057e-07,42.18803529748831,0.0
AIDC07,52,4.166427858051372,26.07538421883456,11.732831376812625,56.91372798536145,1.0000000000245353,4.9822897290931385,2.6346569370616635e-10,19.057203525054696,0.0
AIDC08,52,8.332855716102744,52.15076843766912,11.732831376812625,56.91372798536145,1.0000000054204203,4.982289684033136,1.6029023441888057e-07,42.18803529748831,0.0
AIDC09,52,4.166427858051372,26.07538421883456,11.732831376812625,56.91372798536145,1.0000000000245353,4.9822897290931385,2.6346569370616635e-10,19.057203525054696,0.0
AIDC10,52,8.332855716102744,52.15076843766912,11.732831376812625,56.91372798536145,1.0000000054204203,4.982289684033136,1.6029023441888057e-07,42.18803529748831,0.0
AIDC11,52,4.166427858051372,26.07538421883456,11.732831376812625,56.91372798536145,1.0000000000245353,4.9822897290931385,2.6346569370616635e-10,19.057203525054696,0.0
AIDC12,52,8.332855716102744,52.15076843766912,11.732831376812625,56.91372798536145,1.0000000054204203,4.982289684033136,1.6029023441888057e-07,42.18803529748831,0.0
AIDC01,53,8.332855716102744,52.15076843766912,11.69926269083917,57.09178011393849,1.0000000054613938,4.98228968369191,1.6141972736249954e-07,42.179448774184635,0.0
AIDC02,53,4.166427858051372,26.07538421883456,11.69926269083917,57.09178011393849,1.0000000000249478,4.982289729091499,2.6765079041979334e-10,19.052869951866683,-3.552713678800501e-15
AIDC03,53,8.332855716102744,52.15076843766912,11.69926269083917,57.09178011393849,1.0000000054613938,4.98228968369191,1.6141972736249954e-07,42.179448774184635,0.0
AIDC04,53,4.166427858051372,26.07538421883456,11.69926269083917,57.09178011393849,1.0000000000249478,4.982289729091499,2.6765079041979334e-10,19.052869951866683,-3.552713678800501e-15
AIDC05,53,10.41606964512843,65.18846054708641,11.69926269083917,57.09178011393849,1.000000091147515,4.982288779807554,3.6050669720566475e-06,54.25961673331662,0.0
AIDC06,53,8.332855716102744,52.15076843766912,11.69926269083917,57.09178011393849,1.0000000054613938,4.98228968369191,1.6141972736249954e-07,42.179448774184635,0.0
AIDC07,53,4.166427858051372,26.07538421883456,11.69926269083917,57.09178011393849,1.0000000000249478,4.982289729091499,2.6765079041979334e-10,19.052869951866683,-3.552713678800501e-15
AIDC08,53,8.332855716102744,52.15076843766912,11.69926269083917,57.09178011393849,1.0000000054613938,4.98228968369191,1.6141972736249954e-07,42.179448774184635,0.0
AIDC09,53,4.166427858051372,26.07538421883456,11.69926269083917,57.09178011393849,1.0000000000249478,4.982289729091499,2.6765079041979334e-10,19.052869951866683,-3.552713678800501e-15
AIDC10,53,8.332855716102744,52.15076843766912,11.69926269083917,57.09178011393849,1.0000000054613938,4.98228968369191,1.6141972736249954e-07,42.179448774184635,0.0
AIDC11,53,4.166427858051372,26.07538421883456,11.69926269083917,57.09178011393849,1.0000000000249478,4.982289729091499,2.6765079041979334e-10,19.052869951866683,-3.552713678800501e-15
AIDC12,53,8.332855716102744,52.15076843766912,11.69926269083917,57.09178011393849,1.0000000054613938,4.98228968369191,1.6141972736249954e-07,42.179448774184635,0.0
AIDC01,54,8.332855716102744,52.15076843766912,11.665694004865713,57.269832242515534,1.0000000055026768,4.9822896833481085,1.6255692258937415e-07,42.17084591896929,-7.105427357601002e-15
AIDC02,54,4.166427858051372,26.07538421883456,11.665694004865713,57.269832242515534,1.0000000000253673,4.982289729089835,2.7190338869331754e-10,19.048523968128862,0.0
AIDC03,54,8.332855716102744,52.15076843766912,11.665694004865713,57.269832242515534,1.0000000055026768,4.9822896833481085,1.6255692258937415e-07,42.17084591896929,-7.105427357601002e-15
AIDC04,54,4.166427858051372,26.07538421883456,11.665694004865713,57.269832242515534,1.0000000000253673,4.982289729089835,2.7190338869331754e-10,19.048523968128862,0.0
AIDC05,54,10.41606964512843,65.18846054708641,11.665694004865713,57.269832242515534,1.0000000914154628,4.982288777016912,3.614151850683811e-06,54.24956541838385,0.0
AIDC06,54,8.332855716102744,52.15076843766912,11.665694004865713,57.269832242515534,1.0000000055026768,4.9822896833481085,1.6255692258937415e-07,42.17084591896929,-7.105427357601002e-15
AIDC07,54,4.166427858051372,26.07538421883456,11.665694004865713,57.269832242515534,1.0000000000253673,4.982289729089835,2.7190338869331754e-10,19.048523968128862,0.0
AIDC08,54,8.332855716102744,52.15076843766912,11.665694004865713,57.269832242515534,1.0000000055026768,4.9822896833481085,1.6255692258937415e-07,42.17084591896929,-7.105427357601002e-15
AIDC09,54,4.166427858051372,26.07538421883456,11.665694004865713,57.269832242515534,1.0000000000253673,4.982289729089835,2.7190338869331754e-10,19.048523968128862,0.0
AIDC10,54,8.332855716102744,52.15076843766912,11.665694004865713,57.269832242515534,1.0000000055026768,4.9822896833481085,1.6255692258937415e-07,42.17084591896929,-7.105427357601002e-15
AIDC11,54,4.166427858051372,26.07538421883456,11.665694004865713,57.269832242515534,1.0000000000253673,4.982289729089835,2.7190338869331754e-10,19.048523968128862,0.0
AIDC12,54,8.332855716102744,52.15076843766912,11.665694004865713,57.269832242515534,1.0000000055026768,4.9822896833481085,1.6255692258937415e-07,42.17084591896929,-7.105427357601002e-15
AIDC01,55,8.332855716102744,52.15076843766912,11.632125318892259,57.447884371092584,1.000000005544272,4.98228968300171,1.6370189825920534e-07,42.16222694178239,0.0
AIDC02,55,4.166427858051372,26.07538421883456,11.632125318892259,57.447884371092584,1.0000000000257938,4.982289729088142,2.7622348852673895e-10,19.044183589686092,-3.552713678800501e-15
AIDC03,55,8.332855716102744,52.15076843766912,11.632125318892259,57.447884371092584,1.000000005544272,4.98228968300171,1.6370189825920534e-07,42.16222694178239,0.0
AIDC04,55,4.166427858051372,26.07538421883456,11.632125318892259,57.447884371092584,1.0000000000257938,4.982289729088142,2.7622348852673895e-10,19.044183589686092,-3.552713678800501e-15
AIDC05,55,10.41606964512843,65.18846054708641,11.632125318892259,57.447884371092584,1.000000091684198,4.982288774218079,3.62325529579266e-06,54.23949347676415,0.0
AIDC06,55,8.332855716102744,52.15076843766912,11.632125318892259,57.447884371092584,1.000000005544272,4.98228968300171,1.6370189825920534e-07,42.16222694178239,0.0
AIDC07,55,4.166427858051372,26.07538421883456,11.632125318892259,57.447884371092584,1.0000000000257938,4.982289729088142,2.7622348852673895e-10,19.044183589686092,-3.552713678800501e-15
AIDC08,55,8.332855716102744,52.15076843766912,11.632125318892259,57.447884371092584,1.000000005544272,4.98228968300171,1.6370189825920534e-07,42.16222694178239,0.0
AIDC09,55,4.166427858051372,26.07538421883456,11.632125318892259,57.447884371092584,1.0000000000257938,4.982289729088142,2.7622348852673895e-10,19.044183589686092,-3.552713678800501e-15
AIDC10,55,8.332855716102744,52.15076843766912,11.632125318892259,57.447884371092584,1.000000005544272,4.98228968300171,1.6370189825920534e-07,42.16222694178239,0.0
AIDC11,55,4.166427858051372,26.07538421883456,11.632125318892259,57.447884371092584,1.0000000000257938,4.982289729088142,2.7622348852673895e-10,19.044183589686092,-3.552713678800501e-15
AIDC12,55,8.332855716102744,52.15076843766912,11.632125318892259,57.447884371092584,1.000000005544272,4.98228968300171,1.6370189825920534e-07,42.16222694178239,0.0
AIDC01,56,8.332855716102744,52.15076843766912,11.598556632918804,57.62593649966963,1.0000000055861815,4.982289682652699,1.6485469700455724e-07,42.1535916899865,0.0
AIDC02,56,4.166427858051372,26.07538421883456,11.598556632918804,57.62593649966963,1.0000000000262275,4.982289729086423,2.8060753720637877e-10,19.0398289396418,-3.552713678800501e-15
AIDC03,56,8.332855716102744,52.15076843766912,11.598556632918804,57.62593649966963,1.0000000055861815,4.982289682652699,1.6485469700455724e-07,42.1535916899865,0.0
AIDC04,56,4.166427858051372,26.07538421883456,11.598556632918804,57.62593649966963,1.0000000000262275,4.982289729086423,2.8060753720637877e-10,19.0398289396418,-3.552713678800501e-15
AIDC05,56,10.41606964512843,65.18846054708641,11.598556632918804,57.62593649966963,1.000000091953723,4.982288771411023,3.632377300277767e-06,54.22940084005508,0.0
AIDC06,56,8.332855716102744,52.15076843766912,11.598556632918804,57.62593649966963,1.0000000055861815,4.982289682652699,1.6485469700455724e-07,42.1535916899865,0.0
AIDC07,56,4.166427858051372,26.07538421883456,11.598556632918804,57.62593649966963,1.0000000000262275,4.982289729086423,2.8060753720637877e-10,19.0398289396418,-3.552713678800501e-15
AIDC08,56,8.332855716102744,52.15076843766912,11.598556632918804,57.62593649966963,1.0000000055861815,4.982289682652699,1.6485469700455724e-07,42.1535916899865,0.0
AIDC09,56,4.166427858051372,26.07538421883456,11.598556632918804,57.62593649966963,1.0000000000262275,4.982289729086423,2.8060753720637877e-10,19.0398289396418,-3.552713678800501e-15
AIDC10,56,8.332855716102744,52.15076843766912,11.598556632918804,57.62593649966963,1.0000000055861815,4.982289682652699,1.6485469700455724e-07,42.1535916899865,0.0
AIDC11,56,4.166427858051372,26.07538421883456,11.598556632918804,57.62593649966963,1.0000000000262275,4.982289729086423,2.8060753720637877e-10,19.0398289396418,-3.552713678800501e-15
AIDC12,56,8.332855716102744,52.15076843766912,11.598556632918804,57.62593649966963,1.0000000055861815,4.982289682652699,1.6485469700455724e-07,42.1535916899865,0.0
AIDC01,57,8.332855716102744,52.15076843766912,11.54910363955291,58.16391552612151,1.0000000056285414,4.98228968230001,1.6597878982338443e-07,42.14084031574396,-7.105427357601002e-15
AIDC02,57,4.166427858051372,26.07538421883456,11.54910363955291,58.16391552612151,1.0000000000267848,4.9822897290842185,2.8618174496841675e-10,19.03342995645729,0.0
AIDC03,57,8.332855716102744,52.15076843766912,11.54910363955291,58.16391552612151,1.0000000056285414,4.98228968230001,1.6597878982338443e-07,42.14084031574396,-7.105427357601002e-15
AIDC04,57,4.166427858051372,26.07538421883456,11.54910363955291,58.16391552612151,1.0000000000267848,4.9822897290842185,2.8618174496841675e-10,19.03342995645729,0.0
AIDC05,57,10.41606964512843,65.18846054708641,11.54910363955291,58.16391552612151,1.0000000920259142,4.982288770659528,3.6329674628632347e-06,54.21449469242144,0.0
AIDC06,57,8.332855716102744,52.15076843766912,11.54910363955291,58.16391552612151,1.0000000056285414,4.98228968230001,1.6597878982338443e-07,42.14084031574396,-7.105427357601002e-15
AIDC07,57,4.166427858051372,26.07538421883456,11.54910363955291,58.16391552612151,1.0000000000267848,4.9822897290842185,2.8618174496841675e-10,19.03342995645729,0.0
AIDC08,57,8.332855716102744,52.15076843766912,11.54910363955291,58.16391552612151,1.0000000056285414,4.98228968230001,1.6597878982338443e-07,42.14084031574396,-7.105427357601002e-15
AIDC09,57,4.166427858051372,26.07538421883456,11.54910363955291,58.16391552612151,1.0000000000267848,4.9822897290842185,2.8618174496841675e-10,19.03342995645729,0.0
AIDC10,57,8.332855716102744,52.15076843766912,11.54910363955291,58.16391552612151,1.0000000056285414,4.98228968230001,1.6597878982338443e-07,42.14084031574396,-7.105427357601002e-15
AIDC11,57,4.166427858051372,26.07538421883456,11.54910363955291,58.16391552612151,1.0000000000267848,4.9822897290842185,2.8618174496841675e-10,19.03342995645729,0.0
AIDC12,57,8.332855716102744,52.15076843766912,11.54910363955291,58.16391552612151,1.0000000056285414,4.98228968230001,1.6597878982338443e-07,42.14084031574396,-7.105427357601002e-15
AIDC01,58,8.332855716102744,52.15076843766912,11.499650646187018,58.701894552573386,1.0000000056712224,4.982289681944655,1.6710999517499658e-07,42.12805328769703,-7.105427357601002e-15
AIDC02,58,4.166427858051372,26.07538421883456,11.499650646187018,58.701894552573386,1.000000000027354,4.98228972908197,2.9186608685449755e-10,19.027012129418438,0.0
AIDC03,58,8.332855716102744,52.15076843766912,11.499650646187018,58.701894552573386,1.0000000056712224,4.982289681944655,1.6710999517499658e-07,42.12805328769703,-7.105427357601002e-15
AIDC04,58,4.166427858051372,26.07538421883456,11.499650646187018,58.701894552573386,1.000000000027354,4.98228972908197,2.9186608685449755e-10,19.027012129418438,0.0
AIDC05,58,10.41606964512843,65.18846054708641,11.499650646187018,58.701894552573386,1.0000000920981613,4.9822887699074645,3.633548118386898e-06,54.199543270521545,0.0
AIDC06,58,8.332855716102744,52.15076843766912,11.499650646187018,58.701894552573386,1.0000000056712224,4.982289681944655,1.6710999517499658e-07,42.12805328769703,-7.105427357601002e-15
AIDC07,58,4.166427858051372,26.07538421883456,11.499650646187018,58.701894552573386,1.000000000027354,4.98228972908197,2.9186608685449755e-10,19.027012129418438,0.0
AIDC08,58,8.332855716102744,52.15076843766912,11.499650646187018,58.701894552573386,1.0000000056712224,4.982289681944655,1.6710999517499658e-07,42.12805328769703,-7.105427357601002e-15
AIDC09,58,4.166427858051372,26.07538421883456,11.499650646187018,58.701894552573386,1.000000000027354,4.98228972908197,2.9186608685449755e-10,19.027012129418438,0.0
AIDC10,58,8.332855716102744,52.15076843766912,11.499650646187018,58.701894552573386,1.0000000056712224,4.982289681944655,1.6710999517499658e-07,42.12805328769703,-7.105427357601002e-15
AIDC11,58,4.166427858051372,26.07538421883456,11.499650646187018,58.701894552573386,1.000000000027354,4.98228972908197,2.9186608685449755e-10,19.027012129418438,0.0
AIDC12,58,8.332855716102744,52.15076843766912,11.499650646187018,58.701894552573386,1.0000000056712224,4.982289681944655,1.6710999517499658e-07,42.12805328769703,-7.105427357601002e-15
AIDC01,59,8.332855716102744,52.15076843766912,11.450197652821124,59.239873579025264,1.0000000057142273,4.982289681586611,1.6824837700823991e-07,42.11523080797433,0.0
AIDC02,59,4.166427858051372,26.07538421883456,11.450197652821124,59.239873579025264,1.000000000027935,4.9822897290796755,2.9765701015094237e-10,19.020571568643632,0.0
AIDC03,59,8.332855716102744,52.15076843766912,11.450197652821124,59.239873579025264,1.0000000057142273,4.982289681586611,1.6824837700823991e-07,42.11523080797433,0.0
AIDC04,59,4.166427858051372,26.07538421883456,11.450197652821124,59.239873579025264,1.000000000027935,4.9822897290796755,2.9765701015094237e-10,19.020571568643632,0.0
AIDC05,59,10.41606964512843,65.18846054708641,11.450197652821124,59.239873579025264,1.0000000921704653,4.982288769154822,3.634119238427047e-06,54.184546406428865,0.0
AIDC06,59,8.332855716102744,52.15076843766912,11.450197652821124,59.239873579025264,1.0000000057142273,4.982289681586611,1.6824837700823991e-07,42.11523080797433,0.0
AIDC07,59,4.166427858051372,26.07538421883456,11.450197652821124,59.239873579025264,1.000000000027935,4.9822897290796755,2.9765701015094237e-10,19.020571568643632,0.0
AIDC08,59,8.332855716102744,52.15076843766912,11.450197652821124,59.239873579025264,1.0000000057142273,4.982289681586611,1.6824837700823991e-07,42.11523080797433,0.0
AIDC09,59,4.166427858051372,26.07538421883456,11.450197652821124,59.239873579025264,1.000000000027935,4.9822897290796755,2.9765701015094237e-10,19.020571568643632,0.0
AIDC10,59,8.332855716102744,52.15076843766912,11.450197652821124,59.239873579025264,1.0000000057142273,4.982289681586611,1.6824837700823991e-07,42.11523080797433,0.0
AIDC11,59,4.166427858051372,26.07538421883456,11.450197652821124,59.239873579025264,1.000000000027935,4.9822897290796755,2.9765701015094237e-10,19.020571568643632,0.0
AIDC12,59,8.332855716102744,52.15076843766912,11.450197652821124,59.239873579025264,1.0000000057142273,4.982289681586611,1.6824837700823991e-07,42.11523080797433,0.0
AIDC01,60,8.332855716102744,52.15076843766912,11.400744659455231,59.77785260547714,1.0000000057575578,4.982289681225861,1.6939394242854178e-07,42.102372050257415,0.0
AIDC02,60,4.166427858051372,26.07538421883456,11.400744659455231,59.77785260547714,1.0000000000285285,4.982289729077333,3.035651729987876e-10,19.014137746188716,0.0
AIDC03,60,8.332855716102744,52.15076843766912,11.400744659455231,59.77785260547714,1.0000000057575578,4.982289681225861,1.6939394242854178e-07,42.102372050257415,0.0
AIDC04,60,4.166427858051372,26.07538421883456,11.400744659455231,59.77785260547714,1.0000000000285285,4.982289729077333,3.035651729987876e-10,19.014137746188716,0.0
AIDC05,60,10.41606964512843,65.18846054708641,11.400744659455231,59.77785260547714,1.0000000922428258,4.982288768401606,3.6346807448239815e-06,54.16950387888143,0.0
AIDC06,60,8.332855716102744,52.15076843766912,11.400744659455231,59.77785260547714,1.0000000057575578,4.982289681225861,1.6939394242854178e-07,42.102372050257415,0.0
AIDC07,60,4.166427858051372,26.07538421883456,11.400744659455231,59.77785260547714,1.0000000000285285,4.982289729077333,3.035651729987876e-10,19.014137746188716,0.0
AIDC08,60,8.332855716102744,52.15076843766912,11.400744659455231,59.77785260547714,1.0000000057575578,4.982289681225861,1.6939394242854178e-07,42.102372050257415,0.0
AIDC09,60,4.166427858051372,26.07538421883456,11.400744659455231,59.77785260547714,1.0000000000285285,4.982289729077333,3.035651729987876e-10,19.014137746188716,0.0
AIDC10,60,8.332855716102744,52.15076843766912,11.400744659455231,59.77785260547714,1.0000000057575578,4.982289681225861,1.6939394242854178e-07,42.102372050257415,0.0
AIDC11,60,4.166427858051372,26.07538421883456,11.400744659455231,59.77785260547714,1.0000000000285285,4.982289729077333,3.035651729987876e-10,19.014137746188716,0.0
AIDC12,60,8.332855716102744,52.15076843766912,11.400744659455231,59.77785260547714,1.0000000057575578,4.982289681225861,1.6939394242854178e-07,42.102372050257415,0.0
AIDC01,61,8.332855716102744,52.15076843766912,11.386821700478542,60.32652199088054,1.0000000057404643,4.982289681368334,1.6885437759128763e-07,42.09874519957003,-7.105427357601002e-15
AIDC02,61,4.166427858051372,26.07538421883456,11.386821700478542,60.32652199088054,1.000000000028552,4.982289729077252,3.03700176118582e-10,19.01234970258856,0.0
AIDC03,61,8.332855716102744,52.15076843766912,11.386821700478542,60.32652199088054,1.0000000057404643,4.982289681368334,1.6885437759128763e-07,42.09874519957003,-7.105427357601002e-15
AIDC04,61,4.166427858051372,26.07538421883456,11.386821700478542,60.32652199088054,1.000000000028552,4.982289729077252,3.03700176118582e-10,19.01234970258856,0.0
AIDC05,61,10.41606964512843,65.18846054708641,11.386821700478542,60.32652199088054,1.000000091793856,4.98228877307816,3.61634629797436e-06,54.165260566572,0.0
AIDC06,61,8.332855716102744,52.15076843766912,11.386821700478542,60.32652199088054,1.0000000057404643,4.982289681368334,1.6885437759128763e-07,42.09874519957003,-7.105427357601002e-15
AIDC07,61,4.166427858051372,26.07538421883456,11.386821700478542,60.32652199088054,1.000000000028552,4.982289729077252,3.03700176118582e-10,19.01234970258856,0.0
AIDC08,61,8.332855716102744,52.15076843766912,11.386821700478542,60.32652199088054,1.0000000057404643,4.982289681368334,1.6885437759128763e-07,42.09874519957003,-7.105427357601002e-15
AIDC09,61,4.166427858051372,26.07538421883456,11.386821700478542,60.32652199088054,1.000000000028552,4.982289729077252,3.03700176118582e-10,19.01234970258856,0.0
AIDC10,61,8.332855716102744,52.15076843766912,11.386821700478542,60.32652199088054,1.0000000057404643,4.982289681368334,1.6885437759128763e-07,42.09874519957003,-7.105427357601002e-15
AIDC11,61,4.166427858051372,26.07538421883456,11.386821700478542,60.32652199088054,1.000000000028552,4.982289729077252,3.03700176118582e-10,19.01234970258856,0.0
AIDC12,61,8.332855716102744,52.15076843766912,11.386821700478542,60.32652199088054,1.0000000057404643,4.982289681368334,1.6885437759128763e-07,42.09874519957003,-7.105427357601002e-15
AIDC01,62,8.332855716102744,52.15076843766912,11.372898741501853,60.87519137628394,1.0000000057234222,4.982289681510384,1.683165180565993e-07,42.09511590786053,0.0
AIDC02,62,4.166427858051372,26.07538421883456,11.372898741501853,60.87519137628394,1.0000000000285754,4.982289729077171,3.0382452109734004e-10,19.010524339481222,0.0
AIDC03,62,8.332855716102744,52.15076843766912,11.372898741501853,60.87519137628394,1.0000000057234222,4.982289681510384,1.683165180565993e-07,42.09511590786053,0.0
AIDC04,62,4.166427858051372,26.07538421883456,11.372898741501853,60.87519137628394,1.0000000000285754,4.982289729077171,3.0382452109734004e-10,19.010524339481222,0.0
AIDC05,62,10.41606964512843,65.18846054708641,11.372898741501853,60.87519137628394,1.0000000913470717,4.9822887777319504,3.598103582191925e-06,54.16101361929498,0.0
AIDC06,62,8.332855716102744,52.15076843766912,11.372898741501853,60.87519137628394,1.0000000057234222,4.982289681510384,1.683165180565993e-07,42.09511590786053,0.0
AIDC07,62,4.166427858051372,26.07538421883456,11.372898741501853,60.87519137628394,1.0000000000285754,4.982289729077171,3.0382452109734004e-10,19.010524339481222,0.0
AIDC08,62,8.332855716102744,52.15076843766912,11.372898741501853,60.87519137628394,1.0000000057234222,4.982289681510384,1.683165180565993e-07,42.09511590786053,0.0
AIDC09,62,4.166427858051372,26.07538421883456,11.372898741501853,60.87519137628394,1.0000000000285754,4.982289729077171,3.0382452109734004e-10,19.010524339481222,0.0
AIDC10,62,8.332855716102744,52.15076843766912,11.372898741501853,60.87519137628394,1.0000000057234222,4.982289681510384,1.683165180565993e-07,42.09511590786053,0.0
AIDC11,62,4.166427858051372,26.07538421883456,11.372898741501853,60.87519137628394,1.0000000000285754,4.982289729077171,3.0382452109734004e-10,19.010524339481222,0.0
AIDC12,62,8.332855716102744,52.15076843766912,11.372898741501853,60.87519137628394,1.0000000057234222,4.982289681510384,1.683165180565993e-07,42.09511590786053,0.0
AIDC01,63,8.332855716102744,52.15076843766912,11.358975782525164,61.42386076168734,1.00000000570643,4.982289681652013,1.6778030698105795e-07,42.09148327391142,0.0
AIDC02,63,4.166427858051372,26.07538421883456,11.358975782525164,61.42386076168734,1.0000000000285987,4.982289729077091,3.0395952421713446e-10,19.008695516119197,0.0
AIDC03,63,8.332855716102744,52.15076843766912,11.358975782525164,61.42386076168734,1.00000000570643,4.982289681652013,1.6778030698105795e-07,42.09148327391142,0.0
AIDC04,63,4.166427858051372,26.07538421883456,11.358975782525164,61.42386076168734,1.0000000000285987,4.982289729077091,3.0395952421713446e-10,19.008695516119197,0.0
AIDC05,63,10.41606964512843,65.18846054708641,11.358975782525164,61.42386076168734,1.000000090902462,4.98228878236309,3.579952128518471e-06,54.15676303137555,0.0
AIDC06,63,8.332855716102744,52.15076843766912,11.358975782525164,61.42386076168734,1.00000000570643,4.982289681652013,1.6778030698105795e-07,42.09148327391142,0.0
AIDC07,63,4.166427858051372,26.07538421883456,11.358975782525164,61.42386076168734,1.0000000000285987,4.982289729077091,3.0395952421713446e-10,19.008695516119197,0.0
AIDC08,63,8.332855716102744,52.15076843766912,11.358975782525164,61.42386076168734,1.00000000570643,4.982289681652013,1.6778030698105795e-07,42.09148327391142,0.0
AIDC09,63,4.166427858051372,26.07538421883456,11.358975782525164,61.42386076168734,1.0000000000285987,4.982289729077091,3.0395952421713446e-10,19.008695516119197,0.0
AIDC10,63,8.332855716102744,52.15076843766912,11.358975782525164,61.42386076168734,1.00000000570643,4.982289681652013,1.6778030698105795e-07,42.09148327391142,0.0
AIDC11,63,4.166427858051372,26.07538421883456,11.358975782525164,61.42386076168734,1.0000000000285987,4.982289729077091,3.0395952421713446e-10,19.008695516119197,0.0
AIDC12,63,8.332855716102744,52.15076843766912,11.358975782525164,61.42386076168734,1.00000000570643,4.982289681652013,1.6778030698105795e-07,42.09148327391142,0.0
AIDC01,64,8.332855716102744,52.15076843766912,11.345052823548475,61.97253014709074,1.0000000056894884,4.982289681793221,1.6724576568094562e-07,42.08784791502275,-7.105427357601002e-15
AIDC02,64,4.166427858051372,26.07538421883456,11.345052823548475,61.97253014709074,1.000000000028622,4.982289729077012,3.040838691958925e-10,19.006863232870096,-3.552713678800501e-15
AIDC03,64,8.332855716102744,52.15076843766912,11.345052823548475,61.97253014709074,1.0000000056894884,4.982289681793221,1.6724576568094562e-07,42.08784791502275,-7.105427357601002e-15
AIDC04,64,4.166427858051372,26.07538421883456,11.345052823548475,61.97253014709074,1.000000000028622,4.982289729077012,3.040838691958925e-10,19.006863232870096,-3.552713678800501e-15
AIDC05,64,10.41606964512843,65.18846054708641,11.345052823548475,61.97253014709074,1.0000000904600161,4.98228878697169,3.561891460890365e-06,54.15250878390755,0.0
AIDC06,64,8.332855716102744,52.15076843766912,11.345052823548475,61.97253014709074,1.0000000056894884,4.982289681793221,1.6724576568094562e-07,42.08784791502275,-7.105427357601002e-15
AIDC07,64,4.166427858051372,26.07538421883456,11.345052823548475,61.97253014709074,1.000000000028622,4.982289729077012,3.040838691958925e-10,19.006863232870096,-3.552713678800501e-15
AIDC08,64,8.332855716102744,52.15076843766912,11.345052823548475,61.97253014709074,1.0000000056894884,4.982289681793221,1.6724576568094562e-07,42.08784791502275,-7.105427357601002e-15
AIDC09,64,4.166427858051372,26.07538421883456,11.345052823548475,61.97253014709074,1.000000000028622,4.982289729077012,3.040838691958925e-10,19.006863232870096,-3.552713678800501e-15
AIDC10,64,8.332855716102744,52.15076843766912,11.345052823548475,61.97253014709074,1.0000000056894884,4.982289681793221,1.6724576568094562e-07,42.08784791502275,-7.105427357601002e-15
AIDC11,64,4.166427858051372,26.07538421883456,11.345052823548475,61.97253014709074,1.000000000028622,4.982289729077012,3.040838691958925e-10,19.006863232870096,-3.552713678800501e-15
AIDC12,64,8.332855716102744,52.15076843766912,11.345052823548475,61.97253014709074,1.0000000056894884,4.982289681793221,1.6724576568094562e-07,42.08784791502275,-7.105427357601002e-15
AIDC01,65,8.332855716102744,52.15076843766912,11.220439053600707,62.93168348071205,1.0000000058284233,4.9822896806364145,1.709942054617386e-07,42.05518277467284,-7.105427357601002e-15
AIDC02,65,4.166427858051372,26.07538421883456,11.220439053600707,62.93168348071205,1.000000000030333,4.982289729070259,3.211440002814925e-10,18.99057955779353,0.0
AIDC03,65,8.332855716102744,52.15076843766912,11.220439053600707,62.93168348071205,1.0000000058284233,4.9822896806364145,1.709942054617386e-07,42.05518277467284,-7.105427357601002e-15
AIDC04,65,4.166427858051372,26.07538421883456,11.220439053600707,62.93168348071205,1.000000000030333,4.982289729070259,3.211440002814925e-10,18.99057955779353,0.0
AIDC05,65,10.41606964512843,65.18846054708641,11.220439053600707,62.93168348071205,1.0000000911016582,4.982288780289728,3.58139335787655e-06,54.11426869126734,-1.4210854715202004e-14
AIDC06,65,8.332855716102744,52.15076843766912,11.220439053600707,62.93168348071205,1.0000000058284233,4.9822896806364145,1.709942054617386e-07,42.05518277467284,-7.105427357601002e-15
AIDC07,65,4.166427858051372,26.07538421883456,11.220439053600707,62.93168348071205,1.000000000030333,4.982289729070259,3.211440002814925e-10,18.99057955779353,0.0
AIDC08,65,8.332855716102744,52.15076843766912,11.220439053600707,62.93168348071205,1.0000000058284233,4.9822896806364145,1.709942054617386e-07,42.05518277467284,-7.105427357601002e-15
AIDC09,65,4.166427858051372,26.07538421883456,11.220439053600707,62.93168348071205,1.000000000030333,4.982289729070259,3.211440002814925e-10,18.99057955779353,0.0
AIDC10,65,8.332855716102744,52.15076843766912,11.220439053600707,62.93168348071205,1.0000000058284233,4.9822896806364145,1.709942054617386e-07,42.05518277467284,-7.105427357601002e-15
AIDC11,65,4.166427858051372,26.07538421883456,11.220439053600707,62.93168348071205,1.000000000030333,4.982289729070259,3.211440002814925e-10,18.99057955779353,0.0
AIDC12,65,8.332855716102744,52.15076843766912,11.220439053600707,62.93168348071205,1.0000000058284233,4.9822896806364145,1.709942054617386e-07,42.05518277467284,-7.105427357601002e-15
AIDC01,66,8.332855716102744,52.15076843766912,11.095825283652937,63.89083681433337,1.00000000597075,4.982289679451421,1.7482287262282625e-07,42.02228509652062,-7.105427357601002e-15
AIDC02,66,4.166427858051372,26.07538421883456,11.095825283652937,63.89083681433337,1.0000000000321458,4.982289729063118,3.391349423509382e-10,18.974171528785455,0.0
AIDC03,66,8.332855716102744,52.15076843766912,11.095825283652937,63.89083681433337,1.00000000597075,4.982289679451421,1.7482287262282625e-07,42.02228509652062,-7.105427357601002e-15
AIDC04,66,4.166427858051372,26.07538421883456,11.095825283652937,63.89083681433337,1.0000000000321458,4.982289729063118,3.391349423509382e-10,18.974171528785455,0.0
AIDC05,66,10.41606964512843,65.18846054708641,11.095825283652937,63.89083681433337,1.0000000917478502,4.982288773560493,3.600939052716967e-06,54.07573236846967,0.0
AIDC06,66,8.332855716102744,52.15076843766912,11.095825283652937,63.89083681433337,1.00000000597075,4.982289679451421,1.7482287262282625e-07,42.02228509652062,-7.105427357601002e-15
AIDC07,66,4.166427858051372,26.07538421883456,11.095825283652937,63.89083681433337,1.0000000000321458,4.982289729063118,3.391349423509382e-10,18.974171528785455,0.0
AIDC08,66,8.332855716102744,52.15076843766912,11.095825283652937,63.89083681433337,1.00000000597075,4.982289679451421,1.7482287262282625e-07,42.02228509652062,-7.105427357601002e-15
AIDC09,66,4.166427858051372,26.07538421883456,11.095825283652937,63.89083681433337,1.0000000000321458,4.982289729063118,3.391349423509382e-10,18.974171528785455,0.0
AIDC10,66,8.332855716102744,52.15076843766912,11.095825283652937,63.89083681433337,1.00000000597075,4.982289679451421,1.7482287262282625e-07,42.02228509652062,-7.105427357601002e-15
AIDC11,66,4.166427858051372,26.07538421883456,11.095825283652937,63.89083681433337,1.0000000000321458,4.982289729063118,3.391349423509382e-10,18.974171528785455,0.0
AIDC12,66,8.332855716102744,52.15076843766912,11.095825283652937,63.89083681433337,1.00000000597075,4.982289679451421,1.7482287262282625e-07,42.02228509652062,-7.105427357601002e-15
AIDC01,67,8.332855716102744,52.15076843766912,10.971211513705168,64.84999014795468,1.0000000061165513,4.982289678237558,1.7873335167450932e-07,41.989152717705196,0.0
AIDC02,67,4.166427858051372,26.07538421883456,10.971211513705168,64.84999014795468,1.0000000000340672,4.982289729055561,3.581277496778057e-10,18.95775263000055,0.0
AIDC03,67,8.332855716102744,52.15076843766912,10.971211513705168,64.84999014795468,1.0000000061165513,4.982289678237558,1.7873335167450932e-07,41.989152717705196,0.0
AIDC04,67,4.166427858051372,26.07538421883456,10.971211513705168,64.84999014795468,1.0000000000340672,4.982289729055561,3.581277496778057e-10,18.95775263000055,0.0
AIDC05,67,10.41606964512843,65.18846054708641,10.971211513705168,64.84999014795468,1.0000000923986236,4.982288766783661,3.62052700353388e-06,54.03689631340252,0.0
AIDC06,67,8.332855716102744,52.15076843766912,10.971211513705168,64.84999014795468,1.0000000061165513,4.982289678237558,1.7873335167450932e-07,41.989152717705196,0.0
AIDC07,67,4.166427858051372,26.07538421883456,10.971211513705168,64.84999014795468,1.0000000000340672,4.982289729055561,3.581277496778057e-10,18.95775263000055,0.0
AIDC08,67,8.332855716102744,52.15076843766912,10.971211513705168,64.84999014795468,1.0000000061165513,4.982289678237558,1.7873335167450932e-07,41.989152717705196,0.0
AIDC09,67,4.166427858051372,26.07538421883456,10.971211513705168,64.84999014795468,1.0000000000340672,4.982289729055561,3.581277496778057e-10,18.95775263000055,0.0
AIDC10,67,8.332855716102744,52.15076843766912,10.971211513705168,64.84999014795468,1.0000000061165513,4.982289678237558,1.7873335167450932e-07,41.989152717705196,0.0
AIDC11,67,4.166427858051372,26.07538421883456,10.971211513705168,64.84999014795468,1.0000000000340672,4.982289729055561,3.581277496778057e-10,18.95775263000055,0.0
AIDC12,67,8.332855716102744,52.15076843766912,10.971211513705168,64.84999014795468,1.0000000061165513,4.982289678237558,1.7873335167450932e-07,41.989152717705196,0.0
AIDC01,68,8.332855716102744,52.15076843766912,10.8465977437574,65.809143481576,1.0000000062659116,4.982289676994132,1.827272200216612e-07,41.95578278815684,-7.105427357601002e-15
AIDC02,68,4.166427858051372,26.07538421883456,10.8465977437574,65.809143481576,1.0000000000361027,4.9822897290475705,3.781579493988829e-10,18.941204851282706,-3.552713678800501e-15
AIDC03,68,8.332855716102744,52.15076843766912,10.8465977437574,65.809143481576,1.0000000062659116,4.982289676994132,1.827272200216612e-07,41.95578278815684,-7.105427357601002e-15
AIDC04,68,4.166427858051372,26.07538421883456,10.8465977437574,65.809143481576,1.0000000000361027,4.9822897290475705,3.781579493988829e-10,18.941204851282706,-3.552713678800501e-15
AIDC05,68,10.41606964512843,65.18846054708641,10.8465977437574,65.809143481576,1.0000000930540107,4.982288759958909,3.6401556187115602e-06,53.99775699385701,0.0
AIDC06,68,8.332855716102744,52.15076843766912,10.8465977437574,65.809143481576,1.0000000062659116,4.982289676994132,1.827272200216612e-07,41.95578278815684,-7.105427357601002e-15
AIDC07,68,4.166427858051372,26.07538421883456,10.8465977437574,65.809143481576,1.0000000000361027,4.9822897290475705,3.781579493988829e-10,18.941204851282706,-3.552713678800501e-15
AIDC08,68,8.332855716102744,52.15076843766912,10.8465977437574,65.809143481576,1.0000000062659116,4.982289676994132,1.827272200216612e-07,41.95578278815684,-7.105427357601002e-15
AIDC09,68,4.166427858051372,26.07538421883456,10.8465977437574,65.809143481576,1.0000000000361027,4.9822897290475705,3.781579493988829e-10,18.941204851282706,-3.552713678800501e-15
AIDC10,68,8.332855716102744,52.15076843766912,10.8465977437574,65.809143481576,1.0000000062659116,4.982289676994132,1.827272200216612e-07,41.95578278815684,-7.105427357601002e-15
AIDC11,68,4.166427858051372,26.07538421883456,10.8465977437574,65.809143481576,1.0000000000361027,4.9822897290475705,3.781579493988829e-10,18.941204851282706,-3.552713678800501e-15
AIDC12,68,8.332855716102744,52.15076843766912,10.8465977437574,65.809143481576,1.0000000062659116,4.982289676994132,1.827272200216612e-07,41.95578278815684,-7.105427357601002e-15
AIDC01,69,8.332855716102744,52.15076843766912,10.717808712407951,66.06920000020288,1.0000000064847085,4.982289675172394,1.8870769480372473e-07,41.92104294980112,-7.105427357601002e-15
AIDC02,69,4.166427858051372,26.07538421883456,10.717808712407951,66.06920000020288,1.000000000038696,4.982289729037379,4.0380143673246494e-10,18.924068590187872,-3.552713678800501e-15
AIDC03,69,8.332855716102744,52.15076843766912,10.717808712407951,66.06920000020288,1.0000000064847085,4.982289675172394,1.8870769480372473e-07,41.92104294980112,-7.105427357601002e-15
AIDC04,69,4.166427858051372,26.07538421883456,10.717808712407951,66.06920000020288,1.000000000038696,4.982289729037379,4.0380143673246494e-10,18.924068590187872,-3.552713678800501e-15
AIDC05,69,10.41606964512843,65.18846054708641,10.717808712407951,66.06920000020288,1.000000094620468,4.982288743644849,3.695012800619679e-06,53.956983766425736,0.0
AIDC06,69,8.332855716102744,52.15076843766912,10.717808712407951,66.06920000020288,1.0000000064847085,4.982289675172394,1.8870769480372473e-07,41.92104294980112,-7.105427357601002e-15
AIDC07,69,4.166427858051372,26.07538421883456,10.717808712407951,66.06920000020288,1.000000000038696,4.982289729037379,4.0380143673246494e-10,18.924068590187872,-3.552713678800501e-15
AIDC08,69,8.332855716102744,52.15076843766912,10.717808712407951,66.06920000020288,1.0000000064847085,4.982289675172394,1.8870769480372473e-07,41.92104294980112,-7.105427357601002e-15
AIDC09,69,4.166427858051372,26.07538421883456,10.717808712407951,66.06920000020288,1.000000000038696,4.982289729037379,4.0380143673246494e-10,18.924068590187872,-3.552713678800501e-15
AIDC10,69,8.332855716102744,52.15076843766912,10.717808712407951,66.06920000020288,1.0000000064847085,4.982289675172394,1.8870769480372473e-07,41.92104294980112,-7.105427357601002e-15
AIDC11,69,4.166427858051372,26.07538421883456,10.717808712407951,66.06920000020288,1.000000000038696,4.982289729037379,4.0380143673246494e-10,18.924068590187872,-3.552713678800501e-15
AIDC12,69,8.332855716102744,52.15076843766912,10.717808712407951,66.06920000020288,1.0000000064847085,4.982289675172394,1.8870769480372473e-07,41.92104294980112,-7.105427357601002e-15
AIDC01,70,8.332855716102744,52.15076843766912,10.589019681058502,66.32925651882977,1.0000000067111443,4.9822896732871484,1.9487911373516908e-07,41.88604433045694,-7.105427357601002e-15
AIDC02,70,4.166427858051372,26.07538421883456,10.589019681058502,66.32925651882977,1.0000000000414753,4.982289729026477,4.311608847729076e-10,18.906867615040227,0.0
AIDC03,70,8.332855716102744,52.15076843766912,10.589019681058502,66.32925651882977,1.0000000067111443,4.9822896732871484,1.9487911373516908e-07,41.88604433045694,-7.105427357601002e-15
AIDC04,70,4.166427858051372,26.07538421883456,10.589019681058502,66.32925651882977,1.0000000000414753,4.982289729026477,4.311608847729076e-10,18.906867615040227,0.0
AIDC05,70,10.41606964512843,65.18846054708641,10.589019681058502,66.32925651882977,1.000000096213292,4.982288727056366,3.75062160884454e-06,53.915878793718505,0.0
AIDC06,70,8.332855716102744,52.15076843766912,10.589019681058502,66.32925651882977,1.0000000067111443,4.9822896732871484,1.9487911373516908e-07,41.88604433045694,-7.105427357601002e-15
AIDC07,70,4.166427858051372,26.07538421883456,10.589019681058502,66.32925651882977,1.0000000000414753,4.982289729026477,4.311608847729076e-10,18.906867615040227,0.0
AIDC08,70,8.332855716102744,52.15076843766912,10.589019681058502,66.32925651882977,1.0000000067111443,4.9822896732871484,1.9487911373516908e-07,41.88604433045694,-7.105427357601002e-15
AIDC09,70,4.166427858051372,26.07538421883456,10.589019681058502,66.32925651882977,1.0000000000414753,4.982289729026477,4.311608847729076e-10,18.906867615040227,0.0
AIDC10,70,8.332855716102744,52.15076843766912,10.589019681058502,66.32925651882977,1.0000000067111443,4.9822896732871484,1.9487911373516908e-07,41.88604433045694,-7.105427357601002e-15
AIDC11,70,4.166427858051372,26.07538421883456,10.589019681058502,66.32925651882977,1.0000000000414753,4.982289729026477,4.311608847729076e-10,18.906867615040227,0.0
AIDC12,70,8.332855716102744,52.15076843766912,10.589019681058502,66.32925651882977,1.0000000067111443,4.9822896732871484,1.9487911373516908e-07,41.88604433045694,-7.105427357601002e-15
AIDC01,71,8.332855716102744,52.15076843766912,10.460230649709054,66.58931303745666,1.0000000069454853,4.982289671336188,2.0124728905557276e-07,41.85078408760707,0.0
AIDC02,71,4.166427858051372,26.07538421883456,10.460230649709054,66.58931303745666,1.0000000000444538,4.982289729014815,4.603570857852901e-10,18.889578637930384,0.0
AIDC03,71,8.332855716102744,52.15076843766912,10.460230649709054,66.58931303745666,1.0000000069454853,4.982289671336188,2.0124728905557276e-07,41.85078408760707,0.0
AIDC04,71,4.166427858051372,26.07538421883456,10.460230649709054,66.58931303745666,1.0000000000444538,4.982289729014815,4.603570857852901e-10,18.889578637930384,0.0
AIDC05,71,10.41606964512843,65.18846054708641,10.460230649709054,66.58931303745666,1.0000000978329266,4.982288710188856,3.806989745669398e-06,53.87443800659514,0.0
AIDC06,71,8.332855716102744,52.15076843766912,10.460230649709054,66.58931303745666,1.0000000069454853,4.982289671336188,2.0124728905557276e-07,41.85078408760707,0.0
AIDC07,71,4.166427858051372,26.07538421883456,10.460230649709054,66.58931303745666,1.0000000000444538,4.982289729014815,4.603570857852901e-10,18.889578637930384,0.0
AIDC08,71,8.332855716102744,52.15076843766912,10.460230649709054,66.58931303745666,1.0000000069454853,4.982289671336188,2.0124728905557276e-07,41.85078408760707,0.0
AIDC09,71,4.166427858051372,26.07538421883456,10.460230649709054,66.58931303745666,1.0000000000444538,4.982289729014815,4.603570857852901e-10,18.889578637930384,0.0
AIDC10,71,8.332855716102744,52.15076843766912,10.460230649709054,66.58931303745666,1.0000000069454853,4.982289671336188,2.0124728905557276e-07,41.85078408760707,0.0
AIDC11,71,4.166427858051372,26.07538421883456,10.460230649709054,66.58931303745666,1.0000000000444538,4.982289729014815,4.603570857852901e-10,18.889578637930384,0.0
AIDC12,71,8.332855716102744,52.15076843766912,10.460230649709054,66.58931303745666,1.0000000069454853,4.982289671336188,2.0124728905557276e-07,41.85078408760707,0.0
AIDC01,72,8.332855716102744,52.15076843766912,10.331441618359605,66.84936955608354,1.0000000071880075,4.982289669317231,2.0781824616733502e-07,41.815259517483156,0.0
AIDC02,72,4.166427858051372,26.07538421883456,10.331441618359605,66.84936955608354,1.0000000000476457,4.982289729002343,4.915001738936553e-10,18.872199256865684,-3.552713678800501e-15
AIDC03,72,8.332855716102744,52.15076843766912,10.331441618359605,66.84936955608354,1.0000000071880075,4.982289669317231,2.0781824616733502e-07,41.815259517483156,0.0
AIDC04,72,4.166427858051372,26.07538421883456,10.331441618359605,66.84936955608354,1.0000000000476457,4.982289729002343,4.915001738936553e-10,18.872199256865684,-3.552713678800501e-15
AIDC05,72,10.41606964512843,65.18846054708641,10.331441618359605,66.84936955608354,1.0000000994798226,4.982288693037651,3.8641248849558e-06,53.83265725719197,0.0
AIDC06,72,8.332855716102744,52.15076843766912,10.331441618359605,66.84936955608354,1.0000000071880075,4.982289669317231,2.0781824616733502e-07,41.815259517483156,0.0
AIDC07,72,4.166427858051372,26.07538421883456,10.331441618359605,66.84936955608354,1.0000000000476457,4.982289729002343,4.915001738936553e-10,18.872199256865684,-3.552713678800501e-15
AIDC08,72,8.332855716102744,52.15076843766912,10.331441618359605,66.84936955608354,1.0000000071880075,4.982289669317231,2.0781824616733502e-07,41.815259517483156,0.0
AIDC09,72,4.166427858051372,26.07538421883456,10.331441618359605,66.84936955608354,1.0000000000476457,4.982289729002343,4.915001738936553e-10,18.872199256865684,-3.552713678800501e-15
AIDC10,72,8.332855716102744,52.15076843766912,10.331441618359605,66.84936955608354,1.0000000071880075,4.982289669317231,2.0781824616733502e-07,41.815259517483156,0.0
AIDC11,72,4.166427858051372,26.07538421883456,10.331441618359605,66.84936955608354,1.0000000000476457,4.982289729002343,4.915001738936553e-10,18.872199256865684,-3.552713678800501e-15
AIDC12,72,8.332855716102744,52.15076843766912,10.331441618359605,66.84936955608354,1.0000000071880075,4.982289669317231,2.0781824616733502e-07,41.815259517483156,0.0
AIDC01,73,8.332855716102744,52.15076843766912,10.281081019931975,67.57523095576798,1.0000000072269761,4.9822896689931415,2.087643480308543e-07,41.80129567024379,-7.105427357601002e-15
AIDC02,73,4.166427858051372,26.07538421883456,10.281081019931975,67.57523095576798,1.0000000000485645,4.982289728998788,5.002149805477529e-10,18.865393618244987,0.0
AIDC03,73,8.332855716102744,52.15076843766912,10.281081019931975,67.57523095576798,1.0000000072269761,4.9822896689931415,2.087643480308543e-07,41.80129567024379,-7.105427357601002e-15
AIDC04,73,4.166427858051372,26.07538421883456,10.281081019931975,67.57523095576798,1.0000000000485645,4.982289728998788,5.002149805477529e-10,18.865393618244987,0.0
AIDC05,73,10.41606964512843,65.18846054708641,10.281081019931975,67.57523095576798,1.0000000993320526,4.982288694577788,3.855652423112588e-06,53.81622633426494,0.0
AIDC06,73,8.332855716102744,52.15076843766912,10.281081019931975,67.57523095576798,1.0000000072269761,4.9822896689931415,2.087643480308543e-07,41.80129567024379,-7.105427357601002e-15
AIDC07,73,4.166427858051372,26.07538421883456,10.281081019931975,67.57523095576798,1.0000000000485645,4.982289728998788,5.002149805477529e-10,18.865393618244987,0.0
AIDC08,73,8.332855716102744,52.15076843766912,10.281081019931975,67.57523095576798,1.0000000072269761,4.9822896689931415,2.087643480308543e-07,41.80129567024379,-7.105427357601002e-15
AIDC09,73,4.166427858051372,26.07538421883456,10.281081019931975,67.57523095576798,1.0000000000485645,4.982289728998788,5.002149805477529e-10,18.865393618244987,0.0
AIDC10,73,8.332855716102744,52.15076843766912,10.281081019931975,67.57523095576798,1.0000000072269761,4.9822896689931415,2.087643480308543e-07,41.80129567024379,-7.105427357601002e-15
AIDC11,73,4.166427858051372,26.07538421883456,10.281081019931975,67.57523095576798,1.0000000000485645,4.982289728998788,5.002149805477529e-10,18.865393618244987,0.0
AIDC12,73,8.332855716102744,52.15076843766912,10.281081019931975,67.57523095576798,1.0000000072269761,4.9822896689931415,2.087643480308543e-07,41.80129567024379,-7.105427357601002e-15
AIDC01,74,8.332855716102744,52.15076843766912,10.230720421504342,68.3010923554524,1.000000007266156,4.9822896686673115,2.0971393865920618e-07,41.787290901435355,0.0
AIDC02,74,4.166427858051372,26.07538421883456,10.230720421504342,68.3010923554524,1.000000000049501,4.982289728995168,5.09082553890039e-10,18.85858605305158,-3.552713678800501e-15
AIDC03,74,8.332855716102744,52.15076843766912,10.230720421504342,68.3010923554524,1.000000007266156,4.9822896686673115,2.0971393865920618e-07,41.787290901435355,0.0
AIDC04,74,4.166427858051372,26.07538421883456,10.230720421504342,68.3010923554524,1.000000000049501,4.982289728995168,5.09082553890039e-10,18.85858605305158,-3.552713678800501e-15
AIDC05,74,10.41606964512843,65.18846054708641,10.230720421504342,68.3010923554524,1.0000000991845017,4.982288696115669,3.847186022198912e-06,53.79974254350144,0.0
AIDC06,74,8.332855716102744,52.15076843766912,10.230720421504342,68.3010923554524,1.000000007266156,4.9822896686673115,2.0971393865920618e-07,41.787290901435355,0.0
AIDC07,74,4.166427858051372,26.07538421883456,10.230720421504342,68.3010923554524,1.000000000049501,4.982289728995168,5.09082553890039e-10,18.85858605305158,-3.552713678800501e-15
AIDC08,74,8.332855716102744,52.15076843766912,10.230720421504342,68.3010923554524,1.000000007266156,4.9822896686673115,2.0971393865920618e-07,41.787290901435355,0.0
AIDC09,74,4.166427858051372,26.07538421883456,10.230720421504342,68.3010923554524,1.000000000049501,4.982289728995168,5.09082553890039e-10,18.85858605305158,-3.552713678800501e-15
AIDC10,74,8.332855716102744,52.15076843766912,10.230720421504342,68.3010923554524,1.000000007266156,4.9822896686673115,2.0971393865920618e-07,41.787290901435355,0.0
AIDC11,74,4.166427858051372,26.07538421883456,10.230720421504342,68.3010923554524,1.000000000049501,4.982289728995168,5.09082553890039e-10,18.85858605305158,-3.552713678800501e-15
AIDC12,74,8.332855716102744,52.15076843766912,10.230720421504342,68.3010923554524,1.000000007266156,4.9822896686673115,2.0971393865920618e-07,41.787290901435355,0.0
AIDC01,75,8.332855716102744,52.15076843766912,10.18035982307671,69.02695375513683,1.0000000073055477,4.982289668339732,2.1066698252525384e-07,41.77324488260108,-7.105427357601002e-15
AIDC02,75,4.166427858051372,26.07538421883456,10.18035982307671,69.02695375513683,1.0000000000504554,4.982289728991484,5.180993412068347e-10,18.851745242940865,0.0
AIDC03,75,8.332855716102744,52.15076843766912,10.18035982307671,69.02695375513683,1.0000000073055477,4.982289668339732,2.1066698252525384e-07,41.77324488260108,-7.105427357601002e-15
AIDC04,75,4.166427858051372,26.07538421883456,10.18035982307671,69.02695375513683,1.0000000000504554,4.982289728991484,5.180993412068347e-10,18.851745242940865,0.0
AIDC05,75,10.41606964512843,65.18846054708641,10.18035982307671,69.02695375513683,1.0000000990371691,4.982288697651306,3.8387256324767804e-06,53.78320560406999,0.0
AIDC06,75,8.332855716102744,52.15076843766912,10.18035982307671,69.02695375513683,1.0000000073055477,4.982289668339732,2.1066698252525384e-07,41.77324488260108,-7.105427357601002e-15
AIDC07,75,4.166427858051372,26.07538421883456,10.18035982307671,69.02695375513683,1.0000000000504554,4.982289728991484,5.180993412068347e-10,18.851745242940865,0.0
AIDC08,75,8.332855716102744,52.15076843766912,10.18035982307671,69.02695375513683,1.0000000073055477,4.982289668339732,2.1066698252525384e-07,41.77324488260108,-7.105427357601002e-15
AIDC09,75,4.166427858051372,26.07538421883456,10.18035982307671,69.02695375513683,1.0000000000504554,4.982289728991484,5.180993412068347e-10,18.851745242940865,0.0
AIDC10,75,8.332855716102744,52.15076843766912,10.18035982307671,69.02695375513683,1.0000000073055477,4.982289668339732,2.1066698252525384e-07,41.77324488260108,-7.105427357601002e-15
AIDC11,75,4.166427858051372,26.07538421883456,10.18035982307671,69.02695375513683,1.0000000000504554,4.982289728991484,5.180993412068347e-10,18.851745242940865,0.0
AIDC12,75,8.332855716102744,52.15076843766912,10.18035982307671,69.02695375513683,1.0000000073055477,4.982289668339732,2.1066698252525384e-07,41.77324488260108,-7.105427357601002e-15
AIDC01,76,8.332855716102744,52.15076843766912,10.12999922464908,69.75281515482126,1.0000000073451527,4.982289668010397,2.1162348673442466e-07,41.75915742224525,-7.105427357601002e-15
AIDC02,76,4.166427858051372,26.07538421883456,10.12999922464908,69.75281515482126,1.0000000000514282,4.982289728987729,5.272724479254975e-10,18.844901167902798,0.0
AIDC03,76,8.332855716102744,52.15076843766912,10.12999922464908,69.75281515482126,1.0000000073451527,4.982289668010397,2.1162348673442466e-07,41.75915742224525,-7.105427357601002e-15
AIDC04,76,4.166427858051372,26.07538421883456,10.12999922464908,69.75281515482126,1.0000000000514282,4.982289728987729,5.272724479254975e-10,18.844901167902798,0.0
AIDC05,76,10.41606964512843,65.18846054708641,10.12999922464908,69.75281515482126,1.0000000988900553,4.982288699184693,3.830271225524484e-06,53.7666152954025,0.0
AIDC06,76,8.332855716102744,52.15076843766912,10.12999922464908,69.75281515482126,1.0000000073451527,4.982289668010397,2.1162348673442466e-07,41.75915742224525,-7.105427357601002e-15
AIDC07,76,4.166427858051372,26.07538421883456,10.12999922464908,69.75281515482126,1.0000000000514282,4.982289728987729,5.272724479254975e-10,18.844901167902798,0.0
AIDC08,76,8.332855716102744,52.15076843766912,10.12999922464908,69.75281515482126,1.0000000073451527,4.982289668010397,2.1162348673442466e-07,41.75915742224525,-7.105427357601002e-15
AIDC09,76,4.166427858051372,26.07538421883456,10.12999922464908,69.75281515482126,1.0000000000514282,4.982289728987729,5.272724479254975e-10,18.844901167902798,0.0
AIDC10,76,8.332855716102744,52.15076843766912,10.12999922464908,69.75281515482126,1.0000000073451527,4.982289668010397,2.1162348673442466e-07,41.75915742224525,-7.105427357601002e-15
AIDC11,76,4.166427858051372,26.07538421883456,10.12999922464908,69.75281515482126,1.0000000000514282,4.982289728987729,5.272724479254975e-10,18.844901167902798,0.0
AIDC12,76,8.332855716102744,52.15076843766912,10.12999922464908,69.75281515482126,1.0000000073451527,4.982289668010397,2.1162348673442466e-07,41.75915742224525,-7.105427357601002e-15
AIDC01,77,8.332855716102744,52.15076843766912,10.297917476429303,71.10013257361842,1.0000000068732566,4.982289671939375,1.9860399902427162e-07,41.8059685715167,0.0
AIDC02,77,4.166427858051372,26.07538421883456,10.297917476429303,71.10013257361842,1.0000000000459766,4.982289729009057,4.738005543458712e-10,18.867668940258213,0.0
AIDC03,77,8.332855716102744,52.15076843766912,10.297917476429303,71.10013257361842,1.0000000068732566,4.982289671939375,1.9860399902427162e-07,41.8059685715167,0.0
AIDC04,77,4.166427858051372,26.07538421883456,10.297917476429303,71.10013257361842,1.0000000000459766,4.982289729009057,4.738005543458712e-10,18.867668940258213,0.0
AIDC05,77,10.41606964512843,65.18846054708641,10.297917476429303,71.10013257361842,1.0000000946882794,4.982288742945681,3.67627268360593e-06,53.821725635100535,0.0
AIDC06,77,8.332855716102744,52.15076843766912,10.297917476429303,71.10013257361842,1.0000000068732566,4.982289671939375,1.9860399902427162e-07,41.8059685715167,0.0
AIDC07,77,4.166427858051372,26.07538421883456,10.297917476429303,71.10013257361842,1.0000000000459766,4.982289729009057,4.738005543458712e-10,18.867668940258213,0.0
AIDC08,77,8.332855716102744,52.15076843766912,10.297917476429303,71.10013257361842,1.0000000068732566,4.982289671939375,1.9860399902427162e-07,41.8059685715167,0.0
AIDC09,77,4.166427858051372,26.07538421883456,10.297917476429303,71.10013257361842,1.0000000000459766,4.982289729009057,4.738005543458712e-10,18.867668940258213,0.0
AIDC10,77,8.332855716102744,52.15076843766912,10.297917476429303,71.10013257361842,1.0000000068732566,4.982289671939375,1.9860399902427162e-07,41.8059685715167,0.0
AIDC11,77,4.166427858051372,26.07538421883456,10.297917476429303,71.10013257361842,1.0000000000459766,4.982289729009057,4.738005543458712e-10,18.867668940258213,0.0
AIDC12,77,8.332855716102744,52.15076843766912,10.297917476429303,71.10013257361842,1.0000000068732566,4.982289671939375,1.9860399902427162e-07,41.8059685715167,0.0
AIDC01,78,8.332855716102744,52.15076843766912,10.465835728209527,72.44744999241557,1.0000000064316752,4.982289675616185,1.8637718568470518e-07,41.85232410401282,-7.105427357601002e-15
AIDC02,78,4.166427858051372,26.07538421883456,10.465835728209527,72.44744999241557,1.0000000000411025,4.982289729028171,4.2572168013066403e-10,18.890328163607975,0.0
AIDC03,78,8.332855716102744,52.15076843766912,10.465835728209527,72.44744999241557,1.0000000064316752,4.982289675616185,1.8637718568470518e-07,41.85232410401282,-7.105427357601002e-15
AIDC04,78,4.166427858051372,26.07538421883456,10.465835728209527,72.44744999241557,1.0000000000411025,4.982289729028171,4.2572168013066403e-10,18.890328163607975,0.0
AIDC05,78,10.41606964512843,65.18846054708641,10.465835728209527,72.44744999241557,1.000000090665029,4.982288784847789,3.528338439195977e-06,53.876249039158964,0.0
AIDC06,78,8.332855716102744,52.15076843766912,10.465835728209527,72.44744999241557,1.0000000064316752,4.982289675616185,1.8637718568470518e-07,41.85232410401282,-7.105427357601002e-15
AIDC07,78,4.166427858051372,26.07538421883456,10.465835728209527,72.44744999241557,1.0000000000411025,4.982289729028171,4.2572168013066403e-10,18.890328163607975,0.0
AIDC08,78,8.332855716102744,52.15076843766912,10.465835728209527,72.44744999241557,1.0000000064316752,4.982289675616185,1.8637718568470518e-07,41.85232410401282,-7.105427357601002e-15
AIDC09,78,4.166427858051372,26.07538421883456,10.465835728209527,72.44744999241557,1.0000000000411025,4.982289729028171,4.2572168013066403e-10,18.890328163607975,0.0
AIDC10,78,8.332855716102744,52.15076843766912,10.465835728209527,72.44744999241557,1.0000000064316752,4.982289675616185,1.8637718568470518e-07,41.85232410401282,-7.105427357601002e-15
AIDC11,78,4.166427858051372,26.07538421883456,10.465835728209527,72.44744999241557,1.0000000000411025,4.982289729028171,4.2572168013066403e-10,18.890328163607975,0.0
AIDC12,78,8.332855716102744,52.15076843766912,10.465835728209527,72.44744999241557,1.0000000064316752,4.982289675616185,1.8637718568470518e-07,41.85232410401282,-7.105427357601002e-15
AIDC01,79,8.332855716102744,52.15076843766912,10.63375397998975,73.79476741121272,1.0000000060184617,4.982289679056981,1.748954971958483e-07,41.898230618544645,0.0
AIDC02,79,4.166427858051372,26.07538421883456,10.63375397998975,73.79476741121272,1.0000000000367444,4.982289729045306,3.8248870737334073e-10,18.912832383587244,0.0
AIDC03,79,8.332855716102744,52.15076843766912,10.63375397998975,73.79476741121272,1.0000000060184617,4.982289679056981,1.748954971958483e-07,41.898230618544645,0.0
AIDC04,79,4.166427858051372,26.07538421883456,10.63375397998975,73.79476741121272,1.0000000000367444,4.982289729045306,3.8248870737334073e-10,18.912832383587244,0.0
AIDC05,79,10.41606964512843,65.18846054708641,10.63375397998975,73.79476741121272,1.0000000868127195,4.982288824969933,3.386237779068324e-06,53.93019482852276,0.0
AIDC06,79,8.332855716102744,52.15076843766912,10.63375397998975,73.79476741121272,1.0000000060184617,4.982289679056981,1.748954971958483e-07,41.898230618544645,0.0
AIDC07,79,4.166427858051372,26.07538421883456,10.63375397998975,73.79476741121272,1.0000000000367444,4.982289729045306,3.8248870737334073e-10,18.912832383587244,0.0
AIDC08,79,8.332855716102744,52.15076843766912,10.63375397998975,73.79476741121272,1.0000000060184617,4.982289679056981,1.748954971958483e-07,41.898230618544645,0.0
AIDC09,79,4.166427858051372,26.07538421883456,10.63375397998975,73.79476741121272,1.0000000000367444,4.982289729045306,3.8248870737334073e-10,18.912832383587244,0.0
AIDC10,79,8.332855716102744,52.15076843766912,10.63375397998975,73.79476741121272,1.0000000060184617,4.982289679056981,1.748954971958483e-07,41.898230618544645,0.0
AIDC11,79,4.166427858051372,26.07538421883456,10.63375397998975,73.79476741121272,1.0000000000367444,4.982289729045306,3.8248870737334073e-10,18.912832383587244,0.0
AIDC12,79,8.332855716102744,52.15076843766912,10.63375397998975,73.79476741121272,1.0000000060184617,4.982289679056981,1.748954971958483e-07,41.898230618544645,0.0
AIDC01,80,8.332855716102744,52.15076843766912,10.801672231769974,75.14208483000988,1.0000000056317935,4.982289682276912,1.64114148049066e-07,41.94369380642961,0.0
AIDC02,80,4.166427858051372,26.07538421883456,10.801672231769974,75.14208483000988,1.0000000000328482,4.982289729060656,3.4362201972726325e-10,18.935232679765846,-3.552713678800501e-15
AIDC03,80,8.332855716102744,52.15076843766912,10.801672231769974,75.14208483000988,1.0000000056317935,4.982289682276912,1.64114148049066e-07,41.94369380642961,0.0
AIDC04,80,4.166427858051372,26.07538421883456,10.801672231769974,75.14208483000988,1.0000000000328482,4.982289729060656,3.4362201972726325e-10,18.935232679765846,-3.552713678800501e-15
AIDC05,80,10.41606964512843,65.18846054708641,10.801672231769974,75.14208483000988,1.0000000831240876,4.9822888633876925,3.2497481967652675e-06,53.983572104855256,0.0
AIDC06,80,8.332855716102744,52.15076843766912,10.801672231769974,75.14208483000988,1.0000000056317935,4.982289682276912,1.64114148049066e-07,41.94369380642961,0.0
AIDC07,80,4.166427858051372,26.07538421883456,10.801672231769974,75.14208483000988,1.0000000000328482,4.982289729060656,3.4362201972726325e-10,18.935232679765846,-3.552713678800501e-15
AIDC08,80,8.332855716102744,52.15076843766912,10.801672231769974,75.14208483000988,1.0000000056317935,4.982289682276912,1.64114148049066e-07,41.94369380642961,0.0
AIDC09,80,4.166427858051372,26.07538421883456,10.801672231769974,75.14208483000988,1.0000000000328482,4.982289729060656,3.4362201972726325e-10,18.935232679765846,-3.552713678800501e-15
AIDC10,80,8.332855716102744,52.15076843766912,10.801672231769974,75.14208483000988,1.0000000056317935,4.982289682276912,1.64114148049066e-07,41.94369380642961,0.0
AIDC11,80,4.166427858051372,26.07538421883456,10.801672231769974,75.14208483000988,1.0000000000328482,4.982289729060656,3.4362201972726325e-10,18.935232679765846,-3.552713678800501e-15
AIDC12,80,8.332855716102744,52.15076843766912,10.801672231769974,75.14208483000988,1.0000000056317935,4.982289682276912,1.64114148049066e-07,41.94369380642961,0.0
AIDC01,81,8.332855716102744,52.15076843766912,11.110661972877665,77.84397321611587,1.0000000049697886,4.982289687790082,1.4554935034993832e-07,42.026214335695286,-7.105427357601002e-15
AIDC02,81,4.166427858051372,26.07538421883456,11.110661972877665,77.84397321611587,1.000000000026649,4.982289729085161,2.8126123652327806e-10,18.9761183241797,-3.552713678800501e-15
AIDC03,81,8.332855716102744,52.15076843766912,11.110661972877665,77.84397321611587,1.0000000049697886,4.982289687790082,1.4554935034993832e-07,42.026214335695286,-7.105427357601002e-15
AIDC04,81,4.166427858051372,26.07538421883456,11.110661972877665,77.84397321611587,1.000000000026649,4.982289729085161,2.8126123652327806e-10,18.9761183241797,-3.552713678800501e-15
AIDC05,81,10.41606964512843,65.18846054708641,11.110661972877665,77.84397321611587,1.0000000765221293,4.982288932149135,3.0039408329685102e-06,54.08033710160922,0.0
AIDC06,81,8.332855716102744,52.15076843766912,11.110661972877665,77.84397321611587,1.0000000049697886,4.982289687790082,1.4554935034993832e-07,42.026214335695286,-7.105427357601002e-15
AIDC07,81,4.166427858051372,26.07538421883456,11.110661972877665,77.84397321611587,1.000000000026649,4.982289729085161,2.8126123652327806e-10,18.9761183241797,-3.552713678800501e-15
AIDC08,81,8.332855716102744,52.15076843766912,11.110661972877665,77.84397321611587,1.0000000049697886,4.982289687790082,1.4554935034993832e-07,42.026214335695286,-7.105427357601002e-15
AIDC09,81,4.166427858051372,26.07538421883456,11.110661972877665,77.84397321611587,1.000000000026649,4.982289729085161,2.8126123652327806e-10,18.9761183241797,-3.552713678800501e-15
AIDC10,81,8.332855716102744,52.15076843766912,11.110661972877665,77.84397321611587,1.0000000049697886,4.982289687790082,1.4554935034993832e-07,42.026214335695286,-7.105427357601002e-15
AIDC11,81,4.166427858051372,26.07538421883456,11.110661972877665,77.84397321611587,1.000000000026649,4.982289729085161,2.8126123652327806e-10,18.9761183241797,-3.552713678800501e-15
AIDC12,81,8.332855716102744,52.15076843766912,11.110661972877665,77.84397321611587,1.0000000049697886,4.982289687790082,1.4554935034993832e-07,42.026214335695286,-7.105427357601002e-15
AIDC01,82,8.332855716102744,52.15076843766912,11.419651713985354,80.54586160222186,1.0000000043855966,4.982289692655609,1.2906724577987916e-07,42.10729248207289,0.0
AIDC02,82,4.166427858051372,26.07538421883456,11.419651713985354,80.54586160222186,1.0000000000216187,4.982289729105119,2.3015900296741165e-10,19.01656054745753,-3.552713678800501e-15
AIDC03,82,8.332855716102744,52.15076843766912,11.419651713985354,80.54586160222186,1.0000000043855966,4.982289692655609,1.2906724577987916e-07,42.10729248207289,0.0
AIDC04,82,4.166427858051372,26.07538421883456,11.419651713985354,80.54586160222186,1.0000000000216187,4.982289729105119,2.3015900296741165e-10,19.01656054745753,-3.552713678800501e-15
AIDC05,82,10.41606964512843,65.18846054708641,11.419651713985354,80.54586160222186,1.0000000704445082,4.982288995450194,2.7764228889282094e-06,54.17526166827135,0.0
AIDC06,82,8.332855716102744,52.15076843766912,11.419651713985354,80.54586160222186,1.0000000043855966,4.982289692655609,1.2906724577987916e-07,42.10729248207289,0.0
AIDC07,82,4.166427858051372,26.07538421883456,11.419651713985354,80.54586160222186,1.0000000000216187,4.982289729105119,2.3015900296741165e-10,19.01656054745753,-3.552713678800501e-15
AIDC08,82,8.332855716102744,52.15076843766912,11.419651713985354,80.54586160222186,1.0000000043855966,4.982289692655609,1.2906724577987916e-07,42.10729248207289,0.0
AIDC09,82,4.166427858051372,26.07538421883456,11.419651713985354,80.54586160222186,1.0000000000216187,4.982289729105119,2.3015900296741165e-10,19.01656054745753,-3.552713678800501e-15
AIDC10,82,8.332855716102744,52.15076843766912,11.419651713985354,80.54586160222186,1.0000000043855966,4.982289692655609,1.2906724577987916e-07,42.10729248207289,0.0
AIDC11,82,4.166427858051372,26.07538421883456,11.419651713985354,80.54586160222186,1.0000000000216187,4.982289729105119,2.3015900296741165e-10,19.01656054745753,-3.552713678800501e-15
AIDC12,82,8.332855716102744,52.15076843766912,11.419651713985354,80.54586160222186,1.0000000043855966,4.982289692655609,1.2906724577987916e-07,42.10729248207289,0.0
AIDC01,83,8.332855716102744,52.15076843766912,11.728641455093044,83.24774998832785,1.0000000038700723,4.982289696949513,1.1443678715750139e-07,42.18696449657715,0.0
AIDC02,83,4.166427858051372,26.07538421883456,11.728641455093044,83.24774998832785,1.0000000000175377,4.9822897291213675,1.8830803583114175e-10,19.05666831136901,0.0
AIDC03,83,8.332855716102744,52.15076843766912,11.728641455093044,83.24774998832785,1.0000000038700723,4.982289696949513,1.1443678715750139e-07,42.18696449657715,0.0
AIDC04,83,4.166427858051372,26.07538421883456,11.728641455093044,83.24774998832785,1.0000000000175377,4.9822897291213675,1.8830803583114175e-10,19.05666831136901,0.0
AIDC05,83,10.41606964512843,65.18846054708641,11.728641455093044,83.24774998832785,1.000000064849583,4.982289053724346,2.565868335580035e-06,54.26839811996213,0.0
AIDC06,83,8.332855716102744,52.15076843766912,11.728641455093044,83.24774998832785,1.0000000038700723,4.982289696949513,1.1443678715750139e-07,42.18696449657715,0.0
AIDC07,83,4.166427858051372,26.07538421883456,11.728641455093044,83.24774998832785,1.0000000000175377,4.9822897291213675,1.8830803583114175e-10,19.05666831136901,0.0
AIDC08,83,8.332855716102744,52.15076843766912,11.728641455093044,83.24774998832785,1.0000000038700723,4.982289696949513,1.1443678715750139e-07,42.18696449657715,0.0
AIDC09,83,4.166427858051372,26.07538421883456,11.728641455093044,83.24774998832785,1.0000000000175377,4.9822897291213675,1.8830803583114175e-10,19.05666831136901,0.0
AIDC10,83,8.332855716102744,52.15076843766912,11.728641455093044,83.24774998832785,1.0000000038700723,4.982289696949513,1.1443678715750139e-07,42.18696449657715,0.0
AIDC11,83,4.166427858051372,26.07538421883456,11.728641455093044,83.24774998832785,1.0000000000175377,4.9822897291213675,1.8830803583114175e-10,19.05666831136901,0.0
AIDC12,83,8.332855716102744,52.15076843766912,11.728641455093044,83.24774998832785,1.0000000038700723,4.982289696949513,1.1443678715750139e-07,42.18696449657715,0.0
AIDC01,84,8.332855716102744,52.15076843766912,12.037631196200735,85.94963837443385,1.000000003415145,4.98228970073891,1.014521799902468e-07,42.265265482812495,0.0
AIDC02,84,4.166427858051372,26.07538421883456,12.037631196200735,85.94963837443385,1.0000000000142264,4.982289729134593,1.5402079611703812e-10,19.096268007214455,0.0
AIDC03,84,8.332855716102744,52.15076843766912,12.037631196200735,85.94963837443385,1.000000003415145,4.98228970073891,1.014521799902468e-07,42.265265482812495,0.0
AIDC04,84,4.166427858051372,26.07538421883456,12.037631196200735,85.94963837443385,1.0000000000142264,4.982289729134593,1.5402079611703812e-10,19.096268007214455,0.0
AIDC05,84,10.41606964512843,65.18846054708641,12.037631196200735,85.94963837443385,1.0000000596990184,4.982289107370688,2.37104315203851e-06,54.359796855102445,0.0
AIDC06,84,8.332855716102744,52.15076843766912,12.037631196200735,85.94963837443385,1.000000003415145,4.98228970073891,1.014521799902468e-07,42.265265482812495,0.0
AIDC07,84,4.166427858051372,26.07538421883456,12.037631196200735,85.94963837443385,1.0000000000142264,4.982289729134593,1.5402079611703812e-10,19.096268007214455,0.0
AIDC08,84,8.332855716102744,52.15076843766912,12.037631196200735,85.94963837443385,1.000000003415145,4.98228970073891,1.014521799902468e-07,42.265265482812495,0.0
AIDC09,84,4.166427858051372,26.07538421883456,12.037631196200735,85.94963837443385,1.0000000000142264,4.982289729134593,1.5402079611703812e-10,19.096268007214455,0.0
AIDC10,84,8.332855716102744,52.15076843766912,12.037631196200735,85.94963837443385,1.000000003415145,4.98228970073891,1.014521799902468e-07,42.265265482812495,0.0
AIDC11,84,4.166427858051372,26.07538421883456,12.037631196200735,85.94963837443385,1.0000000000142264,4.982289729134593,1.5402079611703812e-10,19.096268007214455,0.0
AIDC12,84,8.332855716102744,52.15076843766912,12.037631196200735,85.94963837443385,1.000000003415145,4.98228970073891,1.014521799902468e-07,42.265265482812495,0.0
AIDC01,85,8.332855716102744,52.15076843766912,12.185325831483233,86.39157829093128,1.0000000032522702,4.982289702095603,9.682317170245369e-08,42.302218350141786,-7.105427357601002e-15
AIDC02,85,4.166427858051372,26.07538421883456,12.185325831483233,86.39157829093128,1.0000000000130136,4.982289729139442,1.4144063698040554e-10,19.115136888202947,0.0
AIDC03,85,8.332855716102744,52.15076843766912,12.185325831483233,86.39157829093128,1.0000000032522702,4.982289702095603,9.682317170245369e-08,42.302218350141786,-7.105427357601002e-15
AIDC04,85,4.166427858051372,26.07538421883456,12.185325831483233,86.39157829093128,1.0000000000130136,4.982289729139442,1.4144063698040554e-10,19.115136888202947,0.0
AIDC05,85,10.41606964512843,65.18846054708641,12.185325831483233,86.39157829093128,1.0000000580130137,4.982289124931404,2.308177123211408e-06,54.40288514592635,0.0
AIDC06,85,8.332855716102744,52.15076843766912,12.185325831483233,86.39157829093128,1.0000000032522702,4.982289702095603,9.682317170245369e-08,42.302218350141786,-7.105427357601002e-15
AIDC07,85,4.166427858051372,26.07538421883456,12.185325831483233,86.39157829093128,1.0000000000130136,4.982289729139442,1.4144063698040554e-10,19.115136888202947,0.0
AIDC08,85,8.332855716102744,52.15076843766912,12.185325831483233,86.39157829093128,1.0000000032522702,4.982289702095603,9.682317170245369e-08,42.302218350141786,-7.105427357601002e-15
AIDC09,85,4.166427858051372,26.07538421883456,12.185325831483233,86.39157829093128,1.0000000000130136,4.982289729139442,1.4144063698040554e-10,19.115136888202947,0.0
AIDC10,85,8.332855716102744,52.15076843766912,12.185325831483233,86.39157829093128,1.0000000032522702,4.982289702095603,9.682317170245369e-08,42.302218350141786,-7.105427357601002e-15
AIDC11,85,4.166427858051372,26.07538421883456,12.185325831483233,86.39157829093128,1.0000000000130136,4.982289729139442,1.4144063698040554e-10,19.115136888202947,0.0
AIDC12,85,8.332855716102744,52.15076843766912,12.185325831483233,86.39157829093128,1.0000000032522702,4.982289702095603,9.682317170245369e-08,42.302218350141786,-7.105427357601002e-15
AIDC01,86,8.332855716102744,52.15076843766912,12.33302046676573,86.83351820742871,1.0000000030971627,4.982289703387629,9.240289955414482e-08,42.338869341704225,-7.105427357601002e-15
AIDC02,86,4.166427858051372,26.07538421883456,12.33302046676573,86.83351820742871,1.0000000000119038,4.982289729143885,1.298730012422311e-10,19.133810788244055,0.0
AIDC03,86,8.332855716102744,52.15076843766912,12.33302046676573,86.83351820742871,1.0000000030971627,4.982289703387629,9.240289955414482e-08,42.338869341704225,-7.105427357601002e-15
AIDC04,86,4.166427858051372,26.07538421883456,12.33302046676573,86.83351820742871,1.0000000000119038,4.982289729143885,1.298730012422311e-10,19.133810788244055,0.0
AIDC05,86,10.41606964512843,65.18846054708641,12.33302046676573,86.83351820742871,1.0000000563746234,4.982289141996251,2.246929284410726e-06,54.4455926879986,0.0
AIDC06,86,8.332855716102744,52.15076843766912,12.33302046676573,86.83351820742871,1.0000000030971627,4.982289703387629,9.240289955414482e-08,42.338869341704225,-7.105427357601002e-15
AIDC07,86,4.166427858051372,26.07538421883456,12.33302046676573,86.83351820742871,1.0000000000119038,4.982289729143885,1.298730012422311e-10,19.133810788244055,0.0
AIDC08,86,8.332855716102744,52.15076843766912,12.33302046676573,86.83351820742871,1.0000000030971627,4.982289703387629,9.240289955414482e-08,42.338869341704225,-7.105427357601002e-15
AIDC09,86,4.166427858051372,26.07538421883456,12.33302046676573,86.83351820742871,1.0000000000119038,4.982289729143885,1.298730012422311e-10,19.133810788244055,0.0
AIDC10,86,8.332855716102744,52.15076843766912,12.33302046676573,86.83351820742871,1.0000000030971627,4.982289703387629,9.240289955414482e-08,42.338869341704225,-7.105427357601002e-15
AIDC11,86,4.166427858051372,26.07538421883456,12.33302046676573,86.83351820742871,1.0000000000119038,4.982289729143885,1.298730012422311e-10,19.133810788244055,0.0
AIDC12,86,8.332855716102744,52.15076843766912,12.33302046676573,86.83351820742871,1.0000000030971627,4.982289703387629,9.240289955414482e-08,42.338869341704225,-7.105427357601002e-15
AIDC01,87,8.332855716102744,52.15076843766912,12.480715102048226,87.27545812392616,1.0000000029494525,4.982289704618065,8.818211938432796e-08,42.37522235736536,0.0
AIDC02,87,4.166427858051372,26.07538421883456,12.480715102048226,87.27545812392616,1.0000000000108884,4.982289729147958,1.1924683462893881e-10,19.152314571933246,-3.552713678800501e-15
AIDC03,87,8.332855716102744,52.15076843766912,12.480715102048226,87.27545812392616,1.0000000029494525,4.982289704618065,8.818211938432796e-08,42.37522235736536,0.0
AIDC04,87,4.166427858051372,26.07538421883456,12.480715102048226,87.27545812392616,1.0000000000108884,4.982289729147958,1.1924683462893881e-10,19.152314571933246,-3.552713678800501e-15
AIDC05,87,10.41606964512843,65.18846054708641,12.480715102048226,87.27545812392616,1.0000000547825039,4.982289158579219,2.1872602715689027e-06,54.48792463547311,0.0
AIDC06,87,8.332855716102744,52.15076843766912,12.480715102048226,87.27545812392616,1.0000000029494525,4.982289704618065,8.818211938432796e-08,42.37522235736536,0.0
AIDC07,87,4.166427858051372,26.07538421883456,12.480715102048226,87.27545812392616,1.0000000000108884,4.982289729147958,1.1924683462893881e-10,19.152314571933246,-3.552713678800501e-15
AIDC08,87,8.332855716102744,52.15076843766912,12.480715102048226,87.27545812392616,1.0000000029494525,4.982289704618065,8.818211938432796e-08,42.37522235736536,0.0
AIDC09,87,4.166427858051372,26.07538421883456,12.480715102048226,87.27545812392616,1.0000000000108884,4.982289729147958,1.1924683462893881e-10,19.152314571933246,-3.552713678800501e-15
AIDC10,87,8.332855716102744,52.15076843766912,12.480715102048226,87.27545812392616,1.0000000029494525,4.982289704618065,8.818211938432796e-08,42.37522235736536,0.0
AIDC11,87,4.166427858051372,26.07538421883456,12.480715102048226,87.27545812392616,1.0000000000108884,4.982289729147958,1.1924683462893881e-10,19.152314571933246,-3.552713678800501e-15
AIDC12,87,8.332855716102744,52.15076843766912,12.480715102048226,87.27545812392616,1.0000000029494525,4.982289704618065,8.818211938432796e-08,42.37522235736536,0.0
AIDC01,88,8.332855716102744,52.15076843766912,12.628409737330724,87.71739804042359,1.0000000028087865,4.982289705789848,8.415198493594289e-08,42.41128080780358,0.0
AIDC02,88,4.166427858051372,26.07538421883456,12.628409737330724,87.71739804042359,1.0000000000099598,4.982289729151686,1.0949108286695264e-10,19.17083613768238,0.0
AIDC03,88,8.332855716102744,52.15076843766912,12.628409737330724,87.71739804042359,1.0000000028087865,4.982289705789848,8.415198493594289e-08,42.41128080780358,0.0
AIDC04,88,4.166427858051372,26.07538421883456,12.628409737330724,87.71739804042359,1.0000000000099598,4.982289729151686,1.0949108286695264e-10,19.17083613768238,0.0
AIDC05,88,10.41606964512843,65.18846054708641,12.628409737330724,87.71739804042359,1.0000000532353475,4.9822891746939195,2.1291314240556858e-06,54.52988590848308,-1.4210854715202004e-14
AIDC06,88,8.332855716102744,52.15076843766912,12.628409737330724,87.71739804042359,1.0000000028087865,4.982289705789848,8.415198493594289e-08,42.41128080780358,0.0
AIDC07,88,4.166427858051372,26.07538421883456,12.628409737330724,87.71739804042359,1.0000000000099598,4.982289729151686,1.0949108286695264e-10,19.17083613768238,0.0
AIDC08,88,8.332855716102744,52.15076843766912,12.628409737330724,87.71739804042359,1.0000000028087865,4.982289705789848,8.415198493594289e-08,42.41128080780358,0.0
AIDC09,88,4.166427858051372,26.07538421883456,12.628409737330724,87.71739804042359,1.0000000000099598,4.982289729151686,1.0949108286695264e-10,19.17083613768238,0.0
AIDC10,88,8.332855716102744,52.15076843766912,12.628409737330724,87.71739804042359,1.0000000028087865,4.982289705789848,8.415198493594289e-08,42.41128080780358,0.0
AIDC11,88,4.166427858051372,26.07538421883456,12.628409737330724,87.71739804042359,1.0000000000099598,4.982289729151686,1.0949108286695264e-10,19.17083613768238,0.0
AIDC12,88,8.332855716102744,52.15076843766912,12.628409737330724,87.71739804042359,1.0000000028087865,4.982289705789848,8.415198493594289e-08,42.41128080780358,0.0
AIDC01,89,8.332855716102744,52.15076843766912,12.482502164857028,87.2137734192442,1.0000000029502472,4.982289704611443,8.820812524845678e-08,42.37566039049125,-7.105427357601002e-15
AIDC02,89,4.166427858051372,26.07538421883456,12.482502164857028,87.2137734192442,1.0000000000108864,4.982289729147964,1.192326237742236e-10,19.152681449697205,0.0
AIDC03,89,8.332855716102744,52.15076843766912,12.482502164857028,87.2137734192442,1.0000000029502472,4.982289704611443,8.820812524845678e-08,42.37566039049125,-7.105427357601002e-15
AIDC04,89,4.166427858051372,26.07538421883456,12.482502164857028,87.2137734192442,1.0000000000108864,4.982289729147964,1.192326237742236e-10,19.152681449697205,0.0
AIDC05,89,10.41606964512843,65.18846054708641,12.482502164857028,87.2137734192442,1.0000000548106718,4.982289158285816,2.188430521243845e-06,54.48843455116585,0.0
AIDC06,89,8.332855716102744,52.15076843766912,12.482502164857028,87.2137734192442,1.0000000029502472,4.982289704611443,8.820812524845678e-08,42.37566039049125,-7.105427357601002e-15
AIDC07,89,4.166427858051372,26.07538421883456,12.482502164857028,87.2137734192442,1.0000000000108864,4.982289729147964,1.192326237742236e-10,19.152681449697205,0.0
AIDC08,89,8.332855716102744,52.15076843766912,12.482502164857028,87.2137734192442,1.0000000029502472,4.982289704611443,8.820812524845678e-08,42.37566039049125,-7.105427357601002e-15
AIDC09,89,4.166427858051372,26.07538421883456,12.482502164857028,87.2137734192442,1.0000000000108864,4.982289729147964,1.192326237742236e-10,19.152681449697205,0.0
AIDC10,89,8.332855716102744,52.15076843766912,12.482502164857028,87.2137734192442,1.0000000029502472,4.982289704611443,8.820812524845678e-08,42.37566039049125,-7.105427357601002e-15
AIDC11,89,4.166427858051372,26.07538421883456,12.482502164857028,87.2137734192442,1.0000000000108864,4.982289729147964,1.192326237742236e-10,19.152681449697205,0.0
AIDC12,89,8.332855716102744,52.15076843766912,12.482502164857028,87.2137734192442,1.0000000029502472,4.982289704611443,8.820812524845678e-08,42.37566039049125,-7.105427357601002e-15
AIDC01,90,8.332855716102744,52.15076843766912,12.336594592383333,86.71014879806482,1.000000003098832,4.982289703373715,9.245745502539648e-08,42.339752677655625,0.0
AIDC02,90,4.166427858051372,26.07538421883456,12.336594592383333,86.71014879806482,1.0000000000118985,4.982289729143907,1.298303686780855e-10,19.134211391022205,0.0
AIDC03,90,8.332855716102744,52.15076843766912,12.336594592383333,86.71014879806482,1.000000003098832,4.982289703373715,9.245745502539648e-08,42.339752677655625,0.0
AIDC04,90,4.166427858051372,26.07538421883456,12.336594592383333,86.71014879806482,1.0000000000118985,4.982289729143907,1.298303686780855e-10,19.134211391022205,0.0
AIDC05,90,10.41606964512843,65.18846054708641,12.336594592383333,86.71014879806482,1.000000056432612,4.982289141392233,2.2493354592256765e-06,54.44662152931572,0.0
AIDC06,90,8.332855716102744,52.15076843766912,12.336594592383333,86.71014879806482,1.000000003098832,4.982289703373715,9.245745502539648e-08,42.339752677655625,0.0
AIDC07,90,4.166427858051372,26.07538421883456,12.336594592383333,86.71014879806482,1.0000000000118985,4.982289729143907,1.298303686780855e-10,19.134211391022205,0.0
AIDC08,90,8.332855716102744,52.15076843766912,12.336594592383333,86.71014879806482,1.000000003098832,4.982289703373715,9.245745502539648e-08,42.339752677655625,0.0
AIDC09,90,4.166427858051372,26.07538421883456,12.336594592383333,86.71014879806482,1.0000000000118985,4.982289729143907,1.298303686780855e-10,19.134211391022205,0.0
AIDC10,90,8.332855716102744,52.15076843766912,12.336594592383333,86.71014879806482,1.000000003098832,4.982289703373715,9.245745502539648e-08,42.339752677655625,0.0
AIDC11,90,4.166427858051372,26.07538421883456,12.336594592383333,86.71014879806482,1.0000000000118985,4.982289729143907,1.298303686780855e-10,19.134211391022205,0.0
AIDC12,90,8.332855716102744,52.15076843766912,12.336594592383333,86.71014879806482,1.000000003098832,4.982289703373715,9.245745502539648e-08,42.339752677655625,0.0
AIDC01,91,8.332855716102744,52.15076843766912,12.190687019909639,86.20652417688544,1.0000000032549,4.9822897020736825,9.690902658121558e-08,42.30355405611641,0.0
AIDC02,91,4.166427858051372,26.07538421883456,12.190687019909639,86.20652417688544,1.000000000013005,4.982289729139475,1.4136247727947193e-10,19.115764913108507,0.0
AIDC03,91,8.332855716102744,52.15076843766912,12.190687019909639,86.20652417688544,1.0000000032549,4.9822897020736825,9.690902658121558e-08,42.30355405611641,0.0
AIDC04,91,4.166427858051372,26.07538421883456,12.190687019909639,86.20652417688544,1.000000000013005,4.982289729139475,1.4136247727947193e-10,19.115764913108507,0.0
AIDC05,91,10.41606964512843,65.18846054708641,12.190687019909639,86.20652417688544,1.000000058102547,4.982289123998807,2.311887513428701e-06,54.404442015100116,0.0
AIDC06,91,8.332855716102744,52.15076843766912,12.190687019909639,86.20652417688544,1.0000000032549,4.9822897020736825,9.690902658121558e-08,42.30355405611641,0.0
AIDC07,91,4.166427858051372,26.07538421883456,12.190687019909639,86.20652417688544,1.000000000013005,4.982289729139475,1.4136247727947193e-10,19.115764913108507,0.0
AIDC08,91,8.332855716102744,52.15076843766912,12.190687019909639,86.20652417688544,1.0000000032549,4.9822897020736825,9.690902658121558e-08,42.30355405611641,0.0
AIDC09,91,4.166427858051372,26.07538421883456,12.190687019909639,86.20652417688544,1.000000000013005,4.982289729139475,1.4136247727947193e-10,19.115764913108507,0.0
AIDC10,91,8.332855716102744,52.15076843766912,12.190687019909639,86.20652417688544,1.0000000032549,4.9822897020736825,9.690902658121558e-08,42.30355405611641,0.0
AIDC11,91,4.166427858051372,26.07538421883456,12.190687019909639,86.20652417688544,1.000000000013005,4.982289729139475,1.4136247727947193e-10,19.115764913108507,0.0
AIDC12,91,8.332855716102744,52.15076843766912,12.190687019909639,86.20652417688544,1.0000000032549,4.9822897020736825,9.690902658121558e-08,42.30355405611641,0.0
AIDC01,92,8.332855716102744,52.15076843766912,12.044779447435943,85.70289955570605,1.0000000034188274,4.982289700708215,1.0157228302887233e-07,42.26706107979044,0.0
AIDC02,92,4.166427858051372,26.07538421883456,12.044779447435943,85.70289955570605,1.0000000000142142,4.9822897291346395,1.539177674203529e-10,19.097229564354485,0.0
AIDC03,92,8.332855716102744,52.15076843766912,12.044779447435943,85.70289955570605,1.0000000034188274,4.982289700708215,1.0157228302887233e-07,42.26706107979044,0.0
AIDC04,92,4.166427858051372,26.07538421883456,12.044779447435943,85.70289955570605,1.0000000000142142,4.9822897291346395,1.539177674203529e-10,19.097229564354485,0.0
AIDC05,92,10.41606964512843,65.18846054708641,12.044779447435943,85.70289955570605,1.000000059821897,4.982289106090763,2.3761289327239865e-06,54.36189110310559,0.0
AIDC06,92,8.332855716102744,52.15076843766912,12.044779447435943,85.70289955570605,1.0000000034188274,4.982289700708215,1.0157228302887233e-07,42.26706107979044,0.0
AIDC07,92,4.166427858051372,26.07538421883456,12.044779447435943,85.70289955570605,1.0000000000142142,4.9822897291346395,1.539177674203529e-10,19.097229564354485,0.0
AIDC08,92,8.332855716102744,52.15076843766912,12.044779447435943,85.70289955570605,1.0000000034188274,4.982289700708215,1.0157228302887233e-07,42.26706107979044,0.0
AIDC09,92,4.166427858051372,26.07538421883456,12.044779447435943,85.70289955570605,1.0000000000142142,4.9822897291346395,1.539177674203529e-10,19.097229564354485,0.0
AIDC10,92,8.332855716102744,52.15076843766912,12.044779447435943,85.70289955570605,1.0000000034188274,4.982289700708215,1.0157228302887233e-07,42.26706107979044,0.0
AIDC11,92,4.166427858051372,26.07538421883456,12.044779447435943,85.70289955570605,1.0000000000142142,4.9822897291346395,1.539177674203529e-10,19.097229564354485,0.0
AIDC12,92,8.332855716102744,52.15076843766912,12.044779447435943,85.70289955570605,1.0000000034188274,4.982289700708215,1.0157228302887233e-07,42.26706107979044,0.0
AIDC01,93,8.332855716102744,52.15076843766912,11.98445715360244,85.65168633354148,1.000000003481962,4.982289700182346,1.0335580213904905e-07,42.25188677522162,-7.105427357601002e-15
AIDC02,93,4.166427858051372,26.07538421883456,11.98445715360244,85.65168633354148,1.0000000000147165,4.982289729132635,1.5910117667772283e-10,19.089474435865192,-3.552713678800501e-15
AIDC03,93,8.332855716102744,52.15076843766912,11.98445715360244,85.65168633354148,1.000000003481962,4.982289700182346,1.0335580213904905e-07,42.25188677522162,-7.105427357601002e-15
AIDC04,93,4.166427858051372,26.07538421883456,11.98445715360244,85.65168633354148,1.0000000000147165,4.982289729132635,1.5910117667772283e-10,19.089474435865192,-3.552713678800501e-15
AIDC05,93,10.41606964512843,65.18846054708641,11.98445715360244,85.65168633354148,1.000000060425573,4.982289099803182,2.3983522723369788e-06,54.34418969154318,-1.4210854715202004e-14
AIDC06,93,8.332855716102744,52.15076843766912,11.98445715360244,85.65168633354148,1.000000003481962,4.982289700182346,1.0335580213904905e-07,42.25188677522162,-7.105427357601002e-15
AIDC07,93,4.166427858051372,26.07538421883456,11.98445715360244,85.65168633354148,1.0000000000147165,4.982289729132635,1.5910117667772283e-10,19.089474435865192,-3.552713678800501e-15
AIDC08,93,8.332855716102744,52.15076843766912,11.98445715360244,85.65168633354148,1.000000003481962,4.982289700182346,1.0335580213904905e-07,42.25188677522162,-7.105427357601002e-15
AIDC09,93,4.166427858051372,26.07538421883456,11.98445715360244,85.65168633354148,1.0000000000147165,4.982289729132635,1.5910117667772283e-10,19.089474435865192,-3.552713678800501e-15
AIDC10,93,8.332855716102744,52.15076843766912,11.98445715360244,85.65168633354148,1.000000003481962,4.982289700182346,1.0335580213904905e-07,42.25188677522162,-7.105427357601002e-15
AIDC11,93,4.166427858051372,26.07538421883456,11.98445715360244,85.65168633354148,1.0000000000147165,4.982289729132635,1.5910117667772283e-10,19.089474435865192,-3.552713678800501e-15
AIDC12,93,8.332855716102744,52.15076843766912,11.98445715360244,85.65168633354148,1.000000003481962,4.982289700182346,1.0335580213904905e-07,42.25188677522162,-7.105427357601002e-15
AIDC01,94,8.332855716102744,52.15076843766912,11.92413485976894,85.6004731113769,1.0000000035462628,4.982289699646767,1.0517015880395775e-07,42.23666174706534,0.0
AIDC02,94,4.166427858051372,26.07538421883456,11.92413485976894,85.6004731113769,1.0000000000152367,4.98228972913056,1.644622216190328e-10,19.081774456985002,0.0
AIDC03,94,8.332855716102744,52.15076843766912,11.92413485976894,85.6004731113769,1.0000000035462628,4.982289699646767,1.0517015880395775e-07,42.23666174706534,0.0
AIDC04,94,4.166427858051372,26.07538421883456,11.92413485976894,85.6004731113769,1.0000000000152367,4.98228972913056,1.644622216190328e-10,19.081774456985002,0.0
AIDC05,94,10.41606964512843,65.18846054708641,11.92413485976894,85.6004731113769,1.000000061035341,4.982289093452167,2.4207744999671377e-06,54.32642362293262,0.0
AIDC06,94,8.332855716102744,52.15076843766912,11.92413485976894,85.6004731113769,1.0000000035462628,4.982289699646767,1.0517015880395775e-07,42.23666174706534,0.0
AIDC07,94,4.166427858051372,26.07538421883456,11.92413485976894,85.6004731113769,1.0000000000152367,4.98228972913056,1.644622216190328e-10,19.081774456985002,0.0
AIDC08,94,8.332855716102744,52.15076843766912,11.92413485976894,85.6004731113769,1.0000000035462628,4.982289699646767,1.0517015880395775e-07,42.23666174706534,0.0
AIDC09,94,4.166427858051372,26.07538421883456,11.92413485976894,85.6004731113769,1.0000000000152367,4.98228972913056,1.644622216190328e-10,19.081774456985002,0.0
AIDC10,94,8.332855716102744,52.15076843766912,11.92413485976894,85.6004731113769,1.0000000035462628,4.982289699646767,1.0517015880395775e-07,42.23666174706534,0.0
AIDC11,94,4.166427858051372,26.07538421883456,11.92413485976894,85.6004731113769,1.0000000000152367,4.98228972913056,1.644622216190328e-10,19.081774456985002,0.0
AIDC12,94,8.332855716102744,52.15076843766912,11.92413485976894,85.6004731113769,1.0000000035462628,4.982289699646767,1.0517015880395775e-07,42.23666174706534,0.0
AIDC01,95,8.332855716102744,52.15076843766912,11.863812565935437,85.54925988921232,1.0000000036117505,4.982289699101312,1.0701586461436818e-07,42.2213846932662,0.0
AIDC02,95,4.166427858051372,26.07538421883456,11.863812565935437,85.54925988921232,1.0000000000157752,4.9822897291284125,1.7000090224428277e-10,19.074014036817267,-3.552713678800501e-15
AIDC03,95,8.332855716102744,52.15076843766912,11.863812565935437,85.54925988921232,1.0000000036117505,4.982289699101312,1.0701586461436818e-07,42.2213846932662,0.0
AIDC04,95,4.166427858051372,26.07538421883456,11.863812565935437,85.54925988921232,1.0000000000157752,4.9822897291284125,1.7000090224428277e-10,19.074014036817267,-3.552713678800501e-15
AIDC05,95,10.41606964512843,65.18846054708641,11.863812565935437,85.54925988921232,1.0000000616512619,4.982289087037076,2.443397221441046e-06,54.30859249506773,-1.4210854715202004e-14
AIDC06,95,8.332855716102744,52.15076843766912,11.863812565935437,85.54925988921232,1.0000000036117505,4.982289699101312,1.0701586461436818e-07,42.2213846932662,0.0
AIDC07,95,4.166427858051372,26.07538421883456,11.863812565935437,85.54925988921232,1.0000000000157752,4.9822897291284125,1.7000090224428277e-10,19.074014036817267,-3.552713678800501e-15
AIDC08,95,8.332855716102744,52.15076843766912,11.863812565935437,85.54925988921232,1.0000000036117505,4.982289699101312,1.0701586461436818e-07,42.2213846932662,0.0
AIDC09,95,4.166427858051372,26.07538421883456,11.863812565935437,85.54925988921232,1.0000000000157752,4.9822897291284125,1.7000090224428277e-10,19.074014036817267,-3.552713678800501e-15
AIDC10,95,8.332855716102744,52.15076843766912,11.863812565935437,85.54925988921232,1.0000000036117505,4.982289699101312,1.0701586461436818e-07,42.2213846932662,0.0
AIDC11,95,4.166427858051372,26.07538421883456,11.863812565935437,85.54925988921232,1.0000000000157752,4.9822897291284125,1.7000090224428277e-10,19.074014036817267,-3.552713678800501e-15
AIDC12,95,8.332855716102744,52.15076843766912,11.863812565935437,85.54925988921232,1.0000000036117505,4.982289699101312,1.0701586461436818e-07,42.2213846932662,0.0
