
Gurobi 13.0.2 (win64) logging started Thu Oct  8 01:19:08 2026

Set parameter LogFile to value "C:\v42_m1_exact_solver_redesign_20261008\docs\v42_m1_exact_solver_redesign_20261008\external_nodes\0000\LP.log"
Gurobi Optimizer version 13.0.2 build v13.0.2rc1 (win64 - Windows 11+.0 (26200.2))

CPU model: 13th Gen Intel(R) Core(TM) i7-13620H, instruction set [SSE2|AVX|AVX2]
Thread count: 10 physical cores, 16 logical processors, using up to 1 threads

Non-default parameters:
FeasibilityTol  1e-08
IntFeasTol  1e-08
MIPGap  0.005
OptimalityTol  1e-08
Method  2
LPWarmStart  1
Crossover  2
DegenMoves  0
Heuristics  0
MIPFocus  3
NodeMethod  1
CutPasses  0
DualReductions  0
InfUnbdInfo  1
LogToConsole  0
Seed  20260929
Threads  1

Optimize a model with 582808 rows, 306040 columns and 5351612 nonzeros (Min)
Model fingerprint: 0xd42c9e85
Model has 1 linear objective coefficients
Coefficient statistics:
  Matrix range     [1e-13, 4e+02]
  Objective range  [1e+00, 1e+00]
  Bounds range     [3e-08, 2e+03]
  RHS range        [2e-24, 2e+03]
Warning: Model contains large matrix coefficient range
         Consider reformulating model or setting NumericFocus parameter
         to avoid numerical issues.

Presolve time: 2.02s
Presolved: 407278 rows, 307881 columns, 4438421 nonzeros

Elapsed ordering time = 5s
Ordering time: 5.43s

Barrier statistics:
 Dense cols : 959
 AA' NZ     : 3.788e+07
 Factor NZ  : 5.720e+07 (roughly 700 MB of memory)
 Factor Ops : 3.122e+10 (roughly 1 second per iteration)
 Threads    : 1

                  Objective                Residual
Iter       Primal          Dual         Primal    Dual     Compl     Time
   0   1.27465306e+03 -8.03138195e+06  6.52e+07 0.00e+00  1.61e+04    13s
   1   1.70080414e+03 -6.52791090e+06  4.37e+07 7.44e-03  9.02e+03    15s
   2   2.73221429e+01 -4.78519286e+06  4.00e+07 3.41e-04  8.91e+03    16s
   3   1.99616265e+00 -2.29306453e+06  1.06e+06 7.36e-15  2.54e+02    18s
   4   5.00251381e-01 -1.22960174e+06  5.95e+04 1.46e-11  2.32e+01    19s
   5   6.37308816e-01 -1.84365546e+05  1.42e+04 1.51e-14  4.25e+00    21s
   6   6.11690254e-01 -5.65813762e+04  1.03e+03 1.40e-14  6.38e-01    23s
   7   6.12605251e-01 -9.03073489e+03  2.72e+02 1.21e-14  1.03e-01    25s
   8   6.17536597e-01 -4.78340316e+03  1.24e+02 1.61e-14  5.29e-02    27s
   9   6.32974886e-01 -1.99142681e+03  3.75e+01 2.40e-14  2.27e-02    30s
  10   6.57095320e-01 -3.89095393e+02  4.03e+00 5.08e-09  4.11e-03    32s
  11   6.79857717e-01 -4.23373961e+01  5.82e-02 1.44e-08  3.70e-04    35s
  12   6.49276289e-01 -1.25606610e+00  9.45e-06 3.65e-09  1.59e-05    36s
  13   6.20935176e-01 -1.09010931e-01  5.41e-06 7.85e-09  6.00e-06    39s
  14   6.09225302e-01  3.74202594e-01  1.98e-06 1.31e-08  1.87e-06    41s
  15   5.98232088e-01  4.96352459e-01  1.14e-06 1.73e-08  7.91e-07    43s
  16   5.90610616e-01  5.37641831e-01  6.75e-07 1.86e-08  4.03e-07    45s
  17   5.86209379e-01  5.44180542e-01  4.43e-07 1.85e-08  3.22e-07    47s
  18   5.85347299e-01  5.48708262e-01  4.01e-07 1.78e-08  2.77e-07    49s
  19   5.82695519e-01  5.61051186e-01  2.61e-07 1.50e-08  1.46e-07    51s
  20   5.80878460e-01  5.62927887e-01  1.78e-07 1.67e-08  1.14e-07    53s
  21   5.79657285e-01  5.64736625e-01  1.27e-07 1.30e-08  7.89e-08    55s
  22   5.78667569e-01  5.65696549e-01  8.62e-08 1.22e-08  5.16e-08    57s
  23   5.77788833e-01  5.65966629e-01  5.50e-08 1.09e-08  2.44e-08    59s
  24   5.77375447e-01  5.65632902e-01  5.10e-08 9.20e-09  2.20e-08    62s
  25   5.76940035e-01  5.65253865e-01  4.72e-08 7.88e-09  1.91e-08    64s
  26   5.75745202e-01  5.65049815e-01  3.68e-08 6.58e-09  1.55e-08    66s
  27   5.74934441e-01  5.64834611e-01  3.07e-08 5.13e-09  1.26e-08    68s
  28   5.74488636e-01  5.64699044e-01  2.76e-08 4.52e-09  1.13e-08    71s
  29   5.74396225e-01  5.64660885e-01  2.68e-08 3.93e-09  1.03e-08    74s
  30   5.74196536e-01  5.64653148e-01  2.53e-08 3.42e-09  9.27e-09    78s
  31   5.73856966e-01  5.64708637e-01  2.30e-08 3.09e-09  8.37e-09    81s
  32   5.73675817e-01  5.64740785e-01  2.17e-08 2.81e-09  7.75e-09    84s
  33   5.73447011e-01  5.64761800e-01  2.01e-08 2.71e-09  7.12e-09    86s
  34   5.73255602e-01  5.64768341e-01  1.88e-08 2.50e-09  6.29e-09    89s
  35   5.73028015e-01  5.64745485e-01  1.72e-08 2.20e-09  5.22e-09    92s
  36   5.72885882e-01  5.64727639e-01  1.61e-08 2.18e-09  4.89e-09    95s
  37   5.72695630e-01  5.64684601e-01  1.47e-08 2.12e-09  4.35e-09    98s
  38   5.72449931e-01  5.64679469e-01  1.28e-08 2.06e-09  3.91e-09   100s
  39   5.72349147e-01  5.64653872e-01  1.21e-08 2.04e-09  3.57e-09   103s
  40   5.72180018e-01  5.64718682e-01  1.08e-08 2.10e-09  3.07e-09   106s
  41   5.72160178e-01  5.64733995e-01  1.07e-08 2.07e-09  2.99e-09   109s
  42   5.71846868e-01  5.64739481e-01  8.48e-09 1.94e-09  2.49e-09   112s
  43   5.71723254e-01  5.64839837e-01  7.75e-09 1.75e-09  2.10e-09   115s
  44   5.71535943e-01  5.64867734e-01  6.71e-09 1.76e-09  1.88e-09   118s
  45   5.71417273e-01  5.64898157e-01  6.09e-09 1.74e-09  1.67e-09   122s
  46   5.71271849e-01  5.64915274e-01  5.39e-09 1.74e-09  1.48e-09   125s
  47   5.71151534e-01  5.64942948e-01  4.83e-09 1.69e-09  1.36e-09   128s
  48   5.71057424e-01  5.64987590e-01  4.41e-09 1.60e-09  1.20e-09   131s
  49   5.70957261e-01  5.65017398e-01  4.02e-09 1.72e-09  1.07e-09   133s
  50   5.70931106e-01  5.65008898e-01  3.95e-09 1.72e-09  1.05e-09   136s
  51   5.70732917e-01  5.65029770e-01  3.29e-09 1.85e-09  7.11e-10   139s
  52   5.70503075e-01  5.65040788e-01  2.01e-09 1.88e-09  4.86e-10   141s
  53   5.70388921e-01  5.65049396e-01  1.60e-09 1.90e-09  3.80e-10   144s
  54   5.70357653e-01  5.65056424e-01  1.51e-09 1.86e-09  3.42e-10   146s
  55   5.70183924e-01  5.65153589e-01  1.47e-09 1.68e-09  6.70e-11   150s
  56   5.70142427e-01  5.65144671e-01  1.38e-09 1.68e-09  6.13e-11   152s
  57   5.70101725e-01  5.65161288e-01  1.31e-09 1.71e-09  5.53e-11   155s
  58   5.70058423e-01  5.65153444e-01  1.25e-09 1.71e-09  5.13e-11   158s
  59   5.70037146e-01  5.65157998e-01  1.17e-09 1.71e-09  4.72e-11   160s
  60   5.70019905e-01  5.65159134e-01  3.68e-09 1.72e-09  4.44e-11   163s
  61   5.69991798e-01  5.65165323e-01  3.57e-09 1.74e-09  4.28e-11   166s
  62   5.69990834e-01  5.65166726e-01  2.73e-09 1.74e-09  4.32e-11   169s
  63   5.69980846e-01  5.65175143e-01  2.59e-09 1.76e-09  4.10e-11   174s
  64   5.69943041e-01  5.65185291e-01  2.33e-09 1.79e-09  3.72e-11   178s
  65   5.69912805e-01  5.65187786e-01  2.14e-09 1.80e-09  3.48e-11   180s
  66   5.69891045e-01  5.65199288e-01  2.13e-09 1.79e-09  3.35e-11   184s
  67   5.69874628e-01  5.65226974e-01  2.06e-09 1.69e-09  3.60e-11   190s
  68   5.69849693e-01  5.65272400e-01  2.07e-09 1.51e-09  3.94e-11   193s
  69   5.69849447e-01  5.65276276e-01  2.07e-09 1.49e-09  4.00e-11   196s
  70   5.69823949e-01  5.65283202e-01  1.71e-09 1.46e-09  3.95e-11   199s
  71   5.69810904e-01  5.65287560e-01  1.68e-09 1.44e-09  3.89e-11   202s
  72   5.69798315e-01  5.65298309e-01  1.65e-09 1.39e-09  3.83e-11   205s
  73   5.69783890e-01  5.65308955e-01  1.62e-09 1.33e-09  3.81e-11   208s
  74   5.69765804e-01  5.65318504e-01  1.56e-09 1.30e-09  3.72e-11   211s
  75   5.69765570e-01  5.65320392e-01  1.56e-09 1.30e-09  3.73e-11   214s
  76   5.69760620e-01  5.65324638e-01  1.58e-09 1.29e-09  3.70e-11   216s
  77   5.69753508e-01  5.65330743e-01  1.19e-09 1.27e-09  3.50e-11   218s
  78   5.69744282e-01  5.65330675e-01  1.44e-09 1.26e-09  3.47e-11   221s
  79   5.69727731e-01  5.65345229e-01  1.57e-09 1.21e-09  3.31e-11   224s
  80   5.69674604e-01  5.65353697e-01  3.79e-09 1.19e-09  3.11e-11   226s
  81   5.69632548e-01  5.65354238e-01  3.57e-09 1.19e-09  3.02e-11   229s
  82   5.69604965e-01  5.65357259e-01  3.53e-09 1.17e-09  2.85e-11   232s
  83   5.69602709e-01  5.65358081e-01  3.52e-09 1.17e-09  2.84e-11   234s
  84   5.69600758e-01  5.65359641e-01  3.51e-09 1.17e-09  2.83e-11   237s
  85   5.69547947e-01  5.65377141e-01  2.89e-09 1.12e-09  2.21e-11   240s
  86   5.69542509e-01  5.65399455e-01  2.85e-09 1.10e-09  2.19e-11   242s
  87   5.69542086e-01  5.65399736e-01  2.85e-09 1.10e-09  2.18e-11   245s
  88   5.69531129e-01  5.65402001e-01  2.78e-09 1.10e-09  2.15e-11   250s
  89   5.69523057e-01  5.65404543e-01  2.74e-09 1.10e-09  2.14e-11   254s
  90   5.69519858e-01  5.65406545e-01  2.73e-09 1.10e-09  2.12e-11   258s
  91   5.69512898e-01  5.65407368e-01  2.72e-09 1.10e-09  2.11e-11   260s
  92   5.69511969e-01  5.65407378e-01  2.71e-09 1.10e-09  2.11e-11   263s
  93   5.69508159e-01  5.65415622e-01  2.70e-09 1.09e-09  2.06e-11   267s
  94   5.69501637e-01  5.65419458e-01  2.67e-09 1.09e-09  2.04e-11   270s
  95   5.69455087e-01  5.65428467e-01  2.55e-09 1.08e-09  1.89e-11   272s
  96   5.69454399e-01  5.65428865e-01  2.55e-09 1.09e-09  1.88e-11   275s
  97   5.69452348e-01  5.65430056e-01  2.54e-09 1.08e-09  1.88e-11   278s
  98   5.69452302e-01  5.65430160e-01  2.54e-09 1.08e-09  1.88e-11   281s
  99   5.69451382e-01  5.65430140e-01  2.54e-09 1.08e-09  1.88e-11   283s
 100   5.69447495e-01  5.65439383e-01  2.52e-09 1.08e-09  1.85e-11   287s
 101   5.69437477e-01  5.65441875e-01  2.47e-09 1.07e-09  1.84e-11   290s
 102   5.69419529e-01  5.65450199e-01  2.24e-09 1.07e-09  1.71e-11   292s
 103   5.69417737e-01  5.65450866e-01  2.22e-09 1.07e-09  1.68e-11   296s
 104   5.69399690e-01  5.65454199e-01  2.15e-09 1.07e-09  1.63e-11   300s
 105   5.69395829e-01  5.65455282e-01  2.12e-09 1.07e-09  1.61e-11   303s
 106   5.69395533e-01  5.65455285e-01  2.12e-09 1.07e-09  1.61e-11   305s
 107   5.69394899e-01  5.65455492e-01  2.12e-09 1.07e-09  1.61e-11   308s
 108   5.69371070e-01  5.65481953e-01  1.87e-09 1.06e-09  1.44e-11   313s
 109   5.69365971e-01  5.65493778e-01  1.85e-09 1.04e-09  1.39e-11   315s
 110   5.69351834e-01  5.65509113e-01  1.81e-09 1.02e-09  1.33e-11   319s
 111   5.69329001e-01  5.65515094e-01  1.72e-09 1.01e-09  1.28e-11   323s
 112   5.69316871e-01  5.65532750e-01  1.66e-09 9.83e-10  1.39e-11   325s
 113   5.69297568e-01  5.65534494e-01  1.60e-09 9.81e-10  1.34e-11   329s
 114   5.69283235e-01  5.65534902e-01  1.56e-09 9.80e-10  1.29e-11   332s
 115   5.69282944e-01  5.65535151e-01  1.56e-09 9.80e-10  1.30e-11   334s
 116   5.69279345e-01  5.65537526e-01  1.53e-09 9.77e-10  1.28e-11   337s
 117   5.69278851e-01  5.65538867e-01  1.53e-09 9.75e-10  1.28e-11   339s
 118   5.69275091e-01  5.65543615e-01  1.52e-09 9.68e-10  1.28e-11   342s
 119   5.69272308e-01  5.65544727e-01  1.51e-09 9.66e-10  1.28e-11   345s
 120   5.69257755e-01  5.65567746e-01  1.44e-09 9.33e-10  1.29e-11   348s
 121   5.69252394e-01  5.65571660e-01  1.43e-09 9.28e-10  1.28e-11   351s
 122   5.69251195e-01  5.65571841e-01  1.42e-09 9.28e-10  1.27e-11   353s
 123   5.69250428e-01  5.65571762e-01  1.43e-09 9.28e-10  1.28e-11   356s
 124   5.69248441e-01  5.65581652e-01  1.43e-09 9.18e-10  1.29e-11   359s
 125   5.69248262e-01  5.65582006e-01  1.43e-09 9.17e-10  1.29e-11   362s
 126   5.69240202e-01  5.65582322e-01  1.44e-09 9.18e-10  1.28e-11   366s
 127   5.69221140e-01  5.65604098e-01  1.41e-09 8.94e-10  1.27e-11   370s
 128   5.69217035e-01  5.65611019e-01  1.40e-09 8.81e-10  1.29e-11   373s
 129   5.69207148e-01  5.65615745e-01  1.35e-09 8.73e-10  1.26e-11   375s
 130   5.69203553e-01  5.65616565e-01  1.32e-09 8.70e-10  1.26e-11   378s
 131   5.69182041e-01  5.65623214e-01  1.20e-09 8.69e-10  1.22e-11   381s
 132   5.69155252e-01  5.65649700e-01  1.13e-09 9.29e-10  1.22e-11   383s
 133   5.69154810e-01  5.65649776e-01  1.13e-09 9.29e-10  1.22e-11   386s
 134   5.69146199e-01  5.65652699e-01  1.10e-09 9.32e-10  1.19e-11   388s
 135   5.69136370e-01  5.65657578e-01  1.56e-09 9.29e-10  1.22e-11   391s
 136   5.69135778e-01  5.65663765e-01  1.55e-09 9.33e-10  1.20e-11   393s
 137   5.69133544e-01  5.65669430e-01  1.55e-09 9.37e-10  1.18e-11   395s
 138   5.69115902e-01  5.65677834e-01  1.12e-09 9.41e-10  1.10e-11   399s
 139   5.69107859e-01  5.65681810e-01  1.20e-09 9.45e-10  1.10e-11   402s
 140   5.69103660e-01  5.65695134e-01  1.17e-09 9.28e-10  1.01e-11   404s
 141   5.69092320e-01  5.65730549e-01  1.10e-09 9.43e-10  8.91e-12   406s
 142   5.69093567e-01  5.65733062e-01  1.69e-09 9.42e-10  9.07e-12   410s
 143   5.69084017e-01  5.65751520e-01  1.74e-09 9.39e-10  8.38e-12   414s
 144   5.69078214e-01  5.65769271e-01  1.72e-09 9.29e-10  8.31e-12   416s
 145   5.69075410e-01  5.65772467e-01  1.71e-09 9.27e-10  8.24e-12   419s
 146   5.69067551e-01  5.65778052e-01  1.69e-09 9.14e-10  8.24e-12   421s
 147   5.69064670e-01  5.65774336e-01  2.12e-09 9.57e-10  8.99e-12   424s
 148   5.69054372e-01  5.65773777e-01  2.01e-09 9.61e-10  8.94e-12   427s
 149   5.69046208e-01  5.65769624e-01  1.98e-09 9.68e-10  9.06e-12   431s
 150   5.69043344e-01  5.65770687e-01  1.98e-09 9.67e-10  9.09e-12   434s
 151   5.69043156e-01  5.65782005e-01  1.75e-09 9.64e-10  9.82e-12   436s
 152   5.69025079e-01  5.65777653e-01  2.13e-09 9.63e-10  9.37e-12   438s
 153   5.69019990e-01  5.65782673e-01  2.10e-09 1.02e-09  9.87e-12   441s
 154   5.68998887e-01  5.65807821e-01  2.08e-09 1.03e-09  1.18e-11   443s
 155   5.68993331e-01  5.65812957e-01  2.15e-09 1.03e-09  1.20e-11   446s
 156   5.68984687e-01  5.65804046e-01  1.99e-09 9.98e-10  1.88e-11   454s
 157   5.68981322e-01  5.65807882e-01  2.26e-09 9.92e-10  1.89e-11   462s
 158   5.68975701e-01  5.65815536e-01  2.45e-09 9.89e-10  1.86e-11   467s
 159   5.68973202e-01  5.65853971e-01  2.46e-09 9.62e-10  1.81e-11   474s
 160   5.68970232e-01  5.65858383e-01  2.40e-09 9.59e-10  1.79e-11   479s
 161   5.68970105e-01  5.65858529e-01  2.40e-09 9.60e-10  1.81e-11   485s
 162   5.68957059e-01  5.65915763e-01  1.92e-09 8.96e-10  1.80e-11   490s
 163   5.68951642e-01  5.65962092e-01  2.21e-09 8.50e-10  1.80e-11   495s
 164   5.68956548e-01  5.65966227e-01  1.54e-09 8.49e-10  1.85e-11   500s
 165   5.68953292e-01  5.65987853e-01  1.51e-09 8.32e-10  1.83e-11   506s
 166   5.68951792e-01  5.65995615e-01  1.50e-09 8.28e-10  1.83e-11   512s
 167   5.68950602e-01  5.66003113e-01  1.49e-09 8.24e-10  1.82e-11   517s
 168   5.68950291e-01  5.66026173e-01  1.49e-09 8.13e-10  1.83e-11   522s
 169   5.68946581e-01  5.66054546e-01  1.36e-09 7.87e-10  2.03e-11   532s
 170   5.68935575e-01  5.66093236e-01  1.54e-09 7.72e-10  1.98e-11   539s
 171   5.68934011e-01  5.66116298e-01  1.74e-09 7.56e-10  2.18e-11   545s
 172   5.68928784e-01  5.66126149e-01  1.63e-09 7.53e-10  2.13e-11   551s
 173   5.68928160e-01  5.66181376e-01  1.62e-09 7.25e-10  2.07e-11   557s
 174   5.68924618e-01  5.66216462e-01  1.61e-09 7.20e-10  2.10e-11   563s
 175   5.68917795e-01  5.66235780e-01  1.58e-09 7.19e-10  2.09e-11   570s
 176   5.68916572e-01  5.66287371e-01  1.58e-09 7.18e-10  2.08e-11   575s
 177   5.68912726e-01  5.66289713e-01  1.58e-09 7.17e-10  2.03e-11   581s
 178   5.68909493e-01  5.66292356e-01  1.19e-09 7.18e-10  2.07e-11   587s
 179   5.68907916e-01  5.66306903e-01  1.18e-09 7.18e-10  2.04e-11   592s
 180   5.68906901e-01  5.66322663e-01  1.20e-09 7.19e-10  2.03e-11   598s
 181   5.68905857e-01  5.66332103e-01  1.19e-09 7.18e-10  2.02e-11   604s
 182   5.68902517e-01  5.66345949e-01  1.25e-09 7.17e-10  1.99e-11   610s
 183   5.68901733e-01  5.66352076e-01  1.30e-09 7.17e-10  1.98e-11   616s
 184   5.68900740e-01  5.66370887e-01  1.28e-09 7.15e-10  1.97e-11   621s
 185   5.68895527e-01  5.66373337e-01  1.26e-09 7.14e-10  2.02e-11   627s
 186   5.68894786e-01  5.66371802e-01  1.25e-09 7.14e-10  2.02e-11   632s
 187   5.68892468e-01  5.66406650e-01  1.27e-09 7.11e-10  2.00e-11   639s
 188   5.68892383e-01  5.66401418e-01  1.45e-09 7.12e-10  2.05e-11   645s
 189   5.68890185e-01  5.66456635e-01  1.40e-09 7.07e-10  2.00e-11   652s
 190   5.68886582e-01  5.66475618e-01  1.30e-09 7.06e-10  1.96e-11   658s
 191   5.68886025e-01  5.66503878e-01  1.35e-09 7.05e-10  1.95e-11   663s
 192   5.68882253e-01  5.66577883e-01  1.47e-09 7.02e-10  1.99e-11   669s
 193   5.68882043e-01  5.66586387e-01  1.50e-09 7.02e-10  2.00e-11   675s
 194   5.68879279e-01  5.66624286e-01  2.55e-09 7.02e-10  1.97e-11   681s
 195   5.68877544e-01  5.66635617e-01  2.83e-09 7.05e-10  1.97e-11   687s
 196   5.68876594e-01  5.66637337e-01  4.21e-09 7.04e-10  2.07e-11   693s
 197   5.68872752e-01  5.66720018e-01  4.51e-09 6.98e-10  2.06e-11   698s
 198   5.68871506e-01  5.66733651e-01  4.44e-09 6.97e-10  2.06e-11   704s
 199   5.68871208e-01  5.66734738e-01  4.45e-09 6.97e-10  2.06e-11   710s
 200   5.68870781e-01  5.66740425e-01  4.49e-09 6.97e-10  2.05e-11   715s
 201   5.68870323e-01  5.66744926e-01  4.50e-09 6.96e-10  2.04e-11   721s
 202   5.68870025e-01  5.66744324e-01  4.72e-09 6.96e-10  2.04e-11   726s

Barrier solved model in 202 iterations and 725.94 seconds (1031.49 work units)
Optimal objective 5.68871208e-01

Crossover log...

   27616 DPushes remaining with DInf 0.0000000e+00               727s
       0 DPushes remaining with DInf 0.0000000e+00               728s

  167779 PPushes remaining with PInf 3.1261474e-01               728s
  158927 PPushes remaining with PInf 9.6327557e-02               730s
  127349 PPushes remaining with PInf 6.1839064e-02               735s
   39498 PPushes remaining with PInf 6.1807936e-02               740s
   15800 PPushes remaining with PInf 3.7300938e-02               746s
    9407 PPushes remaining with PInf 3.7244452e-02               751s
    6962 PPushes remaining with PInf 3.2284340e-02               755s
    5622 PPushes remaining with PInf 3.2284340e-02               761s
    4617 PPushes remaining with PInf 3.2284340e-02               767s
    3947 PPushes remaining with PInf 3.2284340e-02               771s
    3277 PPushes remaining with PInf 3.2284340e-02               776s
    2607 PPushes remaining with PInf 3.2190065e-02               783s
    2272 PPushes remaining with PInf 2.9855147e-02               787s
    1937 PPushes remaining with PInf 2.9604741e-02               792s
    1602 PPushes remaining with PInf 2.6157877e-02               797s
    1267 PPushes remaining with PInf 2.3733620e-02               801s
     932 PPushes remaining with PInf 2.0960727e-02               807s
     597 PPushes remaining with PInf 4.4473674e-03               813s
     262 PPushes remaining with PInf 3.5805269e-04               818s
      52 PPushes remaining with PInf 0.0000000e+00               822s
       0 PPushes remaining with PInf 0.0000000e+00               822s

Restart crossover...

  179758 PPushes remaining with PInf 9.4009694e-05               823s
  152723 PPushes remaining with PInf 1.9210389e-05               826s
  144982 PPushes remaining with PInf 1.7824963e-05               830s
  136279 PPushes remaining with PInf 1.7825146e-05               835s
  127778 PPushes remaining with PInf 1.7825376e-05               840s
  118479 PPushes remaining with PInf 1.7825395e-05               845s
  105542 PPushes remaining with PInf 1.7825395e-05               850s
   94056 PPushes remaining with PInf 1.7825395e-05               855s
   82292 PPushes remaining with PInf 1.7825395e-05               860s
   68213 PPushes remaining with PInf 1.7825395e-05               865s
   52361 PPushes remaining with PInf 1.7825395e-05               870s
   33376 PPushes remaining with PInf 1.7825395e-05               875s
   14175 PPushes remaining with PInf 1.2020560e-04               881s
   10999 PPushes remaining with PInf 1.2020560e-04               885s
    8329 PPushes remaining with PInf 1.1983095e-04               890s
    5665 PPushes remaining with PInf 7.4682247e-05               895s
    4325 PPushes remaining with PInf 7.3857404e-05               902s
    3653 PPushes remaining with PInf 7.3857403e-05               905s
    2645 PPushes remaining with PInf 7.3030105e-05               912s
    2089 PPushes remaining with PInf 1.4310712e-05               916s
    1419 PPushes remaining with PInf 9.0697673e-06               922s
     749 PPushes remaining with PInf 5.9109987e-06               928s
     414 PPushes remaining with PInf 5.2430505e-06               931s
      17 PPushes remaining with PInf 0.0000000e+00               935s
       0 PPushes remaining with PInf 0.0000000e+00               935s

   21203 DPushes remaining with DInf 8.6618826e+00               935s
   15442 DPushes remaining with DInf 8.4790041e+00               940s
   10170 DPushes remaining with DInf 8.3715216e+00               946s
    5116 DPushes remaining with DInf 8.2799942e+00               951s
    1955 DPushes remaining with DInf 8.2019413e+00               956s
       0 DPushes remaining with DInf 8.1062614e+00               960s

  Push phase complete: Pinf 0.0000000e+00, Dinf 8.1062614e+00    960s

Iteration    Objective       Primal Inf.    Dual Inf.      Time
  184255    5.6886726e-01   1.916136e+09   0.000000e+00    960s
  184365    5.6886794e-01   3.802890e+07   0.000000e+00    962s
  184695    5.6894038e-01   7.215998e+08   0.000000e+00    966s
  185015    5.6896738e-01   9.926553e+09   0.000000e+00    971s
  185235    5.6898625e-01   1.150800e+09   0.000000e+00    975s
  185575    5.6900496e-01   1.368301e+09   0.000000e+00    981s
  185905    5.6903202e-01   9.863988e+09   0.000000e+00    986s
  186135    5.6907968e-01   1.989179e+10   0.000000e+00    990s
  186495    5.6910730e-01   7.998490e+09   0.000000e+00    997s
  186735    5.6913364e-01   6.521712e+09   0.000000e+00   1001s
  186985    5.6916012e-01   1.245606e+10   0.000000e+00   1005s
  187365    5.6920691e-01   1.081087e+10   0.000000e+00   1012s
  187625    5.6924507e-01   1.323506e+10   0.000000e+00   1016s
  187885    5.6927825e-01   6.247173e+10   0.000000e+00   1021s
  188145    5.6945223e-01   2.283563e+10   0.000000e+00   1025s
  188515    5.6959075e-01   1.886937e+12   0.000000e+00   1032s
  188765    5.6970729e-01   2.438983e+11   0.000000e+00   1036s
  189035    5.6976531e-01   4.125911e+11   0.000000e+00   1042s
  189175    5.6979314e-01   1.055652e+12   0.000000e+00   1045s
  189465    5.6990718e-01   7.820569e+11   0.000000e+00   1053s
  189605    5.6997299e-01   7.528739e+11   0.000000e+00   1056s
  189895    5.7023598e-01   5.374669e+11   0.000000e+00   1064s
  190035    5.7026688e-01   8.987326e+09   0.000000e+00   1067s
  190335    5.7030249e-01   8.610527e+09   0.000000e+00   1073s
  190545    5.7014902e-01   6.952119e+12   0.000000e+00   1076s
  190745    5.7251415e-01   3.105314e+11   0.000000e+00   1082s
  191055    5.7039900e-01   1.019557e+14   0.000000e+00   1089s
  191390    5.7271697e-01   2.732867e+13   0.000000e+00   1095s
  191725    5.7260837e-01   3.993433e+12   0.000000e+00   1101s
  191995    5.7275628e-01   7.510352e+11   0.000000e+00   1108s
  192325    5.7294681e-01   5.450167e+11   0.000000e+00   1117s
  192660    5.7534500e-01   7.631476e+11   0.000000e+00   1126s
  192995    5.7563177e-01   5.969948e+11   0.000000e+00   1135s
  193330    5.7578050e-01   6.888339e+11   0.000000e+00   1143s
  193660    5.7601826e-01   5.718459e+11   0.000000e+00   1151s
  193920    5.7613792e-01   2.017798e+11   0.000000e+00   1158s
  194150    5.7638059e-01   1.448082e+12   0.000000e+00   1163s
  194460    5.7695580e-01   4.494549e+11   0.000000e+00   1172s
  194795    5.7773738e-01   1.780241e+10   0.000000e+00   1181s
  195105    5.7813742e-01   2.486211e+12   0.000000e+00   1189s
  195440    5.7861822e-01   3.390197e+11   0.000000e+00   1197s
  195775    5.7907600e-01   1.844560e+11   0.000000e+00   1205s
  196110    5.7943727e-01   3.820042e+12   0.000000e+00   1214s
  196410    5.7970924e-01   6.167554e+11   0.000000e+00   1222s
  196745    5.7996189e-01   9.700369e+11   0.000000e+00   1231s
  197075    5.8030593e-01   2.423239e+12   0.000000e+00   1239s
  197325    5.8074324e-01   6.167025e+11   0.000000e+00   1246s
  197655    5.8117353e-01   2.768264e+12   0.000000e+00   1254s
  197925    5.8181408e-01   8.026693e+11   0.000000e+00   1261s
  198225    5.8210515e-01   8.647780e+11   0.000000e+00   1269s
  198485    5.8227535e-01   8.022411e+11   0.000000e+00   1276s
  198820    5.8249603e-01   7.141192e+11   0.000000e+00   1284s
  199155    5.8276737e-01   1.723933e+12   0.000000e+00   1293s
  199490    5.8305987e-01   8.560903e+11   0.000000e+00   1301s
  199825    5.8335386e-01   1.260809e+12   0.000000e+00   1309s
  200160    5.8387257e-01   1.705885e+11   0.000000e+00   1318s
  200495    5.8413844e-01   1.702243e+11   0.000000e+00   1327s
  200830    5.8431505e-01   4.122842e+11   0.000000e+00   1336s
  201120    5.8446388e-01   1.535076e+11   0.000000e+00   1344s
  201390    5.8464228e-01   1.040366e+11   0.000000e+00   1350s
  201955    5.8495230e-01   1.307277e+11   0.000000e+00   1360s
  202245    5.8510749e-01   2.098512e+11   0.000000e+00   1367s
  202475    5.8538761e-01   1.975377e+11   0.000000e+00   1373s
  202685    5.8547498e-01   1.328386e+11   0.000000e+00   1378s
  203020    5.8630815e-01   1.077453e+11   0.000000e+00   1386s
  203355    5.8648090e-01   2.472496e+10   0.000000e+00   1395s
  203690    5.8661306e-01   4.245448e+11   0.000000e+00   1404s
  204025    5.8672215e-01   2.929558e+10   0.000000e+00   1413s
  204360    5.8705466e-01   4.275738e+10   0.000000e+00   1421s
  204695    5.8715762e-01   1.945780e+10   0.000000e+00   1430s
  205030    5.8730866e-01   4.444755e+11   0.000000e+00   1439s
  205365    5.8746559e-01   2.982150e+11   0.000000e+00   1447s
  205700    5.8771915e-01   5.171725e+11   0.000000e+00   1456s
  206035    5.8814943e-01   1.068893e+12   0.000000e+00   1465s
  206370    5.8866548e-01   1.360164e+12   0.000000e+00   1474s
  206705    5.8915730e-01   1.072262e+12   0.000000e+00   1483s
  206985    5.8951577e-01   1.273791e+11   0.000000e+00   1490s
  207215    5.8973642e-01   6.660740e+11   0.000000e+00   1497s
  207515    5.8992186e-01   8.856907e+10   0.000000e+00   1505s
  207765    5.9010979e-01   5.105758e+11   0.000000e+00   1511s
  208100    5.9043247e-01   2.598932e+11   0.000000e+00   1520s
  208435    5.9092757e-01   7.968275e+10   0.000000e+00   1529s
  208770    5.9131053e-01   6.966681e+11   0.000000e+00   1539s
  209105    5.9170428e-01   4.205356e+11   0.000000e+00   1548s
  209440    5.9224997e-01   9.897863e+11   0.000000e+00   1557s
  209775    5.9256244e-01   9.345353e+10   0.000000e+00   1565s
  210110    5.9290985e-01   1.145602e+11   0.000000e+00   1574s
  210430    5.9313961e-01   1.480408e+11   0.000000e+00   1582s
  210680    5.9332969e-01   8.583304e+10   0.000000e+00   1589s
  211015    5.9357515e-01   5.519175e+10   0.000000e+00   1597s
  211305    5.9376862e-01   4.285598e+11   0.000000e+00   1605s
  211535    5.9390154e-01   2.740663e+11   0.000000e+00   1611s
  211870    5.9409008e-01   6.585029e+11   0.000000e+00   1620s
  212205    5.9440861e-01   7.514696e+10   0.000000e+00   1628s
  212540    5.9465385e-01   8.026550e+10   0.000000e+00   1637s
  212875    5.9485748e-01   4.856991e+10   0.000000e+00   1646s
  213210    5.9506015e-01   4.887824e+10   0.000000e+00   1654s
  213470    5.9522070e-01   8.487187e+11   0.000000e+00   1661s
  213805    5.9535635e-01   4.547346e+10   0.000000e+00   1670s
  214140    5.9552944e-01   1.420823e+12   0.000000e+00   1678s
  214470    5.9571274e-01   7.322075e+10   0.000000e+00   1686s
  214805    5.9588549e-01   3.007671e+10   0.000000e+00   1695s
  215075    5.9768268e-01   3.259912e+12   0.000000e+00   1702s
  215295    5.9882939e-01   4.032645e+11   0.000000e+00   1708s
  215505    5.9917018e-01   1.081413e+12   0.000000e+00   1714s
  215695    5.9996926e-01   2.483956e+12   0.000000e+00   1719s
  216030    6.0041988e-01   1.029450e+11   0.000000e+00   1729s
  216330    6.0068107e-01   4.694132e+10   0.000000e+00   1737s
  216665    6.0096002e-01   1.775222e+11   0.000000e+00   1746s
  216995    6.0121054e-01   2.742476e+11   0.000000e+00   1755s
  217330    6.0144400e-01   1.898472e+11   0.000000e+00   1763s
  217665    6.0170190e-01   8.263422e+11   0.000000e+00   1772s
  217975    6.0191629e-01   1.498198e+12   0.000000e+00   1780s
  218310    6.0211409e-01   9.725637e+10   0.000000e+00   1789s
  218590    6.0244080e-01   1.252240e+11   0.000000e+00   1797s
  218820    6.0260180e-01   3.089744e+11   0.000000e+00   1803s
  219020    6.0282271e-01   8.476226e+10   0.000000e+00   1809s
  219210    6.0296042e-01   4.910729e+10   0.000000e+00   1814s
  219390    6.0306849e-01   1.431001e+11   0.000000e+00   1819s
  219570    6.0316887e-01   7.016324e+10   0.000000e+00   1824s
  219750    6.0324138e-01   2.568766e+11   0.000000e+00   1829s
  220085    6.0338522e-01   6.931818e+10   0.000000e+00   1838s
  220420    6.0352968e-01   1.103680e+11   0.000000e+00   1848s
  220755    6.0367436e-01   4.358779e+10   0.000000e+00   1857s
  221090    6.0382139e-01   1.270512e+11   0.000000e+00   1866s
  221425    6.0400763e-01   1.587115e+11   0.000000e+00   1876s
  221695    6.0415661e-01   6.656690e+10   0.000000e+00   1883s
  222030    6.0438932e-01   2.612322e+11   0.000000e+00   1892s
  222340    6.0455639e-01   6.658420e+10   0.000000e+00   1900s
  222580    6.0468260e-01   2.615378e+11   0.000000e+00   1906s
  222915    6.0479096e-01   5.296509e+11   0.000000e+00   1915s
  223250    6.0505070e-01   3.467066e+10   0.000000e+00   1924s
  223585    6.0518654e-01   3.172050e+10   0.000000e+00   1933s
  223865    6.0530683e-01   2.985985e+11   0.000000e+00   1940s
  224095    6.0539546e-01   3.756817e+10   0.000000e+00   1946s
  224295    6.0546371e-01   5.567974e+10   0.000000e+00   1951s
  224485    6.0552184e-01   3.735388e+10   0.000000e+00   1956s
  224675    6.0561038e-01   8.052793e+10   0.000000e+00   1961s
  224975    6.0572683e-01   4.578557e+10   0.000000e+00   1969s
  225225    6.0579471e-01   3.766286e+10   0.000000e+00   1975s
  225435    6.0586475e-01   1.336513e+11   0.000000e+00   1982s
  225635    6.0592289e-01   5.206188e+10   0.000000e+00   1987s
  225825    6.0602571e-01   5.836314e+10   0.000000e+00   1993s
  226015    6.0613537e-01   4.330940e+10   0.000000e+00   1998s
  226335    6.0629549e-01   5.929914e+10   0.000000e+00   2007s
  226625    6.0642435e-01   1.632213e+11   0.000000e+00   2015s
  226865    6.0651189e-01   6.773416e+10   0.000000e+00   2022s
  227075    6.0655866e-01   6.352348e+10   0.000000e+00   2028s
  227275    6.0664124e-01   4.255329e+10   0.000000e+00   2034s
  227610    6.0675407e-01   3.885822e+10   0.000000e+00   2043s
  227880    6.0684631e-01   5.507247e+10   0.000000e+00   2048s
  228110    6.0693521e-01   4.378611e+10   0.000000e+00   2053s
  228445    6.0709949e-01   4.011484e+11   0.000000e+00   2061s
  228735    6.0722346e-01   6.680251e+10   0.000000e+00   2067s
  228975    6.0728423e-01   1.168808e+11   0.000000e+00   2071s
  229365    6.0762256e-01   2.495701e+10   0.000000e+00   2078s
  229545    6.0771168e-01   1.285002e+11   0.000000e+00   2081s
  229905    6.0797026e-01   5.359153e+10   0.000000e+00   2088s
  230085    6.0809238e-01   1.231628e+11   0.000000e+00   2091s
  230445    6.0828656e-01   6.403334e+10   0.000000e+00   2098s
  230625    6.0836413e-01   1.124132e+11   0.000000e+00   2101s
  230960    6.0853727e-01   5.999796e+10   0.000000e+00   2109s
  231270    6.0862544e-01   2.404040e+10   0.000000e+00   2115s
  231500    6.0873585e-01   5.974780e+10   0.000000e+00   2119s
  231700    6.0879046e-01   1.246590e+11   0.000000e+00   2123s
  231890    6.0884776e-01   4.578708e+10   0.000000e+00   2126s
  232080    6.0892745e-01   4.562227e+11   0.000000e+00   2130s
  232595    6.0914125e-01   4.685199e+10   0.000000e+00   2140s
  232895    6.0925231e-01   1.138467e+11   0.000000e+00   2145s
  233135    6.0935384e-01   3.806133e+11   0.000000e+00   2150s
  233465    6.0957926e-01   1.407458e+11   0.000000e+00   2159s
  233725    6.0973654e-01   9.185958e+10   0.000000e+00   2166s
  234060    6.0987395e-01   1.934954e+11   0.000000e+00   2175s
  234395    6.1002936e-01   6.678963e+10   0.000000e+00   2181s
  234655    6.1009279e-01   3.537174e+10   0.000000e+00   2185s
  235115    6.1029156e-01   7.225356e+10   0.000000e+00   2193s
  235450    6.1065252e-01   1.100969e+11   0.000000e+00   2199s
  235785    6.1091752e-01   8.335466e+10   0.000000e+00   2205s
  236120    6.1107910e-01   2.535465e+11   0.000000e+00   2210s
  236455    6.1386212e-01   2.512084e+12   0.000000e+00   2215s
  236765    6.1488007e-01   5.426893e+12   0.000000e+00   2220s
  237100    6.1625928e-01   8.602508e+12   0.000000e+00   2226s
  237410    6.1732664e-01   6.806568e+12   0.000000e+00   2232s
  237660    6.1781834e-01   6.420898e+12   0.000000e+00   2236s
  238205    6.1988715e-01   5.126030e+12   0.000000e+00   2246s
  238525    6.2152850e-01   4.708391e+12   0.000000e+00   2251s
  238815    6.2245723e-01   5.735216e+12   0.000000e+00   2256s
  239045    6.2308989e-01   5.001548e+12   0.000000e+00   2260s
  239485    6.2424473e-01   4.045240e+12   0.000000e+00   2268s
  239675    6.2463930e-01   5.954856e+12   0.000000e+00   2271s
  240065    6.2703848e-01   6.464749e+12   0.000000e+00   2278s
  240400    6.2872044e-01   9.297478e+11   0.000000e+00   2284s
  240710    6.2964764e-01   1.289542e+11   0.000000e+00   2289s
  240970    6.3026229e-01   2.674681e+12   0.000000e+00   2293s
  241305    6.3364316e-01   3.780582e+11   0.000000e+00   2298s
  241640    6.3433662e-01   1.977596e+11   0.000000e+00   2304s
  241930    6.3497567e-01   6.778252e+11   0.000000e+00   2308s
  242170    6.3547442e-01   4.712811e+11   0.000000e+00   2312s
  242350    6.3589850e-01   4.867515e+11   0.000000e+00   2315s
  242660    6.3759317e-01   1.548845e+12   0.000000e+00   2320s
  243130    6.4003681e-01   1.610350e+13   0.000000e+00   2328s
  243330    6.4073167e-01   1.500193e+12   0.000000e+00   2331s
  243710    6.4273213e-01   7.581525e+12   0.000000e+00   2338s
  243890    6.4395095e-01   1.958530e+12   0.000000e+00   2341s
  244260    6.4679288e-01   1.366458e+12   0.000000e+00   2347s
  244660    6.4808967e-01   1.318698e+11   0.000000e+00   2353s
  244880    6.4891059e-01   1.448706e+11   0.000000e+00   2356s
  245320    6.5042521e-01   8.293158e+10   0.000000e+00   2362s
  245770    6.5388795e-01   1.018118e+13   0.000000e+00   2368s
  246105    6.5590146e-01   1.311714e+12   0.000000e+00   2373s
  246395    6.5676577e-01   9.060341e+12   0.000000e+00   2377s
  246615    6.5774444e-01   2.705367e+12   0.000000e+00   2381s
  246950    6.5952730e-01   7.390574e+11   0.000000e+00   2386s
  247285    6.6028898e-01   7.040471e+11   0.000000e+00   2391s
  247745    6.6453729e-01   6.083188e+11   0.000000e+00   2398s
  247945    6.6507253e-01   1.171701e+12   0.000000e+00   2401s
  248325    6.6614592e-01   2.572952e+12   0.000000e+00   2408s
  248535    6.6754174e-01   5.836243e+11   0.000000e+00   2411s
  248925    6.6994923e-01   6.787568e+11   0.000000e+00   2418s
  249105    6.7083142e-01   7.189014e+11   0.000000e+00   2421s
  249475    6.7293949e-01   1.363065e+12   0.000000e+00   2428s
  249805    6.7613781e-01   8.128716e+12   0.000000e+00   2433s
  250115    6.7798719e-01   1.648610e+11   0.000000e+00   2437s
  250365    6.7931224e-01   6.589575e+11   0.000000e+00   2441s
  250875    6.8240679e-01   1.701547e+11   0.000000e+00   2448s
  251125    7.1634269e-01   1.778916e+11   0.000000e+00   2451s
  251405    7.1824232e-01   2.736884e+12   0.000000e+00   2456s
  251645    7.1931348e-01   3.141581e+11   0.000000e+00   2460s
  252055    7.2153286e-01   2.472818e+11   0.000000e+00   2467s
  252245    7.2377877e-01   5.944712e+11   0.000000e+00   2470s
  252635    7.2487171e-01   4.145693e+11   0.000000e+00   2476s
  252905    7.2551150e-01   3.906595e+11   0.000000e+00   2480s
  253265    7.2655382e-01   1.036774e+12   0.000000e+00   2487s
  253575    7.2831773e-01   1.023231e+12   0.000000e+00   2492s
  253925    7.2912110e-01   9.955513e+11   0.000000e+00   2498s
  254235    7.3209671e-01   4.638243e+12   0.000000e+00   2502s
  254435    7.3494507e-01   8.465526e+10   0.000000e+00   2506s
  254845    7.3719660e-01   4.273553e+10   0.000000e+00   2512s
  255235    7.4330781e-01   3.725896e+11   0.000000e+00   2516s
  255585    7.5938261e-01   1.000964e+11   0.000000e+00   2521s
  255885    7.6099564e-01   4.226122e+11   0.000000e+00   2526s
Warning: 1 variables dropped from basis
Warning: switch to quad precision
  256277    6.9650864e-01   2.402951e+11   0.000000e+00   2533s
Warning: 1 variables dropped from basis
  256377    6.9649736e-01   2.402952e+11   0.000000e+00   2537s
  256477    6.9651205e-01   1.801275e+11   0.000000e+00   2541s
  256687    8.0652045e-01   2.141769e+11   0.000000e+00   2547s
  256797    9.7611276e-01   9.916448e+12   0.000000e+00   2550s
  257097    1.0177884e+00   8.016770e+12   0.000000e+00   2559s
  257227    1.0915572e+00   5.814943e+12   0.000000e+00   2563s
  257407    1.3513226e+00   1.631804e+13   0.000000e+00   2568s
  257567    1.4366694e+00   9.562148e+11   0.000000e+00   2572s
  257767    1.4465990e+00   1.380158e+13   0.000000e+00   2578s
  257927    1.4550636e+00   6.562572e+12   0.000000e+00   2582s
  258057    1.4563303e+00   1.371595e+12   0.000000e+00   2586s
  258277    1.4606705e+00   7.027066e+12   0.000000e+00   2592s
  258377    1.4616530e+00   1.904747e+13   0.000000e+00   2595s
  258577    1.4666936e+00   4.425185e+12   0.000000e+00   2601s
  258777    1.4775830e+00   1.436958e+13   0.000000e+00   2608s
  258877    1.4980746e+00   3.529817e+13   0.000000e+00   2611s
  259087    1.8060743e+00   1.286552e+13   0.000000e+00   2617s
  259297    2.0465785e+00   1.477913e+12   0.000000e+00   2623s
  259487    2.4043186e+00   1.491278e+12   0.000000e+00   2628s
  259647    2.4902927e+00   3.976389e+12   0.000000e+00   2632s
  259807    2.6047608e+00   3.014401e+12   0.000000e+00   2635s
  260017    2.6198057e+00   1.423544e+12   0.000000e+00   2641s
  260177    2.6357371e+00   3.674997e+12   0.000000e+00   2646s
  260317    2.6973158e+00   1.879613e+12   0.000000e+00   2650s
  260617    2.8895216e+00   6.166994e+11   0.000000e+00   2659s
  260867    3.8916582e+00   9.290823e+11   0.000000e+00   2665s
  261137    3.9364689e+00   7.274618e+12   0.000000e+00   2673s
  261427    4.0520551e+00   3.142707e+12   0.000000e+00   2680s
  261667    4.1850564e+00   6.958136e+13   0.000000e+00   2687s
  261847    4.2203050e+00   5.972445e+12   0.000000e+00   2692s
  262047    4.2283345e+00   5.368708e+12   0.000000e+00   2697s
  262197    4.2344952e+00   5.652216e+12   0.000000e+00   2702s
  262327    4.2396781e+00   7.765714e+12   0.000000e+00   2705s
  262527    4.2547742e+00   1.887652e+13   0.000000e+00   2711s
  262687    4.3043882e+00   1.705451e+13   0.000000e+00   2716s
  262947    4.7414273e+00   3.410597e+12   0.000000e+00   2723s
  263097    5.4334775e+00   5.185441e+12   0.000000e+00   2726s
  263367    5.9028155e+00   2.427677e+12   0.000000e+00   2733s
  263517    1.1311927e+01   1.626069e+12   0.000000e+00   2736s
  263837    2.3972058e+01   9.035318e+11   0.000000e+00   2742s
  264137    2.4436053e+01   3.621374e+11   0.000000e+00   2748s
  264357    2.4574840e+01   2.749690e+11   0.000000e+00   2754s
  264517    2.4581100e+01   2.572659e+11   0.000000e+00   2758s
  264647    2.4583051e+01   4.089433e+11   0.000000e+00   2762s
  264767    2.4584567e+01   5.799388e+11   0.000000e+00   2766s
  265047    2.4773518e+01   2.354850e+12   0.000000e+00   2773s
  265157    2.4782492e+01   1.087393e+13   0.000000e+00   2776s
  265367    2.4787299e+01   1.683028e+13   0.000000e+00   2783s
  265557    2.5180900e+01   2.020036e+13   0.000000e+00   2788s
  265787    2.5240628e+01   7.999571e+12   0.000000e+00   2794s
  266087    2.5372346e+01   8.995028e+12   0.000000e+00   2801s
  266347    2.5545537e+01   1.328371e+13   0.000000e+00   2806s
  266537    2.5818810e+01   4.924940e+12   0.000000e+00   2811s
  266807    2.6416809e+01   1.781596e+12   0.000000e+00   2818s
  266927    2.6901141e+01   9.259819e+11   0.000000e+00   2822s
  267087    2.6901458e+01   1.030673e+12   0.000000e+00   2828s
  267407    2.9259168e+01   4.219426e+12   0.000000e+00   2834s
  267657    2.9560967e+01   7.781941e+12   0.000000e+00   2840s
  267857    2.9561324e+01   7.653220e+12   0.000000e+00   2846s
  268027    2.9561644e+01   7.704263e+12   0.000000e+00   2851s
  268287    2.9565302e+01   1.598729e+13   0.000000e+00   2859s
  268437    2.9566572e+01   1.438918e+12   0.000000e+00   2864s
  268647    2.9568952e+01   1.345574e+12   0.000000e+00   2870s
  268807    2.9571186e+01   2.821796e+12   0.000000e+00   2876s
  269117    2.9574394e+01   1.622052e+12   0.000000e+00   2886s
  269347    2.9620605e+01   3.875325e+12   0.000000e+00   2892s
  269607    2.9629631e+01   5.749758e+12   0.000000e+00   2899s
  269797    2.9632654e+01   4.535255e+12   0.000000e+00   2905s
  269957    2.9632824e+01   8.777978e+12   0.000000e+00   2909s
  270137    2.9829158e+01   2.452085e+12   0.000000e+00   2913s
  270257    2.9866199e+01   1.935105e+12   0.000000e+00   2916s
  270477    2.9871167e+01   2.656407e+12   0.000000e+00   2922s
  270587    2.9891557e+01   2.582937e+12   0.000000e+00   2926s
  270807    2.9892217e+01   2.383309e+12   0.000000e+00   2932s
  270977    2.9925946e+01   3.573500e+11   0.000000e+00   2937s
  271197    2.9944069e+01   2.840643e+12   0.000000e+00   2943s
  271387    2.9961296e+01   6.690269e+11   0.000000e+00   2948s
  271677    2.9982432e+01   2.151137e+13   0.000000e+00   2955s
  271917    3.0100826e+01   2.264063e+14   0.000000e+00   2960s
  272267    3.0175072e+01   5.652549e+13   0.000000e+00   2968s
  272557    3.0272793e+01   3.323482e+12   0.000000e+00   2974s
  272777    3.0885675e+01   1.818244e+13   0.000000e+00   2978s
  272977    3.1535217e+01   1.965763e+13   0.000000e+00   2982s
  273267    3.3733752e+01   1.298105e+13   0.000000e+00   2988s
  273602    3.5437189e+01   5.335923e+13   0.000000e+00   2994s
  273852    3.6755968e+01   1.754538e+12   0.000000e+00   3000s
  274092    3.7919157e+01   1.176177e+12   0.000000e+00   3005s
  274392    3.9599130e+01   7.231361e+11   0.000000e+00   3011s
  274632    4.0787769e+01   7.730491e+11   0.000000e+00   3016s
  274842    4.1599003e+01   1.050368e+12   0.000000e+00   3020s
  275202    4.3189865e+01   4.714171e+11   0.000000e+00   3027s
  275372    4.3645081e+01   7.687475e+11   0.000000e+00   3031s
  275692    4.5023916e+01   1.766590e+12   0.000000e+00   3037s
  275982    4.6505142e+01   2.560256e+11   0.000000e+00   3043s
  276317    4.7526159e+01   1.611537e+12   0.000000e+00   3050s
  276652    4.8512717e+01   2.065458e+12   0.000000e+00   3057s
  276942    4.9369884e+01   3.879291e+11   0.000000e+00   3062s
  277172    5.0145733e+01   4.317704e+11   0.000000e+00   3067s
  277362    5.0823930e+01   5.856118e+14   0.000000e+00   3071s
  277852    5.2013983e+01   6.575737e+14   0.000000e+00   3081s
  278092    5.2623706e+01   1.024774e+15   0.000000e+00   3086s
  278262    5.2822161e+01   5.102868e+10   0.000000e+00   3091s
  278472    5.2824069e+01   6.763138e+13   0.000000e+00   3097s
  278732    5.2868763e+01   4.879638e+12   0.000000e+00   3103s
  278962    5.3037804e+01   7.825944e+13   0.000000e+00   3107s
  279162    5.3299088e+01   7.825969e+13   0.000000e+00   3111s
  279452    5.3851481e+01   7.823270e+13   0.000000e+00   3117s
  279762    5.4055772e+01   7.823623e+13   0.000000e+00   3123s
  279932    5.4148280e+01   6.896474e+13   0.000000e+00   3129s
  280262    5.4448667e+01   2.179996e+14   0.000000e+00   3136s
  280512    5.4909044e+01   9.226924e+11   0.000000e+00   3142s
  280712    5.5059888e+01   6.070974e+11   0.000000e+00   3146s
  280912    5.5335346e+01   3.872811e+10   0.000000e+00   3151s
  281282    5.5618026e+01   2.695621e+10   0.000000e+00   3159s
  281462    5.5736394e+01   2.877705e+11   0.000000e+00   3163s
  281682    5.5817569e+01   1.255128e+12   0.000000e+00   3169s
  281912    5.5853051e+01   7.657310e+11   0.000000e+00   3174s
  282052    5.5853929e+01   2.294349e+11   0.000000e+00   3179s
  282242    5.5854299e+01   2.277939e+11   0.000000e+00   3183s
  282432    5.5859797e+01   2.691241e+11   0.000000e+00   3187s
  282602    5.6302345e+01   1.770477e+11   0.000000e+00   3191s
  282962    5.6529846e+01   1.556554e+12   0.000000e+00   3198s
  283142    5.6626091e+01   1.817378e+12   0.000000e+00   3202s
  283322    5.6696648e+01   1.821322e+12   0.000000e+00   3206s
  283692    5.6870452e+01   3.836157e+12   0.000000e+00   3213s
  283872    5.6962339e+01   2.112826e+12   0.000000e+00   3217s
  284042    5.7001884e+01   1.176484e+12   0.000000e+00   3220s
  284402    5.7135320e+01   7.028008e+11   0.000000e+00   3228s
  284582    5.7185837e+01   5.228727e+11   0.000000e+00   3232s
  284782    5.7298387e+01   5.232669e+11   0.000000e+00   3236s
  285162    5.7612945e+01   2.079542e+12   0.000000e+00   3243s
  285342    5.7887223e+01   2.064892e+12   0.000000e+00   3247s
  285522    5.8029722e+01   2.109301e+12   0.000000e+00   3251s
  285882    5.8258052e+01   1.689687e+12   0.000000e+00   3258s
  286072    5.8350793e+01   1.700457e+12   0.000000e+00   3262s
  286272    5.8351331e+01   4.171572e+11   0.000000e+00   3265s
  286652    5.8534681e+01   1.202829e+12   0.000000e+00   3272s
  286842    5.8582006e+01   1.191172e+12   0.000000e+00   3276s
  287212    5.8694706e+01   1.169967e+12   0.000000e+00   3283s
  287392    5.8732472e+01   1.166168e+12   0.000000e+00   3286s
  287512    5.8789914e+01   5.808628e+12   0.000000e+00   3290s
  287752    5.8815769e+01   2.207930e+13   0.000000e+00   3297s
  287892    5.8822426e+01   2.430995e+13   0.000000e+00   3301s
  288012    5.8882534e+01   2.585952e+13   0.000000e+00   3305s
  288262    5.8904932e+01   7.112147e+11   0.000000e+00   3310s
  288512    5.8969491e+01   3.636118e+11   0.000000e+00   3315s
  288802    5.8974750e+01   1.707131e+11   0.000000e+00   3323s
  288962    5.9032713e+01   1.684265e+12   0.000000e+00   3327s
  289112    5.9037266e+01   3.336360e+12   0.000000e+00   3330s
  289372    5.9041092e+01   2.928125e+12   0.000000e+00   3338s
  289502    5.9076394e+01   1.552210e+12   0.000000e+00   3342s
  289622    5.9081692e+01   9.425526e+10   0.000000e+00   3345s
  289882    5.9090186e+01   2.305308e+12   0.000000e+00   3353s
  290012    5.9093356e+01   5.775602e+12   0.000000e+00   3357s
  290142    5.9102892e+01   8.141391e+12   0.000000e+00   3360s
  290442    5.9161259e+01   3.924386e+11   0.000000e+00   3368s
  290622    5.9235986e+01   5.773760e+11   0.000000e+00   3371s
  290992    5.9302316e+01   1.270919e+11   0.000000e+00   3378s
  291182    5.9382372e+01   1.198069e+11   0.000000e+00   3381s
  291542    5.9424373e+01   2.889198e+11   0.000000e+00   3388s
  291752    5.9478142e+01   2.275335e+11   0.000000e+00   3391s
  292092    5.9549818e+01   4.527231e+11   0.000000e+00   3397s
  292212    5.9556759e+01   1.748647e+12   0.000000e+00   3401s
  292452    5.9563514e+01   2.540771e+10   0.000000e+00   3408s
  292592    5.9571847e+01   3.368568e+10   0.000000e+00   3411s
  292742    5.9601513e+01   3.365102e+10   0.000000e+00   3415s
  293032    5.9679708e+01   3.343039e+10   0.000000e+00   3422s
  293172    5.9696118e+01   3.331893e+10   0.000000e+00   3425s
  293452    5.9722550e+01   2.217983e+11   0.000000e+00   3433s
  293612    5.9752440e+01   5.219334e+10   0.000000e+00   3437s
  293752    5.9752537e+01   2.847447e+12   0.000000e+00   3441s
  294122    6.0386391e+01   4.140853e+11   0.000000e+00   3448s
  294312    6.0440743e+01   3.797005e+11   0.000000e+00   3452s
  294452    6.0445474e+01   1.450777e+11   0.000000e+00   3456s
  294812    6.0566631e+01   9.020054e+10   0.000000e+00   3464s
  295012    6.0603737e+01   1.231930e+11   0.000000e+00   3467s
  295212    6.0650707e+01   1.233857e+11   0.000000e+00   3471s
  295422    6.0678866e+01   1.216338e+11   0.000000e+00   3475s
  295812    6.0830608e+01   4.907068e+10   0.000000e+00   3483s
  295952    6.0835167e+01   5.247934e+11   0.000000e+00   3487s
  296102    6.0857742e+01   2.226066e+11   0.000000e+00   3492s
  296242    6.0861560e+01   3.572194e+11   0.000000e+00   3496s
  296422    6.1051220e+01   9.607097e+10   0.000000e+00   3500s
  296772    6.1088102e+01   2.788181e+10   0.000000e+00   3508s
  296952    6.1162835e+01   2.860655e+10   0.000000e+00   3513s
  297122    6.1240073e+01   2.570890e+10   0.000000e+00   3517s
  297312    6.1361814e+01   2.862736e+11   0.000000e+00   3521s
  297472    6.1437801e+01   4.209457e+11   0.000000e+00   3526s
  297602    6.1439858e+01   3.757072e+11   0.000000e+00   3531s
  297972    6.1792763e+01   2.093103e+11   0.000000e+00   3539s
  298162    6.1926925e+01   2.058437e+11   0.000000e+00   3543s
  298362    6.2009786e+01   2.103949e+11   0.000000e+00   3547s
  298552    6.2029071e+01   2.183669e+11   0.000000e+00   3551s
  298762    6.2153517e+01   2.594440e+11   0.000000e+00   3555s
  299112    6.2157345e+01   7.763762e+10   0.000000e+00   3564s
  299272    6.2162292e+01   3.660573e+12   0.000000e+00   3568s
  299452    6.2168604e+01   3.013969e+10   0.000000e+00   3573s
  299632    6.2170097e+01   2.906785e+11   0.000000e+00   3577s
  299762    6.2174897e+01   3.406409e+11   0.000000e+00   3581s
  299892    6.2181163e+01   1.667360e+12   0.000000e+00   3586s
  300142    6.2184748e+01   3.600110e+12   0.000000e+00   3594s
  300272    6.2190364e+01   7.675328e+12   0.000000e+00   3599s
  300402    6.2196176e+01   1.026284e+13   0.000000e+00   3603s
  300582    6.2199660e+01   3.260397e+12   0.000000e+00   3607s
  300772    6.2201906e+01   2.430357e+11   0.000000e+00   3611s
  301092    6.2208905e+01   2.181854e+11   0.000000e+00   3619s
  301302    6.2246491e+01   1.977866e+11   0.000000e+00   3622s
  301512    6.2250744e+01   1.963104e+11   0.000000e+00   3626s
  301922    6.2463825e+01   8.890743e+10   0.000000e+00   3633s
  302122    6.2466781e+01   2.646250e+11   0.000000e+00   3636s
  302502    6.2508523e+01   2.784983e+11   0.000000e+00   3643s
  302692    6.2544631e+01   2.241989e+11   0.000000e+00   3646s
  303092    6.2621142e+01   3.193542e+11   0.000000e+00   3653s
  303292    6.3164667e+01   4.015078e+11   0.000000e+00   3657s
  303602    6.3292611e+01   2.569395e+11   0.000000e+00   3663s
  303822    6.3365003e+01   2.574554e+11   0.000000e+00   3667s
  304222    6.3385895e+01   1.285475e+11   0.000000e+00   3673s
  304382    6.3386907e+01   1.136610e+11   0.000000e+00   3677s
  304702    6.3388811e+01   1.926143e+11   0.000000e+00   3683s
  304842    6.3401802e+01   1.905793e+11   0.000000e+00   3686s
  305162    6.3423874e+01   3.211437e+10   0.000000e+00   3693s
  305322    6.3463069e+01   6.823733e+11   0.000000e+00   3697s
  305462    6.3464101e+01   4.215139e+12   0.000000e+00   3700s
  305722    6.3465920e+01   9.623673e+11   0.000000e+00   3707s
  305862    6.3468718e+01   4.825224e+10   0.000000e+00   3711s
  306212    6.3722261e+01   3.845172e+11   0.000000e+00   3717s
  306392    6.3732367e+01   1.468190e+11   0.000000e+00   3721s
  306772    6.3782857e+01   1.287382e+12   0.000000e+00   3727s
  306912    6.3805112e+01   2.483697e+12   0.000000e+00   3731s
  307172    6.3849004e+01   3.679006e+11   0.000000e+00   3738s
  307322    6.3853509e+01   7.347771e+10   0.000000e+00   3742s
  307462    6.3855601e+01   5.654113e+11   0.000000e+00   3746s
  307772    6.3924503e+01   7.476065e+10   0.000000e+00   3753s
  307902    6.3924873e+01   6.675194e+10   0.000000e+00   3757s
  308062    6.3926093e+01   2.687911e+11   0.000000e+00   3760s
  308432    6.4005047e+01   6.295241e+10   0.000000e+00   3767s
  308622    6.4007645e+01   6.362988e+10   0.000000e+00   3771s
  308922    6.4011633e+01   5.981510e+11   0.000000e+00   3778s
  309052    6.4012279e+01   1.613657e+11   0.000000e+00   3782s
  309172    6.4012750e+01   1.234924e+11   0.000000e+00   3785s
  309412    6.4013789e+01   1.783680e+11   0.000000e+00   3792s
  309542    6.4014363e+01   8.177112e+10   0.000000e+00   3796s
  309842    6.4106261e+01   1.196815e+11   0.000000e+00   3803s
  310042    6.4232551e+01   1.104496e+11   0.000000e+00   3807s
  310242    6.4305350e+01   1.099671e+11   0.000000e+00   3810s
  310532    6.4389996e+01   1.146134e+11   0.000000e+00   3818s
  310712    6.4537171e+01   2.796795e+10   0.000000e+00   3821s
  310842    6.4538051e+01   3.054916e+10   0.000000e+00   3825s
  311092    6.4538419e+01   9.508324e+10   0.000000e+00   3833s
  311212    6.4538523e+01   6.237217e+10   0.000000e+00   3837s
  311402    6.4650750e+01   9.060862e+10   0.000000e+00   3840s
  311682    6.4654291e+01   1.696929e+12   0.000000e+00   3847s
  311902    6.4655671e+01   1.680443e+12   0.000000e+00   3851s
  312282    6.4678664e+01   1.326865e+12   0.000000e+00   3858s
  312442    6.4690740e+01   1.446876e+11   0.000000e+00   3862s
  312592    6.4691389e+01   3.591982e+11   0.000000e+00   3866s
  312932    6.4700368e+01   1.754972e+13   0.000000e+00   3873s
  313082    6.4712728e+01   3.539658e+12   0.000000e+00   3877s
  313272    6.4725419e+01   5.364834e+12   0.000000e+00   3880s
  313632    6.4768886e+01   1.344312e+13   0.000000e+00   3888s
  313812    6.4772746e+01   3.399746e+12   0.000000e+00   3892s
  314022    6.4787604e+01   3.393262e+12   0.000000e+00   3895s
  314332    6.4823270e+01   4.892250e+10   0.000000e+00   3903s
  314512    6.4824705e+01   2.426011e+11   0.000000e+00   3907s
  314662    6.4825394e+01   3.137021e+11   0.000000e+00   3911s
  314802    6.4875218e+01   2.289805e+11   0.000000e+00   3915s
  315152    6.4924414e+01   1.788484e+12   0.000000e+00   3922s
  315362    6.4961174e+01   1.700970e+12   0.000000e+00   3926s
  315742    6.4969738e+01   1.159395e+11   0.000000e+00   3934s
  315922    6.4971925e+01   3.265231e+10   0.000000e+00   3937s
  316052    6.4972552e+01   1.885812e+10   0.000000e+00   3941s
  316392    6.5173230e+01   8.225271e+10   0.000000e+00   3948s
  316602    6.5457212e+01   4.378048e+11   0.000000e+00   3952s
  316802    6.5776128e+01   4.264104e+11   0.000000e+00   3956s
  317242    6.5988868e+01   2.037649e+11   0.000000e+00   3963s
  317472    6.6019155e+01   6.245043e+10   0.000000e+00   3967s
  317652    6.6027273e+01   6.721576e+10   0.000000e+00   3970s
  318032    6.6065807e+01   3.521951e+10   0.000000e+00   3978s
  318252    6.6126306e+01   9.424864e+10   0.000000e+00   3982s
  318422    6.6569777e+01   2.294841e+10   0.000000e+00   3985s
  318782    6.6666916e+01   4.442102e+11   0.000000e+00   3993s
  318912    6.6669976e+01   4.320415e+10   0.000000e+00   3996s
  319062    6.6680264e+01   8.209376e+10   0.000000e+00   4000s
  319522    6.6695012e+01   1.028680e+11   0.000000e+00   4007s
  319722    6.6737961e+01   1.186431e+10   0.000000e+00   4011s
  320042    6.6910942e+01   3.256580e+12   0.000000e+00   4017s
  320212    6.7009916e+01   3.268663e+12   0.000000e+00   4021s
  320692    6.7053304e+01   3.135343e+12   0.000000e+00   4028s
  320942    6.7162515e+01   3.292847e+12   0.000000e+00   4032s
  321202    6.7172562e+01   3.283432e+12   0.000000e+00   4035s
  321712    6.7206027e+01   1.599750e+11   0.000000e+00   4043s
  321992    6.7233927e+01   7.959509e+10   0.000000e+00   4046s
  322262    6.7259085e+01   8.976015e+10   0.000000e+00   4050s
  322742    6.7723537e+01   2.251383e+11   0.000000e+00   4057s
  322992    6.7773450e+01   8.060654e+10   0.000000e+00   4061s
  323512    6.8080987e+01   3.522928e+11   0.000000e+00   4068s
  323772    6.8135169e+01   1.656416e+12   0.000000e+00   4072s
  324042    6.8392820e+01   1.076620e+11   0.000000e+00   4076s
  324532    6.8878499e+01   2.831939e+11   0.000000e+00   4083s
  324782    6.8907397e+01   2.276616e+11   0.000000e+00   4087s
  325052    6.8973668e+01   2.229737e+11   0.000000e+00   4090s
  325562    6.9082764e+01   1.790712e+10   0.000000e+00   4098s
  325712    6.9083935e+01   7.676333e+09   0.000000e+00   4101s
  325932    6.9093571e+01   6.369209e+09   0.000000e+00   4105s
  326382    6.9123906e+01   1.359984e+11   0.000000e+00   4112s
  326632    6.9141342e+01   1.241958e+10   0.000000e+00   4116s
  327012    6.9146089e+01   1.313101e+10   0.000000e+00   4123s
  327282    6.9180939e+01   2.019652e+10   0.000000e+00   4127s
  327512    6.9324345e+01   2.780441e+10   0.000000e+00   4131s
  327892    6.9527388e+01   5.725306e+10   0.000000e+00   4138s
  328152    6.9591020e+01   4.252841e+10   0.000000e+00   4142s
  328372    6.9679957e+01   4.736563e+10   0.000000e+00   4145s
  328872    6.9791024e+01   5.306174e+10   0.000000e+00   4153s
  329052    6.9796191e+01   3.750712e+10   0.000000e+00   4157s
  329232    6.9812245e+01   3.620478e+10   0.000000e+00   4160s
  329612    6.9919599e+01   1.064674e+10   0.000000e+00   4168s
  329822    6.9921381e+01   1.457129e+10   0.000000e+00   4171s
  329982    6.9921926e+01   1.487811e+10   0.000000e+00   4175s
  330302    6.9922685e+01   6.062954e+10   0.000000e+00   4183s
  330472    6.9923457e+01   6.298816e+10   0.000000e+00   4187s
  330652    6.9953969e+01   1.804736e+10   0.000000e+00   4191s
  331032    7.0113243e+01   2.245320e+10   0.000000e+00   4198s
  331282    7.0169968e+01   3.671825e+10   0.000000e+00   4202s
  331432    7.0173889e+01   7.347438e+10   0.000000e+00   4206s
  331752    7.0174481e+01   1.512572e+10   0.000000e+00   4213s
  331902    7.0174849e+01   1.190167e+10   0.000000e+00   4217s
  332052    7.0175081e+01   1.010120e+10   0.000000e+00   4221s
  332382    7.0176711e+01   5.925606e+09   0.000000e+00   4228s
  332522    7.0176971e+01   1.070303e+10   0.000000e+00   4232s
  332662    7.0179146e+01   1.250782e+10   0.000000e+00   4236s
  332972    7.0179529e+01   3.369158e+09   0.000000e+00   4243s
  333182    7.0194069e+01   3.446908e+09   0.000000e+00   4246s
  333562    7.0196815e+01   5.984060e+09   0.000000e+00   4253s
  333702    7.0196915e+01   2.927215e+10   0.000000e+00   4257s
  333832    7.0197004e+01   2.501715e+10   0.000000e+00   4260s
  334092    7.0197189e+01   7.021108e+09   0.000000e+00   4267s
  334232    7.0197273e+01   5.338627e+09   0.000000e+00   4271s
  334532    7.0256885e+01   1.210535e+11   0.000000e+00   4278s
  334792    7.0350915e+01   1.265525e+11   0.000000e+00   4281s
  335142    7.0390196e+01   4.820146e+10   0.000000e+00   4288s
  335382    7.0392605e+01   2.360858e+10   0.000000e+00   4291s
  335972    7.0887037e+01   1.242345e+12   0.000000e+00   4298s
  336292    7.1064476e+01   1.232288e+12   0.000000e+00   4302s
  336582    7.1167803e+01   9.814901e+10   0.000000e+00   4305s
  337172    7.1323124e+01   9.187946e+10   0.000000e+00   4312s
  337472    7.1434766e+01   9.717990e+10   0.000000e+00   4315s
  338052    7.1495188e+01   1.649864e+11   0.000000e+00   4322s
  338387    7.1545899e+01   7.072081e+11   0.000000e+00   4326s
  338697    7.1546266e+01   7.143853e+11   0.000000e+00   4330s
  339277    7.1640636e+01   1.705511e+11   0.000000e+00   4338s
  339547    7.1678647e+01   1.704286e+11   0.000000e+00   4342s
  339827    7.1692699e+01   1.720104e+11   0.000000e+00   4346s
  340407    7.1731950e+01   1.764751e+11   0.000000e+00   4354s
  340627    7.1734376e+01   2.262524e+10   0.000000e+00   4358s
  340887    7.1736410e+01   2.395118e+10   0.000000e+00   4361s
  341117    7.1751071e+01   6.179734e+10   0.000000e+00   4365s
  341567    7.1774342e+01   1.355170e+11   0.000000e+00   4374s
  341837    7.1876630e+01   3.204456e+10   0.000000e+00   4377s
  342117    7.1940732e+01   3.408967e+10   0.000000e+00   4381s
  342397    7.1943208e+01   1.032049e+11   0.000000e+00   4385s
  342987    7.2067954e+01   1.170102e+11   0.000000e+00   4393s
  343237    7.2073976e+01   2.405791e+10   0.000000e+00   4398s
  343527    7.2084055e+01   8.971207e+09   0.000000e+00   4402s
  343817    7.2138083e+01   8.202064e+10   0.000000e+00   4406s
  344377    7.2156395e+01   1.333470e+11   0.000000e+00   4414s
  344697    7.2177545e+01   5.461990e+10   0.000000e+00   4418s
  344987    7.2227407e+01   1.212123e+11   0.000000e+00   4423s
  345267    7.2277996e+01   5.277608e+10   0.000000e+00   4427s
  345577    7.2291930e+01   4.885362e+10   0.000000e+00   4431s
  346107    7.2346664e+01   4.199791e+10   0.000000e+00   4439s
  346407    7.2349853e+01   2.545119e+10   0.000000e+00   4442s
  346657    7.2350506e+01   6.136927e+11   0.000000e+00   4446s
  346787    7.2351048e+01   3.785216e+11   0.000000e+00   4450s
  347247    7.2420250e+01   7.528798e+10   0.000000e+00   4458s
  347547    7.2448638e+01   7.795633e+10   0.000000e+00   4462s
  347857    7.2523799e+01   7.223767e+10   0.000000e+00   4466s
  348397    7.2617882e+01   4.872414e+10   0.000000e+00   4473s
  348617    7.2623790e+01   4.409960e+10   0.000000e+00   4477s
  348877    7.2626145e+01   1.760528e+11   0.000000e+00   4481s
  349447    7.2689371e+01   4.345477e+10   0.000000e+00   4488s
  349757    7.2710213e+01   4.259073e+10   0.000000e+00   4492s
  350017    7.2715418e+01   1.828544e+10   0.000000e+00   4496s
  350567    7.2718937e+01   2.861181e+10   0.000000e+00   4503s
  350747    7.2721183e+01   3.647204e+11   0.000000e+00   4507s
  350967    7.2722434e+01   2.308297e+10   0.000000e+00   4511s
  351592    7.2747538e+01   2.882881e+10   0.000000e+00   4518s
  351927    7.2759390e+01   2.762088e+10   0.000000e+00   4522s
  352247    7.2771832e+01   2.728240e+10   0.000000e+00   4525s
  352877    7.2789174e+01   2.186930e+10   0.000000e+00   4533s
  353137    7.2794352e+01   5.073757e+10   0.000000e+00   4536s
  353617    7.2799608e+01   1.848754e+10   0.000000e+00   4544s
  353847    7.2805318e+01   1.921805e+12   0.000000e+00   4547s
  354147    7.2806512e+01   4.571057e+11   0.000000e+00   4551s
  354717    7.2816625e+01   6.975520e+09   0.000000e+00   4558s
  354897    7.2817838e+01   1.015516e+10   0.000000e+00   4562s
  355207    7.2818601e+01   1.902115e+10   0.000000e+00   4565s
  355847    7.2824000e+01   2.199114e+10   0.000000e+00   4573s
  356177    7.2826648e+01   2.838865e+10   0.000000e+00   4576s
  356617    7.2829139e+01   1.422585e+12   0.000000e+00   4583s
  356952    7.2841034e+01   9.396332e+12   0.000000e+00   4586s
  357597    7.2848617e+01   5.818474e+11   0.000000e+00   4593s
  357927    7.2852280e+01   1.394569e+11   0.000000e+00   4597s
  358177    7.2855421e+01   3.400969e+09   0.000000e+00   4600s
  358577    7.2859637e+01   2.257657e+09   0.000000e+00   4607s
  358912    7.2860799e+01   3.497984e+09   0.000000e+00   4610s
  359537    7.2863887e+01   3.797288e+09   0.000000e+00   4617s
  360207    7.2888080e+01   5.984053e+09   0.000000e+00   4623s
  360542    7.2903489e+01   6.307382e+09   0.000000e+00   4626s
  361212    7.2917920e+01   3.379363e+09   0.000000e+00   4632s
  361882    7.2941591e+01   2.169269e+09   0.000000e+00   4638s
  362217    7.2943888e+01   2.400975e+09   0.000000e+00   4641s
  362822    7.2952587e+01   1.125065e+10   0.000000e+00   4648s
  363157    7.2958550e+01   4.258035e+09   0.000000e+00   4651s
  363827    7.2981574e+01   5.734213e+09   0.000000e+00   4658s
  364162    7.2984242e+01   2.451017e+09   0.000000e+00   4661s
  364807    7.3032261e+01   2.731398e+09   0.000000e+00   4667s
  365142    7.3068538e+01   2.256992e+09   0.000000e+00   4670s
  365812    7.3076335e+01   8.991614e+09   0.000000e+00   4677s
  366147    7.3087467e+01   3.306831e+09   0.000000e+00   4680s
  366817    7.3105290e+01   2.425483e+09   0.000000e+00   4686s
  367362    7.3114111e+01   3.381226e+09   0.000000e+00   4693s
  367697    7.3136362e+01   3.872268e+09   0.000000e+00   4697s
  368032    7.3146385e+01   2.226597e+09   0.000000e+00   4700s
  368702    7.3162300e+01   1.928252e+09   0.000000e+00   4707s
  369037    7.3165836e+01   1.984281e+09   0.000000e+00   4710s
  369702    7.3194615e+01   2.783259e+09   0.000000e+00   4718s
  369982    7.3195464e+01   1.433391e+09   0.000000e+00   4722s
  370212    7.3197732e+01   1.406139e+10   0.000000e+00   4725s
  370882    7.3200509e+01   1.027834e+10   0.000000e+00   4733s
  371182    7.3202156e+01   3.057646e+10   0.000000e+00   4736s
  371422    7.3207566e+01   4.012062e+09   0.000000e+00   4741s
  371962    7.3213985e+01   3.560791e+09   0.000000e+00   4748s
  372297    7.3216075e+01   1.009427e+10   0.000000e+00   4752s
  372632    7.3217070e+01   6.698509e+09   0.000000e+00   4755s
  373132    7.3249290e+01   6.694096e+09   0.000000e+00   4764s
  373467    7.3250801e+01   5.877660e+09   0.000000e+00   4767s
  373802    7.3274198e+01   9.281257e+09   0.000000e+00   4771s
  374467    7.3291299e+01   9.785084e+09   0.000000e+00   4779s
  374802    7.3326113e+01   8.984381e+09   0.000000e+00   4782s
  375072    7.3341863e+01   8.442872e+09   0.000000e+00   4786s
  375742    7.3483987e+01   4.116843e+09   0.000000e+00   4792s
  375982    7.3498606e+01   9.491964e+09   0.000000e+00   4796s
  376562    7.3592137e+01   1.638747e+10   0.000000e+00   4803s
  376862    7.3596099e+01   9.037542e+10   0.000000e+00   4807s
  377197    7.3599760e+01   1.222158e+10   0.000000e+00   4810s
  377752    7.3622856e+01   3.681882e+09   0.000000e+00   4817s
  378012    7.3624406e+01   5.061555e+09   0.000000e+00   4820s
  378682    7.3629122e+01   6.807587e+09   0.000000e+00   4827s
  379352    7.3812048e+01   8.391592e+09   0.000000e+00   4833s
  379687    7.3840073e+01   8.444461e+09   0.000000e+00   4835s
  380357    7.3947352e+01   9.536519e+09   0.000000e+00   4841s
  381027    7.4031730e+01   8.306688e+09   0.000000e+00   4846s
  381697    7.4067439e+01   4.974352e+10   0.000000e+00   4851s
  382332    7.4173497e+01   1.051542e+10   0.000000e+00   4857s
  382667    7.4186786e+01   1.047564e+10   0.000000e+00   4861s
  383337    7.4276902e+01   9.782619e+09   0.000000e+00   4866s
  384007    7.4421708e+01   9.634564e+09   0.000000e+00   4872s
  384677    7.4477880e+01   9.816653e+09   0.000000e+00   4877s
  385347    7.4581241e+01   9.902453e+09   0.000000e+00   4883s
  385682    7.4601534e+01   8.736290e+09   0.000000e+00   4885s
  386317    7.4693102e+01   9.575993e+09   0.000000e+00   4891s
  386987    7.4760664e+01   1.084841e+10   0.000000e+00   4896s
  387657    7.4839764e+01   1.000119e+10   0.000000e+00   4901s
  388327    7.4866993e+01   1.001910e+10   0.000000e+00   4907s
  388997    7.4871546e+01   9.860488e+09   0.000000e+00   4912s
  389332    7.4921915e+01   9.885380e+09   0.000000e+00   4915s
  390002    7.5020366e+01   9.906281e+09   0.000000e+00   4921s
  390672    7.5124616e+01   9.984294e+09   0.000000e+00   4926s
  391342    7.5207601e+01   1.031332e+10   0.000000e+00   4932s
  392012    7.5419570e+01   1.027235e+10   0.000000e+00   4937s
  392682    7.5459812e+01   1.010496e+10   0.000000e+00   4942s
  393352    7.5528374e+01   9.730533e+09   0.000000e+00   4948s
  393687    7.5563433e+01   1.048015e+10   0.000000e+00   4950s
  394357    7.5638993e+01   1.016238e+10   0.000000e+00   4955s
  395027    7.5788754e+01   1.040625e+10   0.000000e+00   4961s
  395697    7.5959976e+01   9.164719e+09   0.000000e+00   4966s
  396367    7.6002282e+01   1.046845e+10   0.000000e+00   4971s
  397037    7.6085360e+01   1.040732e+10   0.000000e+00   4976s
  397707    7.6400819e+01   9.576557e+09   0.000000e+00   4981s
  398377    7.6518484e+01   7.788862e+09   0.000000e+00   4987s
  398707    7.6610524e+01   3.756265e+10   0.000000e+00   4990s
  399377    7.6701003e+01   5.455749e+09   0.000000e+00   4996s
  400022    7.6712392e+01   4.450320e+09   0.000000e+00   5002s
  400212    7.6712647e+01   2.705169e+09   0.000000e+00   5005s
  400882    7.6880199e+01   3.747972e+09   0.000000e+00   5011s
  401552    7.6954526e+01   3.817517e+09   0.000000e+00   5016s
  402222    7.7003532e+01   4.090742e+09   0.000000e+00   5022s
  402892    7.7110952e+01   3.536727e+09   0.000000e+00   5027s
  403172    7.7117679e+01   1.081858e+10   0.000000e+00   5031s
  403842    7.7121235e+01   1.128789e+10   0.000000e+00   5037s
  404512    7.7124133e+01   1.114867e+10   0.000000e+00   5042s
  405182    7.7132060e+01   6.770682e+08   0.000000e+00   5048s
  405517    7.7208257e+01   1.360392e+09   0.000000e+00   5050s
  406097    7.7211407e+01   3.052926e+08   0.000000e+00   5057s
  406767    7.7219859e+01   1.627708e+09   0.000000e+00   5062s
  407102    7.7241192e+01   2.063663e+09   0.000000e+00   5065s
  407772    7.7298773e+01   2.283541e+09   0.000000e+00   5070s
  408442    7.7309408e+01   1.299377e+09   0.000000e+00   5076s
  409112    7.7345060e+01   5.437651e+09   0.000000e+00   5081s
  409782    7.7371193e+01   4.551398e+09   0.000000e+00   5087s
  410452    7.7404592e+01   4.222600e+09   0.000000e+00   5092s
  410787    7.7434844e+01   1.388574e+09   0.000000e+00   5095s
  411457    7.7437695e+01   1.409933e+09   0.000000e+00   5102s
  412127    7.7441725e+01   1.908437e+09   0.000000e+00   5108s
  412462    7.7446794e+01   7.911029e+08   0.000000e+00   5110s
  413132    7.7470817e+01   4.139093e+08   0.000000e+00   5116s
  413802    7.7503813e+01   1.512765e+09   0.000000e+00   5121s
  414472    7.7539106e+01   1.361245e+09   0.000000e+00   5127s
  415142    7.7576357e+01   1.412080e+09   0.000000e+00   5132s
  415812    7.7605214e+01   2.276752e+09   0.000000e+00   5137s
  416490    7.7669942e+01   2.254309e+09   0.000000e+00   5143s
  416828    7.7670691e+01   2.245790e+09   0.000000e+00   5145s
  417368    7.7670822e+01   2.252759e+09   0.000000e+00   5152s
  417658    7.7670958e+01   2.242957e+09   0.000000e+00   5156s
  418098    7.7671008e+01   2.240846e+09   0.000000e+00   5163s
  418268    7.7671024e+01   2.239922e+09   0.000000e+00   5167s
  418938    7.7813042e+01   2.325915e+09   0.000000e+00   5172s
  419547    7.7955320e+01   2.240406e+09   0.000000e+00   5179s
  419757    7.7977996e+01   2.251481e+09   0.000000e+00   5182s
  420097    7.8012155e+01   2.260578e+09   0.000000e+00   5186s
  420647    7.8059423e+01   2.237933e+09   0.000000e+00   5194s
  420988    7.8077871e+01   2.235559e+09   0.000000e+00   5197s
  421662    7.8115365e+01   2.240034e+09   0.000000e+00   5202s
  421972    7.8118938e+01   2.222194e+09   0.000000e+00   5206s
  422559    7.8124646e+01   2.228982e+09   0.000000e+00   5213s
  422894    7.8125421e+01   2.230400e+09   0.000000e+00   5217s
  423124    7.8132665e+01   2.233482e+09   0.000000e+00   5220s
  423709    7.8151337e+01   2.263081e+09   0.000000e+00   5227s
  423879    7.8151375e+01   2.241414e+09   0.000000e+00   5231s
  424089    7.8151384e+01   2.253494e+09   0.000000e+00   5235s
  424759    7.8267090e+01   2.237400e+09   0.000000e+00   5242s
  425049    7.8271649e+01   2.265967e+09   0.000000e+00   5246s
  425309    7.8279700e+01   3.824434e+09   0.000000e+00   5250s
  425979    7.8303592e+01   1.774894e+09   0.000000e+00   5258s
  426323    7.8326177e+01   1.305343e+09   0.000000e+00   5262s
  426671    7.8340871e+01   1.299308e+09   0.000000e+00   5265s
  427349    7.8345190e+01   1.264985e+09   0.000000e+00   5271s
  427989    7.8348143e+01   2.146824e+09   0.000000e+00   5279s
  428324    7.8426912e+01   2.198251e+09   0.000000e+00   5283s
  428659    7.8453847e+01   2.530648e+09   0.000000e+00   5286s
  429336    7.8543922e+01   2.558380e+09   0.000000e+00   5292s
  429672    7.8592085e+01   2.541229e+09   0.000000e+00   5295s
  430345    7.8649446e+01   2.547379e+09   0.000000e+00   5301s
  431017    7.8657712e+01   2.555665e+09   0.000000e+00   5306s
  431592    7.8669215e+01   2.493070e+09   0.000000e+00   5313s
  431802    7.8669287e+01   2.509739e+09   0.000000e+00   5317s
  431972    7.8669320e+01   2.497087e+09   0.000000e+00   5321s
  432182    7.8669397e+01   2.519707e+09   0.000000e+00   5325s
  432742    7.8685303e+01   2.503182e+09   0.000000e+00   5333s
  433002    7.8685451e+01   2.527696e+09   0.000000e+00   5337s
  433337    7.8687459e+01   2.526069e+09   0.000000e+00   5341s
  433767    7.8687995e+01   2.539880e+09   0.000000e+00   5349s
  434047    7.8688424e+01   2.499504e+09   0.000000e+00   5353s
  434382    7.8707337e+01   3.147367e+09   0.000000e+00   5356s
  434592    7.8710272e+01   2.605099e+09   0.000000e+00   5360s
  435217    7.8758194e+01   2.572627e+09   0.000000e+00   5367s
  435497    7.8761420e+01   1.806104e+09   0.000000e+00   5371s
  435857    7.8770188e+01   1.709468e+09   0.000000e+00   5377s
  435997    7.8770234e+01   1.731892e+09   0.000000e+00   5381s
  436287    7.8770273e+01   5.513683e+09   0.000000e+00   5387s
  436417    7.8770332e+01   2.767141e+09   0.000000e+00   5391s
  436667    7.8770370e+01   2.317925e+09   0.000000e+00   5397s
  436807    7.8770383e+01   1.669481e+09   0.000000e+00   5401s
  437077    7.8770435e+01   2.513041e+09   0.000000e+00   5408s
  437197    7.8770470e+01   2.255256e+09   0.000000e+00   5411s
  437437    7.8770492e+01   3.538787e+09   0.000000e+00   5417s
  437567    7.8770527e+01   5.726239e+09   0.000000e+00   5421s
  437857    7.8770704e+01   1.671456e+09   0.000000e+00   5427s
  437997    7.8770726e+01   8.333693e+09   0.000000e+00   5431s
  438257    7.8771100e+01   2.285243e+10   0.000000e+00   5438s
  438397    7.8772056e+01   7.268305e+09   0.000000e+00   5441s
  438747    7.8773769e+01   5.657463e+09   0.000000e+00   5447s
  438907    7.8785299e+01   4.893917e+09   0.000000e+00   5450s
  439267    7.9207745e+01   6.286749e+09   0.000000e+00   5457s
  439447    7.9342106e+01   6.420418e+09   0.000000e+00   5460s
  439807    7.9462331e+01   4.330146e+09   0.000000e+00   5466s
  440197    7.9619206e+01   8.218807e+09   0.000000e+00   5473s
  440377    7.9679067e+01   6.971260e+09   0.000000e+00   5476s
  440767    7.9741126e+01   6.533273e+09   0.000000e+00   5482s
  440957    7.9764299e+01   7.217515e+09   0.000000e+00   5485s
  441287    7.9777225e+01   7.730793e+09   0.000000e+00   5492s
  441637    7.9892704e+01   3.526233e+10   0.000000e+00   5498s
  441777    7.9894881e+01   2.162939e+12   0.000000e+00   5501s
  442147    8.0174853e+01   2.067028e+11   0.000000e+00   5507s
  442337    8.0221016e+01   2.144588e+11   0.000000e+00   5511s
  442757    8.0277773e+01   4.474467e+10   0.000000e+00   5517s
  443092    8.0286410e+01   2.847210e+09   0.000000e+00   5520s
  443762    8.0353301e+01   2.603060e+09   0.000000e+00   5526s
  443982    8.0372136e+01   2.638177e+09   0.000000e+00   5530s
  444607    8.0402238e+01   2.605854e+09   0.000000e+00   5537s
  444837    8.0403975e+01   2.624241e+09   0.000000e+00   5540s
  445507    8.0454565e+01   3.098446e+09   0.000000e+00   5546s
  446177    8.0736436e+01   5.048528e+09   0.000000e+00   5552s
  446417    8.0754338e+01   2.740294e+09   0.000000e+00   5556s
  447087    8.0894193e+01   2.615219e+09   0.000000e+00   5562s
  447757    8.1013854e+01   2.602849e+09   0.000000e+00   5568s
  448092    8.1080233e+01   2.624958e+09   0.000000e+00   5571s
  448762    8.1097364e+01   2.604178e+09   0.000000e+00   5577s
  449098    8.1113784e+01   3.020916e+09   0.000000e+00   5581s
  449768    8.1143392e+01   3.168928e+09   0.000000e+00   5587s
  450438    8.1334829e+01   3.024333e+09   0.000000e+00   5593s
  450773    8.1377799e+01   2.605541e+09   0.000000e+00   5596s
  451368    8.1427535e+01   2.603638e+09   0.000000e+00   5603s
  451703    8.1432564e+01   2.652793e+09   0.000000e+00   5606s
  451973    8.1432632e+01   2.607461e+09   0.000000e+00   5613s
  452113    8.1432644e+01   2.593664e+09   0.000000e+00   5616s
  452393    8.1434465e+01   2.596807e+09   0.000000e+00   5622s
  452563    8.1442753e+01   2.597932e+09   0.000000e+00   5625s
  452863    8.1476180e+01   2.619032e+09   0.000000e+00   5632s
  453113    8.1506131e+01   2.593477e+09   0.000000e+00   5638s
  453233    8.1514840e+01   2.605715e+09   0.000000e+00   5642s
  453493    8.1543685e+01   2.620748e+09   0.000000e+00   5648s
  453633    8.1561092e+01   2.595332e+09   0.000000e+00   5651s
  453893    8.1582004e+01   2.594842e+09   0.000000e+00   5658s
  454073    8.1585139e+01   2.592648e+09   0.000000e+00   5661s
  454413    8.1587992e+01   2.642266e+09   0.000000e+00   5668s
  454583    8.1619686e+01   2.649606e+09   0.000000e+00   5672s
  454753    8.1622705e+01   2.603994e+09   0.000000e+00   5675s
  455133    8.1623263e+01   2.594251e+09   0.000000e+00   5683s
  455413    8.1624347e+01   2.834003e+09   0.000000e+00   5686s
  455743    8.1624506e+01   2.777446e+09   0.000000e+00   5693s
  455873    8.1624535e+01   2.618413e+09   0.000000e+00   5696s
  456133    8.1624584e+01   2.602293e+09   0.000000e+00   5703s
  456273    8.1626733e+01   2.605813e+09   0.000000e+00   5706s
  456623    8.1891769e+01   2.606670e+09   0.000000e+00   5713s
  456813    8.1920506e+01   2.591965e+09   0.000000e+00   5716s
  457163    8.1949097e+01   2.613362e+09   0.000000e+00   5722s
  457393    8.1954845e+01   2.606665e+09   0.000000e+00   5725s
  457753    8.1976071e+01   2.603792e+09   0.000000e+00   5732s
  457883    8.1976100e+01   2.603624e+09   0.000000e+00   5736s
  458143    8.1976181e+01   2.600781e+09   0.000000e+00   5743s
  458303    8.1976951e+01   2.604431e+09   0.000000e+00   5747s
  458433    8.1976971e+01   2.608380e+09   0.000000e+00   5750s
  458713    8.1977071e+01   2.606223e+09   0.000000e+00   5757s
  458853    8.1977106e+01   2.607001e+09   0.000000e+00   5761s
  459153    8.1979868e+01   2.605398e+09   0.000000e+00   5768s
  459323    8.1983100e+01   2.601017e+09   0.000000e+00   5771s
  459733    8.2255203e+01   2.615090e+09   0.000000e+00   5778s
  459933    8.2325996e+01   2.605665e+09   0.000000e+00   5781s
  460383    8.2447331e+01   2.603743e+09   0.000000e+00   5788s
  460593    8.2471038e+01   2.606591e+09   0.000000e+00   5791s
  460813    8.2488987e+01   2.601868e+09   0.000000e+00   5795s
  461253    8.2511682e+01   2.614657e+09   0.000000e+00   5802s
  461383    8.2512218e+01   2.597853e+09   0.000000e+00   5806s
  461723    8.2539681e+01   2.589504e+09   0.000000e+00   5813s
  461923    8.2545210e+01   2.514370e+09   0.000000e+00   5817s
  462223    8.2545395e+01   2.599334e+09   0.000000e+00   5824s
  462383    8.2832977e+01   2.609802e+09   0.000000e+00   5827s
  462583    8.2964114e+01   2.738630e+09   0.000000e+00   5831s
  462943    8.3101202e+01   2.597912e+09   0.000000e+00   5838s
  463143    8.3167066e+01   2.683973e+09   0.000000e+00   5842s
  463343    8.3204243e+01   2.634559e+09   0.000000e+00   5845s
  463793    8.3258075e+01   1.010587e+10   0.000000e+00   5852s
  464063    8.3260639e+01   2.032062e+09   0.000000e+00   5856s
  464398    8.3276944e+01   2.027268e+09   0.000000e+00   5860s
  465008    8.3644730e+01   1.066602e+12   0.000000e+00   5868s
  465298    8.3671086e+01   1.135997e+10   0.000000e+00   5872s
  465633    8.3689280e+01   6.828059e+09   0.000000e+00   5876s
  466298    8.3797703e+01   3.431533e+09   0.000000e+00   5883s
  466568    8.3800639e+01   1.008436e+10   0.000000e+00   5887s
  466878    8.3810023e+01   1.134233e+10   0.000000e+00   5891s
  467418    8.4027573e+01   2.082195e+09   0.000000e+00   5898s
  467678    8.4046256e+01   2.250688e+09   0.000000e+00   5901s
  468128    8.4270682e+01   2.192403e+09   0.000000e+00   5908s
  468358    8.4290861e+01   2.213508e+09   0.000000e+00   5912s
  468508    8.4291089e+01   2.220966e+09   0.000000e+00   5916s
  468848    8.4300410e+01   1.809577e+09   0.000000e+00   5923s
  469048    8.4301470e+01   1.804827e+09   0.000000e+00   5927s
  469278    8.4301904e+01   1.808772e+09   0.000000e+00   5930s
  469598    8.4303389e+01   1.810230e+09   0.000000e+00   5937s
  469788    8.4317748e+01   1.820145e+09   0.000000e+00   5941s
  470118    8.4440120e+01   1.809395e+09   0.000000e+00   5948s
  470453    8.4486482e+01   1.811194e+09   0.000000e+00   5952s
  470788    8.4489587e+01   1.810156e+09   0.000000e+00   5955s
  471418    8.4752129e+01   2.620902e+09   0.000000e+00   5963s
  471608    8.4828811e+01   2.637470e+09   0.000000e+00   5966s
  472038    8.4864746e+01   2.628496e+09   0.000000e+00   5972s
  472248    8.4913697e+01   2.618252e+09   0.000000e+00   5975s
  472648    8.5012693e+01   2.619228e+09   0.000000e+00   5982s
  472818    8.5013620e+01   2.628198e+09   0.000000e+00   5985s
  473208    8.5104494e+01   2.622490e+09   0.000000e+00   5992s
  473578    8.5151551e+01   2.623347e+09   0.000000e+00   5998s
  473718    8.5162323e+01   2.611706e+09   0.000000e+00   6001s
  474088    8.5239161e+01   2.792406e+09   0.000000e+00   6007s
  474228    8.5239889e+01   2.766763e+09   0.000000e+00   6011s
  474508    8.5241498e+01   2.624535e+09   0.000000e+00   6017s
  474678    8.5242262e+01   2.621677e+09   0.000000e+00   6020s
  475008    8.5243379e+01   2.620780e+09   0.000000e+00   6027s
  475148    8.5243415e+01   2.621108e+09   0.000000e+00   6030s
  475428    8.5463136e+01   2.623856e+09   0.000000e+00   6037s
  475578    8.5503438e+01   2.623902e+09   0.000000e+00   6040s
  475868    8.5540010e+01   2.623971e+09   0.000000e+00   6047s
  476188    8.5581460e+01   2.632715e+09   0.000000e+00   6053s
  476308    8.5581698e+01   2.635876e+09   0.000000e+00   6056s
  476528    8.5584456e+01   2.628502e+09   0.000000e+00   6063s
  476638    8.5585608e+01   2.796468e+09   0.000000e+00   6066s
  476858    8.5589267e+01   2.650343e+09   0.000000e+00   6072s
  476968    8.5592077e+01   2.649462e+09   0.000000e+00   6076s
  477198    8.5601144e+01   2.623187e+09   0.000000e+00   6082s
  477338    8.5645206e+01   2.631018e+09   0.000000e+00   6086s
  477658    8.5771400e+01   2.814310e+09   0.000000e+00   6092s
  477828    8.5806177e+01   2.542199e+09   0.000000e+00   6095s
  478128    8.5848255e+01   2.489224e+09   0.000000e+00   6102s
  478248    8.5852999e+01   2.785569e+09   0.000000e+00   6105s
  478488    8.5864836e+01   2.622563e+09   0.000000e+00   6111s
  478838    8.6320284e+01   2.617563e+09   0.000000e+00   6118s
  479028    8.6394436e+01   2.650048e+09   0.000000e+00   6121s
  479368    8.6622758e+01   2.562357e+09   0.000000e+00   6128s
  479548    8.6655135e+01   2.212445e+10   0.000000e+00   6131s
  480048    8.6670757e+01   2.240047e+09   0.000000e+00   6138s
  480178    8.6701623e+01   2.127772e+09   0.000000e+00   6141s
  480598    8.6743936e+01   1.983378e+09   0.000000e+00   6148s
  480758    8.6821116e+01   4.389605e+09   0.000000e+00   6151s
  481068    8.6842804e+01   2.522926e+09   0.000000e+00   6158s
  481208    8.6844407e+01   2.441151e+09   0.000000e+00   6161s
  481478    8.6847424e+01   1.265016e+10   0.000000e+00   6168s
  481608    8.6863595e+01   6.547364e+09   0.000000e+00   6171s
  481878    8.7150834e+01   2.017971e+09   0.000000e+00   6178s
  482018    8.7512700e+01   3.129440e+10   0.000000e+00   6181s
  482328    8.7580847e+01   3.147921e+10   0.000000e+00   6188s
  482528    8.7618646e+01   1.607188e+10   0.000000e+00   6191s
  483058    8.7728126e+01   2.518759e+09   0.000000e+00   6198s
  483368    8.7765514e+01   4.095224e+09   0.000000e+00   6202s
  483658    8.7779511e+01   1.811416e+09   0.000000e+00   6205s
  484008    8.7780572e+01   2.520441e+09   0.000000e+00   6212s
  484168    8.7782749e+01   2.519538e+09   0.000000e+00   6216s
  484813    8.7807539e+01   2.520853e+09   0.000000e+00   6223s
  485148    8.7810593e+01   2.520520e+09   0.000000e+00   6226s
  485783    8.7813277e+01   2.529527e+09   0.000000e+00   6233s
  486093    8.7836487e+01   2.523740e+09   0.000000e+00   6236s
  486738    8.7931865e+01   2.632588e+09   0.000000e+00   6243s
  487028    8.7960162e+01   2.524341e+09   0.000000e+00   6247s
  487363    8.7970723e+01   2.526236e+09   0.000000e+00   6251s
  487978    8.7977093e+01   2.523339e+09   0.000000e+00   6258s
  488278    8.8000633e+01   2.524217e+09   0.000000e+00   6261s
  488678    8.8079142e+01   2.526404e+09   0.000000e+00   6268s
  488998    8.8211627e+01   3.310184e+09   0.000000e+00   6272s
  489278    8.8232970e+01   2.489691e+09   0.000000e+00   6275s
  489708    8.8254180e+01   4.422306e+09   0.000000e+00   6282s
  489918    8.8258213e+01   2.195612e+09   0.000000e+00   6285s
  490478    8.8291129e+01   2.625902e+09   0.000000e+00   6292s
  490758    8.8334356e+01   3.382341e+09   0.000000e+00   6296s
  491403    8.8392739e+01   2.002009e+09   0.000000e+00   6303s
  491703    8.8427840e+01   1.811684e+09   0.000000e+00   6307s
  492003    8.8441792e+01   2.311951e+09   0.000000e+00   6310s
  492383    8.8448393e+01   2.263261e+09   0.000000e+00   6317s
  492533    8.8453040e+01   2.342923e+09   0.000000e+00   6320s
  492903    8.8510434e+01   1.674652e+09   0.000000e+00   6327s
  493103    8.8518846e+01   2.002945e+09   0.000000e+00   6330s
  493513    8.8570523e+01   3.829949e+09   0.000000e+00   6337s
  493693    8.8575467e+01   2.251865e+09   0.000000e+00   6341s
  494023    8.8578815e+01   2.521703e+09   0.000000e+00   6348s
  494293    8.8579962e+01   2.328490e+09   0.000000e+00   6351s
  494823    8.8597329e+01   2.249708e+09   0.000000e+00   6359s
  495158    8.8704073e+01   2.556770e+09   0.000000e+00   6362s
  495388    8.8717460e+01   6.940304e+09   0.000000e+00   6366s
  495928    8.8753127e+01   1.830953e+09   0.000000e+00   6373s
  496188    8.8756543e+01   1.889179e+09   0.000000e+00   6376s
  496638    8.8771208e+01   1.943187e+09   0.000000e+00   6383s
  496928    8.8776426e+01   1.898724e+09   0.000000e+00   6387s
  497263    8.8841502e+01   7.794348e+09   0.000000e+00   6391s
  497933    8.8910309e+01   1.861972e+09   0.000000e+00   6397s
  498568    9.0767616e+01   3.898841e+11   0.000000e+00   6404s
  498758    9.1194819e+01   2.313060e+11   0.000000e+00   6407s
  498948    9.1674217e+01   2.990867e+10   0.000000e+00   6410s
  499358    9.3015903e+01   2.920534e+11   0.000000e+00   6417s
  499528    9.3150682e+01   3.982569e+10   0.000000e+00   6420s
  499898    9.3243409e+01   1.160992e+10   0.000000e+00   6427s
  500168    9.3341553e+01   2.145071e+11   0.000000e+00   6430s
  500578    9.3669016e+01   6.544540e+10   0.000000e+00   6437s
  500838    9.3731642e+01   8.081932e+09   0.000000e+00   6440s
  501308    9.3902013e+01   2.483724e+10   0.000000e+00   6447s
  501508    9.3960118e+01   6.639533e+11   0.000000e+00   6450s
  501828    9.4076948e+01   1.541058e+12   0.000000e+00   6456s
  502168    9.4123652e+01   4.176341e+10   0.000000e+00   6463s
  502328    9.4146493e+01   1.372845e+11   0.000000e+00   6466s
  502688    9.4195823e+01   3.796870e+10   0.000000e+00   6472s
  502958    9.4257211e+01   3.313032e+09   0.000000e+00   6476s
  503608    9.4394708e+01   2.781167e+09   0.000000e+00   6483s
  503848    9.4449246e+01   9.463004e+11   0.000000e+00   6487s
  504268    9.4492591e+01   3.983151e+11   0.000000e+00   6493s
  504488    9.4503956e+01   2.404710e+12   0.000000e+00   6497s
  505023    9.4527995e+01   3.835091e+09   0.000000e+00   6503s
  505293    9.4528392e+01   3.864601e+09   0.000000e+00   6506s
  505918    9.4579424e+01   2.782944e+09   0.000000e+00   6513s
  506248    9.4586119e+01   2.505542e+09   0.000000e+00   6517s
  506568    9.5087464e+01   3.285308e+09   0.000000e+00   6520s
  507228    9.5295602e+01   2.505637e+09   0.000000e+00   6527s
  507589    9.5329894e+01   2.532566e+09   0.000000e+00   6531s
  508259    9.5419629e+01   2.560706e+09   0.000000e+00   6538s
  508579    9.5563950e+01   2.792713e+09   0.000000e+00   6541s
  509199    9.5637920e+01   3.212741e+09   0.000000e+00   6548s
  509479    9.5650311e+01   5.956356e+09   0.000000e+00   6552s
  509779    9.5731572e+01   4.804845e+09   0.000000e+00   6555s
  510349    9.5757933e+01   4.586759e+09   0.000000e+00   6562s
  510684    9.5764974e+01   4.791308e+09   0.000000e+00   6565s
  511324    9.5767969e+01   4.705246e+09   0.000000e+00   6572s
  511624    9.5821265e+01   4.765982e+09   0.000000e+00   6576s
  512199    9.5956305e+01   5.013550e+09   0.000000e+00   6582s
  512459    9.5981927e+01   2.802083e+09   0.000000e+00   6586s
  513019    9.5989845e+01   4.541592e+09   0.000000e+00   6593s
  513199    9.5997946e+01   4.916498e+09   0.000000e+00   6596s
  513509    9.6017501e+01   4.673530e+09   0.000000e+00   6603s
  513844    9.6086564e+01   3.943190e+09   0.000000e+00   6605s
  514514    9.6207615e+01   5.304400e+09   0.000000e+00   6611s
  515054    9.6417154e+01   4.144300e+09   0.000000e+00   6618s
  515389    9.6451721e+01   3.965355e+09   0.000000e+00   6621s
  516059    9.6480132e+01   4.471855e+10   0.000000e+00   6627s
  516394    9.6496228e+01   6.011612e+09   0.000000e+00   6630s
  516959    9.6540889e+01   5.559244e+09   0.000000e+00   6637s
  517189    9.6549877e+01   7.991604e+09   0.000000e+00   6640s
  517669    9.6551495e+01   6.882172e+09   0.000000e+00   6647s
  518004    9.6630894e+01   4.896517e+09   0.000000e+00   6651s
  518529    9.6656190e+01   3.249276e+09   0.000000e+00   6658s
  518864    9.6667530e+01   2.763050e+09   0.000000e+00   6660s
  519469    9.6689816e+01   3.435912e+09   0.000000e+00   6667s
  519804    9.6702522e+01   1.124914e+11   0.000000e+00   6670s
  520379    9.6712763e+01   3.510740e+09   0.000000e+00   6678s
  520559    9.6714180e+01   3.509752e+09   0.000000e+00   6681s
  521064    9.6745276e+01   3.478061e+09   0.000000e+00   6689s
  521399    9.6765652e+01   3.509052e+09   0.000000e+00   6691s
  521629    9.6765686e+01   3.509651e+09   0.000000e+00   6695s
  521899    9.6766913e+01   3.513225e+09   0.000000e+00   6702s
  522019    9.6766929e+01   3.509395e+09   0.000000e+00   6705s
  522329    9.6811296e+01   3.529976e+09   0.000000e+00   6711s
  522619    9.6816563e+01   3.829522e+09   0.000000e+00   6718s
  522729    9.6816587e+01   3.738809e+09   0.000000e+00   6722s
  522969    9.6820137e+01   3.652374e+09   0.000000e+00   6729s
  523089    9.6820807e+01   3.671155e+09   0.000000e+00   6732s
  523199    9.6823827e+01   6.056459e+09   0.000000e+00   6736s
  523429    9.6883994e+01   3.628123e+09   0.000000e+00   6744s
  523549    9.6892646e+01   3.667437e+09   0.000000e+00   6747s
  523669    9.6937154e+01   3.681156e+09   0.000000e+00   6752s
  523789    9.6937994e+01   3.658644e+09   0.000000e+00   6755s
  524049    9.6939166e+01   3.816127e+09   0.000000e+00   6762s
  524159    9.6947851e+01   3.684635e+09   0.000000e+00   6766s
  524689    9.7012138e+01   3.717192e+09   0.000000e+00   6773s
  524909    9.7020074e+01   3.690792e+09   0.000000e+00   6778s
  525199    9.7047925e+01   1.331468e+09   0.000000e+00   6782s
  525359    9.7050307e+01   4.452610e+09   0.000000e+00   6785s
  525659    9.7054202e+01   3.793053e+09   0.000000e+00   6793s
  525889    9.7599903e+01   3.432644e+09   0.000000e+00   6797s
  526079    9.7812455e+01   1.809570e+11   0.000000e+00   6801s
  526519    9.7907560e+01   1.211019e+09   0.000000e+00   6809s
  526639    9.7909387e+01   3.403956e+09   0.000000e+00   6813s
  526789    9.8101666e+01   3.113077e+11   0.000000e+00   6816s
  526969    9.8308574e+01   4.138954e+10   0.000000e+00   6820s
  527469    9.8521598e+01   4.987076e+10   0.000000e+00   6829s
  527679    9.8595338e+01   5.550922e+09   0.000000e+00   6833s
  527799    9.8615533e+01   4.336844e+09   0.000000e+00   6836s
  527909    9.8616563e+01   3.406089e+09   0.000000e+00   6840s
  528129    9.8660656e+01   2.685527e+09   0.000000e+00   6848s
  528299    9.8662606e+01   2.954363e+09   0.000000e+00   6852s
  528469    9.8709963e+01   2.956650e+09   0.000000e+00   6856s
  528809    9.8713782e+01   2.898035e+09   0.000000e+00   6864s
  529099    9.8748581e+01   2.931782e+09   0.000000e+00   6868s
  529319    9.8863403e+01   1.894941e+09   0.000000e+00   6872s
  529619    9.8994064e+01   1.903781e+09   0.000000e+00   6876s
  530189    9.9042892e+01   1.907211e+09   0.000000e+00   6884s
  530509    9.9060621e+01   1.892431e+09   0.000000e+00   6888s
  530844    9.9154722e+01   1.896052e+09   0.000000e+00   6892s
  531179    9.9161300e+01   1.209528e+09   0.000000e+00   6895s
  531709    9.9312373e+01   1.210585e+09   0.000000e+00   6904s
  531959    9.9314371e+01   1.213861e+09   0.000000e+00   6908s
  532219    9.9315970e+01   1.225885e+09   0.000000e+00   6912s
  532379    9.9316701e+01   1.204364e+09   0.000000e+00   6916s
  532609    9.9381576e+01   1.928994e+09   0.000000e+00   6920s
  533119    9.9503228e+01   2.265486e+09   0.000000e+00   6928s
  533454    9.9527709e+01   2.766309e+09   0.000000e+00   6932s
  533654    9.9534671e+01   2.614371e+09   0.000000e+00   6935s
  534274    9.9536323e+01   3.048474e+09   0.000000e+00   6944s
  534504    9.9579400e+01   3.180710e+09   0.000000e+00   6947s
  534804    9.9604745e+01   2.738935e+09   0.000000e+00   6951s
  535044    9.9730172e+01   2.719660e+09   0.000000e+00   6955s
  535494    9.9879796e+01   2.607773e+09   0.000000e+00   6963s
  535674    9.9881728e+01   2.698865e+09   0.000000e+00   6967s
  535854    9.9933290e+01   2.832346e+09   0.000000e+00   6970s
  536234    1.0006814e+02   7.496524e+09   0.000000e+00   6977s
  536404    1.0007155e+02   4.587678e+09   0.000000e+00   6981s
  536584    1.0007312e+02   2.804290e+09   0.000000e+00   6985s
  536974    1.0007498e+02   9.748956e+08   0.000000e+00   6992s
  537164    1.0008595e+02   3.249473e+09   0.000000e+00   6996s
  537714    1.0024600e+02   1.057082e+10   0.000000e+00   7004s
  537934    1.0024979e+02   3.702599e+09   0.000000e+00   7008s
  538094    1.0025011e+02   3.504740e+09   0.000000e+00   7012s
  538374    1.0036532e+02   4.306228e+09   0.000000e+00   7015s
  538724    1.0036630e+02   4.335826e+09   0.000000e+00   7023s
  538894    1.0036634e+02   4.405598e+09   0.000000e+00   7027s
  539044    1.0040107e+02   4.391067e+09   0.000000e+00   7031s
  539504    1.0050191e+02   4.393267e+09   0.000000e+00   7038s
  539704    1.0059635e+02   1.342642e+10   0.000000e+00   7042s
  539834    1.0060145e+02   2.230205e+09   0.000000e+00   7046s
  539994    1.0060416e+02   3.359426e+09   0.000000e+00   7050s
  540524    1.0062618e+02   4.727385e+09   0.000000e+00   7058s
  540859    1.0066223e+02   6.238506e+09   0.000000e+00   7062s
  541169    1.0081651e+02   4.627107e+09   0.000000e+00   7066s
  541349    1.0114375e+02   3.003732e+10   0.000000e+00   7070s
  541749    1.0115434e+02   2.928729e+09   0.000000e+00   7078s
  541929    1.0115499e+02   3.496571e+09   0.000000e+00   7082s
  542189    1.0115683e+02   3.522936e+09   0.000000e+00   7086s
  542609    1.0117731e+02   3.886262e+09   0.000000e+00   7093s
  542839    1.0117757e+02   3.943864e+09   0.000000e+00   7098s
  543059    1.0120593e+02   3.136469e+09   0.000000e+00   7101s
  543279    1.0121348e+02   3.870341e+09   0.000000e+00   7105s
  543919    1.0124305e+02   3.784976e+09   0.000000e+00   7113s
  544119    1.0132953e+02   4.744238e+09   0.000000e+00   7116s
  544519    1.0134482e+02   5.232667e+09   0.000000e+00   7124s
  544659    1.0134893e+02   6.780792e+09   0.000000e+00   7127s
  544859    1.0138416e+02   4.002849e+09   0.000000e+00   7131s
  545249    1.0139853e+02   3.015651e+09   0.000000e+00   7138s
  545429    1.0139917e+02   3.041844e+09   0.000000e+00   7142s
  545709    1.0141031e+02   3.069067e+09   0.000000e+00   7146s
  546079    1.0141037e+02   3.070447e+09   0.000000e+00   7153s
  546259    1.0209742e+02   2.571881e+09   0.000000e+00   7157s
  546469    1.0242218e+02   3.084606e+09   0.000000e+00   7161s
  546929    1.0258460e+02   4.703601e+09   0.000000e+00   7168s
  547119    1.0259513e+02   4.115456e+09   0.000000e+00   7172s
  547409    1.0261557e+02   2.776256e+09   0.000000e+00   7176s
  547889    1.0263021e+02   1.516691e+09   0.000000e+00   7184s
  548129    1.0265097e+02   2.188910e+09   0.000000e+00   7188s
  548409    1.0268412e+02   2.075681e+09   0.000000e+00   7192s
  548729    1.0276211e+02   2.063115e+09   0.000000e+00   7196s
  549009    1.0285861e+02   2.060921e+09   0.000000e+00   7200s
  549379    1.0285925e+02   2.314437e+09   0.000000e+00   7208s
  549569    1.0285951e+02   2.271650e+09   0.000000e+00   7212s
  549904    1.0286631e+02   5.943102e+09   0.000000e+00   7217s
  550184    1.0288346e+02   2.263165e+09   0.000000e+00   7221s
  550504    1.0288626e+02   2.186745e+09   0.000000e+00   7225s
  550954    1.0288804e+02   1.967228e+09   0.000000e+00   7234s
  551134    1.0288906e+02   1.975130e+09   0.000000e+00   7238s
  551344    1.0289050e+02   1.969326e+09   0.000000e+00   7243s
  551693    1.0289932e+02   1.965971e+09   0.000000e+00   7247s
  551883    1.0290096e+02   2.009528e+09   0.000000e+00   7251s
  552556    1.0290818e+02   2.127581e+09   0.000000e+00   7258s
  552891    1.0291151e+02   2.135561e+09   0.000000e+00   7262s
  553161    1.0291177e+02   2.179730e+09   0.000000e+00   7266s
  553666    1.0291790e+02   2.177251e+09   0.000000e+00   7274s
  553866    1.0291792e+02   2.221482e+09   0.000000e+00   7278s
  554201    1.0296253e+02   2.158610e+09   0.000000e+00   7282s
  554371    1.0298412e+02   2.159807e+09   0.000000e+00   7286s
  554986    1.0306618e+02   2.194430e+09   0.000000e+00   7293s
  555156    1.0308394e+02   2.182444e+09   0.000000e+00   7297s
  555491    1.0311627e+02   2.893524e+09   0.000000e+00   7300s
  556041    1.0326470e+02   6.400143e+09   0.000000e+00   7308s
  556271    1.0327023e+02   3.404693e+09   0.000000e+00   7312s
  556531    1.0330863e+02   6.148352e+09   0.000000e+00   7316s
  557201    1.0334717e+02   4.735627e+09   0.000000e+00   7323s
  557521    1.0336117e+02   2.196250e+09   0.000000e+00   7327s
  557801    1.0342236e+02   4.084686e+09   0.000000e+00   7331s
  558171    1.0342432e+02   4.121202e+09   0.000000e+00   7338s
  558371    1.0374222e+02   3.370419e+09   0.000000e+00   7342s
  558581    1.0392561e+02   8.244324e+09   0.000000e+00   7346s
  559111    1.0395931e+02   1.607496e+09   0.000000e+00   7353s
  559291    1.0396144e+02   8.569064e+08   0.000000e+00   7357s
  559511    1.0396987e+02   1.124963e+09   0.000000e+00   7360s
  559891    1.0442024e+02   6.904661e+09   0.000000e+00   7367s
  560101    1.0446586e+02   2.629384e+08   0.000000e+00   7371s
  560631    1.0447621e+02   1.746775e+09   0.000000e+00   7378s
  560961    1.0455513e+02   1.731207e+09   0.000000e+00   7382s
  561296    1.0459720e+02   1.745515e+09   0.000000e+00   7385s
  561796    1.0461696e+02   2.816175e+09   0.000000e+00   7393s
  561966    1.0462904e+02   1.724216e+09   0.000000e+00   7396s
  562366    1.0465081e+02   1.950678e+09   0.000000e+00   7403s
  562626    1.0466630e+02   1.675607e+09   0.000000e+00   7406s
  562876    1.0468678e+02   1.123910e+09   0.000000e+00   7410s
  563411    1.0472886e+02   1.463298e+09   0.000000e+00   7417s
  563721    1.0474495e+02   7.405023e+08   0.000000e+00   7420s
  564391    1.0479997e+02   1.271976e+10   0.000000e+00   7427s
  564861    1.0482577e+02   7.961089e+09   0.000000e+00   7434s
  565161    1.0485684e+02   6.701608e+09   0.000000e+00   7437s
  565496    1.0490615e+02   7.950794e+09   0.000000e+00   7441s
  566001    1.0498603e+02   4.728702e+09   0.000000e+00   7447s
  566336    1.0503617e+02   1.759311e+09   0.000000e+00   7451s
  566981    1.0506529e+02   6.794897e+09   0.000000e+00   7458s
  567316    1.0515070e+02   8.634046e+09   0.000000e+00   7462s
  567651    1.0520524e+02   8.487562e+09   0.000000e+00   7466s
  568231    1.0536478e+02   8.461450e+09   0.000000e+00   7473s
  568411    1.0536999e+02   8.463280e+09   0.000000e+00   7477s
  568746    1.0539151e+02   8.442050e+09   0.000000e+00   7481s
  569416    1.0562149e+02   7.884311e+08   0.000000e+00   7487s
  569706    1.0568155e+02   7.335856e+09   0.000000e+00   7491s
  570126    1.0570926e+02   7.036411e+09   0.000000e+00   7498s
  570406    1.0572073e+02   6.256077e+09   0.000000e+00   7502s
  570606    1.0573942e+02   7.641699e+09   0.000000e+00   7506s
  571226    1.0579847e+02   6.360533e+09   0.000000e+00   7514s
  571564    1.0583813e+02   6.377556e+09   0.000000e+00   7517s
  571824    1.0584157e+02   6.726772e+09   0.000000e+00   7521s
  572409    1.0591423e+02   5.755756e+09   0.000000e+00   7528s
  572639    1.0591441e+02   3.146530e+09   0.000000e+00   7533s
  572819    1.0591448e+02   1.407727e+09   0.000000e+00   7537s
  572979    1.0591464e+02   1.416102e+09   0.000000e+00   7540s
  573279    1.0593484e+02   1.239367e+09   0.000000e+00   7547s
  573479    1.0593607e+02   4.194386e+09   0.000000e+00   7551s
  573739    1.0593714e+02   5.180254e+09   0.000000e+00   7556s
  574059    1.0594598e+02   3.896671e+09   0.000000e+00   7560s
  574479    1.0594606e+02   3.842976e+09   0.000000e+00   7569s
  574779    1.0595639e+02   3.815907e+09   0.000000e+00   7574s
  575114    1.0599478e+02   6.803690e+08   0.000000e+00   7578s
  575444    1.0601008e+02   4.430580e+09   0.000000e+00   7582s
  575694    1.0601263e+02   1.273010e+11   0.000000e+00   7587s
  575934    1.0601628e+02   1.239338e+11   0.000000e+00   7591s
  576064    1.0601722e+02   1.210649e+11   0.000000e+00   7595s
  576624    1.0602314e+02   3.039170e+09   0.000000e+00   7605s
  576834    1.0602715e+02   3.144824e+09   0.000000e+00   7609s
  577064    1.0603390e+02   5.846047e+09   0.000000e+00   7613s
  577384    1.0603701e+02   9.880389e+10   0.000000e+00   7618s
  577664    1.0603824e+02   2.070502e+09   0.000000e+00   7622s
  577844    1.0604115e+02   2.059749e+09   0.000000e+00   7626s
  578034    1.0604673e+02   2.680229e+10   0.000000e+00   7631s
  578364    1.0605103e+02   4.699603e+10   0.000000e+00   7636s
  578564    1.0605279e+02   8.168926e+10   0.000000e+00   7640s
  579245    1.0605455e+02   7.479075e+10   0.000000e+00   7649s
  579415    1.0605477e+02   1.069588e+11   0.000000e+00   7653s
  579605    1.0605495e+02   9.884268e+10   0.000000e+00   7657s
  579815    1.0605509e+02   5.065649e+10   0.000000e+00   7662s
  580035    1.0605565e+02   4.354616e+10   0.000000e+00   7666s
  580205    1.0605607e+02   1.483894e+10   0.000000e+00   7670s
  580732    1.0605685e+02   9.629420e+09   0.000000e+00   7679s
  581012    1.0613249e+02   3.957024e+10   0.000000e+00   7684s
  581242    1.0613294e+02   7.881079e+09   0.000000e+00   7688s
  581577    1.0615719e+02   6.233197e+09   0.000000e+00   7692s
  581877    1.0616892e+02   4.334816e+10   0.000000e+00   7697s
  582047    1.0617342e+02   4.580365e+10   0.000000e+00   7700s
  582730    1.0619193e+02   6.219001e+10   0.000000e+00   7708s
  582930    1.0620010e+02   1.221394e+11   0.000000e+00   7712s
  583160    1.0621105e+02   3.575985e+11   0.000000e+00   7716s
  583500    1.0621702e+02   1.560396e+10   0.000000e+00   7724s
  583835    1.0623659e+02   1.752063e+10   0.000000e+00   7728s
  584170    1.0624148e+02   1.852063e+10   0.000000e+00   7731s
  584500    1.0624703e+02   1.344203e+10   0.000000e+00   7735s
  585147    1.0626238e+02   1.344209e+10   0.000000e+00   7744s
  585397    1.0632643e+02   1.419579e+10   0.000000e+00   7747s
  585617    1.0633917e+02   1.390186e+10   0.000000e+00   7751s
  585767    1.0634640e+02   1.495118e+10   0.000000e+00   7756s
  586157    1.0635246e+02   1.255544e+09   0.000000e+00   7763s
  586492    1.0640072e+02   5.499940e+08   0.000000e+00   7767s
  586722    1.0641004e+02   6.425077e+08   0.000000e+00   7771s
  587342    1.0641789e+02   6.553986e+08   0.000000e+00   7779s
  587677    1.0641974e+02   7.819621e+08   0.000000e+00   7783s
  587977    1.0645797e+02   4.500814e+09   0.000000e+00   7787s
  588227    1.0647293e+02   6.433569e+08   0.000000e+00   7791s
  588757    1.0647722e+02   6.656768e+08   0.000000e+00   7798s
  589007    1.0648424e+02   6.685783e+08   0.000000e+00   7802s
  589147    1.0648469e+02   7.364674e+08   0.000000e+00   7806s
  589407    1.0661357e+02   1.000962e+09   0.000000e+00   7810s
  589837    1.0667310e+02   6.694689e+08   0.000000e+00   7818s
  590047    1.0670215e+02   6.698158e+08   0.000000e+00   7821s
  590257    1.0671400e+02   6.692651e+08   0.000000e+00   7825s
  590687    1.0671901e+02   2.901591e+08   0.000000e+00   7833s
  591086    1.0673082e+02   8.871888e+08   0.000000e+00   7837s
  591256    1.0674256e+02   7.177155e+08   0.000000e+00   7840s
  591761    1.0675129e+02   2.774600e+08   0.000000e+00   7848s
  592096    1.0675424e+02   2.894870e+08   0.000000e+00   7851s
  592431    1.0675680e+02   2.439863e+08   0.000000e+00   7855s
  592941    1.0676154e+02   2.895379e+08   0.000000e+00   7863s
  593261    1.0677274e+02   3.533486e+08   0.000000e+00   7867s
  593401    1.0677486e+02   2.897171e+08   0.000000e+00   7871s
  594006    1.0678978e+02   4.564646e+08   0.000000e+00   7879s
  594166    1.0679037e+02   3.342678e+08   0.000000e+00   7883s
  594326    1.0679102e+02   2.348671e+08   0.000000e+00   7887s
  594566    1.0679234e+02   2.353988e+08   0.000000e+00   7891s
  594746    1.0686783e+02   2.859419e+08   0.000000e+00   7895s
  595156    1.0689964e+02   1.642793e+09   0.000000e+00   7903s
  595426    1.0690239e+02   3.202047e+08   0.000000e+00   7907s
  595596    1.0690665e+02   4.609998e+08   0.000000e+00   7911s
  595726    1.0699998e+02   4.578694e+08   0.000000e+00   7915s
  595976    1.0705637e+02   4.441497e+08   0.000000e+00   7923s
  596096    1.0708868e+02   1.335179e+10   0.000000e+00   7927s
  596346    1.0709897e+02   4.534414e+08   0.000000e+00   7932s
  596586    1.0714878e+02   3.346973e+08   0.000000e+00   7936s
  596726    1.0717090e+02   2.699942e+08   0.000000e+00   7940s
  597166    1.0727490e+02   5.699008e+08   0.000000e+00   7949s
  597336    1.0733681e+02   3.627227e+08   0.000000e+00   7953s
  597576    1.0736260e+02   2.971408e+09   0.000000e+00   7957s
  597806    1.0738991e+02   1.002238e+09   0.000000e+00   7961s
  597966    1.0739800e+02   1.139262e+09   0.000000e+00   7965s
  598356    1.0743081e+02   8.618717e+08   0.000000e+00   7974s
  598486    1.0743779e+02   4.846190e+08   0.000000e+00   7978s
  598736    1.0750793e+02   3.285588e+08   0.000000e+00   7982s
  598916    1.0753419e+02   4.712455e+08   0.000000e+00   7986s
  599076    1.0754457e+02   3.687745e+08   0.000000e+00   7990s
  599366    1.0758465e+02   3.944819e+08   0.000000e+00   7998s
  599636    1.0759081e+02   2.688301e+08   0.000000e+00   8002s
  599786    1.0759158e+02   2.624387e+08   0.000000e+00   8006s
  600026    1.0759604e+02   2.861769e+08   0.000000e+00   8014s
  600156    1.0759834e+02   2.678739e+08   0.000000e+00   8018s
  600286    1.0760227e+02   2.835226e+08   0.000000e+00   8021s
  600406    1.0760299e+02   2.694483e+08   0.000000e+00   8025s
  600646    1.0761592e+02   3.290468e+08   0.000000e+00   8033s
  600756    1.0761891e+02   2.689127e+08   0.000000e+00   8036s
  600886    1.0762214e+02   3.046870e+08   0.000000e+00   8040s
  601136    1.0762545e+02   2.567391e+08   0.000000e+00   8048s
  601266    1.0762586e+02   1.943168e+08   0.000000e+00   8052s
  601446    1.0762793e+02   1.950699e+08   0.000000e+00   8056s
  601926    1.0766342e+02   4.150928e+08   0.000000e+00   8063s
  602186    1.0766468e+02   4.126868e+08   0.000000e+00   8068s
  602426    1.0766607e+02   4.306230e+08   0.000000e+00   8072s
  602626    1.0766618e+02   4.024181e+08   0.000000e+00   8075s
  602976    1.0766646e+02   2.766376e+08   0.000000e+00   8083s
  603126    1.0766654e+02   2.674522e+08   0.000000e+00   8087s
  603326    1.0766763e+02   3.392603e+08   0.000000e+00   8091s
  603506    1.0766835e+02   5.239594e+08   0.000000e+00   8095s
  603896    1.0767314e+02   8.026745e+08   0.000000e+00   8103s
  604126    1.0767775e+02   5.636700e+08   0.000000e+00   8107s
  604336    1.0768220e+02   7.801609e+08   0.000000e+00   8111s
  604586    1.0768747e+02   1.386301e+09   0.000000e+00   8115s
  605026    1.0770479e+02   6.531104e+09   0.000000e+00   8123s
  605266    1.0770650e+02   8.859303e+08   0.000000e+00   8127s
  605496    1.0771932e+02   8.450548e+08   0.000000e+00   8131s
  605896    1.0774075e+02   9.588317e+08   0.000000e+00   8138s
  606106    1.0774550e+02   1.358295e+09   0.000000e+00   8142s
  606316    1.0774588e+02   2.697690e+08   0.000000e+00   8146s
  606576    1.0777531e+02   7.506652e+08   0.000000e+00   8153s
  606686    1.0782998e+02   1.071453e+11   0.000000e+00   8156s
  606946    1.0810994e+02   8.487347e+09   0.000000e+00   8163s
  607096    1.0818764e+02   1.597140e+11   0.000000e+00   8167s
  607246    1.0823173e+02   9.516524e+10   0.000000e+00   8170s
  607546    1.0840409e+02   2.178864e+11   0.000000e+00   8177s
  607696    1.0907422e+02   5.678114e+11   0.000000e+00   8181s
  607986    1.0936074e+02   2.003072e+10   0.000000e+00   8188s
  608106    1.0940823e+02   3.450772e+11   0.000000e+00   8192s
  608256    1.0943346e+02   3.930390e+11   0.000000e+00   8195s
  608506    1.0962481e+02   4.073182e+11   0.000000e+00   8202s
  608676    1.0963825e+02   1.966607e+10   0.000000e+00   8205s
  609006    1.0967593e+02   5.990215e+11   0.000000e+00   8213s
  609126    1.0968311e+02   2.788685e+11   0.000000e+00   8216s
  609416    1.0970978e+02   3.756934e+11   0.000000e+00   8223s
  609556    1.0971587e+02   6.676573e+11   0.000000e+00   8226s
  609846    1.0978886e+02   3.429752e+10   0.000000e+00   8234s
  610066    1.0980128e+02   2.915552e+10   0.000000e+00   8237s
  610226    1.0982945e+02   3.884905e+11   0.000000e+00   8241s
  610486    1.0984727e+02   2.102712e+11   0.000000e+00   8248s
  610596    1.0985267e+02   5.727645e+09   0.000000e+00   8252s
  610766    1.0986980e+02   6.844433e+12   0.000000e+00   8256s
  611086    1.0990763e+02   4.703140e+12   0.000000e+00   8263s
  611266    1.0996013e+02   6.224408e+11   0.000000e+00   8267s
  611436    1.0997160e+02   9.323864e+08   0.000000e+00   8270s
  611656    1.0998662e+02   3.899632e+11   0.000000e+00   8278s
  611866    1.0999975e+02   4.640939e+10   0.000000e+00   8281s
  612056    1.1000856e+02   1.932365e+09   0.000000e+00   8285s
  612306    1.1001034e+02   2.215870e+10   0.000000e+00   8293s
  612446    1.1001116e+02   1.873699e+09   0.000000e+00   8296s
  612586    1.1001150e+02   1.305520e+10   0.000000e+00   8300s
  612896    1.1001369e+02   2.566374e+10   0.000000e+00   8308s
  613016    1.1001381e+02   2.558773e+10   0.000000e+00   8312s
  613156    1.1001403e+02   1.836632e+10   0.000000e+00   8316s
  613386    1.1001906e+02   1.068160e+09   0.000000e+00   8324s
  613506    1.1002395e+02   7.319722e+09   0.000000e+00   8328s
  613626    1.1003100e+02   2.269669e+09   0.000000e+00   8331s
  613946    1.1005889e+02   1.342064e+09   0.000000e+00   8339s
  614056    1.1006805e+02   1.403458e+09   0.000000e+00   8342s
  614166    1.1008825e+02   1.357273e+09   0.000000e+00   8346s
  614286    1.1010432e+02   4.057647e+10   0.000000e+00   8350s
  614506    1.1011388e+02   2.484604e+09   0.000000e+00   8358s
  614626    1.1011560e+02   3.846261e+08   0.000000e+00   8362s
  614736    1.1011951e+02   3.832707e+08   0.000000e+00   8366s
  614956    1.1012394e+02   5.064273e+08   0.000000e+00   8374s
  615066    1.1012597e+02   6.592530e+08   0.000000e+00   8378s
  615186    1.1012702e+02   7.009327e+08   0.000000e+00   8382s
  615306    1.1013221e+02   5.356938e+08   0.000000e+00   8386s
  615416    1.1013265e+02   2.924670e+08   0.000000e+00   8390s
  615636    1.1013275e+02   2.902724e+08   0.000000e+00   8398s
  615746    1.1013277e+02   2.996400e+08   0.000000e+00   8402s
  615856    1.1013280e+02   5.021020e+08   0.000000e+00   8406s
  616076    1.1013290e+02   6.000366e+08   0.000000e+00   8413s
  616186    1.1013294e+02   4.433316e+08   0.000000e+00   8417s
  616306    1.1013298e+02   3.275569e+08   0.000000e+00   8421s
  616546    1.1017948e+02   2.799260e+11   0.000000e+00   8428s
  616676    1.1075435e+02   3.727004e+09   0.000000e+00   8432s
  616796    1.1083609e+02   1.580603e+10   0.000000e+00   8435s
  617036    1.1090264e+02   4.083546e+09   0.000000e+00   8442s
  617196    1.1095899e+02   3.375371e+10   0.000000e+00   8446s
  617506    1.1099738e+02   6.702335e+09   0.000000e+00   8453s
  617646    1.1100052e+02   5.850180e+10   0.000000e+00   8457s
  617876    1.1100477e+02   5.921302e+09   0.000000e+00   8464s
  618006    1.1101334e+02   7.175888e+11   0.000000e+00   8467s
  618126    1.1102858e+02   4.766321e+09   0.000000e+00   8471s
  618366    1.1104442e+02   3.558611e+08   0.000000e+00   8477s
  618476    1.1104487e+02   9.669948e+09   0.000000e+00   8481s
  618696    1.1104552e+02   2.170185e+10   0.000000e+00   8488s
  618806    1.1104574e+02   2.664253e+10   0.000000e+00   8491s
  619046    1.1108567e+02   1.109866e+10   0.000000e+00   8498s
  619216    1.1110580e+02   6.175299e+10   0.000000e+00   8502s
  619386    1.1114799e+02   9.480401e+10   0.000000e+00   8505s
  619686    1.1116678e+02   7.727288e+08   0.000000e+00   8512s
  619826    1.1117328e+02   5.598794e+08   0.000000e+00   8516s
  620086    1.1118449e+02   1.642444e+09   0.000000e+00   8523s
  620226    1.1118618e+02   4.750514e+09   0.000000e+00   8526s
  620526    1.1119231e+02   9.602712e+10   0.000000e+00   8534s
  620656    1.1120390e+02   2.250039e+10   0.000000e+00   8537s
  620796    1.1121171e+02   1.097529e+09   0.000000e+00   8541s
  621036    1.1122499e+02   2.347771e+10   0.000000e+00   8548s
  621206    1.1127005e+02   3.083124e+10   0.000000e+00   8551s
  621606    1.1127550e+02   2.548036e+09   0.000000e+00   8559s
  621796    1.1128058e+02   3.985729e+08   0.000000e+00   8562s
  621936    1.1128304e+02   3.735393e+08   0.000000e+00   8566s
  622356    1.1156169e+02   6.673035e+08   0.000000e+00   8573s
  622526    1.1156925e+02   3.393441e+08   0.000000e+00   8577s
  622646    1.1157052e+02   3.141352e+08   0.000000e+00   8580s
  622866    1.1157116e+02   3.633349e+08   0.000000e+00   8587s
  622986    1.1157214e+02   3.928844e+08   0.000000e+00   8591s
  623216    1.1157778e+02   3.222021e+08   0.000000e+00   8598s
  623326    1.1157779e+02   3.451292e+08   0.000000e+00   8602s
  623436    1.1157797e+02   3.777188e+08   0.000000e+00   8605s
  623676    1.1157929e+02   3.286178e+08   0.000000e+00   8612s
  623796    1.1158230e+02   5.172053e+08   0.000000e+00   8616s
  624046    1.1158274e+02   3.979151e+08   0.000000e+00   8623s
  624186    1.1167769e+02   3.829396e+08   0.000000e+00   8626s
  624466    1.1174307e+02   4.642154e+08   0.000000e+00   8633s
  624596    1.1176305e+02   3.632223e+08   0.000000e+00   8636s
  624866    1.1177281e+02   3.703792e+08   0.000000e+00   8642s
  624976    1.1177443e+02   3.836958e+08   0.000000e+00   8646s
  625226    1.1178009e+02   3.532934e+08   0.000000e+00   8652s
  625346    1.1178022e+02   2.797105e+08   0.000000e+00   8655s
  625576    1.1178069e+02   3.077116e+08   0.000000e+00   8662s
  625826    1.1178106e+02   4.723332e+08   0.000000e+00   8668s
  625946    1.1178113e+02   3.028797e+08   0.000000e+00   8671s
