UTC,wall_seconds,phase,solver_seconds,process_RSS,system_RAM_total,system_RAM_used,system_RAM_free,swap_total,swap_used,CPU_utilization_percent,logical_cores,available_logical_cores,process_thread_count,heavy_processes
2026-10-04T03:02:01.711263+00:00,2.3067215000046417,before_model_build,,1440100352,34049220608,16216678400,17832542208,8934019072,688926720,18.4,16,16,4,"[{""pid"": 84576, ""ppid"": 96284, ""name"": ""python.exe"", ""command_line"": ""C:\\Users\\kjw39\\AppData\\Local\\Programs\\Python\\Python311\\python.exe -m v42_dw.run"", ""RSS"": 1440116736, ""thread_count"": 4, ""self"": true}]"
2026-10-04T03:02:09.026839+00:00,9.622083499969449,periodic,,1610293248,34049220608,16417210368,17632010240,8934019072,688926720,0.0,16,16,5,"[{""pid"": 84576, ""ppid"": 96284, ""name"": ""python.exe"", ""command_line"": ""C:\\Users\\kjw39\\AppData\\Local\\Programs\\Python\\Python311\\python.exe -m v42_dw.run"", ""RSS"": 1610465280, ""thread_count"": 5, ""self"": true}]"
2026-10-04T03:02:16.339567+00:00,17.13105490000453,periodic,,1668579328,34049220608,16438476800,17610743808,8934019072,688926720,19.1,16,16,7,"[{""pid"": 84576, ""ppid"": 96284, ""name"": ""python.exe"", ""command_line"": ""C:\\Users\\kjw39\\AppData\\Local\\Programs\\Python\\Python311\\python.exe -m v42_dw.run"", ""RSS"": 1660026880, ""thread_count"": 7, ""self"": true}]"
2026-10-04T03:02:23.857077+00:00,24.47508010000456,periodic,,1572569088,34049220608,16362373120,17686847488,8934019072,688926720,20.2,16,16,7,"[{""pid"": 84576, ""ppid"": 96284, ""name"": ""python.exe"", ""command_line"": ""C:\\Users\\kjw39\\AppData\\Local\\Programs\\Python\\Python311\\python.exe -m v42_dw.run"", ""RSS"": 1577955328, ""thread_count"": 7, ""self"": true}]"
2026-10-04T03:02:31.288125+00:00,31.9617353999638,periodic,,2129682432,34049220608,16908906496,17140314112,8934019072,688926720,20.7,16,16,7,"[{""pid"": 84576, ""ppid"": 96284, ""name"": ""python.exe"", ""command_line"": ""C:\\Users\\kjw39\\AppData\\Local\\Programs\\Python\\Python311\\python.exe -m v42_dw.run"", ""RSS"": 2141376512, ""thread_count"": 7, ""self"": true}]"
2026-10-04T03:02:38.672645+00:00,39.461634399951436,periodic,,1817022464,34049220608,16599228416,17449992192,8934019072,688926720,18.5,16,16,7,"[{""pid"": 84576, ""ppid"": 96284, ""name"": ""python.exe"", ""command_line"": ""C:\\Users\\kjw39\\AppData\\Local\\Programs\\Python\\Python311\\python.exe -m v42_dw.run"", ""RSS"": 1672712192, ""thread_count"": 7, ""self"": true}]"
2026-10-04T03:02:46.190807+00:00,47.22224079997977,periodic,,1622683648,34049220608,16397012992,17652207616,8934019072,688926720,19.0,16,16,4,"[{""pid"": 84576, ""ppid"": 96284, ""name"": ""python.exe"", ""command_line"": ""C:\\Users\\kjw39\\AppData\\Local\\Programs\\Python\\Python311\\python.exe -m v42_dw.run"", ""RSS"": 1628495872, ""thread_count"": 4, ""self"": true}]"
2026-10-04T03:02:53.945625+00:00,54.755417399981525,periodic,,2263347200,34049220608,17011798016,17037422592,8934019072,688926720,18.5,16,16,4,"[{""pid"": 84576, ""ppid"": 96284, ""name"": ""python.exe"", ""command_line"": ""C:\\Users\\kjw39\\AppData\\Local\\Programs\\Python\\Python311\\python.exe -m v42_dw.run"", ""RSS"": 1762893824, ""thread_count"": 4, ""self"": true}]"
2026-10-04T03:03:01.466987+00:00,62.352604699961375,periodic,,1899909120,34049220608,16717336576,17331884032,8934019072,688926720,23.1,16,16,4,"[{""pid"": 84576, ""ppid"": 96284, ""name"": ""python.exe"", ""command_line"": ""C:\\Users\\kjw39\\AppData\\Local\\Programs\\Python\\Python311\\python.exe -m v42_dw.run"", ""RSS"": 2255339520, ""thread_count"": 4, ""self"": true}]"
2026-10-04T03:03:09.094604+00:00,69.7229252999532,periodic,,1824538624,34049220608,16613564416,17435656192,8934019072,688926720,18.9,16,16,4,"[{""pid"": 84576, ""ppid"": 96284, ""name"": ""python.exe"", ""command_line"": ""C:\\Users\\kjw39\\AppData\\Local\\Programs\\Python\\Python311\\python.exe -m v42_dw.run"", ""RSS"": 1833934848, ""thread_count"": 4, ""self"": true}]"
2026-10-04T03:03:16.436798+00:00,77.61541329999454,periodic,,1968193536,34049220608,16783659008,17265561600,8934019072,688926720,19.0,16,16,4,"[{""pid"": 84576, ""ppid"": 96284, ""name"": ""python.exe"", ""command_line"": ""C:\\Users\\kjw39\\AppData\\Local\\Programs\\Python\\Python311\\python.exe -m v42_dw.run"", ""RSS"": 1994047488, ""thread_count"": 4, ""self"": true}]"
2026-10-04T03:03:24.345396+00:00,85.08920379995834,periodic,,1821786112,34049220608,16613298176,17435922432,8934019072,688926720,21.2,16,16,4,"[{""pid"": 84576, ""ppid"": 96284, ""name"": ""python.exe"", ""command_line"": ""C:\\Users\\kjw39\\AppData\\Local\\Programs\\Python\\Python311\\python.exe -m v42_dw.run"", ""RSS"": 1822621696, ""thread_count"": 4, ""self"": true}]"
2026-10-04T03:03:31.813770+00:00,92.67810339998687,periodic,,2074505216,34049220608,16870875136,17178345472,8934019072,688926720,20.0,16,16,4,"[{""pid"": 84576, ""ppid"": 96284, ""name"": ""python.exe"", ""command_line"": ""C:\\Users\\kjw39\\AppData\\Local\\Programs\\Python\\Python311\\python.exe -m v42_dw.run"", ""RSS"": 1942310912, ""thread_count"": 4, ""self"": true}]"
2026-10-04T03:03:39.398299+00:00,100.16657659999328,periodic,,1974145024,34049220608,16770150400,17279070208,8934019072,688926720,19.9,16,16,4,"[{""pid"": 84576, ""ppid"": 96284, ""name"": ""python.exe"", ""command_line"": ""C:\\Users\\kjw39\\AppData\\Local\\Programs\\Python\\Python311\\python.exe -m v42_dw.run"", ""RSS"": 2432376832, ""thread_count"": 4, ""self"": true}]"
2026-10-04T03:03:46.892633+00:00,107.53861990000587,periodic,,2047225856,34049220608,16837242880,17211977728,8934019072,688926720,18.4,16,16,4,"[{""pid"": 84576, ""ppid"": 96284, ""name"": ""python.exe"", ""command_line"": ""C:\\Users\\kjw39\\AppData\\Local\\Programs\\Python\\Python311\\python.exe -m v42_dw.run"", ""RSS"": 2047217664, ""thread_count"": 4, ""self"": true}]"
2026-10-04T03:03:54.279846+00:00,115.18376589997206,periodic,,1985048576,34049220608,16786456576,17262764032,8934019072,688926720,18.9,16,16,4,"[{""pid"": 84576, ""ppid"": 96284, ""name"": ""python.exe"", ""command_line"": ""C:\\Users\\kjw39\\AppData\\Local\\Programs\\Python\\Python311\\python.exe -m v42_dw.run"", ""RSS"": 1911750656, ""thread_count"": 4, ""self"": true}]"
2026-10-04T03:04:01.901213+00:00,122.75762140000006,periodic,,2196746240,34049220608,17024999424,17024221184,8934019072,688926720,18.5,16,16,2,"[{""pid"": 84576, ""ppid"": 96284, ""name"": ""python.exe"", ""command_line"": ""C:\\Users\\kjw39\\AppData\\Local\\Programs\\Python\\Python311\\python.exe -m v42_dw.run"", ""RSS"": 2064945152, ""thread_count"": 2, ""self"": true}]"
2026-10-04T03:04:09.474947+00:00,130.32150309998542,periodic,,2055376896,34049220608,16886267904,17162952704,8934019072,688926720,21.1,16,16,2,"[{""pid"": 84576, ""ppid"": 96284, ""name"": ""python.exe"", ""command_line"": ""C:\\Users\\kjw39\\AppData\\Local\\Programs\\Python\\Python311\\python.exe -m v42_dw.run"", ""RSS"": 2560208896, ""thread_count"": 2, ""self"": true}]"
2026-10-04T03:04:17.209564+00:00,138.17620619997615,periodic,,2586230784,34049220608,17411108864,16638111744,8934019072,688926720,21.3,16,16,2,"[{""pid"": 84576, ""ppid"": 96284, ""name"": ""python.exe"", ""command_line"": ""C:\\Users\\kjw39\\AppData\\Local\\Programs\\Python\\Python311\\python.exe -m v42_dw.run"", ""RSS"": 2052026368, ""thread_count"": 2, ""self"": true}]"
2026-10-04T03:04:24.892189+00:00,145.51750659995014,periodic,,2690240512,34049220608,17511923712,16537296896,8934019072,688926720,20.1,16,16,2,"[{""pid"": 84576, ""ppid"": 96284, ""name"": ""python.exe"", ""command_line"": ""C:\\Users\\kjw39\\AppData\\Local\\Programs\\Python\\Python311\\python.exe -m v42_dw.run"", ""RSS"": 2690244608, ""thread_count"": 2, ""self"": true}]"
2026-10-04T03:04:32.234638+00:00,152.97492469998542,periodic,,2274062336,34049220608,17080242176,16968978432,8934019072,688926720,19.4,16,16,2,"[{""pid"": 84576, ""ppid"": 96284, ""name"": ""python.exe"", ""command_line"": ""C:\\Users\\kjw39\\AppData\\Local\\Programs\\Python\\Python311\\python.exe -m v42_dw.run"", ""RSS"": 2690359296, ""thread_count"": 2, ""self"": true}]"
2026-10-04T03:04:39.709813+00:00,160.4706963999779,periodic,,2674466816,34049220608,17484120064,16565100544,8934019072,688926720,18.6,16,16,2,"[{""pid"": 84576, ""ppid"": 96284, ""name"": ""python.exe"", ""command_line"": ""C:\\Users\\kjw39\\AppData\\Local\\Programs\\Python\\Python311\\python.exe -m v42_dw.run"", ""RSS"": 2142203904, ""thread_count"": 2, ""self"": true}]"
2026-10-04T03:04:47.192424+00:00,167.83214620000217,periodic,,2174017536,34049220608,16981790720,17067429888,8934019072,688926720,19.2,16,16,2,"[{""pid"": 84576, ""ppid"": 96284, ""name"": ""python.exe"", ""command_line"": ""C:\\Users\\kjw39\\AppData\\Local\\Programs\\Python\\Python311\\python.exe -m v42_dw.run"", ""RSS"": 2180292608, ""thread_count"": 2, ""self"": true}]"
2026-10-04T03:04:54.557409+00:00,175.2190402999986,periodic,,2218233856,34049220608,17023860736,17025359872,8934019072,688926720,17.8,16,16,2,"[{""pid"": 84576, ""ppid"": 96284, ""name"": ""python.exe"", ""command_line"": ""C:\\Users\\kjw39\\AppData\\Local\\Programs\\Python\\Python311\\python.exe -m v42_dw.run"", ""RSS"": 2226393088, ""thread_count"": 2, ""self"": true}]"
2026-10-04T03:05:01.954393+00:00,182.7217379999929,periodic,,2246189056,34049220608,17102094336,16947126272,8934019072,688926720,21.7,16,16,2,"[{""pid"": 84576, ""ppid"": 96284, ""name"": ""python.exe"", ""command_line"": ""C:\\Users\\kjw39\\AppData\\Local\\Programs\\Python\\Python311\\python.exe -m v42_dw.run"", ""RSS"": 2247086080, ""thread_count"": 2, ""self"": true}]"
2026-10-04T03:05:09.444399+00:00,190.15622239996446,periodic,,2868633600,34049220608,17706508288,16342712320,8934019072,688926720,19.2,16,16,2,"[{""pid"": 84576, ""ppid"": 96284, ""name"": ""python.exe"", ""command_line"": ""C:\\Users\\kjw39\\AppData\\Local\\Programs\\Python\\Python311\\python.exe -m v42_dw.run"", ""RSS"": 2868727808, ""thread_count"": 2, ""self"": true}]"
2026-10-04T03:05:16.876270+00:00,197.85961699998006,periodic,,2463866880,34049220608,17290846208,16758374400,8934019072,688926720,18.9,16,16,2,"[{""pid"": 84576, ""ppid"": 96284, ""name"": ""python.exe"", ""command_line"": ""C:\\Users\\kjw39\\AppData\\Local\\Programs\\Python\\Python311\\python.exe -m v42_dw.run"", ""RSS"": 2866077696, ""thread_count"": 2, ""self"": true}]"
2026-10-04T03:05:24.579664+00:00,205.23617529997136,periodic,,2426941440,34049220608,17231650816,16817569792,8934019072,688926720,20.0,16,16,2,"[{""pid"": 84576, ""ppid"": 96284, ""name"": ""python.exe"", ""command_line"": ""C:\\Users\\kjw39\\AppData\\Local\\Programs\\Python\\Python311\\python.exe -m v42_dw.run"", ""RSS"": 2427142144, ""thread_count"": 2, ""self"": true}]"
2026-10-04T03:05:31.963712+00:00,212.97713109996403,periodic,,2354327552,34049220608,17171652608,16877568000,8934019072,688926720,18.3,16,16,2,"[{""pid"": 84576, ""ppid"": 96284, ""name"": ""python.exe"", ""command_line"": ""C:\\Users\\kjw39\\AppData\\Local\\Programs\\Python\\Python311\\python.exe -m v42_dw.run"", ""RSS"": 2359914496, ""thread_count"": 2, ""self"": true}]"
2026-10-04T03:05:39.704512+00:00,220.47106779995374,periodic,,2356043776,34049220608,17148108800,16901111808,8934019072,688926720,17.3,16,16,2,"[{""pid"": 84576, ""ppid"": 96284, ""name"": ""python.exe"", ""command_line"": ""C:\\Users\\kjw39\\AppData\\Local\\Programs\\Python\\Python311\\python.exe -m v42_dw.run"", ""RSS"": 2359599104, ""thread_count"": 2, ""self"": true}]"
2026-10-04T03:05:47.208259+00:00,227.9685954999877,periodic,,2394492928,34049220608,17189318656,16859901952,8934019072,688926720,17.3,16,16,2,"[{""pid"": 84576, ""ppid"": 96284, ""name"": ""python.exe"", ""command_line"": ""C:\\Users\\kjw39\\AppData\\Local\\Programs\\Python\\Python311\\python.exe -m v42_dw.run"", ""RSS"": 2399940608, ""thread_count"": 2, ""self"": true}]"
2026-10-04T03:05:54.694216+00:00,235.5269227999961,periodic,,2648694784,34049220608,17437462528,16611758080,8934019072,688926720,18.7,16,16,2,"[{""pid"": 84576, ""ppid"": 96284, ""name"": ""python.exe"", ""command_line"": ""C:\\Users\\kjw39\\AppData\\Local\\Programs\\Python\\Python311\\python.exe -m v42_dw.run"", ""RSS"": 2525757440, ""thread_count"": 2, ""self"": true}]"
2026-10-04T03:06:02.245782+00:00,243.09562129998812,periodic,,2551054336,34049220608,17360220160,16689000448,8934019072,688926720,21.0,16,16,2,"[{""pid"": 84576, ""ppid"": 96284, ""name"": ""python.exe"", ""command_line"": ""C:\\Users\\kjw39\\AppData\\Local\\Programs\\Python\\Python311\\python.exe -m v42_dw.run"", ""RSS"": 3015045120, ""thread_count"": 2, ""self"": true}]"
2026-10-04T03:06:09.814256+00:00,250.7606540999841,periodic,,3102568448,34049220608,17902043136,16147177472,8934019072,688926720,18.8,16,16,2,"[{""pid"": 84576, ""ppid"": 96284, ""name"": ""python.exe"", ""command_line"": ""C:\\Users\\kjw39\\AppData\\Local\\Programs\\Python\\Python311\\python.exe -m v42_dw.run"", ""RSS"": 2575749120, ""thread_count"": 2, ""self"": true}]"
2026-10-04T03:06:17.482198+00:00,258.35669960000087,periodic,,2901889024,34049220608,17693286400,16355934208,8934019072,688926720,21.4,16,16,2,"[{""pid"": 84576, ""ppid"": 96284, ""name"": ""python.exe"", ""command_line"": ""C:\\Users\\kjw39\\AppData\\Local\\Programs\\Python\\Python311\\python.exe -m v42_dw.run"", ""RSS"": 3065274368, ""thread_count"": 2, ""self"": true}]"
2026-10-04T03:06:25.072649+00:00,265.7764184999978,periodic,,3105804288,34049220608,17896275968,16152944640,8934019072,688926720,20.0,16,16,2,"[{""pid"": 84576, ""ppid"": 96284, ""name"": ""python.exe"", ""command_line"": ""C:\\Users\\kjw39\\AppData\\Local\\Programs\\Python\\Python311\\python.exe -m v42_dw.run"", ""RSS"": 3096399872, ""thread_count"": 2, ""self"": true}]"
2026-10-04T03:06:32.498660+00:00,273.1619670999935,periodic,,3120087040,34049220608,17903177728,16146042880,8934019072,688926720,18.0,16,16,2,"[{""pid"": 84576, ""ppid"": 96284, ""name"": ""python.exe"", ""command_line"": ""C:\\Users\\kjw39\\AppData\\Local\\Programs\\Python\\Python311\\python.exe -m v42_dw.run"", ""RSS"": 3128393728, ""thread_count"": 2, ""self"": true}]"
2026-10-04T03:06:39.884705+00:00,280.5251774999779,periodic,,3164352512,34049220608,17956990976,16092229632,8934019072,688926720,18.7,16,16,2,"[{""pid"": 84576, ""ppid"": 96284, ""name"": ""python.exe"", ""command_line"": ""C:\\Users\\kjw39\\AppData\\Local\\Programs\\Python\\Python311\\python.exe -m v42_dw.run"", ""RSS"": 3164352512, ""thread_count"": 2, ""self"": true}]"
2026-10-04T03:06:47.250484+00:00,287.90443389996653,periodic,,3199852544,34049220608,17990934528,16058286080,8934019072,688926720,17.1,16,16,4,"[{""pid"": 84576, ""ppid"": 96284, ""name"": ""python.exe"", ""command_line"": ""C:\\Users\\kjw39\\AppData\\Local\\Programs\\Python\\Python311\\python.exe -m v42_dw.run"", ""RSS"": 3199852544, ""thread_count"": 4, ""self"": true}]"
2026-10-04T03:06:54.625703+00:00,295.39799470000435,periodic,,3231199232,34049220608,17993101312,16056119296,8934019072,688926720,19.4,16,16,4,"[{""pid"": 84576, ""ppid"": 96284, ""name"": ""python.exe"", ""command_line"": ""C:\\Users\\kjw39\\AppData\\Local\\Programs\\Python\\Python311\\python.exe -m v42_dw.run"", ""RSS"": 3228823552, ""thread_count"": 4, ""self"": true}]"
2026-10-04T03:07:02.120195+00:00,303.1325211999938,periodic,,3259899904,34049220608,18049814528,15999406080,8934019072,688926720,18.6,16,16,4,"[{""pid"": 84576, ""ppid"": 96284, ""name"": ""python.exe"", ""command_line"": ""C:\\Users\\kjw39\\AppData\\Local\\Programs\\Python\\Python311\\python.exe -m v42_dw.run"", ""RSS"": 3257348096, ""thread_count"": 4, ""self"": true}]"
2026-10-04T03:07:09.850017+00:00,310.7578127000015,periodic,,2777546752,34049220608,17597210624,16452009984,8934019072,688926720,22.4,16,16,4,"[{""pid"": 84576, ""ppid"": 96284, ""name"": ""python.exe"", ""command_line"": ""C:\\Users\\kjw39\\AppData\\Local\\Programs\\Python\\Python311\\python.exe -m v42_dw.run"", ""RSS"": 3282624512, ""thread_count"": 4, ""self"": true}]"
2026-10-04T03:07:17.478512+00:00,318.49833729997044,periodic,,3091038208,34049220608,17927696384,16121524224,8934019072,688926720,19.0,16,16,4,"[{""pid"": 84576, ""ppid"": 96284, ""name"": ""python.exe"", ""command_line"": ""C:\\Users\\kjw39\\AppData\\Local\\Programs\\Python\\Python311\\python.exe -m v42_dw.run"", ""RSS"": 2905694208, ""thread_count"": 4, ""self"": true}]"
2026-10-04T03:07:25.216796+00:00,326.1613631999935,periodic,,2898501632,34049220608,17719590912,16329629696,8934019072,688926720,22.3,16,16,4,"[{""pid"": 84576, ""ppid"": 96284, ""name"": ""python.exe"", ""command_line"": ""C:\\Users\\kjw39\\AppData\\Local\\Programs\\Python\\Python311\\python.exe -m v42_dw.run"", ""RSS"": 3348164608, ""thread_count"": 4, ""self"": true}]"
2026-10-04T03:07:32.880505+00:00,333.6785984999733,periodic,,2872451072,34049220608,17692258304,16356962304,8934019072,688926720,22.7,16,16,4,"[{""pid"": 84576, ""ppid"": 96284, ""name"": ""python.exe"", ""command_line"": ""C:\\Users\\kjw39\\AppData\\Local\\Programs\\Python\\Python311\\python.exe -m v42_dw.run"", ""RSS"": 3378847744, ""thread_count"": 4, ""self"": true}]"
2026-10-04T03:07:40.400555+00:00,341.19820879999315,periodic,,2902114304,34049220608,17708412928,16340807680,8934019072,688926720,18.9,16,16,4,"[{""pid"": 84576, ""ppid"": 96284, ""name"": ""python.exe"", ""command_line"": ""C:\\Users\\kjw39\\AppData\\Local\\Programs\\Python\\Python311\\python.exe -m v42_dw.run"", ""RSS"": 3408269312, ""thread_count"": 4, ""self"": true}]"
2026-10-04T03:07:47.917815+00:00,348.69563339999877,periodic,,2924974080,34049220608,17720045568,16329175040,8934019072,688926720,19.5,16,16,4,"[{""pid"": 84576, ""ppid"": 96284, ""name"": ""python.exe"", ""command_line"": ""C:\\Users\\kjw39\\AppData\\Local\\Programs\\Python\\Python311\\python.exe -m v42_dw.run"", ""RSS"": 3437412352, ""thread_count"": 4, ""self"": true}]"
2026-10-04T03:07:55.414818+00:00,356.16961230000015,periodic,,3021942784,34049220608,17823920128,16225300480,8934019072,688926720,18.8,16,16,4,"[{""pid"": 84576, ""ppid"": 96284, ""name"": ""python.exe"", ""command_line"": ""C:\\Users\\kjw39\\AppData\\Local\\Programs\\Python\\Python311\\python.exe -m v42_dw.run"", ""RSS"": 3440889856, ""thread_count"": 4, ""self"": true}]"
2026-10-04T03:08:02.893844+00:00,363.8732807000051,periodic,,3052945408,34049220608,17866702848,16182517760,8934019072,688926720,20.4,16,16,4,"[{""pid"": 84576, ""ppid"": 96284, ""name"": ""python.exe"", ""command_line"": ""C:\\Users\\kjw39\\AppData\\Local\\Programs\\Python\\Python311\\python.exe -m v42_dw.run"", ""RSS"": 3473510400, ""thread_count"": 4, ""self"": true}]"
2026-10-04T03:08:10.587247+00:00,371.5749813999864,periodic,,3099160576,34049220608,17918304256,16130916352,8934019072,688926720,21.3,16,16,4,"[{""pid"": 84576, ""ppid"": 96284, ""name"": ""python.exe"", ""command_line"": ""C:\\Users\\kjw39\\AppData\\Local\\Programs\\Python\\Python311\\python.exe -m v42_dw.run"", ""RSS"": 3509141504, ""thread_count"": 4, ""self"": true}]"
2026-10-04T03:08:18.288706+00:00,379.262088199961,periodic,,3110805504,34049220608,17911369728,16137850880,8934019072,688926720,20.8,16,16,4,"[{""pid"": 84576, ""ppid"": 96284, ""name"": ""python.exe"", ""command_line"": ""C:\\Users\\kjw39\\AppData\\Local\\Programs\\Python\\Python311\\python.exe -m v42_dw.run"", ""RSS"": 3560865792, ""thread_count"": 4, ""self"": true}]"
2026-10-04T03:08:25.988642+00:00,386.7989876999636,periodic,,3160289280,34049220608,17961590784,16087629824,8934019072,688926720,21.2,16,16,4,"[{""pid"": 84576, ""ppid"": 96284, ""name"": ""python.exe"", ""command_line"": ""C:\\Users\\kjw39\\AppData\\Local\\Programs\\Python\\Python311\\python.exe -m v42_dw.run"", ""RSS"": 3567448064, ""thread_count"": 2, ""self"": true}]"
2026-10-04T03:08:33.522519+00:00,394.43405479996,periodic,,3156811776,34049220608,17955737600,16093483008,8934019072,688926720,19.2,16,16,2,"[{""pid"": 84576, ""ppid"": 96284, ""name"": ""python.exe"", ""command_line"": ""C:\\Users\\kjw39\\AppData\\Local\\Programs\\Python\\Python311\\python.exe -m v42_dw.run"", ""RSS"": 3157446656, ""thread_count"": 2, ""self"": true}]"
2026-10-04T03:08:41.151900+00:00,402.02721189998556,periodic,,3186741248,34049220608,17974808576,16074412032,8934019072,688926720,19.6,16,16,2,"[{""pid"": 84576, ""ppid"": 96284, ""name"": ""python.exe"", ""command_line"": ""C:\\Users\\kjw39\\AppData\\Local\\Programs\\Python\\Python311\\python.exe -m v42_dw.run"", ""RSS"": 3623174144, ""thread_count"": 2, ""self"": true}]"
2026-10-04T03:08:48.738872+00:00,409.54943779995665,periodic,,3230154752,34049220608,18013921280,16035299328,8934019072,688926720,19.8,16,16,2,"[{""pid"": 84576, ""ppid"": 96284, ""name"": ""python.exe"", ""command_line"": ""C:\\Users\\kjw39\\AppData\\Local\\Programs\\Python\\Python311\\python.exe -m v42_dw.run"", ""RSS"": 3653046272, ""thread_count"": 2, ""self"": true}]"
2026-10-04T03:08:56.274422+00:00,417.06879469996784,periodic,,3172917248,34049220608,17943576576,16105644032,8934019072,688926720,18.1,16,16,2,"[{""pid"": 84576, ""ppid"": 96284, ""name"": ""python.exe"", ""command_line"": ""C:\\Users\\kjw39\\AppData\\Local\\Programs\\Python\\Python311\\python.exe -m v42_dw.run"", ""RSS"": 3680456704, ""thread_count"": 2, ""self"": true}]"
2026-10-04T03:09:03.793433+00:00,424.5671255000052,periodic,,3312144384,34049220608,18098360320,15950860288,8934019072,688926720,20.0,16,16,2,"[{""pid"": 84576, ""ppid"": 96284, ""name"": ""python.exe"", ""command_line"": ""C:\\Users\\kjw39\\AppData\\Local\\Programs\\Python\\Python311\\python.exe -m v42_dw.run"", ""RSS"": 3710459904, ""thread_count"": 2, ""self"": true}]"
2026-10-04T03:09:11.285527+00:00,432.1695039999904,periodic,,3333750784,34049220608,18135687168,15913533440,8934019072,688926720,18.2,16,16,2,"[{""pid"": 84576, ""ppid"": 96284, ""name"": ""python.exe"", ""command_line"": ""C:\\Users\\kjw39\\AppData\\Local\\Programs\\Python\\Python311\\python.exe -m v42_dw.run"", ""RSS"": 3740266496, ""thread_count"": 2, ""self"": true}]"
2026-10-04T03:09:18.894564+00:00,439.85511159995804,periodic,,3291467776,34049220608,18073276416,15975944192,8934019072,688926720,18.7,16,16,2,"[{""pid"": 84576, ""ppid"": 96284, ""name"": ""python.exe"", ""command_line"": ""C:\\Users\\kjw39\\AppData\\Local\\Programs\\Python\\Python311\\python.exe -m v42_dw.run"", ""RSS"": 3264442368, ""thread_count"": 2, ""self"": true}]"
2026-10-04T03:09:26.628650+00:00,447.32517179998104,periodic,,3809849344,34049220608,18597343232,15451877376,8934019072,688926720,21.2,16,16,2,"[{""pid"": 84576, ""ppid"": 96284, ""name"": ""python.exe"", ""command_line"": ""C:\\Users\\kjw39\\AppData\\Local\\Programs\\Python\\Python311\\python.exe -m v42_dw.run"", ""RSS"": 3815575552, ""thread_count"": 2, ""self"": true}]"
2026-10-04T03:09:34.044024+00:00,454.84129449998727,periodic,,3304767488,34049220608,18082779136,15966441472,8934019072,688926720,18.1,16,16,2,"[{""pid"": 84576, ""ppid"": 96284, ""name"": ""python.exe"", ""command_line"": ""C:\\Users\\kjw39\\AppData\\Local\\Programs\\Python\\Python311\\python.exe -m v42_dw.run"", ""RSS"": 3810729984, ""thread_count"": 2, ""self"": true}]"
2026-10-04T03:09:41.559990+00:00,462.4710833999561,periodic,,3421999104,34049220608,18200342528,15848878080,8934019072,688926720,18.0,16,16,2,"[{""pid"": 84576, ""ppid"": 96284, ""name"": ""python.exe"", ""command_line"": ""C:\\Users\\kjw39\\AppData\\Local\\Programs\\Python\\Python311\\python.exe -m v42_dw.run"", ""RSS"": 3835449344, ""thread_count"": 2, ""self"": true}]"
2026-10-04T03:09:49.193329+00:00,470.0004229999613,periodic,,3450941440,34049220608,17439096832,16610123776,8934019072,705290240,22.2,16,16,2,"[{""pid"": 84576, ""ppid"": 96284, ""name"": ""python.exe"", ""command_line"": ""C:\\Users\\kjw39\\AppData\\Local\\Programs\\Python\\Python311\\python.exe -m v42_dw.run"", ""RSS"": 3864375296, ""thread_count"": 2, ""self"": true}]"
2026-10-04T03:09:56.724652+00:00,477.6466848999844,periodic,,3476836352,34049220608,17449283584,16599937024,8934019072,705290240,18.1,16,16,2,"[{""pid"": 84576, ""ppid"": 96284, ""name"": ""python.exe"", ""command_line"": ""C:\\Users\\kjw39\\AppData\\Local\\Programs\\Python\\Python311\\python.exe -m v42_dw.run"", ""RSS"": 3888988160, ""thread_count"": 2, ""self"": true}]"
2026-10-04T03:10:04.359338+00:00,485.23505199997453,periodic,,3511296000,34049220608,17499754496,16549466112,8934019072,705290240,19.1,16,16,2,"[{""pid"": 84576, ""ppid"": 96284, ""name"": ""python.exe"", ""command_line"": ""C:\\Users\\kjw39\\AppData\\Local\\Programs\\Python\\Python311\\python.exe -m v42_dw.run"", ""RSS"": 3915485184, ""thread_count"": 2, ""self"": true}]"
2026-10-04T03:10:11.953127+00:00,492.98651449999306,periodic,,3515564032,34049220608,17515601920,16533618688,8934019072,705290240,21.2,16,16,2,"[{""pid"": 84576, ""ppid"": 96284, ""name"": ""python.exe"", ""command_line"": ""C:\\Users\\kjw39\\AppData\\Local\\Programs\\Python\\Python311\\python.exe -m v42_dw.run"", ""RSS"": 3949424640, ""thread_count"": 2, ""self"": true}]"
2026-10-04T03:10:19.699831+00:00,500.82202019996475,periodic,,3567349760,34049220608,17571414016,16477806592,8934019072,705290240,20.6,16,16,2,"[{""pid"": 84576, ""ppid"": 96284, ""name"": ""python.exe"", ""command_line"": ""C:\\Users\\kjw39\\AppData\\Local\\Programs\\Python\\Python311\\python.exe -m v42_dw.run"", ""RSS"": 3982884864, ""thread_count"": 2, ""self"": true}]"
2026-10-04T03:10:27.536004+00:00,508.48554119997425,periodic,,3575103488,34049220608,17587388416,16461832192,8934019072,705290240,22.4,16,16,2,"[{""pid"": 84576, ""ppid"": 96284, ""name"": ""python.exe"", ""command_line"": ""C:\\Users\\kjw39\\AppData\\Local\\Programs\\Python\\Python311\\python.exe -m v42_dw.run"", ""RSS"": 4025221120, ""thread_count"": 2, ""self"": true}]"
2026-10-04T03:10:35.201410+00:00,516.2093590999721,periodic,,3624230912,34049220608,17638699008,16410521600,8934019072,705290240,20.4,16,16,2,"[{""pid"": 84576, ""ppid"": 96284, ""name"": ""python.exe"", ""command_line"": ""C:\\Users\\kjw39\\AppData\\Local\\Programs\\Python\\Python311\\python.exe -m v42_dw.run"", ""RSS"": 4041617408, ""thread_count"": 2, ""self"": true}]"
2026-10-04T03:10:42.923425+00:00,523.5767344000051,periodic,,3574329344,34049220608,17577717760,16471502848,8934019072,705290240,20.0,16,16,2,"[{""pid"": 84576, ""ppid"": 96284, ""name"": ""python.exe"", ""command_line"": ""C:\\Users\\kjw39\\AppData\\Local\\Programs\\Python\\Python311\\python.exe -m v42_dw.run"", ""RSS"": 3570589696, ""thread_count"": 2, ""self"": true}]"
2026-10-04T03:10:50.297882+00:00,531.1968128999579,periodic,,3728769024,34049220608,17709277184,16339943424,8934019072,705290240,20.5,16,16,2,"[{""pid"": 84576, ""ppid"": 96284, ""name"": ""python.exe"", ""command_line"": ""C:\\Users\\kjw39\\AppData\\Local\\Programs\\Python\\Python311\\python.exe -m v42_dw.run"", ""RSS"": 3750436864, ""thread_count"": 2, ""self"": true}]"
2026-10-04T03:10:57.917963+00:00,538.7971216999576,periodic,,3657113600,34049220608,17656082432,16393138176,8934019072,705290240,21.8,16,16,2,"[{""pid"": 84576, ""ppid"": 96284, ""name"": ""python.exe"", ""command_line"": ""C:\\Users\\kjw39\\AppData\\Local\\Programs\\Python\\Python311\\python.exe -m v42_dw.run"", ""RSS"": 3589574656, ""thread_count"": 2, ""self"": true}]"
2026-10-04T03:11:05.515919+00:00,546.4471188999596,periodic,,3691950080,34049220608,17693949952,16355270656,8934019072,705290240,20.0,16,16,2,"[{""pid"": 84576, ""ppid"": 96284, ""name"": ""python.exe"", ""command_line"": ""C:\\Users\\kjw39\\AppData\\Local\\Programs\\Python\\Python311\\python.exe -m v42_dw.run"", ""RSS"": 4124131328, ""thread_count"": 2, ""self"": true}]"
2026-10-04T03:11:13.173173+00:00,554.0842922999873,periodic,,3723317248,34049220608,17765748736,16283471872,8934019072,705290240,25.6,16,16,2,"[{""pid"": 84576, ""ppid"": 96284, ""name"": ""python.exe"", ""command_line"": ""C:\\Users\\kjw39\\AppData\\Local\\Programs\\Python\\Python311\\python.exe -m v42_dw.run"", ""RSS"": 4056616960, ""thread_count"": 2, ""self"": true}]"
2026-10-04T03:11:20.800305+00:00,561.9688059999608,periodic,,3753308160,34049220608,17771479040,16277741568,8934019072,705290240,20.7,16,16,2,"[{""pid"": 84576, ""ppid"": 96284, ""name"": ""python.exe"", ""command_line"": ""C:\\Users\\kjw39\\AppData\\Local\\Programs\\Python\\Python311\\python.exe -m v42_dw.run"", ""RSS"": 4183715840, ""thread_count"": 2, ""self"": true}]"
2026-10-04T03:11:28.689668+00:00,569.6782509000041,periodic,,3791372288,34049220608,17786904576,16262316032,8934019072,705290240,20.8,16,16,2,"[{""pid"": 84576, ""ppid"": 96284, ""name"": ""python.exe"", ""command_line"": ""C:\\Users\\kjw39\\AppData\\Local\\Programs\\Python\\Python311\\python.exe -m v42_dw.run"", ""RSS"": 3702210560, ""thread_count"": 2, ""self"": true}]"
2026-10-04T03:11:36.400533+00:00,577.2045652999659,periodic,,3821793280,34049220608,17820033024,16229187584,8934019072,705290240,22.3,16,16,2,"[{""pid"": 84576, ""ppid"": 96284, ""name"": ""python.exe"", ""command_line"": ""C:\\Users\\kjw39\\AppData\\Local\\Programs\\Python\\Python311\\python.exe -m v42_dw.run"", ""RSS"": 3840278528, ""thread_count"": 2, ""self"": true}]"
2026-10-04T03:11:43.920452+00:00,584.7024745999952,periodic,,3832074240,34049220608,17844006912,16205213696,8934019072,705290240,19.6,16,16,2,"[{""pid"": 84576, ""ppid"": 96284, ""name"": ""python.exe"", ""command_line"": ""C:\\Users\\kjw39\\AppData\\Local\\Programs\\Python\\Python311\\python.exe -m v42_dw.run"", ""RSS"": 3842281472, ""thread_count"": 4, ""self"": true}]"
2026-10-04T03:11:51.419711+00:00,592.0580710999784,periodic,,4367339520,34049220608,18355400704,15693819904,8934019072,705290240,18.8,16,16,4,"[{""pid"": 84576, ""ppid"": 96284, ""name"": ""python.exe"", ""command_line"": ""C:\\Users\\kjw39\\AppData\\Local\\Programs\\Python\\Python311\\python.exe -m v42_dw.run"", ""RSS"": 4330541056, ""thread_count"": 4, ""self"": true}]"
2026-10-04T03:11:58.777971+00:00,599.6600430999533,periodic,,3924144128,34049220608,17933840384,16115380224,8934019072,705290240,18.8,16,16,4,"[{""pid"": 84576, ""ppid"": 96284, ""name"": ""python.exe"", ""command_line"": ""C:\\Users\\kjw39\\AppData\\Local\\Programs\\Python\\Python311\\python.exe -m v42_dw.run"", ""RSS"": 3967684608, ""thread_count"": 4, ""self"": true}]"
2026-10-04T03:12:06.385369+00:00,607.2573050999781,periodic,,3921555456,34049220608,17947779072,16101441536,8934019072,705290240,21.3,16,16,4,"[{""pid"": 84576, ""ppid"": 96284, ""name"": ""python.exe"", ""command_line"": ""C:\\Users\\kjw39\\AppData\\Local\\Programs\\Python\\Python311\\python.exe -m v42_dw.run"", ""RSS"": 3911057408, ""thread_count"": 4, ""self"": true}]"
2026-10-04T03:12:13.982149+00:00,614.9051611999748,periodic,,3945099264,34049220608,17949892608,16099328000,8934019072,705290240,20.3,16,16,4,"[{""pid"": 84576, ""ppid"": 96284, ""name"": ""python.exe"", ""command_line"": ""C:\\Users\\kjw39\\AppData\\Local\\Programs\\Python\\Python311\\python.exe -m v42_dw.run"", ""RSS"": 3953520640, ""thread_count"": 4, ""self"": true}]"
2026-10-04T03:12:21.621378+00:00,622.5112446999992,periodic,,3859947520,34049220608,17870192640,16179027968,8934019072,705290240,19.9,16,16,4,"[{""pid"": 84576, ""ppid"": 96284, ""name"": ""python.exe"", ""command_line"": ""C:\\Users\\kjw39\\AppData\\Local\\Programs\\Python\\Python311\\python.exe -m v42_dw.run"", ""RSS"": 3854512128, ""thread_count"": 4, ""self"": true}]"
2026-10-04T03:12:29.235853+00:00,630.0906459999969,periodic,,4028153856,34049220608,18034696192,16014524416,8934019072,705290240,20.1,16,16,4,"[{""pid"": 84576, ""ppid"": 96284, ""name"": ""python.exe"", ""command_line"": ""C:\\Users\\kjw39\\AppData\\Local\\Programs\\Python\\Python311\\python.exe -m v42_dw.run"", ""RSS"": 4409163776, ""thread_count"": 4, ""self"": true}]"
2026-10-04T03:12:36.816307+00:00,637.698161999986,periodic,,4015337472,34049220608,18021838848,16027381760,8934019072,705290240,18.3,16,16,4,"[{""pid"": 84576, ""ppid"": 96284, ""name"": ""python.exe"", ""command_line"": ""C:\\Users\\kjw39\\AppData\\Local\\Programs\\Python\\Python311\\python.exe -m v42_dw.run"", ""RSS"": 4037935104, ""thread_count"": 4, ""self"": true}]"
2026-10-04T03:12:44.417794+00:00,645.2499965999741,periodic,,4017913856,34049220608,18023624704,16025595904,8934019072,705290240,19.9,16,16,4,"[{""pid"": 84576, ""ppid"": 96284, ""name"": ""python.exe"", ""command_line"": ""C:\\Users\\kjw39\\AppData\\Local\\Programs\\Python\\Python311\\python.exe -m v42_dw.run"", ""RSS"": 4057034752, ""thread_count"": 4, ""self"": true}]"
2026-10-04T03:12:51.964352+00:00,652.8052344999742,periodic,,4205563904,34049220608,18188083200,15861137408,8934019072,705290240,20.0,16,16,4,"[{""pid"": 84576, ""ppid"": 96284, ""name"": ""python.exe"", ""command_line"": ""C:\\Users\\kjw39\\AppData\\Local\\Programs\\Python\\Python311\\python.exe -m v42_dw.run"", ""RSS"": 4076916736, ""thread_count"": 4, ""self"": true}]"
2026-10-04T03:12:59.528247+00:00,660.2316988999955,periodic,,3964243968,34049220608,17972338688,16076881920,8934019072,705290240,19.6,16,16,2,"[{""pid"": 84576, ""ppid"": 96284, ""name"": ""python.exe"", ""command_line"": ""C:\\Users\\kjw39\\AppData\\Local\\Programs\\Python\\Python311\\python.exe -m v42_dw.run"", ""RSS"": 3964252160, ""thread_count"": 2, ""self"": true}]"
2026-10-04T03:13:06.956268+00:00,667.8664124999777,periodic,,4105531392,34049220608,18121273344,15927947264,8934019072,705290240,19.1,16,16,2,"[{""pid"": 84576, ""ppid"": 96284, ""name"": ""python.exe"", ""command_line"": ""C:\\Users\\kjw39\\AppData\\Local\\Programs\\Python\\Python311\\python.exe -m v42_dw.run"", ""RSS"": 4105531392, ""thread_count"": 2, ""self"": true}]"
2026-10-04T03:13:14.582081+00:00,675.5492487999727,periodic,,4105531392,34049220608,18130268160,15918952448,8934019072,705290240,19.3,16,16,2,"[{""pid"": 84576, ""ppid"": 96284, ""name"": ""python.exe"", ""command_line"": ""C:\\Users\\kjw39\\AppData\\Local\\Programs\\Python\\Python311\\python.exe -m v42_dw.run"", ""RSS"": 4105531392, ""thread_count"": 2, ""self"": true}]"
2026-10-04T03:13:22.269250+00:00,683.3397612999543,periodic,,4023627776,34049220608,18253033472,15796187136,8934019072,705290240,20.9,16,16,2,"[{""pid"": 84576, ""ppid"": 96284, ""name"": ""python.exe"", ""command_line"": ""C:\\Users\\kjw39\\AppData\\Local\\Programs\\Python\\Python311\\python.exe -m v42_dw.run"", ""RSS"": 4519497728, ""thread_count"": 2, ""self"": true}]"
2026-10-04T03:13:30.060060+00:00,690.9225665999693,periodic,,4134244352,34049220608,18366558208,15682662400,8934019072,705290240,22.4,16,16,2,"[{""pid"": 84576, ""ppid"": 96284, ""name"": ""python.exe"", ""command_line"": ""C:\\Users\\kjw39\\AppData\\Local\\Programs\\Python\\Python311\\python.exe -m v42_dw.run"", ""RSS"": 4179177472, ""thread_count"": 2, ""self"": true}]"
2026-10-04T03:13:37.638320+00:00,698.48408689996,periodic,,4163944448,34049220608,18132090880,15917129728,8934019072,705290240,21.3,16,16,2,"[{""pid"": 84576, ""ppid"": 96284, ""name"": ""python.exe"", ""command_line"": ""C:\\Users\\kjw39\\AppData\\Local\\Programs\\Python\\Python311\\python.exe -m v42_dw.run"", ""RSS"": 4183629824, ""thread_count"": 2, ""self"": true}]"
2026-10-04T03:13:45.197818+00:00,706.0519787999801,periodic,,4171706368,34049220608,18121383936,15927836672,8934019072,705290240,20.8,16,16,2,"[{""pid"": 84576, ""ppid"": 96284, ""name"": ""python.exe"", ""command_line"": ""C:\\Users\\kjw39\\AppData\\Local\\Programs\\Python\\Python311\\python.exe -m v42_dw.run"", ""RSS"": 4183113728, ""thread_count"": 2, ""self"": true}]"
2026-10-04T03:13:52.792650+00:00,713.4639687999734,periodic,,4084408320,34049220608,18019659776,16029560832,8934019072,705290240,21.2,16,16,2,"[{""pid"": 84576, ""ppid"": 96284, ""name"": ""python.exe"", ""command_line"": ""C:\\Users\\kjw39\\AppData\\Local\\Programs\\Python\\Python311\\python.exe -m v42_dw.run"", ""RSS"": 4087926784, ""thread_count"": 2, ""self"": true}]"
2026-10-04T03:14:00.181990+00:00,721.0067262999946,periodic,,4267155456,34049220608,18230329344,15818891264,8934019072,705290240,18.5,16,16,2,"[{""pid"": 84576, ""ppid"": 96284, ""name"": ""python.exe"", ""command_line"": ""C:\\Users\\kjw39\\AppData\\Local\\Programs\\Python\\Python311\\python.exe -m v42_dw.run"", ""RSS"": 4634124288, ""thread_count"": 2, ""self"": true}]"
2026-10-04T03:14:07.729732+00:00,728.5666958999936,periodic,,4251054080,34049220608,18217369600,15831851008,8934019072,705290240,19.7,16,16,2,"[{""pid"": 84576, ""ppid"": 96284, ""name"": ""python.exe"", ""command_line"": ""C:\\Users\\kjw39\\AppData\\Local\\Programs\\Python\\Python311\\python.exe -m v42_dw.run"", ""RSS"": 4277563392, ""thread_count"": 2, ""self"": true}]"
2026-10-04T03:14:15.279632+00:00,736.1687721000053,periodic,,4712157184,34049220608,18674135040,15375085568,8934019072,705290240,21.1,16,16,2,"[{""pid"": 84576, ""ppid"": 96284, ""name"": ""python.exe"", ""command_line"": ""C:\\Users\\kjw39\\AppData\\Local\\Programs\\Python\\Python311\\python.exe -m v42_dw.run"", ""RSS"": 4269150208, ""thread_count"": 2, ""self"": true}]"
2026-10-04T03:14:22.886397+00:00,743.7795882999781,periodic,,4185653248,34049220608,18134417408,15914803200,8934019072,705290240,21.2,16,16,2,"[{""pid"": 84576, ""ppid"": 96284, ""name"": ""python.exe"", ""command_line"": ""C:\\Users\\kjw39\\AppData\\Local\\Programs\\Python\\Python311\\python.exe -m v42_dw.run"", ""RSS"": 4169052160, ""thread_count"": 2, ""self"": true}]"
2026-10-04T03:14:30.504168+00:00,751.3160085999989,periodic,,4353228800,34049220608,18321145856,15728074752,8934019072,705290240,20.6,16,16,2,"[{""pid"": 84576, ""ppid"": 96284, ""name"": ""python.exe"", ""command_line"": ""C:\\Users\\kjw39\\AppData\\Local\\Programs\\Python\\Python311\\python.exe -m v42_dw.run"", ""RSS"": 4726333440, ""thread_count"": 2, ""self"": true}]"
2026-10-04T03:14:38.039503+00:00,758.8718074999633,periodic,,4339904512,34049220608,18308759552,15740461056,8934019072,705290240,18.5,16,16,2,"[{""pid"": 84576, ""ppid"": 96284, ""name"": ""python.exe"", ""command_line"": ""C:\\Users\\kjw39\\AppData\\Local\\Programs\\Python\\Python311\\python.exe -m v42_dw.run"", ""RSS"": 4365287424, ""thread_count"": 2, ""self"": true}]"
2026-10-04T03:14:45.593053+00:00,766.4487244999618,periodic,,4817039360,34049220608,18789953536,15259267072,8934019072,705290240,20.1,16,16,2,"[{""pid"": 84576, ""ppid"": 96284, ""name"": ""python.exe"", ""command_line"": ""C:\\Users\\kjw39\\AppData\\Local\\Programs\\Python\\Python311\\python.exe -m v42_dw.run"", ""RSS"": 4358467584, ""thread_count"": 2, ""self"": true}]"
2026-10-04T03:14:53.169342+00:00,774.1343206999591,periodic,,4261228544,34049220608,18214793216,15834427392,8934019072,705290240,20.9,16,16,3,"[{""pid"": 84576, ""ppid"": 96284, ""name"": ""python.exe"", ""command_line"": ""C:\\Users\\kjw39\\AppData\\Local\\Programs\\Python\\Python311\\python.exe -m v42_dw.run"", ""RSS"": 4255961088, ""thread_count"": 3, ""self"": true}]"
2026-10-04T03:15:00.860618+00:00,781.7032733999658,periodic,,4450070528,34049220608,18444357632,15604862976,8934019072,705290240,17.4,16,16,3,"[{""pid"": 84576, ""ppid"": 96284, ""name"": ""python.exe"", ""command_line"": ""C:\\Users\\kjw39\\AppData\\Local\\Programs\\Python\\Python311\\python.exe -m v42_dw.run"", ""RSS"": 4812001280, ""thread_count"": 3, ""self"": true}]"
2026-10-04T03:15:08.426424+00:00,789.2943452000036,periodic,,4423589888,34049220608,18388840448,15660380160,8934019072,705290240,21.6,16,16,3,"[{""pid"": 84576, ""ppid"": 96284, ""name"": ""python.exe"", ""command_line"": ""C:\\Users\\kjw39\\AppData\\Local\\Programs\\Python\\Python311\\python.exe -m v42_dw.run"", ""RSS"": 4475764736, ""thread_count"": 3, ""self"": true}]"
2026-10-04T03:15:16.018864+00:00,796.8405679999851,periodic,,4453068800,34049220608,18431037440,15618183168,8934019072,705290240,20.8,16,16,3,"[{""pid"": 84576, ""ppid"": 96284, ""name"": ""python.exe"", ""command_line"": ""C:\\Users\\kjw39\\AppData\\Local\\Programs\\Python\\Python311\\python.exe -m v42_dw.run"", ""RSS"": 4443308032, ""thread_count"": 3, ""self"": true}]"
2026-10-04T03:15:23.553536+00:00,804.4896254999912,periodic,,4353687552,34049220608,18326900736,15722319872,8934019072,705290240,19.4,16,16,3,"[{""pid"": 84576, ""ppid"": 96284, ""name"": ""python.exe"", ""command_line"": ""C:\\Users\\kjw39\\AppData\\Local\\Programs\\Python\\Python311\\python.exe -m v42_dw.run"", ""RSS"": 4348391424, ""thread_count"": 3, ""self"": true}]"
2026-10-04T03:15:31.211756+00:00,812.1701268999605,periodic,,4504162304,34049220608,18483585024,15565635584,8934019072,705290240,20.4,16,16,3,"[{""pid"": 84576, ""ppid"": 96284, ""name"": ""python.exe"", ""command_line"": ""C:\\Users\\kjw39\\AppData\\Local\\Programs\\Python\\Python311\\python.exe -m v42_dw.run"", ""RSS"": 4899942400, ""thread_count"": 3, ""self"": true}]"
2026-10-04T03:15:38.888002+00:00,819.7334544999758,periodic,,4511641600,34049220608,18488356864,15560863744,8934019072,705290240,21.1,16,16,3,"[{""pid"": 84576, ""ppid"": 96284, ""name"": ""python.exe"", ""command_line"": ""C:\\Users\\kjw39\\AppData\\Local\\Programs\\Python\\Python311\\python.exe -m v42_dw.run"", ""RSS"": 4534226944, ""thread_count"": 3, ""self"": true}]"
2026-10-04T03:15:46.457252+00:00,827.3343050999683,periodic,,5020348416,34049220608,18997383168,15051837440,8934019072,705290240,19.5,16,16,3,"[{""pid"": 84576, ""ppid"": 96284, ""name"": ""python.exe"", ""command_line"": ""C:\\Users\\kjw39\\AppData\\Local\\Programs\\Python\\Python311\\python.exe -m v42_dw.run"", ""RSS"": 4542537728, ""thread_count"": 3, ""self"": true}]"
2026-10-04T03:15:54.077052+00:00,834.9034551999648,periodic,,4956229632,34049220608,18935574528,15113646080,8934019072,705290240,19.5,16,16,3,"[{""pid"": 84576, ""ppid"": 96284, ""name"": ""python.exe"", ""command_line"": ""C:\\Users\\kjw39\\AppData\\Local\\Programs\\Python\\Python311\\python.exe -m v42_dw.run"", ""RSS"": 4419932160, ""thread_count"": 3, ""self"": true}]"
2026-10-04T03:16:01.627522+00:00,842.6740668999846,periodic,,4589047808,34049220608,18595770368,15453450240,8934019072,705290240,18.7,16,16,3,"[{""pid"": 84576, ""ppid"": 96284, ""name"": ""python.exe"", ""command_line"": ""C:\\Users\\kjw39\\AppData\\Local\\Programs\\Python\\Python311\\python.exe -m v42_dw.run"", ""RSS"": 4989784064, ""thread_count"": 3, ""self"": true}]"
2026-10-04T03:16:09.399647+00:00,850.2760423999862,periodic,,4598644736,34049220608,18583945216,15465275392,8934019072,705290240,18.7,16,16,3,"[{""pid"": 84576, ""ppid"": 96284, ""name"": ""python.exe"", ""command_line"": ""C:\\Users\\kjw39\\AppData\\Local\\Programs\\Python\\Python311\\python.exe -m v42_dw.run"", ""RSS"": 4614266880, ""thread_count"": 3, ""self"": true}]"
2026-10-04T03:16:17.013408+00:00,857.728434699995,periodic,,4488974336,34049220608,18470526976,15578693632,8934019072,705290240,19.1,16,16,2,"[{""pid"": 84576, ""ppid"": 96284, ""name"": ""python.exe"", ""command_line"": ""C:\\Users\\kjw39\\AppData\\Local\\Programs\\Python\\Python311\\python.exe -m v42_dw.run"", ""RSS"": 4494417920, ""thread_count"": 2, ""self"": true}]"
2026-10-04T03:16:24.444036+00:00,865.5359939999762,periodic,,4676747264,34049220608,18646544384,15402676224,8934019072,705290240,19.9,16,16,2,"[{""pid"": 84576, ""ppid"": 96284, ""name"": ""python.exe"", ""command_line"": ""C:\\Users\\kjw39\\AppData\\Local\\Programs\\Python\\Python311\\python.exe -m v42_dw.run"", ""RSS"": 5044854784, ""thread_count"": 2, ""self"": true}]"
2026-10-04T03:16:32.252810+00:00,873.123787199962,periodic,,4655616000,34049220608,18629656576,15419564032,8934019072,705290240,21.0,16,16,2,"[{""pid"": 84576, ""ppid"": 96284, ""name"": ""python.exe"", ""command_line"": ""C:\\Users\\kjw39\\AppData\\Local\\Programs\\Python\\Python311\\python.exe -m v42_dw.run"", ""RSS"": 4677787648, ""thread_count"": 2, ""self"": true}]"
2026-10-04T03:16:39.840603+00:00,880.7445291999611,periodic,,4779479040,34049220608,18757357568,15291863040,8934019072,705290240,20.5,16,16,2,"[{""pid"": 84576, ""ppid"": 96284, ""name"": ""python.exe"", ""command_line"": ""C:\\Users\\kjw39\\AppData\\Local\\Programs\\Python\\Python311\\python.exe -m v42_dw.run"", ""RSS"": 4686200832, ""thread_count"": 2, ""self"": true}]"
2026-10-04T03:16:47.523340+00:00,888.3498893999495,periodic,,5112467456,34049220608,19093364736,14955855872,8934019072,705290240,20.1,16,16,2,"[{""pid"": 84576, ""ppid"": 96284, ""name"": ""python.exe"", ""command_line"": ""C:\\Users\\kjw39\\AppData\\Local\\Programs\\Python\\Python311\\python.exe -m v42_dw.run"", ""RSS"": 5102596096, ""thread_count"": 2, ""self"": true}]"
2026-10-04T03:16:55.062833+00:00,896.0177073999657,periodic,,4734279680,34049220608,18688831488,15360389120,8934019072,705290240,19.0,16,16,2,"[{""pid"": 84576, ""ppid"": 96284, ""name"": ""python.exe"", ""command_line"": ""C:\\Users\\kjw39\\AppData\\Local\\Programs\\Python\\Python311\\python.exe -m v42_dw.run"", ""RSS"": 4761890816, ""thread_count"": 2, ""self"": true}]"
2026-10-04T03:17:02.737064+00:00,903.6239702999592,periodic,,4747943936,34049220608,18728284160,15320936448,8934019072,705290240,22.9,16,16,2,"[{""pid"": 84576, ""ppid"": 96284, ""name"": ""python.exe"", ""command_line"": ""C:\\Users\\kjw39\\AppData\\Local\\Programs\\Python\\Python311\\python.exe -m v42_dw.run"", ""RSS"": 4749475840, ""thread_count"": 2, ""self"": true}]"
2026-10-04T03:17:10.405613+00:00,911.2914260999532,periodic,,4635795456,34049220608,18622734336,15426486272,8934019072,705290240,20.6,16,16,2,"[{""pid"": 84576, ""ppid"": 96284, ""name"": ""python.exe"", ""command_line"": ""C:\\Users\\kjw39\\AppData\\Local\\Programs\\Python\\Python311\\python.exe -m v42_dw.run"", ""RSS"": 4636688384, ""thread_count"": 2, ""self"": true}]"
2026-10-04T03:17:18.011318+00:00,918.9998186999583,periodic,,4799082496,34049220608,18782416896,15266803712,8934019072,705290240,22.1,16,16,2,"[{""pid"": 84576, ""ppid"": 96284, ""name"": ""python.exe"", ""command_line"": ""C:\\Users\\kjw39\\AppData\\Local\\Programs\\Python\\Python311\\python.exe -m v42_dw.run"", ""RSS"": 5194182656, ""thread_count"": 2, ""self"": true}]"
2026-10-04T03:17:25.719169+00:00,926.8990936999908,periodic,,4807237632,34049220608,18824663040,15224557568,8934019072,705290240,21.0,16,16,2,"[{""pid"": 84576, ""ppid"": 96284, ""name"": ""python.exe"", ""command_line"": ""C:\\Users\\kjw39\\AppData\\Local\\Programs\\Python\\Python311\\python.exe -m v42_dw.run"", ""RSS"": 4810297344, ""thread_count"": 2, ""self"": true}]"
2026-10-04T03:17:33.756110+00:00,934.5638111999724,periodic,,4699836416,34049220608,18689810432,15359410176,8934019072,705290240,22.4,16,16,2,"[{""pid"": 84576, ""ppid"": 96284, ""name"": ""python.exe"", ""command_line"": ""C:\\Users\\kjw39\\AppData\\Local\\Programs\\Python\\Python311\\python.exe -m v42_dw.run"", ""RSS"": 4700729344, ""thread_count"": 2, ""self"": true}]"
2026-10-04T03:17:41.276559+00:00,942.2108237999491,periodic,,4855648256,34049220608,18875154432,15174066176,8934019072,705290240,19.8,16,16,2,"[{""pid"": 84576, ""ppid"": 96284, ""name"": ""python.exe"", ""command_line"": ""C:\\Users\\kjw39\\AppData\\Local\\Programs\\Python\\Python311\\python.exe -m v42_dw.run"", ""RSS"": 5250957312, ""thread_count"": 2, ""self"": true}]"
2026-10-04T03:17:48.931912+00:00,949.8550430999603,periodic,,4865503232,34049220608,18872541184,15176679424,8934019072,705290240,21.0,16,16,2,"[{""pid"": 84576, ""ppid"": 96284, ""name"": ""python.exe"", ""command_line"": ""C:\\Users\\kjw39\\AppData\\Local\\Programs\\Python\\Python311\\python.exe -m v42_dw.run"", ""RSS"": 4886028288, ""thread_count"": 2, ""self"": true}]"
2026-10-04T03:17:56.569772+00:00,957.1491853999905,periodic,,4766498816,34049220608,18771935232,15277285376,8934019072,705290240,22.7,16,16,2,"[{""pid"": 84576, ""ppid"": 96284, ""name"": ""python.exe"", ""command_line"": ""C:\\Users\\kjw39\\AppData\\Local\\Programs\\Python\\Python311\\python.exe -m v42_dw.run"", ""RSS"": 5074141184, ""thread_count"": 2, ""self"": true}]"
2026-10-04T03:18:03.872145+00:00,964.484116699954,periodic,,4946923520,34049220608,18970304512,15078916096,8934019072,705290240,20.4,16,16,2,"[{""pid"": 84576, ""ppid"": 96284, ""name"": ""python.exe"", ""command_line"": ""C:\\Users\\kjw39\\AppData\\Local\\Programs\\Python\\Python311\\python.exe -m v42_dw.run"", ""RSS"": 5315399680, ""thread_count"": 2, ""self"": true}]"
2026-10-04T03:18:11.201263+00:00,971.9224453999777,periodic,,4923965440,34049220608,18915872768,15133347840,8934019072,705290240,14.5,16,16,2,"[{""pid"": 84576, ""ppid"": 96284, ""name"": ""python.exe"", ""command_line"": ""C:\\Users\\kjw39\\AppData\\Local\\Programs\\Python\\Python311\\python.exe -m v42_dw.run"", ""RSS"": 4945289216, ""thread_count"": 2, ""self"": true}]"
2026-10-04T03:18:18.641654+00:00,979.3838451000047,periodic,,5407399936,34049220608,19362979840,14686240768,8934019072,705290240,16.6,16,16,2,"[{""pid"": 84576, ""ppid"": 96284, ""name"": ""python.exe"", ""command_line"": ""C:\\Users\\kjw39\\AppData\\Local\\Programs\\Python\\Python311\\python.exe -m v42_dw.run"", ""RSS"": 4951924736, ""thread_count"": 2, ""self"": true}]"
2026-10-04T03:18:26.099801+00:00,986.714141000004,periodic,,4841721856,34049220608,18829357056,15219863552,8934019072,705290240,16.0,16,16,2,"[{""pid"": 84576, ""ppid"": 96284, ""name"": ""python.exe"", ""command_line"": ""C:\\Users\\kjw39\\AppData\\Local\\Programs\\Python\\Python311\\python.exe -m v42_dw.run"", ""RSS"": 4829913088, ""thread_count"": 2, ""self"": true}]"
2026-10-04T03:18:33.458688+00:00,994.2525919000036,periodic,,5003022336,34049220608,18968469504,15080751104,8934019072,705290240,14.5,16,16,2,"[{""pid"": 84576, ""ppid"": 96284, ""name"": ""python.exe"", ""command_line"": ""C:\\Users\\kjw39\\AppData\\Local\\Programs\\Python\\Python311\\python.exe -m v42_dw.run"", ""RSS"": 5036773376, ""thread_count"": 2, ""self"": true}]"
2026-10-04T03:18:40.964688+00:00,1001.6368482999969,periodic,,5012455424,34049220608,18978357248,15070863360,8934019072,705290240,16.5,16,16,2,"[{""pid"": 84576, ""ppid"": 96284, ""name"": ""python.exe"", ""command_line"": ""C:\\Users\\kjw39\\AppData\\Local\\Programs\\Python\\Python311\\python.exe -m v42_dw.run"", ""RSS"": 5030776832, ""thread_count"": 2, ""self"": true}]"
2026-10-04T03:18:48.447455+00:00,1008.9657474999549,periodic,,4899745792,34049220608,18839965696,15209254912,8934019072,705290240,15.8,16,16,2,"[{""pid"": 84576, ""ppid"": 96284, ""name"": ""python.exe"", ""command_line"": ""C:\\Users\\kjw39\\AppData\\Local\\Programs\\Python\\Python311\\python.exe -m v42_dw.run"", ""RSS"": 4900696064, ""thread_count"": 2, ""self"": true}]"
2026-10-04T03:18:55.692263+00:00,1016.5063912000041,periodic,,5067911168,34049220608,18996559872,15052660736,8934019072,705290240,13.3,16,16,2,"[{""pid"": 84576, ""ppid"": 96284, ""name"": ""python.exe"", ""command_line"": ""C:\\Users\\kjw39\\AppData\\Local\\Programs\\Python\\Python311\\python.exe -m v42_dw.run"", ""RSS"": 5461868544, ""thread_count"": 2, ""self"": true}]"
2026-10-04T03:19:03.231190+00:00,1023.9028293999727,periodic,,5069402112,34049220608,19038613504,15010607104,8934019072,705290240,19.8,16,16,2,"[{""pid"": 84576, ""ppid"": 96284, ""name"": ""python.exe"", ""command_line"": ""C:\\Users\\kjw39\\AppData\\Local\\Programs\\Python\\Python311\\python.exe -m v42_dw.run"", ""RSS"": 5086715904, ""thread_count"": 2, ""self"": true}]"
2026-10-04T03:19:10.624271+00:00,1031.0803919999744,periodic,,4959473664,34049220608,18857857024,15191363584,8934019072,705290240,16.0,16,16,2,"[{""pid"": 84576, ""ppid"": 96284, ""name"": ""python.exe"", ""command_line"": ""C:\\Users\\kjw39\\AppData\\Local\\Programs\\Python\\Python311\\python.exe -m v42_dw.run"", ""RSS"": 4959473664, ""thread_count"": 2, ""self"": true}]"
2026-10-04T03:19:17.805246+00:00,1038.5292955999612,periodic,,5121773568,34049220608,19028324352,15020896256,8934019072,705290240,13.7,16,16,2,"[{""pid"": 84576, ""ppid"": 96284, ""name"": ""python.exe"", ""command_line"": ""C:\\Users\\kjw39\\AppData\\Local\\Programs\\Python\\Python311\\python.exe -m v42_dw.run"", ""RSS"": 5517762560, ""thread_count"": 2, ""self"": true}]"
2026-10-04T03:19:25.248330+00:00,1046.0099033999722,periodic,,5132042240,34049220608,19031007232,15018213376,8934019072,705290240,16.3,16,16,2,"[{""pid"": 84576, ""ppid"": 96284, ""name"": ""python.exe"", ""command_line"": ""C:\\Users\\kjw39\\AppData\\Local\\Programs\\Python\\Python311\\python.exe -m v42_dw.run"", ""RSS"": 5153370112, ""thread_count"": 2, ""self"": true}]"
2026-10-04T03:19:32.734322+00:00,1053.48696749995,periodic,,5273763840,34049220608,19177881600,14871339008,8934019072,705290240,17.0,16,16,2,"[{""pid"": 84576, ""ppid"": 96284, ""name"": ""python.exe"", ""command_line"": ""C:\\Users\\kjw39\\AppData\\Local\\Programs\\Python\\Python311\\python.exe -m v42_dw.run"", ""RSS"": 5160267776, ""thread_count"": 2, ""self"": true}]"
2026-10-04T03:19:40.212717+00:00,1060.833157499961,periodic,,5571276800,34049220608,19473727488,14575493120,8934019072,705290240,16.3,16,16,2,"[{""pid"": 84576, ""ppid"": 96284, ""name"": ""python.exe"", ""command_line"": ""C:\\Users\\kjw39\\AppData\\Local\\Programs\\Python\\Python311\\python.exe -m v42_dw.run"", ""RSS"": 5576720384, ""thread_count"": 2, ""self"": true}]"
2026-10-04T03:19:47.545663+00:00,1068.323077499983,periodic,,5209378816,34049220608,19105132544,14944088064,8934019072,705290240,12.9,16,16,2,"[{""pid"": 84576, ""ppid"": 96284, ""name"": ""python.exe"", ""command_line"": ""C:\\Users\\kjw39\\AppData\\Local\\Programs\\Python\\Python311\\python.exe -m v42_dw.run"", ""RSS"": 5096312832, ""thread_count"": 2, ""self"": true}]"
2026-10-04T03:19:55.038946+00:00,1075.7326116999611,periodic,,5217619968,34049220608,19094958080,14954262528,8934019072,705290240,17.3,16,16,2,"[{""pid"": 84576, ""ppid"": 96284, ""name"": ""python.exe"", ""command_line"": ""C:\\Users\\kjw39\\AppData\\Local\\Programs\\Python\\Python311\\python.exe -m v42_dw.run"", ""RSS"": 5240811520, ""thread_count"": 2, ""self"": true}]"
2026-10-04T03:20:02.615021+00:00,1083.215152299963,periodic,,5106380800,34049220608,19043995648,15005224960,8934019072,705290240,17.4,16,16,2,"[{""pid"": 84576, ""ppid"": 96284, ""name"": ""python.exe"", ""command_line"": ""C:\\Users\\kjw39\\AppData\\Local\\Programs\\Python\\Python311\\python.exe -m v42_dw.run"", ""RSS"": 5107273728, ""thread_count"": 2, ""self"": true}]"
2026-10-04T03:20:09.928574+00:00,1090.689437599969,periodic,,5271797760,34049220608,19194847232,14854373376,8934019072,705290240,15.2,16,16,2,"[{""pid"": 84576, ""ppid"": 96284, ""name"": ""python.exe"", ""command_line"": ""C:\\Users\\kjw39\\AppData\\Local\\Programs\\Python\\Python311\\python.exe -m v42_dw.run"", ""RSS"": 5661274112, ""thread_count"": 2, ""self"": true}]"
2026-10-04T03:20:17.409452+00:00,1098.1247915999847,periodic,,5276028928,34049220608,19198910464,14850310144,8934019072,705290240,15.9,16,16,2,"[{""pid"": 84576, ""ppid"": 96284, ""name"": ""python.exe"", ""command_line"": ""C:\\Users\\kjw39\\AppData\\Local\\Programs\\Python\\Python311\\python.exe -m v42_dw.run"", ""RSS"": 5297147904, ""thread_count"": 2, ""self"": true}]"
2026-10-04T03:20:24.874832+00:00,1105.3711167000001,periodic,,5171134464,34049220608,19093876736,14955343872,8934019072,705290240,15.8,16,16,2,"[{""pid"": 84576, ""ppid"": 96284, ""name"": ""python.exe"", ""command_line"": ""C:\\Users\\kjw39\\AppData\\Local\\Programs\\Python\\Python311\\python.exe -m v42_dw.run"", ""RSS"": 5172027392, ""thread_count"": 2, ""self"": true}]"
2026-10-04T03:20:32.092397+00:00,1112.7914583999664,periodic,,5332684800,34049220608,19262259200,14786961408,8934019072,705290240,15.7,16,16,2,"[{""pid"": 84576, ""ppid"": 96284, ""name"": ""python.exe"", ""command_line"": ""C:\\Users\\kjw39\\AppData\\Local\\Programs\\Python\\Python311\\python.exe -m v42_dw.run"", ""RSS"": 5725368320, ""thread_count"": 2, ""self"": true}]"
2026-10-04T03:20:39.508766+00:00,1120.1844648999977,periodic,,5335363584,34049220608,19261902848,14787317760,8934019072,705290240,14.9,16,16,2,"[{""pid"": 84576, ""ppid"": 96284, ""name"": ""python.exe"", ""command_line"": ""C:\\Users\\kjw39\\AppData\\Local\\Programs\\Python\\Python311\\python.exe -m v42_dw.run"", ""RSS"": 5336608768, ""thread_count"": 2, ""self"": true}]"
2026-10-04T03:20:46.903217+00:00,1127.4469110000064,periodic,,5215793152,34049220608,19127042048,14922178560,8934019072,705290240,15.3,16,16,2,"[{""pid"": 84576, ""ppid"": 96284, ""name"": ""python.exe"", ""command_line"": ""C:\\Users\\kjw39\\AppData\\Local\\Programs\\Python\\Python311\\python.exe -m v42_dw.run"", ""RSS"": 5215793152, ""thread_count"": 2, ""self"": true}]"
2026-10-04T03:20:54.172010+00:00,1134.9643613999942,periodic,,5390356480,34049220608,19292123136,14757097472,8934019072,705290240,14.4,16,16,2,"[{""pid"": 84576, ""ppid"": 96284, ""name"": ""python.exe"", ""command_line"": ""C:\\Users\\kjw39\\AppData\\Local\\Programs\\Python\\Python311\\python.exe -m v42_dw.run"", ""RSS"": 5786578944, ""thread_count"": 2, ""self"": true}]"
2026-10-04T03:21:01.683085+00:00,1142.3857499999576,periodic,,5395648512,34049220608,19316027392,14733193216,8934019072,705290240,17.9,16,16,2,"[{""pid"": 84576, ""ppid"": 96284, ""name"": ""python.exe"", ""command_line"": ""C:\\Users\\kjw39\\AppData\\Local\\Programs\\Python\\Python311\\python.exe -m v42_dw.run"", ""RSS"": 5418418176, ""thread_count"": 2, ""self"": true}]"
2026-10-04T03:21:09.096618+00:00,1149.4946066999692,periodic,,5296943104,34049220608,19201658880,14847561728,8934019072,705290240,16.9,16,16,2,"[{""pid"": 84576, ""ppid"": 96284, ""name"": ""python.exe"", ""command_line"": ""C:\\Users\\kjw39\\AppData\\Local\\Programs\\Python\\Python311\\python.exe -m v42_dw.run"", ""RSS"": 5291499520, ""thread_count"": 2, ""self"": true}]"
2026-10-04T03:21:16.219092+00:00,1156.9611155999592,periodic,,5447942144,34049220608,19326304256,14722916352,8934019072,705290240,14.7,16,16,2,"[{""pid"": 84576, ""ppid"": 96284, ""name"": ""python.exe"", ""command_line"": ""C:\\Users\\kjw39\\AppData\\Local\\Programs\\Python\\Python311\\python.exe -m v42_dw.run"", ""RSS"": 5844746240, ""thread_count"": 2, ""self"": true}]"
2026-10-04T03:21:23.680052+00:00,1164.3344719999586,periodic,,5452742656,34049220608,19325972480,14723248128,8934019072,705290240,16.1,16,16,2,"[{""pid"": 84576, ""ppid"": 96284, ""name"": ""python.exe"", ""command_line"": ""C:\\Users\\kjw39\\AppData\\Local\\Programs\\Python\\Python311\\python.exe -m v42_dw.run"", ""RSS"": 5471387648, ""thread_count"": 2, ""self"": true}]"
2026-10-04T03:21:31.051607+00:00,1171.5732856999966,periodic,,5343494144,34049220608,19280973824,14768246784,8934019072,705290240,15.9,16,16,2,"[{""pid"": 84576, ""ppid"": 96284, ""name"": ""python.exe"", ""command_line"": ""C:\\Users\\kjw39\\AppData\\Local\\Programs\\Python\\Python311\\python.exe -m v42_dw.run"", ""RSS"": 5342351360, ""thread_count"": 2, ""self"": true}]"
2026-10-04T03:21:38.290489+00:00,1179.0039425999857,periodic,,5505601536,34049220608,19376340992,14672879616,8934019072,705290240,15.0,16,16,2,"[{""pid"": 84576, ""ppid"": 96284, ""name"": ""python.exe"", ""command_line"": ""C:\\Users\\kjw39\\AppData\\Local\\Programs\\Python\\Python311\\python.exe -m v42_dw.run"", ""RSS"": 5904138240, ""thread_count"": 2, ""self"": true}]"
2026-10-04T03:21:45.730465+00:00,1186.3752742999932,periodic,,5513904128,34049220608,19390926848,14658293760,8934019072,705290240,15.3,16,16,2,"[{""pid"": 84576, ""ppid"": 96284, ""name"": ""python.exe"", ""command_line"": ""C:\\Users\\kjw39\\AppData\\Local\\Programs\\Python\\Python311\\python.exe -m v42_dw.run"", ""RSS"": 5535088640, ""thread_count"": 2, ""self"": true}]"
2026-10-04T03:21:53.160936+00:00,1193.6363381999545,periodic,,5408002048,34049220608,19282628608,14766592000,8934019072,705290240,14.9,16,16,2,"[{""pid"": 84576, ""ppid"": 96284, ""name"": ""python.exe"", ""command_line"": ""C:\\Users\\kjw39\\AppData\\Local\\Programs\\Python\\Python311\\python.exe -m v42_dw.run"", ""RSS"": 5408894976, ""thread_count"": 2, ""self"": true}]"
2026-10-04T03:22:00.353586+00:00,1201.02811449999,periodic,,5588873216,34049220608,19505106944,14544113664,8934019072,705290240,16.3,16,16,2,"[{""pid"": 84576, ""ppid"": 96284, ""name"": ""python.exe"", ""command_line"": ""C:\\Users\\kjw39\\AppData\\Local\\Programs\\Python\\Python311\\python.exe -m v42_dw.run"", ""RSS"": 5961203712, ""thread_count"": 2, ""self"": true}]"
2026-10-04T03:22:07.754089+00:00,1208.4140396000003,periodic,,5570596864,34049220608,19488362496,14560858112,8934019072,705290240,16.5,16,16,2,"[{""pid"": 84576, ""ppid"": 96284, ""name"": ""python.exe"", ""command_line"": ""C:\\Users\\kjw39\\AppData\\Local\\Programs\\Python\\Python311\\python.exe -m v42_dw.run"", ""RSS"": 5589913600, ""thread_count"": 2, ""self"": true}]"
2026-10-04T03:22:15.139671+00:00,1215.5694072999759,periodic,,5455609856,34049220608,19390238720,14658981888,8934019072,705290240,15.4,16,16,2,"[{""pid"": 84576, ""ppid"": 96284, ""name"": ""python.exe"", ""command_line"": ""C:\\Users\\kjw39\\AppData\\Local\\Programs\\Python\\Python311\\python.exe -m v42_dw.run"", ""RSS"": 5461053440, ""thread_count"": 2, ""self"": true}]"
2026-10-04T03:22:22.282258+00:00,1223.0238164999755,periodic,,5623672832,34049220608,19549802496,14499418112,8934019072,705290240,14.1,16,16,2,"[{""pid"": 84576, ""ppid"": 96284, ""name"": ""python.exe"", ""command_line"": ""C:\\Users\\kjw39\\AppData\\Local\\Programs\\Python\\Python311\\python.exe -m v42_dw.run"", ""RSS"": 6021226496, ""thread_count"": 2, ""self"": true}]"
2026-10-04T03:22:29.739590+00:00,1230.5240373999695,periodic,,5633064960,34049220608,19560026112,14489194496,8934019072,705290240,16.1,16,16,2,"[{""pid"": 84576, ""ppid"": 96284, ""name"": ""python.exe"", ""command_line"": ""C:\\Users\\kjw39\\AppData\\Local\\Programs\\Python\\Python311\\python.exe -m v42_dw.run"", ""RSS"": 5650427904, ""thread_count"": 2, ""self"": true}]"
2026-10-04T03:22:37.243836+00:00,1237.6769823999493,periodic,,5518327808,34049220608,19453956096,14595264512,8934019072,705290240,16.9,16,16,2,"[{""pid"": 84576, ""ppid"": 96284, ""name"": ""python.exe"", ""command_line"": ""C:\\Users\\kjw39\\AppData\\Local\\Programs\\Python\\Python311\\python.exe -m v42_dw.run"", ""RSS"": 5525479424, ""thread_count"": 2, ""self"": true}]"
2026-10-04T03:22:44.409001+00:00,1245.0916076999856,periodic,,5687119872,34049220608,19613982720,14435237888,8934019072,705290240,13.2,16,16,2,"[{""pid"": 84576, ""ppid"": 96284, ""name"": ""python.exe"", ""command_line"": ""C:\\Users\\kjw39\\AppData\\Local\\Programs\\Python\\Python311\\python.exe -m v42_dw.run"", ""RSS"": 6080880640, ""thread_count"": 2, ""self"": true}]"
2026-10-04T03:22:51.805463+00:00,1252.4495875999564,periodic,,5689167872,34049220608,19598766080,14450454528,8934019072,705290240,16.8,16,16,2,"[{""pid"": 84576, ""ppid"": 96284, ""name"": ""python.exe"", ""command_line"": ""C:\\Users\\kjw39\\AppData\\Local\\Programs\\Python\\Python311\\python.exe -m v42_dw.run"", ""RSS"": 5704310784, ""thread_count"": 2, ""self"": true}]"
2026-10-04T03:22:59.172534+00:00,1259.6651891999645,periodic,,5596512256,34049220608,19512729600,14536491008,8934019072,705290240,15.1,16,16,2,"[{""pid"": 84576, ""ppid"": 96284, ""name"": ""python.exe"", ""command_line"": ""C:\\Users\\kjw39\\AppData\\Local\\Programs\\Python\\Python311\\python.exe -m v42_dw.run"", ""RSS"": 5577658368, ""thread_count"": 2, ""self"": true}]"
2026-10-04T03:23:06.380383+00:00,1267.0993916000007,periodic,,5748137984,34049220608,19678519296,14370701312,8934019072,705290240,14.5,16,16,2,"[{""pid"": 84576, ""ppid"": 96284, ""name"": ""python.exe"", ""command_line"": ""C:\\Users\\kjw39\\AppData\\Local\\Programs\\Python\\Python311\\python.exe -m v42_dw.run"", ""RSS"": 6133030912, ""thread_count"": 2, ""self"": true}]"
2026-10-04T03:23:13.820730+00:00,1274.484858599957,periodic,,5750239232,34049220608,19679236096,14369984512,8934019072,705290240,16.7,16,16,2,"[{""pid"": 84576, ""ppid"": 96284, ""name"": ""python.exe"", ""command_line"": ""C:\\Users\\kjw39\\AppData\\Local\\Programs\\Python\\Python311\\python.exe -m v42_dw.run"", ""RSS"": 5751291904, ""thread_count"": 2, ""self"": true}]"
2026-10-04T03:23:21.206878+00:00,1281.6653853000025,periodic,,5624537088,34049220608,19594317824,14454902784,8934019072,705290240,15.5,16,16,2,"[{""pid"": 84576, ""ppid"": 96284, ""name"": ""python.exe"", ""command_line"": ""C:\\Users\\kjw39\\AppData\\Local\\Programs\\Python\\Python311\\python.exe -m v42_dw.run"", ""RSS"": 5631332352, ""thread_count"": 2, ""self"": true}]"
2026-10-04T03:23:28.391031+00:00,1289.1268681999645,periodic,,5795282944,34049220608,19700207616,14349012992,8934019072,705290240,14.3,16,16,2,"[{""pid"": 84576, ""ppid"": 96284, ""name"": ""python.exe"", ""command_line"": ""C:\\Users\\kjw39\\AppData\\Local\\Programs\\Python\\Python311\\python.exe -m v42_dw.run"", ""RSS"": 5825392640, ""thread_count"": 2, ""self"": true}]"
2026-10-04T03:23:35.846194+00:00,1296.4629305999842,periodic,,5809147904,34049220608,19750719488,14298501120,8934019072,705290240,16.6,16,16,2,"[{""pid"": 84576, ""ppid"": 96284, ""name"": ""python.exe"", ""command_line"": ""C:\\Users\\kjw39\\AppData\\Local\\Programs\\Python\\Python311\\python.exe -m v42_dw.run"", ""RSS"": 5797867520, ""thread_count"": 2, ""self"": true}]"
2026-10-04T03:23:43.367841+00:00,1303.9527608999633,periodic,,6224871424,34049220608,20136620032,13912600576,8934019072,705290240,14.9,16,16,2,"[{""pid"": 84576, ""ppid"": 96284, ""name"": ""python.exe"", ""command_line"": ""C:\\Users\\kjw39\\AppData\\Local\\Programs\\Python\\Python311\\python.exe -m v42_dw.run"", ""RSS"": 5685424128, ""thread_count"": 2, ""self"": true}]"
2026-10-04T03:23:50.674915+00:00,1311.3939317999757,periodic,,5826285568,34049220608,19750498304,14298722304,8934019072,705290240,15.2,16,16,2,"[{""pid"": 84576, ""ppid"": 96284, ""name"": ""python.exe"", ""command_line"": ""C:\\Users\\kjw39\\AppData\\Local\\Programs\\Python\\Python311\\python.exe -m v42_dw.run"", ""RSS"": 5882482688, ""thread_count"": 2, ""self"": true}]"
2026-10-04T03:23:58.115356+00:00,1318.744458000001,periodic,,5838532608,34049220608,19764613120,14284607488,8934019072,705290240,15.2,16,16,2,"[{""pid"": 84576, ""ppid"": 96284, ""name"": ""python.exe"", ""command_line"": ""C:\\Users\\kjw39\\AppData\\Local\\Programs\\Python\\Python311\\python.exe -m v42_dw.run"", ""RSS"": 5856337920, ""thread_count"": 2, ""self"": true}]"
2026-10-04T03:24:05.479339+00:00,1326.0217559000012,periodic,,6281895936,34049220608,20212789248,13836431360,8934019072,705290240,15.4,16,16,2,"[{""pid"": 84576, ""ppid"": 96284, ""name"": ""python.exe"", ""command_line"": ""C:\\Users\\kjw39\\AppData\\Local\\Programs\\Python\\Python311\\python.exe -m v42_dw.run"", ""RSS"": 5744992256, ""thread_count"": 2, ""self"": true}]"
2026-10-04T03:24:12.733948+00:00,1333.4037805999978,periodic,,5895307264,34049220608,19844538368,14204682240,8934019072,705290240,15.6,16,16,2,"[{""pid"": 84576, ""ppid"": 96284, ""name"": ""python.exe"", ""command_line"": ""C:\\Users\\kjw39\\AppData\\Local\\Programs\\Python\\Python311\\python.exe -m v42_dw.run"", ""RSS"": 5918543872, ""thread_count"": 2, ""self"": true}]"
2026-10-04T03:24:20.136118+00:00,1340.7381556999753,periodic,,5790777344,34049220608,19721945088,14327275520,8934019072,705290240,16.2,16,16,2,"[{""pid"": 84576, ""ppid"": 96284, ""name"": ""python.exe"", ""command_line"": ""C:\\Users\\kjw39\\AppData\\Local\\Programs\\Python\\Python311\\python.exe -m v42_dw.run"", ""RSS"": 5794295808, ""thread_count"": 2, ""self"": true}]"
2026-10-04T03:24:27.464843+00:00,1348.038208199956,periodic,,5972852736,34049220608,19883024384,14166196224,8934019072,705290240,13.7,16,16,2,"[{""pid"": 84576, ""ppid"": 96284, ""name"": ""python.exe"", ""command_line"": ""C:\\Users\\kjw39\\AppData\\Local\\Programs\\Python\\Python311\\python.exe -m v42_dw.run"", ""RSS"": 6347735040, ""thread_count"": 2, ""self"": true}]"
2026-10-04T03:24:34.750629+00:00,1355.4575021999772,periodic,,5957177344,34049220608,19876937728,14172282880,8934019072,705290240,16.6,16,16,2,"[{""pid"": 84576, ""ppid"": 96284, ""name"": ""python.exe"", ""command_line"": ""C:\\Users\\kjw39\\AppData\\Local\\Programs\\Python\\Python311\\python.exe -m v42_dw.run"", ""RSS"": 5957562368, ""thread_count"": 2, ""self"": true}]"
2026-10-04T03:24:42.188690+00:00,1362.598528500006,periodic,,5834567680,34049220608,19750268928,14298951680,8934019072,705290240,16.1,16,16,2,"[{""pid"": 84576, ""ppid"": 96284, ""name"": ""python.exe"", ""command_line"": ""C:\\Users\\kjw39\\AppData\\Local\\Programs\\Python\\Python311\\python.exe -m v42_dw.run"", ""RSS"": 5839785984, ""thread_count"": 2, ""self"": true}]"
2026-10-04T03:24:49.310097+00:00,1370.0492273999844,periodic,,6010048512,34049220608,19942162432,14107058176,8934019072,705290240,13.4,16,16,2,"[{""pid"": 84576, ""ppid"": 96284, ""name"": ""python.exe"", ""command_line"": ""C:\\Users\\kjw39\\AppData\\Local\\Programs\\Python\\Python311\\python.exe -m v42_dw.run"", ""RSS"": 6035173376, ""thread_count"": 2, ""self"": true}]"
2026-10-04T03:24:56.775484+00:00,1377.4332128999522,periodic,,5973438464,34049220608,19912552448,14136668160,8934019072,705290240,16.5,16,16,2,"[{""pid"": 84576, ""ppid"": 96284, ""name"": ""python.exe"", ""command_line"": ""C:\\Users\\kjw39\\AppData\\Local\\Programs\\Python\\Python311\\python.exe -m v42_dw.run"", ""RSS"": 5993127936, ""thread_count"": 2, ""self"": true}]"
2026-10-04T03:25:04.150665+00:00,1384.5452710999525,periodic,,5860741120,34049220608,19800338432,14248882176,8934019072,705290240,15.8,16,16,2,"[{""pid"": 84576, ""ppid"": 96284, ""name"": ""python.exe"", ""command_line"": ""C:\\Users\\kjw39\\AppData\\Local\\Programs\\Python\\Python311\\python.exe -m v42_dw.run"", ""RSS"": 5860777984, ""thread_count"": 2, ""self"": true}]"
2026-10-04T03:25:11.262874+00:00,1392.1527386999805,periodic,,6029205504,34049220608,19975348224,14073872384,8934019072,705290240,13.5,16,16,2,"[{""pid"": 84576, ""ppid"": 96284, ""name"": ""python.exe"", ""command_line"": ""C:\\Users\\kjw39\\AppData\\Local\\Programs\\Python\\Python311\\python.exe -m v42_dw.run"", ""RSS"": 5920083968, ""thread_count"": 2, ""self"": true}]"
2026-10-04T03:25:18.871292+00:00,1399.4939743999857,periodic,,6041288704,34049220608,19930419200,14118801408,8934019072,705290240,17.7,16,16,2,"[{""pid"": 84576, ""ppid"": 96284, ""name"": ""python.exe"", ""command_line"": ""C:\\Users\\kjw39\\AppData\\Local\\Programs\\Python\\Python311\\python.exe -m v42_dw.run"", ""RSS"": 6053044224, ""thread_count"": 2, ""self"": true}]"
2026-10-04T03:25:26.205798+00:00,1406.5951213999651,periodic,,5915643904,34049220608,19816992768,14232227840,8934019072,705290240,15.1,16,16,2,"[{""pid"": 84576, ""ppid"": 96284, ""name"": ""python.exe"", ""command_line"": ""C:\\Users\\kjw39\\AppData\\Local\\Programs\\Python\\Python311\\python.exe -m v42_dw.run"", ""RSS"": 5922422784, ""thread_count"": 2, ""self"": true}]"
2026-10-04T03:25:33.319576+00:00,1414.2102015999844,periodic,,6086762496,34049220608,20042391552,14006829056,8934019072,705290240,14.8,16,16,2,"[{""pid"": 84576, ""ppid"": 96284, ""name"": ""python.exe"", ""command_line"": ""C:\\Users\\kjw39\\AppData\\Local\\Programs\\Python\\Python311\\python.exe -m v42_dw.run"", ""RSS"": 6113738752, ""thread_count"": 2, ""self"": true}]"
2026-10-04T03:25:40.928376+00:00,1421.681644700002,periodic,,6529597440,34049220608,20464185344,13585035264,8934019072,705290240,16.9,16,16,2,"[{""pid"": 84576, ""ppid"": 96284, ""name"": ""python.exe"", ""command_line"": ""C:\\Users\\kjw39\\AppData\\Local\\Programs\\Python\\Python311\\python.exe -m v42_dw.run"", ""RSS"": 6100197376, ""thread_count"": 2, ""self"": true}]"
2026-10-04T03:25:48.400249+00:00,1428.8520142000052,periodic,,6517055488,34049220608,20470042624,13579177984,8934019072,705290240,16.7,16,16,2,"[{""pid"": 84576, ""ppid"": 96284, ""name"": ""python.exe"", ""command_line"": ""C:\\Users\\kjw39\\AppData\\Local\\Programs\\Python\\Python311\\python.exe -m v42_dw.run"", ""RSS"": 6517055488, ""thread_count"": 2, ""self"": true}]"
2026-10-04T03:25:55.578322+00:00,1436.3225268999813,periodic,,6118895616,34049220608,20065095680,13984124928,8934019072,705290240,13.4,16,16,2,"[{""pid"": 84576, ""ppid"": 96284, ""name"": ""python.exe"", ""command_line"": ""C:\\Users\\kjw39\\AppData\\Local\\Programs\\Python\\Python311\\python.exe -m v42_dw.run"", ""RSS"": 6175911936, ""thread_count"": 2, ""self"": true}]"
2026-10-04T03:26:03.044841+00:00,1443.8057060999563,periodic,,6592512000,34049220608,20533829632,13515390976,8934019072,705290240,16.1,16,16,2,"[{""pid"": 84576, ""ppid"": 96284, ""name"": ""python.exe"", ""command_line"": ""C:\\Users\\kjw39\\AppData\\Local\\Programs\\Python\\Python311\\python.exe -m v42_dw.run"", ""RSS"": 6159380480, ""thread_count"": 2, ""self"": true}]"
2026-10-04T03:26:10.520351+00:00,1451.3292686999775,periodic,,6578683904,34049220608,20528881664,13520338944,8934019072,705290240,17.2,16,16,2,"[{""pid"": 84576, ""ppid"": 96284, ""name"": ""python.exe"", ""command_line"": ""C:\\Users\\kjw39\\AppData\\Local\\Programs\\Python\\Python311\\python.exe -m v42_dw.run"", ""RSS"": 6574469120, ""thread_count"": 2, ""self"": true}]"
2026-10-04T03:26:18.051862+00:00,1458.8098310999922,periodic,,6178832384,34049220608,20113162240,13936058368,8934019072,705290240,13.6,16,16,2,"[{""pid"": 84576, ""ppid"": 96284, ""name"": ""python.exe"", ""command_line"": ""C:\\Users\\kjw39\\AppData\\Local\\Programs\\Python\\Python311\\python.exe -m v42_dw.run"", ""RSS"": 6234980352, ""thread_count"": 2, ""self"": true}]"
2026-10-04T03:26:25.533715+00:00,1466.2345985999564,periodic,,6651953152,34049220608,20599410688,13449809920,8934019072,705290240,16.8,16,16,2,"[{""pid"": 84576, ""ppid"": 96284, ""name"": ""python.exe"", ""command_line"": ""C:\\Users\\kjw39\\AppData\\Local\\Programs\\Python\\Python311\\python.exe -m v42_dw.run"", ""RSS"": 6220103680, ""thread_count"": 2, ""self"": true}]"
2026-10-04T03:26:32.945788+00:00,1473.5161408999702,periodic,,6642290688,34049220608,20584345600,13464875008,8934019072,705290240,15.4,16,16,2,"[{""pid"": 84576, ""ppid"": 96284, ""name"": ""python.exe"", ""command_line"": ""C:\\Users\\kjw39\\AppData\\Local\\Programs\\Python\\Python311\\python.exe -m v42_dw.run"", ""RSS"": 6636929024, ""thread_count"": 2, ""self"": true}]"
2026-10-04T03:26:40.232512+00:00,1480.9849927999894,periodic,,6238183424,34049220608,20186230784,13862989824,8934019072,705290240,14.8,16,16,2,"[{""pid"": 84576, ""ppid"": 96284, ""name"": ""python.exe"", ""command_line"": ""C:\\Users\\kjw39\\AppData\\Local\\Programs\\Python\\Python311\\python.exe -m v42_dw.run"", ""RSS"": 6292779008, ""thread_count"": 2, ""self"": true}]"
2026-10-04T03:26:47.706010+00:00,1488.3730280000018,periodic,,6453448704,34049220608,20395704320,13653516288,8934019072,705290240,15.6,16,16,2,"[{""pid"": 84576, ""ppid"": 96284, ""name"": ""python.exe"", ""command_line"": ""C:\\Users\\kjw39\\AppData\\Local\\Programs\\Python\\Python311\\python.exe -m v42_dw.run"", ""RSS"": 6279315456, ""thread_count"": 2, ""self"": true}]"
2026-10-04T03:26:55.087032+00:00,1495.5547736999579,periodic,,6699364352,34049220608,20454621184,13594599424,8934019072,706740224,15.6,16,16,2,"[{""pid"": 84576, ""ppid"": 96284, ""name"": ""python.exe"", ""command_line"": ""C:\\Users\\kjw39\\AppData\\Local\\Programs\\Python\\Python311\\python.exe -m v42_dw.run"", ""RSS"": 6699364352, ""thread_count"": 2, ""self"": true}]"
2026-10-04T03:27:02.282314+00:00,1502.966263099981,periodic,,6308474880,34049220608,20061450240,13987770368,8934019072,706740224,16.1,16,16,2,"[{""pid"": 84576, ""ppid"": 96284, ""name"": ""python.exe"", ""command_line"": ""C:\\Users\\kjw39\\AppData\\Local\\Programs\\Python\\Python311\\python.exe -m v42_dw.run"", ""RSS"": 6331650048, ""thread_count"": 2, ""self"": true}]"
2026-10-04T03:27:09.697235+00:00,1510.1847267999547,periodic,,6201278464,34049220608,19955920896,14093299712,8934019072,706740224,15.6,16,16,2,"[{""pid"": 84576, ""ppid"": 96284, ""name"": ""python.exe"", ""command_line"": ""C:\\Users\\kjw39\\AppData\\Local\\Programs\\Python\\Python311\\python.exe -m v42_dw.run"", ""RSS"": 6204796928, ""thread_count"": 2, ""self"": true}]"
2026-10-04T03:27:16.911166+00:00,1517.7024590999936,periodic,,6383431680,34049220608,20155953152,13893267456,8934019072,706740224,14.5,16,16,2,"[{""pid"": 84576, ""ppid"": 96284, ""name"": ""python.exe"", ""command_line"": ""C:\\Users\\kjw39\\AppData\\Local\\Programs\\Python\\Python311\\python.exe -m v42_dw.run"", ""RSS"": 6760431616, ""thread_count"": 2, ""self"": true}]"
2026-10-04T03:27:24.418293+00:00,1525.1634741000016,periodic,,6368534528,34049220608,20126707712,13922512896,8934019072,706740224,17.3,16,16,2,"[{""pid"": 84576, ""ppid"": 96284, ""name"": ""python.exe"", ""command_line"": ""C:\\Users\\kjw39\\AppData\\Local\\Programs\\Python\\Python311\\python.exe -m v42_dw.run"", ""RSS"": 6386413568, ""thread_count"": 2, ""self"": true}]"
2026-10-04T03:27:31.893493+00:00,1532.3952055999544,periodic,,6257926144,34049220608,20035653632,14013566976,8934019072,706740224,16.4,16,16,2,"[{""pid"": 84576, ""ppid"": 96284, ""name"": ""python.exe"", ""command_line"": ""C:\\Users\\kjw39\\AppData\\Local\\Programs\\Python\\Python311\\python.exe -m v42_dw.run"", ""RSS"": 6259044352, ""thread_count"": 2, ""self"": true}]"
2026-10-04T03:27:39.119863+00:00,1539.9317899000016,periodic,,6420836352,34049220608,20213989376,13835231232,8934019072,706740224,14.3,16,16,2,"[{""pid"": 84576, ""ppid"": 96284, ""name"": ""python.exe"", ""command_line"": ""C:\\Users\\kjw39\\AppData\\Local\\Programs\\Python\\Python311\\python.exe -m v42_dw.run"", ""RSS"": 6832214016, ""thread_count"": 2, ""self"": true}]"
2026-10-04T03:27:46.643507+00:00,1547.3499807000044,periodic,,6430556160,34049220608,20190851072,13858369536,8934019072,706740224,17.3,16,16,2,"[{""pid"": 84576, ""ppid"": 96284, ""name"": ""python.exe"", ""command_line"": ""C:\\Users\\kjw39\\AppData\\Local\\Programs\\Python\\Python311\\python.exe -m v42_dw.run"", ""RSS"": 6430482432, ""thread_count"": 2, ""self"": true}]"
2026-10-04T03:27:54.087577+00:00,1554.7028767999727,periodic,,6844370944,34049220608,20606476288,13442744320,8934019072,706740224,15.1,16,16,2,"[{""pid"": 84576, ""ppid"": 96284, ""name"": ""python.exe"", ""command_line"": ""C:\\Users\\kjw39\\AppData\\Local\\Programs\\Python\\Python311\\python.exe -m v42_dw.run"", ""RSS"": 6844370944, ""thread_count"": 2, ""self"": true}]"
2026-10-04T03:28:01.428656+00:00,1562.205249199993,periodic,,6476075008,34049220608,20242096128,13807124480,8934019072,706740224,13.7,16,16,2,"[{""pid"": 84576, ""ppid"": 96284, ""name"": ""python.exe"", ""command_line"": ""C:\\Users\\kjw39\\AppData\\Local\\Programs\\Python\\Python311\\python.exe -m v42_dw.run"", ""RSS"": 6509166592, ""thread_count"": 2, ""self"": true}]"
2026-10-04T03:28:08.930922+00:00,1569.5919524999917,periodic,,6473920512,34049220608,20245463040,13803757568,8934019072,706740224,16.2,16,16,2,"[{""pid"": 84576, ""ppid"": 96284, ""name"": ""python.exe"", ""command_line"": ""C:\\Users\\kjw39\\AppData\\Local\\Programs\\Python\\Python311\\python.exe -m v42_dw.run"", ""RSS"": 6482087936, ""thread_count"": 2, ""self"": true}]"
2026-10-04T03:28:16.321661+00:00,1576.8209702000022,periodic,,6369730560,34049220608,20133015552,13916205056,8934019072,706740224,17.7,16,16,2,"[{""pid"": 84576, ""ppid"": 96284, ""name"": ""python.exe"", ""command_line"": ""C:\\Users\\kjw39\\AppData\\Local\\Programs\\Python\\Python311\\python.exe -m v42_dw.run"", ""RSS"": 6369738752, ""thread_count"": 2, ""self"": true}]"
2026-10-04T03:28:23.547890+00:00,1584.3872131999815,periodic,,6542118912,34049220608,20300902400,13748318208,8934019072,706740224,14.0,16,16,2,"[{""pid"": 84576, ""ppid"": 96284, ""name"": ""python.exe"", ""command_line"": ""C:\\Users\\kjw39\\AppData\\Local\\Programs\\Python\\Python311\\python.exe -m v42_dw.run"", ""RSS"": 6431686656, ""thread_count"": 2, ""self"": true}]"
2026-10-04T03:28:31.099665+00:00,1591.8210461999988,periodic,,6550728704,34049220608,20310261760,13738958848,8934019072,706740224,16.6,16,16,2,"[{""pid"": 84576, ""ppid"": 96284, ""name"": ""python.exe"", ""command_line"": ""C:\\Users\\kjw39\\AppData\\Local\\Programs\\Python\\Python311\\python.exe -m v42_dw.run"", ""RSS"": 6540181504, ""thread_count"": 2, ""self"": true}]"
2026-10-04T03:28:38.548597+00:00,1599.400660299987,periodic,,6964006912,34049220608,20766830592,13282390016,8934019072,706740224,16.5,16,16,2,"[{""pid"": 84576, ""ppid"": 96284, ""name"": ""python.exe"", ""command_line"": ""C:\\Users\\kjw39\\AppData\\Local\\Programs\\Python\\Python311\\python.exe -m v42_dw.run"", ""RSS"": 6428774400, ""thread_count"": 2, ""self"": true}]"
2026-10-04T03:28:46.120545+00:00,1606.9036307999631,periodic,,6600212480,34049220608,20361973760,13687246848,8934019072,706740224,14.3,16,16,2,"[{""pid"": 84576, ""ppid"": 96284, ""name"": ""python.exe"", ""command_line"": ""C:\\Users\\kjw39\\AppData\\Local\\Programs\\Python\\Python311\\python.exe -m v42_dw.run"", ""RSS"": 6625931264, ""thread_count"": 2, ""self"": true}]"
2026-10-04T03:28:53.628835+00:00,1614.374766199966,periodic,,7040200704,34049220608,20811931648,13237288960,8934019072,706740224,15.9,16,16,2,"[{""pid"": 84576, ""ppid"": 96284, ""name"": ""python.exe"", ""command_line"": ""C:\\Users\\kjw39\\AppData\\Local\\Programs\\Python\\Python311\\python.exe -m v42_dw.run"", ""RSS"": 6611361792, ""thread_count"": 2, ""self"": true}]"
2026-10-04T03:29:01.089403+00:00,1622.0265782999923,periodic,,7029698560,34049220608,20799533056,13249687552,8934019072,706740224,16.9,16,16,2,"[{""pid"": 84576, ""ppid"": 96284, ""name"": ""python.exe"", ""command_line"": ""C:\\Users\\kjw39\\AppData\\Local\\Programs\\Python\\Python311\\python.exe -m v42_dw.run"", ""RSS"": 7024254976, ""thread_count"": 2, ""self"": true}]"
2026-10-04T03:29:08.750219+00:00,1629.5484144999646,periodic,,6639075328,34049220608,20418670592,13630550016,8934019072,706740224,16.9,16,16,2,"[{""pid"": 84576, ""ppid"": 96284, ""name"": ""python.exe"", ""command_line"": ""C:\\Users\\kjw39\\AppData\\Local\\Programs\\Python\\Python311\\python.exe -m v42_dw.run"", ""RSS"": 6662320128, ""thread_count"": 2, ""self"": true}]"
2026-10-04T03:29:16.273934+00:00,1636.8847073999932,periodic,,6508085248,34049220608,20278771712,13770448896,8934019072,706740224,18.4,16,16,2,"[{""pid"": 84576, ""ppid"": 96284, ""name"": ""python.exe"", ""command_line"": ""C:\\Users\\kjw39\\AppData\\Local\\Programs\\Python\\Python311\\python.exe -m v42_dw.run"", ""RSS"": 6504275968, ""thread_count"": 2, ""self"": true}]"
2026-10-04T03:29:23.598837+00:00,1644.5010381999891,periodic,,6675496960,34049220608,20440879104,13608341504,8934019072,706740224,15.0,16,16,2,"[{""pid"": 84576, ""ppid"": 96284, ""name"": ""python.exe"", ""command_line"": ""C:\\Users\\kjw39\\AppData\\Local\\Programs\\Python\\Python311\\python.exe -m v42_dw.run"", ""RSS"": 7083229184, ""thread_count"": 2, ""self"": true}]"
2026-10-04T03:29:31.212860+00:00,1651.971023399965,periodic,,6686228480,34049220608,20478398464,13570822144,8934019072,706740224,16.0,16,16,2,"[{""pid"": 84576, ""ppid"": 96284, ""name"": ""python.exe"", ""command_line"": ""C:\\Users\\kjw39\\AppData\\Local\\Programs\\Python\\Python311\\python.exe -m v42_dw.run"", ""RSS"": 6709174272, ""thread_count"": 2, ""self"": true}]"
2026-10-04T03:29:38.697621+00:00,1659.700188799994,periodic,,6572683264,34049220608,20392730624,13656489984,8934019072,706740224,15.7,16,16,2,"[{""pid"": 84576, ""ppid"": 96284, ""name"": ""python.exe"", ""command_line"": ""C:\\Users\\kjw39\\AppData\\Local\\Programs\\Python\\Python311\\python.exe -m v42_dw.run"", ""RSS"": 6578126848, ""thread_count"": 2, ""self"": true}]"
2026-10-04T03:29:46.414149+00:00,1667.200680799957,periodic,,6739185664,34049220608,20517126144,13532094464,8934019072,706740224,15.4,16,16,2,"[{""pid"": 84576, ""ppid"": 96284, ""name"": ""python.exe"", ""command_line"": ""C:\\Users\\kjw39\\AppData\\Local\\Programs\\Python\\Python311\\python.exe -m v42_dw.run"", ""RSS"": 7132856320, ""thread_count"": 2, ""self"": true}]"
2026-10-04T03:29:53.917607+00:00,1674.6354850999778,periodic,,6743543808,34049220608,20518060032,13531160576,8934019072,706740224,15.6,16,16,2,"[{""pid"": 84576, ""ppid"": 96284, ""name"": ""python.exe"", ""command_line"": ""C:\\Users\\kjw39\\AppData\\Local\\Programs\\Python\\Python311\\python.exe -m v42_dw.run"", ""RSS"": 6767853568, ""thread_count"": 2, ""self"": true}]"
2026-10-04T03:30:01.350492+00:00,1681.9741781000048,periodic,,6633865216,34049220608,20405444608,13643776000,8934019072,706740224,16.4,16,16,2,"[{""pid"": 84576, ""ppid"": 96284, ""name"": ""python.exe"", ""command_line"": ""C:\\Users\\kjw39\\AppData\\Local\\Programs\\Python\\Python311\\python.exe -m v42_dw.run"", ""RSS"": 6628806656, ""thread_count"": 2, ""self"": true}]"
2026-10-04T03:30:08.693991+00:00,1689.632345799997,periodic,,6797185024,34049220608,20549668864,13499551744,8934019072,706740224,14.5,16,16,2,"[{""pid"": 84576, ""ppid"": 96284, ""name"": ""python.exe"", ""command_line"": ""C:\\Users\\kjw39\\AppData\\Local\\Programs\\Python\\Python311\\python.exe -m v42_dw.run"", ""RSS"": 6683881472, ""thread_count"": 2, ""self"": true}]"
2026-10-04T03:30:16.353239+00:00,1697.0617137999507,periodic,,6802059264,34049220608,20557017088,13492203520,8934019072,706740224,17.6,16,16,2,"[{""pid"": 84576, ""ppid"": 96284, ""name"": ""python.exe"", ""command_line"": ""C:\\Users\\kjw39\\AppData\\Local\\Programs\\Python\\Python311\\python.exe -m v42_dw.run"", ""RSS"": 6778941440, ""thread_count"": 2, ""self"": true}]"
2026-10-04T03:30:23.787230+00:00,1704.3309991999995,periodic,,7224754176,34049220608,20982124544,13067096064,8934019072,706740224,15.4,16,16,2,"[{""pid"": 84576, ""ppid"": 96284, ""name"": ""python.exe"", ""command_line"": ""C:\\Users\\kjw39\\AppData\\Local\\Programs\\Python\\Python311\\python.exe -m v42_dw.run"", ""RSS"": 7219556352, ""thread_count"": 2, ""self"": true}]"
2026-10-04T03:30:31.094197+00:00,1711.865177300002,periodic,,6824955904,34049220608,20587130880,13462089728,8934019072,706740224,13.6,16,16,2,"[{""pid"": 84576, ""ppid"": 96284, ""name"": ""python.exe"", ""command_line"": ""C:\\Users\\kjw39\\AppData\\Local\\Programs\\Python\\Python311\\python.exe -m v42_dw.run"", ""RSS"": 6880952320, ""thread_count"": 2, ""self"": true}]"
2026-10-04T03:30:38.590361+00:00,1719.5318842999986,periodic,,7349129216,34049220608,21101998080,12947222528,8934019072,706740224,16.2,16,16,2,"[{""pid"": 84576, ""ppid"": 96284, ""name"": ""python.exe"", ""command_line"": ""C:\\Users\\kjw39\\AppData\\Local\\Programs\\Python\\Python311\\python.exe -m v42_dw.run"", ""RSS"": 6866956288, ""thread_count"": 2, ""self"": true}]"
2026-10-04T03:30:46.261406+00:00,1726.7472058999701,periodic,,7279677440,34049220608,21038190592,13011030016,8934019072,706740224,17.9,16,16,2,"[{""pid"": 84576, ""ppid"": 96284, ""name"": ""python.exe"", ""command_line"": ""C:\\Users\\kjw39\\AppData\\Local\\Programs\\Python\\Python311\\python.exe -m v42_dw.run"", ""RSS"": 7279677440, ""thread_count"": 2, ""self"": true}]"
2026-10-04T03:30:53.460680+00:00,1734.1091282999841,periodic,,7396589568,34049220608,21129940992,12919279616,8934019072,706740224,13.3,16,16,2,"[{""pid"": 84576, ""ppid"": 96284, ""name"": ""python.exe"", ""command_line"": ""C:\\Users\\kjw39\\AppData\\Local\\Programs\\Python\\Python311\\python.exe -m v42_dw.run"", ""RSS"": 6955651072, ""thread_count"": 2, ""self"": true}]"
2026-10-04T03:31:00.834230+00:00,1741.2716160999844,periodic,,7374725120,34049220608,21138755584,12910465024,8934019072,706740224,16.1,16,16,2,"[{""pid"": 84576, ""ppid"": 96284, ""name"": ""python.exe"", ""command_line"": ""C:\\Users\\kjw39\\AppData\\Local\\Programs\\Python\\Python311\\python.exe -m v42_dw.run"", ""RSS"": 7374725120, ""thread_count"": 2, ""self"": true}]"
2026-10-04T03:31:07.996597+00:00,1748.7071253999602,periodic,,6954037248,34049220608,20706590720,13342629888,8934019072,706740224,15.3,16,16,2,"[{""pid"": 84576, ""ppid"": 96284, ""name"": ""python.exe"", ""command_line"": ""C:\\Users\\kjw39\\AppData\\Local\\Programs\\Python\\Python311\\python.exe -m v42_dw.run"", ""RSS"": 6958501888, ""thread_count"": 2, ""self"": true}]"
2026-10-04T03:31:15.425359+00:00,1756.0509005999775,periodic,,6832168960,34049220608,20591796224,13457424384,8934019072,706740224,16.2,16,16,2,"[{""pid"": 84576, ""ppid"": 96284, ""name"": ""python.exe"", ""command_line"": ""C:\\Users\\kjw39\\AppData\\Local\\Programs\\Python\\Python311\\python.exe -m v42_dw.run"", ""RSS"": 6829522944, ""thread_count"": 2, ""self"": true}]"
2026-10-04T03:31:22.774674+00:00,1763.5533249999862,periodic,,7002632192,34049220608,20764848128,13284372480,8934019072,706740224,13.3,16,16,2,"[{""pid"": 84576, ""ppid"": 96284, ""name"": ""python.exe"", ""command_line"": ""C:\\Users\\kjw39\\AppData\\Local\\Programs\\Python\\Python311\\python.exe -m v42_dw.run"", ""RSS"": 7027552256, ""thread_count"": 2, ""self"": true}]"
2026-10-04T03:31:30.273025+00:00,1771.1928643999854,periodic,,7439912960,34049220608,21195091968,12854128640,8934019072,706740224,16.5,16,16,2,"[{""pid"": 84576, ""ppid"": 96284, ""name"": ""python.exe"", ""command_line"": ""C:\\Users\\kjw39\\AppData\\Local\\Programs\\Python\\Python311\\python.exe -m v42_dw.run"", ""RSS"": 7013896192, ""thread_count"": 2, ""self"": true}]"
2026-10-04T03:31:37.912761+00:00,1779.022185299953,periodic,,7427477504,34049220608,21328785408,12720435200,8934019072,706740224,25.4,16,16,2,"[{""pid"": 84576, ""ppid"": 96284, ""name"": ""python.exe"", ""command_line"": ""C:\\Users\\kjw39\\AppData\\Local\\Programs\\Python\\Python311\\python.exe -m v42_dw.run"", ""RSS"": 7422590976, ""thread_count"": 2, ""self"": true}]"
2026-10-04T03:31:45.763223+00:00,1786.780059599958,periodic,,7041961984,34049220608,20891889664,13157330944,8934019072,706740224,23.2,16,16,2,"[{""pid"": 84576, ""ppid"": 96284, ""name"": ""python.exe"", ""command_line"": ""C:\\Users\\kjw39\\AppData\\Local\\Programs\\Python\\Python311\\python.exe -m v42_dw.run"", ""RSS"": 7058190336, ""thread_count"": 2, ""self"": true}]"
2026-10-04T03:31:53.491267+00:00,1794.4436767000007,periodic,,7451697152,34049220608,21289222144,12759998464,8934019072,706740224,20.8,16,16,2,"[{""pid"": 84576, ""ppid"": 96284, ""name"": ""python.exe"", ""command_line"": ""C:\\Users\\kjw39\\AppData\\Local\\Programs\\Python\\Python311\\python.exe -m v42_dw.run"", ""RSS"": 7457140736, ""thread_count"": 2, ""self"": true}]"
2026-10-04T03:32:01.169143+00:00,1802.192288399965,periodic,,7062110208,34049220608,20904488960,13144731648,8934019072,706740224,18.8,16,16,2,"[{""pid"": 84576, ""ppid"": 96284, ""name"": ""python.exe"", ""command_line"": ""C:\\Users\\kjw39\\AppData\\Local\\Programs\\Python\\Python311\\python.exe -m v42_dw.run"", ""RSS"": 7122472960, ""thread_count"": 2, ""self"": true}]"
2026-10-04T03:32:08.914625+00:00,1810.274724399962,periodic,,7200407552,34049220608,21014155264,13035065344,8934019072,706740224,19.8,16,16,2,"[{""pid"": 84576, ""ppid"": 96284, ""name"": ""python.exe"", ""command_line"": ""C:\\Users\\kjw39\\AppData\\Local\\Programs\\Python\\Python311\\python.exe -m v42_dw.run"", ""RSS"": 7099039744, ""thread_count"": 2, ""self"": true}]"
2026-10-04T03:32:16.994303+00:00,1817.8534177999827,periodic,,7148716032,34049220608,21011771392,13037449216,8934019072,706740224,25.1,16,16,2,"[{""pid"": 84576, ""ppid"": 96284, ""name"": ""python.exe"", ""command_line"": ""C:\\Users\\kjw39\\AppData\\Local\\Programs\\Python\\Python311\\python.exe -m v42_dw.run"", ""RSS"": 7514693632, ""thread_count"": 2, ""self"": true}]"
2026-10-04T03:32:24.573557+00:00,1825.4995809999527,periodic,,7127314432,34049220608,20993601536,13055619072,8934019072,706740224,18.3,16,16,2,"[{""pid"": 84576, ""ppid"": 96284, ""name"": ""python.exe"", ""command_line"": ""C:\\Users\\kjw39\\AppData\\Local\\Programs\\Python\\Python311\\python.exe -m v42_dw.run"", ""RSS"": 7149785088, ""thread_count"": 2, ""self"": true}]"
2026-10-04T03:32:32.239996+00:00,1833.1071534999646,periodic,,7540203520,34049220608,21403615232,12645605376,8934019072,706740224,20.2,16,16,2,"[{""pid"": 84576, ""ppid"": 96284, ""name"": ""python.exe"", ""command_line"": ""C:\\Users\\kjw39\\AppData\\Local\\Programs\\Python\\Python311\\python.exe -m v42_dw.run"", ""RSS"": 7002046464, ""thread_count"": 2, ""self"": true}]"
2026-10-04T03:32:39.831420+00:00,1841.0232271999703,periodic,,7177428992,34049220608,21035765760,13013454848,8934019072,706740224,19.4,16,16,2,"[{""pid"": 84576, ""ppid"": 96284, ""name"": ""python.exe"", ""command_line"": ""C:\\Users\\kjw39\\AppData\\Local\\Programs\\Python\\Python311\\python.exe -m v42_dw.run"", ""RSS"": 7205011456, ""thread_count"": 2, ""self"": true}]"
2026-10-04T03:32:47.735757+00:00,1848.7466560999746,periodic,,7357300736,34049220608,21227593728,12821626880,8934019072,706740224,20.7,16,16,2,"[{""pid"": 84576, ""ppid"": 96284, ""name"": ""python.exe"", ""command_line"": ""C:\\Users\\kjw39\\AppData\\Local\\Programs\\Python\\Python311\\python.exe -m v42_dw.run"", ""RSS"": 7187787776, ""thread_count"": 2, ""self"": true}]"
2026-10-04T03:32:55.461924+00:00,1856.3877592000063,periodic,,7236542464,34049220608,21099413504,12949807104,8934019072,706740224,20.9,16,16,2,"[{""pid"": 84576, ""ppid"": 96284, ""name"": ""python.exe"", ""command_line"": ""C:\\Users\\kjw39\\AppData\\Local\\Programs\\Python\\Python311\\python.exe -m v42_dw.run"", ""RSS"": 7601545216, ""thread_count"": 2, ""self"": true}]"
2026-10-04T03:33:03.103237+00:00,1864.0267966999672,periodic,,7215656960,34049220608,21072285696,12976934912,8934019072,706740224,19.0,16,16,2,"[{""pid"": 84576, ""ppid"": 96284, ""name"": ""python.exe"", ""command_line"": ""C:\\Users\\kjw39\\AppData\\Local\\Programs\\Python\\Python311\\python.exe -m v42_dw.run"", ""RSS"": 7205863424, ""thread_count"": 2, ""self"": true}]"
2026-10-04T03:33:10.740909+00:00,1871.6572038999875,periodic,,7635140608,34049220608,21574647808,12474572800,8934019072,706740224,22.6,16,16,2,"[{""pid"": 84576, ""ppid"": 96284, ""name"": ""python.exe"", ""command_line"": ""C:\\Users\\kjw39\\AppData\\Local\\Programs\\Python\\Python311\\python.exe -m v42_dw.run"", ""RSS"": 7635148800, ""thread_count"": 2, ""self"": true}]"
2026-10-04T03:33:18.371790+00:00,1879.4223480999935,periodic,,7222784000,34049220608,21146669056,12902551552,8934019072,706740224,26.5,16,16,2,"[{""pid"": 84576, ""ppid"": 96284, ""name"": ""python.exe"", ""command_line"": ""C:\\Users\\kjw39\\AppData\\Local\\Programs\\Python\\Python311\\python.exe -m v42_dw.run"", ""RSS"": 7245852672, ""thread_count"": 2, ""self"": true}]"
2026-10-04T03:33:26.139080+00:00,1886.9227720999625,periodic,,7660871680,34049220608,21550481408,12498739200,8934019072,706740224,25.2,16,16,2,"[{""pid"": 84576, ""ppid"": 96284, ""name"": ""python.exe"", ""command_line"": ""C:\\Users\\kjw39\\AppData\\Local\\Programs\\Python\\Python311\\python.exe -m v42_dw.run"", ""RSS"": 7660871680, ""thread_count"": 2, ""self"": true}]"
2026-10-04T03:33:33.639977+00:00,1894.5010792999528,periodic,,7276285952,34049220608,21200953344,12848267264,8934019072,706740224,22.4,16,16,2,"[{""pid"": 84576, ""ppid"": 96284, ""name"": ""python.exe"", ""command_line"": ""C:\\Users\\kjw39\\AppData\\Local\\Programs\\Python\\Python311\\python.exe -m v42_dw.run"", ""RSS"": 7266451456, ""thread_count"": 2, ""self"": true}]"
2026-10-04T03:33:41.216367+00:00,1902.3002311000018,periodic,,7685758976,34049220608,21648564224,12400656384,8934019072,706740224,21.0,16,16,2,"[{""pid"": 84576, ""ppid"": 96284, ""name"": ""python.exe"", ""command_line"": ""C:\\Users\\kjw39\\AppData\\Local\\Programs\\Python\\Python311\\python.exe -m v42_dw.run"", ""RSS"": 7685758976, ""thread_count"": 2, ""self"": true}]"
2026-10-04T03:33:49.014389+00:00,1909.9093801999697,periodic,,7306924032,34049220608,21198258176,12850962432,8934019072,706740224,20.3,16,16,2,"[{""pid"": 84576, ""ppid"": 96284, ""name"": ""python.exe"", ""command_line"": ""C:\\Users\\kjw39\\AppData\\Local\\Programs\\Python\\Python311\\python.exe -m v42_dw.run"", ""RSS"": 7329640448, ""thread_count"": 2, ""self"": true}]"
2026-10-04T03:33:56.811821+00:00,1917.5714631999726,periodic,,7184617472,34049220608,21088739328,12960481280,8934019072,706740224,20.4,16,16,2,"[{""pid"": 84576, ""ppid"": 96284, ""name"": ""python.exe"", ""command_line"": ""C:\\Users\\kjw39\\AppData\\Local\\Programs\\Python\\Python311\\python.exe -m v42_dw.run"", ""RSS"": 7185510400, ""thread_count"": 2, ""self"": true}]"
2026-10-04T03:34:04.297109+00:00,1925.2547181999544,periodic,,7360176128,34049220608,21256347648,12792872960,8934019072,706740224,18.0,16,16,2,"[{""pid"": 84576, ""ppid"": 96284, ""name"": ""python.exe"", ""command_line"": ""C:\\Users\\kjw39\\AppData\\Local\\Programs\\Python\\Python311\\python.exe -m v42_dw.run"", ""RSS"": 7242235904, ""thread_count"": 2, ""self"": true}]"
2026-10-04T03:34:11.971463+00:00,1932.9992334999843,periodic,,7795216384,34049220608,21700722688,12348497920,8934019072,706740224,22.5,16,16,2,"[{""pid"": 84576, ""ppid"": 96284, ""name"": ""python.exe"", ""command_line"": ""C:\\Users\\kjw39\\AppData\\Local\\Programs\\Python\\Python311\\python.exe -m v42_dw.run"", ""RSS"": 7355932672, ""thread_count"": 2, ""self"": true}]"
2026-10-04T03:34:19.715825+00:00,1940.3936187999789,periodic,,7781408768,34049220608,21673512960,12375707648,8934019072,706740224,22.7,16,16,2,"[{""pid"": 84576, ""ppid"": 96284, ""name"": ""python.exe"", ""command_line"": ""C:\\Users\\kjw39\\AppData\\Local\\Programs\\Python\\Python311\\python.exe -m v42_dw.run"", ""RSS"": 7781408768, ""thread_count"": 2, ""self"": true}]"
2026-10-04T03:34:27.120127+00:00,1948.0589215999935,periodic,,7394775040,34049220608,21286047744,12763172864,8934019072,706740224,20.0,16,16,2,"[{""pid"": 84576, ""ppid"": 96284, ""name"": ""python.exe"", ""command_line"": ""C:\\Users\\kjw39\\AppData\\Local\\Programs\\Python\\Python311\\python.exe -m v42_dw.run"", ""RSS"": 7418904576, ""thread_count"": 2, ""self"": true}]"
2026-10-04T03:34:34.779277+00:00,1955.598747299984,periodic,,7270543360,34049220608,21159411712,12889808896,8934019072,706740224,21.1,16,16,2,"[{""pid"": 84576, ""ppid"": 96284, ""name"": ""python.exe"", ""command_line"": ""C:\\Users\\kjw39\\AppData\\Local\\Programs\\Python\\Python311\\python.exe -m v42_dw.run"", ""RSS"": 7275986944, ""thread_count"": 2, ""self"": true}]"
2026-10-04T03:34:42.316485+00:00,1963.304815599986,periodic,,7423873024,34049220608,21317062656,12732157952,8934019072,706740224,18.0,16,16,2,"[{""pid"": 84576, ""ppid"": 96284, ""name"": ""python.exe"", ""command_line"": ""C:\\Users\\kjw39\\AppData\\Local\\Programs\\Python\\Python311\\python.exe -m v42_dw.run"", ""RSS"": 7449542656, ""thread_count"": 2, ""self"": true}]"
2026-10-04T03:34:50.029703+00:00,1970.7357411999837,periodic,,7311634432,34049220608,21198266368,12850954240,8934019072,706740224,21.7,16,16,2,"[{""pid"": 84576, ""ppid"": 96284, ""name"": ""python.exe"", ""command_line"": ""C:\\Users\\kjw39\\AppData\\Local\\Programs\\Python\\Python311\\python.exe -m v42_dw.run"", ""RSS"": 7311634432, ""thread_count"": 2, ""self"": true}]"
2026-10-04T03:34:57.461967+00:00,1978.4527913999627,periodic,,7479717888,34049220608,21361381376,12687839232,8934019072,706740224,18.3,16,16,2,"[{""pid"": 84576, ""ppid"": 96284, ""name"": ""python.exe"", ""command_line"": ""C:\\Users\\kjw39\\AppData\\Local\\Programs\\Python\\Python311\\python.exe -m v42_dw.run"", ""RSS"": 7510491136, ""thread_count"": 2, ""self"": true}]"
2026-10-04T03:35:05.170222+00:00,1986.190678599989,periodic,,7949930496,34049220608,21829943296,12219277312,8934019072,706740224,20.7,16,16,2,"[{""pid"": 84576, ""ppid"": 96284, ""name"": ""python.exe"", ""command_line"": ""C:\\Users\\kjw39\\AppData\\Local\\Programs\\Python\\Python311\\python.exe -m v42_dw.run"", ""RSS"": 7483912192, ""thread_count"": 2, ""self"": true}]"
2026-10-04T03:35:12.915898+00:00,1993.7968677000026,periodic,,7566680064,34049220608,21429923840,12619296768,8934019072,706740224,23.1,16,16,2,"[{""pid"": 84576, ""ppid"": 96284, ""name"": ""python.exe"", ""command_line"": ""C:\\Users\\kjw39\\AppData\\Local\\Programs\\Python\\Python311\\python.exe -m v42_dw.run"", ""RSS"": 7893852160, ""thread_count"": 2, ""self"": true}]"
2026-10-04T03:35:20.515118+00:00,2001.617601499951,periodic,,7494864896,34049220608,21398032384,12651188224,8934019072,706740224,19.7,16,16,2,"[{""pid"": 84576, ""ppid"": 96284, ""name"": ""python.exe"", ""command_line"": ""C:\\Users\\kjw39\\AppData\\Local\\Programs\\Python\\Python311\\python.exe -m v42_dw.run"", ""RSS"": 7514341376, ""thread_count"": 2, ""self"": true}]"
2026-10-04T03:35:28.341882+00:00,2009.1280444999575,periodic,,7929765888,34049220608,21822668800,12226551808,8934019072,706740224,21.3,16,16,2,"[{""pid"": 84576, ""ppid"": 96284, ""name"": ""python.exe"", ""command_line"": ""C:\\Users\\kjw39\\AppData\\Local\\Programs\\Python\\Python311\\python.exe -m v42_dw.run"", ""RSS"": 7929765888, ""thread_count"": 2, ""self"": true}]"
2026-10-04T03:35:35.853915+00:00,2016.7127916999743,periodic,,7543107584,34049220608,21451325440,12597895168,8934019072,706740224,19.7,16,16,2,"[{""pid"": 84576, ""ppid"": 96284, ""name"": ""python.exe"", ""command_line"": ""C:\\Users\\kjw39\\AppData\\Local\\Programs\\Python\\Python311\\python.exe -m v42_dw.run"", ""RSS"": 7532335104, ""thread_count"": 2, ""self"": true}]"
2026-10-04T03:35:43.426757+00:00,2024.7369088999694,periodic,,7959470080,34049220608,21956644864,12092575744,8934019072,706740224,20.7,16,16,2,"[{""pid"": 84576, ""ppid"": 96284, ""name"": ""python.exe"", ""command_line"": ""C:\\Users\\kjw39\\AppData\\Local\\Programs\\Python\\Python311\\python.exe -m v42_dw.run"", ""RSS"": 7955058688, ""thread_count"": 2, ""self"": true}]"
2026-10-04T03:35:51.458585+00:00,2032.4256534999586,periodic,,7572029440,34049220608,21505433600,12543787008,8934019072,706740224,22.8,16,16,2,"[{""pid"": 84576, ""ppid"": 96284, ""name"": ""python.exe"", ""command_line"": ""C:\\Users\\kjw39\\AppData\\Local\\Programs\\Python\\Python311\\python.exe -m v42_dw.run"", ""RSS"": 7595692032, ""thread_count"": 2, ""self"": true}]"
2026-10-04T03:35:59.216145+00:00,2040.1322828999837,periodic,,7454355456,34049220608,21382995968,12666224640,8934019072,706740224,19.2,16,16,2,"[{""pid"": 84576, ""ppid"": 96284, ""name"": ""python.exe"", ""command_line"": ""C:\\Users\\kjw39\\AppData\\Local\\Programs\\Python\\Python311\\python.exe -m v42_dw.run"", ""RSS"": 7455248384, ""thread_count"": 2, ""self"": true}]"
2026-10-04T03:36:06.856549+00:00,2047.8480315000052,periodic,,7623884800,34049220608,21550968832,12498251776,8934019072,706740224,18.4,16,16,2,"[{""pid"": 84576, ""ppid"": 96284, ""name"": ""python.exe"", ""command_line"": ""C:\\Users\\kjw39\\AppData\\Local\\Programs\\Python\\Python311\\python.exe -m v42_dw.run"", ""RSS"": 7649673216, ""thread_count"": 2, ""self"": true}]"
2026-10-04T03:36:14.567545+00:00,2055.5634438999696,periodic,,8075284480,34049220608,22014869504,12034351104,8934019072,706740224,21.0,16,16,2,"[{""pid"": 84576, ""ppid"": 96284, ""name"": ""python.exe"", ""command_line"": ""C:\\Users\\kjw39\\AppData\\Local\\Programs\\Python\\Python311\\python.exe -m v42_dw.run"", ""RSS"": 7629500416, ""thread_count"": 2, ""self"": true}]"
2026-10-04T03:36:22.280205+00:00,2063.0454671999905,periodic,,8045809664,34049220608,21954142208,12095078400,8934019072,706740224,20.3,16,16,2,"[{""pid"": 84576, ""ppid"": 96284, ""name"": ""python.exe"", ""command_line"": ""C:\\Users\\kjw39\\AppData\\Local\\Programs\\Python\\Python311\\python.exe -m v42_dw.run"", ""RSS"": 8045809664, ""thread_count"": 2, ""self"": true}]"
2026-10-04T03:36:29.759432+00:00,2070.811920999957,periodic,,7629676544,34049220608,21562945536,12486275072,8934019072,706740224,19.4,16,16,2,"[{""pid"": 84576, ""ppid"": 96284, ""name"": ""python.exe"", ""command_line"": ""C:\\Users\\kjw39\\AppData\\Local\\Programs\\Python\\Python311\\python.exe -m v42_dw.run"", ""RSS"": 7660724224, ""thread_count"": 2, ""self"": true}]"
2026-10-04T03:36:37.534151+00:00,2078.348515699967,periodic,,8086077440,34049220608,22012542976,12036677632,8934019072,706740224,21.1,16,16,2,"[{""pid"": 84576, ""ppid"": 96284, ""name"": ""python.exe"", ""command_line"": ""C:\\Users\\kjw39\\AppData\\Local\\Programs\\Python\\Python311\\python.exe -m v42_dw.run"", ""RSS"": 8079331328, ""thread_count"": 2, ""self"": true}]"
2026-10-04T03:36:45.061376+00:00,2086.021889299969,periodic,,7688871936,34049220608,21603033088,12446187520,8934019072,706740224,19.2,16,16,2,"[{""pid"": 84576, ""ppid"": 96284, ""name"": ""python.exe"", ""command_line"": ""C:\\Users\\kjw39\\AppData\\Local\\Programs\\Python\\Python311\\python.exe -m v42_dw.run"", ""RSS"": 7700037632, ""thread_count"": 2, ""self"": true}]"
2026-10-04T03:36:52.768320+00:00,2093.7524504999747,periodic,,8101441536,34049220608,22018002944,12031217664,8934019072,706740224,20.2,16,16,2,"[{""pid"": 84576, ""ppid"": 96284, ""name"": ""python.exe"", ""command_line"": ""C:\\Users\\kjw39\\AppData\\Local\\Programs\\Python\\Python311\\python.exe -m v42_dw.run"", ""RSS"": 8100007936, ""thread_count"": 2, ""self"": true}]"
2026-10-04T03:37:00.464532+00:00,2101.474544900004,periodic,,7718084608,34049220608,21647224832,12401995776,8934019072,706740224,21.0,16,16,2,"[{""pid"": 84576, ""ppid"": 96284, ""name"": ""python.exe"", ""command_line"": ""C:\\Users\\kjw39\\AppData\\Local\\Programs\\Python\\Python311\\python.exe -m v42_dw.run"", ""RSS"": 7743303680, ""thread_count"": 2, ""self"": true}]"
2026-10-04T03:37:08.330696+00:00,2109.458903699997,periodic,,8136941568,34049220608,22078423040,11970797568,8934019072,706740224,21.8,16,16,2,"[{""pid"": 84576, ""ppid"": 96284, ""name"": ""python.exe"", ""command_line"": ""C:\\Users\\kjw39\\AppData\\Local\\Programs\\Python\\Python311\\python.exe -m v42_dw.run"", ""RSS"": 7593934848, ""thread_count"": 2, ""self"": true}]"
2026-10-04T03:37:16.179954+00:00,2117.2079426999553,periodic,,7738286080,34049220608,21631729664,12417490944,8934019072,706740224,27.2,16,16,2,"[{""pid"": 84576, ""ppid"": 96284, ""name"": ""python.exe"", ""command_line"": ""C:\\Users\\kjw39\\AppData\\Local\\Programs\\Python\\Python311\\python.exe -m v42_dw.run"", ""RSS"": 7799033856, ""thread_count"": 2, ""self"": true}]"
2026-10-04T03:37:23.927091+00:00,2124.69316179998,periodic,,7692369920,34049220608,21582258176,12466962432,8934019072,706740224,23.6,16,16,2,"[{""pid"": 84576, ""ppid"": 96284, ""name"": ""python.exe"", ""command_line"": ""C:\\Users\\kjw39\\AppData\\Local\\Programs\\Python\\Python311\\python.exe -m v42_dw.run"", ""RSS"": 7693017088, ""thread_count"": 2, ""self"": true}]"
2026-10-04T03:37:31.417419+00:00,2132.45050929999,periodic,,7817535488,34049220608,21726396416,12322824192,8934019072,706740224,20.0,16,16,2,"[{""pid"": 84576, ""ppid"": 96284, ""name"": ""python.exe"", ""command_line"": ""C:\\Users\\kjw39\\AppData\\Local\\Programs\\Python\\Python311\\python.exe -m v42_dw.run"", ""RSS"": 7818100736, ""thread_count"": 2, ""self"": true}]"
2026-10-04T03:37:39.167011+00:00,2139.979155399953,periodic,,7721766912,34049220608,21608099840,12441120768,8934019072,706740224,20.6,16,16,2,"[{""pid"": 84576, ""ppid"": 96284, ""name"": ""python.exe"", ""command_line"": ""C:\\Users\\kjw39\\AppData\\Local\\Programs\\Python\\Python311\\python.exe -m v42_dw.run"", ""RSS"": 8232009728, ""thread_count"": 2, ""self"": true}]"
2026-10-04T03:37:42.944486+00:00,2143.709160499973,after_terminal_solve,,8221093888,34049220608,22104506368,11944714240,8934019072,706740224,18.6,16,16,1,"[{""pid"": 84576, ""ppid"": 96284, ""name"": ""python.exe"", ""command_line"": ""C:\\Users\\kjw39\\AppData\\Local\\Programs\\Python\\Python311\\python.exe -m v42_dw.run"", ""RSS"": 8221093888, ""thread_count"": 1, ""self"": true}]"
