Set parameter Username
Set parameter LicenseID to value 2845475
Academic license - for non-commercial use only - expires 2027-07-18
Set parameter OutputFlag to value 1
Set parameter LogToConsole to value 0
Set parameter OutputFlag to value 1
Set parameter LogToConsole to value 0
Set parameter OutputFlag to value 1
Set parameter LogToConsole to value 0
Set parameter OutputFlag to value 1
Set parameter LogToConsole to value 0
Set parameter OutputFlag to value 1
Set parameter LogToConsole to value 0
RMP_OPTIMAL 1 0.6694159238756876 4 1.1991771000321023
PRICING_DONE 1 MESS01 NEGATIVE_COLUMN_FOUND -0.07872237395997882 -0.07872237395997882 2.525378999998793 4.037628200021572
PRICING_DONE 2 MESS02 NEGATIVE_COLUMN_FOUND -0.05283829622151612 -0.05283829622151612 4.852752299979329 9.173275300010573
PRICING_DONE 3 MESS03 NEGATIVE_COLUMN_FOUND -0.07280671676990697 -0.07280671676990697 2.441274299984798 11.893122700043023
PRICING_DONE 4 MESS04 NEGATIVE_COLUMN_FOUND -0.06773469591714736 -0.06773469591714736 4.927391600038391 17.30334969999967
RMP_OPTIMAL 2 0.6694159238756877 8 18.923008000012487
PRICING_DONE 5 MESS01 NEGATIVE_COLUMN_FOUND -0.0023982880547839913 None 0.06499260000418872 19.299378900032025
PRICING_DONE 6 MESS02 NEGATIVE_COLUMN_FOUND -0.02004392409916822 None 0.08315600000787526 19.67178850003984
PRICING_DONE 7 MESS03 NEGATIVE_COLUMN_FOUND -0.07291108894960613 -0.07291108894960613 4.635287299985066 24.5932825000491
PRICING_DONE 8 MESS04 NEGATIVE_COLUMN_FOUND -0.015013884081183466 None 0.06520130002172664 25.15148150001187
RMP_OPTIMAL 3 0.6670755017640916 12 27.91834510001354
PRICING_DONE 9 MESS01 NEGATIVE_COLUMN_FOUND -0.026161216159659592 None 1.6376037999871187 29.96300650003832
PRICING_DONE 10 MESS02 NEGATIVE_COLUMN_FOUND -0.009251686024673491 None 0.08371859998442233 30.319372800004203
PRICING_DONE 11 MESS03 NEGATIVE_COLUMN_FOUND -0.09296641051726334 None 0.06421969999792054 30.66086920001544
PRICING_DONE 12 MESS04 NEGATIVE_COLUMN_FOUND -0.06424744644412414 None 0.0648839000496082 31.19266719999723
RMP_OPTIMAL 4 0.6644672505861411 16 33.04910270002438
PRICING_DONE 13 MESS01 NEGATIVE_COLUMN_FOUND -0.01452748496533502 None 0.07128149998607114 33.42364490003092
PRICING_DONE 14 MESS02 NEGATIVE_COLUMN_FOUND -0.03394435805087138 None 0.0766474999836646 33.76883810001891
PRICING_DONE 15 MESS03 NEGATIVE_COLUMN_FOUND -0.009961212378422837 None 0.0803719999967143 34.12391010002466
PRICING_DONE 16 MESS04 NEGATIVE_COLUMN_FOUND -0.035928382116858455 None 0.0915404999977909 34.493371599994134
RMP_OPTIMAL 5 0.663607855301699 20 37.97264630004065
PRICING_DONE 17 MESS01 NEGATIVE_COLUMN_FOUND -0.008940660000107209 None 0.06123609998030588 38.532010600029025
PRICING_DONE 18 MESS02 NEGATIVE_COLUMN_FOUND -0.022988182110047838 None 0.08519090001937002 38.88522260001628
PRICING_DONE 19 MESS03 NEGATIVE_COLUMN_FOUND -0.003823075493337212 None 0.08623660000739619 39.24402770004235
PRICING_DONE 20 MESS04 NEGATIVE_COLUMN_FOUND -0.017181574228143454 None 0.08929010003339499 39.606491500046104
RMP_OPTIMAL 6 0.663172639548259 24 41.6950899999938
PRICING_DONE 21 MESS01 NEGATIVE_COLUMN_FOUND -0.009411512955028385 None 0.0658769000438042 42.067708800022956
PRICING_DONE 22 MESS02 NEGATIVE_COLUMN_FOUND -0.02037742735968153 None 0.9635284999967553 44.972028300049715
PRICING_DONE 23 MESS03 NEGATIVE_COLUMN_FOUND -0.0030484736409920146 None 0.08956180000677705 45.34612520004157
PRICING_DONE 24 MESS04 NEGATIVE_COLUMN_FOUND -0.01734065176765339 None 0.08755169995129108 45.72446230001515
RMP_OPTIMAL 7 0.6625590435968953 28 47.69369680003729
PRICING_DONE 25 MESS01 NEGATIVE_COLUMN_FOUND -0.0044052632320027195 None 0.07323380000889301 48.07951140002115
PRICING_DONE 26 MESS02 NEGATIVE_COLUMN_FOUND -0.0030136396071291822 None 0.08873570000287145 48.65724540001247
PRICING_DONE 27 MESS03 NEGATIVE_COLUMN_FOUND -0.0015994723893542947 None 0.06055299995932728 48.9918936000322
PRICING_DONE 28 MESS04 NEGATIVE_COLUMN_FOUND -0.0029374624096897843 None 0.07329640001989901 49.34053180000046
RMP_OPTIMAL 8 0.6625358118168377 32 53.66380249999929
PRICING_DONE 29 MESS01 NEGATIVE_COLUMN_FOUND -0.001028995494128543 None 0.0765286999521777 54.056832700036466
PRICING_DONE 30 MESS02 NEGATIVE_COLUMN_FOUND -0.0008186637348253823 None 0.09138030000030994 54.422499800042715
PRICING_DONE 31 MESS03 NEGATIVE_COLUMN_FOUND -0.0009048057141552995 None 0.07291119999717921 55.02051659999415
PRICING_DONE 32 MESS04 NEGATIVE_COLUMN_FOUND -0.0009220827747145104 None 0.08584970002993941 55.39014880004106
RMP_OPTIMAL 9 0.6625242729383551 36 60.014031400030944
PRICING_DONE 33 MESS01 NEGATIVE_COLUMN_FOUND -0.0007741385980375349 None 0.07632249995367602 60.42530200001784
PRICING_DONE 34 MESS02 NEGATIVE_COLUMN_FOUND -0.0014621383409543585 None 0.08202349999919534 60.781855800014455
PRICING_DONE 35 MESS03 NEGATIVE_COLUMN_FOUND -0.00015150992562800816 None 0.0729058000142686 61.32458030001726
PRICING_DONE 36 MESS04 NEGATIVE_COLUMN_FOUND -0.00011702741581473818 None 0.0842865000013262 61.687203700013924
RMP_OPTIMAL 10 0.6625233523733755 40 63.91814920003526
PRICING_DONE 37 MESS01 NEGATIVE_COLUMN_FOUND -1.1546825618814791e-05 None 0.06595229997765273 64.28270590002649
PRICING_DONE 38 MESS02 NEGATIVE_COLUMN_FOUND -0.19187140478507853 -0.20257274079476764 4.645042399992235 69.20297050004592
PRICING_DONE 39 MESS03 NEGATIVE_COLUMN_FOUND -1.3518120444615351e-05 None 0.08536139997886494 69.56385199999204
PRICING_DONE 40 MESS04 NEGATIVE_COLUMN_FOUND -0.07207912320727279 -0.1920877829323537 2.3247499000281096 72.38698970002588
RMP_OPTIMAL 11 0.6621746683601539 44 75.64538630004972
PRICING_DONE 41 MESS01 NEGATIVE_COLUMN_FOUND -0.0010605815261102913 None 0.07627279998268932 76.02512250002474
PRICING_DONE 42 MESS02 NEGATIVE_COLUMN_FOUND -0.0005592840106905184 None 0.07658369996352121 76.38553510000929
PRICING_DONE 43 MESS03 NEGATIVE_COLUMN_FOUND -0.0008099831643780138 None 0.07802930002799258 76.74252010002965
PRICING_DONE 44 MESS04 NEGATIVE_COLUMN_FOUND -0.0010552273184819755 None 0.09187040000688285 77.12032270000782
RMP_OPTIMAL 12 0.6621398276602788 48 79.50337550003314
PRICING_DONE 45 MESS01 NEGATIVE_COLUMN_FOUND -0.0006447192945887211 None 0.07445760001428425 80.08003910002299
PRICING_DONE 46 MESS02 NEGATIVE_COLUMN_FOUND -0.00030036271740226556 None 0.08777209999971092 82.10930030001327
PRICING_DONE 47 MESS03 NEGATIVE_COLUMN_FOUND -0.0006209332215554042 None 0.6266829000087455 83.10853870003484
PRICING_DONE 48 MESS04 NEGATIVE_COLUMN_FOUND -0.00025863044543830314 None 0.08899820002261549 83.47445199999493
RMP_OPTIMAL 13 0.6621318112998648 52 86.03887010004837
PRICING_DONE 49 MESS01 NEGATIVE_COLUMN_FOUND -4.0565542171889824e-05 None 0.07547330000670627 86.63523950002855
PRICING_DONE 50 MESS02 NEGATIVE_COLUMN_FOUND -0.0003148171793334182 None 0.07774689997313544 86.98477710003499
PRICING_DONE 51 MESS03 NEGATIVE_COLUMN_FOUND -0.0004147838634916477 None 0.07352109998464584 87.33472380001331
PRICING_DONE 52 MESS04 NEGATIVE_COLUMN_FOUND -0.00039473126332582333 None 0.09354039997560903 87.71019710000837
RMP_OPTIMAL 14 0.6621275606834646 56 91.48682809999445
PRICING_DONE 53 MESS01 NEGATIVE_COLUMN_FOUND -0.0001593151477419154 None 0.06274279998615384 91.85275060002459
PRICING_DONE 54 MESS02 NEGATIVE_COLUMN_FOUND -6.383708361119256e-05 None 0.07673889998113737 92.40041490003932
PRICING_DONE 55 MESS03 NEGATIVE_COLUMN_FOUND -0.00018987496255398403 None 0.07638680003583431 92.75931690004654
PRICING_DONE 56 MESS04 NEGATIVE_COLUMN_FOUND -0.00013292998607453737 None 0.08655599999474362 93.12418420001632
RMP_OPTIMAL 15 0.6621260302133294 60 98.05247450002935
PRICING_DONE 57 MESS01 NEGATIVE_COLUMN_FOUND -3.161293960275285e-05 None 0.06129430001601577 98.4218080000137
PRICING_DONE 58 MESS02 NEGATIVE_COLUMN_FOUND -0.0767313313474904 -0.07676975789518733 2.3320085000013933 101.02075200004037
PRICING_DONE 59 MESS03 NEGATIVE_COLUMN_FOUND -5.618245138208143e-05 None 0.07383910001954064 101.56546470004832
PRICING_DONE 60 MESS04 NEGATIVE_COLUMN_FOUND -0.07615119118569658 -0.07615541923660393 4.66558490000898 106.51777650002623
RMP_OPTIMAL 16 0.6616265375019784 64 109.30134810000891
PRICING_DONE 61 MESS01 NEGATIVE_COLUMN_FOUND -2.3248368304078843e-05 None 0.06254579999949783 109.67226510000182
PRICING_DONE 62 MESS02 NEGATIVE_COLUMN_FOUND -0.06691583223951643 None 0.0797947000246495 110.0294164000079
PRICING_DONE 63 MESS03 NEGATIVE_COLUMN_FOUND -0.0002687989116725541 None 0.06228929996723309 112.50154339999426
PRICING_DONE 64 MESS04 NEGATIVE_COLUMN_FOUND -0.019114252887181684 None 0.31577579997247085 113.2068566000089
RMP_OPTIMAL 17 0.6615309284475354 68 116.2106687000487
PRICING_DONE 65 MESS01 NEGATIVE_COLUMN_FOUND -0.00011634401177723145 None 0.06089120003161952 116.58013830002164
PRICING_DONE 66 MESS02 NEGATIVE_COLUMN_FOUND -0.0012798145313772206 None 0.0829459999804385 116.93842270004097
PRICING_DONE 67 MESS03 NEGATIVE_COLUMN_FOUND -0.00010667036412846751 None 0.08642060001147911 117.29925959999673
PRICING_DONE 68 MESS04 NEGATIVE_COLUMN_FOUND -0.00053536418524075 None 0.06149799999548122 117.82304200000362
RMP_OPTIMAL 18 0.66151124472164 72 121.74458450003294
PRICING_DONE 69 MESS01 NEGATIVE_COLUMN_FOUND -1.4689828969748271e-05 None 0.08901230001356453 122.14316969999345
PRICING_DONE 70 MESS02 NEGATIVE_COLUMN_FOUND -1.7948085148486194e-07 None 0.07751350000035018 122.48939080000855
PRICING_DONE 71 MESS03 NEGATIVE_COLUMN_FOUND -4.9883089162719535e-05 None 0.06594810000387952 122.8292854000465
PRICING_DONE 72 MESS04 NEGATIVE_COLUMN_FOUND -8.334879081577248e-06 None 0.06379869999364018 123.16171350004151
RMP_OPTIMAL 19 0.6615109533040916 76 128.20049850002397
PRICING_DONE 73 MESS01 NEGATIVE_COLUMN_FOUND -1.2606017410699607e-05 None 0.061854899977333844 128.76578070002142
PRICING_DONE 74 MESS02 NEGATIVE_COLUMN_FOUND -8.631897698534502e-06 None 0.07499019999522716 129.11568190000253
PRICING_DONE 75 MESS03 NEGATIVE_COLUMN_FOUND -2.465350573031847e-05 None 0.0632459000335075 129.4543193000136
PRICING_DONE 76 MESS04 NEGATIVE_COLUMN_FOUND -8.631897698534502e-06 None 0.0655234000296332 129.79674620000878
RMP_OPTIMAL 20 0.6615106849936225 80 132.7342032000306
PRICING_DONE 77 MESS01 NEGATIVE_COLUMN_FOUND -1.0278310168522174e-05 None 0.07977080001728609 135.314139300026
PRICING_DONE 78 MESS02 NEGATIVE_COLUMN_FOUND -1.8154221169880806e-05 None 0.48052579996874556 136.20089150004787
PRICING_DONE 79 MESS03 NEGATIVE_COLUMN_FOUND -1.9059764696342694e-05 None 0.09312810003757477 136.57268169999588
PRICING_DONE 80 MESS04 NEGATIVE_COLUMN_FOUND -1.7904151556043645e-05 None 0.08125339995604008 136.92857620003633
RMP_OPTIMAL 21 0.6615102886540849 84 139.89591300004395
PRICING_DONE 81 MESS01 NEGATIVE_COLUMN_FOUND -0.0947654086740015 -0.09479898639989746 4.4598343999823555 144.65457250003237
PRICING_DONE 82 MESS02 NEGATIVE_COLUMN_FOUND -3.550118591126135e-06 None 0.08098970004357398 145.20029720000457
PRICING_DONE 83 MESS03 NEGATIVE_COLUMN_FOUND -3.0592675036420553e-06 None 0.06292639998719096 145.5516666000476
PRICING_DONE 84 MESS04 NEGATIVE_COLUMN_FOUND -1.1597358244625926e-05 None 0.08183909999206662 145.91114189999644
RMP_OPTIMAL 22 0.6588313163981079 88 150.88302970002405
PRICING_DONE 85 MESS01 NEGATIVE_COLUMN_FOUND -0.0004622084819937207 None 0.08049790002405643 151.26533980004024
PRICING_DONE 86 MESS02 NEGATIVE_COLUMN_FOUND -0.0003686832607331697 None 0.07713119999971241 151.8117474000319
PRICING_DONE 87 MESS03 NEGATIVE_COLUMN_FOUND -0.00023901879403424007 None 0.0775292000034824 152.16514460003236
PRICING_DONE 88 MESS04 NEGATIVE_COLUMN_FOUND -0.0002431131134408068 None 0.07627780002076179 152.51599220000207
RMP_OPTIMAL 23 0.6587419236934068 92 155.4714977000258
PRICING_DONE 89 MESS01 NEGATIVE_COLUMN_FOUND -0.0003055057625999221 None 0.06271510000806302 157.70608920004452
PRICING_DONE 90 MESS02 NEGATIVE_COLUMN_FOUND -9.497770726403007e-05 None 0.3992500999593176 158.48576190002495
PRICING_DONE 91 MESS03 NEGATIVE_COLUMN_FOUND -0.00019346250045916335 None 0.07945790002122521 159.0493725000415
PRICING_DONE 92 MESS04 NEGATIVE_COLUMN_FOUND -9.497770726402794e-05 None 0.09078849997604266 159.4082444999949
RMP_OPTIMAL 24 0.6587305732804066 96 162.41465019999305
PRICING_DONE 93 MESS01 NEGATIVE_COLUMN_FOUND -5.216472557440515e-05 None 0.07185439998283982 162.78649900003802
PRICING_DONE 94 MESS02 NEGATIVE_COLUMN_FOUND -0.00011009478695212852 None 0.08788820001063868 163.14848010003334
PRICING_DONE 95 MESS03 NEGATIVE_COLUMN_FOUND -0.0001340874728475047 None 2.3819183000014164 165.81097420002334
PRICING_DONE 96 MESS04 NEGATIVE_COLUMN_FOUND -0.00014001928438903087 None 0.08845119999023154 166.36926150001818
RMP_OPTIMAL 25 0.6587041082183401 100 169.4691976000322
PRICING_DONE 97 MESS01 NEGATIVE_COLUMN_FOUND -0.0001628468735104643 None 0.07531770004425198 169.8455629000091
PRICING_DONE 98 MESS02 NEGATIVE_COLUMN_FOUND -3.5111499920141074e-05 None 0.07744059996912256 170.19732189999195
PRICING_DONE 99 MESS03 NEGATIVE_COLUMN_FOUND -8.954176877840632e-05 None 0.0761462000082247 171.47707860002993
PRICING_DONE 100 MESS04 NEGATIVE_COLUMN_FOUND -3.863537181699477e-05 None 1.3521238999674097 173.41489800001727
RMP_OPTIMAL 26 0.6586910245056857 104 176.5796618000022
PRICING_DONE 101 MESS01 NEGATIVE_COLUMN_FOUND -5.338206555571098e-06 None 0.07772420003311709 176.95962610002607
PRICING_DONE 102 MESS02 NEGATIVE_COLUMN_FOUND -3.460167427568055e-05 None 0.0642809999990277 177.30486329999985
PRICING_DONE 103 MESS03 NEGATIVE_COLUMN_FOUND -6.969239776879727e-05 None 0.08148849999997765 177.68040480004856
PRICING_DONE 104 MESS04 NEGATIVE_COLUMN_FOUND -3.83680517832006e-05 None 0.06913560000248253 179.81093010003679
RMP_OPTIMAL 27 0.6586883285058696 108 183.87617480003973
PRICING_DONE 105 MESS01 NEGATIVE_COLUMN_FOUND -0.10254197937043011 -0.10267801974210145 5.121214500046335 189.4999589000363
PRICING_DONE 106 MESS02 NEGATIVE_COLUMN_FOUND -5.225629039162956e-06 None 0.08045389998005703 189.85293180000735
PRICING_DONE 107 MESS03 NEGATIVE_COLUMN_FOUND -1.7696025063554995e-06 None 0.07757480000145733 190.21145490003983
PRICING_DONE 108 MESS04 NEGATIVE_COLUMN_FOUND -5.9646643622615646e-06 None 0.08933570003136992 190.57383670000127
RMP_OPTIMAL 28 0.6575088549105822 112 195.8184704000014
PRICING_DONE 109 MESS01 NEGATIVE_COLUMN_FOUND -0.0002579577689509789 None 0.0785221999976784 196.40368819999276
PRICING_DONE 110 MESS02 NEGATIVE_COLUMN_FOUND -0.10264937795039059 -0.10319341309534982 2.44307789998129 199.11898500000825
PRICING_DONE 111 MESS03 NEGATIVE_COLUMN_FOUND -4.615820482818e-05 None 0.05927929998142645 199.45381720003206
PRICING_DONE 112 MESS04 NEGATIVE_COLUMN_FOUND -0.10256612905048916 -0.10319341309534982 4.6633074000128545 204.3964324000408
RMP_OPTIMAL 29 0.6463704532193235 116 207.4486801000312
PRICING_DONE 113 MESS01 NEGATIVE_COLUMN_FOUND -0.030725831658050505 None 0.08451299997977912 207.84719590004534
PRICING_DONE 114 MESS02 NEGATIVE_COLUMN_FOUND -0.0027426443269155717 None 0.9446945000090636 210.72763100004522
PRICING_DONE 115 MESS03 NEGATIVE_COLUMN_FOUND -0.0010500575132467121 None 0.08207369997398928 211.0947479000315
PRICING_DONE 116 MESS04 NEGATIVE_COLUMN_FOUND -0.032779764060179316 None 0.08302289998391643 211.45880850002868
RMP_OPTIMAL 30 0.6432281496046656 120 214.55859630001942
PRICING_DONE 117 MESS01 NEGATIVE_COLUMN_FOUND -0.0066834001306049105 None 0.07979129999876022 214.9465818000026
PRICING_DONE 118 MESS02 NEGATIVE_COLUMN_FOUND -0.0021041010053318376 None 0.0781682999804616 215.497636300046
PRICING_DONE 119 MESS03 NEGATIVE_COLUMN_FOUND -0.0009862587903308618 None 0.08034829999087378 218.10492790001445
PRICING_DONE 120 MESS04 NEGATIVE_COLUMN_FOUND -0.012514040065325718 None 0.07829199999105185 218.51518909999868
RMP_OPTIMAL 31 0.6413227625407528 124 221.676015700039
PRICING_DONE 121 MESS01 NEGATIVE_COLUMN_FOUND -0.003143229956731364 None 0.07975540001643822 222.06580090004718
PRICING_DONE 122 MESS02 NEGATIVE_COLUMN_FOUND -0.00252368693840556 None 0.08142840000800788 222.41979910002556
PRICING_DONE 123 MESS03 NEGATIVE_COLUMN_FOUND -0.00213868822463816 None 0.09271340002305806 222.99446499999613
PRICING_DONE 124 MESS04 NEGATIVE_COLUMN_FOUND -0.0036261499705745838 None 0.07741780002834275 225.6622646000469
RMP_OPTIMAL 32 0.6410555825057135 128 228.88657220004825
PRICING_DONE 125 MESS01 NEGATIVE_COLUMN_FOUND -0.0017748359675358507 None 0.07575260003795847 229.26570190000348
PRICING_DONE 126 MESS02 NEGATIVE_COLUMN_FOUND -0.003442355979200605 None 0.07539499999256805 229.6181220000144
PRICING_DONE 127 MESS03 NEGATIVE_COLUMN_FOUND -0.00047862037234453955 None 0.08729160000802949 229.98374670004705
PRICING_DONE 128 MESS04 NEGATIVE_COLUMN_FOUND -0.004846190883200049 None 0.07635500002652407 230.53917800000636
RMP_OPTIMAL 33 0.6409703638675689 132 234.9452273999923
PRICING_DONE 129 MESS01 NEGATIVE_COLUMN_FOUND -0.00041507985707324056 None 0.07712199998786673 235.33424510003533
PRICING_DONE 130 MESS02 NEGATIVE_COLUMN_FOUND -0.0017189612490640517 None 0.07751670002471656 235.68548550002743
PRICING_DONE 131 MESS03 NEGATIVE_COLUMN_FOUND -0.000255861231728104 None 0.08102069998858497 236.05237150000175
PRICING_DONE 132 MESS04 NEGATIVE_COLUMN_FOUND -0.0023734388864359857 None 0.07777799997711554 236.60131630004616
RMP_OPTIMAL 34 0.6408627656279228 136 241.12722770002438
PRICING_DONE 133 MESS01 NEGATIVE_COLUMN_FOUND -0.05689580828200802 -0.05947010790051548 2.4333913999726065 243.86483680002857
PRICING_DONE 134 MESS02 NEGATIVE_COLUMN_FOUND -0.0012556888160513747 None 0.08017999998992309 244.22149520000676
PRICING_DONE 135 MESS03 NEGATIVE_COLUMN_FOUND -0.0003104897310720252 None 0.09278319997247308 244.59513590001734
PRICING_DONE 136 MESS04 NEGATIVE_COLUMN_FOUND -0.001315798210566233 None 0.0793411000049673 244.94843129999936
RMP_OPTIMAL 35 0.639385508662807 140 249.03127620002488
PRICING_DONE 137 MESS01 NEGATIVE_COLUMN_FOUND -0.036737966951605534 None 0.0811653999844566 249.62111900001764
PRICING_DONE 138 MESS02 NEGATIVE_COLUMN_FOUND -0.0009406926624681085 None 0.0866004999843426 249.98707490001107
PRICING_DONE 139 MESS03 NEGATIVE_COLUMN_FOUND -0.00029036106834541824 None 0.08727269998053089 250.37762280000607
PRICING_DONE 140 MESS04 NEGATIVE_COLUMN_FOUND -0.0009280623010361093 None 0.08014420000836253 250.73763899999904
RMP_OPTIMAL 36 0.6379410870938104 144 256.35606449999614
PRICING_DONE 141 MESS01 NEGATIVE_COLUMN_FOUND -0.05066892551534719 None 0.08103820000542328 256.7529296000139
PRICING_DONE 142 MESS02 NEGATIVE_COLUMN_FOUND -0.0002957932813330899 None 0.0951649000053294 257.3232674000319
PRICING_DONE 143 MESS03 NEGATIVE_COLUMN_FOUND -0.000211181484860572 None 0.08044310001423582 257.6820391000365
PRICING_DONE 144 MESS04 NEGATIVE_COLUMN_FOUND -0.0005809695393926604 None 0.08172499999636784 258.04588839999633
RMP_OPTIMAL 37 0.63718991061464 148 263.77843669999857
PRICING_DONE 145 MESS01 NEGATIVE_COLUMN_FOUND -0.028857211190890273 None 0.08118199999444187 264.17904469999485
PRICING_DONE 146 MESS02 NEGATIVE_COLUMN_FOUND -0.0022118317978318956 None 0.08162559999618679 264.73322670004563
PRICING_DONE 147 MESS03 NEGATIVE_COLUMN_FOUND -3.410496127250169e-05 None 0.094134499959182 265.109827200009
PRICING_DONE 148 MESS04 NEGATIVE_COLUMN_FOUND -0.002980011526827425 None 0.08013560000108555 265.46624510001857
RMP_OPTIMAL 38 0.6366250482560216 152 271.17086870002095
PRICING_DONE 149 MESS01 NEGATIVE_COLUMN_FOUND -0.0005294832936278776 None 0.08358229999430478 271.5610460000462
PRICING_DONE 150 MESS02 NEGATIVE_COLUMN_FOUND -6.581256140184407e-05 None 0.08455059997504577 271.9229347000364
PRICING_DONE 151 MESS03 NEGATIVE_COLUMN_FOUND -8.236530336708045e-05 None 0.08442470000591129 272.4904455000069
PRICING_DONE 152 MESS04 NEGATIVE_COLUMN_FOUND -8.704355409057185e-05 None 0.08259370003361255 272.85908670001663
RMP_OPTIMAL 39 0.6366132738909237 156 278.5243200000259
PRICING_DONE 153 MESS01 NEGATIVE_COLUMN_FOUND -0.0005224944123750277 None 0.08122270001331344 278.9175255000009
PRICING_DONE 154 MESS02 NEGATIVE_COLUMN_FOUND -9.195146810077713e-07 None 0.06719149998389184 279.2689292000141
PRICING_DONE 155 MESS03 NEGATIVE_COLUMN_FOUND -0.0001109973655472822 None 0.08334690000629053 279.8369486000156
PRICING_DONE 156 MESS04 NEGATIVE_COLUMN_FOUND -0.00011692746645612019 None 0.0845293999882415 280.2029717999976
RMP_OPTIMAL 40 0.6366020314471523 160 285.8871218000422
PRICING_DONE 157 MESS01 NEGATIVE_COLUMN_FOUND -0.000185751764665506 None 0.08481339999707416 286.2817739000311
PRICING_DONE 158 MESS02 NEGATIVE_COLUMN_FOUND -2.101303067548406e-05 None 0.06902580003952608 286.628413700033
PRICING_DONE 159 MESS03 NEGATIVE_COLUMN_FOUND -3.6556120079580286e-05 None 0.08039279998047277 286.9911709000007
PRICING_DONE 160 MESS04 NEGATIVE_COLUMN_FOUND -9.103379566246974e-06 None 0.08382350002648309 287.55455590004567
RMP_OPTIMAL 41 0.6365986198764877 164 293.4451994000119
PRICING_DONE 161 MESS01 NEGATIVE_COLUMN_FOUND -0.00023384560305986625 None 0.08191880001686513 293.8223243000102
PRICING_DONE 162 MESS02 NEGATIVE_COLUMN_FOUND -5.26480448670325e-05 None 0.09716979996301234 294.19749680004315
PRICING_DONE 163 MESS03 NEGATIVE_COLUMN_FOUND -2.8038289179436876e-07 None 0.06777149997651577 294.5456375000067
PRICING_DONE 164 MESS04 NEGATIVE_COLUMN_FOUND -0.0001506260884532562 None 0.08360989997163415 294.90587090002373
RMP_OPTIMAL 42 0.6365952297659332 168 301.1747591000167
PRICING_DONE 165 MESS01 NEGATIVE_COLUMN_FOUND -0.00016275440157630065 None 0.08340740000130609 301.7618606000324
PRICING_DONE 166 MESS02 NEGATIVE_COLUMN_FOUND -1.826456199513483e-05 None 0.08456250000745058 302.1283001000411
PRICING_DONE 167 MESS03 NEGATIVE_COLUMN_FOUND -4.6532755601671836e-05 None 0.1000608999747783 302.5159257000196
PRICING_DONE 168 MESS04 NEGATIVE_COLUMN_FOUND -3.439509385782145e-05 None 0.08134079998126253 302.8751619000104
RMP_OPTIMAL 43 0.6365845393531516 172 308.8191356000025
PRICING_DONE 169 MESS01 NEGATIVE_COLUMN_FOUND -0.00018980548589470853 None 0.0796383999986574 309.40055840002606
PRICING_DONE 170 MESS02 NEGATIVE_COLUMN_FOUND -0.08899569295722655 -0.08936568756208563 2.832993499992881 312.51404800004093
PRICING_DONE 171 MESS03 NEGATIVE_COLUMN_FOUND -1.812983650150314e-05 None 0.09456729999510571 312.88739440002246
PRICING_DONE 172 MESS04 NEGATIVE_COLUMN_FOUND -3.482959726635796e-06 None 0.06329309998545796 313.22635460004676
RMP_OPTIMAL 44 0.6338560848774942 176 317.958111200016
PRICING_DONE 173 MESS01 NEGATIVE_COLUMN_FOUND -0.01979645765196271 None 0.08380119997309521 318.3554224999971
PRICING_DONE 174 MESS02 NEGATIVE_COLUMN_FOUND -0.024362503789733682 None 0.08981829998083413 318.94159240002045
PRICING_DONE 175 MESS03 NEGATIVE_COLUMN_FOUND -0.0013718723133897056 None 0.08415220002643764 319.3107114000013
PRICING_DONE 176 MESS04 NEGATIVE_COLUMN_FOUND -0.002419058812450754 None 0.10011250001844019 319.6854304000153
RMP_OPTIMAL 45 0.6304306113151493 180 324.31692310003564
PRICING_DONE 177 MESS01 NEGATIVE_COLUMN_FOUND -0.021491494613794123 None 0.08455799997318536 324.70972600003006
PRICING_DONE 178 MESS02 NEGATIVE_COLUMN_FOUND -0.03068070319007587 None 0.10316679999232292 325.1012563999975
PRICING_DONE 179 MESS03 NEGATIVE_COLUMN_FOUND -0.00426712622363872 None 0.08577890001470223 325.66267170000356
PRICING_DONE 180 MESS04 NEGATIVE_COLUMN_FOUND -0.004913361123520134 None 0.10196639999048784 326.045400300005
RMP_OPTIMAL 46 0.6282255135133678 184 331.7768375000451
PRICING_DONE 181 MESS01 NEGATIVE_COLUMN_FOUND -0.026262903830125164 None 0.08469750004587695 332.17536590003874
PRICING_DONE 182 MESS02 NEGATIVE_COLUMN_FOUND -0.022657016918876574 None 0.08723480004118755 332.5599629000062
PRICING_DONE 183 MESS03 NEGATIVE_COLUMN_FOUND -2.7147748508097225e-05 None 0.08398049999959767 333.1228803000413
PRICING_DONE 184 MESS04 NEGATIVE_COLUMN_FOUND -0.0033315070138769443 None 0.09989769995445386 333.4996662000194
RMP_OPTIMAL 47 0.6263815379700799 188 339.2956034000381
PRICING_DONE 185 MESS01 NEGATIVE_COLUMN_FOUND -0.012364615969311534 None 0.10375280003063381 339.7084190000314
PRICING_DONE 186 MESS02 NEGATIVE_COLUMN_FOUND -0.02184058404333534 None 0.08966820000205189 340.0871621000115
PRICING_DONE 187 MESS03 NEGATIVE_COLUMN_FOUND -0.006488969161097965 None 0.08957519999239594 340.46437950001564
PRICING_DONE 188 MESS04 NEGATIVE_COLUMN_FOUND -0.0038080372287059173 None 0.10221169999567792 341.04375280003296
RMP_OPTIMAL 48 0.6254635819171649 192 346.80528480000794
PRICING_DONE 189 MESS01 NEGATIVE_COLUMN_FOUND -0.00270686336916707 None 0.08140539994928986 347.1946616000496
PRICING_DONE 190 MESS02 NEGATIVE_COLUMN_FOUND -0.0030516370408174 None 0.08714269998017699 347.5690026000375
PRICING_DONE 191 MESS03 NEGATIVE_COLUMN_FOUND -0.0005388692289087912 None 0.08864350005751476 347.9460476000095
PRICING_DONE 192 MESS04 NEGATIVE_COLUMN_FOUND -0.0005047664320742395 None 0.09078219998627901 348.3210700000054
RMP_OPTIMAL 49 0.625396319338561 196 354.28094920003787
PRICING_DONE 193 MESS01 NEGATIVE_COLUMN_FOUND -0.0008813784641006144 None 0.08934569999109954 354.868353900034
PRICING_DONE 194 MESS02 NEGATIVE_COLUMN_FOUND -0.000871598838289058 None 0.10284929996123537 355.25397520000115
PRICING_DONE 195 MESS03 NEGATIVE_COLUMN_FOUND -0.0006529021390908165 None 0.09193949995096773 355.631456800038
PRICING_DONE 196 MESS04 NEGATIVE_COLUMN_FOUND -0.0003915817036464533 None 0.09603880002396181 356.0110908000497
RMP_OPTIMAL 50 0.6253304690345854 200 362.01295120001305
PRICING_DONE 197 MESS01 NEGATIVE_COLUMN_FOUND -0.0014063720327186695 None 0.10113450000062585 362.6270558999968
PRICING_DONE 198 MESS02 NEGATIVE_COLUMN_FOUND -0.0012515511875826803 None 0.0868738999706693 363.00101380003616
PRICING_DONE 199 MESS03 NEGATIVE_COLUMN_FOUND -0.0006498517028427998 None 0.1040527000441216 363.3922782000154
PRICING_DONE 200 MESS04 NEGATIVE_COLUMN_FOUND -0.00034058889736278256 None 0.08736799994949251 363.7613501000451
RMP_OPTIMAL 51 0.6252583514387944 204 369.73918410000624
PRICING_DONE 201 MESS01 NEGATIVE_COLUMN_FOUND -0.0006184221770042681 None 0.08350039995275438 370.1175379000488
PRICING_DONE 202 MESS02 NEGATIVE_COLUMN_FOUND -0.000847444605435107 None 0.08693200000561774 370.6961115000304
PRICING_DONE 203 MESS03 NEGATIVE_COLUMN_FOUND -0.00022095683649923063 None 0.0854671000270173 371.0633233000408
PRICING_DONE 204 MESS04 NEGATIVE_COLUMN_FOUND -0.00019251426990356675 None 0.0858320000115782 371.4287114000181
RMP_OPTIMAL 52 0.6252343117074717 208 377.4394043000066
PRICING_DONE 205 MESS01 NEGATIVE_COLUMN_FOUND -0.0008649970022340798 None 0.08736730000237003 377.84210700000403
PRICING_DONE 206 MESS02 NEGATIVE_COLUMN_FOUND -0.00117234500076347 None 0.0885248999693431 378.40993310004706
PRICING_DONE 207 MESS03 NEGATIVE_COLUMN_FOUND -0.00021669412804289237 None 0.11472790001425892 378.81019180000294
PRICING_DONE 208 MESS04 NEGATIVE_COLUMN_FOUND -0.0001636826734746435 None 0.0870497000287287 379.17526940000243
RMP_OPTIMAL 53 0.6252135644931958 212 384.95603400003165
PRICING_DONE 209 MESS01 NEGATIVE_COLUMN_FOUND -0.00022292751094531838 None 0.08429620001697913 385.3539413000108
PRICING_DONE 210 MESS02 NEGATIVE_COLUMN_FOUND -0.00012383876950124222 None 0.08925359998829663 385.7319251000299
PRICING_DONE 211 MESS03 NEGATIVE_COLUMN_FOUND -0.0001769244581907716 None 0.08750840002903715 386.29839390004054
PRICING_DONE 212 MESS04 NEGATIVE_COLUMN_FOUND -8.001561648683237e-05 None 0.0862405999796465 386.6667613000027
RMP_OPTIMAL 54 0.6252040278917051 216 393.8550796000054
PRICING_DONE 213 MESS01 NEGATIVE_COLUMN_FOUND -0.00025138551164522875 None 0.10151179996319115 394.267909599992
PRICING_DONE 214 MESS02 NEGATIVE_COLUMN_FOUND -0.0002663874219695038 None 0.08837219997076318 394.6625564999995
PRICING_DONE 215 MESS03 NEGATIVE_COLUMN_FOUND -0.00015597807258714005 None 0.08872780000092462 395.2340827000444
PRICING_DONE 216 MESS04 NEGATIVE_COLUMN_FOUND -9.403411834466802e-07 None 0.08934760000556707 395.60523730004206
RMP_OPTIMAL 55 0.6251624681428503 220 400.2693652000162
PRICING_DONE 217 MESS01 NEGATIVE_COLUMN_FOUND -0.00026419124591784646 None 0.08579599997028708 400.66749670001445
PRICING_DONE 218 MESS02 NEGATIVE_COLUMN_FOUND -0.00016253866858966672 None 0.0874955999897793 401.04084910004167
PRICING_DONE 219 MESS03 NEGATIVE_COLUMN_FOUND -0.00011870796187157737 None 0.08713910001097247 401.4115748000331
PRICING_DONE 220 MESS04 NEGATIVE_COLUMN_FOUND -1.75393825270709e-05 None 0.10254539997549728 401.9908507000073
RMP_OPTIMAL 56 0.6251562888296269 224 407.74918600003
PRICING_DONE 221 MESS01 NEGATIVE_COLUMN_FOUND -0.00011026337130262719 None 0.08676350000314415 408.1444238999975
PRICING_DONE 222 MESS02 NEGATIVE_COLUMN_FOUND -1.9670025578463467e-05 None 0.06826580001506954 408.49996700003976
PRICING_DONE 223 MESS03 NEGATIVE_COLUMN_FOUND -8.281420783839752e-05 None 0.1043789999675937 408.8885881000315
PRICING_DONE 224 MESS04 NEGATIVE_COLUMN_FOUND -3.962146286778199e-05 None 0.10057239996967837 409.2688363000052
RMP_OPTIMAL 57 0.6251520250613064 228 415.24580830003833
PRICING_DONE 225 MESS01 NEGATIVE_COLUMN_FOUND -3.097110174292509e-05 None 0.07067350001307204 415.82798600004753
PRICING_DONE 226 MESS02 NEGATIVE_COLUMN_FOUND -3.81826958908262e-05 None 0.07028409995837137 416.190287000034
PRICING_DONE 227 MESS03 NEGATIVE_COLUMN_FOUND -6.427728298578043e-05 None 0.08935199998086318 416.5650453999988
PRICING_DONE 228 MESS04 NEGATIVE_COLUMN_FOUND -1.0258028683903155e-05 None 0.07115000003250316 416.91900120000355
RMP_OPTIMAL 58 0.6251480701679111 232 422.77379930001916
PRICING_DONE 229 MESS01 NEGATIVE_COLUMN_FOUND -9.522658692253593e-07 None 0.08916959998896345 423.37592980003683
PRICING_DONE 230 MESS02 NEGATIVE_COLUMN_FOUND -4.3165462810181086e-05 None 0.07126299996161833 423.7385985000292
PRICING_DONE 231 MESS03 NEGATIVE_COLUMN_FOUND -4.071766894830889e-05 None 0.09246419998817146 424.1270121000125
PRICING_DONE 232 MESS04 NEGATIVE_COLUMN_FOUND -2.9533118408932724e-05 None 0.07362300000386313 424.48148030001903
RMP_OPTIMAL 59 0.6251456483362584 236 430.37085820001084
PRICING_DONE 233 MESS01 NEGATIVE_COLUMN_FOUND -8.578284379588191e-05 None 0.08832499996060506 430.77493000001414
PRICING_DONE 234 MESS02 NEGATIVE_COLUMN_FOUND -1.9153906437979943e-06 None 0.06876880000345409 431.32757480000146
PRICING_DONE 235 MESS03 NEGATIVE_COLUMN_FOUND -2.5990828115084593e-06 None 0.06928459997288883 431.6859852000489
PRICING_DONE 236 MESS04 NEGATIVE_COLUMN_FOUND -0.10336206559022675 -0.10345345434014715 4.694021800009068 437.6786391000496
RMP_OPTIMAL 60 0.6210508438887943 240 442.5857074999949
PRICING_DONE 237 MESS01 NEGATIVE_COLUMN_FOUND -0.010475116377414856 None 2.447977899981197 445.34392940002726
PRICING_DONE 238 MESS02 NEGATIVE_COLUMN_FOUND -0.029482037806906763 None 0.09356449998449534 445.9274045000202
PRICING_DONE 239 MESS03 NEGATIVE_COLUMN_FOUND -0.0043274680244846575 None 0.0889413999975659 446.2985655000084
PRICING_DONE 240 MESS04 NEGATIVE_COLUMN_FOUND -0.034501326676955914 None 0.08807210001396015 446.6815222000005
RMP_OPTIMAL 61 0.6183479492614833 244 453.0477016000077
PRICING_DONE 241 MESS01 NEGATIVE_COLUMN_FOUND -0.007524873963749517 None 0.10648789996048436 453.4685705000302
PRICING_DONE 242 MESS02 NEGATIVE_COLUMN_FOUND -0.009789890350563307 None 0.10701869998592883 453.87114070000825
PRICING_DONE 243 MESS03 NEGATIVE_COLUMN_FOUND -0.006073530268788341 None 0.08940370002528653 454.4515383000253
PRICING_DONE 244 MESS04 NEGATIVE_COLUMN_FOUND -0.036070655564012954 None 0.09102510003140196 454.8376810000045
RMP_OPTIMAL 62 0.6171767926610867 248 460.73232599999756
PRICING_DONE 245 MESS01 NEGATIVE_COLUMN_FOUND -0.010782506672052994 None 0.10769319999963045 461.1549051000038
PRICING_DONE 246 MESS02 NEGATIVE_COLUMN_FOUND -0.009731530204031528 None 0.09029610001016408 461.533703699999
PRICING_DONE 247 MESS03 NEGATIVE_COLUMN_FOUND -0.002839531247348724 None 0.0890650000073947 461.91602900001453
PRICING_DONE 248 MESS04 NEGATIVE_COLUMN_FOUND -0.03026124803202472 None 0.10469439998269081 462.5046661000233
RMP_OPTIMAL 63 0.6154378232186394 252 468.2595403000014
PRICING_DONE 249 MESS01 NEGATIVE_COLUMN_FOUND -0.014182670797275651 None 0.09177179995458573 468.6657586999936
PRICING_DONE 250 MESS02 NEGATIVE_COLUMN_FOUND -0.016701463770097843 None 0.10991800000192598 469.06795570004033
PRICING_DONE 251 MESS03 NEGATIVE_COLUMN_FOUND -0.0028992819914919936 None 0.07331280002836138 469.4323909000377
PRICING_DONE 252 MESS04 NEGATIVE_COLUMN_FOUND -0.0135635182966328 None 0.10817590000806376 470.0419163000188
RMP_OPTIMAL 64 0.614546659468946 256 475.9142483000178
PRICING_DONE 253 MESS01 NEGATIVE_COLUMN_FOUND -0.004929241429285332 None 0.1016243000049144 476.3260894000414
PRICING_DONE 254 MESS02 NEGATIVE_COLUMN_FOUND -0.0035175791506586443 None 0.0886185999843292 476.6987569000339
PRICING_DONE 255 MESS03 NEGATIVE_COLUMN_FOUND -0.0009902528720995708 None 0.07220659998711199 477.06717660004506
PRICING_DONE 256 MESS04 NEGATIVE_COLUMN_FOUND -0.003437486543758278 None 0.08731659996556118 477.44618299999274
RMP_OPTIMAL 65 0.6141486280312294 260 483.5054157000268
PRICING_DONE 257 MESS01 NEGATIVE_COLUMN_FOUND -0.002442557791120005 None 0.08982719999039546 484.1040595000377
PRICING_DONE 258 MESS02 NEGATIVE_COLUMN_FOUND -0.0036760024558718297 None 0.09275390004040673 484.4877338000224
PRICING_DONE 259 MESS03 NEGATIVE_COLUMN_FOUND -0.0003887198962858293 None 0.09315600001718849 484.8696709999931
PRICING_DONE 260 MESS04 NEGATIVE_COLUMN_FOUND -0.003096304935414787 None 0.09417039999971166 485.2540499000461
RMP_OPTIMAL 66 0.6140271982073489 264 491.3122902000323
PRICING_DONE 261 MESS01 NEGATIVE_COLUMN_FOUND -0.0002598675254677426 None 0.10636810003779829 491.7189529000316
PRICING_DONE 262 MESS02 NEGATIVE_COLUMN_FOUND -2.466797467065168e-05 None 0.09014290000777692 492.29105689999415
PRICING_DONE 263 MESS03 NEGATIVE_COLUMN_FOUND -3.2720405448217906e-05 None 0.09120080003049225 492.6693876000354
PRICING_DONE 264 MESS04 NEGATIVE_COLUMN_FOUND -0.000240335517989742 None 0.09155339997960255 493.05257330002496
RMP_OPTIMAL 67 0.6140239982388301 268 499.1351327000302
PRICING_DONE 265 MESS01 NEGATIVE_COLUMN_FOUND -3.6928284116302096e-05 None 0.10022919997572899 499.5366039000219
PRICING_DONE 266 MESS02 NEGATIVE_COLUMN_FOUND -4.580277639743266e-06 None 0.08901880000485107 500.1126963000279
PRICING_DONE 267 MESS03 NEGATIVE_COLUMN_FOUND -7.726213898706956e-06 None 0.0871119000366889 500.4850170999998
PRICING_DONE 268 MESS04 NEGATIVE_COLUMN_FOUND -7.350546308184805e-05 None 0.08662789996014908 500.8800017000176
RMP_OPTIMAL 68 0.6140221951577058 272 506.81570010003634
PRICING_DONE 269 MESS01 NEGATIVE_COLUMN_FOUND -1.1599585344152643e-05 None 0.07354340003803372 507.2079642000026
PRICING_DONE 270 MESS02 NEGATIVE_COLUMN_FOUND -3.761830136923957e-06 None 0.07598219998180866 507.5779604000272
PRICING_DONE 271 MESS03 NEGATIVE_COLUMN_FOUND -1.1773216361664198e-06 None 0.08878669998375699 508.15026210004
PRICING_DONE 272 MESS04 NEGATIVE_COLUMN_FOUND -6.152267262803106e-05 None 0.09130890003871173 508.5298594000051
RMP_OPTIMAL 69 0.6140190522089948 276 514.5584031000035
PRICING_DONE 273 MESS01 NEGATIVE_COLUMN_FOUND -0.09079504496111052 -0.09088590960401549 2.8791179999825545 517.7456524000154
PRICING_DONE 274 MESS02 NEGATIVE_COLUMN_FOUND -3.184382951099788e-05 None 0.09044770000036806 518.1255510000046
PRICING_DONE 275 MESS03 NEGATIVE_COLUMN_FOUND -7.776695564892872e-07 None 0.08939139998983592 518.5013904999942
PRICING_DONE 276 MESS04 NEGATIVE_COLUMN_FOUND -0.09255046215215779 -0.09281358307027784 4.912290400010534 523.9109663999989
RMP_OPTIMAL 70 0.6119577569588908 280 529.6203300000052
PRICING_DONE 277 MESS01 NEGATIVE_COLUMN_FOUND -0.07039510929670678 None 0.09277920000022277 530.041295700008
PRICING_DONE 278 MESS02 NEGATIVE_COLUMN_FOUND -0.013662412748016946 None 0.09387920005246997 530.4281736999983
PRICING_DONE 279 MESS03 NEGATIVE_COLUMN_FOUND -0.0034020061911119305 None 0.09323619998758659 530.812127400015
PRICING_DONE 280 MESS04 NEGATIVE_COLUMN_FOUND -0.06824525660717025 None 0.11390109994681552 531.431965900003
RMP_OPTIMAL 71 0.6108236162184275 284 537.4391969999997
PRICING_DONE 281 MESS01 NEGATIVE_COLUMN_FOUND -0.04536611105926364 None 0.09199200000148267 537.8517141000484
PRICING_DONE 282 MESS02 NEGATIVE_COLUMN_FOUND -0.009005929159593145 None 0.09489140001824126 538.2369293000083
PRICING_DONE 283 MESS03 NEGATIVE_COLUMN_FOUND -0.003887590448096181 None 0.10919529997045174 538.633939500025
PRICING_DONE 284 MESS04 NEGATIVE_COLUMN_FOUND -0.0394961991033745 None 0.09488889999920502 539.0210200000438
RMP_OPTIMAL 72 0.6096363418664372 288 544.810392000014
PRICING_DONE 285 MESS01 NEGATIVE_COLUMN_FOUND -0.023313788629589126 None 0.10901600000215694 545.4417602000176
PRICING_DONE 286 MESS02 NEGATIVE_COLUMN_FOUND -0.011044210900516303 None 0.09617400000570342 545.8272695000051
PRICING_DONE 287 MESS03 NEGATIVE_COLUMN_FOUND -0.0044193939021271045 None 0.10926929995184764 546.2283669000026
PRICING_DONE 288 MESS04 NEGATIVE_COLUMN_FOUND -0.022297489698927423 None 0.10894239996559918 546.6349748999928
RMP_OPTIMAL 73 0.6087719511522323 292 552.4613223000197
PRICING_DONE 289 MESS01 NEGATIVE_COLUMN_FOUND -0.027310038369058567 None 0.09000949998153374 553.0724601999973
PRICING_DONE 290 MESS02 NEGATIVE_COLUMN_FOUND -0.009445743275620692 None 0.09289519995218143 553.4585751999984
PRICING_DONE 291 MESS03 NEGATIVE_COLUMN_FOUND -0.00237891753529292 None 0.09119320003082976 553.8478125000256
PRICING_DONE 292 MESS04 NEGATIVE_COLUMN_FOUND -0.023330425170698915 None 0.10903429996687919 554.2528812999954
RMP_OPTIMAL 74 0.6076850131249482 296 560.3708976000198
PRICING_DONE 293 MESS01 NEGATIVE_COLUMN_FOUND -0.012299733940335648 None 0.09089270001277328 560.782623200037
PRICING_DONE 294 MESS02 NEGATIVE_COLUMN_FOUND -0.007565538385313865 None 0.11156699998537078 561.3804500999977
PRICING_DONE 295 MESS03 NEGATIVE_COLUMN_FOUND -0.0016414697204211962 None 0.08948450000025332 561.7549298999947
PRICING_DONE 296 MESS04 NEGATIVE_COLUMN_FOUND -0.008753467145728508 None 0.10791489999974146 562.1527867999976
RMP_OPTIMAL 75 0.6073370179782882 300 568.4387977000442
PRICING_DONE 297 MESS01 NEGATIVE_COLUMN_FOUND -0.005773471929495442 None 0.10733460000483319 568.8670903000166
PRICING_DONE 298 MESS02 NEGATIVE_COLUMN_FOUND -0.00400563805454183 None 0.09545690001687035 569.46039870003
PRICING_DONE 299 MESS03 NEGATIVE_COLUMN_FOUND -0.0006707121209433589 None 0.09394820005400106 569.845516100002
PRICING_DONE 300 MESS04 NEGATIVE_COLUMN_FOUND -0.006722493845797129 None 0.11098719999426976 570.2522255000076
RMP_OPTIMAL 76 0.6070754563632237 304 576.7363688000478
PRICING_DONE 301 MESS01 NEGATIVE_COLUMN_FOUND -0.004304132325928615 None 0.09352590003982186 577.1537702000351
PRICING_DONE 302 MESS02 NEGATIVE_COLUMN_FOUND -0.004298961594784656 None 0.09339220001129434 577.7462900000392
PRICING_DONE 303 MESS03 NEGATIVE_COLUMN_FOUND -0.0010268268544236599 None 0.10857739998027682 578.1497146000038
PRICING_DONE 304 MESS04 NEGATIVE_COLUMN_FOUND -0.006470573965577617 None 0.09463579999282956 578.537402899994
RMP_OPTIMAL 77 0.6069393529051716 308 585.2660993000027
PRICING_DONE 305 MESS01 NEGATIVE_COLUMN_FOUND -0.07065310995237575 -0.07124485850160793 4.597783699980937 590.1854058000026
PRICING_DONE 306 MESS02 NEGATIVE_COLUMN_FOUND -0.0002738038202285617 None 0.09411040000850335 590.5700639000279
PRICING_DONE 307 MESS03 NEGATIVE_COLUMN_FOUND -0.00015283861280018993 None 0.09342500002821907 591.1422962000361
PRICING_DONE 308 MESS04 NEGATIVE_COLUMN_FOUND -0.0006864810315377728 None 0.09264119999716058 591.5256761000492
RMP_OPTIMAL 78 0.6052658447096589 312 598.5100719000329
PRICING_DONE 309 MESS01 NEGATIVE_COLUMN_FOUND -0.01859528096205653 None 0.09604879998369142 598.9353151000105
PRICING_DONE 310 MESS02 NEGATIVE_COLUMN_FOUND -0.010264659223779218 None 0.10005340003408492 599.3340054000146
PRICING_DONE 311 MESS03 NEGATIVE_COLUMN_FOUND -0.0032704125858767146 None 0.11220740003045648 599.7405533000128
PRICING_DONE 312 MESS04 NEGATIVE_COLUMN_FOUND -0.015314162270133238 None 0.11477869999362156 600.3625770999934
RMP_OPTIMAL 79 0.6043006000301343 316 608.1008520000032
PRICING_DONE 313 MESS01 NEGATIVE_COLUMN_FOUND -0.013621926282258359 None 0.09898280003108084 608.5305841999943
PRICING_DONE 314 MESS02 NEGATIVE_COLUMN_FOUND -0.010388998013793364 None 0.09759340004529804 608.9242664000485
PRICING_DONE 315 MESS03 NEGATIVE_COLUMN_FOUND -0.0031685493756835074 None 0.09582139999838546 609.3520065000048
PRICING_DONE 316 MESS04 NEGATIVE_COLUMN_FOUND -0.013577333223069518 None 0.09445630002301186 609.9340504000429
RMP_OPTIMAL 80 0.6039938215089701 320 616.4581208000309
PRICING_DONE 317 MESS01 NEGATIVE_COLUMN_FOUND -0.015635906282520397 None 0.10747550002997741 616.8813221000019
PRICING_DONE 318 MESS02 NEGATIVE_COLUMN_FOUND -0.009873143735753431 None 0.11143750004703179 617.2884511000011
PRICING_DONE 319 MESS03 NEGATIVE_COLUMN_FOUND -0.003708246127471532 None 0.09321469999849796 619.9771557000349
PRICING_DONE 320 MESS04 NEGATIVE_COLUMN_FOUND -0.011338786013523961 None 0.201720499957446 620.5872343000374
RMP_OPTIMAL 81 0.6036682400571701 324 628.4772931000334
PRICING_DONE 321 MESS01 NEGATIVE_COLUMN_FOUND -0.011697634105818519 None 0.1102934000082314 629.0991226000478
PRICING_DONE 322 MESS02 NEGATIVE_COLUMN_FOUND -0.010162165193662564 None 0.09729050000896677 629.4915477000177
PRICING_DONE 323 MESS03 NEGATIVE_COLUMN_FOUND -0.004341392492513815 None 0.11279639997519553 629.8939737000037
PRICING_DONE 324 MESS04 NEGATIVE_COLUMN_FOUND -0.01083973236205553 None 0.09516149997944012 630.2954610000015
RMP_OPTIMAL 82 0.6034121577641479 328 637.1645595000009
PRICING_DONE 325 MESS01 NEGATIVE_COLUMN_FOUND -0.00961588041000218 None 0.11278810002841055 637.7936518000206
PRICING_DONE 326 MESS02 NEGATIVE_COLUMN_FOUND -0.006447879724053557 None 0.09625830000732094 638.1885673000361
PRICING_DONE 327 MESS03 NEGATIVE_COLUMN_FOUND -0.0023367131247578484 None 0.11198470002273098 638.5916862000013
PRICING_DONE 328 MESS04 NEGATIVE_COLUMN_FOUND -0.010412130881523395 None 0.09415089996764436 638.9802180000115
RMP_OPTIMAL 83 0.6030925838019661 332 645.9024744000053
PRICING_DONE 329 MESS01 NEGATIVE_COLUMN_FOUND -0.0077214358441877835 None 0.11507309996522963 646.3372246000217
PRICING_DONE 330 MESS02 NEGATIVE_COLUMN_FOUND -0.007081942469599566 None 0.11429070000303909 646.9396505000186
PRICING_DONE 331 MESS03 NEGATIVE_COLUMN_FOUND -0.0035490332040607133 None 0.11587080004392192 647.3469822000479
PRICING_DONE 332 MESS04 NEGATIVE_COLUMN_FOUND -0.009474044051558333 None 0.09722310001961887 647.7463908999925
RMP_OPTIMAL 84 0.6029395369535985 336 654.7737440000055
PRICING_DONE 333 MESS01 NEGATIVE_COLUMN_FOUND -0.005915836947393633 None 0.09498270001495257 655.1887697000057
PRICING_DONE 334 MESS02 NEGATIVE_COLUMN_FOUND -0.0046243845416999016 None 0.09721630002604797 657.5462544000475
PRICING_DONE 335 MESS03 NEGATIVE_COLUMN_FOUND -0.0036682064612160847 None 0.3309255000203848 658.4933661000105
PRICING_DONE 336 MESS04 NEGATIVE_COLUMN_FOUND -0.0070172619421029645 None 0.12127500004135072 658.9130754999933
RMP_OPTIMAL 85 0.6026981646843985 340 681.7897110000486
PRICING_DONE 337 MESS01 NEGATIVE_COLUMN_FOUND -0.007575486609141018 None 0.12963189999572933 682.2498955000192
PRICING_DONE 338 MESS02 NEGATIVE_COLUMN_FOUND -0.006822191820473137 None 0.0971447000047192 682.6452667000121
PRICING_DONE 339 MESS03 NEGATIVE_COLUMN_FOUND -0.004437807117517507 None 0.11818220000714064 683.2649853000185
PRICING_DONE 340 MESS04 NEGATIVE_COLUMN_FOUND -0.008547688125679378 None 0.11134370003128424 683.7046070999932
RMP_OPTIMAL 86 0.6025510015264933 344 690.1025927000446
PRICING_DONE 341 MESS01 NEGATIVE_COLUMN_FOUND -0.005206620274691508 None 0.09858089999761432 690.5267389999935
PRICING_DONE 342 MESS02 NEGATIVE_COLUMN_FOUND -0.005530183062321385 None 0.09763670002575964 690.9179262000252
PRICING_DONE 343 MESS03 NEGATIVE_COLUMN_FOUND -0.0038889638305443586 None 0.1131228000158444 691.3223289000452
PRICING_DONE 344 MESS04 NEGATIVE_COLUMN_FOUND -0.006331016418792326 None 0.09716599999228492 691.9154715000186
RMP_OPTIMAL 87 0.6024747101657569 348 698.2632062000339
PRICING_DONE 345 MESS01 NEGATIVE_COLUMN_FOUND -0.004771223494630469 None 0.1101321000023745 698.7093657000223
PRICING_DONE 346 MESS02 NEGATIVE_COLUMN_FOUND -0.003868212530226602 None 0.09768700000131503 699.1038056000252
PRICING_DONE 347 MESS03 NEGATIVE_COLUMN_FOUND -0.0028997291471542473 None 0.09845569997560233 699.4992085000267
PRICING_DONE 348 MESS04 NEGATIVE_COLUMN_FOUND -0.0073104079195345445 None 0.09689699998125434 699.8974441000028
RMP_OPTIMAL 88 0.6023506885810525 352 707.0188860000344
PRICING_DONE 349 MESS01 NEGATIVE_COLUMN_FOUND -0.005299475175469803 None 0.09900210000341758 707.6377839000197
PRICING_DONE 350 MESS02 NEGATIVE_COLUMN_FOUND -0.004504141159382066 None 0.09816660004435107 708.0301386000356
PRICING_DONE 351 MESS03 NEGATIVE_COLUMN_FOUND -0.003566191627772472 None 0.11727079999400303 708.4473703000112
PRICING_DONE 352 MESS04 NEGATIVE_COLUMN_FOUND -0.006230202138936789 None 0.11808149999706075 711.1281962000066
RMP_OPTIMAL 89 0.6022732723544199 356 719.4361927999998
PRICING_DONE 353 MESS01 NEGATIVE_COLUMN_FOUND -0.003945008746774766 None 0.1195638999924995 720.0716564000468
PRICING_DONE 354 MESS02 NEGATIVE_COLUMN_FOUND -0.003816393251924057 None 0.11452290002489462 720.4790719000157
PRICING_DONE 355 MESS03 NEGATIVE_COLUMN_FOUND -0.003416882911459238 None 0.10051050002221018 720.8899244000204
PRICING_DONE 356 MESS04 NEGATIVE_COLUMN_FOUND -0.0044986487803326215 None 0.1136887000175193 721.2991797000286
RMP_OPTIMAL 90 0.6021220913502462 360 728.4107657000422
PRICING_DONE 357 MESS01 NEGATIVE_COLUMN_FOUND -0.004754113206239116 None 0.11661560001084581 728.8475111000007
PRICING_DONE 358 MESS02 NEGATIVE_COLUMN_FOUND -0.005011851556893161 None 0.09748910000780597 729.4401865000254
PRICING_DONE 359 MESS03 NEGATIVE_COLUMN_FOUND -0.0012842076182259473 None 0.09768280002754182 729.8353038000059
PRICING_DONE 360 MESS04 NEGATIVE_COLUMN_FOUND -0.007238619614974027 None 0.11944490001769736 730.2561395000084
RMP_OPTIMAL 91 0.6019895065080214 364 737.3929164000438
PRICING_DONE 361 MESS01 NEGATIVE_COLUMN_FOUND -0.005023076697997275 None 0.11286299995845184 737.8301533000194
PRICING_DONE 362 MESS02 NEGATIVE_COLUMN_FOUND -0.004021775784708251 None 0.09691790002398193 738.4179208000423
PRICING_DONE 363 MESS03 NEGATIVE_COLUMN_FOUND -0.0031414945835294243 None 0.09896549995755777 738.8138486000244
PRICING_DONE 364 MESS04 NEGATIVE_COLUMN_FOUND -0.006069730335865878 None 2.643048700003419 741.7569234000403
RMP_OPTIMAL 92 0.6018879134065641 368 749.759312500013
PRICING_DONE 365 MESS01 NEGATIVE_COLUMN_FOUND -0.005997642772879488 None 0.09829599998192862 750.1782194999978
PRICING_DONE 366 MESS02 NEGATIVE_COLUMN_FOUND -0.0052568217732077 None 0.11718900001142174 750.6005722000264
PRICING_DONE 367 MESS03 NEGATIVE_COLUMN_FOUND -0.0028054074293219593 None 0.11773609998635948 751.2090079000336
PRICING_DONE 368 MESS04 NEGATIVE_COLUMN_FOUND -0.005542097754795798 None 0.11811679997481406 751.6272822000319
RMP_OPTIMAL 93 0.6018449222842331 372 758.5879249999998
PRICING_DONE 369 MESS01 NEGATIVE_COLUMN_FOUND -0.004914436742123287 None 0.11871780001092702 759.0287081000279
PRICING_DONE 370 MESS02 NEGATIVE_COLUMN_FOUND -0.004221645720798275 None 0.09910769999260083 759.4261627999949
PRICING_DONE 371 MESS03 NEGATIVE_COLUMN_FOUND -0.0021337163484126385 None 0.11817600001813844 760.039629100007
PRICING_DONE 372 MESS04 NEGATIVE_COLUMN_FOUND -0.006060384413703571 None 0.116324300004635 760.450917500013
RMP_OPTIMAL 94 0.6017990488363081 376 767.8138195000356
PRICING_DONE 373 MESS01 NEGATIVE_COLUMN_FOUND -0.0026646244967518965 None 0.11262240004725754 768.2498779000016
PRICING_DONE 374 MESS02 NEGATIVE_COLUMN_FOUND -0.002250976596649472 None 0.10194209998007864 768.6522062000004
PRICING_DONE 375 MESS03 NEGATIVE_COLUMN_FOUND -0.0014736171657939426 None 0.09989750001113862 769.0489015000057
PRICING_DONE 376 MESS04 NEGATIVE_COLUMN_FOUND -0.0026100680279522144 None 1.5814786999835633 772.0030796999927
RMP_OPTIMAL 95 0.601756905975462 380 780.1767937000259
PRICING_DONE 377 MESS01 NEGATIVE_COLUMN_FOUND -0.002773793200884374 None 0.09783799998695031 780.6097431000089
PRICING_DONE 378 MESS02 NEGATIVE_COLUMN_FOUND -0.002809841698991606 None 0.10068819997832179 781.0087153000059
PRICING_DONE 379 MESS03 NEGATIVE_COLUMN_FOUND -0.0013117360419267708 None 0.0983291000011377 781.4070401000208
PRICING_DONE 380 MESS04 NEGATIVE_COLUMN_FOUND -0.003410412835695719 None 0.11714270000811666 782.0254109000089
RMP_OPTIMAL 96 0.601719635093425 384 788.6890319000231
PRICING_DONE 381 MESS01 NEGATIVE_COLUMN_FOUND -0.0032669115545308773 None 0.1151405000127852 789.1299994000001
PRICING_DONE 382 MESS02 NEGATIVE_COLUMN_FOUND -0.0029257843043994187 None 0.09334819996729493 789.5169247000013
PRICING_DONE 383 MESS03 NEGATIVE_COLUMN_FOUND -0.00104022489028054 None 0.09713060001377016 789.9087238000357
PRICING_DONE 384 MESS04 NEGATIVE_COLUMN_FOUND -0.003473232027771822 None 0.09668770001735538 790.3007420999929
RMP_OPTIMAL 97 0.6016911967232251 388 797.7708401000127
PRICING_DONE 385 MESS01 NEGATIVE_COLUMN_FOUND -0.0024955732491608205 None 0.11749330000020564 798.4078573000152
PRICING_DONE 386 MESS02 NEGATIVE_COLUMN_FOUND -0.0022625898988898846 None 0.09795019996818155 798.8039173000143
PRICING_DONE 387 MESS03 NEGATIVE_COLUMN_FOUND -0.0009691991829254268 None 0.09854520001681522 799.209771600028
PRICING_DONE 388 MESS04 NEGATIVE_COLUMN_FOUND -0.0027142020737983153 None 0.09891340002650395 801.8925133000012
RMP_OPTIMAL 98 0.6016453338233767 392 810.710249900003
PRICING_DONE 389 MESS01 NEGATIVE_COLUMN_FOUND -0.002635910679079408 None 0.10488400002941489 811.1397156000021
PRICING_DONE 390 MESS02 NEGATIVE_COLUMN_FOUND -0.0029579749547013353 None 0.11465329997008666 811.7427437000442
PRICING_DONE 391 MESS03 NEGATIVE_COLUMN_FOUND -0.001706756405301029 None 0.10079509997740388 812.1371609000489
PRICING_DONE 392 MESS04 NEGATIVE_COLUMN_FOUND -0.0033226719585918046 None 0.09783159999642521 812.5292172000045
RMP_OPTIMAL 99 0.6015838912868879 396 819.8463661000133
PRICING_DONE 393 MESS01 NEGATIVE_COLUMN_FOUND -0.0024635259564215477 None 0.11166569998022169 820.2787847000291
PRICING_DONE 394 MESS02 NEGATIVE_COLUMN_FOUND -0.0024925534468181313 None 0.09968670003581792 820.8847947000177
PRICING_DONE 395 MESS03 NEGATIVE_COLUMN_FOUND -0.0012822463741211398 None 0.09682609996525571 821.2765086000436
PRICING_DONE 396 MESS04 NEGATIVE_COLUMN_FOUND -0.0025003987734384006 None 0.11697899998398498 821.6903947000392
RMP_OPTIMAL 100 0.6015317500961467 400 829.7501011000131
PRICING_DONE 397 MESS01 NEGATIVE_COLUMN_FOUND -0.0034739937996833654 None 0.11624220001976937 832.3378930000472
PRICING_DONE 398 MESS02 NEGATIVE_COLUMN_FOUND -0.0029084384654284217 None 0.18278029997600242 832.9684558000299
PRICING_DONE 399 MESS03 NEGATIVE_COLUMN_FOUND -0.0011170626996461633 None 0.10045939998235554 833.5648572000209
PRICING_DONE 400 MESS04 NEGATIVE_COLUMN_FOUND -0.0033251763124287183 None 0.10333950002677739 833.9763186000055
RMP_OPTIMAL 101 0.6014666094464345 404 841.2417267000419
PRICING_DONE 401 MESS01 NEGATIVE_COLUMN_FOUND -0.003702554531188314 None 0.11472249997314066 841.6769447000115
PRICING_DONE 402 MESS02 NEGATIVE_COLUMN_FOUND -0.0035441370901569775 None 0.09913410001900047 842.0780993000371
PRICING_DONE 403 MESS03 NEGATIVE_COLUMN_FOUND -0.0019980836546299014 None 0.09940540004754439 842.4759019000339
PRICING_DONE 404 MESS04 NEGATIVE_COLUMN_FOUND -0.00393585094850681 None 0.0979634000104852 843.070987300016
RMP_OPTIMAL 102 0.6014350774596198 408 851.2452253000229
PRICING_DONE 405 MESS01 NEGATIVE_COLUMN_FOUND -0.0027148954173069825 None 0.11558510002214462 851.6847849000478
PRICING_DONE 406 MESS02 NEGATIVE_COLUMN_FOUND -0.0023950390830587776 None 0.09727190004196018 852.0818791000056
PRICING_DONE 407 MESS03 NEGATIVE_COLUMN_FOUND -0.0009078650447033751 None 0.0954825000371784 852.4703034000122
PRICING_DONE 408 MESS04 NEGATIVE_COLUMN_FOUND -0.0025433372826006288 None 0.09990890003973618 855.2329806000344
RMP_OPTIMAL 103 0.6013920464394685 412 864.0661070000497
PRICING_DONE 409 MESS01 NEGATIVE_COLUMN_FOUND -0.001791789311211672 None 0.09905239997897297 864.4897513000178
PRICING_DONE 410 MESS02 NEGATIVE_COLUMN_FOUND -0.0020897775952902933 None 0.1005332000204362 864.8852790000383
PRICING_DONE 411 MESS03 NEGATIVE_COLUMN_FOUND -0.001451333067237582 None 0.10122349997982383 865.284535200044
PRICING_DONE 412 MESS04 NEGATIVE_COLUMN_FOUND -0.0025694861014822212 None 0.10044270002981648 865.6793501999928
RMP_OPTIMAL 104 0.6013420625871768 416 873.8726272000349
PRICING_DONE 413 MESS01 NEGATIVE_COLUMN_FOUND -0.002891762259841318 None 0.11231769999722019 874.5030302000232
PRICING_DONE 414 MESS02 NEGATIVE_COLUMN_FOUND -0.0028778253607140846 None 0.09509449999313802 874.8940483000479
PRICING_DONE 415 MESS03 NEGATIVE_COLUMN_FOUND -0.0019462823656360992 None 0.09543510002549738 875.2845464000129
PRICING_DONE 416 MESS04 NEGATIVE_COLUMN_FOUND -0.0034485278267325395 None 0.09816749999299645 875.6774729000172
RMP_OPTIMAL 105 0.6013162796580527 420 885.03186680004
PRICING_DONE 417 MESS01 NEGATIVE_COLUMN_FOUND -0.0024177693045909325 None 0.9837044999585487 886.4483465999947
PRICING_DONE 418 MESS02 NEGATIVE_COLUMN_FOUND -0.002601687881977332 None 0.09723230003146455 887.0441355000366
PRICING_DONE 419 MESS03 NEGATIVE_COLUMN_FOUND -0.0017603815750199161 None 0.0981109999702312 887.4527537000249
PRICING_DONE 420 MESS04 NEGATIVE_COLUMN_FOUND -0.002649758151353794 None 0.11625279998406768 887.8676466000034
RMP_OPTIMAL 106 0.6012887694187323 424 895.0833293000469
PRICING_DONE 421 MESS01 NEGATIVE_COLUMN_FOUND -0.002046099638380717 None 0.11754170001950115 895.5242970000254
PRICING_DONE 422 MESS02 NEGATIVE_COLUMN_FOUND -0.0015380138182503984 None 0.10157679999247193 896.1235902000335
PRICING_DONE 423 MESS03 NEGATIVE_COLUMN_FOUND -0.0008293661169634363 None 0.11474240000825375 896.5334939000313
PRICING_DONE 424 MESS04 NEGATIVE_COLUMN_FOUND -0.0019597842625093116 None 0.09733159997267649 896.9370094000478
RMP_OPTIMAL 107 0.601267886554291 428 905.1243827000144
PRICING_DONE 425 MESS01 NEGATIVE_COLUMN_FOUND -0.001955999569458067 None 0.11520370002835989 905.5705680000247
PRICING_DONE 426 MESS02 NEGATIVE_COLUMN_FOUND -0.0018902754176298028 None 0.09763390000443906 905.9735731999972
PRICING_DONE 427 MESS03 NEGATIVE_COLUMN_FOUND -0.0006445458163642396 None 0.11978609999641776 908.9876931000035
PRICING_DONE 428 MESS04 NEGATIVE_COLUMN_FOUND -0.0025445972740536726 None 0.11918099998729303 909.4112484999932
RMP_OPTIMAL 108 0.6012324986124019 432 917.6332898000255
PRICING_DONE 429 MESS01 NEGATIVE_COLUMN_FOUND -0.0014905055539760612 None 0.11432210000930354 918.0904691000469
PRICING_DONE 430 MESS02 NEGATIVE_COLUMN_FOUND -0.0017235702104917627 None 0.10208740003872663 918.5054698000313
PRICING_DONE 431 MESS03 NEGATIVE_COLUMN_FOUND -0.0004457907810372702 None 0.10037800000282004 919.1001577000134
PRICING_DONE 432 MESS04 NEGATIVE_COLUMN_FOUND -0.002495018759525413 None 0.10322940000332892 919.5028520000051
RMP_OPTIMAL 109 0.6012016106086536 436 928.1224064000417
PRICING_DONE 433 MESS01 NEGATIVE_COLUMN_FOUND -0.001679445543641727 None 0.11291639995761216 928.5624003999983
PRICING_DONE 434 MESS02 NEGATIVE_COLUMN_FOUND -0.0014826756926291827 None 0.0983803000417538 928.9595238000038
PRICING_DONE 435 MESS03 NEGATIVE_COLUMN_FOUND -0.0003663852765101893 None 0.09668730001430959 929.3574996000389
PRICING_DONE 436 MESS04 NEGATIVE_COLUMN_FOUND -0.002120576633818303 None 0.09775319998152554 932.261132500018
RMP_OPTIMAL 110 0.6011518742679985 440 940.8383511000429
PRICING_DONE 437 MESS01 NEGATIVE_COLUMN_FOUND -0.0014536437956192195 None 0.11446500004967675 941.2838601000258
PRICING_DONE 438 MESS02 NEGATIVE_COLUMN_FOUND -0.0018583815067415525 None 0.10514870000770316 941.6962825999944
PRICING_DONE 439 MESS03 NEGATIVE_COLUMN_FOUND -0.0005405676150619749 None 0.10663300001760945 942.1084384000278
PRICING_DONE 440 MESS04 NEGATIVE_COLUMN_FOUND -0.0021728060855461567 None 0.11906050000106916 942.5316740000271
RMP_OPTIMAL 111 0.6011037927408277 444 950.6405650000088
PRICING_DONE 441 MESS01 NEGATIVE_COLUMN_FOUND -0.0014284548339707223 None 0.1173856999957934 951.321218600031
PRICING_DONE 442 MESS02 NEGATIVE_COLUMN_FOUND -0.0016475894198444549 None 0.12201150000328198 951.7458811000106
PRICING_DONE 443 MESS03 NEGATIVE_COLUMN_FOUND -0.0007305981026751797 None 0.11656590003985912 952.1583380000084
PRICING_DONE 444 MESS04 NEGATIVE_COLUMN_FOUND -0.002167904790152175 None 0.12136600003577769 953.9025179000455
RMP_OPTIMAL 112 0.6010782241728094 448 963.0556813000003
PRICING_DONE 445 MESS01 NEGATIVE_COLUMN_FOUND -0.001523914170576582 None 0.1094248000299558 963.6623472000356
PRICING_DONE 446 MESS02 NEGATIVE_COLUMN_FOUND -0.0014507895195745922 None 0.09247850003885105 964.0433869000408
PRICING_DONE 447 MESS03 NEGATIVE_COLUMN_FOUND -0.0009677838430279038 None 0.10371500003384426 964.4396626999951
PRICING_DONE 448 MESS04 NEGATIVE_COLUMN_FOUND -0.002473581619124147 None 0.09561800002120435 964.8243585000164
RMP_OPTIMAL 113 0.6010323712893471 452 972.3102293999982
PRICING_DONE 449 MESS01 NEGATIVE_COLUMN_FOUND -0.0020582194522811535 None 0.11017109995009378 972.7351913000457
PRICING_DONE 450 MESS02 NEGATIVE_COLUMN_FOUND -0.0016979564575362001 None 0.09361019998323172 973.3036925000488
PRICING_DONE 451 MESS03 NEGATIVE_COLUMN_FOUND -0.0008479069020040458 None 0.09283689997391775 973.6834046000149
PRICING_DONE 452 MESS04 NEGATIVE_COLUMN_FOUND -0.0017406175805858189 None 0.10199110000394285 974.0904372000368
RMP_OPTIMAL 114 0.6010144448555564 456 981.6134432000108
PRICING_DONE 453 MESS01 NEGATIVE_COLUMN_FOUND -0.001157476782484364 None 0.108871900010854 982.0325411999947
PRICING_DONE 454 MESS02 NEGATIVE_COLUMN_FOUND -0.0015171503642207721 None 2.2045476000057533 984.8553780000075
PRICING_DONE 455 MESS03 NEGATIVE_COLUMN_FOUND -0.000413466087260521 None 0.09431059996131808 985.2443157000234
PRICING_DONE 456 MESS04 NEGATIVE_COLUMN_FOUND -0.0014477957159029517 None 0.11037870001746342 985.6430727000115
RMP_OPTIMAL 115 0.6009850521111703 460 993.1420380999916
PRICING_DONE 457 MESS01 NEGATIVE_COLUMN_FOUND -0.001681005920764452 None 0.10886350000509992 993.5676811000449
PRICING_DONE 458 MESS02 NEGATIVE_COLUMN_FOUND -0.0015661934944834564 None 0.09167840000009164 993.9485621000058
PRICING_DONE 459 MESS03 NEGATIVE_COLUMN_FOUND -0.0006135095127211095 None 0.09168559999670833 994.5128573999973
PRICING_DONE 460 MESS04 NEGATIVE_COLUMN_FOUND -0.0016666148750580413 None 0.10772680002264678 994.9110015000333
RMP_OPTIMAL 116 0.6009668346866275 464 1003.1344396999921
PRICING_DONE 461 MESS01 NEGATIVE_COLUMN_FOUND -0.0009816609142176591 None 0.11559349996969104 1003.579043900012
PRICING_DONE 462 MESS02 NEGATIVE_COLUMN_FOUND -0.001192052871172221 None 0.11324310000054538 1003.9768531000009
PRICING_DONE 463 MESS03 NEGATIVE_COLUMN_FOUND -0.0004110793912434067 None 0.09484660002635792 1006.6031030000304
PRICING_DONE 464 MESS04 NEGATIVE_COLUMN_FOUND -0.0011881368568273138 None 0.11777469998924062 1007.0346600000048
RMP_OPTIMAL 117 0.6009507792118784 468 1015.1575617000344
PRICING_DONE 465 MESS01 NEGATIVE_COLUMN_FOUND -0.0011252230245976165 None 0.10659049998503178 1015.577851900016
PRICING_DONE 466 MESS02 NEGATIVE_COLUMN_FOUND -0.0011357693177133556 None 0.10258230002364144 1015.982187799993
PRICING_DONE 467 MESS03 NEGATIVE_COLUMN_FOUND -0.0004616065804712248 None 0.09485439996933565 1016.3719277000055
PRICING_DONE 468 MESS04 NEGATIVE_COLUMN_FOUND -0.001081854775430469 None 0.09658170002512634 1016.9539222000167
RMP_OPTIMAL 118 0.6009350106395915 472 1025.4295104000485
PRICING_DONE 469 MESS01 NEGATIVE_COLUMN_FOUND -0.00154463629699867 None 0.11484019999625161 1025.8576729000197
PRICING_DONE 470 MESS02 NEGATIVE_COLUMN_FOUND -0.0009627747522734478 None 0.09423519996926188 1026.2391442999942
PRICING_DONE 471 MESS03 NEGATIVE_COLUMN_FOUND -0.0008693776116916796 None 0.09681899996940047 1027.86309910001
PRICING_DONE 472 MESS04 NEGATIVE_COLUMN_FOUND -0.001740885473931982 None 0.8659784999908879 1029.1281454000273
RMP_OPTIMAL 119 0.6009025276070161 476 1037.1838622000068
PRICING_DONE 473 MESS01 NEGATIVE_COLUMN_FOUND -0.0008045654815108227 None 0.1103618000051938 1037.7989521000418
PRICING_DONE 474 MESS02 NEGATIVE_COLUMN_FOUND -0.0013471091567168608 None 0.09921630000462756 1038.2006222000346
PRICING_DONE 475 MESS03 NEGATIVE_COLUMN_FOUND -0.0006358884215505469 None 0.11909539997577667 1038.610867600015
PRICING_DONE 476 MESS04 NEGATIVE_COLUMN_FOUND -0.0012839927649251172 None 0.11269239999819547 1039.01201950002
RMP_OPTIMAL 120 0.6008845588037346 480 1046.7587786000222
PRICING_DONE 477 MESS01 NEGATIVE_COLUMN_FOUND -0.0014754926414940453 None 0.10971440002322197 1047.364731400041
PRICING_DONE 478 MESS02 NEGATIVE_COLUMN_FOUND -0.0012644049534726223 None 0.09638169995741919 1047.7479811999947
PRICING_DONE 479 MESS03 NEGATIVE_COLUMN_FOUND -0.0006065032030372328 None 0.10424909996800125 1048.1394173000008
PRICING_DONE 480 MESS04 NEGATIVE_COLUMN_FOUND -0.0015155369481009231 None 0.11429889994906262 1048.5415653000236
RMP_OPTIMAL 121 0.6008548095899666 484 1056.080166300002
PRICING_DONE 481 MESS01 NEGATIVE_COLUMN_FOUND -0.0014701170216086738 None 0.5254941000021063 1058.578309500008
PRICING_DONE 482 MESS02 NEGATIVE_COLUMN_FOUND -0.0012613017310552652 None 0.11204050004016608 1059.163389399997
PRICING_DONE 483 MESS03 NEGATIVE_COLUMN_FOUND -0.001124021564332143 None 0.11375459999544546 1059.5625099000172
PRICING_DONE 484 MESS04 NEGATIVE_COLUMN_FOUND -0.0015972658751415242 None 0.11295170005178079 1059.9765685000457
RMP_OPTIMAL 122 0.6008359400393446 488 1067.3645720000495
PRICING_DONE 485 MESS01 NEGATIVE_COLUMN_FOUND -0.0014248925063707815 None 0.11309599998639897 1067.7941024000174
PRICING_DONE 486 MESS02 NEGATIVE_COLUMN_FOUND -0.0020103592912843193 None 0.09347839996917173 1068.3721900000237
PRICING_DONE 487 MESS03 NEGATIVE_COLUMN_FOUND -0.0005576333797596294 None 0.11505429999670014 1068.7796126000467
PRICING_DONE 488 MESS04 NEGATIVE_COLUMN_FOUND -0.0018578900833737995 None 0.09556790004717186 1069.1640180000104
RMP_OPTIMAL 123 0.6008221917225152 492 1077.3034327999922
PRICING_DONE 489 MESS01 NEGATIVE_COLUMN_FOUND -0.0008885041198677151 None 0.11238589999265969 1077.7377854000079
PRICING_DONE 490 MESS02 NEGATIVE_COLUMN_FOUND -0.0009019723375768381 None 0.09733249997952953 1078.1324268000317
PRICING_DONE 491 MESS03 NEGATIVE_COLUMN_FOUND -0.00032836178567705894 None 0.11185139999724925 1080.6129546000157
PRICING_DONE 492 MESS04 NEGATIVE_COLUMN_FOUND -0.0015378911121641421 None 0.2794763999991119 1081.282738000038
RMP_OPTIMAL 124 0.6008057088250263 496 1089.3843032000004
PRICING_DONE 493 MESS01 NEGATIVE_COLUMN_FOUND -0.0011440262769937682 None 0.11057479999726638 1089.8173488000175
PRICING_DONE 494 MESS02 NEGATIVE_COLUMN_FOUND -0.0011963271296116652 None 0.09421389998169616 1090.1974090000149
PRICING_DONE 495 MESS03 NEGATIVE_COLUMN_FOUND -0.0005483637912765498 None 0.09494310000445694 1090.5893266000203
PRICING_DONE 496 MESS04 NEGATIVE_COLUMN_FOUND -0.0019023905535855044 None 0.09623279998777434 1091.1581593000446
RMP_OPTIMAL 125 0.6007738646675065 500 1099.2227811000193
PRICING_DONE 497 MESS01 NEGATIVE_COLUMN_FOUND -0.0013468678160139962 None 0.11820769996847957 1099.6541184000089
PRICING_DONE 498 MESS02 NEGATIVE_COLUMN_FOUND -0.0010867834373869262 None 0.09300819999771193 1100.0307367000496
PRICING_DONE 499 MESS03 NEGATIVE_COLUMN_FOUND -0.0006316970908871465 None 0.09519370005000383 1100.40871540003
PRICING_DONE 500 MESS04 NEGATIVE_COLUMN_FOUND -0.0012192278801181281 None 0.09570609999354929 1103.018867900013
RMP_OPTIMAL 126 0.6007587910858567 504 1111.4802335000131
PRICING_DONE 501 MESS01 NEGATIVE_COLUMN_FOUND -0.001055902449842594 None 0.11066820000996813 1111.9040718000033
PRICING_DONE 502 MESS02 NEGATIVE_COLUMN_FOUND -0.0008617827639071221 None 0.0908599000540562 1112.2947338999948
PRICING_DONE 503 MESS03 NEGATIVE_COLUMN_FOUND -0.000391108723779605 None 0.09388439997565001 1112.6737709000008
PRICING_DONE 504 MESS04 NEGATIVE_COLUMN_FOUND -0.0013009811982504828 None 0.09846379997907206 1113.2463846000028
RMP_OPTIMAL 127 0.600745007085578 508 1122.4174732000101
PRICING_DONE 505 MESS01 NEGATIVE_COLUMN_FOUND -0.0009429187307615979 None 0.10843520000344142 1122.8422444000025
PRICING_DONE 506 MESS02 NEGATIVE_COLUMN_FOUND -0.0009593660171734543 None 1.906612699967809 1125.3219043000136
PRICING_DONE 507 MESS03 NEGATIVE_COLUMN_FOUND -0.00045148433186003066 None 0.0954374999855645 1125.7052175000426
PRICING_DONE 508 MESS04 NEGATIVE_COLUMN_FOUND -0.001431599695139248 None 0.09583299997029826 1126.0928309000446
RMP_OPTIMAL 128 0.6007249990176488 512 1133.699524800002
PRICING_DONE 509 MESS01 NEGATIVE_COLUMN_FOUND -0.0009025542135791242 None 0.10051219997694716 1134.3103473000228
PRICING_DONE 510 MESS02 NEGATIVE_COLUMN_FOUND -0.0007396957907096063 None 0.09144569997442886 1134.6981432000175
PRICING_DONE 511 MESS03 NEGATIVE_COLUMN_FOUND -0.0002682099258931269 None 0.11256899998988956 1135.1009299000143
PRICING_DONE 512 MESS04 NEGATIVE_COLUMN_FOUND -0.0009881624420554245 None 0.09499810001580045 1135.4878203000408
RMP_OPTIMAL 129 0.6007131518068128 516 1143.3196330000064
PRICING_DONE 513 MESS01 NEGATIVE_COLUMN_FOUND -0.000612449775592516 None 0.10944510000990704 1143.745462700026
PRICING_DONE 514 MESS02 NEGATIVE_COLUMN_FOUND -0.0010583269349840226 None 0.0953130999696441 1144.323060500028
PRICING_DONE 515 MESS03 NEGATIVE_COLUMN_FOUND -0.0003215018613164342 None 0.11029540002346039 1144.7235362000065
PRICING_DONE 516 MESS04 NEGATIVE_COLUMN_FOUND -0.000982528794625761 None 0.09449849999509752 1146.886878499994
RMP_OPTIMAL 130 0.6007030379645122 520 1155.7151169000426
PRICING_DONE 517 MESS01 NEGATIVE_COLUMN_FOUND -0.0007794056362790912 None 0.09245230001397431 1156.1321566000115
PRICING_DONE 518 MESS02 NEGATIVE_COLUMN_FOUND -0.0008827171955441413 None 0.09255739999935031 1156.7014552000328
PRICING_DONE 519 MESS03 NEGATIVE_COLUMN_FOUND -0.00014450344569719867 None 0.09294810000574216 1157.0806271000183
PRICING_DONE 520 MESS04 NEGATIVE_COLUMN_FOUND -0.0008826364005862721 None 0.10206319997087121 1157.4765077000484
RMP_OPTIMAL 131 0.6006990499697938 524 1165.6882456000312
PRICING_DONE 521 MESS01 NEGATIVE_COLUMN_FOUND -0.000548847162547968 None 0.10767779999878258 1166.1135341000045
PRICING_DONE 522 MESS02 NEGATIVE_COLUMN_FOUND -0.0007288186271346832 None 0.09420180000597611 1166.4931718000444
PRICING_DONE 523 MESS03 NEGATIVE_COLUMN_FOUND -0.00033351626578066105 None 0.09582859999500215 1168.910002699995
PRICING_DONE 524 MESS04 NEGATIVE_COLUMN_FOUND -0.0007541977306275954 None 0.2972447000211105 1169.6266960999928
RMP_OPTIMAL 132 0.6006912884202728 528 1177.7503609000123
PRICING_DONE 525 MESS01 NEGATIVE_COLUMN_FOUND -0.000768413960333227 None 0.10850349999964237 1178.1739990000497
PRICING_DONE 526 MESS02 NEGATIVE_COLUMN_FOUND -0.0008362879314380595 None 0.09383970004273579 1178.5564454999985
PRICING_DONE 527 MESS03 NEGATIVE_COLUMN_FOUND -0.00010817215693151732 None 0.11052710004150867 1178.951567400014
PRICING_DONE 528 MESS04 NEGATIVE_COLUMN_FOUND -0.0011807687056640036 None 0.09443719999399036 1179.535046700039
RMP_OPTIMAL 133 0.6006882987649567 532 1187.4814935000031
PRICING_DONE 529 MESS01 NEGATIVE_COLUMN_FOUND -0.0007602174031912187 None 0.10962379997363314 1187.9049460000242
PRICING_DONE 530 MESS02 NEGATIVE_COLUMN_FOUND -0.0006953774083572723 None 0.09546560002490878 1188.2862813000102
PRICING_DONE 531 MESS03 NEGATIVE_COLUMN_FOUND -0.00018744436890895334 None 0.11159970000153407 1188.6846594000235
PRICING_DONE 532 MESS04 NEGATIVE_COLUMN_FOUND -0.0008456195058658549 None 0.09650699998019263 1191.3285058000474
RMP_OPTIMAL 134 0.6006798207920889 536 1199.779706500005
PRICING_DONE 533 MESS01 NEGATIVE_COLUMN_FOUND -0.0006074461343549711 None 0.11197700002230704 1200.2078445000225
PRICING_DONE 534 MESS02 NEGATIVE_COLUMN_FOUND -0.0007693946522369429 None 0.0952133999671787 1200.595473000023
PRICING_DONE 535 MESS03 NEGATIVE_COLUMN_FOUND -0.00020705286692234193 None 0.09552799997618422 1200.981428500032
PRICING_DONE 536 MESS04 NEGATIVE_COLUMN_FOUND -0.0005383471263774201 None 0.09563290001824498 1201.3717155000195
RMP_OPTIMAL 135 0.6006769410219404 540 1209.804162400018
PRICING_DONE 537 MESS01 NEGATIVE_COLUMN_FOUND -0.00038788643353075675 None 0.11084020003909245 1210.4103738000267
PRICING_DONE 538 MESS02 NEGATIVE_COLUMN_FOUND -0.0005651414627456591 None 0.11001149995718151 1210.8076139000477
PRICING_DONE 539 MESS03 NEGATIVE_COLUMN_FOUND -0.00011983311063160462 None 0.09899000002769753 1213.2625453000073
PRICING_DONE 540 MESS04 NEGATIVE_COLUMN_FOUND -0.0005230522867592946 None 0.10319599998183548 1213.65538250003
RMP_OPTIMAL 136 0.600670769125595 544 1221.8193864000496
PRICING_DONE 541 MESS01 NEGATIVE_COLUMN_FOUND -0.0005259070088365759 None 0.11007520003477111 1222.4276501000277
PRICING_DONE 542 MESS02 NEGATIVE_COLUMN_FOUND -0.0007876772094376371 None 0.11185859999386594 1222.826770100044
PRICING_DONE 543 MESS03 NEGATIVE_COLUMN_FOUND -0.00016969619995503712 None 0.11119070003041998 1223.2217366000405
PRICING_DONE 544 MESS04 NEGATIVE_COLUMN_FOUND -0.0006945279451281203 None 0.09692560002440587 1223.6070640000398
RMP_OPTIMAL 137 0.6006668327329369 548 1231.8289490000461
PRICING_DONE 545 MESS01 NEGATIVE_COLUMN_FOUND -0.00029435467482935237 None 0.10996600001817569 1232.2515733000473
PRICING_DONE 546 MESS02 NEGATIVE_COLUMN_FOUND -0.00026452967537496364 None 0.09571930003585294 1232.8197001999943
PRICING_DONE 547 MESS03 NEGATIVE_COLUMN_FOUND -0.0002965630313147934 None 0.0936498999944888 1233.2014301000163
PRICING_DONE 548 MESS04 NEGATIVE_COLUMN_FOUND -0.0007083169796035102 None 2.1739564000163227 1235.6660961000016
RMP_OPTIMAL 138 0.6006567498446074 552 1243.8842952999985
PRICING_DONE 549 MESS01 NEGATIVE_COLUMN_FOUND -0.0004870248101989304 None 0.12248910003108904 1244.3412081000279
PRICING_DONE 550 MESS02 NEGATIVE_COLUMN_FOUND -0.0007840908673794285 None 0.09406249999301508 1244.72259270004
PRICING_DONE 551 MESS03 NEGATIVE_COLUMN_FOUND -0.00027527481117443057 None 0.09584000002359971 1245.2885242000339
PRICING_DONE 552 MESS04 NEGATIVE_COLUMN_FOUND -0.0007105493268022726 None 0.09657019999576733 1245.6786367000313
RMP_OPTIMAL 139 0.6006425758827689 556 1253.7365857000113
PRICING_DONE 553 MESS01 NEGATIVE_COLUMN_FOUND -0.0006187799212477401 None 0.09356070001376793 1254.141841100005
PRICING_DONE 554 MESS02 NEGATIVE_COLUMN_FOUND -0.0008199271992346925 None 0.09419650002382696 1254.524271000002
PRICING_DONE 555 MESS03 NEGATIVE_COLUMN_FOUND -0.0002540237880937378 None 0.1102320000063628 1255.1020828000037
PRICING_DONE 556 MESS04 NEGATIVE_COLUMN_FOUND -0.0009385464106739767 None 2.2413373000454158 1257.635546900041
RMP_OPTIMAL 140 0.600634449082858 560 1265.909371900023
PRICING_DONE 557 MESS01 NEGATIVE_COLUMN_FOUND -0.0005313456198217993 None 0.11167050001677126 1266.3378215000266
PRICING_DONE 558 MESS02 NEGATIVE_COLUMN_FOUND -0.00037618893145512935 None 0.09498980001080781 1266.73444140004
PRICING_DONE 559 MESS03 NEGATIVE_COLUMN_FOUND -0.0001353394282375949 None 0.09350949997315183 1267.1164974000421
PRICING_DONE 560 MESS04 NEGATIVE_COLUMN_FOUND -0.0008191876950320297 None 0.11205179995158687 1267.6971875000163
RMP_OPTIMAL 141 0.6006260558708876 564 1276.725368500047
PRICING_DONE 561 MESS01 NEGATIVE_COLUMN_FOUND -0.0005209847821062156 None 0.11101069999858737 1277.1649001000333
PRICING_DONE 562 MESS02 NEGATIVE_COLUMN_FOUND -0.0004029165606575286 None 2.199848300020676 1279.6571116000414
PRICING_DONE 563 MESS03 NEGATIVE_COLUMN_FOUND -0.00019507668635585442 None 0.10905919998185709 1280.052781400038
PRICING_DONE 564 MESS04 NEGATIVE_COLUMN_FOUND -0.0006329807718531403 None 0.09390839998377487 1280.6247362000286
RMP_OPTIMAL 142 0.6006150536654199 568 1288.6921481000027
PRICING_DONE 565 MESS01 NEGATIVE_COLUMN_FOUND -0.0005110577419599537 None 0.10949060000712052 1289.123586600006
PRICING_DONE 566 MESS02 NEGATIVE_COLUMN_FOUND -0.00038441107310742563 None 0.09642840002197772 1289.5075735000428
PRICING_DONE 567 MESS03 NEGATIVE_COLUMN_FOUND -0.00010968382995744358 None 0.1130620000185445 1289.906768899993
PRICING_DONE 568 MESS04 NEGATIVE_COLUMN_FOUND -0.0004762394077578121 None 0.09768220002297312 1290.3019118999946
RMP_OPTIMAL 143 0.6006091622155758 572 1298.9780608
PRICING_DONE 569 MESS01 NEGATIVE_COLUMN_FOUND -0.0002597438653748551 None 0.10891979996813461 1301.6524570000474
PRICING_DONE 570 MESS02 NEGATIVE_COLUMN_FOUND -0.0003829807599215191 None 0.09153780003543943 1302.0409051000024
PRICING_DONE 571 MESS03 NEGATIVE_COLUMN_FOUND -0.00012816585299008372 None 0.09292189998086542 1302.4172964000027
PRICING_DONE 572 MESS04 NEGATIVE_COLUMN_FOUND -0.0005869532834225356 None 0.09379230003105476 1302.8164465000154
RMP_OPTIMAL 144 0.6006056216273468 576 1310.9745319000212
PRICING_DONE 573 MESS01 NEGATIVE_COLUMN_FOUND -0.0002240291540070101 None 0.11167150002438575 1311.587666700012
PRICING_DONE 574 MESS02 NEGATIVE_COLUMN_FOUND -0.0003441019310752255 None 0.09279200003948063 1311.9759075000184
PRICING_DONE 575 MESS03 NEGATIVE_COLUMN_FOUND -0.00026997203811086705 None 0.09655180003028363 1312.366021600028
PRICING_DONE 576 MESS04 NEGATIVE_COLUMN_FOUND -0.0004685411828121825 None 0.09553299995604903 1312.7516906000092
RMP_OPTIMAL 145 0.6006002257178816 580 1321.2571175000048
PRICING_DONE 577 MESS01 NEGATIVE_COLUMN_FOUND -0.00023802811082499807 None 0.11130089999642223 1323.7196074000094
PRICING_DONE 578 MESS02 NEGATIVE_COLUMN_FOUND -0.0005917536939222954 None 0.09689689998049289 1324.2871971999994
PRICING_DONE 579 MESS03 NEGATIVE_COLUMN_FOUND -0.00021546683959996444 None 0.10365200001979247 1324.684996200027
PRICING_DONE 580 MESS04 NEGATIVE_COLUMN_FOUND -0.0003149415741385309 None 0.09688030002871528 1325.071080600028
RMP_OPTIMAL 146 0.6005954192341376 584 1334.5383518000017
PRICING_DONE 581 MESS01 NEGATIVE_COLUMN_FOUND -0.00014398405928461644 None 0.10960390005493537 1334.961091300007
PRICING_DONE 582 MESS02 NEGATIVE_COLUMN_FOUND -0.0004538356729419988 None 0.10860720003256574 1335.5414084999938
PRICING_DONE 583 MESS03 NEGATIVE_COLUMN_FOUND -0.00010701184361341354 None 0.09484450001036748 1335.931926499994
PRICING_DONE 584 MESS04 NEGATIVE_COLUMN_FOUND -0.00037563687736156317 None 0.09291800000937656 1338.4350407000165
RMP_OPTIMAL 147 0.6005858629659971 588 1346.8618237000192
PRICING_DONE 585 MESS01 NEGATIVE_COLUMN_FOUND -0.0003316025613680668 None 0.11805460002506152 1347.29663170001
PRICING_DONE 586 MESS02 NEGATIVE_COLUMN_FOUND -0.0001978787627028105 None 0.09298640000633895 1347.6740036000265
PRICING_DONE 587 MESS03 NEGATIVE_COLUMN_FOUND -0.00022112229752833175 None 0.09594889997970313 1348.2467827000073
PRICING_DONE 588 MESS04 NEGATIVE_COLUMN_FOUND -0.0003828070178073749 None 0.113159500004258 1348.6502407999942
RMP_OPTIMAL 148 0.6005794216194739 592 1357.732584100042
PRICING_DONE 589 MESS01 NEGATIVE_COLUMN_FOUND -0.00023283031361306204 None 0.09474450000561774 1358.145064100041
PRICING_DONE 590 MESS02 NEGATIVE_COLUMN_FOUND -0.00029687704722716323 None 2.186534100037534 1360.6202479000203
PRICING_DONE 591 MESS03 NEGATIVE_COLUMN_FOUND -0.000126201331080703 None 0.09707429999252781 1361.188162000035
PRICING_DONE 592 MESS04 NEGATIVE_COLUMN_FOUND -0.0004767230594845057 None 0.11217730003409088 1361.59324680001
RMP_OPTIMAL 149 0.6005682428976324 596 1369.4401387000107
PRICING_DONE 593 MESS01 NEGATIVE_COLUMN_FOUND -9.693035006758512e-05 None 0.11924819997511804 1369.8789998000138
PRICING_DONE 594 MESS02 NEGATIVE_COLUMN_FOUND -0.0005407173963549242 None 0.09390049998182803 1370.2788219000213
PRICING_DONE 595 MESS03 NEGATIVE_COLUMN_FOUND -0.00013335344868966545 None 0.09637029998702928 1370.6612841000315
PRICING_DONE 596 MESS04 NEGATIVE_COLUMN_FOUND -0.0005279657209565811 None 0.09810589998960495 1371.2343848000164
RMP_OPTIMAL 150 0.6005631099586988 600 1379.3776520999963
PRICING_DONE 597 MESS01 NEGATIVE_COLUMN_FOUND -0.0003062893129247157 None 0.11077189998468384 1379.807259000023
PRICING_DONE 598 MESS02 NEGATIVE_COLUMN_FOUND -0.00013818617967093017 None 0.09442929999204352 1382.2074411000358
PRICING_DONE 599 MESS03 NEGATIVE_COLUMN_FOUND -0.00012405029755502763 None 0.11561580002307892 1382.6491680000327
PRICING_DONE 600 MESS04 NEGATIVE_COLUMN_FOUND -0.000430747050434088 None 0.11543519998667762 1383.2412766000489
RMP_OPTIMAL 151 0.6005552579018842 604 1391.3276246000314
PRICING_DONE 601 MESS01 NEGATIVE_COLUMN_FOUND -0.00019040091592686326 None 0.11209650000091642 1391.7539190000389
PRICING_DONE 602 MESS02 NEGATIVE_COLUMN_FOUND -0.0001848075412573375 None 0.09434170002350584 1392.1456181000103
PRICING_DONE 603 MESS03 NEGATIVE_COLUMN_FOUND -6.050975601653704e-05 None 0.11408639996079728 1392.549254500016
PRICING_DONE 604 MESS04 NEGATIVE_COLUMN_FOUND -0.0003229877727261225 None 0.09675279998918995 1392.9401931000175
RMP_OPTIMAL 152 0.600551074097736 608 1401.5319852000102
PRICING_DONE 605 MESS01 NEGATIVE_COLUMN_FOUND -0.0002764467670388436 None 0.10974849999183789 1402.1624529000255
PRICING_DONE 606 MESS02 NEGATIVE_COLUMN_FOUND -0.00029669654174037515 None 2.148285200004466 1404.6020078000147
PRICING_DONE 607 MESS03 NEGATIVE_COLUMN_FOUND -0.00013285378820267037 None 0.09673609997844324 1404.9978343000403
PRICING_DONE 608 MESS04 NEGATIVE_COLUMN_FOUND -0.00027602221473767475 None 0.10012069996446371 1405.3928040000028
RMP_OPTIMAL 153 0.6005485805662187 612 1414.2126354000065
PRICING_DONE 609 MESS01 NEGATIVE_COLUMN_FOUND -0.00014005847516087593 None 0.11330700002145022 1414.6376859000302
PRICING_DONE 610 MESS02 NEGATIVE_COLUMN_FOUND -0.00024146161096274353 None 0.09793619997799397 1415.2128849000437
PRICING_DONE 611 MESS03 NEGATIVE_COLUMN_FOUND -0.00016317862269497793 None 0.11645299999509007 1415.620551
PRICING_DONE 612 MESS04 NEGATIVE_COLUMN_FOUND -0.00020931320195680263 None 0.09640680003212765 1416.0089275999926
RMP_OPTIMAL 154 0.6005457555788029 616 1426.9199757000315
PRICING_DONE 613 MESS01 NEGATIVE_COLUMN_FOUND -0.00013776288735153853 None 0.11308109998935834 1427.3458250000258
PRICING_DONE 614 MESS02 NEGATIVE_COLUMN_FOUND -0.00014124698471934907 None 0.09525929996743798 1427.920384500001
PRICING_DONE 615 MESS03 NEGATIVE_COLUMN_FOUND -3.475289752372386e-05 None 0.0969634999637492 1428.3087321000057
PRICING_DONE 616 MESS04 NEGATIVE_COLUMN_FOUND -0.00019851871219552178 None 0.09677329997066408 1428.7145292000496
RMP_OPTIMAL 155 0.6005442992728559 620 1436.426740200026
PRICING_DONE 617 MESS01 NEGATIVE_COLUMN_FOUND -0.00020661814435693617 None 0.10957759997108951 1436.8566773000057
PRICING_DONE 618 MESS02 NEGATIVE_COLUMN_FOUND -0.0002477321642666961 None 0.09537019999697804 1437.2531665000133
PRICING_DONE 619 MESS03 NEGATIVE_COLUMN_FOUND -0.0001417180853372662 None 0.09586660005152225 1437.8196369000361
PRICING_DONE 620 MESS04 NEGATIVE_COLUMN_FOUND -0.00014953365234563542 None 0.09616839996306226 1438.2088062000112
RMP_OPTIMAL 156 0.6005387211001485 624 1449.025676899997
PRICING_DONE 621 MESS01 NEGATIVE_COLUMN_FOUND -0.00012899911170247605 None 0.11392159998649731 1449.458351200039
PRICING_DONE 622 MESS02 NEGATIVE_COLUMN_FOUND -0.00015522797714921554 None 0.09521480003604665 1449.8453335000086
PRICING_DONE 623 MESS03 NEGATIVE_COLUMN_FOUND -5.2453117966538496e-05 None 0.12102510000113398 1450.444178500038
PRICING_DONE 624 MESS04 NEGATIVE_COLUMN_FOUND -0.00016654310836631197 None 0.09840669995173812 1450.8356666000327
RMP_OPTIMAL 157 0.6005365453022692 628 1458.6355951000005
PRICING_DONE 625 MESS01 NEGATIVE_COLUMN_FOUND -0.00015694140973489785 None 0.10960690001957119 1459.0637880000286
PRICING_DONE 626 MESS02 NEGATIVE_COLUMN_FOUND -0.00011527816603515376 None 0.09383080003317446 1459.4477882999927
PRICING_DONE 627 MESS03 NEGATIVE_COLUMN_FOUND -5.7318831359832046e-05 None 0.110157800023444 1459.8686155000469
PRICING_DONE 628 MESS04 NEGATIVE_COLUMN_FOUND -0.00023486661414907878 None 0.09991730004549026 1460.4490635000402
RMP_OPTIMAL 158 0.6005346716399197 632 1471.7511874000193
PRICING_DONE 629 MESS01 NEGATIVE_COLUMN_FOUND -0.00019522004499253608 None 0.11160649999510497 1472.1724306000397
PRICING_DONE 630 MESS02 NEGATIVE_COLUMN_FOUND -0.00022025546896360212 None 0.0938871999969706 1472.5642071000184
PRICING_DONE 631 MESS03 NEGATIVE_COLUMN_FOUND -4.841820070315791e-05 None 0.10195039998507127 1472.9596831999952
PRICING_DONE 632 MESS04 NEGATIVE_COLUMN_FOUND -0.00019123419528305175 None 0.11984749999828637 1473.3720114000025
RMP_OPTIMAL 159 0.600533097122828 636 1481.5432883000467
PRICING_DONE 633 MESS01 NEGATIVE_COLUMN_FOUND -0.00011288709327716977 None 0.11013029998866841 1482.1508852000115
PRICING_DONE 634 MESS02 NEGATIVE_COLUMN_FOUND -0.00012368974475898247 None 0.09795560000929981 1482.5413137000287
PRICING_DONE 635 MESS03 NEGATIVE_COLUMN_FOUND -1.154930789666175e-05 None 0.11214719997951761 1482.9441040999955
PRICING_DONE 636 MESS04 NEGATIVE_COLUMN_FOUND -9.776439244949966e-05 None 0.09427250002045184 1483.3302506000036
RMP_OPTIMAL 160 0.6005304155050017 640 1493.7010710000177
PRICING_DONE 637 MESS01 NEGATIVE_COLUMN_FOUND -0.00014367191495665786 None 0.11377390002598986 1494.3163072000025
PRICING_DONE 638 MESS02 NEGATIVE_COLUMN_FOUND -9.649812206368179e-05 None 0.11257639998802915 1494.7382058000076
PRICING_DONE 639 MESS03 NEGATIVE_COLUMN_FOUND -7.09596624162461e-05 None 0.0979444999829866 1495.1418029000051
PRICING_DONE 640 MESS04 NEGATIVE_COLUMN_FOUND -0.0001383928097877935 None 0.09910709998803213 1495.5319006000063
RMP_OPTIMAL 161 0.6005286517365499 644 1503.9932802999974
PRICING_DONE 641 MESS01 NEGATIVE_COLUMN_FOUND -0.00020690038591090573 None 0.11016149999340996 1504.6041881000274
PRICING_DONE 642 MESS02 NEGATIVE_COLUMN_FOUND -0.00013148614876428227 None 0.10069920000387356 1504.995440800034
PRICING_DONE 643 MESS03 NEGATIVE_COLUMN_FOUND -4.456192606092307e-05 None 0.09678259998327121 1505.3819650000078
PRICING_DONE 644 MESS04 NEGATIVE_COLUMN_FOUND -8.057416373988252e-05 None 0.09670459997141734 1507.8787917000009
RMP_OPTIMAL 162 0.6005254142090516 648 1516.6745251000393
PRICING_DONE 645 MESS01 NEGATIVE_COLUMN_FOUND -5.585718189401573e-05 None 0.11062339995987713 1517.1024608000298
PRICING_DONE 646 MESS02 NEGATIVE_COLUMN_FOUND -0.0001360687879997638 None 0.09752690000459552 1517.6833335999982
PRICING_DONE 647 MESS03 NEGATIVE_COLUMN_FOUND -9.66148136854791e-06 None 0.1122215999639593 1518.08410550002
PRICING_DONE 648 MESS04 NEGATIVE_COLUMN_FOUND -0.0001448853553367171 None 0.09525569999823347 1518.4812951000058
RMP_OPTIMAL 163 0.6005238202295211 652 1526.5988694000407
PRICING_DONE 649 MESS01 NEGATIVE_COLUMN_FOUND -5.6618384772106055e-05 None 0.10923389997333288 1527.0237249000347
PRICING_DONE 650 MESS02 NEGATIVE_COLUMN_FOUND -0.00010042139320554091 None 0.09658780001336709 1527.4198079000344
PRICING_DONE 651 MESS03 NEGATIVE_COLUMN_FOUND -1.8120154430612218e-07 None 0.10985900001833215 1530.088209300011
PRICING_DONE 652 MESS04 NEGATIVE_COLUMN_FOUND -0.0002393908900374564 None 0.11302109999815002 1530.5008842000389
RMP_OPTIMAL 164 0.6005227329426885 656 1538.9113824000233
PRICING_DONE 653 MESS01 NEGATIVE_COLUMN_FOUND -0.00013878816809410774 None 0.11016199999721721 1539.3352484999923
PRICING_DONE 654 MESS02 NEGATIVE_COLUMN_FOUND -0.00011171286248876426 None 0.09543419996043667 1539.7187334000482
PRICING_DONE 655 MESS03 NEGATIVE_COLUMN_FOUND -5.605689354322374e-05 None 0.09491510002408177 1540.2978517000447
PRICING_DONE 656 MESS04 NEGATIVE_COLUMN_FOUND -0.0002571241246190112 None 0.09650069999042898 1540.6880899000098
RMP_OPTIMAL 165 0.6005196412485999 660 1551.6458782000118
PRICING_DONE 657 MESS01 NEGATIVE_COLUMN_FOUND -0.0001744468367516072 None 0.7125552999787033 1552.7913063000306
PRICING_DONE 658 MESS02 NEGATIVE_COLUMN_FOUND -0.00011658815183677226 None 0.10367069998756051 1553.190489600005
PRICING_DONE 659 MESS03 NEGATIVE_COLUMN_FOUND -9.16170662535061e-05 None 0.09545510000316426 1553.5878208000213
PRICING_DONE 660 MESS04 NEGATIVE_COLUMN_FOUND -0.0002722354475438648 None 0.09657159994821995 1554.1648539000307
RMP_OPTIMAL 166 0.6005156563276535 664 1561.7686113000382
PRICING_DONE 661 MESS01 NEGATIVE_COLUMN_FOUND -8.133138970448285e-05 None 0.10996179998619482 1562.1959260000149
PRICING_DONE 662 MESS02 NEGATIVE_COLUMN_FOUND -0.000104371717878188 None 0.0941103000077419 1562.585183600022
PRICING_DONE 663 MESS03 NEGATIVE_COLUMN_FOUND -7.372077149169471e-05 None 0.09592899994459003 1562.971294899995
PRICING_DONE 664 MESS04 NEGATIVE_COLUMN_FOUND -0.00024392801625759314 None 0.09546149999368936 1563.5434640000458
RMP_OPTIMAL 167 0.6005149594202442 668 1571.8185488000163
PRICING_DONE 665 MESS01 NEGATIVE_COLUMN_FOUND -0.00011220979794120403 None 0.11385239998344332 1572.2575592999929
PRICING_DONE 666 MESS02 NEGATIVE_COLUMN_FOUND -0.0001793315084379549 None 2.2404912999481894 1574.7898690000293
PRICING_DONE 667 MESS03 NEGATIVE_COLUMN_FOUND -1.2536939753736322e-06 None 0.05884360003983602 1575.1397183000227
PRICING_DONE 668 MESS04 NEGATIVE_COLUMN_FOUND -9.356978626765748e-05 None 0.09661360003519803 1575.5387089000433
RMP_OPTIMAL 168 0.6005131872643575 672 1583.667381200008
PRICING_DONE 669 MESS01 NEGATIVE_COLUMN_FOUND -0.00013750117614831265 None 0.11031289998209104 1584.2774923000252
PRICING_DONE 670 MESS02 NEGATIVE_COLUMN_FOUND -0.00025092120784356027 None 0.09300399996573105 1584.6712884000153
PRICING_DONE 671 MESS03 NEGATIVE_COLUMN_FOUND -8.825811901557601e-05 None 0.09618230001069605 1585.0598604000406
PRICING_DONE 672 MESS04 NEGATIVE_COLUMN_FOUND -0.00026211732383591444 None 0.11574350000591949 1585.470373100019
RMP_OPTIMAL 169 0.6005104606609979 676 1594.3079327000305
PRICING_DONE 673 MESS01 NEGATIVE_COLUMN_FOUND -0.00010566393910390894 None 0.11013079999247566 1597.0999138000188
PRICING_DONE 674 MESS02 NEGATIVE_COLUMN_FOUND -0.00013796496977226897 None 0.09255289996508509 1597.483160200005
PRICING_DONE 675 MESS03 NEGATIVE_COLUMN_FOUND -2.6708241387691027e-05 None 0.11142829997697845 1597.8886358000454
PRICING_DONE 676 MESS04 NEGATIVE_COLUMN_FOUND -0.00014514995372562673 None 0.11647710000397637 1598.3013218000415
RMP_OPTIMAL 170 0.6005099188887437 680 1606.9331332000438
PRICING_DONE 677 MESS01 NEGATIVE_COLUMN_FOUND -0.00013874267088623206 None 0.11089200002606958 1607.3603571000276
PRICING_DONE 678 MESS02 NEGATIVE_COLUMN_FOUND -0.0001015300236665399 None 0.11400549998506904 1607.9597917000065
PRICING_DONE 679 MESS03 NEGATIVE_COLUMN_FOUND -8.062476463699556e-05 None 0.11084119998849928 1608.3596354000038
PRICING_DONE 680 MESS04 NEGATIVE_COLUMN_FOUND -0.00021182406290290033 None 0.0960703999735415 1608.7482123000082
RMP_OPTIMAL 171 0.6005080696518059 684 1619.7306588999927
PRICING_DONE 681 MESS01 NEGATIVE_COLUMN_FOUND -7.88879274608745e-05 None 0.1095799999893643 1620.1695004000212
PRICING_DONE 682 MESS02 NEGATIVE_COLUMN_FOUND -0.0001342373936140451 None 0.09260499995434657 1620.7567258999916
PRICING_DONE 683 MESS03 NEGATIVE_COLUMN_FOUND -1.971197962499128e-05 None 0.09323620004579425 1621.1456107000122
PRICING_DONE 684 MESS04 NEGATIVE_COLUMN_FOUND -0.0001671333834070359 None 0.09887629997683689 1621.539093200001
RMP_OPTIMAL 172 0.6005036619583219 688 1630.736739600019
PRICING_DONE 685 MESS01 NEGATIVE_COLUMN_FOUND -8.664286229200878e-05 None 0.11871870001778007 1631.1958082999918
PRICING_DONE 686 MESS02 NEGATIVE_COLUMN_FOUND -0.0001108172774608219 None 0.10505119996378198 1631.6090231999988
PRICING_DONE 687 MESS03 NEGATIVE_COLUMN_FOUND -4.13889850793407e-05 None 0.10016889998223633 1632.1850159000023
PRICING_DONE 688 MESS04 NEGATIVE_COLUMN_FOUND -0.00011203562961694214 None 1.701217700028792 1634.7556868999964
RMP_OPTIMAL 173 0.6005024709870003 692 1643.5776552000316
PRICING_DONE 689 MESS01 NEGATIVE_COLUMN_FOUND -0.00011339253464358627 None 0.10814250004477799 1644.0016084000235
PRICING_DONE 690 MESS02 NEGATIVE_COLUMN_FOUND -0.0001017179256843463 None 0.09463960002176464 1644.3855272000073
PRICING_DONE 691 MESS03 NEGATIVE_COLUMN_FOUND -6.763586053994983e-05 None 0.11056230001850054 1644.9698299000156
PRICING_DONE 692 MESS04 NEGATIVE_COLUMN_FOUND -0.00010118404906479042 None 0.09626000002026558 1645.368292100029
RMP_OPTIMAL 174 0.6005004284173787 696 1653.3510820000083
PRICING_DONE 693 MESS01 NEGATIVE_COLUMN_FOUND -0.00010331403167748555 None 0.1102619000012055 1653.7768950000172
PRICING_DONE 694 MESS02 NEGATIVE_COLUMN_FOUND -0.0001018113904413653 None 0.0937932999804616 1654.1631640000269
PRICING_DONE 695 MESS03 NEGATIVE_COLUMN_FOUND -8.705730203842014e-05 None 0.09692290000384673 1654.5502017000108
PRICING_DONE 696 MESS04 NEGATIVE_COLUMN_FOUND -6.270022873768695e-05 None 0.7690408999915235 1657.4173872999963
RMP_OPTIMAL 175 0.6004991841405914 700 1666.2831016000127
PRICING_DONE 697 MESS01 NEGATIVE_COLUMN_FOUND -0.00011391083271627161 None 0.0942654000245966 1666.6935339000192
PRICING_DONE 698 MESS02 NEGATIVE_COLUMN_FOUND -0.00012882367151458214 None 0.11065919999964535 1667.0990064000362
PRICING_DONE 699 MESS03 NEGATIVE_COLUMN_FOUND -9.167012666912457e-05 None 0.09855609998339787 1667.488186200033
PRICING_DONE 700 MESS04 NEGATIVE_COLUMN_FOUND -0.00011493448220760023 None 0.09582129999762401 1667.876735800004
RMP_OPTIMAL 176 0.6004977261540231 704 1676.2463888000348
PRICING_DONE 701 MESS01 NEGATIVE_COLUMN_FOUND -8.321846478209161e-05 None 0.11159739998402074 1676.8591804000316
PRICING_DONE 702 MESS02 NEGATIVE_COLUMN_FOUND -0.00010704026574644425 None 0.09524059999966994 1677.2517350999988
PRICING_DONE 703 MESS03 NEGATIVE_COLUMN_FOUND -8.267997474772589e-05 None 1.5049407999613322 1679.85133580002
PRICING_DONE 704 MESS04 NEGATIVE_COLUMN_FOUND -3.779114993329475e-05 None 0.09560299996519461 1680.2419054000056
RMP_OPTIMAL 177 0.6004972217388004 708 1688.9910297000315
PRICING_DONE 705 MESS01 NEGATIVE_COLUMN_FOUND -0.00013669428392171137 None 0.11393370002042502 1689.6183256999939
PRICING_DONE 706 MESS02 NEGATIVE_COLUMN_FOUND -5.7046216805416755e-05 None 0.11391969997202978 1690.0266696000472
PRICING_DONE 707 MESS03 NEGATIVE_COLUMN_FOUND -5.592206608860679e-05 None 0.11508350004442036 1690.4355207000044
PRICING_DONE 708 MESS04 NEGATIVE_COLUMN_FOUND -0.00018642108353091993 None 0.09665249998215586 1690.8277699000319
RMP_OPTIMAL 178 0.6004960969071327 712 1699.6905976000126
PRICING_DONE 709 MESS01 NEGATIVE_COLUMN_FOUND -0.00021245644438748143 None 2.023475399997551 1702.2862001000321
PRICING_DONE 710 MESS02 NEGATIVE_COLUMN_FOUND -0.00011991021033075637 None 0.09705069998744875 1702.862379099999
PRICING_DONE 711 MESS03 NEGATIVE_COLUMN_FOUND -3.869828554796937e-05 None 0.11423539998941123 1703.2695268000243
PRICING_DONE 712 MESS04 NEGATIVE_COLUMN_FOUND -4.980704939197426e-05 None 0.09773129998939112 1703.6608522000024
RMP_OPTIMAL 179 0.6004930842462681 716 1712.0198822999955
PRICING_DONE 713 MESS01 NEGATIVE_COLUMN_FOUND -0.00013717733060507526 None 0.10961580002913252 1712.4531970000244
PRICING_DONE 714 MESS02 NEGATIVE_COLUMN_FOUND -0.00010566846989638163 None 0.09340910002356395 1712.8487357000122
PRICING_DONE 715 MESS03 NEGATIVE_COLUMN_FOUND -3.078006075189823e-05 None 0.11261780001223087 1713.439092500019
PRICING_DONE 716 MESS04 NEGATIVE_COLUMN_FOUND -7.836441168353372e-05 None 0.11127300001680851 1713.8414433000144
RMP_OPTIMAL 180 0.6004923138051415 720 1723.64348160004
PRICING_DONE 717 MESS01 NEGATIVE_COLUMN_FOUND -0.02277591962915418 -0.02941842239024246 3.0747991999960504 1727.1791596999974
PRICING_DONE 718 MESS02 NEGATIVE_COLUMN_FOUND -0.0001524339775952223 None 0.11222070001531392 1727.5834592000465
PRICING_DONE 719 MESS03 NEGATIVE_COLUMN_FOUND -4.520080639894863e-05 None 0.09485239995410666 1728.1583426000434
PRICING_DONE 720 MESS04 NEGATIVE_COLUMN_FOUND -4.641663143321506e-05 None 0.07507740001892671 1728.5288746000151
RMP_OPTIMAL 181 0.599806605919209 724 1740.1741577000357
PRICING_DONE 721 MESS01 NEGATIVE_COLUMN_FOUND -0.015143111033072676 None 0.09591319999890402 1740.5932089000125
PRICING_DONE 722 MESS02 NEGATIVE_COLUMN_FOUND -0.0005906897214615175 None 0.09868459997233003 1740.9851602000417
PRICING_DONE 723 MESS03 NEGATIVE_COLUMN_FOUND -0.0002745772203594088 None 0.10085160000016913 1741.379956400022
PRICING_DONE 724 MESS04 NEGATIVE_COLUMN_FOUND -0.0012968312870058137 None 0.11637030000565574 1741.9939667000435
RMP_OPTIMAL 182 0.5995684916270689 728 1750.9473852000083
PRICING_DONE 725 MESS01 NEGATIVE_COLUMN_FOUND -0.017817293651974306 None 0.09513769997283816 1751.360115699994
PRICING_DONE 726 MESS02 NEGATIVE_COLUMN_FOUND -0.00029530314500073935 None 1.805519599991385 1753.9127257000073
PRICING_DONE 727 MESS03 NEGATIVE_COLUMN_FOUND -0.00041932095640615196 None 0.1157550000352785 1754.319927100034
PRICING_DONE 728 MESS04 NEGATIVE_COLUMN_FOUND -0.010987390517221416 None 0.09930579998763278 1754.7148223000113
RMP_OPTIMAL 183 0.5991732120999309 732 1763.3688672000426
PRICING_DONE 729 MESS01 NEGATIVE_COLUMN_FOUND -0.011006192004407151 None 0.09978620003676042 1763.970070200041
PRICING_DONE 730 MESS02 NEGATIVE_COLUMN_FOUND -0.0005702258687143649 None 0.09820579999359325 1764.361273800023
PRICING_DONE 731 MESS03 NEGATIVE_COLUMN_FOUND -0.0005678684247268073 None 0.0995829000021331 1764.7511777000036
PRICING_DONE 732 MESS04 NEGATIVE_COLUMN_FOUND -0.001981917941698517 None 0.10147940000751987 1765.1573343000491
RMP_OPTIMAL 184 0.5990799000523388 736 1777.8717163000256
PRICING_DONE 733 MESS01 NEGATIVE_COLUMN_FOUND -0.010773306085907703 None 0.10147679998772219 1778.5234228000045
PRICING_DONE 734 MESS02 NEGATIVE_COLUMN_FOUND -8.701533701078205e-05 None 0.10111819999292493 1778.9299749000347
PRICING_DONE 735 MESS03 NEGATIVE_COLUMN_FOUND -0.0001491126765584449 None 0.10149640002055094 1779.3447261000401
PRICING_DONE 736 MESS04 NEGATIVE_COLUMN_FOUND -0.00038005600675419164 None 0.11729009996633977 1779.770968500001
RMP_OPTIMAL 185 0.5990242630684135 740 1789.3617350000422
PRICING_DONE 737 MESS01 NEGATIVE_COLUMN_FOUND -0.002797077973485493 None 0.8365438000182621 1792.196401400026
PRICING_DONE 738 MESS02 NEGATIVE_COLUMN_FOUND -0.00011520115227415602 None 0.1034996000234969 1792.8005708000273
PRICING_DONE 739 MESS03 NEGATIVE_COLUMN_FOUND -0.00010192292402115288 None 0.10178279998945072 1793.2113339999923
PRICING_DONE 740 MESS04 NEGATIVE_COLUMN_FOUND -9.974137860457683e-05 None 0.12951299996348098 1793.6523892999976
RMP_OPTIMAL 186 0.599015292734021 744 1802.8575909000356
PRICING_DONE 741 MESS01 NEGATIVE_COLUMN_FOUND -0.0029352867812093507 None 0.0985645999899134 1803.2870451000053
PRICING_DONE 742 MESS02 NEGATIVE_COLUMN_FOUND -5.5277487692615377e-05 None 0.10073519998695701 1803.8862729000393
PRICING_DONE 743 MESS03 NEGATIVE_COLUMN_FOUND -0.00013908976283300633 None 0.10207900003297254 1804.3034900000202
PRICING_DONE 744 MESS04 NEGATIVE_COLUMN_FOUND -9.29289321675842e-05 None 0.10120629996526986 1804.713433100027
RMP_OPTIMAL 187 0.5990080273553182 748 1817.0135871000239
PRICING_DONE 745 MESS01 NEGATIVE_COLUMN_FOUND -0.0024313201213179174 None 0.09962759999325499 1817.445935100026
PRICING_DONE 746 MESS02 NEGATIVE_COLUMN_FOUND -5.958228690320635e-05 None 0.09755910001695156 1817.855033800006
PRICING_DONE 747 MESS03 NEGATIVE_COLUMN_FOUND -5.603157417476366e-05 None 0.09891980001702905 1818.4576305000228
PRICING_DONE 748 MESS04 NEGATIVE_COLUMN_FOUND -0.0001084110545465302 None 0.11877150001237169 1818.8804246000363
RMP_OPTIMAL 188 0.5990040612629308 752 1828.0059278000263
PRICING_DONE 749 MESS01 NEGATIVE_COLUMN_FOUND -0.003204628127956552 None 0.1142905000015162 1830.8115788000287
PRICING_DONE 750 MESS02 NEGATIVE_COLUMN_FOUND -2.8517495776924287e-05 None 0.09868240001378581 1831.209061200032
PRICING_DONE 751 MESS03 NEGATIVE_COLUMN_FOUND -8.364671897703063e-05 None 0.09990720002679154 1831.8157726000063
PRICING_DONE 752 MESS04 NEGATIVE_COLUMN_FOUND -0.00012589491730455492 None 0.1183583999518305 1832.2511442000396
RMP_OPTIMAL 189 0.5990000984254965 756 1841.4518880000105
PRICING_DONE 753 MESS01 NEGATIVE_COLUMN_FOUND -0.0022497788475198716 None 0.09962200000882149 1841.8857693000464
PRICING_DONE 754 MESS02 NEGATIVE_COLUMN_FOUND -0.0001168618183673015 None 0.1006317000137642 1842.2911521000206
PRICING_DONE 755 MESS03 NEGATIVE_COLUMN_FOUND -3.582408681134262e-05 None 0.1189989999984391 1842.7177874000045
PRICING_DONE 756 MESS04 NEGATIVE_COLUMN_FOUND -0.00015850255423655542 None 0.1181011000298895 1843.338669400022
RMP_OPTIMAL 190 0.5989937263680993 760 1855.5549753000378
PRICING_DONE 757 MESS01 NEGATIVE_COLUMN_FOUND -0.003125284929503687 None 0.09917360002873465 1855.9863993000472
PRICING_DONE 758 MESS02 NEGATIVE_COLUMN_FOUND -6.366766086038996e-05 None 0.11892609996721148 1856.4102551999968
PRICING_DONE 759 MESS03 NEGATIVE_COLUMN_FOUND -5.1133699601199556e-05 None 0.10695889999624342 1856.8212163000135
PRICING_DONE 760 MESS04 NEGATIVE_COLUMN_FOUND -6.552678787257473e-05 None 0.124948599957861 1857.4466242000344
RMP_OPTIMAL 191 0.5989924161967252 764 1870.9840535999974
PRICING_DONE 761 MESS01 NEGATIVE_COLUMN_FOUND -0.004589998390979132 None 0.10288279998349026 1871.420489900047
PRICING_DONE 762 MESS02 NEGATIVE_COLUMN_FOUND -4.924149715974563e-05 None 0.10747149999951944 1871.8381845999975
PRICING_DONE 763 MESS03 NEGATIVE_COLUMN_FOUND -3.3109450295891914e-05 None 0.10339479998219758 1872.2718515000306
PRICING_DONE 764 MESS04 NEGATIVE_COLUMN_FOUND -9.614658292352073e-05 None 0.10273410001536831 1872.6933460000437
RMP_OPTIMAL 192 0.598989219283441 768 1885.7860071000177
PRICING_DONE 765 MESS01 NEGATIVE_COLUMN_FOUND -0.0034435283731367966 None 0.10459229996195063 1886.4151104000048
PRICING_DONE 766 MESS02 NEGATIVE_COLUMN_FOUND -6.037302734450586e-05 None 0.10287589998915792 1886.8313599000103
PRICING_DONE 767 MESS03 NEGATIVE_COLUMN_FOUND -1.2272173049759581e-05 None 0.11882449995027855 1887.2492205000017
PRICING_DONE 768 MESS04 NEGATIVE_COLUMN_FOUND -8.87837664173581e-05 None 0.12070460000541061 1887.6890084000188
RMP_OPTIMAL 193 0.5989752451331133 772 1899.0367245000089
PRICING_DONE 769 MESS01 NEGATIVE_COLUMN_FOUND -0.0031711046072176174 None 0.9187191999517381 1900.410886800033
PRICING_DONE 770 MESS02 NEGATIVE_COLUMN_FOUND -8.875059482032654e-05 None 0.09995489998254925 1901.01179650001
PRICING_DONE 771 MESS03 NEGATIVE_COLUMN_FOUND -1.1760586998885301e-05 None 0.10176420002244413 1901.4166469000047
PRICING_DONE 772 MESS04 NEGATIVE_COLUMN_FOUND -0.0006676095793290809 None 0.10587649996159598 1901.8336792000337
RMP_OPTIMAL 194 0.598957840256147 776 1911.8717967999983
PRICING_DONE 773 MESS01 NEGATIVE_COLUMN_FOUND -0.003999493266874558 None 0.1021409000386484 1912.3072855999926
PRICING_DONE 774 MESS02 NEGATIVE_COLUMN_FOUND -1.895779432407361e-05 None 0.09945750003680587 1915.268727799994
PRICING_DONE 775 MESS03 NEGATIVE_COLUMN_FOUND -1.0783887628682207e-05 None 0.12525270000332966 1915.7010637000203
PRICING_DONE 776 MESS04 NEGATIVE_COLUMN_FOUND -0.00021504030395948882 None 0.10602390003623441 1916.1178944000276
RMP_OPTIMAL 195 0.5989529600570799 780 1924.8798298000474
PRICING_DONE 777 MESS01 NEGATIVE_COLUMN_FOUND -0.003992978905494651 None 0.10322779999114573 1925.3193488999968
PRICING_DONE 778 MESS02 NEGATIVE_COLUMN_FOUND -3.743932991453219e-05 None 0.12030329997651279 1925.7540795000386
PRICING_DONE 779 MESS03 NEGATIVE_COLUMN_FOUND -3.2090297722701655e-05 None 0.12375490000704303 1926.4051237000385
PRICING_DONE 780 MESS04 NEGATIVE_COLUMN_FOUND -0.00012779575086920006 None 0.10194739996222779 1926.8189196000458
RMP_OPTIMAL 196 0.5989519795303192 784 1939.0272535000113
PRICING_DONE 781 MESS01 NEGATIVE_COLUMN_FOUND -0.002116306433752255 None 0.13187589996960014 1939.4906850000261
PRICING_DONE 782 MESS02 NEGATIVE_COLUMN_FOUND -1.727462670260749e-05 None 0.10304890002589673 1939.903897400014
PRICING_DONE 783 MESS03 NEGATIVE_COLUMN_FOUND -5.08324119956637e-06 None 0.12238570000045002 1940.5529513999936
PRICING_DONE 784 MESS04 NEGATIVE_COLUMN_FOUND -0.00021183896622242973 None 0.10379009996540844 1940.96902150003
RMP_OPTIMAL 197 0.5989477217650822 788 1950.0885903000017
PRICING_DONE 785 MESS01 NEGATIVE_COLUMN_FOUND -0.0023490332828207095 None 0.11829349998151883 1950.5398655000026
PRICING_DONE 786 MESS02 NEGATIVE_COLUMN_FOUND -0.00013026785639829117 None 0.10003819997655228 1953.3014025000157
PRICING_DONE 787 MESS03 NEGATIVE_COLUMN_FOUND -2.1662700520596985e-05 None 0.0815940999891609 1953.6890988000087
PRICING_DONE 788 MESS04 NEGATIVE_COLUMN_FOUND -0.00038629180593804046 None 0.10640270001022145 1954.2973558999947
RMP_OPTIMAL 198 0.5989414954373272 792 1964.7935852000373
PRICING_DONE 789 MESS01 NEGATIVE_COLUMN_FOUND -0.0016379323025565297 None 0.117348600004334 1965.2511620000005
PRICING_DONE 790 MESS02 NEGATIVE_COLUMN_FOUND -6.45293721682808e-05 None 0.10325190000003204 1965.6599715000484
PRICING_DONE 791 MESS03 NEGATIVE_COLUMN_FOUND -3.96103384525468e-05 None 0.10282569995615631 1968.4277392000076
PRICING_DONE 792 MESS04 NEGATIVE_COLUMN_FOUND -6.83537655551994e-05 None 0.10352230002172291 1969.0427886000252
RMP_OPTIMAL 199 0.5989317661801465 796 1978.740797800012
PRICING_DONE 793 MESS01 NEGATIVE_COLUMN_FOUND -0.002839929126078871 None 0.12262590002501383 1979.1964508999954
PRICING_DONE 794 MESS02 NEGATIVE_COLUMN_FOUND -7.046412096397539e-05 None 0.09994729998288676 1979.6017049000366
PRICING_DONE 795 MESS03 NEGATIVE_COLUMN_FOUND -2.775190583559792e-05 None 0.1034427999984473 1980.0142396000447
PRICING_DONE 796 MESS04 NEGATIVE_COLUMN_FOUND -0.00023850550520103546 None 0.10154360003070906 1980.4222235000343
RMP_OPTIMAL 200 0.5989263077865254 800 1993.0813904000097
PRICING_DONE 797 MESS01 NEGATIVE_COLUMN_FOUND -0.001278294286478243 None 0.11953130003530532 1993.714994900045
PRICING_DONE 798 MESS02 NEGATIVE_COLUMN_FOUND -6.296447242777519e-05 None 0.10194439999759197 1994.1260761000449
PRICING_DONE 799 MESS03 NEGATIVE_COLUMN_FOUND -2.2127652963455132e-05 None 0.10029339999891818 1994.5342709000106
PRICING_DONE 800 MESS04 NEGATIVE_COLUMN_FOUND -0.0001986630342241414 None 0.12686700001358986 1994.9716292000376
RMP_OPTIMAL 201 0.5989237954994884 804 2007.424835600017
PRICING_DONE 801 MESS01 NEGATIVE_COLUMN_FOUND -0.0016368438675446373 None 0.12178149999817833 2008.082061299996
PRICING_DONE 802 MESS02 NEGATIVE_COLUMN_FOUND -3.894474105803648e-05 None 0.10505379998357967 2008.5106436000206
PRICING_DONE 803 MESS03 NEGATIVE_COLUMN_FOUND -9.250133518448423e-06 None 0.10374789999332279 2008.9219074000139
PRICING_DONE 804 MESS04 NEGATIVE_COLUMN_FOUND -9.187718711340322e-05 None 0.12543119996553287 2009.3578432000359
RMP_OPTIMAL 202 0.5989196850983496 808 2022.4410399000044
PRICING_DONE 805 MESS01 NEGATIVE_COLUMN_FOUND -0.0009665592631137541 None 0.11611350002931431 2022.8921298999921
PRICING_DONE 806 MESS02 NEGATIVE_COLUMN_FOUND -6.743454049056476e-05 None 0.10935099999187514 2023.538757000002
PRICING_DONE 807 MESS03 NEGATIVE_COLUMN_FOUND -6.347900785391673e-06 None 0.07898490002844483 2023.9233619000297
PRICING_DONE 808 MESS04 NEGATIVE_COLUMN_FOUND -3.796559789381842e-05 None 0.13081890001194552 2024.3682094000396
RMP_OPTIMAL 203 0.5989172158735561 812 2033.984274400049
PRICING_DONE 809 MESS01 NEGATIVE_COLUMN_FOUND -0.0013315561459669623 None 0.10586930002318695 2034.4271362000145
PRICING_DONE 810 MESS02 NEGATIVE_COLUMN_FOUND -4.473668283077808e-06 None 0.08253070001956075 2034.815860600036
PRICING_DONE 811 MESS03 NEGATIVE_COLUMN_FOUND -4.6907043301854546e-06 None 0.1031022000242956 2037.8293827000307
PRICING_DONE 812 MESS04 NEGATIVE_COLUMN_FOUND -1.877362293593193e-05 None 0.12124900001799688 2038.2704637999996
RMP_OPTIMAL 204 0.5989157209481494 816 2048.101711800031
PRICING_DONE 813 MESS01 NEGATIVE_COLUMN_FOUND -0.0019161346422573208 None 0.1190299000008963 2048.571675400017
PRICING_DONE 814 MESS02 NEGATIVE_COLUMN_FOUND -1.1352241879004816e-05 None 0.10173980001127347 2048.987125200045
PRICING_DONE 815 MESS03 NEGATIVE_COLUMN_FOUND -4.8482573170833876e-05 None 0.10206549998838454 2049.604092900001
PRICING_DONE 816 MESS04 NEGATIVE_COLUMN_FOUND -0.00011490467803472503 None 0.10354659997392446 2050.0194131000317
RMP_OPTIMAL 205 0.5989123756025023 820 2062.319084100018
PRICING_DONE 817 MESS01 NEGATIVE_COLUMN_FOUND -0.0014515841114071243 None 0.09945899999001995 2062.7396407000488
PRICING_DONE 818 MESS02 NEGATIVE_COLUMN_FOUND -2.6674177536229725e-05 None 0.12001889996463433 2063.1738760000444
PRICING_DONE 819 MESS03 NEGATIVE_COLUMN_FOUND -8.759595234318263e-06 None 0.10155640001175925 2063.5829790999996
PRICING_DONE 820 MESS04 NEGATIVE_COLUMN_FOUND -0.00010096126505151014 None 0.12033150001661852 2064.2115822000196
RMP_OPTIMAL 206 0.5989093882916382 824 2077.6529531000415
PRICING_DONE 821 MESS01 NEGATIVE_COLUMN_FOUND -0.000896486540984709 None 0.12301159999333322 2078.1133791000466
PRICING_DONE 822 MESS02 NEGATIVE_COLUMN_FOUND -1.1911889805530595e-05 None 0.10245400003623217 2078.522635000001
PRICING_DONE 823 MESS03 NEGATIVE_COLUMN_FOUND -9.801414757432348e-06 None 0.102331799978856 2078.932821800001
PRICING_DONE 824 MESS04 NEGATIVE_COLUMN_FOUND -0.00013368168886443855 None 0.12088789994595572 2079.373836999992
RMP_OPTIMAL 207 0.5989090170236652 828 2091.0332836000016
PRICING_DONE 825 MESS01 NEGATIVE_COLUMN_FOUND -0.0007172532453347301 None 0.35856949997833 2092.0480824999977
PRICING_DONE 826 MESS02 NEGATIVE_COLUMN_FOUND -2.771379495133035e-05 None 0.10337219998473302 2092.4703314999933
PRICING_DONE 827 MESS03 NEGATIVE_COLUMN_FOUND -1.0266839989021683e-05 None 0.10272870003245771 2092.8819908000296
PRICING_DONE 828 MESS04 NEGATIVE_COLUMN_FOUND -2.5797531555585173e-05 None 0.12361089995829388 2093.3187431000406
RMP_OPTIMAL 208 0.5989027735194118 832 2103.904256300011
PRICING_DONE 829 MESS01 NEGATIVE_COLUMN_FOUND -0.0016298766013518886 None 0.12324280000757426 2107.1584296000074
PRICING_DONE 830 MESS02 NEGATIVE_COLUMN_FOUND -1.5258254005824136e-05 None 0.10904779995325953 2107.6015175000066
PRICING_DONE 831 MESS03 NEGATIVE_COLUMN_FOUND -2.973295626763255e-05 None 0.10825190000468865 2108.066365000035
PRICING_DONE 832 MESS04 NEGATIVE_COLUMN_FOUND -0.00016596109091306734 None 0.1102052999776788 2108.518012800021
RMP_OPTIMAL 209 0.5988961757305168 836 2118.4546663000365
PRICING_DONE 833 MESS01 NEGATIVE_COLUMN_FOUND -0.0005943463966519233 None 0.11009740002918988 2118.9134123999975
PRICING_DONE 834 MESS02 NEGATIVE_COLUMN_FOUND -0.010446945010470748 -0.027350787959461356 5.143465399974957 2124.58169120003
PRICING_DONE 835 MESS03 NEGATIVE_COLUMN_FOUND -2.385602575764304e-05 None 0.10263619996840134 2124.991042800015
PRICING_DONE 836 MESS04 NEGATIVE_COLUMN_FOUND -8.283213457800528e-05 None 0.1254518000059761 2125.440375300008
DW_ROOT_DONE {'status': 'INCONCLUSIVE', 'DW_ROOT_OPTIMAL_CERTIFIED': False, 'stop_reason': 'RMP_NUMERICAL_AUDIT_FAIL', 'CG_iterations': 210, 'pricing_calls': 836, 'pricing_OPTIMAL': 5, 'negative_column_calls': 836, 'certified_no_column_calls': 0, 'inconclusive_calls': 0, 'initial_columns': 4, 'added_columns': 836, 'final_trajectory_columns': 840, 'final_master_columns': 82057, 'final_pricing_certificates': {'MESS01': False, 'MESS02': False, 'MESS03': False, 'MESS04': False}, 'final_pricing_bounds': {'MESS01': None, 'MESS02': None, 'MESS03': None, 'MESS04': None}, 'initial_RMP_objective': 0.6694159238756876, 'final_RMP_objective': 0.5984747449853429, 'RMP_objectives_are_not_global_LBs': True, 'arc_root_LB': 0.5687116103498322, 'DW_root_LB': None, 'material_gate': {'status': 'INCONCLUSIVE', 'delta_LB': None, 'relative_gap_closure': None, 'baseline_gap': 0.150436089035367, 'new_gap': None, 'U_ref': 0.6694159238756876, 'diagnostic_only': True}, 'total_pilot_wall_seconds': 2141.402752700029, 'total_solver_optimize_wall_seconds': 1440.012631699792, 'overall_wall_budget_seconds': 3600, 'wall_budget_PASS': True, 'per_call_maximum_TimeLimit': 600, 'sequential_heavy_workers': 1, 'Gurobi_Threads': 1, 'branch_and_price_run': False, 'production_integer_DW_run': False, 'P2_RUN': False, 'A2': 'NOT_RUN', 'M2': 'NOT_RUN', 'Actual': 'NOT_RUN', 'Fresh_AC': 'NOT_RUN', 'campaign_optimizer_calls': 0, 'campaign_Actual_calls': 0, 'campaign_Fresh_AC_calls': 0}
